# generated rotor-link-local propeller visual mesh
mtllib sunray150_dae_mid360_realistic_material_audit_gazebo_visual.mtl
v -0.002332000 -0.004984000 -0.004223000
v -0.002499000 -0.005472000 -0.004438000
v -0.004896000 -0.002512000 -0.002089000
v -0.002867000 -0.006023000 -0.004659000
v -0.003770000 -0.004485000 -0.003371000
v -0.004720000 -0.002859000 -0.002281000
v -0.002499000 -0.005472000 -0.004438000
v -0.002867000 -0.006023000 -0.004659000
v -0.004896000 -0.002512000 -0.002089000
v -0.004896000 -0.002512000 -0.002089000
v -0.002867000 -0.006023000 -0.004659000
v -0.004720000 -0.002859000 -0.002281000
v -0.004896000 -0.002512000 -0.002089000
v -0.004720000 -0.002859000 -0.002281000
v -0.005718000 -0.001146000 -0.001387000
v -0.005494000 0.000309000 -0.001124000
v -0.004896000 -0.002512000 -0.002089000
v -0.006764000 0.000656000 -0.000692000
v -0.006764000 0.000656000 -0.000692000
v -0.004896000 -0.002512000 -0.002089000
v -0.005718000 -0.001146000 -0.001387000
v -0.005494000 0.000309000 -0.001124000
v -0.006764000 0.000656000 -0.000692000
v -0.005495000 0.000299000 -0.000697000
v -0.005495000 0.000299000 -0.000697000
v -0.006764000 0.000656000 -0.000692000
v -0.006671000 0.000586000 -0.000309000
v -0.002867000 -0.006023000 -0.004659000
v -0.002499000 -0.005472000 -0.004438000
v -0.002749000 -0.006244000 -0.004346000
v -0.002749000 -0.006244000 -0.004346000
v -0.002499000 -0.005472000 -0.004438000
v -0.002332000 -0.004984000 -0.004223000
v -0.002749000 -0.006244000 -0.004346000
v -0.002332000 -0.004984000 -0.004223000
v -0.002169000 -0.005057000 -0.003846000
v -0.028863000 -0.023136000 -0.003626000
v -0.026390000 -0.018780000 -0.002931000
v -0.035572000 -0.026413000 -0.003106000
v -0.006510000 -0.010053000 -0.005493000
v -0.003624000 -0.004710000 -0.003068000
v -0.011457000 -0.010389000 -0.002992000
v -0.022157000 -0.019900000 -0.004579000
v -0.026390000 -0.018780000 -0.002931000
v -0.028863000 -0.023136000 -0.003626000
v -0.003624000 -0.004710000 -0.003068000
v -0.006510000 -0.010053000 -0.005493000
v -0.002749000 -0.006244000 -0.004346000
v -0.019315000 -0.014929000 -0.003008000
v -0.021026000 -0.012002000 -0.001261000
v -0.026390000 -0.018780000 -0.002931000
v -0.004550000 -0.003094000 -0.001980000
v -0.004965000 -0.002372000 -0.001570000
v -0.010311000 -0.002463000 -0.000011000
v -0.004550000 -0.003094000 -0.001980000
v -0.010311000 -0.002463000 -0.000011000
v -0.013104000 -0.007548000 -0.000848000
v -0.004550000 -0.003094000 -0.001980000
v -0.013104000 -0.007548000 -0.000848000
v -0.011457000 -0.010389000 -0.002992000
v -0.004550000 -0.003094000 -0.001980000
v -0.011457000 -0.010389000 -0.002992000
v -0.003624000 -0.004710000 -0.003068000
v -0.015729000 -0.000440000 0.001159000
v -0.010311000 -0.002463000 -0.000011000
v -0.012475000 0.000340000 0.000842000
v -0.012475000 0.000340000 0.000842000
v -0.010311000 -0.002463000 -0.000011000
v -0.004965000 -0.002372000 -0.001570000
v -0.012475000 0.000340000 0.000842000
v -0.004965000 -0.002372000 -0.001570000
v -0.006671000 0.000586000 -0.000309000
v -0.021026000 -0.012002000 -0.001261000
v -0.032737000 -0.019564000 -0.002156000
v -0.026390000 -0.018780000 -0.002931000
v -0.026390000 -0.018780000 -0.002931000
v -0.032737000 -0.019564000 -0.002156000
v -0.037580000 -0.022952000 -0.002305000
v -0.026390000 -0.018780000 -0.002931000
v -0.037580000 -0.022952000 -0.002305000
v -0.035572000 -0.026413000 -0.003106000
v -0.019768000 -0.002169000 0.001175000
v -0.022440000 -0.003810000 0.000952000
v -0.017571000 -0.005736000 0.000607000
v -0.017571000 -0.005736000 0.000607000
v -0.022440000 -0.003810000 0.000952000
v -0.026240000 -0.006770000 0.000379000
v -0.017571000 -0.005736000 0.000607000
v -0.026240000 -0.006770000 0.000379000
v -0.025440000 -0.010661000 -0.000529000
v -0.025440000 -0.010661000 -0.000529000
v -0.026240000 -0.006770000 0.000379000
v -0.032138000 -0.012228000 -0.000690000
v -0.025440000 -0.010661000 -0.000529000
v -0.032138000 -0.012228000 -0.000690000
v -0.033986000 -0.017415000 -0.001609000
v -0.033986000 -0.017415000 -0.001609000
v -0.032138000 -0.012228000 -0.000690000
v -0.039582000 -0.019487000 -0.001505000
v -0.033986000 -0.017415000 -0.001609000
v -0.039582000 -0.019487000 -0.001505000
v -0.037580000 -0.022952000 -0.002305000
v -0.013104000 -0.007548000 -0.000848000
v -0.010311000 -0.002463000 -0.000011000
v -0.017571000 -0.005736000 0.000607000
v -0.017571000 -0.005736000 0.000607000
v -0.010311000 -0.002463000 -0.000011000
v -0.015729000 -0.000440000 0.001159000
v -0.017571000 -0.005736000 0.000607000
v -0.015729000 -0.000440000 0.001159000
v -0.019768000 -0.002169000 0.001175000
v -0.006510000 -0.010053000 -0.005493000
v -0.011457000 -0.010389000 -0.002992000
v -0.010732000 -0.013422000 -0.005891000
v -0.010732000 -0.013422000 -0.005891000
v -0.011457000 -0.010389000 -0.002992000
v -0.019315000 -0.014929000 -0.003008000
v -0.010732000 -0.013422000 -0.005891000
v -0.019315000 -0.014929000 -0.003008000
v -0.017140000 -0.017348000 -0.005372000
v -0.017140000 -0.017348000 -0.005372000
v -0.019315000 -0.014929000 -0.003008000
v -0.026390000 -0.018780000 -0.002931000
v -0.017140000 -0.017348000 -0.005372000
v -0.026390000 -0.018780000 -0.002931000
v -0.022157000 -0.019900000 -0.004579000
v -0.025440000 -0.010661000 -0.000529000
v -0.021026000 -0.012002000 -0.001261000
v -0.017571000 -0.005736000 0.000607000
v -0.017571000 -0.005736000 0.000607000
v -0.021026000 -0.012002000 -0.001261000
v -0.013104000 -0.007548000 -0.000848000
v -0.021026000 -0.012002000 -0.001261000
v -0.019315000 -0.014929000 -0.003008000
v -0.013104000 -0.007548000 -0.000848000
v -0.013104000 -0.007548000 -0.000848000
v -0.019315000 -0.014929000 -0.003008000
v -0.011457000 -0.010389000 -0.002992000
v -0.037580000 -0.022952000 -0.002305000
v -0.032737000 -0.019564000 -0.002156000
v -0.033986000 -0.017415000 -0.001609000
v -0.033986000 -0.017415000 -0.001609000
v -0.032737000 -0.019564000 -0.002156000
v -0.021026000 -0.012002000 -0.001261000
v -0.033986000 -0.017415000 -0.001609000
v -0.021026000 -0.012002000 -0.001261000
v -0.025440000 -0.010661000 -0.000529000
v -0.002749000 -0.006244000 -0.004346000
v -0.002169000 -0.005057000 -0.003846000
v -0.003624000 -0.004710000 -0.003068000
v -0.003624000 -0.004710000 -0.003068000
v -0.002169000 -0.005057000 -0.003846000
v -0.004550000 -0.003094000 -0.001980000
v -0.005495000 0.000299000 -0.000697000
v -0.006671000 0.000586000 -0.000309000
v -0.004965000 -0.002372000 -0.001570000
v 0.005483000 0.000472000 -0.004223000
v 0.005989000 0.000572000 -0.004438000
v 0.004624000 -0.002983000 -0.002089000
v 0.006650000 0.000529000 -0.004659000
v 0.005769000 -0.001022000 -0.003371000
v 0.004836000 -0.002658000 -0.002281000
v 0.005989000 0.000572000 -0.004438000
v 0.006650000 0.000529000 -0.004659000
v 0.004624000 -0.002983000 -0.002089000
v 0.004624000 -0.002983000 -0.002089000
v 0.006650000 0.000529000 -0.004659000
v 0.004836000 -0.002658000 -0.002281000
v 0.004624000 -0.002983000 -0.002089000
v 0.004836000 -0.002658000 -0.002281000
v 0.003851000 -0.004379000 -0.001387000
v 0.002480000 -0.004912000 -0.001124000
v 0.004624000 -0.002983000 -0.002089000
v 0.002814000 -0.006185000 -0.000692000
v 0.002814000 -0.006185000 -0.000692000
v 0.004624000 -0.002983000 -0.002089000
v 0.003851000 -0.004379000 -0.001387000
v 0.002480000 -0.004912000 -0.001124000
v 0.002814000 -0.006185000 -0.000692000
v 0.002489000 -0.004907000 -0.000697000
v 0.002489000 -0.004907000 -0.000697000
v 0.002814000 -0.006185000 -0.000692000
v 0.002828000 -0.006070000 -0.000309000
v 0.006650000 0.000529000 -0.004659000
v 0.005989000 0.000572000 -0.004438000
v 0.006782000 0.000741000 -0.004346000
v 0.006782000 0.000741000 -0.004346000
v 0.005989000 0.000572000 -0.004438000
v 0.005483000 0.000472000 -0.004223000
v 0.006782000 0.000741000 -0.004346000
v 0.005483000 0.000472000 -0.004223000
v 0.005464000 0.000651000 -0.003846000
v 0.034468000 -0.013427000 -0.003626000
v 0.029459000 -0.013464000 -0.002931000
v 0.040661000 -0.017599000 -0.003106000
v 0.011962000 -0.000611000 -0.005493000
v 0.005892000 -0.000783000 -0.003068000
v 0.014726000 -0.004728000 -0.002992000
v 0.028312000 -0.009238000 -0.004579000
v 0.029459000 -0.013464000 -0.002931000
v 0.034468000 -0.013427000 -0.003626000
v 0.005892000 -0.000783000 -0.003068000
v 0.011962000 -0.000611000 -0.005493000
v 0.006782000 0.000741000 -0.004346000
v 0.022586000 -0.009262000 -0.003008000
v 0.020907000 -0.012208000 -0.001261000
v 0.029459000 -0.013464000 -0.002931000
v 0.004955000 -0.002393000 -0.001980000
v 0.004537000 -0.003113000 -0.001570000
v 0.007289000 -0.007698000 -0.000011000
v 0.004955000 -0.002393000 -0.001980000
v 0.007289000 -0.007698000 -0.000011000
v 0.013089000 -0.007574000 -0.000848000
v 0.004955000 -0.002393000 -0.001980000
v 0.013089000 -0.007574000 -0.000848000
v 0.014726000 -0.004728000 -0.002992000
v 0.004955000 -0.002393000 -0.001980000
v 0.014726000 -0.004728000 -0.002992000
v 0.005892000 -0.000783000 -0.003068000
v 0.008246000 -0.013401000 0.001159000
v 0.007289000 -0.007698000 -0.000011000
v 0.005943000 -0.010974000 0.000842000
v 0.005943000 -0.010974000 0.000842000
v 0.007289000 -0.007698000 -0.000011000
v 0.004537000 -0.003113000 -0.001570000
v 0.005943000 -0.010974000 0.000842000
v 0.004537000 -0.003113000 -0.001570000
v 0.002828000 -0.006070000 -0.000309000
v 0.020907000 -0.012208000 -0.001261000
v 0.033312000 -0.018569000 -0.002156000
v 0.029459000 -0.013464000 -0.002931000
v 0.029459000 -0.013464000 -0.002931000
v 0.033312000 -0.018569000 -0.002156000
v 0.038667000 -0.021069000 -0.002305000
v 0.029459000 -0.013464000 -0.002931000
v 0.038667000 -0.021069000 -0.002305000
v 0.040661000 -0.017599000 -0.003106000
v 0.011762000 -0.016034000 0.001175000
v 0.014520000 -0.017528000 0.000952000
v 0.013753000 -0.012349000 0.000607000
v 0.013753000 -0.012349000 0.000607000
v 0.014520000 -0.017528000 0.000952000
v 0.018983000 -0.019340000 0.000379000
v 0.013753000 -0.012349000 0.000607000
v 0.018983000 -0.019340000 0.000379000
v 0.021953000 -0.016701000 -0.000529000
v 0.021953000 -0.016701000 -0.000529000
v 0.018983000 -0.019340000 0.000379000
v 0.026659000 -0.021718000 -0.000690000
v 0.021953000 -0.016701000 -0.000529000
v 0.026659000 -0.021718000 -0.000690000
v 0.032075000 -0.020724000 -0.001609000
v 0.032075000 -0.020724000 -0.001609000
v 0.026659000 -0.021718000 -0.000690000
v 0.036667000 -0.024535000 -0.001505000
v 0.032075000 -0.020724000 -0.001609000
v 0.036667000 -0.024535000 -0.001505000
v 0.038667000 -0.021069000 -0.002305000
v 0.013089000 -0.007574000 -0.000848000
v 0.007289000 -0.007698000 -0.000011000
v 0.013753000 -0.012349000 0.000607000
v 0.013753000 -0.012349000 0.000607000
v 0.007289000 -0.007698000 -0.000011000
v 0.008246000 -0.013401000 0.001159000
v 0.013753000 -0.012349000 0.000607000
v 0.008246000 -0.013401000 0.001159000
v 0.011762000 -0.016034000 0.001175000
v 0.011962000 -0.000611000 -0.005493000
v 0.014726000 -0.004728000 -0.002992000
v 0.016990000 -0.002583000 -0.005891000
v 0.016990000 -0.002583000 -0.005891000
v 0.014726000 -0.004728000 -0.002992000
v 0.022586000 -0.009262000 -0.003008000
v 0.016990000 -0.002583000 -0.005891000
v 0.022586000 -0.009262000 -0.003008000
v 0.023594000 -0.006170000 -0.005372000
v 0.023594000 -0.006170000 -0.005372000
v 0.022586000 -0.009262000 -0.003008000
v 0.029459000 -0.013464000 -0.002931000
v 0.023594000 -0.006170000 -0.005372000
v 0.029459000 -0.013464000 -0.002931000
v 0.028312000 -0.009238000 -0.004579000
v 0.021953000 -0.016701000 -0.000529000
v 0.020907000 -0.012208000 -0.001261000
v 0.013753000 -0.012349000 0.000607000
v 0.013753000 -0.012349000 0.000607000
v 0.020907000 -0.012208000 -0.001261000
v 0.013089000 -0.007574000 -0.000848000
v 0.020907000 -0.012208000 -0.001261000
v 0.022586000 -0.009262000 -0.003008000
v 0.013089000 -0.007574000 -0.000848000
v 0.013089000 -0.007574000 -0.000848000
v 0.022586000 -0.009262000 -0.003008000
v 0.014726000 -0.004728000 -0.002992000
v 0.038667000 -0.021069000 -0.002305000
v 0.033312000 -0.018569000 -0.002156000
v 0.032075000 -0.020724000 -0.001609000
v 0.032075000 -0.020724000 -0.001609000
v 0.033312000 -0.018569000 -0.002156000
v 0.020907000 -0.012208000 -0.001261000
v 0.032075000 -0.020724000 -0.001609000
v 0.020907000 -0.012208000 -0.001261000
v 0.021953000 -0.016701000 -0.000529000
v 0.006782000 0.000741000 -0.004346000
v 0.005464000 0.000651000 -0.003846000
v 0.005892000 -0.000783000 -0.003068000
v 0.005892000 -0.000783000 -0.003068000
v 0.005464000 0.000651000 -0.003846000
v 0.004955000 -0.002393000 -0.001980000
v 0.002489000 -0.004907000 -0.000697000
v 0.002828000 -0.006070000 -0.000309000
v 0.004537000 -0.003113000 -0.001570000
v 0.000428000 0.005486000 -0.001570000
v -0.000006000 0.005503000 0.000000000
v 0.002958000 0.004641000 -0.000707000
v 0.000428000 0.005486000 -0.001570000
v -0.000006000 0.005503000 -0.001777000
v -0.000006000 0.005503000 0.000000000
v 0.002480000 -0.004912000 -0.001124000
v 0.003895000 -0.003887000 -0.002460000
v 0.004624000 -0.002983000 -0.002089000
v 0.004537000 -0.003113000 -0.001570000
v 0.003895000 -0.003887000 0.000000000
v 0.002489000 -0.004907000 -0.000697000
v -0.000006000 0.005503000 -0.005003000
v 0.003887000 0.003896000 -0.002460000
v 0.003887000 0.003896000 -0.005003000
v 0.005503000 0.000006000 -0.005003000
v 0.003895000 -0.003887000 -0.002460000
v 0.003895000 -0.003887000 -0.005003000
v 0.004955000 -0.002393000 -0.001980000
v 0.005464000 0.000651000 -0.003846000
v 0.005503000 0.000006000 -0.002460000
v 0.004955000 -0.002393000 -0.001980000
v 0.005503000 0.000006000 -0.002460000
v 0.005503000 0.000006000 0.000000000
v 0.004955000 -0.002393000 -0.001980000
v 0.005503000 0.000006000 0.000000000
v 0.003895000 -0.003887000 0.000000000
v 0.004955000 -0.002393000 -0.001980000
v 0.003895000 -0.003887000 0.000000000
v 0.004537000 -0.003113000 -0.001570000
v 0.005483000 0.000472000 -0.004223000
v 0.004624000 -0.002983000 -0.002089000
v 0.003895000 -0.003887000 -0.002460000
v 0.005483000 0.000472000 -0.004223000
v 0.003895000 -0.003887000 -0.002460000
v 0.005503000 0.000006000 -0.005003000
v 0.005483000 0.000472000 -0.004223000
v 0.005503000 0.000006000 -0.005003000
v 0.003887000 0.003896000 -0.005003000
v 0.005483000 0.000472000 -0.004223000
v 0.003887000 0.003896000 -0.005003000
v 0.005464000 0.000651000 -0.003846000
v 0.003132000 0.004525000 -0.001030000
v 0.003126000 0.004529000 -0.000817000
v 0.003887000 0.003896000 0.000000000
v 0.003132000 0.004525000 -0.001030000
v 0.003887000 0.003896000 0.000000000
v 0.003887000 0.003896000 -0.002460000
v 0.003132000 0.004525000 -0.001030000
v 0.003887000 0.003896000 -0.002460000
v 0.003070000 0.004567000 -0.001101000
v 0.000006000 -0.005503000 0.000000000
v 0.000006000 -0.005503000 -0.005003000
v 0.003895000 -0.003887000 -0.005003000
v 0.000006000 -0.005503000 0.000000000
v 0.003895000 -0.003887000 -0.005003000
v 0.003895000 -0.003887000 -0.002460000
v 0.000006000 -0.005503000 0.000000000
v 0.003895000 -0.003887000 -0.002460000
v 0.002480000 -0.004912000 -0.001124000
v 0.000006000 -0.005503000 0.000000000
v 0.002480000 -0.004912000 -0.001124000
v 0.002489000 -0.004907000 -0.000697000
v 0.000006000 -0.005503000 0.000000000
v 0.002489000 -0.004907000 -0.000697000
v 0.003895000 -0.003887000 0.000000000
v 0.003887000 0.003896000 0.000000000
v 0.003126000 0.004529000 -0.000817000
v 0.003104000 0.004544000 -0.000795000
v 0.003887000 0.003896000 0.000000000
v 0.003104000 0.004544000 -0.000795000
v 0.003038000 0.004588000 -0.000731000
v 0.003887000 0.003896000 0.000000000
v 0.003038000 0.004588000 -0.000731000
v 0.002958000 0.004641000 -0.000707000
v 0.003887000 0.003896000 0.000000000
v 0.002958000 0.004641000 -0.000707000
v -0.000006000 0.005503000 0.000000000
v -0.000006000 0.005503000 -0.005003000
v -0.000006000 0.005503000 -0.002226000
v 0.003887000 0.003896000 -0.002460000
v 0.003887000 0.003896000 -0.002460000
v -0.000006000 0.005503000 -0.002226000
v 0.003021000 0.004600000 -0.001123000
v 0.003887000 0.003896000 -0.002460000
v 0.003021000 0.004600000 -0.001123000
v 0.003070000 0.004567000 -0.001101000
v 0.005464000 0.000651000 -0.003846000
v 0.003887000 0.003896000 -0.005003000
v 0.005503000 0.000006000 -0.002460000
v 0.005503000 0.000006000 -0.002460000
v 0.003887000 0.003896000 -0.005003000
v 0.003887000 0.003896000 -0.002460000
v 0.005503000 0.000006000 -0.002460000
v 0.003887000 0.003896000 -0.002460000
v 0.005503000 0.000006000 0.000000000
v 0.005503000 0.000006000 0.000000000
v 0.003887000 0.003896000 -0.002460000
v 0.003887000 0.003896000 0.000000000
v 0.000006000 -0.005503000 0.000000000
v -0.003887000 -0.003895000 0.000000000
v -0.003887000 -0.003895000 -0.002460000
v -0.005494000 0.000309000 -0.001124000
v -0.005503000 -0.000006000 -0.002460000
v -0.004896000 -0.002512000 -0.002089000
v -0.004550000 -0.003094000 -0.001980000
v -0.002169000 -0.005057000 -0.003846000
v -0.003887000 -0.003895000 -0.002460000
v -0.004550000 -0.003094000 -0.001980000
v -0.003887000 -0.003895000 -0.002460000
v -0.003887000 -0.003895000 0.000000000
v -0.004550000 -0.003094000 -0.001980000
v -0.003887000 -0.003895000 0.000000000
v -0.005503000 -0.000006000 0.000000000
v -0.004550000 -0.003094000 -0.001980000
v -0.005503000 -0.000006000 0.000000000
v -0.004965000 -0.002372000 -0.001570000
v -0.005495000 0.000299000 -0.000697000
v -0.004965000 -0.002372000 -0.001570000
v -0.005503000 -0.000006000 0.000000000
v -0.005495000 0.000299000 -0.000697000
v -0.005503000 -0.000006000 0.000000000
v -0.003895000 0.003887000 0.000000000
v -0.005495000 0.000299000 -0.000697000
v -0.003895000 0.003887000 0.000000000
v -0.005494000 0.000309000 -0.001124000
v 0.000006000 -0.005503000 -0.005003000
v 0.000006000 -0.005503000 0.000000000
v -0.003887000 -0.003895000 -0.002460000
v 0.000006000 -0.005503000 -0.005003000
v -0.003887000 -0.003895000 -0.002460000
v -0.002169000 -0.005057000 -0.003846000
v 0.000006000 -0.005503000 -0.005003000
v -0.002169000 -0.005057000 -0.003846000
v -0.002332000 -0.004984000 -0.004223000
v 0.000006000 -0.005503000 -0.005003000
v -0.002332000 -0.004984000 -0.004223000
v -0.003887000 -0.003895000 -0.005003000
v -0.003895000 0.003887000 -0.002460000
v -0.003295000 0.004408000 -0.003846000
v -0.003341000 0.004373000 -0.003906000
v -0.003895000 0.003887000 -0.002460000
v -0.003341000 0.004373000 -0.003906000
v -0.003367000 0.004353000 -0.003990000
v -0.003895000 0.003887000 -0.002460000
v -0.003367000 0.004353000 -0.003990000
v -0.003895000 0.003887000 -0.005003000
v -0.003895000 0.003887000 -0.002460000
v -0.003895000 0.003887000 -0.005003000
v -0.005503000 -0.000006000 -0.005003000
v -0.003895000 0.003887000 -0.002460000
v -0.005503000 -0.000006000 -0.005003000
v -0.005503000 -0.000006000 -0.002460000
v -0.003895000 0.003887000 -0.002460000
v -0.005503000 -0.000006000 -0.002460000
v -0.005494000 0.000309000 -0.001124000
v -0.003895000 0.003887000 -0.002460000
v -0.005494000 0.000309000 -0.001124000
v -0.003895000 0.003887000 0.000000000
v -0.003895000 0.003887000 -0.002460000
v -0.003895000 0.003887000 0.000000000
v -0.000405000 0.005488000 -0.001980000
v -0.003895000 0.003887000 -0.002460000
v -0.000405000 0.005488000 -0.001980000
v -0.003295000 0.004408000 -0.003846000
v -0.003895000 0.003887000 -0.005003000
v -0.003367000 0.004353000 -0.003990000
v -0.003295000 0.004407000 -0.004179000
v -0.003895000 0.003887000 -0.005003000
v -0.003295000 0.004407000 -0.004179000
v -0.003193000 0.004482000 -0.004212000
v -0.003895000 0.003887000 -0.005003000
v -0.003193000 0.004482000 -0.004212000
v -0.003113000 0.004538000 -0.004195000
v -0.003895000 0.003887000 -0.005003000
v -0.003113000 0.004538000 -0.004195000
v -0.000006000 0.005503000 -0.002226000
v -0.003895000 0.003887000 -0.005003000
v -0.000006000 0.005503000 -0.002226000
v -0.000006000 0.005503000 -0.005003000
v -0.005503000 -0.000006000 -0.005003000
v -0.003887000 -0.003895000 -0.005003000
v -0.005503000 -0.000006000 -0.002460000
v -0.005503000 -0.000006000 -0.002460000
v -0.003887000 -0.003895000 -0.005003000
v -0.002332000 -0.004984000 -0.004223000
v -0.005503000 -0.000006000 -0.002460000
v -0.002332000 -0.004984000 -0.004223000
v -0.004896000 -0.002512000 -0.002089000
v -0.000405000 0.005488000 -0.001980000
v -0.003895000 0.003887000 0.000000000
v -0.000006000 0.005503000 -0.001777000
v -0.000006000 0.005503000 -0.001777000
v -0.003895000 0.003887000 0.000000000
v -0.000006000 0.005503000 0.000000000
v -0.035572000 -0.026413000 -0.003106000
v -0.035619000 -0.026350000 -0.003498000
v -0.028863000 -0.023136000 -0.003626000
v -0.028863000 -0.023136000 -0.003626000
v -0.035619000 -0.026350000 -0.003498000
v -0.023149000 -0.020179000 -0.004792000
v -0.028863000 -0.023136000 -0.003626000
v -0.023149000 -0.020179000 -0.004792000
v -0.022157000 -0.019900000 -0.004579000
v -0.022157000 -0.019900000 -0.004579000
v -0.023149000 -0.020179000 -0.004792000
v -0.017140000 -0.017348000 -0.005372000
v -0.017140000 -0.017348000 -0.005372000
v -0.023149000 -0.020179000 -0.004792000
v -0.016314000 -0.016582000 -0.005796000
v -0.017140000 -0.017348000 -0.005372000
v -0.016314000 -0.016582000 -0.005796000
v -0.010732000 -0.013422000 -0.005891000
v -0.010732000 -0.013422000 -0.005891000
v -0.016314000 -0.016582000 -0.005796000
v -0.011220000 -0.013389000 -0.006147000
v -0.010732000 -0.013422000 -0.005891000
v -0.011220000 -0.013389000 -0.006147000
v -0.006510000 -0.010053000 -0.005493000
v -0.006510000 -0.010053000 -0.005493000
v -0.011220000 -0.013389000 -0.006147000
v -0.006811000 -0.009927000 -0.005786000
v -0.006510000 -0.010053000 -0.005493000
v -0.006811000 -0.009927000 -0.005786000
v -0.002749000 -0.006244000 -0.004346000
v -0.002749000 -0.006244000 -0.004346000
v -0.006811000 -0.009927000 -0.005786000
v -0.002867000 -0.006023000 -0.004659000
v -0.039582000 -0.019487000 -0.001505000
v -0.039627000 -0.019422000 -0.001897000
v -0.039643000 -0.019570000 -0.001511000
v -0.039643000 -0.019570000 -0.001511000
v -0.039627000 -0.019422000 -0.001897000
v -0.039688000 -0.019506000 -0.001903000
v -0.039643000 -0.019570000 -0.001511000
v -0.039688000 -0.019506000 -0.001903000
v -0.039694000 -0.019773000 -0.001539000
v -0.039694000 -0.019773000 -0.001539000
v -0.039688000 -0.019506000 -0.001903000
v -0.039740000 -0.019708000 -0.001931000
v -0.039694000 -0.019773000 -0.001539000
v -0.039740000 -0.019708000 -0.001931000
v -0.039686000 -0.020026000 -0.001581000
v -0.039686000 -0.020026000 -0.001581000
v -0.039740000 -0.019708000 -0.001931000
v -0.039733000 -0.019961000 -0.001974000
v -0.039686000 -0.020026000 -0.001581000
v -0.039733000 -0.019961000 -0.001974000
v -0.039538000 -0.020650000 -0.001701000
v -0.039538000 -0.020650000 -0.001701000
v -0.039733000 -0.019961000 -0.001974000
v -0.039503000 -0.020831000 -0.002143000
v -0.039538000 -0.020650000 -0.001701000
v -0.039503000 -0.020831000 -0.002143000
v -0.038053000 -0.023718000 -0.002375000
v -0.038053000 -0.023718000 -0.002375000
v -0.039503000 -0.020831000 -0.002143000
v -0.039125000 -0.021741000 -0.002336000
v -0.038053000 -0.023718000 -0.002375000
v -0.039125000 -0.021741000 -0.002336000
v -0.037124000 -0.025146000 -0.003125000
v -0.035619000 -0.026350000 -0.003498000
v -0.035572000 -0.026413000 -0.003106000
v -0.035748000 -0.026379000 -0.003487000
v -0.035748000 -0.026379000 -0.003487000
v -0.035572000 -0.026413000 -0.003106000
v -0.035702000 -0.026443000 -0.003094000
v -0.035748000 -0.026379000 -0.003487000
v -0.035702000 -0.026443000 -0.003094000
v -0.035895000 -0.026351000 -0.003465000
v -0.035895000 -0.026351000 -0.003465000
v -0.035702000 -0.026443000 -0.003094000
v -0.035849000 -0.026414000 -0.003072000
v -0.035895000 -0.026351000 -0.003465000
v -0.035849000 -0.026414000 -0.003072000
v -0.036214000 -0.026159000 -0.003396000
v -0.036214000 -0.026159000 -0.003396000
v -0.035849000 -0.026414000 -0.003072000
v -0.036167000 -0.026222000 -0.003004000
v -0.036214000 -0.026159000 -0.003396000
v -0.036167000 -0.026222000 -0.003004000
v -0.037124000 -0.025146000 -0.003125000
v -0.037124000 -0.025146000 -0.003125000
v -0.036167000 -0.026222000 -0.003004000
v -0.036489000 -0.025918000 -0.002917000
v -0.037124000 -0.025146000 -0.003125000
v -0.036489000 -0.025918000 -0.002917000
v -0.038053000 -0.023718000 -0.002375000
v -0.035702000 -0.026443000 -0.003094000
v -0.035572000 -0.026413000 -0.003106000
v -0.037580000 -0.022952000 -0.002305000
v -0.035702000 -0.026443000 -0.003094000
v -0.037580000 -0.022952000 -0.002305000
v -0.039582000 -0.019487000 -0.001505000
v -0.035702000 -0.026443000 -0.003094000
v -0.039582000 -0.019487000 -0.001505000
v -0.039643000 -0.019570000 -0.001511000
v -0.035702000 -0.026443000 -0.003094000
v -0.039643000 -0.019570000 -0.001511000
v -0.039694000 -0.019773000 -0.001539000
v -0.035702000 -0.026443000 -0.003094000
v -0.039694000 -0.019773000 -0.001539000
v -0.035849000 -0.026414000 -0.003072000
v -0.038053000 -0.023718000 -0.002375000
v -0.036489000 -0.025918000 -0.002917000
v -0.039538000 -0.020650000 -0.001701000
v -0.039538000 -0.020650000 -0.001701000
v -0.036489000 -0.025918000 -0.002917000
v -0.036167000 -0.026222000 -0.003004000
v -0.039538000 -0.020650000 -0.001701000
v -0.036167000 -0.026222000 -0.003004000
v -0.039686000 -0.020026000 -0.001581000
v -0.039686000 -0.020026000 -0.001581000
v -0.036167000 -0.026222000 -0.003004000
v -0.035849000 -0.026414000 -0.003072000
v -0.039686000 -0.020026000 -0.001581000
v -0.035849000 -0.026414000 -0.003072000
v -0.039694000 -0.019773000 -0.001539000
v -0.019768000 -0.002169000 0.001175000
v -0.020605000 -0.002623000 0.000724000
v -0.022440000 -0.003810000 0.000952000
v -0.022440000 -0.003810000 0.000952000
v -0.020605000 -0.002623000 0.000724000
v -0.025593000 -0.006169000 0.000095000
v -0.022440000 -0.003810000 0.000952000
v -0.025593000 -0.006169000 0.000095000
v -0.026240000 -0.006770000 0.000379000
v -0.026240000 -0.006770000 0.000379000
v -0.025593000 -0.006169000 0.000095000
v -0.032467000 -0.012467000 -0.001136000
v -0.026240000 -0.006770000 0.000379000
v -0.032467000 -0.012467000 -0.001136000
v -0.032138000 -0.012228000 -0.000690000
v -0.032138000 -0.012228000 -0.000690000
v -0.032467000 -0.012467000 -0.001136000
v -0.039627000 -0.019422000 -0.001897000
v -0.032138000 -0.012228000 -0.000690000
v -0.039627000 -0.019422000 -0.001897000
v -0.039582000 -0.019487000 -0.001505000
v -0.015729000 -0.000440000 0.001159000
v -0.020605000 -0.002623000 0.000724000
v -0.019768000 -0.002169000 0.001175000
v -0.020605000 -0.002623000 0.000724000
v -0.015729000 -0.000440000 0.001159000
v -0.017893000 -0.001231000 0.000822000
v -0.017893000 -0.001231000 0.000822000
v -0.015729000 -0.000440000 0.001159000
v -0.012475000 0.000340000 0.000842000
v -0.017893000 -0.001231000 0.000822000
v -0.012475000 0.000340000 0.000842000
v -0.012621000 0.000356000 0.000459000
v -0.012621000 0.000356000 0.000459000
v -0.012475000 0.000340000 0.000842000
v -0.006671000 0.000586000 -0.000309000
v -0.012621000 0.000356000 0.000459000
v -0.006671000 0.000586000 -0.000309000
v -0.006764000 0.000656000 -0.000692000
v -0.032467000 -0.012467000 -0.001136000
v -0.025593000 -0.006169000 0.000095000
v -0.025454000 -0.010552000 -0.000914000
v -0.010407000 -0.002377000 -0.000390000
v -0.017893000 -0.001231000 0.000822000
v -0.012621000 0.000356000 0.000459000
v -0.035619000 -0.026350000 -0.003498000
v -0.026471000 -0.018660000 -0.003304000
v -0.023149000 -0.020179000 -0.004792000
v -0.023149000 -0.020179000 -0.004792000
v -0.026471000 -0.018660000 -0.003304000
v -0.019403000 -0.014738000 -0.003348000
v -0.006811000 -0.009927000 -0.005786000
v -0.011220000 -0.013389000 -0.006147000
v -0.011605000 -0.010183000 -0.003302000
v -0.011605000 -0.010183000 -0.003302000
v -0.003770000 -0.004485000 -0.003371000
v -0.006811000 -0.009927000 -0.005786000
v -0.002867000 -0.006023000 -0.004659000
v -0.006811000 -0.009927000 -0.005786000
v -0.003770000 -0.004485000 -0.003371000
v -0.013213000 -0.007401000 -0.001204000
v -0.010407000 -0.002377000 -0.000390000
v -0.004720000 -0.002859000 -0.002281000
v -0.035619000 -0.026350000 -0.003498000
v -0.037620000 -0.022884000 -0.002698000
v -0.026471000 -0.018660000 -0.003304000
v -0.026471000 -0.018660000 -0.003304000
v -0.037620000 -0.022884000 -0.002698000
v -0.032778000 -0.019481000 -0.002546000
v -0.026471000 -0.018660000 -0.003304000
v -0.032778000 -0.019481000 -0.002546000
v -0.021062000 -0.011844000 -0.001627000
v -0.037620000 -0.022884000 -0.002698000
v -0.039627000 -0.019422000 -0.001897000
v -0.034013000 -0.017339000 -0.002001000
v -0.034013000 -0.017339000 -0.002001000
v -0.039627000 -0.019422000 -0.001897000
v -0.032467000 -0.012467000 -0.001136000
v -0.034013000 -0.017339000 -0.002001000
v -0.032467000 -0.012467000 -0.001136000
v -0.025454000 -0.010552000 -0.000914000
v -0.013213000 -0.007401000 -0.001204000
v -0.021062000 -0.011844000 -0.001627000
v -0.017609000 -0.005649000 0.000218000
v -0.017609000 -0.005649000 0.000218000
v -0.021062000 -0.011844000 -0.001627000
v -0.025454000 -0.010552000 -0.000914000
v -0.017609000 -0.005649000 0.000218000
v -0.025454000 -0.010552000 -0.000914000
v -0.020605000 -0.002623000 0.000724000
v -0.020605000 -0.002623000 0.000724000
v -0.025454000 -0.010552000 -0.000914000
v -0.025593000 -0.006169000 0.000095000
v -0.020605000 -0.002623000 0.000724000
v -0.017893000 -0.001231000 0.000822000
v -0.017609000 -0.005649000 0.000218000
v -0.017609000 -0.005649000 0.000218000
v -0.017893000 -0.001231000 0.000822000
v -0.010407000 -0.002377000 -0.000390000
v -0.017609000 -0.005649000 0.000218000
v -0.010407000 -0.002377000 -0.000390000
v -0.013213000 -0.007401000 -0.001204000
v -0.012621000 0.000356000 0.000459000
v -0.006764000 0.000656000 -0.000692000
v -0.010407000 -0.002377000 -0.000390000
v -0.010407000 -0.002377000 -0.000390000
v -0.006764000 0.000656000 -0.000692000
v -0.005718000 -0.001146000 -0.001387000
v -0.010407000 -0.002377000 -0.000390000
v -0.005718000 -0.001146000 -0.001387000
v -0.004720000 -0.002859000 -0.002281000
v -0.011605000 -0.010183000 -0.003302000
v -0.011220000 -0.013389000 -0.006147000
v -0.019403000 -0.014738000 -0.003348000
v -0.019403000 -0.014738000 -0.003348000
v -0.011220000 -0.013389000 -0.006147000
v -0.016314000 -0.016582000 -0.005796000
v -0.019403000 -0.014738000 -0.003348000
v -0.016314000 -0.016582000 -0.005796000
v -0.023149000 -0.020179000 -0.004792000
v -0.004720000 -0.002859000 -0.002281000
v -0.003770000 -0.004485000 -0.003371000
v -0.013213000 -0.007401000 -0.001204000
v -0.013213000 -0.007401000 -0.001204000
v -0.003770000 -0.004485000 -0.003371000
v -0.011605000 -0.010183000 -0.003302000
v -0.013213000 -0.007401000 -0.001204000
v -0.011605000 -0.010183000 -0.003302000
v -0.021062000 -0.011844000 -0.001627000
v -0.021062000 -0.011844000 -0.001627000
v -0.011605000 -0.010183000 -0.003302000
v -0.019403000 -0.014738000 -0.003348000
v -0.021062000 -0.011844000 -0.001627000
v -0.019403000 -0.014738000 -0.003348000
v -0.026471000 -0.018660000 -0.003304000
v -0.025454000 -0.010552000 -0.000914000
v -0.021062000 -0.011844000 -0.001627000
v -0.034013000 -0.017339000 -0.002001000
v -0.034013000 -0.017339000 -0.002001000
v -0.021062000 -0.011844000 -0.001627000
v -0.032778000 -0.019481000 -0.002546000
v -0.034013000 -0.017339000 -0.002001000
v -0.032778000 -0.019481000 -0.002546000
v -0.037620000 -0.022884000 -0.002698000
v -0.035748000 -0.026379000 -0.003487000
v -0.035895000 -0.026351000 -0.003465000
v -0.039740000 -0.019708000 -0.001931000
v -0.035748000 -0.026379000 -0.003487000
v -0.039740000 -0.019708000 -0.001931000
v -0.039688000 -0.019506000 -0.001903000
v -0.035748000 -0.026379000 -0.003487000
v -0.039688000 -0.019506000 -0.001903000
v -0.039627000 -0.019422000 -0.001897000
v -0.035748000 -0.026379000 -0.003487000
v -0.039627000 -0.019422000 -0.001897000
v -0.037620000 -0.022884000 -0.002698000
v -0.035748000 -0.026379000 -0.003487000
v -0.037620000 -0.022884000 -0.002698000
v -0.035619000 -0.026350000 -0.003498000
v -0.039740000 -0.019708000 -0.001931000
v -0.035895000 -0.026351000 -0.003465000
v -0.039733000 -0.019961000 -0.001974000
v -0.039733000 -0.019961000 -0.001974000
v -0.035895000 -0.026351000 -0.003465000
v -0.036214000 -0.026159000 -0.003396000
v -0.039733000 -0.019961000 -0.001974000
v -0.036214000 -0.026159000 -0.003396000
v -0.039503000 -0.020831000 -0.002143000
v -0.039503000 -0.020831000 -0.002143000
v -0.036214000 -0.026159000 -0.003396000
v -0.037124000 -0.025146000 -0.003125000
v -0.039503000 -0.020831000 -0.002143000
v -0.037124000 -0.025146000 -0.003125000
v -0.039125000 -0.021741000 -0.002336000
v 0.040661000 -0.017599000 -0.003106000
v 0.040629000 -0.017671000 -0.003498000
v 0.034468000 -0.013427000 -0.003626000
v 0.034468000 -0.013427000 -0.003626000
v 0.040629000 -0.017671000 -0.003498000
v 0.029050000 -0.009957000 -0.004792000
v 0.034468000 -0.013427000 -0.003626000
v 0.029050000 -0.009957000 -0.004792000
v 0.028312000 -0.009238000 -0.004579000
v 0.028312000 -0.009238000 -0.004579000
v 0.029050000 -0.009957000 -0.004792000
v 0.023594000 -0.006170000 -0.005372000
v 0.023594000 -0.006170000 -0.005372000
v 0.029050000 -0.009957000 -0.004792000
v 0.022517000 -0.005837000 -0.005796000
v 0.023594000 -0.006170000 -0.005372000
v 0.022517000 -0.005837000 -0.005796000
v 0.016990000 -0.002583000 -0.005891000
v 0.016990000 -0.002583000 -0.005891000
v 0.022517000 -0.005837000 -0.005796000
v 0.017205000 -0.003022000 -0.006147000
v 0.016990000 -0.002583000 -0.005891000
v 0.017205000 -0.003022000 -0.006147000
v 0.011962000 -0.000611000 -0.005493000
v 0.011962000 -0.000611000 -0.005493000
v 0.017205000 -0.003022000 -0.006147000
v 0.012003000 -0.000934000 -0.005786000
v 0.011962000 -0.000611000 -0.005493000
v 0.012003000 -0.000934000 -0.005786000
v 0.006782000 0.000741000 -0.004346000
v 0.006782000 0.000741000 -0.004346000
v 0.012003000 -0.000934000 -0.005786000
v 0.006650000 0.000529000 -0.004659000
v 0.036667000 -0.024535000 -0.001505000
v 0.036634000 -0.024607000 -0.001897000
v 0.036770000 -0.024546000 -0.001511000
v 0.036770000 -0.024546000 -0.001511000
v 0.036634000 -0.024607000 -0.001897000
v 0.036737000 -0.024618000 -0.001903000
v 0.036770000 -0.024546000 -0.001511000
v 0.036737000 -0.024618000 -0.001903000
v 0.036971000 -0.024489000 -0.001539000
v 0.036971000 -0.024489000 -0.001539000
v 0.036737000 -0.024618000 -0.001903000
v 0.036938000 -0.024561000 -0.001931000
v 0.036971000 -0.024489000 -0.001539000
v 0.036938000 -0.024561000 -0.001931000
v 0.037186000 -0.024356000 -0.001581000
v 0.037186000 -0.024356000 -0.001581000
v 0.036938000 -0.024561000 -0.001931000
v 0.037153000 -0.024428000 -0.001974000
v 0.037186000 -0.024356000 -0.001581000
v 0.037153000 -0.024428000 -0.001974000
v 0.037653000 -0.023916000 -0.001701000
v 0.037653000 -0.023916000 -0.001701000
v 0.037153000 -0.024428000 -0.001974000
v 0.037792000 -0.023795000 -0.002143000
v 0.037653000 -0.023916000 -0.001701000
v 0.037792000 -0.023795000 -0.002143000
v 0.039568000 -0.021096000 -0.002375000
v 0.039568000 -0.021096000 -0.002375000
v 0.037792000 -0.023795000 -0.002143000
v 0.038391000 -0.023012000 -0.002336000
v 0.039568000 -0.021096000 -0.002375000
v 0.038391000 -0.023012000 -0.002336000
v 0.040339000 -0.019577000 -0.003125000
v 0.040629000 -0.017671000 -0.003498000
v 0.040661000 -0.017599000 -0.003106000
v 0.040720000 -0.017769000 -0.003487000
v 0.040720000 -0.017769000 -0.003487000
v 0.040661000 -0.017599000 -0.003106000
v 0.040751000 -0.017697000 -0.003094000
v 0.040720000 -0.017769000 -0.003487000
v 0.040751000 -0.017697000 -0.003094000
v 0.040768000 -0.017911000 -0.003465000
v 0.040768000 -0.017911000 -0.003465000
v 0.040751000 -0.017697000 -0.003094000
v 0.040800000 -0.017839000 -0.003072000
v 0.040768000 -0.017911000 -0.003465000
v 0.040800000 -0.017839000 -0.003072000
v 0.040761000 -0.018282000 -0.003396000
v 0.040761000 -0.018282000 -0.003396000
v 0.040800000 -0.017839000 -0.003072000
v 0.040792000 -0.018210000 -0.003004000
v 0.040761000 -0.018282000 -0.003396000
v 0.040792000 -0.018210000 -0.003004000
v 0.040339000 -0.019577000 -0.003125000
v 0.040339000 -0.019577000 -0.003125000
v 0.040792000 -0.018210000 -0.003004000
v 0.040690000 -0.018641000 -0.002917000
v 0.040339000 -0.019577000 -0.003125000
v 0.040690000 -0.018641000 -0.002917000
v 0.039568000 -0.021096000 -0.002375000
v 0.040751000 -0.017697000 -0.003094000
v 0.040661000 -0.017599000 -0.003106000
v 0.038667000 -0.021069000 -0.002305000
v 0.040751000 -0.017697000 -0.003094000
v 0.038667000 -0.021069000 -0.002305000
v 0.036667000 -0.024535000 -0.001505000
v 0.040751000 -0.017697000 -0.003094000
v 0.036667000 -0.024535000 -0.001505000
v 0.036770000 -0.024546000 -0.001511000
v 0.040751000 -0.017697000 -0.003094000
v 0.036770000 -0.024546000 -0.001511000
v 0.036971000 -0.024489000 -0.001539000
v 0.040751000 -0.017697000 -0.003094000
v 0.036971000 -0.024489000 -0.001539000
v 0.040800000 -0.017839000 -0.003072000
v 0.039568000 -0.021096000 -0.002375000
v 0.040690000 -0.018641000 -0.002917000
v 0.037653000 -0.023916000 -0.001701000
v 0.037653000 -0.023916000 -0.001701000
v 0.040690000 -0.018641000 -0.002917000
v 0.040792000 -0.018210000 -0.003004000
v 0.037653000 -0.023916000 -0.001701000
v 0.040792000 -0.018210000 -0.003004000
v 0.037186000 -0.024356000 -0.001581000
v 0.037186000 -0.024356000 -0.001581000
v 0.040792000 -0.018210000 -0.003004000
v 0.040800000 -0.017839000 -0.003072000
v 0.037186000 -0.024356000 -0.001581000
v 0.040800000 -0.017839000 -0.003072000
v 0.036971000 -0.024489000 -0.001539000
v 0.011762000 -0.016034000 0.001175000
v 0.012574000 -0.016533000 0.000724000
v 0.014520000 -0.017528000 0.000952000
v 0.014520000 -0.017528000 0.000952000
v 0.012574000 -0.016533000 0.000724000
v 0.018140000 -0.019080000 0.000095000
v 0.014520000 -0.017528000 0.000952000
v 0.018140000 -0.019080000 0.000095000
v 0.018983000 -0.019340000 0.000379000
v 0.018983000 -0.019340000 0.000379000
v 0.018140000 -0.019080000 0.000095000
v 0.027031000 -0.021883000 -0.001136000
v 0.018983000 -0.019340000 0.000379000
v 0.027031000 -0.021883000 -0.001136000
v 0.026659000 -0.021718000 -0.000690000
v 0.026659000 -0.021718000 -0.000690000
v 0.027031000 -0.021883000 -0.001136000
v 0.036634000 -0.024607000 -0.001897000
v 0.026659000 -0.021718000 -0.000690000
v 0.036634000 -0.024607000 -0.001897000
v 0.036667000 -0.024535000 -0.001505000
v 0.008246000 -0.013401000 0.001159000
v 0.012574000 -0.016533000 0.000724000
v 0.011762000 -0.016034000 0.001175000
v 0.012574000 -0.016533000 0.000724000
v 0.008246000 -0.013401000 0.001159000
v 0.010013000 -0.014879000 0.000822000
v 0.010013000 -0.014879000 0.000822000
v 0.008246000 -0.013401000 0.001159000
v 0.005943000 -0.010974000 0.000842000
v 0.010013000 -0.014879000 0.000822000
v 0.005943000 -0.010974000 0.000842000
v 0.006002000 -0.011108000 0.000459000
v 0.006002000 -0.011108000 0.000459000
v 0.005943000 -0.010974000 0.000842000
v 0.002828000 -0.006070000 -0.000309000
v 0.006002000 -0.011108000 0.000459000
v 0.002828000 -0.006070000 -0.000309000
v 0.002814000 -0.006185000 -0.000692000
v 0.027031000 -0.021883000 -0.001136000
v 0.018140000 -0.019080000 0.000095000
v 0.021866000 -0.016767000 -0.000914000
v 0.007262000 -0.007824000 -0.000390000
v 0.010013000 -0.014879000 0.000822000
v 0.006002000 -0.011108000 0.000459000
v 0.040629000 -0.017671000 -0.003498000
v 0.029396000 -0.013594000 -0.003304000
v 0.029050000 -0.009957000 -0.004792000
v 0.029050000 -0.009957000 -0.004792000
v 0.029396000 -0.013594000 -0.003304000
v 0.022466000 -0.009434000 -0.003348000
v 0.012003000 -0.000934000 -0.005786000
v 0.017205000 -0.003022000 -0.006147000
v 0.014622000 -0.004958000 -0.003302000
v 0.014622000 -0.004958000 -0.003302000
v 0.005769000 -0.001022000 -0.003371000
v 0.012003000 -0.000934000 -0.005786000
v 0.006650000 0.000529000 -0.004659000
v 0.012003000 -0.000934000 -0.005786000
v 0.005769000 -0.001022000 -0.003371000
v 0.013016000 -0.007742000 -0.001204000
v 0.007262000 -0.007824000 -0.000390000
v 0.004836000 -0.002658000 -0.002281000
v 0.040629000 -0.017671000 -0.003498000
v 0.038629000 -0.021137000 -0.002698000
v 0.029396000 -0.013594000 -0.003304000
v 0.029396000 -0.013594000 -0.003304000
v 0.038629000 -0.021137000 -0.002698000
v 0.033260000 -0.018645000 -0.002546000
v 0.029396000 -0.013594000 -0.003304000
v 0.033260000 -0.018645000 -0.002546000
v 0.020788000 -0.012318000 -0.001627000
v 0.038629000 -0.021137000 -0.002698000
v 0.036634000 -0.024607000 -0.001897000
v 0.032022000 -0.020786000 -0.002001000
v 0.032022000 -0.020786000 -0.002001000
v 0.036634000 -0.024607000 -0.001897000
v 0.027031000 -0.021883000 -0.001136000
v 0.032022000 -0.020786000 -0.002001000
v 0.027031000 -0.021883000 -0.001136000
v 0.021866000 -0.016767000 -0.000914000
v 0.013016000 -0.007742000 -0.001204000
v 0.020788000 -0.012318000 -0.001627000
v 0.013696000 -0.012425000 0.000218000
v 0.013696000 -0.012425000 0.000218000
v 0.020788000 -0.012318000 -0.001627000
v 0.021866000 -0.016767000 -0.000914000
v 0.013696000 -0.012425000 0.000218000
v 0.021866000 -0.016767000 -0.000914000
v 0.012574000 -0.016533000 0.000724000
v 0.012574000 -0.016533000 0.000724000
v 0.021866000 -0.016767000 -0.000914000
v 0.018140000 -0.019080000 0.000095000
v 0.012574000 -0.016533000 0.000724000
v 0.010013000 -0.014879000 0.000822000
v 0.013696000 -0.012425000 0.000218000
v 0.013696000 -0.012425000 0.000218000
v 0.010013000 -0.014879000 0.000822000
v 0.007262000 -0.007824000 -0.000390000
v 0.013696000 -0.012425000 0.000218000
v 0.007262000 -0.007824000 -0.000390000
v 0.013016000 -0.007742000 -0.001204000
v 0.006002000 -0.011108000 0.000459000
v 0.002814000 -0.006185000 -0.000692000
v 0.007262000 -0.007824000 -0.000390000
v 0.007262000 -0.007824000 -0.000390000
v 0.002814000 -0.006185000 -0.000692000
v 0.003851000 -0.004379000 -0.001387000
v 0.007262000 -0.007824000 -0.000390000
v 0.003851000 -0.004379000 -0.001387000
v 0.004836000 -0.002658000 -0.002281000
v 0.014622000 -0.004958000 -0.003302000
v 0.017205000 -0.003022000 -0.006147000
v 0.022466000 -0.009434000 -0.003348000
v 0.022466000 -0.009434000 -0.003348000
v 0.017205000 -0.003022000 -0.006147000
v 0.022517000 -0.005837000 -0.005796000
v 0.022466000 -0.009434000 -0.003348000
v 0.022517000 -0.005837000 -0.005796000
v 0.029050000 -0.009957000 -0.004792000
v 0.004836000 -0.002658000 -0.002281000
v 0.005769000 -0.001022000 -0.003371000
v 0.013016000 -0.007742000 -0.001204000
v 0.013016000 -0.007742000 -0.001204000
v 0.005769000 -0.001022000 -0.003371000
v 0.014622000 -0.004958000 -0.003302000
v 0.013016000 -0.007742000 -0.001204000
v 0.014622000 -0.004958000 -0.003302000
v 0.020788000 -0.012318000 -0.001627000
v 0.020788000 -0.012318000 -0.001627000
v 0.014622000 -0.004958000 -0.003302000
v 0.022466000 -0.009434000 -0.003348000
v 0.020788000 -0.012318000 -0.001627000
v 0.022466000 -0.009434000 -0.003348000
v 0.029396000 -0.013594000 -0.003304000
v 0.021866000 -0.016767000 -0.000914000
v 0.020788000 -0.012318000 -0.001627000
v 0.032022000 -0.020786000 -0.002001000
v 0.032022000 -0.020786000 -0.002001000
v 0.020788000 -0.012318000 -0.001627000
v 0.033260000 -0.018645000 -0.002546000
v 0.032022000 -0.020786000 -0.002001000
v 0.033260000 -0.018645000 -0.002546000
v 0.038629000 -0.021137000 -0.002698000
v 0.040720000 -0.017769000 -0.003487000
v 0.040768000 -0.017911000 -0.003465000
v 0.036938000 -0.024561000 -0.001931000
v 0.040720000 -0.017769000 -0.003487000
v 0.036938000 -0.024561000 -0.001931000
v 0.036737000 -0.024618000 -0.001903000
v 0.040720000 -0.017769000 -0.003487000
v 0.036737000 -0.024618000 -0.001903000
v 0.036634000 -0.024607000 -0.001897000
v 0.040720000 -0.017769000 -0.003487000
v 0.036634000 -0.024607000 -0.001897000
v 0.038629000 -0.021137000 -0.002698000
v 0.040720000 -0.017769000 -0.003487000
v 0.038629000 -0.021137000 -0.002698000
v 0.040629000 -0.017671000 -0.003498000
v 0.036938000 -0.024561000 -0.001931000
v 0.040768000 -0.017911000 -0.003465000
v 0.037153000 -0.024428000 -0.001974000
v 0.037153000 -0.024428000 -0.001974000
v 0.040768000 -0.017911000 -0.003465000
v 0.040761000 -0.018282000 -0.003396000
v 0.037153000 -0.024428000 -0.001974000
v 0.040761000 -0.018282000 -0.003396000
v 0.037792000 -0.023795000 -0.002143000
v 0.037792000 -0.023795000 -0.002143000
v 0.040761000 -0.018282000 -0.003396000
v 0.040339000 -0.019577000 -0.003125000
v 0.037792000 -0.023795000 -0.002143000
v 0.040339000 -0.019577000 -0.003125000
v 0.038391000 -0.023012000 -0.002336000
v -0.003340000 0.004390000 -0.003966000
v -0.003295000 0.004407000 -0.004179000
v -0.003367000 0.004353000 -0.003990000
v -0.003295000 0.004407000 -0.004179000
v -0.003340000 0.004390000 -0.003966000
v -0.003264000 0.004457000 -0.004152000
v -0.003264000 0.004457000 -0.004152000
v -0.003340000 0.004390000 -0.003966000
v -0.003333000 0.004453000 -0.003965000
v -0.003264000 0.004457000 -0.004152000
v -0.003333000 0.004453000 -0.003965000
v -0.003261000 0.004522000 -0.004157000
v -0.003261000 0.004522000 -0.004157000
v -0.003333000 0.004453000 -0.003965000
v -0.003359000 0.004524000 -0.004001000
v -0.003261000 0.004522000 -0.004157000
v -0.003359000 0.004524000 -0.004001000
v -0.003285000 0.004578000 -0.004189000
v -0.003359000 0.004524000 -0.004001000
v -0.003956000 0.005459000 -0.004412000
v -0.003285000 0.004578000 -0.004189000
v -0.003285000 0.004578000 -0.004189000
v -0.003956000 0.005459000 -0.004412000
v -0.003832000 0.005455000 -0.004568000
v -0.003956000 0.005459000 -0.004412000
v -0.003970000 0.005501000 -0.004424000
v -0.003832000 0.005455000 -0.004568000
v -0.003832000 0.005455000 -0.004568000
v -0.003970000 0.005501000 -0.004424000
v -0.003845000 0.005497000 -0.004580000
v 0.003096000 0.004571000 -0.001033000
v 0.003126000 0.004529000 -0.000817000
v 0.003132000 0.004525000 -0.001030000
v 0.003126000 0.004529000 -0.000817000
v 0.003096000 0.004571000 -0.001033000
v 0.003090000 0.004574000 -0.000820000
v 0.003090000 0.004574000 -0.000820000
v 0.003096000 0.004571000 -0.001033000
v 0.003090000 0.004626000 -0.001013000
v 0.003090000 0.004574000 -0.000820000
v 0.003090000 0.004626000 -0.001013000
v 0.003084000 0.004629000 -0.000800000
v 0.003084000 0.004629000 -0.000800000
v 0.003090000 0.004626000 -0.001013000
v 0.003128000 0.004689000 -0.000964000
v 0.003084000 0.004629000 -0.000800000
v 0.003128000 0.004689000 -0.000964000
v 0.003120000 0.004692000 -0.000752000
v 0.003869000 0.005496000 -0.000405000
v 0.003829000 0.005436000 -0.000423000
v 0.003923000 0.005519000 -0.000596000
v 0.003923000 0.005519000 -0.000596000
v 0.003829000 0.005436000 -0.000423000
v 0.003882000 0.005458000 -0.000615000
v 0.003829000 0.005436000 -0.000423000
v 0.003120000 0.004692000 -0.000752000
v 0.003882000 0.005458000 -0.000615000
v 0.003882000 0.005458000 -0.000615000
v 0.003120000 0.004692000 -0.000752000
v 0.003128000 0.004689000 -0.000964000
v -0.005070000 0.044015000 -0.003204000
v -0.005210000 0.041110000 -0.003540000
v -0.006020000 0.030417000 -0.004485000
v -0.005070000 0.044015000 -0.003204000
v -0.005030000 0.044020000 -0.003400000
v -0.005210000 0.041110000 -0.003540000
v -0.005210000 0.041110000 -0.003540000
v -0.006064000 0.028216000 -0.004974000
v -0.006020000 0.030417000 -0.004485000
v -0.006418000 0.021576000 -0.005667000
v -0.006020000 0.030417000 -0.004485000
v -0.006064000 0.028216000 -0.004974000
v -0.006064000 0.028216000 -0.004974000
v -0.006237000 0.019360000 -0.005985000
v -0.006418000 0.021576000 -0.005667000
v -0.005958000 0.014050000 -0.005896000
v -0.006418000 0.021576000 -0.005667000
v -0.006237000 0.019360000 -0.005985000
v -0.006237000 0.019360000 -0.005985000
v -0.005576000 0.012531000 -0.005913000
v -0.005958000 0.014050000 -0.005896000
v -0.003845000 0.005497000 -0.004580000
v -0.003970000 0.005501000 -0.004424000
v -0.005576000 0.012531000 -0.005913000
v -0.005576000 0.012531000 -0.005913000
v -0.003970000 0.005501000 -0.004424000
v -0.004354000 0.006696000 -0.004756000
v -0.005576000 0.012531000 -0.005913000
v -0.004354000 0.006696000 -0.004756000
v -0.005958000 0.014050000 -0.005896000
v 0.002935000 0.044025000 -0.001603000
v 0.003479000 0.041875000 -0.001507000
v 0.002974000 0.044028000 -0.001799000
v 0.003479000 0.041875000 -0.001507000
v 0.006378000 0.030428000 -0.000526000
v 0.002974000 0.044028000 -0.001799000
v 0.006679000 0.028982000 -0.000124000
v 0.006378000 0.030428000 -0.000526000
v 0.003479000 0.041875000 -0.001507000
v 0.007852000 0.022264000 0.000557000
v 0.006378000 0.030428000 -0.000526000
v 0.006679000 0.028982000 -0.000124000
v 0.006828000 0.011374000 0.000640000
v 0.007941000 0.016798000 0.000917000
v 0.007851000 0.016013000 0.001122000
v 0.006529000 0.010599000 0.000736000
v 0.006828000 0.011374000 0.000640000
v 0.007851000 0.016013000 0.001122000
v 0.006679000 0.028982000 -0.000124000
v 0.007912000 0.021494000 0.000836000
v 0.007852000 0.022264000 0.000557000
v 0.007852000 0.022264000 0.000557000
v 0.007912000 0.021494000 0.000836000
v 0.007851000 0.016013000 0.001122000
v 0.007852000 0.022264000 0.000557000
v 0.007851000 0.016013000 0.001122000
v 0.007941000 0.016798000 0.000917000
v 0.006828000 0.011374000 0.000640000
v 0.006529000 0.010599000 0.000736000
v 0.004056000 0.005721000 -0.000535000
v 0.004056000 0.005721000 -0.000535000
v 0.006529000 0.010599000 0.000736000
v 0.003869000 0.005496000 -0.000405000
v 0.004056000 0.005721000 -0.000535000
v 0.003869000 0.005496000 -0.000405000
v 0.003923000 0.005519000 -0.000596000
v 0.001592000 0.044629000 -0.001861000
v -0.002337000 0.044795000 -0.002846000
v -0.003323000 0.044708000 -0.002840000
v -0.003323000 0.044708000 -0.002840000
v -0.002337000 0.044795000 -0.002846000
v -0.004449000 0.044482000 -0.003274000
v -0.003323000 0.044708000 -0.002840000
v -0.004449000 0.044482000 -0.003274000
v -0.004542000 0.044459000 -0.003089000
v -0.004542000 0.044459000 -0.003089000
v -0.004449000 0.044482000 -0.003274000
v -0.004842000 0.044299000 -0.003356000
v 0.002935000 0.044025000 -0.001603000
v 0.002974000 0.044028000 -0.001799000
v 0.002922000 0.044062000 -0.001605000
v 0.002922000 0.044062000 -0.001605000
v 0.002974000 0.044028000 -0.001799000
v 0.002962000 0.044065000 -0.001800000
v 0.002922000 0.044062000 -0.001605000
v 0.002962000 0.044065000 -0.001800000
v 0.002815000 0.044208000 -0.001623000
v 0.002815000 0.044208000 -0.001623000
v 0.002962000 0.044065000 -0.001800000
v 0.002942000 0.044105000 -0.001803000
v 0.002815000 0.044208000 -0.001623000
v 0.002942000 0.044105000 -0.001803000
v 0.002821000 0.044240000 -0.001826000
v 0.002815000 0.044208000 -0.001623000
v 0.002821000 0.044240000 -0.001826000
v 0.002561000 0.044366000 -0.001671000
v 0.002561000 0.044366000 -0.001671000
v 0.002821000 0.044240000 -0.001826000
v 0.002583000 0.044378000 -0.001871000
v 0.002561000 0.044366000 -0.001671000
v 0.002583000 0.044378000 -0.001871000
v 0.001592000 0.044629000 -0.001861000
v 0.001592000 0.044629000 -0.001861000
v 0.002583000 0.044378000 -0.001871000
v 0.001801000 0.044603000 -0.002023000
v 0.001592000 0.044629000 -0.001861000
v 0.001801000 0.044603000 -0.002023000
v -0.002337000 0.044795000 -0.002846000
v -0.005030000 0.044020000 -0.003400000
v -0.005070000 0.044015000 -0.003204000
v -0.005029000 0.044030000 -0.003399000
v -0.005029000 0.044030000 -0.003399000
v -0.005070000 0.044015000 -0.003204000
v -0.005069000 0.044026000 -0.003203000
v -0.005029000 0.044030000 -0.003399000
v -0.005069000 0.044026000 -0.003203000
v -0.004990000 0.044148000 -0.003389000
v -0.004990000 0.044148000 -0.003389000
v -0.005069000 0.044026000 -0.003203000
v -0.005029000 0.044144000 -0.003192000
v -0.004990000 0.044148000 -0.003389000
v -0.005029000 0.044144000 -0.003192000
v -0.004842000 0.044299000 -0.003356000
v -0.004842000 0.044299000 -0.003356000
v -0.005029000 0.044144000 -0.003192000
v -0.004923000 0.044263000 -0.003169000
v -0.004842000 0.044299000 -0.003356000
v -0.004923000 0.044263000 -0.003169000
v -0.004542000 0.044459000 -0.003089000
v -0.000405000 0.005488000 -0.001980000
v -0.002222000 0.005494000 -0.003039000
v -0.003946000 0.005503000 -0.004277000
v -0.000405000 0.005488000 -0.001980000
v -0.003946000 0.005503000 -0.004277000
v -0.003368000 0.004594000 -0.003878000
v -0.000405000 0.005488000 -0.001980000
v -0.003368000 0.004594000 -0.003878000
v -0.003299000 0.004462000 -0.003843000
v -0.000405000 0.005488000 -0.001980000
v -0.003299000 0.004462000 -0.003843000
v -0.003295000 0.004408000 -0.003846000
v 0.002958000 0.004641000 -0.000707000
v 0.003030000 0.004754000 -0.000662000
v 0.000428000 0.005486000 -0.001570000
v 0.003030000 0.004754000 -0.000662000
v 0.003722000 0.005485000 -0.000343000
v 0.000428000 0.005486000 -0.001570000
v -0.004991000 0.044006000 -0.003086000
v -0.001089000 0.044021000 -0.002306000
v -0.004991000 0.044013000 -0.003086000
v -0.002191000 0.015119000 -0.002177000
v -0.002222000 0.005494000 -0.003039000
v -0.000405000 0.005488000 -0.001980000
v -0.005768000 0.012703000 -0.005657000
v -0.002222000 0.005494000 -0.003039000
v -0.002191000 0.015119000 -0.002177000
v 0.001062000 0.038138000 -0.001787000
v 0.003365000 0.041851000 -0.001426000
v 0.002820000 0.043998000 -0.001524000
v 0.001062000 0.038138000 -0.001787000
v 0.006858000 0.027614000 0.000153000
v 0.003365000 0.041851000 -0.001426000
v -0.002140000 0.024199000 -0.002351000
v -0.002077000 0.032250000 -0.002562000
v -0.005978000 0.030395000 -0.004352000
v -0.006420000 0.020880000 -0.005592000
v -0.002140000 0.024199000 -0.002351000
v -0.005978000 0.030395000 -0.004352000
v -0.005768000 0.012703000 -0.005657000
v -0.002191000 0.015119000 -0.002177000
v -0.006420000 0.020880000 -0.005592000
v -0.002140000 0.024199000 -0.002351000
v 0.002317000 0.027360000 -0.000859000
v -0.002077000 0.032250000 -0.002562000
v -0.005978000 0.030395000 -0.004352000
v -0.002077000 0.032250000 -0.002562000
v -0.004991000 0.044006000 -0.003086000
v -0.004991000 0.044006000 -0.003086000
v -0.002077000 0.032250000 -0.002562000
v 0.001062000 0.038138000 -0.001787000
v -0.004991000 0.044006000 -0.003086000
v 0.001062000 0.038138000 -0.001787000
v -0.001089000 0.044021000 -0.002306000
v -0.001089000 0.044021000 -0.002306000
v 0.001062000 0.038138000 -0.001787000
v 0.002820000 0.043998000 -0.001524000
v -0.001089000 0.044021000 -0.002306000
v 0.002820000 0.043998000 -0.001524000
v 0.002812000 0.044023000 -0.001525000
v -0.003946000 0.005503000 -0.004277000
v -0.002222000 0.005494000 -0.003039000
v -0.003961000 0.005544000 -0.004290000
v -0.003961000 0.005544000 -0.004290000
v -0.002222000 0.005494000 -0.003039000
v -0.005768000 0.012703000 -0.005657000
v -0.003961000 0.005544000 -0.004290000
v -0.005768000 0.012703000 -0.005657000
v -0.004252000 0.006422000 -0.004537000
v 0.002479000 0.018083000 0.000231000
v -0.002191000 0.015119000 -0.002177000
v 0.001949000 0.010161000 -0.000394000
v 0.001949000 0.010161000 -0.000394000
v -0.002191000 0.015119000 -0.002177000
v -0.000405000 0.005488000 -0.001980000
v 0.001949000 0.010161000 -0.000394000
v -0.000405000 0.005488000 -0.001980000
v -0.000006000 0.005503000 -0.001777000
v -0.000006000 0.005503000 -0.001777000
v 0.000428000 0.005486000 -0.001570000
v 0.001949000 0.010161000 -0.000394000
v 0.001949000 0.010161000 -0.000394000
v 0.000428000 0.005486000 -0.001570000
v 0.003722000 0.005485000 -0.000343000
v 0.001949000 0.010161000 -0.000394000
v 0.003722000 0.005485000 -0.000343000
v 0.003762000 0.005543000 -0.000324000
v 0.003762000 0.005543000 -0.000324000
v 0.006881000 0.011951000 0.000994000
v 0.001949000 0.010161000 -0.000394000
v 0.001949000 0.010161000 -0.000394000
v 0.006881000 0.011951000 0.000994000
v 0.007915000 0.018760000 0.001144000
v 0.001949000 0.010161000 -0.000394000
v 0.007915000 0.018760000 0.001144000
v 0.002479000 0.018083000 0.000231000
v 0.002479000 0.018083000 0.000231000
v 0.007915000 0.018760000 0.001144000
v 0.006858000 0.027614000 0.000153000
v 0.002479000 0.018083000 0.000231000
v 0.006858000 0.027614000 0.000153000
v 0.002317000 0.027360000 -0.000859000
v 0.002317000 0.027360000 -0.000859000
v 0.006858000 0.027614000 0.000153000
v 0.001062000 0.038138000 -0.001787000
v 0.002317000 0.027360000 -0.000859000
v 0.001062000 0.038138000 -0.001787000
v -0.002077000 0.032250000 -0.002562000
v -0.006420000 0.020880000 -0.005592000
v -0.002191000 0.015119000 -0.002177000
v -0.002140000 0.024199000 -0.002351000
v -0.002140000 0.024199000 -0.002351000
v -0.002191000 0.015119000 -0.002177000
v 0.002479000 0.018083000 0.000231000
v -0.002140000 0.024199000 -0.002351000
v 0.002479000 0.018083000 0.000231000
v 0.002317000 0.027360000 -0.000859000
v -0.001089000 0.044021000 -0.002306000
v -0.004937000 0.044128000 -0.003072000
v -0.004991000 0.044013000 -0.003086000
v 0.002696000 0.044160000 -0.001546000
v -0.001089000 0.044021000 -0.002306000
v 0.002812000 0.044023000 -0.001525000
v -0.001089000 0.044021000 -0.002306000
v 0.002696000 0.044160000 -0.001546000
v -0.004937000 0.044128000 -0.003072000
v -0.004937000 0.044128000 -0.003072000
v 0.002696000 0.044160000 -0.001546000
v 0.002377000 0.044325000 -0.001607000
v -0.004937000 0.044128000 -0.003072000
v 0.002377000 0.044325000 -0.001607000
v -0.004761000 0.044261000 -0.003034000
v -0.004761000 0.044261000 -0.003034000
v 0.002377000 0.044325000 -0.001607000
v 0.000299000 0.044669000 -0.002017000
v -0.004761000 0.044261000 -0.003034000
v 0.000299000 0.044669000 -0.002017000
v -0.003977000 0.044506000 -0.002874000
v 0.003038000 0.004588000 -0.000731000
v 0.003040000 0.004609000 -0.000728000
v 0.002958000 0.004641000 -0.000707000
v 0.003090000 0.004574000 -0.000820000
v 0.003104000 0.004544000 -0.000795000
v 0.003126000 0.004529000 -0.000817000
v 0.003090000 0.004574000 -0.000820000
v 0.003038000 0.004588000 -0.000731000
v 0.003104000 0.004544000 -0.000795000
v 0.003097000 0.004694000 -0.000705000
v 0.003084000 0.004629000 -0.000800000
v 0.003120000 0.004692000 -0.000752000
v 0.003097000 0.004694000 -0.000705000
v 0.003040000 0.004609000 -0.000728000
v 0.003084000 0.004629000 -0.000800000
v 0.003084000 0.004629000 -0.000800000
v 0.003040000 0.004609000 -0.000728000
v 0.003038000 0.004588000 -0.000731000
v 0.003084000 0.004629000 -0.000800000
v 0.003038000 0.004588000 -0.000731000
v 0.003090000 0.004574000 -0.000820000
v 0.003030000 0.004754000 -0.000662000
v 0.002958000 0.004641000 -0.000707000
v 0.003064000 0.004717000 -0.000672000
v 0.003064000 0.004717000 -0.000672000
v 0.002958000 0.004641000 -0.000707000
v 0.003040000 0.004609000 -0.000728000
v 0.003064000 0.004717000 -0.000672000
v 0.003040000 0.004609000 -0.000728000
v 0.003097000 0.004694000 -0.000705000
v -0.003334000 0.004406000 -0.003898000
v -0.003363000 0.004515000 -0.003914000
v -0.003333000 0.004453000 -0.003965000
v -0.003341000 0.004373000 -0.003906000
v -0.003295000 0.004408000 -0.003846000
v -0.003334000 0.004406000 -0.003898000
v -0.003334000 0.004406000 -0.003898000
v -0.003295000 0.004408000 -0.003846000
v -0.003299000 0.004462000 -0.003843000
v -0.003334000 0.004406000 -0.003898000
v -0.003299000 0.004462000 -0.003843000
v -0.003363000 0.004515000 -0.003914000
v -0.003363000 0.004515000 -0.003914000
v -0.003299000 0.004462000 -0.003843000
v -0.003368000 0.004594000 -0.003878000
v -0.003363000 0.004515000 -0.003914000
v -0.003368000 0.004594000 -0.003878000
v -0.003385000 0.004556000 -0.003909000
v -0.003385000 0.004556000 -0.003909000
v -0.003382000 0.004531000 -0.003954000
v -0.003363000 0.004515000 -0.003914000
v -0.003363000 0.004515000 -0.003914000
v -0.003382000 0.004531000 -0.003954000
v -0.003359000 0.004524000 -0.004001000
v -0.003363000 0.004515000 -0.003914000
v -0.003359000 0.004524000 -0.004001000
v -0.003333000 0.004453000 -0.003965000
v -0.003333000 0.004453000 -0.003965000
v -0.003340000 0.004390000 -0.003966000
v -0.003334000 0.004406000 -0.003898000
v -0.003334000 0.004406000 -0.003898000
v -0.003340000 0.004390000 -0.003966000
v -0.003367000 0.004353000 -0.003990000
v -0.003334000 0.004406000 -0.003898000
v -0.003367000 0.004353000 -0.003990000
v -0.003341000 0.004373000 -0.003906000
v -0.003974000 0.005481000 -0.004316000
v -0.003368000 0.004594000 -0.003878000
v -0.003946000 0.005503000 -0.004277000
v -0.003368000 0.004594000 -0.003878000
v -0.003974000 0.005481000 -0.004316000
v -0.003385000 0.004556000 -0.003909000
v -0.003385000 0.004556000 -0.003909000
v -0.003974000 0.005481000 -0.004316000
v -0.003977000 0.005465000 -0.004365000
v -0.003385000 0.004556000 -0.003909000
v -0.003977000 0.005465000 -0.004365000
v -0.003382000 0.004531000 -0.003954000
v -0.003382000 0.004531000 -0.003954000
v -0.003977000 0.005465000 -0.004365000
v -0.003956000 0.005459000 -0.004412000
v -0.003382000 0.004531000 -0.003954000
v -0.003956000 0.005459000 -0.004412000
v -0.003359000 0.004524000 -0.004001000
v -0.003988000 0.005523000 -0.004328000
v -0.003946000 0.005503000 -0.004277000
v -0.003961000 0.005544000 -0.004290000
v -0.003946000 0.005503000 -0.004277000
v -0.003988000 0.005523000 -0.004328000
v -0.003974000 0.005481000 -0.004316000
v -0.003974000 0.005481000 -0.004316000
v -0.003988000 0.005523000 -0.004328000
v -0.003992000 0.005507000 -0.004378000
v -0.003974000 0.005481000 -0.004316000
v -0.003992000 0.005507000 -0.004378000
v -0.003977000 0.005465000 -0.004365000
v -0.003977000 0.005465000 -0.004365000
v -0.003992000 0.005507000 -0.004378000
v -0.003970000 0.005501000 -0.004424000
v -0.003977000 0.005465000 -0.004365000
v -0.003970000 0.005501000 -0.004424000
v -0.003956000 0.005459000 -0.004412000
v -0.006418000 0.021576000 -0.005667000
v -0.006357000 0.024980000 -0.005184000
v -0.006020000 0.030417000 -0.004485000
v -0.006357000 0.024980000 -0.005184000
v -0.006420000 0.020880000 -0.005592000
v -0.005978000 0.030395000 -0.004352000
v -0.006357000 0.024980000 -0.005184000
v -0.005978000 0.030395000 -0.004352000
v -0.005038000 0.044010000 -0.003109000
v -0.003970000 0.005501000 -0.004424000
v -0.003992000 0.005507000 -0.004378000
v -0.004354000 0.006696000 -0.004756000
v -0.004991000 0.044006000 -0.003086000
v -0.005038000 0.044010000 -0.003109000
v -0.005978000 0.030395000 -0.004352000
v -0.006357000 0.024980000 -0.005184000
v -0.005038000 0.044010000 -0.003109000
v -0.005066000 0.044013000 -0.003152000
v -0.006357000 0.024980000 -0.005184000
v -0.005066000 0.044013000 -0.003152000
v -0.006020000 0.030417000 -0.004485000
v -0.005070000 0.044015000 -0.003204000
v -0.006020000 0.030417000 -0.004485000
v -0.005066000 0.044013000 -0.003152000
v -0.005994000 0.014049000 -0.005828000
v -0.003988000 0.005523000 -0.004328000
v -0.003961000 0.005544000 -0.004290000
v -0.005994000 0.014049000 -0.005828000
v -0.003961000 0.005544000 -0.004290000
v -0.004252000 0.006422000 -0.004537000
v -0.005994000 0.014049000 -0.005828000
v -0.004252000 0.006422000 -0.004537000
v -0.005768000 0.012703000 -0.005657000
v -0.005994000 0.014049000 -0.005828000
v -0.005768000 0.012703000 -0.005657000
v -0.006420000 0.020880000 -0.005592000
v -0.005994000 0.014049000 -0.005828000
v -0.006420000 0.020880000 -0.005592000
v -0.006357000 0.024980000 -0.005184000
v -0.005994000 0.014049000 -0.005828000
v -0.006357000 0.024980000 -0.005184000
v -0.006418000 0.021576000 -0.005667000
v -0.005994000 0.014049000 -0.005828000
v -0.006418000 0.021576000 -0.005667000
v -0.005958000 0.014050000 -0.005896000
v -0.005994000 0.014049000 -0.005828000
v -0.005958000 0.014050000 -0.005896000
v -0.004354000 0.006696000 -0.004756000
v -0.005994000 0.014049000 -0.005828000
v -0.004354000 0.006696000 -0.004756000
v -0.003992000 0.005507000 -0.004378000
v -0.005994000 0.014049000 -0.005828000
v -0.003992000 0.005507000 -0.004378000
v -0.003988000 0.005523000 -0.004328000
v -0.004991000 0.044006000 -0.003086000
v -0.004991000 0.044013000 -0.003086000
v -0.005038000 0.044010000 -0.003109000
v -0.005038000 0.044010000 -0.003109000
v -0.004991000 0.044013000 -0.003086000
v -0.005037000 0.044019000 -0.003108000
v -0.005038000 0.044010000 -0.003109000
v -0.005037000 0.044019000 -0.003108000
v -0.005066000 0.044013000 -0.003152000
v -0.005066000 0.044013000 -0.003152000
v -0.005037000 0.044019000 -0.003108000
v -0.005065000 0.044024000 -0.003151000
v -0.005066000 0.044013000 -0.003152000
v -0.005065000 0.044024000 -0.003151000
v -0.005070000 0.044015000 -0.003204000
v -0.005070000 0.044015000 -0.003204000
v -0.005065000 0.044024000 -0.003151000
v -0.005069000 0.044026000 -0.003203000
v 0.002743000 0.044217000 -0.001565000
v 0.002900000 0.044056000 -0.001558000
v 0.002815000 0.044208000 -0.001623000
v 0.002406000 0.044392000 -0.001630000
v 0.002561000 0.044366000 -0.001671000
v 0.001592000 0.044629000 -0.001861000
v -0.003323000 0.044708000 -0.002840000
v -0.004343000 0.044493000 -0.002976000
v -0.003977000 0.044506000 -0.002874000
v -0.003977000 0.044506000 -0.002874000
v 0.000299000 0.044669000 -0.002017000
v -0.003323000 0.044708000 -0.002840000
v -0.003323000 0.044708000 -0.002840000
v 0.000299000 0.044669000 -0.002017000
v 0.001592000 0.044629000 -0.001861000
v 0.000299000 0.044669000 -0.002017000
v 0.002406000 0.044392000 -0.001630000
v 0.001592000 0.044629000 -0.001861000
v -0.004542000 0.044459000 -0.003089000
v -0.004940000 0.044220000 -0.003101000
v -0.004343000 0.044493000 -0.002976000
v -0.004542000 0.044459000 -0.003089000
v -0.004343000 0.044493000 -0.002976000
v -0.003323000 0.044708000 -0.002840000
v -0.003977000 0.044506000 -0.002874000
v -0.004343000 0.044493000 -0.002976000
v -0.004761000 0.044261000 -0.003034000
v -0.004940000 0.044220000 -0.003101000
v -0.004761000 0.044261000 -0.003034000
v -0.004343000 0.044493000 -0.002976000
v -0.005069000 0.044026000 -0.003203000
v -0.005065000 0.044024000 -0.003151000
v -0.005029000 0.044144000 -0.003192000
v 0.002922000 0.044062000 -0.001605000
v 0.002815000 0.044208000 -0.001623000
v 0.002900000 0.044056000 -0.001558000
v 0.002406000 0.044392000 -0.001630000
v 0.000299000 0.044669000 -0.002017000
v 0.002377000 0.044325000 -0.001607000
v -0.004940000 0.044220000 -0.003101000
v -0.004542000 0.044459000 -0.003089000
v -0.004923000 0.044263000 -0.003169000
v 0.002377000 0.044325000 -0.001607000
v 0.002696000 0.044160000 -0.001546000
v 0.002406000 0.044392000 -0.001630000
v 0.002406000 0.044392000 -0.001630000
v 0.002696000 0.044160000 -0.001546000
v 0.002743000 0.044217000 -0.001565000
v 0.002406000 0.044392000 -0.001630000
v 0.002743000 0.044217000 -0.001565000
v 0.002561000 0.044366000 -0.001671000
v 0.002561000 0.044366000 -0.001671000
v 0.002743000 0.044217000 -0.001565000
v 0.002815000 0.044208000 -0.001623000
v -0.004923000 0.044263000 -0.003169000
v -0.005029000 0.044144000 -0.003192000
v -0.004940000 0.044220000 -0.003101000
v -0.004940000 0.044220000 -0.003101000
v -0.005029000 0.044144000 -0.003192000
v -0.005065000 0.044024000 -0.003151000
v -0.004940000 0.044220000 -0.003101000
v -0.005065000 0.044024000 -0.003151000
v -0.005037000 0.044019000 -0.003108000
v -0.005037000 0.044019000 -0.003108000
v -0.004991000 0.044013000 -0.003086000
v -0.004940000 0.044220000 -0.003101000
v -0.004940000 0.044220000 -0.003101000
v -0.004991000 0.044013000 -0.003086000
v -0.004937000 0.044128000 -0.003072000
v -0.004940000 0.044220000 -0.003101000
v -0.004937000 0.044128000 -0.003072000
v -0.004761000 0.044261000 -0.003034000
v 0.002696000 0.044160000 -0.001546000
v 0.002812000 0.044023000 -0.001525000
v 0.002743000 0.044217000 -0.001565000
v 0.002743000 0.044217000 -0.001565000
v 0.002812000 0.044023000 -0.001525000
v 0.002860000 0.044042000 -0.001529000
v 0.002743000 0.044217000 -0.001565000
v 0.002860000 0.044042000 -0.001529000
v 0.002900000 0.044056000 -0.001558000
v 0.002812000 0.044023000 -0.001525000
v 0.002820000 0.043998000 -0.001524000
v 0.002860000 0.044042000 -0.001529000
v 0.002860000 0.044042000 -0.001529000
v 0.002820000 0.043998000 -0.001524000
v 0.002870000 0.044011000 -0.001528000
v 0.002860000 0.044042000 -0.001529000
v 0.002870000 0.044011000 -0.001528000
v 0.002900000 0.044056000 -0.001558000
v 0.002900000 0.044056000 -0.001558000
v 0.002870000 0.044011000 -0.001528000
v 0.002912000 0.044020000 -0.001556000
v 0.002900000 0.044056000 -0.001558000
v 0.002912000 0.044020000 -0.001556000
v 0.002922000 0.044062000 -0.001605000
v 0.002922000 0.044062000 -0.001605000
v 0.002912000 0.044020000 -0.001556000
v 0.002935000 0.044025000 -0.001603000
v 0.007069000 0.026948000 0.000229000
v 0.007987000 0.018758000 0.001117000
v 0.007912000 0.021494000 0.000836000
v 0.006679000 0.028982000 -0.000124000
v 0.007069000 0.026948000 0.000229000
v 0.007912000 0.021494000 0.000836000
v 0.006679000 0.028982000 -0.000124000
v 0.002912000 0.044020000 -0.001556000
v 0.007069000 0.026948000 0.000229000
v 0.006858000 0.027614000 0.000153000
v 0.007915000 0.018760000 0.001144000
v 0.007069000 0.026948000 0.000229000
v 0.007987000 0.018758000 0.001117000
v 0.006881000 0.011951000 0.000994000
v 0.006492000 0.010603000 0.000803000
v 0.003479000 0.041875000 -0.001507000
v 0.002912000 0.044020000 -0.001556000
v 0.006679000 0.028982000 -0.000124000
v 0.002912000 0.044020000 -0.001556000
v 0.003479000 0.041875000 -0.001507000
v 0.002935000 0.044025000 -0.001603000
v 0.007987000 0.018758000 0.001117000
v 0.007069000 0.026948000 0.000229000
v 0.007915000 0.018760000 0.001144000
v 0.007915000 0.018760000 0.001144000
v 0.006881000 0.011951000 0.000994000
v 0.007987000 0.018758000 0.001117000
v 0.002870000 0.044011000 -0.001528000
v 0.002820000 0.043998000 -0.001524000
v 0.003365000 0.041851000 -0.001426000
v 0.002870000 0.044011000 -0.001528000
v 0.003365000 0.041851000 -0.001426000
v 0.006858000 0.027614000 0.000153000
v 0.002870000 0.044011000 -0.001528000
v 0.006858000 0.027614000 0.000153000
v 0.007069000 0.026948000 0.000229000
v 0.002870000 0.044011000 -0.001528000
v 0.007069000 0.026948000 0.000229000
v 0.002912000 0.044020000 -0.001556000
v 0.003845000 0.005498000 -0.000359000
v 0.006492000 0.010603000 0.000803000
v 0.003806000 0.005515000 -0.000329000
v 0.003806000 0.005515000 -0.000329000
v 0.006492000 0.010603000 0.000803000
v 0.006881000 0.011951000 0.000994000
v 0.003806000 0.005515000 -0.000329000
v 0.006881000 0.011951000 0.000994000
v 0.003762000 0.005543000 -0.000324000
v 0.007912000 0.021494000 0.000836000
v 0.007987000 0.018758000 0.001117000
v 0.007851000 0.016013000 0.001122000
v 0.007851000 0.016013000 0.001122000
v 0.007987000 0.018758000 0.001117000
v 0.006492000 0.010603000 0.000803000
v 0.007851000 0.016013000 0.001122000
v 0.006492000 0.010603000 0.000803000
v 0.006529000 0.010599000 0.000736000
v 0.006529000 0.010599000 0.000736000
v 0.006492000 0.010603000 0.000803000
v 0.003845000 0.005498000 -0.000359000
v 0.006529000 0.010599000 0.000736000
v 0.003845000 0.005498000 -0.000359000
v 0.003869000 0.005496000 -0.000405000
v 0.003766000 0.005456000 -0.000348000
v 0.003762000 0.005543000 -0.000324000
v 0.003722000 0.005485000 -0.000343000
v 0.003762000 0.005543000 -0.000324000
v 0.003766000 0.005456000 -0.000348000
v 0.003806000 0.005515000 -0.000329000
v 0.003806000 0.005515000 -0.000329000
v 0.003766000 0.005456000 -0.000348000
v 0.003804000 0.005438000 -0.000377000
v 0.003806000 0.005515000 -0.000329000
v 0.003804000 0.005438000 -0.000377000
v 0.003845000 0.005498000 -0.000359000
v 0.003845000 0.005498000 -0.000359000
v 0.003804000 0.005438000 -0.000377000
v 0.003829000 0.005436000 -0.000423000
v 0.003845000 0.005498000 -0.000359000
v 0.003829000 0.005436000 -0.000423000
v 0.003869000 0.005496000 -0.000405000
v 0.003064000 0.004717000 -0.000672000
v 0.003722000 0.005485000 -0.000343000
v 0.003030000 0.004754000 -0.000662000
v 0.003722000 0.005485000 -0.000343000
v 0.003064000 0.004717000 -0.000672000
v 0.003766000 0.005456000 -0.000348000
v 0.003766000 0.005456000 -0.000348000
v 0.003064000 0.004717000 -0.000672000
v 0.003097000 0.004694000 -0.000705000
v 0.003766000 0.005456000 -0.000348000
v 0.003097000 0.004694000 -0.000705000
v 0.003804000 0.005438000 -0.000377000
v 0.003804000 0.005438000 -0.000377000
v 0.003097000 0.004694000 -0.000705000
v 0.003120000 0.004692000 -0.000752000
v 0.003804000 0.005438000 -0.000377000
v 0.003120000 0.004692000 -0.000752000
v 0.003829000 0.005436000 -0.000423000
v 0.003099000 0.004787000 -0.001060000
v 0.001810000 0.005525000 -0.001410000
v 0.003831000 0.005530000 -0.000725000
v 0.003099000 0.004787000 -0.001060000
v 0.003026000 0.004677000 -0.001106000
v 0.001810000 0.005525000 -0.001410000
v -0.003698000 0.005495000 -0.004591000
v -0.001954000 0.005508000 -0.003342000
v -0.000116000 0.005518000 -0.002281000
v 0.003026000 0.004677000 -0.001106000
v 0.003021000 0.004600000 -0.001123000
v 0.001810000 0.005525000 -0.001410000
v 0.001810000 0.005525000 -0.001410000
v 0.003021000 0.004600000 -0.001123000
v -0.000006000 0.005503000 -0.002226000
v 0.001810000 0.005525000 -0.001410000
v -0.000006000 0.005503000 -0.002226000
v -0.000116000 0.005518000 -0.002281000
v -0.003698000 0.005495000 -0.004591000
v -0.000116000 0.005518000 -0.002281000
v -0.003177000 0.004661000 -0.004228000
v -0.003177000 0.004661000 -0.004228000
v -0.000116000 0.005518000 -0.002281000
v -0.000006000 0.005503000 -0.002226000
v -0.003177000 0.004661000 -0.004228000
v -0.000006000 0.005503000 -0.002226000
v -0.003113000 0.004538000 -0.004195000
v -0.003711000 0.005535000 -0.004602000
v -0.001954000 0.005508000 -0.003342000
v -0.003698000 0.005495000 -0.004591000
v -0.003711000 0.005535000 -0.004602000
v -0.005195000 0.011222000 -0.005758000
v -0.001954000 0.005508000 -0.003342000
v -0.004912000 0.044022000 -0.003478000
v -0.001011000 0.044022000 -0.002698000
v -0.004913000 0.044015000 -0.003478000
v 0.001810000 0.005525000 -0.001410000
v -0.000116000 0.005518000 -0.002281000
v 0.002092000 0.010200000 -0.000766000
v 0.002898000 0.044005000 -0.001916000
v 0.006299000 0.030394000 -0.000638000
v 0.001144000 0.038126000 -0.002179000
v 0.001144000 0.038126000 -0.002179000
v 0.006299000 0.030394000 -0.000638000
v 0.002429000 0.027320000 -0.001241000
v 0.002429000 0.027320000 -0.001241000
v 0.006299000 0.030394000 -0.000638000
v 0.007822000 0.021563000 0.000523000
v 0.002429000 0.027320000 -0.001241000
v 0.007822000 0.021563000 0.000523000
v 0.002599000 0.018074000 -0.000151000
v 0.007822000 0.021563000 0.000523000
v 0.007590000 0.014768000 0.000793000
v 0.002599000 0.018074000 -0.000151000
v 0.002092000 0.010200000 -0.000766000
v 0.002599000 0.018074000 -0.000151000
v 0.007590000 0.014768000 0.000793000
v 0.003831000 0.005530000 -0.000725000
v 0.001810000 0.005525000 -0.001410000
v 0.003870000 0.005588000 -0.000707000
v -0.005090000 0.041107000 -0.003614000
v -0.001943000 0.032252000 -0.002939000
v -0.005888000 0.028891000 -0.004915000
v -0.005888000 0.028891000 -0.004915000
v -0.001943000 0.032252000 -0.002939000
v -0.001950000 0.024168000 -0.002702000
v -0.005888000 0.028891000 -0.004915000
v -0.001950000 0.024168000 -0.002702000
v -0.006096000 0.019364000 -0.005976000
v -0.001950000 0.024168000 -0.002702000
v -0.001963000 0.015143000 -0.002505000
v -0.006096000 0.019364000 -0.005976000
v -0.006096000 0.019364000 -0.005976000
v -0.001963000 0.015143000 -0.002505000
v -0.005195000 0.011222000 -0.005758000
v 0.001144000 0.038126000 -0.002179000
v 0.002429000 0.027320000 -0.001241000
v -0.001943000 0.032252000 -0.002939000
v -0.001943000 0.032252000 -0.002939000
v 0.002429000 0.027320000 -0.001241000
v -0.001950000 0.024168000 -0.002702000
v -0.001950000 0.024168000 -0.002702000
v 0.002429000 0.027320000 -0.001241000
v 0.002599000 0.018074000 -0.000151000
v -0.001950000 0.024168000 -0.002702000
v 0.002599000 0.018074000 -0.000151000
v -0.001963000 0.015143000 -0.002505000
v 0.002092000 0.010200000 -0.000766000
v -0.001963000 0.015143000 -0.002505000
v 0.002599000 0.018074000 -0.000151000
v 0.002891000 0.044029000 -0.001918000
v 0.002898000 0.044005000 -0.001916000
v -0.001011000 0.044022000 -0.002698000
v -0.001011000 0.044022000 -0.002698000
v 0.002898000 0.044005000 -0.001916000
v 0.001144000 0.038126000 -0.002179000
v -0.001011000 0.044022000 -0.002698000
v 0.001144000 0.038126000 -0.002179000
v -0.004913000 0.044015000 -0.003478000
v -0.004913000 0.044015000 -0.003478000
v 0.001144000 0.038126000 -0.002179000
v -0.001943000 0.032252000 -0.002939000
v -0.004913000 0.044015000 -0.003478000
v -0.001943000 0.032252000 -0.002939000
v -0.005090000 0.041107000 -0.003614000
v 0.002092000 0.010200000 -0.000766000
v -0.000116000 0.005518000 -0.002281000
v -0.001963000 0.015143000 -0.002505000
v -0.001963000 0.015143000 -0.002505000
v -0.000116000 0.005518000 -0.002281000
v -0.001954000 0.005508000 -0.003342000
v -0.001963000 0.015143000 -0.002505000
v -0.001954000 0.005508000 -0.003342000
v -0.005195000 0.011222000 -0.005758000
v 0.003870000 0.005588000 -0.000707000
v 0.001810000 0.005525000 -0.001410000
v 0.005700000 0.008824000 0.000111000
v 0.005700000 0.008824000 0.000111000
v 0.001810000 0.005525000 -0.001410000
v 0.002092000 0.010200000 -0.000766000
v 0.005700000 0.008824000 0.000111000
v 0.002092000 0.010200000 -0.000766000
v 0.007590000 0.014768000 0.000793000
v -0.004855000 0.044141000 -0.003464000
v -0.004555000 0.044331000 -0.003400000
v 0.002563000 0.044288000 -0.001979000
v -0.004855000 0.044141000 -0.003464000
v 0.002563000 0.044288000 -0.001979000
v 0.002832000 0.044116000 -0.001927000
v -0.004855000 0.044141000 -0.003464000
v 0.002832000 0.044116000 -0.001927000
v 0.002891000 0.044029000 -0.001918000
v -0.004855000 0.044141000 -0.003464000
v 0.002891000 0.044029000 -0.001918000
v -0.001011000 0.044022000 -0.002698000
v -0.004855000 0.044141000 -0.003464000
v -0.001011000 0.044022000 -0.002698000
v -0.004912000 0.044022000 -0.003478000
v -0.004555000 0.044331000 -0.003400000
v -0.003000000 0.044646000 -0.003084000
v 0.002563000 0.044288000 -0.001979000
v 0.002563000 0.044288000 -0.001979000
v -0.003000000 0.044646000 -0.003084000
v 0.001803000 0.044507000 -0.002128000
v -0.003261000 0.004522000 -0.004157000
v -0.003193000 0.004482000 -0.004212000
v -0.003264000 0.004457000 -0.004152000
v -0.003295000 0.004407000 -0.004179000
v -0.003264000 0.004457000 -0.004152000
v -0.003193000 0.004482000 -0.004212000
v -0.003113000 0.004538000 -0.004195000
v -0.003193000 0.004482000 -0.004212000
v -0.003211000 0.004577000 -0.004220000
v -0.003177000 0.004661000 -0.004228000
v -0.003113000 0.004538000 -0.004195000
v -0.003210000 0.004623000 -0.004238000
v -0.003210000 0.004623000 -0.004238000
v -0.003113000 0.004538000 -0.004195000
v -0.003211000 0.004577000 -0.004220000
v -0.003210000 0.004623000 -0.004238000
v -0.003211000 0.004577000 -0.004220000
v -0.003249000 0.004592000 -0.004224000
v -0.003285000 0.004578000 -0.004189000
v -0.003249000 0.004592000 -0.004224000
v -0.003261000 0.004522000 -0.004157000
v -0.003261000 0.004522000 -0.004157000
v -0.003249000 0.004592000 -0.004224000
v -0.003211000 0.004577000 -0.004220000
v -0.003261000 0.004522000 -0.004157000
v -0.003211000 0.004577000 -0.004220000
v -0.003193000 0.004482000 -0.004212000
v 0.003072000 0.004635000 -0.001077000
v 0.003026000 0.004677000 -0.001106000
v 0.003124000 0.004745000 -0.001046000
v 0.003132000 0.004525000 -0.001030000
v 0.003070000 0.004567000 -0.001101000
v 0.003096000 0.004571000 -0.001033000
v 0.003099000 0.004787000 -0.001060000
v 0.003124000 0.004745000 -0.001046000
v 0.003026000 0.004677000 -0.001106000
v 0.003072000 0.004635000 -0.001077000
v 0.003124000 0.004745000 -0.001046000
v 0.003135000 0.004709000 -0.001011000
v 0.003072000 0.004635000 -0.001077000
v 0.003135000 0.004709000 -0.001011000
v 0.003090000 0.004626000 -0.001013000
v 0.003128000 0.004689000 -0.000964000
v 0.003090000 0.004626000 -0.001013000
v 0.003135000 0.004709000 -0.001011000
v 0.003090000 0.004626000 -0.001013000
v 0.003096000 0.004571000 -0.001033000
v 0.003072000 0.004635000 -0.001077000
v 0.003072000 0.004635000 -0.001077000
v 0.003096000 0.004571000 -0.001033000
v 0.003070000 0.004567000 -0.001101000
v 0.003072000 0.004635000 -0.001077000
v 0.003070000 0.004567000 -0.001101000
v 0.003026000 0.004677000 -0.001106000
v 0.003026000 0.004677000 -0.001106000
v 0.003070000 0.004567000 -0.001101000
v 0.003021000 0.004600000 -0.001123000
v 0.003099000 0.004787000 -0.001060000
v 0.003831000 0.005530000 -0.000725000
v 0.003124000 0.004745000 -0.001046000
v 0.003124000 0.004745000 -0.001046000
v 0.003831000 0.005530000 -0.000725000
v 0.003866000 0.005498000 -0.000705000
v 0.003124000 0.004745000 -0.001046000
v 0.003866000 0.005498000 -0.000705000
v 0.003135000 0.004709000 -0.001011000
v 0.003135000 0.004709000 -0.001011000
v 0.003866000 0.005498000 -0.000705000
v 0.003885000 0.005472000 -0.000665000
v 0.003135000 0.004709000 -0.001011000
v 0.003885000 0.005472000 -0.000665000
v 0.003128000 0.004689000 -0.000964000
v 0.003128000 0.004689000 -0.000964000
v 0.003885000 0.005472000 -0.000665000
v 0.003882000 0.005458000 -0.000615000
v 0.003831000 0.005530000 -0.000725000
v 0.003870000 0.005588000 -0.000707000
v 0.003866000 0.005498000 -0.000705000
v 0.003866000 0.005498000 -0.000705000
v 0.003870000 0.005588000 -0.000707000
v 0.003906000 0.005557000 -0.000687000
v 0.003866000 0.005498000 -0.000705000
v 0.003906000 0.005557000 -0.000687000
v 0.003885000 0.005472000 -0.000665000
v 0.003885000 0.005472000 -0.000665000
v 0.003906000 0.005557000 -0.000687000
v 0.003926000 0.005532000 -0.000646000
v 0.003885000 0.005472000 -0.000665000
v 0.003926000 0.005532000 -0.000646000
v 0.003882000 0.005458000 -0.000615000
v 0.003882000 0.005458000 -0.000615000
v 0.003926000 0.005532000 -0.000646000
v 0.003923000 0.005519000 -0.000596000
v 0.003870000 0.005588000 -0.000707000
v 0.006809000 0.011389000 0.000568000
v 0.003906000 0.005557000 -0.000687000
v 0.003870000 0.005588000 -0.000707000
v 0.005700000 0.008824000 0.000111000
v 0.006809000 0.011389000 0.000568000
v 0.007852000 0.022264000 0.000557000
v 0.007822000 0.021563000 0.000523000
v 0.006299000 0.030394000 -0.000638000
v 0.007852000 0.022264000 0.000557000
v 0.006299000 0.030394000 -0.000638000
v 0.006378000 0.030428000 -0.000526000
v 0.006299000 0.030394000 -0.000638000
v 0.002943000 0.044017000 -0.001894000
v 0.006378000 0.030428000 -0.000526000
v 0.006378000 0.030428000 -0.000526000
v 0.002943000 0.044017000 -0.001894000
v 0.002971000 0.044025000 -0.001851000
v 0.007941000 0.016798000 0.000917000
v 0.006809000 0.011389000 0.000568000
v 0.007590000 0.014768000 0.000793000
v 0.007590000 0.014768000 0.000793000
v 0.007822000 0.021563000 0.000523000
v 0.007941000 0.016798000 0.000917000
v 0.007941000 0.016798000 0.000917000
v 0.007822000 0.021563000 0.000523000
v 0.007852000 0.022264000 0.000557000
v 0.007590000 0.014768000 0.000793000
v 0.006809000 0.011389000 0.000568000
v 0.005700000 0.008824000 0.000111000
v 0.003906000 0.005557000 -0.000687000
v 0.006809000 0.011389000 0.000568000
v 0.003926000 0.005532000 -0.000646000
v 0.002898000 0.044005000 -0.001916000
v 0.002943000 0.044017000 -0.001894000
v 0.006299000 0.030394000 -0.000638000
v 0.002974000 0.044028000 -0.001799000
v 0.006378000 0.030428000 -0.000526000
v 0.002971000 0.044025000 -0.001851000
v 0.006809000 0.011389000 0.000568000
v 0.007941000 0.016798000 0.000917000
v 0.006828000 0.011374000 0.000640000
v 0.006809000 0.011389000 0.000568000
v 0.006828000 0.011374000 0.000640000
v 0.003926000 0.005532000 -0.000646000
v 0.003926000 0.005532000 -0.000646000
v 0.006828000 0.011374000 0.000640000
v 0.004056000 0.005721000 -0.000535000
v 0.003926000 0.005532000 -0.000646000
v 0.004056000 0.005721000 -0.000535000
v 0.003923000 0.005519000 -0.000596000
v 0.002933000 0.044048000 -0.001895000
v 0.002898000 0.044005000 -0.001916000
v 0.002891000 0.044029000 -0.001918000
v 0.002898000 0.044005000 -0.001916000
v 0.002933000 0.044048000 -0.001895000
v 0.002943000 0.044017000 -0.001894000
v 0.002943000 0.044017000 -0.001894000
v 0.002933000 0.044048000 -0.001895000
v 0.002959000 0.044061000 -0.001852000
v 0.002943000 0.044017000 -0.001894000
v 0.002959000 0.044061000 -0.001852000
v 0.002971000 0.044025000 -0.001851000
v 0.002971000 0.044025000 -0.001851000
v 0.002959000 0.044061000 -0.001852000
v 0.002962000 0.044065000 -0.001800000
v 0.002971000 0.044025000 -0.001851000
v 0.002962000 0.044065000 -0.001800000
v 0.002974000 0.044028000 -0.001799000
v 0.002745000 0.044269000 -0.001912000
v 0.001595000 0.044615000 -0.002137000
v 0.002583000 0.044378000 -0.001871000
v 0.002821000 0.044240000 -0.001826000
v 0.002745000 0.044269000 -0.001912000
v 0.002583000 0.044378000 -0.001871000
v 0.002821000 0.044240000 -0.001826000
v 0.002959000 0.044061000 -0.001852000
v 0.002745000 0.044269000 -0.001912000
v 0.002832000 0.044116000 -0.001927000
v 0.002563000 0.044288000 -0.001979000
v 0.002745000 0.044269000 -0.001912000
v 0.002933000 0.044048000 -0.001895000
v 0.002832000 0.044116000 -0.001927000
v 0.002745000 0.044269000 -0.001912000
v 0.001803000 0.044507000 -0.002128000
v -0.003000000 0.044646000 -0.003084000
v 0.001595000 0.044615000 -0.002137000
v 0.002745000 0.044269000 -0.001912000
v 0.001803000 0.044507000 -0.002128000
v 0.001595000 0.044615000 -0.002137000
v -0.003000000 0.044646000 -0.003084000
v -0.004555000 0.044331000 -0.003400000
v -0.003866000 0.044596000 -0.003228000
v -0.004555000 0.044331000 -0.003400000
v -0.004855000 0.044141000 -0.003464000
v -0.004794000 0.044288000 -0.003419000
v -0.003866000 0.044596000 -0.003228000
v -0.004555000 0.044331000 -0.003400000
v -0.004794000 0.044288000 -0.003419000
v -0.004794000 0.044288000 -0.003419000
v -0.004855000 0.044141000 -0.003464000
v -0.004966000 0.044106000 -0.003457000
v 0.002832000 0.044116000 -0.001927000
v 0.002933000 0.044048000 -0.001895000
v 0.002891000 0.044029000 -0.001918000
v 0.002959000 0.044061000 -0.001852000
v 0.002933000 0.044048000 -0.001895000
v 0.002745000 0.044269000 -0.001912000
v 0.002942000 0.044105000 -0.001803000
v 0.002959000 0.044061000 -0.001852000
v 0.002821000 0.044240000 -0.001826000
v 0.002959000 0.044061000 -0.001852000
v 0.002942000 0.044105000 -0.001803000
v 0.002962000 0.044065000 -0.001800000
v 0.002563000 0.044288000 -0.001979000
v 0.001803000 0.044507000 -0.002128000
v 0.002745000 0.044269000 -0.001912000
v 0.001801000 0.044603000 -0.002023000
v 0.002583000 0.044378000 -0.001871000
v 0.001595000 0.044615000 -0.002137000
v -0.005007000 0.044030000 -0.003446000
v -0.004966000 0.044106000 -0.003457000
v -0.004964000 0.044027000 -0.003475000
v -0.004964000 0.044027000 -0.003475000
v -0.004966000 0.044106000 -0.003457000
v -0.004855000 0.044141000 -0.003464000
v -0.004964000 0.044027000 -0.003475000
v -0.004855000 0.044141000 -0.003464000
v -0.004912000 0.044022000 -0.003478000
v -0.003000000 0.044646000 -0.003084000
v -0.003866000 0.044596000 -0.003228000
v 0.001595000 0.044615000 -0.002137000
v 0.001595000 0.044615000 -0.002137000
v -0.003866000 0.044596000 -0.003228000
v -0.002337000 0.044795000 -0.002846000
v 0.001595000 0.044615000 -0.002137000
v -0.002337000 0.044795000 -0.002846000
v 0.001801000 0.044603000 -0.002023000
v -0.002337000 0.044795000 -0.002846000
v -0.003866000 0.044596000 -0.003228000
v -0.004449000 0.044482000 -0.003274000
v -0.004449000 0.044482000 -0.003274000
v -0.003866000 0.044596000 -0.003228000
v -0.004794000 0.044288000 -0.003419000
v -0.004449000 0.044482000 -0.003274000
v -0.004794000 0.044288000 -0.003419000
v -0.004842000 0.044299000 -0.003356000
v -0.004842000 0.044299000 -0.003356000
v -0.004794000 0.044288000 -0.003419000
v -0.004966000 0.044106000 -0.003457000
v -0.004842000 0.044299000 -0.003356000
v -0.004966000 0.044106000 -0.003457000
v -0.004990000 0.044148000 -0.003389000
v -0.004990000 0.044148000 -0.003389000
v -0.004966000 0.044106000 -0.003457000
v -0.005007000 0.044030000 -0.003446000
v -0.004990000 0.044148000 -0.003389000
v -0.005007000 0.044030000 -0.003446000
v -0.005029000 0.044030000 -0.003399000
v -0.004964000 0.044018000 -0.003475000
v -0.004912000 0.044022000 -0.003478000
v -0.004913000 0.044015000 -0.003478000
v -0.004912000 0.044022000 -0.003478000
v -0.004964000 0.044018000 -0.003475000
v -0.004964000 0.044027000 -0.003475000
v -0.004964000 0.044027000 -0.003475000
v -0.004964000 0.044018000 -0.003475000
v -0.005007000 0.044020000 -0.003446000
v -0.004964000 0.044027000 -0.003475000
v -0.005007000 0.044020000 -0.003446000
v -0.005007000 0.044030000 -0.003446000
v -0.005007000 0.044030000 -0.003446000
v -0.005007000 0.044020000 -0.003446000
v -0.005030000 0.044020000 -0.003400000
v -0.005007000 0.044030000 -0.003446000
v -0.005030000 0.044020000 -0.003400000
v -0.005029000 0.044030000 -0.003399000
v -0.005888000 0.028891000 -0.004915000
v -0.006096000 0.019364000 -0.005976000
v -0.006237000 0.019360000 -0.005985000
v -0.005888000 0.028891000 -0.004915000
v -0.006237000 0.019360000 -0.005985000
v -0.006064000 0.028216000 -0.004974000
v -0.005007000 0.044020000 -0.003446000
v -0.005888000 0.028891000 -0.004915000
v -0.006064000 0.028216000 -0.004974000
v -0.003755000 0.005515000 -0.004620000
v -0.005195000 0.011222000 -0.005758000
v -0.003711000 0.005535000 -0.004602000
v -0.005195000 0.011222000 -0.005758000
v -0.003755000 0.005515000 -0.004620000
v -0.003805000 0.005501000 -0.004612000
v -0.005576000 0.012531000 -0.005913000
v -0.005195000 0.011222000 -0.005758000
v -0.003805000 0.005501000 -0.004612000
v -0.005576000 0.012531000 -0.005913000
v -0.006096000 0.019364000 -0.005976000
v -0.005195000 0.011222000 -0.005758000
v -0.006237000 0.019360000 -0.005985000
v -0.006096000 0.019364000 -0.005976000
v -0.005576000 0.012531000 -0.005913000
v -0.005576000 0.012531000 -0.005913000
v -0.003805000 0.005501000 -0.004612000
v -0.003845000 0.005497000 -0.004580000
v -0.005210000 0.041110000 -0.003540000
v -0.005007000 0.044020000 -0.003446000
v -0.006064000 0.028216000 -0.004974000
v -0.005007000 0.044020000 -0.003446000
v -0.005210000 0.041110000 -0.003540000
v -0.005030000 0.044020000 -0.003400000
v -0.004964000 0.044018000 -0.003475000
v -0.004913000 0.044015000 -0.003478000
v -0.005090000 0.041107000 -0.003614000
v -0.004964000 0.044018000 -0.003475000
v -0.005090000 0.041107000 -0.003614000
v -0.005888000 0.028891000 -0.004915000
v -0.004964000 0.044018000 -0.003475000
v -0.005888000 0.028891000 -0.004915000
v -0.005007000 0.044020000 -0.003446000
v -0.003711000 0.005535000 -0.004602000
v -0.003698000 0.005495000 -0.004591000
v -0.003755000 0.005515000 -0.004620000
v -0.003755000 0.005515000 -0.004620000
v -0.003698000 0.005495000 -0.004591000
v -0.003742000 0.005475000 -0.004608000
v -0.003755000 0.005515000 -0.004620000
v -0.003742000 0.005475000 -0.004608000
v -0.003805000 0.005501000 -0.004612000
v -0.003805000 0.005501000 -0.004612000
v -0.003742000 0.005475000 -0.004608000
v -0.003791000 0.005460000 -0.004600000
v -0.003805000 0.005501000 -0.004612000
v -0.003791000 0.005460000 -0.004600000
v -0.003845000 0.005497000 -0.004580000
v -0.003845000 0.005497000 -0.004580000
v -0.003791000 0.005460000 -0.004600000
v -0.003832000 0.005455000 -0.004568000
v -0.003698000 0.005495000 -0.004591000
v -0.003177000 0.004661000 -0.004228000
v -0.003742000 0.005475000 -0.004608000
v -0.003742000 0.005475000 -0.004608000
v -0.003177000 0.004661000 -0.004228000
v -0.003210000 0.004623000 -0.004238000
v -0.003742000 0.005475000 -0.004608000
v -0.003210000 0.004623000 -0.004238000
v -0.003791000 0.005460000 -0.004600000
v -0.003791000 0.005460000 -0.004600000
v -0.003210000 0.004623000 -0.004238000
v -0.003249000 0.004592000 -0.004224000
v -0.003791000 0.005460000 -0.004600000
v -0.003249000 0.004592000 -0.004224000
v -0.003832000 0.005455000 -0.004568000
v -0.003832000 0.005455000 -0.004568000
v -0.003249000 0.004592000 -0.004224000
v -0.003285000 0.004578000 -0.004189000
v 0.003895000 -0.003887000 -0.005003000
v 0.003285000 0.000004000 -0.005003000
v 0.005503000 0.000006000 -0.005003000
v 0.003056000 -0.000551000 -0.005003000
v 0.003285000 0.000004000 -0.005003000
v 0.003895000 -0.003887000 -0.005003000
v 0.003285000 0.000004000 -0.005003000
v 0.003887000 0.003896000 -0.005003000
v 0.005503000 0.000006000 -0.005003000
v 0.003887000 0.003896000 -0.005003000
v 0.003285000 0.000004000 -0.005003000
v 0.003055000 0.000558000 -0.005003000
v -0.000006000 0.005503000 -0.005003000
v 0.003887000 0.003896000 -0.005003000
v 0.003055000 0.000558000 -0.005003000
v -0.000006000 0.005503000 -0.005003000
v 0.003055000 0.000558000 -0.005003000
v 0.002500000 0.000787000 -0.005003000
v -0.000006000 0.005503000 -0.005003000
v 0.002500000 0.000787000 -0.005003000
v 0.001946000 0.000557000 -0.005003000
v -0.000006000 0.005503000 -0.005003000
v 0.001946000 0.000557000 -0.005003000
v 0.001717000 0.000002000 -0.005003000
v -0.000006000 0.005503000 -0.005003000
v 0.001717000 0.000002000 -0.005003000
v -0.001717000 -0.000002000 -0.005003000
v -0.000006000 0.005503000 -0.005003000
v -0.001717000 -0.000002000 -0.005003000
v -0.001948000 0.000552000 -0.005003000
v -0.000006000 0.005503000 -0.005003000
v -0.001948000 0.000552000 -0.005003000
v -0.003895000 0.003887000 -0.005003000
v 0.000006000 -0.005503000 -0.005003000
v -0.003887000 -0.003895000 -0.005003000
v -0.001946000 -0.000556000 -0.005003000
v 0.000006000 -0.005503000 -0.005003000
v -0.001946000 -0.000556000 -0.005003000
v -0.001717000 -0.000002000 -0.005003000
v 0.000006000 -0.005503000 -0.005003000
v -0.001717000 -0.000002000 -0.005003000
v 0.001717000 0.000002000 -0.005003000
v 0.000006000 -0.005503000 -0.005003000
v 0.001717000 0.000002000 -0.005003000
v 0.001948000 -0.000552000 -0.005003000
v 0.000006000 -0.005503000 -0.005003000
v 0.001948000 -0.000552000 -0.005003000
v 0.002502000 -0.000781000 -0.005003000
v 0.000006000 -0.005503000 -0.005003000
v 0.002502000 -0.000781000 -0.005003000
v 0.003056000 -0.000551000 -0.005003000
v 0.000006000 -0.005503000 -0.005003000
v 0.003056000 -0.000551000 -0.005003000
v 0.003895000 -0.003887000 -0.005003000
v -0.003887000 -0.003895000 -0.005003000
v -0.005503000 -0.000006000 -0.005003000
v -0.003285000 -0.000003000 -0.005003000
v -0.003887000 -0.003895000 -0.005003000
v -0.003285000 -0.000003000 -0.005003000
v -0.003055000 -0.000557000 -0.005003000
v -0.003887000 -0.003895000 -0.005003000
v -0.003055000 -0.000557000 -0.005003000
v -0.002500000 -0.000786000 -0.005003000
v -0.003887000 -0.003895000 -0.005003000
v -0.002500000 -0.000786000 -0.005003000
v -0.001946000 -0.000556000 -0.005003000
v -0.003895000 0.003887000 -0.005003000
v -0.001948000 0.000552000 -0.005003000
v -0.002502000 0.000781000 -0.005003000
v -0.003895000 0.003887000 -0.005003000
v -0.002502000 0.000781000 -0.005003000
v -0.003056000 0.000551000 -0.005003000
v -0.003895000 0.003887000 -0.005003000
v -0.003056000 0.000551000 -0.005003000
v -0.003285000 -0.000003000 -0.005003000
v -0.003895000 0.003887000 -0.005003000
v -0.003285000 -0.000003000 -0.005003000
v -0.005503000 -0.000006000 -0.005003000
v 0.005503000 0.000006000 0.000000000
v 0.003285000 0.000004000 0.000000000
v 0.003895000 -0.003887000 0.000000000
v 0.003895000 -0.003887000 0.000000000
v 0.003285000 0.000004000 0.000000000
v 0.003056000 -0.000551000 0.000000000
v 0.005503000 0.000006000 0.000000000
v 0.003887000 0.003896000 0.000000000
v 0.003285000 0.000004000 0.000000000
v 0.003055000 0.000558000 0.000000000
v 0.003285000 0.000004000 0.000000000
v 0.003887000 0.003896000 0.000000000
v -0.000006000 0.005503000 0.000000000
v -0.003895000 0.003887000 0.000000000
v -0.001948000 0.000552000 0.000000000
v -0.000006000 0.005503000 0.000000000
v -0.001948000 0.000552000 0.000000000
v -0.001717000 -0.000002000 0.000000000
v -0.000006000 0.005503000 0.000000000
v -0.001717000 -0.000002000 0.000000000
v 0.001717000 0.000002000 0.000000000
v -0.000006000 0.005503000 0.000000000
v 0.001717000 0.000002000 0.000000000
v 0.001946000 0.000557000 0.000000000
v -0.000006000 0.005503000 0.000000000
v 0.001946000 0.000557000 0.000000000
v 0.002500000 0.000787000 0.000000000
v -0.000006000 0.005503000 0.000000000
v 0.002500000 0.000787000 0.000000000
v 0.003055000 0.000558000 0.000000000
v -0.000006000 0.005503000 0.000000000
v 0.003055000 0.000558000 0.000000000
v 0.003887000 0.003896000 0.000000000
v 0.000006000 -0.005503000 0.000000000
v 0.003895000 -0.003887000 0.000000000
v 0.003056000 -0.000551000 0.000000000
v 0.000006000 -0.005503000 0.000000000
v 0.003056000 -0.000551000 0.000000000
v 0.002502000 -0.000781000 0.000000000
v 0.000006000 -0.005503000 0.000000000
v 0.002502000 -0.000781000 0.000000000
v 0.001948000 -0.000552000 0.000000000
v 0.000006000 -0.005503000 0.000000000
v 0.001948000 -0.000552000 0.000000000
v 0.001717000 0.000002000 0.000000000
v 0.000006000 -0.005503000 0.000000000
v 0.001717000 0.000002000 0.000000000
v -0.001717000 -0.000002000 0.000000000
v 0.000006000 -0.005503000 0.000000000
v -0.001717000 -0.000002000 0.000000000
v -0.001946000 -0.000556000 0.000000000
v 0.000006000 -0.005503000 0.000000000
v -0.001946000 -0.000556000 0.000000000
v -0.003887000 -0.003895000 0.000000000
v -0.003887000 -0.003895000 0.000000000
v -0.001946000 -0.000556000 0.000000000
v -0.002500000 -0.000786000 0.000000000
v -0.003887000 -0.003895000 0.000000000
v -0.002500000 -0.000786000 0.000000000
v -0.003055000 -0.000557000 0.000000000
v -0.003887000 -0.003895000 0.000000000
v -0.003055000 -0.000557000 0.000000000
v -0.003285000 -0.000003000 0.000000000
v -0.003887000 -0.003895000 0.000000000
v -0.003285000 -0.000003000 0.000000000
v -0.005503000 -0.000006000 0.000000000
v -0.003895000 0.003887000 0.000000000
v -0.005503000 -0.000006000 0.000000000
v -0.003285000 -0.000003000 0.000000000
v -0.003895000 0.003887000 0.000000000
v -0.003285000 -0.000003000 0.000000000
v -0.003056000 0.000551000 0.000000000
v -0.003895000 0.003887000 0.000000000
v -0.003056000 0.000551000 0.000000000
v -0.002502000 0.000781000 0.000000000
v -0.003895000 0.003887000 0.000000000
v -0.002502000 0.000781000 0.000000000
v -0.001948000 0.000552000 0.000000000
v -0.003285000 -0.000003000 -0.005003000
v -0.003055000 -0.000557000 0.000000000
v -0.003055000 -0.000557000 -0.005003000
v -0.003055000 -0.000557000 -0.005003000
v -0.003055000 -0.000557000 0.000000000
v -0.002500000 -0.000786000 0.000000000
v -0.003055000 -0.000557000 -0.005003000
v -0.002500000 -0.000786000 0.000000000
v -0.002500000 -0.000786000 -0.005003000
v -0.003055000 -0.000557000 0.000000000
v -0.003285000 -0.000003000 -0.005003000
v -0.003285000 -0.000003000 0.000000000
v -0.003285000 -0.000003000 0.000000000
v -0.003285000 -0.000003000 -0.005003000
v -0.003056000 0.000551000 -0.005003000
v -0.003285000 -0.000003000 0.000000000
v -0.003056000 0.000551000 -0.005003000
v -0.003056000 0.000551000 0.000000000
v -0.003056000 0.000551000 0.000000000
v -0.003056000 0.000551000 -0.005003000
v -0.002502000 0.000781000 -0.005003000
v -0.003056000 0.000551000 0.000000000
v -0.002502000 0.000781000 -0.005003000
v -0.002502000 0.000781000 0.000000000
v -0.001717000 -0.000002000 -0.005003000
v -0.001948000 0.000552000 0.000000000
v -0.001948000 0.000552000 -0.005003000
v -0.001948000 0.000552000 -0.005003000
v -0.001948000 0.000552000 0.000000000
v -0.002502000 0.000781000 0.000000000
v -0.001948000 0.000552000 -0.005003000
v -0.002502000 0.000781000 0.000000000
v -0.002502000 0.000781000 -0.005003000
v -0.001948000 0.000552000 0.000000000
v -0.001717000 -0.000002000 -0.005003000
v -0.001717000 -0.000002000 0.000000000
v -0.001717000 -0.000002000 0.000000000
v -0.001717000 -0.000002000 -0.005003000
v -0.001946000 -0.000556000 -0.005003000
v -0.001717000 -0.000002000 0.000000000
v -0.001946000 -0.000556000 -0.005003000
v -0.001946000 -0.000556000 0.000000000
v -0.001946000 -0.000556000 0.000000000
v -0.001946000 -0.000556000 -0.005003000
v -0.002500000 -0.000786000 -0.005003000
v -0.001946000 -0.000556000 0.000000000
v -0.002500000 -0.000786000 -0.005003000
v -0.002500000 -0.000786000 0.000000000
v 0.001717000 0.000002000 -0.005003000
v 0.001948000 -0.000552000 0.000000000
v 0.001948000 -0.000552000 -0.005003000
v 0.001948000 -0.000552000 -0.005003000
v 0.001948000 -0.000552000 0.000000000
v 0.002502000 -0.000781000 0.000000000
v 0.001948000 -0.000552000 -0.005003000
v 0.002502000 -0.000781000 0.000000000
v 0.002502000 -0.000781000 -0.005003000
v 0.001948000 -0.000552000 0.000000000
v 0.001717000 0.000002000 -0.005003000
v 0.001717000 0.000002000 0.000000000
v 0.001717000 0.000002000 0.000000000
v 0.001717000 0.000002000 -0.005003000
v 0.001946000 0.000557000 -0.005003000
v 0.001717000 0.000002000 0.000000000
v 0.001946000 0.000557000 -0.005003000
v 0.001946000 0.000557000 0.000000000
v 0.001946000 0.000557000 0.000000000
v 0.001946000 0.000557000 -0.005003000
v 0.002500000 0.000787000 -0.005003000
v 0.001946000 0.000557000 0.000000000
v 0.002500000 0.000787000 -0.005003000
v 0.002500000 0.000787000 0.000000000
v 0.003285000 0.000004000 -0.005003000
v 0.003055000 0.000558000 0.000000000
v 0.003055000 0.000558000 -0.005003000
v 0.003055000 0.000558000 -0.005003000
v 0.003055000 0.000558000 0.000000000
v 0.002500000 0.000787000 0.000000000
v 0.003055000 0.000558000 -0.005003000
v 0.002500000 0.000787000 0.000000000
v 0.002500000 0.000787000 -0.005003000
v 0.003055000 0.000558000 0.000000000
v 0.003285000 0.000004000 -0.005003000
v 0.003285000 0.000004000 0.000000000
v 0.003285000 0.000004000 0.000000000
v 0.003285000 0.000004000 -0.005003000
v 0.003056000 -0.000551000 -0.005003000
v 0.003285000 0.000004000 0.000000000
v 0.003056000 -0.000551000 -0.005003000
v 0.003056000 -0.000551000 0.000000000
v 0.003056000 -0.000551000 0.000000000
v 0.003056000 -0.000551000 -0.005003000
v 0.002502000 -0.000781000 -0.005003000
v 0.003056000 -0.000551000 0.000000000
v 0.002502000 -0.000781000 -0.005003000
v 0.002502000 -0.000781000 0.000000000
vn -0.259915593 0.462527748 -0.847650852
vn -0.866908760 -0.498305035 -0.012700128
vn -0.225207346 0.487415900 -0.843627520
vn -0.897070527 -0.253291678 -0.362088104
vn 0.320007443 0.577813440 -0.750817464
vn -0.244504972 0.266805426 -0.932218957
vn -0.879118558 -0.452909561 -0.148403133
vn 0.271091317 0.962269179 0.023399251
vn 0.269904904 0.956617382 0.109701993
vn 0.790807370 -0.318602969 -0.522604871
vn 0.949840003 -0.311313111 -0.029801255
vn 0.870616124 -0.246404563 -0.425807886
vn 0.202793941 -0.265392070 0.942571836
vn 0.406094392 -0.550392399 0.729489926
vn 0.275398615 -0.301898481 0.912695409
vn 0.276692350 -0.517085703 0.809977604
vn 0.226298156 -0.398096756 0.888992755
vn 0.267202206 -0.355402934 0.895707394
vn 0.278387860 -0.302886791 0.911460252
vn 0.336983316 -0.434878470 0.835058657
vn 0.303102505 -0.406503360 0.861907124
vn 0.139999711 -0.187699612 0.972197992
vn 0.280298300 -0.074799546 0.956994196
vn 0.197893055 -0.285689974 0.937667093
vn 0.156096012 -0.350991032 0.923276411
vn 0.148002829 -0.253604848 0.955918273
vn 0.114601068 -0.160201493 0.980409137
vn 0.010299486 -0.151192457 0.988450687
vn -0.003700136 -0.185506799 0.982636014
vn 0.001400023 -0.226903769 0.973916177
vn 0.028401294 -0.221510090 0.974744401
vn 0.018700097 -0.181000943 0.983305123
vn 0.094600470 -0.206301025 0.973904840
vn 0.084196517 -0.177792646 0.980459444
vn 0.199694443 -0.264892628 0.943373746
vn 0.152996863 -0.155096820 0.975979988
vn 0.056499138 -0.123098123 0.990784891
vn 0.397889380 -0.582384456 0.708881080
vn 0.347100649 -0.603201128 0.718101343
vn 0.354090911 -0.471287902 0.807779265
vn 0.292295892 -0.521092676 0.801888730
vn 0.284895480 -0.274595644 0.918385430
vn 0.061099406 -0.315996927 0.946790793
vn 0.154003954 -0.359309225 0.920423632
vn 0.189297795 -0.419095118 0.887989655
vn 0.272301445 -0.474102515 0.837304442
vn 0.102301450 -0.189102680 0.976613839
vn 0.062398507 -0.211994928 0.975276667
vn 0.081598439 -0.257295078 0.962881580
vn 0.314890229 -0.495084638 0.809774873
vn 0.370492868 -0.363193009 0.854883544
vn 0.245990778 -0.256690377 0.934664960
vn -0.270606619 -0.456411164 -0.847620733
vn 0.865005917 -0.501603431 -0.012600086
vn -0.309514099 -0.438719984 -0.843638429
vn 0.667990635 -0.650190884 -0.361994925
vn -0.660305352 -0.011700095 -0.750906086
vn -0.108800146 -0.345200463 -0.932201249
vn 0.831786771 -0.534891493 -0.148397640
vn -0.968910435 -0.246302653 0.023400252
vn -0.963422207 -0.244505636 0.109702529
vn -0.119397567 0.844182796 -0.522589350
vn -0.205308486 0.978240432 -0.029901236
vn -0.221897216 0.877188996 -0.425794658
vn 0.128496409 0.308291383 0.942573655
vn 0.273595784 0.626890340 0.729488759
vn 0.123697945 0.389493529 0.912684836
vn 0.309395112 0.498192129 0.809987202
vn 0.231601788 0.395003049 0.889006863
vn 0.174201138 0.409102671 0.895705849
vn 0.123097408 0.392491736 0.911480809
vn 0.208108626 0.509321112 0.835034613
vn 0.200505178 0.465712027 0.861922259
vn 0.092599277 0.215098321 0.972192412
vn -0.075398258 0.280193528 0.956977894
vn 0.148393446 0.314286118 0.937658585
vn 0.225901575 0.310602165 0.923306435
vn 0.145602244 0.255003931 0.955914736
vn 0.081501023 0.179302250 0.980412304
vn 0.125793827 0.084495854 0.988451498
vn 0.162506561 0.089503613 0.982639670
vn 0.195802453 0.114701437 0.973912203
vn 0.177607548 0.135405754 0.974741423
vn 0.147400697 0.106700505 0.983304651
vn 0.131399397 0.185099150 0.973895530
vn 0.111895463 0.161793439 0.980460243
vn 0.129591579 0.305480149 0.943338699
vn 0.057799513 0.209998232 0.975991782
vn 0.078298991 0.110498576 0.990787229
vn 0.305411780 0.635724520 0.708927344
vn 0.348783548 0.602271592 0.718066130
vn 0.231095685 0.542289876 0.807784919
vn 0.305188046 0.513679880 0.801868591
vn 0.095399250 0.383996982 0.918392781
vn 0.243099190 0.210899298 0.946796847
vn 0.234205293 0.313007074 0.920420802
vn 0.268295823 0.373494185 0.887986174
vn 0.274399855 0.472899749 0.837299556
vn 0.112600644 0.183201048 0.976605586
vn 0.152397268 0.159997132 0.975282518
vn 0.181998098 0.199297917 0.962889938
vn 0.271287545 0.520276115 0.809762825
vn 0.129301406 0.502405461 0.854909293
vn 0.099296101 0.341386594 0.934663296
vn 0.294288002 0.953061144 0.071197097
vn 0.038298710 0.999266335 -0.000000000
vn 0.706512894 -0.667012173 0.236504316
vn 0.622877387 -0.772171967 -0.125595440
vn 0.381695156 0.924288271 -0.000000000
vn 0.924288271 -0.381695156 -0.000000000
vn 0.958565320 -0.247191057 -0.141594877
vn 0.974909374 -0.222602140 -0.000000000
vn 0.905127743 -0.373811457 0.202506207
vn 0.890073329 -0.429587128 0.152395434
vn 0.782200544 -0.456400317 -0.424100295
vn 0.945081538 -0.269094743 0.185496376
vn 0.904596273 0.375798452 -0.201199171
vn 0.909195013 0.391697852 -0.141199226
vn 0.638015182 0.770018323 0.002900069
vn 0.640312262 0.768114710 -0.000000000
vn 0.594098108 0.803397441 -0.039999873
vn 0.383685048 -0.923464013 -0.000000000
vn -0.148893489 -0.701969304 -0.696469544
vn 0.234500256 -0.972101060 0.005400006
vn 0.332190476 -0.799477079 0.500485651
vn 0.602105741 0.796407594 0.056600540
vn 0.598314785 0.798819739 0.062501544
vn 0.565490090 0.816385693 0.117197946
vn 0.345087268 0.835669169 0.427284236
vn 0.357712617 0.901631801 -0.243108575
vn 0.571101605 0.818602300 -0.061100172
vn 0.850568096 0.485481790 0.202092420
vn 0.923464013 0.383685048 -0.000000000
vn -0.381695156 -0.924288271 -0.000000000
vn -0.972164731 -0.226591779 0.059597838
vn -0.669856960 -0.115492579 -0.733452873
vn -0.770062264 -0.637968737 -0.000000000
vn -0.912681888 -0.379192475 0.152396976
vn -0.216699517 -0.573398721 0.790098238
vn -0.982295545 -0.167299241 -0.084299618
vn -0.913297027 0.377098773 0.153899499
vn -0.913973015 0.405688022 0.008399752
vn 0.335409905 -0.474714019 0.813724030
vn -0.242098753 -0.966695022 -0.082999573
vn -0.337303134 -0.816707587 -0.468204350
vn -0.622413737 0.782317266 0.024100532
vn -0.637726485 0.770131984 0.014200590
vn -0.661204800 0.750205447 -0.000000000
vn -0.924288271 0.381695156 -0.000000000
vn -0.921053202 0.380380673 -0.083495758
vn -0.913022182 0.407909910 -0.000000000
vn -0.416919842 0.908943258 -0.000000000
vn -0.429106209 0.890912892 0.148802153
vn -0.638741948 0.769150512 -0.020401340
vn -0.601706514 0.796108618 -0.064500698
vn -0.548910468 0.825215737 -0.133102538
vn 0.299981132 0.579763534 -0.757552351
vn -0.383685048 0.923464013 -0.000000000
vn -0.923464013 -0.383685048 -0.000000000
vn -0.651825220 -0.585722662 0.481718638
vn -0.756797105 -0.271498962 -0.594597726
vn -0.215395825 0.909482370 0.355593107
vn 0.418507694 -0.887316313 -0.193703561
vn 0.417889931 -0.886278645 -0.199695188
vn 0.330982245 -0.822255891 -0.462975164
vn 0.332193928 -0.805585274 -0.490591032
vn 0.238995729 -0.654288308 -0.717487179
vn 0.408196447 -0.737593579 -0.537895318
vn 0.333697594 -0.611195593 -0.717694825
vn 0.401785968 -0.406485804 -0.820571342
vn 0.470519306 -0.525521563 -0.708829084
vn 0.576470390 -0.346182219 -0.740161983
vn 0.648240205 -0.485430107 -0.586636384
vn -0.802891947 0.566594317 0.185298141
vn -0.800616425 0.569411682 0.186503826
vn -0.963035344 0.224808251 0.148405447
vn -0.962457335 0.226489960 0.149593369
vn -0.992976467 -0.049198834 0.107597450
vn -0.992896674 -0.047699840 0.108999635
vn -0.967096929 -0.243499227 0.073699766
vn -0.965056318 -0.260388214 0.029398669
vn -0.884050733 -0.453074751 0.114793603
vn -0.758617691 -0.420809813 0.497411600
vn -0.865188177 -0.464993646 -0.187697435
vn 0.202803032 -0.962514390 -0.180102693
vn 0.200708138 -0.963139051 -0.179107262
vn -0.208601321 -0.969106139 -0.131600834
vn -0.209707496 -0.968934635 -0.131104686
vn -0.526207764 -0.847112499 -0.074201095
vn -0.527816516 -0.846326482 -0.071702244
vn -0.746110890 -0.665609715 -0.016800245
vn -0.695722670 -0.652521263 -0.300309786
vn -0.783339536 -0.598430204 0.168108485
vn 0.119499305 -0.157299085 0.980294300
vn 0.120194884 -0.156993318 0.980258276
vn 0.116198185 -0.159197513 0.980384687
vn 0.112096569 -0.161595054 0.980469988
vn 0.115401530 -0.159602116 0.980413000
vn 0.114494819 -0.159992760 0.980455635
vn 0.114794528 -0.159792384 0.980453268
vn 0.111101808 -0.162002636 0.980515953
vn 0.114405518 -0.160107723 0.980447293
vn 0.111198771 -0.162098209 0.980489166
vn -0.526710205 0.839416264 0.134002596
vn -0.549602877 0.809604238 -0.206101079
vn -0.620820050 0.759924542 0.192606220
vn -0.676918934 0.735920584 0.014200397
vn -0.686001125 0.717401177 0.121400199
vn -0.697575669 0.703175474 0.137595201
vn -0.695663333 0.691763538 0.193689791
vn -0.387000726 0.902501692 -0.189000354
vn -0.331685972 0.595274823 0.731869046
vn -0.250099399 0.867397914 -0.430198965
vn -0.276207804 0.950126846 0.144804091
vn -0.031501382 0.998043790 0.054002369
vn -0.014300483 0.982933194 0.183406194
vn -0.030100230 0.223201703 -0.974307434
vn -0.126905996 0.199009403 -0.971745916
vn -0.256898835 0.328498510 -0.908895878
vn -0.221990711 0.389983681 -0.893662605
vn -0.398602222 0.581503242 -0.709203954
vn -0.406993218 0.550790821 -0.728687857
vn -0.278214100 0.515226112 -0.810641084
vn -0.277414320 0.302615621 -0.911847071
vn -0.114200797 0.160501119 -0.980406838
vn -0.147909613 0.253116451 -0.956062136
vn -0.156794709 0.351488139 -0.922968855
vn -0.084203275 0.177906920 -0.980438135
vn -0.093296839 0.202793128 -0.974766971
vn -0.018100150 0.180501496 -0.983408152
vn -0.154202957 0.360006903 -0.920117643
vn -0.060900151 0.316000782 -0.946802343
vn 0.024098915 0.188091533 -0.981855803
vn -0.035598896 0.222993087 -0.974169801
vn -0.032600838 0.133403431 -0.990525472
vn -0.139900774 0.125300693 -0.982205432
vn -0.199798037 0.264397402 -0.943490730
vn -0.197710430 0.141107444 -0.970051172
vn -0.256792612 0.214893818 -0.942272891
vn -0.275512132 0.313213793 -0.908840022
vn -0.345796174 0.599293369 -0.721992011
vn -0.353915567 0.475920934 -0.805135415
vn -0.362991669 0.464289345 -0.807881459
vn -0.319088913 0.392186374 -0.862770024
vn -0.327906188 0.440708316 -0.835615768
vn -0.235096561 0.494992758 -0.836487762
vn -0.227307207 0.398112622 -0.888728178
vn -0.226607082 0.398512454 -0.888727773
vn -0.081003448 0.256510920 -0.963141002
vn -0.061897817 0.212192516 -0.975265603
vn -0.102299515 0.189199102 -0.976595366
vn -0.115401530 0.159602116 -0.980413000
vn -0.112096569 0.161595054 -0.980469988
vn -0.116198185 0.159197513 -0.980384687
vn -0.118900322 0.157700427 -0.980302652
vn -0.119499305 0.157299085 -0.980294300
vn -0.111200573 0.162000835 -0.980505055
vn -0.114405518 0.160107723 -0.980447293
vn -0.111500460 0.161800668 -0.980504049
vn -0.115295233 0.159393409 -0.980459459
vn -0.115293394 0.159490862 -0.980443827
vn -0.113599241 0.160398928 -0.980493445
vn 0.559193978 0.806091318 -0.193697914
vn 0.558617024 0.805024533 -0.199706086
vn 0.546582127 0.697777183 -0.462984861
vn 0.531533820 0.690543937 -0.490531211
vn 0.447107272 0.534108687 -0.717511670
vn 0.434615025 0.722324971 -0.537918596
vn 0.362491173 0.594585522 -0.717682525
vn 0.151194917 0.551181470 -0.820572413
vn 0.219893894 0.670281387 -0.708780317
vn 0.011599975 0.672398544 -0.740098398
vn 0.096197685 0.804080646 -0.586685879
vn -0.089303059 -0.978633524 0.185206344
vn -0.092895714 -0.978054878 0.186491396
vn 0.286903233 -0.946410666 0.148301671
vn 0.284994956 -0.946783242 0.149597352
vn 0.539118152 -0.835328126 0.107603623
vn 0.537682391 -0.836072619 0.108996430
vn 0.694402538 -0.715802616 0.073700269
vn 0.708000099 -0.705600099 0.029400004
vn 0.834386979 -0.539091588 0.114798209
vn 0.743715548 -0.446509334 0.497510401
vn 0.835283453 -0.516789762 -0.187696282
vn 0.732140994 0.656936783 -0.180010079
vn 0.733721403 0.655419119 -0.179105225
vn 0.943574179 0.303891684 -0.131596399
vn 0.943966197 0.302889154 -0.131095306
vn 0.996730630 -0.032200990 -0.074102277
vn 0.996849674 -0.033901689 -0.071703573
vn 0.949505042 -0.313301664 -0.016800089
vn 0.912983781 -0.276195093 -0.300294665
vn 0.909914440 -0.379206018 0.168102668
vn 0.076498578 0.182196613 0.980281777
vn 0.075897907 0.182494968 0.980272969
vn 0.079799033 0.180197816 0.980388118
vn 0.083897153 0.177893963 0.980466728
vn 0.080500304 0.179800679 0.980403701
vn 0.081197950 0.179095478 0.980475243
vn 0.080996366 0.179291955 0.980456008
vn 0.084701941 0.177204060 0.980522464
vn 0.081503944 0.179108667 0.980447445
vn 0.084799721 0.177299417 0.980496774
vn -0.463587256 -0.875875923 0.133896319
vn -0.426305045 -0.880810424 -0.206002438
vn -0.347710205 -0.917626933 0.192505650
vn -0.298893949 -0.954180683 0.014199713
vn -0.278297678 -0.952792049 0.121398987
vn -0.260199962 -0.955699861 0.137599980
vn -0.251189489 -0.948360317 0.193691895
vn -0.588097774 -0.786397023 -0.188999285
vn -0.349598990 -0.584898310 0.731897885
vn -0.626111477 -0.650311920 -0.430207886
vn -0.684810009 -0.714210438 0.144702115
vn -0.848591998 -0.526295037 0.053899492
vn -0.844119073 -0.503811384 0.183404144
vn -0.178202048 -0.137701582 -0.974311195
vn -0.108904985 -0.209409585 -0.971744478
vn -0.156002176 -0.386705395 -0.908912679
vn -0.226792996 -0.387188042 -0.893672399
vn -0.304310356 -0.635921641 -0.709224135
vn -0.273491201 -0.627879798 -0.728676555
vn -0.307117657 -0.498528661 -0.810646605
vn -0.123402631 -0.391608349 -0.911819440
vn -0.081901287 -0.179102814 -0.980415402
vn -0.145305799 -0.254710166 -0.956038156
vn -0.225995791 -0.311494198 -0.922982810
vn -0.111906434 -0.161809303 -0.980456373
vn -0.128995299 -0.182193361 -0.974764480
vn -0.147203076 -0.105902213 -0.983420549
vn -0.234705827 -0.313507783 -0.920122842
vn -0.243203530 -0.210703058 -0.946813743
vn -0.174893366 -0.073197224 -0.981862759
vn -0.175296054 -0.142296797 -0.974178071
vn -0.099203130 -0.094902994 -0.990531252
vn -0.038600208 -0.183800989 -0.982205284
vn -0.129099606 -0.305199069 -0.943497122
vn -0.023301047 -0.241810866 -0.970043590
vn -0.057697329 -0.329884728 -0.942256379
vn -0.133505158 -0.395215269 -0.908835114
vn -0.346101727 -0.599102990 -0.722003603
vn -0.235214536 -0.544433644 -0.805149756
vn -0.220596799 -0.546492070 -0.807888278
vn -0.180098054 -0.472394896 -0.862790678
vn -0.217706625 -0.504315347 -0.835625428
vn -0.311098962 -0.451098496 -0.836497210
vn -0.231107891 -0.395913519 -0.888730346
vn -0.231807049 -0.395512028 -0.888727027
vn -0.181705537 -0.198406046 -0.963129347
vn -0.152795262 -0.159695048 -0.975269757
vn -0.112699375 -0.183198984 -0.976594585
vn -0.080500304 -0.179800679 -0.980403701
vn -0.083897153 -0.177893963 -0.980466728
vn -0.079799033 -0.180197816 -0.980388118
vn -0.077099225 -0.181898171 -0.980290143
vn -0.076498578 -0.182196613 -0.980281777
vn -0.084700439 -0.177300919 -0.980505084
vn -0.081503944 -0.179108667 -0.980447445
vn -0.084300295 -0.177500622 -0.980503437
vn -0.080495305 -0.179589525 -0.980442812
vn -0.082099236 -0.178598337 -0.980490872
vn -0.774089263 0.622691363 -0.114198416
vn -0.806152833 0.578437909 -0.124608166
vn -0.932069713 0.124295961 -0.340288942
vn -0.938560239 0.012599466 -0.344885389
vn -0.730908384 -0.510005850 -0.453505202
vn -0.713011152 -0.544608518 -0.441606907
vn -0.657382905 -0.612484073 -0.438988584
vn -0.630393520 -0.604193789 -0.487394990
vn -0.717177072 -0.414686743 -0.560082094
vn -0.718591086 -0.407694943 -0.563393011
vn 0.784302110 0.620301669 0.009800026
vn 0.782618517 0.622414727 0.010400246
vn 0.995460486 0.091696360 0.025498988
vn 0.994677705 0.099297774 0.027499384
vn 0.845363730 -0.533177125 0.032898589
vn 0.851637298 -0.522722893 0.038401682
vn 0.793455556 -0.589266993 0.152291470
vn 0.793692400 -0.588894361 0.152498540
vn 0.694860043 -0.710559140 0.110793629
vn 0.705489848 -0.707789815 0.036299478
vn -0.700889448 0.115298264 -0.703889403
vn -0.978495548 0.069799682 -0.194099117
vn -0.917562739 0.103495797 -0.383884411
vn -0.958946846 0.079503884 -0.272213298
vn -0.275096076 0.114398368 -0.954586383
vn -0.982227871 -0.054501547 -0.179605096
vn -0.136802051 -0.023700355 -0.990314845
vn -0.749828025 -0.296411079 -0.591522109
vn 0.581614119 -0.039200952 -0.812519724
vn -0.951932242 -0.237608048 -0.193306547
vn 0.948895531 0.248998827 0.193899087
vn 0.905485635 0.258195904 0.336794657
vn 0.940816479 0.257204505 0.220703866
vn 0.971198247 0.150899728 -0.184399667
vn 0.944058212 -0.179592051 -0.276587757
vn 0.788496101 -0.232998848 0.569197185
vn 0.920670488 0.195093746 0.338089163
vn 0.960573114 -0.025099297 -0.276892250
vn 0.830609336 0.050000562 0.554606234
vn 0.883584392 -0.374893378 -0.280595043
vn 0.812852844 -0.493071395 0.310082011
vn 0.803364633 -0.574474709 0.156793097
vn -0.076400883 0.887410259 0.454605255
vn -0.086796812 0.958064811 -0.273089970
vn -0.204199921 0.978699623 0.021199992
vn -0.405908277 0.909618547 -0.088501805
vn 0.930105390 0.313601817 0.191201108
vn 0.930912428 0.310704148 0.192002563
vn 0.784237687 0.597728725 0.166407997
vn 0.834817410 0.431008989 0.342507143
vn 0.726582602 0.675183833 0.127296952
vn 0.503009927 0.851216799 0.149702954
vn 0.484413048 0.868623397 0.104102804
vn 0.245405545 0.965721821 0.084601912
vn 0.243807787 0.956230542 0.161805168
vn 0.061702113 0.995034081 -0.078102675
vn -0.977489585 0.084099104 -0.193497938
vn -0.977220282 0.087601818 -0.193304012
vn -0.928410914 0.325703829 -0.178802102
vn -0.927709027 0.329103202 -0.176201714
vn -0.694169575 0.709068922 -0.123894570
vn -0.714877403 0.675978633 -0.178894345
vn -0.453110381 0.891120416 -0.024400559
vn 0.004000060 -0.999915114 -0.012400187
vn -0.543920830 0.022600866 0.838832124
vn -0.527416350 -0.051801606 0.848026289
vn -0.517586864 -0.085197838 0.851378392
vn -0.360510725 -0.136404058 0.922727452
vn -0.348104933 -0.077901104 0.934213238
vn -0.195995554 -0.021099521 0.980377760
vn -0.501985239 -0.075497780 0.861574666
vn -0.673514262 -0.063801351 0.736415594
vn -0.161007357 0.004000183 0.986945099
vn -0.233392879 0.050498459 0.971070373
vn -0.427422928 0.027001448 0.903648473
vn -0.560776916 -0.081296653 0.823966082
vn -0.675099278 -0.059799936 0.735299213
vn -0.334709206 0.027300751 0.941925908
vn -0.393898777 -0.056799824 0.917397151
vn -0.220007880 -0.011100398 0.975434936
vn -0.196191382 0.014599359 0.980456934
vn -0.195902630 0.014700197 0.980513163
vn -0.196092577 -0.015499413 0.980462885
vn -0.582880850 0.037898755 0.811673333
vn -0.583781512 0.007699756 0.811874288
vn -0.751134170 -0.064102916 0.657029889
vn -0.436796704 -0.041699685 0.898593220
vn -0.461682249 -0.067597401 0.884465993
vn -0.451000334 -0.074600055 0.889400658
vn -0.431318644 -0.085503696 0.898138823
vn -0.346588076 -0.121095834 0.930167998
vn -0.291000976 -0.099800335 0.951503192
vn -0.242897354 -0.080699121 0.966689468
vn -0.278104847 0.021200370 0.960316738
vn -0.157099031 -0.067199585 0.985293921
vn -0.175706823 0.088703444 0.980438071
vn -0.222102237 0.109901107 0.968809756
vn -0.220298786 0.058199679 0.973694635
vn -0.317502659 0.044600374 0.947207933
vn -0.612635923 0.018601091 0.790146332
vn -0.467885138 0.019599377 0.883571934
vn -0.379712474 0.101403331 0.919530207
vn -0.196000531 -0.024300066 0.980302657
vn -0.196101073 -0.018700102 0.980405363
vn -0.195993884 -0.021499329 0.980369408
vn -0.195999646 -0.014399974 0.980498230
vn -0.195908015 -0.018900773 0.980440111
vn -0.195903766 -0.014300275 0.980518851
vn -0.195701469 -0.017500131 0.980507359
vn 0.183205308 -0.165004781 0.969128081
vn 0.730486888 0.599389241 0.327294125
vn 0.727588577 0.600990565 0.330794807
vn 0.666971144 -0.656271607 0.352784737
vn 0.753389905 -0.588192118 0.293996060
vn 0.863080244 -0.154396466 0.480888993
vn 0.853416232 -0.088801689 0.513609769
vn -0.071398359 -0.327992463 0.941978354
vn 0.046599471 -0.466694705 0.883189980
vn 0.423900004 -0.489400005 0.762100008
vn -0.935177434 -0.275893343 -0.222094641
vn -0.798887881 0.030799533 0.600690888
vn -0.793363343 -0.091895754 0.601772196
vn -0.779838408 -0.113905610 0.615530316
vn -0.809224144 -0.289508638 0.511215252
vn -0.550694455 -0.380196171 0.743092517
vn -0.851690210 -0.479294491 0.211897564
vn -0.483903605 -0.868306469 -0.109000812
vn -0.918834356 -0.387314482 -0.075702831
vn -0.990577787 0.121497275 0.063198583
vn -0.793715994 0.604912189 -0.064001290
vn -0.954763013 0.138794623 0.262989812
vn -0.743592609 -0.191598096 0.640593633
vn -0.748424964 -0.198806631 0.632721105
vn -0.863782064 -0.457790494 0.210495629
vn -0.863624346 -0.462113027 0.201505681
vn -0.756164835 -0.598372173 -0.264887682
vn -0.751604130 -0.600103298 -0.273801505
vn -0.785801379 -0.093300164 0.611401073
vn -0.785033953 -0.088303819 0.613126518
vn -0.946449198 -0.282214670 0.156808151
vn -0.947024074 -0.279607108 0.158004017
vn -0.852619248 -0.397208967 -0.339507664
vn -0.854122472 -0.394910390 -0.338408904
vn -0.288394231 0.139597207 -0.947281050
vn -0.701117016 -0.060001456 0.710517244
vn -0.997581141 0.067298728 0.017399671
vn -0.860854397 -0.372480268 -0.346681635
vn -0.445113171 -0.050901506 0.894026455
vn -0.832308710 -0.002700028 0.554305801
vn 0.961795052 -0.092699523 0.257598675
vn -0.995783624 0.063398957 0.066298910
vn -0.790515672 -0.079101568 0.607312040
vn 0.735217726 0.053501290 -0.675716292
vn 0.574191361 -0.007399889 -0.818687683
vn -0.834977251 -0.070998066 0.545685133
vn 0.639784169 0.066398357 -0.765681053
vn -0.850941174 -0.059102860 0.521925254
vn -0.885361311 -0.039998252 -0.463179759
vn -0.855005729 -0.256401718 -0.450803020
vn -0.896146453 -0.138407175 0.421621855
vn -0.969654262 -0.204490354 0.133993680
vn -0.442285593 0.002499919 0.896870785
vn -0.439283178 -0.044098311 0.897265640
vn -0.831714148 0.014700250 0.555009441
vn -0.831863291 0.018399188 0.554675523
vn -0.995411522 0.068800796 0.066500770
vn -0.995480419 0.067798666 0.066498692
vn 0.557793134 0.571692963 0.601692593
vn 0.215493314 0.951770472 0.218393224
vn -0.231398208 0.627195142 0.743694240
vn -0.190206074 0.474015138 0.859727456
vn 0.052601829 0.981234123 -0.185506451
vn -0.086398869 0.525993117 0.846088929
vn -0.437922140 0.701835482 0.561828404
vn -0.216507488 0.972333629 0.087703033
vn -0.269708094 0.253307602 0.929027881
vn -0.398797789 0.531797051 0.747095857
vn -0.946767181 0.312989150 0.075297390
vn 0.710154672 0.573863371 0.407873966
vn -0.121407165 0.366521631 0.922454440
vn -0.484901169 0.789901904 0.375400905
vn -0.013400028 0.326500682 0.945101975
vn -0.010200249 0.330008044 0.943923008
vn 0.281604821 0.760413018 0.585210019
vn 0.429186736 0.809374987 0.400887611
vn -0.749016924 0.629514224 0.206604668
vn -0.800358438 0.396279422 0.449876639
vn -0.762897616 0.347798913 0.544998297
vn -0.412817896 0.166107201 0.895538822
vn -0.638009363 0.210103083 0.740810871
vn -0.387201702 0.261601150 0.884103886
vn 0.109603590 0.237307773 0.965231617
vn -0.002899970 0.200497920 0.979689836
vn 0.414804214 0.440804479 0.796008087
vn 0.051602294 0.066602961 0.996444303
vn 0.052102350 0.066202985 0.996444936
vn 0.519670915 0.211188180 0.827853666
vn 0.520008814 0.210903575 0.827714030
vn 0.847614562 0.299205140 0.438207528
vn 0.848027646 0.298609735 0.437814273
vn -0.067897158 0.100095811 0.992658453
vn 0.855977141 0.075397987 -0.511486341
vn 0.776039234 0.249512614 0.579229284
vn -0.011399742 0.109897517 0.993877549
vn 0.697198560 -0.100499792 -0.709798534
vn 0.949700294 0.255200079 0.181500056
vn 0.865204633 0.238801279 0.440902361
vn 0.342691991 0.139196747 0.929078288
vn 0.339983999 -0.072196602 0.937655870
vn 0.053999805 0.058999786 0.996796392
vn -0.949356517 -0.206612300 0.236714092
vn -0.155599437 0.063199771 0.985796431
vn 0.519498571 0.212999414 0.827497724
vn 0.427588128 -0.405588739 0.807877570
vn -0.320209624 -0.041701253 0.946428445
vn -0.012299598 -0.195793608 0.980567990
vn 0.795723446 -0.040301187 -0.604317806
vn -0.286487164 0.015599301 0.957957080
vn 0.841488611 -0.239896753 0.484093448
vn 0.747880533 -0.489787251 0.448088336
vn 0.760774667 -0.491383637 0.423985882
vn -0.058501163 -0.263005227 0.963019140
vn -0.056802719 -0.262912586 0.963146107
vn 0.368401877 -0.498202538 0.784903999
vn 0.369515295 -0.498120618 0.784432468
vn 0.695986943 -0.599388756 0.395392583
vn 0.696507289 -0.599106270 0.394904133
vn -0.079599430 -0.334597604 0.938993277
vn -0.098504749 -0.319815419 0.942345432
vn 0.307303705 -0.611407371 0.729208791
vn 0.289492048 -0.602483450 0.743779569
vn 0.609237271 -0.722644209 0.326519975
vn 0.596830433 -0.722336833 0.349317812
vn 0.318507509 0.110802612 -0.941422194
vn 0.340108629 0.155003932 -0.927523532
vn 0.001900036 0.999918809 -0.012600237
vn 0.355501056 0.180900537 -0.917002724
vn 0.395212489 0.242407660 -0.886027999
vn 0.395312866 -0.288909403 -0.871928377
vn 0.541973333 -0.027098667 -0.839958671
vn 0.457227009 0.282916712 -0.843149806
vn 0.524979358 0.044198262 -0.849966580
vn 0.582126776 -0.037401720 -0.812237360
vn 0.582691359 -0.013099806 -0.812587949
vn 0.196090457 0.021398959 -0.980352292
vn 0.409583943 0.100096076 -0.906764451
vn 0.244897691 -0.029799719 -0.969090862
vn 0.200806132 -0.061001863 -0.977729855
vn 0.222200651 -0.089300262 -0.970902845
vn 0.199803447 -0.111101917 -0.973516793
vn 0.157096141 -0.044598904 -0.986575765
vn 0.224696788 0.061499121 -0.972486098
vn 0.319601085 0.078400266 -0.944303206
vn 0.397383902 0.071497104 -0.914862940
vn 0.465601814 -0.026300102 -0.884603446
vn 0.559265433 0.079695074 -0.825148999
vn 0.632309365 -0.017800264 -0.774511471
vn 0.674411108 0.054900904 -0.736312127
vn 0.317715400 -0.044402152 -0.947145909
vn 0.334405723 -0.027900478 -0.942016123
vn 0.379798054 -0.101399480 -0.919495288
vn 0.468593393 -0.019999718 -0.883187547
vn 0.436588286 0.042098871 -0.898675889
vn 0.196092577 0.015499413 -0.980462885
vn 0.195902630 -0.014700197 -0.980513163
vn 0.196095233 -0.014599645 -0.980476165
vn 0.219796821 0.010799844 -0.975485890
vn 0.283006942 0.027500675 -0.958723518
vn 0.462106920 0.068001018 -0.884213241
vn 0.498304776 0.075500724 -0.863708279
vn 0.667588768 0.064998906 -0.741687521
vn 0.320613157 0.057902376 -0.945438797
vn 0.275904775 0.114701985 -0.954316515
vn 0.247888084 0.032198452 -0.968253457
vn 0.195910201 0.018300953 -0.980451053
vn 0.195998211 0.014899864 -0.980491048
vn 0.195998000 0.020499791 -0.980389995
vn 0.196004738 0.023400566 -0.980323700
vn 0.196001480 0.024100182 -0.980307401
vn 0.195898406 0.016099869 -0.980492024
vn 0.195696464 0.012699771 -0.980582281
vn -0.638303338 -0.029900156 -0.769204023
vn -0.614705154 0.639505362 -0.461703871
vn 0.233609639 -0.041601717 -0.971440082
vn 0.359809066 -0.062601577 -0.930923455
vn 0.095200365 -0.362001388 -0.927303556
vn -0.065101568 -0.359108651 -0.931022429
vn -0.453790221 -0.572487663 -0.682885284
vn -0.206102687 -0.655408543 -0.726609471
vn -0.682296200 -0.195698910 -0.704396077
vn 0.523511133 -0.013100279 -0.851918116
vn 0.754523900 0.575618233 -0.315209984
vn 0.509401131 0.014800033 -0.860401910
vn 0.824941475 -0.253812761 -0.505025391
vn 0.841073750 -0.445986081 -0.306090447
vn 0.878426063 -0.472914032 -0.068702038
vn 0.950946569 0.185709094 -0.247412116
vn 0.929189946 0.105598857 -0.354196168
vn 0.661386372 0.237695102 -0.711385342
vn 0.488101398 0.160500460 -0.857902458
vn 0.445098654 -0.034999894 -0.894797293
vn 0.462011585 -0.054101357 -0.885222197
vn 0.684996489 -0.398197959 -0.610096873
vn 0.693535978 -0.414221488 -0.589430578
vn 0.739908920 -0.652207862 -0.164801987
vn 0.737996365 -0.660396748 -0.138699317
vn 0.469690998 -0.042999176 -0.881783101
vn 0.466808977 -0.042900825 -0.883316986
vn 0.752565891 -0.335784781 -0.566474325
vn 0.751920851 -0.335809312 -0.567315732
vn 0.836469026 -0.538980042 -0.099096331
vn 0.836297278 -0.539098245 -0.099899675
vn 0.467092783 -0.042499343 -0.883186355
vn -0.490596720 0.057399616 0.869494187
vn 0.640715397 0.009600231 -0.767718448
vn 0.805192141 0.067199344 -0.589194249
vn 0.788425151 0.139004434 -0.599219115
vn 0.818177386 0.150995827 -0.554784666
vn -0.098904966 -0.043402179 0.994149918
vn 0.587069699 -0.052097311 -0.807858303
vn 0.887369737 -0.015899458 -0.460784285
vn 0.483188959 -0.053498778 -0.873880032
vn 0.789907275 -0.275402536 -0.547905046
vn 0.447200742 0.027800046 -0.894001484
vn 0.969398178 0.236399556 -0.066199876
vn 0.943743777 -0.179508327 -0.277712882
vn 0.878774112 -0.370189094 -0.301191127
vn 0.838899350 -0.319699752 -0.440499659
vn 0.845071767 -0.525982427 -0.095896796
vn 0.437694623 0.097798799 -0.893789020
vn 0.427481956 0.107895446 -0.897562115
vn 0.794724784 0.239507469 -0.557717393
vn 0.795300251 0.238800075 -0.557200176
vn 0.949363692 0.306688271 -0.068197392
vn 0.949276102 0.306892274 -0.068498276
vn 0.335699097 0.725498048 -0.600798384
vn 0.519089364 0.836382863 -0.176096392
vn 0.692720858 0.595517931 -0.406812249
vn 0.355014817 0.289712091 -0.888837096
vn 0.500099067 0.362599324 -0.786398533
vn 0.194801503 0.295702281 -0.935207215
vn 0.314995374 0.540592061 -0.780088544
vn 0.143800477 0.250400831 -0.957403179
vn 0.022899403 0.284592582 -0.958375020
vn -0.056698620 0.644284322 -0.762681440
vn -0.168498997 0.352297904 -0.920594522
vn 0.407289431 0.171895539 -0.896976724
vn 0.654389657 0.512491900 -0.555991213
vn 0.732525188 0.610721000 -0.300710340
vn 0.900108182 0.429003900 -0.075900690
vn 0.321706360 0.647412799 -0.690913659
vn 0.328504295 0.791610350 -0.515206736
vn -0.541705458 0.168001693 -0.823608298
vn -0.128102474 0.213904131 -0.968418700
vn -0.053202332 0.144706343 -0.988043312
vn -0.167599909 0.532299710 0.829799548
vn 0.181498492 0.360597003 -0.914892397
vn 0.040999765 0.998794287 0.026999846
vn -0.206301777 0.914207876 0.348803005
vn -0.074900792 0.679107178 -0.730207718
vn -0.321106798 0.862918268 -0.390208261
vn -0.557677967 0.638674766 -0.530179053
vn -0.521205137 0.635706265 -0.569405612
vn -0.796197846 0.349899054 -0.493598665
vn -0.848640765 0.321415440 -0.420120181
vn -0.063597834 0.042598549 -0.997066036
vn -0.063597290 0.042798177 -0.997057521
vn -0.552695219 0.075099350 -0.829992821
vn -0.552629909 0.075004059 -0.830044923
vn -0.893414983 0.087101461 -0.440707391
vn -0.893451143 0.087395221 -0.440575908
vn 0.060200371 0.109100672 -0.992206107
vn -0.115504515 0.114904492 -0.986638568
vn -0.054600996 0.099701820 -0.993518132
vn 0.400918904 -0.080803810 -0.912543027
vn -0.094800081 -0.217700186 -0.971400831
vn -0.825849914 -0.296782001 -0.479470921
vn 0.452412179 0.026200705 -0.891423997
vn 0.063797008 -0.004399794 -0.997953197
vn -0.566007534 -0.285703803 -0.773310293
vn -0.996563526 0.070797409 -0.042998426
vn -0.894193249 0.076499422 -0.441096670
vn -0.063102442 0.050301947 -0.996738580
vn 0.934612122 -0.023300302 -0.354904603
vn -0.549684419 0.112396814 -0.827776537
vn 0.414119806 -0.119505715 -0.902343156
vn 0.413025501 -0.122407558 -0.902455719
vn -0.068799301 -0.298296968 -0.951990323
vn -0.069899370 -0.300897287 -0.951091426
vn -0.533292830 -0.396994662 -0.746989957
vn -0.534294163 -0.399395637 -0.744991861
vn 0.416287922 -0.131496185 -0.899673896
vn 0.423785191 -0.125195625 -0.897068652
vn -0.029399569 -0.413593937 -0.909986660
vn -0.020399536 -0.408390713 -0.912579248
vn -0.458594724 -0.578693342 -0.674392241
vn -0.450897507 -0.576296813 -0.681596231
vn -0.000000000 0.000000000 -1.000000000
vn -0.000000000 0.000000000 1.000000000
g TriBlade_flipped_around_screw_axis_rotor_3_back_right_sunray_cw_stl_Sunray150_Texture_Clear_Liuli_Glass_Propeller
usemtl Sunray150_Texture_Clear_Liuli_Glass_Propeller
f 1//1 2//1 3//1
f 4//2 5//2 6//2
f 7//3 8//3 9//3
f 10//4 11//4 12//4
f 13//5 14//5 15//5
f 16//6 17//6 18//6
f 19//7 20//7 21//7
f 22//8 23//8 24//8
f 25//9 26//9 27//9
f 28//10 29//10 30//10
f 31//11 32//11 33//11
f 34//12 35//12 36//12
f 37//13 38//13 39//13
f 40//14 41//14 42//14
f 43//15 44//15 45//15
f 46//16 47//16 48//16
f 49//17 50//17 51//17
f 52//18 53//18 54//18
f 55//19 56//19 57//19
f 58//20 59//20 60//20
f 61//21 62//21 63//21
f 64//22 65//22 66//22
f 67//23 68//23 69//23
f 70//24 71//24 72//24
f 73//25 74//25 75//25
f 76//26 77//26 78//26
f 79//27 80//27 81//27
f 82//28 83//28 84//28
f 85//29 86//29 87//29
f 88//30 89//30 90//30
f 91//31 92//31 93//31
f 94//32 95//32 96//32
f 97//33 98//33 99//33
f 100//34 101//34 102//34
f 103//35 104//35 105//35
f 106//36 107//36 108//36
f 109//37 110//37 111//37
f 112//38 113//38 114//38
f 115//39 116//39 117//39
f 118//40 119//40 120//40
f 121//41 122//41 123//41
f 124//42 125//42 126//42
f 127//43 128//43 129//43
f 130//44 131//44 132//44
f 133//45 134//45 135//45
f 136//46 137//46 138//46
f 139//47 140//47 141//47
f 142//48 143//48 144//48
f 145//49 146//49 147//49
f 148//50 149//50 150//50
f 151//51 152//51 153//51
f 154//52 155//52 156//52
f 157//53 158//53 159//53
f 160//54 161//54 162//54
f 163//55 164//55 165//55
f 166//56 167//56 168//56
f 169//57 170//57 171//57
f 172//58 173//58 174//58
f 175//59 176//59 177//59
f 178//60 179//60 180//60
f 181//61 182//61 183//61
f 184//62 185//62 186//62
f 187//63 188//63 189//63
f 190//64 191//64 192//64
f 193//65 194//65 195//65
f 196//66 197//66 198//66
f 199//67 200//67 201//67
f 202//68 203//68 204//68
f 205//69 206//69 207//69
f 208//70 209//70 210//70
f 211//71 212//71 213//71
f 214//72 215//72 216//72
f 217//73 218//73 219//73
f 220//74 221//74 222//74
f 223//75 224//75 225//75
f 226//76 227//76 228//76
f 229//77 230//77 231//77
f 232//78 233//78 234//78
f 235//79 236//79 237//79
f 238//80 239//80 240//80
f 241//81 242//81 243//81
f 244//82 245//82 246//82
f 247//83 248//83 249//83
f 250//84 251//84 252//84
f 253//85 254//85 255//85
f 256//86 257//86 258//86
f 259//87 260//87 261//87
f 262//88 263//88 264//88
f 265//89 266//89 267//89
f 268//90 269//90 270//90
f 271//91 272//91 273//91
f 274//92 275//92 276//92
f 277//93 278//93 279//93
f 280//94 281//94 282//94
f 283//95 284//95 285//95
f 286//96 287//96 288//96
f 289//97 290//97 291//97
f 292//98 293//98 294//98
f 295//99 296//99 297//99
f 298//100 299//100 300//100
f 301//101 302//101 303//101
f 304//102 305//102 306//102
f 307//103 308//103 309//103
f 310//104 311//104 312//104
f 313//105 314//105 315//105
f 316//106 317//106 318//106
f 319//107 320//107 321//107
f 322//108 323//108 324//108
f 325//109 326//109 327//109
f 328//110 329//110 330//110
f 331//111 332//111 333//111
f 334//112 335//112 336//112
f 337//113 338//113 339//113
f 340//114 341//114 342//114
f 343//115 344//115 345//115
f 346//116 347//116 348//116
f 349//117 350//117 351//117
f 352//118 353//118 354//118
f 355//119 356//119 357//119
f 358//120 359//120 360//120
f 361//121 362//121 363//121
f 364//122 365//122 366//122
f 367//122 368//122 369//122
f 370//123 371//123 372//123
f 373//124 374//124 375//124
f 376//125 377//125 378//125
f 379//126 380//126 381//126
f 382//127 383//127 384//127
f 385//128 386//128 387//128
f 388//129 389//129 390//129
f 391//109 392//109 393//109
f 394//130 395//130 396//130
f 397//131 398//131 399//131
f 400//132 401//132 402//132
f 403//133 404//133 405//133
f 406//133 407//133 408//133
f 409//133 410//133 411//133
f 412//134 413//134 414//134
f 415//135 416//135 417//135
f 418//136 419//136 420//136
f 421//137 422//137 423//137
f 424//138 425//138 426//138
f 427//139 428//139 429//139
f 430//140 431//140 432//140
f 433//141 434//141 435//141
f 436//142 437//142 438//142
f 439//134 440//134 441//134
f 442//143 443//143 444//143
f 445//144 446//144 447//144
f 448//145 449//145 450//145
f 451//146 452//146 453//146
f 454//147 455//147 456//147
f 457//148 458//148 459//148
f 460//149 461//149 462//149
f 463//149 464//149 465//149
f 466//150 467//150 468//150
f 469//151 470//151 471//151
f 472//152 473//152 474//152
f 475//153 476//153 477//153
f 478//154 479//154 480//154
f 481//155 482//155 483//155
f 484//156 485//156 486//156
f 487//157 488//157 489//157
f 490//158 491//158 492//158
f 493//159 494//159 495//159
f 496//160 497//160 498//160
f 499//161 500//161 501//161
f 502//162 503//162 504//162
f 505//158 506//158 507//158
f 508//163 509//163 510//163
f 511//164 512//164 513//164
f 514//165 515//165 516//165
f 517//166 518//166 519//166
f 520//167 521//167 522//167
f 523//168 524//168 525//168
f 526//169 527//169 528//169
f 529//170 530//170 531//170
f 532//171 533//171 534//171
f 535//172 536//172 537//172
f 538//173 539//173 540//173
f 541//174 542//174 543//174
f 544//175 545//175 546//175
f 547//176 548//176 549//176
f 550//177 551//177 552//177
f 553//178 554//178 555//178
f 556//179 557//179 558//179
f 559//180 560//180 561//180
f 562//181 563//181 564//181
f 565//182 566//182 567//182
f 568//183 569//183 570//183
f 571//184 572//184 573//184
f 574//185 575//185 576//185
f 577//186 578//186 579//186
f 580//187 581//187 582//187
f 583//188 584//188 585//188
f 586//189 587//189 588//189
f 589//190 590//190 591//190
f 592//191 593//191 594//191
f 595//192 596//192 597//192
f 598//193 599//193 600//193
f 601//194 602//194 603//194
f 604//195 605//195 606//195
f 607//196 608//196 609//196
f 610//197 611//197 612//197
f 613//198 614//198 615//198
f 616//199 617//199 618//199
f 619//200 620//200 621//200
f 622//201 623//201 624//201
f 625//202 626//202 627//202
f 628//203 629//203 630//203
f 631//204 632//204 633//204
f 634//205 635//205 636//205
f 637//206 638//206 639//206
f 640//207 641//207 642//207
f 643//208 644//208 645//208
f 646//209 647//209 648//209
f 649//210 650//210 651//210
f 652//211 653//211 654//211
f 655//212 656//212 657//212
f 658//213 659//213 660//213
f 661//214 662//214 663//214
f 664//215 665//215 666//215
f 667//216 668//216 669//216
f 670//217 671//217 672//217
f 673//218 674//218 675//218
f 676//219 677//219 678//219
f 679//220 680//220 681//220
f 682//221 683//221 684//221
f 685//222 686//222 687//222
f 688//223 689//223 690//223
f 691//224 692//224 693//224
f 694//225 695//225 696//225
f 697//226 698//226 699//226
f 700//227 701//227 702//227
f 703//228 704//228 705//228
f 706//229 707//229 708//229
f 709//230 710//230 711//230
f 712//231 713//231 714//231
f 715//232 716//232 717//232
f 718//233 719//233 720//233
f 721//234 722//234 723//234
f 724//235 725//235 726//235
f 727//236 728//236 729//236
f 730//237 731//237 732//237
f 733//238 734//238 735//238
f 736//239 737//239 738//239
f 739//240 740//240 741//240
f 742//241 743//241 744//241
f 745//242 746//242 747//242
f 748//243 749//243 750//243
f 751//244 752//244 753//244
f 754//245 755//245 756//245
f 757//246 758//246 759//246
f 760//247 761//247 762//247
f 763//248 764//248 765//248
f 766//249 767//249 768//249
f 769//250 770//250 771//250
f 772//251 773//251 774//251
f 775//252 776//252 777//252
f 778//253 779//253 780//253
f 781//254 782//254 783//254
f 784//255 785//255 786//255
f 787//256 788//256 789//256
f 790//257 791//257 792//257
f 793//258 794//258 795//258
f 796//259 797//259 798//259
f 799//260 800//261 801//260
f 802//262 803//262 804//262
f 805//263 806//263 807//263
f 808//264 809//264 810//264
f 811//265 812//265 813//265
f 814//266 815//266 816//266
f 817//267 818//267 819//267
f 820//268 821//268 822//268
f 823//269 824//269 825//269
f 826//270 827//270 828//270
f 829//271 830//271 831//271
f 832//272 833//272 834//272
f 835//273 836//273 837//273
f 838//274 839//274 840//274
f 841//275 842//275 843//275
f 844//276 845//276 846//276
f 847//277 848//277 849//277
f 850//278 851//278 852//278
f 853//279 854//279 855//279
f 856//280 857//280 858//280
f 859//281 860//281 861//281
f 862//282 863//282 864//282
f 865//283 866//283 867//283
f 868//284 869//284 870//284
f 871//285 872//285 873//285
f 874//286 875//286 876//286
f 877//287 878//287 879//287
f 880//288 881//288 882//288
f 883//289 884//289 885//289
f 886//290 887//290 888//290
f 889//291 890//291 891//291
f 892//292 893//292 894//292
f 895//293 896//293 897//293
f 898//294 899//294 900//294
f 901//295 902//295 903//295
f 904//296 905//296 906//296
f 907//297 908//297 909//297
f 910//298 911//298 912//298
f 913//299 914//299 915//299
f 916//300 917//300 918//300
f 919//301 920//301 921//301
f 922//302 923//302 924//302
f 925//303 926//303 927//303
f 928//304 929//304 930//304
f 931//305 932//305 933//305
f 934//306 935//306 936//306
f 937//307 938//307 939//307
f 940//308 941//308 942//308
f 943//309 944//309 945//309
f 946//310 947//310 948//310
f 949//311 950//311 951//311
f 952//312 953//312 954//312
f 955//313 956//313 957//313
f 958//314 959//314 960//314
f 961//315 962//315 963//315
f 964//316 965//316 966//316
f 967//317 968//317 969//317
f 970//318 971//318 972//318
f 973//319 974//319 975//319
f 976//320 977//320 978//320
f 979//321 980//321 981//321
f 982//322 983//322 984//322
f 985//323 986//323 987//323
f 988//324 989//324 990//324
f 991//325 992//325 993//325
f 994//326 995//326 996//326
f 997//327 998//327 999//327
f 1000//328 1001//328 1002//328
f 1003//329 1004//329 1005//329
f 1006//330 1007//330 1008//330
f 1009//331 1010//331 1011//331
f 1012//332 1013//332 1014//332
f 1015//333 1016//333 1017//333
f 1018//334 1019//334 1020//334
f 1021//335 1022//335 1023//335
f 1024//336 1025//336 1026//336
f 1027//337 1028//337 1029//337
f 1030//338 1031//338 1032//338
f 1033//339 1034//339 1035//339
f 1036//340 1037//340 1038//340
f 1039//341 1040//341 1041//341
f 1042//342 1043//342 1044//342
f 1045//343 1046//343 1047//343
f 1048//344 1049//344 1050//344
f 1051//345 1052//345 1053//345
f 1054//346 1055//346 1056//346
f 1057//347 1058//347 1059//347
f 1060//348 1061//348 1062//348
f 1063//349 1064//349 1065//349
f 1066//350 1067//350 1068//350
f 1069//351 1070//351 1071//351
f 1072//352 1073//352 1074//352
f 1075//353 1076//353 1077//353
f 1078//354 1079//354 1080//354
f 1081//355 1082//355 1083//355
f 1084//356 1085//356 1086//356
f 1087//357 1088//357 1089//357
f 1090//358 1091//358 1092//358
f 1093//359 1094//359 1095//359
f 1096//360 1097//360 1098//360
f 1099//361 1100//361 1101//361
f 1102//362 1103//362 1104//362
f 1105//363 1106//363 1107//363
f 1108//364 1109//364 1110//364
f 1111//365 1112//365 1113//365
f 1114//366 1115//366 1116//366
f 1117//367 1118//367 1119//367
f 1120//368 1121//368 1122//368
f 1123//369 1124//369 1125//369
f 1126//370 1127//370 1128//370
f 1129//371 1130//371 1131//371
f 1132//372 1133//372 1134//372
f 1135//373 1136//373 1137//373
f 1138//374 1139//374 1140//374
f 1141//375 1142//375 1143//375
f 1144//376 1145//376 1146//376
f 1147//377 1148//377 1149//377
f 1150//378 1151//378 1152//378
f 1153//379 1154//379 1155//379
f 1156//380 1157//380 1158//380
f 1159//381 1160//381 1161//381
f 1162//382 1163//382 1164//382
f 1165//383 1166//383 1167//383
f 1168//384 1169//384 1170//384
f 1171//385 1172//385 1173//385
f 1174//386 1175//386 1176//386
f 1177//387 1178//387 1179//387
f 1180//388 1181//388 1182//388
f 1183//389 1184//389 1185//389
f 1186//390 1187//390 1188//390
f 1189//391 1190//391 1191//391
f 1192//392 1193//392 1194//392
f 1195//393 1196//393 1197//393
f 1198//394 1199//394 1200//394
f 1201//395 1202//395 1203//395
f 1204//396 1205//396 1206//396
f 1207//397 1208//397 1209//397
f 1210//398 1211//398 1212//398
f 1213//399 1214//399 1215//399
f 1216//400 1217//400 1218//400
f 1219//401 1220//401 1221//401
f 1222//402 1223//402 1224//402
f 1225//403 1226//403 1227//403
f 1228//404 1229//404 1230//404
f 1231//405 1232//405 1233//405
f 1234//406 1235//406 1236//406
f 1237//407 1238//407 1239//407
f 1240//408 1241//408 1242//408
f 1243//409 1244//409 1245//409
f 1246//410 1247//410 1248//410
f 1249//411 1250//411 1251//411
f 1252//412 1253//412 1254//412
f 1255//413 1256//413 1257//413
f 1258//414 1259//414 1260//414
f 1261//415 1262//415 1263//415
f 1264//416 1265//416 1266//416
f 1267//417 1268//417 1269//417
f 1270//418 1271//418 1272//418
f 1273//419 1274//419 1275//419
f 1276//420 1277//420 1278//420
f 1279//421 1280//421 1281//421
f 1282//422 1283//422 1284//422
f 1285//423 1286//423 1287//423
f 1288//424 1289//424 1290//424
f 1291//425 1292//425 1293//425
f 1294//426 1295//426 1296//426
f 1297//427 1298//427 1299//427
f 1300//428 1301//428 1302//428
f 1303//429 1304//429 1305//429
f 1306//430 1307//430 1308//430
f 1309//431 1310//431 1311//431
f 1312//432 1313//432 1314//432
f 1315//433 1316//433 1317//433
f 1318//434 1319//434 1320//434
f 1321//435 1322//435 1323//435
f 1324//436 1325//436 1326//436
f 1327//437 1328//437 1329//437
f 1330//438 1331//438 1332//438
f 1333//439 1334//439 1335//439
f 1336//440 1337//440 1338//440
f 1339//441 1340//441 1341//441
f 1342//442 1343//442 1344//442
f 1345//443 1346//443 1347//443
f 1348//444 1349//444 1350//444
f 1351//445 1352//445 1353//445
f 1354//446 1355//446 1356//446
f 1357//447 1358//447 1359//447
f 1360//448 1361//448 1362//448
f 1363//449 1364//449 1365//449
f 1366//450 1367//450 1368//450
f 1369//451 1370//451 1371//451
f 1372//452 1373//452 1374//452
f 1375//453 1376//453 1377//453
f 1378//454 1379//454 1380//454
f 1381//455 1382//455 1383//455
f 1384//456 1385//456 1386//456
f 1387//457 1388//457 1389//457
f 1390//458 1391//458 1392//458
f 1393//459 1394//459 1395//459
f 1396//460 1397//460 1398//460
f 1399//461 1400//461 1401//461
f 1402//462 1403//462 1404//462
f 1405//463 1406//463 1407//463
f 1408//464 1409//464 1410//464
f 1411//465 1412//465 1413//465
f 1414//466 1415//466 1416//466
f 1417//467 1418//467 1419//467
f 1420//468 1421//468 1422//468
f 1423//469 1424//469 1425//469
f 1426//470 1427//470 1428//470
f 1429//471 1430//471 1431//471
f 1432//472 1433//472 1434//472
f 1435//473 1436//473 1437//473
f 1438//474 1439//474 1440//474
f 1441//475 1442//475 1443//475
f 1444//476 1445//476 1446//476
f 1447//477 1448//477 1449//477
f 1450//478 1451//478 1452//478
f 1453//479 1454//479 1455//479
f 1456//480 1457//480 1458//480
f 1459//481 1460//481 1461//481
f 1462//482 1463//482 1464//482
f 1465//483 1466//483 1467//483
f 1468//484 1469//484 1470//484
f 1471//485 1472//485 1473//485
f 1474//486 1475//486 1476//486
f 1477//487 1478//487 1479//487
f 1480//488 1481//488 1482//488
f 1483//489 1484//489 1485//489
f 1486//490 1487//490 1488//490
f 1489//491 1490//491 1491//491
f 1492//492 1493//492 1494//492
f 1495//493 1496//493 1497//493
f 1498//494 1499//494 1500//494
f 1501//495 1502//495 1503//495
f 1504//496 1505//496 1506//496
f 1507//497 1508//497 1509//497
f 1510//498 1511//498 1512//498
f 1513//499 1514//499 1515//499
f 1516//500 1517//500 1518//500
f 1519//501 1520//501 1521//501
f 1522//502 1523//502 1524//502
f 1525//503 1526//503 1527//503
f 1528//504 1529//504 1530//504
f 1531//505 1532//505 1533//505
f 1534//506 1535//506 1536//506
f 1537//507 1538//507 1539//507
f 1540//508 1541//508 1542//508
f 1543//509 1544//509 1545//509
f 1546//510 1547//510 1548//510
f 1549//511 1550//511 1551//511
f 1552//512 1553//512 1554//512
f 1555//513 1556//513 1557//513
f 1558//514 1559//514 1560//514
f 1561//515 1562//515 1563//515
f 1564//516 1565//516 1566//516
f 1567//517 1568//517 1569//517
f 1570//518 1571//518 1572//518
f 1573//519 1574//519 1575//519
f 1576//520 1577//520 1578//520
f 1579//521 1580//521 1581//521
f 1582//522 1583//522 1584//522
f 1585//523 1586//523 1587//523
f 1588//524 1589//524 1590//524
f 1591//525 1592//525 1593//525
f 1594//526 1595//526 1596//526
f 1597//527 1598//527 1599//527
f 1600//528 1601//528 1602//528
f 1603//529 1604//529 1605//529
f 1606//530 1607//530 1608//530
f 1609//531 1610//531 1611//531
f 1612//532 1613//532 1614//532
f 1615//533 1616//533 1617//533
f 1618//534 1619//534 1620//534
f 1621//535 1622//535 1623//535
f 1624//536 1625//536 1626//536
f 1627//537 1628//537 1629//537
f 1630//538 1631//538 1632//538
f 1633//539 1634//539 1635//539
f 1636//540 1637//540 1638//540
f 1639//541 1640//541 1641//541
f 1642//542 1643//542 1644//542
f 1645//543 1646//543 1647//543
f 1648//544 1649//544 1650//544
f 1651//545 1652//545 1653//545
f 1654//546 1655//546 1656//546
f 1657//547 1658//547 1659//547
f 1660//548 1661//548 1662//548
f 1663//549 1664//549 1665//549
f 1666//550 1667//550 1668//550
f 1669//551 1670//551 1671//551
f 1672//552 1673//552 1674//552
f 1675//553 1676//553 1677//553
f 1678//554 1679//554 1680//554
f 1681//555 1682//555 1683//555
f 1684//556 1685//556 1686//556
f 1687//557 1688//557 1689//557
f 1690//558 1691//558 1692//558
f 1693//559 1694//559 1695//559
f 1696//560 1697//560 1698//560
f 1699//561 1700//561 1701//561
f 1702//562 1703//562 1704//562
f 1705//563 1706//563 1707//563
f 1708//564 1709//564 1710//564
f 1711//565 1712//565 1713//565
f 1714//566 1715//566 1716//566
f 1717//567 1718//567 1719//567
f 1720//568 1721//568 1722//568
f 1723//569 1724//569 1725//569
f 1726//570 1727//570 1728//570
f 1729//571 1730//571 1731//571
f 1732//572 1733//572 1734//572
f 1735//573 1736//573 1737//573
f 1738//574 1739//574 1740//574
f 1741//575 1742//575 1743//575
f 1744//576 1745//576 1746//576
f 1747//577 1748//577 1749//577
f 1750//578 1751//578 1752//578
f 1753//579 1754//579 1755//579
f 1756//580 1757//580 1758//580
f 1759//581 1760//581 1761//581
f 1762//582 1763//582 1764//582
f 1765//583 1766//583 1767//583
f 1768//584 1769//584 1770//584
f 1771//585 1772//585 1773//585
f 1774//586 1775//586 1776//586
f 1777//587 1778//587 1779//587
f 1780//588 1781//588 1782//588
f 1783//589 1784//589 1785//589
f 1786//590 1787//590 1788//590
f 1789//591 1790//591 1791//591
f 1792//592 1793//592 1794//592
f 1795//593 1796//593 1797//593
f 1798//594 1799//594 1800//594
f 1801//595 1802//595 1803//595
f 1804//596 1805//596 1806//596
f 1807//597 1808//597 1809//597
f 1810//598 1811//598 1812//598
f 1813//599 1814//599 1815//599
f 1816//600 1817//600 1818//600
f 1819//601 1820//601 1821//601
f 1822//602 1823//602 1824//602
f 1825//603 1826//603 1827//603
f 1828//604 1829//604 1830//604
f 1831//605 1832//605 1833//605
f 1834//606 1835//606 1836//606
f 1837//607 1838//607 1839//607
f 1840//608 1841//608 1842//608
f 1843//609 1844//609 1845//609
f 1846//610 1847//610 1848//610
f 1849//611 1850//611 1851//611
f 1852//612 1853//612 1854//612
f 1855//613 1856//613 1857//613
f 1858//614 1859//614 1860//614
f 1861//615 1862//615 1863//615
f 1864//616 1865//616 1866//616
f 1867//617 1868//617 1869//617
f 1870//618 1871//618 1872//618
f 1873//619 1874//619 1875//619
f 1876//620 1877//620 1878//620
f 1879//621 1880//621 1881//621
f 1882//622 1883//622 1884//622
f 1885//623 1886//623 1887//623
f 1888//624 1889//624 1890//624
f 1891//625 1892//625 1893//625
f 1894//626 1895//626 1896//626
f 1897//627 1898//627 1899//627
f 1900//628 1901//628 1902//628
f 1903//629 1904//629 1905//629
f 1906//630 1907//630 1908//630
f 1909//631 1910//631 1911//631
f 1912//632 1913//632 1914//632
f 1915//633 1916//633 1917//633
f 1918//634 1919//634 1920//634
f 1921//635 1922//635 1923//635
f 1924//636 1925//636 1926//636
f 1927//637 1928//637 1929//637
f 1930//638 1931//638 1932//638
f 1933//639 1934//639 1935//639
f 1936//640 1937//640 1938//640
f 1939//641 1940//641 1941//641
f 1942//642 1943//642 1944//642
f 1945//643 1946//643 1947//643
f 1948//644 1949//644 1950//644
f 1951//645 1952//645 1953//645
f 1954//646 1955//646 1956//646
f 1957//647 1958//647 1959//647
f 1960//648 1961//648 1962//648
f 1963//649 1964//649 1965//649
f 1966//650 1967//650 1968//650
f 1969//651 1970//651 1971//651
f 1972//652 1973//652 1974//652
f 1975//653 1976//653 1977//653
f 1978//654 1979//654 1980//654
f 1981//655 1982//655 1983//655
f 1984//656 1985//656 1986//656
f 1987//657 1988//657 1989//657
f 1990//658 1991//658 1992//658
f 1993//659 1994//659 1995//659
f 1996//660 1997//660 1998//660
f 1999//661 2000//661 2001//661
f 2002//662 2003//662 2004//662
f 2005//663 2006//663 2007//663
f 2008//664 2009//664 2010//664
f 2011//665 2012//665 2013//665
f 2014//666 2015//666 2016//666
f 2017//667 2018//667 2019//667
f 2020//668 2021//668 2022//668
f 2023//669 2024//669 2025//669
f 2026//670 2027//670 2028//670
f 2029//671 2030//671 2031//671
f 2032//672 2033//672 2034//672
f 2035//673 2036//673 2037//673
f 2038//674 2039//674 2040//674
f 2041//675 2042//675 2043//675
f 2044//676 2045//676 2046//676
f 2047//677 2048//677 2049//677
f 2050//678 2051//678 2052//678
f 2053//679 2054//679 2055//679
f 2056//680 2057//680 2058//680
f 2059//681 2060//681 2061//681
f 2062//682 2063//682 2064//682
f 2065//683 2066//683 2067//683
f 2068//684 2069//684 2070//684
f 2071//685 2072//685 2073//685
f 2074//686 2075//686 2076//686
f 2077//687 2078//687 2079//687
f 2080//688 2081//688 2082//688
f 2083//689 2084//689 2085//689
f 2086//690 2087//690 2088//690
f 2089//691 2090//691 2091//691
f 2092//692 2093//692 2094//692
f 2095//693 2096//693 2097//693
f 2098//694 2099//694 2100//694
f 2101//695 2102//695 2103//695
f 2104//696 2105//696 2106//696
f 2107//697 2108//697 2109//697
f 2110//698 2111//698 2112//698
f 2113//699 2114//699 2115//699
f 2116//700 2117//700 2118//700
f 2119//701 2120//701 2121//701
f 2122//702 2123//702 2124//702
f 2125//703 2126//703 2127//703
f 2128//704 2129//704 2130//704
f 2131//705 2132//705 2133//705
f 2134//706 2135//706 2136//706
f 2137//707 2138//707 2139//707
f 2140//708 2141//708 2142//708
f 2143//709 2144//709 2145//709
f 2146//710 2147//710 2148//710
f 2149//711 2150//711 2151//711
f 2152//712 2153//712 2154//712
f 2155//713 2156//713 2157//713
f 2158//714 2159//714 2160//714
f 2161//715 2162//715 2163//715
f 2164//716 2165//716 2166//716
f 2167//717 2168//717 2169//717
f 2170//718 2171//718 2172//718
f 2173//719 2174//719 2175//719
f 2176//720 2177//720 2178//720
f 2179//721 2180//721 2181//721
f 2182//722 2183//722 2184//722
f 2185//723 2186//723 2187//723
f 2188//724 2189//724 2190//724
f 2191//725 2192//725 2193//725
f 2194//726 2195//726 2196//726
f 2197//727 2198//727 2199//727
f 2200//728 2201//728 2202//728
f 2203//729 2204//729 2205//729
f 2206//730 2207//730 2208//730
f 2209//731 2210//731 2211//731
f 2212//732 2213//732 2214//732
f 2215//733 2216//733 2217//733
f 2218//734 2219//734 2220//734
f 2221//735 2222//735 2223//735
f 2224//736 2225//736 2226//736
f 2227//737 2228//737 2229//737
f 2230//738 2231//738 2232//738
f 2233//739 2234//739 2235//739
f 2236//740 2237//740 2238//740
f 2239//741 2240//741 2241//741
f 2242//742 2243//742 2244//742
f 2245//743 2246//743 2247//743
f 2248//744 2249//744 2250//744
f 2251//745 2252//745 2253//745
f 2254//746 2255//746 2256//746
f 2257//747 2258//747 2259//747
f 2260//748 2261//748 2262//748
f 2263//749 2264//749 2265//749
f 2266//750 2267//750 2268//750
f 2269//751 2270//751 2271//751
f 2272//752 2273//752 2274//752
f 2275//753 2276//753 2277//753
f 2278//754 2279//754 2280//754
f 2281//755 2282//755 2283//755
f 2284//756 2285//756 2286//756
f 2287//757 2288//757 2289//757
f 2290//758 2291//758 2292//758
f 2293//759 2294//759 2295//759
f 2296//759 2297//759 2298//759
f 2299//759 2300//759 2301//759
f 2302//759 2303//759 2304//759
f 2305//759 2306//759 2307//759
f 2308//759 2309//759 2310//759
f 2311//759 2312//759 2313//759
f 2314//759 2315//759 2316//759
f 2317//759 2318//759 2319//759
f 2320//759 2321//759 2322//759
f 2323//759 2324//759 2325//759
f 2326//759 2327//759 2328//759
f 2329//759 2330//759 2331//759
f 2332//759 2333//759 2334//759
f 2335//759 2336//759 2337//759
f 2338//759 2339//759 2340//759
f 2341//759 2342//759 2343//759
f 2344//759 2345//759 2346//759
f 2347//759 2348//759 2349//759
f 2350//759 2351//759 2352//759
f 2353//759 2354//759 2355//759
f 2356//759 2357//759 2358//759
f 2359//759 2360//759 2361//759
f 2362//759 2363//759 2364//759
f 2365//759 2366//759 2367//759
f 2368//759 2369//759 2370//759
f 2371//760 2372//760 2373//760
f 2374//760 2375//760 2376//760
f 2377//760 2378//760 2379//760
f 2380//760 2381//760 2382//760
f 2383//760 2384//760 2385//760
f 2386//760 2387//760 2388//760
f 2389//760 2390//760 2391//760
f 2392//760 2393//760 2394//760
f 2395//760 2396//760 2397//760
f 2398//760 2399//760 2400//760
f 2401//760 2402//760 2403//760
f 2404//760 2405//760 2406//760
f 2407//760 2408//760 2409//760
f 2410//760 2411//760 2412//760
f 2413//760 2414//760 2415//760
f 2416//760 2417//760 2418//760
f 2419//760 2420//760 2421//760
f 2422//760 2423//760 2424//760
f 2425//760 2426//760 2427//760
f 2428//760 2429//760 2430//760
f 2431//760 2432//760 2433//760
f 2434//760 2435//760 2436//760
f 2437//760 2438//760 2439//760
f 2440//760 2441//760 2442//760
f 2443//760 2444//760 2445//760
f 2446//760 2447//760 2448//760
f 2449//133 2450//133 2451//133
f 2452//109 2453//109 2454//109
f 2455//109 2456//109 2457//109
f 2458//133 2459//133 2460//133
f 2461//110 2462//110 2463//110
f 2464//110 2465//110 2466//110
f 2467//122 2468//122 2469//122
f 2470//122 2471//122 2472//122
f 2473//159 2474//159 2475//159
f 2476//134 2477//134 2478//134
f 2479//134 2480//134 2481//134
f 2482//159 2483//159 2484//159
f 2485//149 2486//149 2487//149
f 2488//149 2489//149 2490//149
f 2491//158 2492//158 2493//158
f 2494//158 2495//158 2496//158
f 2497//133 2498//133 2499//133
f 2500//109 2501//109 2502//109
f 2503//109 2504//109 2505//109
f 2506//133 2507//133 2508//133
f 2509//110 2510//110 2511//110
f 2512//110 2513//110 2514//110
f 2515//122 2516//122 2517//122
f 2518//122 2519//122 2520//122
f 2521//159 2522//159 2523//159
f 2524//134 2525//134 2526//134
f 2527//134 2528//134 2529//134
f 2530//159 2531//159 2532//159
f 2533//149 2534//149 2535//149
f 2536//149 2537//149 2538//149
f 2539//158 2540//158 2541//158
f 2542//158 2543//158 2544//158
