# generated rotor-link-local propeller visual mesh
mtllib sunray150_dae_mid360_realistic_material_audit_gazebo_visual.mtl
v 0.002338000 0.004976000 -0.004219000
v 0.002506000 0.005463000 -0.004434000
v 0.004895000 0.002503000 -0.002086000
v 0.002874000 0.006013000 -0.004654000
v 0.003773000 0.004475000 -0.003368000
v 0.004720000 0.002849000 -0.002278000
v 0.002506000 0.005463000 -0.004434000
v 0.002874000 0.006013000 -0.004654000
v 0.004895000 0.002503000 -0.002086000
v 0.004895000 0.002503000 -0.002086000
v 0.002874000 0.006013000 -0.004654000
v 0.004720000 0.002849000 -0.002278000
v 0.004895000 0.002503000 -0.002086000
v 0.004720000 0.002849000 -0.002278000
v 0.005714000 0.001136000 -0.001386000
v 0.005488000 -0.000317000 -0.001123000
v 0.004895000 0.002503000 -0.002086000
v 0.006756000 -0.000665000 -0.000691000
v 0.006756000 -0.000665000 -0.000691000
v 0.004895000 0.002503000 -0.002086000
v 0.005714000 0.001136000 -0.001386000
v 0.005488000 -0.000317000 -0.001123000
v 0.006756000 -0.000665000 -0.000691000
v 0.005489000 -0.000306000 -0.000697000
v 0.005489000 -0.000306000 -0.000697000
v 0.006756000 -0.000665000 -0.000691000
v 0.006663000 -0.000595000 -0.000309000
v 0.002874000 0.006013000 -0.004654000
v 0.002506000 0.005463000 -0.004434000
v 0.002757000 0.006234000 -0.004342000
v 0.002757000 0.006234000 -0.004342000
v 0.002506000 0.005463000 -0.004434000
v 0.002338000 0.004976000 -0.004219000
v 0.002757000 0.006234000 -0.004342000
v 0.002338000 0.004976000 -0.004219000
v 0.002175000 0.005049000 -0.003842000
v 0.028871000 0.023067000 -0.003622000
v 0.026394000 0.018719000 -0.002928000
v 0.035578000 0.026330000 -0.003102000
v 0.006520000 0.010033000 -0.005488000
v 0.003628000 0.004700000 -0.003065000
v 0.011463000 0.010361000 -0.002989000
v 0.022166000 0.019845000 -0.004574000
v 0.026394000 0.018719000 -0.002928000
v 0.028871000 0.023067000 -0.003622000
v 0.003628000 0.004700000 -0.003065000
v 0.006520000 0.010033000 -0.005488000
v 0.002757000 0.006234000 -0.004342000
v 0.019319000 0.014884000 -0.003004000
v 0.021024000 0.011956000 -0.001260000
v 0.026394000 0.018719000 -0.002928000
v 0.004551000 0.003084000 -0.001978000
v 0.004964000 0.002363000 -0.001569000
v 0.010305000 0.002445000 -0.000011000
v 0.004551000 0.003084000 -0.001978000
v 0.010305000 0.002445000 -0.000011000
v 0.013103000 0.007520000 -0.000847000
v 0.004551000 0.003084000 -0.001978000
v 0.013103000 0.007520000 -0.000847000
v 0.011463000 0.010361000 -0.002989000
v 0.004551000 0.003084000 -0.001978000
v 0.011463000 0.010361000 -0.002989000
v 0.003628000 0.004700000 -0.003065000
v 0.015714000 0.000415000 0.001158000
v 0.010305000 0.002445000 -0.000011000
v 0.012462000 -0.000359000 0.000841000
v 0.012462000 -0.000359000 0.000841000
v 0.010305000 0.002445000 -0.000011000
v 0.004964000 0.002363000 -0.001569000
v 0.012462000 -0.000359000 0.000841000
v 0.004964000 0.002363000 -0.001569000
v 0.006663000 -0.000595000 -0.000309000
v 0.021024000 0.011956000 -0.001260000
v 0.032736000 0.019492000 -0.002154000
v 0.026394000 0.018719000 -0.002928000
v 0.026394000 0.018719000 -0.002928000
v 0.032736000 0.019492000 -0.002154000
v 0.037579000 0.022869000 -0.002303000
v 0.026394000 0.018719000 -0.002928000
v 0.037579000 0.022869000 -0.002303000
v 0.035578000 0.026330000 -0.003102000
v 0.019751000 0.002136000 0.001174000
v 0.022424000 0.003771000 0.000951000
v 0.017563000 0.005703000 0.000606000
v 0.017563000 0.005703000 0.000606000
v 0.022424000 0.003771000 0.000951000
v 0.026225000 0.006721000 0.000378000
v 0.017563000 0.005703000 0.000606000
v 0.026225000 0.006721000 0.000378000
v 0.025432000 0.010610000 -0.000528000
v 0.025432000 0.010610000 -0.000528000
v 0.026225000 0.006721000 0.000378000
v 0.032125000 0.012165000 -0.000689000
v 0.025432000 0.010610000 -0.000528000
v 0.032125000 0.012165000 -0.000689000
v 0.033979000 0.017344000 -0.001608000
v 0.033979000 0.017344000 -0.001608000
v 0.032125000 0.012165000 -0.000689000
v 0.039574000 0.019404000 -0.001503000
v 0.033979000 0.017344000 -0.001608000
v 0.039574000 0.019404000 -0.001503000
v 0.037579000 0.022869000 -0.002303000
v 0.013103000 0.007520000 -0.000847000
v 0.010305000 0.002445000 -0.000011000
v 0.017563000 0.005703000 0.000606000
v 0.017563000 0.005703000 0.000606000
v 0.010305000 0.002445000 -0.000011000
v 0.015714000 0.000415000 0.001158000
v 0.017563000 0.005703000 0.000606000
v 0.015714000 0.000415000 0.001158000
v 0.019751000 0.002136000 0.001174000
v 0.006520000 0.010033000 -0.005488000
v 0.011463000 0.010361000 -0.002989000
v 0.010743000 0.013392000 -0.005885000
v 0.010743000 0.013392000 -0.005885000
v 0.011463000 0.010361000 -0.002989000
v 0.019319000 0.014884000 -0.003004000
v 0.010743000 0.013392000 -0.005885000
v 0.019319000 0.014884000 -0.003004000
v 0.017151000 0.017304000 -0.005367000
v 0.017151000 0.017304000 -0.005367000
v 0.019319000 0.014884000 -0.003004000
v 0.026394000 0.018719000 -0.002928000
v 0.017151000 0.017304000 -0.005367000
v 0.026394000 0.018719000 -0.002928000
v 0.022166000 0.019845000 -0.004574000
v 0.025432000 0.010610000 -0.000528000
v 0.021024000 0.011956000 -0.001260000
v 0.017563000 0.005703000 0.000606000
v 0.017563000 0.005703000 0.000606000
v 0.021024000 0.011956000 -0.001260000
v 0.013103000 0.007520000 -0.000847000
v 0.021024000 0.011956000 -0.001260000
v 0.019319000 0.014884000 -0.003004000
v 0.013103000 0.007520000 -0.000847000
v 0.013103000 0.007520000 -0.000847000
v 0.019319000 0.014884000 -0.003004000
v 0.011463000 0.010361000 -0.002989000
v 0.037579000 0.022869000 -0.002303000
v 0.032736000 0.019492000 -0.002154000
v 0.033979000 0.017344000 -0.001608000
v 0.033979000 0.017344000 -0.001608000
v 0.032736000 0.019492000 -0.002154000
v 0.021024000 0.011956000 -0.001260000
v 0.033979000 0.017344000 -0.001608000
v 0.021024000 0.011956000 -0.001260000
v 0.025432000 0.010610000 -0.000528000
v 0.002757000 0.006234000 -0.004342000
v 0.002175000 0.005049000 -0.003842000
v 0.003628000 0.004700000 -0.003065000
v 0.003628000 0.004700000 -0.003065000
v 0.002175000 0.005049000 -0.003842000
v 0.004551000 0.003084000 -0.001978000
v 0.005489000 -0.000306000 -0.000697000
v 0.006663000 -0.000595000 -0.000309000
v 0.004964000 0.002363000 -0.001569000
v -0.005478000 -0.000463000 -0.004219000
v -0.005983000 -0.000561000 -0.004434000
v -0.004614000 0.002988000 -0.002086000
v -0.006644000 -0.000517000 -0.004654000
v -0.005761000 0.001031000 -0.003368000
v -0.004827000 0.002663000 -0.002278000
v -0.005983000 -0.000561000 -0.004434000
v -0.006644000 -0.000517000 -0.004654000
v -0.004614000 0.002988000 -0.002086000
v -0.004614000 0.002988000 -0.002086000
v -0.006644000 -0.000517000 -0.004654000
v -0.004827000 0.002663000 -0.002278000
v -0.004614000 0.002988000 -0.002086000
v -0.004827000 0.002663000 -0.002278000
v -0.003840000 0.004381000 -0.001386000
v -0.002469000 0.004912000 -0.001123000
v -0.004614000 0.002988000 -0.002086000
v -0.002801000 0.006184000 -0.000691000
v -0.002801000 0.006184000 -0.000691000
v -0.004614000 0.002988000 -0.002086000
v -0.003840000 0.004381000 -0.001386000
v -0.002469000 0.004912000 -0.001123000
v -0.002801000 0.006184000 -0.000691000
v -0.002478000 0.004907000 -0.000697000
v -0.002478000 0.004907000 -0.000697000
v -0.002801000 0.006184000 -0.000691000
v -0.002816000 0.006069000 -0.000309000
v -0.006644000 -0.000517000 -0.004654000
v -0.005983000 -0.000561000 -0.004434000
v -0.006776000 -0.000729000 -0.004342000
v -0.006776000 -0.000729000 -0.004342000
v -0.005983000 -0.000561000 -0.004434000
v -0.005478000 -0.000463000 -0.004219000
v -0.006776000 -0.000729000 -0.004342000
v -0.005478000 -0.000463000 -0.004219000
v -0.005460000 -0.000641000 -0.003842000
v -0.034411000 0.013470000 -0.003622000
v -0.029407000 0.013498000 -0.002928000
v -0.040591000 0.017647000 -0.003102000
v -0.011948000 0.000630000 -0.005488000
v -0.005884000 0.000792000 -0.003065000
v -0.014703000 0.004747000 -0.002989000
v -0.028269000 0.009275000 -0.004574000
v -0.029407000 0.013498000 -0.002928000
v -0.034411000 0.013470000 -0.003622000
v -0.005884000 0.000792000 -0.003065000
v -0.011948000 0.000630000 -0.005488000
v -0.006776000 -0.000729000 -0.004342000
v -0.022549000 0.009290000 -0.003004000
v -0.020866000 0.012229000 -0.001260000
v -0.029407000 0.013498000 -0.002928000
v -0.004946000 0.002399000 -0.001978000
v -0.004527000 0.003118000 -0.001569000
v -0.007269000 0.007702000 -0.000011000
v -0.004946000 0.002399000 -0.001978000
v -0.007269000 0.007702000 -0.000011000
v -0.013063000 0.007588000 -0.000847000
v -0.004946000 0.002399000 -0.001978000
v -0.013063000 0.007588000 -0.000847000
v -0.014703000 0.004747000 -0.002989000
v -0.004946000 0.002399000 -0.001978000
v -0.014703000 0.004747000 -0.002989000
v -0.005884000 0.000792000 -0.003065000
v -0.008216000 0.013401000 0.001158000
v -0.007269000 0.007702000 -0.000011000
v -0.005919000 0.010973000 0.000841000
v -0.005919000 0.010973000 0.000841000
v -0.007269000 0.007702000 -0.000011000
v -0.004527000 0.003118000 -0.001569000
v -0.005919000 0.010973000 0.000841000
v -0.004527000 0.003118000 -0.001569000
v -0.002816000 0.006069000 -0.000309000
v -0.020866000 0.012229000 -0.001260000
v -0.033248000 0.018604000 -0.002154000
v -0.029407000 0.013498000 -0.002928000
v -0.029407000 0.013498000 -0.002928000
v -0.033248000 0.018604000 -0.002154000
v -0.038594000 0.021110000 -0.002303000
v -0.029407000 0.013498000 -0.002928000
v -0.038594000 0.021110000 -0.002303000
v -0.040591000 0.017647000 -0.003102000
v -0.011725000 0.016038000 0.001174000
v -0.014477000 0.017534000 0.000951000
v -0.013719000 0.012359000 0.000606000
v -0.013719000 0.012359000 0.000606000
v -0.014477000 0.017534000 0.000951000
v -0.018933000 0.019351000 0.000378000
v -0.013719000 0.012359000 0.000606000
v -0.018933000 0.019351000 0.000378000
v -0.021904000 0.016720000 -0.000528000
v -0.021904000 0.016720000 -0.000528000
v -0.018933000 0.019351000 0.000378000
v -0.026597000 0.021739000 -0.000689000
v -0.021904000 0.016720000 -0.000528000
v -0.026597000 0.021739000 -0.000689000
v -0.032009000 0.020755000 -0.001608000
v -0.032009000 0.020755000 -0.001608000
v -0.026597000 0.021739000 -0.000689000
v -0.036591000 0.024570000 -0.001503000
v -0.032009000 0.020755000 -0.001608000
v -0.036591000 0.024570000 -0.001503000
v -0.038594000 0.021110000 -0.002303000
v -0.013063000 0.007588000 -0.000847000
v -0.007269000 0.007702000 -0.000011000
v -0.013719000 0.012359000 0.000606000
v -0.013719000 0.012359000 0.000606000
v -0.007269000 0.007702000 -0.000011000
v -0.008216000 0.013401000 0.001158000
v -0.013719000 0.012359000 0.000606000
v -0.008216000 0.013401000 0.001158000
v -0.011725000 0.016038000 0.001174000
v -0.011948000 0.000630000 -0.005488000
v -0.014703000 0.004747000 -0.002989000
v -0.016969000 0.002608000 -0.005885000
v -0.016969000 0.002608000 -0.005885000
v -0.014703000 0.004747000 -0.002989000
v -0.022549000 0.009290000 -0.003004000
v -0.016969000 0.002608000 -0.005885000
v -0.022549000 0.009290000 -0.003004000
v -0.023560000 0.006202000 -0.005367000
v -0.023560000 0.006202000 -0.005367000
v -0.022549000 0.009290000 -0.003004000
v -0.029407000 0.013498000 -0.002928000
v -0.023560000 0.006202000 -0.005367000
v -0.029407000 0.013498000 -0.002928000
v -0.028269000 0.009275000 -0.004574000
v -0.021904000 0.016720000 -0.000528000
v -0.020866000 0.012229000 -0.001260000
v -0.013719000 0.012359000 0.000606000
v -0.013719000 0.012359000 0.000606000
v -0.020866000 0.012229000 -0.001260000
v -0.013063000 0.007588000 -0.000847000
v -0.020866000 0.012229000 -0.001260000
v -0.022549000 0.009290000 -0.003004000
v -0.013063000 0.007588000 -0.000847000
v -0.013063000 0.007588000 -0.000847000
v -0.022549000 0.009290000 -0.003004000
v -0.014703000 0.004747000 -0.002989000
v -0.038594000 0.021110000 -0.002303000
v -0.033248000 0.018604000 -0.002154000
v -0.032009000 0.020755000 -0.001608000
v -0.032009000 0.020755000 -0.001608000
v -0.033248000 0.018604000 -0.002154000
v -0.020866000 0.012229000 -0.001260000
v -0.032009000 0.020755000 -0.001608000
v -0.020866000 0.012229000 -0.001260000
v -0.021904000 0.016720000 -0.000528000
v -0.006776000 -0.000729000 -0.004342000
v -0.005460000 -0.000641000 -0.003842000
v -0.005884000 0.000792000 -0.003065000
v -0.005884000 0.000792000 -0.003065000
v -0.005460000 -0.000641000 -0.003842000
v -0.004946000 0.002399000 -0.001978000
v -0.002478000 0.004907000 -0.000697000
v -0.002816000 0.006069000 -0.000309000
v -0.004527000 0.003118000 -0.001569000
v -0.000436000 -0.005480000 -0.001569000
v -0.000003000 -0.005497000 0.000000000
v -0.002962000 -0.004631000 -0.000706000
v -0.000436000 -0.005480000 -0.001569000
v -0.000003000 -0.005497000 -0.001775000
v -0.000003000 -0.005497000 0.000000000
v -0.002469000 0.004912000 -0.001123000
v -0.003885000 0.003890000 -0.002458000
v -0.004614000 0.002988000 -0.002086000
v -0.004527000 0.003118000 -0.001569000
v -0.003885000 0.003890000 0.000000000
v -0.002478000 0.004907000 -0.000697000
v -0.000003000 -0.005497000 -0.004998000
v -0.003889000 -0.003885000 -0.002458000
v -0.003889000 -0.003885000 -0.004998000
v -0.005497000 0.000003000 -0.004998000
v -0.003885000 0.003890000 -0.002458000
v -0.003885000 0.003890000 -0.004998000
v -0.004946000 0.002399000 -0.001978000
v -0.005460000 -0.000641000 -0.003842000
v -0.005497000 0.000003000 -0.002458000
v -0.004946000 0.002399000 -0.001978000
v -0.005497000 0.000003000 -0.002458000
v -0.005497000 0.000003000 0.000000000
v -0.004946000 0.002399000 -0.001978000
v -0.005497000 0.000003000 0.000000000
v -0.003885000 0.003890000 0.000000000
v -0.004946000 0.002399000 -0.001978000
v -0.003885000 0.003890000 0.000000000
v -0.004527000 0.003118000 -0.001569000
v -0.005478000 -0.000463000 -0.004219000
v -0.004614000 0.002988000 -0.002086000
v -0.003885000 0.003890000 -0.002458000
v -0.005478000 -0.000463000 -0.004219000
v -0.003885000 0.003890000 -0.002458000
v -0.005497000 0.000003000 -0.004998000
v -0.005478000 -0.000463000 -0.004219000
v -0.005497000 0.000003000 -0.004998000
v -0.003889000 -0.003885000 -0.004998000
v -0.005478000 -0.000463000 -0.004219000
v -0.003889000 -0.003885000 -0.004998000
v -0.005460000 -0.000641000 -0.003842000
v -0.003136000 -0.004515000 -0.001029000
v -0.003130000 -0.004519000 -0.000816000
v -0.003889000 -0.003885000 0.000000000
v -0.003136000 -0.004515000 -0.001029000
v -0.003889000 -0.003885000 0.000000000
v -0.003889000 -0.003885000 -0.002458000
v -0.003136000 -0.004515000 -0.001029000
v -0.003889000 -0.003885000 -0.002458000
v -0.003074000 -0.004557000 -0.001100000
v 0.000003000 0.005498000 0.000000000
v 0.000003000 0.005498000 -0.004998000
v -0.003885000 0.003890000 -0.004998000
v 0.000003000 0.005498000 0.000000000
v -0.003885000 0.003890000 -0.004998000
v -0.003885000 0.003890000 -0.002458000
v 0.000003000 0.005498000 0.000000000
v -0.003885000 0.003890000 -0.002458000
v -0.002469000 0.004912000 -0.001123000
v 0.000003000 0.005498000 0.000000000
v -0.002469000 0.004912000 -0.001123000
v -0.002478000 0.004907000 -0.000697000
v 0.000003000 0.005498000 0.000000000
v -0.002478000 0.004907000 -0.000697000
v -0.003885000 0.003890000 0.000000000
v -0.003889000 -0.003885000 0.000000000
v -0.003130000 -0.004519000 -0.000816000
v -0.003108000 -0.004534000 -0.000795000
v -0.003889000 -0.003885000 0.000000000
v -0.003108000 -0.004534000 -0.000795000
v -0.003042000 -0.004578000 -0.000730000
v -0.003889000 -0.003885000 0.000000000
v -0.003042000 -0.004578000 -0.000730000
v -0.002962000 -0.004631000 -0.000706000
v -0.003889000 -0.003885000 0.000000000
v -0.002962000 -0.004631000 -0.000706000
v -0.000003000 -0.005497000 0.000000000
v -0.000003000 -0.005497000 -0.004998000
v -0.000003000 -0.005497000 -0.002223000
v -0.003889000 -0.003885000 -0.002458000
v -0.003889000 -0.003885000 -0.002458000
v -0.000003000 -0.005497000 -0.002223000
v -0.003025000 -0.004590000 -0.001122000
v -0.003889000 -0.003885000 -0.002458000
v -0.003025000 -0.004590000 -0.001122000
v -0.003074000 -0.004557000 -0.001100000
v -0.005460000 -0.000641000 -0.003842000
v -0.003889000 -0.003885000 -0.004998000
v -0.005497000 0.000003000 -0.002458000
v -0.005497000 0.000003000 -0.002458000
v -0.003889000 -0.003885000 -0.004998000
v -0.003889000 -0.003885000 -0.002458000
v -0.005497000 0.000003000 -0.002458000
v -0.003889000 -0.003885000 -0.002458000
v -0.005497000 0.000003000 0.000000000
v -0.005497000 0.000003000 0.000000000
v -0.003889000 -0.003885000 -0.002458000
v -0.003889000 -0.003885000 0.000000000
v 0.000003000 0.005498000 0.000000000
v 0.003889000 0.003885000 0.000000000
v 0.003889000 0.003885000 -0.002458000
v 0.005488000 -0.000317000 -0.001123000
v 0.005498000 -0.000003000 -0.002458000
v 0.004895000 0.002503000 -0.002086000
v 0.004551000 0.003084000 -0.001978000
v 0.002175000 0.005049000 -0.003842000
v 0.003889000 0.003885000 -0.002458000
v 0.004551000 0.003084000 -0.001978000
v 0.003889000 0.003885000 -0.002458000
v 0.003889000 0.003885000 0.000000000
v 0.004551000 0.003084000 -0.001978000
v 0.003889000 0.003885000 0.000000000
v 0.005498000 -0.000003000 0.000000000
v 0.004551000 0.003084000 -0.001978000
v 0.005498000 -0.000003000 0.000000000
v 0.004964000 0.002363000 -0.001569000
v 0.005489000 -0.000306000 -0.000697000
v 0.004964000 0.002363000 -0.001569000
v 0.005498000 -0.000003000 0.000000000
v 0.005489000 -0.000306000 -0.000697000
v 0.005498000 -0.000003000 0.000000000
v 0.003885000 -0.003889000 0.000000000
v 0.005489000 -0.000306000 -0.000697000
v 0.003885000 -0.003889000 0.000000000
v 0.005488000 -0.000317000 -0.001123000
v 0.000003000 0.005498000 -0.004998000
v 0.000003000 0.005498000 0.000000000
v 0.003889000 0.003885000 -0.002458000
v 0.000003000 0.005498000 -0.004998000
v 0.003889000 0.003885000 -0.002458000
v 0.002175000 0.005049000 -0.003842000
v 0.000003000 0.005498000 -0.004998000
v 0.002175000 0.005049000 -0.003842000
v 0.002338000 0.004976000 -0.004219000
v 0.000003000 0.005498000 -0.004998000
v 0.002338000 0.004976000 -0.004219000
v 0.003889000 0.003885000 -0.004998000
v 0.003885000 -0.003889000 -0.002458000
v 0.003285000 -0.004408000 -0.003842000
v 0.003331000 -0.004373000 -0.003902000
v 0.003885000 -0.003889000 -0.002458000
v 0.003331000 -0.004373000 -0.003902000
v 0.003357000 -0.004353000 -0.003986000
v 0.003885000 -0.003889000 -0.002458000
v 0.003357000 -0.004353000 -0.003986000
v 0.003885000 -0.003889000 -0.004998000
v 0.003885000 -0.003889000 -0.002458000
v 0.003885000 -0.003889000 -0.004998000
v 0.005498000 -0.000003000 -0.004998000
v 0.003885000 -0.003889000 -0.002458000
v 0.005498000 -0.000003000 -0.004998000
v 0.005498000 -0.000003000 -0.002458000
v 0.003885000 -0.003889000 -0.002458000
v 0.005498000 -0.000003000 -0.002458000
v 0.005488000 -0.000317000 -0.001123000
v 0.003885000 -0.003889000 -0.002458000
v 0.005488000 -0.000317000 -0.001123000
v 0.003885000 -0.003889000 0.000000000
v 0.003885000 -0.003889000 -0.002458000
v 0.003885000 -0.003889000 0.000000000
v 0.000396000 -0.005483000 -0.001978000
v 0.003885000 -0.003889000 -0.002458000
v 0.000396000 -0.005483000 -0.001978000
v 0.003285000 -0.004408000 -0.003842000
v 0.003885000 -0.003889000 -0.004998000
v 0.003357000 -0.004353000 -0.003986000
v 0.003285000 -0.004408000 -0.004175000
v 0.003885000 -0.003889000 -0.004998000
v 0.003285000 -0.004408000 -0.004175000
v 0.003183000 -0.004482000 -0.004208000
v 0.003885000 -0.003889000 -0.004998000
v 0.003183000 -0.004482000 -0.004208000
v 0.003103000 -0.004538000 -0.004191000
v 0.003885000 -0.003889000 -0.004998000
v 0.003103000 -0.004538000 -0.004191000
v -0.000003000 -0.005497000 -0.002223000
v 0.003885000 -0.003889000 -0.004998000
v -0.000003000 -0.005497000 -0.002223000
v -0.000003000 -0.005497000 -0.004998000
v 0.005498000 -0.000003000 -0.004998000
v 0.003889000 0.003885000 -0.004998000
v 0.005498000 -0.000003000 -0.002458000
v 0.005498000 -0.000003000 -0.002458000
v 0.003889000 0.003885000 -0.004998000
v 0.002338000 0.004976000 -0.004219000
v 0.005498000 -0.000003000 -0.002458000
v 0.002338000 0.004976000 -0.004219000
v 0.004895000 0.002503000 -0.002086000
v 0.000396000 -0.005483000 -0.001978000
v 0.003885000 -0.003889000 0.000000000
v -0.000003000 -0.005497000 -0.001775000
v -0.000003000 -0.005497000 -0.001775000
v 0.003885000 -0.003889000 0.000000000
v -0.000003000 -0.005497000 0.000000000
v 0.035578000 0.026330000 -0.003102000
v 0.035625000 0.026267000 -0.003494000
v 0.028871000 0.023067000 -0.003622000
v 0.028871000 0.023067000 -0.003622000
v 0.035625000 0.026267000 -0.003494000
v 0.023158000 0.020122000 -0.004787000
v 0.028871000 0.023067000 -0.003622000
v 0.023158000 0.020122000 -0.004787000
v 0.022166000 0.019845000 -0.004574000
v 0.022166000 0.019845000 -0.004574000
v 0.023158000 0.020122000 -0.004787000
v 0.017151000 0.017304000 -0.005367000
v 0.017151000 0.017304000 -0.005367000
v 0.023158000 0.020122000 -0.004787000
v 0.016324000 0.016539000 -0.005790000
v 0.017151000 0.017304000 -0.005367000
v 0.016324000 0.016539000 -0.005790000
v 0.010743000 0.013392000 -0.005885000
v 0.010743000 0.013392000 -0.005885000
v 0.016324000 0.016539000 -0.005790000
v 0.011230000 0.013358000 -0.006141000
v 0.010743000 0.013392000 -0.005885000
v 0.011230000 0.013358000 -0.006141000
v 0.006520000 0.010033000 -0.005488000
v 0.006520000 0.010033000 -0.005488000
v 0.011230000 0.013358000 -0.006141000
v 0.006820000 0.009907000 -0.005781000
v 0.006520000 0.010033000 -0.005488000
v 0.006820000 0.009907000 -0.005781000
v 0.002757000 0.006234000 -0.004342000
v 0.002757000 0.006234000 -0.004342000
v 0.006820000 0.009907000 -0.005781000
v 0.002874000 0.006013000 -0.004654000
v 0.039574000 0.019404000 -0.001503000
v 0.039618000 0.019339000 -0.001895000
v 0.039634000 0.019488000 -0.001510000
v 0.039634000 0.019488000 -0.001510000
v 0.039618000 0.019339000 -0.001895000
v 0.039679000 0.019423000 -0.001902000
v 0.039634000 0.019488000 -0.001510000
v 0.039679000 0.019423000 -0.001902000
v 0.039686000 0.019690000 -0.001537000
v 0.039686000 0.019690000 -0.001537000
v 0.039679000 0.019423000 -0.001902000
v 0.039732000 0.019625000 -0.001929000
v 0.039686000 0.019690000 -0.001537000
v 0.039732000 0.019625000 -0.001929000
v 0.039679000 0.019943000 -0.001580000
v 0.039679000 0.019943000 -0.001580000
v 0.039732000 0.019625000 -0.001929000
v 0.039725000 0.019878000 -0.001972000
v 0.039679000 0.019943000 -0.001580000
v 0.039725000 0.019878000 -0.001972000
v 0.039532000 0.020566000 -0.001699000
v 0.039532000 0.020566000 -0.001699000
v 0.039725000 0.019878000 -0.001972000
v 0.039497000 0.020747000 -0.002141000
v 0.039532000 0.020566000 -0.001699000
v 0.039497000 0.020747000 -0.002141000
v 0.038053000 0.023634000 -0.002373000
v 0.038053000 0.023634000 -0.002373000
v 0.039497000 0.020747000 -0.002141000
v 0.039120000 0.021657000 -0.002333000
v 0.038053000 0.023634000 -0.002373000
v 0.039120000 0.021657000 -0.002333000
v 0.037127000 0.025061000 -0.003121000
v 0.035625000 0.026267000 -0.003494000
v 0.035578000 0.026330000 -0.003102000
v 0.035755000 0.026296000 -0.003483000
v 0.035755000 0.026296000 -0.003483000
v 0.035578000 0.026330000 -0.003102000
v 0.035708000 0.026359000 -0.003091000
v 0.035755000 0.026296000 -0.003483000
v 0.035708000 0.026359000 -0.003091000
v 0.035902000 0.026267000 -0.003461000
v 0.035902000 0.026267000 -0.003461000
v 0.035708000 0.026359000 -0.003091000
v 0.035855000 0.026330000 -0.003069000
v 0.035902000 0.026267000 -0.003461000
v 0.035855000 0.026330000 -0.003069000
v 0.036219000 0.026075000 -0.003393000
v 0.036219000 0.026075000 -0.003393000
v 0.035855000 0.026330000 -0.003069000
v 0.036172000 0.026138000 -0.003001000
v 0.036219000 0.026075000 -0.003393000
v 0.036172000 0.026138000 -0.003001000
v 0.037127000 0.025061000 -0.003121000
v 0.037127000 0.025061000 -0.003121000
v 0.036172000 0.026138000 -0.003001000
v 0.036494000 0.025834000 -0.002914000
v 0.037127000 0.025061000 -0.003121000
v 0.036494000 0.025834000 -0.002914000
v 0.038053000 0.023634000 -0.002373000
v 0.035708000 0.026359000 -0.003091000
v 0.035578000 0.026330000 -0.003102000
v 0.037579000 0.022869000 -0.002303000
v 0.035708000 0.026359000 -0.003091000
v 0.037579000 0.022869000 -0.002303000
v 0.039574000 0.019404000 -0.001503000
v 0.035708000 0.026359000 -0.003091000
v 0.039574000 0.019404000 -0.001503000
v 0.039634000 0.019488000 -0.001510000
v 0.035708000 0.026359000 -0.003091000
v 0.039634000 0.019488000 -0.001510000
v 0.039686000 0.019690000 -0.001537000
v 0.035708000 0.026359000 -0.003091000
v 0.039686000 0.019690000 -0.001537000
v 0.035855000 0.026330000 -0.003069000
v 0.038053000 0.023634000 -0.002373000
v 0.036494000 0.025834000 -0.002914000
v 0.039532000 0.020566000 -0.001699000
v 0.039532000 0.020566000 -0.001699000
v 0.036494000 0.025834000 -0.002914000
v 0.036172000 0.026138000 -0.003001000
v 0.039532000 0.020566000 -0.001699000
v 0.036172000 0.026138000 -0.003001000
v 0.039679000 0.019943000 -0.001580000
v 0.039679000 0.019943000 -0.001580000
v 0.036172000 0.026138000 -0.003001000
v 0.035855000 0.026330000 -0.003069000
v 0.039679000 0.019943000 -0.001580000
v 0.035855000 0.026330000 -0.003069000
v 0.039686000 0.019690000 -0.001537000
v 0.019751000 0.002136000 0.001174000
v 0.020589000 0.002587000 0.000723000
v 0.022424000 0.003771000 0.000951000
v 0.022424000 0.003771000 0.000951000
v 0.020589000 0.002587000 0.000723000
v 0.025578000 0.006123000 0.000095000
v 0.022424000 0.003771000 0.000951000
v 0.025578000 0.006123000 0.000095000
v 0.026225000 0.006721000 0.000378000
v 0.026225000 0.006721000 0.000378000
v 0.025578000 0.006123000 0.000095000
v 0.032454000 0.012403000 -0.001135000
v 0.026225000 0.006721000 0.000378000
v 0.032454000 0.012403000 -0.001135000
v 0.032125000 0.012165000 -0.000689000
v 0.032125000 0.012165000 -0.000689000
v 0.032454000 0.012403000 -0.001135000
v 0.039618000 0.019339000 -0.001895000
v 0.032125000 0.012165000 -0.000689000
v 0.039618000 0.019339000 -0.001895000
v 0.039574000 0.019404000 -0.001503000
v 0.015714000 0.000415000 0.001158000
v 0.020589000 0.002587000 0.000723000
v 0.019751000 0.002136000 0.001174000
v 0.020589000 0.002587000 0.000723000
v 0.015714000 0.000415000 0.001158000
v 0.017877000 0.001202000 0.000821000
v 0.017877000 0.001202000 0.000821000
v 0.015714000 0.000415000 0.001158000
v 0.012462000 -0.000359000 0.000841000
v 0.017877000 0.001202000 0.000821000
v 0.012462000 -0.000359000 0.000841000
v 0.012607000 -0.000376000 0.000458000
v 0.012607000 -0.000376000 0.000458000
v 0.012462000 -0.000359000 0.000841000
v 0.006663000 -0.000595000 -0.000309000
v 0.012607000 -0.000376000 0.000458000
v 0.006663000 -0.000595000 -0.000309000
v 0.006756000 -0.000665000 -0.000691000
v 0.032454000 0.012403000 -0.001135000
v 0.025578000 0.006123000 0.000095000
v 0.025445000 0.010501000 -0.000913000
v 0.010401000 0.002358000 -0.000390000
v 0.017877000 0.001202000 0.000821000
v 0.012607000 -0.000376000 0.000458000
v 0.035625000 0.026267000 -0.003494000
v 0.026474000 0.018600000 -0.003301000
v 0.023158000 0.020122000 -0.004787000
v 0.023158000 0.020122000 -0.004787000
v 0.026474000 0.018600000 -0.003301000
v 0.019407000 0.014693000 -0.003345000
v 0.006820000 0.009907000 -0.005781000
v 0.011230000 0.013358000 -0.006141000
v 0.011610000 0.010155000 -0.003299000
v 0.011610000 0.010155000 -0.003299000
v 0.003773000 0.004475000 -0.003368000
v 0.006820000 0.009907000 -0.005781000
v 0.002874000 0.006013000 -0.004654000
v 0.006820000 0.009907000 -0.005781000
v 0.003773000 0.004475000 -0.003368000
v 0.013212000 0.007373000 -0.001203000
v 0.010401000 0.002358000 -0.000390000
v 0.004720000 0.002849000 -0.002278000
v 0.035625000 0.026267000 -0.003494000
v 0.037619000 0.022802000 -0.002695000
v 0.026474000 0.018600000 -0.003301000
v 0.026474000 0.018600000 -0.003301000
v 0.037619000 0.022802000 -0.002695000
v 0.032776000 0.019410000 -0.002543000
v 0.026474000 0.018600000 -0.003301000
v 0.032776000 0.019410000 -0.002543000
v 0.021060000 0.011799000 -0.001626000
v 0.037619000 0.022802000 -0.002695000
v 0.039618000 0.019339000 -0.001895000
v 0.034007000 0.017267000 -0.001999000
v 0.034007000 0.017267000 -0.001999000
v 0.039618000 0.019339000 -0.001895000
v 0.032454000 0.012403000 -0.001135000
v 0.034007000 0.017267000 -0.001999000
v 0.032454000 0.012403000 -0.001135000
v 0.025445000 0.010501000 -0.000913000
v 0.013212000 0.007373000 -0.001203000
v 0.021060000 0.011799000 -0.001626000
v 0.017600000 0.005615000 0.000218000
v 0.017600000 0.005615000 0.000218000
v 0.021060000 0.011799000 -0.001626000
v 0.025445000 0.010501000 -0.000913000
v 0.017600000 0.005615000 0.000218000
v 0.025445000 0.010501000 -0.000913000
v 0.020589000 0.002587000 0.000723000
v 0.020589000 0.002587000 0.000723000
v 0.025445000 0.010501000 -0.000913000
v 0.025578000 0.006123000 0.000095000
v 0.020589000 0.002587000 0.000723000
v 0.017877000 0.001202000 0.000821000
v 0.017600000 0.005615000 0.000218000
v 0.017600000 0.005615000 0.000218000
v 0.017877000 0.001202000 0.000821000
v 0.010401000 0.002358000 -0.000390000
v 0.017600000 0.005615000 0.000218000
v 0.010401000 0.002358000 -0.000390000
v 0.013212000 0.007373000 -0.001203000
v 0.012607000 -0.000376000 0.000458000
v 0.006756000 -0.000665000 -0.000691000
v 0.010401000 0.002358000 -0.000390000
v 0.010401000 0.002358000 -0.000390000
v 0.006756000 -0.000665000 -0.000691000
v 0.005714000 0.001136000 -0.001386000
v 0.010401000 0.002358000 -0.000390000
v 0.005714000 0.001136000 -0.001386000
v 0.004720000 0.002849000 -0.002278000
v 0.011610000 0.010155000 -0.003299000
v 0.011230000 0.013358000 -0.006141000
v 0.019407000 0.014693000 -0.003345000
v 0.019407000 0.014693000 -0.003345000
v 0.011230000 0.013358000 -0.006141000
v 0.016324000 0.016539000 -0.005790000
v 0.019407000 0.014693000 -0.003345000
v 0.016324000 0.016539000 -0.005790000
v 0.023158000 0.020122000 -0.004787000
v 0.004720000 0.002849000 -0.002278000
v 0.003773000 0.004475000 -0.003368000
v 0.013212000 0.007373000 -0.001203000
v 0.013212000 0.007373000 -0.001203000
v 0.003773000 0.004475000 -0.003368000
v 0.011610000 0.010155000 -0.003299000
v 0.013212000 0.007373000 -0.001203000
v 0.011610000 0.010155000 -0.003299000
v 0.021060000 0.011799000 -0.001626000
v 0.021060000 0.011799000 -0.001626000
v 0.011610000 0.010155000 -0.003299000
v 0.019407000 0.014693000 -0.003345000
v 0.021060000 0.011799000 -0.001626000
v 0.019407000 0.014693000 -0.003345000
v 0.026474000 0.018600000 -0.003301000
v 0.025445000 0.010501000 -0.000913000
v 0.021060000 0.011799000 -0.001626000
v 0.034007000 0.017267000 -0.001999000
v 0.034007000 0.017267000 -0.001999000
v 0.021060000 0.011799000 -0.001626000
v 0.032776000 0.019410000 -0.002543000
v 0.034007000 0.017267000 -0.001999000
v 0.032776000 0.019410000 -0.002543000
v 0.037619000 0.022802000 -0.002695000
v 0.035755000 0.026296000 -0.003483000
v 0.035902000 0.026267000 -0.003461000
v 0.039732000 0.019625000 -0.001929000
v 0.035755000 0.026296000 -0.003483000
v 0.039732000 0.019625000 -0.001929000
v 0.039679000 0.019423000 -0.001902000
v 0.035755000 0.026296000 -0.003483000
v 0.039679000 0.019423000 -0.001902000
v 0.039618000 0.019339000 -0.001895000
v 0.035755000 0.026296000 -0.003483000
v 0.039618000 0.019339000 -0.001895000
v 0.037619000 0.022802000 -0.002695000
v 0.035755000 0.026296000 -0.003483000
v 0.037619000 0.022802000 -0.002695000
v 0.035625000 0.026267000 -0.003494000
v 0.039732000 0.019625000 -0.001929000
v 0.035902000 0.026267000 -0.003461000
v 0.039725000 0.019878000 -0.001972000
v 0.039725000 0.019878000 -0.001972000
v 0.035902000 0.026267000 -0.003461000
v 0.036219000 0.026075000 -0.003393000
v 0.039725000 0.019878000 -0.001972000
v 0.036219000 0.026075000 -0.003393000
v 0.039497000 0.020747000 -0.002141000
v 0.039497000 0.020747000 -0.002141000
v 0.036219000 0.026075000 -0.003393000
v 0.037127000 0.025061000 -0.003121000
v 0.039497000 0.020747000 -0.002141000
v 0.037127000 0.025061000 -0.003121000
v 0.039120000 0.021657000 -0.002333000
v -0.040591000 0.017647000 -0.003102000
v -0.040560000 0.017719000 -0.003494000
v -0.034411000 0.013470000 -0.003622000
v -0.034411000 0.013470000 -0.003622000
v -0.040560000 0.017719000 -0.003494000
v -0.029004000 0.009994000 -0.004787000
v -0.034411000 0.013470000 -0.003622000
v -0.029004000 0.009994000 -0.004787000
v -0.028269000 0.009275000 -0.004574000
v -0.028269000 0.009275000 -0.004574000
v -0.029004000 0.009994000 -0.004787000
v -0.023560000 0.006202000 -0.005367000
v -0.023560000 0.006202000 -0.005367000
v -0.029004000 0.009994000 -0.004787000
v -0.022485000 0.005868000 -0.005790000
v -0.023560000 0.006202000 -0.005367000
v -0.022485000 0.005868000 -0.005790000
v -0.016969000 0.002608000 -0.005885000
v -0.016969000 0.002608000 -0.005885000
v -0.022485000 0.005868000 -0.005790000
v -0.017183000 0.003047000 -0.006141000
v -0.016969000 0.002608000 -0.005885000
v -0.017183000 0.003047000 -0.006141000
v -0.011948000 0.000630000 -0.005488000
v -0.011948000 0.000630000 -0.005488000
v -0.017183000 0.003047000 -0.006141000
v -0.011989000 0.000953000 -0.005781000
v -0.011948000 0.000630000 -0.005488000
v -0.011989000 0.000953000 -0.005781000
v -0.006776000 -0.000729000 -0.004342000
v -0.006776000 -0.000729000 -0.004342000
v -0.011989000 0.000953000 -0.005781000
v -0.006644000 -0.000517000 -0.004654000
v -0.036591000 0.024570000 -0.001503000
v -0.036557000 0.024641000 -0.001895000
v -0.036693000 0.024581000 -0.001510000
v -0.036693000 0.024581000 -0.001510000
v -0.036557000 0.024641000 -0.001895000
v -0.036660000 0.024652000 -0.001902000
v -0.036693000 0.024581000 -0.001510000
v -0.036660000 0.024652000 -0.001902000
v -0.036895000 0.024524000 -0.001537000
v -0.036895000 0.024524000 -0.001537000
v -0.036660000 0.024652000 -0.001902000
v -0.036861000 0.024596000 -0.001929000
v -0.036895000 0.024524000 -0.001537000
v -0.036861000 0.024596000 -0.001929000
v -0.037110000 0.024392000 -0.001580000
v -0.037110000 0.024392000 -0.001580000
v -0.036861000 0.024596000 -0.001929000
v -0.037077000 0.024464000 -0.001972000
v -0.037110000 0.024392000 -0.001580000
v -0.037077000 0.024464000 -0.001972000
v -0.037576000 0.023953000 -0.001699000
v -0.037576000 0.023953000 -0.001699000
v -0.037077000 0.024464000 -0.001972000
v -0.037715000 0.023832000 -0.002141000
v -0.037576000 0.023953000 -0.001699000
v -0.037715000 0.023832000 -0.002141000
v -0.039494000 0.021138000 -0.002373000
v -0.039494000 0.021138000 -0.002373000
v -0.037715000 0.023832000 -0.002141000
v -0.038315000 0.023051000 -0.002333000
v -0.039494000 0.021138000 -0.002373000
v -0.038315000 0.023051000 -0.002333000
v -0.040267000 0.019622000 -0.003121000
v -0.040560000 0.017719000 -0.003494000
v -0.040591000 0.017647000 -0.003102000
v -0.040650000 0.017817000 -0.003483000
v -0.040650000 0.017817000 -0.003483000
v -0.040591000 0.017647000 -0.003102000
v -0.040682000 0.017745000 -0.003091000
v -0.040650000 0.017817000 -0.003483000
v -0.040682000 0.017745000 -0.003091000
v -0.040698000 0.017958000 -0.003461000
v -0.040698000 0.017958000 -0.003461000
v -0.040682000 0.017745000 -0.003091000
v -0.040730000 0.017887000 -0.003069000
v -0.040698000 0.017958000 -0.003461000
v -0.040730000 0.017887000 -0.003069000
v -0.040691000 0.018329000 -0.003393000
v -0.040691000 0.018329000 -0.003393000
v -0.040730000 0.017887000 -0.003069000
v -0.040722000 0.018257000 -0.003001000
v -0.040691000 0.018329000 -0.003393000
v -0.040722000 0.018257000 -0.003001000
v -0.040267000 0.019622000 -0.003121000
v -0.040267000 0.019622000 -0.003121000
v -0.040722000 0.018257000 -0.003001000
v -0.040619000 0.018688000 -0.002914000
v -0.040267000 0.019622000 -0.003121000
v -0.040619000 0.018688000 -0.002914000
v -0.039494000 0.021138000 -0.002373000
v -0.040682000 0.017745000 -0.003091000
v -0.040591000 0.017647000 -0.003102000
v -0.038594000 0.021110000 -0.002303000
v -0.040682000 0.017745000 -0.003091000
v -0.038594000 0.021110000 -0.002303000
v -0.036591000 0.024570000 -0.001503000
v -0.040682000 0.017745000 -0.003091000
v -0.036591000 0.024570000 -0.001503000
v -0.036693000 0.024581000 -0.001510000
v -0.040682000 0.017745000 -0.003091000
v -0.036693000 0.024581000 -0.001510000
v -0.036895000 0.024524000 -0.001537000
v -0.040682000 0.017745000 -0.003091000
v -0.036895000 0.024524000 -0.001537000
v -0.040730000 0.017887000 -0.003069000
v -0.039494000 0.021138000 -0.002373000
v -0.040619000 0.018688000 -0.002914000
v -0.037576000 0.023953000 -0.001699000
v -0.037576000 0.023953000 -0.001699000
v -0.040619000 0.018688000 -0.002914000
v -0.040722000 0.018257000 -0.003001000
v -0.037576000 0.023953000 -0.001699000
v -0.040722000 0.018257000 -0.003001000
v -0.037110000 0.024392000 -0.001580000
v -0.037110000 0.024392000 -0.001580000
v -0.040722000 0.018257000 -0.003001000
v -0.040730000 0.017887000 -0.003069000
v -0.037110000 0.024392000 -0.001580000
v -0.040730000 0.017887000 -0.003069000
v -0.036895000 0.024524000 -0.001537000
v -0.011725000 0.016038000 0.001174000
v -0.012535000 0.016537000 0.000723000
v -0.014477000 0.017534000 0.000951000
v -0.014477000 0.017534000 0.000951000
v -0.012535000 0.016537000 0.000723000
v -0.018090000 0.019090000 0.000095000
v -0.014477000 0.017534000 0.000951000
v -0.018090000 0.019090000 0.000095000
v -0.018933000 0.019351000 0.000378000
v -0.018933000 0.019351000 0.000378000
v -0.018090000 0.019090000 0.000095000
v -0.026968000 0.021905000 -0.001135000
v -0.018933000 0.019351000 0.000378000
v -0.026968000 0.021905000 -0.001135000
v -0.026597000 0.021739000 -0.000689000
v -0.026597000 0.021739000 -0.000689000
v -0.026968000 0.021905000 -0.001135000
v -0.036557000 0.024641000 -0.001895000
v -0.026597000 0.021739000 -0.000689000
v -0.036557000 0.024641000 -0.001895000
v -0.036591000 0.024570000 -0.001503000
v -0.008216000 0.013401000 0.001158000
v -0.012535000 0.016537000 0.000723000
v -0.011725000 0.016038000 0.001174000
v -0.012535000 0.016537000 0.000723000
v -0.008216000 0.013401000 0.001158000
v -0.009979000 0.014881000 0.000821000
v -0.009979000 0.014881000 0.000821000
v -0.008216000 0.013401000 0.001158000
v -0.005919000 0.010973000 0.000841000
v -0.009979000 0.014881000 0.000821000
v -0.005919000 0.010973000 0.000841000
v -0.005978000 0.011106000 0.000458000
v -0.005978000 0.011106000 0.000458000
v -0.005919000 0.010973000 0.000841000
v -0.002816000 0.006069000 -0.000309000
v -0.005978000 0.011106000 0.000458000
v -0.002816000 0.006069000 -0.000309000
v -0.002801000 0.006184000 -0.000691000
v -0.026968000 0.021905000 -0.001135000
v -0.018090000 0.019090000 0.000095000
v -0.021816000 0.016786000 -0.000913000
v -0.007242000 0.007828000 -0.000390000
v -0.009979000 0.014881000 0.000821000
v -0.005978000 0.011106000 0.000458000
v -0.040560000 0.017719000 -0.003494000
v -0.029344000 0.013628000 -0.003301000
v -0.029004000 0.009994000 -0.004787000
v -0.029004000 0.009994000 -0.004787000
v -0.029344000 0.013628000 -0.003301000
v -0.022427000 0.009461000 -0.003345000
v -0.011989000 0.000953000 -0.005781000
v -0.017183000 0.003047000 -0.006141000
v -0.014599000 0.004977000 -0.003299000
v -0.014599000 0.004977000 -0.003299000
v -0.005761000 0.001031000 -0.003368000
v -0.011989000 0.000953000 -0.005781000
v -0.006644000 -0.000517000 -0.004654000
v -0.011989000 0.000953000 -0.005781000
v -0.005761000 0.001031000 -0.003368000
v -0.012990000 0.007756000 -0.001203000
v -0.007242000 0.007828000 -0.000390000
v -0.004827000 0.002663000 -0.002278000
v -0.040560000 0.017719000 -0.003494000
v -0.038556000 0.021178000 -0.002695000
v -0.029344000 0.013628000 -0.003301000
v -0.029344000 0.013628000 -0.003301000
v -0.038556000 0.021178000 -0.002695000
v -0.033197000 0.018680000 -0.002543000
v -0.029344000 0.013628000 -0.003301000
v -0.033197000 0.018680000 -0.002543000
v -0.020747000 0.012339000 -0.001626000
v -0.038556000 0.021178000 -0.002695000
v -0.036557000 0.024641000 -0.001895000
v -0.031957000 0.020817000 -0.001999000
v -0.031957000 0.020817000 -0.001999000
v -0.036557000 0.024641000 -0.001895000
v -0.026968000 0.021905000 -0.001135000
v -0.031957000 0.020817000 -0.001999000
v -0.026968000 0.021905000 -0.001135000
v -0.021816000 0.016786000 -0.000913000
v -0.012990000 0.007756000 -0.001203000
v -0.020747000 0.012339000 -0.001626000
v -0.013662000 0.012435000 0.000218000
v -0.013662000 0.012435000 0.000218000
v -0.020747000 0.012339000 -0.001626000
v -0.021816000 0.016786000 -0.000913000
v -0.013662000 0.012435000 0.000218000
v -0.021816000 0.016786000 -0.000913000
v -0.012535000 0.016537000 0.000723000
v -0.012535000 0.016537000 0.000723000
v -0.021816000 0.016786000 -0.000913000
v -0.018090000 0.019090000 0.000095000
v -0.012535000 0.016537000 0.000723000
v -0.009979000 0.014881000 0.000821000
v -0.013662000 0.012435000 0.000218000
v -0.013662000 0.012435000 0.000218000
v -0.009979000 0.014881000 0.000821000
v -0.007242000 0.007828000 -0.000390000
v -0.013662000 0.012435000 0.000218000
v -0.007242000 0.007828000 -0.000390000
v -0.012990000 0.007756000 -0.001203000
v -0.005978000 0.011106000 0.000458000
v -0.002801000 0.006184000 -0.000691000
v -0.007242000 0.007828000 -0.000390000
v -0.007242000 0.007828000 -0.000390000
v -0.002801000 0.006184000 -0.000691000
v -0.003840000 0.004381000 -0.001386000
v -0.007242000 0.007828000 -0.000390000
v -0.003840000 0.004381000 -0.001386000
v -0.004827000 0.002663000 -0.002278000
v -0.014599000 0.004977000 -0.003299000
v -0.017183000 0.003047000 -0.006141000
v -0.022427000 0.009461000 -0.003345000
v -0.022427000 0.009461000 -0.003345000
v -0.017183000 0.003047000 -0.006141000
v -0.022485000 0.005868000 -0.005790000
v -0.022427000 0.009461000 -0.003345000
v -0.022485000 0.005868000 -0.005790000
v -0.029004000 0.009994000 -0.004787000
v -0.004827000 0.002663000 -0.002278000
v -0.005761000 0.001031000 -0.003368000
v -0.012990000 0.007756000 -0.001203000
v -0.012990000 0.007756000 -0.001203000
v -0.005761000 0.001031000 -0.003368000
v -0.014599000 0.004977000 -0.003299000
v -0.012990000 0.007756000 -0.001203000
v -0.014599000 0.004977000 -0.003299000
v -0.020747000 0.012339000 -0.001626000
v -0.020747000 0.012339000 -0.001626000
v -0.014599000 0.004977000 -0.003299000
v -0.022427000 0.009461000 -0.003345000
v -0.020747000 0.012339000 -0.001626000
v -0.022427000 0.009461000 -0.003345000
v -0.029344000 0.013628000 -0.003301000
v -0.021816000 0.016786000 -0.000913000
v -0.020747000 0.012339000 -0.001626000
v -0.031957000 0.020817000 -0.001999000
v -0.031957000 0.020817000 -0.001999000
v -0.020747000 0.012339000 -0.001626000
v -0.033197000 0.018680000 -0.002543000
v -0.031957000 0.020817000 -0.001999000
v -0.033197000 0.018680000 -0.002543000
v -0.038556000 0.021178000 -0.002695000
v -0.040650000 0.017817000 -0.003483000
v -0.040698000 0.017958000 -0.003461000
v -0.036861000 0.024596000 -0.001929000
v -0.040650000 0.017817000 -0.003483000
v -0.036861000 0.024596000 -0.001929000
v -0.036660000 0.024652000 -0.001902000
v -0.040650000 0.017817000 -0.003483000
v -0.036660000 0.024652000 -0.001902000
v -0.036557000 0.024641000 -0.001895000
v -0.040650000 0.017817000 -0.003483000
v -0.036557000 0.024641000 -0.001895000
v -0.038556000 0.021178000 -0.002695000
v -0.040650000 0.017817000 -0.003483000
v -0.038556000 0.021178000 -0.002695000
v -0.040560000 0.017719000 -0.003494000
v -0.036861000 0.024596000 -0.001929000
v -0.040698000 0.017958000 -0.003461000
v -0.037077000 0.024464000 -0.001972000
v -0.037077000 0.024464000 -0.001972000
v -0.040698000 0.017958000 -0.003461000
v -0.040691000 0.018329000 -0.003393000
v -0.037077000 0.024464000 -0.001972000
v -0.040691000 0.018329000 -0.003393000
v -0.037715000 0.023832000 -0.002141000
v -0.037715000 0.023832000 -0.002141000
v -0.040691000 0.018329000 -0.003393000
v -0.040267000 0.019622000 -0.003121000
v -0.037715000 0.023832000 -0.002141000
v -0.040267000 0.019622000 -0.003121000
v -0.038315000 0.023051000 -0.002333000
v 0.003330000 -0.004391000 -0.003962000
v 0.003285000 -0.004408000 -0.004175000
v 0.003357000 -0.004353000 -0.003986000
v 0.003285000 -0.004408000 -0.004175000
v 0.003330000 -0.004391000 -0.003962000
v 0.003253000 -0.004457000 -0.004148000
v 0.003253000 -0.004457000 -0.004148000
v 0.003330000 -0.004391000 -0.003962000
v 0.003322000 -0.004454000 -0.003961000
v 0.003253000 -0.004457000 -0.004148000
v 0.003322000 -0.004454000 -0.003961000
v 0.003251000 -0.004522000 -0.004153000
v 0.003251000 -0.004522000 -0.004153000
v 0.003322000 -0.004454000 -0.003961000
v 0.003349000 -0.004525000 -0.003997000
v 0.003251000 -0.004522000 -0.004153000
v 0.003349000 -0.004525000 -0.003997000
v 0.003274000 -0.004579000 -0.004184000
v 0.003349000 -0.004525000 -0.003997000
v 0.003943000 -0.005459000 -0.004407000
v 0.003274000 -0.004579000 -0.004184000
v 0.003274000 -0.004579000 -0.004184000
v 0.003943000 -0.005459000 -0.004407000
v 0.003819000 -0.005455000 -0.004564000
v 0.003943000 -0.005459000 -0.004407000
v 0.003958000 -0.005501000 -0.004420000
v 0.003819000 -0.005455000 -0.004564000
v 0.003819000 -0.005455000 -0.004564000
v 0.003958000 -0.005501000 -0.004420000
v 0.003833000 -0.005497000 -0.004576000
v -0.003100000 -0.004561000 -0.001032000
v -0.003130000 -0.004519000 -0.000816000
v -0.003136000 -0.004515000 -0.001029000
v -0.003130000 -0.004519000 -0.000816000
v -0.003100000 -0.004561000 -0.001032000
v -0.003094000 -0.004564000 -0.000819000
v -0.003094000 -0.004564000 -0.000819000
v -0.003100000 -0.004561000 -0.001032000
v -0.003094000 -0.004616000 -0.001012000
v -0.003094000 -0.004564000 -0.000819000
v -0.003094000 -0.004616000 -0.001012000
v -0.003088000 -0.004619000 -0.000799000
v -0.003088000 -0.004619000 -0.000799000
v -0.003094000 -0.004616000 -0.001012000
v -0.003132000 -0.004679000 -0.000963000
v -0.003088000 -0.004619000 -0.000799000
v -0.003132000 -0.004679000 -0.000963000
v -0.003124000 -0.004682000 -0.000751000
v -0.003874000 -0.005484000 -0.000404000
v -0.003833000 -0.005424000 -0.000423000
v -0.003928000 -0.005506000 -0.000596000
v -0.003928000 -0.005506000 -0.000596000
v -0.003833000 -0.005424000 -0.000423000
v -0.003886000 -0.005446000 -0.000614000
v -0.003833000 -0.005424000 -0.000423000
v -0.003124000 -0.004682000 -0.000751000
v -0.003886000 -0.005446000 -0.000614000
v -0.003886000 -0.005446000 -0.000614000
v -0.003124000 -0.004682000 -0.000751000
v -0.003132000 -0.004679000 -0.000963000
v 0.004994000 -0.043978000 -0.003200000
v 0.005139000 -0.041076000 -0.003536000
v 0.005966000 -0.030395000 -0.004480000
v 0.004994000 -0.043978000 -0.003200000
v 0.004955000 -0.043983000 -0.003396000
v 0.005139000 -0.041076000 -0.003536000
v 0.005139000 -0.041076000 -0.003536000
v 0.006013000 -0.028196000 -0.004969000
v 0.005966000 -0.030395000 -0.004480000
v 0.006377000 -0.021564000 -0.005661000
v 0.005966000 -0.030395000 -0.004480000
v 0.006013000 -0.028196000 -0.004969000
v 0.006013000 -0.028196000 -0.004969000
v 0.006200000 -0.019350000 -0.005979000
v 0.006377000 -0.021564000 -0.005661000
v 0.005930000 -0.014045000 -0.005890000
v 0.006377000 -0.021564000 -0.005661000
v 0.006200000 -0.019350000 -0.005979000
v 0.006200000 -0.019350000 -0.005979000
v 0.005550000 -0.012527000 -0.005907000
v 0.005930000 -0.014045000 -0.005890000
v 0.003833000 -0.005497000 -0.004576000
v 0.003958000 -0.005501000 -0.004420000
v 0.005550000 -0.012527000 -0.005907000
v 0.005550000 -0.012527000 -0.005907000
v 0.003958000 -0.005501000 -0.004420000
v 0.004339000 -0.006696000 -0.004752000
v 0.005550000 -0.012527000 -0.005907000
v 0.004339000 -0.006696000 -0.004752000
v 0.005930000 -0.014045000 -0.005890000
v -0.003002000 -0.043975000 -0.001601000
v -0.003542000 -0.041827000 -0.001506000
v -0.003041000 -0.043978000 -0.001797000
v -0.003542000 -0.041827000 -0.001506000
v -0.006420000 -0.030387000 -0.000526000
v -0.003041000 -0.043978000 -0.001797000
v -0.006718000 -0.028941000 -0.000124000
v -0.006420000 -0.030387000 -0.000526000
v -0.003542000 -0.041827000 -0.001506000
v -0.007879000 -0.022228000 0.000556000
v -0.006420000 -0.030387000 -0.000526000
v -0.006718000 -0.028941000 -0.000124000
v -0.006839000 -0.011351000 0.000640000
v -0.007959000 -0.016768000 0.000916000
v -0.007869000 -0.015983000 0.001120000
v -0.006540000 -0.010577000 0.000736000
v -0.006839000 -0.011351000 0.000640000
v -0.007869000 -0.015983000 0.001120000
v -0.006718000 -0.028941000 -0.000124000
v -0.007939000 -0.021459000 0.000836000
v -0.007879000 -0.022228000 0.000556000
v -0.007879000 -0.022228000 0.000556000
v -0.007939000 -0.021459000 0.000836000
v -0.007869000 -0.015983000 0.001120000
v -0.007879000 -0.022228000 0.000556000
v -0.007869000 -0.015983000 0.001120000
v -0.007959000 -0.016768000 0.000916000
v -0.006839000 -0.011351000 0.000640000
v -0.006540000 -0.010577000 0.000736000
v -0.004060000 -0.005708000 -0.000535000
v -0.004060000 -0.005708000 -0.000535000
v -0.006540000 -0.010577000 0.000736000
v -0.003874000 -0.005484000 -0.000404000
v -0.004060000 -0.005708000 -0.000535000
v -0.003874000 -0.005484000 -0.000404000
v -0.003928000 -0.005506000 -0.000596000
v -0.001661000 -0.044581000 -0.001859000
v 0.002263000 -0.044753000 -0.002843000
v 0.003248000 -0.044667000 -0.002837000
v 0.003248000 -0.044667000 -0.002837000
v 0.002263000 -0.044753000 -0.002843000
v 0.004373000 -0.044444000 -0.003270000
v 0.003248000 -0.044667000 -0.002837000
v 0.004373000 -0.044444000 -0.003270000
v 0.004466000 -0.044421000 -0.003085000
v 0.004466000 -0.044421000 -0.003085000
v 0.004373000 -0.044444000 -0.003270000
v 0.004766000 -0.044261000 -0.003352000
v -0.003002000 -0.043975000 -0.001601000
v -0.003041000 -0.043978000 -0.001797000
v -0.002990000 -0.044013000 -0.001603000
v -0.002990000 -0.044013000 -0.001603000
v -0.003041000 -0.043978000 -0.001797000
v -0.003029000 -0.044015000 -0.001798000
v -0.002990000 -0.044013000 -0.001603000
v -0.003029000 -0.044015000 -0.001798000
v -0.002883000 -0.044158000 -0.001621000
v -0.002883000 -0.044158000 -0.001621000
v -0.003029000 -0.044015000 -0.001798000
v -0.003010000 -0.044055000 -0.001802000
v -0.002883000 -0.044158000 -0.001621000
v -0.003010000 -0.044055000 -0.001802000
v -0.002888000 -0.044190000 -0.001824000
v -0.002883000 -0.044158000 -0.001621000
v -0.002888000 -0.044190000 -0.001824000
v -0.002629000 -0.044317000 -0.001670000
v -0.002629000 -0.044317000 -0.001670000
v -0.002888000 -0.044190000 -0.001824000
v -0.002651000 -0.044329000 -0.001869000
v -0.002629000 -0.044317000 -0.001670000
v -0.002651000 -0.044329000 -0.001869000
v -0.001661000 -0.044581000 -0.001859000
v -0.001661000 -0.044581000 -0.001859000
v -0.002651000 -0.044329000 -0.001869000
v -0.001870000 -0.044555000 -0.002021000
v -0.001661000 -0.044581000 -0.001859000
v -0.001870000 -0.044555000 -0.002021000
v 0.002263000 -0.044753000 -0.002843000
v 0.004955000 -0.043983000 -0.003396000
v 0.004994000 -0.043978000 -0.003200000
v 0.004954000 -0.043993000 -0.003396000
v 0.004954000 -0.043993000 -0.003396000
v 0.004994000 -0.043978000 -0.003200000
v 0.004993000 -0.043989000 -0.003200000
v 0.004954000 -0.043993000 -0.003396000
v 0.004993000 -0.043989000 -0.003200000
v 0.004915000 -0.044110000 -0.003385000
v 0.004915000 -0.044110000 -0.003385000
v 0.004993000 -0.043989000 -0.003200000
v 0.004953000 -0.044107000 -0.003189000
v 0.004915000 -0.044110000 -0.003385000
v 0.004953000 -0.044107000 -0.003189000
v 0.004766000 -0.044261000 -0.003352000
v 0.004766000 -0.044261000 -0.003352000
v 0.004953000 -0.044107000 -0.003189000
v 0.004847000 -0.044225000 -0.003165000
v 0.004766000 -0.044261000 -0.003352000
v 0.004847000 -0.044225000 -0.003165000
v 0.004466000 -0.044421000 -0.003085000
v 0.000396000 -0.005483000 -0.001978000
v 0.002211000 -0.005492000 -0.003035000
v 0.003934000 -0.005503000 -0.004273000
v 0.000396000 -0.005483000 -0.001978000
v 0.003934000 -0.005503000 -0.004273000
v 0.003357000 -0.004594000 -0.003874000
v 0.000396000 -0.005483000 -0.001978000
v 0.003357000 -0.004594000 -0.003874000
v 0.003289000 -0.004462000 -0.003839000
v 0.000396000 -0.005483000 -0.001978000
v 0.003289000 -0.004462000 -0.003839000
v 0.003285000 -0.004408000 -0.003842000
v -0.002962000 -0.004631000 -0.000706000
v -0.003034000 -0.004744000 -0.000661000
v -0.000436000 -0.005480000 -0.001569000
v -0.003034000 -0.004744000 -0.000661000
v -0.003727000 -0.005473000 -0.000342000
v -0.000436000 -0.005480000 -0.001569000
v 0.004916000 -0.043969000 -0.003083000
v 0.001018000 -0.043978000 -0.002303000
v 0.004915000 -0.043976000 -0.003083000
v 0.002164000 -0.015107000 -0.002175000
v 0.002211000 -0.005492000 -0.003035000
v 0.000396000 -0.005483000 -0.001978000
v 0.005742000 -0.012699000 -0.005652000
v 0.002211000 -0.005492000 -0.003035000
v 0.002164000 -0.015107000 -0.002175000
v -0.001121000 -0.038098000 -0.001786000
v -0.003429000 -0.041802000 -0.001425000
v -0.002887000 -0.043949000 -0.001523000
v -0.001121000 -0.038098000 -0.001786000
v -0.006895000 -0.027574000 0.000153000
v -0.003429000 -0.041802000 -0.001425000
v 0.002099000 -0.024178000 -0.002349000
v 0.002024000 -0.032220000 -0.002560000
v 0.005923000 -0.030373000 -0.004347000
v 0.006380000 -0.020868000 -0.005586000
v 0.002099000 -0.024178000 -0.002349000
v 0.005923000 -0.030373000 -0.004347000
v 0.005742000 -0.012699000 -0.005652000
v 0.002164000 -0.015107000 -0.002175000
v 0.006380000 -0.020868000 -0.005586000
v 0.002099000 -0.024178000 -0.002349000
v -0.002358000 -0.027328000 -0.000858000
v 0.002024000 -0.032220000 -0.002560000
v 0.005923000 -0.030373000 -0.004347000
v 0.002024000 -0.032220000 -0.002560000
v 0.004916000 -0.043969000 -0.003083000
v 0.004916000 -0.043969000 -0.003083000
v 0.002024000 -0.032220000 -0.002560000
v -0.001121000 -0.038098000 -0.001786000
v 0.004916000 -0.043969000 -0.003083000
v -0.001121000 -0.038098000 -0.001786000
v 0.001018000 -0.043978000 -0.002303000
v 0.001018000 -0.043978000 -0.002303000
v -0.001121000 -0.038098000 -0.001786000
v -0.002887000 -0.043949000 -0.001523000
v 0.001018000 -0.043978000 -0.002303000
v -0.002887000 -0.043949000 -0.001523000
v -0.002879000 -0.043973000 -0.001524000
v 0.003934000 -0.005503000 -0.004273000
v 0.002211000 -0.005492000 -0.003035000
v 0.003948000 -0.005544000 -0.004285000
v 0.003948000 -0.005544000 -0.004285000
v 0.002211000 -0.005492000 -0.003035000
v 0.005742000 -0.012699000 -0.005652000
v 0.003948000 -0.005544000 -0.004285000
v 0.005742000 -0.012699000 -0.005652000
v 0.004238000 -0.006421000 -0.004533000
v -0.002506000 -0.018060000 0.000230000
v 0.002164000 -0.015107000 -0.002175000
v -0.001963000 -0.010147000 -0.000394000
v -0.001963000 -0.010147000 -0.000394000
v 0.002164000 -0.015107000 -0.002175000
v 0.000396000 -0.005483000 -0.001978000
v -0.001963000 -0.010147000 -0.000394000
v 0.000396000 -0.005483000 -0.001978000
v -0.000003000 -0.005497000 -0.001775000
v -0.000003000 -0.005497000 -0.001775000
v -0.000436000 -0.005480000 -0.001569000
v -0.001963000 -0.010147000 -0.000394000
v -0.001963000 -0.010147000 -0.000394000
v -0.000436000 -0.005480000 -0.001569000
v -0.003727000 -0.005473000 -0.000342000
v -0.001963000 -0.010147000 -0.000394000
v -0.003727000 -0.005473000 -0.000342000
v -0.003767000 -0.005531000 -0.000324000
v -0.003767000 -0.005531000 -0.000324000
v -0.006892000 -0.011927000 0.000993000
v -0.001963000 -0.010147000 -0.000394000
v -0.001963000 -0.010147000 -0.000394000
v -0.006892000 -0.011927000 0.000993000
v -0.007937000 -0.018728000 0.001142000
v -0.001963000 -0.010147000 -0.000394000
v -0.007937000 -0.018728000 0.001142000
v -0.002506000 -0.018060000 0.000230000
v -0.002506000 -0.018060000 0.000230000
v -0.007937000 -0.018728000 0.001142000
v -0.006895000 -0.027574000 0.000153000
v -0.002506000 -0.018060000 0.000230000
v -0.006895000 -0.027574000 0.000153000
v -0.002358000 -0.027328000 -0.000858000
v -0.002358000 -0.027328000 -0.000858000
v -0.006895000 -0.027574000 0.000153000
v -0.001121000 -0.038098000 -0.001786000
v -0.002358000 -0.027328000 -0.000858000
v -0.001121000 -0.038098000 -0.001786000
v 0.002024000 -0.032220000 -0.002560000
v 0.006380000 -0.020868000 -0.005586000
v 0.002164000 -0.015107000 -0.002175000
v 0.002099000 -0.024178000 -0.002349000
v 0.002099000 -0.024178000 -0.002349000
v 0.002164000 -0.015107000 -0.002175000
v -0.002506000 -0.018060000 0.000230000
v 0.002099000 -0.024178000 -0.002349000
v -0.002506000 -0.018060000 0.000230000
v -0.002358000 -0.027328000 -0.000858000
v 0.001018000 -0.043978000 -0.002303000
v 0.004862000 -0.044091000 -0.003069000
v 0.004915000 -0.043976000 -0.003083000
v -0.002763000 -0.044111000 -0.001544000
v 0.001018000 -0.043978000 -0.002303000
v -0.002879000 -0.043973000 -0.001524000
v 0.001018000 -0.043978000 -0.002303000
v -0.002763000 -0.044111000 -0.001544000
v 0.004862000 -0.044091000 -0.003069000
v 0.004862000 -0.044091000 -0.003069000
v -0.002763000 -0.044111000 -0.001544000
v -0.002445000 -0.044276000 -0.001606000
v 0.004862000 -0.044091000 -0.003069000
v -0.002445000 -0.044276000 -0.001606000
v 0.004685000 -0.044224000 -0.003031000
v 0.004685000 -0.044224000 -0.003031000
v -0.002445000 -0.044276000 -0.001606000
v -0.000370000 -0.044623000 -0.002015000
v 0.004685000 -0.044224000 -0.003031000
v -0.000370000 -0.044623000 -0.002015000
v 0.003902000 -0.044467000 -0.002871000
v -0.003042000 -0.004578000 -0.000730000
v -0.003044000 -0.004599000 -0.000727000
v -0.002962000 -0.004631000 -0.000706000
v -0.003094000 -0.004564000 -0.000819000
v -0.003108000 -0.004534000 -0.000795000
v -0.003130000 -0.004519000 -0.000816000
v -0.003094000 -0.004564000 -0.000819000
v -0.003042000 -0.004578000 -0.000730000
v -0.003108000 -0.004534000 -0.000795000
v -0.003101000 -0.004684000 -0.000705000
v -0.003088000 -0.004619000 -0.000799000
v -0.003124000 -0.004682000 -0.000751000
v -0.003101000 -0.004684000 -0.000705000
v -0.003044000 -0.004599000 -0.000727000
v -0.003088000 -0.004619000 -0.000799000
v -0.003088000 -0.004619000 -0.000799000
v -0.003044000 -0.004599000 -0.000727000
v -0.003042000 -0.004578000 -0.000730000
v -0.003088000 -0.004619000 -0.000799000
v -0.003042000 -0.004578000 -0.000730000
v -0.003094000 -0.004564000 -0.000819000
v -0.003034000 -0.004744000 -0.000661000
v -0.002962000 -0.004631000 -0.000706000
v -0.003068000 -0.004707000 -0.000672000
v -0.003068000 -0.004707000 -0.000672000
v -0.002962000 -0.004631000 -0.000706000
v -0.003044000 -0.004599000 -0.000727000
v -0.003068000 -0.004707000 -0.000672000
v -0.003044000 -0.004599000 -0.000727000
v -0.003101000 -0.004684000 -0.000705000
v 0.003324000 -0.004406000 -0.003894000
v 0.003352000 -0.004515000 -0.003910000
v 0.003322000 -0.004454000 -0.003961000
v 0.003331000 -0.004373000 -0.003902000
v 0.003285000 -0.004408000 -0.003842000
v 0.003324000 -0.004406000 -0.003894000
v 0.003324000 -0.004406000 -0.003894000
v 0.003285000 -0.004408000 -0.003842000
v 0.003289000 -0.004462000 -0.003839000
v 0.003324000 -0.004406000 -0.003894000
v 0.003289000 -0.004462000 -0.003839000
v 0.003352000 -0.004515000 -0.003910000
v 0.003352000 -0.004515000 -0.003910000
v 0.003289000 -0.004462000 -0.003839000
v 0.003357000 -0.004594000 -0.003874000
v 0.003352000 -0.004515000 -0.003910000
v 0.003357000 -0.004594000 -0.003874000
v 0.003374000 -0.004556000 -0.003905000
v 0.003374000 -0.004556000 -0.003905000
v 0.003371000 -0.004531000 -0.003950000
v 0.003352000 -0.004515000 -0.003910000
v 0.003352000 -0.004515000 -0.003910000
v 0.003371000 -0.004531000 -0.003950000
v 0.003349000 -0.004525000 -0.003997000
v 0.003352000 -0.004515000 -0.003910000
v 0.003349000 -0.004525000 -0.003997000
v 0.003322000 -0.004454000 -0.003961000
v 0.003322000 -0.004454000 -0.003961000
v 0.003330000 -0.004391000 -0.003962000
v 0.003324000 -0.004406000 -0.003894000
v 0.003324000 -0.004406000 -0.003894000
v 0.003330000 -0.004391000 -0.003962000
v 0.003357000 -0.004353000 -0.003986000
v 0.003324000 -0.004406000 -0.003894000
v 0.003357000 -0.004353000 -0.003986000
v 0.003331000 -0.004373000 -0.003902000
v 0.003961000 -0.005482000 -0.004311000
v 0.003357000 -0.004594000 -0.003874000
v 0.003934000 -0.005503000 -0.004273000
v 0.003357000 -0.004594000 -0.003874000
v 0.003961000 -0.005482000 -0.004311000
v 0.003374000 -0.004556000 -0.003905000
v 0.003374000 -0.004556000 -0.003905000
v 0.003961000 -0.005482000 -0.004311000
v 0.003965000 -0.005465000 -0.004360000
v 0.003374000 -0.004556000 -0.003905000
v 0.003965000 -0.005465000 -0.004360000
v 0.003371000 -0.004531000 -0.003950000
v 0.003371000 -0.004531000 -0.003950000
v 0.003965000 -0.005465000 -0.004360000
v 0.003943000 -0.005459000 -0.004407000
v 0.003371000 -0.004531000 -0.003950000
v 0.003943000 -0.005459000 -0.004407000
v 0.003349000 -0.004525000 -0.003997000
v 0.003976000 -0.005523000 -0.004324000
v 0.003934000 -0.005503000 -0.004273000
v 0.003948000 -0.005544000 -0.004285000
v 0.003934000 -0.005503000 -0.004273000
v 0.003976000 -0.005523000 -0.004324000
v 0.003961000 -0.005482000 -0.004311000
v 0.003961000 -0.005482000 -0.004311000
v 0.003976000 -0.005523000 -0.004324000
v 0.003979000 -0.005508000 -0.004373000
v 0.003961000 -0.005482000 -0.004311000
v 0.003979000 -0.005508000 -0.004373000
v 0.003965000 -0.005465000 -0.004360000
v 0.003965000 -0.005465000 -0.004360000
v 0.003979000 -0.005508000 -0.004373000
v 0.003958000 -0.005501000 -0.004420000
v 0.003965000 -0.005465000 -0.004360000
v 0.003958000 -0.005501000 -0.004420000
v 0.003943000 -0.005459000 -0.004407000
v 0.006377000 -0.021564000 -0.005661000
v 0.006311000 -0.024964000 -0.005179000
v 0.005966000 -0.030395000 -0.004480000
v 0.006311000 -0.024964000 -0.005179000
v 0.006380000 -0.020868000 -0.005586000
v 0.005923000 -0.030373000 -0.004347000
v 0.006311000 -0.024964000 -0.005179000
v 0.005923000 -0.030373000 -0.004347000
v 0.004962000 -0.043973000 -0.003106000
v 0.003958000 -0.005501000 -0.004420000
v 0.003979000 -0.005508000 -0.004373000
v 0.004339000 -0.006696000 -0.004752000
v 0.004916000 -0.043969000 -0.003083000
v 0.004962000 -0.043973000 -0.003106000
v 0.005923000 -0.030373000 -0.004347000
v 0.006311000 -0.024964000 -0.005179000
v 0.004962000 -0.043973000 -0.003106000
v 0.004991000 -0.043976000 -0.003149000
v 0.006311000 -0.024964000 -0.005179000
v 0.004991000 -0.043976000 -0.003149000
v 0.005966000 -0.030395000 -0.004480000
v 0.004994000 -0.043978000 -0.003200000
v 0.005966000 -0.030395000 -0.004480000
v 0.004991000 -0.043976000 -0.003149000
v 0.005966000 -0.014044000 -0.005822000
v 0.003976000 -0.005523000 -0.004324000
v 0.003948000 -0.005544000 -0.004285000
v 0.005966000 -0.014044000 -0.005822000
v 0.003948000 -0.005544000 -0.004285000
v 0.004238000 -0.006421000 -0.004533000
v 0.005966000 -0.014044000 -0.005822000
v 0.004238000 -0.006421000 -0.004533000
v 0.005742000 -0.012699000 -0.005652000
v 0.005966000 -0.014044000 -0.005822000
v 0.005742000 -0.012699000 -0.005652000
v 0.006380000 -0.020868000 -0.005586000
v 0.005966000 -0.014044000 -0.005822000
v 0.006380000 -0.020868000 -0.005586000
v 0.006311000 -0.024964000 -0.005179000
v 0.005966000 -0.014044000 -0.005822000
v 0.006311000 -0.024964000 -0.005179000
v 0.006377000 -0.021564000 -0.005661000
v 0.005966000 -0.014044000 -0.005822000
v 0.006377000 -0.021564000 -0.005661000
v 0.005930000 -0.014045000 -0.005890000
v 0.005966000 -0.014044000 -0.005822000
v 0.005930000 -0.014045000 -0.005890000
v 0.004339000 -0.006696000 -0.004752000
v 0.005966000 -0.014044000 -0.005822000
v 0.004339000 -0.006696000 -0.004752000
v 0.003979000 -0.005508000 -0.004373000
v 0.005966000 -0.014044000 -0.005822000
v 0.003979000 -0.005508000 -0.004373000
v 0.003976000 -0.005523000 -0.004324000
v 0.004916000 -0.043969000 -0.003083000
v 0.004915000 -0.043976000 -0.003083000
v 0.004962000 -0.043973000 -0.003106000
v 0.004962000 -0.043973000 -0.003106000
v 0.004915000 -0.043976000 -0.003083000
v 0.004962000 -0.043982000 -0.003105000
v 0.004962000 -0.043973000 -0.003106000
v 0.004962000 -0.043982000 -0.003105000
v 0.004991000 -0.043976000 -0.003149000
v 0.004991000 -0.043976000 -0.003149000
v 0.004962000 -0.043982000 -0.003105000
v 0.004990000 -0.043987000 -0.003148000
v 0.004991000 -0.043976000 -0.003149000
v 0.004990000 -0.043987000 -0.003148000
v 0.004994000 -0.043978000 -0.003200000
v 0.004994000 -0.043978000 -0.003200000
v 0.004990000 -0.043987000 -0.003148000
v 0.004993000 -0.043989000 -0.003200000
v -0.002811000 -0.044168000 -0.001564000
v -0.002968000 -0.044007000 -0.001557000
v -0.002883000 -0.044158000 -0.001621000
v -0.002475000 -0.044343000 -0.001628000
v -0.002629000 -0.044317000 -0.001670000
v -0.001661000 -0.044581000 -0.001859000
v 0.003248000 -0.044667000 -0.002837000
v 0.004268000 -0.044454000 -0.002973000
v 0.003902000 -0.044467000 -0.002871000
v 0.003902000 -0.044467000 -0.002871000
v -0.000370000 -0.044623000 -0.002015000
v 0.003248000 -0.044667000 -0.002837000
v 0.003248000 -0.044667000 -0.002837000
v -0.000370000 -0.044623000 -0.002015000
v -0.001661000 -0.044581000 -0.001859000
v -0.000370000 -0.044623000 -0.002015000
v -0.002475000 -0.044343000 -0.001628000
v -0.001661000 -0.044581000 -0.001859000
v 0.004466000 -0.044421000 -0.003085000
v 0.004864000 -0.044183000 -0.003098000
v 0.004268000 -0.044454000 -0.002973000
v 0.004466000 -0.044421000 -0.003085000
v 0.004268000 -0.044454000 -0.002973000
v 0.003248000 -0.044667000 -0.002837000
v 0.003902000 -0.044467000 -0.002871000
v 0.004268000 -0.044454000 -0.002973000
v 0.004685000 -0.044224000 -0.003031000
v 0.004864000 -0.044183000 -0.003098000
v 0.004685000 -0.044224000 -0.003031000
v 0.004268000 -0.044454000 -0.002973000
v 0.004993000 -0.043989000 -0.003200000
v 0.004990000 -0.043987000 -0.003148000
v 0.004953000 -0.044107000 -0.003189000
v -0.002990000 -0.044013000 -0.001603000
v -0.002883000 -0.044158000 -0.001621000
v -0.002968000 -0.044007000 -0.001557000
v -0.002475000 -0.044343000 -0.001628000
v -0.000370000 -0.044623000 -0.002015000
v -0.002445000 -0.044276000 -0.001606000
v 0.004864000 -0.044183000 -0.003098000
v 0.004466000 -0.044421000 -0.003085000
v 0.004847000 -0.044225000 -0.003165000
v -0.002445000 -0.044276000 -0.001606000
v -0.002763000 -0.044111000 -0.001544000
v -0.002475000 -0.044343000 -0.001628000
v -0.002475000 -0.044343000 -0.001628000
v -0.002763000 -0.044111000 -0.001544000
v -0.002811000 -0.044168000 -0.001564000
v -0.002475000 -0.044343000 -0.001628000
v -0.002811000 -0.044168000 -0.001564000
v -0.002629000 -0.044317000 -0.001670000
v -0.002629000 -0.044317000 -0.001670000
v -0.002811000 -0.044168000 -0.001564000
v -0.002883000 -0.044158000 -0.001621000
v 0.004847000 -0.044225000 -0.003165000
v 0.004953000 -0.044107000 -0.003189000
v 0.004864000 -0.044183000 -0.003098000
v 0.004864000 -0.044183000 -0.003098000
v 0.004953000 -0.044107000 -0.003189000
v 0.004990000 -0.043987000 -0.003148000
v 0.004864000 -0.044183000 -0.003098000
v 0.004990000 -0.043987000 -0.003148000
v 0.004962000 -0.043982000 -0.003105000
v 0.004962000 -0.043982000 -0.003105000
v 0.004915000 -0.043976000 -0.003083000
v 0.004864000 -0.044183000 -0.003098000
v 0.004864000 -0.044183000 -0.003098000
v 0.004915000 -0.043976000 -0.003083000
v 0.004862000 -0.044091000 -0.003069000
v 0.004864000 -0.044183000 -0.003098000
v 0.004862000 -0.044091000 -0.003069000
v 0.004685000 -0.044224000 -0.003031000
v -0.002763000 -0.044111000 -0.001544000
v -0.002879000 -0.043973000 -0.001524000
v -0.002811000 -0.044168000 -0.001564000
v -0.002811000 -0.044168000 -0.001564000
v -0.002879000 -0.043973000 -0.001524000
v -0.002927000 -0.043992000 -0.001528000
v -0.002811000 -0.044168000 -0.001564000
v -0.002927000 -0.043992000 -0.001528000
v -0.002968000 -0.044007000 -0.001557000
v -0.002879000 -0.043973000 -0.001524000
v -0.002887000 -0.043949000 -0.001523000
v -0.002927000 -0.043992000 -0.001528000
v -0.002927000 -0.043992000 -0.001528000
v -0.002887000 -0.043949000 -0.001523000
v -0.002937000 -0.043961000 -0.001526000
v -0.002927000 -0.043992000 -0.001528000
v -0.002937000 -0.043961000 -0.001526000
v -0.002968000 -0.044007000 -0.001557000
v -0.002968000 -0.044007000 -0.001557000
v -0.002937000 -0.043961000 -0.001526000
v -0.002979000 -0.043971000 -0.001555000
v -0.002968000 -0.044007000 -0.001557000
v -0.002979000 -0.043971000 -0.001555000
v -0.002990000 -0.044013000 -0.001603000
v -0.002990000 -0.044013000 -0.001603000
v -0.002979000 -0.043971000 -0.001555000
v -0.003002000 -0.043975000 -0.001601000
v -0.007105000 -0.026909000 0.000229000
v -0.008009000 -0.018726000 0.001116000
v -0.007939000 -0.021459000 0.000836000
v -0.006718000 -0.028941000 -0.000124000
v -0.007105000 -0.026909000 0.000229000
v -0.007939000 -0.021459000 0.000836000
v -0.006718000 -0.028941000 -0.000124000
v -0.002979000 -0.043971000 -0.001555000
v -0.007105000 -0.026909000 0.000229000
v -0.006895000 -0.027574000 0.000153000
v -0.007937000 -0.018728000 0.001142000
v -0.007105000 -0.026909000 0.000229000
v -0.008009000 -0.018726000 0.001116000
v -0.006892000 -0.011927000 0.000993000
v -0.006502000 -0.010582000 0.000803000
v -0.003542000 -0.041827000 -0.001506000
v -0.002979000 -0.043971000 -0.001555000
v -0.006718000 -0.028941000 -0.000124000
v -0.002979000 -0.043971000 -0.001555000
v -0.003542000 -0.041827000 -0.001506000
v -0.003002000 -0.043975000 -0.001601000
v -0.008009000 -0.018726000 0.001116000
v -0.007105000 -0.026909000 0.000229000
v -0.007937000 -0.018728000 0.001142000
v -0.007937000 -0.018728000 0.001142000
v -0.006892000 -0.011927000 0.000993000
v -0.008009000 -0.018726000 0.001116000
v -0.002937000 -0.043961000 -0.001526000
v -0.002887000 -0.043949000 -0.001523000
v -0.003429000 -0.041802000 -0.001425000
v -0.002937000 -0.043961000 -0.001526000
v -0.003429000 -0.041802000 -0.001425000
v -0.006895000 -0.027574000 0.000153000
v -0.002937000 -0.043961000 -0.001526000
v -0.006895000 -0.027574000 0.000153000
v -0.007105000 -0.026909000 0.000229000
v -0.002937000 -0.043961000 -0.001526000
v -0.007105000 -0.026909000 0.000229000
v -0.002979000 -0.043971000 -0.001555000
v -0.003850000 -0.005486000 -0.000358000
v -0.006502000 -0.010582000 0.000803000
v -0.003811000 -0.005503000 -0.000329000
v -0.003811000 -0.005503000 -0.000329000
v -0.006502000 -0.010582000 0.000803000
v -0.006892000 -0.011927000 0.000993000
v -0.003811000 -0.005503000 -0.000329000
v -0.006892000 -0.011927000 0.000993000
v -0.003767000 -0.005531000 -0.000324000
v -0.007939000 -0.021459000 0.000836000
v -0.008009000 -0.018726000 0.001116000
v -0.007869000 -0.015983000 0.001120000
v -0.007869000 -0.015983000 0.001120000
v -0.008009000 -0.018726000 0.001116000
v -0.006502000 -0.010582000 0.000803000
v -0.007869000 -0.015983000 0.001120000
v -0.006502000 -0.010582000 0.000803000
v -0.006540000 -0.010577000 0.000736000
v -0.006540000 -0.010577000 0.000736000
v -0.006502000 -0.010582000 0.000803000
v -0.003850000 -0.005486000 -0.000358000
v -0.006540000 -0.010577000 0.000736000
v -0.003850000 -0.005486000 -0.000358000
v -0.003874000 -0.005484000 -0.000404000
v -0.003770000 -0.005444000 -0.000348000
v -0.003767000 -0.005531000 -0.000324000
v -0.003727000 -0.005473000 -0.000342000
v -0.003767000 -0.005531000 -0.000324000
v -0.003770000 -0.005444000 -0.000348000
v -0.003811000 -0.005503000 -0.000329000
v -0.003811000 -0.005503000 -0.000329000
v -0.003770000 -0.005444000 -0.000348000
v -0.003809000 -0.005426000 -0.000377000
v -0.003811000 -0.005503000 -0.000329000
v -0.003809000 -0.005426000 -0.000377000
v -0.003850000 -0.005486000 -0.000358000
v -0.003850000 -0.005486000 -0.000358000
v -0.003809000 -0.005426000 -0.000377000
v -0.003833000 -0.005424000 -0.000423000
v -0.003850000 -0.005486000 -0.000358000
v -0.003833000 -0.005424000 -0.000423000
v -0.003874000 -0.005484000 -0.000404000
v -0.003068000 -0.004707000 -0.000672000
v -0.003727000 -0.005473000 -0.000342000
v -0.003034000 -0.004744000 -0.000661000
v -0.003727000 -0.005473000 -0.000342000
v -0.003068000 -0.004707000 -0.000672000
v -0.003770000 -0.005444000 -0.000348000
v -0.003770000 -0.005444000 -0.000348000
v -0.003068000 -0.004707000 -0.000672000
v -0.003101000 -0.004684000 -0.000705000
v -0.003770000 -0.005444000 -0.000348000
v -0.003101000 -0.004684000 -0.000705000
v -0.003809000 -0.005426000 -0.000377000
v -0.003809000 -0.005426000 -0.000377000
v -0.003101000 -0.004684000 -0.000705000
v -0.003124000 -0.004682000 -0.000751000
v -0.003809000 -0.005426000 -0.000377000
v -0.003124000 -0.004682000 -0.000751000
v -0.003833000 -0.005424000 -0.000423000
v -0.003103000 -0.004777000 -0.001059000
v -0.001817000 -0.005516000 -0.001408000
v -0.003835000 -0.005517000 -0.000725000
v -0.003103000 -0.004777000 -0.001059000
v -0.003030000 -0.004667000 -0.001105000
v -0.001817000 -0.005516000 -0.001408000
v 0.003685000 -0.005495000 -0.004586000
v 0.001944000 -0.005505000 -0.003339000
v 0.000108000 -0.005512000 -0.002278000
v -0.003030000 -0.004667000 -0.001105000
v -0.003025000 -0.004590000 -0.001122000
v -0.001817000 -0.005516000 -0.001408000
v -0.001817000 -0.005516000 -0.001408000
v -0.003025000 -0.004590000 -0.001122000
v -0.000003000 -0.005497000 -0.002223000
v -0.001817000 -0.005516000 -0.001408000
v -0.000003000 -0.005497000 -0.002223000
v 0.000108000 -0.005512000 -0.002278000
v 0.003685000 -0.005495000 -0.004586000
v 0.000108000 -0.005512000 -0.002278000
v 0.003167000 -0.004661000 -0.004224000
v 0.003167000 -0.004661000 -0.004224000
v 0.000108000 -0.005512000 -0.002278000
v -0.000003000 -0.005497000 -0.002223000
v 0.003167000 -0.004661000 -0.004224000
v -0.000003000 -0.005497000 -0.002223000
v 0.003103000 -0.004538000 -0.004191000
v 0.003699000 -0.005535000 -0.004598000
v 0.001944000 -0.005505000 -0.003339000
v 0.003685000 -0.005495000 -0.004586000
v 0.003699000 -0.005535000 -0.004598000
v 0.005172000 -0.011219000 -0.005752000
v 0.001944000 -0.005505000 -0.003339000
v 0.004837000 -0.043985000 -0.003475000
v 0.000940000 -0.043979000 -0.002695000
v 0.004838000 -0.043978000 -0.003475000
v -0.001817000 -0.005516000 -0.001408000
v 0.000108000 -0.005512000 -0.002278000
v -0.002106000 -0.010186000 -0.000766000
v -0.002966000 -0.043955000 -0.001915000
v -0.006341000 -0.030353000 -0.000638000
v -0.001203000 -0.038085000 -0.002177000
v -0.001203000 -0.038085000 -0.002177000
v -0.006341000 -0.030353000 -0.000638000
v -0.002471000 -0.027288000 -0.001240000
v -0.002471000 -0.027288000 -0.001240000
v -0.006341000 -0.030353000 -0.000638000
v -0.007848000 -0.021528000 0.000522000
v -0.002471000 -0.027288000 -0.001240000
v -0.007848000 -0.021528000 0.000522000
v -0.002625000 -0.018051000 -0.000151000
v -0.007848000 -0.021528000 0.000522000
v -0.007606000 -0.014740000 0.000792000
v -0.002625000 -0.018051000 -0.000151000
v -0.002106000 -0.010186000 -0.000766000
v -0.002625000 -0.018051000 -0.000151000
v -0.007606000 -0.014740000 0.000792000
v -0.003835000 -0.005517000 -0.000725000
v -0.001817000 -0.005516000 -0.001408000
v -0.003875000 -0.005575000 -0.000707000
v 0.005019000 -0.041073000 -0.003610000
v 0.001890000 -0.032222000 -0.002936000
v 0.005836000 -0.028870000 -0.004911000
v 0.005836000 -0.028870000 -0.004911000
v 0.001890000 -0.032222000 -0.002936000
v 0.001910000 -0.024146000 -0.002700000
v 0.005836000 -0.028870000 -0.004911000
v 0.001910000 -0.024146000 -0.002700000
v 0.006059000 -0.019354000 -0.005970000
v 0.001910000 -0.024146000 -0.002700000
v 0.001937000 -0.015130000 -0.002502000
v 0.006059000 -0.019354000 -0.005970000
v 0.006059000 -0.019354000 -0.005970000
v 0.001937000 -0.015130000 -0.002502000
v 0.005172000 -0.011219000 -0.005752000
v -0.001203000 -0.038085000 -0.002177000
v -0.002471000 -0.027288000 -0.001240000
v 0.001890000 -0.032222000 -0.002936000
v 0.001890000 -0.032222000 -0.002936000
v -0.002471000 -0.027288000 -0.001240000
v 0.001910000 -0.024146000 -0.002700000
v 0.001910000 -0.024146000 -0.002700000
v -0.002471000 -0.027288000 -0.001240000
v -0.002625000 -0.018051000 -0.000151000
v 0.001910000 -0.024146000 -0.002700000
v -0.002625000 -0.018051000 -0.000151000
v 0.001937000 -0.015130000 -0.002502000
v -0.002106000 -0.010186000 -0.000766000
v 0.001937000 -0.015130000 -0.002502000
v -0.002625000 -0.018051000 -0.000151000
v -0.002958000 -0.043979000 -0.001916000
v -0.002966000 -0.043955000 -0.001915000
v 0.000940000 -0.043979000 -0.002695000
v 0.000940000 -0.043979000 -0.002695000
v -0.002966000 -0.043955000 -0.001915000
v -0.001203000 -0.038085000 -0.002177000
v 0.000940000 -0.043979000 -0.002695000
v -0.001203000 -0.038085000 -0.002177000
v 0.004838000 -0.043978000 -0.003475000
v 0.004838000 -0.043978000 -0.003475000
v -0.001203000 -0.038085000 -0.002177000
v 0.001890000 -0.032222000 -0.002936000
v 0.004838000 -0.043978000 -0.003475000
v 0.001890000 -0.032222000 -0.002936000
v 0.005019000 -0.041073000 -0.003610000
v -0.002106000 -0.010186000 -0.000766000
v 0.000108000 -0.005512000 -0.002278000
v 0.001937000 -0.015130000 -0.002502000
v 0.001937000 -0.015130000 -0.002502000
v 0.000108000 -0.005512000 -0.002278000
v 0.001944000 -0.005505000 -0.003339000
v 0.001937000 -0.015130000 -0.002502000
v 0.001944000 -0.005505000 -0.003339000
v 0.005172000 -0.011219000 -0.005752000
v -0.003875000 -0.005575000 -0.000707000
v -0.001817000 -0.005516000 -0.001408000
v -0.005708000 -0.008806000 0.000111000
v -0.005708000 -0.008806000 0.000111000
v -0.001817000 -0.005516000 -0.001408000
v -0.002106000 -0.010186000 -0.000766000
v -0.005708000 -0.008806000 0.000111000
v -0.002106000 -0.010186000 -0.000766000
v -0.007606000 -0.014740000 0.000792000
v 0.004780000 -0.044104000 -0.003460000
v 0.004479000 -0.044293000 -0.003397000
v -0.002631000 -0.044239000 -0.001977000
v 0.004780000 -0.044104000 -0.003460000
v -0.002631000 -0.044239000 -0.001977000
v -0.002900000 -0.044066000 -0.001926000
v 0.004780000 -0.044104000 -0.003460000
v -0.002900000 -0.044066000 -0.001926000
v -0.002958000 -0.043979000 -0.001916000
v 0.004780000 -0.044104000 -0.003460000
v -0.002958000 -0.043979000 -0.001916000
v 0.000940000 -0.043979000 -0.002695000
v 0.004780000 -0.044104000 -0.003460000
v 0.000940000 -0.043979000 -0.002695000
v 0.004837000 -0.043985000 -0.003475000
v 0.004479000 -0.044293000 -0.003397000
v 0.002926000 -0.044605000 -0.003081000
v -0.002631000 -0.044239000 -0.001977000
v -0.002631000 -0.044239000 -0.001977000
v 0.002926000 -0.044605000 -0.003081000
v -0.001872000 -0.044459000 -0.002125000
v 0.003251000 -0.004522000 -0.004153000
v 0.003183000 -0.004482000 -0.004208000
v 0.003253000 -0.004457000 -0.004148000
v 0.003285000 -0.004408000 -0.004175000
v 0.003253000 -0.004457000 -0.004148000
v 0.003183000 -0.004482000 -0.004208000
v 0.003103000 -0.004538000 -0.004191000
v 0.003183000 -0.004482000 -0.004208000
v 0.003201000 -0.004576000 -0.004216000
v 0.003167000 -0.004661000 -0.004224000
v 0.003103000 -0.004538000 -0.004191000
v 0.003199000 -0.004622000 -0.004234000
v 0.003199000 -0.004622000 -0.004234000
v 0.003103000 -0.004538000 -0.004191000
v 0.003201000 -0.004576000 -0.004216000
v 0.003199000 -0.004622000 -0.004234000
v 0.003201000 -0.004576000 -0.004216000
v 0.003239000 -0.004592000 -0.004219000
v 0.003274000 -0.004579000 -0.004184000
v 0.003239000 -0.004592000 -0.004219000
v 0.003251000 -0.004522000 -0.004153000
v 0.003251000 -0.004522000 -0.004153000
v 0.003239000 -0.004592000 -0.004219000
v 0.003201000 -0.004576000 -0.004216000
v 0.003251000 -0.004522000 -0.004153000
v 0.003201000 -0.004576000 -0.004216000
v 0.003183000 -0.004482000 -0.004208000
v -0.003076000 -0.004625000 -0.001076000
v -0.003030000 -0.004667000 -0.001105000
v -0.003128000 -0.004734000 -0.001045000
v -0.003136000 -0.004515000 -0.001029000
v -0.003074000 -0.004557000 -0.001100000
v -0.003100000 -0.004561000 -0.001032000
v -0.003103000 -0.004777000 -0.001059000
v -0.003128000 -0.004734000 -0.001045000
v -0.003030000 -0.004667000 -0.001105000
v -0.003076000 -0.004625000 -0.001076000
v -0.003128000 -0.004734000 -0.001045000
v -0.003139000 -0.004698000 -0.001010000
v -0.003076000 -0.004625000 -0.001076000
v -0.003139000 -0.004698000 -0.001010000
v -0.003094000 -0.004616000 -0.001012000
v -0.003132000 -0.004679000 -0.000963000
v -0.003094000 -0.004616000 -0.001012000
v -0.003139000 -0.004698000 -0.001010000
v -0.003094000 -0.004616000 -0.001012000
v -0.003100000 -0.004561000 -0.001032000
v -0.003076000 -0.004625000 -0.001076000
v -0.003076000 -0.004625000 -0.001076000
v -0.003100000 -0.004561000 -0.001032000
v -0.003074000 -0.004557000 -0.001100000
v -0.003076000 -0.004625000 -0.001076000
v -0.003074000 -0.004557000 -0.001100000
v -0.003030000 -0.004667000 -0.001105000
v -0.003030000 -0.004667000 -0.001105000
v -0.003074000 -0.004557000 -0.001100000
v -0.003025000 -0.004590000 -0.001122000
v -0.003103000 -0.004777000 -0.001059000
v -0.003835000 -0.005517000 -0.000725000
v -0.003128000 -0.004734000 -0.001045000
v -0.003128000 -0.004734000 -0.001045000
v -0.003835000 -0.005517000 -0.000725000
v -0.003871000 -0.005486000 -0.000704000
v -0.003128000 -0.004734000 -0.001045000
v -0.003871000 -0.005486000 -0.000704000
v -0.003139000 -0.004698000 -0.001010000
v -0.003139000 -0.004698000 -0.001010000
v -0.003871000 -0.005486000 -0.000704000
v -0.003889000 -0.005460000 -0.000664000
v -0.003139000 -0.004698000 -0.001010000
v -0.003889000 -0.005460000 -0.000664000
v -0.003132000 -0.004679000 -0.000963000
v -0.003132000 -0.004679000 -0.000963000
v -0.003889000 -0.005460000 -0.000664000
v -0.003886000 -0.005446000 -0.000614000
v -0.003835000 -0.005517000 -0.000725000
v -0.003875000 -0.005575000 -0.000707000
v -0.003871000 -0.005486000 -0.000704000
v -0.003871000 -0.005486000 -0.000704000
v -0.003875000 -0.005575000 -0.000707000
v -0.003911000 -0.005545000 -0.000686000
v -0.003871000 -0.005486000 -0.000704000
v -0.003911000 -0.005545000 -0.000686000
v -0.003889000 -0.005460000 -0.000664000
v -0.003889000 -0.005460000 -0.000664000
v -0.003911000 -0.005545000 -0.000686000
v -0.003930000 -0.005520000 -0.000645000
v -0.003889000 -0.005460000 -0.000664000
v -0.003930000 -0.005520000 -0.000645000
v -0.003886000 -0.005446000 -0.000614000
v -0.003886000 -0.005446000 -0.000614000
v -0.003930000 -0.005520000 -0.000645000
v -0.003928000 -0.005506000 -0.000596000
v -0.003875000 -0.005575000 -0.000707000
v -0.006820000 -0.011366000 0.000567000
v -0.003911000 -0.005545000 -0.000686000
v -0.003875000 -0.005575000 -0.000707000
v -0.005708000 -0.008806000 0.000111000
v -0.006820000 -0.011366000 0.000567000
v -0.007879000 -0.022228000 0.000556000
v -0.007848000 -0.021528000 0.000522000
v -0.006341000 -0.030353000 -0.000638000
v -0.007879000 -0.022228000 0.000556000
v -0.006341000 -0.030353000 -0.000638000
v -0.006420000 -0.030387000 -0.000526000
v -0.006341000 -0.030353000 -0.000638000
v -0.003011000 -0.043967000 -0.001892000
v -0.006420000 -0.030387000 -0.000526000
v -0.006420000 -0.030387000 -0.000526000
v -0.003011000 -0.043967000 -0.001892000
v -0.003038000 -0.043975000 -0.001849000
v -0.007959000 -0.016768000 0.000916000
v -0.006820000 -0.011366000 0.000567000
v -0.007606000 -0.014740000 0.000792000
v -0.007606000 -0.014740000 0.000792000
v -0.007848000 -0.021528000 0.000522000
v -0.007959000 -0.016768000 0.000916000
v -0.007959000 -0.016768000 0.000916000
v -0.007848000 -0.021528000 0.000522000
v -0.007879000 -0.022228000 0.000556000
v -0.007606000 -0.014740000 0.000792000
v -0.006820000 -0.011366000 0.000567000
v -0.005708000 -0.008806000 0.000111000
v -0.003911000 -0.005545000 -0.000686000
v -0.006820000 -0.011366000 0.000567000
v -0.003930000 -0.005520000 -0.000645000
v -0.002966000 -0.043955000 -0.001915000
v -0.003011000 -0.043967000 -0.001892000
v -0.006341000 -0.030353000 -0.000638000
v -0.003041000 -0.043978000 -0.001797000
v -0.006420000 -0.030387000 -0.000526000
v -0.003038000 -0.043975000 -0.001849000
v -0.006820000 -0.011366000 0.000567000
v -0.007959000 -0.016768000 0.000916000
v -0.006839000 -0.011351000 0.000640000
v -0.006820000 -0.011366000 0.000567000
v -0.006839000 -0.011351000 0.000640000
v -0.003930000 -0.005520000 -0.000645000
v -0.003930000 -0.005520000 -0.000645000
v -0.006839000 -0.011351000 0.000640000
v -0.004060000 -0.005708000 -0.000535000
v -0.003930000 -0.005520000 -0.000645000
v -0.004060000 -0.005708000 -0.000535000
v -0.003928000 -0.005506000 -0.000596000
v -0.003001000 -0.043998000 -0.001893000
v -0.002966000 -0.043955000 -0.001915000
v -0.002958000 -0.043979000 -0.001916000
v -0.002966000 -0.043955000 -0.001915000
v -0.003001000 -0.043998000 -0.001893000
v -0.003011000 -0.043967000 -0.001892000
v -0.003011000 -0.043967000 -0.001892000
v -0.003001000 -0.043998000 -0.001893000
v -0.003027000 -0.044011000 -0.001850000
v -0.003011000 -0.043967000 -0.001892000
v -0.003027000 -0.044011000 -0.001850000
v -0.003038000 -0.043975000 -0.001849000
v -0.003038000 -0.043975000 -0.001849000
v -0.003027000 -0.044011000 -0.001850000
v -0.003029000 -0.044015000 -0.001798000
v -0.003038000 -0.043975000 -0.001849000
v -0.003029000 -0.044015000 -0.001798000
v -0.003041000 -0.043978000 -0.001797000
v -0.002813000 -0.044219000 -0.001911000
v -0.001665000 -0.044567000 -0.002135000
v -0.002651000 -0.044329000 -0.001869000
v -0.002888000 -0.044190000 -0.001824000
v -0.002813000 -0.044219000 -0.001911000
v -0.002651000 -0.044329000 -0.001869000
v -0.002888000 -0.044190000 -0.001824000
v -0.003027000 -0.044011000 -0.001850000
v -0.002813000 -0.044219000 -0.001911000
v -0.002900000 -0.044066000 -0.001926000
v -0.002631000 -0.044239000 -0.001977000
v -0.002813000 -0.044219000 -0.001911000
v -0.003001000 -0.043998000 -0.001893000
v -0.002900000 -0.044066000 -0.001926000
v -0.002813000 -0.044219000 -0.001911000
v -0.001872000 -0.044459000 -0.002125000
v 0.002926000 -0.044605000 -0.003081000
v -0.001665000 -0.044567000 -0.002135000
v -0.002813000 -0.044219000 -0.001911000
v -0.001872000 -0.044459000 -0.002125000
v -0.001665000 -0.044567000 -0.002135000
v 0.002926000 -0.044605000 -0.003081000
v 0.004479000 -0.044293000 -0.003397000
v 0.003791000 -0.044557000 -0.003224000
v 0.004479000 -0.044293000 -0.003397000
v 0.004780000 -0.044104000 -0.003460000
v 0.004719000 -0.044250000 -0.003415000
v 0.003791000 -0.044557000 -0.003224000
v 0.004479000 -0.044293000 -0.003397000
v 0.004719000 -0.044250000 -0.003415000
v 0.004719000 -0.044250000 -0.003415000
v 0.004780000 -0.044104000 -0.003460000
v 0.004891000 -0.044069000 -0.003453000
v -0.002900000 -0.044066000 -0.001926000
v -0.003001000 -0.043998000 -0.001893000
v -0.002958000 -0.043979000 -0.001916000
v -0.003027000 -0.044011000 -0.001850000
v -0.003001000 -0.043998000 -0.001893000
v -0.002813000 -0.044219000 -0.001911000
v -0.003010000 -0.044055000 -0.001802000
v -0.003027000 -0.044011000 -0.001850000
v -0.002888000 -0.044190000 -0.001824000
v -0.003027000 -0.044011000 -0.001850000
v -0.003010000 -0.044055000 -0.001802000
v -0.003029000 -0.044015000 -0.001798000
v -0.002631000 -0.044239000 -0.001977000
v -0.001872000 -0.044459000 -0.002125000
v -0.002813000 -0.044219000 -0.001911000
v -0.001870000 -0.044555000 -0.002021000
v -0.002651000 -0.044329000 -0.001869000
v -0.001665000 -0.044567000 -0.002135000
v 0.004931000 -0.043993000 -0.003442000
v 0.004891000 -0.044069000 -0.003453000
v 0.004888000 -0.043990000 -0.003471000
v 0.004888000 -0.043990000 -0.003471000
v 0.004891000 -0.044069000 -0.003453000
v 0.004780000 -0.044104000 -0.003460000
v 0.004888000 -0.043990000 -0.003471000
v 0.004780000 -0.044104000 -0.003460000
v 0.004837000 -0.043985000 -0.003475000
v 0.002926000 -0.044605000 -0.003081000
v 0.003791000 -0.044557000 -0.003224000
v -0.001665000 -0.044567000 -0.002135000
v -0.001665000 -0.044567000 -0.002135000
v 0.003791000 -0.044557000 -0.003224000
v 0.002263000 -0.044753000 -0.002843000
v -0.001665000 -0.044567000 -0.002135000
v 0.002263000 -0.044753000 -0.002843000
v -0.001870000 -0.044555000 -0.002021000
v 0.002263000 -0.044753000 -0.002843000
v 0.003791000 -0.044557000 -0.003224000
v 0.004373000 -0.044444000 -0.003270000
v 0.004373000 -0.044444000 -0.003270000
v 0.003791000 -0.044557000 -0.003224000
v 0.004719000 -0.044250000 -0.003415000
v 0.004373000 -0.044444000 -0.003270000
v 0.004719000 -0.044250000 -0.003415000
v 0.004766000 -0.044261000 -0.003352000
v 0.004766000 -0.044261000 -0.003352000
v 0.004719000 -0.044250000 -0.003415000
v 0.004891000 -0.044069000 -0.003453000
v 0.004766000 -0.044261000 -0.003352000
v 0.004891000 -0.044069000 -0.003453000
v 0.004915000 -0.044110000 -0.003385000
v 0.004915000 -0.044110000 -0.003385000
v 0.004891000 -0.044069000 -0.003453000
v 0.004931000 -0.043993000 -0.003442000
v 0.004915000 -0.044110000 -0.003385000
v 0.004931000 -0.043993000 -0.003442000
v 0.004954000 -0.043993000 -0.003396000
v 0.004889000 -0.043981000 -0.003472000
v 0.004837000 -0.043985000 -0.003475000
v 0.004838000 -0.043978000 -0.003475000
v 0.004837000 -0.043985000 -0.003475000
v 0.004889000 -0.043981000 -0.003472000
v 0.004888000 -0.043990000 -0.003471000
v 0.004888000 -0.043990000 -0.003471000
v 0.004889000 -0.043981000 -0.003472000
v 0.004932000 -0.043983000 -0.003443000
v 0.004888000 -0.043990000 -0.003471000
v 0.004932000 -0.043983000 -0.003443000
v 0.004931000 -0.043993000 -0.003442000
v 0.004931000 -0.043993000 -0.003442000
v 0.004932000 -0.043983000 -0.003443000
v 0.004955000 -0.043983000 -0.003396000
v 0.004931000 -0.043993000 -0.003442000
v 0.004955000 -0.043983000 -0.003396000
v 0.004954000 -0.043993000 -0.003396000
v 0.005836000 -0.028870000 -0.004911000
v 0.006059000 -0.019354000 -0.005970000
v 0.006200000 -0.019350000 -0.005979000
v 0.005836000 -0.028870000 -0.004911000
v 0.006200000 -0.019350000 -0.005979000
v 0.006013000 -0.028196000 -0.004969000
v 0.004932000 -0.043983000 -0.003443000
v 0.005836000 -0.028870000 -0.004911000
v 0.006013000 -0.028196000 -0.004969000
v 0.003743000 -0.005515000 -0.004615000
v 0.005172000 -0.011219000 -0.005752000
v 0.003699000 -0.005535000 -0.004598000
v 0.005172000 -0.011219000 -0.005752000
v 0.003743000 -0.005515000 -0.004615000
v 0.003792000 -0.005501000 -0.004607000
v 0.005550000 -0.012527000 -0.005907000
v 0.005172000 -0.011219000 -0.005752000
v 0.003792000 -0.005501000 -0.004607000
v 0.005550000 -0.012527000 -0.005907000
v 0.006059000 -0.019354000 -0.005970000
v 0.005172000 -0.011219000 -0.005752000
v 0.006200000 -0.019350000 -0.005979000
v 0.006059000 -0.019354000 -0.005970000
v 0.005550000 -0.012527000 -0.005907000
v 0.005550000 -0.012527000 -0.005907000
v 0.003792000 -0.005501000 -0.004607000
v 0.003833000 -0.005497000 -0.004576000
v 0.005139000 -0.041076000 -0.003536000
v 0.004932000 -0.043983000 -0.003443000
v 0.006013000 -0.028196000 -0.004969000
v 0.004932000 -0.043983000 -0.003443000
v 0.005139000 -0.041076000 -0.003536000
v 0.004955000 -0.043983000 -0.003396000
v 0.004889000 -0.043981000 -0.003472000
v 0.004838000 -0.043978000 -0.003475000
v 0.005019000 -0.041073000 -0.003610000
v 0.004889000 -0.043981000 -0.003472000
v 0.005019000 -0.041073000 -0.003610000
v 0.005836000 -0.028870000 -0.004911000
v 0.004889000 -0.043981000 -0.003472000
v 0.005836000 -0.028870000 -0.004911000
v 0.004932000 -0.043983000 -0.003443000
v 0.003699000 -0.005535000 -0.004598000
v 0.003685000 -0.005495000 -0.004586000
v 0.003743000 -0.005515000 -0.004615000
v 0.003743000 -0.005515000 -0.004615000
v 0.003685000 -0.005495000 -0.004586000
v 0.003730000 -0.005475000 -0.004604000
v 0.003743000 -0.005515000 -0.004615000
v 0.003730000 -0.005475000 -0.004604000
v 0.003792000 -0.005501000 -0.004607000
v 0.003792000 -0.005501000 -0.004607000
v 0.003730000 -0.005475000 -0.004604000
v 0.003778000 -0.005460000 -0.004595000
v 0.003792000 -0.005501000 -0.004607000
v 0.003778000 -0.005460000 -0.004595000
v 0.003833000 -0.005497000 -0.004576000
v 0.003833000 -0.005497000 -0.004576000
v 0.003778000 -0.005460000 -0.004595000
v 0.003819000 -0.005455000 -0.004564000
v 0.003685000 -0.005495000 -0.004586000
v 0.003167000 -0.004661000 -0.004224000
v 0.003730000 -0.005475000 -0.004604000
v 0.003730000 -0.005475000 -0.004604000
v 0.003167000 -0.004661000 -0.004224000
v 0.003199000 -0.004622000 -0.004234000
v 0.003730000 -0.005475000 -0.004604000
v 0.003199000 -0.004622000 -0.004234000
v 0.003778000 -0.005460000 -0.004595000
v 0.003778000 -0.005460000 -0.004595000
v 0.003199000 -0.004622000 -0.004234000
v 0.003239000 -0.004592000 -0.004219000
v 0.003778000 -0.005460000 -0.004595000
v 0.003239000 -0.004592000 -0.004219000
v 0.003819000 -0.005455000 -0.004564000
v 0.003819000 -0.005455000 -0.004564000
v 0.003239000 -0.004592000 -0.004219000
v 0.003274000 -0.004579000 -0.004184000
v -0.003885000 0.003890000 -0.004998000
v -0.003282000 0.000002000 -0.004998000
v -0.005497000 0.000003000 -0.004998000
v -0.003052000 0.000556000 -0.004998000
v -0.003282000 0.000002000 -0.004998000
v -0.003885000 0.003890000 -0.004998000
v -0.003282000 0.000002000 -0.004998000
v -0.003889000 -0.003885000 -0.004998000
v -0.005497000 0.000003000 -0.004998000
v -0.003889000 -0.003885000 -0.004998000
v -0.003282000 0.000002000 -0.004998000
v -0.003053000 -0.000552000 -0.004998000
v -0.000003000 -0.005497000 -0.004998000
v -0.003889000 -0.003885000 -0.004998000
v -0.003053000 -0.000552000 -0.004998000
v -0.000003000 -0.005497000 -0.004998000
v -0.003053000 -0.000552000 -0.004998000
v -0.002499000 -0.000781000 -0.004998000
v -0.000003000 -0.005497000 -0.004998000
v -0.002499000 -0.000781000 -0.004998000
v -0.001945000 -0.000552000 -0.004998000
v -0.000003000 -0.005497000 -0.004998000
v -0.001945000 -0.000552000 -0.004998000
v -0.001715000 0.000001000 -0.004998000
v -0.000003000 -0.005497000 -0.004998000
v -0.001715000 0.000001000 -0.004998000
v 0.001716000 -0.000001000 -0.004998000
v -0.000003000 -0.005497000 -0.004998000
v 0.001716000 -0.000001000 -0.004998000
v 0.001945000 -0.000554000 -0.004998000
v -0.000003000 -0.005497000 -0.004998000
v 0.001945000 -0.000554000 -0.004998000
v 0.003885000 -0.003889000 -0.004998000
v 0.000003000 0.005498000 -0.004998000
v 0.003889000 0.003885000 -0.004998000
v 0.001946000 0.000553000 -0.004998000
v 0.000003000 0.005498000 -0.004998000
v 0.001946000 0.000553000 -0.004998000
v 0.001716000 -0.000001000 -0.004998000
v 0.000003000 0.005498000 -0.004998000
v 0.001716000 -0.000001000 -0.004998000
v -0.001715000 0.000001000 -0.004998000
v 0.000003000 0.005498000 -0.004998000
v -0.001715000 0.000001000 -0.004998000
v -0.001944000 0.000555000 -0.004998000
v 0.000003000 0.005498000 -0.004998000
v -0.001944000 0.000555000 -0.004998000
v -0.002498000 0.000785000 -0.004998000
v 0.000003000 0.005498000 -0.004998000
v -0.002498000 0.000785000 -0.004998000
v -0.003052000 0.000556000 -0.004998000
v 0.000003000 0.005498000 -0.004998000
v -0.003052000 0.000556000 -0.004998000
v -0.003885000 0.003890000 -0.004998000
v 0.003889000 0.003885000 -0.004998000
v 0.005498000 -0.000003000 -0.004998000
v 0.003282000 -0.000001000 -0.004998000
v 0.003889000 0.003885000 -0.004998000
v 0.003282000 -0.000001000 -0.004998000
v 0.003053000 0.000552000 -0.004998000
v 0.003889000 0.003885000 -0.004998000
v 0.003053000 0.000552000 -0.004998000
v 0.002499000 0.000782000 -0.004998000
v 0.003889000 0.003885000 -0.004998000
v 0.002499000 0.000782000 -0.004998000
v 0.001946000 0.000553000 -0.004998000
v 0.003885000 -0.003889000 -0.004998000
v 0.001945000 -0.000554000 -0.004998000
v 0.002499000 -0.000784000 -0.004998000
v 0.003885000 -0.003889000 -0.004998000
v 0.002499000 -0.000784000 -0.004998000
v 0.003052000 -0.000555000 -0.004998000
v 0.003885000 -0.003889000 -0.004998000
v 0.003052000 -0.000555000 -0.004998000
v 0.003282000 -0.000001000 -0.004998000
v 0.003885000 -0.003889000 -0.004998000
v 0.003282000 -0.000001000 -0.004998000
v 0.005498000 -0.000003000 -0.004998000
v -0.005497000 0.000003000 0.000000000
v -0.003282000 0.000002000 0.000000000
v -0.003885000 0.003890000 0.000000000
v -0.003885000 0.003890000 0.000000000
v -0.003282000 0.000002000 0.000000000
v -0.003052000 0.000556000 0.000000000
v -0.005497000 0.000003000 0.000000000
v -0.003889000 -0.003885000 0.000000000
v -0.003282000 0.000002000 0.000000000
v -0.003053000 -0.000552000 0.000000000
v -0.003282000 0.000002000 0.000000000
v -0.003889000 -0.003885000 0.000000000
v -0.000003000 -0.005497000 0.000000000
v 0.003885000 -0.003889000 0.000000000
v 0.001945000 -0.000554000 0.000000000
v -0.000003000 -0.005497000 0.000000000
v 0.001945000 -0.000554000 0.000000000
v 0.001716000 -0.000001000 0.000000000
v -0.000003000 -0.005497000 0.000000000
v 0.001716000 -0.000001000 0.000000000
v -0.001715000 0.000001000 0.000000000
v -0.000003000 -0.005497000 0.000000000
v -0.001715000 0.000001000 0.000000000
v -0.001945000 -0.000552000 0.000000000
v -0.000003000 -0.005497000 0.000000000
v -0.001945000 -0.000552000 0.000000000
v -0.002499000 -0.000781000 0.000000000
v -0.000003000 -0.005497000 0.000000000
v -0.002499000 -0.000781000 0.000000000
v -0.003053000 -0.000552000 0.000000000
v -0.000003000 -0.005497000 0.000000000
v -0.003053000 -0.000552000 0.000000000
v -0.003889000 -0.003885000 0.000000000
v 0.000003000 0.005498000 0.000000000
v -0.003885000 0.003890000 0.000000000
v -0.003052000 0.000556000 0.000000000
v 0.000003000 0.005498000 0.000000000
v -0.003052000 0.000556000 0.000000000
v -0.002498000 0.000785000 0.000000000
v 0.000003000 0.005498000 0.000000000
v -0.002498000 0.000785000 0.000000000
v -0.001944000 0.000555000 0.000000000
v 0.000003000 0.005498000 0.000000000
v -0.001944000 0.000555000 0.000000000
v -0.001715000 0.000001000 0.000000000
v 0.000003000 0.005498000 0.000000000
v -0.001715000 0.000001000 0.000000000
v 0.001716000 -0.000001000 0.000000000
v 0.000003000 0.005498000 0.000000000
v 0.001716000 -0.000001000 0.000000000
v 0.001946000 0.000553000 0.000000000
v 0.000003000 0.005498000 0.000000000
v 0.001946000 0.000553000 0.000000000
v 0.003889000 0.003885000 0.000000000
v 0.003889000 0.003885000 0.000000000
v 0.001946000 0.000553000 0.000000000
v 0.002499000 0.000782000 0.000000000
v 0.003889000 0.003885000 0.000000000
v 0.002499000 0.000782000 0.000000000
v 0.003053000 0.000552000 0.000000000
v 0.003889000 0.003885000 0.000000000
v 0.003053000 0.000552000 0.000000000
v 0.003282000 -0.000001000 0.000000000
v 0.003889000 0.003885000 0.000000000
v 0.003282000 -0.000001000 0.000000000
v 0.005498000 -0.000003000 0.000000000
v 0.003885000 -0.003889000 0.000000000
v 0.005498000 -0.000003000 0.000000000
v 0.003282000 -0.000001000 0.000000000
v 0.003885000 -0.003889000 0.000000000
v 0.003282000 -0.000001000 0.000000000
v 0.003052000 -0.000555000 0.000000000
v 0.003885000 -0.003889000 0.000000000
v 0.003052000 -0.000555000 0.000000000
v 0.002499000 -0.000784000 0.000000000
v 0.003885000 -0.003889000 0.000000000
v 0.002499000 -0.000784000 0.000000000
v 0.001945000 -0.000554000 0.000000000
v 0.003282000 -0.000001000 -0.004998000
v 0.003053000 0.000552000 0.000000000
v 0.003053000 0.000552000 -0.004998000
v 0.003053000 0.000552000 -0.004998000
v 0.003053000 0.000552000 0.000000000
v 0.002499000 0.000782000 0.000000000
v 0.003053000 0.000552000 -0.004998000
v 0.002499000 0.000782000 0.000000000
v 0.002499000 0.000782000 -0.004998000
v 0.003053000 0.000552000 0.000000000
v 0.003282000 -0.000001000 -0.004998000
v 0.003282000 -0.000001000 0.000000000
v 0.003282000 -0.000001000 0.000000000
v 0.003282000 -0.000001000 -0.004998000
v 0.003052000 -0.000555000 -0.004998000
v 0.003282000 -0.000001000 0.000000000
v 0.003052000 -0.000555000 -0.004998000
v 0.003052000 -0.000555000 0.000000000
v 0.003052000 -0.000555000 0.000000000
v 0.003052000 -0.000555000 -0.004998000
v 0.002499000 -0.000784000 -0.004998000
v 0.003052000 -0.000555000 0.000000000
v 0.002499000 -0.000784000 -0.004998000
v 0.002499000 -0.000784000 0.000000000
v 0.001716000 -0.000001000 -0.004998000
v 0.001945000 -0.000554000 0.000000000
v 0.001945000 -0.000554000 -0.004998000
v 0.001945000 -0.000554000 -0.004998000
v 0.001945000 -0.000554000 0.000000000
v 0.002499000 -0.000784000 0.000000000
v 0.001945000 -0.000554000 -0.004998000
v 0.002499000 -0.000784000 0.000000000
v 0.002499000 -0.000784000 -0.004998000
v 0.001945000 -0.000554000 0.000000000
v 0.001716000 -0.000001000 -0.004998000
v 0.001716000 -0.000001000 0.000000000
v 0.001716000 -0.000001000 0.000000000
v 0.001716000 -0.000001000 -0.004998000
v 0.001946000 0.000553000 -0.004998000
v 0.001716000 -0.000001000 0.000000000
v 0.001946000 0.000553000 -0.004998000
v 0.001946000 0.000553000 0.000000000
v 0.001946000 0.000553000 0.000000000
v 0.001946000 0.000553000 -0.004998000
v 0.002499000 0.000782000 -0.004998000
v 0.001946000 0.000553000 0.000000000
v 0.002499000 0.000782000 -0.004998000
v 0.002499000 0.000782000 0.000000000
v -0.001715000 0.000001000 -0.004998000
v -0.001944000 0.000555000 0.000000000
v -0.001944000 0.000555000 -0.004998000
v -0.001944000 0.000555000 -0.004998000
v -0.001944000 0.000555000 0.000000000
v -0.002498000 0.000785000 0.000000000
v -0.001944000 0.000555000 -0.004998000
v -0.002498000 0.000785000 0.000000000
v -0.002498000 0.000785000 -0.004998000
v -0.001944000 0.000555000 0.000000000
v -0.001715000 0.000001000 -0.004998000
v -0.001715000 0.000001000 0.000000000
v -0.001715000 0.000001000 0.000000000
v -0.001715000 0.000001000 -0.004998000
v -0.001945000 -0.000552000 -0.004998000
v -0.001715000 0.000001000 0.000000000
v -0.001945000 -0.000552000 -0.004998000
v -0.001945000 -0.000552000 0.000000000
v -0.001945000 -0.000552000 0.000000000
v -0.001945000 -0.000552000 -0.004998000
v -0.002499000 -0.000781000 -0.004998000
v -0.001945000 -0.000552000 0.000000000
v -0.002499000 -0.000781000 -0.004998000
v -0.002499000 -0.000781000 0.000000000
v -0.003282000 0.000002000 -0.004998000
v -0.003053000 -0.000552000 0.000000000
v -0.003053000 -0.000552000 -0.004998000
v -0.003053000 -0.000552000 -0.004998000
v -0.003053000 -0.000552000 0.000000000
v -0.002499000 -0.000781000 0.000000000
v -0.003053000 -0.000552000 -0.004998000
v -0.002499000 -0.000781000 0.000000000
v -0.002499000 -0.000781000 -0.004998000
v -0.003053000 -0.000552000 0.000000000
v -0.003282000 0.000002000 -0.004998000
v -0.003282000 0.000002000 0.000000000
v -0.003282000 0.000002000 0.000000000
v -0.003282000 0.000002000 -0.004998000
v -0.003052000 0.000556000 -0.004998000
v -0.003282000 0.000002000 0.000000000
v -0.003052000 0.000556000 -0.004998000
v -0.003052000 0.000556000 0.000000000
v -0.003052000 0.000556000 0.000000000
v -0.003052000 0.000556000 -0.004998000
v -0.002498000 0.000785000 -0.004998000
v -0.003052000 0.000556000 0.000000000
v -0.002498000 0.000785000 -0.004998000
v -0.002498000 0.000785000 0.000000000
vn 0.259192699 -0.462886961 -0.847676121
vn 0.867712296 0.496907041 -0.012600179
vn 0.224403909 -0.487808498 -0.843614696
vn 0.897391206 0.251997530 -0.362196450
vn -0.320902012 -0.577203619 -0.750904708
vn 0.244102747 -0.267203007 -0.932210492
vn 0.879833940 0.451517418 -0.148405725
vn -0.272703806 -0.961813422 0.023400327
vn -0.271491207 -0.956169030 0.109696447
vn -0.790291757 0.319896663 -0.522594549
vn -0.949343509 0.312814337 -0.029901370
vn -0.870218049 0.247805140 -0.425808831
vn -0.202292951 0.265790739 0.942567157
vn -0.405186123 0.551081126 0.729475016
vn -0.274987344 0.302386083 0.912657996
vn -0.275896267 0.517492998 0.809989041
vn -0.225606890 0.398412168 0.889027151
vn -0.266699864 0.355799819 0.895699543
vn -0.277892837 0.303292183 0.911476507
vn -0.336317514 0.435422675 0.835043486
vn -0.302405085 0.407006844 0.861914493
vn -0.139697700 0.187996905 0.972183993
vn -0.280195639 0.075298828 0.956985105
vn -0.197491751 0.285988055 0.937660835
vn -0.155499644 0.351199196 0.923297886
vn -0.147604058 0.253806979 0.955926284
vn -0.114301325 0.160401860 0.980411368
vn -0.009999532 0.151192918 0.988453697
vn 0.004000142 0.185506585 0.982634879
vn -0.001100019 0.226903854 0.973916542
vn -0.028000971 0.221607684 0.974733799
vn -0.018400198 0.181001950 0.983310595
vn -0.094299248 0.206498353 0.973892233
vn -0.083895660 0.177990793 0.980449283
vn -0.199289225 0.265285656 0.943348994
vn -0.152796797 0.155296744 0.975979539
vn -0.056299776 0.123099511 0.990796067
vn -0.396908371 0.583012296 0.708914951
vn -0.346183299 0.603770872 0.718065358
vn -0.353378443 0.471871214 0.807750725
vn -0.291487988 0.521578506 0.801866956
vn -0.284396882 0.275096984 0.918389930
vn -0.060599339 0.316096553 0.946789675
vn -0.153401543 0.359603618 0.920409259
vn -0.188599027 0.419397836 0.887995418
vn -0.271508988 0.474515709 0.837327720
vn -0.102000711 0.189301320 0.976606812
vn -0.061998745 0.212095705 0.975280251
vn -0.081199001 0.257396833 0.962888152
vn -0.314091487 0.495586567 0.809778051
vn -0.369907822 0.363707691 0.854918077
vn -0.245596015 0.256995830 0.934684835
vn 0.271386694 0.455877649 -0.847658440
vn -0.864195938 0.502997636 -0.012599941
vn 0.310214853 0.438220983 -0.843640394
vn -0.666823226 0.651322686 -0.362112613
vn 0.660370542 0.010499532 -0.750866505
vn 0.109400536 0.345001691 -0.932204568
vn -0.830942321 0.536227311 -0.148307553
vn 0.969291717 0.244797908 0.023399800
vn 0.963803118 0.243000786 0.109700355
vn 0.118095883 -0.844370562 -0.522581781
vn 0.203695958 -0.978580580 -0.029799409
vn 0.220498092 -0.877492405 -0.425896314
vn -0.128996042 -0.308090546 0.942571078
vn -0.274589338 -0.626475674 0.729471675
vn -0.124396819 -0.389290046 0.912676663
vn -0.310195451 -0.497692701 0.809988122
vn -0.232206154 -0.394610457 0.889023559
vn -0.174797139 -0.408893306 0.895685338
vn -0.123697945 -0.392293482 0.911484856
vn -0.209011997 -0.508929211 0.835047929
vn -0.201300960 -0.465402220 0.861904111
vn -0.092900685 -0.214901584 0.972207165
vn 0.074898985 -0.280296202 0.956987033
vn -0.148896389 -0.313992386 0.937677262
vn -0.226397064 -0.310295975 0.923288025
vn -0.146004899 -0.254708546 0.955932072
vn -0.081800489 -0.179201072 0.980405863
vn -0.125894363 -0.084296226 0.988455743
vn -0.162704186 -0.089302298 0.982625283
vn -0.195905350 -0.114403124 0.973926598
vn -0.177905292 -0.135104019 0.974728994
vn -0.147503238 -0.106402336 0.983321584
vn -0.131699071 -0.184898696 0.973893129
vn -0.112195308 -0.161593242 0.980458993
vn -0.130095017 -0.305188310 0.943363865
vn -0.058099721 -0.209898990 0.975995305
vn -0.078499491 -0.110299284 0.990793570
vn -0.306395977 -0.635291659 0.708890692
vn -0.349787663 -0.601678779 0.718074674
vn -0.231985056 -0.541965088 0.807747967
vn -0.305991761 -0.513186183 0.801878410
vn -0.095997419 -0.383889679 0.918375310
vn -0.243401941 -0.210501679 0.946807551
vn -0.234699819 -0.312699759 0.920399291
vn -0.268902661 -0.373003691 0.888008787
vn -0.275204391 -0.472407537 0.837313359
vn -0.112900961 -0.183001558 0.976608316
vn -0.152695158 -0.159794933 0.975269075
vn -0.182299025 -0.198998935 0.962894849
vn -0.272099117 -0.519798313 0.809797372
vn -0.130100985 -0.502203802 0.854906472
vn -0.099797926 -0.341192908 0.934680573
vn -0.295797953 -0.952593408 0.071199507
vn -0.039900147 -0.999203672 -0.000000000
vn -0.705412218 0.668211574 0.236404095
vn -0.621599950 0.773199938 -0.125599990
vn -0.383187752 -0.923670475 -0.000000000
vn -0.923670475 0.383187752 -0.000000000
vn -0.958176290 0.248693846 -0.141596496
vn -0.974567854 0.224092608 -0.000000000
vn -0.904544532 0.375218472 0.202509970
vn -0.889405047 0.431002446 0.152300864
vn -0.781499680 0.457599812 -0.424099826
vn -0.944645453 0.270613021 0.185508926
vn -0.905161943 -0.374384259 -0.201291537
vn -0.909832063 -0.390213751 -0.141204976
vn -0.639217243 -0.769020745 0.002900078
vn -0.641511336 -0.767113555 -0.000000000
vn -0.595303471 -0.802504679 -0.040000233
vn -0.382192805 0.924082604 -0.000000000
vn 0.150000365 0.701701705 -0.696501693
vn -0.232896760 0.972486473 0.005399925
vn -0.330900817 0.800001976 0.500501236
vn -0.603416603 -0.795421886 0.056501555
vn -0.599578769 -0.797871748 0.062497787
vn -0.566789138 -0.815484371 0.117197754
vn -0.346405151 -0.835112418 0.427306354
vn -0.359094321 -0.901085749 -0.243096155
vn -0.572464866 -0.817649818 -0.061096250
vn -0.851366295 -0.484080836 0.202091999
vn -0.924082604 -0.382192805 -0.000000000
vn 0.383187752 0.923670475 -0.000000000
vn 0.972510493 0.225102429 0.059600643
vn 0.669996781 0.114399450 -0.733496476
vn 0.771106901 0.636705699 -0.000000000
vn 0.913300027 0.377700011 0.152400005
vn 0.217594410 0.573085278 0.790079703
vn 0.982567704 0.165694554 -0.084297229
vn 0.912679711 -0.378591584 0.153896579
vn 0.913300324 -0.407200145 0.008400003
vn -0.334708900 0.475212636 0.813721637
vn 0.243698248 0.966293052 -0.082999403
vn 0.338592612 0.816182191 -0.468189784
vn 0.621190949 -0.783288588 0.024099649
vn 0.636522565 -0.771127337 0.014200503
vn 0.660032527 -0.751237022 -0.000000000
vn 0.923670475 -0.383187752 -0.000000000
vn 0.920470665 -0.381787833 -0.083497339
vn 0.912362539 -0.409383191 -0.000000000
vn 0.415497422 -0.909594356 -0.000000000
vn 0.427695875 -0.891591401 0.148798565
vn 0.637490294 -0.770188274 -0.020399689
vn 0.600401222 -0.797101622 -0.064400131
vn 0.547617163 -0.826025888 -0.133404181
vn -0.300886903 -0.579274785 -0.757567024
vn 0.382192805 -0.924082604 -0.000000000
vn 0.924082604 0.382192805 -0.000000000
vn 0.652724063 0.584721556 0.481717759
vn 0.757277097 0.270191828 -0.594582017
vn 0.213906352 -0.909827018 0.355610560
vn -0.417092472 0.887983972 -0.193696504
vn -0.416392078 0.886983125 -0.199696201
vn -0.329688308 0.822770821 -0.462983581
vn -0.330903246 0.806107908 -0.490604813
vn -0.238005782 0.654615904 -0.717517432
vn -0.407098766 0.738197763 -0.537898370
vn -0.332686390 0.611774973 -0.717670641
vn -0.401100806 0.407100818 -0.820601649
vn -0.469698304 0.526298100 -0.708797441
vn -0.575889847 0.347093881 -0.740186951
vn -0.647519177 0.486414405 -0.586617373
vn 0.802025292 -0.567817906 0.185305844
vn 0.799781345 -0.570586691 0.186495650
vn 0.962665917 -0.226391985 0.148394746
vn 0.962077786 -0.228094733 0.149596546
vn 0.993054752 0.047597831 0.107595098
vn 0.992972589 0.046098727 0.108996991
vn 0.967498283 0.241899571 0.073699869
vn 0.965459538 0.258889150 0.029398768
vn 0.884763296 0.451681262 0.114795238
vn 0.759297187 0.419598445 0.497398157
vn 0.865951400 0.463573983 -0.187689466
vn -0.201190558 0.962854814 -0.180091549
vn -0.199095036 0.963475976 -0.179095534
vn 0.210093662 0.968770773 -0.131696027
vn 0.211202259 0.968610359 -0.131101402
vn 0.527624532 0.846239347 -0.074103446
vn 0.529183125 0.845473038 -0.071697714
vn 0.747193485 0.664394207 -0.016799854
vn 0.696737297 0.651434872 -0.300316076
vn 0.784287475 0.597190463 0.168097316
vn -0.119197944 0.157597282 0.980283095
vn -0.119897332 0.157096504 0.980278184
vn -0.115997186 0.159396133 0.980376216
vn -0.111796717 0.161795249 0.980471209
vn -0.115200505 0.159800700 0.980404294
vn -0.114196922 0.160095685 0.980473577
vn -0.114494819 0.159992760 0.980455635
vn -0.110801899 0.162202779 0.980516801
vn -0.114204460 0.160306261 0.980438292
vn -0.110900671 0.162200981 0.980505932
vn 0.525372353 -0.840255783 0.133992949
vn 0.548294421 -0.810491753 -0.206097903
vn 0.619621929 -0.760926930 0.192506813
vn 0.675719890 -0.737021695 0.014200418
vn 0.684876639 -0.718475493 0.121395859
vn 0.696470575 -0.704270245 0.137594187
vn 0.694578979 -0.692879030 0.193594141
vn 0.385600391 -0.903100917 -0.189000192
vn 0.330786125 -0.595775011 0.731869302
vn 0.248699929 -0.867799753 -0.430199877
vn 0.274602250 -0.950607790 0.144701186
vn 0.029899958 -0.998098588 0.053899924
vn 0.012699455 -0.982957807 0.183392128
vn 0.029700582 -0.223204373 -0.974319087
vn 0.126605755 -0.199209055 -0.971744172
vn 0.256398028 -0.328897471 -0.908893011
vn 0.221290536 -0.390383304 -0.893661779
vn 0.397598561 -0.582197892 -0.709197433
vn 0.406085148 -0.551479830 -0.728673349
vn 0.277404215 -0.515707836 -0.810612317
vn 0.277003068 -0.303103357 -0.911810098
vn 0.113901033 -0.160701458 -0.980408892
vn 0.147507095 -0.253412188 -0.956045982
vn 0.156198412 -0.351696425 -0.922990618
vn 0.083903886 -0.178008245 -0.980445410
vn 0.092995674 -0.202990557 -0.974754655
vn 0.017800243 -0.180502468 -0.983413448
vn 0.153606067 -0.360214227 -0.920136342
vn 0.060400072 -0.316100378 -0.946801131
vn -0.024399183 -0.187993705 -0.981867123
vn 0.035199407 -0.222996245 -0.974183595
vn 0.032401044 -0.133404298 -0.990531910
vn 0.139699421 -0.125599479 -0.982195929
vn 0.199398136 -0.264697525 -0.943491178
vn 0.197509855 -0.141407056 -0.970048402
vn 0.256490301 -0.215291859 -0.942264369
vn 0.275006857 -0.313707822 -0.908822662
vn 0.344811882 -0.599820670 -0.722024881
vn 0.353114501 -0.476519569 -0.805133063
vn 0.362195788 -0.464894593 -0.807890604
vn 0.318487359 -0.392684415 -0.862765758
vn 0.327119757 -0.441226649 -0.835650471
vn 0.234305760 -0.495312177 -0.836520566
vn 0.226701946 -0.398503421 -0.888707630
vn 0.226001706 -0.398903012 -0.888706710
vn 0.080601900 -0.256706051 -0.963122701
vn 0.061498043 -0.212293246 -0.975268972
vn 0.102000711 -0.189301320 -0.976606812
vn 0.115200505 -0.159800700 -0.980404294
vn 0.111796717 -0.161795249 -0.980471209
vn 0.115997186 -0.159396133 -0.980376216
vn 0.118699395 -0.157899196 -0.980295005
vn 0.119298400 -0.157497887 -0.980286850
vn 0.110900671 -0.162200981 -0.980505932
vn 0.114204460 -0.160306261 -0.980438292
vn 0.111299336 -0.161999033 -0.980494146
vn 0.114995549 -0.159593823 -0.980462052
vn 0.113299462 -0.160599237 -0.980495343
vn -0.560492439 -0.805189138 -0.193697387
vn -0.559915423 -0.804122150 -0.199705501
vn -0.547696194 -0.696895157 -0.462996782
vn -0.532661719 -0.689650437 -0.490564744
vn -0.447914284 -0.533417011 -0.717522882
vn -0.435807712 -0.721612769 -0.537909518
vn -0.363488816 -0.593981723 -0.717677917
vn -0.152099271 -0.550897361 -0.820596069
vn -0.220904389 -0.669913311 -0.708814084
vn -0.012699717 -0.672285001 -0.740183487
vn -0.097506776 -0.803955869 -0.586640767
vn 0.090798049 0.978478973 0.185296018
vn 0.094499957 0.977899555 0.186499915
vn -0.285298775 0.946895933 0.148299363
vn -0.283508470 0.947228299 0.149604470
vn -0.537790040 0.836184514 0.107598007
vn -0.536326737 0.836941723 0.109005434
vn -0.693233435 0.716934579 0.073703555
vn -0.706901110 0.706701110 0.029400046
vn -0.833527736 0.540417983 0.114803820
vn -0.743040478 0.447724390 0.497427098
vn -0.834479493 0.518087268 -0.187695387
vn -0.733214393 -0.655712872 -0.180103535
vn -0.734805331 -0.654204746 -0.179101299
vn -0.944074043 -0.302291689 -0.131696379
vn -0.944476790 -0.301292596 -0.131096778
vn -0.996678004 0.033799254 -0.074098365
vn -0.996794328 0.035499798 -0.071699592
vn -0.948978530 0.314892876 -0.016799620
vn -0.912521157 0.277706439 -0.300306963
vn -0.909327071 0.380611331 0.168105005
vn -0.076799603 -0.181999060 0.980294937
vn -0.076098133 -0.182395526 0.980275954
vn -0.080098551 -0.180096742 0.980382265
vn -0.084198014 -0.177695808 0.980476871
vn -0.080701904 -0.179604238 0.980423133
vn -0.081497412 -0.178994317 0.980468871
vn -0.081297287 -0.179094023 0.980467277
vn -0.085001289 -0.177102687 0.980514875
vn -0.081803419 -0.179007483 0.980440983
vn -0.084999784 -0.177199549 0.980497505
vn 0.465004415 0.875108309 0.134001272
vn 0.427704168 0.880108577 -0.206102008
vn 0.349181178 0.917050568 0.192589619
vn 0.300402179 0.953706919 0.014200103
vn 0.279810412 0.952335437 0.121504521
vn 0.261697548 0.955291049 0.137598711
vn 0.252788271 0.947956016 0.193591018
vn 0.589309444 0.785512588 -0.188903027
vn 0.350599218 0.584298697 0.731898368
vn 0.627186713 0.649286245 -0.430190887
vn 0.685921449 0.713122300 0.144804528
vn 0.849390929 0.524994393 0.053999423
vn 0.844900921 0.502500548 0.183400200
vn 0.178499866 0.137399897 -0.974299269
vn 0.109205997 0.209211489 -0.971753365
vn 0.156697152 0.386492976 -0.908883481
vn 0.227388397 0.386880258 -0.893654398
vn 0.305385640 0.635470118 -0.709166652
vn 0.274504878 0.627511151 -0.728612948
vn 0.307903328 0.498105385 -0.810608763
vn 0.124003150 0.391409942 -0.911823161
vn 0.082200740 0.179001611 -0.980408824
vn 0.145704754 0.254508305 -0.956031196
vn 0.226498362 0.311097751 -0.922993327
vn 0.112204494 0.161706477 -0.980439272
vn 0.129294988 0.181992945 -0.974762214
vn 0.147401857 0.105701331 -0.983412386
vn 0.235207684 0.313110229 -0.920130061
vn 0.243506261 0.210305407 -0.946824343
vn 0.174994136 0.072897557 -0.981867098
vn 0.175497377 0.141997878 -0.974185441
vn 0.099402105 0.094802007 -0.990520975
vn 0.038899757 0.183798852 -0.982193866
vn 0.129599131 0.304997955 -0.943493674
vn 0.023700842 0.241808593 -0.970034471
vn 0.058197539 0.329786055 -0.942260157
vn 0.134105012 0.395014764 -0.908833968
vn 0.347018176 0.598531349 -0.722037818
vn 0.236103066 0.544107065 -0.805110454
vn 0.221489025 0.546172938 -0.807859972
vn 0.180800824 0.472102150 -0.862803930
vn 0.218512585 0.503929022 -0.835648126
vn 0.311801271 0.450601836 -0.836503409
vn 0.231807049 0.395512028 -0.888727027
vn 0.232402267 0.395203855 -0.888708669
vn 0.182006441 0.198107011 -0.963134086
vn 0.153095556 0.159395373 -0.975271688
vn 0.112999686 0.182999491 -0.976597285
vn 0.080801254 0.179602787 -0.980415216
vn 0.084198014 0.177695808 -0.980476871
vn 0.080098551 0.180096742 -0.980382265
vn 0.077400242 0.181700569 -0.980303068
vn 0.076798205 0.182095744 -0.980277091
vn 0.084999784 0.177199549 -0.980497505
vn 0.081803419 0.179007483 -0.980440983
vn 0.084601155 0.177302420 -0.980513384
vn 0.080696889 0.179393085 -0.980462204
vn 0.082400141 0.178400306 -0.980501682
vn 0.773011792 -0.624009519 -0.114301744
vn 0.805312317 -0.579608865 -0.124601906
vn 0.931868625 -0.125795765 -0.340288543
vn 0.938575128 -0.013999629 -0.344790863
vn 0.731774048 0.508781956 -0.453483917
vn 0.713830963 0.543523576 -0.441619156
vn 0.658392916 0.611393421 -0.438995276
vn 0.631376336 0.603177393 -0.487381733
vn 0.717970463 0.413183002 -0.560176955
vn 0.719096185 0.406797842 -0.563397011
vn -0.785318404 -0.619014507 0.009800230
vn -0.783589594 -0.621191751 0.010399862
vn -0.995606163 -0.090100558 0.025500158
vn -0.994825801 -0.097802537 0.027500713
vn -0.844477516 0.534585767 0.032799127
vn -0.850865383 0.523978682 0.038398438
vn -0.792439064 0.590629116 0.152307508
vn -0.792785488 0.590089199 0.152597207
vn -0.693687725 0.711687407 0.110898038
vn -0.704389783 0.708889718 0.036199475
vn 0.700690208 -0.116498372 -0.703890163
vn 0.978380760 -0.071398596 -0.194096183
vn 0.917397257 -0.104899686 -0.383898852
vn 0.958823357 -0.081001973 -0.272206631
vn 0.274898597 -0.114799414 -0.954595127
vn 0.982315786 0.052900850 -0.179602886
vn 0.136802696 0.023500463 -0.990319519
vn 0.750290835 0.295296393 -0.591492775
vn -0.581527184 0.040101875 -0.812537983
vn 0.952307909 0.236101961 -0.193301605
vn -0.949288632 -0.247497036 0.193897678
vn -0.905937783 -0.256710706 0.336714043
vn -0.941248339 -0.255613127 0.220711335
vn -0.971446237 -0.149407111 -0.184308772
vn -0.943770173 0.181094277 -0.276591258
vn -0.788105225 0.234301553 0.569203774
vn -0.920984541 -0.193596751 0.338094325
vn -0.960552169 0.026701450 -0.276815034
vn -0.830693629 -0.048699626 0.554595746
vn -0.882988058 0.376294911 -0.280596205
vn -0.812059487 0.494375336 0.310084530
vn -0.802503358 0.575702409 0.156700656
vn 0.074998912 -0.887587126 0.454493408
vn 0.085299704 -0.958196675 -0.273099052
vn 0.202702257 -0.979010901 0.021200236
vn 0.404396421 -0.910291944 -0.088499217
vn -0.930580160 -0.312193344 0.191195924
vn -0.931471744 -0.309090624 0.191894179
vn -0.785184198 -0.596487996 0.166396651
vn -0.835591109 -0.429595429 0.342396357
vn -0.727689601 -0.673990369 0.127298181
vn -0.504397576 -0.850395914 0.149699281
vn -0.485815517 -0.867827719 0.104203328
vn -0.247005763 -0.965322521 0.084501971
vn -0.245315625 -0.955860881 0.161710300
vn -0.063302630 -0.994941341 -0.078003241
vn 0.977364987 -0.085996919 -0.193293075
vn 0.977067376 -0.089097025 -0.193393543
vn 0.927917510 -0.327106173 -0.178803374
vn 0.927180233 -0.330592952 -0.176196244
vn 0.692996868 -0.710196790 -0.123999440
vn 0.713904490 -0.677004258 -0.178901125
vn 0.451674287 -0.891849228 -0.024398611
vn -0.002400052 0.999921469 -0.012300264
vn 0.543910821 -0.023400466 0.838816688
vn 0.527512908 0.050901246 0.848020751
vn 0.517812456 0.084402030 0.851320479
vn 0.360714173 0.135805336 0.922736255
vn 0.348206330 0.077401407 0.934216984
vn 0.196206674 0.021200721 0.980333347
vn 0.502090194 0.074698541 0.861583173
vn 0.673615759 0.062701467 0.736417229
vn 0.161007225 -0.004200188 0.986944290
vn 0.233294781 -0.050798864 0.971078277
vn 0.427414744 -0.027700956 0.903631171
vn 0.560886267 0.080398031 0.823979825
vn 0.675197698 0.058699800 0.735297493
vn 0.334615793 -0.027801312 0.941944456
vn 0.393998824 0.056099833 0.917397262
vn 0.220008839 0.010700430 0.975439189
vn 0.196190514 -0.014899280 0.980452596
vn 0.195901757 -0.015000135 0.980508795
vn 0.196093777 0.015099521 0.980468885
vn 0.582903506 -0.039000235 0.811604882
vn 0.583776725 -0.008699653 0.811867631
vn 0.751185630 0.062898797 0.657087430
vn 0.436809348 0.041000877 0.898619231
vn 0.461785747 0.066797938 0.884472701
vn 0.451103433 0.073900562 0.889406768
vn 0.431387007 0.084797446 0.898172947
vn 0.346784978 0.120594776 0.930159706
vn 0.291195625 0.099398507 0.951485704
vn 0.242999273 0.080299760 0.966697110
vn 0.278102467 -0.021600192 0.960308518
vn 0.157198669 0.066999433 0.985291660
vn 0.175605223 -0.089002647 0.980429158
vn 0.221902314 -0.110301150 0.968810105
vn 0.220198493 -0.058599599 0.973693335
vn 0.317405617 -0.045100798 0.947216761
vn 0.612624221 -0.019600775 0.790131238
vn 0.467878604 -0.020299072 0.883559596
vn 0.379603718 -0.102000999 0.919509007
vn 0.196098108 0.023999768 0.980290540
vn 0.196102164 0.018400203 0.980410819
vn 0.195995139 0.021199474 0.980375687
vn 0.196000484 0.014100035 0.980502422
vn 0.195909117 0.018600866 0.980445626
vn 0.196001033 0.013900073 0.980505167
vn 0.195702487 0.017200219 0.980512462
vn -0.182891579 0.165192394 0.969155376
vn -0.731591949 -0.598093418 0.327196399
vn -0.728401748 -0.600001440 0.330800794
vn -0.665878223 0.657378501 0.352788462
vn -0.752468168 0.589375067 0.293987563
vn -0.862817390 0.156103146 0.480809691
vn -0.853318248 0.090301931 0.513510982
vn 0.071900487 0.327802221 0.942006382
vn -0.045800942 0.466909604 0.883118166
vn -0.423201132 0.490001311 0.762102039
vn 0.935592721 0.274397865 -0.222198271
vn 0.798992466 -0.031899699 0.600494337
vn 0.793494505 0.090599373 0.601795833
vn 0.780031588 0.112604560 0.615524926
vn 0.809659105 0.288185444 0.511274176
vn 0.551391120 0.379193893 0.743088033
vn 0.852498338 0.477899068 0.211799587
vn 0.485316610 0.867529692 -0.108903727
vn 0.919431937 0.385913405 -0.075602626
vn 0.990416718 -0.122802073 0.063201067
vn 0.792640560 -0.606331027 -0.063903270
vn 0.954622429 -0.140103292 0.262806175
vn 0.743897125 0.190399264 0.640597524
vn 0.748687538 0.197596711 0.632789467
vn 0.864515376 0.456308116 0.210703747
vn 0.864380253 0.460789473 0.201295401
vn 0.757112383 0.597209767 -0.264804331
vn 0.752515551 0.598912377 -0.273905660
vn 0.785871748 0.092196686 0.611478018
vn 0.785279779 0.087097757 0.612984216
vn 0.946975961 0.280392882 0.156896017
vn 0.947393719 0.278298155 0.158098952
vn 0.853378167 0.395589879 -0.339491314
vn 0.854688744 0.393694815 -0.338395543
vn 0.288099005 -0.140099516 -0.947296727
vn 0.701213709 0.058901152 0.710513891
vn 0.997471961 -0.068898063 0.017399511
vn 0.861487500 0.371094615 -0.346594971
vn 0.445209109 0.050201027 0.894018292
vn 0.832310928 0.001400018 0.554307278
vn -0.961636153 0.094303545 0.257609685
vn 0.995680495 -0.064998727 0.066298701
vn 0.790585785 0.077798601 0.607389079
vn -0.735310342 -0.052300736 -0.675709504
vn -0.574186825 0.008399807 -0.818681216
vn 0.835089703 0.069599142 0.545693272
vn -0.639885392 -0.065398507 -0.765682520
vn 0.851038340 0.057702600 0.521923513
vn 0.885413436 0.038500584 -0.463207029
vn 0.855397515 0.255099259 -0.450798690
vn 0.896378254 0.136996677 0.421589772
vn 0.969981469 0.202996122 0.133897442
vn 0.441121567 -0.002500122 0.897443877
vn 0.440302373 0.043300233 0.896804834
vn 0.832114204 -0.014700251 0.554409464
vn 0.832095261 -0.019299890 0.554296843
vn 0.995292331 -0.070599456 0.066399488
vn 0.995363341 -0.069497440 0.066497551
vn -0.558666043 -0.570765307 0.601763423
vn -0.217005477 -0.951424014 0.218405513
vn 0.230393594 -0.627582550 0.743679322
vn 0.189407866 -0.474319699 0.859735706
vn -0.054199264 -0.981186671 -0.185297483
vn 0.085600266 -0.526101636 0.846102631
vn 0.436817532 -0.702528197 0.561822549
vn 0.214898003 -0.972690959 0.087699185
vn 0.269309806 -0.253709238 0.929033827
vn 0.397913414 -0.532417948 0.747125186
vn 0.946229480 -0.314609802 0.075302346
vn -0.711106279 -0.572805058 0.407703600
vn 0.120901160 -0.366803519 0.922408851
vn 0.483601770 -0.790602894 0.375601375
vn 0.012800127 -0.326503249 0.945109404
vn 0.009699965 -0.330098793 0.943896550
vn -0.282800008 -0.759900023 0.585300018
vn -0.430391209 -0.808683483 0.400991810
vn 0.747995744 -0.630696411 0.206698824
vn 0.799761492 -0.397480862 0.449878339
vn 0.762342650 -0.349119532 0.544930487
vn 0.412490822 -0.166696291 0.895580074
vn 0.637730861 -0.211210221 0.740735845
vn 0.386790651 -0.262293660 0.884078632
vn -0.110003990 -0.237108601 0.965235015
vn 0.002599975 -0.200498085 0.979690644
vn -0.415395767 -0.440095515 0.796091888
vn -0.051702376 -0.066503056 0.996445788
vn -0.052302159 -0.066102728 0.996441124
vn -0.519589242 -0.210095650 0.828182853
vn -0.520693036 -0.210097190 0.827488932
vn -0.848213262 -0.297504652 0.438206851
vn -0.848417965 -0.297506300 0.437809271
vn 0.067697407 -0.100196162 0.992661972
vn -0.856093382 -0.073999428 -0.511496046
vn -0.776430091 -0.248309623 0.579222448
vn 0.011199772 -0.109897766 0.993879795
vn -0.697069675 0.101595580 -0.709769122
vn -0.950126024 -0.253606946 0.181504971
vn -0.865555373 -0.237387761 0.440977264
vn -0.342892300 -0.138696886 0.929079138
vn -0.339792326 0.072798356 0.937678823
vn -0.054099831 -0.058899816 0.996796880
vn 0.949689083 0.205097642 0.236697279
vn 0.155597467 -0.063398968 0.985783952
vn -0.519878919 -0.212191396 0.827466447
vn -0.426894512 0.406294777 0.807889615
vn 0.320216261 0.041202092 0.946448062
vn 0.012599542 0.195792877 0.980564328
vn -0.795596308 0.041599807 -0.604397196
vn 0.286484894 -0.016099151 0.957949489
vn -0.841067918 0.241190800 0.484181531
vn -0.747090863 0.490893996 0.448194519
vn -0.759988311 0.492592424 0.423993479
vn 0.058901336 0.262905965 0.963021851
vn 0.057202938 0.262813497 0.963149464
vn -0.367610659 0.498914466 0.784822756
vn -0.368684952 0.498679647 0.784467983
vn -0.695090842 0.600492089 0.395294792
vn -0.695518299 0.600315795 0.394810388
vn 0.080198264 0.334492760 0.938979676
vn 0.099003050 0.319709850 0.942329034
vn -0.306303991 0.611907973 0.729209502
vn -0.288601638 0.603003422 0.743704221
vn -0.608128759 0.723534217 0.326615446
vn -0.595624502 0.723429759 0.349114361
vn -0.318704822 -0.110301669 -0.941414244
vn -0.340317067 -0.154407744 -0.927546518
vn -0.003500051 -0.999914489 -0.012600183
vn -0.355882568 -0.180391164 -0.916955084
vn -0.395607398 -0.241804522 -0.886016569
vn -0.394810571 0.289007738 -0.872123351
vn -0.541890783 0.027899525 -0.839985712
vn -0.457700108 -0.282000066 -0.843200198
vn -0.525070185 -0.043397536 -0.849951737
vn -0.581993546 0.038299575 -0.812290992
vn -0.582684253 0.013999622 -0.812578040
vn -0.196304065 -0.020900433 -0.980320298
vn -0.409695762 -0.099398972 -0.906790619
vn -0.244800748 0.030200092 -0.969102961
vn -0.200706476 0.061301978 -0.977731547
vn -0.222097634 0.089699044 -0.970889655
vn -0.199700769 0.111400429 -0.973503748
vn -0.156996501 0.044898999 -0.986578014
vn -0.224795872 -0.061198876 -0.972482141
vn -0.319703359 -0.077900818 -0.944309920
vn -0.397487897 -0.070797844 -0.914872143
vn -0.465513542 0.027100788 -0.884625734
vn -0.559374034 -0.078796342 -0.825161697
vn -0.632297793 0.018799934 -0.774497297
vn -0.674505942 -0.053800474 -0.736306487
vn -0.317708307 0.044901174 -0.947124763
vn -0.334312194 0.028401036 -0.942034361
vn -0.379603718 0.102000999 -0.919509007
vn -0.468508672 0.020700383 -0.883216348
vn -0.436681979 -0.041398292 -0.898662913
vn -0.195997326 -0.015199793 -0.980486621
vn -0.195901757 0.015000135 -0.980508795
vn -0.196094072 0.014999547 -0.980470361
vn -0.219797753 -0.010399894 -0.975490026
vn -0.283102789 -0.027000266 -0.958709443
vn -0.462207449 -0.067301085 -0.884214249
vn -0.498409884 -0.074701481 -0.863717128
vn -0.667687254 -0.063998778 -0.741685841
vn -0.320712122 -0.057402170 -0.945435733
vn -0.276105337 -0.114202208 -0.954318447
vn -0.247891257 -0.031798878 -0.968265850
vn -0.196007433 -0.018000683 -0.980437179
vn -0.195999363 -0.014499953 -0.980496813
vn -0.195999196 -0.020199917 -0.980395980
vn -0.196006106 -0.023100720 -0.980330538
vn -0.196099045 -0.023799884 -0.980295226
vn -0.195899652 -0.015699972 -0.980498260
vn -0.195793367 -0.012399580 -0.980566779
vn 0.638323947 0.028801080 -0.769228858
vn 0.613700279 -0.640400291 -0.461800210
vn -0.233511184 0.042002012 -0.971446529
vn -0.359884808 0.063097336 -0.930860705
vn -0.094499793 0.362199207 -0.927297969
vn 0.065701364 0.359007451 -0.931019324
vn 0.454817736 0.571622291 -0.682926631
vn 0.207004909 0.655115536 -0.726617232
vn 0.682589690 0.194697059 -0.704389360
vn -0.523388284 0.013899689 -0.851980929
vn -0.755408079 -0.574406143 -0.315303372
vn -0.509406284 -0.014100174 -0.860410613
vn -0.824499064 0.255099710 -0.505099427
vn -0.840313420 0.447407145 -0.306104889
vn -0.877583339 0.474490992 -0.068598698
vn -0.951239078 -0.184207567 -0.247410164
vn -0.929349749 -0.104105573 -0.354218962
vn -0.661727657 -0.236609889 -0.711429735
vn -0.488308462 -0.159802769 -0.857914868
vn -0.445007447 0.035700597 -0.894814975
vn -0.461874427 0.054796966 -0.885250985
vn -0.684391883 0.399395263 -0.609992766
vn -0.692908017 0.415304805 -0.589406819
vn -0.738876427 0.653379154 -0.164794742
vn -0.737004076 0.661503658 -0.138700767
vn -0.469674692 0.043797640 -0.881752488
vn -0.466673368 0.043697506 -0.883349589
vn -0.752130424 0.337013632 -0.566322908
vn -0.751374581 0.337088596 -0.567280809
vn -0.835595012 0.540296774 -0.099299407
vn -0.835402736 0.540501770 -0.099800327
vn -0.466998569 0.043299867 -0.883197293
vn 0.490498102 -0.058199775 0.869496635
vn -0.640672586 -0.008499636 -0.767767148
vn -0.805291653 -0.065999316 -0.589193893
vn -0.788680433 -0.137696584 -0.599185134
vn -0.818481818 -0.149696675 -0.554687678
vn 0.099004421 0.043301933 0.994144390
vn -0.586973287 0.053097584 -0.807863235
vn -0.887327854 0.017300543 -0.460814465
vn -0.483094092 0.054199337 -0.873889312
vn -0.789516588 0.276705814 -0.547811510
vn -0.447209336 -0.027100566 -0.894018663
vn -0.969758427 -0.234889930 -0.066297158
vn -0.943455736 0.181010694 -0.277716407
vn -0.878181014 0.371591966 -0.301193488
vn -0.838364823 0.320986532 -0.440581514
vn -0.844191047 0.527394407 -0.095898983
vn -0.438010361 -0.097002295 -0.893721141
vn -0.427591275 -0.107297811 -0.897581685
vn -0.795193507 -0.237998057 -0.557695446
vn -0.795612372 -0.237503693 -0.557308666
vn -0.949855044 -0.305185556 -0.068096777
vn -0.949716003 -0.305505148 -0.068601156
vn -0.336905542 -0.725011927 -0.600709882
vn -0.520420076 -0.835532231 -0.176206797
vn -0.693585671 -0.594387720 -0.406991592
vn -0.355503141 -0.289202555 -0.888807853
vn -0.500618884 -0.361813648 -0.786429665
vn -0.195305545 -0.295308384 -0.935226551
vn -0.315908084 -0.540013819 -0.780119964
vn -0.144199391 -0.250198944 -0.957395960
vn -0.023399119 -0.284589288 -0.958363928
vn 0.055602739 -0.644431745 -0.762637568
vn 0.167904112 -0.352508633 -0.920622546
vn -0.407392182 -0.171096717 -0.897082785
vn -0.655314699 -0.511611476 -0.555712465
vn -0.733570155 -0.609575200 -0.300487775
vn -0.900677785 -0.427789449 -0.075998126
vn -0.322684528 -0.646868983 -0.690966869
vn -0.329793686 -0.791084855 -0.515190137
vn 0.541411335 -0.168903536 -0.823617243
vn 0.127799167 -0.214198603 -0.968393686
vn 0.053002119 -0.144805789 -0.988039503
vn 0.166698359 -0.532594757 0.829791831
vn -0.182001629 -0.360303225 -0.914908188
vn -0.042600931 -0.998721827 0.027200594
vn 0.204890241 -0.914456445 0.348983378
vn 0.073801804 -0.679216600 -0.730217847
vn 0.319699722 -0.863399249 -0.390299660
vn 0.556605037 -0.639505788 -0.530304799
vn 0.520178163 -0.636573277 -0.569376098
vn 0.795663229 -0.351283766 -0.493477194
vn 0.848109779 -0.322703721 -0.420204845
vn 0.063498780 -0.042399186 -0.997080846
vn 0.063497426 -0.042898261 -0.997059585
vn 0.552094772 -0.076199278 -0.830292137
vn 0.552415948 -0.075702186 -0.830123966
vn 0.893078825 -0.089097888 -0.440989544
vn 0.893414983 -0.089101494 -0.440307384
vn -0.060300665 -0.109001203 -0.992210949
vn 0.115304517 -0.115104509 -0.986638647
vn 0.054401586 -0.099702906 -0.993528962
vn -0.400896129 0.081499213 -0.912491190
vn 0.095202677 0.217406114 -0.971427317
vn 0.826319377 0.295406927 -0.479511245
vn -0.452499896 -0.025499994 -0.891399795
vn -0.063796980 0.004499787 -0.997952753
vn 0.566380868 0.284790380 -0.773373876
vn 0.996447970 -0.072403486 -0.043002070
vn 0.894076562 -0.077897958 -0.441088437
vn 0.063002519 -0.050402015 -0.996739845
vn -0.934611571 0.024800307 -0.354804393
vn 0.549489016 -0.113297735 -0.827783453
vn -0.413919343 0.120205617 -0.902342167
vn -0.412901980 0.123200591 -0.902404327
vn 0.069199451 0.298197632 -0.951992441
vn 0.070399014 0.300795787 -0.951086680
vn 0.533912435 0.396109225 -0.747017398
vn 0.535004556 0.398603394 -0.744906343
vn -0.415995969 0.132298718 -0.899691282
vn -0.423501806 0.125900537 -0.897103826
vn 0.030000266 0.413503670 -0.910008076
vn 0.020999262 0.408385641 -0.912567915
vn 0.459569780 0.577961994 -0.674355656
vn 0.451796124 0.575595061 -0.681594152
vn -0.000000000 0.000000000 -1.000000000
vn -0.000000000 0.000000000 1.000000000
g TriBlade_flipped_around_screw_axis_rotor_0_front_right_sunray_cw_stl_Sunray150_Texture_Clear_Liuli_Glass_Propeller
usemtl Sunray150_Texture_Clear_Liuli_Glass_Propeller
f 1//1 2//1 3//1
f 4//2 5//2 6//2
f 7//3 8//3 9//3
f 10//4 11//4 12//4
f 13//5 14//5 15//5
f 16//6 17//6 18//6
f 19//7 20//7 21//7
f 22//8 23//8 24//8
f 25//9 26//9 27//9
f 28//10 29//10 30//10
f 31//11 32//11 33//11
f 34//12 35//12 36//12
f 37//13 38//13 39//13
f 40//14 41//14 42//14
f 43//15 44//15 45//15
f 46//16 47//16 48//16
f 49//17 50//17 51//17
f 52//18 53//18 54//18
f 55//19 56//19 57//19
f 58//20 59//20 60//20
f 61//21 62//21 63//21
f 64//22 65//22 66//22
f 67//23 68//23 69//23
f 70//24 71//24 72//24
f 73//25 74//25 75//25
f 76//26 77//26 78//26
f 79//27 80//27 81//27
f 82//28 83//28 84//28
f 85//29 86//29 87//29
f 88//30 89//30 90//30
f 91//31 92//31 93//31
f 94//32 95//32 96//32
f 97//33 98//33 99//33
f 100//34 101//34 102//34
f 103//35 104//35 105//35
f 106//36 107//36 108//36
f 109//37 110//37 111//37
f 112//38 113//38 114//38
f 115//39 116//39 117//39
f 118//40 119//40 120//40
f 121//41 122//41 123//41
f 124//42 125//42 126//42
f 127//43 128//43 129//43
f 130//44 131//44 132//44
f 133//45 134//45 135//45
f 136//46 137//46 138//46
f 139//47 140//47 141//47
f 142//48 143//48 144//48
f 145//49 146//49 147//49
f 148//50 149//50 150//50
f 151//51 152//51 153//51
f 154//52 155//52 156//52
f 157//53 158//53 159//53
f 160//54 161//54 162//54
f 163//55 164//55 165//55
f 166//56 167//56 168//56
f 169//57 170//57 171//57
f 172//58 173//58 174//58
f 175//59 176//59 177//59
f 178//60 179//60 180//60
f 181//61 182//61 183//61
f 184//62 185//62 186//62
f 187//63 188//63 189//63
f 190//64 191//64 192//64
f 193//65 194//65 195//65
f 196//66 197//66 198//66
f 199//67 200//67 201//67
f 202//68 203//68 204//68
f 205//69 206//69 207//69
f 208//70 209//70 210//70
f 211//71 212//71 213//71
f 214//72 215//72 216//72
f 217//73 218//73 219//73
f 220//74 221//74 222//74
f 223//75 224//75 225//75
f 226//76 227//76 228//76
f 229//77 230//77 231//77
f 232//78 233//78 234//78
f 235//79 236//79 237//79
f 238//80 239//80 240//80
f 241//81 242//81 243//81
f 244//82 245//82 246//82
f 247//83 248//83 249//83
f 250//84 251//84 252//84
f 253//85 254//85 255//85
f 256//86 257//86 258//86
f 259//87 260//87 261//87
f 262//88 263//88 264//88
f 265//89 266//89 267//89
f 268//90 269//90 270//90
f 271//91 272//91 273//91
f 274//92 275//92 276//92
f 277//93 278//93 279//93
f 280//94 281//94 282//94
f 283//95 284//95 285//95
f 286//96 287//96 288//96
f 289//97 290//97 291//97
f 292//98 293//98 294//98
f 295//99 296//99 297//99
f 298//100 299//100 300//100
f 301//101 302//101 303//101
f 304//102 305//102 306//102
f 307//103 308//103 309//103
f 310//104 311//104 312//104
f 313//105 314//105 315//105
f 316//106 317//106 318//106
f 319//107 320//107 321//107
f 322//108 323//108 324//108
f 325//109 326//109 327//109
f 328//110 329//110 330//110
f 331//111 332//111 333//111
f 334//112 335//112 336//112
f 337//113 338//113 339//113
f 340//114 341//114 342//114
f 343//115 344//115 345//115
f 346//116 347//116 348//116
f 349//117 350//117 351//117
f 352//118 353//118 354//118
f 355//119 356//119 357//119
f 358//120 359//120 360//120
f 361//121 362//121 363//121
f 364//122 365//122 366//122
f 367//122 368//122 369//122
f 370//123 371//123 372//123
f 373//124 374//124 375//124
f 376//125 377//125 378//125
f 379//126 380//126 381//126
f 382//127 383//127 384//127
f 385//128 386//128 387//128
f 388//129 389//129 390//129
f 391//109 392//109 393//109
f 394//130 395//130 396//130
f 397//131 398//131 399//131
f 400//132 401//132 402//132
f 403//133 404//133 405//133
f 406//133 407//133 408//133
f 409//133 410//133 411//133
f 412//134 413//134 414//134
f 415//135 416//135 417//135
f 418//136 419//136 420//136
f 421//137 422//137 423//137
f 424//138 425//138 426//138
f 427//139 428//139 429//139
f 430//140 431//140 432//140
f 433//141 434//141 435//141
f 436//142 437//142 438//142
f 439//134 440//134 441//134
f 442//143 443//143 444//143
f 445//144 446//144 447//144
f 448//145 449//145 450//145
f 451//146 452//146 453//146
f 454//147 455//147 456//147
f 457//148 458//148 459//148
f 460//149 461//149 462//149
f 463//149 464//149 465//149
f 466//150 467//150 468//150
f 469//151 470//151 471//151
f 472//152 473//152 474//152
f 475//153 476//153 477//153
f 478//154 479//154 480//154
f 481//155 482//155 483//155
f 484//156 485//156 486//156
f 487//157 488//157 489//157
f 490//158 491//158 492//158
f 493//159 494//159 495//159
f 496//160 497//160 498//160
f 499//161 500//161 501//161
f 502//162 503//162 504//162
f 505//158 506//158 507//158
f 508//163 509//163 510//163
f 511//164 512//164 513//164
f 514//165 515//165 516//165
f 517//166 518//166 519//166
f 520//167 521//167 522//167
f 523//168 524//168 525//168
f 526//169 527//169 528//169
f 529//170 530//170 531//170
f 532//171 533//171 534//171
f 535//172 536//172 537//172
f 538//173 539//173 540//173
f 541//174 542//174 543//174
f 544//175 545//175 546//175
f 547//176 548//176 549//176
f 550//177 551//177 552//177
f 553//178 554//178 555//178
f 556//179 557//179 558//179
f 559//180 560//180 561//180
f 562//181 563//181 564//181
f 565//182 566//182 567//182
f 568//183 569//183 570//183
f 571//184 572//184 573//184
f 574//185 575//185 576//185
f 577//186 578//186 579//186
f 580//187 581//187 582//187
f 583//188 584//188 585//188
f 586//189 587//189 588//189
f 589//190 590//190 591//190
f 592//191 593//191 594//191
f 595//192 596//192 597//192
f 598//193 599//193 600//193
f 601//194 602//194 603//194
f 604//195 605//195 606//195
f 607//196 608//196 609//196
f 610//197 611//197 612//197
f 613//198 614//198 615//198
f 616//199 617//199 618//199
f 619//200 620//200 621//200
f 622//201 623//201 624//201
f 625//202 626//202 627//202
f 628//203 629//203 630//203
f 631//204 632//204 633//204
f 634//205 635//205 636//205
f 637//206 638//206 639//206
f 640//207 641//207 642//207
f 643//208 644//208 645//208
f 646//209 647//209 648//209
f 649//210 650//210 651//210
f 652//211 653//211 654//211
f 655//212 656//212 657//212
f 658//213 659//213 660//213
f 661//214 662//214 663//214
f 664//215 665//215 666//215
f 667//216 668//216 669//216
f 670//217 671//217 672//217
f 673//218 674//218 675//218
f 676//219 677//219 678//219
f 679//220 680//220 681//220
f 682//221 683//221 684//221
f 685//222 686//222 687//222
f 688//223 689//223 690//223
f 691//224 692//224 693//224
f 694//225 695//225 696//225
f 697//226 698//226 699//226
f 700//227 701//227 702//227
f 703//228 704//228 705//228
f 706//229 707//229 708//229
f 709//230 710//230 711//230
f 712//231 713//231 714//231
f 715//232 716//232 717//232
f 718//233 719//233 720//233
f 721//234 722//234 723//234
f 724//235 725//235 726//235
f 727//236 728//236 729//236
f 730//237 731//237 732//237
f 733//238 734//238 735//238
f 736//239 737//239 738//239
f 739//240 740//240 741//240
f 742//241 743//241 744//241
f 745//242 746//242 747//242
f 748//243 749//243 750//243
f 751//244 752//244 753//244
f 754//245 755//245 756//245
f 757//246 758//246 759//246
f 760//247 761//247 762//247
f 763//248 764//248 765//248
f 766//249 767//249 768//249
f 769//250 770//250 771//250
f 772//251 773//251 774//251
f 775//252 776//252 777//252
f 778//253 779//253 780//253
f 781//254 782//254 783//254
f 784//255 785//255 786//255
f 787//256 788//256 789//256
f 790//257 791//257 792//257
f 793//258 794//258 795//258
f 796//259 797//259 798//259
f 799//260 800//260 801//260
f 802//261 803//261 804//261
f 805//262 806//262 807//262
f 808//263 809//263 810//263
f 811//264 812//264 813//264
f 814//265 815//265 816//265
f 817//266 818//266 819//266
f 820//267 821//267 822//267
f 823//268 824//268 825//268
f 826//269 827//269 828//269
f 829//270 830//270 831//270
f 832//271 833//271 834//271
f 835//272 836//272 837//272
f 838//273 839//273 840//273
f 841//274 842//274 843//274
f 844//275 845//275 846//275
f 847//276 848//276 849//276
f 850//277 851//277 852//277
f 853//278 854//278 855//278
f 856//279 857//279 858//279
f 859//280 860//280 861//280
f 862//281 863//281 864//281
f 865//282 866//282 867//282
f 868//283 869//283 870//283
f 871//284 872//284 873//284
f 874//285 875//285 876//285
f 877//286 878//286 879//286
f 880//287 881//287 882//287
f 883//288 884//288 885//288
f 886//289 887//289 888//289
f 889//290 890//290 891//290
f 892//291 893//291 894//291
f 895//292 896//292 897//292
f 898//293 899//293 900//293
f 901//294 902//294 903//294
f 904//295 905//295 906//295
f 907//296 908//296 909//296
f 910//297 911//297 912//297
f 913//298 914//298 915//298
f 916//299 917//299 918//299
f 919//300 920//300 921//300
f 922//301 923//301 924//301
f 925//302 926//302 927//302
f 928//303 929//303 930//303
f 931//304 932//304 933//304
f 934//305 935//305 936//305
f 937//306 938//306 939//306
f 940//307 941//307 942//307
f 943//308 944//308 945//308
f 946//309 947//309 948//309
f 949//310 950//310 951//310
f 952//311 953//311 954//311
f 955//312 956//312 957//312
f 958//313 959//313 960//313
f 961//314 962//314 963//314
f 964//315 965//315 966//315
f 967//316 968//316 969//316
f 970//317 971//317 972//317
f 973//318 974//318 975//318
f 976//319 977//319 978//319
f 979//320 980//320 981//320
f 982//321 983//321 984//321
f 985//322 986//322 987//322
f 988//323 989//323 990//323
f 991//324 992//324 993//324
f 994//325 995//325 996//325
f 997//326 998//326 999//326
f 1000//327 1001//327 1002//327
f 1003//328 1004//328 1005//328
f 1006//329 1007//329 1008//329
f 1009//330 1010//330 1011//330
f 1012//331 1013//331 1014//331
f 1015//332 1016//332 1017//332
f 1018//333 1019//333 1020//333
f 1021//334 1022//334 1023//334
f 1024//335 1025//335 1026//335
f 1027//336 1028//336 1029//336
f 1030//337 1031//337 1032//337
f 1033//338 1034//338 1035//338
f 1036//339 1037//339 1038//339
f 1039//340 1040//340 1041//340
f 1042//341 1043//341 1044//341
f 1045//342 1046//342 1047//342
f 1048//343 1049//343 1050//343
f 1051//344 1052//344 1053//344
f 1054//345 1055//345 1056//345
f 1057//346 1058//346 1059//346
f 1060//347 1061//347 1062//347
f 1063//348 1064//348 1065//348
f 1066//349 1067//349 1068//349
f 1069//350 1070//350 1071//350
f 1072//351 1073//351 1074//351
f 1075//352 1076//352 1077//352
f 1078//353 1079//353 1080//353
f 1081//354 1082//354 1083//354
f 1084//355 1085//355 1086//355
f 1087//356 1088//356 1089//356
f 1090//357 1091//357 1092//357
f 1093//358 1094//358 1095//358
f 1096//359 1097//359 1098//359
f 1099//360 1100//360 1101//360
f 1102//361 1103//361 1104//361
f 1105//362 1106//362 1107//362
f 1108//363 1109//363 1110//363
f 1111//364 1112//364 1113//364
f 1114//365 1115//365 1116//365
f 1117//366 1118//366 1119//366
f 1120//367 1121//367 1122//367
f 1123//368 1124//368 1125//368
f 1126//369 1127//369 1128//369
f 1129//370 1130//370 1131//370
f 1132//371 1133//371 1134//371
f 1135//372 1136//372 1137//372
f 1138//373 1139//373 1140//373
f 1141//374 1142//374 1143//374
f 1144//375 1145//375 1146//375
f 1147//376 1148//376 1149//376
f 1150//377 1151//377 1152//377
f 1153//378 1154//378 1155//378
f 1156//379 1157//379 1158//379
f 1159//380 1160//380 1161//380
f 1162//381 1163//381 1164//381
f 1165//382 1166//382 1167//382
f 1168//383 1169//383 1170//383
f 1171//384 1172//384 1173//384
f 1174//385 1175//385 1176//385
f 1177//386 1178//386 1179//386
f 1180//387 1181//387 1182//387
f 1183//388 1184//388 1185//388
f 1186//389 1187//389 1188//389
f 1189//390 1190//390 1191//390
f 1192//391 1193//391 1194//391
f 1195//392 1196//392 1197//392
f 1198//393 1199//393 1200//393
f 1201//394 1202//394 1203//394
f 1204//395 1205//395 1206//395
f 1207//396 1208//396 1209//396
f 1210//397 1211//397 1212//397
f 1213//398 1214//398 1215//398
f 1216//399 1217//399 1218//399
f 1219//400 1220//400 1221//400
f 1222//401 1223//401 1224//401
f 1225//402 1226//402 1227//402
f 1228//403 1229//403 1230//403
f 1231//404 1232//404 1233//404
f 1234//405 1235//405 1236//405
f 1237//406 1238//406 1239//406
f 1240//407 1241//407 1242//407
f 1243//408 1244//408 1245//408
f 1246//409 1247//409 1248//409
f 1249//410 1250//410 1251//410
f 1252//411 1253//411 1254//411
f 1255//412 1256//412 1257//412
f 1258//413 1259//413 1260//413
f 1261//414 1262//414 1263//414
f 1264//415 1265//415 1266//415
f 1267//416 1268//416 1269//416
f 1270//417 1271//417 1272//417
f 1273//418 1274//418 1275//418
f 1276//419 1277//419 1278//419
f 1279//420 1280//420 1281//420
f 1282//421 1283//421 1284//421
f 1285//422 1286//422 1287//422
f 1288//423 1289//423 1290//423
f 1291//424 1292//424 1293//424
f 1294//425 1295//425 1296//425
f 1297//426 1298//426 1299//426
f 1300//427 1301//427 1302//427
f 1303//428 1304//428 1305//428
f 1306//429 1307//429 1308//429
f 1309//430 1310//430 1311//430
f 1312//431 1313//431 1314//431
f 1315//432 1316//432 1317//432
f 1318//433 1319//433 1320//433
f 1321//434 1322//434 1323//434
f 1324//435 1325//435 1326//435
f 1327//436 1328//436 1329//436
f 1330//437 1331//437 1332//437
f 1333//438 1334//438 1335//438
f 1336//439 1337//439 1338//439
f 1339//440 1340//440 1341//440
f 1342//441 1343//441 1344//441
f 1345//442 1346//442 1347//442
f 1348//443 1349//443 1350//443
f 1351//444 1352//444 1353//444
f 1354//445 1355//445 1356//445
f 1357//446 1358//446 1359//446
f 1360//447 1361//447 1362//447
f 1363//448 1364//448 1365//448
f 1366//449 1367//449 1368//449
f 1369//450 1370//450 1371//450
f 1372//451 1373//451 1374//451
f 1375//452 1376//452 1377//452
f 1378//453 1379//453 1380//453
f 1381//454 1382//454 1383//454
f 1384//455 1385//455 1386//455
f 1387//456 1388//456 1389//456
f 1390//457 1391//457 1392//457
f 1393//458 1394//458 1395//458
f 1396//459 1397//459 1398//459
f 1399//460 1400//460 1401//460
f 1402//461 1403//461 1404//461
f 1405//462 1406//462 1407//462
f 1408//463 1409//463 1410//463
f 1411//464 1412//464 1413//464
f 1414//465 1415//465 1416//465
f 1417//466 1418//466 1419//466
f 1420//467 1421//467 1422//467
f 1423//468 1424//468 1425//468
f 1426//469 1427//469 1428//469
f 1429//470 1430//470 1431//470
f 1432//471 1433//471 1434//471
f 1435//472 1436//472 1437//472
f 1438//473 1439//473 1440//473
f 1441//474 1442//474 1443//474
f 1444//475 1445//475 1446//475
f 1447//476 1448//476 1449//476
f 1450//477 1451//477 1452//477
f 1453//478 1454//478 1455//478
f 1456//479 1457//479 1458//479
f 1459//480 1460//480 1461//480
f 1462//481 1463//481 1464//481
f 1465//482 1466//482 1467//482
f 1468//483 1469//483 1470//483
f 1471//484 1472//484 1473//484
f 1474//485 1475//485 1476//485
f 1477//486 1478//486 1479//486
f 1480//487 1481//487 1482//487
f 1483//488 1484//488 1485//488
f 1486//489 1487//489 1488//489
f 1489//490 1490//490 1491//490
f 1492//491 1493//491 1494//491
f 1495//492 1496//492 1497//492
f 1498//493 1499//493 1500//493
f 1501//494 1502//494 1503//494
f 1504//495 1505//495 1506//495
f 1507//496 1508//496 1509//496
f 1510//497 1511//497 1512//497
f 1513//498 1514//498 1515//498
f 1516//499 1517//499 1518//499
f 1519//500 1520//500 1521//500
f 1522//501 1523//501 1524//501
f 1525//502 1526//502 1527//502
f 1528//503 1529//503 1530//503
f 1531//504 1532//504 1533//504
f 1534//505 1535//505 1536//505
f 1537//506 1538//506 1539//506
f 1540//507 1541//507 1542//507
f 1543//508 1544//508 1545//508
f 1546//509 1547//509 1548//509
f 1549//510 1550//510 1551//510
f 1552//511 1553//511 1554//511
f 1555//512 1556//512 1557//512
f 1558//513 1559//513 1560//513
f 1561//514 1562//514 1563//514
f 1564//515 1565//515 1566//515
f 1567//516 1568//516 1569//516
f 1570//517 1571//517 1572//517
f 1573//518 1574//518 1575//518
f 1576//519 1577//519 1578//519
f 1579//520 1580//520 1581//520
f 1582//521 1583//521 1584//521
f 1585//522 1586//522 1587//522
f 1588//523 1589//523 1590//523
f 1591//524 1592//524 1593//524
f 1594//525 1595//525 1596//525
f 1597//526 1598//526 1599//526
f 1600//527 1601//527 1602//527
f 1603//528 1604//528 1605//528
f 1606//529 1607//529 1608//529
f 1609//530 1610//530 1611//530
f 1612//531 1613//531 1614//531
f 1615//532 1616//532 1617//532
f 1618//533 1619//533 1620//533
f 1621//534 1622//534 1623//534
f 1624//535 1625//535 1626//535
f 1627//536 1628//536 1629//536
f 1630//537 1631//537 1632//537
f 1633//538 1634//538 1635//538
f 1636//539 1637//539 1638//539
f 1639//540 1640//540 1641//540
f 1642//541 1643//541 1644//541
f 1645//542 1646//542 1647//542
f 1648//543 1649//543 1650//543
f 1651//544 1652//544 1653//544
f 1654//545 1655//545 1656//545
f 1657//546 1658//546 1659//546
f 1660//547 1661//547 1662//547
f 1663//548 1664//548 1665//548
f 1666//549 1667//549 1668//549
f 1669//550 1670//550 1671//550
f 1672//551 1673//551 1674//551
f 1675//552 1676//552 1677//552
f 1678//553 1679//553 1680//553
f 1681//554 1682//554 1683//554
f 1684//555 1685//555 1686//555
f 1687//556 1688//556 1689//556
f 1690//557 1691//557 1692//557
f 1693//558 1694//558 1695//558
f 1696//559 1697//559 1698//559
f 1699//560 1700//560 1701//560
f 1702//561 1703//561 1704//561
f 1705//562 1706//562 1707//562
f 1708//563 1709//563 1710//563
f 1711//564 1712//564 1713//564
f 1714//565 1715//565 1716//565
f 1717//566 1718//566 1719//566
f 1720//567 1721//567 1722//567
f 1723//568 1724//568 1725//568
f 1726//569 1727//569 1728//569
f 1729//570 1730//570 1731//570
f 1732//571 1733//571 1734//571
f 1735//572 1736//572 1737//572
f 1738//573 1739//573 1740//573
f 1741//574 1742//574 1743//574
f 1744//575 1745//575 1746//575
f 1747//576 1748//576 1749//576
f 1750//577 1751//577 1752//577
f 1753//578 1754//578 1755//578
f 1756//579 1757//579 1758//579
f 1759//580 1760//580 1761//580
f 1762//581 1763//581 1764//581
f 1765//582 1766//582 1767//582
f 1768//583 1769//583 1770//583
f 1771//584 1772//584 1773//584
f 1774//585 1775//585 1776//585
f 1777//586 1778//586 1779//586
f 1780//587 1781//587 1782//587
f 1783//588 1784//588 1785//588
f 1786//589 1787//589 1788//589
f 1789//590 1790//590 1791//590
f 1792//591 1793//591 1794//591
f 1795//592 1796//592 1797//592
f 1798//593 1799//593 1800//593
f 1801//594 1802//594 1803//594
f 1804//595 1805//595 1806//595
f 1807//596 1808//596 1809//596
f 1810//597 1811//597 1812//597
f 1813//598 1814//598 1815//598
f 1816//599 1817//599 1818//599
f 1819//600 1820//600 1821//600
f 1822//601 1823//601 1824//601
f 1825//602 1826//602 1827//602
f 1828//603 1829//603 1830//603
f 1831//604 1832//604 1833//604
f 1834//605 1835//605 1836//605
f 1837//606 1838//606 1839//606
f 1840//607 1841//607 1842//607
f 1843//608 1844//608 1845//608
f 1846//609 1847//609 1848//609
f 1849//610 1850//610 1851//610
f 1852//611 1853//611 1854//611
f 1855//612 1856//612 1857//612
f 1858//613 1859//613 1860//613
f 1861//614 1862//614 1863//614
f 1864//615 1865//615 1866//615
f 1867//616 1868//616 1869//616
f 1870//617 1871//617 1872//617
f 1873//618 1874//618 1875//618
f 1876//619 1877//619 1878//619
f 1879//620 1880//620 1881//620
f 1882//621 1883//621 1884//621
f 1885//622 1886//622 1887//622
f 1888//623 1889//623 1890//623
f 1891//624 1892//624 1893//624
f 1894//625 1895//625 1896//625
f 1897//626 1898//626 1899//626
f 1900//627 1901//627 1902//627
f 1903//628 1904//628 1905//628
f 1906//629 1907//629 1908//629
f 1909//630 1910//630 1911//630
f 1912//631 1913//631 1914//631
f 1915//632 1916//632 1917//632
f 1918//633 1919//633 1920//633
f 1921//634 1922//634 1923//634
f 1924//635 1925//635 1926//635
f 1927//636 1928//636 1929//636
f 1930//637 1931//637 1932//637
f 1933//638 1934//638 1935//638
f 1936//639 1937//639 1938//639
f 1939//640 1940//640 1941//640
f 1942//641 1943//641 1944//641
f 1945//642 1946//642 1947//642
f 1948//643 1949//643 1950//643
f 1951//644 1952//644 1953//644
f 1954//645 1955//645 1956//645
f 1957//646 1958//646 1959//646
f 1960//647 1961//647 1962//647
f 1963//648 1964//648 1965//648
f 1966//649 1967//649 1968//649
f 1969//650 1970//650 1971//650
f 1972//651 1973//651 1974//651
f 1975//652 1976//652 1977//652
f 1978//653 1979//653 1980//653
f 1981//654 1982//654 1983//654
f 1984//655 1985//655 1986//655
f 1987//656 1988//656 1989//656
f 1990//657 1991//657 1992//657
f 1993//658 1994//658 1995//658
f 1996//659 1997//659 1998//659
f 1999//660 2000//660 2001//660
f 2002//661 2003//661 2004//661
f 2005//662 2006//662 2007//662
f 2008//663 2009//663 2010//663
f 2011//664 2012//664 2013//664
f 2014//665 2015//665 2016//665
f 2017//666 2018//666 2019//666
f 2020//667 2021//667 2022//667
f 2023//668 2024//668 2025//668
f 2026//669 2027//669 2028//669
f 2029//670 2030//670 2031//670
f 2032//671 2033//671 2034//671
f 2035//672 2036//672 2037//672
f 2038//673 2039//673 2040//673
f 2041//674 2042//674 2043//674
f 2044//675 2045//675 2046//675
f 2047//676 2048//676 2049//676
f 2050//677 2051//677 2052//677
f 2053//678 2054//678 2055//678
f 2056//679 2057//679 2058//679
f 2059//680 2060//680 2061//680
f 2062//681 2063//681 2064//681
f 2065//682 2066//682 2067//682
f 2068//683 2069//683 2070//683
f 2071//684 2072//684 2073//684
f 2074//685 2075//685 2076//685
f 2077//686 2078//686 2079//686
f 2080//687 2081//687 2082//687
f 2083//688 2084//688 2085//688
f 2086//689 2087//689 2088//689
f 2089//690 2090//690 2091//690
f 2092//691 2093//691 2094//691
f 2095//692 2096//692 2097//692
f 2098//693 2099//693 2100//693
f 2101//694 2102//694 2103//694
f 2104//695 2105//695 2106//695
f 2107//696 2108//696 2109//696
f 2110//697 2111//697 2112//697
f 2113//698 2114//698 2115//698
f 2116//699 2117//699 2118//699
f 2119//700 2120//700 2121//700
f 2122//701 2123//701 2124//701
f 2125//702 2126//702 2127//702
f 2128//703 2129//703 2130//703
f 2131//704 2132//704 2133//704
f 2134//705 2135//705 2136//705
f 2137//706 2138//706 2139//706
f 2140//707 2141//707 2142//707
f 2143//708 2144//708 2145//708
f 2146//709 2147//709 2148//709
f 2149//710 2150//710 2151//710
f 2152//711 2153//711 2154//711
f 2155//712 2156//712 2157//712
f 2158//713 2159//713 2160//713
f 2161//714 2162//714 2163//714
f 2164//715 2165//715 2166//715
f 2167//716 2168//716 2169//716
f 2170//717 2171//717 2172//717
f 2173//718 2174//718 2175//718
f 2176//719 2177//719 2178//719
f 2179//720 2180//720 2181//720
f 2182//721 2183//721 2184//721
f 2185//722 2186//722 2187//722
f 2188//723 2189//723 2190//723
f 2191//724 2192//724 2193//724
f 2194//725 2195//725 2196//725
f 2197//726 2198//726 2199//726
f 2200//727 2201//727 2202//727
f 2203//728 2204//728 2205//728
f 2206//729 2207//729 2208//729
f 2209//730 2210//730 2211//730
f 2212//731 2213//731 2214//731
f 2215//732 2216//732 2217//732
f 2218//733 2219//733 2220//733
f 2221//734 2222//734 2223//734
f 2224//735 2225//735 2226//735
f 2227//736 2228//736 2229//736
f 2230//737 2231//737 2232//737
f 2233//738 2234//738 2235//738
f 2236//739 2237//739 2238//739
f 2239//740 2240//740 2241//740
f 2242//741 2243//741 2244//741
f 2245//742 2246//742 2247//742
f 2248//743 2249//743 2250//743
f 2251//744 2252//744 2253//744
f 2254//745 2255//745 2256//745
f 2257//746 2258//746 2259//746
f 2260//747 2261//747 2262//747
f 2263//748 2264//748 2265//748
f 2266//749 2267//749 2268//749
f 2269//750 2270//750 2271//750
f 2272//751 2273//751 2274//751
f 2275//752 2276//752 2277//752
f 2278//753 2279//753 2280//753
f 2281//754 2282//754 2283//754
f 2284//755 2285//755 2286//755
f 2287//756 2288//756 2289//756
f 2290//757 2291//757 2292//757
f 2293//758 2294//758 2295//758
f 2296//758 2297//758 2298//758
f 2299//758 2300//758 2301//758
f 2302//758 2303//758 2304//758
f 2305//758 2306//758 2307//758
f 2308//758 2309//758 2310//758
f 2311//758 2312//758 2313//758
f 2314//758 2315//758 2316//758
f 2317//758 2318//758 2319//758
f 2320//758 2321//758 2322//758
f 2323//758 2324//758 2325//758
f 2326//758 2327//758 2328//758
f 2329//758 2330//758 2331//758
f 2332//758 2333//758 2334//758
f 2335//758 2336//758 2337//758
f 2338//758 2339//758 2340//758
f 2341//758 2342//758 2343//758
f 2344//758 2345//758 2346//758
f 2347//758 2348//758 2349//758
f 2350//758 2351//758 2352//758
f 2353//758 2354//758 2355//758
f 2356//758 2357//758 2358//758
f 2359//758 2360//758 2361//758
f 2362//758 2363//758 2364//758
f 2365//758 2366//758 2367//758
f 2368//758 2369//758 2370//758
f 2371//759 2372//759 2373//759
f 2374//759 2375//759 2376//759
f 2377//759 2378//759 2379//759
f 2380//759 2381//759 2382//759
f 2383//759 2384//759 2385//759
f 2386//759 2387//759 2388//759
f 2389//759 2390//759 2391//759
f 2392//759 2393//759 2394//759
f 2395//759 2396//759 2397//759
f 2398//759 2399//759 2400//759
f 2401//759 2402//759 2403//759
f 2404//759 2405//759 2406//759
f 2407//759 2408//759 2409//759
f 2410//759 2411//759 2412//759
f 2413//759 2414//759 2415//759
f 2416//759 2417//759 2418//759
f 2419//759 2420//759 2421//759
f 2422//759 2423//759 2424//759
f 2425//759 2426//759 2427//759
f 2428//759 2429//759 2430//759
f 2431//759 2432//759 2433//759
f 2434//759 2435//759 2436//759
f 2437//759 2438//759 2439//759
f 2440//759 2441//759 2442//759
f 2443//759 2444//759 2445//759
f 2446//759 2447//759 2448//759
f 2449//133 2450//133 2451//133
f 2452//109 2453//109 2454//109
f 2455//109 2456//109 2457//109
f 2458//133 2459//133 2460//133
f 2461//110 2462//110 2463//110
f 2464//110 2465//110 2466//110
f 2467//122 2468//122 2469//122
f 2470//122 2471//122 2472//122
f 2473//159 2474//159 2475//159
f 2476//134 2477//134 2478//134
f 2479//134 2480//134 2481//134
f 2482//159 2483//159 2484//159
f 2485//149 2486//149 2487//149
f 2488//149 2489//149 2490//149
f 2491//158 2492//158 2493//158
f 2494//158 2495//158 2496//158
f 2497//133 2498//133 2499//133
f 2500//109 2501//109 2502//109
f 2503//109 2504//109 2505//109
f 2506//133 2507//133 2508//133
f 2509//110 2510//110 2511//110
f 2512//110 2513//110 2514//110
f 2515//122 2516//122 2517//122
f 2518//122 2519//122 2520//122
f 2521//159 2522//159 2523//159
f 2524//134 2525//134 2526//134
f 2527//134 2528//134 2529//134
f 2530//159 2531//159 2532//159
f 2533//149 2534//149 2535//149
f 2536//149 2537//149 2538//149
f 2539//158 2540//158 2541//158
f 2542//158 2543//158 2544//158
