# generated by MoSim split static body/rotor prop visuals
mtllib sunray150_dae_mid360_realistic_material_audit_gazebo_visual.mtl
v -0.056093 -0.018275 0.058723
v -0.056260 -0.018490 0.059211
v -0.058657 -0.016141 0.056251
v -0.056628 -0.018711 0.059762
v -0.057531 -0.017423 0.058224
v -0.058481 -0.016333 0.056598
v -0.056260 -0.018490 0.059211
v -0.056628 -0.018711 0.059762
v -0.058657 -0.016141 0.056251
v -0.058657 -0.016141 0.056251
v -0.056628 -0.018711 0.059762
v -0.058481 -0.016333 0.056598
v -0.058657 -0.016141 0.056251
v -0.058481 -0.016333 0.056598
v -0.059479 -0.015439 0.054885
v -0.059255 -0.015176 0.053430
v -0.058657 -0.016141 0.056251
v -0.060525 -0.014744 0.053083
v -0.060525 -0.014744 0.053083
v -0.058657 -0.016141 0.056251
v -0.059479 -0.015439 0.054885
v -0.059255 -0.015176 0.053430
v -0.060525 -0.014744 0.053083
v -0.059256 -0.014749 0.053440
v -0.059256 -0.014749 0.053440
v -0.060525 -0.014744 0.053083
v -0.060432 -0.014361 0.053153
v -0.056628 -0.018711 0.059762
v -0.056260 -0.018490 0.059211
v -0.056510 -0.018398 0.059983
v -0.056510 -0.018398 0.059983
v -0.056260 -0.018490 0.059211
v -0.056093 -0.018275 0.058723
v -0.056510 -0.018398 0.059983
v -0.056093 -0.018275 0.058723
v -0.055930 -0.017898 0.058796
v -0.082624 -0.017678 0.076875
v -0.080151 -0.016983 0.072519
v -0.089333 -0.017158 0.080152
v -0.060271 -0.019545 0.063792
v -0.057385 -0.017120 0.058449
v -0.065218 -0.017044 0.064128
v -0.075918 -0.018631 0.073639
v -0.080151 -0.016983 0.072519
v -0.082624 -0.017678 0.076875
v -0.057385 -0.017120 0.058449
v -0.060271 -0.019545 0.063792
v -0.056510 -0.018398 0.059983
v -0.073076 -0.017060 0.068668
v -0.074787 -0.015313 0.065741
v -0.080151 -0.016983 0.072519
v -0.058311 -0.016032 0.056833
v -0.058726 -0.015622 0.056111
v -0.064072 -0.014063 0.056202
v -0.058311 -0.016032 0.056833
v -0.064072 -0.014063 0.056202
v -0.066865 -0.014900 0.061287
v -0.058311 -0.016032 0.056833
v -0.066865 -0.014900 0.061287
v -0.065218 -0.017044 0.064128
v -0.058311 -0.016032 0.056833
v -0.065218 -0.017044 0.064128
v -0.057385 -0.017120 0.058449
v -0.069490 -0.012893 0.054179
v -0.064072 -0.014063 0.056202
v -0.066236 -0.013210 0.053399
v -0.066236 -0.013210 0.053399
v -0.064072 -0.014063 0.056202
v -0.058726 -0.015622 0.056111
v -0.066236 -0.013210 0.053399
v -0.058726 -0.015622 0.056111
v -0.060432 -0.014361 0.053153
v -0.074787 -0.015313 0.065741
v -0.086498 -0.016208 0.073303
v -0.080151 -0.016983 0.072519
v -0.080151 -0.016983 0.072519
v -0.086498 -0.016208 0.073303
v -0.091341 -0.016357 0.076691
v -0.080151 -0.016983 0.072519
v -0.091341 -0.016357 0.076691
v -0.089333 -0.017158 0.080152
v -0.073529 -0.012877 0.055908
v -0.076201 -0.013100 0.057549
v -0.071332 -0.013445 0.059475
v -0.071332 -0.013445 0.059475
v -0.076201 -0.013100 0.057549
v -0.080001 -0.013673 0.060509
v -0.071332 -0.013445 0.059475
v -0.080001 -0.013673 0.060509
v -0.079201 -0.014581 0.064400
v -0.079201 -0.014581 0.064400
v -0.080001 -0.013673 0.060509
v -0.085899 -0.014742 0.065967
v -0.079201 -0.014581 0.064400
v -0.085899 -0.014742 0.065967
v -0.087747 -0.015661 0.071154
v -0.087747 -0.015661 0.071154
v -0.085899 -0.014742 0.065967
v -0.093343 -0.015557 0.073226
v -0.087747 -0.015661 0.071154
v -0.093343 -0.015557 0.073226
v -0.091341 -0.016357 0.076691
v -0.066865 -0.014900 0.061287
v -0.064072 -0.014063 0.056202
v -0.071332 -0.013445 0.059475
v -0.071332 -0.013445 0.059475
v -0.064072 -0.014063 0.056202
v -0.069490 -0.012893 0.054179
v -0.071332 -0.013445 0.059475
v -0.069490 -0.012893 0.054179
v -0.073529 -0.012877 0.055908
v -0.060271 -0.019545 0.063792
v -0.065218 -0.017044 0.064128
v -0.064493 -0.019943 0.067161
v -0.064493 -0.019943 0.067161
v -0.065218 -0.017044 0.064128
v -0.073076 -0.017060 0.068668
v -0.064493 -0.019943 0.067161
v -0.073076 -0.017060 0.068668
v -0.070901 -0.019424 0.071087
v -0.070901 -0.019424 0.071087
v -0.073076 -0.017060 0.068668
v -0.080151 -0.016983 0.072519
v -0.070901 -0.019424 0.071087
v -0.080151 -0.016983 0.072519
v -0.075918 -0.018631 0.073639
v -0.079201 -0.014581 0.064400
v -0.074787 -0.015313 0.065741
v -0.071332 -0.013445 0.059475
v -0.071332 -0.013445 0.059475
v -0.074787 -0.015313 0.065741
v -0.066865 -0.014900 0.061287
v -0.074787 -0.015313 0.065741
v -0.073076 -0.017060 0.068668
v -0.066865 -0.014900 0.061287
v -0.066865 -0.014900 0.061287
v -0.073076 -0.017060 0.068668
v -0.065218 -0.017044 0.064128
v -0.091341 -0.016357 0.076691
v -0.086498 -0.016208 0.073303
v -0.087747 -0.015661 0.071154
v -0.087747 -0.015661 0.071154
v -0.086498 -0.016208 0.073303
v -0.074787 -0.015313 0.065741
v -0.087747 -0.015661 0.071154
v -0.074787 -0.015313 0.065741
v -0.079201 -0.014581 0.064400
v -0.056510 -0.018398 0.059983
v -0.055930 -0.017898 0.058796
v -0.057385 -0.017120 0.058449
v -0.057385 -0.017120 0.058449
v -0.055930 -0.017898 0.058796
v -0.058311 -0.016032 0.056833
v -0.059256 -0.014749 0.053440
v -0.060432 -0.014361 0.053153
v -0.058726 -0.015622 0.056111
v -0.048278 -0.018275 0.053267
v -0.047772 -0.018490 0.053167
v -0.049137 -0.016141 0.056722
v -0.047111 -0.018711 0.053210
v -0.047992 -0.017423 0.054761
v -0.048925 -0.016333 0.056397
v -0.047772 -0.018490 0.053167
v -0.047111 -0.018711 0.053210
v -0.049137 -0.016141 0.056722
v -0.049137 -0.016141 0.056722
v -0.047111 -0.018711 0.053210
v -0.048925 -0.016333 0.056397
v -0.049137 -0.016141 0.056722
v -0.048925 -0.016333 0.056397
v -0.049910 -0.015439 0.058118
v -0.051281 -0.015176 0.058651
v -0.049137 -0.016141 0.056722
v -0.050947 -0.014744 0.059924
v -0.050947 -0.014744 0.059924
v -0.049137 -0.016141 0.056722
v -0.049910 -0.015439 0.058118
v -0.051281 -0.015176 0.058651
v -0.050947 -0.014744 0.059924
v -0.051272 -0.014749 0.058646
v -0.051272 -0.014749 0.058646
v -0.050947 -0.014744 0.059924
v -0.050933 -0.014361 0.059809
v -0.047111 -0.018711 0.053210
v -0.047772 -0.018490 0.053167
v -0.046979 -0.018398 0.052998
v -0.046979 -0.018398 0.052998
v -0.047772 -0.018490 0.053167
v -0.048278 -0.018275 0.053267
v -0.046979 -0.018398 0.052998
v -0.048278 -0.018275 0.053267
v -0.048297 -0.017898 0.053088
v -0.019293 -0.017678 0.067166
v -0.024302 -0.016983 0.067203
v -0.013100 -0.017158 0.071338
v -0.041799 -0.019545 0.054350
v -0.047869 -0.017120 0.054522
v -0.039035 -0.017044 0.058467
v -0.025449 -0.018631 0.062977
v -0.024302 -0.016983 0.067203
v -0.019293 -0.017678 0.067166
v -0.047869 -0.017120 0.054522
v -0.041799 -0.019545 0.054350
v -0.046979 -0.018398 0.052998
v -0.031175 -0.017060 0.063001
v -0.032854 -0.015313 0.065947
v -0.024302 -0.016983 0.067203
v -0.048806 -0.016032 0.056132
v -0.049224 -0.015622 0.056852
v -0.046472 -0.014063 0.061437
v -0.048806 -0.016032 0.056132
v -0.046472 -0.014063 0.061437
v -0.040672 -0.014900 0.061313
v -0.048806 -0.016032 0.056132
v -0.040672 -0.014900 0.061313
v -0.039035 -0.017044 0.058467
v -0.048806 -0.016032 0.056132
v -0.039035 -0.017044 0.058467
v -0.047869 -0.017120 0.054522
v -0.045515 -0.012893 0.067140
v -0.046472 -0.014063 0.061437
v -0.047818 -0.013210 0.064713
v -0.047818 -0.013210 0.064713
v -0.046472 -0.014063 0.061437
v -0.049224 -0.015622 0.056852
v -0.047818 -0.013210 0.064713
v -0.049224 -0.015622 0.056852
v -0.050933 -0.014361 0.059809
v -0.032854 -0.015313 0.065947
v -0.020449 -0.016208 0.072308
v -0.024302 -0.016983 0.067203
v -0.024302 -0.016983 0.067203
v -0.020449 -0.016208 0.072308
v -0.015094 -0.016357 0.074808
v -0.024302 -0.016983 0.067203
v -0.015094 -0.016357 0.074808
v -0.013100 -0.017158 0.071338
v -0.041999 -0.012877 0.069773
v -0.039241 -0.013100 0.071267
v -0.040008 -0.013445 0.066088
v -0.040008 -0.013445 0.066088
v -0.039241 -0.013100 0.071267
v -0.034778 -0.013673 0.073079
v -0.040008 -0.013445 0.066088
v -0.034778 -0.013673 0.073079
v -0.031808 -0.014581 0.070440
v -0.031808 -0.014581 0.070440
v -0.034778 -0.013673 0.073079
v -0.027102 -0.014742 0.075457
v -0.031808 -0.014581 0.070440
v -0.027102 -0.014742 0.075457
v -0.021686 -0.015661 0.074463
v -0.021686 -0.015661 0.074463
v -0.027102 -0.014742 0.075457
v -0.017094 -0.015557 0.078274
v -0.021686 -0.015661 0.074463
v -0.017094 -0.015557 0.078274
v -0.015094 -0.016357 0.074808
v -0.040672 -0.014900 0.061313
v -0.046472 -0.014063 0.061437
v -0.040008 -0.013445 0.066088
v -0.040008 -0.013445 0.066088
v -0.046472 -0.014063 0.061437
v -0.045515 -0.012893 0.067140
v -0.040008 -0.013445 0.066088
v -0.045515 -0.012893 0.067140
v -0.041999 -0.012877 0.069773
v -0.041799 -0.019545 0.054350
v -0.039035 -0.017044 0.058467
v -0.036771 -0.019943 0.056322
v -0.036771 -0.019943 0.056322
v -0.039035 -0.017044 0.058467
v -0.031175 -0.017060 0.063001
v -0.036771 -0.019943 0.056322
v -0.031175 -0.017060 0.063001
v -0.030167 -0.019424 0.059909
v -0.030167 -0.019424 0.059909
v -0.031175 -0.017060 0.063001
v -0.024302 -0.016983 0.067203
v -0.030167 -0.019424 0.059909
v -0.024302 -0.016983 0.067203
v -0.025449 -0.018631 0.062977
v -0.031808 -0.014581 0.070440
v -0.032854 -0.015313 0.065947
v -0.040008 -0.013445 0.066088
v -0.040008 -0.013445 0.066088
v -0.032854 -0.015313 0.065947
v -0.040672 -0.014900 0.061313
v -0.032854 -0.015313 0.065947
v -0.031175 -0.017060 0.063001
v -0.040672 -0.014900 0.061313
v -0.040672 -0.014900 0.061313
v -0.031175 -0.017060 0.063001
v -0.039035 -0.017044 0.058467
v -0.015094 -0.016357 0.074808
v -0.020449 -0.016208 0.072308
v -0.021686 -0.015661 0.074463
v -0.021686 -0.015661 0.074463
v -0.020449 -0.016208 0.072308
v -0.032854 -0.015313 0.065947
v -0.021686 -0.015661 0.074463
v -0.032854 -0.015313 0.065947
v -0.031808 -0.014581 0.070440
v -0.046979 -0.018398 0.052998
v -0.048297 -0.017898 0.053088
v -0.047869 -0.017120 0.054522
v -0.047869 -0.017120 0.054522
v -0.048297 -0.017898 0.053088
v -0.048806 -0.016032 0.056132
v -0.051272 -0.014749 0.058646
v -0.050933 -0.014361 0.059809
v -0.049224 -0.015622 0.056852
v -0.053333 -0.015622 0.048253
v -0.053767 -0.014052 0.048236
v -0.050803 -0.014759 0.049098
v -0.053333 -0.015622 0.048253
v -0.053767 -0.015829 0.048236
v -0.053767 -0.014052 0.048236
v -0.051281 -0.015176 0.058651
v -0.049866 -0.016512 0.057626
v -0.049137 -0.016141 0.056722
v -0.049224 -0.015622 0.056852
v -0.049866 -0.014052 0.057626
v -0.051272 -0.014749 0.058646
v -0.053767 -0.019055 0.048236
v -0.049874 -0.016512 0.049843
v -0.049874 -0.019055 0.049843
v -0.048258 -0.019055 0.053733
v -0.049866 -0.016512 0.057626
v -0.049866 -0.019055 0.057626
v -0.048806 -0.016032 0.056132
v -0.048297 -0.017898 0.053088
v -0.048258 -0.016512 0.053733
v -0.048806 -0.016032 0.056132
v -0.048258 -0.016512 0.053733
v -0.048258 -0.014052 0.053733
v -0.048806 -0.016032 0.056132
v -0.048258 -0.014052 0.053733
v -0.049866 -0.014052 0.057626
v -0.048806 -0.016032 0.056132
v -0.049866 -0.014052 0.057626
v -0.049224 -0.015622 0.056852
v -0.048278 -0.018275 0.053267
v -0.049137 -0.016141 0.056722
v -0.049866 -0.016512 0.057626
v -0.048278 -0.018275 0.053267
v -0.049866 -0.016512 0.057626
v -0.048258 -0.019055 0.053733
v -0.048278 -0.018275 0.053267
v -0.048258 -0.019055 0.053733
v -0.049874 -0.019055 0.049843
v -0.048278 -0.018275 0.053267
v -0.049874 -0.019055 0.049843
v -0.048297 -0.017898 0.053088
v -0.050629 -0.015082 0.049214
v -0.050635 -0.014869 0.049210
v -0.049874 -0.014052 0.049843
v -0.050629 -0.015082 0.049214
v -0.049874 -0.014052 0.049843
v -0.049874 -0.016512 0.049843
v -0.050629 -0.015082 0.049214
v -0.049874 -0.016512 0.049843
v -0.050691 -0.015153 0.049172
v -0.053755 -0.014052 0.059242
v -0.053755 -0.019055 0.059242
v -0.049866 -0.019055 0.057626
v -0.053755 -0.014052 0.059242
v -0.049866 -0.019055 0.057626
v -0.049866 -0.016512 0.057626
v -0.053755 -0.014052 0.059242
v -0.049866 -0.016512 0.057626
v -0.051281 -0.015176 0.058651
v -0.053755 -0.014052 0.059242
v -0.051281 -0.015176 0.058651
v -0.051272 -0.014749 0.058646
v -0.053755 -0.014052 0.059242
v -0.051272 -0.014749 0.058646
v -0.049866 -0.014052 0.057626
v -0.049874 -0.014052 0.049843
v -0.050635 -0.014869 0.049210
v -0.050657 -0.014847 0.049195
v -0.049874 -0.014052 0.049843
v -0.050657 -0.014847 0.049195
v -0.050723 -0.014783 0.049151
v -0.049874 -0.014052 0.049843
v -0.050723 -0.014783 0.049151
v -0.050803 -0.014759 0.049098
v -0.049874 -0.014052 0.049843
v -0.050803 -0.014759 0.049098
v -0.053767 -0.014052 0.048236
v -0.053767 -0.019055 0.048236
v -0.053767 -0.016278 0.048236
v -0.049874 -0.016512 0.049843
v -0.049874 -0.016512 0.049843
v -0.053767 -0.016278 0.048236
v -0.050740 -0.015175 0.049139
v -0.049874 -0.016512 0.049843
v -0.050740 -0.015175 0.049139
v -0.050691 -0.015153 0.049172
v -0.048297 -0.017898 0.053088
v -0.049874 -0.019055 0.049843
v -0.048258 -0.016512 0.053733
v -0.048258 -0.016512 0.053733
v -0.049874 -0.019055 0.049843
v -0.049874 -0.016512 0.049843
v -0.048258 -0.016512 0.053733
v -0.049874 -0.016512 0.049843
v -0.048258 -0.014052 0.053733
v -0.048258 -0.014052 0.053733
v -0.049874 -0.016512 0.049843
v -0.049874 -0.014052 0.049843
v -0.053755 -0.014052 0.059242
v -0.057648 -0.014052 0.057634
v -0.057648 -0.016512 0.057634
v -0.059255 -0.015176 0.053430
v -0.059264 -0.016512 0.053745
v -0.058657 -0.016141 0.056251
v -0.058311 -0.016032 0.056833
v -0.055930 -0.017898 0.058796
v -0.057648 -0.016512 0.057634
v -0.058311 -0.016032 0.056833
v -0.057648 -0.016512 0.057634
v -0.057648 -0.014052 0.057634
v -0.058311 -0.016032 0.056833
v -0.057648 -0.014052 0.057634
v -0.059264 -0.014052 0.053745
v -0.058311 -0.016032 0.056833
v -0.059264 -0.014052 0.053745
v -0.058726 -0.015622 0.056111
v -0.059256 -0.014749 0.053440
v -0.058726 -0.015622 0.056111
v -0.059264 -0.014052 0.053745
v -0.059256 -0.014749 0.053440
v -0.059264 -0.014052 0.053745
v -0.057656 -0.014052 0.049852
v -0.059256 -0.014749 0.053440
v -0.057656 -0.014052 0.049852
v -0.059255 -0.015176 0.053430
v -0.053755 -0.019055 0.059242
v -0.053755 -0.014052 0.059242
v -0.057648 -0.016512 0.057634
v -0.053755 -0.019055 0.059242
v -0.057648 -0.016512 0.057634
v -0.055930 -0.017898 0.058796
v -0.053755 -0.019055 0.059242
v -0.055930 -0.017898 0.058796
v -0.056093 -0.018275 0.058723
v -0.053755 -0.019055 0.059242
v -0.056093 -0.018275 0.058723
v -0.057648 -0.019055 0.057634
v -0.057656 -0.016512 0.049852
v -0.057056 -0.017898 0.049331
v -0.057102 -0.017958 0.049366
v -0.057656 -0.016512 0.049852
v -0.057102 -0.017958 0.049366
v -0.057128 -0.018042 0.049386
v -0.057656 -0.016512 0.049852
v -0.057128 -0.018042 0.049386
v -0.057656 -0.019055 0.049852
v -0.057656 -0.016512 0.049852
v -0.057656 -0.019055 0.049852
v -0.059264 -0.019055 0.053745
v -0.057656 -0.016512 0.049852
v -0.059264 -0.019055 0.053745
v -0.059264 -0.016512 0.053745
v -0.057656 -0.016512 0.049852
v -0.059264 -0.016512 0.053745
v -0.059255 -0.015176 0.053430
v -0.057656 -0.016512 0.049852
v -0.059255 -0.015176 0.053430
v -0.057656 -0.014052 0.049852
v -0.057656 -0.016512 0.049852
v -0.057656 -0.014052 0.049852
v -0.054166 -0.016032 0.048251
v -0.057656 -0.016512 0.049852
v -0.054166 -0.016032 0.048251
v -0.057056 -0.017898 0.049331
v -0.057656 -0.019055 0.049852
v -0.057128 -0.018042 0.049386
v -0.057056 -0.018231 0.049332
v -0.057656 -0.019055 0.049852
v -0.057056 -0.018231 0.049332
v -0.056954 -0.018264 0.049257
v -0.057656 -0.019055 0.049852
v -0.056954 -0.018264 0.049257
v -0.056874 -0.018247 0.049201
v -0.057656 -0.019055 0.049852
v -0.056874 -0.018247 0.049201
v -0.053767 -0.016278 0.048236
v -0.057656 -0.019055 0.049852
v -0.053767 -0.016278 0.048236
v -0.053767 -0.019055 0.048236
v -0.059264 -0.019055 0.053745
v -0.057648 -0.019055 0.057634
v -0.059264 -0.016512 0.053745
v -0.059264 -0.016512 0.053745
v -0.057648 -0.019055 0.057634
v -0.056093 -0.018275 0.058723
v -0.059264 -0.016512 0.053745
v -0.056093 -0.018275 0.058723
v -0.058657 -0.016141 0.056251
v -0.054166 -0.016032 0.048251
v -0.057656 -0.014052 0.049852
v -0.053767 -0.015829 0.048236
v -0.053767 -0.015829 0.048236
v -0.057656 -0.014052 0.049852
v -0.053767 -0.014052 0.048236
v -0.089333 -0.017158 0.080152
v -0.089380 -0.017550 0.080089
v -0.082624 -0.017678 0.076875
v -0.082624 -0.017678 0.076875
v -0.089380 -0.017550 0.080089
v -0.076910 -0.018844 0.073918
v -0.082624 -0.017678 0.076875
v -0.076910 -0.018844 0.073918
v -0.075918 -0.018631 0.073639
v -0.075918 -0.018631 0.073639
v -0.076910 -0.018844 0.073918
v -0.070901 -0.019424 0.071087
v -0.070901 -0.019424 0.071087
v -0.076910 -0.018844 0.073918
v -0.070075 -0.019848 0.070321
v -0.070901 -0.019424 0.071087
v -0.070075 -0.019848 0.070321
v -0.064493 -0.019943 0.067161
v -0.064493 -0.019943 0.067161
v -0.070075 -0.019848 0.070321
v -0.064981 -0.020199 0.067128
v -0.064493 -0.019943 0.067161
v -0.064981 -0.020199 0.067128
v -0.060271 -0.019545 0.063792
v -0.060271 -0.019545 0.063792
v -0.064981 -0.020199 0.067128
v -0.060572 -0.019838 0.063666
v -0.060271 -0.019545 0.063792
v -0.060572 -0.019838 0.063666
v -0.056510 -0.018398 0.059983
v -0.056510 -0.018398 0.059983
v -0.060572 -0.019838 0.063666
v -0.056628 -0.018711 0.059762
v -0.093343 -0.015557 0.073226
v -0.093388 -0.015949 0.073161
v -0.093404 -0.015563 0.073309
v -0.093404 -0.015563 0.073309
v -0.093388 -0.015949 0.073161
v -0.093449 -0.015955 0.073245
v -0.093404 -0.015563 0.073309
v -0.093449 -0.015955 0.073245
v -0.093455 -0.015591 0.073512
v -0.093455 -0.015591 0.073512
v -0.093449 -0.015955 0.073245
v -0.093501 -0.015983 0.073447
v -0.093455 -0.015591 0.073512
v -0.093501 -0.015983 0.073447
v -0.093447 -0.015633 0.073765
v -0.093447 -0.015633 0.073765
v -0.093501 -0.015983 0.073447
v -0.093494 -0.016026 0.073700
v -0.093447 -0.015633 0.073765
v -0.093494 -0.016026 0.073700
v -0.093299 -0.015753 0.074389
v -0.093299 -0.015753 0.074389
v -0.093494 -0.016026 0.073700
v -0.093264 -0.016195 0.074570
v -0.093299 -0.015753 0.074389
v -0.093264 -0.016195 0.074570
v -0.091814 -0.016427 0.077457
v -0.091814 -0.016427 0.077457
v -0.093264 -0.016195 0.074570
v -0.092886 -0.016388 0.075480
v -0.091814 -0.016427 0.077457
v -0.092886 -0.016388 0.075480
v -0.090885 -0.017177 0.078885
v -0.089380 -0.017550 0.080089
v -0.089333 -0.017158 0.080152
v -0.089509 -0.017539 0.080118
v -0.089509 -0.017539 0.080118
v -0.089333 -0.017158 0.080152
v -0.089463 -0.017146 0.080182
v -0.089509 -0.017539 0.080118
v -0.089463 -0.017146 0.080182
v -0.089656 -0.017517 0.080090
v -0.089656 -0.017517 0.080090
v -0.089463 -0.017146 0.080182
v -0.089610 -0.017124 0.080153
v -0.089656 -0.017517 0.080090
v -0.089610 -0.017124 0.080153
v -0.089975 -0.017448 0.079898
v -0.089975 -0.017448 0.079898
v -0.089610 -0.017124 0.080153
v -0.089928 -0.017056 0.079961
v -0.089975 -0.017448 0.079898
v -0.089928 -0.017056 0.079961
v -0.090885 -0.017177 0.078885
v -0.090885 -0.017177 0.078885
v -0.089928 -0.017056 0.079961
v -0.090250 -0.016969 0.079657
v -0.090885 -0.017177 0.078885
v -0.090250 -0.016969 0.079657
v -0.091814 -0.016427 0.077457
v -0.089463 -0.017146 0.080182
v -0.089333 -0.017158 0.080152
v -0.091341 -0.016357 0.076691
v -0.089463 -0.017146 0.080182
v -0.091341 -0.016357 0.076691
v -0.093343 -0.015557 0.073226
v -0.089463 -0.017146 0.080182
v -0.093343 -0.015557 0.073226
v -0.093404 -0.015563 0.073309
v -0.089463 -0.017146 0.080182
v -0.093404 -0.015563 0.073309
v -0.093455 -0.015591 0.073512
v -0.089463 -0.017146 0.080182
v -0.093455 -0.015591 0.073512
v -0.089610 -0.017124 0.080153
v -0.091814 -0.016427 0.077457
v -0.090250 -0.016969 0.079657
v -0.093299 -0.015753 0.074389
v -0.093299 -0.015753 0.074389
v -0.090250 -0.016969 0.079657
v -0.089928 -0.017056 0.079961
v -0.093299 -0.015753 0.074389
v -0.089928 -0.017056 0.079961
v -0.093447 -0.015633 0.073765
v -0.093447 -0.015633 0.073765
v -0.089928 -0.017056 0.079961
v -0.089610 -0.017124 0.080153
v -0.093447 -0.015633 0.073765
v -0.089610 -0.017124 0.080153
v -0.093455 -0.015591 0.073512
v -0.073529 -0.012877 0.055908
v -0.074366 -0.013328 0.056362
v -0.076201 -0.013100 0.057549
v -0.076201 -0.013100 0.057549
v -0.074366 -0.013328 0.056362
v -0.079354 -0.013957 0.059908
v -0.076201 -0.013100 0.057549
v -0.079354 -0.013957 0.059908
v -0.080001 -0.013673 0.060509
v -0.080001 -0.013673 0.060509
v -0.079354 -0.013957 0.059908
v -0.086228 -0.015188 0.066206
v -0.080001 -0.013673 0.060509
v -0.086228 -0.015188 0.066206
v -0.085899 -0.014742 0.065967
v -0.085899 -0.014742 0.065967
v -0.086228 -0.015188 0.066206
v -0.093388 -0.015949 0.073161
v -0.085899 -0.014742 0.065967
v -0.093388 -0.015949 0.073161
v -0.093343 -0.015557 0.073226
v -0.069490 -0.012893 0.054179
v -0.074366 -0.013328 0.056362
v -0.073529 -0.012877 0.055908
v -0.074366 -0.013328 0.056362
v -0.069490 -0.012893 0.054179
v -0.071654 -0.013230 0.054970
v -0.071654 -0.013230 0.054970
v -0.069490 -0.012893 0.054179
v -0.066236 -0.013210 0.053399
v -0.071654 -0.013230 0.054970
v -0.066236 -0.013210 0.053399
v -0.066382 -0.013593 0.053383
v -0.066382 -0.013593 0.053383
v -0.066236 -0.013210 0.053399
v -0.060432 -0.014361 0.053153
v -0.066382 -0.013593 0.053383
v -0.060432 -0.014361 0.053153
v -0.060525 -0.014744 0.053083
v -0.086228 -0.015188 0.066206
v -0.079354 -0.013957 0.059908
v -0.079215 -0.014966 0.064291
v -0.064168 -0.014442 0.056116
v -0.071654 -0.013230 0.054970
v -0.066382 -0.013593 0.053383
v -0.089380 -0.017550 0.080089
v -0.080232 -0.017356 0.072399
v -0.076910 -0.018844 0.073918
v -0.076910 -0.018844 0.073918
v -0.080232 -0.017356 0.072399
v -0.073164 -0.017400 0.068477
v -0.060572 -0.019838 0.063666
v -0.064981 -0.020199 0.067128
v -0.065366 -0.017354 0.063922
v -0.065366 -0.017354 0.063922
v -0.057531 -0.017423 0.058224
v -0.060572 -0.019838 0.063666
v -0.056628 -0.018711 0.059762
v -0.060572 -0.019838 0.063666
v -0.057531 -0.017423 0.058224
v -0.066974 -0.015256 0.061140
v -0.064168 -0.014442 0.056116
v -0.058481 -0.016333 0.056598
v -0.089380 -0.017550 0.080089
v -0.091381 -0.016750 0.076623
v -0.080232 -0.017356 0.072399
v -0.080232 -0.017356 0.072399
v -0.091381 -0.016750 0.076623
v -0.086539 -0.016598 0.073220
v -0.080232 -0.017356 0.072399
v -0.086539 -0.016598 0.073220
v -0.074823 -0.015679 0.065583
v -0.091381 -0.016750 0.076623
v -0.093388 -0.015949 0.073161
v -0.087774 -0.016053 0.071078
v -0.087774 -0.016053 0.071078
v -0.093388 -0.015949 0.073161
v -0.086228 -0.015188 0.066206
v -0.087774 -0.016053 0.071078
v -0.086228 -0.015188 0.066206
v -0.079215 -0.014966 0.064291
v -0.066974 -0.015256 0.061140
v -0.074823 -0.015679 0.065583
v -0.071370 -0.013834 0.059388
v -0.071370 -0.013834 0.059388
v -0.074823 -0.015679 0.065583
v -0.079215 -0.014966 0.064291
v -0.071370 -0.013834 0.059388
v -0.079215 -0.014966 0.064291
v -0.074366 -0.013328 0.056362
v -0.074366 -0.013328 0.056362
v -0.079215 -0.014966 0.064291
v -0.079354 -0.013957 0.059908
v -0.074366 -0.013328 0.056362
v -0.071654 -0.013230 0.054970
v -0.071370 -0.013834 0.059388
v -0.071370 -0.013834 0.059388
v -0.071654 -0.013230 0.054970
v -0.064168 -0.014442 0.056116
v -0.071370 -0.013834 0.059388
v -0.064168 -0.014442 0.056116
v -0.066974 -0.015256 0.061140
v -0.066382 -0.013593 0.053383
v -0.060525 -0.014744 0.053083
v -0.064168 -0.014442 0.056116
v -0.064168 -0.014442 0.056116
v -0.060525 -0.014744 0.053083
v -0.059479 -0.015439 0.054885
v -0.064168 -0.014442 0.056116
v -0.059479 -0.015439 0.054885
v -0.058481 -0.016333 0.056598
v -0.065366 -0.017354 0.063922
v -0.064981 -0.020199 0.067128
v -0.073164 -0.017400 0.068477
v -0.073164 -0.017400 0.068477
v -0.064981 -0.020199 0.067128
v -0.070075 -0.019848 0.070321
v -0.073164 -0.017400 0.068477
v -0.070075 -0.019848 0.070321
v -0.076910 -0.018844 0.073918
v -0.058481 -0.016333 0.056598
v -0.057531 -0.017423 0.058224
v -0.066974 -0.015256 0.061140
v -0.066974 -0.015256 0.061140
v -0.057531 -0.017423 0.058224
v -0.065366 -0.017354 0.063922
v -0.066974 -0.015256 0.061140
v -0.065366 -0.017354 0.063922
v -0.074823 -0.015679 0.065583
v -0.074823 -0.015679 0.065583
v -0.065366 -0.017354 0.063922
v -0.073164 -0.017400 0.068477
v -0.074823 -0.015679 0.065583
v -0.073164 -0.017400 0.068477
v -0.080232 -0.017356 0.072399
v -0.079215 -0.014966 0.064291
v -0.074823 -0.015679 0.065583
v -0.087774 -0.016053 0.071078
v -0.087774 -0.016053 0.071078
v -0.074823 -0.015679 0.065583
v -0.086539 -0.016598 0.073220
v -0.087774 -0.016053 0.071078
v -0.086539 -0.016598 0.073220
v -0.091381 -0.016750 0.076623
v -0.089509 -0.017539 0.080118
v -0.089656 -0.017517 0.080090
v -0.093501 -0.015983 0.073447
v -0.089509 -0.017539 0.080118
v -0.093501 -0.015983 0.073447
v -0.093449 -0.015955 0.073245
v -0.089509 -0.017539 0.080118
v -0.093449 -0.015955 0.073245
v -0.093388 -0.015949 0.073161
v -0.089509 -0.017539 0.080118
v -0.093388 -0.015949 0.073161
v -0.091381 -0.016750 0.076623
v -0.089509 -0.017539 0.080118
v -0.091381 -0.016750 0.076623
v -0.089380 -0.017550 0.080089
v -0.093501 -0.015983 0.073447
v -0.089656 -0.017517 0.080090
v -0.093494 -0.016026 0.073700
v -0.093494 -0.016026 0.073700
v -0.089656 -0.017517 0.080090
v -0.089975 -0.017448 0.079898
v -0.093494 -0.016026 0.073700
v -0.089975 -0.017448 0.079898
v -0.093264 -0.016195 0.074570
v -0.093264 -0.016195 0.074570
v -0.089975 -0.017448 0.079898
v -0.090885 -0.017177 0.078885
v -0.093264 -0.016195 0.074570
v -0.090885 -0.017177 0.078885
v -0.092886 -0.016388 0.075480
v -0.013100 -0.017158 0.071338
v -0.013132 -0.017550 0.071410
v -0.019293 -0.017678 0.067166
v -0.019293 -0.017678 0.067166
v -0.013132 -0.017550 0.071410
v -0.024711 -0.018844 0.063696
v -0.019293 -0.017678 0.067166
v -0.024711 -0.018844 0.063696
v -0.025449 -0.018631 0.062977
v -0.025449 -0.018631 0.062977
v -0.024711 -0.018844 0.063696
v -0.030167 -0.019424 0.059909
v -0.030167 -0.019424 0.059909
v -0.024711 -0.018844 0.063696
v -0.031244 -0.019848 0.059576
v -0.030167 -0.019424 0.059909
v -0.031244 -0.019848 0.059576
v -0.036771 -0.019943 0.056322
v -0.036771 -0.019943 0.056322
v -0.031244 -0.019848 0.059576
v -0.036556 -0.020199 0.056761
v -0.036771 -0.019943 0.056322
v -0.036556 -0.020199 0.056761
v -0.041799 -0.019545 0.054350
v -0.041799 -0.019545 0.054350
v -0.036556 -0.020199 0.056761
v -0.041758 -0.019838 0.054673
v -0.041799 -0.019545 0.054350
v -0.041758 -0.019838 0.054673
v -0.046979 -0.018398 0.052998
v -0.046979 -0.018398 0.052998
v -0.041758 -0.019838 0.054673
v -0.047111 -0.018711 0.053210
v -0.017094 -0.015557 0.078274
v -0.017127 -0.015949 0.078346
v -0.016991 -0.015563 0.078285
v -0.016991 -0.015563 0.078285
v -0.017127 -0.015949 0.078346
v -0.017024 -0.015955 0.078357
v -0.016991 -0.015563 0.078285
v -0.017024 -0.015955 0.078357
v -0.016790 -0.015591 0.078228
v -0.016790 -0.015591 0.078228
v -0.017024 -0.015955 0.078357
v -0.016823 -0.015983 0.078300
v -0.016790 -0.015591 0.078228
v -0.016823 -0.015983 0.078300
v -0.016575 -0.015633 0.078095
v -0.016575 -0.015633 0.078095
v -0.016823 -0.015983 0.078300
v -0.016608 -0.016026 0.078167
v -0.016575 -0.015633 0.078095
v -0.016608 -0.016026 0.078167
v -0.016108 -0.015753 0.077655
v -0.016108 -0.015753 0.077655
v -0.016608 -0.016026 0.078167
v -0.015969 -0.016195 0.077534
v -0.016108 -0.015753 0.077655
v -0.015969 -0.016195 0.077534
v -0.014193 -0.016427 0.074835
v -0.014193 -0.016427 0.074835
v -0.015969 -0.016195 0.077534
v -0.015370 -0.016388 0.076751
v -0.014193 -0.016427 0.074835
v -0.015370 -0.016388 0.076751
v -0.013422 -0.017177 0.073316
v -0.013132 -0.017550 0.071410
v -0.013100 -0.017158 0.071338
v -0.013041 -0.017539 0.071508
v -0.013041 -0.017539 0.071508
v -0.013100 -0.017158 0.071338
v -0.013010 -0.017146 0.071436
v -0.013041 -0.017539 0.071508
v -0.013010 -0.017146 0.071436
v -0.012993 -0.017517 0.071650
v -0.012993 -0.017517 0.071650
v -0.013010 -0.017146 0.071436
v -0.012961 -0.017124 0.071578
v -0.012993 -0.017517 0.071650
v -0.012961 -0.017124 0.071578
v -0.013000 -0.017448 0.072021
v -0.013000 -0.017448 0.072021
v -0.012961 -0.017124 0.071578
v -0.012969 -0.017056 0.071949
v -0.013000 -0.017448 0.072021
v -0.012969 -0.017056 0.071949
v -0.013422 -0.017177 0.073316
v -0.013422 -0.017177 0.073316
v -0.012969 -0.017056 0.071949
v -0.013071 -0.016969 0.072380
v -0.013422 -0.017177 0.073316
v -0.013071 -0.016969 0.072380
v -0.014193 -0.016427 0.074835
v -0.013010 -0.017146 0.071436
v -0.013100 -0.017158 0.071338
v -0.015094 -0.016357 0.074808
v -0.013010 -0.017146 0.071436
v -0.015094 -0.016357 0.074808
v -0.017094 -0.015557 0.078274
v -0.013010 -0.017146 0.071436
v -0.017094 -0.015557 0.078274
v -0.016991 -0.015563 0.078285
v -0.013010 -0.017146 0.071436
v -0.016991 -0.015563 0.078285
v -0.016790 -0.015591 0.078228
v -0.013010 -0.017146 0.071436
v -0.016790 -0.015591 0.078228
v -0.012961 -0.017124 0.071578
v -0.014193 -0.016427 0.074835
v -0.013071 -0.016969 0.072380
v -0.016108 -0.015753 0.077655
v -0.016108 -0.015753 0.077655
v -0.013071 -0.016969 0.072380
v -0.012969 -0.017056 0.071949
v -0.016108 -0.015753 0.077655
v -0.012969 -0.017056 0.071949
v -0.016575 -0.015633 0.078095
v -0.016575 -0.015633 0.078095
v -0.012969 -0.017056 0.071949
v -0.012961 -0.017124 0.071578
v -0.016575 -0.015633 0.078095
v -0.012961 -0.017124 0.071578
v -0.016790 -0.015591 0.078228
v -0.041999 -0.012877 0.069773
v -0.041187 -0.013328 0.070272
v -0.039241 -0.013100 0.071267
v -0.039241 -0.013100 0.071267
v -0.041187 -0.013328 0.070272
v -0.035621 -0.013957 0.072819
v -0.039241 -0.013100 0.071267
v -0.035621 -0.013957 0.072819
v -0.034778 -0.013673 0.073079
v -0.034778 -0.013673 0.073079
v -0.035621 -0.013957 0.072819
v -0.026730 -0.015188 0.075622
v -0.034778 -0.013673 0.073079
v -0.026730 -0.015188 0.075622
v -0.027102 -0.014742 0.075457
v -0.027102 -0.014742 0.075457
v -0.026730 -0.015188 0.075622
v -0.017127 -0.015949 0.078346
v -0.027102 -0.014742 0.075457
v -0.017127 -0.015949 0.078346
v -0.017094 -0.015557 0.078274
v -0.045515 -0.012893 0.067140
v -0.041187 -0.013328 0.070272
v -0.041999 -0.012877 0.069773
v -0.041187 -0.013328 0.070272
v -0.045515 -0.012893 0.067140
v -0.043748 -0.013230 0.068618
v -0.043748 -0.013230 0.068618
v -0.045515 -0.012893 0.067140
v -0.047818 -0.013210 0.064713
v -0.043748 -0.013230 0.068618
v -0.047818 -0.013210 0.064713
v -0.047759 -0.013593 0.064847
v -0.047759 -0.013593 0.064847
v -0.047818 -0.013210 0.064713
v -0.050933 -0.014361 0.059809
v -0.047759 -0.013593 0.064847
v -0.050933 -0.014361 0.059809
v -0.050947 -0.014744 0.059924
v -0.026730 -0.015188 0.075622
v -0.035621 -0.013957 0.072819
v -0.031895 -0.014966 0.070506
v -0.046499 -0.014442 0.061563
v -0.043748 -0.013230 0.068618
v -0.047759 -0.013593 0.064847
v -0.013132 -0.017550 0.071410
v -0.024365 -0.017356 0.067333
v -0.024711 -0.018844 0.063696
v -0.024711 -0.018844 0.063696
v -0.024365 -0.017356 0.067333
v -0.031295 -0.017400 0.063173
v -0.041758 -0.019838 0.054673
v -0.036556 -0.020199 0.056761
v -0.039139 -0.017354 0.058697
v -0.039139 -0.017354 0.058697
v -0.047992 -0.017423 0.054761
v -0.041758 -0.019838 0.054673
v -0.047111 -0.018711 0.053210
v -0.041758 -0.019838 0.054673
v -0.047992 -0.017423 0.054761
v -0.040745 -0.015256 0.061481
v -0.046499 -0.014442 0.061563
v -0.048925 -0.016333 0.056397
v -0.013132 -0.017550 0.071410
v -0.015132 -0.016750 0.074876
v -0.024365 -0.017356 0.067333
v -0.024365 -0.017356 0.067333
v -0.015132 -0.016750 0.074876
v -0.020501 -0.016598 0.072384
v -0.024365 -0.017356 0.067333
v -0.020501 -0.016598 0.072384
v -0.032973 -0.015679 0.066057
v -0.015132 -0.016750 0.074876
v -0.017127 -0.015949 0.078346
v -0.021739 -0.016053 0.074525
v -0.021739 -0.016053 0.074525
v -0.017127 -0.015949 0.078346
v -0.026730 -0.015188 0.075622
v -0.021739 -0.016053 0.074525
v -0.026730 -0.015188 0.075622
v -0.031895 -0.014966 0.070506
v -0.040745 -0.015256 0.061481
v -0.032973 -0.015679 0.066057
v -0.040065 -0.013834 0.066164
v -0.040065 -0.013834 0.066164
v -0.032973 -0.015679 0.066057
v -0.031895 -0.014966 0.070506
v -0.040065 -0.013834 0.066164
v -0.031895 -0.014966 0.070506
v -0.041187 -0.013328 0.070272
v -0.041187 -0.013328 0.070272
v -0.031895 -0.014966 0.070506
v -0.035621 -0.013957 0.072819
v -0.041187 -0.013328 0.070272
v -0.043748 -0.013230 0.068618
v -0.040065 -0.013834 0.066164
v -0.040065 -0.013834 0.066164
v -0.043748 -0.013230 0.068618
v -0.046499 -0.014442 0.061563
v -0.040065 -0.013834 0.066164
v -0.046499 -0.014442 0.061563
v -0.040745 -0.015256 0.061481
v -0.047759 -0.013593 0.064847
v -0.050947 -0.014744 0.059924
v -0.046499 -0.014442 0.061563
v -0.046499 -0.014442 0.061563
v -0.050947 -0.014744 0.059924
v -0.049910 -0.015439 0.058118
v -0.046499 -0.014442 0.061563
v -0.049910 -0.015439 0.058118
v -0.048925 -0.016333 0.056397
v -0.039139 -0.017354 0.058697
v -0.036556 -0.020199 0.056761
v -0.031295 -0.017400 0.063173
v -0.031295 -0.017400 0.063173
v -0.036556 -0.020199 0.056761
v -0.031244 -0.019848 0.059576
v -0.031295 -0.017400 0.063173
v -0.031244 -0.019848 0.059576
v -0.024711 -0.018844 0.063696
v -0.048925 -0.016333 0.056397
v -0.047992 -0.017423 0.054761
v -0.040745 -0.015256 0.061481
v -0.040745 -0.015256 0.061481
v -0.047992 -0.017423 0.054761
v -0.039139 -0.017354 0.058697
v -0.040745 -0.015256 0.061481
v -0.039139 -0.017354 0.058697
v -0.032973 -0.015679 0.066057
v -0.032973 -0.015679 0.066057
v -0.039139 -0.017354 0.058697
v -0.031295 -0.017400 0.063173
v -0.032973 -0.015679 0.066057
v -0.031295 -0.017400 0.063173
v -0.024365 -0.017356 0.067333
v -0.031895 -0.014966 0.070506
v -0.032973 -0.015679 0.066057
v -0.021739 -0.016053 0.074525
v -0.021739 -0.016053 0.074525
v -0.032973 -0.015679 0.066057
v -0.020501 -0.016598 0.072384
v -0.021739 -0.016053 0.074525
v -0.020501 -0.016598 0.072384
v -0.015132 -0.016750 0.074876
v -0.013041 -0.017539 0.071508
v -0.012993 -0.017517 0.071650
v -0.016823 -0.015983 0.078300
v -0.013041 -0.017539 0.071508
v -0.016823 -0.015983 0.078300
v -0.017024 -0.015955 0.078357
v -0.013041 -0.017539 0.071508
v -0.017024 -0.015955 0.078357
v -0.017127 -0.015949 0.078346
v -0.013041 -0.017539 0.071508
v -0.017127 -0.015949 0.078346
v -0.015132 -0.016750 0.074876
v -0.013041 -0.017539 0.071508
v -0.015132 -0.016750 0.074876
v -0.013132 -0.017550 0.071410
v -0.016823 -0.015983 0.078300
v -0.012993 -0.017517 0.071650
v -0.016608 -0.016026 0.078167
v -0.016608 -0.016026 0.078167
v -0.012993 -0.017517 0.071650
v -0.013000 -0.017448 0.072021
v -0.016608 -0.016026 0.078167
v -0.013000 -0.017448 0.072021
v -0.015969 -0.016195 0.077534
v -0.015969 -0.016195 0.077534
v -0.013000 -0.017448 0.072021
v -0.013422 -0.017177 0.073316
v -0.015969 -0.016195 0.077534
v -0.013422 -0.017177 0.073316
v -0.015370 -0.016388 0.076751
v -0.057101 -0.018018 0.049349
v -0.057056 -0.018231 0.049332
v -0.057128 -0.018042 0.049386
v -0.057056 -0.018231 0.049332
v -0.057101 -0.018018 0.049349
v -0.057025 -0.018204 0.049282
v -0.057025 -0.018204 0.049282
v -0.057101 -0.018018 0.049349
v -0.057094 -0.018017 0.049286
v -0.057025 -0.018204 0.049282
v -0.057094 -0.018017 0.049286
v -0.057022 -0.018209 0.049217
v -0.057022 -0.018209 0.049217
v -0.057094 -0.018017 0.049286
v -0.057120 -0.018053 0.049215
v -0.057022 -0.018209 0.049217
v -0.057120 -0.018053 0.049215
v -0.057046 -0.018241 0.049161
v -0.057120 -0.018053 0.049215
v -0.057717 -0.018464 0.048280
v -0.057046 -0.018241 0.049161
v -0.057046 -0.018241 0.049161
v -0.057717 -0.018464 0.048280
v -0.057593 -0.018620 0.048284
v -0.057717 -0.018464 0.048280
v -0.057731 -0.018476 0.048238
v -0.057593 -0.018620 0.048284
v -0.057593 -0.018620 0.048284
v -0.057731 -0.018476 0.048238
v -0.057606 -0.018632 0.048242
v -0.050665 -0.015085 0.049168
v -0.050635 -0.014869 0.049210
v -0.050629 -0.015082 0.049214
v -0.050635 -0.014869 0.049210
v -0.050665 -0.015085 0.049168
v -0.050671 -0.014872 0.049165
v -0.050671 -0.014872 0.049165
v -0.050665 -0.015085 0.049168
v -0.050671 -0.015065 0.049113
v -0.050671 -0.014872 0.049165
v -0.050671 -0.015065 0.049113
v -0.050677 -0.014852 0.049110
v -0.050677 -0.014852 0.049110
v -0.050671 -0.015065 0.049113
v -0.050633 -0.015016 0.049050
v -0.050677 -0.014852 0.049110
v -0.050633 -0.015016 0.049050
v -0.050641 -0.014804 0.049047
v -0.049892 -0.014457 0.048243
v -0.049932 -0.014475 0.048303
v -0.049838 -0.014648 0.048220
v -0.049838 -0.014648 0.048220
v -0.049932 -0.014475 0.048303
v -0.049879 -0.014667 0.048281
v -0.049932 -0.014475 0.048303
v -0.050641 -0.014804 0.049047
v -0.049879 -0.014667 0.048281
v -0.049879 -0.014667 0.048281
v -0.050641 -0.014804 0.049047
v -0.050633 -0.015016 0.049050
v -0.058831 -0.017256 0.009724
v -0.058971 -0.017592 0.012629
v -0.059781 -0.018537 0.023322
v -0.058831 -0.017256 0.009724
v -0.058791 -0.017452 0.009719
v -0.058971 -0.017592 0.012629
v -0.058971 -0.017592 0.012629
v -0.059825 -0.019026 0.025523
v -0.059781 -0.018537 0.023322
v -0.060179 -0.019719 0.032163
v -0.059781 -0.018537 0.023322
v -0.059825 -0.019026 0.025523
v -0.059825 -0.019026 0.025523
v -0.059998 -0.020037 0.034379
v -0.060179 -0.019719 0.032163
v -0.059719 -0.019948 0.039689
v -0.060179 -0.019719 0.032163
v -0.059998 -0.020037 0.034379
v -0.059998 -0.020037 0.034379
v -0.059337 -0.019965 0.041208
v -0.059719 -0.019948 0.039689
v -0.057606 -0.018632 0.048242
v -0.057731 -0.018476 0.048238
v -0.059337 -0.019965 0.041208
v -0.059337 -0.019965 0.041208
v -0.057731 -0.018476 0.048238
v -0.058115 -0.018808 0.047043
v -0.059337 -0.019965 0.041208
v -0.058115 -0.018808 0.047043
v -0.059719 -0.019948 0.039689
v -0.050826 -0.015655 0.009714
v -0.050282 -0.015559 0.011864
v -0.050787 -0.015851 0.009711
v -0.050282 -0.015559 0.011864
v -0.047383 -0.014578 0.023311
v -0.050787 -0.015851 0.009711
v -0.047082 -0.014176 0.024757
v -0.047383 -0.014578 0.023311
v -0.050282 -0.015559 0.011864
v -0.045909 -0.013495 0.031475
v -0.047383 -0.014578 0.023311
v -0.047082 -0.014176 0.024757
v -0.046933 -0.013412 0.042365
v -0.045820 -0.013135 0.036941
v -0.045910 -0.012930 0.037726
v -0.047232 -0.013316 0.043140
v -0.046933 -0.013412 0.042365
v -0.045910 -0.012930 0.037726
v -0.047082 -0.014176 0.024757
v -0.045849 -0.013216 0.032245
v -0.045909 -0.013495 0.031475
v -0.045909 -0.013495 0.031475
v -0.045849 -0.013216 0.032245
v -0.045910 -0.012930 0.037726
v -0.045909 -0.013495 0.031475
v -0.045910 -0.012930 0.037726
v -0.045820 -0.013135 0.036941
v -0.046933 -0.013412 0.042365
v -0.047232 -0.013316 0.043140
v -0.049705 -0.014587 0.048018
v -0.049705 -0.014587 0.048018
v -0.047232 -0.013316 0.043140
v -0.049892 -0.014457 0.048243
v -0.049705 -0.014587 0.048018
v -0.049892 -0.014457 0.048243
v -0.049838 -0.014648 0.048220
v -0.052169 -0.015913 0.009110
v -0.056098 -0.016898 0.008944
v -0.057084 -0.016892 0.009031
v -0.057084 -0.016892 0.009031
v -0.056098 -0.016898 0.008944
v -0.058210 -0.017326 0.009257
v -0.057084 -0.016892 0.009031
v -0.058210 -0.017326 0.009257
v -0.058303 -0.017141 0.009280
v -0.058303 -0.017141 0.009280
v -0.058210 -0.017326 0.009257
v -0.058603 -0.017408 0.009440
v -0.050826 -0.015655 0.009714
v -0.050787 -0.015851 0.009711
v -0.050839 -0.015657 0.009677
v -0.050839 -0.015657 0.009677
v -0.050787 -0.015851 0.009711
v -0.050799 -0.015852 0.009674
v -0.050839 -0.015657 0.009677
v -0.050799 -0.015852 0.009674
v -0.050946 -0.015675 0.009531
v -0.050946 -0.015675 0.009531
v -0.050799 -0.015852 0.009674
v -0.050819 -0.015855 0.009634
v -0.050946 -0.015675 0.009531
v -0.050819 -0.015855 0.009634
v -0.050940 -0.015878 0.009499
v -0.050946 -0.015675 0.009531
v -0.050940 -0.015878 0.009499
v -0.051200 -0.015723 0.009373
v -0.051200 -0.015723 0.009373
v -0.050940 -0.015878 0.009499
v -0.051178 -0.015923 0.009361
v -0.051200 -0.015723 0.009373
v -0.051178 -0.015923 0.009361
v -0.052169 -0.015913 0.009110
v -0.052169 -0.015913 0.009110
v -0.051178 -0.015923 0.009361
v -0.051960 -0.016075 0.009136
v -0.052169 -0.015913 0.009110
v -0.051960 -0.016075 0.009136
v -0.056098 -0.016898 0.008944
v -0.058791 -0.017452 0.009719
v -0.058831 -0.017256 0.009724
v -0.058790 -0.017451 0.009709
v -0.058790 -0.017451 0.009709
v -0.058831 -0.017256 0.009724
v -0.058830 -0.017255 0.009713
v -0.058790 -0.017451 0.009709
v -0.058830 -0.017255 0.009713
v -0.058751 -0.017441 0.009591
v -0.058751 -0.017441 0.009591
v -0.058830 -0.017255 0.009713
v -0.058790 -0.017244 0.009595
v -0.058751 -0.017441 0.009591
v -0.058790 -0.017244 0.009595
v -0.058603 -0.017408 0.009440
v -0.058603 -0.017408 0.009440
v -0.058790 -0.017244 0.009595
v -0.058684 -0.017221 0.009476
v -0.058603 -0.017408 0.009440
v -0.058684 -0.017221 0.009476
v -0.058303 -0.017141 0.009280
v -0.054166 -0.016032 0.048251
v -0.055983 -0.017091 0.048245
v -0.057707 -0.018329 0.048236
v -0.054166 -0.016032 0.048251
v -0.057707 -0.018329 0.048236
v -0.057129 -0.017930 0.049145
v -0.054166 -0.016032 0.048251
v -0.057129 -0.017930 0.049145
v -0.057060 -0.017895 0.049277
v -0.054166 -0.016032 0.048251
v -0.057060 -0.017895 0.049277
v -0.057056 -0.017898 0.049331
v -0.050803 -0.014759 0.049098
v -0.050731 -0.014714 0.048985
v -0.053333 -0.015622 0.048253
v -0.050731 -0.014714 0.048985
v -0.050039 -0.014395 0.048254
v -0.053333 -0.015622 0.048253
v -0.058752 -0.017138 0.009733
v -0.054850 -0.016358 0.009718
v -0.058752 -0.017138 0.009726
v -0.055952 -0.016229 0.038620
v -0.055983 -0.017091 0.048245
v -0.054166 -0.016032 0.048251
v -0.059529 -0.019709 0.041036
v -0.055983 -0.017091 0.048245
v -0.055952 -0.016229 0.038620
v -0.052699 -0.015839 0.015601
v -0.050396 -0.015478 0.011888
v -0.050941 -0.015576 0.009741
v -0.052699 -0.015839 0.015601
v -0.046903 -0.013899 0.026125
v -0.050396 -0.015478 0.011888
v -0.055901 -0.016403 0.029540
v -0.055838 -0.016614 0.021489
v -0.059739 -0.018404 0.023344
v -0.060181 -0.019644 0.032859
v -0.055901 -0.016403 0.029540
v -0.059739 -0.018404 0.023344
v -0.059529 -0.019709 0.041036
v -0.055952 -0.016229 0.038620
v -0.060181 -0.019644 0.032859
v -0.055901 -0.016403 0.029540
v -0.051444 -0.014911 0.026379
v -0.055838 -0.016614 0.021489
v -0.059739 -0.018404 0.023344
v -0.055838 -0.016614 0.021489
v -0.058752 -0.017138 0.009733
v -0.058752 -0.017138 0.009733
v -0.055838 -0.016614 0.021489
v -0.052699 -0.015839 0.015601
v -0.058752 -0.017138 0.009733
v -0.052699 -0.015839 0.015601
v -0.054850 -0.016358 0.009718
v -0.054850 -0.016358 0.009718
v -0.052699 -0.015839 0.015601
v -0.050941 -0.015576 0.009741
v -0.054850 -0.016358 0.009718
v -0.050941 -0.015576 0.009741
v -0.050949 -0.015577 0.009716
v -0.057707 -0.018329 0.048236
v -0.055983 -0.017091 0.048245
v -0.057722 -0.018342 0.048195
v -0.057722 -0.018342 0.048195
v -0.055983 -0.017091 0.048245
v -0.059529 -0.019709 0.041036
v -0.057722 -0.018342 0.048195
v -0.059529 -0.019709 0.041036
v -0.058013 -0.018589 0.047317
v -0.051282 -0.013821 0.035656
v -0.055952 -0.016229 0.038620
v -0.051812 -0.014446 0.043578
v -0.051812 -0.014446 0.043578
v -0.055952 -0.016229 0.038620
v -0.054166 -0.016032 0.048251
v -0.051812 -0.014446 0.043578
v -0.054166 -0.016032 0.048251
v -0.053767 -0.015829 0.048236
v -0.053767 -0.015829 0.048236
v -0.053333 -0.015622 0.048253
v -0.051812 -0.014446 0.043578
v -0.051812 -0.014446 0.043578
v -0.053333 -0.015622 0.048253
v -0.050039 -0.014395 0.048254
v -0.051812 -0.014446 0.043578
v -0.050039 -0.014395 0.048254
v -0.049999 -0.014376 0.048196
v -0.049999 -0.014376 0.048196
v -0.046880 -0.013058 0.041788
v -0.051812 -0.014446 0.043578
v -0.051812 -0.014446 0.043578
v -0.046880 -0.013058 0.041788
v -0.045846 -0.012908 0.034979
v -0.051812 -0.014446 0.043578
v -0.045846 -0.012908 0.034979
v -0.051282 -0.013821 0.035656
v -0.051282 -0.013821 0.035656
v -0.045846 -0.012908 0.034979
v -0.046903 -0.013899 0.026125
v -0.051282 -0.013821 0.035656
v -0.046903 -0.013899 0.026125
v -0.051444 -0.014911 0.026379
v -0.051444 -0.014911 0.026379
v -0.046903 -0.013899 0.026125
v -0.052699 -0.015839 0.015601
v -0.051444 -0.014911 0.026379
v -0.052699 -0.015839 0.015601
v -0.055838 -0.016614 0.021489
v -0.060181 -0.019644 0.032859
v -0.055952 -0.016229 0.038620
v -0.055901 -0.016403 0.029540
v -0.055901 -0.016403 0.029540
v -0.055952 -0.016229 0.038620
v -0.051282 -0.013821 0.035656
v -0.055901 -0.016403 0.029540
v -0.051282 -0.013821 0.035656
v -0.051444 -0.014911 0.026379
v -0.054850 -0.016358 0.009718
v -0.058698 -0.017124 0.009611
v -0.058752 -0.017138 0.009726
v -0.051065 -0.015598 0.009579
v -0.054850 -0.016358 0.009718
v -0.050949 -0.015577 0.009716
v -0.054850 -0.016358 0.009718
v -0.051065 -0.015598 0.009579
v -0.058698 -0.017124 0.009611
v -0.058698 -0.017124 0.009611
v -0.051065 -0.015598 0.009579
v -0.051384 -0.015659 0.009414
v -0.058698 -0.017124 0.009611
v -0.051384 -0.015659 0.009414
v -0.058522 -0.017086 0.009478
v -0.058522 -0.017086 0.009478
v -0.051384 -0.015659 0.009414
v -0.053462 -0.016069 0.009070
v -0.058522 -0.017086 0.009478
v -0.053462 -0.016069 0.009070
v -0.057738 -0.016926 0.009233
v -0.050723 -0.014783 0.049151
v -0.050721 -0.014780 0.049130
v -0.050803 -0.014759 0.049098
v -0.050671 -0.014872 0.049165
v -0.050657 -0.014847 0.049195
v -0.050635 -0.014869 0.049210
v -0.050671 -0.014872 0.049165
v -0.050723 -0.014783 0.049151
v -0.050657 -0.014847 0.049195
v -0.050664 -0.014757 0.049045
v -0.050677 -0.014852 0.049110
v -0.050641 -0.014804 0.049047
v -0.050664 -0.014757 0.049045
v -0.050721 -0.014780 0.049130
v -0.050677 -0.014852 0.049110
v -0.050677 -0.014852 0.049110
v -0.050721 -0.014780 0.049130
v -0.050723 -0.014783 0.049151
v -0.050677 -0.014852 0.049110
v -0.050723 -0.014783 0.049151
v -0.050671 -0.014872 0.049165
v -0.050731 -0.014714 0.048985
v -0.050803 -0.014759 0.049098
v -0.050697 -0.014724 0.049022
v -0.050697 -0.014724 0.049022
v -0.050803 -0.014759 0.049098
v -0.050721 -0.014780 0.049130
v -0.050697 -0.014724 0.049022
v -0.050721 -0.014780 0.049130
v -0.050664 -0.014757 0.049045
v -0.057095 -0.017950 0.049333
v -0.057124 -0.017966 0.049224
v -0.057094 -0.018017 0.049286
v -0.057102 -0.017958 0.049366
v -0.057056 -0.017898 0.049331
v -0.057095 -0.017950 0.049333
v -0.057095 -0.017950 0.049333
v -0.057056 -0.017898 0.049331
v -0.057060 -0.017895 0.049277
v -0.057095 -0.017950 0.049333
v -0.057060 -0.017895 0.049277
v -0.057124 -0.017966 0.049224
v -0.057124 -0.017966 0.049224
v -0.057060 -0.017895 0.049277
v -0.057129 -0.017930 0.049145
v -0.057124 -0.017966 0.049224
v -0.057129 -0.017930 0.049145
v -0.057146 -0.017961 0.049183
v -0.057146 -0.017961 0.049183
v -0.057143 -0.018006 0.049208
v -0.057124 -0.017966 0.049224
v -0.057124 -0.017966 0.049224
v -0.057143 -0.018006 0.049208
v -0.057120 -0.018053 0.049215
v -0.057124 -0.017966 0.049224
v -0.057120 -0.018053 0.049215
v -0.057094 -0.018017 0.049286
v -0.057094 -0.018017 0.049286
v -0.057101 -0.018018 0.049349
v -0.057095 -0.017950 0.049333
v -0.057095 -0.017950 0.049333
v -0.057101 -0.018018 0.049349
v -0.057128 -0.018042 0.049386
v -0.057095 -0.017950 0.049333
v -0.057128 -0.018042 0.049386
v -0.057102 -0.017958 0.049366
v -0.057735 -0.018368 0.048258
v -0.057129 -0.017930 0.049145
v -0.057707 -0.018329 0.048236
v -0.057129 -0.017930 0.049145
v -0.057735 -0.018368 0.048258
v -0.057146 -0.017961 0.049183
v -0.057146 -0.017961 0.049183
v -0.057735 -0.018368 0.048258
v -0.057738 -0.018417 0.048274
v -0.057146 -0.017961 0.049183
v -0.057738 -0.018417 0.048274
v -0.057143 -0.018006 0.049208
v -0.057143 -0.018006 0.049208
v -0.057738 -0.018417 0.048274
v -0.057717 -0.018464 0.048280
v -0.057143 -0.018006 0.049208
v -0.057717 -0.018464 0.048280
v -0.057120 -0.018053 0.049215
v -0.057749 -0.018380 0.048216
v -0.057707 -0.018329 0.048236
v -0.057722 -0.018342 0.048195
v -0.057707 -0.018329 0.048236
v -0.057749 -0.018380 0.048216
v -0.057735 -0.018368 0.048258
v -0.057735 -0.018368 0.048258
v -0.057749 -0.018380 0.048216
v -0.057753 -0.018430 0.048232
v -0.057735 -0.018368 0.048258
v -0.057753 -0.018430 0.048232
v -0.057738 -0.018417 0.048274
v -0.057738 -0.018417 0.048274
v -0.057753 -0.018430 0.048232
v -0.057731 -0.018476 0.048238
v -0.057738 -0.018417 0.048274
v -0.057731 -0.018476 0.048238
v -0.057717 -0.018464 0.048280
v -0.060179 -0.019719 0.032163
v -0.060118 -0.019236 0.028759
v -0.059781 -0.018537 0.023322
v -0.060118 -0.019236 0.028759
v -0.060181 -0.019644 0.032859
v -0.059739 -0.018404 0.023344
v -0.060118 -0.019236 0.028759
v -0.059739 -0.018404 0.023344
v -0.058799 -0.017161 0.009729
v -0.057731 -0.018476 0.048238
v -0.057753 -0.018430 0.048232
v -0.058115 -0.018808 0.047043
v -0.058752 -0.017138 0.009733
v -0.058799 -0.017161 0.009729
v -0.059739 -0.018404 0.023344
v -0.060118 -0.019236 0.028759
v -0.058799 -0.017161 0.009729
v -0.058827 -0.017204 0.009726
v -0.060118 -0.019236 0.028759
v -0.058827 -0.017204 0.009726
v -0.059781 -0.018537 0.023322
v -0.058831 -0.017256 0.009724
v -0.059781 -0.018537 0.023322
v -0.058827 -0.017204 0.009726
v -0.059755 -0.019880 0.039690
v -0.057749 -0.018380 0.048216
v -0.057722 -0.018342 0.048195
v -0.059755 -0.019880 0.039690
v -0.057722 -0.018342 0.048195
v -0.058013 -0.018589 0.047317
v -0.059755 -0.019880 0.039690
v -0.058013 -0.018589 0.047317
v -0.059529 -0.019709 0.041036
v -0.059755 -0.019880 0.039690
v -0.059529 -0.019709 0.041036
v -0.060181 -0.019644 0.032859
v -0.059755 -0.019880 0.039690
v -0.060181 -0.019644 0.032859
v -0.060118 -0.019236 0.028759
v -0.059755 -0.019880 0.039690
v -0.060118 -0.019236 0.028759
v -0.060179 -0.019719 0.032163
v -0.059755 -0.019880 0.039690
v -0.060179 -0.019719 0.032163
v -0.059719 -0.019948 0.039689
v -0.059755 -0.019880 0.039690
v -0.059719 -0.019948 0.039689
v -0.058115 -0.018808 0.047043
v -0.059755 -0.019880 0.039690
v -0.058115 -0.018808 0.047043
v -0.057753 -0.018430 0.048232
v -0.059755 -0.019880 0.039690
v -0.057753 -0.018430 0.048232
v -0.057749 -0.018380 0.048216
v -0.058752 -0.017138 0.009733
v -0.058752 -0.017138 0.009726
v -0.058799 -0.017161 0.009729
v -0.058799 -0.017161 0.009729
v -0.058752 -0.017138 0.009726
v -0.058798 -0.017160 0.009720
v -0.058799 -0.017161 0.009729
v -0.058798 -0.017160 0.009720
v -0.058827 -0.017204 0.009726
v -0.058827 -0.017204 0.009726
v -0.058798 -0.017160 0.009720
v -0.058826 -0.017203 0.009715
v -0.058827 -0.017204 0.009726
v -0.058826 -0.017203 0.009715
v -0.058831 -0.017256 0.009724
v -0.058831 -0.017256 0.009724
v -0.058826 -0.017203 0.009715
v -0.058830 -0.017255 0.009713
v -0.051018 -0.015617 0.009522
v -0.050861 -0.015610 0.009683
v -0.050946 -0.015675 0.009531
v -0.051355 -0.015682 0.009347
v -0.051200 -0.015723 0.009373
v -0.052169 -0.015913 0.009110
v -0.057084 -0.016892 0.009031
v -0.058104 -0.017028 0.009246
v -0.057738 -0.016926 0.009233
v -0.057738 -0.016926 0.009233
v -0.053462 -0.016069 0.009070
v -0.057084 -0.016892 0.009031
v -0.057084 -0.016892 0.009031
v -0.053462 -0.016069 0.009070
v -0.052169 -0.015913 0.009110
v -0.053462 -0.016069 0.009070
v -0.051355 -0.015682 0.009347
v -0.052169 -0.015913 0.009110
v -0.058303 -0.017141 0.009280
v -0.058701 -0.017153 0.009519
v -0.058104 -0.017028 0.009246
v -0.058303 -0.017141 0.009280
v -0.058104 -0.017028 0.009246
v -0.057084 -0.016892 0.009031
v -0.057738 -0.016926 0.009233
v -0.058104 -0.017028 0.009246
v -0.058522 -0.017086 0.009478
v -0.058701 -0.017153 0.009519
v -0.058522 -0.017086 0.009478
v -0.058104 -0.017028 0.009246
v -0.058830 -0.017255 0.009713
v -0.058826 -0.017203 0.009715
v -0.058790 -0.017244 0.009595
v -0.050839 -0.015657 0.009677
v -0.050946 -0.015675 0.009531
v -0.050861 -0.015610 0.009683
v -0.051355 -0.015682 0.009347
v -0.053462 -0.016069 0.009070
v -0.051384 -0.015659 0.009414
v -0.058701 -0.017153 0.009519
v -0.058303 -0.017141 0.009280
v -0.058684 -0.017221 0.009476
v -0.051384 -0.015659 0.009414
v -0.051065 -0.015598 0.009579
v -0.051355 -0.015682 0.009347
v -0.051355 -0.015682 0.009347
v -0.051065 -0.015598 0.009579
v -0.051018 -0.015617 0.009522
v -0.051355 -0.015682 0.009347
v -0.051018 -0.015617 0.009522
v -0.051200 -0.015723 0.009373
v -0.051200 -0.015723 0.009373
v -0.051018 -0.015617 0.009522
v -0.050946 -0.015675 0.009531
v -0.058684 -0.017221 0.009476
v -0.058790 -0.017244 0.009595
v -0.058701 -0.017153 0.009519
v -0.058701 -0.017153 0.009519
v -0.058790 -0.017244 0.009595
v -0.058826 -0.017203 0.009715
v -0.058701 -0.017153 0.009519
v -0.058826 -0.017203 0.009715
v -0.058798 -0.017160 0.009720
v -0.058798 -0.017160 0.009720
v -0.058752 -0.017138 0.009726
v -0.058701 -0.017153 0.009519
v -0.058701 -0.017153 0.009519
v -0.058752 -0.017138 0.009726
v -0.058698 -0.017124 0.009611
v -0.058701 -0.017153 0.009519
v -0.058698 -0.017124 0.009611
v -0.058522 -0.017086 0.009478
v -0.051065 -0.015598 0.009579
v -0.050949 -0.015577 0.009716
v -0.051018 -0.015617 0.009522
v -0.051018 -0.015617 0.009522
v -0.050949 -0.015577 0.009716
v -0.050901 -0.015581 0.009697
v -0.051018 -0.015617 0.009522
v -0.050901 -0.015581 0.009697
v -0.050861 -0.015610 0.009683
v -0.050949 -0.015577 0.009716
v -0.050941 -0.015576 0.009741
v -0.050901 -0.015581 0.009697
v -0.050901 -0.015581 0.009697
v -0.050941 -0.015576 0.009741
v -0.050891 -0.015580 0.009728
v -0.050901 -0.015581 0.009697
v -0.050891 -0.015580 0.009728
v -0.050861 -0.015610 0.009683
v -0.050861 -0.015610 0.009683
v -0.050891 -0.015580 0.009728
v -0.050849 -0.015608 0.009719
v -0.050861 -0.015610 0.009683
v -0.050849 -0.015608 0.009719
v -0.050839 -0.015657 0.009677
v -0.050839 -0.015657 0.009677
v -0.050849 -0.015608 0.009719
v -0.050826 -0.015655 0.009714
v -0.046692 -0.013823 0.026791
v -0.045774 -0.012935 0.034981
v -0.045849 -0.013216 0.032245
v -0.047082 -0.014176 0.024757
v -0.046692 -0.013823 0.026791
v -0.045849 -0.013216 0.032245
v -0.047082 -0.014176 0.024757
v -0.050849 -0.015608 0.009719
v -0.046692 -0.013823 0.026791
v -0.046903 -0.013899 0.026125
v -0.045846 -0.012908 0.034979
v -0.046692 -0.013823 0.026791
v -0.045774 -0.012935 0.034981
v -0.046880 -0.013058 0.041788
v -0.047269 -0.013249 0.043136
v -0.050282 -0.015559 0.011864
v -0.050849 -0.015608 0.009719
v -0.047082 -0.014176 0.024757
v -0.050849 -0.015608 0.009719
v -0.050282 -0.015559 0.011864
v -0.050826 -0.015655 0.009714
v -0.045774 -0.012935 0.034981
v -0.046692 -0.013823 0.026791
v -0.045846 -0.012908 0.034979
v -0.045846 -0.012908 0.034979
v -0.046880 -0.013058 0.041788
v -0.045774 -0.012935 0.034981
v -0.050891 -0.015580 0.009728
v -0.050941 -0.015576 0.009741
v -0.050396 -0.015478 0.011888
v -0.050891 -0.015580 0.009728
v -0.050396 -0.015478 0.011888
v -0.046903 -0.013899 0.026125
v -0.050891 -0.015580 0.009728
v -0.046903 -0.013899 0.026125
v -0.046692 -0.013823 0.026791
v -0.050891 -0.015580 0.009728
v -0.046692 -0.013823 0.026791
v -0.050849 -0.015608 0.009719
v -0.049916 -0.014411 0.048241
v -0.047269 -0.013249 0.043136
v -0.049955 -0.014381 0.048224
v -0.049955 -0.014381 0.048224
v -0.047269 -0.013249 0.043136
v -0.046880 -0.013058 0.041788
v -0.049955 -0.014381 0.048224
v -0.046880 -0.013058 0.041788
v -0.049999 -0.014376 0.048196
v -0.045849 -0.013216 0.032245
v -0.045774 -0.012935 0.034981
v -0.045910 -0.012930 0.037726
v -0.045910 -0.012930 0.037726
v -0.045774 -0.012935 0.034981
v -0.047269 -0.013249 0.043136
v -0.045910 -0.012930 0.037726
v -0.047269 -0.013249 0.043136
v -0.047232 -0.013316 0.043140
v -0.047232 -0.013316 0.043140
v -0.047269 -0.013249 0.043136
v -0.049916 -0.014411 0.048241
v -0.047232 -0.013316 0.043140
v -0.049916 -0.014411 0.048241
v -0.049892 -0.014457 0.048243
v -0.049995 -0.014400 0.048283
v -0.049999 -0.014376 0.048196
v -0.050039 -0.014395 0.048254
v -0.049999 -0.014376 0.048196
v -0.049995 -0.014400 0.048283
v -0.049955 -0.014381 0.048224
v -0.049955 -0.014381 0.048224
v -0.049995 -0.014400 0.048283
v -0.049957 -0.014429 0.048301
v -0.049955 -0.014381 0.048224
v -0.049957 -0.014429 0.048301
v -0.049916 -0.014411 0.048241
v -0.049916 -0.014411 0.048241
v -0.049957 -0.014429 0.048301
v -0.049932 -0.014475 0.048303
v -0.049916 -0.014411 0.048241
v -0.049932 -0.014475 0.048303
v -0.049892 -0.014457 0.048243
v -0.050697 -0.014724 0.049022
v -0.050039 -0.014395 0.048254
v -0.050731 -0.014714 0.048985
v -0.050039 -0.014395 0.048254
v -0.050697 -0.014724 0.049022
v -0.049995 -0.014400 0.048283
v -0.049995 -0.014400 0.048283
v -0.050697 -0.014724 0.049022
v -0.050664 -0.014757 0.049045
v -0.049995 -0.014400 0.048283
v -0.050664 -0.014757 0.049045
v -0.049957 -0.014429 0.048301
v -0.049957 -0.014429 0.048301
v -0.050664 -0.014757 0.049045
v -0.050641 -0.014804 0.049047
v -0.049957 -0.014429 0.048301
v -0.050641 -0.014804 0.049047
v -0.049932 -0.014475 0.048303
v -0.050662 -0.015112 0.048952
v -0.051951 -0.015462 0.048214
v -0.049930 -0.014777 0.048209
v -0.050662 -0.015112 0.048952
v -0.050735 -0.015158 0.049062
v -0.051951 -0.015462 0.048214
v -0.057459 -0.018643 0.048244
v -0.055715 -0.017394 0.048231
v -0.053877 -0.016333 0.048221
v -0.050735 -0.015158 0.049062
v -0.050740 -0.015175 0.049139
v -0.051951 -0.015462 0.048214
v -0.051951 -0.015462 0.048214
v -0.050740 -0.015175 0.049139
v -0.053767 -0.016278 0.048236
v -0.051951 -0.015462 0.048214
v -0.053767 -0.016278 0.048236
v -0.053877 -0.016333 0.048221
v -0.057459 -0.018643 0.048244
v -0.053877 -0.016333 0.048221
v -0.056938 -0.018280 0.049078
v -0.056938 -0.018280 0.049078
v -0.053877 -0.016333 0.048221
v -0.053767 -0.016278 0.048236
v -0.056938 -0.018280 0.049078
v -0.053767 -0.016278 0.048236
v -0.056874 -0.018247 0.049201
v -0.057472 -0.018654 0.048204
v -0.055715 -0.017394 0.048231
v -0.057459 -0.018643 0.048244
v -0.057472 -0.018654 0.048204
v -0.058956 -0.019810 0.042517
v -0.055715 -0.017394 0.048231
v -0.058673 -0.017530 0.009717
v -0.054772 -0.016750 0.009717
v -0.058674 -0.017530 0.009724
v -0.051951 -0.015462 0.048214
v -0.053877 -0.016333 0.048221
v -0.051669 -0.014818 0.043539
v -0.050863 -0.015968 0.009734
v -0.047462 -0.014690 0.023345
v -0.052617 -0.016231 0.015613
v -0.052617 -0.016231 0.015613
v -0.047462 -0.014690 0.023345
v -0.051332 -0.015293 0.026419
v -0.051332 -0.015293 0.026419
v -0.047462 -0.014690 0.023345
v -0.045939 -0.013529 0.032176
v -0.051332 -0.015293 0.026419
v -0.045939 -0.013529 0.032176
v -0.051162 -0.014203 0.035665
v -0.045939 -0.013529 0.032176
v -0.046171 -0.013259 0.038971
v -0.051162 -0.014203 0.035665
v -0.051669 -0.014818 0.043539
v -0.051162 -0.014203 0.035665
v -0.046171 -0.013259 0.038971
v -0.049930 -0.014777 0.048209
v -0.051951 -0.015462 0.048214
v -0.049891 -0.014759 0.048151
v -0.058851 -0.017666 0.012632
v -0.055704 -0.016991 0.021487
v -0.059649 -0.018967 0.024848
v -0.059649 -0.018967 0.024848
v -0.055704 -0.016991 0.021487
v -0.055711 -0.016754 0.029571
v -0.059649 -0.018967 0.024848
v -0.055711 -0.016754 0.029571
v -0.059857 -0.020028 0.034375
v -0.055711 -0.016754 0.029571
v -0.055724 -0.016557 0.038596
v -0.059857 -0.020028 0.034375
v -0.059857 -0.020028 0.034375
v -0.055724 -0.016557 0.038596
v -0.058956 -0.019810 0.042517
v -0.052617 -0.016231 0.015613
v -0.051332 -0.015293 0.026419
v -0.055704 -0.016991 0.021487
v -0.055704 -0.016991 0.021487
v -0.051332 -0.015293 0.026419
v -0.055711 -0.016754 0.029571
v -0.055711 -0.016754 0.029571
v -0.051332 -0.015293 0.026419
v -0.051162 -0.014203 0.035665
v -0.055711 -0.016754 0.029571
v -0.051162 -0.014203 0.035665
v -0.055724 -0.016557 0.038596
v -0.051669 -0.014818 0.043539
v -0.055724 -0.016557 0.038596
v -0.051162 -0.014203 0.035665
v -0.050870 -0.015970 0.009710
v -0.050863 -0.015968 0.009734
v -0.054772 -0.016750 0.009717
v -0.054772 -0.016750 0.009717
v -0.050863 -0.015968 0.009734
v -0.052617 -0.016231 0.015613
v -0.054772 -0.016750 0.009717
v -0.052617 -0.016231 0.015613
v -0.058674 -0.017530 0.009724
v -0.058674 -0.017530 0.009724
v -0.052617 -0.016231 0.015613
v -0.055704 -0.016991 0.021487
v -0.058674 -0.017530 0.009724
v -0.055704 -0.016991 0.021487
v -0.058851 -0.017666 0.012632
v -0.051669 -0.014818 0.043539
v -0.053877 -0.016333 0.048221
v -0.055724 -0.016557 0.038596
v -0.055724 -0.016557 0.038596
v -0.053877 -0.016333 0.048221
v -0.055715 -0.017394 0.048231
v -0.055724 -0.016557 0.038596
v -0.055715 -0.017394 0.048231
v -0.058956 -0.019810 0.042517
v -0.049891 -0.014759 0.048151
v -0.051951 -0.015462 0.048214
v -0.048061 -0.013941 0.044915
v -0.048061 -0.013941 0.044915
v -0.051951 -0.015462 0.048214
v -0.051669 -0.014818 0.043539
v -0.048061 -0.013941 0.044915
v -0.051669 -0.014818 0.043539
v -0.046171 -0.013259 0.038971
v -0.058616 -0.017516 0.009598
v -0.058316 -0.017452 0.009408
v -0.051198 -0.016031 0.009451
v -0.058616 -0.017516 0.009598
v -0.051198 -0.016031 0.009451
v -0.050929 -0.015979 0.009623
v -0.058616 -0.017516 0.009598
v -0.050929 -0.015979 0.009623
v -0.050870 -0.015970 0.009710
v -0.058616 -0.017516 0.009598
v -0.050870 -0.015970 0.009710
v -0.054772 -0.016750 0.009717
v -0.058616 -0.017516 0.009598
v -0.054772 -0.016750 0.009717
v -0.058673 -0.017530 0.009717
v -0.058316 -0.017452 0.009408
v -0.056761 -0.017136 0.009093
v -0.051198 -0.016031 0.009451
v -0.051198 -0.016031 0.009451
v -0.056761 -0.017136 0.009093
v -0.051958 -0.016180 0.009232
v -0.057022 -0.018209 0.049217
v -0.056954 -0.018264 0.049257
v -0.057025 -0.018204 0.049282
v -0.057056 -0.018231 0.049332
v -0.057025 -0.018204 0.049282
v -0.056954 -0.018264 0.049257
v -0.056874 -0.018247 0.049201
v -0.056954 -0.018264 0.049257
v -0.056972 -0.018272 0.049162
v -0.056938 -0.018280 0.049078
v -0.056874 -0.018247 0.049201
v -0.056971 -0.018290 0.049116
v -0.056971 -0.018290 0.049116
v -0.056874 -0.018247 0.049201
v -0.056972 -0.018272 0.049162
v -0.056971 -0.018290 0.049116
v -0.056972 -0.018272 0.049162
v -0.057010 -0.018276 0.049147
v -0.057046 -0.018241 0.049161
v -0.057010 -0.018276 0.049147
v -0.057022 -0.018209 0.049217
v -0.057022 -0.018209 0.049217
v -0.057010 -0.018276 0.049147
v -0.056972 -0.018272 0.049162
v -0.057022 -0.018209 0.049217
v -0.056972 -0.018272 0.049162
v -0.056954 -0.018264 0.049257
v -0.050689 -0.015129 0.049104
v -0.050735 -0.015158 0.049062
v -0.050637 -0.015098 0.048994
v -0.050629 -0.015082 0.049214
v -0.050691 -0.015153 0.049172
v -0.050665 -0.015085 0.049168
v -0.050662 -0.015112 0.048952
v -0.050637 -0.015098 0.048994
v -0.050735 -0.015158 0.049062
v -0.050689 -0.015129 0.049104
v -0.050637 -0.015098 0.048994
v -0.050626 -0.015063 0.049030
v -0.050689 -0.015129 0.049104
v -0.050626 -0.015063 0.049030
v -0.050671 -0.015065 0.049113
v -0.050633 -0.015016 0.049050
v -0.050671 -0.015065 0.049113
v -0.050626 -0.015063 0.049030
v -0.050671 -0.015065 0.049113
v -0.050665 -0.015085 0.049168
v -0.050689 -0.015129 0.049104
v -0.050689 -0.015129 0.049104
v -0.050665 -0.015085 0.049168
v -0.050691 -0.015153 0.049172
v -0.050689 -0.015129 0.049104
v -0.050691 -0.015153 0.049172
v -0.050735 -0.015158 0.049062
v -0.050735 -0.015158 0.049062
v -0.050691 -0.015153 0.049172
v -0.050740 -0.015175 0.049139
v -0.050662 -0.015112 0.048952
v -0.049930 -0.014777 0.048209
v -0.050637 -0.015098 0.048994
v -0.050637 -0.015098 0.048994
v -0.049930 -0.014777 0.048209
v -0.049895 -0.014757 0.048241
v -0.050637 -0.015098 0.048994
v -0.049895 -0.014757 0.048241
v -0.050626 -0.015063 0.049030
v -0.050626 -0.015063 0.049030
v -0.049895 -0.014757 0.048241
v -0.049876 -0.014717 0.048267
v -0.050626 -0.015063 0.049030
v -0.049876 -0.014717 0.048267
v -0.050633 -0.015016 0.049050
v -0.050633 -0.015016 0.049050
v -0.049876 -0.014717 0.048267
v -0.049879 -0.014667 0.048281
v -0.049930 -0.014777 0.048209
v -0.049891 -0.014759 0.048151
v -0.049895 -0.014757 0.048241
v -0.049895 -0.014757 0.048241
v -0.049891 -0.014759 0.048151
v -0.049855 -0.014739 0.048182
v -0.049895 -0.014757 0.048241
v -0.049855 -0.014739 0.048182
v -0.049876 -0.014717 0.048267
v -0.049876 -0.014717 0.048267
v -0.049855 -0.014739 0.048182
v -0.049835 -0.014698 0.048207
v -0.049876 -0.014717 0.048267
v -0.049835 -0.014698 0.048207
v -0.049879 -0.014667 0.048281
v -0.049879 -0.014667 0.048281
v -0.049835 -0.014698 0.048207
v -0.049838 -0.014648 0.048220
v -0.049891 -0.014759 0.048151
v -0.046952 -0.013484 0.042350
v -0.049855 -0.014739 0.048182
v -0.049891 -0.014759 0.048151
v -0.048061 -0.013941 0.044915
v -0.046952 -0.013484 0.042350
v -0.045909 -0.013495 0.031475
v -0.045939 -0.013529 0.032176
v -0.047462 -0.014690 0.023345
v -0.045909 -0.013495 0.031475
v -0.047462 -0.014690 0.023345
v -0.047383 -0.014578 0.023311
v -0.047462 -0.014690 0.023345
v -0.050818 -0.015946 0.009722
v -0.047383 -0.014578 0.023311
v -0.047383 -0.014578 0.023311
v -0.050818 -0.015946 0.009722
v -0.050790 -0.015903 0.009714
v -0.045820 -0.013135 0.036941
v -0.046952 -0.013484 0.042350
v -0.046171 -0.013259 0.038971
v -0.046171 -0.013259 0.038971
v -0.045939 -0.013529 0.032176
v -0.045820 -0.013135 0.036941
v -0.045820 -0.013135 0.036941
v -0.045939 -0.013529 0.032176
v -0.045909 -0.013495 0.031475
v -0.046171 -0.013259 0.038971
v -0.046952 -0.013484 0.042350
v -0.048061 -0.013941 0.044915
v -0.049855 -0.014739 0.048182
v -0.046952 -0.013484 0.042350
v -0.049835 -0.014698 0.048207
v -0.050863 -0.015968 0.009734
v -0.050818 -0.015946 0.009722
v -0.047462 -0.014690 0.023345
v -0.050787 -0.015851 0.009711
v -0.047383 -0.014578 0.023311
v -0.050790 -0.015903 0.009714
v -0.046952 -0.013484 0.042350
v -0.045820 -0.013135 0.036941
v -0.046933 -0.013412 0.042365
v -0.046952 -0.013484 0.042350
v -0.046933 -0.013412 0.042365
v -0.049835 -0.014698 0.048207
v -0.049835 -0.014698 0.048207
v -0.046933 -0.013412 0.042365
v -0.049705 -0.014587 0.048018
v -0.049835 -0.014698 0.048207
v -0.049705 -0.014587 0.048018
v -0.049838 -0.014648 0.048220
v -0.050828 -0.015947 0.009691
v -0.050863 -0.015968 0.009734
v -0.050870 -0.015970 0.009710
v -0.050863 -0.015968 0.009734
v -0.050828 -0.015947 0.009691
v -0.050818 -0.015946 0.009722
v -0.050818 -0.015946 0.009722
v -0.050828 -0.015947 0.009691
v -0.050802 -0.015904 0.009678
v -0.050818 -0.015946 0.009722
v -0.050802 -0.015904 0.009678
v -0.050790 -0.015903 0.009714
v -0.050790 -0.015903 0.009714
v -0.050802 -0.015904 0.009678
v -0.050799 -0.015852 0.009674
v -0.050790 -0.015903 0.009714
v -0.050799 -0.015852 0.009674
v -0.050787 -0.015851 0.009711
v -0.051016 -0.015964 0.009470
v -0.052166 -0.016189 0.009124
v -0.051178 -0.015923 0.009361
v -0.050940 -0.015878 0.009499
v -0.051016 -0.015964 0.009470
v -0.051178 -0.015923 0.009361
v -0.050940 -0.015878 0.009499
v -0.050802 -0.015904 0.009678
v -0.051016 -0.015964 0.009470
v -0.050929 -0.015979 0.009623
v -0.051198 -0.016031 0.009451
v -0.051016 -0.015964 0.009470
v -0.050828 -0.015947 0.009691
v -0.050929 -0.015979 0.009623
v -0.051016 -0.015964 0.009470
v -0.051958 -0.016180 0.009232
v -0.056761 -0.017136 0.009093
v -0.052166 -0.016189 0.009124
v -0.051016 -0.015964 0.009470
v -0.051958 -0.016180 0.009232
v -0.052166 -0.016189 0.009124
v -0.056761 -0.017136 0.009093
v -0.058316 -0.017452 0.009408
v -0.057627 -0.017280 0.009143
v -0.058316 -0.017452 0.009408
v -0.058616 -0.017516 0.009598
v -0.058555 -0.017471 0.009451
v -0.057627 -0.017280 0.009143
v -0.058316 -0.017452 0.009408
v -0.058555 -0.017471 0.009451
v -0.058555 -0.017471 0.009451
v -0.058616 -0.017516 0.009598
v -0.058727 -0.017509 0.009633
v -0.050929 -0.015979 0.009623
v -0.050828 -0.015947 0.009691
v -0.050870 -0.015970 0.009710
v -0.050802 -0.015904 0.009678
v -0.050828 -0.015947 0.009691
v -0.051016 -0.015964 0.009470
v -0.050819 -0.015855 0.009634
v -0.050802 -0.015904 0.009678
v -0.050940 -0.015878 0.009499
v -0.050802 -0.015904 0.009678
v -0.050819 -0.015855 0.009634
v -0.050799 -0.015852 0.009674
v -0.051198 -0.016031 0.009451
v -0.051958 -0.016180 0.009232
v -0.051016 -0.015964 0.009470
v -0.051960 -0.016075 0.009136
v -0.051178 -0.015923 0.009361
v -0.052166 -0.016189 0.009124
v -0.058768 -0.017498 0.009709
v -0.058727 -0.017509 0.009633
v -0.058725 -0.017527 0.009712
v -0.058725 -0.017527 0.009712
v -0.058727 -0.017509 0.009633
v -0.058616 -0.017516 0.009598
v -0.058725 -0.017527 0.009712
v -0.058616 -0.017516 0.009598
v -0.058673 -0.017530 0.009717
v -0.056761 -0.017136 0.009093
v -0.057627 -0.017280 0.009143
v -0.052166 -0.016189 0.009124
v -0.052166 -0.016189 0.009124
v -0.057627 -0.017280 0.009143
v -0.056098 -0.016898 0.008944
v -0.052166 -0.016189 0.009124
v -0.056098 -0.016898 0.008944
v -0.051960 -0.016075 0.009136
v -0.056098 -0.016898 0.008944
v -0.057627 -0.017280 0.009143
v -0.058210 -0.017326 0.009257
v -0.058210 -0.017326 0.009257
v -0.057627 -0.017280 0.009143
v -0.058555 -0.017471 0.009451
v -0.058210 -0.017326 0.009257
v -0.058555 -0.017471 0.009451
v -0.058603 -0.017408 0.009440
v -0.058603 -0.017408 0.009440
v -0.058555 -0.017471 0.009451
v -0.058727 -0.017509 0.009633
v -0.058603 -0.017408 0.009440
v -0.058727 -0.017509 0.009633
v -0.058751 -0.017441 0.009591
v -0.058751 -0.017441 0.009591
v -0.058727 -0.017509 0.009633
v -0.058768 -0.017498 0.009709
v -0.058751 -0.017441 0.009591
v -0.058768 -0.017498 0.009709
v -0.058790 -0.017451 0.009709
v -0.058725 -0.017527 0.009721
v -0.058673 -0.017530 0.009717
v -0.058674 -0.017530 0.009724
v -0.058673 -0.017530 0.009717
v -0.058725 -0.017527 0.009721
v -0.058725 -0.017527 0.009712
v -0.058725 -0.017527 0.009712
v -0.058725 -0.017527 0.009721
v -0.058768 -0.017498 0.009719
v -0.058725 -0.017527 0.009712
v -0.058768 -0.017498 0.009719
v -0.058768 -0.017498 0.009709
v -0.058768 -0.017498 0.009709
v -0.058768 -0.017498 0.009719
v -0.058791 -0.017452 0.009719
v -0.058768 -0.017498 0.009709
v -0.058791 -0.017452 0.009719
v -0.058790 -0.017451 0.009709
v -0.059649 -0.018967 0.024848
v -0.059857 -0.020028 0.034375
v -0.059998 -0.020037 0.034379
v -0.059649 -0.018967 0.024848
v -0.059998 -0.020037 0.034379
v -0.059825 -0.019026 0.025523
v -0.058768 -0.017498 0.009719
v -0.059649 -0.018967 0.024848
v -0.059825 -0.019026 0.025523
v -0.057516 -0.018672 0.048224
v -0.058956 -0.019810 0.042517
v -0.057472 -0.018654 0.048204
v -0.058956 -0.019810 0.042517
v -0.057516 -0.018672 0.048224
v -0.057566 -0.018664 0.048238
v -0.059337 -0.019965 0.041208
v -0.058956 -0.019810 0.042517
v -0.057566 -0.018664 0.048238
v -0.059337 -0.019965 0.041208
v -0.059857 -0.020028 0.034375
v -0.058956 -0.019810 0.042517
v -0.059998 -0.020037 0.034379
v -0.059857 -0.020028 0.034375
v -0.059337 -0.019965 0.041208
v -0.059337 -0.019965 0.041208
v -0.057566 -0.018664 0.048238
v -0.057606 -0.018632 0.048242
v -0.058971 -0.017592 0.012629
v -0.058768 -0.017498 0.009719
v -0.059825 -0.019026 0.025523
v -0.058768 -0.017498 0.009719
v -0.058971 -0.017592 0.012629
v -0.058791 -0.017452 0.009719
v -0.058725 -0.017527 0.009721
v -0.058674 -0.017530 0.009724
v -0.058851 -0.017666 0.012632
v -0.058725 -0.017527 0.009721
v -0.058851 -0.017666 0.012632
v -0.059649 -0.018967 0.024848
v -0.058725 -0.017527 0.009721
v -0.059649 -0.018967 0.024848
v -0.058768 -0.017498 0.009719
v -0.057472 -0.018654 0.048204
v -0.057459 -0.018643 0.048244
v -0.057516 -0.018672 0.048224
v -0.057516 -0.018672 0.048224
v -0.057459 -0.018643 0.048244
v -0.057503 -0.018660 0.048264
v -0.057516 -0.018672 0.048224
v -0.057503 -0.018660 0.048264
v -0.057566 -0.018664 0.048238
v -0.057566 -0.018664 0.048238
v -0.057503 -0.018660 0.048264
v -0.057552 -0.018652 0.048279
v -0.057566 -0.018664 0.048238
v -0.057552 -0.018652 0.048279
v -0.057606 -0.018632 0.048242
v -0.057606 -0.018632 0.048242
v -0.057552 -0.018652 0.048279
v -0.057593 -0.018620 0.048284
v -0.057459 -0.018643 0.048244
v -0.056938 -0.018280 0.049078
v -0.057503 -0.018660 0.048264
v -0.057503 -0.018660 0.048264
v -0.056938 -0.018280 0.049078
v -0.056971 -0.018290 0.049116
v -0.057503 -0.018660 0.048264
v -0.056971 -0.018290 0.049116
v -0.057552 -0.018652 0.048279
v -0.057552 -0.018652 0.048279
v -0.056971 -0.018290 0.049116
v -0.057010 -0.018276 0.049147
v -0.057552 -0.018652 0.048279
v -0.057010 -0.018276 0.049147
v -0.057593 -0.018620 0.048284
v -0.057593 -0.018620 0.048284
v -0.057010 -0.018276 0.049147
v -0.057046 -0.018241 0.049161
v -0.049866 -0.019055 0.057626
v -0.050476 -0.019055 0.053735
v -0.048258 -0.019055 0.053733
v -0.050705 -0.019055 0.054290
v -0.050476 -0.019055 0.053735
v -0.049866 -0.019055 0.057626
v -0.050476 -0.019055 0.053735
v -0.049874 -0.019055 0.049843
v -0.048258 -0.019055 0.053733
v -0.049874 -0.019055 0.049843
v -0.050476 -0.019055 0.053735
v -0.050706 -0.019055 0.053181
v -0.053767 -0.019055 0.048236
v -0.049874 -0.019055 0.049843
v -0.050706 -0.019055 0.053181
v -0.053767 -0.019055 0.048236
v -0.050706 -0.019055 0.053181
v -0.051261 -0.019055 0.052952
v -0.053767 -0.019055 0.048236
v -0.051261 -0.019055 0.052952
v -0.051815 -0.019055 0.053182
v -0.053767 -0.019055 0.048236
v -0.051815 -0.019055 0.053182
v -0.052044 -0.019055 0.053737
v -0.053767 -0.019055 0.048236
v -0.052044 -0.019055 0.053737
v -0.055478 -0.019055 0.053741
v -0.053767 -0.019055 0.048236
v -0.055478 -0.019055 0.053741
v -0.055709 -0.019055 0.053187
v -0.053767 -0.019055 0.048236
v -0.055709 -0.019055 0.053187
v -0.057656 -0.019055 0.049852
v -0.053755 -0.019055 0.059242
v -0.057648 -0.019055 0.057634
v -0.055707 -0.019055 0.054295
v -0.053755 -0.019055 0.059242
v -0.055707 -0.019055 0.054295
v -0.055478 -0.019055 0.053741
v -0.053755 -0.019055 0.059242
v -0.055478 -0.019055 0.053741
v -0.052044 -0.019055 0.053737
v -0.053755 -0.019055 0.059242
v -0.052044 -0.019055 0.053737
v -0.051813 -0.019055 0.054291
v -0.053755 -0.019055 0.059242
v -0.051813 -0.019055 0.054291
v -0.051259 -0.019055 0.054520
v -0.053755 -0.019055 0.059242
v -0.051259 -0.019055 0.054520
v -0.050705 -0.019055 0.054290
v -0.053755 -0.019055 0.059242
v -0.050705 -0.019055 0.054290
v -0.049866 -0.019055 0.057626
v -0.057648 -0.019055 0.057634
v -0.059264 -0.019055 0.053745
v -0.057046 -0.019055 0.053742
v -0.057648 -0.019055 0.057634
v -0.057046 -0.019055 0.053742
v -0.056816 -0.019055 0.054296
v -0.057648 -0.019055 0.057634
v -0.056816 -0.019055 0.054296
v -0.056261 -0.019055 0.054525
v -0.057648 -0.019055 0.057634
v -0.056261 -0.019055 0.054525
v -0.055707 -0.019055 0.054295
v -0.057656 -0.019055 0.049852
v -0.055709 -0.019055 0.053187
v -0.056263 -0.019055 0.052958
v -0.057656 -0.019055 0.049852
v -0.056263 -0.019055 0.052958
v -0.056817 -0.019055 0.053188
v -0.057656 -0.019055 0.049852
v -0.056817 -0.019055 0.053188
v -0.057046 -0.019055 0.053742
v -0.057656 -0.019055 0.049852
v -0.057046 -0.019055 0.053742
v -0.059264 -0.019055 0.053745
v -0.048258 -0.014052 0.053733
v -0.050476 -0.014052 0.053735
v -0.049866 -0.014052 0.057626
v -0.049866 -0.014052 0.057626
v -0.050476 -0.014052 0.053735
v -0.050705 -0.014052 0.054290
v -0.048258 -0.014052 0.053733
v -0.049874 -0.014052 0.049843
v -0.050476 -0.014052 0.053735
v -0.050706 -0.014052 0.053181
v -0.050476 -0.014052 0.053735
v -0.049874 -0.014052 0.049843
v -0.053767 -0.014052 0.048236
v -0.057656 -0.014052 0.049852
v -0.055709 -0.014052 0.053187
v -0.053767 -0.014052 0.048236
v -0.055709 -0.014052 0.053187
v -0.055478 -0.014052 0.053741
v -0.053767 -0.014052 0.048236
v -0.055478 -0.014052 0.053741
v -0.052044 -0.014052 0.053737
v -0.053767 -0.014052 0.048236
v -0.052044 -0.014052 0.053737
v -0.051815 -0.014052 0.053182
v -0.053767 -0.014052 0.048236
v -0.051815 -0.014052 0.053182
v -0.051261 -0.014052 0.052952
v -0.053767 -0.014052 0.048236
v -0.051261 -0.014052 0.052952
v -0.050706 -0.014052 0.053181
v -0.053767 -0.014052 0.048236
v -0.050706 -0.014052 0.053181
v -0.049874 -0.014052 0.049843
v -0.053755 -0.014052 0.059242
v -0.049866 -0.014052 0.057626
v -0.050705 -0.014052 0.054290
v -0.053755 -0.014052 0.059242
v -0.050705 -0.014052 0.054290
v -0.051259 -0.014052 0.054520
v -0.053755 -0.014052 0.059242
v -0.051259 -0.014052 0.054520
v -0.051813 -0.014052 0.054291
v -0.053755 -0.014052 0.059242
v -0.051813 -0.014052 0.054291
v -0.052044 -0.014052 0.053737
v -0.053755 -0.014052 0.059242
v -0.052044 -0.014052 0.053737
v -0.055478 -0.014052 0.053741
v -0.053755 -0.014052 0.059242
v -0.055478 -0.014052 0.053741
v -0.055707 -0.014052 0.054295
v -0.053755 -0.014052 0.059242
v -0.055707 -0.014052 0.054295
v -0.057648 -0.014052 0.057634
v -0.057648 -0.014052 0.057634
v -0.055707 -0.014052 0.054295
v -0.056261 -0.014052 0.054525
v -0.057648 -0.014052 0.057634
v -0.056261 -0.014052 0.054525
v -0.056816 -0.014052 0.054296
v -0.057648 -0.014052 0.057634
v -0.056816 -0.014052 0.054296
v -0.057046 -0.014052 0.053742
v -0.057648 -0.014052 0.057634
v -0.057046 -0.014052 0.053742
v -0.059264 -0.014052 0.053745
v -0.057656 -0.014052 0.049852
v -0.059264 -0.014052 0.053745
v -0.057046 -0.014052 0.053742
v -0.057656 -0.014052 0.049852
v -0.057046 -0.014052 0.053742
v -0.056817 -0.014052 0.053188
v -0.057656 -0.014052 0.049852
v -0.056817 -0.014052 0.053188
v -0.056263 -0.014052 0.052958
v -0.057656 -0.014052 0.049852
v -0.056263 -0.014052 0.052958
v -0.055709 -0.014052 0.053187
v -0.057046 -0.019055 0.053742
v -0.056816 -0.014052 0.054296
v -0.056816 -0.019055 0.054296
v -0.056816 -0.019055 0.054296
v -0.056816 -0.014052 0.054296
v -0.056261 -0.014052 0.054525
v -0.056816 -0.019055 0.054296
v -0.056261 -0.014052 0.054525
v -0.056261 -0.019055 0.054525
v -0.056816 -0.014052 0.054296
v -0.057046 -0.019055 0.053742
v -0.057046 -0.014052 0.053742
v -0.057046 -0.014052 0.053742
v -0.057046 -0.019055 0.053742
v -0.056817 -0.019055 0.053188
v -0.057046 -0.014052 0.053742
v -0.056817 -0.019055 0.053188
v -0.056817 -0.014052 0.053188
v -0.056817 -0.014052 0.053188
v -0.056817 -0.019055 0.053188
v -0.056263 -0.019055 0.052958
v -0.056817 -0.014052 0.053188
v -0.056263 -0.019055 0.052958
v -0.056263 -0.014052 0.052958
v -0.055478 -0.019055 0.053741
v -0.055709 -0.014052 0.053187
v -0.055709 -0.019055 0.053187
v -0.055709 -0.019055 0.053187
v -0.055709 -0.014052 0.053187
v -0.056263 -0.014052 0.052958
v -0.055709 -0.019055 0.053187
v -0.056263 -0.014052 0.052958
v -0.056263 -0.019055 0.052958
v -0.055709 -0.014052 0.053187
v -0.055478 -0.019055 0.053741
v -0.055478 -0.014052 0.053741
v -0.055478 -0.014052 0.053741
v -0.055478 -0.019055 0.053741
v -0.055707 -0.019055 0.054295
v -0.055478 -0.014052 0.053741
v -0.055707 -0.019055 0.054295
v -0.055707 -0.014052 0.054295
v -0.055707 -0.014052 0.054295
v -0.055707 -0.019055 0.054295
v -0.056261 -0.019055 0.054525
v -0.055707 -0.014052 0.054295
v -0.056261 -0.019055 0.054525
v -0.056261 -0.014052 0.054525
v -0.052044 -0.019055 0.053737
v -0.051813 -0.014052 0.054291
v -0.051813 -0.019055 0.054291
v -0.051813 -0.019055 0.054291
v -0.051813 -0.014052 0.054291
v -0.051259 -0.014052 0.054520
v -0.051813 -0.019055 0.054291
v -0.051259 -0.014052 0.054520
v -0.051259 -0.019055 0.054520
v -0.051813 -0.014052 0.054291
v -0.052044 -0.019055 0.053737
v -0.052044 -0.014052 0.053737
v -0.052044 -0.014052 0.053737
v -0.052044 -0.019055 0.053737
v -0.051815 -0.019055 0.053182
v -0.052044 -0.014052 0.053737
v -0.051815 -0.019055 0.053182
v -0.051815 -0.014052 0.053182
v -0.051815 -0.014052 0.053182
v -0.051815 -0.019055 0.053182
v -0.051261 -0.019055 0.052952
v -0.051815 -0.014052 0.053182
v -0.051261 -0.019055 0.052952
v -0.051261 -0.014052 0.052952
v -0.050476 -0.019055 0.053735
v -0.050706 -0.014052 0.053181
v -0.050706 -0.019055 0.053181
v -0.050706 -0.019055 0.053181
v -0.050706 -0.014052 0.053181
v -0.051261 -0.014052 0.052952
v -0.050706 -0.019055 0.053181
v -0.051261 -0.014052 0.052952
v -0.051261 -0.019055 0.052952
v -0.050706 -0.014052 0.053181
v -0.050476 -0.019055 0.053735
v -0.050476 -0.014052 0.053735
v -0.050476 -0.014052 0.053735
v -0.050476 -0.019055 0.053735
v -0.050705 -0.019055 0.054290
v -0.050476 -0.014052 0.053735
v -0.050705 -0.019055 0.054290
v -0.050705 -0.014052 0.054290
v -0.050705 -0.014052 0.054290
v -0.050705 -0.019055 0.054290
v -0.051259 -0.019055 0.054520
v -0.050705 -0.014052 0.054290
v -0.051259 -0.019055 0.054520
v -0.051259 -0.014052 0.054520
vn -0.2599 -0.8476 -0.4625
vn -0.8669 -0.0127 0.4983
vn -0.2252 -0.8436 -0.4874
vn -0.8971 -0.3621 0.2533
vn 0.3200 -0.7508 -0.5778
vn -0.2445 -0.9322 -0.2668
vn -0.8791 -0.1484 0.4529
vn 0.2711 0.0234 -0.9623
vn 0.2699 0.1097 -0.9566
vn 0.7908 -0.5226 0.3186
vn 0.9498 -0.0298 0.3113
vn 0.8706 -0.4258 0.2464
vn 0.2028 0.9426 0.2654
vn 0.4061 0.7295 0.5504
vn 0.2754 0.9127 0.3019
vn 0.2767 0.8100 0.5171
vn 0.2263 0.8890 0.3981
vn 0.2672 0.8957 0.3554
vn 0.2784 0.9115 0.3029
vn 0.3370 0.8351 0.4349
vn 0.3031 0.8619 0.4065
vn 0.1400 0.9722 0.1877
vn 0.2803 0.9570 0.0748
vn 0.1979 0.9377 0.2857
vn 0.1561 0.9233 0.3510
vn 0.1480 0.9559 0.2536
vn 0.1146 0.9804 0.1602
vn 0.0103 0.9885 0.1512
vn -0.0037 0.9826 0.1855
vn 0.0014 0.9739 0.2269
vn 0.0284 0.9747 0.2215
vn 0.0187 0.9833 0.1810
vn 0.0946 0.9739 0.2063
vn 0.0842 0.9805 0.1778
vn 0.1997 0.9434 0.2649
vn 0.1530 0.9760 0.1551
vn 0.0565 0.9908 0.1231
vn 0.3979 0.7089 0.5824
vn 0.3471 0.7181 0.6032
vn 0.3541 0.8078 0.4713
vn 0.2923 0.8019 0.5211
vn 0.2849 0.9184 0.2746
vn 0.0611 0.9468 0.3160
vn 0.1540 0.9204 0.3593
vn 0.1893 0.8880 0.4191
vn 0.2723 0.8373 0.4741
vn 0.1023 0.9766 0.1891
vn 0.0624 0.9753 0.2120
vn 0.0816 0.9629 0.2573
vn 0.3149 0.8098 0.4951
vn 0.3705 0.8549 0.3632
vn 0.2460 0.9347 0.2567
vn -0.2706 -0.8476 0.4564
vn 0.8650 -0.0126 0.5016
vn -0.3095 -0.8436 0.4387
vn 0.6680 -0.3620 0.6502
vn -0.6603 -0.7509 0.0117
vn -0.1088 -0.9322 0.3452
vn 0.8318 -0.1484 0.5349
vn -0.9689 0.0234 0.2463
vn -0.9634 0.1097 0.2445
vn -0.1194 -0.5226 -0.8442
vn -0.2053 -0.0299 -0.9782
vn -0.2219 -0.4258 -0.8772
vn 0.1285 0.9426 -0.3083
vn 0.2736 0.7295 -0.6269
vn 0.1237 0.9127 -0.3895
vn 0.3094 0.8100 -0.4982
vn 0.2316 0.8890 -0.3950
vn 0.1742 0.8957 -0.4091
vn 0.1231 0.9115 -0.3925
vn 0.2081 0.8350 -0.5093
vn 0.2005 0.8619 -0.4657
vn 0.0926 0.9722 -0.2151
vn -0.0754 0.9570 -0.2802
vn 0.1484 0.9377 -0.3143
vn 0.2259 0.9233 -0.3106
vn 0.1456 0.9559 -0.2550
vn 0.0815 0.9804 -0.1793
vn 0.1258 0.9885 -0.0845
vn 0.1625 0.9826 -0.0895
vn 0.1958 0.9739 -0.1147
vn 0.1776 0.9747 -0.1354
vn 0.1474 0.9833 -0.1067
vn 0.1314 0.9739 -0.1851
vn 0.1119 0.9805 -0.1618
vn 0.1296 0.9434 -0.3055
vn 0.0578 0.9760 -0.2100
vn 0.0783 0.9908 -0.1105
vn 0.3054 0.7089 -0.6357
vn 0.3488 0.7181 -0.6023
vn 0.2311 0.8078 -0.5423
vn 0.3052 0.8019 -0.5137
vn 0.0954 0.9184 -0.3840
vn 0.2431 0.9468 -0.2109
vn 0.2342 0.9204 -0.3130
vn 0.2683 0.8880 -0.3735
vn 0.2744 0.8373 -0.4729
vn 0.1126 0.9766 -0.1832
vn 0.1524 0.9753 -0.1600
vn 0.1820 0.9629 -0.1993
vn 0.2713 0.8098 -0.5203
vn 0.1293 0.8549 -0.5024
vn 0.0993 0.9347 -0.3414
vn 0.2943 0.0712 -0.9531
vn 0.0383 -0.0000 -0.9993
vn 0.7065 0.2365 0.6670
vn 0.6229 -0.1256 0.7722
vn 0.3817 -0.0000 -0.9243
vn 0.9243 -0.0000 0.3817
vn 0.9586 -0.1416 0.2472
vn 0.9749 -0.0000 0.2226
vn 0.9051 0.2025 0.3738
vn 0.8901 0.1524 0.4296
vn 0.7822 -0.4241 0.4564
vn 0.9451 0.1855 0.2691
vn 0.9046 -0.2012 -0.3758
vn 0.9092 -0.1412 -0.3917
vn 0.6380 0.0029 -0.7700
vn 0.6403 -0.0000 -0.7681
vn 0.5941 -0.0400 -0.8034
vn 0.3837 -0.0000 0.9235
vn -0.1489 -0.6965 0.7020
vn 0.2345 0.0054 0.9721
vn 0.3322 0.5005 0.7995
vn 0.6021 0.0566 -0.7964
vn 0.5983 0.0625 -0.7988
vn 0.5655 0.1172 -0.8164
vn 0.3451 0.4273 -0.8357
vn 0.3577 -0.2431 -0.9016
vn 0.5711 -0.0611 -0.8186
vn 0.8506 0.2021 -0.4855
vn 0.9235 -0.0000 -0.3837
vn -0.3817 -0.0000 0.9243
vn -0.9722 0.0596 0.2266
vn -0.6699 -0.7335 0.1155
vn -0.7701 -0.0000 0.6380
vn -0.9127 0.1524 0.3792
vn -0.2167 0.7901 0.5734
vn -0.9823 -0.0843 0.1673
vn -0.9133 0.1539 -0.3771
vn -0.9140 0.0084 -0.4057
vn 0.3354 0.8137 0.4747
vn -0.2421 -0.0830 0.9667
vn -0.3373 -0.4682 0.8167
vn -0.6224 0.0241 -0.7823
vn -0.6377 0.0142 -0.7701
vn -0.6612 -0.0000 -0.7502
vn -0.9243 -0.0000 -0.3817
vn -0.9211 -0.0835 -0.3804
vn -0.9130 -0.0000 -0.4079
vn -0.4169 -0.0000 -0.9089
vn -0.4291 0.1488 -0.8909
vn -0.6387 -0.0204 -0.7691
vn -0.6017 -0.0645 -0.7961
vn -0.5489 -0.1331 -0.8252
vn 0.3000 -0.7576 -0.5798
vn -0.3837 -0.0000 -0.9235
vn -0.9235 -0.0000 0.3837
vn -0.6518 0.4817 0.5857
vn -0.7568 -0.5946 0.2715
vn -0.2154 0.3556 -0.9095
vn 0.4185 -0.1937 0.8873
vn 0.4179 -0.1997 0.8863
vn 0.3310 -0.4630 0.8223
vn 0.3322 -0.4906 0.8056
vn 0.2390 -0.7175 0.6543
vn 0.4082 -0.5379 0.7376
vn 0.3337 -0.7177 0.6112
vn 0.4018 -0.8206 0.4065
vn 0.4705 -0.7088 0.5255
vn 0.5765 -0.7402 0.3462
vn 0.6482 -0.5866 0.4854
vn -0.8029 0.1853 -0.5666
vn -0.8006 0.1865 -0.5694
vn -0.9630 0.1484 -0.2248
vn -0.9625 0.1496 -0.2265
vn -0.9930 0.1076 0.0492
vn -0.9929 0.1090 0.0477
vn -0.9671 0.0737 0.2435
vn -0.9651 0.0294 0.2604
vn -0.8841 0.1148 0.4531
vn -0.7586 0.4974 0.4208
vn -0.8652 -0.1877 0.4650
vn 0.2028 -0.1801 0.9625
vn 0.2007 -0.1791 0.9631
vn -0.2086 -0.1316 0.9691
vn -0.2097 -0.1311 0.9689
vn -0.5262 -0.0742 0.8471
vn -0.5278 -0.0717 0.8463
vn -0.7461 -0.0168 0.6656
vn -0.6957 -0.3003 0.6525
vn -0.7833 0.1681 0.5984
vn 0.1195 0.9803 0.1573
vn 0.1202 0.9803 0.1570
vn 0.1162 0.9804 0.1592
vn 0.1121 0.9805 0.1616
vn 0.1154 0.9804 0.1596
vn 0.1145 0.9805 0.1600
vn 0.1148 0.9805 0.1598
vn 0.1111 0.9805 0.1620
vn 0.1144 0.9804 0.1601
vn 0.1112 0.9805 0.1621
vn -0.5267 0.1340 -0.8394
vn -0.5496 -0.2061 -0.8096
vn -0.6208 0.1926 -0.7599
vn -0.6769 0.0142 -0.7359
vn -0.6860 0.1214 -0.7174
vn -0.6976 0.1376 -0.7032
vn -0.6957 0.1937 -0.6918
vn -0.3870 -0.1890 -0.9025
vn -0.3317 0.7319 -0.5953
vn -0.2501 -0.4302 -0.8674
vn -0.2762 0.1448 -0.9501
vn -0.0315 0.0540 -0.9980
vn -0.0143 0.1834 -0.9829
vn -0.0301 -0.9743 -0.2232
vn -0.1269 -0.9717 -0.1990
vn -0.2569 -0.9089 -0.3285
vn -0.2220 -0.8937 -0.3900
vn -0.3986 -0.7092 -0.5815
vn -0.4070 -0.7287 -0.5508
vn -0.2782 -0.8106 -0.5152
vn -0.2774 -0.9118 -0.3026
vn -0.1142 -0.9804 -0.1605
vn -0.1479 -0.9560 -0.2531
vn -0.1568 -0.9230 -0.3515
vn -0.0842 -0.9804 -0.1779
vn -0.0933 -0.9748 -0.2028
vn -0.0181 -0.9834 -0.1805
vn -0.1542 -0.9201 -0.3600
vn -0.0609 -0.9468 -0.3160
vn 0.0241 -0.9819 -0.1881
vn -0.0356 -0.9742 -0.2230
vn -0.0326 -0.9905 -0.1334
vn -0.1399 -0.9822 -0.1253
vn -0.1998 -0.9435 -0.2644
vn -0.1977 -0.9700 -0.1411
vn -0.2568 -0.9423 -0.2149
vn -0.2755 -0.9088 -0.3132
vn -0.3458 -0.7220 -0.5993
vn -0.3539 -0.8051 -0.4759
vn -0.3630 -0.8079 -0.4643
vn -0.3191 -0.8628 -0.3922
vn -0.3279 -0.8356 -0.4407
vn -0.2351 -0.8365 -0.4950
vn -0.2273 -0.8887 -0.3981
vn -0.2266 -0.8887 -0.3985
vn -0.0810 -0.9631 -0.2565
vn -0.0619 -0.9753 -0.2122
vn -0.1023 -0.9766 -0.1892
vn -0.1154 -0.9804 -0.1596
vn -0.1121 -0.9805 -0.1616
vn -0.1162 -0.9804 -0.1592
vn -0.1189 -0.9803 -0.1577
vn -0.1195 -0.9803 -0.1573
vn -0.1112 -0.9805 -0.1620
vn -0.1144 -0.9804 -0.1601
vn -0.1115 -0.9805 -0.1618
vn -0.1153 -0.9805 -0.1594
vn -0.1153 -0.9805 -0.1595
vn -0.1136 -0.9805 -0.1604
vn 0.5592 -0.1937 -0.8061
vn 0.5586 -0.1997 -0.8050
vn 0.5466 -0.4630 -0.6978
vn 0.5315 -0.4905 -0.6905
vn 0.4471 -0.7175 -0.5341
vn 0.4346 -0.5379 -0.7223
vn 0.3625 -0.7177 -0.5946
vn 0.1512 -0.8206 -0.5512
vn 0.2199 -0.7088 -0.6703
vn 0.0116 -0.7401 -0.6724
vn 0.0962 -0.5867 -0.8041
vn -0.0893 0.1852 0.9786
vn -0.0929 0.1865 0.9781
vn 0.2869 0.1483 0.9464
vn 0.2850 0.1496 0.9468
vn 0.5391 0.1076 0.8353
vn 0.5377 0.1090 0.8361
vn 0.6944 0.0737 0.7158
vn 0.7080 0.0294 0.7056
vn 0.8344 0.1148 0.5391
vn 0.7437 0.4975 0.4465
vn 0.8353 -0.1877 0.5168
vn 0.7321 -0.1800 -0.6569
vn 0.7337 -0.1791 -0.6554
vn 0.9436 -0.1316 -0.3039
vn 0.9440 -0.1311 -0.3029
vn 0.9967 -0.0741 0.0322
vn 0.9968 -0.0717 0.0339
vn 0.9495 -0.0168 0.3133
vn 0.9130 -0.3003 0.2762
vn 0.9099 0.1681 0.3792
vn 0.0765 0.9803 -0.1822
vn 0.0759 0.9803 -0.1825
vn 0.0798 0.9804 -0.1802
vn 0.0839 0.9805 -0.1779
vn 0.0805 0.9804 -0.1798
vn 0.0812 0.9805 -0.1791
vn 0.0810 0.9805 -0.1793
vn 0.0847 0.9805 -0.1772
vn 0.0815 0.9804 -0.1791
vn 0.0848 0.9805 -0.1773
vn -0.4636 0.1339 0.8759
vn -0.4263 -0.2060 0.8808
vn -0.3477 0.1925 0.9176
vn -0.2989 0.0142 0.9542
vn -0.2783 0.1214 0.9528
vn -0.2602 0.1376 0.9557
vn -0.2512 0.1937 0.9484
vn -0.5881 -0.1890 0.7864
vn -0.3496 0.7319 0.5849
vn -0.6261 -0.4302 0.6503
vn -0.6848 0.1447 0.7142
vn -0.8486 0.0539 0.5263
vn -0.8441 0.1834 0.5038
vn -0.1782 -0.9743 0.1377
vn -0.1089 -0.9717 0.2094
vn -0.1560 -0.9089 0.3867
vn -0.2268 -0.8937 0.3872
vn -0.3043 -0.7092 0.6359
vn -0.2735 -0.7287 0.6279
vn -0.3071 -0.8106 0.4985
vn -0.1234 -0.9118 0.3916
vn -0.0819 -0.9804 0.1791
vn -0.1453 -0.9560 0.2547
vn -0.2260 -0.9230 0.3115
vn -0.1119 -0.9804 0.1618
vn -0.1290 -0.9748 0.1822
vn -0.1472 -0.9834 0.1059
vn -0.2347 -0.9201 0.3135
vn -0.2432 -0.9468 0.2107
vn -0.1749 -0.9819 0.0732
vn -0.1753 -0.9742 0.1423
vn -0.0992 -0.9905 0.0949
vn -0.0386 -0.9822 0.1838
vn -0.1291 -0.9435 0.3052
vn -0.0233 -0.9700 0.2418
vn -0.0577 -0.9423 0.3299
vn -0.1335 -0.9088 0.3952
vn -0.3461 -0.7220 0.5991
vn -0.2352 -0.8051 0.5444
vn -0.2206 -0.8079 0.5465
vn -0.1801 -0.8628 0.4724
vn -0.2177 -0.8356 0.5043
vn -0.3111 -0.8365 0.4511
vn -0.2311 -0.8887 0.3959
vn -0.2318 -0.8887 0.3955
vn -0.1817 -0.9631 0.1984
vn -0.1528 -0.9753 0.1597
vn -0.1127 -0.9766 0.1832
vn -0.0805 -0.9804 0.1798
vn -0.0839 -0.9805 0.1779
vn -0.0798 -0.9804 0.1802
vn -0.0771 -0.9803 0.1819
vn -0.0765 -0.9803 0.1822
vn -0.0847 -0.9805 0.1773
vn -0.0815 -0.9804 0.1791
vn -0.0843 -0.9805 0.1775
vn -0.0805 -0.9805 0.1796
vn -0.0821 -0.9805 0.1786
vn -0.7741 -0.1142 -0.6227
vn -0.8061 -0.1246 -0.5784
vn -0.9321 -0.3403 -0.1243
vn -0.9386 -0.3449 -0.0126
vn -0.7309 -0.4535 0.5100
vn -0.7130 -0.4416 0.5446
vn -0.6574 -0.4390 0.6125
vn -0.6304 -0.4874 0.6042
vn -0.7172 -0.5601 0.4147
vn -0.7186 -0.5634 0.4077
vn 0.7843 0.0098 -0.6203
vn 0.7826 0.0104 -0.6224
vn 0.9955 0.0255 -0.0917
vn 0.9947 0.0275 -0.0993
vn 0.8454 0.0329 0.5332
vn 0.8516 0.0384 0.5227
vn 0.7935 0.1523 0.5893
vn 0.7937 0.1525 0.5889
vn 0.6949 0.1108 0.7106
vn 0.7055 0.0363 0.7078
vn -0.7009 -0.7039 -0.1153
vn -0.9785 -0.1941 -0.0698
vn -0.9176 -0.3839 -0.1035
vn -0.9589 -0.2722 -0.0795
vn -0.2751 -0.9546 -0.1144
vn -0.9822 -0.1796 0.0545
vn -0.1368 -0.9903 0.0237
vn -0.7498 -0.5915 0.2964
vn 0.5816 -0.8125 0.0392
vn -0.9519 -0.1933 0.2376
vn 0.9489 0.1939 -0.2490
vn 0.9055 0.3368 -0.2582
vn 0.9408 0.2207 -0.2572
vn 0.9712 -0.1844 -0.1509
vn 0.9441 -0.2766 0.1796
vn 0.7885 0.5692 0.2330
vn 0.9207 0.3381 -0.1951
vn 0.9606 -0.2769 0.0251
vn 0.8306 0.5546 -0.0500
vn 0.8836 -0.2806 0.3749
vn 0.8129 0.3101 0.4931
vn 0.8034 0.1568 0.5745
vn -0.0764 0.4546 -0.8874
vn -0.0868 -0.2731 -0.9581
vn -0.2042 0.0212 -0.9787
vn -0.4059 -0.0885 -0.9096
vn 0.9301 0.1912 -0.3136
vn 0.9309 0.1920 -0.3107
vn 0.7842 0.1664 -0.5977
vn 0.8348 0.3425 -0.4310
vn 0.7266 0.1273 -0.6752
vn 0.5030 0.1497 -0.8512
vn 0.4844 0.1041 -0.8686
vn 0.2454 0.0846 -0.9657
vn 0.2438 0.1618 -0.9562
vn 0.0617 -0.0781 -0.9950
vn -0.9775 -0.1935 -0.0841
vn -0.9772 -0.1933 -0.0876
vn -0.9284 -0.1788 -0.3257
vn -0.9277 -0.1762 -0.3291
vn -0.6942 -0.1239 -0.7091
vn -0.7149 -0.1789 -0.6760
vn -0.4531 -0.0244 -0.8911
vn 0.0040 -0.0124 0.9999
vn -0.5439 0.8388 -0.0226
vn -0.5274 0.8480 0.0518
vn -0.5176 0.8514 0.0852
vn -0.3605 0.9227 0.1364
vn -0.3481 0.9342 0.0779
vn -0.1960 0.9804 0.0211
vn -0.5020 0.8616 0.0755
vn -0.6735 0.7364 0.0638
vn -0.1610 0.9869 -0.0040
vn -0.2334 0.9711 -0.0505
vn -0.4274 0.9036 -0.0270
vn -0.5608 0.8240 0.0813
vn -0.6751 0.7353 0.0598
vn -0.3347 0.9419 -0.0273
vn -0.3939 0.9174 0.0568
vn -0.2200 0.9754 0.0111
vn -0.1962 0.9805 -0.0146
vn -0.1959 0.9805 -0.0147
vn -0.1961 0.9805 0.0155
vn -0.5829 0.8117 -0.0379
vn -0.5838 0.8119 -0.0077
vn -0.7511 0.6570 0.0641
vn -0.4368 0.8986 0.0417
vn -0.4617 0.8845 0.0676
vn -0.4510 0.8894 0.0746
vn -0.4313 0.8981 0.0855
vn -0.3466 0.9302 0.1211
vn -0.2910 0.9515 0.0998
vn -0.2429 0.9667 0.0807
vn -0.2781 0.9603 -0.0212
vn -0.1571 0.9853 0.0672
vn -0.1757 0.9804 -0.0887
vn -0.2221 0.9688 -0.1099
vn -0.2203 0.9737 -0.0582
vn -0.3175 0.9472 -0.0446
vn -0.6126 0.7901 -0.0186
vn -0.4679 0.8836 -0.0196
vn -0.3797 0.9195 -0.1014
vn -0.1960 0.9803 0.0243
vn -0.1961 0.9804 0.0187
vn -0.1960 0.9804 0.0215
vn -0.1960 0.9805 0.0144
vn -0.1959 0.9804 0.0189
vn -0.1959 0.9805 0.0143
vn -0.1957 0.9805 0.0175
vn 0.1832 0.9691 0.1650
vn 0.7305 0.3273 -0.5994
vn 0.7276 0.3308 -0.6010
vn 0.6670 0.3528 0.6563
vn 0.7534 0.2940 0.5882
vn 0.8631 0.4809 0.1544
vn 0.8534 0.5136 0.0888
vn -0.0714 0.9420 0.3280
vn 0.0466 0.8832 0.4667
vn 0.4239 0.7621 0.4894
vn -0.9352 -0.2221 0.2759
vn -0.7989 0.6007 -0.0308
vn -0.7934 0.6018 0.0919
vn -0.7798 0.6155 0.1139
vn -0.8092 0.5112 0.2895
vn -0.5507 0.7431 0.3802
vn -0.8517 0.2119 0.4793
vn -0.4839 -0.1090 0.8683
vn -0.9188 -0.0757 0.3873
vn -0.9906 0.0632 -0.1215
vn -0.7937 -0.0640 -0.6049
vn -0.9548 0.2630 -0.1388
vn -0.7436 0.6406 0.1916
vn -0.7484 0.6327 0.1988
vn -0.8638 0.2105 0.4578
vn -0.8636 0.2015 0.4621
vn -0.7562 -0.2649 0.5984
vn -0.7516 -0.2738 0.6001
vn -0.7858 0.6114 0.0933
vn -0.7850 0.6131 0.0883
vn -0.9464 0.1568 0.2822
vn -0.9470 0.1580 0.2796
vn -0.8526 -0.3395 0.3972
vn -0.8541 -0.3384 0.3949
vn -0.2884 -0.9473 -0.1396
vn -0.7011 0.7105 0.0600
vn -0.9976 0.0174 -0.0673
vn -0.8609 -0.3467 0.3725
vn -0.4451 0.8940 0.0509
vn -0.8323 0.5543 0.0027
vn 0.9618 0.2576 0.0927
vn -0.9958 0.0663 -0.0634
vn -0.7905 0.6073 0.0791
vn 0.7352 -0.6757 -0.0535
vn 0.5742 -0.8187 0.0074
vn -0.8350 0.5457 0.0710
vn 0.6398 -0.7657 -0.0664
vn -0.8509 0.5219 0.0591
vn -0.8854 -0.4632 0.0400
vn -0.8550 -0.4508 0.2564
vn -0.8961 0.4216 0.1384
vn -0.9697 0.1340 0.2045
vn -0.4423 0.8969 -0.0025
vn -0.4393 0.8973 0.0441
vn -0.8317 0.5550 -0.0147
vn -0.8319 0.5547 -0.0184
vn -0.9954 0.0665 -0.0688
vn -0.9955 0.0665 -0.0678
vn 0.5578 0.6017 -0.5717
vn 0.2155 0.2184 -0.9518
vn -0.2314 0.7437 -0.6272
vn -0.1902 0.8597 -0.4740
vn 0.0526 -0.1855 -0.9812
vn -0.0864 0.8461 -0.5260
vn -0.4379 0.5618 -0.7018
vn -0.2165 0.0877 -0.9723
vn -0.2697 0.9290 -0.2533
vn -0.3988 0.7471 -0.5318
vn -0.9468 0.0753 -0.3130
vn 0.7102 0.4079 -0.5739
vn -0.1214 0.9224 -0.3665
vn -0.4849 0.3754 -0.7899
vn -0.0134 0.9451 -0.3265
vn -0.0102 0.9439 -0.3300
vn 0.2816 0.5852 -0.7604
vn 0.4292 0.4009 -0.8094
vn -0.7490 0.2066 -0.6295
vn -0.8004 0.4499 -0.3963
vn -0.7629 0.5450 -0.3478
vn -0.4128 0.8955 -0.1661
vn -0.6380 0.7408 -0.2101
vn -0.3872 0.8841 -0.2616
vn 0.1096 0.9652 -0.2373
vn -0.0029 0.9797 -0.2005
vn 0.4148 0.7960 -0.4408
vn 0.0516 0.9964 -0.0666
vn 0.0521 0.9964 -0.0662
vn 0.5197 0.8279 -0.2112
vn 0.5200 0.8277 -0.2109
vn 0.8476 0.4382 -0.2992
vn 0.8480 0.4378 -0.2986
vn -0.0679 0.9927 -0.1001
vn 0.8560 -0.5115 -0.0754
vn 0.7760 0.5792 -0.2495
vn -0.0114 0.9939 -0.1099
vn 0.6972 -0.7098 0.1005
vn 0.9497 0.1815 -0.2552
vn 0.8652 0.4409 -0.2388
vn 0.3427 0.9291 -0.1392
vn 0.3400 0.9377 0.0722
vn 0.0540 0.9968 -0.0590
vn -0.9493 0.2367 0.2066
vn -0.1556 0.9858 -0.0632
vn 0.5195 0.8275 -0.2130
vn 0.4276 0.8079 0.4056
vn -0.3202 0.9464 0.0417
vn -0.0123 0.9806 0.1958
vn 0.7957 -0.6043 0.0403
vn -0.2865 0.9580 -0.0156
vn 0.8415 0.4841 0.2399
vn 0.7479 0.4481 0.4898
vn 0.7608 0.4240 0.4914
vn -0.0585 0.9630 0.2630
vn -0.0568 0.9631 0.2629
vn 0.3684 0.7849 0.4982
vn 0.3695 0.7844 0.4981
vn 0.6960 0.3954 0.5994
vn 0.6965 0.3949 0.5991
vn -0.0796 0.9390 0.3346
vn -0.0985 0.9423 0.3198
vn 0.3073 0.7292 0.6114
vn 0.2895 0.7438 0.6025
vn 0.6092 0.3265 0.7226
vn 0.5968 0.3493 0.7223
vn 0.3185 -0.9414 -0.1108
vn 0.3401 -0.9275 -0.1550
vn 0.0019 -0.0126 -0.9999
vn 0.3555 -0.9170 -0.1809
vn 0.3952 -0.8860 -0.2424
vn 0.3953 -0.8719 0.2889
vn 0.5420 -0.8400 0.0271
vn 0.4572 -0.8431 -0.2829
vn 0.5250 -0.8500 -0.0442
vn 0.5821 -0.8122 0.0374
vn 0.5827 -0.8126 0.0131
vn 0.1961 -0.9804 -0.0214
vn 0.4096 -0.9068 -0.1001
vn 0.2449 -0.9691 0.0298
vn 0.2008 -0.9777 0.0610
vn 0.2222 -0.9709 0.0893
vn 0.1998 -0.9735 0.1111
vn 0.1571 -0.9866 0.0446
vn 0.2247 -0.9725 -0.0615
vn 0.3196 -0.9443 -0.0784
vn 0.3974 -0.9149 -0.0715
vn 0.4656 -0.8846 0.0263
vn 0.5593 -0.8252 -0.0797
vn 0.6323 -0.7745 0.0178
vn 0.6744 -0.7363 -0.0549
vn 0.3177 -0.9471 0.0444
vn 0.3344 -0.9420 0.0279
vn 0.3798 -0.9195 0.1014
vn 0.4686 -0.8832 0.0200
vn 0.4366 -0.8987 -0.0421
vn 0.1961 -0.9805 -0.0155
vn 0.1959 -0.9805 0.0147
vn 0.1961 -0.9805 0.0146
vn 0.2198 -0.9755 -0.0108
vn 0.2830 -0.9587 -0.0275
vn 0.4621 -0.8842 -0.0680
vn 0.4983 -0.8637 -0.0755
vn 0.6676 -0.7417 -0.0650
vn 0.3206 -0.9454 -0.0579
vn 0.2759 -0.9543 -0.1147
vn 0.2479 -0.9683 -0.0322
vn 0.1959 -0.9804 -0.0183
vn 0.1960 -0.9805 -0.0149
vn 0.1960 -0.9804 -0.0205
vn 0.1960 -0.9803 -0.0234
vn 0.1960 -0.9803 -0.0241
vn 0.1959 -0.9805 -0.0161
vn 0.1957 -0.9806 -0.0127
vn -0.6383 -0.7692 0.0299
vn -0.6147 -0.4617 -0.6395
vn 0.2336 -0.9714 0.0416
vn 0.3598 -0.9309 0.0626
vn 0.0952 -0.9273 0.3620
vn -0.0651 -0.9310 0.3591
vn -0.4538 -0.6829 0.5725
vn -0.2061 -0.7266 0.6554
vn -0.6823 -0.7044 0.1957
vn 0.5235 -0.8519 0.0131
vn 0.7545 -0.3152 -0.5756
vn 0.5094 -0.8604 -0.0148
vn 0.8249 -0.5050 0.2538
vn 0.8411 -0.3061 0.4460
vn 0.8784 -0.0687 0.4729
vn 0.9509 -0.2474 -0.1857
vn 0.9292 -0.3542 -0.1056
vn 0.6614 -0.7114 -0.2377
vn 0.4881 -0.8579 -0.1605
vn 0.4451 -0.8948 0.0350
vn 0.4620 -0.8852 0.0541
vn 0.6850 -0.6101 0.3982
vn 0.6935 -0.5894 0.4142
vn 0.7399 -0.1648 0.6522
vn 0.7380 -0.1387 0.6604
vn 0.4697 -0.8818 0.0430
vn 0.4668 -0.8833 0.0429
vn 0.7526 -0.5665 0.3358
vn 0.7519 -0.5673 0.3358
vn 0.8365 -0.0991 0.5390
vn 0.8363 -0.0999 0.5391
vn 0.4671 -0.8832 0.0425
vn -0.4906 0.8695 -0.0574
vn 0.6407 -0.7677 -0.0096
vn 0.8052 -0.5892 -0.0672
vn 0.7884 -0.5992 -0.1390
vn 0.8182 -0.5548 -0.1510
vn -0.0989 0.9941 0.0434
vn 0.5871 -0.8079 0.0521
vn 0.8874 -0.4608 0.0159
vn 0.4832 -0.8739 0.0535
vn 0.7899 -0.5479 0.2754
vn 0.4472 -0.8940 -0.0278
vn 0.9694 -0.0662 -0.2364
vn 0.9437 -0.2777 0.1795
vn 0.8788 -0.3012 0.3702
vn 0.8389 -0.4405 0.3197
vn 0.8451 -0.0959 0.5260
vn 0.4377 -0.8938 -0.0978
vn 0.4275 -0.8976 -0.1079
vn 0.7947 -0.5577 -0.2395
vn 0.7953 -0.5572 -0.2388
vn 0.9494 -0.0682 -0.3067
vn 0.9493 -0.0685 -0.3069
vn 0.3357 -0.6008 -0.7255
vn 0.5191 -0.1761 -0.8364
vn 0.6927 -0.4068 -0.5955
vn 0.3550 -0.8888 -0.2897
vn 0.5001 -0.7864 -0.3626
vn 0.1948 -0.9352 -0.2957
vn 0.3150 -0.7801 -0.5406
vn 0.1438 -0.9574 -0.2504
vn 0.0229 -0.9584 -0.2846
vn -0.0567 -0.7627 -0.6443
vn -0.1685 -0.9206 -0.3523
vn 0.4073 -0.8970 -0.1719
vn 0.6544 -0.5560 -0.5125
vn 0.7325 -0.3007 -0.6107
vn 0.9001 -0.0759 -0.4290
vn 0.3217 -0.6909 -0.6474
vn 0.3285 -0.5152 -0.7916
vn -0.5417 -0.8236 -0.1680
vn -0.1281 -0.9684 -0.2139
vn -0.0532 -0.9880 -0.1447
vn -0.1676 0.8298 -0.5323
vn 0.1815 -0.9149 -0.3606
vn 0.0410 0.0270 -0.9988
vn -0.2063 0.3488 -0.9142
vn -0.0749 -0.7302 -0.6791
vn -0.3211 -0.3902 -0.8629
vn -0.5577 -0.5302 -0.6387
vn -0.5212 -0.5694 -0.6357
vn -0.7962 -0.4936 -0.3499
vn -0.8486 -0.4201 -0.3214
vn -0.0636 -0.9971 -0.0426
vn -0.0636 -0.9971 -0.0428
vn -0.5527 -0.8300 -0.0751
vn -0.5526 -0.8300 -0.0750
vn -0.8934 -0.4407 -0.0871
vn -0.8935 -0.4406 -0.0874
vn 0.0602 -0.9922 -0.1091
vn -0.1155 -0.9866 -0.1149
vn -0.0546 -0.9935 -0.0997
vn 0.4009 -0.9125 0.0808
vn -0.0948 -0.9714 0.2177
vn -0.8259 -0.4795 0.2968
vn 0.4524 -0.8914 -0.0262
vn 0.0638 -0.9980 0.0044
vn -0.5660 -0.7733 0.2857
vn -0.9966 -0.0430 -0.0708
vn -0.8942 -0.4411 -0.0765
vn -0.0631 -0.9967 -0.0503
vn 0.9346 -0.3549 0.0233
vn -0.5497 -0.8278 -0.1124
vn 0.4141 -0.9023 0.1195
vn 0.4130 -0.9024 0.1224
vn -0.0688 -0.9520 0.2983
vn -0.0699 -0.9511 0.3009
vn -0.5333 -0.7470 0.3970
vn -0.5343 -0.7450 0.3994
vn 0.4163 -0.8997 0.1315
vn 0.4238 -0.8971 0.1252
vn -0.0294 -0.9100 0.4136
vn -0.0204 -0.9126 0.4084
vn -0.4586 -0.6744 0.5787
vn -0.4509 -0.6816 0.5763
vn -0.0000 -1.0000 -0.0000
vn -0.0000 1.0000 -0.0000
g TriBlade_flipped_around_screw_axis_rotor_3_back_right_sunray_cw_stl_Sunray150_Texture_Clear_Liuli_Glass_Propeller
usemtl Sunray150_Texture_Clear_Liuli_Glass_Propeller
f 1//1 2//1 3//1
f 4//2 5//2 6//2
f 7//3 8//3 9//3
f 10//4 11//4 12//4
f 13//5 14//5 15//5
f 16//6 17//6 18//6
f 19//7 20//7 21//7
f 22//8 23//8 24//8
f 25//9 26//9 27//9
f 28//10 29//10 30//10
f 31//11 32//11 33//11
f 34//12 35//12 36//12
f 37//13 38//13 39//13
f 40//14 41//14 42//14
f 43//15 44//15 45//15
f 46//16 47//16 48//16
f 49//17 50//17 51//17
f 52//18 53//18 54//18
f 55//19 56//19 57//19
f 58//20 59//20 60//20
f 61//21 62//21 63//21
f 64//22 65//22 66//22
f 67//23 68//23 69//23
f 70//24 71//24 72//24
f 73//25 74//25 75//25
f 76//26 77//26 78//26
f 79//27 80//27 81//27
f 82//28 83//28 84//28
f 85//29 86//29 87//29
f 88//30 89//30 90//30
f 91//31 92//31 93//31
f 94//32 95//32 96//32
f 97//33 98//33 99//33
f 100//34 101//34 102//34
f 103//35 104//35 105//35
f 106//36 107//36 108//36
f 109//37 110//37 111//37
f 112//38 113//38 114//38
f 115//39 116//39 117//39
f 118//40 119//40 120//40
f 121//41 122//41 123//41
f 124//42 125//42 126//42
f 127//43 128//43 129//43
f 130//44 131//44 132//44
f 133//45 134//45 135//45
f 136//46 137//46 138//46
f 139//47 140//47 141//47
f 142//48 143//48 144//48
f 145//49 146//49 147//49
f 148//50 149//50 150//50
f 151//51 152//51 153//51
f 154//52 155//52 156//52
f 157//53 158//53 159//53
f 160//54 161//54 162//54
f 163//55 164//55 165//55
f 166//56 167//56 168//56
f 169//57 170//57 171//57
f 172//58 173//58 174//58
f 175//59 176//59 177//59
f 178//60 179//60 180//60
f 181//61 182//61 183//61
f 184//62 185//62 186//62
f 187//63 188//63 189//63
f 190//64 191//64 192//64
f 193//65 194//65 195//65
f 196//66 197//66 198//66
f 199//67 200//67 201//67
f 202//68 203//68 204//68
f 205//69 206//69 207//69
f 208//70 209//70 210//70
f 211//71 212//71 213//71
f 214//72 215//72 216//72
f 217//73 218//73 219//73
f 220//74 221//74 222//74
f 223//75 224//75 225//75
f 226//76 227//76 228//76
f 229//77 230//77 231//77
f 232//78 233//78 234//78
f 235//79 236//79 237//79
f 238//80 239//80 240//80
f 241//81 242//81 243//81
f 244//82 245//82 246//82
f 247//83 248//83 249//83
f 250//84 251//84 252//84
f 253//85 254//85 255//85
f 256//86 257//86 258//86
f 259//87 260//87 261//87
f 262//88 263//88 264//88
f 265//89 266//89 267//89
f 268//90 269//90 270//90
f 271//91 272//91 273//91
f 274//92 275//92 276//92
f 277//93 278//93 279//93
f 280//94 281//94 282//94
f 283//95 284//95 285//95
f 286//96 287//96 288//96
f 289//97 290//97 291//97
f 292//98 293//98 294//98
f 295//99 296//99 297//99
f 298//100 299//100 300//100
f 301//101 302//101 303//101
f 304//102 305//102 306//102
f 307//103 308//103 309//103
f 310//104 311//104 312//104
f 313//105 314//105 315//105
f 316//106 317//106 318//106
f 319//107 320//107 321//107
f 322//108 323//108 324//108
f 325//109 326//109 327//109
f 328//110 329//110 330//110
f 331//111 332//111 333//111
f 334//112 335//112 336//112
f 337//113 338//113 339//113
f 340//114 341//114 342//114
f 343//115 344//115 345//115
f 346//116 347//116 348//116
f 349//117 350//117 351//117
f 352//118 353//118 354//118
f 355//119 356//119 357//119
f 358//120 359//120 360//120
f 361//121 362//121 363//121
f 364//122 365//122 366//122
f 367//122 368//122 369//122
f 370//123 371//123 372//123
f 373//124 374//124 375//124
f 376//125 377//125 378//125
f 379//126 380//126 381//126
f 382//127 383//127 384//127
f 385//128 386//128 387//128
f 388//129 389//129 390//129
f 391//109 392//109 393//109
f 394//130 395//130 396//130
f 397//131 398//131 399//131
f 400//132 401//132 402//132
f 403//133 404//133 405//133
f 406//133 407//133 408//133
f 409//133 410//133 411//133
f 412//134 413//134 414//134
f 415//135 416//135 417//135
f 418//136 419//136 420//136
f 421//137 422//137 423//137
f 424//138 425//138 426//138
f 427//139 428//139 429//139
f 430//140 431//140 432//140
f 433//141 434//141 435//141
f 436//142 437//142 438//142
f 439//134 440//134 441//134
f 442//143 443//143 444//143
f 445//144 446//144 447//144
f 448//145 449//145 450//145
f 451//146 452//146 453//146
f 454//147 455//147 456//147
f 457//148 458//148 459//148
f 460//149 461//149 462//149
f 463//149 464//149 465//149
f 466//150 467//150 468//150
f 469//151 470//151 471//151
f 472//152 473//152 474//152
f 475//153 476//153 477//153
f 478//154 479//154 480//154
f 481//155 482//155 483//155
f 484//156 485//156 486//156
f 487//157 488//157 489//157
f 490//158 491//158 492//158
f 493//159 494//159 495//159
f 496//160 497//160 498//160
f 499//161 500//161 501//161
f 502//162 503//162 504//162
f 505//158 506//158 507//158
f 508//163 509//163 510//163
f 511//164 512//164 513//164
f 514//165 515//165 516//165
f 517//166 518//166 519//166
f 520//167 521//167 522//167
f 523//168 524//168 525//168
f 526//169 527//169 528//169
f 529//170 530//170 531//170
f 532//171 533//171 534//171
f 535//172 536//172 537//172
f 538//173 539//173 540//173
f 541//174 542//174 543//174
f 544//175 545//175 546//175
f 547//176 548//176 549//176
f 550//177 551//177 552//177
f 553//178 554//178 555//178
f 556//179 557//179 558//179
f 559//180 560//180 561//180
f 562//181 563//181 564//181
f 565//182 566//182 567//182
f 568//183 569//183 570//183
f 571//184 572//184 573//184
f 574//185 575//185 576//185
f 577//186 578//186 579//186
f 580//187 581//187 582//187
f 583//188 584//188 585//188
f 586//189 587//189 588//189
f 589//190 590//190 591//190
f 592//191 593//191 594//191
f 595//192 596//192 597//192
f 598//193 599//193 600//193
f 601//194 602//194 603//194
f 604//195 605//195 606//195
f 607//196 608//196 609//196
f 610//197 611//197 612//197
f 613//198 614//198 615//198
f 616//199 617//199 618//199
f 619//200 620//200 621//200
f 622//201 623//201 624//201
f 625//202 626//202 627//202
f 628//203 629//203 630//203
f 631//204 632//204 633//204
f 634//205 635//205 636//205
f 637//206 638//206 639//206
f 640//207 641//207 642//207
f 643//208 644//208 645//208
f 646//209 647//209 648//209
f 649//210 650//210 651//210
f 652//211 653//211 654//211
f 655//212 656//212 657//212
f 658//213 659//213 660//213
f 661//214 662//214 663//214
f 664//215 665//215 666//215
f 667//216 668//216 669//216
f 670//217 671//217 672//217
f 673//218 674//218 675//218
f 676//219 677//219 678//219
f 679//220 680//220 681//220
f 682//221 683//221 684//221
f 685//222 686//222 687//222
f 688//223 689//223 690//223
f 691//224 692//224 693//224
f 694//225 695//225 696//225
f 697//226 698//226 699//226
f 700//227 701//227 702//227
f 703//228 704//228 705//228
f 706//229 707//229 708//229
f 709//230 710//230 711//230
f 712//231 713//231 714//231
f 715//232 716//232 717//232
f 718//233 719//233 720//233
f 721//234 722//234 723//234
f 724//235 725//235 726//235
f 727//236 728//236 729//236
f 730//237 731//237 732//237
f 733//238 734//238 735//238
f 736//239 737//239 738//239
f 739//240 740//240 741//240
f 742//241 743//241 744//241
f 745//242 746//242 747//242
f 748//243 749//243 750//243
f 751//244 752//244 753//244
f 754//245 755//245 756//245
f 757//246 758//246 759//246
f 760//247 761//247 762//247
f 763//248 764//248 765//248
f 766//249 767//249 768//249
f 769//250 770//250 771//250
f 772//251 773//251 774//251
f 775//252 776//252 777//252
f 778//253 779//253 780//253
f 781//254 782//254 783//254
f 784//255 785//255 786//255
f 787//256 788//256 789//256
f 790//257 791//257 792//257
f 793//258 794//258 795//258
f 796//259 797//259 798//259
f 799//260 800//261 801//260
f 802//262 803//262 804//262
f 805//263 806//263 807//263
f 808//264 809//264 810//264
f 811//265 812//265 813//265
f 814//266 815//266 816//266
f 817//267 818//267 819//267
f 820//268 821//268 822//268
f 823//269 824//269 825//269
f 826//270 827//270 828//270
f 829//271 830//271 831//271
f 832//272 833//272 834//272
f 835//273 836//273 837//273
f 838//274 839//274 840//274
f 841//275 842//275 843//275
f 844//276 845//276 846//276
f 847//277 848//277 849//277
f 850//278 851//278 852//278
f 853//279 854//279 855//279
f 856//280 857//280 858//280
f 859//281 860//281 861//281
f 862//282 863//282 864//282
f 865//283 866//283 867//283
f 868//284 869//284 870//284
f 871//285 872//285 873//285
f 874//286 875//286 876//286
f 877//287 878//287 879//287
f 880//288 881//288 882//288
f 883//289 884//289 885//289
f 886//290 887//290 888//290
f 889//291 890//291 891//291
f 892//292 893//292 894//292
f 895//293 896//293 897//293
f 898//294 899//294 900//294
f 901//295 902//295 903//295
f 904//296 905//296 906//296
f 907//297 908//297 909//297
f 910//298 911//298 912//298
f 913//299 914//299 915//299
f 916//300 917//300 918//300
f 919//301 920//301 921//301
f 922//302 923//302 924//302
f 925//303 926//303 927//303
f 928//304 929//304 930//304
f 931//305 932//305 933//305
f 934//306 935//306 936//306
f 937//307 938//307 939//307
f 940//308 941//308 942//308
f 943//309 944//309 945//309
f 946//310 947//310 948//310
f 949//311 950//311 951//311
f 952//312 953//312 954//312
f 955//313 956//313 957//313
f 958//314 959//314 960//314
f 961//315 962//315 963//315
f 964//316 965//316 966//316
f 967//317 968//317 969//317
f 970//318 971//318 972//318
f 973//319 974//319 975//319
f 976//320 977//320 978//320
f 979//321 980//321 981//321
f 982//322 983//322 984//322
f 985//323 986//323 987//323
f 988//324 989//324 990//324
f 991//325 992//325 993//325
f 994//326 995//326 996//326
f 997//327 998//327 999//327
f 1000//328 1001//328 1002//328
f 1003//329 1004//329 1005//329
f 1006//330 1007//330 1008//330
f 1009//331 1010//331 1011//331
f 1012//332 1013//332 1014//332
f 1015//333 1016//333 1017//333
f 1018//334 1019//334 1020//334
f 1021//335 1022//335 1023//335
f 1024//336 1025//336 1026//336
f 1027//337 1028//337 1029//337
f 1030//338 1031//338 1032//338
f 1033//339 1034//339 1035//339
f 1036//340 1037//340 1038//340
f 1039//341 1040//341 1041//341
f 1042//342 1043//342 1044//342
f 1045//343 1046//343 1047//343
f 1048//344 1049//344 1050//344
f 1051//345 1052//345 1053//345
f 1054//346 1055//346 1056//346
f 1057//347 1058//347 1059//347
f 1060//348 1061//348 1062//348
f 1063//349 1064//349 1065//349
f 1066//350 1067//350 1068//350
f 1069//351 1070//351 1071//351
f 1072//352 1073//352 1074//352
f 1075//353 1076//353 1077//353
f 1078//354 1079//354 1080//354
f 1081//355 1082//355 1083//355
f 1084//356 1085//356 1086//356
f 1087//357 1088//357 1089//357
f 1090//358 1091//358 1092//358
f 1093//359 1094//359 1095//359
f 1096//360 1097//360 1098//360
f 1099//361 1100//361 1101//361
f 1102//362 1103//362 1104//362
f 1105//363 1106//363 1107//363
f 1108//364 1109//364 1110//364
f 1111//365 1112//365 1113//365
f 1114//366 1115//366 1116//366
f 1117//367 1118//367 1119//367
f 1120//368 1121//368 1122//368
f 1123//369 1124//369 1125//369
f 1126//370 1127//370 1128//370
f 1129//371 1130//371 1131//371
f 1132//372 1133//372 1134//372
f 1135//373 1136//373 1137//373
f 1138//374 1139//374 1140//374
f 1141//375 1142//375 1143//375
f 1144//376 1145//376 1146//376
f 1147//377 1148//377 1149//377
f 1150//378 1151//378 1152//378
f 1153//379 1154//379 1155//379
f 1156//380 1157//380 1158//380
f 1159//381 1160//381 1161//381
f 1162//382 1163//382 1164//382
f 1165//383 1166//383 1167//383
f 1168//384 1169//384 1170//384
f 1171//385 1172//385 1173//385
f 1174//386 1175//386 1176//386
f 1177//387 1178//387 1179//387
f 1180//388 1181//388 1182//388
f 1183//389 1184//389 1185//389
f 1186//390 1187//390 1188//390
f 1189//391 1190//391 1191//391
f 1192//392 1193//392 1194//392
f 1195//393 1196//393 1197//393
f 1198//394 1199//394 1200//394
f 1201//395 1202//395 1203//395
f 1204//396 1205//396 1206//396
f 1207//397 1208//397 1209//397
f 1210//398 1211//398 1212//398
f 1213//399 1214//399 1215//399
f 1216//400 1217//400 1218//400
f 1219//401 1220//401 1221//401
f 1222//402 1223//402 1224//402
f 1225//403 1226//403 1227//403
f 1228//404 1229//404 1230//404
f 1231//405 1232//405 1233//405
f 1234//406 1235//406 1236//406
f 1237//407 1238//407 1239//407
f 1240//408 1241//408 1242//408
f 1243//409 1244//409 1245//409
f 1246//410 1247//410 1248//410
f 1249//411 1250//411 1251//411
f 1252//412 1253//412 1254//412
f 1255//413 1256//413 1257//413
f 1258//414 1259//414 1260//414
f 1261//415 1262//415 1263//415
f 1264//416 1265//416 1266//416
f 1267//417 1268//417 1269//417
f 1270//418 1271//418 1272//418
f 1273//419 1274//419 1275//419
f 1276//420 1277//420 1278//420
f 1279//421 1280//421 1281//421
f 1282//422 1283//422 1284//422
f 1285//423 1286//423 1287//423
f 1288//424 1289//424 1290//424
f 1291//425 1292//425 1293//425
f 1294//426 1295//426 1296//426
f 1297//427 1298//427 1299//427
f 1300//428 1301//428 1302//428
f 1303//429 1304//429 1305//429
f 1306//430 1307//430 1308//430
f 1309//431 1310//431 1311//431
f 1312//432 1313//432 1314//432
f 1315//433 1316//433 1317//433
f 1318//434 1319//434 1320//434
f 1321//435 1322//435 1323//435
f 1324//436 1325//436 1326//436
f 1327//437 1328//437 1329//437
f 1330//438 1331//438 1332//438
f 1333//439 1334//439 1335//439
f 1336//440 1337//440 1338//440
f 1339//441 1340//441 1341//441
f 1342//442 1343//442 1344//442
f 1345//443 1346//443 1347//443
f 1348//444 1349//444 1350//444
f 1351//445 1352//445 1353//445
f 1354//446 1355//446 1356//446
f 1357//447 1358//447 1359//447
f 1360//448 1361//448 1362//448
f 1363//449 1364//449 1365//449
f 1366//450 1367//450 1368//450
f 1369//451 1370//451 1371//451
f 1372//452 1373//452 1374//452
f 1375//453 1376//453 1377//453
f 1378//454 1379//454 1380//454
f 1381//455 1382//455 1383//455
f 1384//456 1385//456 1386//456
f 1387//457 1388//457 1389//457
f 1390//458 1391//458 1392//458
f 1393//459 1394//459 1395//459
f 1396//460 1397//460 1398//460
f 1399//461 1400//461 1401//461
f 1402//462 1403//462 1404//462
f 1405//463 1406//463 1407//463
f 1408//464 1409//464 1410//464
f 1411//465 1412//465 1413//465
f 1414//466 1415//466 1416//466
f 1417//467 1418//467 1419//467
f 1420//468 1421//468 1422//468
f 1423//469 1424//469 1425//469
f 1426//470 1427//470 1428//470
f 1429//471 1430//471 1431//471
f 1432//472 1433//472 1434//472
f 1435//473 1436//473 1437//473
f 1438//474 1439//474 1440//474
f 1441//475 1442//475 1443//475
f 1444//476 1445//476 1446//476
f 1447//477 1448//477 1449//477
f 1450//478 1451//478 1452//478
f 1453//479 1454//479 1455//479
f 1456//480 1457//480 1458//480
f 1459//481 1460//481 1461//481
f 1462//482 1463//482 1464//482
f 1465//483 1466//483 1467//483
f 1468//484 1469//484 1470//484
f 1471//485 1472//485 1473//485
f 1474//486 1475//486 1476//486
f 1477//487 1478//487 1479//487
f 1480//488 1481//488 1482//488
f 1483//489 1484//489 1485//489
f 1486//490 1487//490 1488//490
f 1489//491 1490//491 1491//491
f 1492//492 1493//492 1494//492
f 1495//493 1496//493 1497//493
f 1498//494 1499//494 1500//494
f 1501//495 1502//495 1503//495
f 1504//496 1505//496 1506//496
f 1507//497 1508//497 1509//497
f 1510//498 1511//498 1512//498
f 1513//499 1514//499 1515//499
f 1516//500 1517//500 1518//500
f 1519//501 1520//501 1521//501
f 1522//502 1523//502 1524//502
f 1525//503 1526//503 1527//503
f 1528//504 1529//504 1530//504
f 1531//505 1532//505 1533//505
f 1534//506 1535//506 1536//506
f 1537//507 1538//507 1539//507
f 1540//508 1541//508 1542//508
f 1543//509 1544//509 1545//509
f 1546//510 1547//510 1548//510
f 1549//511 1550//511 1551//511
f 1552//512 1553//512 1554//512
f 1555//513 1556//513 1557//513
f 1558//514 1559//514 1560//514
f 1561//515 1562//515 1563//515
f 1564//516 1565//516 1566//516
f 1567//517 1568//517 1569//517
f 1570//518 1571//518 1572//518
f 1573//519 1574//519 1575//519
f 1576//520 1577//520 1578//520
f 1579//521 1580//521 1581//521
f 1582//522 1583//522 1584//522
f 1585//523 1586//523 1587//523
f 1588//524 1589//524 1590//524
f 1591//525 1592//525 1593//525
f 1594//526 1595//526 1596//526
f 1597//527 1598//527 1599//527
f 1600//528 1601//528 1602//528
f 1603//529 1604//529 1605//529
f 1606//530 1607//530 1608//530
f 1609//531 1610//531 1611//531
f 1612//532 1613//532 1614//532
f 1615//533 1616//533 1617//533
f 1618//534 1619//534 1620//534
f 1621//535 1622//535 1623//535
f 1624//536 1625//536 1626//536
f 1627//537 1628//537 1629//537
f 1630//538 1631//538 1632//538
f 1633//539 1634//539 1635//539
f 1636//540 1637//540 1638//540
f 1639//541 1640//541 1641//541
f 1642//542 1643//542 1644//542
f 1645//543 1646//543 1647//543
f 1648//544 1649//544 1650//544
f 1651//545 1652//545 1653//545
f 1654//546 1655//546 1656//546
f 1657//547 1658//547 1659//547
f 1660//548 1661//548 1662//548
f 1663//549 1664//549 1665//549
f 1666//550 1667//550 1668//550
f 1669//551 1670//551 1671//551
f 1672//552 1673//552 1674//552
f 1675//553 1676//553 1677//553
f 1678//554 1679//554 1680//554
f 1681//555 1682//555 1683//555
f 1684//556 1685//556 1686//556
f 1687//557 1688//557 1689//557
f 1690//558 1691//558 1692//558
f 1693//559 1694//559 1695//559
f 1696//560 1697//560 1698//560
f 1699//561 1700//561 1701//561
f 1702//562 1703//562 1704//562
f 1705//563 1706//563 1707//563
f 1708//564 1709//564 1710//564
f 1711//565 1712//565 1713//565
f 1714//566 1715//566 1716//566
f 1717//567 1718//567 1719//567
f 1720//568 1721//568 1722//568
f 1723//569 1724//569 1725//569
f 1726//570 1727//570 1728//570
f 1729//571 1730//571 1731//571
f 1732//572 1733//572 1734//572
f 1735//573 1736//573 1737//573
f 1738//574 1739//574 1740//574
f 1741//575 1742//575 1743//575
f 1744//576 1745//576 1746//576
f 1747//577 1748//577 1749//577
f 1750//578 1751//578 1752//578
f 1753//579 1754//579 1755//579
f 1756//580 1757//580 1758//580
f 1759//581 1760//581 1761//581
f 1762//582 1763//582 1764//582
f 1765//583 1766//583 1767//583
f 1768//584 1769//584 1770//584
f 1771//585 1772//585 1773//585
f 1774//586 1775//586 1776//586
f 1777//587 1778//587 1779//587
f 1780//588 1781//588 1782//588
f 1783//589 1784//589 1785//589
f 1786//590 1787//590 1788//590
f 1789//591 1790//591 1791//591
f 1792//592 1793//592 1794//592
f 1795//593 1796//593 1797//593
f 1798//594 1799//594 1800//594
f 1801//595 1802//595 1803//595
f 1804//596 1805//596 1806//596
f 1807//597 1808//597 1809//597
f 1810//598 1811//598 1812//598
f 1813//599 1814//599 1815//599
f 1816//600 1817//600 1818//600
f 1819//601 1820//601 1821//601
f 1822//602 1823//602 1824//602
f 1825//603 1826//603 1827//603
f 1828//604 1829//604 1830//604
f 1831//605 1832//605 1833//605
f 1834//606 1835//606 1836//606
f 1837//607 1838//607 1839//607
f 1840//608 1841//608 1842//608
f 1843//609 1844//609 1845//609
f 1846//610 1847//610 1848//610
f 1849//611 1850//611 1851//611
f 1852//612 1853//612 1854//612
f 1855//613 1856//613 1857//613
f 1858//614 1859//614 1860//614
f 1861//615 1862//615 1863//615
f 1864//616 1865//616 1866//616
f 1867//617 1868//617 1869//617
f 1870//618 1871//618 1872//618
f 1873//619 1874//619 1875//619
f 1876//620 1877//620 1878//620
f 1879//621 1880//621 1881//621
f 1882//622 1883//622 1884//622
f 1885//623 1886//623 1887//623
f 1888//624 1889//624 1890//624
f 1891//625 1892//625 1893//625
f 1894//626 1895//626 1896//626
f 1897//627 1898//627 1899//627
f 1900//628 1901//628 1902//628
f 1903//629 1904//629 1905//629
f 1906//630 1907//630 1908//630
f 1909//631 1910//631 1911//631
f 1912//632 1913//632 1914//632
f 1915//633 1916//633 1917//633
f 1918//634 1919//634 1920//634
f 1921//635 1922//635 1923//635
f 1924//636 1925//636 1926//636
f 1927//637 1928//637 1929//637
f 1930//638 1931//638 1932//638
f 1933//639 1934//639 1935//639
f 1936//640 1937//640 1938//640
f 1939//641 1940//641 1941//641
f 1942//642 1943//642 1944//642
f 1945//643 1946//643 1947//643
f 1948//644 1949//644 1950//644
f 1951//645 1952//645 1953//645
f 1954//646 1955//646 1956//646
f 1957//647 1958//647 1959//647
f 1960//648 1961//648 1962//648
f 1963//649 1964//649 1965//649
f 1966//650 1967//650 1968//650
f 1969//651 1970//651 1971//651
f 1972//652 1973//652 1974//652
f 1975//653 1976//653 1977//653
f 1978//654 1979//654 1980//654
f 1981//655 1982//655 1983//655
f 1984//656 1985//656 1986//656
f 1987//657 1988//657 1989//657
f 1990//658 1991//658 1992//658
f 1993//659 1994//659 1995//659
f 1996//660 1997//660 1998//660
f 1999//661 2000//661 2001//661
f 2002//662 2003//662 2004//662
f 2005//663 2006//663 2007//663
f 2008//664 2009//664 2010//664
f 2011//665 2012//665 2013//665
f 2014//666 2015//666 2016//666
f 2017//667 2018//667 2019//667
f 2020//668 2021//668 2022//668
f 2023//669 2024//669 2025//669
f 2026//670 2027//670 2028//670
f 2029//671 2030//671 2031//671
f 2032//672 2033//672 2034//672
f 2035//673 2036//673 2037//673
f 2038//674 2039//674 2040//674
f 2041//675 2042//675 2043//675
f 2044//676 2045//676 2046//676
f 2047//677 2048//677 2049//677
f 2050//678 2051//678 2052//678
f 2053//679 2054//679 2055//679
f 2056//680 2057//680 2058//680
f 2059//681 2060//681 2061//681
f 2062//682 2063//682 2064//682
f 2065//683 2066//683 2067//683
f 2068//684 2069//684 2070//684
f 2071//685 2072//685 2073//685
f 2074//686 2075//686 2076//686
f 2077//687 2078//687 2079//687
f 2080//688 2081//688 2082//688
f 2083//689 2084//689 2085//689
f 2086//690 2087//690 2088//690
f 2089//691 2090//691 2091//691
f 2092//692 2093//692 2094//692
f 2095//693 2096//693 2097//693
f 2098//694 2099//694 2100//694
f 2101//695 2102//695 2103//695
f 2104//696 2105//696 2106//696
f 2107//697 2108//697 2109//697
f 2110//698 2111//698 2112//698
f 2113//699 2114//699 2115//699
f 2116//700 2117//700 2118//700
f 2119//701 2120//701 2121//701
f 2122//702 2123//702 2124//702
f 2125//703 2126//703 2127//703
f 2128//704 2129//704 2130//704
f 2131//705 2132//705 2133//705
f 2134//706 2135//706 2136//706
f 2137//707 2138//707 2139//707
f 2140//708 2141//708 2142//708
f 2143//709 2144//709 2145//709
f 2146//710 2147//710 2148//710
f 2149//711 2150//711 2151//711
f 2152//712 2153//712 2154//712
f 2155//713 2156//713 2157//713
f 2158//714 2159//714 2160//714
f 2161//715 2162//715 2163//715
f 2164//716 2165//716 2166//716
f 2167//717 2168//717 2169//717
f 2170//718 2171//718 2172//718
f 2173//719 2174//719 2175//719
f 2176//720 2177//720 2178//720
f 2179//721 2180//721 2181//721
f 2182//722 2183//722 2184//722
f 2185//723 2186//723 2187//723
f 2188//724 2189//724 2190//724
f 2191//725 2192//725 2193//725
f 2194//726 2195//726 2196//726
f 2197//727 2198//727 2199//727
f 2200//728 2201//728 2202//728
f 2203//729 2204//729 2205//729
f 2206//730 2207//730 2208//730
f 2209//731 2210//731 2211//731
f 2212//732 2213//732 2214//732
f 2215//733 2216//733 2217//733
f 2218//734 2219//734 2220//734
f 2221//735 2222//735 2223//735
f 2224//736 2225//736 2226//736
f 2227//737 2228//737 2229//737
f 2230//738 2231//738 2232//738
f 2233//739 2234//739 2235//739
f 2236//740 2237//740 2238//740
f 2239//741 2240//741 2241//741
f 2242//742 2243//742 2244//742
f 2245//743 2246//743 2247//743
f 2248//744 2249//744 2250//744
f 2251//745 2252//745 2253//745
f 2254//746 2255//746 2256//746
f 2257//747 2258//747 2259//747
f 2260//748 2261//748 2262//748
f 2263//749 2264//749 2265//749
f 2266//750 2267//750 2268//750
f 2269//751 2270//751 2271//751
f 2272//752 2273//752 2274//752
f 2275//753 2276//753 2277//753
f 2278//754 2279//754 2280//754
f 2281//755 2282//755 2283//755
f 2284//756 2285//756 2286//756
f 2287//757 2288//757 2289//757
f 2290//758 2291//758 2292//758
f 2293//759 2294//759 2295//759
f 2296//759 2297//759 2298//759
f 2299//759 2300//759 2301//759
f 2302//759 2303//759 2304//759
f 2305//759 2306//759 2307//759
f 2308//759 2309//759 2310//759
f 2311//759 2312//759 2313//759
f 2314//759 2315//759 2316//759
f 2317//759 2318//759 2319//759
f 2320//759 2321//759 2322//759
f 2323//759 2324//759 2325//759
f 2326//759 2327//759 2328//759
f 2329//759 2330//759 2331//759
f 2332//759 2333//759 2334//759
f 2335//759 2336//759 2337//759
f 2338//759 2339//759 2340//759
f 2341//759 2342//759 2343//759
f 2344//759 2345//759 2346//759
f 2347//759 2348//759 2349//759
f 2350//759 2351//759 2352//759
f 2353//759 2354//759 2355//759
f 2356//759 2357//759 2358//759
f 2359//759 2360//759 2361//759
f 2362//759 2363//759 2364//759
f 2365//759 2366//759 2367//759
f 2368//759 2369//759 2370//759
f 2371//760 2372//760 2373//760
f 2374//760 2375//760 2376//760
f 2377//760 2378//760 2379//760
f 2380//760 2381//760 2382//760
f 2383//760 2384//760 2385//760
f 2386//760 2387//760 2388//760
f 2389//760 2390//760 2391//760
f 2392//760 2393//760 2394//760
f 2395//760 2396//760 2397//760
f 2398//760 2399//760 2400//760
f 2401//760 2402//760 2403//760
f 2404//760 2405//760 2406//760
f 2407//760 2408//760 2409//760
f 2410//760 2411//760 2412//760
f 2413//760 2414//760 2415//760
f 2416//760 2417//760 2418//760
f 2419//760 2420//760 2421//760
f 2422//760 2423//760 2424//760
f 2425//760 2426//760 2427//760
f 2428//760 2429//760 2430//760
f 2431//760 2432//760 2433//760
f 2434//760 2435//760 2436//760
f 2437//760 2438//760 2439//760
f 2440//760 2441//760 2442//760
f 2443//760 2444//760 2445//760
f 2446//760 2447//760 2448//760
f 2449//133 2450//133 2451//133
f 2452//109 2453//109 2454//109
f 2455//109 2456//109 2457//109
f 2458//133 2459//133 2460//133
f 2461//110 2462//110 2463//110
f 2464//110 2465//110 2466//110
f 2467//122 2468//122 2469//122
f 2470//122 2471//122 2472//122
f 2473//159 2474//159 2475//159
f 2476//134 2477//134 2478//134
f 2479//134 2480//134 2481//134
f 2482//159 2483//159 2484//159
f 2485//149 2486//149 2487//149
f 2488//149 2489//149 2490//149
f 2491//158 2492//158 2493//158
f 2494//158 2495//158 2496//158
f 2497//133 2498//133 2499//133
f 2500//109 2501//109 2502//109
f 2503//109 2504//109 2505//109
f 2506//133 2507//133 2508//133
f 2509//110 2510//110 2511//110
f 2512//110 2513//110 2514//110
f 2515//122 2516//122 2517//122
f 2518//122 2519//122 2520//122
f 2521//159 2522//159 2523//159
f 2524//134 2525//134 2526//134
f 2527//134 2528//134 2529//134
f 2530//159 2531//159 2532//159
f 2533//149 2534//149 2535//149
f 2536//149 2537//149 2538//149
f 2539//158 2540//158 2541//158
f 2542//158 2543//158 2544//158
