# generated rotor-link-local propeller visual mesh
mtllib sunray150_dae_mid360_realistic_material_audit_gazebo_visual.mtl
v 0.002344000 0.004978000 -0.004222000
v 0.002512000 0.005465000 -0.004437000
v 0.004900000 0.002501000 -0.002088000
v 0.002881000 0.006015000 -0.004658000
v 0.003780000 0.004475000 -0.003370000
v 0.004726000 0.002848000 -0.002280000
v 0.002512000 0.005465000 -0.004437000
v 0.002881000 0.006015000 -0.004658000
v 0.004900000 0.002501000 -0.002088000
v 0.004900000 0.002501000 -0.002088000
v 0.002881000 0.006015000 -0.004658000
v 0.004726000 0.002848000 -0.002280000
v 0.004900000 0.002501000 -0.002088000
v 0.004726000 0.002848000 -0.002280000
v 0.005719000 0.001132000 -0.001387000
v 0.005492000 -0.000321000 -0.001124000
v 0.004900000 0.002501000 -0.002088000
v 0.006760000 -0.000672000 -0.000692000
v 0.006760000 -0.000672000 -0.000692000
v 0.004900000 0.002501000 -0.002088000
v 0.005719000 0.001132000 -0.001387000
v 0.005492000 -0.000321000 -0.001124000
v 0.006760000 -0.000672000 -0.000692000
v 0.005493000 -0.000311000 -0.000697000
v 0.005493000 -0.000311000 -0.000697000
v 0.006760000 -0.000672000 -0.000692000
v 0.006668000 -0.000601000 -0.000309000
v 0.002881000 0.006015000 -0.004658000
v 0.002512000 0.005465000 -0.004437000
v 0.002764000 0.006236000 -0.004345000
v 0.002764000 0.006236000 -0.004345000
v 0.002512000 0.005465000 -0.004437000
v 0.002344000 0.004978000 -0.004222000
v 0.002764000 0.006236000 -0.004345000
v 0.002344000 0.004978000 -0.004222000
v 0.002180000 0.005051000 -0.003845000
v 0.028912000 0.023061000 -0.003625000
v 0.026430000 0.018712000 -0.002930000
v 0.035628000 0.026322000 -0.003105000
v 0.006533000 0.010036000 -0.005492000
v 0.003635000 0.004701000 -0.003068000
v 0.011480000 0.010359000 -0.002992000
v 0.022200000 0.019842000 -0.004578000
v 0.026430000 0.018712000 -0.002930000
v 0.028912000 0.023061000 -0.003625000
v 0.003635000 0.004701000 -0.003068000
v 0.006533000 0.010036000 -0.005492000
v 0.002764000 0.006236000 -0.004345000
v 0.019347000 0.014879000 -0.003007000
v 0.021050000 0.011948000 -0.001261000
v 0.026430000 0.018712000 -0.002930000
v 0.004557000 0.003083000 -0.001980000
v 0.004969000 0.002360000 -0.001570000
v 0.010315000 0.002438000 -0.000011000
v 0.004557000 0.003083000 -0.001980000
v 0.010315000 0.002438000 -0.000011000
v 0.013120000 0.007515000 -0.000848000
v 0.004557000 0.003083000 -0.001980000
v 0.013120000 0.007515000 -0.000848000
v 0.011480000 0.010359000 -0.002992000
v 0.004557000 0.003083000 -0.001980000
v 0.011480000 0.010359000 -0.002992000
v 0.003635000 0.004701000 -0.003068000
v 0.015726000 0.000402000 0.001159000
v 0.010315000 0.002438000 -0.000011000
v 0.012471000 -0.000370000 0.000841000
v 0.012471000 -0.000370000 0.000841000
v 0.010315000 0.002438000 -0.000011000
v 0.004969000 0.002360000 -0.001570000
v 0.012471000 -0.000370000 0.000841000
v 0.004969000 0.002360000 -0.001570000
v 0.006668000 -0.000601000 -0.000309000
v 0.021050000 0.011948000 -0.001261000
v 0.032777000 0.019480000 -0.002156000
v 0.026430000 0.018712000 -0.002930000
v 0.026430000 0.018712000 -0.002930000
v 0.032777000 0.019480000 -0.002156000
v 0.037627000 0.022856000 -0.002305000
v 0.026430000 0.018712000 -0.002930000
v 0.037627000 0.022856000 -0.002305000
v 0.035628000 0.026322000 -0.003105000
v 0.019768000 0.002121000 0.001175000
v 0.022444000 0.003755000 0.000952000
v 0.017581000 0.005693000 0.000607000
v 0.017581000 0.005693000 0.000607000
v 0.022444000 0.003755000 0.000952000
v 0.026251000 0.006705000 0.000379000
v 0.017581000 0.005693000 0.000607000
v 0.026251000 0.006705000 0.000379000
v 0.025460000 0.010597000 -0.000529000
v 0.025460000 0.010597000 -0.000529000
v 0.026251000 0.006705000 0.000379000
v 0.032161000 0.012148000 -0.000690000
v 0.025460000 0.010597000 -0.000529000
v 0.032161000 0.012148000 -0.000690000
v 0.034020000 0.017329000 -0.001609000
v 0.034020000 0.017329000 -0.001609000
v 0.032161000 0.012148000 -0.000690000
v 0.039621000 0.019386000 -0.001504000
v 0.034020000 0.017329000 -0.001609000
v 0.039621000 0.019386000 -0.001504000
v 0.037627000 0.022856000 -0.002305000
v 0.013120000 0.007515000 -0.000848000
v 0.010315000 0.002438000 -0.000011000
v 0.017581000 0.005693000 0.000607000
v 0.017581000 0.005693000 0.000607000
v 0.010315000 0.002438000 -0.000011000
v 0.015726000 0.000402000 0.001159000
v 0.017581000 0.005693000 0.000607000
v 0.015726000 0.000402000 0.001159000
v 0.019768000 0.002121000 0.001175000
v 0.006533000 0.010036000 -0.005492000
v 0.011480000 0.010359000 -0.002992000
v 0.010762000 0.013394000 -0.005890000
v 0.010762000 0.013394000 -0.005890000
v 0.011480000 0.010359000 -0.002992000
v 0.019347000 0.014879000 -0.003007000
v 0.010762000 0.013394000 -0.005890000
v 0.019347000 0.014879000 -0.003007000
v 0.017179000 0.017303000 -0.005371000
v 0.017179000 0.017303000 -0.005371000
v 0.019347000 0.014879000 -0.003007000
v 0.026430000 0.018712000 -0.002930000
v 0.017179000 0.017303000 -0.005371000
v 0.026430000 0.018712000 -0.002930000
v 0.022200000 0.019842000 -0.004578000
v 0.025460000 0.010597000 -0.000529000
v 0.021050000 0.011948000 -0.001261000
v 0.017581000 0.005693000 0.000607000
v 0.017581000 0.005693000 0.000607000
v 0.021050000 0.011948000 -0.001261000
v 0.013120000 0.007515000 -0.000848000
v 0.021050000 0.011948000 -0.001261000
v 0.019347000 0.014879000 -0.003007000
v 0.013120000 0.007515000 -0.000848000
v 0.013120000 0.007515000 -0.000848000
v 0.019347000 0.014879000 -0.003007000
v 0.011480000 0.010359000 -0.002992000
v 0.037627000 0.022856000 -0.002305000
v 0.032777000 0.019480000 -0.002156000
v 0.034020000 0.017329000 -0.001609000
v 0.034020000 0.017329000 -0.001609000
v 0.032777000 0.019480000 -0.002156000
v 0.021050000 0.011948000 -0.001261000
v 0.034020000 0.017329000 -0.001609000
v 0.021050000 0.011948000 -0.001261000
v 0.025460000 0.010597000 -0.000529000
v 0.002764000 0.006236000 -0.004345000
v 0.002180000 0.005051000 -0.003845000
v 0.003635000 0.004701000 -0.003068000
v 0.003635000 0.004701000 -0.003068000
v 0.002180000 0.005051000 -0.003845000
v 0.004557000 0.003083000 -0.001980000
v 0.005493000 -0.000311000 -0.000697000
v 0.006668000 -0.000601000 -0.000309000
v 0.004969000 0.002360000 -0.001570000
v -0.005483000 -0.000458000 -0.004222000
v -0.005989000 -0.000557000 -0.004437000
v -0.004616000 0.002995000 -0.002088000
v -0.006650000 -0.000512000 -0.004658000
v -0.005766000 0.001036000 -0.003370000
v -0.004829000 0.002670000 -0.002280000
v -0.005989000 -0.000557000 -0.004437000
v -0.006650000 -0.000512000 -0.004658000
v -0.004616000 0.002995000 -0.002088000
v -0.004616000 0.002995000 -0.002088000
v -0.006650000 -0.000512000 -0.004658000
v -0.004829000 0.002670000 -0.002280000
v -0.004616000 0.002995000 -0.002088000
v -0.004829000 0.002670000 -0.002280000
v -0.003840000 0.004388000 -0.001387000
v -0.002468000 0.004918000 -0.001124000
v -0.004616000 0.002995000 -0.002088000
v -0.002799000 0.006191000 -0.000692000
v -0.002799000 0.006191000 -0.000692000
v -0.004616000 0.002995000 -0.002088000
v -0.003840000 0.004388000 -0.001387000
v -0.002468000 0.004918000 -0.001124000
v -0.002799000 0.006191000 -0.000692000
v -0.002477000 0.004913000 -0.000697000
v -0.002477000 0.004913000 -0.000697000
v -0.002799000 0.006191000 -0.000692000
v -0.002813000 0.006076000 -0.000309000
v -0.006650000 -0.000512000 -0.004658000
v -0.005989000 -0.000557000 -0.004437000
v -0.006783000 -0.000724000 -0.004345000
v -0.006783000 -0.000724000 -0.004345000
v -0.005989000 -0.000557000 -0.004437000
v -0.005483000 -0.000458000 -0.004222000
v -0.006783000 -0.000724000 -0.004345000
v -0.005483000 -0.000458000 -0.004222000
v -0.005465000 -0.000637000 -0.003845000
v -0.034428000 0.013509000 -0.003625000
v -0.029420000 0.013534000 -0.002930000
v -0.040609000 0.017695000 -0.003105000
v -0.011958000 0.000641000 -0.005492000
v -0.005889000 0.000798000 -0.003068000
v -0.014712000 0.004763000 -0.002992000
v -0.028284000 0.009306000 -0.004578000
v -0.029420000 0.013534000 -0.002930000
v -0.034428000 0.013509000 -0.003625000
v -0.005889000 0.000798000 -0.003068000
v -0.011958000 0.000641000 -0.005492000
v -0.006783000 -0.000724000 -0.004345000
v -0.022559000 0.009316000 -0.003007000
v -0.020873000 0.012257000 -0.001261000
v -0.029420000 0.013534000 -0.002930000
v -0.004948000 0.002405000 -0.001980000
v -0.004529000 0.003124000 -0.001570000
v -0.007269000 0.007715000 -0.000011000
v -0.004948000 0.002405000 -0.001980000
v -0.007269000 0.007715000 -0.000011000
v -0.013068000 0.007605000 -0.000848000
v -0.004948000 0.002405000 -0.001980000
v -0.013068000 0.007605000 -0.000848000
v -0.014712000 0.004763000 -0.002992000
v -0.004948000 0.002405000 -0.001980000
v -0.014712000 0.004763000 -0.002992000
v -0.005889000 0.000798000 -0.003068000
v -0.008212000 0.013419000 0.001159000
v -0.007269000 0.007715000 -0.000011000
v -0.005915000 0.010986000 0.000841000
v -0.005915000 0.010986000 0.000841000
v -0.007269000 0.007715000 -0.000011000
v -0.004529000 0.003124000 -0.001570000
v -0.005915000 0.010986000 0.000841000
v -0.004529000 0.003124000 -0.001570000
v -0.002813000 0.006076000 -0.000309000
v -0.020873000 0.012257000 -0.001261000
v -0.033259000 0.018647000 -0.002156000
v -0.029420000 0.013534000 -0.002930000
v -0.029420000 0.013534000 -0.002930000
v -0.033259000 0.018647000 -0.002156000
v -0.038607000 0.021159000 -0.002305000
v -0.029420000 0.013534000 -0.002930000
v -0.038607000 0.021159000 -0.002305000
v -0.040609000 0.017695000 -0.003105000
v -0.011721000 0.016060000 0.001175000
v -0.014474000 0.017560000 0.000952000
v -0.013721000 0.012380000 0.000607000
v -0.013721000 0.012380000 0.000607000
v -0.014474000 0.017560000 0.000952000
v -0.018932000 0.019382000 0.000379000
v -0.013721000 0.012380000 0.000607000
v -0.018932000 0.019382000 0.000379000
v -0.021908000 0.016752000 -0.000529000
v -0.021908000 0.016752000 -0.000529000
v -0.018932000 0.019382000 0.000379000
v -0.026601000 0.021779000 -0.000690000
v -0.021908000 0.016752000 -0.000529000
v -0.026601000 0.021779000 -0.000690000
v -0.032018000 0.020799000 -0.001609000
v -0.032018000 0.020799000 -0.001609000
v -0.026601000 0.021779000 -0.000690000
v -0.036600000 0.024620000 -0.001504000
v -0.032018000 0.020799000 -0.001609000
v -0.036600000 0.024620000 -0.001504000
v -0.038607000 0.021159000 -0.002305000
v -0.013068000 0.007605000 -0.000848000
v -0.007269000 0.007715000 -0.000011000
v -0.013721000 0.012380000 0.000607000
v -0.013721000 0.012380000 0.000607000
v -0.007269000 0.007715000 -0.000011000
v -0.008212000 0.013419000 0.001159000
v -0.013721000 0.012380000 0.000607000
v -0.008212000 0.013419000 0.001159000
v -0.011721000 0.016060000 0.001175000
v -0.011958000 0.000641000 -0.005492000
v -0.014712000 0.004763000 -0.002992000
v -0.016981000 0.002624000 -0.005890000
v -0.016981000 0.002624000 -0.005890000
v -0.014712000 0.004763000 -0.002992000
v -0.022559000 0.009316000 -0.003007000
v -0.016981000 0.002624000 -0.005890000
v -0.022559000 0.009316000 -0.003007000
v -0.023574000 0.006227000 -0.005371000
v -0.023574000 0.006227000 -0.005371000
v -0.022559000 0.009316000 -0.003007000
v -0.029420000 0.013534000 -0.002930000
v -0.023574000 0.006227000 -0.005371000
v -0.029420000 0.013534000 -0.002930000
v -0.028284000 0.009306000 -0.004578000
v -0.021908000 0.016752000 -0.000529000
v -0.020873000 0.012257000 -0.001261000
v -0.013721000 0.012380000 0.000607000
v -0.013721000 0.012380000 0.000607000
v -0.020873000 0.012257000 -0.001261000
v -0.013068000 0.007605000 -0.000848000
v -0.020873000 0.012257000 -0.001261000
v -0.022559000 0.009316000 -0.003007000
v -0.013068000 0.007605000 -0.000848000
v -0.013068000 0.007605000 -0.000848000
v -0.022559000 0.009316000 -0.003007000
v -0.014712000 0.004763000 -0.002992000
v -0.038607000 0.021159000 -0.002305000
v -0.033259000 0.018647000 -0.002156000
v -0.032018000 0.020799000 -0.001609000
v -0.032018000 0.020799000 -0.001609000
v -0.033259000 0.018647000 -0.002156000
v -0.020873000 0.012257000 -0.001261000
v -0.032018000 0.020799000 -0.001609000
v -0.020873000 0.012257000 -0.001261000
v -0.021908000 0.016752000 -0.000529000
v -0.006783000 -0.000724000 -0.004345000
v -0.005465000 -0.000637000 -0.003845000
v -0.005889000 0.000798000 -0.003068000
v -0.005889000 0.000798000 -0.003068000
v -0.005465000 -0.000637000 -0.003845000
v -0.004948000 0.002405000 -0.001980000
v -0.002477000 0.004913000 -0.000697000
v -0.002813000 0.006076000 -0.000309000
v -0.004529000 0.003124000 -0.001570000
v -0.000441000 -0.005484000 -0.001570000
v -0.000008000 -0.005501000 0.000000000
v -0.002969000 -0.004632000 -0.000707000
v -0.000441000 -0.005484000 -0.001570000
v -0.000008000 -0.005501000 -0.001777000
v -0.000008000 -0.005501000 0.000000000
v -0.002468000 0.004918000 -0.001124000
v -0.003885000 0.003896000 -0.002460000
v -0.004616000 0.002995000 -0.002088000
v -0.004529000 0.003124000 -0.001570000
v -0.003885000 0.003896000 0.000000000
v -0.002477000 0.004913000 -0.000697000
v -0.000008000 -0.005501000 -0.005002000
v -0.003896000 -0.003885000 -0.002460000
v -0.003896000 -0.003885000 -0.005002000
v -0.005502000 0.000008000 -0.005002000
v -0.003885000 0.003896000 -0.002460000
v -0.003885000 0.003896000 -0.005002000
v -0.004948000 0.002405000 -0.001980000
v -0.005465000 -0.000637000 -0.003845000
v -0.005502000 0.000008000 -0.002460000
v -0.004948000 0.002405000 -0.001980000
v -0.005502000 0.000008000 -0.002460000
v -0.005502000 0.000008000 0.000000000
v -0.004948000 0.002405000 -0.001980000
v -0.005502000 0.000008000 0.000000000
v -0.003885000 0.003896000 0.000000000
v -0.004948000 0.002405000 -0.001980000
v -0.003885000 0.003896000 0.000000000
v -0.004529000 0.003124000 -0.001570000
v -0.005483000 -0.000458000 -0.004222000
v -0.004616000 0.002995000 -0.002088000
v -0.003885000 0.003896000 -0.002460000
v -0.005483000 -0.000458000 -0.004222000
v -0.003885000 0.003896000 -0.002460000
v -0.005502000 0.000008000 -0.005002000
v -0.005483000 -0.000458000 -0.004222000
v -0.005502000 0.000008000 -0.005002000
v -0.003896000 -0.003885000 -0.005002000
v -0.005483000 -0.000458000 -0.004222000
v -0.003896000 -0.003885000 -0.005002000
v -0.005465000 -0.000637000 -0.003845000
v -0.003143000 -0.004516000 -0.001030000
v -0.003137000 -0.004520000 -0.000817000
v -0.003896000 -0.003885000 0.000000000
v -0.003143000 -0.004516000 -0.001030000
v -0.003896000 -0.003885000 0.000000000
v -0.003896000 -0.003885000 -0.002460000
v -0.003143000 -0.004516000 -0.001030000
v -0.003896000 -0.003885000 -0.002460000
v -0.003081000 -0.004558000 -0.001101000
v 0.000007000 0.005502000 0.000000000
v 0.000007000 0.005502000 -0.005002000
v -0.003885000 0.003896000 -0.005002000
v 0.000007000 0.005502000 0.000000000
v -0.003885000 0.003896000 -0.005002000
v -0.003885000 0.003896000 -0.002460000
v 0.000007000 0.005502000 0.000000000
v -0.003885000 0.003896000 -0.002460000
v -0.002468000 0.004918000 -0.001124000
v 0.000007000 0.005502000 0.000000000
v -0.002468000 0.004918000 -0.001124000
v -0.002477000 0.004913000 -0.000697000
v 0.000007000 0.005502000 0.000000000
v -0.002477000 0.004913000 -0.000697000
v -0.003885000 0.003896000 0.000000000
v -0.003896000 -0.003885000 0.000000000
v -0.003137000 -0.004520000 -0.000817000
v -0.003115000 -0.004535000 -0.000795000
v -0.003896000 -0.003885000 0.000000000
v -0.003115000 -0.004535000 -0.000795000
v -0.003049000 -0.004579000 -0.000731000
v -0.003896000 -0.003885000 0.000000000
v -0.003049000 -0.004579000 -0.000731000
v -0.002969000 -0.004632000 -0.000707000
v -0.003896000 -0.003885000 0.000000000
v -0.002969000 -0.004632000 -0.000707000
v -0.000008000 -0.005501000 0.000000000
v -0.000008000 -0.005501000 -0.005002000
v -0.000008000 -0.005501000 -0.002225000
v -0.003896000 -0.003885000 -0.002460000
v -0.003896000 -0.003885000 -0.002460000
v -0.000008000 -0.005501000 -0.002225000
v -0.003032000 -0.004591000 -0.001123000
v -0.003896000 -0.003885000 -0.002460000
v -0.003032000 -0.004591000 -0.001123000
v -0.003081000 -0.004558000 -0.001101000
v -0.005465000 -0.000637000 -0.003845000
v -0.003896000 -0.003885000 -0.005002000
v -0.005502000 0.000008000 -0.002460000
v -0.005502000 0.000008000 -0.002460000
v -0.003896000 -0.003885000 -0.005002000
v -0.003896000 -0.003885000 -0.002460000
v -0.005502000 0.000008000 -0.002460000
v -0.003896000 -0.003885000 -0.002460000
v -0.005502000 0.000008000 0.000000000
v -0.005502000 0.000008000 0.000000000
v -0.003896000 -0.003885000 -0.002460000
v -0.003896000 -0.003885000 0.000000000
v 0.000007000 0.005502000 0.000000000
v 0.003895000 0.003885000 0.000000000
v 0.003895000 0.003885000 -0.002460000
v 0.005492000 -0.000321000 -0.001124000
v 0.005501000 -0.000007000 -0.002460000
v 0.004900000 0.002501000 -0.002088000
v 0.004557000 0.003083000 -0.001980000
v 0.002180000 0.005051000 -0.003845000
v 0.003895000 0.003885000 -0.002460000
v 0.004557000 0.003083000 -0.001980000
v 0.003895000 0.003885000 -0.002460000
v 0.003895000 0.003885000 0.000000000
v 0.004557000 0.003083000 -0.001980000
v 0.003895000 0.003885000 0.000000000
v 0.005501000 -0.000007000 0.000000000
v 0.004557000 0.003083000 -0.001980000
v 0.005501000 -0.000007000 0.000000000
v 0.004969000 0.002360000 -0.001570000
v 0.005493000 -0.000311000 -0.000697000
v 0.004969000 0.002360000 -0.001570000
v 0.005501000 -0.000007000 0.000000000
v 0.005493000 -0.000311000 -0.000697000
v 0.005501000 -0.000007000 0.000000000
v 0.003885000 -0.003895000 0.000000000
v 0.005493000 -0.000311000 -0.000697000
v 0.003885000 -0.003895000 0.000000000
v 0.005492000 -0.000321000 -0.001124000
v 0.000007000 0.005502000 -0.005002000
v 0.000007000 0.005502000 0.000000000
v 0.003895000 0.003885000 -0.002460000
v 0.000007000 0.005502000 -0.005002000
v 0.003895000 0.003885000 -0.002460000
v 0.002180000 0.005051000 -0.003845000
v 0.000007000 0.005502000 -0.005002000
v 0.002180000 0.005051000 -0.003845000
v 0.002344000 0.004978000 -0.004222000
v 0.000007000 0.005502000 -0.005002000
v 0.002344000 0.004978000 -0.004222000
v 0.003895000 0.003885000 -0.005002000
v 0.003885000 -0.003895000 -0.002460000
v 0.003283000 -0.004414000 -0.003845000
v 0.003329000 -0.004379000 -0.003905000
v 0.003885000 -0.003895000 -0.002460000
v 0.003329000 -0.004379000 -0.003905000
v 0.003355000 -0.004359000 -0.003989000
v 0.003885000 -0.003895000 -0.002460000
v 0.003355000 -0.004359000 -0.003989000
v 0.003885000 -0.003895000 -0.005002000
v 0.003885000 -0.003895000 -0.002460000
v 0.003885000 -0.003895000 -0.005002000
v 0.005501000 -0.000007000 -0.005002000
v 0.003885000 -0.003895000 -0.002460000
v 0.005501000 -0.000007000 -0.005002000
v 0.005501000 -0.000007000 -0.002460000
v 0.003885000 -0.003895000 -0.002460000
v 0.005501000 -0.000007000 -0.002460000
v 0.005492000 -0.000321000 -0.001124000
v 0.003885000 -0.003895000 -0.002460000
v 0.005492000 -0.000321000 -0.001124000
v 0.003885000 -0.003895000 0.000000000
v 0.003885000 -0.003895000 -0.002460000
v 0.003885000 -0.003895000 0.000000000
v 0.000391000 -0.005487000 -0.001980000
v 0.003885000 -0.003895000 -0.002460000
v 0.000391000 -0.005487000 -0.001980000
v 0.003283000 -0.004414000 -0.003845000
v 0.003885000 -0.003895000 -0.005002000
v 0.003355000 -0.004359000 -0.003989000
v 0.003283000 -0.004414000 -0.004178000
v 0.003885000 -0.003895000 -0.005002000
v 0.003283000 -0.004414000 -0.004178000
v 0.003181000 -0.004488000 -0.004211000
v 0.003885000 -0.003895000 -0.005002000
v 0.003181000 -0.004488000 -0.004211000
v 0.003101000 -0.004544000 -0.004194000
v 0.003885000 -0.003895000 -0.005002000
v 0.003101000 -0.004544000 -0.004194000
v -0.000008000 -0.005501000 -0.002225000
v 0.003885000 -0.003895000 -0.005002000
v -0.000008000 -0.005501000 -0.002225000
v -0.000008000 -0.005501000 -0.005002000
v 0.005501000 -0.000007000 -0.005002000
v 0.003895000 0.003885000 -0.005002000
v 0.005501000 -0.000007000 -0.002460000
v 0.005501000 -0.000007000 -0.002460000
v 0.003895000 0.003885000 -0.005002000
v 0.002344000 0.004978000 -0.004222000
v 0.005501000 -0.000007000 -0.002460000
v 0.002344000 0.004978000 -0.004222000
v 0.004900000 0.002501000 -0.002088000
v 0.000391000 -0.005487000 -0.001980000
v 0.003885000 -0.003895000 0.000000000
v -0.000008000 -0.005501000 -0.001777000
v -0.000008000 -0.005501000 -0.001777000
v 0.003885000 -0.003895000 0.000000000
v -0.000008000 -0.005501000 0.000000000
v 0.035628000 0.026322000 -0.003105000
v 0.035675000 0.026258000 -0.003497000
v 0.028912000 0.023061000 -0.003625000
v 0.028912000 0.023061000 -0.003625000
v 0.035675000 0.026258000 -0.003497000
v 0.023193000 0.020119000 -0.004791000
v 0.028912000 0.023061000 -0.003625000
v 0.023193000 0.020119000 -0.004791000
v 0.022200000 0.019842000 -0.004578000
v 0.022200000 0.019842000 -0.004578000
v 0.023193000 0.020119000 -0.004791000
v 0.017179000 0.017303000 -0.005371000
v 0.017179000 0.017303000 -0.005371000
v 0.023193000 0.020119000 -0.004791000
v 0.016350000 0.016539000 -0.005794000
v 0.017179000 0.017303000 -0.005371000
v 0.016350000 0.016539000 -0.005794000
v 0.010762000 0.013394000 -0.005890000
v 0.010762000 0.013394000 -0.005890000
v 0.016350000 0.016539000 -0.005794000
v 0.011250000 0.013359000 -0.006146000
v 0.010762000 0.013394000 -0.005890000
v 0.011250000 0.013359000 -0.006146000
v 0.006533000 0.010036000 -0.005492000
v 0.006533000 0.010036000 -0.005492000
v 0.011250000 0.013359000 -0.006146000
v 0.006833000 0.009909000 -0.005785000
v 0.006533000 0.010036000 -0.005492000
v 0.006833000 0.009909000 -0.005785000
v 0.002764000 0.006236000 -0.004345000
v 0.002764000 0.006236000 -0.004345000
v 0.006833000 0.009909000 -0.005785000
v 0.002881000 0.006015000 -0.004658000
v 0.039621000 0.019386000 -0.001504000
v 0.039666000 0.019322000 -0.001897000
v 0.039682000 0.019470000 -0.001511000
v 0.039682000 0.019470000 -0.001511000
v 0.039666000 0.019322000 -0.001897000
v 0.039727000 0.019405000 -0.001903000
v 0.039682000 0.019470000 -0.001511000
v 0.039727000 0.019405000 -0.001903000
v 0.039734000 0.019673000 -0.001538000
v 0.039734000 0.019673000 -0.001538000
v 0.039727000 0.019405000 -0.001903000
v 0.039779000 0.019608000 -0.001930000
v 0.039734000 0.019673000 -0.001538000
v 0.039779000 0.019608000 -0.001930000
v 0.039726000 0.019925000 -0.001581000
v 0.039726000 0.019925000 -0.001581000
v 0.039779000 0.019608000 -0.001930000
v 0.039772000 0.019861000 -0.001973000
v 0.039726000 0.019925000 -0.001581000
v 0.039772000 0.019861000 -0.001973000
v 0.039580000 0.020549000 -0.001701000
v 0.039580000 0.020549000 -0.001701000
v 0.039772000 0.019861000 -0.001973000
v 0.039545000 0.020731000 -0.002143000
v 0.039580000 0.020549000 -0.001701000
v 0.039545000 0.020731000 -0.002143000
v 0.038103000 0.023621000 -0.002375000
v 0.038103000 0.023621000 -0.002375000
v 0.039545000 0.020731000 -0.002143000
v 0.039169000 0.021641000 -0.002335000
v 0.038103000 0.023621000 -0.002375000
v 0.039169000 0.021641000 -0.002335000
v 0.037177000 0.025050000 -0.003124000
v 0.035675000 0.026258000 -0.003497000
v 0.035628000 0.026322000 -0.003105000
v 0.035805000 0.026287000 -0.003486000
v 0.035805000 0.026287000 -0.003486000
v 0.035628000 0.026322000 -0.003105000
v 0.035758000 0.026351000 -0.003094000
v 0.035805000 0.026287000 -0.003486000
v 0.035758000 0.026351000 -0.003094000
v 0.035952000 0.026258000 -0.003464000
v 0.035952000 0.026258000 -0.003464000
v 0.035758000 0.026351000 -0.003094000
v 0.035906000 0.026321000 -0.003072000
v 0.035952000 0.026258000 -0.003464000
v 0.035906000 0.026321000 -0.003072000
v 0.036269000 0.026066000 -0.003396000
v 0.036269000 0.026066000 -0.003396000
v 0.035906000 0.026321000 -0.003072000
v 0.036222000 0.026128000 -0.003003000
v 0.036269000 0.026066000 -0.003396000
v 0.036222000 0.026128000 -0.003003000
v 0.037177000 0.025050000 -0.003124000
v 0.037177000 0.025050000 -0.003124000
v 0.036222000 0.026128000 -0.003003000
v 0.036544000 0.025824000 -0.002916000
v 0.037177000 0.025050000 -0.003124000
v 0.036544000 0.025824000 -0.002916000
v 0.038103000 0.023621000 -0.002375000
v 0.035758000 0.026351000 -0.003094000
v 0.035628000 0.026322000 -0.003105000
v 0.037627000 0.022856000 -0.002305000
v 0.035758000 0.026351000 -0.003094000
v 0.037627000 0.022856000 -0.002305000
v 0.039621000 0.019386000 -0.001504000
v 0.035758000 0.026351000 -0.003094000
v 0.039621000 0.019386000 -0.001504000
v 0.039682000 0.019470000 -0.001511000
v 0.035758000 0.026351000 -0.003094000
v 0.039682000 0.019470000 -0.001511000
v 0.039734000 0.019673000 -0.001538000
v 0.035758000 0.026351000 -0.003094000
v 0.039734000 0.019673000 -0.001538000
v 0.035906000 0.026321000 -0.003072000
v 0.038103000 0.023621000 -0.002375000
v 0.036544000 0.025824000 -0.002916000
v 0.039580000 0.020549000 -0.001701000
v 0.039580000 0.020549000 -0.001701000
v 0.036544000 0.025824000 -0.002916000
v 0.036222000 0.026128000 -0.003003000
v 0.039580000 0.020549000 -0.001701000
v 0.036222000 0.026128000 -0.003003000
v 0.039726000 0.019925000 -0.001581000
v 0.039726000 0.019925000 -0.001581000
v 0.036222000 0.026128000 -0.003003000
v 0.035906000 0.026321000 -0.003072000
v 0.039726000 0.019925000 -0.001581000
v 0.035906000 0.026321000 -0.003072000
v 0.039734000 0.019673000 -0.001538000
v 0.019768000 0.002121000 0.001175000
v 0.020607000 0.002572000 0.000724000
v 0.022444000 0.003755000 0.000952000
v 0.022444000 0.003755000 0.000952000
v 0.020607000 0.002572000 0.000724000
v 0.025603000 0.006106000 0.000095000
v 0.022444000 0.003755000 0.000952000
v 0.025603000 0.006106000 0.000095000
v 0.026251000 0.006705000 0.000379000
v 0.026251000 0.006705000 0.000379000
v 0.025603000 0.006106000 0.000095000
v 0.032490000 0.012386000 -0.001136000
v 0.026251000 0.006705000 0.000379000
v 0.032490000 0.012386000 -0.001136000
v 0.032161000 0.012148000 -0.000690000
v 0.032161000 0.012148000 -0.000690000
v 0.032490000 0.012386000 -0.001136000
v 0.039666000 0.019322000 -0.001897000
v 0.032161000 0.012148000 -0.000690000
v 0.039666000 0.019322000 -0.001897000
v 0.039621000 0.019386000 -0.001504000
v 0.015726000 0.000402000 0.001159000
v 0.020607000 0.002572000 0.000724000
v 0.019768000 0.002121000 0.001175000
v 0.020607000 0.002572000 0.000724000
v 0.015726000 0.000402000 0.001159000
v 0.017891000 0.001188000 0.000822000
v 0.017891000 0.001188000 0.000822000
v 0.015726000 0.000402000 0.001159000
v 0.012471000 -0.000370000 0.000841000
v 0.017891000 0.001188000 0.000822000
v 0.012471000 -0.000370000 0.000841000
v 0.012617000 -0.000386000 0.000459000
v 0.012617000 -0.000386000 0.000459000
v 0.012471000 -0.000370000 0.000841000
v 0.006668000 -0.000601000 -0.000309000
v 0.012617000 -0.000386000 0.000459000
v 0.006668000 -0.000601000 -0.000309000
v 0.006760000 -0.000672000 -0.000692000
v 0.032490000 0.012386000 -0.001136000
v 0.025603000 0.006106000 0.000095000
v 0.025474000 0.010488000 -0.000913000
v 0.010410000 0.002352000 -0.000390000
v 0.017891000 0.001188000 0.000822000
v 0.012617000 -0.000386000 0.000459000
v 0.035675000 0.026258000 -0.003497000
v 0.026510000 0.018593000 -0.003304000
v 0.023193000 0.020119000 -0.004791000
v 0.023193000 0.020119000 -0.004791000
v 0.026510000 0.018593000 -0.003304000
v 0.019435000 0.014688000 -0.003347000
v 0.006833000 0.009909000 -0.005785000
v 0.011250000 0.013359000 -0.006146000
v 0.011627000 0.010153000 -0.003301000
v 0.011627000 0.010153000 -0.003301000
v 0.003780000 0.004475000 -0.003370000
v 0.006833000 0.009909000 -0.005785000
v 0.002881000 0.006015000 -0.004658000
v 0.006833000 0.009909000 -0.005785000
v 0.003780000 0.004475000 -0.003370000
v 0.013228000 0.007368000 -0.001204000
v 0.010410000 0.002352000 -0.000390000
v 0.004726000 0.002848000 -0.002280000
v 0.035675000 0.026258000 -0.003497000
v 0.037667000 0.022788000 -0.002697000
v 0.026510000 0.018593000 -0.003304000
v 0.026510000 0.018593000 -0.003304000
v 0.037667000 0.022788000 -0.002697000
v 0.032818000 0.019398000 -0.002545000
v 0.026510000 0.018593000 -0.003304000
v 0.032818000 0.019398000 -0.002545000
v 0.021086000 0.011790000 -0.001627000
v 0.037667000 0.022788000 -0.002697000
v 0.039666000 0.019322000 -0.001897000
v 0.034048000 0.017253000 -0.002001000
v 0.034048000 0.017253000 -0.002001000
v 0.039666000 0.019322000 -0.001897000
v 0.032490000 0.012386000 -0.001136000
v 0.034048000 0.017253000 -0.002001000
v 0.032490000 0.012386000 -0.001136000
v 0.025474000 0.010488000 -0.000913000
v 0.013228000 0.007368000 -0.001204000
v 0.021086000 0.011790000 -0.001627000
v 0.017618000 0.005605000 0.000218000
v 0.017618000 0.005605000 0.000218000
v 0.021086000 0.011790000 -0.001627000
v 0.025474000 0.010488000 -0.000913000
v 0.017618000 0.005605000 0.000218000
v 0.025474000 0.010488000 -0.000913000
v 0.020607000 0.002572000 0.000724000
v 0.020607000 0.002572000 0.000724000
v 0.025474000 0.010488000 -0.000913000
v 0.025603000 0.006106000 0.000095000
v 0.020607000 0.002572000 0.000724000
v 0.017891000 0.001188000 0.000822000
v 0.017618000 0.005605000 0.000218000
v 0.017618000 0.005605000 0.000218000
v 0.017891000 0.001188000 0.000822000
v 0.010410000 0.002352000 -0.000390000
v 0.017618000 0.005605000 0.000218000
v 0.010410000 0.002352000 -0.000390000
v 0.013228000 0.007368000 -0.001204000
v 0.012617000 -0.000386000 0.000459000
v 0.006760000 -0.000672000 -0.000692000
v 0.010410000 0.002352000 -0.000390000
v 0.010410000 0.002352000 -0.000390000
v 0.006760000 -0.000672000 -0.000692000
v 0.005719000 0.001132000 -0.001387000
v 0.010410000 0.002352000 -0.000390000
v 0.005719000 0.001132000 -0.001387000
v 0.004726000 0.002848000 -0.002280000
v 0.011627000 0.010153000 -0.003301000
v 0.011250000 0.013359000 -0.006146000
v 0.019435000 0.014688000 -0.003347000
v 0.019435000 0.014688000 -0.003347000
v 0.011250000 0.013359000 -0.006146000
v 0.016350000 0.016539000 -0.005794000
v 0.019435000 0.014688000 -0.003347000
v 0.016350000 0.016539000 -0.005794000
v 0.023193000 0.020119000 -0.004791000
v 0.004726000 0.002848000 -0.002280000
v 0.003780000 0.004475000 -0.003370000
v 0.013228000 0.007368000 -0.001204000
v 0.013228000 0.007368000 -0.001204000
v 0.003780000 0.004475000 -0.003370000
v 0.011627000 0.010153000 -0.003301000
v 0.013228000 0.007368000 -0.001204000
v 0.011627000 0.010153000 -0.003301000
v 0.021086000 0.011790000 -0.001627000
v 0.021086000 0.011790000 -0.001627000
v 0.011627000 0.010153000 -0.003301000
v 0.019435000 0.014688000 -0.003347000
v 0.021086000 0.011790000 -0.001627000
v 0.019435000 0.014688000 -0.003347000
v 0.026510000 0.018593000 -0.003304000
v 0.025474000 0.010488000 -0.000913000
v 0.021086000 0.011790000 -0.001627000
v 0.034048000 0.017253000 -0.002001000
v 0.034048000 0.017253000 -0.002001000
v 0.021086000 0.011790000 -0.001627000
v 0.032818000 0.019398000 -0.002545000
v 0.034048000 0.017253000 -0.002001000
v 0.032818000 0.019398000 -0.002545000
v 0.037667000 0.022788000 -0.002697000
v 0.035805000 0.026287000 -0.003486000
v 0.035952000 0.026258000 -0.003464000
v 0.039779000 0.019608000 -0.001930000
v 0.035805000 0.026287000 -0.003486000
v 0.039779000 0.019608000 -0.001930000
v 0.039727000 0.019405000 -0.001903000
v 0.035805000 0.026287000 -0.003486000
v 0.039727000 0.019405000 -0.001903000
v 0.039666000 0.019322000 -0.001897000
v 0.035805000 0.026287000 -0.003486000
v 0.039666000 0.019322000 -0.001897000
v 0.037667000 0.022788000 -0.002697000
v 0.035805000 0.026287000 -0.003486000
v 0.037667000 0.022788000 -0.002697000
v 0.035675000 0.026258000 -0.003497000
v 0.039779000 0.019608000 -0.001930000
v 0.035952000 0.026258000 -0.003464000
v 0.039772000 0.019861000 -0.001973000
v 0.039772000 0.019861000 -0.001973000
v 0.035952000 0.026258000 -0.003464000
v 0.036269000 0.026066000 -0.003396000
v 0.039772000 0.019861000 -0.001973000
v 0.036269000 0.026066000 -0.003396000
v 0.039545000 0.020731000 -0.002143000
v 0.039545000 0.020731000 -0.002143000
v 0.036269000 0.026066000 -0.003396000
v 0.037177000 0.025050000 -0.003124000
v 0.039545000 0.020731000 -0.002143000
v 0.037177000 0.025050000 -0.003124000
v 0.039169000 0.021641000 -0.002335000
v -0.040609000 0.017695000 -0.003105000
v -0.040578000 0.017767000 -0.003497000
v -0.034428000 0.013509000 -0.003625000
v -0.034428000 0.013509000 -0.003625000
v -0.040578000 0.017767000 -0.003497000
v -0.029020000 0.010027000 -0.004791000
v -0.034428000 0.013509000 -0.003625000
v -0.029020000 0.010027000 -0.004791000
v -0.028284000 0.009306000 -0.004578000
v -0.028284000 0.009306000 -0.004578000
v -0.029020000 0.010027000 -0.004791000
v -0.023574000 0.006227000 -0.005371000
v -0.023574000 0.006227000 -0.005371000
v -0.029020000 0.010027000 -0.004791000
v -0.022498000 0.005891000 -0.005794000
v -0.023574000 0.006227000 -0.005371000
v -0.022498000 0.005891000 -0.005794000
v -0.016981000 0.002624000 -0.005890000
v -0.016981000 0.002624000 -0.005890000
v -0.022498000 0.005891000 -0.005794000
v -0.017194000 0.003064000 -0.006146000
v -0.016981000 0.002624000 -0.005890000
v -0.017194000 0.003064000 -0.006146000
v -0.011958000 0.000641000 -0.005492000
v -0.011958000 0.000641000 -0.005492000
v -0.017194000 0.003064000 -0.006146000
v -0.011998000 0.000964000 -0.005785000
v -0.011958000 0.000641000 -0.005492000
v -0.011998000 0.000964000 -0.005785000
v -0.006783000 -0.000724000 -0.004345000
v -0.006783000 -0.000724000 -0.004345000
v -0.011998000 0.000964000 -0.005785000
v -0.006650000 -0.000512000 -0.004658000
v -0.036600000 0.024620000 -0.001504000
v -0.036566000 0.024691000 -0.001897000
v -0.036702000 0.024631000 -0.001511000
v -0.036702000 0.024631000 -0.001511000
v -0.036566000 0.024691000 -0.001897000
v -0.036669000 0.024703000 -0.001903000
v -0.036702000 0.024631000 -0.001511000
v -0.036669000 0.024703000 -0.001903000
v -0.036904000 0.024575000 -0.001538000
v -0.036904000 0.024575000 -0.001538000
v -0.036669000 0.024703000 -0.001903000
v -0.036870000 0.024647000 -0.001930000
v -0.036904000 0.024575000 -0.001538000
v -0.036870000 0.024647000 -0.001930000
v -0.037119000 0.024442000 -0.001581000
v -0.037119000 0.024442000 -0.001581000
v -0.036870000 0.024647000 -0.001930000
v -0.037086000 0.024515000 -0.001973000
v -0.037119000 0.024442000 -0.001581000
v -0.037086000 0.024515000 -0.001973000
v -0.037586000 0.024004000 -0.001701000
v -0.037586000 0.024004000 -0.001701000
v -0.037086000 0.024515000 -0.001973000
v -0.037726000 0.023883000 -0.002143000
v -0.037586000 0.024004000 -0.001701000
v -0.037726000 0.023883000 -0.002143000
v -0.039508000 0.021188000 -0.002375000
v -0.039508000 0.021188000 -0.002375000
v -0.037726000 0.023883000 -0.002143000
v -0.038327000 0.023101000 -0.002335000
v -0.039508000 0.021188000 -0.002375000
v -0.038327000 0.023101000 -0.002335000
v -0.040283000 0.019672000 -0.003124000
v -0.040578000 0.017767000 -0.003497000
v -0.040609000 0.017695000 -0.003105000
v -0.040668000 0.017865000 -0.003486000
v -0.040668000 0.017865000 -0.003486000
v -0.040609000 0.017695000 -0.003105000
v -0.040700000 0.017793000 -0.003094000
v -0.040668000 0.017865000 -0.003486000
v -0.040700000 0.017793000 -0.003094000
v -0.040716000 0.018007000 -0.003464000
v -0.040716000 0.018007000 -0.003464000
v -0.040700000 0.017793000 -0.003094000
v -0.040748000 0.017935000 -0.003072000
v -0.040716000 0.018007000 -0.003464000
v -0.040748000 0.017935000 -0.003072000
v -0.040708000 0.018378000 -0.003396000
v -0.040708000 0.018378000 -0.003396000
v -0.040748000 0.017935000 -0.003072000
v -0.040739000 0.018306000 -0.003003000
v -0.040708000 0.018378000 -0.003396000
v -0.040739000 0.018306000 -0.003003000
v -0.040283000 0.019672000 -0.003124000
v -0.040283000 0.019672000 -0.003124000
v -0.040739000 0.018306000 -0.003003000
v -0.040636000 0.018737000 -0.002916000
v -0.040283000 0.019672000 -0.003124000
v -0.040636000 0.018737000 -0.002916000
v -0.039508000 0.021188000 -0.002375000
v -0.040700000 0.017793000 -0.003094000
v -0.040609000 0.017695000 -0.003105000
v -0.038607000 0.021159000 -0.002305000
v -0.040700000 0.017793000 -0.003094000
v -0.038607000 0.021159000 -0.002305000
v -0.036600000 0.024620000 -0.001504000
v -0.040700000 0.017793000 -0.003094000
v -0.036600000 0.024620000 -0.001504000
v -0.036702000 0.024631000 -0.001511000
v -0.040700000 0.017793000 -0.003094000
v -0.036702000 0.024631000 -0.001511000
v -0.036904000 0.024575000 -0.001538000
v -0.040700000 0.017793000 -0.003094000
v -0.036904000 0.024575000 -0.001538000
v -0.040748000 0.017935000 -0.003072000
v -0.039508000 0.021188000 -0.002375000
v -0.040636000 0.018737000 -0.002916000
v -0.037586000 0.024004000 -0.001701000
v -0.037586000 0.024004000 -0.001701000
v -0.040636000 0.018737000 -0.002916000
v -0.040739000 0.018306000 -0.003003000
v -0.037586000 0.024004000 -0.001701000
v -0.040739000 0.018306000 -0.003003000
v -0.037119000 0.024442000 -0.001581000
v -0.037119000 0.024442000 -0.001581000
v -0.040739000 0.018306000 -0.003003000
v -0.040748000 0.017935000 -0.003072000
v -0.037119000 0.024442000 -0.001581000
v -0.040748000 0.017935000 -0.003072000
v -0.036904000 0.024575000 -0.001538000
v -0.011721000 0.016060000 0.001175000
v -0.012531000 0.016561000 0.000724000
v -0.014474000 0.017560000 0.000952000
v -0.014474000 0.017560000 0.000952000
v -0.012531000 0.016561000 0.000724000
v -0.018089000 0.019120000 0.000095000
v -0.014474000 0.017560000 0.000952000
v -0.018089000 0.019120000 0.000095000
v -0.018932000 0.019382000 0.000379000
v -0.018932000 0.019382000 0.000379000
v -0.018089000 0.019120000 0.000095000
v -0.026972000 0.021945000 -0.001136000
v -0.018932000 0.019382000 0.000379000
v -0.026972000 0.021945000 -0.001136000
v -0.026601000 0.021779000 -0.000690000
v -0.026601000 0.021779000 -0.000690000
v -0.026972000 0.021945000 -0.001136000
v -0.036566000 0.024691000 -0.001897000
v -0.026601000 0.021779000 -0.000690000
v -0.036566000 0.024691000 -0.001897000
v -0.036600000 0.024620000 -0.001504000
v -0.008212000 0.013419000 0.001159000
v -0.012531000 0.016561000 0.000724000
v -0.011721000 0.016060000 0.001175000
v -0.012531000 0.016561000 0.000724000
v -0.008212000 0.013419000 0.001159000
v -0.009975000 0.014901000 0.000822000
v -0.009975000 0.014901000 0.000822000
v -0.008212000 0.013419000 0.001159000
v -0.005915000 0.010986000 0.000841000
v -0.009975000 0.014901000 0.000822000
v -0.005915000 0.010986000 0.000841000
v -0.005974000 0.011120000 0.000459000
v -0.005974000 0.011120000 0.000459000
v -0.005915000 0.010986000 0.000841000
v -0.002813000 0.006076000 -0.000309000
v -0.005974000 0.011120000 0.000459000
v -0.002813000 0.006076000 -0.000309000
v -0.002799000 0.006191000 -0.000692000
v -0.026972000 0.021945000 -0.001136000
v -0.018089000 0.019120000 0.000095000
v -0.021820000 0.016818000 -0.000913000
v -0.007242000 0.007841000 -0.000390000
v -0.009975000 0.014901000 0.000822000
v -0.005974000 0.011120000 0.000459000
v -0.040578000 0.017767000 -0.003497000
v -0.029357000 0.013663000 -0.003304000
v -0.029020000 0.010027000 -0.004791000
v -0.029020000 0.010027000 -0.004791000
v -0.029357000 0.013663000 -0.003304000
v -0.022438000 0.009488000 -0.003347000
v -0.011998000 0.000964000 -0.005785000
v -0.017194000 0.003064000 -0.006146000
v -0.014607000 0.004994000 -0.003301000
v -0.014607000 0.004994000 -0.003301000
v -0.005766000 0.001036000 -0.003370000
v -0.011998000 0.000964000 -0.005785000
v -0.006650000 -0.000512000 -0.004658000
v -0.011998000 0.000964000 -0.005785000
v -0.005766000 0.001036000 -0.003370000
v -0.012995000 0.007773000 -0.001204000
v -0.007242000 0.007841000 -0.000390000
v -0.004829000 0.002670000 -0.002280000
v -0.040578000 0.017767000 -0.003497000
v -0.038569000 0.021228000 -0.002697000
v -0.029357000 0.013663000 -0.003304000
v -0.029357000 0.013663000 -0.003304000
v -0.038569000 0.021228000 -0.002697000
v -0.033208000 0.018723000 -0.002545000
v -0.029357000 0.013663000 -0.003304000
v -0.033208000 0.018723000 -0.002545000
v -0.020754000 0.012366000 -0.001627000
v -0.038569000 0.021228000 -0.002697000
v -0.036566000 0.024691000 -0.001897000
v -0.031965000 0.020861000 -0.002001000
v -0.031965000 0.020861000 -0.002001000
v -0.036566000 0.024691000 -0.001897000
v -0.026972000 0.021945000 -0.001136000
v -0.031965000 0.020861000 -0.002001000
v -0.026972000 0.021945000 -0.001136000
v -0.021820000 0.016818000 -0.000913000
v -0.012995000 0.007773000 -0.001204000
v -0.020754000 0.012366000 -0.001627000
v -0.013663000 0.012456000 0.000218000
v -0.013663000 0.012456000 0.000218000
v -0.020754000 0.012366000 -0.001627000
v -0.021820000 0.016818000 -0.000913000
v -0.013663000 0.012456000 0.000218000
v -0.021820000 0.016818000 -0.000913000
v -0.012531000 0.016561000 0.000724000
v -0.012531000 0.016561000 0.000724000
v -0.021820000 0.016818000 -0.000913000
v -0.018089000 0.019120000 0.000095000
v -0.012531000 0.016561000 0.000724000
v -0.009975000 0.014901000 0.000822000
v -0.013663000 0.012456000 0.000218000
v -0.013663000 0.012456000 0.000218000
v -0.009975000 0.014901000 0.000822000
v -0.007242000 0.007841000 -0.000390000
v -0.013663000 0.012456000 0.000218000
v -0.007242000 0.007841000 -0.000390000
v -0.012995000 0.007773000 -0.001204000
v -0.005974000 0.011120000 0.000459000
v -0.002799000 0.006191000 -0.000692000
v -0.007242000 0.007841000 -0.000390000
v -0.007242000 0.007841000 -0.000390000
v -0.002799000 0.006191000 -0.000692000
v -0.003840000 0.004388000 -0.001387000
v -0.007242000 0.007841000 -0.000390000
v -0.003840000 0.004388000 -0.001387000
v -0.004829000 0.002670000 -0.002280000
v -0.014607000 0.004994000 -0.003301000
v -0.017194000 0.003064000 -0.006146000
v -0.022438000 0.009488000 -0.003347000
v -0.022438000 0.009488000 -0.003347000
v -0.017194000 0.003064000 -0.006146000
v -0.022498000 0.005891000 -0.005794000
v -0.022438000 0.009488000 -0.003347000
v -0.022498000 0.005891000 -0.005794000
v -0.029020000 0.010027000 -0.004791000
v -0.004829000 0.002670000 -0.002280000
v -0.005766000 0.001036000 -0.003370000
v -0.012995000 0.007773000 -0.001204000
v -0.012995000 0.007773000 -0.001204000
v -0.005766000 0.001036000 -0.003370000
v -0.014607000 0.004994000 -0.003301000
v -0.012995000 0.007773000 -0.001204000
v -0.014607000 0.004994000 -0.003301000
v -0.020754000 0.012366000 -0.001627000
v -0.020754000 0.012366000 -0.001627000
v -0.014607000 0.004994000 -0.003301000
v -0.022438000 0.009488000 -0.003347000
v -0.020754000 0.012366000 -0.001627000
v -0.022438000 0.009488000 -0.003347000
v -0.029357000 0.013663000 -0.003304000
v -0.021820000 0.016818000 -0.000913000
v -0.020754000 0.012366000 -0.001627000
v -0.031965000 0.020861000 -0.002001000
v -0.031965000 0.020861000 -0.002001000
v -0.020754000 0.012366000 -0.001627000
v -0.033208000 0.018723000 -0.002545000
v -0.031965000 0.020861000 -0.002001000
v -0.033208000 0.018723000 -0.002545000
v -0.038569000 0.021228000 -0.002697000
v -0.040668000 0.017865000 -0.003486000
v -0.040716000 0.018007000 -0.003464000
v -0.036870000 0.024647000 -0.001930000
v -0.040668000 0.017865000 -0.003486000
v -0.036870000 0.024647000 -0.001930000
v -0.036669000 0.024703000 -0.001903000
v -0.040668000 0.017865000 -0.003486000
v -0.036669000 0.024703000 -0.001903000
v -0.036566000 0.024691000 -0.001897000
v -0.040668000 0.017865000 -0.003486000
v -0.036566000 0.024691000 -0.001897000
v -0.038569000 0.021228000 -0.002697000
v -0.040668000 0.017865000 -0.003486000
v -0.038569000 0.021228000 -0.002697000
v -0.040578000 0.017767000 -0.003497000
v -0.036870000 0.024647000 -0.001930000
v -0.040716000 0.018007000 -0.003464000
v -0.037086000 0.024515000 -0.001973000
v -0.037086000 0.024515000 -0.001973000
v -0.040716000 0.018007000 -0.003464000
v -0.040708000 0.018378000 -0.003396000
v -0.037086000 0.024515000 -0.001973000
v -0.040708000 0.018378000 -0.003396000
v -0.037726000 0.023883000 -0.002143000
v -0.037726000 0.023883000 -0.002143000
v -0.040708000 0.018378000 -0.003396000
v -0.040283000 0.019672000 -0.003124000
v -0.037726000 0.023883000 -0.002143000
v -0.040283000 0.019672000 -0.003124000
v -0.038327000 0.023101000 -0.002335000
v 0.003329000 -0.004397000 -0.003965000
v 0.003283000 -0.004414000 -0.004178000
v 0.003355000 -0.004359000 -0.003989000
v 0.003283000 -0.004414000 -0.004178000
v 0.003329000 -0.004397000 -0.003965000
v 0.003252000 -0.004464000 -0.004151000
v 0.003252000 -0.004464000 -0.004151000
v 0.003329000 -0.004397000 -0.003965000
v 0.003321000 -0.004460000 -0.003964000
v 0.003252000 -0.004464000 -0.004151000
v 0.003321000 -0.004460000 -0.003964000
v 0.003249000 -0.004528000 -0.004156000
v 0.003249000 -0.004528000 -0.004156000
v 0.003321000 -0.004460000 -0.003964000
v 0.003347000 -0.004531000 -0.004000000
v 0.003249000 -0.004528000 -0.004156000
v 0.003347000 -0.004531000 -0.004000000
v 0.003272000 -0.004585000 -0.004188000
v 0.003347000 -0.004531000 -0.004000000
v 0.003941000 -0.005466000 -0.004411000
v 0.003272000 -0.004585000 -0.004188000
v 0.003272000 -0.004585000 -0.004188000
v 0.003941000 -0.005466000 -0.004411000
v 0.003817000 -0.005463000 -0.004567000
v 0.003941000 -0.005466000 -0.004411000
v 0.003956000 -0.005509000 -0.004423000
v 0.003817000 -0.005463000 -0.004567000
v 0.003817000 -0.005463000 -0.004567000
v 0.003956000 -0.005509000 -0.004423000
v 0.003831000 -0.005504000 -0.004580000
v -0.003107000 -0.004561000 -0.001033000
v -0.003137000 -0.004520000 -0.000817000
v -0.003143000 -0.004516000 -0.001030000
v -0.003137000 -0.004520000 -0.000817000
v -0.003107000 -0.004561000 -0.001033000
v -0.003101000 -0.004565000 -0.000819000
v -0.003101000 -0.004565000 -0.000819000
v -0.003107000 -0.004561000 -0.001033000
v -0.003101000 -0.004617000 -0.001013000
v -0.003101000 -0.004565000 -0.000819000
v -0.003101000 -0.004617000 -0.001013000
v -0.003095000 -0.004620000 -0.000800000
v -0.003095000 -0.004620000 -0.000800000
v -0.003101000 -0.004617000 -0.001013000
v -0.003139000 -0.004680000 -0.000963000
v -0.003095000 -0.004620000 -0.000800000
v -0.003139000 -0.004680000 -0.000963000
v -0.003131000 -0.004683000 -0.000752000
v -0.003882000 -0.005485000 -0.000405000
v -0.003841000 -0.005425000 -0.000423000
v -0.003936000 -0.005507000 -0.000596000
v -0.003936000 -0.005507000 -0.000596000
v -0.003841000 -0.005425000 -0.000423000
v -0.003895000 -0.005447000 -0.000615000
v -0.003841000 -0.005425000 -0.000423000
v -0.003131000 -0.004683000 -0.000752000
v -0.003895000 -0.005447000 -0.000615000
v -0.003895000 -0.005447000 -0.000615000
v -0.003131000 -0.004683000 -0.000752000
v -0.003139000 -0.004680000 -0.000963000
v 0.004961000 -0.044018000 -0.003203000
v 0.005108000 -0.041113000 -0.003539000
v 0.005944000 -0.030424000 -0.004484000
v 0.004961000 -0.044018000 -0.003203000
v 0.004921000 -0.044022000 -0.003399000
v 0.005108000 -0.041113000 -0.003539000
v 0.005108000 -0.041113000 -0.003539000
v 0.005994000 -0.028224000 -0.004972000
v 0.005944000 -0.030424000 -0.004484000
v 0.006363000 -0.021587000 -0.005666000
v 0.005944000 -0.030424000 -0.004484000
v 0.005994000 -0.028224000 -0.004972000
v 0.005994000 -0.028224000 -0.004972000
v 0.006188000 -0.019371000 -0.005984000
v 0.006363000 -0.021587000 -0.005666000
v 0.005922000 -0.014061000 -0.005895000
v 0.006363000 -0.021587000 -0.005666000
v 0.006188000 -0.019371000 -0.005984000
v 0.006188000 -0.019371000 -0.005984000
v 0.005544000 -0.012542000 -0.005911000
v 0.005922000 -0.014061000 -0.005895000
v 0.003831000 -0.005504000 -0.004580000
v 0.003956000 -0.005509000 -0.004423000
v 0.005544000 -0.012542000 -0.005911000
v 0.005544000 -0.012542000 -0.005911000
v 0.003956000 -0.005509000 -0.004423000
v 0.004336000 -0.006704000 -0.004755000
v 0.005544000 -0.012542000 -0.005911000
v 0.004336000 -0.006704000 -0.004755000
v 0.005922000 -0.014061000 -0.005895000
v -0.003042000 -0.044007000 -0.001602000
v -0.003581000 -0.041857000 -0.001507000
v -0.003081000 -0.044010000 -0.001799000
v -0.003581000 -0.041857000 -0.001507000
v -0.006451000 -0.030405000 -0.000526000
v -0.003081000 -0.044010000 -0.001799000
v -0.006748000 -0.028959000 -0.000124000
v -0.006451000 -0.030405000 -0.000526000
v -0.003581000 -0.041857000 -0.001507000
v -0.007905000 -0.022239000 0.000557000
v -0.006451000 -0.030405000 -0.000526000
v -0.006748000 -0.028959000 -0.000124000
v -0.006854000 -0.011354000 0.000640000
v -0.007980000 -0.016774000 0.000917000
v -0.007889000 -0.015989000 0.001121000
v -0.006554000 -0.010580000 0.000736000
v -0.006854000 -0.011354000 0.000640000
v -0.007889000 -0.015989000 0.001121000
v -0.006748000 -0.028959000 -0.000124000
v -0.007963000 -0.021469000 0.000836000
v -0.007905000 -0.022239000 0.000557000
v -0.007905000 -0.022239000 0.000557000
v -0.007963000 -0.021469000 0.000836000
v -0.007889000 -0.015989000 0.001121000
v -0.007905000 -0.022239000 0.000557000
v -0.007889000 -0.015989000 0.001121000
v -0.007980000 -0.016774000 0.000917000
v -0.006854000 -0.011354000 0.000640000
v -0.006554000 -0.010580000 0.000736000
v -0.004069000 -0.005709000 -0.000535000
v -0.004069000 -0.005709000 -0.000535000
v -0.006554000 -0.010580000 0.000736000
v -0.003882000 -0.005485000 -0.000405000
v -0.004069000 -0.005709000 -0.000535000
v -0.003882000 -0.005485000 -0.000405000
v -0.003936000 -0.005507000 -0.000596000
v -0.001701000 -0.044615000 -0.001860000
v 0.002227000 -0.044791000 -0.002845000
v 0.003212000 -0.044705000 -0.002839000
v 0.003212000 -0.044705000 -0.002839000
v 0.002227000 -0.044791000 -0.002845000
v 0.004339000 -0.044483000 -0.003273000
v 0.003212000 -0.044705000 -0.002839000
v 0.004339000 -0.044483000 -0.003273000
v 0.004432000 -0.044460000 -0.003088000
v 0.004432000 -0.044460000 -0.003088000
v 0.004339000 -0.044483000 -0.003273000
v 0.004732000 -0.044300000 -0.003355000
v -0.003042000 -0.044007000 -0.001602000
v -0.003081000 -0.044010000 -0.001799000
v -0.003029000 -0.044045000 -0.001604000
v -0.003029000 -0.044045000 -0.001604000
v -0.003081000 -0.044010000 -0.001799000
v -0.003069000 -0.044048000 -0.001800000
v -0.003029000 -0.044045000 -0.001604000
v -0.003069000 -0.044048000 -0.001800000
v -0.002923000 -0.044191000 -0.001623000
v -0.002923000 -0.044191000 -0.001623000
v -0.003069000 -0.044048000 -0.001800000
v -0.003050000 -0.044088000 -0.001803000
v -0.002923000 -0.044191000 -0.001623000
v -0.003050000 -0.044088000 -0.001803000
v -0.002928000 -0.044223000 -0.001825000
v -0.002923000 -0.044191000 -0.001623000
v -0.002928000 -0.044223000 -0.001825000
v -0.002669000 -0.044350000 -0.001671000
v -0.002669000 -0.044350000 -0.001671000
v -0.002928000 -0.044223000 -0.001825000
v -0.002691000 -0.044362000 -0.001871000
v -0.002669000 -0.044350000 -0.001671000
v -0.002691000 -0.044362000 -0.001871000
v -0.001701000 -0.044615000 -0.001860000
v -0.001701000 -0.044615000 -0.001860000
v -0.002691000 -0.044362000 -0.001871000
v -0.001910000 -0.044589000 -0.002023000
v -0.001701000 -0.044615000 -0.001860000
v -0.001910000 -0.044589000 -0.002023000
v 0.002227000 -0.044791000 -0.002845000
v 0.004921000 -0.044022000 -0.003399000
v 0.004961000 -0.044018000 -0.003203000
v 0.004921000 -0.044032000 -0.003399000
v 0.004921000 -0.044032000 -0.003399000
v 0.004961000 -0.044018000 -0.003203000
v 0.004960000 -0.044028000 -0.003202000
v 0.004921000 -0.044032000 -0.003399000
v 0.004960000 -0.044028000 -0.003202000
v 0.004881000 -0.044150000 -0.003388000
v 0.004881000 -0.044150000 -0.003388000
v 0.004960000 -0.044028000 -0.003202000
v 0.004920000 -0.044146000 -0.003192000
v 0.004881000 -0.044150000 -0.003388000
v 0.004920000 -0.044146000 -0.003192000
v 0.004732000 -0.044300000 -0.003355000
v 0.004732000 -0.044300000 -0.003355000
v 0.004920000 -0.044146000 -0.003192000
v 0.004813000 -0.044265000 -0.003168000
v 0.004732000 -0.044300000 -0.003355000
v 0.004813000 -0.044265000 -0.003168000
v 0.004432000 -0.044460000 -0.003088000
v 0.000391000 -0.005487000 -0.001980000
v 0.002208000 -0.005498000 -0.003038000
v 0.003932000 -0.005510000 -0.004276000
v 0.000391000 -0.005487000 -0.001980000
v 0.003932000 -0.005510000 -0.004276000
v 0.003356000 -0.004600000 -0.003877000
v 0.000391000 -0.005487000 -0.001980000
v 0.003356000 -0.004600000 -0.003877000
v 0.003287000 -0.004469000 -0.003842000
v 0.000391000 -0.005487000 -0.001980000
v 0.003287000 -0.004469000 -0.003842000
v 0.003283000 -0.004414000 -0.003845000
v -0.002969000 -0.004632000 -0.000707000
v -0.003041000 -0.004745000 -0.000662000
v -0.000441000 -0.005484000 -0.001570000
v -0.003041000 -0.004745000 -0.000662000
v -0.003735000 -0.005474000 -0.000343000
v -0.000441000 -0.005484000 -0.001570000
v 0.004882000 -0.044008000 -0.003085000
v 0.000981000 -0.044014000 -0.002305000
v 0.004882000 -0.044015000 -0.003085000
v 0.002153000 -0.015120000 -0.002176000
v 0.002208000 -0.005498000 -0.003038000
v 0.000391000 -0.005487000 -0.001980000
v 0.005735000 -0.012714000 -0.005656000
v 0.002208000 -0.005498000 -0.003038000
v 0.002153000 -0.015120000 -0.002176000
v -0.001155000 -0.038127000 -0.001787000
v -0.003467000 -0.041833000 -0.001426000
v -0.002927000 -0.043981000 -0.001524000
v -0.001155000 -0.038127000 -0.001787000
v -0.006924000 -0.027591000 0.000153000
v -0.003467000 -0.041833000 -0.001426000
v 0.002080000 -0.024199000 -0.002351000
v 0.001998000 -0.032247000 -0.002562000
v 0.005902000 -0.030403000 -0.004351000
v 0.006367000 -0.020890000 -0.005590000
v 0.002080000 -0.024199000 -0.002351000
v 0.005902000 -0.030403000 -0.004351000
v 0.005735000 -0.012714000 -0.005656000
v 0.002153000 -0.015120000 -0.002176000
v 0.006367000 -0.020890000 -0.005590000
v 0.002080000 -0.024199000 -0.002351000
v -0.002384000 -0.027348000 -0.000859000
v 0.001998000 -0.032247000 -0.002562000
v 0.005902000 -0.030403000 -0.004351000
v 0.001998000 -0.032247000 -0.002562000
v 0.004882000 -0.044008000 -0.003085000
v 0.004882000 -0.044008000 -0.003085000
v 0.001998000 -0.032247000 -0.002562000
v -0.001155000 -0.038127000 -0.001787000
v 0.004882000 -0.044008000 -0.003085000
v -0.001155000 -0.038127000 -0.001787000
v 0.000981000 -0.044014000 -0.002305000
v 0.000981000 -0.044014000 -0.002305000
v -0.001155000 -0.038127000 -0.001787000
v -0.002927000 -0.043981000 -0.001524000
v 0.000981000 -0.044014000 -0.002305000
v -0.002927000 -0.043981000 -0.001524000
v -0.002919000 -0.044006000 -0.001525000
v 0.003932000 -0.005510000 -0.004276000
v 0.002208000 -0.005498000 -0.003038000
v 0.003946000 -0.005551000 -0.004289000
v 0.003946000 -0.005551000 -0.004289000
v 0.002208000 -0.005498000 -0.003038000
v 0.005735000 -0.012714000 -0.005656000
v 0.003946000 -0.005551000 -0.004289000
v 0.005735000 -0.012714000 -0.005656000
v 0.004235000 -0.006430000 -0.004536000
v -0.002523000 -0.018072000 0.000231000
v 0.002153000 -0.015120000 -0.002176000
v -0.001974000 -0.010153000 -0.000394000
v -0.001974000 -0.010153000 -0.000394000
v 0.002153000 -0.015120000 -0.002176000
v 0.000391000 -0.005487000 -0.001980000
v -0.001974000 -0.010153000 -0.000394000
v 0.000391000 -0.005487000 -0.001980000
v -0.000008000 -0.005501000 -0.001777000
v -0.000008000 -0.005501000 -0.001777000
v -0.000441000 -0.005484000 -0.001570000
v -0.001974000 -0.010153000 -0.000394000
v -0.001974000 -0.010153000 -0.000394000
v -0.000441000 -0.005484000 -0.001570000
v -0.003735000 -0.005474000 -0.000343000
v -0.001974000 -0.010153000 -0.000394000
v -0.003735000 -0.005474000 -0.000343000
v -0.003775000 -0.005532000 -0.000324000
v -0.003775000 -0.005532000 -0.000324000
v -0.006909000 -0.011931000 0.000994000
v -0.001974000 -0.010153000 -0.000394000
v -0.001974000 -0.010153000 -0.000394000
v -0.006909000 -0.011931000 0.000994000
v -0.007960000 -0.018736000 0.001143000
v -0.001974000 -0.010153000 -0.000394000
v -0.007960000 -0.018736000 0.001143000
v -0.002523000 -0.018072000 0.000231000
v -0.002523000 -0.018072000 0.000231000
v -0.007960000 -0.018736000 0.001143000
v -0.006924000 -0.027591000 0.000153000
v -0.002523000 -0.018072000 0.000231000
v -0.006924000 -0.027591000 0.000153000
v -0.002384000 -0.027348000 -0.000859000
v -0.002384000 -0.027348000 -0.000859000
v -0.006924000 -0.027591000 0.000153000
v -0.001155000 -0.038127000 -0.001787000
v -0.002384000 -0.027348000 -0.000859000
v -0.001155000 -0.038127000 -0.001787000
v 0.001998000 -0.032247000 -0.002562000
v 0.006367000 -0.020890000 -0.005590000
v 0.002153000 -0.015120000 -0.002176000
v 0.002080000 -0.024199000 -0.002351000
v 0.002080000 -0.024199000 -0.002351000
v 0.002153000 -0.015120000 -0.002176000
v -0.002523000 -0.018072000 0.000231000
v 0.002080000 -0.024199000 -0.002351000
v -0.002523000 -0.018072000 0.000231000
v -0.002384000 -0.027348000 -0.000859000
v 0.000981000 -0.044014000 -0.002305000
v 0.004828000 -0.044130000 -0.003072000
v 0.004882000 -0.044015000 -0.003085000
v -0.002803000 -0.044144000 -0.001546000
v 0.000981000 -0.044014000 -0.002305000
v -0.002919000 -0.044006000 -0.001525000
v 0.000981000 -0.044014000 -0.002305000
v -0.002803000 -0.044144000 -0.001546000
v 0.004828000 -0.044130000 -0.003072000
v 0.004828000 -0.044130000 -0.003072000
v -0.002803000 -0.044144000 -0.001546000
v -0.002485000 -0.044309000 -0.001607000
v 0.004828000 -0.044130000 -0.003072000
v -0.002485000 -0.044309000 -0.001607000
v 0.004651000 -0.044263000 -0.003034000
v 0.004651000 -0.044263000 -0.003034000
v -0.002485000 -0.044309000 -0.001607000
v -0.000409000 -0.044658000 -0.002017000
v 0.004651000 -0.044263000 -0.003034000
v -0.000409000 -0.044658000 -0.002017000
v 0.003867000 -0.044506000 -0.002873000
v -0.003049000 -0.004579000 -0.000731000
v -0.003051000 -0.004600000 -0.000728000
v -0.002969000 -0.004632000 -0.000707000
v -0.003101000 -0.004565000 -0.000819000
v -0.003115000 -0.004535000 -0.000795000
v -0.003137000 -0.004520000 -0.000817000
v -0.003101000 -0.004565000 -0.000819000
v -0.003049000 -0.004579000 -0.000731000
v -0.003115000 -0.004535000 -0.000795000
v -0.003108000 -0.004685000 -0.000705000
v -0.003095000 -0.004620000 -0.000800000
v -0.003131000 -0.004683000 -0.000752000
v -0.003108000 -0.004685000 -0.000705000
v -0.003051000 -0.004600000 -0.000728000
v -0.003095000 -0.004620000 -0.000800000
v -0.003095000 -0.004620000 -0.000800000
v -0.003051000 -0.004600000 -0.000728000
v -0.003049000 -0.004579000 -0.000731000
v -0.003095000 -0.004620000 -0.000800000
v -0.003049000 -0.004579000 -0.000731000
v -0.003101000 -0.004565000 -0.000819000
v -0.003041000 -0.004745000 -0.000662000
v -0.002969000 -0.004632000 -0.000707000
v -0.003075000 -0.004708000 -0.000672000
v -0.003075000 -0.004708000 -0.000672000
v -0.002969000 -0.004632000 -0.000707000
v -0.003051000 -0.004600000 -0.000728000
v -0.003075000 -0.004708000 -0.000672000
v -0.003051000 -0.004600000 -0.000728000
v -0.003108000 -0.004685000 -0.000705000
v 0.003322000 -0.004412000 -0.003897000
v 0.003351000 -0.004522000 -0.003913000
v 0.003321000 -0.004460000 -0.003964000
v 0.003329000 -0.004379000 -0.003905000
v 0.003283000 -0.004414000 -0.003845000
v 0.003322000 -0.004412000 -0.003897000
v 0.003322000 -0.004412000 -0.003897000
v 0.003283000 -0.004414000 -0.003845000
v 0.003287000 -0.004469000 -0.003842000
v 0.003322000 -0.004412000 -0.003897000
v 0.003287000 -0.004469000 -0.003842000
v 0.003351000 -0.004522000 -0.003913000
v 0.003351000 -0.004522000 -0.003913000
v 0.003287000 -0.004469000 -0.003842000
v 0.003356000 -0.004600000 -0.003877000
v 0.003351000 -0.004522000 -0.003913000
v 0.003356000 -0.004600000 -0.003877000
v 0.003372000 -0.004563000 -0.003909000
v 0.003372000 -0.004563000 -0.003909000
v 0.003369000 -0.004537000 -0.003954000
v 0.003351000 -0.004522000 -0.003913000
v 0.003351000 -0.004522000 -0.003913000
v 0.003369000 -0.004537000 -0.003954000
v 0.003347000 -0.004531000 -0.004000000
v 0.003351000 -0.004522000 -0.003913000
v 0.003347000 -0.004531000 -0.004000000
v 0.003321000 -0.004460000 -0.003964000
v 0.003321000 -0.004460000 -0.003964000
v 0.003329000 -0.004397000 -0.003965000
v 0.003322000 -0.004412000 -0.003897000
v 0.003322000 -0.004412000 -0.003897000
v 0.003329000 -0.004397000 -0.003965000
v 0.003355000 -0.004359000 -0.003989000
v 0.003322000 -0.004412000 -0.003897000
v 0.003355000 -0.004359000 -0.003989000
v 0.003329000 -0.004379000 -0.003905000
v 0.003959000 -0.005489000 -0.004315000
v 0.003356000 -0.004600000 -0.003877000
v 0.003932000 -0.005510000 -0.004276000
v 0.003356000 -0.004600000 -0.003877000
v 0.003959000 -0.005489000 -0.004315000
v 0.003372000 -0.004563000 -0.003909000
v 0.003372000 -0.004563000 -0.003909000
v 0.003959000 -0.005489000 -0.004315000
v 0.003963000 -0.005473000 -0.004364000
v 0.003372000 -0.004563000 -0.003909000
v 0.003963000 -0.005473000 -0.004364000
v 0.003369000 -0.004537000 -0.003954000
v 0.003369000 -0.004537000 -0.003954000
v 0.003963000 -0.005473000 -0.004364000
v 0.003941000 -0.005466000 -0.004411000
v 0.003369000 -0.004537000 -0.003954000
v 0.003941000 -0.005466000 -0.004411000
v 0.003347000 -0.004531000 -0.004000000
v 0.003974000 -0.005531000 -0.004327000
v 0.003932000 -0.005510000 -0.004276000
v 0.003946000 -0.005551000 -0.004289000
v 0.003932000 -0.005510000 -0.004276000
v 0.003974000 -0.005531000 -0.004327000
v 0.003959000 -0.005489000 -0.004315000
v 0.003959000 -0.005489000 -0.004315000
v 0.003974000 -0.005531000 -0.004327000
v 0.003977000 -0.005515000 -0.004377000
v 0.003959000 -0.005489000 -0.004315000
v 0.003977000 -0.005515000 -0.004377000
v 0.003963000 -0.005473000 -0.004364000
v 0.003963000 -0.005473000 -0.004364000
v 0.003977000 -0.005515000 -0.004377000
v 0.003956000 -0.005509000 -0.004423000
v 0.003963000 -0.005473000 -0.004364000
v 0.003956000 -0.005509000 -0.004423000
v 0.003941000 -0.005466000 -0.004411000
v 0.006363000 -0.021587000 -0.005666000
v 0.006295000 -0.024989000 -0.005183000
v 0.005944000 -0.030424000 -0.004484000
v 0.006295000 -0.024989000 -0.005183000
v 0.006367000 -0.020890000 -0.005590000
v 0.005902000 -0.030403000 -0.004351000
v 0.006295000 -0.024989000 -0.005183000
v 0.005902000 -0.030403000 -0.004351000
v 0.004929000 -0.044012000 -0.003108000
v 0.003956000 -0.005509000 -0.004423000
v 0.003977000 -0.005515000 -0.004377000
v 0.004336000 -0.006704000 -0.004755000
v 0.004882000 -0.044008000 -0.003085000
v 0.004929000 -0.044012000 -0.003108000
v 0.005902000 -0.030403000 -0.004351000
v 0.006295000 -0.024989000 -0.005183000
v 0.004929000 -0.044012000 -0.003108000
v 0.004957000 -0.044016000 -0.003151000
v 0.006295000 -0.024989000 -0.005183000
v 0.004957000 -0.044016000 -0.003151000
v 0.005944000 -0.030424000 -0.004484000
v 0.004961000 -0.044018000 -0.003203000
v 0.005944000 -0.030424000 -0.004484000
v 0.004957000 -0.044016000 -0.003151000
v 0.005958000 -0.014060000 -0.005827000
v 0.003974000 -0.005531000 -0.004327000
v 0.003946000 -0.005551000 -0.004289000
v 0.005958000 -0.014060000 -0.005827000
v 0.003946000 -0.005551000 -0.004289000
v 0.004235000 -0.006430000 -0.004536000
v 0.005958000 -0.014060000 -0.005827000
v 0.004235000 -0.006430000 -0.004536000
v 0.005735000 -0.012714000 -0.005656000
v 0.005958000 -0.014060000 -0.005827000
v 0.005735000 -0.012714000 -0.005656000
v 0.006367000 -0.020890000 -0.005590000
v 0.005958000 -0.014060000 -0.005827000
v 0.006367000 -0.020890000 -0.005590000
v 0.006295000 -0.024989000 -0.005183000
v 0.005958000 -0.014060000 -0.005827000
v 0.006295000 -0.024989000 -0.005183000
v 0.006363000 -0.021587000 -0.005666000
v 0.005958000 -0.014060000 -0.005827000
v 0.006363000 -0.021587000 -0.005666000
v 0.005922000 -0.014061000 -0.005895000
v 0.005958000 -0.014060000 -0.005827000
v 0.005922000 -0.014061000 -0.005895000
v 0.004336000 -0.006704000 -0.004755000
v 0.005958000 -0.014060000 -0.005827000
v 0.004336000 -0.006704000 -0.004755000
v 0.003977000 -0.005515000 -0.004377000
v 0.005958000 -0.014060000 -0.005827000
v 0.003977000 -0.005515000 -0.004377000
v 0.003974000 -0.005531000 -0.004327000
v 0.004882000 -0.044008000 -0.003085000
v 0.004882000 -0.044015000 -0.003085000
v 0.004929000 -0.044012000 -0.003108000
v 0.004929000 -0.044012000 -0.003108000
v 0.004882000 -0.044015000 -0.003085000
v 0.004928000 -0.044021000 -0.003108000
v 0.004929000 -0.044012000 -0.003108000
v 0.004928000 -0.044021000 -0.003108000
v 0.004957000 -0.044016000 -0.003151000
v 0.004957000 -0.044016000 -0.003151000
v 0.004928000 -0.044021000 -0.003108000
v 0.004957000 -0.044026000 -0.003150000
v 0.004957000 -0.044016000 -0.003151000
v 0.004957000 -0.044026000 -0.003150000
v 0.004961000 -0.044018000 -0.003203000
v 0.004961000 -0.044018000 -0.003203000
v 0.004957000 -0.044026000 -0.003150000
v 0.004960000 -0.044028000 -0.003202000
v -0.002851000 -0.044200000 -0.001565000
v -0.003007000 -0.044039000 -0.001558000
v -0.002923000 -0.044191000 -0.001623000
v -0.002514000 -0.044376000 -0.001630000
v -0.002669000 -0.044350000 -0.001671000
v -0.001701000 -0.044615000 -0.001860000
v 0.003212000 -0.044705000 -0.002839000
v 0.004233000 -0.044493000 -0.002976000
v 0.003867000 -0.044506000 -0.002873000
v 0.003867000 -0.044506000 -0.002873000
v -0.000409000 -0.044658000 -0.002017000
v 0.003212000 -0.044705000 -0.002839000
v 0.003212000 -0.044705000 -0.002839000
v -0.000409000 -0.044658000 -0.002017000
v -0.001701000 -0.044615000 -0.001860000
v -0.000409000 -0.044658000 -0.002017000
v -0.002514000 -0.044376000 -0.001630000
v -0.001701000 -0.044615000 -0.001860000
v 0.004432000 -0.044460000 -0.003088000
v 0.004831000 -0.044222000 -0.003100000
v 0.004233000 -0.044493000 -0.002976000
v 0.004432000 -0.044460000 -0.003088000
v 0.004233000 -0.044493000 -0.002976000
v 0.003212000 -0.044705000 -0.002839000
v 0.003867000 -0.044506000 -0.002873000
v 0.004233000 -0.044493000 -0.002976000
v 0.004651000 -0.044263000 -0.003034000
v 0.004831000 -0.044222000 -0.003100000
v 0.004651000 -0.044263000 -0.003034000
v 0.004233000 -0.044493000 -0.002976000
v 0.004960000 -0.044028000 -0.003202000
v 0.004957000 -0.044026000 -0.003150000
v 0.004920000 -0.044146000 -0.003192000
v -0.003029000 -0.044045000 -0.001604000
v -0.002923000 -0.044191000 -0.001623000
v -0.003007000 -0.044039000 -0.001558000
v -0.002514000 -0.044376000 -0.001630000
v -0.000409000 -0.044658000 -0.002017000
v -0.002485000 -0.044309000 -0.001607000
v 0.004831000 -0.044222000 -0.003100000
v 0.004432000 -0.044460000 -0.003088000
v 0.004813000 -0.044265000 -0.003168000
v -0.002485000 -0.044309000 -0.001607000
v -0.002803000 -0.044144000 -0.001546000
v -0.002514000 -0.044376000 -0.001630000
v -0.002514000 -0.044376000 -0.001630000
v -0.002803000 -0.044144000 -0.001546000
v -0.002851000 -0.044200000 -0.001565000
v -0.002514000 -0.044376000 -0.001630000
v -0.002851000 -0.044200000 -0.001565000
v -0.002669000 -0.044350000 -0.001671000
v -0.002669000 -0.044350000 -0.001671000
v -0.002851000 -0.044200000 -0.001565000
v -0.002923000 -0.044191000 -0.001623000
v 0.004813000 -0.044265000 -0.003168000
v 0.004920000 -0.044146000 -0.003192000
v 0.004831000 -0.044222000 -0.003100000
v 0.004831000 -0.044222000 -0.003100000
v 0.004920000 -0.044146000 -0.003192000
v 0.004957000 -0.044026000 -0.003150000
v 0.004831000 -0.044222000 -0.003100000
v 0.004957000 -0.044026000 -0.003150000
v 0.004928000 -0.044021000 -0.003108000
v 0.004928000 -0.044021000 -0.003108000
v 0.004882000 -0.044015000 -0.003085000
v 0.004831000 -0.044222000 -0.003100000
v 0.004831000 -0.044222000 -0.003100000
v 0.004882000 -0.044015000 -0.003085000
v 0.004828000 -0.044130000 -0.003072000
v 0.004831000 -0.044222000 -0.003100000
v 0.004828000 -0.044130000 -0.003072000
v 0.004651000 -0.044263000 -0.003034000
v -0.002803000 -0.044144000 -0.001546000
v -0.002919000 -0.044006000 -0.001525000
v -0.002851000 -0.044200000 -0.001565000
v -0.002851000 -0.044200000 -0.001565000
v -0.002919000 -0.044006000 -0.001525000
v -0.002967000 -0.044025000 -0.001529000
v -0.002851000 -0.044200000 -0.001565000
v -0.002967000 -0.044025000 -0.001529000
v -0.003007000 -0.044039000 -0.001558000
v -0.002919000 -0.044006000 -0.001525000
v -0.002927000 -0.043981000 -0.001524000
v -0.002967000 -0.044025000 -0.001529000
v -0.002967000 -0.044025000 -0.001529000
v -0.002927000 -0.043981000 -0.001524000
v -0.002977000 -0.043994000 -0.001527000
v -0.002967000 -0.044025000 -0.001529000
v -0.002977000 -0.043994000 -0.001527000
v -0.003007000 -0.044039000 -0.001558000
v -0.003007000 -0.044039000 -0.001558000
v -0.002977000 -0.043994000 -0.001527000
v -0.003019000 -0.044003000 -0.001556000
v -0.003007000 -0.044039000 -0.001558000
v -0.003019000 -0.044003000 -0.001556000
v -0.003029000 -0.044045000 -0.001604000
v -0.003029000 -0.044045000 -0.001604000
v -0.003019000 -0.044003000 -0.001556000
v -0.003042000 -0.044007000 -0.001602000
v -0.007133000 -0.026924000 0.000229000
v -0.008032000 -0.018734000 0.001117000
v -0.007963000 -0.021469000 0.000836000
v -0.006748000 -0.028959000 -0.000124000
v -0.007133000 -0.026924000 0.000229000
v -0.007963000 -0.021469000 0.000836000
v -0.006748000 -0.028959000 -0.000124000
v -0.003019000 -0.044003000 -0.001556000
v -0.007133000 -0.026924000 0.000229000
v -0.006924000 -0.027591000 0.000153000
v -0.007960000 -0.018736000 0.001143000
v -0.007133000 -0.026924000 0.000229000
v -0.008032000 -0.018734000 0.001117000
v -0.006909000 -0.011931000 0.000994000
v -0.006517000 -0.010585000 0.000803000
v -0.003581000 -0.041857000 -0.001507000
v -0.003019000 -0.044003000 -0.001556000
v -0.006748000 -0.028959000 -0.000124000
v -0.003019000 -0.044003000 -0.001556000
v -0.003581000 -0.041857000 -0.001507000
v -0.003042000 -0.044007000 -0.001602000
v -0.008032000 -0.018734000 0.001117000
v -0.007133000 -0.026924000 0.000229000
v -0.007960000 -0.018736000 0.001143000
v -0.007960000 -0.018736000 0.001143000
v -0.006909000 -0.011931000 0.000994000
v -0.008032000 -0.018734000 0.001117000
v -0.002977000 -0.043994000 -0.001527000
v -0.002927000 -0.043981000 -0.001524000
v -0.003467000 -0.041833000 -0.001426000
v -0.002977000 -0.043994000 -0.001527000
v -0.003467000 -0.041833000 -0.001426000
v -0.006924000 -0.027591000 0.000153000
v -0.002977000 -0.043994000 -0.001527000
v -0.006924000 -0.027591000 0.000153000
v -0.007133000 -0.026924000 0.000229000
v -0.002977000 -0.043994000 -0.001527000
v -0.007133000 -0.026924000 0.000229000
v -0.003019000 -0.044003000 -0.001556000
v -0.003858000 -0.005487000 -0.000359000
v -0.006517000 -0.010585000 0.000803000
v -0.003819000 -0.005504000 -0.000329000
v -0.003819000 -0.005504000 -0.000329000
v -0.006517000 -0.010585000 0.000803000
v -0.006909000 -0.011931000 0.000994000
v -0.003819000 -0.005504000 -0.000329000
v -0.006909000 -0.011931000 0.000994000
v -0.003775000 -0.005532000 -0.000324000
v -0.007963000 -0.021469000 0.000836000
v -0.008032000 -0.018734000 0.001117000
v -0.007889000 -0.015989000 0.001121000
v -0.007889000 -0.015989000 0.001121000
v -0.008032000 -0.018734000 0.001117000
v -0.006517000 -0.010585000 0.000803000
v -0.007889000 -0.015989000 0.001121000
v -0.006517000 -0.010585000 0.000803000
v -0.006554000 -0.010580000 0.000736000
v -0.006554000 -0.010580000 0.000736000
v -0.006517000 -0.010585000 0.000803000
v -0.003858000 -0.005487000 -0.000359000
v -0.006554000 -0.010580000 0.000736000
v -0.003858000 -0.005487000 -0.000359000
v -0.003882000 -0.005485000 -0.000405000
v -0.003778000 -0.005445000 -0.000348000
v -0.003775000 -0.005532000 -0.000324000
v -0.003735000 -0.005474000 -0.000343000
v -0.003775000 -0.005532000 -0.000324000
v -0.003778000 -0.005445000 -0.000348000
v -0.003819000 -0.005504000 -0.000329000
v -0.003819000 -0.005504000 -0.000329000
v -0.003778000 -0.005445000 -0.000348000
v -0.003817000 -0.005427000 -0.000377000
v -0.003819000 -0.005504000 -0.000329000
v -0.003817000 -0.005427000 -0.000377000
v -0.003858000 -0.005487000 -0.000359000
v -0.003858000 -0.005487000 -0.000359000
v -0.003817000 -0.005427000 -0.000377000
v -0.003841000 -0.005425000 -0.000423000
v -0.003858000 -0.005487000 -0.000359000
v -0.003841000 -0.005425000 -0.000423000
v -0.003882000 -0.005485000 -0.000405000
v -0.003075000 -0.004708000 -0.000672000
v -0.003735000 -0.005474000 -0.000343000
v -0.003041000 -0.004745000 -0.000662000
v -0.003735000 -0.005474000 -0.000343000
v -0.003075000 -0.004708000 -0.000672000
v -0.003778000 -0.005445000 -0.000348000
v -0.003778000 -0.005445000 -0.000348000
v -0.003075000 -0.004708000 -0.000672000
v -0.003108000 -0.004685000 -0.000705000
v -0.003778000 -0.005445000 -0.000348000
v -0.003108000 -0.004685000 -0.000705000
v -0.003817000 -0.005427000 -0.000377000
v -0.003817000 -0.005427000 -0.000377000
v -0.003108000 -0.004685000 -0.000705000
v -0.003131000 -0.004683000 -0.000752000
v -0.003817000 -0.005427000 -0.000377000
v -0.003131000 -0.004683000 -0.000752000
v -0.003841000 -0.005425000 -0.000423000
v -0.003110000 -0.004778000 -0.001060000
v -0.001823000 -0.005519000 -0.001409000
v -0.003844000 -0.005519000 -0.000725000
v -0.003110000 -0.004778000 -0.001060000
v -0.003037000 -0.004668000 -0.001106000
v -0.001823000 -0.005519000 -0.001409000
v 0.003683000 -0.005503000 -0.004590000
v 0.001940000 -0.005511000 -0.003341000
v 0.000102000 -0.005516000 -0.002280000
v -0.003037000 -0.004668000 -0.001106000
v -0.003032000 -0.004591000 -0.001123000
v -0.001823000 -0.005519000 -0.001409000
v -0.001823000 -0.005519000 -0.001409000
v -0.003032000 -0.004591000 -0.001123000
v -0.000008000 -0.005501000 -0.002225000
v -0.001823000 -0.005519000 -0.001409000
v -0.000008000 -0.005501000 -0.002225000
v 0.000102000 -0.005516000 -0.002280000
v 0.003683000 -0.005503000 -0.004590000
v 0.000102000 -0.005516000 -0.002280000
v 0.003165000 -0.004667000 -0.004227000
v 0.003165000 -0.004667000 -0.004227000
v 0.000102000 -0.005516000 -0.002280000
v -0.000008000 -0.005501000 -0.002225000
v 0.003165000 -0.004667000 -0.004227000
v -0.000008000 -0.005501000 -0.002225000
v 0.003101000 -0.004544000 -0.004194000
v 0.003696000 -0.005542000 -0.004601000
v 0.001940000 -0.005511000 -0.003341000
v 0.003683000 -0.005503000 -0.004590000
v 0.003696000 -0.005542000 -0.004601000
v 0.005166000 -0.011232000 -0.005757000
v 0.001940000 -0.005511000 -0.003341000
v 0.004803000 -0.044024000 -0.003477000
v 0.000903000 -0.044015000 -0.002697000
v 0.004804000 -0.044017000 -0.003478000
v -0.001823000 -0.005519000 -0.001409000
v 0.000102000 -0.005516000 -0.002280000
v -0.002116000 -0.010192000 -0.000766000
v -0.003005000 -0.043988000 -0.001916000
v -0.006372000 -0.030372000 -0.000638000
v -0.001237000 -0.038114000 -0.002178000
v -0.001237000 -0.038114000 -0.002178000
v -0.006372000 -0.030372000 -0.000638000
v -0.002496000 -0.027308000 -0.001241000
v -0.002496000 -0.027308000 -0.001241000
v -0.006372000 -0.030372000 -0.000638000
v -0.007873000 -0.021538000 0.000523000
v -0.002496000 -0.027308000 -0.001241000
v -0.007873000 -0.021538000 0.000523000
v -0.002643000 -0.018063000 -0.000151000
v -0.007873000 -0.021538000 0.000523000
v -0.007625000 -0.014745000 0.000793000
v -0.002643000 -0.018063000 -0.000151000
v -0.002116000 -0.010192000 -0.000766000
v -0.002643000 -0.018063000 -0.000151000
v -0.007625000 -0.014745000 0.000793000
v -0.003844000 -0.005519000 -0.000725000
v -0.001823000 -0.005519000 -0.001409000
v -0.003883000 -0.005576000 -0.000707000
v 0.004988000 -0.041110000 -0.003613000
v 0.001864000 -0.032249000 -0.002939000
v 0.005816000 -0.028898000 -0.004914000
v 0.005816000 -0.028898000 -0.004914000
v 0.001864000 -0.032249000 -0.002939000
v 0.001891000 -0.024167000 -0.002702000
v 0.005816000 -0.028898000 -0.004914000
v 0.001891000 -0.024167000 -0.002702000
v 0.006047000 -0.019374000 -0.005975000
v 0.001891000 -0.024167000 -0.002702000
v 0.001925000 -0.015144000 -0.002504000
v 0.006047000 -0.019374000 -0.005975000
v 0.006047000 -0.019374000 -0.005975000
v 0.001925000 -0.015144000 -0.002504000
v 0.005166000 -0.011232000 -0.005757000
v -0.001237000 -0.038114000 -0.002178000
v -0.002496000 -0.027308000 -0.001241000
v 0.001864000 -0.032249000 -0.002939000
v 0.001864000 -0.032249000 -0.002939000
v -0.002496000 -0.027308000 -0.001241000
v 0.001891000 -0.024167000 -0.002702000
v 0.001891000 -0.024167000 -0.002702000
v -0.002496000 -0.027308000 -0.001241000
v -0.002643000 -0.018063000 -0.000151000
v 0.001891000 -0.024167000 -0.002702000
v -0.002643000 -0.018063000 -0.000151000
v 0.001925000 -0.015144000 -0.002504000
v -0.002116000 -0.010192000 -0.000766000
v 0.001925000 -0.015144000 -0.002504000
v -0.002643000 -0.018063000 -0.000151000
v -0.002998000 -0.044012000 -0.001917000
v -0.003005000 -0.043988000 -0.001916000
v 0.000903000 -0.044015000 -0.002697000
v 0.000903000 -0.044015000 -0.002697000
v -0.003005000 -0.043988000 -0.001916000
v -0.001237000 -0.038114000 -0.002178000
v 0.000903000 -0.044015000 -0.002697000
v -0.001237000 -0.038114000 -0.002178000
v 0.004804000 -0.044017000 -0.003478000
v 0.004804000 -0.044017000 -0.003478000
v -0.001237000 -0.038114000 -0.002178000
v 0.001864000 -0.032249000 -0.002939000
v 0.004804000 -0.044017000 -0.003478000
v 0.001864000 -0.032249000 -0.002939000
v 0.004988000 -0.041110000 -0.003613000
v -0.002116000 -0.010192000 -0.000766000
v 0.000102000 -0.005516000 -0.002280000
v 0.001925000 -0.015144000 -0.002504000
v 0.001925000 -0.015144000 -0.002504000
v 0.000102000 -0.005516000 -0.002280000
v 0.001940000 -0.005511000 -0.003341000
v 0.001925000 -0.015144000 -0.002504000
v 0.001940000 -0.005511000 -0.003341000
v 0.005166000 -0.011232000 -0.005757000
v -0.003883000 -0.005576000 -0.000707000
v -0.001823000 -0.005519000 -0.001409000
v -0.005721000 -0.008808000 0.000111000
v -0.005721000 -0.008808000 0.000111000
v -0.001823000 -0.005519000 -0.001409000
v -0.002116000 -0.010192000 -0.000766000
v -0.005721000 -0.008808000 0.000111000
v -0.002116000 -0.010192000 -0.000766000
v -0.007625000 -0.014745000 0.000793000
v 0.004746000 -0.044143000 -0.003463000
v 0.004445000 -0.044332000 -0.003400000
v -0.002671000 -0.044272000 -0.001978000
v 0.004746000 -0.044143000 -0.003463000
v -0.002671000 -0.044272000 -0.001978000
v -0.002940000 -0.044099000 -0.001927000
v 0.004746000 -0.044143000 -0.003463000
v -0.002940000 -0.044099000 -0.001927000
v -0.002998000 -0.044012000 -0.001917000
v 0.004746000 -0.044143000 -0.003463000
v -0.002998000 -0.044012000 -0.001917000
v 0.000903000 -0.044015000 -0.002697000
v 0.004746000 -0.044143000 -0.003463000
v 0.000903000 -0.044015000 -0.002697000
v 0.004803000 -0.044024000 -0.003477000
v 0.004445000 -0.044332000 -0.003400000
v 0.002890000 -0.044643000 -0.003084000
v -0.002671000 -0.044272000 -0.001978000
v -0.002671000 -0.044272000 -0.001978000
v 0.002890000 -0.044643000 -0.003084000
v -0.001911000 -0.044493000 -0.002127000
v 0.003249000 -0.004528000 -0.004156000
v 0.003181000 -0.004488000 -0.004211000
v 0.003252000 -0.004464000 -0.004151000
v 0.003283000 -0.004414000 -0.004178000
v 0.003252000 -0.004464000 -0.004151000
v 0.003181000 -0.004488000 -0.004211000
v 0.003101000 -0.004544000 -0.004194000
v 0.003181000 -0.004488000 -0.004211000
v 0.003199000 -0.004583000 -0.004219000
v 0.003165000 -0.004667000 -0.004227000
v 0.003101000 -0.004544000 -0.004194000
v 0.003198000 -0.004629000 -0.004237000
v 0.003198000 -0.004629000 -0.004237000
v 0.003101000 -0.004544000 -0.004194000
v 0.003199000 -0.004583000 -0.004219000
v 0.003198000 -0.004629000 -0.004237000
v 0.003199000 -0.004583000 -0.004219000
v 0.003237000 -0.004599000 -0.004223000
v 0.003272000 -0.004585000 -0.004188000
v 0.003237000 -0.004599000 -0.004223000
v 0.003249000 -0.004528000 -0.004156000
v 0.003249000 -0.004528000 -0.004156000
v 0.003237000 -0.004599000 -0.004223000
v 0.003199000 -0.004583000 -0.004219000
v 0.003249000 -0.004528000 -0.004156000
v 0.003199000 -0.004583000 -0.004219000
v 0.003181000 -0.004488000 -0.004211000
v -0.003083000 -0.004626000 -0.001076000
v -0.003037000 -0.004668000 -0.001106000
v -0.003135000 -0.004735000 -0.001046000
v -0.003143000 -0.004516000 -0.001030000
v -0.003081000 -0.004558000 -0.001101000
v -0.003107000 -0.004561000 -0.001033000
v -0.003110000 -0.004778000 -0.001060000
v -0.003135000 -0.004735000 -0.001046000
v -0.003037000 -0.004668000 -0.001106000
v -0.003083000 -0.004626000 -0.001076000
v -0.003135000 -0.004735000 -0.001046000
v -0.003146000 -0.004699000 -0.001011000
v -0.003083000 -0.004626000 -0.001076000
v -0.003146000 -0.004699000 -0.001011000
v -0.003101000 -0.004617000 -0.001013000
v -0.003139000 -0.004680000 -0.000963000
v -0.003101000 -0.004617000 -0.001013000
v -0.003146000 -0.004699000 -0.001011000
v -0.003101000 -0.004617000 -0.001013000
v -0.003107000 -0.004561000 -0.001033000
v -0.003083000 -0.004626000 -0.001076000
v -0.003083000 -0.004626000 -0.001076000
v -0.003107000 -0.004561000 -0.001033000
v -0.003081000 -0.004558000 -0.001101000
v -0.003083000 -0.004626000 -0.001076000
v -0.003081000 -0.004558000 -0.001101000
v -0.003037000 -0.004668000 -0.001106000
v -0.003037000 -0.004668000 -0.001106000
v -0.003081000 -0.004558000 -0.001101000
v -0.003032000 -0.004591000 -0.001123000
v -0.003110000 -0.004778000 -0.001060000
v -0.003844000 -0.005519000 -0.000725000
v -0.003135000 -0.004735000 -0.001046000
v -0.003135000 -0.004735000 -0.001046000
v -0.003844000 -0.005519000 -0.000725000
v -0.003879000 -0.005487000 -0.000705000
v -0.003135000 -0.004735000 -0.001046000
v -0.003879000 -0.005487000 -0.000705000
v -0.003146000 -0.004699000 -0.001011000
v -0.003146000 -0.004699000 -0.001011000
v -0.003879000 -0.005487000 -0.000705000
v -0.003898000 -0.005461000 -0.000664000
v -0.003146000 -0.004699000 -0.001011000
v -0.003898000 -0.005461000 -0.000664000
v -0.003139000 -0.004680000 -0.000963000
v -0.003139000 -0.004680000 -0.000963000
v -0.003898000 -0.005461000 -0.000664000
v -0.003895000 -0.005447000 -0.000615000
v -0.003844000 -0.005519000 -0.000725000
v -0.003883000 -0.005576000 -0.000707000
v -0.003879000 -0.005487000 -0.000705000
v -0.003879000 -0.005487000 -0.000705000
v -0.003883000 -0.005576000 -0.000707000
v -0.003919000 -0.005546000 -0.000687000
v -0.003879000 -0.005487000 -0.000705000
v -0.003919000 -0.005546000 -0.000687000
v -0.003898000 -0.005461000 -0.000664000
v -0.003898000 -0.005461000 -0.000664000
v -0.003919000 -0.005546000 -0.000687000
v -0.003939000 -0.005521000 -0.000646000
v -0.003898000 -0.005461000 -0.000664000
v -0.003939000 -0.005521000 -0.000646000
v -0.003895000 -0.005447000 -0.000615000
v -0.003895000 -0.005447000 -0.000615000
v -0.003939000 -0.005521000 -0.000646000
v -0.003936000 -0.005507000 -0.000596000
v -0.003883000 -0.005576000 -0.000707000
v -0.006836000 -0.011369000 0.000568000
v -0.003919000 -0.005546000 -0.000687000
v -0.003883000 -0.005576000 -0.000707000
v -0.005721000 -0.008808000 0.000111000
v -0.006836000 -0.011369000 0.000568000
v -0.007905000 -0.022239000 0.000557000
v -0.007873000 -0.021538000 0.000523000
v -0.006372000 -0.030372000 -0.000638000
v -0.007905000 -0.022239000 0.000557000
v -0.006372000 -0.030372000 -0.000638000
v -0.006451000 -0.030405000 -0.000526000
v -0.006372000 -0.030372000 -0.000638000
v -0.003050000 -0.044000000 -0.001893000
v -0.006451000 -0.030405000 -0.000526000
v -0.006451000 -0.030405000 -0.000526000
v -0.003050000 -0.044000000 -0.001893000
v -0.003078000 -0.044008000 -0.001850000
v -0.007980000 -0.016774000 0.000917000
v -0.006836000 -0.011369000 0.000568000
v -0.007625000 -0.014745000 0.000793000
v -0.007625000 -0.014745000 0.000793000
v -0.007873000 -0.021538000 0.000523000
v -0.007980000 -0.016774000 0.000917000
v -0.007980000 -0.016774000 0.000917000
v -0.007873000 -0.021538000 0.000523000
v -0.007905000 -0.022239000 0.000557000
v -0.007625000 -0.014745000 0.000793000
v -0.006836000 -0.011369000 0.000568000
v -0.005721000 -0.008808000 0.000111000
v -0.003919000 -0.005546000 -0.000687000
v -0.006836000 -0.011369000 0.000568000
v -0.003939000 -0.005521000 -0.000646000
v -0.003005000 -0.043988000 -0.001916000
v -0.003050000 -0.044000000 -0.001893000
v -0.006372000 -0.030372000 -0.000638000
v -0.003081000 -0.044010000 -0.001799000
v -0.006451000 -0.030405000 -0.000526000
v -0.003078000 -0.044008000 -0.001850000
v -0.006836000 -0.011369000 0.000568000
v -0.007980000 -0.016774000 0.000917000
v -0.006854000 -0.011354000 0.000640000
v -0.006836000 -0.011369000 0.000568000
v -0.006854000 -0.011354000 0.000640000
v -0.003939000 -0.005521000 -0.000646000
v -0.003939000 -0.005521000 -0.000646000
v -0.006854000 -0.011354000 0.000640000
v -0.004069000 -0.005709000 -0.000535000
v -0.003939000 -0.005521000 -0.000646000
v -0.004069000 -0.005709000 -0.000535000
v -0.003936000 -0.005507000 -0.000596000
v -0.003040000 -0.044030000 -0.001894000
v -0.003005000 -0.043988000 -0.001916000
v -0.002998000 -0.044012000 -0.001917000
v -0.003005000 -0.043988000 -0.001916000
v -0.003040000 -0.044030000 -0.001894000
v -0.003050000 -0.044000000 -0.001893000
v -0.003050000 -0.044000000 -0.001893000
v -0.003040000 -0.044030000 -0.001894000
v -0.003067000 -0.044043000 -0.001852000
v -0.003050000 -0.044000000 -0.001893000
v -0.003067000 -0.044043000 -0.001852000
v -0.003078000 -0.044008000 -0.001850000
v -0.003078000 -0.044008000 -0.001850000
v -0.003067000 -0.044043000 -0.001852000
v -0.003069000 -0.044048000 -0.001800000
v -0.003078000 -0.044008000 -0.001850000
v -0.003069000 -0.044048000 -0.001800000
v -0.003081000 -0.044010000 -0.001799000
v -0.002853000 -0.044252000 -0.001912000
v -0.001704000 -0.044601000 -0.002136000
v -0.002691000 -0.044362000 -0.001871000
v -0.002928000 -0.044223000 -0.001825000
v -0.002853000 -0.044252000 -0.001912000
v -0.002691000 -0.044362000 -0.001871000
v -0.002928000 -0.044223000 -0.001825000
v -0.003067000 -0.044043000 -0.001852000
v -0.002853000 -0.044252000 -0.001912000
v -0.002940000 -0.044099000 -0.001927000
v -0.002671000 -0.044272000 -0.001978000
v -0.002853000 -0.044252000 -0.001912000
v -0.003040000 -0.044030000 -0.001894000
v -0.002940000 -0.044099000 -0.001927000
v -0.002853000 -0.044252000 -0.001912000
v -0.001911000 -0.044493000 -0.002127000
v 0.002890000 -0.044643000 -0.003084000
v -0.001704000 -0.044601000 -0.002136000
v -0.002853000 -0.044252000 -0.001912000
v -0.001911000 -0.044493000 -0.002127000
v -0.001704000 -0.044601000 -0.002136000
v 0.002890000 -0.044643000 -0.003084000
v 0.004445000 -0.044332000 -0.003400000
v 0.003756000 -0.044595000 -0.003227000
v 0.004445000 -0.044332000 -0.003400000
v 0.004746000 -0.044143000 -0.003463000
v 0.004685000 -0.044289000 -0.003418000
v 0.003756000 -0.044595000 -0.003227000
v 0.004445000 -0.044332000 -0.003400000
v 0.004685000 -0.044289000 -0.003418000
v 0.004685000 -0.044289000 -0.003418000
v 0.004746000 -0.044143000 -0.003463000
v 0.004857000 -0.044108000 -0.003456000
v -0.002940000 -0.044099000 -0.001927000
v -0.003040000 -0.044030000 -0.001894000
v -0.002998000 -0.044012000 -0.001917000
v -0.003067000 -0.044043000 -0.001852000
v -0.003040000 -0.044030000 -0.001894000
v -0.002853000 -0.044252000 -0.001912000
v -0.003050000 -0.044088000 -0.001803000
v -0.003067000 -0.044043000 -0.001852000
v -0.002928000 -0.044223000 -0.001825000
v -0.003067000 -0.044043000 -0.001852000
v -0.003050000 -0.044088000 -0.001803000
v -0.003069000 -0.044048000 -0.001800000
v -0.002671000 -0.044272000 -0.001978000
v -0.001911000 -0.044493000 -0.002127000
v -0.002853000 -0.044252000 -0.001912000
v -0.001910000 -0.044589000 -0.002023000
v -0.002691000 -0.044362000 -0.001871000
v -0.001704000 -0.044601000 -0.002136000
v 0.004898000 -0.044032000 -0.003445000
v 0.004857000 -0.044108000 -0.003456000
v 0.004855000 -0.044029000 -0.003474000
v 0.004855000 -0.044029000 -0.003474000
v 0.004857000 -0.044108000 -0.003456000
v 0.004746000 -0.044143000 -0.003463000
v 0.004855000 -0.044029000 -0.003474000
v 0.004746000 -0.044143000 -0.003463000
v 0.004803000 -0.044024000 -0.003477000
v 0.002890000 -0.044643000 -0.003084000
v 0.003756000 -0.044595000 -0.003227000
v -0.001704000 -0.044601000 -0.002136000
v -0.001704000 -0.044601000 -0.002136000
v 0.003756000 -0.044595000 -0.003227000
v 0.002227000 -0.044791000 -0.002845000
v -0.001704000 -0.044601000 -0.002136000
v 0.002227000 -0.044791000 -0.002845000
v -0.001910000 -0.044589000 -0.002023000
v 0.002227000 -0.044791000 -0.002845000
v 0.003756000 -0.044595000 -0.003227000
v 0.004339000 -0.044483000 -0.003273000
v 0.004339000 -0.044483000 -0.003273000
v 0.003756000 -0.044595000 -0.003227000
v 0.004685000 -0.044289000 -0.003418000
v 0.004339000 -0.044483000 -0.003273000
v 0.004685000 -0.044289000 -0.003418000
v 0.004732000 -0.044300000 -0.003355000
v 0.004732000 -0.044300000 -0.003355000
v 0.004685000 -0.044289000 -0.003418000
v 0.004857000 -0.044108000 -0.003456000
v 0.004732000 -0.044300000 -0.003355000
v 0.004857000 -0.044108000 -0.003456000
v 0.004881000 -0.044150000 -0.003388000
v 0.004881000 -0.044150000 -0.003388000
v 0.004857000 -0.044108000 -0.003456000
v 0.004898000 -0.044032000 -0.003445000
v 0.004881000 -0.044150000 -0.003388000
v 0.004898000 -0.044032000 -0.003445000
v 0.004921000 -0.044032000 -0.003399000
v 0.004856000 -0.044020000 -0.003474000
v 0.004803000 -0.044024000 -0.003477000
v 0.004804000 -0.044017000 -0.003478000
v 0.004803000 -0.044024000 -0.003477000
v 0.004856000 -0.044020000 -0.003474000
v 0.004855000 -0.044029000 -0.003474000
v 0.004855000 -0.044029000 -0.003474000
v 0.004856000 -0.044020000 -0.003474000
v 0.004899000 -0.044022000 -0.003445000
v 0.004855000 -0.044029000 -0.003474000
v 0.004899000 -0.044022000 -0.003445000
v 0.004898000 -0.044032000 -0.003445000
v 0.004898000 -0.044032000 -0.003445000
v 0.004899000 -0.044022000 -0.003445000
v 0.004921000 -0.044022000 -0.003399000
v 0.004898000 -0.044032000 -0.003445000
v 0.004921000 -0.044022000 -0.003399000
v 0.004921000 -0.044032000 -0.003399000
v 0.005816000 -0.028898000 -0.004914000
v 0.006047000 -0.019374000 -0.005975000
v 0.006188000 -0.019371000 -0.005984000
v 0.005816000 -0.028898000 -0.004914000
v 0.006188000 -0.019371000 -0.005984000
v 0.005994000 -0.028224000 -0.004972000
v 0.004899000 -0.044022000 -0.003445000
v 0.005816000 -0.028898000 -0.004914000
v 0.005994000 -0.028224000 -0.004972000
v 0.003741000 -0.005523000 -0.004619000
v 0.005166000 -0.011232000 -0.005757000
v 0.003696000 -0.005542000 -0.004601000
v 0.005166000 -0.011232000 -0.005757000
v 0.003741000 -0.005523000 -0.004619000
v 0.003790000 -0.005509000 -0.004611000
v 0.005544000 -0.012542000 -0.005911000
v 0.005166000 -0.011232000 -0.005757000
v 0.003790000 -0.005509000 -0.004611000
v 0.005544000 -0.012542000 -0.005911000
v 0.006047000 -0.019374000 -0.005975000
v 0.005166000 -0.011232000 -0.005757000
v 0.006188000 -0.019371000 -0.005984000
v 0.006047000 -0.019374000 -0.005975000
v 0.005544000 -0.012542000 -0.005911000
v 0.005544000 -0.012542000 -0.005911000
v 0.003790000 -0.005509000 -0.004611000
v 0.003831000 -0.005504000 -0.004580000
v 0.005108000 -0.041113000 -0.003539000
v 0.004899000 -0.044022000 -0.003445000
v 0.005994000 -0.028224000 -0.004972000
v 0.004899000 -0.044022000 -0.003445000
v 0.005108000 -0.041113000 -0.003539000
v 0.004921000 -0.044022000 -0.003399000
v 0.004856000 -0.044020000 -0.003474000
v 0.004804000 -0.044017000 -0.003478000
v 0.004988000 -0.041110000 -0.003613000
v 0.004856000 -0.044020000 -0.003474000
v 0.004988000 -0.041110000 -0.003613000
v 0.005816000 -0.028898000 -0.004914000
v 0.004856000 -0.044020000 -0.003474000
v 0.005816000 -0.028898000 -0.004914000
v 0.004899000 -0.044022000 -0.003445000
v 0.003696000 -0.005542000 -0.004601000
v 0.003683000 -0.005503000 -0.004590000
v 0.003741000 -0.005523000 -0.004619000
v 0.003741000 -0.005523000 -0.004619000
v 0.003683000 -0.005503000 -0.004590000
v 0.003727000 -0.005482000 -0.004607000
v 0.003741000 -0.005523000 -0.004619000
v 0.003727000 -0.005482000 -0.004607000
v 0.003790000 -0.005509000 -0.004611000
v 0.003790000 -0.005509000 -0.004611000
v 0.003727000 -0.005482000 -0.004607000
v 0.003776000 -0.005468000 -0.004599000
v 0.003790000 -0.005509000 -0.004611000
v 0.003776000 -0.005468000 -0.004599000
v 0.003831000 -0.005504000 -0.004580000
v 0.003831000 -0.005504000 -0.004580000
v 0.003776000 -0.005468000 -0.004599000
v 0.003817000 -0.005463000 -0.004567000
v 0.003683000 -0.005503000 -0.004590000
v 0.003165000 -0.004667000 -0.004227000
v 0.003727000 -0.005482000 -0.004607000
v 0.003727000 -0.005482000 -0.004607000
v 0.003165000 -0.004667000 -0.004227000
v 0.003198000 -0.004629000 -0.004237000
v 0.003727000 -0.005482000 -0.004607000
v 0.003198000 -0.004629000 -0.004237000
v 0.003776000 -0.005468000 -0.004599000
v 0.003776000 -0.005468000 -0.004599000
v 0.003198000 -0.004629000 -0.004237000
v 0.003237000 -0.004599000 -0.004223000
v 0.003776000 -0.005468000 -0.004599000
v 0.003237000 -0.004599000 -0.004223000
v 0.003817000 -0.005463000 -0.004567000
v 0.003817000 -0.005463000 -0.004567000
v 0.003237000 -0.004599000 -0.004223000
v 0.003272000 -0.004585000 -0.004188000
v -0.003885000 0.003896000 -0.005002000
v -0.003285000 0.000005000 -0.005002000
v -0.005502000 0.000008000 -0.005002000
v -0.003055000 0.000559000 -0.005002000
v -0.003285000 0.000005000 -0.005002000
v -0.003885000 0.003896000 -0.005002000
v -0.003285000 0.000005000 -0.005002000
v -0.003896000 -0.003885000 -0.005002000
v -0.005502000 0.000008000 -0.005002000
v -0.003896000 -0.003885000 -0.005002000
v -0.003285000 0.000005000 -0.005002000
v -0.003056000 -0.000550000 -0.005002000
v -0.000008000 -0.005501000 -0.005002000
v -0.003896000 -0.003885000 -0.005002000
v -0.003056000 -0.000550000 -0.005002000
v -0.000008000 -0.005501000 -0.005002000
v -0.003056000 -0.000550000 -0.005002000
v -0.002502000 -0.000780000 -0.005002000
v -0.000008000 -0.005501000 -0.005002000
v -0.002502000 -0.000780000 -0.005002000
v -0.001948000 -0.000551000 -0.005002000
v -0.000008000 -0.005501000 -0.005002000
v -0.001948000 -0.000551000 -0.005002000
v -0.001717000 0.000003000 -0.005002000
v -0.000008000 -0.005501000 -0.005002000
v -0.001717000 0.000003000 -0.005002000
v 0.001717000 -0.000002000 -0.005002000
v -0.000008000 -0.005501000 -0.005002000
v 0.001717000 -0.000002000 -0.005002000
v 0.001945000 -0.000556000 -0.005002000
v -0.000008000 -0.005501000 -0.005002000
v 0.001945000 -0.000556000 -0.005002000
v 0.003885000 -0.003895000 -0.005002000
v 0.000007000 0.005502000 -0.005002000
v 0.003895000 0.003885000 -0.005002000
v 0.001947000 0.000552000 -0.005002000
v 0.000007000 0.005502000 -0.005002000
v 0.001947000 0.000552000 -0.005002000
v 0.001717000 -0.000002000 -0.005002000
v 0.000007000 0.005502000 -0.005002000
v 0.001717000 -0.000002000 -0.005002000
v -0.001717000 0.000003000 -0.005002000
v 0.000007000 0.005502000 -0.005002000
v -0.001717000 0.000003000 -0.005002000
v -0.001946000 0.000557000 -0.005002000
v 0.000007000 0.005502000 -0.005002000
v -0.001946000 0.000557000 -0.005002000
v -0.002500000 0.000788000 -0.005002000
v 0.000007000 0.005502000 -0.005002000
v -0.002500000 0.000788000 -0.005002000
v -0.003055000 0.000559000 -0.005002000
v 0.000007000 0.005502000 -0.005002000
v -0.003055000 0.000559000 -0.005002000
v -0.003885000 0.003896000 -0.005002000
v 0.003895000 0.003885000 -0.005002000
v 0.005501000 -0.000007000 -0.005002000
v 0.003284000 -0.000004000 -0.005002000
v 0.003895000 0.003885000 -0.005002000
v 0.003284000 -0.000004000 -0.005002000
v 0.003055000 0.000550000 -0.005002000
v 0.003895000 0.003885000 -0.005002000
v 0.003055000 0.000550000 -0.005002000
v 0.002501000 0.000781000 -0.005002000
v 0.003895000 0.003885000 -0.005002000
v 0.002501000 0.000781000 -0.005002000
v 0.001947000 0.000552000 -0.005002000
v 0.003885000 -0.003895000 -0.005002000
v 0.001945000 -0.000556000 -0.005002000
v 0.002499000 -0.000787000 -0.005002000
v 0.003885000 -0.003895000 -0.005002000
v 0.002499000 -0.000787000 -0.005002000
v 0.003054000 -0.000558000 -0.005002000
v 0.003885000 -0.003895000 -0.005002000
v 0.003054000 -0.000558000 -0.005002000
v 0.003284000 -0.000004000 -0.005002000
v 0.003885000 -0.003895000 -0.005002000
v 0.003284000 -0.000004000 -0.005002000
v 0.005501000 -0.000007000 -0.005002000
v -0.005502000 0.000008000 0.000000000
v -0.003285000 0.000005000 0.000000000
v -0.003885000 0.003896000 0.000000000
v -0.003885000 0.003896000 0.000000000
v -0.003285000 0.000005000 0.000000000
v -0.003055000 0.000559000 0.000000000
v -0.005502000 0.000008000 0.000000000
v -0.003896000 -0.003885000 0.000000000
v -0.003285000 0.000005000 0.000000000
v -0.003056000 -0.000550000 0.000000000
v -0.003285000 0.000005000 0.000000000
v -0.003896000 -0.003885000 0.000000000
v -0.000008000 -0.005501000 0.000000000
v 0.003885000 -0.003895000 0.000000000
v 0.001945000 -0.000556000 0.000000000
v -0.000008000 -0.005501000 0.000000000
v 0.001945000 -0.000556000 0.000000000
v 0.001717000 -0.000002000 0.000000000
v -0.000008000 -0.005501000 0.000000000
v 0.001717000 -0.000002000 0.000000000
v -0.001717000 0.000003000 0.000000000
v -0.000008000 -0.005501000 0.000000000
v -0.001717000 0.000003000 0.000000000
v -0.001948000 -0.000551000 0.000000000
v -0.000008000 -0.005501000 0.000000000
v -0.001948000 -0.000551000 0.000000000
v -0.002502000 -0.000780000 0.000000000
v -0.000008000 -0.005501000 0.000000000
v -0.002502000 -0.000780000 0.000000000
v -0.003056000 -0.000550000 0.000000000
v -0.000008000 -0.005501000 0.000000000
v -0.003056000 -0.000550000 0.000000000
v -0.003896000 -0.003885000 0.000000000
v 0.000007000 0.005502000 0.000000000
v -0.003885000 0.003896000 0.000000000
v -0.003055000 0.000559000 0.000000000
v 0.000007000 0.005502000 0.000000000
v -0.003055000 0.000559000 0.000000000
v -0.002500000 0.000788000 0.000000000
v 0.000007000 0.005502000 0.000000000
v -0.002500000 0.000788000 0.000000000
v -0.001946000 0.000557000 0.000000000
v 0.000007000 0.005502000 0.000000000
v -0.001946000 0.000557000 0.000000000
v -0.001717000 0.000003000 0.000000000
v 0.000007000 0.005502000 0.000000000
v -0.001717000 0.000003000 0.000000000
v 0.001717000 -0.000002000 0.000000000
v 0.000007000 0.005502000 0.000000000
v 0.001717000 -0.000002000 0.000000000
v 0.001947000 0.000552000 0.000000000
v 0.000007000 0.005502000 0.000000000
v 0.001947000 0.000552000 0.000000000
v 0.003895000 0.003885000 0.000000000
v 0.003895000 0.003885000 0.000000000
v 0.001947000 0.000552000 0.000000000
v 0.002501000 0.000781000 0.000000000
v 0.003895000 0.003885000 0.000000000
v 0.002501000 0.000781000 0.000000000
v 0.003055000 0.000550000 0.000000000
v 0.003895000 0.003885000 0.000000000
v 0.003055000 0.000550000 0.000000000
v 0.003284000 -0.000004000 0.000000000
v 0.003895000 0.003885000 0.000000000
v 0.003284000 -0.000004000 0.000000000
v 0.005501000 -0.000007000 0.000000000
v 0.003885000 -0.003895000 0.000000000
v 0.005501000 -0.000007000 0.000000000
v 0.003284000 -0.000004000 0.000000000
v 0.003885000 -0.003895000 0.000000000
v 0.003284000 -0.000004000 0.000000000
v 0.003054000 -0.000558000 0.000000000
v 0.003885000 -0.003895000 0.000000000
v 0.003054000 -0.000558000 0.000000000
v 0.002499000 -0.000787000 0.000000000
v 0.003885000 -0.003895000 0.000000000
v 0.002499000 -0.000787000 0.000000000
v 0.001945000 -0.000556000 0.000000000
v 0.003284000 -0.000004000 -0.005002000
v 0.003055000 0.000550000 0.000000000
v 0.003055000 0.000550000 -0.005002000
v 0.003055000 0.000550000 -0.005002000
v 0.003055000 0.000550000 0.000000000
v 0.002501000 0.000781000 0.000000000
v 0.003055000 0.000550000 -0.005002000
v 0.002501000 0.000781000 0.000000000
v 0.002501000 0.000781000 -0.005002000
v 0.003055000 0.000550000 0.000000000
v 0.003284000 -0.000004000 -0.005002000
v 0.003284000 -0.000004000 0.000000000
v 0.003284000 -0.000004000 0.000000000
v 0.003284000 -0.000004000 -0.005002000
v 0.003054000 -0.000558000 -0.005002000
v 0.003284000 -0.000004000 0.000000000
v 0.003054000 -0.000558000 -0.005002000
v 0.003054000 -0.000558000 0.000000000
v 0.003054000 -0.000558000 0.000000000
v 0.003054000 -0.000558000 -0.005002000
v 0.002499000 -0.000787000 -0.005002000
v 0.003054000 -0.000558000 0.000000000
v 0.002499000 -0.000787000 -0.005002000
v 0.002499000 -0.000787000 0.000000000
v 0.001717000 -0.000002000 -0.005002000
v 0.001945000 -0.000556000 0.000000000
v 0.001945000 -0.000556000 -0.005002000
v 0.001945000 -0.000556000 -0.005002000
v 0.001945000 -0.000556000 0.000000000
v 0.002499000 -0.000787000 0.000000000
v 0.001945000 -0.000556000 -0.005002000
v 0.002499000 -0.000787000 0.000000000
v 0.002499000 -0.000787000 -0.005002000
v 0.001945000 -0.000556000 0.000000000
v 0.001717000 -0.000002000 -0.005002000
v 0.001717000 -0.000002000 0.000000000
v 0.001717000 -0.000002000 0.000000000
v 0.001717000 -0.000002000 -0.005002000
v 0.001947000 0.000552000 -0.005002000
v 0.001717000 -0.000002000 0.000000000
v 0.001947000 0.000552000 -0.005002000
v 0.001947000 0.000552000 0.000000000
v 0.001947000 0.000552000 0.000000000
v 0.001947000 0.000552000 -0.005002000
v 0.002501000 0.000781000 -0.005002000
v 0.001947000 0.000552000 0.000000000
v 0.002501000 0.000781000 -0.005002000
v 0.002501000 0.000781000 0.000000000
v -0.001717000 0.000003000 -0.005002000
v -0.001946000 0.000557000 0.000000000
v -0.001946000 0.000557000 -0.005002000
v -0.001946000 0.000557000 -0.005002000
v -0.001946000 0.000557000 0.000000000
v -0.002500000 0.000788000 0.000000000
v -0.001946000 0.000557000 -0.005002000
v -0.002500000 0.000788000 0.000000000
v -0.002500000 0.000788000 -0.005002000
v -0.001946000 0.000557000 0.000000000
v -0.001717000 0.000003000 -0.005002000
v -0.001717000 0.000003000 0.000000000
v -0.001717000 0.000003000 0.000000000
v -0.001717000 0.000003000 -0.005002000
v -0.001948000 -0.000551000 -0.005002000
v -0.001717000 0.000003000 0.000000000
v -0.001948000 -0.000551000 -0.005002000
v -0.001948000 -0.000551000 0.000000000
v -0.001948000 -0.000551000 0.000000000
v -0.001948000 -0.000551000 -0.005002000
v -0.002502000 -0.000780000 -0.005002000
v -0.001948000 -0.000551000 0.000000000
v -0.002502000 -0.000780000 -0.005002000
v -0.002502000 -0.000780000 0.000000000
v -0.003285000 0.000005000 -0.005002000
v -0.003056000 -0.000550000 0.000000000
v -0.003056000 -0.000550000 -0.005002000
v -0.003056000 -0.000550000 -0.005002000
v -0.003056000 -0.000550000 0.000000000
v -0.002502000 -0.000780000 0.000000000
v -0.003056000 -0.000550000 -0.005002000
v -0.002502000 -0.000780000 0.000000000
v -0.002502000 -0.000780000 -0.005002000
v -0.003056000 -0.000550000 0.000000000
v -0.003285000 0.000005000 -0.005002000
v -0.003285000 0.000005000 0.000000000
v -0.003285000 0.000005000 0.000000000
v -0.003285000 0.000005000 -0.005002000
v -0.003055000 0.000559000 -0.005002000
v -0.003285000 0.000005000 0.000000000
v -0.003055000 0.000559000 -0.005002000
v -0.003055000 0.000559000 0.000000000
v -0.003055000 0.000559000 0.000000000
v -0.003055000 0.000559000 -0.005002000
v -0.002500000 0.000788000 -0.005002000
v -0.003055000 0.000559000 0.000000000
v -0.002500000 0.000788000 -0.005002000
v -0.002500000 0.000788000 0.000000000
vn 0.258783572 -0.463170597 -0.847646189
vn 0.868111572 0.496206614 -0.012700169
vn 0.224002133 -0.488004646 -0.843608031
vn 0.897643263 0.251212107 -0.362117453
vn -0.321477166 -0.576959020 -0.750846669
vn 0.243901609 -0.267401764 -0.932206148
vn 0.880241773 0.450721389 -0.148407043
vn -0.273496667 -0.961588283 0.023399715
vn -0.272310050 -0.955935279 0.109704049
vn -0.790001928 0.320600782 -0.522601275
vn -0.949085868 0.313595331 -0.029899555
vn -0.869996694 0.248599055 -0.425798382
vn -0.202095758 0.265894419 0.942580215
vn -0.404784770 0.551379255 0.729472554
vn -0.274693388 0.302592717 0.912678032
vn -0.275498135 0.517696495 0.809994516
vn -0.225304163 0.398607364 0.889016425
vn -0.266392720 0.356090268 0.895675522
vn -0.277590705 0.303589834 0.911469480
vn -0.335890711 0.435687951 0.835076906
vn -0.302095573 0.407294031 0.861887369
vn -0.139498975 0.188098617 0.972192854
vn -0.280099263 0.075499801 0.956997483
vn -0.197192155 0.286188614 0.937662696
vn -0.155201426 0.351303228 0.923308485
vn -0.147404660 0.253908026 0.955930217
vn -0.114200797 0.160501119 0.980406838
vn -0.009899546 0.151193068 0.988454680
vn 0.004200146 0.185506433 0.982634073
vn -0.000900015 0.226903899 0.973916737
vn -0.027901045 0.221608304 0.974736524
vn -0.018300231 0.181002282 0.983312400
vn -0.094099079 0.206597977 0.973890466
vn -0.083697073 0.177993776 0.980465714
vn -0.199091884 0.265389182 0.943361545
vn -0.152599091 0.155399074 0.975994183
vn -0.056199401 0.123198687 0.990789438
vn -0.396501913 0.583302814 0.708903420
vn -0.345680485 0.604065898 0.718059463
vn -0.352978349 0.472171038 0.807750454
vn -0.291000022 0.521800039 0.801900060
vn -0.284197401 0.275297482 0.918391601
vn -0.060400072 0.316100378 0.946801131
vn -0.153103073 0.359707219 0.920418473
vn -0.188301776 0.419503956 0.888008374
vn -0.271099791 0.474799634 0.837299355
vn -0.101800857 0.189401595 0.976608223
vn -0.061798203 0.212193828 0.975271635
vn -0.080998232 0.257494379 0.962878981
vn -0.313684231 0.495875073 0.809759294
vn -0.369595014 0.364095088 0.854888468
vn -0.245389137 0.257288610 0.934658624
vn 0.271712344 0.455720704 -0.847638509
vn -0.863790114 0.503694235 -0.012599856
vn 0.310603522 0.438004967 -0.843609567
vn -0.666284772 0.651885101 -0.362091724
vn 0.660422848 0.010100349 -0.750825975
vn 0.109700716 0.344902252 -0.932206087
vn -0.830506333 0.536904094 -0.148301131
vn 0.969493306 0.243998315 0.023399838
vn 0.964004372 0.242201098 0.109700497
vn 0.117395670 -0.844468852 -0.522580725
vn 0.202908511 -0.978741054 -0.029901254
vn 0.219707578 -0.877730273 -0.425814687
vn -0.129196680 -0.307992085 0.942575776
vn -0.275195634 -0.626190066 0.729488427
vn -0.124697006 -0.389190656 0.912678087
vn -0.310693592 -0.497389741 0.809983294
vn -0.232602894 -0.394404906 0.889011059
vn -0.175199192 -0.408698116 0.895695871
vn -0.124096656 -0.392189431 0.911475436
vn -0.209405151 -0.508812517 0.835020542
vn -0.201703475 -0.465208016 0.861914851
vn -0.093098955 -0.214897587 0.972189082
vn 0.074700105 -0.280300395 0.957001349
vn -0.149194395 -0.313888207 0.937664773
vn -0.226695717 -0.310094141 0.923282555
vn -0.146204356 -0.254607586 0.955928482
vn -0.081901287 -0.179102814 0.980415402
vn -0.125993833 -0.084195879 0.988451621
vn -0.162707089 -0.089103882 0.982642815
vn -0.196005993 -0.114203492 0.973929778
vn -0.178006934 -0.134905255 0.974737967
vn -0.147602632 -0.106301895 0.983317533
vn -0.131898031 -0.184797241 0.973885460
vn -0.112295857 -0.161494042 0.980463826
vn -0.130295592 -0.305089679 0.943368086
vn -0.058299041 -0.209896547 0.975983945
vn -0.078598873 -0.110298418 0.990785787
vn -0.306907393 -0.635015298 0.708917078
vn -0.350289551 -0.601382061 0.718078580
vn -0.232388632 -0.541773497 0.807760485
vn -0.306385666 -0.512976001 0.801862486
vn -0.096298330 -0.383793343 0.918384071
vn -0.243600330 -0.210300285 0.946801283
vn -0.234903474 -0.312504622 0.920413613
vn -0.269201012 -0.372801402 0.888003339
vn -0.275600070 -0.472200120 0.837300214
vn -0.113100476 -0.182900770 0.976604112
vn -0.152797701 -0.159597599 0.975285327
vn -0.182495997 -0.198895637 0.962878879
vn -0.272590329 -0.519581566 0.809771270
vn -0.130500739 -0.502102844 0.854904843
vn -0.100094918 -0.341182679 0.934652549
vn -0.296612415 -0.952339861 0.071202980
vn -0.040798668 -0.999167388 -0.000000000
vn -0.704861339 0.668763319 0.236487029
vn -0.620991291 0.773689149 -0.125598238
vn -0.383891023 -0.923378407 -0.000000000
vn -0.923378407 0.383891023 -0.000000000
vn -0.957968958 0.249491915 -0.141595412
vn -0.974382768 0.224896023 -0.000000000
vn -0.904218134 0.376007541 0.202504061
vn -0.889014433 0.431807010 0.152302473
vn -0.781093396 0.458296125 -0.424096414
vn -0.944419092 0.271405487 0.185503750
vn -0.905505139 -0.373602120 -0.201201142
vn -0.910149156 -0.389478242 -0.141192113
vn -0.639817691 -0.768521250 0.002900080
vn -0.642169048 -0.766563053 -0.000000000
vn -0.595994040 -0.801991980 -0.039999600
vn -0.381403562 0.924408634 -0.000000000
vn 0.150597352 0.701587663 -0.696487752
vn -0.232094794 0.972678183 0.005399879
vn -0.330197956 0.800295046 0.500496902
vn -0.604027710 -0.794936469 0.056802606
vn -0.600269804 -0.797359890 0.062396861
vn -0.567488497 -0.814983480 0.117297622
vn -0.347107855 -0.834818892 0.427309670
vn -0.359888077 -0.900770158 -0.243091946
vn -0.573165749 -0.817151169 -0.061196343
vn -0.851764563 -0.483379889 0.202091592
vn -0.924408634 -0.381403562 -0.000000000
vn 0.383891023 0.923378407 -0.000000000
vn 0.972717952 0.224204138 0.059601100
vn 0.670097755 0.113799619 -0.733497543
vn 0.771603947 0.636103254 -0.000000000
vn 0.913590992 0.376996283 0.152398497
vn 0.218095635 0.572888534 0.790084187
vn 0.982701086 0.164900182 -0.084300093
vn 0.912336102 -0.379415014 0.153906090
vn 0.912989971 -0.407895519 0.008399908
vn -0.334305946 0.475508457 0.813714472
vn 0.244499771 0.966099097 -0.082899922
vn 0.339295158 0.815888357 -0.468193319
vn 0.620517530 -0.783822143 0.024100681
vn 0.635920029 -0.771624303 0.014200447
vn 0.659396176 -0.751795640 -0.000000000
vn 0.923378407 -0.383891023 -0.000000000
vn 0.920128055 -0.382611666 -0.083502546
vn 0.911996334 -0.410198351 -0.000000000
vn 0.414684224 -0.909965381 -0.000000000
vn 0.426889531 -0.891978125 0.148796351
vn 0.636888453 -0.770686028 -0.020399630
vn 0.599774195 -0.797565685 -0.064497225
vn 0.546799989 -0.826599983 -0.133199997
vn -0.301393864 -0.578988212 -0.757584576
vn 0.381403562 -0.924408634 -0.000000000
vn 0.924408634 0.381403562 -0.000000000
vn 0.653239868 0.584135651 0.481729401
vn 0.757485013 0.269594666 -0.594588236
vn 0.213199403 -0.909997452 0.355599004
vn -0.416320344 0.888343410 -0.193709466
vn -0.415702521 0.887305382 -0.199701211
vn -0.328982957 0.823057363 -0.462976016
vn -0.330288868 0.806372822 -0.490583465
vn -0.237392995 0.654880675 -0.717478828
vn -0.406394447 0.738589907 -0.537892650
vn -0.332180644 0.612064336 -0.717658183
vn -0.400699780 0.407499776 -0.820599549
vn -0.469287606 0.526686090 -0.708781281
vn -0.575631911 0.347619271 -0.740141031
vn -0.647001653 0.487001244 -0.586701499
vn 0.801527818 -0.568519731 0.185306431
vn 0.799281445 -0.571286738 0.186495671
vn 0.962498450 -0.227099634 0.148399761
vn 0.961887024 -0.228896912 0.149597982
vn 0.993092249 0.046799635 0.107599160
vn 0.993008892 0.045300406 0.109000976
vn 0.967697973 0.241099495 0.073699846
vn 0.965697658 0.257999374 0.029399929
vn 0.885169511 0.450884470 0.114796046
vn 0.759577437 0.418987554 0.497485222
vn 0.866347295 0.462825266 -0.187710247
vn -0.200403490 0.963016771 -0.180103137
vn -0.198307470 0.963636301 -0.179106747
vn 0.210898981 0.968595322 -0.131699364
vn 0.212007445 0.968434007 -0.131104604
vn 0.528304182 0.845806695 -0.074200587
vn 0.529910625 0.845016943 -0.071701438
vn 0.747711975 0.663810631 -0.016800269
vn 0.697297179 0.650797368 -0.300398785
vn 0.784807495 0.596505697 0.168101605
vn -0.119099365 0.157599160 0.980294775
vn -0.119795003 0.157293439 0.980259114
vn -0.115798029 0.159497285 0.980383309
vn -0.111696161 0.161894435 0.980466297
vn -0.115001313 0.159901825 0.980411191
vn -0.114096400 0.160194946 0.980469067
vn -0.114394302 0.160092026 0.980451165
vn -0.110701327 0.162301945 0.980511752
vn -0.114005226 0.160407353 0.980444945
vn -0.110699530 0.162399310 0.980495833
vn 0.524695858 -0.840693363 0.133898943
vn 0.547626895 -0.810939826 -0.206110122
vn 0.619016339 -0.761420098 0.192505081
vn 0.675094798 -0.737594317 0.014199891
vn 0.684201129 -0.719101187 0.121500200
vn 0.695867093 -0.704866668 0.137593493
vn 0.693966017 -0.693466042 0.193690515
vn 0.384814700 -0.903434512 -0.189007220
vn 0.330281685 -0.596066946 0.731859416
vn 0.247999995 -0.867999983 -0.430199991
vn 0.273806281 -0.950821812 0.144803322
vn 0.029100646 -0.998122144 0.053901196
vn 0.011899606 -0.982967479 0.183393933
vn 0.029500094 -0.223300711 -0.974303103
vn 0.126406425 -0.199310131 -0.971749395
vn 0.256100867 -0.329101114 -0.908903077
vn 0.220987951 -0.390578704 -0.893651275
vn 0.397108081 -0.582511854 -0.709214433
vn 0.405683891 -0.551778089 -0.728671065
vn 0.276914015 -0.515926112 -0.810641028
vn 0.276709267 -0.303310158 -0.911830538
vn 0.113800498 -0.160800704 -0.980404294
vn 0.147307694 -0.253513241 -0.956049936
vn 0.155894745 -0.351888138 -0.922968887
vn 0.083803092 -0.178106571 -0.980436174
vn 0.092896542 -0.202992444 -0.974763715
vn 0.017700273 -0.180502789 -0.983415194
vn 0.153302065 -0.360404855 -0.920112394
vn 0.060101158 -0.316106091 -0.946818245
vn -0.024499120 -0.187993246 -0.981864722
vn 0.034998876 -0.223092833 -0.974168705
vn 0.032300714 -0.133502951 -0.990521896
vn 0.139599617 -0.125699655 -0.982197304
vn 0.199195528 -0.264894053 -0.943478819
vn 0.197408161 -0.141605854 -0.970040102
vn 0.256292410 -0.215493618 -0.942272095
vn 0.274804714 -0.313905385 -0.908815591
vn 0.344309210 -0.600116053 -0.722019314
vn 0.352713837 -0.476818706 -0.805131586
vn 0.361797704 -0.465197048 -0.807894874
vn 0.318102885 -0.392903564 -0.862807826
vn 0.326808522 -0.441511513 -0.835621789
vn 0.233904478 -0.495509487 -0.836516015
vn 0.226304405 -0.398707761 -0.888717299
vn 0.225698985 -0.399098206 -0.888696005
vn 0.080403190 -0.256710184 -0.963138208
vn 0.061298803 -0.212295853 -0.975280948
vn 0.101899820 -0.189399666 -0.976598276
vn 0.115099990 -0.159899986 -0.980399912
vn 0.111696161 -0.161894435 -0.980466297
vn 0.115798029 -0.159497285 -0.980383309
vn 0.118598930 -0.157998574 -0.980291153
vn 0.119097488 -0.157696673 -0.980279321
vn 0.110800101 -0.162300148 -0.980500892
vn 0.114005226 -0.160407353 -0.980444945
vn 0.111101808 -0.162002636 -0.980515953
vn 0.114895040 -0.159693105 -0.980457670
vn 0.113200744 -0.160601056 -0.980506447
vn -0.561197974 -0.804697095 -0.193699301
vn -0.560575857 -0.803665387 -0.199691399
vn -0.548306895 -0.696408757 -0.463005822
vn -0.533203402 -0.689204397 -0.490603130
vn -0.448409459 -0.533011244 -0.717515136
vn -0.436387986 -0.721280143 -0.537885192
vn -0.363987446 -0.593679524 -0.717675248
vn -0.152498380 -0.550794148 -0.820591281
vn -0.221504676 -0.669714138 -0.708814963
vn -0.013200597 -0.672330410 -0.740133477
vn -0.098194337 -0.803853643 -0.586666168
vn 0.091600311 0.978403322 0.185300629
vn 0.095302040 0.977820935 0.186503993
vn -0.284601642 0.947105465 0.148300856
vn -0.282692127 0.947473613 0.149595834
vn -0.537112426 0.836619355 0.107602489
vn -0.535603449 0.837405393 0.109000702
vn -0.692623307 0.717524145 0.073702480
vn -0.706300939 0.707300941 0.029400039
vn -0.833090061 0.541093545 0.114798630
vn -0.742628191 0.448417022 0.497418882
vn -0.833981444 0.518888455 -0.187695824
vn -0.733780019 -0.655082162 -0.180095096
vn -0.735323582 -0.653620962 -0.179105744
vn -0.944295307 -0.301598501 -0.131699345
vn -0.944697327 -0.300599149 -0.131099629
vn -0.996650068 0.034601738 -0.074103723
vn -0.996754928 0.036398354 -0.071796753
vn -0.948709288 0.315703091 -0.016800164
vn -0.912284660 0.278495317 -0.300294951
vn -0.908997923 0.381399129 0.168099616
vn -0.076998418 -0.181996261 0.980279860
vn -0.076296966 -0.182392746 0.980261016
vn -0.080197906 -0.180095299 0.980374408
vn -0.084297301 -0.177694311 0.980468611
vn -0.080900601 -0.179601335 0.980407289
vn -0.081697535 -0.178894602 0.980470415
vn -0.081396621 -0.179092566 0.980459302
vn -0.085201351 -0.177002806 0.980515546
vn -0.081904219 -0.178909216 0.980450504
vn -0.085199842 -0.177099672 0.980498186
vn 0.465715700 0.874729488 0.134004517
vn 0.428508238 0.879716913 -0.206103962
vn 0.349891776 0.916778451 0.192595473
vn 0.301215868 0.953450229 0.014200748
vn 0.280604387 0.952114886 0.121401898
vn 0.262492648 0.955073249 0.137596146
vn 0.253608977 0.947733546 0.193606853
vn 0.589997578 0.784996778 -0.188899225
vn 0.351099154 0.583998593 0.731898236
vn 0.627734206 0.648735351 -0.430223444
vn 0.686483507 0.712582880 0.144796521
vn 0.849818807 0.524311603 0.053901193
vn 0.845354722 0.501732478 0.183411873
vn 0.178601582 0.137201215 -0.974308628
vn 0.109403616 0.209206915 -0.971732121
vn 0.156995826 0.386389728 -0.908875838
vn 0.227690452 0.386683785 -0.893662525
vn 0.305897172 0.635194128 -0.709193444
vn 0.275091260 0.627180075 -0.728676850
vn 0.308311394 0.497818397 -0.810629957
vn 0.124303392 0.391310679 -0.911824884
vn 0.082301537 0.178903340 -0.980418305
vn 0.145907930 0.254313822 -0.956051963
vn 0.226789994 0.310986280 -0.922959280
vn 0.112305053 0.161607272 -0.980444116
vn 0.129395665 0.181893906 -0.974767341
vn 0.147501241 0.105600889 -0.983408275
vn 0.235411349 0.312915086 -0.920144361
vn 0.243704638 0.210103998 -0.946818018
vn 0.175092343 0.072796817 -0.981857064
vn 0.175693698 0.141894910 -0.974165057
vn 0.099403047 0.094702903 -0.990530360
vn 0.039100169 0.183700795 -0.982204253
vn 0.129799721 0.304899344 -0.943497971
vn 0.023900736 0.241807442 -0.970029853
vn 0.058498431 0.329691159 -0.942274733
vn 0.134503114 0.394909142 -0.908821039
vn 0.347520245 0.598234851 -0.722042064
vn 0.236600854 0.543901963 -0.805102906
vn 0.221988633 0.545972044 -0.807858635
vn 0.181196260 0.471990258 -0.862782192
vn 0.219010726 0.503724671 -0.835640927
vn 0.312204499 0.450306489 -0.836512054
vn 0.232100086 0.395400146 -0.888700329
vn 0.232799007 0.394998315 -0.888696210
vn 0.182106736 0.198007324 -0.963135627
vn 0.153195648 0.159295474 -0.975272293
vn 0.113100476 0.182900770 -0.976604112
vn 0.080900601 0.179601335 -0.980407289
vn 0.084297301 0.177694311 -0.980468611
vn 0.080199350 0.179998542 -0.980392059
vn 0.077600450 0.181601052 -0.980305681
vn 0.076998418 0.181996261 -0.980279860
vn 0.085199842 0.177099672 -0.980498186
vn 0.081904219 0.178909216 -0.980450504
vn 0.084799721 0.177299417 -0.980496774
vn 0.080895574 0.179390186 -0.980446361
vn 0.082499461 0.178398835 -0.980493597
vn 0.772698014 -0.624398395 -0.114299706
vn 0.804727599 -0.580419906 -0.124604273
vn 0.931773175 -0.126496358 -0.340290203
vn 0.938517241 -0.015000276 -0.344906336
vn 0.732183039 0.508188228 -0.453489495
vn 0.714340308 0.542930636 -0.441524914
vn 0.658877263 0.610878919 -0.438984851
vn 0.631867251 0.602668764 -0.487374740
vn 0.718304242 0.412702437 -0.560103307
vn 0.719387191 0.406292766 -0.563389969
vn -0.785801477 -0.618401163 0.009800018
vn -0.784210210 -0.620408078 0.010400135
vn -0.995669583 -0.089397269 0.025499221
vn -0.994933256 -0.096703232 0.027500919
vn -0.844088917 0.535192973 0.032899568
vn -0.850370340 0.524781696 0.038398661
vn -0.791902384 0.591401780 0.152100458
vn -0.792259905 0.590770102 0.152692272
vn -0.693080001 0.712279447 0.110896800
vn -0.703785087 0.709484966 0.036299231
vn 0.700647716 -0.117007969 -0.703847934
vn 0.978320281 -0.072201497 -0.194104024
vn 0.917304132 -0.105700476 -0.383901729
vn 0.958752843 -0.081804509 -0.272215004
vn 0.274796674 -0.115098607 -0.954588445
vn 0.982360544 0.052097908 -0.179592787
vn 0.136901146 0.023400196 -0.990308289
vn 0.750576819 0.294590902 -0.591481732
vn -0.581515451 0.040601079 -0.812521589
vn 0.952506082 0.235301502 -0.193301234
vn -0.949496036 -0.246698970 0.193899190
vn -0.906128879 -0.255908156 0.336810734
vn -0.941450693 -0.254886651 0.220688442
vn -0.971555368 -0.148593174 -0.184391529
vn -0.943611262 0.181902171 -0.276603301
vn -0.787918493 0.234905513 0.569213360
vn -0.921142070 -0.192808806 0.338115442
vn -0.960531343 0.027500897 -0.276809032
vn -0.830721744 -0.048001256 0.554614517
vn -0.882655842 0.377081135 -0.280585963
vn -0.811707350 0.495004482 0.310002807
vn -0.802001664 0.576401196 0.156700325
vn 0.074199979 -0.887599751 0.454599873
vn 0.084398065 -0.958278027 -0.273093738
vn 0.201799463 -0.979197395 0.021199944
vn 0.403700343 -0.910600774 -0.088500075
vn -0.930910384 -0.311203471 0.191202133
vn -0.931752258 -0.308184209 0.191990163
vn -0.785703500 -0.595802654 0.166400741
vn -0.835970035 -0.428784630 0.342487724
vn -0.728218901 -0.673417479 0.127303304
vn -0.505090883 -0.849984658 0.149697298
vn -0.486523884 -0.867442584 0.104105111
vn -0.247802477 -0.965109646 0.084600846
vn -0.246208286 -0.955632162 0.161705442
vn -0.064098897 -0.994882873 -0.078098656
vn 0.977244719 -0.086695096 -0.193589049
vn 0.977086267 -0.089098748 -0.193297283
vn 0.927602226 -0.328000787 -0.178800429
vn 0.926892580 -0.331397347 -0.176198590
vn 0.692398058 -0.710798006 -0.123899652
vn 0.713222560 -0.677721437 -0.178905659
vn 0.450916456 -0.892232563 -0.024400891
vn -0.001500035 0.999923223 -0.012300286
vn 0.543904389 -0.023900193 0.838806769
vn 0.527523607 0.050502260 0.848037951
vn 0.517790159 0.083898406 0.851383820
vn 0.360787438 0.135395286 0.922767870
vn 0.348302274 0.077100503 0.934206100
vn 0.196091293 0.021199059 0.980356468
vn 0.502179941 0.074297032 0.861565585
vn 0.673695601 0.062099594 0.736395191
vn 0.161007087 -0.004400194 0.986943441
vn 0.233292406 -0.050998340 0.971068392
vn 0.427411173 -0.028000732 0.903623621
vn 0.560977278 0.079896764 0.823966626
vn 0.675221358 0.058101838 0.735323259
vn 0.334612987 -0.028101091 0.941936557
vn 0.394089909 0.055798571 0.917376511
vn 0.220009305 0.010500444 0.975441257
vn 0.196189926 -0.015099225 0.980449655
vn 0.195901166 -0.015200090 0.980505834
vn 0.196094072 0.014999547 0.980470361
vn 0.582828338 -0.039401916 0.811639463
vn 0.583774113 -0.009199592 0.811863999
vn 0.751311446 0.062200948 0.657010010
vn 0.436897394 0.040599758 0.898594640
vn 0.461873649 0.066496206 0.884449539
vn 0.451196379 0.073499410 0.889392863
vn 0.431518100 0.084503545 0.898137673
vn 0.346885476 0.120294963 0.930161055
vn 0.291295813 0.099098575 0.951486322
vn 0.243097264 0.080099098 0.966689120
vn 0.278008990 -0.021800705 0.960331053
vn 0.157297248 0.066898830 0.985282763
vn 0.175505173 -0.089202629 0.980428899
vn 0.221802337 -0.110501164 0.968810206
vn 0.220102048 -0.058700546 0.973709060
vn 0.317401308 -0.045400187 0.947203902
vn 0.612618140 -0.020100595 0.790123396
vn 0.467874768 -0.020698884 0.883552351
vn 0.379506492 -0.102301750 0.919515728
vn 0.196099045 0.023799884 0.980295226
vn 0.196102882 0.018200267 0.980414407
vn 0.195995966 0.020999568 0.980379824
vn 0.196001033 0.013900073 0.980505167
vn 0.195909842 0.018400924 0.980449254
vn 0.196001304 0.013800092 0.980506525
vn 0.195702823 0.017100247 0.980514144
vn -0.182703886 0.165603522 0.969120613
vn -0.731930262 -0.597724713 0.327113525
vn -0.728969439 -0.599374872 0.330686136
vn -0.665404372 0.657904322 0.352702317
vn -0.751984960 0.589988200 0.293994120
vn -0.862643798 0.156707956 0.480924417
vn -0.853193089 0.090999263 0.513595840
vn 0.072298405 0.327792767 0.941979215
vn -0.045399872 0.466798684 0.883197509
vn -0.422675424 0.490371488 0.762155686
vn 0.935848324 0.273514123 -0.222211474
vn 0.798808715 -0.032500355 0.600706554
vn 0.793622281 0.090002527 0.601716893
vn 0.780075284 0.111996451 0.615580496
vn 0.809914392 0.287405107 0.511309086
vn 0.551593000 0.378895192 0.743090570
vn 0.852915169 0.477108485 0.211903769
vn 0.485814504 0.867225891 -0.109103257
vn 0.919805735 0.385002400 -0.075700472
vn 0.990304942 -0.123700617 0.063200315
vn 0.792059753 -0.607069153 -0.064096743
vn 0.954469510 -0.140795502 0.262991599
vn 0.744071276 0.189792673 0.640575271
vn 0.748911421 0.197003004 0.632709649
vn 0.864910496 0.455605529 0.210602556
vn 0.864739632 0.460021083 0.201509235
vn 0.757596833 0.596597506 -0.264798893
vn 0.753002598 0.598302064 -0.273900945
vn 0.785922277 0.091502594 0.611517334
vn 0.785372571 0.086296986 0.612978592
vn 0.947095591 0.280098696 0.156699271
vn 0.947661308 0.277388674 0.158093545
vn 0.853756575 0.394779920 -0.339482733
vn 0.854971286 0.393086798 -0.338388635
vn 0.287999225 -0.140299623 -0.947297452
vn 0.701289190 0.058299101 0.710489048
vn 0.997416153 -0.069701129 0.017400282
vn 0.861818249 0.370407843 -0.346507337
vn 0.445298190 0.049799798 0.893996366
vn 0.832311540 0.000700010 0.554307686
vn -0.961563303 0.095096371 0.257590169
vn 0.995627534 -0.065801820 0.066301834
vn 0.790714158 0.077101381 0.607310874
vn -0.735379211 -0.051698539 -0.675680899
vn -0.574184850 0.008799768 -0.818678399
vn 0.835130186 0.068902491 0.545719725
vn -0.639906236 -0.064900632 -0.765707462
vn 0.851100077 0.057000005 0.521900047
vn 0.885458681 0.037798236 -0.463178386
vn 0.855625460 0.254307567 -0.450813414
vn 0.896458056 0.136193628 0.421680270
vn 0.970163464 0.202192386 0.133794961
vn 0.442284710 -0.003199889 0.896868996
vn 0.439512559 0.042601217 0.897225639
vn 0.831701505 -0.015700028 0.555001005
vn 0.831759124 -0.020099012 0.554772736
vn 0.995235341 -0.071302532 0.066502362
vn 0.995257533 -0.070996971 0.066497163
vn -0.559100520 -0.570300530 0.601800560
vn -0.217809057 -0.951239553 0.218409082
vn 0.229891202 -0.627775975 0.743671540
vn 0.189004221 -0.474510596 0.859719198
vn -0.055001227 -0.981121894 -0.185404137
vn 0.085198693 -0.526191926 0.846087017
vn 0.436209141 -0.702914730 0.561811773
vn 0.214094971 -0.972877147 0.087597942
vn 0.269110627 -0.253910027 0.929036688
vn 0.397513128 -0.532717593 0.747124674
vn 0.946029739 -0.315209909 0.075302367
vn -0.711580297 -0.572084159 0.407888706
vn 0.120506975 -0.366821230 0.922453389
vn 0.483025321 -0.791041467 0.375419680
vn 0.012600157 -0.326504078 0.945111805
vn 0.009400303 -0.330010631 0.943930409
vn -0.283411522 -0.759730887 0.585223793
vn -0.431100625 -0.808301172 0.401000581
vn 0.747507662 -0.631306471 0.206602118
vn 0.799398685 -0.398299345 0.449799260
vn 0.761974055 -0.349688093 0.545081440
vn 0.412380303 -0.167092019 0.895557225
vn 0.637604100 -0.211701361 0.740704763
vn 0.386515208 -0.262510329 0.884134787
vn -0.110204183 -0.237008997 0.965236641
vn 0.002399978 -0.200498185 0.979691134
vn -0.415915618 -0.439716512 0.796029891
vn -0.051802112 -0.066502712 0.996440631
vn -0.052302159 -0.066102728 0.996441124
vn -0.520010291 -0.210104158 0.827916385
vn -0.520588597 -0.209595409 0.827681870
vn -0.848395419 -0.296998396 0.438197634
vn -0.848678457 -0.296792466 0.437788887
vn 0.067597190 -0.100295831 0.992658736
vn -0.856164222 -0.073296937 -0.511478626
vn -0.776683966 -0.247594888 0.579188043
vn 0.011099787 -0.109897888 0.993880903
vn -0.696975648 0.102196429 -0.709775201
vn -0.950337929 -0.252810090 0.181507244
vn -0.865807788 -0.236602128 0.440903966
vn -0.342994792 -0.138397898 0.929085892
vn -0.339784890 0.073096749 0.937658303
vn -0.054099831 -0.058899816 0.996796880
vn 0.949831929 0.204306868 0.236807960
vn 0.155400329 -0.063600135 0.985802090
vn -0.519879982 -0.211791845 0.827568135
vn -0.426515308 0.406614594 0.807928997
vn 0.320189898 0.040898710 0.946470139
vn 0.012799502 0.195792380 0.980561837
vn -0.795572947 0.042298562 -0.604379448
vn 0.286392174 -0.016299555 0.957973824
vn -0.840907892 0.241902270 0.484104543
vn -0.746690644 0.491593840 0.448094385
vn -0.759594531 0.493196449 0.423996947
vn 0.059299944 0.262899750 0.962999085
vn 0.057501964 0.262808975 0.963132892
vn -0.367180817 0.499173921 0.784858996
vn -0.368302514 0.498903405 0.784505354
vn -0.694581781 0.601084234 0.395289632
vn -0.694981993 0.600884431 0.394889769
vn 0.080399657 0.334398575 0.938996000
vn 0.099303280 0.319610557 0.942331126
vn -0.305813351 0.612126723 0.729231835
vn -0.288108422 0.603217632 0.743721739
vn -0.607486447 0.724083846 0.326592714
vn -0.595086304 0.723883340 0.349091966
vn -0.318805197 -0.110001793 -0.941415345
vn -0.340421240 -0.154109615 -0.927557872
vn -0.004400043 -0.999909669 -0.012700123
vn -0.355995550 -0.179997750 -0.916988538
vn -0.395804771 -0.241502911 -0.886010681
vn -0.394596202 0.289697212 -0.871991607
vn -0.541883156 0.028399117 -0.839973890
vn -0.457896900 -0.281698093 -0.843194292
vn -0.525081512 -0.042898490 -0.849970073
vn -0.581916195 0.038801080 -0.812322607
vn -0.582680102 0.014499505 -0.812572251
vn -0.196092531 -0.020899204 -0.980362659
vn -0.409791171 -0.099097865 -0.906780464
vn -0.244799264 0.030399909 -0.969097088
vn -0.200609267 0.061402837 -0.977745168
vn -0.221998577 0.089899424 -0.970893777
vn -0.199600302 0.111600169 -0.973501475
vn -0.156995796 0.044998795 -0.986573580
vn -0.224893561 -0.060998254 -0.972472159
vn -0.319800593 -0.077600144 -0.944301752
vn -0.397580515 -0.070496545 -0.914855164
vn -0.465508458 0.027500500 -0.884616074
vn -0.559464704 -0.078295061 -0.825147943
vn -0.632230522 0.019400937 -0.774537392
vn -0.674582093 -0.053198588 -0.736280456
vn -0.317614101 0.045202007 -0.947142049
vn -0.334309331 0.028700801 -0.942026292
vn -0.379502607 0.102400703 -0.919506317
vn -0.468504755 0.021100214 -0.883208965
vn -0.436689175 -0.040998984 -0.898677722
vn -0.196094072 -0.014999547 -0.980470361
vn -0.195901166 0.015200090 -0.980505834
vn -0.196093777 0.015099521 -0.980468885
vn -0.219798205 -0.010199917 -0.975492035
vn -0.283104312 -0.026800408 -0.958714601
vn -0.462219855 -0.066902874 -0.884237983
vn -0.498499893 -0.074299984 -0.863699814
vn -0.667712773 -0.063401213 -0.741714189
vn -0.320807345 -0.057101307 -0.945421646
vn -0.276204015 -0.114001657 -0.954313871
vn -0.247892829 -0.031599086 -0.968271988
vn -0.196007785 -0.017900711 -0.980438939
vn -0.195999646 -0.014399974 -0.980498230
vn -0.195999984 -0.019999998 -0.980399922
vn -0.196102716 -0.023000319 -0.980313577
vn -0.196099975 -0.023599997 -0.980299873
vn -0.195996118 -0.015599691 -0.980480582
vn -0.195793848 -0.012199617 -0.980569191
vn 0.638283957 0.028299289 -0.769280664
vn 0.613118547 -0.641019391 -0.461713967
vn -0.233487519 0.042097750 -0.971448073
vn -0.359703874 0.063400683 -0.930910026
vn -0.094294741 0.362379791 -0.927248289
vn 0.066102002 0.358910872 -0.931028201
vn 0.455292217 0.571290234 -0.682888326
vn 0.207606298 0.654919867 -0.726622042
vn 0.682722715 0.194106458 -0.704423437
vn -0.523501775 0.014400049 -0.851902888
vn -0.755930518 -0.573823166 -0.315112721
vn -0.509409811 -0.013600262 -0.860416572
vn -0.824266490 0.255889597 -0.505079466
vn -0.839961858 0.448079653 -0.306086101
vn -0.877193610 0.475196538 -0.068699500
vn -0.951415408 -0.183302969 -0.247404007
vn -0.929430876 -0.103403435 -0.354211767
vn -0.662005703 -0.235902032 -0.711406129
vn -0.488373892 -0.159391479 -0.857954135
vn -0.445001057 0.036100086 -0.894802125
vn -0.461905153 0.055200616 -0.885209875
vn -0.684000677 0.399900396 -0.610100604
vn -0.692608048 0.415804832 -0.589406849
vn -0.738326218 0.654023225 -0.164705849
vn -0.736378189 0.662180387 -0.138795889
vn -0.469629895 0.044202814 -0.881756130
vn -0.466706396 0.044100604 -0.883312106
vn -0.751865945 0.337684705 -0.566274351
vn -0.751091817 0.337696321 -0.567293819
vn -0.835090873 0.541094086 -0.099198916
vn -0.835002413 0.541101564 -0.099900289
vn -0.466992481 0.043599298 -0.883185781
vn 0.490486644 -0.058598404 0.869476324
vn -0.640675229 -0.007999691 -0.767770315
vn -0.805328662 -0.065302324 -0.589220971
vn -0.788783242 -0.137097087 -0.599187270
vn -0.818521982 -0.149004002 -0.554814900
vn 0.099004849 0.043202116 0.994148690
vn -0.586892083 0.053599277 -0.807889102
vn -0.887315289 0.018100312 -0.460807940
vn -0.483083580 0.054598144 -0.873870298
vn -0.789310016 0.277303519 -0.547806952
vn -0.447294145 -0.026699651 -0.893988298
vn -0.969965072 -0.234091571 -0.066097620
vn -0.943307820 0.181801507 -0.277702302
vn -0.877801628 0.372400691 -0.301300559
vn -0.838060105 0.321784682 -0.440579027
vn -0.843824923 0.528015595 -0.095702827
vn -0.437983942 -0.096696455 -0.893767231
vn -0.427777576 -0.106794402 -0.897552952
vn -0.795380430 -0.237394159 -0.557686278
vn -0.795798989 -0.236899699 -0.557299292
vn -0.950070786 -0.304490637 -0.068197903
vn -0.950019134 -0.304606135 -0.068401378
vn -0.337510660 -0.724722891 -0.600718974
vn -0.521186277 -0.835078013 -0.176095363
vn -0.694200583 -0.593800499 -0.406800342
vn -0.355708690 -0.288907058 -0.888821714
vn -0.500991002 -0.361393509 -0.786385877
vn -0.195599859 -0.295199787 -0.935199327
vn -0.316302255 -0.539803849 -0.780105562
vn -0.144402446 -0.250004235 -0.957416219
vn -0.023599001 -0.284587951 -0.958359424
vn 0.055100037 -0.644400432 -0.762700511
vn 0.167606631 -0.352613950 -0.920636421
vn -0.407783183 -0.170792957 -0.896963010
vn -0.655611090 -0.510908642 -0.556009405
vn -0.734023599 -0.608919577 -0.300709668
vn -0.901099631 -0.426899825 -0.075999969
vn -0.323286004 -0.646672003 -0.690870089
vn -0.330512742 -0.790830487 -0.515119858
vn 0.541233317 -0.169310422 -0.823650701
vn 0.127602427 -0.214204074 -0.968418419
vn 0.053002119 -0.144805789 -0.988039503
vn 0.166300580 -0.532701859 0.829802896
vn -0.182298237 -0.360196517 -0.914891153
vn -0.043399691 -0.998692884 0.026999808
vn 0.204100578 -0.914702589 0.348800987
vn 0.073205018 -0.679246557 -0.730250053
vn 0.319000841 -0.863702276 -0.390201028
vn 0.556111331 -0.640013040 -0.530210803
vn 0.519607919 -0.637009708 -0.569408678
vn 0.795374008 -0.351788504 -0.493583870
vn 0.847841927 -0.323515998 -0.420120775
vn 0.063598643 -0.042299098 -0.997078733
vn 0.063502937 -0.043201998 -0.997046119
vn 0.552394970 -0.076199306 -0.830092442
vn 0.552390759 -0.076298724 -0.830086113
vn 0.893193707 -0.088899374 -0.440796895
vn 0.893224631 -0.089502468 -0.440612150
vn -0.060400302 -0.109000545 -0.992204961
vn 0.115204514 -0.115204514 -0.986638657
vn 0.054301336 -0.099802456 -0.993524451
vn -0.400802379 0.081800485 -0.912505416
vn 0.095301772 0.217404043 -0.971418064
vn 0.826560801 0.294786020 -0.479477261
vn -0.452504475 -0.025100248 -0.891408816
vn -0.063796980 0.004499787 -0.997952753
vn 0.566708991 0.284304511 -0.773312269
vn 0.996389937 -0.073199261 -0.042999566
vn 0.894007523 -0.078600661 -0.441103712
vn 0.063002201 -0.050501764 -0.996734817
vn -0.934592729 0.025599801 -0.354797240
vn 0.549394262 -0.113698812 -0.827791354
vn -0.413779196 0.120593937 -0.902354631
vn -0.412881600 0.123594492 -0.902359787
vn 0.069500074 0.298100319 -0.952001019
vn 0.070697514 0.300789421 -0.951066552
vn 0.534190310 0.395792820 -0.746986450
vn 0.535285360 0.398089112 -0.744979625
vn -0.415814036 0.132604476 -0.899730371
vn -0.423485792 0.126195766 -0.897069904
vn 0.030399903 0.413498675 -0.909997083
vn 0.021301060 0.408420319 -0.912545400
vn 0.459991463 0.577589280 -0.674387483
vn 0.452403545 0.575104506 -0.681605340
vn -0.000000000 0.000000000 -1.000000000
vn -0.000000000 0.000000000 1.000000000
vn -0.383976279 -0.923342958 -0.000000000
vn -0.923342958 0.383976279 -0.000000000
vn 0.383976279 0.923342958 -0.000000000
vn 0.923342958 -0.383976279 -0.000000000
g TriBlade_flipped_around_screw_axis_rotor_2_front_left_sunray_cw_stl_Sunray150_Texture_Clear_Liuli_Glass_Propeller
usemtl Sunray150_Texture_Clear_Liuli_Glass_Propeller
f 1//1 2//1 3//1
f 4//2 5//2 6//2
f 7//3 8//3 9//3
f 10//4 11//4 12//4
f 13//5 14//5 15//5
f 16//6 17//6 18//6
f 19//7 20//7 21//7
f 22//8 23//8 24//8
f 25//9 26//9 27//9
f 28//10 29//10 30//10
f 31//11 32//11 33//11
f 34//12 35//12 36//12
f 37//13 38//13 39//13
f 40//14 41//14 42//14
f 43//15 44//15 45//15
f 46//16 47//16 48//16
f 49//17 50//17 51//17
f 52//18 53//18 54//18
f 55//19 56//19 57//19
f 58//20 59//20 60//20
f 61//21 62//21 63//21
f 64//22 65//22 66//22
f 67//23 68//23 69//23
f 70//24 71//24 72//24
f 73//25 74//25 75//25
f 76//26 77//26 78//26
f 79//27 80//27 81//27
f 82//28 83//28 84//28
f 85//29 86//29 87//29
f 88//30 89//30 90//30
f 91//31 92//31 93//31
f 94//32 95//32 96//32
f 97//33 98//33 99//33
f 100//34 101//34 102//34
f 103//35 104//35 105//35
f 106//36 107//36 108//36
f 109//37 110//37 111//37
f 112//38 113//38 114//38
f 115//39 116//39 117//39
f 118//40 119//40 120//40
f 121//41 122//41 123//41
f 124//42 125//42 126//42
f 127//43 128//43 129//43
f 130//44 131//44 132//44
f 133//45 134//45 135//45
f 136//46 137//46 138//46
f 139//47 140//47 141//47
f 142//48 143//48 144//48
f 145//49 146//49 147//49
f 148//50 149//50 150//50
f 151//51 152//51 153//51
f 154//52 155//52 156//52
f 157//53 158//53 159//53
f 160//54 161//54 162//54
f 163//55 164//55 165//55
f 166//56 167//56 168//56
f 169//57 170//57 171//57
f 172//58 173//58 174//58
f 175//59 176//59 177//59
f 178//60 179//60 180//60
f 181//61 182//61 183//61
f 184//62 185//62 186//62
f 187//63 188//63 189//63
f 190//64 191//64 192//64
f 193//65 194//65 195//65
f 196//66 197//66 198//66
f 199//67 200//67 201//67
f 202//68 203//68 204//68
f 205//69 206//69 207//69
f 208//70 209//70 210//70
f 211//71 212//71 213//71
f 214//72 215//72 216//72
f 217//73 218//73 219//73
f 220//74 221//74 222//74
f 223//75 224//75 225//75
f 226//76 227//76 228//76
f 229//77 230//77 231//77
f 232//78 233//78 234//78
f 235//79 236//79 237//79
f 238//80 239//80 240//80
f 241//81 242//81 243//81
f 244//82 245//82 246//82
f 247//83 248//83 249//83
f 250//84 251//84 252//84
f 253//85 254//85 255//85
f 256//86 257//86 258//86
f 259//87 260//87 261//87
f 262//88 263//88 264//88
f 265//89 266//89 267//89
f 268//90 269//90 270//90
f 271//91 272//91 273//91
f 274//92 275//92 276//92
f 277//93 278//93 279//93
f 280//94 281//94 282//94
f 283//95 284//95 285//95
f 286//96 287//96 288//96
f 289//97 290//97 291//97
f 292//98 293//98 294//98
f 295//99 296//99 297//99
f 298//100 299//100 300//100
f 301//101 302//101 303//101
f 304//102 305//102 306//102
f 307//103 308//103 309//103
f 310//104 311//104 312//104
f 313//105 314//105 315//105
f 316//106 317//106 318//106
f 319//107 320//107 321//107
f 322//108 323//108 324//108
f 325//109 326//109 327//109
f 328//110 329//110 330//110
f 331//111 332//111 333//111
f 334//112 335//112 336//112
f 337//113 338//113 339//113
f 340//114 341//114 342//114
f 343//115 344//115 345//115
f 346//116 347//116 348//116
f 349//117 350//117 351//117
f 352//118 353//118 354//118
f 355//119 356//119 357//119
f 358//120 359//120 360//120
f 361//121 362//121 363//121
f 364//122 365//122 366//122
f 367//122 368//122 369//122
f 370//123 371//123 372//123
f 373//124 374//124 375//124
f 376//125 377//125 378//125
f 379//126 380//126 381//126
f 382//127 383//127 384//127
f 385//128 386//128 387//128
f 388//129 389//129 390//129
f 391//109 392//109 393//109
f 394//130 395//130 396//130
f 397//131 398//131 399//131
f 400//132 401//132 402//132
f 403//133 404//133 405//133
f 406//133 407//133 408//133
f 409//133 410//133 411//133
f 412//134 413//134 414//134
f 415//135 416//135 417//135
f 418//136 419//136 420//136
f 421//137 422//137 423//137
f 424//138 425//138 426//138
f 427//139 428//139 429//139
f 430//140 431//140 432//140
f 433//141 434//141 435//141
f 436//142 437//142 438//142
f 439//134 440//134 441//134
f 442//143 443//143 444//143
f 445//144 446//144 447//144
f 448//145 449//145 450//145
f 451//146 452//146 453//146
f 454//147 455//147 456//147
f 457//148 458//148 459//148
f 460//149 461//149 462//149
f 463//149 464//149 465//149
f 466//150 467//150 468//150
f 469//151 470//151 471//151
f 472//152 473//152 474//152
f 475//153 476//153 477//153
f 478//154 479//154 480//154
f 481//155 482//155 483//155
f 484//156 485//156 486//156
f 487//157 488//157 489//157
f 490//158 491//158 492//158
f 493//159 494//159 495//159
f 496//160 497//160 498//160
f 499//161 500//161 501//161
f 502//162 503//162 504//162
f 505//158 506//158 507//158
f 508//163 509//163 510//163
f 511//164 512//164 513//164
f 514//165 515//165 516//165
f 517//166 518//166 519//166
f 520//167 521//167 522//167
f 523//168 524//168 525//168
f 526//169 527//169 528//169
f 529//170 530//170 531//170
f 532//171 533//171 534//171
f 535//172 536//172 537//172
f 538//173 539//173 540//173
f 541//174 542//174 543//174
f 544//175 545//175 546//175
f 547//176 548//176 549//176
f 550//177 551//177 552//177
f 553//178 554//178 555//178
f 556//179 557//179 558//179
f 559//180 560//180 561//180
f 562//181 563//181 564//181
f 565//182 566//182 567//182
f 568//183 569//183 570//183
f 571//184 572//184 573//184
f 574//185 575//185 576//185
f 577//186 578//186 579//186
f 580//187 581//187 582//187
f 583//188 584//188 585//188
f 586//189 587//189 588//189
f 589//190 590//190 591//190
f 592//191 593//191 594//191
f 595//192 596//192 597//192
f 598//193 599//193 600//193
f 601//194 602//194 603//194
f 604//195 605//195 606//195
f 607//196 608//196 609//196
f 610//197 611//197 612//197
f 613//198 614//198 615//198
f 616//199 617//199 618//199
f 619//200 620//200 621//200
f 622//201 623//201 624//201
f 625//202 626//202 627//202
f 628//203 629//203 630//203
f 631//204 632//204 633//204
f 634//205 635//205 636//205
f 637//206 638//206 639//206
f 640//207 641//207 642//207
f 643//208 644//208 645//208
f 646//209 647//209 648//209
f 649//210 650//210 651//210
f 652//211 653//211 654//211
f 655//212 656//212 657//212
f 658//213 659//213 660//213
f 661//214 662//214 663//214
f 664//215 665//215 666//215
f 667//216 668//216 669//216
f 670//217 671//217 672//217
f 673//218 674//218 675//218
f 676//219 677//219 678//219
f 679//220 680//220 681//220
f 682//221 683//221 684//221
f 685//222 686//222 687//222
f 688//223 689//223 690//223
f 691//224 692//224 693//224
f 694//225 695//225 696//225
f 697//226 698//226 699//226
f 700//227 701//227 702//227
f 703//228 704//228 705//228
f 706//229 707//229 708//229
f 709//230 710//230 711//230
f 712//231 713//231 714//231
f 715//232 716//232 717//232
f 718//233 719//233 720//233
f 721//234 722//234 723//234
f 724//235 725//235 726//235
f 727//236 728//236 729//236
f 730//237 731//237 732//237
f 733//238 734//238 735//238
f 736//239 737//239 738//239
f 739//240 740//240 741//240
f 742//241 743//241 744//241
f 745//242 746//242 747//242
f 748//243 749//243 750//243
f 751//244 752//244 753//244
f 754//245 755//245 756//245
f 757//246 758//246 759//246
f 760//247 761//247 762//247
f 763//248 764//248 765//248
f 766//249 767//249 768//249
f 769//250 770//250 771//250
f 772//251 773//251 774//251
f 775//252 776//252 777//252
f 778//253 779//253 780//253
f 781//254 782//254 783//254
f 784//255 785//255 786//255
f 787//256 788//256 789//256
f 790//257 791//257 792//257
f 793//258 794//258 795//258
f 796//259 797//259 798//259
f 799//260 800//260 801//260
f 802//261 803//261 804//261
f 805//262 806//262 807//262
f 808//263 809//263 810//263
f 811//264 812//264 813//264
f 814//265 815//265 816//265
f 817//266 818//266 819//266
f 820//267 821//267 822//267
f 823//268 824//268 825//268
f 826//269 827//269 828//269
f 829//270 830//270 831//270
f 832//271 833//271 834//271
f 835//272 836//272 837//272
f 838//273 839//273 840//273
f 841//274 842//274 843//274
f 844//275 845//275 846//275
f 847//276 848//276 849//276
f 850//277 851//277 852//277
f 853//278 854//278 855//278
f 856//279 857//279 858//279
f 859//280 860//280 861//280
f 862//281 863//281 864//281
f 865//282 866//282 867//282
f 868//283 869//283 870//283
f 871//284 872//284 873//284
f 874//285 875//285 876//285
f 877//286 878//286 879//286
f 880//287 881//287 882//287
f 883//288 884//288 885//288
f 886//289 887//289 888//289
f 889//290 890//290 891//290
f 892//291 893//291 894//291
f 895//292 896//292 897//292
f 898//293 899//293 900//293
f 901//294 902//294 903//294
f 904//295 905//295 906//295
f 907//296 908//296 909//296
f 910//297 911//297 912//297
f 913//298 914//298 915//298
f 916//299 917//299 918//299
f 919//300 920//300 921//300
f 922//301 923//301 924//301
f 925//302 926//302 927//302
f 928//303 929//303 930//303
f 931//304 932//304 933//304
f 934//305 935//305 936//305
f 937//306 938//306 939//306
f 940//307 941//307 942//307
f 943//308 944//308 945//308
f 946//309 947//309 948//309
f 949//310 950//310 951//310
f 952//311 953//311 954//311
f 955//312 956//312 957//312
f 958//313 959//313 960//313
f 961//314 962//314 963//314
f 964//315 965//315 966//315
f 967//316 968//316 969//316
f 970//317 971//317 972//317
f 973//318 974//318 975//318
f 976//319 977//319 978//319
f 979//320 980//320 981//320
f 982//321 983//321 984//321
f 985//322 986//322 987//322
f 988//323 989//323 990//323
f 991//324 992//324 993//324
f 994//325 995//325 996//325
f 997//326 998//326 999//326
f 1000//327 1001//327 1002//327
f 1003//328 1004//328 1005//328
f 1006//329 1007//329 1008//329
f 1009//330 1010//330 1011//330
f 1012//331 1013//331 1014//331
f 1015//332 1016//332 1017//332
f 1018//333 1019//333 1020//333
f 1021//334 1022//334 1023//334
f 1024//335 1025//335 1026//335
f 1027//336 1028//336 1029//336
f 1030//337 1031//337 1032//337
f 1033//338 1034//338 1035//338
f 1036//339 1037//339 1038//339
f 1039//340 1040//340 1041//340
f 1042//341 1043//341 1044//341
f 1045//342 1046//342 1047//342
f 1048//343 1049//343 1050//343
f 1051//344 1052//344 1053//344
f 1054//345 1055//345 1056//345
f 1057//346 1058//346 1059//346
f 1060//347 1061//347 1062//347
f 1063//348 1064//348 1065//348
f 1066//349 1067//349 1068//349
f 1069//350 1070//350 1071//350
f 1072//351 1073//351 1074//351
f 1075//352 1076//352 1077//352
f 1078//353 1079//353 1080//353
f 1081//354 1082//354 1083//354
f 1084//355 1085//355 1086//355
f 1087//356 1088//356 1089//356
f 1090//357 1091//357 1092//357
f 1093//358 1094//358 1095//358
f 1096//359 1097//359 1098//359
f 1099//360 1100//360 1101//360
f 1102//361 1103//361 1104//361
f 1105//362 1106//362 1107//362
f 1108//363 1109//363 1110//363
f 1111//364 1112//364 1113//364
f 1114//365 1115//365 1116//365
f 1117//366 1118//366 1119//366
f 1120//367 1121//367 1122//367
f 1123//368 1124//368 1125//368
f 1126//369 1127//369 1128//369
f 1129//370 1130//370 1131//370
f 1132//371 1133//371 1134//371
f 1135//372 1136//372 1137//372
f 1138//373 1139//373 1140//373
f 1141//374 1142//374 1143//374
f 1144//375 1145//375 1146//375
f 1147//376 1148//376 1149//376
f 1150//377 1151//377 1152//377
f 1153//378 1154//378 1155//378
f 1156//379 1157//379 1158//379
f 1159//380 1160//380 1161//380
f 1162//381 1163//381 1164//381
f 1165//382 1166//382 1167//382
f 1168//383 1169//383 1170//383
f 1171//384 1172//384 1173//384
f 1174//385 1175//385 1176//385
f 1177//386 1178//386 1179//386
f 1180//387 1181//387 1182//387
f 1183//388 1184//388 1185//388
f 1186//389 1187//389 1188//389
f 1189//390 1190//390 1191//390
f 1192//391 1193//391 1194//391
f 1195//392 1196//392 1197//392
f 1198//393 1199//393 1200//393
f 1201//394 1202//394 1203//394
f 1204//395 1205//395 1206//395
f 1207//396 1208//396 1209//396
f 1210//397 1211//397 1212//397
f 1213//398 1214//398 1215//398
f 1216//399 1217//399 1218//399
f 1219//400 1220//400 1221//400
f 1222//401 1223//401 1224//401
f 1225//402 1226//402 1227//402
f 1228//403 1229//403 1230//403
f 1231//404 1232//404 1233//404
f 1234//405 1235//405 1236//405
f 1237//406 1238//406 1239//406
f 1240//407 1241//407 1242//407
f 1243//408 1244//408 1245//408
f 1246//409 1247//409 1248//409
f 1249//410 1250//410 1251//410
f 1252//411 1253//411 1254//411
f 1255//412 1256//412 1257//412
f 1258//413 1259//413 1260//413
f 1261//414 1262//414 1263//414
f 1264//415 1265//415 1266//415
f 1267//416 1268//416 1269//416
f 1270//417 1271//417 1272//417
f 1273//418 1274//418 1275//418
f 1276//419 1277//419 1278//419
f 1279//420 1280//420 1281//420
f 1282//421 1283//421 1284//421
f 1285//422 1286//422 1287//422
f 1288//423 1289//423 1290//423
f 1291//424 1292//424 1293//424
f 1294//425 1295//425 1296//425
f 1297//426 1298//426 1299//426
f 1300//427 1301//427 1302//427
f 1303//428 1304//428 1305//428
f 1306//429 1307//429 1308//429
f 1309//430 1310//430 1311//430
f 1312//431 1313//431 1314//431
f 1315//432 1316//432 1317//432
f 1318//433 1319//433 1320//433
f 1321//434 1322//434 1323//434
f 1324//435 1325//435 1326//435
f 1327//436 1328//436 1329//436
f 1330//437 1331//437 1332//437
f 1333//438 1334//438 1335//438
f 1336//439 1337//439 1338//439
f 1339//440 1340//440 1341//440
f 1342//441 1343//441 1344//441
f 1345//442 1346//442 1347//442
f 1348//443 1349//443 1350//443
f 1351//444 1352//444 1353//444
f 1354//445 1355//445 1356//445
f 1357//446 1358//446 1359//446
f 1360//447 1361//447 1362//447
f 1363//448 1364//448 1365//448
f 1366//449 1367//449 1368//449
f 1369//450 1370//450 1371//450
f 1372//451 1373//451 1374//451
f 1375//452 1376//452 1377//452
f 1378//453 1379//453 1380//453
f 1381//454 1382//454 1383//454
f 1384//455 1385//455 1386//455
f 1387//456 1388//456 1389//456
f 1390//457 1391//457 1392//457
f 1393//458 1394//458 1395//458
f 1396//459 1397//459 1398//459
f 1399//460 1400//460 1401//460
f 1402//461 1403//461 1404//461
f 1405//462 1406//462 1407//462
f 1408//463 1409//463 1410//463
f 1411//464 1412//464 1413//464
f 1414//465 1415//465 1416//465
f 1417//466 1418//466 1419//466
f 1420//467 1421//467 1422//467
f 1423//468 1424//468 1425//468
f 1426//469 1427//469 1428//469
f 1429//470 1430//470 1431//470
f 1432//471 1433//471 1434//471
f 1435//472 1436//472 1437//472
f 1438//473 1439//473 1440//473
f 1441//474 1442//474 1443//474
f 1444//475 1445//475 1446//475
f 1447//476 1448//476 1449//476
f 1450//477 1451//477 1452//477
f 1453//478 1454//478 1455//478
f 1456//479 1457//479 1458//479
f 1459//480 1460//480 1461//480
f 1462//481 1463//481 1464//481
f 1465//482 1466//482 1467//482
f 1468//483 1469//483 1470//483
f 1471//484 1472//484 1473//484
f 1474//485 1475//485 1476//485
f 1477//486 1478//486 1479//486
f 1480//487 1481//487 1482//487
f 1483//488 1484//488 1485//488
f 1486//489 1487//489 1488//489
f 1489//490 1490//490 1491//490
f 1492//491 1493//491 1494//491
f 1495//492 1496//492 1497//492
f 1498//493 1499//493 1500//493
f 1501//494 1502//494 1503//494
f 1504//495 1505//495 1506//495
f 1507//496 1508//496 1509//496
f 1510//497 1511//497 1512//497
f 1513//498 1514//498 1515//498
f 1516//499 1517//499 1518//499
f 1519//500 1520//500 1521//500
f 1522//501 1523//501 1524//501
f 1525//502 1526//502 1527//502
f 1528//503 1529//503 1530//503
f 1531//504 1532//504 1533//504
f 1534//505 1535//505 1536//505
f 1537//506 1538//506 1539//506
f 1540//507 1541//507 1542//507
f 1543//508 1544//508 1545//508
f 1546//509 1547//509 1548//509
f 1549//510 1550//510 1551//510
f 1552//511 1553//511 1554//511
f 1555//512 1556//512 1557//512
f 1558//513 1559//513 1560//513
f 1561//514 1562//514 1563//514
f 1564//515 1565//515 1566//515
f 1567//516 1568//516 1569//516
f 1570//517 1571//517 1572//517
f 1573//518 1574//518 1575//518
f 1576//519 1577//519 1578//519
f 1579//520 1580//520 1581//520
f 1582//521 1583//521 1584//521
f 1585//522 1586//522 1587//522
f 1588//523 1589//523 1590//523
f 1591//524 1592//524 1593//524
f 1594//525 1595//525 1596//525
f 1597//526 1598//526 1599//526
f 1600//527 1601//527 1602//527
f 1603//528 1604//528 1605//528
f 1606//529 1607//529 1608//529
f 1609//530 1610//530 1611//530
f 1612//531 1613//531 1614//531
f 1615//532 1616//532 1617//532
f 1618//533 1619//533 1620//533
f 1621//534 1622//534 1623//534
f 1624//535 1625//535 1626//535
f 1627//536 1628//536 1629//536
f 1630//537 1631//537 1632//537
f 1633//538 1634//538 1635//538
f 1636//539 1637//539 1638//539
f 1639//540 1640//540 1641//540
f 1642//541 1643//541 1644//541
f 1645//542 1646//542 1647//542
f 1648//543 1649//543 1650//543
f 1651//544 1652//544 1653//544
f 1654//545 1655//545 1656//545
f 1657//546 1658//546 1659//546
f 1660//547 1661//547 1662//547
f 1663//548 1664//548 1665//548
f 1666//549 1667//549 1668//549
f 1669//550 1670//550 1671//550
f 1672//551 1673//551 1674//551
f 1675//552 1676//552 1677//552
f 1678//553 1679//553 1680//553
f 1681//554 1682//554 1683//554
f 1684//555 1685//555 1686//555
f 1687//556 1688//556 1689//556
f 1690//557 1691//557 1692//557
f 1693//558 1694//558 1695//558
f 1696//559 1697//559 1698//559
f 1699//560 1700//560 1701//560
f 1702//561 1703//561 1704//561
f 1705//562 1706//562 1707//562
f 1708//563 1709//563 1710//563
f 1711//564 1712//564 1713//564
f 1714//565 1715//565 1716//565
f 1717//566 1718//566 1719//566
f 1720//567 1721//567 1722//567
f 1723//568 1724//568 1725//568
f 1726//569 1727//569 1728//569
f 1729//570 1730//570 1731//570
f 1732//571 1733//571 1734//571
f 1735//572 1736//572 1737//572
f 1738//573 1739//573 1740//573
f 1741//574 1742//574 1743//574
f 1744//575 1745//575 1746//575
f 1747//576 1748//576 1749//576
f 1750//577 1751//577 1752//577
f 1753//578 1754//578 1755//578
f 1756//579 1757//579 1758//579
f 1759//580 1760//580 1761//580
f 1762//581 1763//581 1764//581
f 1765//582 1766//582 1767//582
f 1768//583 1769//583 1770//583
f 1771//584 1772//584 1773//584
f 1774//585 1775//585 1776//585
f 1777//586 1778//586 1779//586
f 1780//587 1781//587 1782//587
f 1783//588 1784//588 1785//588
f 1786//589 1787//589 1788//589
f 1789//590 1790//590 1791//590
f 1792//591 1793//591 1794//591
f 1795//592 1796//592 1797//592
f 1798//593 1799//593 1800//593
f 1801//594 1802//594 1803//594
f 1804//595 1805//595 1806//595
f 1807//596 1808//596 1809//596
f 1810//597 1811//597 1812//597
f 1813//598 1814//598 1815//598
f 1816//599 1817//599 1818//599
f 1819//600 1820//600 1821//600
f 1822//601 1823//601 1824//601
f 1825//602 1826//602 1827//602
f 1828//603 1829//603 1830//603
f 1831//604 1832//604 1833//604
f 1834//605 1835//605 1836//605
f 1837//606 1838//606 1839//606
f 1840//607 1841//607 1842//607
f 1843//608 1844//608 1845//608
f 1846//609 1847//609 1848//609
f 1849//610 1850//610 1851//610
f 1852//611 1853//611 1854//611
f 1855//612 1856//612 1857//612
f 1858//613 1859//613 1860//613
f 1861//614 1862//614 1863//614
f 1864//615 1865//615 1866//615
f 1867//616 1868//616 1869//616
f 1870//617 1871//617 1872//617
f 1873//618 1874//618 1875//618
f 1876//619 1877//619 1878//619
f 1879//620 1880//620 1881//620
f 1882//621 1883//621 1884//621
f 1885//622 1886//622 1887//622
f 1888//623 1889//623 1890//623
f 1891//624 1892//624 1893//624
f 1894//625 1895//625 1896//625
f 1897//626 1898//626 1899//626
f 1900//627 1901//627 1902//627
f 1903//628 1904//628 1905//628
f 1906//629 1907//629 1908//629
f 1909//630 1910//630 1911//630
f 1912//631 1913//631 1914//631
f 1915//632 1916//632 1917//632
f 1918//633 1919//633 1920//633
f 1921//634 1922//634 1923//634
f 1924//635 1925//635 1926//635
f 1927//636 1928//636 1929//636
f 1930//637 1931//637 1932//637
f 1933//638 1934//638 1935//638
f 1936//639 1937//639 1938//639
f 1939//640 1940//640 1941//640
f 1942//641 1943//641 1944//641
f 1945//642 1946//642 1947//642
f 1948//643 1949//643 1950//643
f 1951//644 1952//644 1953//644
f 1954//645 1955//645 1956//645
f 1957//646 1958//646 1959//646
f 1960//647 1961//647 1962//647
f 1963//648 1964//648 1965//648
f 1966//649 1967//649 1968//649
f 1969//650 1970//650 1971//650
f 1972//651 1973//651 1974//651
f 1975//652 1976//652 1977//652
f 1978//653 1979//653 1980//653
f 1981//654 1982//654 1983//654
f 1984//655 1985//655 1986//655
f 1987//656 1988//656 1989//656
f 1990//657 1991//657 1992//657
f 1993//658 1994//658 1995//658
f 1996//659 1997//659 1998//659
f 1999//660 2000//660 2001//660
f 2002//661 2003//661 2004//661
f 2005//662 2006//662 2007//662
f 2008//663 2009//663 2010//663
f 2011//664 2012//664 2013//664
f 2014//665 2015//665 2016//665
f 2017//666 2018//666 2019//666
f 2020//667 2021//667 2022//667
f 2023//668 2024//668 2025//668
f 2026//669 2027//669 2028//669
f 2029//670 2030//670 2031//670
f 2032//671 2033//671 2034//671
f 2035//672 2036//672 2037//672
f 2038//673 2039//673 2040//673
f 2041//674 2042//674 2043//674
f 2044//675 2045//675 2046//675
f 2047//676 2048//676 2049//676
f 2050//677 2051//677 2052//677
f 2053//678 2054//678 2055//678
f 2056//679 2057//679 2058//679
f 2059//680 2060//680 2061//680
f 2062//681 2063//681 2064//681
f 2065//682 2066//682 2067//682
f 2068//683 2069//683 2070//683
f 2071//684 2072//684 2073//684
f 2074//685 2075//685 2076//685
f 2077//686 2078//686 2079//686
f 2080//687 2081//687 2082//687
f 2083//688 2084//688 2085//688
f 2086//689 2087//689 2088//689
f 2089//690 2090//690 2091//690
f 2092//691 2093//691 2094//691
f 2095//692 2096//692 2097//692
f 2098//693 2099//693 2100//693
f 2101//694 2102//694 2103//694
f 2104//695 2105//695 2106//695
f 2107//696 2108//696 2109//696
f 2110//697 2111//697 2112//697
f 2113//698 2114//698 2115//698
f 2116//699 2117//699 2118//699
f 2119//700 2120//700 2121//700
f 2122//701 2123//701 2124//701
f 2125//702 2126//702 2127//702
f 2128//703 2129//703 2130//703
f 2131//704 2132//704 2133//704
f 2134//705 2135//705 2136//705
f 2137//706 2138//706 2139//706
f 2140//707 2141//707 2142//707
f 2143//708 2144//708 2145//708
f 2146//709 2147//709 2148//709
f 2149//710 2150//710 2151//710
f 2152//711 2153//711 2154//711
f 2155//712 2156//712 2157//712
f 2158//713 2159//713 2160//713
f 2161//714 2162//714 2163//714
f 2164//715 2165//715 2166//715
f 2167//716 2168//716 2169//716
f 2170//717 2171//717 2172//717
f 2173//718 2174//718 2175//718
f 2176//719 2177//719 2178//719
f 2179//720 2180//720 2181//720
f 2182//721 2183//721 2184//721
f 2185//722 2186//722 2187//722
f 2188//723 2189//723 2190//723
f 2191//724 2192//724 2193//724
f 2194//725 2195//725 2196//725
f 2197//726 2198//726 2199//726
f 2200//727 2201//727 2202//727
f 2203//728 2204//728 2205//728
f 2206//729 2207//729 2208//729
f 2209//730 2210//730 2211//730
f 2212//731 2213//731 2214//731
f 2215//732 2216//732 2217//732
f 2218//733 2219//733 2220//733
f 2221//734 2222//734 2223//734
f 2224//735 2225//735 2226//735
f 2227//736 2228//736 2229//736
f 2230//737 2231//737 2232//737
f 2233//738 2234//738 2235//738
f 2236//739 2237//739 2238//739
f 2239//740 2240//740 2241//740
f 2242//741 2243//741 2244//741
f 2245//742 2246//742 2247//742
f 2248//743 2249//743 2250//743
f 2251//744 2252//744 2253//744
f 2254//745 2255//745 2256//745
f 2257//746 2258//746 2259//746
f 2260//747 2261//747 2262//747
f 2263//748 2264//748 2265//748
f 2266//749 2267//749 2268//749
f 2269//750 2270//750 2271//750
f 2272//751 2273//751 2274//751
f 2275//752 2276//752 2277//752
f 2278//753 2279//753 2280//753
f 2281//754 2282//754 2283//754
f 2284//755 2285//755 2286//755
f 2287//756 2288//756 2289//756
f 2290//757 2291//757 2292//757
f 2293//758 2294//758 2295//758
f 2296//758 2297//758 2298//758
f 2299//758 2300//758 2301//758
f 2302//758 2303//758 2304//758
f 2305//758 2306//758 2307//758
f 2308//758 2309//758 2310//758
f 2311//758 2312//758 2313//758
f 2314//758 2315//758 2316//758
f 2317//758 2318//758 2319//758
f 2320//758 2321//758 2322//758
f 2323//758 2324//758 2325//758
f 2326//758 2327//758 2328//758
f 2329//758 2330//758 2331//758
f 2332//758 2333//758 2334//758
f 2335//758 2336//758 2337//758
f 2338//758 2339//758 2340//758
f 2341//758 2342//758 2343//758
f 2344//758 2345//758 2346//758
f 2347//758 2348//758 2349//758
f 2350//758 2351//758 2352//758
f 2353//758 2354//758 2355//758
f 2356//758 2357//758 2358//758
f 2359//758 2360//758 2361//758
f 2362//758 2363//758 2364//758
f 2365//758 2366//758 2367//758
f 2368//758 2369//758 2370//758
f 2371//759 2372//759 2373//759
f 2374//759 2375//759 2376//759
f 2377//759 2378//759 2379//759
f 2380//759 2381//759 2382//759
f 2383//759 2384//759 2385//759
f 2386//759 2387//759 2388//759
f 2389//759 2390//759 2391//759
f 2392//759 2393//759 2394//759
f 2395//759 2396//759 2397//759
f 2398//759 2399//759 2400//759
f 2401//759 2402//759 2403//759
f 2404//759 2405//759 2406//759
f 2407//759 2408//759 2409//759
f 2410//759 2411//759 2412//759
f 2413//759 2414//759 2415//759
f 2416//759 2417//759 2418//759
f 2419//759 2420//759 2421//759
f 2422//759 2423//759 2424//759
f 2425//759 2426//759 2427//759
f 2428//759 2429//759 2430//759
f 2431//759 2432//759 2433//759
f 2434//759 2435//759 2436//759
f 2437//759 2438//759 2439//759
f 2440//759 2441//759 2442//759
f 2443//759 2444//759 2445//759
f 2446//759 2447//759 2448//759
f 2449//133 2450//133 2451//133
f 2452//760 2453//760 2454//760
f 2455//109 2456//109 2457//109
f 2458//133 2459//133 2460//133
f 2461//110 2462//110 2463//110
f 2464//761 2465//761 2466//761
f 2467//122 2468//122 2469//122
f 2470//122 2471//122 2472//122
f 2473//159 2474//159 2475//159
f 2476//134 2477//134 2478//134
f 2479//134 2480//134 2481//134
f 2482//159 2483//159 2484//159
f 2485//149 2486//149 2487//149
f 2488//149 2489//149 2490//149
f 2491//158 2492//158 2493//158
f 2494//158 2495//158 2496//158
f 2497//133 2498//133 2499//133
f 2500//109 2501//109 2502//109
f 2503//760 2504//760 2505//760
f 2506//133 2507//133 2508//133
f 2509//110 2510//110 2511//110
f 2512//110 2513//110 2514//110
f 2515//122 2516//122 2517//122
f 2518//122 2519//122 2520//122
f 2521//159 2522//159 2523//159
f 2524//762 2525//762 2526//762
f 2527//134 2528//134 2529//134
f 2530//159 2531//159 2532//159
f 2533//149 2534//149 2535//149
f 2536//763 2537//763 2538//763
f 2539//158 2540//158 2541//158
f 2542//158 2543//158 2544//158
