# generated rotor-link-local propeller visual mesh
mtllib sunray150_dae_mid360_realistic_material_audit_gazebo_visual.mtl
v -0.002339000 -0.004991000 -0.004230000
v -0.002506000 -0.005480000 -0.004446000
v -0.004905000 -0.002514000 -0.002092000
v -0.002875000 -0.006032000 -0.004667000
v -0.003778000 -0.004490000 -0.003377000
v -0.004730000 -0.002862000 -0.002285000
v -0.002506000 -0.005480000 -0.004446000
v -0.002875000 -0.006032000 -0.004667000
v -0.004905000 -0.002514000 -0.002092000
v -0.004905000 -0.002514000 -0.002092000
v -0.002875000 -0.006032000 -0.004667000
v -0.004730000 -0.002862000 -0.002285000
v -0.004905000 -0.002514000 -0.002092000
v -0.004730000 -0.002862000 -0.002285000
v -0.005728000 -0.001145000 -0.001390000
v -0.005503000 0.000312000 -0.001126000
v -0.004905000 -0.002514000 -0.002092000
v -0.006775000 0.000661000 -0.000693000
v -0.006775000 0.000661000 -0.000693000
v -0.004905000 -0.002514000 -0.002092000
v -0.005728000 -0.001145000 -0.001390000
v -0.005503000 0.000312000 -0.001126000
v -0.006775000 0.000661000 -0.000693000
v -0.005504000 0.000302000 -0.000699000
v -0.005504000 0.000302000 -0.000699000
v -0.006775000 0.000661000 -0.000693000
v -0.006682000 0.000590000 -0.000309000
v -0.002875000 -0.006032000 -0.004667000
v -0.002506000 -0.005480000 -0.004446000
v -0.002757000 -0.006253000 -0.004353000
v -0.002757000 -0.006253000 -0.004353000
v -0.002506000 -0.005480000 -0.004446000
v -0.002339000 -0.004991000 -0.004230000
v -0.002757000 -0.006253000 -0.004353000
v -0.002339000 -0.004991000 -0.004230000
v -0.002175000 -0.005065000 -0.003853000
v -0.028924000 -0.023160000 -0.003632000
v -0.026445000 -0.018798000 -0.002936000
v -0.035646000 -0.026440000 -0.003111000
v -0.006526000 -0.010067000 -0.005503000
v -0.003633000 -0.004716000 -0.003073000
v -0.011482000 -0.010401000 -0.002997000
v -0.022205000 -0.019922000 -0.004587000
v -0.026445000 -0.018798000 -0.002936000
v -0.028924000 -0.023160000 -0.003632000
v -0.003633000 -0.004716000 -0.003073000
v -0.006526000 -0.010067000 -0.005503000
v -0.002757000 -0.006253000 -0.004353000
v -0.019355000 -0.014944000 -0.003013000
v -0.021068000 -0.012011000 -0.001263000
v -0.026445000 -0.018798000 -0.002936000
v -0.004560000 -0.003097000 -0.001984000
v -0.004975000 -0.002374000 -0.001573000
v -0.010330000 -0.002462000 -0.000011000
v -0.004560000 -0.003097000 -0.001984000
v -0.010330000 -0.002462000 -0.000011000
v -0.013130000 -0.007553000 -0.000849000
v -0.004560000 -0.003097000 -0.001984000
v -0.013130000 -0.007553000 -0.000849000
v -0.011482000 -0.010401000 -0.002997000
v -0.004560000 -0.003097000 -0.001984000
v -0.011482000 -0.010401000 -0.002997000
v -0.003633000 -0.004716000 -0.003073000
v -0.015756000 -0.000433000 0.001161000
v -0.010330000 -0.002462000 -0.000011000
v -0.012496000 0.000347000 0.000843000
v -0.012496000 0.000347000 0.000843000
v -0.010330000 -0.002462000 -0.000011000
v -0.004975000 -0.002374000 -0.001573000
v -0.012496000 0.000347000 0.000843000
v -0.004975000 -0.002374000 -0.001573000
v -0.006682000 0.000590000 -0.000309000
v -0.021068000 -0.012011000 -0.001263000
v -0.032803000 -0.019580000 -0.002160000
v -0.026445000 -0.018798000 -0.002936000
v -0.026445000 -0.018798000 -0.002936000
v -0.032803000 -0.019580000 -0.002160000
v -0.037656000 -0.022971000 -0.002309000
v -0.026445000 -0.018798000 -0.002936000
v -0.037656000 -0.022971000 -0.002309000
v -0.035646000 -0.026440000 -0.003111000
v -0.019802000 -0.002162000 0.001177000
v -0.022480000 -0.003805000 0.000954000
v -0.017604000 -0.005737000 0.000608000
v -0.017604000 -0.005737000 0.000608000
v -0.022480000 -0.003805000 0.000954000
v -0.026289000 -0.006767000 0.000379000
v -0.017604000 -0.005737000 0.000608000
v -0.026289000 -0.006767000 0.000379000
v -0.025489000 -0.010666000 -0.000530000
v -0.025489000 -0.010666000 -0.000530000
v -0.026289000 -0.006767000 0.000379000
v -0.032199000 -0.012232000 -0.000691000
v -0.025489000 -0.010666000 -0.000530000
v -0.032199000 -0.012232000 -0.000691000
v -0.034052000 -0.017427000 -0.001612000
v -0.034052000 -0.017427000 -0.001612000
v -0.032199000 -0.012232000 -0.000691000
v -0.039660000 -0.019499000 -0.001507000
v -0.034052000 -0.017427000 -0.001612000
v -0.039660000 -0.019499000 -0.001507000
v -0.037656000 -0.022971000 -0.002309000
v -0.013130000 -0.007553000 -0.000849000
v -0.010330000 -0.002462000 -0.000011000
v -0.017604000 -0.005737000 0.000608000
v -0.017604000 -0.005737000 0.000608000
v -0.010330000 -0.002462000 -0.000011000
v -0.015756000 -0.000433000 0.001161000
v -0.017604000 -0.005737000 0.000608000
v -0.015756000 -0.000433000 0.001161000
v -0.019802000 -0.002162000 0.001177000
v -0.006526000 -0.010067000 -0.005503000
v -0.011482000 -0.010401000 -0.002997000
v -0.010757000 -0.013440000 -0.005901000
v -0.010757000 -0.013440000 -0.005901000
v -0.011482000 -0.010401000 -0.002997000
v -0.019355000 -0.014944000 -0.003013000
v -0.010757000 -0.013440000 -0.005901000
v -0.019355000 -0.014944000 -0.003013000
v -0.017178000 -0.017368000 -0.005381000
v -0.017178000 -0.017368000 -0.005381000
v -0.019355000 -0.014944000 -0.003013000
v -0.026445000 -0.018798000 -0.002936000
v -0.017178000 -0.017368000 -0.005381000
v -0.026445000 -0.018798000 -0.002936000
v -0.022205000 -0.019922000 -0.004587000
v -0.025489000 -0.010666000 -0.000530000
v -0.021068000 -0.012011000 -0.001263000
v -0.017604000 -0.005737000 0.000608000
v -0.017604000 -0.005737000 0.000608000
v -0.021068000 -0.012011000 -0.001263000
v -0.013130000 -0.007553000 -0.000849000
v -0.021068000 -0.012011000 -0.001263000
v -0.019355000 -0.014944000 -0.003013000
v -0.013130000 -0.007553000 -0.000849000
v -0.013130000 -0.007553000 -0.000849000
v -0.019355000 -0.014944000 -0.003013000
v -0.011482000 -0.010401000 -0.002997000
v -0.037656000 -0.022971000 -0.002309000
v -0.032803000 -0.019580000 -0.002160000
v -0.034052000 -0.017427000 -0.001612000
v -0.034052000 -0.017427000 -0.001612000
v -0.032803000 -0.019580000 -0.002160000
v -0.021068000 -0.012011000 -0.001263000
v -0.034052000 -0.017427000 -0.001612000
v -0.021068000 -0.012011000 -0.001263000
v -0.025489000 -0.010666000 -0.000530000
v -0.002757000 -0.006253000 -0.004353000
v -0.002175000 -0.005065000 -0.003853000
v -0.003633000 -0.004716000 -0.003073000
v -0.003633000 -0.004716000 -0.003073000
v -0.002175000 -0.005065000 -0.003853000
v -0.004560000 -0.003097000 -0.001984000
v -0.005504000 0.000302000 -0.000699000
v -0.006682000 0.000590000 -0.000309000
v -0.004975000 -0.002374000 -0.001573000
v 0.005492000 0.000470000 -0.004230000
v 0.005999000 0.000570000 -0.004446000
v 0.004630000 -0.002991000 -0.002092000
v 0.006662000 0.000527000 -0.004667000
v 0.005779000 -0.001027000 -0.003377000
v 0.004844000 -0.002665000 -0.002285000
v 0.005999000 0.000570000 -0.004446000
v 0.006662000 0.000527000 -0.004667000
v 0.004630000 -0.002991000 -0.002092000
v 0.004630000 -0.002991000 -0.002092000
v 0.006662000 0.000527000 -0.004667000
v 0.004844000 -0.002665000 -0.002285000
v 0.004630000 -0.002991000 -0.002092000
v 0.004844000 -0.002665000 -0.002285000
v 0.003856000 -0.004388000 -0.001390000
v 0.002482000 -0.004922000 -0.001126000
v 0.004630000 -0.002991000 -0.002092000
v 0.002816000 -0.006197000 -0.000693000
v 0.002816000 -0.006197000 -0.000693000
v 0.004630000 -0.002991000 -0.002092000
v 0.003856000 -0.004388000 -0.001390000
v 0.002482000 -0.004922000 -0.001126000
v 0.002816000 -0.006197000 -0.000693000
v 0.002491000 -0.004917000 -0.000699000
v 0.002491000 -0.004917000 -0.000699000
v 0.002816000 -0.006197000 -0.000693000
v 0.002830000 -0.006081000 -0.000309000
v 0.006662000 0.000527000 -0.004667000
v 0.005999000 0.000570000 -0.004446000
v 0.006794000 0.000739000 -0.004353000
v 0.006794000 0.000739000 -0.004353000
v 0.005999000 0.000570000 -0.004446000
v 0.005492000 0.000470000 -0.004230000
v 0.006794000 0.000739000 -0.004353000
v 0.005492000 0.000470000 -0.004230000
v 0.005474000 0.000649000 -0.003853000
v 0.034520000 -0.013468000 -0.003632000
v 0.029502000 -0.013502000 -0.002936000
v 0.040721000 -0.017650000 -0.003111000
v 0.011982000 -0.000618000 -0.005503000
v 0.005901000 -0.000787000 -0.003073000
v 0.014749000 -0.004743000 -0.002997000
v 0.028356000 -0.009269000 -0.004587000
v 0.029502000 -0.013502000 -0.002936000
v 0.034520000 -0.013468000 -0.003632000
v 0.005901000 -0.000787000 -0.003073000
v 0.011982000 -0.000618000 -0.005503000
v 0.006794000 0.000739000 -0.004353000
v 0.022620000 -0.009290000 -0.003013000
v 0.020936000 -0.012239000 -0.001263000
v 0.029502000 -0.013502000 -0.002936000
v 0.004962000 -0.002400000 -0.001984000
v 0.004544000 -0.003121000 -0.001573000
v 0.007298000 -0.007715000 -0.000011000
v 0.004962000 -0.002400000 -0.001984000
v 0.007298000 -0.007715000 -0.000011000
v 0.013107000 -0.007594000 -0.000849000
v 0.004962000 -0.002400000 -0.001984000
v 0.013107000 -0.007594000 -0.000849000
v 0.014749000 -0.004743000 -0.002997000
v 0.004962000 -0.002400000 -0.001984000
v 0.014749000 -0.004743000 -0.002997000
v 0.005901000 -0.000787000 -0.003073000
v 0.008253000 -0.013428000 0.001161000
v 0.007298000 -0.007715000 -0.000011000
v 0.005948000 -0.010995000 0.000843000
v 0.005948000 -0.010995000 0.000843000
v 0.007298000 -0.007715000 -0.000011000
v 0.004544000 -0.003121000 -0.001573000
v 0.005948000 -0.010995000 0.000843000
v 0.004544000 -0.003121000 -0.001573000
v 0.002830000 -0.006081000 -0.000309000
v 0.020936000 -0.012239000 -0.001263000
v 0.033359000 -0.018618000 -0.002160000
v 0.029502000 -0.013502000 -0.002936000
v 0.029502000 -0.013502000 -0.002936000
v 0.033359000 -0.018618000 -0.002160000
v 0.038722000 -0.021125000 -0.002309000
v 0.029502000 -0.013502000 -0.002936000
v 0.038722000 -0.021125000 -0.002309000
v 0.040721000 -0.017650000 -0.003111000
v 0.011774000 -0.016068000 0.001177000
v 0.014536000 -0.017566000 0.000954000
v 0.013770000 -0.012377000 0.000608000
v 0.013770000 -0.012377000 0.000608000
v 0.014536000 -0.017566000 0.000954000
v 0.019006000 -0.019382000 0.000379000
v 0.013770000 -0.012377000 0.000608000
v 0.019006000 -0.019382000 0.000379000
v 0.021982000 -0.016741000 -0.000530000
v 0.021982000 -0.016741000 -0.000530000
v 0.019006000 -0.019382000 0.000379000
v 0.026694000 -0.021769000 -0.000691000
v 0.021982000 -0.016741000 -0.000530000
v 0.026694000 -0.021769000 -0.000691000
v 0.032119000 -0.020776000 -0.001612000
v 0.032119000 -0.020776000 -0.001612000
v 0.026694000 -0.021769000 -0.000691000
v 0.036717000 -0.024596000 -0.001507000
v 0.032119000 -0.020776000 -0.001612000
v 0.036717000 -0.024596000 -0.001507000
v 0.038722000 -0.021125000 -0.002309000
v 0.013107000 -0.007594000 -0.000849000
v 0.007298000 -0.007715000 -0.000011000
v 0.013770000 -0.012377000 0.000608000
v 0.013770000 -0.012377000 0.000608000
v 0.007298000 -0.007715000 -0.000011000
v 0.008253000 -0.013428000 0.001161000
v 0.013770000 -0.012377000 0.000608000
v 0.008253000 -0.013428000 0.001161000
v 0.011774000 -0.016068000 0.001177000
v 0.011982000 -0.000618000 -0.005503000
v 0.014749000 -0.004743000 -0.002997000
v 0.017018000 -0.002596000 -0.005901000
v 0.017018000 -0.002596000 -0.005901000
v 0.014749000 -0.004743000 -0.002997000
v 0.022620000 -0.009290000 -0.003013000
v 0.017018000 -0.002596000 -0.005901000
v 0.022620000 -0.009290000 -0.003013000
v 0.023631000 -0.006192000 -0.005381000
v 0.023631000 -0.006192000 -0.005381000
v 0.022620000 -0.009290000 -0.003013000
v 0.029502000 -0.013502000 -0.002936000
v 0.023631000 -0.006192000 -0.005381000
v 0.029502000 -0.013502000 -0.002936000
v 0.028356000 -0.009269000 -0.004587000
v 0.021982000 -0.016741000 -0.000530000
v 0.020936000 -0.012239000 -0.001263000
v 0.013770000 -0.012377000 0.000608000
v 0.013770000 -0.012377000 0.000608000
v 0.020936000 -0.012239000 -0.001263000
v 0.013107000 -0.007594000 -0.000849000
v 0.020936000 -0.012239000 -0.001263000
v 0.022620000 -0.009290000 -0.003013000
v 0.013107000 -0.007594000 -0.000849000
v 0.013107000 -0.007594000 -0.000849000
v 0.022620000 -0.009290000 -0.003013000
v 0.014749000 -0.004743000 -0.002997000
v 0.038722000 -0.021125000 -0.002309000
v 0.033359000 -0.018618000 -0.002160000
v 0.032119000 -0.020776000 -0.001612000
v 0.032119000 -0.020776000 -0.001612000
v 0.033359000 -0.018618000 -0.002160000
v 0.020936000 -0.012239000 -0.001263000
v 0.032119000 -0.020776000 -0.001612000
v 0.020936000 -0.012239000 -0.001263000
v 0.021982000 -0.016741000 -0.000530000
v 0.006794000 0.000739000 -0.004353000
v 0.005474000 0.000649000 -0.003853000
v 0.005901000 -0.000787000 -0.003073000
v 0.005901000 -0.000787000 -0.003073000
v 0.005474000 0.000649000 -0.003853000
v 0.004962000 -0.002400000 -0.001984000
v 0.002491000 -0.004917000 -0.000699000
v 0.002830000 -0.006081000 -0.000309000
v 0.004544000 -0.003121000 -0.001573000
v 0.000432000 0.005496000 -0.001573000
v -0.000003000 0.005513000 0.000000000
v 0.002965000 0.004647000 -0.000708000
v 0.000432000 0.005496000 -0.001573000
v -0.000003000 0.005513000 -0.001780000
v -0.000003000 0.005513000 0.000000000
v 0.002482000 -0.004922000 -0.001126000
v 0.003900000 -0.003895000 -0.002464000
v 0.004630000 -0.002991000 -0.002092000
v 0.004544000 -0.003121000 -0.001573000
v 0.003900000 -0.003895000 0.000000000
v 0.002491000 -0.004917000 -0.000699000
v -0.000003000 0.005513000 -0.005011000
v 0.003896000 0.003900000 -0.002464000
v 0.003896000 0.003900000 -0.005011000
v 0.005512000 0.000003000 -0.005011000
v 0.003900000 -0.003895000 -0.002464000
v 0.003900000 -0.003895000 -0.005011000
v 0.004962000 -0.002400000 -0.001984000
v 0.005474000 0.000649000 -0.003853000
v 0.005512000 0.000003000 -0.002464000
v 0.004962000 -0.002400000 -0.001984000
v 0.005512000 0.000003000 -0.002464000
v 0.005512000 0.000003000 0.000000000
v 0.004962000 -0.002400000 -0.001984000
v 0.005512000 0.000003000 0.000000000
v 0.003900000 -0.003895000 0.000000000
v 0.004962000 -0.002400000 -0.001984000
v 0.003900000 -0.003895000 0.000000000
v 0.004544000 -0.003121000 -0.001573000
v 0.005492000 0.000470000 -0.004230000
v 0.004630000 -0.002991000 -0.002092000
v 0.003900000 -0.003895000 -0.002464000
v 0.005492000 0.000470000 -0.004230000
v 0.003900000 -0.003895000 -0.002464000
v 0.005512000 0.000003000 -0.005011000
v 0.005492000 0.000470000 -0.004230000
v 0.005512000 0.000003000 -0.005011000
v 0.003896000 0.003900000 -0.005011000
v 0.005492000 0.000470000 -0.004230000
v 0.003896000 0.003900000 -0.005011000
v 0.005474000 0.000649000 -0.003853000
v 0.003140000 0.004531000 -0.001032000
v 0.003134000 0.004535000 -0.000818000
v 0.003896000 0.003900000 0.000000000
v 0.003140000 0.004531000 -0.001032000
v 0.003896000 0.003900000 0.000000000
v 0.003896000 0.003900000 -0.002464000
v 0.003140000 0.004531000 -0.001032000
v 0.003896000 0.003900000 -0.002464000
v 0.003078000 0.004573000 -0.001103000
v 0.000003000 -0.005512000 0.000000000
v 0.000003000 -0.005512000 -0.005011000
v 0.003900000 -0.003895000 -0.005011000
v 0.000003000 -0.005512000 0.000000000
v 0.003900000 -0.003895000 -0.005011000
v 0.003900000 -0.003895000 -0.002464000
v 0.000003000 -0.005512000 0.000000000
v 0.003900000 -0.003895000 -0.002464000
v 0.002482000 -0.004922000 -0.001126000
v 0.000003000 -0.005512000 0.000000000
v 0.002482000 -0.004922000 -0.001126000
v 0.002491000 -0.004917000 -0.000699000
v 0.000003000 -0.005512000 0.000000000
v 0.002491000 -0.004917000 -0.000699000
v 0.003900000 -0.003895000 0.000000000
v 0.003896000 0.003900000 0.000000000
v 0.003134000 0.004535000 -0.000818000
v 0.003112000 0.004550000 -0.000797000
v 0.003896000 0.003900000 0.000000000
v 0.003112000 0.004550000 -0.000797000
v 0.003046000 0.004595000 -0.000732000
v 0.003896000 0.003900000 0.000000000
v 0.003046000 0.004595000 -0.000732000
v 0.002965000 0.004647000 -0.000708000
v 0.003896000 0.003900000 0.000000000
v 0.002965000 0.004647000 -0.000708000
v -0.000003000 0.005513000 0.000000000
v -0.000003000 0.005513000 -0.005011000
v -0.000003000 0.005513000 -0.002230000
v 0.003896000 0.003900000 -0.002464000
v 0.003896000 0.003900000 -0.002464000
v -0.000003000 0.005513000 -0.002230000
v 0.003029000 0.004606000 -0.001125000
v 0.003896000 0.003900000 -0.002464000
v 0.003029000 0.004606000 -0.001125000
v 0.003078000 0.004573000 -0.001103000
v 0.005474000 0.000649000 -0.003853000
v 0.003896000 0.003900000 -0.005011000
v 0.005512000 0.000003000 -0.002464000
v 0.005512000 0.000003000 -0.002464000
v 0.003896000 0.003900000 -0.005011000
v 0.003896000 0.003900000 -0.002464000
v 0.005512000 0.000003000 -0.002464000
v 0.003896000 0.003900000 -0.002464000
v 0.005512000 0.000003000 0.000000000
v 0.005512000 0.000003000 0.000000000
v 0.003896000 0.003900000 -0.002464000
v 0.003896000 0.003900000 0.000000000
v 0.000003000 -0.005512000 0.000000000
v -0.003895000 -0.003900000 0.000000000
v -0.003895000 -0.003900000 -0.002464000
v -0.005503000 0.000312000 -0.001126000
v -0.005512000 -0.000003000 -0.002464000
v -0.004905000 -0.002514000 -0.002092000
v -0.004560000 -0.003097000 -0.001984000
v -0.002175000 -0.005065000 -0.003853000
v -0.003895000 -0.003900000 -0.002464000
v -0.004560000 -0.003097000 -0.001984000
v -0.003895000 -0.003900000 -0.002464000
v -0.003895000 -0.003900000 0.000000000
v -0.004560000 -0.003097000 -0.001984000
v -0.003895000 -0.003900000 0.000000000
v -0.005512000 -0.000003000 0.000000000
v -0.004560000 -0.003097000 -0.001984000
v -0.005512000 -0.000003000 0.000000000
v -0.004975000 -0.002374000 -0.001573000
v -0.005504000 0.000302000 -0.000699000
v -0.004975000 -0.002374000 -0.001573000
v -0.005512000 -0.000003000 0.000000000
v -0.005504000 0.000302000 -0.000699000
v -0.005512000 -0.000003000 0.000000000
v -0.003900000 0.003896000 0.000000000
v -0.005504000 0.000302000 -0.000699000
v -0.003900000 0.003896000 0.000000000
v -0.005503000 0.000312000 -0.001126000
v 0.000003000 -0.005512000 -0.005011000
v 0.000003000 -0.005512000 0.000000000
v -0.003895000 -0.003900000 -0.002464000
v 0.000003000 -0.005512000 -0.005011000
v -0.003895000 -0.003900000 -0.002464000
v -0.002175000 -0.005065000 -0.003853000
v 0.000003000 -0.005512000 -0.005011000
v -0.002175000 -0.005065000 -0.003853000
v -0.002339000 -0.004991000 -0.004230000
v 0.000003000 -0.005512000 -0.005011000
v -0.002339000 -0.004991000 -0.004230000
v -0.003895000 -0.003900000 -0.005011000
v -0.003900000 0.003896000 -0.002464000
v -0.003298000 0.004417000 -0.003852000
v -0.003344000 0.004382000 -0.003912000
v -0.003900000 0.003896000 -0.002464000
v -0.003344000 0.004382000 -0.003912000
v -0.003370000 0.004362000 -0.003997000
v -0.003900000 0.003896000 -0.002464000
v -0.003370000 0.004362000 -0.003997000
v -0.003900000 0.003896000 -0.005011000
v -0.003900000 0.003896000 -0.002464000
v -0.003900000 0.003896000 -0.005011000
v -0.005512000 -0.000003000 -0.005011000
v -0.003900000 0.003896000 -0.002464000
v -0.005512000 -0.000003000 -0.005011000
v -0.005512000 -0.000003000 -0.002464000
v -0.003900000 0.003896000 -0.002464000
v -0.005512000 -0.000003000 -0.002464000
v -0.005503000 0.000312000 -0.001126000
v -0.003900000 0.003896000 -0.002464000
v -0.005503000 0.000312000 -0.001126000
v -0.003900000 0.003896000 0.000000000
v -0.003900000 0.003896000 -0.002464000
v -0.003900000 0.003896000 0.000000000
v -0.000402000 0.005498000 -0.001984000
v -0.003900000 0.003896000 -0.002464000
v -0.000402000 0.005498000 -0.001984000
v -0.003298000 0.004417000 -0.003852000
v -0.003900000 0.003896000 -0.005011000
v -0.003370000 0.004362000 -0.003997000
v -0.003298000 0.004417000 -0.004186000
v -0.003900000 0.003896000 -0.005011000
v -0.003298000 0.004417000 -0.004186000
v -0.003196000 0.004492000 -0.004219000
v -0.003900000 0.003896000 -0.005011000
v -0.003196000 0.004492000 -0.004219000
v -0.003116000 0.004547000 -0.004202000
v -0.003900000 0.003896000 -0.005011000
v -0.003116000 0.004547000 -0.004202000
v -0.000003000 0.005513000 -0.002230000
v -0.003900000 0.003896000 -0.005011000
v -0.000003000 0.005513000 -0.002230000
v -0.000003000 0.005513000 -0.005011000
v -0.005512000 -0.000003000 -0.005011000
v -0.003895000 -0.003900000 -0.005011000
v -0.005512000 -0.000003000 -0.002464000
v -0.005512000 -0.000003000 -0.002464000
v -0.003895000 -0.003900000 -0.005011000
v -0.002339000 -0.004991000 -0.004230000
v -0.005512000 -0.000003000 -0.002464000
v -0.002339000 -0.004991000 -0.004230000
v -0.004905000 -0.002514000 -0.002092000
v -0.000402000 0.005498000 -0.001984000
v -0.003900000 0.003896000 0.000000000
v -0.000003000 0.005513000 -0.001780000
v -0.000003000 0.005513000 -0.001780000
v -0.003900000 0.003896000 0.000000000
v -0.000003000 0.005513000 0.000000000
v -0.035646000 -0.026440000 -0.003111000
v -0.035693000 -0.026376000 -0.003504000
v -0.028924000 -0.023160000 -0.003632000
v -0.028924000 -0.023160000 -0.003632000
v -0.035693000 -0.026376000 -0.003504000
v -0.023198000 -0.020201000 -0.004800000
v -0.028924000 -0.023160000 -0.003632000
v -0.023198000 -0.020201000 -0.004800000
v -0.022205000 -0.019922000 -0.004587000
v -0.022205000 -0.019922000 -0.004587000
v -0.023198000 -0.020201000 -0.004800000
v -0.017178000 -0.017368000 -0.005381000
v -0.017178000 -0.017368000 -0.005381000
v -0.023198000 -0.020201000 -0.004800000
v -0.016350000 -0.016601000 -0.005805000
v -0.017178000 -0.017368000 -0.005381000
v -0.016350000 -0.016601000 -0.005805000
v -0.010757000 -0.013440000 -0.005901000
v -0.010757000 -0.013440000 -0.005901000
v -0.016350000 -0.016601000 -0.005805000
v -0.011246000 -0.013405000 -0.006157000
v -0.010757000 -0.013440000 -0.005901000
v -0.011246000 -0.013405000 -0.006157000
v -0.006526000 -0.010067000 -0.005503000
v -0.006526000 -0.010067000 -0.005503000
v -0.011246000 -0.013405000 -0.006157000
v -0.006827000 -0.009940000 -0.005796000
v -0.006526000 -0.010067000 -0.005503000
v -0.006827000 -0.009940000 -0.005796000
v -0.002757000 -0.006253000 -0.004353000
v -0.002757000 -0.006253000 -0.004353000
v -0.006827000 -0.009940000 -0.005796000
v -0.002875000 -0.006032000 -0.004667000
v -0.039660000 -0.019499000 -0.001507000
v -0.039705000 -0.019434000 -0.001900000
v -0.039720000 -0.019583000 -0.001514000
v -0.039720000 -0.019583000 -0.001514000
v -0.039705000 -0.019434000 -0.001900000
v -0.039766000 -0.019518000 -0.001907000
v -0.039720000 -0.019583000 -0.001514000
v -0.039766000 -0.019518000 -0.001907000
v -0.039772000 -0.019786000 -0.001541000
v -0.039772000 -0.019786000 -0.001541000
v -0.039766000 -0.019518000 -0.001907000
v -0.039818000 -0.019721000 -0.001934000
v -0.039772000 -0.019786000 -0.001541000
v -0.039818000 -0.019721000 -0.001934000
v -0.039764000 -0.020039000 -0.001584000
v -0.039764000 -0.020039000 -0.001584000
v -0.039818000 -0.019721000 -0.001934000
v -0.039811000 -0.019974000 -0.001977000
v -0.039764000 -0.020039000 -0.001584000
v -0.039811000 -0.019974000 -0.001977000
v -0.039617000 -0.020664000 -0.001704000
v -0.039617000 -0.020664000 -0.001704000
v -0.039811000 -0.019974000 -0.001977000
v -0.039581000 -0.020846000 -0.002147000
v -0.039617000 -0.020664000 -0.001704000
v -0.039581000 -0.020846000 -0.002147000
v -0.038131000 -0.023739000 -0.002379000
v -0.038131000 -0.023739000 -0.002379000
v -0.039581000 -0.020846000 -0.002147000
v -0.039202000 -0.021757000 -0.002340000
v -0.038131000 -0.023739000 -0.002379000
v -0.039202000 -0.021757000 -0.002340000
v -0.037200000 -0.025169000 -0.003130000
v -0.035693000 -0.026376000 -0.003504000
v -0.035646000 -0.026440000 -0.003111000
v -0.035823000 -0.026406000 -0.003493000
v -0.035823000 -0.026406000 -0.003493000
v -0.035646000 -0.026440000 -0.003111000
v -0.035776000 -0.026469000 -0.003100000
v -0.035823000 -0.026406000 -0.003493000
v -0.035776000 -0.026469000 -0.003100000
v -0.035970000 -0.026377000 -0.003471000
v -0.035970000 -0.026377000 -0.003471000
v -0.035776000 -0.026469000 -0.003100000
v -0.035924000 -0.026440000 -0.003078000
v -0.035970000 -0.026377000 -0.003471000
v -0.035924000 -0.026440000 -0.003078000
v -0.036289000 -0.026185000 -0.003402000
v -0.036289000 -0.026185000 -0.003402000
v -0.035924000 -0.026440000 -0.003078000
v -0.036242000 -0.026247000 -0.003009000
v -0.036289000 -0.026185000 -0.003402000
v -0.036242000 -0.026247000 -0.003009000
v -0.037200000 -0.025169000 -0.003130000
v -0.037200000 -0.025169000 -0.003130000
v -0.036242000 -0.026247000 -0.003009000
v -0.036565000 -0.025943000 -0.002922000
v -0.037200000 -0.025169000 -0.003130000
v -0.036565000 -0.025943000 -0.002922000
v -0.038131000 -0.023739000 -0.002379000
v -0.035776000 -0.026469000 -0.003100000
v -0.035646000 -0.026440000 -0.003111000
v -0.037656000 -0.022971000 -0.002309000
v -0.035776000 -0.026469000 -0.003100000
v -0.037656000 -0.022971000 -0.002309000
v -0.039660000 -0.019499000 -0.001507000
v -0.035776000 -0.026469000 -0.003100000
v -0.039660000 -0.019499000 -0.001507000
v -0.039720000 -0.019583000 -0.001514000
v -0.035776000 -0.026469000 -0.003100000
v -0.039720000 -0.019583000 -0.001514000
v -0.039772000 -0.019786000 -0.001541000
v -0.035776000 -0.026469000 -0.003100000
v -0.039772000 -0.019786000 -0.001541000
v -0.035924000 -0.026440000 -0.003078000
v -0.038131000 -0.023739000 -0.002379000
v -0.036565000 -0.025943000 -0.002922000
v -0.039617000 -0.020664000 -0.001704000
v -0.039617000 -0.020664000 -0.001704000
v -0.036565000 -0.025943000 -0.002922000
v -0.036242000 -0.026247000 -0.003009000
v -0.039617000 -0.020664000 -0.001704000
v -0.036242000 -0.026247000 -0.003009000
v -0.039764000 -0.020039000 -0.001584000
v -0.039764000 -0.020039000 -0.001584000
v -0.036242000 -0.026247000 -0.003009000
v -0.035924000 -0.026440000 -0.003078000
v -0.039764000 -0.020039000 -0.001584000
v -0.035924000 -0.026440000 -0.003078000
v -0.039772000 -0.019786000 -0.001541000
v -0.019802000 -0.002162000 0.001177000
v -0.020642000 -0.002616000 0.000725000
v -0.022480000 -0.003805000 0.000954000
v -0.022480000 -0.003805000 0.000954000
v -0.020642000 -0.002616000 0.000725000
v -0.025640000 -0.006166000 0.000095000
v -0.022480000 -0.003805000 0.000954000
v -0.025640000 -0.006166000 0.000095000
v -0.026289000 -0.006767000 0.000379000
v -0.026289000 -0.006767000 0.000379000
v -0.025640000 -0.006166000 0.000095000
v -0.032529000 -0.012472000 -0.001138000
v -0.026289000 -0.006767000 0.000379000
v -0.032529000 -0.012472000 -0.001138000
v -0.032199000 -0.012232000 -0.000691000
v -0.032199000 -0.012232000 -0.000691000
v -0.032529000 -0.012472000 -0.001138000
v -0.039705000 -0.019434000 -0.001900000
v -0.032199000 -0.012232000 -0.000691000
v -0.039705000 -0.019434000 -0.001900000
v -0.039660000 -0.019499000 -0.001507000
v -0.015756000 -0.000433000 0.001161000
v -0.020642000 -0.002616000 0.000725000
v -0.019802000 -0.002162000 0.001177000
v -0.020642000 -0.002616000 0.000725000
v -0.015756000 -0.000433000 0.001161000
v -0.017924000 -0.001224000 0.000824000
v -0.017924000 -0.001224000 0.000824000
v -0.015756000 -0.000433000 0.001161000
v -0.012496000 0.000347000 0.000843000
v -0.017924000 -0.001224000 0.000824000
v -0.012496000 0.000347000 0.000843000
v -0.012642000 0.000364000 0.000459000
v -0.012642000 0.000364000 0.000459000
v -0.012496000 0.000347000 0.000843000
v -0.006682000 0.000590000 -0.000309000
v -0.012642000 0.000364000 0.000459000
v -0.006682000 0.000590000 -0.000309000
v -0.006775000 0.000661000 -0.000693000
v -0.032529000 -0.012472000 -0.001138000
v -0.025640000 -0.006166000 0.000095000
v -0.025503000 -0.010557000 -0.000915000
v -0.010426000 -0.002375000 -0.000391000
v -0.017924000 -0.001224000 0.000824000
v -0.012642000 0.000364000 0.000459000
v -0.035693000 -0.026376000 -0.003504000
v -0.026525000 -0.018678000 -0.003310000
v -0.023198000 -0.020201000 -0.004800000
v -0.023198000 -0.020201000 -0.004800000
v -0.026525000 -0.018678000 -0.003310000
v -0.019444000 -0.014753000 -0.003354000
v -0.006827000 -0.009940000 -0.005796000
v -0.011246000 -0.013405000 -0.006157000
v -0.011630000 -0.010194000 -0.003308000
v -0.011630000 -0.010194000 -0.003308000
v -0.003778000 -0.004490000 -0.003377000
v -0.006827000 -0.009940000 -0.005796000
v -0.002875000 -0.006032000 -0.004667000
v -0.006827000 -0.009940000 -0.005796000
v -0.003778000 -0.004490000 -0.003377000
v -0.013239000 -0.007406000 -0.001206000
v -0.010426000 -0.002375000 -0.000391000
v -0.004730000 -0.002862000 -0.002285000
v -0.035693000 -0.026376000 -0.003504000
v -0.037696000 -0.022904000 -0.002702000
v -0.026525000 -0.018678000 -0.003310000
v -0.026525000 -0.018678000 -0.003310000
v -0.037696000 -0.022904000 -0.002702000
v -0.032844000 -0.019497000 -0.002550000
v -0.026525000 -0.018678000 -0.003310000
v -0.032844000 -0.019497000 -0.002550000
v -0.021104000 -0.011853000 -0.001630000
v -0.037696000 -0.022904000 -0.002702000
v -0.039705000 -0.019434000 -0.001900000
v -0.034080000 -0.017350000 -0.002005000
v -0.034080000 -0.017350000 -0.002005000
v -0.039705000 -0.019434000 -0.001900000
v -0.032529000 -0.012472000 -0.001138000
v -0.034080000 -0.017350000 -0.002005000
v -0.032529000 -0.012472000 -0.001138000
v -0.025503000 -0.010557000 -0.000915000
v -0.013239000 -0.007406000 -0.001206000
v -0.021104000 -0.011853000 -0.001630000
v -0.017641000 -0.005649000 0.000218000
v -0.017641000 -0.005649000 0.000218000
v -0.021104000 -0.011853000 -0.001630000
v -0.025503000 -0.010557000 -0.000915000
v -0.017641000 -0.005649000 0.000218000
v -0.025503000 -0.010557000 -0.000915000
v -0.020642000 -0.002616000 0.000725000
v -0.020642000 -0.002616000 0.000725000
v -0.025503000 -0.010557000 -0.000915000
v -0.025640000 -0.006166000 0.000095000
v -0.020642000 -0.002616000 0.000725000
v -0.017924000 -0.001224000 0.000824000
v -0.017641000 -0.005649000 0.000218000
v -0.017641000 -0.005649000 0.000218000
v -0.017924000 -0.001224000 0.000824000
v -0.010426000 -0.002375000 -0.000391000
v -0.017641000 -0.005649000 0.000218000
v -0.010426000 -0.002375000 -0.000391000
v -0.013239000 -0.007406000 -0.001206000
v -0.012642000 0.000364000 0.000459000
v -0.006775000 0.000661000 -0.000693000
v -0.010426000 -0.002375000 -0.000391000
v -0.010426000 -0.002375000 -0.000391000
v -0.006775000 0.000661000 -0.000693000
v -0.005728000 -0.001145000 -0.001390000
v -0.010426000 -0.002375000 -0.000391000
v -0.005728000 -0.001145000 -0.001390000
v -0.004730000 -0.002862000 -0.002285000
v -0.011630000 -0.010194000 -0.003308000
v -0.011246000 -0.013405000 -0.006157000
v -0.019444000 -0.014753000 -0.003354000
v -0.019444000 -0.014753000 -0.003354000
v -0.011246000 -0.013405000 -0.006157000
v -0.016350000 -0.016601000 -0.005805000
v -0.019444000 -0.014753000 -0.003354000
v -0.016350000 -0.016601000 -0.005805000
v -0.023198000 -0.020201000 -0.004800000
v -0.004730000 -0.002862000 -0.002285000
v -0.003778000 -0.004490000 -0.003377000
v -0.013239000 -0.007406000 -0.001206000
v -0.013239000 -0.007406000 -0.001206000
v -0.003778000 -0.004490000 -0.003377000
v -0.011630000 -0.010194000 -0.003308000
v -0.013239000 -0.007406000 -0.001206000
v -0.011630000 -0.010194000 -0.003308000
v -0.021104000 -0.011853000 -0.001630000
v -0.021104000 -0.011853000 -0.001630000
v -0.011630000 -0.010194000 -0.003308000
v -0.019444000 -0.014753000 -0.003354000
v -0.021104000 -0.011853000 -0.001630000
v -0.019444000 -0.014753000 -0.003354000
v -0.026525000 -0.018678000 -0.003310000
v -0.025503000 -0.010557000 -0.000915000
v -0.021104000 -0.011853000 -0.001630000
v -0.034080000 -0.017350000 -0.002005000
v -0.034080000 -0.017350000 -0.002005000
v -0.021104000 -0.011853000 -0.001630000
v -0.032844000 -0.019497000 -0.002550000
v -0.034080000 -0.017350000 -0.002005000
v -0.032844000 -0.019497000 -0.002550000
v -0.037696000 -0.022904000 -0.002702000
v -0.035823000 -0.026406000 -0.003493000
v -0.035970000 -0.026377000 -0.003471000
v -0.039818000 -0.019721000 -0.001934000
v -0.035823000 -0.026406000 -0.003493000
v -0.039818000 -0.019721000 -0.001934000
v -0.039766000 -0.019518000 -0.001907000
v -0.035823000 -0.026406000 -0.003493000
v -0.039766000 -0.019518000 -0.001907000
v -0.039705000 -0.019434000 -0.001900000
v -0.035823000 -0.026406000 -0.003493000
v -0.039705000 -0.019434000 -0.001900000
v -0.037696000 -0.022904000 -0.002702000
v -0.035823000 -0.026406000 -0.003493000
v -0.037696000 -0.022904000 -0.002702000
v -0.035693000 -0.026376000 -0.003504000
v -0.039818000 -0.019721000 -0.001934000
v -0.035970000 -0.026377000 -0.003471000
v -0.039811000 -0.019974000 -0.001977000
v -0.039811000 -0.019974000 -0.001977000
v -0.035970000 -0.026377000 -0.003471000
v -0.036289000 -0.026185000 -0.003402000
v -0.039811000 -0.019974000 -0.001977000
v -0.036289000 -0.026185000 -0.003402000
v -0.039581000 -0.020846000 -0.002147000
v -0.039581000 -0.020846000 -0.002147000
v -0.036289000 -0.026185000 -0.003402000
v -0.037200000 -0.025169000 -0.003130000
v -0.039581000 -0.020846000 -0.002147000
v -0.037200000 -0.025169000 -0.003130000
v -0.039202000 -0.021757000 -0.002340000
v 0.040721000 -0.017650000 -0.003111000
v 0.040690000 -0.017723000 -0.003504000
v 0.034520000 -0.013468000 -0.003632000
v 0.034520000 -0.013468000 -0.003632000
v 0.040690000 -0.017723000 -0.003504000
v 0.029094000 -0.009990000 -0.004800000
v 0.034520000 -0.013468000 -0.003632000
v 0.029094000 -0.009990000 -0.004800000
v 0.028356000 -0.009269000 -0.004587000
v 0.028356000 -0.009269000 -0.004587000
v 0.029094000 -0.009990000 -0.004800000
v 0.023631000 -0.006192000 -0.005381000
v 0.023631000 -0.006192000 -0.005381000
v 0.029094000 -0.009990000 -0.004800000
v 0.022553000 -0.005859000 -0.005805000
v 0.023631000 -0.006192000 -0.005381000
v 0.022553000 -0.005859000 -0.005805000
v 0.017018000 -0.002596000 -0.005901000
v 0.017018000 -0.002596000 -0.005901000
v 0.022553000 -0.005859000 -0.005805000
v 0.017233000 -0.003036000 -0.006157000
v 0.017018000 -0.002596000 -0.005901000
v 0.017233000 -0.003036000 -0.006157000
v 0.011982000 -0.000618000 -0.005503000
v 0.011982000 -0.000618000 -0.005503000
v 0.017233000 -0.003036000 -0.006157000
v 0.012023000 -0.000942000 -0.005796000
v 0.011982000 -0.000618000 -0.005503000
v 0.012023000 -0.000942000 -0.005796000
v 0.006794000 0.000739000 -0.004353000
v 0.006794000 0.000739000 -0.004353000
v 0.012023000 -0.000942000 -0.005796000
v 0.006662000 0.000527000 -0.004667000
v 0.036717000 -0.024596000 -0.001507000
v 0.036683000 -0.024668000 -0.001900000
v 0.036820000 -0.024607000 -0.001514000
v 0.036820000 -0.024607000 -0.001514000
v 0.036683000 -0.024668000 -0.001900000
v 0.036787000 -0.024679000 -0.001907000
v 0.036820000 -0.024607000 -0.001514000
v 0.036787000 -0.024679000 -0.001907000
v 0.037022000 -0.024550000 -0.001541000
v 0.037022000 -0.024550000 -0.001541000
v 0.036787000 -0.024679000 -0.001907000
v 0.036988000 -0.024623000 -0.001934000
v 0.037022000 -0.024550000 -0.001541000
v 0.036988000 -0.024623000 -0.001934000
v 0.037237000 -0.024417000 -0.001584000
v 0.037237000 -0.024417000 -0.001584000
v 0.036988000 -0.024623000 -0.001934000
v 0.037204000 -0.024489000 -0.001977000
v 0.037237000 -0.024417000 -0.001584000
v 0.037204000 -0.024489000 -0.001977000
v 0.037705000 -0.023976000 -0.001704000
v 0.037705000 -0.023976000 -0.001704000
v 0.037204000 -0.024489000 -0.001977000
v 0.037844000 -0.023855000 -0.002147000
v 0.037705000 -0.023976000 -0.001704000
v 0.037844000 -0.023855000 -0.002147000
v 0.039624000 -0.021152000 -0.002379000
v 0.039624000 -0.021152000 -0.002379000
v 0.037844000 -0.023855000 -0.002147000
v 0.038444000 -0.023071000 -0.002340000
v 0.039624000 -0.021152000 -0.002379000
v 0.038444000 -0.023071000 -0.002340000
v 0.040398000 -0.019631000 -0.003130000
v 0.040690000 -0.017723000 -0.003504000
v 0.040721000 -0.017650000 -0.003111000
v 0.040780000 -0.017820000 -0.003493000
v 0.040780000 -0.017820000 -0.003493000
v 0.040721000 -0.017650000 -0.003111000
v 0.040812000 -0.017748000 -0.003100000
v 0.040780000 -0.017820000 -0.003493000
v 0.040812000 -0.017748000 -0.003100000
v 0.040829000 -0.017962000 -0.003471000
v 0.040829000 -0.017962000 -0.003471000
v 0.040812000 -0.017748000 -0.003100000
v 0.040860000 -0.017891000 -0.003078000
v 0.040829000 -0.017962000 -0.003471000
v 0.040860000 -0.017891000 -0.003078000
v 0.040822000 -0.018334000 -0.003402000
v 0.040822000 -0.018334000 -0.003402000
v 0.040860000 -0.017891000 -0.003078000
v 0.040852000 -0.018262000 -0.003009000
v 0.040822000 -0.018334000 -0.003402000
v 0.040852000 -0.018262000 -0.003009000
v 0.040398000 -0.019631000 -0.003130000
v 0.040398000 -0.019631000 -0.003130000
v 0.040852000 -0.018262000 -0.003009000
v 0.040750000 -0.018694000 -0.002922000
v 0.040398000 -0.019631000 -0.003130000
v 0.040750000 -0.018694000 -0.002922000
v 0.039624000 -0.021152000 -0.002379000
v 0.040812000 -0.017748000 -0.003100000
v 0.040721000 -0.017650000 -0.003111000
v 0.038722000 -0.021125000 -0.002309000
v 0.040812000 -0.017748000 -0.003100000
v 0.038722000 -0.021125000 -0.002309000
v 0.036717000 -0.024596000 -0.001507000
v 0.040812000 -0.017748000 -0.003100000
v 0.036717000 -0.024596000 -0.001507000
v 0.036820000 -0.024607000 -0.001514000
v 0.040812000 -0.017748000 -0.003100000
v 0.036820000 -0.024607000 -0.001514000
v 0.037022000 -0.024550000 -0.001541000
v 0.040812000 -0.017748000 -0.003100000
v 0.037022000 -0.024550000 -0.001541000
v 0.040860000 -0.017891000 -0.003078000
v 0.039624000 -0.021152000 -0.002379000
v 0.040750000 -0.018694000 -0.002922000
v 0.037705000 -0.023976000 -0.001704000
v 0.037705000 -0.023976000 -0.001704000
v 0.040750000 -0.018694000 -0.002922000
v 0.040852000 -0.018262000 -0.003009000
v 0.037705000 -0.023976000 -0.001704000
v 0.040852000 -0.018262000 -0.003009000
v 0.037237000 -0.024417000 -0.001584000
v 0.037237000 -0.024417000 -0.001584000
v 0.040852000 -0.018262000 -0.003009000
v 0.040860000 -0.017891000 -0.003078000
v 0.037237000 -0.024417000 -0.001584000
v 0.040860000 -0.017891000 -0.003078000
v 0.037022000 -0.024550000 -0.001541000
v 0.011774000 -0.016068000 0.001177000
v 0.012587000 -0.016568000 0.000725000
v 0.014536000 -0.017566000 0.000954000
v 0.014536000 -0.017566000 0.000954000
v 0.012587000 -0.016568000 0.000725000
v 0.018161000 -0.019122000 0.000095000
v 0.014536000 -0.017566000 0.000954000
v 0.018161000 -0.019122000 0.000095000
v 0.019006000 -0.019382000 0.000379000
v 0.019006000 -0.019382000 0.000379000
v 0.018161000 -0.019122000 0.000095000
v 0.027066000 -0.021934000 -0.001138000
v 0.019006000 -0.019382000 0.000379000
v 0.027066000 -0.021934000 -0.001138000
v 0.026694000 -0.021769000 -0.000691000
v 0.026694000 -0.021769000 -0.000691000
v 0.027066000 -0.021934000 -0.001138000
v 0.036683000 -0.024668000 -0.001900000
v 0.026694000 -0.021769000 -0.000691000
v 0.036683000 -0.024668000 -0.001900000
v 0.036717000 -0.024596000 -0.001507000
v 0.008253000 -0.013428000 0.001161000
v 0.012587000 -0.016568000 0.000725000
v 0.011774000 -0.016068000 0.001177000
v 0.012587000 -0.016568000 0.000725000
v 0.008253000 -0.013428000 0.001161000
v 0.010022000 -0.014910000 0.000824000
v 0.010022000 -0.014910000 0.000824000
v 0.008253000 -0.013428000 0.001161000
v 0.005948000 -0.010995000 0.000843000
v 0.010022000 -0.014910000 0.000824000
v 0.005948000 -0.010995000 0.000843000
v 0.006007000 -0.011130000 0.000459000
v 0.006007000 -0.011130000 0.000459000
v 0.005948000 -0.010995000 0.000843000
v 0.002830000 -0.006081000 -0.000309000
v 0.006007000 -0.011130000 0.000459000
v 0.002830000 -0.006081000 -0.000309000
v 0.002816000 -0.006197000 -0.000693000
v 0.027066000 -0.021934000 -0.001138000
v 0.018161000 -0.019122000 0.000095000
v 0.021894000 -0.016807000 -0.000915000
v 0.007271000 -0.007841000 -0.000391000
v 0.010022000 -0.014910000 0.000824000
v 0.006007000 -0.011130000 0.000459000
v 0.040690000 -0.017723000 -0.003504000
v 0.029439000 -0.013632000 -0.003310000
v 0.029094000 -0.009990000 -0.004800000
v 0.029094000 -0.009990000 -0.004800000
v 0.029439000 -0.013632000 -0.003310000
v 0.022499000 -0.009462000 -0.003354000
v 0.012023000 -0.000942000 -0.005796000
v 0.017233000 -0.003036000 -0.006157000
v 0.014644000 -0.004974000 -0.003308000
v 0.014644000 -0.004974000 -0.003308000
v 0.005779000 -0.001027000 -0.003377000
v 0.012023000 -0.000942000 -0.005796000
v 0.006662000 0.000527000 -0.004667000
v 0.012023000 -0.000942000 -0.005796000
v 0.005779000 -0.001027000 -0.003377000
v 0.013034000 -0.007762000 -0.001206000
v 0.007271000 -0.007841000 -0.000391000
v 0.004844000 -0.002665000 -0.002285000
v 0.040690000 -0.017723000 -0.003504000
v 0.038684000 -0.021193000 -0.002702000
v 0.029439000 -0.013632000 -0.003310000
v 0.029439000 -0.013632000 -0.003310000
v 0.038684000 -0.021193000 -0.002702000
v 0.033308000 -0.018694000 -0.002550000
v 0.029439000 -0.013632000 -0.003310000
v 0.033308000 -0.018694000 -0.002550000
v 0.020817000 -0.012350000 -0.001630000
v 0.038684000 -0.021193000 -0.002702000
v 0.036683000 -0.024668000 -0.001900000
v 0.032066000 -0.020839000 -0.002005000
v 0.032066000 -0.020839000 -0.002005000
v 0.036683000 -0.024668000 -0.001900000
v 0.027066000 -0.021934000 -0.001138000
v 0.032066000 -0.020839000 -0.002005000
v 0.027066000 -0.021934000 -0.001138000
v 0.021894000 -0.016807000 -0.000915000
v 0.013034000 -0.007762000 -0.001206000
v 0.020817000 -0.012350000 -0.001630000
v 0.013713000 -0.012453000 0.000218000
v 0.013713000 -0.012453000 0.000218000
v 0.020817000 -0.012350000 -0.001630000
v 0.021894000 -0.016807000 -0.000915000
v 0.013713000 -0.012453000 0.000218000
v 0.021894000 -0.016807000 -0.000915000
v 0.012587000 -0.016568000 0.000725000
v 0.012587000 -0.016568000 0.000725000
v 0.021894000 -0.016807000 -0.000915000
v 0.018161000 -0.019122000 0.000095000
v 0.012587000 -0.016568000 0.000725000
v 0.010022000 -0.014910000 0.000824000
v 0.013713000 -0.012453000 0.000218000
v 0.013713000 -0.012453000 0.000218000
v 0.010022000 -0.014910000 0.000824000
v 0.007271000 -0.007841000 -0.000391000
v 0.013713000 -0.012453000 0.000218000
v 0.007271000 -0.007841000 -0.000391000
v 0.013034000 -0.007762000 -0.001206000
v 0.006007000 -0.011130000 0.000459000
v 0.002816000 -0.006197000 -0.000693000
v 0.007271000 -0.007841000 -0.000391000
v 0.007271000 -0.007841000 -0.000391000
v 0.002816000 -0.006197000 -0.000693000
v 0.003856000 -0.004388000 -0.001390000
v 0.007271000 -0.007841000 -0.000391000
v 0.003856000 -0.004388000 -0.001390000
v 0.004844000 -0.002665000 -0.002285000
v 0.014644000 -0.004974000 -0.003308000
v 0.017233000 -0.003036000 -0.006157000
v 0.022499000 -0.009462000 -0.003354000
v 0.022499000 -0.009462000 -0.003354000
v 0.017233000 -0.003036000 -0.006157000
v 0.022553000 -0.005859000 -0.005805000
v 0.022499000 -0.009462000 -0.003354000
v 0.022553000 -0.005859000 -0.005805000
v 0.029094000 -0.009990000 -0.004800000
v 0.004844000 -0.002665000 -0.002285000
v 0.005779000 -0.001027000 -0.003377000
v 0.013034000 -0.007762000 -0.001206000
v 0.013034000 -0.007762000 -0.001206000
v 0.005779000 -0.001027000 -0.003377000
v 0.014644000 -0.004974000 -0.003308000
v 0.013034000 -0.007762000 -0.001206000
v 0.014644000 -0.004974000 -0.003308000
v 0.020817000 -0.012350000 -0.001630000
v 0.020817000 -0.012350000 -0.001630000
v 0.014644000 -0.004974000 -0.003308000
v 0.022499000 -0.009462000 -0.003354000
v 0.020817000 -0.012350000 -0.001630000
v 0.022499000 -0.009462000 -0.003354000
v 0.029439000 -0.013632000 -0.003310000
v 0.021894000 -0.016807000 -0.000915000
v 0.020817000 -0.012350000 -0.001630000
v 0.032066000 -0.020839000 -0.002005000
v 0.032066000 -0.020839000 -0.002005000
v 0.020817000 -0.012350000 -0.001630000
v 0.033308000 -0.018694000 -0.002550000
v 0.032066000 -0.020839000 -0.002005000
v 0.033308000 -0.018694000 -0.002550000
v 0.038684000 -0.021193000 -0.002702000
v 0.040780000 -0.017820000 -0.003493000
v 0.040829000 -0.017962000 -0.003471000
v 0.036988000 -0.024623000 -0.001934000
v 0.040780000 -0.017820000 -0.003493000
v 0.036988000 -0.024623000 -0.001934000
v 0.036787000 -0.024679000 -0.001907000
v 0.040780000 -0.017820000 -0.003493000
v 0.036787000 -0.024679000 -0.001907000
v 0.036683000 -0.024668000 -0.001900000
v 0.040780000 -0.017820000 -0.003493000
v 0.036683000 -0.024668000 -0.001900000
v 0.038684000 -0.021193000 -0.002702000
v 0.040780000 -0.017820000 -0.003493000
v 0.038684000 -0.021193000 -0.002702000
v 0.040690000 -0.017723000 -0.003504000
v 0.036988000 -0.024623000 -0.001934000
v 0.040829000 -0.017962000 -0.003471000
v 0.037204000 -0.024489000 -0.001977000
v 0.037204000 -0.024489000 -0.001977000
v 0.040829000 -0.017962000 -0.003471000
v 0.040822000 -0.018334000 -0.003402000
v 0.037204000 -0.024489000 -0.001977000
v 0.040822000 -0.018334000 -0.003402000
v 0.037844000 -0.023855000 -0.002147000
v 0.037844000 -0.023855000 -0.002147000
v 0.040822000 -0.018334000 -0.003402000
v 0.040398000 -0.019631000 -0.003130000
v 0.037844000 -0.023855000 -0.002147000
v 0.040398000 -0.019631000 -0.003130000
v 0.038444000 -0.023071000 -0.002340000
v -0.003344000 0.004399000 -0.003973000
v -0.003298000 0.004417000 -0.004186000
v -0.003370000 0.004362000 -0.003997000
v -0.003298000 0.004417000 -0.004186000
v -0.003344000 0.004399000 -0.003973000
v -0.003267000 0.004467000 -0.004159000
v -0.003267000 0.004467000 -0.004159000
v -0.003344000 0.004399000 -0.003973000
v -0.003336000 0.004463000 -0.003971000
v -0.003267000 0.004467000 -0.004159000
v -0.003336000 0.004463000 -0.003971000
v -0.003264000 0.004531000 -0.004164000
v -0.003264000 0.004531000 -0.004164000
v -0.003336000 0.004463000 -0.003971000
v -0.003363000 0.004534000 -0.004008000
v -0.003264000 0.004531000 -0.004164000
v -0.003363000 0.004534000 -0.004008000
v -0.003288000 0.004588000 -0.004196000
v -0.003363000 0.004534000 -0.004008000
v -0.003960000 0.005470000 -0.004419000
v -0.003288000 0.004588000 -0.004196000
v -0.003288000 0.004588000 -0.004196000
v -0.003960000 0.005470000 -0.004419000
v -0.003835000 0.005467000 -0.004576000
v -0.003960000 0.005470000 -0.004419000
v -0.003974000 0.005513000 -0.004432000
v -0.003835000 0.005467000 -0.004576000
v -0.003835000 0.005467000 -0.004576000
v -0.003974000 0.005513000 -0.004432000
v -0.003849000 0.005508000 -0.004588000
v 0.003104000 0.004577000 -0.001035000
v 0.003134000 0.004535000 -0.000818000
v 0.003140000 0.004531000 -0.001032000
v 0.003134000 0.004535000 -0.000818000
v 0.003104000 0.004577000 -0.001035000
v 0.003098000 0.004581000 -0.000821000
v 0.003098000 0.004581000 -0.000821000
v 0.003104000 0.004577000 -0.001035000
v 0.003098000 0.004633000 -0.001015000
v 0.003098000 0.004581000 -0.000821000
v 0.003098000 0.004633000 -0.001015000
v 0.003092000 0.004636000 -0.000801000
v 0.003092000 0.004636000 -0.000801000
v 0.003098000 0.004633000 -0.001015000
v 0.003136000 0.004695000 -0.000965000
v 0.003092000 0.004636000 -0.000801000
v 0.003136000 0.004695000 -0.000965000
v 0.003128000 0.004699000 -0.000753000
v 0.003879000 0.005503000 -0.000405000
v 0.003838000 0.005443000 -0.000424000
v 0.003933000 0.005526000 -0.000597000
v 0.003933000 0.005526000 -0.000597000
v 0.003838000 0.005443000 -0.000424000
v 0.003892000 0.005466000 -0.000616000
v 0.003838000 0.005443000 -0.000424000
v 0.003128000 0.004699000 -0.000753000
v 0.003892000 0.005466000 -0.000616000
v 0.003892000 0.005466000 -0.000616000
v 0.003128000 0.004699000 -0.000753000
v 0.003136000 0.004695000 -0.000965000
v -0.005055000 0.044093000 -0.003209000
v -0.005197000 0.041183000 -0.003546000
v -0.006015000 0.030472000 -0.004493000
v -0.005055000 0.044093000 -0.003209000
v -0.005016000 0.044098000 -0.003406000
v -0.005197000 0.041183000 -0.003546000
v -0.005197000 0.041183000 -0.003546000
v -0.006060000 0.028267000 -0.004982000
v -0.006015000 0.030472000 -0.004493000
v -0.006417000 0.021616000 -0.005677000
v -0.006015000 0.030472000 -0.004493000
v -0.006060000 0.028267000 -0.004982000
v -0.006060000 0.028267000 -0.004982000
v -0.006237000 0.019397000 -0.005995000
v -0.006417000 0.021616000 -0.005677000
v -0.005961000 0.014077000 -0.005906000
v -0.006417000 0.021616000 -0.005677000
v -0.006237000 0.019397000 -0.005995000
v -0.006237000 0.019397000 -0.005995000
v -0.005579000 0.012556000 -0.005923000
v -0.005961000 0.014077000 -0.005906000
v -0.003849000 0.005508000 -0.004588000
v -0.003974000 0.005513000 -0.004432000
v -0.005579000 0.012556000 -0.005923000
v -0.005579000 0.012556000 -0.005923000
v -0.003974000 0.005513000 -0.004432000
v -0.004357000 0.006710000 -0.004764000
v -0.005579000 0.012556000 -0.005923000
v -0.004357000 0.006710000 -0.004764000
v -0.005961000 0.014077000 -0.005906000
v 0.002963000 0.044098000 -0.001605000
v 0.003507000 0.041945000 -0.001510000
v 0.003002000 0.044101000 -0.001802000
v 0.003507000 0.041945000 -0.001510000
v 0.006405000 0.030477000 -0.000527000
v 0.003002000 0.044101000 -0.001802000
v 0.006705000 0.029028000 -0.000125000
v 0.006405000 0.030477000 -0.000527000
v 0.003507000 0.041945000 -0.001510000
v 0.007877000 0.022298000 0.000558000
v 0.006405000 0.030477000 -0.000527000
v 0.006705000 0.029028000 -0.000125000
v 0.006845000 0.011390000 0.000642000
v 0.007963000 0.016823000 0.000918000
v 0.007873000 0.016036000 0.001123000
v 0.006546000 0.010614000 0.000738000
v 0.006845000 0.011390000 0.000642000
v 0.007873000 0.016036000 0.001123000
v 0.006705000 0.029028000 -0.000125000
v 0.007937000 0.021527000 0.000838000
v 0.007877000 0.022298000 0.000558000
v 0.007877000 0.022298000 0.000558000
v 0.007937000 0.021527000 0.000838000
v 0.007873000 0.016036000 0.001123000
v 0.007877000 0.022298000 0.000558000
v 0.007873000 0.016036000 0.001123000
v 0.007963000 0.016823000 0.000918000
v 0.006845000 0.011390000 0.000642000
v 0.006546000 0.010614000 0.000738000
v 0.004066000 0.005728000 -0.000536000
v 0.004066000 0.005728000 -0.000536000
v 0.006546000 0.010614000 0.000738000
v 0.003879000 0.005503000 -0.000405000
v 0.004066000 0.005728000 -0.000536000
v 0.003879000 0.005503000 -0.000405000
v 0.003933000 0.005526000 -0.000597000
v 0.001618000 0.044705000 -0.001864000
v -0.002317000 0.044873000 -0.002850000
v -0.003305000 0.044786000 -0.002845000
v -0.003305000 0.044786000 -0.002845000
v -0.002317000 0.044873000 -0.002850000
v -0.004433000 0.044560000 -0.003279000
v -0.003305000 0.044786000 -0.002845000
v -0.004433000 0.044560000 -0.003279000
v -0.004526000 0.044537000 -0.003094000
v -0.004526000 0.044537000 -0.003094000
v -0.004433000 0.044560000 -0.003279000
v -0.004827000 0.044377000 -0.003361000
v 0.002963000 0.044098000 -0.001605000
v 0.003002000 0.044101000 -0.001802000
v 0.002950000 0.044136000 -0.001607000
v 0.002950000 0.044136000 -0.001607000
v 0.003002000 0.044101000 -0.001802000
v 0.002990000 0.044139000 -0.001803000
v 0.002950000 0.044136000 -0.001607000
v 0.002990000 0.044139000 -0.001803000
v 0.002843000 0.044282000 -0.001626000
v 0.002843000 0.044282000 -0.001626000
v 0.002990000 0.044139000 -0.001803000
v 0.002971000 0.044179000 -0.001807000
v 0.002843000 0.044282000 -0.001626000
v 0.002971000 0.044179000 -0.001807000
v 0.002849000 0.044314000 -0.001829000
v 0.002843000 0.044282000 -0.001626000
v 0.002849000 0.044314000 -0.001829000
v 0.002589000 0.044441000 -0.001674000
v 0.002589000 0.044441000 -0.001674000
v 0.002849000 0.044314000 -0.001829000
v 0.002610000 0.044453000 -0.001874000
v 0.002589000 0.044441000 -0.001674000
v 0.002610000 0.044453000 -0.001874000
v 0.001618000 0.044705000 -0.001864000
v 0.001618000 0.044705000 -0.001864000
v 0.002610000 0.044453000 -0.001874000
v 0.001827000 0.044679000 -0.002027000
v 0.001618000 0.044705000 -0.001864000
v 0.001827000 0.044679000 -0.002027000
v -0.002317000 0.044873000 -0.002850000
v -0.005016000 0.044098000 -0.003406000
v -0.005055000 0.044093000 -0.003209000
v -0.005015000 0.044108000 -0.003405000
v -0.005015000 0.044108000 -0.003405000
v -0.005055000 0.044093000 -0.003209000
v -0.005054000 0.044104000 -0.003208000
v -0.005015000 0.044108000 -0.003405000
v -0.005054000 0.044104000 -0.003208000
v -0.004976000 0.044226000 -0.003394000
v -0.004976000 0.044226000 -0.003394000
v -0.005054000 0.044104000 -0.003208000
v -0.005014000 0.044222000 -0.003198000
v -0.004976000 0.044226000 -0.003394000
v -0.005014000 0.044222000 -0.003198000
v -0.004827000 0.044377000 -0.003361000
v -0.004827000 0.044377000 -0.003361000
v -0.005014000 0.044222000 -0.003198000
v -0.004908000 0.044341000 -0.003174000
v -0.004827000 0.044377000 -0.003361000
v -0.004908000 0.044341000 -0.003174000
v -0.004526000 0.044537000 -0.003094000
v -0.000402000 0.005498000 -0.001984000
v -0.002222000 0.005505000 -0.003044000
v -0.003950000 0.005514000 -0.004285000
v -0.000402000 0.005498000 -0.001984000
v -0.003950000 0.005514000 -0.004285000
v -0.003371000 0.004603000 -0.003884000
v -0.000402000 0.005498000 -0.001984000
v -0.003371000 0.004603000 -0.003884000
v -0.003302000 0.004472000 -0.003849000
v -0.000402000 0.005498000 -0.001984000
v -0.003302000 0.004472000 -0.003849000
v -0.003298000 0.004417000 -0.003852000
v 0.002965000 0.004647000 -0.000708000
v 0.003038000 0.004761000 -0.000663000
v 0.000432000 0.005496000 -0.001573000
v 0.003038000 0.004761000 -0.000663000
v 0.003732000 0.005492000 -0.000343000
v 0.000432000 0.005496000 -0.001573000
v -0.004977000 0.044084000 -0.003091000
v -0.001068000 0.044097000 -0.002309000
v -0.004976000 0.044091000 -0.003091000
v -0.002186000 0.015146000 -0.002180000
v -0.002222000 0.005505000 -0.003044000
v -0.000402000 0.005498000 -0.001984000
v -0.005771000 0.012728000 -0.005667000
v -0.002222000 0.005505000 -0.003044000
v -0.002186000 0.015146000 -0.002180000
v 0.001084000 0.038203000 -0.001790000
v 0.003393000 0.041920000 -0.001429000
v 0.002848000 0.044072000 -0.001527000
v 0.001084000 0.038203000 -0.001790000
v 0.006884000 0.027658000 0.000153000
v 0.003393000 0.041920000 -0.001429000
v -0.002131000 0.024242000 -0.002355000
v -0.002064000 0.032306000 -0.002566000
v -0.005972000 0.030450000 -0.004359000
v -0.006420000 0.020919000 -0.005601000
v -0.002131000 0.024242000 -0.002355000
v -0.005972000 0.030450000 -0.004359000
v -0.005771000 0.012728000 -0.005667000
v -0.002186000 0.015146000 -0.002180000
v -0.006420000 0.020919000 -0.005601000
v -0.002131000 0.024242000 -0.002355000
v 0.002335000 0.027406000 -0.000861000
v -0.002064000 0.032306000 -0.002566000
v -0.005972000 0.030450000 -0.004359000
v -0.002064000 0.032306000 -0.002566000
v -0.004977000 0.044084000 -0.003091000
v -0.004977000 0.044084000 -0.003091000
v -0.002064000 0.032306000 -0.002566000
v 0.001084000 0.038203000 -0.001790000
v -0.004977000 0.044084000 -0.003091000
v 0.001084000 0.038203000 -0.001790000
v -0.001068000 0.044097000 -0.002309000
v -0.001068000 0.044097000 -0.002309000
v 0.001084000 0.038203000 -0.001790000
v 0.002848000 0.044072000 -0.001527000
v -0.001068000 0.044097000 -0.002309000
v 0.002848000 0.044072000 -0.001527000
v 0.002840000 0.044097000 -0.001528000
v -0.003950000 0.005514000 -0.004285000
v -0.002222000 0.005505000 -0.003044000
v -0.003964000 0.005555000 -0.004297000
v -0.003964000 0.005555000 -0.004297000
v -0.002222000 0.005505000 -0.003044000
v -0.005771000 0.012728000 -0.005667000
v -0.003964000 0.005555000 -0.004297000
v -0.005771000 0.012728000 -0.005667000
v -0.004256000 0.006435000 -0.004545000
v 0.002493000 0.018112000 0.000231000
v -0.002186000 0.015146000 -0.002180000
v 0.001958000 0.010177000 -0.000395000
v 0.001958000 0.010177000 -0.000395000
v -0.002186000 0.015146000 -0.002180000
v -0.000402000 0.005498000 -0.001984000
v 0.001958000 0.010177000 -0.000395000
v -0.000402000 0.005498000 -0.001984000
v -0.000003000 0.005513000 -0.001780000
v -0.000003000 0.005513000 -0.001780000
v 0.000432000 0.005496000 -0.001573000
v 0.001958000 0.010177000 -0.000395000
v 0.001958000 0.010177000 -0.000395000
v 0.000432000 0.005496000 -0.001573000
v 0.003732000 0.005492000 -0.000343000
v 0.001958000 0.010177000 -0.000395000
v 0.003732000 0.005492000 -0.000343000
v 0.003772000 0.005550000 -0.000325000
v 0.003772000 0.005550000 -0.000325000
v 0.006899000 0.011968000 0.000996000
v 0.001958000 0.010177000 -0.000395000
v 0.001958000 0.010177000 -0.000395000
v 0.006899000 0.011968000 0.000996000
v 0.007939000 0.018788000 0.001146000
v 0.001958000 0.010177000 -0.000395000
v 0.007939000 0.018788000 0.001146000
v 0.002493000 0.018112000 0.000231000
v 0.002493000 0.018112000 0.000231000
v 0.007939000 0.018788000 0.001146000
v 0.006884000 0.027658000 0.000153000
v 0.002493000 0.018112000 0.000231000
v 0.006884000 0.027658000 0.000153000
v 0.002335000 0.027406000 -0.000861000
v 0.002335000 0.027406000 -0.000861000
v 0.006884000 0.027658000 0.000153000
v 0.001084000 0.038203000 -0.001790000
v 0.002335000 0.027406000 -0.000861000
v 0.001084000 0.038203000 -0.001790000
v -0.002064000 0.032306000 -0.002566000
v -0.006420000 0.020919000 -0.005601000
v -0.002186000 0.015146000 -0.002180000
v -0.002131000 0.024242000 -0.002355000
v -0.002131000 0.024242000 -0.002355000
v -0.002186000 0.015146000 -0.002180000
v 0.002493000 0.018112000 0.000231000
v -0.002131000 0.024242000 -0.002355000
v 0.002493000 0.018112000 0.000231000
v 0.002335000 0.027406000 -0.000861000
v -0.001068000 0.044097000 -0.002309000
v -0.004923000 0.044206000 -0.003078000
v -0.004976000 0.044091000 -0.003091000
v 0.002724000 0.044234000 -0.001549000
v -0.001068000 0.044097000 -0.002309000
v 0.002840000 0.044097000 -0.001528000
v -0.001068000 0.044097000 -0.002309000
v 0.002724000 0.044234000 -0.001549000
v -0.004923000 0.044206000 -0.003078000
v -0.004923000 0.044206000 -0.003078000
v 0.002724000 0.044234000 -0.001549000
v 0.002404000 0.044399000 -0.001610000
v -0.004923000 0.044206000 -0.003078000
v 0.002404000 0.044399000 -0.001610000
v -0.004745000 0.044339000 -0.003040000
v -0.004745000 0.044339000 -0.003040000
v 0.002404000 0.044399000 -0.001610000
v 0.000323000 0.044745000 -0.002021000
v -0.004745000 0.044339000 -0.003040000
v 0.000323000 0.044745000 -0.002021000
v -0.003960000 0.044584000 -0.002879000
v 0.003046000 0.004595000 -0.000732000
v 0.003048000 0.004616000 -0.000729000
v 0.002965000 0.004647000 -0.000708000
v 0.003098000 0.004581000 -0.000821000
v 0.003112000 0.004550000 -0.000797000
v 0.003134000 0.004535000 -0.000818000
v 0.003098000 0.004581000 -0.000821000
v 0.003046000 0.004595000 -0.000732000
v 0.003112000 0.004550000 -0.000797000
v 0.003105000 0.004701000 -0.000706000
v 0.003092000 0.004636000 -0.000801000
v 0.003128000 0.004699000 -0.000753000
v 0.003105000 0.004701000 -0.000706000
v 0.003048000 0.004616000 -0.000729000
v 0.003092000 0.004636000 -0.000801000
v 0.003092000 0.004636000 -0.000801000
v 0.003048000 0.004616000 -0.000729000
v 0.003046000 0.004595000 -0.000732000
v 0.003092000 0.004636000 -0.000801000
v 0.003046000 0.004595000 -0.000732000
v 0.003098000 0.004581000 -0.000821000
v 0.003038000 0.004761000 -0.000663000
v 0.002965000 0.004647000 -0.000708000
v 0.003072000 0.004723000 -0.000673000
v 0.003072000 0.004723000 -0.000673000
v 0.002965000 0.004647000 -0.000708000
v 0.003048000 0.004616000 -0.000729000
v 0.003072000 0.004723000 -0.000673000
v 0.003048000 0.004616000 -0.000729000
v 0.003105000 0.004701000 -0.000706000
v -0.003337000 0.004415000 -0.003905000
v -0.003366000 0.004525000 -0.003921000
v -0.003336000 0.004463000 -0.003971000
v -0.003344000 0.004382000 -0.003912000
v -0.003298000 0.004417000 -0.003852000
v -0.003337000 0.004415000 -0.003905000
v -0.003337000 0.004415000 -0.003905000
v -0.003298000 0.004417000 -0.003852000
v -0.003302000 0.004472000 -0.003849000
v -0.003337000 0.004415000 -0.003905000
v -0.003302000 0.004472000 -0.003849000
v -0.003366000 0.004525000 -0.003921000
v -0.003366000 0.004525000 -0.003921000
v -0.003302000 0.004472000 -0.003849000
v -0.003371000 0.004603000 -0.003884000
v -0.003366000 0.004525000 -0.003921000
v -0.003371000 0.004603000 -0.003884000
v -0.003388000 0.004566000 -0.003916000
v -0.003388000 0.004566000 -0.003916000
v -0.003385000 0.004540000 -0.003961000
v -0.003366000 0.004525000 -0.003921000
v -0.003366000 0.004525000 -0.003921000
v -0.003385000 0.004540000 -0.003961000
v -0.003363000 0.004534000 -0.004008000
v -0.003366000 0.004525000 -0.003921000
v -0.003363000 0.004534000 -0.004008000
v -0.003336000 0.004463000 -0.003971000
v -0.003336000 0.004463000 -0.003971000
v -0.003344000 0.004399000 -0.003973000
v -0.003337000 0.004415000 -0.003905000
v -0.003337000 0.004415000 -0.003905000
v -0.003344000 0.004399000 -0.003973000
v -0.003370000 0.004362000 -0.003997000
v -0.003337000 0.004415000 -0.003905000
v -0.003370000 0.004362000 -0.003997000
v -0.003344000 0.004382000 -0.003912000
v -0.003978000 0.005493000 -0.004323000
v -0.003371000 0.004603000 -0.003884000
v -0.003950000 0.005514000 -0.004285000
v -0.003371000 0.004603000 -0.003884000
v -0.003978000 0.005493000 -0.004323000
v -0.003388000 0.004566000 -0.003916000
v -0.003388000 0.004566000 -0.003916000
v -0.003978000 0.005493000 -0.004323000
v -0.003981000 0.005477000 -0.004372000
v -0.003388000 0.004566000 -0.003916000
v -0.003981000 0.005477000 -0.004372000
v -0.003385000 0.004540000 -0.003961000
v -0.003385000 0.004540000 -0.003961000
v -0.003981000 0.005477000 -0.004372000
v -0.003960000 0.005470000 -0.004419000
v -0.003385000 0.004540000 -0.003961000
v -0.003960000 0.005470000 -0.004419000
v -0.003363000 0.004534000 -0.004008000
v -0.003992000 0.005534000 -0.004336000
v -0.003950000 0.005514000 -0.004285000
v -0.003964000 0.005555000 -0.004297000
v -0.003950000 0.005514000 -0.004285000
v -0.003992000 0.005534000 -0.004336000
v -0.003978000 0.005493000 -0.004323000
v -0.003978000 0.005493000 -0.004323000
v -0.003992000 0.005534000 -0.004336000
v -0.003996000 0.005519000 -0.004385000
v -0.003978000 0.005493000 -0.004323000
v -0.003996000 0.005519000 -0.004385000
v -0.003981000 0.005477000 -0.004372000
v -0.003981000 0.005477000 -0.004372000
v -0.003996000 0.005519000 -0.004385000
v -0.003974000 0.005513000 -0.004432000
v -0.003981000 0.005477000 -0.004372000
v -0.003974000 0.005513000 -0.004432000
v -0.003960000 0.005470000 -0.004419000
v -0.006417000 0.021616000 -0.005677000
v -0.006355000 0.025026000 -0.005193000
v -0.006015000 0.030472000 -0.004493000
v -0.006355000 0.025026000 -0.005193000
v -0.006420000 0.020919000 -0.005601000
v -0.005972000 0.030450000 -0.004359000
v -0.006355000 0.025026000 -0.005193000
v -0.005972000 0.030450000 -0.004359000
v -0.005023000 0.044088000 -0.003114000
v -0.003974000 0.005513000 -0.004432000
v -0.003996000 0.005519000 -0.004385000
v -0.004357000 0.006710000 -0.004764000
v -0.004977000 0.044084000 -0.003091000
v -0.005023000 0.044088000 -0.003114000
v -0.005972000 0.030450000 -0.004359000
v -0.006355000 0.025026000 -0.005193000
v -0.005023000 0.044088000 -0.003114000
v -0.005052000 0.044091000 -0.003157000
v -0.006355000 0.025026000 -0.005193000
v -0.005052000 0.044091000 -0.003157000
v -0.006015000 0.030472000 -0.004493000
v -0.005055000 0.044093000 -0.003209000
v -0.006015000 0.030472000 -0.004493000
v -0.005052000 0.044091000 -0.003157000
v -0.005997000 0.014076000 -0.005838000
v -0.003992000 0.005534000 -0.004336000
v -0.003964000 0.005555000 -0.004297000
v -0.005997000 0.014076000 -0.005838000
v -0.003964000 0.005555000 -0.004297000
v -0.004256000 0.006435000 -0.004545000
v -0.005997000 0.014076000 -0.005838000
v -0.004256000 0.006435000 -0.004545000
v -0.005771000 0.012728000 -0.005667000
v -0.005997000 0.014076000 -0.005838000
v -0.005771000 0.012728000 -0.005667000
v -0.006420000 0.020919000 -0.005601000
v -0.005997000 0.014076000 -0.005838000
v -0.006420000 0.020919000 -0.005601000
v -0.006355000 0.025026000 -0.005193000
v -0.005997000 0.014076000 -0.005838000
v -0.006355000 0.025026000 -0.005193000
v -0.006417000 0.021616000 -0.005677000
v -0.005997000 0.014076000 -0.005838000
v -0.006417000 0.021616000 -0.005677000
v -0.005961000 0.014077000 -0.005906000
v -0.005997000 0.014076000 -0.005838000
v -0.005961000 0.014077000 -0.005906000
v -0.004357000 0.006710000 -0.004764000
v -0.005997000 0.014076000 -0.005838000
v -0.004357000 0.006710000 -0.004764000
v -0.003996000 0.005519000 -0.004385000
v -0.005997000 0.014076000 -0.005838000
v -0.003996000 0.005519000 -0.004385000
v -0.003992000 0.005534000 -0.004336000
v -0.004977000 0.044084000 -0.003091000
v -0.004976000 0.044091000 -0.003091000
v -0.005023000 0.044088000 -0.003114000
v -0.005023000 0.044088000 -0.003114000
v -0.004976000 0.044091000 -0.003091000
v -0.005022000 0.044097000 -0.003114000
v -0.005023000 0.044088000 -0.003114000
v -0.005022000 0.044097000 -0.003114000
v -0.005052000 0.044091000 -0.003157000
v -0.005052000 0.044091000 -0.003157000
v -0.005022000 0.044097000 -0.003114000
v -0.005051000 0.044102000 -0.003157000
v -0.005052000 0.044091000 -0.003157000
v -0.005051000 0.044102000 -0.003157000
v -0.005055000 0.044093000 -0.003209000
v -0.005055000 0.044093000 -0.003209000
v -0.005051000 0.044102000 -0.003157000
v -0.005054000 0.044104000 -0.003208000
v 0.002771000 0.044291000 -0.001568000
v 0.002928000 0.044130000 -0.001561000
v 0.002843000 0.044282000 -0.001626000
v 0.002434000 0.044466000 -0.001633000
v 0.002589000 0.044441000 -0.001674000
v 0.001618000 0.044705000 -0.001864000
v -0.003305000 0.044786000 -0.002845000
v -0.004327000 0.044571000 -0.002981000
v -0.003960000 0.044584000 -0.002879000
v -0.003960000 0.044584000 -0.002879000
v 0.000323000 0.044745000 -0.002021000
v -0.003305000 0.044786000 -0.002845000
v -0.003305000 0.044786000 -0.002845000
v 0.000323000 0.044745000 -0.002021000
v 0.001618000 0.044705000 -0.001864000
v 0.000323000 0.044745000 -0.002021000
v 0.002434000 0.044466000 -0.001633000
v 0.001618000 0.044705000 -0.001864000
v -0.004526000 0.044537000 -0.003094000
v -0.004925000 0.044298000 -0.003106000
v -0.004327000 0.044571000 -0.002981000
v -0.004526000 0.044537000 -0.003094000
v -0.004327000 0.044571000 -0.002981000
v -0.003305000 0.044786000 -0.002845000
v -0.003960000 0.044584000 -0.002879000
v -0.004327000 0.044571000 -0.002981000
v -0.004745000 0.044339000 -0.003040000
v -0.004925000 0.044298000 -0.003106000
v -0.004745000 0.044339000 -0.003040000
v -0.004327000 0.044571000 -0.002981000
v -0.005054000 0.044104000 -0.003208000
v -0.005051000 0.044102000 -0.003157000
v -0.005014000 0.044222000 -0.003198000
v 0.002950000 0.044136000 -0.001607000
v 0.002843000 0.044282000 -0.001626000
v 0.002928000 0.044130000 -0.001561000
v 0.002434000 0.044466000 -0.001633000
v 0.000323000 0.044745000 -0.002021000
v 0.002404000 0.044399000 -0.001610000
v -0.004925000 0.044298000 -0.003106000
v -0.004526000 0.044537000 -0.003094000
v -0.004908000 0.044341000 -0.003174000
v 0.002404000 0.044399000 -0.001610000
v 0.002724000 0.044234000 -0.001549000
v 0.002434000 0.044466000 -0.001633000
v 0.002434000 0.044466000 -0.001633000
v 0.002724000 0.044234000 -0.001549000
v 0.002771000 0.044291000 -0.001568000
v 0.002434000 0.044466000 -0.001633000
v 0.002771000 0.044291000 -0.001568000
v 0.002589000 0.044441000 -0.001674000
v 0.002589000 0.044441000 -0.001674000
v 0.002771000 0.044291000 -0.001568000
v 0.002843000 0.044282000 -0.001626000
v -0.004908000 0.044341000 -0.003174000
v -0.005014000 0.044222000 -0.003198000
v -0.004925000 0.044298000 -0.003106000
v -0.004925000 0.044298000 -0.003106000
v -0.005014000 0.044222000 -0.003198000
v -0.005051000 0.044102000 -0.003157000
v -0.004925000 0.044298000 -0.003106000
v -0.005051000 0.044102000 -0.003157000
v -0.005022000 0.044097000 -0.003114000
v -0.005022000 0.044097000 -0.003114000
v -0.004976000 0.044091000 -0.003091000
v -0.004925000 0.044298000 -0.003106000
v -0.004925000 0.044298000 -0.003106000
v -0.004976000 0.044091000 -0.003091000
v -0.004923000 0.044206000 -0.003078000
v -0.004925000 0.044298000 -0.003106000
v -0.004923000 0.044206000 -0.003078000
v -0.004745000 0.044339000 -0.003040000
v 0.002724000 0.044234000 -0.001549000
v 0.002840000 0.044097000 -0.001528000
v 0.002771000 0.044291000 -0.001568000
v 0.002771000 0.044291000 -0.001568000
v 0.002840000 0.044097000 -0.001528000
v 0.002888000 0.044116000 -0.001532000
v 0.002771000 0.044291000 -0.001568000
v 0.002888000 0.044116000 -0.001532000
v 0.002928000 0.044130000 -0.001561000
v 0.002840000 0.044097000 -0.001528000
v 0.002848000 0.044072000 -0.001527000
v 0.002888000 0.044116000 -0.001532000
v 0.002888000 0.044116000 -0.001532000
v 0.002848000 0.044072000 -0.001527000
v 0.002898000 0.044084000 -0.001530000
v 0.002888000 0.044116000 -0.001532000
v 0.002898000 0.044084000 -0.001530000
v 0.002928000 0.044130000 -0.001561000
v 0.002928000 0.044130000 -0.001561000
v 0.002898000 0.044084000 -0.001530000
v 0.002940000 0.044094000 -0.001559000
v 0.002928000 0.044130000 -0.001561000
v 0.002940000 0.044094000 -0.001559000
v 0.002950000 0.044136000 -0.001607000
v 0.002950000 0.044136000 -0.001607000
v 0.002940000 0.044094000 -0.001559000
v 0.002963000 0.044098000 -0.001605000
v 0.007095000 0.026991000 0.000229000
v 0.008011000 0.018786000 0.001119000
v 0.007937000 0.021527000 0.000838000
v 0.006705000 0.029028000 -0.000125000
v 0.007095000 0.026991000 0.000229000
v 0.007937000 0.021527000 0.000838000
v 0.006705000 0.029028000 -0.000125000
v 0.002940000 0.044094000 -0.001559000
v 0.007095000 0.026991000 0.000229000
v 0.006884000 0.027658000 0.000153000
v 0.007939000 0.018788000 0.001146000
v 0.007095000 0.026991000 0.000229000
v 0.008011000 0.018786000 0.001119000
v 0.006899000 0.011968000 0.000996000
v 0.006509000 0.010618000 0.000805000
v 0.003507000 0.041945000 -0.001510000
v 0.002940000 0.044094000 -0.001559000
v 0.006705000 0.029028000 -0.000125000
v 0.002940000 0.044094000 -0.001559000
v 0.003507000 0.041945000 -0.001510000
v 0.002963000 0.044098000 -0.001605000
v 0.008011000 0.018786000 0.001119000
v 0.007095000 0.026991000 0.000229000
v 0.007939000 0.018788000 0.001146000
v 0.007939000 0.018788000 0.001146000
v 0.006899000 0.011968000 0.000996000
v 0.008011000 0.018786000 0.001119000
v 0.002898000 0.044084000 -0.001530000
v 0.002848000 0.044072000 -0.001527000
v 0.003393000 0.041920000 -0.001429000
v 0.002898000 0.044084000 -0.001530000
v 0.003393000 0.041920000 -0.001429000
v 0.006884000 0.027658000 0.000153000
v 0.002898000 0.044084000 -0.001530000
v 0.006884000 0.027658000 0.000153000
v 0.007095000 0.026991000 0.000229000
v 0.002898000 0.044084000 -0.001530000
v 0.007095000 0.026991000 0.000229000
v 0.002940000 0.044094000 -0.001559000
v 0.003855000 0.005505000 -0.000359000
v 0.006509000 0.010618000 0.000805000
v 0.003816000 0.005523000 -0.000330000
v 0.003816000 0.005523000 -0.000330000
v 0.006509000 0.010618000 0.000805000
v 0.006899000 0.011968000 0.000996000
v 0.003816000 0.005523000 -0.000330000
v 0.006899000 0.011968000 0.000996000
v 0.003772000 0.005550000 -0.000325000
v 0.007937000 0.021527000 0.000838000
v 0.008011000 0.018786000 0.001119000
v 0.007873000 0.016036000 0.001123000
v 0.007873000 0.016036000 0.001123000
v 0.008011000 0.018786000 0.001119000
v 0.006509000 0.010618000 0.000805000
v 0.007873000 0.016036000 0.001123000
v 0.006509000 0.010618000 0.000805000
v 0.006546000 0.010614000 0.000738000
v 0.006546000 0.010614000 0.000738000
v 0.006509000 0.010618000 0.000805000
v 0.003855000 0.005505000 -0.000359000
v 0.006546000 0.010614000 0.000738000
v 0.003855000 0.005505000 -0.000359000
v 0.003879000 0.005503000 -0.000405000
v 0.003775000 0.005464000 -0.000349000
v 0.003772000 0.005550000 -0.000325000
v 0.003732000 0.005492000 -0.000343000
v 0.003772000 0.005550000 -0.000325000
v 0.003775000 0.005464000 -0.000349000
v 0.003816000 0.005523000 -0.000330000
v 0.003816000 0.005523000 -0.000330000
v 0.003775000 0.005464000 -0.000349000
v 0.003814000 0.005446000 -0.000378000
v 0.003816000 0.005523000 -0.000330000
v 0.003814000 0.005446000 -0.000378000
v 0.003855000 0.005505000 -0.000359000
v 0.003855000 0.005505000 -0.000359000
v 0.003814000 0.005446000 -0.000378000
v 0.003838000 0.005443000 -0.000424000
v 0.003855000 0.005505000 -0.000359000
v 0.003838000 0.005443000 -0.000424000
v 0.003879000 0.005503000 -0.000405000
v 0.003072000 0.004723000 -0.000673000
v 0.003732000 0.005492000 -0.000343000
v 0.003038000 0.004761000 -0.000663000
v 0.003732000 0.005492000 -0.000343000
v 0.003072000 0.004723000 -0.000673000
v 0.003775000 0.005464000 -0.000349000
v 0.003775000 0.005464000 -0.000349000
v 0.003072000 0.004723000 -0.000673000
v 0.003105000 0.004701000 -0.000706000
v 0.003775000 0.005464000 -0.000349000
v 0.003105000 0.004701000 -0.000706000
v 0.003814000 0.005446000 -0.000378000
v 0.003814000 0.005446000 -0.000378000
v 0.003105000 0.004701000 -0.000706000
v 0.003128000 0.004699000 -0.000753000
v 0.003814000 0.005446000 -0.000378000
v 0.003128000 0.004699000 -0.000753000
v 0.003838000 0.005443000 -0.000424000
v 0.003107000 0.004794000 -0.001062000
v 0.001816000 0.005534000 -0.001412000
v 0.003840000 0.005537000 -0.000727000
v 0.003107000 0.004794000 -0.001062000
v 0.003033000 0.004684000 -0.001108000
v 0.001816000 0.005534000 -0.001412000
v -0.003701000 0.005507000 -0.004599000
v -0.001955000 0.005518000 -0.003348000
v -0.000113000 0.005527000 -0.002285000
v 0.003033000 0.004684000 -0.001108000
v 0.003029000 0.004606000 -0.001125000
v 0.001816000 0.005534000 -0.001412000
v 0.001816000 0.005534000 -0.001412000
v 0.003029000 0.004606000 -0.001125000
v -0.000003000 0.005513000 -0.002230000
v 0.001816000 0.005534000 -0.001412000
v -0.000003000 0.005513000 -0.002230000
v -0.000113000 0.005527000 -0.002285000
v -0.003701000 0.005507000 -0.004599000
v -0.000113000 0.005527000 -0.002285000
v -0.003180000 0.004671000 -0.004235000
v -0.003180000 0.004671000 -0.004235000
v -0.000113000 0.005527000 -0.002285000
v -0.000003000 0.005513000 -0.002230000
v -0.003180000 0.004671000 -0.004235000
v -0.000003000 0.005513000 -0.002230000
v -0.003116000 0.004547000 -0.004202000
v -0.003714000 0.005546000 -0.004610000
v -0.001955000 0.005518000 -0.003348000
v -0.003701000 0.005507000 -0.004599000
v -0.003714000 0.005546000 -0.004610000
v -0.005198000 0.011244000 -0.005768000
v -0.001955000 0.005518000 -0.003348000
v -0.004897000 0.044100000 -0.003484000
v -0.000989000 0.044098000 -0.002703000
v -0.004898000 0.044093000 -0.003484000
v 0.001816000 0.005534000 -0.001412000
v -0.000113000 0.005527000 -0.002285000
v 0.002101000 0.010217000 -0.000768000
v 0.002926000 0.044078000 -0.001920000
v 0.006325000 0.030443000 -0.000639000
v 0.001166000 0.038191000 -0.002183000
v 0.001166000 0.038191000 -0.002183000
v 0.006325000 0.030443000 -0.000639000
v 0.002448000 0.027366000 -0.001243000
v 0.002448000 0.027366000 -0.001243000
v 0.006325000 0.030443000 -0.000639000
v 0.007846000 0.021595000 0.000524000
v 0.002448000 0.027366000 -0.001243000
v 0.007846000 0.021595000 0.000524000
v 0.002613000 0.018104000 -0.000151000
v 0.007846000 0.021595000 0.000524000
v 0.007611000 0.014789000 0.000795000
v 0.002613000 0.018104000 -0.000151000
v 0.002101000 0.010217000 -0.000768000
v 0.002613000 0.018104000 -0.000151000
v 0.007611000 0.014789000 0.000795000
v 0.003840000 0.005537000 -0.000727000
v 0.001816000 0.005534000 -0.001412000
v 0.003880000 0.005595000 -0.000709000
v -0.005077000 0.041180000 -0.003620000
v -0.001930000 0.032308000 -0.002944000
v -0.005883000 0.028943000 -0.004924000
v -0.005883000 0.028943000 -0.004924000
v -0.001930000 0.032308000 -0.002944000
v -0.001941000 0.024210000 -0.002707000
v -0.005883000 0.028943000 -0.004924000
v -0.001941000 0.024210000 -0.002707000
v -0.006096000 0.019401000 -0.005986000
v -0.001941000 0.024210000 -0.002707000
v -0.001958000 0.015170000 -0.002509000
v -0.006096000 0.019401000 -0.005986000
v -0.006096000 0.019401000 -0.005986000
v -0.001958000 0.015170000 -0.002509000
v -0.005198000 0.011244000 -0.005768000
v 0.001166000 0.038191000 -0.002183000
v 0.002448000 0.027366000 -0.001243000
v -0.001930000 0.032308000 -0.002944000
v -0.001930000 0.032308000 -0.002944000
v 0.002448000 0.027366000 -0.001243000
v -0.001941000 0.024210000 -0.002707000
v -0.001941000 0.024210000 -0.002707000
v 0.002448000 0.027366000 -0.001243000
v 0.002613000 0.018104000 -0.000151000
v -0.001941000 0.024210000 -0.002707000
v 0.002613000 0.018104000 -0.000151000
v -0.001958000 0.015170000 -0.002509000
v 0.002101000 0.010217000 -0.000768000
v -0.001958000 0.015170000 -0.002509000
v 0.002613000 0.018104000 -0.000151000
v 0.002919000 0.044103000 -0.001921000
v 0.002926000 0.044078000 -0.001920000
v -0.000989000 0.044098000 -0.002703000
v -0.000989000 0.044098000 -0.002703000
v 0.002926000 0.044078000 -0.001920000
v 0.001166000 0.038191000 -0.002183000
v -0.000989000 0.044098000 -0.002703000
v 0.001166000 0.038191000 -0.002183000
v -0.004898000 0.044093000 -0.003484000
v -0.004898000 0.044093000 -0.003484000
v 0.001166000 0.038191000 -0.002183000
v -0.001930000 0.032308000 -0.002944000
v -0.004898000 0.044093000 -0.003484000
v -0.001930000 0.032308000 -0.002944000
v -0.005077000 0.041180000 -0.003620000
v 0.002101000 0.010217000 -0.000768000
v -0.000113000 0.005527000 -0.002285000
v -0.001958000 0.015170000 -0.002509000
v -0.001958000 0.015170000 -0.002509000
v -0.000113000 0.005527000 -0.002285000
v -0.001955000 0.005518000 -0.003348000
v -0.001958000 0.015170000 -0.002509000
v -0.001955000 0.005518000 -0.003348000
v -0.005198000 0.011244000 -0.005768000
v 0.003880000 0.005595000 -0.000709000
v 0.001816000 0.005534000 -0.001412000
v 0.005714000 0.008837000 0.000112000
v 0.005714000 0.008837000 0.000112000
v 0.001816000 0.005534000 -0.001412000
v 0.002101000 0.010217000 -0.000768000
v 0.005714000 0.008837000 0.000112000
v 0.002101000 0.010217000 -0.000768000
v 0.007611000 0.014789000 0.000795000
v -0.004840000 0.044219000 -0.003470000
v -0.004539000 0.044409000 -0.003406000
v 0.002591000 0.044363000 -0.001982000
v -0.004840000 0.044219000 -0.003470000
v 0.002591000 0.044363000 -0.001982000
v 0.002860000 0.044189000 -0.001931000
v -0.004840000 0.044219000 -0.003470000
v 0.002860000 0.044189000 -0.001931000
v 0.002919000 0.044103000 -0.001921000
v -0.004840000 0.044219000 -0.003470000
v 0.002919000 0.044103000 -0.001921000
v -0.000989000 0.044098000 -0.002703000
v -0.004840000 0.044219000 -0.003470000
v -0.000989000 0.044098000 -0.002703000
v -0.004897000 0.044100000 -0.003484000
v -0.004539000 0.044409000 -0.003406000
v -0.002981000 0.044723000 -0.003090000
v 0.002591000 0.044363000 -0.001982000
v 0.002591000 0.044363000 -0.001982000
v -0.002981000 0.044723000 -0.003090000
v 0.001829000 0.044582000 -0.002131000
v -0.003264000 0.004531000 -0.004164000
v -0.003196000 0.004492000 -0.004219000
v -0.003267000 0.004467000 -0.004159000
v -0.003298000 0.004417000 -0.004186000
v -0.003267000 0.004467000 -0.004159000
v -0.003196000 0.004492000 -0.004219000
v -0.003116000 0.004547000 -0.004202000
v -0.003196000 0.004492000 -0.004219000
v -0.003214000 0.004586000 -0.004227000
v -0.003180000 0.004671000 -0.004235000
v -0.003116000 0.004547000 -0.004202000
v -0.003213000 0.004632000 -0.004245000
v -0.003213000 0.004632000 -0.004245000
v -0.003116000 0.004547000 -0.004202000
v -0.003214000 0.004586000 -0.004227000
v -0.003213000 0.004632000 -0.004245000
v -0.003214000 0.004586000 -0.004227000
v -0.003252000 0.004602000 -0.004231000
v -0.003288000 0.004588000 -0.004196000
v -0.003252000 0.004602000 -0.004231000
v -0.003264000 0.004531000 -0.004164000
v -0.003264000 0.004531000 -0.004164000
v -0.003252000 0.004602000 -0.004231000
v -0.003214000 0.004586000 -0.004227000
v -0.003264000 0.004531000 -0.004164000
v -0.003214000 0.004586000 -0.004227000
v -0.003196000 0.004492000 -0.004219000
v 0.003080000 0.004642000 -0.001078000
v 0.003033000 0.004684000 -0.001108000
v 0.003132000 0.004751000 -0.001048000
v 0.003140000 0.004531000 -0.001032000
v 0.003078000 0.004573000 -0.001103000
v 0.003104000 0.004577000 -0.001035000
v 0.003107000 0.004794000 -0.001062000
v 0.003132000 0.004751000 -0.001048000
v 0.003033000 0.004684000 -0.001108000
v 0.003080000 0.004642000 -0.001078000
v 0.003132000 0.004751000 -0.001048000
v 0.003143000 0.004715000 -0.001012000
v 0.003080000 0.004642000 -0.001078000
v 0.003143000 0.004715000 -0.001012000
v 0.003098000 0.004633000 -0.001015000
v 0.003136000 0.004695000 -0.000965000
v 0.003098000 0.004633000 -0.001015000
v 0.003143000 0.004715000 -0.001012000
v 0.003098000 0.004633000 -0.001015000
v 0.003104000 0.004577000 -0.001035000
v 0.003080000 0.004642000 -0.001078000
v 0.003080000 0.004642000 -0.001078000
v 0.003104000 0.004577000 -0.001035000
v 0.003078000 0.004573000 -0.001103000
v 0.003080000 0.004642000 -0.001078000
v 0.003078000 0.004573000 -0.001103000
v 0.003033000 0.004684000 -0.001108000
v 0.003033000 0.004684000 -0.001108000
v 0.003078000 0.004573000 -0.001103000
v 0.003029000 0.004606000 -0.001125000
v 0.003107000 0.004794000 -0.001062000
v 0.003840000 0.005537000 -0.000727000
v 0.003132000 0.004751000 -0.001048000
v 0.003132000 0.004751000 -0.001048000
v 0.003840000 0.005537000 -0.000727000
v 0.003876000 0.005506000 -0.000706000
v 0.003132000 0.004751000 -0.001048000
v 0.003876000 0.005506000 -0.000706000
v 0.003143000 0.004715000 -0.001012000
v 0.003143000 0.004715000 -0.001012000
v 0.003876000 0.005506000 -0.000706000
v 0.003895000 0.005480000 -0.000666000
v 0.003143000 0.004715000 -0.001012000
v 0.003895000 0.005480000 -0.000666000
v 0.003136000 0.004695000 -0.000965000
v 0.003136000 0.004695000 -0.000965000
v 0.003895000 0.005480000 -0.000666000
v 0.003892000 0.005466000 -0.000616000
v 0.003840000 0.005537000 -0.000727000
v 0.003880000 0.005595000 -0.000709000
v 0.003876000 0.005506000 -0.000706000
v 0.003876000 0.005506000 -0.000706000
v 0.003880000 0.005595000 -0.000709000
v 0.003916000 0.005565000 -0.000688000
v 0.003876000 0.005506000 -0.000706000
v 0.003916000 0.005565000 -0.000688000
v 0.003895000 0.005480000 -0.000666000
v 0.003895000 0.005480000 -0.000666000
v 0.003916000 0.005565000 -0.000688000
v 0.003935000 0.005540000 -0.000647000
v 0.003895000 0.005480000 -0.000666000
v 0.003935000 0.005540000 -0.000647000
v 0.003892000 0.005466000 -0.000616000
v 0.003892000 0.005466000 -0.000616000
v 0.003935000 0.005540000 -0.000647000
v 0.003933000 0.005526000 -0.000597000
v 0.003880000 0.005595000 -0.000709000
v 0.006827000 0.011405000 0.000569000
v 0.003916000 0.005565000 -0.000688000
v 0.003880000 0.005595000 -0.000709000
v 0.005714000 0.008837000 0.000112000
v 0.006827000 0.011405000 0.000569000
v 0.007877000 0.022298000 0.000558000
v 0.007846000 0.021595000 0.000524000
v 0.006325000 0.030443000 -0.000639000
v 0.007877000 0.022298000 0.000558000
v 0.006325000 0.030443000 -0.000639000
v 0.006405000 0.030477000 -0.000527000
v 0.006325000 0.030443000 -0.000639000
v 0.002971000 0.044090000 -0.001897000
v 0.006405000 0.030477000 -0.000527000
v 0.006405000 0.030477000 -0.000527000
v 0.002971000 0.044090000 -0.001897000
v 0.002999000 0.044099000 -0.001854000
v 0.007963000 0.016823000 0.000918000
v 0.006827000 0.011405000 0.000569000
v 0.007611000 0.014789000 0.000795000
v 0.007611000 0.014789000 0.000795000
v 0.007846000 0.021595000 0.000524000
v 0.007963000 0.016823000 0.000918000
v 0.007963000 0.016823000 0.000918000
v 0.007846000 0.021595000 0.000524000
v 0.007877000 0.022298000 0.000558000
v 0.007611000 0.014789000 0.000795000
v 0.006827000 0.011405000 0.000569000
v 0.005714000 0.008837000 0.000112000
v 0.003916000 0.005565000 -0.000688000
v 0.006827000 0.011405000 0.000569000
v 0.003935000 0.005540000 -0.000647000
v 0.002926000 0.044078000 -0.001920000
v 0.002971000 0.044090000 -0.001897000
v 0.006325000 0.030443000 -0.000639000
v 0.003002000 0.044101000 -0.001802000
v 0.006405000 0.030477000 -0.000527000
v 0.002999000 0.044099000 -0.001854000
v 0.006827000 0.011405000 0.000569000
v 0.007963000 0.016823000 0.000918000
v 0.006845000 0.011390000 0.000642000
v 0.006827000 0.011405000 0.000569000
v 0.006845000 0.011390000 0.000642000
v 0.003935000 0.005540000 -0.000647000
v 0.003935000 0.005540000 -0.000647000
v 0.006845000 0.011390000 0.000642000
v 0.004066000 0.005728000 -0.000536000
v 0.003935000 0.005540000 -0.000647000
v 0.004066000 0.005728000 -0.000536000
v 0.003933000 0.005526000 -0.000597000
v 0.002961000 0.044121000 -0.001898000
v 0.002926000 0.044078000 -0.001920000
v 0.002919000 0.044103000 -0.001921000
v 0.002926000 0.044078000 -0.001920000
v 0.002961000 0.044121000 -0.001898000
v 0.002971000 0.044090000 -0.001897000
v 0.002971000 0.044090000 -0.001897000
v 0.002961000 0.044121000 -0.001898000
v 0.002988000 0.044134000 -0.001855000
v 0.002971000 0.044090000 -0.001897000
v 0.002988000 0.044134000 -0.001855000
v 0.002999000 0.044099000 -0.001854000
v 0.002999000 0.044099000 -0.001854000
v 0.002988000 0.044134000 -0.001855000
v 0.002990000 0.044139000 -0.001803000
v 0.002999000 0.044099000 -0.001854000
v 0.002990000 0.044139000 -0.001803000
v 0.003002000 0.044101000 -0.001802000
v 0.002773000 0.044343000 -0.001916000
v 0.001622000 0.044690000 -0.002140000
v 0.002610000 0.044453000 -0.001874000
v 0.002849000 0.044314000 -0.001829000
v 0.002773000 0.044343000 -0.001916000
v 0.002610000 0.044453000 -0.001874000
v 0.002849000 0.044314000 -0.001829000
v 0.002988000 0.044134000 -0.001855000
v 0.002773000 0.044343000 -0.001916000
v 0.002860000 0.044189000 -0.001931000
v 0.002591000 0.044363000 -0.001982000
v 0.002773000 0.044343000 -0.001916000
v 0.002961000 0.044121000 -0.001898000
v 0.002860000 0.044189000 -0.001931000
v 0.002773000 0.044343000 -0.001916000
v 0.001829000 0.044582000 -0.002131000
v -0.002981000 0.044723000 -0.003090000
v 0.001622000 0.044690000 -0.002140000
v 0.002773000 0.044343000 -0.001916000
v 0.001829000 0.044582000 -0.002131000
v 0.001622000 0.044690000 -0.002140000
v -0.002981000 0.044723000 -0.003090000
v -0.004539000 0.044409000 -0.003406000
v -0.003849000 0.044674000 -0.003233000
v -0.004539000 0.044409000 -0.003406000
v -0.004840000 0.044219000 -0.003470000
v -0.004779000 0.044366000 -0.003425000
v -0.003849000 0.044674000 -0.003233000
v -0.004539000 0.044409000 -0.003406000
v -0.004779000 0.044366000 -0.003425000
v -0.004779000 0.044366000 -0.003425000
v -0.004840000 0.044219000 -0.003470000
v -0.004951000 0.044184000 -0.003463000
v 0.002860000 0.044189000 -0.001931000
v 0.002961000 0.044121000 -0.001898000
v 0.002919000 0.044103000 -0.001921000
v 0.002988000 0.044134000 -0.001855000
v 0.002961000 0.044121000 -0.001898000
v 0.002773000 0.044343000 -0.001916000
v 0.002971000 0.044179000 -0.001807000
v 0.002988000 0.044134000 -0.001855000
v 0.002849000 0.044314000 -0.001829000
v 0.002988000 0.044134000 -0.001855000
v 0.002971000 0.044179000 -0.001807000
v 0.002990000 0.044139000 -0.001803000
v 0.002591000 0.044363000 -0.001982000
v 0.001829000 0.044582000 -0.002131000
v 0.002773000 0.044343000 -0.001916000
v 0.001827000 0.044679000 -0.002027000
v 0.002610000 0.044453000 -0.001874000
v 0.001622000 0.044690000 -0.002140000
v -0.004992000 0.044108000 -0.003452000
v -0.004951000 0.044184000 -0.003463000
v -0.004949000 0.044105000 -0.003481000
v -0.004949000 0.044105000 -0.003481000
v -0.004951000 0.044184000 -0.003463000
v -0.004840000 0.044219000 -0.003470000
v -0.004949000 0.044105000 -0.003481000
v -0.004840000 0.044219000 -0.003470000
v -0.004897000 0.044100000 -0.003484000
v -0.002981000 0.044723000 -0.003090000
v -0.003849000 0.044674000 -0.003233000
v 0.001622000 0.044690000 -0.002140000
v 0.001622000 0.044690000 -0.002140000
v -0.003849000 0.044674000 -0.003233000
v -0.002317000 0.044873000 -0.002850000
v 0.001622000 0.044690000 -0.002140000
v -0.002317000 0.044873000 -0.002850000
v 0.001827000 0.044679000 -0.002027000
v -0.002317000 0.044873000 -0.002850000
v -0.003849000 0.044674000 -0.003233000
v -0.004433000 0.044560000 -0.003279000
v -0.004433000 0.044560000 -0.003279000
v -0.003849000 0.044674000 -0.003233000
v -0.004779000 0.044366000 -0.003425000
v -0.004433000 0.044560000 -0.003279000
v -0.004779000 0.044366000 -0.003425000
v -0.004827000 0.044377000 -0.003361000
v -0.004827000 0.044377000 -0.003361000
v -0.004779000 0.044366000 -0.003425000
v -0.004951000 0.044184000 -0.003463000
v -0.004827000 0.044377000 -0.003361000
v -0.004951000 0.044184000 -0.003463000
v -0.004976000 0.044226000 -0.003394000
v -0.004976000 0.044226000 -0.003394000
v -0.004951000 0.044184000 -0.003463000
v -0.004992000 0.044108000 -0.003452000
v -0.004976000 0.044226000 -0.003394000
v -0.004992000 0.044108000 -0.003452000
v -0.005015000 0.044108000 -0.003405000
v -0.004950000 0.044096000 -0.003481000
v -0.004897000 0.044100000 -0.003484000
v -0.004898000 0.044093000 -0.003484000
v -0.004897000 0.044100000 -0.003484000
v -0.004950000 0.044096000 -0.003481000
v -0.004949000 0.044105000 -0.003481000
v -0.004949000 0.044105000 -0.003481000
v -0.004950000 0.044096000 -0.003481000
v -0.004993000 0.044098000 -0.003452000
v -0.004949000 0.044105000 -0.003481000
v -0.004993000 0.044098000 -0.003452000
v -0.004992000 0.044108000 -0.003452000
v -0.004992000 0.044108000 -0.003452000
v -0.004993000 0.044098000 -0.003452000
v -0.005016000 0.044098000 -0.003406000
v -0.004992000 0.044108000 -0.003452000
v -0.005016000 0.044098000 -0.003406000
v -0.005015000 0.044108000 -0.003405000
v -0.005883000 0.028943000 -0.004924000
v -0.006096000 0.019401000 -0.005986000
v -0.006237000 0.019397000 -0.005995000
v -0.005883000 0.028943000 -0.004924000
v -0.006237000 0.019397000 -0.005995000
v -0.006060000 0.028267000 -0.004982000
v -0.004993000 0.044098000 -0.003452000
v -0.005883000 0.028943000 -0.004924000
v -0.006060000 0.028267000 -0.004982000
v -0.003759000 0.005527000 -0.004628000
v -0.005198000 0.011244000 -0.005768000
v -0.003714000 0.005546000 -0.004610000
v -0.005198000 0.011244000 -0.005768000
v -0.003759000 0.005527000 -0.004628000
v -0.003808000 0.005513000 -0.004620000
v -0.005579000 0.012556000 -0.005923000
v -0.005198000 0.011244000 -0.005768000
v -0.003808000 0.005513000 -0.004620000
v -0.005579000 0.012556000 -0.005923000
v -0.006096000 0.019401000 -0.005986000
v -0.005198000 0.011244000 -0.005768000
v -0.006237000 0.019397000 -0.005995000
v -0.006096000 0.019401000 -0.005986000
v -0.005579000 0.012556000 -0.005923000
v -0.005579000 0.012556000 -0.005923000
v -0.003808000 0.005513000 -0.004620000
v -0.003849000 0.005508000 -0.004588000
v -0.005197000 0.041183000 -0.003546000
v -0.004993000 0.044098000 -0.003452000
v -0.006060000 0.028267000 -0.004982000
v -0.004993000 0.044098000 -0.003452000
v -0.005197000 0.041183000 -0.003546000
v -0.005016000 0.044098000 -0.003406000
v -0.004950000 0.044096000 -0.003481000
v -0.004898000 0.044093000 -0.003484000
v -0.005077000 0.041180000 -0.003620000
v -0.004950000 0.044096000 -0.003481000
v -0.005077000 0.041180000 -0.003620000
v -0.005883000 0.028943000 -0.004924000
v -0.004950000 0.044096000 -0.003481000
v -0.005883000 0.028943000 -0.004924000
v -0.004993000 0.044098000 -0.003452000
v -0.003714000 0.005546000 -0.004610000
v -0.003701000 0.005507000 -0.004599000
v -0.003759000 0.005527000 -0.004628000
v -0.003759000 0.005527000 -0.004628000
v -0.003701000 0.005507000 -0.004599000
v -0.003745000 0.005486000 -0.004616000
v -0.003759000 0.005527000 -0.004628000
v -0.003745000 0.005486000 -0.004616000
v -0.003808000 0.005513000 -0.004620000
v -0.003808000 0.005513000 -0.004620000
v -0.003745000 0.005486000 -0.004616000
v -0.003794000 0.005472000 -0.004608000
v -0.003808000 0.005513000 -0.004620000
v -0.003794000 0.005472000 -0.004608000
v -0.003849000 0.005508000 -0.004588000
v -0.003849000 0.005508000 -0.004588000
v -0.003794000 0.005472000 -0.004608000
v -0.003835000 0.005467000 -0.004576000
v -0.003701000 0.005507000 -0.004599000
v -0.003180000 0.004671000 -0.004235000
v -0.003745000 0.005486000 -0.004616000
v -0.003745000 0.005486000 -0.004616000
v -0.003180000 0.004671000 -0.004235000
v -0.003213000 0.004632000 -0.004245000
v -0.003745000 0.005486000 -0.004616000
v -0.003213000 0.004632000 -0.004245000
v -0.003794000 0.005472000 -0.004608000
v -0.003794000 0.005472000 -0.004608000
v -0.003213000 0.004632000 -0.004245000
v -0.003252000 0.004602000 -0.004231000
v -0.003794000 0.005472000 -0.004608000
v -0.003252000 0.004602000 -0.004231000
v -0.003835000 0.005467000 -0.004576000
v -0.003835000 0.005467000 -0.004576000
v -0.003252000 0.004602000 -0.004231000
v -0.003288000 0.004588000 -0.004196000
v 0.003900000 -0.003895000 -0.005011000
v 0.003291000 0.000002000 -0.005011000
v 0.005512000 0.000003000 -0.005011000
v 0.003061000 -0.000553000 -0.005011000
v 0.003291000 0.000002000 -0.005011000
v 0.003900000 -0.003895000 -0.005011000
v 0.003291000 0.000002000 -0.005011000
v 0.003896000 0.003900000 -0.005011000
v 0.005512000 0.000003000 -0.005011000
v 0.003896000 0.003900000 -0.005011000
v 0.003291000 0.000002000 -0.005011000
v 0.003061000 0.000557000 -0.005011000
v -0.000003000 0.005513000 -0.005011000
v 0.003896000 0.003900000 -0.005011000
v 0.003061000 0.000557000 -0.005011000
v -0.000003000 0.005513000 -0.005011000
v 0.003061000 0.000557000 -0.005011000
v 0.002505000 0.000787000 -0.005011000
v -0.000003000 0.005513000 -0.005011000
v 0.002505000 0.000787000 -0.005011000
v 0.001950000 0.000557000 -0.005011000
v -0.000003000 0.005513000 -0.005011000
v 0.001950000 0.000557000 -0.005011000
v 0.001720000 0.000001000 -0.005011000
v -0.000003000 0.005513000 -0.005011000
v 0.001720000 0.000001000 -0.005011000
v -0.001720000 -0.000001000 -0.005011000
v -0.000003000 0.005513000 -0.005011000
v -0.001720000 -0.000001000 -0.005011000
v -0.001950000 0.000554000 -0.005011000
v -0.000003000 0.005513000 -0.005011000
v -0.001950000 0.000554000 -0.005011000
v -0.003900000 0.003896000 -0.005011000
v 0.000003000 -0.005512000 -0.005011000
v -0.003895000 -0.003900000 -0.005011000
v -0.001950000 -0.000556000 -0.005011000
v 0.000003000 -0.005512000 -0.005011000
v -0.001950000 -0.000556000 -0.005011000
v -0.001720000 -0.000001000 -0.005011000
v 0.000003000 -0.005512000 -0.005011000
v -0.001720000 -0.000001000 -0.005011000
v 0.001720000 0.000001000 -0.005011000
v 0.000003000 -0.005512000 -0.005011000
v 0.001720000 0.000001000 -0.005011000
v 0.001951000 -0.000554000 -0.005011000
v 0.000003000 -0.005512000 -0.005011000
v 0.001951000 -0.000554000 -0.005011000
v 0.002506000 -0.000784000 -0.005011000
v 0.000003000 -0.005512000 -0.005011000
v 0.002506000 -0.000784000 -0.005011000
v 0.003061000 -0.000553000 -0.005011000
v 0.000003000 -0.005512000 -0.005011000
v 0.003061000 -0.000553000 -0.005011000
v 0.003900000 -0.003895000 -0.005011000
v -0.003895000 -0.003900000 -0.005011000
v -0.005512000 -0.000003000 -0.005011000
v -0.003291000 -0.000002000 -0.005011000
v -0.003895000 -0.003900000 -0.005011000
v -0.003291000 -0.000002000 -0.005011000
v -0.003060000 -0.000557000 -0.005011000
v -0.003895000 -0.003900000 -0.005011000
v -0.003060000 -0.000557000 -0.005011000
v -0.002505000 -0.000786000 -0.005011000
v -0.003895000 -0.003900000 -0.005011000
v -0.002505000 -0.000786000 -0.005011000
v -0.001950000 -0.000556000 -0.005011000
v -0.003900000 0.003896000 -0.005011000
v -0.001950000 0.000554000 -0.005011000
v -0.002506000 0.000784000 -0.005011000
v -0.003900000 0.003896000 -0.005011000
v -0.002506000 0.000784000 -0.005011000
v -0.003061000 0.000554000 -0.005011000
v -0.003900000 0.003896000 -0.005011000
v -0.003061000 0.000554000 -0.005011000
v -0.003291000 -0.000002000 -0.005011000
v -0.003900000 0.003896000 -0.005011000
v -0.003291000 -0.000002000 -0.005011000
v -0.005512000 -0.000003000 -0.005011000
v 0.005512000 0.000003000 0.000000000
v 0.003291000 0.000002000 0.000000000
v 0.003900000 -0.003895000 0.000000000
v 0.003900000 -0.003895000 0.000000000
v 0.003291000 0.000002000 0.000000000
v 0.003061000 -0.000553000 0.000000000
v 0.005512000 0.000003000 0.000000000
v 0.003896000 0.003900000 0.000000000
v 0.003291000 0.000002000 0.000000000
v 0.003061000 0.000557000 0.000000000
v 0.003291000 0.000002000 0.000000000
v 0.003896000 0.003900000 0.000000000
v -0.000003000 0.005513000 0.000000000
v -0.003900000 0.003896000 0.000000000
v -0.001950000 0.000554000 0.000000000
v -0.000003000 0.005513000 0.000000000
v -0.001950000 0.000554000 0.000000000
v -0.001720000 -0.000001000 0.000000000
v -0.000003000 0.005513000 0.000000000
v -0.001720000 -0.000001000 0.000000000
v 0.001720000 0.000001000 0.000000000
v -0.000003000 0.005513000 0.000000000
v 0.001720000 0.000001000 0.000000000
v 0.001950000 0.000557000 0.000000000
v -0.000003000 0.005513000 0.000000000
v 0.001950000 0.000557000 0.000000000
v 0.002505000 0.000787000 0.000000000
v -0.000003000 0.005513000 0.000000000
v 0.002505000 0.000787000 0.000000000
v 0.003061000 0.000557000 0.000000000
v -0.000003000 0.005513000 0.000000000
v 0.003061000 0.000557000 0.000000000
v 0.003896000 0.003900000 0.000000000
v 0.000003000 -0.005512000 0.000000000
v 0.003900000 -0.003895000 0.000000000
v 0.003061000 -0.000553000 0.000000000
v 0.000003000 -0.005512000 0.000000000
v 0.003061000 -0.000553000 0.000000000
v 0.002506000 -0.000784000 0.000000000
v 0.000003000 -0.005512000 0.000000000
v 0.002506000 -0.000784000 0.000000000
v 0.001951000 -0.000554000 0.000000000
v 0.000003000 -0.005512000 0.000000000
v 0.001951000 -0.000554000 0.000000000
v 0.001720000 0.000001000 0.000000000
v 0.000003000 -0.005512000 0.000000000
v 0.001720000 0.000001000 0.000000000
v -0.001720000 -0.000001000 0.000000000
v 0.000003000 -0.005512000 0.000000000
v -0.001720000 -0.000001000 0.000000000
v -0.001950000 -0.000556000 0.000000000
v 0.000003000 -0.005512000 0.000000000
v -0.001950000 -0.000556000 0.000000000
v -0.003895000 -0.003900000 0.000000000
v -0.003895000 -0.003900000 0.000000000
v -0.001950000 -0.000556000 0.000000000
v -0.002505000 -0.000786000 0.000000000
v -0.003895000 -0.003900000 0.000000000
v -0.002505000 -0.000786000 0.000000000
v -0.003060000 -0.000557000 0.000000000
v -0.003895000 -0.003900000 0.000000000
v -0.003060000 -0.000557000 0.000000000
v -0.003291000 -0.000002000 0.000000000
v -0.003895000 -0.003900000 0.000000000
v -0.003291000 -0.000002000 0.000000000
v -0.005512000 -0.000003000 0.000000000
v -0.003900000 0.003896000 0.000000000
v -0.005512000 -0.000003000 0.000000000
v -0.003291000 -0.000002000 0.000000000
v -0.003900000 0.003896000 0.000000000
v -0.003291000 -0.000002000 0.000000000
v -0.003061000 0.000554000 0.000000000
v -0.003900000 0.003896000 0.000000000
v -0.003061000 0.000554000 0.000000000
v -0.002506000 0.000784000 0.000000000
v -0.003900000 0.003896000 0.000000000
v -0.002506000 0.000784000 0.000000000
v -0.001950000 0.000554000 0.000000000
v -0.003291000 -0.000002000 -0.005011000
v -0.003060000 -0.000557000 0.000000000
v -0.003060000 -0.000557000 -0.005011000
v -0.003060000 -0.000557000 -0.005011000
v -0.003060000 -0.000557000 0.000000000
v -0.002505000 -0.000786000 0.000000000
v -0.003060000 -0.000557000 -0.005011000
v -0.002505000 -0.000786000 0.000000000
v -0.002505000 -0.000786000 -0.005011000
v -0.003060000 -0.000557000 0.000000000
v -0.003291000 -0.000002000 -0.005011000
v -0.003291000 -0.000002000 0.000000000
v -0.003291000 -0.000002000 0.000000000
v -0.003291000 -0.000002000 -0.005011000
v -0.003061000 0.000554000 -0.005011000
v -0.003291000 -0.000002000 0.000000000
v -0.003061000 0.000554000 -0.005011000
v -0.003061000 0.000554000 0.000000000
v -0.003061000 0.000554000 0.000000000
v -0.003061000 0.000554000 -0.005011000
v -0.002506000 0.000784000 -0.005011000
v -0.003061000 0.000554000 0.000000000
v -0.002506000 0.000784000 -0.005011000
v -0.002506000 0.000784000 0.000000000
v -0.001720000 -0.000001000 -0.005011000
v -0.001950000 0.000554000 0.000000000
v -0.001950000 0.000554000 -0.005011000
v -0.001950000 0.000554000 -0.005011000
v -0.001950000 0.000554000 0.000000000
v -0.002506000 0.000784000 0.000000000
v -0.001950000 0.000554000 -0.005011000
v -0.002506000 0.000784000 0.000000000
v -0.002506000 0.000784000 -0.005011000
v -0.001950000 0.000554000 0.000000000
v -0.001720000 -0.000001000 -0.005011000
v -0.001720000 -0.000001000 0.000000000
v -0.001720000 -0.000001000 0.000000000
v -0.001720000 -0.000001000 -0.005011000
v -0.001950000 -0.000556000 -0.005011000
v -0.001720000 -0.000001000 0.000000000
v -0.001950000 -0.000556000 -0.005011000
v -0.001950000 -0.000556000 0.000000000
v -0.001950000 -0.000556000 0.000000000
v -0.001950000 -0.000556000 -0.005011000
v -0.002505000 -0.000786000 -0.005011000
v -0.001950000 -0.000556000 0.000000000
v -0.002505000 -0.000786000 -0.005011000
v -0.002505000 -0.000786000 0.000000000
v 0.001720000 0.000001000 -0.005011000
v 0.001951000 -0.000554000 0.000000000
v 0.001951000 -0.000554000 -0.005011000
v 0.001951000 -0.000554000 -0.005011000
v 0.001951000 -0.000554000 0.000000000
v 0.002506000 -0.000784000 0.000000000
v 0.001951000 -0.000554000 -0.005011000
v 0.002506000 -0.000784000 0.000000000
v 0.002506000 -0.000784000 -0.005011000
v 0.001951000 -0.000554000 0.000000000
v 0.001720000 0.000001000 -0.005011000
v 0.001720000 0.000001000 0.000000000
v 0.001720000 0.000001000 0.000000000
v 0.001720000 0.000001000 -0.005011000
v 0.001950000 0.000557000 -0.005011000
v 0.001720000 0.000001000 0.000000000
v 0.001950000 0.000557000 -0.005011000
v 0.001950000 0.000557000 0.000000000
v 0.001950000 0.000557000 0.000000000
v 0.001950000 0.000557000 -0.005011000
v 0.002505000 0.000787000 -0.005011000
v 0.001950000 0.000557000 0.000000000
v 0.002505000 0.000787000 -0.005011000
v 0.002505000 0.000787000 0.000000000
v 0.003291000 0.000002000 -0.005011000
v 0.003061000 0.000557000 0.000000000
v 0.003061000 0.000557000 -0.005011000
v 0.003061000 0.000557000 -0.005011000
v 0.003061000 0.000557000 0.000000000
v 0.002505000 0.000787000 0.000000000
v 0.003061000 0.000557000 -0.005011000
v 0.002505000 0.000787000 0.000000000
v 0.002505000 0.000787000 -0.005011000
v 0.003061000 0.000557000 0.000000000
v 0.003291000 0.000002000 -0.005011000
v 0.003291000 0.000002000 0.000000000
v 0.003291000 0.000002000 0.000000000
v 0.003291000 0.000002000 -0.005011000
v 0.003061000 -0.000553000 -0.005011000
v 0.003291000 0.000002000 0.000000000
v 0.003061000 -0.000553000 -0.005011000
v 0.003061000 -0.000553000 0.000000000
v 0.003061000 -0.000553000 0.000000000
v 0.003061000 -0.000553000 -0.005011000
v 0.002506000 -0.000784000 -0.005011000
v 0.003061000 -0.000553000 0.000000000
v 0.002506000 -0.000784000 -0.005011000
v 0.002506000 -0.000784000 0.000000000
vn -0.259705046 0.462708991 -0.847616469
vn -0.867132267 -0.497918528 -0.012600469
vn -0.224900593 0.487601285 -0.843602223
vn -0.897180863 -0.252894606 -0.362092277
vn 0.320403435 0.577606192 -0.750808049
vn -0.244397898 0.266997704 -0.932191983
vn -0.879385631 -0.452392608 -0.148397575
vn 0.271606718 0.962123798 0.023400579
vn 0.270394254 0.956479675 0.109697669
vn 0.790606353 -0.319102564 -0.522604199
vn 0.949679421 -0.311793244 -0.029899352
vn 0.870484549 -0.246895618 -0.425792442
vn 0.202596782 -0.265495783 0.942585027
vn 0.405799138 -0.550598830 0.729498450
vn 0.275289568 -0.302088553 0.912665415
vn 0.276400995 -0.517201862 0.810002916
vn 0.226099384 -0.398198915 0.888997577
vn 0.266997484 -0.355596649 0.895691558
vn 0.278194924 -0.302994472 0.911483370
vn 0.336804842 -0.435106255 0.835012003
vn 0.302896227 -0.406694935 0.861889265
vn 0.139899042 -0.187798715 0.972193345
vn 0.280296202 -0.074898985 0.956987033
vn 0.197791320 -0.285787458 0.937658852
vn 0.155900881 -0.351001983 0.923305217
vn 0.147905016 -0.253608600 0.955932416
vn 0.114500544 -0.160300761 0.980404657
vn 0.010199502 -0.151192612 0.988451700
vn -0.003800138 -0.185506729 0.982635646
vn 0.001300022 -0.226903800 0.973916308
vn 0.028301369 -0.221510718 0.974747164
vn 0.018600132 -0.181001281 0.983306957
vn 0.094499413 -0.206398718 0.973893952
vn 0.084095734 -0.177890975 0.980450258
vn 0.199593142 -0.264990895 0.943367586
vn 0.152896831 -0.155196784 0.975979773
vn 0.056499138 -0.123098123 0.990784891
vn 0.397590512 -0.582586097 0.708883083
vn 0.346794900 -0.603391127 0.718089441
vn 0.353882607 -0.471476827 0.807760300
vn 0.291991051 -0.521284023 0.801875423
vn 0.284696058 -0.274796195 0.918387285
vn 0.060999779 -0.315998856 0.946796573
vn 0.153803156 -0.359407375 0.920418887
vn 0.189097026 -0.419193408 0.887986037
vn 0.272103355 -0.474205847 0.837310324
vn 0.102200560 -0.189201037 0.976605352
vn 0.062199287 -0.211997569 0.975288818
vn 0.081499106 -0.257297176 0.962889432
vn 0.314694466 -0.495191292 0.809785760
vn 0.370293398 -0.363393521 0.854884758
vn 0.245890516 -0.256790096 0.934663951
vn -0.270909345 -0.456215737 -0.847629239
vn 0.864755614 -0.502032287 -0.012700817
vn -0.309798922 -0.438598474 -0.843597064
vn 0.667571118 -0.650571854 -0.362084335
vn -0.660308389 -0.011300144 -0.750909540
vn -0.109001534 -0.345104857 -0.932213121
vn 0.831516256 -0.535310465 -0.148402901
vn -0.969035758 -0.245809071 0.023400864
vn -0.963547051 -0.244011915 0.109705357
vn -0.119003249 0.844223048 -0.522614268
vn -0.204810039 0.978347955 -0.029801461
vn -0.221402337 0.877309260 -0.425804494
vn 0.128594753 0.308287421 0.942561540
vn 0.273982946 0.626760988 0.729454597
vn 0.123998162 0.389394227 0.912686470
vn 0.309697199 0.497995496 0.809992674
vn 0.231800203 0.394900346 0.889000778
vn 0.174402193 0.409005143 0.895711264
vn 0.123299205 0.392397469 0.911494121
vn 0.208406231 0.509215226 0.835024968
vn 0.200802449 0.465605678 0.861910511
vn 0.092700411 0.215000954 0.972204312
vn -0.075199395 0.280197747 0.956992306
vn 0.148593693 0.314186665 0.937660202
vn 0.226098378 0.310497772 0.923293375
vn 0.145703839 0.254906716 0.955925184
vn 0.081600359 0.179300788 0.980404309
vn 0.125794890 0.084396571 0.988459845
vn 0.162605376 0.089402956 0.982632486
vn 0.195804698 0.114602750 0.973923370
vn 0.177706800 0.135305178 0.974737299
vn 0.147402269 0.106601641 0.983315138
vn 0.131500101 0.185000142 0.973900750
vn 0.111996016 0.161694249 0.980465125
vn 0.129693852 0.305385524 0.943355281
vn 0.057899178 0.209997017 0.975986136
vn 0.078399241 0.110398931 0.990790409
vn 0.305703201 0.635606655 0.708907422
vn 0.349089034 0.602081086 0.718077442
vn 0.231392174 0.542181664 0.807772682
vn 0.305400760 0.513501279 0.801901997
vn 0.095597423 0.383989648 0.918375241
vn 0.243198405 0.210798617 0.946793789
vn 0.234307139 0.312909534 0.920428046
vn 0.268501458 0.373302027 0.888004822
vn 0.274703204 0.472705514 0.837309767
vn 0.112701439 0.183102338 0.976612471
vn 0.152497381 0.159897254 0.975283250
vn 0.182098410 0.199198261 0.962891594
vn 0.271593671 0.520087879 0.809781128
vn 0.129498056 0.502392459 0.854887168
vn 0.099395109 0.341383203 0.934654011
vn 0.294800753 0.952902435 0.071200182
vn 0.038901676 0.999243043 -0.000000000
vn 0.706190763 -0.667391271 0.236396908
vn 0.622488216 -0.772485377 -0.125597622
vn 0.382192805 0.924082604 -0.000000000
vn 0.924082604 -0.382192805 -0.000000000
vn 0.958430474 -0.247707876 -0.141604502
vn 0.974795784 -0.223099035 -0.000000000
vn 0.904922284 -0.374309217 0.202504987
vn 0.889878745 -0.429989730 0.152396360
vn 0.781980040 -0.456788341 -0.424089175
vn 0.944932875 -0.269609380 0.185506454
vn 0.904768497 0.375386929 -0.201192995
vn 0.909407621 0.391203278 -0.141201183
vn 0.638399662 0.769699592 0.002899998
vn 0.640695730 0.767794883 -0.000000000
vn 0.594500042 0.803100056 -0.040000003
vn 0.383187752 -0.923670475 -0.000000000
vn -0.149295047 -0.701876716 -0.696476895
vn 0.234004914 -0.972220417 0.005400113
vn 0.331719025 -0.799645861 0.500528706
vn 0.602571614 0.796062498 0.056497338
vn 0.598714911 0.798519887 0.062501557
vn 0.565900606 0.816100873 0.117200125
vn 0.345497272 0.835493404 0.427296627
vn 0.358180820 0.901451729 -0.243086983
vn 0.571507835 0.818311219 -0.061200839
vn 0.850829758 0.485016964 0.202107069
vn 0.923670475 0.383187752 -0.000000000
vn -0.382192805 -0.924082604 -0.000000000
vn -0.972280234 -0.226095404 0.059598788
vn -0.669887852 -0.115097913 -0.733486698
vn -0.770380772 -0.637584086 -0.000000000
vn -0.912888196 -0.378695104 0.152398030
vn -0.216902548 -0.573306734 0.790109280
vn -0.982397475 -0.166699572 -0.084299783
vn -0.913091517 0.377596492 0.153898570
vn -0.913738063 0.406216921 0.008400350
vn 0.335200546 -0.474900774 0.813701326
vn -0.242594817 -0.966579349 -0.082898229
vn -0.337712702 -0.816530710 -0.468217610
vn -0.622083832 0.782579661 0.024099374
vn -0.637401096 0.770401325 0.014200024
vn -0.660830766 0.750534942 -0.000000000
vn -0.924082604 0.382192805 -0.000000000
vn -0.920882642 0.380792822 -0.083498426
vn -0.912802556 0.408401144 -0.000000000
vn -0.416393005 0.909184726 -0.000000000
vn -0.428583534 0.891165762 0.148794283
vn -0.638308521 0.769510273 -0.020400272
vn -0.601311422 0.796415128 -0.064401223
vn -0.548480422 0.825470535 -0.133295242
vn 0.300288888 0.579578553 -0.757571967
vn -0.383187752 0.923670475 -0.000000000
vn -0.923670475 -0.383187752 -0.000000000
vn -0.652112240 -0.585410988 0.481709042
vn -0.756964662 -0.271087345 -0.594572243
vn -0.214899406 0.909597485 0.355599017
vn 0.417983814 -0.887565630 -0.193692499
vn 0.417403110 -0.886506604 -0.199701488
vn 0.330598823 -0.822397072 -0.462998352
vn 0.331784533 -0.805762436 -0.490577130
vn 0.238697219 -0.654392376 -0.717491641
vn 0.407802836 -0.737805131 -0.537903741
vn 0.333301310 -0.611402403 -0.717702821
vn 0.401501706 -0.406701728 -0.820603488
vn 0.470289379 -0.525788125 -0.708783992
vn 0.576319610 -0.346511790 -0.740125183
vn 0.647991777 -0.485693837 -0.586692555
vn -0.802684352 0.566888949 0.185296388
vn -0.800214004 0.570009975 0.186403262
vn -0.962919711 0.225304612 0.148403038
vn -0.962311615 0.227102741 0.149601806
vn -0.993000770 -0.048700038 0.107600083
vn -0.992924913 -0.047101182 0.109002735
vn -0.967228147 -0.243007072 0.073602142
vn -0.965188703 -0.259896958 0.029399656
vn -0.884294566 -0.452597219 0.114799295
vn -0.758830217 -0.420416741 0.497419808
vn -0.865464608 -0.464481005 -0.187692324
vn 0.202304040 -0.962619224 -0.180103597
vn 0.200093626 -0.963269316 -0.179094295
vn -0.209096999 -0.968986095 -0.131698110
vn -0.210205813 -0.968826793 -0.131103626
vn -0.526706863 -0.846811034 -0.074100966
vn -0.528307362 -0.846011789 -0.071801001
vn -0.746486739 -0.665188183 -0.016799702
vn -0.696013597 -0.652212741 -0.300305867
vn -0.783681466 -0.597985858 0.168096025
vn 0.119398853 -0.157398488 0.980290584
vn 0.120094445 -0.157092734 0.980254659
vn 0.116099535 -0.159199362 0.980396074
vn 0.111996016 -0.161694249 0.980465125
vn 0.115301018 -0.159701410 0.980408657
vn 0.114396133 -0.159994591 0.980466856
vn 0.114694016 -0.159891658 0.980448846
vn 0.111101808 -0.162002636 0.980515953
vn 0.114304990 -0.160206994 0.980442802
vn 0.111100007 -0.162100011 0.980500064
vn -0.526288480 0.839681620 0.133997067
vn -0.549190153 0.809885479 -0.206096305
vn -0.620385418 0.760282130 0.192595473
vn -0.676502848 0.736303100 0.014200060
vn -0.685592404 0.717792047 0.121398655
vn -0.697223061 0.703523269 0.137604551
vn -0.695325915 0.692125796 0.193607216
vn -0.386590751 0.902678404 -0.188995478
vn -0.331399216 0.595398592 0.731898269
vn -0.249608930 0.867531036 -0.430215391
vn -0.275693436 0.950277374 0.144796552
vn -0.030998918 0.998065158 0.053898118
vn -0.013700578 0.982941452 0.183407734
vn -0.030000319 0.223202374 -0.974310362
vn -0.126805076 0.199107970 -0.971738899
vn -0.256703586 0.328604591 -0.908912698
vn -0.221791911 0.390085774 -0.893667409
vn -0.398303501 0.581705113 -0.709206234
vn -0.406698052 0.550997361 -0.728696510
vn -0.277908625 0.515415996 -0.810625158
vn -0.277305218 0.302805697 -0.911817156
vn -0.114102098 0.160502952 -0.980418030
vn -0.147808050 0.253213790 -0.956052068
vn -0.156594118 0.351586795 -0.922965334
vn -0.084103979 0.177908417 -0.980446386
vn -0.093195821 0.202890902 -0.974756288
vn -0.018000182 0.180501822 -0.983409928
vn -0.154002155 0.360105038 -0.920112872
vn -0.060700888 0.316004625 -0.946813857
vn 0.024198852 0.188091079 -0.981853432
vn -0.035499026 0.222993880 -0.974173264
vn -0.032600838 0.133403431 -0.990525472
vn -0.139800976 0.125400875 -0.982206856
vn -0.199696746 0.264495690 -0.943484626
vn -0.197707639 0.141205456 -0.970037478
vn -0.256693688 0.214994713 -0.942276830
vn -0.275402457 0.313402796 -0.908808107
vn -0.345511297 0.599419598 -0.722023607
vn -0.353619418 0.476126145 -0.805144212
vn -0.362697470 0.464496760 -0.807894365
vn -0.318896757 0.392296010 -0.862791225
vn -0.327609512 0.440912802 -0.835624263
vn -0.234801491 0.495103144 -0.836505312
vn -0.227108478 0.398214866 -0.888733177
vn -0.226408308 0.398614627 -0.888732613
vn -0.080902023 0.256606418 -0.963124088
vn -0.061698587 0.212195139 -0.975277657
vn -0.102200560 0.189201037 -0.976605352
vn -0.115401530 0.159602116 -0.980413000
vn -0.111996016 0.161694249 -0.980465125
vn -0.116097686 0.159296825 -0.980380461
vn -0.118801733 0.157702301 -0.980314303
vn -0.119398853 0.157398488 -0.980290584
vn -0.111100007 0.162100011 -0.980500064
vn -0.114304990 0.160206994 -0.980442802
vn -0.111401702 0.161802472 -0.980514977
vn -0.115194728 0.159492700 -0.980455126
vn -0.113500530 0.160400749 -0.980504579
vn 0.559604060 0.805805846 -0.193701405
vn 0.559027063 0.804738958 -0.199709668
vn 0.546976959 0.697470620 -0.462980497
vn 0.531904785 0.690206208 -0.490604413
vn 0.447395029 0.533894068 -0.717492029
vn 0.435002214 0.722103676 -0.537902738
vn 0.362794832 0.594391533 -0.717689777
vn 0.151496378 0.551086824 -0.820580380
vn 0.220208865 0.670126977 -0.708828534
vn 0.011999836 0.672290813 -0.740189885
vn 0.096693010 0.804041874 -0.586657589
vn -0.089797392 -0.978571578 0.185294618
vn -0.093400476 -0.978004983 0.186500950
vn 0.286390061 -0.946567150 0.148294854
vn 0.284600437 -0.946901453 0.149600230
vn 0.538699243 -0.835598826 0.107599849
vn 0.537191996 -0.836387538 0.108998376
vn 0.693996485 -0.716196372 0.073699627
vn 0.707700545 -0.705900544 0.029400023
vn 0.834115807 -0.539510224 0.114802176
vn 0.743493268 -0.446895953 0.497495495
vn 0.835019986 -0.517212380 -0.187704493
vn 0.732505673 0.656505085 -0.180101395
vn 0.734098304 0.654998487 -0.179099586
vn 0.943715977 0.303405137 -0.131702230
vn 0.944119931 0.302406384 -0.131102768
vn 0.996714457 -0.032700474 -0.074101075
vn 0.996822065 -0.034500764 -0.071801589
vn 0.949336469 -0.313812055 -0.016800645
vn 0.912824272 -0.276707358 -0.300307985
vn 0.909707373 -0.379703078 0.168101362
vn 0.076599385 0.182098538 0.980292128
vn 0.075897907 0.182494968 0.980272969
vn 0.079898394 0.180196377 0.980380290
vn 0.083997938 0.177795636 0.980475935
vn 0.080601104 0.179702461 0.980413427
vn 0.081297287 0.179094023 0.980467277
vn 0.081097158 0.179193719 0.980465635
vn 0.084801224 0.177202558 0.980514154
vn 0.081603283 0.179107207 0.980439449
vn 0.084899000 0.177297912 0.980488455
vn -0.464095320 -0.875591170 0.133998649
vn -0.426780409 -0.880559579 -0.206090540
vn -0.348206832 -0.917418000 0.192603779
vn -0.299406288 -0.954020035 0.014200298
vn -0.278811967 -0.952640888 0.121405211
vn -0.260690927 -0.955566742 0.137595211
vn -0.251710435 -0.948239310 0.193608026
vn -0.588509219 -0.786112315 -0.188902959
vn -0.349990953 -0.584684886 0.731881081
vn -0.626476730 -0.649975857 -0.430184021
vn -0.685115994 -0.713916667 0.144703378
vn -0.848826543 -0.525916446 0.053901686
vn -0.844375311 -0.503385281 0.183394638
vn -0.178301325 -0.137601022 -0.974307239
vn -0.109003802 -0.209407303 -0.971733890
vn -0.156197302 -0.386693322 -0.908884304
vn -0.226991477 -0.387085465 -0.893666443
vn -0.304692631 -0.635784624 -0.709182849
vn -0.273878400 -0.627750491 -0.728642534
vn -0.307404660 -0.498407556 -0.810612289
vn -0.123604422 -0.391514007 -0.911832621
vn -0.082000616 -0.179101346 -0.980407368
vn -0.145407393 -0.254612945 -0.956048607
vn -0.226192604 -0.311389818 -0.922969819
vn -0.112005186 -0.161807492 -0.980445396
vn -0.129093630 -0.182191010 -0.974751902
vn -0.147300909 -0.105900653 -0.983406068
vn -0.234807677 -0.313410247 -0.920130084
vn -0.243302738 -0.210602370 -0.946810656
vn -0.174991581 -0.073096483 -0.981852764
vn -0.175395471 -0.142196329 -0.974174847
vn -0.099203130 -0.094902994 -0.990531252
vn -0.038700059 -0.183800278 -0.982201488
vn -0.129197937 -0.305195128 -0.943484937
vn -0.023500946 -0.241809734 -0.970039050
vn -0.057798897 -0.329793706 -0.942282017
vn -0.133701593 -0.395204709 -0.908810829
vn -0.346407245 -0.598912526 -0.722015101
vn -0.235510745 -0.544324835 -0.805136735
vn -0.220894237 -0.546385745 -0.807878923
vn -0.180300070 -0.472300184 -0.862800336
vn -0.218003379 -0.504207815 -0.835612952
vn -0.311307666 -0.450911104 -0.836520600
vn -0.231306359 -0.395810881 -0.888724431
vn -0.232005470 -0.395409322 -0.888720952
vn -0.181805842 -0.198306372 -0.963130946
vn -0.152895363 -0.159595160 -0.975270420
vn -0.112798103 -0.183196919 -0.976583574
vn -0.080601104 -0.179702461 -0.980413427
vn -0.083997938 -0.177795636 -0.980475935
vn -0.079898394 -0.180196377 -0.980380290
vn -0.077200032 -0.181800075 -0.980300407
vn -0.076599385 -0.182098538 -0.980292128
vn -0.084799721 -0.177299417 -0.980496774
vn -0.081603283 -0.179107207 -0.980439449
vn -0.084401082 -0.177402273 -0.980512565
vn -0.080496750 -0.179492753 -0.980460415
vn -0.082200027 -0.178500059 -0.980500324
vn -0.773815504 0.623012482 -0.114302290
vn -0.805849563 0.578863770 -0.124592202
vn -0.931998541 0.124799805 -0.340299467
vn -0.938542296 0.013100590 -0.344915544
vn -0.731197130 -0.509598000 -0.453498220
vn -0.713306552 -0.544304999 -0.441504055
vn -0.657673980 -0.612175780 -0.438982632
vn -0.630726589 -0.603825455 -0.487420548
vn -0.717501051 -0.414100607 -0.560100821
vn -0.718709221 -0.407605230 -0.563307227
vn 0.784612844 0.619910148 0.009700159
vn 0.782929529 0.622023460 0.010400392
vn 0.995515077 0.091101380 0.025500386
vn 0.994726967 0.098802679 0.027500746
vn 0.845097727 -0.533598565 0.032899911
vn 0.851359664 -0.523175213 0.038398181
vn 0.793036350 -0.589827035 0.152306981
vn 0.793478124 -0.589183756 0.152495796
vn 0.694504966 -0.710905083 0.110800792
vn 0.705091648 -0.708191612 0.036199571
vn -0.700906399 0.115701056 -0.703806426
vn -0.978461278 0.070297218 -0.194092319
vn -0.917508868 0.103901004 -0.383903710
vn -0.958908606 0.080000718 -0.272202443
vn -0.275000494 0.114500206 -0.954601714
vn -0.982258034 -0.053997693 -0.179592327
vn -0.136802374 -0.023600410 -0.990317187
vn -0.749982203 -0.296092974 -0.591485964
vn 0.581607253 -0.039500493 -0.812510132
vn -0.952032022 -0.237207979 -0.193306502
vn 0.949023508 0.248506156 0.193904803
vn 0.905620426 0.257705813 0.336807597
vn 0.940960302 0.256689171 0.220690689
vn 0.971277073 0.150396450 -0.184395647
vn 0.943962445 -0.180092835 -0.276588996
vn 0.788384721 -0.233395477 0.569188969
vn 0.920775411 0.194594803 0.338090971
vn 0.960560940 -0.025598959 -0.276888741
vn 0.830625883 0.049601546 0.554617282
vn 0.883374789 -0.375389287 -0.280591992
vn 0.812590647 -0.493494320 0.310096431
vn 0.803073555 -0.574881069 0.156794837
vn -0.075897032 0.887465292 0.454582222
vn -0.086300565 0.958106271 -0.273101787
vn -0.203701188 0.978805706 0.021100123
vn -0.405416734 0.909837554 -0.088503653
vn 0.930235480 0.313211946 0.191207293
vn 0.931201369 0.309900456 0.191900282
vn 0.784527541 0.597320969 0.166505845
vn 0.835088096 0.430493863 0.342495118
vn 0.726920376 0.674818915 0.127303568
vn 0.503476486 0.850960257 0.149593013
vn 0.484879786 0.868363799 0.104095660
vn 0.245899099 0.965596461 0.084599690
vn 0.244305303 0.956120753 0.161703510
vn 0.062199718 0.994995483 -0.078199645
vn -0.977316351 0.086301444 -0.193403236
vn -0.977211717 0.087701052 -0.193302318
vn -0.928259478 0.326085765 -0.178892191
vn -0.927497783 0.329699212 -0.176199579
vn -0.693814567 0.709414894 -0.123902601
vn -0.714598467 0.676298549 -0.178799616
vn -0.452712796 0.891325194 -0.024300687
vn 0.003500055 -0.999915744 -0.012500197
vn -0.543917117 0.022900721 0.838826398
vn -0.527379796 -0.051498027 0.848067511
vn -0.517717346 -0.084902845 0.851328524
vn -0.360607557 -0.136202854 0.922719336
vn -0.348110349 -0.077702310 0.934227775
vn -0.196110101 -0.021301097 0.980350494
vn -0.501992809 -0.075298921 0.861587658
vn -0.673531397 -0.063402956 0.736434330
vn -0.161007292 0.004100186 0.986944700
vn -0.233391700 0.050598201 0.971065465
vn -0.427420611 0.027201312 0.903643575
vn -0.560790568 -0.080998638 0.823986141
vn -0.675115373 -0.059401353 0.735316743
vn -0.334707372 0.027500606 0.941920746
vn -0.393989951 -0.056498559 0.917376603
vn -0.220008364 -0.010900414 0.975437082
vn -0.196191095 0.014699333 0.980455498
vn -0.195902341 0.014800177 0.980511717
vn -0.195900566 -0.015400045 0.980502834
vn -0.582805939 0.038300390 0.811708271
vn -0.583779667 0.008099718 0.811871723
vn -0.751196946 -0.063699741 0.656997329
vn -0.436800339 -0.041500032 0.898600696
vn -0.461691590 -0.067298774 0.884483889
vn -0.451007054 -0.074401164 0.889413911
vn -0.431287273 -0.085297483 0.898173495
vn -0.346680252 -0.120993108 0.930147016
vn -0.291095408 -0.099698427 0.951484990
vn -0.242993409 -0.080597814 0.966673779
vn -0.278104256 0.021300326 0.960314698
vn -0.157099031 -0.067199585 0.985293921
vn -0.175705263 0.088802660 0.980429369
vn -0.222004724 0.110002341 0.968820617
vn -0.220202354 0.058300623 0.973710409
vn -0.317409897 0.044801397 0.947229535
vn -0.612632477 0.018901002 0.790141887
vn -0.467883295 0.019799293 0.883568453
vn -0.379704765 0.101601275 0.919511540
vn -0.196001006 -0.024200124 0.980305034
vn -0.196101438 -0.018600136 0.980407191
vn -0.195994723 -0.021299427 0.980373604
vn -0.195999927 -0.014299995 0.980499637
vn -0.195908384 -0.018800805 0.980441959
vn -0.195904045 -0.014200293 0.980520248
vn -0.195701810 -0.017400161 0.980509070
vn 0.182994269 -0.164994832 0.969169646
vn 0.730711476 0.599109409 0.327305140
vn 0.727860864 0.600667703 0.330782214
vn 0.666597420 -0.656697459 0.352698635
vn 0.753082841 -0.588586589 0.293993301
vn 0.863001359 -0.154800244 0.480900757
vn 0.853422061 -0.089302308 0.513513274
vn -0.071599679 -0.327898529 0.941995775
vn 0.046302048 -0.466820648 0.883139062
vn 0.423694437 -0.489593572 0.762089994
vn -0.935293102 -0.275497968 -0.222098362
vn -0.798923465 0.031300919 0.600617640
vn -0.793432924 -0.091603801 0.601724969
vn -0.779865055 -0.113494914 0.615572417
vn -0.809386803 -0.289095286 0.511191665
vn -0.550875646 -0.379983201 0.743067150
vn -0.851994598 -0.478796964 0.211798657
vn -0.484293922 -0.868089106 -0.108998632
vn -0.919094398 -0.386697643 -0.075699539
vn -0.990509341 0.122001150 0.063300597
vn -0.793454953 0.605265637 -0.063896372
vn -0.954737990 0.139305543 0.262810457
vn -0.743601900 -0.191200489 0.640701637
vn -0.748528407 -0.198407530 0.632724012
vn -0.864055783 -0.457276599 0.210489228
vn -0.863834735 -0.461718566 0.201508103
vn -0.756514245 -0.598011261 -0.264704984
vn -0.751873798 -0.599679102 -0.273990452
vn -0.785775292 -0.092997076 0.611480772
vn -0.785179570 -0.087997710 0.612984050
vn -0.946603460 -0.281701030 0.156800573
vn -0.947147013 -0.279084387 0.158191150
vn -0.852865455 -0.396783929 -0.339386253
vn -0.854340313 -0.394518616 -0.338315964
vn -0.288294491 0.139797328 -0.947281898
vn -0.701184627 -0.059598693 0.710484423
vn -0.997546961 0.067803192 0.017400819
vn -0.861126067 -0.372011261 -0.346510489
vn -0.445200134 -0.050600015 0.894000268
vn -0.832263406 -0.002299899 0.554375625
vn 0.961742851 -0.093204153 0.257611478
vn -0.995758532 0.063897339 0.066197243
vn -0.790540623 -0.078704044 0.607331209
vn 0.735233402 0.053102412 -0.675730699
vn 0.574189616 -0.007799859 -0.818685194
vn -0.835006789 -0.070500573 0.545704437
vn 0.639796884 0.066099678 -0.765696271
vn -0.850993801 -0.058599573 0.521896198
vn -0.885378906 -0.039499059 -0.463188965
vn -0.855081693 -0.255994519 -0.450890347
vn -0.896215684 -0.138002415 0.421607378
vn -0.969759252 -0.203991428 0.133994370
vn -0.442205735 0.001900025 0.896911633
vn -0.439776978 -0.043497723 0.897053041
vn -0.831679795 0.013699667 0.555086514
vn -0.832109378 0.018400207 0.554306247
vn -0.995376868 0.069398387 0.066398457
vn -0.995390932 0.069099371 0.066499394
vn 0.557992969 0.571392800 0.601792417
vn 0.216001672 0.951607365 0.218601692
vn -0.231097055 0.627192006 0.743790520
vn -0.189907890 0.474119698 0.859735718
vn 0.053101428 0.981226390 -0.185404987
vn -0.086200360 0.526002196 0.846103532
vn -0.437587439 0.702079847 0.561783874
vn -0.215990712 0.972458180 0.087596233
vn -0.269601697 0.253501596 0.929005848
vn -0.398503057 0.532004080 0.747105730
vn -0.946634950 0.313411571 0.075202777
vn 0.710495261 0.573496175 0.407797280
vn -0.121292996 0.366578831 0.922446730
vn -0.484500361 0.790100589 0.375500280
vn -0.013200063 0.326501551 0.945104489
vn -0.009999934 0.330097818 0.943893761
vn 0.281994483 0.760285125 0.585188551
vn 0.429600006 0.809100012 0.401000006
vn -0.748681062 0.629884067 0.206694772
vn -0.800159617 0.396679980 0.449877295
vn -0.762582827 0.348192159 0.545187723
vn -0.412804173 0.166301681 0.895509054
vn -0.637969123 0.210389817 0.740764148
vn -0.387096427 0.261797584 0.884091840
vn 0.109704993 0.237210797 0.965243934
vn -0.002799972 0.200497977 0.979690115
vn 0.415024643 0.440526157 0.796047267
vn 0.051602638 0.066503399 0.996450935
vn 0.052202082 0.066202640 0.996439739
vn 0.519565873 0.211086135 0.827945618
vn 0.520114652 0.210605933 0.827723317
vn 0.847732270 0.298711371 0.438316685
vn 0.848131661 0.298311136 0.437816344
vn -0.067797622 0.100096490 0.992665188
vn 0.856009305 0.074900814 -0.511505560
vn 0.776196162 0.249098768 0.579197136
vn -0.011299758 0.109897642 0.993878677
vn 0.697170479 -0.100895728 -0.709769945
vn 0.949831164 0.254708357 0.181505955
vn 0.865332974 0.238309081 0.440916801
vn 0.342701525 0.139000619 0.929104135
vn 0.340010962 -0.072402334 0.937630230
vn 0.053999805 0.058999786 0.996796392
vn -0.949451722 -0.206089521 0.236787960
vn -0.155598453 0.063299370 0.985790196
vn 0.519531747 0.212712998 0.827550569
vn 0.427389997 -0.405790503 0.807881092
vn -0.320212288 -0.041501593 0.946436320
vn -0.012399580 -0.195793367 0.980566779
vn 0.795710555 -0.040700540 -0.604308016
vn -0.286486265 0.015799243 0.957954072
vn 0.841378604 -0.240293889 0.484087690
vn 0.747568214 -0.490179158 0.448180944
vn 0.760498673 -0.491799142 0.423999260
vn -0.058702022 -0.262909057 0.963033177
vn -0.057002080 -0.262909594 0.963135145
vn 0.368116400 -0.498522210 0.784834965
vn 0.369305772 -0.498307789 0.784412260
vn 0.695599492 -0.599899562 0.395299711
vn 0.696213322 -0.599511472 0.394807555
vn -0.079798157 -0.334592271 0.938978310
vn -0.098702812 -0.319809111 0.942326847
vn 0.306990830 -0.611481735 0.729278217
vn 0.289203815 -0.602707950 0.743709810
vn 0.608876708 -0.722872347 0.326687503
vn 0.596400376 -0.722700455 0.349300220
vn 0.318604416 0.110601533 -0.941413048
vn 0.340207599 0.154803458 -0.927520716
vn 0.002400040 0.999916469 -0.012700209
vn 0.355688622 0.180694220 -0.916970667
vn 0.395316024 0.242209818 -0.886035916
vn 0.395086595 -0.288790202 -0.872070411
vn 0.541968903 -0.027398428 -0.839951805
vn 0.457411056 0.282706833 -0.843120378
vn 0.524911546 0.044000968 -0.850018696
vn 0.582118020 -0.037801170 -0.812225143
vn 0.582689043 -0.013399748 -0.812584719
vn 0.196207089 0.021100762 -0.980335420
vn 0.409592134 0.099898081 -0.906782585
vn 0.244896226 -0.029999538 -0.969085067
vn 0.200708933 -0.061102719 -0.977743515
vn 0.222198666 -0.089399463 -0.970894170
vn 0.199801226 -0.111200682 -0.973505972
vn 0.157095440 -0.044698702 -0.986571360
vn 0.224793116 0.061398120 -0.972470219
vn 0.319693371 0.078298376 -0.944280421
vn 0.397389577 0.071298130 -0.914876003
vn 0.465598119 -0.026599893 -0.884596426
vn 0.559278779 0.079396987 -0.825168690
vn 0.632305960 -0.018100171 -0.774507300
vn 0.674480376 0.054498414 -0.736278578
vn 0.317712572 -0.044601765 -0.947137479
vn 0.334315028 -0.028101263 -0.942042346
vn 0.379704765 -0.101601275 -0.919511540
vn 0.468513463 -0.020200580 -0.883225380
vn 0.436672886 0.041897398 -0.898644200
vn 0.196092880 0.015399441 -0.980464400
vn 0.195902341 -0.014800177 -0.980511717
vn 0.196094946 -0.014699621 -0.980474729
vn 0.219797057 0.010699857 -0.975486938
vn 0.283007719 0.027400747 -0.958726150
vn 0.462113196 0.067801936 -0.884225249
vn 0.498316041 0.075202421 -0.863727804
vn 0.667601756 0.064700170 -0.741701951
vn 0.320616863 0.057703035 -0.945449727
vn 0.276003486 0.114501446 -0.954312053
vn 0.247888881 0.032098560 -0.968256570
vn 0.195910201 0.018300953 -0.980451053
vn 0.195998791 0.014699909 -0.980493950
vn 0.195998401 0.020399834 -0.980392000
vn 0.196005196 0.023300618 -0.980325989
vn 0.196001951 0.024000239 -0.980309759
vn 0.195899033 0.015899922 -0.980495161
vn 0.195696711 0.012599788 -0.980583521
vn -0.638202559 -0.029500118 -0.769303085
vn -0.614400525 0.639800547 -0.461700395
vn 0.233608666 -0.041701547 -0.971436036
vn 0.359893862 -0.062698931 -0.930884124
vn 0.095004100 -0.362215634 -0.927240021
vn -0.065400295 -0.359101621 -0.931004203
vn -0.454206668 -0.572008397 -0.683010027
vn -0.206403446 -0.655310941 -0.726612131
vn -0.682389669 -0.195397042 -0.704389336
vn 0.523509052 -0.013400232 -0.851914730
vn 0.754873920 0.575280124 -0.314989117
vn 0.509402629 0.014600075 -0.860404440
vn 0.824763076 -0.254288616 -0.505077388
vn 0.840810073 -0.446405348 -0.306203668
vn 0.878120149 -0.473510865 -0.068501572
vn 0.951044320 0.185208631 -0.247411530
vn 0.929215736 0.105001778 -0.354306000
vn 0.661505457 0.237301958 -0.711405869
vn 0.488117058 0.160305602 -0.857929981
vn 0.445095529 -0.035199646 -0.894791012
vn 0.462006577 -0.054300773 -0.885212601
vn 0.684781165 -0.398589037 -0.610083220
vn 0.693317191 -0.414610280 -0.589414615
vn 0.739592231 -0.652593145 -0.164698270
vn 0.737703239 -0.660702900 -0.138800609
vn 0.469806302 -0.043200580 -0.881711828
vn 0.466802948 -0.043200273 -0.883305578
vn 0.752464014 -0.336183922 -0.566372914
vn 0.751793696 -0.336297180 -0.567195244
vn 0.836173594 -0.539382967 -0.099396861
vn 0.836034993 -0.539522582 -0.099804177
vn 0.467086807 -0.042798791 -0.883175055
vn -0.490588251 0.057698618 0.869479176
vn 0.640717806 0.009200256 -0.767721335
vn 0.805213721 0.066801138 -0.589210040
vn 0.788506761 0.138601189 -0.599205138
vn 0.818305180 0.150600953 -0.554703511
vn -0.099003991 -0.043401750 0.994140080
vn 0.586994961 -0.052399550 -0.807893064
vn 0.887362572 -0.016399308 -0.460780565
vn 0.483183780 -0.053698197 -0.873870665
vn 0.789782589 -0.275793920 -0.547887922
vn 0.447204452 0.027500274 -0.894008900
vn 0.969518663 0.235904541 -0.066201274
vn 0.943685161 -0.179997170 -0.277595635
vn 0.878565785 -0.370685564 -0.301188270
vn 0.838668932 -0.320188139 -0.440583679
vn 0.844800000 -0.526400000 -0.096000000
vn 0.437622328 0.097604980 -0.893845605
vn 0.427692979 0.107698232 -0.897485268
vn 0.794693190 0.239197950 -0.557895219
vn 0.795557226 0.238317143 -0.557040069
vn 0.949548096 0.306115505 -0.068203455
vn 0.949408939 0.306502886 -0.068400644
vn 0.336102699 0.725305824 -0.600804824
vn 0.519584782 0.836075512 -0.176094842
vn 0.693013646 0.595111718 -0.406908012
vn 0.355199886 0.289599907 -0.888799716
vn 0.500324632 0.362417842 -0.786338712
vn 0.195005432 0.295508231 -0.935226051
vn 0.315299644 0.540399389 -0.780099118
vn 0.143902010 0.250303497 -0.957413375
vn 0.023099292 0.284591273 -0.958370612
vn -0.056299902 0.644298882 -0.762698677
vn -0.168298737 0.352397355 -0.920593091
vn 0.407393824 0.171597399 -0.896986402
vn 0.654734515 0.512227003 -0.555829301
vn 0.732866681 0.610372250 -0.300586334
vn 0.900293675 0.428596989 -0.075999466
vn 0.321996120 0.647292200 -0.690891675
vn 0.328993213 0.791483672 -0.515089374
vn -0.541678133 0.168293206 -0.823566753
vn -0.128001372 0.214002294 -0.968410381
vn -0.053197076 0.144692046 -0.988045689
vn -0.167308314 0.532326452 0.829841236
vn 0.181601742 0.360503457 -0.914908774
vn 0.041498907 0.998773688 0.026999289
vn -0.205801431 0.914206358 0.349102428
vn -0.074497573 0.679077879 -0.730276212
vn -0.320702447 0.863206586 -0.389902975
vn -0.557295450 0.638994783 -0.530195671
vn -0.520916852 0.636020576 -0.569318418
vn -0.795973821 0.350288479 -0.493683763
vn -0.848539250 0.321814886 -0.420019428
vn -0.063498511 0.042499003 -0.997076614
vn -0.063603086 0.043002087 -0.997048378
vn -0.553488208 0.075998381 -0.829382330
vn -0.552510423 0.075101417 -0.830115660
vn -0.893360295 0.087796098 -0.440680414
vn -0.893514220 0.087601394 -0.440407009
vn 0.060200371 0.109100672 -0.992206107
vn -0.115404517 0.115004501 -0.986638618
vn -0.054501292 0.099702363 -0.993523552
vn 0.400912416 -0.081002509 -0.912528261
vn -0.095000346 -0.217600792 -0.971403536
vn -0.826004155 -0.296301490 -0.479502412
vn 0.452495244 0.025899728 -0.891390632
vn 0.063797008 -0.004399794 -0.997953197
vn -0.566191935 -0.285395935 -0.773288985
vn -0.996527435 0.071301963 -0.043001184
vn -0.894145768 0.076903936 -0.441122579
vn -0.063102125 0.050401697 -0.996733561
vn 0.934634283 -0.023800873 -0.354813015
vn -0.549480782 0.112696059 -0.827871046
vn 0.413989681 -0.119697017 -0.902377509
vn 0.413005245 -0.122801560 -0.902411461
vn -0.068900880 -0.298203810 -0.952012162
vn -0.070096277 -0.300984015 -0.951049491
vn -0.533480736 -0.396585680 -0.747073024
vn -0.534498196 -0.399298652 -0.744897486
vn 0.416188811 -0.131796457 -0.899675813
vn 0.423610478 -0.125403102 -0.897122191
vn -0.029600616 -0.413508599 -0.910018924
vn -0.020599447 -0.408389039 -0.912575507
vn -0.458884669 -0.578480673 -0.674377469
vn -0.451219200 -0.576124515 -0.681529000
vn -0.000000000 0.000000000 -1.000000000
vn -0.000000000 0.000000000 1.000000000
g TriBlade_flipped_around_screw_axis_rotor_1_back_left_sunray_cw_stl_Sunray150_Texture_Clear_Liuli_Glass_Propeller
usemtl Sunray150_Texture_Clear_Liuli_Glass_Propeller
f 1//1 2//1 3//1
f 4//2 5//2 6//2
f 7//3 8//3 9//3
f 10//4 11//4 12//4
f 13//5 14//5 15//5
f 16//6 17//6 18//6
f 19//7 20//7 21//7
f 22//8 23//8 24//8
f 25//9 26//9 27//9
f 28//10 29//10 30//10
f 31//11 32//11 33//11
f 34//12 35//12 36//12
f 37//13 38//13 39//13
f 40//14 41//14 42//14
f 43//15 44//15 45//15
f 46//16 47//16 48//16
f 49//17 50//17 51//17
f 52//18 53//18 54//18
f 55//19 56//19 57//19
f 58//20 59//20 60//20
f 61//21 62//21 63//21
f 64//22 65//22 66//22
f 67//23 68//23 69//23
f 70//24 71//24 72//24
f 73//25 74//25 75//25
f 76//26 77//26 78//26
f 79//27 80//27 81//27
f 82//28 83//28 84//28
f 85//29 86//29 87//29
f 88//30 89//30 90//30
f 91//31 92//31 93//31
f 94//32 95//32 96//32
f 97//33 98//33 99//33
f 100//34 101//34 102//34
f 103//35 104//35 105//35
f 106//36 107//36 108//36
f 109//37 110//37 111//37
f 112//38 113//38 114//38
f 115//39 116//39 117//39
f 118//40 119//40 120//40
f 121//41 122//41 123//41
f 124//42 125//42 126//42
f 127//43 128//43 129//43
f 130//44 131//44 132//44
f 133//45 134//45 135//45
f 136//46 137//46 138//46
f 139//47 140//47 141//47
f 142//48 143//48 144//48
f 145//49 146//49 147//49
f 148//50 149//50 150//50
f 151//51 152//51 153//51
f 154//52 155//52 156//52
f 157//53 158//53 159//53
f 160//54 161//54 162//54
f 163//55 164//55 165//55
f 166//56 167//56 168//56
f 169//57 170//57 171//57
f 172//58 173//58 174//58
f 175//59 176//59 177//59
f 178//60 179//60 180//60
f 181//61 182//61 183//61
f 184//62 185//62 186//62
f 187//63 188//63 189//63
f 190//64 191//64 192//64
f 193//65 194//65 195//65
f 196//66 197//66 198//66
f 199//67 200//67 201//67
f 202//68 203//68 204//68
f 205//69 206//69 207//69
f 208//70 209//70 210//70
f 211//71 212//71 213//71
f 214//72 215//72 216//72
f 217//73 218//73 219//73
f 220//74 221//74 222//74
f 223//75 224//75 225//75
f 226//76 227//76 228//76
f 229//77 230//77 231//77
f 232//78 233//78 234//78
f 235//79 236//79 237//79
f 238//80 239//80 240//80
f 241//81 242//81 243//81
f 244//82 245//82 246//82
f 247//83 248//83 249//83
f 250//84 251//84 252//84
f 253//85 254//85 255//85
f 256//86 257//86 258//86
f 259//87 260//87 261//87
f 262//88 263//88 264//88
f 265//89 266//89 267//89
f 268//90 269//90 270//90
f 271//91 272//91 273//91
f 274//92 275//92 276//92
f 277//93 278//93 279//93
f 280//94 281//94 282//94
f 283//95 284//95 285//95
f 286//96 287//96 288//96
f 289//97 290//97 291//97
f 292//98 293//98 294//98
f 295//99 296//99 297//99
f 298//100 299//100 300//100
f 301//101 302//101 303//101
f 304//102 305//102 306//102
f 307//103 308//103 309//103
f 310//104 311//104 312//104
f 313//105 314//105 315//105
f 316//106 317//106 318//106
f 319//107 320//107 321//107
f 322//108 323//108 324//108
f 325//109 326//109 327//109
f 328//110 329//110 330//110
f 331//111 332//111 333//111
f 334//112 335//112 336//112
f 337//113 338//113 339//113
f 340//114 341//114 342//114
f 343//115 344//115 345//115
f 346//116 347//116 348//116
f 349//117 350//117 351//117
f 352//118 353//118 354//118
f 355//119 356//119 357//119
f 358//120 359//120 360//120
f 361//121 362//121 363//121
f 364//122 365//122 366//122
f 367//122 368//122 369//122
f 370//123 371//123 372//123
f 373//124 374//124 375//124
f 376//125 377//125 378//125
f 379//126 380//126 381//126
f 382//127 383//127 384//127
f 385//128 386//128 387//128
f 388//129 389//129 390//129
f 391//109 392//109 393//109
f 394//130 395//130 396//130
f 397//131 398//131 399//131
f 400//132 401//132 402//132
f 403//133 404//133 405//133
f 406//133 407//133 408//133
f 409//133 410//133 411//133
f 412//134 413//134 414//134
f 415//135 416//135 417//135
f 418//136 419//136 420//136
f 421//137 422//137 423//137
f 424//138 425//138 426//138
f 427//139 428//139 429//139
f 430//140 431//140 432//140
f 433//141 434//141 435//141
f 436//142 437//142 438//142
f 439//134 440//134 441//134
f 442//143 443//143 444//143
f 445//144 446//144 447//144
f 448//145 449//145 450//145
f 451//146 452//146 453//146
f 454//147 455//147 456//147
f 457//148 458//148 459//148
f 460//149 461//149 462//149
f 463//149 464//149 465//149
f 466//150 467//150 468//150
f 469//151 470//151 471//151
f 472//152 473//152 474//152
f 475//153 476//153 477//153
f 478//154 479//154 480//154
f 481//155 482//155 483//155
f 484//156 485//156 486//156
f 487//157 488//157 489//157
f 490//158 491//158 492//158
f 493//159 494//159 495//159
f 496//160 497//160 498//160
f 499//161 500//161 501//161
f 502//162 503//162 504//162
f 505//158 506//158 507//158
f 508//163 509//163 510//163
f 511//164 512//164 513//164
f 514//165 515//165 516//165
f 517//166 518//166 519//166
f 520//167 521//167 522//167
f 523//168 524//168 525//168
f 526//169 527//169 528//169
f 529//170 530//170 531//170
f 532//171 533//171 534//171
f 535//172 536//172 537//172
f 538//173 539//173 540//173
f 541//174 542//174 543//174
f 544//175 545//175 546//175
f 547//176 548//176 549//176
f 550//177 551//177 552//177
f 553//178 554//178 555//178
f 556//179 557//179 558//179
f 559//180 560//180 561//180
f 562//181 563//181 564//181
f 565//182 566//182 567//182
f 568//183 569//183 570//183
f 571//184 572//184 573//184
f 574//185 575//185 576//185
f 577//186 578//186 579//186
f 580//187 581//187 582//187
f 583//188 584//188 585//188
f 586//189 587//189 588//189
f 589//190 590//190 591//190
f 592//191 593//191 594//191
f 595//192 596//192 597//192
f 598//193 599//193 600//193
f 601//194 602//194 603//194
f 604//195 605//195 606//195
f 607//196 608//196 609//196
f 610//197 611//197 612//197
f 613//198 614//198 615//198
f 616//199 617//199 618//199
f 619//200 620//200 621//200
f 622//201 623//201 624//201
f 625//202 626//202 627//202
f 628//203 629//203 630//203
f 631//204 632//204 633//204
f 634//205 635//205 636//205
f 637//206 638//206 639//206
f 640//207 641//207 642//207
f 643//208 644//208 645//208
f 646//209 647//209 648//209
f 649//210 650//210 651//210
f 652//211 653//211 654//211
f 655//212 656//212 657//212
f 658//213 659//213 660//213
f 661//214 662//214 663//214
f 664//215 665//215 666//215
f 667//216 668//216 669//216
f 670//217 671//217 672//217
f 673//218 674//218 675//218
f 676//219 677//219 678//219
f 679//220 680//220 681//220
f 682//221 683//221 684//221
f 685//222 686//222 687//222
f 688//223 689//223 690//223
f 691//224 692//224 693//224
f 694//225 695//225 696//225
f 697//226 698//226 699//226
f 700//227 701//227 702//227
f 703//228 704//228 705//228
f 706//229 707//229 708//229
f 709//230 710//230 711//230
f 712//231 713//231 714//231
f 715//232 716//232 717//232
f 718//233 719//233 720//233
f 721//234 722//234 723//234
f 724//235 725//235 726//235
f 727//236 728//236 729//236
f 730//237 731//237 732//237
f 733//238 734//238 735//238
f 736//239 737//239 738//239
f 739//240 740//240 741//240
f 742//241 743//241 744//241
f 745//242 746//242 747//242
f 748//243 749//243 750//243
f 751//244 752//244 753//244
f 754//245 755//245 756//245
f 757//246 758//246 759//246
f 760//247 761//247 762//247
f 763//248 764//248 765//248
f 766//249 767//249 768//249
f 769//250 770//250 771//250
f 772//251 773//251 774//251
f 775//252 776//252 777//252
f 778//253 779//253 780//253
f 781//254 782//254 783//254
f 784//255 785//255 786//255
f 787//256 788//256 789//256
f 790//257 791//257 792//257
f 793//258 794//258 795//258
f 796//259 797//259 798//259
f 799//260 800//260 801//260
f 802//261 803//261 804//261
f 805//262 806//262 807//262
f 808//263 809//263 810//263
f 811//264 812//264 813//264
f 814//265 815//265 816//265
f 817//266 818//266 819//266
f 820//267 821//267 822//267
f 823//268 824//268 825//268
f 826//269 827//269 828//269
f 829//270 830//270 831//270
f 832//271 833//271 834//271
f 835//272 836//272 837//272
f 838//273 839//273 840//273
f 841//274 842//274 843//274
f 844//275 845//275 846//275
f 847//276 848//276 849//276
f 850//277 851//277 852//277
f 853//278 854//278 855//278
f 856//279 857//279 858//279
f 859//280 860//280 861//280
f 862//281 863//281 864//281
f 865//282 866//282 867//282
f 868//283 869//283 870//283
f 871//284 872//284 873//284
f 874//285 875//285 876//285
f 877//286 878//286 879//286
f 880//287 881//287 882//287
f 883//288 884//288 885//288
f 886//289 887//289 888//289
f 889//290 890//290 891//290
f 892//291 893//291 894//291
f 895//292 896//292 897//292
f 898//293 899//293 900//293
f 901//294 902//294 903//294
f 904//295 905//295 906//295
f 907//296 908//296 909//296
f 910//297 911//297 912//297
f 913//298 914//298 915//298
f 916//299 917//299 918//299
f 919//300 920//300 921//300
f 922//301 923//301 924//301
f 925//302 926//302 927//302
f 928//303 929//303 930//303
f 931//304 932//304 933//304
f 934//305 935//305 936//305
f 937//306 938//306 939//306
f 940//307 941//307 942//307
f 943//308 944//308 945//308
f 946//309 947//309 948//309
f 949//310 950//310 951//310
f 952//311 953//311 954//311
f 955//312 956//312 957//312
f 958//313 959//313 960//313
f 961//314 962//314 963//314
f 964//315 965//315 966//315
f 967//316 968//316 969//316
f 970//317 971//317 972//317
f 973//318 974//318 975//318
f 976//319 977//319 978//319
f 979//320 980//320 981//320
f 982//321 983//321 984//321
f 985//322 986//322 987//322
f 988//323 989//323 990//323
f 991//324 992//324 993//324
f 994//325 995//325 996//325
f 997//326 998//326 999//326
f 1000//327 1001//327 1002//327
f 1003//328 1004//328 1005//328
f 1006//329 1007//329 1008//329
f 1009//330 1010//330 1011//330
f 1012//331 1013//331 1014//331
f 1015//332 1016//332 1017//332
f 1018//333 1019//333 1020//333
f 1021//334 1022//334 1023//334
f 1024//335 1025//335 1026//335
f 1027//336 1028//336 1029//336
f 1030//337 1031//337 1032//337
f 1033//338 1034//338 1035//338
f 1036//339 1037//339 1038//339
f 1039//340 1040//340 1041//340
f 1042//341 1043//341 1044//341
f 1045//342 1046//342 1047//342
f 1048//343 1049//343 1050//343
f 1051//344 1052//344 1053//344
f 1054//345 1055//345 1056//345
f 1057//346 1058//346 1059//346
f 1060//347 1061//347 1062//347
f 1063//348 1064//348 1065//348
f 1066//349 1067//349 1068//349
f 1069//350 1070//350 1071//350
f 1072//351 1073//351 1074//351
f 1075//352 1076//352 1077//352
f 1078//353 1079//353 1080//353
f 1081//354 1082//354 1083//354
f 1084//355 1085//355 1086//355
f 1087//356 1088//356 1089//356
f 1090//357 1091//357 1092//357
f 1093//358 1094//358 1095//358
f 1096//359 1097//359 1098//359
f 1099//360 1100//360 1101//360
f 1102//361 1103//361 1104//361
f 1105//362 1106//362 1107//362
f 1108//363 1109//363 1110//363
f 1111//364 1112//364 1113//364
f 1114//365 1115//365 1116//365
f 1117//366 1118//366 1119//366
f 1120//367 1121//367 1122//367
f 1123//368 1124//368 1125//368
f 1126//369 1127//369 1128//369
f 1129//370 1130//370 1131//370
f 1132//371 1133//371 1134//371
f 1135//372 1136//372 1137//372
f 1138//373 1139//373 1140//373
f 1141//374 1142//374 1143//374
f 1144//375 1145//375 1146//375
f 1147//376 1148//376 1149//376
f 1150//377 1151//377 1152//377
f 1153//378 1154//378 1155//378
f 1156//379 1157//379 1158//379
f 1159//380 1160//380 1161//380
f 1162//381 1163//381 1164//381
f 1165//382 1166//382 1167//382
f 1168//383 1169//383 1170//383
f 1171//384 1172//384 1173//384
f 1174//385 1175//385 1176//385
f 1177//386 1178//386 1179//386
f 1180//387 1181//387 1182//387
f 1183//388 1184//388 1185//388
f 1186//389 1187//389 1188//389
f 1189//390 1190//390 1191//390
f 1192//391 1193//391 1194//391
f 1195//392 1196//392 1197//392
f 1198//393 1199//393 1200//393
f 1201//394 1202//394 1203//394
f 1204//395 1205//395 1206//395
f 1207//396 1208//396 1209//396
f 1210//397 1211//397 1212//397
f 1213//398 1214//398 1215//398
f 1216//399 1217//399 1218//399
f 1219//400 1220//400 1221//400
f 1222//401 1223//401 1224//401
f 1225//402 1226//402 1227//402
f 1228//403 1229//403 1230//403
f 1231//404 1232//404 1233//404
f 1234//405 1235//405 1236//405
f 1237//406 1238//406 1239//406
f 1240//407 1241//407 1242//407
f 1243//408 1244//408 1245//408
f 1246//409 1247//409 1248//409
f 1249//410 1250//410 1251//410
f 1252//411 1253//411 1254//411
f 1255//412 1256//412 1257//412
f 1258//413 1259//413 1260//413
f 1261//414 1262//414 1263//414
f 1264//415 1265//415 1266//415
f 1267//416 1268//416 1269//416
f 1270//417 1271//417 1272//417
f 1273//418 1274//418 1275//418
f 1276//419 1277//419 1278//419
f 1279//420 1280//420 1281//420
f 1282//421 1283//421 1284//421
f 1285//422 1286//422 1287//422
f 1288//423 1289//423 1290//423
f 1291//424 1292//424 1293//424
f 1294//425 1295//425 1296//425
f 1297//426 1298//426 1299//426
f 1300//427 1301//427 1302//427
f 1303//428 1304//428 1305//428
f 1306//429 1307//429 1308//429
f 1309//430 1310//430 1311//430
f 1312//431 1313//431 1314//431
f 1315//432 1316//432 1317//432
f 1318//433 1319//433 1320//433
f 1321//434 1322//434 1323//434
f 1324//435 1325//435 1326//435
f 1327//436 1328//436 1329//436
f 1330//437 1331//437 1332//437
f 1333//438 1334//438 1335//438
f 1336//439 1337//439 1338//439
f 1339//440 1340//440 1341//440
f 1342//441 1343//441 1344//441
f 1345//442 1346//442 1347//442
f 1348//443 1349//443 1350//443
f 1351//444 1352//444 1353//444
f 1354//445 1355//445 1356//445
f 1357//446 1358//446 1359//446
f 1360//447 1361//447 1362//447
f 1363//448 1364//448 1365//448
f 1366//449 1367//449 1368//449
f 1369//450 1370//450 1371//450
f 1372//451 1373//451 1374//451
f 1375//452 1376//452 1377//452
f 1378//453 1379//453 1380//453
f 1381//454 1382//454 1383//454
f 1384//455 1385//455 1386//455
f 1387//456 1388//456 1389//456
f 1390//457 1391//457 1392//457
f 1393//458 1394//458 1395//458
f 1396//459 1397//459 1398//459
f 1399//460 1400//460 1401//460
f 1402//461 1403//461 1404//461
f 1405//462 1406//462 1407//462
f 1408//463 1409//463 1410//463
f 1411//464 1412//464 1413//464
f 1414//465 1415//465 1416//465
f 1417//466 1418//466 1419//466
f 1420//467 1421//467 1422//467
f 1423//468 1424//468 1425//468
f 1426//469 1427//469 1428//469
f 1429//470 1430//470 1431//470
f 1432//471 1433//471 1434//471
f 1435//472 1436//472 1437//472
f 1438//473 1439//473 1440//473
f 1441//474 1442//474 1443//474
f 1444//475 1445//475 1446//475
f 1447//476 1448//476 1449//476
f 1450//477 1451//477 1452//477
f 1453//478 1454//478 1455//478
f 1456//479 1457//479 1458//479
f 1459//480 1460//480 1461//480
f 1462//481 1463//481 1464//481
f 1465//482 1466//482 1467//482
f 1468//483 1469//483 1470//483
f 1471//484 1472//484 1473//484
f 1474//485 1475//485 1476//485
f 1477//486 1478//486 1479//486
f 1480//487 1481//487 1482//487
f 1483//488 1484//488 1485//488
f 1486//489 1487//489 1488//489
f 1489//490 1490//490 1491//490
f 1492//491 1493//491 1494//491
f 1495//492 1496//492 1497//492
f 1498//493 1499//493 1500//493
f 1501//494 1502//494 1503//494
f 1504//495 1505//495 1506//495
f 1507//496 1508//496 1509//496
f 1510//497 1511//497 1512//497
f 1513//498 1514//498 1515//498
f 1516//499 1517//499 1518//499
f 1519//500 1520//500 1521//500
f 1522//501 1523//501 1524//501
f 1525//502 1526//502 1527//502
f 1528//503 1529//503 1530//503
f 1531//504 1532//504 1533//504
f 1534//505 1535//505 1536//505
f 1537//506 1538//506 1539//506
f 1540//507 1541//507 1542//507
f 1543//508 1544//508 1545//508
f 1546//509 1547//509 1548//509
f 1549//510 1550//510 1551//510
f 1552//511 1553//511 1554//511
f 1555//512 1556//512 1557//512
f 1558//513 1559//513 1560//513
f 1561//514 1562//514 1563//514
f 1564//515 1565//515 1566//515
f 1567//516 1568//516 1569//516
f 1570//517 1571//517 1572//517
f 1573//518 1574//518 1575//518
f 1576//519 1577//519 1578//519
f 1579//520 1580//520 1581//520
f 1582//521 1583//521 1584//521
f 1585//522 1586//522 1587//522
f 1588//523 1589//523 1590//523
f 1591//524 1592//524 1593//524
f 1594//525 1595//525 1596//525
f 1597//526 1598//526 1599//526
f 1600//527 1601//527 1602//527
f 1603//528 1604//528 1605//528
f 1606//529 1607//529 1608//529
f 1609//530 1610//530 1611//530
f 1612//531 1613//531 1614//531
f 1615//532 1616//532 1617//532
f 1618//533 1619//533 1620//533
f 1621//534 1622//534 1623//534
f 1624//535 1625//535 1626//535
f 1627//536 1628//536 1629//536
f 1630//537 1631//537 1632//537
f 1633//538 1634//538 1635//538
f 1636//539 1637//539 1638//539
f 1639//540 1640//540 1641//540
f 1642//541 1643//541 1644//541
f 1645//542 1646//542 1647//542
f 1648//543 1649//543 1650//543
f 1651//544 1652//544 1653//544
f 1654//545 1655//545 1656//545
f 1657//546 1658//546 1659//546
f 1660//547 1661//547 1662//547
f 1663//548 1664//548 1665//548
f 1666//549 1667//549 1668//549
f 1669//550 1670//550 1671//550
f 1672//551 1673//551 1674//551
f 1675//552 1676//552 1677//552
f 1678//553 1679//553 1680//553
f 1681//554 1682//554 1683//554
f 1684//555 1685//555 1686//555
f 1687//556 1688//556 1689//556
f 1690//557 1691//557 1692//557
f 1693//558 1694//558 1695//558
f 1696//559 1697//559 1698//559
f 1699//560 1700//560 1701//560
f 1702//561 1703//561 1704//561
f 1705//562 1706//562 1707//562
f 1708//563 1709//563 1710//563
f 1711//564 1712//564 1713//564
f 1714//565 1715//565 1716//565
f 1717//566 1718//566 1719//566
f 1720//567 1721//567 1722//567
f 1723//568 1724//568 1725//568
f 1726//569 1727//569 1728//569
f 1729//570 1730//570 1731//570
f 1732//571 1733//571 1734//571
f 1735//572 1736//572 1737//572
f 1738//573 1739//573 1740//573
f 1741//574 1742//574 1743//574
f 1744//575 1745//575 1746//575
f 1747//576 1748//576 1749//576
f 1750//577 1751//577 1752//577
f 1753//578 1754//578 1755//578
f 1756//579 1757//579 1758//579
f 1759//580 1760//580 1761//580
f 1762//581 1763//581 1764//581
f 1765//582 1766//582 1767//582
f 1768//583 1769//583 1770//583
f 1771//584 1772//584 1773//584
f 1774//585 1775//585 1776//585
f 1777//586 1778//586 1779//586
f 1780//587 1781//587 1782//587
f 1783//588 1784//588 1785//588
f 1786//589 1787//589 1788//589
f 1789//590 1790//590 1791//590
f 1792//591 1793//591 1794//591
f 1795//592 1796//592 1797//592
f 1798//593 1799//593 1800//593
f 1801//594 1802//594 1803//594
f 1804//595 1805//595 1806//595
f 1807//596 1808//596 1809//596
f 1810//597 1811//597 1812//597
f 1813//598 1814//598 1815//598
f 1816//599 1817//599 1818//599
f 1819//600 1820//600 1821//600
f 1822//601 1823//601 1824//601
f 1825//602 1826//602 1827//602
f 1828//603 1829//603 1830//603
f 1831//604 1832//604 1833//604
f 1834//605 1835//605 1836//605
f 1837//606 1838//606 1839//606
f 1840//607 1841//607 1842//607
f 1843//608 1844//608 1845//608
f 1846//609 1847//609 1848//609
f 1849//610 1850//610 1851//610
f 1852//611 1853//611 1854//611
f 1855//612 1856//612 1857//612
f 1858//613 1859//613 1860//613
f 1861//614 1862//614 1863//614
f 1864//615 1865//615 1866//615
f 1867//616 1868//616 1869//616
f 1870//617 1871//617 1872//617
f 1873//618 1874//618 1875//618
f 1876//619 1877//619 1878//619
f 1879//620 1880//620 1881//620
f 1882//621 1883//621 1884//621
f 1885//622 1886//622 1887//622
f 1888//623 1889//623 1890//623
f 1891//624 1892//624 1893//624
f 1894//625 1895//625 1896//625
f 1897//626 1898//626 1899//626
f 1900//627 1901//627 1902//627
f 1903//628 1904//628 1905//628
f 1906//629 1907//629 1908//629
f 1909//630 1910//630 1911//630
f 1912//631 1913//631 1914//631
f 1915//632 1916//632 1917//632
f 1918//633 1919//633 1920//633
f 1921//634 1922//634 1923//634
f 1924//635 1925//635 1926//635
f 1927//636 1928//636 1929//636
f 1930//637 1931//637 1932//637
f 1933//638 1934//638 1935//638
f 1936//639 1937//639 1938//639
f 1939//640 1940//640 1941//640
f 1942//641 1943//641 1944//641
f 1945//642 1946//642 1947//642
f 1948//643 1949//643 1950//643
f 1951//644 1952//644 1953//644
f 1954//645 1955//645 1956//645
f 1957//646 1958//646 1959//646
f 1960//647 1961//647 1962//647
f 1963//648 1964//648 1965//648
f 1966//649 1967//649 1968//649
f 1969//650 1970//650 1971//650
f 1972//651 1973//651 1974//651
f 1975//652 1976//652 1977//652
f 1978//653 1979//653 1980//653
f 1981//654 1982//654 1983//654
f 1984//655 1985//655 1986//655
f 1987//656 1988//656 1989//656
f 1990//657 1991//657 1992//657
f 1993//658 1994//658 1995//658
f 1996//659 1997//659 1998//659
f 1999//660 2000//660 2001//660
f 2002//661 2003//661 2004//661
f 2005//662 2006//662 2007//662
f 2008//663 2009//663 2010//663
f 2011//664 2012//664 2013//664
f 2014//665 2015//665 2016//665
f 2017//666 2018//666 2019//666
f 2020//667 2021//667 2022//667
f 2023//668 2024//668 2025//668
f 2026//669 2027//669 2028//669
f 2029//670 2030//670 2031//670
f 2032//671 2033//671 2034//671
f 2035//672 2036//672 2037//672
f 2038//673 2039//673 2040//673
f 2041//674 2042//674 2043//674
f 2044//675 2045//675 2046//675
f 2047//676 2048//676 2049//676
f 2050//677 2051//677 2052//677
f 2053//678 2054//678 2055//678
f 2056//679 2057//679 2058//679
f 2059//680 2060//680 2061//680
f 2062//681 2063//681 2064//681
f 2065//682 2066//682 2067//682
f 2068//683 2069//683 2070//683
f 2071//684 2072//684 2073//684
f 2074//685 2075//685 2076//685
f 2077//686 2078//686 2079//686
f 2080//687 2081//687 2082//687
f 2083//688 2084//688 2085//688
f 2086//689 2087//689 2088//689
f 2089//690 2090//690 2091//690
f 2092//691 2093//691 2094//691
f 2095//692 2096//692 2097//692
f 2098//693 2099//693 2100//693
f 2101//694 2102//694 2103//694
f 2104//695 2105//695 2106//695
f 2107//696 2108//696 2109//696
f 2110//697 2111//697 2112//697
f 2113//698 2114//698 2115//698
f 2116//699 2117//699 2118//699
f 2119//700 2120//700 2121//700
f 2122//701 2123//701 2124//701
f 2125//702 2126//702 2127//702
f 2128//703 2129//703 2130//703
f 2131//704 2132//704 2133//704
f 2134//705 2135//705 2136//705
f 2137//706 2138//706 2139//706
f 2140//707 2141//707 2142//707
f 2143//708 2144//708 2145//708
f 2146//709 2147//709 2148//709
f 2149//710 2150//710 2151//710
f 2152//711 2153//711 2154//711
f 2155//712 2156//712 2157//712
f 2158//713 2159//713 2160//713
f 2161//714 2162//714 2163//714
f 2164//715 2165//715 2166//715
f 2167//716 2168//716 2169//716
f 2170//717 2171//717 2172//717
f 2173//718 2174//718 2175//718
f 2176//719 2177//719 2178//719
f 2179//720 2180//720 2181//720
f 2182//721 2183//721 2184//721
f 2185//722 2186//722 2187//722
f 2188//723 2189//723 2190//723
f 2191//724 2192//724 2193//724
f 2194//725 2195//725 2196//725
f 2197//726 2198//726 2199//726
f 2200//727 2201//727 2202//727
f 2203//728 2204//728 2205//728
f 2206//729 2207//729 2208//729
f 2209//730 2210//730 2211//730
f 2212//731 2213//731 2214//731
f 2215//732 2216//732 2217//732
f 2218//733 2219//733 2220//733
f 2221//734 2222//734 2223//734
f 2224//735 2225//735 2226//735
f 2227//736 2228//736 2229//736
f 2230//737 2231//737 2232//737
f 2233//738 2234//738 2235//738
f 2236//739 2237//739 2238//739
f 2239//740 2240//740 2241//740
f 2242//741 2243//741 2244//741
f 2245//742 2246//742 2247//742
f 2248//743 2249//743 2250//743
f 2251//744 2252//744 2253//744
f 2254//745 2255//745 2256//745
f 2257//746 2258//746 2259//746
f 2260//747 2261//747 2262//747
f 2263//748 2264//748 2265//748
f 2266//749 2267//749 2268//749
f 2269//750 2270//750 2271//750
f 2272//751 2273//751 2274//751
f 2275//752 2276//752 2277//752
f 2278//753 2279//753 2280//753
f 2281//754 2282//754 2283//754
f 2284//755 2285//755 2286//755
f 2287//756 2288//756 2289//756
f 2290//757 2291//757 2292//757
f 2293//758 2294//758 2295//758
f 2296//758 2297//758 2298//758
f 2299//758 2300//758 2301//758
f 2302//758 2303//758 2304//758
f 2305//758 2306//758 2307//758
f 2308//758 2309//758 2310//758
f 2311//758 2312//758 2313//758
f 2314//758 2315//758 2316//758
f 2317//758 2318//758 2319//758
f 2320//758 2321//758 2322//758
f 2323//758 2324//758 2325//758
f 2326//758 2327//758 2328//758
f 2329//758 2330//758 2331//758
f 2332//758 2333//758 2334//758
f 2335//758 2336//758 2337//758
f 2338//758 2339//758 2340//758
f 2341//758 2342//758 2343//758
f 2344//758 2345//758 2346//758
f 2347//758 2348//758 2349//758
f 2350//758 2351//758 2352//758
f 2353//758 2354//758 2355//758
f 2356//758 2357//758 2358//758
f 2359//758 2360//758 2361//758
f 2362//758 2363//758 2364//758
f 2365//758 2366//758 2367//758
f 2368//758 2369//758 2370//758
f 2371//759 2372//759 2373//759
f 2374//759 2375//759 2376//759
f 2377//759 2378//759 2379//759
f 2380//759 2381//759 2382//759
f 2383//759 2384//759 2385//759
f 2386//759 2387//759 2388//759
f 2389//759 2390//759 2391//759
f 2392//759 2393//759 2394//759
f 2395//759 2396//759 2397//759
f 2398//759 2399//759 2400//759
f 2401//759 2402//759 2403//759
f 2404//759 2405//759 2406//759
f 2407//759 2408//759 2409//759
f 2410//759 2411//759 2412//759
f 2413//759 2414//759 2415//759
f 2416//759 2417//759 2418//759
f 2419//759 2420//759 2421//759
f 2422//759 2423//759 2424//759
f 2425//759 2426//759 2427//759
f 2428//759 2429//759 2430//759
f 2431//759 2432//759 2433//759
f 2434//759 2435//759 2436//759
f 2437//759 2438//759 2439//759
f 2440//759 2441//759 2442//759
f 2443//759 2444//759 2445//759
f 2446//759 2447//759 2448//759
f 2449//133 2450//133 2451//133
f 2452//109 2453//109 2454//109
f 2455//109 2456//109 2457//109
f 2458//133 2459//133 2460//133
f 2461//110 2462//110 2463//110
f 2464//110 2465//110 2466//110
f 2467//122 2468//122 2469//122
f 2470//122 2471//122 2472//122
f 2473//159 2474//159 2475//159
f 2476//134 2477//134 2478//134
f 2479//134 2480//134 2481//134
f 2482//159 2483//159 2484//159
f 2485//149 2486//149 2487//149
f 2488//149 2489//149 2490//149
f 2491//158 2492//158 2493//158
f 2494//158 2495//158 2496//158
f 2497//133 2498//133 2499//133
f 2500//109 2501//109 2502//109
f 2503//109 2504//109 2505//109
f 2506//133 2507//133 2508//133
f 2509//110 2510//110 2511//110
f 2512//110 2513//110 2514//110
f 2515//122 2516//122 2517//122
f 2518//122 2519//122 2520//122
f 2521//159 2522//159 2523//159
f 2524//134 2525//134 2526//134
f 2527//134 2528//134 2529//134
f 2530//159 2531//159 2532//159
f 2533//149 2534//149 2535//149
f 2536//149 2537//149 2538//149
f 2539//158 2540//158 2541//158
f 2542//158 2543//158 2544//158
