# generated by MoSim split static body/rotor prop visuals
mtllib sunray150_dae_mid360_realistic_material_audit_gazebo_visual.mtl
v -0.056100 -0.018282 -0.048769
v -0.056267 -0.018498 -0.048280
v -0.058666 -0.016144 -0.051246
v -0.056636 -0.018719 -0.047728
v -0.057539 -0.017429 -0.049270
v -0.058491 -0.016337 -0.050898
v -0.056267 -0.018498 -0.048280
v -0.056636 -0.018719 -0.047728
v -0.058666 -0.016144 -0.051246
v -0.058666 -0.016144 -0.051246
v -0.056636 -0.018719 -0.047728
v -0.058491 -0.016337 -0.050898
v -0.058666 -0.016144 -0.051246
v -0.058491 -0.016337 -0.050898
v -0.059489 -0.015442 -0.052615
v -0.059264 -0.015178 -0.054072
v -0.058666 -0.016144 -0.051246
v -0.060536 -0.014745 -0.054421
v -0.060536 -0.014745 -0.054421
v -0.058666 -0.016144 -0.051246
v -0.059489 -0.015442 -0.052615
v -0.059264 -0.015178 -0.054072
v -0.060536 -0.014745 -0.054421
v -0.059265 -0.014751 -0.054062
v -0.059265 -0.014751 -0.054062
v -0.060536 -0.014745 -0.054421
v -0.060443 -0.014361 -0.054350
v -0.056636 -0.018719 -0.047728
v -0.056267 -0.018498 -0.048280
v -0.056518 -0.018405 -0.047507
v -0.056518 -0.018405 -0.047507
v -0.056267 -0.018498 -0.048280
v -0.056100 -0.018282 -0.048769
v -0.056518 -0.018405 -0.047507
v -0.056100 -0.018282 -0.048769
v -0.055936 -0.017905 -0.048695
v -0.082685 -0.017684 -0.030600
v -0.080206 -0.016988 -0.034962
v -0.089407 -0.017163 -0.027320
v -0.060287 -0.019555 -0.043693
v -0.057394 -0.017125 -0.049044
v -0.065243 -0.017049 -0.043359
v -0.075966 -0.018639 -0.033838
v -0.080206 -0.016988 -0.034962
v -0.082685 -0.017684 -0.030600
v -0.057394 -0.017125 -0.049044
v -0.060287 -0.019555 -0.043693
v -0.056518 -0.018405 -0.047507
v -0.073116 -0.017065 -0.038816
v -0.074829 -0.015315 -0.041749
v -0.080206 -0.016988 -0.034962
v -0.058321 -0.016036 -0.050663
v -0.058736 -0.015625 -0.051386
v -0.064091 -0.014063 -0.051298
v -0.058321 -0.016036 -0.050663
v -0.064091 -0.014063 -0.051298
v -0.066891 -0.014901 -0.046207
v -0.058321 -0.016036 -0.050663
v -0.066891 -0.014901 -0.046207
v -0.065243 -0.017049 -0.043359
v -0.058321 -0.016036 -0.050663
v -0.065243 -0.017049 -0.043359
v -0.057394 -0.017125 -0.049044
v -0.069517 -0.012891 -0.053327
v -0.064091 -0.014063 -0.051298
v -0.066257 -0.013209 -0.054107
v -0.066257 -0.013209 -0.054107
v -0.064091 -0.014063 -0.051298
v -0.058736 -0.015625 -0.051386
v -0.066257 -0.013209 -0.054107
v -0.058736 -0.015625 -0.051386
v -0.060443 -0.014361 -0.054350
v -0.074829 -0.015315 -0.041749
v -0.086564 -0.016212 -0.034180
v -0.080206 -0.016988 -0.034962
v -0.080206 -0.016988 -0.034962
v -0.086564 -0.016212 -0.034180
v -0.091417 -0.016361 -0.030789
v -0.080206 -0.016988 -0.034962
v -0.091417 -0.016361 -0.030789
v -0.089407 -0.017163 -0.027320
v -0.073563 -0.012875 -0.051598
v -0.076241 -0.013098 -0.049955
v -0.071365 -0.013444 -0.048023
v -0.071365 -0.013444 -0.048023
v -0.076241 -0.013098 -0.049955
v -0.080050 -0.013673 -0.046993
v -0.071365 -0.013444 -0.048023
v -0.080050 -0.013673 -0.046993
v -0.079250 -0.014582 -0.043094
v -0.079250 -0.014582 -0.043094
v -0.080050 -0.013673 -0.046993
v -0.085960 -0.014743 -0.041528
v -0.079250 -0.014582 -0.043094
v -0.085960 -0.014743 -0.041528
v -0.087813 -0.015664 -0.036333
v -0.087813 -0.015664 -0.036333
v -0.085960 -0.014743 -0.041528
v -0.093421 -0.015559 -0.034261
v -0.087813 -0.015664 -0.036333
v -0.093421 -0.015559 -0.034261
v -0.091417 -0.016361 -0.030789
v -0.066891 -0.014901 -0.046207
v -0.064091 -0.014063 -0.051298
v -0.071365 -0.013444 -0.048023
v -0.071365 -0.013444 -0.048023
v -0.064091 -0.014063 -0.051298
v -0.069517 -0.012891 -0.053327
v -0.071365 -0.013444 -0.048023
v -0.069517 -0.012891 -0.053327
v -0.073563 -0.012875 -0.051598
v -0.060287 -0.019555 -0.043693
v -0.065243 -0.017049 -0.043359
v -0.064518 -0.019953 -0.040320
v -0.064518 -0.019953 -0.040320
v -0.065243 -0.017049 -0.043359
v -0.073116 -0.017065 -0.038816
v -0.064518 -0.019953 -0.040320
v -0.073116 -0.017065 -0.038816
v -0.070939 -0.019433 -0.036392
v -0.070939 -0.019433 -0.036392
v -0.073116 -0.017065 -0.038816
v -0.080206 -0.016988 -0.034962
v -0.070939 -0.019433 -0.036392
v -0.080206 -0.016988 -0.034962
v -0.075966 -0.018639 -0.033838
v -0.079250 -0.014582 -0.043094
v -0.074829 -0.015315 -0.041749
v -0.071365 -0.013444 -0.048023
v -0.071365 -0.013444 -0.048023
v -0.074829 -0.015315 -0.041749
v -0.066891 -0.014901 -0.046207
v -0.074829 -0.015315 -0.041749
v -0.073116 -0.017065 -0.038816
v -0.066891 -0.014901 -0.046207
v -0.066891 -0.014901 -0.046207
v -0.073116 -0.017065 -0.038816
v -0.065243 -0.017049 -0.043359
v -0.091417 -0.016361 -0.030789
v -0.086564 -0.016212 -0.034180
v -0.087813 -0.015664 -0.036333
v -0.087813 -0.015664 -0.036333
v -0.086564 -0.016212 -0.034180
v -0.074829 -0.015315 -0.041749
v -0.087813 -0.015664 -0.036333
v -0.074829 -0.015315 -0.041749
v -0.079250 -0.014582 -0.043094
v -0.056518 -0.018405 -0.047507
v -0.055936 -0.017905 -0.048695
v -0.057394 -0.017125 -0.049044
v -0.057394 -0.017125 -0.049044
v -0.055936 -0.017905 -0.048695
v -0.058321 -0.016036 -0.050663
v -0.059265 -0.014751 -0.054062
v -0.060443 -0.014361 -0.054350
v -0.058736 -0.015625 -0.051386
v -0.048269 -0.018282 -0.054230
v -0.047762 -0.018498 -0.054330
v -0.049131 -0.016144 -0.050769
v -0.047099 -0.018719 -0.054287
v -0.047982 -0.017429 -0.052733
v -0.048917 -0.016337 -0.051095
v -0.047762 -0.018498 -0.054330
v -0.047099 -0.018719 -0.054287
v -0.049131 -0.016144 -0.050769
v -0.049131 -0.016144 -0.050769
v -0.047099 -0.018719 -0.054287
v -0.048917 -0.016337 -0.051095
v -0.049131 -0.016144 -0.050769
v -0.048917 -0.016337 -0.051095
v -0.049905 -0.015442 -0.049372
v -0.051279 -0.015178 -0.048838
v -0.049131 -0.016144 -0.050769
v -0.050945 -0.014745 -0.047563
v -0.050945 -0.014745 -0.047563
v -0.049131 -0.016144 -0.050769
v -0.049905 -0.015442 -0.049372
v -0.051279 -0.015178 -0.048838
v -0.050945 -0.014745 -0.047563
v -0.051270 -0.014751 -0.048843
v -0.051270 -0.014751 -0.048843
v -0.050945 -0.014745 -0.047563
v -0.050931 -0.014361 -0.047679
v -0.047099 -0.018719 -0.054287
v -0.047762 -0.018498 -0.054330
v -0.046967 -0.018405 -0.054499
v -0.046967 -0.018405 -0.054499
v -0.047762 -0.018498 -0.054330
v -0.048269 -0.018282 -0.054230
v -0.046967 -0.018405 -0.054499
v -0.048269 -0.018282 -0.054230
v -0.048287 -0.017905 -0.054409
v -0.019241 -0.017684 -0.040292
v -0.024259 -0.016988 -0.040258
v -0.013040 -0.017163 -0.036110
v -0.041779 -0.019555 -0.053142
v -0.047860 -0.017125 -0.052973
v -0.039012 -0.017049 -0.049017
v -0.025405 -0.018639 -0.044491
v -0.024259 -0.016988 -0.040258
v -0.019241 -0.017684 -0.040292
v -0.047860 -0.017125 -0.052973
v -0.041779 -0.019555 -0.053142
v -0.046967 -0.018405 -0.054499
v -0.031141 -0.017065 -0.044470
v -0.032825 -0.015315 -0.041521
v -0.024259 -0.016988 -0.040258
v -0.048799 -0.016036 -0.051360
v -0.049217 -0.015625 -0.050639
v -0.046463 -0.014063 -0.046045
v -0.048799 -0.016036 -0.051360
v -0.046463 -0.014063 -0.046045
v -0.040654 -0.014901 -0.046166
v -0.048799 -0.016036 -0.051360
v -0.040654 -0.014901 -0.046166
v -0.039012 -0.017049 -0.049017
v -0.048799 -0.016036 -0.051360
v -0.039012 -0.017049 -0.049017
v -0.047860 -0.017125 -0.052973
v -0.045508 -0.012891 -0.040332
v -0.046463 -0.014063 -0.046045
v -0.047813 -0.013209 -0.042765
v -0.047813 -0.013209 -0.042765
v -0.046463 -0.014063 -0.046045
v -0.049217 -0.015625 -0.050639
v -0.047813 -0.013209 -0.042765
v -0.049217 -0.015625 -0.050639
v -0.050931 -0.014361 -0.047679
v -0.032825 -0.015315 -0.041521
v -0.020402 -0.016212 -0.035142
v -0.024259 -0.016988 -0.040258
v -0.024259 -0.016988 -0.040258
v -0.020402 -0.016212 -0.035142
v -0.015039 -0.016361 -0.032635
v -0.024259 -0.016988 -0.040258
v -0.015039 -0.016361 -0.032635
v -0.013040 -0.017163 -0.036110
v -0.041987 -0.012875 -0.037692
v -0.039225 -0.013098 -0.036194
v -0.039991 -0.013444 -0.041383
v -0.039991 -0.013444 -0.041383
v -0.039225 -0.013098 -0.036194
v -0.034755 -0.013673 -0.034378
v -0.039991 -0.013444 -0.041383
v -0.034755 -0.013673 -0.034378
v -0.031779 -0.014582 -0.037019
v -0.031779 -0.014582 -0.037019
v -0.034755 -0.013673 -0.034378
v -0.027067 -0.014743 -0.031991
v -0.031779 -0.014582 -0.037019
v -0.027067 -0.014743 -0.031991
v -0.021642 -0.015664 -0.032984
v -0.021642 -0.015664 -0.032984
v -0.027067 -0.014743 -0.031991
v -0.017044 -0.015559 -0.029164
v -0.021642 -0.015664 -0.032984
v -0.017044 -0.015559 -0.029164
v -0.015039 -0.016361 -0.032635
v -0.040654 -0.014901 -0.046166
v -0.046463 -0.014063 -0.046045
v -0.039991 -0.013444 -0.041383
v -0.039991 -0.013444 -0.041383
v -0.046463 -0.014063 -0.046045
v -0.045508 -0.012891 -0.040332
v -0.039991 -0.013444 -0.041383
v -0.045508 -0.012891 -0.040332
v -0.041987 -0.012875 -0.037692
v -0.041779 -0.019555 -0.053142
v -0.039012 -0.017049 -0.049017
v -0.036743 -0.019953 -0.051164
v -0.036743 -0.019953 -0.051164
v -0.039012 -0.017049 -0.049017
v -0.031141 -0.017065 -0.044470
v -0.036743 -0.019953 -0.051164
v -0.031141 -0.017065 -0.044470
v -0.030130 -0.019433 -0.047568
v -0.030130 -0.019433 -0.047568
v -0.031141 -0.017065 -0.044470
v -0.024259 -0.016988 -0.040258
v -0.030130 -0.019433 -0.047568
v -0.024259 -0.016988 -0.040258
v -0.025405 -0.018639 -0.044491
v -0.031779 -0.014582 -0.037019
v -0.032825 -0.015315 -0.041521
v -0.039991 -0.013444 -0.041383
v -0.039991 -0.013444 -0.041383
v -0.032825 -0.015315 -0.041521
v -0.040654 -0.014901 -0.046166
v -0.032825 -0.015315 -0.041521
v -0.031141 -0.017065 -0.044470
v -0.040654 -0.014901 -0.046166
v -0.040654 -0.014901 -0.046166
v -0.031141 -0.017065 -0.044470
v -0.039012 -0.017049 -0.049017
v -0.015039 -0.016361 -0.032635
v -0.020402 -0.016212 -0.035142
v -0.021642 -0.015664 -0.032984
v -0.021642 -0.015664 -0.032984
v -0.020402 -0.016212 -0.035142
v -0.032825 -0.015315 -0.041521
v -0.021642 -0.015664 -0.032984
v -0.032825 -0.015315 -0.041521
v -0.031779 -0.014582 -0.037019
v -0.046967 -0.018405 -0.054499
v -0.048287 -0.017905 -0.054409
v -0.047860 -0.017125 -0.052973
v -0.047860 -0.017125 -0.052973
v -0.048287 -0.017905 -0.054409
v -0.048799 -0.016036 -0.051360
v -0.051270 -0.014751 -0.048843
v -0.050931 -0.014361 -0.047679
v -0.049217 -0.015625 -0.050639
v -0.053329 -0.015625 -0.059256
v -0.053764 -0.014052 -0.059273
v -0.050796 -0.014760 -0.058407
v -0.053329 -0.015625 -0.059256
v -0.053764 -0.015832 -0.059273
v -0.053764 -0.014052 -0.059273
v -0.051279 -0.015178 -0.048838
v -0.049861 -0.016516 -0.049865
v -0.049131 -0.016144 -0.050769
v -0.049217 -0.015625 -0.050639
v -0.049861 -0.014052 -0.049865
v -0.051270 -0.014751 -0.048843
v -0.053764 -0.019063 -0.059273
v -0.049865 -0.016516 -0.057660
v -0.049865 -0.019063 -0.057660
v -0.048249 -0.019063 -0.053763
v -0.049861 -0.016516 -0.049865
v -0.049861 -0.019063 -0.049865
v -0.048799 -0.016036 -0.051360
v -0.048287 -0.017905 -0.054409
v -0.048249 -0.016516 -0.053763
v -0.048799 -0.016036 -0.051360
v -0.048249 -0.016516 -0.053763
v -0.048249 -0.014052 -0.053763
v -0.048799 -0.016036 -0.051360
v -0.048249 -0.014052 -0.053763
v -0.049861 -0.014052 -0.049865
v -0.048799 -0.016036 -0.051360
v -0.049861 -0.014052 -0.049865
v -0.049217 -0.015625 -0.050639
v -0.048269 -0.018282 -0.054230
v -0.049131 -0.016144 -0.050769
v -0.049861 -0.016516 -0.049865
v -0.048269 -0.018282 -0.054230
v -0.049861 -0.016516 -0.049865
v -0.048249 -0.019063 -0.053763
v -0.048269 -0.018282 -0.054230
v -0.048249 -0.019063 -0.053763
v -0.049865 -0.019063 -0.057660
v -0.048269 -0.018282 -0.054230
v -0.049865 -0.019063 -0.057660
v -0.048287 -0.017905 -0.054409
v -0.050621 -0.015084 -0.058291
v -0.050627 -0.014870 -0.058295
v -0.049865 -0.014052 -0.057660
v -0.050621 -0.015084 -0.058291
v -0.049865 -0.014052 -0.057660
v -0.049865 -0.016516 -0.057660
v -0.050621 -0.015084 -0.058291
v -0.049865 -0.016516 -0.057660
v -0.050683 -0.015155 -0.058333
v -0.053758 -0.014052 -0.048248
v -0.053758 -0.019063 -0.048248
v -0.049861 -0.019063 -0.049865
v -0.053758 -0.014052 -0.048248
v -0.049861 -0.019063 -0.049865
v -0.049861 -0.016516 -0.049865
v -0.053758 -0.014052 -0.048248
v -0.049861 -0.016516 -0.049865
v -0.051279 -0.015178 -0.048838
v -0.053758 -0.014052 -0.048248
v -0.051279 -0.015178 -0.048838
v -0.051270 -0.014751 -0.048843
v -0.053758 -0.014052 -0.048248
v -0.051270 -0.014751 -0.048843
v -0.049861 -0.014052 -0.049865
v -0.049865 -0.014052 -0.057660
v -0.050627 -0.014870 -0.058295
v -0.050649 -0.014849 -0.058310
v -0.049865 -0.014052 -0.057660
v -0.050649 -0.014849 -0.058310
v -0.050715 -0.014784 -0.058355
v -0.049865 -0.014052 -0.057660
v -0.050715 -0.014784 -0.058355
v -0.050796 -0.014760 -0.058407
v -0.049865 -0.014052 -0.057660
v -0.050796 -0.014760 -0.058407
v -0.053764 -0.014052 -0.059273
v -0.053764 -0.019063 -0.059273
v -0.053764 -0.016282 -0.059273
v -0.049865 -0.016516 -0.057660
v -0.049865 -0.016516 -0.057660
v -0.053764 -0.016282 -0.059273
v -0.050732 -0.015177 -0.058366
v -0.049865 -0.016516 -0.057660
v -0.050732 -0.015177 -0.058366
v -0.050683 -0.015155 -0.058333
v -0.048287 -0.017905 -0.054409
v -0.049865 -0.019063 -0.057660
v -0.048249 -0.016516 -0.053763
v -0.048249 -0.016516 -0.053763
v -0.049865 -0.019063 -0.057660
v -0.049865 -0.016516 -0.057660
v -0.048249 -0.016516 -0.053763
v -0.049865 -0.016516 -0.057660
v -0.048249 -0.014052 -0.053763
v -0.048249 -0.014052 -0.053763
v -0.049865 -0.016516 -0.057660
v -0.049865 -0.014052 -0.057660
v -0.053758 -0.014052 -0.048248
v -0.057656 -0.014052 -0.049860
v -0.057656 -0.016516 -0.049860
v -0.059264 -0.015178 -0.054072
v -0.059273 -0.016516 -0.053757
v -0.058666 -0.016144 -0.051246
v -0.058321 -0.016036 -0.050663
v -0.055936 -0.017905 -0.048695
v -0.057656 -0.016516 -0.049860
v -0.058321 -0.016036 -0.050663
v -0.057656 -0.016516 -0.049860
v -0.057656 -0.014052 -0.049860
v -0.058321 -0.016036 -0.050663
v -0.057656 -0.014052 -0.049860
v -0.059273 -0.014052 -0.053757
v -0.058321 -0.016036 -0.050663
v -0.059273 -0.014052 -0.053757
v -0.058736 -0.015625 -0.051386
v -0.059265 -0.014751 -0.054062
v -0.058736 -0.015625 -0.051386
v -0.059273 -0.014052 -0.053757
v -0.059265 -0.014751 -0.054062
v -0.059273 -0.014052 -0.053757
v -0.057661 -0.014052 -0.057656
v -0.059265 -0.014751 -0.054062
v -0.057661 -0.014052 -0.057656
v -0.059264 -0.015178 -0.054072
v -0.053758 -0.019063 -0.048248
v -0.053758 -0.014052 -0.048248
v -0.057656 -0.016516 -0.049860
v -0.053758 -0.019063 -0.048248
v -0.057656 -0.016516 -0.049860
v -0.055936 -0.017905 -0.048695
v -0.053758 -0.019063 -0.048248
v -0.055936 -0.017905 -0.048695
v -0.056100 -0.018282 -0.048769
v -0.053758 -0.019063 -0.048248
v -0.056100 -0.018282 -0.048769
v -0.057656 -0.019063 -0.049860
v -0.057661 -0.016516 -0.057656
v -0.057059 -0.017904 -0.058177
v -0.057105 -0.017964 -0.058142
v -0.057661 -0.016516 -0.057656
v -0.057105 -0.017964 -0.058142
v -0.057131 -0.018049 -0.058122
v -0.057661 -0.016516 -0.057656
v -0.057131 -0.018049 -0.058122
v -0.057661 -0.019063 -0.057656
v -0.057661 -0.016516 -0.057656
v -0.057661 -0.019063 -0.057656
v -0.059273 -0.019063 -0.053757
v -0.057661 -0.016516 -0.057656
v -0.059273 -0.019063 -0.053757
v -0.059273 -0.016516 -0.053757
v -0.057661 -0.016516 -0.057656
v -0.059273 -0.016516 -0.053757
v -0.059264 -0.015178 -0.054072
v -0.057661 -0.016516 -0.057656
v -0.059264 -0.015178 -0.054072
v -0.057661 -0.014052 -0.057656
v -0.057661 -0.016516 -0.057656
v -0.057661 -0.014052 -0.057656
v -0.054163 -0.016036 -0.059258
v -0.057661 -0.016516 -0.057656
v -0.054163 -0.016036 -0.059258
v -0.057059 -0.017904 -0.058177
v -0.057661 -0.019063 -0.057656
v -0.057131 -0.018049 -0.058122
v -0.057059 -0.018238 -0.058177
v -0.057661 -0.019063 -0.057656
v -0.057059 -0.018238 -0.058177
v -0.056957 -0.018271 -0.058252
v -0.057661 -0.019063 -0.057656
v -0.056957 -0.018271 -0.058252
v -0.056877 -0.018254 -0.058307
v -0.057661 -0.019063 -0.057656
v -0.056877 -0.018254 -0.058307
v -0.053764 -0.016282 -0.059273
v -0.057661 -0.019063 -0.057656
v -0.053764 -0.016282 -0.059273
v -0.053764 -0.019063 -0.059273
v -0.059273 -0.019063 -0.053757
v -0.057656 -0.019063 -0.049860
v -0.059273 -0.016516 -0.053757
v -0.059273 -0.016516 -0.053757
v -0.057656 -0.019063 -0.049860
v -0.056100 -0.018282 -0.048769
v -0.059273 -0.016516 -0.053757
v -0.056100 -0.018282 -0.048769
v -0.058666 -0.016144 -0.051246
v -0.054163 -0.016036 -0.059258
v -0.057661 -0.014052 -0.057656
v -0.053764 -0.015832 -0.059273
v -0.053764 -0.015832 -0.059273
v -0.057661 -0.014052 -0.057656
v -0.053764 -0.014052 -0.059273
v -0.089407 -0.017163 -0.027320
v -0.089454 -0.017556 -0.027384
v -0.082685 -0.017684 -0.030600
v -0.082685 -0.017684 -0.030600
v -0.089454 -0.017556 -0.027384
v -0.076959 -0.018852 -0.033559
v -0.082685 -0.017684 -0.030600
v -0.076959 -0.018852 -0.033559
v -0.075966 -0.018639 -0.033838
v -0.075966 -0.018639 -0.033838
v -0.076959 -0.018852 -0.033559
v -0.070939 -0.019433 -0.036392
v -0.070939 -0.019433 -0.036392
v -0.076959 -0.018852 -0.033559
v -0.070111 -0.019857 -0.037159
v -0.070939 -0.019433 -0.036392
v -0.070111 -0.019857 -0.037159
v -0.064518 -0.019953 -0.040320
v -0.064518 -0.019953 -0.040320
v -0.070111 -0.019857 -0.037159
v -0.065007 -0.020209 -0.040355
v -0.064518 -0.019953 -0.040320
v -0.065007 -0.020209 -0.040355
v -0.060287 -0.019555 -0.043693
v -0.060287 -0.019555 -0.043693
v -0.065007 -0.020209 -0.040355
v -0.060588 -0.019848 -0.043820
v -0.060287 -0.019555 -0.043693
v -0.060588 -0.019848 -0.043820
v -0.056518 -0.018405 -0.047507
v -0.056518 -0.018405 -0.047507
v -0.060588 -0.019848 -0.043820
v -0.056636 -0.018719 -0.047728
v -0.093421 -0.015559 -0.034261
v -0.093466 -0.015952 -0.034326
v -0.093481 -0.015566 -0.034177
v -0.093481 -0.015566 -0.034177
v -0.093466 -0.015952 -0.034326
v -0.093527 -0.015959 -0.034242
v -0.093481 -0.015566 -0.034177
v -0.093527 -0.015959 -0.034242
v -0.093533 -0.015593 -0.033974
v -0.093533 -0.015593 -0.033974
v -0.093527 -0.015959 -0.034242
v -0.093579 -0.015986 -0.034039
v -0.093533 -0.015593 -0.033974
v -0.093579 -0.015986 -0.034039
v -0.093525 -0.015636 -0.033721
v -0.093525 -0.015636 -0.033721
v -0.093579 -0.015986 -0.034039
v -0.093572 -0.016029 -0.033786
v -0.093525 -0.015636 -0.033721
v -0.093572 -0.016029 -0.033786
v -0.093378 -0.015756 -0.033096
v -0.093378 -0.015756 -0.033096
v -0.093572 -0.016029 -0.033786
v -0.093342 -0.016199 -0.032914
v -0.093378 -0.015756 -0.033096
v -0.093342 -0.016199 -0.032914
v -0.091892 -0.016431 -0.030021
v -0.091892 -0.016431 -0.030021
v -0.093342 -0.016199 -0.032914
v -0.092963 -0.016392 -0.032003
v -0.091892 -0.016431 -0.030021
v -0.092963 -0.016392 -0.032003
v -0.090961 -0.017182 -0.028591
v -0.089454 -0.017556 -0.027384
v -0.089407 -0.017163 -0.027320
v -0.089584 -0.017545 -0.027354
v -0.089584 -0.017545 -0.027354
v -0.089407 -0.017163 -0.027320
v -0.089537 -0.017152 -0.027291
v -0.089584 -0.017545 -0.027354
v -0.089537 -0.017152 -0.027291
v -0.089731 -0.017523 -0.027383
v -0.089731 -0.017523 -0.027383
v -0.089537 -0.017152 -0.027291
v -0.089685 -0.017130 -0.027320
v -0.089731 -0.017523 -0.027383
v -0.089685 -0.017130 -0.027320
v -0.090050 -0.017454 -0.027575
v -0.090050 -0.017454 -0.027575
v -0.089685 -0.017130 -0.027320
v -0.090003 -0.017061 -0.027513
v -0.090050 -0.017454 -0.027575
v -0.090003 -0.017061 -0.027513
v -0.090961 -0.017182 -0.028591
v -0.090961 -0.017182 -0.028591
v -0.090003 -0.017061 -0.027513
v -0.090326 -0.016974 -0.027817
v -0.090961 -0.017182 -0.028591
v -0.090326 -0.016974 -0.027817
v -0.091892 -0.016431 -0.030021
v -0.089537 -0.017152 -0.027291
v -0.089407 -0.017163 -0.027320
v -0.091417 -0.016361 -0.030789
v -0.089537 -0.017152 -0.027291
v -0.091417 -0.016361 -0.030789
v -0.093421 -0.015559 -0.034261
v -0.089537 -0.017152 -0.027291
v -0.093421 -0.015559 -0.034261
v -0.093481 -0.015566 -0.034177
v -0.089537 -0.017152 -0.027291
v -0.093481 -0.015566 -0.034177
v -0.093533 -0.015593 -0.033974
v -0.089537 -0.017152 -0.027291
v -0.093533 -0.015593 -0.033974
v -0.089685 -0.017130 -0.027320
v -0.091892 -0.016431 -0.030021
v -0.090326 -0.016974 -0.027817
v -0.093378 -0.015756 -0.033096
v -0.093378 -0.015756 -0.033096
v -0.090326 -0.016974 -0.027817
v -0.090003 -0.017061 -0.027513
v -0.093378 -0.015756 -0.033096
v -0.090003 -0.017061 -0.027513
v -0.093525 -0.015636 -0.033721
v -0.093525 -0.015636 -0.033721
v -0.090003 -0.017061 -0.027513
v -0.089685 -0.017130 -0.027320
v -0.093525 -0.015636 -0.033721
v -0.089685 -0.017130 -0.027320
v -0.093533 -0.015593 -0.033974
v -0.073563 -0.012875 -0.051598
v -0.074403 -0.013327 -0.051144
v -0.076241 -0.013098 -0.049955
v -0.076241 -0.013098 -0.049955
v -0.074403 -0.013327 -0.051144
v -0.079401 -0.013957 -0.047594
v -0.076241 -0.013098 -0.049955
v -0.079401 -0.013957 -0.047594
v -0.080050 -0.013673 -0.046993
v -0.080050 -0.013673 -0.046993
v -0.079401 -0.013957 -0.047594
v -0.086290 -0.015190 -0.041288
v -0.080050 -0.013673 -0.046993
v -0.086290 -0.015190 -0.041288
v -0.085960 -0.014743 -0.041528
v -0.085960 -0.014743 -0.041528
v -0.086290 -0.015190 -0.041288
v -0.093466 -0.015952 -0.034326
v -0.085960 -0.014743 -0.041528
v -0.093466 -0.015952 -0.034326
v -0.093421 -0.015559 -0.034261
v -0.069517 -0.012891 -0.053327
v -0.074403 -0.013327 -0.051144
v -0.073563 -0.012875 -0.051598
v -0.074403 -0.013327 -0.051144
v -0.069517 -0.012891 -0.053327
v -0.071685 -0.013228 -0.052536
v -0.071685 -0.013228 -0.052536
v -0.069517 -0.012891 -0.053327
v -0.066257 -0.013209 -0.054107
v -0.071685 -0.013228 -0.052536
v -0.066257 -0.013209 -0.054107
v -0.066403 -0.013593 -0.054124
v -0.066403 -0.013593 -0.054124
v -0.066257 -0.013209 -0.054107
v -0.060443 -0.014361 -0.054350
v -0.066403 -0.013593 -0.054124
v -0.060443 -0.014361 -0.054350
v -0.060536 -0.014745 -0.054421
v -0.086290 -0.015190 -0.041288
v -0.079401 -0.013957 -0.047594
v -0.079264 -0.014967 -0.043203
v -0.064187 -0.014443 -0.051385
v -0.071685 -0.013228 -0.052536
v -0.066403 -0.013593 -0.054124
v -0.089454 -0.017556 -0.027384
v -0.080286 -0.017362 -0.035082
v -0.076959 -0.018852 -0.033559
v -0.076959 -0.018852 -0.033559
v -0.080286 -0.017362 -0.035082
v -0.073205 -0.017406 -0.039007
v -0.060588 -0.019848 -0.043820
v -0.065007 -0.020209 -0.040355
v -0.065391 -0.017360 -0.043566
v -0.065391 -0.017360 -0.043566
v -0.057539 -0.017429 -0.049270
v -0.060588 -0.019848 -0.043820
v -0.056636 -0.018719 -0.047728
v -0.060588 -0.019848 -0.043820
v -0.057539 -0.017429 -0.049270
v -0.067000 -0.015258 -0.046354
v -0.064187 -0.014443 -0.051385
v -0.058491 -0.016337 -0.050898
v -0.089454 -0.017556 -0.027384
v -0.091457 -0.016754 -0.030856
v -0.080286 -0.017362 -0.035082
v -0.080286 -0.017362 -0.035082
v -0.091457 -0.016754 -0.030856
v -0.086605 -0.016602 -0.034263
v -0.080286 -0.017362 -0.035082
v -0.086605 -0.016602 -0.034263
v -0.074865 -0.015682 -0.041907
v -0.091457 -0.016754 -0.030856
v -0.093466 -0.015952 -0.034326
v -0.087841 -0.016057 -0.036410
v -0.087841 -0.016057 -0.036410
v -0.093466 -0.015952 -0.034326
v -0.086290 -0.015190 -0.041288
v -0.087841 -0.016057 -0.036410
v -0.086290 -0.015190 -0.041288
v -0.079264 -0.014967 -0.043203
v -0.067000 -0.015258 -0.046354
v -0.074865 -0.015682 -0.041907
v -0.071402 -0.013834 -0.048111
v -0.071402 -0.013834 -0.048111
v -0.074865 -0.015682 -0.041907
v -0.079264 -0.014967 -0.043203
v -0.071402 -0.013834 -0.048111
v -0.079264 -0.014967 -0.043203
v -0.074403 -0.013327 -0.051144
v -0.074403 -0.013327 -0.051144
v -0.079264 -0.014967 -0.043203
v -0.079401 -0.013957 -0.047594
v -0.074403 -0.013327 -0.051144
v -0.071685 -0.013228 -0.052536
v -0.071402 -0.013834 -0.048111
v -0.071402 -0.013834 -0.048111
v -0.071685 -0.013228 -0.052536
v -0.064187 -0.014443 -0.051385
v -0.071402 -0.013834 -0.048111
v -0.064187 -0.014443 -0.051385
v -0.067000 -0.015258 -0.046354
v -0.066403 -0.013593 -0.054124
v -0.060536 -0.014745 -0.054421
v -0.064187 -0.014443 -0.051385
v -0.064187 -0.014443 -0.051385
v -0.060536 -0.014745 -0.054421
v -0.059489 -0.015442 -0.052615
v -0.064187 -0.014443 -0.051385
v -0.059489 -0.015442 -0.052615
v -0.058491 -0.016337 -0.050898
v -0.065391 -0.017360 -0.043566
v -0.065007 -0.020209 -0.040355
v -0.073205 -0.017406 -0.039007
v -0.073205 -0.017406 -0.039007
v -0.065007 -0.020209 -0.040355
v -0.070111 -0.019857 -0.037159
v -0.073205 -0.017406 -0.039007
v -0.070111 -0.019857 -0.037159
v -0.076959 -0.018852 -0.033559
v -0.058491 -0.016337 -0.050898
v -0.057539 -0.017429 -0.049270
v -0.067000 -0.015258 -0.046354
v -0.067000 -0.015258 -0.046354
v -0.057539 -0.017429 -0.049270
v -0.065391 -0.017360 -0.043566
v -0.067000 -0.015258 -0.046354
v -0.065391 -0.017360 -0.043566
v -0.074865 -0.015682 -0.041907
v -0.074865 -0.015682 -0.041907
v -0.065391 -0.017360 -0.043566
v -0.073205 -0.017406 -0.039007
v -0.074865 -0.015682 -0.041907
v -0.073205 -0.017406 -0.039007
v -0.080286 -0.017362 -0.035082
v -0.079264 -0.014967 -0.043203
v -0.074865 -0.015682 -0.041907
v -0.087841 -0.016057 -0.036410
v -0.087841 -0.016057 -0.036410
v -0.074865 -0.015682 -0.041907
v -0.086605 -0.016602 -0.034263
v -0.087841 -0.016057 -0.036410
v -0.086605 -0.016602 -0.034263
v -0.091457 -0.016754 -0.030856
v -0.089584 -0.017545 -0.027354
v -0.089731 -0.017523 -0.027383
v -0.093579 -0.015986 -0.034039
v -0.089584 -0.017545 -0.027354
v -0.093579 -0.015986 -0.034039
v -0.093527 -0.015959 -0.034242
v -0.089584 -0.017545 -0.027354
v -0.093527 -0.015959 -0.034242
v -0.093466 -0.015952 -0.034326
v -0.089584 -0.017545 -0.027354
v -0.093466 -0.015952 -0.034326
v -0.091457 -0.016754 -0.030856
v -0.089584 -0.017545 -0.027354
v -0.091457 -0.016754 -0.030856
v -0.089454 -0.017556 -0.027384
v -0.093579 -0.015986 -0.034039
v -0.089731 -0.017523 -0.027383
v -0.093572 -0.016029 -0.033786
v -0.093572 -0.016029 -0.033786
v -0.089731 -0.017523 -0.027383
v -0.090050 -0.017454 -0.027575
v -0.093572 -0.016029 -0.033786
v -0.090050 -0.017454 -0.027575
v -0.093342 -0.016199 -0.032914
v -0.093342 -0.016199 -0.032914
v -0.090050 -0.017454 -0.027575
v -0.090961 -0.017182 -0.028591
v -0.093342 -0.016199 -0.032914
v -0.090961 -0.017182 -0.028591
v -0.092963 -0.016392 -0.032003
v -0.013040 -0.017163 -0.036110
v -0.013071 -0.017556 -0.036037
v -0.019241 -0.017684 -0.040292
v -0.019241 -0.017684 -0.040292
v -0.013071 -0.017556 -0.036037
v -0.024667 -0.018852 -0.043770
v -0.019241 -0.017684 -0.040292
v -0.024667 -0.018852 -0.043770
v -0.025405 -0.018639 -0.044491
v -0.025405 -0.018639 -0.044491
v -0.024667 -0.018852 -0.043770
v -0.030130 -0.019433 -0.047568
v -0.030130 -0.019433 -0.047568
v -0.024667 -0.018852 -0.043770
v -0.031208 -0.019857 -0.047901
v -0.030130 -0.019433 -0.047568
v -0.031208 -0.019857 -0.047901
v -0.036743 -0.019953 -0.051164
v -0.036743 -0.019953 -0.051164
v -0.031208 -0.019857 -0.047901
v -0.036528 -0.020209 -0.050724
v -0.036743 -0.019953 -0.051164
v -0.036528 -0.020209 -0.050724
v -0.041779 -0.019555 -0.053142
v -0.041779 -0.019555 -0.053142
v -0.036528 -0.020209 -0.050724
v -0.041738 -0.019848 -0.052818
v -0.041779 -0.019555 -0.053142
v -0.041738 -0.019848 -0.052818
v -0.046967 -0.018405 -0.054499
v -0.046967 -0.018405 -0.054499
v -0.041738 -0.019848 -0.052818
v -0.047099 -0.018719 -0.054287
v -0.017044 -0.015559 -0.029164
v -0.017078 -0.015952 -0.029092
v -0.016941 -0.015566 -0.029153
v -0.016941 -0.015566 -0.029153
v -0.017078 -0.015952 -0.029092
v -0.016974 -0.015959 -0.029081
v -0.016941 -0.015566 -0.029153
v -0.016974 -0.015959 -0.029081
v -0.016739 -0.015593 -0.029210
v -0.016739 -0.015593 -0.029210
v -0.016974 -0.015959 -0.029081
v -0.016773 -0.015986 -0.029137
v -0.016739 -0.015593 -0.029210
v -0.016773 -0.015986 -0.029137
v -0.016524 -0.015636 -0.029343
v -0.016524 -0.015636 -0.029343
v -0.016773 -0.015986 -0.029137
v -0.016557 -0.016029 -0.029271
v -0.016524 -0.015636 -0.029343
v -0.016557 -0.016029 -0.029271
v -0.016056 -0.015756 -0.029784
v -0.016056 -0.015756 -0.029784
v -0.016557 -0.016029 -0.029271
v -0.015917 -0.016199 -0.029905
v -0.016056 -0.015756 -0.029784
v -0.015917 -0.016199 -0.029905
v -0.014137 -0.016431 -0.032608
v -0.014137 -0.016431 -0.032608
v -0.015917 -0.016199 -0.029905
v -0.015317 -0.016392 -0.030689
v -0.014137 -0.016431 -0.032608
v -0.015317 -0.016392 -0.030689
v -0.013363 -0.017182 -0.034129
v -0.013071 -0.017556 -0.036037
v -0.013040 -0.017163 -0.036110
v -0.012981 -0.017545 -0.035940
v -0.012981 -0.017545 -0.035940
v -0.013040 -0.017163 -0.036110
v -0.012949 -0.017152 -0.036012
v -0.012981 -0.017545 -0.035940
v -0.012949 -0.017152 -0.036012
v -0.012932 -0.017523 -0.035798
v -0.012932 -0.017523 -0.035798
v -0.012949 -0.017152 -0.036012
v -0.012901 -0.017130 -0.035869
v -0.012932 -0.017523 -0.035798
v -0.012901 -0.017130 -0.035869
v -0.012939 -0.017454 -0.035426
v -0.012939 -0.017454 -0.035426
v -0.012901 -0.017130 -0.035869
v -0.012909 -0.017061 -0.035498
v -0.012939 -0.017454 -0.035426
v -0.012909 -0.017061 -0.035498
v -0.013363 -0.017182 -0.034129
v -0.013363 -0.017182 -0.034129
v -0.012909 -0.017061 -0.035498
v -0.013011 -0.016974 -0.035066
v -0.013363 -0.017182 -0.034129
v -0.013011 -0.016974 -0.035066
v -0.014137 -0.016431 -0.032608
v -0.012949 -0.017152 -0.036012
v -0.013040 -0.017163 -0.036110
v -0.015039 -0.016361 -0.032635
v -0.012949 -0.017152 -0.036012
v -0.015039 -0.016361 -0.032635
v -0.017044 -0.015559 -0.029164
v -0.012949 -0.017152 -0.036012
v -0.017044 -0.015559 -0.029164
v -0.016941 -0.015566 -0.029153
v -0.012949 -0.017152 -0.036012
v -0.016941 -0.015566 -0.029153
v -0.016739 -0.015593 -0.029210
v -0.012949 -0.017152 -0.036012
v -0.016739 -0.015593 -0.029210
v -0.012901 -0.017130 -0.035869
v -0.014137 -0.016431 -0.032608
v -0.013011 -0.016974 -0.035066
v -0.016056 -0.015756 -0.029784
v -0.016056 -0.015756 -0.029784
v -0.013011 -0.016974 -0.035066
v -0.012909 -0.017061 -0.035498
v -0.016056 -0.015756 -0.029784
v -0.012909 -0.017061 -0.035498
v -0.016524 -0.015636 -0.029343
v -0.016524 -0.015636 -0.029343
v -0.012909 -0.017061 -0.035498
v -0.012901 -0.017130 -0.035869
v -0.016524 -0.015636 -0.029343
v -0.012901 -0.017130 -0.035869
v -0.016739 -0.015593 -0.029210
v -0.041987 -0.012875 -0.037692
v -0.041174 -0.013327 -0.037192
v -0.039225 -0.013098 -0.036194
v -0.039225 -0.013098 -0.036194
v -0.041174 -0.013327 -0.037192
v -0.035600 -0.013957 -0.034638
v -0.039225 -0.013098 -0.036194
v -0.035600 -0.013957 -0.034638
v -0.034755 -0.013673 -0.034378
v -0.034755 -0.013673 -0.034378
v -0.035600 -0.013957 -0.034638
v -0.026695 -0.015190 -0.031826
v -0.034755 -0.013673 -0.034378
v -0.026695 -0.015190 -0.031826
v -0.027067 -0.014743 -0.031991
v -0.027067 -0.014743 -0.031991
v -0.026695 -0.015190 -0.031826
v -0.017078 -0.015952 -0.029092
v -0.027067 -0.014743 -0.031991
v -0.017078 -0.015952 -0.029092
v -0.017044 -0.015559 -0.029164
v -0.045508 -0.012891 -0.040332
v -0.041174 -0.013327 -0.037192
v -0.041987 -0.012875 -0.037692
v -0.041174 -0.013327 -0.037192
v -0.045508 -0.012891 -0.040332
v -0.043739 -0.013228 -0.038850
v -0.043739 -0.013228 -0.038850
v -0.045508 -0.012891 -0.040332
v -0.047813 -0.013209 -0.042765
v -0.043739 -0.013228 -0.038850
v -0.047813 -0.013209 -0.042765
v -0.047754 -0.013593 -0.042630
v -0.047754 -0.013593 -0.042630
v -0.047813 -0.013209 -0.042765
v -0.050931 -0.014361 -0.047679
v -0.047754 -0.013593 -0.042630
v -0.050931 -0.014361 -0.047679
v -0.050945 -0.014745 -0.047563
v -0.026695 -0.015190 -0.031826
v -0.035600 -0.013957 -0.034638
v -0.031867 -0.014967 -0.036953
v -0.046490 -0.014443 -0.045919
v -0.043739 -0.013228 -0.038850
v -0.047754 -0.013593 -0.042630
v -0.013071 -0.017556 -0.036037
v -0.024322 -0.017362 -0.040128
v -0.024667 -0.018852 -0.043770
v -0.024667 -0.018852 -0.043770
v -0.024322 -0.017362 -0.040128
v -0.031262 -0.017406 -0.044298
v -0.041738 -0.019848 -0.052818
v -0.036528 -0.020209 -0.050724
v -0.039117 -0.017360 -0.048786
v -0.039117 -0.017360 -0.048786
v -0.047982 -0.017429 -0.052733
v -0.041738 -0.019848 -0.052818
v -0.047099 -0.018719 -0.054287
v -0.041738 -0.019848 -0.052818
v -0.047982 -0.017429 -0.052733
v -0.040727 -0.015258 -0.045998
v -0.046490 -0.014443 -0.045919
v -0.048917 -0.016337 -0.051095
v -0.013071 -0.017556 -0.036037
v -0.015077 -0.016754 -0.032567
v -0.024322 -0.017362 -0.040128
v -0.024322 -0.017362 -0.040128
v -0.015077 -0.016754 -0.032567
v -0.020453 -0.016602 -0.035066
v -0.024322 -0.017362 -0.040128
v -0.020453 -0.016602 -0.035066
v -0.032944 -0.015682 -0.041410
v -0.015077 -0.016754 -0.032567
v -0.017078 -0.015952 -0.029092
v -0.021695 -0.016057 -0.032921
v -0.021695 -0.016057 -0.032921
v -0.017078 -0.015952 -0.029092
v -0.026695 -0.015190 -0.031826
v -0.021695 -0.016057 -0.032921
v -0.026695 -0.015190 -0.031826
v -0.031867 -0.014967 -0.036953
v -0.040727 -0.015258 -0.045998
v -0.032944 -0.015682 -0.041410
v -0.040048 -0.013834 -0.041307
v -0.040048 -0.013834 -0.041307
v -0.032944 -0.015682 -0.041410
v -0.031867 -0.014967 -0.036953
v -0.040048 -0.013834 -0.041307
v -0.031867 -0.014967 -0.036953
v -0.041174 -0.013327 -0.037192
v -0.041174 -0.013327 -0.037192
v -0.031867 -0.014967 -0.036953
v -0.035600 -0.013957 -0.034638
v -0.041174 -0.013327 -0.037192
v -0.043739 -0.013228 -0.038850
v -0.040048 -0.013834 -0.041307
v -0.040048 -0.013834 -0.041307
v -0.043739 -0.013228 -0.038850
v -0.046490 -0.014443 -0.045919
v -0.040048 -0.013834 -0.041307
v -0.046490 -0.014443 -0.045919
v -0.040727 -0.015258 -0.045998
v -0.047754 -0.013593 -0.042630
v -0.050945 -0.014745 -0.047563
v -0.046490 -0.014443 -0.045919
v -0.046490 -0.014443 -0.045919
v -0.050945 -0.014745 -0.047563
v -0.049905 -0.015442 -0.049372
v -0.046490 -0.014443 -0.045919
v -0.049905 -0.015442 -0.049372
v -0.048917 -0.016337 -0.051095
v -0.039117 -0.017360 -0.048786
v -0.036528 -0.020209 -0.050724
v -0.031262 -0.017406 -0.044298
v -0.031262 -0.017406 -0.044298
v -0.036528 -0.020209 -0.050724
v -0.031208 -0.019857 -0.047901
v -0.031262 -0.017406 -0.044298
v -0.031208 -0.019857 -0.047901
v -0.024667 -0.018852 -0.043770
v -0.048917 -0.016337 -0.051095
v -0.047982 -0.017429 -0.052733
v -0.040727 -0.015258 -0.045998
v -0.040727 -0.015258 -0.045998
v -0.047982 -0.017429 -0.052733
v -0.039117 -0.017360 -0.048786
v -0.040727 -0.015258 -0.045998
v -0.039117 -0.017360 -0.048786
v -0.032944 -0.015682 -0.041410
v -0.032944 -0.015682 -0.041410
v -0.039117 -0.017360 -0.048786
v -0.031262 -0.017406 -0.044298
v -0.032944 -0.015682 -0.041410
v -0.031262 -0.017406 -0.044298
v -0.024322 -0.017362 -0.040128
v -0.031867 -0.014967 -0.036953
v -0.032944 -0.015682 -0.041410
v -0.021695 -0.016057 -0.032921
v -0.021695 -0.016057 -0.032921
v -0.032944 -0.015682 -0.041410
v -0.020453 -0.016602 -0.035066
v -0.021695 -0.016057 -0.032921
v -0.020453 -0.016602 -0.035066
v -0.015077 -0.016754 -0.032567
v -0.012981 -0.017545 -0.035940
v -0.012932 -0.017523 -0.035798
v -0.016773 -0.015986 -0.029137
v -0.012981 -0.017545 -0.035940
v -0.016773 -0.015986 -0.029137
v -0.016974 -0.015959 -0.029081
v -0.012981 -0.017545 -0.035940
v -0.016974 -0.015959 -0.029081
v -0.017078 -0.015952 -0.029092
v -0.012981 -0.017545 -0.035940
v -0.017078 -0.015952 -0.029092
v -0.015077 -0.016754 -0.032567
v -0.012981 -0.017545 -0.035940
v -0.015077 -0.016754 -0.032567
v -0.013071 -0.017556 -0.036037
v -0.016773 -0.015986 -0.029137
v -0.012932 -0.017523 -0.035798
v -0.016557 -0.016029 -0.029271
v -0.016557 -0.016029 -0.029271
v -0.012932 -0.017523 -0.035798
v -0.012939 -0.017454 -0.035426
v -0.016557 -0.016029 -0.029271
v -0.012939 -0.017454 -0.035426
v -0.015917 -0.016199 -0.029905
v -0.015917 -0.016199 -0.029905
v -0.012939 -0.017454 -0.035426
v -0.013363 -0.017182 -0.034129
v -0.015917 -0.016199 -0.029905
v -0.013363 -0.017182 -0.034129
v -0.015317 -0.016392 -0.030689
v -0.057105 -0.018025 -0.058159
v -0.057059 -0.018238 -0.058177
v -0.057131 -0.018049 -0.058122
v -0.057059 -0.018238 -0.058177
v -0.057105 -0.018025 -0.058159
v -0.057028 -0.018211 -0.058227
v -0.057028 -0.018211 -0.058227
v -0.057105 -0.018025 -0.058159
v -0.057097 -0.018023 -0.058223
v -0.057028 -0.018211 -0.058227
v -0.057097 -0.018023 -0.058223
v -0.057025 -0.018216 -0.058291
v -0.057025 -0.018216 -0.058291
v -0.057097 -0.018023 -0.058223
v -0.057124 -0.018060 -0.058294
v -0.057025 -0.018216 -0.058291
v -0.057124 -0.018060 -0.058294
v -0.057049 -0.018248 -0.058348
v -0.057124 -0.018060 -0.058294
v -0.057721 -0.018471 -0.059230
v -0.057049 -0.018248 -0.058348
v -0.057049 -0.018248 -0.058348
v -0.057721 -0.018471 -0.059230
v -0.057596 -0.018628 -0.059227
v -0.057721 -0.018471 -0.059230
v -0.057735 -0.018484 -0.059273
v -0.057596 -0.018628 -0.059227
v -0.057596 -0.018628 -0.059227
v -0.057735 -0.018484 -0.059273
v -0.057610 -0.018640 -0.059268
v -0.050657 -0.015087 -0.058337
v -0.050627 -0.014870 -0.058295
v -0.050621 -0.015084 -0.058291
v -0.050627 -0.014870 -0.058295
v -0.050657 -0.015087 -0.058337
v -0.050663 -0.014873 -0.058341
v -0.050663 -0.014873 -0.058341
v -0.050657 -0.015087 -0.058337
v -0.050663 -0.015067 -0.058393
v -0.050663 -0.014873 -0.058341
v -0.050663 -0.015067 -0.058393
v -0.050669 -0.014853 -0.058396
v -0.050669 -0.014853 -0.058396
v -0.050663 -0.015067 -0.058393
v -0.050625 -0.015017 -0.058455
v -0.050669 -0.014853 -0.058396
v -0.050625 -0.015017 -0.058455
v -0.050633 -0.014805 -0.058459
v -0.049882 -0.014457 -0.059263
v -0.049923 -0.014476 -0.059203
v -0.049828 -0.014649 -0.059286
v -0.049828 -0.014649 -0.059286
v -0.049923 -0.014476 -0.059203
v -0.049869 -0.014668 -0.059226
v -0.049923 -0.014476 -0.059203
v -0.050633 -0.014805 -0.058459
v -0.049869 -0.014668 -0.059226
v -0.049869 -0.014668 -0.059226
v -0.050633 -0.014805 -0.058459
v -0.050625 -0.015017 -0.058455
v -0.058816 -0.017261 -0.097853
v -0.058958 -0.017598 -0.094943
v -0.059776 -0.018545 -0.084232
v -0.058816 -0.017261 -0.097853
v -0.058777 -0.017458 -0.097858
v -0.058958 -0.017598 -0.094943
v -0.058958 -0.017598 -0.094943
v -0.059821 -0.019034 -0.082027
v -0.059776 -0.018545 -0.084232
v -0.060178 -0.019729 -0.075376
v -0.059776 -0.018545 -0.084232
v -0.059821 -0.019034 -0.082027
v -0.059821 -0.019034 -0.082027
v -0.059998 -0.020047 -0.073157
v -0.060178 -0.019729 -0.075376
v -0.059722 -0.019958 -0.067837
v -0.060178 -0.019729 -0.075376
v -0.059998 -0.020047 -0.073157
v -0.059998 -0.020047 -0.073157
v -0.059340 -0.019975 -0.066316
v -0.059722 -0.019958 -0.067837
v -0.057610 -0.018640 -0.059268
v -0.057735 -0.018484 -0.059273
v -0.059340 -0.019975 -0.066316
v -0.059340 -0.019975 -0.066316
v -0.057735 -0.018484 -0.059273
v -0.058118 -0.018816 -0.060470
v -0.059340 -0.019975 -0.066316
v -0.058118 -0.018816 -0.060470
v -0.059722 -0.019958 -0.067837
v -0.050798 -0.015657 -0.097858
v -0.050254 -0.015562 -0.095705
v -0.050759 -0.015854 -0.097861
v -0.050254 -0.015562 -0.095705
v -0.047356 -0.014579 -0.084237
v -0.050759 -0.015854 -0.097861
v -0.047056 -0.014177 -0.082788
v -0.047356 -0.014579 -0.084237
v -0.050254 -0.015562 -0.095705
v -0.045884 -0.013494 -0.076058
v -0.047356 -0.014579 -0.084237
v -0.047056 -0.014177 -0.082788
v -0.046916 -0.013410 -0.065150
v -0.045798 -0.013134 -0.070583
v -0.045888 -0.012929 -0.069796
v -0.047215 -0.013314 -0.064374
v -0.046916 -0.013410 -0.065150
v -0.045888 -0.012929 -0.069796
v -0.047056 -0.014177 -0.082788
v -0.045824 -0.013214 -0.075287
v -0.045884 -0.013494 -0.076058
v -0.045884 -0.013494 -0.076058
v -0.045824 -0.013214 -0.075287
v -0.045888 -0.012929 -0.069796
v -0.045884 -0.013494 -0.076058
v -0.045888 -0.012929 -0.069796
v -0.045798 -0.013134 -0.070583
v -0.046916 -0.013410 -0.065150
v -0.047215 -0.013314 -0.064374
v -0.049695 -0.014588 -0.059488
v -0.049695 -0.014588 -0.059488
v -0.047215 -0.013314 -0.064374
v -0.049882 -0.014457 -0.059263
v -0.049695 -0.014588 -0.059488
v -0.049882 -0.014457 -0.059263
v -0.049828 -0.014649 -0.059286
v -0.052143 -0.015916 -0.098465
v -0.056078 -0.016902 -0.098633
v -0.057066 -0.016897 -0.098546
v -0.057066 -0.016897 -0.098546
v -0.056078 -0.016902 -0.098633
v -0.058194 -0.017331 -0.098320
v -0.057066 -0.016897 -0.098546
v -0.058194 -0.017331 -0.098320
v -0.058287 -0.017146 -0.098297
v -0.058287 -0.017146 -0.098297
v -0.058194 -0.017331 -0.098320
v -0.058588 -0.017413 -0.098137
v -0.050798 -0.015657 -0.097858
v -0.050759 -0.015854 -0.097861
v -0.050811 -0.015659 -0.097896
v -0.050811 -0.015659 -0.097896
v -0.050759 -0.015854 -0.097861
v -0.050771 -0.015855 -0.097899
v -0.050811 -0.015659 -0.097896
v -0.050771 -0.015855 -0.097899
v -0.050918 -0.015678 -0.098042
v -0.050918 -0.015678 -0.098042
v -0.050771 -0.015855 -0.097899
v -0.050790 -0.015859 -0.097939
v -0.050918 -0.015678 -0.098042
v -0.050790 -0.015859 -0.097939
v -0.050912 -0.015881 -0.098074
v -0.050918 -0.015678 -0.098042
v -0.050912 -0.015881 -0.098074
v -0.051172 -0.015726 -0.098201
v -0.051172 -0.015726 -0.098201
v -0.050912 -0.015881 -0.098074
v -0.051151 -0.015926 -0.098213
v -0.051172 -0.015726 -0.098201
v -0.051151 -0.015926 -0.098213
v -0.052143 -0.015916 -0.098465
v -0.052143 -0.015916 -0.098465
v -0.051151 -0.015926 -0.098213
v -0.051934 -0.016079 -0.098439
v -0.052143 -0.015916 -0.098465
v -0.051934 -0.016079 -0.098439
v -0.056078 -0.016902 -0.098633
v -0.058777 -0.017458 -0.097858
v -0.058816 -0.017261 -0.097853
v -0.058776 -0.017457 -0.097868
v -0.058776 -0.017457 -0.097868
v -0.058816 -0.017261 -0.097853
v -0.058815 -0.017260 -0.097864
v -0.058776 -0.017457 -0.097868
v -0.058815 -0.017260 -0.097864
v -0.058737 -0.017446 -0.097986
v -0.058737 -0.017446 -0.097986
v -0.058815 -0.017260 -0.097864
v -0.058775 -0.017250 -0.097982
v -0.058737 -0.017446 -0.097986
v -0.058775 -0.017250 -0.097982
v -0.058588 -0.017413 -0.098137
v -0.058588 -0.017413 -0.098137
v -0.058775 -0.017250 -0.097982
v -0.058669 -0.017226 -0.098101
v -0.058588 -0.017413 -0.098137
v -0.058669 -0.017226 -0.098101
v -0.058287 -0.017146 -0.098297
v -0.054163 -0.016036 -0.059258
v -0.055983 -0.017096 -0.059265
v -0.057711 -0.018337 -0.059274
v -0.054163 -0.016036 -0.059258
v -0.057711 -0.018337 -0.059274
v -0.057132 -0.017936 -0.058363
v -0.054163 -0.016036 -0.059258
v -0.057132 -0.017936 -0.058363
v -0.057063 -0.017901 -0.058232
v -0.054163 -0.016036 -0.059258
v -0.057063 -0.017901 -0.058232
v -0.057059 -0.017904 -0.058177
v -0.050796 -0.014760 -0.058407
v -0.050723 -0.014715 -0.058521
v -0.053329 -0.015625 -0.059256
v -0.050723 -0.014715 -0.058521
v -0.050029 -0.014395 -0.059252
v -0.053329 -0.015625 -0.059256
v -0.058738 -0.017143 -0.097844
v -0.054829 -0.016361 -0.097857
v -0.058737 -0.017143 -0.097851
v -0.055947 -0.016232 -0.068906
v -0.055983 -0.017096 -0.059265
v -0.054163 -0.016036 -0.059258
v -0.059532 -0.019719 -0.066488
v -0.055983 -0.017096 -0.059265
v -0.055947 -0.016232 -0.068906
v -0.052677 -0.015842 -0.091963
v -0.050368 -0.015481 -0.095680
v -0.050913 -0.015579 -0.097832
v -0.052677 -0.015842 -0.091963
v -0.046877 -0.013899 -0.081418
v -0.050368 -0.015481 -0.095680
v -0.055892 -0.016407 -0.078002
v -0.055825 -0.016618 -0.086066
v -0.059733 -0.018411 -0.084210
v -0.060181 -0.019653 -0.074679
v -0.055892 -0.016407 -0.078002
v -0.059733 -0.018411 -0.084210
v -0.059532 -0.019719 -0.066488
v -0.055947 -0.016232 -0.068906
v -0.060181 -0.019653 -0.074679
v -0.055892 -0.016407 -0.078002
v -0.051426 -0.014913 -0.081166
v -0.055825 -0.016618 -0.086066
v -0.059733 -0.018411 -0.084210
v -0.055825 -0.016618 -0.086066
v -0.058738 -0.017143 -0.097844
v -0.058738 -0.017143 -0.097844
v -0.055825 -0.016618 -0.086066
v -0.052677 -0.015842 -0.091963
v -0.058738 -0.017143 -0.097844
v -0.052677 -0.015842 -0.091963
v -0.054829 -0.016361 -0.097857
v -0.054829 -0.016361 -0.097857
v -0.052677 -0.015842 -0.091963
v -0.050913 -0.015579 -0.097832
v -0.054829 -0.016361 -0.097857
v -0.050913 -0.015579 -0.097832
v -0.050921 -0.015580 -0.097857
v -0.057711 -0.018337 -0.059274
v -0.055983 -0.017096 -0.059265
v -0.057725 -0.018349 -0.059315
v -0.057725 -0.018349 -0.059315
v -0.055983 -0.017096 -0.059265
v -0.059532 -0.019719 -0.066488
v -0.057725 -0.018349 -0.059315
v -0.059532 -0.019719 -0.066488
v -0.058017 -0.018597 -0.060195
v -0.051268 -0.013821 -0.071872
v -0.055947 -0.016232 -0.068906
v -0.051803 -0.014447 -0.063937
v -0.051803 -0.014447 -0.063937
v -0.055947 -0.016232 -0.068906
v -0.054163 -0.016036 -0.059258
v -0.051803 -0.014447 -0.063937
v -0.054163 -0.016036 -0.059258
v -0.053764 -0.015832 -0.059273
v -0.053764 -0.015832 -0.059273
v -0.053329 -0.015625 -0.059256
v -0.051803 -0.014447 -0.063937
v -0.051803 -0.014447 -0.063937
v -0.053329 -0.015625 -0.059256
v -0.050029 -0.014395 -0.059252
v -0.051803 -0.014447 -0.063937
v -0.050029 -0.014395 -0.059252
v -0.049989 -0.014377 -0.059310
v -0.049989 -0.014377 -0.059310
v -0.046862 -0.013056 -0.065728
v -0.051803 -0.014447 -0.063937
v -0.051803 -0.014447 -0.063937
v -0.046862 -0.013056 -0.065728
v -0.045822 -0.012906 -0.072548
v -0.051803 -0.014447 -0.063937
v -0.045822 -0.012906 -0.072548
v -0.051268 -0.013821 -0.071872
v -0.051268 -0.013821 -0.071872
v -0.045822 -0.012906 -0.072548
v -0.046877 -0.013899 -0.081418
v -0.051268 -0.013821 -0.071872
v -0.046877 -0.013899 -0.081418
v -0.051426 -0.014913 -0.081166
v -0.051426 -0.014913 -0.081166
v -0.046877 -0.013899 -0.081418
v -0.052677 -0.015842 -0.091963
v -0.051426 -0.014913 -0.081166
v -0.052677 -0.015842 -0.091963
v -0.055825 -0.016618 -0.086066
v -0.060181 -0.019653 -0.074679
v -0.055947 -0.016232 -0.068906
v -0.055892 -0.016407 -0.078002
v -0.055892 -0.016407 -0.078002
v -0.055947 -0.016232 -0.068906
v -0.051268 -0.013821 -0.071872
v -0.055892 -0.016407 -0.078002
v -0.051268 -0.013821 -0.071872
v -0.051426 -0.014913 -0.081166
v -0.054829 -0.016361 -0.097857
v -0.058684 -0.017130 -0.097966
v -0.058737 -0.017143 -0.097851
v -0.051037 -0.015601 -0.097994
v -0.054829 -0.016361 -0.097857
v -0.050921 -0.015580 -0.097857
v -0.054829 -0.016361 -0.097857
v -0.051037 -0.015601 -0.097994
v -0.058684 -0.017130 -0.097966
v -0.058684 -0.017130 -0.097966
v -0.051037 -0.015601 -0.097994
v -0.051357 -0.015662 -0.098159
v -0.058684 -0.017130 -0.097966
v -0.051357 -0.015662 -0.098159
v -0.058506 -0.017092 -0.098099
v -0.058506 -0.017092 -0.098099
v -0.051357 -0.015662 -0.098159
v -0.053438 -0.016073 -0.098505
v -0.058506 -0.017092 -0.098099
v -0.053438 -0.016073 -0.098505
v -0.057721 -0.016931 -0.098344
v -0.050715 -0.014784 -0.058355
v -0.050713 -0.014781 -0.058376
v -0.050796 -0.014760 -0.058407
v -0.050663 -0.014873 -0.058341
v -0.050649 -0.014849 -0.058310
v -0.050627 -0.014870 -0.058295
v -0.050663 -0.014873 -0.058341
v -0.050715 -0.014784 -0.058355
v -0.050649 -0.014849 -0.058310
v -0.050656 -0.014758 -0.058461
v -0.050669 -0.014853 -0.058396
v -0.050633 -0.014805 -0.058459
v -0.050656 -0.014758 -0.058461
v -0.050713 -0.014781 -0.058376
v -0.050669 -0.014853 -0.058396
v -0.050669 -0.014853 -0.058396
v -0.050713 -0.014781 -0.058376
v -0.050715 -0.014784 -0.058355
v -0.050669 -0.014853 -0.058396
v -0.050715 -0.014784 -0.058355
v -0.050663 -0.014873 -0.058341
v -0.050723 -0.014715 -0.058521
v -0.050796 -0.014760 -0.058407
v -0.050689 -0.014725 -0.058483
v -0.050689 -0.014725 -0.058483
v -0.050796 -0.014760 -0.058407
v -0.050713 -0.014781 -0.058376
v -0.050689 -0.014725 -0.058483
v -0.050713 -0.014781 -0.058376
v -0.050656 -0.014758 -0.058461
v -0.057098 -0.017957 -0.058175
v -0.057127 -0.017973 -0.058285
v -0.057097 -0.018023 -0.058223
v -0.057105 -0.017964 -0.058142
v -0.057059 -0.017904 -0.058177
v -0.057098 -0.017957 -0.058175
v -0.057098 -0.017957 -0.058175
v -0.057059 -0.017904 -0.058177
v -0.057063 -0.017901 -0.058232
v -0.057098 -0.017957 -0.058175
v -0.057063 -0.017901 -0.058232
v -0.057127 -0.017973 -0.058285
v -0.057127 -0.017973 -0.058285
v -0.057063 -0.017901 -0.058232
v -0.057132 -0.017936 -0.058363
v -0.057127 -0.017973 -0.058285
v -0.057132 -0.017936 -0.058363
v -0.057149 -0.017968 -0.058326
v -0.057149 -0.017968 -0.058326
v -0.057146 -0.018013 -0.058300
v -0.057127 -0.017973 -0.058285
v -0.057127 -0.017973 -0.058285
v -0.057146 -0.018013 -0.058300
v -0.057124 -0.018060 -0.058294
v -0.057127 -0.017973 -0.058285
v -0.057124 -0.018060 -0.058294
v -0.057097 -0.018023 -0.058223
v -0.057097 -0.018023 -0.058223
v -0.057105 -0.018025 -0.058159
v -0.057098 -0.017957 -0.058175
v -0.057098 -0.017957 -0.058175
v -0.057105 -0.018025 -0.058159
v -0.057131 -0.018049 -0.058122
v -0.057098 -0.017957 -0.058175
v -0.057131 -0.018049 -0.058122
v -0.057105 -0.017964 -0.058142
v -0.057739 -0.018375 -0.059253
v -0.057132 -0.017936 -0.058363
v -0.057711 -0.018337 -0.059274
v -0.057132 -0.017936 -0.058363
v -0.057739 -0.018375 -0.059253
v -0.057149 -0.017968 -0.058326
v -0.057149 -0.017968 -0.058326
v -0.057739 -0.018375 -0.059253
v -0.057742 -0.018424 -0.059237
v -0.057149 -0.017968 -0.058326
v -0.057742 -0.018424 -0.059237
v -0.057146 -0.018013 -0.058300
v -0.057146 -0.018013 -0.058300
v -0.057742 -0.018424 -0.059237
v -0.057721 -0.018471 -0.059230
v -0.057146 -0.018013 -0.058300
v -0.057721 -0.018471 -0.059230
v -0.057124 -0.018060 -0.058294
v -0.057753 -0.018388 -0.059294
v -0.057711 -0.018337 -0.059274
v -0.057725 -0.018349 -0.059315
v -0.057711 -0.018337 -0.059274
v -0.057753 -0.018388 -0.059294
v -0.057739 -0.018375 -0.059253
v -0.057739 -0.018375 -0.059253
v -0.057753 -0.018388 -0.059294
v -0.057757 -0.018437 -0.059279
v -0.057739 -0.018375 -0.059253
v -0.057757 -0.018437 -0.059279
v -0.057742 -0.018424 -0.059237
v -0.057742 -0.018424 -0.059237
v -0.057757 -0.018437 -0.059279
v -0.057735 -0.018484 -0.059273
v -0.057742 -0.018424 -0.059237
v -0.057735 -0.018484 -0.059273
v -0.057721 -0.018471 -0.059230
v -0.060178 -0.019729 -0.075376
v -0.060116 -0.019245 -0.078786
v -0.059776 -0.018545 -0.084232
v -0.060116 -0.019245 -0.078786
v -0.060181 -0.019653 -0.074679
v -0.059733 -0.018411 -0.084210
v -0.060116 -0.019245 -0.078786
v -0.059733 -0.018411 -0.084210
v -0.058784 -0.017166 -0.097848
v -0.057735 -0.018484 -0.059273
v -0.057757 -0.018437 -0.059279
v -0.058118 -0.018816 -0.060470
v -0.058738 -0.017143 -0.097844
v -0.058784 -0.017166 -0.097848
v -0.059733 -0.018411 -0.084210
v -0.060116 -0.019245 -0.078786
v -0.058784 -0.017166 -0.097848
v -0.058813 -0.017209 -0.097851
v -0.060116 -0.019245 -0.078786
v -0.058813 -0.017209 -0.097851
v -0.059776 -0.018545 -0.084232
v -0.058816 -0.017261 -0.097853
v -0.059776 -0.018545 -0.084232
v -0.058813 -0.017209 -0.097851
v -0.059758 -0.019890 -0.067836
v -0.057753 -0.018388 -0.059294
v -0.057725 -0.018349 -0.059315
v -0.059758 -0.019890 -0.067836
v -0.057725 -0.018349 -0.059315
v -0.058017 -0.018597 -0.060195
v -0.059758 -0.019890 -0.067836
v -0.058017 -0.018597 -0.060195
v -0.059532 -0.019719 -0.066488
v -0.059758 -0.019890 -0.067836
v -0.059532 -0.019719 -0.066488
v -0.060181 -0.019653 -0.074679
v -0.059758 -0.019890 -0.067836
v -0.060181 -0.019653 -0.074679
v -0.060116 -0.019245 -0.078786
v -0.059758 -0.019890 -0.067836
v -0.060116 -0.019245 -0.078786
v -0.060178 -0.019729 -0.075376
v -0.059758 -0.019890 -0.067836
v -0.060178 -0.019729 -0.075376
v -0.059722 -0.019958 -0.067837
v -0.059758 -0.019890 -0.067836
v -0.059722 -0.019958 -0.067837
v -0.058118 -0.018816 -0.060470
v -0.059758 -0.019890 -0.067836
v -0.058118 -0.018816 -0.060470
v -0.057757 -0.018437 -0.059279
v -0.059758 -0.019890 -0.067836
v -0.057757 -0.018437 -0.059279
v -0.057753 -0.018388 -0.059294
v -0.058738 -0.017143 -0.097844
v -0.058737 -0.017143 -0.097851
v -0.058784 -0.017166 -0.097848
v -0.058784 -0.017166 -0.097848
v -0.058737 -0.017143 -0.097851
v -0.058783 -0.017166 -0.097857
v -0.058784 -0.017166 -0.097848
v -0.058783 -0.017166 -0.097857
v -0.058813 -0.017209 -0.097851
v -0.058813 -0.017209 -0.097851
v -0.058783 -0.017166 -0.097857
v -0.058812 -0.017209 -0.097862
v -0.058813 -0.017209 -0.097851
v -0.058812 -0.017209 -0.097862
v -0.058816 -0.017261 -0.097853
v -0.058816 -0.017261 -0.097853
v -0.058812 -0.017209 -0.097862
v -0.058815 -0.017260 -0.097864
v -0.050990 -0.015620 -0.098051
v -0.050833 -0.015613 -0.097890
v -0.050918 -0.015678 -0.098042
v -0.051327 -0.015685 -0.098226
v -0.051172 -0.015726 -0.098201
v -0.052143 -0.015916 -0.098465
v -0.057066 -0.016897 -0.098546
v -0.058088 -0.017033 -0.098331
v -0.057721 -0.016931 -0.098344
v -0.057721 -0.016931 -0.098344
v -0.053438 -0.016073 -0.098505
v -0.057066 -0.016897 -0.098546
v -0.057066 -0.016897 -0.098546
v -0.053438 -0.016073 -0.098505
v -0.052143 -0.015916 -0.098465
v -0.053438 -0.016073 -0.098505
v -0.051327 -0.015685 -0.098226
v -0.052143 -0.015916 -0.098465
v -0.058287 -0.017146 -0.098297
v -0.058686 -0.017158 -0.098058
v -0.058088 -0.017033 -0.098331
v -0.058287 -0.017146 -0.098297
v -0.058088 -0.017033 -0.098331
v -0.057066 -0.016897 -0.098546
v -0.057721 -0.016931 -0.098344
v -0.058088 -0.017033 -0.098331
v -0.058506 -0.017092 -0.098099
v -0.058686 -0.017158 -0.098058
v -0.058506 -0.017092 -0.098099
v -0.058088 -0.017033 -0.098331
v -0.058815 -0.017260 -0.097864
v -0.058812 -0.017209 -0.097862
v -0.058775 -0.017250 -0.097982
v -0.050811 -0.015659 -0.097896
v -0.050918 -0.015678 -0.098042
v -0.050833 -0.015613 -0.097890
v -0.051327 -0.015685 -0.098226
v -0.053438 -0.016073 -0.098505
v -0.051357 -0.015662 -0.098159
v -0.058686 -0.017158 -0.098058
v -0.058287 -0.017146 -0.098297
v -0.058669 -0.017226 -0.098101
v -0.051357 -0.015662 -0.098159
v -0.051037 -0.015601 -0.097994
v -0.051327 -0.015685 -0.098226
v -0.051327 -0.015685 -0.098226
v -0.051037 -0.015601 -0.097994
v -0.050990 -0.015620 -0.098051
v -0.051327 -0.015685 -0.098226
v -0.050990 -0.015620 -0.098051
v -0.051172 -0.015726 -0.098201
v -0.051172 -0.015726 -0.098201
v -0.050990 -0.015620 -0.098051
v -0.050918 -0.015678 -0.098042
v -0.058669 -0.017226 -0.098101
v -0.058775 -0.017250 -0.097982
v -0.058686 -0.017158 -0.098058
v -0.058686 -0.017158 -0.098058
v -0.058775 -0.017250 -0.097982
v -0.058812 -0.017209 -0.097862
v -0.058686 -0.017158 -0.098058
v -0.058812 -0.017209 -0.097862
v -0.058783 -0.017166 -0.097857
v -0.058783 -0.017166 -0.097857
v -0.058737 -0.017143 -0.097851
v -0.058686 -0.017158 -0.098058
v -0.058686 -0.017158 -0.098058
v -0.058737 -0.017143 -0.097851
v -0.058684 -0.017130 -0.097966
v -0.058686 -0.017158 -0.098058
v -0.058684 -0.017130 -0.097966
v -0.058506 -0.017092 -0.098099
v -0.051037 -0.015601 -0.097994
v -0.050921 -0.015580 -0.097857
v -0.050990 -0.015620 -0.098051
v -0.050990 -0.015620 -0.098051
v -0.050921 -0.015580 -0.097857
v -0.050873 -0.015584 -0.097876
v -0.050990 -0.015620 -0.098051
v -0.050873 -0.015584 -0.097876
v -0.050833 -0.015613 -0.097890
v -0.050921 -0.015580 -0.097857
v -0.050913 -0.015579 -0.097832
v -0.050873 -0.015584 -0.097876
v -0.050873 -0.015584 -0.097876
v -0.050913 -0.015579 -0.097832
v -0.050863 -0.015582 -0.097844
v -0.050873 -0.015584 -0.097876
v -0.050863 -0.015582 -0.097844
v -0.050833 -0.015613 -0.097890
v -0.050833 -0.015613 -0.097890
v -0.050863 -0.015582 -0.097844
v -0.050821 -0.015611 -0.097854
v -0.050833 -0.015613 -0.097890
v -0.050821 -0.015611 -0.097854
v -0.050811 -0.015659 -0.097896
v -0.050811 -0.015659 -0.097896
v -0.050821 -0.015611 -0.097854
v -0.050798 -0.015657 -0.097858
v -0.046666 -0.013823 -0.080751
v -0.045750 -0.012933 -0.072546
v -0.045824 -0.013214 -0.075287
v -0.047056 -0.014177 -0.082788
v -0.046666 -0.013823 -0.080751
v -0.045824 -0.013214 -0.075287
v -0.047056 -0.014177 -0.082788
v -0.050821 -0.015611 -0.097854
v -0.046666 -0.013823 -0.080751
v -0.046877 -0.013899 -0.081418
v -0.045822 -0.012906 -0.072548
v -0.046666 -0.013823 -0.080751
v -0.045750 -0.012933 -0.072546
v -0.046862 -0.013056 -0.065728
v -0.047252 -0.013247 -0.064378
v -0.050254 -0.015562 -0.095705
v -0.050821 -0.015611 -0.097854
v -0.047056 -0.014177 -0.082788
v -0.050821 -0.015611 -0.097854
v -0.050254 -0.015562 -0.095705
v -0.050798 -0.015657 -0.097858
v -0.045750 -0.012933 -0.072546
v -0.046666 -0.013823 -0.080751
v -0.045822 -0.012906 -0.072548
v -0.045822 -0.012906 -0.072548
v -0.046862 -0.013056 -0.065728
v -0.045750 -0.012933 -0.072546
v -0.050863 -0.015582 -0.097844
v -0.050913 -0.015579 -0.097832
v -0.050368 -0.015481 -0.095680
v -0.050863 -0.015582 -0.097844
v -0.050368 -0.015481 -0.095680
v -0.046877 -0.013899 -0.081418
v -0.050863 -0.015582 -0.097844
v -0.046877 -0.013899 -0.081418
v -0.046666 -0.013823 -0.080751
v -0.050863 -0.015582 -0.097844
v -0.046666 -0.013823 -0.080751
v -0.050821 -0.015611 -0.097854
v -0.049906 -0.014411 -0.059265
v -0.047252 -0.013247 -0.064378
v -0.049945 -0.014382 -0.059283
v -0.049945 -0.014382 -0.059283
v -0.047252 -0.013247 -0.064378
v -0.046862 -0.013056 -0.065728
v -0.049945 -0.014382 -0.059283
v -0.046862 -0.013056 -0.065728
v -0.049989 -0.014377 -0.059310
v -0.045824 -0.013214 -0.075287
v -0.045750 -0.012933 -0.072546
v -0.045888 -0.012929 -0.069796
v -0.045888 -0.012929 -0.069796
v -0.045750 -0.012933 -0.072546
v -0.047252 -0.013247 -0.064378
v -0.045888 -0.012929 -0.069796
v -0.047252 -0.013247 -0.064378
v -0.047215 -0.013314 -0.064374
v -0.047215 -0.013314 -0.064374
v -0.047252 -0.013247 -0.064378
v -0.049906 -0.014411 -0.059265
v -0.047215 -0.013314 -0.064374
v -0.049906 -0.014411 -0.059265
v -0.049882 -0.014457 -0.059263
v -0.049986 -0.014401 -0.059224
v -0.049989 -0.014377 -0.059310
v -0.050029 -0.014395 -0.059252
v -0.049989 -0.014377 -0.059310
v -0.049986 -0.014401 -0.059224
v -0.049945 -0.014382 -0.059283
v -0.049945 -0.014382 -0.059283
v -0.049986 -0.014401 -0.059224
v -0.049947 -0.014430 -0.059206
v -0.049945 -0.014382 -0.059283
v -0.049947 -0.014430 -0.059206
v -0.049906 -0.014411 -0.059265
v -0.049906 -0.014411 -0.059265
v -0.049947 -0.014430 -0.059206
v -0.049923 -0.014476 -0.059203
v -0.049906 -0.014411 -0.059265
v -0.049923 -0.014476 -0.059203
v -0.049882 -0.014457 -0.059263
v -0.050689 -0.014725 -0.058483
v -0.050029 -0.014395 -0.059252
v -0.050723 -0.014715 -0.058521
v -0.050029 -0.014395 -0.059252
v -0.050689 -0.014725 -0.058483
v -0.049986 -0.014401 -0.059224
v -0.049986 -0.014401 -0.059224
v -0.050689 -0.014725 -0.058483
v -0.050656 -0.014758 -0.058461
v -0.049986 -0.014401 -0.059224
v -0.050656 -0.014758 -0.058461
v -0.049947 -0.014430 -0.059206
v -0.049947 -0.014430 -0.059206
v -0.050656 -0.014758 -0.058461
v -0.050633 -0.014805 -0.058459
v -0.049947 -0.014430 -0.059206
v -0.050633 -0.014805 -0.058459
v -0.049923 -0.014476 -0.059203
v -0.050654 -0.015114 -0.058554
v -0.051945 -0.015464 -0.059294
v -0.049921 -0.014779 -0.059297
v -0.050654 -0.015114 -0.058554
v -0.050728 -0.015160 -0.058444
v -0.051945 -0.015464 -0.059294
v -0.057462 -0.018651 -0.059267
v -0.055716 -0.017400 -0.059278
v -0.053874 -0.016337 -0.059287
v -0.050728 -0.015160 -0.058444
v -0.050732 -0.015177 -0.058366
v -0.051945 -0.015464 -0.059294
v -0.051945 -0.015464 -0.059294
v -0.050732 -0.015177 -0.058366
v -0.053764 -0.016282 -0.059273
v -0.051945 -0.015464 -0.059294
v -0.053764 -0.016282 -0.059273
v -0.053874 -0.016337 -0.059287
v -0.057462 -0.018651 -0.059267
v -0.053874 -0.016337 -0.059287
v -0.056941 -0.018287 -0.058431
v -0.056941 -0.018287 -0.058431
v -0.053874 -0.016337 -0.059287
v -0.053764 -0.016282 -0.059273
v -0.056941 -0.018287 -0.058431
v -0.053764 -0.016282 -0.059273
v -0.056877 -0.018254 -0.058307
v -0.057475 -0.018662 -0.059306
v -0.055716 -0.017400 -0.059278
v -0.057462 -0.018651 -0.059267
v -0.057475 -0.018662 -0.059306
v -0.058959 -0.019820 -0.065004
v -0.055716 -0.017400 -0.059278
v -0.058658 -0.017536 -0.097860
v -0.054750 -0.016755 -0.097858
v -0.058659 -0.017536 -0.097853
v -0.051945 -0.015464 -0.059294
v -0.053874 -0.016337 -0.059287
v -0.051660 -0.014820 -0.063977
v -0.050835 -0.015972 -0.097838
v -0.047436 -0.014691 -0.084203
v -0.052595 -0.016235 -0.091951
v -0.052595 -0.016235 -0.091951
v -0.047436 -0.014691 -0.084203
v -0.051313 -0.015295 -0.081126
v -0.051313 -0.015295 -0.081126
v -0.047436 -0.014691 -0.084203
v -0.045915 -0.013528 -0.075355
v -0.051313 -0.015295 -0.081126
v -0.045915 -0.013528 -0.075355
v -0.051148 -0.014203 -0.071864
v -0.045915 -0.013528 -0.075355
v -0.046150 -0.013257 -0.068549
v -0.051148 -0.014203 -0.071864
v -0.051660 -0.014820 -0.063977
v -0.051148 -0.014203 -0.071864
v -0.046150 -0.013257 -0.068549
v -0.049921 -0.014779 -0.059297
v -0.051945 -0.015464 -0.059294
v -0.049881 -0.014761 -0.059355
v -0.058838 -0.017672 -0.094940
v -0.055691 -0.016996 -0.086068
v -0.059644 -0.018976 -0.082703
v -0.059644 -0.018976 -0.082703
v -0.055691 -0.016996 -0.086068
v -0.055702 -0.016759 -0.077970
v -0.059644 -0.018976 -0.082703
v -0.055702 -0.016759 -0.077970
v -0.059857 -0.020038 -0.073161
v -0.055702 -0.016759 -0.077970
v -0.055719 -0.016561 -0.068930
v -0.059857 -0.020038 -0.073161
v -0.059857 -0.020038 -0.073161
v -0.055719 -0.016561 -0.068930
v -0.058959 -0.019820 -0.065004
v -0.052595 -0.016235 -0.091951
v -0.051313 -0.015295 -0.081126
v -0.055691 -0.016996 -0.086068
v -0.055691 -0.016996 -0.086068
v -0.051313 -0.015295 -0.081126
v -0.055702 -0.016759 -0.077970
v -0.055702 -0.016759 -0.077970
v -0.051313 -0.015295 -0.081126
v -0.051148 -0.014203 -0.071864
v -0.055702 -0.016759 -0.077970
v -0.051148 -0.014203 -0.071864
v -0.055719 -0.016561 -0.068930
v -0.051660 -0.014820 -0.063977
v -0.055719 -0.016561 -0.068930
v -0.051148 -0.014203 -0.071864
v -0.050842 -0.015973 -0.097863
v -0.050835 -0.015972 -0.097838
v -0.054750 -0.016755 -0.097858
v -0.054750 -0.016755 -0.097858
v -0.050835 -0.015972 -0.097838
v -0.052595 -0.016235 -0.091951
v -0.054750 -0.016755 -0.097858
v -0.052595 -0.016235 -0.091951
v -0.058659 -0.017536 -0.097853
v -0.058659 -0.017536 -0.097853
v -0.052595 -0.016235 -0.091951
v -0.055691 -0.016996 -0.086068
v -0.058659 -0.017536 -0.097853
v -0.055691 -0.016996 -0.086068
v -0.058838 -0.017672 -0.094940
v -0.051660 -0.014820 -0.063977
v -0.053874 -0.016337 -0.059287
v -0.055719 -0.016561 -0.068930
v -0.055719 -0.016561 -0.068930
v -0.053874 -0.016337 -0.059287
v -0.055716 -0.017400 -0.059278
v -0.055719 -0.016561 -0.068930
v -0.055716 -0.017400 -0.059278
v -0.058959 -0.019820 -0.065004
v -0.049881 -0.014761 -0.059355
v -0.051945 -0.015464 -0.059294
v -0.048047 -0.013940 -0.062597
v -0.048047 -0.013940 -0.062597
v -0.051945 -0.015464 -0.059294
v -0.051660 -0.014820 -0.063977
v -0.048047 -0.013940 -0.062597
v -0.051660 -0.014820 -0.063977
v -0.046150 -0.013257 -0.068549
v -0.058601 -0.017522 -0.097979
v -0.058300 -0.017458 -0.098169
v -0.051170 -0.016034 -0.098123
v -0.058601 -0.017522 -0.097979
v -0.051170 -0.016034 -0.098123
v -0.050901 -0.015983 -0.097949
v -0.058601 -0.017522 -0.097979
v -0.050901 -0.015983 -0.097949
v -0.050842 -0.015973 -0.097863
v -0.058601 -0.017522 -0.097979
v -0.050842 -0.015973 -0.097863
v -0.054750 -0.016755 -0.097858
v -0.058601 -0.017522 -0.097979
v -0.054750 -0.016755 -0.097858
v -0.058658 -0.017536 -0.097860
v -0.058300 -0.017458 -0.098169
v -0.056742 -0.017142 -0.098483
v -0.051170 -0.016034 -0.098123
v -0.051170 -0.016034 -0.098123
v -0.056742 -0.017142 -0.098483
v -0.051932 -0.016183 -0.098342
v -0.057025 -0.018216 -0.058291
v -0.056957 -0.018271 -0.058252
v -0.057028 -0.018211 -0.058227
v -0.057059 -0.018238 -0.058177
v -0.057028 -0.018211 -0.058227
v -0.056957 -0.018271 -0.058252
v -0.056877 -0.018254 -0.058307
v -0.056957 -0.018271 -0.058252
v -0.056975 -0.018279 -0.058346
v -0.056941 -0.018287 -0.058431
v -0.056877 -0.018254 -0.058307
v -0.056974 -0.018297 -0.058392
v -0.056974 -0.018297 -0.058392
v -0.056877 -0.018254 -0.058307
v -0.056975 -0.018279 -0.058346
v -0.056974 -0.018297 -0.058392
v -0.056975 -0.018279 -0.058346
v -0.057013 -0.018283 -0.058362
v -0.057049 -0.018248 -0.058348
v -0.057013 -0.018283 -0.058362
v -0.057025 -0.018216 -0.058291
v -0.057025 -0.018216 -0.058291
v -0.057013 -0.018283 -0.058362
v -0.056975 -0.018279 -0.058346
v -0.057025 -0.018216 -0.058291
v -0.056975 -0.018279 -0.058346
v -0.056957 -0.018271 -0.058252
v -0.050681 -0.015130 -0.058402
v -0.050728 -0.015160 -0.058444
v -0.050629 -0.015100 -0.058511
v -0.050621 -0.015084 -0.058291
v -0.050683 -0.015155 -0.058333
v -0.050657 -0.015087 -0.058337
v -0.050654 -0.015114 -0.058554
v -0.050629 -0.015100 -0.058511
v -0.050728 -0.015160 -0.058444
v -0.050681 -0.015130 -0.058402
v -0.050629 -0.015100 -0.058511
v -0.050618 -0.015064 -0.058475
v -0.050681 -0.015130 -0.058402
v -0.050618 -0.015064 -0.058475
v -0.050663 -0.015067 -0.058393
v -0.050625 -0.015017 -0.058455
v -0.050663 -0.015067 -0.058393
v -0.050618 -0.015064 -0.058475
v -0.050663 -0.015067 -0.058393
v -0.050657 -0.015087 -0.058337
v -0.050681 -0.015130 -0.058402
v -0.050681 -0.015130 -0.058402
v -0.050657 -0.015087 -0.058337
v -0.050683 -0.015155 -0.058333
v -0.050681 -0.015130 -0.058402
v -0.050683 -0.015155 -0.058333
v -0.050728 -0.015160 -0.058444
v -0.050728 -0.015160 -0.058444
v -0.050683 -0.015155 -0.058333
v -0.050732 -0.015177 -0.058366
v -0.050654 -0.015114 -0.058554
v -0.049921 -0.014779 -0.059297
v -0.050629 -0.015100 -0.058511
v -0.050629 -0.015100 -0.058511
v -0.049921 -0.014779 -0.059297
v -0.049885 -0.014758 -0.059266
v -0.050629 -0.015100 -0.058511
v -0.049885 -0.014758 -0.059266
v -0.050618 -0.015064 -0.058475
v -0.050618 -0.015064 -0.058475
v -0.049885 -0.014758 -0.059266
v -0.049866 -0.014718 -0.059240
v -0.050618 -0.015064 -0.058475
v -0.049866 -0.014718 -0.059240
v -0.050625 -0.015017 -0.058455
v -0.050625 -0.015017 -0.058455
v -0.049866 -0.014718 -0.059240
v -0.049869 -0.014668 -0.059226
v -0.049921 -0.014779 -0.059297
v -0.049881 -0.014761 -0.059355
v -0.049885 -0.014758 -0.059266
v -0.049885 -0.014758 -0.059266
v -0.049881 -0.014761 -0.059355
v -0.049845 -0.014740 -0.059325
v -0.049885 -0.014758 -0.059266
v -0.049845 -0.014740 -0.059325
v -0.049866 -0.014718 -0.059240
v -0.049866 -0.014718 -0.059240
v -0.049845 -0.014740 -0.059325
v -0.049826 -0.014699 -0.059300
v -0.049866 -0.014718 -0.059240
v -0.049826 -0.014699 -0.059300
v -0.049869 -0.014668 -0.059226
v -0.049869 -0.014668 -0.059226
v -0.049826 -0.014699 -0.059300
v -0.049828 -0.014649 -0.059286
v -0.049881 -0.014761 -0.059355
v -0.046934 -0.013483 -0.065165
v -0.049845 -0.014740 -0.059325
v -0.049881 -0.014761 -0.059355
v -0.048047 -0.013940 -0.062597
v -0.046934 -0.013483 -0.065165
v -0.045884 -0.013494 -0.076058
v -0.045915 -0.013528 -0.075355
v -0.047436 -0.014691 -0.084203
v -0.045884 -0.013494 -0.076058
v -0.047436 -0.014691 -0.084203
v -0.047356 -0.014579 -0.084237
v -0.047436 -0.014691 -0.084203
v -0.050790 -0.015949 -0.097850
v -0.047356 -0.014579 -0.084237
v -0.047356 -0.014579 -0.084237
v -0.050790 -0.015949 -0.097850
v -0.050762 -0.015906 -0.097859
v -0.045798 -0.013134 -0.070583
v -0.046934 -0.013483 -0.065165
v -0.046150 -0.013257 -0.068549
v -0.046150 -0.013257 -0.068549
v -0.045915 -0.013528 -0.075355
v -0.045798 -0.013134 -0.070583
v -0.045798 -0.013134 -0.070583
v -0.045915 -0.013528 -0.075355
v -0.045884 -0.013494 -0.076058
v -0.046150 -0.013257 -0.068549
v -0.046934 -0.013483 -0.065165
v -0.048047 -0.013940 -0.062597
v -0.049845 -0.014740 -0.059325
v -0.046934 -0.013483 -0.065165
v -0.049826 -0.014699 -0.059300
v -0.050835 -0.015972 -0.097838
v -0.050790 -0.015949 -0.097850
v -0.047436 -0.014691 -0.084203
v -0.050759 -0.015854 -0.097861
v -0.047356 -0.014579 -0.084237
v -0.050762 -0.015906 -0.097859
v -0.046934 -0.013483 -0.065165
v -0.045798 -0.013134 -0.070583
v -0.046916 -0.013410 -0.065150
v -0.046934 -0.013483 -0.065165
v -0.046916 -0.013410 -0.065150
v -0.049826 -0.014699 -0.059300
v -0.049826 -0.014699 -0.059300
v -0.046916 -0.013410 -0.065150
v -0.049695 -0.014588 -0.059488
v -0.049826 -0.014699 -0.059300
v -0.049695 -0.014588 -0.059488
v -0.049828 -0.014649 -0.059286
v -0.050800 -0.015950 -0.097881
v -0.050835 -0.015972 -0.097838
v -0.050842 -0.015973 -0.097863
v -0.050835 -0.015972 -0.097838
v -0.050800 -0.015950 -0.097881
v -0.050790 -0.015949 -0.097850
v -0.050790 -0.015949 -0.097850
v -0.050800 -0.015950 -0.097881
v -0.050773 -0.015907 -0.097894
v -0.050790 -0.015949 -0.097850
v -0.050773 -0.015907 -0.097894
v -0.050762 -0.015906 -0.097859
v -0.050762 -0.015906 -0.097859
v -0.050773 -0.015907 -0.097894
v -0.050771 -0.015855 -0.097899
v -0.050762 -0.015906 -0.097859
v -0.050771 -0.015855 -0.097899
v -0.050759 -0.015854 -0.097861
v -0.050988 -0.015968 -0.098103
v -0.052139 -0.016192 -0.098450
v -0.051151 -0.015926 -0.098213
v -0.050912 -0.015881 -0.098074
v -0.050988 -0.015968 -0.098103
v -0.051151 -0.015926 -0.098213
v -0.050912 -0.015881 -0.098074
v -0.050773 -0.015907 -0.097894
v -0.050988 -0.015968 -0.098103
v -0.050901 -0.015983 -0.097949
v -0.051170 -0.016034 -0.098123
v -0.050988 -0.015968 -0.098103
v -0.050800 -0.015950 -0.097881
v -0.050901 -0.015983 -0.097949
v -0.050988 -0.015968 -0.098103
v -0.051932 -0.016183 -0.098342
v -0.056742 -0.017142 -0.098483
v -0.052139 -0.016192 -0.098450
v -0.050988 -0.015968 -0.098103
v -0.051932 -0.016183 -0.098342
v -0.052139 -0.016192 -0.098450
v -0.056742 -0.017142 -0.098483
v -0.058300 -0.017458 -0.098169
v -0.057610 -0.017285 -0.098434
v -0.058300 -0.017458 -0.098169
v -0.058601 -0.017522 -0.097979
v -0.058540 -0.017477 -0.098126
v -0.057610 -0.017285 -0.098434
v -0.058300 -0.017458 -0.098169
v -0.058540 -0.017477 -0.098126
v -0.058540 -0.017477 -0.098126
v -0.058601 -0.017522 -0.097979
v -0.058712 -0.017515 -0.097944
v -0.050901 -0.015983 -0.097949
v -0.050800 -0.015950 -0.097881
v -0.050842 -0.015973 -0.097863
v -0.050773 -0.015907 -0.097894
v -0.050800 -0.015950 -0.097881
v -0.050988 -0.015968 -0.098103
v -0.050790 -0.015859 -0.097939
v -0.050773 -0.015907 -0.097894
v -0.050912 -0.015881 -0.098074
v -0.050773 -0.015907 -0.097894
v -0.050790 -0.015859 -0.097939
v -0.050771 -0.015855 -0.097899
v -0.051170 -0.016034 -0.098123
v -0.051932 -0.016183 -0.098342
v -0.050988 -0.015968 -0.098103
v -0.051934 -0.016079 -0.098439
v -0.051151 -0.015926 -0.098213
v -0.052139 -0.016192 -0.098450
v -0.058753 -0.017504 -0.097868
v -0.058712 -0.017515 -0.097944
v -0.058710 -0.017533 -0.097865
v -0.058710 -0.017533 -0.097865
v -0.058712 -0.017515 -0.097944
v -0.058601 -0.017522 -0.097979
v -0.058710 -0.017533 -0.097865
v -0.058601 -0.017522 -0.097979
v -0.058658 -0.017536 -0.097860
v -0.056742 -0.017142 -0.098483
v -0.057610 -0.017285 -0.098434
v -0.052139 -0.016192 -0.098450
v -0.052139 -0.016192 -0.098450
v -0.057610 -0.017285 -0.098434
v -0.056078 -0.016902 -0.098633
v -0.052139 -0.016192 -0.098450
v -0.056078 -0.016902 -0.098633
v -0.051934 -0.016079 -0.098439
v -0.056078 -0.016902 -0.098633
v -0.057610 -0.017285 -0.098434
v -0.058194 -0.017331 -0.098320
v -0.058194 -0.017331 -0.098320
v -0.057610 -0.017285 -0.098434
v -0.058540 -0.017477 -0.098126
v -0.058194 -0.017331 -0.098320
v -0.058540 -0.017477 -0.098126
v -0.058588 -0.017413 -0.098137
v -0.058588 -0.017413 -0.098137
v -0.058540 -0.017477 -0.098126
v -0.058712 -0.017515 -0.097944
v -0.058588 -0.017413 -0.098137
v -0.058712 -0.017515 -0.097944
v -0.058737 -0.017446 -0.097986
v -0.058737 -0.017446 -0.097986
v -0.058712 -0.017515 -0.097944
v -0.058753 -0.017504 -0.097868
v -0.058737 -0.017446 -0.097986
v -0.058753 -0.017504 -0.097868
v -0.058776 -0.017457 -0.097868
v -0.058711 -0.017533 -0.097856
v -0.058658 -0.017536 -0.097860
v -0.058659 -0.017536 -0.097853
v -0.058658 -0.017536 -0.097860
v -0.058711 -0.017533 -0.097856
v -0.058710 -0.017533 -0.097865
v -0.058710 -0.017533 -0.097865
v -0.058711 -0.017533 -0.097856
v -0.058754 -0.017504 -0.097858
v -0.058710 -0.017533 -0.097865
v -0.058754 -0.017504 -0.097858
v -0.058753 -0.017504 -0.097868
v -0.058753 -0.017504 -0.097868
v -0.058754 -0.017504 -0.097858
v -0.058777 -0.017458 -0.097858
v -0.058753 -0.017504 -0.097868
v -0.058777 -0.017458 -0.097858
v -0.058776 -0.017457 -0.097868
v -0.059644 -0.018976 -0.082703
v -0.059857 -0.020038 -0.073161
v -0.059998 -0.020047 -0.073157
v -0.059644 -0.018976 -0.082703
v -0.059998 -0.020047 -0.073157
v -0.059821 -0.019034 -0.082027
v -0.058754 -0.017504 -0.097858
v -0.059644 -0.018976 -0.082703
v -0.059821 -0.019034 -0.082027
v -0.057520 -0.018680 -0.059287
v -0.058959 -0.019820 -0.065004
v -0.057475 -0.018662 -0.059306
v -0.058959 -0.019820 -0.065004
v -0.057520 -0.018680 -0.059287
v -0.057569 -0.018672 -0.059273
v -0.059340 -0.019975 -0.066316
v -0.058959 -0.019820 -0.065004
v -0.057569 -0.018672 -0.059273
v -0.059340 -0.019975 -0.066316
v -0.059857 -0.020038 -0.073161
v -0.058959 -0.019820 -0.065004
v -0.059998 -0.020047 -0.073157
v -0.059857 -0.020038 -0.073161
v -0.059340 -0.019975 -0.066316
v -0.059340 -0.019975 -0.066316
v -0.057569 -0.018672 -0.059273
v -0.057610 -0.018640 -0.059268
v -0.058958 -0.017598 -0.094943
v -0.058754 -0.017504 -0.097858
v -0.059821 -0.019034 -0.082027
v -0.058754 -0.017504 -0.097858
v -0.058958 -0.017598 -0.094943
v -0.058777 -0.017458 -0.097858
v -0.058711 -0.017533 -0.097856
v -0.058659 -0.017536 -0.097853
v -0.058838 -0.017672 -0.094940
v -0.058711 -0.017533 -0.097856
v -0.058838 -0.017672 -0.094940
v -0.059644 -0.018976 -0.082703
v -0.058711 -0.017533 -0.097856
v -0.059644 -0.018976 -0.082703
v -0.058754 -0.017504 -0.097858
v -0.057475 -0.018662 -0.059306
v -0.057462 -0.018651 -0.059267
v -0.057520 -0.018680 -0.059287
v -0.057520 -0.018680 -0.059287
v -0.057462 -0.018651 -0.059267
v -0.057506 -0.018668 -0.059246
v -0.057520 -0.018680 -0.059287
v -0.057506 -0.018668 -0.059246
v -0.057569 -0.018672 -0.059273
v -0.057569 -0.018672 -0.059273
v -0.057506 -0.018668 -0.059246
v -0.057555 -0.018660 -0.059232
v -0.057569 -0.018672 -0.059273
v -0.057555 -0.018660 -0.059232
v -0.057610 -0.018640 -0.059268
v -0.057610 -0.018640 -0.059268
v -0.057555 -0.018660 -0.059232
v -0.057596 -0.018628 -0.059227
v -0.057462 -0.018651 -0.059267
v -0.056941 -0.018287 -0.058431
v -0.057506 -0.018668 -0.059246
v -0.057506 -0.018668 -0.059246
v -0.056941 -0.018287 -0.058431
v -0.056974 -0.018297 -0.058392
v -0.057506 -0.018668 -0.059246
v -0.056974 -0.018297 -0.058392
v -0.057555 -0.018660 -0.059232
v -0.057555 -0.018660 -0.059232
v -0.056974 -0.018297 -0.058392
v -0.057013 -0.018283 -0.058362
v -0.057555 -0.018660 -0.059232
v -0.057013 -0.018283 -0.058362
v -0.057596 -0.018628 -0.059227
v -0.057596 -0.018628 -0.059227
v -0.057013 -0.018283 -0.058362
v -0.057049 -0.018248 -0.058348
v -0.049861 -0.019063 -0.049865
v -0.050470 -0.019063 -0.053762
v -0.048249 -0.019063 -0.053763
v -0.050700 -0.019063 -0.053207
v -0.050470 -0.019063 -0.053762
v -0.049861 -0.019063 -0.049865
v -0.050470 -0.019063 -0.053762
v -0.049865 -0.019063 -0.057660
v -0.048249 -0.019063 -0.053763
v -0.049865 -0.019063 -0.057660
v -0.050470 -0.019063 -0.053762
v -0.050700 -0.019063 -0.054317
v -0.053764 -0.019063 -0.059273
v -0.049865 -0.019063 -0.057660
v -0.050700 -0.019063 -0.054317
v -0.053764 -0.019063 -0.059273
v -0.050700 -0.019063 -0.054317
v -0.051256 -0.019063 -0.054547
v -0.053764 -0.019063 -0.059273
v -0.051256 -0.019063 -0.054547
v -0.051811 -0.019063 -0.054317
v -0.053764 -0.019063 -0.059273
v -0.051811 -0.019063 -0.054317
v -0.052041 -0.019063 -0.053761
v -0.053764 -0.019063 -0.059273
v -0.052041 -0.019063 -0.053761
v -0.055481 -0.019063 -0.053759
v -0.053764 -0.019063 -0.059273
v -0.055481 -0.019063 -0.053759
v -0.055711 -0.019063 -0.054314
v -0.053764 -0.019063 -0.059273
v -0.055711 -0.019063 -0.054314
v -0.057661 -0.019063 -0.057656
v -0.053758 -0.019063 -0.048248
v -0.057656 -0.019063 -0.049860
v -0.055711 -0.019063 -0.053204
v -0.053758 -0.019063 -0.048248
v -0.055711 -0.019063 -0.053204
v -0.055481 -0.019063 -0.053759
v -0.053758 -0.019063 -0.048248
v -0.055481 -0.019063 -0.053759
v -0.052041 -0.019063 -0.053761
v -0.053758 -0.019063 -0.048248
v -0.052041 -0.019063 -0.053761
v -0.051810 -0.019063 -0.053206
v -0.053758 -0.019063 -0.048248
v -0.051810 -0.019063 -0.053206
v -0.051255 -0.019063 -0.052976
v -0.053758 -0.019063 -0.048248
v -0.051255 -0.019063 -0.052976
v -0.050700 -0.019063 -0.053207
v -0.053758 -0.019063 -0.048248
v -0.050700 -0.019063 -0.053207
v -0.049861 -0.019063 -0.049865
v -0.057656 -0.019063 -0.049860
v -0.059273 -0.019063 -0.053757
v -0.057052 -0.019063 -0.053758
v -0.057656 -0.019063 -0.049860
v -0.057052 -0.019063 -0.053758
v -0.056821 -0.019063 -0.053203
v -0.057656 -0.019063 -0.049860
v -0.056821 -0.019063 -0.053203
v -0.056266 -0.019063 -0.052974
v -0.057656 -0.019063 -0.049860
v -0.056266 -0.019063 -0.052974
v -0.055711 -0.019063 -0.053204
v -0.057661 -0.019063 -0.057656
v -0.055711 -0.019063 -0.054314
v -0.056267 -0.019063 -0.054544
v -0.057661 -0.019063 -0.057656
v -0.056267 -0.019063 -0.054544
v -0.056822 -0.019063 -0.054314
v -0.057661 -0.019063 -0.057656
v -0.056822 -0.019063 -0.054314
v -0.057052 -0.019063 -0.053758
v -0.057661 -0.019063 -0.057656
v -0.057052 -0.019063 -0.053758
v -0.059273 -0.019063 -0.053757
v -0.048249 -0.014052 -0.053763
v -0.050470 -0.014052 -0.053762
v -0.049861 -0.014052 -0.049865
v -0.049861 -0.014052 -0.049865
v -0.050470 -0.014052 -0.053762
v -0.050700 -0.014052 -0.053207
v -0.048249 -0.014052 -0.053763
v -0.049865 -0.014052 -0.057660
v -0.050470 -0.014052 -0.053762
v -0.050700 -0.014052 -0.054317
v -0.050470 -0.014052 -0.053762
v -0.049865 -0.014052 -0.057660
v -0.053764 -0.014052 -0.059273
v -0.057661 -0.014052 -0.057656
v -0.055711 -0.014052 -0.054314
v -0.053764 -0.014052 -0.059273
v -0.055711 -0.014052 -0.054314
v -0.055481 -0.014052 -0.053759
v -0.053764 -0.014052 -0.059273
v -0.055481 -0.014052 -0.053759
v -0.052041 -0.014052 -0.053761
v -0.053764 -0.014052 -0.059273
v -0.052041 -0.014052 -0.053761
v -0.051811 -0.014052 -0.054317
v -0.053764 -0.014052 -0.059273
v -0.051811 -0.014052 -0.054317
v -0.051256 -0.014052 -0.054547
v -0.053764 -0.014052 -0.059273
v -0.051256 -0.014052 -0.054547
v -0.050700 -0.014052 -0.054317
v -0.053764 -0.014052 -0.059273
v -0.050700 -0.014052 -0.054317
v -0.049865 -0.014052 -0.057660
v -0.053758 -0.014052 -0.048248
v -0.049861 -0.014052 -0.049865
v -0.050700 -0.014052 -0.053207
v -0.053758 -0.014052 -0.048248
v -0.050700 -0.014052 -0.053207
v -0.051255 -0.014052 -0.052976
v -0.053758 -0.014052 -0.048248
v -0.051255 -0.014052 -0.052976
v -0.051810 -0.014052 -0.053206
v -0.053758 -0.014052 -0.048248
v -0.051810 -0.014052 -0.053206
v -0.052041 -0.014052 -0.053761
v -0.053758 -0.014052 -0.048248
v -0.052041 -0.014052 -0.053761
v -0.055481 -0.014052 -0.053759
v -0.053758 -0.014052 -0.048248
v -0.055481 -0.014052 -0.053759
v -0.055711 -0.014052 -0.053204
v -0.053758 -0.014052 -0.048248
v -0.055711 -0.014052 -0.053204
v -0.057656 -0.014052 -0.049860
v -0.057656 -0.014052 -0.049860
v -0.055711 -0.014052 -0.053204
v -0.056266 -0.014052 -0.052974
v -0.057656 -0.014052 -0.049860
v -0.056266 -0.014052 -0.052974
v -0.056821 -0.014052 -0.053203
v -0.057656 -0.014052 -0.049860
v -0.056821 -0.014052 -0.053203
v -0.057052 -0.014052 -0.053758
v -0.057656 -0.014052 -0.049860
v -0.057052 -0.014052 -0.053758
v -0.059273 -0.014052 -0.053757
v -0.057661 -0.014052 -0.057656
v -0.059273 -0.014052 -0.053757
v -0.057052 -0.014052 -0.053758
v -0.057661 -0.014052 -0.057656
v -0.057052 -0.014052 -0.053758
v -0.056822 -0.014052 -0.054314
v -0.057661 -0.014052 -0.057656
v -0.056822 -0.014052 -0.054314
v -0.056267 -0.014052 -0.054544
v -0.057661 -0.014052 -0.057656
v -0.056267 -0.014052 -0.054544
v -0.055711 -0.014052 -0.054314
v -0.057052 -0.019063 -0.053758
v -0.056821 -0.014052 -0.053203
v -0.056821 -0.019063 -0.053203
v -0.056821 -0.019063 -0.053203
v -0.056821 -0.014052 -0.053203
v -0.056266 -0.014052 -0.052974
v -0.056821 -0.019063 -0.053203
v -0.056266 -0.014052 -0.052974
v -0.056266 -0.019063 -0.052974
v -0.056821 -0.014052 -0.053203
v -0.057052 -0.019063 -0.053758
v -0.057052 -0.014052 -0.053758
v -0.057052 -0.014052 -0.053758
v -0.057052 -0.019063 -0.053758
v -0.056822 -0.019063 -0.054314
v -0.057052 -0.014052 -0.053758
v -0.056822 -0.019063 -0.054314
v -0.056822 -0.014052 -0.054314
v -0.056822 -0.014052 -0.054314
v -0.056822 -0.019063 -0.054314
v -0.056267 -0.019063 -0.054544
v -0.056822 -0.014052 -0.054314
v -0.056267 -0.019063 -0.054544
v -0.056267 -0.014052 -0.054544
v -0.055481 -0.019063 -0.053759
v -0.055711 -0.014052 -0.054314
v -0.055711 -0.019063 -0.054314
v -0.055711 -0.019063 -0.054314
v -0.055711 -0.014052 -0.054314
v -0.056267 -0.014052 -0.054544
v -0.055711 -0.019063 -0.054314
v -0.056267 -0.014052 -0.054544
v -0.056267 -0.019063 -0.054544
v -0.055711 -0.014052 -0.054314
v -0.055481 -0.019063 -0.053759
v -0.055481 -0.014052 -0.053759
v -0.055481 -0.014052 -0.053759
v -0.055481 -0.019063 -0.053759
v -0.055711 -0.019063 -0.053204
v -0.055481 -0.014052 -0.053759
v -0.055711 -0.019063 -0.053204
v -0.055711 -0.014052 -0.053204
v -0.055711 -0.014052 -0.053204
v -0.055711 -0.019063 -0.053204
v -0.056266 -0.019063 -0.052974
v -0.055711 -0.014052 -0.053204
v -0.056266 -0.019063 -0.052974
v -0.056266 -0.014052 -0.052974
v -0.052041 -0.019063 -0.053761
v -0.051810 -0.014052 -0.053206
v -0.051810 -0.019063 -0.053206
v -0.051810 -0.019063 -0.053206
v -0.051810 -0.014052 -0.053206
v -0.051255 -0.014052 -0.052976
v -0.051810 -0.019063 -0.053206
v -0.051255 -0.014052 -0.052976
v -0.051255 -0.019063 -0.052976
v -0.051810 -0.014052 -0.053206
v -0.052041 -0.019063 -0.053761
v -0.052041 -0.014052 -0.053761
v -0.052041 -0.014052 -0.053761
v -0.052041 -0.019063 -0.053761
v -0.051811 -0.019063 -0.054317
v -0.052041 -0.014052 -0.053761
v -0.051811 -0.019063 -0.054317
v -0.051811 -0.014052 -0.054317
v -0.051811 -0.014052 -0.054317
v -0.051811 -0.019063 -0.054317
v -0.051256 -0.019063 -0.054547
v -0.051811 -0.014052 -0.054317
v -0.051256 -0.019063 -0.054547
v -0.051256 -0.014052 -0.054547
v -0.050470 -0.019063 -0.053762
v -0.050700 -0.014052 -0.054317
v -0.050700 -0.019063 -0.054317
v -0.050700 -0.019063 -0.054317
v -0.050700 -0.014052 -0.054317
v -0.051256 -0.014052 -0.054547
v -0.050700 -0.019063 -0.054317
v -0.051256 -0.014052 -0.054547
v -0.051256 -0.019063 -0.054547
v -0.050700 -0.014052 -0.054317
v -0.050470 -0.019063 -0.053762
v -0.050470 -0.014052 -0.053762
v -0.050470 -0.014052 -0.053762
v -0.050470 -0.019063 -0.053762
v -0.050700 -0.019063 -0.053207
v -0.050470 -0.014052 -0.053762
v -0.050700 -0.019063 -0.053207
v -0.050700 -0.014052 -0.053207
v -0.050700 -0.014052 -0.053207
v -0.050700 -0.019063 -0.053207
v -0.051255 -0.019063 -0.052976
v -0.050700 -0.014052 -0.053207
v -0.051255 -0.019063 -0.052976
v -0.051255 -0.014052 -0.052976
vn -0.2597 -0.8476 -0.4627
vn -0.8671 -0.0126 0.4979
vn -0.2249 -0.8436 -0.4876
vn -0.8972 -0.3621 0.2529
vn 0.3204 -0.7508 -0.5776
vn -0.2444 -0.9322 -0.2670
vn -0.8794 -0.1484 0.4524
vn 0.2716 0.0234 -0.9621
vn 0.2704 0.1097 -0.9565
vn 0.7906 -0.5226 0.3191
vn 0.9497 -0.0299 0.3118
vn 0.8705 -0.4258 0.2469
vn 0.2026 0.9426 0.2655
vn 0.4058 0.7295 0.5506
vn 0.2753 0.9127 0.3021
vn 0.2764 0.8100 0.5172
vn 0.2261 0.8890 0.3982
vn 0.2670 0.8957 0.3556
vn 0.2782 0.9115 0.3030
vn 0.3368 0.8350 0.4351
vn 0.3029 0.8619 0.4067
vn 0.1399 0.9722 0.1878
vn 0.2803 0.9570 0.0749
vn 0.1978 0.9377 0.2858
vn 0.1559 0.9233 0.3510
vn 0.1479 0.9559 0.2536
vn 0.1145 0.9804 0.1603
vn 0.0102 0.9885 0.1512
vn -0.0038 0.9826 0.1855
vn 0.0013 0.9739 0.2269
vn 0.0283 0.9747 0.2215
vn 0.0186 0.9833 0.1810
vn 0.0945 0.9739 0.2064
vn 0.0841 0.9805 0.1779
vn 0.1996 0.9434 0.2650
vn 0.1529 0.9760 0.1552
vn 0.0565 0.9908 0.1231
vn 0.3976 0.7089 0.5826
vn 0.3468 0.7181 0.6034
vn 0.3539 0.8078 0.4715
vn 0.2920 0.8019 0.5213
vn 0.2847 0.9184 0.2748
vn 0.0610 0.9468 0.3160
vn 0.1538 0.9204 0.3594
vn 0.1891 0.8880 0.4192
vn 0.2721 0.8373 0.4742
vn 0.1022 0.9766 0.1892
vn 0.0622 0.9753 0.2120
vn 0.0815 0.9629 0.2573
vn 0.3147 0.8098 0.4952
vn 0.3703 0.8549 0.3634
vn 0.2459 0.9347 0.2568
vn -0.2709 -0.8476 0.4562
vn 0.8647 -0.0127 0.5020
vn -0.3098 -0.8436 0.4386
vn 0.6676 -0.3621 0.6506
vn -0.6603 -0.7509 0.0113
vn -0.1090 -0.9322 0.3451
vn 0.8315 -0.1484 0.5353
vn -0.9690 0.0234 0.2458
vn -0.9635 0.1097 0.2440
vn -0.1190 -0.5226 -0.8442
vn -0.2048 -0.0298 -0.9783
vn -0.2214 -0.4258 -0.8773
vn 0.1286 0.9426 -0.3083
vn 0.2740 0.7295 -0.6268
vn 0.1240 0.9127 -0.3894
vn 0.3097 0.8100 -0.4980
vn 0.2318 0.8890 -0.3949
vn 0.1744 0.8957 -0.4090
vn 0.1233 0.9115 -0.3924
vn 0.2084 0.8350 -0.5092
vn 0.2008 0.8619 -0.4656
vn 0.0927 0.9722 -0.2150
vn -0.0752 0.9570 -0.2802
vn 0.1486 0.9377 -0.3142
vn 0.2261 0.9233 -0.3105
vn 0.1457 0.9559 -0.2549
vn 0.0816 0.9804 -0.1793
vn 0.1258 0.9885 -0.0844
vn 0.1626 0.9826 -0.0894
vn 0.1958 0.9739 -0.1146
vn 0.1777 0.9747 -0.1353
vn 0.1474 0.9833 -0.1066
vn 0.1315 0.9739 -0.1850
vn 0.1120 0.9805 -0.1617
vn 0.1297 0.9434 -0.3054
vn 0.0579 0.9760 -0.2100
vn 0.0784 0.9908 -0.1104
vn 0.3057 0.7089 -0.6356
vn 0.3491 0.7181 -0.6021
vn 0.2314 0.8078 -0.5422
vn 0.3054 0.8019 -0.5135
vn 0.0956 0.9184 -0.3840
vn 0.2432 0.9468 -0.2108
vn 0.2343 0.9204 -0.3129
vn 0.2685 0.8880 -0.3733
vn 0.2747 0.8373 -0.4727
vn 0.1127 0.9766 -0.1831
vn 0.1525 0.9753 -0.1599
vn 0.1821 0.9629 -0.1992
vn 0.2716 0.8098 -0.5201
vn 0.1295 0.8549 -0.5024
vn 0.0994 0.9347 -0.3414
vn 0.2948 0.0712 -0.9529
vn 0.0389 -0.0000 -0.9992
vn 0.7062 0.2364 0.6674
vn 0.6225 -0.1256 0.7725
vn 0.3822 -0.0000 -0.9241
vn 0.9241 -0.0000 0.3822
vn 0.9584 -0.1416 0.2477
vn 0.9748 -0.0000 0.2231
vn 0.9049 0.2025 0.3743
vn 0.8899 0.1524 0.4300
vn 0.7820 -0.4241 0.4568
vn 0.9449 0.1855 0.2696
vn 0.9048 -0.2012 -0.3754
vn 0.9094 -0.1412 -0.3912
vn 0.6384 0.0029 -0.7697
vn 0.6407 -0.0000 -0.7678
vn 0.5945 -0.0400 -0.8031
vn 0.3832 -0.0000 0.9237
vn -0.1493 -0.6965 0.7019
vn 0.2340 0.0054 0.9722
vn 0.3317 0.5005 0.7996
vn 0.6026 0.0565 -0.7961
vn 0.5987 0.0625 -0.7985
vn 0.5659 0.1172 -0.8161
vn 0.3455 0.4273 -0.8355
vn 0.3582 -0.2431 -0.9015
vn 0.5715 -0.0612 -0.8183
vn 0.8508 0.2021 -0.4850
vn 0.9237 -0.0000 -0.3832
vn -0.3822 -0.0000 0.9241
vn -0.9723 0.0596 0.2261
vn -0.6699 -0.7335 0.1151
vn -0.7704 -0.0000 0.6376
vn -0.9129 0.1524 0.3787
vn -0.2169 0.7901 0.5733
vn -0.9824 -0.0843 0.1667
vn -0.9131 0.1539 -0.3776
vn -0.9137 0.0084 -0.4062
vn 0.3352 0.8137 0.4749
vn -0.2426 -0.0829 0.9666
vn -0.3377 -0.4682 0.8165
vn -0.6221 0.0241 -0.7826
vn -0.6374 0.0142 -0.7704
vn -0.6608 -0.0000 -0.7505
vn -0.9241 -0.0000 -0.3822
vn -0.9209 -0.0835 -0.3808
vn -0.9128 -0.0000 -0.4084
vn -0.4164 -0.0000 -0.9092
vn -0.4286 0.1488 -0.8912
vn -0.6383 -0.0204 -0.7695
vn -0.6013 -0.0644 -0.7964
vn -0.5485 -0.1333 -0.8255
vn 0.3003 -0.7576 -0.5796
vn -0.3832 -0.0000 -0.9237
vn -0.9237 -0.0000 0.3832
vn -0.6521 0.4817 0.5854
vn -0.7570 -0.5946 0.2711
vn -0.2149 0.3556 -0.9096
vn 0.4180 -0.1937 0.8876
vn 0.4174 -0.1997 0.8865
vn 0.3306 -0.4630 0.8224
vn 0.3318 -0.4906 0.8058
vn 0.2387 -0.7175 0.6544
vn 0.4078 -0.5379 0.7378
vn 0.3333 -0.7177 0.6114
vn 0.4015 -0.8206 0.4067
vn 0.4703 -0.7088 0.5258
vn 0.5763 -0.7401 0.3465
vn 0.6480 -0.5867 0.4857
vn -0.8027 0.1853 -0.5669
vn -0.8002 0.1864 -0.5700
vn -0.9629 0.1484 -0.2253
vn -0.9623 0.1496 -0.2271
vn -0.9930 0.1076 0.0487
vn -0.9929 0.1090 0.0471
vn -0.9672 0.0736 0.2430
vn -0.9652 0.0294 0.2599
vn -0.8843 0.1148 0.4526
vn -0.7588 0.4974 0.4204
vn -0.8655 -0.1877 0.4645
vn 0.2023 -0.1801 0.9626
vn 0.2001 -0.1791 0.9633
vn -0.2091 -0.1317 0.9690
vn -0.2102 -0.1311 0.9688
vn -0.5267 -0.0741 0.8468
vn -0.5283 -0.0718 0.8460
vn -0.7465 -0.0168 0.6652
vn -0.6960 -0.3003 0.6522
vn -0.7837 0.1681 0.5980
vn 0.1194 0.9803 0.1574
vn 0.1201 0.9803 0.1571
vn 0.1161 0.9804 0.1592
vn 0.1120 0.9805 0.1617
vn 0.1153 0.9804 0.1597
vn 0.1144 0.9805 0.1600
vn 0.1147 0.9805 0.1599
vn 0.1111 0.9805 0.1620
vn 0.1143 0.9804 0.1602
vn 0.1111 0.9805 0.1621
vn -0.5263 0.1340 -0.8397
vn -0.5492 -0.2061 -0.8099
vn -0.6204 0.1926 -0.7603
vn -0.6765 0.0142 -0.7363
vn -0.6856 0.1214 -0.7178
vn -0.6972 0.1376 -0.7035
vn -0.6953 0.1936 -0.6921
vn -0.3866 -0.1890 -0.9027
vn -0.3314 0.7319 -0.5954
vn -0.2496 -0.4302 -0.8675
vn -0.2757 0.1448 -0.9503
vn -0.0310 0.0539 -0.9981
vn -0.0137 0.1834 -0.9829
vn -0.0300 -0.9743 -0.2232
vn -0.1268 -0.9717 -0.1991
vn -0.2567 -0.9089 -0.3286
vn -0.2218 -0.8937 -0.3901
vn -0.3983 -0.7092 -0.5817
vn -0.4067 -0.7287 -0.5510
vn -0.2779 -0.8106 -0.5154
vn -0.2773 -0.9118 -0.3028
vn -0.1141 -0.9804 -0.1605
vn -0.1478 -0.9560 -0.2532
vn -0.1566 -0.9230 -0.3516
vn -0.0841 -0.9804 -0.1779
vn -0.0932 -0.9748 -0.2029
vn -0.0180 -0.9834 -0.1805
vn -0.1540 -0.9201 -0.3601
vn -0.0607 -0.9468 -0.3160
vn 0.0242 -0.9819 -0.1881
vn -0.0355 -0.9742 -0.2230
vn -0.0326 -0.9905 -0.1334
vn -0.1398 -0.9822 -0.1254
vn -0.1997 -0.9435 -0.2645
vn -0.1977 -0.9700 -0.1412
vn -0.2567 -0.9423 -0.2150
vn -0.2754 -0.9088 -0.3134
vn -0.3455 -0.7220 -0.5994
vn -0.3536 -0.8051 -0.4761
vn -0.3627 -0.8079 -0.4645
vn -0.3189 -0.8628 -0.3923
vn -0.3276 -0.8356 -0.4409
vn -0.2348 -0.8365 -0.4951
vn -0.2271 -0.8887 -0.3982
vn -0.2264 -0.8887 -0.3986
vn -0.0809 -0.9631 -0.2566
vn -0.0617 -0.9753 -0.2122
vn -0.1022 -0.9766 -0.1892
vn -0.1154 -0.9804 -0.1596
vn -0.1120 -0.9805 -0.1617
vn -0.1161 -0.9804 -0.1593
vn -0.1188 -0.9803 -0.1577
vn -0.1194 -0.9803 -0.1574
vn -0.1111 -0.9805 -0.1621
vn -0.1143 -0.9804 -0.1602
vn -0.1114 -0.9805 -0.1618
vn -0.1152 -0.9805 -0.1595
vn -0.1135 -0.9805 -0.1604
vn 0.5596 -0.1937 -0.8058
vn 0.5590 -0.1997 -0.8047
vn 0.5470 -0.4630 -0.6975
vn 0.5319 -0.4906 -0.6902
vn 0.4474 -0.7175 -0.5339
vn 0.4350 -0.5379 -0.7221
vn 0.3628 -0.7177 -0.5944
vn 0.1515 -0.8206 -0.5511
vn 0.2202 -0.7088 -0.6701
vn 0.0120 -0.7402 -0.6723
vn 0.0967 -0.5867 -0.8041
vn -0.0898 0.1853 0.9786
vn -0.0934 0.1865 0.9780
vn 0.2864 0.1483 0.9466
vn 0.2846 0.1496 0.9469
vn 0.5387 0.1076 0.8356
vn 0.5372 0.1090 0.8364
vn 0.6940 0.0737 0.7162
vn 0.7077 0.0294 0.7059
vn 0.8341 0.1148 0.5395
vn 0.7435 0.4975 0.4469
vn 0.8350 -0.1877 0.5172
vn 0.7325 -0.1801 -0.6565
vn 0.7341 -0.1791 -0.6550
vn 0.9437 -0.1317 -0.3034
vn 0.9441 -0.1311 -0.3024
vn 0.9967 -0.0741 0.0327
vn 0.9968 -0.0718 0.0345
vn 0.9493 -0.0168 0.3138
vn 0.9128 -0.3003 0.2767
vn 0.9097 0.1681 0.3797
vn 0.0766 0.9803 -0.1821
vn 0.0759 0.9803 -0.1825
vn 0.0799 0.9804 -0.1802
vn 0.0840 0.9805 -0.1778
vn 0.0806 0.9804 -0.1797
vn 0.0813 0.9805 -0.1791
vn 0.0811 0.9805 -0.1792
vn 0.0848 0.9805 -0.1772
vn 0.0816 0.9804 -0.1791
vn 0.0849 0.9805 -0.1773
vn -0.4641 0.1340 0.8756
vn -0.4268 -0.2061 0.8806
vn -0.3482 0.1926 0.9174
vn -0.2994 0.0142 0.9540
vn -0.2788 0.1214 0.9526
vn -0.2607 0.1376 0.9556
vn -0.2517 0.1936 0.9482
vn -0.5885 -0.1889 0.7861
vn -0.3500 0.7319 0.5847
vn -0.6265 -0.4302 0.6500
vn -0.6851 0.1447 0.7139
vn -0.8488 0.0539 0.5259
vn -0.8444 0.1834 0.5034
vn -0.1783 -0.9743 0.1376
vn -0.1090 -0.9717 0.2094
vn -0.1562 -0.9089 0.3867
vn -0.2270 -0.8937 0.3871
vn -0.3047 -0.7092 0.6358
vn -0.2739 -0.7287 0.6278
vn -0.3074 -0.8106 0.4984
vn -0.1236 -0.9118 0.3915
vn -0.0820 -0.9804 0.1791
vn -0.1454 -0.9560 0.2546
vn -0.2262 -0.9230 0.3114
vn -0.1120 -0.9804 0.1618
vn -0.1291 -0.9748 0.1822
vn -0.1473 -0.9834 0.1059
vn -0.2348 -0.9201 0.3134
vn -0.2433 -0.9468 0.2106
vn -0.1750 -0.9819 0.0731
vn -0.1754 -0.9742 0.1422
vn -0.0992 -0.9905 0.0949
vn -0.0387 -0.9822 0.1838
vn -0.1292 -0.9435 0.3052
vn -0.0235 -0.9700 0.2418
vn -0.0578 -0.9423 0.3298
vn -0.1337 -0.9088 0.3952
vn -0.3464 -0.7220 0.5989
vn -0.2355 -0.8051 0.5443
vn -0.2209 -0.8079 0.5464
vn -0.1803 -0.8628 0.4723
vn -0.2180 -0.8356 0.5042
vn -0.3113 -0.8365 0.4509
vn -0.2313 -0.8887 0.3958
vn -0.2320 -0.8887 0.3954
vn -0.1818 -0.9631 0.1983
vn -0.1529 -0.9753 0.1596
vn -0.1128 -0.9766 0.1832
vn -0.0806 -0.9804 0.1797
vn -0.0840 -0.9805 0.1778
vn -0.0799 -0.9804 0.1802
vn -0.0772 -0.9803 0.1818
vn -0.0766 -0.9803 0.1821
vn -0.0848 -0.9805 0.1773
vn -0.0816 -0.9804 0.1791
vn -0.0844 -0.9805 0.1774
vn -0.0805 -0.9805 0.1795
vn -0.0822 -0.9805 0.1785
vn -0.7738 -0.1143 -0.6230
vn -0.8059 -0.1246 -0.5789
vn -0.9320 -0.3403 -0.1248
vn -0.9385 -0.3449 -0.0131
vn -0.7312 -0.4535 0.5096
vn -0.7133 -0.4415 0.5443
vn -0.6577 -0.4390 0.6122
vn -0.6307 -0.4874 0.6038
vn -0.7175 -0.5601 0.4141
vn -0.7187 -0.5633 0.4076
vn 0.7846 0.0097 -0.6199
vn 0.7829 0.0104 -0.6220
vn 0.9955 0.0255 -0.0911
vn 0.9947 0.0275 -0.0988
vn 0.8451 0.0329 0.5336
vn 0.8514 0.0384 0.5232
vn 0.7930 0.1523 0.5898
vn 0.7935 0.1525 0.5892
vn 0.6945 0.1108 0.7109
vn 0.7051 0.0362 0.7082
vn -0.7009 -0.7038 -0.1157
vn -0.9785 -0.1941 -0.0703
vn -0.9175 -0.3839 -0.1039
vn -0.9589 -0.2722 -0.0800
vn -0.2750 -0.9546 -0.1145
vn -0.9823 -0.1796 0.0540
vn -0.1368 -0.9903 0.0236
vn -0.7500 -0.5915 0.2961
vn 0.5816 -0.8125 0.0395
vn -0.9520 -0.1933 0.2372
vn 0.9490 0.1939 -0.2485
vn 0.9056 0.3368 -0.2577
vn 0.9410 0.2207 -0.2567
vn 0.9713 -0.1844 -0.1504
vn 0.9440 -0.2766 0.1801
vn 0.7884 0.5692 0.2334
vn 0.9208 0.3381 -0.1946
vn 0.9606 -0.2769 0.0256
vn 0.8306 0.5546 -0.0496
vn 0.8834 -0.2806 0.3754
vn 0.8126 0.3101 0.4935
vn 0.8031 0.1568 0.5749
vn -0.0759 0.4546 -0.8875
vn -0.0863 -0.2731 -0.9581
vn -0.2037 0.0211 -0.9788
vn -0.4054 -0.0885 -0.9098
vn 0.9302 0.1912 -0.3132
vn 0.9312 0.1919 -0.3099
vn 0.7845 0.1665 -0.5973
vn 0.8351 0.3425 -0.4305
vn 0.7269 0.1273 -0.6748
vn 0.5035 0.1496 -0.8510
vn 0.4849 0.1041 -0.8684
vn 0.2459 0.0846 -0.9656
vn 0.2443 0.1617 -0.9561
vn 0.0622 -0.0782 -0.9950
vn -0.9773 -0.1934 -0.0863
vn -0.9772 -0.1933 -0.0877
vn -0.9283 -0.1789 -0.3261
vn -0.9275 -0.1762 -0.3297
vn -0.6938 -0.1239 -0.7094
vn -0.7146 -0.1788 -0.6763
vn -0.4527 -0.0243 -0.8913
vn 0.0035 -0.0125 0.9999
vn -0.5439 0.8388 -0.0229
vn -0.5274 0.8481 0.0515
vn -0.5177 0.8513 0.0849
vn -0.3606 0.9227 0.1362
vn -0.3481 0.9342 0.0777
vn -0.1961 0.9803 0.0213
vn -0.5020 0.8616 0.0753
vn -0.6735 0.7364 0.0634
vn -0.1610 0.9869 -0.0041
vn -0.2334 0.9711 -0.0506
vn -0.4274 0.9036 -0.0272
vn -0.5608 0.8240 0.0810
vn -0.6751 0.7353 0.0594
vn -0.3347 0.9419 -0.0275
vn -0.3940 0.9174 0.0565
vn -0.2200 0.9754 0.0109
vn -0.1962 0.9805 -0.0147
vn -0.1959 0.9805 -0.0148
vn -0.1959 0.9805 0.0154
vn -0.5828 0.8117 -0.0383
vn -0.5838 0.8119 -0.0081
vn -0.7512 0.6570 0.0637
vn -0.4368 0.8986 0.0415
vn -0.4617 0.8845 0.0673
vn -0.4510 0.8894 0.0744
vn -0.4313 0.8982 0.0853
vn -0.3467 0.9302 0.1210
vn -0.2911 0.9515 0.0997
vn -0.2430 0.9667 0.0806
vn -0.2781 0.9603 -0.0213
vn -0.1571 0.9853 0.0672
vn -0.1757 0.9804 -0.0888
vn -0.2220 0.9688 -0.1100
vn -0.2202 0.9737 -0.0583
vn -0.3174 0.9472 -0.0448
vn -0.6126 0.7901 -0.0189
vn -0.4679 0.8836 -0.0198
vn -0.3797 0.9195 -0.1016
vn -0.1960 0.9803 0.0242
vn -0.1961 0.9804 0.0186
vn -0.1960 0.9804 0.0213
vn -0.1960 0.9805 0.0143
vn -0.1959 0.9804 0.0188
vn -0.1959 0.9805 0.0142
vn -0.1957 0.9805 0.0174
vn 0.1830 0.9692 0.1650
vn 0.7307 0.3273 -0.5991
vn 0.7279 0.3308 -0.6007
vn 0.6666 0.3527 0.6567
vn 0.7531 0.2940 0.5886
vn 0.8630 0.4809 0.1548
vn 0.8534 0.5135 0.0893
vn -0.0716 0.9420 0.3279
vn 0.0463 0.8831 0.4668
vn 0.4237 0.7621 0.4896
vn -0.9353 -0.2221 0.2755
vn -0.7989 0.6006 -0.0313
vn -0.7934 0.6017 0.0916
vn -0.7799 0.6156 0.1135
vn -0.8094 0.5112 0.2891
vn -0.5509 0.7431 0.3800
vn -0.8520 0.2118 0.4788
vn -0.4843 -0.1090 0.8681
vn -0.9191 -0.0757 0.3867
vn -0.9905 0.0633 -0.1220
vn -0.7935 -0.0639 -0.6053
vn -0.9547 0.2628 -0.1393
vn -0.7436 0.6407 0.1912
vn -0.7485 0.6327 0.1984
vn -0.8641 0.2105 0.4573
vn -0.8638 0.2015 0.4617
vn -0.7565 -0.2647 0.5980
vn -0.7519 -0.2740 0.5997
vn -0.7858 0.6115 0.0930
vn -0.7852 0.6130 0.0880
vn -0.9466 0.1568 0.2817
vn -0.9472 0.1582 0.2791
vn -0.8529 -0.3394 0.3968
vn -0.8543 -0.3383 0.3945
vn -0.2883 -0.9473 -0.1398
vn -0.7012 0.7105 0.0596
vn -0.9975 0.0174 -0.0678
vn -0.8611 -0.3465 0.3720
vn -0.4452 0.8940 0.0506
vn -0.8323 0.5544 0.0023
vn 0.9617 0.2576 0.0932
vn -0.9958 0.0662 -0.0639
vn -0.7905 0.6073 0.0787
vn 0.7352 -0.6757 -0.0531
vn 0.5742 -0.8187 0.0078
vn -0.8350 0.5457 0.0705
vn 0.6398 -0.7657 -0.0661
vn -0.8510 0.5219 0.0586
vn -0.8854 -0.4632 0.0395
vn -0.8551 -0.4509 0.2560
vn -0.8962 0.4216 0.1380
vn -0.9698 0.1340 0.2040
vn -0.4422 0.8969 -0.0019
vn -0.4398 0.8971 0.0435
vn -0.8317 0.5551 -0.0137
vn -0.8321 0.5543 -0.0184
vn -0.9954 0.0664 -0.0694
vn -0.9954 0.0665 -0.0691
vn 0.5580 0.6018 -0.5714
vn 0.2160 0.2186 -0.9516
vn -0.2311 0.7438 -0.6272
vn -0.1899 0.8597 -0.4741
vn 0.0531 -0.1854 -0.9812
vn -0.0862 0.8461 -0.5260
vn -0.4376 0.5618 -0.7021
vn -0.2160 0.0876 -0.9725
vn -0.2696 0.9290 -0.2535
vn -0.3985 0.7471 -0.5320
vn -0.9466 0.0752 -0.3134
vn 0.7105 0.4078 -0.5735
vn -0.1213 0.9225 -0.3666
vn -0.4845 0.3755 -0.7901
vn -0.0132 0.9451 -0.3265
vn -0.0100 0.9439 -0.3301
vn 0.2820 0.5852 -0.7603
vn 0.4296 0.4010 -0.8091
vn -0.7487 0.2067 -0.6299
vn -0.8002 0.4499 -0.3967
vn -0.7626 0.5452 -0.3482
vn -0.4128 0.8955 -0.1663
vn -0.6380 0.7408 -0.2104
vn -0.3871 0.8841 -0.2618
vn 0.1097 0.9652 -0.2372
vn -0.0028 0.9797 -0.2005
vn 0.4150 0.7960 -0.4405
vn 0.0516 0.9964 -0.0665
vn 0.0522 0.9964 -0.0662
vn 0.5196 0.8280 -0.2111
vn 0.5201 0.8277 -0.2106
vn 0.8477 0.4383 -0.2987
vn 0.8481 0.4378 -0.2983
vn -0.0678 0.9927 -0.1001
vn 0.8560 -0.5115 -0.0749
vn 0.7762 0.5792 -0.2491
vn -0.0113 0.9939 -0.1099
vn 0.6972 -0.7098 0.1009
vn 0.9498 0.1815 -0.2547
vn 0.8653 0.4409 -0.2383
vn 0.3427 0.9291 -0.1390
vn 0.3400 0.9376 0.0724
vn 0.0540 0.9968 -0.0590
vn -0.9495 0.2368 0.2061
vn -0.1556 0.9858 -0.0633
vn 0.5195 0.8275 -0.2127
vn 0.4274 0.8079 0.4058
vn -0.3202 0.9464 0.0415
vn -0.0124 0.9806 0.1958
vn 0.7957 -0.6043 0.0407
vn -0.2865 0.9580 -0.0158
vn 0.8414 0.4841 0.2403
vn 0.7476 0.4482 0.4902
vn 0.7605 0.4240 0.4918
vn -0.0587 0.9630 0.2629
vn -0.0570 0.9631 0.2629
vn 0.3681 0.7848 0.4985
vn 0.3693 0.7844 0.4983
vn 0.6956 0.3953 0.5999
vn 0.6962 0.3948 0.5995
vn -0.0798 0.9390 0.3346
vn -0.0987 0.9423 0.3198
vn 0.3070 0.7293 0.6115
vn 0.2892 0.7437 0.6027
vn 0.6089 0.3267 0.7229
vn 0.5964 0.3493 0.7227
vn 0.3186 -0.9414 -0.1106
vn 0.3402 -0.9275 -0.1548
vn 0.0024 -0.0127 -0.9999
vn 0.3557 -0.9170 -0.1807
vn 0.3953 -0.8860 -0.2422
vn 0.3951 -0.8721 0.2888
vn 0.5420 -0.8400 0.0274
vn 0.4574 -0.8431 -0.2827
vn 0.5249 -0.8500 -0.0440
vn 0.5821 -0.8122 0.0378
vn 0.5827 -0.8126 0.0134
vn 0.1962 -0.9803 -0.0211
vn 0.4096 -0.9068 -0.0999
vn 0.2449 -0.9691 0.0300
vn 0.2007 -0.9777 0.0611
vn 0.2222 -0.9709 0.0894
vn 0.1998 -0.9735 0.1112
vn 0.1571 -0.9866 0.0447
vn 0.2248 -0.9725 -0.0614
vn 0.3197 -0.9443 -0.0783
vn 0.3974 -0.9149 -0.0713
vn 0.4656 -0.8846 0.0266
vn 0.5593 -0.8252 -0.0794
vn 0.6323 -0.7745 0.0181
vn 0.6745 -0.7363 -0.0545
vn 0.3177 -0.9471 0.0446
vn 0.3343 -0.9420 0.0281
vn 0.3797 -0.9195 0.1016
vn 0.4685 -0.8832 0.0202
vn 0.4367 -0.8987 -0.0419
vn 0.1961 -0.9805 -0.0154
vn 0.1959 -0.9805 0.0148
vn 0.1961 -0.9805 0.0147
vn 0.2198 -0.9755 -0.0107
vn 0.2830 -0.9587 -0.0274
vn 0.4621 -0.8842 -0.0678
vn 0.4983 -0.8637 -0.0752
vn 0.6676 -0.7417 -0.0647
vn 0.3206 -0.9454 -0.0577
vn 0.2760 -0.9543 -0.1145
vn 0.2479 -0.9683 -0.0321
vn 0.1959 -0.9804 -0.0183
vn 0.1960 -0.9805 -0.0147
vn 0.1960 -0.9804 -0.0204
vn 0.1960 -0.9803 -0.0233
vn 0.1960 -0.9803 -0.0240
vn 0.1959 -0.9805 -0.0159
vn 0.1957 -0.9806 -0.0126
vn -0.6382 -0.7693 0.0295
vn -0.6144 -0.4617 -0.6398
vn 0.2336 -0.9714 0.0417
vn 0.3599 -0.9309 0.0627
vn 0.0950 -0.9272 0.3622
vn -0.0654 -0.9310 0.3591
vn -0.4542 -0.6830 0.5720
vn -0.2064 -0.7266 0.6553
vn -0.6824 -0.7044 0.1954
vn 0.5235 -0.8519 0.0134
vn 0.7549 -0.3150 -0.5753
vn 0.5094 -0.8604 -0.0146
vn 0.8248 -0.5051 0.2543
vn 0.8408 -0.3062 0.4464
vn 0.8781 -0.0685 0.4735
vn 0.9510 -0.2474 -0.1852
vn 0.9292 -0.3543 -0.1050
vn 0.6615 -0.7114 -0.2373
vn 0.4881 -0.8579 -0.1603
vn 0.4451 -0.8948 0.0352
vn 0.4620 -0.8852 0.0543
vn 0.6848 -0.6101 0.3986
vn 0.6933 -0.5894 0.4146
vn 0.7396 -0.1647 0.6526
vn 0.7377 -0.1388 0.6607
vn 0.4698 -0.8817 0.0432
vn 0.4668 -0.8833 0.0432
vn 0.7525 -0.5664 0.3362
vn 0.7518 -0.5672 0.3363
vn 0.8362 -0.0994 0.5394
vn 0.8360 -0.0998 0.5395
vn 0.4671 -0.8832 0.0428
vn -0.4906 0.8695 -0.0577
vn 0.6407 -0.7677 -0.0092
vn 0.8052 -0.5892 -0.0668
vn 0.7885 -0.5992 -0.1386
vn 0.8183 -0.5547 -0.1506
vn -0.0990 0.9941 0.0434
vn 0.5870 -0.8079 0.0524
vn 0.8874 -0.4608 0.0164
vn 0.4832 -0.8739 0.0537
vn 0.7898 -0.5479 0.2758
vn 0.4472 -0.8940 -0.0275
vn 0.9695 -0.0662 -0.2359
vn 0.9437 -0.2776 0.1800
vn 0.8786 -0.3012 0.3707
vn 0.8387 -0.4406 0.3202
vn 0.8448 -0.0960 0.5264
vn 0.4376 -0.8938 -0.0976
vn 0.4277 -0.8975 -0.1077
vn 0.7947 -0.5579 -0.2392
vn 0.7955 -0.5570 -0.2383
vn 0.9495 -0.0682 -0.3061
vn 0.9494 -0.0684 -0.3065
vn 0.3361 -0.6008 -0.7253
vn 0.5196 -0.1761 -0.8361
vn 0.6930 -0.4069 -0.5951
vn 0.3552 -0.8888 -0.2896
vn 0.5003 -0.7863 -0.3624
vn 0.1950 -0.9352 -0.2955
vn 0.3153 -0.7801 -0.5404
vn 0.1439 -0.9574 -0.2503
vn 0.0231 -0.9584 -0.2846
vn -0.0563 -0.7627 -0.6443
vn -0.1683 -0.9206 -0.3524
vn 0.4074 -0.8970 -0.1716
vn 0.6547 -0.5558 -0.5122
vn 0.7329 -0.3006 -0.6104
vn 0.9003 -0.0760 -0.4286
vn 0.3220 -0.6909 -0.6473
vn 0.3290 -0.5151 -0.7915
vn -0.5417 -0.8236 -0.1683
vn -0.1280 -0.9684 -0.2140
vn -0.0532 -0.9881 -0.1447
vn -0.1673 0.8298 -0.5323
vn 0.1816 -0.9149 -0.3605
vn 0.0415 0.0270 -0.9988
vn -0.2058 0.3491 -0.9142
vn -0.0745 -0.7303 -0.6791
vn -0.3207 -0.3899 -0.8632
vn -0.5573 -0.5302 -0.6390
vn -0.5209 -0.5693 -0.6360
vn -0.7960 -0.4937 -0.3503
vn -0.8485 -0.4200 -0.3218
vn -0.0635 -0.9971 -0.0425
vn -0.0636 -0.9970 -0.0430
vn -0.5535 -0.8294 -0.0760
vn -0.5525 -0.8301 -0.0751
vn -0.8934 -0.4407 -0.0878
vn -0.8935 -0.4404 -0.0876
vn 0.0602 -0.9922 -0.1091
vn -0.1154 -0.9866 -0.1150
vn -0.0545 -0.9935 -0.0997
vn 0.4009 -0.9125 0.0810
vn -0.0950 -0.9714 0.2176
vn -0.8260 -0.4795 0.2963
vn 0.4525 -0.8914 -0.0259
vn 0.0638 -0.9980 0.0044
vn -0.5662 -0.7733 0.2854
vn -0.9965 -0.0430 -0.0713
vn -0.8941 -0.4411 -0.0769
vn -0.0631 -0.9967 -0.0504
vn 0.9346 -0.3548 0.0238
vn -0.5495 -0.8279 -0.1127
vn 0.4140 -0.9024 0.1197
vn 0.4130 -0.9024 0.1228
vn -0.0689 -0.9520 0.2982
vn -0.0701 -0.9511 0.3010
vn -0.5335 -0.7471 0.3966
vn -0.5345 -0.7449 0.3993
vn 0.4162 -0.8997 0.1318
vn 0.4236 -0.8971 0.1254
vn -0.0296 -0.9100 0.4135
vn -0.0206 -0.9126 0.4084
vn -0.4589 -0.6744 0.5785
vn -0.4512 -0.6815 0.5761
vn -0.0000 -1.0000 -0.0000
vn -0.0000 1.0000 -0.0000
g TriBlade_flipped_around_screw_axis_rotor_1_back_left_sunray_cw_stl_Sunray150_Texture_Clear_Liuli_Glass_Propeller
usemtl Sunray150_Texture_Clear_Liuli_Glass_Propeller
f 1//1 2//1 3//1
f 4//2 5//2 6//2
f 7//3 8//3 9//3
f 10//4 11//4 12//4
f 13//5 14//5 15//5
f 16//6 17//6 18//6
f 19//7 20//7 21//7
f 22//8 23//8 24//8
f 25//9 26//9 27//9
f 28//10 29//10 30//10
f 31//11 32//11 33//11
f 34//12 35//12 36//12
f 37//13 38//13 39//13
f 40//14 41//14 42//14
f 43//15 44//15 45//15
f 46//16 47//16 48//16
f 49//17 50//17 51//17
f 52//18 53//18 54//18
f 55//19 56//19 57//19
f 58//20 59//20 60//20
f 61//21 62//21 63//21
f 64//22 65//22 66//22
f 67//23 68//23 69//23
f 70//24 71//24 72//24
f 73//25 74//25 75//25
f 76//26 77//26 78//26
f 79//27 80//27 81//27
f 82//28 83//28 84//28
f 85//29 86//29 87//29
f 88//30 89//30 90//30
f 91//31 92//31 93//31
f 94//32 95//32 96//32
f 97//33 98//33 99//33
f 100//34 101//34 102//34
f 103//35 104//35 105//35
f 106//36 107//36 108//36
f 109//37 110//37 111//37
f 112//38 113//38 114//38
f 115//39 116//39 117//39
f 118//40 119//40 120//40
f 121//41 122//41 123//41
f 124//42 125//42 126//42
f 127//43 128//43 129//43
f 130//44 131//44 132//44
f 133//45 134//45 135//45
f 136//46 137//46 138//46
f 139//47 140//47 141//47
f 142//48 143//48 144//48
f 145//49 146//49 147//49
f 148//50 149//50 150//50
f 151//51 152//51 153//51
f 154//52 155//52 156//52
f 157//53 158//53 159//53
f 160//54 161//54 162//54
f 163//55 164//55 165//55
f 166//56 167//56 168//56
f 169//57 170//57 171//57
f 172//58 173//58 174//58
f 175//59 176//59 177//59
f 178//60 179//60 180//60
f 181//61 182//61 183//61
f 184//62 185//62 186//62
f 187//63 188//63 189//63
f 190//64 191//64 192//64
f 193//65 194//65 195//65
f 196//66 197//66 198//66
f 199//67 200//67 201//67
f 202//68 203//68 204//68
f 205//69 206//69 207//69
f 208//70 209//70 210//70
f 211//71 212//71 213//71
f 214//72 215//72 216//72
f 217//73 218//73 219//73
f 220//74 221//74 222//74
f 223//75 224//75 225//75
f 226//76 227//76 228//76
f 229//77 230//77 231//77
f 232//78 233//78 234//78
f 235//79 236//79 237//79
f 238//80 239//80 240//80
f 241//81 242//81 243//81
f 244//82 245//82 246//82
f 247//83 248//83 249//83
f 250//84 251//84 252//84
f 253//85 254//85 255//85
f 256//86 257//86 258//86
f 259//87 260//87 261//87
f 262//88 263//88 264//88
f 265//89 266//89 267//89
f 268//90 269//90 270//90
f 271//91 272//91 273//91
f 274//92 275//92 276//92
f 277//93 278//93 279//93
f 280//94 281//94 282//94
f 283//95 284//95 285//95
f 286//96 287//96 288//96
f 289//97 290//97 291//97
f 292//98 293//98 294//98
f 295//99 296//99 297//99
f 298//100 299//100 300//100
f 301//101 302//101 303//101
f 304//102 305//102 306//102
f 307//103 308//103 309//103
f 310//104 311//104 312//104
f 313//105 314//105 315//105
f 316//106 317//106 318//106
f 319//107 320//107 321//107
f 322//108 323//108 324//108
f 325//109 326//109 327//109
f 328//110 329//110 330//110
f 331//111 332//111 333//111
f 334//112 335//112 336//112
f 337//113 338//113 339//113
f 340//114 341//114 342//114
f 343//115 344//115 345//115
f 346//116 347//116 348//116
f 349//117 350//117 351//117
f 352//118 353//118 354//118
f 355//119 356//119 357//119
f 358//120 359//120 360//120
f 361//121 362//121 363//121
f 364//122 365//122 366//122
f 367//122 368//122 369//122
f 370//123 371//123 372//123
f 373//124 374//124 375//124
f 376//125 377//125 378//125
f 379//126 380//126 381//126
f 382//127 383//127 384//127
f 385//128 386//128 387//128
f 388//129 389//129 390//129
f 391//109 392//109 393//109
f 394//130 395//130 396//130
f 397//131 398//131 399//131
f 400//132 401//132 402//132
f 403//133 404//133 405//133
f 406//133 407//133 408//133
f 409//133 410//133 411//133
f 412//134 413//134 414//134
f 415//135 416//135 417//135
f 418//136 419//136 420//136
f 421//137 422//137 423//137
f 424//138 425//138 426//138
f 427//139 428//139 429//139
f 430//140 431//140 432//140
f 433//141 434//141 435//141
f 436//142 437//142 438//142
f 439//134 440//134 441//134
f 442//143 443//143 444//143
f 445//144 446//144 447//144
f 448//145 449//145 450//145
f 451//146 452//146 453//146
f 454//147 455//147 456//147
f 457//148 458//148 459//148
f 460//149 461//149 462//149
f 463//149 464//149 465//149
f 466//150 467//150 468//150
f 469//151 470//151 471//151
f 472//152 473//152 474//152
f 475//153 476//153 477//153
f 478//154 479//154 480//154
f 481//155 482//155 483//155
f 484//156 485//156 486//156
f 487//157 488//157 489//157
f 490//158 491//158 492//158
f 493//159 494//159 495//159
f 496//160 497//160 498//160
f 499//161 500//161 501//161
f 502//162 503//162 504//162
f 505//158 506//158 507//158
f 508//163 509//163 510//163
f 511//164 512//164 513//164
f 514//165 515//165 516//165
f 517//166 518//166 519//166
f 520//167 521//167 522//167
f 523//168 524//168 525//168
f 526//169 527//169 528//169
f 529//170 530//170 531//170
f 532//171 533//171 534//171
f 535//172 536//172 537//172
f 538//173 539//173 540//173
f 541//174 542//174 543//174
f 544//175 545//175 546//175
f 547//176 548//176 549//176
f 550//177 551//177 552//177
f 553//178 554//178 555//178
f 556//179 557//179 558//179
f 559//180 560//180 561//180
f 562//181 563//181 564//181
f 565//182 566//182 567//182
f 568//183 569//183 570//183
f 571//184 572//184 573//184
f 574//185 575//185 576//185
f 577//186 578//186 579//186
f 580//187 581//187 582//187
f 583//188 584//188 585//188
f 586//189 587//189 588//189
f 589//190 590//190 591//190
f 592//191 593//191 594//191
f 595//192 596//192 597//192
f 598//193 599//193 600//193
f 601//194 602//194 603//194
f 604//195 605//195 606//195
f 607//196 608//196 609//196
f 610//197 611//197 612//197
f 613//198 614//198 615//198
f 616//199 617//199 618//199
f 619//200 620//200 621//200
f 622//201 623//201 624//201
f 625//202 626//202 627//202
f 628//203 629//203 630//203
f 631//204 632//204 633//204
f 634//205 635//205 636//205
f 637//206 638//206 639//206
f 640//207 641//207 642//207
f 643//208 644//208 645//208
f 646//209 647//209 648//209
f 649//210 650//210 651//210
f 652//211 653//211 654//211
f 655//212 656//212 657//212
f 658//213 659//213 660//213
f 661//214 662//214 663//214
f 664//215 665//215 666//215
f 667//216 668//216 669//216
f 670//217 671//217 672//217
f 673//218 674//218 675//218
f 676//219 677//219 678//219
f 679//220 680//220 681//220
f 682//221 683//221 684//221
f 685//222 686//222 687//222
f 688//223 689//223 690//223
f 691//224 692//224 693//224
f 694//225 695//225 696//225
f 697//226 698//226 699//226
f 700//227 701//227 702//227
f 703//228 704//228 705//228
f 706//229 707//229 708//229
f 709//230 710//230 711//230
f 712//231 713//231 714//231
f 715//232 716//232 717//232
f 718//233 719//233 720//233
f 721//234 722//234 723//234
f 724//235 725//235 726//235
f 727//236 728//236 729//236
f 730//237 731//237 732//237
f 733//238 734//238 735//238
f 736//239 737//239 738//239
f 739//240 740//240 741//240
f 742//241 743//241 744//241
f 745//242 746//242 747//242
f 748//243 749//243 750//243
f 751//244 752//244 753//244
f 754//245 755//245 756//245
f 757//246 758//246 759//246
f 760//247 761//247 762//247
f 763//248 764//248 765//248
f 766//249 767//249 768//249
f 769//250 770//250 771//250
f 772//251 773//251 774//251
f 775//252 776//252 777//252
f 778//253 779//253 780//253
f 781//254 782//254 783//254
f 784//255 785//255 786//255
f 787//256 788//256 789//256
f 790//257 791//257 792//257
f 793//258 794//258 795//258
f 796//259 797//259 798//259
f 799//260 800//260 801//260
f 802//261 803//261 804//261
f 805//262 806//262 807//262
f 808//263 809//263 810//263
f 811//264 812//264 813//264
f 814//265 815//265 816//265
f 817//266 818//266 819//266
f 820//267 821//267 822//267
f 823//268 824//268 825//268
f 826//269 827//269 828//269
f 829//270 830//270 831//270
f 832//271 833//271 834//271
f 835//272 836//272 837//272
f 838//273 839//273 840//273
f 841//274 842//274 843//274
f 844//275 845//275 846//275
f 847//276 848//276 849//276
f 850//277 851//277 852//277
f 853//278 854//278 855//278
f 856//279 857//279 858//279
f 859//280 860//280 861//280
f 862//281 863//281 864//281
f 865//282 866//282 867//282
f 868//283 869//283 870//283
f 871//284 872//284 873//284
f 874//285 875//285 876//285
f 877//286 878//286 879//286
f 880//287 881//287 882//287
f 883//288 884//288 885//288
f 886//289 887//289 888//289
f 889//290 890//290 891//290
f 892//291 893//291 894//291
f 895//292 896//292 897//292
f 898//293 899//293 900//293
f 901//294 902//294 903//294
f 904//295 905//295 906//295
f 907//296 908//296 909//296
f 910//297 911//297 912//297
f 913//298 914//298 915//298
f 916//299 917//299 918//299
f 919//300 920//300 921//300
f 922//301 923//301 924//301
f 925//302 926//302 927//302
f 928//303 929//303 930//303
f 931//304 932//304 933//304
f 934//305 935//305 936//305
f 937//306 938//306 939//306
f 940//307 941//307 942//307
f 943//308 944//308 945//308
f 946//309 947//309 948//309
f 949//310 950//310 951//310
f 952//311 953//311 954//311
f 955//312 956//312 957//312
f 958//313 959//313 960//313
f 961//314 962//314 963//314
f 964//315 965//315 966//315
f 967//316 968//316 969//316
f 970//317 971//317 972//317
f 973//318 974//318 975//318
f 976//319 977//319 978//319
f 979//320 980//320 981//320
f 982//321 983//321 984//321
f 985//322 986//322 987//322
f 988//323 989//323 990//323
f 991//324 992//324 993//324
f 994//325 995//325 996//325
f 997//326 998//326 999//326
f 1000//327 1001//327 1002//327
f 1003//328 1004//328 1005//328
f 1006//329 1007//329 1008//329
f 1009//330 1010//330 1011//330
f 1012//331 1013//331 1014//331
f 1015//332 1016//332 1017//332
f 1018//333 1019//333 1020//333
f 1021//334 1022//334 1023//334
f 1024//335 1025//335 1026//335
f 1027//336 1028//336 1029//336
f 1030//337 1031//337 1032//337
f 1033//338 1034//338 1035//338
f 1036//339 1037//339 1038//339
f 1039//340 1040//340 1041//340
f 1042//341 1043//341 1044//341
f 1045//342 1046//342 1047//342
f 1048//343 1049//343 1050//343
f 1051//344 1052//344 1053//344
f 1054//345 1055//345 1056//345
f 1057//346 1058//346 1059//346
f 1060//347 1061//347 1062//347
f 1063//348 1064//348 1065//348
f 1066//349 1067//349 1068//349
f 1069//350 1070//350 1071//350
f 1072//351 1073//351 1074//351
f 1075//352 1076//352 1077//352
f 1078//353 1079//353 1080//353
f 1081//354 1082//354 1083//354
f 1084//355 1085//355 1086//355
f 1087//356 1088//356 1089//356
f 1090//357 1091//357 1092//357
f 1093//358 1094//358 1095//358
f 1096//359 1097//359 1098//359
f 1099//360 1100//360 1101//360
f 1102//361 1103//361 1104//361
f 1105//362 1106//362 1107//362
f 1108//363 1109//363 1110//363
f 1111//364 1112//364 1113//364
f 1114//365 1115//365 1116//365
f 1117//366 1118//366 1119//366
f 1120//367 1121//367 1122//367
f 1123//368 1124//368 1125//368
f 1126//369 1127//369 1128//369
f 1129//370 1130//370 1131//370
f 1132//371 1133//371 1134//371
f 1135//372 1136//372 1137//372
f 1138//373 1139//373 1140//373
f 1141//374 1142//374 1143//374
f 1144//375 1145//375 1146//375
f 1147//376 1148//376 1149//376
f 1150//377 1151//377 1152//377
f 1153//378 1154//378 1155//378
f 1156//379 1157//379 1158//379
f 1159//380 1160//380 1161//380
f 1162//381 1163//381 1164//381
f 1165//382 1166//382 1167//382
f 1168//383 1169//383 1170//383
f 1171//384 1172//384 1173//384
f 1174//385 1175//385 1176//385
f 1177//386 1178//386 1179//386
f 1180//387 1181//387 1182//387
f 1183//388 1184//388 1185//388
f 1186//389 1187//389 1188//389
f 1189//390 1190//390 1191//390
f 1192//391 1193//391 1194//391
f 1195//392 1196//392 1197//392
f 1198//393 1199//393 1200//393
f 1201//394 1202//394 1203//394
f 1204//395 1205//395 1206//395
f 1207//396 1208//396 1209//396
f 1210//397 1211//397 1212//397
f 1213//398 1214//398 1215//398
f 1216//399 1217//399 1218//399
f 1219//400 1220//400 1221//400
f 1222//401 1223//401 1224//401
f 1225//402 1226//402 1227//402
f 1228//403 1229//403 1230//403
f 1231//404 1232//404 1233//404
f 1234//405 1235//405 1236//405
f 1237//406 1238//406 1239//406
f 1240//407 1241//407 1242//407
f 1243//408 1244//408 1245//408
f 1246//409 1247//409 1248//409
f 1249//410 1250//410 1251//410
f 1252//411 1253//411 1254//411
f 1255//412 1256//412 1257//412
f 1258//413 1259//413 1260//413
f 1261//414 1262//414 1263//414
f 1264//415 1265//415 1266//415
f 1267//416 1268//416 1269//416
f 1270//417 1271//417 1272//417
f 1273//418 1274//418 1275//418
f 1276//419 1277//419 1278//419
f 1279//420 1280//420 1281//420
f 1282//421 1283//421 1284//421
f 1285//422 1286//422 1287//422
f 1288//423 1289//423 1290//423
f 1291//424 1292//424 1293//424
f 1294//425 1295//425 1296//425
f 1297//426 1298//426 1299//426
f 1300//427 1301//427 1302//427
f 1303//428 1304//428 1305//428
f 1306//429 1307//429 1308//429
f 1309//430 1310//430 1311//430
f 1312//431 1313//431 1314//431
f 1315//432 1316//432 1317//432
f 1318//433 1319//433 1320//433
f 1321//434 1322//434 1323//434
f 1324//435 1325//435 1326//435
f 1327//436 1328//436 1329//436
f 1330//437 1331//437 1332//437
f 1333//438 1334//438 1335//438
f 1336//439 1337//439 1338//439
f 1339//440 1340//440 1341//440
f 1342//441 1343//441 1344//441
f 1345//442 1346//442 1347//442
f 1348//443 1349//443 1350//443
f 1351//444 1352//444 1353//444
f 1354//445 1355//445 1356//445
f 1357//446 1358//446 1359//446
f 1360//447 1361//447 1362//447
f 1363//448 1364//448 1365//448
f 1366//449 1367//449 1368//449
f 1369//450 1370//450 1371//450
f 1372//451 1373//451 1374//451
f 1375//452 1376//452 1377//452
f 1378//453 1379//453 1380//453
f 1381//454 1382//454 1383//454
f 1384//455 1385//455 1386//455
f 1387//456 1388//456 1389//456
f 1390//457 1391//457 1392//457
f 1393//458 1394//458 1395//458
f 1396//459 1397//459 1398//459
f 1399//460 1400//460 1401//460
f 1402//461 1403//461 1404//461
f 1405//462 1406//462 1407//462
f 1408//463 1409//463 1410//463
f 1411//464 1412//464 1413//464
f 1414//465 1415//465 1416//465
f 1417//466 1418//466 1419//466
f 1420//467 1421//467 1422//467
f 1423//468 1424//468 1425//468
f 1426//469 1427//469 1428//469
f 1429//470 1430//470 1431//470
f 1432//471 1433//471 1434//471
f 1435//472 1436//472 1437//472
f 1438//473 1439//473 1440//473
f 1441//474 1442//474 1443//474
f 1444//475 1445//475 1446//475
f 1447//476 1448//476 1449//476
f 1450//477 1451//477 1452//477
f 1453//478 1454//478 1455//478
f 1456//479 1457//479 1458//479
f 1459//480 1460//480 1461//480
f 1462//481 1463//481 1464//481
f 1465//482 1466//482 1467//482
f 1468//483 1469//483 1470//483
f 1471//484 1472//484 1473//484
f 1474//485 1475//485 1476//485
f 1477//486 1478//486 1479//486
f 1480//487 1481//487 1482//487
f 1483//488 1484//488 1485//488
f 1486//489 1487//489 1488//489
f 1489//490 1490//490 1491//490
f 1492//491 1493//491 1494//491
f 1495//492 1496//492 1497//492
f 1498//493 1499//493 1500//493
f 1501//494 1502//494 1503//494
f 1504//495 1505//495 1506//495
f 1507//496 1508//496 1509//496
f 1510//497 1511//497 1512//497
f 1513//498 1514//498 1515//498
f 1516//499 1517//499 1518//499
f 1519//500 1520//500 1521//500
f 1522//501 1523//501 1524//501
f 1525//502 1526//502 1527//502
f 1528//503 1529//503 1530//503
f 1531//504 1532//504 1533//504
f 1534//505 1535//505 1536//505
f 1537//506 1538//506 1539//506
f 1540//507 1541//507 1542//507
f 1543//508 1544//508 1545//508
f 1546//509 1547//509 1548//509
f 1549//510 1550//510 1551//510
f 1552//511 1553//511 1554//511
f 1555//512 1556//512 1557//512
f 1558//513 1559//513 1560//513
f 1561//514 1562//514 1563//514
f 1564//515 1565//515 1566//515
f 1567//516 1568//516 1569//516
f 1570//517 1571//517 1572//517
f 1573//518 1574//518 1575//518
f 1576//519 1577//519 1578//519
f 1579//520 1580//520 1581//520
f 1582//521 1583//521 1584//521
f 1585//522 1586//522 1587//522
f 1588//523 1589//523 1590//523
f 1591//524 1592//524 1593//524
f 1594//525 1595//525 1596//525
f 1597//526 1598//526 1599//526
f 1600//527 1601//527 1602//527
f 1603//528 1604//528 1605//528
f 1606//529 1607//529 1608//529
f 1609//530 1610//530 1611//530
f 1612//531 1613//531 1614//531
f 1615//532 1616//532 1617//532
f 1618//533 1619//533 1620//533
f 1621//534 1622//534 1623//534
f 1624//535 1625//535 1626//535
f 1627//536 1628//536 1629//536
f 1630//537 1631//537 1632//537
f 1633//538 1634//538 1635//538
f 1636//539 1637//539 1638//539
f 1639//540 1640//540 1641//540
f 1642//541 1643//541 1644//541
f 1645//542 1646//542 1647//542
f 1648//543 1649//543 1650//543
f 1651//544 1652//544 1653//544
f 1654//545 1655//545 1656//545
f 1657//546 1658//546 1659//546
f 1660//547 1661//547 1662//547
f 1663//548 1664//548 1665//548
f 1666//549 1667//549 1668//549
f 1669//550 1670//550 1671//550
f 1672//551 1673//551 1674//551
f 1675//552 1676//552 1677//552
f 1678//553 1679//553 1680//553
f 1681//554 1682//554 1683//554
f 1684//555 1685//555 1686//555
f 1687//556 1688//556 1689//556
f 1690//557 1691//557 1692//557
f 1693//558 1694//558 1695//558
f 1696//559 1697//559 1698//559
f 1699//560 1700//560 1701//560
f 1702//561 1703//561 1704//561
f 1705//562 1706//562 1707//562
f 1708//563 1709//563 1710//563
f 1711//564 1712//564 1713//564
f 1714//565 1715//565 1716//565
f 1717//566 1718//566 1719//566
f 1720//567 1721//567 1722//567
f 1723//568 1724//568 1725//568
f 1726//569 1727//569 1728//569
f 1729//570 1730//570 1731//570
f 1732//571 1733//571 1734//571
f 1735//572 1736//572 1737//572
f 1738//573 1739//573 1740//573
f 1741//574 1742//574 1743//574
f 1744//575 1745//575 1746//575
f 1747//576 1748//576 1749//576
f 1750//577 1751//577 1752//577
f 1753//578 1754//578 1755//578
f 1756//579 1757//579 1758//579
f 1759//580 1760//580 1761//580
f 1762//581 1763//581 1764//581
f 1765//582 1766//582 1767//582
f 1768//583 1769//583 1770//583
f 1771//584 1772//584 1773//584
f 1774//585 1775//585 1776//585
f 1777//586 1778//586 1779//586
f 1780//587 1781//587 1782//587
f 1783//588 1784//588 1785//588
f 1786//589 1787//589 1788//589
f 1789//590 1790//590 1791//590
f 1792//591 1793//591 1794//591
f 1795//592 1796//592 1797//592
f 1798//593 1799//593 1800//593
f 1801//594 1802//594 1803//594
f 1804//595 1805//595 1806//595
f 1807//596 1808//596 1809//596
f 1810//597 1811//597 1812//597
f 1813//598 1814//598 1815//598
f 1816//599 1817//599 1818//599
f 1819//600 1820//600 1821//600
f 1822//601 1823//601 1824//601
f 1825//602 1826//602 1827//602
f 1828//603 1829//603 1830//603
f 1831//604 1832//604 1833//604
f 1834//605 1835//605 1836//605
f 1837//606 1838//606 1839//606
f 1840//607 1841//607 1842//607
f 1843//608 1844//608 1845//608
f 1846//609 1847//609 1848//609
f 1849//610 1850//610 1851//610
f 1852//611 1853//611 1854//611
f 1855//612 1856//612 1857//612
f 1858//613 1859//613 1860//613
f 1861//614 1862//614 1863//614
f 1864//615 1865//615 1866//615
f 1867//616 1868//616 1869//616
f 1870//617 1871//617 1872//617
f 1873//618 1874//618 1875//618
f 1876//619 1877//619 1878//619
f 1879//620 1880//620 1881//620
f 1882//621 1883//621 1884//621
f 1885//622 1886//622 1887//622
f 1888//623 1889//623 1890//623
f 1891//624 1892//624 1893//624
f 1894//625 1895//625 1896//625
f 1897//626 1898//626 1899//626
f 1900//627 1901//627 1902//627
f 1903//628 1904//628 1905//628
f 1906//629 1907//629 1908//629
f 1909//630 1910//630 1911//630
f 1912//631 1913//631 1914//631
f 1915//632 1916//632 1917//632
f 1918//633 1919//633 1920//633
f 1921//634 1922//634 1923//634
f 1924//635 1925//635 1926//635
f 1927//636 1928//636 1929//636
f 1930//637 1931//637 1932//637
f 1933//638 1934//638 1935//638
f 1936//639 1937//639 1938//639
f 1939//640 1940//640 1941//640
f 1942//641 1943//641 1944//641
f 1945//642 1946//642 1947//642
f 1948//643 1949//643 1950//643
f 1951//644 1952//644 1953//644
f 1954//645 1955//645 1956//645
f 1957//646 1958//646 1959//646
f 1960//647 1961//647 1962//647
f 1963//648 1964//648 1965//648
f 1966//649 1967//649 1968//649
f 1969//650 1970//650 1971//650
f 1972//651 1973//651 1974//651
f 1975//652 1976//652 1977//652
f 1978//653 1979//653 1980//653
f 1981//654 1982//654 1983//654
f 1984//655 1985//655 1986//655
f 1987//656 1988//656 1989//656
f 1990//657 1991//657 1992//657
f 1993//658 1994//658 1995//658
f 1996//659 1997//659 1998//659
f 1999//660 2000//660 2001//660
f 2002//661 2003//661 2004//661
f 2005//662 2006//662 2007//662
f 2008//663 2009//663 2010//663
f 2011//664 2012//664 2013//664
f 2014//665 2015//665 2016//665
f 2017//666 2018//666 2019//666
f 2020//667 2021//667 2022//667
f 2023//668 2024//668 2025//668
f 2026//669 2027//669 2028//669
f 2029//670 2030//670 2031//670
f 2032//671 2033//671 2034//671
f 2035//672 2036//672 2037//672
f 2038//673 2039//673 2040//673
f 2041//674 2042//674 2043//674
f 2044//675 2045//675 2046//675
f 2047//676 2048//676 2049//676
f 2050//677 2051//677 2052//677
f 2053//678 2054//678 2055//678
f 2056//679 2057//679 2058//679
f 2059//680 2060//680 2061//680
f 2062//681 2063//681 2064//681
f 2065//682 2066//682 2067//682
f 2068//683 2069//683 2070//683
f 2071//684 2072//684 2073//684
f 2074//685 2075//685 2076//685
f 2077//686 2078//686 2079//686
f 2080//687 2081//687 2082//687
f 2083//688 2084//688 2085//688
f 2086//689 2087//689 2088//689
f 2089//690 2090//690 2091//690
f 2092//691 2093//691 2094//691
f 2095//692 2096//692 2097//692
f 2098//693 2099//693 2100//693
f 2101//694 2102//694 2103//694
f 2104//695 2105//695 2106//695
f 2107//696 2108//696 2109//696
f 2110//697 2111//697 2112//697
f 2113//698 2114//698 2115//698
f 2116//699 2117//699 2118//699
f 2119//700 2120//700 2121//700
f 2122//701 2123//701 2124//701
f 2125//702 2126//702 2127//702
f 2128//703 2129//703 2130//703
f 2131//704 2132//704 2133//704
f 2134//705 2135//705 2136//705
f 2137//706 2138//706 2139//706
f 2140//707 2141//707 2142//707
f 2143//708 2144//708 2145//708
f 2146//709 2147//709 2148//709
f 2149//710 2150//710 2151//710
f 2152//711 2153//711 2154//711
f 2155//712 2156//712 2157//712
f 2158//713 2159//713 2160//713
f 2161//714 2162//714 2163//714
f 2164//715 2165//715 2166//715
f 2167//716 2168//716 2169//716
f 2170//717 2171//717 2172//717
f 2173//718 2174//718 2175//718
f 2176//719 2177//719 2178//719
f 2179//720 2180//720 2181//720
f 2182//721 2183//721 2184//721
f 2185//722 2186//722 2187//722
f 2188//723 2189//723 2190//723
f 2191//724 2192//724 2193//724
f 2194//725 2195//725 2196//725
f 2197//726 2198//726 2199//726
f 2200//727 2201//727 2202//727
f 2203//728 2204//728 2205//728
f 2206//729 2207//729 2208//729
f 2209//730 2210//730 2211//730
f 2212//731 2213//731 2214//731
f 2215//732 2216//732 2217//732
f 2218//733 2219//733 2220//733
f 2221//734 2222//734 2223//734
f 2224//735 2225//735 2226//735
f 2227//736 2228//736 2229//736
f 2230//737 2231//737 2232//737
f 2233//738 2234//738 2235//738
f 2236//739 2237//739 2238//739
f 2239//740 2240//740 2241//740
f 2242//741 2243//741 2244//741
f 2245//742 2246//742 2247//742
f 2248//743 2249//743 2250//743
f 2251//744 2252//744 2253//744
f 2254//745 2255//745 2256//745
f 2257//746 2258//746 2259//746
f 2260//747 2261//747 2262//747
f 2263//748 2264//748 2265//748
f 2266//749 2267//749 2268//749
f 2269//750 2270//750 2271//750
f 2272//751 2273//751 2274//751
f 2275//752 2276//752 2277//752
f 2278//753 2279//753 2280//753
f 2281//754 2282//754 2283//754
f 2284//755 2285//755 2286//755
f 2287//756 2288//756 2289//756
f 2290//757 2291//757 2292//757
f 2293//758 2294//758 2295//758
f 2296//758 2297//758 2298//758
f 2299//758 2300//758 2301//758
f 2302//758 2303//758 2304//758
f 2305//758 2306//758 2307//758
f 2308//758 2309//758 2310//758
f 2311//758 2312//758 2313//758
f 2314//758 2315//758 2316//758
f 2317//758 2318//758 2319//758
f 2320//758 2321//758 2322//758
f 2323//758 2324//758 2325//758
f 2326//758 2327//758 2328//758
f 2329//758 2330//758 2331//758
f 2332//758 2333//758 2334//758
f 2335//758 2336//758 2337//758
f 2338//758 2339//758 2340//758
f 2341//758 2342//758 2343//758
f 2344//758 2345//758 2346//758
f 2347//758 2348//758 2349//758
f 2350//758 2351//758 2352//758
f 2353//758 2354//758 2355//758
f 2356//758 2357//758 2358//758
f 2359//758 2360//758 2361//758
f 2362//758 2363//758 2364//758
f 2365//758 2366//758 2367//758
f 2368//758 2369//758 2370//758
f 2371//759 2372//759 2373//759
f 2374//759 2375//759 2376//759
f 2377//759 2378//759 2379//759
f 2380//759 2381//759 2382//759
f 2383//759 2384//759 2385//759
f 2386//759 2387//759 2388//759
f 2389//759 2390//759 2391//759
f 2392//759 2393//759 2394//759
f 2395//759 2396//759 2397//759
f 2398//759 2399//759 2400//759
f 2401//759 2402//759 2403//759
f 2404//759 2405//759 2406//759
f 2407//759 2408//759 2409//759
f 2410//759 2411//759 2412//759
f 2413//759 2414//759 2415//759
f 2416//759 2417//759 2418//759
f 2419//759 2420//759 2421//759
f 2422//759 2423//759 2424//759
f 2425//759 2426//759 2427//759
f 2428//759 2429//759 2430//759
f 2431//759 2432//759 2433//759
f 2434//759 2435//759 2436//759
f 2437//759 2438//759 2439//759
f 2440//759 2441//759 2442//759
f 2443//759 2444//759 2445//759
f 2446//759 2447//759 2448//759
f 2449//133 2450//133 2451//133
f 2452//109 2453//109 2454//109
f 2455//109 2456//109 2457//109
f 2458//133 2459//133 2460//133
f 2461//110 2462//110 2463//110
f 2464//110 2465//110 2466//110
f 2467//122 2468//122 2469//122
f 2470//122 2471//122 2472//122
f 2473//159 2474//159 2475//159
f 2476//134 2477//134 2478//134
f 2479//134 2480//134 2481//134
f 2482//159 2483//159 2484//159
f 2485//149 2486//149 2487//149
f 2488//149 2489//149 2490//149
f 2491//158 2492//158 2493//158
f 2494//158 2495//158 2496//158
f 2497//133 2498//133 2499//133
f 2500//109 2501//109 2502//109
f 2503//109 2504//109 2505//109
f 2506//133 2507//133 2508//133
f 2509//110 2510//110 2511//110
f 2512//110 2513//110 2514//110
f 2515//122 2516//122 2517//122
f 2518//122 2519//122 2520//122
f 2521//159 2522//159 2523//159
f 2524//134 2525//134 2526//134
f 2527//134 2528//134 2529//134
f 2530//159 2531//159 2532//159
f 2533//149 2534//149 2535//149
f 2536//149 2537//149 2538//149
f 2539//158 2540//158 2541//158
f 2542//158 2543//158 2544//158
