time,x_ref,y_ref,z_ref,vx_ref,vy_ref,vz_ref,ax_ref,ay_ref,az_ref,jx_ref,jy_ref,jz_ref,yaw_ref
0.0,-43.0,-26.0,2.2800000000000002,0.0,0.0,0.0,0.0,0.0,0.0,0.13947713066840606,0.020663278617541657,-0.008007020464297387,0.0
0.05,-43.0,-26.0,2.2800000000000002,0.0,0.0,0.0,0.0,0.0,0.0,0.13947713066840606,0.020663278617541657,-0.008007020464297387,0.0
0.1,-43.0,-26.0,2.2800000000000002,0.0,0.0,0.0,0.0,0.0,0.0,0.13947713066840606,0.020663278617541657,-0.008007020464297387,0.0
0.15000000000000002,-43.0,-26.0,2.2800000000000002,0.0,0.0,0.0,0.0,0.0,0.0,0.13947713066840606,0.020663278617541657,-0.008007020464297387,0.0
0.2,-43.0,-26.0,2.2800000000000002,0.0,0.0,0.0,0.0,0.0,0.0,0.13947713066840606,0.020663278617541657,-0.008007020464297387,0.0
0.25,-43.0,-26.0,2.2800000000000002,0.0,0.0,0.0,0.0,0.0,0.0,0.13947713066840606,0.020663278617541657,-0.008007020464297387,0.0
0.30000000000000004,-43.0,-26.0,2.2800000000000002,0.0,0.0,0.0,0.0,0.0,0.0,0.13947713066840606,0.020663278617541657,-0.008007020464297387,0.0
0.35000000000000003,-43.0,-26.0,2.2800000000000002,0.0,0.0,0.0,0.0,0.0,0.0,0.13947713066840606,0.020663278617541657,-0.008007020464297387,0.0
0.4,-43.0,-26.0,2.2800000000000002,0.0,0.0,0.0,0.0,0.0,0.0,0.13947713066840606,0.020663278617541657,-0.008007020464297387,0.0
0.45,-43.0,-26.0,2.2800000000000002,0.0,0.0,0.0,0.0,0.0,0.0,0.13947713066840606,0.020663278617541657,-0.008007020464297387,0.0
0.5,-43.0,-26.0,2.2800000000000002,0.0,0.0,0.0,0.0,0.0,0.0,0.13947713066840606,0.020663278617541657,-0.008007020464297387,0.0
0.55,-43.0,-26.0,2.2800000000000002,0.0,0.0,0.0,0.0,0.0,0.0,0.13947713066840606,0.020663278617541657,-0.008007020464297387,0.0
0.6000000000000001,-43.0,-26.0,2.2800000000000002,0.0,0.0,0.0,0.0,0.0,0.0,0.13947713066840606,0.020663278617541657,-0.008007020464297387,0.0
0.65,-43.0,-26.0,2.2800000000000002,0.0,0.0,0.0,0.0,0.0,0.0,0.13947713066840606,0.020663278617541657,-0.008007020464297387,0.0
0.7000000000000001,-43.0,-26.0,2.2800000000000002,0.0,0.0,0.0,0.0,0.0,0.0,0.13947713066840606,0.020663278617541657,-0.008007020464297387,0.0
0.75,-43.0,-26.0,2.2800000000000002,0.0,0.0,0.0,0.0,0.0,0.0,0.13947713066840606,0.020663278617541657,-0.008007020464297387,0.0
0.8,-43.0,-26.0,2.2800000000000002,0.0,0.0,0.0,0.0,0.0,0.0,0.13947713066840606,0.020663278617541657,-0.008007020464297387,0.0
0.8500000000000001,-43.0,-26.0,2.2800000000000002,0.0,0.0,0.0,0.0,0.0,0.0,0.13947713066840606,0.020663278617541657,-0.008007020464297387,0.0
0.9,-43.0,-26.0,2.2800000000000002,0.0,0.0,0.0,0.0,0.0,0.0,0.13947713066840606,0.020663278617541657,-0.008007020464297387,0.0
0.9500000000000001,-43.0,-26.0,2.2800000000000002,0.0,0.0,0.0,0.0,0.0,0.0,0.13947713066840606,0.020663278617541657,-0.008007020464297387,0.0
1.0,-43.0,-26.0,2.2800000000000002,0.0,0.0,0.0,0.0,0.0,0.0,0.13947713066840606,0.020663278617541657,-0.008007020464297387,0.0
1.05,-43.0,-26.0,2.2800000000000002,0.0,0.0,0.0,0.0,0.0,0.0,0.13947713066840606,0.020663278617541657,-0.008007020464297387,0.0
1.1,-43.0,-26.0,2.2800000000000002,0.0,0.0,0.0,0.0,0.0,0.0,0.13947713066840606,0.020663278617541657,-0.008007020464297387,0.0
1.1500000000000001,-43.0,-26.0,2.2800000000000002,0.0,0.0,0.0,0.0,0.0,0.0,0.13947713066840606,0.020663278617541657,-0.008007020464297387,0.0
1.2000000000000002,-43.0,-26.0,2.2800000000000002,0.0,0.0,0.0,0.0,0.0,0.0,0.13947713066840606,0.020663278617541657,-0.008007020464297387,0.0
1.25,-43.0,-26.0,2.2800000000000002,0.0,0.0,0.0,0.0,0.0,0.0,0.13947713066840606,0.020663278617541657,-0.008007020464297387,0.0
1.3,-43.0,-26.0,2.2800000000000002,0.0,0.0,0.0,0.0,0.0,0.0,0.13947713066840606,0.020663278617541657,-0.008007020464297387,0.0
1.35,-43.0,-26.0,2.2800000000000002,0.0,0.0,0.0,0.0,0.0,0.0,0.13947713066840606,0.020663278617541657,-0.008007020464297387,0.0
1.4000000000000001,-43.0,-26.0,2.2800000000000002,0.0,0.0,0.0,0.0,0.0,0.0,0.13947713066840606,0.020663278617541657,-0.008007020464297387,0.0
1.4500000000000002,-43.0,-26.0,2.2800000000000002,0.0,0.0,0.0,0.0,0.0,0.0,0.13947713066840606,0.020663278617541657,-0.008007020464297387,0.0
1.5,-43.0,-26.0,2.2800000000000002,0.0,0.0,0.0,0.0,0.0,0.0,0.13947713066840606,0.020663278617541657,-0.008007020464297387,0.0
1.55,-43.0,-26.0,2.2800000000000002,0.0,0.0,0.0,0.0,0.0,0.0,0.13947713066840606,0.020663278617541657,-0.008007020464297387,0.0
1.6,-43.0,-26.0,2.2800000000000002,0.0,0.0,0.0,0.0,0.0,0.0,0.13947713066840606,0.020663278617541657,-0.008007020464297387,0.0
1.6500000000000001,-43.0,-26.0,2.2800000000000002,0.0,0.0,0.0,0.0,0.0,0.0,0.13947713066840606,0.020663278617541657,-0.008007020464297387,0.0
1.7000000000000002,-43.0,-26.0,2.2800000000000002,0.0,0.0,0.0,0.0,0.0,0.0,0.13947713066840606,0.020663278617541657,-0.008007020464297387,0.0
1.75,-43.0,-26.0,2.2800000000000002,0.0,0.0,0.0,0.0,0.0,0.0,0.13947713066840606,0.020663278617541657,-0.008007020464297387,0.0
1.8,-43.0,-26.0,2.2800000000000002,0.0,0.0,0.0,0.0,0.0,0.0,0.13947713066840606,0.020663278617541657,-0.008007020464297387,0.0
1.85,-43.0,-26.0,2.2800000000000002,0.0,0.0,0.0,0.0,0.0,0.0,0.13947713066840606,0.020663278617541657,-0.008007020464297387,0.0
1.9000000000000001,-43.0,-26.0,2.2800000000000002,0.0,0.0,0.0,0.0,0.0,0.0,0.13947713066840606,0.020663278617541657,-0.008007020464297387,0.0
1.9500000000000002,-43.0,-26.0,2.2800000000000002,0.0,0.0,0.0,0.0,0.0,0.0,0.13947713066840606,0.020663278617541657,-0.008007020464297387,0.0
2.0,-43.0,-26.0,2.2800000000000002,0.0,0.0,0.0,0.0,0.0,0.0,0.13947713066840606,0.020663278617541657,-0.008007020464297387,0.0
2.0500000000000003,-43.0,-26.0,2.2800000000000002,0.0,0.0,0.0,0.0,0.0,0.0,0.13947713066840606,0.020663278617541657,-0.008007020464297387,0.0
2.1,-43.0,-26.0,2.2800000000000002,0.0,0.0,0.0,0.0,0.0,0.0,0.13947713066840606,0.020663278617541657,-0.008007020464297387,0.0
2.15,-43.0,-26.0,2.2800000000000002,0.0,0.0,0.0,0.0,0.0,0.0,0.13947713066840606,0.020663278617541657,-0.008007020464297387,0.0
2.2,-43.0,-26.0,2.2800000000000002,0.0,0.0,0.0,0.0,0.0,0.0,0.13947713066840606,0.020663278617541657,-0.008007020464297387,0.0
2.25,-43.0,-26.0,2.2800000000000002,0.0,0.0,0.0,0.0,0.0,0.0,0.13947713066840606,0.020663278617541657,-0.008007020464297387,0.0
2.3000000000000003,-43.0,-26.0,2.2800000000000002,0.0,0.0,0.0,0.0,0.0,0.0,0.13947713066840606,0.020663278617541657,-0.008007020464297387,0.0
2.35,-43.0,-26.0,2.2800000000000002,0.0,0.0,0.0,0.0,0.0,0.0,0.13947713066840606,0.020663278617541657,-0.008007020464297387,0.0
2.4000000000000004,-43.0,-26.0,2.2800000000000002,0.0,0.0,0.0,0.0,0.0,0.0,0.13947713066840606,0.020663278617541657,-0.008007020464297387,0.0
2.45,-43.0,-26.0,2.2800000000000002,0.0,0.0,0.0,0.0,0.0,0.0,0.13947713066840606,0.020663278617541657,-0.008007020464297387,0.0
2.5,-43.0,-26.0,2.2800000000000002,0.0,0.0,0.0,0.0,0.0,0.0,0.13947713066840606,0.020663278617541657,-0.008007020464297387,0.0
2.5500000000000003,-43.0,-26.0,2.2800000000000002,0.0,0.0,0.0,0.0,0.0,0.0,0.13947713066840606,0.020663278617541657,-0.008007020464297387,0.0
2.6,-43.0,-26.0,2.2800000000000002,0.0,0.0,0.0,0.0,0.0,0.0,0.13947713066840606,0.020663278617541657,-0.008007020464297387,0.0
2.6500000000000004,-43.0,-26.0,2.2800000000000002,0.0,0.0,0.0,0.0,0.0,0.0,0.13947713066840606,0.020663278617541657,-0.008007020464297387,0.0
2.7,-43.0,-26.0,2.2800000000000002,0.0,0.0,0.0,0.0,0.0,0.0,0.13947713066840606,0.020663278617541657,-0.008007020464297387,0.0
2.75,-43.0,-26.0,2.2800000000000002,0.0,0.0,0.0,0.0,0.0,0.0,0.13947713066840606,0.020663278617541657,-0.008007020464297387,0.0
2.8000000000000003,-43.0,-26.0,2.2800000000000002,0.0,0.0,0.0,0.0,0.0,0.0,0.13947713066840606,0.020663278617541657,-0.008007020464297387,0.0
2.85,-43.0,-26.0,2.2800000000000002,0.0,0.0,0.0,0.0,0.0,0.0,0.13947713066840606,0.020663278617541657,-0.008007020464297387,0.0
2.9000000000000004,-43.0,-26.0,2.2800000000000002,0.0,0.0,0.0,0.0,0.0,0.0,0.13947713066840606,0.020663278617541657,-0.008007020464297387,0.0
2.95,-43.0,-26.0,2.2800000000000002,0.0,0.0,0.0,0.0,0.0,0.0,0.13947713066840606,0.020663278617541657,-0.008007020464297387,0.0
3.0,-43.0,-26.0,2.2800000000000002,0.0,0.0,0.0,0.0,0.0,0.0,0.13947713066840606,0.020663278617541657,-0.008007020464297387,0.0
3.0500000000000003,-43.0,-26.0,2.2800000000000002,0.0,0.0,0.0,0.0,0.0,0.0,0.13947713066840606,0.020663278617541657,-0.008007020464297387,0.0
3.1,-43.0,-26.0,2.2800000000000002,0.0,0.0,0.0,0.0,0.0,0.0,0.13947713066840606,0.020663278617541657,-0.008007020464297387,0.0
3.1500000000000004,-43.0,-26.0,2.2800000000000002,0.0,0.0,0.0,0.0,0.0,0.0,0.13947713066840606,0.020663278617541657,-0.008007020464297387,0.0
3.2,-43.0,-26.0,2.2800000000000002,0.0,0.0,0.0,0.0,0.0,0.0,0.13947713066840606,0.020663278617541657,-0.008007020464297387,0.0
3.25,-43.0,-26.0,2.2800000000000002,0.0,0.0,0.0,0.0,0.0,0.0,0.13947713066840606,0.020663278617541657,-0.008007020464297387,0.0
3.3000000000000003,-43.0,-26.0,2.2800000000000002,0.0,0.0,0.0,0.0,0.0,0.0,0.13947713066840606,0.020663278617541657,-0.008007020464297387,0.0
3.35,-43.0,-26.0,2.2800000000000002,0.0,0.0,0.0,0.0,0.0,0.0,0.13947713066840606,0.020663278617541657,-0.008007020464297387,0.0
3.4000000000000004,-43.0,-26.0,2.2800000000000002,0.0,0.0,0.0,0.0,0.0,0.0,0.13947713066840606,0.020663278617541657,-0.008007020464297387,0.0
3.45,-43.0,-26.0,2.2800000000000002,0.0,0.0,0.0,0.0,0.0,0.0,0.13947713066840606,0.020663278617541657,-0.008007020464297387,0.0
3.5,-43.0,-26.0,2.2800000000000002,0.0,0.0,0.0,0.0,0.0,0.0,0.13947713066840606,0.020663278617541657,-0.008007020464297387,0.0
3.5500000000000003,-43.0,-26.0,2.2800000000000002,0.0,0.0,0.0,0.0,0.0,0.0,0.13947713066840606,0.020663278617541657,-0.008007020464297387,0.0
3.6,-43.0,-26.0,2.2800000000000002,0.0,0.0,0.0,0.0,0.0,0.0,0.13947713066840606,0.020663278617541657,-0.008007020464297387,0.0
3.6500000000000004,-43.0,-26.0,2.2800000000000002,0.0,0.0,0.0,0.0,0.0,0.0,0.13947713066840606,0.020663278617541657,-0.008007020464297387,0.0
3.7,-43.0,-26.0,2.2800000000000002,0.0,0.0,0.0,0.0,0.0,0.0,0.13947713066840606,0.020663278617541657,-0.008007020464297387,0.0
3.75,-43.0,-26.0,2.2800000000000002,0.0,0.0,0.0,0.0,0.0,0.0,0.13947713066840606,0.020663278617541657,-0.008007020464297387,0.0
3.8000000000000003,-43.0,-26.0,2.2800000000000002,0.0,0.0,0.0,0.0,0.0,0.0,0.13947713066840606,0.020663278617541657,-0.008007020464297387,0.0
3.85,-43.0,-26.0,2.2800000000000002,0.0,0.0,0.0,0.0,0.0,0.0,0.13947713066840606,0.020663278617541657,-0.008007020464297387,0.0
3.9000000000000004,-43.0,-26.0,2.2800000000000002,0.0,0.0,0.0,0.0,0.0,0.0,0.13947713066840606,0.020663278617541657,-0.008007020464297387,0.0
3.95,-43.0,-26.0,2.2800000000000002,0.0,0.0,0.0,0.0,0.0,0.0,0.13947713066840606,0.020663278617541657,-0.008007020464297387,0.0
4.0,-43.0,-26.0,2.2800000000000002,0.0,0.0,0.0,0.0,0.0,0.0,0.13947713066840606,0.020663278617541657,-0.008007020464297387,0.0
4.05,-43.0,-26.0,2.2800000000000002,0.0,0.0,0.0,0.0,0.0,0.0,0.13947713066840606,0.020663278617541657,-0.008007020464297387,0.0
4.1000000000000005,-43.0,-26.0,2.2800000000000002,0.0,0.0,0.0,0.0,0.0,0.0,0.13947713066840606,0.020663278617541657,-0.008007020464297387,0.0
4.15,-43.0,-26.0,2.2800000000000002,0.0,0.0,0.0,0.0,0.0,0.0,0.13947713066840606,0.020663278617541657,-0.008007020464297387,0.0
4.2,-43.0,-26.0,2.2800000000000002,0.0,0.0,0.0,0.0,0.0,0.0,0.13947713066840606,0.020663278617541657,-0.008007020464297387,0.0
4.25,-43.0,-26.0,2.2800000000000002,0.0,0.0,0.0,0.0,0.0,0.0,0.13947713066840606,0.020663278617541657,-0.008007020464297387,0.0
4.3,-43.0,-26.0,2.2800000000000002,0.0,0.0,0.0,0.0,0.0,0.0,0.13947713066840606,0.020663278617541657,-0.008007020464297387,0.0
4.3500000000000005,-43.0,-26.0,2.2800000000000002,0.0,0.0,0.0,0.0,0.0,0.0,0.13947713066840606,0.020663278617541657,-0.008007020464297387,0.0
4.4,-43.0,-26.0,2.2800000000000002,0.0,0.0,0.0,0.0,0.0,0.0,0.13947713066840606,0.020663278617541657,-0.008007020464297387,0.0
4.45,-43.0,-26.0,2.2800000000000002,0.0,0.0,0.0,0.0,0.0,0.0,0.13947713066840606,0.020663278617541657,-0.008007020464297387,0.0
4.5,-43.0,-26.0,2.2800000000000002,0.0,0.0,0.0,0.0,0.0,0.0,0.13947713066840606,0.020663278617541657,-0.008007020464297387,0.0
4.55,-43.0,-26.0,2.2800000000000002,0.0,0.0,0.0,0.0,0.0,0.0,0.13947713066840606,0.020663278617541657,-0.008007020464297387,0.0
4.6000000000000005,-43.0,-26.0,2.2800000000000002,0.0,0.0,0.0,0.0,0.0,0.0,0.13947713066840606,0.020663278617541657,-0.008007020464297387,0.0
4.65,-43.0,-26.0,2.2800000000000002,0.0,0.0,0.0,0.0,0.0,0.0,0.13947713066840606,0.020663278617541657,-0.008007020464297387,0.0
4.7,-43.0,-26.0,2.2800000000000002,0.0,0.0,0.0,0.0,0.0,0.0,0.13947713066840606,0.020663278617541657,-0.008007020464297387,0.0
4.75,-43.0,-26.0,2.2800000000000002,0.0,0.0,0.0,0.0,0.0,0.0,0.13947713066840606,0.020663278617541657,-0.008007020464297387,0.0
4.800000000000001,-43.0,-26.0,2.2800000000000002,0.0,0.0,0.0,0.0,0.0,0.0,0.13947713066840606,0.020663278617541657,-0.008007020464297387,0.0
4.8500000000000005,-43.0,-26.0,2.2800000000000002,0.0,0.0,0.0,0.0,0.0,0.0,0.13947713066840606,0.020663278617541657,-0.008007020464297387,0.0
4.9,-43.0,-26.0,2.2800000000000002,0.0,0.0,0.0,0.0,0.0,0.0,0.13947713066840606,0.020663278617541657,-0.008007020464297387,0.0
4.95,-43.0,-26.0,2.2800000000000002,0.0,0.0,0.0,0.0,0.0,0.0,0.13947713066840606,0.020663278617541657,-0.008007020464297387,0.0
5.0,-43.0,-26.0,2.2800000000000002,0.0,0.0,0.0,0.0,0.0,0.0,0.13947713066840606,0.020663278617541657,-0.008007020464297387,0.0
5.050000000000001,-43.0,-26.0,2.2800000000000002,0.0,0.0,0.0,0.0,0.0,0.0,0.13947713066840606,0.020663278617541657,-0.008007020464297387,0.0
5.1000000000000005,-43.0,-26.0,2.2800000000000002,0.0,0.0,0.0,0.0,0.0,0.0,0.13947713066840606,0.020663278617541657,-0.008007020464297387,0.0
5.15,-43.0,-26.0,2.2800000000000002,0.0,0.0,0.0,0.0,0.0,0.0,0.13947713066840606,0.020663278617541657,-0.008007020464297387,0.0
5.2,-43.0,-26.0,2.2800000000000002,0.0,0.0,0.0,0.0,0.0,0.0,0.13947713066840606,0.020663278617541657,-0.008007020464297387,0.0
5.25,-43.0,-26.0,2.2800000000000002,0.0,0.0,0.0,0.0,0.0,0.0,0.13947713066840606,0.020663278617541657,-0.008007020464297387,0.0
5.300000000000001,-43.0,-26.0,2.2800000000000002,0.0,0.0,0.0,0.0,0.0,0.0,0.13947713066840606,0.020663278617541657,-0.008007020464297387,0.0
5.3500000000000005,-43.0,-26.0,2.2800000000000002,0.0,0.0,0.0,0.0,0.0,0.0,0.13947713066840606,0.020663278617541657,-0.008007020464297387,0.0
5.4,-43.0,-26.0,2.2800000000000002,0.0,0.0,0.0,0.0,0.0,0.0,0.13947713066840606,0.020663278617541657,-0.008007020464297387,0.0
5.45,-43.0,-26.0,2.2800000000000002,0.0,0.0,0.0,0.0,0.0,0.0,0.13947713066840606,0.020663278617541657,-0.008007020464297387,0.0
5.5,-43.0,-26.0,2.2800000000000002,0.0,0.0,0.0,0.0,0.0,0.0,0.13947713066840606,0.020663278617541657,-0.008007020464297387,0.0
5.550000000000001,-43.0,-26.0,2.2800000000000002,0.0,0.0,0.0,0.0,0.0,0.0,0.13947713066840606,0.020663278617541657,-0.008007020464297387,0.0
5.6000000000000005,-43.0,-26.0,2.2800000000000002,0.0,0.0,0.0,0.0,0.0,0.0,0.13947713066840606,0.020663278617541657,-0.008007020464297387,0.0
5.65,-43.0,-26.0,2.2800000000000002,0.0,0.0,0.0,0.0,0.0,0.0,0.13947713066840606,0.020663278617541657,-0.008007020464297387,0.0
5.7,-43.0,-26.0,2.2800000000000002,0.0,0.0,0.0,0.0,0.0,0.0,0.13947713066840606,0.020663278617541657,-0.008007020464297387,0.0
5.75,-43.0,-26.0,2.2800000000000002,0.0,0.0,0.0,0.0,0.0,0.0,0.13947713066840606,0.020663278617541657,-0.008007020464297387,0.0
5.800000000000001,-43.0,-26.0,2.2800000000000002,0.0,0.0,0.0,0.0,0.0,0.0,0.13947713066840606,0.020663278617541657,-0.008007020464297387,0.0
5.8500000000000005,-43.0,-26.0,2.2800000000000002,0.0,0.0,0.0,0.0,0.0,0.0,0.13947713066840606,0.020663278617541657,-0.008007020464297387,0.0
5.9,-43.0,-26.0,2.2800000000000002,0.0,0.0,0.0,0.0,0.0,0.0,0.13947713066840606,0.020663278617541657,-0.008007020464297387,0.0
5.95,-43.0,-26.0,2.2800000000000002,0.0,0.0,0.0,0.0,0.0,0.0,0.13947713066840606,0.020663278617541657,-0.008007020464297387,0.0
6.0,-43.0,-26.0,2.2800000000000002,0.0,0.0,0.0,0.0,0.0,0.0,0.13947713066840606,0.020663278617541657,-0.008007020464297387,0.0
6.050000000000001,-43.0,-26.0,2.2800000000000002,0.0,0.0,0.0,0.0,0.0,0.0,0.13947713066840606,0.020663278617541657,-0.008007020464297387,0.0
6.1000000000000005,-43.0,-26.0,2.2800000000000002,0.0,0.0,0.0,0.0,0.0,0.0,0.13947713066840606,0.020663278617541657,-0.008007020464297387,0.0
6.15,-43.0,-26.0,2.2800000000000002,0.0,0.0,0.0,0.0,0.0,0.0,0.13947713066840606,0.020663278617541657,-0.008007020464297387,0.0
6.2,-43.0,-26.0,2.2800000000000002,0.0,0.0,0.0,0.0,0.0,0.0,0.13947713066840606,0.020663278617541657,-0.008007020464297387,0.0
6.25,-43.0,-26.0,2.2800000000000002,0.0,0.0,0.0,0.0,0.0,0.0,0.13947713066840606,0.020663278617541657,-0.008007020464297387,0.0
6.300000000000001,-43.0,-26.0,2.2800000000000002,0.0,0.0,0.0,0.0,0.0,0.0,0.13947713066840606,0.020663278617541657,-0.008007020464297387,0.0
6.3500000000000005,-43.0,-26.0,2.2800000000000002,0.0,0.0,0.0,0.0,0.0,0.0,0.13947713066840606,0.020663278617541657,-0.008007020464297387,0.0
6.4,-43.0,-26.0,2.2800000000000002,0.0,0.0,0.0,0.0,0.0,0.0,0.13947713066840606,0.020663278617541657,-0.008007020464297387,0.0
6.45,-43.0,-26.0,2.2800000000000002,0.0,0.0,0.0,0.0,0.0,0.0,0.13947713066840606,0.020663278617541657,-0.008007020464297387,0.0
6.5,-43.0,-26.0,2.2800000000000002,0.0,0.0,0.0,0.0,0.0,0.0,0.13947713066840606,0.020663278617541657,-0.008007020464297387,0.0
6.550000000000001,-43.0,-26.0,2.2800000000000002,0.0,0.0,0.0,0.0,0.0,0.0,0.13947713066840606,0.020663278617541657,-0.008007020464297387,0.0
6.6000000000000005,-43.0,-26.0,2.2800000000000002,0.0,0.0,0.0,0.0,0.0,0.0,0.13947713066840606,0.020663278617541657,-0.008007020464297387,0.0
6.65,-43.0,-26.0,2.2800000000000002,0.0,0.0,0.0,0.0,0.0,0.0,0.13947713066840606,0.020663278617541657,-0.008007020464297387,0.0
6.7,-43.0,-26.0,2.2800000000000002,0.0,0.0,0.0,0.0,0.0,0.0,0.13947713066840606,0.020663278617541657,-0.008007020464297387,0.0
6.75,-43.0,-26.0,2.2800000000000002,0.0,0.0,0.0,0.0,0.0,0.0,0.13947713066840606,0.020663278617541657,-0.008007020464297387,0.0
6.800000000000001,-43.0,-26.0,2.2800000000000002,0.0,0.0,0.0,0.0,0.0,0.0,0.13947713066840606,0.020663278617541657,-0.008007020464297387,0.0
6.8500000000000005,-43.0,-26.0,2.2800000000000002,0.0,0.0,0.0,0.0,0.0,0.0,0.13947713066840606,0.020663278617541657,-0.008007020464297387,0.0
6.9,-43.0,-26.0,2.2800000000000002,0.0,0.0,0.0,0.0,0.0,0.0,0.13947713066840606,0.020663278617541657,-0.008007020464297387,0.0
6.95,-43.0,-26.0,2.2800000000000002,0.0,0.0,0.0,0.0,0.0,0.0,0.13947713066840606,0.020663278617541657,-0.008007020464297387,0.0
7.0,-43.0,-26.0,2.2800000000000002,0.0,0.0,0.0,0.0,0.0,0.0,0.13947713066840606,0.020663278617541657,-0.008007020464297387,0.0
7.050000000000001,-43.0,-26.0,2.2800000000000002,0.0,0.0,0.0,0.0,0.0,0.0,0.13947713066840606,0.020663278617541657,-0.008007020464297387,0.0
7.1000000000000005,-43.0,-26.0,2.2800000000000002,0.0,0.0,0.0,0.0,0.0,0.0,0.13947713066840606,0.020663278617541657,-0.008007020464297387,0.0
7.15,-43.0,-26.0,2.2800000000000002,0.0,0.0,0.0,0.0,0.0,0.0,0.13947713066840606,0.020663278617541657,-0.008007020464297387,0.0
7.2,-43.0,-26.0,2.2800000000000002,0.0,0.0,0.0,0.0,0.0,0.0,0.13947713066840606,0.020663278617541657,-0.008007020464297387,0.0
7.25,-43.0,-26.0,2.2800000000000002,0.0,0.0,0.0,0.0,0.0,0.0,0.13947713066840606,0.020663278617541657,-0.008007020464297387,0.0
7.300000000000001,-43.0,-26.0,2.2800000000000002,0.0,0.0,0.0,0.0,0.0,0.0,0.13947713066840606,0.020663278617541657,-0.008007020464297387,0.0
7.3500000000000005,-43.0,-26.0,2.2800000000000002,0.0,0.0,0.0,0.0,0.0,0.0,0.13947713066840606,0.020663278617541657,-0.008007020464297387,0.0
7.4,-43.0,-26.0,2.2800000000000002,0.0,0.0,0.0,0.0,0.0,0.0,0.13947713066840606,0.020663278617541657,-0.008007020464297387,0.0
7.45,-43.0,-26.0,2.2800000000000002,0.0,0.0,0.0,0.0,0.0,0.0,0.13947713066840606,0.020663278617541657,-0.008007020464297387,0.0
7.5,-43.0,-26.0,2.2800000000000002,0.0,0.0,0.0,0.0,0.0,0.0,0.13947713066840606,0.020663278617541657,-0.008007020464297387,0.0
7.550000000000001,-43.0,-26.0,2.2800000000000002,0.0,0.0,0.0,0.0,0.0,0.0,0.13947713066840606,0.020663278617541657,-0.008007020464297387,0.0
7.6000000000000005,-43.0,-26.0,2.2800000000000002,0.0,0.0,0.0,0.0,0.0,0.0,0.13947713066840606,0.020663278617541657,-0.008007020464297387,0.0
7.65,-43.0,-26.0,2.2800000000000002,0.0,0.0,0.0,0.0,0.0,0.0,0.13947713066840606,0.020663278617541657,-0.008007020464297387,0.0
7.7,-43.0,-26.0,2.2800000000000002,0.0,0.0,0.0,0.0,0.0,0.0,0.13947713066840606,0.020663278617541657,-0.008007020464297387,0.0
7.75,-43.0,-26.0,2.2800000000000002,0.0,0.0,0.0,0.0,0.0,0.0,0.13947713066840606,0.020663278617541657,-0.008007020464297387,0.0
7.800000000000001,-43.0,-26.0,2.2800000000000002,0.0,0.0,0.0,0.0,0.0,0.0,0.13947713066840606,0.020663278617541657,-0.008007020464297387,0.0
7.8500000000000005,-43.0,-26.0,2.2800000000000002,0.0,0.0,0.0,0.0,0.0,0.0,0.13947713066840606,0.020663278617541657,-0.008007020464297387,0.0
7.9,-43.0,-26.0,2.2800000000000002,0.0,0.0,0.0,0.0,0.0,0.0,0.13947713066840606,0.020663278617541657,-0.008007020464297387,0.0
7.95,-43.0,-26.0,2.2800000000000002,0.0,0.0,0.0,0.0,0.0,0.0,0.13947713066840606,0.020663278617541657,-0.008007020464297387,0.0
8.0,-43.0,-26.0,2.2800000000000002,0.0,0.0,0.0,0.0,0.0,0.0,0.13947713066840606,0.020663278617541657,-0.008007020464297387,0.0
8.05,-42.99999710727147,-25.999999571447624,2.279999833935955,0.00017330312460441474,2.567453697843183e-05,-9.948883079142328e-06,0.006911290518493658,0.001023894891628691,-0.00039675927050611756,0.13697699478647798,0.020292888116515275,-0.007863494145149665,0.1470783553884026
8.1,-42.99997696228145,-25.99999658700466,2.2799986774643055,0.0006890518670689333,0.00010208175808428651,-3.9556681257661e-05,0.013697949950161915,0.002029325918542508,-0.0007863637934352213,0.13449188719539967,0.019924724028948116,-0.007720830561217391,0.14707835538840264
8.15,-42.99992259822483,-25.999988533070344,2.2799955565647583,0.0015410334584159008,0.00022830125309865215,-8.846673557572766e-05,0.020360729709547738,0.0030164044014144823,-0.0011688567055481113,0.13202180789517093,0.019558786354840155,-0.007579029712500555,0.1470783553884026
8.200000000000001,-42.99981735799564,-25.99997294192528,2.279989514996046,0.002723072700394735,0.0004034181778362574,-0.00015632454391154962,0.026900381211193352,0.003985241660917537,-0.001544281143605545,0.12956675688579183,0.0191950750941914,-0.007438091598999163,0.14707835538840264
8.25,-42.999644892308595,-25.999947391453126,2.2799796141880866,0.004229031965481919,0.0006265232541454701,-0.0002427777609813695,0.03331765586964104,0.004935949017724603,-0.0019126802443682823,0.1271267341672625,0.018833590247001868,-0.0072980162207132195,0.14707835538840267
8.3,-42.99938915782052,-25.999909504862302,2.2799649331341407,0.006052811196881249,0.0008967127699083341,-0.0003474761983394792,0.03961330509943372,0.005868637792508704,-0.0022740971445971217,0.12470173973958273,0.018474331813271534,-0.007158803577642715,0.14707835538840264
8.35,-42.99903441525177,-25.999856950407672,2.2799445682829727,0.00818834790852339,0.001213088579040503,-0.0004700718243781946,0.04578808031511343,0.006783419305942736,-0.0026285749810528087,0.12229177360275272,0.01811729979300042,-0.007020453669787657,0.14707835538840258
8.4,-42.99856522750779,-25.999787441112268,2.279917633431003,0.010629617185066416,0.0015747581014913222,-0.000610218764327887,0.0518427329312231,0.007680404878699725,-0.002976156890496142,0.11989683575677228,0.0177624941861885,-0.00688296649714804,0.14707835538840264
8.450000000000001,-42.99796645780047,-25.99969873448896,2.279883259614472,0.013370631681895308,0.0019808343232437515,-0.0007675733002569532,0.057778014362304994,0.008559705831452599,-0.0033168860096878796,0.11751692620164149,0.01740991499283579,-0.006746342059723865,0.14707835538840267
8.5,-42.997223267769705,-25.99958863226218,2.2798405950015943,0.016405441625122127,0.002430435796314391,-0.0009417938710718261,0.06359467602290138,0.009421433484874286,-0.003650805475388784,0.11515204493736045,0.017059562212942303,-0.0066105803575151395,0.1470783553884026
8.55,-42.99632111560477,-25.9994549800896,2.2797888047847192,0.01972813481158639,0.002922686638753541,-0.0011325410725169967,0.06929346932755513,0.010265699159637808,-0.003977958424359648,0.112802191963929,0.016711435846508013,-0.0064756813905218515,0.14707835538840258
8.6,-42.99524575416591,-25.99929566728384,2.2797270710724873,0.023332836608854268,0.0034567165346450802,-0.001339477657174968,0.07487514569080839,0.01109261417641607,-0.004298387993361225,0.11046736728134729,0.016365535893532943,-0.006341645158744012,0.14707835538840267
8.65,-42.993983229105616,-25.999108626534166,2.2796545927819896,0.02721370995521958,0.004031660734106607,-0.0015622685344663097,0.08034045652720401,0.011902289855882084,-0.004612137319154304,0.10814757088961514,0.01602186235401707,-0.006208471662181611,0.1470783553884026
8.700000000000001,-42.992519876990286,-25.998891833628193,2.2795705855309243,0.031364955359702865,0.004646660053289317,-0.0018005807706496092,0.08569015325128423,0.012694837518708785,-0.004919249538499651,0.10584280278873266,0.015680415227960407,-0.006076160900834654,0.14707835538840264
8.75,-42.99084232342155,-25.998643307173566,2.279474281529756,0.03578081090205175,0.0053008608743780414,-0.0020540835888214898,0.09092498727759138,0.013470368485569107,-0.005219767788158025,0.10355306297869993,0.015341194515362965,-0.005944712874703145,0.14707835538840264
8.8,-42.98893748115781,-25.998361108319678,2.279364929473875,0.04045555223274148,0.005993415145591335,-0.0023224483689166407,0.09604571002066835,0.014228994077136061,-0.005513735204890221,0.10127835145951677,0.015004200216224717,-0.005814127583787076,0.1470783553884026
8.85,-42.986792548235655,-25.99804334047936,2.2792417944357513,0.04538349257297374,0.0067234803811813005,-0.0026053486477077524,0.1010530728950572,0.01497082561408256,-0.005801194925456989,0.09901866823118337,0.014669432330545696,-0.005684405028086453,0.14707835538840264
8.9,-42.98439500609137,-25.997688149050575,2.279104157757097,0.05055898271467807,0.007490219661433794,-0.0029024601188055938,0.10594782731530081,0.015695974417081614,-0.006082190086619121,0.09677401329369953,0.014336890858325868,-0.005555545207601271,0.1470783553884026
8.950000000000001,-42.98173261768233,-25.997293721138124,2.278951316941023,0.05597641102051059,0.008292801632668241,-0.003213460632658942,0.11073072469594146,0.016404551806806156,-0.006356763825137382,0.09454438664706535,0.01400657579956525,-0.00542754812233153,0.14707835538840258
9.0,-42.97879342560856,-25.99685828527534,2.2787825855441954,0.061630203423854495,0.00913040050723771,-0.003538030196554611,0.11540251645152146,0.01709666910392912,-0.00662495927777253,0.09232978829128093,0.01367848715426385,-0.005300413772277239,0.1470783553884026
9.05,-42.975565750234125,-25.996380111145797,2.278597293068996,0.06751482342882074,0.010002196063529008,-0.003875850974617488,0.11996395399658366,0.017772437629123523,-0.006886819581285361,0.09013021822634609,0.01335262492242165,-0.005174142157438387,0.14707835538840264
9.1,-42.972038187808614,-25.99585750930498,2.2783947848556796,0.07362477211024654,0.01090737364596246,-0.00422660728781045,0.1244157887456702,0.018431968703062268,-0.007142387872436624,0.08794567645226097,0.013028989104038671,-0.0050487332778149825,0.14707835538840264
9.15,-42.968199608588606,-25.995288830902016,2.2781744219745312,0.07995458811369716,0.011845124164992182,-0.004589985613934469,0.1287587721133239,0.01907537364641837,-0.007391707287987113,0.08577616296902543,0.012707579699114888,-0.004924187133407016,0.14707835538840264
9.200000000000001,-42.964039154959146,-25.994672467401355,2.277935581118025,0.08649884765546428,0.01281464409710583,-0.004965674587628506,0.13299365551408704,0.01970276377986476,-0.007634820964697591,0.08362167777663956,0.012388396707650315,-0.004800503724214494,0.14707835538840264
9.25,-42.95954623955518,-25.99400685030447,2.2776776544929827,0.09325216452256668,0.013815135484824704,-0.00535336500036957,0.13712119036250198,0.02031425042407439,-0.007871772039328819,0.08148222087510343,0.012071440129644962,-0.00467768305023742,0.1470783553884026
9.3,-42.95471054338304,-25.99329045087156,2.2774000497127305,0.10020919007275103,0.014845805936703867,-0.005752749800472744,0.1411421280731115,0.02090994489972024,-0.008102603648641588,0.0793577922644169,0.011756709965098809,-0.004555725111475785,0.1470783553884026
9.35,-42.949522013941916,-25.992521779843248,2.2771021896892583,0.10736461323449006,0.015905868627331874,-0.006163524093091097,0.1450572200604578,0.021489958527475247,-0.008327358929396655,0.07724839194458008,0.011444206214011873,-0.004434629907929598,0.1470783553884026
9.4,-42.943970863345285,-25.99169938716226,2.2767835125253777,0.11471316050698474,0.016994542297331085,-0.006585385140215792,0.14886721773908368,0.022054402628012407,-0.008546081018354804,0.07515401991559285,0.011133928876384133,-0.004314397439598849,0.1470783553884026
9.450000000000001,-42.93804756644241,-25.990821861695174,2.2764434714068793,0.12224959596016231,0.018111051253357397,-0.007018032360675987,0.15257287252353136,0.022603388522004664,-0.008758813052276802,0.07307467617745529,0.010825877952215608,-0.004195027706483546,0.14707835538840264
9.5,-42.93174285893978,-25.989887830954043,2.2760815344946916,0.12996872123467723,0.019254625368100346,-0.007461167330138878,0.1561749358283433,0.023137027530124955,-0.008965598167923413,0.07101036073016748,0.010520053441506298,-0.004076520708583688,0.1470783553884026
9.55,-42.925047735522604,-25.988895960818166,2.275697184817038,0.13786537554191172,0.02042450008028324,-0.007914493781109751,0.15967415906806226,0.023655430973046277,-0.009166479502055427,0.06896107357372923,0.010216455344256189,-0.003958876445899271,0.14707835538840264
9.600000000000001,-42.91795344797622,-25.987844955255735,2.2752899201615984,0.14593443566397452,0.021619916394662906,-0.008377717602931871,0.1630712936572305,0.024158710171441573,-0.009361500191433603,0.06692681470814064,0.009915083660465287,-0.003842094918430297,0.1470783553884026
9.65,-42.91045150330761,-25.98673355604557,2.27485925296766,0.15417081595370125,0.022840120882029833,-0.008850546841786554,0.16636709101039046,0.02464697644598379,-0.009550703372818712,0.0649075841334018,0.009615938390133605,-0.0037261761261767703,0.1470783553884026
9.700000000000001,-42.90253366186687,-25.985560542498792,2.2744047102182834,0.16256946833465571,0.024084365679208273,-0.009332691700693202,0.16956230254208482,0.025120341117345915,-0.009734132182971538,0.06290338184951254,0.009319019533261124,-0.003611120069138683,0.1470783553884026
9.75,-42.89419193546859,-25.984324731180532,2.273925833332457,0.17112538230112762,0.025351908489055962,-0.009823864539509179,0.17265767966685586,0.025578915506200884,-0.009911829758652837,0.06091420785647302,0.00902432708984786,-0.0034969267473160437,0.1470783553884026
9.8,-42.88541858551345,-25.983024975631626,2.273422178057254,0.1798335849181349,0.02664201258046445,-0.010323779874929969,0.17565397379924624,0.02602281093322169,-0.010083839236623395,0.05894006215428308,0.008731861059893795,-0.0033835961607088434,0.1470783553884026
9.850000000000001,-42.87620612110955,-25.9816601660903,2.272893314359993,0.18868914082142188,0.027953946788358816,-0.010832154380489036,0.17855193635379843,0.026452138719081263,-0.010250203753643983,0.0569809447429428,0.008441621443398939,-0.0032711283093170875,0.1470783553884026
9.9,-42.86654729719397,-25.980229229213922,2.2723388263203947,0.19768715221745975,0.029286985513697763,-0.011348706886557878,0.1813523187450547,0.026867010184452568,-0.010410966446475364,0.05503685562245227,0.008153608240363302,-0.003159523193140778,0.1470783553884026
9.950000000000001,-42.856435112654175,-25.978731127800618,2.2717583120227403,0.20682275888344803,0.03064040872347381,-0.011873158380346091,0.1840558723875578,0.027267536650008577,-0.01056617045187832,0.05310779479281131,0.007867821450786865,-0.003048780812179908,0.14707835538840264
10.0,-42.84586280844954,-25.977164860511042,2.271151383448029,0.21609113816731193,0.03201350195071291,-0.012405232005901245,0.18666334869584994,0.027653829436422233,-0.01071585890661361,0.051193762254020087,0.007584261074669646,-0.0029389011664344863,0.14707835538840264
10.05,-42.83482386573271,-25.975529461590032,2.2705176663661373,0.22548750498770517,0.03340555629447487,-0.012944653064109005,0.18917549908447392,0.028025999864366526,-0.010860074947442023,0.04929475800607845,0.0073029271120116255,-0.0028298842559045033,0.14707835538840264
10.100000000000001,-42.8233120039712,-25.973824000588323,2.269856800227977,0.2350071118340075,0.034815868419852986,-0.013491149012693028,0.191593074967972,0.028384159254514398,-0.010998861711124323,0.047410782048986494,0.0070238195628128134,-0.0027217300805899643,0.1470783553884026
10.15,-42.81132117906875,-25.972047582084258,2.2691684380576507,0.24464524876632587,0.03624374055797424,-0.01404444946621501,0.19391682776088667,0.028728418927538794,-0.011132262334421276,0.04554183438274425,0.006746938427073222,-0.0026144386404908728,0.14707835538840264
10.200000000000001,-42.79884558148683,-25.970199345405454,2.2684522463446144,0.2543972434154954,0.03768848050599935,-0.014604286196074739,0.19614750887776058,0.029058890204112703,-0.011260319954093663,0.04368791500735159,0.0064722837047928305,-0.002508009935607221,0.1470783553884026
10.25,-42.785879634366104,-25.96827846435053,2.2677079049358317,0.2642584609830769,0.03914940162712254,-0.015170393130509973,0.19828586973313603,0.029375684404909064,-0.011383077706902252,0.04184902392280867,0.006199855395971658,-0.002402443965939016,0.14707835538840264
10.3,-42.772417991647885,-25.966284146910798,2.266935106927934,0.27422430424135974,0.04062582285057184,-0.015742506354596578,0.20033266174155562,0.029678912850600852,-0.011500578729607823,0.04002516112911535,0.005929653500609681,-0.0022977407314862504,0.1470783553884026
10.350000000000001,-42.75845553619561,-25.96421563499194,2.266133558559378,0.28429021353335926,0.04211706867160881,-0.016320364110248405,0.20228863631756178,0.029968686861861025,-0.011612866158971143,0.03821632662627168,0.005661678018706918,-0.0021939002322489292,0.1470783553884026
10.4,-42.74398737791629,-25.962072204135747,2.2653029791026027,0.2944516667728179,0.04362246915152861,-0.016903706796217333,0.20415454487569692,0.03024511775936253,-0.011719983131752975,0.03642252041427774,0.0053959289502633675,-0.002090922468227055,0.1470783553884026
10.450000000000001,-42.72900885188199,-25.959853163241778,2.264443100756189,0.3047041794442067,0.04514135991766029,-0.017492276968093353,0.2059311388305037,0.030508316863778345,-0.011821972784714103,0.03464374249313339,0.005132406295279022,-0.001988807439420621,0.1470783553884026
10.5,-42.713515516451295,-25.95755785428908,2.263553668537019,0.3150433046027218,0.04667308216336622,-0.018085819338304405,0.2076191695965244,0.030758395495781417,-0.011918878254615291,0.03287999286283877,0.004871110053753893,-0.001887555145829633,0.14707835538840258
10.55,-42.69750315139072,-25.955185652057885,2.2626344401724303,0.3254646328742883,0.04821698264804275,-0.018684080776116555,0.20921938858830172,0.030995464976044725,-0.012010742678217322,0.031131271523393757,0.004612040225687962,-0.0017871655874540852,0.14707835538840264
10.600000000000001,-42.68096775599624,-25.952735963851293,2.2616851859923774,0.33596379245555724,0.04977241369711964,-0.01928681030763385,0.21073254722037796,0.0312196366252412,-0.012097609192280959,0.02939757847479841,0.0043551968110812425,-0.0016876387642939812,0.14707835538840264
10.65,-42.663905547214746,-25.950208229216997,2.2607056888215875,0.34653644911390674,0.0513387332020603,-0.019893759115798354,0.21215939690729574,0.03143102176404383,-0.012179520933566978,0.027678913717052746,0.004100579809933742,-0.0015889746763493235,0.1470783553884026
10.700000000000001,-42.64631295776547,-25.947601919668955,2.259695743871722,0.35717830618744323,0.052915304620361994,-0.02050468054039026,0.2135006890635974,0.03162973171312556,-0.012256521038836149,0.02597527725015672,0.0038481892222454375,-0.0014911733236201066,0.14707835538840258
10.75,-42.62818663426148,-25.944916538409107,2.2586551586335295,0.36788510458499846,0.054501496975555376,-0.021119330078027694,0.2147571751038255,0.03181587779315936,-0.012328652644849244,0.02428666907411039,0.0035980250480163543,-0.0013942347061063373,0.14707835538840264
10.8,-42.60952343533112,-25.942151620049053,2.257583752769009,0.37865262278613354,0.056096684857204995,-0.021737465382166928,0.2159296064425226,0.03198957132481818,-0.012395958888367038,0.02261308918891368,0.003350087287246468,-0.001298158823808006,0.14707835538840258
10.850000000000001,-42.590320429739506,-25.93930673033178,2.2564813580035645,0.3894766768411345,0.057700248420908866,-0.022358846263102177,0.21701873449423112,0.032150923628774995,-0.012458482906150304,0.020954537594566634,0.003104375939935794,-0.0012029456767251201,0.1470783553884026
10.9,-42.57057489450997,-25.936381465853326,2.2553478180181648,0.4003531203710156,0.05931157338829866,-0.02298323468796572,0.21802531067349343,0.03230004602570275,-0.012516267834959809,0.019311014291069278,0.002860891006084338,-0.001108595264857681,0.14707835538840264
10.950000000000001,-42.5502843130455,-25.93337545378452,2.254182988341501,0.41127784456751876,0.06093005104703986,-0.023610394780727934,0.21895008639485222,0.03243704983627441,-0.012569356811556328,0.017682519278421557,0.0026196324856920783,-0.0010151075882056805,0.1470783553884026
11.0,-42.529446373250266,-25.93028835159263,2.252986736242145,0.4222467781931115,0.06255507825083138,-0.024240092822197145,0.21979381307284973,0.032562046381162946,-0.012617792972700633,0.016069052556623553,0.00238060037875904,-0.000922482646769127,0.1470783553884026
11.05,-42.50805896565102,-25.927119846763112,2.251758940620707,0.4332558875809901,0.06418605741940599,-0.024872097250019813,0.22055724212202868,0.03267514698104131,-0.0126616194551535,0.014470614125675123,0.002143794685285199,-0.0008307204405480149,0.1470783553884026
11.100000000000001,-42.4861201815186,-25.923869656521276,2.2504994919019943,0.4443011766350767,0.06582239653852995,-0.025506178658680344,0.22124112495693143,0.032776462956582444,-0.012700879395675697,0.012887203985576384,0.00190921540527057,-0.0007398209695423468,0.14707835538840267
11.15,-42.46362831098938,-25.920537527553982,2.249208291927168,0.4553786868300209,0.06746350916000314,-0.02614210979950121,0.22184621299210047,0.03286610562845934,-0.012735615931027991,0.011318822136327355,0.0016768625387151587,-0.0006497842337521232,0.14707835538840258
11.200000000000001,-42.4405818411867,-25.91712323573136,2.2478852538459035,0.4664844972112002,0.06910881440165935,-0.02677966558064298,0.22237325764207827,0.03294418631734494,-0.012765872197971163,0.009765468577927913,0.001446736085618945,-0.000560610233177342,0.14707835538840264
11.25,-42.416979454342425,-25.913626585828506,2.246530302008547,0.47761472439471775,0.07075773694736566,-0.027418623067104183,0.22282301032140744,0.03301081634391223,-0.012791691333265983,0.008227143310378209,0.001218836045981951,-0.00047229896781800554,0.14707835538840264
11.3,-42.39282002591828,-25.910047411247152,2.2451433718582723,0.4887655225674058,0.07240970704702313,-0.02805876148072145,0.22319622244463028,0.033066107028834134,-0.01281311647367322,0.0067038463336780854,0.0009931624198041553,-0.000384850437674111,0.14707835538840258
11.350000000000001,-42.368102622727434,-25.9063855737374,2.2437244098232423,0.4999330834868217,0.07406416051656624,-0.028699862200169398,0.22349364542628944,0.033110169692783624,-0.012830190755953652,0.005195577647827647,0.0007697152070855709,-0.0002982646427456601,0.1470783553884026
11.4,-42.34282650105589,-25.90264096311939,2.2422733732087643,0.511113636481251,0.07572053873796317,-0.02934170876096071,0.2237160306809272,0.03314311565643367,-0.012842957316868046,0.003702337252826919,0.0005484944078262043,-0.00021254158303265396,0.1470783553884026
11.450000000000001,-42.31699110478396,-25.89881349700503,2.2407902300894493,0.5223034484497064,0.07737828865921582,-0.02998408685544612,0.22386412962308624,0.033165056240457236,-0.012851459293177173,0.002224125148675782,0.00032950002202603593,-0.00012768125853509,0.1470783553884026
11.5,-42.29059606350773,-25.894903120519665,2.2392749592013703,0.5334988238619272,0.07903686279435963,-0.030626784332814343,0.22393869366730898,0.03317610276552727,-0.012855739821641812,0.0007609413353743821,0.00011273204968508671,-4.3683669252971274e-05,0.1470783553884026
11.55,-42.263641190660564,-25.89090980602379,2.2377275498342173,0.5446961047583808,0.08069571922346389,-0.031269591199092235,0.22394047422813784,0.03317636655231673,-0.012855842039022727,-0.0006872141870774411,-0.00010180950919666026,3.945118481370568e-05,0.1470783553884026
11.600000000000001,-42.236126481634514,-25.88683355283474,2.2361480017234623,0.5558916707502605,0.08235432159263123,-0.031912299617144584,0.22387022272011542,0.033165958921498595,-0.012851809082080699,-0.002120341418679571,-0.0003141246546192028,0.00012172330366494108,0.1470783553884026
11.65,-42.208052111901786,-25.882674386948413,2.2345363249425096,0.5670819390194871,0.08401213911399814,-0.03255470390667426,0.22372869055778408,0.0331449911937458,-0.012843684087576489,-0.003538440359431995,-0.0005242133865825246,0.00020313268730072801,0.14707835538840258
11.700000000000001,-42.17941843513626,-25.87843236076093,2.23289253979486,0.5782633643187094,0.08566864656573477,-0.03319660054422221,0.22351662915568643,0.03311357468973132,-0.012831510192270884,-0.004941511009334831,-0.0007320757050866486,0.00028367933572107454,0.14707835538840258
11.75,-42.1502259813349,-25.874107552790356,2.231216676706263,0.5894324389713018,0.08732332429204478,-0.033837788163167334,0.2232347899283647,0.033071820730128126,-0.012815330532924643,-0.006329553368387926,-0.0009377116101315528,0.000363363248925976,0.1470783553884026
11.8,-42.12047545493921,-25.869700067398405,2.229508776116881,0.6005856928713676,0.08897565820316562,-0.03447806755372667,0.22288392429036175,0.033019840635609164,-0.012795188246298547,-0.0077025674365914214,-0.0011411211017172554,0.000442184426915436,0.14707835538840258
11.850000000000001,-42.09016773295676,-25.865210034512117,2.227768888373444,0.611719693483736,0.09062513977536839,-0.035117241662955226,0.2224647836562197,0.03295774572684738,-0.012771126469153356,-0.009060553213945265,-0.001342304179843751,0.0005201428696894531,0.14707835538840267
11.9,-42.05930386308258,-25.86063760934557,2.2259970736214076,0.622831045843963,0.09227126605095755,-0.03575511559474603,0.2219781194404814,0.03288564732451577,-0.012743188338249856,-0.01040351070044939,-0.0015412608445110288,0.0005972385772480232,0.1470783553884026
11.950000000000001,-42.02788506182067,-25.85598297212158,2.224193401697113,0.6339163925583333,0.09391353963827163,-0.036391496609830244,0.22142468305768895,0.03280365674928728,-0.012711416990348813,-0.011731439896103918,-0.0017379910957191075,0.0006734715495911518,0.14707835538840255
12.0,-41.99591271260543,-25.8512463277934,2.222357952019942,0.6449724138038566,0.09555146871168252,-0.037026194125776964,0.2208052259223851,0.03271188532183485,-0.012675855562210998,-0.013044340800908716,-0.0019324949334679669,0.000748841786718836,0.14707835538840258
12.05,-41.96338836392317,-25.846427905766397,2.2204908134844787,0.6559958273282722,0.09718456701159593,-0.03765901971699342,0.22012049944911224,0.03261044436283145,-0.012636547190597182,-0.014342213414863894,-0.0021247723577576235,0.0008233492886310792,0.14707835538840258
12.100000000000001,-41.930313727433536,-25.841527959619782,2.218592084352666,0.6669833884500445,0.0988123538444511,-0.03828978711472479,0.21937125505241284,0.03249944519295006,-0.012593535012268144,-0.015625057737969447,-0.0023148233685880756,0.0008969940553278785,0.1470783553884026
12.15,-41.89669067609094,-25.836546766828285,2.2166618721459614,0.6779318900583652,0.10043435408272086,-0.038918312207054315,0.21855824414682945,0.032378999132863635,-0.012546862163984653,-0.016892873770225268,-0.0025026479659593075,0.0009697760868092307,0.14707835538840264
12.200000000000001,-41.86252124226612,-25.83148462848387,2.2147002935374998,0.6888381626131549,0.10205009816491191,-0.039544413038903346,0.2176822181469045,0.03224921750324513,-0.012496571782507482,-0.018145661511631467,-0.002688246149871343,0.0010416953830751437,0.1470783553884026
12.25,-41.82780761586754,-25.826341869017412,2.212707474244248,0.6996990741450589,0.10365912209556435,-0.040167909812031166,0.2167439284671805,0.032110211624767494,-0.0124427070045974,-0.019383420962187987,-0.0028716179203241553,0.0011127519441256088,0.14707835538840258
12.3,-41.792552142462846,-25.82111883592042,2.210683548919164,0.7105115302554519,0.1052609674452522,-0.040788624885035214,0.2157441265221998,0.0319620928181037,-0.012385310967015175,-0.020606152121894865,-0.0030527632773177707,0.0011829457699606347,0.14707835538840258
12.350000000000001,-41.75675732140036,-25.81581589946672,2.2086286610433543,0.7212724741164339,0.10685518135058286,-0.04140638277335085,0.21468356372650513,0.03180497240392671,-0.01232442680652159,-0.021813854990752092,-0.0032316822208521725,0.0012522768605802165,0.14707835538840258
12.4,-41.72042580393052,-25.810433452434154,2.206542962818234,0.7319788864708328,0.1084413165141975,-0.04202101014925151,0.21356299149463887,0.031638961702909474,-0.01226009765987741,-0.023006529568759627,-0.0034083747509273624,0.0013207452159843514,0.14707835538840258
12.450000000000001,-41.68356039132736,-25.804971909826275,2.2044266150576823,0.7426277856322041,0.11001893120477106,-0.04263233584184876,0.21238316124114334,0.03146417203572494,-0.012192366663843409,-0.02418417585591752,-0.0035828408675433513,0.0013883508361730464,0.1470783553884026
12.5,-41.64616403300999,-25.79943170859407,2.202279787080203,0.7532162274848289,0.11158758925701179,-0.04324019083709204,0.21114482438056126,0.031280714723046124,-0.012121276955180366,-0.02534679385222574,-0.0037550805707001166,0.0014550937211462943,0.14707835538840264
12.55,-41.60823982466398,-25.793813307357627,2.200102656601081,0.7637413054837175,0.11314686007166193,-0.04384440827776898,0.20984873232743492,0.03108870108554593,-0.012046871670649042,-0.02649438355768432,-0.003925093860397687,0.001520973870904103,0.1470783553884026
12.600000000000001,-41.56979100636295,-25.788117186127845,2.1978954096245404,0.774200150654606,0.11469631861549727,-0.04444482346350518,0.208495636496307,0.030888242443897332,-0.011969193947010211,-0.02762694497229324,-0.004092880736636048,0.0015859912854464672,0.1470783553884026
12.65,-41.53082096068992,-25.782343846028137,2.1956582403359026,0.7845899315939572,0.11623554542132708,-0.04504127385076423,0.20708628830171988,0.030679450118773308,-0.01188828692102465,-0.028744478096052475,-0.004258441199415189,0.0016501459647733849,0.1470783553884026
12.700000000000001,-41.49133321085883,-25.776493809016124,2.193391350993748,0.7949078544689628,0.11776412658799457,-0.04563359905284788,0.20562143915821587,0.030462435430846802,-0.011804193729453133,-0.02984698292896206,-0.00442177524873513,0.001713437908884862,0.14707835538840258
12.75,-41.451331418836006,-25.77056761760533,2.191094951822067,0.8051511630175393,0.11928165378037625,-0.046221640839895786,0.2041018404803377,0.03023730970079079,-0.011716957509056432,-0.03093445947102197,-0.00458288288459586,0.001775867117780893,0.14707835538840258
12.8,-41.410819383461586,-25.7645658345869,2.1887692609024243,0.8153171385483324,0.12078772422938264,-0.04680524313888576,0.20252824368262784,0.030004184249278202,-0.011626621396595304,-0.03200690772223226,-0.004741764106997386,0.0018374335914614834,0.14707835538840255
12.850000000000001,-41.36980103857101,-25.75848904275126,2.1864145040661143,0.825403099940714,0.12228194073195772,-0.0473842520336336,0.20090140017962865,0.029763170396982026,-0.011533228528830536,-0.03306432768259287,-0.004898418915939695,0.0018981373299266308,0.1470783553884026
12.9,-41.32828045111653,-25.752337844609855,2.184030914786319,0.8354064036447829,0.12376391165107903,-0.04795851576479311,0.19922206138588275,0.029514379464575222,-0.011436822042522896,-0.034106719352103784,-0.005052847311422795,0.0019579783331763303,0.14707835538840258
12.950000000000001,-41.28626181928854,-25.74611286211682,2.1816187340702684,0.8453244436813656,0.12523325091575796,-0.04852788472985619,0.19749097871593238,0.029257922772730743,-0.01133744507443316,-0.03513408273076508,-0.005205049293446695,0.002016956601210591,0.1470783553884026
13.0,-41.24374947063719,-25.7398147363907,2.179178210351395,0.8551546516420151,0.1266895780210393,-0.04909221148315273,0.1957089035843204,0.028993911642121544,-0.011235140761322093,-0.03614641781857669,-0.00535502486201137,0.0020750721340294046,0.14707835538840253
13.05,-41.20074786019377,-25.733444127436112,2.176709599381494,0.8648944966890122,0.1281325180280019,-0.049651350735850724,0.19387658740558888,0.028722457393420574,-0.011129952239950473,-0.03714372461553864,-0.00550277401711685,0.0021323249316327784,0.1470783553884026
13.100000000000001,-41.15726156859217,-25.72700171386551,2.1742131641228846,0.8745414855553646,0.1295617015637578,-0.05020515935595612,0.19199478159428068,0.028443671347300845,-0.011021922647079074,-0.03812600312165096,-0.0056482967587631215,0.0021887149940207065,0.14707835538840258
13.15,-41.113295300190394,-25.7204881926208,2.171689174640559,0.8840931625448061,0.1309767648214529,-0.05075349636831296,0.19006423756493798,0.028157664824435265,-0.010911095119468665,-0.0390932533369136,-0.005791593086950172,0.0022442423211931914,0.14707835538840267
13.200000000000001,-41.068853881191934,-25.713904278695104,2.1691379079943522,0.8935471095318002,0.13237734956026678,-0.05129622295460335,0.18808570673210342,0.027864549145496787,-0.010797512793880006,-0.04004547526132654,-0.005932663001678024,0.0022989069131502324,0.14707835538840258
13.25,-41.02394225776737,-25.707250704854424,2.16655964813109,0.9029009459615339,0.13376310310541256,-0.051833202453347334,0.18605994051031957,0.027564435631158447,-0.010681218807073895,-0.04098266889488986,-0.006071506502946664,0.00235270876989183,0.14707835538840264
13.3,-40.97856549417568,-25.70052822135936,2.1639546857767527,0.9121523288499249,0.13513367834813714,-0.052364300359903124,0.18398769031412873,0.027257435602093136,-0.010562256295811088,-0.041904834237603564,-0.006208123590756093,0.0024056478914179858,0.1470783553884026
13.350000000000001,-40.932728770885824,-25.69373759568679,2.1613233183286313,0.9212989527836161,0.136488733745721,-0.052889384326466865,0.18186970755807327,0.026943660378973815,-0.010440668396852355,-0.042811971289467524,-0.0063425142651063185,0.0024577242777286956,0.1470783553884026
13.4,-40.88643738269815,-25.686879612251577,2.1586658497474867,0.9303385499199773,0.1378279333214782,-0.053408324162072765,0.17970674365669603,0.026623221282473485,-0.010316498246958471,-0.04370408005048186,-0.00647467852599733,0.002508937928823963,0.14707835538840258
13.450000000000001,-40.839696736865854,-25.679955072128273,2.1559825904497063,0.9392688899871054,0.1391509466647565,-0.053920991832593135,0.1774995500245393,0.026296229633265073,-0.010189788982890217,-0.04458116052064656,-0.006604616373429138,0.002559288844703787,0.14707835538840264
13.5,-40.79251235121648,-25.672964792772813,2.153273857199465,0.9480877802838269,0.1404574489309374,-0.05442726146073823,0.17524887807614553,0.025962796752021556,-0.010060583741408353,-0.04544321269996157,-0.006732327807401725,0.0026087770253681655,0.14707835538840258
13.55,-40.74488985227336,-25.6659096077442,2.1505399730008783,0.9567930656796921,0.141747120841436,-0.05492700932605642,0.17295547922605722,0.02562303395941588,-0.00992892565927365,-0.0462902365884269,-0.0068578128279151145,0.002657402470817103,0.14707835538840264
13.600000000000001,-40.69683497337706,-25.658790366426235,2.147781266990165,0.9653826286149806,0.1430196486837009,-0.05542011386493407,0.17062010488881696,0.025277052576121017,-0.009794857873246894,-0.047122232186042626,-0.006981071434969295,0.0027051651810505997,0.14707835538840255
13.65,-40.64835355280689,-25.65160793374917,2.1449980743278036,0.973854389100697,0.14427472431121444,-0.05590645567059561,0.16824350647896721,0.024924963922809955,-0.009658423520088855,-0.04793919949280866,-0.0071021036285642564,0.002752065156068648,0.14707835538840255
13.700000000000001,-40.59945153190233,-25.644363189911456,2.1421907360906896,0.9822063047185757,0.1455120451434928,-0.056385917493103434,0.1658264354110503,0.02456687932015559,-0.009519665736560292,-0.048741138508724996,-0.007220909408700018,0.0027981023958712544,0.14707835538840258
13.75,-40.5501349531845,-25.637057030101406,2.1393595991642957,0.9904363706210768,0.14673131416608548,-0.056858384239358115,0.16336964309960886,0.024202910088830947,-0.009378627659421983,-0.0495280492337917,-0.007337488775376566,0.002843276900458415,0.14707835538840253
13.8,-40.500409958477626,-25.62969036421891,2.136505016134827,0.9985426195313868,0.14793223993057592,-0.057323742973098155,0.16087388095918537,0.023833167549508927,-0.009235352425434707,-0.05029993166800879,-0.007451841728593905,0.0028875886698301358,0.14707835538840258
13.850000000000001,-40.45028278703054,-25.622264116597115,2.1336273451813828,1.0065231217434214,0.149114536554581,-0.05778188291490011,0.15833990040432225,0.02345776302286253,-0.009089883171359224,-0.051056785811376154,-0.007563968268352041,0.0029310377039864152,0.14707835538840255
13.9,-40.39975977363805,-25.614779225724156,2.1307269499681105,1.0143759851218206,0.15027792372175125,-0.0582326954421786,0.155768452849562,0.023076807829564724,-0.008942263033956323,-0.05179861166389388,-0.007673868394650963,0.0029736240029272455,0.14707835538840255
13.950000000000001,-40.34884734676253,-25.607236643964818,2.1278041995363677,1.022099355101955,0.1514221266817712,-0.05867607408918631,0.1531602897094468,0.02269041329028841,-0.008792535149986753,-0.05252540922556197,-0.00778154210749068,0.0030153475666526344,0.1470783553884026
14.0,-40.297552026655275,-25.599637337282264,2.124859468196877,1.029691414689919,0.15254687625035845,-0.05911191454701385,0.1505161623985198,0.022298690725706644,-0.008640742656211318,-0.05323717849638032,-0.00788698940687118,0.003056208395162581,0.14707835538840258
14.05,-40.245880423478,-25.591982284959705,2.1218931354218853,1.0371503844625356,0.15365190880926463,-0.05954011466359001,0.1478368223313231,0.021901751456492285,-0.008486928689390766,-0.05393391947634911,-0.007990210292792479,0.0030962064884570845,0.14707835538840258
14.100000000000001,-40.19383923542435,-25.584272479322127,2.118905585737324,1.044474522567356,0.15473696630627506,-0.05996057444368157,0.14512302092239904,0.021499706803318377,-0.008331136386285864,-0.054615632165468206,-0.008091204765254567,0.0031353418465361422,0.1470783553884026
14.15,-40.1414352468413,-25.57650892545797,2.115897208614964,1.0516621247226556,0.15580179625520835,-0.0603731960488932,0.14237550958629033,0.02109266808685783,-0.00817340888365741,-0.05528231656373758,-0.008189972824257437,0.003173614469399756,0.1470783553884026
14.200000000000001,-40.08867532635063,-25.568692640940835,2.112868398364574,1.0587115242174407,0.15684615173591723,-0.060777883797667916,0.1395950397375394,0.020680746627783582,-0.008013789318266148,-0.055933972671157364,-0.008286514469801111,0.003211024357047926,0.14707835538840258
14.25,-40.03556642497043,-25.560824655551176,2.109819554026081,1.0656210919114415,0.15786979139428764,-0.061174544165286476,0.1367823627906888,0.020264053746768693,-0.007852320826872873,-0.05657060048772747,-0.00838082970188557,0.0032475715094806568,0.1470783553884025
14.3,-39.98211557423654,-25.552906010998004,2.106751079261727,1.072389236235117,0.15887247944223962,-0.06156308578386785,0.13393823016028084,0.019842700764486007,-0.007689046546238339,-0.057192200013447894,-0.008472918520510818,0.003283255926697941,0.14707835538840255
14.350000000000001,-39.92832988432395,-25.544937760640586,2.103663382248227,1.0790144031896527,0.15985398565772638,-0.06194341944236895,0.13106339326085809,0.019416799001608594,-0.007524009613123336,-0.05779877124831871,-0.008562780925676866,0.003318077608699783,0.14707835538840255
14.4,-39.87421654216839,-25.53692096921013,2.100556875568927,1.0854950763469615,0.16081408538473518,-0.06231545808658483,0.128158603506963,0.018986459778809306,-0.007357253164288617,-0.05839031419233981,-0.008650416917383694,0.003352036555486178,0.14707835538840264
14.450000000000001,-39.8197828095877,-25.52885671253151,2.0974319761059608,1.091829776849683,0.1617525595332865,-0.06267911681914846,0.12522461231313847,0.01855179441676124,-0.007188820336494975,-0.058966828845511306,-0.008735826495631318,0.0033851327670571334,0.14707835538840258
14.5,-39.765036021403326,-25.520746077244937,2.094289104932413,1.098017063411185,0.16266919457943502,-0.06303431289953104,0.12226217109392634,0.018112914236137194,-0.007018754266503165,-0.059528315207833055,-0.008819009660419732,0.003417366243412645,0.1470783553884027
14.55,-39.709983583561744,-25.512590160527665,2.0911286872044705,1.1040555323155619,0.16356378256526852,-0.06338096574404155,0.11927203126386915,0.017669930557610236,-0.006847098091073967,-0.060074773279305216,-0.00889996641174894,0.003448736984552713,0.14707835538840258
14.600000000000001,-39.65463297125601,-25.504390069815702,2.0879511520535856,1.109943817417634,0.16443612109890884,-0.06371899692582715,0.11625494423750976,0.01722295470185326,-0.0066738949469681424,-0.060606203059927706,-0.00897869674961894,0.0034792449904773354,0.14707835538840258
14.65,-39.598991727047135,-25.4961469225255,2.084756932478632,1.1156805901429505,0.16528601335451126,-0.0640483301748731,0.11321166142939071,0.016772097989539325,-0.006499187970946483,-0.061122604549700504,-0.009055200674029724,0.003508890261186515,0.14707835538840255
14.700000000000001,-39.5430674589856,-25.487861845775644,2.081546465238062,1.121264559487786,0.16611326807226465,-0.06436889137800252,0.11014293425405408,0.01631747174134128,-0.006323020299769753,-0.061623977748623666,-0.009129478184981306,0.0035376727966802512,0.14707835538840253
14.75,-39.48686783873278,-25.479535976108558,2.078320190742067,1.1266944720191439,0.16691769955839184,-0.06468060857887681,0.10704951412604247,0.015859187277932195,-0.00614543507019873,-0.062110322656697164,-0.009201529282473676,0.003565592596958546,0.14707835538840264
14.8,-39.43040059968248,-25.471170459212217,2.0750785529447353,1.131969111874755,0.167699127685149,-0.06498341197799522,0.10393215245989834,0.015397355919984888,-0.005966475418994161,-0.06258163927392099,-0.009271353966506832,0.003592649662021396,0.14707835538840258
14.850000000000001,-39.373673535082304,-25.46276644964182,2.0718219992362066,1.1370873007630742,0.16845737789082588,-0.06527723393269502,0.1007916006701644,0.014932088988172483,-0.005786184482916835,-0.06303792760029518,-0.009338952237080788,0.003618843991868803,0.14707835538840255
14.9,-39.316694496155186,-25.454325110541507,2.0685509803348348,1.1420478979632867,0.1691922811797463,-0.0655620089571517,0.09762861017138297,0.014463497803167816,-0.005604605398727536,-0.0634791876358197,-0.009404324094195528,0.003644175586500764,0.1470783553884026
14.950000000000001,-39.25947139022082,-25.44584761336605,2.0652659501793433,1.1468498003253043,0.16990367412226737,-0.0658376737223786,0.0944439323780965,0.013991693685643907,-0.005421781303187014,-0.06390541938049459,-0.00946746953785106,0.003668644445917283,0.14707835538840255
15.0,-39.20201217881715,-25.43733513760254,2.0619673658209847,1.151491942269764,0.17059139885477995,-0.0661041670562272,0.09123831870484783,0.013516787956273715,-0.0052377553330560656,-0.06431662283431971,-0.009528388568047386,0.00369225057011836,0.14707835538840258
15.05,-39.14432487582181,-25.42878887049212,2.0586556873156967,1.1559732957880315,0.17125530307970843,-0.06636142994338701,0.08801252056617886,0.013038891935730164,-0.005052570625095447,-0.06471279799729529,-0.009587081184784504,0.003714993959103994,0.14707835538840255
15.100000000000001,-39.08641754557362,-25.420210006751645,2.055331377616264,1.160292870442201,0.17189524006551138,-0.06660940552538563,0.0847672893766323,0.012558116944686218,-0.004866270316065915,-0.06509394486942116,-0.009643547388062406,0.00373687461287418,0.14707835538840258
15.15,-39.028298300993995,-25.411599748295405,2.0519949024644704,1.1644497133650895,0.17251106864668,-0.06684803910058851,0.08150337655075096,0.01207457430381493,-0.004678897542728287,-0.06546006345069733,-0.009697787177881109,0.0037578925314289257,0.14707835538840255
15.200000000000001,-38.96997530170845,-25.402959303956806,2.0486467302832625,1.1684429092602455,0.17310265322374013,-0.0670772781241993,0.07822153350307681,0.011588375333789131,-0.004490495441843288,-0.0658111537411239,-0.009749800554240599,0.003778047714768231,0.14707835538840255
15.25,-38.911456752168064,-25.394289889210082,2.0452873320689076,1.1722715804019432,0.17366986376325094,-0.06729707220825973,0.07492251164815272,0.011099631355281837,-0.004301107150171717,-0.06614721574070079,-0.009799587517140877,0.0037973401628920867,0.14707835538840258
15.3,-38.85275089977094,-25.385592725891993,2.0419171812831465,1.1759348866351829,0.17421257579780489,-0.0675073731216494,0.0716070624005209,0.010608453688966013,-0.0041107758044743245,-0.066468249449428,-0.009847148066581945,0.0038157698758005017,0.14707835538840253
15.350000000000001,-38.79386603298363,-25.3768690419235,2.0385367537453565,1.179432025375693,0.17473067042602858,-0.06770813479008606,0.06827593717472402,0.010114953655514602,-0.003919544541511916,-0.06677425486730557,-0.00989248220256381,0.003833336853493474,0.1470783553884025
15.4,-38.73481047946267,-25.368120071031505,2.0351465275247094,1.1827622316099284,0.17522403431258193,-0.0678993132961255,0.0649298873853047,0.009619242575600616,-0.003727456498045248,-0.06706523199433351,-0.009935589925086464,0.0038500410959710005,0.14707835538840244
15.450000000000001,-38.675592604176,-25.35934705247052,2.031746982832326,1.185924777895072,0.1756925596881589,-0.06808086687916154,0.06156966444680461,0.00912143176989695,-0.0035345548108350715,-0.06734118083051169,-0.009976471234149902,0.0038658826032330865,0.14707835538840258
15.5,-38.61622080752439,-25.350551230744355,2.028338601913438,1.188918974359033,0.1761361443494864,-0.06825275593542598,0.05819601977376748,0.008621632559076636,-0.003340882616642199,-0.0676021013758403,-0.01001512612975414,0.0038808613752797268,0.14707835538840253
15.55,-38.55670352346301,-25.341733855327853,2.024921868939543,1.1917441687004486,0.17655469165932575,-0.06841494301798873,0.05480970478073505,0.008119956263812525,-0.003146483052227367,-0.06784799363031926,-0.010051554611899167,0.0038949774121109244,0.14707835538840253
15.600000000000001,-38.497049217622774,-25.33289618038856,2.0214972699005664,1.1943997461886822,0.1769481105464714,-0.0685673928367577,0.051411470882249725,0.007616514204777691,-0.00295139925435137,-0.0680788575939485,-0.010085756680584982,0.003908230713726679,0.14707835538840247
15.65,-38.4372663854319,-25.324039464508427,2.0180652924970164,1.1968851296638248,0.17731631550575186,-0.06871007225847886,0.04800206949285413,0.007111417702645034,-0.002755674359774956,-0.06829469326672807,-0.010117732335811588,0.003920621280126987,0.14707835538840253
15.700000000000001,-38.3773635502373,-25.315164970405526,2.014626426032142,1.1991997795366947,0.17765922659802902,-0.06884295030673622,0.04458225202709081,0.006604778078087478,-0.002559351505258916,-0.06849550064865803,-0.010147481577578988,0.003932149111311857,0.14707835538840264
15.75,-38.317349261426116,-25.306273964655716,2.0111811613040915,1.2013431937888366,0.1779767694501981,-0.06896599816195176,0.04115276989950267,0.006096706651778111,-0.0023624738275640315,-0.06868127973973834,-0.010175004405887183,0.00394281420728128,0.14707835538840258
15.8,-38.2572320925471,-25.297367717414385,2.007729990498074,1.2033149079725236,0.17826887525518878,-0.06907918916138561,0.037714374524631444,0.005587314744389796,-0.0021650844634510495,-0.06885203053996894,-0.010200300820736159,0.00395261656803526,0.14707835538840258
15.850000000000001,-38.197020639432154,-25.288447502138098,2.004273407078513,1.2051144952107538,0.17853548077196366,-0.0691824987991359,0.03426781731701977,0.005076713676595462,-0.0019672265496807513,-0.06900775304934992,-0.010223370822125932,0.003961556193573796,0.1470783553884026
15.9,-38.136723518317766,-25.279514595306335,2.0008119056812044,1.2067415661972563,0.17877652832551938,-0.06927590472613876,0.030813849691210538,0.004565014769068204,-0.0017689432230139288,-0.06914844726788122,-0.010244214410056497,0.003969633083896888,0.14707835538840244
15.950000000000001,-38.07634936396642,-25.27057027614317,1.9973459820054802,1.2081957691964809,0.17899196580688617,-0.0693593867501684,0.027353223061745972,0.004052329342480819,-0.0015702776202113251,-0.06927411319556284,-0.010262831584527846,0.0039768472390045405,0.1470783553884026
16.0,-38.015906827788186,-25.26161582633899,1.9938761327063588,1.2094767900436116,0.1791817466731277,-0.06943292683583699,0.02388668884316847,0.0035387687175063853,-0.0013712728780337323,-0.06938475083239481,-0.010279222345539994,0.003983198658896745,0.14707835538840253
16.05,-37.95540457596204,-25.252652529772156,1.99040285528671,1.2105843521445545,0.1793458299473416,-0.06949650910459489,0.020414998450020483,0.0030244442148178313,-0.0011719721332419213,-0.06948036017837717,-0.010293386693092932,0.003988687343573508,0.14707835538840267
16.1,-37.89485128755742,-25.24368167223073,1.9869266479894077,1.211518216475947,0.1794841802186588,-0.0695501198347303,0.01693890329684465,0.0025094671550880228,-0.0009724185225966213,-0.06956094123350975,-0.010305324627186651,0.003993313293034827,0.1470783553884025
16.150000000000002,-37.83425565265569,-25.234704541134175,1.983448009689493,1.2122781815851478,0.17959676764224425,-0.06959374746136966,0.013459154798183702,0.001993948858990134,-0.0007726551828586834,-0.0696264939977928,-0.010315036147821175,0.003997076507280706,0.1470783553884026
16.2,-37.77362637047152,-25.22572242525504,1.9799674397863283,1.2128640835902498,0.17968356793929635,-0.06962738257647735,0.009976504368579676,0.0014780006471969325,-0.0005727252507888166,-0.06967701847122612,-0.010322521254996483,0.003999976986311136,0.14707835538840258
16.25,-37.71297214747445,-25.216736614440663,1.9764854380957557,1.2132757961800662,0.17974456239704686,-0.0696510179288557,0.006491703422575434,0.0009617338403815068,-0.0003726718631478429,-0.06971251465380976,-0.01032777994871258,0.004002014730126124,0.14707835538840253
16.3,-37.65230169551032,-25.20774839933486,1.9730025047422592,1.213513230614142,0.17977973786876197,-0.06966464842414523,0.003005503374712837,0.0004452597592166513,-0.00017253815669646122,-0.0697329825455438,-0.01033081222896947,0.00400318973872567,0.14707835538840264
16.35,-37.591623729922674,-25.198759071099655,1.9695191400511163,1.2135763357227483,0.17978908677374061,-0.06966827112482449,-0.00048134436046477666,-7.131027562451878e-05,2.7632731804477956e-05,-0.06973842214642814,-0.010331618095767155,0.004003502012109769,0.1470783553884026
16.400000000000002,-37.530946967674325,-25.18976992113694,1.966035844440563,1.2134650979068835,0.1797726070973161,-0.06966188525020997,-0.003968088368415792,-0.0005878649434690647,0.00022779766559424835,-0.06972883345646283,-0.010330197549105635,0.004002951550278428,0.14707835538840253
16.45,-37.47028012546873,-25.180782240810185,1.9625531183139462,1.2131795411382698,0.1797303023908548,-0.06964549217645624,-0.0074539772345970515,-0.0011042929236440386,0.00042791350791206146,-0.0697042164756479,-0.010326550588984892,0.0040015383532316425,0.14707835538840253
16.5,-37.40963191787154,-25.171797321166153,1.9590714619518848,1.2127197269593617,0.1796621817717573,-0.06961909543655596,-0.010938259544466367,-0.0016204828954765466,0.0006279371219971505,-0.06966457120398326,-0.010320677215404944,0.003999262420969412,0.1470783553884025
16.55,-37.34901105543196,-25.162816452656585,1.9555913754044274,1.2120857544833372,0.17956825992345743,-0.06958270072033974,-0.014420183883481097,-0.002136323538293544,0.0008278253710887404,-0.06960989764146897,-0.010312577428365798,0.00399612375349174,0.14707835538840255
16.6,-37.288426242804306,-25.153840924859896,1.9521133583832098,1.2112777603941036,0.1794485570954228,-0.06953631587447635,-0.017898998837099347,-0.002651703531422166,0.0010275351184260847,-0.069540195788105,-0.010302251227867432,0.003992122350798629,0.14707835538840253
16.650000000000002,-37.2278861768694,-25.144872026202872,1.9486379101536133,1.2102959189462932,0.17930309910315453,-0.06947995090247241,-0.021373952990777614,-0.0031665115541893484,0.00122702322724836,-0.0694554656438914,-0.010289698613909853,0.003987258212890071,0.1470783553884025
16.7,-37.167399544856096,-25.135911043682384,1.945165529426924,1.2091404419652667,0.17913191732818767,-0.06941361796467273,-0.02484429492997385,-0.003680636285922102,0.0014262465607948122,-0.06935570720882811,-0.010274919586493077,0.003981531339766068,0.1470783553884025
16.75,-37.1069750224627,-25.12695926258706,1.941696714252488,1.207811578847113,0.17893504871809082,-0.06933733137826022,-0.028309273240146093,-0.004193966405947644,0.0016251619823047028,-0.06924092048291516,-0.01025791414561708,0.00397494173142662,0.1470783553884025
16.8,-37.046621271978424,-25.118017966219025,1.9382319619098727,1.206309616558645,0.17871253578646584,-0.06925110761725554,-0.031768136506751254,-0.004706390593592846,0.0018237263550172356,-0.0691111054661526,-0.010238682291281886,0.003967489387871731,0.14707835538840242
16.85,-36.986346940404914,-25.10908843561554,1.9347717688010229,1.2046348796374067,0.17846442661294915,-0.06915496531251777,-0.03522013331524733,-0.005217797528184899,0.0020218965421716154,-0.06896626215854035,-0.01021722402348748,0.003959174309101395,0.1470783553884025
16.900000000000002,-36.92616065757764,-25.10017194927076,1.9313166303424196,1.2027877301916658,0.17819077484320978,-0.06904892525174373,-0.03866451225109148,-0.005728075889050698,0.00221962940700713,-0.0688063905600784,-0.010193539342233866,0.003949996495115618,0.14707835538840253
16.95,-36.86607103428738,-25.09126978285739,1.927867040857239,1.200768567900417,0.1778916396889507,-0.06893301037946846,-0.04210052189974077,-0.00623711435551728,0.002416881812762922,-0.06863149067076685,-0.010167628247521045,0.003939955945914397,0.14707835538840253
17.0,-36.806086660401725,-25.082383208948404,1.9244234934675069,1.1985778300133865,0.17756708592790918,-0.06880724579706478,-0.04552741084665379,-0.006744801606911738,0.002613610622678293,-0.06844156249060562,-0.010139490739348993,0.003929052661497732,0.14707835538840255
17.05,-36.7462161029865,-25.07351349673874,1.920986479986262,1.1962159913510229,0.17721718390385527,-0.06867165876274392,-0.04894442767728746,-0.007251026322561166,0.002809772699992441,-0.06823660601959469,-0.01010912681771775,0.003917286641865624,0.14707835538840253
17.1,-36.68646790442724,-25.064661911766997,1.9175564908097116,1.193683564304504,0.17684200952659315,-0.06852627869155489,-0.052350820977099206,-0.007755677181792518,0.0030053249079445912,-0.06801662125773415,-0.010076536482627301,0.0039046578870180807,0.1470783553884025
17.150000000000002,-36.62685058055063,-25.055829715637127,1.914134014809388,1.1909810988357368,0.17644164427196093,-0.06837113715538483,-0.05574583933154687,-0.008258642863932925,0.003200224109773997,-0.06778160820502392,-0.010041719734077635,0.0038911663969550844,0.14707835538840247
17.2,-36.56737261874603,-25.04701816574015,1.9107195392243095,1.1881091824773482,0.1760161751818294,-0.06820626788295893,-0.059128731326087085,-0.008759812048309317,0.003394427168719842,-0.06753156686146407,-0.010004676572068773,0.0038768121716766493,0.14707835538840253
17.25,-36.50804247608687,-25.038228514975835,1.9073135495531353,1.1850684403327016,0.1755656948641039,-0.06803170675984031,-0.06249874554617885,-0.009259073414248822,0.003587890948021401,-0.06726649722705452,-0.009965406996600694,0.0038615952111827664,0.14707835538840244
17.3,-36.44886857745217,-25.029462011474394,1.903916529446328,1.1818595350758803,0.17509030149272298,-0.06784749182843021,-0.06585513057727843,-0.0097563156410784,0.0037805723109178707,-0.06698639930179534,-0.009923911007673397,0.0038455155154734424,0.14707835538840247
17.35,-36.38985931364794,-25.020719898318212,1.900528960598308,1.1784831669516986,0.17459009880765922,-0.06765366328796789,-0.06919713500484427,-0.010251427408125183,0.003972428120648498,-0.06669127308568644,-0.009880188605286893,0.0038285730845486698,0.14707835538840264
17.400000000000002,-36.33102303952873,-25.012003413263514,1.8971513226396122,1.1749400737756976,0.17406519611491814,-0.06745026349453083,-0.0725240074143334,-0.010744297394716138,0.004163415240452481,-0.0663811185787279,-0.009834239789441186,0.0038107679184084574,0.14707835538840247
17.45,-36.27236807211901,-25.003313788462073,1.8937840930290544,1.1712310309341436,0.1735157082865397,-0.06723733696103416,-0.07583499639120272,-0.011234814280178262,0.004353490533569079,-0.06605593578091974,-0.009786064560136276,0.003792100017052804,0.14707835538840242
17.5,-36.21390268873467,-24.994652250182913,1.8904277469458792,1.1673568513840302,0.1729417557605969,-0.06701493035723136,-0.07912935052091108,-0.011722866743838711,0.004542610863237477,-0.06571572469226189,-0.009735662917372156,0.003772569380481705,0.14707835538840236
17.55,-36.15563512510449,-24.986020018534,1.8870827571819246,1.16331838565308,0.17234346454119698,-0.06678309250971387,-0.08240631838891499,-0.012208343465024557,0.004730733092696997,-0.0653604853127544,-0.009683034861148826,0.003752176008695162,0.14707835538840244
17.6,-36.0975735734916,-24.97741830718394,1.883749594033777,1.1591165218397421,0.1717209661984801,-0.06654187440191112,-0.0856651485806722,-0.012691133123062665,0.004917814085186753,-0.06499021764239726,-0.009628180391466283,0.0037309199016931777,0.1470783553884023
17.650000000000002,-36.039726180814945,-24.968848323083694,1.8804287251949319,1.1547521856131928,0.17107439786862097,-0.06629132917409064,-0.08890508968164068,-0.013171124397280177,0.005103810703946041,-0.0646049216811904,-0.00957109950832452,0.0037088010594757545,0.14707835538840233
17.7,-35.98210104677071,-24.96031126618825,1.8771206156479485,1.1502263402133337,0.1704039022538272,-0.06603151212335807,-0.09212539027727706,-0.013648205967004095,0.005288679812214057,-0.06420459742913394,-0.009511792211723562,0.003685819482042882,0.1470783553884025
17.75,-35.924706221953855,-24.95180832917835,1.8738257275566106,1.1455399864507951,0.1697096276223402,-0.06576248070365684,-0.09532529895303976,-0.01412226651156151,0.005472378273230084,-0.06378924488622778,-0.009450258501663394,0.0036619751693945622,0.14707835538840267
17.8,-35.86754970597953,-24.943340697182148,1.870544520158084,1.1406941627069371,0.16899172780843508,-0.06548429452576865,-0.09850406429438574,-0.014593194710279478,0.0056548629502332776,-0.06335886405247193,-0.00938649837814401,0.003637268121530802,0.14707835538840244
17.85,-35.81063944560452,-24.934909547496968,1.8672774496550748,1.1356899449338393,0.16825036221242057,-0.06519701535731298,-0.10166093488677252,-0.01506087924248492,0.005836090706462897,-0.06291345492786649,-0.009320511841165433,0.0036116983384516,0.14707835538840244
17.900000000000002,-35.75398333284879,-24.926516049310933,1.864024969107986,1.1305284466543177,0.16748569580063968,-0.06490070712274791,-0.10479515931565853,-0.015525208787505006,0.006016018405158168,-0.06245301751241132,-0.009252298890727635,0.0035852658201569526,0.14707835538840253
17.95,-35.69758920311684,-24.91816136342472,1.8607875283270785,1.1252108189619079,0.16669789910546787,-0.06459543590336884,-0.1079059861664996,-0.01598607202466674,0.006194602909558333,-0.06197755180610655,-0.009181859526830616,0.003557970566646863,0.14707835538840253
18.0,-35.64146483331929,-24.90984664197323,1.8575655737646257,1.1197382505208782,0.16588714822531503,-0.06428126993730968,-0.11099266402475472,-0.0164433576332971,0.006371801082902612,-0.06148705780895214,-0.0091091937494744,0.003529812577921329,0.14707835538840228
18.05,-35.585617939994194,-24.901573028147286,1.8543595484070745,1.1141119675662186,0.16505362482462493,-0.06395827961954217,-0.11405444147588084,-0.0168969542927232,0.006547569788430213,-0.06098153552094798,-0.009034301558658982,0.0035007918539803583,0.14707835538840247
18.1,-35.53005617742866,-24.893341655915357,1.8511698916672013,1.1083332339036507,0.16419751613387412,-0.06362653750187633,-0.11709056710533572,-0.017346750682272066,0.006721865889380396,-0.060460984942094176,-0.008957182954384343,0.0034709083948239357,0.14707835538840244
18.150000000000002,-35.474787135780225,-24.885153649745217,1.847997039276272,1.102403350909621,0.16331901494957315,-0.06328611829295964,-0.12010028949857621,-0.017792635481270625,0.006894646248992358,-0.05992540607239081,-0.008877837936650503,0.0034401622004520704,0.14707835538840222
18.2,-35.419818339198315,-24.877010124325675,1.8448414231761998,1.096323657531306,0.16241831963426742,-0.06293709885827865,-0.12308285724106016,-0.018234497369046043,0.00706586773050532,-0.05937479891183769,-0.008796266505457461,0.003408553270864764,0.1470783553884024
18.25,-35.365157243945745,-24.86891218428826,1.8417034714117002,1.0900955302866047,0.16149563411653378,-0.06257955822015687,-0.12603751891824544,-0.018672225024925382,0.007235487197158587,-0.05880916346043491,-0.008712468660805203,0.0033760816060620126,0.14707835538840228
18.3,-35.31081123652015,-24.86086092392891,1.8385836080224536,1.083720383264143,0.16055116789098445,-0.062213577557756417,-0.12896352311558967,-0.01910570712823559,0.007403461512191262,-0.05822849971818256,-0.008626444402693723,0.0033427472060438175,0.14707835538840275
18.35,-35.2567876317755,-24.852857426929702,1.8354822529352606,1.0771996681232845,0.15958513601826435,-0.061839240207077484,-0.1318601184185495,-0.01953483235830375,0.007569747538842708,-0.057632807685080445,-0.008538193731123044,0.0033085500708101775,0.14707835538840247
18.400000000000002,-35.20309367104351,-24.844902766080516,1.8323998218562016,1.0705348740941065,0.15859775912505278,-0.061456631660957925,-0.13472655341258377,-0.019959489394457006,0.007734302140352068,-0.057022087361128605,-0.008447716646093156,0.003273490200361095,0.14707835538840247
18.45,-35.1497365202551,-24.836998003000755,1.8293367261627922,1.063727527977418,0.15758926340406185,-0.06106583956907395,-0.13756207668314857,-0.02037956691602215,0.007897082179958556,-0.056396338746327344,-0.008355013147604066,0.0032375675946965713,0.14707835538840242
18.5,-35.0967232680619,-24.829144187861022,1.8262933727961461,1.0567791941447569,0.1565598806140382,-0.06066695373793976,-0.14036593681570197,-0.02079495360232636,0.008058044520901447,-0.055755561840676204,-0.008260083235655767,0.0032007822538166093,0.14707835538840264
18.55,-35.044060923957716,-24.821342359104843,1.8232701641531281,1.0496914745383892,0.15550984807976131,-0.060260066130907564,-0.14313738239570162,-0.021205538132696655,0.008217146026419944,-0.05509975664417549,-0.008162926910248253,0.003163134177721197,0.14707835538840247
18.6,-34.99175641639995,-24.81359354317036,1.8202674979785156,1.0424660086713047,0.1544394086920451,-0.059845270868167544,-0.14587566200860524,-0.021611209186460173,0.008374343559753292,-0.05442892315682518,-0.008063544171381519,0.003124623366410343,0.14707835538840244
18.650000000000002,-34.93981659093107,-24.80589875421201,1.8172857672571543,1.0351044736272221,0.15334881090773647,-0.05942266422674801,-0.14858002423987057,-0.022011855442943887,0.008529593984140748,-0.05374306137862503,-0.007961935019055583,0.0030852498198840395,0.14707835538840236
18.7,-34.88824820830014,-24.79825899382224,1.8143253601061193,1.0276085840605889,0.15223830874971675,-0.058992344640515296,-0.1512497176749538,-0.022407365581474756,0.008682854162821435,-0.053042171309575364,-0.007858099453270453,0.0030450135381422986,0.1470783553884024
18.75,-34.83705794258418,-24.790675250753214,1.8113866596668695,1.0199800921965738,0.15110816180689962,-0.058554412700173614,-0.15388399089931348,-0.022797628281379878,0.00883408095903468,-0.05232625294967608,-0.0077520374740260994,0.0030039145211851123,0.1470783553884023
18.8,-34.786252379309715,-24.78314850063847,1.80847004399741,1.0122207878310796,0.1499586352342337,-0.058108971153265576,-0.1564820924984074,-0.02318253222198638,0.008983231236019712,-0.051595306298927,-0.007643749081322544,0.0029619527690124825,0.1470783553884022
18.85,-34.73583801357419,-24.775679705714694,1.8055758859644446,1.004332498330729,0.14878999975270046,-0.05765612490417152,-0.15904327105769234,-0.023561966082621177,0.009130261857015667,-0.050849331357328276,-0.007533234275159777,0.0029191282816244113,0.1470783553884024
18.900000000000002,-34.68582124816747,-24.768269814543327,1.80270455313554,0.9963170886328784,0.1476025316493153,-0.057195981014109845,-0.16156677516262605,-0.023935818542611384,0.009275129685261873,-0.05008832812487998,-0.007420493055537799,0.00287544105902089,0.1470783553884025
18.95,-34.63620839169327,-24.760919761732335,1.7998564076712804,0.9881764612456146,0.14639651277712812,-0.05672864870113721,-0.16405185339866604,-0.024303978281283986,0.009417791583997507,-0.04931229660158201,-0.007305525422456609,0.002830891101201936,0.14707835538840253
19.0,-34.58700565669063,-24.75363046765787,1.7970318062174249,0.9799125562477382,0.14517223055522033,-0.05625423934014795,-0.16649775435127,-0.024666333977966054,0.009558204416461824,-0.04852123678743436,-0.007188331375916214,0.0027854784081675285,0.14707835538840236
19.05,-34.53821915775538,-24.746402838185983,1.7942310997970683,0.9715273512887874,0.143929977968709,-0.055772866462874854,-0.16890372660589548,-0.02502277431198463,0.00969632504589403,-0.04771514868243698,-0.007068910915916604,0.0027392029799176813,0.14707835538840225
19.1,-34.48985490966163,-24.739237764394314,1.7914546337027974,0.9630228615890237,0.1426700535687443,-0.05528464575788844,-0.1712690187479997,-0.02537318796266677,0.009832110335533356,-0.04689403228658995,-0.006947264042457796,0.0026920648164523893,0.14707835538840253
19.150000000000002,-34.441918825483185,-24.732136122293806,1.7887027473888502,0.9544011399394391,0.14139276147250907,-0.05478969507059742,-0.17359287936304021,-0.02571746360933939,0.009965517148619004,-0.04605788759989335,-0.006823390755539771,0.002644063917771661,0.14707835538840205
19.200000000000003,-34.39441671471503,-24.725098772550375,1.785975774363271,0.9456642767017477,0.1400984113632216,-0.05428813440324846,-0.1758745570364749,-0.02605548993132976,0.01009650234839026,-0.045206714622347016,-0.006697291055162552,0.0025952002838754828,0.14707835538840222
19.25,-34.34735428139481,-24.71812656020664,1.7832740420800723,0.9368143998083935,0.13878731849013215,-0.05378008591492622,-0.1781133003537605,-0.026387155607964674,0.010225022798086278,-0.04434051335395106,-0.006568964941326104,0.002545473914763865,0.14707835538840228
19.3,-34.30073712222427,-24.711220314403594,1.7805978718313937,0.9278536747625497,0.1374598036685255,-0.0532656739215539,-0.1803083579003557,-0.026712349318571332,0.010351035360946365,-0.04345928379470548,-0.00643841241403046,0.0024948848104368003,0.1470783553884021
19.35,-34.25457072469074,-24.704380848102332,1.7779475786396535,0.9187843046381099,0.1361161932797199,-0.0527450248958915,-0.18245897826171698,-0.027030959742476685,0.010474496900209684,-0.0425630259446102,-0.006305633473275604,0.0024434329708942944,0.14707835538840242
19.400000000000002,-34.20886046518857,-24.697608957805713,1.7753234711497141,0.9096085300797055,0.13475681927106736,-0.052218267467538694,-0.18456441002330268,-0.027342875559007922,0.010595364279115536,-0.04165173980366512,-0.006170628119061517,0.0023911183961363384,0.14707835538840236
19.450000000000003,-34.16361160714062,-24.690905423280093,1.7727258515210356,0.900328629302687,0.13338201915595332,-0.05168553242293201,-0.1866239017705694,-0.02764798544749193,0.010713594360903082,-0.04072542537187059,-0.006033396351388243,0.0023379410861629427,0.14707835538840217
19.5,-34.11882929911972,-24.684271007276994,1.7701550153198355,0.8909469180931318,0.1319921360137969,-0.051146952705346416,-0.18863670208897543,-0.02794617808725572,0.01082914400881159,-0.03978408264922628,-0.005893938170255776,0.002283901040974104,0.14707835538840205
19.55,-34.074518572970106,-24.677706455254828,1.7676112514112468,0.8814657498078473,0.130587518490051,-0.05060266341489483,-0.1906020595639777,-0.028237342157626466,0.010941970086080222,-0.0388277116357324,-0.005752253575664092,0.0022289982605698255,0.147078355388402
19.6,-34.03068434192894,-24.67121249510058,1.7650948418514762,0.8718875153743646,0.129168520796202,-0.05005280180852839,-0.19251922278103417,-0.02852136633793112,0.011052029455948298,-0.03785631233138881,-0.005608342567613153,0.0021732327449500988,0.14707835538840233
19.650000000000002,-33.98733139874771,-24.66478983685151,1.762606061779961,0.8622146432909489,0.12773550270977013,-0.04949750730003597,-0.19438744032560235,-0.028798139307496817,0.011159278981654992,-0.036869884736195534,-0.00546220514610306,0.0021166044941149354,0.14707835538840242
19.700000000000003,-33.944464413813726,-24.65843917241685,1.7601451793115288,0.852449599626589,0.12628882957430915,-0.04893692146004478,-0.1962059607831393,-0.029067549745650467,0.011263675526439549,-0.03586842885015253,-0.005313841311133738,0.0020591135080643224,0.14707835538840214
19.75,-33.902087933271616,-24.6521611752995,1.7577124554285555,0.8425948880209955,0.12482887229940676,-0.04837118801602014,-0.19797403273910397,-0.029329486331719168,0.011365175953541154,-0.03485194467326008,-0.005163251062705203,0.0020007597867982667,0.14707835538840253
19.8,-33.860206377144685,-24.64595650031773,1.7553081438731208,0.8326530496846125,0.12335600736068297,-0.04780045285226481,-0.19969090477895124,-0.029583837745029956,0.011463737126199108,-0.03382043220551778,-0.005010434400817464,0.0019415433303167674,0.14707835538840208
19.85,-33.81882403745651,-24.63982578332689,1.7529324910391701,0.8226266633986103,0.12187061679979416,-0.04722486400992032,-0.20135582548814135,-0.02983049266491003,0.011559315907652593,-0.03277389144692583,-0.004855391325470512,0.0018814641386198233,0.14707835538840255
19.900000000000002,-33.777945076352324,-24.633769640941082,1.7505857358646701,0.8125183455148864,0.12037308822442755,-0.04664457168696571,-0.20296804345213043,-0.030069339770686106,0.011651869161140863,-0.0317123223974843,-0.00469812183666437,0.0018205222117074356,0.14707835538840242
19.950000000000003,-33.73757352422048,-24.627788670254887,1.7482681097237687,0.8023307499560627,0.11886381480830516,-0.046059728238218335,-0.20452680725637623,-0.030300267741685434,0.011741353749903097,-0.030635725057192992,-0.004538625934398973,0.0017587175495796018,0.147078355388402
20.0,-33.69771327781395,-24.621883448565033,1.7459798363189492,0.792066568215489,0.11734319529118331,-0.045470488175333446,-0.2060313654863355,-0.030523165257234974,0.011827726537178535,-0.029544099426052184,-0.0043769036186744326,0.0016960501522363391,0.1470783553884022
20.05,-33.65836809837176,-24.616054533092115,1.7437211315731944,0.7817285293572409,0.11581163397885019,-0.04487700816680451,-0.20748096672746685,-0.03073792099666184,0.011910944386206448,-0.028437445504061742,-0.004212954889490639,0.0016325200196776225,0.1470783553884021
20.1,-33.61954160974048,-24.610302460702293,1.741492203522139,0.7713194000161296,0.11426954074313012,-0.04427944703796294,-0.20887485956522722,-0.03094442363929306,0.011990964160226034,-0.027315763291221484,-0.0040467797468476535,0.0015681271519034645,0.14707835538840225
20.150000000000002,-33.58123729649565,-24.604627747628985,1.7392932522062319,0.7608419843976849,0.11271733102187881,-0.043677965770978246,-0.21021229258507473,-0.031142561864455583,0.012067742722476547,-0.026179052787531534,-0.003878378190745429,0.0015028715489138593,0.14707835538840194
20.200000000000003,-33.54345850206328,-24.599030889194555,1.7371244695628918,0.7502991242781644,0.11115542581898702,-0.04307272750485761,-0.2114925143724667,-0.0313322243514766,0.012141236936197177,-0.02502731399299203,-0.003707750221184019,0.001436753210708808,0.14707835538840214
20.25,-33.506208426841276,-24.59351235953204,1.7349860393186658,0.7396936990045537,0.10958425170437824,-0.04246389753544666,-0.2127147735128594,-0.031513299779683035,0.012211403664627155,-0.02386054690760292,-0.003534895838163396,0.0013697721372883213,0.1470783553884024
20.3,-33.46949012632096,-24.588072611306806,1.7328781368813884,0.7290286254945686,0.10800424081401006,-0.0418516433154289,-0.21387831859171258,-0.031685676828401954,0.012278199771005735,-0.022678751531364005,-0.0033598150416835615,0.0013019283286523874,0.14707835538840236
20.35,-33.43330650920849,-24.582712075438295,1.7308009292323394,0.7183068582366525,0.10641583084987394,-0.04123613445432622,-0.21498239819448184,-0.03184924417696039,0.012341582118572142,-0.021481927864275552,-0.0031825078317445354,0.0012332217848010085,0.1470783553884018
20.400000000000002,-33.39766033554632,-24.577431160821675,1.7287545748183994,0.7075313892899647,0.10481946507999446,-0.04061754271849797,-0.21602626090662594,-0.03200389050468556,0.012401507570565589,-0.020270075906337292,-0.0030029742083462975,0.0011636525057341822,0.14707835538840205
20.450000000000003,-33.36255421483468,-24.57223025404958,1.7267392234442136,0.6967052482844066,0.1032155923384303,-0.039996042031141966,-0.21700915531360135,-0.0321495044909041,0.012457932990225311,-0.019043195657549427,-0.002821214171488847,0.0010932204914519206,0.14707835538840208
20.5,-33.32799060415306,-24.567109719133786,1.724755016164342,0.6858315024206014,0.1016046670252736,-0.03937180847229377,-0.2179303300008668,-0.032285974814943386,0.012510815240790521,-0.017801287117912068,-0.0026372277211721695,0.0010219257419542202,0.14707835538840153
20.55,-33.29397180628161,-24.562069897226902,1.722802085175426,0.6749132564698943,0.09998714910665063,-0.0387450202788272,-0.2187890335538787,-0.03241319015613042,0.012560111185500489,-0.016544350287424847,-0.002451014857396294,0.0009497682572410689,0.14707835538840194
20.6,-33.26049996782268,-24.557111106344102,1.7208805537083394,0.6639536527743592,0.09836350411471939,-0.03811585784445398,-0.21958451455809502,-0.03253103919379213,0.012605777687594397,-0.015272385166088032,-0.0022625755801612135,0.0008767480373124692,0.14707835538840178
20.650000000000002,-33.22757707732225,-24.552233641084772,1.718990535920351,0.6529558712468027,0.09673420314767439,-0.03748450371972404,-0.2203160215989737,-0.032639410607255455,0.012647771610311458,-0.01398539175390163,-0.0020719098894669066,0.0008028650821684325,0.14707835538840236
20.700000000000003,-33.19520496339134,-24.547437772354275,1.717132136787281,0.6419231293707583,0.09509972286974139,-0.03685114261202491,-0.22098280326197098,-0.03273819307584769,0.01268604981689095,-0.012683370050865459,-0.0018790177853134152,0.0007281193918089499,0.14707835538840158
20.75,-33.16338529282761,-24.542723747085574,1.7153054519956592,0.6308586822004827,0.0934605455111821,-0.036215961385583306,-0.22158410813254514,-0.03282727527889584,0.012720569170572113,-0.011366320056979795,-0.0016838992677007253,0.0006525109662340253,0.1470783553884017
20.8,-33.132119568736655,-24.538091787960983,1.7135105678348825,0.6197658223609537,0.09181715886828945,-0.03557914906146209,-0.22211918479615544,-0.03290654589572689,0.012751286534594133,-0.010034241772244212,-0.0014865543366287953,0.0005760398054436532,0.14707835538840253
20.85,-33.101409128653614,-24.53354209313387,1.7117475610893749,0.6086478800478909,0.09017005630339092,-0.03494089681756407,-0.2225872818382566,-0.03297589360566772,0.012778158772196208,-0.008687135196659146,-0.0012869829920976739,0.0004987059094378431,0.14707835538840197
20.900000000000002,-33.071255142664526,-24.5290748359503,1.710016498930741,0.5975082230277278,0.0885197367448482,-0.03430139798862867,-0.22298764784430603,-0.03303520708804547,0.01280114274661763,-0.007325000330224381,-0.001085185234107326,0.0004205092782165888,0.1470783553884019
20.950000000000003,-33.04165861152788,-24.524690164670794,1.7083174388099345,0.5863502566376382,0.08686670468705676,-0.033660848066234796,-0.2233195313997638,-0.03308437502218747,0.0128201953210976,-0.005947837172939958,-0.0008811610626577797,0.0003414499117798855,0.14707835538840125
21.0,-33.01262036479601,-24.520388202192,1.7066504283494006,0.5751774237855036,0.08521147019044517,-0.03301944469879764,-0.22358218109008599,-0.03312328608742038,0.012835273358875382,-0.0045556457248058235,-0.0006749104777490217,0.0002615278101277506,0.14707835538840283
21.05,-32.984141058936586,-24.51616904576838,1.7050155052352487,0.5639932049499574,0.08355454888147462,-0.03237738769157161,-0.22377484550073135,-0.03315182896307134,0.012846333723190134,-0.003148425985822212,-0.00046643347938106483,0.000180742973260168,0.14707835538840155
21.1,-32.95622117545412,-24.512032766733945,1.7034126971094028,0.5528011181803363,0.08189646195264189,-0.03173487900664901,-0.22389677321715462,-0.033169892328467454,0.01285333327728111,-0.001726177955988617,-0.00025573006755387484,9.909540117713361e-05,0.14707835538840155
21.150000000000002,-32.92886101901133,-24.5079794102239,1.7018420214617618,0.5416047190967226,0.08023773616247681,-0.031092122762959837,-0.2239472128248159,-0.033177364862935876,0.012856228884387588,-0.0002889016353055424,-4.280024226751346e-05,1.6585093878658344e-05,0.1470783553884014
21.200000000000003,-32.902060715550704,-24.5040089948964,1.7003034855223553,0.5304076008899075,0.0785789038355415,-0.030449325236272504,-0.22392541290917078,-0.033174135245803316,0.012854977407748741,0.0011634029762272423,0.00017235599647808737,-6.678794863526233e-05,0.14707835538840186
21.25,-32.87582021041591,-24.500121512654204,1.6987970861535058,0.519213394321433,0.07692050286243424,-0.029806694859193406,-0.2238306220556785,-0.03316009215639698,0.012849535710603821,0.0026307358786095136,0.0003897386486828719,-0.0001510237263646179,0.14707835538840197
21.3,-32.85013926647327,-24.496316928366408,1.6973228097419837,0.5080257677235513,0.07526307669978483,-0.02916444222116682,-0.22366208884979555,-0.03313512427404397,0.012839860656192054,0.004113097071841598,0.0006093477143468834,-0.0002361222393094213,0.14707835538840142
21.35,-32.8250174622332,-24.492595179590104,1.695880632091165,0.49684842699923415,0.07360717437025643,-0.028522780068474474,-0.22341906187697935,-0.03309912027807127,0.012825909107752553,0.005610486555923222,0.0008311831934701003,-0.0003220834874696661,0.14707835538840155
21.400000000000002,-32.80045418997176,-24.48895617629211,1.6944705183131932,0.4856851156222067,0.07195335046254864,-0.027881923304237697,-0.22310078972268862,-0.033051968847806035,0.012807637928524795,0.007122904330854773,0.0010552450860525444,-0.00040890747084536234,0.1470783553884015
21.450000000000003,-32.776448653851986,-24.48539980057066,1.6930924227211328,0.47453961463690103,0.07030216513139237,-0.027242088988414657,-0.2227065209723804,-0.032993558662575084,0.012785003981747782,0.00865035039663592,0.001281533392094186,-0.0004965941894365004,0.14707835538840172
21.5,-32.752999868045485,-24.48192590637711,1.69174628872113,0.4634157426584764,0.06865418409755208,-0.02660349633780157,-0.22223550421151117,-0.03292377840170557,0.012757964130660854,0.010192824753266438,0.001510048111594997,-0.0005851436432430662,0.14707835538840255
21.55,-32.7301066548538,-24.478534319237596,1.6904320487045708,0.45231735587283595,0.06700997864782732,-0.025966366726033197,-0.2216869880255392,-0.03284251674452465,0.012726475238503232,0.011750327400746885,0.001740789244555091,-0.0006745558322650905,0.147078355388402
21.6,-32.707767642829936,-24.4752248359748,1.6891496239402368,0.44124834803658786,0.06537012563504985,-0.025330923683581974,-0.22106022099992284,-0.0327496623703592,0.012690494168514116,0.01332285833907687,0.0019737567909743486,-0.0007648307565025561,0.14707835538840205
21.650000000000002,-32.68598126489974,-24.471997224429586,1.6878989244664662,0.43021265047708074,0.06373520747808564,-0.02469739289775833,-0.22035445172011855,-0.0326451039585362,0.012649977783932701,0.014910417568256564,0.00220895075085282,-0.0008559684159554664,0.1470783553884016
21.700000000000003,-32.66474575648351,-24.46885122318274,1.6866798489833124,0.41921423209238423,0.06210581216183425,-0.024066002212711025,-0.21956892877158293,-0.03252873018838281,0.012604882947998329,0.016513005088285963,0.0024463711241904888,-0.0009479688106238148,0.14707835538840144
21.75,-32.644059153617306,-24.465786541276636,1.6854922847446971,0.4082570993513084,0.060482533237230296,-0.02343698162942698,-0.2187029007397756,-0.03240042973922619,0.012555166523950057,0.01813062089916484,0.0026860179109873816,-0.0010408319405076083,0.1470783553884011
21.8,-32.62391929107453,-24.46280285793697,1.6843361074505752,0.3973452962933699,0.058865969821239705,-0.022810563305730613,-0.2177556162101526,-0.032260091290393145,0.012500785375027301,0.019763265000893537,0.0029278911112434886,-0.0011345578056068464,0.1470783553884018
21.85,-32.604323800487286,-24.459899822294407,1.6832111811390844,0.38648290452883316,0.05725672659686332,-0.022186981556284735,-0.21672632376817225,-0.03210760352121078,0.012441696364469124,0.021410937393471885,0.003171990724958801,-0.001229146405921533,0.14707835538840033
21.900000000000002,-32.58527010846794,-24.457077053106357,1.6821173580787159,0.375674043238671,0.055655413813135934,-0.02156647285259037,-0.215614271999291,-0.031942855111006245,0.012377856355514914,0.02307363807689983,0.003418316752133327,-0.0013245977414516573,0.14707835538840117
21.950000000000003,-32.566755434730524,-24.454334138478593,1.6810544786604553,0.36492286917459144,0.05406264728512439,-0.02094927582298587,-0.21441870948896685,-0.03176573473910637,0.012309222211403677,0.02475136705117759,0.0036668691927670507,-0.0014209118121972265,0.14707835538840178
22.0,-32.548776790212216,-24.451670635586993,1.6800223712899605,0.3542335766590412,0.05247904839393147,-0.02033563125264848,-0.21313888482265897,-0.03157613108483853,0.012235750795374922,0.02644412431630483,0.003917648046859956,-0.0015180886181582337,0.14707835538840094
22.05,-32.531330975194805,-24.449086070399225,1.6790208522797014,0.3436103975851683,0.0509052440866915,-0.01972578208359299,-0.21177404658582333,-0.03137393282752954,0.012157398970667671,0.028151909872281777,0.004170653314412104,-0.0016161281593346927,0.14707835538840222
22.1,-32.514414577426145,-24.446579937396464,1.6780497257411302,0.333057601416872,0.04934186687657305,-0.01911997341467231,-0.2103234433639165,-0.031159028646506326,0.012074123600521153,0.029874723719108376,0.004425884995423457,-0.001715030435726586,0.14707835538840078
22.150000000000002,-32.49802397024166,-24.444151699295062,1.677108783476836,0.3225794951887689,0.04778955484278041,-0.018518452501577666,-0.20878632374239764,-0.030931307221096098,0.0119858815481747,0.0316125658567848,0.004683343089894025,-0.0018147954473339313,0.147078355388402
22.200000000000003,-32.48215531068573,-24.441800786768255,1.6761978048726986,0.31218042350620717,0.04624895163054882,-0.017921468756837734,-0.20716193630672425,-0.030690657230626018,0.011892629676867546,0.0333654362853107,0.0049430275978238165,-0.0019154231941567285,0.14707835538840125
22.25,-32.46680453763321,-24.439526598167884,1.6753165567900539,0.3018647685452436,0.04472070645114701,-0.01732927374981963,-0.20544952964235286,-0.030436967354422806,0.011794324849838778,0.035133335004686295,0.00520493851921279,-0.0020169136761949494,0.1470783553884019
22.3,-32.45196736991092,-24.437328499246064,1.674464793457849,0.2916369500526894,0.04320547408187947,-0.016742121206728577,-0.20364835233474077,-0.030170126271813646,0.011690923930327751,0.036916262014911605,0.005469075854060965,-0.0021192668934486222,0.147078355388401
22.35,-32.43763930441905,-24.435205822876895,1.6736422563647975,0.28150142534606815,0.04170391486608338,-0.016160267010607687,-0.20175765296934767,-0.02989002266212576,0.011582383781573724,0.038714217315986565,0.005735439602368372,-0.0022224828459177434,0.14707835538839975
22.400000000000002,-32.423815614252604,-24.433157868778164,1.6728486741515387,0.27146268931362416,0.040216694713129,-0.015583969201337734,-0.19977668013162822,-0.029596545204685788,0.011468661266815724,0.04052720090791113,0.006004029764134967,-0.002326561533602296,0.1470783553884007
22.450000000000003,-32.410491346823,-24.431183903233038,1.6720837625028022,0.26152527441435114,0.03874448509842194,-0.015013487975638597,-0.19770468240704178,-0.02928958257882124,0.011349713249293176,0.0423552127906855,0.006274846339360786,-0.002431502956502307,0.1470783553884008
22.5,-32.39766132197935,-24.429283158811753,1.6713472240395553,0.25169375067794775,0.0372879630633991,-0.014449085687067376,-0.19554090838104532,-0.028969023463858823,0.011225496592245254,0.04419825296430924,0.006547889328045814,-0.0025373071146177484,0.1470783553884003
22.55,-32.38532013013003,-24.42745483409334,1.6706387482111689,0.24197272570484962,0.03584781121553271,-0.013891026846019061,-0.1932846066390974,-0.028634756539125616,0.011095968158911174,0.0460563214287828,0.006823158730190043,-0.002643974007948635,0.1470783553884002
22.6,-32.37346213036416,-24.425698093387282,1.6699580111875714,0.23236684466621327,0.034424717728327,-0.01333957811972708,-0.19093502576665333,-0.02828667048394884,0.010961084812530164,0.04792941818410612,0.007100654545793492,-0.002751503636494977,0.14707835538839875
22.650000000000002,-32.36208144857301,-24.42401206645526,1.6693046757514123,0.22288079030393215,0.03301937634132241,-0.01279500833226275,-0.1884914143491722,-0.027924653977655353,0.010820803416341418,0.04981754323027894,0.007380376774856156,-0.0028598960002567506,0.14707835538839867
22.700000000000003,-32.35117197557148,-24.42239584823281,1.6686783911902143,0.2135192829306224,0.031632486360091146,-0.012257588464535599,-0.1859530209721111,-0.027548595699572284,0.010675080833584228,0.051720696567301674,0.007662325417378015,-0.0029691510992339754,0.14707835538839764
22.75,-32.34072736521961,-24.420848498551052,1.6680787931885335,0.20428708042962107,0.030264752656239846,-0.011727591654293268,-0.18331909422092751,-0.02715838432902662,0.01052387392749779,0.05363887819517377,0.007946500473359056,-0.0030792689334266377,0.147078355388401
22.8,-32.33074103254395,-24.419369041858364,1.6675055037201165,0.19518897825500758,0.028916885667407355,-0.011205293196120625,-0.1805888826810791,-0.026753908545345373,0.010367139561321292,0.05557208811389558,0.00823290194279934,-0.0031902495028347452,0.14707835538839661
22.85,-32.32120615185914,-24.417956466942094,1.6669581309400612,0.18622980943156797,0.02758960139726918,-0.010690970541441747,-0.17776163493802422,-0.026335057027855602,0.010204834598294021,0.05752032632346715,0.008521529825698856,-0.003302092807458301,0.14707835538840172
22.900000000000002,-32.31211565488925,-24.416609726650258,1.666436269076975,0.17741444455483416,0.0262836214155306,-0.010184903298518271,-0.1748365995772193,-0.025901718455884553,0.010036915901655223,0.059483592823888556,0.008812384122057548,-0.0034147988472972954,0.14707835538840036
22.950000000000003,-32.303462228889295,-24.41532773761323,1.6659394983251268,0.16874779179105173,0.024999672857933097,-0.009687373232449264,-0.17181302518412067,-0.02545378150875886,0.009863340334644026,0.06146188761515932,0.009105464831875448,-0.003528367622351734,0.14707835538839964
23.0,-32.295238314766834,-24.414109379965456,1.6654673847366142,0.16023479687720155,0.02373848842625126,-0.009198664265172685,-0.16869016034418882,-0.024991134865805842,0.009684064760499766,0.06345521069727977,0.009400771955152556,-0.0036427991326216103,0.14707835538839747
23.05,-32.28743610520315,-24.412953497067136,1.6650194801135147,0.15188044312098903,0.022500806388294325,-0.008719062475464057,-0.16546725364287873,-0.02451366720635262,0.0094990460424616,0.06546356207025006,0.009698305491888895,-0.0037580933781069387,0.14707835538840028
23.1,-32.280047542774994,-24.411858895225926,1.664595321900046,0.14368975140084572,0.02128737057790242,-0.00824885609893744,-0.16214355366564925,-0.024021267209726083,0.009308241043768817,0.06748694173406977,0.009998065442084425,-0.0038742503588077085,0.14707835538839809
23.150000000000002,-32.27306431807586,-24.410824343418646,1.6641944330747265,0.13566778016593134,0.020098930394951878,-0.007788335528044239,-0.15871830899795722,-0.023513823555253315,0.009111606627660578,0.06952534968873943,0.010300051805739157,-0.003991270074723924,0.14707835538839592
23.200000000000003,-32.266477867837516,-24.409848573012965,1.6638163220425248,0.12781962543613162,0.01893624080535168,-0.007337793312074277,-0.1551907682252612,-0.022991224922261112,0.008909099657376122,0.07157878593425855,0.010604264582853126,-0.0041091525258555766,0.1470783553883937
23.25,-32.260279373051524,-24.408930277489112,1.6634604825270318,0.12015042080206406,0.017800062341045475,-0.00689752415715561,-0.15156017993301774,-0.022453359990076915,0.008700676996154788,0.07364725047062726,0.010910703773426261,-0.004227897712202673,0.14707835538839392
23.3,-32.25445975709058,-24.408068112161565,1.663126393462607,0.11266533742506368,0.016691161100008678,-0.006467824926253751,-0.14782579270668483,-0.021900117438027555,0.008486295507235647,0.0757307432978459,0.01121936937745864,-0.004347505633765222,0.14707835538839592
23.35,-32.24900968383008,-24.407260693900753,1.6628135188865416,0.10536958403720575,0.015610308746252244,-0.0060489946391730776,-0.14398685513171872,-0.02133138594544004,0.00826591205385796,0.07782926441591398,0.011530261394950211,-0.004467976290543206,0.14707835538839822
23.400000000000002,-32.24391955576954,-24.406506600854744,1.6625213078312133,0.09826840694127956,0.014558282509819128,-0.00564133447255509,-0.14004261579357977,-0.02074705419164167,0.008039483499261082,0.07994281382483188,0.011843379825901026,-0.0045893096825366355,0.14707835538840183
23.450000000000003,-32.23917951215407,-24.40580437217097,1.6622491942162516,0.09136709001081099,0.013535865186786254,-0.0052451477598800395,-0.13599232327772257,-0.020147010855959026,0.00780696670668409,0.08207139152459937,0.012158724670311023,-0.004711505809745509,0.1470783553883965
23.5,-32.23477942709583,-24.4051525077179,1.661996596740686,0.08467095469004349,0.012543845139265208,-0.004860739991465524,-0.13183522616960497,-0.019531144617719542,0.007568318539366264,0.08421499751521633,0.012476295928180184,-0.004834564672169819,0.1470783553883968
23.55,-32.23070890769552,-24.404549467806742,1.6617629187751128,0.07818535999395948,0.011583016295401372,-0.004488418814468154,-0.1275705730546859,-0.018899344156249942,0.007323495860546814,0.08637363179668311,0.012796093599508618,-0.0049584862698095825,0.14707835538840208
23.6,-32.22695729216379,-24.403993672913156,1.6615475482538473,0.07191570250826551,0.010654178149372306,-0.0041284940328818465,-0.12319761251842243,-0.018251498150877565,0.007072455533465027,0.08854729436899966,0.013118117684296257,-0.005083270602664787,0.14707835538839759
23.650000000000002,-32.223513647942795,-24.40348350339893,1.6613498575670853,0.06586741638938755,0.009758135761390254,-0.003781277607538757,-0.11871559314627228,-0.017587495280929375,0.006815154421360066,0.09073598523216572,0.013442368182543072,-0.005208917670735444,0.14707835538839517
23.700000000000003,-32.22036676982749,-24.403017299233703,1.6611692034530599,0.06004597336447561,0.00889569975769963,-0.0034470836561090066,-0.11412376352369141,-0.016907224225732296,0.00655154938747123,0.09293970438618157,0.013768845094249122,-0.0053354274740215315,0.147078355388395
23.75,-32.21750517808735,-24.402593359716644,1.6610049268901994,0.05445688273143112,0.008067686330581747,-0.0031262284531007323,-0.10942137223613946,-0.016210573664613426,0.006281597295037661,0.09515845183104699,0.014097548419414366,-0.005462800012523063,0.14707835538839098
23.8,-32.21491711658756,-24.402209943198155,1.6608563529892861,0.04910569135886256,0.0072749172383486105,-0.002819030429860314,-0.10460766786907305,-0.015497432276899814,0.0060052550072986766,0.09739222756676202,0.014428478158038827,-0.00559103528624004,0.14707835538837463
23.85,-32.21259055091067,-24.401865266801575,1.6607227908856115,0.04399798368609176,0.00651821980534617,-0.002525810174571763,-0.09968189900794933,-0.014767688741918583,0.005722479387493429,0.09964103159332682,0.014761634310122493,-0.005720133295172465,0.14707835538838568
23.900000000000002,-32.21051316647799,-24.401557506144883,1.6606035336311438,0.03913938172320269,0.005798426921955955,-0.002246890432258221,-0.09464331423822507,-0.014021231738996581,0.00543322729886116,0.10190486391074124,0.01509701687566539,-0.005850094039320322,0.1470783553884025
23.950000000000003,-32.208672366671045,-24.401284795062374,1.660497858086671,0.03453554505098906,0.005116377044590758,-0.0019825961047792353,-0.08949116214536161,-0.013257949947461073,0.0051374556046411175,0.10418372451900534,0.015434625854667481,-0.005980917518683637,0.14707835538839645
24.0,-32.207055270953056,-24.40104522532638,1.6604050248139717,0.030192170820964037,0.004472914195697619,-0.0017332542508331494,-0.08422469131481147,-0.012477732046638934,0.004835121168072554,0.10647761341811901,0.015774461247128738,-0.0061126037332623825,0.147078355388378
24.05,-32.20564871299041,-24.400836846368946,1.6603242779679674,0.02611499375537818,0.003868887963758727,-0.0014991940859568897,-0.07884315033203393,-0.011680466715857096,0.004526180852394618,0.10878653060808252,0.01611652305304924,-0.00624515268305658,0.14707835538836492
24.1,-32.204439238774114,-24.40065766500357,1.6602548451888834,0.022309786147204136,0.0033051535032897483,-0.001280746982525116,-0.07334578778248879,-0.010866042634442907,0.004210591520846602,0.11111047608889546,0.01646081127242896,-0.00637856436806622,0.14707835538841332
24.150000000000002,-32.2034131047412,-24.40050564514684,1.6601959374944015,0.018782357860146703,0.002782571534836187,-0.001078246469749078,-0.06773185225163036,-0.010034348481723243,0.0038883100366677303,0.11344944986055816,0.0168073259052679,-0.0065128387882913,0.14707835538838365
24.200000000000003,-32.20255627589634,-24.400378707540202,1.6601467491718283,0.015538556328642773,0.002302008344983144,-0.0008920282336811626,-0.06200059232491964,-0.009185272937025363,0.003559293263097289,0.11580345192307079,0.017156066951566056,-0.006647975943731832,0.14707835538834138
24.25,-32.20185442393321,-24.400274729471587,1.6601064576702407,0.012584266557833956,0.0018643357863448173,-0.0007224301172088499,-0.056151256587810394,-0.00831870467967566,0.003223498063374325,0.11817248227643262,0.01750703441132337,-0.006783975834387793,0.14707835538832834
24.3,-32.20129292535585,-24.40019154449716,1.6600742234926509,0.00992541112360712,0.0014704312775712935,-0.0005697921200593647,-0.05018309362576101,-0.0074345323890018244,0.002880881300738214,0.12055654092064427,0.01786022828453991,-0.006920838460259197,0.14707835538838954
24.35,-32.20085685960032,-24.400126942163013,1.6600491900881655,0.007567950172575166,0.0011211778033444197,-0.00043445639879613474,-0.04409535202423154,-0.006532644744330907,0.0025313998384280945,0.1229556278557058,0.018215648571215673,-0.007058563821346064,0.14707835538839611
24.400000000000002,-32.20053100715615,-24.400078667726838,1.660030483744149,0.005517881422090198,0.0008174639143834206,-0.0003167672668240584,-0.03788728036867717,-0.0056129304249894485,0.0021750105396833863,0.12536974308161686,0.018573295271350654,-0.007197151917648366,0.14707835538834707
24.450000000000003,-32.20029984768752,-24.400044421879635,1.660017213478357,0.003781240160186782,0.0005601837274347005,-0.00021707119438118516,-0.03155812724455441,-0.004675278110304703,0.0018116702677430112,0.12779888659837751,0.018933168384944823,-0.007336602749166111,0.1470783553883046
24.5,-32.20014755815518,-24.400021860467433,1.6600084709311305,0.0023640992456819276,0.0003502369252852411,-0.0001357168085487359,-0.02510714123732516,-0.003719576479603859,0.0014413358858464398,0.13024305840598782,0.01929526791199819,-0.007476916315899293,0.14707835538800085
24.55,-32.200058010937525,-24.400008594212967,1.6600033302575241,0.0012725691080817114,0.00018852875675223757,-7.30548932419417e-05,-0.018533570932442345,-0.0027457142122139233,0.0010639642572328745,0.13270225850444783,0.019659593852510787,-0.0076180926178479255,0.14707835538793454
24.6,-32.20001477195229,-24.400002188437377,1.6600008480194837,0.0005127977476391266,7.597003668724511e-05,-2.9438389216318583e-05,-0.011836664915366057,-0.0017535799874618396,0.0006795122451414559,0.1351764868937575,0.020026146206482603,-0.0077601316550119995,0.14707835538833972
24.650000000000002,-32.200001098777875,-24.4000001627819,1.6600000630779892,9.097073533226308e-05,1.3477145974327698e-05,-5.2223940654183565e-06,-0.005015671771553265,-0.0007430624846749279,0.00028793671281146516,0.13766574357391692,0.02039492497391361,-0.007903033427391522,0.14707835537955652
24.700000000000003,-32.199995271191696,-24.399995397164904,1.6599999745858944,0.0003486614930336212,0.000285073942284951,-5.297619553486892e-06,0.010236141259240258,0.01079608169007316,-2.5116671416782355e-06,0.30010086967664185,0.22662677121160685,-0.005741596613842012,0.4868496453305361
24.75,-32.19997394146206,-24.399976547315845,1.6599997394146206,0.0009712767880456357,0.0008741491092410718,-9.712767880456358e-06,0.02693553884228974,0.024241984958060757,-0.0002693553884228974,0.4133982143834585,0.37205839294511245,-0.004133982143834585,0.7328151017865064
24.8,-32.19988317672571,-24.399894859053138,1.6599988317672574,0.0028283263627586763,0.0025454937264828077,-2.8283263627586768e-05,0.04721734316886343,0.04249560885197707,-0.0004721734316886344,0.39790609709944125,0.358115487389497,-0.003979060970994414,0.7328151017865064
24.85,-32.19967452900334,-24.399707076103002,1.6599967452900335,0.005680181353245432,0.0051121632179208865,-5.6801813532454334e-05,0.06672936239423204,0.06005642615480881,-0.0006672936239423203,0.382606810335231,0.34434612930170777,-0.0038260681033523113,0.7328151017865064
24.900000000000002,-32.19929921623823,-24.3993692946144,1.6599929921623824,0.009488593542595092,0.008539734188335578,-9.488593542595093e-05,0.08548123804438433,0.07693311423994588,-0.0008548123804438435,0.3675003540908291,0.33075031868174604,-0.0036750035409082917,0.7328151017865063
24.950000000000003,-32.1987103567326,-24.39883932105933,1.6599871035673261,0.014215796790196784,0.0127942171111771,-0.00014215796790196787,0.10348261164531174,0.09313435048078052,-0.0010348261164531175,0.3525867283662346,0.3173280555296111,-0.0035258672836623473,0.7328151017865064
25.0,-32.19786294504379,-24.398076650539412,1.6599786294504382,0.019824507031738582,0.01784205632856472,-0.0001982450703173859,0.12074312472300343,0.10866881225070303,-0.0012074312472300343,0.33786593316144875,0.3040793398453038,-0.0033786593316144885,0.7328151017865064
25.05,-32.19671382788048,-24.397042445092428,1.659967138278805,0.026277922279209484,0.023650130051288524,-0.00026277922279209487,0.13727241880345248,0.12354517692310718,-0.001372724188034525,0.323337968476469,0.29100417162882203,-0.003233379684764691,0.7328151017865063
25.1,-32.19522167999879,-24.395699511998906,1.659952216799988,0.03353972262089679,0.030185750358807103,-0.0003353972262089679,0.15308013541264823,0.13777212187138335,-0.0015308013541264825,0.30900283431129627,0.27810255088016655,-0.0030900283431129637,0.7328151017865063
25.150000000000002,-32.19334698009856,-24.394012282088703,1.6599334698009856,0.04157407022138694,0.03741666319924823,-0.00041574070221386946,0.1681759160765797,0.15135832446892167,-0.0016817591607657977,0.2948605306659319,0.2653744775993386,-0.0029486053066593194,0.7328151017865064
25.200000000000003,-32.19105198671948,-24.391946788047527,1.6599105198671948,0.05034560932156688,0.04531104838941018,-0.0005034560932156689,0.1825694023212382,0.1643124620891143,-0.0018256940232123824,0.2809110575403749,0.25281995178633726,-0.00280911057540375,0.7328151017865064
25.25,-32.18830071413728,-24.389470642723545,1.659883007141373,0.05981946623862201,0.05383751961475979,-0.0005981946623862202,0.1962702356726131,0.1766432121053517,-0.001962702356726131,0.2671544149346263,0.24043897344116363,-0.0026715441493462646,0.7328151017865064
25.3,-32.18505890825993,-24.386553017433933,1.6598505890825992,0.06996124936603955,0.06296512442943555,-0.0006996124936603955,0.20928805765669692,0.18835925189102712,-0.002092880576566969,0.25359060284868407,0.22823154256381561,-0.002535906028486842,0.7328151017865063
25.35,-32.18129402252382,-24.383164620271437,1.6598129402252382,0.08073704917360411,0.07266334425624366,-0.0008073704917360413,0.22163250979947915,0.19946925881953115,-0.0022163250979947923,0.24021962128254892,0.21619765915429398,-0.0024021962128254904,0.7328151017865063
25.400000000000002,-32.17697519378995,-24.379277674410954,1.6597697519378998,0.09211343820739948,0.08290209438665948,-0.0009211343820739949,0.23331323362694922,0.2099819102642542,-0.0023331323362694926,0.22704147023622193,0.20433732321259968,-0.00227041470236222,0.7328151017865063
25.450000000000003,-32.172073218240094,-24.37486589641608,1.6597207321824012,0.10405747108981034,0.09365172398082926,-0.0010405747108981035,0.2443398706650981,0.21990588359858823,-0.002443398706650982,0.21405614970970246,0.19265053473873212,-0.0021405614970970255,0.7328151017865063
25.5,-32.166560527273006,-24.369904474545702,1.6596656052727303,0.11653668451951953,0.10488301606756754,-0.0011653668451951954,0.2547220624399155,0.22924985619592395,-0.002547220624399156,0.20126365970299132,0.18113729373269213,-0.002012636597029914,0.7328151017865064
25.55,-32.16041116340059,-24.36437004706053,1.659604111634006,0.12951909727151228,0.11656718754436103,-0.0012951909727151234,0.26446945047739345,0.23802250542965406,-0.0026446945047739353,0.18866400021608654,0.16979760019447784,-0.001886640002160866,0.7328151017865064
25.6,-32.15360075614411,-24.358240680529693,1.6595360075614412,0.14297321019707068,0.12867588917736356,-0.001429732101970707,0.27359167630352166,0.2462325086731694,-0.002735916763035217,0.17625717124898888,0.15863145412408994,-0.0017625717124898899,0.7328151017865064
25.650000000000002,-32.146106497930354,-24.35149584813731,1.6594610649793036,0.15686800622377578,0.14118120560139816,-0.0015686800622377584,0.2820983814442896,0.2538885432998606,-0.0028209838144428977,0.16404317280169936,0.14763885552152936,-0.0016404317280169945,0.7328151017865063
25.700000000000003,-32.13790711998781,-24.34411640798902,1.6593790711998782,0.1711729503555101,0.15405565531995905,-0.0017117295035551016,0.28999920742568835,0.26099928668311945,-0.0028999920742568846,0.15202200487421733,0.13681980438679558,-0.0015202200487421742,0.7328151017865063
25.75,-32.12898286824287,-24.33608458141858,1.6592898286824287,0.18585798967245393,0.16727219070520846,-0.0018585798967245394,0.2973037957737077,0.26757341619633684,-0.002973037957737078,0.1401936674665436,0.12617430071988922,-0.001401936674665437,0.7328151017865064
25.8,-32.11931547921602,-24.327383931294413,1.6591931547921601,0.20089355333109035,0.18080419799798128,-0.002008935533310904,0.30402178801433916,0.2736196092129051,-0.003040217880143392,0.12855816057867628,0.11570234452080864,-0.0012855816057867637,0.7328151017865064
25.85,-32.10888815591801,-24.3179993403262,1.6590888815591802,0.21625055256419895,0.19462549730777903,-0.0021625055256419903,0.31016282567357256,0.27914654310621523,-0.0031016282567357264,0.11711548421061614,0.1054039357895545,-0.0011711548421061624,0.7328151017865066
25.900000000000002,-32.097685543746024,-24.307916989371417,1.6589768554374604,0.23190038068085828,0.2087103426127724,-0.0023190038068085835,0.3157365502773979,0.284162895249658,-0.0031573655027739797,0.10586563836236405,0.09527907452612766,-0.001058656383623642,0.7328151017865064
25.950000000000003,-32.08569370637992,-24.297124335741927,1.658856937063799,0.2478149130664484,0.22303342175980354,-0.002478149130664485,0.3207526033518058,0.28867734301662507,-0.0032075260335180586,0.09480862303391953,0.08532776073052759,-0.0009480862303391966,0.7328151017865066
26.0,-32.07290010167836,-24.285610091510517,1.6587290010167837,0.2639665071826472,0.23756985646438245,-0.0026396650718264734,0.3252206264227863,0.2926985637805076,-0.003252206264227864,0.08394443822528322,0.07554999440275492,-0.0008394443822528334,0.7328151017865064
26.05,-32.059293557575,-24.273364201817497,1.65859293557575,0.2803280025674357,0.252295202310692,-0.0028032800256743576,0.3291502610163306,0.29623523491469744,-0.003291502610163307,0.07327308393645339,0.0659457755428081,-0.0007327308393645355,0.7328151017865064
26.1,-32.044864247974715,-24.260377823177244,1.658448642479747,0.2968727208350907,0.26718544875158157,-0.002968727208350908,0.33255114865842866,0.2992960337925857,-0.003325511486584288,0.06279456016743076,0.05651510415068773,-0.000627945601674309,0.7328151017865064
26.150000000000002,-32.02960366864975,-24.246643301784776,1.6582960366864976,0.31357446567618846,0.2822170191085695,-0.003135744656761885,0.3354329308750706,0.30188963778756345,-0.0033543293087507074,0.0525088669182162,0.047257980226394596,-0.0005250886691821626,0.7328151017865064
26.200000000000003,-32.013504613135915,-24.23215415182232,1.6581350461313593,0.3304075228576067,0.2973667705718459,-0.003304075228576067,0.33780524919224697,0.30402472427302224,-0.003378052491922472,0.04241600418880912,0.03817440376992822,-0.00042416004188809204,0.7328151017865064
26.25,-31.996561148628757,-24.21690503376588,1.6579656114862877,0.34734666022252064,0.31261199420026853,-0.0034734666022252078,0.3396777451359482,0.3057099706223533,-0.0033967774513594838,0.03251597197921017,0.029264374781289196,-0.0003251597197921031,0.7328151017865066
26.3,-31.978768591879767,-24.200891732691787,1.6577876859187977,0.3643671276904092,0.32793041492136826,-0.0036436712769040936,0.3410600602321647,0.3069540542089482,-0.0034106006023216485,0.022808770289417843,0.020527893260476097,-0.00022808770289418,0.7328151017865066
26.35,-31.960123485092552,-24.184111136583294,1.657601234850926,0.3814446572570468,0.3433001915313421,-0.00381444657257047,0.34196183600688684,0.3077656524061981,-0.00341961836006887,0.013294399119432764,0.011964959207489486,-0.00013294399119432855,0.7328151017865066
26.400000000000002,-31.940623571819035,-24.166561214637127,1.6574062357181905,0.39855546299450706,0.3586999166950563,-0.003985554629945072,0.3423927139861049,0.30815344258749433,-0.00342392713986105,0.0039728584692556145,0.0035755726223300846,-3.972858469255682e-05,0.7328151017865066
26.450000000000003,-31.920267772855606,-24.148240995570042,1.6572026777285562,0.41567624105116535,0.3741086169460487,-0.0041567624105116555,0.3423623356958092,0.3081261021262282,-0.003423623356958094,-0.005155851661114005,-0.0046402664950025456,5.155851661113893e-05,0.7328151017865064
26.5,-31.899056162139342,-24.129150545925405,1.6569905616213936,0.4327841696516947,0.3895057526865251,-0.004327841696516948,0.3418803426619903,0.30769230839579126,-0.003418803426619905,-0.014091731271675569,-0.012682558144507935,0.00014091731271675403,0.7328151017865064
26.55,-31.876989942644173,-24.109290948379755,1.656769899426442,0.4498569090970713,0.40487121818736405,-0.004498569090970715,0.3409563764106384,0.3068607387695746,-0.0034095637641063862,-0.02283478036243042,-0.020551302326187276,0.00022834780362430236,0.7328151017865064
26.6,-31.85407142227708,-24.08866428004937,1.656540714222771,0.4668726017645674,0.42018534158811044,-0.0046687260176456755,0.33960007846774404,0.3056400706209695,-0.003396000784677442,-0.031384998933377976,-0.028246499040040146,0.00031384998933377847,0.7328151017865063
26.650000000000002,-31.830303989774276,-24.067273590796844,1.656303039897743,0.48380987210775406,0.4354288848969785,-0.004838098721077542,0.3378210903592974,0.3040389813233676,-0.003378210903592976,-0.03974238698451765,-0.03576814828606579,0.00039742386984517543,0.7328151017865063
26.700000000000003,-31.80569209059737,-24.045122881537626,1.656056920905974,0.5006478266565044,0.45058304399085386,-0.005006478266565047,0.335629053611289,0.30206614825016,-0.0033562905361128915,-0.047906944515849786,-0.043116250064264734,0.0004790694451584968,0.7328151017865064
26.75,-31.780241202829586,-24.02221708254662,1.655802412028296,0.517366054016989,0.46562944861529,-0.005173660540169893,0.3330336097497093,0.2997302487747384,-0.003330336097497095,-0.055878671527373906,-0.05029080437463645,0.0005587867152737382,0.7328151017865066
26.8,-31.75395781307192,-23.998562031764724,1.6555395781307194,0.5339446248716814,0.4805501623845131,-0.005339446248716816,0.33004440030054855,0.2970399602704937,-0.0033004440030054883,-0.06365756801909123,-0.05729181121718206,0.0006365756801909114,0.7328151017865064
26.85,-31.726849392339354,-23.974164453105413,1.6552684939233937,0.5503640919793517,0.4953276827814164,-0.005503640919793519,0.3266710667897969,0.2940039601108171,-0.0032667106678979704,-0.0712436339910013,-0.06411927059190113,0.0007124363399100125,0.7328151017865066
26.900000000000002,-31.69892437195701,-23.949031934761297,1.6549892437195701,0.5666054901750687,0.5099449411575616,-0.005666054901750688,0.3229232507434451,0.2906309256691005,-0.003229232507434452,-0.07863686944310358,-0.07077318249879312,0.0007863686944310344,0.7328151017865064
26.950000000000003,-31.670192119456345,-23.923172907510704,1.6547019211945635,0.5826503363702027,0.5243853027331823,-0.00582650336370203,0.31881059368748327,0.28692953431873497,-0.003188105936874834,-0.08583727437539826,-0.07725354693785835,0.0008583727437539813,0.7328151017865064
27.0,-31.640662914471356,-23.896596623024216,1.6544066291447137,0.5984806295524222,0.53863256659718,-0.005984806295524225,0.31434273714790234,0.2829084634331121,-0.003143427371479025,-0.09284484878788496,-0.08356036390909641,0.0009284484878788487,0.7328151017865066
27.05,-31.610347924634738,-23.86931313217126,1.6541034792463474,0.6140788507856983,0.5526709657071285,-0.006140788507856987,0.3095293226506918,0.27857639038562254,-0.003095293226506919,-0.0996595926805648,-0.08969363341250826,0.0009965959268056468,0.7328151017865066
27.1,-31.579259181474082,-23.84133326332667,1.653792591814741,0.6294279632102985,0.5664851668892684,-0.006294279632102989,0.30437999172184227,0.27394199254965795,-0.0030437999172184243,-0.10628150605343746,-0.0956533554480936,0.0010628150605343728,0.7328151017865064
27.150000000000002,-31.54740955630806,-23.812668600677252,1.6534740955630807,0.6445114120427893,0.5800602708385102,-0.006445114120427895,0.2989043858873446,0.26901394729861006,-0.0029890438588734483,-0.11271058890650215,-0.10143953001585182,0.00112710588906502,0.7328151017865064
27.200000000000003,-31.51481273614261,-23.783331462528345,1.6531481273614261,0.6593131245760386,0.5933818121184347,-0.006593131245760389,0.29311214667318897,0.2638009320058699,-0.0029311214667318915,-0.11894684123975936,-0.10705215711578334,0.001189468412397592,0.7328151017865066
27.25,-31.481483199567116,-23.7533348796104,1.6528148319956713,0.6738175101792128,0.6064357591612912,-0.00673817510179213,0.28701291560536585,0.2583116240448292,-0.0028701291560536612,-0.12499026305320868,-0.11249123674788772,0.0012499026305320849,0.7328151017865063
27.3,-31.44743619265059,-23.722692573385526,1.652474361926506,0.68800946029778,0.6192085142680017,-0.006880094602977803,0.28061633420986504,0.25255470078887854,-0.0028061633420986536,-0.13084085434685103,-0.11775676891216577,0.0013084085434685092,0.7328151017865063
27.35,-31.412687704837868,-23.69141893435408,1.6521268770483788,0.7018743484535053,0.6316869136081547,-0.007018743484535058,0.2739320440126771,0.24653883961140938,-0.0027393204401267727,-0.1364986151206861,-0.12284875360861733,0.0013649861512068603,0.7328151017865064
27.400000000000002,-31.3772544448458,-23.65952900036122,1.651772544448458,0.7153980302444533,0.6438582272200079,-0.007153980302444537,0.2669696865397929,0.2402727178858137,-0.0026696968653979313,-0.1419635453747134,-0.12776719083724186,0.001419635453747132,0.7328151017865066
27.450000000000003,-31.341153816559416,-23.627038434903472,1.6514115381655943,0.7285668433449894,0.6557101590104902,-0.0072856684334499,0.2597389033172026,0.23376501298548227,-0.0025973890331720284,-0.14723564510893317,-0.13251208059803965,0.0014723564510893297,0.7328151017865064
27.5,-31.30440389492812,-23.593963505435305,1.6510440389492815,0.7413676075057776,0.6672308467551994,-0.00741367607505778,0.25224933587089693,0.2270244022838072,-0.0025224933587089716,-0.15231491432334507,-0.1370834228910104,0.0015231491432334487,0.7328151017865063
27.55,-31.267023401861877,-23.560321061675683,1.650670234018619,0.7537876245537831,0.6784088620984046,-0.0075378762455378355,0.24451062572686524,0.22005956315417874,-0.0024451062572686537,-0.15720135301794994,-0.14148121771615477,0.0015720135301794983,0.7328151017865064
27.6,-31.229031682127385,-23.526128513914642,1.650290316821274,0.7658146783922691,0.6892332105530421,-0.007658146783922696,0.23653241441109807,0.2128791729699884,-0.002365324144110984,-0.1618949611927475,-0.14570546507347257,0.001618949611927474,0.7328151017865066
27.650000000000002,-31.190448679244298,-23.491403811319866,1.649904486792443,0.7774370350007976,0.6996933315007177,-0.007774370350007982,0.22832434344958671,0.2054919091046282,-0.0022832434344958715,-0.16639573884773723,-0.1497561649629634,0.0016639573884773711,0.7328151017865064
27.700000000000003,-31.151294911381363,-23.45616542024322,1.6495129491138136,0.788643442435232,0.7097790981917086,-0.007886434424352325,0.2198960543683211,0.197906448931489,-0.0021989605436832146,-0.17070368598291952,-0.15363331738462743,0.0017070368598291943,0.7328151017865064
27.75,-31.11159144725263,-23.420432302527363,1.6491159144725265,0.7994231308277332,0.7194808177449598,-0.007994231308277339,0.21125718869329216,0.1901314698239629,-0.002112571886932925,-0.1748188025982941,-0.15733692233846452,0.0017481880259829388,0.7328151017865066
27.8,-31.071359882013635,-23.38422389381227,1.6487135988201365,0.8097658123867644,0.7287892311480879,-0.008097658123867651,0.20241738795048883,0.18217564915544007,-0.002024173879504893,-0.17874108869386146,-0.16086697982447515,0.0017874108869386134,0.7328151017865066
27.85,-31.030622313157583,-23.34756008184182,1.648306223131576,0.8196616813970865,0.7376955132573777,-0.008196616813970868,0.19338629366590204,0.174047664299312,-0.0019338629366590242,-0.1824705442696215,-0.1642234898426592,0.001824705442696214,0.7328151017865066
27.900000000000002,-30.98940131641154,-23.310461184770382,1.6478940131641155,0.8291014142197586,0.7461912727977827,-0.00829101414219759,0.18417354736552302,0.16575619262897104,-0.0018417354736552341,-0.18600716932557387,-0.1674064523930163,0.0018600716932557363,0.7328151017865066
27.950000000000003,-30.947719921632597,-23.272947929469336,1.6474771992163262,0.838076169292142,0.7542685523629277,-0.008380761692921426,0.17478879057534155,0.15730991151780763,-0.001747887905753419,-0.18935096386171862,-0.17041586747554666,0.0018935096386171852,0.7328151017865066
28.0,-30.905601588704094,-23.23504142983368,1.647056015887041,0.8465775871278952,0.7619198284151056,-0.00846577587127896,0.16524166482134872,0.148717498339214,-0.0016524166482134906,-0.19250192787805576,-0.17325173509025008,0.0019250192787805562,0.7328151017865066
28.05,-30.863070183431745,-23.196763165088566,1.6466307018343176,0.8545977903169794,0.7691380112852811,-0.008545977903169799,0.15554181162953337,0.13998763046658028,-0.0015554181162953375,-0.19546006137458574,-0.17591405523712703,0.001954600613745856,0.7328151017865064
28.1,-30.820149953439888,-23.158134958095893,1.6462014995343988,0.862129383525652,0.775916445173087,-0.00862129383525653,0.14569887252588615,0.13112898527329783,-0.0014569887252588655,-0.19822536435130825,-0.17840282791617726,0.0019822536435130816,0.7328151017865067
28.150000000000002,-30.776865504067626,-23.11917895366086,1.6457686550406763,0.8691654534964712,0.7822489081468238,-0.008691654534964718,0.1357224890363987,0.1221502401327591,-0.001357224890363993,-0.20079783680822313,-0.18071805312740058,0.0020079783680822293,0.7328151017865063
28.200000000000003,-30.733241774265036,-23.079917596838534,1.6453324177426505,0.8756995690482946,0.7881296121434649,-0.008756995690482952,0.1256223026870607,0.11306007241835478,-0.001256223026870612,-0.2031774787453304,-0.18285973087079718,0.0020317747874533027,0.7328151017865064
28.25,-30.689304012489348,-23.04037361124041,1.6448930401248936,0.8817257810762793,0.7935532029686514,-0.008817257810762799,0.11540795500386314,0.10386715950347696,-0.001154079550038636,-0.20536429016263014,-0.184827861146367,0.0020536429016262993,0.7328151017865066
28.3,-30.645077752601104,-23.00056997734099,1.644450777526011,0.8872386225518827,0.7985147602966943,-0.008872386225518832,0.1050890875127952,0.09458017876151575,-0.001050890875127955,-0.20735827106012264,-0.18662244395411015,0.002073582710601224,0.7328151017865066
28.35,-30.60058878976039,-22.960529910784345,1.644005887897604,0.8922331085228613,0.8030097976705749,-0.008922331085228616,0.09467534173984705,0.08520780756586248,-0.0009467534173984726,-0.20915942143780766,-0.18824347929402657,0.0020915942143780748,0.7328151017865064
28.400000000000002,-30.55586315632298,-22.920276840690683,1.64355863156323,0.8967047361132693,0.8070342625019423,-0.008967047361132702,0.08417635921101044,0.07575872328990982,-0.0008417635921101102,-0.21076774129568512,-0.18969096716611628,0.0021076774129568485,0.7328151017865066
28.450000000000003,-30.510927097736552,-22.879834387962898,1.6431092709773656,0.9006494845234635,0.810584536071117,-0.009006494845234643,0.0736017814522754,0.06624160330704806,-0.0007360178145227596,-0.2121832306337549,-0.19096490757037923,0.0021218323063375475,0.7328151017865066
28.5,-30.46580704843685,-22.839226343593165,1.6426580704843687,0.9040638150300983,0.8136574335270881,-0.009040638150300989,0.06296124998963282,0.056665124990669384,-0.0006296124998963309,-0.21340588945201724,-0.1920653005068154,0.00213405889452017,0.7328151017865063
28.55,-30.420529607743877,-22.798476646969487,1.6422052960774387,0.9069446709861283,0.8162502038875152,-0.009069446709861288,0.052264406349070924,0.047037965714163986,-0.0005226440634907143,-0.21443571775047224,-0.19299214597542474,0.00214435717750472,0.7328151017865064
28.6,-30.375121515758078,-22.75760936418227,1.641751215157581,0.9092894778208067,0.8183605300387259,-0.009092894778208073,0.041520892056581424,0.03736880285092362,-0.00041520892056582,-0.21527271552911964,-0.19374544397620744,0.002152727155291195,0.7328151017865064
28.650000000000002,-30.329609629256545,-22.716648666330887,1.6412960962925656,0.9110961430396874,0.8199865287357188,-0.009110961430396882,0.030740348638155213,0.027666313774340007,-0.00030740348638155725,-0.21591688278795954,-0.1943251945091634,0.002159168827879594,0.7328151017865066
28.700000000000003,-30.284020897589162,-22.67561880783024,1.6408402089758916,0.9123630562246231,0.8211267506021608,-0.00912363056224624,0.01993241761978231,0.01793917585780424,-0.00019932417619782767,-0.21636821952699203,-0.1947313975742926,0.002163682195269919,0.7328151017865067
28.75,-30.238382338574834,-22.634544104717346,1.6403838233857484,0.9130890890337666,0.82178018013039,-0.009130890890337674,0.009106740527453467,0.008196066474708287,-9.106740527453938e-05,-0.21662672574621697,-0.194964053171595,0.002166267257462168,0.7328151017865066
28.8,-30.19272101439763,-22.59344891295786,1.6399272101439764,0.9132735952015695,0.8219462356814126,-0.009132735952015704,-0.0017270411128424337,-0.0015543370015579992,1.7270411128420725e-05,-0.21669240144563431,-0.19502316130107067,0.002166924014456342,0.7328151017865066
28.85,-30.147064007503005,-22.552357606752697,1.6394706400750303,0.9129164105387826,0.8216247694849041,-0.009129164105387833,-0.01255928577511375,-0.011303357197602306,0.00012559285775113376,-0.21656524662524432,-0.19490872196271966,0.002165652466252442,0.7328151017865066
28.900000000000002,-30.10143839649396,-22.511294556844565,1.6390143839649398,0.9120178529324574,0.8208160676392118,-0.009120178529324587,-0.023380351933370198,-0.021042316740032783,0.0002338035193336947,-0.21624526128504679,-0.19462073515654194,0.0021624526128504666,0.7328151017865066
28.950000000000003,-30.055871232027247,-22.470284108824522,1.6385587123202725,0.9105787223459456,0.819520850111351,-0.009105787223459467,-0.03418059806162134,-0.03076253825545931,0.0003418059806162107,-0.21573244542504175,-0.1941592008825374,0.0021573244542504168,0.7328151017865066
29.0,-30.010389512709533,-22.42935056143858,1.6381038951270952,0.9086003008188953,0.8177402707370063,-0.009086003008188962,-0.04495038263387644,-0.04045534437048884,0.00044950382633876225,-0.21502679904522923,-0.19352411914070622,0.002150267990452292,0.7328151017865069
29.05,-29.965020160993593,-22.38851814489423,1.637650201609936,0.9060843524672567,0.8154759172205315,-0.00906084352467258,-0.055680064124146784,-0.0501120577117319,0.0005568006412414647,-0.2141283221456093,-0.19271548993104823,0.0021412832214560916,0.7328151017865068
29.1,-29.9197899990745,-22.347810999167045,1.637197899990745,0.9030331234832802,0.8127298111349522,-0.009030331234832812,-0.06636000100644156,-0.059724000905797214,0.0006636000100644123,-0.21303701472618175,-0.19173331325356338,0.0021303701472618155,0.7328151017865067
29.150000000000002,-29.87472572478581,-22.307253152307226,1.636747257247858,0.8994493421355126,0.8095044079219615,-0.00899449342135514,-0.07698055175476902,-0.06928249657929199,0.0007698055175476883,-0.21175287678694668,-0.19057758910825187,0.0021175287678694647,0.7328151017865067
29.200000000000003,-29.829853887495748,-22.26686849874617,1.6362985388749576,0.8953362187688025,0.8058025968919226,-0.008953362187688035,-0.08753207484313952,-0.07877886735882521,0.0008753207484313928,-0.21027590832790422,-0.18924831749511364,0.002102759083279041,0.7328151017865068
29.25,-29.785200864003382,-22.22668077760304,1.6358520086400339,0.8906974458042975,0.8016277012238682,-0.00890697445804299,-0.09800492874556192,-0.08820443587100546,0.0009800492874556135,-0.20860610934905424,-0.18774549841414878,0.002086061093490543,0.7328151017865069
29.3,-29.740792834434814,-22.18671355099133,1.6354079283443481,0.8855371977394451,0.7969834779655014,-0.008855371977394466,-0.10838947193604775,-0.09755052474244251,0.0010838947193604744,-0.20674347985039698,-0.18606913186535698,0.0020674347985039673,0.7328151017865071
29.35,-29.696655758139368,-22.146990182325425,1.6349665575813939,0.8798601311479919,0.7918741180331925,-0.008798601311479928,-0.11867606288860551,-0.10680845659974479,0.0011867606288860548,-0.2046880198319318,-0.18421921784873838,0.0020468801983193163,0.7328151017865066
29.400000000000002,-29.652815349585776,-22.107533814627192,1.634528153495858,0.8736713846799835,0.7863042462119857,-0.00873671384679985,-0.12885506007724473,-0.11596955406952006,0.0012885506007724425,-0.20243972929365905,-0.1821957563642931,0.0020243972929365906,0.7328151017865069
29.450000000000003,-29.60929705425836,-22.068367348832517,1.6340929705425837,0.8669765790617655,0.7802789211555892,-0.00866976579061767,-0.13891682197597502,-0.12502513977837704,0.0013891682197597404,-0.19999860823557933,-0.1799987474120212,0.001999986082355791,0.7328151017865068
29.5,-29.566126024553213,-22.02951342209789,1.6336612602455323,0.8597818170959844,0.773803635386386,-0.008597818170959856,-0.14885170705880493,-0.13396653635292424,0.0014885170705880462,-0.19736465665769218,-0.17762819099192267,0.0019736465665769185,0.7328151017865066
29.55,-29.523327095674393,-21.99099438610695,1.633233270956744,0.852093683661584,0.7668843152954253,-0.00852093683661585,-0.1586500737997468,-0.14278506641977176,0.0015865007379974624,-0.1945378745599969,-0.1750840871039972,0.0019453787455999693,0.7328151017865064
29.6,-29.480924761530098,-21.95283228537708,1.6328092476153009,0.8439192457138079,0.7595273211424269,-0.00843919245713809,-0.16830228067280883,-0.1514720526055276,0.0016830228067280825,-0.19151826194249438,-0.1723664357482448,0.001915182619424943,0.7328151017865064
29.650000000000002,-29.43894315062886,-21.91504883556597,1.6323894315062888,0.8352660522842008,0.7517394470557807,-0.008352660522842014,-0.17779868615199973,-0.16001881753679933,0.0017779868615199943,-0.1883058188051846,-0.16947523692466596,0.001883058188051844,0.7328151017865066
29.700000000000003,-29.39740600197573,-21.87766540177815,1.6319740600197574,0.8261421344806051,0.7435279210325454,-0.008261421344806064,-0.18712964871133014,-0.1684166838401971,0.001871296487113297,-0.18490054514806717,-0.1664104906332602,0.0018490054514806685,0.7328151017865071
29.75,-29.356336640968454,-21.8407029768716,1.6315633664096847,0.8165560054871661,0.7349004049384492,-0.008165560054871674,-0.1962855268248093,-0.17665697414232834,0.001962855268248089,-0.18130244097114234,-0.16317219687402792,0.001813024409711421,0.7328151017865064
29.8,-29.315757955293655,-21.804182159764288,1.6311575795529367,0.806516660564322,0.72586499450789,-0.008065166605643236,-0.20525667896644728,-0.18473101106980233,0.002052566789664466,-0.17751150627441004,-0.1597603556469687,0.0017751150627440969,0.7328151017865067
29.85,-29.27569237082305,-21.76812313374074,1.6307569237082304,0.7960335770488169,0.7164302193439358,-0.007960335770488184,-0.21403346361025388,-0.19263011724922804,0.0021403346361025307,-0.1735277410578699,-0.15617496695208247,0.0017352774105786964,0.732815101786507
29.900000000000002,-29.23616182750959,-21.732545644758627,1.6303616182750957,0.785116714353694,0.7066050429183249,-0.007851167143536952,-0.22260623923023837,-0.20034561530721381,0.002226062392302373,-0.16935114532152226,-0.15241603078936986,0.001693511453215221,0.7328151017865069
29.950000000000003,-29.19718775528367,-21.6974689797553,1.6299718775528367,0.7737765139682902,0.6963988625714617,-0.007737765139682913,-0.23096536430040954,-0.207868827870368,0.0023096536430040884,-0.16498171906536743,-0.14848354715883047,0.0016498171906536724,0.732815101786507
30.0,-29.158791049949322,-21.662911944954388,1.6295879104994935,0.7620238994582492,0.6858215095124248,-0.007620238994582513,-0.23910119729477705,-0.21519107756529915,0.0023910119729477685,-0.16041946228940515,-0.14437751606046453,0.0016041946228940536,0.732815101786507
30.05,-29.12099204908038,-21.628892844172338,1.629209920490804,0.7498702764655093,0.6748832488189594,-0.00749870276465511,-0.2470040966873529,-0.22230368701861689,0.002470040966873522,-0.1556643749936353,-0.14009793749427157,0.001556643749936353,0.7328151017865073
30.1,-29.083810507916667,-21.595429457124993,1.6288381050791665,0.7373275327083096,0.6635947794374795,-0.007373275327083115,-0.25466442095214487,-0.22919797885692955,0.00254664420952144,-0.15071645717805787,-0.13564481146025176,0.0015071645717805765,0.7328151017865071
30.150000000000002,-29.047265575260194,-21.562539017734174,1.628472655752602,0.7244080379811897,0.651967234183071,-0.007244080379811916,-0.2620725285631621,-0.23586527570684546,0.0026207252856316095,-0.14557570884267312,-0.1310181379584054,0.001455757088426729,0.7328151017865068
30.200000000000003,-29.011375769371355,-21.53023819243421,1.6281137576937135,0.7111246441549894,0.6400121797394914,-0.007111246441549916,-0.26921877799441496,-0.24229690019497313,0.0026921877799441457,-0.14024212998748076,-0.12621791698873222,0.0014024212998748039,0.7328151017865072
30.25,-28.976158953865056,-21.498543058478546,1.6277615895386506,0.6974906851768471,0.6277416166591625,-0.006974906851768484,-0.2760935277199129,-0.2484841749479213,0.0027609352771991256,-0.1347157206124812,-0.12124414855123265,0.001347157206124808,0.7328151017865067
30.3,-28.941632313606966,-21.467469082246264,1.6274163231360697,0.6835199770701957,0.6151679793631756,-0.006835199770701976,-0.2826871362136662,-0.25441842259229924,0.0028268713621366556,-0.12899648071767375,-0.116096832645906,0.0012899648071767343,0.7328151017865061
30.35,-28.907812330609666,-21.437031097548694,1.6270781233060967,0.6692268179347739,0.6023041361412969,-0.006692268179347768,-0.2889899619496837,-0.2600909657547152,0.002889899619496834,-0.12308441030305833,-0.11077596927275246,0.001230844103030585,0.7328151017865068
30.400000000000002,-28.87471475992885,-21.407243283935962,1.6267471475992887,0.6546259879466213,0.5891633891519591,-0.006546259879466238,-0.29499236340197527,-0.2654931270617774,0.002949923634019752,-0.11697950936863606,-0.10528155843177225,0.0011697950936863614,0.7328151017865066
30.450000000000003,-28.842354605559496,-21.378119145003545,1.626423546055595,0.6397327493580721,0.575759474422265,-0.0063973274935807374,-0.30068469904455053,-0.270616229140095,0.0030068469904455017,-0.11068177791440632,-0.09961360012296538,0.0011068177791440635,0.7328151017865068
30.5,-28.810746096332064,-21.349671486698853,1.6261074609633206,0.6245628464977616,0.5621065618479871,-0.006245628464977639,-0.3060573273514189,-0.27545159461627605,0.0030605732735141805,-0.10419121594036938,-0.09377209434633223,0.0010419121594036943,0.7328151017865081
30.55,-28.779902661808656,-21.321912395627784,1.6257990266180868,0.609132505770624,0.5482192551935637,-0.006091325057706277,-0.3111006067965906,-0.2799905461169305,0.0031110060679658937,-0.09750782344652452,-0.08775704110187196,0.000975078234465245,0.7328151017865084
30.6,-28.74983690817924,-21.294853217361315,1.6254983690817926,0.5934584356578962,0.5341125920921076,-0.0059345843565789935,-0.3158048958540753,-0.2842244062686671,0.003158048958540743,-0.09063160043287202,-0.08156844038958451,0.0009063160043287177,0.7328151017865076
30.650000000000002,-28.720560594157817,-21.268504534742032,1.6252056059415783,0.5775578267171121,0.5198020440454018,-0.005775578267171144,-0.32016055299788176,-0.2881444976980932,0.003201605529978808,-0.08356254689941219,-0.0752062922094706,0.000835625468994121,0.7328151017865074
30.700000000000003,-28.692084606878588,-21.242876146190728,1.624920846068786,0.5614483515821034,0.5053035164238935,-0.005614483515821053,-0.32415793670201964,-0.29174214303181717,0.0032415793670201878,-0.07630066284614466,-0.06867059656153003,0.0007630066284614474,0.7328151017865071
30.75,-28.664418937792163,-21.217977044012944,1.6246441893779218,0.5451481649630048,0.49063334846670575,-0.005451481649630084,-0.32778740544049895,-0.2950086648964485,0.0032778740544049815,-0.06884594827307058,-0.06196135344576317,0.0006884594827307027,0.7328151017865081
30.8,-28.637572658561737,-21.19381539270556,1.6243757265856176,0.5286759036462484,0.4758083132816254,-0.005286759036462519,-0.3310393176873295,-0.29793538591859653,0.003310393176873292,-0.06119840318018814,-0.05507856286216904,0.0006119840318018776,0.7328151017865084
30.85,-28.611553896959276,-21.170398507263343,1.624115538969593,0.5120506864945645,0.4608456178451094,-0.005120506864945683,-0.3339040319165209,-0.3005136287248685,0.0033390403191652035,-0.053358027567497676,-0.04802222481074784,0.0005335802756749775,0.732815101786508
30.900000000000002,-28.586369812761696,-21.147732831485524,1.623863698127617,0.49529211444698806,0.44576290300229127,-0.0049529211444699186,-0.336371906602083,-0.302734715941874,0.003363719066020821,-0.045324821435000495,-0.04079233929150029,0.0004532482143500043,0.7328151017865089
30.950000000000003,-28.562026573647074,-21.12582391628236,1.6236202657364707,0.47842027051885,0.43057824346696677,-0.004784202705188533,-0.33843330021802454,-0.30458997019622114,0.0033843330021802445,-0.03709878478269589,-0.03338890630442612,0.0003709878478269571,0.7328151017865085
31.0,-28.538529331090785,-21.104676397981702,1.6233852933109079,0.46145571980178157,0.415310147821604,-0.004614557198017831,-0.3400785712383556,-0.3060707141145196,0.003400785712383548,-0.02867991761058403,-0.025811925849525463,0.0002867991761058409,0.7328151017865073
31.05,-28.515882196261735,-21.084293976635553,1.6231588219626174,0.44441950946370723,0.399977558517338,-0.0044441950946370904,-0.3412980781370853,-0.3071682703233762,0.0034129807813708408,-0.02006821991866426,-0.01806139792679761,0.0002006821991866409,0.7328151017865085
31.1,-28.494088215918513,-21.064679394326653,1.6229408821591853,0.4273331687488637,0.38459985187397905,-0.0042733316874886546,-0.3420821793882253,-0.3078739614494016,0.0034208217938822404,-0.011263691706936538,-0.010137322536242725,0.00011263691706936325,0.7328151017865088
31.150000000000002,-28.4731493483056,-21.04583441347503,1.6227314934830561,0.41021870897777823,0.3691968380800009,-0.0041021870897777965,-0.3424212334657825,-0.30817911011920335,0.0034242123346578056,-0.0022663329754018633,-0.0020396996778615784,2.2663329754020062e-05,0.7328151017865072
31.200000000000003,-28.453066439049547,-21.027759795144583,1.6225306643904955,0.39309862354728,0.353788761192553,-0.0039309862354728236,-0.3423055988437687,-0.30807503895939053,0.003423055988437678,0.006923856275940375,0.006231470648346459,-6.923856275940502e-05,0.732815101786508
31.25,-28.433839197055136,-21.010455277349614,1.6223383919705514,0.37599588793049604,0.33839629913744707,-0.003759958879304997,-0.3417256339961916,-0.30755307059657183,0.00341725633996191,0.01630687604708956,0.014676188442380755,-0.0001630687604708983,0.7328151017865076
31.3,-28.415466170401597,-20.993919553361433,1.6221546617040161,0.35893395967685326,0.32304056370917017,-0.003589339596768579,-0.34067169739706255,-0.3066045276573561,0.003406716973970624,0.02588272633804714,0.023294453704242327,-0.000258827263380471,0.7328151017865101
31.35,-28.39794472223879,-20.978150250014906,1.6219794472223878,0.3419367784120812,0.3077431005708756,-0.003419367784120846,-0.3391341475203905,-0.3052207327683509,0.003391341475203894,0.035651407148812125,0.032086266433930956,-0.00035651407148812135,0.7328151017865107
31.400000000000002,-28.38127100668336,-20.96314390601502,1.6218127100668336,0.3250287658382056,0.29252588925438633,-0.003250287658382081,-0.3371033428401843,-0.30339300855616513,0.003371033428401834,0.04561291847938417,0.04105162663144586,-0.00045612918479384255,0.7328151017865088
31.450000000000003,-28.365439944714964,-20.948895950243465,1.6216543994471497,0.30823482573355454,0.2774113431602014,-0.003082348257335577,-0.3345696418304553,-0.30111267764740923,0.0033456964183045407,0.0557672603297639,0.0501905342967877,-0.0005576726032976381,0.7328151017865109
31.5,-28.35044520007243,-20.935400680065182,1.6215044520007245,0.29158034395275334,0.2624223095574814,-0.00291580343952758,-0.33152340296521193,-0.2983710626686895,0.0033152340296521148,0.06611443269995058,0.059502989429955536,-0.0006611443269995032,0.732815101786513
31.55,-28.33627915514993,-20.922651239634934,1.6213627915514994,0.2750911884267271,0.24758206958405532,-0.002750911884267298,-0.32795498471846335,-0.2951594862466159,0.003279549847184625,0.0766544355899453,0.06898899203095099,-0.0007665443558994535,0.7328151017865084
31.6,-28.32293288689321,-20.910639598203886,1.6212293288689321,0.25879370916269884,0.2329143382464293,-0.0025879370916270144,-0.323854745564221,-0.29146927100779774,0.00323854745564219,0.08738726899974798,0.07864854209977336,-0.0008738726899974808,0.7328151017865073
31.650000000000002,-28.310396142695723,-20.899356528426146,1.6211039614269571,0.24271473824419526,0.2184432644197763,-0.0024271473824419784,-0.3192130439764922,-0.28729173957884213,0.003192130439764908,0.09831293292935778,0.08848163963642197,-0.0009831293292935771,0.7328151017865079
31.700000000000003,-28.298657316294857,-20.888791584665363,1.6209865731629485,0.22688158983103887,0.20419343084793581,-0.0022688158983104347,-0.3140202384292871,-0.28261821458635805,0.003140202384292863,0.10943142737877487,0.09848828464089757,-0.001094314273787749,0.7328151017865087
31.75,-28.287703423668088,-20.87893308130127,1.620877034236681,0.21132206015935723,0.19018985414342285,-0.0021132206015936177,-0.308266687396617,-0.27744001865695544,0.00308266687396617,0.12074275234799861,0.10866847711319914,-0.0012074275234799884,0.7328151017865101
31.8,-28.27752007892917,-20.869768071036248,1.620775200789292,0.19606442754157177,0.17645798478741592,-0.0019606442754157493,-0.30194274935249177,-0.27174847441724187,0.0030194274935249053,0.1322469078370313,0.11902221705332815,-0.0013224690783703137,0.7328151017865103
31.85,-28.26809147022437,-20.861282323201923,1.6206809147022438,0.181137452366398,0.1630237071297598,-0.0018113745236640222,-0.2950387827709161,-0.2655349044938249,0.0029503878277091647,0.14394389384587125,0.12954950446128433,-0.0014394389384587123,0.7328151017865115
31.900000000000002,-28.259400335628555,-20.85346030206569,1.6205940033562856,0.16657037709886602,0.14991333938898233,-0.0016657037709887064,-0.2875451461259062,-0.25879063151331505,0.0028754514612590537,0.1558337103745184,0.1402503393370668,-0.0015583371037451875,0.7328151017865162
31.950000000000003,-28.25142793904149,-20.84628514513733,1.6205142793904148,0.15239292628029738,0.13715363365226957,-0.0015239292628030192,-0.27945219789146925,-0.25150697810232114,0.0027945219789146797,0.16791635742297306,0.1511247216806761,-0.0016791635742297337,0.7328151017865134
32.0,-28.244154046083914,-20.83973864147551,1.620441540460839,0.1386353065283146,0.12477177587548349,-0.0013863530652831618,-0.27075029654161287,-0.24367526688745145,0.0027075029654161317,0.18019183499123448,0.16217265149211124,-0.0018019183499123452,0.732815101786508
32.050000000000004,-28.237556899993802,-20.833801209994416,1.620375568999938,0.12532820653682605,0.11279538588314468,-0.0012532820653683187,-0.26142980055034826,-0.2352868204953125,0.0026142980055034763,0.19266014307930512,0.1733941287713747,-0.001926601430793053,0.7328151017865121
32.1,-28.231613197522535,-20.828451877770274,1.6203161319752253,0.11250279707606678,0.10125251736846194,-0.0011250279707607095,-0.2514810683916861,-0.22633296155251645,0.0025148106839168465,0.20532128168718178,0.1847891535184639,-0.00205321281687182,0.7328151017865159
32.15,-28.22629806483106,-20.823668258347944,1.6202629806483106,0.10019073099255037,0.0901716578932988,-0.0010019073099255475,-0.2408944585396349,-0.21680501268567082,0.0024089445853963313,0.2181752508148658,0.1963577257333791,-0.002181752508148655,0.7328151017865259
32.2,-28.221585033386095,-20.81942653004748,1.620215850333861,0.08842414320909092,0.07958172888818552,-0.0008842414320909601,-0.2296603294682026,-0.20669429652138108,0.002296603294682009,0.23122205046235864,0.20809984541612297,-0.0023122205046235862,0.7328151017865296
32.25,-28.217446015856314,-20.815701414270674,1.620174460158563,0.0772356507248167,0.06951208565233755,-0.0007723565072482036,-0.21776903965140137,-0.1959921356862609,0.002177690396514007,0.24446168062965745,0.22001551256669186,-0.0024446168062965765,0.732815101786524
32.300000000000004,-28.213851282008523,-20.812466153807666,1.6201385128200851,0.06665835261514103,0.05999251735362763,-0.0006665835261514396,-0.20521094756323865,-0.18468985280691527,0.0020521094756323806,0.2578941413167656,0.23210472718508898,-0.002578941413167659,0.7328151017865133
32.35,-28.21076943460385,-20.80969249114346,1.6201076943460384,0.056725830031782144,0.051053247028606266,-0.0005672583003178569,-0.19197641167772808,-0.1727787705099545,0.00191976411677727,0.2715194325236799,0.2443674892713121,-0.002715194325236801,0.7328151017865286
32.4,-28.20816738529393,-20.807350646764533,1.620081673852939,0.04747214620276049,0.04272493158248551,-0.00047472146202762514,-0.17805579046887596,-0.16025021142198842,0.0017805579046887559,0.2853375542504008,0.2568037988253611,-0.002853375542504011,0.7328151017865201
32.45,-28.206010330517085,-20.80540929746537,1.6200601033051707,0.03893184643238443,0.03503866178914818,-0.0003893184643238825,-0.16343944241068964,-0.14709549816962045,0.0016343944241068982,0.2993485064969313,0.2694136558472387,-0.002993485064969314,0.7328151017865373
32.5,-28.204261727394524,-20.803835554655063,1.6200426172739453,0.031139958101277444,0.02802596229115166,-0.00031139958101280836,-0.14811772597718612,-0.1333059533794657,0.0014811772597718388,0.31355228926326767,0.28219706033694114,-0.0031355228926326774,0.7328151017865436
32.550000000000004,-28.20288326962651,-20.802594942663852,1.620028832696265,0.024131990666353537,0.021718791599721312,-0.00024131990666359637,-0.13208099964236736,-0.11887289967812828,0.0013208099964236559,0.32794890254941345,0.29515401229447225,-0.003279489025494136,0.7328151017865782
32.6,-28.201834863388555,-20.80165137704969,1.6200183486338855,0.017943935660830725,0.01614954209475014,-0.00017943935660834378,-0.11531962188024672,-0.10378765969222177,0.0011531962188024568,0.34253834635536534,0.30828451171982874,-0.003425383463553653,0.7328151017865849
32.65,-28.2010746032276,-20.800967142904828,1.620010746032276,0.012612266694218657,0.011351040024799378,-0.00012612266694224104,-0.09782395116483521,-0.08804155604835093,0.0009782395116483369,0.3573206206811238,0.3215885586130114,-0.003573206206811236,0.7328151017866251
32.7,-28.200558747958205,-20.800502873162376,1.620005587479582,0.008173939452334238,0.007356545507102822,-8.173939452338417e-05,-0.07958434597013755,-0.07162591137312291,0.0007958434597013657,0.3722957255266918,0.3350661529740227,-0.0037229572552669177,0.7328151017866249
32.75,-28.200241696558738,-20.800217526902856,1.6200024169655876,0.004666391697293976,0.004199752527565137,-4.666391697296307e-05,-0.06059116477016961,-0.0545320482931511,0.0006059116477016848,0.38746366089206524,0.34871729480285885,-0.003874636608920652,0.7328151017866378
32.800000000000004,-28.200075964067537,-20.800068367660774,1.6200007596406754,0.0021275432675052176,0.001914788940757526,-2.127543267508714e-05,-0.04083476603893403,-0.03675128943503982,0.00040834766038933115,0.4028244267772484,0.3625419840995237,-0.004028244267772485,0.7328151017875858
32.85,-28.200012157479144,-20.80001094173122,1.6200001215747912,0.000595796077686963,0.000536216469921899,-5.957960776928083e-06,-0.020305508250445647,-0.01827495742540154,0.00020305508250445908,0.41837802318223766,0.37654022086401384,-0.004183780231822376,0.7328151018058452
32.9,-28.199998126400413,-20.79999902326417,1.6199998763480152,0.00014025169422575532,8.377466792408862e-05,-7.67997237479686e-06,0.0007624158559099486,-0.0010024408135148482,-0.00025732362308352114,0.4253871533130375,0.3496426339349381,-0.00916409149324166,0.679343068359536
32.95,-28.19998863531236,-20.799993880552805,1.619999278779438,0.0005908064806402359,0.00031812656649858834,-3.7493488194476525e-05,0.02172692569643116,0.011699113836539845,-0.001378824130735055,0.4097069235193795,0.2206114203565888,-0.026000631684883712,0.49394136891958096
33.0,-28.199923473215982,-20.799958793270143,1.6199951434925526,0.002183494020546807,0.0011757275495252032,-0.00013856788976547053,0.041865053456691725,0.022542721092064753,-0.002656820700136207,0.39584423034191213,0.21314689326102942,-0.02512088384862136,0.49394136891958096
33.050000000000004,-28.19975379207516,-20.799867426502004,1.6199843752663083,0.00476582469062227,0.002566213294950452,-0.00030244656690487504,0.06131395307570513,0.03301520550230274,-0.0038910777913428274,0.3821377978693324,0.20576650654502499,-0.02425105255709226,0.493941368919581
33.1,-28.199430968013132,-20.799693598160914,1.6199638883546796,0.008303532409683916,0.0044711328359836435,-0.0005269549413837872,0.0800814375887079,0.0431207740862273,-0.00508209123159108,0.36858762610164597,0.19847026020857844,-0.023391137810296773,0.49394136891958085
33.15,-28.198908080690895,-20.79941204344894,1.6199307051207685,0.012762741748313064,0.006872245556783952,-0.0008099432263352525,0.09817532003094864,0.05286363386281846,-0.006230356848117899,0.35519371503884994,0.1912581542516883,-0.02254113960823472,0.4939413689195809
33.2,-28.19813989377463,-20.798998404340182,1.6198819547972363,0.018109967928853617,0.009751521192459632,-0.0011492864262541722,0.1156034134376743,0.06224799185105535,-0.0073363704681601045,0.34195606468094253,0.18413018867435355,-0.021701057950905985,0.4939413689195809
33.25,-28.197082835403105,-20.79842921906321,1.6198148722467356,0.024312116825409184,0.013091139829066473,-0.001542884336997122,0.13237353084412454,0.07127805506991318,-0.008400627918954065,0.32887467502792744,0.1770863634765762,-0.020870892838310798,0.4939413689195809
33.300000000000004,-28.195694978655087,-20.797681911583503,1.619726796722342,0.031336484963849595,0.0168734919036113,-0.0019886615457827637,0.14849348528554956,0.07995803053837279,-0.009423625027736806,0.3159495460798002,0.1701266786583538,-0.02005064427044887,0.4939413689195808
33.35,-28.193936022016757,-20.796734781085938,1.6196151706279864,0.039150759521801436,0.02108117820404691,-0.0024845674311912464,0.16397108979718725,0.08829212527540847,-0.010405857621744582,0.303180677836566,0.16325113421968926,-0.01924031224732054,0.4939413689195809
33.4,-28.19176726984912,-20.795566991457214,1.6194775382788866,0.04772301832865811,0.02569700986927742,-0.0030285761631648435,0.17881415741428555,0.09628454629999984,-0.011347821528214282,0.29056807029822224,0.1564597301605811,-0.018439896768925653,0.4939413689195809
33.45,-28.18915161285542,-20.7941585607683,1.6193115446619786,0.05702172986557518,0.030704008389155848,-0.0036186867030076576,0.19303050117209092,0.10393950063112581,-0.012250012574382702,0.27811172346476715,0.14975246648102838,-0.017649397835264084,0.49394136891958096
33.5,-28.186053508548543,-20.792490350756903,1.6191149341963498,0.06701575326546631,0.03608540560448183,-0.004252922803385365,0.20662793410584393,0.11126119528776203,-0.013112926587486258,0.26581163733620433,0.14312934318103296,-0.016868815446336057,0.4939413689195809
33.550000000000004,-28.182438961718443,-20.790544056309926,1.6188855494936705,0.07767433831301371,0.04182464370700735,-0.004929333008325872,0.21961426925079364,0.1182538372888888,-0.01393705939476191,0.25366781191252935,0.13659036026059265,-0.0160981496021413,0.49394136891958096
33.6,-28.17827550489953,-20.7883021949459,1.6186213301186245,0.08896712544465361,0.04790537523942884,-0.0056459906532184065,0.23199731964217932,0.1249216336534811,-0.014722906823446007,0.24168024719374748,0.13013551771971008,-0.015337400302680139,0.49394136891958096
33.65,-28.173532178838133,-20.78574809629745,1.6183203113493434,0.10086414574859132,0.05431146309539529,-0.0064009938648144525,0.2437848983152482,0.13126879140051817,-0.015470964700775379,0.229848943179856,0.12376481555838391,-0.01458656754795241,0.49394136891958096
33.7,-28.168179512959835,-20.782865891593755,1.6179806229378357,0.11333582096479398,0.061026980519504406,-0.007192465561227314,0.2549848183052464,0.1372995175489787,-0.0161817288539868,0.21817389987085328,0.11747825377661322,-0.01384565133795801,0.4939413689195809
33.75,-28.16218950583695,-20.779640503142968,1.6176004878704218,0.12635296348498548,0.06803621110729982,-0.008018553451931774,0.2656048926474152,0.14301801911783885,-0.016855695110316742,0.20665511726674263,0.11127583237439981,-0.01311465167269714,0.4939413689195809
33.800000000000004,-28.155535605655903,-20.776057633814716,1.6171782211281636,0.1398867763526602,0.0753236488052785,-0.008877430037764977,0.2756529343770027,0.1484285031260783,-0.017493359297002107,0.19529259536752014,0.10515755135174157,-0.012393568552169557,0.4939413689195809
33.85,-28.148192690684663,-20.772103756522508,1.6167122284472963,0.15390885326306425,0.0828739979108807,-0.009767292610925238,0.2851367565292495,0.15353517659267268,-0.018095217241279302,0.18408633417319042,0.09912341070864096,-0.011682401976375559,0.49394136891958096
33.9,-28.14013704974013,-20.767766103706222,1.6162010050796622,0.1683911785632148,0.09067217307250022,-0.010686363254973253,0.29406417213940195,0.15834224653660098,-0.01866176477038514,0.1730363336837512,0.09317341044509675,-0.010981151945314991,0.4939413689195809
33.95,-28.131346362655567,-20.763032656814534,1.6156431345531417,0.18330612725189038,0.09870329928947938,-0.011632888844831511,0.30244299424270604,0.16285391997684162,-0.019193497711556356,0.16214259389920085,0.08730755056110812,-0.010289818458987758,0.493941368919581
34.0,-28.121799680747987,-20.757892135787376,1.6150372874320837,0.19862646497962536,0.10695271191210588,-0.012605141046783924,0.3102810358744037,0.16707440393237113,-0.01969091189202948,0.15140511481954244,0.08152583105667667,-0.00960840151739405,0.4939413689195809
34.050000000000004,-28.11147740728561,-20.7523339885384,1.6143822200777405,0.2143253480487259,0.11540595664162157,-0.013601416318476847,0.31758611006974224,0.17100790542216876,-0.02015450313904135,0.1408238964447724,0.07582825193180047,-0.008936901120533641,0.49394136891958096
34.1,-28.100361277955223,-20.746348380437418,1.6136767734086965,0.23037632341324865,0.12404878953021074,-0.014620035908917712,0.324366029863963,0.1746586314652107,-0.02058476727982844,0.13039893877489492,0.07021481318648183,-0.0082753172684068,0.49394136891958096
34.15,-28.088434341329627,-20.739926183792868,1.6129198716613031,0.24675332867902197,0.13286717698101178,-0.015659345858476406,0.3306286082923123,0.17803078908047573,-0.020982200141627525,0.12013024180990793,0.0646855148207196,-0.007623649961013396,0.493941368919581
34.2,-28.075680939335033,-20.733058967334244,1.6121105211501081,0.2634306921036361,0.1418472957481117,-0.016717716998884607,0.3363816583900352,0.18112858528694192,-0.021347297551675325,0.11001780554980993,0.05924035683451301,-0.006981899198353333,0.49394136891958096
34.25,-28.062086687718487,-20.72573898569457,1.611247809028289,0.2803831325964359,0.1509755329365423,-0.017793544953235364,0.34163299319237495,0.18395622710358636,-0.021680555337208425,0.10006162999460382,0.053879339227863546,-0.0063500649804267865,0.493941368919581
34.300000000000004,-28.047638456515262,-20.717959168892833,1.610330902048084,0.2975857597185393,0.16023848600229032,-0.018885250135984237,0.34639042573457735,0.1865179215493877,-0.021982469325463584,0.09026171514428609,0.04860246200076941,-0.005728147307233549,0.49394136891958107
34.35,-28.03232435051629,-20.70971311181646,1.609359045321226,0.31501407368281314,0.16962296275228392,-0.01999127775294778,0.3506617690518854,0.18881787564332278,-0.02225353534367736,0.08061806099886089,0.04340972515323277,-0.005116146178773872,0.49394136891958096
34.4,-28.016133689735565,-20.70099506370376,1.6083315610793723,0.3326439653538978,0.1791159813444064,-0.021110097801305065,0.3544548361795444,0.1908602964043699,-0.022494249219086496,0.07113066755832619,0.038301128685252525,-0.004514061595047631,0.493941368919581
34.45,-27.99905698987754,-20.691799917626366,1.6072478474345364,0.35045171624819427,0.18870477028748908,-0.022240205069596963,0.35777744015279944,0.19264939085150726,-0.022705106778927675,0.06179953482268054,0.03327667259682796,-0.003921893556054733,0.4939413689195809
34.5,-27.981085942804583,-20.6821231999717,1.606107377139522,0.3684139985338585,0.19837676844130825,-0.023380119137725648,0.3606373940068941,0.19418936600371206,-0.022886603850437524,0.052624662791926624,0.028336356887960483,-0.0033396420617953513,0.49394136891958085
34.550000000000004,-27.96221339700433,-20.671961059925405,1.6049096963483518,0.38650787503081974,0.20811962501659512,-0.024528384376955883,0.3630425107770737,0.1954844288799626,-0.023039236260852768,0.04360605146606131,0.02348018155864838,-0.0027673071122692816,0.493941368919581
34.6,-27.942433338057146,-20.661310258953844,1.6036544233767038,0.4047107992107558,0.21792119957502223,-0.025683569949913373,0.365000603498582,0.19653878649923628,-0.02316349983741002,0.03474370084508832,0.01870814660889371,-0.002204888707476767,0.49394136891958096
34.65,-27.921740869103516,-20.650168160286505,1.6023412474623384,0.4230006151971181,0.22776956202921733,-0.026844269810586366,0.3665194852066638,0.19735664588051113,-0.023259890407345996,0.026037610929005868,0.014020252038695473,-0.0016523868474176836,0.493941368919581
34.7,-27.900132191311435,-20.638532718398466,1.6009699275255336,0.4413555577651192,0.23765299264275633,-0.02800910270432489,0.36760696893656397,0.1979422140427651,-0.02332890379789735,0.01748778171781257,0.009416497848052943,-0.001109801532091957,0.49394136891958096
34.75,-27.87760458434388,-20.62640246849286,1.5995402909295158,0.4597542523417257,0.24755998203015983,-0.029176712167840308,0.3682708677235266,0.19829969800497574,-0.023371035836300746,0.009094213211510901,0.004896884036967445,-0.0005771327614997369,0.49394136891958096
34.800000000000004,-27.854156386826165,-20.613776515983318,1.5980522322408917,0.47817571500567824,0.25747923115690347,-0.03034576652920653,0.3685189946027966,0.19843330478612112,-0.023386782349792877,0.000856905410097993,0.0004614106054374236,-5.4380535640843316e-05,0.49394136891958096
34.85,-27.829786976813377,-20.600654525976434,1.59650571199008,0.49659935248746584,0.2673996513394045,-0.03151495890785844,0.36835916260961804,0.19834724140517884,-0.023376639165610398,-0.007224141686422732,-0.0038899224465353105,0.00045845514548450934,0.49394136891958096
34.9,-27.804496752257787,-20.58703671275419,1.5949007554317443,0.5150049621693508,0.27731036424503486,-0.03268300721459343,0.3677991847792358,0.19804571488112685,-0.023341102110989987,-0.015148928078052945,-0.008157115118951577,0.000961374281876432,0.493941368919581
34.95,-27.778287111476242,-20.572923829256435,1.593237451305223,0.5333727320853568,0.28720070189211505,-0.03384865415157075,0.3668468741468941,0.19753293223294285,-0.023280667013168305,-0.022917453764793847,-0.012340167411812104,0.0014543768735349944,0.4939413689195809
35.0,-27.751160433617613,-20.558317156563326,1.591515950594964,0.5516832409212615,0.29706020664991,-0.03501066721231086,0.3655100437478381,0.19681310047960496,-0.023195829699382043,-0.030529718746643324,-0.0164390793251156,0.0019374629204600474,0.4939413689195811
35.050000000000004,-27.723120059130185,-20.543218493377786,1.5897364652909538,0.5699174580146172,0.30687863123863984,-0.03616783868169689,0.36379650661731117,0.19589042664009051,-0.023087085996867852,-0.037985723023603736,-0.02045385085886355,0.002410632422651772,0.49394136891958096
35.1,-27.694170270229062,-20.527630145507956,1.5878992671491525,0.5880567433547236,0.3166459387294664,-0.03731898563597287,0.36171407579055903,0.19476911773337785,-0.022954931732862425,-0.045285466595672313,-0.024384482013054258,0.0028738853801099674,0.493941368919581
35.15,-27.664316271363614,-20.511554915349635,1.5860046864519215,0.6060828475826543,0.326352302544506,-0.03846294994274539,0.3592705643028258,0.19345338077844457,-0.02279986273460242,-0.05242894946285028,-0.028230972787688595,0.0033272217928347224,0.49394136891958096
35.2,-27.633564169684817,-20.494996091368744,1.58405311076846,0.6239779119912439,0.3359881064568234,-0.03959859826098281,0.35647378518935546,0.19194742279426824,-0.022622374829324506,-0.05941617162513883,-0.03199332318276704,0.003770641660826116,0.49394136891958096
35.25,-27.60192095551276,-20.477957437583797,1.5820449837152328,0.6417244685250818,0.3455439445904285,-0.04072482204101484,0.3533315514853934,0.19025545079982706,-0.02242296384426537,-0.06624713308253603,-0.035671533198288585,0.004204144984084014,0.49394136891958096
35.300000000000004,-27.569394482803975,-20.460443183048294,1.5799808037164063,0.6593054397805302,0.3550106214202854,-0.04184053752453369,0.34985167622618313,0.18838167181409843,-0.022202125606661644,-0.07292183383504408,-0.039265602834254516,0.004627731762608569,0.493941368919581
35.35,-27.535993449618903,-20.442458011333255,1.5778611227642767,0.6767041390057011,0.36437915177230046,-0.042944685744592606,0.3460419724469703,0.18633029285606084,-0.021960355943750065,-0.07944027388266027,-0.04277553209066321,0.005041401996399592,0.49394136891958096
35.4,-27.50172737858928,-20.42400705000961,1.5756865451797042,0.6939042701004787,0.3736407608233346,-0.044036232525607344,0.34191025318299917,0.18410552094469176,-0.021698150682767273,-0.08580245322538613,-0.046201320967515586,0.005445155685457194,0.49394136891958107
35.45,-27.466606597385535,-20.405095860130672,1.5734577263725436,0.7108899276165092,0.382786884101197,-0.04511416848335542,0.3374643314695131,0.18171156309896852,-0.021416005650949897,-0.09200837186322232,-0.04954296946481199,0.0058389928297814175,0.49394136891958096
35.5,-27.430642219184246,-20.385730425714595,1.5711753716020773,0.7276455967571925,0.391809167484642,-0.046177509024975714,0.33271202034175834,0.1791526263378698,-0.02111441667553468,-0.09805802979616729,-0.05280047758255157,0.006222913429372146,0.493941368919581
35.550000000000004,-27.39384612313551,-20.365917143226813,1.5688402347374462,0.7441561533777022,0.40069946720337796,-0.04722529434896962,0.32766113283497755,0.17643291768037245,-0.02079387958375823,-0.10395142702422293,-0.05597384532073537,0.00659691748422953,0.49394136891958107
35.6,-27.356230934830393,-20.345662811062518,1.5664531170180827,0.7604068639849618,0.4094498498380561,-0.04825658944519953,0.32231948198441746,0.17355664414545538,-0.02045489020285729,-0.10968856354738686,-0.05906307267936215,0.0069610049943534,0.4939413689195809
35.65,-27.317810006768287,-20.324974619029078,1.5640148658141417,0.7763833857376662,0.4180525923202816,-0.049270484094890404,0.3166948808253212,0.17052801275209592,-0.020097944360068492,-0.11526943936566046,-0.06206815965843247,0.007315175959743832,0.49394136891958107
35.7,-27.278597398824385,-20.30386013782851,1.5615263733869325,0.7920717664462724,0.4265001819326081,-0.05026609287062887,0.3107951423929326,0.1673512305192714,-0.019723537882628452,-0.1206940544790443,-0.06498910625794689,0.007659430380400888,0.493941368919581
35.75,-27.238607858717057,-20.28232730853995,1.558988575649352,0.8074584445729921,0.434785316308534,-0.051242555136363,0.3046280797224982,0.16403050446596054,-0.019332166597773946,-0.12596240888753693,-0.06782591247790447,0.007993768256324462,0.493941368919581
35.800000000000004,-27.197856802475243,-20.260384432102054,1.556402450926314,0.8225302492318096,0.4429009034325127,-0.05219903504740336,0.29820150584926003,0.16057004161113989,-0.018924326332741527,-0.13107450259114026,-0.07057857831830625,0.008318189587514667,0.49394136891958107
35.85,-27.156360294905937,-20.238040158795503,1.5537690187151847,0.8372744001884597,0.45084006163993956,-0.05313472155042153,0.2915232338084655,0.156974048973789,-0.018500512914768015,-0.13603033558985198,-0.07324710377915104,0.008632694373971376,0.49394136891958096
35.9,-27.114135030061508,-20.215303477725428,1.5510893384462114,0.8516785078604491,0.4585961196171647,-0.05404882838345161,0.2846010766353573,0.15324673357288457,-0.018061222171090022,-0.14082990788367322,-0.07583148886043942,0.008937282615694644,0.49394136891958107
35.95,-27.071198311707175,-20.192183706303865,1.5483645082429558,0.8657305733170446,0.4661626164014853,-0.05494059407588942,0.2774428473651795,0.14939230242740426,-0.017606949928944113,-0.14547321947260478,-0.0783317335621718,0.009231954312684532,0.49394136891958096
36.0,-27.027568033788405,-20.168690479732216,1.5455956636827262,0.87941898827927,0.4735333013811452,-0.05580928194849219,0.2700563590331783,0.14541496255632672,-0.017138192015567114,-0.14996027035664516,-0.08074783788434736,0.009516709464940943,0.493941368919581
36.050000000000004,-26.9832626608983,-20.144833740483705,1.5427839765570077,0.8927325351199205,0.4807021342953414,-0.056654180113379624,0.2624494246745959,0.14131892097862844,-0.01665544425819553,-0.1542910605357961,-0.08307980182696709,0.009791548072463982,0.4939413689195809
36.1,-26.938301208745063,-20.120623727785798,1.539930653631898,0.9056603868635418,0.4876632852342144,-0.05747460147403251,0.25462985732467985,0.137108384713289,-0.016159202484066243,-0.15846559001005556,-0.08532762539002986,0.010056470135253523,0.49394136891958085
36.15,-26.89270322461933,-20.096070967102712,1.5370369354085347,0.9181921071864515,0.4944111346388583,-0.058269883725294076,0.24660547001867297,0.13278756077928536,-0.015649962520415818,-0.1624838587794246,-0.0874913085735363,0.010311475653309641,0.493941368919581
36.2,-26.846488767861658,-20.07118625961781,1.534104094883528,0.930317650416728,0.500940273301315,-0.05903938935336934,0.23838407579181875,0.1283606561955946,-0.015128220194480825,-0.16634586684390382,-0.08957085137748663,0.010556564626632358,0.4939413689195811
36.25,-26.7996783903299,-20.045980671716098,1.5311334363093976,0.9420273615342066,0.5072455023645727,-0.059782505635824705,0.22997348767936426,0.12383187798119609,-0.014594471333498135,-0.17005161420349194,-0.09156625380188023,0.010791737055221606,0.49394136891958107
36.300000000000004,-26.75229311686661,-20.020465524466637,1.5281262939549967,0.9533119761704925,0.5133218333225726,-0.060498644641589015,0.22138151871655048,0.11920543315506557,-0.014049211764704177,-0.1736011008581905,-0.09347751584671792,0.01101699293907747,0.4939413689195811
36.35,-26.704354425766507,-19.994652383105038,1.5250840308659515,0.9641626206089441,0.5191644880202002,-0.06118724323095227,0.2126159819386259,0.11448552873618319,-0.013492937315335908,-0.17699432680799768,-0.09530463751199875,0.011232332278199855,0.49394136891958085
36.4,-26.655884229243796,-19.96855304651589,1.5220080376250873,0.9745708117846891,0.524768898653294,-0.061847763055566884,0.2036846903808334,0.10967637174352564,-0.012926143812629855,-0.1802312920529145,-0.09704761879772313,0.011437755072588809,0.4939413689195811
36.45,-26.60690485389966,-19.942179536715198,1.5188997311128634,0.9845284572846175,0.5301307077686399,-0.06247969055844692,0.1945954570784159,0.10478216919606999,-0.012349327083822581,-0.1833119965929412,-0.09870645970389146,0.011633261322244357,0.493941368919581
36.5,-26.55743902118965,-19.915544088332886,1.515760553267805,0.9940278553473745,0.5352457682639706,-0.06308253697396805,0.1853560950666208,0.09980712811279578,-0.01176298295615097,-0.18623644042807724,-0.10028116023050306,0.011818851027166443,0.49394136891958107
36.550000000000004,-26.507509827891067,-19.88865913809519,1.5125919698469328,1.0030616948633773,0.5401101433879724,-0.06365583832786827,0.17597441738068886,0.09475545551267864,-0.011167607256851448,-0.18900462355832323,-0.10177172037755867,0.011994524187355136,0.4939413689195811
36.6,-26.45714072657041,-19.861537314307142,1.5093954691861993,1.011623055374796,0.5447201067402745,-0.06419915543724673,0.16645823705586937,0.08963135841469877,-0.010563695813160967,-0.19161654598367836,-0.10317814014505745,0.012160280802810357,0.493941368919581
36.65,-26.406355506050794,-19.834191426335043,1.5061725609609158,1.0197054070755687,0.5490721422714601,-0.06471207391056503,0.15681536712740426,0.0844390438378331,-0.009951744452316067,-0.194072207704143,-0.10450041953299996,0.01231612087353214,0.49394136891958124
36.7,-26.355178271879307,-19.80663445408885,1.5029247749461865,1.027302610811396,0.5531629442830591,-0.06519420414764637,0.14705362063053698,0.07918271880105826,-0.009332249001553319,-0.19637160871971743,-0.1057385585413862,0.012462044399520523,0.49394136891958096
36.75,-26.303633426794477,-19.778879537504718,1.4996536597773418,1.0344089180797373,0.5569894174275505,-0.06564518133967569,0.13718081060051365,0.07386659032335353,-0.008705705288109555,-0.1985147490304009,-0.10689255717021587,0.012598051380775457,0.49394136891958096
36.800000000000004,-26.25174565119366,-19.750939966027353,1.4963607817103668,1.0410189710298166,0.5605486767083624,-0.06606466546919998,0.12720475007257734,0.06849486542369551,-0.008072609139221283,-0.20050162863619475,-0.10796241541948944,0.012724141817296966,0.4939413689195809
36.85,-26.199539883600472,-19.722829168092563,1.4930477233823378,1.0471278024626172,0.5638380474798707,-0.0664523413101277,0.1171332520819752,0.06307175112106374,-0.0074334563821253944,-0.2023322475370974,-0.10894813328920624,0.012840315709085035,0.4939413689195812
36.9,-26.147041301132173,-19.694560700609635,1.4897160825718498,1.0527308358308891,0.5668550654474017,-0.06680791842772958,0.1069741296639505,0.057601454434434846,-0.006788742844058427,-0.20400660573310977,-0.10984971077936677,0.01294657305613966,0.4939413689195811
36.95,-26.094275299967077,-19.66614823844381,1.4863674709594494,1.057823885239143,0.5695974766672305,-0.06713113117863799,0.09673519585374574,0.05208818238278606,-0.00613896435225696,-0.2055247032242319,-0.11066714788997095,0.013042913858460861,0.4939413689195809
37.0,-26.041267475812013,-19.63760556389878,1.4830035128880705,1.0624031554436486,0.5720632375465801,-0.06742173871084702,0.08642426368660855,0.046536141985096785,-0.00548461673395788,-0.20688654001046317,-0.1114004446210187,0.013129338116048639,0.49394136891958124
37.050000000000004,-25.98804360436967,-19.608946556199054,1.4796258441234598,1.0664652418524423,0.5742505148436227,-0.06767952496371278,0.07604914619778003,0.04094954026034295,-0.004826195816397606,-0.20809211609180447,-0.11204960097251007,0.01320584582890298,0.4939413689195812
37.1,-25.934629621806067,-19.580185180972492,1.4762361106146158,1.0700071305253194,0.5761576856674795,-0.06790429866795303,0.06561765642250943,0.03533258422750494,-0.004164197426813102,-0.20914143146825517,-0.11261461694444502,0.013272436997023877,0.4939413689195812
37.15,-25.881051605217916,-19.551335479732725,1.472835967254214,1.0730261981738394,0.577783337478221,-0.06809589334564757,0.05513760739603798,0.0296894809055588,-0.0034991173924408896,-0.21003448613981507,-0.11309549253682355,0.013329111620411357,0.493941368919581
37.2,-25.82733575310006,-19.52241155936157,1.4694270766390423,1.0755202121613234,0.5791262680868663,-0.06825416731023792,0.04461681215360909,0.024024437313481844,-0.002831451540517549,-0.21077128010648488,-0.11349222774964572,0.013375869699065393,0.4939413689195811
37.25,-25.773508365812905,-19.493427581591565,1.4660111078304348,1.0774873305028547,0.5801854856553832,-0.06837900366652741,0.034063083730470956,0.01834166047025356,-0.0021616956982799082,-0.21135181336826414,-0.11380482258291151,0.013412711232985994,0.4939413689195811
37.300000000000004,-25.71959582604978,-19.464397752488345,1.462589735114698,1.0789261018652792,0.5809602086966889,-0.06847031031068128,0.023484235161863445,0.012645357394849576,-0.0014903456929644446,-0.21177608592515307,-0.11403327703662078,0.013439636222173175,0.4939413689195813
37.35,-25.665624579304414,-19.435336311933145,1.4591646367635493,1.0798354655672049,0.5814498660746485,-0.06852801993022657,0.012888079483036063,0.006939735106250285,-0.0008178973518080848,-0.21204409777715114,-0.11417759111077373,0.013456644666626907,0.49394136891958107
37.4,-25.611621114338266,-19.40625752310522,1.455737493794544,1.0802147515790008,0.5816540970040769,-0.06855209000405199,0.0022824297292313445,0.001229000623432435,-0.00014484650204739215,-0.21215584892425912,-0.11423776480537029,0.013463736566347211,0.4939413689195809
37.45,-25.55761194364801,-19.377175661964312,1.4523099887315083,1.0800636805227986,0.5815727510507372,-0.06854250280240848,-0.008324901064307819,-0.004482639034627261,0.0005283110290810537,-0.2121113393664766,-0.11421379812041035,0.013460911921334097,0.4939413689195809
37.5,-25.50362358393292,-19.34810500673311,1.448883804364974,1.0793823636724942,0.581205888131343,-0.06849926538690838,-0.018926099862334896,-0.010190976848949538,0.0012010794143404496,-0.21191056910380332,-0.11410569105589413,0.013448170731587526,0.4939413689195811
37.550000000000004,-25.44968253656226,-19.31905982737968,1.445460622512605,1.078171302953744,0.5805537785135544,-0.06842240961052613,-0.029513353629607764,-0.0158918058005581,0.0018729628264942998,-0.2115535381362399,-0.11391344361182147,0.013425512997107527,0.49394136891958107
37.6,-25.395815268042753,-19.290054375099942,1.4420421227796363,1.0764313909439678,0.5796169028159825,-0.06831199211759804,-0.04007884933087826,-0.021580918870472924,0.0025434654383057085,-0.2110402464637859,-0.11363705578819236,0.013392938717894109,0.4939413689195811
37.65,-25.34204819048593,-19.261102871800116,1.4386299813192995,1.0741639108723446,0.5783959520081854,-0.06816809434382194,-0.050614773930903065,-0.027254109039717166,0.0032120914225380573,-0.21037069408644138,-0.11327652758500702,0.01335044789394725,0.493941368919581
37.7,-25.288407642075562,-19.232219499579145,1.4352258695932572,1.0713705366198178,0.5768918274106712,-0.06799082251625778,-0.06111331439444057,-0.03290716928931429,0.00387834495195486,-0.20954488100420646,-0.11283185900226517,0.013298040525266964,0.49394136891958135
37.75,-25.234919867535115,-19.203418390211212,1.431831453132036,1.0680533327190957,0.5751056406948972,-0.0677803076533273,-0.07156665768624262,-0.03853589260028453,0.004541730199319206,-0.20856280721708126,-0.11230305003996677,0.013235716611853236,0.49394136891958085
37.800000000000004,-25.181610998595072,-19.174713614628118,1.4284483902954566,1.064214754354643,0.5730387138832694,-0.067536705564814,-0.08196699077106809,-0.0441360719536521,0.005201751337394679,-0.20742447272506512,-0.11169010069811196,0.013163476153706064,0.49394136891958135
37.85,-25.12850703446047,-19.146119172401786,1.4250783310330681,1.0598576473626922,0.5706925793491421,-0.06726019685186327,-0.09230650061366828,-0.049703500330436606,0.0058579125389442935,-0.20612987752815906,-0.110993010976701,0.013081319150825476,0.49394136891958135
37.9,-25.075633822278167,-19.1176489812267,1.4217229156445763,1.0549852482312343,0.5680689798168188,-0.06695098690698231,-0.10257737417880088,-0.05523397071166201,0.006509717976731571,-0.20467902162636253,-0.11021178087573365,0.012989245603211479,0.49394136891958146
37.95,-25.023017037604365,-19.08931686640235,1.418383773540277,1.0496011841000255,0.5651698683615516,-0.06660930591404013,-0.11277179843122334,-0.060723276078351006,0.007156671823519917,-0.20307190501967526,-0.10934641039520958,0.012887255510864002,0.49394136891958085
38.0,-24.970682164872,-19.061136550315688,1.415062522001492,1.0437094727605782,0.561997408409542,-0.06623540884826759,-0.12288196033568723,-0.0661672094115239,0.007798278252072427,-0.20130852770809762,-0.10839689953512939,0.012775348873783132,0.4939413689195811
38.050000000000004,-24.91865447785808,-19.03312164192358,1.4117607649409938,1.0373145226561737,0.55855397373794,-0.06582957547625735,-0.13290004685695173,-0.07156156369220502,0.008434041435152704,-0.19938888969162902,-0.1073632482954926,0.012653525691968771,0.4939413689195815
38.1,-24.86695902015124,-19.00528562623528,1.408480091663444,1.0304211328818573,0.5548421484748466,-0.06539211035596414,-0.1428182449597695,-0.07690213190141418,0.00906346554552382,-0.19731299097027094,-0.10624545667629963,0.012521785965421032,0.49394136891958146
38.15,-24.815620585618984,-18.97764185379484,1.40522207562582,1.0230344931844269,0.5508647270993069,-0.06492334283670415,-0.15262874160889608,-0.08218470702017466,0.009686054755949138,-0.19508083154402198,-0.10504352467755027,0.012380129694139838,0.49394136891958135
38.2,-24.764663698875232,-18.950203530163584,1.401988273197851,1.0151601839624487,0.5466247144413189,-0.06442362705915555,-0.16232372376908977,-0.08740508202950979,0.010301313239192157,-0.19269241141288226,-0.10375745229924417,0.012228556878125225,0.49394136891958146
38.25,-24.714112595747675,-18.92298370540259,1.3987802224224484,1.0068041762662545,0.5421253256818297,-0.0638933419553586,-0.1718953784051036,-0.0925590499104402,0.010908745168016142,-0.19014773057685233,-0.10238723954138204,0.012067067517377163,0.4939413689195815
38.300000000000004,-24.66399120374517,-18.895995263555086,1.3955994417761357,0.9979728317979296,0.5373699863527313,-0.0633328912487148,-0.1813358924816939,-0.0976424036439891,0.011507854715184385,-0.18744678903593143,-0.1009328864039632,0.011895661611895663,0.4939413689195811
38.35,-24.61432312252521,-18.869250912128958,1.3924474289294844,0.9886729029113283,0.5323623323368694,-0.06274270345398827,-0.19063745296361495,-0.10265093621117728,0.012098146053460162,-0.18458958679012102,-0.09939439288698827,0.011714339161680767,0.49394136891958146
38.400000000000006,-24.565131604361277,-18.842763171579147,1.3893256595075425,0.9789115326120659,0.5271062098680357,-0.062123231877304334,-0.19979224681562496,-0.10758044059302875,0.012679123355606895,-0.1815761238394193,-0.09777175899045662,0.011523100166732381,0.4939413689195814
38.45,-24.516439534610285,-18.816544364790154,1.3862355858502682,0.9686962545575201,0.5216056755309723,-0.06147495461615046,-0.208792461002476,-0.11242670977056383,0.01325029079438785,-0.17840640018382772,-0.0960649847143688,0.011321944627050624,0.4939413689195811
38.5,-24.468269412179993,-18.790606606558455,1.383178635772961,0.9580349930568276,0.5158649962613687,-0.0607983745593757,-0.2176302824889254,-0.1171855367248058,0.013811152542566348,-0.17508041582334555,-0.09427407005872461,0.0111108725426354,0.4939413689195812
38.550000000000004,-24.420643329996384,-18.764961793074974,1.3801562113266936,0.9469360630708866,0.5098886493458623,-0.06009401938719103,-0.22629789823972882,-0.12185271443677714,0.014361212772905871,-0.1715981707579727,-0.09239901502352373,0.01088988391348673,0.49394136891958146
38.6,-24.373582955471136,-18.739621591407534,1.3771696875587456,0.9354081702123676,0.5036813224220441,-0.059362441571169586,-0.23478749521964132,-0.12642403588749912,0.014899975658169529,-0.16795966498770964,-0.09043981960876685,0.010658978739604665,0.49394136891958124
38.650000000000006,-24.327109510968974,-18.714597428983296,1.3742204112730316,0.9234604107456912,0.4972479134784492,-0.0586042183742459,-0.24309126039341813,-0.13089529405799472,0.015426945371120762,-0.16416489851255547,-0.08839648381445317,0.010418157020989114,0.4939413689195813
38.7,-24.281243754275128,-18.689900483071227,1.3713096997905372,0.9111022715870475,0.4905935308545646,-0.05781995185071672,-0.25120138072581544,-0.13526228192928527,0.015941626084522858,-0.16021387133251172,-0.0862690076405833,0.010167418757640176,0.49394136891958174
38.75,-24.23600595906271,-18.665541670264535,1.3684388397097487,0.8983436303043874,0.48372349324082403,-0.05701026884624015,-0.2591100431815873,-0.13952079248239296,0.01644352197113913,-0.15610658344757797,-0.08405739108715725,0.009906763949557813,0.49394136891958124
38.800000000000004,-24.19141589536012,-18.64153163596314,1.3656090856670846,0.8851947551174193,0.47664332967861006,-0.056175820997836357,-0.2668094347254917,-0.1436666186983416,0.01693213720373312,-0.15184303485775208,-0.08176163415417421,0.00963619259674197,0.4939413689195809
38.85,-24.14749281001854,-18.617880743856137,1.3628216590973306,0.8716663048976248,0.4693587795602593,-0.0553172847338878,-0.2742917423222816,-0.14769555355815203,0.01740697595506784,-0.14742322556303672,-0.07938173684163528,0.00935570469919272,0.493941368919581
38.900000000000006,-24.104255407179217,-18.594599065404193,1.3600777469940657,0.8577693291682319,0.4618757926290483,-0.05443536127413785,-0.2815491529367143,-0.15160339004284631,0.017867542397906794,-0.14284715556343033,-0.07691769914953969,0.00906530025691002,0.49394136891958157
38.95,-24.06172182874099,-18.57169636932207,1.3573785006701011,0.8435152681042455,0.4542005289792088,-0.053530776629692696,-0.28857385353354276,-0.15538592113344601,0.018313340705013254,-0.13811482485893442,-0.07436952107788787,0.008764979269893924,0.4939413689195809
39.0,-24.019909634827624,-18.549182111061025,1.3547250345179067,0.8289159525324273,0.4463393590559222,-0.05260428160301956,-0.29535803107752523,-0.15903893981097522,0.0187438750491506,-0.13322623344954793,-0.07173720262667976,0.008454741738144391,0.49394136891958107
39.050000000000004,-23.97883578425526,-18.527065422291294,1.3521184247700455,0.8139836039312931,0.43829886365531123,-0.05165665178794753,-0.30189387253341676,-0.16255823905645514,0.0191586496030822,-0.12818138133526977,-0.06902074379591468,0.008134587661661379,0.4939413689195808
39.1,-23.938516614999838,-18.505355100384524,1.3495597082596051,0.7987308344311398,0.43008583392445987,-0.05068868756966862,-0.3081735648659713,-0.16593961185090775,0.019557168539571228,-0.12298026851610233,-0.06622014458559379,0.007804517040444961,0.4939413689195812
39.150000000000006,-23.898967824664457,-18.484059597896245,1.347049881180629,0.7831706468140068,0.4217072713613885,-0.04970121412473511,-0.31418929503994575,-0.16917885117535553,0.019938936031381138,-0.11762289499204413,-0.0633354049957162,0.007464529874495108,0.49394136891958146
39.2,-23.86020445094685,-18.4631870120483,1.34458989784855,0.76731643451371,0.41317038781507426,-0.04869508142106248,-0.3199332500200942,-0.1722717500108201,0.02030345625127519,-0.1121092607630957,-0.060366525026282314,0.00711462616381183,0.4939413689195809
39.25,-23.82224085210674,-18.442745074211324,1.3421806694606204,0.7511819816158151,0.40448260548543985,-0.04767116421792681,-0.32539761677117224,-0.17521410133832374,0.020650233372016658,-0.10643936582925687,-0.05731350467729235,0.0067548059083951655,0.49394136891958224
39.300000000000004,-23.7850906874333,-18.42274113938716,1.339823062856344,0.7347814628576617,0.3956515569233562,-0.04663036206596715,-0.3305745822579383,-0.17800169813889014,0.020978771566369146,-0.10061321019052626,-0.05417634394874513,0.006385069108244935,0.4939413689195811
39.35,-23.74876689771252,-18.40318217569136,1.3375178992779102,0.7181294436283476,0.3866850850306483,-0.045573599307183674,-0.33545633344514336,-0.1806303333935393,0.021288575007095613,-0.09463079384690709,-0.05095504284064239,0.006005415763361399,0.4939413689195808
39.400000000000006,-23.713281685694668,-18.384074753835588,1.335265953130623,0.7012408799687275,0.3775912430600843,-0.044501825074938564,-0.34003505729754785,-0.18309580008329507,0.02157914786695971,-0.08849211679839583,-0.04764960135298256,0.005615845873744369,0.49394136891958146
39.45,-23.678646496561644,-18.365425036610112,1.333067950743335,0.6841311185714275,0.3683782946153843,-0.04341601329395609,-0.34430294077990253,-0.18539389118917873,0.02184999431872454,-0.08219717904499528,-0.04426001948576672,0.005216359439393933,0.49394136891958157
39.5,-23.644871998394443,-18.347238768366243,1.330924569128878,0.666815896780827,0.35905471365121555,-0.04231716268032188,-0.3482521708569653,-0.1875203996922122,0.022100618535153545,-0.07574598058670413,-0.040786297238994705,0.004806956460310085,0.4939413689195824
39.550000000000004,-23.611968062640543,-18.32952126449875,1.3288364347444959,0.6493113425930727,0.3496291844731934,-0.041206296741483635,-0.3518749344934922,-0.18947111857341895,0.022330524689010003,-0.06913852142352123,-0.037228434612665645,0.0043876369364927005,0.4939413689195818
39.6,-23.579943744581318,-18.312277400928405,1.3268041222522757,0.6316339746560737,0.3401106017378862,-0.040084463776250974,-0.3551634186542356,-0.1912418408138192,0.02253921695305724,-0.06237480155544954,-0.033586431606780626,0.003958400867942007,0.4939413689195816
39.650000000000006,-23.548807263799453,-18.29551160358432,1.3248281532795805,0.6138007022694993,0.3305080704528073,-0.03895273687479521,-0.35810981030395506,-0.19282835939443732,0.022726199500058625,-0.05545482098248607,-0.029860288221338797,0.0035192482546578,0.4939413689195811
39.7,-23.518565984646365,-18.27922783788651,1.3229089951794808,0.5958288253847823,0.3208309059764219,-0.037812213918649897,-0.3607062964074035,-0.19422646729629423,0.02289097650277752,-0.048378579704633405,-0.026050004456341216,0.003070179096640206,0.49394136891958207
39.75,-23.489226396709594,-18.263429598228242,1.3210470597911854,0.5777360346051202,0.31108863401814224,-0.03666401758070977,-0.36294506392933634,-0.19543195750041226,0.023033052133977088,-0.04114607772188995,-0.022155580311787236,0.002611193393889175,0.493941368919582
39.800000000000004,-23.460794095280214,-18.24811989745858,1.3192427022004751,0.5595404111854603,0.3012909906383242,-0.035509295325231297,-0.36481829983451114,-0.19644062298781356,0.02315193056642085,-0.03375731503425497,-0.01817701578767592,0.0021422911464046364,0.49394136891958046
39.85,-23.433273761820292,-18.233301256364772,1.3174962195001338,0.5412604270325329,0.29144792224828825,-0.03434921940783409,-0.36631819108768127,-0.1972482567395207,0.02324711597287199,-0.02621229164173075,-0.014114310884008956,0.0016634723541867728,0.4939413689195832
39.900000000000006,-23.406669144430232,-18.21897569315474,1.31580784955038,0.5229149447048133,0.2815695856102851,-0.03318498687549806,-0.36743692465360267,-0.1978506517365553,0.02331811252609389,-0.01851100754431504,-0.009967465600785218,0.0011747370172354018,0.4939413689195828
39.95,-23.38098303831625,-18.205144712939518,1.3141777697393002,0.5045232174125478,0.2716663478375257,-0.03201781956656567,-0.3681666874970311,-0.19824360095993998,0.023364424398849958,-0.01065346274200984,-0.005736479938005677,0.0006760851355506514,0.4939413689195811
40.0,-23.356217266257723,-18.191809297215695,1.3126060957432784,0.48610488901774446,0.26174878639417043,-0.030848964110741502,-0.36849966658272243,-0.19842289739069674,0.023385555763903502,-0.0026396572348140737,-0.0014213538956695285,0.0001675167091324764,0.4939413689195818
40.050000000000004,-23.33237265907465,-18.178969893347887,1.3110928802874295,0.4676799940341564,0.25182768909531605,-0.02967969192909093,-0.36842804887543124,-0.1983843340098475,0.023381010794017637,0.0055304089772729445,0.0029779125262238124,-0.000350968262019242,0.49394136891958296
40.1,-23.309449036095046,-18.16662640405118,1.309638111906032,0.4492689576273342,0.24191405410702627,-0.028511299234042567,-0.36794402133991394,-0.19812370379841512,0.02335029366195595,0.013856735894248937,0.007461319327672331,-0.0008793697779042416,0.4939413689195815
40.150000000000006,-23.287445185622374,-18.154778176873588,1.3082417137029583,0.43089259561455534,0.23201908994630038,-0.027345107029385696,-0.36703977094092444,-0.19763679973742093,0.023292908540481678,0.022339323516117685,0.012028866508678517,-0.0014176878385228407,0.4939413689195837
40.2,-23.266358845402905,-18.143423993678486,1.3069035421121074,0.4125721144648849,0.2221542154810934,-0.02618246111027192,-0.3657074846432205,-0.19691941480788788,0.023208359602358158,0.030978171842875747,0.016680554069240416,-0.0019659224438747713,0.4939413689195841
40.25,-23.246186683093185,-18.132562060127096,1.305623385657836,0.3943291112991353,0.21233105993030518,-0.025024732063214622,-0.36393934941155537,-0.19596734199083804,0.023096151020348663,0.03977328087452242,0.021416382009357995,-0.002524073593960078,0.4939413689195843
40.300000000000004,-23.226924276727413,-18.122189995160916,1.3044009637153935,0.3761855738898848,0.20256146286378382,-0.023873315266088945,-0.36172755221068575,-0.19477637426729283,0.022955786967216542,0.04872465061106256,0.026236350329033587,-0.003092141288778951,0.4939413689195806
40.35,-23.208566095184878,-18.11230482048417,1.3032359252713486,0.3581638806614756,0.192857474202334,-0.022729630888132527,-0.35906428000536905,-0.19334230461827567,0.02278677161572531,0.0578322810524908,0.03114045902826403,-0.0036701255283311173,0.4939413689195834
40.400000000000006,-23.19110547865734,-18.102902950046264,1.3021278476840232,0.3402868006900063,0.18323135421769762,-0.02159512388994311,-0.35594171976035505,-0.19166092602480614,0.02258860913863785,0.06709617219881142,0.03612870810705215,-0.004258026312616884,0.4939413689195857
40.45,-23.17453461911649,-18.093980179524262,1.3010762354439311,0.3225774937033518,0.17369557353257517,-0.02047126402348228,-0.35235205844040546,-0.18972803146791054,0.02236080370871795,0.07651632405002227,0.04120109756539604,-0.0048558436416359756,0.4939413689195839
40.5,-23.1588445407813,-18.085531675805314,1.3000805189341977,0.3050595100811376,0.1642628131206128,-0.019359545832072507,-0.3482874830102702,-0.1875394139286076,0.02210285949872871,0.08609273660612103,0.04635762740329575,-0.00546357751538845,0.49394136891958196
40.550000000000004,-23.144025080585475,-18.077551966469102,1.2991400531910011,0.287756790854749,0.1549459643064038,-0.018261488650397784,-0.34374018043471044,-0.18509086638792158,0.021814280681433557,0.09582540986711387,0.051598297620753276,-0.006081227933874502,0.4939413689195825
40.6,-23.130064868644876,-18.07003492927031,1.2982541166640016,0.270693667707349,0.14575812876549502,-0.01717863660450499,-0.33870233767848146,-0.1823781818268741,0.021494571429595835,0.10571434383299416,0.056923108217765646,-0.0067087948970938095,0.4939413689195795
40.650000000000006,-23.11695130872487,-18.062973781621082,1.2974219099767708,0.25389486297383274,0.13671261852437255,-0.016112558611801255,-0.3331661417063308,-0.1793971532264852,0.02114323591597855,0.11575953850376723,0.062332059194335813,-0.007346278405046758,0.4939413689195845
40.7,-23.104670558707838,-18.056361070073454,1.2966425546872278,0.2373854896408994,0.12782295596048376,-0.015064848381057238,-0.3271237794830198,-0.17614357356778018,0.02075977831334546,0.12596099387942963,0.06782515055046179,-0.007993678457733034,0.4939413689195795
40.75,-23.093207511060495,-18.0501886598018,1.2959150920480698,0.2211910513469757,0.11910287380221762,-0.014037124412404341,-0.32056743797330567,-0.17261323583178095,0.0203437027944598,0.1363187099599813,0.07340238228614343,-0.008650995055152636,0.49394136891958107
40.800000000000004,-23.08254577330135,-18.044447724085344,1.2952384817672014,0.2053374423822595,0.11056631512891073,-0.01303102999733596,-0.3134893041419409,-0.16880193299950635,0.019894513532084584,0.14683268674542616,0.079063754401383,-0.009318228197305857,0.49394136891958784
40.85,-23.072667648468116,-18.039128733790523,1.2946116007681685,0.18985094768872968,0.10222743337085577,-0.012048233218707974,-0.30588156495368335,-0.16470545805198336,0.019411714698983663,0.15750292423575835,0.08480926689617718,-0.009995377884192356,0.4939413689195866
40.900000000000006,-23.063554115585095,-18.03422144685351,1.2940332419505922,0.1747582428600951,0.09410059230928242,-0.011090426950737038,-0.2977364073732832,-0.1603196039702299,0.01889481046791984,0.16832942243098434,0.09063891977052961,-0.010682444115812446,0.49394136891958323
40.95,-23.055184810130623,-18.02971489776265,1.2935021129505975,0.16008639414185594,0.08620036607638541,-0.010159328859002696,-0.2890460183655012,-0.155640163735271,0.01834330501165674,0.1793121813310991,0.09655271302443758,-0.011379426892165884,0.4939413689195882
41.0,-23.047538004504467,-18.025597387040865,1.2930168349012447,0.14586285843125885,0.07854153915529337,-0.0092566814004455,-0.27980258489509435,-0.15066293032812825,0.017756702502957897,0.19045120093610257,0.10255064665790112,-0.012086326213252677,0.49394136891958196
41.050000000000004,-23.040590588495252,-18.021856470728213,1.292575941192968,0.13211548327731062,0.0711391063800906,-0.008384251823368058,-0.26999829392680935,-0.1453836967298211,0.01713450711458585,0.20174648124599978,0.10863272067092254,-0.01280314207907304,0.4939413689195828
41.1,-23.034318049747817,-18.01847894986421,1.292177876233996,0.11887250688079708,0.06400827293581526,-0.00754383216743542,-0.2596253324254128,-0.13979825592137687,0.01647622301930496,0.21319802226078524,0.11479893506349907,-0.013529874489626708,0.4939413689195907
41.150000000000006,-23.028694454230703,-18.015450859970375,1.291820994210794,0.10616255809424006,0.057164454358437394,-0.006737239263673274,-0.24867588735565016,-0.1339024008838123,0.015781354389877676,0.2248058239804629,0.12104928983563333,-0.014266523444913977,0.49394136891958446
41.2,-23.023692426703516,-18.012757460532658,1.2915035578484921,0.09401465642195372,0.05062327653489928,-0.005966314734470558,-0.23714214568228328,-0.12769192459815346,0.015049405399067944,0.23656988640503024,0.12738378498732347,-0.015013088944934588,0.49394136891959045
41.25,-23.019283131184356,-18.01038322448388,1.2912237371713151,0.08245821201999463,0.0444005757030757,-0.0052329249935767815,-0.22501629437006748,-0.12116262004542111,0.014279880219638849,0.24849020953448578,0.13380242051856875,-0.015769570989688498,0.4939413689195968
41.300000000000004,-23.015436251417235,-18.008311827686207,1.290979608263017,0.07152302569618343,0.03851239845179177,-0.004538961246104165,-0.21229052038375082,-0.1143102802066365,0.013472283024353458,0.2605667933688352,0.14030519642937242,-0.016535969579176094,0.49394136891958873
41.35,-23.012119971339473,-18.00652613841356,1.2907691520273121,0.061239288910105036,0.03297500172082666,-0.0038863394885261227,-0.19895701068810154,-0.10713069806282419,0.012626117985975575,0.2727996379080724,0.14689211271973066,-0.017312284713396874,0.49394136891959217
41.400000000000006,-23.009300955549108,-18.005008206834134,1.2905902529483086,0.05163758377311562,0.0278048528009088,-0.0032770005086788147,-0.18500795224786262,-0.0996196665950041,0.011740889277268208,0.2851887431522031,0.1535631693896472,-0.018098516392351296,0.49394136891958695
41.45,-23.006944329772313,-18.003739254492785,1.2904406978509355,0.04274888304831637,0.023018629333708664,-0.002712909885758909,-0.17043553202779801,-0.09177297878419972,0.010816101070994769,0.2977341091012222,0.16031836643911931,-0.018894664616039083,0.49394136891957835
41.5,-23.00501366133086,-18.002699663793543,1.290318174661381,0.034604550150588664,0.018633219311854896,-0.002196057990326101,-0.15523193699266294,-0.08358642761143424,0.009851257539918811,0.3104357357551302,0.16715770386814652,-0.01970072938446016,0.4939413689195692
41.550000000000004,-23.0034709396094,-18.001868967481983,1.2902202711675193,0.02723633914655788,0.014665721078915547,-0.0017284599843012238,-0.1393893541072025,-0.0750558060577257,0.008845862856803265,0.3232936231139324,0.17408118167673242,-0.020516710697614935,0.49394136891957546
41.6,-23.002276556523025,-18.00122583812778,1.290144473779345,0.020676394754623496,0.011133443329414738,-0.0013121558209669235,-0.12289997033618591,-0.06617690710410049,0.007799421194411774,0.33630777117762156,0.1810887998648724,-0.021342608555502882,0.49394136891965845
41.650000000000006,-23.00138928698459,-18.00074807760709,1.2900881662894068,0.014957252344951873,0.008053905108820203,-0.0009492102449685381,-0.10575597264435857,-0.0569455237315788,0.006711436725507351,0.34947817994620417,0.18818055843257095,-0.022178422958124486,0.49394136891958157
41.7,-23.00076626937215,-18.000412606585,1.2900486286332324,0.010111837939452662,0.005444835813553572,-0.0006417127923118045,-0.08794954799648237,-0.04735744892118362,0.0055814136228536,0.36280484941967583,0.19535645737982507,-0.02302415390547942,0.49394136891974477
41.75,-23.000362985996386,-18.000195453998053,1.29002303564977,0.006173468211823911,0.003324175190983176,-0.0003917777903660953,-0.06947288335731351,-0.03740847565393854,0.004408856059214062,0.3762877795980364,0.2026164967066342,-0.023879801397567662,0.49394136891971546
41.800000000000004,-23.000133243567944,-18.000071746536584,1.2900084558418123,0.0031758504875039,0.001710073339425887,-0.0002015443578613713,-0.05031816569159814,-0.02709439691086131,0.0031932682073513804,0.3899269704812912,0.20996067641300215,-0.024745365434389592,0.4939413689198264
41.85,-23.00002915366498,-18.0000156981273,1.2900018501364314,0.001153082743691671,0.0006208907081457554,-7.317640488864684e-05,-0.03047758196410466,-0.01641100567297916,0.001934154240029574,0.40372242206943243,0.21738899649892446,-0.025620846015944734,0.49394136892174056
41.900000000000006,-23.00000096594632,-18.00000063206319,1.2900001010902542,0.0001487939026613304,7.341960424683182e-05,-7.061025980635268e-06,-0.010048373522570653,-0.005677383053906528,0.0007324942546144183,0.4150752517808311,0.21824475875558227,-0.02447254274788236,0.48001418411722413
41.95,-22.9999953050591,-18.00000020298029,1.2900006728280782,0.0003473720830801127,2.357791520246581e-05,3.6062135729469345e-05,0.008699059236206796,-0.0018232304244911648,0.001761057343085943,0.36836891260472865,0.07008695386074318,0.022216290303340755,0.15415138565780406
42.0,-22.9999656547243,-18.0,1.2900043941749795,0.0011300350957587245,0.0,0.0001445780196044251,0.02655804806813683,0.0,0.0033978679145998596,0.34096468419647075,0.0,0.04362342283101906,0.0
42.050000000000004,-22.999868904342385,-18.0,1.2900167725326654,0.0028799562798456787,0.0,0.00036846499462731485,0.04335526139888053,0.0,0.005546923149562658,0.3309401366218001,0.0,0.042340870420730314,0.0
42.1,-22.99966386972036,-18.0,1.2900430049034246,0.005457248164972529,0.0,0.0006982067505185443,0.059653690489174245,0.0,0.007632163341997293,0.32101331457857013,0.0,0.04107082112990531,0.0
42.150000000000006,-22.99930980376752,-18.0,1.2900883045179792,0.008837093696031964,0.0,0.0011306281640511484,0.07545822161559479,0.0,0.009654213647877571,0.3111842180667779,0.0,0.03981327495854364,0.0
42.2,-22.998767194138075,-18.0,1.2901577266323345,0.012994920131743838,0.0,0.0016625853697966385,0.09077374105471055,0.0,0.011613699223176205,0.3014528470864255,0.0,0.03856823190664562,0.0
42.25,-22.997997751015454,-18.0,1.2902561700906698,0.0179063990446571,0.0,0.002290965760125247,0.10560513508309358,0.0,0.013511245223866385,0.29181920163751307,0.0,0.03733569197421124,0.0
42.300000000000004,-22.99696439489661,-18.0,1.2903883788882275,0.023547446321150644,0.0,0.003012687985206039,0.11995728997731911,0.0,0.015347476805921708,0.28228328172003836,0.0,0.036115655161240205,0.0
42.35,-22.995631244376337,-18.0,1.2905589437342035,0.029894222161429108,0.0,0.003824701953006372,0.1338350920139548,0.0,0.017123019125314807,0.27284508733400425,0.0,0.0349081214677329,0.0
42.400000000000006,-22.99396360393157,-18.0,1.2907723036146375,0.0369231310795293,0.0,0.00472398882929272,0.14724342746957678,0.0,0.018838497338019383,0.2635046184794079,0.0,0.033713090893688964,0.0
42.45,-22.991927951705687,-18.0,1.2910327473553018,0.044610821903313225,0.0,0.005707561037629781,0.16018718262075393,0.0,0.020494536600008228,0.2542618751562514,0.0,0.03253056343910866,0.0
42.5,-22.989491927292843,-18.0,1.2913444151845919,0.052934187774472855,0.0,0.006772462259381087,0.17267124374405834,0.0,0.022091762067254526,0.24511685736453487,0.0,0.031360539103991975,0.0
42.550000000000004,-22.986624319522257,-18.0,1.2917113002964171,0.06187036614853082,0.0,0.007915767433709092,0.18470049711606468,0.0,0.023630798895731806,0.2360695651042561,0.0,0.03020301788833866,0.0
42.6,-22.983295054242518,-18.0,1.2921372504130897,0.07139673879483377,0.0,0.009134582757574321,0.19627982901334132,0.0,0.02511227224141279,0.2271199983754179,0.0,0.029057999792149066,0.0
42.650000000000006,-22.97947518210591,-18.0,1.2926259693482143,0.08149093179656244,0.0,0.010426045685736667,0.2074141257124637,0.0,0.0265368072602711,0.21826815717801754,0.0,0.02792548481542284,0.0
42.7,-22.975136866352717,-18.0,1.293181018569579,0.09213081555072114,0.0,0.01178732493075403,0.21810827349000125,0.0,0.027905029108279578,0.20951404151205702,0.0,0.026805472958160242,0.0
42.75,-22.970253370595515,-18.0,1.2938058187620443,0.10329450476814485,0.0,0.01321562046298324,0.228367158622526,0.0,0.02921756294141142,0.2008576513775363,0.0,0.02569796422036127,0.0
42.800000000000004,-22.9647990466035,-18.0,1.2945036513904344,0.11496035847349982,0.0,0.014708163510580127,0.2381956673866121,0.0,0.03047503391564009,0.1922989867744535,0.0,0.024602958602025677,0.0
42.85,-22.958749322086792,-18.0,1.2952776602624256,0.12710698000527484,0.0,0.016262216559498402,0.2475986860588287,0.0,0.031678067186938386,0.18383804770281112,0.0,0.023520456103153786,0.0
42.900000000000006,-22.952080688480727,-18.0,1.2961308530914368,0.13971321701579448,0.0,0.017875073353491353,0.25658110091575054,0.0,0.032827287911279854,0.1754748341626067,0.0,0.02245045672374528,0.0
42.95,-22.94477068873019,-18.0,1.2970661030595196,0.1527581614712054,0.0,0.01954405889411011,0.2651477982339474,0.0,0.0339233212446374,0.16720934615384211,0.0,0.021392960463800396,0.0
43.0,-22.936797905073917,-18.0,1.2980861503802483,0.16622114965148566,0.0,0.021266529440704788,0.2733036642899914,0.0,0.034966792342984214,0.15904158367651727,0.0,0.02034796732331913,0.0
43.050000000000004,-22.92814194682879,-18.0,1.29919360386161,0.18008176215044497,0.0,0.023039872510424584,0.2810535853604564,0.0,0.035958326362293694,0.1509715467306304,0.0,0.01931547730230125,0.0
43.1,-22.918783438174167,-18.0,1.3003909424688935,0.19431982387571448,0.0,0.024861506878216415,0.2884024477219119,0.0,0.03689854845853874,0.14299923531618391,0.0,0.018295490400747072,0.0
43.150000000000006,-22.90870400593616,-18.0,1.30168051688758,0.20891540404876227,0.0,0.026728882576826943,0.2953551376509321,0.0,0.037788083787692786,0.13512464943317545,0.0,0.01728800661865628,0.0
43.2,-22.897886267371966,-18.0,1.3030645510862335,0.22384881620487762,0.0,0.028639480896800528,0.3019165414240873,0.0,0.03862755750572882,0.12734778908160674,0.0,0.016293025956029113,0.0
43.25,-22.886313817954193,-18.0,1.3045451438793898,0.23910061819318165,0.0,0.030590814386480595,0.30809154531794963,0.0,0.03941759476862003,0.11966865426147778,0.0,0.015310548412865551,0.0
43.300000000000004,-22.873971219155127,-18.0,1.3061242704904468,0.25465161217662735,0.0,0.03258042685200968,0.3138850356090923,0.0,0.04015882073233976,0.11208724497278687,0.0,0.014340573989165389,0.0
43.35,-22.860843986231068,-18.0,1.307803784114555,0.2704828446319884,0.0,0.03460589335732793,0.31930189857408564,0.0,0.04085186055286097,0.10460356121553627,0.0,0.013383102684928915,0.0
43.400000000000006,-22.84691857600662,-18.0,1.3095854174815065,0.28657560634987633,0.0,0.03666482022417535,0.3243470204895032,0.0,0.041497339386157045,0.09721760298972375,0.0,0.012438134500155842,0.0
43.45,-22.832182374659023,-18.0,1.311470784418625,0.3029114324347231,0.0,0.03875484503208958,0.32902528763191574,0.0,0.042095882388201,0.08992937029535097,0.0,0.011505669434846382,0.0
43.5,-22.816623685502456,-18.0,1.3134613814136564,0.3194721023047928,0.0,0.04087363661840732,0.33334158627789534,0.0,0.042648114714966025,0.0827388631324179,0.0,0.01058570748900053,0.0
43.550000000000004,-22.80023171677232,-18.0,1.3155585891776593,0.3362396396921817,0.0,0.04301889507826443,0.3373008027040148,0.0,0.04315466152242543,0.07564608150092292,0.0,0.009678248662618091,0.0
43.6,-22.782996569409576,-18.0,1.317763674207892,0.3531963126428061,0.0,0.04518835176459431,0.340907823186845,0.0,0.04361614796655224,0.06865102540086819,0.0,0.008783292955699327,0.0
43.650000000000006,-22.76490922484505,-18.0,1.3200777903507066,0.370324633516421,0.0,0.047379769288130334,0.34416753400295885,0.0,0.04403319920331976,0.0617536948322516,0.0,0.00790084036824397,0.0
43.7,-22.745961532783724,-18.0,1.3225019803644356,0.38760735898660087,0.0,0.049590941517403356,0.34708482142892766,0.0,0.04440644038870107,0.05495408979507472,0.0,0.007030890900252222,0.0
43.75,-22.726146198989056,-18.0,1.3250371774822824,0.40502749004075284,0.0,0.051819693578743393,0.3496645717413235,0.0,0.04473649667866935,0.048252210289337516,0.0,0.00617344455172408,0.0
43.800000000000004,-22.70545677306729,-18.0,1.3276842069752144,0.4225682719801165,0.0,0.054063881856279625,0.35191167121671874,0.0,0.04502399322919786,0.04164805631503849,0.0,0.005328501322659351,0.0
43.85,-22.683887636251768,-18.0,1.3304437877148472,0.44021319441975093,0.0,0.05632139399193873,0.3538310061316847,0.0,0.04526955519625968,0.035141627872179636,0.0,0.004496061213058291,0.0
43.900000000000006,-22.661433989187223,-18.0,1.3333165337363402,0.45794599128855407,0.0,0.05859014888544738,0.35542746276279397,0.0,0.04547380773582807,0.028732924960759017,0.0,0.0036761242229206522,0.0
43.95,-22.638091839714107,-18.0,1.3363029558012827,0.47575064082924357,0.0,0.060868096694329715,0.35670592738661805,0.0,0.04563737600387615,0.02242194758077804,0.0,0.0028686903522466157,0.0
44.0,-22.613857990652892,-18.0,1.3394034629605858,0.4936113655983694,0.0,0.06315321883390904,0.3576712862797291,0.0,0.045760885156377114,0.016208695732236714,0.0,0.0020737596010361797,0.0
44.050000000000004,-22.58873002758836,-18.0,1.3426183641173721,0.511512632466314,0.0,0.06544352797730785,0.35832842571869905,0.0,0.04584496034930416,0.010093169415133683,0.0,0.0012913319692891725,0.0
44.1,-22.562706306653943,-18.0,1.3459478695898635,0.5294391526172797,0.0,0.06773706805544612,0.35868223198009974,0.0,0.045890226738630434,0.004075368629470709,0.0,0.0005214074570058201,0.0
44.150000000000006,-22.53578594231601,-18.0,1.3493920926742755,0.5473758815493075,0.0,0.07003191425704376,0.35873759134050337,0.0,0.04589730948032913,-0.0018447066247539849,0.0,-0.0002360139358141044,0.0
44.2,-22.50796879515819,-18.0,1.3529510512077023,0.5653080190742577,0.0,0.07232617302861828,0.35849939007648174,0.0,0.04586683373037342,-0.007667056347539051,0.0,-0.0009809322091704257,0.0
44.25,-22.47925545966567,-18.0,1.3566246691310098,0.5832210093178235,0.0,0.07461798207448626,0.3579725144646068,0.0,0.045799424644736485,-0.013391680538884496,0.0,-0.0017133473630631493,0.0
44.300000000000004,-22.4496472520095,-18.0,1.3604127780517257,0.6011005407195305,0.0,0.07690551035676346,0.3571618507814505,0.0,0.045695707379391486,-0.01901857919879162,0.0,-0.0024332593974924436,0.0
44.35,-22.419146197830923,-18.0,1.3643151188069262,0.6189325460327234,0.0,0.07918695809536316,0.35607228530358503,0.0,0.04555630709031164,-0.024547752327258747,0.0,-0.0031406683124580925,0.0
44.400000000000006,-22.387755020025647,-18.0,1.3683313430261304,0.6367032023245864,0.0,0.0814605567679986,0.35470870430758195,0.0,0.04538184893347006,-0.029979199924287478,0.0,-0.003835574107960295,0.0
44.45,-22.355477126528196,-18.0,1.3724610146941865,0.6543989309761234,0.0,0.08372456911018053,0.35307599407001355,0.0,0.04517295806483999,-0.035312921989876636,0.0,-0.0045179767839989005,0.0
44.5,-22.322316598096197,-18.0,1.3767036117141636,0.6720063976821701,0.0,0.08597728911521883,0.3511790408674518,0.0,0.044930259640394585,-0.040548918524026215,0.0,-0.00518787634057392,0.0
44.550000000000004,-22.28827817609466,-18.0,1.3810585274702425,0.6895125124513948,0.0,0.08821704203422262,0.3490227309764682,0.0,0.04465437881610698,-0.04568718952673738,0.0,-0.005845272777685498,0.0
44.6,-22.253367250280355,-18.0,1.3855250723906016,0.7069044296062861,0.0,0.0904421843760984,0.34661195067363537,0.0,0.04434594074795044,-0.050727734998008596,0.0,-0.006490166095333438,0.0
44.650000000000006,-22.21758984658606,-18.0,1.390102475510313,0.7241695477831704,0.0,0.09265110390755271,0.3439515862355246,0.0,0.04400557059189803,-0.055670554937841364,0.0,-0.007122556293517923,0.0
44.7,-22.180952614904896,-18.0,1.3947898860342265,0.7412955099321947,0.0,0.09484221965308964,0.3410465239387084,0.0,0.04363389350392301,-0.06051564934623461,0.0,-0.007742443372238823,0.0
44.75,-22.14346281687464,-18.0,1.3995863748998627,0.7582702033173379,0.0,0.09701398189501238,0.3379016500597587,0.0,0.043231534639998556,-0.06526301822318831,0.0,-0.008349827331496135,0.0
44.800000000000004,-22.105128313661993,-18.0,1.404490936340304,0.7750817595164111,0.0,0.09916487217342322,0.33452185087524683,0.0,0.042799119156097784,-0.06991266156870353,0.0,-0.008944708171289995,0.0
44.85,-22.065957553746966,-18.0,1.4095024894470796,0.791718554421046,0.0,0.10129340328622209,0.33091201266174575,0.0,0.04233727220819398,-0.0744645793827789,0.0,-0.009527085891620225,0.0
44.900000000000006,-22.025959560707104,-18.0,1.414619879733062,0.8081692082367121,0.0,0.10339811928910878,0.3270770216958263,0.0,0.04184661895226016,-0.0789187716654157,0.0,-0.010096960492486994,0.0
44.95,-21.98514392100185,-18.0,1.4198418806953514,0.8244225854826992,0.0,0.10547759549558067,0.3230217642540612,0.0,0.04132778454426963,-0.08327523841661301,0.0,-0.010654331973890182,0.0
45.0,-21.94352077175684,-18.0,1.4251671953781688,0.8404677949921291,0.0,0.10753043847693422,0.3187511266130226,0.0,0.040781394140195555,-0.08753397963637083,0.0,-0.011199200335829787,0.0
45.050000000000004,-21.90110078854819,-18.0,1.430594457935746,0.8562941899119563,0.0,0.10955528606226504,0.3142699950492813,0.0,0.04020807289601102,-0.0916949953246901,0.0,-0.011731565578305929,0.0
45.1,-21.857895173186854,-18.0,1.4361222351952112,0.8718913677029551,0.0,0.11155080733846638,0.3095832558394108,0.0,0.03960844596768935,-0.09575828548156957,0.0,-0.012251427701318452,0.0
45.150000000000006,-21.813915641502863,-18.0,1.4417490282194865,0.8872491701397379,0.0,0.11351570265023124,0.30469579525998175,0.0,0.038983138511203566,-0.09972385010701046,0.0,-0.012758786704867506,0.0
45.2,-21.769174411129704,-18.0,1.44747327387017,0.902357683310738,0.0,0.11544870360005036,0.2996124995875669,0.0,0.03833277568252696,-0.10359168920101187,0.0,-0.013253642588952974,0.0
45.25,-21.723684189288583,-18.0,1.4532933463704314,0.9172072376182199,0.0,0.11734857304821349,0.29433825509873834,0.0,0.037657982637632724,-0.10736180276357382,0.0,-0.013735995353574873,0.0
45.300000000000004,-21.677458160572737,-18.0,1.4592075588679,0.931788407778281,0.0,0.11921410511280953,0.2888779480700667,0.0,0.036959384532493866,-0.11103419079469716,0.0,-0.0142058449987333,0.0
45.35,-21.63050997473178,-18.0,1.4652141649975523,0.9460920128208391,0.0,0.12104412516972504,0.2832364647781257,0.0,0.03623760652308378,-0.11460885329438081,0.0,-0.014663191524428113,0.0
45.400000000000006,-21.58285373445595,-18.0,1.4713113604446073,0.9601091160896488,0.0,0.1228374898526463,0.27741869149948584,0.0,0.035493273765375456,-0.11808579026262576,0.0,-0.015108034930659448,0.0
45.45,-21.534503983160477,-18.0,1.4774972845074101,0.9738310252422866,0.0,0.12459308705305734,0.27142951451072006,0.0,0.03472701141534217,-0.12146500169943125,0.0,-0.015540375217427212,0.0
45.5,-21.485475692769864,-18.0,1.4837700216603265,0.9872492922501606,0.0,0.1263098359202412,0.26527382008840045,0.0,0.03393944462895716,-0.12474648760479733,0.0,-0.0159602123847314,0.0
45.550000000000004,-21.43578425150218,-18.0,1.4901276031166328,1.0003557133985104,0.0,0.12798668686128004,0.2589564945090977,0.0,0.033131198562193424,-0.1279302479787247,0.0,-0.016367546432572114,0.0
45.6,-21.385445451653418,-18.0,1.4965680083914012,1.0131423292863968,0.0,0.1296226215410538,0.25248242404938537,0.0,0.03230289837102437,-0.13101628282121244,0.0,-0.01676237736094922,0.0
45.650000000000006,-21.33447547738173,-18.0,1.5030891668643962,1.025601424826718,0.0,0.13121665288224194,0.2458564949858337,0.0,0.0314551692114229,-0.1340045921322614,0.0,-0.01714470516986284,0.0
45.7,-21.282890892491817,-18.0,1.5096889593429588,1.0377255292461933,0.0,0.13276782506532184,0.23908359359501616,0.0,0.030588636239362404,-0.136895175911871,0.0,-0.01751452985931289,0.0
45.75,-21.23070862821918,-18.0,1.5163652196248987,1.049507416085374,0.0,0.13427521352856994,0.2321686061535045,0.0,0.029703924610816067,-0.1396880341600412,0.0,-0.01787185142929937,0.0
45.800000000000004,-21.17794597101444,-18.0,1.5231157360613876,1.0609401031986418,0.0,0.1357379249680616,0.22511641893786932,0.0,0.028801659481756853,-0.14238316687677263,0.0,-0.018216669879822362,0.0
45.85,-21.124620550327677,-18.0,1.5299382531198413,1.072016852754202,0.0,0.13715509733767,0.21793191822468475,0.0,0.027882466008158222,-0.1449805740620645,0.0,-0.018548985210881757,0.0
45.900000000000006,-21.07075032639268,-18.0,1.5368304729468192,1.0827311712340937,0.0,0.13852589984906796,0.21061999029052028,0.0,0.02694696934599307,-0.14748025571591752,0.0,-0.018868797422477657,0.0
45.95,-21.016353578011323,-18.0,1.5437900569309042,1.093076809434181,0.0,0.1398495329717262,0.20318552141194957,0.0,0.025995794651234777,-0.14988221183833117,0.0,-0.01917610651461,0.0
46.0,-20.961448890337827,-18.0,1.5508146272656012,1.103047762464158,0.0,0.1411252284329144,0.19563339786554484,0.0,0.02502956707985651,-0.1521864424293055,0.0,-0.019470912487278773,0.0
46.050000000000004,-20.906055142663078,-18.0,1.5579017685122236,1.112638269747548,0.0,0.14235224921770107,0.18796850592787637,0.0,0.02404891178783127,-0.154392947488841,0.0,-0.019753215340484045,0.0
46.1,-20.85019149619896,-18.0,1.5650490291627803,1.1218428150217004,0.0,0.1435298895689529,0.18019573187551835,0.0,0.023054453931132538,-0.15650172701693696,0.0,-0.02002301507422574,0.0
46.150000000000006,-20.79387738186261,-18.0,1.5722539232028723,1.1306561263377977,0.0,0.14465747498733594,0.17231996198504015,0.0,0.02204681866573313,-0.15851278101359403,0.0,-0.020280311688503926,0.0
46.2,-20.73713248806079,-18.0,1.5795139316745757,1.139073176060846,0.0,0.1457343622313142,0.16434608253301558,0.0,0.02102663114760645,-0.16042610947881175,0.0,-0.02052510518331855,0.0
46.25,-20.67997674847416,-18.0,1.5868265042393355,1.1470891808696817,0.0,0.1467599393171506,0.15627897979601685,0.0,0.01999451653272573,-0.16224171241259025,0.0,-0.020757395558669622,0.0
46.300000000000004,-20.622430329841578,-18.0,1.5941890607408573,1.1546996017569737,0.0,0.14773362551890706,0.1481235400506139,0.0,0.018951099977063908,-0.16395958981492978,0.0,-0.020977182814557183,0.0
46.35,-20.564513619744446,-18.0,1.6015989927679903,1.1619001440292134,0.0,0.1486548713684436,0.13988464957338115,0.0,0.017897006636594416,-0.16557974168582987,0.0,-0.02118446695098116,0.0
46.400000000000006,-20.506247214390964,-18.0,1.6090536652176266,1.1686867573067246,0.0,0.1495231586554193,0.13156719464088834,0.0,0.016832861667290148,-0.16710216802529101,0.0,-0.02137924796794163,0.0
46.45,-20.447651906400505,-18.0,1.6165504178575825,1.1750556355236574,0.0,0.1503380004272916,0.12317606152970899,0.0,0.015759290225124577,-0.16852686883331286,0.0,-0.021561525865438545,0.0
46.5,-20.388748672587877,-18.0,1.6240865668894924,1.1810032169279927,0.0,0.15109894098931687,0.11471613651641495,0.0,0.014676917466070812,-0.16985384410989546,0.0,-0.0217313006434719,0.0
46.550000000000004,-20.32955866174762,-18.0,1.631659406511702,1.18652618408154,0.0,0.1518055559045501,0.10619230587757665,0.0,0.01358636854610176,-0.17108309385503903,0.0,-0.02188857230204174,0.0
46.6,-20.270103182438373,-18.0,1.6392662104821498,1.1916214638599345,0.0,0.1524574519938447,0.09760945588976827,0.0,0.012488268621190965,-0.17221461806874322,0.0,-0.02203334084114801,0.0
46.650000000000006,-20.210403690767116,-18.0,1.6469042336812663,1.196286227452644,0.0,0.1530542673358531,0.08897247282955942,0.0,0.011383242847311317,-0.17324841675100847,0.0,-0.022165606260790765,0.0
46.7,-20.150481778173535,-18.0,1.6545707136748564,1.2005178903629607,0.0,0.15359567126702595,0.08028624297352423,0.0,0.010271916380436225,-0.17418448990183444,0.0,-0.02228536856096997,0.0
46.75,-20.090359159214305,-18.0,1.6622628722769932,1.2043141124080081,0.0,0.15408136438161288,0.07155565259823408,0.0,0.009154914376538818,-0.1750228375212211,0.0,-0.022392627741685617,0.0
46.800000000000004,-20.03005765934737,-18.0,1.6699779171129097,1.2076727977187387,0.0,0.15451107853166232,0.06278558798025917,0.0,0.008032861991592047,-0.17576345960916875,0.0,-0.022487383802937747,0.0
46.85,-19.969599202716324,-18.0,1.6777130431818823,1.210592094739932,0.0,0.1548845768270209,0.05398093539617441,0.0,0.006906384381569436,-0.17640635616567713,0.0,-0.02256963674472632,0.0
46.900000000000006,-19.909005799934626,-18.0,1.685465434420129,1.2130703962301972,0.0,0.15520165363533422,0.04514658112254902,0.0,0.005776106702443811,-0.1769515271907464,0.0,-0.022639386567051348,0.0
46.95,-19.84829953587,-18.0,1.6932322652636909,1.2151063392619714,0.0,0.15546213458204652,0.03628741143595636,0.0,0.00464265411018858,-0.1773989726843764,0.0,-0.02269663326991283,0.0
47.0,-19.7875025574287,-18.0,1.7010107022113283,1.2166988052215204,0.0,0.15566587655040048,0.027408312612969055,0.0,0.0035066517607769713,-0.17774869264656726,0.0,-0.022741376853310766,0.0
47.050000000000004,-19.72663706133978,-18.0,1.7087979053874103,1.2178469198089377,0.0,0.15581276768143773,0.01851417093015708,0.0,0.0023687248101819137,-0.17800068707731892,0.0,-0.022773617317245184,0.0
47.1,-19.665725281939505,-18.0,1.7165910301047989,1.2185500530381477,0.0,0.15590272737399846,0.00960987266409458,0.0,0.0012294984143768643,-0.17815495597663134,0.0,-0.02279335466171605,0.0
47.150000000000006,-19.604789478955542,-18.0,1.7243872284277473,1.218807819236902,0.0,0.1559357062847215,0.000700304091351231,0.0,8.959772933471693e-05,-0.1782114993445047,0.0,-0.02280058888672336,0.0
47.2,-19.543851925291357,-18.0,1.7321836507347825,1.218620077046781,0.0,0.15591168632804425,-0.00820964851149906,0.0,-0.0010503520889711257,-0.17817031718093881,0.0,-0.022795319992267138,0.0
47.25,-19.482934894810487,-18.0,1.7399774472815999,1.217986929423194,0.0,0.1558306806762029,-0.017115098867884666,0.0,-0.002189725884567543,-0.1780314094859337,0.0,-0.022777547978347377,0.0
47.300000000000004,-19.422060650120837,-18.0,1.747765769763952,1.2169087236353777,0.0,0.15569273375923218,-0.026011160701235356,0.0,-0.003327898501481524,-0.17779477625948945,0.0,-0.022747272844964073,0.0
47.35,-19.36125143035903,-18.0,1.7555457728805357,1.2153860512663968,0.0,0.15549792126496556,-0.03489294773497608,0.0,-0.004464244783739543,-0.17746041750160604,0.0,-0.022704494592117222,0.0
47.400000000000006,-19.300529438974664,-18.0,1.7633146158958888,1.2134197482131481,0.0,0.1552463501390353,-0.043755573692538165,0.0,-0.005598139575368803,-0.17702833321228342,0.0,-0.022649213219806813,0.0
47.45,-19.23991683151467,-18.0,1.7710694642032707,1.211010894686356,0.0,0.15493815858487212,-0.05259415229734783,0.0,-0.006728957720395911,-0.17649852339152158,0.0,-0.022581428728032885,0.0
47.5,-19.17943570340758,-18.0,1.77880749088756,1.2081608152105703,0.0,0.15457351606370542,-0.06140379727283273,0.0,-0.007856074062847666,-0.17587098803932066,0.0,-0.02250114111679542,0.0
47.550000000000004,-19.11910807774785,-18.0,1.7865258782881428,1.2048710786241705,0.0,0.15415262329456325,-0.07017962234242259,0.0,-0.008978863446751098,-0.17514572715568047,0.0,-0.02240835038609439,0.0
47.6,-19.0589558930802,-18.0,1.7942218195617983,1.2011434980793683,0.0,0.1536757122542724,-0.07891674122954324,0.0,-0.010096700716132716,-0.1743227407406012,0.0,-0.022303056535929826,0.0
47.650000000000006,-18.99900099118385,-18.0,1.801892520245596,1.1969801310422001,0.0,0.15314304617745816,-0.08761026765762532,0.0,-0.011208960715019672,-0.1734020287940826,0.0,-0.022185259566301723,0.0
47.7,-18.939265104856915,-18.0,1.8095351998197775,1.1923832792925326,0.0,0.1525549195565447,-0.09625531535009468,0.0,-0.012315018287438534,-0.1723835913161249,0.0,-0.022054959477210083,0.0
47.75,-18.879769845700647,-18.0,1.8171470932706533,1.1873554889240605,0.0,0.15191165814175492,-0.10484699803037985,0.0,-0.013414248277416146,-0.1712674283067281,0.0,-0.021912156268654902,0.0
47.800000000000004,-18.820536691903758,-18.0,1.8247254526534902,1.1818995503443066,0.0,0.15121361894111002,-0.11338042942191036,0.0,-0.0145060255289796,-0.17005353976589194,0.0,-0.02175684994063615,0.0
47.85,-18.761586976026773,-18.0,1.832267548655398,1.1760184982746251,0.0,0.1504611902204302,-0.12185072324811191,0.0,-0.015589724886155386,-0.16874192569361676,0.0,-0.021589040493153876,0.0
47.900000000000006,-18.702941872786273,-18.0,1.8397706721582274,1.1697156117501948,0.0,0.14965479150333386,-0.13025299323241482,0.0,-0.016664721192970633,-0.16733258608990215,0.0,-0.02140872792620805,0.0
47.95,-18.644622386839245,-18.0,1.84723213580145,1.162994414120025,0.0,0.14879487357123858,-0.13858235309824526,0.0,-0.01773038929345188,-0.1658255209547486,0.0,-0.021215912239798698,0.0
48.0,-18.586649340567387,-18.0,1.8546492755450557,1.1558586730469544,0.0,0.14788191846336057,-0.14683391656903175,0.0,-0.018786104031626016,-0.16422073028815592,0.0,-0.021010593433925806,0.0
48.050000000000004,-18.529043361861383,-18.0,1.8620194522324411,1.148312400507648,0.0,0.14691643947671404,-0.15500279736820385,0.0,-0.019831240251520083,-0.16251821409012376,0.0,-0.020792771508589335,0.0
48.1,-18.47182487190528,-18.0,1.8693400531532955,1.140359852792603,0.0,0.14589898116611266,-0.16308410921918698,0.0,-0.020865172797160606,-0.1607179723606527,0.0,-0.020562446463789373,0.0
48.150000000000006,-18.415014072960712,-18.0,1.8766084936064977,1.1320055305061416,0.0,0.14483011934416837,-0.1710729658454117,0.0,-0.02188727651257463,-0.15882000509974223,0.0,-0.020319618299525832,0.0
48.2,-18.35863093615128,-18.0,1.8838222184629985,1.1232541785664167,0.0,0.1437104610812919,-0.1789644809703046,0.0,-0.02289692624178883,-0.1568243123073927,0.0,-0.020064287015798748,0.0
48.25,-18.30269518924682,-18.0,1.8909787037287158,1.11411078620541,0.0,0.14254064470569236,-0.18675376831729307,0.0,-0.023893496828830046,-0.15473089398360415,0.0,-0.019796452612608154,0.0
48.300000000000004,-18.24722630444772,-18.0,1.8980754581074242,1.1045805869689285,0.0,0.14132133980337788,-0.19443594160980737,0.0,-0.024876363117725283,-0.15253975012837612,0.0,-0.019516115089953986,0.0
48.35,-18.192243486169257,-18.0,1.9051100245636396,1.0946690587166132,0.0,0.14005324721815526,-0.2020061145712733,0.0,-0.025844899952501058,-0.1502508807417092,0.0,-0.01922327444783632,0.0
48.400000000000006,-18.137765658825835,-18.0,1.9120799818855188,1.0843819236219285,0.0,0.13873709905162931,-0.2094594009251207,0.0,-0.026798482177184512,-0.14786428582360278,0.0,-0.018917930686255052,0.0
48.45,-18.08381145461538,-18.0,1.9189829462477392,1.0737251481721712,0.0,0.1373736586632045,-0.21679091439477666,0.0,-0.02773648463580227,-0.1453799653740573,0.0,-0.01860008380521026,0.0
48.5,-18.03039920130358,-18.0,1.925816572774395,1.0627049431684648,0.0,0.13596372067008328,-0.22399576870366877,0.0,-0.028658282172381106,-0.14279791939307288,0.0,-0.01826973380470194,0.0
48.550000000000004,-17.977546910008243,-18.0,1.932578557101887,1.0513277637257603,0.0,0.1345081109472667,-0.23106907757522682,0.0,-0.02956324963094805,-0.14011814788064889,0.0,-0.01792688068473004,0.0
48.6,-17.925272262983576,-18.0,1.939266636941808,1.0396003092728403,0.0,0.13300768662755494,-0.23800595473287622,0.0,-0.03045076185552967,-0.13734065083678612,0.0,-0.01757152444529468,0.0
48.650000000000006,-17.873592601404482,-18.0,1.945878593643839,1.0275295235523128,0.0,0.13146333610154629,-0.2448015139000475,0.0,-0.03132019369015313,-0.13446542826148386,0.0,-0.017203665086395693,0.0
48.7,-17.82252491315092,-18.0,1.9524122537586326,1.0151225946206197,0.0,0.12987597901763834,-0.2514508688001681,0.0,-0.032170919978845,-0.13149248015474244,0.0,-0.016823302608033174,0.0
48.75,-17.772085820592167,-18.0,1.9588654906007084,1.0023869548480253,0.0,0.128246566282027,-0.25794913315666457,0.0,-0.033002315565632025,-0.12842180651656201,0.0,-0.016430437010207175,0.0
48.800000000000004,-17.722291568371126,-18.0,1.9652362258113414,0.9893302809186232,0.0,0.12657608005870644,-0.264291420692967,0.0,-0.03381375529454125,-0.12525340734694218,0.0,-0.01602506829291758,0.0
48.85,-17.673158011188683,-18.0,1.9715224309214483,0.9759604938303418,0.0,0.12486553376947039,-0.27047284513250175,0.0,-0.03460461400959931,-0.12198728264588363,0.0,-0.015607196456164475,0.0
48.900000000000006,-17.624700601587943,-18.0,1.9777221289144842,0.962285758894929,0.0,0.12311597209391029,-0.27648852019869785,0.0,-0.03537426655483328,-0.11862343241338527,0.0,-0.015176821499947778,0.0
48.95,-17.57693437773861,-18.0,1.9838333957893255,0.9483144857379692,0.0,0.12132847096941686,-0.2823335596149824,0.0,-0.03612208777426979,-0.11516185664944789,0.0,-0.014733943424267575,0.0
49.0,-17.529873951221248,-18.0,1.9898543621231644,0.9340553282988724,0.0,0.11950413759117962,-0.28800307710478495,0.0,-0.036847452511935684,-0.11160255535407168,0.0,-0.014278562229123855,0.0
49.050000000000004,-17.483533494811603,-18.0,1.9957832146343983,0.9195171848308743,0.0,0.11764411041218581,-0.2934921863915332,0.0,-0.03754973561185778,-0.10794552852725586,0.0,-0.013810677914516518,0.0
49.1,-17.437926730264923,-18.0,2.001618197745518,0.9047091979010461,0.0,0.11574955914322237,-0.29879600119865307,0.0,-0.03822831191806284,-0.10419077616900133,0.0,-0.013330290480445721,0.0
49.150000000000006,-17.393066916100242,-18.0,2.0073576151459993,0.8896407543902783,0.0,0.11382168475287428,-0.30390963524957576,0.0,-0.03888255627457796,-0.10033829827930701,0.0,-0.01283739992691133,0.0
49.2,-17.348966835384726,-18.0,2.0129998313551902,0.8743214854933006,0.0,0.11186171946752559,-0.3088282022677272,0.0,-0.0395118435254297,-0.09638809485817387,0.0,-0.012332006253913414,0.0
49.25,-17.30563878351794,-18.0,2.0185432732852053,0.8587612667186633,0.0,0.10987092677135873,-0.3135468159765353,0.0,-0.04011554851464485,-0.09234016590560187,0.0,-0.011814109461451961,0.0
49.300000000000004,-17.263094556016174,-18.0,2.023986431803814,0.8429702178887443,0.0,0.10785060140635461,-0.3180605900994299,0.0,-0.04069304608625042,-0.08819451142158999,0.0,-0.011283709549526915,0.0
49.35,-17.221345436296776,-18.0,2.029327863297324,0.8269587031397618,0.0,0.10580206937229349,-0.32236463835983725,0.0,-0.04124371108427316,-0.08395113140613956,0.0,-0.010740806518138395,0.0
49.400000000000006,-17.180402183462412,-18.0,2.0345661912334854,0.8107373309217468,0.0,0.10372668792675319,-0.3264540744811866,0.0,-0.04176691835273997,-0.07961002585924933,0.0,-0.010185400367286252,0.0
49.45,-17.140275020085415,-18.0,2.0397001077243666,0.7943169539985692,0.0,0.10162584558511137,-0.3303240121869051,0.0,-0.04226204273567746,-0.07517119478092014,0.0,-0.009617491096970628,0.0
49.5,-17.10097361999208,-18.0,2.04472837508925,0.7777086694479258,0.0,0.0995009621205438,-0.33396956520042054,0.0,-0.04272845907711252,-0.07063463817115226,0.0,-0.009037078707191516,0.0
49.550000000000004,-17.062507096046954,-18.0,2.049649827417523,0.7609238186613388,0.0,0.0973534885640246,-0.3373858472451627,0.0,-0.04316554222107221,-0.06600035602994452,0.0,-0.00844416319794875,0.0
49.6,-17.024883987937187,-18.0,2.0544633721315666,0.7439739873441666,0.0,0.09518490720432758,-0.34056797204455835,0.0,-0.04357266701158311,-0.061268348357298205,0.0,-0.00783874456924252,0.0
49.650000000000006,-16.988112249956792,-18.0,2.0591679915496464,0.7268710055155837,0.0,0.09299673158802342,-0.3435110533220352,0.0,-0.0439492082926721,-0.05643861515321201,0.0,-0.007220822821072688,0.0
49.7,-16.952199238790996,-18.0,2.0637627444488,0.7096269475086046,0.0,0.09079050651948331,-0.34621020480102144,0.0,-0.044294540908365945,-0.05151115641768701,0.0,-0.006590397953439355,0.0
49.75,-16.917151701300526,-18.0,2.0682467676277283,0.6922541319700664,0.0,0.08856780806087644,-0.34866054020494597,0.0,-0.04460803970269157,-0.04648597215072323,0.0,-0.005947469966342496,0.0
49.800000000000004,-16.882975762305904,-18.0,2.0726192774696868,0.6747651218606351,0.0,0.08633024353217002,-0.3508571732572366,0.0,-0.04488907951967584,-0.04136306235231953,0.0,-0.005292038859782008,0.0
49.85,-16.849676912371798,-18.0,2.076879571505373,0.6571727244548127,0.0,0.08407945151113094,-0.35279521768132105,0.0,-0.045137035203345395,-0.036142427022477434,0.0,-0.004624104633758113,0.0
49.900000000000006,-16.817259995591282,-18.0,2.081027029975822,0.6394899913409163,0.0,0.08181710183332352,-0.3544697872006275,0.0,-0.0453512815977272,-0.03082406616119527,0.0,-0.003943667288270539,0.0
49.95,-16.7857291973702,-18.0,2.0850611173952847,0.6217302184211045,0.0,0.07954489559211238,-0.3558759955385835,0.0,-0.04553119354684805,-0.025407979768474233,0.0,-0.0032507268233194584,0.0
50.0,-16.755088032211408,-18.0,2.0889813841141303,0.6039069459113591,0.0,0.07726456513865958,-0.357008956418618,0.0,-0.04567614589473481,-0.019894167844314564,0.0,-0.0025452832389049247,0.0
50.050000000000004,-16.72533933149913,-18.0,2.09278746788173,0.5860339583414845,0.0,0.07497787408192555,-0.35786378356415777,0.0,-0.04578551348541421,-0.014282630388715006,0.0,-0.00182733653502675,0.0
50.1,-16.696485231283265,-18.0,2.096479095409348,0.5681252845551287,0.0,0.0726866172886712,-0.35843559069863157,0.0,-0.045858671162913096,-0.008573367401676898,0.0,-0.0010968867116851076,0.0
50.150000000000006,-16.66852716006366,-18.0,2.100056083933032,0.5501951977097503,0.0,0.07039262088345359,-0.35871949154546784,0.0,-0.04589499377125831,-0.0027663788831987874,0.0,-0.0003539337688798107,0.0
50.2,-16.64146582657447,-18.0,2.1035183427765016,0.5322582152766493,0.0,0.06809774224863034,-0.35871059982809433,0.0,-0.04589385615447668,0.003138335166718079,0.0,0.00040152229338896674,0.0
50.25,-16.615301207568432,-18.0,2.1068658749140394,0.5143290990409523,0.0,0.0658038700243576,-0.35840402926993925,0.0,-0.04585463315659501,0.009140774748073632,0.0,0.0011694814751212318,0.0
50.300000000000004,-16.590032535601168,-18.0,2.110098778533381,0.4964228551016101,0.0,0.06351292410858883,-0.3577948935944292,0.0,-0.04577669962164003,0.015240939860869161,0.0,0.0019499437763171325,0.0
50.35,-16.565658286815516,-18.0,2.1132172485986045,0.4785547338714089,0.0,0.061226855657077625,-0.35687830652499386,0.0,-0.04565943039363881,0.021438830505103156,0.0,0.0027429091969764785,0.0
50.400000000000006,-16.54217616872583,-18.0,2.1162215784130205,0.4607402300769539,0.0,0.05894764708337523,-0.35564938178506134,0.0,-0.04550220031661809,0.027734446680777236,0.0,0.0035483777370994883,0.0
50.45,-16.519583108002283,-18.0,2.1191121611820622,0.4429950827586872,0.0,0.05667731205883225,-0.354103233098059,0.0,-0.045304384234604526,0.03412778838788991,0.0,0.004366349396685974,0.0
50.5,-16.497875238255187,-18.0,2.121889491576176,0.4253352752708754,0.0,0.0544178955125978,-0.3522349741874156,0.0,-0.04506535699162513,0.040618855626441366,0.0,0.005196824175735914,0.0
50.550000000000004,-16.47704788781929,-18.0,2.1245541672937103,0.4077770352816155,0.0,0.05217147363161905,-0.35003971877655815,0.0,-0.04478449343170666,0.04720764839643296,0.0,0.006039802074249516,0.0
50.6,-16.457095567538076,-18.0,2.1271068906238058,0.3903368347728324,0.0,0.04994015386064222,-0.34751258058891465,0.0,-0.04446116839887578,0.05389416669786273,0.0,0.0068952830922265635,0.0
50.650000000000006,-16.43801195854812,-18.0,2.1295484700092855,0.37303139004027736,0.0,0.047726074902212465,-0.3446486733479139,0.0,-0.044094756737159416,0.060678410530732786,0.0,0.007763267229667288,0.0
50.7,-16.419789900063343,-18.0,2.1318798216095436,0.3558776616935391,0.0,0.045531406716673856,-0.34144311077698364,0.0,-0.04368463329058453,0.0675603798950415,0.0,0.008643754486571495,0.0
50.75,-16.402421377159346,-18.0,2.1341019708634374,0.3388928546560241,0.0,0.04335835052216815,-0.3378910065995529,0.0,-0.04323017290317787,0.07454007479078872,0.0,0.009536744862939168,0.0
50.800000000000004,-16.385897508557704,-18.0,2.1362160540521775,0.3220944181649697,0.0,0.041209138794636335,-0.3339874745390482,0.0,-0.042730750418966235,0.08161749521797619,0.0,0.010442238358770523,0.0
50.85,-16.370208534410292,-18.0,2.138223319862214,0.30550004577144785,0.0,0.03908603526781805,-0.32972762831889796,0.0,-0.04218574068197656,0.08879264117660196,0.0,0.011360234974065303,0.0
50.900000000000006,-16.35534380408358,-18.0,2.140125130948131,0.28912767534034883,0.0,0.03699133493325104,-0.32510658166252976,0.0,-0.0415945185362354,0.09606551266666785,0.0,0.01229073470882371,0.0
50.95,-16.341291763942962,-18.0,2.141922965495534,0.2729954890504046,0.0,0.034927364040272905,-0.32011944829337335,0.0,-0.04095645882576976,0.10343610968817239,0.0,0.0132337375630456,0.0
51.0,-16.32803994513704,-18.0,2.143618418783939,0.2571219133941672,0.0,0.032896480096019,-0.314761341934856,0.0,-0.04027093639460635,0.11090443224111551,0.0,0.014189243536730975,0.0
51.050000000000004,-16.315574951381937,-18.0,2.1452132047496644,0.2415256191780174,0.0,0.030901071865423305,-0.30902737631040433,0.0,-0.039537326086772115,0.11847048032549906,0.0,0.015157252629880045,0.0
51.1,-16.303882446745632,-18.0,2.1467091575487216,0.22622552152217018,0.0,0.02894355937121934,-0.3029126651434491,0.0,-0.03875500274629402,0.12613425394132072,0.0,0.016137764842492526,0.0
51.150000000000006,-16.29294714343222,-18.0,2.148108233119703,0.2112407798606582,0.0,0.027026393893937645,-0.2964123221574158,0.0,-0.03792334121719855,0.13389575308858248,0.0,0.017130780174568677,0.0
51.2,-16.28275278956626,-18.0,2.1494125107466706,0.19659079794135373,0.0,0.025152057971908975,-0.2895214610757326,0.0,-0.037041716343512755,0.14175497776728294,0.0,0.0181362986261083,0.0
51.25,-16.273282156977082,-18.0,2.150624194622051,0.1822952238259548,0.0,0.023323065401262475,-0.2822351956218294,0.0,-0.03610950296926341,0.14971192797742194,0.0,0.019154320197111396,0.0
51.300000000000004,-16.264517028983068,-18.0,2.15174561540952,0.16837394988998555,0.0,0.021541961235925278,-0.27454863951913333,0.0,-0.035126075938477344,0.15776660371900145,0.0,0.02018484488757819,0.0
51.35,-16.256438188176,-18.0,2.1527792318068952,0.15484711282279995,0.0,0.01981132178762366,-0.26645690649107273,0.0,-0.03409081009518147,0.165919004992019,0.0,0.021227872697508348,0.0
51.400000000000006,-16.249025404205323,-18.0,2.1537276321090264,0.1417350936275775,0.0,0.018133754625881817,-0.25795511026107387,0.0,-0.03300308028340212,0.17416913179647658,0.0,0.022283403626902183,0.0
51.45,-16.24225742156249,-18.0,2.1545935357706836,0.12905851762133166,0.0,0.01651189857802404,-0.24903836455256634,0.0,-0.0318622613471666,0.182516984132373,0.0,0.023351437675759517,0.0
51.5,-16.236111947365252,-18.0,2.1553797949694466,0.11683825443490442,0.0,0.014948423729172215,-0.2397017830889785,0.0,-0.03066772813050174,0.19096256199970812,0.0,0.024431974844080325,0.0
51.550000000000004,-16.230565639141982,-18.0,2.156089396168599,0.10509541801296363,0.0,0.013446031422246988,-0.22994047959373812,0.0,-0.029418855477434027,0.19950586539848336,0.0,0.02552501513186482,0.0
51.6,-16.225594092615975,-18.0,2.1567254616800167,0.09385136661400281,0.0,0.012007454257968163,-0.21974956779027444,0.0,-0.028115018231990842,0.2081468943286966,0.0,0.026630558539112698,0.0
51.650000000000006,-16.221171829489727,-18.0,2.1572912512270515,0.08312770281034772,0.0,0.01063545609485357,-0.20912416140201234,0.0,-0.026755591238198456,0.21688564879035027,0.0,0.02774860506582426,0.0
51.7,-16.217272285229306,-18.0,2.157790163507428,0.07294627348815562,0.0,0.009332832049220696,-0.19805937415238223,0.0,-0.02533994934008398,0.22572212878344258,0.0,0.028879154711999287,0.0
51.75,-16.213867796848614,-18.0,2.158225737756134,0.06332916984740844,0.0,0.00810240849518383,-0.18655031976481065,0.0,-0.023867467381674248,0.2346563343079735,0.0,0.0300222074776378,0.0
51.800000000000004,-16.210929590693713,-18.0,2.158601655308306,0.05429872740191664,0.0,0.006947043064657293,-0.174592111962726,0.0,-0.022337520206995795,0.2436882653639447,0.0,0.031177763362740023,0.0
51.85,-16.208427770227114,-18.0,2.1589217411621204,0.045877525979321196,0.0,0.005869624647354583,-0.1621798644695598,0.0,-0.020749482660075952,0.25281792195135394,0.0,0.03234582236730561,0.0
51.900000000000006,-16.206331303812103,-18.0,2.159189965541688,0.03808838972108811,0.0,0.004873073390786969,-0.1493086910087335,0.0,-0.01910272958494088,0.2620453040702037,0.0,0.03352638449133492,0.0
51.95,-16.20460801249707,-18.0,2.159410445459935,0.0309543870825194,0.0,0.003960340700264079,-0.13597370530368005,0.0,-0.017396635825617845,0.2713704117204918,0.0,0.03471944973482766,0.0
52.0,-16.203224557799775,-18.0,2.159587446281502,0.024498830832737795,0.0,0.0031344092388946904,-0.12217002107782897,0.0,-0.015630576226133876,0.28079324490221863,0.0,0.0359250180977839,0.0
52.050000000000004,-16.20214642949166,-18.0,2.1597253832856276,0.018745278054691707,0.0,0.002398292927585921,-0.10789275205460208,0.0,-0.013803925630515168,0.290313803615386,0.0,0.037143089580203834,0.0
52.1,-16.201337933382213,-18.0,2.1598288232290423,0.013717530145174704,0.0,0.0017550369450443797,-0.0931370119574321,0.0,-0.011916058882789089,0.2999320878599909,0.0,0.03837366418208713,0.0
52.150000000000006,-16.20076217910322,-18.0,2.1599024859088543,0.009439632814791085,0.0,0.001207717727775455,-0.07789791450974491,0.0,-0.009966350826982006,0.3096480976360365,0.0,0.03961674190343413,0.0
52.2,-16.20038106789307,-18.0,2.1599512457254457,0.005935876087979521,0.0,0.0007594429700810785,-0.06217057343497068,0.0,-0.007954176307121094,0.3194618329435208,0.0,0.040872322744244564,0.0
52.25,-16.200155280381118,-18.0,2.159980133245358,0.0032307943030179653,0.0,0.0004133516240637492,-0.04595010245653644,0.0,-0.00587891016723321,0.3293732937824435,0.0,0.0421404067045185,0.0
52.300000000000004,-16.20004426437195,-18.0,2.1599943367641794,0.0013491661120013999,0.0,0.0001726138996244645,-0.029231615297869048,0.0,-0.0037399272513449038,0.33938248015280664,0.0,0.04342099378425617,0.0
52.35,-16.200006222629668,-18.0,2.1599992038694436,0.00031601448084849664,0.0,4.043126446200271e-05,-0.012010225682400054,0.0,-0.0015366024034833463,0.34948939205460744,0.0,0.0447140839834572,0.0
52.400000000000006,-16.199977804032777,-17.999992588214553,2.159999439076604,0.0013365956894857132,0.0004418015423615119,-3.170331798721746e-05,0.050202037047378176,0.01744022323396605,-0.001579077096875599,1.2050032254220702,0.3349549864794001,0.00048430122080486,0.13999503701717045
52.45,-16.199838420380516,-17.999946140126838,2.159995960509513,0.00583243371005381,0.0019441445700179366,-0.00014581084275134526,0.15524160578565882,0.05174720192855294,-0.0038810401446414695,2.2504805322616677,0.750160177420556,-0.056262013306541694,0.32175055439664224
52.5,-16.199306834111674,-17.99976894470389,2.159982670852792,0.016329924719517448,0.005443308239839149,-0.00040824811798793615,0.26311472100963323,0.0877049070032111,-0.00657786802524083,2.0652829022658725,0.6884276340886242,-0.051632072556646806,0.3217505543966422
52.550000000000004,-16.198119363968985,-17.999373121322996,2.159952984099225,0.03199167151660866,0.01066389050553622,-0.0007997917879152164,0.36185377856905926,0.12061792618968643,-0.009046344464226481,1.8851182256789407,0.6283727418929803,-0.04712795564197351,0.3217505543966422
52.6,-16.196029109881955,-17.998676369960652,2.159900727747049,0.05236726240985375,0.01745575413661792,-0.0013091815602463439,0.4517104261343441,0.15057014204478134,-0.011292760653358599,1.709986502500942,0.5699955008336474,-0.04274966256252354,0.3217505543966422
52.650000000000006,-16.192811377805075,-17.99760379260169,2.159820284445127,0.07701886809131712,0.025672956030439044,-0.001925471702282928,0.5329363113759702,0.1776454371253234,-0.013323407784399253,1.539887732731801,0.5132959109106003,-0.03849719331829502,0.32175055439664224
52.7,-16.188263050598643,-17.99608768353288,2.1597065762649663,0.10552124163656551,0.0351737472121885,-0.0026380310409141374,0.605783081964348,0.20192769398811602,-0.0151445770491087,1.3748219163715902,0.4582739721238634,-0.034370547909289756,0.32175055439664224
52.75,-16.182201958909584,-17.994067319636528,2.15955504897274,0.13746171850470093,0.04582057283490031,-0.003436542962617523,0.6705023855699351,0.22350079518997837,-0.016762559639248376,1.214789053420286,0.4049296844734287,-0.03036972633550715,0.3217505543966422
52.800000000000004,-16.17446625205229,-17.991488750684095,2.1593616563013076,0.17244021653835387,0.05748007217945129,-0.004311005413458846,0.7273458698631902,0.24244862328773,-0.01818364674657975,1.0597891438778504,0.35326304795928337,-0.02649472859694625,0.3217505543966422
52.85,-16.164913768889434,-17.98830458962981,2.159122844222236,0.21006923596365445,0.07002307865455147,-0.00525173089909136,0.7765651825145365,0.2588550608381788,-0.01941412956286341,0.9098221877443425,0.30327406258144746,-0.02274555469360856,0.32175055439664213
52.900000000000006,-16.153421408712784,-17.98447380290426,2.1588355352178197,0.24997385939028557,0.08332461979676185,-0.0062493464847571375,0.8184119711944395,0.2728039903981465,-0.020460299279860986,0.7648881850196987,0.2549627283398995,-0.019122204625492464,0.3217505543966422
52.95,-16.139884502124044,-17.97996150070802,2.1584971125531016,0.2917917518114186,0.09726391727047287,-0.007294793795285465,0.8531378835733263,0.2843792945244421,-0.02132844708933316,0.6249871357039802,0.20832904523466006,-0.015624678392599506,0.32175055439664224
53.0,-16.124216181915667,-17.974738727305223,2.158105404547892,0.3351731606037693,0.1117243868679231,-0.008379329015094233,0.8809945673216487,0.29366485577388285,-0.022024864183041216,0.49011903979716737,0.16337301326572237,-0.012252975994929178,0.32175055439664224
53.050000000000004,-16.106346753951687,-17.968782251317226,2.1576586688487924,0.3797809155275818,0.12659363850919392,-0.009494522888189541,0.9022336701098568,0.30074455670328554,-0.022555841752746417,0.36028389729922744,0.12009463243307579,-0.009007097432480684,0.3217505543966422
53.1,-16.086223068048536,-17.962074356016178,2.1571555767012134,0.4252904287265936,0.14176347624219787,-0.01063226071816484,0.9171068396083877,0.3057022798694625,-0.02292767099020969,0.23548170821021064,0.07849390273673687,-0.005887042705255271,0.3217505543966422
53.150000000000006,-16.063807888855866,-17.954602629618623,2.1565951972213964,0.47138969472810216,0.1571298982427007,-0.011784742368202551,0.9258657234876918,0.3086219078292306,-0.023146643087192293,0.11571247253006398,0.03857082417668798,-0.0028928118132515997,0.3217505543966422
53.2,-16.039079266737385,-17.94635975557913,2.155976981668435,0.5177792904428876,0.17259309681429585,-0.012944482261072188,0.9287619694182105,0.30958732313940346,-0.023219049235455258,0.0009761902588382651,0.00032539675294604616,-2.4404756470949255e-05,0.3217505543966422
53.25,-16.012029908651666,-17.93734330288389,2.155300747716292,0.5641723751652777,0.18805745838842589,-0.014104309379131942,0.9260472250703911,0.30868240835679694,-0.023151180626759773,-0.10872713860348393,-0.036242379534494724,0.002718178465087098,0.3217505543966422
53.300000000000004,-15.982666549032977,-17.927555516344327,2.1545666637258245,0.6102946905731282,0.20343156352437608,-0.015257367264328204,0.9179731381146762,0.30599104603822525,-0.022949328452866898,-0.2133975140569278,-0.07113250468564271,0.005334937851423195,0.32175055439664224
53.35,-15.95100932067212,-17.917003106890707,2.153775233016803,0.6558845607277878,0.21862818690926258,-0.016397114018194693,0.9047913562215142,0.30159711874050465,-0.022619783905537854,-0.3130349361014533,-0.10434497870048454,0.00782587340253633,0.3217505543966422
53.400000000000006,-15.917091125597215,-17.90569704186574,2.1529272781399307,0.7006928920741647,0.2335642973580549,-0.017517322301854116,0.8867535270613439,0.2955845090204479,-0.022168838176533593,-0.40763940473710303,-0.13587980157903437,0.010190985118427573,0.32175055439664213
53.45,-15.88095700595458,-17.893652335318194,2.152023925148865,0.7444831734406508,0.24816105781355022,-0.018612079336016264,0.8641112983046176,0.28803709943487255,-0.02160278245761544,-0.49721091996383676,-0.16573697332127887,0.012430272999095915,0.32175055439664213
53.5,-15.842663514889502,-17.880887838296502,2.151066587872238,0.7870314760391852,0.2623438253463951,-0.01967578690097963,0.8371163176217792,0.279038772540593,-0.02092790794054447,-0.5817494817816679,-0.1939164939272226,0.014543737044541684,0.3217505543966422
53.550000000000004,-15.80227808742708,-17.86742602914236,2.1500569521856776,0.828126453465234,0.2760421511550779,-0.020703161336630842,0.8060202326832653,0.26867341089442165,-0.020150505817081627,-0.6612550901906158,-0.2204183633968719,0.016531377254765393,0.32175055439664213
53.6,-15.759878411353082,-17.85329280378436,2.1489969602838275,0.8675693416977583,0.2891897805659194,-0.021689233542443957,0.7710746911595332,0.2570248970531777,-0.019276867278988332,-0.7357277451906497,-0.24524258173021676,0.018393193629766245,0.32175055439664213
53.650000000000006,-15.7155517980947,-17.838517266031566,2.1478887949523675,0.9051739590992756,0.30172465303309176,-0.022629348977481888,0.7325313407210126,0.2441771135736708,-0.01831328351802531,-0.8051674467818022,-0.2683891489272675,0.020129186169545052,0.32175055439664213
53.7,-15.66939455360145,-17.823131517867147,2.1467348638400363,0.9407667064157915,0.31358890213859714,-0.023519167660394778,0.6906418290381646,0.23021394301272136,-0.017266045725954113,-0.8695741949640433,-0.28985806498801453,0.021739354874101082,0.32175055439664213
53.75,-15.621511349225933,-17.807170449741974,2.1455377837306484,0.9741865667768558,0.32472885559228526,-0.02435466416942139,0.6456578037814296,0.21521926792714305,-0.016141445094535738,-0.9289479897373834,-0.3096493299124612,0.023223699743434575,0.32175055439664213
53.800000000000004,-15.572014592604683,-17.790671530868227,2.144300364815117,1.0052851056955434,0.33509503523184764,-0.025132127642388574,0.5978309126212408,0.19927697087374685,-0.014945772815531014,-0.9832888311018355,-0.3277629437006119,0.024582220777545877,0.321750554396642
53.85,-15.521023798539021,-17.773674599513008,2.143025594963476,1.0339264710684304,0.34464215702281,-0.02584816177671075,0.547412803228062,0.18247093440935377,-0.013685320080701545,-1.0325967190573793,-0.34419890635245975,0.02581491797643447,0.321750554396642
53.900000000000006,-15.468664959875811,-17.756221653291938,2.1417166239968957,1.0599873931756405,0.3533291310585468,-0.02649968482939101,0.49465512327231503,0.1648850410907715,-0.012366378081807884,-1.0768716536040341,-0.3589572178680116,0.02692179134010084,0.3217505543966422
53.95,-15.415069918388365,-17.73835663946279,2.140376747959709,1.0833571846807961,0.36111906156026535,-0.027083929617019907,0.43980952042446797,0.14660317347482257,-0.010995238010611702,-1.1161136347417822,-0.37203787824726103,0.027902840868544557,0.32175055439664213
54.0,-15.3603757356572,-17.72012524521907,2.13900939339143,1.1039377406310569,0.3679792468770189,-0.027598443515776415,0.38312764235495955,0.12770921411831965,-0.009578191058873984,-1.150322662470631,-0.3834408874902107,0.02875806656176579,0.32175055439664213
54.050000000000004,-15.304724063950877,-17.701574687983626,2.137618101598772,1.1216435384571046,0.3738811794857014,-0.028041088461427614,0.3248611367342197,0.10828704557807302,-0.008121528418355494,-1.1794987367905876,-0.3931662455968629,0.029487468419764684,0.321750554396642
54.1,-15.248260517106871,-17.68275350570229,2.136206512927672,1.1364016379731334,0.3788005459910443,-0.02841004094932833,0.2652616512327162,0.08842055041090523,-0.006631541280817905,-1.2036418577016401,-0.40121395256721354,0.030091046442540997,0.3217505543966421
54.150000000000006,-15.191134041412312,-17.663711347137436,2.134778351035308,1.1481516813768706,0.38271722712562334,-0.02870379203442176,0.20458083352086812,0.06819361117362241,-0.005114520838021696,-1.2227520252037987,-0.4075840084012662,0.030568800630094962,0.3217505543966421
54.2,-15.133496286484908,-17.644498762161636,2.133337407162123,1.1568458932495567,0.38561529774985215,-0.028921147331238906,0.14307033126914578,0.04769011042304816,-0.0035767582817286445,-1.2368292392970546,-0.4122764130990185,0.03092073098242636,0.32175055439664213
54.25,-15.075500976153682,-17.62516699205123,2.131887524403842,1.1624490805559604,0.3874830268519866,-0.029061227013899,0.08098179214798616,0.02699393071599515,-0.0020245448036996672,-1.2458734999814118,-0.41529116666047106,0.031146837499535292,0.3217505543966421
54.300000000000004,-15.017303279339824,-17.605767759779944,2.130432581983496,1.1649386326443707,0.38831287754812344,-0.029123465816109265,0.01856686382781902,0.006188954609272845,-0.00046417159569549053,-1.2498848072568722,-0.41662826908562445,0.03124712018142179,0.3217505543966421
54.35,-14.959059180937562,-17.586353060312522,2.128976479523439,1.1643045212465999,0.38810150708219987,-0.029107613031165002,-0.043922806020886426,-0.01464093534029562,0.0010980701505221408,-1.2488631611234335,-0.4162877203744781,0.031221579028085825,0.32175055439664213
54.400000000000006,-14.900924852694889,-17.566974950898295,2.127523121317372,1.1605493004779808,0.3868497668259932,-0.0290137325119495,-0.10623556972771231,-0.0354118565759042,0.0026558892431928,-1.2428085615810947,-0.414269520527032,0.031070214039527356,0.3217505543966419
54.45,-14.843056024094503,-17.547685341364833,2.1260764006023627,1.1536881068373694,0.3845627022791226,-0.028842202670934205,-0.16811977962218785,-0.05603992654072911,0.004202994490554682,-1.2317210086298584,-0.41057366954328656,0.030793025215746436,0.32175055439664174
54.5,-14.785607353234536,-17.52853578441151,2.1246401838308633,1.143748659207143,0.38124955306904723,-0.028593716480178537,-0.22932378803387435,-0.07644126267795796,0.005733094700846833,-1.2156005022697256,-0.40520016742324205,0.030390012556743128,0.32175055439664185
54.550000000000004,-14.728731797709399,-17.509577265903133,2.123218294942735,1.1307712588532008,0.37692375295106656,-0.02826928147132999,-0.2895959472923442,-0.09653198243078137,0.007239898682308576,-1.1944470425006894,-0.3981490141668969,0.029861176062517224,0.3217505543966419
54.6,-14.672579985490666,-17.490859995163557,2.1218144996372668,1.1148087894249692,0.37160292980832316,-0.02787021973562423,-0.348684609727128,-0.11622820324237615,0.0087171152431782,-1.16826062932276,-0.38942020977425373,0.02920651573306896,0.32175055439664224
54.650000000000006,-14.617299585807801,-17.472433195269268,2.120432489645195,1.095926716955388,0.36530890565179586,-0.027398167923884685,-0.40633812766780725,-0.1354460425559359,0.010158453191695178,-1.1370412627359237,-0.3790137542453084,0.02842603156839809,0.3217505543966421
54.7,-14.563034680029082,-17.454344893343027,2.1190758670007277,1.0742030898609312,0.3580676966203099,-0.026855077246523258,-0.46230485344391115,-0.1541016178146377,0.011557621336097779,-1.1007889427401958,-0.3669296475800653,0.027519723568504878,0.3217505543966418
54.75,-14.509925132542342,-17.436641710847447,2.117748128313559,1.0497285389415847,0.3499095129805277,-0.026243213473539594,-0.5163331393850038,-0.17211104646166872,0.012908328484625087,-1.0595036693355702,-0.3531678897785239,0.02648759173338923,0.32175055439664174
54.800000000000004,-14.458105961635825,-17.41936865387861,2.1164526490408964,1.022606277380853,0.34086875912695064,-0.025565156934521313,-0.5681713378206528,-0.18939044594021806,0.014204283445516304,-1.0131854425220381,-0.3377284808406799,0.02532963606305097,0.32175055439664185
54.85,-14.407706710379045,-17.40256890345968,2.1151926677594766,0.9929521007457848,0.3309840335819276,-0.024823802518644595,-0.6175678010803934,-0.20585593369346508,0.015439195027009836,-0.9618342622996178,-0.3206114207665396,0.024045856557490433,0.3217505543966416
54.900000000000006,-14.358850817503523,-17.386283605834507,2.113971270437588,0.9608943869869183,0.3202981289956389,-0.02402235967467297,-0.6642708814938013,-0.22142362716460062,0.016606772037345025,-0.905450128668285,-0.30181670955609535,0.02263625321670709,0.3217505543966417
54.95,-14.31165498828372,-17.37055166276124,2.1127913747070934,0.9265740964383489,0.30885803214611574,-0.023164352410958707,-0.7080289313904116,-0.23600964379680434,0.01770072328476028,-0.844033041628064,-0.2813443472093549,0.021100826040701577,0.32175055439664163
55.0,-14.266228565417777,-17.355409521805925,2.111655714135445,0.8901447718176704,0.29671492393922283,-0.022253619295441722,-0.7485903030997874,-0.24953010103326312,0.018714757577494672,-0.777583001178948,-0.25919433372631634,0.01943957502947369,0.3217505543966416
55.050000000000004,-14.222672899908352,-17.340890966636117,2.110566822497709,0.8517725382259953,0.2839241794086648,-0.021294313455649905,-0.7857033489514911,-0.2619011163171644,0.019642583723787264,-0.7061000073209207,-0.2353666691069738,0.01765250018302299,0.3217505543966419
55.1,-14.181080721943497,-17.3270269073145,2.1095270180485874,0.8116361031479892,0.27054536771599613,-0.02029090257869972,-0.8191164212750653,-0.2730388070916891,0.020477910531876614,-0.6295840600540086,-0.20986135335133663,0.015739601501350214,0.32175055439664196
55.150000000000006,-14.1415355117774,-17.31384517059247,2.108538387794435,0.7699267564517983,0.25664225215059866,-0.01924816891129493,-0.8485778724000779,-0.2828592908000261,0.02121444681000194,-0.5480351593781784,-0.18267838645939338,0.013700878984454452,0.32175055439664135
55.2,-14.104110870611297,-17.301370290203767,2.1076027717652828,0.7268483703891286,0.24228279012970905,-0.018171209259728205,-0.8738360546560712,-0.2912786848853575,0.02184590136640178,-0.46145330529346423,-0.1538177684311555,0.011536332632336601,0.3217505543966415
55.25,-14.068869891474225,-17.289623297158077,2.106721747286856,0.682617399595188,0.22753913319839505,-0.017065434989879676,-0.8946393203726039,-0.29821310679086915,0.02236598300931511,-0.36983849779985833,-0.12327949926661994,0.009245962444996455,0.3217505543966409
55.300000000000004,-14.035864530103868,-17.278621510034625,2.105896613252597,0.6374628810886996,0.21248762702956508,-0.015936572027217422,-0.9107360218792396,-0.3035786739597473,0.02276840054698099,-0.2731907368973349,-0.09106357896577875,0.006829768422433364,0.32175055439664013
55.35,-14.005134975827408,-17.268378325275805,2.1051283743956852,0.5916264342719361,0.19720881142397764,-0.014790660856798338,-0.9218745115055258,-0.30729150383517567,0.023046862787638088,-0.17151002258593315,-0.05717000752864458,0.0042877505646482785,0.3217505543966406
55.400000000000006,-13.976709022442298,-17.258903007480765,2.1044177255610577,0.545362260930658,0.18178742031021844,-0.013634056523266436,-0.9278031415810174,-0.30926771386034047,0.0231950785395254,-0.06479635486560581,-0.021598784955202188,0.0016199088716401058,0.32175055439664074
55.45,-13.95060143909714,-17.250200479699046,2.1037650359774287,0.4989371452341845,0.16631238174472715,-0.012473428630854624,-0.9282702644352725,-0.30942342147842483,0.023206756610881788,0.04695026626360161,0.015650088754533442,-0.0011737566565900447,0.3217505543966404
55.5,-13.926813341172465,-17.242271113724154,2.103170333529312,0.4526304537353306,0.15087681791177604,-0.011315761343383288,-0.9230242323978446,-0.3076747441326157,0.0230756058099461,0.16372984080170022,0.054576613600566135,-0.0040932460200425085,0.3217505543966405
55.550000000000004,-13.905331561161583,-17.235110520387195,2.1026332890290402,0.4067341353704348,0.13557804512347726,-0.010168353384260868,-0.911813397798288,-0.30393779926609676,0.022795334944957137,0.2855423687487193,0.09518078958290625,-0.007138559218717992,0.32175055439664
55.6,-13.886128019551405,-17.228709339850468,2.1021532004887855,0.36155272145937906,0.12051757381979229,-0.009038818036484451,-0.8943861129661583,-0.29812870432205385,0.022359652824153975,0.412387850104615,0.13746261670153728,-0.010309696252615318,0.3217505543966403
55.650000000000006,-13.869159095703239,-17.223053031901085,2.101728977392581,0.31740332570553464,0.10580110856850992,-0.007935083142638358,-0.8704907302310062,-0.2901635767436697,0.021762268255775187,0.5442662848694373,0.18142209495647824,-0.013606657121735938,0.3217505543966375
55.7,-13.85436499873366,-17.218121666244556,2.101359124968342,0.27461564419583123,0.09153854806527537,-0.006865391104895767,-0.8398756019223975,-0.2799585339741335,0.020996890048059928,0.6811776730431358,0.227059224347711,-0.017029441826078393,0.32175055439663647
55.75,-13.841669138395297,-17.213889712798434,2.1010417284598826,0.23353195540069965,0.07784398513356476,-0.0058382988850174755,-0.8022890803698833,-0.26742969345662865,0.020057227009247076,0.823122014625724,0.27437400487524066,-0.020578050365643096,0.3217505543966353
55.800000000000004,-13.830977495957667,-17.210325831985887,2.100774437398942,0.19450712017408417,0.06483570672469358,-0.004862678004352115,-0.7574795179030093,-0.2524931726343375,0.01893698794757519,0.9700993096172412,0.3233664365390796,-0.024252482740431017,0.321750554396637
55.85,-13.822177995088005,-17.20739266502933,2.1005544498771997,0.15790858175347589,0.0526361939178248,-0.003947714543836937,-0.705195266851347,-0.2350650889504493,0.01762988167128367,1.1221095580176248,0.3740365193392082,-0.02805273895044064,0.32175055439663935
55.900000000000006,-13.81513987273208,-17.205046624244027,2.100378496818302,0.12411636575986759,0.04137212191995518,-0.003102909143996738,-0.6451846795444286,-0.21506155984814315,0.01612961698861069,1.2791527598269452,0.4263842532756488,-0.031978818995673654,0.321750554396637
55.95,-13.809713049995034,-17.20323768333168,2.100242826249876,0.09352308019779194,0.031174360065929854,-0.002338077004944818,-0.5771961083118349,-0.1923987027706125,0.0144299027077958,1.4412289150451376,0.4804096383483787,-0.036030722876128456,0.3217505543966346
56.0,-13.805727503022183,-17.201909167674064,2.1001431875755547,0.06653391545528936,0.022177971818428916,-0.001663347886382202,-0.5009779054831107,-0.16699263516103832,0.012524447637077713,1.6083380236722167,0.5361126745574049,-0.04020845059180544,0.32175055439662886
56.050000000000004,-13.802992633879866,-17.200997544626624,2.100074815846997,0.04356664430392836,0.01452221476797464,-0.001089166107598142,-0.4162784233877979,-0.13875947446259995,0.0104069605846948,1.7804800857082297,0.5934933619027426,-0.04451200214270578,0.3217505543966098
56.1,-13.801296641436238,-17.200432213812082,2.1000324160359063,0.025051621898794917,0.008350540632930252,-0.0006262905474698425,-0.32284601435547344,-0.10761533811849275,0.008071150358886788,1.9576551011531063,0.6525517003843678,-0.04894137752882764,0.3217505543965887
56.150000000000006,-13.800405892242118,-17.200135297414043,2.1000101473060533,0.011431785778499286,0.0038105952594982033,-0.0002857946444624751,-0.2204290307156621,-0.07347634357188805,0.005510725767891475,2.1398630700069243,0.7132876900023073,-0.0534965767501731,0.3217505543964443
56.2,-13.800064291411816,-17.20002143047061,2.1000016072852956,0.0031626558651905194,0.001054218621727337,-7.906639662969518e-05,-0.10877582479795797,-0.03625860826598669,0.002719395619948868,2.3271039922696075,0.775701330756535,-0.05817759980674018,0.3217505543894151
56.25,-13.799997931378929,-17.19999868252624,2.0999999430516954,0.000267853640040325,0.0001268490388237159,-7.009378435438382e-06,-0.014800213014508878,-0.003439735064358008,0.0003575580814142238,1.9416201878383053,0.6765465468213171,-0.04878500317547331,0.3749188444943068
56.300000000000004,-13.79998416688594,-17.1999907640168,2.0999995711864945,0.0007382360053126891,0.0004306376697657356,-1.999389181055202e-05,0.025200194034813956,0.014700113186974818,-0.0006825052551095457,0.45394433417295765,0.2648008616008922,-0.01229432571718429,0.52807444842636
56.35,-13.799906383303405,-17.199945390260318,2.099997464547801,0.002558829513735399,0.0014926505496789843,-6.930163266366718e-05,0.04748702417682251,0.027700764103146487,-0.0012861069047889451,0.4375616791389117,0.255244312831032,-0.01185062881001221,0.5280744484263601
56.400000000000006,-13.79971005178784,-17.199830863542907,2.099992147235921,0.00547336822954538,0.0031927981339014747,-0.00014823705621685432,0.06895964271184629,0.040226458248577034,-0.0018676569901125068,0.42137586989334397,0.2458025907711175,-0.011412263142944749,0.5280744484263601
56.45,-13.799341488742442,-17.19961586843309,2.099982165320108,0.00944138762962699,0.005507476117282416,-0.00025570424830239806,0.08962789192929849,0.05228293695875749,-0.0024274220730851714,0.4053869064362628,0.2364756954211535,-0.010979228715982134,0.5280744484263601
56.5,-13.798749021493682,-17.19927026253798,2.099966119332121,0.014422915305339025,0.008413367261447771,-0.0003906206228529326,0.10950161411861126,0.06387594156918995,-0.002965668715712393,0.389594788767662,0.22726362678113632,-0.010551525529124195,0.52807444842636
56.550000000000004,-13.797882963685613,-17.198765062149942,2.099942663599819,0.02037847096251037,0.011887441394797724,-0.0005519169219013234,0.12859065156920846,0.07501121341537165,-0.003482663479999401,0.3739995168875416,0.21816638485106613,-0.010129153582370933,0.52807444842636
56.6,-13.796695590674132,-17.198072427893248,2.099910505580758,0.02726906642143807,0.015906955412505554,-0.0007385372155806156,0.14690484657050698,0.08569449383279582,-0.0039786729279512375,0.3586010907959077,0.2091839696309463,-0.009712112875722516,0.5280744484263601
56.650000000000006,-13.795141114921257,-17.197165650370735,2.099868405195784,0.035056205616896804,0.02044945327652315,-0.0009494389021242897,0.16445404141194037,0.09593152415696529,-0.004453963621573392,0.34339951049275225,0.2003163811207723,-0.00930040340917872,0.52807444842636
56.7,-13.79317566138941,-17.196019135810488,2.09981517416263,0.04370188459812446,0.025492766015572627,-0.0011835927078658725,0.1812480783829238,0.10572804572337229,-0.00490880212287086,0.32839477597808314,0.19156361932054863,-0.008894025182739762,0.52807444842636
56.75,-13.790757242935683,-17.194608391712485,2.099749675329508,0.05316859152883771,0.031015011725155354,-0.0014399826872393566,0.1972967997728879,0.11508979986751801,-0.005343454993849055,0.3135868872518945,0.18292568423027192,-0.008492978196405487,0.52807444842636
56.800000000000004,-13.78784573570613,-17.192910012495243,2.0996708220087075,0.06341930668722139,0.03699459556754584,-0.001717606222778915,0.21261004787125654,0.12402252792489972,-0.005758188796513206,0.2989758443141864,0.17440257584994218,-0.008097262450175894,0.5280744484263601
56.85,-13.78440285453002,-17.190901665142512,2.099577577310188,0.07441750246592697,0.04341020977179076,-0.002015474025118858,0.22719766496744814,0.1325319712310115,-0.006153270092868395,0.2845616471649645,0.1659942941795627,-0.0077068779440511315,0.52807444842636
56.900000000000006,-13.78039212831414,-17.18856207484992,2.099468953475175,0.08612714337208723,0.050240833633717584,-0.002332610132994032,0.24106949335089412,0.14062387112135502,-0.006528965444920059,0.2703442958042213,0.1577008392191292,-0.007321824678031005,0.52807444842636
56.95,-13.775778875437057,-17.18587101067162,2.0993440112097534,0.09851268602729413,0.05746573351592162,-0.0026680519132392198,0.25423537531101176,0.14830396893142364,-0.006885541414673246,0.25632379023196417,0.14952221096864587,-0.006942102652115707,0.52807444842636
57.0,-13.77053017914339,-17.18280927116698,2.099201859018467,0.11153907916762176,0.06506446284777943,-0.003020850060789761,0.2667051531372302,0.15557800599671773,-0.00722326456413333,0.24250013044818772,0.14145840942810958,-0.006567711866305093,0.5280744484263601
57.050000000000004,-13.764614862938098,-17.179358670047225,2.099041652537907,0.12517176364361102,0.07301686212543983,-0.0033900685986811376,0.2784886691189733,0.16245172365273455,-0.0075424014553055405,0.22887331645289188,0.13350943459752032,-0.006198652320599164,0.5280744484263601
57.1,-13.75800346598075,-17.175502021822105,2.098862593870312,0.1393766724202681,0.08130305891182313,-0.0037747848780489337,0.28959576554566097,0.16893086323496903,-0.007843218650194996,0.215443348246082,0.12567528647688123,-0.005834924014998062,0.52807444842636
57.150000000000006,-13.750668218479799,-17.17122312744655,2.098663930917161,0.15412023057708346,0.08990346783663208,-0.00417408957812935,0.3000362847067228,0.17502116607892176,-0.008125982710807087,0.20221022582775114,0.1179559650661882,-0.0054765269495016,0.52807444842636
57.2,-13.742583017086867,-17.16650675996734,2.0984449567127696,0.1693693553080035,0.09879879059633545,-0.004587086706258435,0.30982006889157765,0.18072837352008708,-0.008390960199146908,0.18917394919790603,0.11035147036544524,-0.005123461124109962,0.52807444842636
57.25,-13.73372340029102,-17.16133865016976,2.098205008757882,0.18509145592145956,0.10797001595418482,-0.005012893597872871,0.3189569603896535,0.18605822689396465,-0.008638417677219795,0.17633451835654174,0.10286180237464938,-0.0047757265388230115,0.52807444842636
57.300000000000004,-13.724066523813027,-17.155705472224266,2.0979434683532694,0.2012544338403484,0.11739841974020332,-0.005450640916509444,0.32745680149037426,0.19101646753605175,-0.008868621707030983,0.1636919333036582,0.09548696109380063,-0.004433323193640749,0.52807444842636
57.35,-13.713591135999671,-17.149594829333136,2.0976597599333244,0.21782668260203136,0.12706556485118506,-0.005899472653805025,0.3353294344831608,0.19560883678184393,-0.00908183885058562,0.1512461940392603,0.08822694652290188,-0.0040962510885633055,0.5280744484263601
57.400000000000006,-13.702277553217977,-17.142995239377154,2.0973533503996538,0.23477708785835616,0.13695330125070784,-0.006358546129497154,0.3425847016574414,0.19984107596684098,-0.009278335669889054,0.13899730056334167,0.08108175866194933,-0.0037645102235905094,0.52807444842636
57.45,-13.690107635249548,-17.135896120562236,2.097023748454675,0.25207502737562404,0.14704376596911414,-0.006827031991423162,0.3492324453026366,0.20371892642653813,-0.009458378726946421,0.12694525287590866,0.07405139751094672,-0.0034381005987225294,0.5280744484263601
57.5,-13.677064760684784,-17.128287777066127,2.096670503935213,0.2696903710346231,0.1573193831035303,-0.007304114215521056,0.35528250770817277,0.2072481294964343,-0.009622234583763026,0.1150900509769565,0.06713586306989129,-0.0031170222139592415,0.52807444842636
57.550000000000004,-13.663133802317198,-17.12016138468503,2.0962932071460907,0.28759348083060643,0.16776286381785385,-0.007788990105828935,0.36074473116347416,0.21043442651202673,-0.009770169802344107,0.10343169486648524,0.06033515533878307,-0.0028012750693006457,0.5280744484263599
57.6,-13.648301102537676,-17.111508976480312,2.0958914881937285,0.3057552108732904,0.17835720634275284,-0.008280870294484962,0.3656289579579629,0.2132835588088118,-0.009902450944694842,0.09197018454449939,0.05364927431762463,-0.002490859164746861,0.52807444842636
57.650000000000006,-13.63255444872875,-17.10232342842511,2.0954650163197375,0.3241469073868796,0.18908569597567995,-0.008778978741728003,0.36994503038106535,0.21580126772228828,-0.010019344572820534,0.08070552001099306,0.04707822000641262,-0.0021857745002977313,0.5280744484263601
57.7,-13.615883048658892,-17.09259844505102,2.095013499234512,0.3427404087100308,0.19993190508085149,-0.009282552735896683,0.3737027907222037,0.21799329458795227,-0.010121117248726367,0.06963770126597205,0.04062199240515032,-0.00188602107595341,0.5280744484263601
57.75,-13.598277505876768,-17.082328545094782,2.0945366824508294,0.36150804529588854,0.21087969308926852,-0.009790842893430329,0.3769120812708035,0.21986538074130213,-0.01020803553441761,0.05876672830943204,0.03428059151383535,-0.0015915988917137856,0.5280744484263601
57.800000000000004,-13.579729795105527,-17.071509047144893,2.0940343486174413,0.38042263971206175,0.22191320649870286,-0.010303113158868352,0.3795827443162885,0.22142326751783512,-0.010280365991899496,0.04809260114137311,0.028054017332467585,-0.0013025079475788553,0.52807444842636
57.85,-13.560233237637087,-17.0601360552883,2.0935063168526713,0.3994575066406226,0.2330168788736967,-0.010818640804850213,0.3817246221480822,0.22267269625304809,-0.010338375183177243,0.03761531976179925,0.021942269861049496,-0.0010187482435487297,0.52807444842636
57.900000000000006,-13.53978247672638,-17.048206444757056,2.092952442078006,0.4185864528781321,0.24417543084557727,-0.0113367164321161,0.3833475570556098,0.22361940828243912,-0.010382329670256108,0.027334884170705228,0.015945349099577982,-0.0007403197796232657,0.52807444842636
57.95,-13.518373452985669,-17.035717847574976,2.092372614351696,0.43778377733560286,0.25537387011243523,-0.011856643969505929,0.3844613913282943,0.2242691449415051,-0.010412496015141319,0.01725129436809616,0.010063255048056025,-0.00046722255580260375,0.5280744484263601
58.0,-13.496003379778793,-17.022668638204298,2.0917667582023425,0.45702427103853543,0.26659749143914585,-0.012377740673960353,0.3850759672555606,0.22462764756574374,-0.010429140779838114,0.007364550353968299,0.004295987706481482,-0.00019945657208664133,0.52807444842636
58.050000000000004,-13.472670718615452,-17.009057919192347,2.091134831962502,0.47628321712689475,0.2778318766573555,-0.012899337130520085,0.38520112712683247,0.22470065749065238,-0.010432530526351725,-0.002325347871678346,-0.0013564529251457766,6.2978171524624e-05,0.5280744484263601
58.1,-13.448375154545504,-16.994885506818207,2.0904768271022744,0.49553639085510925,0.2890628946654805,-0.013420777252325896,0.38484671323153424,0.22449391605172844,-0.0104229318166874,-0.011818400308840097,-0.0068940668468234715,0.00032008167503108745,0.5280744484263599
58.150000000000006,-13.423117571553194,-16.980151916739363,2.0897927675628996,0.5147600595920958,0.3002767014287227,-0.013941418280619284,0.3840225678590897,0.22401316458446913,-0.010400611212850361,-0.021114606957521927,-0.012316854058554542,0.0005718539384328873,0.5280744484263599
58.2,-13.39690002795149,-16.96485834963837,2.089082709090353,0.5339309828212229,0.3114597399790469,-0.014460630784741475,0.3827385332989236,0.2232641444243722,-0.010365835276845859,-0.030213967817718856,-0.017624814560336082,0.00081829496172989,0.52807444842636
58.25,-13.369725731776303,-16.949006676869512,2.0883467385689416,0.5530264121403473,0.3225987404152028,-0.01497779866213443,0.38100445184045933,0.22225259690693472,-0.010318870570679121,-0.03911648288943457,-0.02281794835217026,0.0010594047449221896,0.52807444842636
58.300000000000004,-13.341599016180808,-16.932599426105476,2.0875849733548972,0.5720240912617902,0.3336807199027112,-0.015492319138340172,0.378830165773121,0.22098426336765403,-0.010259983656355373,-0.04782215217266899,-0.027896255434057,0.0012951832880097878,0.52807444842636
58.35,-13.312525314829704,-16.915639766983997,2.086797560609971,0.5909022560123354,0.3446929826738625,-0.016003602767000774,0.3762255173863341,0.21946488514202828,-0.010189441095879893,-0.056330975667418764,-0.032859735805994376,0.0015256305909925937,0.52807444842636
58.400000000000006,-13.282511137293465,-16.898131496754523,2.0859846766350314,0.6096396343332561,0.35562312002773305,-0.016511073429859045,0.3732003489695205,0.21770020356555372,-0.010107509451257862,-0.06464295337368824,-0.0377083894679849,0.001750746653870728,0.5280744484263601
58.45,-13.251564044442674,-16.880079025924893,2.0851465262036557,0.6282154462802774,0.3664590103301621,-0.017014168336757535,0.3697645028121066,0.21569595997372887,-0.010014455284494565,-0.07275808529147319,-0.042442216420026144,0.0019705314766440708,0.5280744484263601
58.5,-13.219692623842235,-16.861487363907973,2.0842833418957274,0.6466094040236114,0.37718881901377366,-0.017512338025639507,0.36592782120351497,0.21345789570205054,-0.009910545157595211,-0.08067637142077669,-0.04706121666211988,0.002184985059312708,0.52807444842636
58.550000000000004,-13.18690646514569,-16.842362104668318,2.0833953834310295,0.6648017118479354,0.3878009985779625,-0.018005046362548276,0.36170014643316967,0.21099175208601575,-0.009796045632565028,-0.08839781176159892,-0.051565390194266134,0.0023941074018766404,0.5280744484263599
58.6,-13.153216135489501,-16.822709412368873,2.0824829370028404,0.68277306615239,0.3982842885888943,-0.01849177054162725,0.35709132079049666,0.20830327046112296,-0.00967122327140929,-0.09592240631393652,-0.05595473701646314,0.0025978985043357866,0.5280744484263599
58.650000000000006,-13.118633154887283,-16.80253600701758,2.081546314611531,0.7005046554506033,0.4086277156795188,-0.01897200108512053,0.3521111865649174,0.20539819216286848,-0.009536344636133188,-0.10325015507779375,-0.060229257128713194,0.0027963583666902564,0.5280744484263599
58.7,-13.083169971624141,-16.78184915011408,2.080585853398154,0.7179781603706569,0.4188205935495502,-0.01944524184337199,0.3467695860458587,0.20228225852675086,-0.009391676288742013,-0.11038105805316667,-0.06438895053101405,0.002989486988939938,0.5280744484263601
58.75,-13.04683993765088,-16.760656630296346,2.0796019149780447,0.7351757536551192,0.42885252296548637,-0.019911009994826173,0.3410763615227426,0.1989612108882667,-0.009237484791240959,-0.1173151152400581,-0.0684338172233674,0.0031772843710849144,0.5280744484263599
58.800000000000004,-13.00965728397833,-16.738966748987362,2.078594884774413,0.7520801001610228,0.438713391760597,-0.020368836046027735,0.33504135528499324,0.1954407905829129,-0.009074036705635249,-0.12405232663846794,-0.07236385720577315,0.0033597505131251803,0.5280744484263601
58.85,-12.971637096071627,-16.716788306041785,2.0775651713519396,0.7686743568598653,0.4483933748349216,-0.02081826383162138,0.32867440962203726,0.1917267389461884,-0.008901598593930188,-0.13059269224839365,-0.07617907047822976,0.0035368854150606677,0.5280744484263599
58.900000000000006,-12.932795289244426,-16.694130585392582,2.07651320575037,0.7849421728376299,0.4578829341552844,-0.02125885051435251,0.3219853668232955,0.18782479731358903,-0.008720437018130925,-0.13693621206983858,-0.07987945704073936,0.0037086890768914713,0.52807444842636
58.95,-12.89314858405327,-16.671003340697737,2.07543944081811,0.8008676892947554,0.46717281875527433,-0.021690166585066326,0.31498406917819494,0.18374070702061374,-0.008530818540242787,-0.1430828861027995,-0.08346501689329988,0.003875161498617494,0.52807444842636
59.0,-12.85271448169178,-16.647416780986873,2.0743443505458194,0.8164355395461651,0.4762540647352633,-0.022111795862708675,0.3076803589761577,0.17948020940275866,-0.008333009722270943,-0.14903271434727874,-0.08693575003591279,0.004036302680238807,0.52807444842636
59.050000000000004,-12.811511239384986,-16.623381556307912,2.07322842940001,0.831630849021248,0.485117995262395,-0.022523335494325503,0.30008407850660734,0.17504904579552102,-0.008127277126220626,-0.1547856968032763,-0.09029165646857797,0.004192112621755407,0.52807444842636
59.1,-12.769557845783595,-16.598908743373762,2.072092191656639,0.8464392352638579,0.4937562205705841,-0.022924395955062852,0.2922050700589715,0.17045295753440004,-0.00791388731409715,-0.16034183347078992,-0.0935327361912943,0.004342591323167236,0.5280744484263599
59.150000000000006,-12.726873996358233,-16.57400983120897,2.070936170734702,0.8608468079323339,0.5021606379605285,-0.02331460104816741,0.2840531759226696,0.16569768595489065,-0.007693106847905652,-0.16570112434982256,-0.0966589892040634,0.004487738784474373,0.52807444842636
59.2,-12.683480068793779,-16.54869670679637,2.0697609185298314,0.8748401687994707,0.5103234317996916,-0.023693587904985703,0.2756382383871309,0.1607889723924929,-0.007465202289651466,-0.17086356944037143,-0.09967041550688359,0.004627555005676738,0.5280744484263601
59.25,-12.639397098383588,-16.52298164072376,2.068567004747889,0.8884064117525481,0.5182370735223201,-0.02406100698496488,0.26697009974177527,0.15573255818270207,-0.007230440201339751,-0.17582916874243862,-0.10256701509975596,0.004762039986774387,0.5280744484263601
59.300000000000004,-12.594646753423788,-16.49687727283054,2.067355016238561,0.9015331227933105,0.5258943216294315,-0.024416522075652192,0.258058602276027,0.1505341846610156,-0.006989087144975736,-0.18059792225602386,-0.10534878798268074,0.0048911937277673215,0.52807444842636
59.35,-12.54925131060759,-16.470396597854425,2.0661255563289553,0.9142083800379682,0.5332882216888152,-0.02475981029269501,0.24891358827931395,0.14519959316293313,-0.006741409682564764,-0.18516982998112544,-0.10801573415565673,0.00501501622865549,0.52807444842636
59.400000000000006,-12.503233630419476,-16.44355295107803,2.064879244157194,0.9264207537172161,0.5404121063350429,-0.025090562079841304,0.23954490004105553,0.13973452502394906,-0.006487674376111927,-0.18954489191774582,-0.1105678536186853,0.005133507489438961,0.5280744484263598
59.45,-12.456617132529603,-16.4163599939756,2.0636167140060104,0.9381593061762052,0.5472595952694533,-0.02540848120893893,0.22996237985068074,0.13414472157956372,-0.006228147787622616,-0.19372310806588272,-0.11300514637176513,0.005246667510117667,0.52807444842636
59.5,-12.409425771187937,-16.388831699859633,2.06233861463634,0.9494135918745709,0.5538245952601666,-0.02571328477993633,0.22017586999761032,0.12843592416527247,-0.0059630964791019475,-0.1977044784255376,-0.11532761241489711,0.005354496290691656,0.5280744484263599
59.550000000000004,-12.361684010618642,-16.360982339527542,2.0610456086209217,0.960173657386413,0.5601013001420745,-0.026004703220882067,0.2101952127712673,0.12261387411657247,-0.0056927870125551535,-0.20148900299671063,-0.1175352517480814,0.005456993831160923,0.5280744484263599
59.6,-12.313416800414323,-16.332826466908354,2.0597383716778883,0.9704300414003003,0.5660841908168418,-0.026282480287924837,0.2000302504610806,0.1166843127689634,-0.005417485949987601,-0.2050766817794004,-0.11962806437131708,0.005554160131525434,0.5280744484263596
59.650000000000006,-12.264649550930258,-16.304378904709317,2.0584175920043615,0.9801737747192809,0.5717680352529141,-0.02654637306531389,0.18969082535646853,0.1106529814579398,-0.0051374598534043555,-0.20846751477360845,-0.12160605028460515,0.005645995191785239,0.5280744484263599
59.7,-12.215408108678751,-16.275654730062605,2.0570839696100496,0.9893963802608642,0.5771478884855041,-0.026796151965398435,0.17918677974686092,0.10452562151900201,-0.0048529752848108215,-0.21166150197933317,-0.1234692094879445,0.005732499011940285,0.5280744484263596
59.75,-12.165718731723334,-16.246669260171945,2.05573821565084,0.9980898730570392,0.5822190926166064,-0.02703160072862819,0.16852795592167802,0.0983079742876453,-0.004564298806212115,-0.2146586433965761,-0.12521754198133617,0.0058136715919906105,0.5280744484263599
59.800000000000004,-12.115608065073088,-16.2174380379593,2.0543810517623964,1.006246760254264,0.5869772768149876,-0.027252516423553013,0.15772419617034317,0.09200578109936677,-0.004271696979613462,-0.21745893902533678,-0.12685104776477993,0.005889512931936211,0.5280744484263599
59.85,-12.065103116076937,-16.187976817711547,2.0530132093937508,1.0138600411134615,0.5914183573161862,-0.02745870944682295,0.14678534278228564,0.08562478328966655,-0.003975436367020234,-0.22006238886561433,-0.12836972683827522,0.005960023031777066,0.5280744484263599
59.900000000000006,-12.014231229817847,-16.15830155072708,2.0516354291409002,1.0209232070100374,0.5955385374225219,-0.02765000352318855,0.1357212380469231,0.07917072219403846,-0.0036757835304375027,-0.22246899291741004,-0.1297735792018227,0.006025201891513201,0.5280744484263598
59.95,-11.963020064507207,-16.12842837096254,2.0502484600804034,1.0274302414338565,0.599334307503083,-0.027826235705500316,0.12454172425368622,0.07264933914798344,-0.0033730050318706625,-0.2246787511807228,-0.13106260485542184,0.006085049511144586,0.5280744484263598
60.0,-11.911497566879007,-16.09837358067942,2.048853059102973,1.0333756199892639,0.6028024449937374,-0.027987256374709273,0.11325664369199369,0.0660663754869963,-0.003067367433324839,-0.22669166365555354,-0.13223680379907307,0.0061395658906712525,0.5280744484263598
60.050000000000004,-11.859691947584166,-16.068153636090763,2.047449990247071,1.0387543103950723,0.6059400143971255,-0.028132929239866586,0.1018758386512708,0.05942757254657436,-0.002759137296805248,-0.22850773034190203,-0.1332961760327764,0.006188751030093189,0.5280744484263598
60.1,-11.807631656584835,-16.03778513300782,2.0460400240325063,1.0435617724845647,0.6087443672826629,-0.028263131338123665,0.09040915142094492,0.05273867166221776,-0.0024485811843172585,-0.23012695123976745,-0.1342407215565313,0.006232604929410383,0.5280744484263599
60.150000000000006,-11.755345358548581,-16.007284792486672,2.044623936794024,1.0477939582054971,0.6112131422865403,-0.02837775303473225,0.07886642429043539,0.04600541416942047,-0.002135965657865951,-0.231549326349151,-0.13507044037033827,0.006271127588622854,0.5280744484263599
60.2,-11.702861908242788,-15.976669446474958,2.043202510014909,1.0514473116200953,0.6133442651117224,-0.028476698023044297,0.06725749954917135,0.03923354140368311,-0.0018215572794567133,-0.23277485567005188,-0.1357853324741971,0.006304319007730578,0.5280744484263598
60.25,-11.650210325928805,-15.94595602345847,2.041776529660572,1.0545187689050581,0.6151359485279508,-0.028559883324512033,0.05559221948657298,0.03242879470050067,-0.0015056226110946801,-0.23380353920247027,-0.13638539786810788,0.006332179186733582,0.5280744484263599
60.300000000000004,-11.597419772756314,-15.91516153410785,2.0403467855121504,1.0570057583515549,0.6165866923717408,-0.028627239288687975,0.04388042639206392,0.02559691539537046,-0.0011884282147850663,-0.2346353769464063,-0.13687063655207066,0.0063547081256318545,0.52807444842636
60.35,-11.544519526157593,-15.884303056925262,2.0389140705001014,1.0589062003652239,0.6176952835463809,-0.028678709593224848,0.03213196255507307,0.018743644823792448,-0.0008702406525332182,-0.23527036890185993,-0.13724104852608515,0.006371905824425382,0.5280744484263599
60.400000000000006,-11.49153895524173,-15.85339772389101,2.0374791800377974,1.0602185074661772,0.6184607960219367,-0.028714251243875676,0.020356670265019566,0.011874724321261208,-0.000551326486344262,-0.23570851506883111,-0.13749663379015173,0.0063837722831141894,0.5280744484263596
60.45,-11.438507496189008,-15.822462706110255,2.036042911355119,1.0609415842889984,0.6188825908352491,-0.02873383457449374,0.00856439181133228,0.004995895223276848,-0.00023195227822357407,-0.23594981544732,-0.13763739234427022,0.006390307501698257,0.5280744484263596
60.5,-11.385454627645057,-15.791515199459615,2.034606062832054,1.0610748275827402,0.618960316089932,-0.028737443247032573,-0.003235030516569539,-0.0018871011346658876,8.761540982376011e-05,-0.23599427003732618,-0.13766332418844054,0.006391511480177597,0.5280744484263598
60.550000000000004,-11.332409846115217,-15.760572410233875,2.0331694333322874,1.0606181262109273,0.6186939069563746,-0.028725074251546,-0.01503175442926085,-0.008768523417069065,0.00040711001579248654,-0.23584187883885024,-0.13757442932266284,0.006387384218552207,0.52807444842636
60.6,-11.279402641358816,-15.729651540792645,2.0317338215368013,1.0595718611515577,0.6180835856717422,-0.028696737906188055,-0.02681593763731301,-0.015642630288432966,0.0007262649776772303,-0.23549264185189167,-0.13737070774693708,0.006377925716822077,0.5280744484263598
60.650000000000006,-11.226462471783375,-15.69876977520697,2.030300025277467,1.0579369054970973,0.6171298615399737,-0.028652457857213074,-0.03857773785130857,-0.022503680413263744,0.001044813733472957,-0.2349465590764506,-0.13705215946126312,0.0063631359749872175,0.52807444842636
60.7,-11.173618739838973,-15.66794426490607,2.028868840870639,1.055714624454486,0.6158335309317835,-0.028592271078975707,-0.05030731278181722,-0.02934593245606013,0.0013624897211742253,-0.2342036305125273,-0.1366187844656412,0.0063430149930476225,0.5280744484263596
60.75,-11.120900767412442,-15.637192114323927,2.027441062450754,1.052906875345131,0.6141956772846601,-0.028516227873930693,-0.06199482013941829,-0.03616364508132769,0.001679026378775927,-0.23326385616012144,-0.13607058276007114,0.006317562771003302,0.52807444842636
60.800000000000004,-11.068337771221698,-15.606530366545991,2.0260174813039207,1.049516007604915,0.6122176711028671,-0.028424391872633164,-0.073630417634689,-0.0429510769535688,0.0019941571442728427,-0.23212723601923316,-0.13540755434455296,0.006286779308854244,0.5280744484263596
60.85,-11.015958838210024,-15.575975988955847,2.024598885201521,1.0455448627841915,0.609901169957445,-0.028316840033738567,-0.08520426297820027,-0.049702486737283856,0.0023076154556596,-0.23079377008986268,-0.13462969921908674,0.006250664606600455,0.5280744484263596
60.900000000000006,-10.963792900940273,-15.545545858881827,2.0231860577337994,1.0409967745477813,0.6072481184862059,-0.028193662644002453,-0.0967065138805335,-0.056412133096978685,0.0026191347509311414,-0.22926345837200923,-0.1337370173836723,0.006209218664241931,0.5280744484263598
60.95,-10.91186871298925,-15.515256749243727,2.021779777643459,1.0358755686749825,0.6042607483937396,-0.02805496331828081,-0.10812732805226001,-0.06307427469715249,0.0029284484680820676,-0.22753630086567375,-0.13272950883831003,0.006162441481778676,0.5280744484263594
61.0,-10.860214824341888,-15.485125314199436,2.0203808181592593,1.0301855630595562,0.6009415784514079,-0.027900858999529713,-0.11945686320395825,-0.06968317020230959,0.0032352900451072214,-0.22561229757085594,-0.1316071735829996,0.006110333059210695,0.5280744484263598
61.050000000000004,-10.808859556785588,-15.455168074791594,2.0189899463296097,1.0239315677097418,0.5972934144973494,-0.027731479958805552,-0.1306852770462054,-0.07623307827695378,0.003539392920001421,-0.22349144848755514,-0.13037001161774078,0.0060528933965379676,0.5280744484263596
61.1,-10.757830979304504,-15.425401404594295,2.017607922356164,1.0171188847482504,0.5933193494364792,-0.02754696979526515,-0.1418027272895724,-0.0827182575855846,0.003840490530759276,-0.22117375361577274,-0.1290180229425343,0.005990122493760521,0.5280744484263595
61.150000000000006,-10.707156883473738,-15.395841515359681,2.0162354989274136,1.0097533084122565,0.5890227632404834,-0.027347485436165334,-0.15279937164464147,-0.08913296679270834,0.0041383163153757355,-0.218659212955507,-0.12755120755737936,0.005922020350878325,0.5280744484263601
61.2,-10.656864758853724,-15.366504442664672,2.0148734205522887,1.0018411250534154,0.5844073229478255,-0.02713319713686338,-0.16366536782198185,-0.0954714645628233,0.004432603711845366,-0.21594782650675987,-0.1259695654622768,0.0058485869678914166,0.5280744484263595
61.25,-10.606981768384411,-15.337406031557574,2.0135224228937445,0.9933891131378457,0.5794769826637428,-0.026904288480816687,-0.17439087353217492,-0.10172800956043547,0.0047230861581630855,-0.21303959426952965,-0.12427309665722593,0.005769822344799778,0.5280744484263592
61.300000000000004,-10.557534723779598,-15.308561922204767,2.0121832321023643,0.9844045432461399,0.5742359835602484,-0.026660956379583007,-0.1849660464857952,-0.10789686045004787,0.005009497092323651,-0.20993451624381665,-0.1224618011422266,0.005685726481603383,0.5280744484263598
61.35,-10.50855006092121,-15.279987535537375,2.01085656414995,0.9748951780733659,0.5686888538761306,-0.026403411072820387,-0.1953810443934156,-0.11397227589615916,0.005291569952321678,-0.20663259242962195,-0.12053567891727986,0.0055962993783022765,0.52807444842636
61.400000000000006,-10.460053815253517,-15.251698058897885,2.009543124163116,0.9648692724290541,0.5628404089169485,-0.02613187612828695,-0.20562602496561605,-0.1199485145632767,0.005569038176152112,-0.20313382282694395,-0.11849472998238436,0.0055015410348964126,0.5280744484263599
61.45,-10.412071597177498,-15.223708431686873,2.0082436057568906,0.9543355732372201,0.556695751055044,-0.025846588441841397,-0.21569114591296862,-0.125819835115899,0.005841635201809583,-0.19943820743578483,-0.11633895433754134,0.005401451451385844,0.5280744484263589
61.5,-10.364628567445017,-15.196033331009593,2.006958690368303,0.9433033195363297,0.5502602697295257,-0.025547798237442337,-0.22556656494605123,-0.1315804962185306,0.006109094467288909,-0.19554574625614238,-0.11406835198275012,0.005296030627770543,0.5280744484263596
61.550000000000004,-10.317749412553187,-15.168687157322692,2.0056890465899824,0.9317822424793392,0.5435396414462813,-0.025235769067148812,-0.23524243977544188,-0.13722475653567498,0.006371149410584919,-0.19145643928801714,-0.11168292291801034,0.005185278564050485,0.5280744484263598
61.6,-10.271458320138624,-15.141684020080865,2.0044353295037545,0.919782565333672,0.5365398297779755,-0.024910777811120333,-0.24470892811171208,-0.1427468747318325,0.006627533469692236,-0.1871702865314106,-0.10918266714332303,0.005069195260225718,0.5280744484263599
61.650000000000006,-10.225778954371666,-15.115037723383473,2.003198180014232,0.9073150034812112,0.52926708536404,-0.024573114677616165,-0.2539561876654421,-0.14814110947150833,0.006877980082605746,-0.1826872879863206,-0.10656758465868722,0.004947780716296188,0.5280744484263598
61.7,-10.180734431350741,-15.088761751621265,2.001978224182416,0.8943907644183265,0.5217279459106898,-0.024223083202996373,-0.26297437614720276,-0.15340171941920186,0.0071222226873200855,-0.1780074436527492,-0.10383767546410393,0.004821034932261962,0.5280744484263592
61.75,-10.136347294496561,-15.062869255122996,2.0007760725592822,0.881021547755849,0.5139292361909122,-0.023861000251720953,-0.2717536512675741,-0.15852296323941886,0.007359994721830168,-0.1731307535306947,-0.10099293955957224,0.0046889579081229975,0.52807444842636
61.800000000000004,-10.092639489946452,-15.037373035802096,1.9995923195193832,0.8672195452190823,0.505878068044464,-0.02348719601635016,-0.2802841707371327,-0.16349909959666084,0.00759102962413069,-0.1680572176201569,-0.09803337694509186,0.004551549643879269,0.5280744484263591
61.85,-10.049632341948625,-15.012285532803366,1.998427542594442,0.8529974406478064,0.4975818403778872,-0.02310201401754482,-0.28855609226644907,-0.16832438715542902,0.00781506083221635,-0.16278683592113846,-0.09495898762066428,0.004408810139530845,0.5280744484263598
61.900000000000006,-10.007346528256406,-14.98761880814957,1.9972823018069445,0.8383684099962634,0.4890482391644876,-0.02270581110406554,-0.296559573566104,-0.17299308458022805,0.008031821784082037,-0.1573196084336361,-0.09176977158628805,0.0042607393950776515,0.5280744484263602
61.95,-9.965802055522587,-14.963384532388176,1.9961571390037367,0.8233461213331811,0.48028523744435536,-0.022298957452773688,-0.3042847723466707,-0.17749945053555863,0.008241045917722378,-0.1516555351576526,-0.08846572884196427,0.004107337410519766,0.5280744484263594
62.0,-9.92501823469363,-14.939593970237947,1.9950525771896193,0.8079447348417415,0.4713010953243483,-0.021881836568630512,-0.3117218463187277,-0.1818377436859247,0.008442466671132218,-0.14579461609318609,-0.08504685938769224,0.003948604185857134,0.5280744484263589
62.050000000000004,-9.885013656403984,-14.916257966235658,1.993969119860941,0.7921789028196048,0.4621043599781027,-0.021454845284697644,-0.31886095319284935,-0.1860022226958291,0.008635817482306334,-0.13973685124023616,-0.08151316322347142,0.003784539721089748,0.5280744484263595
62.1,-9.845806166370373,-14.893386930382716,1.9929072503391974,0.7760637696789099,0.45270386564603093,-0.021018393762137214,-0.3256922506796095,-0.18998714622977253,0.008820831789239423,-0.1334822405988056,-0.07786464034930347,0.0036151440162176616,0.5280744484263598
62.150000000000006,-9.807412840786021,-14.870990823791846,1.9918674311046216,0.7596149719462555,0.4431087336353161,-0.020572905490211117,-0.3322058964895875,-0.19378677295226043,0.008997243029926367,-0.1270307841688909,-0.0741012907651867,0.0034404170712408035,0.52807444842636
62.2,-9.769849961714993,-14.849079144333746,1.990850103129781,0.742848638262724,0.43332837231992105,-0.02011881728628212,-0.33839204833335734,-0.1973953615277928,0.009164784642361793,-0.12038248195049547,-0.07022311447112253,0.003260358886159255,0.5280744484263584
62.25,-9.733132992486409,-14.827660912283735,1.9898556852131737,0.7257813893838498,0.4233724771405792,-0.019656579295812632,-0.3442408639214949,-0.20080717062087322,0.009323190064540533,-0.11353733394361676,-0.06623011146710989,0.0030749694609729632,0.5280744484263598
62.300000000000004,-9.69727655308876,-14.806744655968442,1.9888845733128206,0.7084303381796561,0.4132510306047987,-0.019186654992365708,-0.34974250096457743,-0.2040164588960048,0.009472192734457355,-0.10649534014825464,-0.06212228175314884,0.0028842487956819074,0.528074448426359
62.35,-9.662294395564189,-14.786338397412443,1.9879371398798633,0.6908130896346347,0.4029743022868701,-0.018709521177604712,-0.3548871171731796,-0.2070174850176892,0.009611526090106992,-0.09925650056441175,-0.05789962532924041,0.0026881968902861633,0.5280744484263594
62.400000000000006,-9.62819937940272,-14.766449637984921,1.987013733192157,0.6729477408477356,0.39255284882784475,-0.018225667981292895,-0.35966487025787813,-0.20980450765042943,0.00974092356948424,-0.09182081519208471,-0.053562142195383126,0.0024868137447856356,0.5280744484263586
62.45,-9.59500344693661,-14.747085344046358,1.9861146766878668,0.6548528810324015,0.38199751393556747,-0.017735598861294225,-0.36406591792924736,-0.21237178545872812,0.009860118610583796,-0.08418828403127722,-0.049109832351578696,0.0022800993591804305,0.5280744484263595
62.5,-9.562717598734558,-14.728251932595159,1.985240268299061,0.6365475915165261,0.37131942838463994,-0.01723983060357261,-0.36808041789786344,-0.21471357710708822,0.009968844651400511,-0.07635890708198663,-0.044542695797825674,0.0020680537334704777,0.5280744484263593
62.550000000000004,-9.531351868995994,-14.709955256914329,1.9843907797853082,0.6180514457424838,0.3605300100164477,-0.016738893322192246,-0.3716985278743054,-0.21682414126001193,0.010066835129929137,-0.06833268434421182,-0.03986073253412393,0.0018506768676557525,0.5280744484263582
62.6,-9.500915300945396,-14.692200592218143,1.983566456067271,0.599384509267121,0.34964096373915265,-0.016233330459317855,-0.3749104055691437,-0.21869773658200103,0.010153823484164331,-0.060109615817957616,-0.03506394256047541,0.0016279687617363578,0.5280744484263582
62.650000000000006,-9.471415922226509,-14.674992621298797,1.9827675145603012,0.5805673397617507,0.33866428152768735,-0.01572369878521411,-0.3777062086929595,-0.22032862173756032,0.010229543152100996,-0.05168970150321803,-0.030152325876877523,0.00139992941571216,0.528074448426359
62.7,-9.442860720296688,-14.658335420173067,1.9819941445080353,0.5616209870121652,0.32761224242376136,-0.015210568398246194,-0.38007609495632355,-0.2217110553911893,0.010293727571733791,-0.0430729413999986,-0.02512588248333289,0.0011665588295832982,0.5280744484263574
62.75,-9.415255617821092,-14.642232443728972,1.981246506315988,0.5425669929186204,0.31649741253586106,-0.014694522724879318,-0.38201022206981633,-0.22283929620739448,0.01034611018105757,-0.03425933550829541,-0.01998461237983922,0.000927857003349685,0.5280744484263584
62.800000000000004,-9.388605448067036,-14.626686511372437,1.9805247308851488,0.5234273914958385,0.305332645039237,-0.014176158519678976,-0.38349874774401244,-0.2237076028506747,0.010386424418067045,-0.0252488838281086,-0.014728515566397033,0.0006838239370112893,0.5280744484263566
62.85,-9.36291393029824,-14.611699792673974,1.9798289189455773,0.50422470887303,0.29413108017593304,-0.013656085865311286,-0.38453182968948646,-0.22431023398553449,0.01041440372075698,-0.016041586359441924,-0.009357592043007935,0.0004344596305682322,0.528074448426358
62.900000000000006,-9.338183645169076,-14.597273793015292,1.9791591403899957,0.48498196329385895,0.28290614525475116,-0.013134928172542018,-0.3850996256168155,-0.22464144827647672,0.010429781527122118,-0.006637443102290415,-0.0038718418096695614,0.00017976408402037668,0.5280744484263598
62.95,-9.314416010118887,-14.583409339236018,1.9785154336073867,0.4657226651164758,0.27167155465127457,-0.012613322180237882,-0.385192293236574,-0.22469550438800287,0.010432291275157247,0.0029635459433407195,0.0017287351336150445,-8.026270263214875e-05,0.5280744484263548
63.0,-9.291611254766252,-14.570106565280312,1.9778978048165858,0.4464708168134856,0.26044130980786534,-0.01209191795536525,-0.38479999025933936,-0.22446666098461576,0.010421666402857153,0.012761380777456127,0.007444138786849143,-0.00034562072938942775,0.5280744484263575
63.050000000000004,-9.269768396303245,-14.557364897843556,1.9773062273998794,0.42725091297198103,0.2492296992336544,-0.011571378892991122,-0.383912874395688,-0.22394917673081877,0.010397640348216585,0.022756061400055094,0.013274369150031646,-0.0006163099962514814,0.5280744484263575
63.1,-9.248885214889736,-14.545183042019012,1.9767406412365969,0.4080879402935165,0.2380512985045497,-0.011052381716282698,-0.3825211033561938,-0.2231373102911141,0.01035994654923026,0.032947587811133876,0.01921942622316104,-0.000892330503218202,0.5280744484263568
63.150000000000006,-9.228958229047638,-14.53355896694446,1.976200952036707,0.38900737759411597,0.2269209702632317,-0.010535616476507234,-0.38061483485143244,-0.22202532033000363,0.010308318443893004,0.04333596001069779,0.025279310006240185,-0.0011736822502897261,0.5280744484263548
63.2,-9.209982671055224,-14.522489891448885,1.9756870306744123,0.3700351958042848,0.21585386421916355,-0.010021786553032718,-0.3781842265919815,-0.22060746551199042,0.010242489470199543,0.053921177998741375,0.03145402049926555,-0.0014603652374658967,0.5280744484263545
63.25,-9.191952462341364,-14.511972269699129,1.9751987125217456,0.3511978579689863,0.2048654171485738,-0.009511608653326769,-0.3752194362884165,-0.21887800450157777,0.010162193066144666,0.06470324177526843,0.0377435577022399,-0.0017523794647468492,0.5280744484263564
63.300000000000004,-9.174860188879823,-14.502001776846562,1.974735796782162,0.3325223192476647,0.19397135289446898,-0.009005812812957589,-0.3717106216513124,-0.2168311959632668,0.010067162669723111,0.07568215134027995,0.04414792161516295,-0.002049724932132573,0.5280744484263551
63.35,-9.158697076583532,-14.49257329467373,1.9742980458241373,0.31403602691424115,0.18318768236663852,-0.008505142395593975,-0.36764794039124976,-0.21446129856156262,0.009957131718929695,0.0868579066937706,0.050667112238032885,-0.0023524016396229562,0.5280744484263545
63.400000000000006,-9.143452966698854,-14.483680897241,1.9738851845147605,0.2957669203570817,0.17253070354162817,-0.008010354093004251,-0.36302155021879534,-0.21176257096096437,0.009831833651759079,0.09823050783574647,0.05730112957085213,-0.002660409587218138,0.5280744484263525
63.45,-9.1291162911999,-14.475317836533272,1.9734968995533304,0.2777434310790534,0.16201700146277978,-0.007522217925057669,-0.3578216088445327,-0.2087292718259779,0.009691001906206134,0.10979995476620222,0.06404997361361767,-0.002973748774917972,0.5280744484263559
63.5,-9.115674048182742,-14.4674765281066,1.9731328388049492,0.2599944826974837,0.15166344824019687,-0.007041517239723543,-0.35203827397903403,-0.20535565982110424,0.009534369920265557,0.1215662474851421,0.07091364436633253,-0.003292419202722585,0.5280744484263541
63.550000000000004,-9.103111777259747,-14.46014853673485,1.9727926106341183,0.242549490944163,0.14148720305075954,-0.006569048713071068,-0.3456617033328762,-0.20163599361084497,0.00936167113193208,0.13352938599256575,0.07789214182899663,-0.003616420870631978,0.5280744484263529
63.6,-9.091413534953812,-14.453324562056393,1.9724757832383324,0.22543836366536432,0.13150571213812695,-0.00610562234927025,-0.3386820546166354,-0.1975645318597058,0.009172638979200624,0.1456893702884685,0.08498546600160616,-0.003945753778646013,0.5280744484263523
63.650000000000006,-9.080561870092685,-14.446994424220735,1.9721818839816767,0.20869150082182417,0.12173670881272863,-0.005652061480591038,-0.3310894855408868,-0.19313553323218507,0.008967006900065761,0.15804620037285672,0.09219361688416615,-0.0042804179267648705,0.528074448426352
63.7,-9.070537799203194,-14.441147049535195,1.9719103987284199,0.19233979448875985,0.11219821345177525,-0.0052092027674038865,-0.3228741538162099,-0.18834325639279012,0.008744508332522365,0.17059987624572415,0.09951659447667227,-0.004620413314988361,0.5280744484263545
63.75,-9.061320781905538,-14.435770456111563,1.9716607711766085,0.17641462885584222,0.10290853349923988,-0.004777896198179098,-0.31402621715317547,-0.18318196000601927,0.008504876714565157,0.18335039790707605,0.10695439877912753,-0.004965739943316634,0.5280744484263536
63.800000000000004,-9.052888696307592,-14.430851739512764,1.9714324021916638,0.1609478802272348,0.09388626346588452,-0.004359005089487587,-0.3045358332623584,-0.17764590273637762,0.008247845484188948,0.19629776535691185,0.11450702979153159,-0.0053163978117496905,0.5280744484263482
63.85,-9.045217814399159,-14.42637705839951,1.971224649139977,0.14597191702156034,0.08515028492924026,-0.003953406086000591,-0.2943931598543408,-0.17172934324836728,0.007973148079388453,0.2094419785952266,0.12217448751388192,-0.0056723869202873825,0.528074448426343
63.900000000000006,-9.038282777446236,-14.422331620176971,1.9710368252225021,0.13151959977191072,0.07671976653361137,-0.003561989160489158,-0.2835883546396951,-0.16542654020649,0.0076805179381584125,0.22278303762202775,0.1299567719461826,-0.006033707268929911,0.5280744484263415
63.95,-9.032056571385311,-14.418699666641432,1.9708681988083518,0.11762428112585957,0.0686141639900832,-0.0031856576138253327,-0.2721115753289994,-0.15873175227525002,0.007369688498493731,0.23632094243730728,0.13785388308842866,-0.006400358857677058,0.5280744484263497
64.0,-9.026510502217622,-14.415464459626946,1.970717992768394,0.10431980584543694,0.0608532200765014,-0.0028253280749805758,-0.25995297963282354,-0.15163923811914823,0.007040393198389037,0.25005569304107117,0.14586582094062422,-0.006772341686528997,0.5280744484263349
64.05,-9.021614171403456,-14.412608266652018,1.9705853838088436,0.09164051080715782,0.053456964637507445,-0.0024819305010271367,-0.24710272526174978,-0.14414325640268802,0.0066923654758390865,0.2639872894333172,0.15399258550276823,-0.007149655755485659,0.5280744484263493
64.10000000000001,-9.017335451256416,-14.410112346566244,1.9704695018048612,0.07962122500199764,0.0464457145844978,-0.0021564081771374053,-0.2335509699263501,-0.13623806579037134,0.006325338768838644,0.2781157316140481,0.16223417677486085,-0.007532301064547134,0.5280744484263519
64.15,-9.013640460337687,-14.407956935196983,1.9703694291341456,0.06829726953541687,0.039840073895658065,-0.0018497177165842655,-0.21928787133720262,-0.1279179249467021,0.005939046515382627,0.29244101958325863,0.1705905947569005,-0.007920277613713257,0.52807444842634
64.2,-9.010493538850298,-14.40612123099601,1.9702842000105294,0.0577044576273336,0.03366093361594145,-0.0015628290607402294,-0.20430358720488487,-0.11917709253618318,0.005533222153465661,0.3069631533409504,0.17906183944888737,-0.008313585402984063,0.5280744484263191
64.25,-9.00785722403346,-14.404583380686187,1.9702127998175731,0.047879094612139676,0.02792947185707954,-0.0012967254790787728,-0.188588275239968,-0.11000982722331545,0.005107599121082501,0.3216821328871264,0.18764791085082352,-0.008712224432359668,0.5280744484263298
64.3,-9.005692225556786,-14.40332046490813,1.970154164442163,0.03885797793870523,0.022667153797577496,-0.0010524035691733254,-0.1721320931530308,-0.10041038767260185,0.004661910856227976,0.3365979582217848,0.19634880896270737,-0.009116194701839993,0.5280744484263492
64.35000000000001,-9.003957400914564,-14.402308483866836,1.9701071796081027,0.030678397170361263,0.017895731682710615,-0.0008308732566972063,-0.1549251986546468,-0.09037303254854433,0.0041958907968966805,0.35171062934492797,0.20516453378454075,-0.009525496211425117,0.5280744484263569
64.4,-9.002609730820103,-14.401522342978394,1.9700706802097112,0.02337813398491642,0.013637244824534715,-0.0006331577954248808,-0.13695774945539352,-0.07989202051564795,0.0037092723810835944,0.36702014625655094,0.21409508531632107,-0.009940128961114921,0.5280744484263639
64.45,-9.001604294599893,-14.400935838516606,1.970043449645414,0.016995462174662204,0.009914019601885966,-0.0004602937672304014,-0.11821990326585333,-0.06896161023841564,0.003201789046783578,0.38252650895665496,0.22314046355804848,-0.010360092950909413,0.5280744484263397
64.5,-9.00089424558799,-14.400521643259665,1.9700242191513417,0.011569147646330023,0.006748669460355587,-0.00031333108208807643,-0.09870181779659015,-0.05757606038134486,0.002673174231991006,0.3982297174452426,0.23230066850972453,-0.010785388180808661,0.5280744484261223
64.55,-9.000430786520251,-14.400251292136826,1.9700116671349235,0.00713844842115182,0.004164094912334645,-0.000193332978072886,-0.07839365075818515,-0.0457296296089428,0.002123161374700969,0.4141297717223134,0.2415757001713494,-0.011216014650812652,0.5280744484259429
64.60000000000001,-9.00016314492863,-14.400095167875037,1.970004418508484,0.0037431146348191934,0.002183483536974714,-0.00010137602135971989,-0.057285559861213586,-0.03341657658570991,0.001551483912907957,0.4302266717878687,0.2509655585429231,-0.011651972360921433,0.5280744484256719
64.65,-9.00003854853537,-14.400022486645634,1.9700010440228333,0.0014233885374998166,0.000830309980204887,-3.8550106223883986e-05,-0.035367702816253954,-0.020631159976149116,0.0009578752846068948,0.4465204176419037,0.2604702436244435,-0.012093261311134904,0.5280744484244543
64.7,-9.00000142100806,-14.400000298043185,1.9700001655172013,0.0002752894517151116,0.00019229618892305385,1.3215563527543e-07,-0.011777788857654833,-0.005613290803989617,0.0006197845100831715,0.47796124193987616,0.30327401381150126,-0.0070910679707987,0.5465233133237151
64.75,-8.999989809878654,-14.399987633691097,1.9700012607275017,0.0007352450930102429,0.000812499282294715,7.187862228557008e-05,0.02117325712313916,0.027558126374517856,0.0030653897667126803,0.6605347431862008,0.6812460965442606,0.05292333495158148,0.7512516882377158
64.8,-8.999931461773892,-14.399920038736205,1.9700077105504372,0.0023055831515725123,0.002689847010167925,0.00025937810455190717,0.055948449706285125,0.06527319132399917,0.0062942005919570665,0.7404369479180003,0.8638431059043318,0.08329915664077489,0.8621700546672252
64.85000000000001,-8.99973103677387,-14.399686209569513,1.9700302583629397,0.006011328406239596,0.007013216473946179,0.0006762744457019534,0.09193846611813783,0.1072615438044939,0.01034307743829049,0.6992896244505358,0.8158378951922898,0.07867008275068513,0.8621700546672253
64.9,-8.999301190291632,-14.399184722006904,1.9700786160921913,0.011465455116900414,0.013376364303050451,0.0012898637006512944,0.1258900037408168,0.1468716710309526,0.014162625420841868,0.6588977963514367,0.768714095743341,0.07412600208953651,0.8621700546672252
64.95,-8.998557035613382,-14.398316541548946,1.9701623334934943,0.018566983713307922,0.02166148099885919,0.0020887856677471377,0.15784083734274942,0.18414764356654056,0.01775709420105928,0.6192614636206925,0.7224717075574728,0.06966691465732779,0.8621700546672252
65.0,-8.997418687785368,-14.39698846908293,1.970290397624146,0.02721682336363606,0.03175296059090866,0.0030618926284090514,0.18782874169235608,0.21913353197441493,0.021130733440390025,0.5803806262582994,0.6771107306346811,0.06529282045405857,0.8621700546672252
65.05,-8.995811169176976,-14.39511303070647,1.9704712434675902,0.03731777197447765,0.04353740063689049,0.004198249347128728,0.21589149155805018,0.25187340681772463,0.024287792800280605,0.5422552842642633,0.6326311649749723,0.06100371947972951,0.8621700546672252
65.10000000000001,-8.993664315043794,-14.392608367551093,1.970712764557573,0.048774516190851436,0.056903602222659874,0.005487133071470777,0.2420668617082583,0.282411338659634,0.027232521942179014,0.5048854376385713,0.5890330105783319,0.05679961173433918,0.8621700546672252
65.15,-8.990912679090707,-14.389398125605824,1.9710223236022955,0.06149363139618694,0.07174256996221792,0.006918033532071019,0.266392626911384,0.3107913980632806,0.029969170527530647,0.46827108638124404,0.5463162674447835,0.05268049721788986,0.8621700546672252
65.2,-8.987495439034962,-14.385411345540788,1.9714067631085668,0.07538358171234362,0.08794751199773403,0.008480652942638644,0.28890656193585196,0.33705765559182654,0.032501988217783294,0.4324122304922714,0.5044809355743154,0.048646375930380445,0.8621700546672252
65.25,-8.983356302169254,-14.380582352530796,1.9718724160059589,0.09035471999960043,0.10541383999953359,0.010164905999955032,0.3096464415500819,0.36125418180842805,0.03483522467438416,0.3973088699716504,0.4635270149669242,0.044697247871810585,0.8621700546672252
65.3,-8.978443410924804,-14.374850646078938,1.9724251162709594,0.10631928785665372,0.12403916916609573,0.011960919883873523,0.3286500405224885,0.3834250472762356,0.03697312955877989,0.36296100481938587,0.4234545056226157,0.04083311304218084,0.8621700546672252
65.35000000000001,-8.972709248434438,-14.368160789840177,1.9730702095511257,0.12319141562062846,0.14372331822406623,0.013859034257320678,0.3459551336214952,0.40361432255841007,0.038919952532418145,0.32936863503546665,0.3842634075413767,0.03705397144148993,0.8621700546672253
65.4,-8.966110544095667,-14.360462301444942,1.9738125637892376,0.1408871223670557,0.16436830942823125,0.01584980126629374,0.36159949561551047,0.4218660782180946,0.04067994325674486,0.29653176061991104,0.34595372072322855,0.033359823069739926,0.8621700546672252
65.45,-8.95860817913376,-14.351709542322718,1.9746565798474522,0.15932431590990076,0.18587836856155046,0.01792398553986381,0.3756209012729568,0.4382243848184485,0.04225735139320756,0.26445038157271006,0.30852544516816083,0.029750667926929816,0.8621700546672252
65.5,-8.950167092164829,-14.341861607525633,1.9756062021314567,0.17842279280154744,0.2081599249351382,0.020072564190174055,0.3880571253622529,0.45273331292262725,0.04365642660325337,0.23312449789386092,0.2719785808761703,0.026226506013059293,0.8621700546672253
65.55,-8.940756184758909,-14.330882215552062,1.9766649292146223,0.19810423833279592,0.23112161138826134,0.022286726812439497,0.39894594265181477,0.4654369330937828,0.044881418548329076,0.20255410958336806,0.23631312784726208,0.02278733732812886,0.8621700546672252
65.60000000000001,-8.930348227003032,-14.318739598170206,1.9778358244621588,0.21829222653287667,0.25467426428835543,0.02455787548494858,0.40832512791006326,0.47637931589507265,0.045936576889882036,0.17273921664122158,0.20152908608142459,0.019433161872137384,0.8621700546672251
65.65,-8.918919763064313,-14.305406390241698,1.9791215266552649,0.23891222016942334,0.2787309235309932,0.026877624769060082,0.41623245590541114,0.48560453188964514,0.046826151289358665,0.1436798190674376,0.16762645557867664,0.016163979645086694,0.8621700546672252
65.7,-8.906451016753016,-14.290859519545185,1.9805242606152855,0.2598915707485068,0.30320683253992387,0.02923780170920696,0.42270570140627867,0.49315665164065725,0.04755439140820626,0.11537591686200825,0.1346052363390091,0.012979790646975898,0.8621700546672252
65.75,-8.892925797085645,-14.275080096599918,1.9820458478278646,0.28115951851461524,0.32801943826705027,0.031630445832894157,0.427782639181084,0.4990797457112634,0.04812554690787186,0.08782751002493108,0.10246542836241915,0.00988059487780472,0.8621700546672251
65.8,-8.878331403848021,-14.258053304489358,1.9836877170670975,0.302647192450653,0.3530883911924277,0.0340478091506984,0.4315010439982442,0.5034178846646169,0.04854386744980237,0.061034598556209976,0.07120703164891129,0.006866392337573601,0.8621700546672252
65.85000000000001,-8.862658533158356,-14.239768288684749,1.9854509150196848,0.32428761027795566,0.3783355453242807,0.03648235615626994,0.4338986906261776,0.5062151390638726,0.048813602695444894,0.034997182455836176,0.040830046198475294,0.003937183026281554,0.8621700546672251
65.9,-8.84590118303034,-14.22021804686873,1.9873361169090866,0.3460156784562604,0.40368495819896955,0.03892676382632922,0.4350133538333009,0.507515579472183,0.04893900230624627,0.009715261723823853,0.011334472011127564,0.001092966943930171,0.8621700546672252
65.95,-8.828056558936211,-14.199399318758912,1.989343637119676,0.3677681921837428,0.4290628908810322,0.04137392162067099,0.43488280838803256,0.5073632764527033,0.048924315943653575,-0.01481116363983387,-0.01727969091313978,-0.001666255909481312,0.8621700546672252
66.0,-8.809124979369837,-14.177312475931476,1.9914734398208933,0.38948383539699566,0.45439780796316054,0.04381693148216194,0.43354482905879005,0.5058023005685872,0.04877379326911379,-0.038582093635139085,-0.045012442574329105,-0.004340485533953145,0.8621700546672251
66.05,-8.789109781409799,-14.153961411644765,1.9937251495913972,0.4111031807710278,0.47962037756619796,0.04624910783674055,0.43103719061399143,0.5028767223829886,0.04849168394407394,-0.0615975282620885,-0.0718637829724367,-0.006929721929484953,0.8621700546672252
66.10000000000001,-8.76801722628246,-14.129353430662869,1.996098062043223,0.432568689719279,0.5046634713391575,0.0486639775934188,0.42739766782205296,0.4986306124590605,0.04808223762998088,-0.08385746752068957,-0.09783371210747122,-0.009433965096077563,0.8621700546672251
66.15,-8.745856404925068,-14.103499139079245,1.9985911544459298,0.4538247123935909,0.529462164459188,0.05105528014427888,0.4226640354513947,0.4931080413599592,0.04754970398828182,-0.1053619114109302,-0.12292222997941854,-0.01185321503372963,0.8621700546672251
66.2,-8.722639143548799,-14.076412334140263,2.00120309635076,0.47481748768424364,0.5539537356316162,0.05341696736447731,0.41687406827043344,0.48635307964883767,0.04689833268042367,-0.12611085993281626,-0.14712933658828553,-0.014187471742441818,0.8621700546672251
66.25,-8.69837990920186,-14.048109894068835,2.003932260214791,0.4954951432199345,0.578077667089922,0.05574320361224253,0.4100655410475861,0.478409797888849,0.046132373367853335,-0.1461043130863495,-0.17045503193407438,-0.01643673522221432,0.8621700546672251
66.3,-8.67309571533257,-14.018611667887996,2.0067767320250858,0.5158076953677766,0.6017756445957378,0.05802836572887476,0.40227622855127143,0.46932226664314874,0.04525607571201795,-0.16534227087152734,-0.19289931601678176,-0.018601005473046814,0.8621700546672251
66.35000000000001,-8.646806027352417,-13.987940365244484,2.009734321922853,0.5357070492333137,0.6249915574388643,0.06026704303874767,0.39354390554990437,0.4591345564748872,0.04427368937436417,-0.18382473328835572,-0.2144621888364148,-0.02068028249494,0.8621700546672251
66.4,-8.619532668199174,-13.956121446232368,2.012802574827593,0.5551469986604928,0.6476714984372398,0.06245403734930532,0.38390634681190744,0.447890737947224,0.043189464016339496,-0.20155170033682468,-0.23514365039296187,-0.022674566287892755,0.8621700546672251
66.45,-8.591299723899935,-13.92318301121659,2.015978781061257,0.574083226231698,0.6697637639369792,0.06458436295106591,0.373401327105696,0.4356348816233108,0.0420076492993907,-0.21852317201693913,-0.25494370068642863,-0.024583856851905624,0.8621700546672251
66.5,-8.562133449134224,-13.889155690656594,2.0192599869723997,0.5924733032677307,0.6912188538123507,0.0666532466176196,0.36206662119968686,0.42241105806630014,0.04073249488496469,-0.23473914832870046,-0.27386233971681684,-0.026408154186978772,0.8621700546672251
66.55,-8.532062172797064,-13.854072534929907,2.0226430055603304,0.6102766898278092,0.7119894714657755,0.06865612760562842,0.34994000386229934,0.40826333783934804,0.03936825043450861,-0.2501996292721065,-0.29189956748412393,-0.028147458293111948,0.862170054667225
66.60000000000001,-8.501116203562043,-13.817968904155716,2.02612442709927,0.6274547347095804,0.732030523827842,0.07058865765482766,0.33705924986194696,0.3932357915056035,0.03791916560946895,-0.2649046148471621,-0.30905538398835564,-0.029801769170305706,0.8621700546672251
66.65,-8.469327735444438,-13.780882358018511,2.0297006297625004,0.6439706754490974,0.7512991213572784,0.07244670098802333,0.3234621339670542,0.37737248962822856,0.036389490071293495,-0.27885410505385944,-0.3253297892295024,-0.031371086818559143,0.8621700546672252
66.7,-8.436730753364232,-13.742852545591607,2.0333677902465235,0.6597896383208481,0.7697545780409875,0.07422633431109528,0.3091864309460355,0.3607175027703734,0.034783473481428906,-0.2920480998922022,-0.3407227832075689,-0.0328554112378727,0.8621700546672251
66.75,-8.403360938709236,-13.703921095160775,2.037121894395211,0.6748786383377381,0.7873584113940256,0.0759238468129954,0.2942699155673074,0.3433149014951907,0.033105365501322,-0.30448659936219163,-0.3552343659225565,-0.03425474242824651,0.862170054667225
66.8,-8.369255574898151,-13.664131504047845,2.0409587478239577,0.68920657925109,0.8040743424596027,0.07753574016574748,0.2787503625992898,0.3252087563658369,0.03135941579242002,-0.316169603463826,-0.3688645373744633,-0.03556908038968038,0.862170054667225
66.85000000000001,-8.334453452943649,-13.623529028434259,2.0448739865438395,0.7027442535506543,0.8198682958090943,0.07905872852444844,0.26266554681039506,0.3064431379454599,0.029549874016169368,-0.327097112197109,-0.3816132975632932,-0.036798425122174704,0.862170054667225
66.9,-8.298994777015475,-13.582160573184721,2.048863087585759,0.7154643424645906,0.8347083995420199,0.08048973852726628,0.2460532429690493,0.28706211679722343,0.027680989834017997,-0.33726912556203464,-0.39348064648903963,-0.03794277662572882,0.8621700546672248
66.95,-8.262921070003479,-13.540074581670725,2.052921379624608,0.72734141595949,0.8485649852860694,0.08182590929544248,0.22895122584366656,0.2671097634842767,0.025757012907412433,-0.34668564355860576,-0.40446658415170594,-0.03900213490034308,0.862170054667225
67.0,-8.226275079080729,-13.497320925594185,2.057044053603418,0.7383519327403625,0.8614105881970873,0.08306459243329063,0.21139727020266266,0.2466301485697718,0.0237821928977995,-0.3553466661868233,-0.4145711105512931,-0.03997649994601755,0.8621700546672251
67.05,-8.189100681266588,-13.453950794811021,2.061226173357509,0.7484742402506359,0.8732199469590728,0.08420335202819637,0.19342915081445772,0.22566734261686627,0.021760779466626443,-0.3632521934466859,-0.4237942256877995,-0.040865871762752096,0.862170054667225
67.10000000000001,-8.15144278898977,-13.410016587154734,2.065462686238651,0.7576885746721632,0.883970003784188,0.08523996465061819,0.17508464244746383,0.20426541618870675,0.019697022275339635,-0.37040222533819606,-0.43213592956122826,-0.04167025035054699,0.862170054667225
67.15,-8.113347255651474,-13.365571798260055,2.069748433739209,0.7659770609252109,0.8936399044127437,0.08617241935408604,0.15640151987010834,0.18246843984845867,0.01759517098538716,-0.3767967618613501,-0.43959622217157446,-0.04238963570940181,0.8621700546672251
67.2,-8.074860781188384,-13.32067091138645,2.0740781621163067,0.7733237126684738,0.9022109981132167,0.08699891767520311,0.1374175578508041,0.1603204841592708,0.015459475258215429,-0.3824358030161496,-0.44617510351884043,-0.04302402783931674,0.862170054667225
67.25,-8.036030817635805,-13.275369287241775,2.078446533015972,0.7797144322990652,0.9096668376822398,0.08771787363364465,0.11817053115796736,0.13786561968429453,0.013294184755271303,-0.38731934880259516,-0.45187257360302696,-0.043573426740291875,0.8621700546672247
67.3,-7.996905474690731,-13.229723053805856,2.0828481340972926,0.7851370109525184,0.9159931794446019,0.08832791373215813,0.09869821456001848,0.11514791698668743,0.011103549138002038,-0.3914473992206861,-0.4566886324241331,-0.04403783241232712,0.8621700546672247
67.35000000000001,-7.9575334252749,-13.183788996154052,2.0872774896565733,0.7895811285027892,0.9211779832532515,0.0888278769565636,0.07903838282536864,0.09221144662959593,0.008891818067853899,-0.3948199542704237,-0.4606232799821601,-0.04441724485542259,0.862170054667225
67.4,-7.917963811097926,-13.137624446280915,2.091729071251483,0.7930383535622513,0.9252114124892905,0.08921681477575312,0.05922881072244601,0.06910027917618602,0.0066632412062751336,-0.397437013951806,-0.46367651627710604,-0.04471166406957808,0.8621700546672251
67.45,-7.878246148220314,-13.091287172923701,2.0961973083252143,0.7955021434817023,0.9280858340619835,0.08949399114169139,0.0393072730196634,0.0458584851896065,0.004422068214712109,-0.39929857826483395,-0.46584834130897207,-0.0449210900547937,0.862170054667225
67.5,-7.838430232616572,-13.044835271386003,2.1006765988306353,0.7969678443503602,0.9297958184087507,0.08965888248941535,0.019311544485436503,0.022530135233008758,0.002172548754611608,-0.4004046472095075,-0.467138755077758,-0.04504552281106949,0.8621700546672248
67.55,-7.798566045738299,-12.998327053361352,2.105161319854441,0.7974326909958628,0.93033813949517,0.08971117773703437,-0.0007206001118137857,-0.0008407001304498191,-8.106751257903107e-05,-0.40075522078582665,-0.4675477575834638,-0.04508496233840541,0.8621700546672246
67.60000000000001,-7.75870366007723,-12.951820936756773,2.1096458382413115,0.7968958069842685,0.9297117748149767,0.08965077828573001,-0.020751386003676285,-0.02420995033762269,-0.002334530925413573,-0.40035029899379154,-0.4670753488260894,-0.04503940863680145,0.8621700546672246
67.65,-7.718893144728375,-12.90537533551644,2.1141245212180575,0.7953582046200582,0.9279179053900648,0.08947779801975636,-0.040743038421722735,-0.047533544825343665,-0.004583591822443802,-0.3991898818334022,-0.4657215288056351,-0.04490886170625763,0.8621700546672247
67.7,-7.679184470953024,-12.859048549445198,2.1185917470177844,0.7928227849461333,0.9249599157704858,0.08919256330643982,-0.06065778259754077,-0.07076741303046492,-0.006824000542223354,-0.3972739693046583,-0.4634862975221007,-0.044693321546773974,0.8621700546672247
67.75,-7.63962741774187,-12.812898654032185,2.1230419155040394,0.7892943377438154,0.920843394034448,0.08879561299617905,-0.08045784376271464,-0.09386748438983451,-0.009051507423305434,-0.3946025614075599,-0.46036965497548593,-0.04439278815835043,0.8621700546672246
67.8,-7.600271477378088,-12.76698339027444,2.1274694587949647,0.7847795415328473,0.9155761317883186,0.08828769842244512,-0.10010544714882347,-0.1167896883402947,-0.011261862804242646,-0.39117565814210764,-0.4563716011657916,-0.04400726154098703,0.8621700546672246
67.85000000000001,-7.561165761000388,-12.721360054500455,2.131868851887456,0.7792869635713903,0.9091681241666191,0.08766978340178123,-0.1195628179874557,-0.13948995431869948,-0.013450817023588774,-0.3869932595082998,-0.45149213609301564,-0.04353674169468364,0.8621700546672247
67.9,-7.522358904166142,-12.676085388193835,2.1362346232813088,0.7728270598560325,0.9016315698320352,0.08694304423380346,-0.13879218151018358,-0.16192421176188163,-0.015614120419895664,-0.3820553655061387,-0.4457312597571608,-0.04298122861944051,0.8621700546672248
67.95,-7.483898972414404,-12.631215467816807,2.1405613656033795,0.7654121751217781,0.8929808709754046,0.08610886970119981,-0.15775576294859414,-0.18404839010669335,-0.01774752333171686,-0.3763619761356232,-0.4390889721582264,-0.042340722315257553,0.8621700546672246
68.0,-7.445833366829024,-12.586805594633864,2.1448437462317345,0.7570565428420524,0.8832326333157244,0.0851688610697307,-0.17641578753427156,-0.205818418789984,-0.019846776097605563,-0.36991309139675305,-0.43156527329621125,-0.041615222782134656,0.8621700546672245
68.05,-7.4082087296017285,-12.542910184535353,2.1490765179198053,0.7477762852287037,0.872405666100151,0.084124832088229,-0.1947344804987956,-0.22719022724859544,-0.021907629056114503,-0.3627087112895293,-0.4231601631711167,-0.040804730020071955,0.8621700546672245
68.10000000000001,-7.371070849595171,-12.499582657861037,2.1532545294205425,0.7375894132319973,0.8605209821039934,0.0829788089885995,-0.21267406707375439,-0.2481197449193804,-0.02392583254579739,-0.3547488358139486,-0.4138736417829393,-0.03990924402906913,0.8621700546672244
68.15,-7.334464567906066,-12.456875329223749,2.1573727361105672,0.7265158265406276,0.8476017976307285,0.08173303048582034,-0.23019677249072076,-0.2685629012391742,-0.02589713690520608,-0.3460334649700155,-0.4037057091316843,-0.03892876480912669,0.8621700546672242
68.2,-7.298433683428204,-12.41483929733291,2.1614262106143265,0.7145773135817004,0.8336735325119806,0.08038994777794109,-0.24726482198128114,-0.28847562564482804,-0.027817292472894096,-0.33656259875772865,-0.3926563652173495,-0.037863292360244404,0.8621700546672244
68.25,-7.263020858415565,-12.373524334818164,2.165410153428249,0.7017975515207471,0.8187638101075349,0.0789522245460839,-0.26384044077701996,-0.3078138475731901,-0.029682049587414706,-0.32633623717708643,-0.38072561003993355,-0.03671282668242217,0.8621700546672243
68.3,-7.2282675240454,-12.33297877805297,2.1693199035448925,0.6882021062617206,0.8029024573053367,0.0774227369544434,-0.2798858541095168,-0.3265334964611026,-0.031487158587320555,-0.3153543802280904,-0.36791344359943867,-0.03547736777566016,0.862170054667224
68.35000000000001,-7.194213785981283,-12.293249416978167,2.1731509490771055,0.6738184324469875,0.7861215045214817,0.0758045736502859,-0.29536328721035837,-0.344590501745418,-0.033228369811165254,-0.3036170279107371,-0.3542198658958596,-0.03415691563995788,0.8621700546672241
68.4,-7.160898329936244,-12.25438138492562,2.176898937882173,0.6586758734573502,0.7684551857002384,0.07410103576395173,-0.3102349653111195,-0.36194079286297315,-0.03490143359750089,-0.2911241802250324,-0.3396448769292045,-0.03275147027531608,0.8621700546672241
68.45,-7.12835832723578,-12.216418048441748,2.1805596881859746,0.6428056614120192,0.7499399383140192,0.07231563690885198,-0.3244631136433871,-0.3785402992506183,-0.03650210028488091,-0.2778758371709739,-0.3241884766994696,-0.03126103168173449,0.8621700546672242
68.5,-7.096629340380977,-12.179400897111144,2.1841291992071397,0.6262409171686276,0.7306144033633962,0.07045210318147041,-0.3380099574387431,-0.3943449503452004,-0.03802612021185853,-0.26387199874856027,-0.3078506652066533,-0.02968559985921295,0.8621700546672245
68.55,-7.0657452286115845,-12.143369433380187,2.1876036617811963,0.6090166503232347,0.7105194253771044,0.06851437316136377,-0.350837721928769,-0.4093106755835643,-0.03946924371698655,-0.249112664957793,-0.29063144245075806,-0.028025174807751626,0.8621700546672244
68.60000000000001,-7.035738053469074,-12.108361062380592,2.190979468984729,0.591169759210311,0.6896980524120265,0.06650659791115991,-0.36290863234505155,-0.42339340440256096,-0.04082722113881832,-0.23359783579866686,-0.27253080843177746,-0.0262797565273499,0.8621700546672243
68.65,-7.006637984359759,-12.07441098175306,2.194253226759527,0.5727390309027636,0.6681955360532211,0.06443314097656079,-0.37418491391916525,-0.4365490662390272,-0.04209580281590609,-0.21732751127119054,-0.2535487631497218,-0.02444934501800881,0.8621700546672242
68.7,-6.978473204117823,-12.0415520714708,2.1974217645367444,0.5537651412119071,0.6460593314138885,0.06229857838633941,-0.38462879188269655,-0.448733590529813,-0.0432707390868033,-0.20030169137536036,-0.2336853066045866,-0.02253394027972791,0.8621700546672239
68.75,-6.951269814568429,-12.009814783663172,2.2004821458610513,0.5342906546874793,0.6233390971353884,0.0601076986523412,-0.3942024914672282,-0.45990290671176615,-0.04434778029006314,-0.1825203761111745,-0.21294043879636995,-0.020533542312506994,0.8621700546672231
68.8,-6.925051742090799,-11.979227032439272,2.2034316790147845,0.5143600246176437,0.6000866953872466,0.057865502769484746,-0.40286823790434145,-0.47001294422173207,-0.04532267676423838,-0.16398356547863488,-0.19131415972507437,-0.018448151116346317,0.8621700546672227
68.85000000000001,-6.899840643181275,-11.949814083711495,2.2062679276421058,0.4940195930289734,0.5763561918671323,0.0555772042157594,-0.41058825642562036,-0.47901963249655766,-0.04619117884788228,-0.14469125947773567,-0.16880646939069205,-0.0162777666912452,0.8621700546672235
68.9,-6.875655810016427,-11.921598445019171,2.2089887213731516,0.473317590686482,0.5522038558008927,0.05324822895222904,-0.4173247722626433,-0.4868789009730839,-0.04694903687954737,-0.12464345810848808,-0.14541736779323625,-0.014022389037204855,0.8621700546672237
68.95,-6.852514076016102,-11.894599755352125,2.211592166448188,0.45230413709358896,0.5276881599425173,0.050884215423028546,-0.4230400106469952,-0.4935466790881606,-0.04759200119778694,-0.10384016137088642,-0.12114685493270125,-0.011682018154224656,0.8621700546672234
69.0,-6.830429721406512,-11.86883467497427,2.214076656341767,0.43103124049213615,0.5028697805741551,0.048491014555365114,-0.4276961968102587,-0.49897889627863473,-0.048115822141154035,-0.08228136926492881,-0.09599493080908376,-0.009256654042304375,0.8621700546672227
69.05,-6.809414378783327,-11.84431677524722,2.2164408823868755,0.4095527978623903,0.4778115975061171,0.0460746897595187,-0.43125555598401566,-0.5031314819813505,-0.04851625004820159,-0.059967081790618056,-0.06996159542238804,-0.006746296701444416,0.8621700546672213
69.10000000000001,-6.789476938674729,-11.821056428453856,2.2186838443990924,0.3879245949230292,0.4525786940768629,0.043641516928840635,-0.43368031339984847,-0.5059603656331546,-0.04878903525748281,-0.03689729894794659,-0.04304684877260444,-0.004150946131643879,0.8621700546672214
69.15,-6.770623455104528,-11.799060697621957,2.22080486130074,0.3662043061311748,0.4272383571530323,0.041197984439756974,-0.4349326942893383,-0.5074214766708935,-0.04892992810755044,-0.013072020736927032,-0.01525069085974789,-0.0014706023329041737,0.8621700546672206
69.2,-6.752857051155198,-11.778333226347737,2.2228035817450396,0.3444514946823458,0.4018600771293988,0.0387507931517638,-0.4349749238840683,-0.5074707445314132,-0.0489346789369575,0.011508752842446545,0.013426878316187642,0.0012947346947753571,0.8621700546672206
69.25,-6.736177824530978,-11.758874128619482,2.2246799947402645,0.32272761251048815,0.37651554792889885,0.036306856407429984,-0.4337692274156202,-0.5060640986515575,-0.04879903808425711,0.036845021790176166,0.04298585875520532,0.004145064951394948,0.8621700546672212
69.3,-6.720582753120959,-11.740679878641128,2.226434440273892,0.301096000287978,0.35127866700263677,0.03387330003239749,-0.43127783011557763,-0.5031574684681749,-0.04851875588800236,0.06293678610625884,0.07342625045730172,0.007080388436954209,0.8621700546672204
69.35000000000001,-6.706065600562144,-11.723743200655841,2.2280676199367586,0.279621887425595,0.3262255353298563,0.031457462335379334,-0.4274629572155215,-0.4987067834181087,-0.04808958268674607,0.08978404579070354,0.10474805342248698,0.0101007051514542,0.8621700546672194
69.4,-6.692616821802543,-11.70805295876964,2.2295806075472138,0.25837239207256346,0.3014344574179851,0.029066894108163235,-0.4222868339470354,-0.49266797293820747,-0.047507268819041416,0.11738680084349486,0.1369512676507431,0.013206015094893237,0.8621700546672172
69.45,-6.680223468664238,-11.693594046774951,2.230974859775273,0.23741652111650977,0.27698594130258913,0.026709358625607266,-0.4157116855417008,-0.4849969664653177,-0.046767564623441324,0.1457450512646399,0.17003589314207895,0.016396318267272073,0.8621700546672164
69.5,-6.668869095406474,-11.680347277974228,2.2322522267667715,0.21682517018348307,0.2529626985473938,0.024392831645641808,-0.40769973723109904,-0.4756496934362829,-0.04586622043849857,0.17485879705413956,0.20400192989649518,0.019671614668590777,0.8621700546672204
69.55,-6.658533664288731,-11.668289275003527,2.2334149627675175,0.19667112363796208,0.22944964424428638,0.022125501409270595,-0.39821321424681444,-0.4645820832879511,-0.044798986602766426,0.2047280382119932,0.23884937791399147,0.02303190429884933,0.8621700546672203
69.60000000000001,-6.649193451133804,-11.657392359656113,2.2344657367474468,0.17702905458283477,0.2065338970133018,0.019915768640568633,-0.3872143418204247,-0.45175006545716256,-0.043561613454797615,0.2353527747382125,0.27457823719458074,0.026477187158049004,0.8621700546672132
69.65,-6.640820950890885,-11.647624442706041,2.235407643024775,0.1579755248594256,0.1843047790026585,0.01777224654668517,-0.37466534518351885,-0.43710956938077233,-0.04214985133314574,0.2667330066327754,0.3111885077382372,0.030007463246187326,0.8621700546672139
69.7,-6.633384783198637,-11.63894891373175,2.236244211890153,0.13958898504746584,0.16285381588870582,0.015703760817839883,-0.3605284495676763,-0.42061652449562226,-0.040559450576363475,0.29886873389569185,0.3486801895449731,0.03362273256326546,0.8621700546672129
69.75,-6.6268495979482775,-11.631324530939665,2.2369794202308184,0.12194977446511561,0.14227473687596373,0.01371934962732541,-0.34476588020447985,-0.4022268602385596,-0.03878616152300395,0.3317599565269635,0.38705328261478944,0.037322995109283524,0.8621700546672111
69.8,-6.621175980846655,-11.624705310987773,2.237617702154751,0.10514012116895176,0.12266347469710552,0.011828263631506904,-0.32733986232551104,-0.38189650604642944,-0.03682573451161987,0.36540667452658926,0.426307786947686,0.04110825088424139,0.862170054667206
69.85000000000001,-6.616320358979325,-11.619040418809224,2.238163959614825,0.08924414195396416,0.1041181656129527,0.010039965969820912,-0.3082126211623436,-0.3595813913560683,-0.0346739198807635,0.39980888789458163,0.46644370254367734,0.04497849988814048,0.8621700546672009
69.9,-6.612234906373645,-11.614274057435932,2.238623573032964,0.07434784235358831,0.0867391494125156,0.008364132264778704,-0.28734638194657525,-0.3352374456043382,-0.03232646796898976,0.434966596630916,0.507461029402734,0.048933742120978084,0.8621700546672024
69.95,-6.608867449561828,-11.610345357822142,2.239002411924294,0.06053911663966105,0.07062896941293234,0.006810650621961788,-0.26470336990978227,-0.3088205982280801,-0.029779129114850603,0.4708798007356044,0.5493597675248697,0.052973977582755516,0.8621700546671863
70.0,-6.606161373144036,-11.607188268668049,2.2393068455212957,0.04790774782243759,0.055892372459505096,0.005389621630024196,-0.24024581028354505,-0.28028677866413815,-0.027027653656898815,0.5075485002086478,0.5921399169100872,0.057099206273472924,0.8621700546671789
70.05,-6.604055525351462,-11.604731446243381,2.2395437533979603,0.03654540765060532,0.04263630892570193,0.00411135836069289,-0.21393592829944727,-0.24959191634935807,-0.02406779193368787,0.5449726950500449,0.6358014775583843,0.06130942819313011,0.8621700546671754
70.10000000000001,-6.6024841236094,-11.602898144210974,2.2397205360939423,0.026545656611263565,0.03096993271313693,0.0029863863687671307,-0.18573594918906178,-0.2166919407205751,-0.020895294283769426,0.5831523852598098,0.6803444494697763,0.06560464334172869,0.8621700546671639
70.15,-6.601376660100331,-11.601606103450395,2.2398451257387126,0.01800394392994148,0.021004601251593914,0.0020254436921184876,-0.15560809818398932,-0.18154278121465636,-0.0175059110456987,0.6220875708379157,0.7257688326442331,0.06998485171926563,0.8621700546671085
70.2,-6.6006578073270035,-11.600767441881514,2.2399259966757117,0.011017607570582077,0.012853875499008674,0.0012394808516905133,-0.12351460051580272,-0.1441003672684376,-0.01389539255802771,0.6617782517843755,0.7720746270817697,0.0744500533257424,0.8621700546670982
70.25,-6.600247323675504,-11.600288544288095,2.2399721760865057,0.005685874235552633,0.00663351994147648,0.0006396608514997609,-0.08941768141608383,-0.10432062831876623,-0.010059489159309399,0.7022244280991913,0.8192618327823877,0.07900024816115911,0.8621700546670692
70.3,-6.600059958978333,-11.600069952141398,2.2399932546149377,0.0021098593656422903,0.002461502593244146,0.00023735917863451807,-0.05327956611641546,-0.06215949380248828,-0.005993951188096799,0.7434260997823607,0.867330449746085,0.08363543622551559,0.8621700546646339
70.35000000000001,-6.600005463840021,-11.599988148899124,2.2400010014995066,0.0006488557164427699,0.0018415949806278875,0.00016917454911488455,-0.020163502067169096,0.019147064984593745,0.001515536150234583,0.665194568273244,1.5869546118144888,0.1467416906162282,1.013993273156632
70.4,-6.59999568072559,-11.599936960260573,2.2400056292098256,0.0005284401281238614,0.004068103928266982,0.00036552462298955485,0.008058693263154518,0.1451973018719076,0.012948477872894503,0.44526454939976645,3.100042903933886,0.2789280752407246,1.3453280773931335
70.45,-6.599958079688371,-11.599571324311771,2.2400383926067913,0.0013306773590523939,0.013607461647966917,0.001218697348188478,0.029449729856205004,0.3011519410284918,0.02697145738331521,0.3377535854486802,3.4538567363384978,0.30933073004306666,1.4733160003068095
70.5,-6.599847886510092,-11.598444492599267,2.240139312738364,0.003210231044432769,0.03282771403681162,0.0029400816315899316,0.045432523046127035,0.4645914433839893,0.04160925635441494,0.30176624390224893,3.085851399376821,0.276371818243274,1.4733160003068095
70.55,-6.599624480389159,-11.596159949165932,2.240343918644745,0.005844460466761105,0.05976525497596537,0.005352633697402306,0.05964716442182902,0.6099498851156582,0.05462769815187258,0.2670275128798931,2.7306143113855073,0.2445564430973963,1.4733160003068095
70.60000000000001,-6.599252311715773,-11.592354164904844,2.240684768342268,0.00914651879848269,0.09353199174546198,0.00837681510776199,0.07215608450951896,0.73786567867206,0.06608395960838774,0.23353739238160132,2.388145472364437,0.2138846046054228,1.4733160003068095
70.65,-6.598700095183356,-11.586707217329518,2.2411905143964144,0.01303268073835013,0.13327175224773172,0.011935946266437519,0.0830217138353935,0.8489772365016395,0.0760352175566496,0.20129588240739188,2.0584448823138004,0.18435630276737053,1.4733160003068095
70.7,-6.597940653712233,-11.57894119454279,2.241886046863895,0.017422342511428168,0.17816028500765066,0.015956206418834006,0.09230648292565866,0.9439229710529383,0.08453864882935602,0.1703029829572597,1.7415125412335435,0.15597153758323468,1.4733160003068095
70.75,-6.596950762373318,-11.568818599205684,2.2427926362347317,0.02223802186909195,0.22740525917252313,0.02036663365199156,0.10007282230651943,1.0233412947744864,0.0916514302592038,0.14055869403120097,1.437348449123628,0.1287303090530118,1.4733160003068095
70.8,-6.5957109923118,-11.556140752506305,2.243928076374339,0.027405358089026045,0.2802462645120714,0.025099124894584345,0.10638316250417901,1.0878706201147967,0.0974307386788882,0.11206301562921757,1.145952605984073,0.10263261717670366,1.4733160003068095
70.85000000000001,-6.594205554670825,-11.540746198128705,2.2453068274656074,0.032853111975227396,0.3359548114184661,0.03008843591692335,0.1112999340448428,1.1381493595224035,0.1019337509211064,0.08481594775130005,0.8673250118147825,0.07767846195430156,1.4733160003068095
70.9,-6.592422144515183,-11.52250910622178,2.2469401589509816,0.038513165857998306,0.3938343309062542,0.0352721813309499,0.11488556745471158,1.1748159254457946,0.10521764381855146,0.05881749039746352,0.6014656666159102,0.05386784338581933,1.4733160003068095
70.95,-6.590351784754987,-11.50133767736812,2.248836292474545,0.044320523593954886,0.45322017461244557,0.04059083459024342,0.11720249325999024,1.1985087303334991,0.10733959420392011,0.034067643567703663,0.34837457038741265,0.031200761471253044,1.4733160003068095
71.0,-6.587988670069367,-11.47717254655292,2.2510005448241013,0.050213310566023406,0.5134796147964762,0.04598772799001815,0.11831314198688289,1.2098661866340386,0.10835677890990839,0.010566407262017474,0.10805172312925843,0.009677216210599917,1.4733160003068095
71.05,-6.585330010830145,-11.449985187132826,2.2534354708732565,0.056132773683439295,0.5740118443401968,0.05140905266712209,0.11827994416159317,1.20952670679593,0.10832637476921195,-0.011686218519593592,-0.1195028751585375,-0.010702792396138663,1.4733160003068095
71.10000000000001,-6.582375877025522,-11.419776314804839,2.256141006523499,0.06202328138175057,0.6342479767479089,0.05680385860004028,0.11716533031032438,1.1981287032676868,0.10730555861452606,-0.03269023377713677,-0.3342892244760485,-0.029939264348969367,1.4733160003068095
71.15,-6.57912904218377,-11.386574291575197,2.259114611646281,0.06783232362281016,0.6936510461462857,0.062124054608887716,0.11503173095928064,1.1763105884978298,0.10535150727854681,-0.0524456385106004,-0.5363073248231559,-0.048032199647881524,1.4733160003068095
71.2,-6.575594827296908,-11.35043352972823,2.2623514130251037,0.07351051189478529,0.7517160072844686,0.06732440835541789,0.11194157663466586,1.1447107749348795,0.1025213975939701,-0.07095243271998791,-0.7255571761998948,-0.06498159829287818,1.4733160003068095
71.25,-6.5717809447443845,-11.311432895795246,2.265844347297595,0.07901157921215315,0.8079697355340226,0.07236254634301895,0.10795729786268353,1.1039676750273508,0.09887240639349133,-0.08821061640530155,-0.9020387786062882,-0.0807874602839615,1.4733160003068095
71.3,-6.567697342216771,-11.269674114523424,2.2695843038975942,0.08429238011570014,0.8619710268889281,0.07719895391671289,0.10314132516953763,1.0547197012237635,0.09446171050980644,-0.10422018956654028,-1.0657521320423247,-0.09544978562113055,1.4733160003068095
71.35000000000001,-6.56335604663944,-11.225280172844663,2.273560267997234,0.0893128906725249,0.9133105979656131,0.08179697526315835,0.09755608908142982,0.9976052659726146,0.08934648677560927,-0.11898115220370915,-1.2166972365080566,-0.10896857430438989,1.4733160003068095
71.4,-6.5587710080962545,-11.178393723844522,2.2777594634490166,0.09403620847603172,0.9616110860028848,0.08612281341064465,0.09126402012456677,0.9332627817224515,0.08358391202359827,-0.1324935043167999,-1.354874092003399,-0.12134382633373199,1.4733160003068095
71.45,-6.553957943753246,-11.129175490731026,2.2821674957279026,0.09842855264593865,1.0065270488620128,0.09014553022909919,0.08432754882515167,0.862330660921787,0.07723116308646857,-0.14475724590581504,-1.480282698528379,-0.13257554170915906,1.4733160003068095
71.5,-6.548934181782302,-11.07780267080358,2.2867684948733893,0.10245926382827378,1.0477449650266908,0.09383704643008389,0.07680910570938748,0.7854473160191301,0.07034541679691515,-0.1557723769707562,-1.5929230560830114,-0.14266372043067266,1.4733160003068098
71.55,-6.543718505284854,-11.02446733942185,2.2915452584315936,0.10610080419537446,1.084983233603029,0.09717214156679473,0.06877112130347843,0.7032511594630031,0.06298384998763422,-0.16553889751162257,-1.6927951646672883,-0.15160836249827211,1.4733160003068095
71.60000000000001,-6.538330996215555,-10.969374853974612,2.2964793943973336,0.10932875744588964,1.1179921743195784,0.10012845403406376,0.06027602613362519,0.6163806037018934,0.05520363949131863,-0.1740568075284171,-1.7798990242812414,-0.15940946791196006,1.4733160003068095
71.65,-6.532792879305972,-10.912742257848706,2.3015514641562063,0.1121218288047755,1.146554027527286,0.1026864810683551,0.05138625072603605,0.5254740611843651,0.04706196214066835,-0.18132610702113494,-1.8542346349248195,-0.166067036671732,1.4733160003068095
71.7,-6.527126365988265,-10.854796684397824,2.306741125426675,0.11446184502330084,1.170482954199548,0.10482957874776978,0.04216422560691367,0.4311699443589252,0.0386159947683781,-0.1873467959897777,-1.915801996598039,-0.17158106877758947,1.4733160003068095
71.75,-6.521354498318869,-10.795773760911432,2.312027275202151,0.11633375437904439,1.1896250359321852,0.1065439619920435,0.03267238130246081,0.33410666567408037,0.029922914207142538,-0.19211887443434628,-1.9646011093009104,-0.17595156422953337,1.4733160003068095
71.8,-6.51550099290219,-10.735916012583651,2.3173881926930706,0.11772562667589459,1.2038582749434386,0.10781870456254629,0.022973148338881755,0.23492263757835408,0.021039897289657924,-0.19564234235484032,-2.000631973033429,-0.17917852302756326,1.4733160003068095
71.85000000000001,-6.509590084814273,-10.675471266482104,2.322801682268982,0.11862865324405049,1.2130925940739812,0.10864573906228342,0.013128957242376664,0.1342562725202295,0.012024120848616836,-0.19791719975126054,-2.023894587795602,-0.18126194517167982,1.4733160003068098
71.9,-6.503646371526502,-10.614691055516879,2.3282452164006195,0.1190371469400205,1.2172698367869008,0.10901985693589397,0.0032022385391546806,0.03274598294827713,0.0029327617167198275,-0.19894344662360547,-2.034388953587415,-0.1822018306618817,1.4733160003068095
71.95,-6.4976946568292755,-10.5538290224093,2.333696078601995,0.11894854214662408,1.21636376716772,0.10893870846965273,-0.006744577244581809,-0.06896981868899899,-0.006177003273338705,-0.19872108297187593,-2.032115070408876,-0.1819981794981697,1.4733160003068095
72.0,-6.491759794755693,-10.493139323660868,2.3391315063724725,0.11836339477299057,1.2103800699243883,0.10840280279146906,-0.0166490595826295,-0.1702527199430823,-0.015247997288863219,-0.19725010879607208,-2.017072938259989,-0.18065099168054388,1.4733160003068098
72.05,-6.485866533505239,-10.432875033522116,2.3445288341388553,0.11728538225455944,1.199356350387276,0.10741550787088698,-0.02644877794878595,-0.27046430836547225,-0.024223043497159327,-0.19453052409619384,-1.9892625571407494,-0.17816026720900413,1.4733160003068098
72.10000000000001,-6.480039359367467,-10.37328654796149,2.349865636197463,0.11572130355307986,1.1833621345091734,0.10598305051908481,-0.03608130181684977,-0.36896617150767325,-0.03304496506553367,-0.19056232887223953,-1.9486839270511405,-0.17452600608354915,1.4733160003068095
72.15,-6.474302340645693,-10.31461998863429,2.355119869656213,0.11368107915661245,1.1624988688653164,0.10411451638887698,-0.04548420066061132,-0.465119896921107,-0.041656585161284856,-0.1853455231242116,-1.89533704799119,-0.16974820830418097,1.4733160003068095
72.2,-6.468678971580664,-10.257115606851439,2.360270017376706,0.11117775107952704,1.1368999206533508,0.1018218499747116,-0.05459504395386957,-0.5582870721572863,-0.05000072695171993,-0.17888010685210903,-1.8292219199608868,-0.16382687387089884,1.4733160003068095
72.25,-6.463192016274255,-10.201006187548444,2.3652952309163067,0.10822748286250443,1.1067305776933558,0.09911985461267234,-0.06335140117041932,-0.6478292847676747,-0.05802021360414147,-0.17116608005593353,-1.7503385429602443,-0.156762002783704,1.4733160003068095
72.3,-6.457863352613146,-10.146515453254224,2.370175473470224,0.10484955957253443,1.0721880484278292,0.09602619248047668,-0.07169084178405923,-0.7331081223037788,-0.06565786828585603,-0.16220344273568318,-1.658686916989246,-0.14855359504259485,1.4733160003068095
72.35000000000001,-6.45271381619251,-10.093856468060007,2.3748916628135963,0.10106638780291634,1.0335014619216842,0.0925613845974761,-0.07955093526858777,-0.8134851723171063,-0.07285651416417022,-0.1519921948913543,-1.5542670420478557,-0.13920165064756818,1.4733160003068095
72.4,-6.447763044239702,-10.043230041588274,2.379425814243564,0.09690349567326341,0.9909318678622988,0.08874881082466052,-0.08686925109779593,-0.8883220223590849,-0.07955897440638326,-0.14053233652295327,-1.43707891813614,-0.12870616959862985,1.4733160003068095
72.45,-6.443029319537933,-9.994823132961516,2.3837611835213637,0.09238953282949554,0.9447722365594418,0.08461470986465111,-0.09358335874548186,-0.9569802599812162,-0.08570807217980128,-0.12782386763047793,-1.307122545254071,-0.11706715189577777,1.4733160003068098
72.5,-6.438529414349965,-9.948807254771205,2.387882409814401,0.08755627044384479,0.8953474589453254,0.08018817926170589,-0.09963082768544128,-1.018821472734974,-0.09124663065172808,-0.11386678821393065,-1.164397923401675,-0.10428459753901374,1.4733160003068095
72.55,-6.4342784343417865,-9.905336877046617,2.391775658638337,0.0824386012148514,0.8430143465745715,0.07550117540171593,-0.104949227391472,-1.0732072481718575,-0.09611747298946915,-0.09866109827330803,-1.0089050525789212,-0.09035850652833512,1.4733160003068098
72.60000000000001,-6.430289662506302,-9.864547831223744,2.395428764799169,0.07707453936736532,0.7881616316242192,0.07058851351220616,-0.10947612733737143,-1.1194991738433653,-0.10026342236033016,-0.08220679780860453,-0.8406439327857474,-0.07528887886373684,1.4733160003068098
72.65,-6.42657440308702,-9.8265557141142,2.398831375335307,0.07150522065255176,0.731209966893787,0.06548786766234124,-0.1131490969969326,-1.1570588373009416,-0.10362730193161243,-0.06450388681983074,-0.6596145640222666,-0.05907571454522851,1.47331600030681
72.7,-6.423141825501727,-9.791454291874016,2.4019750924596655,0.06577490234788126,0.672611925805168,0.060239770762916284,-0.11590570584395346,-1.1852478260960868,-0.10615193487062148,-0.04555236530698238,-0.46581694628843345,-0.04171901357280614,1.4733160003068098
72.75,-6.419998808266181,-9.759313903972597,2.4048536165017342,0.05993096325713668,0.6128520024027022,0.05488761456636279,-0.11768352335222931,-1.2034277277802778,-0.10778014434466088,-0.025352233270063168,-0.25925107958428295,-0.02321877594647307,1.4733160003068093
72.8,-6.417149782917795,-9.730179867161551,2.4074628888496705,0.05402390371040912,0.552446611353144,0.049477649666745886,-0.11842011899555772,-1.2109601299050046,-0.10845475352103628,-0.0039034907090681557,-0.039916963909769676,-0.003575001666225014,1.473316000306809
72.85000000000001,-6.414596577939315,-9.70407087944359,2.4098012348923743,0.04810734556409917,0.4919440879456581,0.04405898549976438,-0.11805306224773449,-1.2072066200217446,-0.1081185855670514,0.018793862376010023,0.19218540073518442,0.017212309267944974,1.473316000306809
72.9,-6.412338262682513,-9.68097742404143,2.411869506961569,0.04223803220092316,0.4319246880918966,0.03868359034275702,-0.11651992258255565,-1.191528785681981,-0.10671446365000982,0.04273982598515653,0.4370560143504298,0.039143156856023306,1.4733160003068098
72.95,-6.410370991291868,-9.660860173366618,2.4136712272738876,0.03647582852990288,0.37300058832587984,0.03340629131469273,-0.11375826947381777,-1.1632882144371968,-0.10418521093721668,0.06793440011837762,0.6946948769360282,0.06221754109801569,1.4733160003068095
73.0,-6.408687846628246,-9.643648392988453,2.415212730872952,0.03088372098637159,0.315815885804078,0.028284774376177116,-0.10970567239531742,-1.1218464938388801,-0.10047365059597685,0.0943775847756686,0.9651019884919303,0.0864354619939179,1.4733160003068098
73.05,-6.407278684192593,-9.629238345602841,2.4165033085714556,0.025527817531971905,0.2610465983053722,0.02337958432944876,-0.1042997008208508,-1.0665652114385116,-0.09552260579359412,0.12206937995703573,1.2482773490182018,0.11179691954373543,1.473316000306809
73.10000000000001,-6.406129976049613,-9.617491695001187,2.4175553498932456,0.020477347654655427,0.20940066423106243,0.018754124818380867,-0.09747792422421118,-0.9968059547875415,-0.08927489969737004,0.15100978566248868,1.5442209585149391,0.1383019137474772,1.4733160003068089
73.15,-6.405224654751453,-9.608233910039278,2.418384486015402,0.01580466236868909,0.16161794260492357,0.014474658328485898,-0.08917791207919896,-0.9119303114374939,-0.08167335547461294,0.1811988018920081,1.8529328169819494,0.16595044460512562,1.4733160003068089
73.2,-6.404541957261392,-9.601252668606135,2.419009732710321,0.01158523421464526,0.11847021307310743,0.010610306186906861,-0.07933723385960875,-0.8112998689398406,-0.0726607962926258,0.2126364286456019,2.1744129244193133,0.194742512116688,1.473316000306808
73.25,-6.404057268877523,-9.596296261592927,2.419453633287798,0.007897657259408527,0.08076117590421127,0.007233048562422707,-0.06789345903923918,-0.6942762148460784,-0.062180045318714225,0.24532266592326493,2.5086612808269697,0.22467811628215933,1.473316000306802
73.3,-6.403741967156432,-9.593071996861825,2.4197424015371096,0.004823647096171907,0.04932645198925048,0.004417724465446417,-0.05478415709188401,-0.5602209367076701,-0.050173925720180694,0.27925751372500424,2.8556778862049956,0.2557572571015462,1.4733160003068022
73.35000000000001,-6.403563265836895,-9.591244603214891,2.41990606466909,0.002448040844439357,0.025033582841663987,0.002242031748026432,-0.03994689749133467,-0.40849562207603973,-0.03658526066432455,0.3144409720508317,3.2154627405535186,0.2879799345748595,1.4733160003068106
73.4,-6.4034840587635475,-9.590434634362952,2.4199786062582205,0.0008587971500276263,0.008782030597335372,0.0007865271038471157,-0.02331924971139614,-0.23846185850277318,-0.021356873318459514,0.3508730409007242,3.5880158438722947,0.32134614870207806,1.4733160003067125
73.45,-6.4034443472904075,-9.590219776535054,2.4199970238977233,0.0014313669833653177,0.003290557581413507,0.0002457406654779324,0.03514812508893518,-0.08430237474251197,-0.009465053467469465,1.1087842803853603,3.0675166672153384,0.2390376701596967,1.178359412271676
73.5,-6.403408948599149,-9.590169382765396,2.4200001925700123,0.0031650371405278284,0.0025308589986560545,9.791769133648531e-05,0.11950855617877043,0.05535449129145986,-7.732282793677415e-05,2.320495891145983,1.981819947853257,0.08364472126442535,0.6977551230931143
73.55,-6.403095415505501,-9.589959569539172,2.4200060531489895,0.011182029530674221,0.007230264582099527,0.00018529838884998327,0.23204461264816634,0.15003930544940008,0.0038452315607890477,2.357956908009508,1.524647406030425,0.039073910047660684,0.5739790957182959
73.60000000000001,-6.40219902067062,-9.589379963501786,2.4200209073861583,0.025581145787270138,0.01654068716665889,0.0004239074030626249,0.340944854027293,0.22045385372667636,0.0056498269803926075,2.000934877408878,1.2937981012776636,0.03315766676885606,0.5739790957182959
73.65,-6.400453892613587,-9.588251569273584,2.4200498260557453,0.044986201900203054,0.029087934474682515,0.0007454702842378444,0.4324263134144218,0.2796054731988933,0.00716577424091268,1.661205628330204,1.0741302538284447,0.02752798368433131,0.573979095718296
73.7,-6.397631147552792,-9.586426391332372,2.4200966020109034,0.06854787474677969,0.044322836887549566,0.0011359128246643856,0.5073536298856709,0.3280532367312411,0.008407401352063595,1.3387691607734091,0.8656438636827187,0.022184860794085152,0.573979095718296
73.75,-6.393543287063915,-9.583783193795806,2.4201643423044117,0.09546007315810694,0.061724178429894985,0.001581877217116615,0.5665914425171278,0.36635621718889033,0.00938903632355918,1.0336254747385192,0.6683389308405018,0.017128298098118003,0.573979095718296
73.8,-6.388042036482239,-9.580226102739228,2.4202555040087024,0.12495993791909753,0.08079869676961321,0.002070722054854614,0.6110043903848879,0.3950734874370164,0.010125007165113381,0.7457745702255338,0.4822154553017941,0.012358295596429878,0.573979095718296
73.85000000000001,-6.381016183304951,-9.575683208513505,2.4203719300358806,0.15632784176847137,0.101081083217859,0.0025905223316242017,0.6414571125650482,0.4147641203407961,0.010629641886440182,0.475216447234434,0.30727343706658305,0.007874853289020448,0.5739790957182959
73.9,-6.372389415593463,-9.570105168062861,2.4205148849577522,0.18888738939874375,0.12213398272903983,0.0031300694416567386,0.6588142481336982,0.42598718876540115,0.01091726849725344,0.22195110576527774,0.1435128761349062,0.0036779711758906817,0.5739790957182959
73.95,-6.362118160375708,-9.563463807242725,2.420685090825846,0.2220054174562487,0.143547993900831,0.0036788711796695147,0.6639404361669391,0.42930176557601063,0.011002215007267203,-0.014021454181993187,-0.009066227493273696,-0.00023235074296039339,0.573979095718296
74.0,-6.350189422048466,-9.555750723137557,2.4208827629914387,0.2550919945411157,0.16494166897416054,0.004227151740865366,0.6577003157408641,0.425266923637799,0.010898809426195387,-0.23270123260735923,-0.15046387381794452,-0.003856112467532456,0.573979095718296
74.05,-6.33661862077966,-9.546975886378682,2.42110764592558,0.2876004212072814,0.1859615138332168,0.00476585172093286,0.6409585259315683,0.4144417358159414,0.01062137976375194,-0.43408822951082104,-0.2806800628391061,-0.007193313997825502,0.573979095718296
74.10000000000001,-6.321447430910672,-9.53716624346215,2.421359049039116,0.3190272299624894,0.20628198800544836,0.0052866281160463035,0.6145797058151449,0.39738527497561194,0.010184254029650782,-0.6181824448923906,-0.3997147945567669,-0.010243955333839731,0.5739790957182961
74.15,-6.304741619358654,-9.526364319066543,2.421635882502713,0.348912185268279,0.2256055046615566,0.005781854322865547,0.5794284944676955,0.3746566139819907,0.009601760233605972,-0.7849838787520297,-0.5075680689709015,-0.013008036475574521,0.573979095718296
74.2,-6.2865888840188315,-9.514626818370832,2.4219366930668826,0.3768382835400077,0.2436624306155106,0.006244620138536367,0.5363695309653093,0.3468148257002484,0.00888822638533135,-0.9344925310897774,-0.6042398860815353,-0.015485557423030512,0.5739790957182961
74.25,-6.26709669216682,-9.502023229372208,2.4222596998820074,0.4024317531468292,0.2602110863245324,0.006668731760690087,0.48626745438408286,0.3144189829955622,0.0080579804945409,-1.0667084019056194,-0.68973024588866,-0.01767651817620748,0.573979095718296
74.3,-6.246390118860933,-9.488634425203921,2.422602830318362,0.42536205441170377,0.2750377458891041,0.007048711787443763,0.42998690380011206,0.27802815873310766,0.007125350570948584,-1.1816314911995567,-0.7640391483922756,-0.01958091873510544,0.573979095718296
74.35000000000001,-6.224609685344487,-9.47455126645311,2.4229637557861388,0.44534187961139776,0.2879566370529675,0.007379799217400169,0.3683925182894875,0.23820142577805703,0.0061046646242682665,-1.2792617989715969,-0.8271665935923865,-0.02119875909972449,0.5739790957182959
74.4,-6.201909197448122,-9.459873203478653,2.4233399275554732,0.462127152976477,0.2988099412031197,0.007657949449647693,0.3023489369283185,0.19549785699559458,0.005010250664214134,-1.359599325221718,-0.8791125814889792,-0.022530039270064302,0.573979095718296
74.45,-6.178453583992097,-9.444706878728992,2.4237286125764674,0.47551703069132045,0.30746779336982205,0.007879834283760559,0.23272079879268565,0.1504765252508872,0.003856436700499901,-1.4226440699499416,-0.9198771120820667,-0.023574759246125194,0.5739790957182961
74.5,-6.154416735188611,-9.429164729059972,2.4241269292992143,0.48535390089410607,0.31382828222659065,0.008042841919798585,0.1603727429586896,0.10369650340911293,0.0026575507428395996,-1.4683960331562602,-0.9494601853716454,-0.024332919027907084,0.573979095718296
74.55,-6.129979341044106,-9.413363588052688,2.424531883493821,0.49152338367681814,0.31781745009020174,0.008145076958307315,0.08616940850242488,0.05571686433544796,0.0014279208009471784,-1.4968552148406737,-0.9678618013577146,-0.024804518615409957,0.573979095718296
74.60000000000001,-6.105326729761583,-9.397423288331305,2.4249404040704365,0.49395433108524583,0.3193892929206902,0.008185360400318005,0.010975434499981722,0.0070966808950632815,0.0001818748845365003,-1.5080216150031847,-0.9750819600402749,-0.024989558008633814,0.5739790957182959
74.65,-6.080646706142912,-9.381465263880918,2.42534937889927,0.49261882711898225,0.3185257603213495,0.008163229647347572,-0.06434453997252865,-0.04160497404685437,-0.0010662589966782222,-1.501895233643788,-0.9711206614193251,-0.024888037207578644,0.5739790957182961
74.7,-6.056127389991127,-9.36561115236536,2.4257556906306212,0.4875321877314264,0.3152367555387321,0.008078938501398672,-0.13892587583902696,-0.08982902762514061,-0.002302152832983295,-1.4784760707624875,-0.9559779054948666,-0.02449995621224447,0.5739790957182963
74.75,-6.031955054512756,-9.34998139744507,2.4261562525149016,0.4787529608297817,0.3095601354626493,0.007933457164959643,-0.21190393402341254,-0.13701640697461648,-0.0035114786146646882,-1.437764126359282,-0.9296536922668998,-0.023825315022631244,0.5739790957182964
74.8,-6.008311964720119,-9.334693851094904,2.4265480442226584,0.46638292627505573,0.3015617106261705,0.007728472241004502,-0.2824140754495906,-0.1826080392301057,-0.004679908332008441,-1.3797594004341733,-0.8921480217354226,-0.022864113638739025,0.5739790957182962
74.85000000000001,-5.985374215833638,-9.31986237592199,2.4269281476646003,0.45056709588206,0.2913352452056238,0.0074663867329929695,-0.34959166104146977,-0.22604485152643616,-0.005793113975300684,-1.3044618929871534,-0.8434608939004328,-0.0216163520605677,0.573979095718296
74.9,-5.96330957168416,-9.305595447483553,2.427293782811622,0.4314937134194154,0.27900245702059934,0.007150320044870537,-0.4125720517229402,-0.2667677709984236,-0.0068367675348272325,-1.2118716040182396,-0.7835923087619412,-0.020082030288117544,0.5739790957182965
74.95,-5.942275303115239,-9.291994756604758,2.427642343514826,0.40939425460954154,0.26471301753394083,0.006784107981068264,-0.47049060841792284,-0.30421772478090214,-0.007796541000874378,-1.1019885335274169,-0.7125422663199366,-0.01826114832138829,0.5739790957182966
75.0,-5.922416026385474,-9.279153811696553,2.4279714333255495,0.3845434271286663,0.248644551851754,0.006372302746502988,-0.5224826920503174,-0.3378356400086926,-0.008658106363728097,-0.9748126815146868,-0.6303107665744231,-0.016153706160380005,0.5739790957182965
75.05,-5.903861541570807,-9.267156541073486,2.4282789013153874,0.35725917060682144,0.2310026387234025,0.005920172946577251,-0.5676836635440277,-0.3670624438166194,-0.009407135613674414,-0.8303440479800526,-0.5368978095253999,-0.013759703805092687,0.5739790957182961
75.10000000000001,-5.886724670966828,-9.256075895271572,2.428562877896216,0.3279026566278415,0.212020810541508,0.005433703587179197,-0.6052288838229601,-0.39133906333950863,-0.010029300740999416,-0.6685826329235022,-0.4323033951728604,-0.011079141255526158,0.5739790957182961
75.15,-5.8710990974911,-9.2459724493661,2.4288218106402195,0.2968782887293743,0.19196055334195605,0.0049195960746829075,-0.6342537138110138,-0.4101064257121806,-0.010510273735989048,-0.4895284363450704,-0.3165275235168265,-0.008112018511681033,0.5739790957182969
75.2,-5.8570572030854455,-9.236893005289486,2.4290545000999133,0.26463370240285833,0.17111130680388115,0.004385268215947831,-0.6538935144321001,-0.42280545806946446,-0.01083572658892948,-0.2931814582447243,-0.1895701945572762,-0.004858335573556685,0.5739790957182965
75.25,-5.844647907118279,-9.228869194149114,2.429260135628166,0.23165976509354821,0.14979046424968465,0.003838854218319334,-0.663283646610121,-0.42887708754618287,-0.010991331290106737,-0.07954169862247207,-0.05143140829421691,-0.0013180924411533073,0.5739790957182949
75.3,-5.833894504786905,-9.221916078545162,2.429438331198227,0.19849057620049956,0.12834337264502468,0.003289204689628433,-0.6615594712689817,-0.4277622412771614,-0.010962759829806849,0.15139084252168547,0.0978888352723524,0.002508710885529078,0.5739790957182935
75.35000000000001,-5.824792505519827,-9.21603075488844,2.4295891612237495,0.1657034670765684,0.10714333259881575,0.0027458866381917905,-0.6478563493325846,-0.4189018463972219,-0.010735684198315807,0.3996161651877672,0.2583905361424426,0.006622074406490791,0.573979095718296
75.4,-5.817307471379069,-9.211190955718237,2.4297131963788137,0.13391900102842924,0.08659159836323771,0.0022191834728119237,-0.6213096417248405,-0.4017368300411934,-0.01029577638591977,0.6651342693757167,0.4300736943160187,0.011021998121730919,0.5739790957182975
75.45,-5.8113728554624675,-9.207353652020151,2.4298115394179525,0.1038009733165445,0.06711737783371974,0.0017200950027768426,-0.5810547093696501,-0.375708119343896,-0.009628708382904746,0.9479451550855866,0.6129383097931151,0.015708482031250342,0.5739790957182981
75.5,-5.8068878403059925,-9.204453655543922,2.429885860996176,0.07605641115519204,0.04917783254895694,0.0012603374378603708,-0.5262269131909189,-0.3402566414401567,-0.008720152179556821,1.2480488223173638,0.8069843825737231,0.020681526135048818,0.5739790957182993
75.55,-5.803715176286056,-9.202402221121277,2.4299384354889946,0.051435573712447,0.033258077690898044,0.0008523433883219547,-0.45596161411254665,-0.2948233234647992,-0.007555779766161918,1.5654452710710443,1.0122119126578362,0.025941130433126257,0.5739790957183014
75.60000000000001,-5.801679020021824,-9.201085648983769,2.429972176812443,0.0307319521101974,0.019871182084755523,0.0005092618649068223,-0.3693941730584389,-0.23884909255264347,-0.006121263133006049,1.9001345013466528,1.2286209000454753,0.03148729492548313,0.5739790957182989
75.65,-5.8005627727775195,-9.200363887080599,2.429990674243107,0.014782269424131684,0.009558168198998986,0.0002449582788459009,-0.2656599509525185,-0.1717748758385264,-0.004402274270375606,2.252116513144122,1.456211344736594,0.037320019612118255,0.5739790957183285
75.7,-5.800106918864735,-9.20006913339647,2.4299982282381456,0.004466480683744455,0.0028880121453547887,7.401444185574995e-05,-0.14389430871866976,-0.09304160045726237,-0.002384485168556354,2.621391306463516,1.6949832467312373,0.04343930449303279,0.5739790957180746
75.75,-5.800016156274538,-9.200010179441595,2.4299997275728824,0.0013123723084827615,0.0008645852295461425,2.146577893279311e-05,-0.06349012037867725,-0.04041370877283695,-0.00106333884513485,1.607658268306105,1.0521880362084162,0.026417541065949356,0.6889870602483024
75.8,-5.79999926762032,-9.199998899467857,2.430000001105812,0.00011868518788280122,0.00011431378139920381,1.3057271474386313e-06,0.0009359245155848295,0.0021043524326467,-1.0866130301582892e-05,0.11264477751689084,0.10259730345243745,0.0013430470008862286,0.8438888069977457
75.85000000000001,-5.799989906477903,-9.199988530088527,2.43000008028938,0.0003033858560111694,0.0003447566545581471,2.4132965819070398e-06,0.006090758092298058,0.006921316013975068,4.844921209782567e-05,0.06105943043244083,0.06938571640050097,0.0004857000148035088,0.8491414759301354
75.9,-5.799965856447844,-9.199961200508916,2.4300002715964375,0.0006838655978312041,0.0007771199975354596,5.439839982748239e-06,0.009120792075426981,0.010364536449348847,7.255175514544222e-05,0.0601426898228707,0.06834396570780764,0.0004784077599546554,0.8491414759301356
75.95,-5.799919013963199,-9.199907970412728,2.4300006442071105,0.001214703015371126,0.0013803443356490072,9.662410349543089e-06,0.012105103167596368,0.013755799054086785,9.62905933786079e-05,0.05923051479402705,0.06730740317503077,0.0004711518222252174,0.8491414759301356
76.0,-5.799841918198679,-9.19982036158941,2.4300012574688736,0.00189361767105877,0.002151838262566785,1.5062867837967558e-05,0.01504391964784177,0.017095363236183835,0.00011966754265328733,0.05832290534591014,0.06627602880217064,0.0004639322016151964,0.8491414759301356
76.05,-5.799727222065525,-9.199690025074464,2.4300021698244785,0.0027183405412738422,0.0030890233423566398,2.162316339649657e-05,0.017937469795199498,0.020383488403635797,0.00014268441882545117,0.057419861478519955,0.06524984258922724,0.0004567488981245926,0.8491414759301356
76.10000000000001,-5.799567691640812,-9.199508740500923,2.430003438816493,0.0036866140163481415,0.004189334109486525,2.9325338766405798e-05,0.020785981888706687,0.023620433964439427,0.00016534303775107663,0.05652138319185625,0.0642288445362003,0.000449601911753404,0.8491414759301354
76.15,-5.799356205596745,-9.19926841545085,2.430005121091844,0.00479619190056419,0.005450218068822945,3.815152648176077e-05,0.023589684207397283,0.026806459326587827,0.0001876452152861156,0.05562747048591978,0.06321303464309068,0.0004424912425016366,0.8491414759301356
76.2,-5.799085754629973,-9.19896108480679,2.430007272406352,0.006044839412157945,0.006869135695634031,4.8083949869438415e-05,0.02634880503030997,0.029941823898079516,0.0002095927672865575,0.0547381233607098,0.062202412909897524,0.0004354168903692844,0.8491414759301356
76.25,-5.798749440890878,-9.198578910103274,2.430009947629277,0.007430333183316136,0.008443560435586521,5.9104923049105895e-05,0.02906357263648035,0.033026787086909495,0.00023118750960836743,0.05385334181622656,0.0611969793366211,0.0004283788553563495,0.8491414759301356
76.3,-5.7983404774128875,-9.198114178878285,2.430013200747852,0.008950461260177546,0.010170978704747216,7.119685093323081e-05,0.03173421530494474,0.03606160830107358,0.0002524312581075161,0.052973125852470035,0.06019673392326142,0.00042137713746283166,0.8491414759301356
76.35000000000001,-5.797852187541771,-9.197559304024743,2.4300170848718263,0.010603023102833255,0.01204888988958325,8.43422292270831e-05,0.03436096131474021,0.03904654694856844,0.00027332582863998024,0.05209747546944,0.059201676669818196,0.0004144117366887291,0.8491414759301356
76.4,-5.797278004364947,-9.196906823141989,2.4300216522380054,0.01238582958532429,0.014074806346959423,9.852364442871638e-05,0.03694403894490089,0.0419818624373874,0.00029387303706171296,0.05122639066713719,0.058211807576292275,0.0004074826530340476,0.8491414759301356
76.45,-5.796611470140783,-9.196149397887257,2.4300269542147888,0.014296702995646258,0.016246253404143474,0.00011372377382900482,0.039483676474465296,0.044867814175528764,0.0003140746992287027,0.05035987144556087,0.05722712664268283,0.0004005898864987815,0.8491414759301353
76.5,-5.795846235727895,-9.195279813327156,2.43003304130671,0.01633347703574479,0.0185607693588009,0.00012992538551160682,0.041980102182469066,0.04770466157098759,0.0003339326309969146,0.04949791780471129,0.056247633868990114,0.00039373343708293246,0.8491414759301354
76.55,-5.794976060014455,-9.194290977289157,2.430039963158976,0.01849399682151776,0.021015905478997458,0.00014711133835298282,0.044433544347948536,0.05049266403175972,0.00035344864822231954,0.04864052974458844,0.05527332925521415,0.0003869133047865007,0.8491414759301356
76.60000000000001,-5.793994809347492,-9.193175919713063,2.4300477685620083,0.020776118882815497,0.023609226003199438,0.00016526458202239673,0.04684423124994072,0.05323208096584175,0.00037262456676089375,0.04778770726519207,0.05430421280135464,0.0003801294896094841,0.8491414759301354
76.65,-5.792896456962192,-9.191927792002495,2.4300565054559824,0.02317771116343759,0.026338308140269995,0.00018436815698189072,0.049212391167479906,0.055923171781227174,0.0003914622024685919,0.04693945036652292,0.053340284507412426,0.00037338199155188855,0.8491414759301356
76.7,-5.791675082411205,-9.19053986637637,2.430066220935365,0.025696653021139246,0.029200742069476423,0.00020440519448633584,0.05153825237960444,0.05856619588591414,0.00040996337120140073,0.04609575904858028,0.05238154437338669,0.00036667081061370836,0.8491414759301354
76.75,-5.790324870993939,-9.189005535220389,2.430076961253457,0.028330835227625025,0.032194130940482985,0.00022535891658338186,0.05382204316535002,0.06116141268789777,0.00042812988881528615,0.045256633311364355,0.051427992399277686,0.0003599959467949454,0.8491414759301354
76.80000000000001,-5.788840113185876,-9.187318310438497,2.4300887718269304,0.031078159968552652,0.0353160908733553,0.000247212636113488,0.05606399180375362,0.06370908159517459,0.000445963571166224,0.04442207315487493,0.05047962858508516,0.0003533574000955976,0.8491414759301356
76.85000000000001,-5.7872152040678575,-9.185471822804386,2.430101697240369,0.03393654084352937,0.03856425095855612,0.00026994975670989387,0.05826432657385028,0.06620946201573896,0.0004634662341101747,0.04359207857911248,0.04953645293080964,0.000346755170515669,0.8491414759301356
76.9,-5.7854446427554045,-9.183459821312962,2.430115781250809,0.0369039028661157,0.04193625325694968,0.0002935537727986489,0.060423275754676396,0.06866281335758684,0.00048063969350310986,0.04276664958407698,0.04859846543645113,0.00034018925805515935,0.8491414759301356
76.95,-5.783523031828002,-9.181276172531824,2.430131066792277,0.03997818246382563,0.045429752799801874,0.0003180082695986144,0.06254106762526947,0.07106939502871533,0.0004974857652010094,0.041945786169768004,0.047665666102009105,0.0003336596627140651,0.8491414759301356
77.0,-5.78144507675842,-9.178914859952753,2.4301475959803303,0.04315732747812266,0.04904241758877577,0.0003432969231214318,0.06461793046466527,0.07342946643711964,0.0005140062650598396,0.04112948833618575,0.04673805492748382,0.00032716638449238806,0.8491414759301354
77.05000000000001,-5.779205585341997,-9.176369983343182,2.4301654101165973,0.04643929716442374,0.05277192859593609,0.00036940350017155416,0.06665409255190073,0.07574328699079631,0.0005302030089355763,0.04031775608332999,0.045815631912875,0.0003207094233901264,0.8491414759301356
77.10000000000001,-5.7767994671259615,-9.173635758097687,2.430184549693316,0.049822062192094896,0.05661597976374422,0.00039631185834621116,0.06864978216601098,0.07801111609773978,0.0005460778126841805,0.039510589411201204,0.0448983970581832,0.00031428877940728375,0.8491414759301356
77.15,-5.7742217328387175,-9.170706514589455,2.4302050543978733,0.05330360464445576,0.060572278005063374,0.0004240059460354454,0.07060522758603242,0.08023321316594598,0.0005616324921616241,0.03870798831979937,0.04398635036340838,0.00030790445254385993,0.8491414759301354
77.2,-5.771467493819158,-9.167576697521772,2.4302269631173474,0.05688191801877965,0.0646385432031587,0.0004524698024221128,0.07252065709100246,0.08240983760341192,0.0005768688632238857,0.03790995280912405,0.04307949182855007,0.0003015564427998518,0.8491414759301356
77.25,-5.768531961445961,-9.164240865279504,2.430250313943043,0.06055500722628902,0.0688125082116921,0.0004816875574818467,0.07439629895995692,0.0845412488181329,0.0005917887417269327,0.03711648287917546,0.042177821453608495,0.0002952447501752607,0.8491414759301356
77.30000000000001,-5.765410446566897,-9.160693689280569,2.430275144175036,0.06432088859216009,0.0730919188547274,0.0005116434319830939,0.07623238147193265,0.0866277062181053,0.0006063939435267397,0.036327578529953386,0.0412813392385834,0.000288969374670085,0.8491414759301356
77.35000000000001,-5.762098358928127,-9.15692995332742,2.430301490326708,0.06817758985551764,0.07747453392672461,0.0005423217374870746,0.07802913290596492,0.08866946921132378,0.0006206862844792691,0.035543239761458255,0.040390045183475304,0.00028273031628432834,0.8491414759301354
77.4,-5.758591206603511,-9.152944552958537,2.43032938812929,0.0721231501694404,0.08195812519254592,0.0005737068763478238,0.0797867815410901,0.09066679720578423,0.0006346675804404922,0.03476346657369008,0.0395039392882842,0.0002765275750179905,0.8491414759301354
77.45,-5.754884595423899,-9.148732494799889,2.4303588725364005,0.07615562010096104,0.08654047738745575,0.000605783341712193,0.08150555565634553,0.0926199496094836,0.0006483396472663877,0.033988258966648435,0.03862302155300959,0.00027036115087106824,0.8491414759301356
77.5,-5.750974228406447,-9.14428889591642,2.430389977728585,0.08027306163106099,0.09121938821711478,0.0006385357175198062,0.08318568353076702,0.09452918583041711,0.0006617043008129227,0.03321761694033351,0.03774729197765172,0.0002642310438435632,0.8491414759301354
77.55000000000001,-5.7468559051839065,-9.139608983163534,2.430422737117855,0.08447354815467564,0.09599266835758598,0.0006719486785031046,0.08482739344339145,0.0963947652765812,0.0006747633569360713,0.03245154049474509,0.03687675056221034,0.0002581372539354735,0.8491414759301354
77.60000000000001,-5.7425255214339455,-9.134688092538576,2.430457183352229,0.08875516448068863,0.10085814145532802,0.0007060069901872991,0.08643091367325414,0.09821694735597064,0.0006875186314917974,0.03169002962988364,0.03601139730668596,0.0002520797811468028,0.8491414759301356
77.65,-5.7379790683084275,-9.129521668532306,2.4304933483202737,0.09311600683193778,0.10581364412720204,0.0007406955088904174,0.0879964724993915,0.09999599147658125,0.0006999719403360718,0.030933084345749127,0.035151232211078555,0.00024605862547755095,0.8491414759301354
77.7,-5.733212631862727,-9.124105263480374,2.4305312631556366,0.0975541828452151,0.11085702596047173,0.0007759991817233053,0.08952429820084072,0.10173215704640992,0.0007121250993248724,0.030180704642341138,0.03429625527538766,0.00024007378692771466,0.8491414759301354
77.75,-5.7282223924850335,-9.118434536914814,2.4305709582415957,0.10206781157126092,0.11598614951279654,0.0008119030465895791,0.0910146190566377,0.10342570347345197,0.0007239799243141669,0.02943289051965988,0.033446466499613504,0.00023412526549729555,0.8491414759301356
77.80000000000001,-5.723004624325649,-9.112505254915511,2.4306124632155908,0.10665502347476993,0.1211988903122386,0.0008483922321856736,0.09246766334581923,0.10507689016570369,0.0007355382311599288,0.028689641977705144,0.03260186588375584,0.0002282130611862919,0.8491414759301356
77.85000000000001,-5.717555694726296,-9.106313289461701,2.430655806973768,0.11131396043438448,0.1264931368572551,0.0008854519580007895,0.09388365934742075,0.10668597653115998,0.000746801835718123,0.027950959016477345,0.031762453427815175,0.0002223371739947072,0.8491414759301354
77.9,-5.711872063649407,-9.09985461778342,2.4307010176755157,0.11604277574270161,0.1318667906167064,0.0009230675343169486,0.09526283534047869,0.10825322197781671,0.0007577725538447201,0.027216841635976496,0.03092822913179148,0.00021649760392254122,0.8491414759301354
77.95,-5.7059502831074465,-9.09312532171301,2.430748122748009,0.1208396341062726,0.13731776602985526,0.0009612243622089907,0.09660541960403012,0.1097788859136706,0.0007684522013956975,0.02648728983620217,0.03009919299568429,0.00021069435096979092,0.8491414759301354
78.0,-5.699786996592193,-9.086121587036585,2.430797148890744,0.12570271164559674,0.14284399050635996,0.000999907933544524,0.097911640417111,0.11126322774671707,0.0007788425942270227,0.02576230361715458,0.029275345019493845,0.00020492741513645777,0.8491414759301356
78.05000000000001,-5.693378938504056,-9.07883970284552,2.4308481220800813,0.13063019589512787,0.14844340442628168,0.001039103830983976,0.09918172605875805,0.11270650688495235,0.0007889455481946699,0.025041882978833505,0.028456685203219898,0.00019919679642254018,0.8491414759301354
78.10000000000001,-5.686722933581376,-9.07127606088793,2.4309010675737848,0.13562028580326732,0.15411396114007653,0.00107879772798054,0.10041590480800684,0.11410898273637143,0.0007987628791546033,0.024326027921239383,0.027643213546862937,0.00019350249482804138,0.8491414759301354
78.15,-5.679815896329723,-9.063427154920142,2.4309560099155583,0.14067119173237114,0.1598536269686036,0.00111897538878023,0.10161440494389377,0.11547091470897024,0.0008082964029627951,0.023614738444372185,0.026834930050422937,0.00018784451035296133,0.8491414759301356
78.2,-5.672654830451194,-9.055289580058178,2.4310129729395924,0.14578113545874985,0.16566038120312487,0.0011596226684218792,0.10277745474545581,0.11679256221074528,0.0008175479354752204,0.022908014548231534,0.026031834713899464,0.00018222284299729703,0.8491414759301356
78.25,-5.66523682827373,-9.04686003212924,2.431071979775095,0.15094835017266184,0.17153221610529756,0.001200725512737088,0.10390528249172902,0.11807418464969209,0.0008265192925478481,0.02220585623281761,0.02523392753729273,0.00017663749276104987,0.8491414759301354
78.30000000000001,-5.657559070180405,-9.03813530702319,2.4311330528508375,0.15617108047832,0.17746713690718188,0.0012422699583502783,0.10499811646175002,0.11931604143380686,0.0008352122900366515,0.021508263498130203,0.024441208520602505,0.00017108845964421826,0.8491414759301356
78.35000000000001,-5.649618824038739,-9.029112300044025,2.4311962138996916,0.1614475823938847,0.18346316181123265,0.001284242132678634,0.10605618493455447,0.12051839197108467,0.000843628743797596,0.020815236344169746,0.02365367766382926,0.00016557574364680548,0.8491414759301356
78.4,-5.641413444629992,-9.019788005261358,2.4312614839631705,0.16677612335147102,0.18951832199030802,0.0013266282539321618,0.10707971618917882,0.12168149566952143,0.0008517704696866535,0.020126774770936204,0.022871334966972957,0.0001600993447688114,0.8491414759301356
78.45,-5.6329403730784655,-9.010159514861897,2.4313288833959668,0.1721549821971487,0.19563066158766904,0.0013694146311136887,0.1080689385046599,0.12280561193711358,0.0008596392835597985,0.01944287877842921,0.0220941804300332,0.00015465926301023306,0.8491414759301354
78.5,-5.6241971362808165,-9.00022401850093,2.4313984318704933,0.17758244919093513,0.20179823771697178,0.0014125876640188086,0.10902408016003383,0.12389100018185667,0.0008672370012730003,0.018763548366648952,0.021322214053010168,0.00014925549837107186,0.8491414759301354
78.55000000000001,-5.615181346335344,-8.989978802653802,2.4314701483814236,0.18305682600680248,0.20801912046227558,0.0014561338432359354,0.10994536943433719,0.12493791981174683,0.0008745654386822314,0.01808878353559523,0.02055543583590367,0.00014388805085132627,0.8491414759301354
78.60000000000001,-5.605890699971308,-8.979421249967398,2.4315440512502278,0.18857642573266986,0.21429139287803398,0.0015000397501462438,0.11083303460660573,0.12594663023477928,0.0008816264116434587,0.017418584285268435,0.019793845778714125,0.00013855692045099948,0.8491414759301354
78.65,-5.596322977978223,-8.968548838611618,2.4316201581297183,0.19413957287041153,0.22061315098910408,0.0015442920569237349,0.11168730395587591,0.1269173908589499,0.0008884217360126531,0.016752950615668546,0.019037443881441532,0.0001332621071700913,0.8491414759301356
78.7,-5.58647604463515,-8.957359141630853,2.4316984860085835,0.1997446033358565,0.22698250379074605,0.001588877526535229,0.11250840576118447,0.1278504610922551,0.0008949532276457896,0.016091882526795227,0.01828623014408548,0.00012800361100859896,0.8491414759301354
78.75,-5.57634784714002,-8.94584982629548,2.431779051215931,0.20538986445878113,0.233397573248615,0.0016337830127403116,0.11329656830156754,0.1287461003426904,0.0009012227023988365,0.01543538001864863,0.01754020456664617,0.00012278143196652367,0.8491414759301356
78.80000000000001,-5.565936415038922,-8.934018653453323,2.431861869425826,0.21107371498291674,0.23985649429876912,0.0016789954600913907,0.11405201985606164,0.1296045680182519,0.000907231976127767,0.014783443091228579,0.01679936714912338,0.00011759557004386416,0.8491414759301356
78.85000000000001,-5.555239859655417,-8.92186347688116,2.4319469556618323,0.21679452506594143,0.24635741484766072,0.0017245019039336326,0.11477498870370272,0.13042612352693495,0.0009129828646885483,0.014136071744535446,0.016063717891517552,0.00011244602524062335,0.8491414759301354
78.9,-5.544256373519831,-8.909382242636173,2.4320343243015468,0.22255067627948852,0.25289849577214607,0.0017702894704050304,0.11546570312352711,0.13121102627673537,0.0009184771839371514,0.013493265978569223,0.015333256793828657,0.00010733279755680109,0.8491414759301354
78.95,-5.532984229798545,-8.89657298840744,2.432123989081148,0.22834056160914615,0.25947791091948436,0.0018163453764363977,0.11612439139457155,0.1319595356756495,0.0009237167497295506,0.012855025793329566,0.014607983856056321,0.00010225588699239471,0.8491414759301356
79.0,-5.52142178172333,-8.883433842867422,2.432215963099928,0.23416258545444982,0.2660938471073294,0.0018626569297513136,0.11675128179587217,0.13267191113167293,0.0009287033779217146,0.012221351188816636,0.013887899078200719,9.721529354740541e-05,0.8491414759301354
79.05000000000001,-5.509567462020619,-8.869963025023432,2.4323102588248355,0.24001516362888992,0.27274450412373863,0.0019092115288661781,0.1173466026064655,0.1333484120528017,0.000933438884369616,0.011592242165030249,0.013173002460261646,9.221101722183193e-05,0.8491414759301356
79.10000000000001,-5.497419782340835,-8.856158843569135,2.4324068880950156,0.24589672335990345,0.27942809472716307,0.00195599666309015,0.1179105821053875,0.13398929784703126,0.0009379250849292229,0.010967698721970787,0.01246329400223953,8.724305801567708e-05,0.8491414759301354
79.15,-5.484977332687674,-8.842019696235996,2.432505862126348,0.25180570328888313,0.2861428446464582,0.0020029999125252156,0.11844344857167455,0.13459482792235747,0.0009421637954565062,0.010347720859638218,0.01175877370413434,8.23114159289407e-05,0.8491414759301356
79.2,-5.472238780847403,-8.827544069144777,2.4326071915159857,0.257740553471176,0.2928869925808819,0.0020502089480661815,0.11894543028436326,0.13516526168677648,0.0009461568318074393,0.009732308578032225,0.011059441565945714,7.74160909616203e-05,0.8491414759301354
79.25,-5.459202871818187,-8.812730536157032,2.4327108862469,0.26369973537607666,0.2996587902000872,0.0020976115314006193,0.11941675552248987,0.13570085854828395,0.0009499060098379919,0.00912146187715296,0.01036529758767381,7.255708311371702e-05,0.8491414759301356
79.30000000000001,-5.445868427239368,-8.79757775822656,2.4328169556924135,0.26968172188683465,0.3064565021441303,0.0021451955150089213,0.11985765256509079,0.13620187791487595,0.0009534131454041355,0.00851518075700026,0.00967634176931847,6.773439238522949e-05,0.8491414759301354
79.35000000000001,-5.432234344820789,-8.782084482750902,2.432925408620743,0.2756849973006459,0.31327840602346135,0.0021929488421642386,0.12026834969120213,0.1366685791945479,0.0009566800543618394,0.00791346521757445,0.008992574110880051,6.294801877616063e-05,0.8491414759301357
79.4,-5.418299597772078,-8.76624954292282,2.43303625319954,0.28170805732866233,0.3201227924189345,0.002240859546932551,0.12064907517986026,0.13710122179529574,0.0009597085525670744,0.0073163152588755515,0.008313994612358577,5.819796228651029e-05,0.8491414759301354
79.45,-5.4040632342319475,-8.75007185708176,2.4331494970004277,0.28774940909599,0.32698796488180687,0.0022889157541726582,0.1210000573101017,0.1375000651251156,0.0009625004558758131,0.006723730880903225,0.007640603273753646,5.348422291627584e-05,0.8491414759301354
79.5,-5.389524376697515,-8.73355042806536,2.4332651470035427,0.2938075711416827,0.33387223993373033,0.0023371056795361226,0.12132152436096268,0.13786536859200305,0.0009650575801440256,0.006135712083657626,0.006972400095065466,4.880680066545856e-05,0.8491414759301353
79.55000000000001,-5.374682221453593,-8.716684342560903,2.4333832096020735,0.2998810734187489,0.3407739470667602,0.0023854176294673315,0.12161370461147968,0.13819739160395414,0.0009673817412276833,0.005552258867138582,0.006309385076293828,4.416569553405706e-05,0.8491414759301354
79.60000000000001,-5.3595360380020045,-8.699472770456824,2.4335036906068015,0.30596845729414396,0.3476914287433454,0.002433840001203429,0.12187682634068873,0.1384963935689645,0.0009694747549827556,0.0049733712313464505,0.005651558217439135,3.956090752207417e-05,0.8491414759301354
79.65,-5.344085168490869,-8.681914964194172,2.4336265952506406,0.31206827554877825,0.354623040396339,0.002482361282774384,0.12211111782762635,0.13876263389502996,0.0009713384372652138,0.004399049176281198,0.0049989195185013505,3.499243662950965e-05,0.8491414759301356
79.7,-5.328329027143904,-8.664010258118076,2.433751928193173,0.31817909237751757,0.3615671504289973,0.002530970053002992,0.12231680735132892,0.13899637199014653,0.0009729746039310297,0.003829292701942537,0.004351468979480144,3.0460282856361163e-05,0.8491414759301354
79.75,-5.312267099689744,-8.645758067829256,2.433879693525195,0.3242994833891744,0.368522140214971,0.0025796549815048082,0.12249412319083271,0.1391978672623099,0.0009743850708361735,0.003264101808330603,0.003709206600375676,2.5964446202629855e-05,0.8491414759301354
79.80000000000001,-5.295898942791229,-8.627157889535487,2.434009894773251,0.3304280356065165,0.37548640409831435,0.002628404828688211,0.12264329362517408,0.13936737911951602,0.0009755716538366165,0.0027034764954452437,0.003072132381187769,2.150492666831447e-05,0.8491414759301356
79.85000000000001,-5.279224183474722,-8.608209299403097,2.434142534904178,0.33656334746625827,0.38245834939347545,0.0026772084457543388,0.12276454693338938,0.13950516696976065,0.0009765361687883287,0.00214741676328677,0.0024402463219167633,1.70817242534175e-05,0.8491414759301356
79.9,-5.262242518559397,-8.588911952908408,2.434277616329641,0.342704028819069,0.3894363963853058,0.002726054774697152,0.1228581113945149,0.13961149022103966,0.000977280431547282,0.001595922611855188,0.0018135484225626922,1.2694838957938976e-05,0.8491414759301356
79.95,-5.244953714086533,-8.569265584189246,2.434415140910675,0.3488487009295736,0.396418978329061,0.0027749328483034387,0.122924215287587,0.13968660828134888,0.0009778062579694463,0.0010489940411501746,0.001192038683125197,8.344270781876485e-06,0.8491414759301354
80.0,-5.227357604748843,-8.549270005396414,2.4345551099622242,0.35499599647634394,0.403404541450391,0.0028238317901527485,0.12296308689164205,0.13973078055868415,0.000978115463910793,0.0005066310511719072,0.0005757171036044384,4.030019725231022e-06,0.8491414759301357
80.05000000000001,-5.2094540933197555,-8.528925106045177,2.4346975242576834,0.36114455955190655,0.4103915449453485,0.002872740814617451,0.1229749544857163,0.13974426646104127,0.0009782098652272929,-3.1166358079780135e-05,-3.541631599975428e-05,-2.479142119983255e-07,0.8491414759301356
80.10000000000001,-5.191243150082734,-8.508230852366745,2.4348423840334323,0.36729304566273496,0.4173784609803807,0.002921649226862677,0.12296004634884619,0.13972732539641614,0.0009780912777749172,-0.0005643981866045912,-0.000641361575687046,-4.489531029809344e-06,0.8491414759301354
80.15,-5.172724812260566,-8.487187286659736,2.4349896889933818,0.3734401217292578,0.42436377469233844,0.0029705464228463817,0.12291859076006796,0.1396802167728045,0.000977761517409636,-0.0010930644344025122,-0.001242118675457414,-8.694830728201928e-06,0.8491414759301354
80.2,-5.153899183444653,-8.465794526641654,2.435139438313508,0.37958446608585883,0.43134598418847603,0.003019421889319345,0.12285081599841803,0.1396031999982023,0.0009772223999874204,-0.001617165101473845,-0.0018376876153111989,-1.2863813307178432e-05,0.8491414759301354
80.25,-5.134766433024347,-8.444052764800396,2.4352916306463968,0.38572476848086884,0.438323600546442,0.0030682652038251075,0.12275695034293269,0.13949653448060534,0.0009764757413642415,-0.0021367001878184475,-0.002428068395248247,-1.6996478766737828e-05,0.8491414759301354
80.30000000000001,-5.115326795616223,-8.421962267745712,2.43544626412578,0.3918597300765737,0.44529514781428853,0.003117066034700033,0.12263722207264824,0.13936047962800943,0.0009755233573960698,-0.0026516696934364677,-0.0030132610152687356,-2.1092827106881155e-05,0.8491414759301356
80.35000000000001,-5.09558057049341,-8.399523375560696,2.4356033363710745,0.3979880634492061,0.4522591630104616,0.003165814141073244,0.12249185946660113,0.13919529484841037,0.000974367063938877,-0.003162073618327622,-0.003593265475372304,-2.5152858327606184e-05,0.8491414759301354
80.4,-5.075528121014864,-8.376736501153257,2.435762844491927,0.4041084925889535,0.45921419612381087,0.0032144993728666893,0.12232109080382769,0.1390012395498042,0.0009730086768486335,-0.0036679119624918885,-0.004168081775558965,-2.917657242891296e-05,0.8491414759301354
80.45,-5.055169874054674,-8.353602129607587,2.4359247850927463,0.41021975289995904,0.46615881011358984,0.003263111670795143,0.12212514436336407,0.13877857314018646,0.0009714500119813093,-0.004169184725929551,-0.004737709915829053,-3.316396941080348e-05,0.8491414759301354
80.5,-5.0345063194313875,-8.33012081753567,2.43608915427725,0.41632059120031234,0.4730915809094458,0.003311641066366135,0.12190424842424678,0.1385275550275532,0.0009696928851928764,-0.004665891908640493,-0.005302149896182391,-3.7115049273276885e-05,0.8491414759301354
80.55000000000001,-5.013538009337288,-8.30629319242874,2.436255947652999,0.4224097657220584,0.48001109741143017,0.0033600776818800255,0.12165863126551209,0.13824844461990013,0.0009677391123393051,-0.005158033510624843,-0.005861401716619152,-4.102981201633425e-05,0.8491414759301356
80.60000000000001,-4.992265557767727,-8.282119952008783,2.4364251603359377,0.42848604611118885,0.4869159614899875,0.0034084117304299263,0.1213885211661964,0.13794150132522318,0.0009655905092765663,-0.005645609531882316,-0.006415465377139006,-4.4908257639973264e-05,0.8491414759301356
80.65,-4.970689639950394,-8.257601863579994,2.43659678695494,0.4345482134276507,0.4938047879859668,0.003456633515901782,0.12109414640533603,0.13760698455151824,0.0009632488918606316,-0.006128619972412918,-0.0069643408777419775,-4.8750386144194e-05,0.8491414759301354
80.7,-4.9488109917746215,-8.232739763380254,2.436770821656338,0.44059506014534566,0.5006762047106201,0.0035047334329743555,0.12077573526196732,0.13724515370678098,0.0009607160759474709,-0.006607064832216923,-0.007508028218428342,-5.255619752899857e-05,0.8491414759301354
80.75,-4.926630409220716,-8.207534555932634,2.4369472581084715,0.44662539015212277,0.5075288524455941,0.003552701967119174,0.12043351601512646,0.13685626819900734,0.0009579938773930554,-0.007080944111294194,-0.00804652739919797,-5.632569179438599e-05,0.8491414759301354
80.80000000000001,-4.904148747789229,-8.181987213396853,2.4371260895062217,0.4526380187497862,0.514361384942939,0.003600529694600588,0.12006771694384988,0.136440587436193,0.0009550841120533551,-0.007550257809644887,-0.008579838420051026,-6.005886894035742e-05,0.8491414759301356
80.85000000000001,-4.8813669219302955,-8.156098774920792,2.437307308575554,0.4586317726540862,0.521172468925098,0.003648207282475701,0.119678566327174,0.13599837082633412,0.0009519885957843426,-0.008015005927268693,-0.00910796128098717,-6.375572896691045e-05,0.8491414759301354
80.9,-4.858285904472895,-8.12987034599193,2.437490907578056,0.4646054899947291,0.5279607840849195,0.0036957254885944518,0.11926629244413525,0.1355298777774264,0.0009487091444419887,-0.00847518846416564,-0.009630895982006425,-6.741627187404527e-05,0.8491414759301354
80.95,-4.83490672605417,-8.103303097788832,2.4376768783154774,0.4705580203153759,0.5347250230856545,0.0037430751615995976,0.11883112357376963,0.13503536769746555,0.0009452475738822622,-0.008930805420335974,-0.01014864252310908,-7.104049766176389e-05,0.8491414759301354
81.0,-4.81123047454874,-8.076398266532662,2.437865212134271,0.47648822457363443,0.5414638915609483,0.003790247240926654,0.11837328799511375,0.13451509999444738,0.0009416056999611361,-0.009381856795779586,-0.010661200904294997,-7.462840633006533e-05,0.8491414759301354
81.05000000000001,-4.7872582944979865,-8.049157152838623,2.4380558999301294,0.4823949751410681,0.5481761081148501,0.003837232756803967,0.11789301398720366,0.13396933407636782,0.0009377853385345787,-0.009828342590496591,-0.011168571125564335,-7.817999787895061e-05,0.8491414759301353
81.10000000000001,-4.7629913865393885,-8.02158112106749,2.438248932152527,0.4882771558031863,0.5548604043218026,0.003884022830252635,0.1173905298290761,0.13339832935122276,0.0009337883054585636,-0.010270262804486733,-0.011670753186916766,-8.169527230841767e-05,0.8491414759301353
81.15,-4.738431006835781,-7.993671598677025,2.4384442988092605,0.49413366175945433,0.5615155247266528,0.003930608673086586,0.11686606379976723,0.13280234522700826,0.0009296164165890616,-0.010707617437750032,-0.01216774708835232,-8.517422961846658e-05,0.8491414759301354
81.2,-4.713578466504665,-7.965430075573486,2.4386419894709856,0.49996339962329217,0.5681402268446503,0.003976981587912568,0.11631984417831337,0.13218164111171968,0.0009252714877820422,-0.011140406490286707,-0.012659552829871265,-8.861686980909921e-05,0.8491414759301354
81.25,-4.6884351310475445,-7.936858103463121,2.4388419932757577,0.505765287422067,0.5747332811614398,0.004023132968130097,0.11575209924375073,0.1315364764133531,0.0009207553348934758,-0.011568629962096648,-0.013146170411473482,-9.202319288031468e-05,0.8491414759301354
81.30000000000001,-4.663002419779188,-7.907957295203624,2.4390442989335743,0.5115382545971011,0.5812934711330696,0.004069054297931505,0.11516305727511562,0.13086711053990405,0.0009160697737793324,-0.011992287853179982,-0.01362759983315909,-9.539319883211405e-05,0.8491414759301356
81.35000000000001,-4.6372818052569755,-7.878729324155656,2.4392488947309103,0.5172812420036632,0.5878195931859809,0.004114737152301884,0.11455294655144466,0.13017380289936892,0.0009112166202955859,-0.012411380163536457,-0.01410384109492781,-9.872688766449512e-05,0.8491414759301354
81.4,-4.611274812710157,-7.849175923534272,2.4394557685352596,0.5229932019109774,0.5943104567170198,0.004160173197019157,0.11392199535177426,0.12945681289974342,0.0009061976902982077,-0.012825906893166088,-0.014574894196779663,-0.00010202425937745811,0.8491414759301354
81.45,-4.584983019469161,-7.8192988857604115,2.4396649077996773,0.5286730980022228,0.6007648840934351,0.0042053541886540625,0.1132704319551403,0.1287163999490231,0.0009010147996431658,-0.013235868042069094,-0.015040759138714908,-0.00010528531397100476,0.8491414759301354
81.5,-4.558408054394926,-7.789100061812417,2.4398762995673127,0.5343199053745258,0.6071817106528703,0.004250271974570109,0.11259848464057941,0.1279528234552039,0.0008956697641864311,-0.01364126361024537,-0.015501435920733402,-0.00010851005144513425,0.8491414759301354
81.55000000000001,-4.531551597308173,-7.7585813605774705,2.440089930475958,0.5399326105389675,0.6135597847033722,0.004294918492923624,0.11190638168712773,0.12716634282628145,0.0008901643997839739,-0.014042093597695048,-0.015956924542835288,-0.00011169847179984751,0.8491414759301354
81.60000000000001,-4.504415378418742,-7.7277447482031185,2.4403057867625777,0.5455102114205758,0.6198979675233818,0.004339285772663692,0.11119435137382189,0.12635721747025214,0.0008845005222917686,-0.014438358004417859,-0.0164072250050203,-0.00011485057503514262,0.8491414759301356
81.65,-4.477001177754861,-7.696592247448708,2.440523854267859,0.5510517173583345,0.6261951333617438,0.004383365933532225,0.11046262197969826,0.12552570679511169,0.0008786799475657855,-0.014830056830413826,-0.016852337307288464,-0.00011796636115101964,0.8491414759301354
81.7,-4.449310824592441,-7.665125937036865,2.4407441184407417,0.5565561491051813,0.6324501694377059,0.00442715118606396,0.1097114217837928,0.12467207020885546,0.0008727044914619916,-0.01521719007568317,-0.017292261449639988,-0.00012104583014748032,0.8491414759301353
81.75,-4.421346196884419,-7.633347951005024,2.4409665643429648,0.5620225388280014,0.6386619759409106,0.004470633831586393,0.10894097906514207,0.12379656711947962,0.0008665759698363608,-0.015599757740225782,-0.017726997432074773,-0.00012408898202452396,0.8491414759301353
81.80000000000001,-4.393109220690026,-7.60126047805685,2.4411911766536023,0.567449930107635,0.6448294660314036,0.0045138062622198435,0.10815152210278214,0.12289945693497968,0.0008602961985448612,-0.015977759824041773,-0.01815654525459296,-0.00012709581678215122,0.8491414759301354
81.85000000000001,-4.364601869604129,-7.568865760913782,2.441417939673603,0.57283737793887,0.6509515658396251,0.004556660960877396,0.10734327917574973,0.12198099906335196,0.0008538669934434672,-0.016351196327130918,-0.018580904917194253,-0.0001300663344203603,0.8491414759301354
81.9,-4.335826164186482,-7.53616609566646,2.441646837330335,0.5781839487304481,0.6570272144664183,0.0045991905012649475,0.10651647856308137,0.12104145291259243,0.0008472901703881507,-0.016720067249493226,-0.0190000764198787,-0.00013300053493915144,0.8491414759301353
81.95,-4.3067841713910475,-7.5031638311261935,2.441877853182116,0.5834887203050665,0.6630553639830301,0.004641387547881232,0.10567134854381274,0.1200810778906963,0.0008405675452348776,-0.017084372591128914,-0.019414059762646513,-0.0001358984183385261,0.8491414759301353
82.0,-4.2774780039953235,-7.469861368176505,2.4421109704227644,0.5887507818993697,0.6690349794311021,0.004683244856017735,0.1048081173969806,0.11910013340565978,0.0008337009338396218,-0.01744411235203787,-0.019822854945497584,-0.00013875998461848371,0.8491414759301356
82.05000000000001,-4.247909820029605,-7.4362611591245535,2.4423461718861277,0.5939692341639575,0.674965038822679,0.004724755271758773,0.10392701340162083,0.11809887886547818,0.0008266921520583506,-0.017799286532220182,-0.020226461968432047,-0.0001415852337790249,0.8491414759301353
82.10000000000001,-4.218081822206345,-7.402365707052667,2.442583440050631,0.5991431891633753,0.6808445331401991,0.004765911731981414,0.10302826483677048,0.1170775736781482,0.000819543015747041,-0.018149895131675663,-0.02062488083144964,-0.00014437416582014807,0.8491414759301353
82.15,-4.187996257349395,-7.36817756516977,2.4428227570438117,0.6042717703761253,0.6866724663365061,0.004806707264355563,0.10211209998146564,0.11603647725166547,0.0008122553407616618,-0.018495938150404317,-0.021018111534550375,-0.00014712678074185322,0.8491414759301353
82.2,-4.157655415823319,-7.333699336162865,2.4430641046468597,0.6093541126946632,0.6924478553348447,0.004847134987343933,0.10117874711474241,0.11497584899402545,0.0008048309429581813,-0.01883741558840633,-0.021406154077734486,-0.00014984307854414212,0.8491414759301354
82.25,-4.127061630962734,-7.298933671548565,2.44330746429916,0.6143893624253931,0.6981697300288559,0.004887188110202011,0.10022843451563715,0.11389594831322396,0.0007972716381925712,-0.019174327445681608,-0.021789008461001853,-0.00015252305922701368,0.8491414759301353
82.30000000000001,-4.09621727850157,-7.263883271024513,2.4435528171028285,0.619376677288673,0.7038371332825828,0.004926859932978101,0.09926139046318604,0.11279703461725682,0.0007895792423208009,-0.01950667372223027,-0.022166674684352596,-0.00015516672279046882,0.8491414759301352
82.35000000000001,-4.065124776002418,-7.228550881820932,2.4438001438272527,0.6243152264188081,0.7094491209304639,0.004966143846513267,0.09827784323642595,0.1116793673141203,0.0007817555711988457,-0.019834454418052084,-0.022539152747786475,-0.00015777406923450594,0.8491414759301354
82.4,-4.033786582285787,-7.192939298052034,2.4440494249136355,0.6292041903640595,0.7150047617773404,0.005005033332441403,0.09727802111439324,0.11054320581181044,0.0007738024406826764,-0.020157669533147078,-0.02290644265130351,-0.00016034509855912527,0.8491414759301354
82.45,-4.002205196859407,-7.157051360067509,2.4443006404795273,0.6340427610866419,0.7205031375984567,0.005043521963189217,0.09626215237612369,0.10938880951832228,0.0007657216666282593,-0.020476319067515424,-0.023268544394903907,-0.00016287981076432804,0.8491414759301354
82.5,-3.970383159347573,-7.1208899538040615,2.4445537703233713,0.6388301419627184,0.7259433431394526,0.005081603401976191,0.0952304653006538,0.108216437841652,0.0007575150648915671,-0.02079040302115703,-0.023625457978587557,-0.00016537820585011366,0.8491414759301353
82.55000000000001,-3.9383230489204064,-7.084458010136828,2.444808793929042,0.643565547782406,0.7313244861163706,0.005119271402814616,0.09418318816701975,0.10702635018979514,0.000749184451328569,-0.02109992139407203,-0.023977183402354586,-0.0001678402838164829,0.8491414759301354
82.60000000000001,-3.9060274837232027,-7.047758504230915,2.4450656904703836,0.6482482047497695,0.7366456872156475,0.005156519810509554,0.09312054925425846,0.10581880597074818,0.0007407316417952404,-0.021404874186260168,-0.02432372066620475,-0.0001702660446634341,0.8491414759301356
82.65,-3.8734991203056848,-7.0107944548928245,2.4453244388157502,0.6528773504828291,0.7419060800941238,0.005193342560658889,0.09204277684140615,0.10459406459250692,0.0007321584521475515,-0.021705261397721512,-0.024665069770138087,-0.00017265548839096742,0.8491414759301352
82.7,-3.8407406530513093,-6.973568923921944,2.445585017532546,0.6574522340135581,0.7471048113790432,0.005229733679653324,0.09095009920749872,0.10335238546306662,0.0007234666982414694,-0.02200108302845618,-0.025001230714154773,-0.00017500861499908425,0.8491414759301352
82.75,-3.8077548136066106,-6.9360850154620595,2.4458474048917656,0.6619721157878786,0.7522410406680439,0.005265687284676329,0.08984274463157267,0.1020940279904234,0.0007146581959329673,-0.022292339078464143,-0.025332203498254744,-0.00017732542448778389,0.8491414759301353
82.80000000000001,-3.774544370310462,-6.898345875352799,2.44611157887253,0.6664362676656669,0.7573139405291669,0.005301197583704192,0.0887209413926641,0.10081925158257281,0.0007057347610780125,-0.02257902954774545,-0.025657988122438025,-0.0001796059168570671,0.8491414759301353
82.85000000000001,-3.741112127623421,-6.860354690481162,2.4463775171666318,0.6708439729207472,0.7623226965008492,0.005336258875505968,0.08758491776980987,0.09952831564751115,0.0006966982095325811,-0.022861154436299914,-0.025978584586704476,-0.0001818500921069323,0.8491414759301354
82.9,-3.7074609255569864,-6.822114688132942,2.446645197183069,0.675194526240898,0.7672665070919298,0.005370865549643532,0.08643490204204655,0.09822147959323463,0.0006875503571526451,-0.023138713744127612,-0.026293992891054118,-0.00018405795023737972,0.8491414759301356
82.95,-3.673593639102901,-6.783629135344207,2.4469145960525904,0.6794872337278526,0.7721445837816506,0.005405012086471577,0.08527112248840957,0.09689900282773807,0.0006782930197941695,-0.023411707471228636,-0.026604213035487108,-0.00018622949124841052,0.8491414759301354
83.0,-3.6395131776625007,-6.744901338252844,2.4471856906322302,0.6837214128972916,0.7769561510196498,0.005438693057137571,0.08409380738793582,0.09556114475901793,0.0006689280133131279,-0.023680135617602908,-0.026909245020003345,-0.0001883647151400242,0.8491414759301356
83.05000000000001,-3.6052224844759686,-6.705934641449966,2.44745845750985,0.6878963926788509,0.7817004462259669,0.0054719031235817926,0.08290318501966104,0.09420816479506924,0.0006594571535654877,-0.02394399818325054,-0.027209088844602908,-0.00019046362191222117,0.8491414759301353
83.10000000000001,-3.570724536051685,-6.666732427331462,2.4477328730086794,0.6920115134161132,0.7863767197910376,0.005504637038537286,0.08169948366262249,0.09284032234388917,0.0006498822564072264,-0.024203295168171372,-0.027503744509285655,-0.00019252621156500043,0.8491414759301353
83.15,-3.5360223415954875,-6.627298115449419,2.448008913191854,0.6960661268666165,0.7909842350757003,0.005536889645529929,0.08048293159585639,0.09145787681347307,0.0006402051376943145,-0.024458026572365375,-0.027793212014051612,-0.00019455248409836192,0.8491414759301352
83.2,-3.501118942439963,-6.587635161863597,2.4482865538669545,0.7000595962018529,0.7955222684111963,0.005568655878878398,0.07925375709839838,0.09006108761181626,0.0006304276132827163,-0.02470819239583274,-0.02807749135890087,-0.0001965424395123068,0.8491414759301353
83.25,-3.4660174114738074,-6.5477470584929645,2.4485657705905495,0.7039912960072617,0.7999901090991611,0.005599930763694152,0.07801218844928517,0.08865021414691489,0.0006205514990284074,-0.02495379263857335,-0.028356582543833393,-0.00019849607780683443,0.8491414759301354
83.30000000000001,-3.4307208525710746,-6.507637332467132,2.44884653867273,0.7078606122822387,0.8043870594116348,0.005630709415881467,0.07675845392755279,0.08722551582676442,0.0006105786107873539,-0.025194827300587336,-0.028630485568849267,-0.0002004133989819456,0.8491414759301352
83.35000000000001,-3.3952324000205323,-6.467309545477879,2.4491288331816543,0.7116669424401251,0.8087124345910512,0.005660987042137384,0.0754927818122383,0.08578725205936161,0.0006005107644155338,-0.02543129638187448,-0.02889920043394831,-0.0002022944030376389,0.8491414759301353
83.4,-3.3595552179549095,-6.426767293130581,2.4494126289480853,0.7154096953082191,0.8129655628502486,0.0056907589399517655,0.07421540038237788,0.08433568225270201,0.0005903497757689165,-0.025663199882434838,-0.029162727139130526,-0.00020413908997391446,0.8491414759301351
83.45,-3.3236924997802038,-6.386014204295689,2.4496979005699298,0.7190882911277703,0.8171457853724661,0.00572002049760729,0.07292653791700719,0.0828710658147808,0.0005800974607034681,-0.025890537802268517,-0.029421065684396078,-0.00020594745979077332,0.8491414759301352
83.5,-3.28764746760503,-6.3450539404602635,2.4499846224167783,0.7227021615539784,0.8212524563113389,0.005748767194179398,0.0716264226951631,0.08139366215359431,0.0005697556350751629,-0.026113310141375485,-0.029674216069744894,-0.0002077195124882151,0.8491414759301353
83.55000000000001,-3.2514233716698726,-6.303890195079403,2.450272768634444,0.7262507496559969,0.8252849427909056,0.005776994599536364,0.07031528299588147,0.0799037306771379,0.0005593261147399677,-0.026331516899755776,-0.02992217829517705,-0.00020945524806624018,0.8491414759301353
83.60000000000001,-3.2150234897764456,-6.26252669292778,2.4505623131495056,0.7297335099169274,0.8292426249055996,0.0058046983743392224,0.06899334709819926,0.07840153079340813,0.0005488107155538598,-0.02654515807740925,-0.030164952360692374,-0.00021115466652484746,0.8491414759301356
83.65,-3.1784511267169333,-6.220967189451062,2.4508532296738426,0.7331499082338264,0.8331248957202572,0.0058318742700418265,0.06766084328115302,0.07688732191040108,0.0005382112533728095,-0.02675423367433596,-0.030402538266290895,-0.00021281776786403718,0.8491414759301353
83.7,-3.141709613703298,-6.179215470117387,2.451145491709178,0.7364994219177029,0.8369311612701172,0.005858518128890843,0.06631799982377823,0.07536136343611151,0.0005275295440527829,-0.026958743690535972,-0.030634936011972733,-0.00021444455208381006,0.8491414759301356
83.75,-3.104802307796638,-6.137275349768909,2.4514390725516173,0.739781539693516,0.8406608405608136,0.00588462588392572,0.06496504500511151,0.07382391477853573,0.0005167674034497523,-0.027158688126009273,-0.030862145597737835,-0.00021603501918416579,0.8491414759301353
83.80000000000001,-3.0677325913364295,-6.095150671973218,2.451733945296187,0.7429957617001778,0.8443133655683837,0.005910193558978712,0.06360220710418894,0.07227523534566918,0.000505926647419687,-0.027354066980755886,-0.03108416702358628,-0.00021758916916510488,0.8491414759301353
83.85000000000001,-3.0305038713698895,-6.052845308374876,2.4520300828413757,0.746141599490549,0.8478881812392601,0.005935217268674846,0.06222971440004758,0.07071558454550854,0.0004950090918185623,-0.027544880254775705,-0.03130100028951787,-0.0002191070020266261,0.8491414759301353
83.9,-2.993119579081218,-6.01036315804684,2.4523274578936722,0.7492185760314453,0.8513847454902783,0.005959693218431974,0.06084779517172389,0.06914522178604986,0.0004840165525023508,-0.027731127948068753,-0.0315126453955327,-0.00022058851776872996,0.8491414759301351
83.95,-2.955583169220908,-5.967708146841943,2.4526260429721067,0.7522262257036351,0.8548025292086762,0.005983617704460757,0.059456677698253205,0.06756440647528758,0.0004729508453270148,-0.0279128100606351,-0.03171910234163085,-0.00022203371639141674,0.8491414759301354
84.0,-2.9178981195350953,-5.924884226744428,2.4529258104127885,0.7551640943018355,0.8581410162520855,0.006006987113764622,0.05805659025867257,0.0659733980212187,0.0004618137861485326,-0.02808992659247473,-0.031920371127812236,-0.00022344259789468658,0.8491414759301352
84.05000000000001,-2.880067930194809,-5.881895375221376,2.4532267323734502,0.7580317390347181,0.8613997034485434,0.006029797924139828,0.05664776113201747,0.06437245583183797,0.00045060719082286793,-0.028262477543587666,-0.03211645175407695,-0.00022481516227853946,0.8491414759301354
84.10000000000001,-2.8420961232253323,-5.8387455945742435,2.4535287808379804,0.7608287285249037,0.8645781005964819,0.006052046704175398,0.05523041859732543,0.06276183931514244,0.00043933287520599856,-0.028430462913973824,-0.03230734422042483,-0.00022615140954297496,0.8491414759301356
84.15,-2.8039862419354398,-5.795438911290274,2.4538319276209677,0.7635546428089665,0.8676757304647342,0.006073730113253167,0.05380479093363267,0.06114180787912796,0.0004279926551538971,-0.028593882703633246,-0.032493048526855965,-0.00022745133968799262,0.8491414759301352
84.2,-2.7657418503467133,-5.7519793753939945,2.454136144372242,0.7662090733374335,0.8706921287925377,0.006094844901547791,0.05237110641997466,0.05951262093178928,0.00041658834652252705,-0.028752736912565934,-0.0326735646733704,-0.00022871495271359373,0.8491414759301351
84.25,-2.7273665326228897,-5.708371059798741,2.4544414025814083,0.7687916229747817,0.8736268442895249,0.006115387910026699,0.05092959333538824,0.05787453788112284,0.0004051217651678614,-0.02890702554077189,-0.032848892659968064,-0.00022994224861977764,0.8491414759301356
84.30000000000001,-2.68886389249911,-5.664618059658082,2.454747673582393,0.7713019059994414,0.876479438635729,0.006135356070450129,0.049480479958909154,0.05622781813512393,0.00039359472694586926,-0.02905674858825116,-0.033019032486649065,-0.00023113322740654445,0.8491414759301354
84.35000000000001,-2.6502375527112814,-5.620724491717367,2.4550549285579786,0.7737395481037928,0.8792494864815823,0.0061547464053711,0.048023994569574784,0.054572721101789436,0.0003820090477125271,-0.029201906055003647,-0.03318398415341326,-0.00023228788907389387,0.8491414759301351
84.4,-2.611491154425316,-5.576694493665134,2.455363138544344,0.7761041863941679,0.8819365754479178,0.006173556028135457,0.04656036544642133,0.052909506189114996,0.0003703665433238064,-0.029342497941029378,-0.033343747660260666,-0.00023340623362182566,0.8491414759301352
84.45,-2.572628356666443,-5.532532223484598,2.455672274435608,0.7783954693908539,0.8845403061259705,0.006191782142881819,0.0450898208684844,0.05123843280509583,0.0003586690296356728,-0.029478524246328408,-0.0334983230071914,-0.00023448826105034086,0.8491414759301353
84.5,-2.533652835748563,-5.488241858805188,2.4559823069883637,0.7806130570280876,0.8870602920773719,0.006209422044541631,0.04361258911480062,0.049559760357727786,0.00034691832250409633,-0.029609984970900696,-0.03364771019420535,-0.0002355339713594385,0.8491414759301351
84.55000000000001,-2.4945682847034862,-5.443827596253962,2.456293206826222,0.7827566206540565,0.8894961598341548,0.00622647311883911,0.042128898464405984,0.04787374825500667,0.0003351162377850485,-0.02973688011474629,-0.03379190922130264,-0.00023654336454911952,0.8491414759301352
84.60000000000001,-2.455378412710307,-5.399293650807169,2.4566049444443494,0.7848258430309006,0.8918475488987505,0.00624293284229128,0.04063897719633769,0.04618065590492912,0.00032326459133450456,-0.02985920967786513,-0.033930920088483134,-0.0002375164406193828,0.8491414759301352
84.65,-2.416086944524633,-5.35464425514163,2.4569174902140083,0.7868204183347125,0.8941141117439915,0.006258798782207966,0.039143053589631945,0.044480742715490726,0.0003113651990084369,-0.029976973660257186,-0.03406474279574683,-0.0002384531995702288,0.8491414759301353
84.7,-2.3766976199079033,-5.309883658986255,2.4572308143870965,0.7887400521555367,0.8962955138131099,0.0062740685966917965,0.03764135592332436,0.0427742680946868,0.00029941987666280863,-0.030090172061922542,-0.03419337734309384,-0.00023935364140165795,0.8491414759301354
84.75,-2.337214193056737,-5.265016128473566,2.457544887100685,0.7905844614973686,0.8983914335197369,0.006288740034638189,0.036134112476451874,0.041061491450513285,0.00028743044015359454,-0.030198804882861172,-0.03431682373052409,-0.00024021776611366977,0.8491414759301353
84.80000000000001,-2.2976404320321797,-5.220045945491116,2.457859678381562,0.7923533747781569,0.9004015622479056,0.006302810935735363,0.03462155152804995,0.03934267219096576,0.00027539870533676165,-0.030302872123073102,-0.03443508195803765,-0.00024104557370626469,0.8491414759301353
84.85000000000001,-2.2579801181890704,-5.174977407033037,2.4581751581507683,0.7940465318297989,0.9023256043520445,0.0063162792304643405,0.03310390135715622,0.037618069724041116,0.00026332648806828856,-0.030402373782558275,-0.03454815202563445,-0.00024183706417944204,0.8491414759301354
84.9,-2.2182370456052745,-5.12981482455145,2.4584912962281398,0.7956636838981478,0.9041632771569861,0.006329142940098928,0.03158139024280673,0.03588794345773484,0.0002512156042041446,-0.030497309861316664,-0.03465603393331442,-0.00024259223753320217,0.8491414759301353
84.95,-2.1784150205109998,-5.084562523307957,2.458808062336844,0.797204593643006,0.905914310957961,0.006341400176705753,0.030054246464037107,0.034152552800041945,0.0002390678696002958,-0.03058768035934839,-0.03475872768107774,-0.00024331109376754515,0.8491414759301351
85.0,-2.1385178607181436,-5.039224841725166,2.4591254261079234,0.7986690351381281,0.9075784490206,0.006353049143144228,0.0285226982998841,0.03241215715895895,0.0002268851001127137,-0.03067348527665335,-0.03485623326892429,-0.00024399363288247103,0.8491414759301353
85.05000000000001,-2.0985493950495493,-4.993806130738127,2.459443357084833,0.8000567938712221,0.9091554475809338,0.006364088133066563,0.026986974029383545,0.030667015942481092,0.00021466911159736887,-0.03075472461323162,-0.03494855069685411,-0.0002446398548779801,0.8491414759301351
85.10000000000001,-2.058513462768358,-4.948310753145863,2.4597618247279787,0.8013676667439449,0.9106450758453921,0.0063745155309177706,0.025447301931572436,0.028917388558605053,0.00020242171991023577,-0.030831398369083104,-0.03503567996486719,-0.0002452497597540714,0.8491414759301354
85.15,-2.0184139130072527,-4.9027430829627905,2.46008079841926,0.8026014620719083,0.9120471159908043,0.0063843298119356596,0.023903910285487523,0.027163534415326675,0.0001901447409072873,-0.030903506544207843,-0.0351176210729635,-0.0002458233475107455,0.8491414759301351
85.2,-1.9782546041977722,-4.857107504770198,2.4604002474666085,0.8037579995846732,0.9133613631644015,0.006393529542150836,0.0223570273701643,0.025405712920640987,0.0001778399904444879,-0.030971049138605874,-0.03519437402114306,-0.00024636061814800256,0.8491414759301354
85.25,-1.9380394034996564,-4.8114084130677925,2.460720141108525,0.8048371104257545,0.9145876254838112,0.006402113378386708,0.020806881464639132,0.023644183482544403,0.00016550928437781155,-0.031034026152277187,-0.03526593880940592,-0.0002468615716658425,0.8491414759301351
85.30000000000001,-1.8977721862300971,-4.765650211625111,2.4610404485186246,0.8058386371526182,0.9157257240370652,0.006410080068259485,0.01925370084794818,0.021879205509031982,0.00015315443856322436,-0.031092437585221764,-0.03533231543775205,-0.0002473262080642653,0.8491414759301349
85.35000000000001,-1.8574568352931025,-4.719837312833073,2.4613611388101684,0.80676243373668,0.9167754928825912,0.006417428450178166,0.01769771379912868,0.020111038408100634,0.00014077726885670537,-0.031146283437439595,-0.03539350390618139,-0.0002477545273432708,0.8491414759301356
85.4,-1.8170972406087382,-4.673974137055388,2.461682181040612,0.8076083655633121,0.9177367790492178,0.006424157453344555,0.016139148597216907,0.01833994158774626,0.00012837959111422406,-0.03119556370893068,-0.035449504214694005,-0.00024814652950285896,0.8491414759301351
85.45,-1.7766972985424254,-4.628065111980032,2.46200354421614,0.8083763094318343,0.9186094425361749,0.006430266097753253,0.014578233521248199,0.016566174455963714,0.00011596322119174659,-0.031240278399695055,-0.035500316363289854,-0.0002485022145430302,0.8491414759301352
85.5,-1.73626091133431,-4.58211467197081,2.4623251972962037,0.80906615355552,0.9193933563130904,0.006435753494191662,0.013015196850259444,0.014789996420749203,0.0001035299749452449,-0.031280427509732686,-0.035545940351968994,-0.000248821582463784,0.849141475930135
85.55000000000001,-1.6957919865284974,-4.536127257418751,2.4626471091980684,0.8096777975615945,0.9200884063199932,0.006440618844239981,0.011450266863286457,0.013011666890098148,9.108166823068714e-05,-0.031316011039043586,-0.0355863761807314,-0.00024910463326512084,0.8491414759301351
85.60000000000001,-1.6552944364024202,-4.490107314093662,2.4629692488013446,0.810211152491233,0.9206944914673098,0.006444861440271198,0.009883671839366837,0.011231445272007584,7.86201169040537e-05,-0.031347028987627756,-0.03562162384957704,-0.0002493513669470405,0.8491414759301351
85.65,-1.6147721773960824,-4.444059292495551,2.463291584952531,0.8106661407995657,0.9212115236358699,0.006448480665451115,0.00831564005753644,0.009449590974472883,6.614713682131035e-05,-0.03137348135548519,-0.03565168335850594,-0.00024956178350954265,0.8491414759301352
85.7,-1.5742291295413533,-4.397987647206086,2.463614086469557,0.8110426963556724,0.9216394276768999,0.006451475993738328,0.006746399796830694,0.0076663634054893,5.366454383842516e-05,-0.031395368142615905,-0.035676554707518106,-0.0002497358829526278,0.849141475930135
85.75,-1.5336692158913434,-4.351896836240165,2.4639367221463186,0.8113407644425847,0.9219781414120277,0.0064538469898842215,0.005176179336286816,0.005882021973053113,4.117415381137142e-05,-0.031412689349019855,-0.03569623789661351,-0.00024987366527629565,0.8491414759301352
85.80000000000001,-1.493096361949629,-4.30579132039731,2.4642594607572184,0.8115603017572872,0.922227615633281,0.0064555933094329965,0.0036052069549404667,0.0040968260851593705,2.867778259611647e-05,-0.03142544497469712,-0.035710732925792216,-0.00024997513048054655,0.8491414759301354
85.85000000000001,-1.45251449509963,-4.25967556261322,2.4645822710617074,0.8117012764107164,0.9223878141030866,0.006456714698721634,0.0020337109318288166,0.0023110351498052037,1.617724604863653e-05,-0.03143363501964762,-0.03572003979505415,-0.00025004027856538017,0.8491414759301352
85.9,-1.4119275440338475,-4.2135540273111936,2.464905121808821,0.8117636679277582,0.9224587135542696,0.006457210994879918,0.00046191954598824234,0.0005249085749866299,3.6743600249055745e-06,-0.03143725948387139,-0.035724158504399334,-0.0002500691095307964,0.8491414759301348
85.95,-1.3713394381831685,-4.1674311797536,2.4652279817417253,0.8117474672472533,0.9224403036900601,0.006457082125830446,-0.0011099389235457613,-0.0012612942313020917,-8.829059619115168e-06,-0.031436318367368425,-0.035723089053827796,-0.00025006162337679565,0.8491414759301351
86.0,-1.3307541071462112,-4.1213114853934245,2.465550819602246,0.8116526767219926,0.9223325871840821,0.0064563281102886,-0.0026816361977364525,-0.0030473138610642367,-2.133119702745013e-05,-0.031430811670138725,-0.03571683144333948,-0.00025001782010337757,0.8491414759301351
86.05000000000001,-1.2901754801185952,-4.07519940922568,2.46587360413542,0.8114793101187191,0.9221355796803621,0.006454949057762561,-0.0042529439975478684,-0.004832890906304687,-3.383023634413315e-05,-0.0314207393921823,-0.03570538567293446,-0.00024993769971054237,0.8491414759301351
86.10000000000001,-1.2496074853222903,-4.029099415138968,2.466196304094027,0.8112273926181284,0.9218493097933266,0.006452945168553316,-0.005823634043943095,-0.006617765959026413,-4.6324361713185106e-05,-0.031406101533499126,-0.035688751742612684,-0.0002498212621982898,0.8491414759301348
86.15,-1.209054049434849,-3.9830159652668775,2.4665188882431317,0.8108969608148663,0.921473819107802,0.006450316733754644,-0.007393478057885443,-0.008401679611233512,-5.8811757278636124e-05,-0.03138689809408923,-0.03566692965237417,-0.0002496685075666204,0.8491414759301351
86.2,-1.168519097018724,-3.936953519339462,2.4668413253646237,0.8104880627175312,0.9210091621790125,0.006447064135253115,-0.008962247760339354,-0.010184372454931461,-7.129060718451965e-05,-0.0313631290739526,-0.03563991940221891,-0.0002494794358155334,0.8491414759301353
86.25,-1.1280065499506282,-3.8909165340348077,2.4671635842617565,0.8100007577486739,0.9204554065325838,0.006443187845728112,-0.01052971487226851,-0.011965585082123522,-8.375909557486415e-05,-0.031334794473089254,-0.0356077209921469,-0.0002492540469450296,0.8491414759301353
86.30000000000001,-1.0875203268507705,-3.844909462330423,2.467485633763687,0.8094351167447964,0.9198126326645407,0.006438688428651817,-0.012095651114636643,-0.013745058084814365,-9.621540659370274e-05,-0.03130189429149915,-0.035570334422158165,-0.00024899234095510813,0.849141475930135
86.35000000000001,-1.0470643425122208,-3.7989367528547993,2.4678074427300163,0.8087912219563536,0.9190809340413101,0.006433566538289197,-0.013659828208406721,-0.015522532055007757,-0.00010865772438505545,-0.03126442852918231,-0.035527759692252685,-0.00024869431784576977,0.849141475930135
86.4,-1.0066425073301561,-3.7530028492388157,2.468128980055328,0.8080691670477502,0.9182604170997157,0.006427822919698037,-0.015222017874542377,-0.01729774758470756,-0.00012108423309295283,-0.031222397186138753,-0.035479996802430455,-0.00024835997761701433,0.8491414759301352
86.45,-0.9662587267311635,-3.707112189467233,2.4684502146737293,0.807269057097344,0.9173512012469812,0.006421458408728896,-0.016781991834007894,-0.019070445265918536,-0.0001334931168614291,-0.03117580026236847,-0.03542704575269149,-0.0002479893202688415,0.8491414759301351
86.5,-0.9259169006025897,-3.6612692052302176,2.468771115563388,0.8063910085974443,0.9163534188607323,0.006414473932025148,-0.018339521807767063,-0.020840365690644465,-0.00014588255983451155,-0.031124637757871446,-0.035368906543035775,-0.00024758234580125166,0.8491414759301356
86.55000000000001,-0.8856209227218013,-3.6154783212747774,2.4690916517510764,0.805435149454313,0.9152672152889912,0.006406870507022967,-0.019894379516783613,-0.022607249450890456,-0.00015825074615623405,-0.03106890967264769,-0.0353055791734633,-0.00024713905421424427,0.8491414759301349
86.60000000000001,-0.8453746801855364,-3.5697439547562957,2.469411792316706,0.8044016189881622,0.9140927488501832,0.006398649241951311,-0.021446336682020038,-0.02437083713865934,-0.0001705958599706163,-0.031008616006697205,-0.035237063643974116,-0.00024665944550781996,0.8491414759301348
86.65,-0.80518205283915,-3.524070514589946,2.46973150639787,0.8032905679331572,0.9128301908331329,0.0063898113358319564,-0.022995165024440486,-0.02613086934595542,-0.00018291608542168796,-0.030943756760019998,-0.03516335995456819,-0.00024614351968197843,0.8491414759301351
86.7,-0.7650469127059216,-3.478462400802185,2.470050763194385,0.8021021584374158,0.9114797254970629,0.006380358078479466,-0.024540636265009578,-0.027887086664783744,-0.00019520960665348787,-0.03087433193261603,-0.035084468105245514,-0.0002455912767367198,0.8491414759301351
86.75,-0.7249731234163962,-3.432924003882272,2.470369531972824,0.8008365640630047,0.9100415500715956,0.006370290850501203,-0.026082522124690102,-0.029639229687148043,-0.0002074746078100367,-0.030800341524485336,-0.0350003880960061,-0.0002450027166720437,0.849141475930135
86.80000000000001,-0.6849645396376602,-3.3874597041337076,2.470687782071064,0.7994939697859457,0.908515874756756,0.006359611123297315,-0.02762059432444644,-0.031387039005053,-0.00021970927303537313,-0.030721785535627887,-0.0349111199268499,-0.0002443778394879504,0.8491414759301351
86.85000000000001,-0.6450250065026767,-3.34207387102577,2.47100548290282,0.7980745719962097,0.906902922722965,0.006348320459060784,-0.029154624585241224,-0.03313025521050175,-0.0002319117864735133,-0.03063866396604372,-0.03481666359777699,-0.0002437166451844401,0.8491414759301351
86.9,-0.6051583590395387,-3.2967708625449332,2.471322603962186,0.7965785784977215,0.9052029301110466,0.0063364205107773585,-0.030684384628038294,-0.03486861889549819,-0.00024408033226848934,-0.03055097681573286,-0.03471701910878738,-0.00024301913376151272,0.8491414759301351
86.95,-0.5653684216007712,-3.251555024546336,2.4716391148281756,0.795006208508357,0.9034161460322228,0.006323913022225587,-0.032209646173801974,-0.036601870652047924,-0.00025621309456433833,-0.030458724084695223,-0.03461218645988097,-0.00024228530521916802,0.8491414759301348
87.0,-0.5256590072926941,-3.206430690105336,2.4719549851692624,0.7933576926599424,0.9015428325681162,0.006310799827976838,-0.03373018094349564,-0.03832975107215423,-0.00026830825750508223,-0.030361905772930884,-0.034502165651057855,-0.00024151515955740609,0.8491414759301353
87.05000000000001,-0.4860339174046619,-3.1614021788689373,2.4722701847479174,0.7916332729982581,0.8995832647707475,0.006297082853395264,-0.03524576065808337,-0.04005200074782236,-0.00028036400523475795,-0.03026052188043976,-0.03438695668231795,-0.0002407086967762268,0.8491414759301351
87.10000000000001,-0.4464969408384204,-3.116473796407301,2.472584683425149,0.7898332029830354,0.8975377306625403,0.006282764114637805,-0.036756157038527956,-0.041768360271054676,-0.00029237852189738396,-0.030154572407221934,-0.034266559553661334,-0.0002398659168756304,0.8491414759301354
87.15,-0.40705185353737317,-3.0716498335652,2.4728984511650434,0.7879577474879592,0.8954065312363165,0.00626784571865424,-0.03826114180579318,-0.04347857023385596,-0.00030434999163699223,-0.03004405735327741,-0.03414097426508802,-0.0002389868198556171,0.8491414759301349
87.2,-0.36770241791585034,-3.026934565813471,2.473211458039305,0.7860071828006605,0.8931899804552959,0.0062523298631870965,-0.03976048668084321,-0.04518237122823118,-0.00031627659859761906,-0.02992897671860612,-0.034010200816597905,-0.00023807140571618647,0.8491414759301353
87.25,-0.3284523822884938,-2.982332252600564,2.4735236742317963,0.7839817966227287,0.8908884052531006,0.006236218836771725,-0.04125396338464167,-0.046879503846183945,-0.0003281565269232885,-0.02980933050320809,-0.033874239208191055,-0.0002371196744573385,0.8491414759301352
87.30000000000001,-0.2893054802994937,-2.9378471367039736,2.4738350700430716,0.7818818880697006,0.8885021455337503,0.006219515018736279,-0.04274134363815217,-0.04856970867971862,-0.0003399879607580337,-0.029685118707083333,-0.03373308943986746,-0.00023613162607907332,0.8491414759301352
87.35000000000001,-0.2502654303519464,-2.89348344358176,2.4741456158949275,0.7797077676710684,0.886031554171668,0.006202220879201702,-0.044222399162338145,-0.05025272632083924,-0.0003517690842458764,-0.02955634133023184,-0.033586751511627086,-0.0002351072605813908,0.849141475930135
87.4,-0.211335935037106,-2.8492453807239886,2.4744552823349317,0.7774597573702728,0.8834769970116731,0.006184338979081741,-0.04569690167816281,-0.05192829736154892,-0.00036349808153084373,-0.029422998372653664,-0.03343522542347009,-0.0002340465779642917,0.8491414759301351
87.45,-0.1725206805636813,-2.805137137004191,2.4747640400409705,0.7751381905247084,0.8808388528689866,0.006165871970082938,-0.04716462290659098,-0.05359616239385364,-0.0003751731367569767,-0.029285089834348698,-0.03327851117539625,-0.00023294957822777494,0.8491414759301352
87.5,-0.13382333618720038,-2.761162882030913,2.4750718598257837,0.7727434119057222,0.8781175135292287,0.006146822594704624,-0.048625334568585685,-0.05525606200975681,-0.0003867924340682987,-0.029142615715317018,-0.03311660876740572,-0.0002318162613718411,0.8491414759301349
87.55000000000001,-0.0952475536392425,-2.7173267654991435,2.475378712641506,0.7702757776986079,0.8753133837484169,0.006127193686238944,-0.05007880838511092,-0.05690773680126258,-0.00039835415760884,-0.02899557601555854,-0.03294951819949838,-0.00023064662739648954,0.8491414759301348
87.60000000000001,-0.05679696655681772,-2.6736329165418393,2.4756845695842067,0.7677356555026184,0.872426881252975,0.006106988168770853,-0.051524816077129776,-0.05855092736037521,-0.0004098564915226289,-0.02884397073507337,-0.0327772394716743,-0.00022944067630172128,0.8491414759301351
87.65,-0.018475189911595025,-2.630085443081359,2.4759894018984303,0.7651234243309551,0.86945843673972,0.006086209057178068,-0.0529631293656059,-0.06018537427909783,-0.0004212976199536875,-0.028687799873861546,-0.03259977258393361,-0.0002281984080875361,0.8491414759301343
87.7,0.019714180560784153,-2.58668843118093,2.4762931809817332,0.7624394746107687,0.8664084938758724,0.006064859457131137,-0.05439351997150372,-0.06181081814943627,-0.00043267572704605594,-0.028527063431922895,-0.03241711753627606,-0.0002269198227539336,0.8491414759301348
87.75,0.05776756893135242,-2.5434459443961983,2.4765958783892263,0.759684208183165,0.8632775092990496,0.006042942565093375,-0.05581575961578599,-0.06342699956339333,-0.0004439889969437564,-0.02836176140925757,-0.032229274328701825,-0.00022560492030091386,0.8491414759301344
87.80000000000001,0.09568141964856625,-2.5003620231266335,2.4768974658381135,0.7568580383031995,0.8600659526172723,0.006020461668320923,-0.057229620019417594,-0.06503365911297462,-0.00045523561379082536,-0.028191893805865443,-0.03203624296121074,-0.0002242537007284763,0.8491414759301354
87.85000000000001,0.13345219810895104,-2.4574406839671044,2.47719791521223,0.753961389639883,0.8567743064089575,0.005997420144862727,-0.05863487290336079,-0.06663053739018297,-0.00046641376173128313,-0.028017460621746607,-0.031838023433803035,-0.0002228661640366223,0.849141475930135
87.9,0.1710763912278585,-2.414685919059254,2.477497198566585,0.7509946982761765,0.8534030662229272,0.005973821463560515,-0.06003128998857974,-0.06821737498702274,-0.0004775216249091599,-0.027838461856901114,-0.03163461574647854,-0.00022144231022535102,0.849141475930135
87.95,0.2085505080101572,-2.372101695443006,2.4777952881318988,0.7479584117089897,0.8499527405783968,0.005949669184048802,-0.06141864299603858,-0.06979391249549861,-0.0004885573874684925,-0.02765489751132882,-0.03142601989923733,-0.00021998213929466236,0.849141475930135
88.0,0.24587108012087633,-2.329691954408102,2.478092156319143,0.7448529888491855,0.8464238509649833,0.005924966956754906,-0.06279670364670038,-0.07135989050761442,-0.0004995192335533041,-0.0274667675850298,-0.03121223589207939,-0.00021848565124455647,0.8491414759301352
88.05000000000001,0.28303466245595227,-2.2874606108455127,2.478387775724081,0.7416789000215824,0.842816931842706,0.005899718522898965,-0.0641652436615297,-0.07291504961537494,-0.0005104053473076267,-0.027274072078003992,-0.030993263725004598,-0.00021695284607503313,0.8491414759301346
88.10000000000001,0.3200378337128863,-2.2454115525989975,2.4786821191318067,0.7384366269649464,0.8391325306419833,0.005873927714493914,-0.06552403476148923,-0.07445913041078354,-0.0005212139128754865,-0.027076810990251537,-0.0307691033980131,-0.00021538372378609297,0.8491414759301347
88.15,0.3568771969614917,-2.203548639816492,2.4789751595212843,0.7351266628319991,0.8353712077636338,0.00584759845434547,-0.06687284866754253,-0.07599187348584396,-0.0005319431144009108,-0.026874984321772356,-0.030539754911104985,-0.00021377828437773582,0.8491414759301344
88.2,0.39354938021457087,-2.1618757043016266,2.479266870069888,0.7317495121894088,0.831533536578873,0.005820734756052138,-0.06821145710065388,-0.07751301943256168,-0.0005425911360279335,-0.02666859207256642,-0.03030521826428002,-0.00021213652784996144,0.849141475930135
88.25,0.4300510369986042,-2.120396548865227,2.4795572241579436,0.7283056910177996,0.8276201034293172,0.005793340724005246,-0.0695396317817869,-0.07902230884293983,-0.0005531561619005819,-0.026457634242633754,-0.030065493457538343,-0.00021045845420276962,0.849141475930135
88.30000000000001,0.466378846924446,-2.079114946676768,2.4798461953732627,0.724795726711747,0.8236315076269839,0.005765420553388911,-0.07085714443190576,-0.0805194823089839,-0.0005636363761628905,-0.026242110831974245,-0.029820580490879888,-0.00020874406343616007,0.8491414759301346
88.35000000000001,0.5025295162580172,-2.038034640615895,2.4801337575156883,0.721220158079777,0.8195683614542906,0.00573697853018006,-0.0721637667719727,-0.08200428042269656,-0.0005740299629588794,-0.02602202184058809,-0.029570479364304687,-0.00020699335555013378,0.8491414759301344
88.4,0.5384997784910187,-1.9971593426238476,2.480419884601633,0.7175795353443682,0.8154312901640532,0.0057080190311484015,-0.07345927052295181,-0.08347644377608185,-0.000584335106432577,-0.0257973672684753,-0.02931519007781287,-0.00020520633054469094,0.8491414759301344
88.45,0.5742863949116552,-1.956492733054942,2.4807045508686154,0.7138744201419503,0.811220931979487,0.005678546523856438,-0.07474342740580747,-0.08493571296114533,-0.0005945499907280197,-0.025568147115635667,-0.0290547126314042,-0.00020338298841983044,0.8491414759301341
88.5,0.6098861551752609,-1.916038460028119,2.480987730779803,0.7101053855229064,0.806937938094211,0.005648565566659498,-0.07601600914150333,-0.08638182856989059,-0.0006046727999892358,-0.02533436138206933,-0.028789047025078816,-0.00020152332917555265,0.849141475930135
88.55000000000001,0.6452958778750771,-1.875800138778329,2.4812693990285517,0.7062730159515691,0.8025829726722361,0.00561808080870568,-0.07727678745100287,-0.0878145311943217,-0.0006147017183602547,-0.02509601006777617,-0.028518193258836564,-0.00019962735281185692,0.8491414759301344
88.60000000000001,0.6805124111128489,-1.8357813510081287,2.481549530542943,0.7023779073062264,0.7981567128479831,0.005587096989935908,-0.07852553405526923,-0.08923356142644262,-0.0006246349299851016,-0.024853093172756347,-0.02824215133267768,-0.0001976950593287449,0.8491414759301344
88.65,0.7155326330696502,-1.7959856442390398,2.481828100490327,0.6984206668791137,0.7936598487262643,0.00555561894108387,-0.07976202067526587,-0.0906386598582569,-0.0006344706190078018,-0.024605610697009887,-0.027960921246602165,-0.00019572644872621638,0.8491414759301346
88.7,0.7503534525764872,-1.7564165311630906,2.482105084281858,0.6944019133764224,0.7890930833822963,0.005523651583676106,-0.08098601903195778,-0.09202956708177037,-0.0006442069695723945,-0.024353562640536584,-0.02767450300060984,-0.0001937215210042695,0.8491414759301342
88.75,0.7849718096850261,-1.717077488994296,2.4823804575770394,0.690322276918291,0.784457132861693,0.005491199930031874,-0.08219730084630754,-0.09340602368898632,-0.0006538421658229067,-0.024096949003336577,-0.0273828965947007,-0.000191680276162906,0.8491414759301346
88.80000000000001,0.8193846762382955,-1.6779719588201225,2.4826541962882587,0.6861823990388135,0.7797527261804679,0.0054582690832633025,-0.08339563783927956,-0.0947677702719089,-0.0006633743919033644,-0.023835769785409765,-0.027086102028874785,-0.00018960271420212429,0.8491414759301341
88.85000000000001,0.8535890564413535,-1.6391033449530104,2.482926276585329,0.6819829326860362,0.7749806053250392,0.005424864237275301,-0.08458080173183684,-0.09611454742254212,-0.0006728018319577984,-0.0235700249867563,-0.02678411930313217,-0.0001874888351219261,0.8491414759301341
88.9,0.8875819874320245,-1.600475014281793,2.4831966749000274,0.6777245422219556,0.7701415252522208,0.0053909906767655716,-0.08575256424494293,-0.09744609573288984,-0.0006821226701302337,-0.023299714607376124,-0.026476948417472928,-0.0001853386389223113,0.8491414759301344
88.95,0.921360539851611,-1.5620902956231748,2.4834653679306378,0.6734079034225176,0.7652362538892238,0.00535665377722458,-0.08691069709956192,-0.09876215579495722,-0.0006913350905647034,-0.023024838647269202,-0.02616458937189684,-0.00018315212560327868,0.849141475930135
89.0,0.9549218184155147,-1.5239524790732863,2.4837323326464866,0.669033703477624,0.7602655721336629,0.005321859004935664,-0.08805497201665759,-0.10006246820074755,-0.0007004372774052359,-0.022745397106435524,-0.025847042166404044,-0.00018092929516482905,0.8491414759301349
89.05000000000001,0.9882629624840101,-1.4860648153590859,2.4839975462924864,0.6646026409911274,0.7552302738535527,0.005286611916974883,-0.0891851607171937,-0.10134677354226591,-0.0007094274147958645,-0.022461389984875037,-0.025524306800994365,-0.00017867014760696153,0.8491414759301346
89.10000000000001,1.0213811466328955,-1.4484305151898906,2.4842609863936707,0.6601154259808286,0.7501311658873041,0.005250918161211156,-0.09030103492213316,-0.10261481241151513,-0.0007183036868806094,-0.0221728172825879,-0.02519638327566812,-0.00017637468292967763,0.8491414759301346
89.15,1.0542735812242137,-1.4110527486088529,2.484522630759738,0.6555727798784912,0.7449690680437379,0.005214783476306185,-0.09140236635243987,-0.10386632540050038,-0.0007270642778035054,-0.021879678999574086,-0.024863271590425128,-0.00017404290113297674,0.8491414759301339
89.2,1.086937512976958,-1.373934644344372,2.4847824574895894,0.6509754355298152,0.739744813102061,0.005178213691714451,-0.09248892672907828,-0.1051010531012257,-0.0007357073717085827,-0.02158197513583347,-0.02452497174526536,-0.0001716748022168584,0.8491414759301342
89.25,1.119370225537739,-1.3370792891616645,2.485040444975868,0.6463241371944619,0.7344592468118867,0.005141214727683235,-0.09356048777301126,-0.10631873610569505,-0.0007442311527398689,-0.02127970569136612,-0.024181483740188803,-0.0001692703861813226,0.8491414759301341
89.30000000000001,1.1515690400515157,-1.3004897272141878,2.4852965719095006,0.6416196405460426,0.7291132278932283,0.00510379259525262,-0.09461682120520327,-0.10751911500591292,-0.0007526338050413937,-0.020972870666171952,-0.02383280757519546,-0.0001668296530263691,0.8491414759301341
89.35000000000001,1.183531315732255,-1.2641689593951748,2.485550817284234,0.6368627126721207,0.7237076280364988,0.005065953396255517,-0.09565769874661674,-0.10870193039388297,-0.000760913512757185,-0.02066147006025117,-0.023478943250285433,-0.00016435260275199907,0.849141475930134
89.4,1.2152544504336473,-1.2281199426890435,2.485803160401177,0.632054132074212,0.7182433319025128,0.005027703323317602,-0.09668289211821586,-0.10986692286160929,-0.0007690684600312696,-0.02034550387360372,-0.02311989076545879,-0.00016183923535821227,0.8491414759301348
89.45,1.2467358812198508,-1.192345589522905,2.4860535808733393,0.6271946886677799,0.7127212371224779,0.004989048659857357,-0.09769217304096456,-0.1110138330010965,-0.0007770968310076788,-0.020024972106229433,-0.022755650120715266,-0.000159289550845008,0.8491414759301359
89.5,1.2779730849360995,-1.1568487671180738,2.4863020586301734,0.6222851837822468,0.707142254298006,0.0049499957800860665,-0.09868531323582652,-0.11214240140434868,-0.0007849968098304452,-0.019699874758128413,-0.02238622131605505,-0.0001567035492123863,0.8491414759301342
89.55000000000001,1.3089635787794813,-1.121632296841505,2.4865485739221094,0.617326430160979,0.7015073070011096,0.004910551149007794,-0.0996620844237656,-0.1132523686633706,-0.000792766580643597,-0.019370211829300595,-0.022011604351477945,-0.00015408123046034658,0.8491414759301333
89.60000000000001,1.339704920869564,-1.0866989535573186,2.486793107325099,0.6123192519613013,0.6958173317742039,0.004870721322419457,-0.10062225832574477,-0.1143434753701651,-0.0008004043275911591,-0.01903598331974609,-0.021631799226984234,-0.0001514225945888906,0.8491414759301339
89.65,1.3701947108191403,-1.052051464978252,2.487035639745152,0.6072644847544901,0.6900732781300993,0.004830512946910716,-0.1015656066627278,-0.11541546211673678,-0.0008079082348171605,-0.018697189229464974,-0.021246805942573867,-0.00014872764159801812,0.8491414759301331
89.7,1.4004305903049625,-1.0176925110170958,2.48727615242288,0.6021629755257631,0.6842761085520017,0.004789932759864033,-0.10249190115567891,-0.11646806949509006,-0.0008152764864656339,-0.01835382955845707,-0.020856624498246688,-0.00014599637148772772,0.8491414759301341
89.75,1.4304102436383306,-0.983624723138264,2.487514626938032,0.5970155826743059,0.678426798493527,0.0047489875894547165,-0.10340091352556137,-0.1175010380972294,-0.0008225072666806083,-0.01800590430672238,-0.02046125489400277,-0.00014322878425802006,0.8491414759301337
89.80000000000001,1.4601313983358999,-0.9498506837092081,2.4877510452140355,0.5918231760132405,0.6725263363786816,0.004707684354650785,-0.10429241549333952,-0.11851410851515862,-0.0008295987596061146,-0.017653413474260832,-0.02006069712984192,-0.00014042487990889436,0.8491414759301348
89.85000000000001,1.4895918256902816,-0.9163729253519604,2.4879853895225366,0.586586636769656,0.6665757236018796,0.004666030065213184,-0.10516617877997557,-0.11950702134088166,-0.0008365491493861756,-0.017296357061072735,-0.019654951205764475,-0.00013758465844035243,0.8491414759301337
89.9,1.5187893413408216,-0.8831939302945271,2.4882176424879385,0.5813068575845804,0.6605759745279314,0.004624031821695545,-0.10602197510643412,-0.12047951716640305,-0.0008433566201648248,-0.016934735067157983,-0.019244017121770433,-0.00013470811985239408,0.8491414759301347
89.95,1.5477218058442765,-0.8503161297224114,2.488447787091943,0.5759847425130007,0.6545281164920448,0.0045816968154443385,-0.10685957619367933,-0.12143133658372693,-0.0008500193560860919,-0.0165685474925163,-0.018827894877859467,-0.00013179526414501753,0.8491414759301343
90.0,1.5763871252454882,-0.8177419031301378,2.488675806678089,0.5706212070238511,0.6484331897998297,0.004539032328598834,-0.10767875376267379,-0.12236222018485661,-0.0008565355412940033,-0.01619779433714799,-0.018406584474031866,-0.00012884609131822393,0.8491414759301344
90.05000000000001,1.6047832516480887,-0.7854735776726336,2.488901684956292,0.5652171780000191,0.6422922477272935,0.00449604573409108,-0.10847927953438186,-0.12327190856179807,-0.0008629033599325926,-0.01582247560105285,-0.01798008591028733,-0.00012586060137201224,0.8491414759301347
90.10000000000001,1.63290818378519,-0.7535134275168391,2.4891254060073824,0.5597735937383499,0.6361063565208503,0.004452744495645976,-0.10926092522976721,-0.12416014230655414,-0.0008691209961458817,-0.01544259128423103,-0.01754839918662618,-0.00012283879430638377,0.849141475930134
90.15,1.660759967590127,-0.7218636731930417,2.4893469542876483,0.5542914039496326,0.6298765953973084,0.004409136167781179,-0.11002346256979299,-0.1250266620111286,-0.0008751866340779037,-0.015058141386682612,-0.017111524303048437,-0.00011978067012133971,0.8491414759301343
90.2,1.6883366967671056,-0.6905264809464823,2.489566314633375,0.5487715697586124,0.6236040565438746,0.004365228395807155,-0.11076666327542316,-0.12587120826752665,-0.000881098457872691,-0.014669125908407313,-0.01666946125955379,-0.00011668622881687703,0.8491414759301328
90.25,1.7156365133619185,-0.6595039620887373,2.4897834722653784,0.5432150637039811,0.6172898451181601,0.004321028915827139,-0.11149029906762128,-0.12669352166775183,-0.0008868546516742687,-0.014275544849405306,-0.01622221005614246,-0.00011355547039299789,0.8491414759301352
90.30000000000001,1.7426576083326468,-0.6287981723492655,2.4899984127935553,0.5376228697383899,0.610935079248169,0.004276545554737205,-0.11219414166735163,-0.12749334280380886,-0.0008924533996266698,-0.013877398209676485,-0.015769770692814183,-0.00011038839484969983,0.8491414759301342
90.35000000000001,1.769398222120347,-0.5984111112268794,2.490211122221412,0.5319959832284386,0.6045408900323131,0.0042317862302262204,-0.11287796279557738,-0.12827041226770192,-0.0008978928858739174,-0.013474685989220967,-0.015312143169569296,-0.0001071850021869858,0.8491414759301327
90.4,1.7958566452197526,-0.5683447213411962,2.4904215869506117,0.5263354109546763,0.598108421539402,0.004186758950775833,-0.11354153417326143,-0.12902447065143405,-0.0009031712945600413,-0.013067408188038886,-0.014849327486407854,-0.00010394529240485587,0.849141475930133
90.45,1.8220312187499834,-0.538600887784117,2.490629793785511,0.5206421711116065,0.5916388308086415,0.004141471815660503,-0.11418462752136879,-0.12975525854701028,-0.0009082868098290789,-0.012655564806129968,-0.014381323643329502,-0.00010066926550330725,0.8491414759301334
90.5,1.8479203350252233,-0.5091814374713407,2.4908357299377,0.5149172933076828,0.5851332878496373,0.004095933014947477,-0.1148070145608623,-0.1304625165464351,-0.0009132376158250479,-0.01223915584349432,-0.013908131640334435,-9.735692148234198e-05,0.8491414759301334
90.55000000000001,1.873522438125435,-0.4800881384938265,2.491039383030543,0.5091618185653117,0.5785929756423974,0.004050150829496812,-0.1154084670127062,-0.13114598524171212,-0.0009180218966919868,-0.011818181300131741,-0.013429751477422525,-9.400826034195791e-05,0.8491414759301334
90.60000000000001,1.8988360244670548,-0.4513226994692642,2.4912407411037147,0.5033767993208553,0.5720190901373324,0.004004133630961348,-0.11598875659786359,-0.13180540522484555,-0.0009226378365739227,-0.011392641176042632,-0.012946183154593933,-9.062328208215795e-05,0.8491414759301326
90.65,1.9238596433736441,-0.4228867688935883,2.491439792617745,0.4975632994246242,0.565412840255252,0.003957889881786782,-0.11654765503729828,-0.13244051708783952,-0.0009270836196148828,-0.010962535471226886,-0.012457426671848763,-8.720198670294173e-05,0.849141475930133
90.7,1.9485918976467116,-0.39478193449238475,2.491636526458553,0.49172239414087293,0.5587754478873538,0.003911428135211488,-0.11708493405197422,-0.13305106142269796,-0.0009313574299588891,-0.010527864185684245,-0.011963482029186704,-8.374437420430737e-05,0.8491414759301338
90.75,1.9730314441362355,-0.36700972257246123,2.4918309319419927,0.48585517014782076,0.552108147895249,0.0038647570352667647,-0.11760036536285491,-0.13363677882142622,-0.0009354574517499875,-0.010088627319414924,-0.01146434922660793,-8.025044458625575e-05,0.8491414759301337
90.80000000000001,1.99717699431154,-0.33957159737325754,2.4920229988183866,0.479962725537633,0.5454121881109443,0.003817885316776624,-0.11809372069090353,-0.1341974098760272,-0.0009393818691321955,-0.00964482487241875,-0.010960028264112225,-7.67201978487861e-05,0.8491414759301333
90.85000000000001,2.0210273148318163,-0.31246896041839234,2.492212717277071,0.4740461698164286,0.5386888293368469,0.0037708218053579437,-0.1185647717570847,-0.1347326951785057,-0.0009431288662495429,-0.00919645684469597,-0.010450519141699978,-7.315363399190022e-05,0.8491414759301319
90.9,2.0445812281169733,-0.28570314986707246,2.4924000779509305,0.4681066239042754,0.5319393453457643,0.003723575417420367,-0.11901329028236109,-0.13524237532086533,-0.0009466966272460593,-0.008743523236246508,-0.009935821859371084,-6.95507530155981e-05,0.8491414759301324
90.95,2.0678376129182814,-0.25927543986558854,2.492585071920941,0.4621452201351906,0.5251650228808966,0.0036761551601663016,-0.11943904798769654,-0.1357261908951102,-0.0009500833362657774,-0.008286024047070274,-0.00941593641712537,-6.59115549198778e-05,0.8491414759301337
91.0,2.0907954048890116,-0.23318703989886228,2.492767690720708,0.45616310225715395,0.5183671616558561,0.0036285701315909966,-0.1198418165940559,-0.13618388249324567,-0.0009532871774527239,-0.007823959277167284,-0.00889086281496284,-6.223603970474025e-05,0.8491414759301347
91.05000000000001,2.1134535971552104,-0.20743909414181697,2.492947926341008,0.4501614254320856,0.5115470743546386,0.0035808295204824915,-0.12022136782240148,-0.1366151907072751,-0.0009563063349509288,-0.007357328926537406,-0.008360601052883417,-5.85242073701844e-05,0.8491414759301315
91.10000000000001,2.135811240886362,-0.18203268081096166,2.493125771234323,0.44414135623586365,0.5047060866316601,0.003532942606421646,-0.12057747339369773,-0.137019856129202,-0.0009591389929044212,-0.006886132995180929,-0.007825151130887435,-5.477605791621258e-05,0.8491414759301323
91.15,2.1578674458660965,-0.15696881151581138,2.4933012183193894,0.4381040726583188,0.49784553711172286,0.003484918759782093,-0.12090990502890771,-0.13739761935103195,-0.000961783335457229,-0.006410371483097853,-0.007284513048974841,-5.0991591342824365e-05,0.8491414759301323
91.2,2.179621381062888,-0.1322484306103569,2.493474260985727,0.43205076410322674,0.49096677739002825,0.003436767441730212,-0.12121843444899527,-0.1377482209647679,-0.0009642375467533792,-0.005930044390287925,-0.006738686807145341,-4.717080765001813e-05,0.8491414759301332
91.25,2.2010722752007448,-0.10787241454461577,2.4936448930981876,0.42598263138832115,0.48407117203218103,0.003388498204225289,-0.12150283337492417,-0.13807140156241443,-0.0009664998109369054,-0.00544515171675129,-0.0061876724053991795,-4.331370683779485e-05,0.8491414759301332
91.30000000000001,2.222219417329913,-0.08384157121601415,2.4938131090014877,0.4199008867452849,0.4771600985741864,0.003340120690019323,-0.12176287352765837,-0.13836690173597543,-0.0009685683121518341,-0.0049556934624877345,-0.005631469843736046,-3.942028890615302e-05,0.8491414759301343
91.35000000000001,2.2430621573975675,-0.06015663932095151,2.493978903524753,0.41380675381975773,0.47023494752244954,0.0032916446326571583,-0.12199832662816075,-0.13863446207745603,-0.0009704412345421965,-0.004461669627497613,-0.0050700791221564385,-3.5490553855095054e-05,0.8491414759301328
91.4,2.2635999068185013,-0.03681828770625368,2.4941422719860564,0.4077014676713265,0.4632971223537772,0.003243079856476452,-0.12220896439739602,-0.13887382317885946,-0.0009721167622520204,-0.003963080211780874,-0.00450350024066004,-3.152450168462116e-05,0.8491414759301322
91.45,2.2838321390458605,-0.013827114720621272,2.4943032101969558,0.4015862747735245,0.4563480395153682,0.0031944362766075885,-0.12239455855632696,-0.13908472563219007,-0.0009735930794253343,-0.003459925215337248,-0.003931733199246964,-2.7522132394728784e-05,0.8491414759301348
91.5,2.303758390141814,0.00881635243386002,2.494461714467037,0.39546243301385015,0.4493891284248241,0.0031457238989738,-0.1225548808259173,-0.1392669100294523,-0.0009748683702061702,-0.002952204638166941,-0.003354777997916939,-2.3483445985419346e-05,0.8491414759301292
91.55000000000001,2.323378259348228,0.031111658350259523,2.4946177816084516,0.3893312116937384,0.4424218314701537,0.003096952820291096,-0.1226897029271312,-0.13942011696264975,-0.0009759408187385544,-0.002439918480269735,-0.0027726346366702204,-1.9408442456691736e-05,0.8491414759301313
91.60000000000001,2.3426914096574394,0.05305842006526218,2.4947714089404567,0.3831938915285892,0.43544760400975985,0.003048133228068324,-0.12279879658093226,-0.1395440870237872,-0.0009768086091665152,-0.0019230667416458903,-0.0021853031155067764,-1.529712180854763e-05,0.8491414759301348
91.65,2.361697568382822,0.07465632770773634,2.4949225942939544,0.37705176464775314,0.4284679143724452,0.0029992754006071213,-0.12288193350828372,-0.13963856080486856,-0.0009774699256340838,-0.0014016494222955384,-0.001592783434426807,-1.1149484040987838e-05,0.8491414759301336
91.7,2.380396527729651,0.0959051451473273,2.4950713360160313,0.37090613459452343,0.4214842438574086,0.0029503897070018766,-0.12293888543014969,-0.13970327889789785,-0.0009779229522852914,-0.0008756665222182702,-0.0009950755934298948,-6.965529154009533e-06,0.8491414759301302
91.75,2.3987881453656805,0.11680471064281359,2.4952176329744993,0.36475831632614775,0.41449808673425614,0.0029014866071398067,-0.12296942406749362,-0.13973798189487957,-0.0009781658732641622,-0.0003451180414142934,-0.00039217959251629264,-2.7452571476141585e-06,0.8491414759301322
91.80000000000001,2.4168723449918756,0.13735493749075992,2.4953614845624355,0.3586096362138288,0.4075109502429858,0.0028525766517009054,-0.12297332114127894,-0.13974241038781768,-0.0009781968727147284,0.00018999602011656326,0.00021590456831426983,1.511331978199649e-06,0.8491414759301336
91.85000000000001,2.434649116913078,0.15755581467394678,2.4955028907027175,0.35246143204272895,0.40052435459400715,0.0028036704821580655,-0.12295034837246996,-0.13971630496871626,-0.0009780141347810177,0.0007296756623740782,0.0008291768890613987,5.804238223429488e-06,0.8491414759301317
91.9,2.4521185186088004,0.17740740750999606,2.49564185185257,0.3463150530119449,0.3935398329681155,0.0027547788307768174,-0.12290027748202949,-0.1396594062295791,-0.000977615843607061,0.0012739208853580946,0.001447637369725147,1.0133461588075575e-05,0.8491414759301307
91.95,2.4692806753038195,0.19690985829978513,2.4957783690080984,0.34017185973453823,0.3865589315165183,0.0027059125206156374,-0.12282288019092223,-0.13957145476241195,-0.0009770001833368873,0.0018227316890690333,0.0020712860103056885,1.4499002072139621e-05,0.8491414759301322
92.0,2.4861357805389206,0.21606338697603222,2.495912443708832,0.33403322423751575,0.37958320936081014,0.0026570824655256764,-0.12271792822011081,-0.13945219115921695,-0.0009761653381145245,0.0023761080735066544,0.002700122810803021,1.8900859675620924e-05,0.8491414759301311
92.05000000000001,2.5026840967415813,0.234868291751801,2.496044078042263,0.32790052996183805,0.37261423859299386,0.0026082996701509726,-0.12258519329055902,-0.1393013560119991,-0.0009751094920840012,0.0029340500386712412,0.003334147771217326,2.3339034398520722e-05,0.8491414759301301
92.10000000000001,2.5189259557967083,0.2533249497689784,2.496173274648383,0.32177517176242093,0.3656536042754744,0.002559575229928338,-0.12242444712323147,-0.1391186899127634,-0.0009738308293893488,0.003496557584562375,0.003973360891548189,2.7813526240836703e-05,0.8491414759301301
92.15,2.5348617596172294,0.27143381774684844,2.4963000367242274,0.3156585559081316,0.35870290444105557,0.0025109203310873978,-0.122235461439091,-0.1389039334535133,-0.0009723275341745986,0.004063630711180135,0.004617762171795504,3.232433520256889e-05,0.8491414759301312
92.2,2.550491980714965,0.2891954326306346,2.496424368028414,0.30955210008177797,0.3517637500929249,0.0024623462506504906,-0.12201800795910114,-0.1386568272262518,-0.0009705977905837673,0.00463526941852464,0.005267351611959828,3.6871461283718674e-05,0.8491414759301288
92.25,2.5658171627711552,0.30661041223994817,2.4965462728856798,0.30345723338013536,0.34483776520469595,0.0024138643564328684,-0.12177185840422604,-0.13837711182298473,-0.0009686397827608989,0.005211473706596009,0.005922129212040898,4.145490448428611e-05,0.8491414759301306
92.30000000000001,2.5808379212072454,0.3236794559173094,2.496665756191421,0.2973753963139191,0.337926586720359,0.0023654861070425233,-0.1214967844954295,-0.13806452783571602,-0.0009664516948500162,0.005792243575394222,0.006582094972038837,4.60746648042717e-05,0.84914147593013
92.35000000000001,2.595554943755549,0.34040334517675236,2.496782823416237,0.2913080408078053,0.331031864554322,0.0023172230518802572,-0.1211925579536749,-0.13771881585644902,-0.0009640317109951474,0.0063775790249190785,0.007247248891953377,5.0730742243674025e-05,0.849141475930132
92.4,2.609968991029984,0.3567829443522457,2.4968974806104653,0.28525663020041986,0.32415526159138486,0.002269086831139695,-0.12085895049992569,-0.13733971647718865,-0.0009613780153403268,0.0069674800551704245,0.007917590971784525,5.54231368024917e-05,0.8491414759301332
92.45,2.6240808970967615,0.372819201246316,2.4970097344087243,0.2792226392443304,0.31729845368673937,0.0022210891758071786,-0.12049573385514559,-0.13692697028993872,-0.0009584887920295776,0.007561946666148678,0.008593121211532587,6.015184848072761e-05,0.8491414759301358
92.5,2.6378915700450385,0.3885131477784461,2.497119592034449,0.2732075541060708,0.3104631296659885,0.0021732419076619324,-0.12010267974029874,-0.1364803178867034,-0.000955362225206931,0.00816097885785364,0.00927383961119723,6.491687727838079e-05,0.8491414759301338
92.55000000000001,2.65140199255767,0.4038659006337091,2.4972270613044363,0.26721287236611774,0.3036509913251299,0.0021255569392759264,-0.11967955987634786,-0.13599949985948653,-0.0009519964990164137,0.008764576630285474,0.009959746170778959,6.971822319545298e-05,0.849141475930129
92.60000000000001,2.6646132224818673,0.4188786619112008,2.497332150633378,0.2612401030189043,0.29686375343057037,0.0020780462740139934,-0.11922614598425767,-0.1354842568002935,-0.0009483897976020599,0.009372739983444,0.010650840890277291,7.455588623194064e-05,0.8491414759301308
92.65,2.6775263933999027,0.4335527197726031,2.497434869038408,0.25529076647281257,0.29010314371910045,0.002030722006033716,-0.11874220978499143,-0.13493432930112711,-0.0009445403051078943,0.00998546891732901,0.01134712376969206,7.942986638784417e-05,0.8491414759301272
92.7,2.6901427151998636,0.44788944909075085,2.4975352261436354,0.24936639455017556,0.28337090289792394,0.001983596320285476,-0.11822752299951256,-0.13434945795399236,-0.000940446205677952,0.010602763431940882,0.012048594809023691,8.434016366316623e-05,0.8491414759301303
92.75,2.702463474646244,0.46189031209799253,2.4976332321846857,0.2434685304872827,0.2766687846446384,0.001936681492512469,-0.11768185734878524,-0.133729383350893,-0.000936105683456257,0.011224623527279565,0.012755254008272226,8.928677805790555e-05,0.8491414759301334
92.80000000000001,2.714490035950755,0.47555685903493383,2.4977288980132446,0.23759872893437015,0.2699985556072355,0.0018899898892506426,-0.11710498455377301,-0.1330738460838333,-0.0009315169225868369,0.011851049203345187,0.013467101367437702,9.426970957206394e-05,0.8491414759301292
92.85000000000001,2.7262238413429105,0.4888907287987461,2.4978222351015913,0.23175855595562622,0.2633619954041185,0.001843533967828827,-0.11649667633543853,-0.13238258674481698,-0.000926678107213725,0.01248204046013728,0.01418413688651966,9.928895820563734e-05,0.8491414759301311
92.9,2.7376664116408462,0.5018936495918634,2.497913255547143,0.22594958902919837,0.25676089662408497,0.0017973262763686033,-0.11585670441474676,-0.13165534592584902,-0.0009215874214809492,0.013117597297656004,0.014906360565518207,0.00010434452395862696,0.8491414759301275
92.95,2.7488193468218878,0.5145674395703144,2.498001972076992,0.22017341704717863,0.2501970648263349,0.0017513794537843382,-0.11518484051266102,-0.13089186421893342,-0.0009162430495325409,0.013757719715901548,0.015633772404433522,0.00010943640683103517,0.8491414759301265
93.0,2.759684326593384,0.5269140074924707,2.498088398052447,0.21443164031560658,0.24367231854045987,0.0017057062297832187,-0.11448085635014453,-0.13009188221607382,-0.000910643175512524,0.014402407714873904,0.016366372403265734,0.00011456460682286023,0.8491414759301311
93.05000000000001,2.7702631109632856,0.5389353533673608,2.498172547473571,0.20872587055448447,0.23718848926645597,0.001660319424865231,-0.11374452364816133,-0.12925514050927484,-0.0009047859835649294,0.015051661294573094,0.017104160562014952,0.00011972912393410439,0.8491414759301277
93.10000000000001,2.7805575408109005,0.5506335691033,2.498254434983723,0.20305773089776383,0.23074742147472832,0.0016152319503231038,-0.11297561412767511,-0.12838137969054056,-0.0008986696578337861,0.015705480454998907,0.017847136880680535,0.00012492995816476392,0.8491414759301283
93.15,2.790569538457601,0.5620108391563338,2.4983340758740944,0.19742885589334233,0.224350972606068,0.00157045680824248,-0.1121738995096493,-0.1274703403518746,-0.0008922923824631251,0.016363865196151246,0.018595301359262753,0.00013016710951483924,0.8491414759301291
93.2,2.800301108237464,0.5730694411789234,2.4984114860882523,0.19184089150307745,0.21800101307167588,0.001526007091501754,-0.11133915151504842,-0.12652176308528285,-0.0008856523415969874,0.01702681551803051,0.01934865399776196,0.00013544057798433356,0.8491414759301285
93.25,2.8097543370680644,0.5838117466682337,2.498486682226677,0.18629549510276924,0.2116994262531412,0.0014818959837720055,-0.11047114186483424,-0.12553538848276705,-0.000878747719379374,0.017694331420636488,0.02010719479617786,0.00014075036357324479,0.849141475930122
93.30000000000001,2.818931395021062,0.5942402216148273,2.4985596815513036,0.18079433548216947,0.20544810850245934,0.0014381367595172217,-0.10956964227997157,-0.12451095713633195,-0.0008715766999543314,0.018366412903969353,0.020870923754510603,0.00014609646628157473,0.8491414759301209
93.35000000000001,2.8278345358929937,0.6043574271511208,2.4986305019900583,0.17533909284499555,0.1992489691420355,0.0013947427839942565,-0.10863442448142487,-0.12344820963798345,-0.0008641374674658882,0.01904305996802889,0.021639840872760024,0.00015147888610932042,0.8491414759301232
93.4,2.8364660977758973,0.61416602019988,2.498699162141399,0.1699314588089076,0.19310393046466437,0.0013517275132526483,-0.10766526019015736,-0.12234688657972502,-0.0008564282060580805,0.019724272612814897,0.022413946150926026,0.0001568976230564818,0.8491414759301269
93.45,2.8448285036280807,0.6236687541228046,2.4987656812788597,0.16457313640551163,0.1870149277335319,0.001309104494134727,-0.10666192112713178,-0.12120672855355921,-0.000848447099874922,0.020410050838327726,0.023193239589008756,0.00016235267712306188,0.8491414759301247
93.5,2.8529242618447483,0.6328684793690171,2.4988300793555838,0.15926584008037556,0.18098390918224058,0.0012668873642756812,-0.10562417901331221,-0.12002747615149181,-0.0008401923330604499,0.021100394644567422,0.02397772118700838,0.00016784404830905925,0.8491414759301235
93.55000000000001,2.8607559668287346,0.6417681441235568,2.498892377008865,0.15401129569300925,0.17501283601478151,0.0012250898521034752,-0.10455180556966287,-0.11880886996552632,-0.0008316620897586879,0.02179530403153402,0.024767390944924972,0.0001733717366144754,0.8491414759301305
93.60000000000001,2.8683262995612275,0.6503707949559361,2.4989525955646914,0.14881124051688532,0.1691036824055503,0.0011837257768388646,-0.10344457251714656,-0.11755065058766725,-0.000822854554113675,0.022494778999227125,0.02556224886275813,0.0001789357420393068,0.8491414759301318
93.65,2.8756380281724043,0.6586795774686346,2.49901075704228,0.14366742323942758,0.1632584354993475,0.0011428090484954367,-0.10230225157672841,-0.11625255860991886,-0.0008137679102694375,0.023198819547646844,0.026362294940507753,0.0001845360645835543,0.8491414759301292
93.7,2.8826940085121557,0.6666977369456255,2.4990668841586197,0.1385816039620002,0.15747909541135877,0.0011023536678795294,-0.10112461446937002,-0.1149143346242849,-0.0008044003423699994,0.023907425676793347,0.027167529178174266,0.00019017270424722012,0.8491414759301192
93.75,2.889497184720853,0.6744286190009637,2.499121000333007,0.13355555419992365,0.15176767522718249,0.0010623737265903028,-0.09991143291603656,-0.11353571922276995,-0.0007947500345593922,0.02462059738666671,0.027977951575757574,0.0001958456610303032,0.8491414759301239
93.80000000000001,2.8960505897999025,0.6818756702271507,2.49917312969159,0.12859105688247333,0.146126201002809,0.0010228834070196717,-0.09866247863769054,-0.11211645299737638,-0.0007848151709816408,0.025338334677266934,0.028793562133257906,0.0002015549349328051,0.8491414759301299
93.85000000000001,2.9023573461825594,0.6890424388437951,2.499223297071907,0.12368990635288735,0.14055671176464163,0.000983896982352475,-0.09737752335529778,-0.11065627654011155,-0.0007745939357807849,0.026060637548593762,0.02961436085067475,0.00020730052595472308,0.8491414759301245
93.9,2.908420666304599,0.6959325753461256,2.4992715280274234,0.11885390836833222,0.13506125950946513,0.0009454288165662404,-0.09605633878981967,-0.10915493044297743,-0.0007640845131008473,0.026787506000647093,0.030440347728007987,0.00021308243409605626,0.8491414759301232
93.95,2.9142438531749906,0.7025498331533839,2.499317848832074,0.11408488009993988,0.12964190920447444,0.0009074933644313439,-0.094698696662221,-0.10761215529797889,-0.0007532850870858581,0.027518940033427263,0.031271522765258235,0.0002189006593568082,0.849141475930125
94.0,2.9198303009465976,0.7088980692574957,2.4993622864848026,0.10938465013279572,0.1243007387872641,0.0008701051715108642,-0.09330436869346517,-0.10602769169712042,-0.0007421938418798443,0.02825493964693425,0.03210788596242533,0.00022475520173697742,0.8491414759301203
94.05000000000001,2.925183495486921,0.7149812448714886,2.4994048687141004,0.10475505846593151,0.11903983916582715,0.0008332788741607795,-0.09187312660451502,-0.10440128023240428,-0.0007308089616268335,0.028995504841168255,0.0329494373195094,0.00023064606123656556,0.8491414759301184
94.10000000000001,2.930307014948738,0.7208034260780948,2.4994456239825467,0.10019795651233016,0.11386131421855249,0.0007970291995298537,-0.09040474211633541,-0.10273266149583624,-0.0007191286304708563,0.02974063561612865,0.03379617683650977,0.00023657323785556883,0.8491414759301158
94.15,2.9352045303408154,0.726368784478173,2.499484581491347,0.09571520709893777,0.10876728079424083,0.0007613709655596847,-0.08889898694989046,-0.10102157607942208,-0.0007071510325559535,0.03049033197181564,0.034648104513426835,0.00024253673159398896,0.8491414759301051
94.2,2.9398798060986495,0.7316815978393536,2.499521771184875,0.09130868446663219,0.10375986871207697,0.0007263190809845364,-0.08735563282614241,-0.09926776457516241,-0.0006948743520261418,0.031244593908229534,0.035505220350260866,0.00024853654245182624,0.8491414759301112
94.25,2.944336700655081,0.7367462507443834,2.4995572237552106,0.08698027427025867,0.0988412207616543,0.0006918885453315951,-0.08577445146605525,-0.09747096757506417,-0.0006822967730254514,0.032003421425370195,0.03636752434701154,0.00025457267042908156,0.8491414759301189
94.30000000000001,2.9485791670110886,0.7415672352398458,2.499590970646679,0.08273187357861302,0.09401349270296533,0.0006580944489207551,-0.08415521459059265,-0.09563092567112881,-0.0006694164796979062,0.03276681452323782,0.0372350165036793,0.0002606451155257555,0.8491414759301142
94.35000000000001,2.9526112533063915,0.7461491514845089,2.4996230440603915,0.07856539087444019,0.08927885326640315,0.0006249519728648211,-0.08249769392071875,-0.09374737945536304,-0.0006562316561875443,0.03353477320183189,0.038107696820263555,0.0002667538777418449,0.8491414759301013
94.4,2.956437103390264,0.7504967083979965,2.4996534769587857,0.0744827460544348,0.08463948415275944,0.0005924763890693437,-0.08080166117739829,-0.09182006951977141,-0.0006427404866384001,0.034307297461152596,0.038985565296764356,0.0002728989570773511,0.8491414759300921
94.45,2.960060957392073,0.7546147243091547,2.4996823030701636,0.07048587042924016,0.08009758003322683,0.0005606830602325786,-0.07906688808159275,-0.08984873645635563,-0.000628941155194494,0.03508438730120011,0.039868621933181914,0.0002790803535322741,0.8491414759301315
94.5,2.9634871522921467,0.7585081276047038,2.499709556893233,0.0665767067234672,0.07565534854939134,0.0005295874398457295,-0.07729314635426598,-0.08783312085712146,-0.0006148318459998519,0.03586604272197444,0.04075686672951637,0.0002852980671066152,0.8491414759301144
94.55000000000001,2.966720122492384,0.7621819573776863,2.499735273701644,0.06275720907566046,0.0713150103132447,0.0004992050721927242,-0.07548020771638285,-0.08577296331407154,-0.0006004107431985073,0.03665226372347574,0.04165029968576787,0.0002915520978003757,0.8491414759300949
94.60000000000001,2.9697644003868993,0.7656413640759855,2.499759489548532,0.059029343038321296,0.0670787989071791,0.00046955159235026445,-0.07362784388890574,-0.08366800441921145,-0.0005856760309344825,0.03744305030570353,0.0425489208019358,0.00029784244561355174,0.8491414759301046
94.65,2.972624616932816,0.7688916101509117,2.499782241271056,0.055395085577913276,0.06294896088399066,0.00044064272618791567,-0.07173582659280014,-0.08151798476454655,-0.0005706258933518316,0.03823840246865785,0.04345273007802033,0.0003041691105461428,0.8491414759301221
94.7,2.975305502220955,0.7719380707056137,2.4998035664949394,0.05185642507483896,0.058927755766858034,0.00041249429036799496,-0.06980392754902816,-0.0793226449420789,-0.0005552585145945548,0.03903832021233904,0.04436172751402162,0.00031053209259815194,0.8491414759300981
94.75,2.977811886046484,0.7747862341437205,2.499823503639006,0.04841536132345587,0.05501745604937458,0.0003851221923456317,-0.06783191847855455,-0.0770817255438126,-0.0005395720788066894,0.03984280353674698,0.04527591310993981,0.00031693139176957913,0.8491414759300714
94.80000000000001,2.9801486984796197,0.7774417028177322,2.499842091919724,0.04507390553207726,0.05122034719553695,0.0003585424303687441,-0.0658195711023409,-0.0747949671617519,-0.0005235647701322652,0.04065185244188202,0.046195286865774995,0.000323367008060425,0.8491414759300832
94.85000000000001,2.9823209704363878,0.7799101936777026,2.4998593713557433,0.04183408032296842,0.04753872763972792,0.0003327710934781032,-0.0637666571413535,-0.07246211038790212,-0.0005072347727153191,0.04146546692774342,0.04711984878152656,0.0003298389414706876,0.8491414759300422
94.9,2.9843338342492194,0.782197538919549,2.4998753827724367,0.038697919732339776,0.043974908786744364,0.00030782436150721517,-0.06167294831655497,-0.0700828958142682,-0.0004905802706998786,0.042283646994331354,0.0480495988571947,0.00033634719200036436,0.8491414759300748
94.95,2.9861925242377643,0.7843096866337963,2.499890167806437,0.035667469210354144,0.04053121501176464,0.0002837185050823485,-0.05953821634890847,-0.06765706403285161,-0.0004735994482299623,0.04310639264164631,0.04898453709277988,0.0003428917596494604,0.8491414759301181
95.0,2.9879023772794686,0.7862527014539167,2.499903768910178,0.032744785621144835,0.03720998366038986,0.0002604698856227289,-0.05736223295937842,-0.06518435563565823,-0.00045629048944960854,0.04393370386968788,0.049924663488281756,0.0003494726444179726,0.8491414759301087
95.05000000000001,2.989468833380385,0.7880327652049488,2.499916229356435,0.029931937242769106,0.034013565048594166,0.00023809495534017687,-0.0551447698689268,-0.06266451121469058,-0.00043865157850284017,0.04476558067845654,0.050869978043700526,0.0003560898463059055,0.8491414759300318
95.10000000000001,2.9908974362457728,0.78965617755199,2.4999275932428637,0.02723100376725182,0.03094432246278256,0.000216610257239503,-0.052885598798519985,-0.06009727136195535,-0.00042068089953369123,0.04560202306795167,0.051820480759035975,0.00036274336531325334,0.8491414759300779
95.15,2.9921938338509175,0.791129356648739,2.4999379054965414,0.02464407630056731,0.02800463215972977,0.0001960324251181128,-0.05058449146912063,-0.05748237666945578,-0.00040237663668619256,0.046443031038173266,0.0527761716342878,0.0003694332014400158,0.8491414759300323
95.2,2.9933637790116547,0.7924588397859461,2.499947211878501,0.022173257362639275,0.025196883366633623,0.00017637818356641262,-0.04824121960169134,-0.05481956772919489,-0.000383736974104372,0.047288604589121846,0.053737050669456714,0.00037615935468619804,0.8491414759300979
95.25,2.9944131299552246,0.7936512840399909,2.49995555898828,0.019820660887349347,0.022523478281072817,0.00015766434796751652,-0.04585555491719613,-0.052108585133178675,-0.00036476009593225183,0.04813874372079713,0.05470311786454216,0.00038292182505179673,0.8491414759300031
95.30000000000001,2.9953478508908855,0.7947134669214254,2.4999629942684503,0.017588412222523577,0.019986832071040808,0.00013990782449730082,-0.04342726913659951,-0.049349169473408304,-0.000345444186313864,0.048993448433199416,0.055674373219544826,0.0003897206125368154,0.849141475929919
95.35000000000001,2.996174012580664,0.7956522870234459,2.4999695660091645,0.015478648129943842,0.01758937287493027,0.00012312561012451368,-0.04095613398086418,-0.04654106134189142,-0.00032578742939324385,0.049852718726328266,0.05665081673446391,0.0003965557171412486,0.8491414759299688
95.4,2.996897792909997,0.7964747646704249,2.4999753233526927,0.01349351678534139,0.015333541801518257,0.00010733479261061713,-0.038441921170954386,-0.04368400133063042,-0.00030578800931441543,0.050716554600183476,0.05763244840929946,0.00040342713886509714,0.8491414759299396
95.45,2.99752547745848,0.7971880425664384,2.4999803162979655,0.011635177778400592,0.013221792929993837,9.255255050996024e-05,-0.0358844024278331,-0.040777730031629475,-0.00028544411022140886,0.051584956054765777,0.058619268244052,0.00041033487770836507,0.8491414759298787
95.5,2.9980634600705245,0.7977993864437426,2.4999845957051057,0.009905802112761694,0.011256593309948283,7.87961531696453e-05,-0.03328334947246571,-0.03782198803689337,-0.0002647539162582604,0.05245792309007468,0.059611276238721235,0.00041727893367105034,0.849141475929774
95.55000000000001,2.9985182434260627,0.7983161857113966,2.49998821329998,0.008307572206009615,0.009440422961369915,6.60829607295683e-05,-0.030638534025813253,-0.03481651593842532,-0.0002437156115689818,0.053335455706110646,0.06060847239330759,0.0004242593067531544,0.8491414759298921
95.60000000000001,2.9988964396112903,0.7987459541037228,2.499991221678726,0.006842681889682851,0.007775774874634691,5.4430424122440055e-05,-0.02794972780884189,-0.03176105432823018,-0.0002223273802976087,0.05421755390287311,0.06161085670781035,0.0004312759969546737,0.8491414759298216
95.65,2.9992047706892913,0.7990963303287146,2.499993674312301,0.005513336409281583,0.0062651550105407685,4.3856085073780053e-05,-0.02521670254251468,-0.028655343798312825,-0.00020058740658819533,0.05510421768036204,0.06261842918222957,0.0004383290042756088,0.8491414759296204
95.7,2.9994500692707895,0.7993750787167927,2.4999956255510174,0.004321752424239296,0.0049110823002657,3.43775761018669e-05,-0.02243922994779444,-0.025499124940676073,-0.0001784938745847384,0.05599544703857796,0.06363118981656585,0.0004454183287159625,0.8491414759295054
95.75,2.9996392790848505,0.7995900898691263,2.4999971306290836,0.003270158007957839,0.003716088645401198,2.6012620517804024e-05,-0.01961708174564533,-0.022292138347324318,-0.00015604496843127678,0.05689124197752059,0.06464913861081886,0.0004525439702757335,0.8491414759294087
95.80000000000001,2.999779455549522,0.7997493813062556,2.4999982456691434,0.0023607926477845634,0.002682718917928318,1.8779032425494203e-05,-0.016750029657029136,-0.019034124610261105,-0.0001332388722718353,0.057791602497190224,0.06567227556498896,0.0004597059289549237,0.8491414759285182
95.85000000000001,2.999877766342578,0.7998610981165258,2.499999027686816,0.0015959072450129693,0.0018135309602388258,1.2694716721677224e-05,-0.013837845402913027,-0.015724824321492744,-0.00011007377025045099,0.05869652859758631,0.06670060067907531,0.0004669042047535292,0.8491414759292772
95.9,2.9999414919722245,0.7999335136047888,2.4999995345952333,0.0009777641148983754,0.0011110955851067745,7.777669095744722e-06,-0.010880300704259669,-0.012363978073022431,-8.654784651116142e-05,0.05960602027870896,0.0677341139530783,0.0004741387976715499,0.849141475927866
95.95,2.999978026347772,0.7999750299406134,2.4999998252095836,0.0005086369866486686,0.0005779965757326605,4.045976030126377e-06,-0.007877167282030884,-0.008951326456854078,-6.265928519798176e-05,0.06052007754055849,0.06877281538699831,0.00048140970770898974,0.8491414759262579
96.0,2.9999948773502916,0.7999941788071298,2.4999999592516495,0.00019081100340416338,0.00021683068568413653,1.517814799773757e-06,-0.004828216857191713,-0.005486610064990903,-3.840627045493871e-05,0.061438700383134794,0.0698167049808349,0.0004887169348658465,0.8491414759245235
96.05000000000001,2.999999667403483,0.7999996220493759,2.499999997354345,2.6582722287554024e-05,3.0207638952987447e-05,2.1145347268475393e-07,-0.0017332211507043406,-0.001969569489436761,-1.378698642606277e-05,0.06236188880643805,0.07086578273458868,0.0004960604791421229,0.8491414757226964
96.10000000000001,2.9999999330496325,0.8000846213676968,2.49999999946744,7.721365378438384e-06,0.005037827072122898,6.14199518527952e-08,-0.0005932878018156743,0.19628198339625988,-4.7193347871721585e-06,0.022734748503740645,3.714360935709234,0.00018084459037066494,1.3078407196578754
96.15,3.0,0.8005347259672291,2.5,0.0,0.017918182965911036,0.0,0.0,0.43077390151764483,0.0,0.0,5.463554944843713,0.0,1.5707963267948966
96.2,3.0,0.8020789891157968,2.5,0.0,0.04597201843770442,0.0,0.0,0.6851626269417334,0.0,0.0,4.717528095343217,0.0,1.5707963267948966
96.25,3.0,0.8053285606569283,2.5,0.0,0.0858265916768791,0.0,0.0,0.9030801133741122,0.0,0.0,4.00470538517541,0.0,1.5707963267948966
96.30000000000001,3.0,0.810828580183159,2.5,0.0,0.13569984590804104,0.0,0.0,1.0861865677814955,0.0,0.0,3.3250868143399797,0.0,1.5707963267948966
96.35000000000001,3.0,0.8190371597069548,2.5,0.0,0.1938927347040676,0.0,0.0,1.2361421971303779,0.0,0.0,2.678672382837423,0.0,1.5707963267948966
96.4,3.0,0.8303295341781408,2.5,0.0,0.25878922198621535,0.0,0.0,1.3546072083874492,0.0,0.0,2.065462090667544,0.0,1.5707963267948966
96.45,3.0,0.845002212001309,2.5,0.0,0.3288562820240504,0.0,0.0,1.4432418085193344,0.0,0.0,1.4854559378304137,0.0,1.5707963267948966
96.5,3.0,0.8632771255532409,2.5,0.0,0.40264389943548584,0.0,0.0,1.503706204492682,0.0,0.0,0.9386539243259688,0.0,1.5707963267948966
96.55000000000001,3.0,0.8853057817003324,2.5,0.0,0.47878506918679725,0.0,0.0,1.5376606032741367,0.0,0.0,0.42505605015397196,0.0,1.5707963267948966
96.60000000000001,3.0,0.9111734123159732,2.5,0.0,0.5559957965924998,0.0,0.0,1.5467652118303032,0.0,0.0,-0.055337684685197536,0.0,1.5707963267948966
96.65,3.0,0.9409031247980107,2.5,0.0,0.6330750973155168,0.0,0.0,1.532680237127828,0.0,0.0,-0.5025272801916898,0.0,1.5707963267948966
96.7,3.0,0.9744600525861359,2.5,0.0,0.708904997367073,0.0,0.0,1.4970658861333515,0.0,0.0,-0.916512736365454,0.0,1.5707963267948966
96.75,3.0,1.0117555056793162,2.5,0.0,0.7824505331067415,0.0,0.0,1.4415823658135076,0.0,0.0,-1.2972940532065382,0.0,1.5707963267948966
96.80000000000001,3.0,1.0526511211532235,2.5,0.0,0.8527597512424523,0.0,0.0,1.3678898831348925,0.0,0.0,-1.644871230715101,0.0,1.5707963267948966
96.85000000000001,3.0,1.0969630136775832,2.5,0.0,0.9189637088303826,0.0,0.0,1.2776486450641902,0.0,0.0,-1.9592442688908833,0.0,1.5707963267948966
96.9,3.0,1.1444659260336814,2.5,0.0,0.9802764732751136,0.0,0.0,1.1725188585680155,0.0,0.0,-2.2404131677339882,0.0,1.5707963267948966
96.95,3.0,1.1948973796317224,2.5,0.0,1.0359951223295305,0.0,0.0,1.0541607306130185,0.0,0.0,-2.488377927244387,0.0,1.5707963267948966
97.0,3.0,1.2479618250282747,2.5,0.0,1.085499744094864,0.0,0.0,0.924234468165824,0.0,0.0,-2.703138547422111,0.0,1.5707963267948966
97.05000000000001,3.0,1.3033347924436978,2.5,0.0,1.1282534370206891,0.0,0.0,0.7844002781929974,0.0,0.0,-2.8846950282672394,0.0,1.5707963267948966
97.10000000000001,3.0,1.3606670422794716,2.5,0.0,1.163802309904861,0.0,0.0,0.636318367661273,0.0,0.0,-3.0330473697796356,0.0,1.5707963267948966
97.15,3.0,1.4195887156357334,2.5,0.0,1.1917754818936113,0.0,0.0,0.4816489435372452,0.0,0.0,-3.148195571959354,0.0,1.5707963267948966
97.2,3.0,1.479713484828617,2.5,0.0,1.211885082481489,0.0,0.0,0.3220522127875691,0.0,0.0,-3.2301396348063864,0.0,1.5707963267948966
97.25,3.0,1.5406427039077055,2.5,0.0,1.22392625151138,0.0,0.0,0.15918838237886407,0.0,0.0,-3.2788795583207486,0.0,1.5707963267948966
97.30000000000001,3.0,1.6019695591734568,2.5,0.0,1.2277771391744992,0.0,0.0,-0.005282340722315523,0.0,0.0,-3.2944153425024423,0.0,1.5707963267948966
97.35000000000001,3.0,1.6632832196945249,2.5,0.0,1.2233989060103887,0.0,0.0,-0.16969974954921632,0.0,0.0,-3.2767469873514514,0.0,1.5707963267948966
97.4,3.0,1.7241729878253125,2.5,0.0,1.2108357229069264,0.0,0.0,-0.33240363713525006,0.0,0.0,-3.2258744928677827,0.0,1.5707963267948966
97.45,3.0,1.7842324497232975,2.5,0.0,1.1902147711003253,0.0,0.0,-0.4917337965137632,0.0,0.0,-3.141797859051449,0.0,1.5707963267948966
97.5,3.0,1.8430636258664916,2.5,0.0,1.1617462421751261,0.0,0.0,-0.6460300207181388,0.0,0.0,-3.024517085902451,0.0,1.5707963267948966
97.55000000000001,3.0,1.9002811215708615,2.5,0.0,1.1257233380641827,0.0,0.0,-0.793632102781812,0.0,0.0,-2.8740321734207126,0.0,1.5707963267948966
97.60000000000001,3.0,1.9555162775076573,2.5,0.0,1.082522271048725,0.0,0.0,-0.932879835738042,0.0,0.0,-2.6903431216063334,0.0,1.5707963267948966
97.65,3.0,2.008421320220958,2.5,0.0,1.0326022637582788,0.0,0.0,-1.0621130126202347,0.0,0.0,-2.4734499304592767,0.0,1.5707963267948966
97.7,3.0,2.058673512645001,2.5,0.0,0.9765055491707201,0.0,0.0,-1.1796714264617447,0.0,0.0,-2.223352599979577,0.0,1.5707963267948966
97.75,3.0,2.1059793046216395,2.5,0.0,0.9148573706122444,0.0,0.0,-1.2838948702959512,0.0,0.0,-1.940051130167217,0.0,1.5707963267948966
97.80000000000001,3.0,2.1500784834177615,2.5,0.0,0.8483659817573488,0.0,0.0,-1.373123137156259,0.0,0.0,-1.6235455210220433,0.0,1.5707963267948966
97.85000000000001,3.0,2.1907483242426355,2.5,0.0,0.7778226466289427,0.0,0.0,-1.4456960200759694,0.0,0.0,-1.273835772544279,0.0,1.5707963267948966
97.9,3.0,2.227807740765424,2.5,0.0,0.7041016395982036,0.0,0.0,-1.4999533120884756,0.0,0.0,-0.8909218847338363,0.0,1.5707963267948966
97.95,3.0,2.2611214356325444,2.5,0.0,0.6281602453846666,0.0,0.0,-1.5342348062271394,0.0,0.0,-0.47480385759077204,0.0,1.5707963267948966
98.0,3.0,2.290604050985107,2.5,0.0,0.5510387590561842,0.0,0.0,-1.5468802955253378,0.0,0.0,-0.02548169111505258,0.0,1.5707963267948966
98.05000000000001,3.0,2.316224318976326,2.5,0.0,0.4738604860289099,0.0,0.0,-1.5362295730164248,0.0,0.0,0.4570446146935563,0.0,1.5707963267948966
98.10000000000001,3.0,2.338009212288907,2.5,0.0,0.3978317420674185,0.0,0.0,-1.5006224317337709,0.0,0.0,0.9727750598347102,0.0,1.5707963267948966
98.15,3.0,2.356048094652516,2.5,0.0,0.3242418532845409,0.0,0.0,-1.4383986647107427,0.0,0.0,1.521709644308538,0.0,1.5707963267948966
98.2,3.0,2.370496871361161,2.5,0.0,0.25446315614146947,0.0,0.0,-1.3478980649807177,0.0,0.0,2.1038483681149662,0.0,1.5707963267948966
98.25,3.0,2.381582139790621,2.5,0.0,0.18995099744771346,0.0,0.0,-1.2274604255770634,0.0,0.0,2.71919123125405,0.0,1.5707963267948966
98.30000000000001,3.0,2.389605339915859,2.5,0.0,0.13224373436109346,0.0,0.0,-1.075425539533071,0.0,0.0,3.367738233726092,0.0,1.5707963267948966
98.35000000000001,3.0,2.394946904828429,2.5,0.0,0.0829627343878367,0.0,0.0,-0.8901331998822052,0.0,0.0,4.049489375530631,0.0,1.5707963267948966
98.4,3.0,2.3980704112539137,2.5,0.0,0.043812375382436236,0.0,0.0,-0.6699231996577943,0.0,0.0,4.76444465666785,0.0,1.5707963267948966
98.45,3.0,2.3995267300693253,2.5,0.0,0.016580045547730796,0.0,0.0,-0.4131353318932433,0.0,0.0,5.512604077137652,0.0,1.5707963267948966
98.5,3.000020477547938,2.399962964115507,2.5,0.0012166286751656252,0.005347879245626213,0.0,0.04770698395205502,-0.148397504604947,0.0,0.8970271992358578,5.385136067418955,0.0,1.3791106155229218
98.55000000000001,3.000066373269719,2.4000504774460576,2.5,0.003943422496144835,0.005085236291429959,0.0,0.15463123431160586,0.10043098512973286,0.0,2.9075076967415057,4.1479516090703665,0.0,0.9494911073395645
98.60000000000001,3.0004348134157754,2.400434813415774,2.5,0.01374721324069299,0.01374721324069299,0.0,0.302009986484527,0.302009986484527,0.0,3.3957064742892813,3.3957064742892813,0.0,0.7853981633974483
98.65,3.0015681041076325,2.401568104107631,2.5,0.03290662508813803,0.03290662508813803,0.0,0.46069072436973635,0.46069072436973635,0.0,2.9546149090491958,2.9546149090491958,0.0,0.7853981633974483
98.7,3.003848623527482,2.4038486235274807,2.5,0.05945643904311659,0.05945643904311659,0.0,0.5977806641822991,0.5977806641822991,0.0,2.5320745513828826,2.5320745513828826,0.0,0.7853981633974483
98.75,3.007619289766601,2.4076192897665996,2.5,0.09234030421146597,0.09234030421146597,0.0,0.7142073663009052,0.7142073663009052,0.0,2.1280854012903285,2.1280854012903285,0.0,0.7853981633974483
98.80000000000001,3.0131713628220327,2.4131713628220313,2.5,0.1305482477179638,0.1305482477179638,0.0,0.8108983911042541,0.8108983911042541,0.0,1.7426474587714735,1.7426474587714735,0.0,0.7853981633974483
98.85000000000001,3.020746763497529,2.4207467634975277,2.5,0.17311667470629152,0.17311667470629152,0.0,0.8887812989709802,0.8887812989709802,0.0,1.3757607238265377,1.3757607238265377,0.0,0.7853981633974483
98.9,3.030540392304502,2.4305403923045006,2.5,0.21912836833908853,0.21912836833908853,0.0,0.9487836502797952,0.9487836502797952,0.0,1.0274251964554684,1.0274251964554684,0.0,0.7853981633974483
98.95,3.0427024483629705,2.442702448362969,2.5,0.26771248979793777,0.26771248979793777,0.0,0.9918330054094073,0.9918330054094073,0.0,0.6976408766581773,0.6976408766581773,0.0,0.7853981633974483
99.0,3.057340748302505,2.4573407483025034,2.5,0.31804457828334876,0.31804457828334876,0.0,1.018856924738504,1.018856924738504,0.0,0.38640776443465563,0.38640776443465563,0.0,0.7853981633974483
99.05000000000001,3.0745230451631778,2.4745230451631763,2.5,0.3693465510147723,0.3693465510147723,0.0,1.0307829686457715,1.0307829686457715,0.0,0.09372585978485884,0.09372585978485884,0.0,0.7853981633974483
99.10000000000001,3.094279347296493,2.4942793472964917,2.5,0.4208867032305547,0.4208867032305547,0.0,1.0285386975098927,1.0285386975098927,0.0,-0.1804048372910447,-0.1804048372910447,0.0,0.7853981633974483
99.15,3.116604237266357,2.5166042372663555,2.5,0.4719797081880118,0.4719797081880118,0.0,1.0130516717095672,1.0130516717095672,0.0,-0.43598432679309806,-0.43598432679309806,0.0,0.7853981633974483
99.2,3.1414591907500204,2.541459190750019,2.5,0.521986617163401,0.521986617163401,0.0,0.9852494516234845,0.9852494516234845,0.0,-0.6730126087213668,-0.6730126087213668,0.0,0.7853981633974483
99.25,3.168774895439014,2.5687748954390126,2.5,0.5703148594519035,0.5703148594519035,0.0,0.9460595976303297,0.9460595976303297,0.0,-0.8914896830758563,-0.8914896830758563,0.0,0.7853981633974483
99.30000000000001,3.1984535699401073,2.598453569940106,2.5,0.6164182423676405,0.6164182423676405,0.0,0.89640967010878,0.89640967010878,0.0,-1.091415549856594,-1.091415549856594,0.0,0.7853981633974483
99.35000000000001,3.230371282676225,2.6303712826762236,2.5,0.6597969512436338,0.6597969512436338,0.0,0.8372272294375547,0.8372272294375547,0.0,-1.272790209063465,-1.272790209063465,0.0,0.7853981633974483
99.4,3.2643802707874356,2.6643802707874342,2.5,0.6999975494318726,0.6999975494318726,0.0,0.7694398359953433,0.7694398359953433,0.0,-1.4356136606965024,-1.4356136606965024,0.0,0.7853981633974483
99.45,3.300311259031889,2.7003112590318876,2.5,0.7366129783032848,0.7366129783032848,0.0,0.6939750501608206,0.6939750501608206,0.0,-1.579885904755749,-1.579885904755749,0.0,0.7853981633974483
99.5,3.337975778686745,2.7379757786867436,2.5,0.7692825572477232,0.7692825572477232,0.0,0.6117604323126726,0.6117604323126726,0.0,-1.7056069412412063,-1.7056069412412063,0.0,0.7853981633974483
99.55000000000001,3.3771684864491363,2.777168486449135,2.5,0.7976919836739775,0.7976919836739775,0.0,0.5237235428295711,0.5237235428295711,0.0,-1.8127767701528854,-1.8127767701528854,0.0,0.7853981633974483
99.60000000000001,3.4176694833370798,2.8176694833370783,2.5,0.8215733330097519,0.8215733330097519,0.0,0.43079194209025673,0.43079194209025673,0.0,-1.9013953914907251,-1.9013953914907251,0.0,0.7853981633974483
99.65,3.459246633590475,2.8592466335904736,2.5,0.8407050587017075,0.8407050587017075,0.0,0.3338931904734127,0.3338931904734127,0.0,-1.9714628052547467,-1.9714628052547467,0.0,0.7853981633974483
99.7,3.5016578835720362,2.9016578835720344,2.5,0.8549119922154402,0.8549119922154402,0.0,0.2339548483577063,0.2339548483577063,0.0,-2.0229790114449706,-2.0229790114449706,0.0,0.7853981633974483
99.75,3.5446535806682204,2.9446535806682186,2.5,0.8640653430354736,0.8640653430354736,0.0,0.13190447612182343,0.13190447612182343,0.0,-2.0559440100613955,-2.0559440100613955,0.0,0.7853981633974483
99.80000000000001,3.5879787921901922,2.9879787921901904,2.5,0.8680826986652657,0.8680826986652657,0.0,0.02866963414443381,0.02866963414443381,0.0,-2.070357801104016,-2.070357801104016,0.0,0.7853981633974483
99.85000000000001,3.6313756242747286,3.031375624274727,2.5,0.8669280246272063,0.8669280246272063,0.0,-0.07482211719571157,-0.07482211719571157,0.0,-2.0662203845728238,-2.0662203845728238,0.0,0.7853981633974483
99.9,3.6745855407852304,3.074585540785229,2.5,0.860611664462627,0.860611664462627,0.0,-0.17764321751993323,-0.17764321751993323,0.0,-2.043531760467828,-2.043531760467828,0.0,0.7853981633974483
99.95,3.7173516822126422,3.117351682212641,2.5,0.8491903397317909,0.8491903397317909,0.0,-0.2788661064495682,-0.2788661064495682,0.0,-2.00229192878903,-2.00229192878903,0.0,0.7853981633974483
100.0,3.759421184576387,3.1594211845763858,2.5,0.8327671500138928,0.8327671500138928,0.0,-0.3775632236059291,-0.3775632236059291,0.0,-1.9425008895364229,-1.9425008895364229,0.0,0.7853981633974483
100.05000000000001,3.800547498325328,3.2005474983253266,2.5,0.8114915729070584,0.8114915729070584,0.0,-0.4728070086103402,-0.4728070086103402,0.0,-1.8641586427099854,-1.8641586427099854,0.0,0.7853981633974483
100.10000000000001,3.8404927072386745,3.240492707238673,2.5,0.7855594640283653,0.7855594640283653,0.0,-0.5636699010840587,-0.5636699010840587,0.0,-1.7672651883097592,-1.7672651883097592,0.0,0.7853981633974483
100.15,3.8790298473269935,3.279029847326992,2.5,0.755213057013814,0.755213057013814,0.0,-0.6492243406484056,-0.6492243406484056,0.0,-1.6518205263357488,-1.6518205263357488,0.0,0.7853981633974483
100.2,3.9159452257331298,3.3159452257331283,2.5,0.7207409635183346,0.7207409635183346,0.0,-0.7285427669247122,-0.7285427669247122,0.0,-1.517824656787928,-1.517824656787928,0.0,0.7853981633974483
100.25,3.951040739633139,3.3510407396331376,2.5,0.682478173215792,0.682478173215792,0.0,-0.8006976195342919,-0.8006976195342919,0.0,-1.3652775796662882,-1.3652775796662882,0.0,0.7853981633974483
100.30000000000001,3.9841361951372485,3.384136195137247,2.5,0.6408060537989827,0.6408060537989827,0.0,-0.8647613380984615,-0.8647613380984615,0.0,-1.1941792949707914,-1.1941792949707914,0.0,0.7853981633974483
100.35000000000001,4.015071626190773,3.4150716261907714,2.5,0.5961523509796695,0.5961523509796695,0.0,-0.9198063622384945,-0.9198063622384945,0.0,-1.004529802701535,-1.004529802701535,0.0,0.7853981633974483
100.4,4.043709613475114,3.443709613475112,2.5,0.5489911884885208,0.5489911884885208,0.0,-0.9649051315757121,-0.9649051315757121,0.0,-0.796329102858508,-0.796329102858508,0.0,0.7853981633974483
100.45,4.069937603308681,3.4699376033086793,2.5,0.49984306807513534,0.49984306807513534,0.0,-0.9991300857314346,-0.9991300857314346,0.0,-0.5695771954416651,-0.5695771954416651,0.0,0.7853981633974483
100.5,4.09367022654783,3.4936702265478283,2.5,0.4492748695080529,0.4492748695080529,0.0,-1.0215536643269756,-1.0215536643269756,0.0,-0.32427408045099393,-0.32427408045099393,0.0,0.7853981633974483
100.55000000000001,4.114851617487822,3.5148516174878197,2.5,0.3978998505747414,0.3978998505747414,0.0,-1.031248306983643,-1.031248306983643,0.0,-0.06041975788643675,-0.06041975788643675,0.0,0.7853981633974483
100.60000000000001,4.1334577327637465,3.5334577327637455,2.5,0.3463776470816356,0.3463776470816356,0.0,-1.0272864533227313,-1.0272864533227313,0.0,0.22198577225185315,0.22198577225185315,0.0,0.7853981633974483
100.65,4.149498670251507,3.5494986702515057,2.5,0.2954142728540796,0.2954142728540796,0.0,-1.0087405429655625,-1.0087405429655625,0.0,0.5229425099638937,0.5229425099638937,0.0,0.7853981633974483
100.7,4.163020987968749,3.563020987968747,2.5,0.24576211973634052,0.24576211973634052,0.0,-0.9746830155334479,-0.9746830155334479,0.0,0.842450455249757,0.842450455249757,0.0,0.7853981633974483
100.75,4.1741100229757935,3.5741100229757916,2.5,0.19821995759163433,0.19821995759163433,0.0,-0.9241863106476921,-0.9241863106476921,0.0,1.1805096081094613,1.1805096081094613,0.0,0.7853981633974483
100.80000000000001,4.182892210276601,3.5828922102766,2.5,0.15363293430209835,0.15363293430209835,0.0,-0.8563228679295847,-0.8563228679295847,0.0,1.5371199685430763,1.5371199685430763,0.0,0.7853981633974483
100.85000000000001,4.1895374017197105,3.5895374017197086,2.5,0.11289257576884476,0.11289257576884476,0.0,-0.7701651270004749,-0.7701651270004749,0.0,1.9122815365503987,1.9122815365503987,0.0,0.7853981633974483
100.9,4.194261184899191,3.594261184899189,2.5,0.07693678591188446,0.07693678591188446,0.0,-0.6647855274816685,-0.6647855274816685,0.0,2.305994312131459,2.305994312131459,0.0,0.7853981633974483
100.95,4.197327202055585,3.5973272020555838,2.5,0.046749846670162645,0.046749846670162645,0.0,-0.5392565089944588,-0.5392565089944588,0.0,2.718258295286347,2.718258295286347,0.0,0.7853981633974483
101.0,4.199049468976859,3.5990494689768573,2.5,0.02336241800156169,0.02336241800156169,0.0,-0.392650511160149,-0.392650511160149,0.0,3.149073486015081,3.149073486015081,0.0,0.7853981633974483
101.05000000000001,4.19979469389934,3.599794693899338,2.5,0.007851537882906313,0.007851537882906313,0.0,-0.22403997360000338,-0.22403997360000338,0.0,3.598439884317753,3.598439884317753,0.0,0.7853981633974483
101.10000000000001,4.199981283794712,3.599974641213542,2.499999383188891,0.0025641858220547932,0.0021674082631409105,-3.684363047057476e-05,-0.08216170876073957,-0.09789088006765585,-0.001460565907070794,2.8636995205286375,2.557606572335656,-0.02842291661791961,0.5897232987036933
101.15,4.200018358784615,3.600000968568973,2.4999983851942615,0.0016369905284567992,0.000598230574275176,-9.64562814597219e-05,0.03791865720247209,-0.003260166798593589,-0.0038237479429560892,1.39281335535413,0.5914648675247851,-0.07441093101272472,0.27312318988289075
101.2,4.200165919285615,3.60003687095236,2.4999880169404833,0.005060546574129914,0.0011245659053621985,-0.00036548391924271547,0.10446777593043535,0.023215061317874427,-0.00754489492830921,1.0882506363568731,0.2418334747459708,-0.07859587929244075,0.21866894587394112
101.25,4.2005718819242075,3.600127084872047,2.4999586974165853,0.011618568435429204,0.0025819040967620345,-0.0008391188314476636,0.1573418571207308,0.03496485713794003,-0.01136357856983054,1.0269016682537835,0.22820037072306204,-0.07416512048499538,0.21866894587394106
101.30000000000001,4.201370566061882,3.6003045702359744,2.499901014673309,0.020744080788614137,0.004609795730803123,-0.001498183612511019,0.2071768484556456,0.04603929965680994,-0.014962772388463275,0.9666870421406644,0.21481934269792452,-0.06981628637682567,0.2186689458739411
101.35000000000001,4.202686570993038,3.6005970157762315,2.4998059698727255,0.032286547068396995,0.007174788237421523,-0.002331806177162002,0.25402946703464285,0.05645099267436485,-0.018346572619168625,0.9076067580175591,0.20169039067056782,-0.06554937696793474,0.21866894587394106
101.4,4.2046370400801845,3.601030453351153,2.499665102660876,0.04609826656447167,0.010244059236549218,-0.0033293192518785053,0.29795642995723487,0.06621253999049635,-0.021519075496911372,0.849660815884453,0.18881351464098872,-0.06136439225832152,0.2186689458739411
101.45,4.207331802546692,3.6016292894548214,2.499470480927184,0.06203437442150539,0.013785416538112253,-0.004480260374886495,0.3390144543229215,0.07533654540509335,-0.024484377256655407,0.7928492157413464,0.17618871460918734,-0.05726133224798604,0.2186689458739411
101.5,4.210873515269536,3.6024163367265642,2.4992146905638672,0.0799528416391361,0.017767298142030173,-0.005774371896159822,0.3772602572311939,0.08383561271804274,-0.02724657413336397,0.737171957588252,0.16381599057516646,-0.05324019693692924,0.21866894587394112
101.55000000000001,4.215357804572052,3.6034128454604564,2.498890825225352,0.09971447507199391,0.022158772238220777,-0.007201600977421774,0.41275055578157865,0.09172234572923935,-0.02980976236200287,0.6826290414251311,0.1516953425389174,-0.04930098632514829,0.21866894587394106
101.60000000000001,4.220873408016675,3.604638535114817,2.4984924760876845,0.12118291742965816,0.02692953720659059,-0.008752099592141968,0.4455420670735492,0.09900934823856608,-0.03217803817753406,0.6292204672520225,0.13982677050044887,-0.045443700412646,0.21866894587394106
101.65,4.2275023161976995,3.606111625821711,2.498013721607944,0.14422464727670042,0.032049921617044404,-0.010416224525539461,0.47569150820661427,0.10570922404591383,-0.0343554978149221,0.5769462350689133,0.12821027445975794,-0.04166833919942144,0.2186689458739411
101.7,4.235319914534019,3.6078488698964493,2.4974491172836544,0.16870897903266285,0.037490884229480485,-0.01218453737458119,0.5032555962802739,0.1118345769511715,-0.036346237509130845,0.5258063448758034,0.11684585441684467,-0.03797490268547462,0.21866894587394112
101.75,4.244395125061878,3.6098655833470845,2.4967936854121975,0.19450806297205658,0.04322401399379017,-0.014047804547981844,0.5282910483940222,0.11739801075422665,-0.03815435349512376,0.4758007966727046,0.10573351037171165,-0.03436339087080638,0.21866894587394106
101.80000000000001,4.254790548227632,3.612175677383919,2.496042904850227,0.22149688522439223,0.04922153004986473,-0.015996997266206084,0.5508545816473764,0.12241212925497202,-0.039783942007866016,0.42692959045958156,0.09487324232435106,-0.030833803755414176,0.21866894587394106
101.85000000000001,4.266562604680468,3.614791689928994,2.4951927007730776,0.24955326777411854,0.05545628172758167,-0.018023291561464094,0.5710029131398193,0.12688953625329266,-0.041239099282320224,0.3791927262364698,0.08426505027477071,-0.027386141339300545,0.21866894587394112
101.9,4.279761677065183,3.6177248171255965,2.4942394344341814,0.2785578684606841,0.06190174854681844,-0.020118068277716044,0.5887927599708568,0.13084283554907875,-0.04252392155345071,0.33259020400335737,0.07390893422296799,-0.024020403622464652,0.21866894587394112
101.95,4.294432251814916,3.62098494484776,2.4931798929244784,0.30839418097850585,0.06853204021744545,-0.022272913070669843,0.6042808392399885,0.1342846309422191,-0.04364250505622134,0.28712202376024426,0.06380489416894286,-0.02073659060490649,0.2186689458739411
102.0,4.310613060943899,3.624580680209756,2.49201127893183,0.3389485348769689,0.07532189663932609,-0.024479616407781058,0.6175238680467114,0.13722752623260198,-0.04459894602559577,0.24278818550714104,0.05395293011269775,-0.01753470228662681,0.21866894587394103
102.05000000000001,4.328337223840222,3.6285193830756057,2.4907312005004285,0.3701100955604622,0.08224668790232459,-0.02673017356825557,0.6285785634905349,0.13968412522011825,-0.045397340696538564,0.19958868924401607,0.0443530420542256,-0.014414738667623356,0.21866894587394106
102.10000000000001,4.347632389058547,3.6328071975685665,2.4893376607902162,0.40177086428830616,0.08928241428628989,-0.029016784643044295,0.6375016426709494,0.14166703170465483,-0.04604178530401295,0.15752353497090113,0.035005229993533414,-0.011376699747898384,0.2186689458739411
102.15,4.368520876112889,3.6374490835806426,2.4878290478362914,0.43382567817482537,0.0964057062610719,-0.031331854534848456,0.6443498226874584,0.14318884948610122,-0.046536376082983034,0.11659272268778548,0.025909493930618838,-0.008420585527451147,0.21866894587394106
102.2,4.3910198172693535,3.642448848282079,2.4862041243083244,0.466172210189312,0.10359382448651334,-0.03366799295811693,0.6491798206395614,0.14426218236434635,-0.04688520926841269,0.07679625239466915,0.017065833865481928,-0.00554639600628163,0.2186689458739411
102.25,4.415141299338876,3.647809177630862,2.4844620172699705,0.4987109691560254,0.11082465981244964,-0.03601801443904623,0.6520483536267581,0.14489963413927892,-0.047092381095265784,0.03813412409156123,0.008474249798124629,-0.002754131184390504,0.2186689458739411
102.30000000000001,4.440892505470006,3.6535316678822243,2.4826022079382777,0.5313452997542311,0.11807673327871751,-0.03837493831558329,0.6530121387485499,0.14511380861078824,-0.047161987798506305,0.0006063377784345896,0.00013474172854093316,-4.379106177579677e-05,0.21866894587394106
102.35000000000001,4.468275856941593,3.6596168570981322,2.4806245214431075,0.563981382518123,0.1253291961151379,-0.040731988737419934,0.6521278931044354,0.14491730957876278,-0.047098125613098035,-0.0357871065446836,-0.007952690343263038,0.002584624361560502,0.21866894587394103
102.4,4.497289154955592,3.666064256656799,2.478529116586541,0.5965282338369012,0.13256182974153302,-0.043082594665998356,0.6494523337939148,0.14432274084309155,-0.046904890774004886,-0.07104620887780248,-0.015788046417289446,0.00513111508561909,0.218668945873941
102.45,4.527925722429791,3.672872382762176,2.4763164756022933,0.6288977059547328,0.1397550457677178,-0.04542038987450841,0.6450421779164884,0.14334270620366346,-0.046586379516190754,-0.10517096922092203,-0.02337132649353818,0.0075956811103999435,0.21866894587394106
102.5,4.560174545790552,3.680038787953457,2.473987393915127,0.6610044869707523,0.1468898859934999,-0.0477392129478876,0.6389541425716573,0.14198980946036768,-0.04614668807461963,-0.13816138757403465,-0.030702530572007596,0.009978322435902513,0.21866894587394106
102.55000000000001,4.594020416765598,3.687560092614578,2.4715429699002622,0.6927661008390998,0.1539480224086882,-0.05003310728282381,0.6312449448589175,0.14027665441309217,-0.045589912684255086,-0.17001746393716327,-0.03778165865270283,0.012279039062128459,0.21866894587394106
102.60000000000001,4.629444074176686,3.695432016483708,2.4689845946427957,0.7241029073688449,0.16091175719307593,-0.05229632108774983,0.621971301877773,0.13821584486172675,-0.0449201495800613,-0.2007391983102847,-0.044608710735618645,0.014497830989076126,0.21866894587394106
102.65,4.666422345732432,3.703649410162763,2.4663139416971025,0.7549381022240621,0.1677640227164575,-0.05452330738284885,0.6111899307277223,0.13581998460615996,-0.04414149499700209,-0.23032659069340675,-0.05118368682075687,0.01663469821674605,0.218668945873941
102.7,4.704928289821024,3.712206286626895,2.46353295684626,0.7851977169237937,0.17448838153862012,-0.05670872400005168,0.5989575485082655,0.13310167744628065,-0.043258045170041316,-0.2587796410865294,-0.05750658690811744,0.01868964074513824,0.2186689458739411
102.75,4.744931337302969,3.7210958527339937,2.4606438478614527,0.81481061884205,0.18106902640934366,-0.05884743358303685,0.5853308723189058,0.13007352718197854,-0.042273896334143114,-0.2860983494896465,-0.06357741099769898,0.020662658574252243,0.21866894587394106
102.80000000000001,4.786397433303882,3.7303105407341963,2.457649074261387,0.8437085112078438,0.18749078026840893,-0.060934503587233096,0.5703666192591336,0.12674813761314024,-0.041193144724270686,-0.31228271590277695,-0.06939615908950576,0.022553751704089436,0.21866894587394106
102.85000000000001,4.829289179007145,3.739842039779366,2.4545513370717065,0.8718259331051217,0.19373909624558178,-0.06296520627981428,0.5541215064284585,0.12313811253965685,-0.040019886575388575,-0.3373327403259014,-0.0749628311835334,0.02436292013464845,0.2186689458739411
102.9,4.873565973446758,3.749681327432613,2.451353568584401,0.8991002594728329,0.1998000576606286,-0.0649350187397045,0.5366522509263766,0.11925605576141655,-0.03875821812246047,-0.36124842275902663,-0.08027742727978343,0.02609016386592972,0.218668945873941
102.95,4.919184155300027,3.7598187011777835,2.4480589221172204,0.9254717011048944,0.20566037802330892,-0.06683962285757562,0.5180155698523893,0.11511457107830815,-0.03741223560045024,-0.38402976320215265,-0.08533994737825591,0.027735482897933254,0.21866894587394098
103.0,4.966097144680316,3.7702438099289592,2.4446707617730885,0.9508833046501924,0.21130740103337514,-0.06867490533584712,0.49826818030599973,0.11072626229022157,-0.03598603524432211,-0.40567676165527455,-0.09015039147894956,0.029298877230658698,0.21866894587394103
103.05000000000001,5.014255584929857,3.7809456855399683,2.4411926521995104,0.9752809526126119,0.21672910058057948,-0.07043695768868856,0.4774667993866944,0.10610373319704278,-0.034483713289038945,-0.4261894181184069,-0.09470875958186778,0.030780346864107157,0.218668945873941
103.10000000000001,5.063607484412379,3.7919127743138623,2.437628348347995,0.9986133633509776,0.2219140807446607,-0.07212207624201494,0.45566814419398755,0.10125958759866345,-0.03290936596956569,-0.44556773259153465,-0.09901505168700732,0.032179891798277495,0.21866894587394103
103.15,5.114098358305975,3.8031329685124393,2.4339817852334575,1.0208320910791124,0.2268515757953574,-0.07372676213349136,0.432928931827374,0.09620642929497161,-0.03126708952086583,-0.4638117050746633,-0.10306926779436922,0.03349751203317011,0.21866894587394106
103.2,5.165671370395791,3.8145936378657317,2.4302570676936375,1.0418915258658081,0.2315314501924008,-0.07524772131253048,0.40930587938635477,0.09095686208585615,-0.029560980177903318,-0.4809213355677924,-0.1068714079039535,0.034733207568784986,0.21866894587394103
103.25,5.218267474866774,3.8262816610815054,2.426458460148511,1.0617488936348278,0.23594419858551624,-0.076681864540293,0.3848557039704343,0.08552348977120723,-0.0277951341756424,-0.49689662407091867,-0.1104214720157592,0.03588697840512188,0.218668945873941
103.30000000000001,5.271825558096484,3.8381834573547744,2.4225903763596985,1.0803642561649278,0.2400809458144273,-0.0780263073896891,0.3596351226790957,0.07991891615090976,-0.025973647749045724,-0.5117375705840527,-0.11371946012978904,0.03695882454218157,0.218668945873941
103.35000000000001,5.326282580447717,3.8502850178772703,2.418657369189887,1.0977005110898104,0.24393344690884566,-0.07927837024537508,0.33370085261185656,0.07415574502485663,-0.024100617133078445,-0.5254441751071839,-0.1167653722460404,0.03794874597996325,0.21866894587394103
103.4,5.381573718061381,3.862571937346974,2.4146641203622337,1.113723391898173,0.24749408708848183,-0.08043557830375685,0.3071096108682107,0.0682465801929353,-0.022180138562704017,-0.5380164376403155,-0.11955920836451416,0.03885674271846723,0.21866894587394103
103.45,5.437632504649178,3.8750294454775953,2.410615430219782,1.1284014679336833,0.2507558817630396,-0.08149566157298813,0.2799181145476578,0.06220402545503481,-0.02021630827288632,-0.5494543581834479,-0.12210096848521022,0.03968281475769345,0.218668945873941
103.5,5.494390973286359,3.887642438508079,2.406516207484875,1.141706144394979,0.25371247653221635,-0.08245655487297056,0.25218308074970575,0.05604068461104539,-0.01821322249858976,-0.5597579367365785,-0.12439065260812819,0.040426962097641794,0.21866894587394098
103.55000000000001,5.551779798204526,3.900395510712116,2.4023714590185623,1.1536116623356878,0.25635814718570726,-0.0833163978353551,0.22396122657383363,0.049769161460851516,-0.016174977474776763,-0.5689271732997147,-0.12642826073326943,0.04108918473831271,0.218668945873941
103.60000000000001,5.609728436584265,3.913272985907614,2.3981862795800257,1.1640950986643919,0.2586877997031971,-0.08407353490353933,0.19530926911956115,0.04340205980434658,-0.014105669436412676,-0.576962067872849,-0.1282137928606326,0.04166948267970574,0.21866894587394106
103.65,5.668165270348016,3.9262589489662254,2.393965841585977,1.173136366144662,0.2606969702543682,-0.0847265153326699,0.16628392548638166,0.036951983441417896,-0.012009394618460833,-0.5838626204559838,-0.1297472489902182,0.04216785592182104,0.21866894587394103
103.7,5.727017747952758,3.939337277322834,2.389715384870079,1.180718213395041,0.26238182519889663,-0.08527409318964164,0.13694191277379536,0.030431536171954363,-0.009890249255885183,-0.5896288310491197,-0.13102862912202612,0.04258430446465863,0.21866894587394087
103.75,5.786212526182759,3.9524916724850567,2.3854402064423565,1.1868262248890418,0.2637391610864525,-0.08571522735309732,0.10733994808131044,0.02385332179584656,-0.007752329583650106,-0.5942606996522548,-0.1320579332560562,0.0429188283082184,0.21866894587394098
103.80000000000001,5.84567561194239,3.9657056915427527,2.3811456502486052,1.191448820955164,0.26476640465670187,-0.08604908151342834,0.07753474850840367,0.01722994411297847,-0.005599731836717961,-0.5977582262653929,-0.13283516139230894,0.04317142745250058,0.218668945873941
103.85000000000001,5.905332504048739,3.9789627786774973,2.3768370969298136,1.194577257776869,0.265461612839303,-0.08627502417277372,0.04758303115459736,0.010574006923243794,-0.003436552250054149,-0.6001214108885305,-0.13336031353078404,0.04334210189750494,0.21866894587394095
103.9,5.965108335024503,3.992246296672111,2.3725199535815644,1.1962056273926003,0.26582347275390983,-0.08639262864502097,0.017541513119383314,0.0038981140265295852,-0.0012668870586220785,-0.6013502535216685,-0.13363338967148142,0.0434308516432316,0.2186689458739409
103.95,6.02492801289065,4.005539558420144,2.368199643513454,1.196330857695775,0.2658513017101708,-0.08640167305580589,-0.012533088497736364,-0.002785130777274841,0.0009051675026143541,-0.6014447541648076,-0.13365438981440114,0.043437676689680536,0.21866894587394084
104.0,6.084716362959189,4.018825858435374,2.3638815960085036,1.1949527124347863,0.26554504720772903,-0.08630214034251224,-0.04258405659725607,-0.009463123688279253,0.003075515198690794,-0.6004049128179472,-0.1334233139595433,0.04336257703685172,0.21866894587394095
104.05000000000001,6.144398269625972,4.032088504361326,2.359571236082569,1.1920737912129997,0.26490528693622095,-0.08609421825427205,-0.07255467407969739,-0.016123260906599508,0.005240059794644869,-0.5982307294810872,-0.13294016210690765,0.04320555268474517,0.218668945873941
104.10000000000001,6.203898818163319,4.045310848480736,2.355273974243761,1.1876995294887593,0.26393322877527864,-0.0857782993519658,-0.10238822384553867,-0.022752938632341915,0.0073947050555112194,-0.5949222041542284,-0.13220493425649457,0.04296660363336092,0.21866894587394098
104.15,6.263143436512889,4.058476319225085,2.3509951962518474,1.1818381985753816,0.2626307107945279,-0.08535498100822184,-0.1320279887952872,-0.029339553065619375,0.009535354746326366,-0.5904793368373692,-0.1312176304083038,0.04264572988269889,0.21866894587394084
104.2,6.322058037078368,4.0715684526840805,2.3467402528776735,1.1745009056411577,0.2610002012535892,-0.08482506540741679,-0.1614172518294423,-0.035870500406542695,0.011657912632126488,-0.5849021275305115,-0.12997825056233528,0.042242931432759145,0.21866894587394078
104.25,6.380569158518222,4.084570924115159,2.3425144496625734,1.165701593709358,0.25904479860207813,-0.0841895595456757,-0.19049929584849837,-0.04233317685522181,0.013758282477947217,-0.5781905762336557,-0.12848679471858962,0.04175820828354177,0.21866894587394078
104.30000000000001,6.438604107538507,4.097467579453,2.3383230366777754,1.1554570416582166,0.2567682314796026,-0.08344967523087105,-0.21921740375297472,-0.048714978611772125,0.01583236804882605,-0.5703446829467973,-0.1267432628770655,0.04119156043504645,0.21866894587394106
104.35000000000001,6.49609110068548,4.1102424668189945,2.334171198283827,1.1437868642209594,0.2541748587157674,-0.08260682908262466,-0.24751485844335114,-0.05500330187630013,0.017876073109797646,-0.561364447669942,-0.12474765503776426,0.04054298788727354,0.21866894587394084
104.4,6.552959406138497,4.122879868030775,2.330064042889998,1.1307135119857747,0.2512696693301708,-0.08166264253230575,-0.27533494282013576,-0.06118554284891883,0.019885301425898755,-0.5512498704030863,-0.1224999712006853,0.03981249064022287,0.21866894587394084
104.45,6.609139485502671,4.1353643301117025,2.3260065927136964,1.11626227139583,0.24805828253240533,-0.08061894182303204,-0.3026209397838265,-0.06724909772973896,0.021855956762165285,-0.5400009511462317,-0.12000021136582867,0.039000068693894496,0.2186689458739408
104.5,6.664563135601647,4.147680696800364,2.3220037735398815,1.1004612647492724,0.24454694772205932,-0.07947775800966962,-0.32931613223491907,-0.07318136271887071,0.023783942883633096,-0.5276176898993805,-0.11724837553319514,0.03810572204828855,0.21866894587394092
104.55000000000001,6.719163630270397,4.159814140060087,2.318060404480472,1.0833414501992062,0.2407425444887112,-0.07824132695883142,-0.3553638030739307,-0.07896973401642886,0.02566516355533957,-0.5141000866625243,-0.11424446370278256,0.037129450703404475,0.21866894587394087
104.60000000000001,6.772875862147849,4.171750191588409,2.314181187733767,1.0649366217537346,0.23665258261193997,-0.07691208934888077,-0.3807072352013438,-0.08460160782252076,0.02749552254231941,-0.49944814143567096,-0.11098847587459314,0.03607125465924292,0.21866894587394103
104.65,6.825636484469757,4.183474774326611,2.3103706983438514,1.0452834092759247,0.23228520206131525,-0.07549269066992774,-0.40528971151766496,-0.09006438033725868,0.029270923609609235,-0.4836618542188188,-0.10748041204862602,0.03493113391580357,0.21866894587394076
104.7,6.8773840528613945,4.194974233969197,2.3066333739600107,1.0244212784838127,0.22764917299640128,-0.07398598122383071,-0.42905451492339347,-0.09534544776075357,0.030987270522245133,-0.466741225011967,-0.10372027222488121,0.03370908847308654,0.2186689458739405
104.75,6.928059167130297,4.206235370473397,2.302973504596146,1.002392530950425,0.22275389576675955,-0.07239501612419715,-0.45194492831902294,-0.100432206293116,0.032640467045262855,-0.44868625381512084,-0.09970805640335971,0.03240511833109206,0.2186689458739405
104.80000000000001,6.977604613059073,4.217245469568682,2.2993952223901784,0.979242304103736,0.21760940091193992,-0.07072305529638082,-0.47390423460507036,-0.10531205213445995,0.03422641694369966,-0.42949694062826604,-0.09544376458405891,0.0310192234898192,0.21866894587394056
104.85000000000001,7.025965504198035,4.2279923342662284,2.295902491363476,0.9550185712267301,0.21222634916149422,-0.0689735634774859,-0.49487571668202096,-0.10997238148489326,0.03574102398259049,-0.40917328545141674,-0.0909273967669812,0.029551403949269008,0.21866894587394062
104.9,7.0730894236580655,4.238464316368457,2.2924990971802512,0.9297721414573432,0.20661603143496385,-0.06715021021636348,-0.5148026574503788,-0.11440059054452845,0.037180191926971896,-0.3877152882845682,-0.08615895295212586,0.028001659709440987,0.21866894587394062
104.95,7.118926565903303,4.24865034797851,2.2891886369069843,0.9035566597884949,0.20079036884188645,-0.0652568698736133,-0.5336283398106456,-0.11858407551347647,0.038539824541879986,-0.36512294912771953,-0.08113843313949279,0.026369990770335305,0.21866894587394056
105.0,7.163429878543902,4.258539973009754,2.28597450877183,0.8764286070680785,0.1947619126817938,-0.06329762162158338,-0.5512960466633138,-0.12251023259184693,0.03981582559235057,-0.34139626798087763,-0.07586583732908349,0.02465639713195232,0.21866894587394042
105.05000000000001,7.206555204128822,4.268123378695292,2.2828599019240303,0.8484472999989479,0.18854384444420905,-0.06127674944436827,-0.5677490609088987,-0.1261664579797548,0.041004098843420614,-0.3165352448440249,-0.07034116552089424,0.02286087879429072,0.21866894587394017
105.10000000000001,7.248261421938483,4.277391427097439,2.2798477861933324,0.8196748911389592,0.18214997580865636,-0.05919874213781355,-0.582930665447887,-0.12954014787730783,0.042100548060125274,-0.29053987971717865,-0.06456441771492837,0.020983435757351787,0.2186689458739405
105.15,7.288510589777611,4.286335686617244,2.276940901849396,0.7901763689009276,0.17559474864464927,-0.05706829330951124,-0.5967841431807842,-0.1326186984846182,0.04310107700750113,-0.2634101726003331,-0.058535593911184756,0.01902406802113519,0.2186689458739404
105.2,7.32726808576793,4.294948463503982,2.2741417493612057,0.7600195575526413,0.16889323501169712,-0.05489030137880169,-0.609252777008088,-0.13538950600179675,0.0440015894505842,-0.23514612349348782,-0.052254694109663685,0.01698277558564081,0.21866894587394078
105.25,7.364502750140933,4.303222833364649,2.2714525791564886,0.729275117216877,0.16206113715930467,-0.05266986957677415,-0.6202798498302965,-0.13783996662895445,0.04479798915441042,-0.20574773239665,-0.04572171831036645,0.014859558450869208,0.21866894587394026
105.30000000000001,7.400187027030645,4.311152672673474,2.268875381381121,0.6980165438713535,0.1551147875269662,-0.050412305946264196,-0.629808644547917,-0.13995747656620353,0.04548617988401637,-0.17521499930979959,-0.03893666651328872,0.012654416616818855,0.21866894587394028
105.35000000000001,7.434297106266319,4.318732690281401,2.2664118756585445,0.6663201693488129,0.14807114874417907,-0.04812312334185843,-0.6377824440614451,-0.14172943201365398,0.04606206540443786,-0.14354792423295654,-0.031899538718434664,0.010367350083491336,0.2186689458739397
105.4,7.466813065165232,4.325958458925604,2.2640635008491787,0.6342651613369356,0.14094781363042894,-0.04580803942988954,-0.6441445312713799,-0.1431432291714173,0.046521549480710876,-0.11074650716611473,-0.02461033492580298,0.007998358850886034,0.2186689458739402
105.45,7.497719010325425,4.332826446738981,2.261831404809831,0.6019335233783893,0.13376300519519685,-0.04347297668843907,-0.6488381890782217,-0.14418626423960473,0.04686053587787172,-0.07681074810927294,-0.01706905513539376,0.005547442919003011,0.21866894587394073
105.5,7.5270032194184395,4.339334048759651,2.259716434153113,0.56941009487083,0.12653557663796114,-0.04112406240733753,-0.6518067003824723,-0.14484593341832688,0.04707492836095653,-0.041740647062439164,-0.009275699347208646,0.0030146022878428853,0.2186689458739401
105.55000000000001,7.554658282982089,4.3454796184404625,2.2577191240068495,0.5367825510668465,0.119285011348187,-0.03876762868816106,-0.6529933480846334,-0.1451096329076958,0.047160630695001406,-0.0055362040255899775,-0.0012302675612423557,0.0003998369574037663,0.21866894587394
105.60000000000001,7.58068124621317,4.35126249915848,2.2558396877734936,0.5041414030740523,0.11203142290534412,-0.03641021244423712,-0.6523414150851993,-0.14496475890782176,0.04711354664504228,0.03180258100124943,0.007067240222499801,-0.002296853072312475,0.21866894587394037
105.65,7.605073750760254,4.356683055724497,2.254078006889538,0.47157999785500865,0.10479555507889053,-0.03405855540063945,-0.6497941842846732,-0.14439870761881604,0.04692957997611542,0.0702757080180888,0.015616824004019725,-0.005075467801306327,0.21866894587394142
105.7,7.627842176516388,4.361742705892529,2.252433620584928,0.4391945182272613,0.0975987818282796,-0.03171960409419094,-0.6452949385835575,-0.14339887524079023,0.04660463445325708,0.10988317702492773,0.024418483783317048,-0.007936007229577999,0.21866894587394042
105.75,7.648997783411895,4.366443951869307,2.250905715642475,0.40708398286333025,0.09046310730296127,-0.029400509873462568,-0.6387869608823502,-0.14195265797385515,0.046134613841503185,0.1506249880217557,0.03347221956039011,-0.010878471357126752,0.21866894587393962
105.80000000000001,7.668556853207102,4.370790411823799,2.2494931161572658,0.37535024629068847,0.08341116584237418,-0.027108628898771848,-0.6302135340815489,-0.14004745201812138,0.04551542190588972,0.1925011410086029,0.04277803133524489,-0.013902860183954565,0.2186689458739393
105.85000000000001,7.686540831285055,4.374786851396677,2.2481942732960802,0.3440979988918196,0.07646622197595875,-0.024851522142186912,-0.6195179410816541,-0.13767065357370092,0.044742962411453,0.23551163598544003,0.05233591910787522,-0.017009173710059416,0.21866894587393873
105.9,7.702976468444328,4.3784392152098475,2.247007255056799,0.3134347669041626,0.06965217042314606,-0.022636955387522563,-0.6066434647831688,-0.13480965884070395,0.043813139123229095,0.2796564729522766,0.062145882878283126,-0.020197411935442076,0.21866894587393837
105.95,7.717895962691722,4.381754658375937,2.2459297360278203,0.2834709124201358,0.06299353609336289,-0.020472899230343095,-0.5915333880865945,-0.13145186401924253,0.042721855806254115,0.324935651909111,0.07220792264646878,-0.023467574860102456,0.21866894587393995
106.0,7.731337101035047,4.3847415780077865,2.2449589871474696,0.25431963338713787,0.0565154740860299,-0.018367529077959896,-0.5741309938924289,-0.1275846653094286,0.04146501622556457,0.37134917285593505,0.08252203841242974,-0.0268196624840397,0.21866894587393917
106.05000000000001,7.743343401275851,4.387409644727965,2.2440918654634117,0.22609696360751513,0.05024376969055788,-0.016329225149431435,-0.5543795651011655,-0.12319545891136967,0.0400385241461954,0.4188970357927793,0.0930882301761728,-0.030253674807256267,0.21866894587393756
106.10000000000001,7.753964253802172,4.389769834178258,2.2433248038920666,0.19892177273862377,0.04420483838636053,-0.014366572475567347,-0.5322223846133131,-0.11827164102518078,0.038438283333183935,0.4675792407196131,0.10390649793769145,-0.033769611829749795,0.21866894587394056
106.15,7.76325506338129,4.391834458529172,2.2426538009780184,0.1729157662927839,0.038425725842839986,-0.012488360898923185,-0.5076027353293721,-0.11280060785097132,0.03666019755156579,0.5173957876364467,0.11497684169698776,-0.03736747355152104,0.21866894587393698
106.2,7.7712773909524815,4.393617197989436,2.2420744106534327,0.14820348563728047,0.032934107919394794,-0.010703585073803257,-0.48046390014983725,-0.10676975558885234,0.03470017056637719,0.5683466765432789,0.12629926145406142,-0.041047259972570034,0.21866894587393634
106.25,7.778099095419754,4.3951331323154985,2.241581731997463,0.12491230799438617,0.027758290665418434,-0.009021444466260973,-0.4507491619752156,-0.10016648043893676,0.032554106142654804,0.6204319074400979,0.13787375720891024,-0.044808971092895895,0.21866894587393648
106.30000000000001,7.783794475444606,4.39639877232102,2.241170398995668,0.10317244644133951,0.02292721032029604,-0.007451343354096314,-0.4184018037059943,-0.09297817860133158,0.030217908045433013,0.6736514803269411,0.14970032896154176,-0.04865260691250115,0.21866894587392655
106.35000000000001,7.78844441123878,4.397432091386393,2.2408345702994223,0.08311694991035479,0.018470433313411166,-0.0060028908268586955,-0.38336510824268427,-0.08519224627615184,0.027687480039749524,0.7280053952037713,0.1617789767119484,-0.05257816743138334,0.21866894587393065
106.4,7.7921365063569885,4.398252556968218,2.240567918985329,0.0648817031886262,0.014418156264138397,-0.004685900785844979,-0.3455823584857784,-0.07679607966350632,0.024958725890639945,0.783493652070601,0.17410970046013283,-0.056585652649543315,0.2186689458739308
106.45,7.794965229489688,4.398881162108816,2.2403636223146344,0.0486054269183235,0.010801205981849131,-0.003510391944101131,-0.30499683733578714,-0.06777707496350846,0.02202754936314039,0.84011625092743,0.18669250020609485,-0.0606750625669809,0.21866894587393151
106.5,7.797032056255825,4.399340456945734,2.2402143514926363,0.034429677596596514,0.007651039465909679,-0.002486587826420625,-0.2615518276932165,-0.05812262837626976,0.01888985422228808,0.8978731917742447,0.1995273759498314,-0.06484639718369528,0.21866894587392322
106.55000000000001,7.798445610995557,4.399654580221232,2.2401122614281,0.022498847575537217,0.0049997439056741234,-0.0016249167693440144,-0.2151906124585279,-0.04782013610189525,0.015541544233116138,0.9567644746110855,0.21261432769135155,-0.0690996564996894,0.21866894587390617
106.60000000000001,7.799321808563027,4.399849290791782,2.240048980492671,0.012960165062267385,0.002880036680502616,-0.0009360119211635115,-0.1658564745322624,-0.03685699434050265,0.011978523160663751,1.0167900994379127,0.22595335543064637,-0.07343484051496028,0.21866894587384297
106.65,7.7997839961191335,4.399951999137581,2.2400156002802856,0.005963694118830346,0.0013252653597393166,-0.0004307112419153601,-0.11349269681490573,-0.02522059929220124,0.008196694769965662,1.0779500662547399,0.239544459167719,-0.07785194922950889,0.21866894587381816
106.7,7.799963094924223,4.399991798872045,2.240002665366585,0.0016623346622874485,0.000369407702728963,-0.00012005750338699606,-0.05804256220695907,-0.012898347157101689,0.004191962826058271,1.1402443750615654,0.2533876389025692,-0.08235098264333518,0.21866894587252284
106.75,7.799992932161147,4.399998758442359,2.240000542384025,0.000575185074438362,0.00014754285852534683,-3.962738773464264e-05,-0.025308996146576546,-0.004836897766851591,0.0019042636120439058,0.6501829520587364,0.16013356867902404,-0.045439333299624754,0.4599115892447037
106.80000000000001,7.800001060287677,4.4000009871643835,2.239999996343836,6.223611493154406e-05,5.794396907419622e-05,-2.1460729286739349e-07,0.0024580357485382677,0.002288516041742526,-8.475985339787137e-06,0.04859331334265359,0.04524205035350509,-0.00016756314945742633,0.7496990507181246
106.85000000000001,7.800008253835549,4.400007684605506,2.2399999715384986,0.00024562653623321054,0.00022868677511367892,-8.469880559765887e-07,0.0048725262056063595,0.004536489915564543,-1.6801814502090906e-05,0.04798672559200799,0.04467729624083505,-0.0001654714675586484,0.7496990507181246
106.9,7.800027622393458,4.4000257174008,2.2399999047503676,0.0005489842973297005,0.000511123311306963,-1.8930493011369001e-06,0.007256750372932179,0.006756284829971343,-2.5023277148042018e-05,0.04738266175298938,0.044114891976921165,-0.0001633884888034118,0.7496990507181247
106.95,7.800065126548113,4.400060635062031,2.239999775425696,0.0009707992386236719,0.0009038475669944535,-3.3475835814609405e-06,0.009610834446098403,0.008948018277401966,-3.314080843482211e-05,0.04678112182559743,0.04355483756176314,-0.00016131421319171541,0.7496990507181246
107.0,7.800126651535988,4.400117916947294,2.239999563270566,0.0015095675102965586,0.0014054594061381758,-5.205405207919172e-06,0.011934904620685702,0.011111807750293589,-4.11548435196059e-05,0.0461821058098323,0.04299713299536112,-0.00015924864072355976,0.7496990507181246
107.05000000000001,7.80021800755881,4.400202972554749,2.2399992482497972,0.0021637915723091675,0.0020145645673223297,-7.461350249341964e-06,0.014229087092276058,0.013247770741084615,-4.906581755957265e-05,0.04558561370569382,0.04244177827771496,-0.00015719177139894433,0.7496990507181247
107.10000000000001,7.800344930099048,4.40032114181635,2.239998810585866,0.0029319801944007453,0.0027297746637524193,-1.0110276532416372e-05,0.016493508056449512,0.015356024742211623,-5.687416571189492e-05,0.044991645513182334,0.04188877340882496,-0.00015514360521787026,0.7496990507181246
107.15,7.800513080235405,4.400477695391578,2.239998230757809,0.003812648456089922,0.0035497071832561364,-1.3147063641689398e-05,0.018728293708787445,0.017436687246112453,-6.458032313374986e-05,0.04440020123229784,0.04133811838869112,-0.0001531041421803375,0.7496990507181246
107.2,7.8007280449583,4.400677834961171,2.2399974895001433,0.004804317746675015,0.004472985488283636,-1.6566612919569028e-05,0.020933570244872447,0.019489875745226082,-7.218472498231885e-05,0.043811280863040016,0.040789813217313134,-0.000151073382286345,0.7496990507181246
107.25,7.800995337485366,4.400926693520853,2.2399965678017746,0.005905515765232628,0.005498238815906244,-2.036384746631943e-05,0.02310946386028523,0.021515707731989703,-7.96878064147767e-05,0.04322488440540901,0.04024385789469116,-0.00014905132553589325,0.7496990507181247
107.30000000000001,7.801320397576932,4.40122933567507,2.2399954469049073,0.007114776520619064,0.006624102277817753,-2.4533712140065756e-05,0.02525610075060773,0.02351430069884169,-8.709000258830259e-05,0.04264101185940465,0.03970025242082504,-0.0001470379719289817,0.7496990507181246
107.35000000000001,7.801708591851515,4.401590757930715,2.2399941083039607,0.008430640331468585,0.007849216860332827,-2.9071173556788258e-05,0.027373607111420083,0.02548577213821871,-9.439174866006932e-05,0.04205966322502729,0.039158996795715086,-0.00014503332146561146,0.7496990507181247
107.4,7.802165214101305,4.4020158889908645,2.2399925337444784,0.00985165382619517,0.009172229424388612,-3.39712200903282e-05,0.029462109138303653,0.02743023954255859,-0.00010159347978725406,0.041480838502276914,0.03862009101936129,-0.0001430373741457826,0.7496990507181246
107.45,7.8026954856076625,4.402509590048507,2.2399907052220422,0.01137636994299277,0.010591792705544997,-3.9228861872388885e-05,0.03152173302684096,0.029347820404300222,-0.0001086956311270379,0.04090453769115321,0.038083535091763356,-0.00014105012996949392,0.7496990507181245
107.5,7.803304555456599,4.403076655080277,2.2399886049811846,0.013003347929833174,0.012106565313982616,-4.483913079252822e-05,0.033552604972612754,0.031238632215880854,-0.0001156986378365958,0.04033076079165632,0.03754932901292142,-0.00013907158893674605,0.7496990507181246
107.55000000000001,7.80399750085427,4.403721811140178,2.2399862155142958,0.014731153344468161,0.013715211734504846,-5.079708049816611e-05,0.035554851171200934,0.03310279246973882,-0.00012260293507310676,0.03975950780378609,0.03701747278283535,-0.00013710175104753838,0.7496990507181246
107.60000000000001,7.804779327442462,4.404449718653322,2.2399835195605435,0.016558358054427045,0.015416402326535529,-5.709778639457606e-05,0.03752859781818572,0.03494041865831085,-0.00012940895799374392,0.03919077872754285,0.03648796640150544,-0.00013514061630187201,0.7496990507181245
107.65,7.805654969614085,4.405264971709659,2.2399805001047794,0.018483540237019133,0.017208813324121268,-6.37363456448936e-05,0.03947397110914845,0.036751628274034796,-0.00013611714175568445,0.038624573562926603,0.03596080986893169,-0.00013318818469974702,0.7496990507181246
107.7,7.8066292908286545,4.4061720983577075,2.2399771403764532,0.020505284379334004,0.01909112683593167,-7.070787717011732e-05,0.041391097239671604,0.038536538809349444,-0.00014272792151610912,0.03806089230993701,0.03543600318511379,-0.0001312444562411622,0.7496990507181246
107.75,7.807707083927789,4.407175560898281,2.2399734238485247,0.022622181278238642,0.02106203084525668,-7.800752164909885e-05,0.04328010240533594,0.0402952677566921,-0.000149241732432193,0.03749973496857424,0.0349135463500519,-0.00012930943092611817,0.7496990507181246
107.80000000000001,7.808893071450694,4.408279756178226,2.2399693342363776,0.024832828040380294,0.023120219210009254,-8.563044151855282e-05,0.045141112801723324,0.04202793260850105,-0.00015565900966111506,0.03694110153883814,0.03439343936374588,-0.0001273831087546144,0.7496990507181247
107.85000000000001,7.810191905949649,4.4094890158841515,2.239964855496726,0.027135828082183334,0.02526439166272243,-9.357182097304606e-05,0.04697425462441406,0.04373465085721312,-0.0001619801883600486,0.03638499202072903,0.03387568222619601,-0.00012546548972665192,0.7496990507181247
107.9,7.8116081703055045,4.410807606836153,2.239959971826533,0.02952979112985242,0.027493253810552266,-0.00010182686596500844,0.04877965406898951,0.04541553999526612,-0.00016820570368617088,0.03583140641424689,0.033360274937402304,-0.00012355657384223077,0.7496990507181246
107.95,7.81314637804316,4.412239731281557,2.23995466766192,0.032013333219372726,0.02980551713527807,-0.00011039080420473363,0.050557437331032025,0.04707071751509881,-0.0001743359907966623,0.03528034471939142,0.03284721749736444,-0.00012165636110134982,0.7496990507181246
108.0,7.814810973647063,4.413789527188639,2.239948927677079,0.03458507669650641,0.03219989899329909,-0.00011925888516036706,0.05230773060612243,0.048700300909148495,-0.00018037148484869816,0.034731806936162776,0.032336509906082604,-0.00011976485150400966,0.7496990507181247
108.05000000000001,7.816606332876692,4.415461068540363,2.2399427367831835,0.03724365021679623,0.034675122615637884,-0.0001284263800579181,0.05403066008984256,0.050304407669853446,-0.00018631262099945726,0.0341857930645608,0.031828152163556625,-0.00011788204505020976,0.7496990507181246
108.10000000000001,7.8185367630820455,4.417258365628107,2.239936080127303,0.039987688745561606,0.03722991710793668,-0.00013788858188124704,0.055726351977772766,0.05188315528965055,-0.00019215983440611317,0.033642303104585804,0.03132214426978681,-0.00011600794173995117,0.7496990507181246
108.15,7.8206065035191346,4.419185365345396,2.2399289430913134,0.04281583355790255,0.039863017450461016,-0.00014764080537207785,0.057394932465494444,0.053436661260977625,-0.00019791356022584312,0.03310133705623779,0.03081848622477313,-0.00011414254157323384,0.7496990507181247
108.2,7.822819725665471,4.42124595148164,2.239921311290809,0.0457267322386998,0.04257316449809984,-0.00015767838702999946,0.05903652774858987,0.05496504307627335,-0.00020357423361582727,0.03256289491951644,0.030317178028515326,-0.00011228584455005677,0.7496990507181246
108.25,7.825180533535551,4.423443945015852,2.239913170574016,0.048719038682610766,0.04535910498036177,-0.00016799668511245107,0.06065126402263987,0.05646841822797509,-0.00020914228973324109,0.03202697669442192,0.029818219681013527,-0.00011043785067042051,0.7496990507181246
108.30000000000001,7.827692963996353,4.4257831044103915,2.239904507020702,0.05179141309407362,0.04821959150137891,-0.0001785910796347368,0.06223926748322628,0.05794690420852105,-0.00021461816373526322,0.031493582380954066,0.0293216111822676,-0.00010859855993432447,0.7496990507181246
108.35000000000001,7.830360987082816,4.428267125904686,2.239895306941094,0.0549425219873029,0.05115338253990273,-0.00018945697237001015,0.06380066432592951,0.059400618510348197,-0.00022000229077906745,0.030962711979113197,0.028827352532277823,-0.00010676797234176973,0.7496990507181246
108.4,7.8331885063133395,4.430899643808967,2.239885556874782,0.05817103818629394,0.054159242449308184,-0.00020058978684928965,0.06533558074633095,0.06082967862589437,-0.00022529510602183108,0.03043436548889929,0.028335443731044192,-0.00010494608789275629,0.7496990507181247
108.45,7.836179359005265,4.433684230798001,2.2398752435896374,0.061475640824823076,0.057235941457593933,-0.0002119849683614591,0.06684414294001279,0.06223420204759816,-0.00023049704462073395,0.029908542910312072,0.02784588477856643,-0.00010313290658728308,0.7496990507181246
108.5,7.839337316590368,4.4366243982048195,2.2398643540807233,0.0648550153464429,0.06038225566737791,-0.00022363798395325156,0.06832647710255593,0.06361430626789695,-0.00023560854173295168,0.029385244243351667,0.027358675674844676,-0.00010132842842535067,0.7496990507181247
108.55000000000001,7.842666084930346,4.439723596314455,2.239852875569206,0.06830785350448705,0.06359696705590177,-0.00023554432242926587,0.06978270942954214,0.06497010877922894,-0.00024063003251566277,0.028864469488017946,0.026873816419878797,-9.953265340695853e-05,0.7496990507181247
108.60000000000001,7.846169304632304,4.442985214657657,2.2398407955012685,0.07183285336206517,0.06687886347502624,-0.00024769949435194907,0.07121296611655192,0.06630172707403115,-0.0002455619521260413,0.028346218644311194,0.02639130701366906,-9.774558153210766e-05,0.7496990507181247
108.65,7.849850551364253,4.446412582304644,2.23982810154702,0.07542871929206796,0.07022673865123572,-0.00026009903204161385,0.07261737335916664,0.06760927864474141,-0.0002504047357212646,0.02783049171223141,0.025911147456215474,-9.596721280079806e-05,0.7496990507181246
108.7,7.853713336170589,4.450008968158819,2.2398147815994114,0.07909416197716727,0.07363939218563853,-0.0002727384895764391,0.07399605735296846,0.06889288098379825,-0.00025515881845851213,0.027317288691778307,0.025433337747517753,-9.419754721302873e-05,0.7496990507181246
108.75,7.85776110578759,4.45377758125051,2.239800823773147,0.08282789840981092,0.07711562955396194,-0.0002856134427924517,0.07534914429353826,0.0701526515836391,-0.0002598246354949597,0.02680660958295203,0.024957877887576047,-9.243658476880018e-05,0.7496990507181246
108.80000000000001,7.861997242958896,4.457721571030691,2.23978621640359,0.08662865189222804,0.0806542621065572,-0.0002987194892835452,0.07667676037645782,0.07138870793670214,-0.0002644026219877858,0.026298454385752425,0.02448476787639021,-9.06843254681119e-05,0.7496990507181247
108.85000000000001,7.866425066751005,4.461844027664722,2.2397709480456864,0.09049515203642329,0.08425410706839416,-0.00031205224840145994,0.07797903179730765,0.07260116753542444,-0.0002688932130941646,0.0257928231001798,0.024014007713960527,-8.89407693109649e-05,0.7496990507181247
108.9,7.871047832868758,4.466147982326079,2.2397550074728665,0.09442613476418284,0.08791398753906682,-0.0003256073612558031,0.0792560847516692,0.07379014787224378,-0.00027329684397127337,0.025289715726234136,0.02354559740028698,-8.720591629735917e-05,0.7496990507181246
108.95,7.875868733970835,4.470636407490082,2.239738383675963,0.098420342307074,0.09163273249279308,-0.00033938049071404857,0.0805080454351245,0.07495576643959871,-0.0002776139497762916,0.024789132263915156,0.0230795369353693,-8.547976642729371e-05,0.7496990507181246
109.0,7.880890899985234,4.475312217227627,2.23972106586212,0.10247652320643985,0.09540917677840959,-0.00035336732140151705,0.0817350400432545,0.07609814072992664,-0.00028184496566639505,0.024291072713223,0.02261582631920764,-8.376231970076905e-05,0.7496990507181247
109.05000000000001,7.886117398424768,4.480178267498917,2.2397030434537077,0.10659343231340491,0.09924216111937706,-0.0003675635597013965,0.08293719477164091,0.07721738823566572,-0.000285990326798762,0.023795537074157522,0.022154465551801852,-8.205357611778463e-05,0.7496990507181247
109.10000000000001,7.891551234702545,4.485237356447192,2.239684306087233,0.11076983078886908,0.10313053211377474,-0.0003819649337547213,0.08411463581586437,0.0783136264492531,-0.0002900504683305671,0.023302525346719016,0.021695454633152207,-8.035353567834152e-05,0.7496990507181247
109.15,7.897195352447468,4.490492224692464,2.23966484361225,0.11500448610351378,0.10707314223430602,-0.0003965671934603927,0.08526748937150627,0.07938697286312658,-0.00029402582541898745,0.022812037530907468,0.0212387935632587,-7.866219838243961e-05,0.7496990507181247
109.2,7.903052633819718,4.495945555625249,2.239644646090277,0.11929617203780185,0.11106884982829834,-0.00041136611047517917,0.08639588163414859,0.08043754496972458,-0.00029791683322120217,0.02232407362672261,0.02078448234212107,-7.697956423007803e-05,0.7496990507181246
109.25,7.909125899826241,4.501599975700288,2.239623703793703,0.12364366868197163,0.1151165191176978,-0.00042635747821369573,0.0874999387993723,0.08146546026148463,-0.0003017239268943876,0.021838633634164575,0.020332520969739455,-7.530563322125722e-05,0.7496990507181247
109.30000000000001,7.9154179106362434,4.50745805473029,2.239602007204703,0.12804576243604307,0.11921502019907465,-0.0004415371118484247,0.08857978706275911,0.08247083623084475,-0.0003054475415957214,0.021355717553233223,0.019882909446113713,-7.364040535597671e-05,0.7496990507181246
109.35000000000001,7.921931365896669,4.513522306179652,2.23957954701415,0.1325012460098112,0.12336322904361739,-0.00045690084830969424,0.08963555261988972,0.08345379037024221,-0.00030908811248237856,0.020875325383928844,0.019435647771244114,-7.198388063423745e-05,0.7496990507181246
109.4,7.928668905047704,4.519795187458203,2.2395563141205255,0.13700891842285284,0.12756002749713893,-0.0004724445462856998,0.09066736166634552,0.08441444017211484,-0.0003126460747115365,0.02039745712625141,0.018990735945130646,-7.033605905603942e-05,0.7496990507181246
109.45,7.935633107638258,4.526279100214924,2.239532299628834,0.14156758500452626,0.13180430328007625,-0.0004881640862225048,0.09167534039770833,0.08535290312890094,-0.0003161218634403739,0.019922112780200677,0.01854817396777306,-6.869694062138171e-05,0.7496990507181247
109.5,7.942826493641447,4.532976390631687,2.239507494849512,0.1461760573939651,0.13609494998748484,-0.0005040553703240182,0.09265961500955935,0.08626929673303807,-0.00031951591382606693,0.01944929234577676,0.018107961839171488,-6.706652533026476e-05,0.7496990507181246
109.55000000000001,7.9502515237700955,4.53988934971698,2.2394818912973444,0.15083315354008472,0.14043086708904445,-0.0005201143225520167,0.09362031169748006,0.08716373847696428,-0.00032282866102579367,0.018978995822979537,0.0176700995593258,-6.544481318268813e-05,0.7496990507181245
109.60000000000001,7.95791059979221,4.547020213599637,2.239455480690372,0.1555376977015753,0.14481095992905293,-0.0005363368886261221,0.09455755665705134,0.08803634585311684,-0.0003260605401967291,0.018511223211809272,0.017234587128236244,-6.383180417865274e-05,0.7496990507181246
109.65,7.9658060648464755,4.554371163822577,2.239428254948805,0.16028852044690903,0.14923413972643262,-0.0005527190360238247,0.09547147608385455,0.08888723635393359,-0.0003292119864960503,0.018045974512265965,0.016801424545902815,-6.222749831815856e-05,0.7496990507181246
109.7,7.973940203757761,4.56194432763653,2.2394002061939395,0.16508445865433963,0.1536993235747301,-0.000569256753980482,0.09636219617347146,0.08971652747185282,-0.00033228343508093634,0.017583249724349354,0.016370611812325277,-6.063189560120471e-05,0.7496990507181247
109.75,7.9823152433525735,4.56974177829377,2.2393713267470603,0.16992435551189605,0.1582054344421102,-0.0005859460534892974,0.09722984312148325,0.09052433669931205,-0.0003352753211085632,0.017123048848059555,0.015942148927503744,-5.904499602779164e-05,0.7496990507181246
109.80000000000001,7.990933352774579,4.577765535341845,2.2393416091283638,0.174807060517389,0.16275140117136225,-0.0006027829673013417,0.09807454312347143,0.09131078152874934,-0.00033818807973610873,0.016665371883396462,0.015516035891438107,-5.7466799597918884e-05,0.7496990507181246
109.85000000000001,7.999796643800067,4.5860175649173,2.239311046055862,0.1797314294784039,0.1673361584798934,-0.0006197635499255312,0.09889642237501689,0.092075979452602,-0.0003410221461207482,0.016210218830360317,0.01509227270412859,-5.5897306311587366e-05,0.7496990507181246
109.9,8.00890717115346,4.594499780039423,2.239279630444299,0.18469632451230825,0.17195864695973537,-0.0006368838776286495,0.09969560707170104,0.09282004796330792,-0.00034377795541965894,0.015757589688951128,0.014670859365575203,-5.433651616879704e-05,0.7496990507181247
109.95,8.018266932822792,4.603214040903973,2.2392473554040597,0.18970061404625127,0.17661781307754437,-0.0006541400484353498,0.10047222340910557,0.09354310455330525,-0.0003464559427900195,0.01530748445916863,0.01425179587577771,-5.278442916954706e-05,0.7496990507181246
110.0,8.027877870375196,4.612162155176901,2.239214214240086,0.19474317281715708,0.18131260917459463,-0.0006715281821281286,0.10122639758281167,0.09424526671503163,-0.00034905654338900603,0.014859903141012964,0.013835082234736229,-5.124104531383786e-05,0.7496990507181246
110.05000000000001,8.037741869272402,4.621345878288091,2.239180200450785,0.19982288187173192,0.18604199346678502,-0.0006890444202473522,0.10195825578840086,0.09492665194092499,-0.0003515801923737964,0.014414845734483985,0.013420718442450632,-4.9706364601668974e-05,0.7496990507181247
110.10000000000001,8.047860759186204,4.63076691372508,2.239145307726944,0.2049386285664564,0.19080493004463192,-0.0007066849260912295,0.10266792422145406,0.09558737772342281,-0.000354027324901566,0.013972312239581971,0.013008704498921166,-4.818038703304132e-05,0.7496990507181246
110.15,8.058236314313977,4.6404269133268015,2.2391095299506416,0.2100893065675933,0.19560038887327666,-0.0007244458847158396,0.10335552907755266,0.09622756155496288,-0.00035639837612949215,0.013532302656306896,0.01259904040414782,-4.6663112607954845e-05,0.7496990507181246
110.2,8.068870253694163,4.650327477577316,2.239072861194158,0.21527381585118732,0.20042734579248486,-0.0007423235029351293,0.10402119655227832,0.09684732092798334,-0.00035869378121475314,0.013094816984658522,0.012191726158130365,-4.5154541326408735e-05,0.7496990507181246
110.25,8.079764241521726,4.660470155899534,2.2390352957188906,0.22049106270305788,0.20528478251664026,-0.0007603140093208901,0.10466505284121227,0.09744677333492185,-0.00036091397531452536,0.012659855224636972,0.011786761760868927,-4.3654673188403404e-05,0.7496990507181248
110.30000000000001,8.090919887463695,4.670856446948953,2.238996827974263,0.2257399597188066,0.2101716866347511,-0.0007784136542027818,0.10528722413993596,0.09802603626821632,-0.0003630593935859865,0.012227417376242127,0.011384147212363378,-4.216350819393843e-05,0.7496990507181247
110.35000000000001,8.102338746974594,4.6814877989073755,2.23895745259664,0.2310194258038092,0.21508705161044314,-0.0007966187096683081,0.10588783664403044,0.09858522722030429,-0.0003651304711863122,0.011797503439474232,0.010983882512613959,-4.068104634301465e-05,0.7496990507181246
110.4,8.114022321611975,4.692365609776661,2.238917164408235,0.236328386173224,0.2200298767819673,-0.000814925469562842,0.10646701654907703,0.09912446368362351,-0.00036712764327267967,0.011370113414333272,0.010585967661620654,-3.920728763563203e-05,0.7496990507181247
110.45,8.125972059351897,4.70349122767245,2.238875958416028,0.24166577235199097,0.22499916736219863,-0.0008333302494896246,0.10702489005065738,0.09964386315061215,-0.00036905134500226717,0.010945247300819024,0.01019040265938325,-3.774223207178978e-05,0.7496990507181247
110.5,8.138189354904402,4.714865951117887,2.2388338298106745,0.24703052217482488,0.22999393443863023,-0.0008518293868097418,0.1075615833443527,0.10014354311370777,-0.00037090201153225106,0.010522905098931596,0.009797187505901854,-3.628587965148832e-05,0.7496990507181247
110.55000000000001,8.150675550029021,4.7264910293373585,2.2387907739654174,0.2524215797862227,0.23501319497337989,-0.0008704192406421479,0.10807722262574446,0.10062362106534839,-0.0003726800780198089,0.010103086808670874,0.009406322201176355,-3.4838230374727196e-05,0.7496990507181246
110.60000000000001,8.163431933850235,4.738367662550215,2.2387467864349992,0.2578378956404555,0.24005597180318286,-0.0008890961918636407,0.1085719340904137,0.10108421449797148,-0.00037438597962211664,0.009685792430037097,0.009017806745206972,-3.3399284241507294e-05,0.7496990507181247
110.65,8.176459743173004,4.750497002264517,2.238701862954576,0.26327842650157685,0.2451212936393993,-0.0009078566431088865,0.10904584393394184,0.1015254409040149,-0.0003760201514963515,0.00927102196303026,0.008631641137993707,-3.1969041251828523e-05,0.7496990507181247
110.7,8.189760162798231,4.762880151570761,2.238655999438627,0.2687421354434222,0.2502081950680139,-0.0009266970187704223,0.10949907835191039,0.10194741777591665,-0.0003775830287996914,0.008858775407650137,0.00824782537953635,-3.0547501405690145e-05,0.7496990507181246
110.75,8.203334325838247,4.775518165435604,2.2386091919798687,0.27422799184960156,0.2553157165496292,-0.0009456137649986268,0.10993176353990063,0.10235026260611446,-0.00037907504668931283,0.008449052763896828,0.007866359469834999,-2.9134664703092555e-05,0.7496990507181246
110.80000000000001,8.21718331403232,4.788412050995601,2.2385614368481646,0.27973497141350717,0.2604429044194724,-0.0009646033497017497,0.11034402569349397,0.1027340928870462,-0.0003804966403223933,0.008041854031770232,0.007487243408889551,-2.7730531144035337e-05,0.7496990507181247
110.85000000000001,8.231308158062111,4.801562767850926,2.238512730489441,0.2852620561383057,0.2655888108873882,-0.0009836622625458823,0.11073599100827156,0.10309902611114946,-0.0003818482448561091,0.007637179211270572,0.0071104771967002095,-2.6335100728519246e-05,0.7496990507181247
110.9,8.245709837867205,4.814971228359115,2.2384630695245957,0.2908082343369455,0.27075249403784607,-0.0010027870149549856,0.11110778567981472,0.10344517977086205,-0.00038313029544763725,0.007235028302397858,0.006736060833266992,-2.494837345654436e-05,0.7496990507181248
110.95,8.260389282960572,4.828638297928804,2.238412450748412,0.29637250063215786,0.2759330178299403,-0.0010219741401108903,0.11145953590370501,0.10377267135862199,-0.0003843432272541556,0.006835401305151847,0.006363994318589677,-2.357034932810985e-05,0.7496990507181247
111.0,8.275347372744063,4.842564795313434,2.2383608711284686,0.30195385595644814,0.28112945209738294,-0.0010412201929532702,0.11179136787552367,0.10408161836686695,-0.0003854874754328406,0.006438298219532671,0.005994277652668365,-2.2201028343216124e-05,0.7496990507181246
111.05000000000001,8.290584936823905,4.856751492905011,2.238308327804056,0.30755130755210375,0.2863408725485105,-0.0010605217501796686,0.11210340779085214,0.10437213828803484,-0.0003865634751408698,0.006043719045540198,0.005626910835502964,-2.0840410501862785e-05,0.7496990507181245
111.10000000000001,8.306102755326165,4.871199117027802,2.2382548180850823,0.3131638689711864,0.2915663607662773,-0.0010798754102454716,0.11239578184527159,0.10464434861456327,-0.00038757166153541956,0.005651663783174659,0.005261893867093667,-1.9488495804050594e-05,0.7496990507181248
111.15,8.32190155921227,4.885908348232107,2.2382003394509926,0.31879056007554046,0.296805004208262,-0.0010992777933639339,0.11266861623436333,0.10489836683889008,-0.000388512469773667,0.005262132432436065,0.00489922674744049,-1.8145284249779567e-05,0.7496990507181247
111.2,8.33798203059449,4.900879821587969,2.2381448895496745,0.3244304070367921,0.3020558962066688,-0.0011187255415061807,0.11292203715370887,0.10513431045345319,-0.00038938633501278957,0.004875124993324178,0.0045389094765432205,-1.6810775839048933e-05,0.7496990507181248
111.25,8.354344803051413,4.916114126978898,2.2380884661963742,0.33008244233634193,0.30731813596831853,-0.0011382153184011801,0.11315617079888952,0.10535229695069032,-0.0003901936924099642,0.00449064146583912,0.004180942054401959,-1.548497057185907e-05,0.7496990507181246
111.30000000000001,8.37099046194345,4.931611809395619,2.238031067372609,0.33574570476537285,0.3125908285746577,-0.0011577438095357695,0.11337114336548663,0.10555244382303937,-0.00039093497712236805,0.004108681849980774,0.0038253244810166065,-1.4167868448209608e-05,0.7496990507181247
111.35000000000001,8.387919544728291,4.947373369229783,2.2379726912250755,0.3414192394248422,0.3178730849817499,-0.0011773077221546293,0.11356708104908143,0.10573486856293798,-0.0003916106243071777,0.0037292461457493573,0.003472056756387354,-1.2859469468101254e-05,0.7496990507181247
111.4,8.405132541276442,4.963399262567717,2.237913336064564,0.3471020977254891,0.3231640220202832,-0.001196903785260308,0.11374411004525531,0.105899688662824,-0.0003922210691215704,0.0033523343531448734,0.0031211388805142187,-1.1559773631534081e-05,0.7496990507181247
111.45,8.422629894186692,4.979689901484155,2.2378530003648733,0.3527933373878355,0.3284627623955712,-0.001216528749613227,0.11390235654958963,0.10604702161513528,-0.0003927667467227233,0.002977946472167115,0.0027725708533969857,-1.0268780938507321e-05,0.7496990507181247
111.5,8.440411999101588,4.996245654335955,2.237791682761719,0.3584920224421771,0.33376843468754447,-0.0012361793877316463,0.11404194675766577,0.10617698491230962,-0.00039324809226781347,0.002606082502816173,0.0024263526750357687,-8.986491389021324e-06,0.7496990507181247
111.55000000000001,8.458479205022943,5.013066846055839,2.2377293820516453,0.3641972232285924,0.3390801733507587,-0.0012558524938916992,0.11416300686506506,0.10628969604678483,-0.0003936655409140178,0.0022367424450919484,0.002082484345430454,-7.712904983075706e-06,0.7496990507181247
111.60000000000001,8.476831814627312,5.0301537584461125,2.23766609719094,0.3699080163969337,0.3443971187143867,-0.0012755448841273583,0.11426566306736881,0.10638527251099864,-0.00039401952781851346,0.0018699262989946635,0.0017409658645812555,-6.448021720671264e-06,0.7496990507181245
111.65,8.495470084581486,5.047506630472412,2.237601827294547,0.3756234849068358,0.34971841698222667,-0.0012952533962304691,0.11435004156015832,0.10646383179738883,-0.0003943104881384772,0.0015056340645243,0.0014017972324881617,-5.191841601807945e-06,0.7496990507181247
111.7,8.514394225858,5.065125658557443,2.237536571634972,0.38134271802771563,0.35504322023270096,-0.001314974889750745,0.11441626853901496,0.10652549139839336,-0.0003945388570310865,0.0011438657416806607,0.0010649784491509808,-3.9443646264850425e-06,0.7496990507181246
111.75,8.533604404050587,5.083010996874681,2.2374703296412055,0.38706481133876464,0.3603706864188501,-0.0013347062459957417,0.11446447019952014,0.10657036880644992,-0.00039470506965351817,0.0007846213304638412,0.0007305095145698083,-2.7055907947029186e-06,0.7496990507181247
111.80000000000001,8.553100739689697,5.1011627576421255,2.2374031008976223,0.39278886672895647,0.3656999793683391,-0.001354444368030886,0.11449477273725514,0.10659858151399629,-0.00039480956116294915,0.0004279008308737428,0.00039839042874454045,-1.4755201064612124e-06,0.7496990507181247
111.85000000000001,8.57288330855795,5.119581011416016,2.2373348851429036,0.3985139923970387,0.37103026878345013,-0.0013741861806794446,0.11450730234780128,0.10661024701347031,-0.0003948527667165566,7.370424291057318e-05,6.862119167538648e-05,-2.541525617606362e-07,0.7496990507181247
111.9,8.592952142005663,5.138265787384577,2.237265682268946,0.4042393028515416,0.3763607302410906,-0.0013939286305225578,0.11450218522674001,0.10660548279730976,-0.00039483512147151753,-0.0002779684334256747,-0.0002587981966376726,9.58511839398823e-07,0.7496990507181246
111.95,8.613307227266338,5.157217073661757,2.2371954923197714,0.4099639189107773,0.38169054519279294,-0.0014136686858992335,0.11447954756965252,0.10658440635795247,-0.000394757060585009,-0.0006271171981351831,-0.0005838677361948105,2.16247309701786e-06,0.7496990507181246
112.0,8.633948507772116,5.17643481758093,2.2371243154904406,0.41568696770283264,0.3870189009647066,-0.001433403336906321,0.11443951557212022,0.1065471351878362,-0.00039461901921420816,-0.0009737420512178819,-0.000906587426995938,3.3577312110961186e-06,0.7496990507181248
112.05000000000001,8.654875883469298,5.195918925988653,2.237052152125968,0.42140758266557665,0.39234499075760615,-0.0014531295953985413,0.11438221542972453,0.1064937867793988,-0.0003944214325162917,-0.0013178429926738629,-0.0012269572690411575,4.544286181633974e-06,0.7496990507181247
112.10000000000001,8.676089211133812,5.215669265538371,2.2369790027202283,0.42712490354665217,0.39766801364688326,-0.0014728444949884565,0.11430777333804665,0.10642447862507799,-0.00039416473564843704,-0.0016594200225028962,-0.0015449772623302666,5.7221380086306775e-06,0.7496990507181246
112.15,8.697588304686715,5.235685662984179,2.2369048679148733,0.43283807640348465,0.4029871745825549,-0.0014925450910465,0.114216315492668,0.10633932821731173,-0.00039384936376782114,-0.0019984731407050255,-0.001860647406863279,6.891286692086284e-06,0.7496990507181246
112.2,8.719372935509698,5.2559679054745425,2.2368297484982422,0.4385462536032818,0.4083016843892627,-0.001512228460700973,0.11410796808916995,0.10623845304853761,-0.0003934757520316209,-0.0023350023472804267,-0.0021739677026403788,8.051732232001449e-06,0.7496990507181247
112.25,8.741442832760539,5.276515740846014,2.2367536454042742,0.444248593823026,0.4136107597662659,-0.0015318917028380218,0.11398285732313375,0.10612197061119363,-0.0003930443355970134,-0.002669007642229003,-0.0024849381496614632,9.203474628375835e-06,0.7496990507181247
112.30000000000001,8.763797683688614,5.297328877916981,2.236676559711419,0.449944262049481,0.41891362328744813,-0.0015515319381016602,0.11384110939014075,0.10598999839771737,-0.0003925555496211754,-0.0030004890255508425,-0.002793558747926626,1.0346513881209812e-05,0.7496990507181247
112.35000000000001,8.786437133950374,5.318406986781378,2.2365984926415505,0.4556324295791854,0.42420950340131086,-0.001571146308893744,0.11368285048577237,0.10584265390054685,-0.0003920098292612845,-0.003329446497245771,-0.0030998294974356987,1.148084999050265e-05,0.7496990507181247
112.4,8.809360787924845,5.3397496991024385,2.23651944555888,0.46131227401846003,0.4294976344309804,-0.0015907319793740018,0.11350820680561004,0.10568005461211984,-0.00039140760967451777,-0.003655880057313781,-0.0034037503981886627,1.2606482956254403e-05,0.7496990507181247
112.45,8.832568209029137,5.361356608406432,2.236439419968865,0.466982979283408,0.4347772565742077,-0.0016102861354600287,0.11331730454523485,0.10550231802487399,-0.0003907493260180517,-0.00397978970575506,-0.0037053214501857174,1.3723412778465695e-05,0.7496990507181246
112.5,8.856058920033874,5.383227270376361,2.2363584175171245,0.47264373559990625,0.44004761590336144,-0.0016298059848272647,0.11311026990022834,0.10530956163124716,-0.00039003541344906345,-0.004301175442569502,-0.004004542653426764,1.4831639457136215e-05,0.7496990507181248
112.55000000000001,8.879832403378746,5.405361203145726,2.2362764399883495,0.47829373950361487,0.4453079643654348,-0.0016492887569090184,0.11288722906617166,0.10510190292367715,-0.00038926630712473004,-0.004620037267757231,-0.004301414007911882,1.5931162992266287e-05,0.7496990507181246
112.60000000000001,8.903888101487949,5.427757887592222,2.236193489305214,0.4839321938399673,0.4505575597820388,-0.00166873170289644,0.1126483082386463,0.10487945939460187,-0.00038844244220222895,-0.004936375181318035,-0.00459593551364091,1.702198338385526e-05,0.7496990507181247
112.65,8.928225417085697,5.450416767631505,2.236109567527291,0.48955830776417975,0.455795665849409,-0.0016881320957385522,0.11239363361323366,0.10464234853645911,-0.0003875642538387372,-0.005250189183251914,-0.004888107170613834,1.8104100631903152e-05,0.7496990507181247
112.7,8.952843713511735,5.47333725051092,2.23602467684996,0.49517129674125065,0.4610215521384061,-0.0017074872301422455,0.11212333138551497,0.10439068784168644,-0.0003866321771914312,-0.00556147927355907,-0.005177928978830842,1.9177514736410572e-05,0.7496990507181247
112.75,8.977742315036775,5.496518707103202,2.2359388196033216,0.5007703825459525,0.4662344940945078,-0.0017267944225722515,0.11183752775107159,0.1041245948027219,-0.0003856466474174885,-0.005870245452239404,-0.005465400938291846,2.0242225697377234e-05,0.7496990507181247
112.80000000000001,9.002920507178036,5.519960472200235,2.23585199825111,0.5063547932628404,0.47143377303781725,-0.001746051011251175,0.11153634890548471,0.10384418691200314,-0.00038460809967408565,-0.006176487719293009,-0.005750523048996914,2.1298233514803443e-05,0.7496990507181247
112.85000000000001,9.028377537014672,5.543661844806757,2.235764215389605,0.5119237632862433,0.47661867616305453,-0.001765254356159461,0.11121992104433591,0.10354958166196811,-0.0003835169691184002,-0.006480206074719675,-0.006033295310945881,2.2345538188688544e-05,0.7496990507181248
112.9,9.054112613503323,5.567622088434124,2.2356754737465407,0.5174765333202725,0.48178849653956457,-0.0017844018390354244,0.11088837036320662,0.10324089654505453,-0.0003823736909076095,-0.006781400518519451,-0.006313717724138779,2.3384139719032576e-05,0.7496990507181248
112.95,9.080124907793595,5.591840431394033,2.2355857761800224,0.5230123503788223,0.48694253311131774,-0.0018034908633752513,0.11054182305767785,0.1029182490537002,-0.00038117870019888957,-0.007080071050692485,-0.006591790288575744,2.4414038105836138e-05,0.7496990507181247
113.0,9.106413553543504,5.616316067092222,2.2354951256774362,0.52853046778556,0.49208009069690123,-0.0018225188544329673,0.11018040532333113,0.10258175668034294,-0.00037993243214941817,-0.0073762176712387,-0.006867513004256687,2.5435233349098934e-05,0.7496990507181248
113.05000000000001,9.132977647235014,5.641048154322249,2.235403525354362,0.5340301451739365,0.49720047998952743,-0.001841483259220472,0.10980424335574768,0.10223153691742039,-0.0003786353219163715,-0.007669840380158163,-0.007140885871181722,2.644772544882125e-05,0.7496990507181247
113.10000000000001,9.15981624848948,5.666035817559167,2.2353109784534846,0.5395106484871756,0.5023030175570258,-0.0018603815465075032,0.10941346335050903,0.10186770725737057,-0.000377287804656928,-0.007960939177450726,-0.00741190888935065,2.74515144050025e-05,0.7496990507181247
113.15,9.186928380383183,5.691278147253303,2.2352174883435065,0.5449712499782845,0.5073870258418516,-0.0018792112068216724,0.10900819150319649,0.10149038519263132,-0.00037589031552826403,-0.008249514063116378,-0.007680582058763501,2.8446600217642662e-05,0.7496990507181248
113.2,9.214313029762806,5.716774200123987,2.23512305851806,0.5504112282100518,0.5124518331610833,-0.0018979697524484568,0.10858855400939131,0.1010996882156403,-0.00037444328968755646,-0.00853556503715528,-0.007946905379420426,2.9432982886742372e-05,0.7496990507181249
113.25,9.241969147560903,5.742522999453249,2.2350276925946178,0.5558298680550416,0.5174967737064184,-0.0019166547174311803,0.10815467706467477,0.10069573381883526,-0.00037294716229198225,-0.00881909209956737,-0.008210878851321322,3.041066241230129e-05,0.7496990507181247
113.30000000000001,9.269895649111405,5.768523535379582,2.2349313943134095,0.5612264606955989,0.5225211875441789,-0.0019352636575710328,0.1077066868646282,0.10027863949465392,-0.00037140236849871825,-0.009100095250352724,-0.008472502474466298,3.1379638794319726e-05,0.7496990507181248
113.35000000000001,9.298091414465091,5.794774765191634,2.2348341675363277,0.5666003036238435,0.5275244206153032,-0.001953794150427049,0.10724470960483312,0.09984852273553442,-0.0003698093434649423,-0.009378574489511161,-0.00873177624885519,3.23399120327971e-05,0.7496990507181249
113.4,9.326555288705103,5.821275613621987,2.2347360162458445,0.571950700641678,0.5325058247353559,-0.0019722437953161327,0.106768871480871,0.09940550103391453,-0.00036816852234783143,-0.009654529817042687,-0.008988700174488004,3.3291482127733424e-05,0.7496990507181248
113.45,9.355286082262435,5.848024973140882,2.234636944543923,0.577276961860786,0.5374647575945254,-0.001990610213313057,0.10627929868832278,0.09894969188223171,-0.0003664803403045618,-0.00992796123294748,-0.009243274251364869,3.4234349079129255e-05,0.7496990507181247
113.5,9.384282571231386,5.875021704249908,2.2345369566509268,0.5825784037026268,0.5424005827576186,-0.0020088910472504393,0.10577611742277006,0.09848121277292399,-0.00036474523249231086,-0.010198868737225445,-0.009495498479485736,3.5168512886984307e-05,0.7496990507181248
113.55000000000001,9.413543497685101,5.902264635775778,2.2344360569045345,0.5878543488984409,0.5473126696640662,-0.002027083961718764,0.10525945387979391,0.09800018119842893,-0.00036296363406825504,-0.01046725232987666,-0.009745372858850661,3.6093973551298864e-05,0.7496990507181248
113.60000000000001,9.443067569990985,5.929752565164016,2.234334249758652,0.5931041264892437,0.5522003936279171,-0.0020451866430663598,0.10472943425497601,0.09750671465118468,-0.00036113598018957263,-0.010733112010900978,-0.009992897389459512,3.701073107207237e-05,0.7496990507181247
113.65,9.472853463126276,5.957484258772733,2.2342315397823236,0.5983270718258328,0.5570631358378446,-0.002063196799399425,0.1041861847438977,0.09700093062362904,-0.00035926270601344075,-0.0109964477802984,-0.010238072071312285,3.7918785449304845e-05,0.7496990507181247
113.7,9.502899818993493,5.985458452166354,2.234127931658643,0.6035225265687872,0.5619002833571471,-0.0020811121605820264,0.1036298315421401,0.09648294660819955,-0.00035734424669703514,-0.011257259638069068,-0.010480896904409107,3.8818136682996796e-05,0.7496990507181247
113.75,9.533205246735927,6.0136738504093055,2.2340234301836697,0.6086898386884616,0.5667112291237407,-0.0020989304782360763,0.1030605008452846,0.09595288009733409,-0.00035538103739753336,-0.011515547584212917,-0.01072137188874993,3.970878477314798e-05,0.7496990507181249
113.80000000000001,9.563768323053125,6.042129128359801,2.2339180402653342,0.6138283624649918,0.5714953719501653,-0.0021166495257413536,0.10247831884891238,0.09541084858347028,-0.0003533735132721121,-0.011771311618730004,-0.010959497024334809,4.059072971975861e-05,0.7496990507181248
113.85000000000001,9.594587592516374,6.070822930963517,2.2338117669223574,0.618937458488289,0.57625211652358,-0.0021342670982354805,0.10188341174860514,0.09485696955904632,-0.0003513221094779493,-0.012024551741620197,-0.01119527231116361,4.1463971522828236e-05,0.7496990507181249
113.9,9.625661567884215,6.099753873547367,2.233704615283158,0.6240164936580452,0.5809808734057667,-0.00215178101261395,0.10127590573994434,0.09429136051650008,-0.0003492272611722223,-0.0122752679528835,-0.01142869774923633,4.232851018235686e-05,0.7496990507181247
113.95,9.656988730417929,6.128920542113241,2.233596590584766,0.6290648411837355,0.5856810590331335,-0.0021691891075301243,0.10065592701851077,0.09371413894826884,-0.0003470894035121066,-0.012523460252520036,-0.011659773338553118,4.3184345698344935e-05,0.7496990507181247
114.0,9.688567530197,6.158321493631687,2.2334876981717353,0.6340818805846097,0.590352095716706,-0.002186489243395208,0.1000236017798861,0.09312542234679065,-0.0003449089716547802,-0.01276912864052976,-0.011888499079113898,4.4031478070792256e-05,0.7496990507181247
114.05000000000001,9.720396386434631,6.187955256335687,2.233377943495053,0.639066997689699,0.594993411642134,-0.002203679302378274,0.0993790562196514,0.09252532820450318,-0.0003426864007574189,-0.013012273116912733,-0.012114874970918727,4.486990729969905e-05,0.7496990507181248
114.10000000000001,9.752473687793191,6.217820330014347,2.233267332111058,0.6440195846378091,0.599604440869685,-0.00222075718840624,0.09872241653338844,0.09191397401384457,-0.00034042212597720187,-0.013252893681668796,-0.012338901013967488,4.5699633385064826e-05,0.7496990507181249
114.15,9.78479779269976,6.247915186306667,2.2331558696803455,0.6489390398775288,0.6041846233342516,-0.0022377208271638946,0.09805380891667848,0.09129147726725259,-0.0003381165824713055,-0.013490990334797979,-0.012560577208260166,4.652065632688959e-05,0.7496990507181249
114.2,9.817367029661598,6.278238268995275,2.2330435619666846,0.6538247681672278,0.6087334048453505,-0.0022545681660938906,0.09737335956510261,0.09065795545716461,-0.0003357702053969058,-0.013726563076300406,-0.012779903553796908,4.7332976125173794e-05,0.7496990507181248
114.25,9.850179697581611,6.308787994300116,2.232930414835926,0.658676180575051,0.613250237087117,-0.00227129717439673,0.09668119467424224,0.0900135260760188,-0.0003333834299111805,-0.013959611906176011,-0.012996880050577633,4.813659277991725e-05,0.7496990507181248
114.30000000000001,9.883234066073873,6.339562751172223,2.232816434254918,0.6634926944789251,0.6177345776183101,-0.0022879058430307787,0.09597744043967858,0.08935830661625262,-0.00033095669117130577,-0.014190136824424845,-0.013211506698602429,4.8931506291120176e-05,0.7496990507181248
114.35000000000001,9.916528375779068,6.370560901587407,2.2327016262904174,0.6682737335665515,0.6221858898723072,-0.0023043921847122483,0.09526222305699333,0.08869241457030436,-0.0003284904243344604,-0.014418137831046802,-0.01342378349787113,4.971771665878207e-05,0.7496990507181248
114.4,9.950060838680034,6.401780780840029,2.2325859971080004,0.6730187278354139,0.62660364315711,-0.0023207542339152227,0.09453566872176793,0.08801596743061169,-0.00032598506455782067,-0.014643614926041864,-0.013633710448383778,5.049522388290297e-05,0.7496990507181248
114.45,9.983829638417237,6.433220697836735,2.2324695529709753,0.6777271135927776,0.6309873126553454,-0.00233699004687165,0.09379790362958311,0.08732908268961202,-0.000323441046998563,-0.014866568109410167,-0.013841287550140477,5.126402796348331e-05,0.7496990507181248
114.5,10.017832930604232,6.464878935390143,2.2323523002392958,0.6823983334556825,0.6353363794242568,-0.002353097701571321,0.09304905397602067,0.08663187783974352,-0.0003208588068138647,-0.015086997381151638,-0.014046514803141157,5.20241289005229e-05,0.7496990507181249
114.55000000000001,10.052068843143184,6.496753750512616,2.232234245368472,0.687031836350951,0.6396503303957137,-0.002369075297761903,0.09228924595666159,0.08592447037344368,-0.00031823877916090223,-0.015304902741266361,-0.014249392207385903,5.277552669402195e-05,0.7496990507181249
114.60000000000001,10.086535476540316,6.528843374709944,2.2321153949084818,0.6916270775151798,0.6439286583762025,-0.0023849209569488986,0.09151860576708758,0.08520697778315069,-0.00031558139919685396,-0.015520284189754192,-0.014449919762874562,5.351822134397996e-05,0.7496990507181248
114.65,10.121230904221441,6.56114601427513,2.2319957555026844,0.696183518494748,0.6481708620468349,-0.0024006328223956856,0.09073725960288012,0.08447951756130234,-0.00031288710207889745,-0.015733141726615125,-0.014648097469607171,5.4252212850397025e-05,0.7496990507181248
114.7,10.156153172847464,6.593659850582118,2.231875333886733,0.7007006271458156,0.6523764459633463,-0.002416209059123505,0.08994533365962012,0.0837422072003361,-0.0003101563229642076,-0.015943475351849316,-0.014843925327583813,5.49775012132735e-05,0.7496990507181248
114.75,10.191300302629807,6.626383040379471,2.231754136887484,0.7051778776343188,0.6565449205560905,-0.0024316478539114466,0.08914295413288899,0.08299516419268992,-0.0003073894970099624,-0.01615128506545667,-0.01503740333680446,5.569408643260921e-05,0.7496990507181247
114.80000000000001,10.226670287645955,6.65931371608416,2.2316321714219107,0.7096147504359743,0.6606758021300457,-0.002446947415296466,0.08833024721826796,0.08223850603080139,-0.0003045870593733381,-0.01635657086743727,-0.015228531497269146,5.640196850840438e-05,0.7496990507181248
114.85000000000001,10.262261096154885,6.692449986075236,2.231509444496018,0.7140107323362751,0.6647686128648084,-0.002462105973573365,0.08750733911133879,0.08147235020710875,-0.0003017494452115135,-0.016559332757790972,-0.015417309808977766,5.7101147440658486e-05,0.7496990507181247
114.9,10.298070670912631,6.725789934987618,2.231385963203749,0.7183653164304947,0.6688228808145993,-0.0024771217807948117,0.08667435600768292,0.08069681421404977,-0.0002988770896816656,-0.016759570736517796,-0.015603738271930345,5.779162322937174e-05,0.7496990507181249
114.95,10.334096929487737,6.759331624005822,2.2312617347259045,0.72267800212369,0.6728381399082639,-0.002491993110771347,0.08583142410288103,0.07991201554406183,-0.0002959704279409693,-0.01695728480361786,-0.015787816886126946,5.8473395874544355e-05,0.7496990507181249
115.0,10.370337764576725,6.793073091157636,2.231136766329046,0.7269482951306901,0.6768139299492641,-0.002506718259071348,0.08497866959251485,0.079118071689583,-0.0002930298951466033,-0.017152474959091092,-0.01596954565156754,5.914646537617617e-05,0.7496990507181249
115.05000000000001,10.40679104431962,6.827012351607917,2.2310110653644153,0.7311757074761094,0.6807497966156889,-0.0025212955430210697,0.08411621867216545,0.07831510014305074,-0.0002900559264557433,-0.017345141202937554,-0.016148924568252176,5.9810831734267456e-05,0.7496990507181249
115.10000000000001,10.443454612615387,6.861147397952253,2.230884639266844,0.7353597574943346,0.6846452914602432,-0.002535723301704605,0.08324419753741466,0.07750321839690344,-0.0002870489570255681,-0.017535283535157136,-0.01632595363618075,6.046649494881771e-05,0.7496990507181248
115.15,10.480326289437487,6.895476200510759,2.230757495553664,0.7394999698295358,0.6884999719102582,-0.002549999895963919,0.0823627323838438,0.07668254394357892,-0.00028400942201325496,-0.017722901955749857,-0.01650063285535328,6.111345501982711e-05,0.7496990507181249
115.2,10.517403871149343,6.929996707621798,2.230629641823623,0.743595875435664,0.6923134012676877,-0.002564123708398844,0.08147194940703369,0.07585319427551432,-0.0002809377565759787,-0.017907996464715782,-0.01667296222576985,6.17517119472958e-05,0.7496990507181248
115.25,10.55468513081979,6.964706845935664,2.230501085755794,0.747647011576445,0.6960851487091048,-0.0025780931433670535,0.08057197480256598,0.07501528688514782,-0.00027783439587091756,-0.01809056706205489,-0.016842941747430402,6.238126573122382e-05,0.7496990507181248
115.30000000000001,10.592167818538627,6.999604520708373,2.2303718351084876,0.7516529218253868,0.699814789285706,-0.0025919066269840954,0.07966293476602174,0.07416893926491697,-0.00027469977505524795,-0.018270613747767242,-0.01701057142033499,6.300211637161115e-05,0.749699050718125
115.35000000000001,10.629849661732024,7.034687616095328,2.230241897718166,0.7556131560657734,0.7035019039233069,-0.0026055626071233586,0.07874495549298283,0.07331426890726005,-0.00027153432928614797,-0.0184481365218527,-0.017175851244483523,6.36142638684576e-05,0.7496990507181248
115.4,10.667728365478094,7.069953995445119,2.2301112814983517,0.7595272704906688,0.7071460794223476,-0.0026190595534161024,0.07781816317903051,0.07245139330461484,-0.00026833849372079506,-0.018623135384311287,-0.017338781219876004,6.421770822176307e-05,0.7496990507181249
115.45,10.705801612822368,7.105401501593234,2.2299799944385437,0.7633948276029195,0.7107469084578917,-0.0026323959572514496,0.07688268401974577,0.07158042994941859,-0.00026511270351636487,-0.018795610335143112,-0.017499361346512532,6.481244943152798e-05,0.749699050718125
115.5,10.744067065093216,7.141027957155749,2.2298480446031266,0.7672153962151476,0.7143039895796209,-0.0026455703317763745,0.07593864421070999,0.0707014963341095,-0.0002618573938300347,-0.0189655613743481,-0.017657591624393027,6.53984874977521e-05,0.7496990507181249
115.55000000000001,10.782522362217424,7.176831164823119,2.2297154401302848,0.7709885514497556,0.7178169272118422,-0.002658581211895711,0.07498616994750441,0.06981470995112499,-0.0002585729998189811,-0.019132988501926306,-0.017813472053517583,6.597582242043555e-05,0.7496990507181248
115.60000000000001,10.821165123035605,7.2128089076538355,2.229582189230912,0.7747138747389226,0.7212853316534805,-0.0026714271542721503,0.07402538742571091,0.06892018829290342,-0.0002552599566403827,-0.019297891717877644,-0.01796700263388607,6.654445419957815e-05,0.749699050718125
115.65,10.859992945617744,7.248958949368241,2.229448300187525,0.778390953824609,0.7247088190780852,-0.0026841067373262408,0.07305642284091067,0.06801804885188258,-0.00025191869945141645,-0.019460271022202127,-0.018118183365498506,6.710438283517972e-05,0.7496990507181249
115.7,10.899003407578686,7.2852790346422225,2.229313781353177,0.7820193827585559,0.7280870115338286,-0.002696618561236402,0.07207940238868463,0.06710840912049969,-0.00024854966340925785,-0.01962012641489983,-0.018267014248354977,6.765560832724077e-05,0.7496990507181248
115.75,10.938194066393589,7.321766889400925,2.2291786411503667,0.78559876190228,0.7314195369435027,-0.002708961247938899,0.07109445226461451,0.06619138659119297,-0.0002451532836710849,-0.019777457895970685,-0.018413495282455443,6.819813067576097e-05,0.7496990507181248
115.80000000000001,10.977562459713441,7.35842022111251,2.229042888069954,0.7891286979270805,0.734706029104524,-0.0027211334411278666,0.07010169866428112,0.06526709875639981,-0.00024172999539407325,-0.01993226546541478,-0.018557626467799945,6.873194988074061e-05,0.7496990507181248
115.85000000000001,11.017106105680506,7.395236719081847,2.2289065306700673,0.792608803814031,0.7379461276889262,-0.0027331338062552817,0.0691012677832666,0.06433566310855873,-0.00023828023373540237,-0.020084549123231998,-0.018699407804388377,6.925706594217928e-05,0.7496990507181249
115.9,11.056822503243875,7.432214054744295,2.2287695775750214,0.7960386988539877,0.7411394782433689,-0.0027449610305309955,0.06809328581715195,0.06339719714010722,-0.00023480443385224834,-0.020234308869422356,-0.018838839292220782,6.977347886007706e-05,0.749699050718125
115.95,11.09670913247495,7.469349881959432,2.2286320374742243,0.7994180086475869,0.7442857321891334,-0.002756613822922716,0.06707787896151834,0.06245181834348281,-0.00023130303090178767,-0.020381544703985927,-0.018975920931297213,7.028118863443426e-05,0.7496990507181249
116.0,11.136763454882866,7.506641837304732,2.2284939191210937,0.8027463651052409,0.7473845468221214,-0.0027680909141560043,0.06605517341194721,0.06149964421112341,-0.00022777646004119742,-0.020526256626922673,-0.019110652721617636,7.078019526525058e-05,0.7496990507181247
116.05000000000001,11.176982913730049,7.544087540369354,2.2283552313319652,0.806023406447143,0.7504355853128581,-0.002779391056714288,0.0650252953640196,0.06054079223546671,-0.0002242251564276541,-0.020668444638232645,-0.019243034663182078,7.127049875252635e-05,0.7496990507181249
116.10000000000001,11.217364934347653,7.581684594047814,2.2282159829850086,0.8092487772032638,0.7534385167064878,-0.002790513024838844,0.06398837101331735,0.05957537990895091,-0.000220649555218336,-0.020808108737915734,-0.019373066755990473,7.175209909626114e-05,0.7496990507181249
116.15,11.25790692445109,7.619430584833772,2.2280761830191342,0.8124221282133541,0.7563930159227791,-0.0028014556145288107,0.06294452655542199,0.058603524724013846,-0.00021705009157042113,-0.02094524892597197,-0.019500749000042845,7.222499629645506e-05,0.749699050718125
116.2,11.29860627445553,7.657323083113769,2.227935840432912,0.8155431166269453,0.7592987637561224,-0.0028122176435411935,0.06189388818591418,0.05762534417309278,-0.00021342720064108394,-0.021079865202401425,-0.019626081395339227,7.268919035310838e-05,0.7496990507181249
116.25,11.339460357791328,7.695359643460887,2.2277949642834782,0.8186114059033448,0.7621554468755292,-0.0028227979513908478,0.060836582100375666,0.05664095574862585,-0.00020978131758750288,-0.02121195756720405,-0.019749063941879603,7.314468126622085e-05,0.7496990507181251
116.30000000000001,11.38046653121957,7.733537804928563,2.2276535636854504,0.8216266658116425,0.7649627578246336,-0.0028331953993504942,0.05977273449438734,0.05565047694305058,-0.00020611287756685322,-0.021341526020379885,-0.01986969663966401,7.359146903579273e-05,0.749699050718125
116.35000000000001,11.4216221351475,7.771855091344223,2.2275116478098362,0.8245885724307026,0.7677203950216895,-0.0028434088704507015,0.058702471563531464,0.054654025248805395,-0.00020242231573631574,-0.021468570561928833,-0.01998797948869233,7.402955366182357e-05,0.7496990507181249
116.4,11.462924493944112,7.810309011603136,2.227369225882952,0.8274968081491735,0.7704280627595761,-0.0028534372694799105,0.057625919503388606,0.05365171815832751,-0.00019871006725306445,-0.021593091191850985,-0.020103912488964665,7.445893514431375e-05,0.7496990507181248
116.45,11.504370916255542,7.848897059962054,2.227226307185326,0.8303510616654797,0.7730854712057921,-0.002863279522984415,0.05654320450954023,0.052643673164054855,-0.00019497656727427684,-0.021715087910146307,-0.02021749564048103,7.487961348326316e-05,0.7496990507181247
116.5,11.545958695320593,7.88761671633296,2.227082901050619,0.8331510279878254,0.7756923364024588,-0.002872934579268367,0.05545445277756772,0.051630007758425335,-0.00019122225095713025,-0.021834560716814805,-0.020328728943241343,7.529158867867178e-05,0.7496990507181248
116.55000000000001,11.587685109286232,7.9264654465768345,2.22693901686453,0.835896408434195,0.7782483802663204,-0.0028824014083937786,0.054359790503052195,0.05061083943387625,-0.00018744755345880058,-0.02195150961185652,-0.020437612397245696,7.569486073053976e-05,0.7496990507181249
116.60000000000001,11.629547421523034,7.965440702797305,2.2267946640637137,0.838586910632348,0.7807533305887386,-0.002891679002180514,0.05325934388157587,0.04958628568284664,-0.00018365290993646883,-0.022065934595271345,-0.020544146002493976,7.608942963886668e-05,0.7496990507181248
116.65,11.671542880940772,8.004539923634509,2.226649852134687,0.8412222485198285,0.7832069210357036,-0.0029007663742063095,0.05215323910871908,0.04855646399777319,-0.0001798387555473076,-0.022177835667059373,-0.02064832975898629,7.647529540365304e-05,0.749699050718125
116.7,11.71366872230379,8.043760534558697,2.2265045906127456,0.8438021423439571,0.7856088911478228,-0.00290966255980675,0.05104160238006368,0.04752149187109394,-0.00017600552544849547,-0.022287212827220584,-0.020750163666722585,7.685245802489853e-05,0.7496990507181247
116.75,11.755922166546558,8.083099948164033,2.2263588890808736,0.8463263186618311,0.7879589863403268,-0.002918366616075284,0.049924559891190816,0.04648148679524694,-0.00017215365479721024,-0.02239406607575497,-0.020849647725702854,7.722091750260333e-05,0.7496990507181251
116.80000000000001,11.798300421089156,8.122555564462315,2.2262127571686587,0.8487945103403325,0.7902569579030692,-0.002926877621863218,0.04880223783768165,0.045436566262669356,-0.0001682835787506264,-0.022498395412662565,-0.020946781935927188,7.75806738367674e-05,0.7496990507181249
116.85000000000001,11.840800680152707,8.162124771176655,2.2260662045511976,0.8512064565561153,0.7925025630005222,-0.0029351946777797116,0.0476747624151183,0.04438684776580006,-0.00016439573246592552,-0.02260020083794326,-0.021041566297395425,7.793172702739057e-05,0.749699050718125
116.9,11.883420125074979,8.201804944035324,2.2259192409480177,0.8535619027956193,0.7946955646717841,-0.0029433169061917927,0.04654225981908146,0.04333244879707604,-0.00016049055110028122,-0.022699482351597168,-0.021134000810107672,7.827407707447305e-05,0.7496990507181247
116.95,11.926155924625764,8.241593447065362,2.2257718761219802,0.8558606008550588,0.7968357318305729,-0.0029512434512243427,0.04540485624515234,0.04227348684893528,-0.00015656846981087084,-0.02279623995362426,-0.021224085474063924,7.860772397801469e-05,0.7496990507181249
117.0,11.96900523532241,8.28148763288638,2.2256241198781987,0.8581023088404289,0.7989228392652286,-0.0029589734787601033,0.0442626778889128,0.04121007941381559,-0.00015262992375487185,-0.022890473644024523,-0.021311820289264177,7.893266773801562e-05,0.7496990507181254
117.05000000000001,12.01196520174534,8.32148484300428,2.2254759820629473,0.8602867911675051,0.8009566676387125,-0.0029665061764396743,0.04311585094594349,0.04014234398415447,-0.00014867534808946027,-0.022982183422797987,-0.02139720525570843,7.924890835447578e-05,0.7496990507181249
117.10000000000001,12.055032956853445,8.361582408104928,2.2253274725625745,0.8624138185618377,0.8029370034886089,-0.002973840753661513,0.041964501611826674,0.039070398052390716,-0.00014470517797181664,-0.02307136928994456,-0.021480240373396627,7.955644582739502e-05,0.7496990507181251
117.15,12.098205622299714,8.401777648348007,2.225178601302415,0.8644831680587612,0.8048636392271232,-0.0029809764415819387,0.04080875608214311,0.03799435911096107,-0.00014071984855911415,-0.02315803124546434,-0.02156092564232886,7.985528015677365e-05,0.7496990507181248
117.2,12.141480308746608,8.442067873660635,2.2250293782457016,0.8664946230033855,0.8067363731410845,-0.0029879124931151257,0.039648740552474145,0.036914344652303636,-0.00013671979500853133,-0.02324216928935731,-0.021639261062505057,8.014541134261138e-05,0.7496990507181251
117.25,12.184854116181592,8.482450384031134,2.2248798133924774,0.8684479730506017,0.8085550093919408,-0.002994648182933113,0.03848458121840107,0.035830472168856466,-0.00013270545247724564,-0.02332378342162345,-0.021715246633925243,8.042683938490848e-05,0.7496990507181251
117.30000000000001,12.228324134232636,8.522922469802793,2.224729916778508,0.8703430141650792,0.8103193580157643,-0.003001182807465793,0.037316404275505276,0.03474285915305682,-0.0001286772561224323,-0.023402873642262793,-0.021788882356589455,8.069956428366479e-05,0.7496990507181249
117.35000000000001,12.271887442483624,8.563481411967508,2.224579698474195,0.872179548621265,0.8120292349232477,-0.0030075156849009156,0.03614433591936873,0.0336516230973435,-0.00012463564110127138,-0.023479439951275275,-0.021860168230497634,8.096358603888026e-05,0.7496990507181249
117.4,12.315541110790008,8.604124482459659,2.2244291685834825,0.8739573850033876,0.8136844618997073,-0.0030136461551841004,0.03496850234557168,0.03255688149415331,-0.00012058104257093737,-0.023553482348660927,-0.021929104255649787,8.121890465055487e-05,0.7496990507181254
117.45,12.359282199594121,8.644848944449697,2.224278337242779,0.8756763382054544,0.8152848666050792,-0.0030195735800188097,0.03378902974969635,0.031458751835924365,-0.00011651389568860815,-0.023625000834419756,-0.02199569043204595,8.146552011868889e-05,0.7496990507181248
117.5,12.403107760240772,8.68565205263796,2.22412721461986,0.877336229431249,0.8168302825739229,-0.00302529734286638,0.032606044327323634,0.030357351615094667,-0.00011243463561146108,-0.023693995408551768,-0.02205992675968612,8.170343244328198e-05,0.7496990507181251
117.55000000000001,12.447014835292707,8.726531053548381,2.2239758109127843,0.8789368861943383,0.8183205492154196,-0.0030308168489459977,0.03141967227403457,0.029252798324101433,-0.00010834369749667133,-0.023760466071056988,-0.022121813238570275,8.193264162433449e-05,0.7496990507181251
117.60000000000001,12.491000458846047,8.76748318582218,2.2238241363488065,0.8804781423180639,0.8197555118133711,-0.0030361315252347043,0.03023003978541168,0.028145209455383517,-0.00010424151650141983,-0.023824412821935353,-0.022181349868698397,8.215314766184602e-05,0.7496990507181251
117.65,12.535061656845896,8.808505680511692,2.22367220118329,0.8819598379355493,0.8211350215262022,-0.0030412408204674147,0.02903727305703524,0.027034702501377815,-0.00010012852778288043,-0.02388583566118689,-0.022238536650070535,8.236495055581688e-05,0.749699050718125
117.7,12.579195447401707,8.849595761374,2.223520015698615,0.8833818194896979,0.8224589353869611,-0.0030461442051368916,0.027841498284486746,0.025921394954522527,-9.600516649823051e-05,-0.02394473458881162,-0.022293373582686647,8.256805030624692e-05,0.7496990507181249
117.75,12.623398841102848,8.890750645164717,2.2233675902030936,0.8847439397331889,0.823727116303315,-0.0030508411714937574,0.026642841663347818,0.024805404307255162,-9.187186780464798e-05,-0.02400110960480951,-0.022345860666546747,8.276244691313622e-05,0.749699050718125
117.80000000000001,12.667668841334063,8.931967541931712,2.223214935029883,0.8860460577284829,0.824939433057554,-0.003055331233546497,0.025441429389199344,0.023686848052013286,-8.772906685930798e-05,-0.0240549607091806,-0.02239599790165085,8.294814037648476e-05,0.7496990507181249
117.85000000000001,12.712002444590924,8.97324365530879,2.223062060535894,0.8872880388478182,0.8260957603065906,-0.003059613927061446,0.024237387657623427,0.022565843681235882,-8.357719881939137e-05,-0.02410628790192481,-0.022443785287998924,8.312513069629253e-05,0.7496990507181251
117.9,12.756396640795428,9.014576182809533,2.222908977100705,0.888469754773214,0.8271959785819589,-0.00306368880956281,0.02303084266420096,0.021442508687359724,-7.94166988420724e-05,-0.02415509118304223,-0.022489222825591026,8.329341787255943e-05,0.7496990507181249
117.95,12.80084841361137,9.05596231612093,2.2227556951254783,0.8895910834964672,0.8282399742898154,-0.003067555460332648,0.021821920604512976,0.020316960562822763,-7.524800208452784e-05,-0.024201370552532846,-0.022532310514427095,8.34530019052857e-05,0.749699050718125
118.0,12.845354740759893,9.09739924139714,2.2226022250318627,0.8906519093191538,0.8292276397109377,-0.0030712134804108775,0.02061074767414137,0.01918931680006298,-7.107154370393619e-05,-0.02424512601039661,-0.022573048354507144,8.360388279447107e-05,0.7496990507181251
118.05000000000001,12.889912594334971,9.138884139553248,2.222448577260914,0.8916521228526301,0.8301588730007257,-0.0030746624925952802,0.019397450068666864,0.018059694891517743,-6.68877588574722e-05,-0.02428635755663358,-0.022611436345831206,8.374606054011583e-05,0.749699050718125
118.10000000000001,12.934518941118851,9.180414186558929,2.222294762272004,0.8925916210180281,0.8310335781892001,-0.00307790214144148,0.01818215398367181,0.016928212329625852,-6.269708270231695e-05,-0.024325065191243708,-0.022647474488399277,8.387953514221966e-05,0.7496990507181253
118.15,12.97917074289764,9.221986553732282,2.222140790541732,0.8934703070462647,0.8318516651810062,-0.003080932093262984,0.01696498561473655,0.01579498660682404,-5.8499950395644016e-05,-0.024361248914227,-0.022681162782211294,8.400430660078276e-05,0.7496990507181249
118.2,13.023864956776697,9.263598408033474,2.2219866725628394,0.8942880904780296,0.8326130497554081,-0.0030837520361311384,0.015746071157442917,0.014660135215550547,-5.4296797094630714e-05,-0.02439490872558346,-0.02271250122726732,8.412037491580507e-05,0.749699050718125
118.25,13.068598535496173,9.3052469123585,2.2218324188431167,0.8950448871637956,0.8333176535662942,-0.003086361679875161,0.01452553680737214,0.013523775648243232,-5.008805795645556e-05,-0.02442604462531311,-0.022741489823567353,8.422774008728664e-05,0.7496990507181253
118.30000000000001,13.113368427746488,9.346929225832938,2.2216780399043223,0.8957406192638138,0.8339654041421727,-0.0030887607560821204,0.013303508760105108,0.012386025397339498,-4.587416813829382e-05,-0.02445465661341595,-0.02276812857111137,8.432640211522743e-05,0.749699050718125
118.35000000000001,13.158171578483786,9.388642504105588,2.2215235462810905,0.8963752152481128,0.8345562348861749,-0.003090949018096944,0.01208011321122429,0.011247001955277953,-4.165556279732499e-05,-0.024480744689891955,-0.022792417469899365,8.441636099962738e-05,0.7496990507181249
118.4,13.203004929245512,9.430383899642374,2.2213689485198436,0.896948609896502,0.8350900850760544,-0.003092926241022423,0.01085547635631002,0.01010682281449585,-3.7432677090724556e-05,-0.024504308854741134,-0.022814356519931342,8.449761674048666e-05,0.7496990507181248
118.45,13.247865418465823,9.472150562019902,2.2212142571777043,0.8974607442985693,0.8355668998641865,-0.003094692221719207,0.00962972439094391,0.008965605467430878,-3.320594617566888e-05,-0.024525349107963494,-0.022833945721207356,8.457016933780509e-05,0.7496990507181251
118.5,13.292749981791083,9.513939638219282,2.2210594828214103,0.897911565853682,0.8359866302775675,-0.003096246778805802,0.008402983510707496,0.007823467406521007,-2.8975805209336466e-05,-0.024543865449559017,-0.02285118507372732,8.463401879158281e-05,0.7496990507181251
118.55000000000001,13.337655552395402,9.555748272919857,2.220904636026223,0.8983010282709853,0.8363492332178153,-0.0030975897526585726,0.00717537991118142,0.0066805261242038035,-2.474268934890183e-05,-0.024559857879527712,-0.022866074577491288,8.46891651018197e-05,0.7496990507181251
118.60000000000001,13.382579061296031,9.597573608792857,2.2207497273748413,0.8986290915694052,0.8366546714611712,-0.003098721005411744,0.0059470397879484264,0.0055368991129176315,-2.0507033751545997e-05,-0.02457332639786959,-0.02287861423249923,8.473560826851586e-05,0.7496990507181249
118.65,13.427517437668989,9.639412786795264,2.220594767456314,0.8988957220776451,0.8369029136584984,-0.003099640420957401,0.004718089336588572,0.004392703865099962,-1.6269273574443667e-05,-0.024584271004584643,-0.022888804038751192,8.477334829167116e-05,0.749699050718125
118.7,13.472467609164427,9.681262946463432,2.2204397668649505,0.8991008924341886,0.8370939343352807,-0.003100347904945481,0.0034886547526835785,0.0032480578731885106,-1.2029843974771432e-05,-0.024592691699672885,-0.02289664399624712,8.480238517128581e-05,0.7496990507181254
118.75,13.517426502222179,9.723121226206853,2.220284736199234,0.8992445815872974,0.8372277138916224,-0.0031008433847837876,0.0022588622318152037,0.0021030786296212223,-7.789180109707579e-06,-0.024598588483134298,-0.02290213410498708,8.482271890735961e-05,0.7496990507181248
118.80000000000001,13.562391042387238,9.764984763601914,2.220129686060734,0.8993267747950133,0.8373042386022549,-0.0031011268096379804,0.0010288379695638106,0.0009578836268354965,-3.547717136426625e-06,-0.02460196135496889,-0.02290527436497099,8.48343494998927e-05,0.749699050718125
118.85000000000001,13.607358154625212,9.806850695685544,2.2199746270530167,0.899347463625157,0.8373235006165268,-0.0031011981504315794,-0.0002012918384880161,-0.0001874096427299155,6.941097878893264e-07,-0.02460281031517666,-0.022906064776198908,8.483727694888494e-05,0.7496990507181251
118.9,13.652324763637907,9.848716159249083,2.219819569780559,0.8993066459553277,0.8372854979584097,-0.00310105739984596,-0.0014314009967597283,-0.0013326836866380419,4.935865506067947e-06,-0.024601135363757597,-0.0229045053386708,8.483150125433647e-05,0.749699050718125
118.95,13.697287794178697,9.89057829113189,2.21966452484766,0.8992043259729042,0.8371902345264984,-0.003100704572320362,-0.0026613633096700985,-0.0024778210124510544,9.177114860930817e-06,-0.02459693650071167,-0.022900596052386684,8.481702241624716e-05,0.7496990507181253
119.0,13.742244171368098,9.932434228515126,2.2195095028573517,0.8990405141750427,0.8370377200940071,-0.0031001397040518763,-0.0038910525816371485,-0.0036227041277308992,1.3417422695300503e-05,-0.024590213726038968,-0.022894336917346585,8.479384043461714e-05,0.7496990507181254
119.05000000000001,13.787190821009235,9.974281109215497,2.219354514410313,0.8988152273686817,0.8368279703087742,-0.0030993628529954577,-0.005120342617080458,-0.004767215540040229,1.7656353852001203e-05,-0.02458096703973943,-0.022885727933550464,8.476195530944625e-05,0.7496990507181253
119.10000000000001,13.832124669903267,10.016116071978903,2.219199570103782,0.8985284886705368,0.8365610066932596,-0.003098374098863923,-0.006349107220417337,-0.005911237756940021,2.1893473173852753e-05,-0.024569196441813074,-0.022874769100998327,8.472136704073463e-05,0.749699050718125
119.15,13.877042646165018,10.057936256774324,2.219044680530466,0.8981803275071015,0.8362368566445443,-0.003097173543127942,-0.007577220196067728,-0.00705465328599374,2.6128345503681523e-05,-0.024554901932259884,-0.022861460419690203,8.467207562848231e-05,0.7496990507181253
119.2,13.921941679538321,10.099738805087402,2.2188898562774546,0.8977707796146513,0.8358555534343318,-0.003095761309016043,-0.008804555348449527,-0.00819734463476312,3.036053568430867e-05,-0.024538083511079885,-0.02284580188962606,8.461408107268917e-05,0.7496990507181251
119.25,13.96681870171159,10.14152086021424,2.218735107925133,0.8972998870392374,0.835417136208947,-0.0030941375415146147,-0.010030986481981854,-0.009339194310810326,3.458960855855783e-05,-0.024518741178273056,-0.022827793510805876,8.45473833733553e-05,0.7496990507181255
119.30000000000001,14.011670646633297,10.183279567555138,2.218580446046092,0.896767698136694,0.8349216499893367,-0.0030923024073679127,-0.011256387401083572,-0.010480084821698177,3.8815128969252995e-05,-0.02449687493383936,-0.022807435283229708,8.447198253048052e-05,0.7496990507181249
119.35000000000001,14.056494450827396,10.225012074908266,2.2184258812040434,0.8961742675726301,0.8343691456710705,-0.0030902560950780357,-0.01248063191017205,-0.011619898674987429,4.303666175921422e-05,-0.024472484777778893,-0.022784727206897556,8.438787854406511e-05,0.7496990507181249
119.4,14.101287053708942,10.266715532763495,2.218271423952728,0.8955196563224359,0.8337596800243384,-0.003087998814904956,-0.013703593813667227,-0.012758518378241495,4.7253771771266134e-05,-0.02444557071009159,-0.022759669281809364,8.429507141410886e-05,0.7496990507181253
119.45,14.146045397899455,10.308387094596043,2.2181170848348297,0.8948039316712821,0.8330933156939535,-0.0030855307988664924,-0.014925146915987276,-0.013895826439022435,5.1466023848231846e-05,-0.024416132730777463,-0.022732261507965177,8.419356114061192e-05,0.749699050718125
119.5,14.190766429542464,10.350023917160225,2.217962874380888,0.894027167214117,0.8323701211993514,-0.0030828523007383362,-0.016145165021551097,-0.01503170536489203,5.567298283293521e-05,-0.024384170839836506,-0.022702503885364978,8.408334772357417e-05,0.7496990507181249
119.55000000000001,14.23544709861902,10.391623160783224,2.2178088031082104,0.8931894428556657,0.8315901709345872,-0.0030799635960540236,-0.017363521934777606,-0.016166037663413426,5.9874213568198685e-05,-0.0243496850372687,-0.02267039641400875,8.396443116299547e-05,0.7496990507181255
119.60000000000001,14.280084359263077,10.43318198965873,2.2176548815197825,0.892290844810438,0.8307535451683402,-0.0030768649821049615,-0.018580091460084176,-0.017298705842147113,6.406928089684215e-05,-0.0243126753230741,-0.022635939093896544,8.38368114588762e-05,0.7496990507181251
119.65,14.324675170077168,10.474697572140812,2.2175011201031825,0.8913314656027149,0.8298603300439096,-0.0030735567779404025,-0.01979474740189069,-0.018429592408656607,6.825774966169236e-05,-0.02427314169725267,-0.022599131925028337,8.370048861121613e-05,0.7496990507181259
119.7,14.369216494447704,10.516167081037517,2.2173475293294906,0.8903114040665668,0.8289106175792186,-0.0030700393243674753,-0.021007363564615755,-0.01955857987050397,7.243918470557136e-05,-0.02423108415980443,-0.02255997490740409,8.355546262001522e-05,0.749699050718125
119.75,14.413705300860576,10.557587693904674,2.2171941196522047,0.8892307653458318,0.827904505666811,-0.00306631298395115,-0.02221781375267745,-0.0206855507352512,7.66131508713017e-05,-0.024186502710729346,-0.022518468041023823,8.34017334852736e-05,0.7496990507181255
119.80000000000001,14.458138563216615,10.598956593339606,2.2170409015061496,0.8880896608941358,0.826842098073852,-0.0030623781410142633,-0.023425971770495185,-0.02181038751046073,8.077921300170736e-05,-0.024139397350027438,-0.022474611325887562,8.323930120699108e-05,0.7496990507181253
119.85000000000001,14.502513261147024,10.640270967274818,2.21688788530639,0.8868882084748799,0.8257235044421309,-0.00305823520163752,-0.024631711422486453,-0.022932972703694102,8.493693593960844e-05,-0.024089768077698727,-0.022428404761995303,8.306816578516795e-05,0.7496990507181251
119.9,14.546826380329009,10.681528009271837,2.216735081447142,0.885626532161245,0.824548840288057,-0.003053884593659468,-0.02583490651307101,-0.02405318882251405,8.90858845278308e-05,-0.02403761489374317,-0.022379848349347038,8.288832721980393e-05,0.7496990507181251
119.95,14.591074912801119,10.72272491881484,2.216582500300686,0.884304762336189,0.8233182270026607,-0.003049326766676517,-0.027035430846667038,-0.02517091837448286,9.32256236091963e-05,-0.0239829377981608,-0.022328942087942748,8.269978551089925e-05,0.7496990507181255
120.0,14.635255857278812,10.76385890160441,2.21643015221628,0.8829230356924536,0.8220317918515964,-0.003044562192042947,-0.028233158227693376,-0.02628604386716248,9.735571802652834e-05,-0.023925736790951602,-0.02227568597778248,8.250254065845367e-05,0.7496990507181254
120.05000000000001,14.679366219469935,10.804927169851318,2.2162780475190695,0.8814814952325555,0.8206896679751401,-0.0030395913628708865,-0.029427962460568773,-0.02739844780811533,0.00010147573262265045,-0.023866011872115536,-0.02222008001886616,8.229659266246737e-05,0.7496990507181257
120.10000000000001,14.723403012390168,10.845926942570156,2.216126196509,0.8799802902687923,0.8192919943881869,-0.00303441479403032,-0.03061971734971112,-0.028508012704903028,0.00010558523224038235,-0.023803763041652715,-0.022162124211193873,8.208194152294034e-05,0.7496990507181249
120.15,14.767363256678602,10.886855445873183,2.2159746094597295,0.8784195764232398,0.8178389159802594,-0.0030290330221491068,-0.031808296699539884,-0.02961462106508851,0.00010968378172255096,-0.02373899029956304,-0.022101818554765538,8.185858723987255e-05,0.7496990507181254
120.2,14.81124398091315,10.927709913263971,2.2158232966175415,0.8767995156277533,0.8163305835154973,-0.0030234466056129478,-0.032993574314473584,-0.03071815539623369,0.00011377094591197767,-0.023671693645846547,-0.022039163049581204,8.16265298132639e-05,0.749699050718126
120.25,14.855042221926064,10.968487585931165,2.2156722682002554,0.875120276123967,0.8147671536326612,-0.003017656124565408,-0.03417542399893067,-0.03181849820590061,0.00011784628965148506,-0.02360187308050322,-0.02197415769564088,8.138576924311455e-05,0.7496990507181257
120.30000000000001,14.89875502511944,11.009185713042235,2.21552153439614,0.8733820324632938,0.8131487888451382,-0.003011662180907914,-0.0353537195573305,-0.03291553200165226,0.00012190937778389835,-0.023529528603533065,-0.02190680249294451,8.113630552942427e-05,0.7496990507181259
120.35000000000001,14.94237944478063,11.049801552037138,2.2153711053628253,0.8715849655069281,0.8114756575409352,-0.003005465398299757,-0.03652833479409019,-0.034009139291049255,0.00012595977515203558,-0.023454660214936092,-0.021837097441492172,8.087813867219345e-05,0.7496990507181256
120.4,14.985912544397868,11.090332368922155,2.215220991226215,0.8697292624258394,0.8097479339826804,-0.002999066422158071,-0.03769914351362999,-0.035099202581655185,0.00012999704659872428,-0.02337726791471229,-0.021765042541283836,8.061126867142169e-05,0.7496990507181258
120.45,15.029351396975642,11.130775438563528,2.215071202079395,0.8678151167007789,0.8079657983076235,-0.0029924659196578617,-0.03886601952036763,-0.0361856043810317,0.00013402075696678563,-0.023297351702861683,-0.02169063779231946,8.033569552710928e-05,0.7496990507181254
120.5,15.072693085350219,11.171128044981241,2.2149217479815513,0.8658427281222756,0.8061294365276372,-0.002985664579731988,-0.04002883661872224,-0.03726822719674118,0.00013803047109904265,-0.023214911579384243,-0.021613883194599063,8.005141923925596e-05,0.7496990507181251
120.55000000000001,15.11593470250516,11.211387481642731,2.214772638956879,0.8638123027906383,0.8042390405292168,-0.0029786631130711704,-0.04118746861311277,-0.03834695353634603,0.00014202575383831945,-0.023129947544279956,-0.021534778748122676,7.975843980786191e-05,0.7496990507181255
120.60000000000001,15.159073351886729,11.25155105175661,2.214623884993494,0.8617240531159569,0.8022948080734786,-0.0029714622521239916,-0.04234178930795658,-0.03942166590740741,0.00014600617002743631,-0.023042459597548887,-0.021453324452890297,7.945675723292713e-05,0.7496990507181254
120.65,15.202106147719515,11.291616068566446,2.214475496042347,0.8595781978180952,0.8002969427961591,-0.002964062751096883,-0.04349167250767346,-0.040492246817488774,0.00014997128450921853,-0.02295244773919097,-0.02136952030890189,7.91463715144516e-05,0.7496990507181254
120.7,15.245030215321803,11.331579855644442,2.214327482016132,0.8573749619267003,0.7982456542076196,-0.0029564653859541438,-0.044636992016681816,-0.04155857877415154,0.0001539206621264886,-0.022859911969206236,-0.02128336631615747,7.882728265243521e-05,0.7496990507181257
120.75,15.287842691421112,11.371439747185173,2.214179852788203,0.8551145767811982,0.7961411576928424,-0.0029486709544179293,-0.045777621639400266,-0.042620544284958546,0.0001578538677220702,-0.02276485228759468,-0.02119486247465706,7.849949064687814e-05,0.7496990507181261
120.80000000000001,15.330540724469682,11.411193088299363,2.2140326181914842,0.852797280030791,0.7939836745114284,-0.002940680275968249,-0.04691343518024793,-0.04367802585747185,0.00016177046613878547,-0.022667268694356223,-0.021104008784400583,7.816299549778005e-05,0.7496990507181257
120.85000000000001,15.373121474959923,11.450837235307516,2.21388578801738,0.8504233156344643,0.7917734317976068,-0.0029324941918429854,-0.048044306443642194,-0.04473090599925281,0.00016567002221945583,-0.022567161189491057,-0.02101080524538818,7.781779720514146e-05,0.7496990507181257
120.9,15.415582115739992,11.490369556033786,2.2137393720146896,0.8479929338609785,0.7895106625602226,-0.002924113565037862,-0.049170109234002654,-0.0457790672178644,0.00016955210080690585,-0.022464529772999026,-0.02091525185761974,7.746389576896207e-05,0.7496990507181251
120.95,15.457919832329202,11.529787430099605,2.21359337988852,0.8455063912888755,0.7871956056827488,-0.0029155392803064707,-0.050290717355748485,-0.04682239202086895,0.0001734162667439598,-0.02235937444488015,-0.020817348621095265,7.710129118924178e-05,0.749699050718126
121.0,15.500131823233534,11.56908824921743,2.213447821299195,0.8429639508064735,0.7848285059232708,-0.0029067722441602573,-0.05140600461329705,-0.047860762915828005,0.0001772620848734383,-0.022251695205134467,-0.020717095535814797,7.672998346598083e-05,0.7496990507181258
121.05000000000001,15.542215300261153,11.608269417484523,2.2133027058611687,0.8403658816118742,0.7824096139145053,-0.002897813384868532,-0.05251584481106829,-0.048894062410304466,0.0001810891200381661,-0.022141492053761935,-0.02061449260177829,7.634997259917898e-05,0.7496990507181254
121.10000000000001,15.584167488837807,11.647328351676581,2.2131580431419384,0.8377124592129568,0.7799391861637893,-0.002888663652458474,-0.05362011175347955,-0.049922173011859916,0.00018489693708096378,-0.022028764990762603,-0.020509539818985845,7.596125858883658e-05,0.7496990507181256
121.15,15.625985628322487,11.686262481541632,2.213013842660957,0.8350039654273755,0.7774174850530751,-0.002879324018715089,-0.054718679244950566,-0.050944977228056985,0.00018868510084465656,-0.021913514016136445,-0.020402237187437333,7.556384143495318e-05,0.7496990507181251
121.2,15.667666972322726,11.725069250093572,2.2128701138885423,0.8322406883825697,0.7748447788389466,-0.002869795477181279,-0.05581142108989932,-0.05196235756645767,0.00019245317617206693,-0.021795739129883456,-0.02029258470713283,7.515772113752917e-05,0.7496990507181259
121.25,15.709208789010205,11.763746113906056,2.2127268662447923,0.8294229225157544,0.7722213416526007,-0.0028600790431577783,-0.05689821109274499,-0.05297419653462431,0.0001962007279060171,-0.021675440332003658,-0.02018058237807233,7.474289769656426e-05,0.7496990507181255
121.30000000000001,15.75060836143622,11.802290543406137,2.2125841090984957,0.8265509685739226,0.7695474534998611,-0.002850175753703186,-0.05797892305790624,-0.05398037664011929,0.0001999273208893317,-0.021552617622496995,-0.020066230200255778,7.431937111205857e-05,0.7496990507181257
121.35000000000001,15.79186298784712,11.840700023168008,2.212441851766045,0.8236251336138518,0.7668234002611745,-0.0028400866676339745,-0.05905343078980104,-0.05498078039050403,0.00020363251996483148,-0.021427271001363567,-0.019949528173683267,7.388714138401217e-05,0.7496990507181257
121.4,15.832969981999893,11.878972052206802,2.2123001035103456,0.8206457310020903,0.7640494736916036,-0.002829812865524455,-0.06012160809284856,-0.05597529029334139,0.00020731588997533997,-0.021299400468603295,-0.019830476298354726,7.34462085124251e-05,0.7496990507181259
121.45,15.873926673477564,11.917104144272225,2.2121588735397326,0.8176130804149736,0.7612259714208403,-0.0028193554497068095,-0.0611833287714675,-0.05696378885619347,0.00021097699576368086,-0.021169006024216164,-0.019709074574270194,7.299657249729708e-05,0.7496990507181261
121.5,15.91473040800474,11.955093828142338,2.2120181710068807,0.8145275078386109,0.7583531969531918,-0.002808715544271077,-0.06223846663007634,-0.05794615858662255,0.00021461540217267695,-0.02103608766820224,-0.019585323001429622,7.25382333386284e-05,0.7496990507181259
121.55000000000001,15.955378547763042,11.992938647917322,2.211878005007714,0.8113893455688918,0.7554314596675916,-0.0027978942950651477,-0.06328689547309435,-0.05892228199219073,0.00021823067404515243,-0.020900645400561444,-0.01945922157983302,7.207119103641873e-05,0.7496990507181261
121.60000000000001,15.995868471706654,12.030636163313096,2.211738384580322,0.8081989322114882,0.7524610748175937,-0.00278689286969479,-0.0643284891049387,-0.059892041580459854,0.00022182237622392687,-0.020762679221293916,-0.019330770309480473,7.159544559066863e-05,0.7496990507181251
121.65,16.036197575877807,12.0681839499552,2.21159931870387,0.804956612681845,0.749442363531375,-0.0027757124575236054,-0.0653631213300296,-0.06085531985899275,0.00022539007355182645,-0.020622189130399506,-0.019199969190371903,7.11109970013775e-05,0.7496990507181257
121.7,16.076363273722215,12.105579599672415,2.21146081629751,0.8016627382051909,0.7463756528117308,-0.002764354269673072,-0.0663906659527849,-0.061811999335351135,0.00022893333087167238,-0.02047917512787829,-0.019066818222507314,7.061784526854575e-05,0.7496990507181253
121.75,16.116362996404614,12.142820720790512,2.211322886219295,0.7983176663165314,0.7432612755360836,-0.0027528195390225285,-0.06741099677762359,-0.06276196251709747,0.00023245171302628824,-0.020333637213730237,-0.0189313174058867,7.01159903921731e-05,0.749699050718126
121.80000000000001,16.15619419312426,12.179904938426038,2.2111855372650893,0.7949217608606515,0.740099570456471,-0.0027411095202091477,-0.06842398760896433,-0.06370509191179409,0.00023594478485849805,-0.02018557538795532,-0.018793466740510065,6.960543237225961e-05,0.7496990507181259
121.85000000000001,16.195854331430304,12.216829894779943,2.2110487781674815,0.7914753919921199,0.7368908821995618,-0.0027292254896280036,-0.06942951225122537,-0.06464127002700258,0.00023941211121112225,-0.02003498965055363,-0.018653266226377488,6.90861712088056e-05,0.7496990507181256
121.9,16.235340897537483,12.253593249431448,2.2109126175946985,0.7879789361752748,0.7336355612666375,-0.002717168745431988,-0.07042744450882571,-0.06557037937028559,0.00024285325692698488,-0.01988188000152512,-0.01851071586348885,6.855820690181071e-05,0.7496990507181259
121.95,16.274651396641428,12.290192679631678,2.210777064149512,0.7844327761842408,0.7303339640336055,-0.0027049406075318676,-0.07141765818618406,-0.06649230244920531,0.0002462677868489099,-0.019726246440869778,-0.018365815651844204,6.8021539451275e-05,0.7496990507181258
122.0,16.313783353234225,12.326625880597389,2.210642126368158,0.7808373011029205,0.7269864527509964,-0.0026925424175962827,-0.0724000270877189,-0.06740692177132418,0.0002496552658197205,-0.019568088968587596,-0.018218565591443574,6.747616885719854e-05,0.7496990507181253
122.05000000000001,16.352734311419947,12.362890565804781,2.210507812719242,0.7771929063249914,0.7235933955439596,-0.0026799755390516967,-0.07337442501784917,-0.06831411984420402,0.0002530152586822391,-0.01940740758467855,-0.018068965682286865,6.692209511958112e-05,0.7496990507181258
122.10000000000001,16.391501835230002,12.398984467283109,2.2103741316026553,0.7734999935539185,0.720155166412272,-0.002667241357082484,-0.07434072578099296,-0.06921377917540694,0.0002563473302792861,-0.01924420228914279,-0.01791701592437425,6.635931823842326e-05,0.7496990507181265
122.15,16.43008350893882,12.434905335908562,2.210241091348487,0.7697589708029362,0.7166721452303225,-0.002654341278630822,-0.07529880318156967,-0.07010578227249549,0.00025965104545368797,-0.019078473081980126,-0.017762716317705582,6.578783821372444e-05,0.7496990507181261
122.2,16.468476937379176,12.470650941697858,2.2101087002159336,0.765970252395064,0.7131447177471314,-0.002641276732396776,-0.07624853102399724,-0.07099001164303163,0.00026292596904826704,-0.018910219963190637,-0.017606066862280903,6.520765504548487e-05,0.7496990507181264
122.25,16.506679746257753,12.506219074102049,2.2099769663922153,0.7621342589630976,0.7095732755863357,-0.002628049168838273,-0.07718978311269482,-0.07186634979457758,0.00026617166590584424,-0.018739442932774346,-0.017447067558100205,6.461876873370459e-05,0.7496990507181267
122.30000000000001,16.544689582470628,12.541607542300252,2.209845897991481,0.7582514174496147,0.7059582162461956,-0.0026146600601710903,-0.07812243325208112,-0.07273467923469581,0.0002693877008692451,-0.018566141990731182,-0.01728571840516345,6.40211792783834e-05,0.7496990507181261
122.35000000000001,16.582504114418725,12.576814175493302,2.209715503053729,0.7543221611069715,0.7022999430995973,-0.0026011109003688743,-0.07904635524657405,-0.07359488247094793,0.00027257363878129004,-0.018390317137061286,-0.017122019403470808,6.341488667952163e-05,0.7496990507181266
122.4,16.620121032323368,12.611836823197613,2.2095857895437128,0.7503469294973003,0.6985988653940398,-0.0025874032051631047,-0.0799614229005934,-0.07444684201089675,0.0002757290444848042,-0.01821196837176452,-0.016955970553022084,6.279989093711901e-05,0.7496990507181255
122.45,16.657538048541696,12.646673355538821,2.2094567653498567,0.7463261684925133,0.6948553982516531,-0.002573538512043155,-0.08086751001855691,-0.07529044036210429,0.00027885348282261026,-0.018031095694840932,-0.016787571853817348,6.217619205117551e-05,0.7496990507181263
122.5,16.694752897882214,12.68132166354552,2.2093284382831646,0.7422603302743056,0.6910699626691835,-0.002559518380256227,-0.0817644904048835,-0.07612556003213251,0.0002819465186375297,-0.017847699106290513,-0.016616823305856634,6.154379002169138e-05,0.749699050718126
122.55000000000001,16.731763337920267,12.71577965944301,2.2092008160761374,0.7381498733341444,0.6872429855179991,-0.0025453443908074005,-0.08265223786399244,-0.07695208352854423,0.0002850077167723871,-0.01766177860611319,-0.016443724909139833,6.0902684848666195e-05,0.7496990507181263
122.60000000000001,16.768567149313455,12.750045276947011,2.2090739063816778,0.733995262473285,0.6833748995440957,-0.0025310181464596087,-0.08353062620030109,-0.07776989335890061,0.0002880366420700043,-0.017473334194309197,-0.016268276663667123,6.025287653210052e-05,0.7496990507181264
122.65,16.80516213611725,12.784116471557441,2.2089477167720095,0.7297969688027556,0.6794661433680852,-0.002516541271733643,-0.08439952921822912,-0.0785788720307648,0.0002910328593732041,-0.01728236587087832,-0.016090478569438356,5.959436507199408e-05,0.749699050718126
122.7,16.841546126100404,12.817991220852102,2.208822254737585,0.7255554697433614,0.6755171614852016,-0.002501915412908153,-0.08525882072219518,-0.07937890205169848,0.000293995933524811,-0.017088873635820602,-0.015910330626453605,5.892715046834672e-05,0.7496990507181266
122.75,16.877716971060444,12.85166752478042,2.208697527685999,0.7212712490256947,0.6715284042653046,-0.002487142238019641,-0.0861083745166175,-0.08016986592926417,0.00029692542936764655,-0.016892857489136055,-0.01572783283471282,5.825123272115872e-05,0.7496990507181263
122.80000000000001,16.913672547139182,12.885143405957177,2.2085735429408992,0.7169447966901175,0.6675003279528705,-0.002472223436862477,-0.08694806440591511,-0.0809516461710241,0.0002998209117445352,-0.016694317430824644,-0.015542985194215972,5.756661183042966e-05,0.7496990507181263
122.85000000000001,16.949410755138153,12.918416909956212,2.2084503077409035,0.7125766090867812,0.663433394667006,-0.002457160720988907,-0.08777776419450621,-0.08172412528453984,0.0003026819454982976,-0.016493253460886512,-0.015355787704963222,5.68732877961603e-05,0.7496990507181264
122.9,16.984929520834218,12.951486105604276,2.208327829238503,0.7081671888756059,0.6593280724014289,-0.002441955823708991,-0.08859734768680953,-0.08248718577737428,0.0003055080954717583,-0.016289665579321492,-0.015166240366954438,5.617126061834988e-05,0.7496990507181264
122.95,17.020226795294914,12.984349085274575,2.2082061144989833,0.7037170450262995,0.6551848350244874,-0.002426610500090691,-0.08940668868724473,-0.08324071015708928,0.0003082989265077399,-0.016083553786129662,-0.014974343180189604,5.5460530296998656e-05,0.7496990507181256
123.0,17.055300555194027,13.017003965180656,2.208085170499331,0.6992266928183403,0.6510041622791471,-0.0024111265269597974,-0.09020566100022905,-0.08398458093124729,0.000311054003449065,-0.015874918081310974,-0.014780096144668776,5.4741096832106735e-05,0.7496990507181265
123.05000000000001,17.090148803127086,13.049448885670047,2.207965004127148,0.694696653840991,0.6467865397829944,-0.0023955057028999713,-0.09099413843018206,-0.08471868060741043,0.0003137728911385587,-0.015663758464865445,-0.014583499260391923,5.401296022367391e-05,0.7496990507181265
123.10000000000001,17.124769567926784,13.081682011518044,2.2078456221795624,0.6901274559932985,0.6425324590282456,-0.002379749848252755,-0.09177199478152177,-0.08544289169314051,0.0003164551544190407,-0.015450074936793203,-0.014384552527359106,5.327612047170053e-05,0.7496990507181261
123.15,17.15916090497854,13.113701532221407,2.2077270313621433,0.6855196334840785,0.6382424173817319,-0.0023638608051175154,-0.09253910385866754,-0.08615709669600036,0.0003191003581333364,-0.01523386749709404,-0.014183255945570265,5.25305775761863e-05,0.7496990507181273
123.2,17.193320896535965,13.145505662292116,2.207609238287807,0.6808737268319267,0.6339169180849007,-0.002347840437351478,-0.09329533946603727,-0.08686117812355154,0.0003217080671242663,-0.015015136145768125,-0.013979609515025429,5.1776331537131265e-05,0.7496990507181269
123.25,17.227247652036322,13.177092641551068,2.207492249475737,0.676190282865229,0.6295564702538371,-0.00233169063056976,-0.09404057540805053,-0.08755501848335687,0.0003242778462346569,-0.014793880882815321,-0.013773613235724543,5.101338235453547e-05,0.7496990507181269
123.30000000000001,17.260939308416056,13.208460735421856,2.2073760713502897,0.6714698547221376,0.6251615888792336,-0.002315413292145302,-0.09477468548912531,-0.08823850028297839,0.0003268092603073291,-0.014570101708235621,-0.013565267107667603,5.024173002839861e-05,0.7496990507181258
123.35000000000001,17.294394030426226,13.239608235224425,2.2072607102399098,0.666713001850592,0.620732794826417,-0.002299010351208944,-0.09549754351368034,-0.08891150602997788,0.00032930187418510446,-0.01434379862202927,-0.01335457113085476,4.9461374558721536e-05,0.7496990507181274
123.4,17.327610010948085,13.270533458468911,2.2071461723760413,0.661920290008306,0.6162706148353223,-0.0022824837586493387,-0.0962090232861345,-0.08957391823191789,0.00033175525271080875,-0.014114971624195992,-0.013141525305285862,4.867231594550333e-05,0.7496990507181267
123.45,17.360585471308497,13.301234749149298,2.20703246389204,0.6570922912627729,0.6117755815205157,-0.002265835487113018,-0.09690899861090602,-0.09022561939636048,0.00033416896072726237,-0.013883620714735936,-0.012926129630960969,4.7874554188744485e-05,0.7496990507181268
123.5,17.393318661595423,13.33171047803713,2.206919590822084,0.6522295839912692,0.6072482333711849,-0.002249067531004381,-0.09759734329241414,-0.09086649203086797,0.00033654256307729015,-0.01364974589364902,-0.012708384107880054,4.706808928844478e-05,0.749699050718127
123.55000000000001,17.42580786097348,13.361959042975316,2.206807559100092,0.6473327528808447,0.6026891147511343,-0.002232181906485672,-0.09827393113507729,-0.09149641864300251,0.00033887562460371433,-0.013413347160935256,-0.01248828873604308,4.625292124460425e-05,0.7496990507181268
123.60000000000001,17.45805137799931,13.39197886917178,2.206696374558623,0.6424023889283358,0.598098775898797,-0.0022151806514770253,-0.09893863594331394,-0.09211528174032639,0.00034116771014935823,-0.013174424516594712,-0.012265843515450212,4.542905005722306e-05,0.7496990507181257
123.65,17.490047550937213,13.421768409493271,2.2065860429278032,0.6374390894403479,0.5934777729272228,-0.0021980658256563756,-0.09959133152154286,-0.09272296383040154,0.0003434183845570441,-0.012932977960627349,-0.012041048446101285,4.459647572630104e-05,0.7496990507181264
123.7,17.52179474807452,13.451326144759044,2.206476569834226,0.632443458033273,0.5888266678240852,-0.0021808395104595695,-0.10023189167418255,-0.09331934742079016,0.00034562721266959487,-0.012689007493033179,-0.011813903527996335,4.375519825183844e-05,0.7496990507181273
123.75,17.553291368037147,13.480650584034587,2.2063679607998723,0.627416104633283,0.5841460284516806,-0.002163503809080287,-0.10086019020565248,-0.09390431501905533,0.00034779375932983593,-0.01244251311381212,-0.01158440876113539,4.290521763383492e-05,0.7496990507181271
123.80000000000001,17.58453584010507,13.509740264925412,2.206260221241017,0.6223576454763199,0.5794364285469216,-0.0021460608464700793,-0.1014761009203705,-0.09447774913275854,0.00034991758938058805,-0.012193494822964212,-0.011352564145518329,4.2046533872290245e-05,0.7496990507181269
123.85000000000001,17.61552662452775,13.538593753870678,2.206153356467146,0.6172687031081165,0.5746984477213545,-0.002128512769338338,-0.102079497622755,-0.09503953226946112,0.0003519982676646718,-0.011941952620489613,-0.011118369681145433,4.117914696720536e-05,0.7496990507181284
123.9,17.64626221283977,13.567209646437037,2.2060473716798628,0.6121499063841775,0.5699326714611326,-0.002110861746152341,-0.10267025411722519,-0.09558954693672661,0.0003540353590249152,-0.011687886506388108,-0.010881825368016448,4.030305691857964e-05,0.7496990507181259
123.95,17.67674112817615,13.595586567612289,2.2059422719718067,0.6070018904697876,0.5651396911270459,-0.002093109967137199,-0.1032482442082,-0.09612767564211677,0.0003560284283041383,-0.011431296480659797,-0.01064293120613147,3.941826372641301e-05,0.7496990507181263
124.0,17.706961925587983,13.623723172099169,2.2058380623255593,0.6018252968400094,0.5603201039544948,-0.0020752596442758973,-0.10381334170009757,-0.09665380089319393,0.0003579770403451643,-0.011172182543304652,-0.010401687195490469,3.8524767390705464e-05,0.7496990507181273
124.05000000000001,17.73692319235781,13.651618144609001,2.2057347476125595,0.5966207732796862,0.5554745130535046,-0.0020573130113092676,-0.10436542039733696,-0.09716780519752001,0.0003598807599908174,-0.010910544694322571,-0.010158093336093375,3.762256791145707e-05,0.7496990507181276
124.10000000000001,17.766623548315188,13.679270200155518,2.2056323325920166,0.5913889738834464,0.5506035274087281,-0.002039272323736024,-0.10490435410433616,-0.09766957106265725,0.00036173915208391786,-0.01064638293371386,-0.009912149627940426,3.671166528866839e-05,0.7496990507181263
124.15,17.796061646152125,13.706678084348537,2.2055308219098206,0.5861305590556827,0.5457077618794334,-0.002021139858812705,-0.10543001662551409,-0.09815898099616806,0.0003635517814672905,-0.010379697261478244,-0.009663856071031412,3.579205952233864e-05,0.7496990507181286
124.2,17.825236171738624,13.733840573687695,2.2054302200974534,0.5808461955105871,0.540787837199515,-0.0020029179155537456,-0.10594228176529016,-0.09863591750561475,0.0003653182129837598,-0.010110487677615791,-0.009413212665366348,3.486375061246809e-05,0.7496990507181269
124.25,17.854145844438122,13.760756475856192,2.2053305315709033,0.575536556272105,0.5358443799774802,-0.0019846088147314066,-0.1064410233280822,-0.09910026309855877,0.0003670380114761454,-0.009838754182126533,-0.009160219410945318,3.392673855905694e-05,0.7496990507181274
124.30000000000001,17.88278941742301,13.787424630014534,2.2052317606295757,0.5702023206739828,0.5308780226964708,-0.001966214898875809,-0.10692611511830888,-0.09955190028256322,0.0003687107417872729,-0.009564496775010362,-0.00890487630776822,3.2981023362104624e-05,0.7496990507181281
124.35000000000001,17.91116567799008,13.813843907094228,2.2051339114552064,0.5648441743597433,0.5258894037142472,-0.0019477385322749763,-0.10739743094038925,-0.09999071156518954,0.00037033596875996305,-0.009287715456267486,-0.008647183355835216,3.202660502161192e-05,0.7496990507181276
124.4,17.939273447876086,13.840013210091538,2.205036988110772,0.5594628092826774,0.5208791672631851,-0.001929182100974751,-0.1078548445987421,-0.10041657945400075,0.00037191325723704143,-0.009008410225897755,-0.008387140555146118,3.106348353757836e-05,0.7496990507181268
124.45,17.96711158357317,13.865931474361243,2.204940994539403,0.5540589237058584,0.5158479634502855,-0.0019105480127788288,-0.10829822989778529,-0.10082938645655837,0.0003734421720613286,-0.008726581083901189,-0.00812474790570108,3.0091658910004108e-05,0.7496990507181277
124.5,17.994678976644387,13.891597667910297,2.204845934563295,0.5486332222021452,0.5107964482571739,-0.0018918386972487827,-0.10872746064193815,-0.10122901508042477,0.00037492227807564994,-0.008442228030277816,-0.007860005407499964,2.911113113888883e-05,0.7496990507181285
124.55000000000001,18.021974554039154,13.917010791691634,2.204751811882624,0.5431864156541705,0.5057252835400936,-0.0018730566057040443,-0.10914241063561973,-0.10161534783316248,0.0003763531401228265,-0.0081553510650275,-0.007592913060542778,2.8121900224232575e-05,0.7496990507181283
124.60000000000001,18.048997278408766,13.942169879897826,2.2046586300744524,0.5377192212543512,0.500635137029917,-0.0018542042112219045,-0.10954295368324735,-0.10198826722233328,0.0003777343230456802,-0.007865950188150542,-0.007323470864829749,2.7123966166036293e-05,0.7496990507181281
124.65,18.075746148421914,13.967074000254902,2.204566392591649,0.5322323625048752,0.49552668233212815,-0.0018352840086375047,-0.10992896358924092,-0.10234765575549963,0.0003790653916870373,-0.007574025399646697,-0.007051678820360622,2.6117328964298707e-05,0.7496990507181274
124.7,18.10222019908012,13.991722254315983,2.204475102761793,0.5267265692177145,0.4904005989268408,-0.0018162985145438453,-0.11030031415801826,-0.1026933959402233,0.0003803459108897188,-0.007279576699515989,-0.006777536927135499,2.5101988619020533e-05,0.7496990507181275
124.75,18.128418502033252,14.016113777755104,2.2043847637860923,0.521202577514619,0.4852575721687859,-0.001797250267291796,-0.11065687919399846,-0.10302537028406715,0.0003815754454965462,-0.006982604087758475,-0.006501045185154382,2.4077945130201444e-05,0.7496990507181271
124.80000000000001,18.154340165895018,14.040247740660886,2.2042953787382933,0.5156611298271171,0.4800982932873198,-0.0017781418269900667,-0.11099853250159998,-0.10334346129459286,0.0003827535603503457,-0.006683107564374042,-0.006222203594417135,2.3045198497841472e-05,0.7496990507181284
124.85000000000001,18.1799843365584,14.06412334783025,2.204206950563592,0.5101029748965255,0.4749234593864235,-0.0017589757755052638,-0.11132514788524223,-0.10364755147936303,0.00038387982029393814,-0.006381087129362974,-0.00594101215492408,2.2003748721941067e-05,0.7496990507181278
124.9,18.205350197511294,14.087739839062248,2.204119482077547,0.5045288677739213,0.4697337734446875,-0.001739754716461795,-0.11163659914934258,-0.10393752334593916,0.00038495379017014736,-0.006076542782724987,-0.005657470866674923,2.095359580249978e-05,0.7496990507181266
124.95,18.23043697015177,14.111096489451668,2.2040329759649944,0.4989395698201756,0.4645299443153394,-0.001720481275241987,-0.11193276009832055,-0.10421325940188425,0.00038597503482179534,-0.005769474524460193,-0.005371579729669744,1.9894739739517684e-05,0.749699050718128
125.0,18.255243914103794,14.134192609682845,2.2039474347789527,0.4933358487059356,0.45931268672621833,-0.0017011580989859856,-0.11221350453659536,-0.10447464215476043,0.0003869431190917066,-0.005459882354568538,-0.005083338743908598,1.882718053299489e-05,0.7496990507181269
125.05000000000001,18.279770327532532,14.157027546323397,2.203862860939543,0.48771847841161986,0.4540827212797889,-0.0016817878565917994,-0.11247870626858421,-0.10472155411212944,0.00038785760782270414,-0.005147766273049988,-0.0047927479093912905,1.775091818293077e-05,0.7496990507181297
125.10000000000001,18.304015547459947,14.179600682117895,2.203779256732897,0.4820882392274406,0.4488407744531362,-0.001662373238715315,-0.11272823909870622,-0.10495387778155361,0.0003887180658576075,-0.004833126279904782,-0.004499807226118182,1.666595268932678e-05,0.7496990507181264
125.15,18.327978950080272,14.201911436281637,2.2036966243100675,0.47644591775337564,0.4435875785979749,-0.0016429169577702662,-0.11296197683138075,-0.10517149567059526,0.00038952405803924353,-0.00451596237513268,-0.004204516694088968,1.5572284052181573e-05,0.7496990507181294
125.2,18.351659951075444,14.22395926479439,2.2036149656859467,0.4707923068991866,0.4383238719406252,-0.0016234217479282333,-0.11317979327102597,-0.10537429028681644,0.0003902751492104331,-0.004196274558733746,-0.003906876313303787,1.4469912271495559e-05,0.749699050718128
125.25,18.375058005930672,14.245743660694089,2.20353428273817,0.46512820588441733,0.43305039858204614,-0.0016038903651186783,-0.11338156222206008,-0.1055621441377797,0.00039097090421400123,-0.0038740628307080043,-0.0036068860837625556,1.3358837347268739e-05,0.749699050718127
125.30000000000001,18.39817261024987,14.267264154370581,2.203454577206035,0.4594544202383807,0.42776790849780527,-0.0015843255870289,-0.11356715748890253,-0.10573493973104686,0.0003916108878927681,-0.0035493271910553366,-0.0033045460054652157,1.223905927950101e-05,0.7496990507181274
125.35000000000001,18.421003300071135,14.28852031385934,2.2033758506894103,0.45377176180018847,0.4224771575381095,-0.0015647302131040959,-0.11373645287597182,-0.10589255957418012,0.0003921946650895579,-0.0032220676397760203,-0.0029998560784120533,1.1110578068193006e-05,0.7496990507181279
125.4,18.44354965218233,14.309511745135284,2.203298104647647,0.448081048718708,0.41717890742776764,-0.001545107064547279,-0.11388932218768678,-0.10603488617474227,0.0003927218006471955,-0.00289228417686975,-0.0026928163026028102,9.973393713343771e-06,0.7496990507181303
125.45,18.465811284436427,14.33023809240634,2.2032213403984953,0.4423831054526015,0.41187392576621984,-0.001525458984319327,-0.11402563922846562,-0.10616180204029452,0.0003931918594085015,-0.0025599768023367286,-0.0023834266780375446,8.827506214954054e-06,0.7496990507181299
125.5,18.487787856067143,14.350699038407342,2.20314555911701,0.43667876277030515,0.40656298602752816,-0.0015057888371389817,-0.11414527780272633,-0.10627318967840015,0.0003936044062162981,-0.002225145516176846,-0.0020716872047162843,7.67291557302353e-06,0.7496990507181276
125.55000000000001,18.509479068004325,14.37089430469369,2.203070761834468,0.43096885775003024,0.4012468675603775,-0.0014860995094828663,-0.11424811171488941,-0.10636893159662032,0.00039395900591341124,-0.0018877903183900336,-0.0017575978826389392,6.509621787551654e-06,0.7496990507181299
125.60000000000001,18.53088466318947,14.390823651935037,2.202996949437278,0.42525423377977584,0.3959263555880724,-0.0014663939095854442,-0.11433401476937191,-0.10644891030251787,0.0003942552233426613,-0.001547911208976607,-0.0014411587118057507,5.33762485853985e-06,0.7496990507181309
125.65,18.55200442689125,14.410486880209106,2.202924122665892,0.41953574055731585,0.3906022412085399,-0.0014466749674390258,-0.11440286077059325,-0.10651300830365505,0.00039449262334687306,-0.0012055081879362506,-0.001122369692216423,4.156924785986911e-06,0.74969905071813
125.7,18.572838187020942,14.429883829295377,2.2028522821137213,0.4138142340902003,0.3852753213943285,-0.001426945634793789,-0.11445452352297142,-0.10656110810759387,0.0003946707707688675,-0.000860581255269088,-0.0008012308238711556,2.967521569893273e-06,0.7496990507181297
125.75,18.593385814447988,14.449014378968814,2.2027814282260416,0.4080905766957579,0.37994639899260785,-0.001407208885157793,-0.11448887683092622,-0.1065930922218963,0.0003947892304514691,-0.0005131304109750915,-0.00047774210676983805,1.7694152102587218e-06,0.7496990507181318
125.80000000000001,18.613647223315354,14.467878449293618,2.202711561298913,0.40236563700110556,0.37461628272516934,-0.0013874677137969205,-0.11450579449887521,-0.10660884315412479,0.00039484756723750104,-0.00016315565505416155,-0.0001519035409124053,5.626057070830225e-07,0.7496990507181271
125.85000000000001,18.633622371355184,14.486476000916918,2.2026426814780855,0.39664028994312944,0.36928578718843574,-0.0013677251377349317,-0.11450515033123775,-0.10660824341184115,0.00039484534596978484,0.00018934301249340284,0.0001762848737008368,-6.529069396325802e-07,0.7496990507181309
125.9,18.65331126020421,14.504807035362552,2.2025747887579166,0.390915416768502,0.3639557328534372,-0.0013479841957534616,-0.11448681813243228,-0.10659117550260888,0.00039478213149114543,0.0005443655916678731,0.0005068231370701938,-1.8771227298894394e-06,0.7496990507181301
125.95,18.672713935719205,14.522871595324792,2.2025078829802784,0.3851919050336658,0.3586269460658305,-0.0013282479483919575,-0.11445067170687728,-0.10655752193398825,0.0003946574886444035,0.000901912082469177,0.0008397112491955182,-3.1100416636869966e-06,0.7496990507181296
126.0,18.6918304882925,14.540669764962004,2.2024419638334742,0.37947064860485324,0.3533002590459017,-0.001308519477947776,-0.11439658485899121,-0.10650716521354323,0.0003944709822723839,0.0012619824848972873,0.0011749492100768652,-4.351663741025358e-06,0.7496990507181298
126.05000000000001,18.710661053167545,14.55820167019049,2.2023770308511463,0.37375254765806415,0.3479765098885462,-0.001288801888476086,-0.1143244313931936,-0.1064399878488349,0.0003942221772179089,0.0016245767989523346,0.0015125370197143304,-5.601988961904775e-06,0.7496990507181297
126.10000000000001,18.72920581075426,14.57546747897813,2.202313083411192,0.36803850867909277,0.34265654256329864,-0.0012690983057899825,-0.11423408511390233,-0.10635587234742604,0.0003939106383238021,0.0019896950246340093,0.0018524746781075985,-6.861017326324392e-06,0.7496990507181321
126.15,18.747464986944674,14.592467401638162,2.2022501207346736,0.3623294444634936,0.33734120691428965,-0.0012494118774603253,-0.11412541982553623,-0.1062547012168783,0.0003935359304328846,0.002357337161942621,0.0021947621852569854,-8.128748834285064e-06,0.7496990507181281
126.2,18.765438853428268,14.609201691122887,2.20218814188473,0.3566262741166154,0.33203135866030037,-0.0012297457728159243,-0.11399830933251444,-0.1061363569647542,0.00039309761838798136,0.0027275032108780664,0.002539399541162394,-9.405183485786539e-06,0.7496990507181293
126.25,18.78312772800757,14.625670643317402,2.2021271457654916,0.35092992305357895,0.3267278593947154,-0.0012101031829433847,-0.11385262743925499,-0.10600072209861591,0.00039259526703191316,0.00310019317144029,0.0028863867458237703,-1.0690321280828714e-05,0.7496990507181304
126.30000000000001,18.80053197491361,14.641874597333377,2.2020671311209874,0.3452413229992868,0.32143157658554566,-0.001190487320687193,-0.11368824795017672,-0.10584767912602586,0.00039202844120750645,0.003475407043629455,0.0032357237992412962,-1.198416221941217e-05,0.7496990507181287
126.35000000000001,18.817652005121374,14.657813935802668,2.2020080965340645,0.33956141198841955,0.3161433835754281,-0.0011709014206497245,-0.11350504466969803,-0.1056771105545464,0.0003913967057575806,0.0038531448274452674,0.003587410701414618,-1.3286706301535478e-05,0.749699050718129
126.4,18.834488276665393,14.673489085171235,2.201950040425292,0.33389113436543455,0.31086415958161656,-0.0011513487391911594,-0.1133028914022381,-0.10548889889173872,0.00039069962552495924,0.004233406522887938,0.003941447452344034,-1.459795352720007e-05,0.7496990507181326
126.45,18.851041294955117,14.6889005159927,2.2018929610518794,0.32823144078457056,0.3055947896959831,-0.0011318325544295601,-0.11308166195221547,-0.10528292664516577,0.00038993676535246653,0.004616192129957525,0.0042978340520295,-1.5917903896405465e-05,0.7496990507181303
126.5,18.867311613090447,14.704048743222154,2.2018368565065844,0.32258328820984933,0.30033616488503473,-0.00111235616624086,-0.11284123012404858,-0.10505907632238953,0.00038910769008292746,0.005001501648653863,0.004656570500470906,-1.724655740915145e-05,0.7496990507181287
126.55000000000001,18.88329983217726,14.718934326509874,2.2017817247166307,0.3169476399150589,0.2950891819898882,-0.0010929228962588355,-0.11258146972215646,-0.10481723043097262,0.0003882119645591607,0.0053893350789771715,0.005017656797668492,-1.8583914065438623e-05,0.7496990507181341
126.60000000000001,18.89900660164283,14.733557870495067,2.2017275634426112,0.3113254654837864,0.2898547437262888,-0.0010735360878751312,-0.11230225455095696,-0.10455727147847677,0.00038724915362399015,0.005779692420927067,0.005381092943621839,-1.9929973865265948e-05,0.7496990507181327
126.65,18.914432619551413,14.747920025099607,2.201674370277409,0.30571774080938335,0.28463375868459967,-0.0010541991062392453,-0.11200345841486982,-0.10427908197246467,0.0003862188221202418,0.006172573674503933,0.005746878938331312,-2.128473680863446e-05,0.7496990507181267
126.7,18.929578632919593,14.762021485821727,2.2016221426451055,0.3001254480949756,0.2794271413298083,-0.0010349153382585336,-0.11168495511831272,-0.10398254442049752,0.0003851205348907347,0.006567978839707579,0.006115014781796807,-2.2648202895543557e-05,0.7496990507181305
126.75,18.944445438031963,14.77586299402976,2.20157087779989,0.2945495758534817,0.2742358120015231,-0.0010156881925982263,-0.11134661846570565,-0.10366754133013864,0.0003839538567782939,0.0069659079165380585,0.006485500474018298,-2.4020372125993462e-05,0.7496990507181347
126.80000000000001,18.959033880756365,14.789445337255966,2.201520572824978,0.28899111890759804,0.2690606969139745,-0.0009965210996813695,-0.11098832226146542,-0.10333395520894992,0.0003827183526257422,0.007366360904995485,0.006858336014995889,-2.5401244499984674e-05,0.7496990507181316
126.85000000000001,18.973344856859676,14.802769349490061,2.2014712246315185,0.2834510783897908,0.263902728156016,-0.0009774175116889358,-0.11060994031001214,-0.10298166856449345,0.00038141358727590476,0.00776933780507949,0.00723352140472929,-2.6790820017515797e-05,0.7496990507181317
126.9,18.987379312323018,14.815835911473172,2.201422829957507,0.27793046174231195,0.25876284369112207,-0.0009583809025596926,-0.11021134641576373,-0.10261056390433157,0.00038003912557160025,0.008174838616790499,0.00761105664321882,-2.818909867858812e-05,0.7496990507181321
126.95,19.00113824365745,14.828645950991437,2.201375385366699,0.2724302827171859,0.2536419873573849,-0.0009394147679903066,-0.10979241438313943,-0.10222052373602575,0.0003785945323556531,0.008582863340128286,0.007990941730464345,-2.9596080483201246e-05,0.7496990507181341
127.0,19.014622698219306,14.841200443169718,2.20132888724752,0.2669515613762289,0.24854110886752667,-0.0009205226254352775,-0.10935301801655702,-0.10181143056713884,0.00037707937247088654,0.00899341197509288,0.008373176666465865,-3.101176543135496e-05,0.7496990507181308
127.05000000000001,19.02783377452584,14.853500410765458,2.2012833318119798,0.2614953240910227,0.2434611638088853,-0.0009017080141069727,-0.10889303112043593,-0.10138316690523276,0.00037549321076012335,0.009406484521684423,0.008757761451223516,-3.243615352304989e-05,0.7496990507181286
127.10000000000001,19.04077262257052,14.865546924462212,2.2012387150945845,0.2560626035429373,0.2384031136434297,-0.0008829744949756541,-0.10841232749919483,-0.10093561525787029,0.0003738356120661898,0.009822080979902566,0.00914469608473697,-3.386924475828492e-05,0.7496990507181355
127.15,19.05344044413876,14.877341103163678,2.201195032951246,0.25065443872311716,0.2333679257077322,-0.0008643256507693631,-0.1079107809572524,-0.10046865813261327,0.00037210614123190343,0.01024020134974766,0.00953398056700653,-3.531103913706116e-05,0.7496990507181295
127.2,19.065838493123128,14.888884114287084,2.2011522810581963,0.24527187493248168,0.22835657321300573,-0.0008457650859740835,-0.10738826529902595,-0.09998217803702364,0.00037030436310009053,0.01066084563121959,0.009925614898032084,-3.676153665937799e-05,0.7496990507181365
127.25,19.077968075839163,14.900177174057152,2.2011104549109,0.2399159637817431,0.22337003524507903,-0.000827296426833605,-0.10684465432893635,-0.09947605747866448,0.00036842984251357424,0.011084013824318268,0.01031959907781366,-3.8220737325235626e-05,0.749699050718142
127.30000000000001,19.0898305513405,14.911221547799782,2.201069549822964,0.23458776319137825,0.21840929676439325,-0.0008089233213495921,-0.10627982185140035,-0.09895017896509675,0.00036648214431517386,0.011509705929043957,0.010715933106351373,-3.9688641134634596e-05,0.7496990507181395
127.35000000000001,19.101427331734655,14.922018550235707,2.201029560925053,0.2292883373916547,0.21347534860602735,-0.0007906494392815623,-0.10569364167083801,-0.09840442500388315,0.0003644608333477185,0.01193792194539621,0.011114616983644852,-4.116524808757353e-05,0.7496990507181337
127.4,19.112759882498324,14.932569545774307,2.2009904831637987,0.2240187569226094,0.20856918747967448,-0.0007724784721469265,-0.10508598759166708,-0.09783867810258608,0.0003623654744540246,0.012368661873375418,0.011515650709694441,-4.2650558184053374e-05,0.749699050718133
127.45,19.123829722793065,14.942875948807345,2.2009523113007132,0.21878009863405767,0.20369181596964622,-0.000754414133220893,-0.10445673341830707,-0.0972528207687675,0.0003601956324769201,0.012801925712981489,0.01191903428450008,-4.414457142407434e-05,0.7496990507181398
127.5,19.134638425780555,14.952939224002598,2.2009150399111013,0.21357344568560507,0.19884424253487798,-0.0007364601575365727,-0.10380575295517555,-0.09664673550999048,0.0003579508722592259,0.01323771346421431,0.012324767708061686,-4.564728780763579e-05,0.7496990507181351
127.55000000000001,19.145187618938273,14.962760886597724,2.2008786633829716,0.20839988754663058,0.19402748150893434,-0.0007186203018849377,-0.10313292000669146,-0.09602030483381555,0.0003556307586437651,0.013676025127074143,0.01273285098037943,-4.7158707334738576e-05,0.7496990507181306
127.60000000000001,19.15547898437488,14.972342502693879,2.2008431759159492,0.20326051999628428,0.18924255309999544,-0.0007008983448147743,-0.10243810837727428,-0.09537341124780634,0.0003532348564733597,0.014116860701560508,0.013143284101452993,-4.8678830005381316e-05,0.7496990507181418
127.65,19.16551425914568,14.981685689549456,2.2008085715201875,0.198156445123509,0.18449048339086033,-0.0006832980866327944,-0.10172119187134167,-0.09470593725952474,0.0003507627305908342,0.014560220187673856,0.01355606707128264,-5.020765581956529e-05,0.7496990507181436
127.7,19.1752952355683,14.990792115873944,2.2007748440152817,0.19308877132702115,0.1797723043389551,-0.0006658233494035305,-0.1009820442933136,-0.0940177653765325,0.00034821394583901084,0.015006103585413984,0.013971199889868306,-5.174518477728996e-05,0.7496990507181365
127.75,19.184823761537974,14.999663502121578,2.2007419870291796,0.18805861331530727,0.17508905377632714,-0.0006484779769493424,-0.10022053944760699,-0.09330877810639163,0.0003455880670607128,0.015454510894780947,0.014388682557209941,-5.329141687855522e-05,0.749699050718143
127.80000000000001,19.19410174084306,15.008301620784938,2.200709993997093,0.1830670921066467,0.1704417754096388,-0.0006312658348505064,-0.09943655113864074,-0.09257885795666478,0.0003428846590987617,0.015905442115774843,0.014808515073307747,-5.484635212336183e-05,0.7496990507181309
127.85000000000001,19.203131133480657,15.01670829668889,2.2006788581604115,0.17811533502908977,0.16583151882019095,-0.0006141908104451395,-0.0986299531708351,-0.09182788743491482,0.0003401032867959831,0.01635889724839537,0.015230697438161307,-5.640999051170837e-05,0.7496990507181361
127.9,19.211913955971948,15.024885407284248,2.2006485725656137,0.17320447572047182,0.1612593394638902,-0.0005972568128292064,-0.09780061934860806,-0.09105574904870332,0.0003372435149952012,0.016814876292642864,0.01565522965177101,-5.798233204359615e-05,0.7496990507181325
127.95,19.22045228167781,15.03283488294142,2.20061913006318,0.16833565412839727,0.15672629867127014,-0.0005804677728565332,-0.096948423476377,-0.09026232530559165,0.00033430490853923235,0.017273379248517077,0.016082111714136708,-5.956337671902474e-05,0.7496990507181363
128.0,19.228748241114186,15.040558707244253,2.200590523306503,0.16351001651025907,0.15223346364748566,-0.0005638276431388315,-0.09607323935856235,-0.08944749871314375,0.00033128703227090404,0.01773440611601821,0.0165113436252584,-6.115312453799392e-05,0.7496990507181345
128.05,19.236804022267687,15.04805891728373,2.200562744750801,0.15872871543322298,0.14778190747231906,-0.0005473403980456095,-0.09517494079958186,-0.08861115177892008,0.0003281894510330394,0.01819795689514625,0.016942925385136264,-6.275157550050457e-05,0.7496990507181513
128.1,19.24462187091097,15.055337603951623,2.2005357866520314,0.1539929097742461,0.14337270910016298,-0.0005310100337042988,-0.09425340160385375,-0.08775316701048405,0.00032501172966846193,0.01866403158590073,0.017376856993769726,-6.435872960655445e-05,0.7496990507181341
128.15,19.252204090918326,15.062396912234316,2.200509641065799,0.14930376472004783,0.1390069533600492,-0.0005148405680001584,-0.09330849557579775,-0.0868734269153975,0.0003217534330199927,0.019132630188282467,0.01781313845115961,-6.597458685614662e-05,0.749699050718141
128.20000000000002,19.259553044581157,15.069239041506643,2.200484299846272,0.14466245176712864,0.13468573095560896,-0.0004988360405763033,-0.09234009651983154,-0.08597181400122185,0.00031841412593045426,0.019603752702290984,0.01825176975730549,-6.759914724927958e-05,0.7496990507181481
128.25,19.266671152923337,15.075866245825218,2.200459754645092,0.14007014872178794,0.13041013846511845,-0.00048300051283375444,-0.09134807824037507,-0.08504821077552073,0.0003149933732426726,0.02007739912792607,0.018692750912207085,-6.923241078595212e-05,0.7496990507181457
128.3,19.273560896016892,15.082280834222644,2.2004359969102865,0.13552803970007907,0.12618127834145607,-0.0004673380679312968,-0.09033231454184519,-0.08410249974585532,0.0003114907397994662,0.020553569465188225,0.019136081915864984,-7.087437746616649e-05,0.7496990507181368
128.35,19.280224813297334,15.088485171000967,2.200413017885182,0.1310373151278482,0.12200025891214136,-0.0004518528107856901,-0.08929267922866274,-0.08313456341978873,0.00030790579044366503,0.02103226371407684,0.019581762768278523,-7.252504728992037e-05,0.7496990507181523
128.4,19.286665503879256,15.094481676025541,2.200390808607313,0.12659917174071555,0.11786819437929204,-0.0004365488680714434,-0.08822904610524417,-0.08214428430488155,0.00030423809001808275,0.02151348187459264,0.020029793469448443,-7.418442025721635e-05,0.7496990507181461
128.45000000000002,19.292885626871737,15.10027282501854,2.200369359907339,0.12221481258408695,0.11378620481967217,-0.00042143038822097846,-0.08714128897600901,-0.08113154490869746,0.0003004872033655481,0.0219972239467353,0.020480174019374325,-7.585249636805304e-05,0.7496990507181462
128.5,19.298887901693906,15.10586114985298,2.200348662407952,0.11788544701314081,0.10975541618465039,-0.00040650154142461963,-0.08602928164537685,-0.0800962277387982,0.00029665269532888573,0.022483489930504467,0.020932904418056,-7.752927562242958e-05,0.7496990507181336
128.55,19.304675108390406,15.111249238846243,2.200328706522792,0.11361229069282772,0.10577696030022431,-0.0003917665196304429,-0.08489289791776462,-0.07903821530274567,0.00029273413075091184,0.022972279825900797,0.021387984665493933,-7.921475802034788e-05,0.7496990507181498
128.6,19.310250087946788,15.116439737053925,2.2003094824553564,0.10939656559790428,0.10185197486701977,-0.0003772295365444969,-0.08373201159759312,-0.0779573901081034,0.00028873107447445874,0.023463593632923545,0.0218454147616875,-8.090894356180556e-05,0.749699050718151
128.65,19.315615742605175,15.12143534656344,2.200290980197913,0.10523950001287569,0.0979816034602686,-0.0003628948276306031,-0.082546496489279,-0.0768536346624311,0.00028464309134234103,0.023957431351573463,0.022305194706637475,-8.261183224680537e-05,0.7496990507181499
128.70000000000002,19.320775036179633,15.126238826787963,2.200273189530415,0.1011423285320373,0.09416699552983426,-0.0003487666501104725,-0.08133622639724129,-0.07572683147329301,0.0002804697461973845,0.02445379298185027,0.022767324500343446,-8.432342407534609e-05,0.7496990507181583
128.75,19.325730994371668,15.13085299475987,2.2002561000194083,0.0971062920594748,0.09040930640020593,-0.0003348492829637051,-0.08010107512590026,-0.07457686304825112,0.0002762106038824148,0.024952678523753546,0.023231804142805124,-8.604371904742643e-05,0.7496990507181533
128.8,19.330486705085775,15.13528072542471,2.2002397010169457,0.09313263780902879,0.08670969727047936,-0.000321147026927689,-0.0788409164796723,-0.07340361189486658,0.00027186522924024944,0.02545408797728402,0.02369863363402314,-8.777271716304867e-05,0.749699050718149
128.85,19.33504531874484,15.139524951934868,2.2002239816595006,0.08922261930434874,0.08306933521439723,-0.0003076642044977612,-0.07755562426297812,-0.07220696052070348,0.0002674331871137187,0.02595802134244082,0.024167812973996755,-8.951041842221012e-05,0.7496990507181459
128.9,19.339410048605693,15.14358866594324,2.200208930866877,0.08537749637883198,0.07948939318030022,-0.00029440515992700775,-0.07624507228023485,-0.07098679143332137,0.0002629140423456365,0.02646447861922494,0.024639342162726764,-9.125682282491386e-05,0.749699050718177
128.95000000000002,19.343584171074603,15.147474917897062,2.200194537341122,0.08159853517568094,0.0759710499911582,-0.0002813742592264976,-0.0749091343358616,-0.06974298714028412,0.0002583073597788332,0.026973459807635863,0.025113221200212796,-9.301193037115831e-05,0.7496990507181701
129.0,19.347571026022685,15.151186817331501,2.2001807895654397,0.07788700814786914,0.07251549034457211,-0.00026857589016506537,-0.07354768423427743,-0.06847543014915403,0.0002536127042561296,0.02748496490767325,0.025589450086454472,-9.477574106094246e-05,0.7496990507181538
129.05,19.351374017101513,15.154727533163467,2.2001676758030984,0.0742441940581361,0.06912390481275171,-0.0002560144622694383,-0.0721605957799001,-0.06718400296749254,0.0002488296406203453,0.027998993919337842,0.02606802882145252,-9.654825489426861e-05,0.7496990507181553
129.1,19.3549966120585,15.158100293985521,2.20015518409635,0.07067137797901536,0.06579748984253883,-0.0002436944068241942,-0.07074774277714985,-0.06586858810286306,0.0002439577337143095,0.028515546842628747,0.02654895740520616,-9.832947187113396e-05,0.7496990507181795
129.15,19.358442343052435,15.161308388359206,2.200143302265337,0.06716985129281923,0.06253744775539015,-0.00023162017687179356,-0.06930899903044425,-0.06452906806282642,0.0002389965483808422,0.029034623677546955,0.027032235837716228,-0.00010011939199154153,0.749699050718178
129.20000000000002,19.361714806969005,15.164355165109109,2.200132017907004,0.06374091169163079,0.05934498674738542,-0.0002197962472125255,-0.06784423834420077,-0.0631653253549451,0.0002339456494627613,0.029556224424092024,0.027517864118982292,-0.00010191801525548991,0.7496990507181667
129.25,19.364817665736233,15.167244033616502,2.200121318394013,0.06038586317731842,0.0562213208892338,-0.0002082271144045417,-0.06635333452284116,-0.06177724248678212,0.00022880460180289984,0.03008034908226355,0.028005842249004105,-0.00010372534166297795,0.7496990507181803
129.3,19.3677546466399,15.169978464113036,2.200111190873656,0.05710601606152597,0.05316767012625382,-0.00019691729676388182,-0.06483616137078062,-0.06036470196589876,0.00022357297024407175,0.03060699765206223,0.028496170227782187,-0.00010554137121400806,0.7496990507181759
129.35,19.3705295426392,15.172561987974452,2.2001016222667613,0.05390268696568142,0.050185260278396975,-0.0001858713343644253,-0.06329259269244135,-0.0589275862998584,0.00021825031962910863,0.03113617013348727,0.028988848055315874,-0.00010736610390857708,0.7496990507181635
129.4,19.37314621268214,15.174998198014428,2.200092599266614,0.05077719882098044,0.04727532304022894,-0.0001750937890378699,-0.06172250229223914,-0.05746577799622189,0.00021283621480082447,0.031667866526539676,0.02948387573160595,-0.0001091995397466888,0.7496990507181852
129.45000000000002,19.375608582021,15.1772907487782,2.2000841083378586,0.04773088086840799,0.04443909598093934,-0.00016458924437382858,-0.0601257639745929,-0.0559791595625507,0.00020733022060204283,0.03220208683121873,0.02998125325665202,-0.00011104167872834089,0.7496990507182115
129.5,19.37792064252787,15.179443356836314,2.2000761357154213,0.04476506865873779,0.041677822544347286,-0.00015436230571979018,-0.05850225154392335,-0.054467613506410564,0.00020173190187559693,0.032738831047524446,0.030480980630453885,-0.00011289252085353285,0.7496990507181867
129.55,19.380086453010108,15.181459801078372,2.200068667403414,0.04188110405249684,0.03899275204888188,-0.00014441760018102414,-0.05685183880464665,-0.05293102233535977,0.00019604082346429765,0.03327809917545722,0.030983057853012027,-0.00011475206612226665,0.7496990507181949
129.6,19.38211013952584,15.183343923006852,2.2000616891740488,0.03908033522001116,0.03638513968760248,-0.00013475977662073246,-0.055174399561184286,-0.05136926855696362,0.00019025655021097975,0.03381989121501639,0.03148748492432574,-0.0001166203145345397,0.749699050718205
129.65,19.383995895699456,15.185099627030581,2.2000551865665536,0.03636411664137392,0.03385624652818203,-0.00012539350565990556,-0.05346980761795163,-0.04978223467878166,0.0001843786469584548,0.03436420716620289,0.0319942618443959,-0.00011849726609035511,0.7496990507182173
129.70000000000002,19.385747983037206,15.186730880758795,2.200049144886079,0.03373380910646479,0.031407339512921816,-0.00011632347967747269,-0.05173793677936835,-0.04816980320837678,0.0001784066785495475,0.03491104702901614,0.03250338861322206,-0.00012038292078971115,0.7496990507182246
129.75,19.387370731242356,15.188241715294618,2.2000435492026127,0.0311907797149523,0.029039691458756105,-0.00010755441281018443,-0.04997866084985613,-0.04653185665331347,0.00017234020982709065,0.03546041080345594,0.033014865230803894,-0.000122277278632607,0.7496990507182516
129.8,19.38886853853107,15.189636225528945,2.200038384349893,0.028736401876257235,0.026754581057212293,-9.909104095260897e-05,-0.04819185363382964,-0.04486827752115075,0.0001661788056338944,0.03601229848952286,0.03352869169714207,-0.00012418033961904463,0.7496990507182602
129.85,19.390245871947698,15.190918570434084,2.2000336349243184,0.026372055309605333,0.02455329287446639,-9.093812175727073e-05,-0.04637738893571037,-0.043178948319453674,0.00015992203081279432,0.03656671008721617,0.03404486801223583,-0.00012609210374902146,0.7496990507182513
129.9,19.39150726768019,15.192092973357456,2.2000292852838617,0.024099126043982063,0.02243711735130043,-8.310043463443202e-05,-0.04453514055991497,-0.041463751555782226,0.00015356945020660287,0.037123645596536754,0.03456339417608605,-0.00012801257102254093,0.7496990507182751
129.95000000000002,19.392657331375883,15.193163722315498,2.20002531954698,0.021919006418166995,0.020407350803125467,-7.5582780752304e-05,-0.04266498231086169,-0.03972256973769852,0.00014712062865814511,0.03768310501748415,0.03508427018869224,-0.00012994174143960089,0.7496990507182336
130.0,19.393700738456637,15.19413517028726,2.200021721591529,0.01983309508070941,0.01846529541997517,-6.838998303693355e-05,-0.04076678799297229,-0.0379552853727669,0.00014057513101025065,0.03824508835005803,0.035607496050054165,-0.00013187961500020053,0.7496990507182415
130.05,19.394642234434553,15.195011735508082,2.200018475053674,0.017842796989943278,0.016612259266501696,-6.152688617221506e-05,-0.038840431410662186,-0.036161780968546685,0.0001339325221057318,0.03880959559425909,0.0361330717601724,-0.00013382619170434202,0.749699050718208
130.1,19.395486635227392,15.19579790176345,2.200015563326802,0.015949523413978157,0.014849556281987005,-5.4998356599933194e-05,-0.03688578636835304,-0.034341939032603984,0.0001271923667874264,0.03937662675008653,0.03666099731904615,-0.00013578147155202293,0.749699050718371
130.15,19.396238827474,15.196498218682722,2.2000129695604347,0.014154691930700668,0.013178506280313529,-4.8809282519657096e-05,-0.03490272667046039,-0.03249564207249658,0.00012035422989813924,0.03994618181754121,0.03719127272667638,-0.00013774545454324591,0.749699050718352
130.20000000000002,19.396903768849967,15.197117302032762,2.2000106766591383,0.012459726427785029,0.011600434950014407,-4.296457388891405e-05,-0.03289112612140438,-0.03062277259578935,0.00011341767628070617,0.0405182607966228,0.037723897983062686,-0.0001397181406780099,0.7496990507184536
130.25,19.397486488382906,15.197659834011718,2.2000086672814385,0.010866057102673524,0.010116673854220864,-3.7469162423005746e-05,-0.03085085852560464,-0.028723213110044506,0.00010638227077794588,0.04109286368733077,0.0382588730882046,-0.00014169952995631325,0.7496990507184981
130.3,19.397992086768124,15.1981305635428,2.2000069238387305,0.009375120462597487,0.008728560430699242,-3.2328001595166564e-05,-0.028781797687478173,-0.02679684612282319,9.924757823268295e-05,0.04166999048966598,0.03879619804210296,-0.00014368962237815876,0.7496990507184119
130.35,19.398425736684043,15.198534306567929,2.200005428494193,0.007988359324555579,0.007437437991834032,-2.754606663640032e-05,-0.02668381741144465,-0.024843554141688415,9.201316348773965e-05,0.0422496412036275,0.0393358728447567,-0.00014568841794354337,0.7496990507185551
130.4,19.398792683107587,15.198875946341557,2.2000041631616982,0.006707222815344384,0.006244655724636182,-2.312835453567225e-05,-0.024556791501921582,-0.022863219674202347,8.467859138593713e-05,0.04283181582921632,0.03987789749616705,-0.0001476959166524704,0.74969905071854
130.45000000000002,19.399098243629833,15.19916043372433,2.2000031095047246,0.005533166371515158,0.005151568690725731,-1.9079884039708962e-05,-0.022400593763327894,-0.02085572522792557,7.724342677009788e-05,0.043416514366432006,0.04042227199633336,-0.0001497121185049382,0.7496990507185818
130.5,19.399347808771417,15.199392787476853,2.2000022489352706,0.004467651739420786,0.004159537826363167,-1.540569565318362e-05,-0.020215098000084628,-0.018820953310422578,6.970723448305114e-05,0.04400373681527411,0.040968996345255276,-0.00015173702350094534,0.7496990507188301
130.55,19.399546842298083,15.199578094553399,2.2000015626127656,0.0035121469751794782,0.00326992994241496,-1.2110851638554155e-05,-0.018000178016607308,-0.01675878642925393,6.206957936760985e-05,0.04459348317574346,0.04151807054293363,-0.000153770631640495,0.7496990507191125
130.6,19.399700881535985,15.199721510395573,2.200001031442979,0.0026681264446946715,0.002484117724375033,-9.200436016187356e-06,-0.01575570761731756,-0.014669107091984136,5.4330026266611556e-05,0.04518575344783906,0.04206949458936754,-0.0001558129429235834,0.7496990507189565
130.65,19.39981553768751,15.199828259226345,2.2000006360769397,0.0019370708236378423,0.0018034797323618317,-6.6795545642730685e-06,-0.013481560606630447,-0.01255179780617206,4.648814002286192e-05,0.04578054763156203,0.04262326848455789,-0.00015786395735021422,0.7496990507207124
130.70000000000002,19.399896496146436,15.199903634343269,2.2000003569098396,0.0013204670974760096,0.0012294004011051242,-4.5533348188883825e-06,-0.0111776107889659,-0.01040674107938148,3.854348547919333e-05,0.046377865726911854,0.04317939222850426,-0.00015992367492038598,0.7496990507208673
130.75,19.39994951681357,15.19995299841269,2.2000001740799533,0.0008198085614514561,0.0007632700399735493,-2.8269260739747096e-06,-0.008843731968744611,-0.008233819419175647,3.0495627478429332e-05,0.04697770773388804,0.04373786582120617,-0.00016199209563409704,0.7496990507191286
130.8,19.399980434412303,15.199981783763219,2.200000067467544,0.0004365948205727985,0.00040648483295485167,-1.505499381282398e-06,-0.006479797950383251,-0.006032915333114522,2.234413086338998e-05,0.047580073652491485,0.044298689262664594,-0.00016406921949135018,0.7496990507276672
130.85,19.399995158803968,15.199995492679603,2.2000000166937794,0.0001723317896395304,0.00016044683863475722,-5.942475504861923e-07,-0.004085682538302783,-0.003803911328763695,1.4088560476907542e-05,0.04818496348272122,0.044861862552878495,-0.0001661550464921425,0.7496990507337015
130.9,19.399999811004847,15.199999716381978,2.2000000045374546,3.670862969451709e-05,2.775528747701134e-05,1.0520220709509459e-07,-0.0013470305206101348,-0.0015079905370183526,1.3807644308390942e-05,0.054846632751339094,0.046166817383198805,-1.2364796017260874e-05,0.7477569031277082
130.95000000000002,19.40002539645959,15.200003524367935,2.20000063865433,0.0015342807086382085,0.00022827956668004958,3.802868701011114e-05,0.05952139721227024,0.007971449653226891,0.001507222623761377,1.1809149379608592,0.18419164343422476,0.02896379896767806,0.3867205351665118
131.0,19.40013714369666,15.20001959195667,2.2000034285924164,0.004935564000801247,0.0007050805715430335,0.00012338910002003103,0.13096128988197042,0.0187087556974243,0.0032740322470492566,1.8994365863420895,0.27134808376315495,0.047485914658552175,0.14189705460416357
131.05,19.40058646606508,15.200083780866443,2.200014661651627,0.013799671082260757,0.001971381583180103,0.0003449917770565185,0.22244493209524713,0.031777847442178084,0.0055611233023811725,1.7604692326115587,0.25149560465879345,0.04401173081528891,0.14189705460416357
131.1,19.401590470691204,15.200227210098745,2.20003976176728,0.02706565140826915,0.0038665216297527265,0.000676641285206728,0.3070642261854337,0.04386631802649043,0.007676605654635835,1.62486266142077,0.23212323734582374,0.0406215665355192,0.14189705460416357
131.15,19.403360740818425,15.200480105831206,2.2000840185204606,0.044394488550869915,0.0063420697929814,0.0011098622137717465,0.3849872112796312,0.054998173039947175,0.009624680281990768,1.492616872769531,0.2132309818242182,0.037315421819238234,0.14189705460416355
131.20000000000002,19.406092118917623,15.200870302702521,2.2001523029729406,0.06545556803842568,0.009350795434060791,0.0016363892009606403,0.4563819265047562,0.06519741807210787,0.01140954816261889,1.3637318666579452,0.1948188380939917,0.034093296666448586,0.14189705460416357
131.25,19.40996312678501,15.201423303826433,2.2002490781696253,0.0899266773556422,0.01284666819366314,0.0022481669338910524,0.5214164109877568,0.07448805871253651,0.013035410274693906,1.2382076430860827,0.17688680615515426,0.030955191077152035,0.14189705460416357
131.3,19.415136385639947,15.202162340805708,2.2003784096409986,0.11749400594361538,0.01678485799194501,0.00293735014859038,0.5802587038556835,0.08289410055081171,0.014506467596392068,1.1160442020538128,0.1594348860076872,0.02790110505134529,0.14189705460416355
131.35,19.42175903622275,15.20310843374611,2.200543975905569,0.1478521451997317,0.021121735028533047,0.0036963036299932877,0.6330768442354542,0.09043954917649322,0.01582692110588633,0.997241543561274,0.14246307765161026,0.024931038589031822,0.14189705460416355
131.4,19.42996315889253,15.204280451270364,2.200749078972313,0.18070408847780414,0.02581486978254338,0.004517602211945098,0.6800388712541245,0.09714841017916043,0.017000971781353093,0.8817996676082973,0.12597138108689931,0.022044991690207405,0.14189705460416357
131.45000000000002,19.439866193724985,15.205695170532142,2.200996654843125,0.2157612310879277,0.030823033012561018,0.005394030777198185,0.7213128240386358,0.1030446891483763,0.018032820600965876,0.7697185741949738,0.10995979631356743,0.01924296435487432,0.14189705460416357
131.5,19.451571360610213,15.207367337230032,2.201289284015256,0.25274337029654714,0.0361061957566495,0.0063185842574136715,0.7570667417159526,0.10815239167370724,0.018926668542898793,0.6609982633213642,0.09442832333162322,0.016524956583034083,0.14189705460416357
131.55,19.465168079350573,15.209309725621514,2.2016292019837644,0.29137870532651705,0.04162552933235948,0.007284467633162918,0.7874686634130943,0.1124955233447275,0.01968671658532734,0.555638734987355,0.07937696214105054,0.013890968374683855,0.1418970546041636
131.6,19.480732389758447,15.211533198536923,2.202018309743961,0.33140383735695766,0.04734340533670812,0.00828509593392393,0.8126866282570113,0.11609808975100135,0.020317165706425264,0.45363998919306564,0.06480571274186639,0.011340999729826625,0.14189705460416357
131.65,19.498327371754115,15.214046767393448,2.2024581842938526,0.37256376952344084,0.05322339564620569,0.009314094238086006,0.8328886753747203,0.11898409648210262,0.02082221688436799,0.3550020259383511,0.050714575134050074,0.008875050648458765,0.14189705460416355
131.70000000000002,19.518003565463513,15.216857652209075,2.202950089136588,0.41461190691779937,0.05923027241682833,0.01036529767294497,0.8482428438931836,0.12117754912759737,0.021206071097329568,0.2597248452232899,0.03710354931761281,0.006493121130582244,0.14189705460416357
131.75,19.539799391316077,15.219971341616581,2.203494984782902,0.45731005658822116,0.06533000808403143,0.011432751414705514,0.8589171729393795,0.12270245327705392,0.02147292932348446,0.16780844704793324,0.023972635292561873,0.004195211176198326,0.14189705460416357
131.8,19.563741570142593,15.223391652877515,2.2040935392535648,0.5004284275393123,0.07148977536275872,0.012510710688482791,0.8650797016403017,0.12358281452004283,0.021626992541007514,0.07925283141218503,0.011321833058883561,0.00198132078530462,0.14189705460416357
131.85,19.589845543272936,15.227120791896137,2.2047461385818234,0.5437456307319339,0.07767794724741894,0.013593640768298332,0.8668984691229277,0.12384263844613223,0.02167246172807316,-0.005942001683854791,-0.0008488573834077849,-0.00014855004209637186,0.14189705460416357
131.9,19.618115892634005,15.231159413233431,2.2054528973158503,0.5870486790834081,0.08386409701191525,0.014676216977085182,0.8645415145142408,0.12350593064489125,0.021613537862855994,-0.08777605224030721,-0.012539436034329495,-0.002194401306007678,0.1418970546041636
131.95000000000002,19.648546760847417,15.23550668012106,2.2062136690211855,0.6301329874673103,0.09001899820961555,0.015753324686682738,0.8581768769412216,0.12259669670588852,0.021454421923530514,-0.16624932025710576,-0.02374990289387215,-0.004156233006427645,0.14189705460416357
132.0,19.68112227132736,15.240160324475339,2.2070280567831837,0.6728023727135746,0.09611462467336758,0.016820059317839347,0.8479725955308599,0.12113894221869402,0.021199314888271478,-0.24136180573420968,-0.03448025796202983,-0.006034045143355244,0.1418970546041636
132.05,19.715816948378492,15.245116706911215,2.2078954237094623,0.7148690536085529,0.1021241505155073,0.017871726340213803,0.8340967094101277,0.11915667277287509,0.020852417735253165,-0.31311350867169735,-0.04473050123881375,-0.007827837716792428,0.14189705460416357
132.1,19.752596137293637,15.250370876756236,2.2088149034323408,0.7561536508948533,0.1080219501278359,0.018903841272371307,0.8167172577060248,0.11667389395800325,0.02041793144265059,-0.381504429069488,-0.054500632724212364,-0.009537610726737191,0.14189705460416355
132.15,19.791416424451725,15.255916632064533,2.209785410611293,0.79648518727154,0.1137835981816483,0.019912129681788474,0.7960022795455076,0.11371461136364368,0.019900056988637664,-0.4465345669276777,-0.06379065241823949,-0.011163364173191937,0.14189705460416357
132.20000000000002,19.83222605741549,15.261746579630787,2.210805651435387,0.8357010873939361,0.11938586962770487,0.020892527184848377,0.7721198140555714,0.11030283057936711,0.019302995351389258,-0.5082039222462139,-0.0726005603208875,-0.01270509805615534,0.14189705460416357
132.25,19.874965365029322,15.26785219500419,2.211874134125733,0.8736471778737243,0.12480673969624599,0.021841179446843075,0.7452379003632151,0.10646255719474482,0.01863094750908036,-0.5665124950250653,-0.08093035643215193,-0.014162812375626619,0.14189705460416355
132.3,19.919567177517195,15.274223882502458,2.21298917943793,0.9101776872789963,0.1300253838969991,0.022754442181974876,0.7155245775953933,0.10221779679934172,0.017888114439884823,-0.6214602852642919,-0.08878004075204142,-0.015536507131607282,0.14189705460416355
132.35,19.965957246580288,15.280851035225757,2.214148931164507,0.9451552461341135,0.13502217801915872,0.023628881153352804,0.6831478848791241,0.09759255498273181,0.017078697121978095,-0.6730472929638328,-0.09614961328054722,-0.016826182324095808,0.14189705460416355
132.4,20.014054665495024,15.287722095070718,2.2153513666373756,0.978450886919876,0.13977869813141053,0.024461272172996866,0.6482758613413427,0.09261083733447734,0.01620689653353355,-0.7212735181237606,-0.10303907401767971,-0.018031837953093995,0.14189705460416357
132.45000000000002,20.063772289210675,15.294824612744383,2.2165943072302667,1.0099440440733574,0.14427772058190783,0.025248601101833898,0.6110765461090552,0.08729664944415058,0.015276913652726364,-0.7661389607440344,-0.10944842296343316,-0.019153474018600843,0.14189705460416357
132.5,20.115017154447287,15.302145307778185,2.2178754288611824,1.0395225539879906,0.14850322199828397,0.025988063849699733,0.5717179783092676,0.0816739969013238,0.014292949457731671,-0.8076436208246326,-0.11537766011780431,-0.020191090520615802,0.14189705460416355
132.55,20.16769089979357,15.30967012854194,2.2191922724948396,1.0670826550136052,0.15244037928765747,0.026677066375340095,0.530368197068922,0.0757668852955601,0.013259204926723027,-0.8457874983655985,-0.1208267854807994,-0.021144687459139944,0.14189705460416355
132.6,20.2216901858045,15.317384312257786,2.2205422546451126,1.0925289874563178,0.15607556963661645,0.02731322468640791,0.48719524151504867,0.0695993202164354,0.012179881037876197,-0.8805705933668898,-0.12579579905241248,-0.022014264834172233,0.14189705460416357
132.65,20.27690711509943,15.325272445014205,2.221922677877486,1.115774593578661,0.1593963705112369,0.027894364839466484,0.4423671507745678,0.0631953072535096,0.011059178769364178,-0.9119929058285553,-0.1302847008326504,-0.022799822645713865,0.1418970546041636
132.70000000000002,20.333229652459618,15.333318521779946,2.2233307413114907,1.1367409175994603,0.16239155965706534,0.028418522939986465,0.39605196397449477,0.056578851996356296,0.00990129909936236,-0.9400544357505667,-0.13429349082150915,-0.023501360893764155,0.14189705460416357
132.75,20.390542044926182,15.341506006418026,2.2247635511231545,1.1553578056939013,0.16505111509912834,0.0288839451423475,0.3484177202418396,0.049773960034548495,0.008710443006045971,-0.9647551831329122,-0.13782216901898706,-0.024118879578322792,0.14189705460416355
132.8,20.448725241898003,15.349817891699717,2.22621813104745,1.1715635059935476,0.16736621514193498,0.02928908764983865,0.299632458703535,0.042804636957647864,0.007490811467588363,-0.9860951479756179,-0.14087073542508777,-0.02465237869939043,0.14189705460416357
132.85,20.50765731522932,15.358236759318476,2.2276914328807327,1.185304668586275,0.16932923836946748,0.029632616714656827,0.24986421848662005,0.03569488835523143,0.00624660546216549,-1.0040743302786597,-0.14343919003980807,-0.025101858256966467,0.1418970546041636
132.9,20.56721387932782,15.366744839903976,2.2291803469831954,1.1965363455163442,0.17093376364519167,0.029913408637908572,0.19928103871800587,0.028468719816857915,0.004982025967950129,-1.018692730042062,-0.14552753286315137,-0.025467318251051533,0.14189705460416363
132.95000000000002,20.627268511252197,15.37532407303603,2.230681712781305,1.2052219907843364,0.17217457011204765,0.030130549769608373,0.14805095852471184,0.021150136932101726,0.003701273963117789,-1.0299503472658116,-0.1471357638951155,-0.025748758681645275,0.1418970546041636
133.0,20.687693170810082,15.383956167258585,2.2321923292702524,1.211333460347189,0.17304763719245517,0.03028333650867969,0.09634201703375124,0.013763145290536013,0.002408550425843784,-1.0378471819499042,-0.1482638831357002,-0.0259461795487476,0.1418970546041636
133.05,20.74835862065596,15.39262266009371,2.2337089655163993,1.2148510121181975,0.17355014458831358,0.030371275302954904,0.04432225337205412,0.00633175048172214,0.0011080563343013514,-1.0423832340943486,-0.14891189058490653,-0.02605958085235871,0.14189705460416363
133.1,20.809134846388762,15.401304978055538,2.235228371159719,1.2157633059669999,0.17368047228099956,0.030394082649174953,-0.007840293333339972,-0.0011200419047627738,-0.00019600733333351015,-1.0435585036991408,-0.14907978624273402,-0.02608896259247851,0.1418970546041636
133.15,20.869891476649958,15.409984496664281,2.236747286916249,1.2140674037195829,0.1734382005313686,0.030351685092989536,-0.0599775839555223,-0.008568226279360259,-0.001499439598888061,-1.0413729907642815,-0.14876757010918265,-0.02603432476910703,0.14189705460416363
133.20000000000002,20.930498203221102,15.418642600460158,2.2382624550805277,1.2097687691582826,0.17282410987975433,0.03024421922895703,-0.11192157936747024,-0.015988797052495722,-0.002798039484186772,-1.0358266952897688,-0.1479752421842522,-0.025895667382244213,0.14189705460416366
133.25,20.99082520112178,15.4272607430174,2.2397706300280444,1.2028812680217913,0.17184018114596974,0.03007203170054475,-0.163504240442172,-0.023357748634595957,-0.004087606011054313,-1.026919617275609,-0.14670280246794368,-0.025672990431890214,0.14189705460416357
133.3,21.05074354870752,15.435820506958219,2.2412685887176877,1.1934271680051354,0.1704895954293047,0.029835679200128352,-0.21455752805269915,-0.030651075436099722,-0.005363938201317484,-1.0146517567217919,-0.14495025096025566,-0.0253662939180448,0.14189705460416363
133.35,21.110125647767376,15.44430366396677,2.2427531411941843,1.1814371387597122,0.16877673410852997,0.029535928468992764,-0.2649134030720104,-0.03784477186742984,-0.0066228350768002585,-0.9990231136283352,-0.14271758766119036,-0.024975577840708373,0.14189705460416366
133.4,21.16884564362204,15.45269223480315,2.244221141090551,1.1669502518932375,0.16670717884189085,0.029173756297330922,-0.31440382637319597,-0.04491483233902766,-0.007860095659329876,-0.9800336879952131,-0.14000481257074435,-0.024500842199880326,0.14189705460416374
133.45000000000002,21.226779845221365,15.46096854931734,2.245669496130534,1.1500139809698022,0.16428771156711436,0.02875034952424502,-0.362860758829232,-0.05183725126131859,-0.009071518970730781,-0.9576834798224381,-0.1368119256889193,-0.023942086995560954,0.1418970546041637
133.5,21.283807145242328,15.469115306463191,2.247095178631058,1.1306842015098513,0.1615263145014071,0.028267105037746248,-0.4101161613131122,-0.058588023044730035,-0.010252904032827786,-0.9319724891100255,-0.13313892701571747,-0.02329931222775062,0.14189705460416374
133.55,21.33980944018693,15.477115634312419,2.2484952360046733,1.1090251909901454,0.15843217014144895,0.027725629774753586,-0.456001994697902,-0.0651431420997,-0.011400049867447554,-0.9029007158579483,-0.12898581655113506,-0.0225725178964487,0.14189705460416357
133.6,21.394672050479794,15.484953150068543,2.249866801261995,1.085109628843838,0.155015661263405,0.0271277407210959,-0.5003502198565672,-0.0714786028366523,-0.012508755496414174,-0.8704681600662415,-0.12435259429517688,-0.021761704001656036,0.14189705460416352
133.65,21.448284140566262,15.492612020080898,2.2512071035141563,1.059018596460376,0.15128837092291042,0.026475464911509348,-0.5429927976621896,-0.07757039966602675,-0.013574819941554704,-0.8346748217348574,-0.11923926024783638,-0.020866870543371403,0.14189705460416352
133.70000000000002,21.500539139009923,15.500077019858562,2.252513478475248,1.0308415771856048,0.14726308245508601,0.025771039429640083,-0.5837616889877495,-0.08339452699824967,-0.014594042224693711,-0.7955207008638197,-0.11364581440911672,-0.019888017521595483,0.14189705460416355
133.75,21.551335158590582,15.50733359408437,2.2537833789647643,1.0006764563217205,0.14295377947453108,0.02501691140804296,-0.6224888547062454,-0.08892697924374898,-0.015562221367656115,-0.7530057974531538,-0.1075722567790216,-0.018825144936328878,0.14189705460416352
133.8,21.600575416402158,15.51436791662888,2.2550143854100537,0.9686295211272166,0.13837564587531634,0.02421573802818036,-0.6590062556907326,-0.09414375081296139,-0.016475156392268334,-0.7071301115028162,-0.1010185873575448,-0.01767825278757043,0.1418970546041636
133.85,21.648168653950275,15.521166950564327,2.2562042163487566,0.9348154608170066,0.13354506583100056,0.023370386520425102,-0.6931458528141894,-0.09902083611631252,-0.01732864632035473,-0.6578936430128599,-0.0939848061446939,-0.016447341075321503,0.14189705460416355
133.9,21.69402955725035,15.527718508178625,2.2573507389312586,0.8993573665622678,0.12847962379460934,0.022483934164056658,-0.7247396069496821,-0.10353422956424,-0.018118490173742032,-0.6052963919832139,-0.08647091314045878,-0.015132409799580358,0.14189705460416355
133.95000000000002,21.738079176925158,15.534011310989309,2.258451979423129,0.8623867314906011,0.12319810449865709,0.02155966828726497,-0.7536194789702011,-0.10765992556717124,-0.01884048697425502,-0.5493383584139135,-0.07847690834484448,-0.013733458960347847,0.1418970546041637
134.0,21.780245348302778,15.540035049757542,2.2595061337075695,0.8240434506859492,0.11772049295513533,0.02060108626714868,-0.7796174297487495,-0.11137391853553526,-0.01949043574371874,-0.49001954230499445,-0.07000279175785609,-0.01225048855762488,0.1418970546041636
134.05,21.820463111514453,15.545780444502066,2.2605115777878613,0.7844758211885453,0.11206797445550608,0.01961189552971358,-0.8025654201583708,-0.11465220287976671,-0.020064135503959236,-0.42733994365639555,-0.06104856337948489,-0.010683498591409926,0.14189705460416344
134.1,21.858675131592268,15.551239304513182,2.2614668782898066,0.7438405419950566,0.10626293457072218,0.018596013549876386,-0.8222954110720586,-0.11747077301029371,-0.020557385276801433,-0.3612995624681899,-0.05161422320974118,-0.009032489061704774,0.14189705460416369
134.15,21.894832118567145,15.556404588366735,2.262370802964179,0.7023027140583945,0.1003289591511988,0.01755756785145982,-0.8386393633628557,-0.11980562333755052,-0.020965984084071392,-0.2918983987402813,-0.04169977124861149,-0.007297459968507037,0.14189705460416335
134.20000000000002,21.928893247566474,15.561270463938069,2.2632223311891617,0.6600358402879105,0.09429083432684424,0.016500896007197736,-0.8514292379037651,-0.12163274827196617,-0.02128573094759413,-0.21913645247271932,-0.031305207496102716,-0.005478411311817998,0.14189705460416374
134.25,21.960826578912048,15.56583236841601,2.264020664472801,0.6172218255492997,0.08817454650704258,0.015430545638732453,-0.8604969955678003,-0.12292814222397122,-0.021512424889195025,-0.14301372366554715,-0.020430531952221095,-0.0035753430916387547,0.14189705460416352
134.3,21.99060947821788,15.570087068316841,2.2647652369554465,0.5740509766645329,0.08200728238064735,0.014351274416613278,-0.8656745972279892,-0.12366779960399792,-0.02164186493069974,-0.06353021231868848,-0.009075744616955551,-0.0015882553079672756,0.14189705460416357
134.35,22.01822903648794,15.574032719498279,2.2654557259121986,0.5307220024120275,0.07581742891600401,0.01326805006030065,-0.8667940037573458,-0.12382771482247742,-0.02166985009393366,0.01931408156776692,0.00275915450968097,0.0004828520391941401,0.14189705460416407
134.4,22.043682490214103,15.577668927173445,2.266092062255353,0.4874420135264364,0.06963457336091952,0.012186050338160866,-0.8636871760288847,-0.12338388228984008,-0.02159217940072207,0.10551915799393863,0.015074165427705361,0.002637978949848394,0.141897054604164
134.45000000000002,22.066977641473816,15.580996805924832,2.2666744410368453,0.44442652269886235,0.06348950324269442,0.01111066306747149,-0.8561860749156202,-0.12231229641651706,-0.02140465187289049,0.1950850169597635,0.02786928813710888,0.0048771254239940035,0.14189705460416346
134.5,22.088133278027996,15.584019039718285,2.2672033319506997,0.4018994445767392,0.05741420636810542,0.010047486114418438,-0.8441226612905814,-0.12058895161294016,-0.021103066532264587,0.28801165846518767,0.04114452263788373,0.007200291461629629,0.1418970546041635
134.55,22.10717959341889,15.586739941916983,2.267679489835472,0.3600930957637856,0.051441870823397844,0.009002327394094617,-0.8273288960267728,-0.11818984228953867,-0.020683222400669336,0.3842990825103092,0.054899868930043796,0.009607477062757615,0.14189705460416369
134.6,22.12415860706777,15.589165515295397,2.268103965176694,0.3192481948201674,0.04560688497430966,0.007981204870504164,-0.8056367399972331,-0.11509096285674739,-0.020140918499930844,0.4839472890950129,0.06913532701357317,0.012098682227375228,0.14189705460416396
134.65,22.1391245843729,15.591303512053274,2.2684781146093225,0.2796138622622844,0.03994483746604053,0.0069903465565570805,-0.7788781540749457,-0.11126830772499173,-0.019471953851873662,0.5869562782194444,0.083850896888492,0.014673906955486026,0.14189705460416363
134.70000000000002,22.15214445680723,15.593163493829607,2.268803611420181,0.24144762056297914,0.034492517223282886,0.006036190514074432,-0.7468850991329427,-0.10669787130470573,-0.018672127478323596,0.6933260498835324,0.09904657855478996,0.017333151247088188,0.1418970546041645
134.75,22.163298242016246,15.594756891716608,2.2690824560504064,0.20501539415143413,0.02928791345020474,0.0051253848537857515,-0.709489536044268,-0.1013556480063235,-0.017737238401106695,0.8030566040872096,0.11472237201245819,0.02007641510218013,0.14189705460416321
134.8,22.172679463915838,15.59609706627369,2.2693169865978957,0.17059150941311949,0.02437021563044538,0.004264787735327965,-0.6665234256818979,-0.09521763224027074,-0.016663085642047444,0.916147940830592,0.13087827726151263,0.022903698520764668,0.14189705460416255
134.85,22.180395572790054,15.597199367541435,2.269509889319751,0.13845869468992947,0.019779813527132956,0.00346146736724816,-0.6178187289188974,-0.08825981841698523,-0.015445468222972495,1.0326000601135454,0.1475142943019346,0.025815001502838535,0.14189705460416532
134.9,22.186568365388965,15.598081195055567,2.269664209134724,0.1089080802800318,0.015558297182861964,0.0027227020070006826,-0.5632074066282199,-0.0804582009468884,-0.014080185165705583,1.1524129619362395,0.1646304231337482,0.028810324048405885,0.14189705460416624
134.95000000000002,22.191334405026442,15.59876205786092,2.2697833601256607,0.08223919843800236,0.011748456919714805,0.002055979960949993,-0.5025214196829141,-0.07178877424041623,-0.012563035492072907,1.2755866462985896,0.18222666375694077,0.03188966615746462,0.14189705460416668
135.0,22.19484544167799,15.599263634525427,2.2698711360419495,0.05875998337476523,0.008394283339252542,0.0014689995843690411,-0.4355927289560391,-0.06222753270800562,-0.010889818223901056,1.4021211132005185,0.2003030161715022,0.03505302783001288,0.14189705460416926
135.05,22.197268832078596,15.599609833154085,2.2699317208019645,0.038786771257548015,0.005540967322506939,0.0009696692814386595,-0.3622532953205403,-0.05175047076007701,-0.009056332383013578,1.5320163626421626,0.2188594803774514,0.03830040906605394,0.14189705460416743
135.1,22.198787959820486,15.599826851402929,2.2699696989955123,0.022644300209971113,0.0032349000299962336,0.000566107505249266,-0.28233507964951865,-0.04033358280707428,-0.007058376991238043,1.665272394623367,0.23789605637476602,0.04163180986558401,0.14189705460418067
135.15,22.199602655451,15.599943236493,2.2699900663862747,0.010665710311971709,0.0015236729017104387,0.00026664275779930815,-0.19567004281588596,-0.02795286325941178,-0.004891751070397089,1.801889209144323,0.25741274416347404,0.04504723022860793,0.14189705460417507
135.20000000000002,22.199929616570365,15.599989945224339,2.269998240414259,0.0031925435998695923,0.00045607765712414366,7.981358999669259e-05,-0.10209014569270869,-0.014584306527529855,-0.002552253642317737,1.9418668062049342,0.2774095437435613,0.04854667015512321,0.14189705460402344
135.25,22.20003033962524,15.599999810176309,2.2699975916515216,0.0021122746993225945,3.312212291734237e-05,-0.0001352351164070635,0.046731897069560074,-0.003845249293460794,-0.006196566785639684,2.9293919817613956,0.2214077650817566,-0.06471896307487482,0.10789198009228855
135.3,22.200130024280877,15.599999996043033,2.2699902454090566,0.007727117532802054,6.904470002452038e-07,-0.000579050502059983,0.3018903856414281,-8.01561194157304e-05,-0.02269788820669814,5.697628422118008,0.004615354143005512,-0.4240913837587471,0.002249061577095701
135.35,22.20100559083279,15.600000000000001,2.2699245806875408,0.02961795616772707,0.0,-0.0022213467125795317,0.5704776657587789,0.0,-0.04278582493190845,5.0200903170060585,0.0,-0.37650677377545466,0.0
135.4,22.203300367450364,15.600000000000001,2.2697524724412226,0.06411335543594669,0.0,-0.004808501657696005,0.8033345786588169,0.0,-0.0602500933994113,4.2996431596642175,0.0,-0.32247323697481656,0.0
135.45000000000002,22.207596146386717,15.600000000000001,2.2694302890209963,0.10936468380417541,0.0,-0.00820235128531316,1.0009876777921398,0.0,-0.07507407583441054,3.611937766335154,0.0,-0.27089533247513675,0.0
135.5,22.214387401449716,15.600000000000001,2.268920944891271,0.16365267778905285,0.0,-0.012273950834178975,1.165074051359233,0.0,-0.08738055385194253,2.95697413701944,0.0,-0.22177306027645816,0.0
135.55,22.22408468963334,15.600000000000001,2.2681936482775003,0.2253399283173455,0.0,-0.016900494623800926,1.297230787560948,0.0,-0.09729230906707119,2.334752271716317,0.0,-0.17510642037872387,0.0
135.6,22.237018743838114,15.600000000000001,2.2672235942121417,0.29287088072573025,0.0,-0.021965316054429786,1.3990949745977652,0.0,-0.10493212309483245,1.745272170426511,0.0,-0.1308954127819885,0.0
135.65,22.253444565591685,15.600000000000001,2.2659916575806234,0.3647718347610353,0.0,-0.02735788760707767,1.4723037006704447,0.0,-0.11042277755028346,1.1885338331494897,0.0,-0.08914003748621177,0.0
135.70000000000002,22.27354551776928,15.600000000000001,2.264484086167304,0.4396509445800705,0.0,-0.032973820843505315,1.5184940539796101,0.0,-0.11388705404847083,0.6645372598852889,0.0,-0.04984029449139667,0.0
135.75,22.297437417314196,15.600000000000001,2.2626921937014357,0.5161982187496131,0.0,-0.03871486640622102,1.5393031227258709,0.0,-0.1154477342044404,0.17328245063434572,0.0,-0.012996183797575937,0.0
135.8,22.325172627958366,15.600000000000001,2.260612052903123,0.5931855202466211,0.0,-0.04448891401849662,1.5363679951099134,0.0,-0.11522759963324358,-0.28523059460391315,0.0,0.021392294595293522,0.0
135.85,22.356744152942753,15.600000000000001,2.2582441885292934,0.6694665664579116,0.0,-0.05020999248434342,1.5113257593323755,0.0,-0.11334943194992826,-0.7110018758289486,0.0,0.053325140687171174,0.0
135.9,22.392089727737993,15.600000000000001,2.255593270419651,0.7439769291804884,0.0,-0.05579826968853667,1.4658135035939022,0.0,-0.10993601276954271,-1.1040313930411518,0.0,0.08280235447808636,0.0
135.95000000000002,22.43109591276478,15.600000000000001,2.2526678065426418,0.8157340346213175,0.0,-0.061180052596598866,1.401468316095125,0.0,-0.1051101237071344,-1.4643191462404899,0.0,0.10982393596803673,0.0
136.0,22.473602186114384,15.600000000000001,2.2494798360414214,0.8838371633973603,0.0,-0.06628778725480208,1.3199272850367236,0.0,-0.09899454637775439,-1.7918651354267525,0.0,0.13438988515700648,0.0
136.05,22.51940503626922,15.600000000000001,2.246044622279809,0.9474674505356739,0.0,-0.07106005879017559,1.222827498619331,0.0,-0.09171206239644993,-2.086669360600056,0.0,0.1565002020450044,0.0
136.1,22.56826205482324,15.600000000000001,2.2423803458882574,1.005887885473289,0.0,-0.07544159141049675,1.1118060450436629,0.0,-0.08338545337827477,-2.3487318217602464,0.0,0.1761548866320186,0.0
136.15,22.61989602920265,15.600000000000001,2.238507797809802,1.0584433120574046,0.0,-0.07938324840430544,0.9885000125101767,0.0,-0.07413750093826327,-2.578052518907766,0.0,0.19335393891808267,0.0
136.20000000000002,22.673999035386064,15.600000000000001,2.234450072346046,1.1045604285450554,0.0,-0.0828420321408792,0.8545464892197059,0.0,-0.06409098669147802,-2.7746314520421804,0.0,0.2080973589031638,0.0
136.25,22.730236530625326,15.600000000000001,2.230232260203101,1.1437477876034354,0.0,-0.08578108407025774,0.7115825633728413,0.0,-0.05336869225296313,-2.938468621163625,0.0,0.2203851465872721,0.0
136.3,22.788251446165866,15.600000000000001,2.22588114153756,1.1755957963097439,0.0,-0.08816968472323083,0.5612453231702261,0.0,-0.042093399237766976,-3.06956402627211,0.0,0.23021730197040857,0.0
136.35,22.847668279967184,15.600000000000001,2.2214248790024613,1.199776716151193,0.0,-0.08998325371133958,0.40517185681260004,0.0,-0.030387889260944975,-3.1679176673675755,0.0,0.23759382505256849,0.0
136.4,22.908097189423522,15.600000000000001,2.216892710793236,1.2160446630250863,0.0,-0.09120334972688163,0.24499925250034596,0.0,-0.018374943937526034,-3.233529544450186,0.0,0.2425147158337643,0.0
136.45000000000002,22.96913808408405,15.600000000000001,2.2123146436936962,1.2242356072386775,0.0,-0.09181767054290094,0.08236459843437491,0.0,-0.006177344882578208,-3.266399657519782,0.0,0.24497997431398386,0.0
136.5,23.030384718373664,15.600000000000001,2.2077211461219752,1.2242673735093057,0.0,-0.09182005301319801,-0.08109501718475015,0.0,0.006082126288856184,-3.2665280065764097,0.0,0.2449896004932311,0.0
136.55,23.09142878431338,15.600000000000001,2.203142841176497,1.216139640964329,0.0,-0.09121047307232474,-0.24374250615638293,0.0,0.01828068796172888,-3.2339145916200778,0.0,0.24254359437150602,0.0
136.6,23.151864004240757,15.600000000000001,2.1986101996819434,1.1999339431411455,0.0,-0.08999504573558596,-0.40394078027978375,0.0,0.03029555852098397,-3.168559412650817,0.0,0.2376419559488116,0.0
136.65,23.21129022353064,15.600000000000001,2.1941532332352023,1.1758136679871538,0.0,-0.08818602509903661,-0.5600527513545768,0.0,0.04200395635159346,-3.0704624696685214,0.0,0.23028468522513923,0.0
136.70000000000002,23.26931750331528,15.600000000000001,2.189801187251354,1.1440240578598349,0.0,-0.08580180433948774,-0.7104413311798455,0.0,0.05328309983848839,-2.939623762673295,0.0,0.22047178220049746,0.0
136.75,23.325570213205186,15.600000000000001,2.185582234009611,1.1048922095266707,0.0,-0.0828669157145004,-0.8534694315550228,0.0,0.0640102073666267,-2.77604329166511,0.0,0.20820324687488326,0.0
136.8,23.37969112400947,15.600000000000001,2.18152316569929,1.0588270741651786,0.0,-0.07941203056238841,-0.9874999642794733,0.0,0.0740624973209607,-2.579721056643955,0.0,0.19347907924829685,0.0
136.85,23.431345500456327,15.600000000000001,2.177649087465776,1.0063194573629435,0.0,-0.07547395930222074,-1.1108958411524694,0.0,0.08331718808643526,-2.350657057609968,0.0,0.17629927932074782,0.0
136.9,23.480225193913704,15.600000000000001,2.173983110456472,0.9479420191174581,0.0,-0.07109565143380953,-1.2220199739735744,0.0,0.0916514980480182,-2.0888512945627635,0.0,0.15666384709220754,0.0
136.95000000000002,23.5260527351095,15.600000000000001,2.170546044866788,0.8843492738364345,0.0,-0.06632619553773263,-1.3192352745419311,0.0,0.09894264559064497,-1.7943037675027191,0.0,0.13457278256270425,0.0
137.0,23.56858542685237,15.600000000000001,2.1673560929860725,0.8162775903374881,0.0,-0.061220819275311596,-1.4009046546569626,0.0,0.10506784909927237,-1.4670144764297206,0.0,0.11002608573222936,0.0
137.05,23.607619436752078,15.600000000000001,2.1644285422435945,0.7445451918483029,0.0,-0.05584088938862287,-1.4653910261180187,0.0,0.10990432695885165,-1.1069834213437462,0.0,0.08302375660078132,0.0
137.1,23.642993889939973,15.600000000000001,2.1617754582545023,0.6700521560066393,0.0,-0.05025391170049809,-1.5110573007244303,0.0,0.11332929755433233,-0.7142106022450382,0.0,0.05356579516837822,0.0
137.15,23.674594961789644,15.600000000000001,2.159405377865777,0.5937804148601133,0.0,-0.04453353111450835,-1.536266390275618,0.0,0.1152199792706713,-0.28869601913292353,0.0,0.02165220143496984,0.0
137.20000000000002,23.70235997063721,15.600000000000001,2.1573230022022094,0.5167937548666338,0.0,-0.03875953161499729,-1.5393812065708607,0.0,0.11545359049281517,0.16956032799194237,0.0,-0.012717024599395318,0.0
137.25,23.726281470501988,15.600000000000001,2.1555288897123512,0.4402378168939698,0.0,-0.033017836267047775,-1.5187646614095422,0.0,0.1139073496057159,0.6605584391297583,0.0,-0.04954188293473156,0.0
137.3,23.746411343806912,15.600000000000001,2.154019149214482,0.3653400962199708,0.0,-0.027400507216497637,-1.4727796665910073,0.0,0.11045847499432586,1.1842983142805577,0.0,-0.08882237357104103,0.0
137.35,23.76286489409908,15.600000000000001,2.1527851329425696,0.2934099425325417,0.0,-0.02200574568994047,-1.3997891339146427,0.0,0.10498418504359855,1.740779953443985,0.0,-0.13055849650829843,0.0
137.4,23.775824938770235,15.600000000000001,2.1518131295922327,0.2258385599294798,0.0,-0.01693789199471133,-1.2981559751796954,0.0,0.0973616981384775,2.330003356621003,0.0,-0.17475025174657513,0.0
137.45000000000002,23.785545901777233,15.600000000000001,2.1510840573667074,0.16409900691884766,0.0,-0.012307425518913756,-1.1662431021856174,0.0,0.0874682326639217,2.9519685238106934,0.0,-0.22139763928580147,0.0
137.5,23.792357906362618,15.600000000000001,2.1505731570228037,0.10974619641858199,0.0,-0.008230964731393568,-1.0024134267317444,0.0,0.07518100700488109,3.6066754550133266,0.0,-0.2705006591259991,0.0
137.55,23.796670867775052,15.600000000000001,2.1502496849168704,0.06441689575667985,0.0,-0.004831267181751335,-0.8050298606174062,0.0,0.06037723954630521,4.2941241502289405,0.0,-0.3220593112671702,0.0
137.6,23.798978585989886,15.600000000000001,2.1500766060507583,0.029829726671215487,0.0,-0.0022372295003412123,-0.572455315642106,0.0,0.04293414867315795,5.014314609457091,0.0,-0.3760735957092823,0.0
137.65,23.79986283842958,15.600000000000001,2.150010287117781,0.00778516531018069,0.0,-0.0005838873982637264,-0.30305270360477415,0.0,0.022728952770357712,5.767246832699025,0.0,-0.4325435124524271,0.0
137.70000000000002,23.79996561297691,15.600008446098784,2.150002895755436,0.005185760728760308,0.0005034597885846428,-0.00037005231258518826,-0.08961954506214245,0.019874591600094586,0.00746676306466405,4.048380106973185,0.38173294758742077,-0.28931352248846065,0.16023349220291958
137.75,23.800055563010343,15.60001852100345,2.149996527311853,0.003150979785299551,0.0010503265950998532,-0.00019693623658122194,0.12120882452271498,0.04040294150757178,-0.007575551532669686,2.2970739155718913,0.7656913051906329,-0.1435671197232432,0.321750554396643
137.8,23.800411504089368,15.600137168029793,2.1499742809944142,0.01200489569192584,0.004001631897308625,-0.000750305980745365,0.23140086581225258,0.07713362193741775,-0.014462554113265786,2.1114404039927828,0.7038134679975963,-0.13196502524954892,0.3217505543966431
137.85,23.80134403967139,15.600448013223797,2.1499159975205386,0.026138453443500482,0.008712817814500187,-0.0016336533402187801,0.33243613172055747,0.1108120439068528,-0.020777258232534842,1.9308029003271197,0.6436009667757084,-0.12067518127044498,0.3217505543966431
137.9,23.80310580996292,15.60103526998764,2.149805886877318,0.045100059280895805,0.01503335309363198,-0.0028187537050559878,0.42456442264350874,0.14152147421450334,-0.026535276415219296,1.755161404574503,0.5850538015248361,-0.10969758778590644,0.3217505543966431
137.95000000000002,23.80592718773302,15.601975729244343,2.149629550766687,0.06845060946469872,0.0228168698215663,-0.00427816309154367,0.5080355389766136,0.16934517965887166,-0.03175222118603835,1.5845159167352283,0.5281719722450777,-0.09903224479595177,0.321750554396643
138.0,23.810016902814265,15.603338967604758,2.1493739435741084,0.09576349027530436,0.03192116342510155,-0.005985218142206522,0.5830992811155482,0.19436642703851661,-0.03644370506972176,1.418866436809287,0.4729554789364304,-0.08867915230058043,0.32175055439664313
138.05,23.815562666603764,15.605187555534592,2.1490273333372647,0.12662457801294943,0.042208192670983274,-0.00791403612580934,0.6500054494560873,0.21666848315202972,-0.040625340591005456,1.2582129647964087,0.4194043215988042,-0.07863831029977554,0.3217505543966431
138.1,23.822731796564106,15.607577265521373,2.1485792627147435,0.16063223899752962,0.05354407966584337,-0.010039514937345602,0.7090038443937519,0.23633461479791795,-0.04431274027460949,1.1025555006969487,0.3675185002323173,-0.0689097187935593,0.3217505543966431
138.15,23.831671840724397,15.61055728024147,2.148020509954725,0.19739732956887507,0.06579910985629188,-0.012337333098054692,0.7603442663243278,0.25344808877477665,-0.04752151664527049,0.9518940445105626,0.3172980148368551,-0.05949337778191016,0.321750554396643
138.20000000000002,23.842511202181207,15.61417040072707,2.147343049863675,0.23654319608645824,0.07884773202881964,-0.01478394975540364,0.804276515643391,0.2680921718811311,-0.050267282227711936,0.8062285962375045,0.2687428654125023,-0.050389287264844033,0.3217505543966431
138.25,23.855359763599566,15.61845325453319,2.1465400147750278,0.27770567492959314,0.09256855830986464,-0.01735660468309957,0.8410503927466155,0.28035013091553934,-0.05256564954666347,0.6655591558777657,0.22185305195925586,-0.04159744724236036,0.3217505543966431
138.3,23.870309511714012,15.623436503904673,2.1456056555178744,0.32053309249745215,0.10684436416581772,-0.02003331828109076,0.870915698029714,0.2903052326765722,-0.05443223112685713,0.5298857234311181,0.17662857447703983,-0.03311785771444488,0.32175055439664313
138.35,23.88743516182947,15.629145053943157,2.1445353023856586,0.3646862652088216,0.12156208840294092,-0.02279289157555135,0.8941222318882887,0.29804074396276375,-0.05588263949301804,0.39920829889786047,0.1330694329659539,-0.02495051868111628,0.32175055439664313
138.4,23.906794782322365,15.635598260774124,2.143325326104852,0.40983849950246815,0.13661283316748976,-0.02561490621890426,0.910919794718047,0.30363993157268315,-0.056932487169877935,0.273526882277705,0.09117562742590193,-0.017095430142356562,0.321750554396643
138.45000000000002,23.928430419141502,15.642810139713838,2.141973098803656,0.45567559183676537,0.15189186394558893,-0.028479724489797836,0.9215581869146228,0.3071860623048751,-0.05759738668216392,0.15284147357086367,0.05094715785695465,-0.00955259209817898,0.32175055439664313
138.5,23.95236872030911,15.650789573436374,2.1404769549806804,0.5018958286899459,0.16729860956331577,-0.03136848929312162,0.9262872088736878,0.3087624029578968,-0.057892950554605485,0.037152072777327516,0.012384024259109262,-0.0023220045485829698,0.321750554396643
138.55,23.97862156042188,15.65954052014063,2.1388361524736323,0.5482099865601034,0.18273666218670168,-0.034263124160006465,0.9253566609909035,0.30845222033030195,-0.05783479131193147,-0.07354132010308967,-0.02451377336769666,0.004596332506443104,0.32175055439664313
138.6,24.007186665151796,15.669062221717267,2.1370508334280127,0.5943413319649334,0.198113777321645,-0.03714633324780834,0.9190163436619392,0.30633878122064717,-0.0574385214788712,-0.17923870507014453,-0.059746235023381784,0.011202419066884033,0.321750554396643
138.65,24.03804823574735,15.679349411915783,2.135121985265791,0.640025621442121,0.21334187381404102,-0.040001601340132566,0.9075160572824373,0.30250535242748,-0.056719753580152334,-0.27994008212406946,-0.0933133607080234,0.01749625513275434,0.32175055439664313
138.70000000000002,24.071177573534285,15.690392524511433,2.1330514016541073,0.6850111015489551,0.22833703384965234,-0.04281319384680969,0.8911056022480796,0.2970352007493608,-0.05569410014050497,-0.37564545126469423,-0.12521515042156509,0.02347784070404339,0.3217505543966431
138.75,24.10653370441677,15.70217790147226,2.1308416434739517,0.729058508862585,0.24301950295419575,-0.045566156803911566,0.8700347789545365,0.2900115929848463,-0.05437717368465853,-0.4663548124920274,-0.15545160416400983,0.029147175780751714,0.32175055439664313
138.8,24.14406400337838,15.714688001126127,2.1284959997888517,0.771941069980015,0.25731368999333903,-0.04824631687375094,0.8445533877974261,0.2815177959324763,-0.05278458673733913,-0.5520681658062143,-0.1840227219354053,0.034504260362888395,0.321750554396643
138.85,24.18370481898288,15.727901606327627,2.1260184488135705,0.8134445015178648,0.2711481671726224,-0.05084028134486655,0.8149112291724735,0.2716370763908253,-0.05093195182327959,-0.6327855112070665,-0.21092850373568964,0.039549094450441656,0.3217505543966431
138.9,24.225382097875553,15.741794032625185,2.1234136188827786,0.8533670101127234,0.2844556700375753,-0.053335438132045214,0.7813581034752692,0.26045270115842384,-0.04883488146720433,-0.708506848694761,-0.23616894956492102,0.04428167804342256,0.32175055439664313
138.95000000000002,24.26901200928383,15.756337336427945,2.120686749419761,0.8915192924208049,0.2971730974736025,-0.0557199557763003,0.744143811101532,0.248047937033845,-0.04650898819384575,-0.7792321782691687,-0.259744059423057,0.04870201114182304,0.3217505543966431
139.0,24.314501569518526,15.771500523172843,2.1178436519050923,0.9277245351181761,0.30924151170605974,-0.057982783444886006,0.7035181524469307,0.2345060508156443,-0.04396988452793317,-0.8449614999303,-0.2816538333101008,0.05281009374564375,0.3217505543966432
139.05,24.36174926647483,15.787249755491613,2.114890670845323,0.9618184149007416,0.32060613830024814,-0.06011365093129635,0.6597309279070533,0.21991030930235175,-0.041233182994190834,-0.9056948136782554,-0.30189827122608603,0.056605925854890965,0.3217505543966431
139.1,24.410645684133048,15.803548561377685,2.111834644741685,0.9936490984840584,0.33121636616135364,-0.06210306865525365,0.6130319378776621,0.2043439792925546,-0.03831449611735388,-0.9614321195129059,-0.3204773731709695,0.060089507469556616,0.32175055439664296
139.15,24.461074127059945,15.820358042353316,2.1086828670587536,1.0230772426036068,0.3410257475345365,-0.06394232766272542,0.5636709827543138,0.18789032758477178,-0.035229436422144614,-1.012173417434369,-0.3373911391447907,0.06326083858964807,0.321750554396643
139.20000000000002,24.51291124490939,15.837637081636466,2.1054430471931638,1.0499759940145352,0.34999199800484615,-0.06562349962590845,0.5118978629327521,0.17063262097758447,-0.031993616433297005,-1.0579187074425607,-0.3526395691475214,0.06611991921516004,0.32175055439664313
139.25,24.566027656923573,15.855342552307864,2.1021232714422764,1.0742309894918272,0.35807699649727676,-0.0671394368432392,0.4579623788086432,0.1526541262695481,-0.0286226486755402,-1.0986679895374887,-0.3662226631791641,0.06866674934609304,0.3217505543966431
139.3,24.620288576434028,15.873429525478011,2.098731963972874,1.095740355830281,0.3652467852767614,-0.06848377223939256,0.40211433077755454,0.13403811025918538,-0.02513214567359716,-1.1344212637192141,-0.37814042123973907,0.07090132898245088,0.3217505543966431
139.35,24.675554435362294,15.8918514784541,2.095277847789857,1.114414709844398,0.37147156994813385,-0.06965091936527487,0.34460351923527727,0.11486783974509275,-0.02153771995220483,-1.1651785299876611,-0.38839284332922164,0.07282365812422882,0.32175055439664313
139.4,24.731681508721397,15.910560502907137,2.091769905704913,1.1301771583685458,0.3767257194561831,-0.07063607239803411,0.28567974457734185,0.09522658152578073,-0.017854984036083866,-1.1909397883428947,-0.3969799294476328,0.07443373677143092,0.32175055439664313
139.45000000000002,24.78852253911635,15.929507513038784,2.088217341305228,1.1429632982568092,0.3809877660856041,-0.07143520614105058,0.2255928071995089,0.07519760239983647,-0.014099550449969305,-1.21170503878487,-0.40390167959495776,0.07573156492405438,0.32175055439664296
139.5,24.845927361245447,15.948642453748485,2.0846295399221595,1.1527212163830882,0.38424040546103033,-0.07204507602394301,0.16459250749744375,0.05486416916581437,-0.010287031718590234,-1.227474281313595,-0.4091580937711999,0.07671714258209969,0.3217505543966429
139.55,24.903743526401286,15.967914508800433,2.0810160295999194,1.1594114896410732,0.3864704965470257,-0.07246321810256708,0.10292864586670207,0.034309548622234246,-0.006433040366668879,-1.2382475159290893,-0.41274917197636435,0.07739046974556808,0.3217505543966432
139.6,24.96181692697141,15.987272308990475,2.077386442064287,1.1630071849442123,0.387669061648072,-0.07268794905901327,0.04085102270308874,0.013617007567696396,-0.0025531889189430463,-1.2440247426313347,-0.4146749142104461,0.07775154641445842,0.32175055439664313
139.65,25.019992420939783,16.006664140313266,2.073750473691264,1.1634938592257567,0.38783128640858694,-0.07271836620160979,-0.021390561597876463,-0.007130187199291971,0.001336910099867279,-1.2448059614203364,-0.4149353204734468,0.07780037258877102,0.32175055439664324
139.70000000000002,25.078114456387308,16.026038152129107,2.070117846475793,1.160869559438732,0.38695651981291185,-0.07255434746492075,-0.08354630664042603,-0.027848768880141973,0.005221644165026627,-1.2405911722960954,-0.4135303907653663,0.07753694826850596,0.32175055439664313
139.75,25.136027695993125,16.045342565331048,2.06649826900043,1.155144822555955,0.3850482741853194,-0.07219655140974719,-0.145366412028899,-0.04845547067629959,0.009085400751806187,-1.2313803752586179,-0.41046012508620705,0.07696127345366362,0.321750554396643
139.8,25.193577641535615,16.064525880511876,2.062901397404024,1.1463426755700006,0.3821142251900015,-0.07164641722312504,-0.20660107736773214,-0.06886702578924435,0.012912567335483259,-1.2171735703078816,-0.4057245234359622,0.0760733481442426,0.3217505543966432
139.85,25.250611258393047,16.08353708613102,2.0593367963504345,1.1344986354932731,0.378166211831092,-0.07090616471832957,-0.2670005022611321,-0.0890001674203778,0.016687531391320756,-1.1979707574439251,-0.39932358581464283,0.07487317234024532,0.3217505543966429
139.9,25.306977600045066,16.102325866681692,2.055813899997183,1.1196607093579003,0.37322023645263436,-0.06997879433486877,-0.32631488631357014,-0.10877162877119005,0.020394680394598134,-1.173771936666696,-0.39125731222223303,0.0733607460416685,0.32175055439664296
139.95000000000002,25.362528432573196,16.120842810857734,2.0523419729641756,1.1018893942158525,0.36729646473861843,-0.06886808713849078,-0.3842944291292815,-0.12809814304309405,0.024018401820580095,-1.144577107976238,-0.38152570265874697,0.07153606924851487,0.32175055439664296
140.0,25.417118859162137,16.139039619720716,2.0489300713023666,1.0812576771388591,0.360419225712954,-0.0675786048211787,-0.44068933031260876,-0.14689644343753655,0.027543083144538048,-1.110386271372558,-0.37012875712418725,0.06939914196078488,0.321750554396643
140.05,25.47060794460079,16.156869314866935,2.045587003462451,1.0578510352183894,0.3526170117394642,-0.06611568970114934,-0.4952497894679834,-0.16508326315599478,0.030953111841748964,-1.0711994268555918,-0.35706647561853144,0.06694996417847449,0.32175055439664313
140.1,25.52285933978288,16.174286446594298,2.0423212912635704,1.0317674355657895,0.3439224785219313,-0.06448546472286185,-0.5477260061996168,-0.1825753353998726,0.03423287538747605,-1.0270165744254312,-0.34233885814181164,0.06418853590158945,0.3217505543966435
140.15,25.573741906208447,16.191247302069485,2.0391411308619722,1.0031173353120795,0.33437244510402764,-0.06269483345700497,-0.5978681801119696,-0.1992893933706564,0.0373667612569981,-0.9778377140819717,-0.32594590469399176,0.06111485713012323,0.32175055439664324
140.20000000000002,25.623130340484373,16.207710113494798,2.036054353719727,0.9720236816081619,0.3240078938693883,-0.06075148010051012,-0.6454265108092897,-0.21514217026976293,0.040339156925580606,-0.9236628458252973,-0.3078876152751001,0.057728927864081084,0.3217505543966431
140.25,25.670905798825675,16.223635266275227,2.0330683875733957,0.9386219116246819,0.3128739705415616,-0.05866386947654262,-0.6901511978959206,-0.23005039929864027,0.04313444986849504,-0.864491969655416,-0.2881639898851397,0.0540307481034635,0.32175055439664313
140.3,25.716956521556458,16.23898550718549,2.0301902174027218,0.9030599525520064,0.3010199841840035,-0.0564412470345004,-0.731792440976273,-0.24393081365875843,0.045737027561017066,-0.8003250855722184,-0.26677502852407364,0.05002031784826365,0.3217505543966435
140.35,25.761178457610665,16.25372615253689,2.027426346399334,0.8654982216004229,0.2884994072001423,-0.05409363885002643,-0.7701004396545914,-0.2567001465515308,0.04813127747841196,-0.7311621935758545,-0.24372073119195226,0.04569763709849091,0.3217505543966436
140.4,25.803475889033443,16.267825296344487,2.02478275693541,0.8261096259998386,0.2753698753332805,-0.05163185162498991,-0.8048253935352989,-0.2682751311784339,0.05030158709595618,-0.657003293666165,-0.21900109788872196,0.04106270585413531,0.32175055439664324
140.45000000000002,25.843762055481783,16.281254018493932,2.0222648715323888,0.7850795630000941,0.26169318766669836,-0.04906747268750588,-0.8357175022226744,-0.27857250074089207,0.05223234388891715,-0.5778483858432759,-0.19261612861442517,0.036115524115204745,0.32175055439664263
140.5,25.881959778725705,16.293986592908574,2.0198775138296434,0.7426059198707478,0.2475353066235829,-0.046412869991921735,-0.8625269653210628,-0.28750898844035455,0.05390793533256642,-0.4936974701071888,-0.1645658233690634,0.0308560918816993,0.3217505543966426
140.55,25.918002087149283,16.30600069571643,2.01762486955317,0.6988990739010638,0.23296635796702206,-0.043681192118816485,-0.8850039824348347,-0.2950013274782787,0.05531274890217717,-0.40455054645776,-0.13485018215258754,0.02528440915361,0.32175055439664324
140.6,25.95183284025139,16.31727761341714,2.0155104474842878,0.6541818924002674,0.21806063080008958,-0.04088636827501671,-0.9028987531682883,-0.30096625105609626,0.05643117207301802,-0.3104076148951965,-0.10346920496506566,0.019400475930949783,0.3217505543966428
140.65,25.983407353147037,16.327802451049017,2.01353704042831,0.6086897326971651,0.20289657756572316,-0.03804310829357282,-0.9159614771257937,-0.30532049237526443,0.057247592320362105,-0.21126867541927657,-0.07042289180642554,0.013204292213704786,0.3217505543966444
140.70000000000002,26.012693021068007,16.337564340356007,2.0117066861832495,0.5626704421405246,0.18755681404684243,-0.03516690263378279,-0.9239423539116679,-0.30798078463722367,0.057746397119479244,-0.10713372803016687,-0.035711242676722724,0.006695858001885429,0.32175055439664363
140.75,26.03966994386409,16.3465566479547,2.0100206285084945,0.5163843580988162,0.17212811936627237,-0.032274022381176014,-0.926591583130257,-0.30886386104342034,0.057911973945641064,0.0019972272721190277,0.000665742424039968,-0.00012482670450743923,0.3217505543966427
140.8,26.06433155050404,16.35477718350135,2.0084792780934975,0.47010430796021374,0.15670143598673894,-0.02938151924751336,-0.9236593643858951,-0.30788645479529925,0.057728710274118446,0.1161241904877782,0.03870806349592608,-0.007257761905486137,0.3217505543966442
140.85,26.08668522357641,16.362228407858808,2.007082173526475,0.4241156091328691,0.14137186971095636,-0.02650722557080432,-0.9148958972829326,-0.3049652990943122,0.05718099358018329,0.2352471616165457,0.07841572053884975,-0.014702947601034107,0.3217505543966422
140.9,26.106752923790744,16.368917641263586,2.005827942263079,0.3787160690444914,0.12623868968149787,-0.023669754315280712,-0.9000513814256819,-0.30001712714189416,0.056253211339105116,0.3593661406586977,0.11978871355290012,-0.022460383791168607,0.32175055439664396
140.95000000000002,26.124571814478415,16.374857271492807,2.0047142615950992,0.3342159851427731,0.11140532838092453,-0.02088849907142332,-0.8788760164184999,-0.29295867213950155,0.05492975102615624,0.4884811276140203,0.1628270425380081,-0.03053007047587627,0.32175055439664263
141.0,26.14019488609368,16.38006496203123,2.003737819619145,0.2909381448950911,0.09697938163169792,-0.018183634055943195,-0.8511200018657435,-0.28370666728858207,0.05319500011660897,0.6225921224825136,0.20753070749417168,-0.0389120076551571,0.32175055439664496
141.05,26.153691580714703,16.38456386023824,2.002894276205331,0.24921782578855442,0.08307260859618525,-0.015576114111784651,-0.8165335373716884,-0.27217784579056314,0.05103334608573053,0.761699125264398,0.2538997084214676,-0.047606195329024874,0.3217505543966438
141.1,26.16514841654444,16.38838280551482,2.002178223965973,0.20940279533020414,0.06980093177673545,-0.013087674708137759,-0.7748668225407574,-0.2582889408469197,0.04842917640879734,0.905802135959373,0.30193404531979173,-0.05661263349746081,0.32175055439664535
141.15,26.174669612411737,16.39155653747058,2.001583149224267,0.17185331104668833,0.057284437015563065,-0.01074083194041802,-0.7258700569771895,-0.2419566856590623,0.045366878561074346,1.0549011545677554,0.3516337181892524,-0.06593132216048471,0.3217505543966437
141.20000000000002,26.182377712272235,16.39412590409075,2.0011013929829855,0.1369421204846032,0.04564737349486744,-0.0085588825302877,-0.6692934402854025,-0.2230978134284678,0.041830840017837656,1.2089961810892924,0.4029987270297659,-0.07556226131808078,0.32175055439664024
141.25,26.188414209709418,16.396138069903145,2.000724111893162,0.10505446121023516,0.03501815373674475,-0.006565903825639698,-0.6048871720697501,-0.20162905735658307,0.03780544825435938,1.3680872155239883,0.45602907184133085,-0.08550545097024927,0.3217505543966396
141.3,26.192940172435595,16.3976467241452,2.0004412392227757,0.07658806080962126,0.02552935360320624,-0.004786753800601329,-0.5324014519344373,-0.1774671506448136,0.03327509074590233,1.532174257872108,0.5107247526240366,-0.09576089111700675,0.3217505543966324
141.35,26.196136866792813,16.39871228893094,2.0002414458254494,0.05195313688870272,0.017317712296236295,-0.00324707105554392,-0.45158647948399083,-0.1505288264946636,0.028224154967749427,1.70125730813328,0.567085769377763,-0.10632858175833,0.3217505543966777
141.4,26.198206382253975,16.399402127417996,2.0001121011091265,0.03157239707307972,0.010524132357694095,-0.0019732748170674824,-0.3621924543225515,-0.1207308181075163,0.022637028395159468,1.8753363663078928,0.625112122102633,-0.1172085228942433,0.3217505543966659
141.45000000000002,26.19937225592373,16.399790751974585,2.000039234004767,0.015881039008218294,0.00529367966940465,-0.0009925649380136434,-0.26396957605459304,-0.08798985868486522,0.016498098503412065,2.0544114323956495,0.6848038107985526,-0.1284007145247281,0.32175055439656214
141.5,26.199880097039504,16.399960032346506,2.000007493935031,0.005326750359319533,0.0017755834531073952,-0.0003329218974574708,-0.1566680442844906,-0.05222268142816413,0.009791752767780663,2.238482506396544,0.746160835465517,-0.139905156649784,0.32175055439680855
141.55,26.199998290290285,16.399999498958323,2.000000107373319,0.0003696171796955519,0.0001273163081275256,-2.3070244369258828e-05,-0.04063119935413085,-0.01338099533388884,0.002540670493014341,2.4138421286246374,0.8077680154108052,-0.15084147824502042,0.32373229614205146
141.6,26.200021302085574,16.400012289680514,1.999998707537042,0.0013876067864071141,0.000772283868127393,-8.440231210550809e-05,0.04134259068679044,0.02604378713669077,-0.002491939991116199,1.5886352037909,0.7672091381687258,-0.09750721971014309,0.47108248536930797
141.65,26.20016231708833,16.400092752621912,1.9999901450339228,0.005101317553948724,0.002915038602256406,-0.0003097228514897442,0.11113395740817926,0.06350511851895943,-0.006747418842639459,1.2636185118015921,0.7220677210294795,-0.07671969535938243,0.5191461142465218
141.70000000000002,26.200582197511245,16.40033268429214,1.9999646522939603,0.012203311727755321,0.006973320987288736,-0.0007409153548994308,0.17226488685474906,0.0984370782027135,-0.010458939559038342,1.181907789087208,0.6753758794784028,-0.07175868719458053,0.5191461142465218
141.75,26.201431898033025,16.400818227447445,1.9999130633337094,0.02226043677806005,0.012720249587462854,-0.0013515265186679329,0.22935364861954832,0.1310592277825987,-0.013925042951901157,1.1019318045316595,0.6296753168752324,-0.06690300241799366,0.5191461142465219
141.8,26.202854158628273,16.401630947787588,1.9998267117975692,0.03507275274348105,0.020041572996274834,-0.0021294171308542083,0.28248697961056024,0.16142113120603405,-0.01715099519064117,1.0236905581348872,0.5849660332199341,-0.0621526410296182,0.5191461142465219
141.85,26.204981830694663,16.402846760396955,1.9996975317078243,0.05044465650801113,0.028825518004577715,-0.003062711287986392,0.3317516167356669,0.1895723524203806,-0.020142062444665505,0.9471840498969784,0.5412480285125576,-0.057507603029459446,0.5191461142465219
141.9,26.207938093895194,16.4045360536544,1.9995180442992206,0.06818488180108159,0.038962789600617956,-0.004139796395065671,0.3772342969028924,0.2155624553730808,-0.022903510883389912,0.8724122798178024,0.4985213027530287,-0.052967888417509476,0.5191461142465218
141.95000000000002,26.21183667300047,16.40676381314313,1.999281344853543,0.08810649919747728,0.05034657096998688,-0.005349323165561123,0.41902175702011973,0.2394410040114964,-0.025440606676221576,0.7993752478974478,0.4567858559413976,-0.04853349719377366,0.5191461142465218
142.0,26.216782054730974,16.409589745560563,1.998981089534191,0.11002691611739203,0.06287252349565244,-0.006680205621413092,0.45720073399528527,0.2612575622830195,-0.027758615992570908,0.7280729541359257,0.4160416880776707,-0.04420442935825267,0.5191461142465219
142.05,26.222869704599336,16.4130684026282,1.9986114822207548,0.133767876826438,0.0764387867579644,-0.008121621093033743,0.4918579647363579,0.2810616941350609,-0.029862805001850318,0.6585053985331828,0.3762887991618178,-0.03998068491094328,0.5191461142465219
142.1,26.23018628375259,16.417249305001484,1.9981672613435928,0.15915546243558118,0.09094597853461757,-0.009663010219303148,0.5230801861512401,0.2989029635149935,-0.03175843987346817,0.5906725810892969,0.3375271891938831,-0.03586226385185021,0.5191461142465218
142.15,26.238809865814478,16.422177066179703,1.9976436867184069,0.18602009090125496,0.10629719480071684,-0.011294076947576202,0.5509541351479256,0.31483093437024234,-0.03345078677683836,0.5245745018041523,0.2997568581738005,-0.03184916618096642,0.5191461142465218
142.20000000000002,26.248810153727668,16.427891516415812,1.9970365263808203,0.21419651702521755,0.12239800972869543,-0.013004788533673931,0.575566548634318,0.3288951706481808,-0.03494511188136933,0.4602111606778271,0.2629778061016148,-0.027941391898296676,0.5191461142465218
142.25,26.260248696596065,16.434427826626326,1.9963420434209533,0.2435238324546472,0.13915647568836947,-0.014785375541889306,0.5970041635183562,0.34114523629620264,-0.036246681356471654,0.39758255771033113,0.22719003297733156,-0.024138941003841563,0.5191461142465219
142.3,26.273179106527078,16.441816632301194,1.995556982817999,0.2738454656821468,0.1564831232469406,-0.016626331844987494,0.6153537167079967,0.35163069526171153,-0.03736076137155697,0.33668869290161785,0.19239353880092402,-0.02044181349759826,0.5191461142465218
142.35,26.287647275473848,16.450084157413635,1.9946785582748021,0.3050091820456601,0.17429096116894818,-0.018518414624200803,0.6307019451111602,0.36040111149209064,-0.03829261809603476,0.2775295662517549,0.15858832357243097,-0.016850009379570867,0.5191461142465219
142.4,26.303691592077605,16.459252338330067,1.9937044390524312,0.3368670837286156,0.19249547641635129,-0.02045264436923739,0.6431355856358134,0.3675060489347496,-0.03904751769931728,0.2201051777606414,0.1257743872917948,-0.013363528649753254,0.5191461142465219
142.45000000000002,26.32134315850983,16.46933894771991,1.9926327368047605,0.3692756097597497,0.2110146341484279,-0.022420304878270535,0.6527413751898783,0.3729950715370724,-0.03963072635081408,0.1644155274283458,0.09395172995905451,-0.009982371308149586,0.5191461142465219
142.5,26.340626007314597,16.480357718465488,1.9914619924130426,0.40209553601322584,0.22976887772184273,-0.02441294325794587,0.6596060506812959,0.37691774324645383,-0.040047510219935856,0.11046061525487617,0.06312035157421483,-0.006706537354760362,0.5191461142465218
142.55,26.36155731825083,16.49231846757191,1.9901911628204856,0.4351919752086344,0.24868112869064757,-0.02642236992338139,0.6638163490180118,0.37932362801029146,-0.040303135476093606,0.05824044124019238,0.03328025213725272,-0.00353602678958313,0.5191461142465219
142.6,26.38414763513454,16.505227220076883,1.9888196078668319,0.46843437691090145,0.26767678680622875,-0.028440658598161896,0.6654590071079625,0.3802622897759776,-0.04040286828869776,0.007755005384352351,0.0044314316482013776,-0.00047083961262140957,0.5191461142465219
142.65,26.408401082681177,16.519086332960676,1.9873470771229287,0.5016965275304441,0.28668373001739594,-0.030460146314348416,0.6646207618590912,0.3797832924909083,-0.04035197482715915,-0.04099569231272994,-0.023426109892988507,0.002489024176130011,0.5191461142465219
142.70000000000002,26.434315583347786,16.533894619055882,1.985773696725313,0.5348565503229815,0.30563231447027434,-0.03247343341246676,0.6613883501793358,0.3779362001024767,-0.04015572126088829,-0.08801165185099613,-0.05029237248628342,0.005343564576667605,0.5191461142465218
142.75,26.461883074175354,16.549647470957346,1.9840999562107824,0.5677969053896622,0.3244553745083775,-0.03447338354151523,0.6558485089766393,0.37477057655807855,-0.03981937375929599,-0.13329287323043937,-0.07616735613167949,0.00809278158899096,0.5191461142465218
142.8,26.491089723631074,16.566336984932047,1.9823266953509706,0.6004043896770619,0.3430882226726059,-0.036453123658964505,0.6480879751589378,0.3703359858051063,-0.039348198491792684,-0.17683935645109378,-0.10105106082919607,0.010736675213102112,0.5191461142465219
142.85,26.52191614845056,16.583952084828898,1.98045509098693,0.6325701369770929,0.3614686497011949,-0.03840604403075209,0.6381934856341814,0.36468199179095984,-0.03874746162778962,-0.21865110151291092,-0.12494348657880582,0.01327524544899814,0.5191461142465218
142.9,26.554337630480255,16.60247864598872,1.978486643863699,0.664189617927155,0.37953692452980187,-0.04032579823129158,0.6262517773102935,0.35785815846302393,-0.03802242933669644,-0.25872810841596205,-0.14784463338054923,0.015708492296683377,0.5191461142465218
142.95000000000002,26.588324333519488,16.621899619153993,1.9764231654648885,0.6951626400099539,0.39723579429140116,-0.042206303143461514,0.6123495870952252,0.3499140497686992,-0.03717836778792444,-0.2970703771601988,-0.16975450123439867,0.0180364157561549,0.5191461142465218
143.0,26.623841520162905,16.642195154378808,1.9742667648472525,0.7253933475536237,0.41451048431635534,-0.04404173895861291,0.5965736518969208,0.34089922965538255,-0.036220543150884535,-0.33367790774561584,-0.19067309014035133,0.02025901582741237,0.5191461142465218
143.05,26.66084976864273,16.66334272493871,1.972019835475263,0.7547902217317239,0.4313086981324125,-0.04582654917656899,0.5790107086233097,0.33086326207046196,-0.035154221594986705,-0.3685507001722406,-0.2106004000984226,0.02237629251045744,0.5191461142465218
143.1,26.699305189670923,16.685317251240534,1.969685042055694,0.7832660805631548,0.44758061746465877,-0.047555440605620156,0.559747494182352,0.31985571096134313,-0.03398466928964283,-0.40168875444003466,-0.22953643110859048,0.024388245805287798,0.5191461142465219
143.15,26.739159643281642,16.708091224732375,1.9672653073721862,0.810738078912296,0.4632789022355965,-0.04922338336253229,0.5388707454819549,0.307926140275402,-0.032717152404261596,-0.4330920705490545,-0.24748118317088755,0.02629487571190686,0.5191461142465218
143.20000000000002,26.780360955673277,16.731634831813306,1.964763799119837,0.8371277084888414,0.4783586905650509,-0.05082561087253684,0.5164671994300813,0.2951241139600457,-0.031356937108254976,-0.4627606484992617,-0.2644346562852916,0.02809618223031229,0.5191461142465218
143.25,26.822853136050878,16.75591607774336,1.9621839167397686,0.8623607978479123,0.4927775987702342,-0.05235761986933757,0.4926235929346762,0.2814991959626715,-0.029909289571033965,-0.4906944882906526,-0.2803968504518006,0.02979216536050389,0.5191461142465218
143.3,26.86657659346843,16.78090091055339,1.9595292782537028,0.8863675123900486,0.5064957213657406,-0.05381517039511013,0.4674266629036623,0.26710095023066366,-0.02837947596200813,-0.516893589923248,-0.2953677656704266,0.03138282510248289,0.5191461142465218
143.35,26.91146835367099,16.806553344954857,1.9568037070985473,0.9090823543611424,0.5194756310635086,-0.05519428580049798,0.440963146245009,0.2519789407114332,-0.026772762450589876,-0.541357953397019,-0.3093474019411529,0.03286816145624758,0.5191461142465219
143.4,26.95746227593718,16.83283558624982,1.954011218960957,0.9304441628525486,0.5316823787728836,-0.05649125274461907,0.4133197798666112,0.2361827313523486,-0.02509441520618714,-0.5640875787120077,-0.32233575926400343,0.03424817442180046,0.5191461142465218
143.45000000000002,27.004489269921194,16.85970815424069,1.9511560086119277,0.9503961138009529,0.543083493600543,-0.05770262119505789,0.3845833006764396,0.219761886100822,-0.02334970039821244,-0.5850824658681854,-0.33433283763896204,0.035522863999139814,0.5191461142465217
143.5,27.052477512495237,16.887130007140136,1.9482424367413609,0.9688857199884626,0.5536489828505484,-0.05882520442787099,0.35484044558243966,0.20276596890425086,-0.02154388419607676,-0.60434261486555,-0.3453386370660275,0.03669223018826553,0.5191461142465217
143.55,27.101352664591793,16.915058665481027,1.9452750167926411,0.9858648310425981,0.5633513320243402,-0.05985607902758636,0.32417795149253076,0.1852445437100172,-0.019682232769189425,-0.6218680257041157,-0.355353157545208,0.03775627298917845,0.5191461142465218
143.6,27.151038088045777,16.943450336026157,1.9422584017972209,1.001289633436245,0.5721655048207098,-0.060792584887200636,0.29268255531468734,0.16724717446553505,-0.0177700122869632,-0.6376586983838639,-0.3643763990764927,0.03871499240187743,0.5191461142465217
143.65,27.201455062437013,16.972260035678296,1.9391973712091815,1.015120650487729,0.5800689431358437,-0.06163232520818361,0.26044099395679626,0.14882342511816896,-0.01581248891880554,-0.6517146329048215,-0.3724083616598969,0.03956838842636415,0.5191461142465218
143.70000000000002,27.252523001932243,17.00144171538986,1.9360968177398281,1.0273227423607307,0.5870415670632732,-0.062373166500473004,0.22754000432683383,0.13002285961533336,-0.013814928834129256,-0.6640358292669695,-0.37944904529541007,0.04031646106263742,0.5191461142465219
143.75,27.30415967212757,17.030948384072904,1.9329617341922547,1.0378651060643438,0.5930657748939093,-0.06301323858247808,0.19406632333274637,0.11089504190442634,-0.011782598202345382,-0.6746222874703078,-0.38549844998303207,0.040959210310697235,0.5191461142465219
143.8,27.35628140689074,17.060732232508997,1.9297972002959196,1.0467212754530681,0.5981264431160375,-0.06355093458107919,0.16010668788244958,0.09148953593282827,-0.009720763192863066,-0.6834740075148441,-0.39055657572276703,0.0414966361705441,0.5191461142465219
143.85,27.408803325203248,17.090744757259003,1.9266083695412313,1.0538691212267828,0.6022109264153028,-0.06398491093162616,0.12574783488392216,0.07185590564795548,-0.007634689975095314,-0.6905909894005695,-0.3946234225146101,0.04192873864217743,0.5191461142465218
143.9,27.461639548002886,17.120936884573084,1.9234004560141105,1.0592908509307857,0.6053090576747333,-0.06431408737794064,0.09107650124504509,0.05204371499716853,-0.0055296447184492266,-0.6959732331274956,-0.39769899035856787,0.04225551772559793,0.5191461142465219
143.95000000000002,27.514703415025682,17.151259094300393,1.9201787212305836,1.062973008955751,0.6074131479747134,-0.06453764697231351,0.05617942387379948,0.032102527927885136,-0.0034108935923378705,-0.699620738695614,-0.3997832792546356,0.04247697342080515,0.5191461142465219
144.0,27.567907701648387,17.181661543799084,1.916948460971348,1.064906476537759,0.6085179865930036,-0.06465503607550689,0.021143339678130244,0.012081908387503176,-0.0012837027661722615,-0.7015335061049259,-0.40087628920281393,0.04259310572779909,0.5191461142465219
144.05,27.62116483573074,17.21209419184614,1.913714992116348,1.0650864717582884,0.6086208410047347,-0.06466596435675333,-0.01394501443404651,-0.007968579676597946,0.0008466615906384967,-0.7017115353554333,-0.4009780202031034,0.042603914646579866,0.5191461142465219
144.1,27.674387114457595,17.2425069225472,1.9104836394793605,1.0635125495442133,0.6077214568824062,-0.06457040479375586,-0.048998901554752186,-0.027999372317001246,0.0029749333086813365,-0.7001548264471357,-0.4000884722555048,0.04250940017714748,0.519146114246522
144.15,27.727486921181423,17.27284966924653,1.9072597226425565,1.0601886016678026,0.6058220580958854,-0.06436859367268803,-0.08393158477610665,-0.04796090558634655,0.005095846218549296,-0.6968633793800307,-0.39820764536001635,0.04230956231950182,0.5191461142465217
144.20000000000002,27.780376942264304,17.303072538436744,1.904048542791096,1.055122856746723,0.6029273467124114,-0.06406103058819394,-0.11865632719012827,-0.06780361553721605,0.007204134150829172,-0.6918371941541198,-0.3953355395166385,0.042004401073642984,0.5191461142465218
144.25,27.832970383920376,17.333125933668786,1.9008553695476915,1.0483278802440439,0.5990445029965951,-0.06364847844338845,-0.15308639188887152,-0.08747793822221217,0.00929453093611,-0.6850762707694058,-0.3914721547253733,0.04159391643957103,0.519146114246522
144.3,27.885181189058127,17.36296067946179,1.897685427807185,1.0398205744682214,0.5941831854104108,-0.0631319634498564,-0.18713504196442235,-0.10693430969395522,0.011361770404982716,-0.6765806092258829,-0.3866174909862178,0.04107810841728573,0.5191461142465219
144.35,27.9369242541225,17.39252814521286,1.894543884571134,1.0296221785731259,0.588355530613213,-0.06251277512765414,-0.2207155405088011,-0.12612316600502874,0.013400586388034283,-0.6663502095235625,-0.38077154829917725,0.04045697700678769,0.5191461142465217
144.4,27.988115645937405,17.42178036910709,1.891435835782372,1.0177582685579938,0.5815761534617091,-0.06179246630530684,-0.25374115061412517,-0.14499494320807088,0.015405712715857531,-0.6543850716624261,-0.3739343266642422,0.03973052220807584,0.5191461142465217
144.45000000000002,28.03867281854771,17.450670182027267,1.8883662931596032,1.0042587572674897,0.5738621470099927,-0.06097285311981198,-0.28612513537241596,-0.16350007735566557,0.017371883219039434,-0.6406851956424858,-0.3661058260814195,0.03889874402115089,0.5191461142465219
144.5,28.088514830061705,17.479151331463832,1.885340171031968,0.9891578943916681,0.565233082509523,-0.0600560150166371,-0.3177807578757264,-0.18158900450041446,0.019293831728169033,-0.6252505814637453,-0.35728604655071067,0.03796164244601309,0.5191461142465218
144.55,28.13756255949336,17.507178605424777,1.8823622731736176,0.9724942664659654,0.5557110094091215,-0.059044294749719416,-0.34862128121614244,-0.19921216069493755,0.02116629207383718,-0.6080812291261934,-0.34747498807210925,0.0369192174826617,0.5191461142465218
144.6,28.185738923604447,17.534707956345397,1.8794372796383016,0.9543107968712433,0.5453204553549952,-0.05794029838146844,-0.3785599684856886,-0.2163199819918211,0.02298399808663106,-0.5891771386298493,-0.336672650645627,0.035771469131097966,0.5191461142465221
144.65,28.23296909374707,17.561696624998323,1.8765697335939282,0.9346547458337113,0.5340884261906911,-0.056746895282761146,-0.40751008277647466,-0.2328629044436993,0.0247416835971431,-0.568538309974682,-0.3248790342712454,0.03451839739131995,0.519146114246522
144.70000000000002,28.27918071270563,17.58810326440322,1.8737640281571581,0.9135777104250301,0.5220444059571584,-0.0554672181329483,-0.4353848871805271,-0.24879136410315755,0.02643408243596051,-0.5461647431607121,-0.3120941389489771,0.03316000226332891,0.5191461142465216
144.75,28.324304111539313,17.61388806373675,1.8710243932279707,0.8911356245622376,0.5092203568927058,-0.05410466291985017,-0.4620976447899008,-0.2640557970227995,0.028055928433672436,-0.5220564381879454,-0.298317964678825,0.0316962837471252,0.5191461142465218
144.8,28.368272526424303,17.63901287224246,1.8683548823242389,0.8673887590077497,0.49565071943299877,-0.05266288893975625,-0.48756161869667347,-0.2786066392552414,0.029601955420869432,-0.4962133950563639,-0.28355051146077864,0.030127241842707774,0.519146114246522
144.85,28.411022315495977,17.66344132314056,1.8657593594163155,0.8424017213694225,0.4813724122110971,-0.05114581879742931,-0.5116900719928801,-0.29239432685307387,0.031066897228139156,-0.4686356137659973,-0.2677917792948548,0.02845287655007836,0.5191461142465217
144.9,28.452493175691362,17.687138957537922,1.8632414857615958,0.8162434561004391,0.466424832057393,-0.04955763840609816,-0.5343962677706212,-0.30536929586892536,0.0324454876860733,-0.4393230943167986,-0.25104176818102697,0.026673187869234168,0.5191461142465222
144.95000000000002,28.49262835959115,17.7100733483378,1.8608047067391087,0.7889872444994533,0.4508498539996864,-0.04790279698746683,-0.5555934691219274,-0.31748198235538544,0.033732460625259725,-0.4082758367087998,-0.23330047811931323,0.02478817580017708,0.5191461142465218
145.0,28.53137489226215,17.7322142241498,1.8584522386840838,0.7607107047104879,0.4346918312631342,-0.046186007071708224,-0.5751949391388548,-0.32868282236505897,0.03492254987628751,-0.37549384094200616,-0.2145679091097171,0.022797840342907494,0.5191461142465212
145.05,28.568683788099538,17.753533593199734,1.8561870557225284,0.7314957917229393,0.4179975952702498,-0.044412244497464205,-0.5931139409134801,-0.33892225195055903,0.03601048926974692,-0.3409771070163956,-0.19484406115222563,0.02070218149742397,0.5191461142465217
145.1,28.60451026766901,17.774005867239435,1.85401187660581,0.7014287973716573,0.40081645564094537,-0.04258674841185061,-0.609263737537843,-0.3481507071644805,0.03699101263622611,-0.30472563493200583,-0.17412893424685966,0.018501199263728882,0.5191461142465211
145.15,28.638813974549272,17.793607985456728,1.8519291515452228,0.6706003503367954,0.38320020019245365,-0.040715021270448376,-0.6235575921040297,-0.35631862405944403,0.03785885380631602,-0.266739424688776,-0.1524225283935856,0.016194893641818534,0.519146114246522
145.20000000000002,28.67155919217405,17.812319538385175,1.8499410490465753,0.6391054161440032,0.36520309493943,-0.038802828837314625,-0.635908767704082,-0.3633764386880455,0.038608746610604906,-0.22701847628674676,-0.12972484359242598,0.013783264631695318,0.5191461142465225
145.25,28.702715060674535,17.83012289181402,1.8480494427447605,0.6070432971642893,0.34688188409387943,-0.036856200184974805,-0.6462305274300582,-0.36927458710288946,0.03923542487968208,-0.18556278972592802,-0.10603587984338672,0.011266312233359856,0.5191461142465228
145.3,28.732255793721613,17.847003310698067,1.8462558982383308,0.5745176326140304,0.3282957900651601,-0.03488142769442341,-0.6544361343740264,-0.37396350535658507,0.039733622444137306,-0.14237236500628736,-0.0813556371464495,0.008644036446810272,0.5191461142465227
145.35,28.760160895368088,17.86294908306748,1.8445616599240802,0.5416363985550645,0.3095065134600357,-0.03288506705512895,-0.6604388516280377,-0.37739362950173466,0.04009807313455937,-0.09744720212787501,-0.05568411550164233,0.005916437272049501,0.5191461142465214
145.4,28.78641537689106,17.87795164393775,1.842967637831614,0.5085119078945319,0.29057823308258846,-0.030873937265025176,-0.6641519422841652,-0.3795153955909499,0.04032351078153847,-0.0507873010906137,-0.029021314908921562,0.003083514709072929,0.5191461142465211
145.45000000000002,28.81100997363405,17.892005699219457,1.8414743944579326,0.4752608103850607,0.271577605934319,-0.028855120630521647,-0.6654886694344567,-0.3802792396768307,0.04040466921566327,-0.002392661894555642,-0.0013672353683169616,0.00014526875788368988,0.5191461142465207
145.5,28.83394136184936,17.905109349628205,1.840082131602003,0.44200409262464835,0.25257376721408453,-0.02683596276649665,-0.6643622961709738,-0.37963559781198414,0.04033628226752328,0.04773671546029025,0.02727812312016617,-0.0028983005815176586,0.5191461142465226
145.55,28.85521237554036,17.917264214594493,1.8387906771993352,0.40886707805665834,0.23363833031809045,-0.024824072596297233,-0.6606860855857785,-0.3775349060490152,0.04011308376770789,0.09960083097396003,0.05691476055654864,-0.0060471933091333415,0.5191461142465228
145.6,28.874832223303684,17.928475556173538,1.837599472156562,0.37597942696991093,0.2148453868399499,-0.022827322351744728,-0.6543733007709364,-0.3739276004405334,0.03972980754680667,0.153199684646395,0.08754267694079765,-0.009301409424959795,0.5191461142465246
145.65,28.892816705171583,17.93875240295519,1.836507557186011,0.34347513649853356,0.19627150657059075,-0.020853847573125365,-0.6453372048184927,-0.3687641170391374,0.03918118743540836,0.20853327647768777,0.11916187227296451,-0.012660948929002588,0.5191461142465232
145.70000000000002,28.909188429454105,17.948107673973777,1.8355135596402865,0.31149254062213794,0.1779957374983639,-0.0189120471092012,-0.6334910608205155,-0.3619948918974364,0.03846195726410257,0.26560160646777614,0.1517723465530144,-0.01612581182125789,0.5191461142465214
145.75,28.923977029581433,17.956558302617964,1.8346156803468412,0.28017431016570554,0.16009960580897348,-0.0170105831172036,-0.618748131869068,-0.3535703610680377,0.03756685086347897,0.32440467461664707,0.18537409978094097,-0.019695998101725065,0.51914611424652
145.8,28.937219380946154,17.964125360540656,1.8338116804425546,0.24966745279958702,0.14266711588547745,-0.015158381062832118,-0.6010216810562022,-0.34344096060354207,0.03649060206412636,0.3849424809243463,0.21996713195676887,-0.02337150777040685,0.5191461142465205
145.85,28.948959817745468,17.970834181568836,1.833098868208311,0.22012331303958507,0.1257847503083343,-0.013364629720260642,-0.580224971473996,-0.33155712655656827,0.03522794469663532,0.44721502539080477,0.2555514430804594,-0.027152340827298966,0.5191461142465229
145.9,28.959250349823538,17.97671448561345,1.8324740859035706,0.19169757224681228,0.10954146985532164,-0.011638781172128028,-0.5562712662144748,-0.3178692949796975,0.03377361259159301,0.5112223080161284,0.29212703315207295,-0.03103849727240785,0.5191461142465243
145.95000000000002,28.968150879513693,17.98180050257925,1.831933696600954,0.1645502486278708,0.09402871350164178,-0.00999055080954946,-0.5290738283697229,-0.30232790192555326,0.032122339579590174,0.5769643288002456,0.32969390217156824,-0.03502997710572931,0.5191461142465292
146.0,28.975729418480725,17.986131096274704,1.8314735710208125,0.13884569723472753,0.07934039841984522,-0.008429917332108686,-0.498545921031805,-0.2848833834467446,0.030268859491216615,0.644441087743144,0.3682520501389387,-0.039126780327262425,0.5191461142465278
146.05,28.982062304563186,17.989749888321825,1.831089074365806,0.11475260996471409,0.06557291997983679,-0.006967122747857724,-0.4646008072927609,-0.2654861755958617,0.02820790615706032,0.7136525848448729,0.4078014770542123,-0.04332890693701021,0.5191461142465239
146.1,28.987234418615607,17.99270538206606,1.8307750531554807,0.09244401556060983,0.052825151748920926,-0.005612672373322774,-0.4271517502446876,-0.24408671442553387,0.025934213407713038,0.7845988201053532,0.4483421829173438,-0.04763635693496802,0.519146114246532
146.15,28.991339401350793,17.995051086486168,1.8305258220608447,0.07209727961053387,0.04119844549173371,-0.004377334833496801,-0.3861120129795803,-0.22063543598833085,0.023442515073760155,0.8572797935247083,0.48987416772840375,-0.05204913032114314,0.5191461142465225
146.20000000000002,28.994479870182097,17.996845640104056,1.830335150738944,0.053894104548057015,0.03079663117031937,-0.003272142061846433,-0.3413948585895439,-0.19508277633688198,0.020727544985793708,0.9316955051028549,0.5323974314873453,-0.05656722709553062,0.5191461142465407
146.25,28.996767636065684,17.998152934894676,1.830196250667441,0.03802052965212633,0.02172601694407469,-0.0023083893003078377,-0.2929135501666522,-0.16737917152380058,0.01778403697440376,1.00784595483978,0.5759119741941592,-0.061190647258129664,0.5191461142465755
146.3,28.998323920342802,17.999042240195887,1.8301017619791875,0.024666931047071856,0.014095389169755232,-0.0014976350992867151,-0.24058135080292078,-0.13747505760166873,0.014606724870177201,1.0857311427355392,0.6204177958488778,-0.06591939080894353,0.5191461142465061
146.35,28.999279571582047,17.99958832661831,1.8300437402968044,0.014028021702648674,0.008016012401513372,-0.0008517013176609339,-0.18431152359047215,-0.10532087062312703,0.0111903425037072,1.1653510687900444,0.6659148964514522,-0.070753457747967,0.5191461142465286
146.4,28.999775282421638,17.999871589955216,1.8300136435672578,0.006302851433975079,0.003601629390843068,-0.00038267312277706823,-0.12401733162127213,-0.07086704664072749,0.007529623705577267,1.2467057330034292,0.7124032760019581,-0.0756928480752083,0.5191461142465345
146.45000000000002,28.999961806411683,17.999978175092387,1.8300023188964336,0.0016948069015952066,0.0009684610866265164,-0.00010289899045426957,-0.05961203798745071,-0.03406402170711289,0.0036193023063807784,1.3297951353756057,0.759882934500344,-0.08073756179066187,0.5191461142474949
146.5,29.000053165804445,17.999998414286818,1.8300085596024032,0.003622272660442924,0.0001716014364329859,0.00048006286938174776,0.10852804785976977,-0.012345071103049126,0.020831452148215232,3.207188547735165,0.4389871083958425,0.3192017859393057,0.2938821603779159
146.55,29.000234247436595,18.0,1.8300351371154895,0.01028188940186561,0.0,0.0015422834102798348,0.3316738188027608,0.0,0.04975107282041389,5.532789352181999,0.0,0.8299184028272962,0.0
146.6,29.00127437835043,18.0,1.830191156752565,0.03347643938823077,0.0,0.0050214659082345936,0.5900710601491238,0.0,0.08851065902236817,4.8083348918460995,0.0,0.7212502337769118,0.0
146.65,29.00378230409496,18.0,1.8305673456142437,0.06869836984193188,0.0,0.010304755476289736,0.8130307670046568,0.0,0.121954615050698,4.115287972547556,0.0,0.6172931958821306,0.0
146.70000000000002,29.008315751099197,18.0,1.8312473626648795,0.11421506346474228,0.0,0.017132259519711267,1.0021233164212662,0.0,0.15031849746318926,3.453648594286196,0.0,0.5180472891429272,0.0
146.75,29.01534777789857,18.0,1.8323021666847852,0.16837242181092768,0.0,0.02525586327163904,1.15891908545059,0.0,0.17383786281758776,2.8234167570629634,0.0,0.42351251355944275,0.0
146.8,29.02527070107754,18.0,1.833790605161631,0.22959486528752152,0.0,0.03443922979312808,1.284988451144769,0.0,0.19274826767171455,2.224592460876783,0.0,0.3336888691315161,0.0
146.85,29.038400021212233,18.0,1.8357600031818349,0.29638533315401444,0.0,0.044457799973101966,1.3819017905555633,0.0,0.2072852685833336,1.6571757057281342,0.0,0.24857635585921914,0.0
146.9,29.054978348813062,18.0,1.8382467523219588,0.3673252835225534,0.0,0.05509879252838277,1.4512294807348696,0.0,0.21768442211022948,1.121166491616863,0.0,0.1681749737425289,0.0
146.95000000000002,29.07517933026736,18.0,1.8412768995401043,0.4410746933578834,0.0,0.06616120400368221,1.4945418987345565,0.0,0.22418128481018249,0.6165648185428436,0.0,0.09248472278142623,0.0
147.0,29.09911157378199,18.0,1.8448667360672988,0.5163720584772068,0.0,0.07745580877158069,1.5134094216064686,0.0,0.22701141324096935,0.1433706865067831,0.0,0.021505602976017568,0.0
147.05,29.126822575326052,18.0,1.8490233862989078,0.5920343935505613,0.0,0.08880515903258382,1.5094024264025114,0.0,0.2264103639603758,-0.2984159044921252,0.0,-0.044762385673818364,0.0
147.1,29.158302644573403,18.0,1.8537453966860102,0.6669572321003913,0.0,0.10004358481505828,1.4840912901745498,0.0,0.2226136935261816,-0.7087949544535237,0.0,-0.10631924316802789,0.0
147.15,29.193488830845368,18.0,1.8590233246268049,0.7401146265018138,0.0,0.11101719397527161,1.4390463899744472,0.0,0.21585695849616626,-1.0877664633775204,0.0,-0.16316496950662718,0.0
147.20000000000002,29.232268849053344,18.0,1.8648403273580016,0.8105591479825373,0.0,0.12158387219738007,1.3758381028540465,0.0,0.20637571542810618,-1.4353304312642006,0.0,-0.215299564689629,0.0
147.25,29.274485005641356,18.0,1.8711727508462033,0.8774218866227448,0.0,0.13161328299341116,1.29603680586534,0.0,0.19440552087980031,-1.7514868581130885,0.0,-0.26272302871696196,0.0
147.3,29.319938124528885,18.0,1.877990718679333,0.9399124513554282,0.0,0.14098686770331365,1.2012128760600658,0.0,0.18018193140900912,-2.0362357439247236,0.0,-0.3054353615887069,0.0
147.35,29.36839147305328,18.0,1.8852587209579916,0.9973189699660083,0.0,0.1495978454949006,1.0929366904901616,0.0,0.1639405035735236,-2.289577088698872,0.0,-0.34343656330482897,0.0
147.4,29.4195746879125,18.0,1.8929362031868753,1.0490080890925642,0.0,0.1573512133638839,0.9727786262074684,0.0,0.14591679393111975,-2.5115108924355964,0.0,-0.37672663386533756,0.0
147.45000000000002,29.47318770110776,18.0,1.9009781551661635,1.094424974225763,0.0,0.16416374613386375,0.8423090602638152,0.0,0.1263463590395719,-2.7020371551349367,0.0,-0.4053055732702384,0.0
147.5,29.52890466588599,18.0,1.9093356998828979,1.1330933097087996,0.0,0.16996399645631927,0.7030983697112834,0.0,0.10546475545669225,-2.8611558767966523,0.0,-0.42917338151949547,0.0
147.55,29.58637788268279,18.0,1.917956682402418,1.164615298737585,0.0,0.174692294810637,0.5567169316015083,0.0,0.08350753974022634,-2.988867057421016,0.0,-0.4483300586131499,0.0
147.6,29.64524172506473,18.0,1.926786258759709,1.18867166336053,0.0,0.1783007495040788,0.40473512298647313,0.0,0.06071026844797092,-3.0851706970079125,0.0,-0.4627756045511842,0.0
147.65,29.705116565672178,18.0,1.9357674848508262,1.2050216444786745,0.0,0.18075324667180043,0.2487233209180071,0.0,0.037308498137701325,-3.150066795557367,0.0,-0.4725100193336023,0.0
147.70000000000002,29.76561270216186,18.0,1.9448419053242787,1.2135030018456399,0.0,0.18202545027684536,0.09025190244793733,0.0,0.013537785367190847,-3.1835553530693654,0.0,-0.4775333029604022,0.0
147.75,29.826334283149404,18.0,1.95395014247241,1.2140320140676482,0.0,0.18210480211014668,-0.06910875537162564,0.0,-0.010366313305743561,-3.1856363695439085,0.0,-0.4778454554315832,0.0
147.8,29.88688323415224,18.0,1.9630324851228356,1.206603478603514,0.0,0.18099052179052638,-0.22778827548908295,0.0,-0.034168241323362,-3.156309844980995,0.0,-0.4734464767471468,0.0
147.85,29.946863183531924,18.0,1.972029477529788,1.191290711764643,0.0,0.17869360676469578,-0.3842162808524359,0.0,-0.05763244212786473,-3.0955757793806415,0.0,-0.46433636690709373,0.0
147.9,30.005883388436942,18.0,1.9808825082655408,1.168245548715035,0.0,0.1752368323072545,-0.5368223944098559,0.0,-0.08052335916147765,-3.003434172742822,0.0,-0.45051512591142084,0.0
147.95000000000002,30.063562660745305,18.0,1.989534399111795,1.1376983434712677,0.0,0.17065475152068957,-0.6840362391095083,0.0,-0.10260543586642545,-2.879885025067485,0.0,-0.43198275376011996,0.0
148.0,30.119533293007066,18.0,1.9979299939510593,1.0999579689025887,0.0,0.16499369533538774,-0.8242874378993125,0.0,-0.12364311568489576,-2.724928336354855,0.0,-0.40873925045322584,0.0
148.05,30.17344498438723,18.0,2.006016747658084,1.0554118167307136,0.0,0.15831177250960654,-0.95600561372763,0.0,-0.14340084205914366,-2.5385641066046687,0.0,-0.38078461599069807,0.0
148.1,30.224968766608075,18.0,2.0137453149912106,1.0045257975300501,0.0,0.15067886962950702,-1.077620389542489,0.0,-0.1616430584313723,-2.3207923358170652,0.0,-0.34811885037255724,0.0
148.15,30.273800929891955,18.0,2.0210701394837924,0.9478443407275529,0.0,0.14217665110913247,-1.187561388292043,0.0,-0.17813420824380566,-2.0716130239919717,0.0,-0.31074195359879364,0.0
148.20000000000002,30.319666948903894,18.0,2.027950042335584,0.8859903946027642,0.0,0.13289855919041402,-1.284258232924442,0.0,-0.19263873493866532,-1.7910261711292959,0.0,-0.268653925669392,0.0
148.25,30.362325408694144,18.0,2.0343488113041213,0.8196654262879356,0.0,0.12294981394318982,-1.3661405463876928,0.0,-0.20492108195815248,-1.4790317772294876,0.0,-0.22185476658442216,0.0
148.3,30.401571930640998,18.0,2.0402357895961485,0.7496494217677082,0.0,0.11244741326515573,-1.4316379516300572,0.0,-0.2147456927445072,-1.1356298422920372,0.0,-0.170344476343804,0.0
148.35,30.437243098393196,18.0,2.0455864647589785,0.6768008858794753,0.0,0.1015201328819213,-1.4791800715996097,0.0,-0.22187701073993987,-0.7608203663171771,0.0,-0.11412305494757574,0.0
148.4,30.469220383812722,18.0,2.0503830575719078,0.6020568423131561,0.0,0.0903085263469733,-1.507196529244481,0.0,-0.22607947938667058,-0.3546033493048172,0.0,-0.053190502395721664,0.0
148.45000000000002,30.497434072917347,18.0,2.0546151109376023,0.526432833611261,0.0,0.07896492504168912,-1.5141169475127945,0.0,-0.22711754212691754,0.08302120874520613,0.0,0.012453181311781353,0.0
148.5,30.521867191823254,18.0,2.058280078773488,0.4510229211690238,0.0,0.06765343817535356,-1.4983709493526973,0.0,-0.22475564240290302,0.5520533078321804,0.0,0.08280799617482734,0.0
148.55,30.542559432687778,18.0,2.0613839149031654,0.37699968523403604,0.0,0.056549952785105814,-1.458388157712292,0.0,-0.21875822365684278,1.05249294795691,0.0,0.15787394219353615,0.0
148.6,30.559611079651873,18.0,2.06394166194778,0.30561422490666557,0.0,0.045842133735999734,-1.39259819553972,0.0,-0.20888972933095554,1.5843401291190116,0.0,0.2376510193678513,0.0
148.65,30.573186934782868,18.0,2.065978040217429,0.23819615813979664,0.0,0.03572942372096963,-1.2994306857830955,0.0,-0.19491460286746215,2.147594851318649,0.0,0.3221392276977969,0.0
148.70000000000002,30.58352024401704,18.0,2.067528036602555,0.17615362173891794,0.0,0.026423043260837727,-1.1773152513904814,0.0,-0.17659728770857108,2.7422571145560113,0.0,0.41133856718340045,0.0
148.75,30.590916623102245,18.0,2.068637493465336,0.12097327136220751,0.0,0.018145990704330834,-1.0246815153102458,0.0,-0.15370222729653524,3.368326918830156,0.0,0.5052490378245221,0.0
148.8,30.595757983540587,18.0,2.0693636975310867,0.07422028152025488,0.0,0.011133042228038409,-0.8399591004902504,0.0,-0.12599386507353538,4.025804264142155,0.0,0.6038706396213216,0.0
148.85,30.598506458530988,18.0,2.069775968779647,0.03753834557637601,0.0,0.005630751836456697,-0.6215776298787428,0.0,-0.09323664448181081,4.714689150491516,0.0,0.7072033725737256,0.0
148.9,30.59970832891187,18.0,2.069956249336779,0.012649675746430812,0.0,0.0018974513619657441,-0.3679667264237955,0.0,-0.055195008963568194,5.434981577878427,0.0,0.8152472366817606,0.0
148.95000000000002,30.599995271868494,18.00000014194635,2.0699990814094047,0.0010974710874565685,8.485037168831207e-06,0.00015210523329526948,-0.10275830109436027,0.0003368657632859688,-0.015910622165000513,5.628794144760414,0.006585550753695357,0.8346054343523592,0.007977307839677471
149.0,30.600013200861202,18.0000013156931,2.0700000394818554,0.0010681599404578192,7.864735349139419e-05,4.421914466903209e-05,0.01281901313192807,0.003122390655119468,-0.002682674246511864,1.7949624624780727,0.061041115996989866,0.1792087232761519,0.07394123762727207
149.05,30.600109295973592,18.0000099359976,2.0700017387995797,0.0033892389971269953,0.00030811263610245915,5.3919711317929454e-05,0.07214177319831216,0.006558343018028484,0.0011477100281549657,0.7952985118672513,0.07229986471520584,0.01265247632516081,0.09065988720074658
149.1,30.600385310018996,18.000035028183543,2.0700061299321204,0.007974955442448726,0.0007249959493135323,0.00012687429112986606,0.11097816168928745,0.010088923789935386,0.0017655616632386633,0.7582517608265176,0.06893197825695727,0.012063096194967319,0.09065988720074658
149.15,30.60093838652537,18.000085307865945,2.07001492887654,0.01445641970615864,0.0013142199732871702,0.00022998849532525096,0.14797642258637145,0.013452402053306714,0.002354170359328636,0.7217734081102982,0.06561576437366454,0.011482758765391102,0.09065988720074657
149.20000000000002,30.60186102706578,18.00016918427871,2.070029607248774,0.022742435906461012,0.002067494173314671,0.00036181148033006134,0.18316497580574764,0.01665136143688642,0.002913988251455075,0.6858634537186349,0.06235122306533146,0.010911464036432823,0.09065988720074657
149.25,30.603241208944084,18.000294655358555,2.070051564687747,0.032743229157370664,0.0029766571961246536,0.0005209150093218057,0.2165722412636306,0.019688385569421284,0.0034454674746486674,0.6505218976515426,0.059138354331959374,0.010349212008092717,0.09065988720074657
149.3,30.605162456244745,18.000469314204064,2.070082129985712,0.04437044556873685,0.004033676869885233,0.0007058934522299041,0.2482266388763045,0.02256605807966441,0.003949060163941206,0.6157487399089607,0.0559771581735428,0.009796002680369825,0.09065988720074657
149.35,30.607703910882616,18.00070035553478,2.070122562218587,0.05753715224618288,0.005230650204198528,0.0009153637857347273,0.2781565885599372,0.025286962596358337,0.004425218454362636,0.5815439804909539,0.05286763459008759,0.009251836053265175,0.09065988720074657
149.4,30.61094040365272,18.000994582150245,2.070174051876293,0.07215783729118537,0.0065598033901078665,0.0011479655932688576,0.30639051023080754,0.027853682748255684,0.004874394480944663,0.547907619397464,0.04980978358158845,0.008716712126777833,0.09065988720074657
149.45000000000002,30.61494252528004,18.001358411389095,2.0702377219930916,0.08814840980099571,0.00801349180009065,0.0014023610650158406,0.332956823805109,0.03026880216410131,0.005297040378717641,0.5148396566285293,0.04680360514804889,0.008190630900908418,0.09065988720074658
149.5,30.619776697469334,18.00179788158812,2.0703146292779215,0.10542619986868287,0.009584199988062234,0.0016772349979108632,0.3578839491990597,0.03253490447264232,0.00569360828271231,0.48234009218416346,0.04384909928947012,0.0076735923756571425,0.09065988720074657
149.55,30.625505243954912,18.002318658541352,2.0704057652447374,0.12390995858316531,0.011264541689378847,0.0019712947956412653,0.3812003063289293,0.034654573302630505,0.006064550327960237,0.45040892606431104,0.04094626600584713,0.007165596551023127,0.09065988720074657
149.6,30.6321864615504,18.00292604195912,2.0705120573428473,0.1435198580291102,0.013047259820828412,0.002283270468644934,0.4029343151109012,0.036630392282809794,0.006410318649491607,0.4190461582690313,0.03809510529718529,0.006666643427007312,0.09065988720074658
149.65,30.63987469119858,18.00362497192714,2.07063437008725,0.16417749128706216,0.014925226480642257,0.002611914634112351,0.4231143954612402,0.03846494504193155,0.006731365382337909,0.38825178879827066,0.03529561716347973,0.006176733003608848,0.09065988720074658
149.70000000000002,30.648620389021143,18.004420035365555,2.070773506188973,0.18580587243332206,0.016891442948484096,0.002956002515984668,0.441768967296149,0.04016081520874148,0.00702814266152964,0.3580258176520646,0.03254780160473368,0.005695865280828297,0.09065988720074658
149.75,30.658470197368477,18.005315472488043,2.070930207685408,0.20832943654001387,0.018939039685456113,0.003314331944954765,0.45892645053184905,0.04172058641198695,0.007301102622097595,0.3283682448304253,0.02985165862094825,0.005224040258665855,0.09065988720074657
149.8,30.669467015869508,18.006315183260867,2.0711051570706513,0.23167403967512176,0.02106127633410232,0.003685723358467845,0.47461526508459684,0.04314684228041859,0.007550697399073127,0.29927907033330226,0.027207188212118837,0.004761257937120716,0.09065988720074657
149.85,30.681650072481414,18.007422733861947,2.0712989784258404,0.2557669589023605,0.023251541718396787,0.00406901980071937,0.4888638308705896,0.0444421664427816,0.007777379127486649,0.27075829416074954,0.024614390378250365,0.004307518316193739,0.09065988720074657
149.9,30.695054994539497,18.00864136313995,2.071512238549492,0.2805368922813393,0.025503353843758538,0.0044630869226576705,0.5017005678060796,0.04560914252782616,0.007981599942369445,0.24280591631271822,0.022073265119338388,0.0038628213958841508,0.0906598872007466
149.95000000000002,30.709713879806902,18.009973989073355,2.071745448087837,0.30591395886741096,0.027810359897037815,0.004866812981981537,0.513153895807278,0.04665035416429877,0.008163811978752145,0.21542193678924076,0.01958381243538585,0.0034271671761924643,0.0906598872007466
150.0,30.725655367524432,18.011423215229495,2.0719990626651614,0.3318296987117549,0.030166336246523668,0.005279108843141553,0.523252234790409,0.04756838498094706,0.008324467371665594,0.1886063555903281,0.017146032326393747,0.0030005556571188535,0.0906598872007466
150.05,30.742904709460387,18.01299133722367,2.072273484014143,0.35821707286141813,0.032565188441947626,0.00569890797734074,0.5320240046717172,0.04836581860652054,0.008464018256140952,0.16235917271593442,0.01475992479235792,0.002582986838662592,0.09065988720074658
150.1,30.76148384096026,18.014680349178203,2.072569061106186,0.38501046335916633,0.03500095121447022,0.006125166462532188,0.5394976253674127,0.04904523866976559,0.008582916767208834,0.13668038816610856,0.012425489833282812,0.0021744607208244535,0.09065988720074655
150.15,30.78141145199664,18.01649195018151,2.072886091281765,0.41214567324367013,0.037467788476697884,0.006556862983422021,0.5457015167937361,0.04960922879943137,0.008681615039900345,0.11157000194080668,0.010142727449164422,0.0017749773036037418,0.09065988720074657
150.20000000000002,30.80270305821888,18.01842755074717,2.073224821380755,0.439559926549336,0.039959993322667565,0.006992998831466705,0.5506640988669061,0.05006037262426502,0.008760565209246231,0.08702801404005783,0.007911637640005395,0.0013845365870009188,0.09065988720074658
150.25,30.82537107200298,18.020488279272996,2.0735854488727745,0.4671918683064002,0.042471988027855255,0.007432597904874544,0.5544137915031498,0.050401253773014444,0.00882021941027738,0.06305442446387173,0.005732220405806618,0.0010031385710161387,0.09065988720074658
150.3,30.84942487350137,18.022674988500125,2.0739681229875218,0.4949815645409689,0.04499832404917973,0.00787470670860632,0.5569790146187008,0.05063445587442817,0.008861029778024781,0.03964923321220741,0.0036044757465643856,0.0006307832556487526,0.0906598872007466
150.35,30.87487088169262,18.024988261972055,2.07437294584511,0.5228705022748623,0.04753368202498826,0.008318394354372807,0.5583881881297806,0.050762562557253615,0.008883448447519232,0.016812440285108532,0.0015284036622826382,0.00026747064089945244,0.09065988720074658
150.4,30.90171262543137,18.027428420493763,2.0747999735864084,0.5508015895258096,0.050072871775074426,0.008762752560637879,0.5586697319526197,0.05078815745023899,0.008887927553791673,-0.0054559543174639465,-0.0004959958470421709,-8.679927323238239e-05,0.0906598872007466
150.45000000000002,30.92995081449795,18.02999552859072,2.0752492175033765,0.5787191553072731,0.052610832300662054,0.009206895652615708,0.5578520660034436,0.050713824182132085,0.008874919231872962,-0.027155950595484157,-0.0024687227814076756,-0.00043202648674634024,0.0906598872007466
150.5,30.9595834106483,18.032689400968028,2.075720645169405,0.6065689496285458,0.05514263178441415,0.009649960562272316,0.5559636101984816,0.050542146381680975,0.00884487561679402,-0.04828754854894366,-0.004389777140813121,-0.0007682109996422873,0.09065988720074658
150.55,30.990605698663778,18.035509608969434,2.076214181569651,0.6342981434947914,0.05766346759043651,0.010091106828326223,0.5530327844539576,0.05027570767763333,0.008798248843585684,-0.06885074817787863,-0.006259158925261776,-0.001095352811920796,0.09065988720074657
150.6,31.02301035740077,18.038455487036433,2.0767297102313758,0.6618553289068861,0.06016866626426337,0.010529516596245913,0.5490880086861037,0.04991709169873751,0.008735491047278918,-0.08884554948225058,-0.008076868134750163,-0.0014134519235812575,0.0906598872007466
150.65,31.05678753084073,18.04152613916734,2.0772670743542845,0.6891905188616164,0.06265368353287525,0.010964394618252986,0.5441577028111408,0.049468882073740894,0.00865705436290451,-0.10827195246209369,-0.009842904769281388,-0.0017225083346242166,0.0906598872007466
150.70000000000002,31.09192489913976,18.044720445376342,2.07782607794086,0.7162551473515011,0.065114104304683,0.011394968253319334,0.538270286745301,0.04893366243139179,0.008563390925493419,-0.1271299571173853,-0.011557268828853383,-0.0020225220450493134,0.0906598872007466
150.75,31.128407749678484,18.048037068152592,2.0784064869267036,0.743002069364891,0.06754564266953665,0.011820487467168716,0.5314541804048147,0.0483140164004385,0.008454952870076592,-0.14541956344811824,-0.013219960313465498,-0.00231349305485643,0.09065988720074658
150.8,31.16621904811193,18.051474458919266,2.079008030310872,0.7693855608860048,0.06994414189872886,0.012240224832277342,0.5237378037058982,0.04761252760962789,0.008332192331684739,-0.16314077145432368,-0.014830979223120561,-0.0025954213640460616,0.0906598872007466
150.85,31.2053395094191,18.055030864492647,2.079630401286213,0.7953613188947779,0.072305574444981,0.012653475527871461,0.5151495765647922,0.046831779687709164,0.008195561445348963,-0.18029358113596877,-0.016390325557815593,-0.0028683069726176853,0.0906598872007466
150.9,31.245747668953026,18.058704333541183,2.0802732583697074,0.8208864613670507,0.07462604194246038,0.013059557339930347,0.5057179188977097,0.04597435626342893,0.008045512346099922,-0.19687799249308255,-0.017897999317553225,-0.0031321498805717673,0.09065988720074658
150.95000000000002,31.287419953490307,18.06249272304457,2.0809362265328004,0.845919527274401,0.07690177520676499,0.013457810661183648,0.4954712506208878,0.045042840965536006,0.007882497168968664,-0.21289400552564555,-0.01935400050233171,-0.0033869500879079974,0.0906598872007466
151.0,31.330330752281046,18.066393704752826,2.0816188983317443,0.8704204765842376,0.079129134234932,0.013847598491112865,0.4844379916505592,0.044039817422778835,0.00770696804898616,-0.22834162023365198,-0.020758329112150503,-0.003632707594626282,0.09065988720074661
151.05,31.37445248809871,18.07040477164534,2.082320835037934,0.8943506902598316,0.08130460820544055,0.01422830643595186,0.4726465619029325,0.04296786926390367,0.0075193771211830105,-0.24322083661712804,-0.02211098514701199,-0.003869422400727037,0.09065988720074658
151.1,31.41975568828967,18.07452324438997,2.0830415677682446,0.91767297026018,0.08342481547819956,0.014599342708684678,0.4601253812942562,0.04182958011766037,0.007320176520590434,-0.25753165467604605,-0.023411968606913643,-0.004097094506209821,0.0906598872007466
151.15,31.466209055823285,18.078746277802118,2.0837805986153706,0.9403515395401759,0.08548650359456285,0.01496013812904825,0.4469028697407363,0.040627533612794905,0.0071098183822389865,-0.27127407441043044,-0.0246612794918577,-0.004315723911075027,0.0906598872007466
151.20000000000002,31.513779540341442,18.083070867303768,2.0845374017781597,0.9623520420504565,0.08748654927731567,0.015310146123529983,0.43300744715861467,0.03936431337805654,0.0068887548411597785,-0.2844480958202649,-0.02585891780184266,-0.004525310615322394,0.09065988720074658
151.25,31.56243240920848,18.087493855382593,2.085311424691953,0.9836415427374893,0.08942195843068228,0.01564884272536914,0.4184675334641254,0.038042503042193844,0.00665743803238381,-0.2970537189055449,-0.02700488353686812,-0.004725854618951847,0.09065988720074657
151.3,31.612131318561058,18.09201193805101,2.0861020891589264,1.0041885275435967,0.09128986614032844,0.01597572657455721,0.40331154857347085,0.036664686233952505,0.006416320090941577,-0.3090909436662914,-0.028099176696936016,-0.004917355921963728,0.09065988720074657
151.35,31.662838384357677,18.096621671305247,2.0869087924784178,1.023962903406838,0.09308753667335043,0.016290318917836052,0.3875679124029059,0.03523344658208296,0.00616585315186441,-0.32055977010248243,-0.029141797282044312,-0.005099814524357674,0.09065988720074657
151.4,31.714514253428817,18.10131947758444,2.087730908577277,1.0429359982611583,0.09481236347828866,0.016592163608700236,0.37126504486863127,0.03375136771533069,0.005906489350182766,-0.33146019821413736,-0.030132745292194778,-0.0052732304261340025,0.09065988720074658
151.45000000000002,31.7671181745264,18.106101652229672,2.088567789140193,1.0610805610362544,0.09646186918511564,0.016880827107394945,0.3544313658868922,0.03222103326244528,0.005638680820927824,-0.3417922280012434,-0.03107202072738625,-0.005437603627292506,0.09065988720074661
151.5,31.820608069373755,18.11096436994307,2.0894187647400373,1.0783707616576528,0.09803370560524279,0.01715589848091719,0.33709529537392374,0.030645026852175378,0.005362879699130598,-0.3515558594637967,-0.03195962358761839,-0.005592934127833128,0.09065988720074661
151.55,31.87494060371551,18.115903691246867,2.0902831459682014,1.0947821910467268,0.09952565373152227,0.017416989403016097,0.31928525324592355,0.02902593211326625,0.005079538119821504,-0.360751092601814,-0.03279555387289271,-0.0057392219277561315,0.0906598872007466
151.6,31.93007125836706,18.120915568942458,2.091160224564931,1.1102918611205996,0.100935623738238,0.01766373415419135,0.3010296594191517,0.027366332674468797,0.0047891082180319495,-0.36937792741527786,-0.033579811583207615,-0.005876467027061237,0.09065988720074661
151.65,31.985954400264756,18.125995854569524,2.092049274549667,1.124878204792265,0.10226165498111668,0.017895789621695118,0.28235693380980453,0.025668812164528123,0.0044920421287923396,-0.3774363639042035,-0.03431239671856449,-0.006004669425748692,0.09065988720074661
151.70000000000002,32.04254335351531,18.13114030486503,2.0929495533513807,1.138521075970483,0.10350191599731833,0.018112835299530405,0.2632954963341301,0.023935954212194032,0.0041887919871338814,-0.38492640206858064,-0.034993309278962444,-0.006123829123818332,0.0906598872007466
151.75,32.09979047044585,18.136344588222354,2.0938603029389116,1.1512017495598381,0.10465470450544152,0.018314573288451964,0.24387376690836374,0.022170342446215272,0.0038798099280876,-0.39184804190840755,-0.03562254926440125,-0.006233946121270122,0.09065988720074657
151.8,32.15764720265371,18.14160429115034,2.0947807509513092,1.162902921460752,0.10571844740552463,0.0185007282959665,0.2241201654487003,0.02037456049533676,0.003565548086683869,-0.39820128342369526,-0.03620011667488199,-0.006335020418104248,0.09065988720074658
151.85,32.21606417205595,18.14691492473236,2.0957101118281627,1.1736087085694145,0.10669170077903939,0.018671047636331588,0.20406311187140344,0.01855119198830974,0.003246458597954142,-0.40398612661443245,-0.03672601151040355,-0.006427052014320519,0.09065988720074655
151.9,32.27499124193954,18.152271931085416,2.0966475879399473,1.1833046487778671,0.1075731498888988,0.018825301230556972,0.1837310260926664,0.01670282055387909,0.002922993596928778,-0.4092025714806289,-0.037200233770966845,-0.006510040909919092,0.0906598872007466
151.95000000000002,32.33437758801079,18.157670689819167,2.097592370718354,1.1919777009739332,0.10836160917945027,0.018963281606403478,0.16315232802873827,0.014832029820794703,0.0025956052186390174,-0.41385061802227746,-0.03762278345657127,-0.006583987104899868,0.09065988720074661
152.0,32.39417176944532,18.16310652449503,2.0985436417866303,1.199616245041256,0.10905602227647959,0.01908480389838361,0.1423554375958564,0.012941403417805373,0.0022647455981158913,-0.4179302662393776,-0.03799366056721674,-0.006648890599262825,0.09065988720074658
152.05,32.45432179993798,18.16857470908527,2.0995005740899226,1.206210081859305,0.10965546198721131,0.01918970584776166,0.12136877471021232,0.011033524973655876,0.0019308668703897371,-0.421441516131936,-0.03831286510290389,-0.006704751393008074,0.09065988720074658
152.1,32.51477521875225,18.174070474432025,2.100462333025604,1.211750433303336,0.1101591303003051,0.019277847802553073,0.1002207592880716,0.009110978117097612,0.0015944211704920473,-0.4243843676999461,-0.03858039706363207,-0.0067515694861355075,0.0906598872007466
152.15,32.57547916177049,18.179589014706412,2.1014280775736216,1.21622994224444,0.11056635838585994,0.019349112717525173,0.07893981124562655,0.007176346476875257,0.0012558606334531477,-0.426758820943413,-0.03879625644940178,-0.0067893448786452044,0.09065988720074655
152.20000000000002,32.63638043254335,18.18512549386758,2.1023969614268263,1.2196426725495007,0.11087660659541093,0.019403406154196588,0.057554350499128056,0.005232213681739013,0.0009156373943043044,-0.4285648758623331,-0.03896044326021273,-0.006818077570537117,0.09065988720074657
152.25,32.69742557333974,18.190675052121797,2.1033681341213146,1.2219841090812207,0.11108946446193103,0.019440656280837604,0.03609279696481163,0.0032811633604375055,0.0005742035880765446,-0.42980253245670685,-0.039072957496064875,-0.006837767561811241,0.09065988720074664
152.3,32.75856093619677,18.196232812381524,2.104340742166767,1.2232511576981193,0.11120465069983093,0.019460813872470083,0.014583570558869413,0.001325779141715461,0.00023201134980019154,-0.43047179072653585,-0.03913379915695845,-0.006848414852467615,0.09065988720074665
152.35,32.819732753969106,18.201793886724467,2.1053139301767816,1.2234421452545192,0.11122201320495817,0.01946385231086736,-0.006944908802432804,-0.0006313553456756772,-0.00011048718549324944,-0.4305726506718191,-0.039142968242893275,-0.006850019442506211,0.09065988720074664
152.4,32.880887211379275,18.207353382852663,2.1062868419992156,1.2225568196005567,0.11114152905459791,0.01944976758455431,-0.028464221202903192,-0.002587656472991225,-0.00045283988277346784,-0.43010511229255627,-0.039100464753869385,-0.0068425813319270305,0.09065988720074661
152.45000000000002,32.941970516067016,18.212906410551547,2.107258621846521,1.2205963495821799,0.11096330450747277,0.019418578288807407,-0.0499459467262911,-0.004540540611481073,-0.0007945946070091834,-0.42906917558874796,-0.0390062886898868,-0.006826100520730085,0.09065988720074664
152.5,33.00292896963931,18.21844808814903,2.10822841542608,1.2175633250411517,0.11068757500374292,0.019370325625654678,-0.07136166545636072,-0.006487424132396488,-0.0011352992231693768,-0.4274648405603952,-0.03886044005094561,-0.006800577008915374,0.09065988720074662
152.55,33.06370903872026,18.22397354897457,2.10919537107055,1.2134617568150359,0.11031470516500505,0.01930507340387556,-0.09268295747691903,-0.00842572340699271,-0.0014745015962237163,-0.4252921072074947,-0.03866291883704559,-0.006766010796482875,0.09065988720074658
152.6,33.12425742600051,18.22947794781823,2.1101586408681903,1.2082970767372225,0.10984518879429485,0.019222908039001268,-0.113881402871701,-0.01035285480651842,-0.0018117495911406988,-0.42255097553005094,-0.038413725048187054,-0.006722401883432626,0.09065988720074666
152.65,33.1845211412875,18.23495646738978,2.1111173817932105,1.2020761376368982,0.10927964887608346,0.019123938553314273,-0.13492858172451483,-0.012266234702228807,-0.0021465910728900098,-0.4192414455280588,-0.03811285868436959,-0.006669750269764571,0.09065988720074661
152.70000000000002,33.24444757255483,18.240404324777717,2.1120707568360997,1.1948072133390715,0.108618837576281,0.019008296575848856,-0.1557960741191094,-0.014163279465373798,-0.0024785739064403832,-0.41536351720152187,-0.03776031974559352,-0.006608055955478763,0.09065988720074658
152.75,33.303984556992326,18.245816777908395,2.113017936133969,1.1864999986645643,0.10786363624223488,0.01887613634239079,-0.17645546013924868,-0.016041405467204634,-0.002807245956760782,-0.4109171905504426,-0.03735610823185903,-0.006537318940575227,0.0906598872007466
152.8,33.36308045205584,18.25118913200508,2.1139580981008885,1.1771656094299916,0.10701505540272825,0.018727634695477127,-0.19687831986874155,-0.01789802907897672,-0.0031321550888208922,-0.4059024655748128,-0.03690022414316539,-0.006457539225053839,0.0906598872007466
152.85,33.42168420651676,18.256516746046984,2.114890430558221,1.1668165824478065,0.10607423476798414,0.018562991084396907,-0.21703623339132183,-0.01973056667193857,-0.003452849167589212,-0.4003193422746421,-0.03639266747951349,-0.006368716808914757,0.09065988720074658
152.9,33.47974543151219,18.261795039228385,2.1158141318649664,1.1554668755262438,0.10504244322966029,0.01838242756519024,-0.2369007807907966,-0.021536434617345425,-0.0037688760580354033,-0.3941678206499206,-0.03583343824090245,-0.006270851692157832,0.09065988720074662
152.95000000000002,33.53721447159438,18.267019497417678,2.1167284120480927,1.1431318674693765,0.10392107886085414,0.018186188800649167,-0.25644354215091586,-0.02331304928644722,-0.00407978362512821,-0.38744790070065505,-0.03522253642733284,-0.006163943874783148,0.09065988720074662
153.0,33.59404247578074,18.272185679616435,2.1176324939328754,1.1298283580770851,0.10271166891610026,0.01797454206031724,-0.2756360975554447,-0.025057827050495366,-0.0043851197338366284,-0.380159582426849,-0.03455996203880497,-0.006047993356790778,0.09065988720074653
153.05,33.65018146860365,18.277289224418514,2.11852561427324,1.1155745681450304,0.10141586983136815,0.017747777220489105,-0.294450027088189,-0.026768184280744838,-0.004684432249130293,-0.3723028658284898,-0.03384571507531778,-0.0059230001381805186,0.09065988720074668
153.1,33.70558442116,18.282325856469093,2.119407024882091,1.1003901394647335,0.10003546722406838,0.01750620676421166,-0.31285691083288514,-0.028441537348444568,-0.00497726903597773,-0.36387775090559216,-0.03307979553687251,-0.005788964218952603,0.09065988720074664
153.15,33.76020532216133,18.287291392923763,2.1202759937616573,1.084296134823478,0.09857237589304504,0.017250165781282596,-0.33082832887333824,-0.03007530262484937,-0.005263177959348569,-0.35488423765814137,-0.03226220342346791,-0.005645885599106792,0.09065988720074655
153.20000000000002,33.8139992489833,18.292181749907577,2.121131806233825,1.0673150380043988,0.09702863981858324,0.0169800119682518,-0.3483358612933003,-0.03166689648120954,-0.005541706884211601,-0.3453223260861473,-0.03139293873510479,-0.0054937642786432525,0.09065988720074654
153.25,33.866922438715655,18.296992948974154,2.1219737660704765,1.0494707537864338,0.09540643216240477,0.016696125628420547,-0.3653510881765371,-0.03321373528877647,-0.005812403675535814,-0.33519201618961486,-0.030472001471783642,-0.005332600257562048,0.09065988720074672
153.3,33.918932359212086,18.30172112356474,2.122801196623829,1.0307886079442954,0.09370805526766472,0.01639890967184104,-0.3818455896068496,-0.03471323541880496,-0.006074816198290785,-0.32449330796852627,-0.02949939163350286,-0.005162393535862917,0.09065988720074657
153.35,33.969987780139746,18.306362525467254,2.123613441956769,1.0112953472485682,0.09193594065896231,0.016088789615318146,-0.3977909456679811,-0.03616281324254423,-0.00632849231744514,-0.3132262014229014,-0.028475109220264236,-0.004983144113546153,0.09065988720074665
153.4,34.02004884402938,18.310913531275403,2.124409867973195,0.991019139465587,0.09009264904232758,0.015766213582407075,-0.41315873644373063,-0.03755988513124875,-0.006572979897968436,-0.301390696552721,-0.027399154232066004,-0.004794851990611473,0.09065988720074661
153.45000000000002,34.06907713732481,18.315370648847715,2.1251898635483495,0.9699895733575453,0.08818087030523286,0.015431652303415477,-0.4279205420178532,-0.03890186745616905,-0.006807826804829472,-0.2889867933579984,-0.02627152666890936,-0.004597517167059063,0.09065988720074662
153.5,34.117035761432895,18.319730523766633,2.1259528416591595,0.9482376586824414,0.08620342351658702,0.01508559911540246,-0.44204794247411505,-0.040186176588556506,-0.007032580902997281,-0.27601449183873955,-0.0250922265307949,-0.004391139642889034,0.09065988720074662
153.55,34.16388940377338,18.323989945797585,2.126698240514577,0.9257958261940377,0.08416325692673199,0.014728569962177876,-0.455512517896315,-0.04141022889966565,-0.007246790057441369,-0.2624737919949217,-0.023861253817720505,-0.0041757194181010196,0.0906598872007465
153.60000000000002,34.20960440882848,18.328145855348048,2.1274255246859077,0.9026979276419681,0.08206344796745302,0.014361103394304055,-0.4682858483682057,-0.042571440760746614,-0.007450002133130548,-0.24836469382656162,-0.022578608529687787,-0.0039512564926953,0.09065988720074662
153.65,34.25414884919284,18.332195349926625,2.1281341862371588,0.8789792357716597,0.07990720325197037,0.01398376056909459,-0.4803395139735622,-0.04366722854305176,-0.007641764995033953,-0.23368719733365992,-0.021244290666696693,-0.0037177508666718724,0.0906598872007466
153.70000000000002,34.29749259662326,18.33613569060212,2.1288237458553705,0.8546764443243254,0.07769785857494009,0.013597125250614286,-0.4916450947961629,-0.0446950086178337,-0.007821626508120787,-0.2184413025162089,-0.019858300228746576,-0.003475202540030597,0.09065988720074676
153.75,34.33960739308848,18.339964308462594,2.1294937539809533,0.8298276680370356,0.075438878912459,0.013201803809680114,-0.5021741709197697,-0.045652197356343335,-0.007989134537359967,-0.20262700937422298,-0.018420637215838746,-0.0032236115127717256,0.09065988720074658
153.8,34.380466921819064,18.343678811074465,2.1301437919380306,0.8044724426426046,0.07313385842205614,0.012798425223859619,-0.5118983224281743,-0.046536211129834616,-0.008143836947720943,-0.18624431790767604,-0.016931301627970827,-0.002962977784894841,0.09065988720074655
153.85000000000002,34.420046878357006,18.34727698894155,2.1307734730647705,0.7786517248697307,0.0707865204427039,0.01238764107747297,-0.5207891294051341,-0.04734446630955835,-0.008285281604172587,-0.16929322811658726,-0.015390293465144549,-0.002693301356400255,0.09065988720074655
153.9,34.4583250416057,18.35075682196416,2.131382443843727,0.7524078924428882,0.06840071749480917,0.011970125561591393,-0.5288181719344229,-0.04807437926676649,-0.00841301637168402,-0.15177374000095817,-0.013797612727360034,-0.00241458222728797,0.09065988720074664
153.95000000000002,34.49528134487963,18.354116485898153,2.1319703850321763,0.7257847440823523,0.06598043128021512,0.011546575474037401,-0.5359570300998199,-0.04872336637271168,-0.00852658911522442,-0.13368585356077853,-0.012153259414616419,-0.0021268203975578393,0.09065988720074686
154.0,34.53089794695418,18.35735435881402,2.132537012792453,0.698827499504253,0.06352977268220594,0.011117710219385818,-0.5421772839850909,-0.04928884399864539,-0.008625547699762821,-0.11502956879606574,-0.010457233526915244,-0.0018300158672101396,0.0906598872007467
154.05,34.56515930311551,18.36046902755596,2.133082079822292,0.6715827994204518,0.061052981765496825,0.01068427180896172,-0.5474505136740161,-0.04976822851582042,-0.008709439990268445,-0.09580488570678945,-0.008709535064253739,-0.0015241686362443782,0.0906598872007469
154.10000000000002,34.59805223621017,18.36345929420093,2.133605376485162,0.644098705538711,0.05855442777624748,0.010247024860843114,-0.551748299250362,-0.05015893629548828,-0.008777813851710331,-0.07601180429297226,-0.00691016402663395,-0.0012092787046609232,0.09065988720074669
154.15,34.62956600769503,18.366324182517733,2.134106731940603,0.6164247005625656,0.05603860914205233,0.009806756599858973,-0.555042220797905,-0.05045838370890127,-0.008830217149057594,-0.055650324554615216,-0.005059120414056043,-0.0008853460724597902,0.0906598872007466
154.20000000000002,34.65969238868706,18.3690629444261,2.1345860152745675,0.5886116881913394,0.053510153471940894,0.00936427685758949,-0.5573038584004157,-0.05066398712731127,-0.008866197747279344,-0.03472044649170668,-0.00315640422651885,-0.0005523707396407921,0.09065988720074672
154.25,34.68842573101305,18.371675066455737,2.1350431366297533,0.5607119931202206,0.05097381755638468,0.00892041807236715,-0.5585047921416659,-0.05077316292197036,-0.008885303511344696,-0.013222170104267711,-0.0012020154640243628,-0.00021035270620425346,0.09065988720074686
154.3,34.71576303825949,18.374160276205412,2.1354780483359463,0.5327793610401325,0.04843448736728581,0.00847603528927486,-0.5586166021054317,-0.0507833274641309,-0.008887082306222783,0.008844504607738023,0.0008040458734307507,0.00014070802785038142,0.09065988720074707
154.35000000000002,34.74170403682226,18.376518548802032,2.1358907460403547,0.5048689586378898,0.04589717805799095,0.00803200616014827,-0.5576108683754835,-0.05069189712504477,-0.008871081996882689,0.03147957764428344,0.002861779785844022,0.0005008114625226934,0.09065988720074701
154.4,34.76625124695651,18.37875011335969,2.1362812698379448,0.47703737359608106,0.043367033963280954,0.007589230943574025,-0.555459171035594,-0.05049628827596386,-0.008836850448293533,0.054683049005368314,0.0049711862732153495,0.0008699575978126808,0.09065988720074691
154.45000000000002,34.789410053826415,18.380855459438774,2.1366497054017843,0.44934261459309965,0.04084932859937341,0.007148632504890238,-0.5521330901695368,-0.050193917288140544,-0.008783935525424452,0.07845491869100572,0.0071322653355460515,0.0012481464337205396,0.0906598872007467
154.5,34.81118877855493,18.382835343505,2.1369961851133743,0.42184411130318133,0.03834946466392626,0.006711156316186975,-0.547604205861088,-0.049782200532826885,-0.00871188509324459,0.10279518670117122,0.009345016972833863,0.0016353779702459085,0.09065988720074672
154.55,34.831598749273674,18.384690795388522,2.1373208891929902,0.3946027143963068,0.03587297403602844,0.0062777704563048865,-0.5418440981940114,-0.04925855438127441,-0.008620247016722912,0.12770385303590617,0.0116094411850826,0.00203165220738942,0.09065988720074648
154.60000000000002,34.850654372172606,18.386423124742972,2.1376240468300187,0.3676806955383467,0.03342551777621394,0.005849465610837343,-0.5348243472520853,-0.04862039520473563,-0.008508569160828629,0.15318091769518002,0.013925537972289395,0.0024369691451506014,0.09065988720074675
154.65,34.8683732025499,18.388033927504544,2.137905937313294,0.3411417473909499,0.031012886126450562,0.005427255072128733,-0.5265165331190849,-0.0478651393744629,-0.008376399390530883,0.17922638067899319,0.016293307334454155,0.002851328783529431,0.09065988720074679
154.70000000000002,34.884776015861725,18.38952509235107,2.138166891161437,0.3150509836115612,0.028640998510142252,0.00501217473927483,-0.5168922358787761,-0.046990203261707685,-0.008223285570798699,0.20584024198735892,0.018712749271578368,0.003274731122526161,0.09065988720074611
154.75,34.899886878771966,18.390898807161093,2.138407291253191,0.28947493885347436,0.026315903532134224,0.0046052831181234676,-0.5059230356149439,-0.04599300323772289,-0.008048775566601371,0.2330225016202507,0.021183863783659506,0.003707176162140355,0.09065988720074576
154.8,34.913733220202126,18.392157565472928,2.1386275739577614,0.26448156876573037,0.024043778978703148,0.004207661321272994,-0.49358051241134054,-0.04487095567375895,-0.007852417242907698,0.26077315957771524,0.02370665087070178,0.00414866390237275,0.0906598872007466
154.85000000000002,34.92634590238103,18.393304172943736,2.138828230265153,0.24014024999325503,0.021830931817569343,0.0038204130680745464,-0.4798362463517548,-0.0436214769410692,-0.007633758464687011,0.2890922158597176,0.02628111053270207,0.004599194343222794,0.09065988720074807
154.9,34.93775929189462,18.394341753808607,2.1390098069165053,0.21652178017675916,0.019683798197887698,0.0034446646846302653,-0.46466181751996233,-0.04224198341090624,-0.007392347096908468,0.3179796704662584,0.02890724276966035,0.005058767484690478,0.09065988720074737
154.95000000000002,34.9480113307358,18.395273757339623,2.1391729075344332,0.193698377952736,0.01760894345024913,0.0030815651037935615,-0.44802880599972256,-0.04072989145452066,-0.007127731004541009,0.34743552339735256,0.031585047581578055,0.005527383326776068,0.09065988720074719
155.0,34.95714360735418,18.396103964304935,2.139318193753362,0.17174368295353887,0.015613062086685921,0.0027322858651699974,-0.4299087918748251,-0.03908261744316646,-0.00683945805255402,0.3774597746529711,0.034314524968452505,0.006005041869479092,0.09065988720074844
155.05,34.96520142770592,18.396836493427816,2.139446386349867,0.15073275580727388,0.013702977800661511,0.0023980211151157487,-0.4102733552290166,-0.037297577748092954,-0.006527076105916165,0.4080524242331656,0.037095674930288404,0.006491743112800364,0.09065988720074668
155.10000000000002,34.972233886303435,18.397475807845773,2.139558266373009,0.13074207813791194,0.01188564346708328,0.0020799876067395476,-0.3890940761460881,-0.035372188740554054,-0.006190133029596853,0.4392134721378967,0.03992849746708222,0.006987487056739277,0.09065988720074805
155.15,34.97829393726523,18.398026721569572,2.139654676274674,0.11184955256521785,0.01016814114229283,0.0017794246999012285,-0.3663425347098175,-0.03330386679180214,-0.005828176688565297,0.47094291836716506,0.04281299257883389,0.007492273701295809,0.09065988720074772
155.20000000000002,34.983438465365715,18.398494405942344,2.1397365210399095,0.0941345027047561,0.008557682064068858,0.0014975943612120224,-0.34199031100396315,-0.031090028273087933,-0.005440754947790313,0.5032407629209876,0.04574916026554505,0.008006103046470257,0.09065988720074636
155.25,34.98772835708498,18.39888439609864,2.1398047693172613,0.07767767316792618,0.007061606651629793,0.0012357811640352054,-0.31600898511232345,-0.028728089555666015,-0.005027415672241475,0.5361070057993332,0.048737000527212936,0.008528975092262116,0.09065988720074697
155.3,34.991228571658574,18.399202597423514,2.139860454549114,0.06256122956189575,0.00568738450562661,0.000995292288484632,-0.2883701371186213,-0.02621546701078403,-0.004587706726887163,0.5695416470022563,0.051776513363842334,0.009060889838672261,0.09065988720074032
155.35000000000002,34.9940082121273,18.399455292011577,2.1399046761020255,0.04886875848969292,0.004442614408153734,0.0007774575214269199,-0.2590453471066714,-0.023549577009697766,-0.0041211759766970535,0.603544686529716,0.0548676987754297,0.009601847285700042,0.09065988720074199
155.4,34.99614059638699,18.399649145126094,2.1399386003970657,0.036685267550137485,0.0033350243227396907,0.0005836292564794211,-0.22800619516024037,-0.02072783592365858,-0.0036273712866401833,0.6381161243817116,0.05801055676197479,0.010151847433345412,0.09065988720074289
155.45000000000002,34.997703328238316,18.399791211658037,2.1399634620401553,0.02609718533785036,0.0023724713943498164,0.0004151824940112025,-0.1952242613630893,-0.017747660123917524,-0.0031058405216855076,0.6732559605582631,0.061205087323479485,0.010710890281608734,0.09065988720073626
155.5,34.99877836843662,18.399888942585154,2.139980564952401,0.017192361443279503,0.0015629419493892204,0.0002735148411431122,-0.16067112579902157,-0.01460646598172946,-0.002556131546802625,0.7089641950593353,0.06445129045994066,0.011278975830489424,0.0906598872007582
155.55,34.999452105741604,18.39995019143106,2.139991283500435,0.010060066452663424,0.0009145514956971184,0.00016004651174702058,-0.12431836855175074,-0.011301669868341142,-0.0019777922269596754,0.7452408278849879,0.06774916617136371,0.01185610407998846,0.09065988720079338
155.60000000000002,34.99981542796721,18.399983220724298,2.139997063626751,0.004790991948088378,0.0004355447225539132,7.622032644694325e-05,-0.08613756970509315,-0.007830688155008687,-0.001370370427126489,0.7820858590351769,0.07109871445774453,0.012442275030105084,0.09065988720084324
155.65,34.99996379303137,18.399996708457405,2.139999423980045,0.0014772505074154,0.00013429550067460633,2.3501712618035386e-05,-0.046100309342824886,-0.004190937212983991,-0.0007334140122722149,0.8194992885099003,0.07449993531908303,0.013037488680839322,0.09065988720126225
155.70000000000002,34.999999843841465,18.40000571674976,2.1399994244210614,0.0008323224527561544,0.00041809343450231626,-2.100128213126167e-05,-0.00641600009011967,0.012999707570171028,-0.0014603707592700844,0.7854262792723883,0.33623321628718106,-0.013987664646908385,0.3713195101360367
155.75,35.00001415331619,18.400014694198923,2.139998884413013,0.0009231843717195701,0.0008850347337315383,-6.542386408015868e-05,0.03298812204968789,0.03477626866878227,-0.002652923815636036,0.7270348942635,0.6856651398897997,-0.05039064163239261,0.747262373715004
155.8,35.00011236436412,18.400112364364134,2.1399915726726904,0.00339024056603987,0.0033902405660398527,-0.00025426804245298924,0.06855728977883346,0.06855728977883312,-0.005141796733412488,0.6881610435521551,0.6881610435521516,-0.05161207826641142,0.7853981633974457
155.85000000000002,35.00038172063842,18.400381720638432,2.1399713709521184,0.007663194935759066,0.0076631949357590275,-0.0005747396201819276,0.10205995125250161,0.10205995125250109,-0.007654496343937588,0.6520489926612227,0.6520489926612193,-0.0489036744495915,0.7853981633974457
155.9,35.000905853860445,18.40090585386045,2.1399320609604664,0.013566401258714228,0.013566401258714157,-0.0010174800944035625,0.1337725467716291,0.13377254677162842,-0.01003294100787214,0.6165584053706837,0.6165584053706805,-0.04624188040280109,0.7853981633974457
155.95000000000002,35.001764051992566,18.40176405199258,2.139867696100558,0.021011133066680204,0.021011133066680093,-0.0015758349800010084,0.16372614951624292,0.16372614951624206,-0.012279461213718167,0.5816892816805299,0.5816892816805269,-0.04362669612603956,0.7853981633974457
156.0,35.003031205515235,18.403031205515237,2.1397726595863573,0.029910217550425434,0.029910217550425278,-0.0022432663162818976,0.19195183266634114,0.19195183266634014,-0.014396387449975526,0.5474416215907869,0.547441621590784,-0.04105812161930884,0.7853981633974456
156.05,35.0047778851099,18.4047778851099,2.139641658616758,0.04017803555974068,0.04017803555974048,-0.003013352666980538,0.2184806694019913,0.21848066940199018,-0.016386050205149282,0.5138154251013961,0.5138154251013936,-0.03853615688260455,0.7853981633974458
156.10000000000002,35.007070419341964,18.407070419341977,2.139469718549352,0.051730521603388875,0.05173052160338861,-0.00387978912025415,0.24334373290316963,0.24334373290316838,-0.01825077996773765,0.48081069221241024,0.4808106922124078,-0.03606080191593062,0.7853981633974457
156.15,35.00997097234379,18.4099709723438,2.1392521770742152,0.06448516384915018,0.06448516384914983,-0.004836387288686243,0.2665720963499057,0.2665720963499043,-0.01999290722624284,0.44842742292381743,0.4484274229238151,-0.033632056719286166,0.7853981633974457
156.20000000000002,35.01353762149756,18.41353762149756,2.1389846783876836,0.0783610041238059,0.0783610041238055,-0.005877075309285418,0.28819683292222437,0.28819683292222287,-0.021614762469166736,0.4166656172356102,0.416665617235608,-0.03124992129267063,0.7853981633974458
156.25,35.01782443511827,18.417824435118277,2.1386631673661296,0.0932786379131248,0.09327863791312432,-0.006995897843484332,0.30824901580012987,0.30824901580012837,-0.023118676185009644,0.38552527514781165,0.38552527514780965,-0.028914395636085753,0.7853981633974457
156.3,35.02288155013672,18.422881550136722,2.1382838837397466,0.10916021436191276,0.10916021436191221,-0.008187016077143424,0.3267597181636759,0.32675971816367416,-0.024506978862275586,0.35500639666036893,0.35500639666036704,-0.026625479749527548,0.7853981633974458
156.35000000000002,35.02875524978238,18.428755249782377,2.137843356266322,0.12592943627392833,0.1259294362739277,-0.009444707720544586,0.34376001319285104,0.34376001319284927,-0.025782000989463722,0.3251089817733296,0.32510898177332787,-0.024383173632999612,0.7853981633974458
156.4,35.0354880412664,18.435488041266407,2.13733839690502,0.14351156011195873,0.143511560111958,-0.010763367008396862,0.3592809740676821,0.3592809740676803,-0.02694607305507605,0.29583303048668297,0.29583303048668136,-0.02218747728650112,0.7853981633974457
156.45000000000002,35.04311873346455,18.443118733464566,2.1367660949901586,0.16183339599779129,0.1618333959977904,-0.012137504699834293,0.37335367396819236,0.37335367396819047,-0.028001525547614304,0.2671785428004222,0.26717854280042086,-0.020038390710031575,0.7853981633974456
156.5,35.05168251460018,18.45168251460018,2.136123811404987,0.18082330771219646,0.1808233077121955,-0.013561748078414678,0.3860091860743912,0.3860091860743893,-0.028950688955579222,0.23914551871456824,0.23914551871456707,-0.017935913903592546,0.7853981633974457
156.55,35.06121102992711,18.461211029927114,2.1354091727554674,0.2004112126949919,0.2004112126949909,-0.015030840952124334,0.3972785835663201,0.39727858356631807,-0.02979589376747388,0.2117339582290734,0.2117339582290723,-0.015880046867180433,0.7853981633974457
156.60000000000002,35.07173245941266,18.471732459412657,2.134620065544051,0.22052858204493495,0.22052858204493378,-0.01653964365337005,0.4071929396239788,0.4071929396239766,-0.03053947047179828,0.1849438613439806,0.18494386134397964,-0.013870789600798482,0.7853981633974457
156.65,35.083271595420534,18.483271595420543,2.1337546303434594,0.24110844051981897,0.24110844051981775,-0.01808313303898635,0.41578332742739144,0.4157833274273893,-0.031183749557054233,0.15877522805928015,0.15877522805927924,-0.01190814210444595,0.7853981633974458
156.70000000000002,35.095849920393846,18.49584992039386,2.1328112559704615,0.26208536653643705,0.26208536653643566,-0.019656402490232695,0.4230808201565798,0.42308082015657755,-0.03173106151174335,0.13322805837496593,0.1332280583749652,-0.009992104378122396,0.7853981633974457
156.75,35.10948568453798,18.509485684537992,2.131788573659651,0.2833954921705626,0.2833954921705611,-0.0212546619127921,0.4291164909915584,0.4291164909915561,-0.03218373682436673,0.10830235229105656,0.10830235229105596,-0.008122676421829208,0.7853981633974457
156.8,35.12419398350364,18.524193983503643,2.1306854512372273,0.30497650315702224,0.3049765031570206,-0.022873237736776568,0.4339214131123569,0.4339214131123547,-0.03254410598342663,0.08399810980750969,0.08399810980750913,-0.006299858235563191,0.7853981633974456
156.85000000000002,35.13998683606966,18.539986836069662,2.129500987294776,0.3267676388895743,0.3267676388895726,-0.02450757291671797,0.43752665969898574,0.4375266596989834,-0.032814499477423785,0.0603153309243633,0.06031533092436302,-0.004523649819327225,0.7853981633974457
156.9,35.15687326182609,18.556873261826105,2.1282345053630434,0.34870969242101824,0.34870969242101646,-0.026153226931576262,0.43996330393146654,0.4399633039314642,-0.032997247794859845,0.03725401564160903,0.0372540156416088,-0.0027940511731206555,0.7853981633974457
156.95000000000002,35.17485935885712,18.574859358857132,2.1268855480857156,0.3707450104631522,0.3707450104631503,-0.027805875784736298,0.4412624189898196,0.4412624189898173,-0.03309468142423632,0.014814163959241417,0.014814163959241223,-0.0011110622969430868,0.7853981633974457
157.0,35.19394838142395,18.593948381423957,2.125453871393204,0.3928174933867538,0.39281749338675187,-0.029461312004006413,0.4414550780540639,0.4414550780540615,-0.033109130854054654,-0.007004224122723359,-0.007004224122723328,0.0005253168092042534,0.7853981633974458
157.05,35.21414081764785,18.61414081764785,2.123939438676412,0.41487259522165587,0.4148725952216537,-0.031115444641624055,0.44057235430421926,0.4405723543042169,-0.03304292657281631,-0.02820114860432241,-0.02820114860432233,0.002115086145324176,0.7853981633974457
157.10000000000002,35.23543446719299,18.635434467192994,2.1223424149605266,0.4368573236566205,0.4368573236566183,-0.0327642992742464,0.4386453209203047,0.43864532092030234,-0.03289839906902271,-0.04877660948552203,-0.048776609485521844,0.003658245711414156,0.7853981633974458
157.15,35.2578245189495,18.6578245189495,2.120663161078788,0.45872024003945217,0.4587202400394498,-0.03440401800295877,0.4357050510823402,0.4357050510823381,-0.032677878831175386,-0.06873060676633025,-0.06873060676632987,0.005154795507474756,0.7853981633974456
157.20000000000002,35.281303628716365,18.681303628716368,2.118902227846273,0.48041145937695395,0.4804114593769514,-0.0360308594532714,0.43178261797034484,0.4317826179703426,-0.032383696347775714,-0.08806314044675136,-0.08806314044675087,0.006604735533506334,0.7853981633974456
157.25,35.305861996884374,18.70586199688438,2.1170603502336722,0.5018826503349089,0.5018826503349063,-0.03764119877511801,0.4269090947643409,0.4269090947643387,-0.032018182107325426,-0.10677421052677152,-0.10677421052677093,0.008008065789507843,0.7853981633974457
157.3,35.331487446119134,18.73148744611914,2.1151384415410655,0.5230870352381535,0.5230870352381507,-0.03923152764286134,0.4211155546443399,0.42111555464433775,-0.03158366659832536,-0.12486381700642263,-0.12486381700642186,0.009364786275481657,0.7853981633974456
157.35000000000002,35.35816549904388,18.75816549904388,2.113137587571709,0.5439793900704555,0.5439793900704527,-0.04079845425528399,0.41443307079036895,0.4144330707903667,-0.03108248030927753,-0.14233195988567574,-0.1423319598856751,0.010674896991425648,0.7853981633974457
157.4,35.38587945592256,18.785879455922565,2.1110590408058076,0.5645160444746244,0.5645160444746216,-0.04233870333559666,0.4068927163824458,0.4068927163824437,-0.030516953728683287,-0.15917863916453778,-0.159178639164537,0.011938397937340299,0.7853981633974457
157.45000000000002,35.41461047234276,18.81461047234276,2.1089042145742933,0.5846548817524678,0.5846548817524647,-0.0438491161314349,0.3985255646005882,0.3985255646005862,-0.029889417345043984,-0.17540385484301235,-0.17540385484301146,0.013155289113225879,0.7853981633974456
157.5,35.44433763689857,18.844337636898565,2.106674677232608,0.6043553388647747,0.6043553388647714,-0.04532665041485791,0.3893626886248226,0.3893626886248205,-0.029202201646861565,-0.19100760692108798,-0.19100760692108698,0.014325570519081544,0.7853981633974456
157.55,35.475038048873664,18.875038048873666,2.104372146334476,0.6235784064313833,0.6235784064313803,-0.046768380482353565,0.37943516163515223,0.37943516163515045,-0.028457637122636298,-0.20598989539879115,-0.20598989539879003,0.015449242154909275,0.785398163397446
157.60000000000002,35.506686895924126,18.90668689592413,2.101998482805691,0.6422866287310696,0.6422866287310665,-0.048171497154830024,0.36877405681161113,0.3687740568116093,-0.027658054260870726,-0.2203507202760977,-0.22035072027609676,0.016526304020707285,0.785398163397446
157.65,35.53925753176147,18.939257531761477,2.0995556851178896,0.6604441037016471,0.6604441037016437,-0.04953330777762332,0.3574104473342156,0.35741044733421384,-0.02680578355006605,-0.23409008155301353,-0.23409008155301247,0.01755675611647596,0.7853981633974457
157.70000000000002,35.572721553835606,18.97272155383561,2.0970458834623296,0.6780164829399273,0.6780164829399238,-0.05085123622049434,0.345375406382983,0.3453754063829811,-0.025903155478723596,-0.2472079792295416,-0.24720797922954046,0.018540598442215558,0.7853981633974457
157.75,35.6070488810177,19.0070488810177,2.094471333923673,0.6949709717017067,0.6949709717017032,-0.05212282287762779,0.33270000713794107,0.33270000713793924,-0.024952500535345465,-0.25970441330567273,-0.25970441330567146,0.019477830997925386,0.7853981633974457
157.8,35.64220783128327,19.04220783128327,2.091834412653755,0.711276328901823,0.7112763289018195,-0.053345724667636506,0.3194153227790891,0.31941532277908713,-0.02395614920843155,-0.2715793837814279,-0.27157938378142654,0.020368453783607007,0.7853981633974457
157.85000000000002,35.67816519939496,19.07816519939496,2.089137610045379,0.7269028671140619,0.726902867114058,-0.05451771503355442,0.3055524264864646,0.30555242648646275,-0.022916431986484714,-0.2828328906567878,-0.2828328906567866,0.02121246679925902,0.7853981633974456
157.9,35.714886334585614,19.114886334585616,2.086383524906079,0.7418224525712404,0.7418224525712365,-0.055636683942842796,0.29114239144008325,0.29114239144008186,-0.02183567935800614,-0.29346493393175754,-0.2934649339317563,0.02200987004488175,0.7853981633974457
157.95000000000002,35.752335218241214,19.15233521824122,2.083574858631909,0.7560085051651746,0.7560085051651706,-0.05670063788738784,0.2762162908199619,0.27621629081996024,-0.020716221811497015,-0.3034755136063391,-0.30347551360633773,0.02276066352047536,0.7853981633974457
158.0,35.79047454158376,19.190474541583765,2.080714409381218,0.7694359984466678,0.7694359984466639,-0.05770769988349983,0.2608051978061306,0.26080519780612904,-0.019560389835459685,-0.31286462968052575,-0.312864629680524,0.02346484722603934,0.7853981633974458
158.05,35.82926578335435,19.229265783354364,2.0778050662484233,0.7820814596255582,0.7820814596255536,-0.05865610947191658,0.2449401855785826,0.24494018557858097,-0.01837051391839358,-0.321632282154333,-0.3216322821543313,0.02412242116157486,0.7853981633974454
158.10000000000002,35.86866928749597,19.268669287495968,2.0748498034378025,0.7939229695706387,0.7939229695706347,-0.059544222717797655,0.22865232731736151,0.22865232731735996,-0.017148924548801996,-0.3297784710277466,-0.3297784710277449,0.024733385327080904,0.7853981633974458
158.15,35.90864434083652,19.308644340836512,2.071851674437262,0.8049401628097328,0.8049401628097287,-0.060370512210729727,0.21197269620248127,0.2119726962024801,-0.015897952215185994,-0.33730319630076977,-0.33730319630076816,0.025297739722557652,0.7853981633974457
158.20000000000002,35.94914925077181,19.349149250771813,2.068813806192115,0.8151142275296596,0.8151142275296552,-0.061133567064724226,0.1949323654139577,0.1949323654139567,-0.014619927406046732,-0.344206457973405,-0.3442064579734034,0.025815484348005294,0.7853981633974456
158.25,35.99014142294843,19.390141422948428,2.0657393932788684,0.8244279055762302,0.8244279055762262,-0.061832092918216994,0.17756240813182284,0.17756240813182203,-0.01331718060988662,-0.3504882560456468,-0.35048825604564504,0.02628661920342342,0.7853981633974458
158.3,36.03157743894681,19.43157743894681,2.0626316920789893,0.8328654924542807,0.8328654924542765,-0.06246491193407078,0.15989389753606686,0.1598938975360655,-0.011992042315204938,-0.35614859051750625,-0.35614859051750425,0.026711144288812855,0.7853981633974457
158.35000000000002,36.07341313396398,19.47341313396399,2.0594940149527012,0.840412837327616,0.8404128373276112,-0.06303096279957092,0.14195790680673528,0.14195790680673445,-0.0106468430105051,-0.3611874613889733,-0.3611874613889715,0.027089059604172884,0.7853981633974455
158.4,36.115603674496725,19.51560367449673,2.0563297244127456,0.8470573430190613,0.8470573430190568,-0.06352930072642932,0.1237855091238426,0.12378550912384163,-0.009283913184288147,-0.36560486866005076,-0.36560486866004893,0.027420365149503696,0.7853981633974456
158.45000000000002,36.15810363602441,19.558103636024416,2.0531422272981694,0.8527879660104408,0.8527879660104365,-0.06395909745078279,0.10540777766740375,0.10540777766740295,-0.007905583325055204,-0.369400812330739,-0.36940081233073735,0.02770506092480532,0.7853981633974457
158.5,36.20086708069195,19.600867080691955,2.0499349689481043,0.857595216442574,0.8575952164425699,-0.06431964123319278,0.08685578561745126,0.08685578561745058,-0.006514183921308782,-0.3725752924010361,-0.37257529240103426,0.027943146930077625,0.785398163397446
158.55,36.24384763499287,19.64384763499287,2.0467114273755356,0.8614711581152931,0.8614711581152885,-0.0646103368586467,0.06816060615397383,0.06816060615397337,-0.005112045461547999,-0.3751283088709476,-0.37512830887094584,0.02813462316532097,0.7853981633974456
158.60000000000002,36.28699856745202,19.686998567452022,2.043475107441099,0.8644094084874157,0.8644094084874111,-0.06483070563655588,0.04935331245701899,0.04935331245701894,-0.00370149843427641,-0.37705986174046835,-0.37705986174046613,0.028279489630535018,0.7853981633974457
158.65,36.33027286630875,19.73027286630876,2.040229535026844,0.86640513867677,0.8664051386767657,-0.0649803854007575,0.030464977706600515,0.030464977706600515,-0.0022848733279950003,-0.3783699510095996,-0.3783699510095972,0.028377746325719863,0.7853981633974458
158.70000000000002,36.37362331719979,19.77362331719979,2.0369782512100167,0.8674550734601848,0.8674550734601802,-0.06505913050951359,0.011526675082732744,0.011526675082732543,-0.0008645006312048868,-0.3790585766783415,-0.3790585766783392,0.028429393250875505,0.7853981633974456
158.75,36.41700258084211,19.817002580842104,2.0337248064368425,0.8675574912734869,0.8675574912734825,-0.0650668118455112,-0.0074305222345508945,-0.0074305222345511165,0.0005572891675913842,-0.3791257387466938,-0.3791257387466918,0.028434430406001937,0.7853981633974457
158.8,36.460363270716066,19.860363270716068,2.0304727546962957,0.8667122242115053,0.8667122242115008,-0.06500341681586262,-0.026375541065262832,-0.026375541065262853,0.0019781655798947638,-0.3785714372146574,-0.37857143721465525,0.028392857791099204,0.7853981633974457
158.85000000000002,36.50365803074811,19.90365803074811,2.0272256476938924,0.8649206580280708,0.8649206580280665,-0.06486904935210504,-0.04527730822935448,-0.04527730822935469,0.003395798117201629,-0.37739567208223146,-0.3773956720822294,0.028304675406167247,0.7853981633974458
158.9,36.54683961299392,19.94683961299392,2.0239870290254562,0.8621857321360141,0.8621857321360091,-0.06466392991020076,-0.06410475054681278,-0.0641047505468126,0.0048078562910110045,-0.37559844334941656,-0.37559844334941417,0.028169883251206115,0.7853981633974454
158.95000000000002,36.58986095532129,19.989860955321287,2.020760428350904,0.8585119396071662,0.8585119396071621,-0.06438839547053721,-0.08282679483762236,-0.08282679483762234,0.006212009612821761,-0.3731797510162119,-0.3731797510162097,0.027988481326215797,0.7853981633974458
159.0,36.63267525909304,20.03267525909304,2.017549355568023,0.8539053271723652,0.8539053271723608,-0.06404289953792712,-0.1014123679217511,-0.1014123679217511,0.007605927594131356,-0.3701395950826198,-0.37013959508261796,0.027760469631196386,0.7853981633974457
159.05,36.67523606685012,20.07523606685011,2.0143572949862425,0.8483734952214353,0.8483734952214314,-0.06362801214160738,-0.11983039661921034,-0.11983039661920974,0.00898727974644078,-0.3664779755486355,-0.3664779755486335,0.02748584816614755,0.785398163397446
159.10000000000002,36.717497339994274,20.117497339994276,2.01118769950043,0.8419255978032201,0.841925597803216,-0.06314441983524123,-0.138049807749952,-0.13804980774995135,0.010353735581246448,-0.362194892414263,-0.362194892414261,0.027164616931069637,0.7853981633974458
159.15,36.7594135364713,20.159413536471295,2.008043984764653,0.8345723426255519,0.8345723426255481,-0.06259292569691614,-0.1560395281339631,-0.15603952813396285,0.011702964610047304,-0.3572903456795018,-0.3572903456794998,0.026796775925962527,0.7853981633974461
159.20000000000002,36.800939688453816,20.200939688453808,2.004929523365965,0.8263259910552695,0.8263259910552652,-0.06197444932914491,-0.17376848459122898,-0.17376848459122815,0.013032636344342196,-0.3517643353443507,-0.3517643353443487,0.0263823251508262,0.7853981633974456
159.25,36.842031480024225,20.242031480024213,2.0018476389981843,0.817200358118214,0.8172003581182108,-0.06129002685886581,-0.19120560394171737,-0.1912056039417163,0.01434042029562878,-0.345616861408814,-0.3456168614088122,0.025921264605660965,0.7853981633974463
159.3,36.882645324857776,20.282645324857782,1.9988016006356666,0.8072108124992101,0.807210812499206,-0.06054081093744048,-0.20831981300543576,-0.20831981300543487,0.015623985975407664,-0.3388479238728818,-0.3388479238728798,0.025413594290466034,0.7853981633974458
159.35000000000002,36.92273844390538,20.322738443905376,1.995794616707097,0.7963742765421117,0.7963742765421078,-0.05972807074065812,-0.22508003860234102,-0.22508003860234052,0.01688100289517562,-0.33145752273656265,-0.3314575227365609,0.0248593142052421,0.785398163397446
159.4,36.9622689430766,20.362268943076593,1.992829829269256,0.7847092262497563,0.7847092262497527,-0.05885319196873148,-0.2414552075524194,-0.24145520755241776,0.018109140566431415,-0.32344565799985553,-0.32344565799985375,0.02425842434998906,0.7853981633974461
159.45000000000002,37.00119589092265,20.40119589092265,1.9899103081808016,0.7722356912839836,0.7722356912839797,-0.05791767684629853,-0.2574142466756536,-0.2574142466756526,0.019306068500674005,-0.31481232966275774,-0.31481232966275635,0.023610924724706755,0.7853981633974457
159.5,37.03947939631929,20.43947939631929,1.987039045276054,0.7589752549656449,0.7589752549656412,-0.056923144122423136,-0.2729260827920137,-0.2729260827920124,0.020469456209400976,-0.30555753772527644,-0.30555753772527494,0.0229168153293957,0.785398163397446
159.55,37.07708068614986,20.47708068614986,1.9842189485387614,0.7449510542745643,0.7449510542745608,-0.05587132907059207,-0.2879596427215074,-0.2879596427215057,0.021596973204112996,-0.2956812821873962,-0.2956812821873945,0.022176096164054634,0.785398163397446
159.60000000000002,37.11396218298806,20.513962182988053,1.981452836275896,0.7301877798496027,0.7301877798495987,-0.05476408348871988,-0.3024838532840894,-0.3024838532840876,0.022686288996306692,-0.28518356304913056,-0.2851835630491294,0.021388767228684737,0.7853981633974456
159.65,37.150087582781076,20.55008758278107,1.97874343129142,0.7147116759886033,0.7147116759886005,-0.05360337569914496,-0.3164676412997466,-0.31646764129974564,0.023735073097480994,-0.2740643803104773,-0.274064380310476,0.02055482852328573,0.7853981633974463
159.70000000000002,37.185421932532456,20.585421932532455,1.9760933550600666,0.6985505406484102,0.6985505406484067,-0.0523912905486305,-0.32987993358846324,-0.32987993358846196,0.024740995019134744,-0.26232373397143305,-0.2623237339714319,0.01967428004785742,0.7853981633974458
159.75,37.21993170798503,20.619931707985035,1.9735051219011233,0.6817337254448821,0.6817337254448789,-0.051130029408365966,-0.34268965697021037,-0.3426896569702094,0.025701724272765788,-0.24996162403200703,-0.2499616240320061,0.018747121802400474,0.7853981633974461
159.8,37.253584891303994,20.653584891303986,1.9709811331522018,0.6642921356528405,0.6642921356528371,-0.049821910173962786,-0.35486573826499057,-0.35486573826498924,0.02661493036987426,-0.23697805049217904,-0.23697805049217777,0.01777335378691337,0.7853981633974456
159.85000000000002,37.28635104875961,20.68635104875961,1.9685236713430294,0.6462582302061569,0.6462582302061537,-0.048469367265461555,-0.3663771042927625,-0.36637710429276077,0.02747828282195716,-0.22337301335196694,-0.223373013351966,0.016752976001397475,0.785398163397446
159.9,37.318201408410424,20.71820140841043,1.9661348943692185,0.6276660216976799,0.6276660216976768,-0.04707495162732573,-0.3771926818735124,-0.3771926818735114,0.028289451140513452,-0.20914651261136735,-0.20914651261136646,0.01568598844585249,0.7853981633974458
159.95000000000002,37.34910893778607,20.74910893778607,1.9638168296660452,0.6085510763792555,0.6085510763792529,-0.04564133072844399,-0.38728139782722526,-0.3872813978272239,0.029046104837041887,-0.19429854827037638,-0.19429854827037588,0.014572391120278217,0.7853981633974461
160.0,37.37904842157021,20.779048421570202,1.961571368382235,0.5889505141617528,0.5889505141617486,-0.044171288562131185,-0.39661217897387246,-0.39661217897387113,0.029745913423040473,-0.17882912032900602,-0.17882912032900558,0.013412184024675441,0.7853981633974446
160.05,37.407996539283616,20.807996539283607,1.9594002595537297,0.5689030086149856,0.5689030086149827,-0.042667725646123734,-0.4051539521334512,-0.4051539521334487,0.030386546410008826,-0.16273822878723038,-0.16273822878722954,0.012205367159042222,0.7853981633974458
160.10000000000002,37.43593194296691,20.83593194296691,1.957305104277482,0.5484487869678456,0.5484487869678429,-0.041133659022588275,-0.412875644125928,-0.4128756441259253,0.030965673309444545,-0.1460258736450712,-0.1460258736450711,0.010951940523380345,0.7853981633974458
160.15,37.46283533486371,20.862835334863703,1.9552873498852223,0.5276296301081799,0.527629630108178,-0.03957222225811331,-0.41974618177128653,-0.41974618177128425,0.031480963632846456,-0.12869205490252564,-0.12869205490252522,0.009651904117689403,0.7853981633974465
160.20000000000002,37.48868954510348,20.88868954510348,1.9533482841172387,0.5064888725828378,0.5064888725828344,-0.03798666544371253,-0.4257344918895072,-0.42573449188950496,0.03193008689171307,-0.1107367725595884,-0.11073677255958796,0.008305257941969128,0.7853981633974451
160.25,37.513479609384504,20.913479609384506,1.9514890292961629,0.48507140259769244,0.4850714025976905,-0.03638035519482664,-0.43080950130056767,-0.43080950130056705,0.03231071259754261,-0.09216002661627332,-0.09216002661627368,0.006912001996220514,0.7853981633974463
160.3,37.537192846656865,20.93719284665686,1.9497105365007361,0.46342366201756763,0.46342366201756585,-0.03475677465131727,-0.4349401368244595,-0.4349401368244578,0.032620510261834476,-0.07296181707254958,-0.07296181707254842,0.00547213628044121,0.7853981633974464
160.35000000000002,37.559818936805286,20.959818936805277,1.9480135797396045,0.4415936463663543,0.44159364636635173,-0.03311952347747628,-0.43809532528115297,-0.4380953252811512,0.032857149396086444,-0.053142143928444095,-0.05314214392844356,0.003985660794633351,0.7853981633974454
160.4,37.581349998332215,20.981349998332217,1.9463987501250846,0.4196309048269082,0.4196309048269039,-0.031472317862017776,-0.4402439934906314,-0.44024399349063126,0.033018299511797446,-0.032701007183952226,-0.03270100718395218,0.0024525755387963823,0.7853981633974432
160.45000000000002,37.601780666040725,21.001780666040716,1.9448664500469466,0.3975865402410788,0.3975865402410752,-0.029818990518080617,-0.4413550682728754,-0.441355068272873,0.03310163012046564,-0.011638406839068288,-0.011638406839068687,0.0008728805129301421,0.7853981633974437
160.5,37.62110816871743,21.02110816871741,1.9434168873461948,0.37551320910974856,0.3755132091097474,-0.028163490683230985,-0.4413974764478644,-0.44139747644786415,0.03310481073358994,0.010045657106191146,0.0100456571061915,-0.0007534242829643032,0.7853981633974468
160.55,37.63933240681546,21.039332406815458,1.9420500694888414,0.3534651215927477,0.3534651215927452,-0.02650988411945583,-0.4403401448355808,-0.4403401448355792,0.033025510862668556,0.03235118465186296,0.0323511846518634,-0.0024263388488897186,0.7853981633974447
160.60000000000002,37.65645603013745,21.056456030137433,1.9407657977396928,0.33149804150896806,0.3314980415089662,-0.0248623531131725,-0.4381520002560054,-0.43815200025600287,0.032861400019200425,0.05527817579791514,0.05527817579791519,-0.004145863184843585,0.7853981633974455
160.65,37.6724845155184,21.072484515518386,1.9395636613361213,0.3096692863362701,0.3096692863362668,-0.023225196475220082,-0.43480196952911687,-0.4348019695291158,0.03261014771468382,0.07882663054435296,0.07882663054435296,-0.005911997290826411,0.7853981633974428
160.70000000000002,37.68742624450872,21.087426244508716,1.9384430316618466,0.28803772721151205,0.2880377272115101,-0.021602829540863285,-0.43025897947489666,-0.43025897947489417,0.03226942346061729,0.10299654889118315,0.10299654889118236,-0.007724741166838646,0.785398163397445
160.75,37.70129258105713,21.10129258105712,1.9374030564207165,0.2666637889305808,0.266663788930579,-0.01999978416979329,-0.42449195691332875,-0.42449195691332686,0.03183689676849975,0.1277879308383877,0.12778793083838721,-0.009584094812879003,0.785398163397445
160.8,37.71409794919361,21.114097949193603,1.93644265381048,0.24560944994830283,0.24560944994830344,-0.018420708746122425,-0.417469828664384,-0.4174698286643814,0.03131023714982885,0.15320077638600726,0.15320077638600724,-0.011490058228950488,0.7853981633974496
160.85000000000002,37.72585991071237,21.125859910712364,1.9355605066965733,0.2249382423785829,0.22493824237858379,-0.016870368178393467,-0.40916152154805036,-0.40916152154804925,0.03068711411610393,0.17923508553400572,0.1792350855340053,-0.013442631415050359,0.7853981633974503
160.9,37.73659924285475,21.13659924285475,1.934755056785895,0.2047152519942905,0.20471525199429058,-0.015353643899571522,-0.39953596238430994,-0.39953596238431066,0.029965197178823334,0.20589085828238982,0.20589085828238937,-0.015441814371179165,0.7853981633974485
160.95000000000002,37.74634001599227,21.146340015992266,1.9340244988005806,0.18500711822727872,0.1850071182272763,-0.013875533867045518,-0.38856207799313863,-0.3885620779931379,0.029142155849485485,0.23316809463116672,0.2331680946311659,-0.017487607097337383,0.7853981633974418
161.0,37.75510967130947,21.15510967130946,1.9333667746517906,0.16588203416844194,0.16588203416843847,-0.012441152562632845,-0.37620879519452716,-0.3762087951945255,0.02821565963958955,0.2610667945803156,0.26106679458031434,-0.019580009593523573,0.7853981633974378
161.05,37.76293909848694,21.162939098486927,1.932779567613481,0.1474097465676181,0.14740974656761935,-0.01105573099257123,-0.3624450408084338,-0.3624450408084312,0.027183378060632625,0.28958695812988366,0.28958695812988156,-0.021719021859741172,0.7853981633974527
161.10000000000002,37.76986271338421,21.1698627133842,1.9322602964961852,0.1296615558337118,0.1296615558337104,-0.009724616687528175,-0.3472397416548587,-0.34723974165485766,0.026042980624114347,0.31872858527982767,0.31872858527982584,-0.023904643895986948,0.7853981633974427
161.15,37.775918535722745,21.175918535722737,1.9318061098207948,0.11271031603458961,0.11271031603458943,-0.008453273702594018,-0.3305618245537767,-0.33056182455377503,0.024792136841533287,0.3484916760301584,0.3484916760301562,-0.026136875702261725,0.7853981633974476
161.20000000000002,37.78114826676889,21.18114826676888,1.9314138799923346,0.09663043489712579,0.09663043489712579,-0.007247282617284255,-0.3123802163251685,-0.3123802163251675,0.0234285162243878,0.37887623038088203,0.3788762303808794,-0.028415717278565976,0.7853981633974483
161.25,37.78559736701677,21.185597367016758,1.9310801974737433,0.081497873807208,0.081497873807208,-0.006112340535540422,-0.292663843789027,-0.2926638437890253,0.021949788284177103,0.4098822483319757,0.40988224833197345,-0.030741168624898008,0.7853981633974483
161.3,37.78931513387133,21.189315133871318,1.9308013649596514,0.06739014780968516,0.06739014780968676,-0.00505426108572625,-0.2713816337652983,-0.27138163376529734,0.02035362253239752,0.44150972988349185,0.44150972988348924,-0.03311322974126169,0.7853981633974605
161.35000000000002,37.7923547793312,21.192354779331193,1.9305733915501608,0.05438632560846207,0.05438632560846385,-0.004078974420634642,-0.24850251307399324,-0.24850251307399235,0.018637688480549648,0.47375867503538216,0.4737586750353803,-0.03553190062765345,0.7853981633974647
161.4,37.794773507671685,21.194773507671684,1.9303919869246247,0.042567029566412895,0.042567029566413075,-0.0031925272174808074,-0.22399540853508715,-0.22399540853508626,0.016799655640131594,0.5066290837876591,0.5066290837876561,-0.03799718128407421,0.7853981633974499
161.45000000000002,37.79663259312772,21.196632593127706,1.9302525555154224,0.032014435705413034,0.032014435705413034,-0.0024010826779058796,-0.19782924696855297,-0.1978292469685537,0.014837193522641737,0.5401209561403291,0.5401209561403252,-0.04050907171052439,0.7853981633974483
161.5,37.79799745757677,21.197997457576776,1.9301501906817427,0.022812273706354684,0.022812273706354684,-0.0017109205279763331,-0.16997295519439617,-0.16997295519439307,0.012747971639579622,0.5742342920933667,0.5742342920933643,-0.04306757190700225,0.7853981633974483
161.55,37.7989377482219,21.198937748221898,1.9300796688833586,0.015045826909100463,0.01504582690910206,-0.001128437018182366,-0.1403954600325425,-0.14039546003254214,0.010529659502440914,0.6089690916468309,0.6089690916468279,-0.04567268187351202,0.7853981633975042
161.60000000000002,37.79952741527456,21.199527415274552,1.9300354438544087,0.008801932312553655,0.008801932312555431,-0.0006601449234415681,-0.10906568830302082,-0.10906568830302082,0.008179926622726789,0.6443253548006679,0.6443253548006656,-0.04832440161004981,0.7853981633975522
161.65,37.79984478963767,21.199844789637655,1.9300116407771764,0.004168980574596866,0.004168980574597046,-0.00031267354309441256,-0.07595256682580295,-0.07595256682580456,0.005696442511935604,0.6803030815548913,0.6803030815548882,-0.05102273111661662,0.7853981633974593
161.70000000000002,37.799972660588466,21.199972660588465,1.9300020504558661,0.0012369160121055143,0.0012369160121055143,-9.276870090775332e-05,-0.04102502242085965,-0.04102502242085983,0.0030768766815647535,0.7169022719095071,0.716902271909504,-0.0537676703932128,0.7853981633974483
161.75,37.79999835346158,21.199998353461577,1.9300001234903827,9.723660097299305e-05,9.723660097299305e-05,-7.292745072681636e-06,-0.004251981908197332,-0.004251981908197332,0.00031889864311506616,0.7541229258644901,0.7541229258644863,-0.056559219439836446,0.0796710938761912
161.8,37.79999999999584,21.20003577839159,1.9300044722997824,1.886700908950376e-08,0.0021229112281785493,0.00026536013012053595,-5.690427554343289e-05,0.08296235015654603,0.01038167462467697,0.08579491085213886,1.6332406704649158,0.1869961016376868,1.3929820478104593
161.85000000000002,37.80000000000001,21.20028094646812,1.9300351183085147,0.0,0.008377358514081702,0.0010471698142602128,0.0,0.16538970585829973,0.020673713232287467,0.0,1.5279374215485628,0.19099217769357035,1.5707963267948966
161.9,37.80000000000001,21.2009371416227,1.930117142702837,0.0,0.018457649738895694,0.0023072062173619618,0.0,0.2358635062499987,0.029482938281249836,0.0,1.2929249954160953,0.1616156244270119,1.5707963267948966
161.95000000000002,37.80000000000001,21.202180607196834,1.9302725758996042,0.0,0.03177264145387921,0.003971580181734901,0.0,0.29487324552941685,0.036859155691177106,0.0,1.0693749770545535,0.1336718721318192,1.5707963267948966
162.0,37.80000000000001,21.20415898693881,1.9305198733673512,0.0,0.047763458613104604,0.0059704323266380754,0.0,0.3429920440849845,0.042874005510623064,0.0,0.8572873664643963,0.10716092080804954,1.5707963267948966
162.05,37.80000000000001,21.2069926972451,1.930874087155637,0.0,0.06589988219011689,0.008237485273764611,0.0,0.38079302230534684,0.047599127788168355,0.0,0.6566621636452881,0.08208277045566101,1.5707963267948966
162.10000000000002,37.80000000000001,21.210776359961326,1.9313470449951655,0.0,0.0856803491778714,0.010710043647233925,0.0,0.4088493005790463,0.051106162572380785,0.0,0.46749936859724606,0.05843742107465576,1.5707963267948966
162.15,37.80000000000001,21.215580235183253,1.9319475293979071,0.0,0.10663195258871819,0.013328994073589773,0.0,0.42773399929460015,0.05346674991182502,0.0,0.28979898132055426,0.03622487266506928,1.5707963267948966
162.20000000000002,37.80000000000001,21.22145165405777,1.932681456757221,0.0,0.12831044145450632,0.01603880518181329,0.0,0.4380202388406121,0.05475252985507651,0.0,0.12356100181484578,0.015445125226855722,1.5707963267948966
162.25,37.80000000000001,21.228416451583797,1.9335520564479747,0.0,0.15030022082642888,0.01878752760330361,0.0,0.44028113960561244,0.055035142450701555,0.0,-0.031214569919535806,-0.0039018212399419758,1.5707963267948966
162.3,37.80000000000001,21.236480399413345,1.934560049926668,0.0,0.17221435177518254,0.021526793971897818,0.0,0.43508982197817325,0.05438622774727166,0.0,-0.17452773388283976,-0.02181596673535497,1.5707963267948966
162.35000000000002,37.80000000000001,21.24563063865243,1.935703829831553,0.0,0.19369455139085892,0.024211818923857365,0.0,0.4230194063468415,0.052877425793355186,0.0,-0.30637849007504825,-0.03829731125938103,1.5707963267948966
162.4,37.80000000000001,21.25583711266203,1.9369796390827532,0.0,0.21441119278294526,0.026801399097868158,0.0,0.40464301310019435,0.050580376637524294,0.0,-0.4267668384959644,-0.05334585481199555,1.5707963267948966
162.45000000000002,37.80000000000001,21.267053999859133,1.9383817499823914,0.0,0.23406330508043127,0.02925791313505391,0.0,0.3805337626267583,0.04756672032834479,0.0,-0.53569277914584,-0.06696159739323,1.5707963267948966
162.5,37.80000000000001,21.279221146517617,1.9399026433147024,0.0,0.2523785734316521,0.03154732167895651,0.0,0.35126477531513517,0.043908096914391896,0.0,-0.6331563120244457,-0.07914453900305571,1.5707963267948966
162.55,37.80000000000001,21.292265499569307,1.941533187446163,0.0,0.2691133390044407,0.033639167375555085,0.0,0.3174091715538453,0.03967614644423066,0.0,-0.7191574371319451,-0.08989467964149314,1.5707963267948966
162.60000000000002,37.80000000000001,21.30610253940488,1.943262817425609,0.0,0.2840525989860259,0.03550657487325324,0.0,0.2795400717314406,0.03494250896643007,0.0,-0.7936961544683208,-0.0992120193085401,1.5707963267948966
162.65,37.80000000000001,21.32063771267482,1.9450797140843528,0.0,0.29701000658304433,0.03712625082288054,0.0,0.23823059623653633,0.029778824529567042,0.0,-0.8567724640334612,-0.10709655800418265,1.5707963267948966
162.70000000000002,37.80000000000001,21.335767865090528,1.9469709831363158,0.0,0.307827871021611,0.03847848387770138,0.0,0.19405386545761094,0.024256733182201368,0.0,-0.9083863658275034,-0.11354829572843793,1.5707963267948966
162.75,37.80000000000001,21.351382674225093,1.9489228342781362,0.0,0.3163771575472174,0.039547144693402175,0.0,0.14758299978330813,0.018447874972913517,0.0,-0.9485378598503336,-0.1185672324812917,1.5707963267948966
162.8,37.80000000000001,21.36736608231443,1.9509207602893037,0.0,0.32255748742482204,0.040319685928102755,0.0,0.0993911196021193,0.012423889950264912,0.0,-0.9772269461020285,-0.12215336826275357,1.5707963267948966
162.85000000000002,37.80000000000001,21.383597729058177,1.9529497161322718,0.0,0.3262971379387925,0.04078714224234906,0.0,0.05005134530259974,0.006256418162824968,0.0,-0.9944536245825706,-0.12430670307282132,1.5707963267948966
162.9,37.80000000000001,21.39995438442064,1.954994298052579,0.0,0.32755304239292227,0.04094413029911528,0.0,0.00013679727338257452,1.7099659172821816e-05,0.0,-1.0002178952919358,-0.12502723691149198,1.5707963267948966
162.95000000000002,37.80000000000001,21.416311381431846,1.9570389226789808,0.0,0.3263107901104419,0.04078884876380524,0.0,-0.04977940409707449,-0.006222425512134311,0.0,-0.994519758230144,-0.124314969778768,1.5707963267948966
163.0,37.80000000000001,21.432544048988433,1.9590680061235541,0.0,0.32258462643400676,0.040323078304250845,0.0,-0.09912413842011311,-0.012390517302514139,0.0,-0.977359213397199,-0.12216990167464988,1.5707963267948966
163.05,37.80000000000001,21.4485291446547,1.961066143081837,0.0,0.3164174527256971,0.03955218159071214,0.0,-0.1473242853072503,-0.01841553566340629,0.0,-0.9487362607930893,-0.11859203259913616,1.5707963267948966
163.10000000000002,37.80000000000001,21.4641462874635,1.9630182859329368,0.0,0.30788082636701875,0.03848510329587734,0.0,-0.19380672436992621,-0.024225840546240777,0.0,-0.9086509004177984,-0.1135813625522248,1.5707963267948966
163.15,37.80000000000001,21.47927939071723,1.9649099238396537,0.0,0.297074960758924,0.0371343700948655,0.0,-0.23799833521951286,-0.029749791902439107,0.0,-0.8571031322713881,-0.10713789153392352,1.5707963267948966
163.20000000000002,37.80000000000001,21.49381809478889,1.9667272618486114,0.0,0.2841287253217586,0.035516090665219824,0.0,-0.27932599746754294,-0.03491574968344287,0.0,-0.7940929563537624,-0.0992616195442203,1.5707963267948966
163.25,37.80000000000001,21.50765919992291,1.9684573999903636,0.0,0.26919964549534126,0.03364995568691766,0.0,-0.3172165907253728,-0.0396520738406716,0.0,-0.7196203726650421,-0.08995254658313026,1.5707963267948966
163.3,37.80000000000001,21.52070809903624,1.9700885123795302,0.0,0.25247390273887343,0.03155923784235918,0.0,-0.3510969946045074,-0.04388712432556342,0.0,-0.633685381205128,-0.079210672650641,1.5707963267948966
163.35000000000002,37.80000000000001,21.532880210519274,1.9716100263149088,0.0,0.23416633453100208,0.02927079181637526,0.0,-0.3803940887163817,-0.04754926108954771,0.0,-0.5362879819740035,-0.06703599774675044,1.5707963267948966
163.4,37.80000000000001,21.544102411036775,1.9730128013795971,0.0,0.21452043436983365,0.026815054296229206,0.0,-0.4045347526723926,-0.05056684408404907,0.0,-0.42742817497181773,-0.053428521871477216,1.5707963267948966
163.45000000000002,37.80000000000001,21.554314468328975,1.9742893085411222,0.0,0.19380835177283567,0.02422604397160446,0.0,-0.4229458660840378,-0.05286823326050472,0.0,-0.3071059601983603,-0.038388245024795035,1.5707963267948966
163.5,37.80000000000001,21.563470474012405,1.9754338092515502,0.0,0.17233089227698017,0.021541361534622522,0.0,-0.4350543085627166,-0.054381788570339575,0.0,-0.17532133765386382,-0.021915167206732977,1.5707963267948966
163.55,37.80000000000001,21.57154027638095,1.9764425345476186,0.0,0.15041751743859838,0.018802189679824798,0.0,-0.4402869597198964,-0.05503586996498705,0.0,-0.032074307338145314,-0.004009288417268164,1.5707963267948966
163.60000000000002,37.80000000000001,21.57851091320681,1.977313864150851,0.0,0.12842634483348092,0.016053293104185115,0.0,-0.438070699167009,-0.05475883739587613,0.0,0.12263513074881241,0.015329391343601551,1.5707963267948966
163.65,37.80000000000001,21.584388044541434,1.9780485055676786,0.0,0.10674414805687488,0.01334301850710936,0.0,-0.4278324065155028,-0.05347905081443785,0.0,0.2888069766067738,0.036100872075846724,1.5707963267948966
163.70000000000002,37.80000000000001,21.589197385516538,1.978649673189567,0.0,0.08578635672338394,0.010723294590422993,0.0,-0.4089989613768046,-0.05112487017210057,0.0,0.4664412302360652,0.05830515377950815,1.5707963267948966
163.75,37.80000000000001,21.592986139145047,1.9791232673931307,0.0,0.06599705646712294,0.008249632058390367,0.0,-0.3809972433623862,-0.04762465542029828,0.0,0.6555378916363374,0.08194223645454217,1.5707963267948966
163.8,37.80000000000001,21.595824429122082,1.97947805364026,0.0,0.0478489889415617,0.005981123617695212,0.0,-0.343254132083662,-0.04290676651045775,0.0,0.8560969608078618,0.10701212010098272,1.5707963267948966
163.85000000000002,37.80000000000001,21.59780673262592,1.9797258415782402,0.0,0.03184355181962924,0.003980443977453655,0.0,-0.29519650715205553,-0.03689956339400694,0.0,1.0681184377506514,0.13351480471883143,1.5707963267948966
163.9,37.80000000000001,21.599053313118965,1.9798816641398709,0.0,0.01851079879370968,0.00231384984921371,0.0,-0.23625124817908746,-0.029531406022385933,0.0,1.291602322464388,0.1614502903080485,1.5707963267948966
163.95000000000002,37.80000000000001,21.59971165314874,1.9799639566435927,0.0,0.008409439575556068,0.0010511799469445084,0.0,-0.16584523477608523,-0.020730654347010654,0.0,1.5265486149495135,0.1908185768686892,1.5707963267948966
164.0,37.80000000000001,21.599957887148832,1.9799947358936036,0.0,0.0021268398964053034,0.00026585498705066293,0.0,-0.08340534655462968,-0.01042566831932871,0.0,1.7729573152055604,0.22161966440069505,1.5707963267948966
164.05,37.80000174176829,21.60002418985137,1.9799892564181074,0.00010334690811150241,0.0027324540047818256,-0.00047531956961024144,0.004041553597447661,0.04125362745947546,-0.026788610568100044,0.07533294558473841,2.3625059546059384,-0.300134655414949,1.5450845227891827
164.10000000000002,37.800006059368364,21.600117345483863,1.9799667736270825,0.00027114312463153535,0.005250946845000265,-0.0014868055616800734,0.008874449942809908,0.17186224062157443,-0.04866279220522999,0.1488434944526617,2.882497126405535,-0.8161790407661921,1.5192051514719103
164.15,37.80003369889706,21.600652611484655,1.9798152130627795,0.0008920129871618376,0.017274687628542396,-0.004891327678713437,0.015784273086431093,0.30567759767631697,-0.08655260960009377,0.12771491781590655,2.473321961145923,-0.7003210956436638,1.5192051514719103
164.20000000000002,37.800100584190574,21.601947909388496,1.9794484494705515,0.0018323770023866474,0.03548573932165327,-0.010047786835625586,0.02166249037677093,0.41951491727230883,-0.11878564583111739,0.10757926032137799,2.0833756280549327,-0.5899077942124233,1.5192051514719103
164.25,37.80022142113506,21.604288032794724,1.9787858435447836,0.0030418960265693883,0.0589092360916005,-0.01668014977883702,0.02655874777093949,0.514335641017957,-0.14563413308285844,0.08843652196908093,1.7126581271326575,-0.48493913647249737,1.5192051514719103
164.3,37.800408460716895,21.607910233813023,1.9777602173523072,0.004472713213829537,0.08661838418608256,-0.024525994863999125,0.030522691226049194,0.591101210521713,-0.1673703035398871,0.07028670275901178,1.3611694583790281,-0.38541512242386633,1.5192051514719103
164.35000000000002,37.80067162313763,21.613006626667495,1.9763171737519416,0.006079454016141954,0.11773446193321613,-0.03333651205599051,0.033603966699211306,0.6507730673920072,-0.18426638938676757,0.053129802691170715,1.028909621794048,-0.2913357520665312,1.5192051514719103
164.4,37.801018621928876,21.619726591300648,1.9744144158140313,0.007819226183336716,0.15142681974153252,-0.04287650292891607,0.03585222014753685,0.6943126532372644,-0.19659462280806242,0.03696582176556079,0.7158786173777764,-0.20270102540050844,1.5192051514719103
164.45000000000002,37.80145508806713,21.628179176977437,1.9720210662399837,0.009651619763100236,0.1869128800999995,-0.05292438066611316,0.03731709752813776,0.7226814096659275,-0.20462723598833957,0.021794759982178113,0.42207644513013726,-0.1195109424257769,1.5192051514719103
164.5,37.801984694088766,21.638435505889266,1.9691169867818112,0.011538707100973598,0.22345813757798905,-0.06327217006014244,0.038048244798125234,0.7368407782864242,-0.2086364611121623,0.007616617341026286,0.1475031050512013,-0.04176550314235655,1.5192051514719103
164.55,37.802609278204855,21.650531176758015,1.9656920976616645,0.013445042840354277,0.26037615882531073,-0.07372550751279726,0.03809530791461084,0.7377522007071912,-0.20889453036409666,-0.005568606157897315,-0.1078414028590827,0.030535292449767392,1.5192051514719103
164.60000000000002,37.80332896841612,21.66446866844008,1.9617456969913756,0.015337663922494957,0.2970285825721888,-0.08410364103509735,0.03750793283470592,0.7263771185366593,-0.2056736759287069,-0.017760910514592523,-0.34395707860071134,0.09739144435059367,1.5192051514719103
164.65,37.80414230662775,21.68021974353036,1.957285780191995,0.017186089586503563,0.33282511962926237,-0.09423943024728872,0.03633576551552215,0.7036769733832657,-0.19924612999055935,-0.028960295729057207,-0.5608439221736439,0.15880295256011082,1.5192051514719103
164.70000000000002,37.80504637276436,21.697727851966317,1.952328359413329,0.018962321369344372,0.36722355288760805,-0.10397934637885001,0.03462845191417062,0.6706132068554382,-0.18988412473421715,-0.039166761801294046,-0.7585019335779314,0.21476981707833348,1.5192051514719103
164.75,37.806036908884856,21.716910534631957,1.946896782953481,0.020640843105836366,0.3997297373187066,-0.11318347226848337,0.03243563798776327,0.6281472605616183,-0.17785989234424787,-0.048380308731300635,-0.936931112813528,0.26529203790524863,1.5192051514719103
164.8,37.80710844329734,21.737661826961883,1.9410210546783861,0.02219862092865485,0.42989759997447496,-0.12172550236412315,0.02980696969341119,0.5772405761102323,-0.1634456650052147,-0.056600936519078666,-1.0961314598804663,0.31036961504086524,1.5192051514719103
164.85000000000002,37.808254414673954,21.759854662545308,1.934737153441354,0.023615103268330342,0.4573291399872459,-0.1294927427229303,0.026792092988225668,0.5188545951097122,-0.14691367490168197,-0.06382864516462797,-1.2361029747787435,0.3500025484851825,1.5192051514719103
164.9,37.80946729616587,21.78334327673006,1.9280863525026057,0.024872220853248743,0.4816744285697684,-0.1363861110112926,0.023440653829318894,0.45395075916850314,-0.1285361542182184,-0.07006343466794743,-1.356845657508337,0.3841908382381941,1.5192051514719103
164.95000000000002,37.81073871951808,21.807965610226624,1.92111453894881,0.025954386709652038,0.5026316090152244,-0.14232013650482922,0.019802298173801414,0.38349050989502215,-0.10858533513938402,-0.0753053050290384,-1.4583595080692735,0.41293448429990776,1.5192051514719103
165.0,37.812059599184366,21.833545712712144,1.9138715331126273,0.026848496161637262,0.519946896697207,-0.14722296008838437,0.015926671978785605,0.308435288897721,-0.08733344984974944,-0.07955425624789979,-1.54064452646153,0.4362334866703175,1.5192051514719103
165.05,37.81342025644215,21.859896146434473,1.9064104079922424,0.027543926831157424,0.5334145790697389,-0.1510363342560332,0.011863421201382167,0.2297465377850183,-0.06505273053387539,-0.08281028832453226,-1.603700712685123,0.4540878453494268,1.5192051514719103
165.10000000000002,37.814810543507384,21.886820389816158,1.8987868086709057,0.0280325386380209,0.5428770156672599,-0.1537156231110775,0.007662191798702595,0.1483856981653476,-0.04201540937632707,-0.0850734012589357,-1.64752806674005,0.46649756033723533,1.5192051514719103
165.15,37.81621996764948,21.914115241058486,1.8910582717364741,0.028308673799891635,0.5482246381046318,-0.15522980236604755,0.0033726297278590914,0.06531421164715824,-0.018493718561673537,-0.08634359505110994,-1.6721265886263021,0.4734626316337413,1.5192051514719103
165.20000000000002,37.81763781530617,21.941573221745497,1.8832835447009444,0.028369156832289227,0.5493959500771399,-0.15556145934270235,-0.000955619054037939,-0.01850648016113834,0.0052401097255255465,-0.08662086970105504,-1.6774962783438883,0.4749830592389462,1.5192051514719103
165.25,37.81905327619838,21.968984980448003,1.8755219054199979,0.028213294548588844,0.5463775273604906,-0.1547067929720289,-0.005272908589875911,-0.1021149356510864,0.028913843300699415,-0.08590522520877115,-1.6636371358928053,0.4710588431528501,1.5192051514719103
165.3,37.820455567445215,21.996141696327616,1.8678324815125324,0.027842876060021168,0.5392040178108115,-0.1526756137942423,-0.009529592922544301,-0.18454971321426877,0.052255249979287495,-0.08419666157425809,-1.6305491612730523,0.4616899833754525,1.5192051514719103
165.35000000000002,37.821834057678736,22.022837482740766,1.8602735697802062,0.027262172775672416,0.5279581413646502,-0.1494913439587859,-0.01367602609493152,-0.2648493712422523,0.07499209757672445,-0.08149517879751575,-1.5782323544846268,0.446876479906752,1.5192051514719103
165.4,37.82317839115892,22.04887179084271,1.8529019556269757,0.026477938402484573,0.5127706900389807,-0.145191017224332,-0.017662562149925367,-0.3420524681265883,0.09685215390844093,-0.07780077687854466,-1.5066867155275416,0.4266183327467526,1.5192051514719103
165.45000000000002,37.82447861188853,22.074051813191588,1.8457722324786299,0.025499408945254907,0.49382052793119224,-0.13982527895877964,-0.02143955513041549,-0.415197562258861,0.11756318678987827,-0.07311345581734394,-1.4159122444017749,0.40091554189544887,1.5192051514719103
165.5,37.825725287728034,22.09819488735238,1.8389361212023354,0.024338302706636644,0.4713345912191031,-0.13345838613925837,-0.0249573590792893,-0.48332321203062123,0.13685296403646469,-0.06743321561391477,-1.3059089411073546,0.3697681073528472,1.5192051514719103
165.55,37.82690963451046,22.121130899501015,1.8324417895261695,0.02300882028713817,0.44558788816094597,-0.12616820735212364,-0.028166328039436188,-0.5454679758334481,0.15444925346363966,-0.060760056268256195,-1.1766768056442554,0.33317602911894256,1.5192051514719103
165.60000000000002,37.82802364015632,22.14270468802831,1.8263331714586617,0.02152764458512356,0.41690349909537877,-0.11804622279296013,-0.031016816053744584,-0.6006704120589058,0.17007982288683818,-0.053093977780367896,-1.028215838012479,0.29113930719373293,1.5192051514719103
165.65,37.82906018878849,22.162778447144035,1.8206492867083324,0.01991394079681287,0.3856525764414864,-0.1091975242665823,-0.03345917716510264,-0.6479690790985521,0.18347244012149194,-0.04443498015025156,-0.8605260382120519,0.243657941577228,1.5192051514719103
165.70000000000002,37.830013184847076,22.18123413048093,1.815423560103228,0.018189356416281,0.35225434469876055,-0.09974081518702929,-0.035443765416399216,-0.6864025353439649,0.19435487298303886,-0.034783063377904995,-0.6736074062429351,0.19073193226941457,1.5192051514719103
165.75,37.830877677204384,22.197975854698715,1.810683141010466,0.016378021235459204,0.3171761004471349,-0.08980841057757313,-0.03692093485052271,-0.715009339186703,0.2024548892869118,-0.024138227463330636,-0.467459942105174,0.13236127927030805,1.5192051514719103
165.8,37.83164998327972,22.21293230308812,1.8064482227557663,0.014506547344133595,0.2809332123469447,-0.07954623707070954,-0.03784103951036177,-0.7328280490183373,0.20750025684854767,-0.012500472406526514,-0.242083645798733,0.0685459825798961,1.5192051514719103
165.85000000000002,37.83232781315436,22.226059129174907,1.8027313620429946,0.012604029129946136,0.24408912113895667,-0.06911383290816445,-0.03815443343880477,-0.7388972232304322,0.20921874348337993,0.00013020179250762846,0.0025214826763971555,-0.0007139578018225245,1.5192051514719103
165.9,37.832910393686376,22.237341360323867,1.7995367983737007,0.010702043278394918,0.20725533964436688,-0.05868434794089441,-0.0378114706787405,-0.732255420214554,0.20733811700684404,0.01375379513376911,0.2663554433201629,-0.07541854187483255,1.51920515147191
165.95000000000002,37.83339859262558,22.24679580134288,1.796859773466653,0.008834648772832437,0.1710914527647742,-0.048444543629078574,-0.03676250527305716,-0.711941198362267,0.20158614523437415,0.028370307617261597,0.5494182361326303,-0.15556776963915395,1.5192051514719098
166.0,37.83379504272839,22.254473438086915,1.794685850677383,0.007038386894468038,0.1363051174822207,-0.03859479304213173,-0.03495789126464392,-0.6769931160651481,0.19169059598140786,0.04397973924298134,0.8517098611137305,-0.2411616410947672,1.5192051514719098
166.05,37.83410426587274,22.260461841062046,1.7929902344177198,0.005352281222365554,0.10365206285915066,-0.029349080858690004,-0.03234798269638883,-0.6264497317147535,0.17737923706337655,0.060582090010930977,1.1732303182635195,-0.3322001562416857,1.51920515147191
166.10000000000002,37.834332797172955,22.264887569029494,1.7917370895753297,0.0038178376334449724,0.07393609003844034,-0.02093500336662124,-0.02888313361118022,-0.5593496037026514,0.15837983629571623,0.0781773599211111,1.5139796075820011,-0.42868331507991325,1.5192051514719105
166.15,37.834489309094664,22.26791857260961,1.7908788609332553,0.002479044302481878,0.04800907224338786,-0.013593768463021271,-0.024513698051907198,-0.47473129042041234,0.13442016149386404,0.09676554897351768,1.8739577290690999,-0.5306111176094286,1.5192051514719112
166.20000000000002,37.83458473556966,22.26976659788594,1.7903555925894528,0.0013823717021072017,0.02677095477770868,-0.007580195654213494,-0.019190030061457624,-0.3716333502595903,0.10522798047325085,0.11634665716815605,2.2531646827249228,-0.6379835638302589,1.51920515147191
166.25,37.834632396110834,22.27068959000923,1.7900942473763326,0.000576772602807541,0.011169755025543335,-0.0031627160557514125,-0.012862483682721203,-0.24909434161177546,0.07053106104931721,0.1369206845050209,2.651600468549363,-0.7508006537423779,1.519205151471902
166.3,37.83465277092577,22.270993289599108,1.7900093466576907,0.0003993819310857171,0.002342200691012004,-0.000598411656311456,0.00498433239519544,-0.11434515058320904,0.03491025467250737,0.3512170595077865,2.8710942885348425,-0.7657282761764692,1.4362813781700638
166.35000000000002,37.834697155763514,22.271018575587277,1.7900122098994378,0.0029068312552420184,0.00140044989850568,0.00026295269347586245,0.1094198867714257,-0.027666375742013194,0.033624195779192935,2.1429389146377718,1.486670794446748,0.0597730848938024,0.675035117369049
166.4,37.83489971505782,22.271064595567243,1.790045754724129,0.008881100493056569,0.0014966512317621103,0.0016245552918841511,0.2307117574752642,0.038879757781967936,0.04220242826881229,3.1827973890648775,0.5363679463505014,0.5822060391550476,0.16695227217800293
166.45000000000002,37.8356960286352,22.271198791064453,1.7901914185905765,0.024200488172900346,0.004078288547858793,0.004426819757101318,0.3782155025639022,0.06373722470839562,0.06918421840212109,2.721007730545145,0.4585467279351813,0.49773420663022366,0.16695227217800296
166.5,37.83743318488867,22.271491538235658,1.7905091839831209,0.046326964324175504,0.007807062680327107,0.008474255539457977,0.5031780621364639,0.08479603029838315,0.09204271297716954,2.281149968425844,0.38442149289357136,0.417274216825368,0.16695227217800296
166.55,37.84042381867442,22.271995522594654,1.791056238928229,0.07416088454161808,0.012497660541568806,0.013565712664448261,0.6066960310131386,0.10224097372064425,0.11097850412998671,1.8632241027063137,0.3139922412255599,0.3408260697403597,0.16695227217800296
166.60000000000002,37.844926953371896,22.272754394999833,1.7918799646938108,0.10665743416089987,0.01797400900240891,0.019510070764354275,0.6898660040138055,0.11625685414384042,0.12619218399654494,1.467230133387037,0.24725897293122853,0.26838976537528725,0.16695227217800296
166.65,37.85115074237085,22.273803233652067,1.7930184372695603,0.14282662825871814,0.024069274892110817,0.02612623907826251,0.7537845759584911,0.12702847073665804,0.13788434471284364,1.0931680604679892,0.18422168801057304,0.19996530373014598,0.16695227217800293
166.70000000000002,37.8592552105584,22.275169006092675,1.7945009288472984,0.18173331165281836,0.030625864998380162,0.03324315645206799,0.7995483416672589,0.13474062266778963,0.14625557841488884,0.7410378839487617,0.12488038646352449,0.13555268480486127,0.1669522721780029
166.75,37.86935499580608,22.276871031201306,1.796348409301306,0.2224971589018435,0.037495426067339396,0.04069979133844673,0.8282538959600482,0.13957810910590682,0.15150647723866387,0.4108396038298829,0.06923506829017198,0.07515190859952967,0.16695227217800293
166.8,37.88152209045687,22.278921441193884,1.798574047668674,0.26429267430555803,0.0445388448035655,0.048345141796896654,0.8409978336569033,0.141725729219699,0.15383763332017136,0.10257322011085758,0.017285733490432092,0.018762975114060627,0.16695227217800293
166.85000000000002,37.89578858281226,22.281325643620523,1.8011837136296318,0.3063491919046173,0.05162624787005121,0.05603823549369551,0.8388767495778089,0.14136828217784542,0.15344963879540294,-0.18376126720795588,-0.030967617935634736,-0.033614115651480286,0.16695227217800293
166.9,37.912149398619306,22.28408278336344,1.8041764789878958,0.34795087548072445,0.0586370018882314,0.06364812970192946,0.8229872385427853,0.13869056714903136,0.15054308580035683,-0.44816385812658205,-0.07552498598803273,-0.08197936369709752,0.16695227217800296
166.95000000000002,37.930565042557696,22.287186204634892,1.8075451191510101,0.38843671855662937,0.06545971343798287,0.07105391130149297,0.7944258953718095,0.13387738330193474,0.14531856647102323,-0.6906345526453052,-0.11638637066680976,-0.12633276902284296,0.16695227217800293
167.0,37.950964339726724,22.290623912975093,1.8112766146106747,0.42720054439597466,0.07199222905759849,0.07814469677906057,0.7542893148849317,0.127113529805246,0.13797667294340588,-0.9111733507637619,-0.15355177197190473,-0.16667433162865045,0.1669522721780029
167.05,37.973247177132464,22.294379037250124,1.815352652423104,0.46369100600352203,0.07814163524382528,0.08481963222812833,0.7036740919020936,0.1185838058276372,0.12871799735348852,-1.1097802524822826,-0.18702118990337308,-0.2030040515145803,0.16695227217800293
167.10000000000002,37.99728724517468,22.29843029164986,1.8197501276893482,0.4974115861249328,0.08382425845182742,0.09098789334897371,0.6436768212433537,0.10847301053779988,0.1177431318372763,-1.2864552578006325,-0.21679462446117545,-0.23532192868058957,0.166952272178003
167.15,38.02293477913399,22.302752437685918,1.8244416450356438,0.5279205972469148,0.088965665095211,0.0965686854486823,0.5753940977287264,0.09696594310441847,0.10525266853076642,-1.4411983667188368,-0.24287207564531596,-0.2636279631266827,0.16695227217800296
167.20000000000002,38.05001930065888,22.30731674618953,1.8293960200937587,0.5548311815972042,0.09350066154602105,0.10149124344114471,0.49992251617813277,0.08424740269616163,0.09144719956993887,-1.5740095792370539,-0.2652535434558214,-0.2879221548528889,0.16695227217800293
167.25,38.07835235925269,22.312091459309507,1.8345787809813117,0.5778113111444659,0.09737329413472458,0.10569483184703818,0.41835867141169375,0.07050218848173134,0.07652731709081015,-1.6848888953550891,-0.28393902789265885,-0.3082045038591724,0.16695227217800293
167.3,38.10773027376081,22.31704225251014,1.839952669782141,0.5965837875984387,0.10053684915023524,0.10912874479385318,0.33179915824928924,0.05591509962978936,0.06069361322935278,-1.7738363150731056,-0.2989285289558557,-0.3244750101455631,0.1669522721780029
167.35000000000002,38.13793687385754,22.322132696569124,1.845478144026615,0.6109262424098044,0.10295385283989121,0.11175230601586951,0.2413405715110193,0.04067093530903461,0.044146680121579705,-1.8408518383909922,-0.31022204664539355,-0.3367336737120406,0.16695227217800296
167.4,38.16874624153329,22.327324719575483,1.8511138781719934,0.6206711367702734,0.1045960714094694,0.11353486885417191,0.14807950601689346,0.024954494688150315,0.027087109903486988,-1.8859354653087748,-0.31781958096127655,-0.34498049455860974,0.16695227217800293
167.45000000000002,38.19992545258163,22.332579068927497,1.856817265082765,0.6257057616125588,0.1054445110231814,0.11445581625664535,0.05311255658680851,0.008950576935800925,0.009715494711050307,-1.9090871958264872,-0.3217211319035104,-0.34921547268527686,0.1669522721780029
167.5,38.23123731808617,22.337855773330606,1.8625449175109683,0.6259722376103598,0.10548941780367058,0.11450456077797203,-0.042463681959086494,-0.007156018779306475,-0.007767573319708774,-1.9103070299441018,-0.32192669947209046,-0.3494386080920362,0.1669522721780029
167.55,38.262443125907865,22.343114604795353,1.8682531695765636,0.6214675151783817,0.10473027783201536,0.1136805445796348,-0.13755261480093212,-0.023180493288513713,-0.025161502052821416,-1.8895949676616126,-0.31843628366701565,-0.3456499007788876,0.166952272178003
167.60000000000002,38.29330538217182,22.348315540635287,1.8738985782477404,0.6122433744723346,0.10317581714772898,0.1119932394299173,-0.23105764711861562,-0.03893804742311998,-0.042265699352272375,-1.8469510089790346,-0.31124988448828905,-0.3378493507458335,0.1669522721780029
167.65,38.3235905527545,22.3534192254649,1.8794384248212779,0.5984064253889294,0.10084400174875906,0.10946214670390304,-0.32188218409213454,-0.054243882014442996,-0.058879573082066886,-1.7823751538963968,-0.30036750193591455,-0.3260369579928784,0.1669522721780028
167.70000000000002,38.35307180477076,22.358387433197546,1.8848312164028864,0.5801181075658534,0.09776203759148346,0.10611679738347075,-0.4089296309015838,-0.06891319789381671,-0.0748025311062279,-1.6958674024136038,-0.28578913600987693,-0.31021272252000626,0.1669522721780029
167.75,38.381531748060766,22.363183529043347,1.890037187387526,0.5575946903818433,0.09396637059072198,0.10199675205730807,-0.4911033927268299,-0.0827611958925369,-0.0898339812887364,-1.5874277545307955,-0.26751478671019924,-0.2903766443272416,0.16695227217800276
167.8,38.40876517667728,22.367772931507137,1.895018800939776,0.5311072729565701,0.08950268661971801,0.09715160092089038,-0.5673068747479901,-0.09560307684194157,-0.10377333149361948,-1.457056210247802,-0.24554445403685318,-0.2665287234145538,0.1669522721780028
167.85000000000002,38.434581810372464,22.372123574386368,1.8997412504741469,0.5009817841507702,0.08442591151015978,0.09164096377650488,-0.6364434821449718,-0.10725404157333317,-0.11641998958486557,-1.3047527695647614,-0.21987813798986194,-0.2386689597819681,0.16695227217800304
167.9,38.458809036085064,22.376206368769036,1.9041729611354397,0.46759898256615523,0.07880021105216524,0.08553449003323355,-0.6974166200977776,-0.11752929091803042,-0.12757336342648073,-1.1305174324817004,-0.19051583856922982,-0.20679735342948893,0.1669522721780031
167.95000000000002,38.481294649427504,22.37999566503161,1.9082860912790829,0.4313944565453929,0.07269899099427926,0.0789118587069502,-0.7491296937864662,-0.12624402570736099,-0.13703286088248132,-0.9343501989984023,-0.15745755577492068,-0.17091390435707768,0.16695227217800301
168.0,38.501909596172766,22.38346971483694,1.9120570339514589,0.39285862417224665,0.06620489704349702,0.07186277842034602,-0.790486108390958,-0.13321344677262953,-0.14459788981685812,-0.7162510691151712,-0.1207032896069854,-0.13101861256478914,0.16695227217800293
168.05,38.52055071374163,22.386611133132188,1.915466918370266,0.35253673327136614,0.05940981486522847,0.06448698740289104,-0.8203892690913073,-0.1382527549451635,-0.15006785809362672,-0.4762200428316724,-0.0802530400653679,-0.08711147805256195,0.16695227217800274
168.10000000000002,38.53714347268957,22.389407360146755,1.9185021114048364,0.3110288614085037,0.05241487008333511,0.056894253490873944,-0.8377425810674707,-0.14117715105627404,-0.15324217357678482,-0.21425712014816903,-0.03610680715011226,-0.039192500820444544,0.16695227217800288
168.15,38.55164471819392,22.39185112339019,1.9211547190564906,0.2689899158903702,0.04533042828010543,0.04920437412737542,-0.8414494494994584,-0.14180183593728102,-0.15392024413033975,0.06963769893531342,0.011735409138777169,0.01273831913155865,0.16695227217800326
168.20000000000002,38.56404541154086,22.393940899650115,1.9234230879388763,0.22712963376462839,0.03827609499625349,0.04154717636226671,-0.8304132795672577,-0.1399420104195001,-0.15190147761829498,0.3754644144191141,0.06327360880135796,0.0686809818035092,0.16695227217800235
168.25,38.57437337161244,22.395681376990147,1.9253123067582985,0.18621258182004752,0.03138071573094623,0.034062516852238954,-0.803537476450888,-0.13541287533425278,-0.14698528190465912,0.7032230263027675,0.11850779183755064,0.12863548719532178,0.16695227217800165
168.3,38.58269601637373,22.397083916747835,1.9268347077940717,0.14705815658627713,0.024782375941764308,0.026900281860760846,-0.7597254453303003,-0.12802963151284874,-0.1389710648534288,1.0529135345867717,0.17743795824743971,0.19260183530708824,0.16695227217800243
168.35000000000002,38.58912310435979,22.398167015532554,1.9280103683788516,0.11054058433407353,0.018628401044739836,0.020220387258119983,-0.6978805913855308,-0.11760747978661244,-0.12765823432861614,1.424535939270738,0.24006410803096007,0.2605800261387373,0.16695227217800285
168.4,38.59380947616273,22.398956767223442,1.9288676123789785,0.0775889210751414,0.01307535641433077,0.0141927785213947,-0.6169063197965964,-0.10396162098686468,-0.1128461981942301,1.818090240354643,0.3063862411881072,0.3325700596902646,0.1669522721780026
168.45000000000002,38.596957795918776,22.399487324967332,1.9294435116748172,0.04918705256215443,0.008289047383423922,0.008997430734457228,-0.5157060357433819,-0.08690725594490448,-0.09433436431425503,2.233576437838949,0.3764043577189591,0.40857193596175423,0.1669522721780016
168.5,38.59882129279531,22.399801363176653,1.929784387641095,0.026373694288867242,0.0044445192433539005,0.00482434858799412,-0.3931831444060476,-0.06625958549207728,-0.07192214055272503,2.6709945317230233,0.4501184576234093,0.4885856549530906,0.16695227217799805
168.55,38.59970650247793,22.399950539527367,1.9299463126272447,0.010242391489958017,0.001726057243876345,0.001873566379478071,-0.2482410509643944,-0.04183381045966693,-0.0454089347736107,3.130344522007531,0.5275285409015704,0.5726112166643963,0.16695227217798303
168.60000000000002,38.59998545695306,22.39999567300553,1.9299915678107242,0.0031586260808303453,0.0004209720139088884,0.00023530980767321336,-0.07986427378506913,-0.017812255796380773,-0.02800203984731541,3.451785175807789,0.5005513554378591,0.3817689640843486,0.14388149159488686
168.65,38.60005115975402,22.400001103727828,1.9299862305061515,0.0042716937297977275,0.00027380734974909903,-0.0005908845523818131,0.10453349451198968,0.00017206453341723701,-0.034543534361630775,3.4670727874161313,0.25912480017922146,-0.36608934510370417,0.07450912430277179
168.70000000000002,38.600381244000666,22.40001667917927,1.929923397876929,0.012249351005592865,0.0005359012101700735,-0.0024612224498106613,0.27613792630058015,0.012080856268284654,-0.05548349974989189,3.2024006385198427,0.14010296356505933,-0.6434479950173945,0.043721475200998665
168.75,38.60140308911584,22.400061384244346,1.929718081845365,0.0298588016804373,0.0013063033255777058,-0.005999432377011857,0.42427871166880743,0.018561920131842033,-0.08524894826340006,2.7270339555666885,0.11930597762247232,-0.547934106041388,0.04372147520099866
168.8,38.603480798123265,22.400152282674064,1.9293006144994695,0.054290591218405765,0.002375178368348525,-0.010908432769966706,0.5492216397927897,0.02402809269504665,-0.11035332640583549,2.2744863487465636,0.09950731155079681,-0.4570051801737869,0.043721475200998665
168.85000000000002,38.60692696604196,22.400303050298998,1.9286081871338543,0.08441335060243663,0.0036930296733028462,-0.016960901314003927,0.6521076644790862,0.02852928995144005,-0.13102588233259993,1.8447578180598039,0.08070696535004754,-0.3706612174146584,0.04372147520099867
168.9,38.61199904563234,22.400524950511453,1.927589070598671,0.1191527585057838,0.005212856374937519,-0.02394097810221984,0.7340777395343131,0.03211542789456627,-0.14749586419910657,1.4378483635067045,0.06290493902023739,-0.28890221776406205,0.043721475200998665
168.95000000000002,38.61890219978076,22.40082695905545,1.926202042179219,0.1574915412921232,0.006890153407430584,-0.03164426563549973,0.796272818765276,0.034836422517977625,-0.15999252016080667,1.0537579850865715,0.046101232561336025,-0.21172818122185838,0.04372147520099866
169.0,38.627792153884,22.40121588881672,1.9244158124755637,0.19846947301534862,0.008682911504632346,-0.03987782882247688,0.8398338559785373,0.03674218981521579,-0.1687450983731025,0.6924866827999985,0.0302958459733694,-0.13913910778816663,0.04372147520099866
169.05,38.63877804823382,22.401696514612663,1.92220845228214,0.2411833754197947,0.01055161720007512,-0.048460194979577306,0.86590180498082,0.03788264577982948,-0.1739828469914288,0.3540344566465274,0.015488779256317458,-0.07113499746289459,0.043721475200998665
169.10000000000002,38.65192529040142,22.40227169798236,1.9195668194673707,0.28478711794004935,0.012459252826965035,-0.05722135383098212,0.8756176195787574,0.03830770640536346,-0.1759350141712021,0.038401306626413334,0.0016800324101914092,-0.007715850246093774,0.043721475200998665
169.15,38.66725840762201,22.40294251197654,1.9164859858532763,0.32849161770102875,0.014371296518185311,-0.0660027575086426,0.8701222535790284,0.038067287685364534,-0.17483084806784824,-0.254412767260134,-0.0111303945649996,0.05111833386219371,0.043721475200998665
169.20000000000002,38.684763899179295,22.40370836594757,1.912968664095078,0.3715648395180907,0.01625572220630121,-0.07465732055230291,0.8505566607882898,0.0372113056133785,-0.17089959683678854,-0.5244077650136136,-0.022942501669277415,0.10536755486206824,0.04372147520099866
169.25,38.70439308879001,22.404567130339437,1.9090246345608257,0.4133317958967863,0.018082999623549187,-0.08304941990945026,0.8180617950132307,0.03578967618295256,-0.1643705086334508,-0.7715836866336051,-0.033756288902623624,0.15503181275344546,0.043721475200998665
169.3,38.72606497698844,22.40551526147772,1.9046701722109909,0.45317454703311816,0.019826094301848177,-0.09105489493536678,0.7737786100604772,0.033852315387631206,-0.15547283161325023,-0.9959405321204237,-0.04357175626505201,0.2001111075363884,0.043721475200998665
169.35000000000002,38.7496690935109,22.406547926359607,1.8999274734780942,0.4905322008133394,0.021460467572790805,-0.09856104739308914,0.7188480597367166,0.031449139220961576,-0.14443581393161428,-1.1974783014738921,-0.052388903756554826,0.2406054392108615,0.04372147520099866
169.4,38.77506834968028,22.407659127443843,1.894824083146311,0.5249009128140419,0.022964076567647245,-0.10546664145342623,0.6544110978486697,0.028630063676492276,-0.13148870374397711,-1.3761969946938866,-0.060207731377126726,0.27651480777684007,0.043721475200998665
169.45000000000002,38.8021018907906,22.408841827440735,1.88939232123107,0.555833886302234,0.02431737421736862,-0.1116819036949748,0.5816086782028929,0.025445004747764732,-0.11686074920573995,-1.5320966117807127,-0.067028239126781,0.30783921323438546,0.043721475200998665
169.5,38.83058794849142,22.410088074102116,1.8836687098586922,0.5829413722351501,0.02550330925257866,-0.11712852310408127,0.5015817546061584,0.021943878428329795,-0.10078119847234729,-1.6651771527341228,-0.07285042700550684,0.33457865558344807,0.043721475200998665
169.55,38.86032669317249,22.411389125011365,1.8776934001459713,0.6058906692604412,0.026507326203582083,-0.12173965107487993,0.415471280865032,0.018176600711729298,-0.08347929969920218,-1.7754386175542884,-0.07767429501331166,0.35673313482406194,0.04372147520099868
169.60000000000002,38.89110308634816,22.41273557237335,1.8715095990798118,0.6244061237160374,0.027317365400358506,-0.12545990140926527,0.3244182107862354,0.014193087591511874,-0.06518430104173889,-1.862881006241111,-0.08149984315019122,0.37430265095620735,0.04372147520099867
169.65,38.922689733041906,22.414117467804434,1.8651629963968301,0.6382691296302133,0.027923862972565366,-0.12824535031690526,0.22956349817650884,0.010043255061227021,-0.04612545065539562,-1.9275043187945529,-0.084327071416144,0.38728720397987715,0.04372147520099867
169.70000000000002,38.95484973417097,22.41552444712246,1.8587011914629488,0.6473181287216088,0.028319750849538812,-0.13006353641524548,0.1320480968423573,0.005777019114413859,-0.026531996695563206,-1.9693085552147258,-0.08615597981117469,0.39568679389509337,0.04372147520099867
169.75,38.98733953893068,22.416945855136728,1.8521731201530447,0.6514486103991577,0.028500456760290584,-0.1308934607294947,0.03301296059059306,0.0014442957446249918,-0.00663318731769425,-1.9882937155015554,-0.08698656833528012,0.3995014207018412,0.043721475200998665
169.8,39.01991179717914,22.41837087043798,1.845628481730522,0.6506131117621482,0.02846390423351064,-0.13072558669263715,-0.06640095677224297,-0.0029049990545987627,0.01334172932281323,-1.9844597996550668,-0.08681883698846139,0.3987310844001257,0.043721475200998665
169.85000000000002,39.052318211821664,22.419788630188375,1.8391171657269543,0.6448212176001931,0.02821051259756587,-0.12956184014542635,-0.16505270143941514,-0.007220949289708176,0.033163505070521945,-1.9578068076752428,-0.08565278577071778,0.3933757849899438,0.04372147520099865
169.9,39.08431239119524,22.42118835491149,1.832688678821683,0.6341395603932523,0.027743196980501116,-0.12741560933638998,-0.26180131960418285,-0.01145363896715387,0.05260289176999401,-1.9083347395621328,-0.08348841468205136,0.38343552247130497,0.04372147520099865
169.95000000000002,39.115652701453236,22.42255947328231,1.8263915717214136,0.6186918203115904,0.027067368310037216,-0.12431174492182086,-0.3555058574600459,-0.015553152093396767,0.07143064126583935,-1.836043595315652,-0.08032572372245853,0.3689102968441921,0.04372147520099864
170.0,39.14610511894967,22.423891746917175,1.8202728660398626,0.598658725215845,0.026190933313574107,-0.12028655996579109,-0.44502536120019554,-0.01946957267488444,0.08941750540260594,-1.740933374935901,-0.07616471289194356,0.34980010810862516,0.04372147520099864
170.05,39.17544608262394,22.425175395163794,1.8143774811773326,0.57427805065694,0.025124294518186974,-0.11538782994013454,-0.5292188770180776,-0.023152984718075593,0.10633423602489325,-1.6230040784227606,-0.07100538219050129,0.32610495626458064,0.043721475200998665
170.10000000000002,39.20346534638519,22.426401219891236,1.8087476612003506,0.545844619876172,0.023880350250629987,-0.10967479272446401,-0.6069454511069621,-0.0265534722294212,0.12195158497726546,-1.4822557057762915,-0.06484773161813441,0.29782484131207093,0.043721475200998644
170.15,39.22996883149688,22.427560730279875,1.8034224017212692,0.5137103038051836,0.022474494637335224,-0.10321814860616607,-0.6770641296601341,-0.029621119215372898,0.13604030410428938,-1.3186882569966276,-0.05769176117484886,0.26495976325112297,0.0437214752009986
170.20000000000002,39.2547814789614,22.42864626761142,1.7984368767778647,0.47828402106586915,0.020924617604408568,-0.09610006028038215,-0.7384339588710463,-0.03230600968238966,0.14837114525056547,-1.1323017320834934,-0.0495374708606325,0.22750972208168074,0.04372147520099867
170.25,39.27775010190438,22.429651130058865,1.7938218657129776,0.44003173797056394,0.019251104877637766,-0.08841415285004624,-0.7899139849329351,-0.03455822763692102,0.15871486026065082,-0.9230961310371602,-0.040384860675497104,0.1854747178037993,0.04372147520099866
170.3,39.2987462379594,22.43056969747649,1.7896031800540955,0.3994764685218358,0.017476837982483596,-0.08026551382584357,-0.8303632540391997,-0.03632785708542363,0.16684220097913585,-0.6910714538573658,-0.030233930619431307,0.13885475041742568,0.04372147520099865
170.35000000000002,39.317669001652405,22.43139755618984,1.7858010903929853,0.35719827441265994,0.01562719424408734,-0.07177069312624518,-0.858640812383136,-0.03756498203434957,0.17252391925058966,-0.43622770054425153,-0.019084680692441236,0.08764981992258837,0.043721475200998616
170.4,39.33444793678622,22.432131623785704,1.7824297532652955,0.31383426502635237,0.013730046787267924,-0.06305770307749484,-0.8736057061580732,-0.03821968649015247,0.1755307669195878,-0.15856487109803635,-0.006937110894536599,0.03185992631933194,0.04372147520099856
170.45000000000002,39.34904586882515,22.432770273902108,1.7794966380301604,0.27007859743645635,0.011815764536516997,-0.05426601841358613,-0.8741169815573698,-0.038242054459287175,0.17563349583071228,0.14191703448175025,0.006208778774303356,-0.028514930392439186,0.04372147520099864
170.5,39.36146175727938,22.4333134610183,1.7770019537498305,0.22668247640698597,0.009917212216009469,-0.04554657627631184,-0.8590336847743525,-0.03758216994820711,0.17260285782853788,0.46521801619466163,0.020352988314059114,-0.09347475021263525,0.04372147520099885
170.55,39.371733548089594,22.433762845244722,1.7749380760692643,0.18445415439217086,0.008069750349592333,-0.03706177621521128,-0.8272148620023387,-0.03619011696336529,0.16620960475763846,0.8113380740411099,0.03549551772474853,-0.16301953314133844,0.04372147520099876
170.60000000000002,39.37994102601143,22.434121917113,1.7732889740957543,0.14425893153665742,0.0063112352607936975,-0.02898548018761237,-0.7775195594346649,-0.03401597951121587,0.1562244884625922,1.1802772080208714,0.051636367006361844,-0.2371492791785035,0.04372147520099863
170.65,39.386208667000005,22.43439612236593,1.772029637278531,0.1070191556754221,0.004682019072818819,-0.02150301255861371,-0.7088068232647291,-0.03100984159821524,0.14241826078798794,1.5720354181336402,0.06877553615888568,-0.31586398832406903,0.04372147520099864
170.70000000000002,39.39070849059446,22.434592986747454,1.7711255022883736,0.07371422233368091,0.003224949708546086,-0.014811160101066062,-0.6199356996857479,-0.027121787230811985,0.12456167357837844,1.9866127043800796,0.08691302518234914,-0.39916366057816915,0.043721475200998595
170.75,39.39366291230246,22.434722240792663,1.7705318798972272,0.04538057472710375,0.0019853708905365384,-0.009118171995615286,-0.5097652348911792,-0.02230190041546553,0.10242547867836602,2.4240090667595715,0.10604883407672518,-0.48704829594067917,0.043721475200999144
170.8,39.395347595984695,22.434795944617758,1.7701933818578077,0.023111703761603375,0.0010111221410245442,-0.004643759830660654,-0.3771544750742174,-0.016500265158623423,0.07578042793249962,2.884224505272674,0.12618296284203817,-0.5795178944117115,0.04372147520100217
170.85000000000002,39.39609430623942,22.43482861271005,1.7700433477832203,0.008058148033484834,0.0003525387819243181,-0.0016190976023839976,-0.22096246642827372,-0.009666965466742776,0.04439727318537042,3.367259019919082,0.1473154114782747,-0.6765724559912042,0.043721475201017095
170.9,39.39630941756096,22.434873710700273,1.7700096474096092,0.0034988530809786206,0.0022705425174119713,-0.00013807496640862833,-0.04200911164070646,0.0809693304484425,0.030533609779029178,3.561053737200925,1.6992869924103213,-0.30370900495207326,0.33279968265997617
170.95000000000002,39.39637636815476,22.434940802252992,1.7700133137179135,0.004573285117360538,0.0061245969760475825,0.0006617585901616233,0.14657613530999491,0.23810081869136634,0.032363047149424104,3.5159765498842455,4.47239739613974,0.44573664921581946,0.8525401530983221
171.0,39.39681693840431,22.435572927052718,1.7700882989912456,0.015399755780142653,0.022326034256186632,0.0026825839952831607,0.3151250877047448,0.45685747251602044,0.0548936962934824,3.121921872296454,4.526054546650951,0.5438279521254413,0.9669713929034273
171.05,39.39804336461807,22.43735095743528,1.7703019381800353,0.0348582543983499,0.05053629375161553,0.006072186902671524,0.4592596751982079,0.6658188212427193,0.08000144105884276,2.647300053266534,3.837964219656335,0.4611504789421588,0.9669713929034273
171.10000000000002,39.400413115993345,22.440786541163916,1.7707147406428076,0.060939801182015495,0.088348419817751,0.010615501807983756,0.580238935613992,0.8412103762058007,0.10107560823304257,2.1957087891877984,3.1832627961040787,0.38248484847875897,0.9669713929034274
171.15,39.4042288805828,22.446318504927103,1.771379433587526,0.09251541797090823,0.13412565889566255,0.01611586463505537,0.6792143966995294,0.9847015825771985,0.11831678995205386,1.7671480800607786,2.561950275994955,0.3078310607353344,0.9669713929034273
171.20000000000002,39.409738336940755,22.454305924541863,1.772339161758516,0.12851370299224663,0.18631472968512974,0.0223866409145341,0.7573375862025405,1.0979618855292643,0.13192557835189883,1.3616179258848808,1.974026659328102,0.23718911571178158,0.9669713929034272
171.25,39.41713703294259,22.46503229856664,1.773627988916806,0.16792083086057374,0.2434458231444604,0.02925122578385805,0.8157600318705329,1.1826607302340417,0.14210256556856263,0.9791183266603505,1.4194919461038762,0.17055901340814347,0.9669713929034272
171.3,39.426571264604085,22.47870972191428,1.7752713993204663,0.2097805525778432,0.30413260249061574,0.036543043987270735,0.8556332614510929,1.2404675618636876,0.14904834373804413,0.619649282387046,0.8983461363220714,0.10794075382439514,0.9669713929034273
171.35000000000002,39.4381409549008,22.49548305946494,1.7772867992049493,0.2531941955333761,0.3670722031991475,0.044105549875813554,0.8781088026917744,1.2730518255903134,0.1529635049963365,0.28321079306496144,0.4105892299826806,0.04933433696053583,0.9669713929034273
171.4,39.451902532587454,22.515434119678993,1.7796840182634264,0.2973206635038145,0.4310452330041309,0.05179222740731767,0.8843381833401257,1.2820829665860198,0.15404864147943204,-0.030197141305508574,-0.04377877291372578,-0.005260237183366025,0.9669713929034273
171.45000000000002,39.46787181101729,22.538585828210024,1.7824658111271363,0.34137643665329015,0.4949157718984086,0.0594665901464334,0.8754729311437373,1.2692304300229713,0.15250434532333024,-0.3205745207248056,-0.4647578723677874,-0.05584296860738723,0.9669713929034272
171.5,39.48602686696141,22.564906401517693,1.7856283588457165,0.38463557153322986,0.5576313721333095,0.06700218126459637,0.8526645738501702,1.2361636610732882,0.14853120866402564,-0.58792134519275,-0.8523480683792429,-0.10241385731149627,0.9669713929034273
171.55,39.506310919428216,22.594313520480718,1.7891617703675473,0.42642970108248,0.6182230582188286,0.07428257354004913,0.817064639206981,1.1845521049090846,0.14232982363751182,-0.8322376147094394,-1.2065493609482347,-0.14497290329571033,0.9669713929034273
171.60000000000002,39.52863520848271,22.62667850400977,1.7930505840200917,0.46614803462724996,0.6758053269235447,0.08120136935783133,0.7698246549617231,1.116065206702471,0.13410078237978199,-1.0535233292748718,-1.52736175007476,-0.18352010656002912,0.9669713929034272
171.65,39.552881874065875,22.661830482660367,1.797274268990229,0.5032373578810796,0.7295761472745744,0.08766220070977407,0.7120961488620254,1.0323724116256654,0.12404467702684233,-1.2517784888887926,-1.8147852357584489,-0.2180554671044083,0.9669713929034273
171.70000000000002,39.5789068348141,22.69956057224594,1.8018077268046104,0.5372020329449865,0.778816960557784,0.0935787291945255,0.6450306486553878,0.9351431648507004,0.11236209971467676,-1.4270030935514888,-2.06881981799972,-0.24857898492889777,0.9669713929034273
171.75,39.60654266687846,22.739626047450606,1.8066217928099813,0.5676039983072922,0.8228926803175393,0.09887464601752066,0.5697796820894081,0.8260469115497495,0.09925364257928604,-1.5791971432628475,-2.289465496798406,-0.2750906600334777,0.9669713929034273
171.8,39.63560148274418,22.78175451544221,1.8116837376535335,0.5940627688437298,0.8612516923568595,0.10348367199100005,0.487494776911623,0.7067530968949004,0.08491989775666045,-1.7083606380229226,-2.476722272154585,-0.2975904924181576,0.9669713929034272
171.85000000000002,39.66587781004992,22.825648089485192,1.8169577687632392,0.6162554358173972,0.8934258547373521,0.1073495575340017,0.39932746086958915,0.5789311660582631,0.06956145738279351,-1.8144935778317028,-2.6305901440682455,-0.316078482082936,0.9669713929034273
171.9,39.697151470407164,22.870987562553488,1.8224055318281858,0.6339166668787483,0.9190304977791979,0.11042608267235941,0.3064292617109798,0.44425056421212467,0.05337891359369945,-1.8975959626890737,-2.751069112539217,-0.3305546290277923,0.9669713929034272
171.95000000000002,39.72919045821966,22.91743658094362,1.8279866122789357,0.6468387060656676,0.9377644240612596,0.11267705703871593,0.20995170718324385,0.30438073652844067,0.03657285852535289,-1.9576677925951702,-2.8381591775676966,-0.34101893325275007,0.9669713929034273
172.0,39.76175381950269,22.964645817887426,1.8336590367678436,0.6548713738033797,0.9494099084209512,0.11407631987250702,0.1110463250339973,0.16099112817941563,0.019343884313758337,-1.994709067549941,-2.891860339153611,-0.34747139475780103,0.966971392903427
172.05,39.79459453070251,23.01225714716513,1.8393797746494105,0.6579220669045001,0.9538326979543118,0.11460774001997064,0.010864643010770503,0.015751184337121263,0.0018925830949045822,-2.0087197875534017,-2.9121725972969794,-0.34991201354294676,0.966971392903427
172.10000000000002,39.82746237751567,23.059907816718212,1.8451052394606184,0.6559557585690162,0.9509820120159772,0.11426521593414307,-0.08944181113887807,-0.12966964982632234,-0.015580452995214428,-1.9996999526055304,-2.8990959519977726,-0.34834078960818443,0.966971392903427
172.15,39.86010683370837,23.10723462226228,1.8507917904012634,0.648994998384303,0.940890542219203,0.11305267567486221,-0.18872150966726198,-0.2736019291386125,-0.032874631820582166,-1.9676495627063526,-2.8526304032560272,-0.3427577229535182,0.9669713929034269
172.20000000000002,39.89227993993596,23.15387808090019,1.8563962338143178,0.6371199123251046,0.9236744524358381,0.11098407690876408,-0.2858229248269467,-0.41437620842781864,-0.04978936124522675,-1.912568617855847,-2.7727759510717136,-0.3331628135789441,0.966971392903427
172.25,39.92373918256212,23.19948660473478,1.8618763246662455,0.6204682027535492,0.8995333787963465,0.10808340690928542,-0.3795945288703116,-0.5503230425217258,-0.06612404913314282,-1.8344571180540334,-2.6595325954448588,-0.3195560614844659,0.9669713929034273
172.3,39.95425037247838,23.2437206744819,1.8671912680273568,0.5992351484191362,0.8687504296897864,0.10438468255666156,-0.4688847940498265,-0.6797729862482593,-0.08167810334834136,-1.733315063300877,-2.512900336375412,-0.3019374666700774,0.9669713929034269
172.35000000000002,39.983590523923404,23.286257013083315,1.8723022205521427,0.5736736044587428,0.8316921857638244,0.09993195033792736,-0.5525421926179265,-0.8010565944352934,-0.09625093175482717,-1.609142453596355,-2.3328791738633434,-0.2803070291357747,0.9669713929034266
172.4,40.01155073330235,23.326792759319584,1.8771727919596082,0.5440940023966638,0.7888086999247901,0.09477928634692456,-0.6294151968269467,-0.9125044219105596,-0.10964194221658816,-1.4619392889406275,-2.1194691079088797,-0.25466474888158575,0.9669713929034269
172.45000000000002,40.037939058006344,23.36504964142316,1.8817695465136353,0.5108643501445025,0.7406334973375155,0.08899079628428248,-0.6983522789294309,-1.0124470235020862,-0.12165054259764772,-1.291705569333522,-1.8726701385117746,-0.22501062590748,0.9669713929034268
172.5,40.06258339523173,23.400778150691114,1.8860625045032957,0.47441023200129434,0.6877835754255207,0.08264061545743909,-0.7582019111777694,-1.0992149540376837,-0.13207614076200305,-1.0984412947751192,-1.5924822656721487,-0.19134466021347263,0.9669713929034273
172.55,40.085334360799514,23.433761715098193,1.890025643723209,0.43521480865341977,0.6309594038708805,0.07581290878062703,-0.8078125658244175,-1.1711387683452534,-0.14071814457366272,-0.8821464652653483,-1.2789054893898915,-0.15366685179955034,0.9669713929034269
172.60000000000002,40.10606816797468,23.463820872909707,1.8936374009538743,0.39381881717465006,0.570944924614298,0.06860187077488038,-0.8460327151218048,-1.2265490212526646,-0.14737596189663024,-0.6428210808041768,-0.9319398096649583,-0.11197720066570696,0.9669713929034278
172.65,40.1246895062856,23.490817446294432,1.8968811734420088,0.3508205710261891,0.5086075518551549,0.061111725568042397,-0.8717108313223249,-1.2637762675877247,-0.15184900059490344,-0.3804651413918991,-0.5515852264977776,-0.06627570681199516,0.9669713929034256
172.70000000000002,40.14113442034339,23.514658714937656,1.899745820380899,0.30687596005650936,0.44489817205129106,0.05345672689473782,-0.8836953866784579,-1.2811510621783744,-0.15393666853249513,-0.09507864702819424,-0.13784173988788173,-0.016562370238357743,0.966971392903426
172.75,40.15537318866128,23.53530158965395,1.9022261643907277,0.26269845050154833,0.380851143919268,0.04576115809640519,-0.880834853442622,-1.2770039598524703,-0.15343837357340753,0.21333840228679274,0.30929065016451684,0.03716280905517877,0.966971392903425
172.8,40.16741320247397,23.552756786000224,1.9043234929989221,0.21905908498457255,0.31758429843418884,0.03815933212127501,-0.8619777038672496,-1.249665515437875,-0.15015352358164458,0.544786006553178,0.7898119436595838,0.09489983106863525,0.9669713929034258
172.85000000000002,40.17730184455701,23.567092997888576,1.9060460601204896,0.17678648251624912,0.25629893882979204,0.030795591524380918,-0.8259724102047631,-1.197466283762444,-0.14388152642120902,0.8992641657710038,1.3037221405973867,0.15664869580201918,0.9669713929034275
172.9,40.185129368046155,23.57844107119928,1.9074095875383579,0.13676683849467225,0.1982798405984918,0.023824308467564993,-0.7716674447076451,-1.1187368196541188,-0.1344217899561139,1.2767728799398301,1.8510212409772828,0.22240940325525374,0.9669713929034257
172.95000000000002,40.19103177525678,23.586998177393674,1.9084377663837202,0.09994392470520885,0.1448952514911609,0.01740988471945084,-0.6979112796282791,-1.0118076779406997,-0.12157372205035517,1.6773121490601433,2.431709244799974,0.29218195342842285,0.9669713929034272
173.0,40.19519369650321,23.59303198712714,1.909162758616368,0.06731908932067857,0.0975968915173821,0.011726751655474696,-0.60355238721912,-0.8750094134501002,-0.10513673056794233,2.100881973131713,3.045786152065136,0.3659663463214885,0.9669713929034283
173.05,40.197851268918065,23.596884843861968,1.9096256985050364,0.039951256901252986,0.05791995294530847,0.00695937025786743,-0.4874392397325775,-0.7066725810101325,-0.08491022337287302,2.547482352154711,3.693251962773018,0.4437625819344788,0.9669713929034379
173.10000000000002,40.19929501527167,23.59897793748034,1.9098771941077415,0.018956928394488926,0.027483100301706302,0.0033022311156620846,-0.3484203094210494,-0.5051277354486385,-0.06069360832914854,3.0171132861291925,4.3741066769236845,0.5255706602674032,0.9669713929034306
173.15,40.19987272279142,23.599815477897224,1.9099778287521199,0.005510181135348641,0.007988470371992832,0.0009598544246954381,-0.1853440685371595,-0.2687054315937538,-0.03228629330080486,3.5097747750545683,5.088350294516297,0.6113905813201606,0.9669713929034827
173.20000000000002,40.19998706589502,23.599976208159948,1.9099964475895916,0.0021507169297639668,0.002816961700154817,0.0002970358455327317,-0.06303481308175693,-0.10332068169776396,-0.014057080494745222,2.4223397682192997,3.2795826185671357,0.3620951836519391,0.8535571806389762
173.25,40.200019836549004,23.600017002756292,1.9100004250689073,0.0011689856108413807,0.0010019876664354695,2.5049691660886683e-05,0.046025356181671126,0.039450305298575274,0.0009862576324643796,0.892509470596486,0.7650081176541312,0.01912520294135324,0.7086262721276705
173.3,40.20015415540502,23.600132133204305,1.9100033033301078,0.0045654234912769695,0.003913220135380261,9.783050338450631e-05,0.08942468344665158,0.07664972866855853,0.0019162432167139593,0.8436123999165268,0.7230963427855945,0.018077408569639828,0.7086262721276704
173.35000000000002,40.20051153127455,23.600438455378182,1.9100109613844547,0.010071078346395408,0.008632352868338924,0.0002158088217084727,0.13040147416482356,0.11177269214127739,0.002794317303531929,0.7956080087250993,0.6819497217643711,0.01704874304410924,0.7086262721276705
173.4,40.201194415433115,23.601023784656952,1.910025594616424,0.017565939198220006,0.015056519312760008,0.0003764129828189995,0.1690003623106366,0.14485745340911713,0.003621436335227921,0.7484962970221762,0.6415682545904371,0.016039206364760892,0.7086262721276704
173.45000000000002,40.20229931439983,23.601970840914138,1.9100492710228536,0.026932226767493492,0.023084765800708715,0.0005771191450177168,0.20526598185851616,0.1759422701644425,0.004398556754111054,0.7022772648077574,0.6019519412637924,0.015048798531594776,0.7086262721276704
173.5,40.203916901522305,23.603357344161978,1.9100839336040496,0.03805439347367259,0.032618051548862236,0.0008154512887215543,0.2392429667828695,0.20506540009960245,0.005126635002490051,0.6569509120818682,0.5631007817844585,0.014077519544611436,0.7086262721276705
173.55,40.20613212856162,23.60525611019567,1.910131402754892,0.05081912343496419,0.04355924865854075,0.0010889812164635165,0.27097595105817557,0.23226510090700767,0.00580662752267518,0.6125172388444325,0.525014776152371,0.01312536940380925,0.7086262721276705
173.60000000000002,40.20902433727718,23.607735146237573,1.9101933786559395,0.06511533246825311,0.05581314211564554,0.0013953285528911356,0.3005095686588058,0.25757963027897646,0.0064394907569744,0.5689762450955266,0.48769392436759434,0.012192348109189833,0.7086262721276704
173.65,40.21266737101174,23.610857746581488,1.9102714436645374,0.08083416808917421,0.06928642979072078,0.001732160744768016,0.3278884535592033,0.28104724590788865,0.007026181147697201,0.526327930835125,0.4511382264301072,0.011278455660752657,0.7086262721276705
173.70000000000002,40.217129686276294,23.614682588236818,1.9103670647059208,0.0978690095120766,0.08388772243892283,0.0020971930609730662,0.3531572397337933,0.30270620548610866,0.0075676551371527,0.48457229606322755,0.4153476823399094,0.010383692058497714,0.7086262721276705
173.75,40.22247446433503,23.619263826572876,1.9104815956643217,0.11611546765001955,0.09952754370001679,0.002488188592500415,0.37636056115698907,0.32259476670599074,0.008064869167649752,0.443709340779857,0.38032229209702034,0.00950805730242549,0.7086262721276704
173.8,40.228759722790244,23.624651190963068,1.9106162797740767,0.13547138511482745,0.11611833009842357,0.0029029582524605834,0.39754305180325195,0.3407511872599302,0.008518779681498239,0.40373906498494544,0.3460620557013818,0.00865155139253453,0.7086262721276704
173.85000000000002,40.2360384271673,23.63089008042911,1.910772252010728,0.15583683621698022,0.13357443104312594,0.003339360776078142,0.41674934564697075,0.35721372484026076,0.0089303431210065,0.3646614686785608,0.3125669731530521,0.00781417432882629,0.7086262721276705
173.9,40.24435860249955,23.63802165928533,1.9109505414821335,0.17711412696572276,0.15181210882776242,0.003795302720694052,0.43402407666258297,0.37202063713935696,0.009300515928483905,0.32647655186068053,0.2798370444520118,0.006995926111300283,0.7086262721276705
173.95000000000002,40.25376344491328,23.646082952782812,1.9111520738195704,0.19920779506901043,0.17074953863058043,0.004268738465764502,0.4494118788245139,0.3852101818495834,0.009630254546239564,0.2891843145313045,0.2478722695982609,0.006196806739956513,0.7086262721276704
174.0,40.264291433212634,23.655106942753687,1.9113776735688421,0.22202460993350662,0.19030680851443427,0.0047576702128608464,0.4629573861071818,0.3968206166632989,0.009920515416582452,0.25278475669045275,0.21667264859181662,0.005416816214795404,0.7086262721276704
174.05,40.27597644046457,23.665122663255353,1.9116280665813836,0.24547357266464878,0.2104059194268419,0.005260147985671036,0.4747052324850322,0.40689019927288483,0.0101722549818221,0.21727787833806508,0.1862381814326271,0.004655954535815671,0.7086262721276705
174.10000000000002,40.28884784558379,23.67615529621467,1.911903882405367,0.2694659160665164,0.2309707851998712,0.0057742696299967694,0.4847000519324702,0.41545718737068876,0.010386429684267198,0.1826636794742018,0.15656886812074425,0.003914221703018601,0.7086262721276704
174.15,40.30293064491762,23.688226267072245,1.9122056566768064,0.2939151046419628,0.2519272325502539,0.006298180813756333,0.49298647842392745,0.42255983864908075,0.010563995966226999,0.14894216009884287,0.12766470865615093,0.003191617716403769,0.7086262721276705
174.20000000000002,40.31824556383107,23.701353340426625,1.9125338335106656,0.3187368345925498,0.27320300107932843,0.0068300750269831975,0.4996091459338295,0.4282364108004253,0.010705910270010612,0.11611332021198821,0.0995257030388469,0.0024881425759711692,0.7086262721276704
174.25,40.33480916829162,23.71555071567854,1.9128887678919635,0.3438490338185459,0.29472774327303936,0.00736819358182597,0.5046126884365995,0.4325251615170853,0.010813129037927109,0.08417715981365523,0.07215185126884723,0.0018037962817211814,0.7086262721276704
174.3,40.35263397645433,23.730829122675143,1.9132707280668786,0.36917186191899826,0.3164330245019985,0.007910825612549946,0.5080417399066683,0.43546434849143006,0.01088660871228573,0.05313367890379156,0.04554315334610692,0.001138578833652671,0.7086262721276703
174.35000000000002,40.371728570246574,23.747195917354205,1.9136798979338554,0.39462771019158915,0.3382523230213622,0.008456308075534038,0.5099409343184556,0.43709222941581916,0.010927305735395455,0.022982877482449475,0.019699609270670885,0.000492490231766774,0.7086262721276704
174.4,40.392097706953145,23.7646551773884,1.91411637943471,0.4201412016327795,0.36012102997095397,0.009003025749273832,0.5103549056463884,0.4374470619826186,0.010936176549565446,-0.006275244450387973,-0.005378780957475544,-0.0001344695239368886,0.7086262721276705
174.45000000000002,40.41374243080108,23.7832077978295,1.9145801949457375,0.44563919093773735,0.38197644937520364,0.009549411234380068,0.5093282878648918,0.4365671038841931,0.010914177597104807,-0.03464068689472112,-0.029692017338332627,-0.0007423004334583143,0.7086262721276705
174.5,40.43666018454469,23.80285158675259,1.915071289668815,0.4710507645003377,0.4037577981431467,0.010093944953578649,0.5069057149483933,0.4344906128129087,0.010862265320322693,-0.06211344985053525,-0.05324009987188757,-0.0013310024967971843,0.7086262721276704
174.55,40.46084492105045,23.823581360900388,1.91558953402251,0.4963072404132336,0.425406206068486,0.010635155151712131,0.503131820871312,0.4312558464611246,0.010781396161528092,-0.08869353331787524,-0.07602302855817893,-0.0019005757139544683,0.7086262721276704
174.60000000000002,40.48628721488189,23.84538904132733,1.9161347260331834,0.521342168467714,0.44686471582946935,0.011171617895736709,0.49805123960807884,0.4269010625212103,0.01067252656303024,-0.11438093729669571,-0.09804080339716806,-0.0024510200849291925,0.7086262721276705
174.65,40.51297437388459,23.868263749043933,1.9167065937260985,0.546091330153846,0.46807828298901094,0.011701957074725251,0.49170860513311737,0.42146451868552914,0.010536612967138207,-0.13917566178701204,-0.11929342438886774,-0.0029823356097216816,0.7086262721276703
174.70000000000002,40.54089055077112,23.892191900660954,1.917304797516524,0.570492738660404,0.48899377599463206,0.012224844399865776,0.4841485514208529,0.4149844726464452,0.010374611816161106,-0.16307770678882383,-0.13978089153327797,-0.0034945222883319346,0.7086262721276704
174.75,40.570016854705905,23.917157304033637,1.9179289326008409,0.5944866388748699,0.50955997617846,0.012738999404461477,0.47541571244571557,0.40749918209632763,0.010187479552408169,-0.18608707230211907,-0.15950320483038793,-0.003987580120759689,0.7086262721276704
174.8,40.600331462890345,23.943141253906003,1.9185785313476502,0.6180155073835008,0.5297275777572865,0.013243189443932135,0.4655547221821144,0.3990469047275269,0.009976172618188152,-0.20820375832693494,-0.17846036428023024,-0.004461509107005748,0.7086262721276704
174.85000000000002,40.63180973214743,23.970122627554943,1.9192530656888733,0.6410240524711943,0.5494491878324524,0.013736229695811283,0.45461021460449164,0.3896658982324212,0.00974164745581051,-0.2294277648632343,-0.19665236988277246,-0.004916309247069296,0.7086262721276705
174.9,40.664424310507,23.998077980434573,1.9199519495108646,0.6634592141216232,0.5686793263899629,0.014216983159749041,0.44262682368726625,0.379394420303371,0.009484860507584255,-0.24975909191102902,-0.2140792216380253,-0.005351980540950616,0.7086262721276705
174.95000000000002,40.6981452487905,24.026981641820434,1.920674541045511,0.685270164017168,0.5873744263004298,0.014684360657510713,0.42964918340486374,0.3682707286327404,0.009206768215818492,-0.26919773947031966,-0.2307409195459886,-0.005768522988649698,0.7086262721276704
175.0,40.732940112195976,24.05680581045369,1.9214201452613424,0.7064083055389188,0.6054928333190732,0.015137320832976807,0.415721927731718,0.35633308091290083,0.008908327022822505,-0.28774370754109585,-0.24663746360665412,-0.006165936590166335,0.7086262721276703
175.05,40.768774091883,24.087520650185436,1.9221880162546359,0.7268272737667335,0.6229948060857715,0.015574870152144264,0.4008896906422284,0.3436197348361957,0.008590493370904877,-0.30539699612338816,-0.26176885382004716,-0.006544221345501167,0.7086262721276703
175.10000000000002,40.80561011655758,24.119094385620777,1.9229773596405193,0.7464829354791216,0.6398425161249615,0.015996062903123998,0.3851971061108457,0.3301689480950104,0.00825422370237525,-0.32215760521716585,-0.2761350901861425,-0.006903377254653544,0.7086262721276703
175.15,40.84340896405712,24.151493397763243,1.9237873349440808,0.7653333891533601,0.6560000478457373,0.016400001196143404,0.36868880811198684,0.3160189783817027,0.00790047445954256,-0.3380255348224395,-0.2897361727049484,-0.007243404317623692,0.7086262721276704
175.20000000000002,40.88212937293537,24.184682319658894,1.9246170579914723,0.783338964965436,0.6714333985418023,0.016785834963545024,0.3514094306200769,0.3012080833886371,0.007530202084715915,-0.3530007849392086,-0.30257210137646484,-0.007564302534411603,0.7086262721276703
175.25,40.92172815404735,24.21862413204058,1.9254656033010147,0.8004622247900485,0.6861104783914701,0.017152761959786718,0.33340360760955123,0.28577452080818666,0.0071443630202046495,-0.36708335556746596,-0.31464287620068565,-0.007866071905017117,0.7086262721276703
175.3,40.962160302134315,24.253280258972268,1.9263320064743066,0.8166679622006535,0.700001110457703,0.01750002776144254,0.3147159730548049,0.2697565483326895,0.0067439137083172215,-0.3802732467072345,-0.32594849717762986,-0.008148712429440723,0.7086262721276703
175.35000000000002,41.00337910740857,24.288610663493056,1.9272152665873268,0.8319232024693746,0.7130770306880355,0.017826925767200855,0.29539116093029244,0.2531924236545361,0.006329810591363394,-0.3925704583584908,-0.3364889643072782,-0.008412224107681929,0.7086262721276704
175.4,41.04533626713857,24.324573943261633,1.9281143485815408,0.8461972025670935,0.7253118879146516,0.01813279719786625,0.2754738052104304,0.23612040446608307,0.005903010111652067,-0.40397499052124286,-0.34626427758963707,-0.008656606939740909,0.7086262721276703
175.45000000000002,41.087981997233754,24.361127426200362,1.929028185655009,0.8594614511634023,0.7366812438543452,0.018417031096358585,0.2550085398696438,0.21857874845969422,0.005464468711492344,-0.4144868431954905,-0.3552744370247067,-0.008881860925617647,0.7086262721276705
175.5,41.1312651438295,24.39822726613957,1.9299556816534895,0.8716896686266101,0.7471625731085227,0.018679064327713036,0.23403999888236846,0.20060571332774418,0.005015142833193597,-0.42410601638122963,-0.36351944261248276,-0.009087986065312047,0.70862627212767
175.55,41.17513329487216,24.435828538461845,1.930895713461546,0.8828578070237703,0.756735263163232,0.018918381579080757,0.2126128162229948,0.18223955676256676,0.004555988919064157,-0.4328325100784737,-0.37099929435297757,-0.009274982358824421,0.7086262721276705
175.60000000000002,41.219532891703736,24.473885335746058,1.9318471333936513,0.8929440501206212,0.7653806143891039,0.01913451535972756,0.19077162586598437,0.1635185364565574,0.004087963411413933,-0.4406663242872087,-0.3777139922461792,-0.009442849806154466,0.7086262721276703
175.65,41.26440934064711,24.512350863411815,1.9328087715852955,0.9019288133816487,0.7730818400414129,0.019327046001035283,0.16856106178574914,0.14448091010207026,0.003612022752551747,-0.44760745900743937,-0.3836635362920912,-0.009591588407302268,0.7086262721276702
175.70000000000002,41.30970712459086,24.55117753536359,1.9337794383840898,0.9097947439700497,0.779824066260043,0.01949560165650102,0.14602575795671524,0.1251649353914701,0.003129123384786755,-0.4536559142391658,-0.388847926490714,-0.009721198162267835,0.7086262721276705
175.75,41.35536991457409,24.590317069634928,1.9347579267408732,0.9165267207477438,0.7855943320694944,0.01963985830173733,0.12321034835332076,0.10560887001713137,0.002640221750428287,-0.458811689982386,-0.3932671628420454,-0.009831679071051107,0.70862627212767
175.8,41.401340681371636,24.629720584032828,1.9357430146008205,0.9221118542753818,0.7903815893788987,0.019759539734472434,0.10015946694995151,0.08585097167138668,0.002146274291784653,-0.46307478623710613,-0.39692124534609136,-0.009923031133652258,0.7086262721276703
175.85000000000002,41.447561807078635,24.66933869178169,1.9367334672945422,0.9265394868123166,0.7941767029819856,0.019854417574549598,0.0769177477210722,0.06592949804663267,0.0016482374511658257,-0.4664452030033198,-0.399810174002846,-0.00999525435007113,0.7086262721276703
175.9,41.493975196695814,24.709121597167844,1.937728039929196,0.9298011923166373,0.7969724505571173,0.019924311263927907,0.053529824641094764,0.045882706835223705,0.0011470676708805858,-0.4689229402810295,-0.4019339488123112,-0.010048348720307758,0.70862627212767
175.95000000000002,41.540522389714205,24.7490191911836,1.9387254797795903,0.9318907764451481,0.7987635226672699,0.019969088066681708,0.030040331684444213,0.02574885572952342,0.0006437213932380806,-0.47050799807023447,-0.40329256977448713,-0.010082314244362154,0.7086262721276703
176.0,41.58714467170014,24.788981147171548,1.9397245286792886,0.9328042765533776,0.7995465227600379,0.019988663069000902,0.0064939028255597015,0.005566202421907397,0.0001391550605476967,-0.4712003763709353,-0.4038860368893737,-0.01009715092223432,0.7086262721276703
176.05,41.63378318588028,24.82895701646881,1.9407239254117201,0.9325399616955723,0.7993199671676331,0.0199829991791908,-0.017064827961174138,-0.014626995395292596,-0.0003656748848823079,-0.47100007518313175,-0.40371435015697077,-0.010092858753924246,0.7086262721276702
176.10000000000002,41.68037904472633,24.868896324051146,1.9417224081012785,0.9310983326247031,0.798084285106888,0.019952107127672165,-0.04059122670129153,-0.0347924800296795,-0.0008698120007419807,-0.46990709450682444,-0.4027775095772785,-0.010069437739431931,0.70862627212767
176.15,41.72687344154023,24.908748664177335,1.9427187166044335,0.9284821217924597,0.7958418186792512,0.019896045466981243,-0.06404065942038104,-0.05489199378889835,-0.001372299844722471,-0.46792143434201244,-0.40107551515029694,-0.010026887878757388,0.7086262721276704
176.20000000000002,41.77320776203889,24.948463796033344,1.9437115949008335,0.9246962933492558,0.7925968228707908,0.01981492057176973,-0.08736849214401743,-0.07488727898058735,-0.0018721819745146796,-0.465043094688696,-0.3986083668760259,-0.009965209171900611,0.7086262721276703
176.25,41.81932369593927,24.987991739376515,1.9446997934844128,0.9197480431442271,0.7883554655521946,0.019708886638804823,-0.11053009089776346,-0.09474007791236946,-0.002368501947809224,-0.46127207554687794,-0.39537606475446724,-0.009884401618861659,0.7086262721276703
176.3,41.865163348543255,25.02728287017993,1.9456820717544987,0.913646798725216,0.7831258274787569,0.019578145686968886,-0.13348082170723077,-0.11441213289191271,-0.0028603033222978106,-0.45660837691655076,-0.3913786087856152,-0.009784465219640354,0.7086262721276705
176.35000000000002,41.91066935232252,25.066288016276445,1.9466572004069114,0.9064042193388127,0.7769179022904104,0.019422947557260234,-0.15617605059795622,-0.1338651862268209,-0.0033466296556704947,-0.45105199879772157,-0.38661599896947596,-0.009665399974236882,0.7086262721276699
176.4,41.9557849785036,25.104958553003087,1.9476239638250774,0.8980341959303071,0.769743596511691,0.019243589912792243,-0.178571143595528,-0.15306098022473832,-0.0038265245056184494,-0.4446029411903881,-0.38108823530604746,-0.009527205882651168,0.7086262721276697
176.45000000000002,42.00045424865275,25.14324649884522,1.9485811624711304,0.8885528511437198,0.761616729551759,0.019040418238793932,-0.20062146672551975,-0.1719612571933034,-0.004299031429832562,-0.43726120409455066,-0.3747953177953297,-0.009369882944883225,0.7086262721276696
176.5,42.04462204626086,25.181104611080737,1.9495276152770187,0.877978539321795,0.7525530337043955,0.018813825842609856,-0.22228238601349545,-0.19052775944013997,-0.004763193986003491,-0.42902678751021417,-0.3677372464373267,-0.009193431160933137,0.7086262721276702
176.55,42.088234228328524,25.218486481424453,1.9504621620356113,0.8663318465059756,0.7425701541479787,0.018564253853699437,-0.24350926748506563,-0.20872222927291353,-0.005218055731822839,-0.41989969143736283,-0.35991402123202576,-0.008997850530800613,0.7086262721276699
176.60000000000002,42.13123773695075,25.255346631672076,1.951383665791802,0.853635590436463,0.7316876489455393,0.018292191223638444,-0.26425747716576886,-0.22650640899923147,-0.005662660224980773,-0.40987991587601214,-0.35132564217943973,-0.008783141054485964,0.7086262721276699
176.65,42.17358071090211,25.291640609344658,1.9522910152336168,0.8399148205521532,0.7199269890447022,0.01799817472611751,-0.28448238108119134,-0.24384204092673661,-0.006096051023168389,-0.3989674608261575,-0.3419721092795641,-0.008549302731989079,0.7086262721276699
176.70000000000002,42.21521259722152,25.32732508333273,1.9531831270833182,0.8251968179906725,0.7073115582777182,0.017682788956942926,-0.30413934525690955,-0.2606908673630656,-0.006517271684076623,-0.38716232628779884,-0.33185342253239936,-0.008296335563309958,0.7086262721276696
176.75,42.2560842627973,25.36235793954054,1.9540589484885136,0.809511095588375,0.6938666533614639,0.017346666334036562,-0.3231837357184864,-0.2770146306158466,-0.006925365765396141,-0.37446451226094296,-0.3209695819379518,-0.008024239548448773,0.70862627212767
176.8,42.2961481059521,25.396698376530367,1.9549174594132592,0.7928893978802982,0.6796194838973973,0.016990487097434927,-0.341570918491527,-0.29277507299273925,-0.007319376824818462,-0.3608740187455676,-0.3093205874962017,-0.007733014687405017,0.7086262721276695
176.85000000000002,42.335358168027646,25.43030700116656,1.955757675029164,0.7753657011002616,0.6645991723716517,0.016614979309291275,-0.3592562596015782,-0.3079339368013539,-0.00769834842003382,-0.34639084574169554,-0.29690643920716836,-0.007422660980179197,0.7086262721276694
176.9,42.373670244969965,25.463145924259962,1.956578648106499,0.7569762131807647,0.6488367541549399,0.01622091885387348,-0.376195125074222,-0.3224529643493341,-0.008061324108733336,-0.3310149932493203,-0.2837271370708462,-0.007093178426771141,0.7086262721276693
176.95000000000002,42.411041998914094,25.49517885621208,1.9573794714053019,0.737759373753037,0.6323651775026019,0.015809129437565007,-0.39234288093503483,-0.3362938979443171,-0.008407347448607902,-0.31474646126843975,-0.2697826810872345,-0.0067445670271808564,0.7086262721276693
177.0,42.44743306976911,25.526371202659234,1.958159280066481,0.7177558541470431,0.6152193035546073,0.01538048258886512,-0.40765489320958237,-0.3494184798939292,-0.008735461997348192,-0.2975852497990654,-0.25507307125634215,-0.006376826781408535,0.7086262721276694
177.05,42.482805186803134,25.556690160116972,1.9589172540029245,0.6970085573914234,0.5974359063355041,0.014935897658387572,-0.4220865279234655,-0.3617884525058289,-0.00904471131264571,-0.27953135884116614,-0.23959830757814277,-0.005989957689453553,0.7086262721276689
177.10000000000002,42.51712228022807,25.586104811624057,1.9596526202906015,0.6755626182136034,0.5790536727545161,0.014476341818862887,-0.4355931511022323,-0.3733655580876296,-0.009334138952190691,-0.260584788394773,-0.22335839005266309,-0.0055839597513165605,0.7086262721276694
177.15,42.55035059278473,25.61458622238691,1.9603646555596725,0.6534654030396909,0.5601132026054498,0.014002830065136198,-0.4481301287714676,-0.38411153894697303,-0.009602788473674318,-0.24074553845987595,-0.20635331867989398,-0.005158832966997334,0.7086262721276707
177.20000000000002,42.58245879132769,25.64210753542373,1.9610526883855937,0.6307665099945226,0.5406570085667325,0.013516425214168293,-0.4596528269567453,-0.39398813739149713,-0.009849703434787405,-0.22001360903647393,-0.18858309345983537,-0.004714577336495871,0.7086262721276693
177.25,42.6134180784102,25.668644067208746,1.9617161016802187,0.6075177689016701,0.5207295162014299,0.013018237905035762,-0.4701166116836352,-0.40295709572883165,-0.01007392739322078,-0.19838900012458063,-0.17004771439249822,-0.004251192859812447,0.7086262721276687
177.3,42.64320230386926,25.694173403316505,1.9623543350829125,0.583773241283373,0.5003770639571755,0.012509426598929379,-0.4794768489777279,-0.4109801562666255,-0.010274503906665624,-0.17587171172415694,-0.1507471814778497,-0.003768679536946226,0.7086262721276689
177.35000000000002,42.671788076410316,25.718675494065984,1.9629668873516495,0.5595892203606702,0.47964790316628886,0.011991197579157202,-0.4876889048645808,-0.4180190613124994,-0.010450476532812452,-0.15246174383524239,-0.13068149471592305,-0.0032670373678980623,0.7086262721276705
177.4,42.69915487519242,25.742132750164927,1.9635533187541232,0.5350242310532759,0.45859219804566254,0.011464804951141536,-0.4947081453697747,-0.42403555317409486,-0.010600888829352359,-0.12815909645782478,-0.10985065410670745,-0.0027462663526676722,0.7086262721276675
177.45000000000002,42.72528516141304,25.764530138354036,1.964113253458851,0.5101390299796285,0.437262025696823,0.010931550642420539,-0.5004899365188875,-0.42899137415904764,-0.010724784353976186,-0.10296376959190176,-0.08825465965020189,-0.002206366491255025,0.7086262721276687
177.5,42.750164489893045,25.78585527705118,1.9646463819262796,0.48499660545690815,0.4157113761059206,0.010392784402648002,-0.5049896443374897,-0.4328482665749932,-0.010821206664374793,-0.07687576323748956,-0.06589351134642038,-0.00164733778366049,0.7086262721276695
177.55,42.77378162066168,25.80609853199572,1.965152463299893,0.4596621775009601,0.3939961521436787,0.009849903803591926,-0.5081626348511592,-0.4355679727295673,-0.010889199318239139,-0.04989507739454233,-0.042767209195322314,-0.001069180229883058,0.7086262721276685
177.60000000000002,42.796128630541354,25.82525311189259,1.965631327797315,0.4342031978264344,0.3721741695655127,0.009304354239137778,-0.5099642740854703,-0.4371122349304038,-0.010927805873260088,-0.022021712063106307,-0.018875753196948706,-0.0004718938299237232,0.7086262721276669
177.65,42.81720102473273,25.843315164056627,1.9660828791014155,0.4086893498466449,0.35030515701140774,0.008757628925285222,-0.5103499280659961,-0.43744279548514076,-0.010936069887128492,0.006744332756834071,0.005780856648714282,0.00014452141621785152,0.7086262721276673
177.70000000000002,42.83699784839962,25.86028387005682,1.9665070967514209,0.38319254867363783,0.3284507560059747,0.00821126890014934,-0.509274962818311,-0.43652139670141116,-0.010913034917535275,0.03640305706527852,0.031202620341666355,0.0007800655085416561,0.7086262721276693
177.75,42.855521798253875,25.87616154136047,1.9669040385340115,0.357786941118202,0.30667452095845693,0.007666863023961468,-0.5066947443679941,-0.4343097808868554,-0.010857744522171307,0.06695446086220876,0.05738953788189265,0.0014347384470473079,0.7086262721276672
177.8,42.8727793341404,25.890953714977485,1.9672738428744372,0.33254890568979145,0.2850419191626757,0.007126047979066876,-0.5025646387406145,-0.4307696903490995,-0.010769242258727454,0.09839854414767951,0.08434160926943939,0.0021085402317359793,0.7086262721276656
177.85000000000002,42.88878079062196,25.904669249104533,1.967616731227613,0.30755705259665383,0.26362033079712843,0.006590508269928216,-0.49684001196174893,-0.4258628673957862,-0.010646571684894643,0.13073530692163698,0.1120588345042604,0.0028014708626064987,0.7086262721276638
177.9,42.90354048856427,25.917320418769368,1.9679330104692343,0.2828922237457131,0.24247904892489744,0.006061976223122409,-0.48947623005697644,-0.41955105433455264,-0.010488776358363832,0.16396474918409878,0.14054121358637034,0.0035135303396592443,0.7086262721276713
177.95000000000002,42.91707684672083,25.928923011474996,1.968223075286875,0.25863749274262804,0.22168927949367803,0.005542231987341995,-0.48042865905186405,-0.41179599347302914,-0.010294899836825695,0.19808687093506425,0.16978874651576936,0.00424471866289422,0.7086262721276632
178.0,42.92941249331789,25.93949642284391,1.9684874105710977,0.2348781648917839,0.20132414133581247,0.005033103533395323,-0.4696526649719994,-0.4025594271188593,-0.010063985677971449,0.23310167217451472,0.19980143329244088,0.004995035832311002,0.7086262721276647
178.05,42.940574377639436,25.94906375226236,1.9687265938065592,0.2117017771962483,0.18145866616820788,0.0045364666542052415,-0.45710361384293446,-0.3918030975796614,-0.009795077439491536,0.269009152902509,0.23057927391643585,0.005764481847910871,0.7086262721276568
178.10000000000002,42.95059388161197,25.957651898524546,1.968941297463114,0.18919809835787527,0.16216979859246097,0.004054244964811524,-0.4427368716902674,-0.3794887471630894,-0.009487218679077224,0.30580931311898796,0.2621222683877038,0.006553056709692562,0.7086262721276595
178.15,42.959506931389676,25.96529165547686,1.9691322913869218,0.1674591287771884,0.1435363960947309,0.003588409902368289,-0.426507804539561,-0.3655781181767703,-0.009139452954419234,0.3435021528239712,0.2944304167062598,0.007360760417656479,0.7086262721276633
178.20000000000002,42.967354108939155,25.972017807662123,1.9693004451915532,0.14657910055345746,0.12563922904581978,0.0031409807261454175,-0.4083717784163965,-0.35003295292834047,-0.00875082382320849,0.3820876720174581,0.3275037188721062,0.008187592971802625,0.7086262721276668
178.25,42.97418076362444,25.977869225963797,1.969446730649095,0.12665447748467687,0.10856098070114806,0.0027140245175286794,-0.3882841593463553,-0.33281499372544915,-0.008320374843136184,0.421565870699427,0.3613421748852225,0.009033554372130539,0.708626272127654
178.3,42.980037123791966,25.982888963250264,1.9695722240812563,0.10778395506751215,0.09238624720071989,0.002309656180018058,-0.36620031335497677,-0.31388598287569625,-0.007847149571892385,0.46193674886994485,0.3959457847456666,0.009898644618641646,0.7086262721276446
178.35000000000002,42.984978408355474,25.987124350018984,1.9696781087504747,0.09006846049742627,0.077201537569222,0.0019300384392305111,-0.3420756064678717,-0.29320766268674875,-0.0073301915671687345,0.5032003065289457,0.43131454845338113,0.010782863711334509,0.708626272127667
178.4,42.989064938380906,25.99062709004077,1.9697656772510193,0.07361115266856394,0.06309527371590992,0.0015773818428977372,-0.3158654047106056,-0.27074177546623607,-0.006768544386655951,0.5453565436764495,0.46744846600838447,0.011686211650209583,0.7086262721276543
178.45000000000002,42.992362248671405,25.993453356004053,1.9698363339001013,0.05851742217377669,0.050157790434661675,0.0012539447608666246,-0.2875250741087507,-0.24645006352178847,-0.006161251588044734,0.5884054603124582,0.504347537410677,0.012608688435266899,0.7086262721276303
178.5,42.994941199352205,25.995663885159036,1.9698915971289759,0.04489489130467566,0.038481335404004655,0.0009620333851000613,-0.2570099806879033,-0.22029426916106204,-0.005507356729026518,0.6323470564369457,0.5420117626602385,0.013550294066505916,0.7086262721276311
178.55,42.99687808745563,25.997324074961966,1.969933101874049,0.032853414051547944,0.028160069187036778,0.000704001729675975,-0.22427549047358036,-0.19223613469164208,-0.0048059033672910355,0.6771813320499888,0.5804411417571317,0.014511028543928262,0.7086262721275944
178.60000000000002,42.99825475850595,25.99850407871939,1.9699626019679846,0.022505076103444252,0.01929006523151858,0.000482251630788053,-0.18927696949141157,-0.16223740242121193,-0.0040559350605303204,0.7229082871515088,0.6196356747012932,0.015490891867532282,0.7086262721275406
178.65,42.99915871810436,25.999278901232312,1.9699819725308079,0.013964194848107297,0.011969309869804223,0.00029923274674508354,-0.15196978376695283,-0.1302598146573889,-0.003256495366434739,0.7695279217415345,0.6595953614927426,0.01648988403731854,0.7086262721275861
178.70000000000002,42.999683243513914,25.999728494440493,1.9699932123610127,0.007347319372025057,0.006297702318875827,0.00015744255797192898,-0.11230929932578346,-0.09626511370781643,-0.0024066278426954327,0.8170402358200644,0.7003202021314829,0.017508005053287028,0.7086262721274501
178.75,42.99992749524447,25.99993785306669,1.969998446326667,0.0027732304603849305,0.0023770546803266405,5.9426367008199015e-05,-0.07025088219349766,-0.06021504188014389,-0.0015053760470035919,0.8654452293870719,0.7418101966174893,0.01854525491543719,0.7086262721269695
178.8,42.99999663202807,25.99999711316693,1.9699999278291727,0.00036114178550484806,0.0003095501018577676,7.738752546389024e-06,-0.025751818744997254,-0.0220729874957142,-0.0005518246873928827,0.9088951006672437,0.7790529434290652,0.01947632358572659,0.7086262721220344
178.85000000000002,43.0,26.0,1.97,0.0,0.0,0.0,0.0,0.0,0.0,0.0,0.0,0.0,0.7086262721220344
178.9,43.0,26.0,1.97,0.0,0.0,0.0,0.0,0.0,0.0,0.0,0.0,0.0,0.7086262721220344
178.95000000000002,43.0,26.0,1.97,0.0,0.0,0.0,0.0,0.0,0.0,0.0,0.0,0.0,0.7086262721220344
179.0,43.0,26.0,1.97,0.0,0.0,0.0,0.0,0.0,0.0,0.0,0.0,0.0,0.7086262721220344
179.05,43.0,26.0,1.97,0.0,0.0,0.0,0.0,0.0,0.0,0.0,0.0,0.0,0.7086262721220344
179.10000000000002,43.0,26.0,1.97,0.0,0.0,0.0,0.0,0.0,0.0,0.0,0.0,0.0,0.7086262721220344
179.15,43.0,26.0,1.97,0.0,0.0,0.0,0.0,0.0,0.0,0.0,0.0,0.0,0.7086262721220344
179.20000000000002,43.0,26.0,1.97,0.0,0.0,0.0,0.0,0.0,0.0,0.0,0.0,0.0,0.7086262721220344
179.25,43.0,26.0,1.97,0.0,0.0,0.0,0.0,0.0,0.0,0.0,0.0,0.0,0.7086262721220344
179.3,43.0,26.0,1.97,0.0,0.0,0.0,0.0,0.0,0.0,0.0,0.0,0.0,0.7086262721220344
179.35000000000002,43.0,26.0,1.97,0.0,0.0,0.0,0.0,0.0,0.0,0.0,0.0,0.0,0.7086262721220344
179.4,43.0,26.0,1.97,0.0,0.0,0.0,0.0,0.0,0.0,0.0,0.0,0.0,0.7086262721220344
179.45000000000002,43.0,26.0,1.97,0.0,0.0,0.0,0.0,0.0,0.0,0.0,0.0,0.0,0.7086262721220344
179.5,43.0,26.0,1.97,0.0,0.0,0.0,0.0,0.0,0.0,0.0,0.0,0.0,0.7086262721220344
179.55,43.0,26.0,1.97,0.0,0.0,0.0,0.0,0.0,0.0,0.0,0.0,0.0,0.7086262721220344
179.60000000000002,43.0,26.0,1.97,0.0,0.0,0.0,0.0,0.0,0.0,0.0,0.0,0.0,0.7086262721220344
179.65,43.0,26.0,1.97,0.0,0.0,0.0,0.0,0.0,0.0,0.0,0.0,0.0,0.7086262721220344
179.70000000000002,43.0,26.0,1.97,0.0,0.0,0.0,0.0,0.0,0.0,0.0,0.0,0.0,0.7086262721220344
179.75,43.0,26.0,1.97,0.0,0.0,0.0,0.0,0.0,0.0,0.0,0.0,0.0,0.7086262721220344
179.8,43.0,26.0,1.97,0.0,0.0,0.0,0.0,0.0,0.0,0.0,0.0,0.0,0.7086262721220344
179.85000000000002,43.0,26.0,1.97,0.0,0.0,0.0,0.0,0.0,0.0,0.0,0.0,0.0,0.7086262721220344
179.9,43.0,26.0,1.97,0.0,0.0,0.0,0.0,0.0,0.0,0.0,0.0,0.0,0.7086262721220344
179.95000000000002,43.0,26.0,1.97,0.0,0.0,0.0,0.0,0.0,0.0,0.0,0.0,0.0,0.7086262721220344
180.0,43.0,26.0,1.97,0.0,0.0,0.0,0.0,0.0,0.0,0.0,0.0,0.0,0.7086262721220344
180.05,43.0,26.0,1.97,0.0,0.0,0.0,0.0,0.0,0.0,0.0,0.0,0.0,0.7086262721220344
180.10000000000002,43.0,26.0,1.97,0.0,0.0,0.0,0.0,0.0,0.0,0.0,0.0,0.0,0.7086262721220344
180.15,43.0,26.0,1.97,0.0,0.0,0.0,0.0,0.0,0.0,0.0,0.0,0.0,0.7086262721220344
180.20000000000002,43.0,26.0,1.97,0.0,0.0,0.0,0.0,0.0,0.0,0.0,0.0,0.0,0.7086262721220344
180.25,43.0,26.0,1.97,0.0,0.0,0.0,0.0,0.0,0.0,0.0,0.0,0.0,0.7086262721220344
180.29736849910367,43.0,26.0,1.97,0.0,0.0,0.0,0.0,0.0,0.0,0.0,0.0,0.0,0.7086262721220344
