0
SECTION
2
ENTITIES
0
3DFACE
62
163
10
0.101724
20
0.034378
30
-0.033516
11
0.113748
21
0.019440
31
-0.033666
12
0.114771
22
0.020395
32
-0.033516
0
3DFACE
62
163
10
0.101724
20
0.034378
30
-0.033516
11
0.100700
21
0.033423
31
-0.033666
12
0.113748
22
0.019440
32
-0.033666
0
3DFACE
62
163
10
0.102750
20
0.035336
30
-0.033613
11
0.115798
21
0.021353
31
-0.033613
12
0.116797
22
0.022285
32
-0.033951
0
3DFACE
62
163
10
0.102750
20
0.035336
30
-0.033613
11
0.114771
21
0.020395
31
-0.033516
12
0.115798
22
0.021353
32
-0.033613
0
3DFACE
62
163
10
0.102750
20
0.035336
30
-0.033613
11
0.101724
21
0.034378
31
-0.033516
12
0.114771
22
0.020395
32
-0.033516
0
3DFACE
62
163
10
0.103749
20
0.036268
30
-0.033951
11
0.102750
21
0.035336
31
-0.033613
12
0.116797
22
0.022285
32
-0.033951
0
3DFACE
62
163
10
0.104690
20
0.037146
30
-0.034522
11
0.116797
21
0.022285
31
-0.033951
12
0.117738
22
0.023163
32
-0.034522
0
3DFACE
62
163
10
0.104690
20
0.037146
30
-0.034522
11
0.103749
21
0.036268
31
-0.033951
12
0.116797
22
0.022285
32
-0.033951
0
3DFACE
62
163
10
0.105544
20
0.037943
30
-0.035307
11
0.117738
21
0.023163
31
-0.034522
12
0.118592
22
0.023960
32
-0.035307
0
3DFACE
62
163
10
0.105544
20
0.037943
30
-0.035307
11
0.104690
21
0.037146
31
-0.034522
12
0.117738
22
0.023163
32
-0.034522
0
3DFACE
62
163
10
0.106285
20
0.038635
30
-0.036284
11
0.118592
21
0.023960
31
-0.035307
12
0.119333
22
0.024651
32
-0.036284
0
3DFACE
62
163
10
0.106285
20
0.038635
30
-0.036284
11
0.105544
21
0.037943
31
-0.035307
12
0.118592
22
0.023960
32
-0.035307
0
3DFACE
62
163
10
0.106891
20
0.039200
30
-0.037421
11
0.119333
21
0.024651
31
-0.036284
12
0.119939
22
0.025217
32
-0.037421
0
3DFACE
62
163
10
0.106891
20
0.039200
30
-0.037421
11
0.106285
21
0.038635
31
-0.036284
12
0.119333
22
0.024651
32
-0.036284
0
3DFACE
62
163
10
0.107344
20
0.039622
30
-0.038685
11
0.119939
21
0.025217
31
-0.037421
12
0.120391
22
0.025639
32
-0.038685
0
3DFACE
62
163
10
0.107344
20
0.039622
30
-0.038685
11
0.106891
21
0.039200
31
-0.037421
12
0.119939
22
0.025217
32
-0.037421
0
3DFACE
62
163
10
0.107629
20
0.039888
30
-0.040038
11
0.120391
21
0.025639
31
-0.038685
12
0.120677
22
0.025905
32
-0.040038
0
3DFACE
62
163
10
0.107629
20
0.039888
30
-0.040038
11
0.107344
21
0.039622
31
-0.038685
12
0.120391
22
0.025639
32
-0.038685
0
3DFACE
62
163
10
0.107738
20
0.039990
30
-0.041437
11
0.120677
21
0.025905
31
-0.040038
12
0.120786
22
0.026007
32
-0.041437
0
3DFACE
62
163
10
0.107738
20
0.039990
30
-0.041437
11
0.107629
21
0.039888
31
-0.040038
12
0.120677
22
0.025905
32
-0.040038
0
3DFACE
62
163
10
0.107668
20
0.039924
30
-0.042842
11
0.120786
21
0.026007
31
-0.041437
12
0.120715
22
0.025941
32
-0.042842
0
3DFACE
62
163
10
0.107668
20
0.039924
30
-0.042842
11
0.107738
21
0.039990
31
-0.041437
12
0.120786
22
0.026007
32
-0.041437
0
3DFACE
62
163
10
0.107420
20
0.039693
30
-0.044208
11
0.120715
21
0.025941
31
-0.042842
12
0.120468
22
0.025710
32
-0.044208
0
3DFACE
62
163
10
0.107420
20
0.039693
30
-0.044208
11
0.107668
21
0.039924
31
-0.042842
12
0.120715
22
0.025941
32
-0.042842
0
3DFACE
62
163
10
0.107003
20
0.039304
30
-0.045495
11
0.120468
21
0.025710
31
-0.044208
12
0.120050
22
0.025321
32
-0.045495
0
3DFACE
62
163
10
0.107003
20
0.039304
30
-0.045495
11
0.107420
21
0.039693
31
-0.044208
12
0.120468
22
0.025710
32
-0.044208
0
3DFACE
62
163
10
0.106429
20
0.038768
30
-0.046663
11
0.120050
21
0.025321
31
-0.045495
12
0.119476
22
0.024785
32
-0.046663
0
3DFACE
62
163
10
0.106429
20
0.038768
30
-0.046663
11
0.107003
21
0.039304
31
-0.045495
12
0.120050
22
0.025321
32
-0.045495
0
3DFACE
62
163
10
0.105715
20
0.038102
30
-0.047677
11
0.119476
21
0.024785
31
-0.046663
12
0.118762
22
0.024119
32
-0.047677
0
3DFACE
62
163
10
0.105715
20
0.038102
30
-0.047677
11
0.106429
21
0.038768
31
-0.046663
12
0.119476
22
0.024785
32
-0.046663
0
3DFACE
62
163
10
0.104883
20
0.037326
30
-0.048506
11
0.117931
21
0.023343
31
-0.048506
12
0.117006
22
0.022481
32
-0.049125
0
3DFACE
62
163
10
0.104883
20
0.037326
30
-0.048506
11
0.118762
21
0.024119
31
-0.047677
12
0.117931
22
0.023343
32
-0.048506
0
3DFACE
62
163
10
0.104883
20
0.037326
30
-0.048506
11
0.105715
21
0.038102
31
-0.047677
12
0.118762
22
0.024119
32
-0.047677
0
3DFACE
62
163
10
0.103959
20
0.036464
30
-0.049125
11
0.104883
21
0.037326
31
-0.048506
12
0.117006
22
0.022481
32
-0.049125
0
3DFACE
62
163
10
0.102970
20
0.035541
30
-0.049514
11
0.117006
21
0.022481
31
-0.049125
12
0.116017
22
0.021558
32
-0.049514
0
3DFACE
62
163
10
0.102970
20
0.035541
30
-0.049514
11
0.103959
21
0.036464
31
-0.049125
12
0.117006
22
0.022481
32
-0.049125
0
3DFACE
62
163
10
0.076954
20
0.063581
30
-0.049492
11
0.063827
21
0.077490
31
-0.049514
12
0.064816
22
0.078413
32
-0.049125
0
3DFACE
62
163
10
0.076954
20
0.063581
30
-0.049492
11
0.076875
21
0.063507
31
-0.049514
12
0.063827
22
0.077490
32
-0.049514
0
3DFACE
62
163
10
0.077935
20
0.064496
30
-0.049086
11
0.064816
21
0.078413
31
-0.049125
12
0.065740
22
0.079275
32
-0.048506
0
3DFACE
62
163
10
0.077935
20
0.064496
30
-0.049086
11
0.076954
21
0.063581
31
-0.049492
12
0.064816
22
0.078413
32
-0.049125
0
3DFACE
62
163
10
0.078849
20
0.065350
30
-0.048454
11
0.065740
21
0.079275
31
-0.048506
12
0.066572
22
0.080052
32
-0.047677
0
3DFACE
62
163
10
0.078849
20
0.065350
30
-0.048454
11
0.077935
21
0.064496
31
-0.049086
12
0.065740
22
0.079275
32
-0.048506
0
3DFACE
62
163
10
0.079670
20
0.066116
30
-0.047616
11
0.066572
21
0.080052
31
-0.047677
12
0.067286
22
0.080718
32
-0.046663
0
3DFACE
62
163
10
0.079670
20
0.066116
30
-0.047616
11
0.078849
21
0.065350
31
-0.048454
12
0.066572
22
0.080052
32
-0.047677
0
3DFACE
62
163
10
0.080373
20
0.066771
30
-0.046596
11
0.067286
21
0.080718
31
-0.046663
12
0.067860
22
0.081253
32
-0.045495
0
3DFACE
62
163
10
0.080373
20
0.066771
30
-0.046596
11
0.079670
21
0.066116
31
-0.047616
12
0.067286
22
0.080718
32
-0.046663
0
3DFACE
62
163
10
0.080936
20
0.067296
30
-0.045425
11
0.067860
21
0.081253
31
-0.045495
12
0.068277
22
0.081643
32
-0.044208
0
3DFACE
62
163
10
0.080936
20
0.067296
30
-0.045425
11
0.080373
21
0.066771
31
-0.046596
12
0.067860
22
0.081253
32
-0.045495
0
3DFACE
62
163
10
0.081342
20
0.067676
30
-0.044138
11
0.068277
21
0.081643
31
-0.044208
12
0.068525
22
0.081874
32
-0.042842
0
3DFACE
62
163
10
0.081342
20
0.067676
30
-0.044138
11
0.080936
21
0.067296
31
-0.045425
12
0.068277
22
0.081643
32
-0.044208
0
3DFACE
62
163
10
0.081580
20
0.067898
30
-0.042775
11
0.068525
21
0.081874
31
-0.042842
12
0.068595
22
0.081939
32
-0.041437
0
3DFACE
62
163
10
0.081580
20
0.067898
30
-0.042775
11
0.081342
21
0.067676
31
-0.044138
12
0.068525
22
0.081874
32
-0.042842
0
3DFACE
62
163
10
0.081642
20
0.067955
30
-0.041376
11
0.068595
21
0.081939
31
-0.041437
12
0.068486
22
0.081838
32
-0.040038
0
3DFACE
62
163
10
0.081642
20
0.067955
30
-0.041376
11
0.081580
21
0.067898
31
-0.042775
12
0.068595
22
0.081939
32
-0.041437
0
3DFACE
62
163
10
0.081526
20
0.067847
30
-0.039984
11
0.068486
21
0.081838
31
-0.040038
12
0.068201
22
0.081572
32
-0.038685
0
3DFACE
62
163
10
0.081526
20
0.067847
30
-0.039984
11
0.081642
21
0.067955
31
-0.041376
12
0.068486
22
0.081838
32
-0.040038
0
3DFACE
62
163
10
0.081236
20
0.067576
30
-0.038640
11
0.068201
21
0.081572
31
-0.038685
12
0.067749
22
0.081149
32
-0.037421
0
3DFACE
62
163
10
0.081236
20
0.067576
30
-0.038640
11
0.081526
21
0.067847
31
-0.039984
12
0.068201
22
0.081572
32
-0.038685
0
3DFACE
62
163
10
0.080780
20
0.067151
30
-0.037384
11
0.067749
21
0.081149
31
-0.037421
12
0.067143
22
0.080584
32
-0.036284
0
3DFACE
62
163
10
0.080780
20
0.067151
30
-0.037384
11
0.081236
21
0.067576
31
-0.038640
12
0.067749
22
0.081149
32
-0.037421
0
3DFACE
62
163
10
0.080172
20
0.066584
30
-0.036256
11
0.067143
21
0.080584
31
-0.036284
12
0.066401
22
0.079892
32
-0.035307
0
3DFACE
62
163
10
0.080172
20
0.066584
30
-0.036256
11
0.080780
21
0.067151
31
-0.037384
12
0.067143
22
0.080584
32
-0.036284
0
3DFACE
62
163
10
0.079431
20
0.065893
30
-0.035288
11
0.066401
21
0.079892
31
-0.035307
12
0.065547
22
0.079095
32
-0.034522
0
3DFACE
62
163
10
0.079431
20
0.065893
30
-0.035288
11
0.080172
21
0.066584
31
-0.036256
12
0.066401
22
0.079892
32
-0.035307
0
3DFACE
62
163
10
0.078579
20
0.065097
30
-0.034510
11
0.079431
21
0.065893
31
-0.035288
12
0.065547
22
0.079095
32
-0.034522
0
3DFACE
62
163
10
0.078579
20
0.065097
30
-0.034510
11
0.065547
21
0.079095
31
-0.034522
12
0.064607
22
0.078217
32
-0.033951
0
3DFACE
62
163
10
0.077641
20
0.064222
30
-0.033945
11
0.078579
21
0.065097
31
-0.034510
12
0.064607
22
0.078217
32
-0.033951
0
3DFACE
62
163
10
0.077641
20
0.064222
30
-0.033945
11
0.064607
21
0.078217
31
-0.033951
12
0.063608
22
0.077285
32
-0.033613
0
3DFACE
62
163
10
0.076646
20
0.063294
30
-0.033611
11
0.077641
21
0.064222
31
-0.033945
12
0.063608
22
0.077285
32
-0.033613
0
3DFACE
62
163
10
0.076646
20
0.063294
30
-0.033611
11
0.063608
21
0.077285
31
-0.033613
12
0.062581
22
0.076327
32
-0.033516
0
3DFACE
62
163
10
0.075624
20
0.062340
30
-0.033517
11
0.076646
21
0.063294
31
-0.033611
12
0.062581
22
0.076327
32
-0.033516
0
3DFACE
62
163
10
0.075624
20
0.062340
30
-0.033517
11
0.062581
21
0.076327
31
-0.033516
12
0.061558
22
0.075372
32
-0.033666
0
3DFACE
62
163
10
0.074605
20
0.061389
30
-0.033666
11
0.075624
21
0.062340
31
-0.033517
12
0.061558
22
0.075372
32
-0.033666
0
3DFACE
62
163
10
0.102462
20
0.035067
30
-0.027917
11
0.101767
21
0.034604
31
-0.027890
12
0.100775
22
0.033493
32
-0.027967
0
3DFACE
62
163
10
0.102777
20
0.035733
30
-0.027977
11
0.101767
21
0.034604
31
-0.027890
12
0.102462
22
0.035067
32
-0.027917
0
3DFACE
62
163
10
0.104131
20
0.036624
30
-0.028255
11
0.102777
21
0.035733
31
-0.027977
12
0.102462
22
0.035067
32
-0.027917
0
3DFACE
62
163
10
0.103871
20
0.036962
30
-0.028264
11
0.102777
21
0.035733
31
-0.027977
12
0.104131
22
0.036624
32
-0.028255
0
3DFACE
62
163
10
0.105065
20
0.038313
30
-0.028825
11
0.104131
21
0.036624
31
-0.028255
12
0.105735
22
0.038121
32
-0.028971
0
3DFACE
62
163
10
0.105065
20
0.038313
30
-0.028825
11
0.103871
21
0.036962
31
-0.028264
12
0.104131
22
0.036624
32
-0.028255
0
3DFACE
62
163
10
0.106133
20
0.039529
30
-0.029577
11
0.105735
21
0.038121
31
-0.028971
12
0.107228
22
0.039514
32
-0.030045
0
3DFACE
62
163
10
0.106133
20
0.039529
30
-0.029577
11
0.105065
21
0.038313
31
-0.028825
12
0.105735
22
0.038121
32
-0.028971
0
3DFACE
62
163
10
0.107059
20
0.040601
30
-0.030464
11
0.106133
21
0.039529
31
-0.029577
12
0.107228
22
0.039514
32
-0.030045
0
3DFACE
62
163
10
0.108568
20
0.040765
30
-0.031447
11
0.107059
21
0.040601
31
-0.030464
12
0.107228
22
0.039514
32
-0.030045
0
3DFACE
62
163
10
0.108144
20
0.041889
30
-0.031881
11
0.107059
21
0.040601
31
-0.030464
12
0.108568
22
0.040765
32
-0.031447
0
3DFACE
62
163
10
0.109718
20
0.041837
30
-0.033137
11
0.108144
21
0.041889
31
-0.031881
12
0.108568
22
0.040765
32
-0.031447
0
3DFACE
62
163
10
0.108815
20
0.042712
30
-0.033057
11
0.108144
21
0.041889
31
-0.031881
12
0.109718
22
0.041837
32
-0.033137
0
3DFACE
62
163
10
0.109457
20
0.043535
30
-0.034543
11
0.109718
21
0.041837
31
-0.033137
12
0.110643
22
0.042701
32
-0.035066
0
3DFACE
62
163
10
0.109457
20
0.043535
30
-0.034543
11
0.108815
21
0.042712
31
-0.033057
12
0.109718
22
0.041837
32
-0.033137
0
3DFACE
62
163
10
0.110069
20
0.044405
30
-0.036679
11
0.110643
21
0.042701
31
-0.035066
12
0.111319
22
0.043331
32
-0.037181
0
3DFACE
62
163
10
0.110069
20
0.044405
30
-0.036679
11
0.109457
21
0.043535
31
-0.034543
12
0.110643
22
0.042701
32
-0.035066
0
3DFACE
62
163
10
0.110321
20
0.044836
30
-0.038175
11
0.111319
21
0.043331
31
-0.037181
12
0.111725
22
0.043711
32
-0.039421
0
3DFACE
62
163
10
0.110321
20
0.044836
30
-0.038175
11
0.110069
21
0.044405
31
-0.036679
12
0.111319
22
0.043331
32
-0.037181
0
3DFACE
62
163
10
0.110442
20
0.045131
30
-0.039618
11
0.111725
21
0.043711
31
-0.039421
12
0.111851
22
0.043828
32
-0.041722
0
3DFACE
62
163
10
0.110442
20
0.045131
30
-0.039618
11
0.110321
21
0.044836
31
-0.038175
12
0.111725
22
0.043711
32
-0.039421
0
3DFACE
62
163
10
0.110434
20
0.045346
30
-0.041387
11
0.111851
21
0.043828
31
-0.041722
12
0.111727
22
0.043865
32
-0.042938
0
3DFACE
62
163
10
0.110434
20
0.045346
30
-0.041387
11
0.110442
21
0.045131
31
-0.039618
12
0.111851
22
0.043828
32
-0.041722
0
3DFACE
62
163
10
0.110189
20
0.045395
30
-0.043596
11
0.111727
21
0.043865
31
-0.042938
12
0.111525
22
0.043828
32
-0.044139
0
3DFACE
62
163
10
0.110189
20
0.045395
30
-0.043596
11
0.110434
21
0.045346
31
-0.041387
12
0.111727
22
0.043865
32
-0.042938
0
3DFACE
62
163
10
0.109897
20
0.045298
30
-0.044982
11
0.111525
21
0.043828
31
-0.044139
12
0.111017
22
0.043605
32
-0.046097
0
3DFACE
62
163
10
0.109897
20
0.045298
30
-0.044982
11
0.110189
21
0.045395
31
-0.043596
12
0.111525
22
0.043828
32
-0.044139
0
3DFACE
62
163
10
0.109391
20
0.045045
30
-0.046651
11
0.109897
21
0.045298
31
-0.044982
12
0.111017
22
0.043605
32
-0.046097
0
3DFACE
62
163
10
0.109391
20
0.045045
30
-0.046651
11
0.111017
21
0.043605
31
-0.046097
12
0.110294
22
0.043187
32
-0.047970
0
3DFACE
62
163
10
0.108641
20
0.044592
30
-0.048425
11
0.110294
21
0.043187
31
-0.047970
12
0.109375
22
0.042585
32
-0.049701
0
3DFACE
62
163
10
0.108641
20
0.044592
30
-0.048425
11
0.109391
21
0.045045
31
-0.046651
12
0.110294
22
0.043187
32
-0.047970
0
3DFACE
62
163
10
0.107773
20
0.044013
30
-0.049963
11
0.109375
21
0.042585
31
-0.049701
12
0.108286
22
0.041820
32
-0.051242
0
3DFACE
62
163
10
0.107773
20
0.044013
30
-0.049963
11
0.108641
21
0.044592
31
-0.048425
12
0.109375
22
0.042585
32
-0.049701
0
3DFACE
62
163
10
0.107027
20
0.043489
30
-0.051017
11
0.107773
21
0.044013
31
-0.049963
12
0.108286
22
0.041820
32
-0.051242
0
3DFACE
62
163
10
0.105900
20
0.042672
30
-0.052287
11
0.108286
21
0.041820
31
-0.051242
12
0.107030
22
0.040905
32
-0.052580
0
3DFACE
62
163
10
0.105900
20
0.042672
30
-0.052287
11
0.107027
21
0.043489
31
-0.051017
12
0.108286
22
0.041820
32
-0.051242
0
3DFACE
62
163
10
0.104346
20
0.041513
30
-0.053578
11
0.105642
21
0.039866
31
-0.053673
12
0.104161
22
0.038735
32
-0.054494
0
3DFACE
62
163
10
0.104346
20
0.041513
30
-0.053578
11
0.107030
21
0.040905
31
-0.052580
12
0.105642
22
0.039866
32
-0.053673
0
3DFACE
62
163
10
0.104346
20
0.041513
30
-0.053578
11
0.105900
21
0.042672
31
-0.052287
12
0.107030
22
0.040905
32
-0.052580
0
3DFACE
62
163
10
0.102903
20
0.040414
30
-0.054411
11
0.104161
21
0.038735
31
-0.054494
12
0.102594
22
0.037529
32
-0.055035
0
3DFACE
62
163
10
0.102903
20
0.040414
30
-0.054411
11
0.104346
21
0.041513
31
-0.053578
12
0.104161
22
0.038735
32
-0.054494
0
3DFACE
62
163
10
0.101156
20
0.039069
30
-0.055035
11
0.102903
21
0.040414
31
-0.054411
12
0.102594
22
0.037529
32
-0.055035
0
3DFACE
62
163
10
0.094627
20
0.038347
30
-0.028145
11
0.096064
21
0.036807
31
-0.028145
12
0.096813
22
0.037648
32
-0.027974
0
3DFACE
62
163
10
0.095632
20
0.039477
30
-0.027937
11
0.096813
21
0.037648
31
-0.027974
12
0.097567
22
0.038493
32
-0.027895
0
3DFACE
62
163
10
0.095632
20
0.039477
30
-0.027937
11
0.094627
21
0.038347
31
-0.028145
12
0.096813
22
0.037648
32
-0.027974
0
3DFACE
62
163
10
0.096330
20
0.040258
30
-0.027890
11
0.095632
21
0.039477
31
-0.027937
12
0.097567
22
0.038493
32
-0.027895
0
3DFACE
62
163
10
0.098923
20
0.040010
30
-0.027989
11
0.096330
21
0.040258
31
-0.027890
12
0.097567
22
0.038493
32
-0.027895
0
3DFACE
62
163
10
0.097566
20
0.041640
30
-0.028004
11
0.096330
21
0.040258
31
-0.027890
12
0.098923
22
0.040010
32
-0.027989
0
3DFACE
62
163
10
0.100261
20
0.041514
30
-0.028384
11
0.097566
21
0.041640
31
-0.028004
12
0.098923
22
0.040010
32
-0.027989
0
3DFACE
62
163
10
0.099042
20
0.043302
30
-0.028479
11
0.097566
21
0.041640
31
-0.028004
12
0.100261
22
0.041514
32
-0.028384
0
3DFACE
62
163
10
0.101538
20
0.042961
30
-0.029072
11
0.099042
21
0.043302
31
-0.028479
12
0.100261
22
0.041514
32
-0.028384
0
3DFACE
62
163
10
0.100492
20
0.044948
30
-0.029352
11
0.101538
21
0.042961
31
-0.029072
12
0.102719
22
0.044314
32
-0.030031
0
3DFACE
62
163
10
0.100492
20
0.044948
30
-0.029352
11
0.099042
21
0.043302
31
-0.028479
12
0.101538
22
0.042961
32
-0.029072
0
3DFACE
62
163
10
0.101281
20
0.045856
30
-0.030031
11
0.100492
21
0.044948
31
-0.029352
12
0.102719
22
0.044314
32
-0.030031
0
3DFACE
62
163
10
0.102146
20
0.046867
30
-0.030988
11
0.102719
21
0.044314
31
-0.030031
12
0.103787
22
0.045568
32
-0.031253
0
3DFACE
62
163
10
0.102146
20
0.046867
30
-0.030988
11
0.101281
21
0.045856
31
-0.030031
12
0.102719
22
0.044314
32
-0.030031
0
3DFACE
62
163
10
0.103206
20
0.048143
30
-0.032582
11
0.103787
21
0.045568
31
-0.031253
12
0.104710
22
0.046685
32
-0.032703
0
3DFACE
62
163
10
0.103206
20
0.048143
30
-0.032582
11
0.102146
21
0.046867
31
-0.030988
12
0.103787
22
0.045568
32
-0.031253
0
3DFACE
62
163
10
0.105460
20
0.047636
30
-0.034339
11
0.103206
21
0.048143
31
-0.032582
12
0.104710
22
0.046685
32
-0.032703
0
3DFACE
62
163
10
0.104007
20
0.049156
30
-0.034299
11
0.103206
21
0.048143
31
-0.032582
12
0.105460
22
0.047636
32
-0.034339
0
3DFACE
62
163
10
0.106026
20
0.048420
30
-0.036148
11
0.104007
21
0.049156
31
-0.034299
12
0.105460
22
0.047636
32
-0.034339
0
3DFACE
62
163
10
0.104549
20
0.049903
30
-0.035994
11
0.104007
21
0.049156
31
-0.034299
12
0.106026
22
0.048420
32
-0.036148
0
3DFACE
62
163
10
0.104927
20
0.050511
30
-0.037908
11
0.106026
21
0.048420
31
-0.036148
12
0.106387
22
0.049013
32
-0.038076
0
3DFACE
62
163
10
0.104927
20
0.050511
30
-0.037908
11
0.104549
21
0.049903
31
-0.035994
12
0.106026
22
0.048420
32
-0.036148
0
3DFACE
62
163
10
0.105092
20
0.050909
30
-0.039845
11
0.106387
21
0.049013
31
-0.038076
12
0.106535
22
0.049402
32
-0.040069
0
3DFACE
62
163
10
0.105092
20
0.050909
30
-0.039845
11
0.104927
21
0.050511
31
-0.037908
12
0.106387
22
0.049013
32
-0.038076
0
3DFACE
62
163
10
0.105049
20
0.051117
30
-0.041816
11
0.106535
21
0.049402
31
-0.040069
12
0.106462
22
0.049590
32
-0.042110
0
3DFACE
62
163
10
0.105049
20
0.051117
30
-0.041816
11
0.105092
21
0.050909
31
-0.039845
12
0.106535
22
0.049402
32
-0.040069
0
3DFACE
62
163
10
0.104776
20
0.051125
30
-0.043897
11
0.105049
21
0.051117
31
-0.041816
12
0.106462
22
0.049590
32
-0.042110
0
3DFACE
62
163
10
0.104776
20
0.051125
30
-0.043897
11
0.106462
21
0.049590
31
-0.042110
12
0.106167
22
0.049571
32
-0.044139
0
3DFACE
62
163
10
0.104280
20
0.050919
30
-0.045909
11
0.106167
21
0.049571
31
-0.044139
12
0.105659
22
0.049348
32
-0.046097
0
3DFACE
62
163
10
0.104280
20
0.050919
30
-0.045909
11
0.104776
21
0.051125
31
-0.043897
12
0.106167
22
0.049571
32
-0.044139
0
3DFACE
62
163
10
0.104936
20
0.048930
30
-0.047970
11
0.104280
21
0.050919
31
-0.045909
12
0.105659
22
0.049348
32
-0.046097
0
3DFACE
62
163
10
0.103467
20
0.050450
30
-0.048040
11
0.104280
21
0.050919
31
-0.045909
12
0.104936
22
0.048930
32
-0.047970
0
3DFACE
62
163
10
0.104017
20
0.048328
30
-0.049701
11
0.103467
21
0.050450
31
-0.048040
12
0.104936
22
0.048930
32
-0.047970
0
3DFACE
62
163
10
0.102501
20
0.049815
30
-0.049827
11
0.103467
21
0.050450
31
-0.048040
12
0.104017
22
0.048328
32
-0.049701
0
3DFACE
62
163
10
0.102928
20
0.047563
30
-0.051242
11
0.102501
21
0.049815
31
-0.049827
12
0.104017
22
0.048328
32
-0.049701
0
3DFACE
62
163
10
0.101619
20
0.049195
30
-0.051081
11
0.102501
21
0.049815
31
-0.049827
12
0.102928
22
0.047563
32
-0.051242
0
3DFACE
62
163
10
0.100474
20
0.048364
30
-0.052354
11
0.102928
21
0.047563
31
-0.051242
12
0.101672
22
0.046647
32
-0.052580
0
3DFACE
62
163
10
0.100474
20
0.048364
30
-0.052354
11
0.101619
21
0.049195
31
-0.051081
12
0.102928
22
0.047563
32
-0.051242
0
3DFACE
62
163
10
0.098913
20
0.047199
30
-0.053628
11
0.101672
21
0.046647
31
-0.052580
12
0.100284
22
0.045608
32
-0.053673
0
3DFACE
62
163
10
0.098913
20
0.047199
30
-0.053628
11
0.100474
21
0.048364
31
-0.052354
12
0.101672
22
0.046647
32
-0.052580
0
3DFACE
62
163
10
0.097509
20
0.046128
30
-0.054428
11
0.100284
21
0.045608
31
-0.053673
12
0.098803
22
0.044477
32
-0.054494
0
3DFACE
62
163
10
0.097509
20
0.046128
30
-0.054428
11
0.098913
21
0.047199
31
-0.053628
12
0.100284
22
0.045608
32
-0.053673
0
3DFACE
62
163
10
0.097236
20
0.043271
30
-0.055035
11
0.097509
21
0.046128
31
-0.054428
12
0.098803
22
0.044477
32
-0.054494
0
3DFACE
62
163
10
0.095798
20
0.044812
30
-0.055035
11
0.097509
21
0.046128
31
-0.054428
12
0.097236
22
0.043271
32
-0.055035
0
3DFACE
62
163
10
0.089268
20
0.044090
30
-0.028145
11
0.090706
21
0.042549
31
-0.028145
12
0.091455
22
0.043391
32
-0.027974
0
3DFACE
62
163
10
0.090064
20
0.044984
30
-0.027966
11
0.091455
21
0.043391
31
-0.027974
12
0.092209
22
0.044236
32
-0.027895
0
3DFACE
62
163
10
0.090064
20
0.044984
30
-0.027966
11
0.089268
21
0.044090
31
-0.028145
12
0.091455
22
0.043391
32
-0.027974
0
3DFACE
62
163
10
0.090699
20
0.045695
30
-0.027899
11
0.090064
21
0.044984
31
-0.027966
12
0.092209
22
0.044236
32
-0.027895
0
3DFACE
62
163
10
0.092033
20
0.047187
30
-0.027972
11
0.092209
21
0.044236
31
-0.027895
12
0.093565
22
0.045752
32
-0.027989
0
3DFACE
62
163
10
0.092033
20
0.047187
30
-0.027972
11
0.090699
21
0.045695
31
-0.027899
12
0.092209
22
0.044236
32
-0.027895
0
3DFACE
62
163
10
0.093082
20
0.048365
30
-0.028239
11
0.093565
21
0.045752
31
-0.027989
12
0.094902
22
0.047256
32
-0.028384
0
3DFACE
62
163
10
0.093082
20
0.048365
30
-0.028239
11
0.092033
21
0.047187
31
-0.027972
12
0.093565
22
0.045752
32
-0.027989
0
3DFACE
62
163
10
0.094502
20
0.049971
30
-0.028917
11
0.094902
21
0.047256
31
-0.028384
12
0.096179
22
0.048704
32
-0.029072
0
3DFACE
62
163
10
0.094502
20
0.049971
30
-0.028917
11
0.093082
21
0.048365
31
-0.028239
12
0.094902
22
0.047256
32
-0.028384
0
3DFACE
62
163
10
0.095377
20
0.050969
30
-0.029544
11
0.096179
21
0.048704
31
-0.029072
12
0.097360
22
0.050057
32
-0.030031
0
3DFACE
62
163
10
0.095377
20
0.050969
30
-0.029544
11
0.094502
21
0.049971
31
-0.028917
12
0.096179
22
0.048704
32
-0.029072
0
3DFACE
62
163
10
0.096365
20
0.052113
30
-0.030489
11
0.097360
21
0.050057
31
-0.030031
12
0.098429
22
0.051311
32
-0.031253
0
3DFACE
62
163
10
0.096365
20
0.052113
30
-0.030489
11
0.095377
21
0.050969
31
-0.029544
12
0.097360
22
0.050057
32
-0.030031
0
3DFACE
62
163
10
0.097401
20
0.053342
30
-0.031840
11
0.098429
21
0.051311
31
-0.031253
12
0.099351
22
0.052427
32
-0.032703
0
3DFACE
62
163
10
0.097401
20
0.053342
30
-0.031840
11
0.096365
21
0.052113
31
-0.030489
12
0.098429
22
0.051311
32
-0.031253
0
3DFACE
62
163
10
0.098200
20
0.054324
30
-0.033263
11
0.099351
21
0.052427
31
-0.032703
12
0.100102
22
0.053378
32
-0.034339
0
3DFACE
62
163
10
0.098200
20
0.054324
30
-0.033263
11
0.097401
21
0.053342
31
-0.031840
12
0.099351
22
0.052427
32
-0.032703
0
3DFACE
62
163
10
0.098727
20
0.055002
30
-0.034506
11
0.098200
21
0.054324
31
-0.033263
12
0.100102
22
0.053378
32
-0.034339
0
3DFACE
62
163
10
0.100668
20
0.054162
30
-0.036148
11
0.098727
21
0.055002
31
-0.034506
12
0.100102
22
0.053378
32
-0.034339
0
3DFACE
62
163
10
0.099330
20
0.055854
30
-0.036573
11
0.098727
21
0.055002
31
-0.034506
12
0.100668
22
0.054162
32
-0.036148
0
3DFACE
62
163
10
0.101029
20
0.054756
30
-0.038076
11
0.099330
21
0.055854
31
-0.036573
12
0.100668
22
0.054162
32
-0.036148
0
3DFACE
62
163
10
0.099649
20
0.056413
30
-0.038571
11
0.101029
21
0.054756
31
-0.038076
12
0.101177
22
0.055145
32
-0.040069
0
3DFACE
62
163
10
0.099649
20
0.056413
30
-0.038571
11
0.099330
21
0.055854
31
-0.036573
12
0.101029
22
0.054756
32
-0.038076
0
3DFACE
62
163
10
0.099740
20
0.056689
30
-0.040094
11
0.099649
21
0.056413
31
-0.038571
12
0.101177
22
0.055145
32
-0.040069
0
3DFACE
62
163
10
0.099699
20
0.056852
30
-0.041697
11
0.101177
21
0.055145
31
-0.040069
12
0.101104
22
0.055333
32
-0.042110
0
3DFACE
62
163
10
0.099699
20
0.056852
30
-0.041697
11
0.099740
21
0.056689
31
-0.040094
12
0.101177
22
0.055145
32
-0.040069
0
3DFACE
62
163
10
0.099423
20
0.056869
30
-0.043868
11
0.099699
21
0.056852
31
-0.041697
12
0.101104
22
0.055333
32
-0.042110
0
3DFACE
62
163
10
0.099423
20
0.056869
30
-0.043868
11
0.101104
21
0.055333
31
-0.042110
12
0.100808
22
0.055313
32
-0.044139
0
3DFACE
62
163
10
0.098984
20
0.056692
30
-0.045703
11
0.100808
21
0.055313
31
-0.044139
12
0.100300
22
0.055090
32
-0.046097
0
3DFACE
62
163
10
0.098984
20
0.056692
30
-0.045703
11
0.099423
21
0.056869
31
-0.043868
12
0.100808
22
0.055313
32
-0.044139
0
3DFACE
62
163
10
0.098293
20
0.056307
30
-0.047624
11
0.100300
21
0.055090
31
-0.046097
12
0.099578
22
0.054672
32
-0.047970
0
3DFACE
62
163
10
0.098293
20
0.056307
30
-0.047624
11
0.098984
21
0.056692
31
-0.045703
12
0.100300
22
0.055090
32
-0.046097
0
3DFACE
62
163
10
0.097372
20
0.055714
30
-0.049449
11
0.099578
21
0.054672
31
-0.047970
12
0.098658
22
0.054070
32
-0.049701
0
3DFACE
62
163
10
0.097372
20
0.055714
30
-0.049449
11
0.098293
21
0.056307
31
-0.047624
12
0.099578
22
0.054672
32
-0.047970
0
3DFACE
62
163
10
0.096303
20
0.054968
30
-0.051027
11
0.098658
21
0.054070
31
-0.049701
12
0.097570
22
0.053305
32
-0.051242
0
3DFACE
62
163
10
0.096303
20
0.054968
30
-0.051027
11
0.097372
21
0.055714
31
-0.049449
12
0.098658
22
0.054070
32
-0.049701
0
3DFACE
62
163
10
0.095120
20
0.054110
30
-0.052350
11
0.097570
21
0.053305
31
-0.051242
12
0.096314
22
0.052390
32
-0.052580
0
3DFACE
62
163
10
0.095120
20
0.054110
30
-0.052350
11
0.096303
21
0.054968
31
-0.051027
12
0.097570
22
0.053305
32
-0.051242
0
3DFACE
62
163
10
0.093657
20
0.053019
30
-0.053558
11
0.096314
21
0.052390
31
-0.052580
12
0.094926
22
0.051351
32
-0.053673
0
3DFACE
62
163
10
0.093657
20
0.053019
30
-0.053558
11
0.095120
21
0.054110
31
-0.052350
12
0.096314
22
0.052390
32
-0.052580
0
3DFACE
62
163
10
0.092152
20
0.051871
30
-0.054428
11
0.094926
21
0.051351
31
-0.053673
12
0.093445
22
0.050220
32
-0.054494
0
3DFACE
62
163
10
0.092152
20
0.051871
30
-0.054428
11
0.093657
21
0.053019
31
-0.053558
12
0.094926
22
0.051351
32
-0.053673
0
3DFACE
62
163
10
0.091878
20
0.049014
30
-0.055035
11
0.092152
21
0.051871
31
-0.054428
12
0.093445
22
0.050220
32
-0.054494
0
3DFACE
62
163
10
0.090440
20
0.050554
30
-0.055035
11
0.092152
21
0.051871
31
-0.054428
12
0.091878
22
0.049014
32
-0.055035
0
3DFACE
62
163
10
0.083910
20
0.049832
30
-0.028145
11
0.085348
21
0.048292
31
-0.028145
12
0.086097
22
0.049133
32
-0.027974
0
3DFACE
62
163
10
0.084813
20
0.050846
30
-0.027950
11
0.086097
21
0.049133
31
-0.027974
12
0.086851
22
0.049978
32
-0.027895
0
3DFACE
62
163
10
0.084813
20
0.050846
30
-0.027950
11
0.083910
21
0.049832
31
-0.028145
12
0.086097
22
0.049133
32
-0.027974
0
3DFACE
62
163
10
0.085479
20
0.051592
30
-0.027893
11
0.084813
21
0.050846
31
-0.027950
12
0.086851
22
0.049978
32
-0.027895
0
3DFACE
62
163
10
0.088207
20
0.051494
30
-0.027989
11
0.085479
21
0.051592
31
-0.027893
12
0.086851
22
0.049978
32
-0.027895
0
3DFACE
62
163
10
0.086807
20
0.053077
30
-0.027996
11
0.085479
21
0.051592
31
-0.027893
12
0.088207
22
0.051494
32
-0.027989
0
3DFACE
62
163
10
0.089544
20
0.052999
30
-0.028384
11
0.086807
21
0.053077
31
-0.027996
12
0.088207
22
0.051494
32
-0.027989
0
3DFACE
62
163
10
0.087951
20
0.054363
30
-0.028322
11
0.086807
21
0.053077
31
-0.027996
12
0.089544
22
0.052999
32
-0.028384
0
3DFACE
62
163
10
0.089285
20
0.055875
30
-0.029007
11
0.089544
21
0.052999
31
-0.028384
12
0.090821
22
0.054446
32
-0.029072
0
3DFACE
62
163
10
0.089285
20
0.055875
30
-0.029007
11
0.087951
21
0.054363
31
-0.028322
12
0.089544
22
0.052999
32
-0.028384
0
3DFACE
62
163
10
0.090376
20
0.057122
30
-0.029854
11
0.090821
21
0.054446
31
-0.029072
12
0.092002
22
0.055799
32
-0.030031
0
3DFACE
62
163
10
0.090376
20
0.057122
30
-0.029854
11
0.089285
21
0.055875
31
-0.029007
12
0.090821
22
0.054446
32
-0.029072
0
3DFACE
62
163
10
0.091540
20
0.058482
30
-0.031129
11
0.092002
21
0.055799
31
-0.030031
12
0.093071
22
0.057053
32
-0.031253
0
3DFACE
62
163
10
0.091540
20
0.058482
30
-0.031129
11
0.090376
21
0.057122
31
-0.029854
12
0.092002
22
0.055799
32
-0.030031
0
3DFACE
62
163
10
0.092508
20
0.059651
30
-0.032615
11
0.093071
21
0.057053
31
-0.031253
12
0.093993
22
0.058169
32
-0.032703
0
3DFACE
62
163
10
0.092508
20
0.059651
30
-0.032615
11
0.091540
21
0.058482
31
-0.031129
12
0.093071
22
0.057053
32
-0.031253
0
3DFACE
62
163
10
0.093040
20
0.060317
30
-0.033693
11
0.093993
21
0.058169
31
-0.032703
12
0.094744
22
0.059120
32
-0.034339
0
3DFACE
62
163
10
0.093040
20
0.060317
30
-0.033693
11
0.092508
21
0.059651
31
-0.032615
12
0.093993
22
0.058169
32
-0.032703
0
3DFACE
62
163
10
0.093619
20
0.061083
30
-0.035242
11
0.094744
21
0.059120
31
-0.034339
12
0.095309
22
0.059905
32
-0.036148
0
3DFACE
62
163
10
0.093619
20
0.061083
30
-0.035242
11
0.093040
21
0.060317
31
-0.033693
12
0.094744
22
0.059120
32
-0.034339
0
3DFACE
62
163
10
0.094128
20
0.061848
30
-0.037371
11
0.095309
21
0.059905
31
-0.036148
12
0.095671
22
0.060498
32
-0.038076
0
3DFACE
62
163
10
0.094128
20
0.061848
30
-0.037371
11
0.093619
21
0.061083
31
-0.035242
12
0.095309
22
0.059905
32
-0.036148
0
3DFACE
62
163
10
0.094317
20
0.062215
30
-0.038849
11
0.095671
21
0.060498
31
-0.038076
12
0.095819
22
0.060887
32
-0.040069
0
3DFACE
62
163
10
0.094317
20
0.062215
30
-0.038849
11
0.094128
21
0.061848
31
-0.037371
12
0.095671
22
0.060498
32
-0.038076
0
3DFACE
62
163
10
0.094384
20
0.062496
30
-0.040594
11
0.094317
21
0.062215
31
-0.038849
12
0.095819
22
0.060887
32
-0.040069
0
3DFACE
62
163
10
0.094384
20
0.062496
30
-0.040594
11
0.095819
21
0.060887
31
-0.040069
12
0.095746
22
0.061075
32
-0.042110
0
3DFACE
62
163
10
0.094247
20
0.062631
30
-0.042685
11
0.094384
21
0.062496
31
-0.040594
12
0.095746
22
0.061075
32
-0.042110
0
3DFACE
62
163
10
0.094247
20
0.062631
30
-0.042685
11
0.095746
21
0.061075
31
-0.042110
12
0.095450
22
0.061056
32
-0.044139
0
3DFACE
62
163
10
0.093921
20
0.062565
30
-0.044567
11
0.094247
21
0.062631
31
-0.042685
12
0.095450
22
0.061056
32
-0.044139
0
3DFACE
62
163
10
0.094942
20
0.060832
30
-0.046097
11
0.093921
21
0.062565
31
-0.044567
12
0.095450
22
0.061056
32
-0.044139
0
3DFACE
62
163
10
0.093534
20
0.062388
30
-0.046006
11
0.093921
21
0.062565
31
-0.044567
12
0.094942
22
0.060832
32
-0.046097
0
3DFACE
62
163
10
0.094219
20
0.060414
30
-0.047970
11
0.093534
21
0.062388
31
-0.046006
12
0.094942
22
0.060832
32
-0.046097
0
3DFACE
62
163
10
0.092680
20
0.061891
30
-0.048190
11
0.093534
21
0.062388
31
-0.046006
12
0.094219
22
0.060414
32
-0.047970
0
3DFACE
62
163
10
0.093300
20
0.059813
30
-0.049701
11
0.092680
21
0.061891
31
-0.048190
12
0.094219
22
0.060414
32
-0.047970
0
3DFACE
62
163
10
0.091567
20
0.061149
30
-0.050163
11
0.093300
21
0.059813
31
-0.049701
12
0.092211
22
0.059048
32
-0.051242
0
3DFACE
62
163
10
0.091567
20
0.061149
30
-0.050163
11
0.092680
21
0.061891
31
-0.048190
12
0.093300
22
0.059813
32
-0.049701
0
3DFACE
62
163
10
0.090693
20
0.060530
30
-0.051341
11
0.091567
21
0.061149
31
-0.050163
12
0.092211
22
0.059048
32
-0.051242
0
3DFACE
62
163
10
0.090956
20
0.058132
30
-0.052580
11
0.090693
21
0.060530
31
-0.051341
12
0.092211
22
0.059048
32
-0.051242
0
3DFACE
62
163
10
0.089659
20
0.059777
30
-0.052448
11
0.090693
21
0.060530
31
-0.051341
12
0.090956
22
0.058132
32
-0.052580
0
3DFACE
62
163
10
0.088148
20
0.058648
30
-0.053661
11
0.090956
21
0.058132
31
-0.052580
12
0.089567
22
0.057093
32
-0.053673
0
3DFACE
62
163
10
0.088148
20
0.058648
30
-0.053661
11
0.089659
21
0.059777
31
-0.052448
12
0.090956
22
0.058132
32
-0.052580
0
3DFACE
62
163
10
0.088087
20
0.055962
30
-0.054494
11
0.088148
21
0.058648
31
-0.053661
12
0.089567
22
0.057093
32
-0.053673
0
3DFACE
62
163
10
0.086783
20
0.057606
30
-0.054433
11
0.088148
21
0.058648
31
-0.053661
12
0.088087
22
0.055962
32
-0.054494
0
3DFACE
62
163
10
0.086519
20
0.054756
30
-0.055035
11
0.086783
21
0.057606
31
-0.054433
12
0.088087
22
0.055962
32
-0.054494
0
3DFACE
62
163
10
0.085082
20
0.056297
30
-0.055035
11
0.086783
21
0.057606
31
-0.054433
12
0.086519
22
0.054756
32
-0.055035
0
3DFACE
62
163
10
0.078552
20
0.055575
30
-0.028145
11
0.079990
21
0.054034
31
-0.028145
12
0.080738
22
0.054875
32
-0.027974
0
3DFACE
62
163
10
0.079679
20
0.056840
30
-0.027923
11
0.080738
21
0.054875
31
-0.027974
12
0.081493
22
0.055721
32
-0.027895
0
3DFACE
62
163
10
0.079679
20
0.056840
30
-0.027923
11
0.078552
21
0.055575
31
-0.028145
12
0.080738
22
0.054875
32
-0.027974
0
3DFACE
62
163
10
0.080534
20
0.057796
30
-0.027894
11
0.081493
21
0.055721
31
-0.027895
12
0.082849
22
0.057237
32
-0.027989
0
3DFACE
62
163
10
0.080534
20
0.057796
30
-0.027894
11
0.079679
21
0.056840
31
-0.027923
12
0.081493
22
0.055721
32
-0.027895
0
3DFACE
62
163
10
0.081575
20
0.058961
30
-0.028021
11
0.080534
21
0.057796
31
-0.027894
12
0.082849
22
0.057237
32
-0.027989
0
3DFACE
62
163
10
0.084186
20
0.058741
30
-0.028384
11
0.081575
21
0.058961
31
-0.028021
12
0.082849
22
0.057237
32
-0.027989
0
3DFACE
62
163
10
0.082886
20
0.060437
30
-0.028443
11
0.081575
21
0.058961
31
-0.028021
12
0.084186
22
0.058741
32
-0.028384
0
3DFACE
62
163
10
0.085463
20
0.060188
30
-0.029072
11
0.082886
21
0.060437
31
-0.028443
12
0.084186
22
0.058741
32
-0.028384
0
3DFACE
62
163
10
0.083769
20
0.061437
30
-0.028907
11
0.082886
21
0.060437
31
-0.028443
12
0.085463
22
0.060188
32
-0.029072
0
3DFACE
62
163
10
0.084797
20
0.062611
30
-0.029659
11
0.085463
21
0.060188
31
-0.029072
12
0.086644
22
0.061542
32
-0.030031
0
3DFACE
62
163
10
0.084797
20
0.062611
30
-0.029659
11
0.083769
21
0.061437
31
-0.028907
12
0.085463
22
0.060188
32
-0.029072
0
3DFACE
62
163
10
0.085568
20
0.063503
30
-0.030401
11
0.086644
21
0.061542
31
-0.030031
12
0.087713
22
0.062795
32
-0.031253
0
3DFACE
62
163
10
0.085568
20
0.063503
30
-0.030401
11
0.084797
21
0.062611
31
-0.029659
12
0.086644
22
0.061542
32
-0.030031
0
3DFACE
62
163
10
0.086525
20
0.064634
30
-0.031601
11
0.087713
21
0.062795
31
-0.031253
12
0.088635
22
0.063912
32
-0.032703
0
3DFACE
62
163
10
0.086525
20
0.064634
30
-0.031601
11
0.085568
21
0.063503
31
-0.030401
12
0.087713
22
0.062795
32
-0.031253
0
3DFACE
62
163
10
0.087173
20
0.065422
30
-0.032657
11
0.086525
21
0.064634
31
-0.031601
12
0.088635
22
0.063912
32
-0.032703
0
3DFACE
62
163
10
0.087796
20
0.066205
30
-0.033959
11
0.088635
21
0.063912
31
-0.032703
12
0.089385
22
0.064863
32
-0.034339
0
3DFACE
62
163
10
0.087796
20
0.066205
30
-0.033959
11
0.087173
21
0.065422
31
-0.032657
12
0.088635
22
0.063912
32
-0.032703
0
3DFACE
62
163
10
0.088256
20
0.066819
30
-0.035226
11
0.089385
21
0.064863
31
-0.034339
12
0.089951
22
0.065647
32
-0.036148
0
3DFACE
62
163
10
0.088256
20
0.066819
30
-0.035226
11
0.087796
21
0.066205
31
-0.033959
12
0.089385
22
0.064863
32
-0.034339
0
3DFACE
62
163
10
0.088768
20
0.067588
30
-0.037364
11
0.089951
21
0.065647
31
-0.036148
12
0.090313
22
0.066240
32
-0.038076
0
3DFACE
62
163
10
0.088768
20
0.067588
30
-0.037364
11
0.088256
21
0.066819
31
-0.035226
12
0.089951
22
0.065647
32
-0.036148
0
3DFACE
62
163
10
0.088976
20
0.067998
30
-0.039057
11
0.090313
21
0.066240
31
-0.038076
12
0.090461
22
0.066629
32
-0.040069
0
3DFACE
62
163
10
0.088976
20
0.067998
30
-0.039057
11
0.088768
21
0.067588
31
-0.037364
12
0.090313
22
0.066240
32
-0.038076
0
3DFACE
62
163
10
0.089015
20
0.068288
30
-0.041068
11
0.088976
21
0.067998
31
-0.039057
12
0.090461
22
0.066629
32
-0.040069
0
3DFACE
62
163
10
0.089015
20
0.068288
30
-0.041068
11
0.090461
21
0.066629
31
-0.040069
12
0.090387
22
0.066817
32
-0.042110
0
3DFACE
62
163
10
0.088794
20
0.068371
30
-0.043364
11
0.089015
21
0.068288
31
-0.041068
12
0.090387
22
0.066817
32
-0.042110
0
3DFACE
62
163
10
0.088794
20
0.068371
30
-0.043364
11
0.090387
21
0.066817
31
-0.042110
12
0.090092
22
0.066798
32
-0.044139
0
3DFACE
62
163
10
0.088451
20
0.068262
30
-0.045035
11
0.090092
21
0.066798
31
-0.044139
12
0.089584
22
0.066575
32
-0.046097
0
3DFACE
62
163
10
0.088451
20
0.068262
30
-0.045035
11
0.088794
21
0.068371
31
-0.043364
12
0.090092
22
0.066798
32
-0.044139
0
3DFACE
62
163
10
0.087953
20
0.068011
30
-0.046667
11
0.089584
21
0.066575
31
-0.046097
12
0.088861
22
0.066157
32
-0.047970
0
3DFACE
62
163
10
0.087953
20
0.068011
30
-0.046667
11
0.088451
21
0.068262
31
-0.045035
12
0.089584
22
0.066575
32
-0.046097
0
3DFACE
62
163
10
0.087092
20
0.067487
30
-0.048655
11
0.088861
21
0.066157
31
-0.047970
12
0.087942
22
0.065555
32
-0.049701
0
3DFACE
62
163
10
0.087092
20
0.067487
30
-0.048655
11
0.087953
21
0.068011
31
-0.046667
12
0.088861
22
0.066157
32
-0.047970
0
3DFACE
62
163
10
0.086304
20
0.066958
30
-0.050018
11
0.087092
21
0.067487
31
-0.048655
12
0.087942
22
0.065555
32
-0.049701
0
3DFACE
62
163
10
0.086853
20
0.064790
30
-0.051242
11
0.086304
21
0.066958
31
-0.050018
12
0.087942
22
0.065555
32
-0.049701
0
3DFACE
62
163
10
0.085439
20
0.066348
30
-0.051213
11
0.086304
21
0.066958
31
-0.050018
12
0.086853
22
0.064790
32
-0.051242
0
3DFACE
62
163
10
0.084327
20
0.065538
30
-0.052424
11
0.086853
21
0.064790
31
-0.051242
12
0.085597
22
0.063875
32
-0.052580
0
3DFACE
62
163
10
0.084327
20
0.065538
30
-0.052424
11
0.085439
21
0.066348
31
-0.051213
12
0.086853
22
0.064790
32
-0.051242
0
3DFACE
62
163
10
0.082832
20
0.064421
30
-0.053633
11
0.085597
21
0.063875
31
-0.052580
12
0.084209
22
0.062835
32
-0.053673
0
3DFACE
62
163
10
0.082832
20
0.064421
30
-0.053633
11
0.084327
21
0.065538
31
-0.052424
12
0.085597
22
0.063875
32
-0.052580
0
3DFACE
62
163
10
0.081550
20
0.063444
30
-0.054374
11
0.084209
21
0.062835
31
-0.053673
12
0.082729
22
0.061705
32
-0.054494
0
3DFACE
62
163
10
0.081550
20
0.063444
30
-0.054374
11
0.082832
21
0.064421
31
-0.053633
12
0.084209
22
0.062835
32
-0.053673
0
3DFACE
62
163
10
0.079724
20
0.062039
30
-0.055035
11
0.082729
21
0.061705
31
-0.054494
12
0.081161
22
0.060498
32
-0.055035
0
3DFACE
62
163
10
0.079724
20
0.062039
30
-0.055035
11
0.081550
21
0.063444
31
-0.054374
12
0.082729
22
0.061705
32
-0.054494
0
3DFACE
62
163
10
0.101156
20
0.039069
30
-0.055035
11
0.102594
21
0.037529
31
-0.055035
12
0.101703
22
0.036840
32
-0.055206
0
3DFACE
62
163
10
0.099624
20
0.037884
30
-0.055272
11
0.101703
21
0.036840
31
-0.055206
12
0.100807
22
0.036146
32
-0.055285
0
3DFACE
62
163
10
0.099624
20
0.037884
30
-0.055272
11
0.101156
21
0.039069
31
-0.055035
12
0.101703
22
0.036840
32
-0.055206
0
3DFACE
62
163
10
0.098570
20
0.037065
30
-0.055276
11
0.100807
21
0.036146
31
-0.055285
12
0.099201
22
0.034898
32
-0.055191
0
3DFACE
62
163
10
0.098570
20
0.037065
30
-0.055276
11
0.099624
21
0.037884
31
-0.055272
12
0.100807
22
0.036146
32
-0.055285
0
3DFACE
62
163
10
0.097474
20
0.036215
30
-0.055142
11
0.098570
21
0.037065
31
-0.055276
12
0.099201
22
0.034898
32
-0.055191
0
3DFACE
62
163
10
0.097608
20
0.033668
30
-0.054796
11
0.097474
21
0.036215
31
-0.055142
12
0.099201
22
0.034898
32
-0.055191
0
3DFACE
62
163
10
0.095774
20
0.034904
30
-0.054648
11
0.097608
21
0.033668
31
-0.054796
12
0.096076
22
0.032494
32
-0.054108
0
3DFACE
62
163
10
0.095774
20
0.034904
30
-0.054648
11
0.097474
21
0.036215
31
-0.055142
12
0.097608
22
0.033668
32
-0.054796
0
3DFACE
62
163
10
0.094494
20
0.033925
30
-0.054026
11
0.095774
21
0.034904
31
-0.054648
12
0.096076
22
0.032494
32
-0.054108
0
3DFACE
62
163
10
0.094644
20
0.031409
30
-0.053149
11
0.094494
21
0.033925
31
-0.054026
12
0.096076
22
0.032494
32
-0.054108
0
3DFACE
62
163
10
0.093137
20
0.032898
30
-0.053093
11
0.094494
21
0.033925
31
-0.054026
12
0.094644
22
0.031409
32
-0.053149
0
3DFACE
62
163
10
0.092225
20
0.032221
30
-0.052279
11
0.094644
21
0.031409
31
-0.053149
12
0.093320
22
0.030430
32
-0.051927
0
3DFACE
62
163
10
0.092225
20
0.032221
30
-0.052279
11
0.093137
21
0.032898
31
-0.053093
12
0.094644
22
0.031409
32
-0.053149
0
3DFACE
62
163
10
0.091131
20
0.031429
30
-0.051050
11
0.093320
21
0.030430
31
-0.051927
12
0.092142
22
0.029587
32
-0.050477
0
3DFACE
62
163
10
0.091131
20
0.031429
30
-0.051050
11
0.092225
21
0.032221
31
-0.052279
12
0.093320
22
0.030430
32
-0.051927
0
3DFACE
62
163
10
0.090253
20
0.030813
30
-0.049795
11
0.092142
21
0.029587
31
-0.050477
12
0.091141
22
0.028904
32
-0.048841
0
3DFACE
62
163
10
0.090253
20
0.030813
30
-0.049795
11
0.091131
21
0.031429
31
-0.051050
12
0.092142
22
0.029587
32
-0.050477
0
3DFACE
62
163
10
0.089463
20
0.030289
30
-0.048367
11
0.091141
21
0.028904
31
-0.048841
12
0.090320
22
0.028394
32
-0.047032
0
3DFACE
62
163
10
0.089463
20
0.030289
30
-0.048367
11
0.090253
21
0.030813
31
-0.049795
12
0.091141
22
0.028904
32
-0.048841
0
3DFACE
62
163
10
0.088802
20
0.029889
30
-0.046819
11
0.089463
21
0.030289
31
-0.048367
12
0.090320
22
0.028394
32
-0.047032
0
3DFACE
62
163
10
0.089703
20
0.028074
30
-0.045104
11
0.088802
21
0.029889
31
-0.046819
12
0.090320
22
0.028394
32
-0.047032
0
3DFACE
62
163
10
0.088296
20
0.029628
30
-0.045220
11
0.088802
21
0.029889
31
-0.046819
12
0.089703
22
0.028074
32
-0.045104
0
3DFACE
62
163
10
0.087937
20
0.029503
30
-0.043555
11
0.088296
21
0.029628
31
-0.045220
12
0.089703
22
0.028074
32
-0.045104
0
3DFACE
62
163
10
0.087937
20
0.029503
30
-0.043555
11
0.089703
21
0.028074
31
-0.045104
12
0.089305
22
0.027954
32
-0.043111
0
3DFACE
62
163
10
0.087696
20
0.029556
30
-0.041347
11
0.089305
21
0.027954
31
-0.043111
12
0.089122
22
0.028040
32
-0.041070
0
3DFACE
62
163
10
0.087696
20
0.029556
30
-0.041347
11
0.087937
21
0.029503
31
-0.043555
12
0.089305
22
0.027954
32
-0.043111
0
3DFACE
62
163
10
0.087722
20
0.029867
30
-0.039071
11
0.087696
21
0.029556
31
-0.041347
12
0.089122
22
0.028040
32
-0.041070
0
3DFACE
62
163
10
0.087722
20
0.029867
30
-0.039071
11
0.089122
21
0.028040
31
-0.041070
12
0.089162
22
0.028333
32
-0.039041
0
3DFACE
62
163
10
0.087905
20
0.030236
30
-0.037521
11
0.089162
21
0.028333
31
-0.039041
12
0.089420
22
0.028824
32
-0.037083
0
3DFACE
62
163
10
0.087905
20
0.030236
30
-0.037521
11
0.087722
21
0.029867
31
-0.039071
12
0.089162
22
0.028333
32
-0.039041
0
3DFACE
62
163
10
0.088366
20
0.030941
30
-0.035483
11
0.089420
21
0.028824
31
-0.037083
12
0.089887
22
0.029516
32
-0.035210
0
3DFACE
62
163
10
0.088366
20
0.030941
30
-0.035483
11
0.087905
21
0.030236
31
-0.037521
12
0.089420
22
0.028824
32
-0.037083
0
3DFACE
62
163
10
0.089112
20
0.031931
30
-0.033481
11
0.089887
21
0.029516
31
-0.035210
12
0.090551
22
0.030392
32
-0.033479
0
3DFACE
62
163
10
0.089112
20
0.031931
30
-0.033481
11
0.088366
21
0.030941
31
-0.035483
12
0.089887
22
0.029516
32
-0.035210
0
3DFACE
62
163
10
0.089835
20
0.032825
30
-0.032125
11
0.090551
21
0.030392
31
-0.033479
12
0.091389
22
0.031425
32
-0.031938
0
3DFACE
62
163
10
0.089835
20
0.032825
30
-0.032125
11
0.089112
21
0.031931
31
-0.033481
12
0.090551
22
0.030392
32
-0.033479
0
3DFACE
62
163
10
0.090847
20
0.034033
30
-0.030721
11
0.091389
21
0.031425
31
-0.031938
12
0.092389
22
0.032615
32
-0.030600
0
3DFACE
62
163
10
0.090847
20
0.034033
30
-0.030721
11
0.089835
21
0.032825
31
-0.032125
12
0.091389
22
0.031425
32
-0.031938
0
3DFACE
62
163
10
0.093522
20
0.033928
30
-0.029507
11
0.090847
21
0.034033
31
-0.030721
12
0.092389
22
0.032615
32
-0.030600
0
3DFACE
62
163
10
0.092155
20
0.035549
30
-0.029450
11
0.090847
21
0.034033
31
-0.030721
12
0.093522
22
0.033928
32
-0.029507
0
3DFACE
62
163
10
0.094752
20
0.035327
30
-0.028686
11
0.092155
21
0.035549
31
-0.029450
12
0.093522
22
0.033928
32
-0.029507
0
3DFACE
62
163
10
0.093156
20
0.036688
30
-0.028774
11
0.092155
21
0.035549
31
-0.029450
12
0.094752
22
0.035327
32
-0.028686
0
3DFACE
62
163
10
0.094627
20
0.038347
30
-0.028145
11
0.094752
21
0.035327
31
-0.028686
12
0.096064
22
0.036807
32
-0.028145
0
3DFACE
62
163
10
0.094627
20
0.038347
30
-0.028145
11
0.093156
21
0.036688
31
-0.028774
12
0.094752
22
0.035327
32
-0.028686
0
3DFACE
62
163
10
0.095798
20
0.044812
30
-0.055035
11
0.097236
21
0.043271
31
-0.055035
12
0.096344
22
0.042582
32
-0.055206
0
3DFACE
62
163
10
0.094424
20
0.043748
30
-0.055260
11
0.096344
21
0.042582
31
-0.055206
12
0.095449
22
0.041888
32
-0.055285
0
3DFACE
62
163
10
0.094424
20
0.043748
30
-0.055260
11
0.095798
21
0.044812
31
-0.055035
12
0.096344
22
0.042582
32
-0.055206
0
3DFACE
62
163
10
0.093432
20
0.042978
30
-0.055286
11
0.095449
21
0.041888
31
-0.055285
12
0.093843
22
0.040640
32
-0.055191
0
3DFACE
62
163
10
0.093432
20
0.042978
30
-0.055286
11
0.094424
21
0.043748
31
-0.055260
12
0.095449
22
0.041888
32
-0.055285
0
3DFACE
62
163
10
0.092229
20
0.042044
30
-0.055163
11
0.093432
21
0.042978
31
-0.055286
12
0.093843
22
0.040640
32
-0.055191
0
3DFACE
62
163
10
0.092250
20
0.039410
30
-0.054796
11
0.092229
21
0.042044
31
-0.055163
12
0.093843
22
0.040640
32
-0.055191
0
3DFACE
62
163
10
0.090520
20
0.040726
30
-0.054689
11
0.092229
21
0.042044
31
-0.055163
12
0.092250
22
0.039410
32
-0.054796
0
3DFACE
62
163
10
0.090718
20
0.038236
30
-0.054108
11
0.090520
21
0.040726
31
-0.054689
12
0.092250
22
0.039410
32
-0.054796
0
3DFACE
62
163
10
0.089117
20
0.039652
30
-0.054016
11
0.090520
21
0.040726
31
-0.054689
12
0.090718
22
0.038236
32
-0.054108
0
3DFACE
62
163
10
0.089286
20
0.037152
30
-0.053149
11
0.089117
21
0.039652
31
-0.054016
12
0.090718
22
0.038236
32
-0.054108
0
3DFACE
62
163
10
0.087981
20
0.038792
30
-0.053252
11
0.089117
21
0.039652
31
-0.054016
12
0.089286
22
0.037152
32
-0.053149
0
3DFACE
62
163
10
0.086832
20
0.037938
30
-0.052245
11
0.089286
21
0.037152
31
-0.053149
12
0.087961
22
0.036172
32
-0.051927
0
3DFACE
62
163
10
0.086832
20
0.037938
30
-0.052245
11
0.087981
21
0.038792
31
-0.053252
12
0.089286
22
0.037152
32
-0.053149
0
3DFACE
62
163
10
0.085479
20
0.036963
30
-0.050662
11
0.087961
21
0.036172
31
-0.051927
12
0.086784
22
0.035329
32
-0.050477
0
3DFACE
62
163
10
0.085479
20
0.036963
30
-0.050662
11
0.086832
21
0.037938
31
-0.052245
12
0.087961
22
0.036172
32
-0.051927
0
3DFACE
62
163
10
0.084495
20
0.036286
30
-0.049116
11
0.086784
21
0.035329
31
-0.050477
12
0.085783
22
0.034646
32
-0.048841
0
3DFACE
62
163
10
0.084495
20
0.036286
30
-0.049116
11
0.085479
21
0.036963
31
-0.050662
12
0.086784
22
0.035329
32
-0.050477
0
3DFACE
62
163
10
0.083892
20
0.035897
30
-0.047914
11
0.085783
21
0.034646
31
-0.048841
12
0.084962
22
0.034136
32
-0.047032
0
3DFACE
62
163
10
0.083892
20
0.035897
30
-0.047914
11
0.084495
21
0.036286
31
-0.049116
12
0.085783
22
0.034646
32
-0.048841
0
3DFACE
62
163
10
0.083078
20
0.035437
30
-0.045721
11
0.084962
21
0.034136
31
-0.047032
12
0.084345
22
0.033817
32
-0.045104
0
3DFACE
62
163
10
0.083078
20
0.035437
30
-0.045721
11
0.083892
21
0.035897
31
-0.047914
12
0.084962
22
0.034136
32
-0.047032
0
3DFACE
62
163
10
0.082598
20
0.035250
30
-0.043671
11
0.084345
21
0.033817
31
-0.045104
12
0.083947
22
0.033696
32
-0.043111
0
3DFACE
62
163
10
0.082598
20
0.035250
30
-0.043671
11
0.083078
21
0.035437
31
-0.045721
12
0.084345
22
0.033817
32
-0.045104
0
3DFACE
62
163
10
0.082406
20
0.035247
30
-0.042265
11
0.083947
21
0.033696
31
-0.043111
12
0.083764
22
0.033782
32
-0.041070
0
3DFACE
62
163
10
0.082406
20
0.035247
30
-0.042265
11
0.082598
21
0.035250
31
-0.043671
12
0.083947
22
0.033696
32
-0.043111
0
3DFACE
62
163
10
0.082317
20
0.035428
30
-0.040159
11
0.082406
21
0.035247
31
-0.042265
12
0.083764
22
0.033782
32
-0.041070
0
3DFACE
62
163
10
0.082317
20
0.035428
30
-0.040159
11
0.083764
21
0.033782
31
-0.041070
12
0.083804
22
0.034075
32
-0.039041
0
3DFACE
62
163
10
0.082418
20
0.035736
30
-0.038474
11
0.083804
21
0.034075
31
-0.039041
12
0.084062
22
0.034567
32
-0.037083
0
3DFACE
62
163
10
0.082418
20
0.035736
30
-0.038474
11
0.082317
21
0.035428
31
-0.040159
12
0.083804
22
0.034075
32
-0.039041
0
3DFACE
62
163
10
0.082686
20
0.036206
30
-0.036770
11
0.082418
21
0.035736
31
-0.038474
12
0.084062
22
0.034567
32
-0.037083
0
3DFACE
62
163
10
0.084529
20
0.035259
30
-0.035210
11
0.082686
21
0.036206
31
-0.036770
12
0.084062
22
0.034567
32
-0.037083
0
3DFACE
62
163
10
0.083132
20
0.036856
30
-0.035081
11
0.082686
21
0.036206
31
-0.036770
12
0.084529
22
0.035259
32
-0.035210
0
3DFACE
62
163
10
0.085193
20
0.036134
30
-0.033479
11
0.083132
21
0.036856
31
-0.035081
12
0.084529
22
0.035259
32
-0.035210
0
3DFACE
62
163
10
0.083684
20
0.037585
30
-0.033635
11
0.083132
21
0.036856
31
-0.035081
12
0.085193
22
0.036134
32
-0.033479
0
3DFACE
62
163
10
0.084458
20
0.038544
30
-0.032155
11
0.085193
21
0.036134
31
-0.033479
12
0.086031
22
0.037168
32
-0.031938
0
3DFACE
62
163
10
0.084458
20
0.038544
30
-0.032155
11
0.083684
21
0.037585
31
-0.033635
12
0.085193
22
0.036134
32
-0.033479
0
3DFACE
62
163
10
0.085605
20
0.039910
30
-0.030588
11
0.086031
21
0.037168
31
-0.031938
12
0.087031
22
0.038357
32
-0.030600
0
3DFACE
62
163
10
0.085605
20
0.039910
30
-0.030588
11
0.084458
21
0.038544
31
-0.032155
12
0.086031
22
0.037168
32
-0.031938
0
3DFACE
62
163
10
0.088164
20
0.039670
30
-0.029507
11
0.085605
21
0.039910
31
-0.030588
12
0.087031
22
0.038357
32
-0.030600
0
3DFACE
62
163
10
0.086735
20
0.041221
30
-0.029499
11
0.085605
21
0.039910
31
-0.030588
12
0.088164
22
0.039670
32
-0.029507
0
3DFACE
62
163
10
0.089394
20
0.041069
30
-0.028686
11
0.086735
21
0.041221
31
-0.029499
12
0.088164
22
0.039670
32
-0.029507
0
3DFACE
62
163
10
0.087815
20
0.042449
30
-0.028764
11
0.086735
21
0.041221
31
-0.029499
12
0.089394
22
0.041069
32
-0.028686
0
3DFACE
62
163
10
0.090706
20
0.042549
30
-0.028145
11
0.087815
21
0.042449
31
-0.028764
12
0.089394
22
0.041069
32
-0.028686
0
3DFACE
62
163
10
0.089268
20
0.044090
30
-0.028145
11
0.087815
21
0.042449
31
-0.028764
12
0.090706
22
0.042549
32
-0.028145
0
3DFACE
62
163
10
0.090440
20
0.050554
30
-0.055035
11
0.091878
21
0.049014
31
-0.055035
12
0.090986
22
0.048325
32
-0.055206
0
3DFACE
62
163
10
0.089325
20
0.049692
30
-0.055235
11
0.090986
21
0.048325
31
-0.055206
12
0.090091
22
0.047630
32
-0.055285
0
3DFACE
62
163
10
0.089325
20
0.049692
30
-0.055235
11
0.090440
21
0.050554
31
-0.055035
12
0.090986
22
0.048325
32
-0.055206
0
3DFACE
62
163
10
0.088466
20
0.049025
30
-0.055289
11
0.089325
21
0.049692
31
-0.055235
12
0.090091
22
0.047630
32
-0.055285
0
3DFACE
62
163
10
0.088485
20
0.046383
30
-0.055191
11
0.088466
21
0.049025
31
-0.055289
12
0.090091
22
0.047630
32
-0.055285
0
3DFACE
62
163
10
0.086775
20
0.047712
30
-0.055145
11
0.088466
21
0.049025
31
-0.055289
12
0.088485
22
0.046383
32
-0.055191
0
3DFACE
62
163
10
0.086892
20
0.045153
30
-0.054796
11
0.086775
21
0.047712
31
-0.055145
12
0.088485
22
0.046383
32
-0.055191
0
3DFACE
62
163
10
0.085304
20
0.046578
30
-0.054743
11
0.086775
21
0.047712
31
-0.055145
12
0.086892
22
0.045153
32
-0.054796
0
3DFACE
62
163
10
0.085359
20
0.043979
30
-0.054108
11
0.085304
21
0.046578
31
-0.054743
12
0.086892
22
0.045153
32
-0.054796
0
3DFACE
62
163
10
0.083907
20
0.045508
30
-0.054100
11
0.085304
21
0.046578
31
-0.054743
12
0.085359
22
0.043979
32
-0.054108
0
3DFACE
62
163
10
0.083928
20
0.042894
30
-0.053149
11
0.083907
21
0.045508
31
-0.054100
12
0.085359
22
0.043979
32
-0.054108
0
3DFACE
62
163
10
0.082519
20
0.044456
30
-0.053171
11
0.083907
21
0.045508
31
-0.054100
12
0.083928
22
0.042894
32
-0.053149
0
3DFACE
62
163
10
0.081314
20
0.043564
30
-0.052083
11
0.083928
21
0.042894
31
-0.053149
12
0.082603
22
0.041914
32
-0.051927
0
3DFACE
62
163
10
0.081314
20
0.043564
30
-0.052083
11
0.082519
21
0.044456
31
-0.053171
12
0.083928
22
0.042894
32
-0.053149
0
3DFACE
62
163
10
0.080196
20
0.042759
30
-0.050764
11
0.082603
21
0.041914
31
-0.051927
12
0.081426
22
0.041072
32
-0.050477
0
3DFACE
62
163
10
0.080196
20
0.042759
30
-0.050764
11
0.081314
21
0.043564
31
-0.052083
12
0.082603
22
0.041914
32
-0.051927
0
3DFACE
62
163
10
0.079212
20
0.042078
30
-0.049250
11
0.081426
21
0.041072
31
-0.050477
12
0.080425
22
0.040389
32
-0.048841
0
3DFACE
62
163
10
0.079212
20
0.042078
30
-0.049250
11
0.080196
21
0.042759
31
-0.050764
12
0.081426
22
0.041072
32
-0.050477
0
3DFACE
62
163
10
0.078618
20
0.041692
30
-0.048099
11
0.080425
21
0.040389
31
-0.048841
12
0.079603
22
0.039879
32
-0.047032
0
3DFACE
62
163
10
0.078618
20
0.041692
30
-0.048099
11
0.079212
21
0.042078
31
-0.049250
12
0.080425
22
0.040389
32
-0.048841
0
3DFACE
62
163
10
0.077792
20
0.041215
30
-0.045956
11
0.079603
21
0.039879
31
-0.047032
12
0.078987
22
0.039559
32
-0.045104
0
3DFACE
62
163
10
0.077792
20
0.041215
30
-0.045956
11
0.078618
21
0.041692
31
-0.048099
12
0.079603
22
0.039879
32
-0.047032
0
3DFACE
62
163
10
0.077317
20
0.041012
30
-0.044081
11
0.078987
21
0.039559
31
-0.045104
12
0.078588
22
0.039438
32
-0.043111
0
3DFACE
62
163
10
0.077317
20
0.041012
30
-0.044081
11
0.077792
21
0.041215
31
-0.045956
12
0.078987
22
0.039559
32
-0.045104
0
3DFACE
62
163
10
0.077081
20
0.040981
30
-0.042572
11
0.078588
21
0.039438
31
-0.043111
12
0.078406
22
0.039524
32
-0.041070
0
3DFACE
62
163
10
0.077081
20
0.040981
30
-0.042572
11
0.077317
21
0.041012
31
-0.044081
12
0.078588
22
0.039438
32
-0.043111
0
3DFACE
62
163
10
0.076958
20
0.041166
30
-0.040191
11
0.077081
21
0.040981
31
-0.042572
12
0.078406
22
0.039524
32
-0.041070
0
3DFACE
62
163
10
0.076958
20
0.041166
30
-0.040191
11
0.078406
21
0.039524
31
-0.041070
12
0.078446
22
0.039818
32
-0.039041
0
3DFACE
62
163
10
0.077136
20
0.041625
30
-0.037871
11
0.076958
21
0.041166
31
-0.040191
12
0.078446
22
0.039818
32
-0.039041
0
3DFACE
62
163
10
0.077136
20
0.041625
30
-0.037871
11
0.078446
21
0.039818
31
-0.039041
12
0.078703
22
0.040309
32
-0.037083
0
3DFACE
62
163
10
0.077429
20
0.042105
30
-0.036314
11
0.078703
21
0.040309
31
-0.037083
12
0.079170
22
0.041001
32
-0.035210
0
3DFACE
62
163
10
0.077429
20
0.042105
30
-0.036314
11
0.077136
21
0.041625
31
-0.037871
12
0.078703
22
0.040309
32
-0.037083
0
3DFACE
62
163
10
0.078062
20
0.042986
30
-0.034269
11
0.079170
21
0.041001
31
-0.035210
12
0.079834
22
0.041877
32
-0.033479
0
3DFACE
62
163
10
0.078062
20
0.042986
30
-0.034269
11
0.077429
21
0.042105
31
-0.036314
12
0.079170
22
0.041001
32
-0.035210
0
3DFACE
62
163
10
0.078878
20
0.044016
30
-0.032534
11
0.079834
21
0.041877
31
-0.033479
12
0.080673
22
0.042910
32
-0.031938
0
3DFACE
62
163
10
0.078878
20
0.044016
30
-0.032534
11
0.078062
21
0.042986
31
-0.034269
12
0.079834
22
0.041877
32
-0.033479
0
3DFACE
62
163
10
0.079893
20
0.045236
30
-0.031012
11
0.080673
21
0.042910
31
-0.031938
12
0.081673
22
0.044099
32
-0.030600
0
3DFACE
62
163
10
0.079893
20
0.045236
30
-0.031012
11
0.078878
21
0.044016
31
-0.032534
12
0.080673
22
0.042910
32
-0.031938
0
3DFACE
62
163
10
0.081149
20
0.046701
30
-0.029690
11
0.081673
21
0.044099
31
-0.030600
12
0.082806
22
0.045412
32
-0.029507
0
3DFACE
62
163
10
0.081149
20
0.046701
30
-0.029690
11
0.079893
21
0.045236
31
-0.031012
12
0.081673
22
0.044099
32
-0.030600
0
3DFACE
62
163
10
0.082497
20
0.048237
30
-0.028742
11
0.082806
21
0.045412
31
-0.029507
12
0.084036
22
0.046811
32
-0.028686
0
3DFACE
62
163
10
0.082497
20
0.048237
30
-0.028742
11
0.081149
21
0.046701
31
-0.029690
12
0.082806
22
0.045412
32
-0.029507
0
3DFACE
62
163
10
0.085348
20
0.048292
30
-0.028145
11
0.082497
21
0.048237
31
-0.028742
12
0.084036
22
0.046811
32
-0.028686
0
3DFACE
62
163
10
0.083910
20
0.049832
30
-0.028145
11
0.082497
21
0.048237
31
-0.028742
12
0.085348
22
0.048292
32
-0.028145
0
3DFACE
62
163
10
0.085082
20
0.056297
30
-0.055035
11
0.086519
21
0.054756
31
-0.055035
12
0.085628
22
0.054067
32
-0.055206
0
3DFACE
62
163
10
0.084189
20
0.055607
30
-0.055207
11
0.085628
21
0.054067
31
-0.055206
12
0.084733
22
0.053373
32
-0.055285
0
3DFACE
62
163
10
0.084189
20
0.055607
30
-0.055207
11
0.085082
21
0.056297
31
-0.055035
12
0.085628
22
0.054067
32
-0.055206
0
3DFACE
62
163
10
0.083331
20
0.054941
30
-0.055283
11
0.084189
21
0.055607
31
-0.055207
12
0.084733
22
0.053373
32
-0.055285
0
3DFACE
62
163
10
0.083127
20
0.052125
30
-0.055191
11
0.083331
21
0.054941
31
-0.055283
12
0.084733
22
0.053373
32
-0.055285
0
3DFACE
62
163
10
0.081649
20
0.053635
30
-0.055185
11
0.083331
21
0.054941
31
-0.055283
12
0.083127
22
0.052125
32
-0.055191
0
3DFACE
62
163
10
0.081533
20
0.050895
30
-0.054796
11
0.081649
21
0.053635
31
-0.055185
12
0.083127
22
0.052125
32
-0.055191
0
3DFACE
62
163
10
0.079967
20
0.052337
30
-0.054750
11
0.081649
21
0.053635
31
-0.055185
12
0.081533
22
0.050895
32
-0.054796
0
3DFACE
62
163
10
0.080001
20
0.049721
30
-0.054108
11
0.079967
21
0.052337
31
-0.054750
12
0.081533
22
0.050895
32
-0.054796
0
3DFACE
62
163
10
0.078501
20
0.051214
30
-0.054073
11
0.079967
21
0.052337
31
-0.054750
12
0.080001
22
0.049721
32
-0.054108
0
3DFACE
62
163
10
0.078570
20
0.048636
30
-0.053149
11
0.078501
21
0.051214
31
-0.054073
12
0.080001
22
0.049721
32
-0.054108
0
3DFACE
62
163
10
0.076969
20
0.050055
30
-0.053017
11
0.078501
21
0.051214
31
-0.054073
12
0.078570
22
0.048636
32
-0.053149
0
3DFACE
62
163
10
0.077245
20
0.047657
30
-0.051927
11
0.076969
21
0.050055
31
-0.053017
12
0.078570
22
0.048636
32
-0.053149
0
3DFACE
62
163
10
0.075537
20
0.049001
30
-0.051629
11
0.076969
21
0.050055
31
-0.053017
12
0.077245
22
0.047657
32
-0.051927
0
3DFACE
62
163
10
0.076068
20
0.046814
30
-0.050477
11
0.075537
21
0.049001
31
-0.051629
12
0.077245
22
0.047657
32
-0.051927
0
3DFACE
62
163
10
0.074389
20
0.048186
30
-0.050123
11
0.075537
21
0.049001
31
-0.051629
12
0.076068
22
0.046814
32
-0.050477
0
3DFACE
62
163
10
0.075067
20
0.046131
30
-0.048841
11
0.074389
21
0.048186
31
-0.050123
12
0.076068
22
0.046814
32
-0.050477
0
3DFACE
62
163
10
0.073385
20
0.047513
30
-0.048359
11
0.075067
21
0.046131
31
-0.048841
12
0.074245
22
0.045621
32
-0.047032
0
3DFACE
62
163
10
0.073385
20
0.047513
30
-0.048359
11
0.074389
21
0.048186
31
-0.050123
12
0.075067
22
0.046131
32
-0.048841
0
3DFACE
62
163
10
0.072542
20
0.047013
30
-0.046290
11
0.074245
21
0.045621
31
-0.047032
12
0.073628
22
0.045301
32
-0.045104
0
3DFACE
62
163
10
0.072542
20
0.047013
30
-0.046290
11
0.073385
21
0.047513
31
-0.048359
12
0.074245
22
0.045621
32
-0.047032
0
3DFACE
62
163
10
0.072036
20
0.046780
30
-0.044451
11
0.073628
21
0.045301
31
-0.045104
12
0.073230
22
0.045181
32
-0.043111
0
3DFACE
62
163
10
0.072036
20
0.046780
30
-0.044451
11
0.072542
21
0.047013
31
-0.046290
12
0.073628
22
0.045301
32
-0.045104
0
3DFACE
62
163
10
0.071733
20
0.046722
30
-0.042658
11
0.072036
21
0.046780
31
-0.044451
12
0.073230
22
0.045181
32
-0.043111
0
3DFACE
62
163
10
0.073048
20
0.045267
30
-0.041070
11
0.071733
21
0.046722
31
-0.042658
12
0.073230
22
0.045181
32
-0.043111
0
3DFACE
62
163
10
0.071599
20
0.046883
30
-0.040384
11
0.071733
21
0.046722
31
-0.042658
12
0.073048
22
0.045267
32
-0.041070
0
3DFACE
62
163
10
0.071599
20
0.046883
30
-0.040384
11
0.073048
21
0.045267
31
-0.041070
12
0.073088
22
0.045560
32
-0.039041
0
3DFACE
62
163
10
0.071686
20
0.047187
30
-0.038627
11
0.071599
21
0.046883
31
-0.040384
12
0.073088
22
0.045560
32
-0.039041
0
3DFACE
62
163
10
0.073345
20
0.046051
30
-0.037083
11
0.071686
21
0.047187
31
-0.038627
12
0.073088
22
0.045560
32
-0.039041
0
3DFACE
62
163
10
0.071909
20
0.047595
30
-0.037073
11
0.071686
21
0.047187
31
-0.038627
12
0.073345
22
0.046051
32
-0.037083
0
3DFACE
62
163
10
0.073812
20
0.046743
30
-0.035210
11
0.071909
21
0.047595
31
-0.037073
12
0.073345
22
0.046051
32
-0.037083
0
3DFACE
62
163
10
0.072364
20
0.048269
30
-0.035245
11
0.071909
21
0.047595
31
-0.037073
12
0.073812
22
0.046743
32
-0.035210
0
3DFACE
62
163
10
0.074476
20
0.047619
30
-0.033479
11
0.072364
21
0.048269
31
-0.035245
12
0.073812
22
0.046743
32
-0.035210
0
3DFACE
62
163
10
0.073075
20
0.049205
30
-0.033401
11
0.072364
21
0.048269
31
-0.035245
12
0.074476
22
0.047619
32
-0.033479
0
3DFACE
62
163
10
0.075315
20
0.048652
30
-0.031938
11
0.073075
21
0.049205
31
-0.033401
12
0.074476
22
0.047619
32
-0.033479
0
3DFACE
62
163
10
0.073814
20
0.050117
30
-0.032038
11
0.073075
21
0.049205
31
-0.033401
12
0.075315
22
0.048652
32
-0.031938
0
3DFACE
62
163
10
0.074681
20
0.051152
30
-0.030830
11
0.075315
21
0.048652
31
-0.031938
12
0.076315
22
0.049842
32
-0.030600
0
3DFACE
62
163
10
0.074681
20
0.051152
30
-0.030830
11
0.073814
21
0.050117
31
-0.032038
12
0.075315
22
0.048652
32
-0.031938
0
3DFACE
62
163
10
0.075863
20
0.052528
30
-0.029628
11
0.076315
21
0.049842
31
-0.030600
12
0.077447
22
0.051155
32
-0.029507
0
3DFACE
62
163
10
0.075863
20
0.052528
30
-0.029628
11
0.074681
21
0.051152
31
-0.030830
12
0.076315
22
0.049842
32
-0.030600
0
3DFACE
62
163
10
0.077069
20
0.053900
30
-0.028781
11
0.077447
21
0.051155
31
-0.029507
12
0.078678
22
0.052554
32
-0.028686
0
3DFACE
62
163
10
0.077069
20
0.053900
30
-0.028781
11
0.075863
21
0.052528
31
-0.029628
12
0.077447
22
0.051155
32
-0.029507
0
3DFACE
62
163
10
0.078552
20
0.055575
30
-0.028145
11
0.078678
21
0.052554
31
-0.028686
12
0.079990
22
0.054034
32
-0.028145
0
3DFACE
62
163
10
0.078552
20
0.055575
30
-0.028145
11
0.077069
21
0.053900
31
-0.028781
12
0.078678
22
0.052554
32
-0.028686
0
3DFACE
62
163
10
0.079724
20
0.062039
30
-0.055035
11
0.081161
21
0.060498
31
-0.055035
12
0.080270
22
0.059809
32
-0.055206
0
3DFACE
62
163
10
0.078545
20
0.061127
30
-0.055242
11
0.080270
21
0.059809
31
-0.055206
12
0.079375
22
0.059115
32
-0.055285
0
3DFACE
62
163
10
0.078545
20
0.061127
30
-0.055242
11
0.079724
21
0.062039
31
-0.055035
12
0.080270
22
0.059809
32
-0.055206
0
3DFACE
62
163
10
0.077810
20
0.060557
30
-0.055288
11
0.078545
21
0.061127
31
-0.055242
12
0.079375
22
0.059115
32
-0.055285
0
3DFACE
62
163
10
0.077768
20
0.057867
30
-0.055191
11
0.077810
21
0.060557
31
-0.055288
12
0.079375
22
0.059115
32
-0.055285
0
3DFACE
62
163
10
0.076487
20
0.059529
30
-0.055214
11
0.077810
21
0.060557
31
-0.055288
12
0.077768
22
0.057867
32
-0.055191
0
3DFACE
62
163
10
0.075257
20
0.058578
30
-0.054959
11
0.077768
21
0.057867
31
-0.055191
12
0.076175
22
0.056637
32
-0.054796
0
3DFACE
62
163
10
0.075257
20
0.058578
30
-0.054959
11
0.076487
21
0.059529
31
-0.055214
12
0.077768
22
0.057867
32
-0.055191
0
3DFACE
62
163
10
0.073544
20
0.057263
30
-0.054288
11
0.076175
21
0.056637
31
-0.054796
12
0.074643
22
0.055463
32
-0.054108
0
3DFACE
62
163
10
0.073544
20
0.057263
30
-0.054288
11
0.075257
21
0.058578
31
-0.054959
12
0.076175
22
0.056637
32
-0.054796
0
3DFACE
62
163
10
0.072222
20
0.056256
30
-0.053485
11
0.074643
21
0.055463
31
-0.054108
12
0.073212
22
0.054379
32
-0.053149
0
3DFACE
62
163
10
0.072222
20
0.056256
30
-0.053485
11
0.073544
21
0.057263
31
-0.054288
12
0.074643
22
0.055463
32
-0.054108
0
3DFACE
62
163
10
0.070816
20
0.055208
30
-0.052303
11
0.073212
21
0.054379
31
-0.053149
12
0.071887
22
0.053399
32
-0.051927
0
3DFACE
62
163
10
0.070816
20
0.055208
30
-0.052303
11
0.072222
21
0.056256
31
-0.053485
12
0.073212
22
0.054379
32
-0.053149
0
3DFACE
62
163
10
0.069585
20
0.054318
30
-0.050904
11
0.071887
21
0.053399
31
-0.051927
12
0.070709
22
0.052556
32
-0.050477
0
3DFACE
62
163
10
0.069585
20
0.054318
30
-0.050904
11
0.070816
21
0.055208
31
-0.052303
12
0.071887
22
0.053399
32
-0.051927
0
3DFACE
62
163
10
0.068443
20
0.053528
30
-0.049158
11
0.070709
21
0.052556
31
-0.050477
12
0.069709
22
0.051873
32
-0.048841
0
3DFACE
62
163
10
0.068443
20
0.053528
30
-0.049158
11
0.069585
21
0.054318
31
-0.050904
12
0.070709
22
0.052556
32
-0.050477
0
3DFACE
62
163
10
0.067688
20
0.053045
30
-0.047619
11
0.069709
21
0.051873
31
-0.048841
12
0.068887
22
0.051363
32
-0.047032
0
3DFACE
62
163
10
0.067688
20
0.053045
30
-0.047619
11
0.068443
21
0.053528
31
-0.049158
12
0.069709
22
0.051873
32
-0.048841
0
3DFACE
62
163
10
0.066977
20
0.052651
30
-0.045630
11
0.068887
21
0.051363
31
-0.047032
12
0.068270
22
0.051044
32
-0.045104
0
3DFACE
62
163
10
0.066977
20
0.052651
30
-0.045630
11
0.067688
21
0.053045
31
-0.047619
12
0.068887
22
0.051363
32
-0.047032
0
3DFACE
62
163
10
0.066524
20
0.052477
30
-0.043672
11
0.068270
21
0.051044
31
-0.045104
12
0.067872
22
0.050923
32
-0.043111
0
3DFACE
62
163
10
0.066524
20
0.052477
30
-0.043672
11
0.066977
21
0.052651
31
-0.045630
12
0.068270
22
0.051044
32
-0.045104
0
3DFACE
62
163
10
0.066290
20
0.052496
30
-0.041775
11
0.067872
21
0.050923
31
-0.043111
12
0.067689
22
0.051009
32
-0.041070
0
3DFACE
62
163
10
0.066290
20
0.052496
30
-0.041775
11
0.066524
21
0.052477
31
-0.043672
12
0.067872
22
0.050923
32
-0.043111
0
3DFACE
62
163
10
0.066269
20
0.052777
30
-0.039391
11
0.066290
21
0.052496
31
-0.041775
12
0.067689
22
0.051009
32
-0.041070
0
3DFACE
62
163
10
0.066269
20
0.052777
30
-0.039391
11
0.067689
21
0.051009
31
-0.041070
12
0.067729
22
0.051302
32
-0.039041
0
3DFACE
62
163
10
0.066470
20
0.053200
30
-0.037537
11
0.066269
21
0.052777
31
-0.039391
12
0.067729
22
0.051302
32
-0.039041
0
3DFACE
62
163
10
0.066470
20
0.053200
30
-0.037537
11
0.067729
21
0.051302
31
-0.039041
12
0.067987
22
0.051794
32
-0.037083
0
3DFACE
62
163
10
0.066979
20
0.053973
30
-0.035332
11
0.067987
21
0.051794
31
-0.037083
12
0.068454
22
0.052486
32
-0.035210
0
3DFACE
62
163
10
0.066979
20
0.053973
30
-0.035332
11
0.066470
21
0.053200
31
-0.037537
12
0.067987
22
0.051794
32
-0.037083
0
3DFACE
62
163
10
0.069118
20
0.053361
30
-0.033479
11
0.066979
21
0.053973
31
-0.035332
12
0.068454
22
0.052486
32
-0.035210
0
3DFACE
62
163
10
0.067759
20
0.055001
30
-0.033312
11
0.066979
21
0.053973
31
-0.035332
12
0.069118
22
0.053361
32
-0.033479
0
3DFACE
62
163
10
0.069956
20
0.054395
30
-0.031938
11
0.067759
21
0.055001
31
-0.033312
12
0.069118
22
0.053361
32
-0.033479
0
3DFACE
62
163
10
0.068722
20
0.055900
30
-0.031815
11
0.067759
21
0.055001
31
-0.033312
12
0.069956
22
0.054395
32
-0.031938
0
3DFACE
62
163
10
0.070956
20
0.055584
30
-0.030600
11
0.068722
21
0.055900
31
-0.031815
12
0.069956
22
0.054395
32
-0.031938
0
3DFACE
62
163
10
0.069834
20
0.056938
30
-0.030525
11
0.068722
21
0.055900
31
-0.031815
12
0.070956
22
0.055584
32
-0.030600
0
3DFACE
62
163
10
0.072089
20
0.056897
30
-0.029507
11
0.069834
21
0.056938
31
-0.030525
12
0.070956
22
0.055584
32
-0.030600
0
3DFACE
62
163
10
0.071071
20
0.058092
30
-0.029469
11
0.069834
21
0.056938
31
-0.030525
12
0.072089
22
0.056897
32
-0.029507
0
3DFACE
62
163
10
0.073320
20
0.058296
30
-0.028686
11
0.071071
21
0.058092
31
-0.029469
12
0.072089
22
0.056897
32
-0.029507
0
3DFACE
62
163
10
0.072408
20
0.059339
30
-0.028670
11
0.071071
21
0.058092
31
-0.029469
12
0.073320
22
0.058296
32
-0.028686
0
3DFACE
62
163
10
0.074631
20
0.059776
30
-0.028145
11
0.072408
21
0.059339
31
-0.028670
12
0.073320
22
0.058296
32
-0.028686
0
3DFACE
62
163
10
0.073815
20
0.060652
30
-0.028145
11
0.072408
21
0.059339
31
-0.028670
12
0.074631
22
0.059776
32
-0.028145
0
3DFACE
62
163
10
0.100157
20
0.032916
30
-0.049332
11
0.099468
21
0.032273
31
-0.049023
12
0.099273
22
0.032092
32
-0.048865
0
3DFACE
62
163
10
0.100559
20
0.033291
30
-0.049616
11
0.099468
21
0.032273
31
-0.049023
12
0.100157
22
0.032916
32
-0.049332
0
3DFACE
62
163
10
0.096704
20
0.029694
30
-0.045638
11
0.096746
21
0.029734
31
-0.045684
12
0.097340
22
0.030288
32
-0.046825
0
3DFACE
62
163
10
0.101083
20
0.033781
30
-0.049599
11
0.100559
21
0.033291
31
-0.049616
12
0.100157
22
0.032916
32
-0.049332
0
3DFACE
62
163
10
0.101528
20
0.034196
30
-0.049961
11
0.100559
21
0.033291
31
-0.049616
12
0.101083
22
0.033781
32
-0.049599
0
3DFACE
62
163
10
0.096306
20
0.029323
30
-0.044421
11
0.096704
21
0.029694
31
-0.045638
12
0.096187
22
0.029212
32
-0.044317
0
3DFACE
62
163
10
0.096306
20
0.029323
30
-0.044421
11
0.096746
21
0.029734
31
-0.045684
12
0.096704
22
0.029694
32
-0.045638
0
3DFACE
62
163
10
0.102029
20
0.034663
30
-0.049661
11
0.102509
21
0.035111
31
-0.050241
12
0.101528
22
0.034196
32
-0.049961
0
3DFACE
62
163
10
0.102029
20
0.034663
30
-0.049661
11
0.101528
21
0.034196
31
-0.049961
12
0.101083
22
0.033781
32
-0.049599
0
3DFACE
62
163
10
0.102970
20
0.035541
30
-0.049514
11
0.102509
21
0.035111
31
-0.050241
12
0.102029
22
0.034663
32
-0.049661
0
3DFACE
62
163
10
0.102970
20
0.035541
30
-0.049514
11
0.103547
21
0.036079
31
-0.050509
12
0.102509
22
0.035111
32
-0.050241
0
3DFACE
62
163
10
0.096031
20
0.029067
30
-0.043073
11
0.096306
21
0.029323
31
-0.044421
12
0.096187
22
0.029212
32
-0.044317
0
3DFACE
62
163
10
0.095474
20
0.028547
30
-0.041506
11
0.096031
21
0.029067
31
-0.043073
12
0.096187
22
0.029212
32
-0.044317
0
3DFACE
62
163
10
0.103959
20
0.036464
30
-0.049125
11
0.103547
21
0.036079
31
-0.050509
12
0.102970
22
0.035541
32
-0.049514
0
3DFACE
62
163
10
0.103959
20
0.036464
30
-0.049125
11
0.104604
21
0.037066
31
-0.050535
12
0.103547
22
0.036079
32
-0.050509
0
3DFACE
62
163
10
0.095931
20
0.028973
30
-0.041680
11
0.096031
21
0.029067
31
-0.043073
12
0.095474
22
0.028547
32
-0.041506
0
3DFACE
62
163
10
0.104883
20
0.037326
30
-0.048506
11
0.104604
21
0.037066
31
-0.050535
12
0.103959
22
0.036464
32
-0.049125
0
3DFACE
62
163
10
0.104883
20
0.037326
30
-0.048506
11
0.105651
21
0.038042
31
-0.050335
12
0.104604
22
0.037066
32
-0.050535
0
3DFACE
62
163
10
0.096009
20
0.029046
30
-0.040284
11
0.095931
21
0.028973
31
-0.041680
12
0.095474
22
0.028547
32
-0.041506
0
3DFACE
62
163
10
0.096009
20
0.029046
30
-0.040284
11
0.095474
21
0.028547
31
-0.041506
12
0.095209
22
0.028299
32
-0.040304
0
3DFACE
62
163
10
0.095077
20
0.028176
30
-0.039078
11
0.096009
21
0.029046
31
-0.040284
12
0.095209
22
0.028299
32
-0.040304
0
3DFACE
62
163
10
0.105715
20
0.038102
30
-0.047677
11
0.105651
21
0.038042
31
-0.050335
12
0.104883
22
0.037326
32
-0.048506
0
3DFACE
62
163
10
0.105715
20
0.038102
30
-0.047677
11
0.106667
21
0.038991
31
-0.049929
12
0.105651
22
0.038042
32
-0.050335
0
3DFACE
62
163
10
0.096261
20
0.029281
30
-0.038927
11
0.096009
21
0.029046
31
-0.040284
12
0.095077
22
0.028176
32
-0.039078
0
3DFACE
62
163
10
0.107628
20
0.039887
30
-0.049331
11
0.106667
21
0.038991
31
-0.049929
12
0.105715
22
0.038102
32
-0.047677
0
3DFACE
62
163
10
0.095087
20
0.028185
30
-0.037471
11
0.096261
21
0.029281
31
-0.038927
12
0.095077
22
0.028176
32
-0.039078
0
3DFACE
62
163
10
0.106429
20
0.038768
30
-0.046663
11
0.107628
21
0.039887
31
-0.049331
12
0.105715
22
0.038102
32
-0.047677
0
3DFACE
62
163
10
0.108518
20
0.040718
30
-0.048558
11
0.107628
21
0.039887
31
-0.049331
12
0.106429
22
0.038768
32
-0.046663
0
3DFACE
62
163
10
0.096681
20
0.029673
30
-0.037651
11
0.096261
21
0.029281
31
-0.038927
12
0.095087
22
0.028185
32
-0.037471
0
3DFACE
62
163
10
0.095288
20
0.028373
30
-0.035881
11
0.096681
21
0.029673
31
-0.037651
12
0.095087
22
0.028185
32
-0.037471
0
3DFACE
62
163
10
0.107003
20
0.039304
30
-0.045495
11
0.108518
21
0.040718
31
-0.048558
12
0.106429
22
0.038768
32
-0.046663
0
3DFACE
62
163
10
0.109332
20
0.041478
30
-0.047633
11
0.108518
21
0.040718
31
-0.048558
12
0.107003
22
0.039304
32
-0.045495
0
3DFACE
62
163
10
0.097256
20
0.030209
30
-0.036493
11
0.096681
21
0.029673
31
-0.037651
12
0.095288
22
0.028373
32
-0.035881
0
3DFACE
62
163
10
0.095671
20
0.028731
30
-0.034370
11
0.097256
21
0.030209
31
-0.036493
12
0.095288
22
0.028373
32
-0.035881
0
3DFACE
62
163
10
0.097968
20
0.030874
30
-0.035488
11
0.097256
21
0.030209
31
-0.036493
12
0.095671
22
0.028731
32
-0.034370
0
3DFACE
62
163
10
0.110053
20
0.042150
30
-0.046583
11
0.107003
21
0.039304
31
-0.045495
12
0.107420
22
0.039693
32
-0.044208
0
3DFACE
62
163
10
0.110053
20
0.042150
30
-0.046583
11
0.109332
21
0.041478
31
-0.047633
12
0.107003
22
0.039304
32
-0.045495
0
3DFACE
62
163
10
0.096290
20
0.029308
30
-0.032788
11
0.097968
21
0.030874
31
-0.035488
12
0.095671
22
0.028731
32
-0.034370
0
3DFACE
62
163
10
0.098797
20
0.031647
30
-0.034666
11
0.097968
21
0.030874
31
-0.035488
12
0.096290
22
0.029308
32
-0.032788
0
3DFACE
62
163
10
0.110677
20
0.042732
30
-0.045413
11
0.107420
21
0.039693
31
-0.044208
12
0.107668
22
0.039924
32
-0.042842
0
3DFACE
62
163
10
0.110677
20
0.042732
30
-0.045413
11
0.110053
21
0.042150
31
-0.046583
12
0.107420
22
0.039693
32
-0.044208
0
3DFACE
62
163
10
0.111191
20
0.043212
30
-0.044156
11
0.110677
21
0.042732
31
-0.045413
12
0.107668
22
0.039924
32
-0.042842
0
3DFACE
62
163
10
0.097171
20
0.030130
30
-0.031227
11
0.099717
21
0.032505
31
-0.034053
12
0.098797
22
0.031647
32
-0.034666
0
3DFACE
62
163
10
0.097171
20
0.030130
30
-0.031227
11
0.098797
21
0.031647
31
-0.034666
12
0.096290
22
0.029308
32
-0.032788
0
3DFACE
62
163
10
0.111564
20
0.043560
30
-0.042965
11
0.107668
21
0.039924
31
-0.042842
12
0.107738
22
0.039990
32
-0.041437
0
3DFACE
62
163
10
0.111564
20
0.043560
30
-0.042965
11
0.111191
21
0.043212
31
-0.044156
12
0.107668
22
0.039924
32
-0.042842
0
3DFACE
62
163
10
0.098243
20
0.031130
30
-0.029883
11
0.100700
21
0.033423
31
-0.033666
12
0.099717
22
0.032505
32
-0.034053
0
3DFACE
62
163
10
0.098243
20
0.031130
30
-0.029883
11
0.099717
21
0.032505
31
-0.034053
12
0.097171
22
0.030130
32
-0.031227
0
3DFACE
62
163
10
0.111851
20
0.043828
30
-0.041722
11
0.111564
21
0.043560
31
-0.042965
12
0.107738
22
0.039990
32
-0.041437
0
3DFACE
62
163
10
0.099454
20
0.032260
30
-0.028794
11
0.100700
21
0.033423
31
-0.033666
12
0.098243
22
0.031130
32
-0.029883
0
3DFACE
62
163
10
0.111725
20
0.043711
30
-0.039421
11
0.107738
21
0.039990
31
-0.041437
12
0.107629
22
0.039888
32
-0.040038
0
3DFACE
62
163
10
0.111725
20
0.043711
30
-0.039421
11
0.111851
21
0.043828
31
-0.041722
12
0.107738
22
0.039990
32
-0.041437
0
3DFACE
62
163
10
0.100775
20
0.033493
30
-0.027967
11
0.101724
21
0.034378
31
-0.033516
12
0.100700
22
0.033423
32
-0.033666
0
3DFACE
62
163
10
0.100775
20
0.033493
30
-0.027967
11
0.100700
21
0.033423
31
-0.033666
12
0.099454
22
0.032260
32
-0.028794
0
3DFACE
62
163
10
0.111319
20
0.043331
30
-0.037181
11
0.107629
21
0.039888
31
-0.040038
12
0.107344
22
0.039622
32
-0.038685
0
3DFACE
62
163
10
0.111319
20
0.043331
30
-0.037181
11
0.111725
21
0.043711
31
-0.039421
12
0.107629
22
0.039888
32
-0.040038
0
3DFACE
62
163
10
0.102462
20
0.035067
30
-0.027917
11
0.101724
21
0.034378
31
-0.033516
12
0.100775
22
0.033493
32
-0.027967
0
3DFACE
62
163
10
0.102462
20
0.035067
30
-0.027917
11
0.102750
21
0.035336
31
-0.033613
12
0.101724
22
0.034378
32
-0.033516
0
3DFACE
62
163
10
0.110643
20
0.042701
30
-0.035066
11
0.111319
21
0.043331
31
-0.037181
12
0.107344
22
0.039622
32
-0.038685
0
3DFACE
62
163
10
0.110643
20
0.042701
30
-0.035066
11
0.107344
21
0.039622
31
-0.038685
12
0.106891
22
0.039200
32
-0.037421
0
3DFACE
62
163
10
0.104131
20
0.036624
30
-0.028255
11
0.102750
21
0.035336
31
-0.033613
12
0.102462
22
0.035067
32
-0.027917
0
3DFACE
62
163
10
0.104131
20
0.036624
30
-0.028255
11
0.103749
21
0.036268
31
-0.033951
12
0.102750
22
0.035336
32
-0.033613
0
3DFACE
62
163
10
0.109718
20
0.041837
30
-0.033137
11
0.106891
21
0.039200
31
-0.037421
12
0.106285
22
0.038635
32
-0.036284
0
3DFACE
62
163
10
0.109718
20
0.041837
30
-0.033137
11
0.110643
21
0.042701
31
-0.035066
12
0.106891
22
0.039200
32
-0.037421
0
3DFACE
62
163
10
0.105735
20
0.038121
30
-0.028971
11
0.104690
21
0.037146
31
-0.034522
12
0.103749
22
0.036268
32
-0.033951
0
3DFACE
62
163
10
0.105735
20
0.038121
30
-0.028971
11
0.103749
21
0.036268
31
-0.033951
12
0.104131
22
0.036624
32
-0.028255
0
3DFACE
62
163
10
0.108568
20
0.040765
30
-0.031447
11
0.106285
21
0.038635
31
-0.036284
12
0.105544
22
0.037943
32
-0.035307
0
3DFACE
62
163
10
0.108568
20
0.040765
30
-0.031447
11
0.109718
21
0.041837
31
-0.033137
12
0.106285
22
0.038635
32
-0.036284
0
3DFACE
62
163
10
0.107228
20
0.039514
30
-0.030045
11
0.108568
21
0.040765
31
-0.031447
12
0.105544
22
0.037943
32
-0.035307
0
3DFACE
62
163
10
0.107228
20
0.039514
30
-0.030045
11
0.105544
21
0.037943
31
-0.035307
12
0.104690
22
0.037146
32
-0.034522
0
3DFACE
62
163
10
0.107228
20
0.039514
30
-0.030045
11
0.104690
21
0.037146
31
-0.034522
12
0.105735
22
0.038121
32
-0.028971
0
3DFACE
62
163
10
0.099468
20
0.032273
30
-0.049023
11
0.098456
21
0.031329
31
-0.048212
12
0.099273
22
0.032092
32
-0.048865
0
3DFACE
62
163
10
0.070631
20
0.057682
30
-0.037542
11
0.067328
21
0.054599
31
-0.035006
12
0.067117
22
0.054403
32
-0.036357
0
3DFACE
62
163
10
0.071208
20
0.058219
30
-0.036415
11
0.067328
21
0.054599
31
-0.035006
12
0.070631
22
0.057682
32
-0.037542
0
3DFACE
62
163
10
0.071208
20
0.058219
30
-0.036415
11
0.068722
21
0.055900
31
-0.031815
12
0.067759
22
0.055001
32
-0.033312
0
3DFACE
62
163
10
0.071208
20
0.058219
30
-0.036415
11
0.067521
21
0.054779
31
-0.034150
12
0.067328
22
0.054599
32
-0.035006
0
3DFACE
62
163
10
0.071208
20
0.058219
30
-0.036415
11
0.067759
21
0.055001
31
-0.033312
12
0.067521
22
0.054779
32
-0.034150
0
3DFACE
62
163
10
0.070203
20
0.057282
30
-0.038786
11
0.070631
21
0.057682
31
-0.037542
12
0.067117
22
0.054403
32
-0.036357
0
3DFACE
62
163
10
0.070203
20
0.057282
30
-0.038786
11
0.067015
21
0.054307
31
-0.037738
12
0.067025
22
0.054316
32
-0.039124
0
3DFACE
62
163
10
0.070203
20
0.057282
30
-0.038786
11
0.067117
21
0.054403
31
-0.036357
12
0.067015
22
0.054307
32
-0.037738
0
3DFACE
62
163
10
0.071915
20
0.058879
30
-0.035439
11
0.069834
21
0.056938
31
-0.030525
12
0.068722
22
0.055900
32
-0.031815
0
3DFACE
62
163
10
0.071915
20
0.058879
30
-0.035439
11
0.068722
21
0.055900
31
-0.031815
12
0.071208
22
0.058219
32
-0.036415
0
3DFACE
62
163
10
0.069936
20
0.057032
30
-0.040111
11
0.070203
21
0.057282
31
-0.038786
12
0.067025
22
0.054316
32
-0.039124
0
3DFACE
62
163
10
0.069936
20
0.057032
30
-0.040111
11
0.067025
21
0.054316
31
-0.039124
12
0.067156
22
0.054439
32
-0.040494
0
3DFACE
62
163
10
0.072733
20
0.059643
30
-0.034641
11
0.069834
21
0.056938
31
-0.030525
12
0.071915
22
0.058879
32
-0.035439
0
3DFACE
62
163
10
0.072733
20
0.059643
30
-0.034641
11
0.071071
21
0.058092
31
-0.029469
12
0.069834
22
0.056938
32
-0.030525
0
3DFACE
62
163
10
0.069837
20
0.056940
30
-0.041479
11
0.069936
21
0.057032
31
-0.040111
12
0.067156
22
0.054439
32
-0.040494
0
3DFACE
62
163
10
0.069837
20
0.056940
30
-0.041479
11
0.067412
21
0.054678
31
-0.041841
12
0.067787
22
0.055027
32
-0.043127
0
3DFACE
62
163
10
0.069837
20
0.056940
30
-0.041479
11
0.067156
21
0.054439
31
-0.040494
12
0.067412
22
0.054678
32
-0.041841
0
3DFACE
62
163
10
0.073639
20
0.060488
30
-0.034044
11
0.071071
21
0.058092
31
-0.029469
12
0.072733
22
0.059643
32
-0.034641
0
3DFACE
62
163
10
0.073639
20
0.060488
30
-0.034044
11
0.072408
21
0.059339
31
-0.028670
12
0.071071
22
0.058092
32
-0.029469
0
3DFACE
62
163
10
0.069908
20
0.057007
30
-0.042850
11
0.069837
21
0.056940
31
-0.041479
12
0.067787
22
0.055027
32
-0.043127
0
3DFACE
62
163
10
0.069908
20
0.057007
30
-0.042850
11
0.067787
21
0.055027
31
-0.043127
12
0.068281
22
0.055488
32
-0.044342
0
3DFACE
62
163
10
0.074605
20
0.061389
30
-0.033666
11
0.075401
21
0.062132
31
-0.027898
12
0.073815
22
0.060652
32
-0.028145
0
3DFACE
62
163
10
0.074605
20
0.061389
30
-0.033666
11
0.073815
21
0.060652
31
-0.028145
12
0.072408
22
0.059339
32
-0.028670
0
3DFACE
62
163
10
0.074605
20
0.061389
30
-0.033666
11
0.072408
21
0.059339
31
-0.028670
12
0.073639
22
0.060488
32
-0.034044
0
3DFACE
62
163
10
0.070149
20
0.057231
30
-0.044185
11
0.068281
21
0.055488
31
-0.044342
12
0.068893
22
0.056059
32
-0.045448
0
3DFACE
62
163
10
0.070149
20
0.057231
30
-0.044185
11
0.069908
21
0.057007
31
-0.042850
12
0.068281
22
0.055488
32
-0.044342
0
3DFACE
62
163
10
0.075624
20
0.062340
30
-0.033517
11
0.075401
21
0.062132
31
-0.027898
12
0.074605
22
0.061389
32
-0.033666
0
3DFACE
62
163
10
0.075624
20
0.062340
30
-0.033517
11
0.076996
21
0.063620
31
-0.027998
12
0.075401
22
0.062132
32
-0.027898
0
3DFACE
62
163
10
0.070552
20
0.057607
30
-0.045444
11
0.068893
21
0.056059
31
-0.045448
12
0.069616
22
0.056734
32
-0.046422
0
3DFACE
62
163
10
0.070552
20
0.057607
30
-0.045444
11
0.070149
21
0.057231
31
-0.044185
12
0.068893
22
0.056059
32
-0.045448
0
3DFACE
62
163
10
0.076646
20
0.063294
30
-0.033611
11
0.078558
21
0.065078
31
-0.028444
12
0.076996
22
0.063620
32
-0.027998
0
3DFACE
62
163
10
0.076646
20
0.063294
30
-0.033611
11
0.076996
21
0.063620
31
-0.027998
12
0.075624
22
0.062340
32
-0.033517
0
3DFACE
62
163
10
0.070435
20
0.057499
30
-0.047242
11
0.070552
21
0.057607
31
-0.045444
12
0.069616
22
0.056734
32
-0.046422
0
3DFACE
62
163
10
0.071105
20
0.058124
30
-0.046592
11
0.070552
21
0.057607
31
-0.045444
12
0.070435
22
0.057499
32
-0.047242
0
3DFACE
62
163
10
0.077641
20
0.064222
30
-0.033945
11
0.078558
21
0.065078
31
-0.028444
12
0.076646
22
0.063294
32
-0.033611
0
3DFACE
62
163
10
0.080050
20
0.066470
30
-0.029223
11
0.078558
21
0.065078
31
-0.028444
12
0.077641
22
0.064222
32
-0.033945
0
3DFACE
62
163
10
0.071340
20
0.058342
30
-0.047873
11
0.071105
21
0.058124
31
-0.046592
12
0.070435
22
0.057499
32
-0.047242
0
3DFACE
62
163
10
0.071793
20
0.058765
30
-0.047595
11
0.071105
21
0.058124
31
-0.046592
12
0.071340
22
0.058342
32
-0.047873
0
3DFACE
62
163
10
0.078579
20
0.065097
30
-0.034510
11
0.080050
21
0.066470
31
-0.029223
12
0.077641
22
0.064222
32
-0.033945
0
3DFACE
62
163
10
0.072025
20
0.058982
30
-0.048323
11
0.071793
21
0.058765
31
-0.047595
12
0.071340
22
0.058342
32
-0.047873
0
3DFACE
62
163
10
0.081432
20
0.067759
30
-0.030317
11
0.080050
21
0.066470
31
-0.029223
12
0.078579
22
0.065097
32
-0.034510
0
3DFACE
62
163
10
0.072595
20
0.059513
30
-0.048424
11
0.071793
21
0.058765
31
-0.047595
12
0.072025
22
0.058982
32
-0.048323
0
3DFACE
62
163
10
0.072714
20
0.059625
30
-0.048762
11
0.072595
21
0.059513
31
-0.048424
12
0.072025
22
0.058982
32
-0.048323
0
3DFACE
62
163
10
0.079431
20
0.065893
30
-0.035288
11
0.081432
21
0.067759
31
-0.030317
12
0.078579
22
0.065097
32
-0.034510
0
3DFACE
62
163
10
0.073488
20
0.060347
30
-0.049054
11
0.072714
21
0.059625
31
-0.048762
12
0.073423
22
0.060286
32
-0.049132
0
3DFACE
62
163
10
0.073488
20
0.060347
30
-0.049054
11
0.072595
21
0.059513
31
-0.048424
12
0.072714
22
0.059625
32
-0.048762
0
3DFACE
62
163
10
0.082669
20
0.068913
30
-0.031696
11
0.079431
21
0.065893
31
-0.035288
12
0.080172
22
0.066584
32
-0.036256
0
3DFACE
62
163
10
0.082669
20
0.068913
30
-0.031696
11
0.081432
21
0.067759
31
-0.030317
12
0.079431
22
0.065893
32
-0.035288
0
3DFACE
62
163
10
0.074154
20
0.060969
30
-0.049411
11
0.073488
21
0.060347
31
-0.049054
12
0.073423
22
0.060286
32
-0.049132
0
3DFACE
62
163
10
0.074446
20
0.061241
30
-0.049469
11
0.073488
21
0.060347
31
-0.049054
12
0.074154
22
0.060969
32
-0.049411
0
3DFACE
62
163
10
0.074794
20
0.061566
30
-0.049571
11
0.074446
21
0.061241
31
-0.049469
12
0.074154
22
0.060969
32
-0.049411
0
3DFACE
62
163
10
0.083357
20
0.069556
30
-0.033483
11
0.082669
21
0.068913
31
-0.031696
12
0.080172
22
0.066584
32
-0.036256
0
3DFACE
62
163
10
0.075442
20
0.062170
30
-0.049655
11
0.074446
21
0.061241
31
-0.049469
12
0.074794
22
0.061566
32
-0.049571
0
3DFACE
62
163
10
0.083832
20
0.069999
30
-0.035389
11
0.080172
21
0.066584
31
-0.036256
12
0.080780
22
0.067151
32
-0.037384
0
3DFACE
62
163
10
0.083832
20
0.069999
30
-0.035389
11
0.083357
21
0.069556
31
-0.033483
12
0.080172
22
0.066584
32
-0.036256
0
3DFACE
62
163
10
0.077985
20
0.064543
30
-0.049088
11
0.077935
21
0.064496
31
-0.049086
12
0.076954
22
0.063581
32
-0.049492
0
3DFACE
62
163
10
0.084069
20
0.070220
30
-0.037388
11
0.080780
21
0.067151
31
-0.037384
12
0.081236
22
0.067576
32
-0.038640
0
3DFACE
62
163
10
0.084069
20
0.070220
30
-0.037388
11
0.083832
21
0.069999
31
-0.035389
12
0.080780
22
0.067151
32
-0.037384
0
3DFACE
62
163
10
0.078849
20
0.065350
30
-0.048454
11
0.077935
21
0.064496
31
-0.049086
12
0.077985
22
0.064543
32
-0.049088
0
3DFACE
62
163
10
0.078988
20
0.065479
30
-0.048473
11
0.078849
21
0.065350
31
-0.048454
12
0.077985
22
0.064543
32
-0.049088
0
3DFACE
62
163
10
0.079670
20
0.066116
30
-0.047616
11
0.078849
21
0.065350
31
-0.048454
12
0.078988
22
0.065479
32
-0.048473
0
3DFACE
62
163
10
0.084057
20
0.070209
30
-0.039399
11
0.084069
21
0.070220
31
-0.037388
12
0.081236
22
0.067576
32
-0.038640
0
3DFACE
62
163
10
0.084057
20
0.070209
30
-0.039399
11
0.081236
21
0.067576
31
-0.038640
12
0.081526
22
0.067847
32
-0.039984
0
3DFACE
62
163
10
0.080808
20
0.067178
30
-0.046847
11
0.079670
21
0.066116
31
-0.047616
12
0.078988
22
0.065479
32
-0.048473
0
3DFACE
62
163
10
0.080808
20
0.067178
30
-0.046847
11
0.080373
21
0.066771
31
-0.046596
12
0.079670
22
0.066116
32
-0.047616
0
3DFACE
62
163
10
0.080808
20
0.067178
30
-0.046847
11
0.080936
21
0.067296
31
-0.045425
12
0.080373
22
0.066771
32
-0.046596
0
3DFACE
62
163
10
0.083817
20
0.069985
30
-0.041195
11
0.084057
21
0.070209
31
-0.039399
12
0.081526
22
0.067847
32
-0.039984
0
3DFACE
62
163
10
0.083817
20
0.069985
30
-0.041195
11
0.081526
21
0.067847
31
-0.039984
12
0.081642
22
0.067955
32
-0.041376
0
3DFACE
62
163
10
0.081533
20
0.067854
30
-0.046143
11
0.080936
21
0.067296
31
-0.045425
12
0.080808
22
0.067178
32
-0.046847
0
3DFACE
62
163
10
0.083414
20
0.069609
30
-0.042727
11
0.083817
21
0.069985
31
-0.041195
12
0.081642
22
0.067955
32
-0.041376
0
3DFACE
62
163
10
0.083414
20
0.069609
30
-0.042727
11
0.081642
21
0.067955
31
-0.041376
12
0.081580
22
0.067898
32
-0.042775
0
3DFACE
62
163
10
0.082171
20
0.068449
30
-0.045320
11
0.080936
21
0.067296
31
-0.045425
12
0.081533
22
0.067854
32
-0.046143
0
3DFACE
62
163
10
0.082171
20
0.068449
30
-0.045320
11
0.081342
21
0.067676
31
-0.044138
12
0.080936
22
0.067296
32
-0.045425
0
3DFACE
62
163
10
0.082834
20
0.069068
30
-0.044166
11
0.083414
21
0.069609
31
-0.042727
12
0.081580
22
0.067898
32
-0.042775
0
3DFACE
62
163
10
0.082834
20
0.069068
30
-0.044166
11
0.081342
21
0.067676
31
-0.044138
12
0.082171
22
0.068449
32
-0.045320
0
3DFACE
62
163
10
0.082834
20
0.069068
30
-0.044166
11
0.081580
21
0.067898
31
-0.042775
12
0.081342
22
0.067676
32
-0.044138
0
3DFACE
62
163
10
0.073815
20
0.060652
30
-0.028145
11
0.074631
21
0.059776
31
-0.028145
12
0.075596
22
0.060859
32
-0.027942
0
3DFACE
62
163
10
0.075401
20
0.062132
30
-0.027898
11
0.075596
21
0.060859
31
-0.027942
12
0.076565
22
0.061944
32
-0.027892
0
3DFACE
62
163
10
0.075401
20
0.062132
30
-0.027898
11
0.073815
21
0.060652
31
-0.028145
12
0.075596
22
0.060859
32
-0.027942
0
3DFACE
62
163
10
0.076996
20
0.063620
30
-0.027998
11
0.076565
21
0.061944
31
-0.027892
12
0.077920
22
0.063461
32
-0.028082
0
3DFACE
62
163
10
0.076996
20
0.063620
30
-0.027998
11
0.075401
21
0.062132
31
-0.027898
12
0.076565
22
0.061944
32
-0.027892
0
3DFACE
62
163
10
0.078558
20
0.065078
30
-0.028444
11
0.077920
21
0.063461
31
-0.028082
12
0.079244
22
0.064954
32
-0.028573
0
3DFACE
62
163
10
0.078558
20
0.065078
30
-0.028444
11
0.076996
21
0.063620
31
-0.027998
12
0.077920
22
0.063461
32
-0.028082
0
3DFACE
62
163
10
0.080050
20
0.066470
30
-0.029223
11
0.079244
21
0.064954
31
-0.028573
12
0.080494
22
0.066374
32
-0.029350
0
3DFACE
62
163
10
0.080050
20
0.066470
30
-0.029223
11
0.078558
21
0.065078
31
-0.028444
12
0.079244
22
0.064954
32
-0.028573
0
3DFACE
62
163
10
0.081432
20
0.067759
30
-0.030317
11
0.080494
21
0.066374
31
-0.029350
12
0.081642
22
0.067698
32
-0.030395
0
3DFACE
62
163
10
0.081432
20
0.067759
30
-0.030317
11
0.080050
21
0.066470
31
-0.029223
12
0.080494
22
0.066374
32
-0.029350
0
3DFACE
62
163
10
0.082669
20
0.068913
30
-0.031696
11
0.081432
21
0.067759
31
-0.030317
12
0.081642
22
0.067698
32
-0.030395
0
3DFACE
62
163
10
0.066979
20
0.053973
30
-0.035332
11
0.067117
21
0.054403
31
-0.036357
12
0.067328
22
0.054599
32
-0.035006
0
3DFACE
62
163
10
0.066979
20
0.053973
30
-0.035332
11
0.067328
21
0.054599
31
-0.035006
12
0.067521
22
0.054779
32
-0.034150
0
3DFACE
62
163
10
0.066979
20
0.053973
30
-0.035332
11
0.067521
21
0.054779
31
-0.034150
12
0.067759
22
0.055001
32
-0.033312
0
3DFACE
62
163
10
0.066470
20
0.053200
30
-0.037537
11
0.067025
21
0.054316
31
-0.039124
12
0.067015
22
0.054307
32
-0.037738
0
3DFACE
62
163
10
0.066470
20
0.053200
30
-0.037537
11
0.067015
21
0.054307
31
-0.037738
12
0.067117
22
0.054403
32
-0.036357
0
3DFACE
62
163
10
0.066470
20
0.053200
30
-0.037537
11
0.067117
21
0.054403
31
-0.036357
12
0.066979
22
0.053973
32
-0.035332
0
3DFACE
62
163
10
0.066269
20
0.052777
30
-0.039391
11
0.067156
21
0.054439
31
-0.040494
12
0.067025
22
0.054316
32
-0.039124
0
3DFACE
62
163
10
0.066269
20
0.052777
30
-0.039391
11
0.067025
21
0.054316
31
-0.039124
12
0.066470
22
0.053200
32
-0.037537
0
3DFACE
62
163
10
0.066290
20
0.052496
30
-0.041775
11
0.067412
21
0.054678
31
-0.041841
12
0.067156
22
0.054439
32
-0.040494
0
3DFACE
62
163
10
0.066290
20
0.052496
30
-0.041775
11
0.067156
21
0.054439
31
-0.040494
12
0.066269
22
0.052777
32
-0.039391
0
3DFACE
62
163
10
0.066524
20
0.052477
30
-0.043672
11
0.067787
21
0.055027
31
-0.043127
12
0.067412
22
0.054678
32
-0.041841
0
3DFACE
62
163
10
0.066524
20
0.052477
30
-0.043672
11
0.067412
21
0.054678
31
-0.041841
12
0.066290
22
0.052496
32
-0.041775
0
3DFACE
62
163
10
0.066977
20
0.052651
30
-0.045630
11
0.068281
21
0.055488
31
-0.044342
12
0.067787
22
0.055027
32
-0.043127
0
3DFACE
62
163
10
0.066977
20
0.052651
30
-0.045630
11
0.067787
21
0.055027
31
-0.043127
12
0.066524
22
0.052477
32
-0.043672
0
3DFACE
62
163
10
0.067688
20
0.053045
30
-0.047619
11
0.068893
21
0.056059
31
-0.045448
12
0.068281
22
0.055488
32
-0.044342
0
3DFACE
62
163
10
0.067688
20
0.053045
30
-0.047619
11
0.068281
21
0.055488
31
-0.044342
12
0.066977
22
0.052651
32
-0.045630
0
3DFACE
62
163
10
0.068443
20
0.053528
30
-0.049158
11
0.069616
21
0.056734
31
-0.046422
12
0.068893
22
0.056059
32
-0.045448
0
3DFACE
62
163
10
0.068443
20
0.053528
30
-0.049158
11
0.068893
21
0.056059
31
-0.045448
12
0.067688
22
0.053045
32
-0.047619
0
3DFACE
62
163
10
0.069585
20
0.054318
30
-0.050904
11
0.071340
21
0.058342
31
-0.047873
12
0.070435
22
0.057499
32
-0.047242
0
3DFACE
62
163
10
0.069585
20
0.054318
30
-0.050904
11
0.070435
21
0.057499
31
-0.047242
12
0.069616
22
0.056734
32
-0.046422
0
3DFACE
62
163
10
0.069585
20
0.054318
30
-0.050904
11
0.069616
21
0.056734
31
-0.046422
12
0.068443
22
0.053528
32
-0.049158
0
3DFACE
62
163
10
0.070816
20
0.055208
30
-0.052303
11
0.071340
21
0.058342
31
-0.047873
12
0.069585
22
0.054318
32
-0.050904
0
3DFACE
62
163
10
0.070816
20
0.055208
30
-0.052303
11
0.072319
21
0.058966
31
-0.048794
12
0.071340
22
0.058342
32
-0.047873
0
3DFACE
62
163
10
0.072222
20
0.056256
30
-0.053485
11
0.072319
21
0.058966
31
-0.048794
12
0.070816
22
0.055208
32
-0.052303
0
3DFACE
62
163
10
0.072222
20
0.056256
30
-0.053485
11
0.073389
21
0.059680
31
-0.049507
12
0.072319
22
0.058966
32
-0.048794
0
3DFACE
62
163
10
0.073544
20
0.057263
30
-0.054288
11
0.073389
21
0.059680
31
-0.049507
12
0.072222
22
0.056256
32
-0.053485
0
3DFACE
62
163
10
0.073544
20
0.057263
30
-0.054288
11
0.074542
21
0.060466
31
-0.050000
12
0.073389
22
0.059680
32
-0.049507
0
3DFACE
62
163
10
0.075257
20
0.058578
30
-0.054959
11
0.074542
21
0.060466
31
-0.050000
12
0.073544
22
0.057263
32
-0.054288
0
3DFACE
62
163
10
0.075257
20
0.058578
30
-0.054959
11
0.075741
21
0.061296
31
-0.050255
12
0.074542
22
0.060466
32
-0.050000
0
3DFACE
62
163
10
0.076487
20
0.059529
30
-0.055214
11
0.075741
21
0.061296
31
-0.050255
12
0.075257
22
0.058578
32
-0.054959
0
3DFACE
62
163
10
0.077810
20
0.060557
30
-0.055288
11
0.075741
21
0.061296
31
-0.050255
12
0.076487
22
0.059529
32
-0.055214
0
3DFACE
62
163
10
0.077810
20
0.060557
30
-0.055288
11
0.076813
21
0.062044
31
-0.050275
12
0.075741
22
0.061296
32
-0.050255
0
3DFACE
62
163
10
0.078545
20
0.061127
30
-0.055242
11
0.076813
21
0.062044
31
-0.050275
12
0.077810
22
0.060557
32
-0.055288
0
3DFACE
62
163
10
0.078545
20
0.061127
30
-0.055242
11
0.077768
21
0.062706
31
-0.050130
12
0.076813
22
0.062044
32
-0.050275
0
3DFACE
62
163
10
0.079724
20
0.062039
30
-0.055035
11
0.077768
21
0.062706
31
-0.050130
12
0.078545
22
0.061127
32
-0.055242
0
3DFACE
62
163
10
0.079724
20
0.062039
30
-0.055035
11
0.078703
21
0.063348
31
-0.049834
12
0.077768
22
0.062706
32
-0.050130
0
3DFACE
62
163
10
0.081550
20
0.063444
30
-0.054374
11
0.079592
21
0.063955
31
-0.049395
12
0.078703
22
0.063348
32
-0.049834
0
3DFACE
62
163
10
0.081550
20
0.063444
30
-0.054374
11
0.078703
21
0.063348
31
-0.049834
12
0.079724
22
0.062039
32
-0.055035
0
3DFACE
62
163
10
0.082832
20
0.064421
30
-0.053633
11
0.079592
21
0.063955
31
-0.049395
12
0.081550
22
0.063444
32
-0.054374
0
3DFACE
62
163
10
0.082832
20
0.064421
30
-0.053633
11
0.080438
21
0.064516
31
-0.048816
12
0.079592
22
0.063955
32
-0.049395
0
3DFACE
62
163
10
0.084327
20
0.065538
30
-0.052424
11
0.081225
21
0.065020
31
-0.048106
12
0.080438
22
0.064516
32
-0.048816
0
3DFACE
62
163
10
0.084327
20
0.065538
30
-0.052424
11
0.080438
21
0.064516
31
-0.048816
12
0.082832
22
0.064421
32
-0.053633
0
3DFACE
62
163
10
0.085439
20
0.066348
30
-0.051213
11
0.081931
21
0.065453
31
-0.047285
12
0.081225
22
0.065020
32
-0.048106
0
3DFACE
62
163
10
0.085439
20
0.066348
30
-0.051213
11
0.081225
21
0.065020
31
-0.048106
12
0.084327
22
0.065538
32
-0.052424
0
3DFACE
62
163
10
0.086304
20
0.066958
30
-0.050018
11
0.082552
21
0.065807
31
-0.046366
12
0.081931
22
0.065453
32
-0.047285
0
3DFACE
62
163
10
0.086304
20
0.066958
30
-0.050018
11
0.081931
21
0.065453
31
-0.047285
12
0.085439
22
0.066348
32
-0.051213
0
3DFACE
62
163
10
0.087092
20
0.067487
30
-0.048655
11
0.083084
21
0.066074
31
-0.045355
12
0.082552
22
0.065807
32
-0.046366
0
3DFACE
62
163
10
0.087092
20
0.067487
30
-0.048655
11
0.082552
21
0.065807
31
-0.046366
12
0.086304
22
0.066958
32
-0.050018
0
3DFACE
62
163
10
0.087953
20
0.068011
30
-0.046667
11
0.083513
21
0.066245
31
-0.044280
12
0.083084
22
0.066074
32
-0.045355
0
3DFACE
62
163
10
0.087953
20
0.068011
30
-0.046667
11
0.083084
21
0.066074
31
-0.045355
12
0.087092
22
0.067487
32
-0.048655
0
3DFACE
62
163
10
0.088451
20
0.068262
30
-0.045035
11
0.083832
21
0.066318
31
-0.043164
12
0.083513
22
0.066245
32
-0.044280
0
3DFACE
62
163
10
0.088451
20
0.068262
30
-0.045035
11
0.083513
21
0.066245
31
-0.044280
12
0.087953
22
0.068011
32
-0.046667
0
3DFACE
62
163
10
0.088794
20
0.068371
30
-0.043364
11
0.084043
21
0.066287
31
-0.042013
12
0.083832
22
0.066318
32
-0.043164
0
3DFACE
62
163
10
0.088794
20
0.068371
30
-0.043364
11
0.083832
21
0.066318
31
-0.043164
12
0.088451
22
0.068262
32
-0.045035
0
3DFACE
62
163
10
0.089015
20
0.068288
30
-0.041068
11
0.084142
21
0.066150
31
-0.040853
12
0.084043
22
0.066287
32
-0.042013
0
3DFACE
62
163
10
0.089015
20
0.068288
30
-0.041068
11
0.084043
21
0.066287
31
-0.042013
12
0.088794
22
0.068371
32
-0.043364
0
3DFACE
62
163
10
0.088976
20
0.067998
30
-0.039057
11
0.084128
21
0.065912
31
-0.039714
12
0.084142
22
0.066150
32
-0.040853
0
3DFACE
62
163
10
0.088976
20
0.067998
30
-0.039057
11
0.084142
21
0.066150
31
-0.040853
12
0.089015
22
0.068288
32
-0.041068
0
3DFACE
62
163
10
0.088768
20
0.067588
30
-0.037364
11
0.084004
21
0.065569
31
-0.038605
12
0.084128
22
0.065912
32
-0.039714
0
3DFACE
62
163
10
0.088768
20
0.067588
30
-0.037364
11
0.084128
21
0.065912
31
-0.039714
12
0.088976
22
0.067998
32
-0.039057
0
3DFACE
62
163
10
0.088256
20
0.066819
30
-0.035226
11
0.084004
21
0.065569
31
-0.038605
12
0.088768
22
0.067588
32
-0.037364
0
3DFACE
62
163
10
0.088256
20
0.066819
30
-0.035226
11
0.083775
21
0.065126
31
-0.037543
12
0.084004
22
0.065569
32
-0.038605
0
3DFACE
62
163
10
0.087796
20
0.066205
30
-0.033959
11
0.083447
21
0.064592
31
-0.036558
12
0.083775
22
0.065126
32
-0.037543
0
3DFACE
62
163
10
0.087796
20
0.066205
30
-0.033959
11
0.083775
21
0.065126
31
-0.037543
12
0.088256
22
0.066819
32
-0.035226
0
3DFACE
62
163
10
0.087173
20
0.065422
30
-0.032657
11
0.083447
21
0.064592
31
-0.036558
12
0.087796
22
0.066205
32
-0.033959
0
3DFACE
62
163
10
0.087173
20
0.065422
30
-0.032657
11
0.083027
21
0.063976
31
-0.035664
12
0.083447
22
0.064592
32
-0.036558
0
3DFACE
62
163
10
0.086525
20
0.064634
30
-0.031601
11
0.083027
21
0.063976
31
-0.035664
12
0.087173
22
0.065422
32
-0.032657
0
3DFACE
62
163
10
0.086525
20
0.064634
30
-0.031601
11
0.082524
21
0.063276
31
-0.034869
12
0.083027
22
0.063976
32
-0.035664
0
3DFACE
62
163
10
0.085568
20
0.063503
30
-0.030401
11
0.082524
21
0.063276
31
-0.034869
12
0.086525
22
0.064634
32
-0.031601
0
3DFACE
62
163
10
0.085568
20
0.063503
30
-0.030401
11
0.081949
21
0.062511
31
-0.034195
12
0.082524
22
0.063276
32
-0.034869
0
3DFACE
62
163
10
0.084797
20
0.062611
30
-0.029659
11
0.081949
21
0.062511
31
-0.034195
12
0.085568
22
0.063503
32
-0.030401
0
3DFACE
62
163
10
0.084797
20
0.062611
30
-0.029659
11
0.081318
21
0.061698
31
-0.033654
12
0.081949
22
0.062511
32
-0.034195
0
3DFACE
62
163
10
0.083769
20
0.061437
30
-0.028907
11
0.081318
21
0.061698
31
-0.033654
12
0.084797
22
0.062611
32
-0.029659
0
3DFACE
62
163
10
0.083769
20
0.061437
30
-0.028907
11
0.080638
21
0.060835
31
-0.033251
12
0.081318
22
0.061698
32
-0.033654
0
3DFACE
62
163
10
0.082886
20
0.060437
30
-0.028443
11
0.080638
21
0.060835
31
-0.033251
12
0.083769
22
0.061437
32
-0.028907
0
3DFACE
62
163
10
0.082886
20
0.060437
30
-0.028443
11
0.079925
21
0.059940
31
-0.032995
12
0.080638
22
0.060835
32
-0.033251
0
3DFACE
62
163
10
0.081575
20
0.058961
30
-0.028021
11
0.079925
21
0.059940
31
-0.032995
12
0.082886
22
0.060437
32
-0.028443
0
3DFACE
62
163
10
0.081575
20
0.058961
30
-0.028021
11
0.079198
21
0.059036
31
-0.032892
12
0.079925
22
0.059940
32
-0.032995
0
3DFACE
62
163
10
0.080534
20
0.057796
30
-0.027894
11
0.079198
21
0.059036
31
-0.032892
12
0.081575
22
0.058961
32
-0.028021
0
3DFACE
62
163
10
0.079679
20
0.056840
30
-0.027923
11
0.078467
21
0.058128
31
-0.032942
12
0.079198
22
0.059036
32
-0.032892
0
3DFACE
62
163
10
0.079679
20
0.056840
30
-0.027923
11
0.079198
21
0.059036
31
-0.032892
12
0.080534
22
0.057796
32
-0.027894
0
3DFACE
62
163
10
0.078552
20
0.055575
30
-0.028145
11
0.078467
21
0.058128
31
-0.032942
12
0.079679
22
0.056840
32
-0.027923
0
3DFACE
62
163
10
0.078552
20
0.055575
30
-0.028145
11
0.077746
21
0.057226
31
-0.033146
12
0.078467
22
0.058128
32
-0.032942
0
3DFACE
62
163
10
0.077069
20
0.053900
30
-0.028781
11
0.077746
21
0.057226
31
-0.033146
12
0.078552
22
0.055575
32
-0.028145
0
3DFACE
62
163
10
0.077069
20
0.053900
30
-0.028781
11
0.077054
21
0.056352
31
-0.033499
12
0.077746
22
0.057226
32
-0.033146
0
3DFACE
62
163
10
0.075863
20
0.052528
30
-0.029628
11
0.077054
21
0.056352
31
-0.033499
12
0.077069
22
0.053900
32
-0.028781
0
3DFACE
62
163
10
0.075863
20
0.052528
30
-0.029628
11
0.076405
21
0.055523
31
-0.033992
12
0.077054
22
0.056352
32
-0.033499
0
3DFACE
62
163
10
0.075863
20
0.052528
30
-0.029628
11
0.075808
21
0.054736
31
-0.034623
12
0.076405
22
0.055523
32
-0.033992
0
3DFACE
62
163
10
0.074681
20
0.051152
30
-0.030830
11
0.075808
21
0.054736
31
-0.034623
12
0.075863
22
0.052528
32
-0.029628
0
3DFACE
62
163
10
0.074681
20
0.051152
30
-0.030830
11
0.075279
21
0.054013
31
-0.035378
12
0.075808
22
0.054736
32
-0.034623
0
3DFACE
62
163
10
0.073814
20
0.050117
30
-0.032038
11
0.075279
21
0.054013
31
-0.035378
12
0.074681
22
0.051152
32
-0.030830
0
3DFACE
62
163
10
0.073814
20
0.050117
30
-0.032038
11
0.074830
21
0.053370
31
-0.036237
12
0.075279
22
0.054013
32
-0.035378
0
3DFACE
62
163
10
0.073075
20
0.049205
30
-0.033401
11
0.074830
21
0.053370
31
-0.036237
12
0.073814
22
0.050117
32
-0.032038
0
3DFACE
62
163
10
0.073075
20
0.049205
30
-0.033401
11
0.074469
21
0.052805
31
-0.037194
12
0.074830
22
0.053370
32
-0.036237
0
3DFACE
62
163
10
0.072364
20
0.048269
30
-0.035245
11
0.074469
21
0.052805
31
-0.037194
12
0.073075
22
0.049205
32
-0.033401
0
3DFACE
62
163
10
0.072364
20
0.048269
30
-0.035245
11
0.074205
21
0.052329
31
-0.038233
12
0.074469
22
0.052805
32
-0.037194
0
3DFACE
62
163
10
0.071909
20
0.047595
30
-0.037073
11
0.074205
21
0.052329
31
-0.038233
12
0.072364
22
0.048269
32
-0.035245
0
3DFACE
62
163
10
0.071909
20
0.047595
30
-0.037073
11
0.074044
21
0.051953
31
-0.039325
12
0.074205
22
0.052329
32
-0.038233
0
3DFACE
62
163
10
0.071686
20
0.047187
30
-0.038627
11
0.074044
21
0.051953
31
-0.039325
12
0.071909
22
0.047595
32
-0.037073
0
3DFACE
62
163
10
0.071686
20
0.047187
30
-0.038627
11
0.073992
21
0.051678
31
-0.040456
12
0.074044
22
0.051953
32
-0.039325
0
3DFACE
62
163
10
0.071599
20
0.046883
30
-0.040384
11
0.073992
21
0.051678
31
-0.040456
12
0.071686
22
0.047187
32
-0.038627
0
3DFACE
62
163
10
0.071599
20
0.046883
30
-0.040384
11
0.074052
21
0.051505
31
-0.041614
12
0.073992
22
0.051678
32
-0.040456
0
3DFACE
62
163
10
0.071733
20
0.046722
30
-0.042658
11
0.074052
21
0.051505
31
-0.041614
12
0.071599
22
0.046883
32
-0.040384
0
3DFACE
62
163
10
0.071733
20
0.046722
30
-0.042658
11
0.074225
21
0.051437
31
-0.042770
12
0.074052
22
0.051505
32
-0.041614
0
3DFACE
62
163
10
0.072036
20
0.046780
30
-0.044451
11
0.074225
21
0.051437
31
-0.042770
12
0.071733
22
0.046722
32
-0.042658
0
3DFACE
62
163
10
0.072036
20
0.046780
30
-0.044451
11
0.074505
21
0.051475
31
-0.043897
12
0.074225
22
0.051437
32
-0.042770
0
3DFACE
62
163
10
0.072542
20
0.047013
30
-0.046290
11
0.074898
21
0.051613
31
-0.044992
12
0.074505
22
0.051475
32
-0.043897
0
3DFACE
62
163
10
0.072542
20
0.047013
30
-0.046290
11
0.074505
21
0.051475
31
-0.043897
12
0.072036
22
0.046780
32
-0.044451
0
3DFACE
62
163
10
0.073385
20
0.047513
30
-0.048359
11
0.075396
21
0.051848
31
-0.046027
12
0.074898
22
0.051613
32
-0.044992
0
3DFACE
62
163
10
0.073385
20
0.047513
30
-0.048359
11
0.074898
21
0.051613
31
-0.044992
12
0.072542
22
0.047013
32
-0.046290
0
3DFACE
62
163
10
0.074389
20
0.048186
30
-0.050123
11
0.075984
21
0.052172
31
-0.046977
12
0.075396
22
0.051848
32
-0.046027
0
3DFACE
62
163
10
0.074389
20
0.048186
30
-0.050123
11
0.076664
21
0.052579
31
-0.047835
12
0.075984
22
0.052172
32
-0.046977
0
3DFACE
62
163
10
0.074389
20
0.048186
30
-0.050123
11
0.075396
21
0.051848
31
-0.046027
12
0.073385
22
0.047513
32
-0.048359
0
3DFACE
62
163
10
0.075537
20
0.049001
30
-0.051629
11
0.076664
21
0.052579
31
-0.047835
12
0.074389
22
0.048186
32
-0.050123
0
3DFACE
62
163
10
0.075537
20
0.049001
30
-0.051629
11
0.077426
21
0.053060
31
-0.048586
12
0.076664
22
0.052579
32
-0.047835
0
3DFACE
62
163
10
0.076969
20
0.050055
30
-0.053017
11
0.077426
21
0.053060
31
-0.048586
12
0.075537
22
0.049001
32
-0.051629
0
3DFACE
62
163
10
0.076969
20
0.050055
30
-0.053017
11
0.078251
21
0.053603
31
-0.049210
12
0.077426
22
0.053060
32
-0.048586
0
3DFACE
62
163
10
0.078501
20
0.051214
30
-0.054073
11
0.078251
21
0.053603
31
-0.049210
12
0.076969
22
0.050055
32
-0.053017
0
3DFACE
62
163
10
0.078501
20
0.051214
30
-0.054073
11
0.079126
21
0.054194
31
-0.049698
12
0.078251
22
0.053603
32
-0.049210
0
3DFACE
62
163
10
0.079967
20
0.052337
30
-0.054750
11
0.079126
21
0.054194
31
-0.049698
12
0.078501
22
0.051214
32
-0.054073
0
3DFACE
62
163
10
0.079967
20
0.052337
30
-0.054750
11
0.080050
21
0.054827
31
-0.050045
12
0.079126
22
0.054194
32
-0.049698
0
3DFACE
62
163
10
0.081649
20
0.053635
30
-0.055185
11
0.080050
21
0.054827
31
-0.050045
12
0.079967
22
0.052337
32
-0.054750
0
3DFACE
62
163
10
0.081649
20
0.053635
30
-0.055185
11
0.080999
21
0.055484
31
-0.050243
12
0.080050
22
0.054827
32
-0.050045
0
3DFACE
62
163
10
0.083331
20
0.054941
30
-0.055283
11
0.080999
21
0.055484
31
-0.050243
12
0.081649
22
0.053635
32
-0.055185
0
3DFACE
62
163
10
0.083331
20
0.054941
30
-0.055283
11
0.081951
21
0.056148
31
-0.050287
12
0.080999
22
0.055484
32
-0.050243
0
3DFACE
62
163
10
0.084189
20
0.055607
30
-0.055207
11
0.081951
21
0.056148
31
-0.050287
12
0.083331
22
0.054941
32
-0.055283
0
3DFACE
62
163
10
0.084189
20
0.055607
30
-0.055207
11
0.082908
21
0.056813
31
-0.050177
12
0.081951
22
0.056148
32
-0.050287
0
3DFACE
62
163
10
0.086783
20
0.057606
30
-0.054433
11
0.084750
21
0.058077
31
-0.049508
12
0.083849
22
0.057461
32
-0.049915
0
3DFACE
62
163
10
0.088148
20
0.058648
30
-0.053661
11
0.084750
21
0.058077
31
-0.049508
12
0.086783
22
0.057606
32
-0.054433
0
3DFACE
62
163
10
0.088148
20
0.058648
30
-0.053661
11
0.085607
21
0.058649
31
-0.048961
12
0.084750
22
0.058077
32
-0.049508
0
3DFACE
62
163
10
0.089659
20
0.059777
30
-0.052448
11
0.085607
21
0.058649
31
-0.048961
12
0.088148
22
0.058648
32
-0.053661
0
3DFACE
62
163
10
0.089659
20
0.059777
30
-0.052448
11
0.086409
21
0.059168
31
-0.048280
12
0.085607
22
0.058649
32
-0.048961
0
3DFACE
62
163
10
0.090693
20
0.060530
30
-0.051341
11
0.087135
21
0.059618
31
-0.047482
12
0.086409
22
0.059168
32
-0.048280
0
3DFACE
62
163
10
0.090693
20
0.060530
30
-0.051341
11
0.086409
21
0.059168
31
-0.048280
12
0.089659
22
0.059777
32
-0.052448
0
3DFACE
62
163
10
0.091567
20
0.061149
30
-0.050163
11
0.087775
21
0.059991
31
-0.046586
12
0.087135
22
0.059618
32
-0.047482
0
3DFACE
62
163
10
0.091567
20
0.061149
30
-0.050163
11
0.087135
21
0.059618
31
-0.047482
12
0.090693
22
0.060530
32
-0.051341
0
3DFACE
62
163
10
0.092680
20
0.061891
30
-0.048190
11
0.088329
21
0.060278
31
-0.045594
12
0.087775
22
0.059991
32
-0.046586
0
3DFACE
62
163
10
0.092680
20
0.061891
30
-0.048190
11
0.087775
21
0.059991
31
-0.046586
12
0.091567
22
0.061149
32
-0.050163
0
3DFACE
62
163
10
0.093534
20
0.062388
30
-0.046006
11
0.088783
21
0.060472
31
-0.044531
12
0.088329
22
0.060278
32
-0.045594
0
3DFACE
62
163
10
0.093534
20
0.062388
30
-0.046006
11
0.089126
21
0.060568
31
-0.043424
12
0.088783
22
0.060472
32
-0.044531
0
3DFACE
62
163
10
0.093534
20
0.062388
30
-0.046006
11
0.088329
21
0.060278
31
-0.045594
12
0.092680
22
0.061891
32
-0.048190
0
3DFACE
62
163
10
0.093921
20
0.062565
30
-0.044567
11
0.089126
21
0.060568
31
-0.043424
12
0.093534
22
0.062388
32
-0.046006
0
3DFACE
62
163
10
0.094247
20
0.062631
30
-0.042685
11
0.089363
21
0.060561
31
-0.042279
12
0.089126
22
0.060568
32
-0.043424
0
3DFACE
62
163
10
0.094247
20
0.062631
30
-0.042685
11
0.089488
21
0.060448
31
-0.041118
12
0.089363
22
0.060561
32
-0.042279
0
3DFACE
62
163
10
0.094247
20
0.062631
30
-0.042685
11
0.089126
21
0.060568
31
-0.043424
12
0.093921
22
0.062565
32
-0.044567
0
3DFACE
62
163
10
0.094384
20
0.062496
30
-0.040594
11
0.089499
21
0.060233
31
-0.039973
12
0.089488
22
0.060448
32
-0.041118
0
3DFACE
62
163
10
0.094384
20
0.062496
30
-0.040594
11
0.089488
21
0.060448
31
-0.041118
12
0.094247
22
0.062631
32
-0.042685
0
3DFACE
62
163
10
0.094317
20
0.062215
30
-0.038849
11
0.089400
21
0.059915
31
-0.038856
12
0.089499
22
0.060233
32
-0.039973
0
3DFACE
62
163
10
0.094317
20
0.062215
30
-0.038849
11
0.089499
21
0.060233
31
-0.039973
12
0.094384
22
0.062496
32
-0.040594
0
3DFACE
62
163
10
0.094128
20
0.061848
30
-0.037371
11
0.089195
21
0.059494
31
-0.037781
12
0.089400
22
0.059915
32
-0.038856
0
3DFACE
62
163
10
0.094128
20
0.061848
30
-0.037371
11
0.089400
21
0.059915
31
-0.038856
12
0.094317
22
0.062215
32
-0.038849
0
3DFACE
62
163
10
0.093619
20
0.061083
30
-0.035242
11
0.088889
21
0.058979
31
-0.036776
12
0.089195
22
0.059494
32
-0.037781
0
3DFACE
62
163
10
0.093619
20
0.061083
30
-0.035242
11
0.089195
21
0.059494
31
-0.037781
12
0.094128
22
0.061848
32
-0.037371
0
3DFACE
62
163
10
0.093040
20
0.060317
30
-0.033693
11
0.088489
21
0.058383
31
-0.035862
12
0.088889
22
0.058979
32
-0.036776
0
3DFACE
62
163
10
0.093040
20
0.060317
30
-0.033693
11
0.088889
21
0.058979
31
-0.036776
12
0.093619
22
0.061083
32
-0.035242
0
3DFACE
62
163
10
0.092508
20
0.059651
30
-0.032615
11
0.088004
21
0.057701
31
-0.035042
12
0.088489
22
0.058383
32
-0.035862
0
3DFACE
62
163
10
0.092508
20
0.059651
30
-0.032615
11
0.088489
21
0.058383
31
-0.035862
12
0.093040
22
0.060317
32
-0.033693
0
3DFACE
62
163
10
0.091540
20
0.058482
30
-0.031129
11
0.087445
21
0.056949
31
-0.034338
12
0.088004
22
0.057701
32
-0.035042
0
3DFACE
62
163
10
0.091540
20
0.058482
30
-0.031129
11
0.088004
21
0.057701
31
-0.035042
12
0.092508
22
0.059651
32
-0.032615
0
3DFACE
62
163
10
0.090376
20
0.057122
30
-0.029854
11
0.087445
21
0.056949
31
-0.034338
12
0.091540
22
0.058482
32
-0.031129
0
3DFACE
62
163
10
0.090376
20
0.057122
30
-0.029854
11
0.086825
21
0.056147
31
-0.033767
12
0.087445
22
0.056949
32
-0.034338
0
3DFACE
62
163
10
0.089285
20
0.055875
30
-0.029007
11
0.086156
21
0.055295
31
-0.033331
12
0.086825
22
0.056147
32
-0.033767
0
3DFACE
62
163
10
0.089285
20
0.055875
30
-0.029007
11
0.086825
21
0.056147
31
-0.033767
12
0.090376
22
0.057122
32
-0.029854
0
3DFACE
62
163
10
0.087951
20
0.054363
30
-0.028322
11
0.085449
21
0.054405
31
-0.033040
12
0.086156
22
0.055295
32
-0.033331
0
3DFACE
62
163
10
0.087951
20
0.054363
30
-0.028322
11
0.086156
21
0.055295
31
-0.033331
12
0.089285
22
0.055875
32
-0.029007
0
3DFACE
62
163
10
0.086807
20
0.053077
30
-0.027996
11
0.085449
21
0.054405
31
-0.033040
12
0.087951
22
0.054363
32
-0.028322
0
3DFACE
62
163
10
0.086807
20
0.053077
30
-0.027996
11
0.084723
21
0.053501
31
-0.032902
12
0.085449
22
0.054405
32
-0.033040
0
3DFACE
62
163
10
0.085479
20
0.051592
30
-0.027893
11
0.083993
21
0.052595
31
-0.032917
12
0.084723
22
0.053501
32
-0.032902
0
3DFACE
62
163
10
0.085479
20
0.051592
30
-0.027893
11
0.084723
21
0.053501
31
-0.032902
12
0.086807
22
0.053077
32
-0.027996
0
3DFACE
62
163
10
0.084813
20
0.050846
30
-0.027950
11
0.083993
21
0.052595
31
-0.032917
12
0.085479
22
0.051592
32
-0.027893
0
3DFACE
62
163
10
0.083910
20
0.049832
30
-0.028145
11
0.083268
21
0.051689
31
-0.033086
12
0.083993
22
0.052595
32
-0.032917
0
3DFACE
62
163
10
0.083910
20
0.049832
30
-0.028145
11
0.083993
21
0.052595
31
-0.032917
12
0.084813
22
0.050846
32
-0.027950
0
3DFACE
62
163
10
0.082497
20
0.048237
30
-0.028742
11
0.082568
21
0.050807
31
-0.033405
12
0.083268
22
0.051689
32
-0.033086
0
3DFACE
62
163
10
0.082497
20
0.048237
30
-0.028742
11
0.081909
21
0.049968
31
-0.033866
12
0.082568
22
0.050807
32
-0.033405
0
3DFACE
62
163
10
0.082497
20
0.048237
30
-0.028742
11
0.083268
21
0.051689
31
-0.033086
12
0.083910
22
0.049832
32
-0.028145
0
3DFACE
62
163
10
0.081149
20
0.046701
30
-0.029690
11
0.081298
21
0.049170
31
-0.034467
12
0.081909
22
0.049968
32
-0.033866
0
3DFACE
62
163
10
0.081149
20
0.046701
30
-0.029690
11
0.081909
21
0.049968
31
-0.033866
12
0.082497
22
0.048237
32
-0.028742
0
3DFACE
62
163
10
0.079893
20
0.045236
30
-0.031012
11
0.080752
21
0.048430
31
-0.035195
12
0.081298
22
0.049170
32
-0.034467
0
3DFACE
62
163
10
0.079893
20
0.045236
30
-0.031012
11
0.081298
21
0.049170
31
-0.034467
12
0.081149
22
0.046701
32
-0.029690
0
3DFACE
62
163
10
0.078878
20
0.044016
30
-0.032534
11
0.080284
21
0.047768
31
-0.036031
12
0.080752
22
0.048430
32
-0.035195
0
3DFACE
62
163
10
0.078878
20
0.044016
30
-0.032534
11
0.080752
21
0.048430
31
-0.035195
12
0.079893
22
0.045236
32
-0.031012
0
3DFACE
62
163
10
0.078062
20
0.042986
30
-0.034269
11
0.079902
21
0.047185
31
-0.036966
12
0.080284
22
0.047768
32
-0.036031
0
3DFACE
62
163
10
0.078062
20
0.042986
30
-0.034269
11
0.079615
21
0.046687
31
-0.037989
12
0.079902
22
0.047185
32
-0.036966
0
3DFACE
62
163
10
0.078062
20
0.042986
30
-0.034269
11
0.080284
21
0.047768
31
-0.036031
12
0.078878
22
0.044016
32
-0.032534
0
3DFACE
62
163
10
0.077429
20
0.042105
30
-0.036314
11
0.079615
21
0.046687
31
-0.037989
12
0.078062
22
0.042986
32
-0.034269
0
3DFACE
62
163
10
0.077429
20
0.042105
30
-0.036314
11
0.079430
21
0.046287
31
-0.039071
12
0.079615
22
0.046687
32
-0.037989
0
3DFACE
62
163
10
0.077136
20
0.041625
30
-0.037871
11
0.079352
21
0.045990
31
-0.040193
12
0.079430
22
0.046287
32
-0.039071
0
3DFACE
62
163
10
0.077136
20
0.041625
30
-0.037871
11
0.079430
21
0.046287
31
-0.039071
12
0.077429
22
0.042105
32
-0.036314
0
3DFACE
62
163
10
0.076958
20
0.041166
30
-0.040191
11
0.079386
21
0.045793
31
-0.041348
12
0.079352
22
0.045990
32
-0.040193
0
3DFACE
62
163
10
0.076958
20
0.041166
30
-0.040191
11
0.079352
21
0.045990
31
-0.040193
12
0.077136
22
0.041625
32
-0.037871
0
3DFACE
62
163
10
0.077081
20
0.040981
30
-0.042572
11
0.079534
21
0.045701
31
-0.042506
12
0.079386
22
0.045793
32
-0.041348
0
3DFACE
62
163
10
0.077081
20
0.040981
30
-0.042572
11
0.079386
21
0.045793
31
-0.041348
12
0.076958
22
0.041166
32
-0.040191
0
3DFACE
62
163
10
0.077317
20
0.041012
30
-0.044081
11
0.079789
21
0.045715
31
-0.043640
12
0.079534
22
0.045701
32
-0.042506
0
3DFACE
62
163
10
0.077317
20
0.041012
30
-0.044081
11
0.079534
21
0.045701
31
-0.042506
12
0.077081
22
0.040981
32
-0.042572
0
3DFACE
62
163
10
0.077792
20
0.041215
30
-0.045956
11
0.080157
21
0.045830
31
-0.044745
12
0.079789
22
0.045715
32
-0.043640
0
3DFACE
62
163
10
0.077792
20
0.041215
30
-0.045956
11
0.079789
21
0.045715
31
-0.043640
12
0.077317
22
0.041012
32
-0.044081
0
3DFACE
62
163
10
0.078618
20
0.041692
30
-0.048099
11
0.080631
21
0.046043
31
-0.045796
12
0.080157
22
0.045830
32
-0.044745
0
3DFACE
62
163
10
0.078618
20
0.041692
30
-0.048099
11
0.080157
21
0.045830
31
-0.044745
12
0.077792
22
0.041215
32
-0.045956
0
3DFACE
62
163
10
0.079212
20
0.042078
30
-0.049250
11
0.081200
21
0.046348
31
-0.046767
12
0.080631
22
0.046043
32
-0.045796
0
3DFACE
62
163
10
0.079212
20
0.042078
30
-0.049250
11
0.080631
21
0.046043
31
-0.045796
12
0.078618
22
0.041692
32
-0.048099
0
3DFACE
62
163
10
0.080196
20
0.042759
30
-0.050764
11
0.081858
21
0.046736
31
-0.047646
12
0.081200
22
0.046348
32
-0.046767
0
3DFACE
62
163
10
0.080196
20
0.042759
30
-0.050764
11
0.081200
21
0.046348
31
-0.046767
12
0.079212
22
0.042078
32
-0.049250
0
3DFACE
62
163
10
0.081314
20
0.043564
30
-0.052083
11
0.082603
21
0.047201
31
-0.048424
12
0.081858
22
0.046736
32
-0.047646
0
3DFACE
62
163
10
0.081314
20
0.043564
30
-0.052083
11
0.081858
21
0.046736
31
-0.047646
12
0.080196
22
0.042759
32
-0.050764
0
3DFACE
62
163
10
0.082519
20
0.044456
30
-0.053171
11
0.083415
21
0.047731
31
-0.049078
12
0.082603
22
0.047201
32
-0.048424
0
3DFACE
62
163
10
0.082519
20
0.044456
30
-0.053171
11
0.082603
21
0.047201
31
-0.048424
12
0.081314
22
0.043564
32
-0.052083
0
3DFACE
62
163
10
0.083907
20
0.045508
30
-0.054100
11
0.084278
21
0.048312
31
-0.049598
12
0.083415
22
0.047731
32
-0.049078
0
3DFACE
62
163
10
0.083907
20
0.045508
30
-0.054100
11
0.083415
21
0.047731
31
-0.049078
12
0.082519
22
0.044456
32
-0.053171
0
3DFACE
62
163
10
0.085304
20
0.046578
30
-0.054743
11
0.085192
21
0.048936
31
-0.049979
12
0.084278
22
0.048312
32
-0.049598
0
3DFACE
62
163
10
0.085304
20
0.046578
30
-0.054743
11
0.084278
21
0.048312
31
-0.049598
12
0.083907
22
0.045508
32
-0.054100
0
3DFACE
62
163
10
0.086775
20
0.047712
30
-0.055145
11
0.085192
21
0.048936
31
-0.049979
12
0.085304
22
0.046578
32
-0.054743
0
3DFACE
62
163
10
0.086775
20
0.047712
30
-0.055145
11
0.086138
21
0.049589
31
-0.050211
12
0.085192
22
0.048936
32
-0.049979
0
3DFACE
62
163
10
0.086775
20
0.047712
30
-0.055145
11
0.087090
21
0.050253
31
-0.050290
12
0.086138
22
0.049589
32
-0.050211
0
3DFACE
62
163
10
0.088466
20
0.049025
30
-0.055289
11
0.087090
21
0.050253
31
-0.050290
12
0.086775
22
0.047712
32
-0.055145
0
3DFACE
62
163
10
0.089325
20
0.049692
30
-0.055235
11
0.087090
21
0.050253
31
-0.050290
12
0.088466
22
0.049025
32
-0.055289
0
3DFACE
62
163
10
0.089325
20
0.049692
30
-0.055235
11
0.088047
21
0.050919
31
-0.050216
12
0.087090
22
0.050253
32
-0.050290
0
3DFACE
62
163
10
0.092152
20
0.051871
30
-0.054428
11
0.089907
21
0.052197
31
-0.049613
12
0.088994
22
0.051572
32
-0.049988
0
3DFACE
62
163
10
0.093657
20
0.053019
30
-0.053558
11
0.089907
21
0.052197
31
-0.049613
12
0.092152
22
0.051871
32
-0.054428
0
3DFACE
62
163
10
0.093657
20
0.053019
30
-0.053558
11
0.090772
21
0.052780
31
-0.049099
12
0.089907
22
0.052197
32
-0.049613
0
3DFACE
62
163
10
0.095120
20
0.054110
30
-0.052350
11
0.090772
21
0.052780
31
-0.049099
12
0.093657
22
0.053019
32
-0.053558
0
3DFACE
62
163
10
0.095120
20
0.054110
30
-0.052350
11
0.091589
21
0.053312
31
-0.048447
12
0.090772
22
0.052780
32
-0.049099
0
3DFACE
62
163
10
0.095120
20
0.054110
30
-0.052350
11
0.092334
21
0.053779
31
-0.047674
12
0.091589
22
0.053312
32
-0.048447
0
3DFACE
62
163
10
0.096303
20
0.054968
30
-0.051027
11
0.092334
21
0.053779
31
-0.047674
12
0.095120
22
0.054110
32
-0.052350
0
3DFACE
62
163
10
0.096303
20
0.054968
30
-0.051027
11
0.092994
21
0.054170
31
-0.046800
12
0.092334
22
0.053779
32
-0.047674
0
3DFACE
62
163
10
0.097372
20
0.055714
30
-0.049449
11
0.092994
21
0.054170
31
-0.046800
12
0.096303
22
0.054968
32
-0.051027
0
3DFACE
62
163
10
0.097372
20
0.055714
30
-0.049449
11
0.093568
21
0.054478
31
-0.045829
12
0.092994
22
0.054170
32
-0.046800
0
3DFACE
62
163
10
0.098293
20
0.056307
30
-0.047624
11
0.093568
21
0.054478
31
-0.045829
12
0.097372
22
0.055714
32
-0.049449
0
3DFACE
62
163
10
0.098293
20
0.056307
30
-0.047624
11
0.094046
21
0.054694
31
-0.044780
12
0.093568
22
0.054478
32
-0.045829
0
3DFACE
62
163
10
0.098984
20
0.056692
30
-0.045703
11
0.094046
21
0.054694
31
-0.044780
12
0.098293
22
0.056307
32
-0.047624
0
3DFACE
62
163
10
0.098984
20
0.056692
30
-0.045703
11
0.094415
21
0.054813
31
-0.043682
12
0.094046
22
0.054694
32
-0.044780
0
3DFACE
62
163
10
0.099423
20
0.056869
30
-0.043868
11
0.094415
21
0.054813
31
-0.043682
12
0.098984
22
0.056692
32
-0.045703
0
3DFACE
62
163
10
0.099423
20
0.056869
30
-0.043868
11
0.094676
21
0.054830
31
-0.042545
12
0.094415
22
0.054813
32
-0.043682
0
3DFACE
62
163
10
0.099699
20
0.056852
30
-0.041697
11
0.094676
21
0.054830
31
-0.042545
12
0.099423
22
0.056869
32
-0.043868
0
3DFACE
62
163
10
0.099699
20
0.056852
30
-0.041697
11
0.094827
21
0.054741
31
-0.041385
12
0.094676
22
0.054830
32
-0.042545
0
3DFACE
62
163
10
0.099740
20
0.056689
30
-0.040094
11
0.094827
21
0.054741
31
-0.041385
12
0.099699
22
0.056852
32
-0.041697
0
3DFACE
62
163
10
0.099740
20
0.056689
30
-0.040094
11
0.094865
21
0.054548
31
-0.040233
12
0.094827
22
0.054741
32
-0.041385
0
3DFACE
62
163
10
0.099649
20
0.056413
30
-0.038571
11
0.094791
21
0.054255
31
-0.039110
12
0.094865
22
0.054548
32
-0.040233
0
3DFACE
62
163
10
0.099649
20
0.056413
30
-0.038571
11
0.094865
21
0.054548
31
-0.040233
12
0.099740
22
0.056689
32
-0.040094
0
3DFACE
62
163
10
0.099330
20
0.055854
30
-0.036573
11
0.094610
21
0.053857
31
-0.038023
12
0.094791
22
0.054255
32
-0.039110
0
3DFACE
62
163
10
0.099330
20
0.055854
30
-0.036573
11
0.094791
21
0.054255
31
-0.039110
12
0.099649
22
0.056413
32
-0.038571
0
3DFACE
62
163
10
0.098727
20
0.055002
30
-0.034506
11
0.094326
21
0.053362
31
-0.036999
12
0.094610
22
0.053857
32
-0.038023
0
3DFACE
62
163
10
0.098727
20
0.055002
30
-0.034506
11
0.094610
21
0.053857
31
-0.038023
12
0.099330
22
0.055854
32
-0.036573
0
3DFACE
62
163
10
0.098200
20
0.054324
30
-0.033263
11
0.093947
21
0.052785
31
-0.036064
12
0.094326
22
0.053362
32
-0.036999
0
3DFACE
62
163
10
0.098200
20
0.054324
30
-0.033263
11
0.094326
21
0.053362
31
-0.036999
12
0.098727
22
0.055002
32
-0.034506
0
3DFACE
62
163
10
0.097401
20
0.053342
30
-0.031840
11
0.093481
21
0.052122
31
-0.035221
12
0.093947
22
0.052785
32
-0.036064
0
3DFACE
62
163
10
0.097401
20
0.053342
30
-0.031840
11
0.093947
21
0.052785
31
-0.036064
12
0.098200
22
0.054324
32
-0.033263
0
3DFACE
62
163
10
0.096365
20
0.052113
30
-0.030489
11
0.092937
21
0.051385
31
-0.034488
12
0.093481
22
0.052122
32
-0.035221
0
3DFACE
62
163
10
0.096365
20
0.052113
30
-0.030489
11
0.093481
21
0.052122
31
-0.035221
12
0.097401
22
0.053342
32
-0.031840
0
3DFACE
62
163
10
0.095377
20
0.050969
30
-0.029544
11
0.092330
21
0.050592
31
-0.033886
12
0.092937
22
0.051385
32
-0.034488
0
3DFACE
62
163
10
0.095377
20
0.050969
30
-0.029544
11
0.092937
21
0.051385
31
-0.034488
12
0.096365
22
0.052113
32
-0.030489
0
3DFACE
62
163
10
0.094502
20
0.049971
30
-0.028917
11
0.091672
21
0.049752
31
-0.033419
12
0.092330
22
0.050592
32
-0.033886
0
3DFACE
62
163
10
0.094502
20
0.049971
30
-0.028917
11
0.092330
21
0.050592
31
-0.033886
12
0.095377
22
0.050969
32
-0.029544
0
3DFACE
62
163
10
0.093082
20
0.048365
30
-0.028239
11
0.090972
21
0.048869
31
-0.033094
12
0.091672
22
0.049752
32
-0.033419
0
3DFACE
62
163
10
0.093082
20
0.048365
30
-0.028239
11
0.091672
21
0.049752
31
-0.033419
12
0.094502
22
0.049971
32
-0.028917
0
3DFACE
62
163
10
0.092033
20
0.047187
30
-0.027972
11
0.090248
21
0.047966
31
-0.032920
12
0.090972
22
0.048869
32
-0.033094
0
3DFACE
62
163
10
0.092033
20
0.047187
30
-0.027972
11
0.090972
21
0.048869
31
-0.033094
12
0.093082
22
0.048365
32
-0.028239
0
3DFACE
62
163
10
0.090699
20
0.045695
30
-0.027899
11
0.089519
21
0.047061
31
-0.032900
12
0.090248
22
0.047966
32
-0.032920
0
3DFACE
62
163
10
0.090699
20
0.045695
30
-0.027899
11
0.090248
21
0.047966
31
-0.032920
12
0.092033
22
0.047187
32
-0.027972
0
3DFACE
62
163
10
0.090064
20
0.044984
30
-0.027966
11
0.089519
21
0.047061
31
-0.032900
12
0.090699
22
0.045695
32
-0.027899
0
3DFACE
62
163
10
0.090064
20
0.044984
30
-0.027966
11
0.088791
21
0.046153
31
-0.033034
12
0.089519
22
0.047061
32
-0.032900
0
3DFACE
62
163
10
0.089268
20
0.044090
30
-0.028145
11
0.088791
21
0.046153
31
-0.033034
12
0.090064
22
0.044984
32
-0.027966
0
3DFACE
62
163
10
0.089268
20
0.044090
30
-0.028145
11
0.088084
21
0.045263
31
-0.033319
12
0.088791
22
0.046153
32
-0.033034
0
3DFACE
62
163
10
0.087815
20
0.042449
30
-0.028764
11
0.088084
21
0.045263
31
-0.033319
12
0.089268
22
0.044090
32
-0.028145
0
3DFACE
62
163
10
0.087815
20
0.042449
30
-0.028764
11
0.087414
21
0.044414
31
-0.033748
12
0.088084
22
0.045263
32
-0.033319
0
3DFACE
62
163
10
0.086735
20
0.041221
30
-0.029499
11
0.087414
21
0.044414
31
-0.033748
12
0.087815
22
0.042449
32
-0.028764
0
3DFACE
62
163
10
0.086735
20
0.041221
30
-0.029499
11
0.086791
21
0.043606
31
-0.034317
12
0.087414
22
0.044414
32
-0.033748
0
3DFACE
62
163
10
0.085605
20
0.039910
30
-0.030588
11
0.086791
21
0.043606
31
-0.034317
12
0.086735
22
0.041221
32
-0.029499
0
3DFACE
62
163
10
0.085605
20
0.039910
30
-0.030588
11
0.086229
21
0.042851
31
-0.035017
12
0.086791
22
0.043606
32
-0.034317
0
3DFACE
62
163
10
0.084458
20
0.038544
30
-0.032155
11
0.086229
21
0.042851
31
-0.035017
12
0.085605
22
0.039910
32
-0.030588
0
3DFACE
62
163
10
0.084458
20
0.038544
30
-0.032155
11
0.085742
21
0.042170
31
-0.035831
12
0.086229
22
0.042851
32
-0.035017
0
3DFACE
62
163
10
0.083684
20
0.037585
30
-0.033635
11
0.085742
21
0.042170
31
-0.035831
12
0.084458
22
0.038544
32
-0.032155
0
3DFACE
62
163
10
0.083684
20
0.037585
30
-0.033635
11
0.085340
21
0.041570
31
-0.036743
12
0.085742
22
0.042170
32
-0.035831
0
3DFACE
62
163
10
0.083132
20
0.036856
30
-0.035081
11
0.085340
21
0.041570
31
-0.036743
12
0.083684
22
0.037585
32
-0.033635
0
3DFACE
62
163
10
0.083132
20
0.036856
30
-0.035081
11
0.085030
21
0.041051
31
-0.037748
12
0.085340
22
0.041570
32
-0.036743
0
3DFACE
62
163
10
0.082686
20
0.036206
30
-0.036770
11
0.085030
21
0.041051
31
-0.037748
12
0.083132
22
0.036856
32
-0.035081
0
3DFACE
62
163
10
0.082686
20
0.036206
30
-0.036770
11
0.084821
21
0.040627
31
-0.038819
12
0.085030
22
0.041051
32
-0.037748
0
3DFACE
62
163
10
0.082418
20
0.035736
30
-0.038474
11
0.084821
21
0.040627
31
-0.038819
12
0.082686
22
0.036206
32
-0.036770
0
3DFACE
62
163
10
0.082418
20
0.035736
30
-0.038474
11
0.084718
21
0.040307
31
-0.039932
12
0.084821
22
0.040627
32
-0.038819
0
3DFACE
62
163
10
0.082317
20
0.035428
30
-0.040159
11
0.084718
21
0.040307
31
-0.039932
12
0.082418
22
0.035736
32
-0.038474
0
3DFACE
62
163
10
0.082317
20
0.035428
30
-0.040159
11
0.084727
21
0.040087
31
-0.041081
12
0.084718
22
0.040307
32
-0.039932
0
3DFACE
62
163
10
0.082406
20
0.035247
30
-0.042265
11
0.084727
21
0.040087
31
-0.041081
12
0.082317
22
0.035428
32
-0.040159
0
3DFACE
62
163
10
0.082406
20
0.035247
30
-0.042265
11
0.084848
21
0.039970
31
-0.042242
12
0.084727
22
0.040087
32
-0.041081
0
3DFACE
62
163
10
0.082598
20
0.035250
30
-0.043671
11
0.084848
21
0.039970
31
-0.042242
12
0.082406
22
0.035247
32
-0.042265
0
3DFACE
62
163
10
0.082598
20
0.035250
30
-0.043671
11
0.085079
21
0.039961
31
-0.043383
12
0.084848
22
0.039970
32
-0.042242
0
3DFACE
62
163
10
0.083078
20
0.035437
30
-0.045721
11
0.085079
21
0.039961
31
-0.043383
12
0.082598
22
0.035250
32
-0.043671
0
3DFACE
62
163
10
0.083078
20
0.035437
30
-0.045721
11
0.085421
21
0.040053
31
-0.044495
12
0.085079
22
0.039961
32
-0.043383
0
3DFACE
62
163
10
0.083892
20
0.035897
30
-0.047914
11
0.085421
21
0.040053
31
-0.044495
12
0.083078
22
0.035437
32
-0.045721
0
3DFACE
62
163
10
0.083892
20
0.035897
30
-0.047914
11
0.085871
21
0.040243
31
-0.045561
12
0.085421
22
0.040053
32
-0.044495
0
3DFACE
62
163
10
0.084495
20
0.036286
30
-0.049116
11
0.085871
21
0.040243
31
-0.045561
12
0.083892
22
0.035897
32
-0.047914
0
3DFACE
62
163
10
0.084495
20
0.036286
30
-0.049116
11
0.086420
21
0.040528
31
-0.046552
12
0.085871
22
0.040243
32
-0.045561
0
3DFACE
62
163
10
0.085479
20
0.036963
30
-0.050662
11
0.086420
21
0.040528
31
-0.046552
12
0.084495
22
0.036286
32
-0.049116
0
3DFACE
62
163
10
0.085479
20
0.036963
30
-0.050662
11
0.087057
21
0.040898
31
-0.047453
12
0.086420
22
0.040528
32
-0.046552
0
3DFACE
62
163
10
0.085479
20
0.036963
30
-0.050662
11
0.087783
21
0.041346
31
-0.048256
12
0.087057
22
0.040898
32
-0.047453
0
3DFACE
62
163
10
0.086832
20
0.037938
30
-0.052245
11
0.087783
21
0.041346
31
-0.048256
12
0.085479
22
0.036963
32
-0.050662
0
3DFACE
62
163
10
0.086832
20
0.037938
30
-0.052245
11
0.088582
21
0.041862
31
-0.048940
12
0.087783
22
0.041346
32
-0.048256
0
3DFACE
62
163
10
0.087981
20
0.038792
30
-0.053252
11
0.088582
21
0.041862
31
-0.048940
12
0.086832
22
0.037938
32
-0.052245
0
3DFACE
62
163
10
0.087981
20
0.038792
30
-0.053252
11
0.089433
21
0.042432
31
-0.049490
12
0.088582
22
0.041862
32
-0.048940
0
3DFACE
62
163
10
0.089117
20
0.039652
30
-0.054016
11
0.089433
21
0.042432
31
-0.049490
12
0.087981
22
0.038792
32
-0.053252
0
3DFACE
62
163
10
0.090520
20
0.040726
30
-0.054689
11
0.089433
21
0.042432
31
-0.049490
12
0.089117
22
0.039652
32
-0.054016
0
3DFACE
62
163
10
0.090520
20
0.040726
30
-0.054689
11
0.090337
21
0.043048
31
-0.049904
12
0.089433
22
0.042432
32
-0.049490
0
3DFACE
62
163
10
0.090520
20
0.040726
30
-0.054689
11
0.091278
21
0.043695
31
-0.050171
12
0.090337
22
0.043048
32
-0.049904
0
3DFACE
62
163
10
0.092229
20
0.042044
30
-0.055163
11
0.092230
21
0.044358
31
-0.050285
12
0.091278
22
0.043695
32
-0.050171
0
3DFACE
62
163
10
0.092229
20
0.042044
30
-0.055163
11
0.091278
21
0.043695
31
-0.050171
12
0.090520
22
0.040726
32
-0.054689
0
3DFACE
62
163
10
0.093432
20
0.042978
30
-0.055286
11
0.092230
21
0.044358
31
-0.050285
12
0.092229
22
0.042044
32
-0.055163
0
3DFACE
62
163
10
0.094424
20
0.043748
30
-0.055260
11
0.093186
21
0.045024
31
-0.050247
12
0.092230
22
0.044358
32
-0.050285
0
3DFACE
62
163
10
0.094424
20
0.043748
30
-0.055260
11
0.092230
21
0.044358
31
-0.050285
12
0.093432
22
0.042978
32
-0.055286
0
3DFACE
62
163
10
0.097509
20
0.046128
30
-0.054428
11
0.095060
21
0.046315
31
-0.049712
12
0.094137
22
0.045682
32
-0.050054
0
3DFACE
62
163
10
0.098913
20
0.047199
30
-0.053628
11
0.095060
21
0.046315
31
-0.049712
12
0.097509
22
0.046128
32
-0.054428
0
3DFACE
62
163
10
0.098913
20
0.047199
30
-0.053628
11
0.095935
21
0.046907
31
-0.049229
12
0.095060
22
0.046315
32
-0.049712
0
3DFACE
62
163
10
0.098913
20
0.047199
30
-0.053628
11
0.096765
21
0.047453
31
-0.048608
12
0.095935
22
0.046907
32
-0.049229
0
3DFACE
62
163
10
0.100474
20
0.048364
30
-0.052354
11
0.096765
21
0.047453
31
-0.048608
12
0.098913
22
0.047199
32
-0.053628
0
3DFACE
62
163
10
0.100474
20
0.048364
30
-0.052354
11
0.097529
21
0.047936
31
-0.047861
12
0.096765
22
0.047453
32
-0.048608
0
3DFACE
62
163
10
0.101619
20
0.049195
30
-0.051081
11
0.097529
21
0.047936
31
-0.047861
12
0.100474
22
0.048364
32
-0.052354
0
3DFACE
62
163
10
0.101619
20
0.049195
30
-0.051081
11
0.098208
21
0.048345
31
-0.047010
12
0.097529
22
0.047936
32
-0.047861
0
3DFACE
62
163
10
0.102501
20
0.049815
30
-0.049827
11
0.098208
21
0.048345
31
-0.047010
12
0.101619
22
0.049195
32
-0.051081
0
3DFACE
62
163
10
0.102501
20
0.049815
30
-0.049827
11
0.098803
21
0.048673
31
-0.046060
12
0.098208
22
0.048345
32
-0.047010
0
3DFACE
62
163
10
0.103467
20
0.050450
30
-0.048040
11
0.098803
21
0.048673
31
-0.046060
12
0.102501
22
0.049815
32
-0.049827
0
3DFACE
62
163
10
0.103467
20
0.050450
30
-0.048040
11
0.099304
21
0.048910
31
-0.045026
12
0.098803
22
0.048673
32
-0.046060
0
3DFACE
62
163
10
0.104280
20
0.050919
30
-0.045909
11
0.099304
21
0.048910
31
-0.045026
12
0.103467
22
0.050450
32
-0.048040
0
3DFACE
62
163
10
0.104280
20
0.050919
30
-0.045909
11
0.099698
21
0.049052
31
-0.043937
12
0.099304
22
0.048910
32
-0.045026
0
3DFACE
62
163
10
0.104776
20
0.051125
30
-0.043897
11
0.099698
21
0.049052
31
-0.043937
12
0.104280
22
0.050919
32
-0.045909
0
3DFACE
62
163
10
0.104776
20
0.051125
30
-0.043897
11
0.099984
21
0.049093
31
-0.042809
12
0.099698
22
0.049052
32
-0.043937
0
3DFACE
62
163
10
0.105049
20
0.051117
30
-0.041816
11
0.099984
21
0.049093
31
-0.042809
12
0.104776
22
0.051125
32
-0.043897
0
3DFACE
62
163
10
0.105049
20
0.051117
30
-0.041816
11
0.100161
21
0.049029
31
-0.041652
12
0.099984
22
0.049093
32
-0.042809
0
3DFACE
62
163
10
0.105092
20
0.050909
30
-0.039845
11
0.100224
21
0.048859
31
-0.040495
12
0.100161
22
0.049029
32
-0.041652
0
3DFACE
62
163
10
0.105092
20
0.050909
30
-0.039845
11
0.100175
21
0.048589
31
-0.039365
12
0.100224
22
0.048859
32
-0.040495
0
3DFACE
62
163
10
0.105092
20
0.050909
30
-0.039845
11
0.100161
21
0.049029
31
-0.041652
12
0.105049
22
0.051117
32
-0.041816
0
3DFACE
62
163
10
0.104927
20
0.050511
30
-0.037908
11
0.100019
21
0.048215
31
-0.038268
12
0.100175
22
0.048589
32
-0.039365
0
3DFACE
62
163
10
0.104927
20
0.050511
30
-0.037908
11
0.100175
21
0.048589
31
-0.039365
12
0.105092
22
0.050909
32
-0.039845
0
3DFACE
62
163
10
0.104549
20
0.049903
30
-0.035994
11
0.099758
21
0.047741
31
-0.037227
12
0.100019
22
0.048215
32
-0.038268
0
3DFACE
62
163
10
0.104549
20
0.049903
30
-0.035994
11
0.100019
21
0.048215
31
-0.038268
12
0.104927
22
0.050511
32
-0.037908
0
3DFACE
62
163
10
0.104007
20
0.049156
30
-0.034299
11
0.099400
21
0.047183
31
-0.036270
12
0.099758
22
0.047741
32
-0.037227
0
3DFACE
62
163
10
0.104007
20
0.049156
30
-0.034299
11
0.099758
21
0.047741
31
-0.037227
12
0.104549
22
0.049903
32
-0.035994
0
3DFACE
62
163
10
0.103206
20
0.048143
30
-0.032582
11
0.098953
21
0.046539
31
-0.035405
12
0.099400
22
0.047183
32
-0.036270
0
3DFACE
62
163
10
0.103206
20
0.048143
30
-0.032582
11
0.099400
21
0.047183
31
-0.036270
12
0.104007
22
0.049156
32
-0.034299
0
3DFACE
62
163
10
0.102146
20
0.046867
30
-0.030988
11
0.098426
21
0.045817
31
-0.034646
12
0.098953
22
0.046539
32
-0.035405
0
3DFACE
62
163
10
0.102146
20
0.046867
30
-0.030988
11
0.098953
21
0.046539
31
-0.035405
12
0.103206
22
0.048143
32
-0.032582
0
3DFACE
62
163
10
0.101281
20
0.045856
30
-0.030031
11
0.097832
21
0.045036
31
-0.034012
12
0.098426
22
0.045817
32
-0.034646
0
3DFACE
62
163
10
0.101281
20
0.045856
30
-0.030031
11
0.098426
21
0.045817
31
-0.034646
12
0.102146
22
0.046867
32
-0.030988
0
3DFACE
62
163
10
0.100492
20
0.044948
30
-0.029352
11
0.097185
21
0.044207
31
-0.033514
12
0.097832
22
0.045036
32
-0.034012
0
3DFACE
62
163
10
0.100492
20
0.044948
30
-0.029352
11
0.097832
21
0.045036
31
-0.034012
12
0.101281
22
0.045856
32
-0.030031
0
3DFACE
62
163
10
0.099042
20
0.043302
30
-0.028479
11
0.096493
21
0.043332
31
-0.033155
12
0.097185
22
0.044207
32
-0.033514
0
3DFACE
62
163
10
0.099042
20
0.043302
30
-0.028479
11
0.097185
21
0.044207
31
-0.033514
12
0.100492
22
0.044948
32
-0.029352
0
3DFACE
62
163
10
0.097566
20
0.041640
30
-0.028004
11
0.095774
21
0.042432
31
-0.032947
12
0.096493
22
0.043332
32
-0.033155
0
3DFACE
62
163
10
0.097566
20
0.041640
30
-0.028004
11
0.096493
21
0.043332
31
-0.033155
12
0.099042
22
0.043302
32
-0.028479
0
3DFACE
62
163
10
0.096330
20
0.040258
30
-0.027890
11
0.095045
21
0.041527
31
-0.032891
12
0.095774
22
0.042432
32
-0.032947
0
3DFACE
62
163
10
0.096330
20
0.040258
30
-0.027890
11
0.095774
21
0.042432
31
-0.032947
12
0.097566
22
0.041640
32
-0.028004
0
3DFACE
62
163
10
0.095632
20
0.039477
30
-0.027937
11
0.094315
21
0.040619
31
-0.032989
12
0.095045
22
0.041527
32
-0.032891
0
3DFACE
62
163
10
0.095632
20
0.039477
30
-0.027937
11
0.095045
21
0.041527
31
-0.032891
12
0.096330
22
0.040258
32
-0.027890
0
3DFACE
62
163
10
0.094627
20
0.038347
30
-0.028145
11
0.093601
21
0.039723
31
-0.033240
12
0.094315
22
0.040619
32
-0.032989
0
3DFACE
62
163
10
0.094627
20
0.038347
30
-0.028145
11
0.094315
21
0.040619
31
-0.032989
12
0.095632
22
0.039477
32
-0.027937
0
3DFACE
62
163
10
0.093156
20
0.036688
30
-0.028774
11
0.092922
21
0.038863
31
-0.033637
12
0.093601
22
0.039723
32
-0.033240
0
3DFACE
62
163
10
0.093156
20
0.036688
30
-0.028774
11
0.093601
21
0.039723
31
-0.033240
12
0.094627
22
0.038347
32
-0.028145
0
3DFACE
62
163
10
0.092155
20
0.035549
30
-0.029450
11
0.092288
21
0.038045
31
-0.034174
12
0.092922
22
0.038863
32
-0.033637
0
3DFACE
62
163
10
0.092155
20
0.035549
30
-0.029450
11
0.092922
21
0.038863
31
-0.033637
12
0.093156
22
0.036688
32
-0.028774
0
3DFACE
62
163
10
0.090847
20
0.034033
30
-0.030721
11
0.091710
21
0.037276
31
-0.034846
12
0.092288
22
0.038045
32
-0.034174
0
3DFACE
62
163
10
0.090847
20
0.034033
30
-0.030721
11
0.092288
21
0.038045
31
-0.034174
12
0.092155
22
0.035549
32
-0.029450
0
3DFACE
62
163
10
0.089835
20
0.032825
30
-0.032125
11
0.091710
21
0.037276
31
-0.034846
12
0.090847
22
0.034033
32
-0.030721
0
3DFACE
62
163
10
0.089835
20
0.032825
30
-0.032125
11
0.091205
21
0.036577
31
-0.035635
12
0.091710
22
0.037276
32
-0.034846
0
3DFACE
62
163
10
0.089112
20
0.031931
30
-0.033481
11
0.091205
21
0.036577
31
-0.035635
12
0.089835
22
0.032825
32
-0.032125
0
3DFACE
62
163
10
0.089112
20
0.031931
30
-0.033481
11
0.090783
21
0.035959
31
-0.036525
12
0.091205
22
0.036577
32
-0.035635
0
3DFACE
62
163
10
0.089112
20
0.031931
30
-0.033481
11
0.090450
21
0.035420
31
-0.037510
12
0.090783
22
0.035959
32
-0.036525
0
3DFACE
62
163
10
0.088366
20
0.030941
30
-0.035483
11
0.090450
21
0.035420
31
-0.037510
12
0.089112
22
0.031931
32
-0.033481
0
3DFACE
62
163
10
0.088366
20
0.030941
30
-0.035483
11
0.090218
21
0.034973
31
-0.038569
12
0.090450
22
0.035420
32
-0.037510
0
3DFACE
62
163
10
0.087905
20
0.030236
30
-0.037521
11
0.090218
21
0.034973
31
-0.038569
12
0.088366
22
0.030941
32
-0.035483
0
3DFACE
62
163
10
0.087905
20
0.030236
30
-0.037521
11
0.090091
21
0.034630
31
-0.039673
12
0.090218
22
0.034973
32
-0.038569
0
3DFACE
62
163
10
0.087722
20
0.029867
30
-0.039071
11
0.090091
21
0.034630
31
-0.039673
12
0.087905
22
0.030236
32
-0.037521
0
3DFACE
62
163
10
0.087722
20
0.029867
30
-0.039071
11
0.090073
21
0.034386
31
-0.040815
12
0.090091
22
0.034630
32
-0.039673
0
3DFACE
62
163
10
0.087696
20
0.029556
30
-0.041347
11
0.090169
21
0.034245
31
-0.041976
12
0.090073
22
0.034386
32
-0.040815
0
3DFACE
62
163
10
0.087696
20
0.029556
30
-0.041347
11
0.090073
21
0.034386
31
-0.040815
12
0.087722
22
0.029867
32
-0.039071
0
3DFACE
62
163
10
0.087937
20
0.029503
30
-0.043555
11
0.090375
21
0.034211
31
-0.043124
12
0.090169
22
0.034245
32
-0.041976
0
3DFACE
62
163
10
0.087937
20
0.029503
30
-0.043555
11
0.090169
21
0.034245
31
-0.041976
12
0.087696
22
0.029556
32
-0.041347
0
3DFACE
62
163
10
0.088296
20
0.029628
30
-0.045220
11
0.090690
21
0.034280
31
-0.044242
12
0.090375
22
0.034211
32
-0.043124
0
3DFACE
62
163
10
0.088296
20
0.029628
30
-0.045220
11
0.090375
21
0.034211
31
-0.043124
12
0.087937
22
0.029503
32
-0.043555
0
3DFACE
62
163
10
0.088802
20
0.029889
30
-0.046819
11
0.091117
21
0.034449
31
-0.045322
12
0.090690
22
0.034280
32
-0.044242
0
3DFACE
62
163
10
0.088802
20
0.029889
30
-0.046819
11
0.090690
21
0.034280
31
-0.044242
12
0.088296
22
0.029628
32
-0.045220
0
3DFACE
62
163
10
0.089463
20
0.030289
30
-0.048367
11
0.091644
21
0.034712
31
-0.046333
12
0.091117
22
0.034449
32
-0.045322
0
3DFACE
62
163
10
0.089463
20
0.030289
30
-0.048367
11
0.091117
21
0.034449
31
-0.045322
12
0.088802
22
0.029889
32
-0.046819
0
3DFACE
62
163
10
0.090253
20
0.030813
30
-0.049795
11
0.092261
21
0.035063
31
-0.047254
12
0.091644
22
0.034712
32
-0.046333
0
3DFACE
62
163
10
0.090253
20
0.030813
30
-0.049795
11
0.091644
21
0.034712
31
-0.046333
12
0.089463
22
0.030289
32
-0.048367
0
3DFACE
62
163
10
0.091131
20
0.031429
30
-0.051050
11
0.092968
21
0.035494
31
-0.048081
12
0.092261
22
0.035063
32
-0.047254
0
3DFACE
62
163
10
0.091131
20
0.031429
30
-0.051050
11
0.092261
21
0.035063
31
-0.047254
12
0.090253
22
0.030813
32
-0.049795
0
3DFACE
62
163
10
0.092225
20
0.032221
30
-0.052279
11
0.093752
21
0.035996
31
-0.048794
12
0.092968
22
0.035494
32
-0.048081
0
3DFACE
62
163
10
0.092225
20
0.032221
30
-0.052279
11
0.092968
21
0.035494
31
-0.048081
12
0.091131
22
0.031429
32
-0.051050
0
3DFACE
62
163
10
0.093137
20
0.032898
30
-0.053093
11
0.094591
21
0.036554
31
-0.049376
12
0.093752
22
0.035996
32
-0.048794
0
3DFACE
62
163
10
0.093137
20
0.032898
30
-0.053093
11
0.093752
21
0.035996
31
-0.048794
12
0.092225
22
0.032221
32
-0.052279
0
3DFACE
62
163
10
0.094494
20
0.033925
30
-0.054026
11
0.095484
21
0.037160
31
-0.049822
12
0.094591
22
0.036554
32
-0.049376
0
3DFACE
62
163
10
0.094494
20
0.033925
30
-0.054026
11
0.094591
21
0.036554
31
-0.049376
12
0.093137
22
0.032898
32
-0.053093
0
3DFACE
62
163
10
0.095774
20
0.034904
30
-0.054648
11
0.096418
21
0.037802
31
-0.050123
12
0.095484
22
0.037160
32
-0.049822
0
3DFACE
62
163
10
0.095774
20
0.034904
30
-0.054648
11
0.095484
21
0.037160
31
-0.049822
12
0.094494
22
0.033925
32
-0.054026
0
3DFACE
62
163
10
0.097474
20
0.036215
30
-0.055142
11
0.097370
21
0.038463
31
-0.050273
12
0.096418
22
0.037802
32
-0.050123
0
3DFACE
62
163
10
0.097474
20
0.036215
30
-0.055142
11
0.096418
21
0.037802
31
-0.050123
12
0.095774
22
0.034904
32
-0.054648
0
3DFACE
62
163
10
0.098570
20
0.037065
30
-0.055276
11
0.097370
21
0.038463
31
-0.050273
12
0.097474
22
0.036215
32
-0.055142
0
3DFACE
62
163
10
0.099624
20
0.037884
30
-0.055272
11
0.098324
21
0.039129
31
-0.050269
12
0.097370
22
0.038463
32
-0.050273
0
3DFACE
62
163
10
0.099624
20
0.037884
30
-0.055272
11
0.097370
21
0.038463
31
-0.050273
12
0.098570
22
0.037065
32
-0.055276
0
3DFACE
62
163
10
0.101156
20
0.039069
30
-0.055035
11
0.099279
21
0.039790
31
-0.050112
12
0.098324
22
0.039129
32
-0.050269
0
3DFACE
62
163
10
0.101156
20
0.039069
30
-0.055035
11
0.100210
21
0.040430
31
-0.049803
12
0.099279
22
0.039790
32
-0.050112
0
3DFACE
62
163
10
0.101156
20
0.039069
30
-0.055035
11
0.098324
21
0.039129
31
-0.050269
12
0.099624
22
0.037884
32
-0.055272
0
3DFACE
62
163
10
0.102903
20
0.040414
30
-0.054411
11
0.101096
21
0.041033
31
-0.049353
12
0.100210
22
0.040430
32
-0.049803
0
3DFACE
62
163
10
0.102903
20
0.040414
30
-0.054411
11
0.100210
21
0.040430
31
-0.049803
12
0.101156
22
0.039069
32
-0.055035
0
3DFACE
62
163
10
0.104346
20
0.041513
30
-0.053578
11
0.101938
21
0.041590
31
-0.048762
12
0.101096
22
0.041033
32
-0.049353
0
3DFACE
62
163
10
0.104346
20
0.041513
30
-0.053578
11
0.101096
21
0.041033
31
-0.049353
12
0.102903
22
0.040414
32
-0.054411
0
3DFACE
62
163
10
0.105900
20
0.042672
30
-0.052287
11
0.102719
21
0.042089
31
-0.048043
12
0.101938
22
0.041590
32
-0.048762
0
3DFACE
62
163
10
0.105900
20
0.042672
30
-0.052287
11
0.101938
21
0.041590
31
-0.048762
12
0.104346
22
0.041513
32
-0.053578
0
3DFACE
62
163
10
0.107027
20
0.043489
30
-0.051017
11
0.103418
21
0.042516
31
-0.047214
12
0.102719
22
0.042089
32
-0.048043
0
3DFACE
62
163
10
0.107027
20
0.043489
30
-0.051017
11
0.102719
21
0.042089
31
-0.048043
12
0.105900
22
0.042672
32
-0.052287
0
3DFACE
62
163
10
0.107773
20
0.044013
30
-0.049963
11
0.103418
21
0.042516
31
-0.047214
12
0.107027
22
0.043489
32
-0.051017
0
3DFACE
62
163
10
0.107773
20
0.044013
30
-0.049963
11
0.104032
21
0.042863
31
-0.046286
12
0.103418
22
0.042516
32
-0.047214
0
3DFACE
62
163
10
0.108641
20
0.044592
30
-0.048425
11
0.104032
21
0.042863
31
-0.046286
12
0.107773
22
0.044013
32
-0.049963
0
3DFACE
62
163
10
0.108641
20
0.044592
30
-0.048425
11
0.104556
21
0.043122
31
-0.045269
12
0.104032
22
0.042863
32
-0.046286
0
3DFACE
62
163
10
0.109391
20
0.045045
30
-0.046651
11
0.104556
21
0.043122
31
-0.045269
12
0.108641
22
0.044592
32
-0.048425
0
3DFACE
62
163
10
0.109391
20
0.045045
30
-0.046651
11
0.104976
21
0.043286
31
-0.044190
12
0.104556
22
0.043122
32
-0.045269
0
3DFACE
62
163
10
0.109897
20
0.045298
30
-0.044982
11
0.104976
21
0.043286
31
-0.044190
12
0.109391
22
0.045045
32
-0.046651
0
3DFACE
62
163
10
0.109897
20
0.045298
30
-0.044982
11
0.105286
21
0.043350
31
-0.043071
12
0.104976
22
0.043286
32
-0.044190
0
3DFACE
62
163
10
0.110189
20
0.045395
30
-0.043596
11
0.105286
21
0.043350
31
-0.043071
12
0.109897
22
0.045298
32
-0.044982
0
3DFACE
62
163
10
0.110189
20
0.045395
30
-0.043596
11
0.105488
21
0.043310
31
-0.041918
12
0.105286
22
0.043350
32
-0.043071
0
3DFACE
62
163
10
0.110434
20
0.045346
30
-0.041387
11
0.105488
21
0.043310
31
-0.041918
12
0.110189
22
0.045395
32
-0.043596
0
3DFACE
62
163
10
0.110434
20
0.045346
30
-0.041387
11
0.105578
21
0.043165
31
-0.040759
12
0.105488
22
0.043310
32
-0.041918
0
3DFACE
62
163
10
0.110442
20
0.045131
30
-0.039618
11
0.105578
21
0.043165
31
-0.040759
12
0.110434
22
0.045346
32
-0.041387
0
3DFACE
62
163
10
0.110442
20
0.045131
30
-0.039618
11
0.105554
21
0.042918
31
-0.039622
12
0.105578
22
0.043165
32
-0.040759
0
3DFACE
62
163
10
0.110321
20
0.044836
30
-0.038175
11
0.105554
21
0.042918
31
-0.039622
12
0.110442
22
0.045131
32
-0.039618
0
3DFACE
62
163
10
0.110321
20
0.044836
30
-0.038175
11
0.105422
21
0.042567
31
-0.038516
12
0.105554
22
0.042918
32
-0.039622
0
3DFACE
62
163
10
0.110069
20
0.044405
30
-0.036679
11
0.105422
21
0.042567
31
-0.038516
12
0.110321
22
0.044836
32
-0.038175
0
3DFACE
62
163
10
0.110069
20
0.044405
30
-0.036679
11
0.105185
21
0.042116
31
-0.037459
12
0.105422
22
0.042567
32
-0.038516
0
3DFACE
62
163
10
0.109457
20
0.043535
30
-0.034543
11
0.105185
21
0.042116
31
-0.037459
12
0.110069
22
0.044405
32
-0.036679
0
3DFACE
62
163
10
0.109457
20
0.043535
30
-0.034543
11
0.104848
21
0.041575
31
-0.036481
12
0.105185
22
0.042116
32
-0.037459
0
3DFACE
62
163
10
0.108815
20
0.042712
30
-0.033057
11
0.104848
21
0.041575
31
-0.036481
12
0.109457
22
0.043535
32
-0.034543
0
3DFACE
62
163
10
0.108815
20
0.042712
30
-0.033057
11
0.104422
21
0.040952
31
-0.035595
12
0.104848
22
0.041575
32
-0.036481
0
3DFACE
62
163
10
0.108144
20
0.041889
30
-0.031881
11
0.104422
21
0.040952
31
-0.035595
12
0.108815
22
0.042712
32
-0.033057
0
3DFACE
62
163
10
0.108144
20
0.041889
30
-0.031881
11
0.103912
21
0.040247
31
-0.034810
12
0.104422
22
0.040952
32
-0.035595
0
3DFACE
62
163
10
0.107059
20
0.040601
30
-0.030464
11
0.103912
21
0.040247
31
-0.034810
12
0.108144
22
0.041889
32
-0.031881
0
3DFACE
62
163
10
0.107059
20
0.040601
30
-0.030464
11
0.103332
21
0.039477
31
-0.034145
12
0.103912
22
0.040247
32
-0.034810
0
3DFACE
62
163
10
0.106133
20
0.039529
30
-0.029577
11
0.103332
21
0.039477
31
-0.034145
12
0.107059
22
0.040601
32
-0.030464
0
3DFACE
62
163
10
0.106133
20
0.039529
30
-0.029577
11
0.102697
21
0.038660
31
-0.033616
12
0.103332
22
0.039477
32
-0.034145
0
3DFACE
62
163
10
0.105065
20
0.038313
30
-0.028825
11
0.102697
21
0.038660
31
-0.033616
12
0.106133
22
0.039529
32
-0.029577
0
3DFACE
62
163
10
0.105065
20
0.038313
30
-0.028825
11
0.102013
21
0.037794
31
-0.033225
12
0.102697
22
0.038660
32
-0.033616
0
3DFACE
62
163
10
0.103871
20
0.036962
30
-0.028264
11
0.101298
21
0.036897
31
-0.032981
12
0.102013
22
0.037794
32
-0.033225
0
3DFACE
62
163
10
0.103871
20
0.036962
30
-0.028264
11
0.102013
21
0.037794
31
-0.033225
12
0.105065
22
0.038313
32
-0.028825
0
3DFACE
62
163
10
0.102777
20
0.035733
30
-0.027977
11
0.100571
21
0.035993
31
-0.032891
12
0.101298
22
0.036897
32
-0.032981
0
3DFACE
62
163
10
0.102777
20
0.035733
30
-0.027977
11
0.101298
21
0.036897
31
-0.032981
12
0.103871
22
0.036962
32
-0.028264
0
3DFACE
62
163
10
0.101767
20
0.034604
30
-0.027890
11
0.100571
21
0.035993
31
-0.032891
12
0.102777
22
0.035733
32
-0.027977
0
3DFACE
62
163
10
0.100775
20
0.033493
30
-0.027967
11
0.099840
21
0.035085
31
-0.032953
12
0.100571
22
0.035993
32
-0.032891
0
3DFACE
62
163
10
0.100775
20
0.033493
30
-0.027967
11
0.100571
21
0.035993
31
-0.032891
12
0.101767
22
0.034604
32
-0.027890
0
3DFACE
62
163
10
0.099454
20
0.032260
30
-0.028794
11
0.099121
21
0.034184
31
-0.033170
12
0.099840
22
0.035085
32
-0.032953
0
3DFACE
62
163
10
0.099454
20
0.032260
30
-0.028794
11
0.099840
21
0.035085
31
-0.032953
12
0.100775
22
0.033493
32
-0.027967
0
3DFACE
62
163
10
0.098243
20
0.031130
30
-0.029883
11
0.098432
21
0.033313
31
-0.033534
12
0.099121
22
0.034184
32
-0.033170
0
3DFACE
62
163
10
0.098243
20
0.031130
30
-0.029883
11
0.099121
21
0.034184
31
-0.033170
12
0.099454
22
0.032260
32
-0.028794
0
3DFACE
62
163
10
0.097171
20
0.030130
30
-0.031227
11
0.097787
21
0.032487
31
-0.034039
12
0.098432
22
0.033313
32
-0.033534
0
3DFACE
62
163
10
0.097171
20
0.030130
30
-0.031227
11
0.098432
21
0.033313
31
-0.033534
12
0.098243
22
0.031130
32
-0.029883
0
3DFACE
62
163
10
0.096290
20
0.029308
30
-0.032788
11
0.097195
21
0.031705
31
-0.034681
12
0.097787
22
0.032487
32
-0.034039
0
3DFACE
62
163
10
0.096290
20
0.029308
30
-0.032788
11
0.096672
21
0.030988
31
-0.035445
12
0.097195
22
0.031705
32
-0.034681
0
3DFACE
62
163
10
0.096290
20
0.029308
30
-0.032788
11
0.097787
21
0.032487
31
-0.034039
12
0.097171
22
0.030130
32
-0.031227
0
3DFACE
62
163
10
0.095671
20
0.028731
30
-0.034370
11
0.096672
21
0.030988
31
-0.035445
12
0.096290
22
0.029308
32
-0.032788
0
3DFACE
62
163
10
0.095671
20
0.028731
30
-0.034370
11
0.096230
21
0.030352
31
-0.036311
12
0.096672
22
0.030988
32
-0.035445
0
3DFACE
62
163
10
0.095288
20
0.028373
30
-0.035881
11
0.095876
21
0.029793
31
-0.037276
12
0.096230
22
0.030352
32
-0.036311
0
3DFACE
62
163
10
0.095288
20
0.028373
30
-0.035881
11
0.096230
21
0.030352
31
-0.036311
12
0.095671
22
0.028731
32
-0.034370
0
3DFACE
62
163
10
0.095087
20
0.028185
30
-0.037471
11
0.095620
21
0.029324
31
-0.038321
12
0.095876
22
0.029793
32
-0.037276
0
3DFACE
62
163
10
0.095087
20
0.028185
30
-0.037471
11
0.095876
21
0.029793
31
-0.037276
12
0.095288
22
0.028373
32
-0.035881
0
3DFACE
62
163
10
0.095077
20
0.028176
30
-0.039078
11
0.095620
21
0.029324
31
-0.038321
12
0.095087
22
0.028185
32
-0.037471
0
3DFACE
62
163
10
0.095077
20
0.028176
30
-0.039078
11
0.095469
21
0.028957
31
-0.039416
12
0.095620
22
0.029324
32
-0.038321
0
3DFACE
62
163
10
0.095209
20
0.028299
30
-0.040304
11
0.095469
21
0.028957
31
-0.039416
12
0.095077
22
0.028176
32
-0.039078
0
3DFACE
62
163
10
0.095209
20
0.028299
30
-0.040304
11
0.095424
21
0.028710
31
-0.040449
12
0.095469
22
0.028957
32
-0.039416
0
3DFACE
62
163
10
0.095474
20
0.028547
30
-0.041506
11
0.095424
21
0.028710
31
-0.040449
12
0.095209
22
0.028299
32
-0.040304
0
3DFACE
62
163
10
0.085082
20
0.056297
30
-0.055035
11
0.082908
21
0.056813
31
-0.050177
12
0.084189
22
0.055607
32
-0.055207
0
3DFACE
62
163
10
0.085082
20
0.056297
30
-0.055035
11
0.086783
21
0.057606
31
-0.054433
12
0.083849
22
0.057461
32
-0.049915
0
3DFACE
62
163
10
0.085082
20
0.056297
30
-0.055035
11
0.084189
21
0.055607
31
-0.055207
12
0.085082
22
0.056297
32
-0.055035
0
3DFACE
62
163
10
0.085082
20
0.056297
30
-0.055035
11
0.085082
21
0.056297
31
-0.055035
12
0.086783
22
0.057606
32
-0.054433
0
3DFACE
62
163
10
0.085082
20
0.056297
30
-0.055035
11
0.083849
21
0.057461
31
-0.049915
12
0.082908
22
0.056813
32
-0.050177
0
3DFACE
62
163
10
0.090440
20
0.050554
30
-0.055035
11
0.092152
21
0.051871
31
-0.054428
12
0.088994
22
0.051572
32
-0.049988
0
3DFACE
62
163
10
0.090440
20
0.050554
30
-0.055035
11
0.089325
21
0.049692
31
-0.055235
12
0.090440
22
0.050554
32
-0.055035
0
3DFACE
62
163
10
0.090440
20
0.050554
30
-0.055035
11
0.090440
21
0.050554
31
-0.055035
12
0.092152
22
0.051871
32
-0.054428
0
3DFACE
62
163
10
0.090440
20
0.050554
30
-0.055035
11
0.088994
21
0.051572
31
-0.049988
12
0.088047
22
0.050919
32
-0.050216
0
3DFACE
62
163
10
0.090440
20
0.050554
30
-0.055035
11
0.088047
21
0.050919
31
-0.050216
12
0.089325
22
0.049692
32
-0.055235
0
3DFACE
62
163
10
0.095798
20
0.044812
30
-0.055035
11
0.097509
21
0.046128
31
-0.054428
12
0.094137
22
0.045682
32
-0.050054
0
3DFACE
62
163
10
0.095798
20
0.044812
30
-0.055035
11
0.094424
21
0.043748
31
-0.055260
12
0.095798
22
0.044812
32
-0.055035
0
3DFACE
62
163
10
0.095798
20
0.044812
30
-0.055035
11
0.095798
21
0.044812
31
-0.055035
12
0.097509
22
0.046128
32
-0.054428
0
3DFACE
62
163
10
0.095798
20
0.044812
30
-0.055035
11
0.094137
21
0.045682
31
-0.050054
12
0.093186
22
0.045024
32
-0.050247
0
3DFACE
62
163
10
0.095798
20
0.044812
30
-0.055035
11
0.093186
21
0.045024
31
-0.050247
12
0.094424
22
0.043748
32
-0.055260
0
3DFACE
62
163
10
0.077161
20
0.053357
30
-0.048021
11
0.076664
21
0.052579
31
-0.047835
12
0.077426
22
0.053060
32
-0.048586
0
3DFACE
62
163
10
0.077161
20
0.053357
30
-0.048021
11
0.076798
21
0.053134
31
-0.047662
12
0.076664
22
0.052579
32
-0.047835
0
3DFACE
62
163
10
0.077161
20
0.053357
30
-0.048021
11
0.076653
21
0.053697
31
-0.047680
12
0.076798
22
0.053134
32
-0.047662
0
3DFACE
62
163
10
0.077161
20
0.053357
30
-0.048021
11
0.077451
21
0.054196
31
-0.048375
12
0.076653
22
0.053697
32
-0.047680
0
3DFACE
62
163
10
0.077569
20
0.053614
30
-0.048374
11
0.077161
21
0.053357
31
-0.048021
12
0.077426
22
0.053060
32
-0.048586
0
3DFACE
62
163
10
0.077569
20
0.053614
30
-0.048374
11
0.077451
21
0.054196
31
-0.048375
12
0.077161
22
0.053357
32
-0.048021
0
3DFACE
62
163
10
0.077952
20
0.054076
30
-0.048637
11
0.078379
21
0.053953
31
-0.049021
12
0.078234
22
0.054260
32
-0.048820
0
3DFACE
62
163
10
0.077952
20
0.054076
30
-0.048637
11
0.078234
21
0.054260
31
-0.048820
12
0.077451
22
0.054196
32
-0.048375
0
3DFACE
62
163
10
0.077963
20
0.053868
30
-0.048670
11
0.077569
21
0.053614
31
-0.048374
12
0.077426
22
0.053060
32
-0.048586
0
3DFACE
62
163
10
0.077963
20
0.053868
30
-0.048670
11
0.077426
21
0.053060
31
-0.048586
12
0.078251
22
0.053603
32
-0.049210
0
3DFACE
62
163
10
0.077963
20
0.053868
30
-0.048670
11
0.078379
21
0.053953
31
-0.049021
12
0.077952
22
0.054076
32
-0.048637
0
3DFACE
62
163
10
0.077963
20
0.053868
30
-0.048670
11
0.077451
21
0.054196
31
-0.048375
12
0.077569
22
0.053614
32
-0.048374
0
3DFACE
62
163
10
0.077963
20
0.053868
30
-0.048670
11
0.077952
21
0.054076
31
-0.048637
12
0.077451
22
0.054196
32
-0.048375
0
3DFACE
62
163
10
0.077963
20
0.053868
30
-0.048670
11
0.078251
21
0.053603
31
-0.049210
12
0.078379
22
0.053953
32
-0.049021
0
3DFACE
62
163
10
0.078384
20
0.054359
30
-0.048910
11
0.078234
21
0.054260
31
-0.048820
12
0.078379
22
0.053953
32
-0.049021
0
3DFACE
62
163
10
0.078384
20
0.054359
30
-0.048910
11
0.078306
21
0.054753
31
-0.048926
12
0.078234
22
0.054260
32
-0.048820
0
3DFACE
62
163
10
0.078816
20
0.054432
30
-0.049182
11
0.078379
21
0.053953
31
-0.049021
12
0.079126
22
0.054194
32
-0.049698
0
3DFACE
62
163
10
0.078816
20
0.054432
30
-0.049182
11
0.078384
21
0.054359
31
-0.048910
12
0.078379
22
0.053953
32
-0.049021
0
3DFACE
62
163
10
0.078816
20
0.054432
30
-0.049182
11
0.078306
21
0.054753
31
-0.048926
12
0.078384
22
0.054359
32
-0.048910
0
3DFACE
62
163
10
0.072319
20
0.058966
30
-0.048794
11
0.072025
21
0.058982
31
-0.048323
12
0.071340
22
0.058342
32
-0.047873
0
3DFACE
62
163
10
0.072714
20
0.059625
30
-0.048762
11
0.072025
21
0.058982
31
-0.048323
12
0.072319
22
0.058966
32
-0.048794
0
3DFACE
62
163
10
0.079279
20
0.054742
30
-0.049393
11
0.079126
21
0.054194
31
-0.049698
12
0.080050
22
0.054827
32
-0.050045
0
3DFACE
62
163
10
0.079279
20
0.054742
30
-0.049393
11
0.079218
21
0.055358
31
-0.049332
12
0.078306
22
0.054753
32
-0.048926
0
3DFACE
62
163
10
0.079279
20
0.054742
30
-0.049393
11
0.078816
21
0.054432
31
-0.049182
12
0.079126
22
0.054194
32
-0.049698
0
3DFACE
62
163
10
0.079279
20
0.054742
30
-0.049393
11
0.078306
21
0.054753
31
-0.048926
12
0.078816
22
0.054432
32
-0.049182
0
3DFACE
62
163
10
0.079721
20
0.055040
30
-0.049553
11
0.079218
21
0.055358
31
-0.049332
12
0.079279
22
0.054742
32
-0.049393
0
3DFACE
62
163
10
0.079721
20
0.055040
30
-0.049553
11
0.079279
21
0.054742
31
-0.049393
12
0.080050
22
0.054827
32
-0.050045
0
3DFACE
62
163
10
0.080204
20
0.055367
30
-0.049686
11
0.079218
21
0.055358
31
-0.049332
12
0.079721
22
0.055040
32
-0.049553
0
3DFACE
62
163
10
0.080204
20
0.055367
30
-0.049686
11
0.080050
21
0.054827
31
-0.050045
12
0.080999
22
0.055484
32
-0.050243
0
3DFACE
62
163
10
0.080204
20
0.055367
30
-0.049686
11
0.080166
21
0.055997
31
-0.049580
12
0.079218
22
0.055358
32
-0.049332
0
3DFACE
62
163
10
0.080204
20
0.055367
30
-0.049686
11
0.079721
21
0.055040
31
-0.049553
12
0.080050
22
0.054827
32
-0.050045
0
3DFACE
62
163
10
0.080658
20
0.055676
30
-0.049773
11
0.081183
21
0.056245
31
-0.049737
12
0.080166
22
0.055997
32
-0.049580
0
3DFACE
62
163
10
0.080658
20
0.055676
30
-0.049773
11
0.080204
21
0.055367
31
-0.049686
12
0.080999
22
0.055484
32
-0.050243
0
3DFACE
62
163
10
0.080658
20
0.055676
30
-0.049773
11
0.080166
21
0.055997
31
-0.049580
12
0.080204
22
0.055367
32
-0.049686
0
3DFACE
62
163
10
0.081144
20
0.055827
30
-0.049948
11
0.081399
21
0.056003
31
-0.049963
12
0.081183
22
0.056245
32
-0.049737
0
3DFACE
62
163
10
0.081144
20
0.055827
30
-0.049948
11
0.080999
21
0.055484
31
-0.050243
12
0.081399
22
0.056003
32
-0.049963
0
3DFACE
62
163
10
0.081144
20
0.055827
30
-0.049948
11
0.081183
21
0.056245
31
-0.049737
12
0.080658
22
0.055676
32
-0.049773
0
3DFACE
62
163
10
0.081144
20
0.055827
30
-0.049948
11
0.080658
21
0.055676
31
-0.049773
12
0.080999
22
0.055484
32
-0.050243
0
3DFACE
62
163
10
0.081599
20
0.056322
30
-0.049836
11
0.081123
21
0.056648
31
-0.049665
12
0.081183
22
0.056245
32
-0.049737
0
3DFACE
62
163
10
0.081599
20
0.056322
30
-0.049836
11
0.081183
21
0.056245
31
-0.049737
12
0.081399
22
0.056003
32
-0.049963
0
3DFACE
62
163
10
0.081604
20
0.056145
30
-0.049967
11
0.081951
21
0.056148
31
-0.050287
12
0.081599
22
0.056322
32
-0.049836
0
3DFACE
62
163
10
0.081604
20
0.056145
30
-0.049967
11
0.081399
21
0.056003
31
-0.049963
12
0.081951
22
0.056148
32
-0.050287
0
3DFACE
62
163
10
0.081604
20
0.056145
30
-0.049967
11
0.081599
21
0.056322
31
-0.049836
12
0.081399
22
0.056003
32
-0.049963
0
3DFACE
62
163
10
0.082089
20
0.056657
30
-0.049808
11
0.081599
21
0.056322
31
-0.049836
12
0.081951
22
0.056148
32
-0.050287
0
3DFACE
62
163
10
0.082089
20
0.056657
30
-0.049808
11
0.081123
21
0.056648
31
-0.049665
12
0.081599
22
0.056322
32
-0.049836
0
3DFACE
62
163
10
0.082089
20
0.056657
30
-0.049808
11
0.081951
21
0.056148
31
-0.050287
12
0.082908
22
0.056813
32
-0.050177
0
3DFACE
62
163
10
0.082089
20
0.056657
30
-0.049808
11
0.082085
21
0.057302
31
-0.049586
12
0.081123
22
0.056648
32
-0.049665
0
3DFACE
62
163
10
0.082546
20
0.056969
30
-0.049743
11
0.082089
21
0.056657
31
-0.049808
12
0.082908
22
0.056813
32
-0.050177
0
3DFACE
62
163
10
0.082546
20
0.056969
30
-0.049743
11
0.082085
21
0.057302
31
-0.049586
12
0.082089
22
0.056657
32
-0.049808
0
3DFACE
62
163
10
0.083032
20
0.057299
30
-0.049634
11
0.082085
21
0.057302
31
-0.049586
12
0.082546
22
0.056969
32
-0.049743
0
3DFACE
62
163
10
0.083032
20
0.057299
30
-0.049634
11
0.082908
21
0.056813
31
-0.050177
12
0.083849
22
0.057461
32
-0.049915
0
3DFACE
62
163
10
0.083032
20
0.057299
30
-0.049634
11
0.082546
21
0.056969
31
-0.049743
12
0.082908
22
0.056813
32
-0.050177
0
3DFACE
62
163
10
0.083032
20
0.057299
30
-0.049634
11
0.083034
21
0.057941
31
-0.049343
12
0.082085
22
0.057302
32
-0.049586
0
3DFACE
62
163
10
0.083479
20
0.057601
30
-0.049495
11
0.083032
21
0.057299
31
-0.049634
12
0.083849
22
0.057461
32
-0.049915
0
3DFACE
62
163
10
0.083479
20
0.057601
30
-0.049495
11
0.083034
21
0.057941
31
-0.049343
12
0.083032
22
0.057299
32
-0.049634
0
3DFACE
62
163
10
0.084056
20
0.057820
30
-0.049441
11
0.083479
21
0.057601
31
-0.049495
12
0.083849
22
0.057461
32
-0.049915
0
3DFACE
62
163
10
0.084056
20
0.057820
30
-0.049441
11
0.084457
21
0.058089
31
-0.049246
12
0.084169
22
0.058263
32
-0.049039
0
3DFACE
62
163
10
0.084056
20
0.057820
30
-0.049441
11
0.083849
21
0.057461
31
-0.049915
12
0.084750
22
0.058077
32
-0.049508
0
3DFACE
62
163
10
0.084056
20
0.057820
30
-0.049441
11
0.084750
21
0.058077
31
-0.049508
12
0.084457
22
0.058089
32
-0.049246
0
3DFACE
62
163
10
0.084907
20
0.058389
30
-0.048986
11
0.084750
21
0.058077
31
-0.049508
12
0.085607
22
0.058649
32
-0.048961
0
3DFACE
62
163
10
0.084907
20
0.058389
30
-0.048986
11
0.084457
21
0.058089
31
-0.049246
12
0.084750
22
0.058077
32
-0.049508
0
3DFACE
62
163
10
0.085218
20
0.058755
30
-0.048558
11
0.084907
21
0.058389
31
-0.048986
12
0.085607
22
0.058649
32
-0.048961
0
3DFACE
62
163
10
0.085608
20
0.059004
30
-0.048249
11
0.084803
21
0.059106
31
-0.048395
12
0.085218
22
0.058755
32
-0.048558
0
3DFACE
62
163
10
0.085608
20
0.059004
30
-0.048249
11
0.085607
21
0.058649
31
-0.048961
12
0.086409
22
0.059168
32
-0.048280
0
3DFACE
62
163
10
0.085608
20
0.059004
30
-0.048249
11
0.085218
21
0.058755
31
-0.048558
12
0.085607
22
0.058649
32
-0.048961
0
3DFACE
62
163
10
0.085608
20
0.059004
30
-0.048249
11
0.085605
21
0.059607
31
-0.047705
12
0.084803
22
0.059106
32
-0.048395
0
3DFACE
62
163
10
0.086009
20
0.059255
30
-0.047883
11
0.085608
21
0.059004
31
-0.048249
12
0.086409
22
0.059168
32
-0.048280
0
3DFACE
62
163
10
0.086009
20
0.059255
30
-0.047883
11
0.085605
21
0.059607
31
-0.047705
12
0.085608
22
0.059004
32
-0.048249
0
3DFACE
62
163
10
0.086364
20
0.059472
30
-0.047514
11
0.086409
21
0.059168
31
-0.048280
12
0.087135
22
0.059618
32
-0.047482
0
3DFACE
62
163
10
0.086364
20
0.059472
30
-0.047514
11
0.085605
21
0.059607
31
-0.047705
12
0.086009
22
0.059255
32
-0.047883
0
3DFACE
62
163
10
0.086364
20
0.059472
30
-0.047514
11
0.086009
21
0.059255
31
-0.047883
12
0.086409
22
0.059168
32
-0.048280
0
3DFACE
62
163
10
0.086364
20
0.059472
30
-0.047514
11
0.086322
21
0.060034
31
-0.046893
12
0.085605
22
0.059607
32
-0.047705
0
3DFACE
62
163
10
0.086364
20
0.059472
30
-0.047514
11
0.086675
21
0.059834
31
-0.046867
12
0.086322
22
0.060034
32
-0.046893
0
3DFACE
62
163
10
0.086925
20
0.059659
30
-0.047139
11
0.086364
21
0.059472
31
-0.047514
12
0.087135
22
0.059618
32
-0.047482
0
3DFACE
62
163
10
0.086925
20
0.059659
30
-0.047139
11
0.086675
21
0.059834
31
-0.046867
12
0.086364
22
0.059472
32
-0.047514
0
3DFACE
62
163
10
0.086925
20
0.059659
30
-0.047139
11
0.087135
21
0.059618
31
-0.047482
12
0.087022
22
0.059716
32
-0.047013
0
3DFACE
62
163
10
0.086925
20
0.059659
30
-0.047139
11
0.087022
21
0.059716
31
-0.047013
12
0.086675
22
0.059834
32
-0.046867
0
3DFACE
62
163
10
0.087239
20
0.059840
30
-0.046713
11
0.087135
21
0.059618
31
-0.047482
12
0.087775
22
0.059991
32
-0.046586
0
3DFACE
62
163
10
0.087239
20
0.059840
30
-0.046713
11
0.087022
21
0.059716
31
-0.047013
12
0.087135
22
0.059618
32
-0.047482
0
3DFACE
62
163
10
0.087239
20
0.059840
30
-0.046713
11
0.086675
21
0.059834
31
-0.046867
12
0.087022
22
0.059716
32
-0.047013
0
3DFACE
62
163
10
0.087347
20
0.060035
30
-0.046198
11
0.086675
21
0.059834
31
-0.046867
12
0.087239
22
0.059840
32
-0.046713
0
3DFACE
62
163
10
0.087347
20
0.060035
30
-0.046198
11
0.087239
21
0.059840
31
-0.046713
12
0.087775
22
0.059991
32
-0.046586
0
3DFACE
62
163
10
0.087347
20
0.060035
30
-0.046198
11
0.086948
21
0.060375
31
-0.045975
12
0.086675
22
0.059834
32
-0.046867
0
3DFACE
62
163
10
0.087617
20
0.060172
30
-0.045732
11
0.086948
21
0.060375
31
-0.045975
12
0.087347
22
0.060035
32
-0.046198
0
3DFACE
62
163
10
0.087617
20
0.060172
30
-0.045732
11
0.087775
21
0.059991
31
-0.046586
12
0.088329
22
0.060278
32
-0.045594
0
3DFACE
62
163
10
0.087617
20
0.060172
30
-0.045732
11
0.087347
21
0.060035
31
-0.046198
12
0.087775
22
0.059991
32
-0.046586
0
3DFACE
62
163
10
0.087617
20
0.060172
30
-0.045732
11
0.087478
21
0.060623
31
-0.044962
12
0.086948
22
0.060375
32
-0.045975
0
3DFACE
62
163
10
0.087882
20
0.060296
30
-0.045211
11
0.087617
21
0.060172
31
-0.045732
12
0.088329
22
0.060278
32
-0.045594
0
3DFACE
62
163
10
0.087882
20
0.060296
30
-0.045211
11
0.087478
21
0.060623
31
-0.044962
12
0.087617
22
0.060172
32
-0.045732
0
3DFACE
62
163
10
0.088104
20
0.060388
30
-0.044708
11
0.087882
21
0.060296
31
-0.045211
12
0.088329
22
0.060278
32
-0.045594
0
3DFACE
62
163
10
0.088104
20
0.060388
30
-0.044708
11
0.087478
21
0.060623
31
-0.044962
12
0.087882
22
0.060296
32
-0.045211
0
3DFACE
62
163
10
0.088104
20
0.060388
30
-0.044708
11
0.088329
21
0.060278
31
-0.045594
12
0.088783
22
0.060472
32
-0.044531
0
3DFACE
62
163
10
0.088104
20
0.060388
30
-0.044708
11
0.087896
21
0.060769
31
-0.043884
12
0.087478
22
0.060623
32
-0.044962
0
3DFACE
62
163
10
0.088313
20
0.060461
30
-0.044156
11
0.088104
21
0.060388
31
-0.044708
12
0.088783
22
0.060472
32
-0.044531
0
3DFACE
62
163
10
0.088313
20
0.060461
30
-0.044156
11
0.088282
21
0.060567
31
-0.043649
12
0.087896
22
0.060769
32
-0.043884
0
3DFACE
62
163
10
0.088313
20
0.060461
30
-0.044156
11
0.087896
21
0.060769
31
-0.043884
12
0.088104
22
0.060388
32
-0.044708
0
3DFACE
62
163
10
0.088550
20
0.060450
30
-0.044066
11
0.088663
21
0.060480
31
-0.043706
12
0.088282
22
0.060567
32
-0.043649
0
3DFACE
62
163
10
0.088550
20
0.060450
30
-0.044066
11
0.089126
21
0.060568
31
-0.043424
12
0.088663
22
0.060480
32
-0.043706
0
3DFACE
62
163
10
0.088550
20
0.060450
30
-0.044066
11
0.088313
21
0.060461
31
-0.044156
12
0.088783
22
0.060472
32
-0.044531
0
3DFACE
62
163
10
0.088550
20
0.060450
30
-0.044066
11
0.088282
21
0.060567
31
-0.043649
12
0.088313
22
0.060461
32
-0.044156
0
3DFACE
62
163
10
0.088550
20
0.060450
30
-0.044066
11
0.088783
21
0.060472
31
-0.044531
12
0.089126
22
0.060568
32
-0.043424
0
3DFACE
62
163
10
0.088402
20
0.060586
30
-0.043215
11
0.087896
21
0.060769
31
-0.043884
12
0.088282
22
0.060567
32
-0.043649
0
3DFACE
62
163
10
0.088402
20
0.060586
30
-0.043215
11
0.088282
21
0.060567
31
-0.043649
12
0.088663
22
0.060480
32
-0.043706
0
3DFACE
62
163
10
0.088402
20
0.060586
30
-0.043215
11
0.088197
21
0.060809
31
-0.042763
12
0.087896
22
0.060769
32
-0.043884
0
3DFACE
62
163
10
0.088632
20
0.060527
30
-0.043060
11
0.088663
21
0.060480
31
-0.043706
12
0.089126
22
0.060568
32
-0.043424
0
3DFACE
62
163
10
0.088632
20
0.060527
30
-0.043060
11
0.088197
21
0.060809
31
-0.042763
12
0.088402
22
0.060586
32
-0.043215
0
3DFACE
62
163
10
0.088632
20
0.060527
30
-0.043060
11
0.089126
21
0.060568
31
-0.043424
12
0.089363
22
0.060561
32
-0.042279
0
3DFACE
62
163
10
0.088632
20
0.060527
30
-0.043060
11
0.088402
21
0.060586
31
-0.043215
12
0.088663
22
0.060480
32
-0.043706
0
3DFACE
62
163
10
0.088747
20
0.060520
30
-0.042517
11
0.088197
21
0.060809
31
-0.042763
12
0.088632
22
0.060527
32
-0.043060
0
3DFACE
62
163
10
0.088747
20
0.060520
30
-0.042517
11
0.088632
21
0.060527
31
-0.043060
12
0.089363
22
0.060561
32
-0.042279
0
3DFACE
62
163
10
0.088842
20
0.060485
30
-0.041928
11
0.089363
21
0.060561
31
-0.042279
12
0.089488
22
0.060448
32
-0.041118
0
3DFACE
62
163
10
0.088842
20
0.060485
30
-0.041928
11
0.088747
21
0.060520
31
-0.042517
12
0.089363
22
0.060561
32
-0.042279
0
3DFACE
62
163
10
0.088842
20
0.060485
30
-0.041928
11
0.088382
21
0.060735
31
-0.041611
12
0.088197
22
0.060809
32
-0.042763
0
3DFACE
62
163
10
0.088842
20
0.060485
30
-0.041928
11
0.088197
21
0.060809
31
-0.042763
12
0.088747
22
0.060520
32
-0.042517
0
3DFACE
62
163
10
0.088902
20
0.060426
30
-0.041377
11
0.088842
21
0.060485
31
-0.041928
12
0.089488
22
0.060448
32
-0.041118
0
3DFACE
62
163
10
0.088902
20
0.060426
30
-0.041377
11
0.088382
21
0.060735
31
-0.041611
12
0.088842
22
0.060485
32
-0.041928
0
3DFACE
62
163
10
0.088937
20
0.060336
30
-0.040788
11
0.089488
21
0.060448
31
-0.041118
12
0.089499
22
0.060233
32
-0.039973
0
3DFACE
62
163
10
0.088937
20
0.060336
30
-0.040788
11
0.089499
21
0.060233
31
-0.039973
12
0.089130
22
0.060148
32
-0.039980
0
3DFACE
62
163
10
0.088937
20
0.060336
30
-0.040788
11
0.088902
21
0.060426
31
-0.041377
12
0.089488
22
0.060448
32
-0.041118
0
3DFACE
62
163
10
0.088937
20
0.060336
30
-0.040788
11
0.088382
21
0.060735
31
-0.041611
12
0.088902
22
0.060426
32
-0.041377
0
3DFACE
62
163
10
0.088937
20
0.060336
30
-0.040788
11
0.088447
21
0.060550
31
-0.040460
12
0.088382
22
0.060735
32
-0.041611
0
3DFACE
62
163
10
0.088753
20
0.060283
30
-0.040236
11
0.088447
21
0.060550
31
-0.040460
12
0.088937
22
0.060336
32
-0.040788
0
3DFACE
62
163
10
0.088753
20
0.060283
30
-0.040236
11
0.088747
21
0.060233
31
-0.040023
12
0.088447
22
0.060550
32
-0.040460
0
3DFACE
62
163
10
0.088753
20
0.060283
30
-0.040236
11
0.088937
21
0.060336
31
-0.040788
12
0.089130
22
0.060148
32
-0.039980
0
3DFACE
62
163
10
0.088753
20
0.060283
30
-0.040236
11
0.089130
21
0.060148
31
-0.039980
12
0.088747
22
0.060233
32
-0.040023
0
3DFACE
62
163
10
0.088728
20
0.060140
30
-0.039669
11
0.088391
21
0.060257
31
-0.039339
12
0.088747
22
0.060233
32
-0.040023
0
3DFACE
62
163
10
0.088728
20
0.060140
30
-0.039669
11
0.088747
21
0.060233
31
-0.040023
12
0.089130
22
0.060148
32
-0.039980
0
3DFACE
62
163
10
0.088867
20
0.059925
30
-0.039144
11
0.089130
21
0.060148
31
-0.039980
12
0.089400
22
0.059915
32
-0.038856
0
3DFACE
62
163
10
0.088867
20
0.059925
30
-0.039144
11
0.088391
21
0.060257
31
-0.039339
12
0.088728
22
0.060140
32
-0.039669
0
3DFACE
62
163
10
0.088867
20
0.059925
30
-0.039144
11
0.088728
21
0.060140
31
-0.039669
12
0.089130
22
0.060148
32
-0.039980
0
3DFACE
62
163
10
0.088785
20
0.059726
30
-0.038588
11
0.089400
21
0.059915
31
-0.038856
12
0.089195
22
0.059494
32
-0.037781
0
3DFACE
62
163
10
0.088785
20
0.059726
30
-0.038588
11
0.088867
21
0.059925
31
-0.039144
12
0.089400
22
0.059915
32
-0.038856
0
3DFACE
62
163
10
0.088785
20
0.059726
30
-0.038588
11
0.088391
21
0.060257
31
-0.039339
12
0.088867
22
0.059925
32
-0.039144
0
3DFACE
62
163
10
0.088785
20
0.059726
30
-0.038588
11
0.088221
21
0.059853
31
-0.038256
12
0.088391
22
0.060257
32
-0.039339
0
3DFACE
62
163
10
0.088684
20
0.059516
30
-0.038082
11
0.088221
21
0.059853
31
-0.038256
12
0.088785
22
0.059726
32
-0.038588
0
3DFACE
62
163
10
0.088684
20
0.059516
30
-0.038082
11
0.088785
21
0.059726
31
-0.038588
12
0.089195
22
0.059494
32
-0.037781
0
3DFACE
62
163
10
0.088548
20
0.059266
30
-0.037557
11
0.088221
21
0.059853
31
-0.038256
12
0.088684
22
0.059516
32
-0.038082
0
3DFACE
62
163
10
0.088548
20
0.059266
30
-0.037557
11
0.089195
21
0.059494
31
-0.037781
12
0.088889
22
0.058979
32
-0.036776
0
3DFACE
62
163
10
0.088548
20
0.059266
30
-0.037557
11
0.088684
21
0.059516
31
-0.038082
12
0.089195
22
0.059494
32
-0.037781
0
3DFACE
62
163
10
0.088548
20
0.059266
30
-0.037557
11
0.087941
21
0.059346
31
-0.037241
12
0.088221
22
0.059853
32
-0.038256
0
3DFACE
62
163
10
0.088397
20
0.059011
30
-0.037087
11
0.088889
21
0.058979
31
-0.036776
12
0.088407
22
0.058706
32
-0.036572
0
3DFACE
62
163
10
0.088397
20
0.059011
30
-0.037087
11
0.088548
21
0.059266
31
-0.037557
12
0.088889
22
0.058979
32
-0.036776
0
3DFACE
62
163
10
0.088397
20
0.059011
30
-0.037087
11
0.087941
21
0.059346
31
-0.037241
12
0.088548
22
0.059266
32
-0.037557
0
3DFACE
62
163
10
0.088150
20
0.058971
30
-0.036951
11
0.088407
21
0.058706
31
-0.036572
12
0.088053
22
0.058819
32
-0.036708
0
3DFACE
62
163
10
0.088150
20
0.058971
30
-0.036951
11
0.088053
21
0.058819
31
-0.036708
12
0.087941
22
0.059346
32
-0.037241
0
3DFACE
62
163
10
0.088150
20
0.058971
30
-0.036951
11
0.088397
21
0.059011
31
-0.037087
12
0.088407
22
0.058706
32
-0.036572
0
3DFACE
62
163
10
0.088150
20
0.058971
30
-0.036951
11
0.087941
21
0.059346
31
-0.037241
12
0.088397
22
0.059011
32
-0.037087
0
3DFACE
62
163
10
0.087957
20
0.058671
30
-0.036487
11
0.088053
21
0.058819
31
-0.036708
12
0.088407
22
0.058706
32
-0.036572
0
3DFACE
62
163
10
0.087957
20
0.058671
30
-0.036487
11
0.087560
21
0.058750
31
-0.036321
12
0.088053
22
0.058819
32
-0.036708
0
3DFACE
62
163
10
0.088015
20
0.058422
30
-0.036185
11
0.088407
21
0.058706
31
-0.036572
12
0.088489
22
0.058383
32
-0.035862
0
3DFACE
62
163
10
0.088015
20
0.058422
30
-0.036185
11
0.087957
21
0.058671
31
-0.036487
12
0.088407
22
0.058706
32
-0.036572
0
3DFACE
62
163
10
0.088015
20
0.058422
30
-0.036185
11
0.087560
21
0.058750
31
-0.036321
12
0.087957
22
0.058671
32
-0.036487
0
3DFACE
62
163
10
0.087782
20
0.058083
30
-0.035754
11
0.088015
21
0.058422
31
-0.036185
12
0.088489
22
0.058383
32
-0.035862
0
3DFACE
62
163
10
0.087782
20
0.058083
30
-0.035754
11
0.087560
21
0.058750
31
-0.036321
12
0.088015
22
0.058422
32
-0.036185
0
3DFACE
62
163
10
0.087782
20
0.058083
30
-0.035754
11
0.088489
21
0.058383
31
-0.035862
12
0.088004
22
0.057701
32
-0.035042
0
3DFACE
62
163
10
0.087782
20
0.058083
30
-0.035754
11
0.087088
21
0.058064
31
-0.035503
12
0.087560
22
0.058750
32
-0.036321
0
3DFACE
62
163
10
0.087545
20
0.057747
30
-0.035378
11
0.087782
21
0.058083
31
-0.035754
12
0.088004
22
0.057701
32
-0.035042
0
3DFACE
62
163
10
0.087545
20
0.057747
30
-0.035378
11
0.087088
21
0.058064
31
-0.035503
12
0.087782
22
0.058083
32
-0.035754
0
3DFACE
62
163
10
0.087291
20
0.057394
30
-0.035030
11
0.087088
21
0.058064
31
-0.035503
12
0.087545
22
0.057747
32
-0.035378
0
3DFACE
62
163
10
0.087291
20
0.057394
30
-0.035030
11
0.087545
21
0.057747
31
-0.035378
12
0.088004
22
0.057701
32
-0.035042
0
3DFACE
62
163
10
0.087291
20
0.057394
30
-0.035030
11
0.088004
21
0.057701
31
-0.035042
12
0.087445
22
0.056949
32
-0.034338
0
3DFACE
62
163
10
0.087291
20
0.057394
30
-0.035030
11
0.086536
21
0.057302
31
-0.034808
12
0.087088
22
0.058064
32
-0.035503
0
3DFACE
62
163
10
0.087000
20
0.057000
30
-0.034690
11
0.087291
21
0.057394
31
-0.035030
12
0.087445
22
0.056949
32
-0.034338
0
3DFACE
62
163
10
0.087000
20
0.057000
30
-0.034690
11
0.086536
21
0.057302
31
-0.034808
12
0.087291
22
0.057394
32
-0.035030
0
3DFACE
62
163
10
0.087000
20
0.057000
30
-0.034690
11
0.087445
21
0.056949
31
-0.034338
12
0.086712
22
0.056357
32
-0.034159
0
3DFACE
62
163
10
0.086620
20
0.056793
30
-0.034544
11
0.086415
21
0.056523
31
-0.034360
12
0.086536
22
0.057302
32
-0.034808
0
3DFACE
62
163
10
0.086620
20
0.056793
30
-0.034544
11
0.087000
21
0.057000
31
-0.034690
12
0.086712
22
0.056357
32
-0.034159
0
3DFACE
62
163
10
0.086620
20
0.056793
30
-0.034544
11
0.086712
21
0.056357
31
-0.034159
12
0.086415
22
0.056523
32
-0.034360
0
3DFACE
62
163
10
0.086620
20
0.056793
30
-0.034544
11
0.086536
21
0.057302
31
-0.034808
12
0.087000
22
0.057000
32
-0.034690
0
3DFACE
62
163
10
0.086307
20
0.056381
30
-0.034271
11
0.085921
21
0.056488
31
-0.034255
12
0.086415
22
0.056523
32
-0.034360
0
3DFACE
62
163
10
0.086307
20
0.056381
30
-0.034271
11
0.086415
21
0.056523
31
-0.034360
12
0.086712
22
0.056357
32
-0.034159
0
3DFACE
62
163
10
0.086084
20
0.055799
30
-0.033919
11
0.086307
21
0.056381
31
-0.034271
12
0.086712
22
0.056357
32
-0.034159
0
3DFACE
62
163
10
0.086084
20
0.055799
30
-0.033919
11
0.085921
21
0.056488
31
-0.034255
12
0.086307
22
0.056381
32
-0.034271
0
3DFACE
62
163
10
0.086084
20
0.055799
30
-0.033919
11
0.086712
21
0.056357
31
-0.034159
12
0.086825
22
0.056147
32
-0.033767
0
3DFACE
62
163
10
0.086084
20
0.055799
30
-0.033919
11
0.086825
21
0.056147
31
-0.033767
12
0.086156
22
0.055295
32
-0.033331
0
3DFACE
62
163
10
0.086084
20
0.055799
30
-0.033919
11
0.085254
21
0.055621
31
-0.033849
12
0.085921
22
0.056488
32
-0.034255
0
3DFACE
62
163
10
0.085738
20
0.055354
30
-0.033722
11
0.086084
21
0.055799
31
-0.033919
12
0.086156
22
0.055295
32
-0.033331
0
3DFACE
62
163
10
0.085738
20
0.055354
30
-0.033722
11
0.085254
21
0.055621
31
-0.033849
12
0.086084
22
0.055799
32
-0.033919
0
3DFACE
62
163
10
0.085408
20
0.054931
30
-0.033575
11
0.084552
21
0.054719
31
-0.033600
12
0.085254
22
0.055621
32
-0.033849
0
3DFACE
62
163
10
0.085408
20
0.054931
30
-0.033575
11
0.085738
21
0.055354
31
-0.033722
12
0.086156
22
0.055295
32
-0.033331
0
3DFACE
62
163
10
0.085408
20
0.054931
30
-0.033575
11
0.085254
21
0.055621
31
-0.033849
12
0.085738
22
0.055354
32
-0.033722
0
3DFACE
62
163
10
0.085408
20
0.054931
30
-0.033575
11
0.086156
21
0.055295
31
-0.033331
12
0.085449
22
0.054405
32
-0.033040
0
3DFACE
62
163
10
0.085046
20
0.054470
30
-0.033456
11
0.084552
21
0.054719
31
-0.033600
12
0.085408
22
0.054931
32
-0.033575
0
3DFACE
62
163
10
0.085046
20
0.054470
30
-0.033456
11
0.085408
21
0.054931
31
-0.033575
12
0.085449
22
0.054405
32
-0.033040
0
3DFACE
62
163
10
0.084523
20
0.054086
30
-0.033471
11
0.083836
21
0.053809
31
-0.033515
12
0.084552
22
0.054719
32
-0.033600
0
3DFACE
62
163
10
0.084523
20
0.054086
30
-0.033471
11
0.084552
21
0.054719
31
-0.033600
12
0.085046
22
0.054470
32
-0.033456
0
3DFACE
62
163
10
0.084523
20
0.054086
30
-0.033471
11
0.084231
21
0.053718
31
-0.033443
12
0.083836
22
0.053809
32
-0.033515
0
3DFACE
62
163
10
0.083995
20
0.053143
30
-0.033349
11
0.083117
21
0.052895
31
-0.033594
12
0.083836
22
0.053809
32
-0.033515
0
3DFACE
62
163
10
0.083995
20
0.053143
30
-0.033349
11
0.083836
21
0.053809
31
-0.033515
12
0.084231
22
0.053718
32
-0.033443
0
3DFACE
62
163
10
0.084167
20
0.053122
30
-0.033215
11
0.083993
21
0.052595
31
-0.032917
12
0.083995
22
0.053143
32
-0.033349
0
3DFACE
62
163
10
0.084167
20
0.053122
30
-0.033215
11
0.083995
21
0.053143
31
-0.033349
12
0.084231
22
0.053718
32
-0.033443
0
3DFACE
62
163
10
0.084167
20
0.053122
30
-0.033215
11
0.084231
21
0.053718
31
-0.033443
12
0.084457
22
0.053486
32
-0.033217
0
3DFACE
62
163
10
0.084167
20
0.053122
30
-0.033215
11
0.084723
21
0.053501
31
-0.032902
12
0.083993
22
0.052595
32
-0.032917
0
3DFACE
62
163
10
0.084167
20
0.053122
30
-0.033215
11
0.084457
21
0.053486
31
-0.033217
12
0.084723
22
0.053501
32
-0.032902
0
3DFACE
62
163
10
0.083626
20
0.052677
30
-0.033392
11
0.083995
21
0.053143
31
-0.033349
12
0.083993
22
0.052595
32
-0.032917
0
3DFACE
62
163
10
0.083626
20
0.052677
30
-0.033392
11
0.083117
21
0.052895
31
-0.033594
12
0.083995
22
0.053143
32
-0.033349
0
3DFACE
62
163
10
0.083285
20
0.052244
30
-0.033471
11
0.082414
21
0.051992
31
-0.033836
12
0.083117
22
0.052895
32
-0.033594
0
3DFACE
62
163
10
0.083285
20
0.052244
30
-0.033471
11
0.083626
21
0.052677
31
-0.033392
12
0.083993
22
0.052595
32
-0.032917
0
3DFACE
62
163
10
0.083285
20
0.052244
30
-0.033471
11
0.083117
21
0.052895
31
-0.033594
12
0.083626
22
0.052677
32
-0.033392
0
3DFACE
62
163
10
0.083285
20
0.052244
30
-0.033471
11
0.083993
21
0.052595
31
-0.032917
12
0.083268
22
0.051689
32
-0.033086
0
3DFACE
62
163
10
0.082925
20
0.051784
30
-0.033595
11
0.082414
21
0.051992
31
-0.033836
12
0.083285
22
0.052244
32
-0.033471
0
3DFACE
62
163
10
0.082925
20
0.051784
30
-0.033595
11
0.083285
21
0.052244
31
-0.033471
12
0.083268
22
0.051689
32
-0.033086
0
3DFACE
62
163
10
0.082925
20
0.051784
30
-0.033595
11
0.083268
21
0.051689
31
-0.033086
12
0.082568
22
0.050807
32
-0.033405
0
3DFACE
62
163
10
0.082596
20
0.051362
30
-0.033748
11
0.081747
21
0.051127
31
-0.034234
12
0.082414
22
0.051992
32
-0.033836
0
3DFACE
62
163
10
0.082596
20
0.051362
30
-0.033748
11
0.082414
21
0.051992
31
-0.033836
12
0.082925
22
0.051784
32
-0.033595
0
3DFACE
62
163
10
0.082596
20
0.051362
30
-0.033748
11
0.082925
21
0.051784
31
-0.033595
12
0.082568
22
0.050807
32
-0.033405
0
3DFACE
62
163
10
0.082596
20
0.051362
30
-0.033748
11
0.082012
21
0.050879
31
-0.034141
12
0.081747
22
0.051127
32
-0.034234
0
3DFACE
62
163
10
0.082337
20
0.050801
30
-0.033817
11
0.082165
21
0.050580
31
-0.033934
12
0.082012
22
0.050879
32
-0.034141
0
3DFACE
62
163
10
0.082337
20
0.050801
30
-0.033817
11
0.082568
21
0.050807
31
-0.033405
12
0.082165
22
0.050580
32
-0.033934
0
3DFACE
62
163
10
0.082337
20
0.050801
30
-0.033817
11
0.082596
21
0.051362
31
-0.033748
12
0.082568
22
0.050807
32
-0.033405
0
3DFACE
62
163
10
0.082337
20
0.050801
30
-0.033817
11
0.082012
21
0.050879
31
-0.034141
12
0.082596
22
0.051362
32
-0.033748
0
3DFACE
62
163
10
0.082023
20
0.050396
30
-0.034040
11
0.082165
21
0.050580
31
-0.033934
12
0.081909
22
0.049968
32
-0.033866
0
3DFACE
62
163
10
0.082023
20
0.050396
30
-0.034040
11
0.082012
21
0.050879
31
-0.034141
12
0.082165
22
0.050580
32
-0.033934
0
3DFACE
62
163
10
0.081625
20
0.050103
30
-0.034446
11
0.081128
21
0.050307
31
-0.034782
12
0.081747
22
0.051127
32
-0.034234
0
3DFACE
62
163
10
0.081625
20
0.050103
30
-0.034446
11
0.082023
21
0.050396
31
-0.034040
12
0.081909
22
0.049968
32
-0.033866
0
3DFACE
62
163
10
0.081625
20
0.050103
30
-0.034446
11
0.082012
21
0.050879
31
-0.034141
12
0.082023
22
0.050396
32
-0.034040
0
3DFACE
62
163
10
0.081625
20
0.050103
30
-0.034446
11
0.081909
21
0.049968
31
-0.033866
12
0.081298
22
0.049170
32
-0.034467
0
3DFACE
62
163
10
0.081625
20
0.050103
30
-0.034446
11
0.081747
21
0.051127
31
-0.034234
12
0.082012
22
0.050879
32
-0.034141
0
3DFACE
62
163
10
0.081341
20
0.049723
30
-0.034736
11
0.081625
21
0.050103
31
-0.034446
12
0.081298
22
0.049170
32
-0.034467
0
3DFACE
62
163
10
0.081341
20
0.049723
30
-0.034736
11
0.081128
21
0.050307
31
-0.034782
12
0.081625
22
0.050103
32
-0.034446
0
3DFACE
62
163
10
0.081053
20
0.049330
30
-0.035082
11
0.080573
21
0.049543
31
-0.035472
12
0.081128
22
0.050307
32
-0.034782
0
3DFACE
62
163
10
0.081053
20
0.049330
30
-0.035082
11
0.081128
21
0.050307
31
-0.034782
12
0.081341
22
0.049723
32
-0.034736
0
3DFACE
62
163
10
0.081053
20
0.049330
30
-0.035082
11
0.081341
21
0.049723
31
-0.034736
12
0.081298
22
0.049170
32
-0.034467
0
3DFACE
62
163
10
0.081053
20
0.049330
30
-0.035082
11
0.081298
21
0.049170
31
-0.034467
12
0.080752
22
0.048430
32
-0.035195
0
3DFACE
62
163
10
0.080801
20
0.048980
30
-0.035434
11
0.080573
21
0.049543
31
-0.035472
12
0.081053
22
0.049330
32
-0.035082
0
3DFACE
62
163
10
0.080801
20
0.048980
30
-0.035434
11
0.081053
21
0.049330
31
-0.035082
12
0.080752
22
0.048430
32
-0.035195
0
3DFACE
62
163
10
0.080563
20
0.048420
30
-0.035790
11
0.080284
21
0.047768
31
-0.036031
12
0.080365
22
0.048133
32
-0.036167
0
3DFACE
62
163
10
0.080563
20
0.048420
30
-0.035790
11
0.080801
21
0.048980
31
-0.035434
12
0.080752
22
0.048430
32
-0.035195
0
3DFACE
62
163
10
0.080563
20
0.048420
30
-0.035790
11
0.080752
21
0.048430
31
-0.035195
12
0.080284
22
0.047768
32
-0.036031
0
3DFACE
62
163
10
0.080086
20
0.048206
30
-0.036725
11
0.079713
21
0.048255
31
-0.037201
12
0.080098
22
0.048856
32
-0.036284
0
3DFACE
62
163
10
0.080086
20
0.048206
30
-0.036725
11
0.080098
21
0.048856
31
-0.036284
12
0.080271
22
0.048487
32
-0.036313
0
3DFACE
62
163
10
0.079962
20
0.047730
30
-0.037157
11
0.079713
21
0.048255
31
-0.037201
12
0.080086
22
0.048206
32
-0.036725
0
3DFACE
62
163
10
0.079805
20
0.047460
30
-0.037666
11
0.079429
21
0.047743
31
-0.038214
12
0.079713
22
0.048255
32
-0.037201
0
3DFACE
62
163
10
0.079805
20
0.047460
30
-0.037666
11
0.079713
21
0.048255
31
-0.037201
12
0.079962
22
0.047730
32
-0.037157
0
3DFACE
62
163
10
0.079805
20
0.047460
30
-0.037666
11
0.079962
21
0.047730
31
-0.037157
12
0.079902
22
0.047185
32
-0.036966
0
3DFACE
62
163
10
0.079805
20
0.047460
30
-0.037666
11
0.079902
21
0.047185
31
-0.036966
12
0.079615
22
0.046687
32
-0.037989
0
3DFACE
62
163
10
0.079683
20
0.047230
30
-0.038159
11
0.079429
21
0.047743
31
-0.038214
12
0.079805
22
0.047460
32
-0.037666
0
3DFACE
62
163
10
0.079683
20
0.047230
30
-0.038159
11
0.079805
21
0.047460
31
-0.037666
12
0.079615
22
0.046687
32
-0.037989
0
3DFACE
62
163
10
0.079585
20
0.047025
30
-0.038666
11
0.079254
21
0.047335
31
-0.039292
12
0.079429
22
0.047743
32
-0.038214
0
3DFACE
62
163
10
0.079585
20
0.047025
30
-0.038666
11
0.079429
21
0.047743
31
-0.038214
12
0.079683
22
0.047230
32
-0.038159
0
3DFACE
62
163
10
0.079585
20
0.047025
30
-0.038666
11
0.079615
21
0.046687
31
-0.037989
12
0.079430
22
0.046287
32
-0.039071
0
3DFACE
62
163
10
0.079585
20
0.047025
30
-0.038666
11
0.079683
21
0.047230
31
-0.038159
12
0.079615
22
0.046687
32
-0.037989
0
3DFACE
62
163
10
0.079508
20
0.046831
30
-0.039223
11
0.079429
21
0.046935
31
-0.039531
12
0.079254
22
0.047335
32
-0.039292
0
3DFACE
62
163
10
0.079508
20
0.046831
30
-0.039223
11
0.079254
21
0.047335
31
-0.039292
12
0.079585
22
0.047025
32
-0.038666
0
3DFACE
62
163
10
0.079508
20
0.046831
30
-0.039223
11
0.079490
21
0.046549
31
-0.039474
12
0.079429
22
0.046935
32
-0.039531
0
3DFACE
62
163
10
0.079508
20
0.046831
30
-0.039223
11
0.079585
21
0.047025
31
-0.038666
12
0.079430
22
0.046287
32
-0.039071
0
3DFACE
62
163
10
0.079504
20
0.046595
30
-0.039319
11
0.079430
21
0.046287
31
-0.039071
12
0.079490
22
0.046549
32
-0.039474
0
3DFACE
62
163
10
0.079504
20
0.046595
30
-0.039319
11
0.079490
21
0.046549
31
-0.039474
12
0.079508
22
0.046831
32
-0.039223
0
3DFACE
62
163
10
0.079504
20
0.046595
30
-0.039319
11
0.079508
21
0.046831
31
-0.039223
12
0.079430
22
0.046287
32
-0.039071
0
3DFACE
62
163
10
0.079463
20
0.046445
30
-0.039857
11
0.079429
21
0.046935
31
-0.039531
12
0.079490
22
0.046549
32
-0.039474
0
3DFACE
62
163
10
0.079463
20
0.046445
30
-0.039857
11
0.079490
21
0.046549
31
-0.039474
12
0.079430
22
0.046287
32
-0.039071
0
3DFACE
62
163
10
0.079463
20
0.046445
30
-0.039857
11
0.079430
21
0.046287
31
-0.039071
12
0.079352
22
0.045990
32
-0.040193
0
3DFACE
62
163
10
0.079441
20
0.046536
30
-0.040326
11
0.079463
21
0.046445
31
-0.039857
12
0.079352
22
0.045990
32
-0.040193
0
3DFACE
62
163
10
0.079441
20
0.046536
30
-0.040326
11
0.079193
21
0.047038
31
-0.040412
12
0.079429
22
0.046935
32
-0.039531
0
3DFACE
62
163
10
0.079441
20
0.046536
30
-0.040326
11
0.079429
21
0.046935
31
-0.039531
12
0.079463
22
0.046445
32
-0.039857
0
3DFACE
62
163
10
0.079450
20
0.046430
30
-0.040872
11
0.079193
21
0.047038
31
-0.040412
12
0.079441
22
0.046536
32
-0.040326
0
3DFACE
62
163
10
0.079450
20
0.046430
30
-0.040872
11
0.079253
21
0.046847
31
-0.041565
12
0.079193
22
0.047038
32
-0.040412
0
3DFACE
62
163
10
0.079450
20
0.046430
30
-0.040872
11
0.079441
21
0.046536
31
-0.040326
12
0.079352
22
0.045990
32
-0.040193
0
3DFACE
62
163
10
0.079450
20
0.046430
30
-0.040872
11
0.079352
21
0.045990
31
-0.040193
12
0.079386
22
0.045793
32
-0.041348
0
3DFACE
62
163
10
0.079489
20
0.046343
30
-0.041462
11
0.079253
21
0.046847
31
-0.041565
12
0.079450
22
0.046430
32
-0.040872
0
3DFACE
62
163
10
0.079489
20
0.046343
30
-0.041462
11
0.079450
21
0.046430
31
-0.040872
12
0.079386
22
0.045793
32
-0.041348
0
3DFACE
62
163
10
0.079554
20
0.046289
30
-0.042013
11
0.079489
21
0.046343
31
-0.041462
12
0.079386
22
0.045793
32
-0.041348
0
3DFACE
62
163
10
0.079554
20
0.046289
30
-0.042013
11
0.079433
21
0.046770
31
-0.042716
12
0.079253
22
0.046847
32
-0.041565
0
3DFACE
62
163
10
0.079554
20
0.046289
30
-0.042013
11
0.079253
21
0.046847
31
-0.041565
12
0.079489
22
0.046343
32
-0.041462
0
3DFACE
62
163
10
0.079554
20
0.046289
30
-0.042013
11
0.079386
21
0.045793
31
-0.041348
12
0.079534
22
0.045701
32
-0.042506
0
3DFACE
62
163
10
0.079652
20
0.046258
30
-0.042599
11
0.079433
21
0.046770
31
-0.042716
12
0.079554
22
0.046289
32
-0.042013
0
3DFACE
62
163
10
0.079652
20
0.046258
30
-0.042599
11
0.079730
21
0.046448
31
-0.043157
12
0.079433
22
0.046770
32
-0.042716
0
3DFACE
62
163
10
0.079652
20
0.046258
30
-0.042599
11
0.079554
21
0.046289
31
-0.042013
12
0.079534
22
0.045701
32
-0.042506
0
3DFACE
62
163
10
0.079705
20
0.046057
30
-0.042838
11
0.079788
21
0.046060
31
-0.043200
12
0.079730
22
0.046448
32
-0.043157
0
3DFACE
62
163
10
0.079705
20
0.046057
30
-0.042838
11
0.079534
21
0.045701
31
-0.042506
12
0.079788
22
0.046060
32
-0.043200
0
3DFACE
62
163
10
0.079705
20
0.046057
30
-0.042838
11
0.079730
21
0.046448
31
-0.043157
12
0.079652
22
0.046258
32
-0.042599
0
3DFACE
62
163
10
0.079705
20
0.046057
30
-0.042838
11
0.079652
21
0.046258
31
-0.042599
12
0.079534
22
0.045701
32
-0.042506
0
3DFACE
62
163
10
0.079823
20
0.046461
30
-0.043508
11
0.079730
21
0.046448
31
-0.043157
12
0.079788
22
0.046060
32
-0.043200
0
3DFACE
62
163
10
0.079823
20
0.046461
30
-0.043508
11
0.079729
21
0.046805
31
-0.043837
12
0.079730
22
0.046448
32
-0.043157
0
3DFACE
62
163
10
0.079925
20
0.046281
30
-0.043709
11
0.079788
21
0.046060
31
-0.043200
12
0.079789
22
0.045715
32
-0.043640
0
3DFACE
62
163
10
0.079925
20
0.046281
30
-0.043709
11
0.079823
21
0.046461
31
-0.043508
12
0.079788
22
0.046060
32
-0.043200
0
3DFACE
62
163
10
0.079925
20
0.046281
30
-0.043709
11
0.079729
21
0.046805
31
-0.043837
12
0.079823
22
0.046461
32
-0.043508
0
3DFACE
62
163
10
0.080098
20
0.046328
30
-0.044235
11
0.079729
21
0.046805
31
-0.043837
12
0.079925
22
0.046281
32
-0.043709
0
3DFACE
62
163
10
0.080098
20
0.046328
30
-0.044235
11
0.080144
21
0.046946
31
-0.044920
12
0.079729
22
0.046805
32
-0.043837
0
3DFACE
62
163
10
0.080098
20
0.046328
30
-0.044235
11
0.079925
21
0.046281
31
-0.043709
12
0.079789
22
0.045715
32
-0.043640
0
3DFACE
62
163
10
0.080098
20
0.046328
30
-0.044235
11
0.079789
21
0.045715
31
-0.043640
12
0.080157
22
0.045830
32
-0.044745
0
3DFACE
62
163
10
0.080313
20
0.046405
30
-0.044787
11
0.080144
21
0.046946
31
-0.044920
12
0.080098
22
0.046328
32
-0.044235
0
3DFACE
62
163
10
0.080313
20
0.046405
30
-0.044787
11
0.080098
21
0.046328
31
-0.044235
12
0.080157
22
0.045830
32
-0.044745
0
3DFACE
62
163
10
0.080538
20
0.046500
30
-0.045287
11
0.080668
21
0.047190
31
-0.045935
12
0.080144
22
0.046946
32
-0.044920
0
3DFACE
62
163
10
0.080538
20
0.046500
30
-0.045287
11
0.080144
21
0.046946
31
-0.044920
12
0.080313
22
0.046405
32
-0.044787
0
3DFACE
62
163
10
0.080538
20
0.046500
30
-0.045287
11
0.080313
21
0.046405
31
-0.044787
12
0.080157
22
0.045830
32
-0.044745
0
3DFACE
62
163
10
0.080538
20
0.046500
30
-0.045287
11
0.080157
21
0.045830
31
-0.044745
12
0.080631
22
0.046043
32
-0.045796
0
3DFACE
62
163
10
0.080807
20
0.046628
30
-0.045805
11
0.080538
21
0.046500
31
-0.045287
12
0.080631
22
0.046043
32
-0.045796
0
3DFACE
62
163
10
0.080807
20
0.046628
30
-0.045805
11
0.081200
21
0.046348
31
-0.046767
12
0.081277
22
0.046682
32
-0.046608
0
3DFACE
62
163
10
0.080807
20
0.046628
30
-0.045805
11
0.080631
21
0.046043
31
-0.045796
12
0.081200
22
0.046348
32
-0.046767
0
3DFACE
62
163
10
0.080807
20
0.046628
30
-0.045805
11
0.080668
21
0.047190
31
-0.045935
12
0.080538
22
0.046500
32
-0.045287
0
3DFACE
62
163
10
0.081029
20
0.046956
30
-0.046228
11
0.081189
21
0.047042
31
-0.046472
12
0.080668
22
0.047190
32
-0.045935
0
3DFACE
62
163
10
0.081029
20
0.046956
30
-0.046228
11
0.080668
21
0.047190
31
-0.045935
12
0.080807
22
0.046628
32
-0.045805
0
3DFACE
62
163
10
0.081029
20
0.046956
30
-0.046228
11
0.080807
21
0.046628
31
-0.045805
12
0.081277
22
0.046682
32
-0.046608
0
3DFACE
62
163
10
0.081029
20
0.046956
30
-0.046228
11
0.081277
21
0.046682
31
-0.046608
12
0.081189
22
0.047042
32
-0.046472
0
3DFACE
62
163
10
0.081341
20
0.047127
30
-0.046691
11
0.081289
21
0.047528
31
-0.046855
12
0.081189
22
0.047042
32
-0.046472
0
3DFACE
62
163
10
0.081341
20
0.047127
30
-0.046691
11
0.081189
21
0.047042
31
-0.046472
12
0.081277
22
0.046682
32
-0.046608
0
3DFACE
62
163
10
0.081710
20
0.047125
30
-0.047151
11
0.081289
21
0.047528
31
-0.046855
12
0.081341
22
0.047127
32
-0.046691
0
3DFACE
62
163
10
0.081710
20
0.047125
30
-0.047151
11
0.081341
21
0.047127
31
-0.046691
12
0.081277
22
0.046682
32
-0.046608
0
3DFACE
62
163
10
0.081710
20
0.047125
30
-0.047151
11
0.081277
21
0.046682
31
-0.046608
12
0.081200
22
0.046348
32
-0.046767
0
3DFACE
62
163
10
0.081710
20
0.047125
30
-0.047151
11
0.081200
21
0.046348
31
-0.046767
12
0.081858
22
0.046736
32
-0.047646
0
3DFACE
62
163
10
0.082073
20
0.047341
30
-0.047572
11
0.081289
21
0.047528
31
-0.046855
12
0.081710
22
0.047125
32
-0.047151
0
3DFACE
62
163
10
0.082073
20
0.047341
30
-0.047572
11
0.082006
21
0.047951
31
-0.047674
12
0.081289
22
0.047528
32
-0.046855
0
3DFACE
62
163
10
0.082073
20
0.047341
30
-0.047572
11
0.081710
21
0.047125
31
-0.047151
12
0.081858
22
0.046736
32
-0.047646
0
3DFACE
62
163
10
0.082073
20
0.047341
30
-0.047572
11
0.081858
21
0.046736
31
-0.047646
12
0.082603
22
0.047201
32
-0.048424
0
3DFACE
62
163
10
0.082432
20
0.047560
30
-0.047938
11
0.082073
21
0.047341
31
-0.047572
12
0.082603
22
0.047201
32
-0.048424
0
3DFACE
62
163
10
0.082432
20
0.047560
30
-0.047938
11
0.082006
21
0.047951
31
-0.047674
12
0.082073
22
0.047341
32
-0.047572
0
3DFACE
62
163
10
0.082835
20
0.047814
30
-0.048298
11
0.082603
21
0.047201
31
-0.048424
12
0.083415
22
0.047731
32
-0.049078
0
3DFACE
62
163
10
0.082835
20
0.047814
30
-0.048298
11
0.082432
21
0.047560
31
-0.047938
12
0.082603
22
0.047201
32
-0.048424
0
3DFACE
62
163
10
0.082835
20
0.047814
30
-0.048298
11
0.082803
21
0.048449
31
-0.048370
12
0.082006
22
0.047951
32
-0.047674
0
3DFACE
62
163
10
0.082835
20
0.047814
30
-0.048298
11
0.082006
21
0.047951
31
-0.047674
12
0.082432
22
0.047560
32
-0.047938
0
3DFACE
62
163
10
0.083226
20
0.048064
30
-0.048603
11
0.083593
21
0.048518
31
-0.048820
12
0.082803
22
0.048449
32
-0.048370
0
3DFACE
62
163
10
0.083226
20
0.048064
30
-0.048603
11
0.082835
21
0.047814
31
-0.048298
12
0.083415
22
0.047731
32
-0.049078
0
3DFACE
62
163
10
0.083226
20
0.048064
30
-0.048603
11
0.082803
21
0.048449
31
-0.048370
12
0.082835
22
0.047814
32
-0.048298
0
3DFACE
62
163
10
0.083568
20
0.048098
30
-0.048914
11
0.083415
21
0.047731
31
-0.049078
12
0.083737
22
0.048210
32
-0.049021
0
3DFACE
62
163
10
0.083568
20
0.048098
30
-0.048914
11
0.083737
21
0.048210
31
-0.049021
12
0.083593
22
0.048518
32
-0.048820
0
3DFACE
62
163
10
0.083568
20
0.048098
30
-0.048914
11
0.083593
21
0.048518
31
-0.048820
12
0.083226
22
0.048064
32
-0.048603
0
3DFACE
62
163
10
0.083568
20
0.048098
30
-0.048914
11
0.083226
21
0.048064
31
-0.048603
12
0.083415
22
0.047731
32
-0.049078
0
3DFACE
62
163
10
0.084073
20
0.048623
30
-0.049130
11
0.083658
21
0.049006
31
-0.048923
12
0.083593
22
0.048518
32
-0.048820
0
3DFACE
62
163
10
0.083983
20
0.048374
30
-0.049166
11
0.083737
21
0.048210
31
-0.049021
12
0.084278
22
0.048312
32
-0.049598
0
3DFACE
62
163
10
0.083983
20
0.048374
30
-0.049166
11
0.083593
21
0.048518
31
-0.048820
12
0.083737
22
0.048210
32
-0.049021
0
3DFACE
62
163
10
0.083983
20
0.048374
30
-0.049166
11
0.084073
21
0.048623
31
-0.049130
12
0.083593
22
0.048518
32
-0.048820
0
3DFACE
62
163
10
0.083983
20
0.048374
30
-0.049166
11
0.084278
21
0.048312
31
-0.049598
12
0.084073
22
0.048623
32
-0.049130
0
3DFACE
62
163
10
0.084533
20
0.048930
30
-0.049349
11
0.084278
21
0.048312
31
-0.049598
12
0.085192
22
0.048936
32
-0.049979
0
3DFACE
62
163
10
0.084533
20
0.048930
30
-0.049349
11
0.084569
21
0.049611
31
-0.049330
12
0.083658
22
0.049006
32
-0.048923
0
3DFACE
62
163
10
0.084533
20
0.048930
30
-0.049349
11
0.083658
21
0.049006
31
-0.048923
12
0.084073
22
0.048623
32
-0.049130
0
3DFACE
62
163
10
0.084533
20
0.048930
30
-0.049349
11
0.084073
21
0.048623
31
-0.049130
12
0.084278
22
0.048312
32
-0.049598
0
3DFACE
62
163
10
0.084974
20
0.049226
30
-0.049518
11
0.084533
21
0.048930
31
-0.049349
12
0.085192
22
0.048936
32
-0.049979
0
3DFACE
62
163
10
0.084974
20
0.049226
30
-0.049518
11
0.084569
21
0.049611
31
-0.049330
12
0.084533
22
0.048930
32
-0.049349
0
3DFACE
62
163
10
0.085455
20
0.049551
30
-0.049661
11
0.085192
21
0.048936
31
-0.049979
12
0.086138
22
0.049589
32
-0.050211
0
3DFACE
62
163
10
0.085455
20
0.049551
30
-0.049661
11
0.085517
21
0.050249
31
-0.049579
12
0.084569
22
0.049611
32
-0.049330
0
3DFACE
62
163
10
0.085455
20
0.049551
30
-0.049661
11
0.084974
21
0.049226
31
-0.049518
12
0.085192
22
0.048936
32
-0.049979
0
3DFACE
62
163
10
0.085455
20
0.049551
30
-0.049661
11
0.084569
21
0.049611
31
-0.049330
12
0.084974
22
0.049226
32
-0.049518
0
3DFACE
62
163
10
0.085908
20
0.049859
30
-0.049756
11
0.085455
21
0.049551
31
-0.049661
12
0.086138
22
0.049589
32
-0.050211
0
3DFACE
62
163
10
0.085908
20
0.049859
30
-0.049756
11
0.086541
21
0.050502
31
-0.049737
12
0.085517
22
0.050249
32
-0.049579
0
3DFACE
62
163
10
0.085908
20
0.049859
30
-0.049756
11
0.085517
21
0.050249
31
-0.049579
12
0.085455
22
0.049551
32
-0.049661
0
3DFACE
62
163
10
0.086396
20
0.050012
30
-0.049938
11
0.086138
21
0.049589
31
-0.050211
12
0.087090
22
0.050253
32
-0.050290
0
3DFACE
62
163
10
0.086396
20
0.050012
30
-0.049938
11
0.085908
21
0.049859
31
-0.049756
12
0.086138
22
0.049589
32
-0.050211
0
3DFACE
62
163
10
0.086396
20
0.050012
30
-0.049938
11
0.087090
21
0.050253
31
-0.050290
12
0.086757
22
0.050261
32
-0.049963
0
3DFACE
62
163
10
0.086396
20
0.050012
30
-0.049938
11
0.086757
21
0.050261
31
-0.049963
12
0.086541
22
0.050502
32
-0.049737
0
3DFACE
62
163
10
0.086396
20
0.050012
30
-0.049938
11
0.086541
21
0.050502
31
-0.049737
12
0.085908
22
0.049859
32
-0.049756
0
3DFACE
62
163
10
0.087318
20
0.050648
30
-0.049957
11
0.087090
21
0.050253
31
-0.050290
12
0.088047
22
0.050919
32
-0.050216
0
3DFACE
62
163
10
0.087318
20
0.050648
30
-0.049957
11
0.086757
21
0.050261
31
-0.049963
12
0.087090
22
0.050253
32
-0.050290
0
3DFACE
62
163
10
0.087796
20
0.051153
30
-0.049762
11
0.087318
21
0.050648
31
-0.049957
12
0.088047
22
0.050919
32
-0.050216
0
3DFACE
62
163
10
0.088250
20
0.051461
30
-0.049670
11
0.088047
21
0.050919
31
-0.050216
12
0.088994
22
0.051572
32
-0.049988
0
3DFACE
62
163
10
0.088250
20
0.051461
30
-0.049670
11
0.088385
21
0.052194
31
-0.049345
12
0.087436
22
0.051554
32
-0.049587
0
3DFACE
62
163
10
0.088250
20
0.051461
30
-0.049670
11
0.087796
21
0.051153
31
-0.049762
12
0.088047
22
0.050919
32
-0.050216
0
3DFACE
62
163
10
0.088250
20
0.051461
30
-0.049670
11
0.087436
21
0.051554
31
-0.049587
12
0.087796
22
0.051153
32
-0.049762
0
3DFACE
62
163
10
0.088731
20
0.051787
30
-0.049531
11
0.088250
21
0.051461
31
-0.049670
12
0.088994
22
0.051572
32
-0.049988
0
3DFACE
62
163
10
0.088731
20
0.051787
30
-0.049531
11
0.088385
21
0.052194
31
-0.049345
12
0.088250
22
0.051461
32
-0.049670
0
3DFACE
62
163
10
0.089097
20
0.052234
30
-0.049246
11
0.089294
21
0.052800
31
-0.048947
12
0.088385
22
0.052194
32
-0.049345
0
3DFACE
62
163
10
0.089097
20
0.052234
30
-0.049246
11
0.089527
21
0.052521
31
-0.049039
12
0.089294
22
0.052800
32
-0.048947
0
3DFACE
62
163
10
0.089097
20
0.052234
30
-0.049246
11
0.088385
21
0.052194
31
-0.049345
12
0.088731
22
0.051787
32
-0.049531
0
3DFACE
62
163
10
0.090170
20
0.052584
30
-0.049045
11
0.089907
21
0.052197
31
-0.049613
12
0.090772
22
0.052780
32
-0.049099
0
3DFACE
62
163
10
0.090170
20
0.052584
30
-0.049045
11
0.089815
21
0.052347
31
-0.049246
12
0.089907
22
0.052197
32
-0.049613
0
3DFACE
62
163
10
0.090481
20
0.052952
30
-0.048627
11
0.090170
21
0.052584
31
-0.049045
12
0.090772
22
0.052780
32
-0.049099
0
3DFACE
62
163
10
0.090875
20
0.053204
30
-0.048325
11
0.090481
21
0.052952
31
-0.048627
12
0.090772
22
0.052780
32
-0.049099
0
3DFACE
62
163
10
0.090875
20
0.053204
30
-0.048325
11
0.090155
21
0.053360
31
-0.048400
12
0.090481
22
0.052952
32
-0.048627
0
3DFACE
62
163
10
0.090875
20
0.053204
30
-0.048325
11
0.090772
21
0.052780
31
-0.049099
12
0.091589
22
0.053312
32
-0.048447
0
3DFACE
62
163
10
0.090875
20
0.053204
30
-0.048325
11
0.090957
21
0.053861
31
-0.047711
12
0.090155
22
0.053360
32
-0.048400
0
3DFACE
62
163
10
0.091280
20
0.053459
30
-0.047967
11
0.090875
21
0.053204
31
-0.048325
12
0.091589
22
0.053312
32
-0.048447
0
3DFACE
62
163
10
0.091280
20
0.053459
30
-0.047967
11
0.090957
21
0.053861
31
-0.047711
12
0.090875
22
0.053204
32
-0.048325
0
3DFACE
62
163
10
0.091640
20
0.053679
30
-0.047604
11
0.091589
21
0.053312
31
-0.048447
12
0.092334
22
0.053779
32
-0.047674
0
3DFACE
62
163
10
0.091640
20
0.053679
30
-0.047604
11
0.091280
21
0.053459
31
-0.047967
12
0.091589
22
0.053312
32
-0.048447
0
3DFACE
62
163
10
0.091640
20
0.053679
30
-0.047604
11
0.090957
21
0.053861
31
-0.047711
12
0.091280
22
0.053459
32
-0.047967
0
3DFACE
62
163
10
0.091640
20
0.053679
30
-0.047604
11
0.092033
21
0.054092
31
-0.046867
12
0.091675
22
0.054288
32
-0.046900
0
3DFACE
62
163
10
0.091640
20
0.053679
30
-0.047604
11
0.091675
21
0.054288
31
-0.046900
12
0.090957
22
0.053861
32
-0.047711
0
3DFACE
62
163
10
0.092209
20
0.053872
30
-0.047234
11
0.092033
21
0.054092
31
-0.046867
12
0.091640
22
0.053679
32
-0.047604
0
3DFACE
62
163
10
0.092209
20
0.053872
30
-0.047234
11
0.092380
21
0.053973
31
-0.047013
12
0.092033
22
0.054092
32
-0.046867
0
3DFACE
62
163
10
0.092209
20
0.053872
30
-0.047234
11
0.092334
21
0.053779
31
-0.047674
12
0.092380
22
0.053973
32
-0.047013
0
3DFACE
62
163
10
0.092209
20
0.053872
30
-0.047234
11
0.091640
21
0.053679
31
-0.047604
12
0.092334
22
0.053779
32
-0.047674
0
3DFACE
62
163
10
0.092527
20
0.054058
30
-0.046813
11
0.092033
21
0.054092
31
-0.046867
12
0.092380
22
0.053973
32
-0.047013
0
3DFACE
62
163
10
0.092527
20
0.054058
30
-0.046813
11
0.092380
21
0.053973
31
-0.047013
12
0.092994
22
0.054170
32
-0.046800
0
3DFACE
62
163
10
0.092637
20
0.054256
30
-0.046306
11
0.092994
21
0.054170
31
-0.046800
12
0.093568
22
0.054478
32
-0.045829
0
3DFACE
62
163
10
0.092637
20
0.054256
30
-0.046306
11
0.092033
21
0.054092
31
-0.046867
12
0.092527
22
0.054058
32
-0.046813
0
3DFACE
62
163
10
0.092637
20
0.054256
30
-0.046306
11
0.092527
21
0.054058
31
-0.046813
12
0.092994
22
0.054170
32
-0.046800
0
3DFACE
62
163
10
0.092637
20
0.054256
30
-0.046306
11
0.092301
21
0.054631
31
-0.045983
12
0.092033
22
0.054092
32
-0.046867
0
3DFACE
62
163
10
0.092913
20
0.054399
30
-0.045845
11
0.092637
21
0.054256
31
-0.046306
12
0.093568
22
0.054478
32
-0.045829
0
3DFACE
62
163
10
0.092913
20
0.054399
30
-0.045845
11
0.092301
21
0.054631
31
-0.045983
12
0.092637
22
0.054256
32
-0.046306
0
3DFACE
62
163
10
0.093184
20
0.054529
30
-0.045328
11
0.093568
21
0.054478
31
-0.045829
12
0.094046
22
0.054694
32
-0.044780
0
3DFACE
62
163
10
0.093184
20
0.054529
30
-0.045328
11
0.092913
21
0.054399
31
-0.045845
12
0.093568
22
0.054478
32
-0.045829
0
3DFACE
62
163
10
0.093184
20
0.054529
30
-0.045328
11
0.092301
21
0.054631
31
-0.045983
12
0.092913
22
0.054399
32
-0.045845
0
3DFACE
62
163
10
0.093184
20
0.054529
30
-0.045328
11
0.092832
21
0.054879
31
-0.044970
12
0.092301
22
0.054631
32
-0.045983
0
3DFACE
62
163
10
0.093412
20
0.054626
30
-0.044829
11
0.092832
21
0.054879
31
-0.044970
12
0.093184
22
0.054529
32
-0.045328
0
3DFACE
62
163
10
0.093412
20
0.054626
30
-0.044829
11
0.093184
21
0.054529
31
-0.045328
12
0.094046
22
0.054694
32
-0.044780
0
3DFACE
62
163
10
0.093628
20
0.054705
30
-0.044279
11
0.093412
21
0.054626
31
-0.044829
12
0.094046
22
0.054694
32
-0.044780
0
3DFACE
62
163
10
0.093628
20
0.054705
30
-0.044279
11
0.093251
21
0.055026
31
-0.043892
12
0.092832
22
0.054879
32
-0.044970
0
3DFACE
62
163
10
0.093628
20
0.054705
30
-0.044279
11
0.093640
21
0.054824
31
-0.043649
12
0.093251
22
0.055026
32
-0.043892
0
3DFACE
62
163
10
0.093628
20
0.054705
30
-0.044279
11
0.092832
21
0.054879
31
-0.044970
12
0.093412
22
0.054626
32
-0.044829
0
3DFACE
62
163
10
0.093867
20
0.054695
30
-0.044187
11
0.094046
21
0.054694
31
-0.044780
12
0.094415
22
0.054813
32
-0.043682
0
3DFACE
62
163
10
0.093867
20
0.054695
30
-0.044187
11
0.093628
21
0.054705
31
-0.044279
12
0.094046
22
0.054694
32
-0.044780
0
3DFACE
62
163
10
0.093867
20
0.054695
30
-0.044187
11
0.093640
21
0.054824
31
-0.043649
12
0.093628
22
0.054705
32
-0.044279
0
3DFACE
62
163
10
0.093867
20
0.054695
30
-0.044187
11
0.094415
21
0.054813
31
-0.043682
12
0.094021
22
0.054737
32
-0.043706
0
3DFACE
62
163
10
0.093867
20
0.054695
30
-0.044187
11
0.094021
21
0.054737
31
-0.043706
12
0.093640
22
0.054824
32
-0.043649
0
3DFACE
62
163
10
0.093759
20
0.054843
30
-0.043219
11
0.093553
21
0.055067
31
-0.042772
12
0.093251
22
0.055026
32
-0.043892
0
3DFACE
62
163
10
0.093759
20
0.054843
30
-0.043219
11
0.093251
21
0.055026
31
-0.043892
12
0.093640
22
0.054824
32
-0.043649
0
3DFACE
62
163
10
0.094080
20
0.054781
30
-0.042646
11
0.093553
21
0.055067
31
-0.042772
12
0.093759
22
0.054843
32
-0.043219
0
3DFACE
62
163
10
0.094182
20
0.054753
30
-0.042058
11
0.094676
21
0.054830
31
-0.042545
12
0.094827
22
0.054741
32
-0.041385
0
3DFACE
62
163
10
0.094182
20
0.054753
30
-0.042058
11
0.093740
21
0.054994
31
-0.041620
12
0.093553
22
0.055067
32
-0.042772
0
3DFACE
62
163
10
0.094182
20
0.054753
30
-0.042058
11
0.093553
21
0.055067
31
-0.042772
12
0.094080
22
0.054781
32
-0.042646
0
3DFACE
62
163
10
0.094182
20
0.054753
30
-0.042058
11
0.094080
21
0.054781
31
-0.042646
12
0.094676
22
0.054830
32
-0.042545
0
3DFACE
62
163
10
0.094248
20
0.054700
30
-0.041508
11
0.093740
21
0.054994
31
-0.041620
12
0.094182
22
0.054753
32
-0.042058
0
3DFACE
62
163
10
0.094248
20
0.054700
30
-0.041508
11
0.094182
21
0.054753
31
-0.042058
12
0.094827
22
0.054741
32
-0.041385
0
3DFACE
62
163
10
0.094290
20
0.054616
30
-0.040918
11
0.094827
21
0.054741
31
-0.041385
12
0.094865
22
0.054548
32
-0.040233
0
3DFACE
62
163
10
0.094290
20
0.054616
30
-0.040918
11
0.093805
21
0.054810
31
-0.040469
12
0.093740
22
0.054994
32
-0.041620
0
3DFACE
62
163
10
0.094290
20
0.054616
30
-0.040918
11
0.093740
21
0.054994
31
-0.041620
12
0.094248
22
0.054700
32
-0.041508
0
3DFACE
62
163
10
0.094290
20
0.054616
30
-0.040918
11
0.094248
21
0.054700
31
-0.041508
12
0.094827
22
0.054741
32
-0.041385
0
3DFACE
62
163
10
0.094111
20
0.054542
30
-0.040240
11
0.094488
21
0.054406
31
-0.039980
12
0.094105
22
0.054491
32
-0.040023
0
3DFACE
62
163
10
0.094111
20
0.054542
30
-0.040240
11
0.094105
21
0.054491
31
-0.040023
12
0.093805
22
0.054810
32
-0.040469
0
3DFACE
62
163
10
0.094301
20
0.054513
30
-0.040374
11
0.094290
21
0.054616
31
-0.040918
12
0.094865
22
0.054548
32
-0.040233
0
3DFACE
62
163
10
0.094301
20
0.054513
30
-0.040374
11
0.093805
21
0.054810
31
-0.040469
12
0.094290
22
0.054616
32
-0.040918
0
3DFACE
62
163
10
0.094301
20
0.054513
30
-0.040374
11
0.094488
21
0.054406
31
-0.039980
12
0.094111
22
0.054542
32
-0.040240
0
3DFACE
62
163
10
0.094301
20
0.054513
30
-0.040374
11
0.094111
21
0.054542
31
-0.040240
12
0.093805
22
0.054810
32
-0.040469
0
3DFACE
62
163
10
0.094301
20
0.054513
30
-0.040374
11
0.094865
21
0.054548
31
-0.040233
12
0.094488
22
0.054406
32
-0.039980
0
3DFACE
62
163
10
0.094086
20
0.054399
30
-0.039674
11
0.094105
21
0.054491
31
-0.040023
12
0.094488
22
0.054406
32
-0.039980
0
3DFACE
62
163
10
0.094086
20
0.054399
30
-0.039674
11
0.093750
21
0.054518
31
-0.039348
12
0.094105
22
0.054491
32
-0.040023
0
3DFACE
62
163
10
0.094239
20
0.054222
30
-0.039269
11
0.094488
21
0.054406
31
-0.039980
12
0.094791
22
0.054255
32
-0.039110
0
3DFACE
62
163
10
0.094239
20
0.054222
30
-0.039269
11
0.094086
21
0.054399
31
-0.039674
12
0.094488
22
0.054406
32
-0.039980
0
3DFACE
62
163
10
0.094239
20
0.054222
30
-0.039269
11
0.093750
21
0.054518
31
-0.039348
12
0.094086
22
0.054399
32
-0.039674
0
3DFACE
62
163
10
0.094164
20
0.054030
30
-0.038710
11
0.094791
21
0.054255
31
-0.039110
12
0.094610
22
0.053857
32
-0.038023
0
3DFACE
62
163
10
0.094164
20
0.054030
30
-0.038710
11
0.093581
21
0.054114
31
-0.038264
12
0.093750
22
0.054518
32
-0.039348
0
3DFACE
62
163
10
0.094164
20
0.054030
30
-0.038710
11
0.094239
21
0.054222
31
-0.039269
12
0.094791
22
0.054255
32
-0.039110
0
3DFACE
62
163
10
0.094164
20
0.054030
30
-0.038710
11
0.093750
21
0.054518
31
-0.039348
12
0.094239
22
0.054222
32
-0.039269
0
3DFACE
62
163
10
0.094068
20
0.053826
30
-0.038201
11
0.094164
21
0.054030
31
-0.038710
12
0.094610
22
0.053857
32
-0.038023
0
3DFACE
62
163
10
0.094068
20
0.053826
30
-0.038201
11
0.093581
21
0.054114
31
-0.038264
12
0.094164
22
0.054030
32
-0.038710
0
3DFACE
62
163
10
0.093948
20
0.053598
30
-0.037707
11
0.094610
21
0.053857
31
-0.038023
12
0.094326
22
0.053362
32
-0.036999
0
3DFACE
62
163
10
0.093948
20
0.053598
30
-0.037707
11
0.093301
21
0.053608
31
-0.037248
12
0.093581
22
0.054114
32
-0.038264
0
3DFACE
62
163
10
0.093948
20
0.053598
30
-0.037707
11
0.093581
21
0.054114
31
-0.038264
12
0.094068
22
0.053826
32
-0.038201
0
3DFACE
62
163
10
0.093948
20
0.053598
30
-0.037707
11
0.094068
21
0.053826
31
-0.038201
12
0.094610
22
0.053857
32
-0.038023
0
3DFACE
62
163
10
0.093793
20
0.053331
30
-0.037197
11
0.094326
21
0.053362
31
-0.036999
12
0.093765
22
0.052964
32
-0.036572
0
3DFACE
62
163
10
0.093793
20
0.053331
30
-0.037197
11
0.093301
21
0.053608
31
-0.037248
12
0.093948
22
0.053598
32
-0.037707
0
3DFACE
62
163
10
0.093793
20
0.053331
30
-0.037197
11
0.093948
21
0.053598
31
-0.037707
12
0.094326
22
0.053362
32
-0.036999
0
3DFACE
62
163
10
0.093510
20
0.053231
30
-0.036954
11
0.093412
21
0.053076
31
-0.036708
12
0.093301
22
0.053608
32
-0.037248
0
3DFACE
62
163
10
0.093510
20
0.053231
30
-0.036954
11
0.093765
21
0.052964
31
-0.036572
12
0.093412
22
0.053076
32
-0.036708
0
3DFACE
62
163
10
0.093510
20
0.053231
30
-0.036954
11
0.093301
21
0.053608
31
-0.037248
12
0.093793
22
0.053331
32
-0.037197
0
3DFACE
62
163
10
0.093510
20
0.053231
30
-0.036954
11
0.093793
21
0.053331
31
-0.037197
12
0.093765
22
0.052964
32
-0.036572
0
3DFACE
62
163
10
0.093317
20
0.052931
30
-0.036491
11
0.092922
21
0.053013
31
-0.036328
12
0.093412
22
0.053076
32
-0.036708
0
3DFACE
62
163
10
0.093317
20
0.052931
30
-0.036491
11
0.093412
21
0.053076
31
-0.036708
12
0.093765
22
0.052964
32
-0.036572
0
3DFACE
62
163
10
0.093422
20
0.052752
30
-0.036284
11
0.093765
21
0.052964
31
-0.036572
12
0.093947
22
0.052785
32
-0.036064
0
3DFACE
62
163
10
0.093422
20
0.052752
30
-0.036284
11
0.093317
21
0.052931
31
-0.036491
12
0.093765
22
0.052964
32
-0.036572
0
3DFACE
62
163
10
0.093422
20
0.052752
30
-0.036284
11
0.092922
21
0.053013
31
-0.036328
12
0.093317
22
0.052931
32
-0.036491
0
3DFACE
62
163
10
0.093210
20
0.052441
30
-0.035876
11
0.093422
21
0.052752
31
-0.036284
12
0.093947
22
0.052785
32
-0.036064
0
3DFACE
62
163
10
0.093210
20
0.052441
30
-0.035876
11
0.093947
21
0.052785
31
-0.036064
12
0.093481
22
0.052122
32
-0.035221
0
3DFACE
62
163
10
0.093210
20
0.052441
30
-0.035876
11
0.092450
21
0.052327
31
-0.035509
12
0.092922
22
0.053013
32
-0.036328
0
3DFACE
62
163
10
0.093210
20
0.052441
30
-0.035876
11
0.092922
21
0.053013
31
-0.036328
12
0.093422
22
0.052752
32
-0.036284
0
3DFACE
62
163
10
0.092962
20
0.052086
30
-0.035465
11
0.093210
21
0.052441
31
-0.035876
12
0.093481
22
0.052122
32
-0.035221
0
3DFACE
62
163
10
0.092962
20
0.052086
30
-0.035465
11
0.092450
21
0.052327
31
-0.035509
12
0.093210
22
0.052441
32
-0.035876
0
3DFACE
62
163
10
0.092711
20
0.051737
30
-0.035110
11
0.093481
21
0.052122
31
-0.035221
12
0.092937
22
0.051385
32
-0.034488
0
3DFACE
62
163
10
0.092711
20
0.051737
30
-0.035110
11
0.091898
21
0.051566
31
-0.034813
12
0.092450
22
0.052327
32
-0.035509
0
3DFACE
62
163
10
0.092711
20
0.051737
30
-0.035110
11
0.092962
21
0.052086
31
-0.035465
12
0.093481
22
0.052122
32
-0.035221
0
3DFACE
62
163
10
0.092711
20
0.051737
30
-0.035110
11
0.092450
21
0.052327
31
-0.035509
12
0.092962
22
0.052086
32
-0.035465
0
3DFACE
62
163
10
0.092424
20
0.051347
30
-0.034762
11
0.091898
21
0.051566
31
-0.034813
12
0.092711
22
0.051737
32
-0.035110
0
3DFACE
62
163
10
0.092424
20
0.051347
30
-0.034762
11
0.092711
21
0.051737
31
-0.035110
12
0.092937
22
0.051385
32
-0.034488
0
3DFACE
62
163
10
0.092424
20
0.051347
30
-0.034762
11
0.092937
21
0.051385
31
-0.034488
12
0.092330
22
0.050592
32
-0.033886
0
3DFACE
62
163
10
0.092424
20
0.051347
30
-0.034762
11
0.092330
21
0.050592
31
-0.033886
12
0.092070
22
0.050615
32
-0.034159
0
3DFACE
62
163
10
0.091980
20
0.051054
30
-0.034546
11
0.091898
21
0.051566
31
-0.034813
12
0.092424
22
0.051347
32
-0.034762
0
3DFACE
62
163
10
0.091980
20
0.051054
30
-0.034546
11
0.091284
21
0.050752
31
-0.034259
12
0.091898
22
0.051566
32
-0.034813
0
3DFACE
62
163
10
0.091980
20
0.051054
30
-0.034546
11
0.091773
21
0.050780
31
-0.034360
12
0.091284
22
0.050752
32
-0.034259
0
3DFACE
62
163
10
0.091980
20
0.051054
30
-0.034546
11
0.092424
21
0.051347
31
-0.034762
12
0.092070
22
0.050615
32
-0.034159
0
3DFACE
62
163
10
0.091980
20
0.051054
30
-0.034546
11
0.092070
21
0.050615
31
-0.034159
12
0.091773
22
0.050780
32
-0.034360
0
3DFACE
62
163
10
0.091668
20
0.050642
30
-0.034273
11
0.091284
21
0.050752
31
-0.034259
12
0.091773
22
0.050780
32
-0.034360
0
3DFACE
62
163
10
0.091668
20
0.050642
30
-0.034273
11
0.091773
21
0.050780
31
-0.034360
12
0.092070
22
0.050615
32
-0.034159
0
3DFACE
62
163
10
0.091517
20
0.050154
30
-0.033968
11
0.091284
21
0.050752
31
-0.034259
12
0.091668
22
0.050642
32
-0.034273
0
3DFACE
62
163
10
0.091517
20
0.050154
30
-0.033968
11
0.091668
21
0.050642
31
-0.034273
12
0.092070
22
0.050615
32
-0.034159
0
3DFACE
62
163
10
0.091517
20
0.050154
30
-0.033968
11
0.092330
21
0.050592
31
-0.033886
12
0.091672
22
0.049752
32
-0.033419
0
3DFACE
62
163
10
0.091517
20
0.050154
30
-0.033968
11
0.090618
21
0.049886
31
-0.033852
12
0.091284
22
0.050752
32
-0.034259
0
3DFACE
62
163
10
0.091517
20
0.050154
30
-0.033968
11
0.092070
21
0.050615
31
-0.034159
12
0.092330
22
0.050592
32
-0.033886
0
3DFACE
62
163
10
0.091174
20
0.049711
30
-0.033762
11
0.091517
21
0.050154
31
-0.033968
12
0.091672
22
0.049752
32
-0.033419
0
3DFACE
62
163
10
0.091174
20
0.049711
30
-0.033762
11
0.090618
21
0.049886
31
-0.033852
12
0.091517
22
0.050154
32
-0.033968
0
3DFACE
62
163
10
0.090845
20
0.049290
30
-0.033606
11
0.091174
21
0.049711
31
-0.033762
12
0.091672
22
0.049752
32
-0.033419
0
3DFACE
62
163
10
0.090845
20
0.049290
30
-0.033606
11
0.090618
21
0.049886
31
-0.033852
12
0.091174
22
0.049711
32
-0.033762
0
3DFACE
62
163
10
0.090845
20
0.049290
30
-0.033606
11
0.091672
21
0.049752
31
-0.033419
12
0.090972
22
0.048869
32
-0.033094
0
3DFACE
62
163
10
0.090845
20
0.049290
30
-0.033606
11
0.089916
21
0.048984
31
-0.033601
12
0.090618
22
0.049886
32
-0.033852
0
3DFACE
62
163
10
0.090485
20
0.048830
30
-0.033479
11
0.090845
21
0.049290
31
-0.033606
12
0.090972
22
0.048869
32
-0.033094
0
3DFACE
62
163
10
0.090485
20
0.048830
30
-0.033479
11
0.089916
21
0.048984
31
-0.033601
12
0.090845
22
0.049290
32
-0.033606
0
3DFACE
62
163
10
0.090485
20
0.048830
30
-0.033479
11
0.090972
21
0.048869
31
-0.033094
12
0.090248
22
0.047966
32
-0.032920
0
3DFACE
62
163
10
0.090145
20
0.048399
30
-0.033398
11
0.089590
21
0.047976
31
-0.033443
12
0.089916
22
0.048984
32
-0.033601
0
3DFACE
62
163
10
0.090145
20
0.048399
30
-0.033398
11
0.090485
21
0.048830
31
-0.033479
12
0.090248
22
0.047966
32
-0.032920
0
3DFACE
62
163
10
0.090145
20
0.048399
30
-0.033398
11
0.089916
21
0.048984
31
-0.033601
12
0.090485
22
0.048830
32
-0.033479
0
3DFACE
62
163
10
0.089955
20
0.047918
30
-0.033227
11
0.089590
21
0.047976
31
-0.033443
12
0.090145
22
0.048399
32
-0.033398
0
3DFACE
62
163
10
0.089955
20
0.047918
30
-0.033227
11
0.090145
21
0.048399
31
-0.033398
12
0.090248
22
0.047966
32
-0.032920
0
3DFACE
62
163
10
0.089955
20
0.047918
30
-0.033227
11
0.089816
21
0.047744
31
-0.033217
12
0.089590
22
0.047976
32
-0.033443
0
3DFACE
62
163
10
0.089955
20
0.047918
30
-0.033227
11
0.090248
21
0.047966
31
-0.032920
12
0.089816
22
0.047744
32
-0.033217
0
3DFACE
62
163
10
0.089435
20
0.047504
30
-0.033345
11
0.089199
21
0.048074
31
-0.033515
12
0.089590
22
0.047976
32
-0.033443
0
3DFACE
62
163
10
0.089606
20
0.047481
30
-0.033213
11
0.089590
21
0.047976
31
-0.033443
12
0.089816
22
0.047744
32
-0.033217
0
3DFACE
62
163
10
0.089606
20
0.047481
30
-0.033213
11
0.089519
21
0.047061
31
-0.032900
12
0.089435
22
0.047504
32
-0.033345
0
3DFACE
62
163
10
0.089606
20
0.047481
30
-0.033213
11
0.089435
21
0.047504
31
-0.033345
12
0.089590
22
0.047976
32
-0.033443
0
3DFACE
62
163
10
0.089606
20
0.047481
30
-0.033213
11
0.089816
21
0.047744
31
-0.033217
12
0.089519
22
0.047061
32
-0.032900
0
3DFACE
62
163
10
0.089066
20
0.047038
30
-0.033379
11
0.089199
21
0.048074
31
-0.033515
12
0.089435
22
0.047504
32
-0.033345
0
3DFACE
62
163
10
0.089066
20
0.047038
30
-0.033379
11
0.089435
21
0.047504
31
-0.033345
12
0.089519
22
0.047061
32
-0.032900
0
3DFACE
62
163
10
0.089066
20
0.047038
30
-0.033379
11
0.089519
21
0.047061
31
-0.032900
12
0.088791
22
0.046153
32
-0.033034
0
3DFACE
62
163
10
0.089066
20
0.047038
30
-0.033379
11
0.088481
21
0.047160
31
-0.033592
12
0.089199
22
0.048074
32
-0.033515
0
3DFACE
62
163
10
0.088724
20
0.046604
30
-0.033449
11
0.089066
21
0.047038
31
-0.033379
12
0.088791
22
0.046153
32
-0.033034
0
3DFACE
62
163
10
0.088724
20
0.046604
30
-0.033449
11
0.088481
21
0.047160
31
-0.033592
12
0.089066
22
0.047038
32
-0.033379
0
3DFACE
62
163
10
0.088362
20
0.046143
30
-0.033564
11
0.088791
21
0.046153
31
-0.033034
12
0.088084
22
0.045263
32
-0.033319
0
3DFACE
62
163
10
0.088362
20
0.046143
30
-0.033564
11
0.088481
21
0.047160
31
-0.033592
12
0.088724
22
0.046604
32
-0.033449
0
3DFACE
62
163
10
0.088362
20
0.046143
30
-0.033564
11
0.088724
21
0.046604
31
-0.033449
12
0.088791
22
0.046153
32
-0.033034
0
3DFACE
62
163
10
0.088362
20
0.046143
30
-0.033564
11
0.087777
21
0.046256
31
-0.033833
12
0.088481
22
0.047160
32
-0.033592
0
3DFACE
62
163
10
0.088031
20
0.045719
30
-0.033708
11
0.088362
21
0.046143
31
-0.033564
12
0.088084
22
0.045263
32
-0.033319
0
3DFACE
62
163
10
0.088031
20
0.045719
30
-0.033708
11
0.087370
21
0.045137
31
-0.034141
12
0.087777
22
0.046256
32
-0.033833
0
3DFACE
62
163
10
0.088031
20
0.045719
30
-0.033708
11
0.087777
21
0.046256
31
-0.033833
12
0.088362
22
0.046143
32
-0.033564
0
3DFACE
62
163
10
0.087769
20
0.045153
30
-0.033770
11
0.088031
21
0.045719
31
-0.033708
12
0.088084
22
0.045263
32
-0.033319
0
3DFACE
62
163
10
0.087769
20
0.045153
30
-0.033770
11
0.088084
21
0.045263
31
-0.033319
12
0.087414
22
0.044414
32
-0.033748
0
3DFACE
62
163
10
0.087769
20
0.045153
30
-0.033770
11
0.087370
21
0.045137
31
-0.034141
12
0.088031
22
0.045719
32
-0.033708
0
3DFACE
62
163
10
0.087769
20
0.045153
30
-0.033770
11
0.087523
21
0.044838
31
-0.033934
12
0.087370
22
0.045137
32
-0.034141
0
3DFACE
62
163
10
0.087769
20
0.045153
30
-0.033770
11
0.087414
21
0.044414
31
-0.033748
12
0.087523
22
0.044838
32
-0.033934
0
3DFACE
62
163
10
0.087035
20
0.044699
30
-0.034406
11
0.087110
21
0.045391
31
-0.034231
12
0.087370
22
0.045137
32
-0.034141
0
3DFACE
62
163
10
0.087035
20
0.044699
30
-0.034406
11
0.086491
21
0.044571
31
-0.034777
12
0.087110
22
0.045391
32
-0.034231
0
3DFACE
62
163
10
0.087035
20
0.044699
30
-0.034406
11
0.087370
21
0.045137
31
-0.034141
12
0.087523
22
0.044838
32
-0.033934
0
3DFACE
62
163
10
0.087053
20
0.044452
30
-0.034381
11
0.087414
21
0.044414
31
-0.033748
12
0.086791
22
0.043606
32
-0.034317
0
3DFACE
62
163
10
0.087053
20
0.044452
30
-0.034381
11
0.086491
21
0.044571
31
-0.034777
12
0.087035
22
0.044699
32
-0.034406
0
3DFACE
62
163
10
0.087053
20
0.044452
30
-0.034381
11
0.087035
21
0.044699
31
-0.034406
12
0.087523
22
0.044838
32
-0.033934
0
3DFACE
62
163
10
0.087053
20
0.044452
30
-0.034381
11
0.087523
21
0.044838
31
-0.033934
12
0.087414
22
0.044414
32
-0.033748
0
3DFACE
62
163
10
0.086766
20
0.044070
30
-0.034664
11
0.087053
21
0.044452
31
-0.034381
12
0.086791
22
0.043606
32
-0.034317
0
3DFACE
62
163
10
0.086766
20
0.044070
30
-0.034664
11
0.086491
21
0.044571
31
-0.034777
12
0.087053
22
0.044452
32
-0.034381
0
3DFACE
62
163
10
0.086473
20
0.043673
30
-0.035002
11
0.086791
21
0.043606
31
-0.034317
12
0.086229
22
0.042851
32
-0.035017
0
3DFACE
62
163
10
0.086473
20
0.043673
30
-0.035002
11
0.086766
21
0.044070
31
-0.034664
12
0.086791
22
0.043606
32
-0.034317
0
3DFACE
62
163
10
0.086473
20
0.043673
30
-0.035002
11
0.085936
21
0.043806
31
-0.035467
12
0.086491
22
0.044571
32
-0.034777
0
3DFACE
62
163
10
0.086473
20
0.043673
30
-0.035002
11
0.086491
21
0.044571
31
-0.034777
12
0.086766
22
0.044070
32
-0.034664
0
3DFACE
62
163
10
0.086217
20
0.043320
30
-0.035348
11
0.086473
21
0.043673
31
-0.035002
12
0.086229
22
0.042851
32
-0.035017
0
3DFACE
62
163
10
0.086217
20
0.043320
30
-0.035348
11
0.085936
21
0.043806
31
-0.035467
12
0.086473
22
0.043673
32
-0.035002
0
3DFACE
62
163
10
0.085973
20
0.042752
30
-0.035698
11
0.086229
21
0.042851
31
-0.035017
12
0.085742
22
0.042170
32
-0.035831
0
3DFACE
62
163
10
0.085973
20
0.042752
30
-0.035698
11
0.086217
21
0.043320
31
-0.035348
12
0.086229
22
0.042851
32
-0.035017
0
3DFACE
62
163
10
0.085973
20
0.042752
30
-0.035698
11
0.085742
21
0.042170
31
-0.035831
12
0.085723
22
0.042391
32
-0.036167
0
3DFACE
62
163
10
0.085554
20
0.042138
30
-0.036536
11
0.085629
21
0.042745
31
-0.036313
12
0.085723
22
0.042391
32
-0.036167
0
3DFACE
62
163
10
0.085554
20
0.042138
30
-0.036536
11
0.085742
21
0.042170
31
-0.035831
12
0.085340
22
0.041570
32
-0.036743
0
3DFACE
62
163
10
0.085554
20
0.042138
30
-0.036536
11
0.085723
21
0.042391
31
-0.036167
12
0.085742
22
0.042170
32
-0.035831
0
3DFACE
62
163
10
0.085359
20
0.042050
30
-0.037047
11
0.085554
21
0.042138
31
-0.036536
12
0.085340
22
0.041570
32
-0.036743
0
3DFACE
62
163
10
0.085359
20
0.042050
30
-0.037047
11
0.085629
21
0.042745
31
-0.036313
12
0.085554
22
0.042138
32
-0.036536
0
3DFACE
62
163
10
0.085359
20
0.042050
30
-0.037047
11
0.085074
21
0.042517
31
-0.037193
12
0.085629
22
0.042745
32
-0.036313
0
3DFACE
62
163
10
0.085206
20
0.041793
30
-0.037516
11
0.085340
21
0.041570
31
-0.036743
12
0.085030
22
0.041051
32
-0.037748
0
3DFACE
62
163
10
0.085206
20
0.041793
30
-0.037516
11
0.084789
21
0.042004
31
-0.038206
12
0.085074
22
0.042517
32
-0.037193
0
3DFACE
62
163
10
0.085206
20
0.041793
30
-0.037516
11
0.085359
21
0.042050
31
-0.037047
12
0.085340
22
0.041570
32
-0.036743
0
3DFACE
62
163
10
0.085206
20
0.041793
30
-0.037516
11
0.085074
21
0.042517
31
-0.037193
12
0.085359
22
0.042050
32
-0.037047
0
3DFACE
62
163
10
0.085068
20
0.041540
30
-0.038040
11
0.085206
21
0.041793
31
-0.037516
12
0.085030
22
0.041051
32
-0.037748
0
3DFACE
62
163
10
0.085068
20
0.041540
30
-0.038040
11
0.084789
21
0.042004
31
-0.038206
12
0.085206
22
0.041793
32
-0.037516
0
3DFACE
62
163
10
0.084964
20
0.041329
30
-0.038545
11
0.085030
21
0.041051
31
-0.037748
12
0.084821
22
0.040627
32
-0.038819
0
3DFACE
62
163
10
0.084964
20
0.041329
30
-0.038545
11
0.084613
21
0.041596
31
-0.039283
12
0.084789
22
0.042004
32
-0.038206
0
3DFACE
62
163
10
0.084964
20
0.041329
30
-0.038545
11
0.085068
21
0.041540
31
-0.038040
12
0.085030
22
0.041051
32
-0.037748
0
3DFACE
62
163
10
0.084964
20
0.041329
30
-0.038545
11
0.084789
21
0.042004
31
-0.038206
12
0.085068
22
0.041540
32
-0.038040
0
3DFACE
62
163
10
0.084880
20
0.041129
30
-0.039099
11
0.084964
21
0.041329
31
-0.038545
12
0.084821
22
0.040627
32
-0.038819
0
3DFACE
62
163
10
0.084880
20
0.041129
30
-0.039099
11
0.084787
21
0.041193
31
-0.039531
12
0.084613
22
0.041596
32
-0.039283
0
3DFACE
62
163
10
0.084880
20
0.041129
30
-0.039099
11
0.084613
21
0.041596
31
-0.039283
12
0.084964
22
0.041329
32
-0.038545
0
3DFACE
62
163
10
0.084875
20
0.040890
30
-0.039197
11
0.084848
21
0.040807
31
-0.039474
12
0.084787
22
0.041193
32
-0.039531
0
3DFACE
62
163
10
0.084875
20
0.040890
30
-0.039197
11
0.084821
21
0.040627
31
-0.038819
12
0.084848
22
0.040807
32
-0.039474
0
3DFACE
62
163
10
0.084875
20
0.040890
30
-0.039197
11
0.084880
21
0.041129
31
-0.039099
12
0.084821
22
0.040627
32
-0.038819
0
3DFACE
62
163
10
0.084875
20
0.040890
30
-0.039197
11
0.084787
21
0.041193
31
-0.039531
12
0.084880
22
0.041129
32
-0.039099
0
3DFACE
62
163
10
0.084828
20
0.040735
30
-0.039732
11
0.084787
21
0.041193
31
-0.039531
12
0.084848
22
0.040807
32
-0.039474
0
3DFACE
62
163
10
0.084828
20
0.040735
30
-0.039732
11
0.084848
21
0.040807
31
-0.039474
12
0.084718
22
0.040307
32
-0.039932
0
3DFACE
62
163
10
0.084801
20
0.040823
30
-0.040198
11
0.084552
21
0.041297
31
-0.040403
12
0.084787
22
0.041193
32
-0.039531
0
3DFACE
62
163
10
0.084801
20
0.040823
30
-0.040198
11
0.084787
21
0.041193
31
-0.039531
12
0.084828
22
0.040735
32
-0.039732
0
3DFACE
62
163
10
0.084801
20
0.040823
30
-0.040198
11
0.084828
21
0.040735
31
-0.039732
12
0.084718
22
0.040307
32
-0.039932
0
3DFACE
62
163
10
0.084804
20
0.040711
30
-0.040742
11
0.084552
21
0.041297
31
-0.040403
12
0.084801
22
0.040823
32
-0.040198
0
3DFACE
62
163
10
0.084804
20
0.040711
30
-0.040742
11
0.084718
21
0.040307
31
-0.039932
12
0.084727
22
0.040087
32
-0.041081
0
3DFACE
62
163
10
0.084804
20
0.040711
30
-0.040742
11
0.084610
21
0.041106
31
-0.041556
12
0.084552
22
0.041297
32
-0.040403
0
3DFACE
62
163
10
0.084804
20
0.040711
30
-0.040742
11
0.084801
21
0.040823
31
-0.040198
12
0.084718
22
0.040307
32
-0.039932
0
3DFACE
62
163
10
0.084836
20
0.040618
30
-0.041331
11
0.084804
21
0.040711
31
-0.040742
12
0.084727
22
0.040087
32
-0.041081
0
3DFACE
62
163
10
0.084836
20
0.040618
30
-0.041331
11
0.084610
21
0.041106
31
-0.041556
12
0.084804
22
0.040711
32
-0.040742
0
3DFACE
62
163
10
0.084894
20
0.040557
30
-0.041882
11
0.084727
21
0.040087
31
-0.041081
12
0.084848
22
0.039970
32
-0.042242
0
3DFACE
62
163
10
0.084894
20
0.040557
30
-0.041882
11
0.084789
21
0.041027
31
-0.042707
12
0.084610
22
0.041106
32
-0.041556
0
3DFACE
62
163
10
0.084894
20
0.040557
30
-0.041882
11
0.084836
21
0.040618
31
-0.041331
12
0.084727
22
0.040087
32
-0.041081
0
3DFACE
62
163
10
0.084894
20
0.040557
30
-0.041882
11
0.084610
21
0.041106
31
-0.041556
12
0.084836
22
0.040618
32
-0.041331
0
3DFACE
62
163
10
0.084986
20
0.040520
30
-0.042470
11
0.084848
21
0.039970
31
-0.042242
12
0.085146
22
0.040318
32
-0.043200
0
3DFACE
62
163
10
0.084986
20
0.040520
30
-0.042470
11
0.084789
21
0.041027
31
-0.042707
12
0.084894
22
0.040557
32
-0.041882
0
3DFACE
62
163
10
0.084986
20
0.040520
30
-0.042470
11
0.084894
21
0.040557
31
-0.041882
12
0.084848
22
0.039970
32
-0.042242
0
3DFACE
62
163
10
0.085036
20
0.040703
30
-0.042938
11
0.085088
21
0.040706
31
-0.043157
12
0.084789
22
0.041027
32
-0.042707
0
3DFACE
62
163
10
0.085036
20
0.040703
30
-0.042938
11
0.085146
21
0.040318
31
-0.043200
12
0.085088
22
0.040706
32
-0.043157
0
3DFACE
62
163
10
0.085036
20
0.040703
30
-0.042938
11
0.084789
21
0.041027
31
-0.042707
12
0.084986
22
0.040520
32
-0.042470
0
3DFACE
62
163
10
0.085036
20
0.040703
30
-0.042938
11
0.084986
21
0.040520
31
-0.042470
12
0.085146
22
0.040318
32
-0.043200
0
3DFACE
62
163
10
0.085180
20
0.040718
30
-0.043504
11
0.085084
21
0.041062
31
-0.043828
12
0.085088
22
0.040706
32
-0.043157
0
3DFACE
62
163
10
0.085413
20
0.040572
30
-0.044110
11
0.085084
21
0.041062
31
-0.043828
12
0.085180
22
0.040718
32
-0.043504
0
3DFACE
62
163
10
0.085621
20
0.040643
30
-0.044666
11
0.085413
21
0.040572
31
-0.044110
12
0.085421
22
0.040053
32
-0.044495
0
3DFACE
62
163
10
0.085621
20
0.040643
30
-0.044666
11
0.085421
21
0.040053
31
-0.044495
12
0.085871
22
0.040243
32
-0.045561
0
3DFACE
62
163
10
0.085621
20
0.040643
30
-0.044666
11
0.085498
21
0.041202
31
-0.044912
12
0.085084
22
0.041062
32
-0.043828
0
3DFACE
62
163
10
0.085621
20
0.040643
30
-0.044666
11
0.085084
21
0.041062
31
-0.043828
12
0.085413
22
0.040572
32
-0.044110
0
3DFACE
62
163
10
0.085841
20
0.040733
30
-0.045169
11
0.085621
21
0.040643
31
-0.044666
12
0.085871
22
0.040243
32
-0.045561
0
3DFACE
62
163
10
0.085841
20
0.040733
30
-0.045169
11
0.085498
21
0.041202
31
-0.044912
12
0.085621
22
0.040643
32
-0.044666
0
3DFACE
62
163
10
0.086103
20
0.040855
30
-0.045692
11
0.085498
21
0.041202
31
-0.044912
12
0.085841
22
0.040733
32
-0.045169
0
3DFACE
62
163
10
0.086103
20
0.040855
30
-0.045692
11
0.085871
21
0.040243
31
-0.045561
12
0.086420
22
0.040528
32
-0.046552
0
3DFACE
62
163
10
0.086103
20
0.040855
30
-0.045692
11
0.086022
21
0.041445
31
-0.045928
12
0.085498
22
0.041202
32
-0.044912
0
3DFACE
62
163
10
0.086103
20
0.040855
30
-0.045692
11
0.085841
21
0.040733
31
-0.045169
12
0.085871
22
0.040243
32
-0.045561
0
3DFACE
62
163
10
0.086385
20
0.041212
30
-0.046224
11
0.086635
21
0.040939
31
-0.046608
12
0.086547
22
0.041300
32
-0.046472
0
3DFACE
62
163
10
0.086385
20
0.041212
30
-0.046224
11
0.086547
21
0.041300
31
-0.046472
12
0.086022
22
0.041445
32
-0.045928
0
3DFACE
62
163
10
0.086371
20
0.040991
30
-0.046158
11
0.086635
21
0.040939
31
-0.046608
12
0.086385
22
0.041212
32
-0.046224
0
3DFACE
62
163
10
0.086371
20
0.040991
30
-0.046158
11
0.086103
21
0.040855
31
-0.045692
12
0.086420
22
0.040528
32
-0.046552
0
3DFACE
62
163
10
0.086371
20
0.040991
30
-0.046158
11
0.086022
21
0.041445
31
-0.045928
12
0.086103
22
0.040855
32
-0.045692
0
3DFACE
62
163
10
0.086371
20
0.040991
30
-0.046158
11
0.086385
21
0.041212
31
-0.046224
12
0.086022
22
0.041445
32
-0.045928
0
3DFACE
62
163
10
0.086371
20
0.040991
30
-0.046158
11
0.086420
21
0.040528
31
-0.046552
12
0.086635
22
0.040939
32
-0.046608
0
3DFACE
62
163
10
0.086697
20
0.041383
30
-0.046687
11
0.086547
21
0.041300
31
-0.046472
12
0.086635
22
0.040939
32
-0.046608
0
3DFACE
62
163
10
0.086697
20
0.041383
30
-0.046687
11
0.086641
21
0.041783
31
-0.046849
12
0.086547
22
0.041300
32
-0.046472
0
3DFACE
62
163
10
0.086991
20
0.041337
30
-0.047054
11
0.086697
21
0.041383
31
-0.046687
12
0.086635
22
0.040939
32
-0.046608
0
3DFACE
62
163
10
0.086991
20
0.041337
30
-0.047054
11
0.086635
21
0.040939
31
-0.046608
12
0.087057
22
0.040898
32
-0.047453
0
3DFACE
62
163
10
0.086991
20
0.041337
30
-0.047054
11
0.086641
21
0.041783
31
-0.046849
12
0.086697
22
0.041383
32
-0.046687
0
3DFACE
62
163
10
0.087349
20
0.041549
30
-0.047482
11
0.086641
21
0.041783
31
-0.046849
12
0.086991
22
0.041337
32
-0.047054
0
3DFACE
62
163
10
0.087349
20
0.041549
30
-0.047482
11
0.087057
21
0.040898
31
-0.047453
12
0.087783
22
0.041346
32
-0.048256
0
3DFACE
62
163
10
0.087349
20
0.041549
30
-0.047482
11
0.087358
21
0.042205
31
-0.047668
12
0.086641
22
0.041783
32
-0.046849
0
3DFACE
62
163
10
0.087349
20
0.041549
30
-0.047482
11
0.086991
21
0.041337
31
-0.047054
12
0.087057
22
0.040898
32
-0.047453
0
3DFACE
62
163
10
0.087703
20
0.041764
30
-0.047853
11
0.087349
21
0.041549
31
-0.047482
12
0.087783
22
0.041346
32
-0.048256
0
3DFACE
62
163
10
0.087703
20
0.041764
30
-0.047853
11
0.087358
21
0.042205
31
-0.047668
12
0.087349
22
0.041549
32
-0.047482
0
3DFACE
62
163
10
0.088102
20
0.042014
30
-0.048221
11
0.087703
21
0.041764
31
-0.047853
12
0.087783
22
0.041346
32
-0.048256
0
3DFACE
62
163
10
0.088102
20
0.042014
30
-0.048221
11
0.087358
21
0.042205
31
-0.047668
12
0.087703
22
0.041764
32
-0.047853
0
3DFACE
62
163
10
0.088102
20
0.042014
30
-0.048221
11
0.087783
21
0.041346
31
-0.048256
12
0.088582
22
0.041862
32
-0.048940
0
3DFACE
62
163
10
0.088102
20
0.042014
30
-0.048221
11
0.088155
21
0.042703
31
-0.048365
12
0.087358
22
0.042205
32
-0.047668
0
3DFACE
62
163
10
0.088490
20
0.042261
30
-0.048533
11
0.088951
21
0.042776
31
-0.048820
12
0.088155
22
0.042703
32
-0.048365
0
3DFACE
62
163
10
0.088490
20
0.042261
30
-0.048533
11
0.088102
21
0.042014
31
-0.048221
12
0.088582
22
0.041862
32
-0.048940
0
3DFACE
62
163
10
0.088490
20
0.042261
30
-0.048533
11
0.088155
21
0.042703
31
-0.048365
12
0.088102
22
0.042014
32
-0.048221
0
3DFACE
62
163
10
0.088832
20
0.042294
30
-0.048851
11
0.088951
21
0.042776
31
-0.048820
12
0.088490
22
0.042261
32
-0.048533
0
3DFACE
62
163
10
0.088832
20
0.042294
30
-0.048851
11
0.089095
21
0.042468
31
-0.049021
12
0.088951
22
0.042776
32
-0.048820
0
3DFACE
62
163
10
0.088832
20
0.042294
30
-0.048851
11
0.088582
21
0.041862
31
-0.048940
12
0.089095
22
0.042468
32
-0.049021
0
3DFACE
62
163
10
0.088832
20
0.042294
30
-0.048851
11
0.088490
21
0.042261
31
-0.048533
12
0.088582
22
0.041862
32
-0.048940
0
3DFACE
62
163
10
0.089331
20
0.042814
30
-0.049077
11
0.089009
21
0.043259
31
-0.048919
12
0.088951
22
0.042776
32
-0.048820
0
3DFACE
62
163
10
0.089245
20
0.042568
30
-0.049111
11
0.088951
21
0.042776
31
-0.048820
12
0.089095
22
0.042468
32
-0.049021
0
3DFACE
62
163
10
0.089245
20
0.042568
30
-0.049111
11
0.089095
21
0.042468
31
-0.049021
12
0.089433
22
0.042432
32
-0.049490
0
3DFACE
62
163
10
0.089245
20
0.042568
30
-0.049111
11
0.089331
21
0.042814
31
-0.049077
12
0.088951
22
0.042776
32
-0.048820
0
3DFACE
62
163
10
0.089245
20
0.042568
30
-0.049111
11
0.089433
21
0.042432
31
-0.049490
12
0.089331
22
0.042814
32
-0.049077
0
3DFACE
62
163
10
0.089757
20
0.043097
30
-0.049290
11
0.089009
21
0.043259
31
-0.048919
12
0.089331
22
0.042814
32
-0.049077
0
3DFACE
62
163
10
0.089757
20
0.043097
30
-0.049290
11
0.089331
21
0.042814
31
-0.049077
12
0.089433
22
0.042432
32
-0.049490
0
3DFACE
62
163
10
0.089757
20
0.043097
30
-0.049290
11
0.089433
21
0.042432
31
-0.049490
12
0.090337
22
0.043048
32
-0.049904
0
3DFACE
62
163
10
0.089757
20
0.043097
30
-0.049290
11
0.089919
21
0.043864
31
-0.049327
12
0.089009
22
0.043259
32
-0.048919
0
3DFACE
62
163
10
0.090226
20
0.043412
30
-0.049481
11
0.089757
21
0.043097
31
-0.049290
12
0.090337
22
0.043048
32
-0.049904
0
3DFACE
62
163
10
0.090226
20
0.043412
30
-0.049481
11
0.089919
21
0.043864
31
-0.049327
12
0.089757
22
0.043097
32
-0.049290
0
3DFACE
62
163
10
0.090673
20
0.043714
30
-0.049624
11
0.090337
21
0.043048
31
-0.049904
12
0.091278
22
0.043695
32
-0.050171
0
3DFACE
62
163
10
0.090673
20
0.043714
30
-0.049624
11
0.090226
21
0.043412
31
-0.049481
12
0.090337
22
0.043048
32
-0.049904
0
3DFACE
62
163
10
0.090673
20
0.043714
30
-0.049624
11
0.089919
21
0.043864
31
-0.049327
12
0.090226
22
0.043412
32
-0.049481
0
3DFACE
62
163
10
0.090673
20
0.043714
30
-0.049624
11
0.090867
21
0.044502
31
-0.049578
12
0.089919
22
0.043864
32
-0.049327
0
3DFACE
62
163
10
0.091158
20
0.044043
30
-0.049736
11
0.090867
21
0.044502
31
-0.049578
12
0.090673
22
0.043714
32
-0.049624
0
3DFACE
62
163
10
0.091158
20
0.044043
30
-0.049736
11
0.090673
21
0.043714
31
-0.049624
12
0.091278
22
0.043695
32
-0.050171
0
3DFACE
62
163
10
0.091506
20
0.044491
30
-0.049708
11
0.090867
21
0.044502
31
-0.049578
12
0.091158
22
0.044043
32
-0.049736
0
3DFACE
62
163
10
0.091506
20
0.044491
30
-0.049708
11
0.091900
21
0.044760
31
-0.049737
12
0.091824
22
0.045153
32
-0.049665
0
3DFACE
62
163
10
0.091506
20
0.044491
30
-0.049708
11
0.091824
21
0.045153
31
-0.049665
12
0.090867
22
0.044502
32
-0.049578
0
3DFACE
62
163
10
0.091506
20
0.044491
30
-0.049708
11
0.092115
21
0.044519
31
-0.049963
12
0.091900
22
0.044760
32
-0.049737
0
3DFACE
62
163
10
0.092555
20
0.045001
30
-0.049828
11
0.091824
21
0.045153
31
-0.049665
12
0.091900
22
0.044760
32
-0.049737
0
3DFACE
62
163
10
0.092555
20
0.045001
30
-0.049828
11
0.092786
21
0.045807
31
-0.049588
12
0.091824
22
0.045153
32
-0.049665
0
3DFACE
62
163
10
0.092570
20
0.044833
30
-0.049962
11
0.093186
21
0.045024
31
-0.050247
12
0.092555
22
0.045001
32
-0.049828
0
3DFACE
62
163
10
0.092570
20
0.044833
30
-0.049962
11
0.092230
21
0.044358
31
-0.050285
12
0.093186
22
0.045024
32
-0.050247
0
3DFACE
62
163
10
0.092570
20
0.044833
30
-0.049962
11
0.092555
21
0.045001
31
-0.049828
12
0.091900
22
0.044760
32
-0.049737
0
3DFACE
62
163
10
0.092570
20
0.044833
30
-0.049962
11
0.091900
21
0.044760
31
-0.049737
12
0.092115
22
0.044519
32
-0.049963
0
3DFACE
62
163
10
0.092570
20
0.044833
30
-0.049962
11
0.092115
21
0.044519
31
-0.049963
12
0.092230
22
0.044358
32
-0.050285
0
3DFACE
62
163
10
0.093045
20
0.045336
30
-0.049779
11
0.092555
21
0.045001
31
-0.049828
12
0.093186
22
0.045024
32
-0.050247
0
3DFACE
62
163
10
0.093045
20
0.045336
30
-0.049779
11
0.092786
21
0.045807
31
-0.049588
12
0.092555
22
0.045001
32
-0.049828
0
3DFACE
62
163
10
0.093500
20
0.045646
30
-0.049695
11
0.093045
21
0.045336
31
-0.049779
12
0.093186
22
0.045024
32
-0.050247
0
3DFACE
62
163
10
0.093500
20
0.045646
30
-0.049695
11
0.093186
21
0.045024
31
-0.050247
12
0.094137
22
0.045682
32
-0.050054
0
3DFACE
62
163
10
0.093500
20
0.045646
30
-0.049695
11
0.093736
21
0.046447
31
-0.049348
12
0.092786
22
0.045807
32
-0.049588
0
3DFACE
62
163
10
0.093500
20
0.045646
30
-0.049695
11
0.092786
21
0.045807
31
-0.049588
12
0.093045
22
0.045336
32
-0.049779
0
3DFACE
62
163
10
0.093984
20
0.045973
30
-0.049565
11
0.093500
21
0.045646
31
-0.049695
12
0.094137
22
0.045682
32
-0.050054
0
3DFACE
62
163
10
0.093984
20
0.045973
30
-0.049565
11
0.093736
21
0.046447
31
-0.049348
12
0.093500
22
0.045646
32
-0.049695
0
3DFACE
62
163
10
0.094425
20
0.046271
30
-0.049408
11
0.094885
21
0.046778
31
-0.049039
12
0.094646
22
0.047053
32
-0.048951
0
3DFACE
62
163
10
0.094425
20
0.046271
30
-0.049408
11
0.093984
21
0.045973
31
-0.049565
12
0.094137
22
0.045682
32
-0.050054
0
3DFACE
62
163
10
0.094425
20
0.046271
30
-0.049408
11
0.094137
21
0.045682
31
-0.050054
12
0.095060
22
0.046315
32
-0.049712
0
3DFACE
62
163
10
0.094425
20
0.046271
30
-0.049408
11
0.094646
21
0.047053
31
-0.048951
12
0.093736
22
0.046447
32
-0.049348
0
3DFACE
62
163
10
0.094425
20
0.046271
30
-0.049408
11
0.093736
21
0.046447
31
-0.049348
12
0.093984
22
0.045973
32
-0.049565
0
3DFACE
62
163
10
0.095007
20
0.046493
30
-0.049331
11
0.095060
21
0.046315
31
-0.049712
12
0.095173
22
0.046604
32
-0.049246
0
3DFACE
62
163
10
0.095007
20
0.046493
30
-0.049331
11
0.095173
21
0.046604
31
-0.049246
12
0.094885
22
0.046778
32
-0.049039
0
3DFACE
62
163
10
0.095007
20
0.046493
30
-0.049331
11
0.094885
21
0.046778
31
-0.049039
12
0.094425
22
0.046271
32
-0.049408
0
3DFACE
62
163
10
0.095007
20
0.046493
30
-0.049331
11
0.094425
21
0.046271
31
-0.049408
12
0.095060
22
0.046315
32
-0.049712
0
3DFACE
62
163
10
0.095432
20
0.046777
30
-0.049103
11
0.095173
21
0.046604
31
-0.049246
12
0.095935
22
0.046907
32
-0.049229
0
3DFACE
62
163
10
0.095432
20
0.046777
30
-0.049103
11
0.094885
21
0.046778
31
-0.049039
12
0.095173
22
0.046604
32
-0.049246
0
3DFACE
62
163
10
0.095744
20
0.047147
30
-0.048695
11
0.094646
21
0.047053
31
-0.048951
12
0.094885
22
0.046778
32
-0.049039
0
3DFACE
62
163
10
0.095744
20
0.047147
30
-0.048695
11
0.094885
21
0.046778
31
-0.049039
12
0.095432
22
0.046777
32
-0.049103
0
3DFACE
62
163
10
0.095744
20
0.047147
30
-0.048695
11
0.095935
21
0.046907
31
-0.049229
12
0.096765
22
0.047453
32
-0.048608
0
3DFACE
62
163
10
0.095744
20
0.047147
30
-0.048695
11
0.095507
21
0.047613
31
-0.048405
12
0.094646
22
0.047053
32
-0.048951
0
3DFACE
62
163
10
0.095744
20
0.047147
30
-0.048695
11
0.095432
21
0.046777
31
-0.049103
12
0.095935
22
0.046907
32
-0.049229
0
3DFACE
62
163
10
0.096141
20
0.047403
30
-0.048400
11
0.095744
21
0.047147
31
-0.048695
12
0.096765
22
0.047453
32
-0.048608
0
3DFACE
62
163
10
0.096141
20
0.047403
30
-0.048400
11
0.095507
21
0.047613
31
-0.048405
12
0.095744
22
0.047147
32
-0.048695
0
3DFACE
62
163
10
0.096550
20
0.047661
30
-0.048049
11
0.096141
21
0.047403
31
-0.048400
12
0.096765
22
0.047453
32
-0.048608
0
3DFACE
62
163
10
0.096550
20
0.047661
30
-0.048049
11
0.096765
21
0.047453
31
-0.048608
12
0.097529
22
0.047936
32
-0.047861
0
3DFACE
62
163
10
0.096550
20
0.047661
30
-0.048049
11
0.096309
21
0.048115
31
-0.047716
12
0.095507
22
0.047613
32
-0.048405
0
3DFACE
62
163
10
0.096550
20
0.047661
30
-0.048049
11
0.095507
21
0.047613
31
-0.048405
12
0.096141
22
0.047403
32
-0.048400
0
3DFACE
62
163
10
0.096914
20
0.047886
30
-0.047693
11
0.096550
21
0.047661
31
-0.048049
12
0.097529
22
0.047936
32
-0.047861
0
3DFACE
62
163
10
0.096914
20
0.047886
30
-0.047693
11
0.096309
21
0.048115
31
-0.047716
12
0.096550
22
0.047661
32
-0.048049
0
3DFACE
62
163
10
0.097491
20
0.048085
30
-0.047328
11
0.098208
21
0.048345
31
-0.047010
12
0.097738
22
0.048231
32
-0.047013
0
3DFACE
62
163
10
0.097491
20
0.048085
30
-0.047328
11
0.097529
21
0.047936
31
-0.047861
12
0.098208
22
0.048345
32
-0.047010
0
3DFACE
62
163
10
0.097491
20
0.048085
30
-0.047328
11
0.096914
21
0.047886
31
-0.047693
12
0.097529
22
0.047936
32
-0.047861
0
3DFACE
62
163
10
0.097682
20
0.048513
30
-0.046460
11
0.097028
21
0.048543
31
-0.046906
12
0.097391
22
0.048350
32
-0.046867
0
3DFACE
62
163
10
0.097682
20
0.048513
30
-0.046460
11
0.097391
21
0.048350
31
-0.046867
12
0.097738
22
0.048231
32
-0.047013
0
3DFACE
62
163
10
0.097682
20
0.048513
30
-0.046460
11
0.097655
21
0.048886
31
-0.045991
12
0.097028
22
0.048543
32
-0.046906
0
3DFACE
62
163
10
0.097927
20
0.048477
30
-0.046412
11
0.097655
21
0.048886
31
-0.045991
12
0.097682
22
0.048513
32
-0.046460
0
3DFACE
62
163
10
0.097927
20
0.048477
30
-0.046412
11
0.097682
21
0.048513
31
-0.046460
12
0.097738
22
0.048231
32
-0.047013
0
3DFACE
62
163
10
0.097927
20
0.048477
30
-0.046412
11
0.097738
21
0.048231
31
-0.047013
12
0.098208
22
0.048345
32
-0.047010
0
3DFACE
62
163
10
0.097927
20
0.048477
30
-0.046412
11
0.098208
21
0.048345
31
-0.047010
12
0.098803
22
0.048673
32
-0.046060
0
3DFACE
62
163
10
0.098207
20
0.048625
30
-0.045956
11
0.097655
21
0.048886
31
-0.045991
12
0.097927
22
0.048477
32
-0.046412
0
3DFACE
62
163
10
0.098207
20
0.048625
30
-0.045956
11
0.097927
21
0.048477
31
-0.046412
12
0.098803
22
0.048673
32
-0.046060
0
3DFACE
62
163
10
0.098484
20
0.048760
30
-0.045444
11
0.098207
21
0.048625
31
-0.045956
12
0.098803
22
0.048673
32
-0.046060
0
3DFACE
62
163
10
0.098484
20
0.048760
30
-0.045444
11
0.097655
21
0.048886
31
-0.045991
12
0.098207
22
0.048625
32
-0.045956
0
3DFACE
62
163
10
0.098484
20
0.048760
30
-0.045444
11
0.098803
21
0.048673
31
-0.046060
12
0.099304
22
0.048910
32
-0.045026
0
3DFACE
62
163
10
0.098484
20
0.048760
30
-0.045444
11
0.098187
21
0.049136
31
-0.044979
12
0.097655
22
0.048886
32
-0.045991
0
3DFACE
62
163
10
0.098718
20
0.048863
30
-0.044949
11
0.098484
21
0.048760
31
-0.045444
12
0.099304
22
0.048910
32
-0.045026
0
3DFACE
62
163
10
0.098718
20
0.048863
30
-0.044949
11
0.098187
21
0.049136
31
-0.044979
12
0.098484
22
0.048760
32
-0.045444
0
3DFACE
62
163
10
0.098941
20
0.048948
30
-0.044402
11
0.099698
21
0.049052
31
-0.043937
12
0.099379
22
0.048995
32
-0.043706
0
3DFACE
62
163
10
0.098941
20
0.048948
30
-0.044402
11
0.098187
21
0.049136
31
-0.044979
12
0.098718
22
0.048863
32
-0.044949
0
3DFACE
62
163
10
0.098941
20
0.048948
30
-0.044402
11
0.099304
21
0.048910
31
-0.045026
12
0.099698
22
0.049052
32
-0.043937
0
3DFACE
62
163
10
0.098941
20
0.048948
30
-0.044402
11
0.098607
21
0.049283
31
-0.043901
12
0.098187
22
0.049136
32
-0.044979
0
3DFACE
62
163
10
0.098941
20
0.048948
30
-0.044402
11
0.098718
21
0.048863
31
-0.044949
12
0.099304
22
0.048910
32
-0.045026
0
3DFACE
62
163
10
0.098957
20
0.049072
30
-0.043786
11
0.098941
21
0.048948
31
-0.044402
12
0.099379
22
0.048995
32
-0.043706
0
3DFACE
62
163
10
0.098957
20
0.049072
30
-0.043786
11
0.098607
21
0.049283
31
-0.043901
12
0.098941
22
0.048948
32
-0.044402
0
3DFACE
62
163
10
0.098957
20
0.049072
30
-0.043786
11
0.098998
21
0.049082
31
-0.043649
12
0.098607
22
0.049283
32
-0.043901
0
3DFACE
62
163
10
0.098957
20
0.049072
30
-0.043786
11
0.099379
21
0.048995
31
-0.043706
12
0.098998
22
0.049082
32
-0.043649
0
3DFACE
62
163
10
0.099116
20
0.049101
30
-0.043224
11
0.098607
21
0.049283
31
-0.043901
12
0.098998
22
0.049082
32
-0.043649
0
3DFACE
62
163
10
0.099116
20
0.049101
30
-0.043224
11
0.098909
21
0.049324
31
-0.042781
12
0.098607
22
0.049283
32
-0.043901
0
3DFACE
62
163
10
0.099116
20
0.049101
30
-0.043224
11
0.098998
21
0.049082
31
-0.043649
12
0.099379
22
0.048995
32
-0.043706
0
3DFACE
62
163
10
0.099412
20
0.049041
30
-0.042776
11
0.098909
21
0.049324
31
-0.042781
12
0.099116
22
0.049101
32
-0.043224
0
3DFACE
62
163
10
0.099412
20
0.049041
30
-0.042776
11
0.099116
21
0.049101
31
-0.043224
12
0.099379
22
0.048995
32
-0.043706
0
3DFACE
62
163
10
0.099412
20
0.049041
30
-0.042776
11
0.099379
21
0.048995
31
-0.043706
12
0.099984
22
0.049093
32
-0.042809
0
3DFACE
62
163
10
0.099520
20
0.049019
30
-0.042189
11
0.099412
21
0.049041
31
-0.042776
12
0.099984
22
0.049093
32
-0.042809
0
3DFACE
62
163
10
0.099520
20
0.049019
30
-0.042189
11
0.098909
21
0.049324
31
-0.042781
12
0.099412
22
0.049041
32
-0.042776
0
3DFACE
62
163
10
0.099520
20
0.049019
30
-0.042189
11
0.099984
21
0.049093
31
-0.042809
12
0.100161
22
0.049029
32
-0.041652
0
3DFACE
62
163
10
0.099520
20
0.049019
30
-0.042189
11
0.099097
21
0.049253
31
-0.041629
12
0.098909
22
0.049324
32
-0.042781
0
3DFACE
62
163
10
0.099593
20
0.048973
30
-0.041639
11
0.099520
21
0.049019
31
-0.042189
12
0.100161
22
0.049029
32
-0.041652
0
3DFACE
62
163
10
0.099593
20
0.048973
30
-0.041639
11
0.099097
21
0.049253
31
-0.041629
12
0.099520
22
0.049019
32
-0.042189
0
3DFACE
62
163
10
0.099639
20
0.048901
30
-0.041089
11
0.099097
21
0.049253
31
-0.041629
12
0.099593
22
0.048973
32
-0.041639
0
3DFACE
62
163
10
0.099639
20
0.048901
30
-0.041089
11
0.100161
21
0.049029
31
-0.041652
12
0.100224
22
0.048859
32
-0.040495
0
3DFACE
62
163
10
0.099639
20
0.048901
30
-0.041089
11
0.099593
21
0.048973
31
-0.041639
12
0.100161
22
0.049029
32
-0.041652
0
3DFACE
62
163
10
0.099639
20
0.048901
30
-0.041089
11
0.099163
21
0.049069
31
-0.040478
12
0.099097
22
0.049253
32
-0.041629
0
3DFACE
62
163
10
0.099659
20
0.048797
30
-0.040503
11
0.099639
21
0.048901
31
-0.041089
12
0.100224
22
0.048859
32
-0.040495
0
3DFACE
62
163
10
0.099659
20
0.048797
30
-0.040503
11
0.099463
21
0.048748
31
-0.040023
12
0.099163
22
0.049069
32
-0.040478
0
3DFACE
62
163
10
0.099659
20
0.048797
30
-0.040503
11
0.099163
21
0.049069
31
-0.040478
12
0.099639
22
0.048901
32
-0.041089
0
3DFACE
62
163
10
0.099854
20
0.048727
30
-0.040256
11
0.099846
21
0.048663
31
-0.039980
12
0.099463
22
0.048748
32
-0.040023
0
3DFACE
62
163
10
0.099854
20
0.048727
30
-0.040256
11
0.100224
21
0.048859
31
-0.040495
12
0.099846
22
0.048663
32
-0.039980
0
3DFACE
62
163
10
0.099854
20
0.048727
30
-0.040256
11
0.099659
21
0.048797
31
-0.040503
12
0.100224
22
0.048859
32
-0.040495
0
3DFACE
62
163
10
0.099854
20
0.048727
30
-0.040256
11
0.099463
21
0.048748
31
-0.040023
12
0.099659
22
0.048797
32
-0.040503
0
3DFACE
62
163
10
0.099832
20
0.048595
30
-0.039713
11
0.099463
21
0.048748
31
-0.040023
12
0.099846
22
0.048663
32
-0.039980
0
3DFACE
62
163
10
0.099832
20
0.048595
30
-0.039713
11
0.099846
21
0.048663
31
-0.039980
12
0.100175
22
0.048589
32
-0.039365
0
3DFACE
62
163
10
0.099610
20
0.048519
30
-0.039395
11
0.099109
21
0.048778
31
-0.039356
12
0.099463
22
0.048748
32
-0.040023
0
3DFACE
62
163
10
0.099610
20
0.048519
30
-0.039395
11
0.099463
21
0.048748
31
-0.040023
12
0.099832
22
0.048595
32
-0.039713
0
3DFACE
62
163
10
0.099610
20
0.048519
30
-0.039395
11
0.099832
21
0.048595
31
-0.039713
12
0.100175
22
0.048589
32
-0.039365
0
3DFACE
62
163
10
0.099547
20
0.048346
30
-0.038871
11
0.099109
21
0.048778
31
-0.039356
12
0.099610
22
0.048519
32
-0.039395
0
3DFACE
62
163
10
0.099547
20
0.048346
30
-0.038871
11
0.099610
21
0.048519
31
-0.039395
12
0.100175
22
0.048589
32
-0.039365
0
3DFACE
62
163
10
0.099547
20
0.048346
30
-0.038871
11
0.100175
21
0.048589
31
-0.039365
12
0.100019
22
0.048215
32
-0.038268
0
3DFACE
62
163
10
0.099547
20
0.048346
30
-0.038871
11
0.098941
21
0.048375
31
-0.038272
12
0.099109
22
0.048778
32
-0.039356
0
3DFACE
62
163
10
0.099452
20
0.048134
30
-0.038321
11
0.099547
21
0.048346
31
-0.038871
12
0.100019
22
0.048215
32
-0.038268
0
3DFACE
62
163
10
0.099452
20
0.048134
30
-0.038321
11
0.098941
21
0.048375
31
-0.038272
12
0.099547
22
0.048346
32
-0.038871
0
3DFACE
62
163
10
0.099337
20
0.047912
30
-0.037823
11
0.098941
21
0.048375
31
-0.038272
12
0.099452
22
0.048134
32
-0.038321
0
3DFACE
62
163
10
0.099337
20
0.047912
30
-0.037823
11
0.100019
21
0.048215
31
-0.038268
12
0.099758
22
0.047741
32
-0.037227
0
3DFACE
62
163
10
0.099337
20
0.047912
30
-0.037823
11
0.099452
21
0.048134
31
-0.038321
12
0.100019
22
0.048215
32
-0.038268
0
3DFACE
62
163
10
0.099337
20
0.047912
30
-0.037823
11
0.098662
21
0.047870
31
-0.037256
12
0.098941
22
0.048375
32
-0.038272
0
3DFACE
62
163
10
0.099188
20
0.047650
30
-0.037308
11
0.099337
21
0.047912
31
-0.037823
12
0.099758
22
0.047741
32
-0.037227
0
3DFACE
62
163
10
0.099188
20
0.047650
30
-0.037308
11
0.098662
21
0.047870
31
-0.037256
12
0.099337
22
0.047912
32
-0.037823
0
3DFACE
62
163
10
0.099188
20
0.047650
30
-0.037308
11
0.099758
21
0.047741
31
-0.037227
12
0.099123
22
0.047221
32
-0.036572
0
3DFACE
62
163
10
0.098869
20
0.047491
30
-0.036958
11
0.098770
21
0.047334
31
-0.036708
12
0.098662
22
0.047870
32
-0.037256
0
3DFACE
62
163
10
0.098869
20
0.047491
30
-0.036958
11
0.099123
21
0.047221
31
-0.036572
12
0.098770
22
0.047334
32
-0.036708
0
3DFACE
62
163
10
0.098869
20
0.047491
30
-0.036958
11
0.098662
21
0.047870
31
-0.037256
12
0.099188
22
0.047650
32
-0.037308
0
3DFACE
62
163
10
0.098869
20
0.047491
30
-0.036958
11
0.099188
21
0.047650
31
-0.037308
12
0.099123
22
0.047221
32
-0.036572
0
3DFACE
62
163
10
0.098677
20
0.047191
30
-0.036494
11
0.098283
21
0.047275
31
-0.036335
12
0.098770
22
0.047334
32
-0.036708
0
3DFACE
62
163
10
0.098677
20
0.047191
30
-0.036494
11
0.098770
21
0.047334
31
-0.036708
12
0.099123
22
0.047221
32
-0.036572
0
3DFACE
62
163
10
0.098621
20
0.046775
30
-0.035971
11
0.098677
21
0.047191
31
-0.036494
12
0.099123
22
0.047221
32
-0.036572
0
3DFACE
62
163
10
0.098621
20
0.046775
30
-0.035971
11
0.099400
21
0.047183
31
-0.036270
12
0.098953
22
0.046539
32
-0.035405
0
3DFACE
62
163
10
0.098621
20
0.046775
30
-0.035971
11
0.099123
21
0.047221
31
-0.036572
12
0.099400
22
0.047183
32
-0.036270
0
3DFACE
62
163
10
0.098621
20
0.046775
30
-0.035971
11
0.098283
21
0.047275
31
-0.036335
12
0.098677
22
0.047191
32
-0.036494
0
3DFACE
62
163
10
0.098621
20
0.046775
30
-0.035971
11
0.097812
21
0.046590
31
-0.035515
12
0.098283
22
0.047275
32
-0.036335
0
3DFACE
62
163
10
0.098377
20
0.046424
30
-0.035554
11
0.098621
21
0.046775
31
-0.035971
12
0.098953
22
0.046539
32
-0.035405
0
3DFACE
62
163
10
0.098377
20
0.046424
30
-0.035554
11
0.097812
21
0.046590
31
-0.035515
12
0.098621
22
0.046775
32
-0.035971
0
3DFACE
62
163
10
0.098131
20
0.046079
30
-0.035192
11
0.098953
21
0.046539
31
-0.035405
12
0.098426
22
0.045817
32
-0.034646
0
3DFACE
62
163
10
0.098131
20
0.046079
30
-0.035192
11
0.098377
21
0.046424
31
-0.035554
12
0.098953
22
0.046539
32
-0.035405
0
3DFACE
62
163
10
0.098131
20
0.046079
30
-0.035192
11
0.097812
21
0.046590
31
-0.035515
12
0.098377
22
0.046424
32
-0.035554
0
3DFACE
62
163
10
0.098131
20
0.046079
30
-0.035192
11
0.097261
21
0.045830
31
-0.034818
12
0.097812
22
0.046590
32
-0.035515
0
3DFACE
62
163
10
0.097847
20
0.045692
30
-0.034836
11
0.098426
21
0.045817
31
-0.034646
12
0.097832
22
0.045036
32
-0.034012
0
3DFACE
62
163
10
0.097847
20
0.045692
30
-0.034836
11
0.097261
21
0.045830
31
-0.034818
12
0.098131
22
0.046079
32
-0.035192
0
3DFACE
62
163
10
0.097847
20
0.045692
30
-0.034836
11
0.098131
21
0.046079
31
-0.035192
12
0.098426
22
0.045817
32
-0.034646
0
3DFACE
62
163
10
0.097341
20
0.045315
30
-0.034548
11
0.097428
21
0.044873
31
-0.034159
12
0.097131
22
0.045038
32
-0.034360
0
3DFACE
62
163
10
0.097341
20
0.045315
30
-0.034548
11
0.096648
21
0.045017
31
-0.034263
12
0.097261
22
0.045830
32
-0.034818
0
3DFACE
62
163
10
0.097341
20
0.045315
30
-0.034548
11
0.097131
21
0.045038
31
-0.034360
12
0.096648
22
0.045017
32
-0.034263
0
3DFACE
62
163
10
0.097568
20
0.045318
30
-0.034536
11
0.097847
21
0.045692
31
-0.034836
12
0.097832
22
0.045036
32
-0.034012
0
3DFACE
62
163
10
0.097568
20
0.045318
30
-0.034536
11
0.097261
21
0.045830
31
-0.034818
12
0.097847
22
0.045692
32
-0.034836
0
3DFACE
62
163
10
0.097568
20
0.045318
30
-0.034536
11
0.097341
21
0.045315
31
-0.034548
12
0.097261
22
0.045830
32
-0.034818
0
3DFACE
62
163
10
0.097568
20
0.045318
30
-0.034536
11
0.097428
21
0.044873
31
-0.034159
12
0.097341
22
0.045315
32
-0.034548
0
3DFACE
62
163
10
0.097568
20
0.045318
30
-0.034536
11
0.097832
21
0.045036
31
-0.034012
12
0.097428
22
0.044873
32
-0.034159
0
3DFACE
62
163
10
0.096949
20
0.044508
30
-0.034018
11
0.096648
21
0.045017
31
-0.034263
12
0.097131
22
0.045038
32
-0.034360
0
3DFACE
62
163
10
0.097199
20
0.044575
30
-0.033977
11
0.097131
21
0.045038
31
-0.034360
12
0.097428
22
0.044873
32
-0.034159
0
3DFACE
62
163
10
0.097199
20
0.044575
30
-0.033977
11
0.097832
21
0.045036
31
-0.034012
12
0.097185
22
0.044207
32
-0.033514
0
3DFACE
62
163
10
0.097199
20
0.044575
30
-0.033977
11
0.096949
21
0.044508
31
-0.034018
12
0.097131
22
0.045038
32
-0.034360
0
3DFACE
62
163
10
0.097199
20
0.044575
30
-0.033977
11
0.097428
21
0.044873
31
-0.034159
12
0.097832
22
0.045036
32
-0.034012
0
3DFACE
62
163
10
0.097199
20
0.044575
30
-0.033977
11
0.097185
21
0.044207
31
-0.033514
12
0.096949
22
0.044508
32
-0.034018
0
3DFACE
62
163
10
0.096609
20
0.044068
30
-0.033804
11
0.097185
21
0.044207
31
-0.033514
12
0.096493
22
0.043332
32
-0.033155
0
3DFACE
62
163
10
0.096609
20
0.044068
30
-0.033804
11
0.095981
21
0.044150
31
-0.033854
12
0.096648
22
0.045017
32
-0.034263
0
3DFACE
62
163
10
0.096609
20
0.044068
30
-0.033804
11
0.096648
21
0.045017
31
-0.034263
12
0.096949
22
0.044508
32
-0.034018
0
3DFACE
62
163
10
0.096609
20
0.044068
30
-0.033804
11
0.096949
21
0.044508
31
-0.034018
12
0.097185
22
0.044207
32
-0.033514
0
3DFACE
62
163
10
0.096282
20
0.043648
30
-0.033640
11
0.096609
21
0.044068
31
-0.033804
12
0.096493
22
0.043332
32
-0.033155
0
3DFACE
62
163
10
0.096282
20
0.043648
30
-0.033640
11
0.095981
21
0.044150
31
-0.033854
12
0.096609
22
0.044068
32
-0.033804
0
3DFACE
62
163
10
0.095924
20
0.043190
30
-0.033504
11
0.096282
21
0.043648
31
-0.033640
12
0.096493
22
0.043332
32
-0.033155
0
3DFACE
62
163
10
0.095924
20
0.043190
30
-0.033504
11
0.096493
21
0.043332
31
-0.033155
12
0.095774
22
0.042432
32
-0.032947
0
3DFACE
62
163
10
0.095924
20
0.043190
30
-0.033504
11
0.095279
21
0.043249
31
-0.033603
12
0.095981
22
0.044150
32
-0.033854
0
3DFACE
62
163
10
0.095924
20
0.043190
30
-0.033504
11
0.095981
21
0.044150
31
-0.033854
12
0.096282
22
0.043648
32
-0.033640
0
3DFACE
62
163
10
0.095584
20
0.042759
30
-0.033414
11
0.094948
21
0.042233
31
-0.033443
12
0.095279
22
0.043249
32
-0.033603
0
3DFACE
62
163
10
0.095584
20
0.042759
30
-0.033414
11
0.095924
21
0.043190
31
-0.033504
12
0.095774
22
0.042432
32
-0.032947
0
3DFACE
62
163
10
0.095584
20
0.042759
30
-0.033414
11
0.095279
21
0.043249
31
-0.033603
12
0.095924
22
0.043190
32
-0.033504
0
3DFACE
62
163
10
0.095393
20
0.042276
30
-0.033235
11
0.095584
21
0.042759
31
-0.033414
12
0.095774
22
0.042432
32
-0.032947
0
3DFACE
62
163
10
0.095393
20
0.042276
30
-0.033235
11
0.095174
21
0.042001
31
-0.033217
12
0.094948
22
0.042233
32
-0.033443
0
3DFACE
62
163
10
0.095393
20
0.042276
30
-0.033235
11
0.095774
21
0.042432
31
-0.032947
12
0.095174
22
0.042001
32
-0.033217
0
3DFACE
62
163
10
0.095393
20
0.042276
30
-0.033235
11
0.094948
21
0.042233
31
-0.033443
12
0.095584
22
0.042759
32
-0.033414
0
3DFACE
62
163
10
0.094875
20
0.041864
30
-0.033343
11
0.094563
21
0.042339
31
-0.033515
12
0.094948
22
0.042233
32
-0.033443
0
3DFACE
62
163
10
0.094875
20
0.041864
30
-0.033343
11
0.094948
21
0.042233
31
-0.033443
12
0.095174
22
0.042001
32
-0.033217
0
3DFACE
62
163
10
0.095044
20
0.041839
30
-0.033213
11
0.094875
21
0.041864
31
-0.033343
12
0.095174
22
0.042001
32
-0.033217
0
3DFACE
62
163
10
0.095044
20
0.041839
30
-0.033213
11
0.095045
21
0.041527
31
-0.032891
12
0.094875
22
0.041864
32
-0.033343
0
3DFACE
62
163
10
0.095044
20
0.041839
30
-0.033213
11
0.095174
21
0.042001
31
-0.033217
12
0.095045
22
0.041527
32
-0.032891
0
3DFACE
62
163
10
0.094506
20
0.041399
30
-0.033368
11
0.094875
21
0.041864
31
-0.033343
12
0.095045
22
0.041527
32
-0.032891
0
3DFACE
62
163
10
0.094506
20
0.041399
30
-0.033368
11
0.094563
21
0.042339
31
-0.033515
12
0.094875
22
0.041864
32
-0.033343
0
3DFACE
62
163
10
0.094506
20
0.041399
30
-0.033368
11
0.095045
21
0.041527
31
-0.032891
12
0.094315
22
0.040619
32
-0.032989
0
3DFACE
62
163
10
0.094506
20
0.041399
30
-0.033368
11
0.093845
21
0.041425
31
-0.033591
12
0.094563
22
0.042339
32
-0.033515
0
3DFACE
62
163
10
0.094164
20
0.040965
30
-0.033429
11
0.094506
21
0.041399
31
-0.033368
12
0.094315
22
0.040619
32
-0.032989
0
3DFACE
62
163
10
0.094164
20
0.040965
30
-0.033429
11
0.093845
21
0.041425
31
-0.033591
12
0.094506
22
0.041399
32
-0.033368
0
3DFACE
62
163
10
0.093800
20
0.040502
30
-0.033535
11
0.094164
21
0.040965
31
-0.033429
12
0.094315
22
0.040619
32
-0.032989
0
3DFACE
62
163
10
0.093800
20
0.040502
30
-0.033535
11
0.093845
21
0.041425
31
-0.033591
12
0.094164
22
0.040965
32
-0.033429
0
3DFACE
62
163
10
0.093800
20
0.040502
30
-0.033535
11
0.094315
21
0.040619
31
-0.032989
12
0.093601
22
0.039723
32
-0.033240
0
3DFACE
62
163
10
0.093800
20
0.040502
30
-0.033535
11
0.093141
21
0.040521
31
-0.033831
12
0.093845
22
0.041425
32
-0.033591
0
3DFACE
62
163
10
0.093468
20
0.040077
30
-0.033671
11
0.093141
21
0.040521
31
-0.033831
12
0.093800
22
0.040502
32
-0.033535
0
3DFACE
62
163
10
0.093468
20
0.040077
30
-0.033671
11
0.093800
21
0.040502
31
-0.033535
12
0.093601
22
0.039723
32
-0.033240
0
3DFACE
62
163
10
0.093202
20
0.039506
30
-0.033725
11
0.093468
21
0.040077
31
-0.033671
12
0.093601
22
0.039723
32
-0.033240
0
3DFACE
62
163
10
0.093202
20
0.039506
30
-0.033725
11
0.092881
21
0.039095
31
-0.033934
12
0.092728
22
0.039395
32
-0.034141
0
3DFACE
62
163
10
0.093202
20
0.039506
30
-0.033725
11
0.092922
21
0.038863
31
-0.033637
12
0.092881
22
0.039095
32
-0.033934
0
3DFACE
62
163
10
0.093202
20
0.039506
30
-0.033725
11
0.093601
21
0.039723
31
-0.033240
12
0.092922
22
0.038863
32
-0.033637
0
3DFACE
62
163
10
0.092573
20
0.038696
30
-0.034175
11
0.092881
21
0.039095
31
-0.033934
12
0.092922
22
0.038863
32
-0.033637
0
3DFACE
62
163
10
0.092573
20
0.038696
30
-0.034175
11
0.092922
21
0.038863
31
-0.033637
12
0.092288
22
0.038045
32
-0.034174
0
3DFACE
62
163
10
0.092191
20
0.038418
30
-0.034594
11
0.092573
21
0.038696
31
-0.034175
12
0.092288
22
0.038045
32
-0.034174
0
3DFACE
62
163
10
0.091914
20
0.038044
30
-0.034901
11
0.092191
21
0.038418
31
-0.034594
12
0.092288
22
0.038045
32
-0.034174
0
3DFACE
62
163
10
0.091914
20
0.038044
30
-0.034901
11
0.091854
21
0.038835
31
-0.034773
12
0.092191
22
0.038418
32
-0.034594
0
3DFACE
62
163
10
0.091914
20
0.038044
30
-0.034901
11
0.092288
21
0.038045
31
-0.034174
12
0.091710
22
0.037276
32
-0.034846
0
3DFACE
62
163
10
0.091914
20
0.038044
30
-0.034901
11
0.091298
21
0.038069
31
-0.035461
12
0.091854
22
0.038835
32
-0.034773
0
3DFACE
62
163
10
0.091635
20
0.037660
30
-0.035263
11
0.091298
21
0.038069
31
-0.035461
12
0.091914
22
0.038044
32
-0.034901
0
3DFACE
62
163
10
0.091635
20
0.037660
30
-0.035263
11
0.091914
21
0.038044
31
-0.034901
12
0.091710
22
0.037276
32
-0.034846
0
3DFACE
62
163
10
0.091392
20
0.037319
30
-0.035630
11
0.091298
21
0.038069
31
-0.035461
12
0.091635
22
0.037660
32
-0.035263
0
3DFACE
62
163
10
0.091392
20
0.037319
30
-0.035630
11
0.091635
21
0.037660
31
-0.035263
12
0.091710
22
0.037276
32
-0.034846
0
3DFACE
62
163
10
0.091392
20
0.037319
30
-0.035630
11
0.090987
21
0.037003
31
-0.036313
12
0.090821
22
0.037381
32
-0.036270
0
3DFACE
62
163
10
0.091392
20
0.037319
30
-0.035630
11
0.091710
21
0.037276
31
-0.034846
12
0.091205
22
0.036577
32
-0.035635
0
3DFACE
62
163
10
0.091392
20
0.037319
30
-0.035630
11
0.090821
21
0.037381
31
-0.036270
12
0.091298
22
0.038069
32
-0.035461
0
3DFACE
62
163
10
0.091160
20
0.036764
30
-0.036010
11
0.091392
21
0.037319
31
-0.035630
12
0.091205
22
0.036577
32
-0.035635
0
3DFACE
62
163
10
0.091160
20
0.036764
30
-0.036010
11
0.090987
21
0.037003
31
-0.036313
12
0.091392
22
0.037319
32
-0.035630
0
3DFACE
62
163
10
0.091160
20
0.036764
30
-0.036010
11
0.091205
21
0.036577
31
-0.035635
12
0.091081
22
0.036648
32
-0.036167
0
3DFACE
62
163
10
0.091160
20
0.036764
30
-0.036010
11
0.091081
21
0.036648
31
-0.036167
12
0.090987
22
0.037003
32
-0.036313
0
3DFACE
62
163
10
0.090957
20
0.036462
30
-0.036435
11
0.091081
21
0.036648
31
-0.036167
12
0.090783
22
0.035959
32
-0.036525
0
3DFACE
62
163
10
0.090957
20
0.036462
30
-0.036435
11
0.090987
21
0.037003
31
-0.036313
12
0.091081
22
0.036648
32
-0.036167
0
3DFACE
62
163
10
0.090757
20
0.036372
30
-0.036939
11
0.090987
21
0.037003
31
-0.036313
12
0.090957
22
0.036462
32
-0.036435
0
3DFACE
62
163
10
0.090757
20
0.036372
30
-0.036939
11
0.090957
21
0.036462
31
-0.036435
12
0.090783
22
0.035959
32
-0.036525
0
3DFACE
62
163
10
0.090757
20
0.036372
30
-0.036939
11
0.090435
21
0.036779
31
-0.037186
12
0.090987
22
0.037003
32
-0.036313
0
3DFACE
62
163
10
0.090599
20
0.036110
30
-0.037403
11
0.090435
21
0.036779
31
-0.037186
12
0.090757
22
0.036372
32
-0.036939
0
3DFACE
62
163
10
0.090599
20
0.036110
30
-0.037403
11
0.090757
21
0.036372
31
-0.036939
12
0.090783
22
0.035959
32
-0.036525
0
3DFACE
62
163
10
0.090599
20
0.036110
30
-0.037403
11
0.090783
21
0.035959
31
-0.036525
12
0.090450
22
0.035420
32
-0.037510
0
3DFACE
62
163
10
0.090599
20
0.036110
30
-0.037403
11
0.090149
21
0.036265
31
-0.038197
12
0.090435
22
0.036779
32
-0.037186
0
3DFACE
62
163
10
0.090454
20
0.035852
30
-0.037923
11
0.090599
21
0.036110
31
-0.037403
12
0.090450
22
0.035420
32
-0.037510
0
3DFACE
62
163
10
0.090454
20
0.035852
30
-0.037923
11
0.090149
21
0.036265
31
-0.038197
12
0.090599
22
0.036110
32
-0.037403
0
3DFACE
62
163
10
0.090345
20
0.035635
30
-0.038423
11
0.090454
21
0.035852
31
-0.037923
12
0.090450
22
0.035420
32
-0.037510
0
3DFACE
62
163
10
0.090345
20
0.035635
30
-0.038423
11
0.090149
21
0.036265
31
-0.038197
12
0.090454
22
0.035852
32
-0.037923
0
3DFACE
62
163
10
0.090345
20
0.035635
30
-0.038423
11
0.090450
21
0.035420
31
-0.037510
12
0.090218
22
0.034973
32
-0.038569
0
3DFACE
62
163
10
0.090345
20
0.035635
30
-0.038423
11
0.089972
21
0.035856
31
-0.039275
12
0.090149
22
0.036265
32
-0.038197
0
3DFACE
62
163
10
0.090255
20
0.035429
30
-0.038975
11
0.090145
21
0.035450
31
-0.039531
12
0.089972
22
0.035856
32
-0.039275
0
3DFACE
62
163
10
0.090255
20
0.035429
30
-0.038975
11
0.089972
21
0.035856
31
-0.039275
12
0.090345
22
0.035635
32
-0.038423
0
3DFACE
62
163
10
0.090255
20
0.035429
30
-0.038975
11
0.090345
21
0.035635
31
-0.038423
12
0.090218
22
0.034973
32
-0.038569
0
3DFACE
62
163
10
0.090248
20
0.035187
30
-0.039075
11
0.090255
21
0.035429
31
-0.038975
12
0.090218
22
0.034973
32
-0.038569
0
3DFACE
62
163
10
0.090248
20
0.035187
30
-0.039075
11
0.090218
21
0.034973
31
-0.038569
12
0.090091
22
0.034630
32
-0.039673
0
3DFACE
62
163
10
0.090248
20
0.035187
30
-0.039075
11
0.090091
21
0.034630
31
-0.039673
12
0.090206
22
0.035064
32
-0.039474
0
3DFACE
62
163
10
0.090248
20
0.035187
30
-0.039075
11
0.090206
21
0.035064
31
-0.039474
12
0.090145
22
0.035450
32
-0.039531
0
3DFACE
62
163
10
0.090248
20
0.035187
30
-0.039075
11
0.090145
21
0.035450
31
-0.039531
12
0.090255
22
0.035429
32
-0.038975
0
3DFACE
62
163
10
0.090118
20
0.035335
30
-0.039954
11
0.089972
21
0.035856
31
-0.039275
12
0.090145
22
0.035450
32
-0.039531
0
3DFACE
62
163
10
0.090118
20
0.035335
30
-0.039954
11
0.090145
21
0.035450
31
-0.039531
12
0.090206
22
0.035064
32
-0.039474
0
3DFACE
62
163
10
0.090118
20
0.035335
30
-0.039954
11
0.089910
21
0.035557
31
-0.040394
12
0.089972
22
0.035856
32
-0.039275
0
3DFACE
62
163
10
0.090163
20
0.035110
30
-0.040069
11
0.089910
21
0.035557
31
-0.040394
12
0.090118
22
0.035335
32
-0.039954
0
3DFACE
62
163
10
0.090163
20
0.035110
30
-0.040069
11
0.090118
21
0.035335
31
-0.039954
12
0.090206
22
0.035064
32
-0.039474
0
3DFACE
62
163
10
0.090163
20
0.035110
30
-0.040069
11
0.090091
21
0.034630
31
-0.039673
12
0.090073
22
0.034386
32
-0.040815
0
3DFACE
62
163
10
0.090163
20
0.035110
30
-0.040069
11
0.090206
21
0.035064
31
-0.039474
12
0.090091
22
0.034630
32
-0.039673
0
3DFACE
62
163
10
0.090159
20
0.034993
30
-0.040612
11
0.089910
21
0.035557
31
-0.040394
12
0.090163
22
0.035110
32
-0.040069
0
3DFACE
62
163
10
0.090159
20
0.034993
30
-0.040612
11
0.090163
21
0.035110
31
-0.040069
12
0.090073
22
0.034386
32
-0.040815
0
3DFACE
62
163
10
0.090184
20
0.034894
30
-0.041200
11
0.089910
21
0.035557
31
-0.040394
12
0.090159
22
0.034993
32
-0.040612
0
3DFACE
62
163
10
0.090184
20
0.034894
30
-0.041200
11
0.090159
21
0.034993
31
-0.040612
12
0.090073
22
0.034386
32
-0.040815
0
3DFACE
62
163
10
0.090184
20
0.034894
30
-0.041200
11
0.090073
21
0.034386
31
-0.040815
12
0.090169
22
0.034245
32
-0.041976
0
3DFACE
62
163
10
0.090184
20
0.034894
30
-0.041200
11
0.089968
21
0.035364
31
-0.041547
12
0.089910
22
0.035557
32
-0.040394
0
3DFACE
62
163
10
0.090236
20
0.034827
30
-0.041751
11
0.090184
21
0.034894
31
-0.041200
12
0.090169
22
0.034245
32
-0.041976
0
3DFACE
62
163
10
0.090236
20
0.034827
30
-0.041751
11
0.089968
21
0.035364
31
-0.041547
12
0.090184
22
0.034894
32
-0.041200
0
3DFACE
62
163
10
0.090321
20
0.034783
30
-0.042340
11
0.090146
21
0.035285
31
-0.042698
12
0.089968
22
0.035364
32
-0.041547
0
3DFACE
62
163
10
0.090321
20
0.034783
30
-0.042340
11
0.089968
21
0.035364
31
-0.041547
12
0.090236
22
0.034827
32
-0.041751
0
3DFACE
62
163
10
0.090321
20
0.034783
30
-0.042340
11
0.090236
21
0.034827
31
-0.041751
12
0.090169
22
0.034245
32
-0.041976
0
3DFACE
62
163
10
0.090321
20
0.034783
30
-0.042340
11
0.090375
21
0.034211
31
-0.043124
12
0.090504
22
0.034575
32
-0.043200
0
3DFACE
62
163
10
0.090321
20
0.034783
30
-0.042340
11
0.090169
21
0.034245
31
-0.041976
12
0.090375
22
0.034211
32
-0.043124
0
3DFACE
62
163
10
0.090393
20
0.034961
30
-0.042933
11
0.090446
21
0.034963
31
-0.043157
12
0.090146
22
0.035285
32
-0.042698
0
3DFACE
62
163
10
0.090393
20
0.034961
30
-0.042933
11
0.090504
21
0.034575
31
-0.043200
12
0.090446
22
0.034963
32
-0.043157
0
3DFACE
62
163
10
0.090393
20
0.034961
30
-0.042933
11
0.090146
21
0.035285
31
-0.042698
12
0.090321
22
0.034783
32
-0.042340
0
3DFACE
62
163
10
0.090393
20
0.034961
30
-0.042933
11
0.090321
21
0.034783
31
-0.042340
12
0.090504
22
0.034575
32
-0.043200
0
3DFACE
62
163
10
0.090537
20
0.034976
30
-0.043500
11
0.090439
21
0.035319
31
-0.043819
12
0.090446
22
0.034963
32
-0.043157
0
3DFACE
62
163
10
0.090537
20
0.034976
30
-0.043500
11
0.090446
21
0.034963
31
-0.043157
12
0.090504
22
0.034575
32
-0.043200
0
3DFACE
62
163
10
0.090729
20
0.034818
30
-0.043986
11
0.090439
21
0.035319
31
-0.043819
12
0.090537
22
0.034976
32
-0.043500
0
3DFACE
62
163
10
0.090729
20
0.034818
30
-0.043986
11
0.090537
21
0.034976
31
-0.043500
12
0.090504
22
0.034575
32
-0.043200
0
3DFACE
62
163
10
0.090729
20
0.034818
30
-0.043986
11
0.090504
21
0.034575
31
-0.043200
12
0.090690
22
0.034280
32
-0.044242
0
3DFACE
62
163
10
0.090930
20
0.034883
30
-0.044544
11
0.090853
21
0.035458
31
-0.044904
12
0.090439
22
0.035319
32
-0.043819
0
3DFACE
62
163
10
0.090930
20
0.034883
30
-0.044544
11
0.090439
21
0.035319
31
-0.043819
12
0.090729
22
0.034818
32
-0.043986
0
3DFACE
62
163
10
0.090930
20
0.034883
30
-0.044544
11
0.090690
21
0.034280
31
-0.044242
12
0.091117
22
0.034449
32
-0.045322
0
3DFACE
62
163
10
0.090930
20
0.034883
30
-0.044544
11
0.090729
21
0.034818
31
-0.043986
12
0.090690
22
0.034280
32
-0.044242
0
3DFACE
62
163
10
0.091144
20
0.034967
30
-0.045051
11
0.090853
21
0.035458
31
-0.044904
12
0.090930
22
0.034883
32
-0.044544
0
3DFACE
62
163
10
0.091144
20
0.034967
30
-0.045051
11
0.090930
21
0.034883
31
-0.044544
12
0.091117
22
0.034449
32
-0.045322
0
3DFACE
62
163
10
0.091401
20
0.035084
30
-0.045578
11
0.091376
21
0.035701
31
-0.045920
12
0.090853
22
0.035458
32
-0.044904
0
3DFACE
62
163
10
0.091401
20
0.035084
30
-0.045578
11
0.090853
21
0.035458
31
-0.044904
12
0.091144
22
0.034967
32
-0.045051
0
3DFACE
62
163
10
0.091401
20
0.035084
30
-0.045578
11
0.091117
21
0.034449
31
-0.045322
12
0.091644
22
0.034712
32
-0.046333
0
3DFACE
62
163
10
0.091401
20
0.035084
30
-0.045578
11
0.091144
21
0.034967
31
-0.045051
12
0.091117
22
0.034449
32
-0.045322
0
3DFACE
62
163
10
0.091663
20
0.035214
30
-0.046049
11
0.091644
21
0.034712
31
-0.046333
12
0.091993
22
0.035197
32
-0.046608
0
3DFACE
62
163
10
0.091663
20
0.035214
30
-0.046049
11
0.091376
21
0.035701
31
-0.045920
12
0.091401
22
0.035084
32
-0.045578
0
3DFACE
62
163
10
0.091663
20
0.035214
30
-0.046049
11
0.091401
21
0.035084
31
-0.045578
12
0.091644
22
0.034712
32
-0.046333
0
3DFACE
62
163
10
0.091741
20
0.035468
30
-0.046220
11
0.091663
21
0.035214
31
-0.046049
12
0.091993
22
0.035197
32
-0.046608
0
3DFACE
62
163
10
0.091741
20
0.035468
30
-0.046220
11
0.091905
21
0.035557
31
-0.046472
12
0.091376
22
0.035701
32
-0.045920
0
3DFACE
62
163
10
0.091741
20
0.035468
30
-0.046220
11
0.091993
21
0.035197
31
-0.046608
12
0.091905
22
0.035557
32
-0.046472
0
3DFACE
62
163
10
0.091741
20
0.035468
30
-0.046220
11
0.091376
21
0.035701
31
-0.045920
12
0.091663
22
0.035214
32
-0.046049
0
3DFACE
62
163
10
0.092146
20
0.035284
30
-0.046828
11
0.091905
21
0.035557
31
-0.046472
12
0.091993
22
0.035197
32
-0.046608
0
3DFACE
62
163
10
0.092146
20
0.035284
30
-0.046828
11
0.091993
21
0.035197
31
-0.046608
12
0.092261
22
0.035063
32
-0.047254
0
3DFACE
62
163
10
0.092273
20
0.035551
30
-0.046956
11
0.091994
21
0.036037
31
-0.046842
12
0.091905
22
0.035557
32
-0.046472
0
3DFACE
62
163
10
0.092273
20
0.035551
30
-0.046956
11
0.091905
21
0.035557
31
-0.046472
12
0.092146
22
0.035284
32
-0.046828
0
3DFACE
62
163
10
0.092273
20
0.035551
30
-0.046956
11
0.092146
21
0.035284
31
-0.046828
12
0.092261
22
0.035063
32
-0.047254
0
3DFACE
62
163
10
0.092601
20
0.035743
30
-0.047361
11
0.092710
21
0.036459
31
-0.047663
12
0.091994
22
0.036037
32
-0.046842
0
3DFACE
62
163
10
0.092601
20
0.035743
30
-0.047361
11
0.092273
21
0.035551
31
-0.046956
12
0.092261
22
0.035063
32
-0.047254
0
3DFACE
62
163
10
0.092601
20
0.035743
30
-0.047361
11
0.091994
21
0.036037
31
-0.046842
12
0.092273
22
0.035551
32
-0.046956
0
3DFACE
62
163
10
0.092601
20
0.035743
30
-0.047361
11
0.092261
21
0.035063
31
-0.047254
12
0.092968
22
0.035494
32
-0.048081
0
3DFACE
62
163
10
0.092975
20
0.035969
30
-0.047767
11
0.092710
21
0.036459
31
-0.047663
12
0.092601
22
0.035743
32
-0.047361
0
3DFACE
62
163
10
0.092975
20
0.035969
30
-0.047767
11
0.092601
21
0.035743
31
-0.047361
12
0.092968
22
0.035494
32
-0.048081
0
3DFACE
62
163
10
0.093343
20
0.036197
30
-0.048118
11
0.093506
21
0.036956
31
-0.048360
12
0.092710
22
0.036459
32
-0.047663
0
3DFACE
62
163
10
0.093343
20
0.036197
30
-0.048118
11
0.092975
21
0.035969
31
-0.047767
12
0.092968
22
0.035494
32
-0.048081
0
3DFACE
62
163
10
0.093343
20
0.036197
30
-0.048118
11
0.092710
21
0.036459
31
-0.047663
12
0.092975
22
0.035969
32
-0.047767
0
3DFACE
62
163
10
0.093343
20
0.036197
30
-0.048118
11
0.092968
21
0.035494
31
-0.048081
12
0.093752
22
0.035996
32
-0.048794
0
3DFACE
62
163
10
0.093755
20
0.036459
30
-0.048462
11
0.093506
21
0.036956
31
-0.048360
12
0.093343
22
0.036197
32
-0.048118
0
3DFACE
62
163
10
0.093755
20
0.036459
30
-0.048462
11
0.093343
21
0.036197
31
-0.048118
12
0.093752
22
0.035996
32
-0.048794
0
3DFACE
62
163
10
0.093755
20
0.036459
30
-0.048462
11
0.093752
21
0.035996
31
-0.048794
12
0.094453
22
0.036725
32
-0.049021
0
3DFACE
62
163
10
0.094017
20
0.036842
30
-0.048630
11
0.094360
21
0.037512
31
-0.048915
12
0.093506
22
0.036956
32
-0.048360
0
3DFACE
62
163
10
0.094017
20
0.036842
30
-0.048630
11
0.093755
21
0.036459
31
-0.048462
12
0.094453
22
0.036725
32
-0.049021
0
3DFACE
62
163
10
0.094017
20
0.036842
30
-0.048630
11
0.094309
21
0.037033
31
-0.048820
12
0.094360
22
0.037512
32
-0.048915
0
3DFACE
62
163
10
0.094017
20
0.036842
30
-0.048630
11
0.094453
21
0.036725
31
-0.049021
12
0.094309
22
0.037033
32
-0.048820
0
3DFACE
62
163
10
0.094017
20
0.036842
30
-0.048630
11
0.093506
21
0.036956
31
-0.048360
12
0.093755
22
0.036459
32
-0.048462
0
3DFACE
62
163
10
0.094449
20
0.037125
30
-0.048904
11
0.094360
21
0.037512
31
-0.048915
12
0.094309
22
0.037033
32
-0.048820
0
3DFACE
62
163
10
0.094449
20
0.037125
30
-0.048904
11
0.094309
21
0.037033
31
-0.048820
12
0.094453
22
0.036725
32
-0.049021
0
3DFACE
62
163
10
0.095013
20
0.037287
30
-0.049242
11
0.095270
21
0.038117
31
-0.049324
12
0.094360
22
0.037512
32
-0.048915
0
3DFACE
62
163
10
0.095013
20
0.037287
30
-0.049242
11
0.094449
21
0.037125
31
-0.048904
12
0.094453
22
0.036725
32
-0.049021
0
3DFACE
62
163
10
0.095013
20
0.037287
30
-0.049242
11
0.094360
21
0.037512
31
-0.048915
12
0.094449
22
0.037125
32
-0.048904
0
3DFACE
62
163
10
0.095013
20
0.037287
30
-0.049242
11
0.094453
21
0.036725
31
-0.049021
12
0.094591
22
0.036554
32
-0.049376
0
3DFACE
62
163
10
0.095013
20
0.037287
30
-0.049242
11
0.094591
21
0.036554
31
-0.049376
12
0.095484
22
0.037160
32
-0.049822
0
3DFACE
62
163
10
0.095479
20
0.037599
30
-0.049442
11
0.095270
21
0.038117
31
-0.049324
12
0.095013
22
0.037287
32
-0.049242
0
3DFACE
62
163
10
0.095479
20
0.037599
30
-0.049442
11
0.095013
21
0.037287
31
-0.049242
12
0.095484
22
0.037160
32
-0.049822
0
3DFACE
62
163
10
0.095924
20
0.037899
30
-0.049593
11
0.096218
21
0.038754
31
-0.049577
12
0.095270
22
0.038117
32
-0.049324
0
3DFACE
62
163
10
0.095924
20
0.037899
30
-0.049593
11
0.095479
21
0.037599
31
-0.049442
12
0.095484
22
0.037160
32
-0.049822
0
3DFACE
62
163
10
0.095924
20
0.037899
30
-0.049593
11
0.095270
21
0.038117
31
-0.049324
12
0.095479
22
0.037599
32
-0.049442
0
3DFACE
62
163
10
0.095924
20
0.037899
30
-0.049593
11
0.095484
21
0.037160
31
-0.049822
12
0.096418
22
0.037802
32
-0.050123
0
3DFACE
62
163
10
0.096408
20
0.038227
30
-0.049715
11
0.096218
21
0.038754
31
-0.049577
12
0.095924
22
0.037899
32
-0.049593
0
3DFACE
62
163
10
0.096408
20
0.038227
30
-0.049715
11
0.095924
21
0.037899
31
-0.049593
12
0.096418
22
0.037802
32
-0.050123
0
3DFACE
62
163
10
0.096861
20
0.038746
30
-0.049708
11
0.097258
21
0.039018
31
-0.049737
12
0.097175
22
0.039406
32
-0.049665
0
3DFACE
62
163
10
0.096861
20
0.038746
30
-0.049708
11
0.097175
21
0.039406
31
-0.049665
12
0.096218
22
0.038754
32
-0.049577
0
3DFACE
62
163
10
0.096861
20
0.038746
30
-0.049708
11
0.097473
21
0.038776
31
-0.049963
12
0.097258
22
0.039018
32
-0.049737
0
3DFACE
62
163
10
0.096862
20
0.038537
30
-0.049791
11
0.096861
21
0.038746
31
-0.049708
12
0.096218
22
0.038754
32
-0.049577
0
3DFACE
62
163
10
0.096862
20
0.038537
30
-0.049791
11
0.096408
21
0.038227
31
-0.049715
12
0.096418
22
0.037802
32
-0.050123
0
3DFACE
62
163
10
0.096862
20
0.038537
30
-0.049791
11
0.097473
21
0.038776
31
-0.049963
12
0.096861
22
0.038746
32
-0.049708
0
3DFACE
62
163
10
0.096862
20
0.038537
30
-0.049791
11
0.097370
21
0.038463
31
-0.050273
12
0.097473
22
0.038776
32
-0.049963
0
3DFACE
62
163
10
0.096862
20
0.038537
30
-0.049791
11
0.096218
21
0.038754
31
-0.049577
12
0.096408
22
0.038227
32
-0.049715
0
3DFACE
62
163
10
0.096862
20
0.038537
30
-0.049791
11
0.096418
21
0.037802
31
-0.050123
12
0.097370
22
0.038463
32
-0.050273
0
3DFACE
62
163
10
0.097804
20
0.039184
30
-0.049833
11
0.097175
21
0.039406
31
-0.049665
12
0.097258
22
0.039018
32
-0.049737
0
3DFACE
62
163
10
0.097804
20
0.039184
30
-0.049833
11
0.098137
21
0.040060
31
-0.049590
12
0.097175
22
0.039406
32
-0.049665
0
3DFACE
62
163
10
0.097822
20
0.039017
30
-0.049966
11
0.097258
21
0.039018
31
-0.049737
12
0.097473
22
0.038776
32
-0.049963
0
3DFACE
62
163
10
0.097822
20
0.039017
30
-0.049966
11
0.098324
21
0.039129
31
-0.050269
12
0.097804
22
0.039184
32
-0.049833
0
3DFACE
62
163
10
0.097822
20
0.039017
30
-0.049966
11
0.097473
21
0.038776
31
-0.049963
12
0.097370
22
0.038463
32
-0.050273
0
3DFACE
62
163
10
0.097822
20
0.039017
30
-0.049966
11
0.097370
21
0.038463
31
-0.050273
12
0.098324
22
0.039129
32
-0.050269
0
3DFACE
62
163
10
0.097822
20
0.039017
30
-0.049966
11
0.097804
21
0.039184
31
-0.049833
12
0.097258
22
0.039018
32
-0.049737
0
3DFACE
62
163
10
0.098295
20
0.039520
30
-0.049793
11
0.098137
21
0.040060
31
-0.049590
12
0.097804
22
0.039184
32
-0.049833
0
3DFACE
62
163
10
0.098295
20
0.039520
30
-0.049793
11
0.097804
21
0.039184
31
-0.049833
12
0.098324
22
0.039129
32
-0.050269
0
3DFACE
62
163
10
0.098295
20
0.039520
30
-0.049793
11
0.098324
21
0.039129
31
-0.050269
12
0.099279
22
0.039790
32
-0.050112
0
3DFACE
62
163
10
0.098751
20
0.039830
30
-0.049718
11
0.098137
21
0.040060
31
-0.049590
12
0.098295
22
0.039520
32
-0.049793
0
3DFACE
62
163
10
0.098751
20
0.039830
30
-0.049718
11
0.098295
21
0.039520
31
-0.049793
12
0.099279
22
0.039790
32
-0.050112
0
3DFACE
62
163
10
0.099235
20
0.040159
30
-0.049598
11
0.099279
21
0.039790
31
-0.050112
12
0.100210
22
0.040430
32
-0.049803
0
3DFACE
62
163
10
0.099235
20
0.040159
30
-0.049598
11
0.099087
21
0.040699
31
-0.049350
12
0.098137
22
0.040060
32
-0.049590
0
3DFACE
62
163
10
0.099235
20
0.040159
30
-0.049598
11
0.098137
21
0.040060
31
-0.049590
12
0.098751
22
0.039830
32
-0.049718
0
3DFACE
62
163
10
0.099235
20
0.040159
30
-0.049598
11
0.098751
21
0.039830
31
-0.049718
12
0.099279
22
0.039790
32
-0.050112
0
3DFACE
62
163
10
0.099679
20
0.040459
30
-0.049448
11
0.099997
21
0.041306
31
-0.048955
12
0.099087
22
0.040699
32
-0.049350
0
3DFACE
62
163
10
0.099679
20
0.040459
30
-0.049448
11
0.100243
21
0.041036
31
-0.049039
12
0.099997
22
0.041306
32
-0.048955
0
3DFACE
62
163
10
0.099679
20
0.040459
30
-0.049448
11
0.099235
21
0.040159
31
-0.049598
12
0.100210
22
0.040430
32
-0.049803
0
3DFACE
62
163
10
0.099679
20
0.040459
30
-0.049448
11
0.099087
21
0.040699
31
-0.049350
12
0.099235
22
0.040159
32
-0.049598
0
3DFACE
62
163
10
0.100267
20
0.040684
30
-0.049379
11
0.100243
21
0.041036
31
-0.049039
12
0.099679
22
0.040459
32
-0.049448
0
3DFACE
62
163
10
0.100267
20
0.040684
30
-0.049379
11
0.100531
21
0.040862
31
-0.049246
12
0.100243
22
0.041036
32
-0.049039
0
3DFACE
62
163
10
0.100267
20
0.040684
30
-0.049379
11
0.100210
21
0.040430
31
-0.049803
12
0.100531
22
0.040862
32
-0.049246
0
3DFACE
62
163
10
0.100267
20
0.040684
30
-0.049379
11
0.099679
21
0.040459
31
-0.049448
12
0.100210
22
0.040430
32
-0.049803
0
3DFACE
62
163
10
0.100693
20
0.040971
30
-0.049158
11
0.100243
21
0.041036
31
-0.049039
12
0.100531
22
0.040862
32
-0.049246
0
3DFACE
62
163
10
0.100693
20
0.040971
30
-0.049158
11
0.100531
21
0.040862
31
-0.049246
12
0.101096
22
0.041033
32
-0.049353
0
3DFACE
62
163
10
0.101006
20
0.041342
30
-0.048760
11
0.101096
21
0.041033
31
-0.049353
12
0.101938
22
0.041590
32
-0.048762
0
3DFACE
62
163
10
0.101006
20
0.041342
30
-0.048760
11
0.100858
21
0.041867
31
-0.048410
12
0.099997
22
0.041306
32
-0.048955
0
3DFACE
62
163
10
0.101006
20
0.041342
30
-0.048760
11
0.100693
21
0.040971
31
-0.049158
12
0.101096
22
0.041033
32
-0.049353
0
3DFACE
62
163
10
0.101006
20
0.041342
30
-0.048760
11
0.099997
21
0.041306
31
-0.048955
12
0.100243
22
0.041036
32
-0.049039
0
3DFACE
62
163
10
0.101006
20
0.041342
30
-0.048760
11
0.100243
21
0.041036
31
-0.049039
12
0.100693
22
0.040971
32
-0.049158
0
3DFACE
62
163
10
0.101406
20
0.041601
30
-0.048473
11
0.100858
21
0.041867
31
-0.048410
12
0.101006
22
0.041342
32
-0.048760
0
3DFACE
62
163
10
0.101406
20
0.041601
30
-0.048473
11
0.101006
21
0.041342
31
-0.048760
12
0.101938
22
0.041590
32
-0.048762
0
3DFACE
62
163
10
0.101819
20
0.041863
30
-0.048130
11
0.101938
21
0.041590
31
-0.048762
12
0.102719
22
0.042089
32
-0.048043
0
3DFACE
62
163
10
0.101819
20
0.041863
30
-0.048130
11
0.101406
21
0.041601
31
-0.048473
12
0.101938
22
0.041590
32
-0.048762
0
3DFACE
62
163
10
0.101819
20
0.041863
30
-0.048130
11
0.101661
21
0.042369
31
-0.047722
12
0.100858
22
0.041867
32
-0.048410
0
3DFACE
62
163
10
0.101819
20
0.041863
30
-0.048130
11
0.100858
21
0.041867
31
-0.048410
12
0.101406
22
0.041601
32
-0.048473
0
3DFACE
62
163
10
0.102187
20
0.042092
30
-0.047780
11
0.101819
21
0.041863
31
-0.048130
12
0.102719
22
0.042089
32
-0.048043
0
3DFACE
62
163
10
0.102187
20
0.042092
30
-0.047780
11
0.101661
21
0.042369
31
-0.047722
12
0.101819
22
0.041863
32
-0.048130
0
3DFACE
62
163
10
0.102772
20
0.042296
30
-0.047420
11
0.102719
21
0.042089
31
-0.048043
12
0.103418
22
0.042516
32
-0.047214
0
3DFACE
62
163
10
0.102772
20
0.042296
30
-0.047420
11
0.103418
21
0.042516
31
-0.047214
12
0.103097
22
0.042489
32
-0.047013
0
3DFACE
62
163
10
0.102772
20
0.042296
30
-0.047420
11
0.102187
21
0.042092
31
-0.047780
12
0.102719
22
0.042089
32
-0.048043
0
3DFACE
62
163
10
0.103037
20
0.042769
30
-0.046464
11
0.102750
21
0.042607
31
-0.046867
12
0.103097
22
0.042489
32
-0.047013
0
3DFACE
62
163
10
0.103037
20
0.042769
30
-0.046464
11
0.103009
21
0.043141
31
-0.045998
12
0.102381
22
0.042797
32
-0.046913
0
3DFACE
62
163
10
0.103037
20
0.042769
30
-0.046464
11
0.102381
21
0.042797
31
-0.046913
12
0.102750
22
0.042607
32
-0.046867
0
3DFACE
62
163
10
0.103501
20
0.042849
30
-0.046067
11
0.103009
21
0.043141
31
-0.045998
12
0.103037
22
0.042769
32
-0.046464
0
3DFACE
62
163
10
0.103783
20
0.042990
30
-0.045560
11
0.104032
21
0.042863
31
-0.046286
12
0.104556
22
0.043122
32
-0.045269
0
3DFACE
62
163
10
0.103783
20
0.042990
30
-0.045560
11
0.103541
21
0.043392
31
-0.044987
12
0.103009
22
0.043141
32
-0.045998
0
3DFACE
62
163
10
0.103783
20
0.042990
30
-0.045560
11
0.103501
21
0.042849
31
-0.046067
12
0.104032
22
0.042863
32
-0.046286
0
3DFACE
62
163
10
0.103783
20
0.042990
30
-0.045560
11
0.103009
21
0.043141
31
-0.045998
12
0.103501
22
0.042849
32
-0.046067
0
3DFACE
62
163
10
0.104023
20
0.043098
30
-0.045068
11
0.103783
21
0.042990
31
-0.045560
12
0.104556
22
0.043122
32
-0.045269
0
3DFACE
62
163
10
0.104023
20
0.043098
30
-0.045068
11
0.103541
21
0.043392
31
-0.044987
12
0.103783
22
0.042990
32
-0.045560
0
3DFACE
62
163
10
0.104237
20
0.043183
30
-0.044562
11
0.104556
21
0.043122
31
-0.045269
12
0.104976
22
0.043286
32
-0.044190
0
3DFACE
62
163
10
0.104237
20
0.043183
30
-0.044562
11
0.103962
21
0.043540
31
-0.043909
12
0.103541
22
0.043392
32
-0.044987
0
3DFACE
62
163
10
0.104237
20
0.043183
30
-0.044562
11
0.104023
21
0.043098
31
-0.045068
12
0.104556
22
0.043122
32
-0.045269
0
3DFACE
62
163
10
0.104237
20
0.043183
30
-0.044562
11
0.103541
21
0.043392
31
-0.044987
12
0.104023
22
0.043098
32
-0.045068
0
3DFACE
62
163
10
0.104438
20
0.043249
30
-0.044007
11
0.103962
21
0.043540
31
-0.043909
12
0.104237
22
0.043183
32
-0.044562
0
3DFACE
62
163
10
0.104438
20
0.043249
30
-0.044007
11
0.104356
21
0.043339
31
-0.043649
12
0.103962
22
0.043540
32
-0.043909
0
3DFACE
62
163
10
0.104438
20
0.043249
30
-0.044007
11
0.104237
21
0.043183
31
-0.044562
12
0.104976
22
0.043286
32
-0.044190
0
3DFACE
62
163
10
0.104678
20
0.043238
30
-0.043900
11
0.104356
21
0.043339
31
-0.043649
12
0.104438
22
0.043249
32
-0.044007
0
3DFACE
62
163
10
0.104678
20
0.043238
30
-0.043900
11
0.104438
21
0.043249
31
-0.044007
12
0.104976
22
0.043286
32
-0.044190
0
3DFACE
62
163
10
0.104678
20
0.043238
30
-0.043900
11
0.104976
21
0.043286
31
-0.044190
12
0.104737
22
0.043252
32
-0.043706
0
3DFACE
62
163
10
0.104678
20
0.043238
30
-0.043900
11
0.104737
21
0.043252
31
-0.043706
12
0.104356
22
0.043339
32
-0.043649
0
3DFACE
62
163
10
0.104833
20
0.043270
30
-0.043364
11
0.104737
21
0.043252
31
-0.043706
12
0.105286
22
0.043350
32
-0.043071
0
3DFACE
62
163
10
0.104833
20
0.043270
30
-0.043364
11
0.104356
21
0.043339
31
-0.043649
12
0.104737
22
0.043252
32
-0.043706
0
3DFACE
62
163
10
0.104742
20
0.043300
30
-0.042905
11
0.104356
21
0.043339
31
-0.043649
12
0.104833
22
0.043270
32
-0.043364
0
3DFACE
62
163
10
0.104742
20
0.043300
30
-0.042905
11
0.104833
21
0.043270
31
-0.043364
12
0.105286
22
0.043350
32
-0.043071
0
3DFACE
62
163
10
0.104742
20
0.043300
30
-0.042905
11
0.104266
21
0.043582
31
-0.042790
12
0.104356
22
0.043339
32
-0.043649
0
3DFACE
62
163
10
0.104850
20
0.043286
30
-0.042360
11
0.105286
21
0.043350
31
-0.043071
12
0.105488
22
0.043310
32
-0.041918
0
3DFACE
62
163
10
0.104850
20
0.043286
30
-0.042360
11
0.104266
21
0.043582
31
-0.042790
12
0.104742
22
0.043300
32
-0.042905
0
3DFACE
62
163
10
0.104850
20
0.043286
30
-0.042360
11
0.104454
21
0.043511
31
-0.041638
12
0.104266
22
0.043582
32
-0.042790
0
3DFACE
62
163
10
0.104850
20
0.043286
30
-0.042360
11
0.104742
21
0.043300
31
-0.042905
12
0.105286
22
0.043350
32
-0.043071
0
3DFACE
62
163
10
0.104936
20
0.043244
30
-0.041770
11
0.104850
21
0.043286
31
-0.042360
12
0.105488
22
0.043310
32
-0.041918
0
3DFACE
62
163
10
0.104936
20
0.043244
30
-0.041770
11
0.104454
21
0.043511
31
-0.041638
12
0.104850
22
0.043286
32
-0.042360
0
3DFACE
62
163
10
0.104989
20
0.043178
30
-0.041220
11
0.105488
21
0.043310
31
-0.041918
12
0.105578
22
0.043165
32
-0.040759
0
3DFACE
62
163
10
0.104989
20
0.043178
30
-0.041220
11
0.104454
21
0.043511
31
-0.041638
12
0.104936
22
0.043244
32
-0.041770
0
3DFACE
62
163
10
0.104989
20
0.043178
30
-0.041220
11
0.104521
21
0.043329
31
-0.040487
12
0.104454
22
0.043511
32
-0.041638
0
3DFACE
62
163
10
0.104989
20
0.043178
30
-0.041220
11
0.104936
21
0.043244
31
-0.041770
12
0.105488
22
0.043310
32
-0.041918
0
3DFACE
62
163
10
0.105015
20
0.043080
30
-0.040632
11
0.104521
21
0.043329
31
-0.040487
12
0.104989
22
0.043178
32
-0.041220
0
3DFACE
62
163
10
0.105015
20
0.043080
30
-0.040632
11
0.104989
21
0.043178
31
-0.041220
12
0.105578
22
0.043165
32
-0.040759
0
3DFACE
62
163
10
0.105015
20
0.043080
30
-0.040632
11
0.105578
21
0.043165
31
-0.040759
12
0.105205
22
0.042921
32
-0.039980
0
3DFACE
62
163
10
0.104828
20
0.043059
30
-0.040249
11
0.104521
21
0.043329
31
-0.040487
12
0.105015
22
0.043080
32
-0.040632
0
3DFACE
62
163
10
0.104828
20
0.043059
30
-0.040249
11
0.105015
21
0.043080
31
-0.040632
12
0.105205
22
0.042921
32
-0.039980
0
3DFACE
62
163
10
0.104828
20
0.043059
30
-0.040249
11
0.104821
21
0.043006
31
-0.040023
12
0.104521
22
0.043329
32
-0.040487
0
3DFACE
62
163
10
0.104828
20
0.043059
30
-0.040249
11
0.105205
21
0.042921
31
-0.039980
12
0.104821
22
0.043006
32
-0.040023
0
3DFACE
62
163
10
0.104803
20
0.042917
30
-0.039683
11
0.104468
21
0.043039
31
-0.039365
12
0.104821
22
0.043006
32
-0.040023
0
3DFACE
62
163
10
0.104803
20
0.042917
30
-0.039683
11
0.104821
21
0.043006
31
-0.040023
12
0.105205
22
0.042921
32
-0.039980
0
3DFACE
62
163
10
0.104979
20
0.042814
30
-0.039521
11
0.104468
21
0.043039
31
-0.039365
12
0.104803
22
0.042917
32
-0.039683
0
3DFACE
62
163
10
0.104979
20
0.042814
30
-0.039521
11
0.104803
21
0.042917
31
-0.039683
12
0.105205
22
0.042921
32
-0.039980
0
3DFACE
62
163
10
0.104979
20
0.042814
30
-0.039521
11
0.105205
21
0.042921
31
-0.039980
12
0.105554
22
0.042918
32
-0.039622
0
3DFACE
62
163
10
0.104922
20
0.042647
30
-0.038995
11
0.105554
21
0.042918
31
-0.039622
12
0.105422
22
0.042567
32
-0.038516
0
3DFACE
62
163
10
0.104922
20
0.042647
30
-0.038995
11
0.104300
21
0.042636
31
-0.038280
12
0.104468
22
0.043039
32
-0.039365
0
3DFACE
62
163
10
0.104922
20
0.042647
30
-0.038995
11
0.104468
21
0.043039
31
-0.039365
12
0.104979
22
0.042814
32
-0.039521
0
3DFACE
62
163
10
0.104922
20
0.042647
30
-0.038995
11
0.104979
21
0.042814
31
-0.039521
12
0.105554
22
0.042918
32
-0.039622
0
3DFACE
62
163
10
0.104834
20
0.042441
30
-0.038441
11
0.104300
21
0.042636
31
-0.038280
12
0.104922
22
0.042647
32
-0.038995
0
3DFACE
62
163
10
0.104834
20
0.042441
30
-0.038441
11
0.104922
21
0.042647
31
-0.038995
12
0.105422
22
0.042567
32
-0.038516
0
3DFACE
62
163
10
0.104725
20
0.042225
30
-0.037940
11
0.105422
21
0.042567
31
-0.038516
12
0.105185
22
0.042116
32
-0.037459
0
3DFACE
62
163
10
0.104725
20
0.042225
30
-0.037940
11
0.104023
21
0.042131
31
-0.037264
12
0.104300
22
0.042636
32
-0.038280
0
3DFACE
62
163
10
0.104725
20
0.042225
30
-0.037940
11
0.104300
21
0.042636
31
-0.038280
12
0.104834
22
0.042441
32
-0.038441
0
3DFACE
62
163
10
0.104725
20
0.042225
30
-0.037940
11
0.104834
21
0.042441
31
-0.038441
12
0.105422
22
0.042567
32
-0.038516
0
3DFACE
62
163
10
0.104582
20
0.041968
30
-0.037420
11
0.105185
21
0.042116
31
-0.037459
12
0.104848
22
0.041575
32
-0.036481
0
3DFACE
62
163
10
0.104582
20
0.041968
30
-0.037420
11
0.104023
21
0.042131
31
-0.037264
12
0.104725
22
0.042225
32
-0.037940
0
3DFACE
62
163
10
0.104582
20
0.041968
30
-0.037420
11
0.104725
21
0.042225
31
-0.037940
12
0.105185
22
0.042116
32
-0.037459
0
3DFACE
62
163
10
0.104582
20
0.041968
30
-0.037420
11
0.104848
21
0.041575
31
-0.036481
12
0.104481
22
0.041479
32
-0.036572
0
3DFACE
62
163
10
0.104229
20
0.041751
30
-0.036962
11
0.104481
21
0.041479
31
-0.036572
12
0.104128
22
0.041592
32
-0.036708
0
3DFACE
62
163
10
0.104229
20
0.041751
30
-0.036962
11
0.104023
21
0.042131
31
-0.037264
12
0.104582
22
0.041968
32
-0.037420
0
3DFACE
62
163
10
0.104229
20
0.041751
30
-0.036962
11
0.104582
21
0.041968
31
-0.037420
12
0.104481
22
0.041479
32
-0.036572
0
3DFACE
62
163
10
0.104229
20
0.041751
30
-0.036962
11
0.104128
21
0.041592
31
-0.036708
12
0.104023
22
0.042131
32
-0.037264
0
3DFACE
62
163
10
0.104036
20
0.041451
30
-0.036498
11
0.104128
21
0.041592
31
-0.036708
12
0.104481
22
0.041479
32
-0.036572
0
3DFACE
62
163
10
0.104036
20
0.041451
30
-0.036498
11
0.103645
21
0.041538
31
-0.036342
12
0.104128
22
0.041592
32
-0.036708
0
3DFACE
62
163
10
0.104030
20
0.041107
30
-0.036067
11
0.104036
21
0.041451
31
-0.036498
12
0.104481
22
0.041479
32
-0.036572
0
3DFACE
62
163
10
0.104030
20
0.041107
30
-0.036067
11
0.103645
21
0.041538
31
-0.036342
12
0.104036
22
0.041451
32
-0.036498
0
3DFACE
62
163
10
0.104030
20
0.041107
30
-0.036067
11
0.104481
21
0.041479
31
-0.036572
12
0.104422
22
0.040952
32
-0.035595
0
3DFACE
62
163
10
0.103791
20
0.040762
30
-0.035644
11
0.104422
21
0.040952
31
-0.035595
12
0.103912
22
0.040247
32
-0.034810
0
3DFACE
62
163
10
0.103791
20
0.040762
30
-0.035644
11
0.103174
21
0.040854
31
-0.035520
12
0.103645
22
0.041538
32
-0.036342
0
3DFACE
62
163
10
0.103791
20
0.040762
30
-0.035644
11
0.103645
21
0.041538
31
-0.036342
12
0.104030
22
0.041107
32
-0.036067
0
3DFACE
62
163
10
0.103791
20
0.040762
30
-0.035644
11
0.104030
21
0.041107
31
-0.036067
12
0.104422
22
0.040952
32
-0.035595
0
3DFACE
62
163
10
0.103549
20
0.040421
30
-0.035276
11
0.103174
21
0.040854
31
-0.035520
12
0.103791
22
0.040762
32
-0.035644
0
3DFACE
62
163
10
0.103549
20
0.040421
30
-0.035276
11
0.103791
21
0.040762
31
-0.035644
12
0.103912
22
0.040247
32
-0.034810
0
3DFACE
62
163
10
0.103270
20
0.040037
30
-0.034912
11
0.103912
21
0.040247
31
-0.034810
12
0.103332
22
0.039477
32
-0.034145
0
3DFACE
62
163
10
0.103270
20
0.040037
30
-0.034912
11
0.102624
21
0.040094
31
-0.034823
12
0.103174
22
0.040854
32
-0.035520
0
3DFACE
62
163
10
0.103270
20
0.040037
30
-0.034912
11
0.103174
21
0.040854
31
-0.035520
12
0.103549
22
0.040421
32
-0.035276
0
3DFACE
62
163
10
0.103270
20
0.040037
30
-0.034912
11
0.103549
21
0.040421
31
-0.035276
12
0.103912
22
0.040247
32
-0.034810
0
3DFACE
62
163
10
0.102994
20
0.039666
30
-0.034605
11
0.102489
21
0.039295
31
-0.034360
12
0.102624
22
0.040094
32
-0.034823
0
3DFACE
62
163
10
0.102994
20
0.039666
30
-0.034605
11
0.102624
21
0.040094
31
-0.034823
12
0.103270
22
0.040037
32
-0.034912
0
3DFACE
62
163
10
0.102994
20
0.039666
30
-0.034605
11
0.103270
21
0.040037
31
-0.034912
12
0.103332
22
0.039477
32
-0.034145
0
3DFACE
62
163
10
0.102932
20
0.039320
30
-0.034286
11
0.102787
21
0.039130
31
-0.034159
12
0.102489
22
0.039295
32
-0.034360
0
3DFACE
62
163
10
0.102932
20
0.039320
30
-0.034286
11
0.103332
21
0.039477
31
-0.034145
12
0.102787
22
0.039130
32
-0.034159
0
3DFACE
62
163
10
0.102932
20
0.039320
30
-0.034286
11
0.102994
21
0.039666
31
-0.034605
12
0.103332
22
0.039477
32
-0.034145
0
3DFACE
62
163
10
0.102932
20
0.039320
30
-0.034286
11
0.102489
21
0.039295
31
-0.034360
12
0.102994
22
0.039666
32
-0.034605
0
3DFACE
62
163
10
0.102381
20
0.038861
30
-0.034071
11
0.102011
21
0.039281
31
-0.034267
12
0.102489
22
0.039295
32
-0.034360
0
3DFACE
62
163
10
0.102629
20
0.038925
30
-0.034031
11
0.102489
21
0.039295
31
-0.034360
12
0.102787
22
0.039130
32
-0.034159
0
3DFACE
62
163
10
0.102629
20
0.038925
30
-0.034031
11
0.102787
21
0.039130
31
-0.034159
12
0.102697
22
0.038660
32
-0.033616
0
3DFACE
62
163
10
0.102629
20
0.038925
30
-0.034031
11
0.102697
21
0.038660
31
-0.033616
12
0.102381
22
0.038861
32
-0.034071
0
3DFACE
62
163
10
0.102629
20
0.038925
30
-0.034031
11
0.102381
21
0.038861
31
-0.034071
12
0.102489
22
0.039295
32
-0.034360
0
3DFACE
62
163
10
0.102044
20
0.038424
30
-0.033848
11
0.102697
21
0.038660
31
-0.033616
12
0.102013
22
0.037794
32
-0.033225
0
3DFACE
62
163
10
0.102044
20
0.038424
30
-0.033848
11
0.101345
21
0.038415
31
-0.033857
12
0.102011
22
0.039281
32
-0.034267
0
3DFACE
62
163
10
0.102044
20
0.038424
30
-0.033848
11
0.102381
21
0.038861
31
-0.034071
12
0.102697
22
0.038660
32
-0.033616
0
3DFACE
62
163
10
0.102044
20
0.038424
30
-0.033848
11
0.102011
21
0.039281
31
-0.034267
12
0.102381
22
0.038861
32
-0.034071
0
3DFACE
62
163
10
0.101719
20
0.038007
30
-0.033676
11
0.102044
21
0.038424
31
-0.033848
12
0.102013
22
0.037794
32
-0.033225
0
3DFACE
62
163
10
0.101719
20
0.038007
30
-0.033676
11
0.101345
21
0.038415
31
-0.033857
12
0.102044
22
0.038424
32
-0.033848
0
3DFACE
62
163
10
0.101362
20
0.037550
30
-0.033530
11
0.102013
21
0.037794
31
-0.033225
12
0.101298
22
0.036897
32
-0.032981
0
3DFACE
62
163
10
0.101362
20
0.037550
30
-0.033530
11
0.100643
21
0.037513
31
-0.033604
12
0.101345
22
0.038415
32
-0.033857
0
3DFACE
62
163
10
0.101362
20
0.037550
30
-0.033530
11
0.101719
21
0.038007
31
-0.033676
12
0.102013
22
0.037794
32
-0.033225
0
3DFACE
62
163
10
0.101362
20
0.037550
30
-0.033530
11
0.101345
21
0.038415
31
-0.033857
12
0.101719
22
0.038007
32
-0.033676
0
3DFACE
62
163
10
0.101023
20
0.037119
30
-0.033432
11
0.101362
21
0.037550
31
-0.033530
12
0.101298
22
0.036897
32
-0.032981
0
3DFACE
62
163
10
0.101023
20
0.037119
30
-0.033432
11
0.100643
21
0.037513
31
-0.033604
12
0.101362
22
0.037550
32
-0.033530
0
3DFACE
62
163
10
0.100831
20
0.036634
30
-0.033245
11
0.101298
21
0.036897
31
-0.032981
12
0.100571
22
0.035993
32
-0.032891
0
3DFACE
62
163
10
0.100831
20
0.036634
30
-0.033245
11
0.100532
21
0.036259
31
-0.033217
12
0.100306
22
0.036491
32
-0.033443
0
3DFACE
62
163
10
0.100831
20
0.036634
30
-0.033245
11
0.100571
21
0.035993
31
-0.032891
12
0.100532
22
0.036259
32
-0.033217
0
3DFACE
62
163
10
0.100831
20
0.036634
30
-0.033245
11
0.101023
21
0.037119
31
-0.033432
12
0.101298
22
0.036897
32
-0.032981
0
3DFACE
62
163
10
0.100133
20
0.035759
30
-0.033221
11
0.100571
21
0.035993
31
-0.032891
12
0.099840
22
0.035085
32
-0.032953
0
3DFACE
62
163
10
0.100133
20
0.035759
30
-0.033221
11
0.100532
21
0.036259
31
-0.033217
12
0.100571
22
0.035993
32
-0.032891
0
3DFACE
62
163
10
0.099603
20
0.035326
30
-0.033411
11
0.100133
21
0.035759
31
-0.033221
12
0.099840
22
0.035085
32
-0.032953
0
3DFACE
62
163
10
0.099263
20
0.034893
30
-0.033500
11
0.099840
21
0.035085
31
-0.032953
12
0.099121
22
0.034184
32
-0.033170
0
3DFACE
62
163
10
0.099263
20
0.034893
30
-0.033500
11
0.098504
21
0.034786
31
-0.033828
12
0.099209
22
0.035689
32
-0.033590
0
3DFACE
62
163
10
0.099263
20
0.034893
30
-0.033500
11
0.099603
21
0.035326
31
-0.033411
12
0.099840
22
0.035085
32
-0.032953
0
3DFACE
62
163
10
0.099263
20
0.034893
30
-0.033500
11
0.099209
21
0.035689
31
-0.033590
12
0.099603
22
0.035326
32
-0.033411
0
3DFACE
62
163
10
0.098904
20
0.034435
30
-0.033635
11
0.099263
21
0.034893
31
-0.033500
12
0.099121
22
0.034184
32
-0.033170
0
3DFACE
62
163
10
0.098904
20
0.034435
30
-0.033635
11
0.098504
21
0.034786
31
-0.033828
12
0.099263
22
0.034893
32
-0.033500
0
3DFACE
62
163
10
0.098409
20
0.034070
30
-0.033930
11
0.097836
21
0.033920
31
-0.034223
12
0.098504
22
0.034786
32
-0.033828
0
3DFACE
62
163
10
0.098409
20
0.034070
30
-0.033930
11
0.098240
21
0.033353
31
-0.033934
12
0.098086
22
0.033652
32
-0.034141
0
3DFACE
62
163
10
0.098409
20
0.034070
30
-0.033930
11
0.098086
21
0.033652
31
-0.034141
12
0.097836
22
0.033920
32
-0.034223
0
3DFACE
62
163
10
0.098578
20
0.034016
30
-0.033798
11
0.098409
21
0.034070
31
-0.033930
12
0.098504
22
0.034786
32
-0.033828
0
3DFACE
62
163
10
0.098578
20
0.034016
30
-0.033798
11
0.098504
21
0.034786
31
-0.033828
12
0.098904
22
0.034435
32
-0.033635
0
3DFACE
62
163
10
0.098578
20
0.034016
30
-0.033798
11
0.098240
21
0.033353
31
-0.033934
12
0.098409
22
0.034070
32
-0.033930
0
3DFACE
62
163
10
0.098578
20
0.034016
30
-0.033798
11
0.098432
21
0.033313
31
-0.033534
12
0.098240
22
0.033353
32
-0.033934
0
3DFACE
62
163
10
0.098578
20
0.034016
30
-0.033798
11
0.099121
21
0.034184
31
-0.033170
12
0.098432
22
0.033313
32
-0.033534
0
3DFACE
62
163
10
0.098578
20
0.034016
30
-0.033798
11
0.098904
21
0.034435
31
-0.033635
12
0.099121
22
0.034184
32
-0.033170
0
3DFACE
62
163
10
0.098001
20
0.033045
30
-0.034116
11
0.098240
21
0.033353
31
-0.033934
12
0.098432
22
0.033313
32
-0.033534
0
3DFACE
62
163
10
0.098001
20
0.033045
30
-0.034116
11
0.098432
21
0.033313
31
-0.033534
12
0.097787
22
0.032487
32
-0.034039
0
3DFACE
62
163
10
0.098001
20
0.033045
30
-0.034116
11
0.098086
21
0.033652
31
-0.034141
12
0.098240
22
0.033353
32
-0.033934
0
3DFACE
62
163
10
0.097617
20
0.032766
30
-0.034525
11
0.098001
21
0.033045
31
-0.034116
12
0.097787
22
0.032487
32
-0.034039
0
3DFACE
62
163
10
0.097617
20
0.032766
30
-0.034525
11
0.098086
21
0.033652
31
-0.034141
12
0.098001
22
0.033045
32
-0.034116
0
3DFACE
62
163
10
0.097617
20
0.032766
30
-0.034525
11
0.097217
21
0.033099
31
-0.034768
12
0.097836
22
0.033920
32
-0.034223
0
3DFACE
62
163
10
0.097617
20
0.032766
30
-0.034525
11
0.097836
21
0.033920
31
-0.034223
12
0.098086
22
0.033652
32
-0.034141
0
3DFACE
62
163
10
0.097337
20
0.032390
30
-0.034825
11
0.097617
21
0.032766
31
-0.034525
12
0.097787
22
0.032487
32
-0.034039
0
3DFACE
62
163
10
0.097337
20
0.032390
30
-0.034825
11
0.097217
21
0.033099
31
-0.034768
12
0.097617
22
0.032766
32
-0.034525
0
3DFACE
62
163
10
0.097337
20
0.032390
30
-0.034825
11
0.097787
21
0.032487
31
-0.034039
12
0.097195
22
0.031705
32
-0.034681
0
3DFACE
62
163
10
0.097337
20
0.032390
30
-0.034825
11
0.096660
21
0.032333
31
-0.035455
12
0.097217
22
0.033099
32
-0.034768
0
3DFACE
62
163
10
0.097053
20
0.032001
30
-0.035180
11
0.097337
21
0.032390
31
-0.034825
12
0.097195
22
0.031705
32
-0.034681
0
3DFACE
62
163
10
0.097053
20
0.032001
30
-0.035180
11
0.096660
21
0.032333
31
-0.035455
12
0.097337
22
0.032390
32
-0.034825
0
3DFACE
62
163
10
0.096807
20
0.031656
30
-0.035540
11
0.096660
21
0.032333
31
-0.035455
12
0.097053
22
0.032001
32
-0.035180
0
3DFACE
62
163
10
0.096807
20
0.031656
30
-0.035540
11
0.097053
21
0.032001
31
-0.035180
12
0.097195
22
0.031705
32
-0.034681
0
3DFACE
62
163
10
0.096807
20
0.031656
30
-0.035540
11
0.097195
21
0.031705
31
-0.034681
12
0.096672
22
0.030988
32
-0.035445
0
3DFACE
62
163
10
0.096568
20
0.031093
30
-0.035916
11
0.096807
21
0.031656
31
-0.035540
12
0.096672
22
0.030988
32
-0.035445
0
3DFACE
62
163
10
0.096568
20
0.031093
30
-0.035916
11
0.096672
21
0.030988
31
-0.035445
12
0.096440
22
0.030906
32
-0.036167
0
3DFACE
62
163
10
0.096360
20
0.030787
30
-0.036335
11
0.096440
21
0.030906
31
-0.036167
12
0.096230
22
0.030352
32
-0.036311
0
3DFACE
62
163
10
0.096360
20
0.030787
30
-0.036335
11
0.096345
21
0.031260
31
-0.036313
12
0.096440
22
0.030906
32
-0.036167
0
3DFACE
62
163
10
0.096156
20
0.030695
30
-0.036832
11
0.096230
21
0.030352
31
-0.036311
12
0.095876
22
0.029793
32
-0.037276
0
3DFACE
62
163
10
0.096156
20
0.030695
30
-0.036832
11
0.096345
21
0.031260
31
-0.036313
12
0.096360
22
0.030787
32
-0.036335
0
3DFACE
62
163
10
0.096156
20
0.030695
30
-0.036832
11
0.095796
21
0.031041
31
-0.037178
12
0.096345
22
0.031260
32
-0.036313
0
3DFACE
62
163
10
0.096156
20
0.030695
30
-0.036832
11
0.096360
21
0.030787
31
-0.036335
12
0.096230
22
0.030352
32
-0.036311
0
3DFACE
62
163
10
0.095992
20
0.030428
30
-0.037291
11
0.095796
21
0.031041
31
-0.037178
12
0.096156
22
0.030695
32
-0.036832
0
3DFACE
62
163
10
0.095992
20
0.030428
30
-0.037291
11
0.096156
21
0.030695
31
-0.036832
12
0.095876
22
0.029793
32
-0.037276
0
3DFACE
62
163
10
0.095842
20
0.030165
30
-0.037806
11
0.095796
21
0.031041
31
-0.037178
12
0.095992
22
0.030428
32
-0.037291
0
3DFACE
62
163
10
0.095842
20
0.030165
30
-0.037806
11
0.095876
21
0.029793
31
-0.037276
12
0.095620
22
0.029324
32
-0.038321
0
3DFACE
62
163
10
0.095842
20
0.030165
30
-0.037806
11
0.095992
21
0.030428
31
-0.037291
12
0.095876
22
0.029793
32
-0.037276
0
3DFACE
62
163
10
0.095842
20
0.030165
30
-0.037806
11
0.095509
21
0.030527
31
-0.038189
12
0.095796
22
0.031041
32
-0.037178
0
3DFACE
62
163
10
0.095727
20
0.029942
30
-0.038303
11
0.095842
21
0.030165
31
-0.037806
12
0.095620
22
0.029324
32
-0.038321
0
3DFACE
62
163
10
0.095727
20
0.029942
30
-0.038303
11
0.095509
21
0.030527
31
-0.038189
12
0.095842
22
0.030165
32
-0.037806
0
3DFACE
62
163
10
0.095630
20
0.029729
30
-0.038851
11
0.095727
21
0.029942
31
-0.038303
12
0.095620
22
0.029324
32
-0.038321
0
3DFACE
62
163
10
0.095630
20
0.029729
30
-0.038851
11
0.095331
21
0.030116
31
-0.039266
12
0.095509
22
0.030527
32
-0.038189
0
3DFACE
62
163
10
0.095630
20
0.029729
30
-0.038851
11
0.095509
21
0.030527
31
-0.038189
12
0.095727
22
0.029942
32
-0.038303
0
3DFACE
62
163
10
0.095630
20
0.029729
30
-0.038851
11
0.095504
21
0.029708
31
-0.039531
12
0.095331
22
0.030116
32
-0.039266
0
3DFACE
62
163
10
0.095622
20
0.029485
30
-0.038954
11
0.095620
21
0.029324
31
-0.038321
12
0.095469
22
0.028957
32
-0.039416
0
3DFACE
62
163
10
0.095622
20
0.029485
30
-0.038954
11
0.095630
21
0.029729
31
-0.038851
12
0.095620
22
0.029324
32
-0.038321
0
3DFACE
62
163
10
0.095622
20
0.029485
30
-0.038954
11
0.095504
21
0.029708
31
-0.039531
12
0.095630
22
0.029729
32
-0.038851
0
3DFACE
62
163
10
0.095622
20
0.029485
30
-0.038954
11
0.095564
21
0.029322
31
-0.039474
12
0.095504
22
0.029708
32
-0.039531
0
3DFACE
62
163
10
0.095622
20
0.029485
30
-0.038954
11
0.095469
21
0.028957
31
-0.039416
12
0.095564
22
0.029322
32
-0.039474
0
3DFACE
62
163
10
0.095477
20
0.029594
30
-0.039949
11
0.095268
21
0.029816
31
-0.040386
12
0.095331
22
0.030116
32
-0.039266
0
3DFACE
62
163
10
0.095477
20
0.029594
30
-0.039949
11
0.095331
21
0.030116
31
-0.039266
12
0.095504
22
0.029708
32
-0.039531
0
3DFACE
62
163
10
0.095477
20
0.029594
30
-0.039949
11
0.095504
21
0.029708
31
-0.039531
12
0.095564
22
0.029322
32
-0.039474
0
3DFACE
62
163
10
0.095515
20
0.029286
30
-0.040434
11
0.095564
21
0.029322
31
-0.039474
12
0.095424
22
0.028710
32
-0.040449
0
3DFACE
62
163
10
0.095515
20
0.029286
30
-0.040434
11
0.095477
21
0.029594
31
-0.039949
12
0.095564
22
0.029322
32
-0.039474
0
3DFACE
62
163
10
0.095515
20
0.029286
30
-0.040434
11
0.095268
21
0.029816
31
-0.040386
12
0.095477
22
0.029594
32
-0.039949
0
3DFACE
62
163
10
0.095532
20
0.029178
30
-0.041021
11
0.095424
21
0.028710
31
-0.040449
12
0.095474
22
0.028547
32
-0.041506
0
3DFACE
62
163
10
0.095532
20
0.029178
30
-0.041021
11
0.095515
21
0.029286
31
-0.040434
12
0.095424
22
0.028710
32
-0.040449
0
3DFACE
62
163
10
0.095532
20
0.029178
30
-0.041021
11
0.095325
21
0.029623
31
-0.041538
12
0.095268
22
0.029816
32
-0.040386
0
3DFACE
62
163
10
0.095532
20
0.029178
30
-0.041021
11
0.095268
21
0.029816
31
-0.040386
12
0.095515
22
0.029286
32
-0.040434
0
3DFACE
62
163
10
0.095570
20
0.029109
30
-0.041523
11
0.095325
21
0.029623
31
-0.041538
12
0.095532
22
0.029178
32
-0.041021
0
3DFACE
62
163
10
0.095570
20
0.029109
30
-0.041523
11
0.095532
21
0.029178
31
-0.041021
12
0.095474
22
0.028547
32
-0.041506
0
3DFACE
62
163
10
0.095643
20
0.029054
30
-0.042114
11
0.095570
21
0.029109
31
-0.041523
12
0.095474
22
0.028547
32
-0.041506
0
3DFACE
62
163
10
0.095643
20
0.029054
30
-0.042114
11
0.095325
21
0.029623
31
-0.041538
12
0.095570
22
0.029109
32
-0.041523
0
3DFACE
62
163
10
0.095689
20
0.028842
30
-0.042361
11
0.096187
21
0.029212
31
-0.044317
12
0.095804
22
0.029221
32
-0.043157
0
3DFACE
62
163
10
0.095689
20
0.028842
30
-0.042361
11
0.095474
21
0.028547
31
-0.041506
12
0.096187
22
0.029212
32
-0.044317
0
3DFACE
62
163
10
0.095689
20
0.028842
30
-0.042361
11
0.095643
21
0.029054
31
-0.042114
12
0.095474
22
0.028547
32
-0.041506
0
3DFACE
62
163
10
0.080761
20
0.065249
30
-0.047530
11
0.080252
21
0.065353
31
-0.047699
12
0.080737
22
0.065051
32
-0.047798
0
3DFACE
62
163
10
0.080761
20
0.065249
30
-0.047530
11
0.080969
21
0.065779
31
-0.046886
12
0.080252
22
0.065353
32
-0.047699
0
3DFACE
62
163
10
0.080761
20
0.065249
30
-0.047530
11
0.080737
21
0.065051
31
-0.047798
12
0.081311
22
0.065249
32
-0.047452
0
3DFACE
62
163
10
0.081120
20
0.065463
30
-0.047117
11
0.081317
21
0.065577
31
-0.046867
12
0.080969
22
0.065779
32
-0.046886
0
3DFACE
62
163
10
0.081120
20
0.065463
30
-0.047117
11
0.081664
21
0.065458
31
-0.047013
12
0.081317
22
0.065577
32
-0.046867
0
3DFACE
62
163
10
0.081120
20
0.065463
30
-0.047117
11
0.081311
21
0.065249
31
-0.047452
12
0.081664
22
0.065458
32
-0.047013
0
3DFACE
62
163
10
0.081120
20
0.065463
30
-0.047117
11
0.080969
21
0.065779
31
-0.046886
12
0.080761
22
0.065249
32
-0.047530
0
3DFACE
62
163
10
0.081120
20
0.065463
30
-0.047117
11
0.080761
21
0.065249
31
-0.047530
12
0.081311
22
0.065249
32
-0.047452
0
3DFACE
62
163
10
0.081748
20
0.065816
30
-0.046245
11
0.082055
21
0.065812
31
-0.046089
12
0.081594
22
0.066120
32
-0.045968
0
3DFACE
62
163
10
0.081748
20
0.065816
30
-0.046245
11
0.081950
21
0.065621
31
-0.046611
12
0.082055
22
0.065812
32
-0.046089
0
3DFACE
62
163
10
0.081748
20
0.065816
30
-0.046245
11
0.080969
21
0.065779
31
-0.046886
12
0.081317
22
0.065577
32
-0.046867
0
3DFACE
62
163
10
0.081748
20
0.065816
30
-0.046245
11
0.081594
21
0.066120
31
-0.045968
12
0.080969
22
0.065779
32
-0.046886
0
3DFACE
62
163
10
0.081748
20
0.065816
30
-0.046245
11
0.081317
21
0.065577
31
-0.046867
12
0.081950
22
0.065621
32
-0.046611
0
3DFACE
62
163
10
0.075000
20
0.054360
30
-0.036138
11
0.074912
21
0.054230
31
-0.036313
12
0.074736
22
0.054593
32
-0.036290
0
3DFACE
62
163
10
0.075000
20
0.054360
30
-0.036138
11
0.075211
21
0.055279
31
-0.035478
12
0.075385
22
0.054642
32
-0.035522
0
3DFACE
62
163
10
0.075000
20
0.054360
30
-0.036138
11
0.074736
21
0.054593
31
-0.036290
12
0.075211
22
0.055279
32
-0.035478
0
3DFACE
62
163
10
0.075000
20
0.054360
30
-0.036138
11
0.075007
21
0.053875
31
-0.036167
12
0.074912
22
0.054230
32
-0.036313
0
3DFACE
62
163
10
0.075000
20
0.054360
30
-0.036138
11
0.075385
21
0.054642
31
-0.035522
12
0.075153
22
0.054089
32
-0.035882
0
3DFACE
62
163
10
0.075000
20
0.054360
30
-0.036138
11
0.075153
21
0.054089
31
-0.035882
12
0.075007
22
0.053875
32
-0.036167
0
3DFACE
62
163
10
0.083542
20
0.057845
30
-0.049327
11
0.083034
21
0.057941
31
-0.049343
12
0.083479
22
0.057601
32
-0.049495
0
3DFACE
62
163
10
0.083542
20
0.057845
30
-0.049327
11
0.083479
21
0.057601
31
-0.049495
12
0.084056
22
0.057820
32
-0.049441
0
3DFACE
62
163
10
0.083542
20
0.057845
30
-0.049327
11
0.084056
21
0.057820
31
-0.049441
12
0.084169
22
0.058263
32
-0.049039
0
3DFACE
62
163
10
0.083542
20
0.057845
30
-0.049327
11
0.084169
21
0.058263
31
-0.049039
12
0.083943
22
0.058547
32
-0.048944
0
3DFACE
62
163
10
0.083542
20
0.057845
30
-0.049327
11
0.083943
21
0.058547
31
-0.048944
12
0.083034
22
0.057941
32
-0.049343
0
3DFACE
62
163
10
0.084415
20
0.058426
30
-0.048903
11
0.084457
21
0.058089
31
-0.049246
12
0.084907
22
0.058389
32
-0.048986
0
3DFACE
62
163
10
0.084415
20
0.058426
30
-0.048903
11
0.083943
21
0.058547
31
-0.048944
12
0.084169
22
0.058263
32
-0.049039
0
3DFACE
62
163
10
0.084415
20
0.058426
30
-0.048903
11
0.084169
21
0.058263
31
-0.049039
12
0.084457
22
0.058089
32
-0.049246
0
3DFACE
62
163
10
0.084849
20
0.058710
30
-0.048628
11
0.085218
21
0.058755
31
-0.048558
12
0.084803
22
0.059106
32
-0.048395
0
3DFACE
62
163
10
0.084849
20
0.058710
30
-0.048628
11
0.084907
21
0.058389
31
-0.048986
12
0.085218
22
0.058755
32
-0.048558
0
3DFACE
62
163
10
0.084849
20
0.058710
30
-0.048628
11
0.084415
21
0.058426
31
-0.048903
12
0.084907
22
0.058389
32
-0.048986
0
3DFACE
62
163
10
0.084849
20
0.058710
30
-0.048628
11
0.083943
21
0.058547
31
-0.048944
12
0.084415
22
0.058426
32
-0.048903
0
3DFACE
62
163
10
0.084849
20
0.058710
30
-0.048628
11
0.084803
21
0.059106
31
-0.048395
12
0.083943
22
0.058547
32
-0.048944
0
3DFACE
62
163
10
0.084667
20
0.053749
30
-0.033234
11
0.084231
21
0.053718
31
-0.033443
12
0.084523
22
0.054086
32
-0.033471
0
3DFACE
62
163
10
0.084667
20
0.053749
30
-0.033234
11
0.084523
21
0.054086
31
-0.033471
12
0.085046
22
0.054470
32
-0.033456
0
3DFACE
62
163
10
0.084667
20
0.053749
30
-0.033234
11
0.085046
21
0.054470
31
-0.033456
12
0.085449
22
0.054405
32
-0.033040
0
3DFACE
62
163
10
0.084667
20
0.053749
30
-0.033234
11
0.084457
21
0.053486
31
-0.033217
12
0.084231
22
0.053718
32
-0.033443
0
3DFACE
62
163
10
0.084667
20
0.053749
30
-0.033234
11
0.085449
21
0.054405
31
-0.033040
12
0.084723
22
0.053501
32
-0.032902
0
3DFACE
62
163
10
0.084667
20
0.053749
30
-0.033234
11
0.084723
21
0.053501
31
-0.032902
12
0.084457
22
0.053486
32
-0.033217
0
3DFACE
62
163
10
0.080384
20
0.048656
30
-0.036089
11
0.080098
21
0.048856
31
-0.036284
12
0.080573
22
0.049543
32
-0.035472
0
3DFACE
62
163
10
0.080384
20
0.048656
30
-0.036089
11
0.080271
21
0.048487
31
-0.036313
12
0.080098
22
0.048856
32
-0.036284
0
3DFACE
62
163
10
0.080384
20
0.048656
30
-0.036089
11
0.080573
21
0.049543
31
-0.035472
12
0.080801
22
0.048980
32
-0.035434
0
3DFACE
62
163
10
0.080384
20
0.048656
30
-0.036089
11
0.080365
21
0.048133
31
-0.036167
12
0.080271
22
0.048487
32
-0.036313
0
3DFACE
62
163
10
0.080384
20
0.048656
30
-0.036089
11
0.080563
21
0.048420
31
-0.035790
12
0.080365
22
0.048133
32
-0.036167
0
3DFACE
62
163
10
0.080384
20
0.048656
30
-0.036089
11
0.080801
21
0.048980
31
-0.035434
12
0.080563
22
0.048420
32
-0.035790
0
3DFACE
62
163
10
0.080250
20
0.047962
30
-0.036412
11
0.080086
21
0.048206
31
-0.036725
12
0.080271
22
0.048487
32
-0.036313
0
3DFACE
62
163
10
0.080250
20
0.047962
30
-0.036412
11
0.080271
21
0.048487
31
-0.036313
12
0.080365
22
0.048133
32
-0.036167
0
3DFACE
62
163
10
0.080250
20
0.047962
30
-0.036412
11
0.080365
21
0.048133
31
-0.036167
12
0.080284
22
0.047768
32
-0.036031
0
3DFACE
62
163
10
0.080066
20
0.047677
30
-0.036860
11
0.080086
21
0.048206
31
-0.036725
12
0.080250
22
0.047962
32
-0.036412
0
3DFACE
62
163
10
0.080066
20
0.047677
30
-0.036860
11
0.079962
21
0.047730
31
-0.037157
12
0.080086
22
0.048206
32
-0.036725
0
3DFACE
62
163
10
0.080066
20
0.047677
30
-0.036860
11
0.079902
21
0.047185
31
-0.036966
12
0.079962
22
0.047730
32
-0.037157
0
3DFACE
62
163
10
0.080066
20
0.047677
30
-0.036860
11
0.080284
21
0.047768
31
-0.036031
12
0.079902
22
0.047185
32
-0.036966
0
3DFACE
62
163
10
0.080066
20
0.047677
30
-0.036860
11
0.080250
21
0.047962
31
-0.036412
12
0.080284
22
0.047768
32
-0.036031
0
3DFACE
62
163
10
0.086908
20
0.050753
30
-0.049738
11
0.086474
21
0.050901
31
-0.049665
12
0.086541
22
0.050502
32
-0.049737
0
3DFACE
62
163
10
0.086908
20
0.050753
30
-0.049738
11
0.086541
21
0.050502
31
-0.049737
12
0.086757
22
0.050261
32
-0.049963
0
3DFACE
62
163
10
0.086908
20
0.050753
30
-0.049738
11
0.086757
21
0.050261
31
-0.049963
12
0.087318
22
0.050648
32
-0.049957
0
3DFACE
62
163
10
0.087393
20
0.051084
30
-0.049704
11
0.086908
21
0.050753
31
-0.049738
12
0.087318
22
0.050648
32
-0.049957
0
3DFACE
62
163
10
0.087393
20
0.051084
30
-0.049704
11
0.087436
21
0.051554
31
-0.049587
12
0.086474
22
0.050901
32
-0.049665
0
3DFACE
62
163
10
0.087393
20
0.051084
30
-0.049704
11
0.086474
21
0.050901
31
-0.049665
12
0.086908
22
0.050753
32
-0.049738
0
3DFACE
62
163
10
0.087393
20
0.051084
30
-0.049704
11
0.087796
21
0.051153
31
-0.049762
12
0.087436
22
0.051554
32
-0.049587
0
3DFACE
62
163
10
0.087393
20
0.051084
30
-0.049704
11
0.087318
21
0.050648
31
-0.049957
12
0.087796
22
0.051153
32
-0.049762
0
3DFACE
62
163
10
0.089528
20
0.052154
30
-0.049389
11
0.089815
21
0.052347
31
-0.049246
12
0.089527
22
0.052521
32
-0.049039
0
3DFACE
62
163
10
0.089528
20
0.052154
30
-0.049389
11
0.088994
21
0.051572
31
-0.049988
12
0.089907
22
0.052197
32
-0.049613
0
3DFACE
62
163
10
0.089528
20
0.052154
30
-0.049389
11
0.089527
21
0.052521
31
-0.049039
12
0.089097
22
0.052234
32
-0.049246
0
3DFACE
62
163
10
0.089528
20
0.052154
30
-0.049389
11
0.088731
21
0.051787
31
-0.049531
12
0.088994
22
0.051572
32
-0.049988
0
3DFACE
62
163
10
0.089528
20
0.052154
30
-0.049389
11
0.089907
21
0.052197
31
-0.049613
12
0.089815
22
0.052347
32
-0.049246
0
3DFACE
62
163
10
0.089528
20
0.052154
30
-0.049389
11
0.089097
21
0.052234
31
-0.049246
12
0.088731
22
0.051787
32
-0.049531
0
3DFACE
62
163
10
0.089722
20
0.052650
30
-0.048932
11
0.090481
21
0.052952
31
-0.048627
12
0.090155
22
0.053360
32
-0.048400
0
3DFACE
62
163
10
0.089722
20
0.052650
30
-0.048932
11
0.089527
21
0.052521
31
-0.049039
12
0.089815
22
0.052347
32
-0.049246
0
3DFACE
62
163
10
0.089722
20
0.052650
30
-0.048932
11
0.090155
21
0.053360
31
-0.048400
12
0.089294
22
0.052800
32
-0.048947
0
3DFACE
62
163
10
0.089722
20
0.052650
30
-0.048932
11
0.090170
21
0.052584
31
-0.049045
12
0.090481
22
0.052952
32
-0.048627
0
3DFACE
62
163
10
0.089722
20
0.052650
30
-0.048932
11
0.089294
21
0.052800
31
-0.048947
12
0.089527
22
0.052521
32
-0.049039
0
3DFACE
62
163
10
0.089722
20
0.052650
30
-0.048932
11
0.089815
21
0.052347
31
-0.049246
12
0.090170
22
0.052584
32
-0.049045
0
3DFACE
62
163
10
0.094097
20
0.054752
30
-0.043435
11
0.094415
21
0.054813
31
-0.043682
12
0.094676
22
0.054830
32
-0.042545
0
3DFACE
62
163
10
0.094097
20
0.054752
30
-0.043435
11
0.093759
21
0.054843
31
-0.043219
12
0.093640
22
0.054824
32
-0.043649
0
3DFACE
62
163
10
0.094097
20
0.054752
30
-0.043435
11
0.094080
21
0.054781
31
-0.042646
12
0.093759
22
0.054843
32
-0.043219
0
3DFACE
62
163
10
0.094097
20
0.054752
30
-0.043435
11
0.094021
21
0.054737
31
-0.043706
12
0.094415
22
0.054813
32
-0.043682
0
3DFACE
62
163
10
0.094097
20
0.054752
30
-0.043435
11
0.093640
21
0.054824
31
-0.043649
12
0.094021
22
0.054737
32
-0.043706
0
3DFACE
62
163
10
0.094097
20
0.054752
30
-0.043435
11
0.094676
21
0.054830
31
-0.042545
12
0.094080
22
0.054781
32
-0.042646
0
3DFACE
62
163
10
0.086008
20
0.043296
30
-0.035629
11
0.085460
21
0.043118
31
-0.036277
12
0.085936
22
0.043806
32
-0.035467
0
3DFACE
62
163
10
0.086008
20
0.043296
30
-0.035629
11
0.085936
21
0.043806
31
-0.035467
12
0.086217
22
0.043320
32
-0.035348
0
3DFACE
62
163
10
0.086008
20
0.043296
30
-0.035629
11
0.086217
21
0.043320
31
-0.035348
12
0.085973
22
0.042752
32
-0.035698
0
3DFACE
62
163
10
0.085769
20
0.042951
30
-0.036040
11
0.085723
21
0.042391
31
-0.036167
12
0.085629
22
0.042745
32
-0.036313
0
3DFACE
62
163
10
0.085769
20
0.042951
30
-0.036040
11
0.085460
21
0.043118
31
-0.036277
12
0.086008
22
0.043296
32
-0.035629
0
3DFACE
62
163
10
0.085769
20
0.042951
30
-0.036040
11
0.086008
21
0.043296
31
-0.035629
12
0.085973
22
0.042752
32
-0.035698
0
3DFACE
62
163
10
0.085769
20
0.042951
30
-0.036040
11
0.085973
21
0.042752
31
-0.035698
12
0.085723
22
0.042391
32
-0.036167
0
3DFACE
62
163
10
0.085769
20
0.042951
30
-0.036040
11
0.085629
21
0.042745
31
-0.036313
12
0.085460
22
0.043118
32
-0.036277
0
3DFACE
62
163
10
0.085207
20
0.040326
30
-0.043437
11
0.085180
21
0.040718
31
-0.043504
12
0.085088
22
0.040706
32
-0.043157
0
3DFACE
62
163
10
0.085207
20
0.040326
30
-0.043437
11
0.085421
21
0.040053
31
-0.044495
12
0.085413
22
0.040572
32
-0.044110
0
3DFACE
62
163
10
0.085207
20
0.040326
30
-0.043437
11
0.085079
21
0.039961
31
-0.043383
12
0.085421
22
0.040053
32
-0.044495
0
3DFACE
62
163
10
0.085207
20
0.040326
30
-0.043437
11
0.085146
21
0.040318
31
-0.043200
12
0.085079
22
0.039961
32
-0.043383
0
3DFACE
62
163
10
0.085207
20
0.040326
30
-0.043437
11
0.085413
21
0.040572
31
-0.044110
12
0.085180
22
0.040718
32
-0.043504
0
3DFACE
62
163
10
0.085207
20
0.040326
30
-0.043437
11
0.085088
21
0.040706
31
-0.043157
12
0.085146
22
0.040318
32
-0.043200
0
3DFACE
62
163
10
0.091447
20
0.044058
30
-0.049899
11
0.091278
21
0.043695
31
-0.050171
12
0.092230
22
0.044358
32
-0.050285
0
3DFACE
62
163
10
0.091447
20
0.044058
30
-0.049899
11
0.091158
21
0.044043
31
-0.049736
12
0.091278
22
0.043695
32
-0.050171
0
3DFACE
62
163
10
0.091447
20
0.044058
30
-0.049899
11
0.091506
21
0.044491
31
-0.049708
12
0.091158
22
0.044043
32
-0.049736
0
3DFACE
62
163
10
0.091447
20
0.044058
30
-0.049899
11
0.092115
21
0.044519
31
-0.049963
12
0.091506
22
0.044491
32
-0.049708
0
3DFACE
62
163
10
0.091447
20
0.044058
30
-0.049899
11
0.092230
21
0.044358
31
-0.050285
12
0.092115
22
0.044519
32
-0.049963
0
3DFACE
62
163
10
0.097237
20
0.048260
30
-0.047065
11
0.097491
21
0.048085
31
-0.047328
12
0.097738
22
0.048231
32
-0.047013
0
3DFACE
62
163
10
0.097237
20
0.048260
30
-0.047065
11
0.096914
21
0.047886
31
-0.047693
12
0.097491
22
0.048085
32
-0.047328
0
3DFACE
62
163
10
0.097237
20
0.048260
30
-0.047065
11
0.097391
21
0.048350
31
-0.046867
12
0.097028
22
0.048543
32
-0.046906
0
3DFACE
62
163
10
0.097237
20
0.048260
30
-0.047065
11
0.097738
21
0.048231
31
-0.047013
12
0.097391
22
0.048350
32
-0.046867
0
3DFACE
62
163
10
0.097237
20
0.048260
30
-0.047065
11
0.097028
21
0.048543
31
-0.046906
12
0.096309
22
0.048115
32
-0.047716
0
3DFACE
62
163
10
0.097237
20
0.048260
30
-0.047065
11
0.096309
21
0.048115
31
-0.047716
12
0.096914
22
0.047886
32
-0.047693
0
3DFACE
62
163
10
0.093207
20
0.040014
30
-0.033843
11
0.093141
21
0.040521
31
-0.033831
12
0.093468
22
0.040077
32
-0.033671
0
3DFACE
62
163
10
0.093207
20
0.040014
30
-0.033843
11
0.093468
21
0.040077
31
-0.033671
12
0.093202
22
0.039506
32
-0.033725
0
3DFACE
62
163
10
0.093207
20
0.040014
30
-0.033843
11
0.093202
21
0.039506
31
-0.033725
12
0.092728
22
0.039395
32
-0.034141
0
3DFACE
62
163
10
0.093207
20
0.040014
30
-0.033843
11
0.092728
21
0.039395
31
-0.034141
12
0.092473
22
0.039656
32
-0.034227
0
3DFACE
62
163
10
0.093207
20
0.040014
30
-0.033843
11
0.092473
21
0.039656
31
-0.034227
12
0.093141
22
0.040521
32
-0.033831
0
3DFACE
62
163
10
0.092565
20
0.039183
30
-0.034263
11
0.092881
21
0.039095
31
-0.033934
12
0.092573
22
0.038696
32
-0.034175
0
3DFACE
62
163
10
0.092565
20
0.039183
30
-0.034263
11
0.092473
21
0.039656
31
-0.034227
12
0.092728
22
0.039395
32
-0.034141
0
3DFACE
62
163
10
0.092565
20
0.039183
30
-0.034263
11
0.092728
21
0.039395
31
-0.034141
12
0.092881
22
0.039095
32
-0.033934
0
3DFACE
62
163
10
0.092251
20
0.038768
30
-0.034536
11
0.092573
21
0.038696
31
-0.034175
12
0.092191
22
0.038418
32
-0.034594
0
3DFACE
62
163
10
0.092251
20
0.038768
30
-0.034536
11
0.092473
21
0.039656
31
-0.034227
12
0.092565
22
0.039183
32
-0.034263
0
3DFACE
62
163
10
0.092251
20
0.038768
30
-0.034536
11
0.092191
21
0.038418
31
-0.034594
12
0.091854
22
0.038835
32
-0.034773
0
3DFACE
62
163
10
0.092251
20
0.038768
30
-0.034536
11
0.092565
21
0.039183
31
-0.034263
12
0.092573
22
0.038696
32
-0.034175
0
3DFACE
62
163
10
0.092251
20
0.038768
30
-0.034536
11
0.091854
21
0.038835
31
-0.034773
12
0.092473
22
0.039656
32
-0.034227
0
3DFACE
62
163
10
0.102555
20
0.042495
30
-0.047114
11
0.103097
21
0.042489
31
-0.047013
12
0.102750
22
0.042607
32
-0.046867
0
3DFACE
62
163
10
0.102555
20
0.042495
30
-0.047114
11
0.102381
21
0.042797
31
-0.046913
12
0.101661
22
0.042369
32
-0.047722
0
3DFACE
62
163
10
0.102555
20
0.042495
30
-0.047114
11
0.102772
21
0.042296
31
-0.047420
12
0.103097
22
0.042489
32
-0.047013
0
3DFACE
62
163
10
0.102555
20
0.042495
30
-0.047114
11
0.102750
21
0.042607
31
-0.046867
12
0.102381
22
0.042797
32
-0.046913
0
3DFACE
62
163
10
0.102555
20
0.042495
30
-0.047114
11
0.101661
21
0.042369
31
-0.047722
12
0.102187
22
0.042092
32
-0.047780
0
3DFACE
62
163
10
0.102555
20
0.042495
30
-0.047114
11
0.102187
21
0.042092
31
-0.047780
12
0.102772
22
0.042296
32
-0.047420
0
3DFACE
62
163
10
0.103548
20
0.042742
30
-0.046359
11
0.103418
21
0.042516
31
-0.047214
12
0.104032
22
0.042863
32
-0.046286
0
3DFACE
62
163
10
0.103548
20
0.042742
30
-0.046359
11
0.104032
21
0.042863
31
-0.046286
12
0.103501
22
0.042849
32
-0.046067
0
3DFACE
62
163
10
0.103548
20
0.042742
30
-0.046359
11
0.103037
21
0.042769
31
-0.046464
12
0.103097
22
0.042489
32
-0.047013
0
3DFACE
62
163
10
0.103548
20
0.042742
30
-0.046359
11
0.103097
21
0.042489
31
-0.047013
12
0.103418
22
0.042516
32
-0.047214
0
3DFACE
62
163
10
0.103548
20
0.042742
30
-0.046359
11
0.103501
21
0.042849
31
-0.046067
12
0.103037
22
0.042769
32
-0.046464
0
3DFACE
62
163
10
0.100750
20
0.037053
30
-0.033496
11
0.099927
21
0.036604
31
-0.033515
12
0.100643
22
0.037513
32
-0.033604
0
3DFACE
62
163
10
0.100750
20
0.037053
30
-0.033496
11
0.100306
21
0.036491
31
-0.033443
12
0.099927
22
0.036604
32
-0.033515
0
3DFACE
62
163
10
0.100750
20
0.037053
30
-0.033496
11
0.100643
21
0.037513
31
-0.033604
12
0.101023
22
0.037119
32
-0.033432
0
3DFACE
62
163
10
0.100750
20
0.037053
30
-0.033496
11
0.100831
21
0.036634
31
-0.033245
12
0.100306
22
0.036491
32
-0.033443
0
3DFACE
62
163
10
0.100750
20
0.037053
30
-0.033496
11
0.101023
21
0.037119
31
-0.033432
12
0.100831
22
0.036634
32
-0.033245
0
3DFACE
62
163
10
0.100050
20
0.036168
30
-0.033441
11
0.100306
21
0.036491
31
-0.033443
12
0.100532
22
0.036259
32
-0.033217
0
3DFACE
62
163
10
0.100050
20
0.036168
30
-0.033441
11
0.099927
21
0.036604
31
-0.033515
12
0.100306
22
0.036491
32
-0.033443
0
3DFACE
62
163
10
0.100050
20
0.036168
30
-0.033441
11
0.100532
21
0.036259
31
-0.033217
12
0.100133
22
0.035759
32
-0.033221
0
3DFACE
62
163
10
0.099686
20
0.035706
30
-0.033473
11
0.099209
21
0.035689
31
-0.033590
12
0.099927
22
0.036604
32
-0.033515
0
3DFACE
62
163
10
0.099686
20
0.035706
30
-0.033473
11
0.100050
21
0.036168
31
-0.033441
12
0.100133
22
0.035759
32
-0.033221
0
3DFACE
62
163
10
0.099686
20
0.035706
30
-0.033473
11
0.099927
21
0.036604
31
-0.033515
12
0.100050
22
0.036168
32
-0.033441
0
3DFACE
62
163
10
0.099686
20
0.035706
30
-0.033473
11
0.099603
21
0.035326
31
-0.033411
12
0.099209
22
0.035689
32
-0.033590
0
3DFACE
62
163
10
0.099686
20
0.035706
30
-0.033473
11
0.100133
21
0.035759
31
-0.033221
12
0.099603
22
0.035326
32
-0.033411
0
3DFACE
62
163
10
0.096432
20
0.031388
30
-0.036141
11
0.096660
21
0.032333
31
-0.035455
12
0.096807
22
0.031656
32
-0.035540
0
3DFACE
62
163
10
0.096432
20
0.031388
30
-0.036141
11
0.096807
21
0.031656
31
-0.035540
12
0.096568
22
0.031093
32
-0.035916
0
3DFACE
62
163
10
0.096432
20
0.031388
30
-0.036141
11
0.096568
21
0.031093
31
-0.035916
12
0.096440
22
0.030906
32
-0.036167
0
3DFACE
62
163
10
0.096432
20
0.031388
30
-0.036141
11
0.096345
21
0.031260
31
-0.036313
12
0.096183
22
0.031644
32
-0.036263
0
3DFACE
62
163
10
0.096432
20
0.031388
30
-0.036141
11
0.096183
21
0.031644
31
-0.036263
12
0.096660
22
0.032333
32
-0.035455
0
3DFACE
62
163
10
0.096432
20
0.031388
30
-0.036141
11
0.096440
21
0.030906
31
-0.036167
12
0.096345
22
0.031260
32
-0.036313
0
3DFACE
62
163
10
0.095665
20
0.029225
30
-0.042520
11
0.095804
21
0.029221
31
-0.043157
12
0.095502
22
0.029543
32
-0.042689
0
3DFACE
62
163
10
0.095665
20
0.029225
30
-0.042520
11
0.095502
21
0.029543
31
-0.042689
12
0.095325
22
0.029623
32
-0.041538
0
3DFACE
62
163
10
0.095665
20
0.029225
30
-0.042520
11
0.095689
21
0.028842
31
-0.042361
12
0.095804
22
0.029221
32
-0.043157
0
3DFACE
62
163
10
0.095665
20
0.029225
30
-0.042520
11
0.095325
21
0.029623
31
-0.041538
12
0.095643
22
0.029054
32
-0.042114
0
3DFACE
62
163
10
0.095665
20
0.029225
30
-0.042520
11
0.095643
21
0.029054
31
-0.042114
12
0.095689
22
0.028842
32
-0.042361
0
3DFACE
62
163
10
0.096207
20
0.029714
30
-0.044896
11
0.095795
21
0.029576
31
-0.043811
12
0.096187
22
0.029212
32
-0.044317
0
3DFACE
62
163
10
0.096704
20
0.029694
30
-0.045638
11
0.096207
21
0.029714
31
-0.044896
12
0.096187
22
0.029212
32
-0.044317
0
3DFACE
62
163
10
0.096726
20
0.029954
30
-0.045907
11
0.096207
21
0.029714
31
-0.044896
12
0.096704
22
0.029694
32
-0.045638
0
3DFACE
62
163
10
0.097340
20
0.030288
30
-0.046825
11
0.096726
21
0.029954
31
-0.045907
12
0.096704
22
0.029694
32
-0.045638
0
3DFACE
62
163
10
0.073020
20
0.059695
30
-0.049021
11
0.073423
21
0.060286
31
-0.049132
12
0.072714
22
0.059625
32
-0.048762
0
3DFACE
62
163
10
0.073020
20
0.059695
30
-0.049021
11
0.072319
21
0.058966
31
-0.048794
12
0.073389
22
0.059680
32
-0.049507
0
3DFACE
62
163
10
0.073020
20
0.059695
30
-0.049021
11
0.072714
21
0.059625
31
-0.048762
12
0.072319
22
0.058966
32
-0.048794
0
3DFACE
62
163
10
0.075825
20
0.061987
30
-0.049737
11
0.076627
21
0.062977
31
-0.049602
12
0.075442
22
0.062170
32
-0.049655
0
3DFACE
62
163
10
0.076041
20
0.061746
30
-0.049963
11
0.075741
21
0.061296
31
-0.050255
12
0.076813
22
0.062044
32
-0.050275
0
3DFACE
62
163
10
0.078810
20
0.064005
30
-0.049039
11
0.078592
21
0.064294
31
-0.048940
12
0.077684
22
0.063688
32
-0.049340
0
3DFACE
62
163
10
0.082924
20
0.066309
30
-0.043649
11
0.082841
21
0.066551
31
-0.042754
12
0.082541
22
0.066512
32
-0.043875
0
3DFACE
62
163
10
0.083305
20
0.066222
30
-0.043706
11
0.083513
21
0.066245
31
-0.044280
12
0.083832
22
0.066318
32
-0.043164
0
3DFACE
62
163
10
0.083389
20
0.065975
30
-0.040023
11
0.083032
21
0.065997
31
-0.039330
12
0.083088
22
0.066291
32
-0.040451
0
3DFACE
62
163
10
0.083772
20
0.065891
30
-0.039980
11
0.084142
21
0.066150
31
-0.040853
12
0.084128
22
0.065912
32
-0.039714
0
3DFACE
62
163
10
0.082695
20
0.064561
30
-0.036708
11
0.082199
21
0.064487
31
-0.036314
12
0.082580
22
0.065084
32
-0.037233
0
3DFACE
62
163
10
0.083049
20
0.064448
30
-0.036572
11
0.083447
21
0.064592
31
-0.036558
12
0.083027
22
0.063976
32
-0.035664
0
3DFACE
62
163
10
0.081057
20
0.062265
30
-0.034360
11
0.080558
21
0.062224
31
-0.034252
12
0.081173
22
0.063039
32
-0.034803
0
3DFACE
62
163
10
0.081354
20
0.062100
30
-0.034159
11
0.081949
21
0.062511
31
-0.034195
12
0.081318
22
0.061698
32
-0.033654
0
3DFACE
62
163
10
0.079099
20
0.059229
30
-0.033217
11
0.079925
21
0.059940
31
-0.032995
12
0.079198
22
0.059036
32
-0.032892
0
3DFACE
62
163
10
0.074131
20
0.052291
30
-0.039474
11
0.074044
21
0.051953
31
-0.039325
12
0.073992
22
0.051678
32
-0.040456
0
3DFACE
62
163
10
0.074372
20
0.052191
30
-0.043157
11
0.074373
21
0.052548
31
-0.043845
12
0.074077
22
0.052512
32
-0.042724
0
3DFACE
62
163
10
0.074430
20
0.051802
30
-0.043200
11
0.074225
21
0.051437
31
-0.042770
12
0.074505
22
0.051475
32
-0.043897
0
3DFACE
62
163
10
0.075830
20
0.052785
30
-0.046472
11
0.075936
21
0.053273
31
-0.046862
12
0.075315
22
0.052935
32
-0.045943
0
3DFACE
62
163
10
0.075918
20
0.052424
30
-0.046608
11
0.075396
21
0.051848
31
-0.046027
12
0.075984
22
0.052172
32
-0.046977
0
3DFACE
62
163
10
0.078234
20
0.054260
30
-0.048820
11
0.078306
21
0.054753
31
-0.048926
12
0.077451
22
0.054196
32
-0.048375
0
3DFACE
62
163
10
0.078379
20
0.053953
30
-0.049021
11
0.078251
21
0.053603
31
-0.049210
12
0.079126
22
0.054194
32
-0.049698
0
3DFACE
62
163
10
0.081183
20
0.056245
30
-0.049737
11
0.081123
21
0.056648
31
-0.049665
12
0.080166
22
0.055997
32
-0.049580
0
3DFACE
62
163
10
0.081399
20
0.056003
30
-0.049963
11
0.080999
21
0.055484
31
-0.050243
12
0.081951
22
0.056148
32
-0.050287
0
3DFACE
62
163
10
0.086675
20
0.059834
30
-0.046867
11
0.086948
21
0.060375
31
-0.045975
12
0.086322
22
0.060034
32
-0.046893
0
3DFACE
62
163
10
0.088747
20
0.060233
30
-0.040023
11
0.088391
21
0.060257
31
-0.039339
12
0.088447
22
0.060550
32
-0.040460
0
3DFACE
62
163
10
0.089130
20
0.060148
30
-0.039980
11
0.089499
21
0.060233
31
-0.039973
12
0.089400
22
0.059915
32
-0.038856
0
3DFACE
62
163
10
0.088053
20
0.058819
30
-0.036708
11
0.087560
21
0.058750
31
-0.036321
12
0.087941
22
0.059346
32
-0.037241
0
3DFACE
62
163
10
0.088407
20
0.058706
30
-0.036572
11
0.088889
21
0.058979
31
-0.036776
12
0.088489
22
0.058383
32
-0.035862
0
3DFACE
62
163
10
0.086415
20
0.056523
30
-0.034360
11
0.085921
21
0.056488
31
-0.034255
12
0.086536
22
0.057302
32
-0.034808
0
3DFACE
62
163
10
0.086712
20
0.056357
30
-0.034159
11
0.087445
21
0.056949
31
-0.034338
12
0.086825
22
0.056147
32
-0.033767
0
3DFACE
62
163
10
0.082165
20
0.050580
30
-0.033934
11
0.082568
21
0.050807
31
-0.033405
12
0.081909
22
0.049968
32
-0.033866
0
3DFACE
62
163
10
0.079429
20
0.046935
30
-0.039531
11
0.079193
21
0.047038
31
-0.040412
12
0.079254
22
0.047335
32
-0.039292
0
3DFACE
62
163
10
0.079730
20
0.046448
30
-0.043157
11
0.079729
21
0.046805
31
-0.043837
12
0.079433
22
0.046770
32
-0.042716
0
3DFACE
62
163
10
0.079788
20
0.046060
30
-0.043200
11
0.079534
21
0.045701
31
-0.042506
12
0.079789
22
0.045715
32
-0.043640
0
3DFACE
62
163
10
0.081189
20
0.047042
30
-0.046472
11
0.081289
21
0.047528
31
-0.046855
12
0.080668
22
0.047190
32
-0.045935
0
3DFACE
62
163
10
0.083593
20
0.048518
30
-0.048820
11
0.083658
21
0.049006
31
-0.048923
12
0.082803
22
0.048449
32
-0.048370
0
3DFACE
62
163
10
0.083737
20
0.048210
30
-0.049021
11
0.083415
21
0.047731
31
-0.049078
12
0.084278
22
0.048312
32
-0.049598
0
3DFACE
62
163
10
0.086541
20
0.050502
30
-0.049737
11
0.086474
21
0.050901
31
-0.049665
12
0.085517
22
0.050249
32
-0.049579
0
3DFACE
62
163
10
0.092033
20
0.054092
30
-0.046867
11
0.092301
21
0.054631
31
-0.045983
12
0.091675
22
0.054288
32
-0.046900
0
3DFACE
62
163
10
0.092380
20
0.053973
30
-0.047013
11
0.092334
21
0.053779
31
-0.047674
12
0.092994
22
0.054170
32
-0.046800
0
3DFACE
62
163
10
0.094105
20
0.054491
30
-0.040023
11
0.093750
21
0.054518
31
-0.039348
12
0.093805
22
0.054810
32
-0.040469
0
3DFACE
62
163
10
0.094488
20
0.054406
30
-0.039980
11
0.094865
21
0.054548
31
-0.040233
12
0.094791
22
0.054255
32
-0.039110
0
3DFACE
62
163
10
0.093412
20
0.053076
30
-0.036708
11
0.092922
21
0.053013
31
-0.036328
12
0.093301
22
0.053608
32
-0.037248
0
3DFACE
62
163
10
0.093765
20
0.052964
30
-0.036572
11
0.094326
21
0.053362
31
-0.036999
12
0.093947
22
0.052785
32
-0.036064
0
3DFACE
62
163
10
0.089590
20
0.047976
30
-0.033443
11
0.089199
21
0.048074
31
-0.033515
12
0.089916
22
0.048984
32
-0.033601
0
3DFACE
62
163
10
0.089816
20
0.047744
30
-0.033217
11
0.090248
21
0.047966
31
-0.032920
12
0.089519
22
0.047061
32
-0.032900
0
3DFACE
62
163
10
0.087370
20
0.045137
30
-0.034141
11
0.087110
21
0.045391
31
-0.034231
12
0.087777
22
0.046256
32
-0.033833
0
3DFACE
62
163
10
0.085629
20
0.042745
30
-0.036313
11
0.085074
21
0.042517
31
-0.037193
12
0.085460
22
0.043118
32
-0.036277
0
3DFACE
62
163
10
0.084787
20
0.041193
30
-0.039531
11
0.084552
21
0.041297
31
-0.040403
12
0.084613
22
0.041596
32
-0.039283
0
3DFACE
62
163
10
0.084848
20
0.040807
30
-0.039474
11
0.084821
21
0.040627
31
-0.038819
12
0.084718
22
0.040307
32
-0.039932
0
3DFACE
62
163
10
0.085088
20
0.040706
30
-0.043157
11
0.085084
21
0.041062
31
-0.043828
12
0.084789
22
0.041027
32
-0.042707
0
3DFACE
62
163
10
0.085146
20
0.040318
30
-0.043200
11
0.084848
21
0.039970
31
-0.042242
12
0.085079
22
0.039961
32
-0.043383
0
3DFACE
62
163
10
0.086547
20
0.041300
30
-0.046472
11
0.086641
21
0.041783
31
-0.046849
12
0.086022
22
0.041445
32
-0.045928
0
3DFACE
62
163
10
0.086635
20
0.040939
30
-0.046608
11
0.086420
21
0.040528
31
-0.046552
12
0.087057
22
0.040898
32
-0.047453
0
3DFACE
62
163
10
0.088951
20
0.042776
30
-0.048820
11
0.089009
21
0.043259
31
-0.048919
12
0.088155
22
0.042703
32
-0.048365
0
3DFACE
62
163
10
0.089095
20
0.042468
30
-0.049021
11
0.088582
21
0.041862
31
-0.048940
12
0.089433
22
0.042432
32
-0.049490
0
3DFACE
62
163
10
0.095173
20
0.046604
30
-0.049246
11
0.095060
21
0.046315
31
-0.049712
12
0.095935
22
0.046907
32
-0.049229
0
3DFACE
62
163
10
0.099379
20
0.048995
30
-0.043706
11
0.099698
21
0.049052
31
-0.043937
12
0.099984
22
0.049093
32
-0.042809
0
3DFACE
62
163
10
0.099463
20
0.048748
30
-0.040023
11
0.099109
21
0.048778
31
-0.039356
12
0.099163
22
0.049069
32
-0.040478
0
3DFACE
62
163
10
0.099846
20
0.048663
30
-0.039980
11
0.100224
21
0.048859
31
-0.040495
12
0.100175
22
0.048589
32
-0.039365
0
3DFACE
62
163
10
0.098770
20
0.047334
30
-0.036708
11
0.098283
21
0.047275
31
-0.036335
12
0.098662
22
0.047870
32
-0.037256
0
3DFACE
62
163
10
0.099123
20
0.047221
30
-0.036572
11
0.099758
21
0.047741
31
-0.037227
12
0.099400
22
0.047183
32
-0.036270
0
3DFACE
62
163
10
0.094948
20
0.042233
30
-0.033443
11
0.094563
21
0.042339
31
-0.033515
12
0.095279
22
0.043249
32
-0.033603
0
3DFACE
62
163
10
0.095174
20
0.042001
30
-0.033217
11
0.095774
21
0.042432
31
-0.032947
12
0.095045
22
0.041527
32
-0.032891
0
3DFACE
62
163
10
0.090987
20
0.037003
30
-0.036313
11
0.090435
21
0.036779
31
-0.037186
12
0.090821
22
0.037381
32
-0.036270
0
3DFACE
62
163
10
0.091081
20
0.036648
30
-0.036167
11
0.091205
21
0.036577
31
-0.035635
12
0.090783
22
0.035959
32
-0.036525
0
3DFACE
62
163
10
0.090446
20
0.034963
30
-0.043157
11
0.090439
21
0.035319
31
-0.043819
12
0.090146
22
0.035285
32
-0.042698
0
3DFACE
62
163
10
0.090504
20
0.034575
30
-0.043200
11
0.090375
21
0.034211
31
-0.043124
12
0.090690
22
0.034280
32
-0.044242
0
3DFACE
62
163
10
0.091905
20
0.035557
30
-0.046472
11
0.091994
21
0.036037
31
-0.046842
12
0.091376
22
0.035701
32
-0.045920
0
3DFACE
62
163
10
0.091993
20
0.035197
30
-0.046608
11
0.091644
21
0.034712
31
-0.046333
12
0.092261
22
0.035063
32
-0.047254
0
3DFACE
62
163
10
0.094453
20
0.036725
30
-0.049021
11
0.093752
21
0.035996
31
-0.048794
12
0.094591
22
0.036554
32
-0.049376
0
3DFACE
62
163
10
0.100531
20
0.040862
30
-0.049246
11
0.100210
21
0.040430
31
-0.049803
12
0.101096
22
0.041033
32
-0.049353
0
3DFACE
62
163
10
0.104356
20
0.043339
30
-0.043649
11
0.104266
21
0.043582
31
-0.042790
12
0.103962
22
0.043540
32
-0.043909
0
3DFACE
62
163
10
0.104737
20
0.043252
30
-0.043706
11
0.104976
21
0.043286
31
-0.044190
12
0.105286
22
0.043350
32
-0.043071
0
3DFACE
62
163
10
0.104821
20
0.043006
30
-0.040023
11
0.104468
21
0.043039
31
-0.039365
12
0.104521
22
0.043329
32
-0.040487
0
3DFACE
62
163
10
0.105205
20
0.042921
30
-0.039980
11
0.105578
21
0.043165
31
-0.040759
12
0.105554
22
0.042918
32
-0.039622
0
3DFACE
62
163
10
0.104128
20
0.041592
30
-0.036708
11
0.103645
21
0.041538
31
-0.036342
12
0.104023
22
0.042131
32
-0.037264
0
3DFACE
62
163
10
0.104481
20
0.041479
30
-0.036572
11
0.104848
21
0.041575
31
-0.036481
12
0.104422
22
0.040952
32
-0.035595
0
3DFACE
62
163
10
0.102489
20
0.039295
30
-0.034360
11
0.102011
21
0.039281
31
-0.034267
12
0.102624
22
0.040094
32
-0.034823
0
3DFACE
62
163
10
0.102787
20
0.039130
30
-0.034159
11
0.103332
21
0.039477
31
-0.034145
12
0.102697
22
0.038660
32
-0.033616
0
3DFACE
62
163
10
0.096345
20
0.031260
30
-0.036313
11
0.095796
21
0.031041
31
-0.037178
12
0.096183
22
0.031644
32
-0.036263
0
3DFACE
62
163
10
0.096440
20
0.030906
30
-0.036167
11
0.096672
21
0.030988
31
-0.035445
12
0.096230
22
0.030352
32
-0.036311
0
3DFACE
62
163
10
0.095564
20
0.029322
30
-0.039474
11
0.095469
21
0.028957
31
-0.039416
12
0.095424
22
0.028710
32
-0.040449
0
3DFACE
62
163
10
0.095804
20
0.029221
30
-0.043157
11
0.096187
21
0.029212
31
-0.044317
12
0.095795
22
0.029576
32
-0.043811
0
3DFACE
62
163
10
0.095804
20
0.029221
30
-0.043157
11
0.095795
21
0.029576
31
-0.043811
12
0.095502
22
0.029543
32
-0.042689
0
3DFACE
62
163
10
0.073456
20
0.059956
30
-0.049288
11
0.073020
21
0.059695
31
-0.049021
12
0.073389
22
0.059680
32
-0.049507
0
3DFACE
62
163
10
0.073456
20
0.059956
30
-0.049288
11
0.073423
21
0.060286
31
-0.049132
12
0.073020
22
0.059695
32
-0.049021
0
3DFACE
62
163
10
0.074010
20
0.060328
30
-0.049544
11
0.074154
21
0.060969
31
-0.049411
12
0.073423
22
0.060286
32
-0.049132
0
3DFACE
62
163
10
0.074010
20
0.060328
30
-0.049544
11
0.073389
21
0.059680
31
-0.049507
12
0.074542
22
0.060466
32
-0.050000
0
3DFACE
62
163
10
0.074010
20
0.060328
30
-0.049544
11
0.073456
21
0.059956
31
-0.049288
12
0.073389
22
0.059680
32
-0.049507
0
3DFACE
62
163
10
0.074010
20
0.060328
30
-0.049544
11
0.073423
21
0.060286
31
-0.049132
12
0.073456
22
0.059956
32
-0.049288
0
3DFACE
62
163
10
0.074411
20
0.060674
30
-0.049640
11
0.074154
21
0.060969
31
-0.049411
12
0.074010
22
0.060328
32
-0.049544
0
3DFACE
62
163
10
0.074411
20
0.060674
30
-0.049640
11
0.074010
21
0.060328
31
-0.049544
12
0.074542
22
0.060466
32
-0.050000
0
3DFACE
62
163
10
0.074753
20
0.060974
30
-0.049700
11
0.074794
21
0.061566
31
-0.049571
12
0.074154
22
0.060969
32
-0.049411
0
3DFACE
62
163
10
0.074753
20
0.060974
30
-0.049700
11
0.074542
21
0.060466
31
-0.050000
12
0.075741
22
0.061296
32
-0.050255
0
3DFACE
62
163
10
0.074753
20
0.060974
30
-0.049700
11
0.074154
21
0.060969
31
-0.049411
12
0.074411
22
0.060674
32
-0.049640
0
3DFACE
62
163
10
0.074753
20
0.060974
30
-0.049700
11
0.074411
21
0.060674
31
-0.049640
12
0.074542
22
0.060466
32
-0.050000
0
3DFACE
62
163
10
0.075329
20
0.061367
30
-0.049816
11
0.075442
21
0.062170
31
-0.049655
12
0.074794
22
0.061566
32
-0.049571
0
3DFACE
62
163
10
0.075329
20
0.061367
30
-0.049816
11
0.075825
21
0.061987
31
-0.049737
12
0.075442
22
0.062170
32
-0.049655
0
3DFACE
62
163
10
0.075329
20
0.061367
30
-0.049816
11
0.074794
21
0.061566
31
-0.049571
12
0.074753
22
0.060974
32
-0.049700
0
3DFACE
62
163
10
0.075329
20
0.061367
30
-0.049816
11
0.074753
21
0.060974
31
-0.049700
12
0.075741
22
0.061296
32
-0.050255
0
3DFACE
62
163
10
0.075834
20
0.061603
30
-0.049952
11
0.075329
21
0.061367
31
-0.049816
12
0.075741
22
0.061296
32
-0.050255
0
3DFACE
62
163
10
0.075834
20
0.061603
30
-0.049952
11
0.075825
21
0.061987
31
-0.049737
12
0.075329
22
0.061367
32
-0.049816
0
3DFACE
62
163
10
0.075834
20
0.061603
30
-0.049952
11
0.075741
21
0.061296
31
-0.050255
12
0.076041
22
0.061746
32
-0.049963
0
3DFACE
62
163
10
0.075834
20
0.061603
30
-0.049952
11
0.076041
21
0.061746
31
-0.049963
12
0.075825
22
0.061987
32
-0.049737
0
3DFACE
62
163
10
0.076352
20
0.061960
30
-0.049966
11
0.076041
21
0.061746
31
-0.049963
12
0.076813
22
0.062044
32
-0.050275
0
3DFACE
62
163
10
0.076352
20
0.061960
30
-0.049966
11
0.075825
21
0.061987
31
-0.049737
12
0.076041
22
0.061746
32
-0.049963
0
3DFACE
62
163
10
0.076786
20
0.062437
30
-0.049802
11
0.076813
21
0.062044
31
-0.050275
12
0.077768
22
0.062706
32
-0.050130
0
3DFACE
62
163
10
0.076786
20
0.062437
30
-0.049802
11
0.075825
21
0.061987
31
-0.049737
12
0.076352
22
0.061960
32
-0.049966
0
3DFACE
62
163
10
0.076786
20
0.062437
30
-0.049802
11
0.076352
21
0.061960
31
-0.049966
12
0.076813
22
0.062044
32
-0.050275
0
3DFACE
62
163
10
0.076786
20
0.062437
30
-0.049802
11
0.076627
21
0.062977
31
-0.049602
12
0.075825
22
0.061987
32
-0.049737
0
3DFACE
62
163
10
0.077242
20
0.062748
30
-0.049733
11
0.076786
21
0.062437
31
-0.049802
12
0.077768
22
0.062706
32
-0.050130
0
3DFACE
62
163
10
0.077242
20
0.062748
30
-0.049733
11
0.076627
21
0.062977
31
-0.049602
12
0.076786
22
0.062437
32
-0.049802
0
3DFACE
62
163
10
0.077781
20
0.063114
30
-0.049604
11
0.077768
21
0.062706
31
-0.050130
12
0.078703
22
0.063348
32
-0.049834
0
3DFACE
62
163
10
0.077781
20
0.063114
30
-0.049604
11
0.077684
21
0.063688
31
-0.049340
12
0.076627
22
0.062977
32
-0.049602
0
3DFACE
62
163
10
0.077781
20
0.063114
30
-0.049604
11
0.076627
21
0.062977
31
-0.049602
12
0.077242
22
0.062748
32
-0.049733
0
3DFACE
62
163
10
0.077781
20
0.063114
30
-0.049604
11
0.077242
21
0.062748
31
-0.049733
12
0.077768
22
0.062706
32
-0.050130
0
3DFACE
62
163
10
0.078225
20
0.063414
30
-0.049456
11
0.078810
21
0.064005
31
-0.049039
12
0.077684
22
0.063688
32
-0.049340
0
3DFACE
62
163
10
0.078225
20
0.063414
30
-0.049456
11
0.077684
21
0.063688
31
-0.049340
12
0.077781
22
0.063114
32
-0.049604
0
3DFACE
62
163
10
0.078225
20
0.063414
30
-0.049456
11
0.077781
21
0.063114
31
-0.049604
12
0.078703
22
0.063348
32
-0.049834
0
3DFACE
62
163
10
0.078798
20
0.063630
30
-0.049395
11
0.079592
21
0.063955
31
-0.049395
12
0.079098
22
0.063832
32
-0.049246
0
3DFACE
62
163
10
0.078798
20
0.063630
30
-0.049395
11
0.079098
21
0.063832
31
-0.049246
12
0.078810
22
0.064005
32
-0.049039
0
3DFACE
62
163
10
0.078798
20
0.063630
30
-0.049395
11
0.078703
21
0.063348
31
-0.049834
12
0.079592
22
0.063955
32
-0.049395
0
3DFACE
62
163
10
0.078798
20
0.063630
30
-0.049395
11
0.078225
21
0.063414
31
-0.049456
12
0.078703
22
0.063348
32
-0.049834
0
3DFACE
62
163
10
0.078798
20
0.063630
30
-0.049395
11
0.078810
21
0.064005
31
-0.049039
12
0.078225
22
0.063414
32
-0.049456
0
3DFACE
62
163
10
0.079226
20
0.063917
30
-0.049177
11
0.079098
21
0.063832
31
-0.049246
12
0.079592
22
0.063955
32
-0.049395
0
3DFACE
62
163
10
0.079226
20
0.063917
30
-0.049177
11
0.078810
21
0.064005
31
-0.049039
12
0.079098
22
0.063832
32
-0.049246
0
3DFACE
62
163
10
0.079554
20
0.064299
30
-0.048773
11
0.079592
21
0.063955
31
-0.049395
12
0.080438
22
0.064516
32
-0.048816
0
3DFACE
62
163
10
0.079554
20
0.064299
30
-0.048773
11
0.079452
21
0.064853
31
-0.048390
12
0.078592
22
0.064294
32
-0.048940
0
3DFACE
62
163
10
0.079554
20
0.064299
30
-0.048773
11
0.078810
21
0.064005
31
-0.049039
12
0.079226
22
0.063917
32
-0.049177
0
3DFACE
62
163
10
0.079554
20
0.064299
30
-0.048773
11
0.079226
21
0.063917
31
-0.049177
12
0.079592
22
0.063955
32
-0.049395
0
3DFACE
62
163
10
0.079554
20
0.064299
30
-0.048773
11
0.078592
21
0.064294
31
-0.048940
12
0.078810
22
0.064005
32
-0.049039
0
3DFACE
62
163
10
0.079954
20
0.064558
30
-0.048487
11
0.079554
21
0.064299
31
-0.048773
12
0.080438
22
0.064516
32
-0.048816
0
3DFACE
62
163
10
0.079954
20
0.064558
30
-0.048487
11
0.079452
21
0.064853
31
-0.048390
12
0.079554
22
0.064299
32
-0.048773
0
3DFACE
62
163
10
0.080368
20
0.064821
30
-0.048146
11
0.080438
21
0.064516
31
-0.048816
12
0.081225
22
0.065020
32
-0.048106
0
3DFACE
62
163
10
0.080368
20
0.064821
30
-0.048146
11
0.080252
21
0.065353
31
-0.047699
12
0.079452
22
0.064853
32
-0.048390
0
3DFACE
62
163
10
0.080368
20
0.064821
30
-0.048146
11
0.079954
21
0.064558
31
-0.048487
12
0.080438
22
0.064516
32
-0.048816
0
3DFACE
62
163
10
0.080368
20
0.064821
30
-0.048146
11
0.079452
21
0.064853
31
-0.048390
12
0.079954
22
0.064558
32
-0.048487
0
3DFACE
62
163
10
0.080737
20
0.065051
30
-0.047798
11
0.080368
21
0.064821
31
-0.048146
12
0.081225
22
0.065020
32
-0.048106
0
3DFACE
62
163
10
0.080737
20
0.065051
30
-0.047798
11
0.080252
21
0.065353
31
-0.047699
12
0.080368
22
0.064821
32
-0.048146
0
3DFACE
62
163
10
0.081311
20
0.065249
30
-0.047452
11
0.081225
21
0.065020
31
-0.048106
12
0.081931
22
0.065453
32
-0.047285
0
3DFACE
62
163
10
0.081311
20
0.065249
30
-0.047452
11
0.080737
21
0.065051
31
-0.047798
12
0.081225
22
0.065020
32
-0.048106
0
3DFACE
62
163
10
0.081311
20
0.065249
30
-0.047452
11
0.081931
21
0.065453
31
-0.047285
12
0.081664
22
0.065458
32
-0.047013
0
3DFACE
62
163
10
0.081950
20
0.065621
30
-0.046611
11
0.081931
21
0.065453
31
-0.047285
12
0.082552
22
0.065807
32
-0.046366
0
3DFACE
62
163
10
0.081950
20
0.065621
30
-0.046611
11
0.081317
21
0.065577
31
-0.046867
12
0.081664
22
0.065458
32
-0.047013
0
3DFACE
62
163
10
0.081950
20
0.065621
30
-0.046611
11
0.081664
21
0.065458
31
-0.047013
12
0.081931
22
0.065453
32
-0.047285
0
3DFACE
62
163
10
0.082055
20
0.065812
30
-0.046089
11
0.081950
21
0.065621
31
-0.046611
12
0.082552
22
0.065807
32
-0.046366
0
3DFACE
62
163
10
0.082320
20
0.065944
30
-0.045618
11
0.081594
21
0.066120
31
-0.045968
12
0.082055
22
0.065812
32
-0.046089
0
3DFACE
62
163
10
0.082320
20
0.065944
30
-0.045618
11
0.082552
21
0.065807
31
-0.046366
12
0.083084
22
0.066074
32
-0.045355
0
3DFACE
62
163
10
0.082320
20
0.065944
30
-0.045618
11
0.082123
21
0.066367
31
-0.044954
12
0.081594
22
0.066120
32
-0.045968
0
3DFACE
62
163
10
0.082320
20
0.065944
30
-0.045618
11
0.082055
21
0.065812
31
-0.046089
12
0.082552
22
0.065807
32
-0.046366
0
3DFACE
62
163
10
0.082579
20
0.066063
30
-0.045092
11
0.082320
21
0.065944
31
-0.045618
12
0.083084
22
0.066074
32
-0.045355
0
3DFACE
62
163
10
0.082579
20
0.066063
30
-0.045092
11
0.082123
21
0.066367
31
-0.044954
12
0.082320
22
0.065944
32
-0.045618
0
3DFACE
62
163
10
0.082795
20
0.066149
30
-0.044587
11
0.083084
21
0.066074
31
-0.045355
12
0.083513
22
0.066245
32
-0.044280
0
3DFACE
62
163
10
0.082795
20
0.066149
30
-0.044587
11
0.082541
21
0.066512
31
-0.043875
12
0.082123
22
0.066367
32
-0.044954
0
3DFACE
62
163
10
0.082795
20
0.066149
30
-0.044587
11
0.082579
21
0.066063
31
-0.045092
12
0.083084
22
0.066074
32
-0.045355
0
3DFACE
62
163
10
0.082795
20
0.066149
30
-0.044587
11
0.082123
21
0.066367
31
-0.044954
12
0.082579
22
0.066063
32
-0.045092
0
3DFACE
62
163
10
0.082997
20
0.066216
30
-0.044032
11
0.082541
21
0.066512
31
-0.043875
12
0.082795
22
0.066149
32
-0.044587
0
3DFACE
62
163
10
0.082997
20
0.066216
30
-0.044032
11
0.082924
21
0.066309
31
-0.043649
12
0.082541
22
0.066512
32
-0.043875
0
3DFACE
62
163
10
0.082997
20
0.066216
30
-0.044032
11
0.082795
21
0.066149
31
-0.044587
12
0.083513
22
0.066245
32
-0.044280
0
3DFACE
62
163
10
0.083232
20
0.066204
30
-0.043944
11
0.082924
21
0.066309
31
-0.043649
12
0.082997
22
0.066216
32
-0.044032
0
3DFACE
62
163
10
0.083232
20
0.066204
30
-0.043944
11
0.082997
21
0.066216
31
-0.044032
12
0.083513
22
0.066245
32
-0.044280
0
3DFACE
62
163
10
0.083232
20
0.066204
30
-0.043944
11
0.083513
21
0.066245
31
-0.044280
12
0.083305
22
0.066222
32
-0.043706
0
3DFACE
62
163
10
0.083232
20
0.066204
30
-0.043944
11
0.083305
21
0.066222
31
-0.043706
12
0.082924
22
0.066309
32
-0.043649
0
3DFACE
62
163
10
0.083388
20
0.066238
30
-0.043408
11
0.083305
21
0.066222
31
-0.043706
12
0.083832
22
0.066318
32
-0.043164
0
3DFACE
62
163
10
0.083388
20
0.066238
30
-0.043408
11
0.082924
21
0.066309
31
-0.043649
12
0.083305
22
0.066222
32
-0.043706
0
3DFACE
62
163
10
0.083303
20
0.066270
30
-0.042931
11
0.083388
21
0.066238
31
-0.043408
12
0.083832
22
0.066318
32
-0.043164
0
3DFACE
62
163
10
0.083303
20
0.066270
30
-0.042931
11
0.082841
21
0.066551
31
-0.042754
12
0.082924
22
0.066309
32
-0.043649
0
3DFACE
62
163
10
0.083303
20
0.066270
30
-0.042931
11
0.082924
21
0.066309
31
-0.043649
12
0.083388
22
0.066238
32
-0.043408
0
3DFACE
62
163
10
0.083413
20
0.066257
30
-0.042386
11
0.083303
21
0.066270
31
-0.042931
12
0.083832
22
0.066318
32
-0.043164
0
3DFACE
62
163
10
0.083413
20
0.066257
30
-0.042386
11
0.083832
21
0.066318
31
-0.043164
12
0.084043
22
0.066287
32
-0.042013
0
3DFACE
62
163
10
0.083413
20
0.066257
30
-0.042386
11
0.083025
21
0.066477
31
-0.041602
12
0.082841
22
0.066551
32
-0.042754
0
3DFACE
62
163
10
0.083413
20
0.066257
30
-0.042386
11
0.082841
21
0.066551
31
-0.042754
12
0.083303
22
0.066270
32
-0.042931
0
3DFACE
62
163
10
0.083500
20
0.066216
30
-0.041797
11
0.083413
21
0.066257
31
-0.042386
12
0.084043
22
0.066287
32
-0.042013
0
3DFACE
62
163
10
0.083500
20
0.066216
30
-0.041797
11
0.083025
21
0.066477
31
-0.041602
12
0.083413
22
0.066257
32
-0.042386
0
3DFACE
62
163
10
0.083554
20
0.066151
30
-0.041246
11
0.084043
21
0.066287
31
-0.042013
12
0.084142
22
0.066150
32
-0.040853
0
3DFACE
62
163
10
0.083554
20
0.066151
30
-0.041246
11
0.083088
21
0.066291
31
-0.040451
12
0.083025
22
0.066477
32
-0.041602
0
3DFACE
62
163
10
0.083554
20
0.066151
30
-0.041246
11
0.083025
21
0.066477
31
-0.041602
12
0.083500
22
0.066216
32
-0.041797
0
3DFACE
62
163
10
0.083554
20
0.066151
30
-0.041246
11
0.083500
21
0.066216
31
-0.041797
12
0.084043
22
0.066287
32
-0.042013
0
3DFACE
62
163
10
0.083582
20
0.066054
30
-0.040659
11
0.084142
21
0.066150
31
-0.040853
12
0.083772
22
0.065891
32
-0.039980
0
3DFACE
62
163
10
0.083582
20
0.066054
30
-0.040659
11
0.083554
21
0.066151
31
-0.041246
12
0.084142
22
0.066150
32
-0.040853
0
3DFACE
62
163
10
0.083582
20
0.066054
30
-0.040659
11
0.083088
21
0.066291
31
-0.040451
12
0.083554
22
0.066151
32
-0.041246
0
3DFACE
62
163
10
0.083394
20
0.066025
30
-0.040231
11
0.083772
21
0.065891
31
-0.039980
12
0.083389
22
0.065975
32
-0.040023
0
3DFACE
62
163
10
0.083394
20
0.066025
30
-0.040231
11
0.083582
21
0.066054
31
-0.040659
12
0.083772
22
0.065891
32
-0.039980
0
3DFACE
62
163
10
0.083394
20
0.066025
30
-0.040231
11
0.083389
21
0.065975
31
-0.040023
12
0.083088
22
0.066291
32
-0.040451
0
3DFACE
62
163
10
0.083394
20
0.066025
30
-0.040231
11
0.083088
21
0.066291
31
-0.040451
12
0.083582
22
0.066054
32
-0.040659
0
3DFACE
62
163
10
0.083369
20
0.065881
30
-0.039665
11
0.083389
21
0.065975
31
-0.040023
12
0.083772
22
0.065891
32
-0.039980
0
3DFACE
62
163
10
0.083369
20
0.065881
30
-0.039665
11
0.083032
21
0.065997
31
-0.039330
12
0.083389
22
0.065975
32
-0.040023
0
3DFACE
62
163
10
0.083549
20
0.065791
30
-0.039546
11
0.083369
21
0.065881
31
-0.039665
12
0.083772
22
0.065891
32
-0.039980
0
3DFACE
62
163
10
0.083549
20
0.065791
30
-0.039546
11
0.083772
21
0.065891
31
-0.039980
12
0.084128
22
0.065912
32
-0.039714
0
3DFACE
62
163
10
0.083549
20
0.065791
30
-0.039546
11
0.083032
21
0.065997
31
-0.039330
12
0.083369
22
0.065881
32
-0.039665
0
3DFACE
62
163
10
0.083493
20
0.065625
30
-0.039020
11
0.084128
21
0.065912
31
-0.039714
12
0.084004
22
0.065569
32
-0.038605
0
3DFACE
62
163
10
0.083493
20
0.065625
30
-0.039020
11
0.083549
21
0.065791
31
-0.039546
12
0.084128
22
0.065912
32
-0.039714
0
3DFACE
62
163
10
0.083493
20
0.065625
30
-0.039020
11
0.083032
21
0.065997
31
-0.039330
12
0.083549
22
0.065791
32
-0.039546
0
3DFACE
62
163
10
0.083405
20
0.065420
30
-0.038466
11
0.084004
21
0.065569
31
-0.038605
12
0.083775
22
0.065126
32
-0.037543
0
3DFACE
62
163
10
0.083405
20
0.065420
30
-0.038466
11
0.083493
21
0.065625
31
-0.039020
12
0.084004
22
0.065569
32
-0.038605
0
3DFACE
62
163
10
0.083405
20
0.065420
30
-0.038466
11
0.082861
21
0.065591
31
-0.038247
12
0.083032
22
0.065997
32
-0.039330
0
3DFACE
62
163
10
0.083405
20
0.065420
30
-0.038466
11
0.083032
21
0.065997
31
-0.039330
12
0.083493
22
0.065625
32
-0.039020
0
3DFACE
62
163
10
0.083298
20
0.065205
30
-0.037964
11
0.082861
21
0.065591
31
-0.038247
12
0.083405
22
0.065420
32
-0.038466
0
3DFACE
62
163
10
0.083298
20
0.065205
30
-0.037964
11
0.083405
21
0.065420
31
-0.038466
12
0.083775
22
0.065126
32
-0.037543
0
3DFACE
62
163
10
0.083156
20
0.064949
30
-0.037443
11
0.083298
21
0.065205
31
-0.037964
12
0.083775
22
0.065126
32
-0.037543
0
3DFACE
62
163
10
0.083156
20
0.064949
30
-0.037443
11
0.083775
21
0.065126
31
-0.037543
12
0.083447
22
0.064592
32
-0.036558
0
3DFACE
62
163
10
0.083156
20
0.064949
30
-0.037443
11
0.082861
21
0.065591
31
-0.038247
12
0.083298
22
0.065205
32
-0.037964
0
3DFACE
62
163
10
0.083156
20
0.064949
30
-0.037443
11
0.082580
21
0.065084
31
-0.037233
12
0.082861
22
0.065591
32
-0.038247
0
3DFACE
62
163
10
0.082790
20
0.064711
30
-0.036947
11
0.082695
21
0.064561
31
-0.036708
12
0.082580
22
0.065084
32
-0.037233
0
3DFACE
62
163
10
0.082999
20
0.064690
30
-0.036979
11
0.083156
21
0.064949
31
-0.037443
12
0.083447
22
0.064592
32
-0.036558
0
3DFACE
62
163
10
0.082999
20
0.064690
30
-0.036979
11
0.082695
21
0.064561
31
-0.036708
12
0.082790
22
0.064711
32
-0.036947
0
3DFACE
62
163
10
0.082999
20
0.064690
30
-0.036979
11
0.082790
21
0.064711
31
-0.036947
12
0.082580
22
0.065084
32
-0.037233
0
3DFACE
62
163
10
0.082999
20
0.064690
30
-0.036979
11
0.083049
21
0.064448
31
-0.036572
12
0.082695
22
0.064561
32
-0.036708
0
3DFACE
62
163
10
0.082999
20
0.064690
30
-0.036979
11
0.082580
21
0.065084
31
-0.037233
12
0.083156
22
0.064949
32
-0.037443
0
3DFACE
62
163
10
0.082999
20
0.064690
30
-0.036979
11
0.083447
21
0.064592
31
-0.036558
12
0.083049
22
0.064448
32
-0.036572
0
3DFACE
62
163
10
0.082597
20
0.064411
30
-0.036484
11
0.082199
21
0.064487
31
-0.036314
12
0.082695
22
0.064561
32
-0.036708
0
3DFACE
62
163
10
0.082597
20
0.064411
30
-0.036484
11
0.082695
21
0.064561
31
-0.036708
12
0.083049
22
0.064448
32
-0.036572
0
3DFACE
62
163
10
0.082607
20
0.064092
30
-0.036087
11
0.082597
21
0.064411
31
-0.036484
12
0.083049
22
0.064448
32
-0.036572
0
3DFACE
62
163
10
0.082607
20
0.064092
30
-0.036087
11
0.082199
21
0.064487
31
-0.036314
12
0.082597
22
0.064411
32
-0.036484
0
3DFACE
62
163
10
0.082607
20
0.064092
30
-0.036087
11
0.083049
21
0.064448
31
-0.036572
12
0.083027
22
0.063976
32
-0.035664
0
3DFACE
62
163
10
0.082369
20
0.063747
30
-0.035662
11
0.082199
21
0.064487
31
-0.036314
12
0.082607
22
0.064092
32
-0.036087
0
3DFACE
62
163
10
0.082369
20
0.063747
30
-0.035662
11
0.083027
21
0.063976
31
-0.035664
12
0.082524
22
0.063276
32
-0.034869
0
3DFACE
62
163
10
0.082369
20
0.063747
30
-0.035662
11
0.082607
21
0.064092
31
-0.036087
12
0.083027
22
0.063976
32
-0.035664
0
3DFACE
62
163
10
0.082369
20
0.063747
30
-0.035662
11
0.081726
21
0.063800
31
-0.035497
12
0.082199
22
0.064487
32
-0.036314
0
3DFACE
62
163
10
0.082128
20
0.063407
30
-0.035293
11
0.082369
21
0.063747
31
-0.035662
12
0.082524
22
0.063276
32
-0.034869
0
3DFACE
62
163
10
0.082128
20
0.063407
30
-0.035293
11
0.081726
21
0.063800
31
-0.035497
12
0.082369
22
0.063747
32
-0.035662
0
3DFACE
62
163
10
0.081850
20
0.063024
30
-0.034928
11
0.081726
21
0.063800
31
-0.035497
12
0.082128
22
0.063407
32
-0.035293
0
3DFACE
62
163
10
0.081850
20
0.063024
30
-0.034928
11
0.082524
21
0.063276
31
-0.034869
12
0.081949
22
0.062511
32
-0.034195
0
3DFACE
62
163
10
0.081850
20
0.063024
30
-0.034928
11
0.082128
21
0.063407
31
-0.035293
12
0.082524
22
0.063276
32
-0.034869
0
3DFACE
62
163
10
0.081850
20
0.063024
30
-0.034928
11
0.081173
21
0.063039
31
-0.034803
12
0.081726
22
0.063800
32
-0.035497
0
3DFACE
62
163
10
0.081575
20
0.062653
30
-0.034619
11
0.081850
21
0.063024
31
-0.034928
12
0.081949
22
0.062511
32
-0.034195
0
3DFACE
62
163
10
0.081575
20
0.062653
30
-0.034619
11
0.081173
21
0.063039
31
-0.034803
12
0.081850
22
0.063024
32
-0.034928
0
3DFACE
62
163
10
0.081575
20
0.062653
30
-0.034619
11
0.081057
21
0.062265
31
-0.034360
12
0.081173
22
0.063039
32
-0.034803
0
3DFACE
62
163
10
0.081524
20
0.062321
30
-0.034309
11
0.081057
21
0.062265
31
-0.034360
12
0.081575
22
0.062653
32
-0.034619
0
3DFACE
62
163
10
0.081524
20
0.062321
30
-0.034309
11
0.081575
21
0.062653
31
-0.034619
12
0.081949
22
0.062511
32
-0.034195
0
3DFACE
62
163
10
0.081524
20
0.062321
30
-0.034309
11
0.081949
21
0.062511
31
-0.034195
12
0.081354
22
0.062100
32
-0.034159
0
3DFACE
62
163
10
0.081524
20
0.062321
30
-0.034309
11
0.081354
21
0.062100
31
-0.034159
12
0.081057
22
0.062265
32
-0.034360
0
3DFACE
62
163
10
0.080963
20
0.061850
30
-0.034082
11
0.080558
21
0.062224
31
-0.034252
12
0.081057
22
0.062265
32
-0.034360
0
3DFACE
62
163
10
0.081221
20
0.061927
30
-0.034051
11
0.080963
21
0.061850
31
-0.034082
12
0.081057
22
0.062265
32
-0.034360
0
3DFACE
62
163
10
0.081221
20
0.061927
30
-0.034051
11
0.081318
21
0.061698
31
-0.033654
12
0.080963
22
0.061850
32
-0.034082
0
3DFACE
62
163
10
0.081221
20
0.061927
30
-0.034051
11
0.081057
21
0.062265
31
-0.034360
12
0.081354
22
0.062100
32
-0.034159
0
3DFACE
62
163
10
0.081221
20
0.061927
30
-0.034051
11
0.081354
21
0.062100
31
-0.034159
12
0.081318
22
0.061698
32
-0.033654
0
3DFACE
62
163
10
0.080626
20
0.061414
30
-0.033858
11
0.081318
21
0.061698
31
-0.033654
12
0.080638
22
0.060835
32
-0.033251
0
3DFACE
62
163
10
0.080626
20
0.061414
30
-0.033858
11
0.080558
21
0.062224
31
-0.034252
12
0.080963
22
0.061850
32
-0.034082
0
3DFACE
62
163
10
0.080626
20
0.061414
30
-0.033858
11
0.080963
21
0.061850
31
-0.034082
12
0.081318
22
0.061698
32
-0.033654
0
3DFACE
62
163
10
0.080626
20
0.061414
30
-0.033858
11
0.079891
21
0.061356
31
-0.033846
12
0.080558
22
0.062224
32
-0.034252
0
3DFACE
62
163
10
0.080302
20
0.060996
30
-0.033684
11
0.079891
21
0.061356
31
-0.033846
12
0.080626
22
0.061414
32
-0.033858
0
3DFACE
62
163
10
0.080302
20
0.060996
30
-0.033684
11
0.080626
21
0.061414
31
-0.033858
12
0.080638
22
0.060835
32
-0.033251
0
3DFACE
62
163
10
0.079970
20
0.060571
30
-0.033545
11
0.080638
21
0.060835
31
-0.033251
12
0.079925
22
0.059940
32
-0.032995
0
3DFACE
62
163
10
0.079970
20
0.060571
30
-0.033545
11
0.079891
21
0.061356
31
-0.033846
12
0.080302
22
0.060996
32
-0.033684
0
3DFACE
62
163
10
0.079970
20
0.060571
30
-0.033545
11
0.079188
21
0.060454
31
-0.033599
12
0.079891
22
0.061356
32
-0.033846
0
3DFACE
62
163
10
0.079970
20
0.060571
30
-0.033545
11
0.080302
21
0.060996
31
-0.033684
12
0.080638
22
0.060835
32
-0.033251
0
3DFACE
62
163
10
0.079607
20
0.060110
30
-0.033436
11
0.079188
21
0.060454
31
-0.033599
12
0.079970
22
0.060571
32
-0.033545
0
3DFACE
62
163
10
0.079607
20
0.060110
30
-0.033436
11
0.079970
21
0.060571
31
-0.033545
12
0.079925
22
0.059940
32
-0.032995
0
3DFACE
62
163
10
0.079607
20
0.060110
30
-0.033436
11
0.079925
21
0.059940
31
-0.032995
12
0.079099
22
0.059229
32
-0.033217
0
3DFACE
62
163
10
0.079162
20
0.059825
30
-0.033471
11
0.079099
21
0.059229
31
-0.033217
12
0.078873
22
0.059460
32
-0.033443
0
3DFACE
62
163
10
0.079162
20
0.059825
30
-0.033471
11
0.079188
21
0.060454
31
-0.033599
12
0.079607
22
0.060110
32
-0.033436
0
3DFACE
62
163
10
0.079162
20
0.059825
30
-0.033471
11
0.078472
21
0.059545
31
-0.033515
12
0.079188
22
0.060454
32
-0.033599
0
3DFACE
62
163
10
0.079162
20
0.059825
30
-0.033471
11
0.079607
21
0.060110
31
-0.033436
12
0.079099
22
0.059229
32
-0.033217
0
3DFACE
62
163
10
0.079162
20
0.059825
30
-0.033471
11
0.078873
21
0.059460
31
-0.033443
12
0.078472
22
0.059545
32
-0.033515
0
3DFACE
62
163
10
0.078555
20
0.058782
30
-0.033355
11
0.077753
21
0.058630
31
-0.033595
12
0.078472
22
0.059545
32
-0.033515
0
3DFACE
62
163
10
0.078555
20
0.058782
30
-0.033355
11
0.078472
21
0.059545
31
-0.033515
12
0.078873
22
0.059460
32
-0.033443
0
3DFACE
62
163
10
0.078729
20
0.058764
30
-0.033219
11
0.078555
21
0.058782
31
-0.033355
12
0.078873
22
0.059460
32
-0.033443
0
3DFACE
62
163
10
0.078729
20
0.058764
30
-0.033219
11
0.079099
21
0.059229
31
-0.033217
12
0.079198
22
0.059036
32
-0.032892
0
3DFACE
62
163
10
0.078729
20
0.058764
30
-0.033219
11
0.078873
21
0.059460
31
-0.033443
12
0.079099
22
0.059229
32
-0.033217
0
3DFACE
62
163
10
0.078729
20
0.058764
30
-0.033219
11
0.079198
21
0.059036
31
-0.032892
12
0.078467
22
0.058128
32
-0.032942
0
3DFACE
62
163
10
0.078729
20
0.058764
30
-0.033219
11
0.078467
21
0.058128
31
-0.032942
12
0.078555
22
0.058782
32
-0.033355
0
3DFACE
62
163
10
0.078187
20
0.058316
30
-0.033408
11
0.078555
21
0.058782
31
-0.033355
12
0.078467
22
0.058128
32
-0.032942
0
3DFACE
62
163
10
0.078187
20
0.058316
30
-0.033408
11
0.077753
21
0.058630
31
-0.033595
12
0.078555
22
0.058782
32
-0.033355
0
3DFACE
62
163
10
0.077847
20
0.057884
30
-0.033495
11
0.078467
21
0.058128
31
-0.032942
12
0.077746
22
0.057226
32
-0.033146
0
3DFACE
62
163
10
0.077847
20
0.057884
30
-0.033495
11
0.077050
21
0.057727
31
-0.033839
12
0.077753
22
0.058630
32
-0.033595
0
3DFACE
62
163
10
0.077847
20
0.057884
30
-0.033495
11
0.077753
21
0.058630
31
-0.033595
12
0.078187
22
0.058316
32
-0.033408
0
3DFACE
62
163
10
0.077847
20
0.057884
30
-0.033495
11
0.078187
21
0.058316
31
-0.033408
12
0.078467
22
0.058128
32
-0.032942
0
3DFACE
62
163
10
0.077487
20
0.057425
30
-0.033628
11
0.077050
21
0.057727
31
-0.033839
12
0.077847
22
0.057884
32
-0.033495
0
3DFACE
62
163
10
0.077487
20
0.057425
30
-0.033628
11
0.077847
21
0.057884
31
-0.033495
12
0.077746
22
0.057226
32
-0.033146
0
3DFACE
62
163
10
0.077160
20
0.057006
30
-0.033789
11
0.076653
21
0.056622
31
-0.034141
12
0.076383
22
0.056863
32
-0.034238
0
3DFACE
62
163
10
0.077160
20
0.057006
30
-0.033789
11
0.077746
21
0.057226
31
-0.033146
12
0.077054
22
0.056352
32
-0.033499
0
3DFACE
62
163
10
0.077160
20
0.057006
30
-0.033789
11
0.076383
21
0.056863
31
-0.034238
12
0.077050
22
0.057727
32
-0.033839
0
3DFACE
62
163
10
0.077160
20
0.057006
30
-0.033789
11
0.077487
21
0.057425
31
-0.033628
12
0.077746
22
0.057226
32
-0.033146
0
3DFACE
62
163
10
0.077160
20
0.057006
30
-0.033789
11
0.077050
21
0.057727
31
-0.033839
12
0.077487
22
0.057425
32
-0.033628
0
3DFACE
62
163
10
0.076906
20
0.056449
30
-0.033865
11
0.076653
21
0.056622
31
-0.034141
12
0.077160
22
0.057006
32
-0.033789
0
3DFACE
62
163
10
0.076906
20
0.056449
30
-0.033865
11
0.076807
21
0.056322
31
-0.033934
12
0.076653
22
0.056622
32
-0.034141
0
3DFACE
62
163
10
0.076906
20
0.056449
30
-0.033865
11
0.077054
21
0.056352
31
-0.033499
12
0.076807
22
0.056322
32
-0.033934
0
3DFACE
62
163
10
0.076906
20
0.056449
30
-0.033865
11
0.077160
21
0.057006
31
-0.033789
12
0.077054
22
0.056352
32
-0.033499
0
3DFACE
62
163
10
0.076594
20
0.056047
30
-0.034096
11
0.076653
21
0.056622
31
-0.034141
12
0.076807
22
0.056322
32
-0.033934
0
3DFACE
62
163
10
0.076594
20
0.056047
30
-0.034096
11
0.077054
21
0.056352
31
-0.033499
12
0.076405
22
0.055523
32
-0.033992
0
3DFACE
62
163
10
0.076594
20
0.056047
30
-0.034096
11
0.076807
21
0.056322
31
-0.033934
12
0.077054
22
0.056352
32
-0.033499
0
3DFACE
62
163
10
0.076198
20
0.055754
30
-0.034512
11
0.076383
21
0.056863
31
-0.034238
12
0.076653
22
0.056622
32
-0.034141
0
3DFACE
62
163
10
0.076198
20
0.055754
30
-0.034512
11
0.076653
21
0.056622
31
-0.034141
12
0.076594
22
0.056047
32
-0.034096
0
3DFACE
62
163
10
0.076198
20
0.055754
30
-0.034512
11
0.075766
21
0.056044
31
-0.034787
12
0.076383
22
0.056863
32
-0.034238
0
3DFACE
62
163
10
0.076198
20
0.055754
30
-0.034512
11
0.076594
21
0.056047
31
-0.034096
12
0.076405
22
0.055523
32
-0.033992
0
3DFACE
62
163
10
0.075917
20
0.055377
30
-0.034810
11
0.076405
21
0.055523
31
-0.033992
12
0.075808
22
0.054736
32
-0.034623
0
3DFACE
62
163
10
0.075917
20
0.055377
30
-0.034810
11
0.075211
21
0.055279
31
-0.035478
12
0.075766
22
0.056044
32
-0.034787
0
3DFACE
62
163
10
0.075917
20
0.055377
30
-0.034810
11
0.076198
21
0.055754
31
-0.034512
12
0.076405
22
0.055523
32
-0.033992
0
3DFACE
62
163
10
0.075917
20
0.055377
30
-0.034810
11
0.075766
21
0.056044
31
-0.034787
12
0.076198
22
0.055754
32
-0.034512
0
3DFACE
62
163
10
0.075633
20
0.054988
30
-0.035163
11
0.075808
21
0.054736
31
-0.034623
12
0.075279
22
0.054013
32
-0.035378
0
3DFACE
62
163
10
0.075633
20
0.054988
30
-0.035163
11
0.075917
21
0.055377
31
-0.034810
12
0.075808
22
0.054736
32
-0.034623
0
3DFACE
62
163
10
0.075633
20
0.054988
30
-0.035163
11
0.075211
21
0.055279
31
-0.035478
12
0.075917
22
0.055377
32
-0.034810
0
3DFACE
62
163
10
0.075385
20
0.054642
30
-0.035522
11
0.075633
21
0.054988
31
-0.035163
12
0.075279
22
0.054013
32
-0.035378
0
3DFACE
62
163
10
0.075385
20
0.054642
30
-0.035522
11
0.075211
21
0.055279
31
-0.035478
12
0.075633
22
0.054988
32
-0.035163
0
3DFACE
62
163
10
0.075153
20
0.054089
30
-0.035882
11
0.075279
21
0.054013
31
-0.035378
12
0.074830
22
0.053370
32
-0.036237
0
3DFACE
62
163
10
0.075153
20
0.054089
30
-0.035882
11
0.074830
21
0.053370
31
-0.036237
12
0.075007
22
0.053875
32
-0.036167
0
3DFACE
62
163
10
0.075153
20
0.054089
30
-0.035882
11
0.075385
21
0.054642
31
-0.035522
12
0.075279
22
0.054013
32
-0.035378
0
3DFACE
62
163
10
0.074943
20
0.053781
30
-0.036300
11
0.075007
21
0.053875
31
-0.036167
12
0.074830
22
0.053370
32
-0.036237
0
3DFACE
62
163
10
0.074943
20
0.053781
30
-0.036300
11
0.074912
21
0.054230
31
-0.036313
12
0.075007
22
0.053875
32
-0.036167
0
3DFACE
62
163
10
0.074732
20
0.053678
30
-0.036810
11
0.074830
21
0.053370
31
-0.036237
12
0.074469
22
0.052805
32
-0.037194
0
3DFACE
62
163
10
0.074732
20
0.053678
30
-0.036810
11
0.074943
21
0.053781
31
-0.036300
12
0.074830
22
0.053370
32
-0.036237
0
3DFACE
62
163
10
0.074732
20
0.053678
30
-0.036810
11
0.074736
21
0.054593
31
-0.036290
12
0.074912
22
0.054230
32
-0.036313
0
3DFACE
62
163
10
0.074732
20
0.053678
30
-0.036810
11
0.074352
21
0.053993
31
-0.037208
12
0.074736
22
0.054593
32
-0.036290
0
3DFACE
62
163
10
0.074732
20
0.053678
30
-0.036810
11
0.074912
21
0.054230
31
-0.036313
12
0.074943
22
0.053781
32
-0.036300
0
3DFACE
62
163
10
0.074567
20
0.053410
30
-0.037268
11
0.074352
21
0.053993
31
-0.037208
12
0.074732
22
0.053678
32
-0.036810
0
3DFACE
62
163
10
0.074567
20
0.053410
30
-0.037268
11
0.074732
21
0.053678
31
-0.036810
12
0.074469
22
0.052805
32
-0.037194
0
3DFACE
62
163
10
0.074416
20
0.053145
30
-0.037782
11
0.074352
21
0.053993
31
-0.037208
12
0.074567
22
0.053410
32
-0.037268
0
3DFACE
62
163
10
0.074416
20
0.053145
30
-0.037782
11
0.074567
21
0.053410
31
-0.037268
12
0.074469
22
0.052805
32
-0.037194
0
3DFACE
62
163
10
0.074416
20
0.053145
30
-0.037782
11
0.074469
21
0.052805
31
-0.037194
12
0.074205
22
0.052329
32
-0.038233
0
3DFACE
62
163
10
0.074416
20
0.053145
30
-0.037782
11
0.074069
21
0.053482
31
-0.038222
12
0.074352
22
0.053993
32
-0.037208
0
3DFACE
62
163
10
0.074299
20
0.052922
30
-0.038279
11
0.074416
21
0.053145
31
-0.037782
12
0.074205
22
0.052329
32
-0.038233
0
3DFACE
62
163
10
0.074299
20
0.052922
30
-0.038279
11
0.074069
21
0.053482
31
-0.038222
12
0.074416
22
0.053145
32
-0.037782
0
3DFACE
62
163
10
0.074201
20
0.052708
30
-0.038827
11
0.074069
21
0.053482
31
-0.038222
12
0.074299
22
0.052922
32
-0.038279
0
3DFACE
62
163
10
0.074201
20
0.052708
30
-0.038827
11
0.073895
21
0.053075
31
-0.039301
12
0.074069
22
0.053482
32
-0.038222
0
3DFACE
62
163
10
0.074201
20
0.052708
30
-0.038827
11
0.074299
21
0.052922
31
-0.038279
12
0.074205
22
0.052329
32
-0.038233
0
3DFACE
62
163
10
0.074201
20
0.052708
30
-0.038827
11
0.074071
21
0.052677
31
-0.039531
12
0.073895
22
0.053075
32
-0.039301
0
3DFACE
62
163
10
0.074195
20
0.052470
30
-0.038911
11
0.074131
21
0.052291
31
-0.039474
12
0.074071
22
0.052677
32
-0.039531
0
3DFACE
62
163
10
0.074195
20
0.052470
30
-0.038911
11
0.074071
21
0.052677
31
-0.039531
12
0.074201
22
0.052708
32
-0.038827
0
3DFACE
62
163
10
0.074195
20
0.052470
30
-0.038911
11
0.074044
21
0.051953
31
-0.039325
12
0.074131
22
0.052291
32
-0.039474
0
3DFACE
62
163
10
0.074195
20
0.052470
30
-0.038911
11
0.074201
21
0.052708
31
-0.038827
12
0.074205
22
0.052329
32
-0.038233
0
3DFACE
62
163
10
0.074195
20
0.052470
30
-0.038911
11
0.074205
21
0.052329
31
-0.038233
12
0.074044
22
0.051953
32
-0.039325
0
3DFACE
62
163
10
0.074043
20
0.052559
30
-0.039967
11
0.074071
21
0.052677
31
-0.039531
12
0.074131
22
0.052291
32
-0.039474
0
3DFACE
62
163
10
0.074043
20
0.052559
30
-0.039967
11
0.073835
21
0.052778
31
-0.040421
12
0.073895
22
0.053075
32
-0.039301
0
3DFACE
62
163
10
0.074043
20
0.052559
30
-0.039967
11
0.073895
21
0.053075
31
-0.039301
12
0.074071
22
0.052677
32
-0.039531
0
3DFACE
62
163
10
0.074083
20
0.052251
30
-0.040456
11
0.073835
21
0.052778
31
-0.040421
12
0.074043
22
0.052559
32
-0.039967
0
3DFACE
62
163
10
0.074083
20
0.052251
30
-0.040456
11
0.074043
21
0.052559
31
-0.039967
12
0.074131
22
0.052291
32
-0.039474
0
3DFACE
62
163
10
0.074083
20
0.052251
30
-0.040456
11
0.074131
21
0.052291
31
-0.039474
12
0.073992
22
0.051678
32
-0.040456
0
3DFACE
62
163
10
0.074100
20
0.052144
30
-0.041043
11
0.073835
21
0.052778
31
-0.040421
12
0.074083
22
0.052251
32
-0.040456
0
3DFACE
62
163
10
0.074100
20
0.052144
30
-0.041043
11
0.074083
21
0.052251
31
-0.040456
12
0.073992
22
0.051678
32
-0.040456
0
3DFACE
62
163
10
0.074100
20
0.052144
30
-0.041043
11
0.073992
21
0.051678
31
-0.040456
12
0.074052
22
0.051505
32
-0.041614
0
3DFACE
62
163
10
0.074100
20
0.052144
30
-0.041043
11
0.073896
21
0.052588
31
-0.041574
12
0.073835
22
0.052778
32
-0.040421
0
3DFACE
62
163
10
0.074144
20
0.052070
30
-0.041593
11
0.073896
21
0.052588
31
-0.041574
12
0.074100
22
0.052144
32
-0.041043
0
3DFACE
62
163
10
0.074144
20
0.052070
30
-0.041593
11
0.074100
21
0.052144
31
-0.041043
12
0.074052
22
0.051505
32
-0.041614
0
3DFACE
62
163
10
0.074215
20
0.052022
30
-0.042143
11
0.073896
21
0.052588
31
-0.041574
12
0.074144
22
0.052070
32
-0.041593
0
3DFACE
62
163
10
0.074215
20
0.052022
30
-0.042143
11
0.074144
21
0.052070
31
-0.041593
12
0.074052
22
0.051505
32
-0.041614
0
3DFACE
62
163
10
0.074215
20
0.052022
30
-0.042143
11
0.074052
21
0.051505
31
-0.041614
12
0.074225
22
0.051437
32
-0.042770
0
3DFACE
62
163
10
0.074215
20
0.052022
30
-0.042143
11
0.074077
21
0.052512
31
-0.042724
12
0.073896
22
0.052588
32
-0.041574
0
3DFACE
62
163
10
0.074320
20
0.051998
30
-0.042728
11
0.074372
21
0.052191
31
-0.043157
12
0.074077
22
0.052512
32
-0.042724
0
3DFACE
62
163
10
0.074320
20
0.051998
30
-0.042728
11
0.074077
21
0.052512
31
-0.042724
12
0.074215
22
0.052022
32
-0.042143
0
3DFACE
62
163
10
0.074320
20
0.051998
30
-0.042728
11
0.074215
21
0.052022
31
-0.042143
12
0.074225
22
0.051437
32
-0.042770
0
3DFACE
62
163
10
0.074374
20
0.051799
30
-0.042964
11
0.074372
21
0.052191
31
-0.043157
12
0.074320
22
0.051998
32
-0.042728
0
3DFACE
62
163
10
0.074374
20
0.051799
30
-0.042964
11
0.074430
21
0.051802
31
-0.043200
12
0.074372
22
0.052191
32
-0.043157
0
3DFACE
62
163
10
0.074374
20
0.051799
30
-0.042964
11
0.074320
21
0.051998
31
-0.042728
12
0.074225
22
0.051437
32
-0.042770
0
3DFACE
62
163
10
0.074374
20
0.051799
30
-0.042964
11
0.074225
21
0.051437
31
-0.042770
12
0.074430
22
0.051802
32
-0.043200
0
3DFACE
62
163
10
0.074509
20
0.051814
30
-0.043507
11
0.074372
21
0.052191
31
-0.043157
12
0.074430
22
0.051802
32
-0.043200
0
3DFACE
62
163
10
0.074509
20
0.051814
30
-0.043507
11
0.074430
21
0.051802
31
-0.043200
12
0.074505
22
0.051475
32
-0.043897
0
3DFACE
62
163
10
0.074606
20
0.052032
30
-0.043835
11
0.074509
21
0.051814
31
-0.043507
12
0.074505
22
0.051475
32
-0.043897
0
3DFACE
62
163
10
0.074606
20
0.052032
30
-0.043835
11
0.074373
21
0.052548
31
-0.043845
12
0.074372
22
0.052191
32
-0.043157
0
3DFACE
62
163
10
0.074606
20
0.052032
30
-0.043835
11
0.074372
21
0.052191
31
-0.043157
12
0.074509
22
0.051814
32
-0.043507
0
3DFACE
62
163
10
0.074785
20
0.052085
30
-0.044358
11
0.074606
21
0.052032
31
-0.043835
12
0.074505
22
0.051475
32
-0.043897
0
3DFACE
62
163
10
0.074785
20
0.052085
30
-0.044358
11
0.074373
21
0.052548
31
-0.043845
12
0.074606
22
0.052032
32
-0.043835
0
3DFACE
62
163
10
0.074785
20
0.052085
30
-0.044358
11
0.074505
21
0.051475
31
-0.043897
12
0.074898
22
0.051613
32
-0.044992
0
3DFACE
62
163
10
0.074785
20
0.052085
30
-0.044358
11
0.074789
21
0.052690
31
-0.044929
12
0.074373
22
0.052548
32
-0.043845
0
3DFACE
62
163
10
0.075006
20
0.052168
30
-0.044907
11
0.074785
21
0.052085
31
-0.044358
12
0.074898
22
0.051613
32
-0.044992
0
3DFACE
62
163
10
0.075006
20
0.052168
30
-0.044907
11
0.074789
21
0.052690
31
-0.044929
12
0.074785
22
0.052085
32
-0.044358
0
3DFACE
62
163
10
0.075237
20
0.052269
30
-0.045404
11
0.075006
21
0.052168
31
-0.044907
12
0.074898
22
0.051613
32
-0.044992
0
3DFACE
62
163
10
0.075237
20
0.052269
30
-0.045404
11
0.074789
21
0.052690
31
-0.044929
12
0.075006
22
0.052168
32
-0.044907
0
3DFACE
62
163
10
0.075237
20
0.052269
30
-0.045404
11
0.074898
21
0.051613
31
-0.044992
12
0.075396
22
0.051848
32
-0.046027
0
3DFACE
62
163
10
0.075237
20
0.052269
30
-0.045404
11
0.075315
21
0.052935
31
-0.045943
12
0.074789
22
0.052690
32
-0.044929
0
3DFACE
62
163
10
0.075511
20
0.052402
30
-0.045916
11
0.075237
21
0.052269
31
-0.045404
12
0.075396
22
0.051848
32
-0.046027
0
3DFACE
62
163
10
0.075511
20
0.052402
30
-0.045916
11
0.075315
21
0.052935
31
-0.045943
12
0.075237
22
0.052269
32
-0.045404
0
3DFACE
62
163
10
0.075511
20
0.052402
30
-0.045916
11
0.075396
21
0.051848
31
-0.046027
12
0.075918
22
0.052424
32
-0.046608
0
3DFACE
62
163
10
0.075673
20
0.052699
30
-0.046231
11
0.075830
21
0.052785
31
-0.046472
12
0.075315
22
0.052935
32
-0.045943
0
3DFACE
62
163
10
0.075673
20
0.052699
30
-0.046231
11
0.075511
21
0.052402
31
-0.045916
12
0.075918
22
0.052424
32
-0.046608
0
3DFACE
62
163
10
0.075673
20
0.052699
30
-0.046231
11
0.075315
21
0.052935
31
-0.045943
12
0.075511
22
0.052402
32
-0.045916
0
3DFACE
62
163
10
0.075673
20
0.052699
30
-0.046231
11
0.075918
21
0.052424
31
-0.046608
12
0.075830
22
0.052785
32
-0.046472
0
3DFACE
62
163
10
0.075986
20
0.052871
30
-0.046694
11
0.075936
21
0.053273
31
-0.046862
12
0.075830
22
0.052785
32
-0.046472
0
3DFACE
62
163
10
0.076109
20
0.052727
30
-0.046836
11
0.075936
21
0.053273
31
-0.046862
12
0.075986
22
0.052871
32
-0.046694
0
3DFACE
62
163
10
0.076109
20
0.052727
30
-0.046836
11
0.075986
21
0.052871
31
-0.046694
12
0.075830
22
0.052785
32
-0.046472
0
3DFACE
62
163
10
0.076109
20
0.052727
30
-0.046836
11
0.075918
21
0.052424
31
-0.046608
12
0.075984
22
0.052172
32
-0.046977
0
3DFACE
62
163
10
0.076109
20
0.052727
30
-0.046836
11
0.075830
21
0.052785
31
-0.046472
12
0.075918
22
0.052424
32
-0.046608
0
3DFACE
62
163
10
0.076430
20
0.052913
30
-0.047247
11
0.075984
21
0.052172
31
-0.046977
12
0.076664
22
0.052579
32
-0.047835
0
3DFACE
62
163
10
0.076430
20
0.052913
30
-0.047247
11
0.075936
21
0.053273
31
-0.046862
12
0.076109
22
0.052727
32
-0.046836
0
3DFACE
62
163
10
0.076430
20
0.052913
30
-0.047247
11
0.076109
21
0.052727
31
-0.046836
12
0.075984
22
0.052172
32
-0.046977
0
3DFACE
62
163
10
0.076430
20
0.052913
30
-0.047247
11
0.076653
21
0.053697
31
-0.047680
12
0.075936
22
0.053273
32
-0.046862
0
3DFACE
62
163
10
0.076798
20
0.053134
30
-0.047662
11
0.076430
21
0.052913
31
-0.047247
12
0.076664
22
0.052579
32
-0.047835
0
3DFACE
62
163
10
0.076798
20
0.053134
30
-0.047662
11
0.076653
21
0.053697
31
-0.047680
12
0.076430
22
0.052913
32
-0.047247
0
3DFACE
62
163
10
0.076627
20
0.062977
30
-0.049602
11
0.076241
21
0.062916
31
-0.049636
12
0.075842
22
0.062543
32
-0.049664
0
3DFACE
62
163
10
0.076627
20
0.062977
30
-0.049602
11
0.075842
21
0.062543
31
-0.049664
12
0.075442
22
0.062170
32
-0.049655
0
3DFACE
62
163
10
0.076875
20
0.063507
30
-0.049514
11
0.076241
21
0.062916
31
-0.049636
12
0.076627
22
0.062977
32
-0.049602
0
3DFACE
62
163
10
0.077684
20
0.063688
30
-0.049340
11
0.076954
21
0.063581
31
-0.049492
12
0.076875
22
0.063507
32
-0.049514
0
3DFACE
62
163
10
0.077684
20
0.063688
30
-0.049340
11
0.076875
21
0.063507
31
-0.049514
12
0.076627
22
0.062977
32
-0.049602
0
3DFACE
62
163
10
0.078089
20
0.064341
30
-0.049084
11
0.076954
21
0.063581
31
-0.049492
12
0.077684
22
0.063688
32
-0.049340
0
3DFACE
62
163
10
0.078592
20
0.064294
30
-0.048940
11
0.078089
21
0.064341
31
-0.049084
12
0.077684
22
0.063688
32
-0.049340
0
3DFACE
62
163
10
0.079151
20
0.065036
30
-0.048450
11
0.078089
21
0.064341
31
-0.049084
12
0.078592
22
0.064294
32
-0.048940
0
3DFACE
62
163
10
0.079452
20
0.064853
30
-0.048390
11
0.079151
21
0.065036
31
-0.048450
12
0.078592
22
0.064294
32
-0.048940
0
3DFACE
62
163
10
0.080252
20
0.065353
30
-0.047699
11
0.080128
21
0.065646
31
-0.047603
12
0.079151
22
0.065036
32
-0.048450
0
3DFACE
62
163
10
0.080252
20
0.065353
30
-0.047699
11
0.079151
21
0.065036
31
-0.048450
12
0.079452
22
0.064853
32
-0.048390
0
3DFACE
62
163
10
0.080969
20
0.065779
30
-0.046886
11
0.080864
21
0.066079
31
-0.046735
12
0.080128
22
0.065646
32
-0.047603
0
3DFACE
62
163
10
0.080969
20
0.065779
30
-0.046886
11
0.080128
21
0.065646
31
-0.047603
12
0.080252
22
0.065353
32
-0.047699
0
3DFACE
62
163
10
0.081594
20
0.066120
30
-0.045968
11
0.081426
21
0.066382
31
-0.045881
12
0.080864
22
0.066079
32
-0.046735
0
3DFACE
62
163
10
0.081594
20
0.066120
30
-0.045968
11
0.080864
21
0.066079
31
-0.046735
12
0.080969
22
0.065779
32
-0.046886
0
3DFACE
62
163
10
0.082123
20
0.066367
30
-0.044954
11
0.081907
21
0.066604
31
-0.044948
12
0.081426
22
0.066382
32
-0.045881
0
3DFACE
62
163
10
0.082123
20
0.066367
30
-0.044954
11
0.081426
21
0.066382
31
-0.045881
12
0.081594
22
0.066120
32
-0.045968
0
3DFACE
62
163
10
0.082293
20
0.066740
30
-0.043960
11
0.081907
21
0.066604
31
-0.044948
12
0.082123
22
0.066367
32
-0.044954
0
3DFACE
62
163
10
0.082541
20
0.066512
30
-0.043875
11
0.082293
21
0.066740
31
-0.043960
12
0.082123
22
0.066367
32
-0.044954
0
3DFACE
62
163
10
0.082580
20
0.066788
30
-0.042938
11
0.082293
21
0.066740
31
-0.043960
12
0.082541
22
0.066512
32
-0.043875
0
3DFACE
62
163
10
0.082841
20
0.066551
30
-0.042754
11
0.082580
21
0.066788
31
-0.042938
12
0.082541
22
0.066512
32
-0.043875
0
3DFACE
62
163
10
0.082772
20
0.066741
30
-0.041885
11
0.082580
21
0.066788
31
-0.042938
12
0.082841
22
0.066551
32
-0.042754
0
3DFACE
62
163
10
0.083025
20
0.066477
30
-0.041602
11
0.082772
21
0.066741
31
-0.041885
12
0.082841
22
0.066551
32
-0.042754
0
3DFACE
62
163
10
0.082862
20
0.066599
30
-0.040826
11
0.082772
21
0.066741
31
-0.041885
12
0.083025
22
0.066477
32
-0.041602
0
3DFACE
62
163
10
0.083088
20
0.066291
30
-0.040451
11
0.082862
21
0.066599
31
-0.040826
12
0.083025
22
0.066477
32
-0.041602
0
3DFACE
62
163
10
0.082849
20
0.066367
30
-0.039788
11
0.082862
21
0.066599
31
-0.040826
12
0.083088
22
0.066291
32
-0.040451
0
3DFACE
62
163
10
0.083032
20
0.065997
30
-0.039330
11
0.082849
21
0.066367
31
-0.039788
12
0.083088
22
0.066291
32
-0.040451
0
3DFACE
62
163
10
0.082740
20
0.066041
30
-0.038777
11
0.082849
21
0.066367
31
-0.039788
12
0.083032
22
0.065997
32
-0.039330
0
3DFACE
62
163
10
0.082861
20
0.065591
30
-0.038247
11
0.082740
21
0.066041
31
-0.038777
12
0.083032
22
0.065997
32
-0.039330
0
3DFACE
62
163
10
0.082536
20
0.065624
30
-0.037810
11
0.082740
21
0.066041
31
-0.038777
12
0.082861
22
0.065591
32
-0.038247
0
3DFACE
62
163
10
0.082580
20
0.065084
30
-0.037233
11
0.082536
21
0.065624
31
-0.037810
12
0.082861
22
0.065591
32
-0.038247
0
3DFACE
62
163
10
0.082242
20
0.065127
30
-0.036911
11
0.082536
21
0.065624
31
-0.037810
12
0.082580
22
0.065084
32
-0.037233
0
3DFACE
62
163
10
0.082199
20
0.064487
30
-0.036314
11
0.082242
21
0.065127
31
-0.036911
12
0.082580
22
0.065084
32
-0.037233
0
3DFACE
62
163
10
0.082199
20
0.064487
30
-0.036314
11
0.081867
21
0.064556
31
-0.036096
12
0.082242
22
0.065127
32
-0.036911
0
3DFACE
62
163
10
0.081726
20
0.063800
30
-0.035497
11
0.081867
21
0.064556
31
-0.036096
12
0.082199
22
0.064487
32
-0.036314
0
3DFACE
62
163
10
0.081726
20
0.063800
30
-0.035497
11
0.081417
21
0.063910
31
-0.035368
12
0.081867
22
0.064556
32
-0.036096
0
3DFACE
62
163
10
0.081173
20
0.063039
30
-0.034803
11
0.081417
21
0.063910
31
-0.035368
12
0.081726
22
0.063800
32
-0.035497
0
3DFACE
62
163
10
0.081173
20
0.063039
30
-0.034803
11
0.080902
21
0.063204
31
-0.034749
12
0.081417
22
0.063910
32
-0.035368
0
3DFACE
62
163
10
0.080558
20
0.062224
30
-0.034252
11
0.080902
21
0.063204
31
-0.034749
12
0.081173
22
0.063039
32
-0.034803
0
3DFACE
62
163
10
0.080558
20
0.062224
30
-0.034252
11
0.080336
21
0.062456
31
-0.034250
12
0.080902
22
0.063204
32
-0.034749
0
3DFACE
62
163
10
0.079726
20
0.061662
30
-0.033873
11
0.080336
21
0.062456
31
-0.034250
12
0.080558
22
0.062224
32
-0.034252
0
3DFACE
62
163
10
0.079891
20
0.061356
30
-0.033846
11
0.079726
21
0.061662
31
-0.033873
12
0.080558
22
0.062224
32
-0.034252
0
3DFACE
62
163
10
0.079085
20
0.060838
30
-0.033628
11
0.079726
21
0.061662
31
-0.033873
12
0.079891
22
0.061356
32
-0.033846
0
3DFACE
62
163
10
0.079188
20
0.060454
30
-0.033599
11
0.079085
21
0.060838
31
-0.033628
12
0.079891
22
0.061356
32
-0.033846
0
3DFACE
62
163
10
0.078429
20
0.060004
30
-0.033521
11
0.079085
21
0.060838
31
-0.033628
12
0.079188
22
0.060454
32
-0.033599
0
3DFACE
62
163
10
0.078472
20
0.059545
30
-0.033515
11
0.078429
21
0.060004
31
-0.033521
12
0.079188
22
0.060454
32
-0.033599
0
3DFACE
62
163
10
0.077770
20
0.059167
30
-0.033550
11
0.078429
21
0.060004
31
-0.033521
12
0.078472
22
0.059545
32
-0.033515
0
3DFACE
62
163
10
0.077753
20
0.058630
30
-0.033595
11
0.077770
21
0.059167
31
-0.033550
12
0.078472
22
0.059545
32
-0.033515
0
3DFACE
62
163
10
0.077118
20
0.058333
30
-0.033718
11
0.077770
21
0.059167
31
-0.033550
12
0.077753
22
0.058630
32
-0.033595
0
3DFACE
62
163
10
0.077050
20
0.057727
30
-0.033839
11
0.077118
21
0.058333
31
-0.033718
12
0.077753
22
0.058630
32
-0.033595
0
3DFACE
62
163
10
0.076489
20
0.057521
30
-0.034021
11
0.077118
21
0.058333
31
-0.033718
12
0.077050
22
0.057727
32
-0.033839
0
3DFACE
62
163
10
0.076383
20
0.056863
30
-0.034238
11
0.076489
21
0.057521
31
-0.034021
12
0.077050
22
0.057727
32
-0.033839
0
3DFACE
62
163
10
0.075898
20
0.056749
30
-0.034450
11
0.076489
21
0.057521
31
-0.034021
12
0.076383
22
0.056863
32
-0.034238
0
3DFACE
62
163
10
0.075766
20
0.056044
30
-0.034787
11
0.075898
21
0.056749
31
-0.034450
12
0.076383
22
0.056863
32
-0.034238
0
3DFACE
62
163
10
0.075352
20
0.056014
30
-0.035005
11
0.075898
21
0.056749
31
-0.034450
12
0.075766
22
0.056044
32
-0.034787
0
3DFACE
62
163
10
0.075211
20
0.055279
30
-0.035478
11
0.074863
21
0.055333
31
-0.035673
12
0.075352
22
0.056014
32
-0.035005
0
3DFACE
62
163
10
0.075211
20
0.055279
30
-0.035478
11
0.075352
21
0.056014
31
-0.035005
12
0.075766
22
0.056044
32
-0.034787
0
3DFACE
62
163
10
0.074736
20
0.054593
30
-0.036290
11
0.074445
21
0.054721
31
-0.036438
12
0.074863
22
0.055333
32
-0.035673
0
3DFACE
62
163
10
0.074736
20
0.054593
30
-0.036290
11
0.074863
21
0.055333
31
-0.035673
12
0.075211
22
0.055279
32
-0.035478
0
3DFACE
62
163
10
0.074352
20
0.053993
30
-0.037208
11
0.074105
21
0.054181
31
-0.037292
12
0.074445
22
0.054721
32
-0.036438
0
3DFACE
62
163
10
0.074352
20
0.053993
30
-0.037208
11
0.074445
21
0.054721
31
-0.036438
12
0.074736
22
0.054593
32
-0.036290
0
3DFACE
62
163
10
0.074069
20
0.053482
30
-0.038222
11
0.073849
21
0.053716
31
-0.038224
12
0.074105
22
0.054181
32
-0.037292
0
3DFACE
62
163
10
0.074069
20
0.053482
30
-0.038222
11
0.074105
21
0.054181
31
-0.037292
12
0.074352
22
0.053993
32
-0.037208
0
3DFACE
62
163
10
0.073685
20
0.053339
30
-0.039211
11
0.073849
21
0.053716
31
-0.038224
12
0.074069
22
0.053482
32
-0.038222
0
3DFACE
62
163
10
0.073895
20
0.053075
30
-0.039301
11
0.073685
21
0.053339
31
-0.039211
12
0.074069
22
0.053482
32
-0.038222
0
3DFACE
62
163
10
0.073617
20
0.053055
30
-0.040234
11
0.073685
21
0.053339
31
-0.039211
12
0.073895
22
0.053075
32
-0.039301
0
3DFACE
62
163
10
0.073835
20
0.052778
30
-0.040421
11
0.073617
21
0.053055
31
-0.040234
12
0.073895
22
0.053075
32
-0.039301
0
3DFACE
62
163
10
0.073650
20
0.052860
30
-0.041287
11
0.073617
21
0.053055
31
-0.040234
12
0.073835
22
0.052778
32
-0.040421
0
3DFACE
62
163
10
0.073896
20
0.052588
30
-0.041574
11
0.073650
21
0.052860
31
-0.041287
12
0.073835
22
0.052778
32
-0.040421
0
3DFACE
62
163
10
0.073784
20
0.052760
30
-0.042345
11
0.073650
21
0.052860
31
-0.041287
12
0.073896
22
0.052588
32
-0.041574
0
3DFACE
62
163
10
0.074077
20
0.052512
30
-0.042724
11
0.073784
21
0.052760
31
-0.042345
12
0.073896
22
0.052588
32
-0.041574
0
3DFACE
62
163
10
0.074016
20
0.052755
30
-0.043383
11
0.073784
21
0.052760
31
-0.042345
12
0.074077
22
0.052512
32
-0.042724
0
3DFACE
62
163
10
0.074373
20
0.052548
30
-0.043845
11
0.074016
21
0.052755
31
-0.043383
12
0.074077
22
0.052512
32
-0.042724
0
3DFACE
62
163
10
0.074348
20
0.052841
30
-0.044395
11
0.074016
21
0.052755
31
-0.043383
12
0.074373
22
0.052548
32
-0.043845
0
3DFACE
62
163
10
0.074789
20
0.052690
30
-0.044929
11
0.074348
21
0.052841
31
-0.044395
12
0.074373
22
0.052548
32
-0.043845
0
3DFACE
62
163
10
0.074777
20
0.053015
30
-0.045363
11
0.074348
21
0.052841
31
-0.044395
12
0.074789
22
0.052690
32
-0.044929
0
3DFACE
62
163
10
0.075315
20
0.052935
30
-0.045943
11
0.074777
21
0.053015
31
-0.045363
12
0.074789
22
0.052690
32
-0.044929
0
3DFACE
62
163
10
0.075292
20
0.053273
30
-0.046261
11
0.074777
21
0.053015
31
-0.045363
12
0.075315
22
0.052935
32
-0.045943
0
3DFACE
62
163
10
0.075936
20
0.053273
30
-0.046862
11
0.075292
21
0.053273
31
-0.046261
12
0.075315
22
0.052935
32
-0.045943
0
3DFACE
62
163
10
0.075936
20
0.053273
30
-0.046862
11
0.075887
21
0.053607
31
-0.047078
12
0.075292
22
0.053273
32
-0.046261
0
3DFACE
62
163
10
0.076653
20
0.053697
30
-0.047680
11
0.075887
21
0.053607
31
-0.047078
12
0.075936
22
0.053273
32
-0.046862
0
3DFACE
62
163
10
0.076653
20
0.053697
30
-0.047680
11
0.076562
21
0.054011
31
-0.047806
12
0.075887
22
0.053607
32
-0.047078
0
3DFACE
62
163
10
0.077451
20
0.054196
30
-0.048375
11
0.076562
21
0.054011
31
-0.047806
12
0.076653
22
0.053697
32
-0.047680
0
3DFACE
62
163
10
0.077451
20
0.054196
30
-0.048375
11
0.077302
21
0.054476
31
-0.048427
12
0.076562
22
0.054011
32
-0.047806
0
3DFACE
62
163
10
0.078306
20
0.054753
30
-0.048926
11
0.077302
21
0.054476
31
-0.048427
12
0.077451
22
0.054196
32
-0.048375
0
3DFACE
62
163
10
0.078306
20
0.054753
30
-0.048926
11
0.078087
21
0.054988
31
-0.048927
12
0.077302
22
0.054476
32
-0.048427
0
3DFACE
62
163
10
0.078921
20
0.055542
30
-0.049304
11
0.078087
21
0.054988
31
-0.048927
12
0.078306
22
0.054753
32
-0.048926
0
3DFACE
62
163
10
0.079218
20
0.055358
30
-0.049332
11
0.078921
21
0.055542
31
-0.049304
12
0.078306
22
0.054753
32
-0.048926
0
3DFACE
62
163
10
0.079787
20
0.056124
30
-0.049550
11
0.078921
21
0.055542
31
-0.049304
12
0.079218
22
0.055358
32
-0.049332
0
3DFACE
62
163
10
0.080166
20
0.055997
30
-0.049580
11
0.079787
21
0.056124
31
-0.049550
12
0.079218
22
0.055358
32
-0.049332
0
3DFACE
62
163
10
0.080664
20
0.056720
30
-0.049659
11
0.079787
21
0.056124
31
-0.049550
12
0.080166
22
0.055997
32
-0.049580
0
3DFACE
62
163
10
0.081123
20
0.056648
30
-0.049665
11
0.080664
21
0.056720
31
-0.049659
12
0.080166
22
0.055997
32
-0.049580
0
3DFACE
62
163
10
0.081544
20
0.057320
30
-0.049631
11
0.080664
21
0.056720
31
-0.049659
12
0.081123
22
0.056648
32
-0.049665
0
3DFACE
62
163
10
0.082085
20
0.057302
30
-0.049586
11
0.081544
21
0.057320
31
-0.049631
12
0.081123
22
0.056648
32
-0.049665
0
3DFACE
62
163
10
0.082422
20
0.057913
30
-0.049464
11
0.081544
21
0.057320
31
-0.049631
12
0.082085
22
0.057302
32
-0.049586
0
3DFACE
62
163
10
0.083034
20
0.057941
30
-0.049343
11
0.082422
21
0.057913
31
-0.049464
12
0.082085
22
0.057302
32
-0.049586
0
3DFACE
62
163
10
0.083276
20
0.058484
30
-0.049162
11
0.082422
21
0.057913
31
-0.049464
12
0.083034
22
0.057941
32
-0.049343
0
3DFACE
62
163
10
0.083943
20
0.058547
30
-0.048944
11
0.083276
21
0.058484
31
-0.049162
12
0.083034
22
0.057941
32
-0.049343
0
3DFACE
62
163
10
0.084087
20
0.059021
30
-0.048734
11
0.083276
21
0.058484
31
-0.049162
12
0.083943
22
0.058547
32
-0.048944
0
3DFACE
62
163
10
0.084803
20
0.059106
30
-0.048395
11
0.084087
21
0.059021
31
-0.048734
12
0.083943
22
0.058547
32
-0.048944
0
3DFACE
62
163
10
0.084858
20
0.059516
30
-0.048181
11
0.084087
21
0.059021
31
-0.048734
12
0.084803
22
0.059106
32
-0.048395
0
3DFACE
62
163
10
0.085605
20
0.059607
30
-0.047705
11
0.084858
21
0.059516
31
-0.048181
12
0.084803
22
0.059106
32
-0.048395
0
3DFACE
62
163
10
0.085605
20
0.059607
30
-0.047705
11
0.085572
21
0.059956
31
-0.047513
12
0.084858
22
0.059516
32
-0.048181
0
3DFACE
62
163
10
0.086322
20
0.060034
30
-0.046893
11
0.085572
21
0.059956
31
-0.047513
12
0.085605
22
0.059607
32
-0.047705
0
3DFACE
62
163
10
0.086322
20
0.060034
30
-0.046893
11
0.086212
21
0.060331
31
-0.046749
12
0.085572
22
0.059956
32
-0.047513
0
3DFACE
62
163
10
0.086948
20
0.060375
30
-0.045975
11
0.086212
21
0.060331
31
-0.046749
12
0.086322
22
0.060034
32
-0.046893
0
3DFACE
62
163
10
0.086948
20
0.060375
30
-0.045975
11
0.086776
21
0.060635
31
-0.045896
12
0.086212
22
0.060331
32
-0.046749
0
3DFACE
62
163
10
0.087478
20
0.060623
30
-0.044962
11
0.086776
21
0.060635
31
-0.045896
12
0.086948
22
0.060375
32
-0.045975
0
3DFACE
62
163
10
0.087478
20
0.060623
30
-0.044962
11
0.087258
21
0.060858
31
-0.044964
12
0.086776
22
0.060635
32
-0.045896
0
3DFACE
62
163
10
0.087646
20
0.060996
30
-0.043977
11
0.087258
21
0.060858
31
-0.044964
12
0.087478
22
0.060623
32
-0.044962
0
3DFACE
62
163
10
0.087896
20
0.060769
30
-0.043884
11
0.087646
21
0.060996
31
-0.043977
12
0.087478
22
0.060623
32
-0.044962
0
3DFACE
62
163
10
0.087934
20
0.061045
30
-0.042955
11
0.087646
21
0.060996
31
-0.043977
12
0.087896
22
0.060769
32
-0.043884
0
3DFACE
62
163
10
0.088197
20
0.060809
30
-0.042763
11
0.087934
21
0.061045
31
-0.042955
12
0.087896
22
0.060769
32
-0.043884
0
3DFACE
62
163
10
0.088127
20
0.061000
30
-0.041902
11
0.087934
21
0.061045
31
-0.042955
12
0.088197
22
0.060809
32
-0.042763
0
3DFACE
62
163
10
0.088382
20
0.060735
30
-0.041611
11
0.088127
21
0.061000
31
-0.041902
12
0.088197
22
0.060809
32
-0.042763
0
3DFACE
62
163
10
0.088219
20
0.060860
30
-0.040844
11
0.088127
21
0.061000
31
-0.041902
12
0.088382
22
0.060735
32
-0.041611
0
3DFACE
62
163
10
0.088447
20
0.060550
30
-0.040460
11
0.088219
21
0.060860
31
-0.040844
12
0.088382
22
0.060735
32
-0.041611
0
3DFACE
62
163
10
0.088209
20
0.060629
30
-0.039805
11
0.088219
21
0.060860
31
-0.040844
12
0.088447
22
0.060550
32
-0.040460
0
3DFACE
62
163
10
0.088391
20
0.060257
30
-0.039339
11
0.088209
21
0.060629
31
-0.039805
12
0.088447
22
0.060550
32
-0.040460
0
3DFACE
62
163
10
0.088101
20
0.060305
30
-0.038793
11
0.088209
21
0.060629
31
-0.039805
12
0.088391
22
0.060257
32
-0.039339
0
3DFACE
62
163
10
0.088221
20
0.059853
30
-0.038256
11
0.088101
21
0.060305
31
-0.038793
12
0.088391
22
0.060257
32
-0.039339
0
3DFACE
62
163
10
0.087898
20
0.059890
30
-0.037825
11
0.088101
21
0.060305
31
-0.038793
12
0.088221
22
0.059853
32
-0.038256
0
3DFACE
62
163
10
0.087941
20
0.059346
30
-0.037241
11
0.087898
21
0.059890
31
-0.037825
12
0.088221
22
0.059853
32
-0.038256
0
3DFACE
62
163
10
0.087606
20
0.059394
30
-0.036926
11
0.087898
21
0.059890
31
-0.037825
12
0.087941
22
0.059346
32
-0.037241
0
3DFACE
62
163
10
0.087560
20
0.058750
30
-0.036321
11
0.087606
21
0.059394
31
-0.036926
12
0.087941
22
0.059346
32
-0.037241
0
3DFACE
62
163
10
0.087560
20
0.058750
30
-0.036321
11
0.087232
21
0.058824
31
-0.036109
12
0.087606
22
0.059394
32
-0.036926
0
3DFACE
62
163
10
0.087088
20
0.058064
30
-0.035503
11
0.087232
21
0.058824
31
-0.036109
12
0.087560
22
0.058750
32
-0.036321
0
3DFACE
62
163
10
0.087088
20
0.058064
30
-0.035503
11
0.086783
21
0.058179
31
-0.035380
12
0.087232
22
0.058824
32
-0.036109
0
3DFACE
62
163
10
0.086536
20
0.057302
30
-0.034808
11
0.086783
21
0.058179
31
-0.035380
12
0.087088
22
0.058064
32
-0.035503
0
3DFACE
62
163
10
0.086536
20
0.057302
30
-0.034808
11
0.086269
21
0.057474
31
-0.034758
12
0.086783
22
0.058179
32
-0.035380
0
3DFACE
62
163
10
0.085921
20
0.056488
30
-0.034255
11
0.086269
21
0.057474
31
-0.034758
12
0.086536
22
0.057302
32
-0.034808
0
3DFACE
62
163
10
0.085921
20
0.056488
30
-0.034255
11
0.085704
21
0.056726
31
-0.034257
12
0.086269
22
0.057474
32
-0.034758
0
3DFACE
62
163
10
0.085094
20
0.055933
30
-0.033878
11
0.085704
21
0.056726
31
-0.034257
12
0.085921
22
0.056488
32
-0.034255
0
3DFACE
62
163
10
0.085254
20
0.055621
30
-0.033849
11
0.085094
21
0.055933
31
-0.033878
12
0.085921
22
0.056488
32
-0.034255
0
3DFACE
62
163
10
0.084454
20
0.055109
30
-0.033631
11
0.085094
21
0.055933
31
-0.033878
12
0.085254
22
0.055621
32
-0.033849
0
3DFACE
62
163
10
0.084552
20
0.054719
30
-0.033600
11
0.084454
21
0.055109
31
-0.033631
12
0.085254
22
0.055621
32
-0.033849
0
3DFACE
62
163
10
0.083798
20
0.054275
30
-0.033521
11
0.084454
21
0.055109
31
-0.033631
12
0.084552
22
0.054719
32
-0.033600
0
3DFACE
62
163
10
0.083836
20
0.053809
30
-0.033515
11
0.083798
21
0.054275
31
-0.033521
12
0.084552
22
0.054719
32
-0.033600
0
3DFACE
62
163
10
0.083139
20
0.053439
30
-0.033549
11
0.083798
21
0.054275
31
-0.033521
12
0.083836
22
0.053809
32
-0.033515
0
3DFACE
62
163
10
0.083117
20
0.052895
30
-0.033594
11
0.083139
21
0.053439
31
-0.033549
12
0.083836
22
0.053809
32
-0.033515
0
3DFACE
62
163
10
0.082487
20
0.052604
30
-0.033714
11
0.083139
21
0.053439
31
-0.033549
12
0.083117
22
0.052895
32
-0.033594
0
3DFACE
62
163
10
0.082414
20
0.051992
30
-0.033836
11
0.082487
21
0.052604
31
-0.033714
12
0.083117
22
0.052895
32
-0.033594
0
3DFACE
62
163
10
0.081858
20
0.051792
30
-0.034015
11
0.082487
21
0.052604
31
-0.033714
12
0.082414
22
0.051992
32
-0.033836
0
3DFACE
62
163
10
0.081747
20
0.051127
30
-0.034234
11
0.081858
21
0.051792
31
-0.034015
12
0.082414
22
0.051992
32
-0.033836
0
3DFACE
62
163
10
0.081266
20
0.051020
30
-0.034442
11
0.081858
21
0.051792
31
-0.034015
12
0.081747
22
0.051127
32
-0.034234
0
3DFACE
62
163
10
0.081128
20
0.050307
30
-0.034782
11
0.081266
21
0.051020
31
-0.034442
12
0.081747
22
0.051127
32
-0.034234
0
3DFACE
62
163
10
0.080719
20
0.050284
30
-0.034994
11
0.081266
21
0.051020
31
-0.034442
12
0.081128
22
0.050307
32
-0.034782
0
3DFACE
62
163
10
0.080573
20
0.049543
30
-0.035472
11
0.080719
21
0.050284
31
-0.034994
12
0.081128
22
0.050307
32
-0.034782
0
3DFACE
62
163
10
0.080573
20
0.049543
30
-0.035472
11
0.080229
21
0.049601
31
-0.035661
12
0.080719
22
0.050284
32
-0.034994
0
3DFACE
62
163
10
0.080098
20
0.048856
30
-0.036284
11
0.080229
21
0.049601
31
-0.035661
12
0.080573
22
0.049543
32
-0.035472
0
3DFACE
62
163
10
0.080098
20
0.048856
30
-0.036284
11
0.079810
21
0.048989
31
-0.036425
12
0.080229
22
0.049601
32
-0.035661
0
3DFACE
62
163
10
0.079713
20
0.048255
30
-0.037201
11
0.079810
21
0.048989
31
-0.036425
12
0.080098
22
0.048856
32
-0.036284
0
3DFACE
62
163
10
0.079713
20
0.048255
30
-0.037201
11
0.079468
21
0.048447
31
-0.037277
12
0.079810
22
0.048989
32
-0.036425
0
3DFACE
62
163
10
0.079429
20
0.047743
30
-0.038214
11
0.079468
21
0.048447
31
-0.037277
12
0.079713
22
0.048255
32
-0.037201
0
3DFACE
62
163
10
0.079429
20
0.047743
30
-0.038214
11
0.079211
21
0.047980
31
-0.038208
12
0.079468
22
0.048447
32
-0.037277
0
3DFACE
62
163
10
0.079045
20
0.047602
30
-0.039195
11
0.079211
21
0.047980
31
-0.038208
12
0.079429
22
0.047743
32
-0.038214
0
3DFACE
62
163
10
0.079254
20
0.047335
30
-0.039292
11
0.079045
21
0.047602
31
-0.039195
12
0.079429
22
0.047743
32
-0.038214
0
3DFACE
62
163
10
0.078976
20
0.047317
30
-0.040216
11
0.079045
21
0.047602
31
-0.039195
12
0.079254
22
0.047335
32
-0.039292
0
3DFACE
62
163
10
0.079193
20
0.047038
30
-0.040412
11
0.078976
21
0.047317
31
-0.040216
12
0.079254
22
0.047335
32
-0.039292
0
3DFACE
62
163
10
0.079007
20
0.047120
30
-0.041269
11
0.078976
21
0.047317
31
-0.040216
12
0.079193
22
0.047038
32
-0.040412
0
3DFACE
62
163
10
0.079253
20
0.046847
30
-0.041565
11
0.079007
21
0.047120
31
-0.041269
12
0.079193
22
0.047038
32
-0.040412
0
3DFACE
62
163
10
0.079139
20
0.047018
30
-0.042328
11
0.079007
21
0.047120
31
-0.041269
12
0.079253
22
0.046847
32
-0.041565
0
3DFACE
62
163
10
0.079433
20
0.046770
30
-0.042716
11
0.079139
21
0.047018
31
-0.042328
12
0.079253
22
0.046847
32
-0.041565
0
3DFACE
62
163
10
0.079369
20
0.047012
30
-0.043366
11
0.079139
21
0.047018
31
-0.042328
12
0.079433
22
0.046770
32
-0.042716
0
3DFACE
62
163
10
0.079729
20
0.046805
30
-0.043837
11
0.079369
21
0.047012
31
-0.043366
12
0.079433
22
0.046770
32
-0.042716
0
3DFACE
62
163
10
0.079699
20
0.047097
30
-0.044378
11
0.079369
21
0.047012
31
-0.043366
12
0.079729
22
0.046805
32
-0.043837
0
3DFACE
62
163
10
0.080144
20
0.046946
30
-0.044920
11
0.079699
21
0.047097
31
-0.044378
12
0.079729
22
0.046805
32
-0.043837
0
3DFACE
62
163
10
0.080127
20
0.047269
30
-0.045347
11
0.079699
21
0.047097
31
-0.044378
12
0.080144
22
0.046946
32
-0.044920
0
3DFACE
62
163
10
0.080668
20
0.047190
30
-0.045935
11
0.080127
21
0.047269
31
-0.045347
12
0.080144
22
0.046946
32
-0.044920
0
3DFACE
62
163
10
0.080641
20
0.047526
30
-0.046247
11
0.080127
21
0.047269
31
-0.045347
12
0.080668
22
0.047190
32
-0.045935
0
3DFACE
62
163
10
0.081289
20
0.047528
30
-0.046855
11
0.081235
21
0.047859
31
-0.047065
12
0.080641
22
0.047526
32
-0.046247
0
3DFACE
62
163
10
0.081289
20
0.047528
30
-0.046855
11
0.080641
21
0.047526
31
-0.046247
12
0.080668
22
0.047190
32
-0.045935
0
3DFACE
62
163
10
0.082006
20
0.047951
30
-0.047674
11
0.081909
21
0.048262
31
-0.047795
12
0.081235
22
0.047859
32
-0.047065
0
3DFACE
62
163
10
0.082006
20
0.047951
30
-0.047674
11
0.081235
21
0.047859
31
-0.047065
12
0.081289
22
0.047528
32
-0.046855
0
3DFACE
62
163
10
0.082803
20
0.048449
30
-0.048370
11
0.081909
21
0.048262
31
-0.047795
12
0.082006
22
0.047951
32
-0.047674
0
3DFACE
62
163
10
0.082803
20
0.048449
30
-0.048370
11
0.082647
21
0.048725
31
-0.048417
12
0.081909
22
0.048262
32
-0.047795
0
3DFACE
62
163
10
0.083658
20
0.049006
30
-0.048923
11
0.082647
21
0.048725
31
-0.048417
12
0.082803
22
0.048449
32
-0.048370
0
3DFACE
62
163
10
0.083658
20
0.049006
30
-0.048923
11
0.083432
21
0.049237
31
-0.048919
12
0.082647
22
0.048725
32
-0.048417
0
3DFACE
62
163
10
0.084265
20
0.049790
30
-0.049299
11
0.083432
21
0.049237
31
-0.048919
12
0.083658
22
0.049006
32
-0.048923
0
3DFACE
62
163
10
0.084569
20
0.049611
30
-0.049330
11
0.084265
21
0.049790
31
-0.049299
12
0.083658
22
0.049006
32
-0.048923
0
3DFACE
62
163
10
0.085131
20
0.050372
30
-0.049547
11
0.084265
21
0.049790
31
-0.049299
12
0.084569
22
0.049611
32
-0.049330
0
3DFACE
62
163
10
0.085517
20
0.050249
30
-0.049579
11
0.085131
21
0.050372
31
-0.049547
12
0.084569
22
0.049611
32
-0.049330
0
3DFACE
62
163
10
0.086008
20
0.050968
30
-0.049658
11
0.085131
21
0.050372
31
-0.049547
12
0.085517
22
0.050249
32
-0.049579
0
3DFACE
62
163
10
0.086474
20
0.050901
30
-0.049665
11
0.086008
21
0.050968
31
-0.049658
12
0.085517
22
0.050249
32
-0.049579
0
3DFACE
62
163
10
0.086888
20
0.051567
30
-0.049632
11
0.086008
21
0.050968
31
-0.049658
12
0.086474
22
0.050901
32
-0.049665
0
3DFACE
62
163
10
0.087436
20
0.051554
30
-0.049587
11
0.086888
21
0.051567
31
-0.049632
12
0.086474
22
0.050901
32
-0.049665
0
3DFACE
62
163
10
0.087766
20
0.052161
30
-0.049468
11
0.086888
21
0.051567
31
-0.049632
12
0.087436
22
0.051554
32
-0.049587
0
3DFACE
62
163
10
0.088385
20
0.052194
30
-0.049345
11
0.087766
21
0.052161
31
-0.049468
12
0.087436
22
0.051554
32
-0.049587
0
3DFACE
62
163
10
0.088620
20
0.052733
30
-0.049168
11
0.087766
21
0.052161
31
-0.049468
12
0.088385
22
0.052194
32
-0.049345
0
3DFACE
62
163
10
0.089294
20
0.052800
30
-0.048947
11
0.088620
21
0.052733
31
-0.049168
12
0.088385
22
0.052194
32
-0.049345
0
3DFACE
62
163
10
0.089432
20
0.053270
30
-0.048742
11
0.088620
21
0.052733
31
-0.049168
12
0.089294
22
0.052800
32
-0.048947
0
3DFACE
62
163
10
0.090155
20
0.053360
30
-0.048400
11
0.089432
21
0.053270
31
-0.048742
12
0.089294
22
0.052800
32
-0.048947
0
3DFACE
62
163
10
0.090204
20
0.053765
30
-0.048191
11
0.089432
21
0.053270
31
-0.048742
12
0.090155
22
0.053360
32
-0.048400
0
3DFACE
62
163
10
0.090957
20
0.053861
30
-0.047711
11
0.090919
21
0.054207
31
-0.047525
12
0.090204
22
0.053765
32
-0.048191
0
3DFACE
62
163
10
0.090957
20
0.053861
30
-0.047711
11
0.090204
21
0.053765
31
-0.048191
12
0.090155
22
0.053360
32
-0.048400
0
3DFACE
62
163
10
0.091675
20
0.054288
30
-0.046900
11
0.091560
21
0.054583
31
-0.046762
12
0.090919
22
0.054207
32
-0.047525
0
3DFACE
62
163
10
0.091675
20
0.054288
30
-0.046900
11
0.090919
21
0.054207
31
-0.047525
12
0.090957
22
0.053861
32
-0.047711
0
3DFACE
62
163
10
0.092301
20
0.054631
30
-0.045983
11
0.092125
21
0.054888
31
-0.045910
12
0.091560
22
0.054583
32
-0.046762
0
3DFACE
62
163
10
0.092301
20
0.054631
30
-0.045983
11
0.091560
21
0.054583
31
-0.046762
12
0.091675
22
0.054288
32
-0.046900
0
3DFACE
62
163
10
0.092832
20
0.054879
30
-0.044970
11
0.092609
21
0.055113
31
-0.044980
12
0.092125
22
0.054888
32
-0.045910
0
3DFACE
62
163
10
0.092832
20
0.054879
30
-0.044970
11
0.092125
21
0.054888
31
-0.045910
12
0.092301
22
0.054631
32
-0.045983
0
3DFACE
62
163
10
0.092998
20
0.055252
30
-0.043994
11
0.092609
21
0.055113
31
-0.044980
12
0.092832
22
0.054879
32
-0.044970
0
3DFACE
62
163
10
0.093251
20
0.055026
30
-0.043892
11
0.092998
21
0.055252
31
-0.043994
12
0.092832
22
0.054879
32
-0.044970
0
3DFACE
62
163
10
0.093289
20
0.055303
30
-0.042972
11
0.092998
21
0.055252
31
-0.043994
12
0.093251
22
0.055026
32
-0.043892
0
3DFACE
62
163
10
0.093553
20
0.055067
30
-0.042772
11
0.093289
21
0.055303
31
-0.042972
12
0.093251
22
0.055026
32
-0.043892
0
3DFACE
62
163
10
0.093483
20
0.055259
30
-0.041920
11
0.093289
21
0.055303
31
-0.042972
12
0.093553
22
0.055067
32
-0.042772
0
3DFACE
62
163
10
0.093740
20
0.054994
30
-0.041620
11
0.093483
21
0.055259
31
-0.041920
12
0.093553
22
0.055067
32
-0.042772
0
3DFACE
62
163
10
0.093577
20
0.055121
30
-0.040861
11
0.093483
21
0.055259
31
-0.041920
12
0.093740
22
0.054994
32
-0.041620
0
3DFACE
62
163
10
0.093805
20
0.054810
30
-0.040469
11
0.093577
21
0.055121
31
-0.040861
12
0.093740
22
0.054994
32
-0.041620
0
3DFACE
62
163
10
0.093568
20
0.054891
30
-0.039822
11
0.093577
21
0.055121
31
-0.040861
12
0.093805
22
0.054810
32
-0.040469
0
3DFACE
62
163
10
0.093750
20
0.054518
30
-0.039348
11
0.093568
21
0.054891
31
-0.039822
12
0.093805
22
0.054810
32
-0.040469
0
3DFACE
62
163
10
0.093461
20
0.054569
30
-0.038810
11
0.093568
21
0.054891
31
-0.039822
12
0.093750
22
0.054518
32
-0.039348
0
3DFACE
62
163
10
0.093581
20
0.054114
30
-0.038264
11
0.093461
21
0.054569
31
-0.038810
12
0.093750
22
0.054518
32
-0.039348
0
3DFACE
62
163
10
0.093260
20
0.054155
30
-0.037841
11
0.093461
21
0.054569
31
-0.038810
12
0.093581
22
0.054114
32
-0.038264
0
3DFACE
62
163
10
0.093301
20
0.053608
30
-0.037248
11
0.093260
21
0.054155
31
-0.037841
12
0.093581
22
0.054114
32
-0.038264
0
3DFACE
62
163
10
0.092970
20
0.053660
30
-0.036940
11
0.093260
21
0.054155
31
-0.037841
12
0.093301
22
0.053608
32
-0.037248
0
3DFACE
62
163
10
0.092922
20
0.053013
30
-0.036328
11
0.092597
21
0.053092
31
-0.036122
12
0.092970
22
0.053660
32
-0.036940
0
3DFACE
62
163
10
0.092922
20
0.053013
30
-0.036328
11
0.092970
21
0.053660
31
-0.036940
12
0.093301
22
0.053608
32
-0.037248
0
3DFACE
62
163
10
0.092450
20
0.052327
30
-0.035509
11
0.092149
21
0.052448
31
-0.035391
12
0.092597
22
0.053092
32
-0.036122
0
3DFACE
62
163
10
0.092450
20
0.052327
30
-0.035509
11
0.092597
21
0.053092
31
-0.036122
12
0.092922
22
0.053013
32
-0.036328
0
3DFACE
62
163
10
0.091898
20
0.051566
30
-0.034813
11
0.091636
21
0.051744
31
-0.034768
12
0.092149
22
0.052448
32
-0.035391
0
3DFACE
62
163
10
0.091898
20
0.051566
30
-0.034813
11
0.092149
21
0.052448
31
-0.035391
12
0.092450
22
0.052327
32
-0.035509
0
3DFACE
62
163
10
0.091284
20
0.050752
30
-0.034259
11
0.091072
21
0.050997
31
-0.034264
12
0.091636
22
0.051744
32
-0.034768
0
3DFACE
62
163
10
0.091284
20
0.050752
30
-0.034259
11
0.091636
21
0.051744
31
-0.034768
12
0.091898
22
0.051566
32
-0.034813
0
3DFACE
62
163
10
0.090463
20
0.050205
30
-0.033884
11
0.091072
21
0.050997
31
-0.034264
12
0.091284
22
0.050752
32
-0.034259
0
3DFACE
62
163
10
0.090618
20
0.049886
30
-0.033852
11
0.090463
21
0.050205
31
-0.033884
12
0.091284
22
0.050752
32
-0.034259
0
3DFACE
62
163
10
0.089823
20
0.049381
30
-0.033634
11
0.090463
21
0.050205
31
-0.033884
12
0.090618
22
0.049886
32
-0.033852
0
3DFACE
62
163
10
0.089916
20
0.048984
30
-0.033601
11
0.089823
21
0.049381
31
-0.033634
12
0.090618
22
0.049886
32
-0.033852
0
3DFACE
62
163
10
0.089167
20
0.048547
30
-0.033522
11
0.089823
21
0.049381
31
-0.033634
12
0.089916
22
0.048984
32
-0.033601
0
3DFACE
62
163
10
0.089199
20
0.048074
30
-0.033515
11
0.089167
21
0.048547
31
-0.033522
12
0.089916
22
0.048984
32
-0.033601
0
3DFACE
62
163
10
0.088509
20
0.047711
30
-0.033547
11
0.089167
21
0.048547
31
-0.033522
12
0.089199
22
0.048074
32
-0.033515
0
3DFACE
62
163
10
0.088481
20
0.047160
30
-0.033592
11
0.088509
21
0.047711
31
-0.033547
12
0.089199
22
0.048074
32
-0.033515
0
3DFACE
62
163
10
0.087856
20
0.046875
30
-0.033710
11
0.088509
21
0.047711
31
-0.033547
12
0.088481
22
0.047160
32
-0.033592
0
3DFACE
62
163
10
0.087777
20
0.046256
30
-0.033833
11
0.087856
21
0.046875
31
-0.033710
12
0.088481
22
0.047160
32
-0.033592
0
3DFACE
62
163
10
0.087226
20
0.046063
30
-0.034009
11
0.087856
21
0.046875
31
-0.033710
12
0.087777
22
0.046256
32
-0.033833
0
3DFACE
62
163
10
0.087110
20
0.045391
30
-0.034231
11
0.087226
21
0.046063
31
-0.034009
12
0.087777
22
0.046256
32
-0.033833
0
3DFACE
62
163
10
0.086634
20
0.045290
30
-0.034434
11
0.087226
21
0.046063
31
-0.034009
12
0.087110
22
0.045391
32
-0.034231
0
3DFACE
62
163
10
0.086491
20
0.044571
30
-0.034777
11
0.086634
21
0.045290
31
-0.034434
12
0.087110
22
0.045391
32
-0.034231
0
3DFACE
62
163
10
0.086085
20
0.044554
30
-0.034984
11
0.086634
21
0.045290
31
-0.034434
12
0.086491
22
0.044571
32
-0.034777
0
3DFACE
62
163
10
0.085936
20
0.043806
30
-0.035467
11
0.086085
21
0.044554
31
-0.034984
12
0.086491
22
0.044571
32
-0.034777
0
3DFACE
62
163
10
0.085936
20
0.043806
30
-0.035467
11
0.085595
21
0.043870
31
-0.035649
12
0.086085
22
0.044554
32
-0.034984
0
3DFACE
62
163
10
0.085460
20
0.043118
30
-0.036277
11
0.085595
21
0.043870
31
-0.035649
12
0.085936
22
0.043806
32
-0.035467
0
3DFACE
62
163
10
0.085460
20
0.043118
30
-0.036277
11
0.085175
21
0.043256
31
-0.036411
12
0.085595
22
0.043870
32
-0.035649
0
3DFACE
62
163
10
0.085074
20
0.042517
30
-0.037193
11
0.085175
21
0.043256
31
-0.036411
12
0.085460
22
0.043118
32
-0.036277
0
3DFACE
62
163
10
0.085074
20
0.042517
30
-0.037193
11
0.084831
21
0.042713
31
-0.037262
12
0.085175
22
0.043256
32
-0.036411
0
3DFACE
62
163
10
0.084789
20
0.042004
30
-0.038206
11
0.084831
21
0.042713
31
-0.037262
12
0.085074
22
0.042517
32
-0.037193
0
3DFACE
62
163
10
0.084789
20
0.042004
30
-0.038206
11
0.084572
21
0.042245
31
-0.038192
12
0.084831
22
0.042713
32
-0.037262
0
3DFACE
62
163
10
0.084406
20
0.041865
30
-0.039178
11
0.084572
21
0.042245
31
-0.038192
12
0.084789
22
0.042004
32
-0.038206
0
3DFACE
62
163
10
0.084613
20
0.041596
30
-0.039283
11
0.084406
21
0.041865
31
-0.039178
12
0.084789
22
0.042004
32
-0.038206
0
3DFACE
62
163
10
0.084334
20
0.041578
30
-0.040199
11
0.084406
21
0.041865
31
-0.039178
12
0.084613
22
0.041596
32
-0.039283
0
3DFACE
62
163
10
0.084552
20
0.041297
30
-0.040403
11
0.084334
21
0.041578
31
-0.040199
12
0.084613
22
0.041596
32
-0.039283
0
3DFACE
62
163
10
0.084364
20
0.041380
30
-0.041251
11
0.084334
21
0.041578
31
-0.040199
12
0.084552
22
0.041297
32
-0.040403
0
3DFACE
62
163
10
0.084610
20
0.041106
30
-0.041556
11
0.084364
21
0.041380
31
-0.041251
12
0.084552
22
0.041297
32
-0.040403
0
3DFACE
62
163
10
0.084495
20
0.041277
30
-0.042310
11
0.084364
21
0.041380
31
-0.041251
12
0.084610
22
0.041106
32
-0.041556
0
3DFACE
62
163
10
0.084789
20
0.041027
30
-0.042707
11
0.084495
21
0.041277
31
-0.042310
12
0.084610
22
0.041106
32
-0.041556
0
3DFACE
62
163
10
0.084723
20
0.041269
30
-0.043349
11
0.084495
21
0.041277
31
-0.042310
12
0.084789
22
0.041027
32
-0.042707
0
3DFACE
62
163
10
0.085084
20
0.041062
30
-0.043828
11
0.084723
21
0.041269
31
-0.043349
12
0.084789
22
0.041027
32
-0.042707
0
3DFACE
62
163
10
0.085051
20
0.041352
30
-0.044362
11
0.084723
21
0.041269
31
-0.043349
12
0.085084
22
0.041062
32
-0.043828
0
3DFACE
62
163
10
0.085498
20
0.041202
30
-0.044912
11
0.085051
21
0.041352
31
-0.044362
12
0.085084
22
0.041062
32
-0.043828
0
3DFACE
62
163
10
0.085477
20
0.041523
30
-0.045331
11
0.085051
21
0.041352
31
-0.044362
12
0.085498
22
0.041202
32
-0.044912
0
3DFACE
62
163
10
0.086022
20
0.041445
30
-0.045928
11
0.085477
21
0.041523
31
-0.045331
12
0.085498
22
0.041202
32
-0.044912
0
3DFACE
62
163
10
0.085990
20
0.041779
30
-0.046233
11
0.085477
21
0.041523
31
-0.045331
12
0.086022
22
0.041445
32
-0.045928
0
3DFACE
62
163
10
0.086641
20
0.041783
30
-0.046849
11
0.086582
21
0.042110
31
-0.047052
12
0.085990
22
0.041779
32
-0.046233
0
3DFACE
62
163
10
0.086641
20
0.041783
30
-0.046849
11
0.085990
21
0.041779
31
-0.046233
12
0.086022
22
0.041445
32
-0.045928
0
3DFACE
62
163
10
0.087358
20
0.042205
30
-0.047668
11
0.087255
21
0.042512
31
-0.047783
12
0.086582
22
0.042110
32
-0.047052
0
3DFACE
62
163
10
0.087358
20
0.042205
30
-0.047668
11
0.086582
21
0.042110
31
-0.047052
12
0.086641
22
0.041783
32
-0.046849
0
3DFACE
62
163
10
0.088155
20
0.042703
30
-0.048365
11
0.087992
21
0.042975
31
-0.048408
12
0.087255
22
0.042512
32
-0.047783
0
3DFACE
62
163
10
0.088155
20
0.042703
30
-0.048365
11
0.087255
21
0.042512
31
-0.047783
12
0.087358
22
0.042205
32
-0.047668
0
3DFACE
62
163
10
0.089009
20
0.043259
30
-0.048919
11
0.088776
21
0.043486
31
-0.048912
12
0.087992
22
0.042975
32
-0.048408
0
3DFACE
62
163
10
0.089009
20
0.043259
30
-0.048919
11
0.087992
21
0.042975
31
-0.048408
12
0.088155
22
0.042703
32
-0.048365
0
3DFACE
62
163
10
0.089608
20
0.044038
30
-0.049294
11
0.088776
21
0.043486
31
-0.048912
12
0.089009
22
0.043259
32
-0.048919
0
3DFACE
62
163
10
0.089919
20
0.043864
30
-0.049327
11
0.089608
21
0.044038
31
-0.049294
12
0.089009
22
0.043259
32
-0.048919
0
3DFACE
62
163
10
0.090474
20
0.044620
30
-0.049544
11
0.089608
21
0.044038
31
-0.049294
12
0.089919
22
0.043864
32
-0.049327
0
3DFACE
62
163
10
0.090867
20
0.044502
30
-0.049578
11
0.090474
21
0.044620
31
-0.049544
12
0.089919
22
0.043864
32
-0.049327
0
3DFACE
62
163
10
0.091352
20
0.045216
30
-0.049658
11
0.090474
21
0.044620
31
-0.049544
12
0.090867
22
0.044502
32
-0.049578
0
3DFACE
62
163
10
0.091824
20
0.045153
30
-0.049665
11
0.091352
21
0.045216
31
-0.049658
12
0.090867
22
0.044502
32
-0.049578
0
3DFACE
62
163
10
0.092231
20
0.045815
30
-0.049634
11
0.091352
21
0.045216
31
-0.049658
12
0.091824
22
0.045153
32
-0.049665
0
3DFACE
62
163
10
0.092786
20
0.045807
30
-0.049588
11
0.092231
21
0.045815
31
-0.049634
12
0.091824
22
0.045153
32
-0.049665
0
3DFACE
62
163
10
0.093110
20
0.046409
30
-0.049472
11
0.092231
21
0.045815
31
-0.049634
12
0.092786
22
0.045807
32
-0.049588
0
3DFACE
62
163
10
0.093736
20
0.046447
30
-0.049348
11
0.093110
21
0.046409
31
-0.049472
12
0.092786
22
0.045807
32
-0.049588
0
3DFACE
62
163
10
0.093964
20
0.046981
30
-0.049174
11
0.093110
21
0.046409
31
-0.049472
12
0.093736
22
0.046447
32
-0.049348
0
3DFACE
62
163
10
0.094646
20
0.047053
30
-0.048951
11
0.093964
21
0.046981
31
-0.049174
12
0.093736
22
0.046447
32
-0.049348
0
3DFACE
62
163
10
0.094777
20
0.047519
30
-0.048750
11
0.093964
21
0.046981
31
-0.049174
12
0.094646
22
0.047053
32
-0.048951
0
3DFACE
62
163
10
0.095507
20
0.047613
30
-0.048405
11
0.094777
21
0.047519
31
-0.048750
12
0.094646
22
0.047053
32
-0.048951
0
3DFACE
62
163
10
0.095549
20
0.048015
30
-0.048201
11
0.094777
21
0.047519
31
-0.048750
12
0.095507
22
0.047613
32
-0.048405
0
3DFACE
62
163
10
0.096309
20
0.048115
30
-0.047716
11
0.095549
21
0.048015
31
-0.048201
12
0.095507
22
0.047613
32
-0.048405
0
3DFACE
62
163
10
0.096309
20
0.048115
30
-0.047716
11
0.096266
21
0.048458
31
-0.047537
12
0.095549
22
0.048015
32
-0.048201
0
3DFACE
62
163
10
0.097028
20
0.048543
30
-0.046906
11
0.096266
21
0.048458
31
-0.047537
12
0.096309
22
0.048115
32
-0.047716
0
3DFACE
62
163
10
0.097028
20
0.048543
30
-0.046906
11
0.096908
21
0.048835
31
-0.046776
12
0.096266
22
0.048458
32
-0.047537
0
3DFACE
62
163
10
0.097655
20
0.048886
30
-0.045991
11
0.096908
21
0.048835
31
-0.046776
12
0.097028
22
0.048543
32
-0.046906
0
3DFACE
62
163
10
0.097655
20
0.048886
30
-0.045991
11
0.097474
21
0.049141
31
-0.045925
12
0.096908
22
0.048835
32
-0.046776
0
3DFACE
62
163
10
0.098187
20
0.049136
30
-0.044979
11
0.097474
21
0.049141
31
-0.045925
12
0.097655
22
0.048886
32
-0.045991
0
3DFACE
62
163
10
0.098187
20
0.049136
30
-0.044979
11
0.097959
21
0.049367
31
-0.044996
12
0.097474
22
0.049141
32
-0.045925
0
3DFACE
62
163
10
0.098351
20
0.049508
30
-0.044011
11
0.097959
21
0.049367
31
-0.044996
12
0.098187
22
0.049136
32
-0.044979
0
3DFACE
62
163
10
0.098607
20
0.049283
30
-0.043901
11
0.098351
21
0.049508
31
-0.044011
12
0.098187
22
0.049136
32
-0.044979
0
3DFACE
62
163
10
0.098643
20
0.049560
30
-0.042990
11
0.098351
21
0.049508
31
-0.044011
12
0.098607
22
0.049283
32
-0.043901
0
3DFACE
62
163
10
0.098909
20
0.049324
30
-0.042781
11
0.098643
21
0.049560
31
-0.042990
12
0.098607
22
0.049283
32
-0.043901
0
3DFACE
62
163
10
0.098839
20
0.049518
30
-0.041938
11
0.098643
21
0.049560
31
-0.042990
12
0.098909
22
0.049324
32
-0.042781
0
3DFACE
62
163
10
0.099097
20
0.049253
30
-0.041629
11
0.098839
21
0.049518
31
-0.041938
12
0.098909
22
0.049324
32
-0.042781
0
3DFACE
62
163
10
0.098934
20
0.049381
30
-0.040879
11
0.098839
21
0.049518
31
-0.041938
12
0.099097
22
0.049253
32
-0.041629
0
3DFACE
62
163
10
0.099163
20
0.049069
30
-0.040478
11
0.098934
21
0.049381
31
-0.040879
12
0.099097
22
0.049253
32
-0.041629
0
3DFACE
62
163
10
0.098927
20
0.049154
30
-0.039840
11
0.098934
21
0.049381
31
-0.040879
12
0.099163
22
0.049069
32
-0.040478
0
3DFACE
62
163
10
0.099109
20
0.048778
30
-0.039356
11
0.098927
21
0.049154
31
-0.039840
12
0.099163
22
0.049069
32
-0.040478
0
3DFACE
62
163
10
0.098822
20
0.048833
30
-0.038827
11
0.098927
21
0.049154
31
-0.039840
12
0.099109
22
0.048778
32
-0.039356
0
3DFACE
62
163
10
0.098941
20
0.048375
30
-0.038272
11
0.098822
21
0.048833
31
-0.038827
12
0.099109
22
0.048778
32
-0.039356
0
3DFACE
62
163
10
0.098623
20
0.048420
30
-0.037857
11
0.098822
21
0.048833
31
-0.038827
12
0.098941
22
0.048375
32
-0.038272
0
3DFACE
62
163
10
0.098662
20
0.047870
30
-0.037256
11
0.098623
21
0.048420
31
-0.037857
12
0.098941
22
0.048375
32
-0.038272
0
3DFACE
62
163
10
0.098333
20
0.047927
30
-0.036954
11
0.098623
21
0.048420
31
-0.037857
12
0.098662
22
0.047870
32
-0.037256
0
3DFACE
62
163
10
0.098283
20
0.047275
30
-0.036335
11
0.098333
21
0.047927
31
-0.036954
12
0.098662
22
0.047870
32
-0.037256
0
3DFACE
62
163
10
0.098283
20
0.047275
30
-0.036335
11
0.097962
21
0.047359
31
-0.036135
12
0.098333
22
0.047927
32
-0.036954
0
3DFACE
62
163
10
0.097812
20
0.046590
30
-0.035515
11
0.097962
21
0.047359
31
-0.036135
12
0.098283
22
0.047275
32
-0.036335
0
3DFACE
62
163
10
0.097812
20
0.046590
30
-0.035515
11
0.097515
21
0.046717
31
-0.035403
12
0.097962
22
0.047359
32
-0.036135
0
3DFACE
62
163
10
0.097261
20
0.045830
30
-0.034818
11
0.097515
21
0.046717
31
-0.035403
12
0.097812
22
0.046590
32
-0.035515
0
3DFACE
62
163
10
0.097261
20
0.045830
30
-0.034818
11
0.097003
21
0.046014
31
-0.034777
12
0.097515
22
0.046717
32
-0.035403
0
3DFACE
62
163
10
0.096648
20
0.045017
30
-0.034263
11
0.097003
21
0.046014
31
-0.034777
12
0.097261
22
0.045830
32
-0.034818
0
3DFACE
62
163
10
0.096648
20
0.045017
30
-0.034263
11
0.096440
21
0.045267
31
-0.034272
12
0.097003
22
0.046014
32
-0.034777
0
3DFACE
62
163
10
0.095832
20
0.044476
30
-0.033889
11
0.096440
21
0.045267
31
-0.034272
12
0.096648
22
0.045017
32
-0.034263
0
3DFACE
62
163
10
0.095981
20
0.044150
30
-0.033854
11
0.095832
21
0.044476
31
-0.033889
12
0.096648
22
0.045017
32
-0.034263
0
3DFACE
62
163
10
0.095192
20
0.043652
30
-0.033637
11
0.095832
21
0.044476
31
-0.033889
12
0.095981
22
0.044150
32
-0.033854
0
3DFACE
62
163
10
0.095279
20
0.043249
30
-0.033603
11
0.095192
21
0.043652
31
-0.033637
12
0.095981
22
0.044150
32
-0.033854
0
3DFACE
62
163
10
0.094537
20
0.042818
30
-0.033523
11
0.095192
21
0.043652
31
-0.033637
12
0.095279
22
0.043249
32
-0.033603
0
3DFACE
62
163
10
0.094563
20
0.042339
30
-0.033515
11
0.094537
21
0.042818
31
-0.033523
12
0.095279
22
0.043249
32
-0.033603
0
3DFACE
62
163
10
0.093878
20
0.041982
30
-0.033545
11
0.094537
21
0.042818
31
-0.033523
12
0.094563
22
0.042339
32
-0.033515
0
3DFACE
62
163
10
0.093845
20
0.041425
30
-0.033591
11
0.093878
21
0.041982
31
-0.033545
12
0.094563
22
0.042339
32
-0.033515
0
3DFACE
62
163
10
0.093225
20
0.041147
30
-0.033707
11
0.093878
21
0.041982
31
-0.033545
12
0.093845
22
0.041425
32
-0.033591
0
3DFACE
62
163
10
0.093141
20
0.040521
30
-0.033831
11
0.093225
21
0.041147
31
-0.033707
12
0.093845
22
0.041425
32
-0.033591
0
3DFACE
62
163
10
0.092595
20
0.040334
30
-0.034003
11
0.093225
21
0.041147
31
-0.033707
12
0.093141
22
0.040521
32
-0.033831
0
3DFACE
62
163
10
0.092473
20
0.039656
30
-0.034227
11
0.092595
21
0.040334
31
-0.034003
12
0.093141
22
0.040521
32
-0.033831
0
3DFACE
62
163
10
0.092001
20
0.039560
30
-0.034426
11
0.092595
21
0.040334
31
-0.034003
12
0.092473
22
0.039656
32
-0.034227
0
3DFACE
62
163
10
0.091854
20
0.038835
30
-0.034773
11
0.092001
21
0.039560
31
-0.034426
12
0.092473
22
0.039656
32
-0.034227
0
3DFACE
62
163
10
0.091452
20
0.038823
30
-0.034974
11
0.092001
21
0.039560
31
-0.034426
12
0.091854
22
0.038835
32
-0.034773
0
3DFACE
62
163
10
0.091298
20
0.038069
30
-0.035461
11
0.091452
21
0.038823
31
-0.034974
12
0.091854
22
0.038835
32
-0.034773
0
3DFACE
62
163
10
0.091298
20
0.038069
30
-0.035461
11
0.090961
21
0.038138
31
-0.035637
12
0.091452
22
0.038823
32
-0.034974
0
3DFACE
62
163
10
0.090821
20
0.037381
30
-0.036270
11
0.090961
21
0.038138
31
-0.035637
12
0.091298
22
0.038069
32
-0.035461
0
3DFACE
62
163
10
0.090821
20
0.037381
30
-0.036270
11
0.090539
21
0.037523
31
-0.036398
12
0.090961
22
0.038138
32
-0.035637
0
3DFACE
62
163
10
0.090435
20
0.036779
30
-0.037186
11
0.090539
21
0.037523
31
-0.036398
12
0.090821
22
0.037381
32
-0.036270
0
3DFACE
62
163
10
0.090435
20
0.036779
30
-0.037186
11
0.090194
21
0.036979
31
-0.037247
12
0.090539
22
0.037523
32
-0.036398
0
3DFACE
62
163
10
0.090149
20
0.036265
30
-0.038197
11
0.090194
21
0.036979
31
-0.037247
12
0.090435
22
0.036779
32
-0.037186
0
3DFACE
62
163
10
0.090149
20
0.036265
30
-0.038197
11
0.089934
21
0.036510
31
-0.038176
12
0.090194
22
0.036979
32
-0.037247
0
3DFACE
62
163
10
0.089766
20
0.036129
30
-0.039161
11
0.089934
21
0.036510
31
-0.038176
12
0.090149
22
0.036265
32
-0.038197
0
3DFACE
62
163
10
0.089972
20
0.035856
30
-0.039275
11
0.089766
21
0.036129
31
-0.039161
12
0.090149
22
0.036265
32
-0.038197
0
3DFACE
62
163
10
0.089693
20
0.035840
30
-0.040181
11
0.089766
21
0.036129
31
-0.039161
12
0.089972
22
0.035856
32
-0.039275
0
3DFACE
62
163
10
0.089910
20
0.035557
30
-0.040394
11
0.089693
21
0.035840
31
-0.040181
12
0.089972
22
0.035856
32
-0.039275
0
3DFACE
62
163
10
0.089720
20
0.035641
30
-0.041233
11
0.089693
21
0.035840
31
-0.040181
12
0.089910
22
0.035557
32
-0.040394
0
3DFACE
62
163
10
0.089968
20
0.035364
30
-0.041547
11
0.089720
21
0.035641
31
-0.041233
12
0.089910
22
0.035557
32
-0.040394
0
3DFACE
62
163
10
0.089850
20
0.035535
30
-0.042292
11
0.089720
21
0.035641
31
-0.041233
12
0.089968
22
0.035364
32
-0.041547
0
3DFACE
62
163
10
0.090146
20
0.035285
30
-0.042698
11
0.089850
21
0.035535
31
-0.042292
12
0.089968
22
0.035364
32
-0.041547
0
3DFACE
62
163
10
0.090077
20
0.035526
30
-0.043332
11
0.089850
21
0.035535
31
-0.042292
12
0.090146
22
0.035285
32
-0.042698
0
3DFACE
62
163
10
0.090439
20
0.035319
30
-0.043819
11
0.090077
21
0.035526
31
-0.043332
12
0.090146
22
0.035285
32
-0.042698
0
3DFACE
62
163
10
0.090403
20
0.035608
30
-0.044345
11
0.090077
21
0.035526
31
-0.043332
12
0.090439
22
0.035319
32
-0.043819
0
3DFACE
62
163
10
0.090853
20
0.035458
30
-0.044904
11
0.090403
21
0.035608
31
-0.044345
12
0.090439
22
0.035319
32
-0.043819
0
3DFACE
62
163
10
0.090828
20
0.035777
30
-0.045316
11
0.090403
21
0.035608
31
-0.044345
12
0.090853
22
0.035458
32
-0.044904
0
3DFACE
62
163
10
0.091376
20
0.035701
30
-0.045920
11
0.090828
21
0.035777
31
-0.045316
12
0.090853
22
0.035458
32
-0.044904
0
3DFACE
62
163
10
0.091339
20
0.036031
30
-0.046218
11
0.090828
21
0.035777
31
-0.045316
12
0.091376
22
0.035701
32
-0.045920
0
3DFACE
62
163
10
0.091994
20
0.036037
30
-0.046842
11
0.091930
21
0.036362
31
-0.047039
12
0.091339
22
0.036031
32
-0.046218
0
3DFACE
62
163
10
0.091994
20
0.036037
30
-0.046842
11
0.091339
21
0.036031
31
-0.046218
12
0.091376
22
0.035701
32
-0.045920
0
3DFACE
62
163
10
0.092710
20
0.036459
30
-0.047663
11
0.092601
21
0.036762
31
-0.047772
12
0.091930
22
0.036362
32
-0.047039
0
3DFACE
62
163
10
0.092710
20
0.036459
30
-0.047663
11
0.091930
21
0.036362
31
-0.047039
12
0.091994
22
0.036037
32
-0.046842
0
3DFACE
62
163
10
0.093506
20
0.036956
30
-0.048360
11
0.093338
21
0.037224
31
-0.048398
12
0.092601
22
0.036762
32
-0.047772
0
3DFACE
62
163
10
0.093506
20
0.036956
30
-0.048360
11
0.092601
21
0.036762
31
-0.047772
12
0.092710
22
0.036459
32
-0.047663
0
3DFACE
62
163
10
0.094360
20
0.037512
30
-0.048915
11
0.094121
21
0.037734
31
-0.048904
12
0.093338
22
0.037224
32
-0.048398
0
3DFACE
62
163
10
0.094360
20
0.037512
30
-0.048915
11
0.093338
21
0.037224
31
-0.048398
12
0.093506
22
0.036956
32
-0.048360
0
3DFACE
62
163
10
0.094952
20
0.038286
30
-0.049288
11
0.094121
21
0.037734
31
-0.048904
12
0.094360
22
0.037512
32
-0.048915
0
3DFACE
62
163
10
0.095270
20
0.038117
30
-0.049324
11
0.094952
21
0.038286
31
-0.049288
12
0.094360
22
0.037512
32
-0.048915
0
3DFACE
62
163
10
0.095818
20
0.038867
30
-0.049541
11
0.094952
21
0.038286
31
-0.049288
12
0.095270
22
0.038117
32
-0.049324
0
3DFACE
62
163
10
0.096218
20
0.038754
30
-0.049577
11
0.095818
21
0.038867
31
-0.049541
12
0.095270
22
0.038117
32
-0.049324
0
3DFACE
62
163
10
0.096695
20
0.039463
30
-0.049657
11
0.095818
21
0.038867
31
-0.049541
12
0.096218
22
0.038754
32
-0.049577
0
3DFACE
62
163
10
0.097175
20
0.039406
30
-0.049665
11
0.096695
21
0.039463
31
-0.049657
12
0.096218
22
0.038754
32
-0.049577
0
3DFACE
62
163
10
0.097575
20
0.040063
30
-0.049635
11
0.096695
21
0.039463
31
-0.049657
12
0.097175
22
0.039406
32
-0.049665
0
3DFACE
62
163
10
0.098137
20
0.040060
30
-0.049590
11
0.097575
21
0.040063
31
-0.049635
12
0.097175
22
0.039406
32
-0.049665
0
3DFACE
62
163
10
0.098453
20
0.040656
30
-0.049475
11
0.097575
21
0.040063
31
-0.049635
12
0.098137
22
0.040060
32
-0.049590
0
3DFACE
62
163
10
0.099087
20
0.040699
30
-0.049350
11
0.098453
21
0.040656
31
-0.049475
12
0.098137
22
0.040060
32
-0.049590
0
3DFACE
62
163
10
0.099308
20
0.041229
30
-0.049180
11
0.098453
21
0.040656
31
-0.049475
12
0.099087
22
0.040699
32
-0.049350
0
3DFACE
62
163
10
0.099997
20
0.041306
30
-0.048955
11
0.099308
21
0.041229
31
-0.049180
12
0.099087
22
0.040699
32
-0.049350
0
3DFACE
62
163
10
0.100122
20
0.041768
30
-0.048758
11
0.099308
21
0.041229
31
-0.049180
12
0.099997
22
0.041306
32
-0.048955
0
3DFACE
62
163
10
0.100858
20
0.041867
30
-0.048410
11
0.100122
21
0.041768
31
-0.048758
12
0.099997
22
0.041306
32
-0.048955
0
3DFACE
62
163
10
0.100895
20
0.042265
30
-0.048211
11
0.100122
21
0.041768
31
-0.048758
12
0.100858
22
0.041867
32
-0.048410
0
3DFACE
62
163
10
0.101661
20
0.042369
30
-0.047722
11
0.101613
21
0.042708
31
-0.047549
12
0.100895
22
0.042265
32
-0.048211
0
3DFACE
62
163
10
0.101661
20
0.042369
30
-0.047722
11
0.100895
21
0.042265
31
-0.048211
12
0.100858
22
0.041867
32
-0.048410
0
3DFACE
62
163
10
0.102381
20
0.042797
30
-0.046913
11
0.101613
21
0.042708
31
-0.047549
12
0.101661
22
0.042369
32
-0.047722
0
3DFACE
62
163
10
0.102381
20
0.042797
30
-0.046913
11
0.102256
21
0.043087
31
-0.046789
12
0.101613
22
0.042708
32
-0.047549
0
3DFACE
62
163
10
0.103009
20
0.043141
30
-0.045998
11
0.102256
21
0.043087
31
-0.046789
12
0.102381
22
0.042797
32
-0.046913
0
3DFACE
62
163
10
0.103009
20
0.043141
30
-0.045998
11
0.102824
21
0.043394
31
-0.045940
12
0.102256
22
0.043087
32
-0.046789
0
3DFACE
62
163
10
0.103541
20
0.043392
30
-0.044987
11
0.102824
21
0.043394
31
-0.045940
12
0.103009
22
0.043141
32
-0.045998
0
3DFACE
62
163
10
0.103541
20
0.043392
30
-0.044987
11
0.103310
21
0.043622
31
-0.045012
12
0.102824
22
0.043394
32
-0.045940
0
3DFACE
62
163
10
0.103703
20
0.043764
30
-0.044027
11
0.103310
21
0.043622
31
-0.045012
12
0.103541
22
0.043392
32
-0.044987
0
3DFACE
62
163
10
0.103962
20
0.043540
30
-0.043909
11
0.103703
21
0.043764
31
-0.044027
12
0.103541
22
0.043392
32
-0.044987
0
3DFACE
62
163
10
0.103997
20
0.043818
30
-0.043007
11
0.103703
21
0.043764
31
-0.044027
12
0.103962
22
0.043540
32
-0.043909
0
3DFACE
62
163
10
0.104266
20
0.043582
30
-0.042790
11
0.103997
21
0.043818
31
-0.043007
12
0.103962
22
0.043540
32
-0.043909
0
3DFACE
62
163
10
0.104195
20
0.043777
30
-0.041955
11
0.103997
21
0.043818
31
-0.043007
12
0.104266
22
0.043582
32
-0.042790
0
3DFACE
62
163
10
0.104454
20
0.043511
30
-0.041638
11
0.104195
21
0.043777
31
-0.041955
12
0.104266
22
0.043582
32
-0.042790
0
3DFACE
62
163
10
0.104292
20
0.043642
30
-0.040896
11
0.104195
21
0.043777
31
-0.041955
12
0.104454
22
0.043511
32
-0.041638
0
3DFACE
62
163
10
0.104521
20
0.043329
30
-0.040487
11
0.104292
21
0.043642
31
-0.040896
12
0.104454
22
0.043511
32
-0.041638
0
3DFACE
62
163
10
0.104286
20
0.043416
30
-0.039857
11
0.104292
21
0.043642
31
-0.040896
12
0.104521
22
0.043329
32
-0.040487
0
3DFACE
62
163
10
0.104468
20
0.043039
30
-0.039365
11
0.104286
21
0.043416
31
-0.039857
12
0.104521
22
0.043329
32
-0.040487
0
3DFACE
62
163
10
0.104183
20
0.043096
30
-0.038843
11
0.104286
21
0.043416
31
-0.039857
12
0.104468
22
0.043039
32
-0.039365
0
3DFACE
62
163
10
0.104300
20
0.042636
30
-0.038280
11
0.104183
21
0.043096
31
-0.038843
12
0.104468
22
0.043039
32
-0.039365
0
3DFACE
62
163
10
0.103985
20
0.042685
30
-0.037872
11
0.104183
21
0.043096
31
-0.038843
12
0.104300
22
0.042636
32
-0.038280
0
3DFACE
62
163
10
0.104023
20
0.042131
30
-0.037264
11
0.103985
21
0.042685
31
-0.037872
12
0.104300
22
0.042636
32
-0.038280
0
3DFACE
62
163
10
0.103697
20
0.042193
30
-0.036969
11
0.103985
21
0.042685
31
-0.037872
12
0.104023
22
0.042131
32
-0.037264
0
3DFACE
62
163
10
0.103645
20
0.041538
30
-0.036342
11
0.103327
21
0.041627
31
-0.036148
12
0.103697
22
0.042193
32
-0.036969
0
3DFACE
62
163
10
0.103645
20
0.041538
30
-0.036342
11
0.103697
21
0.042193
31
-0.036969
12
0.104023
22
0.042131
32
-0.037264
0
3DFACE
62
163
10
0.103174
20
0.040854
30
-0.035520
11
0.102882
21
0.040986
31
-0.035414
12
0.103327
22
0.041627
32
-0.036148
0
3DFACE
62
163
10
0.103174
20
0.040854
30
-0.035520
11
0.103327
21
0.041627
31
-0.036148
12
0.103645
22
0.041538
32
-0.036342
0
3DFACE
62
163
10
0.102624
20
0.040094
30
-0.034823
11
0.102371
21
0.040283
31
-0.034786
12
0.102882
22
0.040986
32
-0.035414
0
3DFACE
62
163
10
0.102624
20
0.040094
30
-0.034823
11
0.102882
21
0.040986
31
-0.035414
12
0.103174
22
0.040854
32
-0.035520
0
3DFACE
62
163
10
0.102011
20
0.039281
30
-0.034267
11
0.101808
21
0.039538
31
-0.034279
12
0.102371
22
0.040283
32
-0.034786
0
3DFACE
62
163
10
0.102011
20
0.039281
30
-0.034267
11
0.102371
21
0.040283
31
-0.034786
12
0.102624
22
0.040094
32
-0.034823
0
3DFACE
62
163
10
0.101200
20
0.038747
30
-0.033894
11
0.101808
21
0.039538
31
-0.034279
12
0.102011
22
0.039281
32
-0.034267
0
3DFACE
62
163
10
0.101345
20
0.038415
30
-0.033857
11
0.101200
21
0.038747
31
-0.033894
12
0.102011
22
0.039281
32
-0.034267
0
3DFACE
62
163
10
0.100561
20
0.037924
30
-0.033640
11
0.101200
21
0.038747
31
-0.033894
12
0.101345
22
0.038415
32
-0.033857
0
3DFACE
62
163
10
0.100643
20
0.037513
30
-0.033604
11
0.100561
21
0.037924
31
-0.033640
12
0.101345
22
0.038415
32
-0.033857
0
3DFACE
62
163
10
0.099906
20
0.037090
30
-0.033523
11
0.100561
21
0.037924
31
-0.033640
12
0.100643
22
0.037513
32
-0.033604
0
3DFACE
62
163
10
0.099927
20
0.036604
30
-0.033515
11
0.099906
21
0.037090
31
-0.033523
12
0.100643
22
0.037513
32
-0.033604
0
3DFACE
62
163
10
0.099247
20
0.036254
30
-0.033544
11
0.099906
21
0.037090
31
-0.033523
12
0.099927
22
0.036604
32
-0.033515
0
3DFACE
62
163
10
0.099209
20
0.035689
30
-0.033590
11
0.099247
21
0.036254
31
-0.033544
12
0.099927
22
0.036604
32
-0.033515
0
3DFACE
62
163
10
0.098594
20
0.035418
30
-0.033703
11
0.099247
21
0.036254
31
-0.033544
12
0.099209
22
0.035689
32
-0.033590
0
3DFACE
62
163
10
0.098504
20
0.034786
30
-0.033828
11
0.098594
21
0.035418
31
-0.033703
12
0.099209
22
0.035689
32
-0.033590
0
3DFACE
62
163
10
0.097963
20
0.034605
30
-0.033997
11
0.098594
21
0.035418
31
-0.033703
12
0.098504
22
0.034786
32
-0.033828
0
3DFACE
62
163
10
0.097836
20
0.033920
30
-0.034223
11
0.097963
21
0.034605
31
-0.033997
12
0.098504
22
0.034786
32
-0.033828
0
3DFACE
62
163
10
0.097369
20
0.033830
30
-0.034418
11
0.097963
21
0.034605
31
-0.033997
12
0.097836
22
0.033920
32
-0.034223
0
3DFACE
62
163
10
0.097217
20
0.033099
30
-0.034768
11
0.097369
21
0.033830
31
-0.034418
12
0.097836
22
0.033920
32
-0.034223
0
3DFACE
62
163
10
0.096819
20
0.033093
30
-0.034964
11
0.097369
21
0.033830
31
-0.034418
12
0.097217
22
0.033099
32
-0.034768
0
3DFACE
62
163
10
0.096660
20
0.032333
30
-0.035455
11
0.096327
21
0.032407
31
-0.035625
12
0.096819
22
0.033093
32
-0.034964
0
3DFACE
62
163
10
0.096660
20
0.032333
30
-0.035455
11
0.096819
21
0.033093
31
-0.034964
12
0.097217
22
0.033099
32
-0.034768
0
3DFACE
62
163
10
0.096183
20
0.031644
30
-0.036263
11
0.095904
21
0.031790
31
-0.036384
12
0.096327
22
0.032407
32
-0.035625
0
3DFACE
62
163
10
0.096183
20
0.031644
30
-0.036263
11
0.096327
21
0.032407
31
-0.035625
12
0.096660
22
0.032333
32
-0.035455
0
3DFACE
62
163
10
0.095796
20
0.031041
30
-0.037178
11
0.095904
21
0.031790
31
-0.036384
12
0.096183
22
0.031644
32
-0.036263
0
3DFACE
62
163
10
0.095796
20
0.031041
30
-0.037178
11
0.095558
21
0.031245
31
-0.037232
12
0.095904
22
0.031790
32
-0.036384
0
3DFACE
62
163
10
0.095509
20
0.030527
30
-0.038189
11
0.095558
21
0.031245
31
-0.037232
12
0.095796
22
0.031041
32
-0.037178
0
3DFACE
62
163
10
0.095509
20
0.030527
30
-0.038189
11
0.095296
21
0.030775
31
-0.038160
12
0.095558
22
0.031245
32
-0.037232
0
3DFACE
62
163
10
0.095126
20
0.030392
30
-0.039144
11
0.095296
21
0.030775
31
-0.038160
12
0.095509
22
0.030527
32
-0.038189
0
3DFACE
62
163
10
0.095331
20
0.030116
30
-0.039266
11
0.095126
21
0.030392
31
-0.039144
12
0.095509
22
0.030527
32
-0.038189
0
3DFACE
62
163
10
0.095051
20
0.030102
30
-0.040164
11
0.095126
21
0.030392
31
-0.039144
12
0.095331
22
0.030116
32
-0.039266
0
3DFACE
62
163
10
0.095268
20
0.029816
30
-0.040386
11
0.095051
21
0.030102
31
-0.040164
12
0.095331
22
0.030116
32
-0.039266
0
3DFACE
62
163
10
0.095077
20
0.029901
30
-0.041216
11
0.095051
21
0.030102
31
-0.040164
12
0.095268
22
0.029816
32
-0.040386
0
3DFACE
62
163
10
0.095325
20
0.029623
30
-0.041538
11
0.095077
21
0.029901
31
-0.041216
12
0.095268
22
0.029816
32
-0.040386
0
3DFACE
62
163
10
0.095205
20
0.029794
30
-0.042275
11
0.095077
21
0.029901
31
-0.041216
12
0.095325
22
0.029623
32
-0.041538
0
3DFACE
62
163
10
0.095502
20
0.029543
30
-0.042689
11
0.095205
21
0.029794
31
-0.042275
12
0.095325
22
0.029623
32
-0.041538
0
3DFACE
62
163
10
0.095430
20
0.029783
30
-0.043315
11
0.095205
21
0.029794
31
-0.042275
12
0.095502
22
0.029543
32
-0.042689
0
3DFACE
62
163
10
0.095795
20
0.029576
30
-0.043811
11
0.095430
21
0.029783
31
-0.043315
12
0.095502
22
0.029543
32
-0.042689
0
3DFACE
62
163
10
0.095755
20
0.029863
30
-0.044328
11
0.095430
21
0.029783
31
-0.043315
12
0.095795
22
0.029576
32
-0.043811
0
3DFACE
62
163
10
0.096207
20
0.029714
30
-0.044896
11
0.095755
21
0.029863
31
-0.044328
12
0.095795
22
0.029576
32
-0.043811
0
3DFACE
62
163
10
0.096178
20
0.030032
30
-0.045300
11
0.095755
21
0.029863
31
-0.044328
12
0.096207
22
0.029714
32
-0.044896
0
3DFACE
62
163
10
0.096726
20
0.029954
30
-0.045907
11
0.096178
21
0.030032
31
-0.045300
12
0.096207
22
0.029714
32
-0.044896
0
3DFACE
62
163
10
0.096688
20
0.030284
30
-0.046204
11
0.096178
21
0.030032
31
-0.045300
12
0.096726
22
0.029954
32
-0.045907
0
3DFACE
62
163
10
0.097340
20
0.030288
30
-0.046825
11
0.096688
21
0.030284
31
-0.046204
12
0.096726
22
0.029954
32
-0.045907
0
3DFACE
62
163
10
0.097340
20
0.030288
30
-0.046825
11
0.097278
21
0.030613
31
-0.047026
12
0.096688
22
0.030284
32
-0.046204
0
3DFACE
62
163
10
0.097804
20
0.030720
30
-0.047489
11
0.097278
21
0.030613
31
-0.047026
12
0.097340
22
0.030288
32
-0.046825
0
3DFACE
62
163
10
0.097842
20
0.030948
30
-0.047656
11
0.097278
21
0.030613
31
-0.047026
12
0.097804
22
0.030720
32
-0.047489
0
3DFACE
62
163
10
0.098120
20
0.031016
30
-0.047866
11
0.097842
21
0.030948
31
-0.047656
12
0.097804
22
0.030720
32
-0.047489
0
3DFACE
62
163
10
0.098456
20
0.031329
30
-0.048212
11
0.097842
21
0.030948
31
-0.047656
12
0.098120
22
0.031016
32
-0.047866
0
3DFACE
62
163
10
0.078089
20
0.064341
30
-0.049084
11
0.077985
21
0.064543
31
-0.049088
12
0.076954
22
0.063581
32
-0.049492
0
3DFACE
62
163
10
0.079151
20
0.065036
30
-0.048450
11
0.078988
21
0.065479
31
-0.048473
12
0.077985
22
0.064543
32
-0.049088
0
3DFACE
62
163
10
0.079151
20
0.065036
30
-0.048450
11
0.077985
21
0.064543
31
-0.049088
12
0.078089
22
0.064341
32
-0.049084
0
3DFACE
62
163
10
0.080128
20
0.065646
30
-0.047603
11
0.078988
21
0.065479
31
-0.048473
12
0.079151
22
0.065036
32
-0.048450
0
3DFACE
62
163
10
0.100559
20
0.033291
30
-0.049616
11
0.100372
21
0.033623
31
-0.050131
12
0.099478
22
0.033009
32
-0.049851
0
3DFACE
62
163
10
0.101528
20
0.034196
30
-0.049961
11
0.100372
21
0.033623
31
-0.050131
12
0.100559
22
0.033291
32
-0.049616
0
3DFACE
62
163
10
0.101528
20
0.034196
30
-0.049961
11
0.101280
21
0.034254
31
-0.050272
12
0.100372
22
0.033623
32
-0.050131
0
3DFACE
62
163
10
0.101893
20
0.034682
30
-0.050288
11
0.101280
21
0.034254
31
-0.050272
12
0.101528
22
0.034196
32
-0.049961
0
3DFACE
62
163
10
0.102509
20
0.035111
30
-0.050241
11
0.101893
21
0.034682
31
-0.050288
12
0.101528
22
0.034196
32
-0.049961
0
3DFACE
62
163
10
0.080496
20
0.066709
30
-0.047013
11
0.080808
21
0.067178
31
-0.046847
12
0.078988
22
0.065479
32
-0.048473
0
3DFACE
62
163
10
0.082137
20
0.067473
30
-0.043706
11
0.082399
21
0.067860
31
-0.043141
12
0.082089
22
0.067790
32
-0.044241
0
3DFACE
62
163
10
0.082198
20
0.067087
30
-0.043649
11
0.082293
21
0.066740
31
-0.043960
12
0.082580
22
0.066788
32
-0.042938
0
3DFACE
62
163
10
0.082604
20
0.067142
30
-0.039980
11
0.082698
21
0.067485
31
-0.039846
12
0.082702
22
0.067704
32
-0.040935
0
3DFACE
62
163
10
0.081881
20
0.065700
30
-0.036572
11
0.081725
21
0.065711
31
-0.035923
12
0.082102
22
0.066276
32
-0.036800
0
3DFACE
62
163
10
0.081969
20
0.065339
30
-0.036708
11
0.082242
21
0.065127
31
-0.036911
12
0.081867
22
0.064556
32
-0.036096
0
3DFACE
62
163
10
0.080331
20
0.063043
30
-0.034360
11
0.080902
21
0.063204
31
-0.034749
12
0.080336
22
0.062456
32
-0.034250
0
3DFACE
62
163
10
0.077932
20
0.060480
30
-0.033217
11
0.077483
21
0.060233
31
-0.032893
12
0.078179
22
0.061096
32
-0.032933
0
3DFACE
62
163
10
0.075639
20
0.057574
30
-0.033934
11
0.074846
21
0.056905
31
-0.034105
12
0.075455
22
0.057688
32
-0.033606
0
3DFACE
62
163
10
0.075927
20
0.057400
30
-0.034141
11
0.076489
21
0.057521
31
-0.034021
12
0.075898
22
0.056749
32
-0.034450
0
3DFACE
62
163
10
0.073839
20
0.055127
30
-0.036167
11
0.073369
21
0.054875
31
-0.036291
12
0.073791
22
0.055483
32
-0.035464
0
3DFACE
62
163
10
0.074186
20
0.055008
30
-0.036313
11
0.074863
21
0.055333
31
-0.035673
12
0.074445
22
0.054721
32
-0.036438
0
3DFACE
62
163
10
0.072964
20
0.053543
30
-0.039474
11
0.072554
21
0.053248
31
-0.040314
12
0.072615
22
0.053519
32
-0.039239
0
3DFACE
62
163
10
0.073345
20
0.053455
30
-0.039531
11
0.073685
21
0.053339
31
-0.039211
12
0.073617
22
0.053055
32
-0.040234
0
3DFACE
62
163
10
0.073646
20
0.052969
30
-0.043157
11
0.073784
21
0.052760
31
-0.042345
12
0.074016
22
0.052755
32
-0.043383
0
3DFACE
62
163
10
0.075104
20
0.053563
30
-0.046472
11
0.075292
21
0.053273
31
-0.046261
12
0.075887
22
0.053607
32
-0.047078
0
3DFACE
62
163
10
0.077211
20
0.055204
30
-0.049021
11
0.077172
21
0.055385
31
-0.049430
12
0.076365
22
0.054846
32
-0.048892
0
3DFACE
62
163
10
0.077508
20
0.055039
30
-0.048820
11
0.077302
21
0.054476
31
-0.048427
12
0.078087
22
0.054988
32
-0.048927
0
3DFACE
62
163
10
0.080457
20
0.057023
30
-0.049737
11
0.080664
21
0.056720
31
-0.049659
12
0.081544
22
0.057320
32
-0.049631
0
3DFACE
62
163
10
0.083289
20
0.059340
30
-0.049246
11
0.083398
21
0.059675
31
-0.049460
12
0.082544
22
0.059093
32
-0.049865
0
3DFACE
62
163
10
0.083443
20
0.059041
30
-0.049039
11
0.083276
21
0.058484
31
-0.049162
12
0.084087
22
0.059021
32
-0.048734
0
3DFACE
62
163
10
0.085854
20
0.060967
30
-0.047013
11
0.086286
21
0.061503
31
-0.046666
12
0.085671
22
0.061142
32
-0.047516
0
3DFACE
62
163
10
0.085949
20
0.060613
30
-0.046867
11
0.085572
21
0.059956
31
-0.047513
12
0.086212
22
0.060331
32
-0.046749
0
3DFACE
62
163
10
0.087556
20
0.061345
30
-0.043649
11
0.087646
21
0.060996
31
-0.043977
12
0.087934
22
0.061045
32
-0.042955
0
3DFACE
62
163
10
0.087963
20
0.061399
30
-0.039980
11
0.088016
21
0.061597
31
-0.039306
12
0.088071
22
0.061862
32
-0.040381
0
3DFACE
62
163
10
0.088021
20
0.061011
30
-0.040023
11
0.088219
21
0.060860
31
-0.040844
12
0.088209
22
0.060629
32
-0.039805
0
3DFACE
62
163
10
0.085544
20
0.057609
30
-0.034159
11
0.085209
21
0.057459
31
-0.033634
12
0.085815
22
0.058238
32
-0.034140
0
3DFACE
62
163
10
0.085689
20
0.057301
30
-0.034360
11
0.086269
21
0.057474
31
-0.034758
12
0.085704
22
0.056726
32
-0.034257
0
3DFACE
62
163
10
0.080998
20
0.051831
30
-0.033934
11
0.080500
21
0.051546
31
-0.033842
12
0.081130
22
0.052348
32
-0.033405
0
3DFACE
62
163
10
0.081286
20
0.051657
30
-0.034141
11
0.081858
21
0.051792
31
-0.034015
12
0.081266
22
0.051020
32
-0.034442
0
3DFACE
62
163
10
0.078322
20
0.047800
30
-0.039474
11
0.077930
21
0.047629
31
-0.039777
12
0.078040
22
0.047945
32
-0.038719
0
3DFACE
62
163
10
0.078703
20
0.047713
30
-0.039531
11
0.079045
21
0.047602
31
-0.039195
12
0.078976
22
0.047317
32
-0.040216
0
3DFACE
62
163
10
0.082867
20
0.049296
30
-0.048820
11
0.082647
21
0.048725
31
-0.048417
12
0.083432
22
0.049237
32
-0.048919
0
3DFACE
62
163
10
0.088647
20
0.053598
30
-0.049246
11
0.089173
21
0.054213
31
-0.049208
12
0.088340
22
0.053649
32
-0.049676
0
3DFACE
62
163
10
0.088801
20
0.053299
30
-0.049039
11
0.088620
21
0.052733
31
-0.049168
12
0.089432
22
0.053270
32
-0.048742
0
3DFACE
62
163
10
0.091307
20
0.054870
30
-0.046867
11
0.090919
21
0.054207
31
-0.047525
12
0.091560
22
0.054583
32
-0.046762
0
3DFACE
62
163
10
0.092854
20
0.055988
30
-0.043706
11
0.093118
21
0.056375
31
-0.043130
12
0.092820
22
0.056310
32
-0.044197
0
3DFACE
62
163
10
0.092914
20
0.055602
30
-0.043649
11
0.092998
21
0.055252
31
-0.043994
12
0.093289
22
0.055303
32
-0.042972
0
3DFACE
62
163
10
0.093321
20
0.055657
30
-0.039980
11
0.093413
21
0.055998
31
-0.039835
12
0.093418
22
0.056217
32
-0.040924
0
3DFACE
62
163
10
0.092597
20
0.054215
30
-0.036572
11
0.092437
21
0.054220
31
-0.035915
12
0.092814
22
0.054786
32
-0.036790
0
3DFACE
62
163
10
0.092686
20
0.053854
30
-0.036708
11
0.092970
21
0.053660
31
-0.036940
12
0.092597
22
0.053092
32
-0.036122
0
3DFACE
62
163
10
0.091047
20
0.051558
30
-0.034360
11
0.091636
21
0.051744
31
-0.034768
12
0.091072
22
0.050997
32
-0.034264
0
3DFACE
62
163
10
0.088648
20
0.048995
30
-0.033217
11
0.088192
21
0.048740
31
-0.032893
12
0.088888
22
0.049603
32
-0.032931
0
3DFACE
62
163
10
0.088864
20
0.048754
30
-0.033443
11
0.089167
21
0.048547
31
-0.033522
12
0.088509
22
0.047711
32
-0.033547
0
3DFACE
62
163
10
0.086356
20
0.046089
30
-0.033934
11
0.085556
21
0.045412
31
-0.034111
12
0.086165
22
0.046195
32
-0.033610
0
3DFACE
62
163
10
0.086644
20
0.045915
30
-0.034141
11
0.087226
21
0.046063
31
-0.034009
12
0.086634
22
0.045290
32
-0.034434
0
3DFACE
62
163
10
0.084556
20
0.043642
30
-0.036167
11
0.084081
21
0.043385
31
-0.036300
12
0.084502
22
0.043991
32
-0.035472
0
3DFACE
62
163
10
0.084903
20
0.043523
30
-0.036313
11
0.085595
21
0.043870
31
-0.035649
12
0.085175
22
0.043256
32
-0.036411
0
3DFACE
62
163
10
0.083680
20
0.042058
30
-0.039474
11
0.083271
21
0.041760
31
-0.040325
12
0.083331
22
0.042031
32
-0.039249
0
3DFACE
62
163
10
0.084061
20
0.041971
30
-0.039531
11
0.084406
21
0.041865
31
-0.039178
12
0.084334
22
0.041578
32
-0.040199
0
3DFACE
62
163
10
0.084362
20
0.041484
30
-0.043157
11
0.084495
21
0.041277
31
-0.042310
12
0.084723
22
0.041269
32
-0.043349
0
3DFACE
62
163
10
0.085821
20
0.042078
30
-0.046472
11
0.085990
21
0.041779
31
-0.046233
12
0.086582
22
0.042110
32
-0.047052
0
3DFACE
62
163
10
0.087928
20
0.043719
30
-0.049021
11
0.087897
21
0.043906
31
-0.049435
12
0.087089
22
0.043366
32
-0.048898
0
3DFACE
62
163
10
0.088225
20
0.043554
30
-0.048820
11
0.087992
21
0.042975
31
-0.048408
12
0.088776
22
0.043486
32
-0.048912
0
3DFACE
62
163
10
0.091174
20
0.045538
30
-0.049737
11
0.091352
21
0.045216
31
-0.049658
12
0.092231
22
0.045815
32
-0.049634
0
3DFACE
62
163
10
0.094005
20
0.047856
30
-0.049246
11
0.094123
21
0.048196
31
-0.049456
12
0.093270
22
0.047614
32
-0.049862
0
3DFACE
62
163
10
0.094159
20
0.047556
30
-0.049039
11
0.093964
21
0.046981
31
-0.049174
12
0.094777
22
0.047519
32
-0.048750
0
3DFACE
62
163
10
0.096571
20
0.049482
30
-0.047013
11
0.097008
21
0.050021
31
-0.046657
12
0.096394
22
0.049662
32
-0.047507
0
3DFACE
62
163
10
0.098212
20
0.050246
30
-0.043706
11
0.098341
21
0.050612
31
-0.043663
12
0.097993
22
0.050502
32
-0.044712
0
3DFACE
62
163
10
0.098272
20
0.049860
30
-0.043649
11
0.098351
21
0.049508
31
-0.044011
12
0.098643
22
0.049560
32
-0.042990
0
3DFACE
62
163
10
0.098679
20
0.049915
30
-0.039980
11
0.098731
21
0.050109
31
-0.039295
12
0.098787
22
0.050375
32
-0.040370
0
3DFACE
62
163
10
0.098737
20
0.049526
30
-0.040023
11
0.098934
21
0.049381
31
-0.040879
12
0.098927
22
0.049154
32
-0.039840
0
3DFACE
62
163
10
0.096261
20
0.046124
30
-0.034159
11
0.095919
21
0.045966
31
-0.033629
12
0.096525
22
0.046745
32
-0.034134
0
3DFACE
62
163
10
0.096405
20
0.045816
30
-0.034360
11
0.097003
21
0.046014
31
-0.034777
12
0.096440
22
0.045267
32
-0.034272
0
3DFACE
62
163
10
0.091714
20
0.040346
30
-0.033934
11
0.091211
21
0.040053
31
-0.033847
12
0.091840
22
0.040855
32
-0.033409
0
3DFACE
62
163
10
0.092002
20
0.040173
30
-0.034141
11
0.092595
21
0.040334
31
-0.034003
12
0.092001
22
0.039560
32
-0.034426
0
3DFACE
62
163
10
0.089038
20
0.036315
30
-0.039474
11
0.088646
21
0.036141
31
-0.039788
12
0.088755
22
0.036456
32
-0.038730
0
3DFACE
62
163
10
0.089419
20
0.036228
30
-0.039531
11
0.089766
21
0.036129
31
-0.039161
12
0.089693
22
0.035840
32
-0.040181
0
3DFACE
62
163
10
0.099364
20
0.042113
30
-0.049246
11
0.099897
21
0.042734
31
-0.049202
12
0.099065
22
0.042171
32
-0.049672
0
3DFACE
62
163
10
0.099517
20
0.041814
30
-0.049039
11
0.099308
21
0.041229
31
-0.049180
12
0.100122
22
0.041768
32
-0.048758
0
3DFACE
62
163
10
0.102024
20
0.043385
30
-0.046867
11
0.101613
21
0.042708
31
-0.047549
12
0.102256
22
0.043087
32
-0.046789
0
3DFACE
62
163
10
0.103570
20
0.044504
30
-0.043706
11
0.103837
21
0.044890
31
-0.043119
12
0.103540
22
0.044827
32
-0.044186
0
3DFACE
62
163
10
0.103630
20
0.044117
30
-0.043649
11
0.103703
21
0.043764
31
-0.044027
12
0.103997
22
0.043818
32
-0.043007
0
3DFACE
62
163
10
0.104037
20
0.044172
30
-0.039980
11
0.104129
21
0.044510
31
-0.039824
12
0.104135
22
0.044731
32
-0.040913
0
3DFACE
62
163
10
0.103314
20
0.042730
30
-0.036572
11
0.103149
21
0.042729
31
-0.035906
12
0.103527
22
0.043296
32
-0.036781
0
3DFACE
62
163
10
0.103402
20
0.042370
30
-0.036708
11
0.103697
21
0.042193
31
-0.036969
12
0.103327
22
0.041627
32
-0.036148
0
3DFACE
62
163
10
0.101619
20
0.040381
30
-0.034159
11
0.101583
21
0.040615
31
-0.033864
12
0.102165
22
0.041374
32
-0.034431
0
3DFACE
62
163
10
0.099364
20
0.037510
30
-0.033217
11
0.098901
21
0.037246
31
-0.032894
12
0.099597
22
0.038109
32
-0.032930
0
3DFACE
62
163
10
0.099580
20
0.037269
30
-0.033443
11
0.099906
21
0.037090
31
-0.033523
12
0.099247
22
0.036254
32
-0.033544
0
3DFACE
62
163
10
0.097072
20
0.034604
30
-0.033934
11
0.096267
21
0.033920
31
-0.034117
12
0.096875
22
0.034703
32
-0.033614
0
3DFACE
62
163
10
0.097360
20
0.034430
30
-0.034141
11
0.097963
21
0.034605
31
-0.033997
12
0.097369
22
0.033830
32
-0.034418
0
3DFACE
62
163
10
0.095272
20
0.032157
30
-0.036167
11
0.094794
21
0.031894
31
-0.036308
12
0.095214
22
0.032500
32
-0.035480
0
3DFACE
62
163
10
0.094397
20
0.030573
30
-0.039474
11
0.093987
21
0.030273
31
-0.040336
12
0.094046
22
0.030543
32
-0.039260
0
3DFACE
62
163
10
0.094778
20
0.030486
30
-0.039531
11
0.095126
21
0.030392
31
-0.039144
12
0.095051
22
0.030102
32
-0.040164
0
3DFACE
62
163
10
0.094695
20
0.030084
30
-0.043200
11
0.094422
21
0.030028
31
-0.043627
12
0.094177
22
0.030013
32
-0.042545
0
3DFACE
62
163
10
0.095078
20
0.029999
30
-0.043157
11
0.095205
21
0.029794
31
-0.042275
12
0.095430
22
0.029783
32
-0.043315
0
3DFACE
62
163
10
0.096184
20
0.030706
30
-0.046608
11
0.096359
21
0.030968
31
-0.047482
12
0.095746
22
0.030610
32
-0.046628
0
3DFACE
62
163
10
0.098644
20
0.032234
30
-0.049021
11
0.098622
21
0.032427
31
-0.049440
12
0.097813
22
0.031887
32
-0.048904
0
3DFACE
62
163
10
0.080262
20
0.066163
30
-0.047275
11
0.080864
21
0.066079
31
-0.046735
12
0.080591
22
0.066355
32
-0.046867
0
3DFACE
62
163
10
0.080262
20
0.066163
30
-0.047275
11
0.080128
21
0.065646
31
-0.047603
12
0.080864
22
0.066079
32
-0.046735
0
3DFACE
62
163
10
0.080262
20
0.066163
30
-0.047275
11
0.080591
21
0.066355
31
-0.046867
12
0.080496
22
0.066709
32
-0.047013
0
3DFACE
62
163
10
0.080262
20
0.066163
30
-0.047275
11
0.080496
21
0.066709
31
-0.047013
12
0.078988
22
0.065479
32
-0.048473
0
3DFACE
62
163
10
0.080262
20
0.066163
30
-0.047275
11
0.078988
21
0.065479
31
-0.048473
12
0.080128
22
0.065646
32
-0.047603
0
3DFACE
62
163
10
0.080627
20
0.066785
30
-0.046835
11
0.080496
21
0.066709
31
-0.047013
12
0.080591
22
0.066355
32
-0.046867
0
3DFACE
62
163
10
0.080627
20
0.066785
30
-0.046835
11
0.080808
21
0.067178
31
-0.046847
12
0.080496
22
0.066709
32
-0.047013
0
3DFACE
62
163
10
0.080976
20
0.066783
30
-0.046277
11
0.080591
21
0.066355
31
-0.046867
12
0.080864
22
0.066079
32
-0.046735
0
3DFACE
62
163
10
0.080976
20
0.066783
30
-0.046277
11
0.080864
21
0.066079
31
-0.046735
12
0.081426
22
0.066382
32
-0.045881
0
3DFACE
62
163
10
0.080976
20
0.066783
30
-0.046277
11
0.081530
21
0.067560
31
-0.045602
12
0.080808
22
0.067178
32
-0.046847
0
3DFACE
62
163
10
0.080976
20
0.066783
30
-0.046277
11
0.080808
21
0.067178
31
-0.046847
12
0.080627
22
0.066785
32
-0.046835
0
3DFACE
62
163
10
0.080976
20
0.066783
30
-0.046277
11
0.080627
21
0.066785
31
-0.046835
12
0.080591
22
0.066355
32
-0.046867
0
3DFACE
62
163
10
0.081321
20
0.066959
30
-0.045686
11
0.081426
21
0.066382
31
-0.045881
12
0.081907
22
0.066604
32
-0.044948
0
3DFACE
62
163
10
0.081321
20
0.066959
30
-0.045686
11
0.081530
21
0.067560
31
-0.045602
12
0.080976
22
0.066783
32
-0.046277
0
3DFACE
62
163
10
0.081321
20
0.066959
30
-0.045686
11
0.080976
21
0.066783
31
-0.046277
12
0.081426
22
0.066382
32
-0.045881
0
3DFACE
62
163
10
0.081563
20
0.067071
30
-0.045207
11
0.081530
21
0.067560
31
-0.045602
12
0.081321
22
0.066959
32
-0.045686
0
3DFACE
62
163
10
0.081563
20
0.067071
30
-0.045207
11
0.081321
21
0.066959
31
-0.045686
12
0.081907
22
0.066604
32
-0.044948
0
3DFACE
62
163
10
0.081840
20
0.067184
30
-0.044566
11
0.081907
21
0.066604
31
-0.044948
12
0.082293
22
0.066740
32
-0.043960
0
3DFACE
62
163
10
0.081840
20
0.067184
30
-0.044566
11
0.081563
21
0.067071
31
-0.045207
12
0.081907
22
0.066604
32
-0.044948
0
3DFACE
62
163
10
0.081840
20
0.067184
30
-0.044566
11
0.082089
21
0.067790
31
-0.044241
12
0.081530
22
0.067560
32
-0.045602
0
3DFACE
62
163
10
0.081840
20
0.067184
30
-0.044566
11
0.081530
21
0.067560
31
-0.045602
12
0.081563
22
0.067071
32
-0.045207
0
3DFACE
62
163
10
0.082070
20
0.067456
30
-0.043925
11
0.082137
21
0.067473
31
-0.043706
12
0.082089
22
0.067790
32
-0.044241
0
3DFACE
62
163
10
0.082070
20
0.067456
30
-0.043925
11
0.082198
21
0.067087
31
-0.043649
12
0.082137
22
0.067473
32
-0.043706
0
3DFACE
62
163
10
0.082026
20
0.067246
30
-0.044057
11
0.082293
21
0.066740
31
-0.043960
12
0.082198
22
0.067087
32
-0.043649
0
3DFACE
62
163
10
0.082026
20
0.067246
30
-0.044057
11
0.081840
21
0.067184
31
-0.044566
12
0.082293
22
0.066740
32
-0.043960
0
3DFACE
62
163
10
0.082026
20
0.067246
30
-0.044057
11
0.082070
21
0.067456
31
-0.043925
12
0.082089
22
0.067790
32
-0.044241
0
3DFACE
62
163
10
0.082026
20
0.067246
30
-0.044057
11
0.082089
21
0.067790
31
-0.044241
12
0.081840
22
0.067184
32
-0.044566
0
3DFACE
62
163
10
0.082026
20
0.067246
30
-0.044057
11
0.082198
21
0.067087
31
-0.043649
12
0.082070
22
0.067456
32
-0.043925
0
3DFACE
62
163
10
0.082224
20
0.067490
30
-0.043397
11
0.082399
21
0.067860
31
-0.043141
12
0.082137
22
0.067473
32
-0.043706
0
3DFACE
62
163
10
0.082224
20
0.067490
30
-0.043397
11
0.082137
21
0.067473
31
-0.043706
12
0.082198
22
0.067087
32
-0.043649
0
3DFACE
62
163
10
0.082322
20
0.067301
30
-0.043013
11
0.082198
21
0.067087
31
-0.043649
12
0.082580
22
0.066788
32
-0.042938
0
3DFACE
62
163
10
0.082322
20
0.067301
30
-0.043013
11
0.082224
21
0.067490
31
-0.043397
12
0.082198
22
0.067087
32
-0.043649
0
3DFACE
62
163
10
0.082322
20
0.067301
30
-0.043013
11
0.082399
21
0.067860
31
-0.043141
12
0.082224
22
0.067490
32
-0.043397
0
3DFACE
62
163
10
0.082430
20
0.067294
30
-0.042495
11
0.082580
21
0.066788
31
-0.042938
12
0.082772
22
0.066741
32
-0.041885
0
3DFACE
62
163
10
0.082430
20
0.067294
30
-0.042495
11
0.082322
21
0.067301
31
-0.043013
12
0.082580
22
0.066788
32
-0.042938
0
3DFACE
62
163
10
0.082430
20
0.067294
30
-0.042495
11
0.082602
21
0.067830
31
-0.042043
12
0.082399
22
0.067860
32
-0.043141
0
3DFACE
62
163
10
0.082430
20
0.067294
30
-0.042495
11
0.082399
21
0.067860
31
-0.043141
12
0.082322
22
0.067301
32
-0.043013
0
3DFACE
62
163
10
0.082517
20
0.067262
30
-0.041955
11
0.082430
21
0.067294
31
-0.042495
12
0.082772
22
0.066741
32
-0.041885
0
3DFACE
62
163
10
0.082517
20
0.067262
30
-0.041955
11
0.082602
21
0.067830
31
-0.042043
12
0.082430
22
0.067294
32
-0.042495
0
3DFACE
62
163
10
0.082576
20
0.067207
30
-0.041430
11
0.082772
21
0.066741
31
-0.041885
12
0.082862
22
0.066599
32
-0.040826
0
3DFACE
62
163
10
0.082576
20
0.067207
30
-0.041430
11
0.082517
21
0.067262
31
-0.041955
12
0.082772
22
0.066741
32
-0.041885
0
3DFACE
62
163
10
0.082576
20
0.067207
30
-0.041430
11
0.082602
21
0.067830
31
-0.042043
12
0.082517
22
0.067262
32
-0.041955
0
3DFACE
62
163
10
0.082576
20
0.067207
30
-0.041430
11
0.082702
21
0.067704
31
-0.040935
12
0.082602
22
0.067830
32
-0.042043
0
3DFACE
62
163
10
0.082612
20
0.067128
30
-0.040890
11
0.082576
21
0.067207
31
-0.041430
12
0.082862
22
0.066599
32
-0.040826
0
3DFACE
62
163
10
0.082612
20
0.067128
30
-0.040890
11
0.082604
21
0.067142
31
-0.039980
12
0.082702
22
0.067704
32
-0.040935
0
3DFACE
62
163
10
0.082612
20
0.067128
30
-0.040890
11
0.082702
21
0.067704
31
-0.040935
12
0.082576
22
0.067207
32
-0.041430
0
3DFACE
62
163
10
0.082670
20
0.066844
30
-0.040419
11
0.082862
21
0.066599
31
-0.040826
12
0.082849
22
0.066367
32
-0.039788
0
3DFACE
62
163
10
0.082670
20
0.066844
30
-0.040419
11
0.082612
21
0.067128
31
-0.040890
12
0.082862
22
0.066599
32
-0.040826
0
3DFACE
62
163
10
0.082670
20
0.066844
30
-0.040419
11
0.082849
21
0.066367
31
-0.039788
12
0.082663
22
0.066753
32
-0.040023
0
3DFACE
62
163
10
0.082670
20
0.066844
30
-0.040419
11
0.082663
21
0.066753
31
-0.040023
12
0.082604
22
0.067142
32
-0.039980
0
3DFACE
62
163
10
0.082670
20
0.066844
30
-0.040419
11
0.082604
21
0.067142
31
-0.039980
12
0.082612
22
0.067128
32
-0.040890
0
3DFACE
62
163
10
0.082568
20
0.066994
30
-0.039430
11
0.082594
21
0.067173
31
-0.038783
12
0.082698
22
0.067485
32
-0.039846
0
3DFACE
62
163
10
0.082568
20
0.066994
30
-0.039430
11
0.082698
21
0.067485
31
-0.039846
12
0.082604
22
0.067142
32
-0.039980
0
3DFACE
62
163
10
0.082568
20
0.066994
30
-0.039430
11
0.082604
21
0.067142
31
-0.039980
12
0.082663
22
0.066753
32
-0.040023
0
3DFACE
62
163
10
0.082567
20
0.066760
30
-0.039337
11
0.082594
21
0.067173
31
-0.038783
12
0.082568
22
0.066994
32
-0.039430
0
3DFACE
62
163
10
0.082567
20
0.066760
30
-0.039337
11
0.082849
21
0.066367
31
-0.039788
12
0.082740
22
0.066041
32
-0.038777
0
3DFACE
62
163
10
0.082567
20
0.066760
30
-0.039337
11
0.082663
21
0.066753
31
-0.040023
12
0.082849
22
0.066367
32
-0.039788
0
3DFACE
62
163
10
0.082567
20
0.066760
30
-0.039337
11
0.082568
21
0.066994
31
-0.039430
12
0.082663
22
0.066753
32
-0.040023
0
3DFACE
62
163
10
0.082502
20
0.066588
30
-0.038823
11
0.082567
21
0.066760
31
-0.039337
12
0.082740
22
0.066041
32
-0.038777
0
3DFACE
62
163
10
0.082502
20
0.066588
30
-0.038823
11
0.082594
21
0.067173
31
-0.038783
12
0.082567
22
0.066760
32
-0.039337
0
3DFACE
62
163
10
0.082417
20
0.066399
30
-0.038334
11
0.082740
21
0.066041
31
-0.038777
12
0.082536
22
0.065624
32
-0.037810
0
3DFACE
62
163
10
0.082417
20
0.066399
30
-0.038334
11
0.082394
21
0.066767
31
-0.037759
12
0.082594
22
0.067173
32
-0.038783
0
3DFACE
62
163
10
0.082417
20
0.066399
30
-0.038334
11
0.082594
21
0.067173
31
-0.038783
12
0.082502
22
0.066588
32
-0.038823
0
3DFACE
62
163
10
0.082417
20
0.066399
30
-0.038334
11
0.082502
21
0.066588
31
-0.038823
12
0.082740
22
0.066041
32
-0.038777
0
3DFACE
62
163
10
0.082305
20
0.066181
30
-0.037843
11
0.082417
21
0.066399
31
-0.038334
12
0.082536
22
0.065624
32
-0.037810
0
3DFACE
62
163
10
0.082305
20
0.066181
30
-0.037843
11
0.082394
21
0.066767
31
-0.037759
12
0.082417
22
0.066399
32
-0.038334
0
3DFACE
62
163
10
0.082174
20
0.065950
30
-0.037384
11
0.082394
21
0.066767
31
-0.037759
12
0.082305
22
0.066181
32
-0.037843
0
3DFACE
62
163
10
0.082174
20
0.065950
30
-0.037384
11
0.082242
21
0.065127
31
-0.036911
12
0.081969
22
0.065339
32
-0.036708
0
3DFACE
62
163
10
0.082174
20
0.065950
30
-0.037384
11
0.082536
21
0.065624
31
-0.037810
12
0.082242
22
0.065127
32
-0.036911
0
3DFACE
62
163
10
0.082174
20
0.065950
30
-0.037384
11
0.082102
21
0.066276
31
-0.036800
12
0.082394
22
0.066767
32
-0.037759
0
3DFACE
62
163
10
0.082174
20
0.065950
30
-0.037384
11
0.082305
21
0.066181
31
-0.037843
12
0.082536
22
0.065624
32
-0.037810
0
3DFACE
62
163
10
0.081962
20
0.065825
30
-0.036773
11
0.081881
21
0.065700
31
-0.036572
12
0.082102
22
0.066276
32
-0.036800
0
3DFACE
62
163
10
0.081962
20
0.065825
30
-0.036773
11
0.082102
21
0.066276
31
-0.036800
12
0.082174
22
0.065950
32
-0.037384
0
3DFACE
62
163
10
0.081962
20
0.065825
30
-0.036773
11
0.082174
21
0.065950
31
-0.037384
12
0.081969
22
0.065339
32
-0.036708
0
3DFACE
62
163
10
0.081962
20
0.065825
30
-0.036773
11
0.081969
21
0.065339
31
-0.036708
12
0.081881
22
0.065700
32
-0.036572
0
3DFACE
62
163
10
0.081784
20
0.065552
30
-0.036350
11
0.081881
21
0.065700
31
-0.036572
12
0.081969
22
0.065339
32
-0.036708
0
3DFACE
62
163
10
0.081784
20
0.065552
30
-0.036350
11
0.081725
21
0.065711
31
-0.035923
12
0.081881
22
0.065700
32
-0.036572
0
3DFACE
62
163
10
0.081650
20
0.065132
30
-0.036098
11
0.081969
21
0.065339
31
-0.036708
12
0.081867
22
0.064556
32
-0.036096
0
3DFACE
62
163
10
0.081650
20
0.065132
30
-0.036098
11
0.081784
21
0.065552
31
-0.036350
12
0.081969
22
0.065339
32
-0.036708
0
3DFACE
62
163
10
0.081650
20
0.065132
30
-0.036098
11
0.081725
21
0.065711
31
-0.035923
12
0.081784
22
0.065552
32
-0.036350
0
3DFACE
62
163
10
0.081440
20
0.064827
30
-0.035718
11
0.081867
21
0.064556
31
-0.036096
12
0.081417
22
0.063910
32
-0.035368
0
3DFACE
62
163
10
0.081440
20
0.064827
30
-0.035718
11
0.081650
21
0.065132
31
-0.036098
12
0.081867
22
0.064556
32
-0.036096
0
3DFACE
62
163
10
0.081440
20
0.064827
30
-0.035718
11
0.081725
21
0.065711
31
-0.035923
12
0.081650
22
0.065132
32
-0.036098
0
3DFACE
62
163
10
0.081440
20
0.064827
30
-0.035718
11
0.081269
21
0.065067
31
-0.035132
12
0.081725
22
0.065711
32
-0.035923
0
3DFACE
62
163
10
0.081206
20
0.064495
30
-0.035351
11
0.081269
21
0.065067
31
-0.035132
12
0.081440
22
0.064827
32
-0.035718
0
3DFACE
62
163
10
0.081206
20
0.064495
30
-0.035351
11
0.081440
21
0.064827
31
-0.035718
12
0.081417
22
0.063910
32
-0.035368
0
3DFACE
62
163
10
0.080962
20
0.064158
30
-0.035020
11
0.081417
21
0.063910
31
-0.035368
12
0.080902
22
0.063204
32
-0.034749
0
3DFACE
62
163
10
0.080962
20
0.064158
30
-0.035020
11
0.081206
21
0.064495
31
-0.035351
12
0.081417
22
0.063910
32
-0.035368
0
3DFACE
62
163
10
0.080962
20
0.064158
30
-0.035020
11
0.080744
21
0.064358
31
-0.034443
12
0.081269
22
0.065067
32
-0.035132
0
3DFACE
62
163
10
0.080962
20
0.064158
30
-0.035020
11
0.081269
21
0.065067
31
-0.035132
12
0.081206
22
0.064495
32
-0.035351
0
3DFACE
62
163
10
0.080695
20
0.063797
30
-0.034708
11
0.080186
21
0.063351
31
-0.034159
12
0.080163
22
0.063600
32
-0.033874
0
3DFACE
62
163
10
0.080695
20
0.063797
30
-0.034708
11
0.080962
21
0.064158
31
-0.035020
12
0.080902
22
0.063204
32
-0.034749
0
3DFACE
62
163
10
0.080695
20
0.063797
30
-0.034708
11
0.080744
21
0.064358
31
-0.034443
12
0.080962
22
0.064158
32
-0.035020
0
3DFACE
62
163
10
0.080695
20
0.063797
30
-0.034708
11
0.080163
21
0.063600
31
-0.033874
12
0.080744
22
0.064358
32
-0.034443
0
3DFACE
62
163
10
0.080506
20
0.063275
30
-0.034516
11
0.080186
21
0.063351
31
-0.034159
12
0.080695
22
0.063797
32
-0.034708
0
3DFACE
62
163
10
0.080506
20
0.063275
30
-0.034516
11
0.080695
21
0.063797
31
-0.034708
12
0.080902
22
0.063204
32
-0.034749
0
3DFACE
62
163
10
0.080506
20
0.063275
30
-0.034516
11
0.080902
21
0.063204
31
-0.034749
12
0.080331
22
0.063043
32
-0.034360
0
3DFACE
62
163
10
0.080506
20
0.063275
30
-0.034516
11
0.080331
21
0.063043
31
-0.034360
12
0.080186
22
0.063351
32
-0.034159
0
3DFACE
62
163
10
0.080219
20
0.062897
30
-0.034268
11
0.080331
21
0.063043
31
-0.034360
12
0.080336
22
0.062456
32
-0.034250
0
3DFACE
62
163
10
0.080219
20
0.062897
30
-0.034268
11
0.080186
21
0.063351
31
-0.034159
12
0.080331
22
0.063043
32
-0.034360
0
3DFACE
62
163
10
0.079838
20
0.062672
30
-0.033968
11
0.080163
21
0.063600
31
-0.033874
12
0.080186
22
0.063351
32
-0.034159
0
3DFACE
62
163
10
0.079838
20
0.062672
30
-0.033968
11
0.080336
21
0.062456
31
-0.034250
12
0.079726
22
0.061662
32
-0.033873
0
3DFACE
62
163
10
0.079838
20
0.062672
30
-0.033968
11
0.080186
21
0.063351
31
-0.034159
12
0.080219
22
0.062897
32
-0.034268
0
3DFACE
62
163
10
0.079838
20
0.062672
30
-0.033968
11
0.080219
21
0.062897
31
-0.034268
12
0.080336
22
0.062456
32
-0.034250
0
3DFACE
62
163
10
0.079838
20
0.062672
30
-0.033968
11
0.079534
21
0.062799
31
-0.033428
12
0.080163
22
0.063600
32
-0.033874
0
3DFACE
62
163
10
0.079525
20
0.062267
30
-0.033778
11
0.079838
21
0.062672
31
-0.033968
12
0.079726
22
0.061662
32
-0.033873
0
3DFACE
62
163
10
0.079525
20
0.062267
30
-0.033778
11
0.079534
21
0.062799
31
-0.033428
12
0.079838
22
0.062672
32
-0.033968
0
3DFACE
62
163
10
0.079212
20
0.061865
30
-0.033626
11
0.079726
21
0.061662
31
-0.033873
12
0.079085
22
0.060838
32
-0.033628
0
3DFACE
62
163
10
0.079212
20
0.061865
30
-0.033626
11
0.079525
21
0.062267
31
-0.033778
12
0.079726
22
0.061662
32
-0.033873
0
3DFACE
62
163
10
0.079212
20
0.061865
30
-0.033626
11
0.079534
21
0.062799
31
-0.033428
12
0.079525
22
0.062267
32
-0.033778
0
3DFACE
62
163
10
0.079212
20
0.061865
30
-0.033626
11
0.078867
21
0.061957
31
-0.033112
12
0.079534
22
0.062799
32
-0.033428
0
3DFACE
62
163
10
0.078883
20
0.061445
30
-0.033503
11
0.078867
21
0.061957
31
-0.033112
12
0.079212
22
0.061865
32
-0.033626
0
3DFACE
62
163
10
0.078883
20
0.061445
30
-0.033503
11
0.079212
21
0.061865
31
-0.033626
12
0.079085
22
0.060838
32
-0.033628
0
3DFACE
62
163
10
0.078559
20
0.061034
30
-0.033416
11
0.079085
21
0.060838
31
-0.033628
12
0.078429
22
0.060004
32
-0.033521
0
3DFACE
62
163
10
0.078559
20
0.061034
30
-0.033416
11
0.078883
21
0.061445
31
-0.033503
12
0.079085
22
0.060838
32
-0.033628
0
3DFACE
62
163
10
0.078559
20
0.061034
30
-0.033416
11
0.078179
21
0.061096
31
-0.032933
12
0.078867
22
0.061957
32
-0.033112
0
3DFACE
62
163
10
0.078559
20
0.061034
30
-0.033416
11
0.078867
21
0.061957
31
-0.033112
12
0.078883
22
0.061445
32
-0.033503
0
3DFACE
62
163
10
0.078559
20
0.061034
30
-0.033416
11
0.078429
21
0.060004
31
-0.033521
12
0.078147
22
0.060238
32
-0.033443
0
3DFACE
62
163
10
0.078111
20
0.060704
30
-0.033231
11
0.078147
21
0.060238
31
-0.033443
12
0.077932
22
0.060480
32
-0.033217
0
3DFACE
62
163
10
0.078111
20
0.060704
30
-0.033231
11
0.078559
21
0.061034
31
-0.033416
12
0.078147
22
0.060238
32
-0.033443
0
3DFACE
62
163
10
0.078111
20
0.060704
30
-0.033231
11
0.078179
21
0.061096
31
-0.032933
12
0.078559
22
0.061034
32
-0.033416
0
3DFACE
62
163
10
0.078111
20
0.060704
30
-0.033231
11
0.077932
21
0.060480
31
-0.033217
12
0.078179
22
0.061096
32
-0.032933
0
3DFACE
62
163
10
0.077778
20
0.060288
30
-0.033213
11
0.077932
21
0.060480
31
-0.033217
12
0.078147
22
0.060238
32
-0.033443
0
3DFACE
62
163
10
0.077778
20
0.060288
30
-0.033213
11
0.077483
21
0.060233
31
-0.032893
12
0.077932
22
0.060480
32
-0.033217
0
3DFACE
62
163
10
0.077558
20
0.059771
30
-0.033358
11
0.078429
21
0.060004
31
-0.033521
12
0.077770
22
0.059167
32
-0.033550
0
3DFACE
62
163
10
0.077558
20
0.059771
30
-0.033358
11
0.076787
21
0.059366
31
-0.032993
12
0.077483
22
0.060233
32
-0.032893
0
3DFACE
62
163
10
0.077558
20
0.059771
30
-0.033358
11
0.077778
21
0.060288
31
-0.033213
12
0.078147
22
0.060238
32
-0.033443
0
3DFACE
62
163
10
0.077558
20
0.059771
30
-0.033358
11
0.077483
21
0.060233
31
-0.032893
12
0.077778
22
0.060288
32
-0.033213
0
3DFACE
62
163
10
0.077558
20
0.059771
30
-0.033358
11
0.078147
21
0.060238
31
-0.033443
12
0.078429
22
0.060004
32
-0.033521
0
3DFACE
62
163
10
0.077231
20
0.059357
30
-0.033406
11
0.076787
21
0.059366
31
-0.032993
12
0.077558
22
0.059771
32
-0.033358
0
3DFACE
62
163
10
0.077231
20
0.059357
30
-0.033406
11
0.077558
21
0.059771
31
-0.033358
12
0.077770
22
0.059167
32
-0.033550
0
3DFACE
62
163
10
0.076896
20
0.058931
30
-0.033491
11
0.077770
21
0.059167
31
-0.033550
12
0.077118
22
0.058333
32
-0.033718
0
3DFACE
62
163
10
0.076896
20
0.058931
30
-0.033491
11
0.076106
21
0.058511
31
-0.033233
12
0.076787
22
0.059366
32
-0.032993
0
3DFACE
62
163
10
0.076896
20
0.058931
30
-0.033491
11
0.077231
21
0.059357
31
-0.033406
12
0.077770
22
0.059167
32
-0.033550
0
3DFACE
62
163
10
0.076896
20
0.058931
30
-0.033491
11
0.076787
21
0.059366
31
-0.032993
12
0.077231
22
0.059357
32
-0.033406
0
3DFACE
62
163
10
0.076576
20
0.058523
30
-0.033606
11
0.076896
21
0.058931
31
-0.033491
12
0.077118
22
0.058333
32
-0.033718
0
3DFACE
62
163
10
0.076576
20
0.058523
30
-0.033606
11
0.076106
21
0.058511
31
-0.033233
12
0.076896
22
0.058931
32
-0.033491
0
3DFACE
62
163
10
0.076253
20
0.058109
30
-0.033759
11
0.075639
21
0.057574
31
-0.033934
12
0.075455
22
0.057688
32
-0.033606
0
3DFACE
62
163
10
0.076253
20
0.058109
30
-0.033759
11
0.077118
21
0.058333
31
-0.033718
12
0.076489
22
0.057521
32
-0.034021
0
3DFACE
62
163
10
0.076253
20
0.058109
30
-0.033759
11
0.075455
21
0.057688
31
-0.033606
12
0.076106
22
0.058511
32
-0.033233
0
3DFACE
62
163
10
0.076253
20
0.058109
30
-0.033759
11
0.076106
21
0.058511
31
-0.033233
12
0.076576
22
0.058523
32
-0.033606
0
3DFACE
62
163
10
0.076253
20
0.058109
30
-0.033759
11
0.076576
21
0.058523
31
-0.033606
12
0.077118
22
0.058333
32
-0.033718
0
3DFACE
62
163
10
0.076071
20
0.057586
30
-0.034042
11
0.076253
21
0.058109
31
-0.033759
12
0.076489
22
0.057521
32
-0.034021
0
3DFACE
62
163
10
0.076071
20
0.057586
30
-0.034042
11
0.075927
21
0.057400
31
-0.034141
12
0.075639
22
0.057574
32
-0.033934
0
3DFACE
62
163
10
0.076071
20
0.057586
30
-0.034042
11
0.076489
21
0.057521
31
-0.034021
12
0.075927
22
0.057400
32
-0.034141
0
3DFACE
62
163
10
0.076071
20
0.057586
30
-0.034042
11
0.075639
21
0.057574
31
-0.033934
12
0.076253
22
0.058109
32
-0.033759
0
3DFACE
62
163
10
0.075772
20
0.057197
30
-0.034258
11
0.075639
21
0.057574
31
-0.033934
12
0.075927
22
0.057400
32
-0.034141
0
3DFACE
62
163
10
0.075772
20
0.057197
30
-0.034258
11
0.075927
21
0.057400
31
-0.034141
12
0.075898
22
0.056749
32
-0.034450
0
3DFACE
62
163
10
0.075359
20
0.056950
30
-0.034395
11
0.074846
21
0.056905
31
-0.034105
12
0.075639
22
0.057574
32
-0.033934
0
3DFACE
62
163
10
0.075359
20
0.056950
30
-0.034395
11
0.075639
21
0.057574
31
-0.033934
12
0.075772
22
0.057197
32
-0.034258
0
3DFACE
62
163
10
0.075359
20
0.056950
30
-0.034395
11
0.075772
21
0.057197
31
-0.034258
12
0.075898
22
0.056749
32
-0.034450
0
3DFACE
62
163
10
0.075077
20
0.056574
30
-0.034674
11
0.074846
21
0.056905
31
-0.034105
12
0.075359
22
0.056950
32
-0.034395
0
3DFACE
62
163
10
0.075077
20
0.056574
30
-0.034674
11
0.075898
21
0.056749
31
-0.034450
12
0.075352
22
0.056014
32
-0.035005
0
3DFACE
62
163
10
0.075077
20
0.056574
30
-0.034674
11
0.074287
21
0.056164
31
-0.034729
12
0.074846
22
0.056905
32
-0.034105
0
3DFACE
62
163
10
0.075077
20
0.056574
30
-0.034674
11
0.075359
21
0.056950
31
-0.034395
12
0.075898
22
0.056749
32
-0.034450
0
3DFACE
62
163
10
0.074817
20
0.056221
30
-0.034974
11
0.075077
21
0.056574
31
-0.034674
12
0.075352
22
0.056014
32
-0.035005
0
3DFACE
62
163
10
0.074817
20
0.056221
30
-0.034974
11
0.074287
21
0.056164
31
-0.034729
12
0.075077
22
0.056574
32
-0.034674
0
3DFACE
62
163
10
0.074563
20
0.055872
30
-0.035311
11
0.075352
21
0.056014
31
-0.035005
12
0.074863
22
0.055333
32
-0.035673
0
3DFACE
62
163
10
0.074563
20
0.055872
30
-0.035311
11
0.073791
21
0.055483
31
-0.035464
12
0.074287
22
0.056164
32
-0.034729
0
3DFACE
62
163
10
0.074563
20
0.055872
30
-0.035311
11
0.074817
21
0.056221
31
-0.034974
12
0.075352
22
0.056014
32
-0.035005
0
3DFACE
62
163
10
0.074563
20
0.055872
30
-0.035311
11
0.074287
21
0.056164
31
-0.034729
12
0.074817
22
0.056221
32
-0.034974
0
3DFACE
62
163
10
0.074334
20
0.055549
30
-0.035664
11
0.074863
21
0.055333
31
-0.035673
12
0.074186
22
0.055008
32
-0.036313
0
3DFACE
62
163
10
0.074334
20
0.055549
30
-0.035664
11
0.074563
21
0.055872
31
-0.035311
12
0.074863
22
0.055333
32
-0.035673
0
3DFACE
62
163
10
0.074334
20
0.055549
30
-0.035664
11
0.073791
21
0.055483
31
-0.035464
12
0.074563
22
0.055872
32
-0.035311
0
3DFACE
62
163
10
0.073963
20
0.055307
30
-0.035925
11
0.073839
21
0.055127
31
-0.036167
12
0.073791
22
0.055483
32
-0.035464
0
3DFACE
62
163
10
0.073963
20
0.055307
30
-0.035925
11
0.074186
21
0.055008
31
-0.036313
12
0.073839
22
0.055127
32
-0.036167
0
3DFACE
62
163
10
0.073963
20
0.055307
30
-0.035925
11
0.073791
21
0.055483
31
-0.035464
12
0.074334
22
0.055549
32
-0.035664
0
3DFACE
62
163
10
0.073963
20
0.055307
30
-0.035925
11
0.074334
21
0.055549
31
-0.035664
12
0.074186
22
0.055008
32
-0.036313
0
3DFACE
62
163
10
0.073764
20
0.055015
30
-0.036325
11
0.073369
21
0.054875
31
-0.036291
12
0.073839
22
0.055127
32
-0.036167
0
3DFACE
62
163
10
0.073764
20
0.055015
30
-0.036325
11
0.073839
21
0.055127
31
-0.036167
12
0.074186
22
0.055008
32
-0.036313
0
3DFACE
62
163
10
0.073742
20
0.054668
30
-0.036878
11
0.073764
21
0.055015
31
-0.036325
12
0.074186
22
0.055008
32
-0.036313
0
3DFACE
62
163
10
0.073742
20
0.054668
30
-0.036878
11
0.074445
21
0.054721
31
-0.036438
12
0.074105
22
0.054181
32
-0.037292
0
3DFACE
62
163
10
0.073742
20
0.054668
30
-0.036878
11
0.073027
21
0.054339
31
-0.037208
12
0.073369
22
0.054875
32
-0.036291
0
3DFACE
62
163
10
0.073742
20
0.054668
30
-0.036878
11
0.074186
21
0.055008
31
-0.036313
12
0.074445
22
0.054721
32
-0.036438
0
3DFACE
62
163
10
0.073742
20
0.054668
30
-0.036878
11
0.073369
21
0.054875
31
-0.036291
12
0.073764
22
0.055015
32
-0.036325
0
3DFACE
62
163
10
0.073588
20
0.054415
30
-0.037318
11
0.073742
21
0.054668
31
-0.036878
12
0.074105
22
0.054181
32
-0.037292
0
3DFACE
62
163
10
0.073588
20
0.054415
30
-0.037318
11
0.073027
21
0.054339
31
-0.037208
12
0.073742
22
0.054668
32
-0.036878
0
3DFACE
62
163
10
0.073450
20
0.054174
30
-0.037790
11
0.073027
21
0.054339
31
-0.037208
12
0.073588
22
0.054415
32
-0.037318
0
3DFACE
62
163
10
0.073450
20
0.054174
30
-0.037790
11
0.074105
21
0.054181
31
-0.037292
12
0.073849
22
0.053716
32
-0.038224
0
3DFACE
62
163
10
0.073450
20
0.054174
30
-0.037790
11
0.072774
21
0.053883
31
-0.038198
12
0.073027
22
0.054339
32
-0.037208
0
3DFACE
62
163
10
0.073450
20
0.054174
30
-0.037790
11
0.073588
21
0.054415
31
-0.037318
12
0.074105
22
0.054181
32
-0.037292
0
3DFACE
62
163
10
0.073339
20
0.053960
30
-0.038264
11
0.073450
21
0.054174
31
-0.037790
12
0.073849
22
0.053716
32
-0.038224
0
3DFACE
62
163
10
0.073339
20
0.053960
30
-0.038264
11
0.072774
21
0.053883
31
-0.038198
12
0.073450
22
0.054174
32
-0.037790
0
3DFACE
62
163
10
0.073248
20
0.053762
30
-0.038765
11
0.072964
21
0.053543
31
-0.039474
12
0.072615
22
0.053519
32
-0.039239
0
3DFACE
62
163
10
0.073248
20
0.053762
30
-0.038765
11
0.073339
21
0.053960
31
-0.038264
12
0.073849
22
0.053716
32
-0.038224
0
3DFACE
62
163
10
0.073248
20
0.053762
30
-0.038765
11
0.072774
21
0.053883
31
-0.038198
12
0.073339
22
0.053960
32
-0.038264
0
3DFACE
62
163
10
0.073248
20
0.053762
30
-0.038765
11
0.073849
21
0.053716
31
-0.038224
12
0.073685
22
0.053339
32
-0.039211
0
3DFACE
62
163
10
0.073248
20
0.053762
30
-0.038765
11
0.072615
21
0.053519
31
-0.039239
12
0.072774
22
0.053883
32
-0.038198
0
3DFACE
62
163
10
0.073361
20
0.053507
30
-0.039360
11
0.073345
21
0.053455
31
-0.039531
12
0.072964
22
0.053543
32
-0.039474
0
3DFACE
62
163
10
0.073361
20
0.053507
30
-0.039360
11
0.073248
21
0.053762
31
-0.038765
12
0.073685
22
0.053339
32
-0.039211
0
3DFACE
62
163
10
0.073361
20
0.053507
30
-0.039360
11
0.073685
21
0.053339
31
-0.039211
12
0.073345
22
0.053455
32
-0.039531
0
3DFACE
62
163
10
0.073361
20
0.053507
30
-0.039360
11
0.072964
21
0.053543
31
-0.039474
12
0.073248
22
0.053762
32
-0.038765
0
3DFACE
62
163
10
0.073322
20
0.053361
30
-0.039874
11
0.072964
21
0.053543
31
-0.039474
12
0.073345
22
0.053455
32
-0.039531
0
3DFACE
62
163
10
0.073322
20
0.053361
30
-0.039874
11
0.073345
21
0.053455
31
-0.039531
12
0.073617
22
0.053055
32
-0.040234
0
3DFACE
62
163
10
0.073120
20
0.053318
30
-0.040292
11
0.073322
21
0.053361
31
-0.039874
12
0.073617
22
0.053055
32
-0.040234
0
3DFACE
62
163
10
0.073120
20
0.053318
30
-0.040292
11
0.072964
21
0.053543
31
-0.039474
12
0.073322
22
0.053361
32
-0.039874
0
3DFACE
62
163
10
0.073120
20
0.053318
30
-0.040292
11
0.072554
21
0.053248
31
-0.040314
12
0.072964
22
0.053543
32
-0.039474
0
3DFACE
62
163
10
0.073127
20
0.053212
30
-0.040829
11
0.073120
21
0.053318
31
-0.040292
12
0.073617
22
0.053055
32
-0.040234
0
3DFACE
62
163
10
0.073127
20
0.053212
30
-0.040829
11
0.072554
21
0.053248
31
-0.040314
12
0.073120
22
0.053318
32
-0.040292
0
3DFACE
62
163
10
0.073127
20
0.053212
30
-0.040829
11
0.073617
21
0.053055
31
-0.040234
12
0.073650
22
0.052860
32
-0.041287
0
3DFACE
62
163
10
0.073127
20
0.053212
30
-0.040829
11
0.072596
21
0.053067
31
-0.041417
12
0.072554
22
0.053248
32
-0.040314
0
3DFACE
62
163
10
0.073159
20
0.053132
30
-0.041353
11
0.073127
21
0.053212
31
-0.040829
12
0.073650
22
0.052860
32
-0.041287
0
3DFACE
62
163
10
0.073159
20
0.053132
30
-0.041353
11
0.072596
21
0.053067
31
-0.041417
12
0.073127
22
0.053212
32
-0.040829
0
3DFACE
62
163
10
0.073217
20
0.053073
30
-0.041895
11
0.073159
21
0.053132
31
-0.041353
12
0.073650
22
0.052860
32
-0.041287
0
3DFACE
62
163
10
0.073217
20
0.053073
30
-0.041895
11
0.072596
21
0.053067
31
-0.041417
12
0.073159
22
0.053132
32
-0.041353
0
3DFACE
62
163
10
0.073217
20
0.053073
30
-0.041895
11
0.073650
21
0.052860
31
-0.041287
12
0.073784
22
0.052760
32
-0.042345
0
3DFACE
62
163
10
0.073217
20
0.053073
30
-0.041895
11
0.072741
21
0.052984
31
-0.042522
12
0.072596
22
0.053067
32
-0.041417
0
3DFACE
62
163
10
0.073297
20
0.053039
30
-0.042418
11
0.073217
21
0.053073
31
-0.041895
12
0.073784
22
0.052760
32
-0.042345
0
3DFACE
62
163
10
0.073297
20
0.053039
30
-0.042418
11
0.072741
21
0.052984
31
-0.042522
12
0.073217
22
0.053073
32
-0.041895
0
3DFACE
62
163
10
0.073297
20
0.053039
30
-0.042418
11
0.073784
21
0.052760
31
-0.042345
12
0.073646
22
0.052969
32
-0.043157
0
3DFACE
62
163
10
0.073181
20
0.053050
30
-0.042846
11
0.073262
21
0.053054
31
-0.043200
12
0.072984
22
0.052996
32
-0.043605
0
3DFACE
62
163
10
0.073181
20
0.053050
30
-0.042846
11
0.073646
21
0.052969
31
-0.043157
12
0.073262
22
0.053054
32
-0.043200
0
3DFACE
62
163
10
0.073181
20
0.053050
30
-0.042846
11
0.073297
21
0.053039
31
-0.042418
12
0.073646
22
0.052969
32
-0.043157
0
3DFACE
62
163
10
0.073181
20
0.053050
30
-0.042846
11
0.072741
21
0.052984
31
-0.042522
12
0.073297
22
0.053039
32
-0.042418
0
3DFACE
62
163
10
0.073181
20
0.053050
30
-0.042846
11
0.072984
21
0.052996
31
-0.043605
12
0.072741
22
0.052984
32
-0.042522
0
3DFACE
62
163
10
0.073304
20
0.053059
30
-0.043365
11
0.072984
21
0.052996
31
-0.043605
12
0.073262
22
0.053054
32
-0.043200
0
3DFACE
62
163
10
0.073532
20
0.053041
30
-0.043461
11
0.072984
21
0.052996
31
-0.043605
12
0.073304
22
0.053059
32
-0.043365
0
3DFACE
62
163
10
0.073532
20
0.053041
30
-0.043461
11
0.073262
21
0.053054
31
-0.043200
12
0.073646
22
0.052969
32
-0.043157
0
3DFACE
62
163
10
0.073532
20
0.053041
30
-0.043461
11
0.073304
21
0.053059
31
-0.043365
12
0.073262
22
0.053054
32
-0.043200
0
3DFACE
62
163
10
0.073532
20
0.053041
30
-0.043461
11
0.073646
21
0.052969
31
-0.043157
12
0.074016
22
0.052755
32
-0.043383
0
3DFACE
62
163
10
0.073690
20
0.053077
30
-0.043981
11
0.074016
21
0.052755
31
-0.043383
12
0.074348
22
0.052841
32
-0.044395
0
3DFACE
62
163
10
0.073690
20
0.053077
30
-0.043981
11
0.072984
21
0.052996
31
-0.043605
12
0.073532
22
0.053041
32
-0.043461
0
3DFACE
62
163
10
0.073690
20
0.053077
30
-0.043981
11
0.073532
21
0.053041
31
-0.043461
12
0.074016
22
0.052755
32
-0.043383
0
3DFACE
62
163
10
0.073690
20
0.053077
30
-0.043981
11
0.073328
21
0.053101
31
-0.044660
12
0.072984
22
0.052996
32
-0.043605
0
3DFACE
62
163
10
0.073867
20
0.053133
30
-0.044478
11
0.073690
21
0.053077
31
-0.043981
12
0.074348
22
0.052841
32
-0.044395
0
3DFACE
62
163
10
0.073867
20
0.053133
30
-0.044478
11
0.073328
21
0.053101
31
-0.044660
12
0.073690
22
0.053077
32
-0.043981
0
3DFACE
62
163
10
0.074074
20
0.053213
30
-0.044978
11
0.073867
21
0.053133
31
-0.044478
12
0.074348
22
0.052841
32
-0.044395
0
3DFACE
62
163
10
0.074074
20
0.053213
30
-0.044978
11
0.074348
21
0.052841
31
-0.044395
12
0.074777
22
0.053015
32
-0.045363
0
3DFACE
62
163
10
0.074074
20
0.053213
30
-0.044978
11
0.073328
21
0.053101
31
-0.044660
12
0.073867
22
0.053133
32
-0.044478
0
3DFACE
62
163
10
0.074074
20
0.053213
30
-0.044978
11
0.073771
21
0.053295
31
-0.045670
12
0.073328
22
0.053101
32
-0.044660
0
3DFACE
62
163
10
0.074298
20
0.053312
30
-0.045450
11
0.074074
21
0.053213
31
-0.044978
12
0.074777
22
0.053015
32
-0.045363
0
3DFACE
62
163
10
0.074298
20
0.053312
30
-0.045450
11
0.073771
21
0.053295
31
-0.045670
12
0.074074
22
0.053213
32
-0.044978
0
3DFACE
62
163
10
0.074419
20
0.053496
30
-0.046078
11
0.073771
21
0.053295
31
-0.045670
12
0.074298
22
0.053312
32
-0.045450
0
3DFACE
62
163
10
0.074419
20
0.053496
30
-0.046078
11
0.074302
21
0.053573
31
-0.046610
12
0.073771
22
0.053295
32
-0.045670
0
3DFACE
62
163
10
0.074419
20
0.053496
30
-0.046078
11
0.074751
21
0.053675
31
-0.046608
12
0.074302
22
0.053573
32
-0.046610
0
3DFACE
62
163
10
0.074980
20
0.053806
30
-0.046933
11
0.074913
21
0.053929
31
-0.047465
12
0.074302
22
0.053573
32
-0.046610
0
3DFACE
62
163
10
0.074980
20
0.053806
30
-0.046933
11
0.074302
21
0.053573
31
-0.046610
12
0.074751
22
0.053675
32
-0.046608
0
3DFACE
62
163
10
0.074980
20
0.053806
30
-0.046933
11
0.074751
21
0.053675
31
-0.046608
12
0.075104
22
0.053563
32
-0.046472
0
3DFACE
62
163
10
0.075409
20
0.053911
30
-0.047177
11
0.074980
21
0.053806
31
-0.046933
12
0.075104
22
0.053563
32
-0.046472
0
3DFACE
62
163
10
0.075409
20
0.053911
30
-0.047177
11
0.074913
21
0.053929
31
-0.047465
12
0.074980
22
0.053806
32
-0.046933
0
3DFACE
62
163
10
0.075409
20
0.053911
30
-0.047177
11
0.075104
21
0.053563
31
-0.046472
12
0.075887
22
0.053607
32
-0.047078
0
3DFACE
62
163
10
0.075732
20
0.054104
30
-0.047551
11
0.075409
21
0.053911
31
-0.047177
12
0.075887
22
0.053607
32
-0.047078
0
3DFACE
62
163
10
0.075732
20
0.054104
30
-0.047551
11
0.075887
21
0.053607
31
-0.047078
12
0.076562
22
0.054011
32
-0.047806
0
3DFACE
62
163
10
0.075732
20
0.054104
30
-0.047551
11
0.074913
21
0.053929
31
-0.047465
12
0.075409
22
0.053911
32
-0.047177
0
3DFACE
62
163
10
0.075732
20
0.054104
30
-0.047551
11
0.075606
21
0.054356
31
-0.048232
12
0.074913
22
0.053929
32
-0.047465
0
3DFACE
62
163
10
0.076084
20
0.054318
30
-0.047912
11
0.075732
21
0.054104
31
-0.047551
12
0.076562
22
0.054011
32
-0.047806
0
3DFACE
62
163
10
0.076084
20
0.054318
30
-0.047912
11
0.075606
21
0.054356
31
-0.048232
12
0.075732
22
0.054104
32
-0.047551
0
3DFACE
62
163
10
0.076441
20
0.054542
30
-0.048237
11
0.076562
21
0.054011
31
-0.047806
12
0.077302
22
0.054476
32
-0.048427
0
3DFACE
62
163
10
0.076441
20
0.054542
30
-0.048237
11
0.076084
21
0.054318
31
-0.047912
12
0.076562
22
0.054011
32
-0.047806
0
3DFACE
62
163
10
0.076441
20
0.054542
30
-0.048237
11
0.075606
21
0.054356
31
-0.048232
12
0.076084
22
0.054318
32
-0.047912
0
3DFACE
62
163
10
0.076441
20
0.054542
30
-0.048237
11
0.076365
21
0.054846
31
-0.048892
12
0.075606
22
0.054356
32
-0.048232
0
3DFACE
62
163
10
0.076822
20
0.054786
30
-0.048542
11
0.077211
21
0.055204
31
-0.049021
12
0.076365
22
0.054846
32
-0.048892
0
3DFACE
62
163
10
0.076822
20
0.054786
30
-0.048542
11
0.076441
21
0.054542
31
-0.048237
12
0.077302
22
0.054476
32
-0.048427
0
3DFACE
62
163
10
0.076822
20
0.054786
30
-0.048542
11
0.076365
21
0.054846
31
-0.048892
12
0.076441
22
0.054542
32
-0.048237
0
3DFACE
62
163
10
0.077262
20
0.054877
30
-0.048662
11
0.077508
21
0.055039
31
-0.048820
12
0.077211
22
0.055204
32
-0.049021
0
3DFACE
62
163
10
0.077262
20
0.054877
30
-0.048662
11
0.077302
21
0.054476
31
-0.048427
12
0.077508
22
0.055039
32
-0.048820
0
3DFACE
62
163
10
0.077262
20
0.054877
30
-0.048662
11
0.077211
21
0.055204
31
-0.049021
12
0.076822
22
0.054786
32
-0.048542
0
3DFACE
62
163
10
0.077262
20
0.054877
30
-0.048662
11
0.076822
21
0.054786
31
-0.048542
12
0.077302
22
0.054476
32
-0.048427
0
3DFACE
62
163
10
0.077608
20
0.055301
30
-0.049052
11
0.077172
21
0.055385
31
-0.049430
12
0.077211
22
0.055204
32
-0.049021
0
3DFACE
62
163
10
0.077608
20
0.055301
30
-0.049052
11
0.077211
21
0.055204
31
-0.049021
12
0.077508
22
0.055039
32
-0.048820
0
3DFACE
62
163
10
0.077659
20
0.055138
30
-0.048910
11
0.077508
21
0.055039
31
-0.048820
12
0.078087
22
0.054988
32
-0.048927
0
3DFACE
62
163
10
0.077659
20
0.055138
30
-0.048910
11
0.077608
21
0.055301
31
-0.049052
12
0.077508
22
0.055039
32
-0.048820
0
3DFACE
62
163
10
0.077659
20
0.055138
30
-0.048910
11
0.078087
21
0.054988
31
-0.048927
12
0.077608
22
0.055301
32
-0.049052
0
3DFACE
62
163
10
0.078012
20
0.055571
30
-0.049260
11
0.077172
21
0.055385
31
-0.049430
12
0.077608
22
0.055301
32
-0.049052
0
3DFACE
62
163
10
0.078012
20
0.055571
30
-0.049260
11
0.078087
21
0.054988
31
-0.048927
12
0.078921
22
0.055542
32
-0.049304
0
3DFACE
62
163
10
0.078012
20
0.055571
30
-0.049260
11
0.078028
21
0.055967
31
-0.049844
12
0.077172
22
0.055385
32
-0.049430
0
3DFACE
62
163
10
0.078012
20
0.055571
30
-0.049260
11
0.077608
21
0.055301
31
-0.049052
12
0.078087
22
0.054988
32
-0.048927
0
3DFACE
62
163
10
0.078441
20
0.055858
30
-0.049442
11
0.078012
21
0.055571
31
-0.049260
12
0.078921
22
0.055542
32
-0.049304
0
3DFACE
62
163
10
0.078441
20
0.055858
30
-0.049442
11
0.078028
21
0.055967
31
-0.049844
12
0.078012
22
0.055571
32
-0.049260
0
3DFACE
62
163
10
0.078865
20
0.056144
30
-0.049586
11
0.078921
21
0.055542
31
-0.049304
12
0.079787
22
0.056124
32
-0.049550
0
3DFACE
62
163
10
0.078865
20
0.056144
30
-0.049586
11
0.078441
21
0.055858
31
-0.049442
12
0.078921
22
0.055542
32
-0.049304
0
3DFACE
62
163
10
0.078865
20
0.056144
30
-0.049586
11
0.078921
21
0.056580
31
-0.050127
12
0.078028
22
0.055967
32
-0.049844
0
3DFACE
62
163
10
0.078865
20
0.056144
30
-0.049586
11
0.078028
21
0.055967
31
-0.049844
12
0.078441
22
0.055858
32
-0.049442
0
3DFACE
62
163
10
0.079308
20
0.056444
30
-0.049702
11
0.078865
21
0.056144
31
-0.049586
12
0.079787
22
0.056124
32
-0.049550
0
3DFACE
62
163
10
0.079308
20
0.056444
30
-0.049702
11
0.078921
21
0.056580
31
-0.050127
12
0.078865
22
0.056144
32
-0.049586
0
3DFACE
62
163
10
0.079741
20
0.056739
30
-0.049780
11
0.078921
21
0.056580
31
-0.050127
12
0.079308
22
0.056444
32
-0.049702
0
3DFACE
62
163
10
0.079741
20
0.056739
30
-0.049780
11
0.080231
21
0.057255
31
-0.049963
12
0.079829
22
0.057211
32
-0.050270
0
3DFACE
62
163
10
0.079741
20
0.056739
30
-0.049780
11
0.079829
21
0.057211
31
-0.050270
12
0.078921
22
0.056580
32
-0.050127
0
3DFACE
62
163
10
0.079741
20
0.056739
30
-0.049780
11
0.079308
21
0.056444
31
-0.049702
12
0.079787
22
0.056124
32
-0.049550
0
3DFACE
62
163
10
0.079991
20
0.056704
30
-0.049700
11
0.079741
21
0.056739
31
-0.049780
12
0.079787
22
0.056124
32
-0.049550
0
3DFACE
62
163
10
0.079991
20
0.056704
30
-0.049700
11
0.080457
21
0.057023
31
-0.049737
12
0.080231
22
0.057255
32
-0.049963
0
3DFACE
62
163
10
0.079991
20
0.056704
30
-0.049700
11
0.079787
21
0.056124
31
-0.049550
12
0.080664
22
0.056720
32
-0.049659
0
3DFACE
62
163
10
0.079991
20
0.056704
30
-0.049700
11
0.080231
21
0.057255
31
-0.049963
12
0.079741
22
0.056739
32
-0.049780
0
3DFACE
62
163
10
0.079991
20
0.056704
30
-0.049700
11
0.080664
21
0.056720
31
-0.049659
12
0.080457
22
0.057023
32
-0.049737
0
3DFACE
62
163
10
0.080545
20
0.057471
30
-0.049966
11
0.079829
21
0.057211
31
-0.050270
12
0.080231
22
0.057255
32
-0.049963
0
3DFACE
62
163
10
0.080545
20
0.057471
30
-0.049966
11
0.080231
21
0.057255
31
-0.049963
12
0.080457
22
0.057023
32
-0.049737
0
3DFACE
62
163
10
0.080545
20
0.057471
30
-0.049966
11
0.080739
21
0.057846
31
-0.050275
12
0.079829
22
0.057211
32
-0.050270
0
3DFACE
62
163
10
0.081070
20
0.057651
30
-0.049813
11
0.080545
21
0.057471
31
-0.049966
12
0.080457
22
0.057023
32
-0.049737
0
3DFACE
62
163
10
0.081070
20
0.057651
30
-0.049813
11
0.080739
21
0.057846
31
-0.050275
12
0.080545
22
0.057471
32
-0.049966
0
3DFACE
62
163
10
0.081070
20
0.057651
30
-0.049813
11
0.080457
21
0.057023
31
-0.049737
12
0.081544
22
0.057320
32
-0.049631
0
3DFACE
62
163
10
0.081506
20
0.057949
30
-0.049757
11
0.081070
21
0.057651
31
-0.049813
12
0.081544
22
0.057320
32
-0.049631
0
3DFACE
62
163
10
0.081506
20
0.057949
30
-0.049757
11
0.081544
21
0.057320
31
-0.049631
12
0.082422
22
0.057913
32
-0.049464
0
3DFACE
62
163
10
0.081506
20
0.057949
30
-0.049757
11
0.080739
21
0.057846
31
-0.050275
12
0.081070
22
0.057651
32
-0.049813
0
3DFACE
62
163
10
0.081506
20
0.057949
30
-0.049757
11
0.081651
21
0.058478
31
-0.050139
12
0.080739
22
0.057846
32
-0.050275
0
3DFACE
62
163
10
0.081953
20
0.058252
30
-0.049664
11
0.081506
21
0.057949
31
-0.049757
12
0.082422
22
0.057913
32
-0.049464
0
3DFACE
62
163
10
0.081953
20
0.058252
30
-0.049664
11
0.081651
21
0.058478
31
-0.050139
12
0.081506
22
0.057949
32
-0.049757
0
3DFACE
62
163
10
0.082381
20
0.058542
30
-0.049541
11
0.081651
21
0.058478
31
-0.050139
12
0.081953
22
0.058252
32
-0.049664
0
3DFACE
62
163
10
0.082381
20
0.058542
30
-0.049541
11
0.082422
21
0.057913
31
-0.049464
12
0.083276
22
0.058484
32
-0.049162
0
3DFACE
62
163
10
0.082381
20
0.058542
30
-0.049541
11
0.081953
21
0.058252
31
-0.049664
12
0.082422
22
0.057913
32
-0.049464
0
3DFACE
62
163
10
0.082381
20
0.058542
30
-0.049541
11
0.082544
21
0.059093
31
-0.049865
12
0.081651
22
0.058478
32
-0.050139
0
3DFACE
62
163
10
0.082814
20
0.058834
30
-0.049380
11
0.082381
21
0.058542
31
-0.049541
12
0.083276
22
0.058484
32
-0.049162
0
3DFACE
62
163
10
0.082814
20
0.058834
30
-0.049380
11
0.082544
21
0.059093
31
-0.049865
12
0.082381
22
0.058542
32
-0.049541
0
3DFACE
62
163
10
0.082814
20
0.058834
30
-0.049380
11
0.083289
21
0.059340
31
-0.049246
12
0.082544
22
0.059093
32
-0.049865
0
3DFACE
62
163
10
0.083243
20
0.058908
30
-0.049140
11
0.083289
21
0.059340
31
-0.049246
12
0.082814
22
0.058834
32
-0.049380
0
3DFACE
62
163
10
0.083243
20
0.058908
30
-0.049140
11
0.082814
21
0.058834
31
-0.049380
12
0.083276
22
0.058484
32
-0.049162
0
3DFACE
62
163
10
0.083243
20
0.058908
30
-0.049140
11
0.083276
21
0.058484
31
-0.049162
12
0.083443
22
0.059041
32
-0.049039
0
3DFACE
62
163
10
0.083243
20
0.058908
30
-0.049140
11
0.083443
21
0.059041
31
-0.049039
12
0.083289
22
0.059340
32
-0.049246
0
3DFACE
62
163
10
0.083652
20
0.059180
30
-0.048924
11
0.083443
21
0.059041
31
-0.049039
12
0.084087
22
0.059021
32
-0.048734
0
3DFACE
62
163
10
0.083652
20
0.059180
30
-0.048924
11
0.083289
21
0.059340
31
-0.049246
12
0.083443
22
0.059041
32
-0.049039
0
3DFACE
62
163
10
0.084025
20
0.059638
30
-0.048722
11
0.083289
21
0.059340
31
-0.049246
12
0.083652
22
0.059180
32
-0.048924
0
3DFACE
62
163
10
0.084025
20
0.059638
30
-0.048722
11
0.084087
21
0.059021
31
-0.048734
12
0.084858
22
0.059516
32
-0.048181
0
3DFACE
62
163
10
0.084025
20
0.059638
30
-0.048722
11
0.083652
21
0.059180
31
-0.048924
12
0.084087
22
0.059021
32
-0.048734
0
3DFACE
62
163
10
0.084025
20
0.059638
30
-0.048722
11
0.084212
21
0.060219
31
-0.048928
12
0.083398
22
0.059675
32
-0.049460
0
3DFACE
62
163
10
0.084025
20
0.059638
30
-0.048722
11
0.083398
21
0.059675
31
-0.049460
12
0.083289
22
0.059340
32
-0.049246
0
3DFACE
62
163
10
0.084416
20
0.059891
30
-0.048435
11
0.084025
21
0.059638
31
-0.048722
12
0.084858
22
0.059516
32
-0.048181
0
3DFACE
62
163
10
0.084416
20
0.059891
30
-0.048435
11
0.084212
21
0.060219
31
-0.048928
12
0.084025
22
0.059638
32
-0.048722
0
3DFACE
62
163
10
0.084783
20
0.060123
30
-0.048129
11
0.084416
21
0.059891
31
-0.048435
12
0.084858
22
0.059516
32
-0.048181
0
3DFACE
62
163
10
0.084783
20
0.060123
30
-0.048129
11
0.084212
21
0.060219
31
-0.048928
12
0.084416
22
0.059891
32
-0.048435
0
3DFACE
62
163
10
0.084783
20
0.060123
30
-0.048129
11
0.084858
21
0.059516
31
-0.048181
12
0.085572
22
0.059956
32
-0.047513
0
3DFACE
62
163
10
0.084783
20
0.060123
30
-0.048129
11
0.084976
21
0.060712
31
-0.048275
12
0.084212
22
0.060219
32
-0.048928
0
3DFACE
62
163
10
0.085145
20
0.060348
30
-0.047785
11
0.084783
21
0.060123
31
-0.048129
12
0.085572
22
0.059956
32
-0.047513
0
3DFACE
62
163
10
0.085145
20
0.060348
30
-0.047785
11
0.084976
21
0.060712
31
-0.048275
12
0.084783
22
0.060123
32
-0.048129
0
3DFACE
62
163
10
0.085479
20
0.060551
30
-0.047427
11
0.085572
21
0.059956
31
-0.047513
12
0.085949
22
0.060613
32
-0.046867
0
3DFACE
62
163
10
0.085479
20
0.060551
30
-0.047427
11
0.085145
21
0.060348
31
-0.047785
12
0.085572
22
0.059956
32
-0.047513
0
3DFACE
62
163
10
0.085479
20
0.060551
30
-0.047427
11
0.084976
21
0.060712
31
-0.048275
12
0.085145
22
0.060348
32
-0.047785
0
3DFACE
62
163
10
0.085479
20
0.060551
30
-0.047427
11
0.085671
21
0.061142
31
-0.047516
12
0.084976
22
0.060712
32
-0.048275
0
3DFACE
62
163
10
0.085745
20
0.060903
30
-0.047156
11
0.085854
21
0.060967
31
-0.047013
12
0.085671
22
0.061142
32
-0.047516
0
3DFACE
62
163
10
0.085745
20
0.060903
30
-0.047156
11
0.085949
21
0.060613
31
-0.046867
12
0.085854
22
0.060967
32
-0.047013
0
3DFACE
62
163
10
0.085745
20
0.060903
30
-0.047156
11
0.085671
21
0.061142
31
-0.047516
12
0.085479
22
0.060551
32
-0.047427
0
3DFACE
62
163
10
0.085745
20
0.060903
30
-0.047156
11
0.085479
21
0.060551
31
-0.047427
12
0.085949
22
0.060613
32
-0.046867
0
3DFACE
62
163
10
0.086045
20
0.061077
30
-0.046750
11
0.086286
21
0.061503
31
-0.046666
12
0.085854
22
0.060967
32
-0.047013
0
3DFACE
62
163
10
0.086045
20
0.061077
30
-0.046750
11
0.085854
21
0.060967
31
-0.047013
12
0.085949
22
0.060613
32
-0.046867
0
3DFACE
62
163
10
0.086384
20
0.061067
30
-0.046197
11
0.086286
21
0.061503
31
-0.046666
12
0.086045
22
0.061077
32
-0.046750
0
3DFACE
62
163
10
0.086384
20
0.061067
30
-0.046197
11
0.085949
21
0.060613
31
-0.046867
12
0.086212
22
0.060331
32
-0.046749
0
3DFACE
62
163
10
0.086384
20
0.061067
30
-0.046197
11
0.086045
21
0.061077
31
-0.046750
12
0.085949
22
0.060613
32
-0.046867
0
3DFACE
62
163
10
0.086384
20
0.061067
30
-0.046197
11
0.086212
21
0.060331
31
-0.046749
12
0.086776
22
0.060635
32
-0.045896
0
3DFACE
62
163
10
0.086643
20
0.061199
30
-0.045752
11
0.086286
21
0.061503
31
-0.046666
12
0.086384
22
0.061067
32
-0.046197
0
3DFACE
62
163
10
0.086643
20
0.061199
30
-0.045752
11
0.086384
21
0.061067
31
-0.046197
12
0.086776
22
0.060635
32
-0.045896
0
3DFACE
62
163
10
0.086643
20
0.061199
30
-0.045752
11
0.086776
21
0.060635
31
-0.045896
12
0.087258
22
0.060858
32
-0.044964
0
3DFACE
62
163
10
0.086643
20
0.061199
30
-0.045752
11
0.086824
21
0.061786
31
-0.045728
12
0.086286
22
0.061503
32
-0.046666
0
3DFACE
62
163
10
0.086888
20
0.061314
30
-0.045276
11
0.086643
21
0.061199
31
-0.045752
12
0.087258
22
0.060858
32
-0.044964
0
3DFACE
62
163
10
0.086888
20
0.061314
30
-0.045276
11
0.086824
21
0.061786
31
-0.045728
12
0.086643
22
0.061199
32
-0.045752
0
3DFACE
62
163
10
0.086888
20
0.061314
30
-0.045276
11
0.087273
21
0.061986
31
-0.044723
12
0.086824
22
0.061786
32
-0.045728
0
3DFACE
62
163
10
0.087103
20
0.061406
30
-0.044799
11
0.086888
21
0.061314
31
-0.045276
12
0.087258
22
0.060858
32
-0.044964
0
3DFACE
62
163
10
0.087103
20
0.061406
30
-0.044799
11
0.087273
21
0.061986
31
-0.044723
12
0.086888
22
0.061314
32
-0.045276
0
3DFACE
62
163
10
0.087351
20
0.061692
30
-0.044159
11
0.087495
21
0.061731
31
-0.043706
12
0.087621
22
0.062096
32
-0.043674
0
3DFACE
62
163
10
0.087351
20
0.061692
30
-0.044159
11
0.087556
21
0.061345
31
-0.043649
12
0.087495
22
0.061731
32
-0.043706
0
3DFACE
62
163
10
0.087351
20
0.061692
30
-0.044159
11
0.087621
21
0.062096
31
-0.043674
12
0.087273
22
0.061986
32
-0.044723
0
3DFACE
62
163
10
0.087301
20
0.061478
30
-0.044295
11
0.087273
21
0.061986
31
-0.044723
12
0.087103
22
0.061406
32
-0.044799
0
3DFACE
62
163
10
0.087301
20
0.061478
30
-0.044295
11
0.087258
21
0.060858
31
-0.044964
12
0.087646
22
0.060996
32
-0.043977
0
3DFACE
62
163
10
0.087301
20
0.061478
30
-0.044295
11
0.087103
21
0.061406
31
-0.044799
12
0.087258
22
0.060858
32
-0.044964
0
3DFACE
62
163
10
0.087301
20
0.061478
30
-0.044295
11
0.087556
21
0.061345
31
-0.043649
12
0.087351
22
0.061692
32
-0.044159
0
3DFACE
62
163
10
0.087301
20
0.061478
30
-0.044295
11
0.087646
21
0.060996
31
-0.043977
12
0.087556
22
0.061345
32
-0.043649
0
3DFACE
62
163
10
0.087301
20
0.061478
30
-0.044295
11
0.087351
21
0.061692
31
-0.044159
12
0.087273
22
0.061986
32
-0.044723
0
3DFACE
62
163
10
0.087651
20
0.061361
30
-0.043311
11
0.087495
21
0.061731
31
-0.043706
12
0.087556
22
0.061345
32
-0.043649
0
3DFACE
62
163
10
0.087651
20
0.061361
30
-0.043311
11
0.087556
21
0.061345
31
-0.043649
12
0.087934
22
0.061045
32
-0.042955
0
3DFACE
62
163
10
0.087736
20
0.061558
30
-0.042761
11
0.087651
21
0.061361
31
-0.043311
12
0.087934
22
0.061045
32
-0.042955
0
3DFACE
62
163
10
0.087736
20
0.061558
30
-0.042761
11
0.087621
21
0.062096
31
-0.043674
12
0.087495
22
0.061731
32
-0.043706
0
3DFACE
62
163
10
0.087736
20
0.061558
30
-0.042761
11
0.087495
21
0.061731
31
-0.043706
12
0.087651
22
0.061361
32
-0.043311
0
3DFACE
62
163
10
0.087736
20
0.061558
30
-0.042761
11
0.087872
21
0.062114
31
-0.042589
12
0.087621
22
0.062096
32
-0.043674
0
3DFACE
62
163
10
0.087835
20
0.061538
30
-0.042224
11
0.087934
21
0.061045
31
-0.042955
12
0.088127
22
0.061000
32
-0.041902
0
3DFACE
62
163
10
0.087835
20
0.061538
30
-0.042224
11
0.087736
21
0.061558
31
-0.042761
12
0.087934
22
0.061045
32
-0.042955
0
3DFACE
62
163
10
0.087835
20
0.061538
30
-0.042224
11
0.087872
21
0.062114
31
-0.042589
12
0.087736
22
0.061558
32
-0.042761
0
3DFACE
62
163
10
0.087835
20
0.061538
30
-0.042224
11
0.088023
21
0.062036
31
-0.041483
12
0.087872
22
0.062114
32
-0.042589
0
3DFACE
62
163
10
0.087907
20
0.061496
30
-0.041699
11
0.087835
21
0.061538
31
-0.042224
12
0.088127
22
0.061000
32
-0.041902
0
3DFACE
62
163
10
0.087907
20
0.061496
30
-0.041699
11
0.088023
21
0.062036
31
-0.041483
12
0.087835
22
0.061538
32
-0.042224
0
3DFACE
62
163
10
0.087956
20
0.061428
30
-0.041157
11
0.088127
21
0.061000
31
-0.041902
12
0.088219
22
0.060860
32
-0.040844
0
3DFACE
62
163
10
0.087956
20
0.061428
30
-0.041157
11
0.087907
21
0.061496
31
-0.041699
12
0.088127
22
0.061000
32
-0.041902
0
3DFACE
62
163
10
0.087956
20
0.061428
30
-0.041157
11
0.088023
21
0.062036
31
-0.041483
12
0.087907
22
0.061496
32
-0.041699
0
3DFACE
62
163
10
0.087956
20
0.061428
30
-0.041157
11
0.088071
21
0.061862
31
-0.040381
12
0.088023
22
0.062036
32
-0.041483
0
3DFACE
62
163
10
0.087978
20
0.061340
30
-0.040636
11
0.088071
21
0.061862
31
-0.040381
12
0.087956
22
0.061428
32
-0.041157
0
3DFACE
62
163
10
0.087978
20
0.061340
30
-0.040636
11
0.087956
21
0.061428
31
-0.041157
12
0.088219
22
0.060860
32
-0.040844
0
3DFACE
62
163
10
0.087978
20
0.061340
30
-0.040636
11
0.088219
21
0.060860
31
-0.040844
12
0.088021
22
0.061011
32
-0.040023
0
3DFACE
62
163
10
0.087969
20
0.061451
30
-0.040202
11
0.087978
21
0.061340
31
-0.040636
12
0.088021
22
0.061011
32
-0.040023
0
3DFACE
62
163
10
0.087969
20
0.061451
30
-0.040202
11
0.088021
21
0.061011
31
-0.040023
12
0.087963
22
0.061399
32
-0.039980
0
3DFACE
62
163
10
0.087969
20
0.061451
30
-0.040202
11
0.087963
21
0.061399
31
-0.039980
12
0.088071
22
0.061862
32
-0.040381
0
3DFACE
62
163
10
0.087969
20
0.061451
30
-0.040202
11
0.088071
21
0.061862
31
-0.040381
12
0.087978
22
0.061340
32
-0.040636
0
3DFACE
62
163
10
0.087947
20
0.061324
30
-0.039684
11
0.087963
21
0.061399
31
-0.039980
12
0.088021
22
0.061011
32
-0.040023
0
3DFACE
62
163
10
0.087947
20
0.061324
30
-0.039684
11
0.088016
21
0.061597
31
-0.039306
12
0.087963
22
0.061399
32
-0.039980
0
3DFACE
62
163
10
0.087948
20
0.061095
30
-0.039596
11
0.088021
21
0.061011
31
-0.040023
12
0.088209
22
0.060629
32
-0.039805
0
3DFACE
62
163
10
0.087948
20
0.061095
30
-0.039596
11
0.087947
21
0.061324
31
-0.039684
12
0.088021
22
0.061011
32
-0.040023
0
3DFACE
62
163
10
0.087948
20
0.061095
30
-0.039596
11
0.088016
21
0.061597
31
-0.039306
12
0.087947
22
0.061324
32
-0.039684
0
3DFACE
62
163
10
0.087896
20
0.060934
30
-0.039077
11
0.087948
21
0.061095
31
-0.039596
12
0.088209
22
0.060629
32
-0.039805
0
3DFACE
62
163
10
0.087896
20
0.060934
30
-0.039077
11
0.088209
21
0.060629
31
-0.039805
12
0.088101
22
0.060305
32
-0.038793
0
3DFACE
62
163
10
0.087896
20
0.060934
30
-0.039077
11
0.087863
21
0.061237
31
-0.038259
12
0.088016
22
0.061597
32
-0.039306
0
3DFACE
62
163
10
0.087896
20
0.060934
30
-0.039077
11
0.088016
21
0.061597
31
-0.039306
12
0.087948
22
0.061095
32
-0.039596
0
3DFACE
62
163
10
0.087822
20
0.060756
30
-0.038583
11
0.087896
21
0.060934
31
-0.039077
12
0.088101
22
0.060305
32
-0.038793
0
3DFACE
62
163
10
0.087822
20
0.060756
30
-0.038583
11
0.087863
21
0.061237
31
-0.038259
12
0.087896
22
0.060934
32
-0.039077
0
3DFACE
62
163
10
0.087722
20
0.060550
30
-0.038085
11
0.087863
21
0.061237
31
-0.038259
12
0.087822
22
0.060756
32
-0.038583
0
3DFACE
62
163
10
0.087722
20
0.060550
30
-0.038085
11
0.088101
21
0.060305
31
-0.038793
12
0.087898
22
0.059890
32
-0.037825
0
3DFACE
62
163
10
0.087722
20
0.060550
30
-0.038085
11
0.087616
21
0.060786
31
-0.037265
12
0.087863
22
0.061237
32
-0.038259
0
3DFACE
62
163
10
0.087722
20
0.060550
30
-0.038085
11
0.087822
21
0.060756
31
-0.038583
12
0.088101
22
0.060305
32
-0.038793
0
3DFACE
62
163
10
0.087602
20
0.060328
30
-0.037617
11
0.087722
21
0.060550
31
-0.038085
12
0.087898
22
0.059890
32
-0.037825
0
3DFACE
62
163
10
0.087602
20
0.060328
30
-0.037617
11
0.087616
21
0.060786
31
-0.037265
12
0.087722
22
0.060550
32
-0.038085
0
3DFACE
62
163
10
0.087402
20
0.060212
30
-0.036989
11
0.087239
21
0.059957
31
-0.036572
12
0.087280
22
0.060258
32
-0.036347
0
3DFACE
62
163
10
0.087402
20
0.060212
30
-0.036989
11
0.087327
21
0.059597
31
-0.036708
12
0.087239
22
0.059957
32
-0.036572
0
3DFACE
62
163
10
0.087402
20
0.060212
30
-0.036989
11
0.087280
21
0.060258
31
-0.036347
12
0.087616
22
0.060786
32
-0.037265
0
3DFACE
62
163
10
0.087457
20
0.060081
30
-0.037153
11
0.087327
21
0.059597
31
-0.036708
12
0.087402
22
0.060212
32
-0.036989
0
3DFACE
62
163
10
0.087457
20
0.060081
30
-0.037153
11
0.087402
21
0.060212
31
-0.036989
12
0.087616
22
0.060786
32
-0.037265
0
3DFACE
62
163
10
0.087457
20
0.060081
30
-0.037153
11
0.087602
21
0.060328
31
-0.037617
12
0.087898
22
0.059890
32
-0.037825
0
3DFACE
62
163
10
0.087457
20
0.060081
30
-0.037153
11
0.087616
21
0.060786
31
-0.037265
12
0.087602
22
0.060328
32
-0.037617
0
3DFACE
62
163
10
0.087457
20
0.060081
30
-0.037153
11
0.087606
21
0.059394
31
-0.036926
12
0.087327
22
0.059597
32
-0.036708
0
3DFACE
62
163
10
0.087457
20
0.060081
30
-0.037153
11
0.087898
21
0.059890
31
-0.037825
12
0.087606
22
0.059394
32
-0.036926
0
3DFACE
62
163
10
0.087180
20
0.059371
30
-0.036376
11
0.087239
21
0.059957
31
-0.036572
12
0.087327
22
0.059597
32
-0.036708
0
3DFACE
62
163
10
0.087180
20
0.059371
30
-0.036376
11
0.087327
21
0.059597
31
-0.036708
12
0.087606
22
0.059394
32
-0.036926
0
3DFACE
62
163
10
0.087180
20
0.059371
30
-0.036376
11
0.087606
21
0.059394
31
-0.036926
12
0.087232
22
0.058824
32
-0.036109
0
3DFACE
62
163
10
0.086908
20
0.059243
30
-0.035910
11
0.087180
21
0.059371
31
-0.036376
12
0.087232
22
0.058824
32
-0.036109
0
3DFACE
62
163
10
0.086908
20
0.059243
30
-0.035910
11
0.087280
21
0.060258
31
-0.036347
12
0.087239
22
0.059957
32
-0.036572
0
3DFACE
62
163
10
0.086908
20
0.059243
30
-0.035910
11
0.087239
21
0.059957
31
-0.036572
12
0.087180
22
0.059371
32
-0.036376
0
3DFACE
62
163
10
0.086908
20
0.059243
30
-0.035910
11
0.086862
21
0.059653
31
-0.035512
12
0.087280
22
0.060258
32
-0.036347
0
3DFACE
62
163
10
0.086682
20
0.058920
30
-0.035530
11
0.086862
21
0.059653
31
-0.035512
12
0.086908
22
0.059243
32
-0.035910
0
3DFACE
62
163
10
0.086682
20
0.058920
30
-0.035530
11
0.086908
21
0.059243
31
-0.035910
12
0.087232
22
0.058824
32
-0.036109
0
3DFACE
62
163
10
0.086682
20
0.058920
30
-0.035530
11
0.087232
21
0.058824
31
-0.036109
12
0.086783
22
0.058179
32
-0.035380
0
3DFACE
62
163
10
0.086682
20
0.058920
30
-0.035530
11
0.086370
21
0.058974
31
-0.034770
12
0.086862
22
0.059653
32
-0.035512
0
3DFACE
62
163
10
0.086447
20
0.058590
30
-0.035186
11
0.086682
21
0.058920
31
-0.035530
12
0.086783
22
0.058179
32
-0.035380
0
3DFACE
62
163
10
0.086447
20
0.058590
30
-0.035186
11
0.086370
21
0.058974
31
-0.034770
12
0.086682
22
0.058920
32
-0.035530
0
3DFACE
62
163
10
0.086188
20
0.058236
30
-0.034859
11
0.086370
21
0.058974
31
-0.034770
12
0.086447
22
0.058590
32
-0.035186
0
3DFACE
62
163
10
0.086188
20
0.058236
30
-0.034859
11
0.086447
21
0.058590
31
-0.035186
12
0.086783
22
0.058179
32
-0.035380
0
3DFACE
62
163
10
0.086188
20
0.058236
30
-0.034859
11
0.086783
21
0.058179
31
-0.035380
12
0.086269
22
0.057474
32
-0.034758
0
3DFACE
62
163
10
0.086188
20
0.058236
30
-0.034859
11
0.085815
21
0.058238
31
-0.034140
12
0.086370
22
0.058974
32
-0.034770
0
3DFACE
62
163
10
0.085923
20
0.057880
30
-0.034570
11
0.085815
21
0.058238
31
-0.034140
12
0.086188
22
0.058236
32
-0.034859
0
3DFACE
62
163
10
0.085923
20
0.057880
30
-0.034570
11
0.086188
21
0.058236
31
-0.034859
12
0.086269
22
0.057474
32
-0.034758
0
3DFACE
62
163
10
0.085923
20
0.057880
30
-0.034570
11
0.086269
21
0.057474
31
-0.034758
12
0.085689
22
0.057301
32
-0.034360
0
3DFACE
62
163
10
0.085687
20
0.057795
30
-0.034284
11
0.085815
21
0.058238
31
-0.034140
12
0.085923
22
0.057880
32
-0.034570
0
3DFACE
62
163
10
0.085687
20
0.057795
30
-0.034284
11
0.085923
21
0.057880
31
-0.034570
12
0.085689
22
0.057301
32
-0.034360
0
3DFACE
62
163
10
0.085687
20
0.057795
30
-0.034284
11
0.085544
21
0.057609
31
-0.034159
12
0.085815
22
0.058238
32
-0.034140
0
3DFACE
62
163
10
0.085687
20
0.057795
30
-0.034284
11
0.085689
21
0.057301
31
-0.034360
12
0.085544
22
0.057609
32
-0.034159
0
3DFACE
62
163
10
0.085398
20
0.057418
30
-0.034040
11
0.085209
21
0.057459
31
-0.033634
12
0.085544
22
0.057609
32
-0.034159
0
3DFACE
62
163
10
0.085398
20
0.057418
30
-0.034040
11
0.085544
21
0.057609
31
-0.034159
12
0.085689
22
0.057301
32
-0.034360
0
3DFACE
62
163
10
0.085348
20
0.057127
30
-0.034074
11
0.085398
21
0.057418
31
-0.034040
12
0.085689
22
0.057301
32
-0.034360
0
3DFACE
62
163
10
0.085348
20
0.057127
30
-0.034074
11
0.085209
21
0.057459
31
-0.033634
12
0.085398
22
0.057418
32
-0.034040
0
3DFACE
62
163
10
0.085348
20
0.057127
30
-0.034074
11
0.085689
21
0.057301
31
-0.034360
12
0.085704
22
0.056726
32
-0.034257
0
3DFACE
62
163
10
0.085040
20
0.056727
30
-0.033869
11
0.084559
21
0.056635
31
-0.033252
12
0.085209
22
0.057459
32
-0.033634
0
3DFACE
62
163
10
0.085040
20
0.056727
30
-0.033869
11
0.085348
21
0.057127
31
-0.034074
12
0.085704
22
0.056726
32
-0.034257
0
3DFACE
62
163
10
0.085040
20
0.056727
30
-0.033869
11
0.085704
21
0.056726
31
-0.034257
12
0.085094
22
0.055933
32
-0.033878
0
3DFACE
62
163
10
0.085040
20
0.056727
30
-0.033869
11
0.085209
21
0.057459
31
-0.033634
12
0.085348
22
0.057127
32
-0.034074
0
3DFACE
62
163
10
0.084731
20
0.056329
30
-0.033700
11
0.084559
21
0.056635
31
-0.033252
12
0.085040
22
0.056727
32
-0.033869
0
3DFACE
62
163
10
0.084731
20
0.056329
30
-0.033700
11
0.085040
21
0.056727
31
-0.033869
12
0.085094
22
0.055933
32
-0.033878
0
3DFACE
62
163
10
0.084405
20
0.055912
30
-0.033559
11
0.083879
21
0.055781
31
-0.033004
12
0.084559
22
0.056635
32
-0.033252
0
3DFACE
62
163
10
0.084405
20
0.055912
30
-0.033559
11
0.084731
21
0.056329
31
-0.033700
12
0.085094
22
0.055933
32
-0.033878
0
3DFACE
62
163
10
0.084405
20
0.055912
30
-0.033559
11
0.084559
21
0.056635
31
-0.033252
12
0.084731
22
0.056329
32
-0.033700
0
3DFACE
62
163
10
0.084405
20
0.055912
30
-0.033559
11
0.085094
21
0.055933
31
-0.033878
12
0.084454
22
0.055109
32
-0.033631
0
3DFACE
62
163
10
0.084083
20
0.055502
30
-0.033456
11
0.083879
21
0.055781
31
-0.033004
12
0.084405
22
0.055912
32
-0.033559
0
3DFACE
62
163
10
0.084083
20
0.055502
30
-0.033456
11
0.084405
21
0.055912
31
-0.033559
12
0.084454
22
0.055109
32
-0.033631
0
3DFACE
62
163
10
0.083634
20
0.055169
30
-0.033252
11
0.083186
21
0.054918
31
-0.032895
12
0.083879
22
0.055781
32
-0.033004
0
3DFACE
62
163
10
0.083634
20
0.055169
30
-0.033252
11
0.083879
21
0.055781
31
-0.033004
12
0.084083
22
0.055502
32
-0.033456
0
3DFACE
62
163
10
0.083634
20
0.055169
30
-0.033252
11
0.083290
21
0.054737
31
-0.033217
12
0.083186
22
0.054918
32
-0.032895
0
3DFACE
62
163
10
0.082968
20
0.054334
30
-0.033217
11
0.082489
21
0.054053
31
-0.032926
12
0.083186
22
0.054918
32
-0.032895
0
3DFACE
62
163
10
0.082968
20
0.054334
30
-0.033217
11
0.083290
21
0.054737
31
-0.033217
12
0.083505
22
0.054496
32
-0.033443
0
3DFACE
62
163
10
0.082968
20
0.054334
30
-0.033217
11
0.083186
21
0.054918
31
-0.032895
12
0.083290
22
0.054737
32
-0.033217
0
3DFACE
62
163
10
0.082756
20
0.053827
30
-0.033378
11
0.082489
21
0.054053
31
-0.032926
12
0.082968
22
0.054334
32
-0.033217
0
3DFACE
62
163
10
0.082430
20
0.053413
30
-0.033442
11
0.081798
21
0.053189
31
-0.033097
12
0.082489
22
0.054053
32
-0.032926
0
3DFACE
62
163
10
0.082430
20
0.053413
30
-0.033442
11
0.082489
21
0.054053
31
-0.032926
12
0.082756
22
0.053827
32
-0.033378
0
3DFACE
62
163
10
0.082430
20
0.053413
30
-0.033442
11
0.082756
21
0.053827
31
-0.033378
12
0.083139
22
0.053439
32
-0.033549
0
3DFACE
62
163
10
0.082430
20
0.053413
30
-0.033442
11
0.083139
21
0.053439
31
-0.033549
12
0.082487
22
0.052604
32
-0.033714
0
3DFACE
62
163
10
0.082097
20
0.052989
30
-0.033543
11
0.081798
21
0.053189
31
-0.033097
12
0.082430
22
0.053413
32
-0.033442
0
3DFACE
62
163
10
0.082097
20
0.052989
30
-0.033543
11
0.082430
21
0.053413
31
-0.033442
12
0.082487
22
0.052604
32
-0.033714
0
3DFACE
62
163
10
0.081780
20
0.052584
30
-0.033674
11
0.081130
21
0.052348
31
-0.033405
12
0.081798
22
0.053189
32
-0.033097
0
3DFACE
62
163
10
0.081780
20
0.052584
30
-0.033674
11
0.081798
21
0.053189
31
-0.033097
12
0.082097
22
0.052989
32
-0.033543
0
3DFACE
62
163
10
0.081780
20
0.052584
30
-0.033674
11
0.082097
21
0.052989
31
-0.033543
12
0.082487
22
0.052604
32
-0.033714
0
3DFACE
62
163
10
0.081780
20
0.052584
30
-0.033674
11
0.082487
21
0.052604
31
-0.033714
12
0.081858
22
0.051792
32
-0.034015
0
3DFACE
62
163
10
0.081461
20
0.052174
30
-0.033843
11
0.081130
21
0.052348
31
-0.033405
12
0.081780
22
0.052584
32
-0.033674
0
3DFACE
62
163
10
0.081461
20
0.052174
30
-0.033843
11
0.081858
21
0.051792
31
-0.034015
12
0.081286
22
0.051657
32
-0.034141
0
3DFACE
62
163
10
0.081461
20
0.052174
30
-0.033843
11
0.081780
21
0.052584
31
-0.033674
12
0.081858
22
0.051792
32
-0.034015
0
3DFACE
62
163
10
0.081170
20
0.052053
30
-0.033816
11
0.080998
21
0.051831
31
-0.033934
12
0.081130
22
0.052348
32
-0.033405
0
3DFACE
62
163
10
0.081170
20
0.052053
30
-0.033816
11
0.081286
21
0.051657
31
-0.034141
12
0.080998
22
0.051831
32
-0.033934
0
3DFACE
62
163
10
0.081170
20
0.052053
30
-0.033816
11
0.081130
21
0.052348
31
-0.033405
12
0.081461
22
0.052174
32
-0.033843
0
3DFACE
62
163
10
0.081170
20
0.052053
30
-0.033816
11
0.081461
21
0.052174
31
-0.033843
12
0.081286
22
0.051657
32
-0.034141
0
3DFACE
62
163
10
0.081135
20
0.051461
30
-0.034254
11
0.080998
21
0.051831
31
-0.033934
12
0.081286
22
0.051657
32
-0.034141
0
3DFACE
62
163
10
0.081135
20
0.051461
30
-0.034254
11
0.081286
21
0.051657
31
-0.034141
12
0.081266
22
0.051020
32
-0.034442
0
3DFACE
62
163
10
0.080862
20
0.051398
30
-0.034268
11
0.080500
21
0.051546
31
-0.033842
12
0.080998
22
0.051831
32
-0.033934
0
3DFACE
62
163
10
0.080862
20
0.051398
30
-0.034268
11
0.080998
21
0.051831
31
-0.033934
12
0.081135
22
0.051461
32
-0.034254
0
3DFACE
62
163
10
0.080862
20
0.051398
30
-0.034268
11
0.081135
21
0.051461
31
-0.034254
12
0.081266
22
0.051020
32
-0.034442
0
3DFACE
62
163
10
0.080582
20
0.051028
30
-0.034523
11
0.079914
21
0.050782
31
-0.034406
12
0.080500
22
0.051546
32
-0.033842
0
3DFACE
62
163
10
0.080582
20
0.051028
30
-0.034523
11
0.080500
21
0.051546
31
-0.033842
12
0.080862
22
0.051398
32
-0.034268
0
3DFACE
62
163
10
0.080582
20
0.051028
30
-0.034523
11
0.081266
21
0.051020
31
-0.034442
12
0.080719
22
0.050284
32
-0.034994
0
3DFACE
62
163
10
0.080582
20
0.051028
30
-0.034523
11
0.080862
21
0.051398
31
-0.034268
12
0.081266
22
0.051020
32
-0.034442
0
3DFACE
62
163
10
0.080306
20
0.050658
30
-0.034817
11
0.079914
21
0.050782
31
-0.034406
12
0.080582
22
0.051028
32
-0.034523
0
3DFACE
62
163
10
0.080306
20
0.050658
30
-0.034817
11
0.080582
21
0.051028
31
-0.034523
12
0.080719
22
0.050284
32
-0.034994
0
3DFACE
62
163
10
0.080053
20
0.050312
30
-0.035130
11
0.079386
21
0.050069
31
-0.035088
12
0.079914
22
0.050782
32
-0.034406
0
3DFACE
62
163
10
0.080053
20
0.050312
30
-0.035130
11
0.079914
21
0.050782
31
-0.034406
12
0.080306
22
0.050658
32
-0.034817
0
3DFACE
62
163
10
0.080053
20
0.050312
30
-0.035130
11
0.080719
21
0.050284
31
-0.034994
12
0.080229
22
0.049601
32
-0.035661
0
3DFACE
62
163
10
0.080053
20
0.050312
30
-0.035130
11
0.080306
21
0.050658
31
-0.034817
12
0.080719
22
0.050284
32
-0.034994
0
3DFACE
62
163
10
0.079807
20
0.049970
30
-0.035480
11
0.079386
21
0.050069
31
-0.035088
12
0.080053
22
0.050312
32
-0.035130
0
3DFACE
62
163
10
0.079807
20
0.049970
30
-0.035480
11
0.080053
21
0.050312
31
-0.035130
12
0.080229
22
0.049601
32
-0.035661
0
3DFACE
62
163
10
0.079734
20
0.049543
30
-0.035950
11
0.080229
21
0.049601
31
-0.035661
12
0.079810
22
0.048989
32
-0.036425
0
3DFACE
62
163
10
0.079734
20
0.049543
30
-0.035950
11
0.079807
21
0.049970
31
-0.035480
12
0.080229
22
0.049601
32
-0.035661
0
3DFACE
62
163
10
0.079734
20
0.049543
30
-0.035950
11
0.079810
21
0.048989
31
-0.036425
12
0.079545
22
0.049266
32
-0.036313
0
3DFACE
62
163
10
0.079029
20
0.049131
30
-0.036536
11
0.078544
21
0.048853
31
-0.036743
12
0.078926
22
0.049424
32
-0.035870
0
3DFACE
62
163
10
0.079029
20
0.049131
30
-0.036536
11
0.078926
21
0.049424
31
-0.035870
12
0.079198
22
0.049384
32
-0.036167
0
3DFACE
62
163
10
0.079023
20
0.048800
30
-0.037090
11
0.078544
21
0.048853
31
-0.036743
12
0.079029
22
0.049131
32
-0.036536
0
3DFACE
62
163
10
0.078878
20
0.048556
30
-0.037539
11
0.079023
21
0.048800
31
-0.037090
12
0.079468
22
0.048447
32
-0.037277
0
3DFACE
62
163
10
0.078878
20
0.048556
30
-0.037539
11
0.078246
21
0.048356
31
-0.037700
12
0.078544
22
0.048853
32
-0.036743
0
3DFACE
62
163
10
0.078878
20
0.048556
30
-0.037539
11
0.079468
21
0.048447
31
-0.037277
12
0.079211
22
0.047980
32
-0.038208
0
3DFACE
62
163
10
0.078878
20
0.048556
30
-0.037539
11
0.078544
21
0.048853
31
-0.036743
12
0.079023
22
0.048800
32
-0.037090
0
3DFACE
62
163
10
0.078752
20
0.048324
30
-0.038019
11
0.078246
21
0.048356
31
-0.037700
12
0.078878
22
0.048556
32
-0.037539
0
3DFACE
62
163
10
0.078752
20
0.048324
30
-0.038019
11
0.078878
21
0.048556
31
-0.037539
12
0.079211
22
0.047980
32
-0.038208
0
3DFACE
62
163
10
0.078651
20
0.048121
30
-0.038499
11
0.078752
21
0.048324
31
-0.038019
12
0.079211
22
0.047980
32
-0.038208
0
3DFACE
62
163
10
0.078651
20
0.048121
30
-0.038499
11
0.078040
21
0.047945
31
-0.038719
12
0.078246
22
0.048356
32
-0.037700
0
3DFACE
62
163
10
0.078651
20
0.048121
30
-0.038499
11
0.079211
21
0.047980
31
-0.038208
12
0.079045
22
0.047602
32
-0.039195
0
3DFACE
62
163
10
0.078651
20
0.048121
30
-0.038499
11
0.078246
21
0.048356
31
-0.037700
12
0.078752
22
0.048324
32
-0.038019
0
3DFACE
62
163
10
0.078355
20
0.047899
30
-0.039148
11
0.078322
21
0.047800
31
-0.039474
12
0.078040
22
0.047945
32
-0.038719
0
3DFACE
62
163
10
0.078355
20
0.047899
30
-0.039148
11
0.078703
21
0.047713
31
-0.039531
12
0.078322
22
0.047800
32
-0.039474
0
3DFACE
62
163
10
0.078571
20
0.047935
30
-0.039006
11
0.078651
21
0.048121
31
-0.038499
12
0.079045
22
0.047602
32
-0.039195
0
3DFACE
62
163
10
0.078571
20
0.047935
30
-0.039006
11
0.078355
21
0.047899
31
-0.039148
12
0.078040
22
0.047945
32
-0.038719
0
3DFACE
62
163
10
0.078571
20
0.047935
30
-0.039006
11
0.078703
21
0.047713
31
-0.039531
12
0.078355
22
0.047899
32
-0.039148
0
3DFACE
62
163
10
0.078571
20
0.047935
30
-0.039006
11
0.079045
21
0.047602
31
-0.039195
12
0.078703
22
0.047713
32
-0.039531
0
3DFACE
62
163
10
0.078571
20
0.047935
30
-0.039006
11
0.078040
21
0.047945
31
-0.038719
12
0.078651
22
0.048121
32
-0.038499
0
3DFACE
62
163
10
0.078485
20
0.047637
30
-0.040029
11
0.077930
21
0.047629
31
-0.039777
12
0.078322
22
0.047800
32
-0.039474
0
3DFACE
62
163
10
0.078680
20
0.047621
30
-0.039865
11
0.078485
21
0.047637
31
-0.040029
12
0.078322
22
0.047800
32
-0.039474
0
3DFACE
62
163
10
0.078680
20
0.047621
30
-0.039865
11
0.078976
21
0.047317
31
-0.040216
12
0.078485
22
0.047637
32
-0.040029
0
3DFACE
62
163
10
0.078680
20
0.047621
30
-0.039865
11
0.078322
21
0.047800
31
-0.039474
12
0.078703
22
0.047713
32
-0.039531
0
3DFACE
62
163
10
0.078680
20
0.047621
30
-0.039865
11
0.078703
21
0.047713
31
-0.039531
12
0.078976
22
0.047317
32
-0.040216
0
3DFACE
62
163
10
0.078478
20
0.047523
30
-0.040545
11
0.077921
21
0.047402
31
-0.040869
12
0.077930
22
0.047629
32
-0.039777
0
3DFACE
62
163
10
0.078478
20
0.047523
30
-0.040545
11
0.078485
21
0.047637
31
-0.040029
12
0.078976
22
0.047317
32
-0.040216
0
3DFACE
62
163
10
0.078478
20
0.047523
30
-0.040545
11
0.078976
21
0.047317
31
-0.040216
12
0.079007
22
0.047120
32
-0.041269
0
3DFACE
62
163
10
0.078478
20
0.047523
30
-0.040545
11
0.077930
21
0.047629
31
-0.039777
12
0.078485
22
0.047637
32
-0.040029
0
3DFACE
62
163
10
0.078498
20
0.047428
30
-0.041084
11
0.077921
21
0.047402
31
-0.040869
12
0.078478
22
0.047523
32
-0.040545
0
3DFACE
62
163
10
0.078498
20
0.047428
30
-0.041084
11
0.078478
21
0.047523
31
-0.040545
12
0.079007
22
0.047120
32
-0.041269
0
3DFACE
62
163
10
0.078541
20
0.047358
30
-0.041609
11
0.078015
21
0.047270
31
-0.041977
12
0.077921
22
0.047402
32
-0.040869
0
3DFACE
62
163
10
0.078541
20
0.047358
30
-0.041609
11
0.077921
21
0.047402
31
-0.040869
12
0.078498
22
0.047428
32
-0.041084
0
3DFACE
62
163
10
0.078541
20
0.047358
30
-0.041609
11
0.078498
21
0.047428
31
-0.041084
12
0.079007
22
0.047120
32
-0.041269
0
3DFACE
62
163
10
0.078541
20
0.047358
30
-0.041609
11
0.079007
21
0.047120
31
-0.041269
12
0.079139
22
0.047018
32
-0.042328
0
3DFACE
62
163
10
0.078611
20
0.047311
30
-0.042150
11
0.078015
21
0.047270
31
-0.041977
12
0.078541
22
0.047358
32
-0.041609
0
3DFACE
62
163
10
0.078611
20
0.047311
30
-0.042150
11
0.078541
21
0.047358
31
-0.041609
12
0.079139
22
0.047018
32
-0.042328
0
3DFACE
62
163
10
0.078910
20
0.047225
30
-0.042748
11
0.078611
21
0.047311
31
-0.042150
12
0.079139
22
0.047018
32
-0.042328
0
3DFACE
62
163
10
0.078910
20
0.047225
30
-0.042748
11
0.079369
21
0.047012
31
-0.043366
12
0.079004
22
0.047226
32
-0.043157
0
3DFACE
62
163
10
0.078910
20
0.047225
30
-0.042748
11
0.079139
21
0.047018
31
-0.042328
12
0.079369
22
0.047012
32
-0.043366
0
3DFACE
62
163
10
0.078734
20
0.047329
30
-0.043626
11
0.078503
21
0.047295
31
-0.044142
12
0.078209
22
0.047236
32
-0.043073
0
3DFACE
62
163
10
0.078734
20
0.047329
30
-0.043626
11
0.078209
21
0.047236
31
-0.043073
12
0.078620
22
0.047311
32
-0.043200
0
3DFACE
62
163
10
0.078734
20
0.047329
30
-0.043626
11
0.078620
21
0.047311
31
-0.043200
12
0.079004
22
0.047226
32
-0.043157
0
3DFACE
62
163
10
0.078962
20
0.047313
30
-0.043708
11
0.078734
21
0.047329
31
-0.043626
12
0.079004
22
0.047226
32
-0.043157
0
3DFACE
62
163
10
0.078962
20
0.047313
30
-0.043708
11
0.078503
21
0.047295
31
-0.044142
12
0.078734
22
0.047329
32
-0.043626
0
3DFACE
62
163
10
0.078962
20
0.047313
30
-0.043708
11
0.079004
21
0.047226
31
-0.043157
12
0.079369
22
0.047012
32
-0.043366
0
3DFACE
62
163
10
0.078962
20
0.047313
30
-0.043708
11
0.079369
21
0.047012
31
-0.043366
12
0.079699
22
0.047097
32
-0.044378
0
3DFACE
62
163
10
0.079131
20
0.047359
30
-0.044224
11
0.078962
21
0.047313
31
-0.043708
12
0.079699
22
0.047097
32
-0.044378
0
3DFACE
62
163
10
0.079131
20
0.047359
30
-0.044224
11
0.078503
21
0.047295
31
-0.044142
12
0.078962
22
0.047313
32
-0.043708
0
3DFACE
62
163
10
0.079320
20
0.047425
30
-0.044716
11
0.079131
21
0.047359
31
-0.044224
12
0.079699
22
0.047097
32
-0.044378
0
3DFACE
62
163
10
0.079320
20
0.047425
30
-0.044716
11
0.078899
21
0.047445
31
-0.045178
12
0.078503
22
0.047295
32
-0.044142
0
3DFACE
62
163
10
0.079320
20
0.047425
30
-0.044716
11
0.078503
21
0.047295
31
-0.044142
12
0.079131
22
0.047359
32
-0.044224
0
3DFACE
62
163
10
0.079320
20
0.047425
30
-0.044716
11
0.079699
21
0.047097
31
-0.044378
12
0.080127
22
0.047269
32
-0.045347
0
3DFACE
62
163
10
0.079539
20
0.047516
30
-0.045210
11
0.079320
21
0.047425
31
-0.044716
12
0.080127
22
0.047269
32
-0.045347
0
3DFACE
62
163
10
0.079539
20
0.047516
30
-0.045210
11
0.078899
21
0.047445
31
-0.045178
12
0.079320
22
0.047425
32
-0.044716
0
3DFACE
62
163
10
0.079773
20
0.047625
30
-0.045675
11
0.079388
21
0.047683
31
-0.046155
12
0.078899
22
0.047445
32
-0.045178
0
3DFACE
62
163
10
0.079773
20
0.047625
30
-0.045675
11
0.078899
21
0.047445
31
-0.045178
12
0.079539
22
0.047516
32
-0.045210
0
3DFACE
62
163
10
0.079773
20
0.047625
30
-0.045675
11
0.079539
21
0.047516
31
-0.045210
12
0.080127
22
0.047269
32
-0.045347
0
3DFACE
62
163
10
0.079773
20
0.047625
30
-0.045675
11
0.080127
21
0.047269
31
-0.045347
12
0.080641
22
0.047526
32
-0.046247
0
3DFACE
62
163
10
0.079912
20
0.047825
30
-0.046302
11
0.079958
21
0.048001
31
-0.047052
12
0.079388
22
0.047683
32
-0.046155
0
3DFACE
62
163
10
0.079912
20
0.047825
30
-0.046302
11
0.080463
21
0.047820
31
-0.046472
12
0.080109
22
0.047933
32
-0.046608
0
3DFACE
62
163
10
0.079912
20
0.047825
30
-0.046302
11
0.080109
21
0.047933
31
-0.046608
12
0.079958
22
0.048001
32
-0.047052
0
3DFACE
62
163
10
0.080035
20
0.047758
30
-0.046134
11
0.080641
21
0.047526
31
-0.046247
12
0.080463
22
0.047820
32
-0.046472
0
3DFACE
62
163
10
0.080035
20
0.047758
30
-0.046134
11
0.080463
21
0.047820
31
-0.046472
12
0.079912
22
0.047825
32
-0.046302
0
3DFACE
62
163
10
0.080035
20
0.047758
30
-0.046134
11
0.079388
21
0.047683
31
-0.046155
12
0.079773
22
0.047625
32
-0.045675
0
3DFACE
62
163
10
0.080035
20
0.047758
30
-0.046134
11
0.079773
21
0.047625
31
-0.045675
12
0.080641
22
0.047526
32
-0.046247
0
3DFACE
62
163
10
0.080035
20
0.047758
30
-0.046134
11
0.079912
21
0.047825
31
-0.046302
12
0.079388
22
0.047683
32
-0.046155
0
3DFACE
62
163
10
0.080609
20
0.048077
30
-0.046977
11
0.080612
21
0.048394
31
-0.047865
12
0.079958
22
0.048001
32
-0.047052
0
3DFACE
62
163
10
0.080609
20
0.048077
30
-0.046977
11
0.079958
21
0.048001
31
-0.047052
12
0.080109
22
0.047933
32
-0.046608
0
3DFACE
62
163
10
0.080695
20
0.047951
30
-0.046800
11
0.080463
21
0.047820
31
-0.046472
12
0.080641
22
0.047526
32
-0.046247
0
3DFACE
62
163
10
0.080695
20
0.047951
30
-0.046800
11
0.081235
21
0.047859
31
-0.047065
12
0.080609
22
0.048077
32
-0.046977
0
3DFACE
62
163
10
0.080695
20
0.047951
30
-0.046800
11
0.080609
21
0.048077
31
-0.046977
12
0.080109
22
0.047933
32
-0.046608
0
3DFACE
62
163
10
0.080695
20
0.047951
30
-0.046800
11
0.080109
21
0.047933
31
-0.046608
12
0.080463
22
0.047820
32
-0.046472
0
3DFACE
62
163
10
0.080695
20
0.047951
30
-0.046800
11
0.080641
21
0.047526
31
-0.046247
12
0.081235
22
0.047859
32
-0.047065
0
3DFACE
62
163
10
0.080923
20
0.048261
30
-0.047362
11
0.080609
21
0.048077
31
-0.046977
12
0.081235
22
0.047859
32
-0.047065
0
3DFACE
62
163
10
0.080923
20
0.048261
30
-0.047362
11
0.080612
21
0.048394
31
-0.047865
12
0.080609
22
0.048077
32
-0.046977
0
3DFACE
62
163
10
0.081265
20
0.048467
30
-0.047736
11
0.081340
21
0.048854
31
-0.048580
12
0.080612
22
0.048394
32
-0.047865
0
3DFACE
62
163
10
0.081265
20
0.048467
30
-0.047736
11
0.080923
21
0.048261
31
-0.047362
12
0.081235
22
0.047859
32
-0.047065
0
3DFACE
62
163
10
0.081265
20
0.048467
30
-0.047736
11
0.080612
21
0.048394
31
-0.047865
12
0.080923
22
0.048261
32
-0.047362
0
3DFACE
62
163
10
0.081265
20
0.048467
30
-0.047736
11
0.081235
21
0.047859
31
-0.047065
12
0.081909
22
0.048262
32
-0.047795
0
3DFACE
62
163
10
0.081614
20
0.048683
30
-0.048074
11
0.081340
21
0.048854
31
-0.048580
12
0.081265
22
0.048467
32
-0.047736
0
3DFACE
62
163
10
0.081614
20
0.048683
30
-0.048074
11
0.081265
21
0.048467
31
-0.047736
12
0.081909
22
0.048262
32
-0.047795
0
3DFACE
62
163
10
0.081989
20
0.048920
30
-0.048394
11
0.082125
21
0.049370
31
-0.049179
12
0.081340
22
0.048854
32
-0.048580
0
3DFACE
62
163
10
0.081989
20
0.048920
30
-0.048394
11
0.081340
21
0.048854
31
-0.048580
12
0.081614
22
0.048683
32
-0.048074
0
3DFACE
62
163
10
0.081989
20
0.048920
30
-0.048394
11
0.081614
21
0.048683
31
-0.048074
12
0.081909
22
0.048262
32
-0.047795
0
3DFACE
62
163
10
0.081989
20
0.048920
30
-0.048394
11
0.081909
21
0.048262
31
-0.047795
12
0.082647
22
0.048725
32
-0.048417
0
3DFACE
62
163
10
0.082366
20
0.049163
30
-0.048676
11
0.082569
21
0.049461
31
-0.049021
12
0.082125
22
0.049370
32
-0.049179
0
3DFACE
62
163
10
0.082366
20
0.049163
30
-0.048676
11
0.082125
21
0.049370
31
-0.049179
12
0.081989
22
0.048920
32
-0.048394
0
3DFACE
62
163
10
0.082366
20
0.049163
30
-0.048676
11
0.081989
21
0.048920
31
-0.048394
12
0.082647
22
0.048725
32
-0.048417
0
3DFACE
62
163
10
0.082613
20
0.049130
30
-0.048657
11
0.082867
21
0.049296
31
-0.048820
12
0.082569
22
0.049461
32
-0.049021
0
3DFACE
62
163
10
0.082613
20
0.049130
30
-0.048657
11
0.082569
21
0.049461
31
-0.049021
12
0.082366
22
0.049163
32
-0.048676
0
3DFACE
62
163
10
0.082613
20
0.049130
30
-0.048657
11
0.082366
21
0.049163
31
-0.048676
12
0.082647
22
0.048725
32
-0.048417
0
3DFACE
62
163
10
0.082613
20
0.049130
30
-0.048657
11
0.082647
21
0.048725
31
-0.048417
12
0.082867
22
0.049296
32
-0.048820
0
3DFACE
62
163
10
0.082871
20
0.049662
30
-0.049197
11
0.082569
21
0.049461
31
-0.049021
12
0.082867
22
0.049296
32
-0.048820
0
3DFACE
62
163
10
0.082871
20
0.049662
30
-0.049197
11
0.082125
21
0.049370
31
-0.049179
12
0.082569
22
0.049461
32
-0.049021
0
3DFACE
62
163
10
0.082871
20
0.049662
30
-0.049197
11
0.082956
21
0.049932
31
-0.049655
12
0.082125
22
0.049370
32
-0.049179
0
3DFACE
62
163
10
0.083162
20
0.049689
30
-0.049157
11
0.082867
21
0.049296
31
-0.048820
12
0.083432
22
0.049237
32
-0.048919
0
3DFACE
62
163
10
0.083162
20
0.049689
30
-0.049157
11
0.082871
21
0.049662
31
-0.049197
12
0.082867
22
0.049296
32
-0.048820
0
3DFACE
62
163
10
0.083162
20
0.049689
30
-0.049157
11
0.082956
21
0.049932
31
-0.049655
12
0.082871
22
0.049662
32
-0.049197
0
3DFACE
62
163
10
0.083585
20
0.049972
30
-0.049355
11
0.083834
21
0.050531
31
-0.050004
12
0.082956
22
0.049932
32
-0.049655
0
3DFACE
62
163
10
0.083585
20
0.049972
30
-0.049355
11
0.083162
21
0.049689
31
-0.049157
12
0.083432
22
0.049237
32
-0.048919
0
3DFACE
62
163
10
0.083585
20
0.049972
30
-0.049355
11
0.082956
21
0.049932
31
-0.049655
12
0.083162
22
0.049689
32
-0.049157
0
3DFACE
62
163
10
0.083585
20
0.049972
30
-0.049355
11
0.083432
21
0.049237
31
-0.048919
12
0.084265
22
0.049790
32
-0.049299
0
3DFACE
62
163
10
0.084005
20
0.050254
30
-0.049516
11
0.083834
21
0.050531
31
-0.050004
12
0.083585
22
0.049972
32
-0.049355
0
3DFACE
62
163
10
0.084005
20
0.050254
30
-0.049516
11
0.083585
21
0.049972
31
-0.049355
12
0.084265
22
0.049790
32
-0.049299
0
3DFACE
62
163
10
0.084445
20
0.050552
30
-0.049649
11
0.084737
21
0.051155
31
-0.050217
12
0.083834
22
0.050531
32
-0.050004
0
3DFACE
62
163
10
0.084445
20
0.050552
30
-0.049649
11
0.083834
21
0.050531
31
-0.050004
12
0.084005
22
0.050254
32
-0.049516
0
3DFACE
62
163
10
0.084445
20
0.050552
30
-0.049649
11
0.084265
21
0.049790
31
-0.049299
12
0.085131
22
0.050372
32
-0.049547
0
3DFACE
62
163
10
0.084445
20
0.050552
30
-0.049649
11
0.084005
21
0.050254
31
-0.049516
12
0.084265
22
0.049790
32
-0.049299
0
3DFACE
62
163
10
0.084877
20
0.050845
30
-0.049744
11
0.084737
21
0.051155
31
-0.050217
12
0.084445
22
0.050552
32
-0.049649
0
3DFACE
62
163
10
0.084877
20
0.050845
30
-0.049744
11
0.084445
21
0.050552
31
-0.049649
12
0.085131
22
0.050372
32
-0.049547
0
3DFACE
62
163
10
0.085246
20
0.051275
30
-0.049940
11
0.085589
21
0.051512
31
-0.049963
12
0.085645
22
0.051789
32
-0.050290
0
3DFACE
62
163
10
0.085246
20
0.051275
30
-0.049940
11
0.085645
21
0.051789
31
-0.050290
12
0.084737
22
0.051155
32
-0.050217
0
3DFACE
62
163
10
0.085246
20
0.051275
30
-0.049940
11
0.084737
21
0.051155
31
-0.050217
12
0.084877
22
0.050845
32
-0.049744
0
3DFACE
62
163
10
0.086205
20
0.051756
30
-0.049829
11
0.085645
21
0.051789
31
-0.050290
12
0.085589
22
0.051512
32
-0.049963
0
3DFACE
62
163
10
0.086205
20
0.051756
30
-0.049829
11
0.086559
21
0.052424
31
-0.050224
12
0.085645
22
0.051789
32
-0.050290
0
3DFACE
62
163
10
0.086227
20
0.051562
30
-0.049737
11
0.086888
21
0.051567
31
-0.049632
12
0.086205
22
0.051756
32
-0.049829
0
3DFACE
62
163
10
0.086227
20
0.051562
30
-0.049737
11
0.086205
21
0.051756
31
-0.049829
12
0.085589
22
0.051512
32
-0.049963
0
3DFACE
62
163
10
0.086227
20
0.051562
30
-0.049737
11
0.085589
21
0.051512
31
-0.049963
12
0.085815
22
0.051280
32
-0.049737
0
3DFACE
62
163
10
0.086227
20
0.051562
30
-0.049737
11
0.085815
21
0.051280
31
-0.049737
12
0.086008
22
0.050968
32
-0.049658
0
3DFACE
62
163
10
0.086227
20
0.051562
30
-0.049737
11
0.086008
21
0.050968
31
-0.049658
12
0.086888
22
0.051567
32
-0.049632
0
3DFACE
62
163
10
0.086641
20
0.052054
30
-0.049790
11
0.086205
21
0.051756
31
-0.049829
12
0.086888
22
0.051567
32
-0.049632
0
3DFACE
62
163
10
0.086641
20
0.052054
30
-0.049790
11
0.086559
21
0.052424
31
-0.050224
12
0.086205
22
0.051756
32
-0.049829
0
3DFACE
62
163
10
0.087090
20
0.052359
30
-0.049714
11
0.086559
21
0.052424
31
-0.050224
12
0.086641
22
0.052054
32
-0.049790
0
3DFACE
62
163
10
0.087090
20
0.052359
30
-0.049714
11
0.087464
21
0.053049
31
-0.050018
12
0.086559
22
0.052424
32
-0.050224
0
3DFACE
62
163
10
0.087090
20
0.052359
30
-0.049714
11
0.086641
21
0.052054
31
-0.049790
12
0.086888
22
0.051567
32
-0.049632
0
3DFACE
62
163
10
0.087090
20
0.052359
30
-0.049714
11
0.086888
21
0.051567
31
-0.049632
12
0.087766
22
0.052161
32
-0.049468
0
3DFACE
62
163
10
0.087521
20
0.052652
30
-0.049608
11
0.087464
21
0.053049
31
-0.050018
12
0.087090
22
0.052359
32
-0.049714
0
3DFACE
62
163
10
0.087521
20
0.052652
30
-0.049608
11
0.087090
21
0.052359
31
-0.049714
12
0.087766
22
0.052161
32
-0.049468
0
3DFACE
62
163
10
0.087958
20
0.052947
30
-0.049464
11
0.087521
21
0.052652
31
-0.049608
12
0.087766
22
0.052161
32
-0.049468
0
3DFACE
62
163
10
0.087958
20
0.052947
30
-0.049464
11
0.088340
21
0.053649
31
-0.049676
12
0.087464
22
0.053049
32
-0.050018
0
3DFACE
62
163
10
0.087958
20
0.052947
30
-0.049464
11
0.087464
21
0.053049
31
-0.050018
12
0.087521
22
0.052652
32
-0.049608
0
3DFACE
62
163
10
0.087958
20
0.052947
30
-0.049464
11
0.087766
21
0.052161
31
-0.049468
12
0.088620
22
0.052733
32
-0.049168
0
3DFACE
62
163
10
0.088373
20
0.053226
30
-0.049293
11
0.087958
21
0.052947
31
-0.049464
12
0.088620
22
0.052733
32
-0.049168
0
3DFACE
62
163
10
0.088373
20
0.053226
30
-0.049293
11
0.088647
21
0.053598
31
-0.049246
12
0.088340
22
0.053649
32
-0.049676
0
3DFACE
62
163
10
0.088373
20
0.053226
30
-0.049293
11
0.088340
21
0.053649
31
-0.049676
12
0.087958
22
0.052947
32
-0.049464
0
3DFACE
62
163
10
0.088595
20
0.053161
30
-0.049143
11
0.088373
21
0.053226
31
-0.049293
12
0.088620
22
0.052733
32
-0.049168
0
3DFACE
62
163
10
0.088595
20
0.053161
30
-0.049143
11
0.088647
21
0.053598
31
-0.049246
12
0.088373
22
0.053226
32
-0.049293
0
3DFACE
62
163
10
0.088595
20
0.053161
30
-0.049143
11
0.088801
21
0.053299
31
-0.049039
12
0.088647
22
0.053598
32
-0.049246
0
3DFACE
62
163
10
0.088595
20
0.053161
30
-0.049143
11
0.088620
21
0.052733
31
-0.049168
12
0.088801
22
0.053299
32
-0.049039
0
3DFACE
62
163
10
0.089003
20
0.053433
30
-0.048928
11
0.088647
21
0.053598
31
-0.049246
12
0.088801
22
0.053299
32
-0.049039
0
3DFACE
62
163
10
0.089003
20
0.053433
30
-0.048928
11
0.088801
21
0.053299
31
-0.049039
12
0.089432
22
0.053270
32
-0.048742
0
3DFACE
62
163
10
0.089184
20
0.053766
30
-0.048853
11
0.088647
21
0.053598
31
-0.049246
12
0.089003
22
0.053433
32
-0.048928
0
3DFACE
62
163
10
0.089184
20
0.053766
30
-0.048853
11
0.089003
21
0.053433
31
-0.048928
12
0.089432
22
0.053270
32
-0.048742
0
3DFACE
62
163
10
0.089184
20
0.053766
30
-0.048853
11
0.089173
21
0.054213
31
-0.049208
12
0.088647
22
0.053598
32
-0.049246
0
3DFACE
62
163
10
0.089582
20
0.054025
30
-0.048582
11
0.089432
21
0.053270
31
-0.048742
12
0.090204
22
0.053765
32
-0.048191
0
3DFACE
62
163
10
0.089582
20
0.054025
30
-0.048582
11
0.089964
21
0.054732
31
-0.048613
12
0.089173
22
0.054213
32
-0.049208
0
3DFACE
62
163
10
0.089582
20
0.054025
30
-0.048582
11
0.089173
21
0.054213
31
-0.049208
12
0.089184
22
0.053766
32
-0.048853
0
3DFACE
62
163
10
0.089582
20
0.054025
30
-0.048582
11
0.089184
21
0.053766
31
-0.048853
12
0.089432
22
0.053270
32
-0.048742
0
3DFACE
62
163
10
0.089955
20
0.054264
30
-0.048289
11
0.089964
21
0.054732
31
-0.048613
12
0.089582
22
0.054025
32
-0.048582
0
3DFACE
62
163
10
0.089955
20
0.054264
30
-0.048289
11
0.089582
21
0.054025
31
-0.048582
12
0.090204
22
0.053765
32
-0.048191
0
3DFACE
62
163
10
0.090326
20
0.054496
30
-0.047959
11
0.090204
21
0.053765
31
-0.048191
12
0.090919
22
0.054207
32
-0.047525
0
3DFACE
62
163
10
0.090326
20
0.054496
30
-0.047959
11
0.090695
21
0.055195
31
-0.047903
12
0.089964
22
0.054732
32
-0.048613
0
3DFACE
62
163
10
0.090326
20
0.054496
30
-0.047959
11
0.089964
21
0.054732
31
-0.048613
12
0.089955
22
0.054264
32
-0.048289
0
3DFACE
62
163
10
0.090326
20
0.054496
30
-0.047959
11
0.089955
21
0.054264
31
-0.048289
12
0.090204
22
0.053765
32
-0.048191
0
3DFACE
62
163
10
0.090668
20
0.054707
30
-0.047613
11
0.090919
21
0.054207
31
-0.047525
12
0.091307
22
0.054870
32
-0.046867
0
3DFACE
62
163
10
0.090668
20
0.054707
30
-0.047613
11
0.090695
21
0.055195
31
-0.047903
12
0.090326
22
0.054496
32
-0.047959
0
3DFACE
62
163
10
0.090668
20
0.054707
30
-0.047613
11
0.090326
21
0.054496
31
-0.047959
12
0.090919
22
0.054207
32
-0.047525
0
3DFACE
62
163
10
0.090947
20
0.055068
30
-0.047349
11
0.090668
21
0.054707
31
-0.047613
12
0.091307
22
0.054870
32
-0.046867
0
3DFACE
62
163
10
0.090947
20
0.055068
30
-0.047349
11
0.091307
21
0.054870
31
-0.046867
12
0.091213
22
0.055225
32
-0.047013
0
3DFACE
62
163
10
0.090947
20
0.055068
30
-0.047349
11
0.091349
21
0.055591
31
-0.047098
12
0.090695
22
0.055195
32
-0.047903
0
3DFACE
62
163
10
0.090947
20
0.055068
30
-0.047349
11
0.090695
21
0.055195
31
-0.047903
12
0.090668
22
0.054707
32
-0.047613
0
3DFACE
62
163
10
0.090947
20
0.055068
30
-0.047349
11
0.091213
21
0.055225
31
-0.047013
12
0.091349
22
0.055591
32
-0.047098
0
3DFACE
62
163
10
0.091623
20
0.055047
30
-0.046422
11
0.091560
21
0.054583
31
-0.046762
12
0.092125
22
0.054888
32
-0.045910
0
3DFACE
62
163
10
0.091623
20
0.055047
30
-0.046422
11
0.091307
21
0.054870
31
-0.046867
12
0.091560
22
0.054583
32
-0.046762
0
3DFACE
62
163
10
0.091871
20
0.055391
30
-0.045982
11
0.091623
21
0.055047
31
-0.046422
12
0.092125
22
0.054888
32
-0.045910
0
3DFACE
62
163
10
0.092127
20
0.055517
30
-0.045515
11
0.092125
21
0.054888
31
-0.045910
12
0.092609
22
0.055113
32
-0.044980
0
3DFACE
62
163
10
0.092127
20
0.055517
30
-0.045515
11
0.092421
21
0.056156
31
-0.045227
12
0.091927
22
0.055914
32
-0.046202
0
3DFACE
62
163
10
0.092127
20
0.055517
30
-0.045515
11
0.091927
21
0.055914
31
-0.046202
12
0.091871
22
0.055391
32
-0.045982
0
3DFACE
62
163
10
0.092127
20
0.055517
30
-0.045515
11
0.091871
21
0.055391
31
-0.045982
12
0.092125
22
0.054888
32
-0.045910
0
3DFACE
62
163
10
0.092354
20
0.055619
30
-0.045045
11
0.092421
21
0.056156
31
-0.045227
12
0.092127
22
0.055517
32
-0.045515
0
3DFACE
62
163
10
0.092354
20
0.055619
30
-0.045045
11
0.092127
21
0.055517
31
-0.045515
12
0.092609
22
0.055113
32
-0.044980
0
3DFACE
62
163
10
0.092558
20
0.055700
30
-0.044562
11
0.092609
21
0.055113
31
-0.044980
12
0.092998
22
0.055252
32
-0.043994
0
3DFACE
62
163
10
0.092558
20
0.055700
30
-0.044562
11
0.092820
21
0.056310
31
-0.044197
12
0.092421
22
0.056156
32
-0.045227
0
3DFACE
62
163
10
0.092558
20
0.055700
30
-0.044562
11
0.092421
21
0.056156
31
-0.045227
12
0.092354
22
0.055619
32
-0.045045
0
3DFACE
62
163
10
0.092558
20
0.055700
30
-0.044562
11
0.092354
21
0.055619
31
-0.045045
12
0.092609
22
0.055113
32
-0.044980
0
3DFACE
62
163
10
0.092793
20
0.055973
30
-0.043903
11
0.092854
21
0.055988
31
-0.043706
12
0.092820
22
0.056310
32
-0.044197
0
3DFACE
62
163
10
0.092793
20
0.055973
30
-0.043903
11
0.092914
21
0.055602
31
-0.043649
12
0.092854
22
0.055988
32
-0.043706
0
3DFACE
62
163
10
0.092744
20
0.055762
30
-0.044053
11
0.092998
21
0.055252
31
-0.043994
12
0.092914
22
0.055602
32
-0.043649
0
3DFACE
62
163
10
0.092744
20
0.055762
30
-0.044053
11
0.092820
21
0.056310
31
-0.044197
12
0.092558
22
0.055700
32
-0.044562
0
3DFACE
62
163
10
0.092744
20
0.055762
30
-0.044053
11
0.092558
21
0.055700
31
-0.044562
12
0.092998
22
0.055252
32
-0.043994
0
3DFACE
62
163
10
0.092744
20
0.055762
30
-0.044053
11
0.092793
21
0.055973
31
-0.043903
12
0.092820
22
0.056310
32
-0.044197
0
3DFACE
62
163
10
0.092744
20
0.055762
30
-0.044053
11
0.092914
21
0.055602
31
-0.043649
12
0.092793
22
0.055973
32
-0.043903
0
3DFACE
62
163
10
0.092941
20
0.056005
30
-0.043392
11
0.093118
21
0.056375
31
-0.043130
12
0.092854
22
0.055988
32
-0.043706
0
3DFACE
62
163
10
0.092941
20
0.056005
30
-0.043392
11
0.092854
21
0.055988
31
-0.043706
12
0.092914
22
0.055602
32
-0.043649
0
3DFACE
62
163
10
0.093035
20
0.055817
30
-0.043026
11
0.092914
21
0.055602
31
-0.043649
12
0.093289
22
0.055303
32
-0.042972
0
3DFACE
62
163
10
0.093035
20
0.055817
30
-0.043026
11
0.093118
21
0.056375
31
-0.043130
12
0.092941
22
0.056005
32
-0.043392
0
3DFACE
62
163
10
0.093035
20
0.055817
30
-0.043026
11
0.092941
21
0.056005
31
-0.043392
12
0.092914
22
0.055602
32
-0.043649
0
3DFACE
62
163
10
0.093144
20
0.055809
30
-0.042507
11
0.093289
21
0.055303
31
-0.042972
12
0.093483
22
0.055259
32
-0.041920
0
3DFACE
62
163
10
0.093144
20
0.055809
30
-0.042507
11
0.093319
21
0.056344
31
-0.042032
12
0.093118
22
0.056375
32
-0.043130
0
3DFACE
62
163
10
0.093144
20
0.055809
30
-0.042507
11
0.093118
21
0.056375
31
-0.043130
12
0.093035
22
0.055817
32
-0.043026
0
3DFACE
62
163
10
0.093144
20
0.055809
30
-0.042507
11
0.093035
21
0.055817
31
-0.043026
12
0.093289
22
0.055303
32
-0.042972
0
3DFACE
62
163
10
0.093231
20
0.055778
30
-0.041968
11
0.093144
21
0.055809
31
-0.042507
12
0.093483
22
0.055259
32
-0.041920
0
3DFACE
62
163
10
0.093231
20
0.055778
30
-0.041968
11
0.093319
21
0.056344
31
-0.042032
12
0.093144
22
0.055809
32
-0.042507
0
3DFACE
62
163
10
0.093292
20
0.055724
30
-0.041442
11
0.093483
21
0.055259
31
-0.041920
12
0.093577
22
0.055121
32
-0.040861
0
3DFACE
62
163
10
0.093292
20
0.055724
30
-0.041442
11
0.093418
21
0.056217
31
-0.040924
12
0.093319
22
0.056344
32
-0.042032
0
3DFACE
62
163
10
0.093292
20
0.055724
30
-0.041442
11
0.093231
21
0.055778
31
-0.041968
12
0.093483
22
0.055259
32
-0.041920
0
3DFACE
62
163
10
0.093292
20
0.055724
30
-0.041442
11
0.093319
21
0.056344
31
-0.042032
12
0.093231
22
0.055778
32
-0.041968
0
3DFACE
62
163
10
0.093328
20
0.055645
30
-0.040902
11
0.093292
21
0.055724
31
-0.041442
12
0.093577
22
0.055121
32
-0.040861
0
3DFACE
62
163
10
0.093328
20
0.055645
30
-0.040902
11
0.093321
21
0.055657
31
-0.039980
12
0.093418
22
0.056217
32
-0.040924
0
3DFACE
62
163
10
0.093328
20
0.055645
30
-0.040902
11
0.093418
21
0.056217
31
-0.040924
12
0.093292
22
0.055724
32
-0.041442
0
3DFACE
62
163
10
0.093387
20
0.055363
30
-0.040436
11
0.093577
21
0.055121
31
-0.040861
12
0.093568
22
0.054891
32
-0.039822
0
3DFACE
62
163
10
0.093387
20
0.055363
30
-0.040436
11
0.093328
21
0.055645
31
-0.040902
12
0.093577
22
0.055121
32
-0.040861
0
3DFACE
62
163
10
0.093387
20
0.055363
30
-0.040436
11
0.093568
21
0.054891
31
-0.039822
12
0.093379
22
0.055269
32
-0.040023
0
3DFACE
62
163
10
0.093387
20
0.055363
30
-0.040436
11
0.093321
21
0.055657
31
-0.039980
12
0.093328
22
0.055645
32
-0.040902
0
3DFACE
62
163
10
0.093387
20
0.055363
30
-0.040436
11
0.093379
21
0.055269
31
-0.040023
12
0.093321
22
0.055657
32
-0.039980
0
3DFACE
62
163
10
0.093284
20
0.055508
30
-0.039425
11
0.093309
21
0.055685
31
-0.038772
12
0.093413
22
0.055998
32
-0.039835
0
3DFACE
62
163
10
0.093284
20
0.055508
30
-0.039425
11
0.093413
21
0.055998
31
-0.039835
12
0.093321
22
0.055657
32
-0.039980
0
3DFACE
62
163
10
0.093221
20
0.055108
30
-0.038835
11
0.093309
21
0.055685
31
-0.038772
12
0.093284
22
0.055508
32
-0.039425
0
3DFACE
62
163
10
0.093135
20
0.054919
30
-0.038345
11
0.093461
21
0.054569
31
-0.038810
12
0.093260
22
0.054155
32
-0.037841
0
3DFACE
62
163
10
0.093135
20
0.054919
30
-0.038345
11
0.093221
21
0.055108
31
-0.038835
12
0.093461
22
0.054569
32
-0.038810
0
3DFACE
62
163
10
0.093135
20
0.054919
30
-0.038345
11
0.093108
21
0.055277
31
-0.037749
12
0.093309
22
0.055685
32
-0.038772
0
3DFACE
62
163
10
0.093135
20
0.054919
30
-0.038345
11
0.093309
21
0.055685
31
-0.038772
12
0.093221
22
0.055108
32
-0.038835
0
3DFACE
62
163
10
0.093024
20
0.054702
30
-0.037855
11
0.093108
21
0.055277
31
-0.037749
12
0.093135
22
0.054919
32
-0.038345
0
3DFACE
62
163
10
0.093024
20
0.054702
30
-0.037855
11
0.093135
21
0.054919
31
-0.038345
12
0.093260
22
0.054155
32
-0.037841
0
3DFACE
62
163
10
0.092894
20
0.054471
30
-0.037395
11
0.093260
21
0.054155
31
-0.037841
12
0.092970
22
0.053660
32
-0.036940
0
3DFACE
62
163
10
0.092894
20
0.054471
30
-0.037395
11
0.093108
21
0.055277
31
-0.037749
12
0.093024
22
0.054702
32
-0.037855
0
3DFACE
62
163
10
0.092894
20
0.054471
30
-0.037395
11
0.093024
21
0.054702
31
-0.037855
12
0.093260
22
0.054155
32
-0.037841
0
3DFACE
62
163
10
0.092894
20
0.054471
30
-0.037395
11
0.092814
21
0.054786
31
-0.036790
12
0.093108
22
0.055277
32
-0.037749
0
3DFACE
62
163
10
0.092677
20
0.054338
30
-0.036768
11
0.092597
21
0.054215
31
-0.036572
12
0.092814
22
0.054786
32
-0.036790
0
3DFACE
62
163
10
0.092738
20
0.054214
30
-0.036940
11
0.092814
21
0.054786
31
-0.036790
12
0.092894
22
0.054471
32
-0.037395
0
3DFACE
62
163
10
0.092738
20
0.054214
30
-0.036940
11
0.092677
21
0.054338
31
-0.036768
12
0.092814
22
0.054786
32
-0.036790
0
3DFACE
62
163
10
0.092738
20
0.054214
30
-0.036940
11
0.092597
21
0.054215
31
-0.036572
12
0.092677
22
0.054338
32
-0.036768
0
3DFACE
62
163
10
0.092738
20
0.054214
30
-0.036940
11
0.092686
21
0.053854
31
-0.036708
12
0.092597
22
0.054215
32
-0.036572
0
3DFACE
62
163
10
0.092738
20
0.054214
30
-0.036940
11
0.092894
21
0.054471
31
-0.037395
12
0.092970
22
0.053660
32
-0.036940
0
3DFACE
62
163
10
0.092738
20
0.054214
30
-0.036940
11
0.092970
21
0.053660
31
-0.036940
12
0.092686
22
0.053854
32
-0.036708
0
3DFACE
62
163
10
0.092498
20
0.054064
30
-0.036346
11
0.092437
21
0.054220
31
-0.035915
12
0.092597
22
0.054215
32
-0.036572
0
3DFACE
62
163
10
0.092498
20
0.054064
30
-0.036346
11
0.092597
21
0.054215
31
-0.036572
12
0.092686
22
0.053854
32
-0.036708
0
3DFACE
62
163
10
0.092371
20
0.053654
30
-0.036107
11
0.092498
21
0.054064
31
-0.036346
12
0.092686
22
0.053854
32
-0.036708
0
3DFACE
62
163
10
0.092371
20
0.053654
30
-0.036107
11
0.092437
21
0.054220
31
-0.035915
12
0.092498
22
0.054064
32
-0.036346
0
3DFACE
62
163
10
0.092371
20
0.053654
30
-0.036107
11
0.092686
21
0.053854
31
-0.036708
12
0.092597
22
0.053092
32
-0.036122
0
3DFACE
62
163
10
0.092162
20
0.053350
30
-0.035727
11
0.092597
21
0.053092
31
-0.036122
12
0.092149
22
0.052448
32
-0.035391
0
3DFACE
62
163
10
0.092162
20
0.053350
30
-0.035727
11
0.092371
21
0.053654
31
-0.036107
12
0.092597
22
0.053092
32
-0.036122
0
3DFACE
62
163
10
0.092162
20
0.053350
30
-0.035727
11
0.092437
21
0.054220
31
-0.035915
12
0.092371
22
0.053654
32
-0.036107
0
3DFACE
62
163
10
0.092162
20
0.053350
30
-0.035727
11
0.091980
21
0.053576
31
-0.035124
12
0.092437
22
0.054220
32
-0.035915
0
3DFACE
62
163
10
0.091928
20
0.053019
30
-0.035359
11
0.092162
21
0.053350
31
-0.035727
12
0.092149
22
0.052448
32
-0.035391
0
3DFACE
62
163
10
0.091928
20
0.053019
30
-0.035359
11
0.091980
21
0.053576
31
-0.035124
12
0.092162
22
0.053350
32
-0.035727
0
3DFACE
62
163
10
0.091684
20
0.052682
30
-0.035028
11
0.092149
21
0.052448
31
-0.035391
12
0.091636
22
0.051744
32
-0.034768
0
3DFACE
62
163
10
0.091684
20
0.052682
30
-0.035028
11
0.091928
21
0.053019
31
-0.035359
12
0.092149
22
0.052448
32
-0.035391
0
3DFACE
62
163
10
0.091684
20
0.052682
30
-0.035028
11
0.091980
21
0.053576
31
-0.035124
12
0.091928
22
0.053019
32
-0.035359
0
3DFACE
62
163
10
0.091684
20
0.052682
30
-0.035028
11
0.091455
21
0.052866
31
-0.034437
12
0.091980
22
0.053576
32
-0.035124
0
3DFACE
62
163
10
0.091418
20
0.052321
30
-0.034715
11
0.091455
21
0.052866
31
-0.034437
12
0.091684
22
0.052682
32
-0.035028
0
3DFACE
62
163
10
0.091418
20
0.052321
30
-0.034715
11
0.091684
21
0.052682
31
-0.035028
12
0.091636
22
0.051744
32
-0.034768
0
3DFACE
62
163
10
0.091418
20
0.052321
30
-0.034715
11
0.090903
21
0.051866
31
-0.034159
12
0.090873
22
0.052108
32
-0.033869
0
3DFACE
62
163
10
0.091418
20
0.052321
30
-0.034715
11
0.090873
21
0.052108
31
-0.033869
12
0.091455
22
0.052866
32
-0.034437
0
3DFACE
62
163
10
0.091232
20
0.051802
30
-0.034525
11
0.090903
21
0.051866
31
-0.034159
12
0.091418
22
0.052321
32
-0.034715
0
3DFACE
62
163
10
0.091232
20
0.051802
30
-0.034525
11
0.091418
21
0.052321
31
-0.034715
12
0.091636
22
0.051744
32
-0.034768
0
3DFACE
62
163
10
0.091232
20
0.051802
30
-0.034525
11
0.091636
21
0.051744
31
-0.034768
12
0.091047
22
0.051558
32
-0.034360
0
3DFACE
62
163
10
0.091232
20
0.051802
30
-0.034525
11
0.091047
21
0.051558
31
-0.034360
12
0.090903
22
0.051866
32
-0.034159
0
3DFACE
62
163
10
0.090945
20
0.051425
30
-0.034276
11
0.091047
21
0.051558
31
-0.034360
12
0.091072
22
0.050997
32
-0.034264
0
3DFACE
62
163
10
0.090945
20
0.051425
30
-0.034276
11
0.090903
21
0.051866
31
-0.034159
12
0.091047
22
0.051558
32
-0.034360
0
3DFACE
62
163
10
0.090562
20
0.051197
30
-0.033973
11
0.091072
21
0.050997
31
-0.034264
12
0.090463
22
0.050205
32
-0.033884
0
3DFACE
62
163
10
0.090562
20
0.051197
30
-0.033973
11
0.090945
21
0.051425
31
-0.034276
12
0.091072
22
0.050997
32
-0.034264
0
3DFACE
62
163
10
0.090562
20
0.051197
30
-0.033973
11
0.090903
21
0.051866
31
-0.034159
12
0.090945
22
0.051425
32
-0.034276
0
3DFACE
62
163
10
0.090562
20
0.051197
30
-0.033973
11
0.090873
21
0.052108
31
-0.033869
12
0.090903
22
0.051866
32
-0.034159
0
3DFACE
62
163
10
0.090562
20
0.051197
30
-0.033973
11
0.090244
21
0.051305
31
-0.033424
12
0.090873
22
0.052108
32
-0.033869
0
3DFACE
62
163
10
0.090248
20
0.050792
30
-0.033782
11
0.090562
21
0.051197
31
-0.033973
12
0.090463
22
0.050205
32
-0.033884
0
3DFACE
62
163
10
0.090248
20
0.050792
30
-0.033782
11
0.090244
21
0.051305
31
-0.033424
12
0.090562
22
0.051197
32
-0.033973
0
3DFACE
62
163
10
0.089936
20
0.050390
30
-0.033629
11
0.090463
21
0.050205
31
-0.033884
12
0.089823
22
0.049381
32
-0.033634
0
3DFACE
62
163
10
0.089936
20
0.050390
30
-0.033629
11
0.090248
21
0.050792
31
-0.033782
12
0.090463
22
0.050205
32
-0.033884
0
3DFACE
62
163
10
0.089936
20
0.050390
30
-0.033629
11
0.090244
21
0.051305
31
-0.033424
12
0.090248
22
0.050792
32
-0.033782
0
3DFACE
62
163
10
0.089936
20
0.050390
30
-0.033629
11
0.089577
21
0.050464
31
-0.033109
12
0.090244
22
0.051305
32
-0.033424
0
3DFACE
62
163
10
0.089607
20
0.049970
30
-0.033505
11
0.089936
21
0.050390
31
-0.033629
12
0.089823
22
0.049381
32
-0.033634
0
3DFACE
62
163
10
0.089607
20
0.049970
30
-0.033505
11
0.089577
21
0.050464
31
-0.033109
12
0.089936
22
0.050390
32
-0.033629
0
3DFACE
62
163
10
0.089283
20
0.049559
30
-0.033418
11
0.089823
21
0.049381
31
-0.033634
12
0.089167
22
0.048547
32
-0.033522
0
3DFACE
62
163
10
0.089283
20
0.049559
30
-0.033418
11
0.089607
21
0.049970
31
-0.033505
12
0.089823
22
0.049381
32
-0.033634
0
3DFACE
62
163
10
0.089283
20
0.049559
30
-0.033418
11
0.089577
21
0.050464
31
-0.033109
12
0.089607
22
0.049970
32
-0.033505
0
3DFACE
62
163
10
0.089283
20
0.049559
30
-0.033418
11
0.088888
21
0.049603
31
-0.032931
12
0.089577
22
0.050464
32
-0.033109
0
3DFACE
62
163
10
0.089283
20
0.049559
30
-0.033418
11
0.089167
21
0.048547
31
-0.033522
12
0.088864
22
0.048754
32
-0.033443
0
3DFACE
62
163
10
0.088824
20
0.049215
30
-0.033230
11
0.088864
21
0.048754
31
-0.033443
12
0.088648
22
0.048995
32
-0.033217
0
3DFACE
62
163
10
0.088824
20
0.049215
30
-0.033230
11
0.089283
21
0.049559
31
-0.033418
12
0.088864
22
0.048754
32
-0.033443
0
3DFACE
62
163
10
0.088824
20
0.049215
30
-0.033230
11
0.088888
21
0.049603
31
-0.032931
12
0.089283
22
0.049559
32
-0.033418
0
3DFACE
62
163
10
0.088824
20
0.049215
30
-0.033230
11
0.088648
21
0.048995
31
-0.033217
12
0.088888
22
0.049603
32
-0.032931
0
3DFACE
62
163
10
0.088491
20
0.048799
30
-0.033213
11
0.088648
21
0.048995
31
-0.033217
12
0.088864
22
0.048754
32
-0.033443
0
3DFACE
62
163
10
0.088491
20
0.048799
30
-0.033213
11
0.088192
21
0.048740
31
-0.032893
12
0.088648
22
0.048995
32
-0.033217
0
3DFACE
62
163
10
0.088282
20
0.048297
30
-0.033357
11
0.088491
21
0.048799
31
-0.033213
12
0.088864
22
0.048754
32
-0.033443
0
3DFACE
62
163
10
0.088282
20
0.048297
30
-0.033357
11
0.088192
21
0.048740
31
-0.032893
12
0.088491
22
0.048799
32
-0.033213
0
3DFACE
62
163
10
0.088282
20
0.048297
30
-0.033357
11
0.088864
21
0.048754
31
-0.033443
12
0.088509
22
0.047711
32
-0.033547
0
3DFACE
62
163
10
0.087955
20
0.047882
30
-0.033405
11
0.088509
21
0.047711
31
-0.033547
12
0.087856
22
0.046875
32
-0.033710
0
3DFACE
62
163
10
0.087955
20
0.047882
30
-0.033405
11
0.088192
21
0.048740
31
-0.032893
12
0.088282
22
0.048297
32
-0.033357
0
3DFACE
62
163
10
0.087955
20
0.047882
30
-0.033405
11
0.087496
21
0.047873
31
-0.032995
12
0.088192
22
0.048740
32
-0.032893
0
3DFACE
62
163
10
0.087955
20
0.047882
30
-0.033405
11
0.088282
21
0.048297
31
-0.033357
12
0.088509
22
0.047711
32
-0.033547
0
3DFACE
62
163
10
0.087620
20
0.047457
30
-0.033489
11
0.086815
21
0.047018
31
-0.033236
12
0.087496
22
0.047873
32
-0.032995
0
3DFACE
62
163
10
0.087620
20
0.047457
30
-0.033489
11
0.087955
21
0.047882
31
-0.033405
12
0.087856
22
0.046875
32
-0.033710
0
3DFACE
62
163
10
0.087620
20
0.047457
30
-0.033489
11
0.087496
21
0.047873
31
-0.032995
12
0.087955
22
0.047882
32
-0.033405
0
3DFACE
62
163
10
0.087300
20
0.047048
30
-0.033603
11
0.086815
21
0.047018
31
-0.033236
12
0.087620
22
0.047457
32
-0.033489
0
3DFACE
62
163
10
0.087300
20
0.047048
30
-0.033603
11
0.087620
21
0.047457
31
-0.033489
12
0.087856
22
0.046875
32
-0.033710
0
3DFACE
62
163
10
0.086977
20
0.046634
30
-0.033755
11
0.086356
21
0.046089
31
-0.033934
12
0.086165
22
0.046195
32
-0.033610
0
3DFACE
62
163
10
0.086977
20
0.046634
30
-0.033755
11
0.087856
21
0.046875
31
-0.033710
12
0.087226
22
0.046063
32
-0.034009
0
3DFACE
62
163
10
0.086977
20
0.046634
30
-0.033755
11
0.086165
21
0.046195
31
-0.033610
12
0.086815
22
0.047018
32
-0.033236
0
3DFACE
62
163
10
0.086977
20
0.046634
30
-0.033755
11
0.086815
21
0.047018
31
-0.033236
12
0.087300
22
0.047048
32
-0.033603
0
3DFACE
62
163
10
0.086977
20
0.046634
30
-0.033755
11
0.087300
21
0.047048
31
-0.033603
12
0.087856
22
0.046875
32
-0.033710
0
3DFACE
62
163
10
0.086797
20
0.046114
30
-0.034035
11
0.086977
21
0.046634
31
-0.033755
12
0.087226
22
0.046063
32
-0.034009
0
3DFACE
62
163
10
0.086797
20
0.046114
30
-0.034035
11
0.086644
21
0.045915
31
-0.034141
12
0.086356
22
0.046089
32
-0.033934
0
3DFACE
62
163
10
0.086797
20
0.046114
30
-0.034035
11
0.087226
21
0.046063
31
-0.034009
12
0.086644
22
0.045915
32
-0.034141
0
3DFACE
62
163
10
0.086797
20
0.046114
30
-0.034035
11
0.086356
21
0.046089
31
-0.033934
12
0.086977
22
0.046634
32
-0.033755
0
3DFACE
62
163
10
0.086498
20
0.045725
30
-0.034250
11
0.086356
21
0.046089
31
-0.033934
12
0.086644
22
0.045915
32
-0.034141
0
3DFACE
62
163
10
0.086498
20
0.045725
30
-0.034250
11
0.086644
21
0.045915
31
-0.034141
12
0.086634
22
0.045290
32
-0.034434
0
3DFACE
62
163
10
0.086082
20
0.045474
30
-0.034388
11
0.085556
21
0.045412
31
-0.034111
12
0.086356
22
0.046089
32
-0.033934
0
3DFACE
62
163
10
0.086082
20
0.045474
30
-0.034388
11
0.086356
21
0.046089
31
-0.033934
12
0.086498
22
0.045725
32
-0.034250
0
3DFACE
62
163
10
0.086082
20
0.045474
30
-0.034388
11
0.086498
21
0.045725
31
-0.034250
12
0.086634
22
0.045290
32
-0.034434
0
3DFACE
62
163
10
0.085800
20
0.045098
30
-0.034667
11
0.085556
21
0.045412
31
-0.034111
12
0.086082
22
0.045474
32
-0.034388
0
3DFACE
62
163
10
0.085800
20
0.045098
30
-0.034667
11
0.086634
21
0.045290
31
-0.034434
12
0.086085
22
0.044554
32
-0.034984
0
3DFACE
62
163
10
0.085800
20
0.045098
30
-0.034667
11
0.084997
21
0.044672
31
-0.034736
12
0.085556
22
0.045412
32
-0.034111
0
3DFACE
62
163
10
0.085800
20
0.045098
30
-0.034667
11
0.086082
21
0.045474
31
-0.034388
12
0.086634
22
0.045290
32
-0.034434
0
3DFACE
62
163
10
0.085539
20
0.044745
30
-0.034966
11
0.085800
21
0.045098
31
-0.034667
12
0.086085
22
0.044554
32
-0.034984
0
3DFACE
62
163
10
0.085539
20
0.044745
30
-0.034966
11
0.084997
21
0.044672
31
-0.034736
12
0.085800
22
0.045098
32
-0.034667
0
3DFACE
62
163
10
0.085285
20
0.044395
30
-0.035303
11
0.086085
21
0.044554
31
-0.034984
12
0.085595
22
0.043870
32
-0.035649
0
3DFACE
62
163
10
0.085285
20
0.044395
30
-0.035303
11
0.084502
21
0.043991
31
-0.035472
12
0.084997
22
0.044672
32
-0.034736
0
3DFACE
62
163
10
0.085285
20
0.044395
30
-0.035303
11
0.085539
21
0.044745
31
-0.034966
12
0.086085
22
0.044554
32
-0.034984
0
3DFACE
62
163
10
0.085285
20
0.044395
30
-0.035303
11
0.084997
21
0.044672
31
-0.034736
12
0.085539
22
0.044745
32
-0.034966
0
3DFACE
62
163
10
0.085056
20
0.044072
30
-0.035655
11
0.085595
21
0.043870
31
-0.035649
12
0.084903
22
0.043523
32
-0.036313
0
3DFACE
62
163
10
0.085056
20
0.044072
30
-0.035655
11
0.085285
21
0.044395
31
-0.035303
12
0.085595
22
0.043870
32
-0.035649
0
3DFACE
62
163
10
0.085056
20
0.044072
30
-0.035655
11
0.084502
21
0.043991
31
-0.035472
12
0.085285
22
0.044395
32
-0.035303
0
3DFACE
62
163
10
0.084677
20
0.043819
30
-0.035929
11
0.084556
21
0.043642
31
-0.036167
12
0.084502
22
0.043991
32
-0.035472
0
3DFACE
62
163
10
0.084677
20
0.043819
30
-0.035929
11
0.084903
21
0.043523
31
-0.036313
12
0.084556
22
0.043642
32
-0.036167
0
3DFACE
62
163
10
0.084677
20
0.043819
30
-0.035929
11
0.084502
21
0.043991
31
-0.035472
12
0.085056
22
0.044072
32
-0.035655
0
3DFACE
62
163
10
0.084677
20
0.043819
30
-0.035929
11
0.085056
21
0.044072
31
-0.035655
12
0.084903
22
0.043523
32
-0.036313
0
3DFACE
62
163
10
0.084478
20
0.043527
30
-0.036329
11
0.084081
21
0.043385
31
-0.036300
12
0.084556
22
0.043642
32
-0.036167
0
3DFACE
62
163
10
0.084478
20
0.043527
30
-0.036329
11
0.084556
21
0.043642
31
-0.036167
12
0.084903
22
0.043523
32
-0.036313
0
3DFACE
62
163
10
0.084463
20
0.043190
30
-0.036868
11
0.085175
21
0.043256
31
-0.036411
12
0.084831
22
0.042713
32
-0.037262
0
3DFACE
62
163
10
0.084463
20
0.043190
30
-0.036868
11
0.084903
21
0.043523
31
-0.036313
12
0.085175
22
0.043256
32
-0.036411
0
3DFACE
62
163
10
0.084463
20
0.043190
30
-0.036868
11
0.083741
21
0.042849
31
-0.037217
12
0.084081
22
0.043385
32
-0.036300
0
3DFACE
62
163
10
0.084463
20
0.043190
30
-0.036868
11
0.084081
21
0.043385
31
-0.036300
12
0.084478
22
0.043527
32
-0.036329
0
3DFACE
62
163
10
0.084463
20
0.043190
30
-0.036868
11
0.084478
21
0.043527
31
-0.036329
12
0.084903
22
0.043523
32
-0.036313
0
3DFACE
62
163
10
0.084308
20
0.042936
30
-0.037307
11
0.083741
21
0.042849
31
-0.037217
12
0.084463
22
0.043190
32
-0.036868
0
3DFACE
62
163
10
0.084308
20
0.042936
30
-0.037307
11
0.084463
21
0.043190
31
-0.036868
12
0.084831
22
0.042713
32
-0.037262
0
3DFACE
62
163
10
0.084170
20
0.042694
30
-0.037778
11
0.084308
21
0.042936
31
-0.037307
12
0.084831
22
0.042713
32
-0.037262
0
3DFACE
62
163
10
0.084170
20
0.042694
30
-0.037778
11
0.084831
21
0.042713
31
-0.037262
12
0.084572
22
0.042245
32
-0.038192
0
3DFACE
62
163
10
0.084170
20
0.042694
30
-0.037778
11
0.083488
21
0.042394
31
-0.038209
12
0.083741
22
0.042849
32
-0.037217
0
3DFACE
62
163
10
0.084170
20
0.042694
30
-0.037778
11
0.083741
21
0.042849
31
-0.037217
12
0.084308
22
0.042936
32
-0.037307
0
3DFACE
62
163
10
0.084058
20
0.042480
30
-0.038252
11
0.084170
21
0.042694
31
-0.037778
12
0.084572
22
0.042245
32
-0.038192
0
3DFACE
62
163
10
0.084058
20
0.042480
30
-0.038252
11
0.083488
21
0.042394
31
-0.038209
12
0.084170
22
0.042694
32
-0.037778
0
3DFACE
62
163
10
0.083966
20
0.042282
30
-0.038753
11
0.083488
21
0.042394
31
-0.038209
12
0.084058
22
0.042480
32
-0.038252
0
3DFACE
62
163
10
0.083966
20
0.042282
30
-0.038753
11
0.084572
21
0.042245
31
-0.038192
12
0.084406
22
0.041865
32
-0.039178
0
3DFACE
62
163
10
0.083966
20
0.042282
30
-0.038753
11
0.083331
21
0.042031
31
-0.039249
12
0.083488
22
0.042394
32
-0.038209
0
3DFACE
62
163
10
0.083966
20
0.042282
30
-0.038753
11
0.083680
21
0.042058
31
-0.039474
12
0.083331
22
0.042031
32
-0.039249
0
3DFACE
62
163
10
0.083966
20
0.042282
30
-0.038753
11
0.084058
21
0.042480
31
-0.038252
12
0.084572
22
0.042245
32
-0.038192
0
3DFACE
62
163
10
0.084079
20
0.042028
30
-0.039343
11
0.084061
21
0.041971
31
-0.039531
12
0.083680
22
0.042058
32
-0.039474
0
3DFACE
62
163
10
0.084079
20
0.042028
30
-0.039343
11
0.083680
21
0.042058
31
-0.039474
12
0.083966
22
0.042282
32
-0.038753
0
3DFACE
62
163
10
0.084079
20
0.042028
30
-0.039343
11
0.083966
21
0.042282
31
-0.038753
12
0.084406
22
0.041865
32
-0.039178
0
3DFACE
62
163
10
0.084079
20
0.042028
30
-0.039343
11
0.084406
21
0.041865
31
-0.039178
12
0.084061
22
0.041971
32
-0.039531
0
3DFACE
62
163
10
0.084039
20
0.041881
30
-0.039856
11
0.083680
21
0.042058
31
-0.039474
12
0.084061
22
0.041971
32
-0.039531
0
3DFACE
62
163
10
0.084039
20
0.041881
30
-0.039856
11
0.084061
21
0.041971
31
-0.039531
12
0.084334
22
0.041578
32
-0.040199
0
3DFACE
62
163
10
0.083837
20
0.041836
30
-0.040280
11
0.084039
21
0.041881
31
-0.039856
12
0.084334
22
0.041578
32
-0.040199
0
3DFACE
62
163
10
0.083837
20
0.041836
30
-0.040280
11
0.083680
21
0.042058
31
-0.039474
12
0.084039
22
0.041881
32
-0.039856
0
3DFACE
62
163
10
0.083837
20
0.041836
30
-0.040280
11
0.083271
21
0.041760
31
-0.040325
12
0.083680
22
0.042058
32
-0.039474
0
3DFACE
62
163
10
0.083843
20
0.041730
30
-0.040816
11
0.083271
21
0.041760
31
-0.040325
12
0.083837
22
0.041836
32
-0.040280
0
3DFACE
62
163
10
0.083843
20
0.041730
30
-0.040816
11
0.084334
21
0.041578
31
-0.040199
12
0.084364
22
0.041380
32
-0.041251
0
3DFACE
62
163
10
0.083843
20
0.041730
30
-0.040816
11
0.083314
21
0.041581
31
-0.041428
12
0.083271
22
0.041760
32
-0.040325
0
3DFACE
62
163
10
0.083843
20
0.041730
30
-0.040816
11
0.083837
21
0.041836
31
-0.040280
12
0.084334
22
0.041578
32
-0.040199
0
3DFACE
62
163
10
0.083874
20
0.041649
30
-0.041340
11
0.083843
21
0.041730
31
-0.040816
12
0.084364
22
0.041380
32
-0.041251
0
3DFACE
62
163
10
0.083874
20
0.041649
30
-0.041340
11
0.083314
21
0.041581
31
-0.041428
12
0.083843
22
0.041730
32
-0.040816
0
3DFACE
62
163
10
0.083931
20
0.041589
30
-0.041882
11
0.083874
21
0.041649
31
-0.041340
12
0.084364
22
0.041380
32
-0.041251
0
3DFACE
62
163
10
0.083931
20
0.041589
30
-0.041882
11
0.083314
21
0.041581
31
-0.041428
12
0.083874
22
0.041649
32
-0.041340
0
3DFACE
62
163
10
0.083931
20
0.041589
30
-0.041882
11
0.084364
21
0.041380
31
-0.041251
12
0.084495
22
0.041277
32
-0.042310
0
3DFACE
62
163
10
0.083931
20
0.041589
30
-0.041882
11
0.083459
21
0.041498
31
-0.042534
12
0.083314
22
0.041581
32
-0.041428
0
3DFACE
62
163
10
0.084011
20
0.041555
30
-0.042405
11
0.083931
21
0.041589
31
-0.041882
12
0.084495
22
0.041277
32
-0.042310
0
3DFACE
62
163
10
0.084011
20
0.041555
30
-0.042405
11
0.084495
21
0.041277
31
-0.042310
12
0.084362
22
0.041484
32
-0.043157
0
3DFACE
62
163
10
0.084011
20
0.041555
30
-0.042405
11
0.083459
21
0.041498
31
-0.042534
12
0.083931
22
0.041589
32
-0.041882
0
3DFACE
62
163
10
0.083899
20
0.041566
30
-0.042851
11
0.083979
21
0.041569
31
-0.043200
12
0.083703
22
0.041512
32
-0.043616
0
3DFACE
62
163
10
0.083899
20
0.041566
30
-0.042851
11
0.083459
21
0.041498
31
-0.042534
12
0.084011
22
0.041555
32
-0.042405
0
3DFACE
62
163
10
0.083899
20
0.041566
30
-0.042851
11
0.084011
21
0.041555
31
-0.042405
12
0.084362
22
0.041484
32
-0.043157
0
3DFACE
62
163
10
0.083899
20
0.041566
30
-0.042851
11
0.084362
21
0.041484
31
-0.043157
12
0.083979
22
0.041569
32
-0.043200
0
3DFACE
62
163
10
0.083899
20
0.041566
30
-0.042851
11
0.083703
21
0.041512
31
-0.043616
12
0.083459
22
0.041498
32
-0.042534
0
3DFACE
62
163
10
0.084022
20
0.041574
30
-0.043371
11
0.083703
21
0.041512
31
-0.043616
12
0.083979
22
0.041569
32
-0.043200
0
3DFACE
62
163
10
0.084022
20
0.041574
30
-0.043371
11
0.083979
21
0.041569
31
-0.043200
12
0.084362
22
0.041484
32
-0.043157
0
3DFACE
62
163
10
0.084402
20
0.041591
30
-0.043969
11
0.083703
21
0.041512
31
-0.043616
12
0.084022
22
0.041574
32
-0.043371
0
3DFACE
62
163
10
0.084402
20
0.041591
30
-0.043969
11
0.084723
21
0.041269
31
-0.043349
12
0.085051
22
0.041352
32
-0.044362
0
3DFACE
62
163
10
0.084402
20
0.041591
30
-0.043969
11
0.084022
21
0.041574
31
-0.043371
12
0.084362
22
0.041484
32
-0.043157
0
3DFACE
62
163
10
0.084402
20
0.041591
30
-0.043969
11
0.084362
21
0.041484
31
-0.043157
12
0.084723
22
0.041269
32
-0.043349
0
3DFACE
62
163
10
0.084402
20
0.041591
30
-0.043969
11
0.084049
21
0.041618
31
-0.044671
12
0.083703
22
0.041512
32
-0.043616
0
3DFACE
62
163
10
0.084579
20
0.041646
30
-0.044466
11
0.084402
21
0.041591
31
-0.043969
12
0.085051
22
0.041352
32
-0.044362
0
3DFACE
62
163
10
0.084579
20
0.041646
30
-0.044466
11
0.084049
21
0.041618
31
-0.044671
12
0.084402
22
0.041591
32
-0.043969
0
3DFACE
62
163
10
0.084785
20
0.041726
30
-0.044967
11
0.085051
21
0.041352
31
-0.044362
12
0.085477
22
0.041523
32
-0.045331
0
3DFACE
62
163
10
0.084785
20
0.041726
30
-0.044967
11
0.084579
21
0.041646
31
-0.044466
12
0.085051
22
0.041352
32
-0.044362
0
3DFACE
62
163
10
0.084785
20
0.041726
30
-0.044967
11
0.084049
21
0.041618
31
-0.044671
12
0.084579
22
0.041646
32
-0.044466
0
3DFACE
62
163
10
0.084785
20
0.041726
30
-0.044967
11
0.084493
21
0.041812
31
-0.045680
12
0.084049
22
0.041618
32
-0.044671
0
3DFACE
62
163
10
0.085008
20
0.041824
30
-0.045439
11
0.084493
21
0.041812
31
-0.045680
12
0.084785
22
0.041726
32
-0.044967
0
3DFACE
62
163
10
0.085008
20
0.041824
30
-0.045439
11
0.084785
21
0.041726
31
-0.044967
12
0.085477
22
0.041523
32
-0.045331
0
3DFACE
62
163
10
0.085138
20
0.042012
30
-0.046083
11
0.084493
21
0.041812
31
-0.045680
12
0.085008
22
0.041824
32
-0.045439
0
3DFACE
62
163
10
0.085138
20
0.042012
30
-0.046083
11
0.085467
21
0.042191
31
-0.046608
12
0.085024
22
0.042092
32
-0.046619
0
3DFACE
62
163
10
0.085138
20
0.042012
30
-0.046083
11
0.085024
21
0.042092
31
-0.046619
12
0.084493
22
0.041812
32
-0.045680
0
3DFACE
62
163
10
0.085700
20
0.042323
30
-0.046937
11
0.085024
21
0.042092
31
-0.046619
12
0.085467
22
0.042191
32
-0.046608
0
3DFACE
62
163
10
0.085700
20
0.042323
30
-0.046937
11
0.085636
21
0.042448
31
-0.047474
12
0.085024
22
0.042092
32
-0.046619
0
3DFACE
62
163
10
0.085700
20
0.042323
30
-0.046937
11
0.085467
21
0.042191
31
-0.046608
12
0.085821
22
0.042078
32
-0.046472
0
3DFACE
62
163
10
0.086118
20
0.042422
30
-0.047168
11
0.085700
21
0.042323
31
-0.046937
12
0.085821
22
0.042078
32
-0.046472
0
3DFACE
62
163
10
0.086118
20
0.042422
30
-0.047168
11
0.085636
21
0.042448
31
-0.047474
12
0.085700
22
0.042323
32
-0.046937
0
3DFACE
62
163
10
0.086118
20
0.042422
30
-0.047168
11
0.085821
21
0.042078
31
-0.046472
12
0.086582
22
0.042110
32
-0.047052
0
3DFACE
62
163
10
0.086440
20
0.042614
30
-0.047542
11
0.086118
21
0.042422
31
-0.047168
12
0.086582
22
0.042110
32
-0.047052
0
3DFACE
62
163
10
0.086440
20
0.042614
30
-0.047542
11
0.086582
21
0.042110
31
-0.047052
12
0.087255
22
0.042512
32
-0.047783
0
3DFACE
62
163
10
0.086440
20
0.042614
30
-0.047542
11
0.085636
21
0.042448
31
-0.047474
12
0.086118
22
0.042422
32
-0.047168
0
3DFACE
62
163
10
0.086440
20
0.042614
30
-0.047542
11
0.086329
21
0.042876
31
-0.048240
12
0.085636
22
0.042448
32
-0.047474
0
3DFACE
62
163
10
0.086792
20
0.042828
30
-0.047904
11
0.086329
21
0.042876
31
-0.048240
12
0.086440
22
0.042614
32
-0.047542
0
3DFACE
62
163
10
0.086792
20
0.042828
30
-0.047904
11
0.086440
21
0.042614
31
-0.047542
12
0.087255
22
0.042512
32
-0.047783
0
3DFACE
62
163
10
0.087148
20
0.043051
30
-0.048229
11
0.086329
21
0.042876
31
-0.048240
12
0.086792
22
0.042828
32
-0.047904
0
3DFACE
62
163
10
0.087148
20
0.043051
30
-0.048229
11
0.087255
21
0.042512
31
-0.047783
12
0.087992
22
0.042975
32
-0.048408
0
3DFACE
62
163
10
0.087148
20
0.043051
30
-0.048229
11
0.086792
21
0.042828
31
-0.047904
12
0.087255
22
0.042512
32
-0.047783
0
3DFACE
62
163
10
0.087148
20
0.043051
30
-0.048229
11
0.087089
21
0.043366
31
-0.048898
12
0.086329
22
0.042876
32
-0.048240
0
3DFACE
62
163
10
0.087530
20
0.043295
30
-0.048535
11
0.087148
21
0.043051
31
-0.048229
12
0.087992
22
0.042975
32
-0.048408
0
3DFACE
62
163
10
0.087530
20
0.043295
30
-0.048535
11
0.087089
21
0.043366
31
-0.048898
12
0.087148
22
0.043051
32
-0.048229
0
3DFACE
62
163
10
0.087530
20
0.043295
30
-0.048535
11
0.087928
21
0.043719
31
-0.049021
12
0.087089
22
0.043366
32
-0.048898
0
3DFACE
62
163
10
0.087965
20
0.043384
30
-0.048653
11
0.087992
21
0.042975
31
-0.048408
12
0.088225
22
0.043554
32
-0.048820
0
3DFACE
62
163
10
0.087965
20
0.043384
30
-0.048653
11
0.088225
21
0.043554
31
-0.048820
12
0.087928
22
0.043719
32
-0.049021
0
3DFACE
62
163
10
0.087965
20
0.043384
30
-0.048653
11
0.087530
21
0.043295
31
-0.048535
12
0.087992
22
0.042975
32
-0.048408
0
3DFACE
62
163
10
0.087965
20
0.043384
30
-0.048653
11
0.087928
21
0.043719
31
-0.049021
12
0.087530
22
0.043295
32
-0.048535
0
3DFACE
62
163
10
0.088314
20
0.043810
30
-0.049047
11
0.087897
21
0.043906
31
-0.049435
12
0.087928
22
0.043719
32
-0.049021
0
3DFACE
62
163
10
0.088314
20
0.043810
30
-0.049047
11
0.087928
21
0.043719
31
-0.049021
12
0.088225
22
0.043554
32
-0.048820
0
3DFACE
62
163
10
0.088361
20
0.043644
30
-0.048902
11
0.088225
21
0.043554
31
-0.048820
12
0.088776
22
0.043486
32
-0.048912
0
3DFACE
62
163
10
0.088361
20
0.043644
30
-0.048902
11
0.088314
21
0.043810
31
-0.049047
12
0.088225
22
0.043554
32
-0.048820
0
3DFACE
62
163
10
0.088361
20
0.043644
30
-0.048902
11
0.088776
21
0.043486
31
-0.048912
12
0.088314
22
0.043810
32
-0.049047
0
3DFACE
62
163
10
0.088719
20
0.044079
30
-0.049255
11
0.087897
21
0.043906
31
-0.049435
12
0.088314
22
0.043810
32
-0.049047
0
3DFACE
62
163
10
0.088719
20
0.044079
30
-0.049255
11
0.088776
21
0.043486
31
-0.048912
12
0.089608
22
0.044038
32
-0.049294
0
3DFACE
62
163
10
0.088719
20
0.044079
30
-0.049255
11
0.088753
21
0.044488
31
-0.049848
12
0.087897
22
0.043906
32
-0.049435
0
3DFACE
62
163
10
0.088719
20
0.044079
30
-0.049255
11
0.088314
21
0.043810
31
-0.049047
12
0.088776
22
0.043486
32
-0.048912
0
3DFACE
62
163
10
0.089147
20
0.044366
30
-0.049438
11
0.088719
21
0.044079
31
-0.049255
12
0.089608
22
0.044038
32
-0.049294
0
3DFACE
62
163
10
0.089147
20
0.044366
30
-0.049438
11
0.088753
21
0.044488
31
-0.049848
12
0.088719
22
0.044079
32
-0.049255
0
3DFACE
62
163
10
0.089571
20
0.044652
30
-0.049583
11
0.089608
21
0.044038
31
-0.049294
12
0.090474
22
0.044620
32
-0.049544
0
3DFACE
62
163
10
0.089571
20
0.044652
30
-0.049583
11
0.089646
21
0.045102
31
-0.050129
12
0.088753
22
0.044488
32
-0.049848
0
3DFACE
62
163
10
0.089571
20
0.044652
30
-0.049583
11
0.089147
21
0.044366
31
-0.049438
12
0.089608
22
0.044038
32
-0.049294
0
3DFACE
62
163
10
0.089571
20
0.044652
30
-0.049583
11
0.088753
21
0.044488
31
-0.049848
12
0.089147
22
0.044366
32
-0.049438
0
3DFACE
62
163
10
0.090014
20
0.044952
30
-0.049699
11
0.089646
21
0.045102
31
-0.050129
12
0.089571
22
0.044652
32
-0.049583
0
3DFACE
62
163
10
0.090014
20
0.044952
30
-0.049699
11
0.089571
21
0.044652
31
-0.049583
12
0.090474
22
0.044620
32
-0.049544
0
3DFACE
62
163
10
0.090447
20
0.045247
30
-0.049778
11
0.089646
21
0.045102
31
-0.050129
12
0.090014
22
0.044952
32
-0.049699
0
3DFACE
62
163
10
0.090447
20
0.045247
30
-0.049778
11
0.090948
21
0.045770
31
-0.049963
12
0.090554
22
0.045732
32
-0.050271
0
3DFACE
62
163
10
0.090447
20
0.045247
30
-0.049778
11
0.090554
21
0.045732
31
-0.050271
12
0.089646
22
0.045102
32
-0.050129
0
3DFACE
62
163
10
0.090447
20
0.045247
30
-0.049778
11
0.090014
21
0.044952
31
-0.049699
12
0.090474
22
0.044620
32
-0.049544
0
3DFACE
62
163
10
0.090693
20
0.045209
30
-0.049698
11
0.091174
21
0.045538
31
-0.049737
12
0.090948
22
0.045770
32
-0.049963
0
3DFACE
62
163
10
0.090693
20
0.045209
30
-0.049698
11
0.090948
21
0.045770
31
-0.049963
12
0.090447
22
0.045247
32
-0.049778
0
3DFACE
62
163
10
0.090693
20
0.045209
30
-0.049698
11
0.090474
21
0.044620
31
-0.049544
12
0.091352
22
0.045216
32
-0.049658
0
3DFACE
62
163
10
0.090693
20
0.045209
30
-0.049698
11
0.091352
21
0.045216
31
-0.049658
12
0.091174
22
0.045538
32
-0.049737
0
3DFACE
62
163
10
0.090693
20
0.045209
30
-0.049698
11
0.090447
21
0.045247
31
-0.049778
12
0.090474
22
0.044620
32
-0.049544
0
3DFACE
62
163
10
0.091266
20
0.045989
30
-0.049966
11
0.090554
21
0.045732
31
-0.050271
12
0.090948
22
0.045770
32
-0.049963
0
3DFACE
62
163
10
0.091266
20
0.045989
30
-0.049966
11
0.090948
21
0.045770
31
-0.049963
12
0.091174
22
0.045538
32
-0.049737
0
3DFACE
62
163
10
0.091266
20
0.045989
30
-0.049966
11
0.091464
21
0.046368
31
-0.050274
12
0.090554
22
0.045732
32
-0.050271
0
3DFACE
62
163
10
0.091776
20
0.046159
30
-0.049814
11
0.091266
21
0.045989
31
-0.049966
12
0.091174
22
0.045538
32
-0.049737
0
3DFACE
62
163
10
0.091776
20
0.046159
30
-0.049814
11
0.091464
21
0.046368
31
-0.050274
12
0.091266
22
0.045989
32
-0.049966
0
3DFACE
62
163
10
0.091776
20
0.046159
30
-0.049814
11
0.091174
21
0.045538
31
-0.049737
12
0.092231
22
0.045815
32
-0.049634
0
3DFACE
62
163
10
0.092212
20
0.046457
30
-0.049759
11
0.091776
21
0.046159
31
-0.049814
12
0.092231
22
0.045815
32
-0.049634
0
3DFACE
62
163
10
0.092212
20
0.046457
30
-0.049759
11
0.092231
21
0.045815
31
-0.049634
12
0.093110
22
0.046409
32
-0.049472
0
3DFACE
62
163
10
0.092212
20
0.046457
30
-0.049759
11
0.091464
21
0.046368
31
-0.050274
12
0.091776
22
0.046159
32
-0.049814
0
3DFACE
62
163
10
0.092212
20
0.046457
30
-0.049759
11
0.092376
21
0.047000
31
-0.050137
12
0.091464
22
0.046368
32
-0.050274
0
3DFACE
62
163
10
0.092659
20
0.046760
30
-0.049667
11
0.092212
21
0.046457
31
-0.049759
12
0.093110
22
0.046409
32
-0.049472
0
3DFACE
62
163
10
0.092659
20
0.046760
30
-0.049667
11
0.092376
21
0.047000
31
-0.050137
12
0.092212
22
0.046457
32
-0.049759
0
3DFACE
62
163
10
0.093087
20
0.047050
30
-0.049544
11
0.092376
21
0.047000
31
-0.050137
12
0.092659
22
0.046760
32
-0.049667
0
3DFACE
62
163
10
0.093087
20
0.047050
30
-0.049544
11
0.093110
21
0.046409
31
-0.049472
12
0.093964
22
0.046981
32
-0.049174
0
3DFACE
62
163
10
0.093087
20
0.047050
30
-0.049544
11
0.092659
21
0.046760
31
-0.049667
12
0.093110
22
0.046409
32
-0.049472
0
3DFACE
62
163
10
0.093087
20
0.047050
30
-0.049544
11
0.093270
21
0.047614
31
-0.049862
12
0.092376
22
0.047000
32
-0.050137
0
3DFACE
62
163
10
0.093520
20
0.047342
30
-0.049384
11
0.093087
21
0.047050
31
-0.049544
12
0.093964
22
0.046981
32
-0.049174
0
3DFACE
62
163
10
0.093520
20
0.047342
30
-0.049384
11
0.093270
21
0.047614
31
-0.049862
12
0.093087
22
0.047050
32
-0.049544
0
3DFACE
62
163
10
0.093520
20
0.047342
30
-0.049384
11
0.094005
21
0.047856
31
-0.049246
12
0.093270
22
0.047614
32
-0.049862
0
3DFACE
62
163
10
0.093946
20
0.047414
30
-0.049146
11
0.094005
21
0.047856
31
-0.049246
12
0.093520
22
0.047342
32
-0.049384
0
3DFACE
62
163
10
0.093946
20
0.047414
30
-0.049146
11
0.093520
21
0.047342
31
-0.049384
12
0.093964
22
0.046981
32
-0.049174
0
3DFACE
62
163
10
0.093946
20
0.047414
30
-0.049146
11
0.093964
21
0.046981
31
-0.049174
12
0.094159
22
0.047556
32
-0.049039
0
3DFACE
62
163
10
0.093946
20
0.047414
30
-0.049146
11
0.094159
21
0.047556
31
-0.049039
12
0.094005
22
0.047856
32
-0.049246
0
3DFACE
62
163
10
0.094355
20
0.047686
30
-0.048932
11
0.094159
21
0.047556
31
-0.049039
12
0.094777
22
0.047519
32
-0.048750
0
3DFACE
62
163
10
0.094355
20
0.047686
30
-0.048932
11
0.094005
21
0.047856
31
-0.049246
12
0.094159
22
0.047556
32
-0.049039
0
3DFACE
62
163
10
0.094732
20
0.048147
30
-0.048728
11
0.094005
21
0.047856
31
-0.049246
12
0.094355
22
0.047686
32
-0.048932
0
3DFACE
62
163
10
0.094732
20
0.048147
30
-0.048728
11
0.094777
21
0.047519
31
-0.048750
12
0.095549
22
0.048015
32
-0.048201
0
3DFACE
62
163
10
0.094732
20
0.048147
30
-0.048728
11
0.094355
21
0.047686
31
-0.048932
12
0.094777
22
0.047519
32
-0.048750
0
3DFACE
62
163
10
0.094732
20
0.048147
30
-0.048728
11
0.094123
21
0.048196
31
-0.049456
12
0.094005
22
0.047856
32
-0.049246
0
3DFACE
62
163
10
0.094732
20
0.048147
30
-0.048728
11
0.094937
21
0.048739
31
-0.048922
12
0.094123
22
0.048196
32
-0.049456
0
3DFACE
62
163
10
0.095124
20
0.048400
30
-0.048443
11
0.094732
21
0.048147
31
-0.048728
12
0.095549
22
0.048015
32
-0.048201
0
3DFACE
62
163
10
0.095124
20
0.048400
30
-0.048443
11
0.094937
21
0.048739
31
-0.048922
12
0.094732
22
0.048147
32
-0.048728
0
3DFACE
62
163
10
0.095491
20
0.048633
30
-0.048136
11
0.094937
21
0.048739
31
-0.048922
12
0.095124
22
0.048400
32
-0.048443
0
3DFACE
62
163
10
0.095491
20
0.048633
30
-0.048136
11
0.095549
21
0.048015
31
-0.048201
12
0.096266
22
0.048458
32
-0.047537
0
3DFACE
62
163
10
0.095491
20
0.048633
30
-0.048136
11
0.095124
21
0.048400
31
-0.048443
12
0.095549
22
0.048015
32
-0.048201
0
3DFACE
62
163
10
0.095491
20
0.048633
30
-0.048136
11
0.095700
21
0.049232
31
-0.048268
12
0.094937
22
0.048739
32
-0.048922
0
3DFACE
62
163
10
0.095853
20
0.048858
30
-0.047793
11
0.095491
21
0.048633
31
-0.048136
12
0.096266
22
0.048458
32
-0.047537
0
3DFACE
62
163
10
0.095853
20
0.048858
30
-0.047793
11
0.095700
21
0.049232
31
-0.048268
12
0.095491
22
0.048633
32
-0.048136
0
3DFACE
62
163
10
0.096187
20
0.049061
30
-0.047436
11
0.096908
21
0.048835
31
-0.046776
12
0.096665
22
0.049128
32
-0.046867
0
3DFACE
62
163
10
0.096187
20
0.049061
30
-0.047436
11
0.095853
21
0.048858
31
-0.047793
12
0.096266
22
0.048458
32
-0.047537
0
3DFACE
62
163
10
0.096187
20
0.049061
30
-0.047436
11
0.095700
21
0.049232
31
-0.048268
12
0.095853
22
0.048858
32
-0.047793
0
3DFACE
62
163
10
0.096187
20
0.049061
30
-0.047436
11
0.096266
21
0.048458
31
-0.047537
12
0.096908
22
0.048835
32
-0.046776
0
3DFACE
62
163
10
0.096187
20
0.049061
30
-0.047436
11
0.096394
21
0.049662
31
-0.047507
12
0.095700
22
0.049232
32
-0.048268
0
3DFACE
62
163
10
0.096465
20
0.049420
30
-0.047152
11
0.096571
21
0.049482
31
-0.047013
12
0.096394
22
0.049662
32
-0.047507
0
3DFACE
62
163
10
0.096465
20
0.049420
30
-0.047152
11
0.096665
21
0.049128
31
-0.046867
12
0.096571
22
0.049482
32
-0.047013
0
3DFACE
62
163
10
0.096465
20
0.049420
30
-0.047152
11
0.096394
21
0.049662
31
-0.047507
12
0.096187
22
0.049061
32
-0.047436
0
3DFACE
62
163
10
0.096465
20
0.049420
30
-0.047152
11
0.096187
21
0.049061
31
-0.047436
12
0.096665
22
0.049128
32
-0.046867
0
3DFACE
62
163
10
0.096765
20
0.049594
30
-0.046746
11
0.097008
21
0.050021
31
-0.046657
12
0.096571
22
0.049482
32
-0.047013
0
3DFACE
62
163
10
0.096765
20
0.049594
30
-0.046746
11
0.096571
21
0.049482
31
-0.047013
12
0.096665
22
0.049128
32
-0.046867
0
3DFACE
62
163
10
0.097094
20
0.049579
30
-0.046207
11
0.097008
21
0.050021
31
-0.046657
12
0.096765
22
0.049594
32
-0.046746
0
3DFACE
62
163
10
0.097094
20
0.049579
30
-0.046207
11
0.096665
21
0.049128
31
-0.046867
12
0.096908
22
0.048835
32
-0.046776
0
3DFACE
62
163
10
0.097094
20
0.049579
30
-0.046207
11
0.096765
21
0.049594
31
-0.046746
12
0.096665
22
0.049128
32
-0.046867
0
3DFACE
62
163
10
0.097094
20
0.049579
30
-0.046207
11
0.096908
21
0.048835
31
-0.046776
12
0.097474
22
0.049141
32
-0.045925
0
3DFACE
62
163
10
0.097353
20
0.049711
30
-0.045763
11
0.097008
21
0.050021
31
-0.046657
12
0.097094
22
0.049579
32
-0.046207
0
3DFACE
62
163
10
0.097353
20
0.049711
30
-0.045763
11
0.097094
21
0.049579
31
-0.046207
12
0.097474
22
0.049141
32
-0.045925
0
3DFACE
62
163
10
0.097353
20
0.049711
30
-0.045763
11
0.097474
21
0.049141
31
-0.045925
12
0.097959
22
0.049367
32
-0.044996
0
3DFACE
62
163
10
0.097353
20
0.049711
30
-0.045763
11
0.097546
21
0.050304
31
-0.045718
12
0.097008
22
0.050021
32
-0.046657
0
3DFACE
62
163
10
0.097599
20
0.049827
30
-0.045287
11
0.097353
21
0.049711
31
-0.045763
12
0.097959
22
0.049367
32
-0.044996
0
3DFACE
62
163
10
0.097599
20
0.049827
30
-0.045287
11
0.097546
21
0.050304
31
-0.045718
12
0.097353
22
0.049711
32
-0.045763
0
3DFACE
62
163
10
0.097815
20
0.049919
30
-0.044811
11
0.097599
21
0.049827
31
-0.045287
12
0.097959
22
0.049367
32
-0.044996
0
3DFACE
62
163
10
0.097815
20
0.049919
30
-0.044811
11
0.097546
21
0.050304
31
-0.045718
12
0.097599
22
0.049827
32
-0.045287
0
3DFACE
62
163
10
0.097815
20
0.049919
30
-0.044811
11
0.097959
21
0.049367
31
-0.044996
12
0.098351
22
0.049508
32
-0.044011
0
3DFACE
62
163
10
0.097815
20
0.049919
30
-0.044811
11
0.097993
21
0.050502
31
-0.044712
12
0.097546
22
0.050304
32
-0.045718
0
3DFACE
62
163
10
0.098013
20
0.049992
30
-0.044307
11
0.098212
21
0.050246
31
-0.043706
12
0.097993
22
0.050502
32
-0.044712
0
3DFACE
62
163
10
0.098013
20
0.049992
30
-0.044307
11
0.097993
21
0.050502
31
-0.044712
12
0.097815
22
0.049919
32
-0.044811
0
3DFACE
62
163
10
0.098013
20
0.049992
30
-0.044307
11
0.097815
21
0.049919
31
-0.044811
12
0.098351
22
0.049508
32
-0.044011
0
3DFACE
62
163
10
0.098213
20
0.049846
30
-0.043842
11
0.098272
21
0.049860
31
-0.043649
12
0.098212
22
0.050246
32
-0.043706
0
3DFACE
62
163
10
0.098213
20
0.049846
30
-0.043842
11
0.098212
21
0.050246
31
-0.043706
12
0.098013
22
0.049992
32
-0.044307
0
3DFACE
62
163
10
0.098213
20
0.049846
30
-0.043842
11
0.098351
21
0.049508
31
-0.044011
12
0.098272
22
0.049860
32
-0.043649
0
3DFACE
62
163
10
0.098213
20
0.049846
30
-0.043842
11
0.098013
21
0.049992
31
-0.044307
12
0.098351
22
0.049508
32
-0.044011
0
3DFACE
62
163
10
0.098363
20
0.049876
30
-0.043328
11
0.098212
21
0.050246
31
-0.043706
12
0.098272
22
0.049860
32
-0.043649
0
3DFACE
62
163
10
0.098363
20
0.049876
30
-0.043328
11
0.098272
21
0.049860
31
-0.043649
12
0.098643
22
0.049560
32
-0.042990
0
3DFACE
62
163
10
0.098449
20
0.050074
30
-0.042774
11
0.098341
21
0.050612
31
-0.043663
12
0.098212
22
0.050246
32
-0.043706
0
3DFACE
62
163
10
0.098449
20
0.050074
30
-0.042774
11
0.098212
21
0.050246
31
-0.043706
12
0.098363
22
0.049876
32
-0.043328
0
3DFACE
62
163
10
0.098449
20
0.050074
30
-0.042774
11
0.098363
21
0.049876
31
-0.043328
12
0.098643
22
0.049560
32
-0.042990
0
3DFACE
62
163
10
0.098449
20
0.050074
30
-0.042774
11
0.098591
21
0.050629
31
-0.042578
12
0.098341
22
0.050612
32
-0.043663
0
3DFACE
62
163
10
0.098549
20
0.050054
30
-0.042236
11
0.098643
21
0.049560
31
-0.042990
12
0.098839
22
0.049518
32
-0.041938
0
3DFACE
62
163
10
0.098549
20
0.050054
30
-0.042236
11
0.098449
21
0.050074
31
-0.042774
12
0.098643
22
0.049560
32
-0.042990
0
3DFACE
62
163
10
0.098549
20
0.050054
30
-0.042236
11
0.098591
21
0.050629
31
-0.042578
12
0.098449
22
0.050074
32
-0.042774
0
3DFACE
62
163
10
0.098549
20
0.050054
30
-0.042236
11
0.098741
21
0.050550
31
-0.041472
12
0.098591
22
0.050629
32
-0.042578
0
3DFACE
62
163
10
0.098622
20
0.050012
30
-0.041711
11
0.098549
21
0.050054
31
-0.042236
12
0.098839
22
0.049518
32
-0.041938
0
3DFACE
62
163
10
0.098622
20
0.050012
30
-0.041711
11
0.098741
21
0.050550
31
-0.041472
12
0.098549
22
0.050054
32
-0.042236
0
3DFACE
62
163
10
0.098671
20
0.049945
30
-0.041170
11
0.098839
21
0.049518
31
-0.041938
12
0.098934
22
0.049381
32
-0.040879
0
3DFACE
62
163
10
0.098671
20
0.049945
30
-0.041170
11
0.098741
21
0.050550
31
-0.041472
12
0.098622
22
0.050012
32
-0.041711
0
3DFACE
62
163
10
0.098671
20
0.049945
30
-0.041170
11
0.098787
21
0.050375
31
-0.040370
12
0.098741
22
0.050550
32
-0.041472
0
3DFACE
62
163
10
0.098671
20
0.049945
30
-0.041170
11
0.098622
21
0.050012
31
-0.041711
12
0.098839
22
0.049518
32
-0.041938
0
3DFACE
62
163
10
0.098694
20
0.049857
30
-0.040648
11
0.098787
21
0.050375
31
-0.040370
12
0.098671
22
0.049945
32
-0.041170
0
3DFACE
62
163
10
0.098694
20
0.049857
30
-0.040648
11
0.098934
21
0.049381
31
-0.040879
12
0.098737
22
0.049526
32
-0.040023
0
3DFACE
62
163
10
0.098694
20
0.049857
30
-0.040648
11
0.098671
21
0.049945
31
-0.041170
12
0.098934
22
0.049381
32
-0.040879
0
3DFACE
62
163
10
0.098686
20
0.049965
30
-0.040197
11
0.098679
21
0.049915
31
-0.039980
12
0.098787
22
0.050375
32
-0.040370
0
3DFACE
62
163
10
0.098686
20
0.049965
30
-0.040197
11
0.098787
21
0.050375
31
-0.040370
12
0.098694
22
0.049857
32
-0.040648
0
3DFACE
62
163
10
0.098686
20
0.049965
30
-0.040197
11
0.098694
21
0.049857
31
-0.040648
12
0.098737
22
0.049526
32
-0.040023
0
3DFACE
62
163
10
0.098686
20
0.049965
30
-0.040197
11
0.098737
21
0.049526
31
-0.040023
12
0.098679
22
0.049915
32
-0.039980
0
3DFACE
62
163
10
0.098663
20
0.049837
30
-0.039679
11
0.098731
21
0.050109
31
-0.039295
12
0.098679
22
0.049915
32
-0.039980
0
3DFACE
62
163
10
0.098665
20
0.049613
30
-0.039608
11
0.098731
21
0.050109
31
-0.039295
12
0.098663
22
0.049837
32
-0.039679
0
3DFACE
62
163
10
0.098665
20
0.049613
30
-0.039608
11
0.098737
21
0.049526
31
-0.040023
12
0.098927
22
0.049154
32
-0.039840
0
3DFACE
62
163
10
0.098665
20
0.049613
30
-0.039608
11
0.098663
21
0.049837
31
-0.039679
12
0.098679
22
0.049915
32
-0.039980
0
3DFACE
62
163
10
0.098665
20
0.049613
30
-0.039608
11
0.098679
21
0.049915
31
-0.039980
12
0.098737
22
0.049526
32
-0.040023
0
3DFACE
62
163
10
0.098613
20
0.049454
30
-0.039089
11
0.098927
21
0.049154
31
-0.039840
12
0.098822
22
0.048833
32
-0.038827
0
3DFACE
62
163
10
0.098613
20
0.049454
30
-0.039089
11
0.098731
21
0.050109
31
-0.039295
12
0.098665
22
0.049613
32
-0.039608
0
3DFACE
62
163
10
0.098613
20
0.049454
30
-0.039089
11
0.098665
21
0.049613
31
-0.039608
12
0.098927
22
0.049154
32
-0.039840
0
3DFACE
62
163
10
0.098613
20
0.049454
30
-0.039089
11
0.098577
21
0.049748
31
-0.038249
12
0.098731
22
0.050109
32
-0.039295
0
3DFACE
62
163
10
0.098540
20
0.049276
30
-0.038595
11
0.098613
21
0.049454
31
-0.039089
12
0.098822
22
0.048833
32
-0.038827
0
3DFACE
62
163
10
0.098540
20
0.049276
30
-0.038595
11
0.098577
21
0.049748
31
-0.038249
12
0.098613
22
0.049454
32
-0.039089
0
3DFACE
62
163
10
0.098441
20
0.049070
30
-0.038097
11
0.098822
21
0.048833
31
-0.038827
12
0.098623
22
0.048420
32
-0.037857
0
3DFACE
62
163
10
0.098441
20
0.049070
30
-0.038097
11
0.098540
21
0.049276
31
-0.038595
12
0.098822
22
0.048833
32
-0.038827
0
3DFACE
62
163
10
0.098441
20
0.049070
30
-0.038097
11
0.098329
21
0.049297
31
-0.037255
12
0.098577
22
0.049748
32
-0.038249
0
3DFACE
62
163
10
0.098441
20
0.049070
30
-0.038097
11
0.098577
21
0.049748
31
-0.038249
12
0.098540
22
0.049276
32
-0.038595
0
3DFACE
62
163
10
0.098322
20
0.048849
30
-0.037628
11
0.098329
21
0.049297
31
-0.037255
12
0.098441
22
0.049070
32
-0.038097
0
3DFACE
62
163
10
0.098322
20
0.048849
30
-0.037628
11
0.098441
21
0.049070
31
-0.038097
12
0.098623
22
0.048420
32
-0.037857
0
3DFACE
62
163
10
0.098117
20
0.048724
30
-0.036985
11
0.097956
21
0.048472
31
-0.036572
12
0.097992
22
0.048767
32
-0.036338
0
3DFACE
62
163
10
0.098117
20
0.048724
30
-0.036985
11
0.098044
21
0.048112
31
-0.036708
12
0.097956
22
0.048472
32
-0.036572
0
3DFACE
62
163
10
0.098117
20
0.048724
30
-0.036985
11
0.097992
21
0.048767
31
-0.036338
12
0.098329
22
0.049297
32
-0.037255
0
3DFACE
62
163
10
0.098177
20
0.048602
30
-0.037164
11
0.098322
21
0.048849
31
-0.037628
12
0.098623
22
0.048420
32
-0.037857
0
3DFACE
62
163
10
0.098177
20
0.048602
30
-0.037164
11
0.098044
21
0.048112
31
-0.036708
12
0.098117
22
0.048724
32
-0.036985
0
3DFACE
62
163
10
0.098177
20
0.048602
30
-0.037164
11
0.098117
21
0.048724
31
-0.036985
12
0.098329
22
0.049297
32
-0.037255
0
3DFACE
62
163
10
0.098177
20
0.048602
30
-0.037164
11
0.098329
21
0.049297
31
-0.037255
12
0.098322
22
0.048849
32
-0.037628
0
3DFACE
62
163
10
0.098177
20
0.048602
30
-0.037164
11
0.098333
21
0.047927
31
-0.036954
12
0.098044
22
0.048112
32
-0.036708
0
3DFACE
62
163
10
0.098177
20
0.048602
30
-0.037164
11
0.098623
21
0.048420
31
-0.037857
12
0.098333
22
0.047927
32
-0.036954
0
3DFACE
62
163
10
0.097903
20
0.047896
30
-0.036390
11
0.097956
21
0.048472
31
-0.036572
12
0.098044
22
0.048112
32
-0.036708
0
3DFACE
62
163
10
0.097903
20
0.047896
30
-0.036390
11
0.098044
21
0.048112
31
-0.036708
12
0.098333
22
0.047927
32
-0.036954
0
3DFACE
62
163
10
0.097903
20
0.047896
30
-0.036390
11
0.098333
21
0.047927
31
-0.036954
12
0.097962
22
0.047359
32
-0.036135
0
3DFACE
62
163
10
0.097629
20
0.047766
30
-0.035919
11
0.097903
21
0.047896
31
-0.036390
12
0.097962
22
0.047359
32
-0.036135
0
3DFACE
62
163
10
0.097629
20
0.047766
30
-0.035919
11
0.097992
21
0.048767
31
-0.036338
12
0.097956
22
0.048472
32
-0.036572
0
3DFACE
62
163
10
0.097629
20
0.047766
30
-0.035919
11
0.097956
21
0.048472
31
-0.036572
12
0.097903
22
0.047896
32
-0.036390
0
3DFACE
62
163
10
0.097629
20
0.047766
30
-0.035919
11
0.097574
21
0.048161
31
-0.035504
12
0.097992
22
0.048767
32
-0.036338
0
3DFACE
62
163
10
0.097404
20
0.047443
30
-0.035539
11
0.097629
21
0.047766
31
-0.035919
12
0.097962
22
0.047359
32
-0.036135
0
3DFACE
62
163
10
0.097404
20
0.047443
30
-0.035539
11
0.097574
21
0.048161
31
-0.035504
12
0.097629
22
0.047766
32
-0.035919
0
3DFACE
62
163
10
0.097404
20
0.047443
30
-0.035539
11
0.097962
21
0.047359
31
-0.036135
12
0.097515
22
0.046717
32
-0.035403
0
3DFACE
62
163
10
0.097404
20
0.047443
30
-0.035539
11
0.097081
21
0.047482
31
-0.034763
12
0.097574
22
0.048161
32
-0.035504
0
3DFACE
62
163
10
0.097169
20
0.047114
30
-0.035194
11
0.097404
21
0.047443
31
-0.035539
12
0.097515
22
0.046717
32
-0.035403
0
3DFACE
62
163
10
0.097169
20
0.047114
30
-0.035194
11
0.097081
21
0.047482
31
-0.034763
12
0.097404
22
0.047443
32
-0.035539
0
3DFACE
62
163
10
0.096910
20
0.046759
30
-0.034866
11
0.097081
21
0.047482
31
-0.034763
12
0.097169
22
0.047114
32
-0.035194
0
3DFACE
62
163
10
0.096910
20
0.046759
30
-0.034866
11
0.097169
21
0.047114
31
-0.035194
12
0.097515
22
0.046717
32
-0.035403
0
3DFACE
62
163
10
0.096910
20
0.046759
30
-0.034866
11
0.097515
21
0.046717
31
-0.035403
12
0.097003
22
0.046014
32
-0.034777
0
3DFACE
62
163
10
0.096910
20
0.046759
30
-0.034866
11
0.096525
21
0.046745
31
-0.034134
12
0.097081
22
0.047482
32
-0.034763
0
3DFACE
62
163
10
0.096646
20
0.046404
30
-0.034577
11
0.096525
21
0.046745
31
-0.034134
12
0.096910
22
0.046759
32
-0.034866
0
3DFACE
62
163
10
0.096646
20
0.046404
30
-0.034577
11
0.096910
21
0.046759
31
-0.034866
12
0.097003
22
0.046014
32
-0.034777
0
3DFACE
62
163
10
0.096646
20
0.046404
30
-0.034577
11
0.097003
21
0.046014
31
-0.034777
12
0.096405
22
0.045816
32
-0.034360
0
3DFACE
62
163
10
0.096401
20
0.046306
30
-0.034281
11
0.096525
21
0.046745
31
-0.034134
12
0.096646
22
0.046404
32
-0.034577
0
3DFACE
62
163
10
0.096401
20
0.046306
30
-0.034281
11
0.096646
21
0.046404
31
-0.034577
12
0.096405
22
0.045816
32
-0.034360
0
3DFACE
62
163
10
0.096401
20
0.046306
30
-0.034281
11
0.096261
21
0.046124
31
-0.034159
12
0.096525
22
0.046745
32
-0.034134
0
3DFACE
62
163
10
0.096401
20
0.046306
30
-0.034281
11
0.096405
21
0.045816
31
-0.034360
12
0.096261
22
0.046124
32
-0.034159
0
3DFACE
62
163
10
0.096111
20
0.045930
30
-0.034038
11
0.095919
21
0.045966
31
-0.033629
12
0.096261
22
0.046124
32
-0.034159
0
3DFACE
62
163
10
0.096111
20
0.045930
30
-0.034038
11
0.096261
21
0.046124
31
-0.034159
12
0.096405
22
0.045816
32
-0.034360
0
3DFACE
62
163
10
0.096072
20
0.045651
30
-0.034080
11
0.096111
21
0.045930
31
-0.034038
12
0.096405
22
0.045816
32
-0.034360
0
3DFACE
62
163
10
0.096072
20
0.045651
30
-0.034080
11
0.095919
21
0.045966
31
-0.033629
12
0.096111
22
0.045930
32
-0.034038
0
3DFACE
62
163
10
0.096072
20
0.045651
30
-0.034080
11
0.096405
21
0.045816
31
-0.034360
12
0.096440
22
0.045267
32
-0.034272
0
3DFACE
62
163
10
0.095764
20
0.045252
30
-0.033873
11
0.095919
21
0.045966
31
-0.033629
12
0.096072
22
0.045651
32
-0.034080
0
3DFACE
62
163
10
0.095764
20
0.045252
30
-0.033873
11
0.096072
21
0.045651
31
-0.034080
12
0.096440
22
0.045267
32
-0.034272
0
3DFACE
62
163
10
0.095764
20
0.045252
30
-0.033873
11
0.096440
21
0.045267
31
-0.034272
12
0.095832
22
0.044476
32
-0.033889
0
3DFACE
62
163
10
0.095764
20
0.045252
30
-0.033873
11
0.095269
21
0.045142
31
-0.033248
12
0.095919
22
0.045966
32
-0.033629
0
3DFACE
62
163
10
0.095455
20
0.044854
30
-0.033704
11
0.095269
21
0.045142
31
-0.033248
12
0.095764
22
0.045252
32
-0.033873
0
3DFACE
62
163
10
0.095455
20
0.044854
30
-0.033704
11
0.095764
21
0.045252
31
-0.033873
12
0.095832
22
0.044476
32
-0.033889
0
3DFACE
62
163
10
0.095129
20
0.044437
30
-0.033562
11
0.094589
21
0.044288
31
-0.033002
12
0.095269
22
0.045142
32
-0.033248
0
3DFACE
62
163
10
0.095129
20
0.044437
30
-0.033562
11
0.095269
21
0.045142
31
-0.033248
12
0.095455
22
0.044854
32
-0.033704
0
3DFACE
62
163
10
0.095129
20
0.044437
30
-0.033562
11
0.095455
21
0.044854
31
-0.033704
12
0.095832
22
0.044476
32
-0.033889
0
3DFACE
62
163
10
0.095129
20
0.044437
30
-0.033562
11
0.095832
21
0.044476
31
-0.033889
12
0.095192
22
0.043652
32
-0.033637
0
3DFACE
62
163
10
0.094807
20
0.044027
30
-0.033458
11
0.094589
21
0.044288
31
-0.033002
12
0.095129
22
0.044437
32
-0.033562
0
3DFACE
62
163
10
0.094807
20
0.044027
30
-0.033458
11
0.095129
21
0.044437
31
-0.033562
12
0.095192
22
0.043652
32
-0.033637
0
3DFACE
62
163
10
0.094347
20
0.043680
30
-0.033251
11
0.093895
21
0.043425
31
-0.032895
12
0.094589
22
0.044288
32
-0.033002
0
3DFACE
62
163
10
0.094347
20
0.043680
30
-0.033251
11
0.094589
21
0.044288
31
-0.033002
12
0.094807
22
0.044027
32
-0.033458
0
3DFACE
62
163
10
0.094347
20
0.043680
30
-0.033251
11
0.094006
21
0.043253
31
-0.033217
12
0.093895
22
0.043425
32
-0.032895
0
3DFACE
62
163
10
0.093921
20
0.042631
30
-0.033443
11
0.094222
21
0.043011
31
-0.033443
12
0.094537
22
0.042818
32
-0.033523
0
3DFACE
62
163
10
0.093921
20
0.042631
30
-0.033443
11
0.094006
21
0.043253
31
-0.033217
12
0.094222
22
0.043011
32
-0.033443
0
3DFACE
62
163
10
0.093921
20
0.042631
30
-0.033443
11
0.094537
21
0.042818
31
-0.033523
12
0.093878
22
0.041982
32
-0.033545
0
3DFACE
62
163
10
0.093481
20
0.042352
30
-0.033376
11
0.093921
21
0.042631
31
-0.033443
12
0.093878
22
0.041982
32
-0.033545
0
3DFACE
62
163
10
0.093144
20
0.041925
30
-0.033443
11
0.092508
21
0.041696
31
-0.033100
12
0.093198
22
0.042559
32
-0.032927
0
3DFACE
62
163
10
0.093144
20
0.041925
30
-0.033443
11
0.093198
21
0.042559
31
-0.032927
12
0.093481
22
0.042352
32
-0.033376
0
3DFACE
62
163
10
0.093144
20
0.041925
30
-0.033443
11
0.093481
21
0.042352
31
-0.033376
12
0.093878
22
0.041982
32
-0.033545
0
3DFACE
62
163
10
0.093144
20
0.041925
30
-0.033443
11
0.093878
21
0.041982
31
-0.033545
12
0.093225
22
0.041147
32
-0.033707
0
3DFACE
62
163
10
0.092822
20
0.041514
30
-0.033540
11
0.092508
21
0.041696
31
-0.033100
12
0.093144
22
0.041925
32
-0.033443
0
3DFACE
62
163
10
0.092822
20
0.041514
30
-0.033540
11
0.093144
21
0.041925
31
-0.033443
12
0.093225
22
0.041147
32
-0.033707
0
3DFACE
62
163
10
0.092504
20
0.041109
30
-0.033671
11
0.091840
21
0.040855
31
-0.033409
12
0.092508
22
0.041696
32
-0.033100
0
3DFACE
62
163
10
0.092504
20
0.041109
30
-0.033671
11
0.092508
21
0.041696
31
-0.033100
12
0.092822
22
0.041514
32
-0.033540
0
3DFACE
62
163
10
0.092504
20
0.041109
30
-0.033671
11
0.092822
21
0.041514
31
-0.033540
12
0.093225
22
0.041147
32
-0.033707
0
3DFACE
62
163
10
0.092504
20
0.041109
30
-0.033671
11
0.093225
21
0.041147
31
-0.033707
12
0.092595
22
0.040334
32
-0.034003
0
3DFACE
62
163
10
0.092185
20
0.040699
30
-0.033838
11
0.092595
21
0.040334
31
-0.034003
12
0.092002
22
0.040173
32
-0.034141
0
3DFACE
62
163
10
0.092185
20
0.040699
30
-0.033838
11
0.091840
21
0.040855
31
-0.033409
12
0.092504
22
0.041109
32
-0.033671
0
3DFACE
62
163
10
0.092185
20
0.040699
30
-0.033838
11
0.092504
21
0.041109
31
-0.033671
12
0.092595
22
0.040334
32
-0.034003
0
3DFACE
62
163
10
0.091883
20
0.040564
30
-0.033818
11
0.091714
21
0.040346
31
-0.033934
12
0.091840
22
0.040855
32
-0.033409
0
3DFACE
62
163
10
0.091883
20
0.040564
30
-0.033818
11
0.092002
21
0.040173
31
-0.034141
12
0.091714
22
0.040346
32
-0.033934
0
3DFACE
62
163
10
0.091883
20
0.040564
30
-0.033818
11
0.091840
21
0.040855
31
-0.033409
12
0.092185
22
0.040699
32
-0.033838
0
3DFACE
62
163
10
0.091883
20
0.040564
30
-0.033818
11
0.092185
21
0.040699
31
-0.033838
12
0.092002
22
0.040173
32
-0.034141
0
3DFACE
62
163
10
0.091861
20
0.039989
30
-0.034246
11
0.091714
21
0.040346
31
-0.033934
12
0.092002
22
0.040173
32
-0.034141
0
3DFACE
62
163
10
0.091861
20
0.039989
30
-0.034246
11
0.092002
21
0.040173
31
-0.034141
12
0.092001
22
0.039560
32
-0.034426
0
3DFACE
62
163
10
0.091585
20
0.039922
30
-0.034262
11
0.091211
21
0.040053
31
-0.033847
12
0.091714
22
0.040346
32
-0.033934
0
3DFACE
62
163
10
0.091585
20
0.039922
30
-0.034262
11
0.091714
21
0.040346
31
-0.033934
12
0.091861
22
0.039989
32
-0.034246
0
3DFACE
62
163
10
0.091585
20
0.039922
30
-0.034262
11
0.091861
21
0.039989
31
-0.034246
12
0.092001
22
0.039560
32
-0.034426
0
3DFACE
62
163
10
0.091305
20
0.039553
30
-0.034516
11
0.090625
21
0.039289
31
-0.034412
12
0.091211
22
0.040053
32
-0.033847
0
3DFACE
62
163
10
0.091305
20
0.039553
30
-0.034516
11
0.091211
21
0.040053
31
-0.033847
12
0.091585
22
0.039922
32
-0.034262
0
3DFACE
62
163
10
0.091305
20
0.039553
30
-0.034516
11
0.092001
21
0.039560
31
-0.034426
12
0.091452
22
0.038823
32
-0.034974
0
3DFACE
62
163
10
0.091305
20
0.039553
30
-0.034516
11
0.091585
21
0.039922
31
-0.034262
12
0.092001
22
0.039560
32
-0.034426
0
3DFACE
62
163
10
0.091029
20
0.039182
30
-0.034810
11
0.090625
21
0.039289
31
-0.034412
12
0.091305
22
0.039553
32
-0.034516
0
3DFACE
62
163
10
0.091029
20
0.039182
30
-0.034810
11
0.091305
21
0.039553
31
-0.034516
12
0.091452
22
0.038823
32
-0.034974
0
3DFACE
62
163
10
0.090775
20
0.038835
30
-0.035122
11
0.090097
21
0.038577
31
-0.035095
12
0.090625
22
0.039289
32
-0.034412
0
3DFACE
62
163
10
0.090775
20
0.038835
30
-0.035122
11
0.090625
21
0.039289
31
-0.034412
12
0.091029
22
0.039182
32
-0.034810
0
3DFACE
62
163
10
0.090775
20
0.038835
30
-0.035122
11
0.091452
21
0.038823
31
-0.034974
12
0.090961
22
0.038138
32
-0.035637
0
3DFACE
62
163
10
0.090775
20
0.038835
30
-0.035122
11
0.091029
21
0.039182
31
-0.034810
12
0.091452
22
0.038823
32
-0.034974
0
3DFACE
62
163
10
0.090529
20
0.038493
30
-0.035472
11
0.090097
21
0.038577
31
-0.035095
12
0.090775
22
0.038835
32
-0.035122
0
3DFACE
62
163
10
0.090529
20
0.038493
30
-0.035472
11
0.090775
21
0.038835
31
-0.035122
12
0.090961
22
0.038138
32
-0.035637
0
3DFACE
62
163
10
0.090457
20
0.038069
30
-0.035937
11
0.090961
21
0.038138
31
-0.035637
12
0.090539
22
0.037523
32
-0.036398
0
3DFACE
62
163
10
0.090457
20
0.038069
30
-0.035937
11
0.090539
21
0.037523
31
-0.036398
12
0.090261
22
0.037781
32
-0.036313
0
3DFACE
62
163
10
0.090457
20
0.038069
30
-0.035937
11
0.090529
21
0.038493
31
-0.035472
12
0.090961
22
0.038138
32
-0.035637
0
3DFACE
62
163
10
0.089743
20
0.037644
30
-0.036540
11
0.089257
21
0.037363
31
-0.036753
12
0.089638
22
0.037933
32
-0.035879
0
3DFACE
62
163
10
0.089743
20
0.037644
30
-0.036540
11
0.089638
21
0.037933
31
-0.035879
12
0.089914
22
0.037900
32
-0.036167
0
3DFACE
62
163
10
0.089743
20
0.037322
30
-0.037079
11
0.089257
21
0.037363
31
-0.036753
12
0.089743
22
0.037644
32
-0.036540
0
3DFACE
62
163
10
0.089598
20
0.037077
30
-0.037528
11
0.088960
21
0.036866
31
-0.037710
12
0.089257
22
0.037363
32
-0.036753
0
3DFACE
62
163
10
0.089598
20
0.037077
30
-0.037528
11
0.090194
21
0.036979
31
-0.037247
12
0.089934
22
0.036510
32
-0.038176
0
3DFACE
62
163
10
0.089598
20
0.037077
30
-0.037528
11
0.089257
21
0.037363
31
-0.036753
12
0.089743
22
0.037322
32
-0.037079
0
3DFACE
62
163
10
0.089598
20
0.037077
30
-0.037528
11
0.089743
21
0.037322
31
-0.037079
12
0.090194
22
0.036979
32
-0.037247
0
3DFACE
62
163
10
0.089471
20
0.036845
30
-0.038008
11
0.088960
21
0.036866
31
-0.037710
12
0.089598
22
0.037077
32
-0.037528
0
3DFACE
62
163
10
0.089471
20
0.036845
30
-0.038008
11
0.089598
21
0.037077
31
-0.037528
12
0.089934
22
0.036510
32
-0.038176
0
3DFACE
62
163
10
0.089370
20
0.036641
30
-0.038488
11
0.089471
21
0.036845
31
-0.038008
12
0.089934
22
0.036510
32
-0.038176
0
3DFACE
62
163
10
0.089370
20
0.036641
30
-0.038488
11
0.088755
21
0.036456
31
-0.038730
12
0.088960
22
0.036866
32
-0.037710
0
3DFACE
62
163
10
0.089370
20
0.036641
30
-0.038488
11
0.088960
21
0.036866
31
-0.037710
12
0.089471
22
0.036845
32
-0.038008
0
3DFACE
62
163
10
0.089370
20
0.036641
30
-0.038488
11
0.089934
21
0.036510
31
-0.038176
12
0.089766
22
0.036129
32
-0.039161
0
3DFACE
62
163
10
0.089071
20
0.036413
30
-0.039154
11
0.089419
21
0.036228
31
-0.039531
12
0.089038
22
0.036315
32
-0.039474
0
3DFACE
62
163
10
0.089071
20
0.036413
30
-0.039154
11
0.089038
21
0.036315
31
-0.039474
12
0.088755
22
0.036456
32
-0.038730
0
3DFACE
62
163
10
0.089289
20
0.036454
30
-0.038994
11
0.089766
21
0.036129
31
-0.039161
12
0.089419
22
0.036228
32
-0.039531
0
3DFACE
62
163
10
0.089289
20
0.036454
30
-0.038994
11
0.089419
21
0.036228
31
-0.039531
12
0.089071
22
0.036413
32
-0.039154
0
3DFACE
62
163
10
0.089289
20
0.036454
30
-0.038994
11
0.088755
21
0.036456
31
-0.038730
12
0.089370
22
0.036641
32
-0.038488
0
3DFACE
62
163
10
0.089289
20
0.036454
30
-0.038994
11
0.089071
21
0.036413
31
-0.039154
12
0.088755
22
0.036456
32
-0.038730
0
3DFACE
62
163
10
0.089289
20
0.036454
30
-0.038994
11
0.089370
21
0.036641
31
-0.038488
12
0.089766
22
0.036129
32
-0.039161
0
3DFACE
62
163
10
0.089202
20
0.036155
30
-0.040016
11
0.088646
21
0.036141
31
-0.039788
12
0.089038
22
0.036315
32
-0.039474
0
3DFACE
62
163
10
0.089398
20
0.036141
30
-0.039848
11
0.089419
21
0.036228
31
-0.039531
12
0.089693
22
0.035840
32
-0.040181
0
3DFACE
62
163
10
0.089398
20
0.036141
30
-0.039848
11
0.089038
21
0.036315
31
-0.039474
12
0.089419
22
0.036228
32
-0.039531
0
3DFACE
62
163
10
0.089398
20
0.036141
30
-0.039848
11
0.089202
21
0.036155
31
-0.040016
12
0.089038
22
0.036315
32
-0.039474
0
3DFACE
62
163
10
0.089398
20
0.036141
30
-0.039848
11
0.089693
21
0.035840
31
-0.040181
12
0.089202
22
0.036155
32
-0.040016
0
3DFACE
62
163
10
0.089195
20
0.036040
30
-0.040533
11
0.088646
21
0.036141
31
-0.039788
12
0.089202
22
0.036155
32
-0.040016
0
3DFACE
62
163
10
0.089195
20
0.036040
30
-0.040533
11
0.088638
21
0.035916
31
-0.040880
12
0.088646
22
0.036141
32
-0.039788
0
3DFACE
62
163
10
0.089195
20
0.036040
30
-0.040533
11
0.089693
21
0.035840
31
-0.040181
12
0.089720
22
0.035641
32
-0.041233
0
3DFACE
62
163
10
0.089195
20
0.036040
30
-0.040533
11
0.089202
21
0.036155
31
-0.040016
12
0.089693
22
0.035840
32
-0.040181
0
3DFACE
62
163
10
0.089213
20
0.035945
30
-0.041071
11
0.088638
21
0.035916
31
-0.040880
12
0.089195
22
0.036040
32
-0.040533
0
3DFACE
62
163
10
0.089213
20
0.035945
30
-0.041071
11
0.089195
21
0.036040
31
-0.040533
12
0.089720
22
0.035641
32
-0.041233
0
3DFACE
62
163
10
0.089256
20
0.035875
30
-0.041597
11
0.088733
21
0.035785
31
-0.041988
12
0.088638
22
0.035916
32
-0.040880
0
3DFACE
62
163
10
0.089256
20
0.035875
30
-0.041597
11
0.089213
21
0.035945
31
-0.041071
12
0.089720
22
0.035641
32
-0.041233
0
3DFACE
62
163
10
0.089256
20
0.035875
30
-0.041597
11
0.089720
21
0.035641
31
-0.041233
12
0.089850
22
0.035535
32
-0.042292
0
3DFACE
62
163
10
0.089256
20
0.035875
30
-0.041597
11
0.088638
21
0.035916
31
-0.040880
12
0.089213
22
0.035945
32
-0.041071
0
3DFACE
62
163
10
0.089326
20
0.035827
30
-0.042138
11
0.088733
21
0.035785
31
-0.041988
12
0.089256
22
0.035875
32
-0.041597
0
3DFACE
62
163
10
0.089326
20
0.035827
30
-0.042138
11
0.089256
21
0.035875
31
-0.041597
12
0.089850
22
0.035535
32
-0.042292
0
3DFACE
62
163
10
0.089623
20
0.035740
30
-0.042730
11
0.089326
21
0.035827
31
-0.042138
12
0.089850
22
0.035535
32
-0.042292
0
3DFACE
62
163
10
0.089623
20
0.035740
30
-0.042730
11
0.090077
21
0.035526
31
-0.043332
12
0.089720
22
0.035742
32
-0.043157
0
3DFACE
62
163
10
0.089623
20
0.035740
30
-0.042730
11
0.089850
21
0.035535
31
-0.042292
12
0.090077
22
0.035526
32
-0.043332
0
3DFACE
62
163
10
0.089451
20
0.035844
30
-0.043631
11
0.089223
21
0.035812
31
-0.044153
12
0.088928
22
0.035751
32
-0.043084
0
3DFACE
62
163
10
0.089451
20
0.035844
30
-0.043631
11
0.088928
21
0.035751
31
-0.043084
12
0.089337
22
0.035826
32
-0.043200
0
3DFACE
62
163
10
0.089843
20
0.035873
30
-0.044212
11
0.089223
21
0.035812
31
-0.044153
12
0.089451
22
0.035844
32
-0.043631
0
3DFACE
62
163
10
0.090032
20
0.035939
30
-0.044704
11
0.089223
21
0.035812
31
-0.044153
12
0.089843
22
0.035873
32
-0.044212
0
3DFACE
62
163
10
0.090032
20
0.035939
30
-0.044704
11
0.089620
21
0.035963
31
-0.045188
12
0.089223
22
0.035812
32
-0.044153
0
3DFACE
62
163
10
0.090032
20
0.035939
30
-0.044704
11
0.089843
21
0.035873
31
-0.044212
12
0.090403
22
0.035608
32
-0.044345
0
3DFACE
62
163
10
0.090032
20
0.035939
30
-0.044704
11
0.090403
21
0.035608
31
-0.044345
12
0.090828
22
0.035777
32
-0.045316
0
3DFACE
62
163
10
0.090250
20
0.036029
30
-0.045199
11
0.090032
21
0.035939
31
-0.044704
12
0.090828
22
0.035777
32
-0.045316
0
3DFACE
62
163
10
0.090250
20
0.036029
30
-0.045199
11
0.089620
21
0.035963
31
-0.045188
12
0.090032
22
0.035939
32
-0.044704
0
3DFACE
62
163
10
0.090483
20
0.036137
30
-0.045663
11
0.090250
21
0.036029
31
-0.045199
12
0.090828
22
0.035777
32
-0.045316
0
3DFACE
62
163
10
0.090483
20
0.036137
30
-0.045663
11
0.090109
21
0.036201
31
-0.046164
12
0.089620
22
0.035963
32
-0.045188
0
3DFACE
62
163
10
0.090483
20
0.036137
30
-0.045663
11
0.089620
21
0.035963
31
-0.045188
12
0.090250
22
0.036029
32
-0.045199
0
3DFACE
62
163
10
0.090483
20
0.036137
30
-0.045663
11
0.090828
21
0.035777
31
-0.045316
12
0.091339
22
0.036031
32
-0.046218
0
3DFACE
62
163
10
0.090631
20
0.036341
30
-0.046306
11
0.090681
21
0.036520
31
-0.047060
12
0.090109
22
0.036201
32
-0.046164
0
3DFACE
62
163
10
0.090631
20
0.036341
30
-0.046306
11
0.090826
21
0.036448
31
-0.046608
12
0.090681
22
0.036520
32
-0.047060
0
3DFACE
62
163
10
0.090631
20
0.036341
30
-0.046306
11
0.091179
21
0.036336
31
-0.046472
12
0.090826
22
0.036448
32
-0.046608
0
3DFACE
62
163
10
0.090745
20
0.036270
30
-0.046123
11
0.090109
21
0.036201
31
-0.046164
12
0.090483
22
0.036137
32
-0.045663
0
3DFACE
62
163
10
0.090745
20
0.036270
30
-0.046123
11
0.090631
21
0.036341
31
-0.046306
12
0.090109
22
0.036201
32
-0.046164
0
3DFACE
62
163
10
0.090745
20
0.036270
30
-0.046123
11
0.090483
21
0.036137
31
-0.045663
12
0.091339
22
0.036031
32
-0.046218
0
3DFACE
62
163
10
0.090745
20
0.036270
30
-0.046123
11
0.091179
21
0.036336
31
-0.046472
12
0.090631
22
0.036341
32
-0.046306
0
3DFACE
62
163
10
0.090745
20
0.036270
30
-0.046123
11
0.091339
21
0.036031
31
-0.046218
12
0.091179
22
0.036336
32
-0.046472
0
3DFACE
62
163
10
0.091318
20
0.036588
30
-0.046967
11
0.090681
21
0.036520
31
-0.047060
12
0.090826
22
0.036448
32
-0.046608
0
3DFACE
62
163
10
0.091401
20
0.036460
30
-0.046786
11
0.091930
21
0.036362
31
-0.047039
12
0.091318
22
0.036588
32
-0.046967
0
3DFACE
62
163
10
0.091401
20
0.036460
30
-0.046786
11
0.091318
21
0.036588
31
-0.046967
12
0.090826
22
0.036448
32
-0.046608
0
3DFACE
62
163
10
0.091401
20
0.036460
30
-0.046786
11
0.091339
21
0.036031
31
-0.046218
12
0.091930
22
0.036362
32
-0.047039
0
3DFACE
62
163
10
0.091401
20
0.036460
30
-0.046786
11
0.090826
21
0.036448
31
-0.046608
12
0.091179
22
0.036336
32
-0.046472
0
3DFACE
62
163
10
0.091401
20
0.036460
30
-0.046786
11
0.091179
21
0.036336
31
-0.046472
12
0.091339
22
0.036031
32
-0.046218
0
3DFACE
62
163
10
0.091631
20
0.036771
30
-0.047353
11
0.091318
21
0.036588
31
-0.046967
12
0.091930
22
0.036362
32
-0.047039
0
3DFACE
62
163
10
0.091631
20
0.036771
30
-0.047353
11
0.091335
21
0.036914
31
-0.047873
12
0.090681
22
0.036520
32
-0.047060
0
3DFACE
62
163
10
0.091631
20
0.036771
30
-0.047353
11
0.090681
21
0.036520
31
-0.047060
12
0.091318
22
0.036588
32
-0.046967
0
3DFACE
62
163
10
0.091631
20
0.036771
30
-0.047353
11
0.091930
21
0.036362
31
-0.047039
12
0.092601
22
0.036762
32
-0.047772
0
3DFACE
62
163
10
0.091973
20
0.036977
30
-0.047728
11
0.092064
21
0.037374
31
-0.048587
12
0.091335
22
0.036914
32
-0.047873
0
3DFACE
62
163
10
0.091973
20
0.036977
30
-0.047728
11
0.091631
21
0.036771
31
-0.047353
12
0.092601
22
0.036762
32
-0.047772
0
3DFACE
62
163
10
0.091973
20
0.036977
30
-0.047728
11
0.091335
21
0.036914
31
-0.047873
12
0.091631
22
0.036771
32
-0.047353
0
3DFACE
62
163
10
0.092322
20
0.037193
30
-0.048066
11
0.091973
21
0.036977
31
-0.047728
12
0.092601
22
0.036762
32
-0.047772
0
3DFACE
62
163
10
0.092322
20
0.037193
30
-0.048066
11
0.092064
21
0.037374
31
-0.048587
12
0.091973
22
0.036977
32
-0.047728
0
3DFACE
62
163
10
0.092697
20
0.037430
30
-0.048387
11
0.092850
21
0.037891
31
-0.049185
12
0.092064
22
0.037374
32
-0.048587
0
3DFACE
62
163
10
0.092697
20
0.037430
30
-0.048387
11
0.092322
21
0.037193
31
-0.048066
12
0.092601
22
0.036762
32
-0.047772
0
3DFACE
62
163
10
0.092697
20
0.037430
30
-0.048387
11
0.092064
21
0.037374
31
-0.048587
12
0.092322
22
0.037193
32
-0.048066
0
3DFACE
62
163
10
0.092697
20
0.037430
30
-0.048387
11
0.092601
21
0.036762
31
-0.047772
12
0.093338
22
0.037224
32
-0.048398
0
3DFACE
62
163
10
0.093073
20
0.037672
30
-0.048669
11
0.093286
21
0.037977
31
-0.049021
12
0.092850
22
0.037891
32
-0.049185
0
3DFACE
62
163
10
0.093073
20
0.037672
30
-0.048669
11
0.092850
21
0.037891
31
-0.049185
12
0.092697
22
0.037430
32
-0.048387
0
3DFACE
62
163
10
0.093073
20
0.037672
30
-0.048669
11
0.092697
21
0.037430
31
-0.048387
12
0.093338
22
0.037224
32
-0.048398
0
3DFACE
62
163
10
0.093317
20
0.037637
30
-0.048648
11
0.093583
21
0.037811
31
-0.048820
12
0.093286
22
0.037977
32
-0.049021
0
3DFACE
62
163
10
0.093317
20
0.037637
30
-0.048648
11
0.093286
21
0.037977
31
-0.049021
12
0.093073
22
0.037672
32
-0.048669
0
3DFACE
62
163
10
0.093317
20
0.037637
30
-0.048648
11
0.093073
21
0.037672
31
-0.048669
12
0.093338
22
0.037224
32
-0.048398
0
3DFACE
62
163
10
0.093317
20
0.037637
30
-0.048648
11
0.093338
21
0.037224
31
-0.048398
12
0.094121
22
0.037734
32
-0.048904
0
3DFACE
62
163
10
0.093317
20
0.037637
30
-0.048648
11
0.094121
21
0.037734
31
-0.048904
12
0.093583
22
0.037811
32
-0.048820
0
3DFACE
62
163
10
0.093591
20
0.038180
30
-0.049199
11
0.092850
21
0.037891
31
-0.049185
12
0.093286
22
0.037977
32
-0.049021
0
3DFACE
62
163
10
0.093591
20
0.038180
30
-0.049199
11
0.093682
21
0.038453
31
-0.049659
12
0.092850
22
0.037891
32
-0.049185
0
3DFACE
62
163
10
0.093591
20
0.038180
30
-0.049199
11
0.093286
21
0.037977
31
-0.049021
12
0.093583
22
0.037811
32
-0.048820
0
3DFACE
62
163
10
0.093868
20
0.038198
30
-0.049152
11
0.093682
21
0.038453
31
-0.049659
12
0.093591
22
0.038180
32
-0.049199
0
3DFACE
62
163
10
0.093868
20
0.038198
30
-0.049152
11
0.093591
21
0.038180
31
-0.049199
12
0.093583
22
0.037811
32
-0.048820
0
3DFACE
62
163
10
0.093868
20
0.038198
30
-0.049152
11
0.093583
21
0.037811
31
-0.048820
12
0.094121
22
0.037734
32
-0.048904
0
3DFACE
62
163
10
0.094291
20
0.038480
30
-0.049351
11
0.094559
21
0.039053
31
-0.050007
12
0.093682
22
0.038453
32
-0.049659
0
3DFACE
62
163
10
0.094291
20
0.038480
30
-0.049351
11
0.093682
21
0.038453
31
-0.049659
12
0.093868
22
0.038198
32
-0.049152
0
3DFACE
62
163
10
0.094291
20
0.038480
30
-0.049351
11
0.093868
21
0.038198
31
-0.049152
12
0.094121
22
0.037734
32
-0.048904
0
3DFACE
62
163
10
0.094291
20
0.038480
30
-0.049351
11
0.094121
21
0.037734
31
-0.048904
12
0.094952
22
0.038286
32
-0.049288
0
3DFACE
62
163
10
0.094711
20
0.038762
30
-0.049513
11
0.094559
21
0.039053
31
-0.050007
12
0.094291
22
0.038480
32
-0.049351
0
3DFACE
62
163
10
0.094711
20
0.038762
30
-0.049513
11
0.094291
21
0.038480
31
-0.049351
12
0.094952
22
0.038286
32
-0.049288
0
3DFACE
62
163
10
0.095151
20
0.039060
30
-0.049646
11
0.095463
21
0.039677
31
-0.050218
12
0.094559
22
0.039053
32
-0.050007
0
3DFACE
62
163
10
0.095151
20
0.039060
30
-0.049646
11
0.094559
21
0.039053
31
-0.050007
12
0.094711
22
0.038762
32
-0.049513
0
3DFACE
62
163
10
0.095151
20
0.039060
30
-0.049646
11
0.094711
21
0.038762
31
-0.049513
12
0.094952
22
0.038286
32
-0.049288
0
3DFACE
62
163
10
0.095151
20
0.039060
30
-0.049646
11
0.094952
21
0.038286
31
-0.049288
12
0.095818
22
0.038867
32
-0.049541
0
3DFACE
62
163
10
0.095583
20
0.039354
30
-0.049742
11
0.095463
21
0.039677
31
-0.050218
12
0.095151
22
0.039060
32
-0.049646
0
3DFACE
62
163
10
0.095583
20
0.039354
30
-0.049742
11
0.095151
21
0.039060
31
-0.049646
12
0.095818
22
0.038867
32
-0.049541
0
3DFACE
62
163
10
0.095967
20
0.039794
30
-0.049941
11
0.096371
21
0.040310
31
-0.050290
12
0.095463
22
0.039677
32
-0.050218
0
3DFACE
62
163
10
0.095967
20
0.039794
30
-0.049941
11
0.095463
21
0.039677
31
-0.050218
12
0.095583
22
0.039354
32
-0.049742
0
3DFACE
62
163
10
0.095967
20
0.039794
30
-0.049941
11
0.096306
21
0.040027
31
-0.049963
12
0.096371
22
0.040310
32
-0.050290
0
3DFACE
62
163
10
0.096911
20
0.040264
30
-0.049830
11
0.097284
21
0.040946
31
-0.050222
12
0.096371
22
0.040310
32
-0.050290
0
3DFACE
62
163
10
0.096911
20
0.040264
30
-0.049830
11
0.096371
21
0.040310
31
-0.050290
12
0.096306
22
0.040027
32
-0.049963
0
3DFACE
62
163
10
0.096928
20
0.040067
30
-0.049737
11
0.096911
21
0.040264
31
-0.049830
12
0.096306
22
0.040027
32
-0.049963
0
3DFACE
62
163
10
0.096928
20
0.040067
30
-0.049737
11
0.096306
21
0.040027
31
-0.049963
12
0.096532
22
0.039796
32
-0.049737
0
3DFACE
62
163
10
0.096928
20
0.040067
30
-0.049737
11
0.096532
21
0.039796
31
-0.049737
12
0.096695
22
0.039463
32
-0.049657
0
3DFACE
62
163
10
0.096928
20
0.040067
30
-0.049737
11
0.096695
21
0.039463
31
-0.049657
12
0.097575
22
0.040063
32
-0.049635
0
3DFACE
62
163
10
0.096928
20
0.040067
30
-0.049737
11
0.097575
21
0.040063
31
-0.049635
12
0.096911
22
0.040264
32
-0.049830
0
3DFACE
62
163
10
0.097347
20
0.040562
30
-0.049791
11
0.097284
21
0.040946
31
-0.050222
12
0.096911
22
0.040264
32
-0.049830
0
3DFACE
62
163
10
0.097347
20
0.040562
30
-0.049791
11
0.096911
21
0.040264
31
-0.049830
12
0.097575
22
0.040063
32
-0.049635
0
3DFACE
62
163
10
0.097795
20
0.040867
30
-0.049717
11
0.097347
21
0.040562
31
-0.049791
12
0.097575
22
0.040063
32
-0.049635
0
3DFACE
62
163
10
0.097795
20
0.040867
30
-0.049717
11
0.098189
21
0.041571
31
-0.050015
12
0.097284
22
0.040946
32
-0.050222
0
3DFACE
62
163
10
0.097795
20
0.040867
30
-0.049717
11
0.097284
21
0.040946
31
-0.050222
12
0.097347
22
0.040562
32
-0.049791
0
3DFACE
62
163
10
0.097795
20
0.040867
30
-0.049717
11
0.097575
21
0.040063
31
-0.049635
12
0.098453
22
0.040656
32
-0.049475
0
3DFACE
62
163
10
0.098227
20
0.041160
30
-0.049611
11
0.098189
21
0.041571
31
-0.050015
12
0.097795
22
0.040867
32
-0.049717
0
3DFACE
62
163
10
0.098227
20
0.041160
30
-0.049611
11
0.097795
21
0.040867
31
-0.049717
12
0.098453
22
0.040656
32
-0.049475
0
3DFACE
62
163
10
0.098664
20
0.041456
30
-0.049468
11
0.098227
21
0.041160
31
-0.049611
12
0.098453
22
0.040656
32
-0.049475
0
3DFACE
62
163
10
0.098664
20
0.041456
30
-0.049468
11
0.099065
21
0.042171
31
-0.049672
12
0.098189
22
0.041571
32
-0.050015
0
3DFACE
62
163
10
0.098664
20
0.041456
30
-0.049468
11
0.098189
21
0.041571
31
-0.050015
12
0.098227
22
0.041160
32
-0.049611
0
3DFACE
62
163
10
0.098664
20
0.041456
30
-0.049468
11
0.098453
21
0.040656
31
-0.049475
12
0.099308
22
0.041229
32
-0.049180
0
3DFACE
62
163
10
0.099080
20
0.041735
30
-0.049297
11
0.098664
21
0.041456
31
-0.049468
12
0.099308
22
0.041229
32
-0.049180
0
3DFACE
62
163
10
0.099080
20
0.041735
30
-0.049297
11
0.099065
21
0.042171
31
-0.049672
12
0.098664
22
0.041456
32
-0.049468
0
3DFACE
62
163
10
0.099080
20
0.041735
30
-0.049297
11
0.099364
21
0.042113
31
-0.049246
12
0.099065
22
0.042171
32
-0.049672
0
3DFACE
62
163
10
0.099297
20
0.041667
30
-0.049150
11
0.099308
21
0.041229
31
-0.049180
12
0.099517
22
0.041814
32
-0.049039
0
3DFACE
62
163
10
0.099297
20
0.041667
30
-0.049150
11
0.099080
21
0.041735
31
-0.049297
12
0.099308
22
0.041229
32
-0.049180
0
3DFACE
62
163
10
0.099297
20
0.041667
30
-0.049150
11
0.099364
21
0.042113
31
-0.049246
12
0.099080
22
0.041735
32
-0.049297
0
3DFACE
62
163
10
0.099297
20
0.041667
30
-0.049150
11
0.099517
21
0.041814
31
-0.049039
12
0.099364
22
0.042113
32
-0.049246
0
3DFACE
62
163
10
0.099706
20
0.041939
30
-0.048936
11
0.099517
21
0.041814
31
-0.049039
12
0.100122
22
0.041768
32
-0.048758
0
3DFACE
62
163
10
0.099706
20
0.041939
30
-0.048936
11
0.099364
21
0.042113
31
-0.049246
12
0.099517
22
0.041814
32
-0.049039
0
3DFACE
62
163
10
0.099891
20
0.042275
30
-0.048859
11
0.099706
21
0.041939
31
-0.048936
12
0.100122
22
0.041768
32
-0.048758
0
3DFACE
62
163
10
0.099891
20
0.042275
30
-0.048859
11
0.099364
21
0.042113
31
-0.049246
12
0.099706
22
0.041939
32
-0.048936
0
3DFACE
62
163
10
0.099891
20
0.042275
30
-0.048859
11
0.099897
21
0.042734
31
-0.049202
12
0.099364
22
0.042113
32
-0.049246
0
3DFACE
62
163
10
0.100289
20
0.042534
30
-0.048588
11
0.099897
21
0.042734
31
-0.049202
12
0.099891
22
0.042275
32
-0.048859
0
3DFACE
62
163
10
0.100289
20
0.042534
30
-0.048588
11
0.100688
21
0.043253
31
-0.048606
12
0.099897
22
0.042734
32
-0.049202
0
3DFACE
62
163
10
0.100289
20
0.042534
30
-0.048588
11
0.099891
21
0.042275
31
-0.048859
12
0.100122
22
0.041768
32
-0.048758
0
3DFACE
62
163
10
0.100289
20
0.042534
30
-0.048588
11
0.100122
21
0.041768
31
-0.048758
12
0.100895
22
0.042265
32
-0.048211
0
3DFACE
62
163
10
0.100663
20
0.042773
30
-0.048297
11
0.100688
21
0.043253
31
-0.048606
12
0.100289
22
0.042534
32
-0.048588
0
3DFACE
62
163
10
0.100663
20
0.042773
30
-0.048297
11
0.100289
21
0.042534
31
-0.048588
12
0.100895
22
0.042265
32
-0.048211
0
3DFACE
62
163
10
0.101033
20
0.043006
30
-0.047967
11
0.100663
21
0.042773
31
-0.048297
12
0.100895
22
0.042265
32
-0.048211
0
3DFACE
62
163
10
0.101033
20
0.043006
30
-0.047967
11
0.101418
21
0.043715
31
-0.047896
12
0.100688
22
0.043253
32
-0.048606
0
3DFACE
62
163
10
0.101033
20
0.043006
30
-0.047967
11
0.100688
21
0.043253
31
-0.048606
12
0.100663
22
0.042773
32
-0.048297
0
3DFACE
62
163
10
0.101033
20
0.043006
30
-0.047967
11
0.100895
21
0.042265
31
-0.048211
12
0.101613
22
0.042708
32
-0.047549
0
3DFACE
62
163
10
0.101377
20
0.043217
30
-0.047622
11
0.101418
21
0.043715
31
-0.047896
12
0.101033
22
0.043006
32
-0.047967
0
3DFACE
62
163
10
0.101377
20
0.043217
30
-0.047622
11
0.101033
21
0.043006
31
-0.047967
12
0.101613
22
0.042708
32
-0.047549
0
3DFACE
62
163
10
0.101377
20
0.043217
30
-0.047622
11
0.101613
21
0.042708
31
-0.047549
12
0.102024
22
0.043385
32
-0.046867
0
3DFACE
62
163
10
0.101667
20
0.043585
30
-0.047345
11
0.101929
21
0.043740
31
-0.047013
12
0.102072
22
0.044110
32
-0.047089
0
3DFACE
62
163
10
0.101667
20
0.043585
30
-0.047345
11
0.102024
21
0.043385
31
-0.046867
12
0.101929
22
0.043740
32
-0.047013
0
3DFACE
62
163
10
0.101667
20
0.043585
30
-0.047345
11
0.102072
21
0.044110
31
-0.047089
12
0.101418
22
0.043715
32
-0.047896
0
3DFACE
62
163
10
0.101667
20
0.043585
30
-0.047345
11
0.101377
21
0.043217
31
-0.047622
12
0.102024
22
0.043385
32
-0.046867
0
3DFACE
62
163
10
0.101667
20
0.043585
30
-0.047345
11
0.101418
21
0.043715
31
-0.047896
12
0.101377
22
0.043217
32
-0.047622
0
3DFACE
62
163
10
0.102330
20
0.043557
30
-0.046436
11
0.102024
21
0.043385
31
-0.046867
12
0.102256
22
0.043087
32
-0.046789
0
3DFACE
62
163
10
0.102330
20
0.043557
30
-0.046436
11
0.102256
21
0.043087
31
-0.046789
12
0.102824
22
0.043394
32
-0.045940
0
3DFACE
62
163
10
0.102581
20
0.043903
30
-0.045993
11
0.102330
21
0.043557
31
-0.046436
12
0.102824
22
0.043394
32
-0.045940
0
3DFACE
62
163
10
0.102838
20
0.044030
30
-0.045526
11
0.103142
21
0.044673
31
-0.045217
12
0.102649
22
0.044432
32
-0.046193
0
3DFACE
62
163
10
0.102838
20
0.044030
30
-0.045526
11
0.102581
21
0.043903
31
-0.045993
12
0.102824
22
0.043394
32
-0.045940
0
3DFACE
62
163
10
0.102838
20
0.044030
30
-0.045526
11
0.102649
21
0.044432
31
-0.046193
12
0.102581
22
0.043903
32
-0.045993
0
3DFACE
62
163
10
0.102838
20
0.044030
30
-0.045526
11
0.102824
21
0.043394
31
-0.045940
12
0.103310
22
0.043622
32
-0.045012
0
3DFACE
62
163
10
0.103065
20
0.044132
30
-0.045056
11
0.103142
21
0.044673
31
-0.045217
12
0.102838
22
0.044030
32
-0.045526
0
3DFACE
62
163
10
0.103065
20
0.044132
30
-0.045056
11
0.102838
21
0.044030
31
-0.045526
12
0.103310
22
0.043622
32
-0.045012
0
3DFACE
62
163
10
0.103276
20
0.044216
30
-0.044559
11
0.103310
21
0.043622
31
-0.045012
12
0.103703
22
0.043764
32
-0.044027
0
3DFACE
62
163
10
0.103276
20
0.044216
30
-0.044559
11
0.103540
21
0.044827
31
-0.044186
12
0.103142
22
0.044673
32
-0.045217
0
3DFACE
62
163
10
0.103276
20
0.044216
30
-0.044559
11
0.103142
21
0.044673
31
-0.045217
12
0.103065
22
0.044132
32
-0.045056
0
3DFACE
62
163
10
0.103276
20
0.044216
30
-0.044559
11
0.103065
21
0.044132
31
-0.045056
12
0.103310
22
0.043622
32
-0.045012
0
3DFACE
62
163
10
0.103456
20
0.044276
30
-0.044065
11
0.103570
21
0.044504
31
-0.043706
12
0.103540
22
0.044827
32
-0.044186
0
3DFACE
62
163
10
0.103456
20
0.044276
30
-0.044065
11
0.103540
21
0.044827
31
-0.044186
12
0.103276
22
0.044216
32
-0.044559
0
3DFACE
62
163
10
0.103456
20
0.044276
30
-0.044065
11
0.103276
21
0.044216
31
-0.044559
12
0.103703
22
0.043764
32
-0.044027
0
3DFACE
62
163
10
0.103568
20
0.044103
30
-0.043850
11
0.103570
21
0.044504
31
-0.043706
12
0.103456
22
0.044276
32
-0.044065
0
3DFACE
62
163
10
0.103568
20
0.044103
30
-0.043850
11
0.103456
21
0.044276
31
-0.044065
12
0.103703
22
0.043764
32
-0.044027
0
3DFACE
62
163
10
0.103568
20
0.044103
30
-0.043850
11
0.103703
21
0.043764
31
-0.044027
12
0.103630
22
0.044117
32
-0.043649
0
3DFACE
62
163
10
0.103568
20
0.044103
30
-0.043850
11
0.103630
21
0.044117
31
-0.043649
12
0.103570
22
0.044504
32
-0.043706
0
3DFACE
62
163
10
0.103659
20
0.044521
30
-0.043386
11
0.103837
21
0.044890
31
-0.043119
12
0.103570
22
0.044504
32
-0.043706
0
3DFACE
62
163
10
0.103659
20
0.044521
30
-0.043386
11
0.103570
21
0.044504
31
-0.043706
12
0.103630
22
0.044117
32
-0.043649
0
3DFACE
62
163
10
0.103748
20
0.044332
30
-0.043038
11
0.103659
21
0.044521
31
-0.043386
12
0.103630
22
0.044117
32
-0.043649
0
3DFACE
62
163
10
0.103748
20
0.044332
30
-0.043038
11
0.103630
21
0.044117
31
-0.043649
12
0.103997
22
0.043818
32
-0.043007
0
3DFACE
62
163
10
0.103748
20
0.044332
30
-0.043038
11
0.103837
21
0.044890
31
-0.043119
12
0.103659
22
0.044521
32
-0.043386
0
3DFACE
62
163
10
0.103858
20
0.044325
30
-0.042520
11
0.103997
21
0.043818
31
-0.043007
12
0.104195
22
0.043777
32
-0.041955
0
3DFACE
62
163
10
0.103858
20
0.044325
30
-0.042520
11
0.104037
21
0.044859
31
-0.042020
12
0.103837
22
0.044890
32
-0.043119
0
3DFACE
62
163
10
0.103858
20
0.044325
30
-0.042520
11
0.103748
21
0.044332
31
-0.043038
12
0.103997
22
0.043818
32
-0.043007
0
3DFACE
62
163
10
0.103858
20
0.044325
30
-0.042520
11
0.103837
21
0.044890
31
-0.043119
12
0.103748
22
0.044332
32
-0.043038
0
3DFACE
62
163
10
0.103946
20
0.044294
30
-0.041981
11
0.104037
21
0.044859
31
-0.042020
12
0.103858
22
0.044325
32
-0.042520
0
3DFACE
62
163
10
0.103946
20
0.044294
30
-0.041981
11
0.103858
21
0.044325
31
-0.042520
12
0.104195
22
0.043777
32
-0.041955
0
3DFACE
62
163
10
0.104007
20
0.044241
30
-0.041455
11
0.104195
21
0.043777
31
-0.041955
12
0.104292
22
0.043642
32
-0.040896
0
3DFACE
62
163
10
0.104007
20
0.044241
30
-0.041455
11
0.104135
21
0.044731
31
-0.040913
12
0.104037
22
0.044859
32
-0.042020
0
3DFACE
62
163
10
0.104007
20
0.044241
30
-0.041455
11
0.104037
21
0.044859
31
-0.042020
12
0.103946
22
0.044294
32
-0.041981
0
3DFACE
62
163
10
0.104007
20
0.044241
30
-0.041455
11
0.103946
21
0.044294
31
-0.041981
12
0.104195
22
0.043777
32
-0.041955
0
3DFACE
62
163
10
0.104044
20
0.044163
30
-0.040915
11
0.104135
21
0.044731
31
-0.040913
12
0.104007
22
0.044241
32
-0.041455
0
3DFACE
62
163
10
0.104044
20
0.044163
30
-0.040915
11
0.104007
21
0.044241
31
-0.041455
12
0.104292
22
0.043642
32
-0.040896
0
3DFACE
62
163
10
0.104044
20
0.044163
30
-0.040915
11
0.104037
21
0.044172
31
-0.039980
12
0.104135
22
0.044731
32
-0.040913
0
3DFACE
62
163
10
0.104103
20
0.043882
30
-0.040454
11
0.104037
21
0.044172
31
-0.039980
12
0.104044
22
0.044163
32
-0.040915
0
3DFACE
62
163
10
0.104103
20
0.043882
30
-0.040454
11
0.104292
21
0.043642
31
-0.040896
12
0.104286
22
0.043416
32
-0.039857
0
3DFACE
62
163
10
0.104103
20
0.043882
30
-0.040454
11
0.104095
21
0.043784
31
-0.040023
12
0.104037
22
0.044172
32
-0.039980
0
3DFACE
62
163
10
0.104103
20
0.043882
30
-0.040454
11
0.104044
21
0.044163
31
-0.040915
12
0.104292
22
0.043642
32
-0.040896
0
3DFACE
62
163
10
0.104103
20
0.043882
30
-0.040454
11
0.104286
21
0.043416
31
-0.039857
12
0.104095
22
0.043784
32
-0.040023
0
3DFACE
62
163
10
0.104000
20
0.044022
30
-0.039419
11
0.104129
21
0.044510
31
-0.039824
12
0.104037
22
0.044172
32
-0.039980
0
3DFACE
62
163
10
0.104000
20
0.044022
30
-0.039419
11
0.104024
21
0.044196
31
-0.038761
12
0.104129
22
0.044510
32
-0.039824
0
3DFACE
62
163
10
0.103939
20
0.043627
30
-0.038847
11
0.104024
21
0.044196
31
-0.038761
12
0.104000
22
0.044022
32
-0.039419
0
3DFACE
62
163
10
0.103854
20
0.043439
30
-0.038357
11
0.104183
21
0.043096
31
-0.038843
12
0.103985
22
0.042685
32
-0.037872
0
3DFACE
62
163
10
0.103854
20
0.043439
30
-0.038357
11
0.103822
21
0.043788
31
-0.037739
12
0.104024
22
0.044196
32
-0.038761
0
3DFACE
62
163
10
0.103854
20
0.043439
30
-0.038357
11
0.103939
21
0.043627
31
-0.038847
12
0.104183
22
0.043096
32
-0.038843
0
3DFACE
62
163
10
0.103854
20
0.043439
30
-0.038357
11
0.104024
21
0.044196
31
-0.038761
12
0.103939
22
0.043627
32
-0.038847
0
3DFACE
62
163
10
0.103744
20
0.043222
30
-0.037866
11
0.103854
21
0.043439
31
-0.038357
12
0.103985
22
0.042685
32
-0.037872
0
3DFACE
62
163
10
0.103744
20
0.043222
30
-0.037866
11
0.103822
21
0.043788
31
-0.037739
12
0.103854
22
0.043439
32
-0.038357
0
3DFACE
62
163
10
0.103614
20
0.042992
30
-0.037406
11
0.103744
21
0.043222
31
-0.037866
12
0.103985
22
0.042685
32
-0.037872
0
3DFACE
62
163
10
0.103614
20
0.042992
30
-0.037406
11
0.103985
21
0.042685
31
-0.037872
12
0.103697
22
0.042193
32
-0.036969
0
3DFACE
62
163
10
0.103614
20
0.042992
30
-0.037406
11
0.103527
21
0.043296
31
-0.036781
12
0.103822
22
0.043788
32
-0.037739
0
3DFACE
62
163
10
0.103614
20
0.042992
30
-0.037406
11
0.103822
21
0.043788
31
-0.037739
12
0.103744
22
0.043222
32
-0.037866
0
3DFACE
62
163
10
0.103392
20
0.042850
30
-0.036764
11
0.103402
21
0.042370
31
-0.036708
12
0.103314
22
0.042730
32
-0.036572
0
3DFACE
62
163
10
0.103392
20
0.042850
30
-0.036764
11
0.103314
21
0.042730
31
-0.036572
12
0.103527
22
0.043296
32
-0.036781
0
3DFACE
62
163
10
0.103459
20
0.042736
30
-0.036951
11
0.103392
21
0.042850
31
-0.036764
12
0.103527
22
0.043296
32
-0.036781
0
3DFACE
62
163
10
0.103459
20
0.042736
30
-0.036951
11
0.103697
21
0.042193
31
-0.036969
12
0.103402
22
0.042370
32
-0.036708
0
3DFACE
62
163
10
0.103459
20
0.042736
30
-0.036951
11
0.103402
21
0.042370
31
-0.036708
12
0.103392
22
0.042850
32
-0.036764
0
3DFACE
62
163
10
0.103459
20
0.042736
30
-0.036951
11
0.103614
21
0.042992
31
-0.037406
12
0.103697
22
0.042193
32
-0.036969
0
3DFACE
62
163
10
0.103459
20
0.042736
30
-0.036951
11
0.103527
21
0.043296
31
-0.036781
12
0.103614
22
0.042992
32
-0.037406
0
3DFACE
62
163
10
0.103212
20
0.042577
30
-0.036342
11
0.103314
21
0.042730
31
-0.036572
12
0.103402
22
0.042370
32
-0.036708
0
3DFACE
62
163
10
0.103212
20
0.042577
30
-0.036342
11
0.103149
21
0.042729
31
-0.035906
12
0.103314
22
0.042730
32
-0.036572
0
3DFACE
62
163
10
0.103092
20
0.042177
30
-0.036117
11
0.103212
21
0.042577
31
-0.036342
12
0.103402
22
0.042370
32
-0.036708
0
3DFACE
62
163
10
0.103092
20
0.042177
30
-0.036117
11
0.103149
21
0.042729
31
-0.035906
12
0.103212
22
0.042577
32
-0.036342
0
3DFACE
62
163
10
0.103092
20
0.042177
30
-0.036117
11
0.103402
21
0.042370
31
-0.036708
12
0.103327
22
0.041627
32
-0.036148
0
3DFACE
62
163
10
0.102883
20
0.041873
30
-0.035736
11
0.103092
21
0.042177
31
-0.036117
12
0.103327
22
0.041627
32
-0.036148
0
3DFACE
62
163
10
0.102883
20
0.041873
30
-0.035736
11
0.103327
21
0.041627
31
-0.036148
12
0.102882
22
0.040986
32
-0.035414
0
3DFACE
62
163
10
0.102883
20
0.041873
30
-0.035736
11
0.103149
21
0.042729
31
-0.035906
12
0.103092
22
0.042177
32
-0.036117
0
3DFACE
62
163
10
0.102883
20
0.041873
30
-0.035736
11
0.102692
21
0.042084
31
-0.035117
12
0.103149
22
0.042729
32
-0.035906
0
3DFACE
62
163
10
0.102650
20
0.041542
30
-0.035367
11
0.102883
21
0.041873
31
-0.035736
12
0.102882
22
0.040986
32
-0.035414
0
3DFACE
62
163
10
0.102650
20
0.041542
30
-0.035367
11
0.102692
21
0.042084
31
-0.035117
12
0.102883
22
0.041873
32
-0.035736
0
3DFACE
62
163
10
0.102407
20
0.041205
30
-0.035035
11
0.102882
21
0.040986
31
-0.035414
12
0.102371
22
0.040283
32
-0.034786
0
3DFACE
62
163
10
0.102407
20
0.041205
30
-0.035035
11
0.102650
21
0.041542
31
-0.035367
12
0.102882
22
0.040986
32
-0.035414
0
3DFACE
62
163
10
0.102407
20
0.041205
30
-0.035035
11
0.102692
21
0.042084
31
-0.035117
12
0.102650
22
0.041542
32
-0.035367
0
3DFACE
62
163
10
0.102407
20
0.041205
30
-0.035035
11
0.102165
21
0.041374
31
-0.034431
12
0.102692
22
0.042084
32
-0.035117
0
3DFACE
62
163
10
0.102141
20
0.040845
30
-0.034722
11
0.102407
21
0.041205
31
-0.035035
12
0.102371
22
0.040283
32
-0.034786
0
3DFACE
62
163
10
0.102141
20
0.040845
30
-0.034722
11
0.102165
21
0.041374
31
-0.034431
12
0.102407
22
0.041205
32
-0.035035
0
3DFACE
62
163
10
0.102141
20
0.040845
30
-0.034722
11
0.101619
21
0.040381
31
-0.034159
12
0.102165
22
0.041374
32
-0.034431
0
3DFACE
62
163
10
0.101958
20
0.040330
30
-0.034534
11
0.102141
21
0.040845
31
-0.034722
12
0.102371
22
0.040283
32
-0.034786
0
3DFACE
62
163
10
0.101958
20
0.040330
30
-0.034534
11
0.102371
21
0.040283
31
-0.034786
12
0.101808
22
0.039538
32
-0.034279
0
3DFACE
62
163
10
0.101958
20
0.040330
30
-0.034534
11
0.101619
21
0.040381
31
-0.034159
12
0.102141
22
0.040845
32
-0.034722
0
3DFACE
62
163
10
0.101958
20
0.040330
30
-0.034534
11
0.101763
21
0.040073
31
-0.034360
12
0.101619
22
0.040381
32
-0.034159
0
3DFACE
62
163
10
0.101958
20
0.040330
30
-0.034534
11
0.101808
21
0.039538
31
-0.034279
12
0.101763
22
0.040073
32
-0.034360
0
3DFACE
62
163
10
0.101671
20
0.039953
30
-0.034284
11
0.101619
21
0.040381
31
-0.034159
12
0.101763
22
0.040073
32
-0.034360
0
3DFACE
62
163
10
0.101671
20
0.039953
30
-0.034284
11
0.101763
21
0.040073
31
-0.034360
12
0.101808
22
0.039538
32
-0.034279
0
3DFACE
62
163
10
0.101286
20
0.039721
30
-0.033978
11
0.101808
21
0.039538
31
-0.034279
12
0.101200
22
0.038747
32
-0.033894
0
3DFACE
62
163
10
0.101286
20
0.039721
30
-0.033978
11
0.101619
21
0.040381
31
-0.034159
12
0.101671
22
0.039953
32
-0.034284
0
3DFACE
62
163
10
0.101286
20
0.039721
30
-0.033978
11
0.100954
21
0.039812
31
-0.033421
12
0.101583
22
0.040615
32
-0.033864
0
3DFACE
62
163
10
0.101286
20
0.039721
30
-0.033978
11
0.101671
21
0.039953
31
-0.034284
12
0.101808
22
0.039538
32
-0.034279
0
3DFACE
62
163
10
0.101286
20
0.039721
30
-0.033978
11
0.101583
21
0.040615
31
-0.033864
12
0.101619
22
0.040381
32
-0.034159
0
3DFACE
62
163
10
0.100972
20
0.039317
30
-0.033787
11
0.101286
21
0.039721
31
-0.033978
12
0.101200
22
0.038747
32
-0.033894
0
3DFACE
62
163
10
0.100972
20
0.039317
30
-0.033787
11
0.100954
21
0.039812
31
-0.033421
12
0.101286
22
0.039721
32
-0.033978
0
3DFACE
62
163
10
0.100660
20
0.038915
30
-0.033633
11
0.101200
21
0.038747
31
-0.033894
12
0.100561
22
0.037924
32
-0.033640
0
3DFACE
62
163
10
0.100660
20
0.038915
30
-0.033633
11
0.100972
21
0.039317
31
-0.033787
12
0.101200
22
0.038747
32
-0.033894
0
3DFACE
62
163
10
0.100660
20
0.038915
30
-0.033633
11
0.100954
21
0.039812
31
-0.033421
12
0.100972
22
0.039317
32
-0.033787
0
3DFACE
62
163
10
0.100660
20
0.038915
30
-0.033633
11
0.100286
21
0.038970
31
-0.033107
12
0.100954
22
0.039812
32
-0.033421
0
3DFACE
62
163
10
0.100331
20
0.038495
30
-0.033508
11
0.100660
21
0.038915
31
-0.033633
12
0.100561
22
0.037924
32
-0.033640
0
3DFACE
62
163
10
0.100331
20
0.038495
30
-0.033508
11
0.100286
21
0.038970
31
-0.033107
12
0.100660
22
0.038915
32
-0.033633
0
3DFACE
62
163
10
0.100007
20
0.038084
30
-0.033420
11
0.100561
21
0.037924
31
-0.033640
12
0.099906
22
0.037090
32
-0.033523
0
3DFACE
62
163
10
0.100007
20
0.038084
30
-0.033420
11
0.099906
21
0.037090
31
-0.033523
12
0.099580
22
0.037269
32
-0.033443
0
3DFACE
62
163
10
0.100007
20
0.038084
30
-0.033420
11
0.100331
21
0.038495
31
-0.033508
12
0.100561
22
0.037924
32
-0.033640
0
3DFACE
62
163
10
0.100007
20
0.038084
30
-0.033420
11
0.100286
21
0.038970
31
-0.033107
12
0.100331
22
0.038495
32
-0.033508
0
3DFACE
62
163
10
0.100007
20
0.038084
30
-0.033420
11
0.099597
21
0.038109
31
-0.032930
12
0.100286
22
0.038970
32
-0.033107
0
3DFACE
62
163
10
0.099537
20
0.037726
30
-0.033230
11
0.099364
21
0.037510
31
-0.033217
12
0.099597
22
0.038109
32
-0.032930
0
3DFACE
62
163
10
0.099537
20
0.037726
30
-0.033230
11
0.099580
21
0.037269
31
-0.033443
12
0.099364
22
0.037510
32
-0.033217
0
3DFACE
62
163
10
0.099537
20
0.037726
30
-0.033230
11
0.099597
21
0.038109
31
-0.032930
12
0.100007
22
0.038084
32
-0.033420
0
3DFACE
62
163
10
0.099537
20
0.037726
30
-0.033230
11
0.100007
21
0.038084
31
-0.033420
12
0.099580
22
0.037269
32
-0.033443
0
3DFACE
62
163
10
0.099204
20
0.037310
30
-0.033213
11
0.099364
21
0.037510
31
-0.033217
12
0.099580
22
0.037269
32
-0.033443
0
3DFACE
62
163
10
0.099204
20
0.037310
30
-0.033213
11
0.098901
21
0.037246
31
-0.032894
12
0.099364
22
0.037510
32
-0.033217
0
3DFACE
62
163
10
0.099007
20
0.036822
30
-0.033357
11
0.099204
21
0.037310
31
-0.033213
12
0.099580
22
0.037269
32
-0.033443
0
3DFACE
62
163
10
0.099007
20
0.036822
30
-0.033357
11
0.099580
21
0.037269
31
-0.033443
12
0.099247
22
0.036254
32
-0.033544
0
3DFACE
62
163
10
0.099007
20
0.036822
30
-0.033357
11
0.098901
21
0.037246
31
-0.032894
12
0.099204
22
0.037310
32
-0.033213
0
3DFACE
62
163
10
0.098679
20
0.036407
30
-0.033403
11
0.099247
21
0.036254
31
-0.033544
12
0.098594
22
0.035418
32
-0.033703
0
3DFACE
62
163
10
0.098679
20
0.036407
30
-0.033403
11
0.099007
21
0.036822
31
-0.033357
12
0.099247
22
0.036254
32
-0.033544
0
3DFACE
62
163
10
0.098679
20
0.036407
30
-0.033403
11
0.098901
21
0.037246
31
-0.032894
12
0.099007
22
0.036822
32
-0.033357
0
3DFACE
62
163
10
0.098679
20
0.036407
30
-0.033403
11
0.098206
21
0.036379
31
-0.032997
12
0.098901
22
0.037246
32
-0.032894
0
3DFACE
62
163
10
0.098344
20
0.035982
30
-0.033486
11
0.098679
21
0.036407
31
-0.033403
12
0.098594
22
0.035418
32
-0.033703
0
3DFACE
62
163
10
0.098344
20
0.035982
30
-0.033486
11
0.098206
21
0.036379
31
-0.032997
12
0.098679
22
0.036407
32
-0.033403
0
3DFACE
62
163
10
0.098024
20
0.035573
30
-0.033600
11
0.098594
21
0.035418
31
-0.033703
12
0.097963
22
0.034605
32
-0.033997
0
3DFACE
62
163
10
0.098024
20
0.035573
30
-0.033600
11
0.097525
21
0.035524
31
-0.033239
12
0.098206
22
0.036379
32
-0.032997
0
3DFACE
62
163
10
0.098024
20
0.035573
30
-0.033600
11
0.098344
21
0.035982
31
-0.033486
12
0.098594
22
0.035418
32
-0.033703
0
3DFACE
62
163
10
0.098024
20
0.035573
30
-0.033600
11
0.098206
21
0.036379
31
-0.032997
12
0.098344
22
0.035982
32
-0.033486
0
3DFACE
62
163
10
0.097701
20
0.035159
30
-0.033751
11
0.098024
21
0.035573
31
-0.033600
12
0.097963
22
0.034605
32
-0.033997
0
3DFACE
62
163
10
0.097701
20
0.035159
30
-0.033751
11
0.096875
21
0.034703
31
-0.033614
12
0.097525
22
0.035524
32
-0.033239
0
3DFACE
62
163
10
0.097701
20
0.035159
30
-0.033751
11
0.097525
21
0.035524
31
-0.033239
12
0.098024
22
0.035573
32
-0.033600
0
3DFACE
62
163
10
0.097701
20
0.035159
30
-0.033751
11
0.097072
21
0.034604
31
-0.033934
12
0.096875
22
0.034703
32
-0.033614
0
3DFACE
62
163
10
0.097524
20
0.034643
30
-0.034029
11
0.097701
21
0.035159
31
-0.033751
12
0.097963
22
0.034605
32
-0.033997
0
3DFACE
62
163
10
0.097524
20
0.034643
30
-0.034029
11
0.097072
21
0.034604
31
-0.033934
12
0.097701
22
0.035159
32
-0.033751
0
3DFACE
62
163
10
0.097524
20
0.034643
30
-0.034029
11
0.097963
21
0.034605
31
-0.033997
12
0.097360
22
0.034430
32
-0.034141
0
3DFACE
62
163
10
0.097524
20
0.034643
30
-0.034029
11
0.097360
21
0.034430
31
-0.034141
12
0.097072
22
0.034604
32
-0.033934
0
3DFACE
62
163
10
0.097224
20
0.034253
30
-0.034242
11
0.097360
21
0.034430
31
-0.034141
12
0.097369
22
0.033830
32
-0.034418
0
3DFACE
62
163
10
0.097224
20
0.034253
30
-0.034242
11
0.097072
21
0.034604
31
-0.033934
12
0.097360
22
0.034430
32
-0.034141
0
3DFACE
62
163
10
0.096806
20
0.033998
30
-0.034382
11
0.097224
21
0.034253
31
-0.034242
12
0.097369
22
0.033830
32
-0.034418
0
3DFACE
62
163
10
0.096806
20
0.033998
30
-0.034382
11
0.097072
21
0.034604
31
-0.033934
12
0.097224
22
0.034253
32
-0.034242
0
3DFACE
62
163
10
0.096806
20
0.033998
30
-0.034382
11
0.096267
21
0.033920
31
-0.034117
12
0.097072
22
0.034604
32
-0.033934
0
3DFACE
62
163
10
0.096523
20
0.033622
30
-0.034660
11
0.097369
21
0.033830
31
-0.034418
12
0.096819
22
0.033093
32
-0.034964
0
3DFACE
62
163
10
0.096523
20
0.033622
30
-0.034660
11
0.095708
21
0.033180
31
-0.034743
12
0.096267
22
0.033920
32
-0.034117
0
3DFACE
62
163
10
0.096523
20
0.033622
30
-0.034660
11
0.096806
21
0.033998
31
-0.034382
12
0.097369
22
0.033830
32
-0.034418
0
3DFACE
62
163
10
0.096523
20
0.033622
30
-0.034660
11
0.096267
21
0.033920
31
-0.034117
12
0.096806
22
0.033998
32
-0.034382
0
3DFACE
62
163
10
0.096262
20
0.033269
30
-0.034959
11
0.096523
21
0.033622
31
-0.034660
12
0.096819
22
0.033093
32
-0.034964
0
3DFACE
62
163
10
0.096262
20
0.033269
30
-0.034959
11
0.095708
21
0.033180
31
-0.034743
12
0.096523
22
0.033622
32
-0.034660
0
3DFACE
62
163
10
0.096008
20
0.032918
30
-0.035295
11
0.096819
21
0.033093
31
-0.034964
12
0.096327
22
0.032407
32
-0.035625
0
3DFACE
62
163
10
0.096008
20
0.032918
30
-0.035295
11
0.096262
21
0.033269
31
-0.034959
12
0.096819
22
0.033093
32
-0.034964
0
3DFACE
62
163
10
0.096008
20
0.032918
30
-0.035295
11
0.095214
21
0.032500
31
-0.035480
12
0.095708
22
0.033180
32
-0.034743
0
3DFACE
62
163
10
0.096008
20
0.032918
30
-0.035295
11
0.095708
21
0.033180
31
-0.034743
12
0.096262
22
0.033269
32
-0.034959
0
3DFACE
62
163
10
0.095777
20
0.032595
30
-0.035646
11
0.096327
21
0.032407
31
-0.035625
12
0.095904
22
0.031790
32
-0.036384
0
3DFACE
62
163
10
0.095777
20
0.032595
30
-0.035646
11
0.096008
21
0.032918
31
-0.035295
12
0.096327
22
0.032407
32
-0.035625
0
3DFACE
62
163
10
0.095777
20
0.032595
30
-0.035646
11
0.095214
21
0.032500
31
-0.035480
12
0.096008
22
0.032918
32
-0.035295
0
3DFACE
62
163
10
0.095777
20
0.032595
30
-0.035646
11
0.095904
21
0.031790
31
-0.036384
12
0.095619
22
0.032038
32
-0.036313
0
3DFACE
62
163
10
0.095391
20
0.032331
30
-0.035933
11
0.095272
21
0.032157
31
-0.036167
12
0.095214
22
0.032500
32
-0.035480
0
3DFACE
62
163
10
0.095391
20
0.032331
30
-0.035933
11
0.095619
21
0.032038
31
-0.036313
12
0.095272
22
0.032157
32
-0.036167
0
3DFACE
62
163
10
0.095391
20
0.032331
30
-0.035933
11
0.095777
21
0.032595
31
-0.035646
12
0.095619
22
0.032038
32
-0.036313
0
3DFACE
62
163
10
0.095391
20
0.032331
30
-0.035933
11
0.095214
21
0.032500
31
-0.035480
12
0.095777
22
0.032595
32
-0.035646
0
3DFACE
62
163
10
0.095193
20
0.032040
30
-0.036334
11
0.094794
21
0.031894
31
-0.036308
12
0.095272
22
0.032157
32
-0.036167
0
3DFACE
62
163
10
0.095193
20
0.032040
30
-0.036334
11
0.095272
21
0.032157
31
-0.036167
12
0.095619
22
0.032038
32
-0.036313
0
3DFACE
62
163
10
0.095183
20
0.031712
30
-0.036857
11
0.095904
21
0.031790
31
-0.036384
12
0.095558
22
0.031245
32
-0.037232
0
3DFACE
62
163
10
0.095183
20
0.031712
30
-0.036857
11
0.094794
21
0.031894
31
-0.036308
12
0.095193
22
0.032040
32
-0.036334
0
3DFACE
62
163
10
0.095183
20
0.031712
30
-0.036857
11
0.094454
21
0.031359
31
-0.037227
12
0.094794
22
0.031894
32
-0.036308
0
3DFACE
62
163
10
0.095183
20
0.031712
30
-0.036857
11
0.095193
21
0.032040
31
-0.036334
12
0.095619
22
0.032038
32
-0.036313
0
3DFACE
62
163
10
0.095183
20
0.031712
30
-0.036857
11
0.095619
21
0.032038
31
-0.036313
12
0.095904
22
0.031790
32
-0.036384
0
3DFACE
62
163
10
0.095028
20
0.031457
30
-0.037296
11
0.095183
21
0.031712
31
-0.036857
12
0.095558
22
0.031245
32
-0.037232
0
3DFACE
62
163
10
0.095028
20
0.031457
30
-0.037296
11
0.094454
21
0.031359
31
-0.037227
12
0.095183
22
0.031712
32
-0.036857
0
3DFACE
62
163
10
0.094889
20
0.031215
30
-0.037767
11
0.095558
21
0.031245
31
-0.037232
12
0.095296
22
0.030775
32
-0.038160
0
3DFACE
62
163
10
0.094889
20
0.031215
30
-0.037767
11
0.094203
21
0.030905
31
-0.038219
12
0.094454
22
0.031359
32
-0.037227
0
3DFACE
62
163
10
0.094889
20
0.031215
30
-0.037767
11
0.095028
21
0.031457
31
-0.037296
12
0.095558
22
0.031245
32
-0.037232
0
3DFACE
62
163
10
0.094889
20
0.031215
30
-0.037767
11
0.094454
21
0.031359
31
-0.037227
12
0.095028
22
0.031457
32
-0.037296
0
3DFACE
62
163
10
0.094777
20
0.031000
30
-0.038240
11
0.094889
21
0.031215
31
-0.037767
12
0.095296
22
0.030775
32
-0.038160
0
3DFACE
62
163
10
0.094777
20
0.031000
30
-0.038240
11
0.094203
21
0.030905
31
-0.038219
12
0.094889
22
0.031215
32
-0.037767
0
3DFACE
62
163
10
0.094684
20
0.030802
30
-0.038741
11
0.094203
21
0.030905
31
-0.038219
12
0.094777
22
0.031000
32
-0.038240
0
3DFACE
62
163
10
0.094684
20
0.030802
30
-0.038741
11
0.095296
21
0.030775
31
-0.038160
12
0.095126
22
0.030392
32
-0.039144
0
3DFACE
62
163
10
0.094684
20
0.030802
30
-0.038741
11
0.094397
21
0.030573
31
-0.039474
12
0.094046
22
0.030543
32
-0.039260
0
3DFACE
62
163
10
0.094684
20
0.030802
30
-0.038741
11
0.094046
21
0.030543
31
-0.039260
12
0.094203
22
0.030905
32
-0.038219
0
3DFACE
62
163
10
0.094684
20
0.030802
30
-0.038741
11
0.094777
21
0.031000
31
-0.038240
12
0.095296
22
0.030775
32
-0.038160
0
3DFACE
62
163
10
0.094797
20
0.030548
30
-0.039326
11
0.094397
21
0.030573
31
-0.039474
12
0.094684
22
0.030802
32
-0.038741
0
3DFACE
62
163
10
0.094797
20
0.030548
30
-0.039326
11
0.094778
21
0.030486
31
-0.039531
12
0.094397
22
0.030573
32
-0.039474
0
3DFACE
62
163
10
0.094797
20
0.030548
30
-0.039326
11
0.095126
21
0.030392
31
-0.039144
12
0.094778
22
0.030486
32
-0.039531
0
3DFACE
62
163
10
0.094797
20
0.030548
30
-0.039326
11
0.094684
21
0.030802
31
-0.038741
12
0.095126
22
0.030392
32
-0.039144
0
3DFACE
62
163
10
0.094756
20
0.030400
30
-0.039839
11
0.094397
21
0.030573
31
-0.039474
12
0.094778
22
0.030486
32
-0.039531
0
3DFACE
62
163
10
0.094756
20
0.030400
30
-0.039839
11
0.094778
21
0.030486
31
-0.039531
12
0.095051
22
0.030102
32
-0.040164
0
3DFACE
62
163
10
0.094553
20
0.030354
30
-0.040267
11
0.094756
21
0.030400
31
-0.039839
12
0.095051
22
0.030102
32
-0.040164
0
3DFACE
62
163
10
0.094553
20
0.030354
30
-0.040267
11
0.094397
21
0.030573
31
-0.039474
12
0.094756
22
0.030400
32
-0.039839
0
3DFACE
62
163
10
0.094553
20
0.030354
30
-0.040267
11
0.093987
21
0.030273
31
-0.040336
12
0.094397
22
0.030573
32
-0.039474
0
3DFACE
62
163
10
0.094559
20
0.030247
30
-0.040803
11
0.093987
21
0.030273
31
-0.040336
12
0.094553
22
0.030354
32
-0.040267
0
3DFACE
62
163
10
0.094559
20
0.030247
30
-0.040803
11
0.095051
21
0.030102
31
-0.040164
12
0.095077
22
0.029901
32
-0.041216
0
3DFACE
62
163
10
0.094559
20
0.030247
30
-0.040803
11
0.094031
21
0.030095
31
-0.041440
12
0.093987
22
0.030273
32
-0.040336
0
3DFACE
62
163
10
0.094559
20
0.030247
30
-0.040803
11
0.094553
21
0.030354
31
-0.040267
12
0.095051
22
0.030102
32
-0.040164
0
3DFACE
62
163
10
0.094589
20
0.030166
30
-0.041328
11
0.094559
21
0.030247
31
-0.040803
12
0.095077
22
0.029901
32
-0.041216
0
3DFACE
62
163
10
0.094589
20
0.030166
30
-0.041328
11
0.094031
21
0.030095
31
-0.041440
12
0.094559
22
0.030247
32
-0.040803
0
3DFACE
62
163
10
0.094646
20
0.030105
30
-0.041869
11
0.094031
21
0.030095
31
-0.041440
12
0.094589
22
0.030166
32
-0.041328
0
3DFACE
62
163
10
0.094646
20
0.030105
30
-0.041869
11
0.095077
21
0.029901
31
-0.041216
12
0.095205
22
0.029794
32
-0.042275
0
3DFACE
62
163
10
0.094646
20
0.030105
30
-0.041869
11
0.094177
21
0.030013
31
-0.042545
12
0.094031
22
0.030095
32
-0.041440
0
3DFACE
62
163
10
0.094646
20
0.030105
30
-0.041869
11
0.094589
21
0.030166
31
-0.041328
12
0.095077
22
0.029901
32
-0.041216
0
3DFACE
62
163
10
0.094726
20
0.030071
30
-0.042392
11
0.094646
21
0.030105
31
-0.041869
12
0.095205
22
0.029794
32
-0.042275
0
3DFACE
62
163
10
0.094726
20
0.030071
30
-0.042392
11
0.094177
21
0.030013
31
-0.042545
12
0.094646
22
0.030105
32
-0.041869
0
3DFACE
62
163
10
0.094726
20
0.030071
30
-0.042392
11
0.095205
21
0.029794
31
-0.042275
12
0.095078
22
0.029999
32
-0.043157
0
3DFACE
62
163
10
0.094616
20
0.030081
30
-0.042857
11
0.095078
21
0.029999
31
-0.043157
12
0.094695
22
0.030084
32
-0.043200
0
3DFACE
62
163
10
0.094616
20
0.030081
30
-0.042857
11
0.094177
21
0.030013
31
-0.042545
12
0.094726
22
0.030071
32
-0.042392
0
3DFACE
62
163
10
0.094616
20
0.030081
30
-0.042857
11
0.094695
21
0.030084
31
-0.043200
12
0.094177
22
0.030013
32
-0.042545
0
3DFACE
62
163
10
0.094616
20
0.030081
30
-0.042857
11
0.094726
21
0.030071
31
-0.042392
12
0.095078
22
0.029999
32
-0.043157
0
3DFACE
62
163
10
0.094740
20
0.030090
30
-0.043376
11
0.094695
21
0.030084
31
-0.043200
12
0.095078
22
0.029999
32
-0.043157
0
3DFACE
62
163
10
0.094740
20
0.030090
30
-0.043376
11
0.094422
21
0.030028
31
-0.043627
12
0.094695
22
0.030084
32
-0.043200
0
3DFACE
62
163
10
0.095114
20
0.030105
30
-0.043956
11
0.095430
21
0.029783
31
-0.043315
12
0.095755
22
0.029863
32
-0.044328
0
3DFACE
62
163
10
0.095114
20
0.030105
30
-0.043956
11
0.094422
21
0.030028
31
-0.043627
12
0.094740
22
0.030090
32
-0.043376
0
3DFACE
62
163
10
0.095114
20
0.030105
30
-0.043956
11
0.094769
21
0.030134
31
-0.044682
12
0.094422
22
0.030028
32
-0.043627
0
3DFACE
62
163
10
0.095114
20
0.030105
30
-0.043956
11
0.094740
21
0.030090
31
-0.043376
12
0.095078
22
0.029999
32
-0.043157
0
3DFACE
62
163
10
0.095114
20
0.030105
30
-0.043956
11
0.095078
21
0.029999
31
-0.043157
12
0.095430
22
0.029783
32
-0.043315
0
3DFACE
62
163
10
0.095290
20
0.030160
30
-0.044454
11
0.095114
21
0.030105
31
-0.043956
12
0.095755
22
0.029863
32
-0.044328
0
3DFACE
62
163
10
0.095290
20
0.030160
30
-0.044454
11
0.094769
21
0.030134
31
-0.044682
12
0.095114
22
0.030105
32
-0.043956
0
3DFACE
62
163
10
0.095497
20
0.030239
30
-0.044955
11
0.095755
21
0.029863
31
-0.044328
12
0.096178
22
0.030032
32
-0.045300
0
3DFACE
62
163
10
0.095497
20
0.030239
30
-0.044955
11
0.094769
21
0.030134
31
-0.044682
12
0.095290
22
0.030160
32
-0.044454
0
3DFACE
62
163
10
0.095497
20
0.030239
30
-0.044955
11
0.095214
21
0.030330
31
-0.045690
12
0.094769
22
0.030134
32
-0.044682
0
3DFACE
62
163
10
0.095497
20
0.030239
30
-0.044955
11
0.095290
21
0.030160
31
-0.044454
12
0.095755
22
0.029863
32
-0.044328
0
3DFACE
62
163
10
0.095719
20
0.030337
30
-0.045428
11
0.095214
21
0.030330
31
-0.045690
12
0.095497
22
0.030239
32
-0.044955
0
3DFACE
62
163
10
0.095719
20
0.030337
30
-0.045428
11
0.095497
21
0.030239
31
-0.044955
12
0.096178
22
0.030032
32
-0.045300
0
3DFACE
62
163
10
0.095970
20
0.030459
30
-0.045897
11
0.096184
21
0.030706
31
-0.046608
12
0.095746
22
0.030610
32
-0.046628
0
3DFACE
62
163
10
0.095970
20
0.030459
30
-0.045897
11
0.095719
21
0.030337
31
-0.045428
12
0.096178
22
0.030032
32
-0.045300
0
3DFACE
62
163
10
0.095970
20
0.030459
30
-0.045897
11
0.096178
21
0.030032
31
-0.045300
12
0.096688
22
0.030284
32
-0.046204
0
3DFACE
62
163
10
0.095970
20
0.030459
30
-0.045897
11
0.095214
21
0.030330
31
-0.045690
12
0.095719
22
0.030337
32
-0.045428
0
3DFACE
62
163
10
0.095970
20
0.030459
30
-0.045897
11
0.095746
21
0.030610
31
-0.046628
12
0.095214
22
0.030330
32
-0.045690
0
3DFACE
62
163
10
0.096463
20
0.030552
30
-0.046360
11
0.096184
21
0.030706
31
-0.046608
12
0.095970
22
0.030459
32
-0.045897
0
3DFACE
62
163
10
0.096463
20
0.030552
30
-0.046360
11
0.096537
21
0.030593
31
-0.046472
12
0.096184
22
0.030706
32
-0.046608
0
3DFACE
62
163
10
0.096463
20
0.030552
30
-0.046360
11
0.095970
21
0.030459
31
-0.045897
12
0.096688
22
0.030284
32
-0.046204
0
3DFACE
62
163
10
0.096463
20
0.030552
30
-0.046360
11
0.096688
21
0.030284
31
-0.046204
12
0.096537
22
0.030593
32
-0.046472
0
3DFACE
62
163
10
0.096754
20
0.030715
30
-0.046780
11
0.096184
21
0.030706
31
-0.046608
12
0.096537
22
0.030593
32
-0.046472
0
3DFACE
62
163
10
0.096754
20
0.030715
30
-0.046780
11
0.096688
21
0.030284
31
-0.046204
12
0.097278
22
0.030613
32
-0.047026
0
3DFACE
62
163
10
0.096754
20
0.030715
30
-0.046780
11
0.096537
21
0.030593
31
-0.046472
12
0.096688
22
0.030284
32
-0.046204
0
3DFACE
62
163
10
0.096827
20
0.030933
30
-0.047158
11
0.096754
21
0.030715
31
-0.046780
12
0.097278
22
0.030613
32
-0.047026
0
3DFACE
62
163
10
0.096827
20
0.030933
30
-0.047158
11
0.096184
21
0.030706
31
-0.046608
12
0.096754
22
0.030715
32
-0.046780
0
3DFACE
62
163
10
0.096827
20
0.030933
30
-0.047158
11
0.096359
21
0.030968
31
-0.047482
12
0.096184
22
0.030706
32
-0.046608
0
3DFACE
62
163
10
0.097108
20
0.031100
30
-0.047488
11
0.097278
21
0.030613
31
-0.047026
12
0.097842
22
0.030948
32
-0.047656
0
3DFACE
62
163
10
0.097108
20
0.031100
30
-0.047488
11
0.096359
21
0.030968
31
-0.047482
12
0.096827
22
0.030933
32
-0.047158
0
3DFACE
62
163
10
0.097108
20
0.031100
30
-0.047488
11
0.097053
21
0.031396
31
-0.048247
12
0.096359
22
0.030968
32
-0.047482
0
3DFACE
62
163
10
0.097108
20
0.031100
30
-0.047488
11
0.096827
21
0.030933
31
-0.047158
12
0.097278
22
0.030613
32
-0.047026
0
3DFACE
62
163
10
0.097446
20
0.031305
30
-0.047843
11
0.097108
21
0.031100
31
-0.047488
12
0.097842
22
0.030948
32
-0.047656
0
3DFACE
62
163
10
0.097446
20
0.031305
30
-0.047843
11
0.097053
21
0.031396
31
-0.048247
12
0.097108
22
0.031100
32
-0.047488
0
3DFACE
62
163
10
0.097755
20
0.031497
30
-0.048133
11
0.097842
21
0.030948
31
-0.047656
12
0.098456
22
0.031329
32
-0.048212
0
3DFACE
62
163
10
0.097755
20
0.031497
30
-0.048133
11
0.097446
21
0.031305
31
-0.047843
12
0.097842
22
0.030948
32
-0.047656
0
3DFACE
62
163
10
0.097755
20
0.031497
30
-0.048133
11
0.097053
21
0.031396
31
-0.048247
12
0.097446
22
0.031305
32
-0.047843
0
3DFACE
62
163
10
0.097755
20
0.031497
30
-0.048133
11
0.097813
21
0.031887
31
-0.048904
12
0.097053
22
0.031396
32
-0.048247
0
3DFACE
62
163
10
0.098121
20
0.031730
30
-0.048439
11
0.097813
21
0.031887
31
-0.048904
12
0.097755
22
0.031497
32
-0.048133
0
3DFACE
62
163
10
0.098121
20
0.031730
30
-0.048439
11
0.097755
21
0.031497
31
-0.048133
12
0.098456
22
0.031329
32
-0.048212
0
3DFACE
62
163
10
0.098551
20
0.031814
30
-0.048562
11
0.098456
21
0.031329
31
-0.048212
12
0.099468
22
0.032273
32
-0.049023
0
3DFACE
62
163
10
0.098551
20
0.031814
30
-0.048562
11
0.099468
21
0.032273
31
-0.049023
12
0.098644
22
0.032234
32
-0.049021
0
3DFACE
62
163
10
0.098551
20
0.031814
30
-0.048562
11
0.098121
21
0.031730
31
-0.048439
12
0.098456
22
0.031329
32
-0.048212
0
3DFACE
62
163
10
0.099017
20
0.032431
30
-0.049167
11
0.098622
21
0.032427
31
-0.049440
12
0.098644
22
0.032234
32
-0.049021
0
3DFACE
62
163
10
0.099017
20
0.032431
30
-0.049167
11
0.098644
21
0.032234
31
-0.049021
12
0.099468
22
0.032273
32
-0.049023
0
3DFACE
62
163
10
0.099427
20
0.032705
30
-0.049371
11
0.100559
21
0.033291
31
-0.049616
12
0.099478
22
0.033009
32
-0.049851
0
3DFACE
62
163
10
0.099427
20
0.032705
30
-0.049371
11
0.099017
21
0.032431
31
-0.049167
12
0.099468
22
0.032273
32
-0.049023
0
3DFACE
62
163
10
0.099427
20
0.032705
30
-0.049371
11
0.099468
21
0.032273
31
-0.049023
12
0.100559
22
0.033291
32
-0.049616
0
3DFACE
62
163
10
0.099427
20
0.032705
30
-0.049371
11
0.098622
21
0.032427
31
-0.049440
12
0.099017
22
0.032431
32
-0.049167
0
3DFACE
62
163
10
0.099427
20
0.032705
30
-0.049371
11
0.099478
21
0.033009
31
-0.049851
12
0.098622
22
0.032427
32
-0.049440
0
3DFACE
62
163
10
0.074623
20
0.053312
30
-0.045681
11
0.074298
21
0.053312
31
-0.045450
12
0.074777
22
0.053015
32
-0.045363
0
3DFACE
62
163
10
0.074623
20
0.053312
30
-0.045681
11
0.074777
21
0.053015
31
-0.045363
12
0.075292
22
0.053273
32
-0.046261
0
3DFACE
62
163
10
0.074623
20
0.053312
30
-0.045681
11
0.074419
21
0.053496
31
-0.046078
12
0.074298
22
0.053312
32
-0.045450
0
3DFACE
62
163
10
0.074885
20
0.053445
30
-0.046133
11
0.074751
21
0.053675
31
-0.046608
12
0.074419
22
0.053496
32
-0.046078
0
3DFACE
62
163
10
0.074885
20
0.053445
30
-0.046133
11
0.074623
21
0.053312
31
-0.045681
12
0.075292
22
0.053273
32
-0.046261
0
3DFACE
62
163
10
0.074885
20
0.053445
30
-0.046133
11
0.074419
21
0.053496
31
-0.046078
12
0.074623
22
0.053312
32
-0.045681
0
3DFACE
62
163
10
0.074885
20
0.053445
30
-0.046133
11
0.075292
21
0.053273
31
-0.046261
12
0.075104
22
0.053563
32
-0.046472
0
3DFACE
62
163
10
0.074885
20
0.053445
30
-0.046133
11
0.075104
21
0.053563
31
-0.046472
12
0.074751
22
0.053675
32
-0.046608
0
3DFACE
62
163
10
0.084025
20
0.055154
30
-0.033511
11
0.084083
21
0.055502
31
-0.033456
12
0.084454
22
0.055109
32
-0.033631
0
3DFACE
62
163
10
0.084025
20
0.055154
30
-0.033511
11
0.083634
21
0.055169
31
-0.033252
12
0.084083
22
0.055502
32
-0.033456
0
3DFACE
62
163
10
0.084025
20
0.055154
30
-0.033511
11
0.084454
21
0.055109
31
-0.033631
12
0.083798
22
0.054275
32
-0.033521
0
3DFACE
62
163
10
0.083693
20
0.054733
30
-0.033458
11
0.083798
21
0.054275
31
-0.033521
12
0.083505
22
0.054496
32
-0.033443
0
3DFACE
62
163
10
0.083693
20
0.054733
30
-0.033458
11
0.083505
21
0.054496
31
-0.033443
12
0.083290
22
0.054737
32
-0.033217
0
3DFACE
62
163
10
0.083693
20
0.054733
30
-0.033458
11
0.083290
21
0.054737
31
-0.033217
12
0.083634
22
0.055169
32
-0.033252
0
3DFACE
62
163
10
0.083693
20
0.054733
30
-0.033458
11
0.084025
21
0.055154
31
-0.033511
12
0.083798
22
0.054275
32
-0.033521
0
3DFACE
62
163
10
0.083693
20
0.054733
30
-0.033458
11
0.083634
21
0.055169
31
-0.033252
12
0.084025
22
0.055154
32
-0.033511
0
3DFACE
62
163
10
0.083037
20
0.053904
30
-0.033454
11
0.083505
21
0.054496
31
-0.033443
12
0.083798
22
0.054275
32
-0.033521
0
3DFACE
62
163
10
0.083037
20
0.053904
30
-0.033454
11
0.082968
21
0.054334
31
-0.033217
12
0.083505
22
0.054496
32
-0.033443
0
3DFACE
62
163
10
0.083037
20
0.053904
30
-0.033454
11
0.082756
21
0.053827
31
-0.033378
12
0.082968
22
0.054334
32
-0.033217
0
3DFACE
62
163
10
0.083037
20
0.053904
30
-0.033454
11
0.083139
21
0.053439
31
-0.033549
12
0.082756
22
0.053827
32
-0.033378
0
3DFACE
62
163
10
0.083037
20
0.053904
30
-0.033454
11
0.083798
21
0.054275
31
-0.033521
12
0.083139
22
0.053439
32
-0.033549
0
3DFACE
62
163
10
0.079315
20
0.049556
30
-0.035937
11
0.079545
21
0.049266
31
-0.036313
12
0.079198
22
0.049384
32
-0.036167
0
3DFACE
62
163
10
0.079315
20
0.049556
30
-0.035937
11
0.078926
21
0.049424
31
-0.035870
12
0.079386
22
0.050069
32
-0.035088
0
3DFACE
62
163
10
0.079315
20
0.049556
30
-0.035937
11
0.079198
21
0.049384
31
-0.036167
12
0.078926
22
0.049424
32
-0.035870
0
3DFACE
62
163
10
0.079315
20
0.049556
30
-0.035937
11
0.079734
21
0.049543
31
-0.035950
12
0.079545
22
0.049266
32
-0.036313
0
3DFACE
62
163
10
0.079315
20
0.049556
30
-0.035937
11
0.079386
21
0.050069
31
-0.035088
12
0.079807
22
0.049970
32
-0.035480
0
3DFACE
62
163
10
0.079315
20
0.049556
30
-0.035937
11
0.079807
21
0.049970
31
-0.035480
12
0.079734
22
0.049543
32
-0.035950
0
3DFACE
62
163
10
0.079447
20
0.049118
30
-0.036523
11
0.079198
21
0.049384
31
-0.036167
12
0.079545
22
0.049266
32
-0.036313
0
3DFACE
62
163
10
0.079447
20
0.049118
30
-0.036523
11
0.079468
21
0.048447
31
-0.037277
12
0.079023
22
0.048800
32
-0.037090
0
3DFACE
62
163
10
0.079447
20
0.049118
30
-0.036523
11
0.079029
21
0.049131
31
-0.036536
12
0.079198
22
0.049384
32
-0.036167
0
3DFACE
62
163
10
0.079447
20
0.049118
30
-0.036523
11
0.079023
21
0.048800
31
-0.037090
12
0.079029
22
0.049131
32
-0.036536
0
3DFACE
62
163
10
0.079447
20
0.049118
30
-0.036523
11
0.079810
21
0.048989
31
-0.036425
12
0.079468
22
0.048447
32
-0.037277
0
3DFACE
62
163
10
0.079447
20
0.049118
30
-0.036523
11
0.079545
21
0.049266
31
-0.036313
12
0.079810
22
0.048989
32
-0.036425
0
3DFACE
62
163
10
0.078551
20
0.047308
30
-0.042899
11
0.078015
21
0.047270
31
-0.041977
12
0.078611
22
0.047311
32
-0.042150
0
3DFACE
62
163
10
0.078551
20
0.047308
30
-0.042899
11
0.078209
21
0.047236
31
-0.043073
12
0.078015
22
0.047270
32
-0.041977
0
3DFACE
62
163
10
0.078551
20
0.047308
30
-0.042899
11
0.078611
21
0.047311
31
-0.042150
12
0.078910
22
0.047225
32
-0.042748
0
3DFACE
62
163
10
0.078551
20
0.047308
30
-0.042899
11
0.078910
21
0.047225
31
-0.042748
12
0.079004
22
0.047226
32
-0.043157
0
3DFACE
62
163
10
0.078551
20
0.047308
30
-0.042899
11
0.078620
21
0.047311
31
-0.043200
12
0.078209
22
0.047236
32
-0.043073
0
3DFACE
62
163
10
0.078551
20
0.047308
30
-0.042899
11
0.079004
21
0.047226
31
-0.043157
12
0.078620
22
0.047311
32
-0.043200
0
3DFACE
62
163
10
0.085617
20
0.051144
30
-0.049726
11
0.084877
21
0.050845
31
-0.049744
12
0.085131
22
0.050372
32
-0.049547
0
3DFACE
62
163
10
0.085617
20
0.051144
30
-0.049726
11
0.085589
21
0.051512
31
-0.049963
12
0.085246
22
0.051275
32
-0.049940
0
3DFACE
62
163
10
0.085617
20
0.051144
30
-0.049726
11
0.085815
21
0.051280
31
-0.049737
12
0.085589
22
0.051512
32
-0.049963
0
3DFACE
62
163
10
0.085617
20
0.051144
30
-0.049726
11
0.085246
21
0.051275
31
-0.049940
12
0.084877
22
0.050845
32
-0.049744
0
3DFACE
62
163
10
0.085617
20
0.051144
30
-0.049726
11
0.086008
21
0.050968
31
-0.049658
12
0.085815
22
0.051280
32
-0.049737
0
3DFACE
62
163
10
0.085617
20
0.051144
30
-0.049726
11
0.085131
21
0.050372
31
-0.049547
12
0.086008
22
0.050968
32
-0.049658
0
3DFACE
62
163
10
0.091420
20
0.055344
30
-0.046727
11
0.091213
21
0.055225
31
-0.047013
12
0.091307
22
0.054870
32
-0.046867
0
3DFACE
62
163
10
0.091420
20
0.055344
30
-0.046727
11
0.091349
21
0.055591
31
-0.047098
12
0.091213
22
0.055225
32
-0.047013
0
3DFACE
62
163
10
0.091420
20
0.055344
30
-0.046727
11
0.091307
21
0.054870
31
-0.046867
12
0.091623
22
0.055047
32
-0.046422
0
3DFACE
62
163
10
0.091702
20
0.055499
30
-0.046297
11
0.091349
21
0.055591
31
-0.047098
12
0.091420
22
0.055344
32
-0.046727
0
3DFACE
62
163
10
0.091702
20
0.055499
30
-0.046297
11
0.091420
21
0.055344
31
-0.046727
12
0.091623
22
0.055047
32
-0.046422
0
3DFACE
62
163
10
0.091702
20
0.055499
30
-0.046297
11
0.091927
21
0.055914
31
-0.046202
12
0.091349
22
0.055591
32
-0.047098
0
3DFACE
62
163
10
0.091702
20
0.055499
30
-0.046297
11
0.091871
21
0.055391
31
-0.045982
12
0.091927
22
0.055914
32
-0.046202
0
3DFACE
62
163
10
0.091702
20
0.055499
30
-0.046297
11
0.091623
21
0.055047
31
-0.046422
12
0.091871
22
0.055391
32
-0.045982
0
3DFACE
62
163
10
0.093358
20
0.055169
30
-0.039644
11
0.093568
21
0.054891
31
-0.039822
12
0.093461
22
0.054569
32
-0.038810
0
3DFACE
62
163
10
0.093358
20
0.055169
30
-0.039644
11
0.093461
21
0.054569
31
-0.038810
12
0.093221
22
0.055108
32
-0.038835
0
3DFACE
62
163
10
0.093358
20
0.055169
30
-0.039644
11
0.093379
21
0.055269
31
-0.040023
12
0.093568
22
0.054891
32
-0.039822
0
3DFACE
62
163
10
0.093358
20
0.055169
30
-0.039644
11
0.093321
21
0.055657
31
-0.039980
12
0.093379
22
0.055269
32
-0.040023
0
3DFACE
62
163
10
0.093358
20
0.055169
30
-0.039644
11
0.093284
21
0.055508
31
-0.039425
12
0.093321
22
0.055657
32
-0.039980
0
3DFACE
62
163
10
0.093358
20
0.055169
30
-0.039644
11
0.093221
21
0.055108
31
-0.038835
12
0.093284
22
0.055508
32
-0.039425
0
3DFACE
62
163
10
0.085333
20
0.041823
30
-0.045668
11
0.085477
21
0.041523
31
-0.045331
12
0.085990
22
0.041779
32
-0.046233
0
3DFACE
62
163
10
0.085333
20
0.041823
30
-0.045668
11
0.085138
21
0.042012
31
-0.046083
12
0.085008
22
0.041824
32
-0.045439
0
3DFACE
62
163
10
0.085333
20
0.041823
30
-0.045668
11
0.085008
21
0.041824
31
-0.045439
12
0.085477
22
0.041523
32
-0.045331
0
3DFACE
62
163
10
0.085594
20
0.041956
30
-0.046120
11
0.085333
21
0.041823
31
-0.045668
12
0.085990
22
0.041779
32
-0.046233
0
3DFACE
62
163
10
0.085594
20
0.041956
30
-0.046120
11
0.085138
21
0.042012
31
-0.046083
12
0.085333
22
0.041823
32
-0.045668
0
3DFACE
62
163
10
0.085594
20
0.041956
30
-0.046120
11
0.085467
21
0.042191
31
-0.046608
12
0.085138
22
0.042012
32
-0.046083
0
3DFACE
62
163
10
0.085594
20
0.041956
30
-0.046120
11
0.085990
21
0.041779
31
-0.046233
12
0.085821
22
0.042078
32
-0.046472
0
3DFACE
62
163
10
0.085594
20
0.041956
30
-0.046120
11
0.085821
21
0.042078
31
-0.046472
12
0.085467
22
0.042191
32
-0.046608
0
3DFACE
62
163
10
0.094750
20
0.043681
30
-0.033513
11
0.094807
21
0.044027
31
-0.033458
12
0.095192
22
0.043652
32
-0.033637
0
3DFACE
62
163
10
0.094750
20
0.043681
30
-0.033513
11
0.094347
21
0.043680
31
-0.033251
12
0.094807
22
0.044027
32
-0.033458
0
3DFACE
62
163
10
0.094750
20
0.043681
30
-0.033513
11
0.095192
21
0.043652
31
-0.033637
12
0.094537
22
0.042818
32
-0.033523
0
3DFACE
62
163
10
0.094419
20
0.043260
30
-0.033459
11
0.094537
21
0.042818
31
-0.033523
12
0.094222
22
0.043011
32
-0.033443
0
3DFACE
62
163
10
0.094419
20
0.043260
30
-0.033459
11
0.094222
21
0.043011
31
-0.033443
12
0.094006
22
0.043253
32
-0.033217
0
3DFACE
62
163
10
0.094419
20
0.043260
30
-0.033459
11
0.094347
21
0.043680
31
-0.033251
12
0.094750
22
0.043681
32
-0.033513
0
3DFACE
62
163
10
0.094419
20
0.043260
30
-0.033459
11
0.094006
21
0.043253
31
-0.033217
12
0.094347
22
0.043680
32
-0.033251
0
3DFACE
62
163
10
0.094419
20
0.043260
30
-0.033459
11
0.094750
21
0.043681
31
-0.033513
12
0.094537
22
0.042818
32
-0.033523
0
3DFACE
62
163
10
0.093525
20
0.042649
30
-0.033228
11
0.093198
21
0.042559
31
-0.032927
12
0.093895
22
0.043425
32
-0.032895
0
3DFACE
62
163
10
0.093525
20
0.042649
30
-0.033228
11
0.093481
21
0.042352
31
-0.033376
12
0.093198
22
0.042559
32
-0.032927
0
3DFACE
62
163
10
0.093525
20
0.042649
30
-0.033228
11
0.094006
21
0.043253
31
-0.033217
12
0.093921
22
0.042631
32
-0.033443
0
3DFACE
62
163
10
0.093525
20
0.042649
30
-0.033228
11
0.093921
21
0.042631
31
-0.033443
12
0.093481
22
0.042352
32
-0.033376
0
3DFACE
62
163
10
0.093525
20
0.042649
30
-0.033228
11
0.093895
21
0.043425
31
-0.032895
12
0.094006
22
0.043253
32
-0.033217
0
3DFACE
62
163
10
0.090250
20
0.038383
30
-0.035554
11
0.089638
21
0.037933
31
-0.035879
12
0.090097
22
0.038577
32
-0.035095
0
3DFACE
62
163
10
0.090250
20
0.038383
30
-0.035554
11
0.090097
21
0.038577
31
-0.035095
12
0.090529
22
0.038493
32
-0.035472
0
3DFACE
62
163
10
0.090250
20
0.038383
30
-0.035554
11
0.090529
21
0.038493
31
-0.035472
12
0.090457
22
0.038069
32
-0.035937
0
3DFACE
62
163
10
0.090033
20
0.038073
30
-0.035934
11
0.090250
21
0.038383
31
-0.035554
12
0.090457
22
0.038069
32
-0.035937
0
3DFACE
62
163
10
0.090033
20
0.038073
30
-0.035934
11
0.089914
21
0.037900
31
-0.036167
12
0.089638
22
0.037933
32
-0.035879
0
3DFACE
62
163
10
0.090033
20
0.038073
30
-0.035934
11
0.089638
21
0.037933
31
-0.035879
12
0.090250
22
0.038383
32
-0.035554
0
3DFACE
62
163
10
0.090033
20
0.038073
30
-0.035934
11
0.090261
21
0.037781
31
-0.036313
12
0.089914
22
0.037900
32
-0.036167
0
3DFACE
62
163
10
0.090033
20
0.038073
30
-0.035934
11
0.090457
21
0.038069
31
-0.035937
12
0.090261
22
0.037781
32
-0.036313
0
3DFACE
62
163
10
0.090168
20
0.037641
30
-0.036511
11
0.089743
21
0.037644
31
-0.036540
12
0.089914
22
0.037900
32
-0.036167
0
3DFACE
62
163
10
0.090168
20
0.037641
30
-0.036511
11
0.089914
21
0.037900
31
-0.036167
12
0.090261
22
0.037781
32
-0.036313
0
3DFACE
62
163
10
0.090168
20
0.037641
30
-0.036511
11
0.090539
21
0.037523
31
-0.036398
12
0.090194
22
0.036979
32
-0.037247
0
3DFACE
62
163
10
0.090168
20
0.037641
30
-0.036511
11
0.090261
21
0.037781
31
-0.036313
12
0.090539
22
0.037523
32
-0.036398
0
3DFACE
62
163
10
0.090168
20
0.037641
30
-0.036511
11
0.090194
21
0.036979
31
-0.037247
12
0.089743
22
0.037322
32
-0.037079
0
3DFACE
62
163
10
0.090168
20
0.037641
30
-0.036511
11
0.089743
21
0.037322
31
-0.037079
12
0.089743
22
0.037644
32
-0.036540
0
3DFACE
62
163
10
0.089266
20
0.035823
30
-0.042896
11
0.088928
21
0.035751
31
-0.043084
12
0.088733
22
0.035785
32
-0.041988
0
3DFACE
62
163
10
0.089266
20
0.035823
30
-0.042896
11
0.089337
21
0.035826
31
-0.043200
12
0.088928
22
0.035751
32
-0.043084
0
3DFACE
62
163
10
0.089266
20
0.035823
30
-0.042896
11
0.088733
21
0.035785
31
-0.041988
12
0.089326
22
0.035827
32
-0.042138
0
3DFACE
62
163
10
0.089266
20
0.035823
30
-0.042896
11
0.089720
21
0.035742
31
-0.043157
12
0.089337
22
0.035826
32
-0.043200
0
3DFACE
62
163
10
0.089266
20
0.035823
30
-0.042896
11
0.089623
21
0.035740
31
-0.042730
12
0.089720
22
0.035742
32
-0.043157
0
3DFACE
62
163
10
0.089266
20
0.035823
30
-0.042896
11
0.089326
21
0.035827
31
-0.042138
12
0.089623
22
0.035740
32
-0.042730
0
3DFACE
62
163
10
0.089801
20
0.035752
30
-0.043462
11
0.089337
21
0.035826
31
-0.043200
12
0.089720
22
0.035742
32
-0.043157
0
3DFACE
62
163
10
0.089801
20
0.035752
30
-0.043462
11
0.089451
21
0.035844
31
-0.043631
12
0.089337
22
0.035826
32
-0.043200
0
3DFACE
62
163
10
0.089801
20
0.035752
30
-0.043462
11
0.089843
21
0.035873
31
-0.044212
12
0.089451
22
0.035844
32
-0.043631
0
3DFACE
62
163
10
0.089801
20
0.035752
30
-0.043462
11
0.090403
21
0.035608
31
-0.044345
12
0.089843
22
0.035873
32
-0.044212
0
3DFACE
62
163
10
0.089801
20
0.035752
30
-0.043462
11
0.089720
21
0.035742
31
-0.043157
12
0.090077
22
0.035526
32
-0.043332
0
3DFACE
62
163
10
0.089801
20
0.035752
30
-0.043462
11
0.090077
21
0.035526
31
-0.043332
12
0.090403
22
0.035608
32
-0.044345
0
3DFACE
62
163
10
0.096320
20
0.039651
30
-0.049725
11
0.096532
21
0.039796
31
-0.049737
12
0.096306
22
0.040027
32
-0.049963
0
3DFACE
62
163
10
0.096320
20
0.039651
30
-0.049725
11
0.096695
21
0.039463
31
-0.049657
12
0.096532
22
0.039796
32
-0.049737
0
3DFACE
62
163
10
0.096320
20
0.039651
30
-0.049725
11
0.095818
21
0.038867
31
-0.049541
12
0.096695
22
0.039463
32
-0.049657
0
3DFACE
62
163
10
0.096320
20
0.039651
30
-0.049725
11
0.095583
21
0.039354
31
-0.049742
12
0.095818
22
0.038867
32
-0.049541
0
3DFACE
62
163
10
0.096320
20
0.039651
30
-0.049725
11
0.096306
21
0.040027
31
-0.049963
12
0.095967
22
0.039794
32
-0.049941
0
3DFACE
62
163
10
0.096320
20
0.039651
30
-0.049725
11
0.095967
21
0.039794
31
-0.049941
12
0.095583
22
0.039354
32
-0.049742
0
3DFACE
62
163
10
0.102134
20
0.043858
30
-0.046730
11
0.102072
21
0.044110
31
-0.047089
12
0.101929
22
0.043740
32
-0.047013
0
3DFACE
62
163
10
0.102134
20
0.043858
30
-0.046730
11
0.102024
21
0.043385
31
-0.046867
12
0.102330
22
0.043557
32
-0.046436
0
3DFACE
62
163
10
0.102134
20
0.043858
30
-0.046730
11
0.101929
21
0.043740
31
-0.047013
12
0.102024
22
0.043385
32
-0.046867
0
3DFACE
62
163
10
0.102417
20
0.044013
30
-0.046300
11
0.102072
21
0.044110
31
-0.047089
12
0.102134
22
0.043858
32
-0.046730
0
3DFACE
62
163
10
0.102417
20
0.044013
30
-0.046300
11
0.102649
21
0.044432
31
-0.046193
12
0.102072
22
0.044110
32
-0.047089
0
3DFACE
62
163
10
0.102417
20
0.044013
30
-0.046300
11
0.102330
21
0.043557
31
-0.046436
12
0.102581
22
0.043903
32
-0.045993
0
3DFACE
62
163
10
0.102417
20
0.044013
30
-0.046300
11
0.102134
21
0.043858
31
-0.046730
12
0.102330
22
0.043557
32
-0.046436
0
3DFACE
62
163
10
0.102417
20
0.044013
30
-0.046300
11
0.102581
21
0.043903
31
-0.045993
12
0.102649
22
0.044432
32
-0.046193
0
3DFACE
62
163
10
0.104075
20
0.043688
30
-0.039659
11
0.104037
21
0.044172
31
-0.039980
12
0.104095
22
0.043784
32
-0.040023
0
3DFACE
62
163
10
0.104075
20
0.043688
30
-0.039659
11
0.104000
21
0.044022
31
-0.039419
12
0.104037
22
0.044172
32
-0.039980
0
3DFACE
62
163
10
0.104075
20
0.043688
30
-0.039659
11
0.104095
21
0.043784
31
-0.040023
12
0.104286
22
0.043416
32
-0.039857
0
3DFACE
62
163
10
0.104026
20
0.043531
30
-0.039146
11
0.104286
21
0.043416
31
-0.039857
12
0.104183
22
0.043096
32
-0.038843
0
3DFACE
62
163
10
0.104026
20
0.043531
30
-0.039146
11
0.104000
21
0.044022
31
-0.039419
12
0.104075
22
0.043688
32
-0.039659
0
3DFACE
62
163
10
0.104026
20
0.043531
30
-0.039146
11
0.104075
21
0.043688
31
-0.039659
12
0.104286
22
0.043416
32
-0.039857
0
3DFACE
62
163
10
0.104026
20
0.043531
30
-0.039146
11
0.104183
21
0.043096
31
-0.038843
12
0.103939
22
0.043627
32
-0.038847
0
3DFACE
62
163
10
0.104026
20
0.043531
30
-0.039146
11
0.103939
21
0.043627
31
-0.038847
12
0.104000
22
0.044022
32
-0.039419
0
3DFACE
62
163
10
0.098160
20
0.031916
30
-0.048695
11
0.097813
21
0.031887
31
-0.048904
12
0.098121
22
0.031730
32
-0.048439
0
3DFACE
62
163
10
0.098160
20
0.031916
30
-0.048695
11
0.098644
21
0.032234
31
-0.049021
12
0.097813
22
0.031887
32
-0.048904
0
3DFACE
62
163
10
0.098160
20
0.031916
30
-0.048695
11
0.098121
21
0.031730
31
-0.048439
12
0.098551
22
0.031814
32
-0.048562
0
3DFACE
62
163
10
0.098160
20
0.031916
30
-0.048695
11
0.098551
21
0.031814
31
-0.048562
12
0.098644
22
0.032234
32
-0.049021
0
3DFACE
62
163
10
0.081530
20
0.067560
30
-0.045602
11
0.082171
21
0.068449
31
-0.045320
12
0.081533
22
0.067854
32
-0.046143
0
3DFACE
62
163
10
0.081530
20
0.067560
30
-0.045602
11
0.081533
21
0.067854
31
-0.046143
12
0.080808
22
0.067178
32
-0.046847
0
3DFACE
62
163
10
0.082089
20
0.067790
30
-0.044241
11
0.082834
21
0.069068
31
-0.044166
12
0.082171
22
0.068449
32
-0.045320
0
3DFACE
62
163
10
0.082089
20
0.067790
30
-0.044241
11
0.082171
21
0.068449
31
-0.045320
12
0.081530
22
0.067560
32
-0.045602
0
3DFACE
62
163
10
0.082399
20
0.067860
30
-0.043141
11
0.083414
21
0.069609
31
-0.042727
12
0.082834
22
0.069068
32
-0.044166
0
3DFACE
62
163
10
0.082399
20
0.067860
30
-0.043141
11
0.082834
21
0.069068
31
-0.044166
12
0.082089
22
0.067790
32
-0.044241
0
3DFACE
62
163
10
0.082602
20
0.067830
30
-0.042043
11
0.083817
21
0.069985
31
-0.041195
12
0.083414
22
0.069609
32
-0.042727
0
3DFACE
62
163
10
0.082602
20
0.067830
30
-0.042043
11
0.083414
21
0.069609
31
-0.042727
12
0.082399
22
0.067860
32
-0.043141
0
3DFACE
62
163
10
0.082702
20
0.067704
30
-0.040935
11
0.083817
21
0.069985
31
-0.041195
12
0.082602
22
0.067830
32
-0.042043
0
3DFACE
62
163
10
0.082698
20
0.067485
30
-0.039846
11
0.083817
21
0.069985
31
-0.041195
12
0.082702
22
0.067704
32
-0.040935
0
3DFACE
62
163
10
0.082698
20
0.067485
30
-0.039846
11
0.084057
21
0.070209
31
-0.039399
12
0.083817
22
0.069985
32
-0.041195
0
3DFACE
62
163
10
0.082594
20
0.067173
30
-0.038783
11
0.084069
21
0.070220
31
-0.037388
12
0.084057
22
0.070209
32
-0.039399
0
3DFACE
62
163
10
0.082594
20
0.067173
30
-0.038783
11
0.084057
21
0.070209
31
-0.039399
12
0.082698
22
0.067485
32
-0.039846
0
3DFACE
62
163
10
0.082394
20
0.066767
30
-0.037759
11
0.083832
21
0.069999
31
-0.035389
12
0.084069
22
0.070220
32
-0.037388
0
3DFACE
62
163
10
0.082394
20
0.066767
30
-0.037759
11
0.084069
21
0.070220
31
-0.037388
12
0.082594
22
0.067173
32
-0.038783
0
3DFACE
62
163
10
0.082102
20
0.066276
30
-0.036800
11
0.083832
21
0.069999
31
-0.035389
12
0.082394
22
0.066767
32
-0.037759
0
3DFACE
62
163
10
0.081725
20
0.065711
30
-0.035923
11
0.083832
21
0.069999
31
-0.035389
12
0.082102
22
0.066276
32
-0.036800
0
3DFACE
62
163
10
0.081725
20
0.065711
30
-0.035923
11
0.083357
21
0.069556
31
-0.033483
12
0.083832
22
0.069999
32
-0.035389
0
3DFACE
62
163
10
0.081269
20
0.065067
30
-0.035132
11
0.082669
21
0.068913
31
-0.031696
12
0.083357
22
0.069556
32
-0.033483
0
3DFACE
62
163
10
0.081269
20
0.065067
30
-0.035132
11
0.081642
21
0.067698
31
-0.030395
12
0.082669
22
0.068913
32
-0.031696
0
3DFACE
62
163
10
0.081269
20
0.065067
30
-0.035132
11
0.083357
21
0.069556
31
-0.033483
12
0.081725
22
0.065711
32
-0.035923
0
3DFACE
62
163
10
0.080744
20
0.064358
30
-0.034443
11
0.081642
21
0.067698
31
-0.030395
12
0.081269
22
0.065067
32
-0.035132
0
3DFACE
62
163
10
0.080163
20
0.063600
30
-0.033874
11
0.081642
21
0.067698
31
-0.030395
12
0.080744
22
0.064358
32
-0.034443
0
3DFACE
62
163
10
0.080163
20
0.063600
30
-0.033874
11
0.080494
21
0.066374
31
-0.029350
12
0.081642
22
0.067698
32
-0.030395
0
3DFACE
62
163
10
0.079534
20
0.062799
30
-0.033428
11
0.080494
21
0.066374
31
-0.029350
12
0.080163
22
0.063600
32
-0.033874
0
3DFACE
62
163
10
0.079534
20
0.062799
30
-0.033428
11
0.079244
21
0.064954
31
-0.028573
12
0.080494
22
0.066374
32
-0.029350
0
3DFACE
62
163
10
0.078867
20
0.061957
30
-0.033112
11
0.079244
21
0.064954
31
-0.028573
12
0.079534
22
0.062799
32
-0.033428
0
3DFACE
62
163
10
0.078867
20
0.061957
30
-0.033112
11
0.077920
21
0.063461
31
-0.028082
12
0.079244
22
0.064954
32
-0.028573
0
3DFACE
62
163
10
0.078179
20
0.061096
30
-0.032933
11
0.077920
21
0.063461
31
-0.028082
12
0.078867
22
0.061957
32
-0.033112
0
3DFACE
62
163
10
0.078179
20
0.061096
30
-0.032933
11
0.076565
21
0.061944
31
-0.027892
12
0.077920
22
0.063461
32
-0.028082
0
3DFACE
62
163
10
0.077483
20
0.060233
30
-0.032893
11
0.076565
21
0.061944
31
-0.027892
12
0.078179
22
0.061096
32
-0.032933
0
3DFACE
62
163
10
0.077483
20
0.060233
30
-0.032893
11
0.075596
21
0.060859
31
-0.027942
12
0.076565
22
0.061944
32
-0.027892
0
3DFACE
62
163
10
0.076787
20
0.059366
30
-0.032993
11
0.075596
21
0.060859
31
-0.027942
12
0.077483
22
0.060233
32
-0.032893
0
3DFACE
62
163
10
0.076787
20
0.059366
30
-0.032993
11
0.074631
21
0.059776
31
-0.028145
12
0.075596
22
0.060859
32
-0.027942
0
3DFACE
62
163
10
0.076106
20
0.058511
30
-0.033233
11
0.073320
21
0.058296
31
-0.028686
12
0.074631
22
0.059776
32
-0.028145
0
3DFACE
62
163
10
0.076106
20
0.058511
30
-0.033233
11
0.074631
21
0.059776
31
-0.028145
12
0.076787
22
0.059366
32
-0.032993
0
3DFACE
62
163
10
0.075455
20
0.057688
30
-0.033606
11
0.072089
21
0.056897
31
-0.029507
12
0.073320
22
0.058296
32
-0.028686
0
3DFACE
62
163
10
0.075455
20
0.057688
30
-0.033606
11
0.073320
21
0.058296
31
-0.028686
12
0.076106
22
0.058511
32
-0.033233
0
3DFACE
62
163
10
0.074846
20
0.056905
30
-0.034105
11
0.070956
21
0.055584
31
-0.030600
12
0.072089
22
0.056897
32
-0.029507
0
3DFACE
62
163
10
0.074846
20
0.056905
30
-0.034105
11
0.072089
21
0.056897
31
-0.029507
12
0.075455
22
0.057688
32
-0.033606
0
3DFACE
62
163
10
0.074287
20
0.056164
30
-0.034729
11
0.069956
21
0.054395
31
-0.031938
12
0.070956
22
0.055584
32
-0.030600
0
3DFACE
62
163
10
0.074287
20
0.056164
30
-0.034729
11
0.070956
21
0.055584
31
-0.030600
12
0.074846
22
0.056905
32
-0.034105
0
3DFACE
62
163
10
0.073791
20
0.055483
30
-0.035464
11
0.069956
21
0.054395
31
-0.031938
12
0.074287
22
0.056164
32
-0.034729
0
3DFACE
62
163
10
0.073369
20
0.054875
30
-0.036291
11
0.069118
21
0.053361
31
-0.033479
12
0.069956
22
0.054395
32
-0.031938
0
3DFACE
62
163
10
0.073369
20
0.054875
30
-0.036291
11
0.069956
21
0.054395
31
-0.031938
12
0.073791
22
0.055483
32
-0.035464
0
3DFACE
62
163
10
0.073027
20
0.054339
30
-0.037208
11
0.068454
21
0.052486
31
-0.035210
12
0.069118
22
0.053361
32
-0.033479
0
3DFACE
62
163
10
0.073027
20
0.054339
30
-0.037208
11
0.069118
21
0.053361
31
-0.033479
12
0.073369
22
0.054875
32
-0.036291
0
3DFACE
62
163
10
0.072774
20
0.053883
30
-0.038198
11
0.067987
21
0.051794
31
-0.037083
12
0.068454
22
0.052486
32
-0.035210
0
3DFACE
62
163
10
0.072774
20
0.053883
30
-0.038198
11
0.068454
21
0.052486
31
-0.035210
12
0.073027
22
0.054339
32
-0.037208
0
3DFACE
62
163
10
0.072615
20
0.053519
30
-0.039239
11
0.067729
21
0.051302
31
-0.039041
12
0.067987
22
0.051794
32
-0.037083
0
3DFACE
62
163
10
0.072615
20
0.053519
30
-0.039239
11
0.067987
21
0.051794
31
-0.037083
12
0.072774
22
0.053883
32
-0.038198
0
3DFACE
62
163
10
0.072554
20
0.053248
30
-0.040314
11
0.067689
21
0.051009
31
-0.041070
12
0.067729
22
0.051302
32
-0.039041
0
3DFACE
62
163
10
0.072554
20
0.053248
30
-0.040314
11
0.067729
21
0.051302
31
-0.039041
12
0.072615
22
0.053519
32
-0.039239
0
3DFACE
62
163
10
0.072596
20
0.053067
30
-0.041417
11
0.067872
21
0.050923
31
-0.043111
12
0.067689
22
0.051009
32
-0.041070
0
3DFACE
62
163
10
0.072596
20
0.053067
30
-0.041417
11
0.067689
21
0.051009
31
-0.041070
12
0.072554
22
0.053248
32
-0.040314
0
3DFACE
62
163
10
0.072741
20
0.052984
30
-0.042522
11
0.067872
21
0.050923
31
-0.043111
12
0.072596
22
0.053067
32
-0.041417
0
3DFACE
62
163
10
0.072984
20
0.052996
30
-0.043605
11
0.068270
21
0.051044
31
-0.045104
12
0.067872
22
0.050923
32
-0.043111
0
3DFACE
62
163
10
0.072984
20
0.052996
30
-0.043605
11
0.067872
21
0.050923
31
-0.043111
12
0.072741
22
0.052984
32
-0.042522
0
3DFACE
62
163
10
0.073328
20
0.053101
30
-0.044660
11
0.068270
21
0.051044
31
-0.045104
12
0.072984
22
0.052996
32
-0.043605
0
3DFACE
62
163
10
0.073328
20
0.053101
30
-0.044660
11
0.068887
21
0.051363
31
-0.047032
12
0.068270
22
0.051044
32
-0.045104
0
3DFACE
62
163
10
0.073771
20
0.053295
30
-0.045670
11
0.069709
21
0.051873
31
-0.048841
12
0.068887
22
0.051363
32
-0.047032
0
3DFACE
62
163
10
0.073771
20
0.053295
30
-0.045670
11
0.068887
21
0.051363
31
-0.047032
12
0.073328
22
0.053101
32
-0.044660
0
3DFACE
62
163
10
0.074302
20
0.053573
30
-0.046610
11
0.069709
21
0.051873
31
-0.048841
12
0.073771
22
0.053295
32
-0.045670
0
3DFACE
62
163
10
0.074302
20
0.053573
30
-0.046610
11
0.070709
21
0.052556
31
-0.050477
12
0.069709
22
0.051873
32
-0.048841
0
3DFACE
62
163
10
0.074913
20
0.053929
30
-0.047465
11
0.071887
21
0.053399
31
-0.051927
12
0.070709
22
0.052556
32
-0.050477
0
3DFACE
62
163
10
0.074913
20
0.053929
30
-0.047465
11
0.070709
21
0.052556
31
-0.050477
12
0.074302
22
0.053573
32
-0.046610
0
3DFACE
62
163
10
0.075606
20
0.054356
30
-0.048232
11
0.071887
21
0.053399
31
-0.051927
12
0.074913
22
0.053929
32
-0.047465
0
3DFACE
62
163
10
0.075606
20
0.054356
30
-0.048232
11
0.073212
21
0.054379
31
-0.053149
12
0.071887
22
0.053399
32
-0.051927
0
3DFACE
62
163
10
0.076365
20
0.054846
30
-0.048892
11
0.073212
21
0.054379
31
-0.053149
12
0.075606
22
0.054356
32
-0.048232
0
3DFACE
62
163
10
0.077172
20
0.055385
30
-0.049430
11
0.073212
21
0.054379
31
-0.053149
12
0.076365
22
0.054846
32
-0.048892
0
3DFACE
62
163
10
0.077172
20
0.055385
30
-0.049430
11
0.074643
21
0.055463
31
-0.054108
12
0.073212
22
0.054379
32
-0.053149
0
3DFACE
62
163
10
0.078028
20
0.055967
30
-0.049844
11
0.074643
21
0.055463
31
-0.054108
12
0.077172
22
0.055385
32
-0.049430
0
3DFACE
62
163
10
0.078028
20
0.055967
30
-0.049844
11
0.076175
21
0.056637
31
-0.054796
12
0.074643
22
0.055463
32
-0.054108
0
3DFACE
62
163
10
0.078921
20
0.056580
30
-0.050127
11
0.076175
21
0.056637
31
-0.054796
12
0.078028
22
0.055967
32
-0.049844
0
3DFACE
62
163
10
0.078921
20
0.056580
30
-0.050127
11
0.077768
21
0.057867
31
-0.055191
12
0.076175
22
0.056637
32
-0.054796
0
3DFACE
62
163
10
0.079829
20
0.057211
30
-0.050270
11
0.077768
21
0.057867
31
-0.055191
12
0.078921
22
0.056580
32
-0.050127
0
3DFACE
62
163
10
0.079829
20
0.057211
30
-0.050270
11
0.079375
21
0.059115
31
-0.055285
12
0.077768
22
0.057867
32
-0.055191
0
3DFACE
62
163
10
0.080739
20
0.057846
30
-0.050275
11
0.079375
21
0.059115
31
-0.055285
12
0.079829
22
0.057211
32
-0.050270
0
3DFACE
62
163
10
0.080739
20
0.057846
30
-0.050275
11
0.080270
21
0.059809
31
-0.055206
12
0.079375
22
0.059115
32
-0.055285
0
3DFACE
62
163
10
0.081651
20
0.058478
30
-0.050139
11
0.080270
21
0.059809
31
-0.055206
12
0.080739
22
0.057846
32
-0.050275
0
3DFACE
62
163
10
0.081651
20
0.058478
30
-0.050139
11
0.081161
21
0.060498
31
-0.055035
12
0.080270
22
0.059809
32
-0.055206
0
3DFACE
62
163
10
0.082544
20
0.059093
30
-0.049865
11
0.082729
21
0.061705
31
-0.054494
12
0.081161
22
0.060498
32
-0.055035
0
3DFACE
62
163
10
0.082544
20
0.059093
30
-0.049865
11
0.081161
21
0.060498
31
-0.055035
12
0.081651
22
0.058478
32
-0.050139
0
3DFACE
62
163
10
0.083398
20
0.059675
30
-0.049460
11
0.084209
21
0.062835
31
-0.053673
12
0.082729
22
0.061705
32
-0.054494
0
3DFACE
62
163
10
0.083398
20
0.059675
30
-0.049460
11
0.082729
21
0.061705
31
-0.054494
12
0.082544
22
0.059093
32
-0.049865
0
3DFACE
62
163
10
0.084212
20
0.060219
30
-0.048928
11
0.085597
21
0.063875
31
-0.052580
12
0.084209
22
0.062835
32
-0.053673
0
3DFACE
62
163
10
0.084212
20
0.060219
30
-0.048928
11
0.084209
21
0.062835
31
-0.053673
12
0.083398
22
0.059675
32
-0.049460
0
3DFACE
62
163
10
0.084976
20
0.060712
30
-0.048275
11
0.086853
21
0.064790
31
-0.051242
12
0.085597
22
0.063875
32
-0.052580
0
3DFACE
62
163
10
0.084976
20
0.060712
30
-0.048275
11
0.085597
21
0.063875
31
-0.052580
12
0.084212
22
0.060219
32
-0.048928
0
3DFACE
62
163
10
0.085671
20
0.061142
30
-0.047516
11
0.087942
21
0.065555
31
-0.049701
12
0.086853
22
0.064790
32
-0.051242
0
3DFACE
62
163
10
0.085671
20
0.061142
30
-0.047516
11
0.086853
21
0.064790
31
-0.051242
12
0.084976
22
0.060712
32
-0.048275
0
3DFACE
62
163
10
0.086286
20
0.061503
30
-0.046666
11
0.087942
21
0.065555
31
-0.049701
12
0.085671
22
0.061142
32
-0.047516
0
3DFACE
62
163
10
0.086824
20
0.061786
30
-0.045728
11
0.088861
21
0.066157
31
-0.047970
12
0.087942
22
0.065555
32
-0.049701
0
3DFACE
62
163
10
0.086824
20
0.061786
30
-0.045728
11
0.087942
21
0.065555
31
-0.049701
12
0.086286
22
0.061503
32
-0.046666
0
3DFACE
62
163
10
0.087273
20
0.061986
30
-0.044723
11
0.089584
21
0.066575
31
-0.046097
12
0.088861
22
0.066157
32
-0.047970
0
3DFACE
62
163
10
0.087273
20
0.061986
30
-0.044723
11
0.088861
21
0.066157
31
-0.047970
12
0.086824
22
0.061786
32
-0.045728
0
3DFACE
62
163
10
0.087621
20
0.062096
30
-0.043674
11
0.090092
21
0.066798
31
-0.044139
12
0.089584
22
0.066575
32
-0.046097
0
3DFACE
62
163
10
0.087621
20
0.062096
30
-0.043674
11
0.089584
21
0.066575
31
-0.046097
12
0.087273
22
0.061986
32
-0.044723
0
3DFACE
62
163
10
0.087872
20
0.062114
30
-0.042589
11
0.090387
21
0.066817
31
-0.042110
12
0.090092
22
0.066798
32
-0.044139
0
3DFACE
62
163
10
0.087872
20
0.062114
30
-0.042589
11
0.090092
21
0.066798
31
-0.044139
12
0.087621
22
0.062096
32
-0.043674
0
3DFACE
62
163
10
0.088023
20
0.062036
30
-0.041483
11
0.090461
21
0.066629
31
-0.040069
12
0.090387
22
0.066817
32
-0.042110
0
3DFACE
62
163
10
0.088023
20
0.062036
30
-0.041483
11
0.090387
21
0.066817
31
-0.042110
12
0.087872
22
0.062114
32
-0.042589
0
3DFACE
62
163
10
0.088071
20
0.061862
30
-0.040381
11
0.090313
21
0.066240
31
-0.038076
12
0.090461
22
0.066629
32
-0.040069
0
3DFACE
62
163
10
0.088071
20
0.061862
30
-0.040381
11
0.090461
21
0.066629
31
-0.040069
12
0.088023
22
0.062036
32
-0.041483
0
3DFACE
62
163
10
0.088016
20
0.061597
30
-0.039306
11
0.090313
21
0.066240
31
-0.038076
12
0.088071
22
0.061862
32
-0.040381
0
3DFACE
62
163
10
0.087863
20
0.061237
30
-0.038259
11
0.089951
21
0.065647
31
-0.036148
12
0.090313
22
0.066240
32
-0.038076
0
3DFACE
62
163
10
0.087863
20
0.061237
30
-0.038259
11
0.090313
21
0.066240
31
-0.038076
12
0.088016
22
0.061597
32
-0.039306
0
3DFACE
62
163
10
0.087616
20
0.060786
30
-0.037265
11
0.089385
21
0.064863
31
-0.034339
12
0.089951
22
0.065647
32
-0.036148
0
3DFACE
62
163
10
0.087616
20
0.060786
30
-0.037265
11
0.089951
21
0.065647
31
-0.036148
12
0.087863
22
0.061237
32
-0.038259
0
3DFACE
62
163
10
0.087280
20
0.060258
30
-0.036347
11
0.088635
21
0.063912
31
-0.032703
12
0.089385
22
0.064863
32
-0.034339
0
3DFACE
62
163
10
0.087280
20
0.060258
30
-0.036347
11
0.089385
21
0.064863
31
-0.034339
12
0.087616
22
0.060786
32
-0.037265
0
3DFACE
62
163
10
0.086862
20
0.059653
30
-0.035512
11
0.088635
21
0.063912
31
-0.032703
12
0.087280
22
0.060258
32
-0.036347
0
3DFACE
62
163
10
0.086862
20
0.059653
30
-0.035512
11
0.087713
21
0.062795
31
-0.031253
12
0.088635
22
0.063912
32
-0.032703
0
3DFACE
62
163
10
0.086370
20
0.058974
30
-0.034770
11
0.087713
21
0.062795
31
-0.031253
12
0.086862
22
0.059653
32
-0.035512
0
3DFACE
62
163
10
0.086370
20
0.058974
30
-0.034770
11
0.086644
21
0.061542
31
-0.030031
12
0.087713
22
0.062795
32
-0.031253
0
3DFACE
62
163
10
0.085815
20
0.058238
30
-0.034140
11
0.086644
21
0.061542
31
-0.030031
12
0.086370
22
0.058974
32
-0.034770
0
3DFACE
62
163
10
0.085815
20
0.058238
30
-0.034140
11
0.085463
21
0.060188
31
-0.029072
12
0.086644
22
0.061542
32
-0.030031
0
3DFACE
62
163
10
0.085209
20
0.057459
30
-0.033634
11
0.085463
21
0.060188
31
-0.029072
12
0.085815
22
0.058238
32
-0.034140
0
3DFACE
62
163
10
0.084559
20
0.056635
30
-0.033252
11
0.085463
21
0.060188
31
-0.029072
12
0.085209
22
0.057459
32
-0.033634
0
3DFACE
62
163
10
0.084559
20
0.056635
30
-0.033252
11
0.084186
21
0.058741
31
-0.028384
12
0.085463
22
0.060188
32
-0.029072
0
3DFACE
62
163
10
0.083879
20
0.055781
30
-0.033004
11
0.084186
21
0.058741
31
-0.028384
12
0.084559
22
0.056635
32
-0.033252
0
3DFACE
62
163
10
0.083879
20
0.055781
30
-0.033004
11
0.082849
21
0.057237
31
-0.027989
12
0.084186
22
0.058741
32
-0.028384
0
3DFACE
62
163
10
0.083186
20
0.054918
30
-0.032895
11
0.082849
21
0.057237
31
-0.027989
12
0.083879
22
0.055781
32
-0.033004
0
3DFACE
62
163
10
0.083186
20
0.054918
30
-0.032895
11
0.081493
21
0.055721
31
-0.027895
12
0.082849
22
0.057237
32
-0.027989
0
3DFACE
62
163
10
0.082489
20
0.054053
30
-0.032926
11
0.081493
21
0.055721
31
-0.027895
12
0.083186
22
0.054918
32
-0.032895
0
3DFACE
62
163
10
0.082489
20
0.054053
30
-0.032926
11
0.080738
21
0.054875
31
-0.027974
12
0.081493
22
0.055721
32
-0.027895
0
3DFACE
62
163
10
0.082489
20
0.054053
30
-0.032926
11
0.079990
21
0.054034
31
-0.028145
12
0.080738
22
0.054875
32
-0.027974
0
3DFACE
62
163
10
0.081798
20
0.053189
30
-0.033097
11
0.078678
21
0.052554
31
-0.028686
12
0.079990
22
0.054034
32
-0.028145
0
3DFACE
62
163
10
0.081798
20
0.053189
30
-0.033097
11
0.079990
21
0.054034
31
-0.028145
12
0.082489
22
0.054053
32
-0.032926
0
3DFACE
62
163
10
0.081130
20
0.052348
30
-0.033405
11
0.078678
21
0.052554
31
-0.028686
12
0.081798
22
0.053189
32
-0.033097
0
3DFACE
62
163
10
0.080500
20
0.051546
30
-0.033842
11
0.077447
21
0.051155
31
-0.029507
12
0.078678
22
0.052554
32
-0.028686
0
3DFACE
62
163
10
0.080500
20
0.051546
30
-0.033842
11
0.078678
21
0.052554
31
-0.028686
12
0.081130
22
0.052348
32
-0.033405
0
3DFACE
62
163
10
0.079914
20
0.050782
30
-0.034406
11
0.076315
21
0.049842
31
-0.030600
12
0.077447
22
0.051155
32
-0.029507
0
3DFACE
62
163
10
0.079914
20
0.050782
30
-0.034406
11
0.077447
21
0.051155
31
-0.029507
12
0.080500
22
0.051546
32
-0.033842
0
3DFACE
62
163
10
0.079386
20
0.050069
30
-0.035088
11
0.075315
21
0.048652
31
-0.031938
12
0.076315
22
0.049842
32
-0.030600
0
3DFACE
62
163
10
0.079386
20
0.050069
30
-0.035088
11
0.076315
21
0.049842
31
-0.030600
12
0.079914
22
0.050782
32
-0.034406
0
3DFACE
62
163
10
0.078926
20
0.049424
30
-0.035870
11
0.074476
21
0.047619
31
-0.033479
12
0.075315
22
0.048652
32
-0.031938
0
3DFACE
62
163
10
0.078926
20
0.049424
30
-0.035870
11
0.075315
21
0.048652
31
-0.031938
12
0.079386
22
0.050069
32
-0.035088
0
3DFACE
62
163
10
0.078544
20
0.048853
30
-0.036743
11
0.073812
21
0.046743
31
-0.035210
12
0.074476
22
0.047619
32
-0.033479
0
3DFACE
62
163
10
0.078544
20
0.048853
30
-0.036743
11
0.074476
21
0.047619
31
-0.033479
12
0.078926
22
0.049424
32
-0.035870
0
3DFACE
62
163
10
0.078246
20
0.048356
30
-0.037700
11
0.073345
21
0.046051
31
-0.037083
12
0.073812
22
0.046743
32
-0.035210
0
3DFACE
62
163
10
0.078246
20
0.048356
30
-0.037700
11
0.073812
21
0.046743
31
-0.035210
12
0.078544
22
0.048853
32
-0.036743
0
3DFACE
62
163
10
0.078040
20
0.047945
30
-0.038719
11
0.073345
21
0.046051
31
-0.037083
12
0.078246
22
0.048356
32
-0.037700
0
3DFACE
62
163
10
0.077930
20
0.047629
30
-0.039777
11
0.073088
21
0.045560
31
-0.039041
12
0.073345
22
0.046051
32
-0.037083
0
3DFACE
62
163
10
0.077930
20
0.047629
30
-0.039777
11
0.073345
21
0.046051
31
-0.037083
12
0.078040
22
0.047945
32
-0.038719
0
3DFACE
62
163
10
0.077921
20
0.047402
30
-0.040869
11
0.073048
21
0.045267
31
-0.041070
12
0.073088
22
0.045560
32
-0.039041
0
3DFACE
62
163
10
0.077921
20
0.047402
30
-0.040869
11
0.073088
21
0.045560
31
-0.039041
12
0.077930
22
0.047629
32
-0.039777
0
3DFACE
62
163
10
0.078015
20
0.047270
30
-0.041977
11
0.073230
21
0.045181
31
-0.043111
12
0.073048
22
0.045267
32
-0.041070
0
3DFACE
62
163
10
0.078015
20
0.047270
30
-0.041977
11
0.073048
21
0.045267
31
-0.041070
12
0.077921
22
0.047402
32
-0.040869
0
3DFACE
62
163
10
0.078209
20
0.047236
30
-0.043073
11
0.073628
21
0.045301
31
-0.045104
12
0.073230
22
0.045181
32
-0.043111
0
3DFACE
62
163
10
0.078209
20
0.047236
30
-0.043073
11
0.073230
21
0.045181
31
-0.043111
12
0.078015
22
0.047270
32
-0.041977
0
3DFACE
62
163
10
0.078503
20
0.047295
30
-0.044142
11
0.074245
21
0.045621
31
-0.047032
12
0.073628
22
0.045301
32
-0.045104
0
3DFACE
62
163
10
0.078503
20
0.047295
30
-0.044142
11
0.073628
21
0.045301
31
-0.045104
12
0.078209
22
0.047236
32
-0.043073
0
3DFACE
62
163
10
0.078899
20
0.047445
30
-0.045178
11
0.075067
21
0.046131
31
-0.048841
12
0.074245
22
0.045621
32
-0.047032
0
3DFACE
62
163
10
0.078899
20
0.047445
30
-0.045178
11
0.074245
21
0.045621
31
-0.047032
12
0.078503
22
0.047295
32
-0.044142
0
3DFACE
62
163
10
0.079388
20
0.047683
30
-0.046155
11
0.075067
21
0.046131
31
-0.048841
12
0.078899
22
0.047445
32
-0.045178
0
3DFACE
62
163
10
0.079958
20
0.048001
30
-0.047052
11
0.076068
21
0.046814
31
-0.050477
12
0.075067
22
0.046131
32
-0.048841
0
3DFACE
62
163
10
0.079958
20
0.048001
30
-0.047052
11
0.075067
21
0.046131
31
-0.048841
12
0.079388
22
0.047683
32
-0.046155
0
3DFACE
62
163
10
0.080612
20
0.048394
30
-0.047865
11
0.077245
21
0.047657
31
-0.051927
12
0.076068
22
0.046814
32
-0.050477
0
3DFACE
62
163
10
0.080612
20
0.048394
30
-0.047865
11
0.076068
21
0.046814
31
-0.050477
12
0.079958
22
0.048001
32
-0.047052
0
3DFACE
62
163
10
0.081340
20
0.048854
30
-0.048580
11
0.077245
21
0.047657
31
-0.051927
12
0.080612
22
0.048394
32
-0.047865
0
3DFACE
62
163
10
0.081340
20
0.048854
30
-0.048580
11
0.078570
21
0.048636
31
-0.053149
12
0.077245
22
0.047657
32
-0.051927
0
3DFACE
62
163
10
0.082125
20
0.049370
30
-0.049179
11
0.080001
21
0.049721
31
-0.054108
12
0.078570
22
0.048636
32
-0.053149
0
3DFACE
62
163
10
0.082125
20
0.049370
30
-0.049179
11
0.078570
21
0.048636
31
-0.053149
12
0.081340
22
0.048854
32
-0.048580
0
3DFACE
62
163
10
0.082956
20
0.049932
30
-0.049655
11
0.080001
21
0.049721
31
-0.054108
12
0.082125
22
0.049370
32
-0.049179
0
3DFACE
62
163
10
0.082956
20
0.049932
30
-0.049655
11
0.081533
21
0.050895
31
-0.054796
12
0.080001
22
0.049721
32
-0.054108
0
3DFACE
62
163
10
0.083834
20
0.050531
30
-0.050004
11
0.081533
21
0.050895
31
-0.054796
12
0.082956
22
0.049932
32
-0.049655
0
3DFACE
62
163
10
0.083834
20
0.050531
30
-0.050004
11
0.083127
21
0.052125
31
-0.055191
12
0.081533
22
0.050895
32
-0.054796
0
3DFACE
62
163
10
0.084737
20
0.051155
30
-0.050217
11
0.083127
21
0.052125
31
-0.055191
12
0.083834
22
0.050531
32
-0.050004
0
3DFACE
62
163
10
0.085645
20
0.051789
30
-0.050290
11
0.083127
21
0.052125
31
-0.055191
12
0.084737
22
0.051155
32
-0.050217
0
3DFACE
62
163
10
0.085645
20
0.051789
30
-0.050290
11
0.084733
21
0.053373
31
-0.055285
12
0.083127
22
0.052125
32
-0.055191
0
3DFACE
62
163
10
0.086559
20
0.052424
30
-0.050224
11
0.085628
21
0.054067
31
-0.055206
12
0.084733
22
0.053373
32
-0.055285
0
3DFACE
62
163
10
0.086559
20
0.052424
30
-0.050224
11
0.084733
21
0.053373
31
-0.055285
12
0.085645
22
0.051789
32
-0.050290
0
3DFACE
62
163
10
0.086559
20
0.052424
30
-0.050224
11
0.086519
21
0.054756
31
-0.055035
12
0.085628
22
0.054067
32
-0.055206
0
3DFACE
62
163
10
0.087464
20
0.053049
30
-0.050018
11
0.086519
21
0.054756
31
-0.055035
12
0.086559
22
0.052424
32
-0.050224
0
3DFACE
62
163
10
0.087464
20
0.053049
30
-0.050018
11
0.088087
21
0.055962
31
-0.054494
12
0.086519
22
0.054756
32
-0.055035
0
3DFACE
62
163
10
0.088340
20
0.053649
30
-0.049676
11
0.088087
21
0.055962
31
-0.054494
12
0.087464
22
0.053049
32
-0.050018
0
3DFACE
62
163
10
0.088340
20
0.053649
30
-0.049676
11
0.089567
21
0.057093
31
-0.053673
12
0.088087
22
0.055962
32
-0.054494
0
3DFACE
62
163
10
0.089173
20
0.054213
30
-0.049208
11
0.089567
21
0.057093
31
-0.053673
12
0.088340
22
0.053649
32
-0.049676
0
3DFACE
62
163
10
0.089173
20
0.054213
30
-0.049208
11
0.090956
21
0.058132
31
-0.052580
12
0.089567
22
0.057093
32
-0.053673
0
3DFACE
62
163
10
0.089964
20
0.054732
30
-0.048613
11
0.090956
21
0.058132
31
-0.052580
12
0.089173
22
0.054213
32
-0.049208
0
3DFACE
62
163
10
0.090695
20
0.055195
30
-0.047903
11
0.090956
21
0.058132
31
-0.052580
12
0.089964
22
0.054732
32
-0.048613
0
3DFACE
62
163
10
0.090695
20
0.055195
30
-0.047903
11
0.092211
21
0.059048
31
-0.051242
12
0.090956
22
0.058132
32
-0.052580
0
3DFACE
62
163
10
0.091349
20
0.055591
30
-0.047098
11
0.092211
21
0.059048
31
-0.051242
12
0.090695
22
0.055195
32
-0.047903
0
3DFACE
62
163
10
0.091349
20
0.055591
30
-0.047098
11
0.093300
21
0.059813
31
-0.049701
12
0.092211
22
0.059048
32
-0.051242
0
3DFACE
62
163
10
0.091927
20
0.055914
30
-0.046202
11
0.093300
21
0.059813
31
-0.049701
12
0.091349
22
0.055591
32
-0.047098
0
3DFACE
62
163
10
0.091927
20
0.055914
30
-0.046202
11
0.094219
21
0.060414
31
-0.047970
12
0.093300
22
0.059813
32
-0.049701
0
3DFACE
62
163
10
0.092421
20
0.056156
30
-0.045227
11
0.094219
21
0.060414
31
-0.047970
12
0.091927
22
0.055914
32
-0.046202
0
3DFACE
62
163
10
0.092421
20
0.056156
30
-0.045227
11
0.094942
21
0.060832
31
-0.046097
12
0.094219
22
0.060414
32
-0.047970
0
3DFACE
62
163
10
0.092820
20
0.056310
30
-0.044197
11
0.094942
21
0.060832
31
-0.046097
12
0.092421
22
0.056156
32
-0.045227
0
3DFACE
62
163
10
0.092820
20
0.056310
30
-0.044197
11
0.095450
21
0.061056
31
-0.044139
12
0.094942
22
0.060832
32
-0.046097
0
3DFACE
62
163
10
0.093118
20
0.056375
30
-0.043130
11
0.095450
21
0.061056
31
-0.044139
12
0.092820
22
0.056310
32
-0.044197
0
3DFACE
62
163
10
0.093319
20
0.056344
30
-0.042032
11
0.095450
21
0.061056
31
-0.044139
12
0.093118
22
0.056375
32
-0.043130
0
3DFACE
62
163
10
0.093319
20
0.056344
30
-0.042032
11
0.095746
21
0.061075
31
-0.042110
12
0.095450
22
0.061056
32
-0.044139
0
3DFACE
62
163
10
0.093418
20
0.056217
30
-0.040924
11
0.095746
21
0.061075
31
-0.042110
12
0.093319
22
0.056344
32
-0.042032
0
3DFACE
62
163
10
0.093418
20
0.056217
30
-0.040924
11
0.095819
21
0.060887
31
-0.040069
12
0.095746
22
0.061075
32
-0.042110
0
3DFACE
62
163
10
0.093413
20
0.055998
30
-0.039835
11
0.095819
21
0.060887
31
-0.040069
12
0.093418
22
0.056217
32
-0.040924
0
3DFACE
62
163
10
0.093413
20
0.055998
30
-0.039835
11
0.095671
21
0.060498
31
-0.038076
12
0.095819
22
0.060887
32
-0.040069
0
3DFACE
62
163
10
0.093309
20
0.055685
30
-0.038772
11
0.095671
21
0.060498
31
-0.038076
12
0.093413
22
0.055998
32
-0.039835
0
3DFACE
62
163
10
0.093309
20
0.055685
30
-0.038772
11
0.095309
21
0.059905
31
-0.036148
12
0.095671
22
0.060498
32
-0.038076
0
3DFACE
62
163
10
0.093108
20
0.055277
30
-0.037749
11
0.095309
21
0.059905
31
-0.036148
12
0.093309
22
0.055685
32
-0.038772
0
3DFACE
62
163
10
0.093108
20
0.055277
30
-0.037749
11
0.094744
21
0.059120
31
-0.034339
12
0.095309
22
0.059905
32
-0.036148
0
3DFACE
62
163
10
0.092814
20
0.054786
30
-0.036790
11
0.094744
21
0.059120
31
-0.034339
12
0.093108
22
0.055277
32
-0.037749
0
3DFACE
62
163
10
0.092814
20
0.054786
30
-0.036790
11
0.093993
21
0.058169
31
-0.032703
12
0.094744
22
0.059120
32
-0.034339
0
3DFACE
62
163
10
0.092437
20
0.054220
30
-0.035915
11
0.093993
21
0.058169
31
-0.032703
12
0.092814
22
0.054786
32
-0.036790
0
3DFACE
62
163
10
0.091980
20
0.053576
30
-0.035124
11
0.093993
21
0.058169
31
-0.032703
12
0.092437
22
0.054220
32
-0.035915
0
3DFACE
62
163
10
0.091980
20
0.053576
30
-0.035124
11
0.093071
21
0.057053
31
-0.031253
12
0.093993
22
0.058169
32
-0.032703
0
3DFACE
62
163
10
0.091455
20
0.052866
30
-0.034437
11
0.093071
21
0.057053
31
-0.031253
12
0.091980
22
0.053576
32
-0.035124
0
3DFACE
62
163
10
0.091455
20
0.052866
30
-0.034437
11
0.092002
21
0.055799
31
-0.030031
12
0.093071
22
0.057053
32
-0.031253
0
3DFACE
62
163
10
0.090873
20
0.052108
30
-0.033869
11
0.092002
21
0.055799
31
-0.030031
12
0.091455
22
0.052866
32
-0.034437
0
3DFACE
62
163
10
0.090873
20
0.052108
30
-0.033869
11
0.090821
21
0.054446
31
-0.029072
12
0.092002
22
0.055799
32
-0.030031
0
3DFACE
62
163
10
0.090244
20
0.051305
30
-0.033424
11
0.090821
21
0.054446
31
-0.029072
12
0.090873
22
0.052108
32
-0.033869
0
3DFACE
62
163
10
0.090244
20
0.051305
30
-0.033424
11
0.089544
21
0.052999
31
-0.028384
12
0.090821
22
0.054446
32
-0.029072
0
3DFACE
62
163
10
0.089577
20
0.050464
30
-0.033109
11
0.089544
21
0.052999
31
-0.028384
12
0.090244
22
0.051305
32
-0.033424
0
3DFACE
62
163
10
0.089577
20
0.050464
30
-0.033109
11
0.088207
21
0.051494
31
-0.027989
12
0.089544
22
0.052999
32
-0.028384
0
3DFACE
62
163
10
0.088888
20
0.049603
30
-0.032931
11
0.088207
21
0.051494
31
-0.027989
12
0.089577
22
0.050464
32
-0.033109
0
3DFACE
62
163
10
0.088888
20
0.049603
30
-0.032931
11
0.086851
21
0.049978
31
-0.027895
12
0.088207
22
0.051494
32
-0.027989
0
3DFACE
62
163
10
0.088192
20
0.048740
30
-0.032893
11
0.086097
21
0.049133
31
-0.027974
12
0.086851
22
0.049978
32
-0.027895
0
3DFACE
62
163
10
0.088192
20
0.048740
30
-0.032893
11
0.086851
21
0.049978
31
-0.027895
12
0.088888
22
0.049603
32
-0.032931
0
3DFACE
62
163
10
0.087496
20
0.047873
30
-0.032995
11
0.085348
21
0.048292
31
-0.028145
12
0.086097
22
0.049133
32
-0.027974
0
3DFACE
62
163
10
0.087496
20
0.047873
30
-0.032995
11
0.086097
21
0.049133
31
-0.027974
12
0.088192
22
0.048740
32
-0.032893
0
3DFACE
62
163
10
0.086815
20
0.047018
30
-0.033236
11
0.085348
21
0.048292
31
-0.028145
12
0.087496
22
0.047873
32
-0.032995
0
3DFACE
62
163
10
0.086815
20
0.047018
30
-0.033236
11
0.084036
21
0.046811
31
-0.028686
12
0.085348
22
0.048292
32
-0.028145
0
3DFACE
62
163
10
0.086165
20
0.046195
30
-0.033610
11
0.084036
21
0.046811
31
-0.028686
12
0.086815
22
0.047018
32
-0.033236
0
3DFACE
62
163
10
0.086165
20
0.046195
30
-0.033610
11
0.082806
21
0.045412
31
-0.029507
12
0.084036
22
0.046811
32
-0.028686
0
3DFACE
62
163
10
0.085556
20
0.045412
30
-0.034111
11
0.082806
21
0.045412
31
-0.029507
12
0.086165
22
0.046195
32
-0.033610
0
3DFACE
62
163
10
0.085556
20
0.045412
30
-0.034111
11
0.081673
21
0.044099
31
-0.030600
12
0.082806
22
0.045412
32
-0.029507
0
3DFACE
62
163
10
0.084997
20
0.044672
30
-0.034736
11
0.081673
21
0.044099
31
-0.030600
12
0.085556
22
0.045412
32
-0.034111
0
3DFACE
62
163
10
0.084997
20
0.044672
30
-0.034736
11
0.080673
21
0.042910
31
-0.031938
12
0.081673
22
0.044099
32
-0.030600
0
3DFACE
62
163
10
0.084502
20
0.043991
30
-0.035472
11
0.080673
21
0.042910
31
-0.031938
12
0.084997
22
0.044672
32
-0.034736
0
3DFACE
62
163
10
0.084081
20
0.043385
30
-0.036300
11
0.080673
21
0.042910
31
-0.031938
12
0.084502
22
0.043991
32
-0.035472
0
3DFACE
62
163
10
0.084081
20
0.043385
30
-0.036300
11
0.079834
21
0.041877
31
-0.033479
12
0.080673
22
0.042910
32
-0.031938
0
3DFACE
62
163
10
0.083741
20
0.042849
30
-0.037217
11
0.079834
21
0.041877
31
-0.033479
12
0.084081
22
0.043385
32
-0.036300
0
3DFACE
62
163
10
0.083741
20
0.042849
30
-0.037217
11
0.079170
21
0.041001
31
-0.035210
12
0.079834
22
0.041877
32
-0.033479
0
3DFACE
62
163
10
0.083488
20
0.042394
30
-0.038209
11
0.079170
21
0.041001
31
-0.035210
12
0.083741
22
0.042849
32
-0.037217
0
3DFACE
62
163
10
0.083488
20
0.042394
30
-0.038209
11
0.078703
21
0.040309
31
-0.037083
12
0.079170
22
0.041001
32
-0.035210
0
3DFACE
62
163
10
0.083331
20
0.042031
30
-0.039249
11
0.078703
21
0.040309
31
-0.037083
12
0.083488
22
0.042394
32
-0.038209
0
3DFACE
62
163
10
0.083331
20
0.042031
30
-0.039249
11
0.078446
21
0.039818
31
-0.039041
12
0.078703
22
0.040309
32
-0.037083
0
3DFACE
62
163
10
0.083271
20
0.041760
30
-0.040325
11
0.078446
21
0.039818
31
-0.039041
12
0.083331
22
0.042031
32
-0.039249
0
3DFACE
62
163
10
0.083271
20
0.041760
30
-0.040325
11
0.078406
21
0.039524
31
-0.041070
12
0.078446
22
0.039818
32
-0.039041
0
3DFACE
62
163
10
0.083314
20
0.041581
30
-0.041428
11
0.078406
21
0.039524
31
-0.041070
12
0.083271
22
0.041760
32
-0.040325
0
3DFACE
62
163
10
0.083314
20
0.041581
30
-0.041428
11
0.078588
21
0.039438
31
-0.043111
12
0.078406
22
0.039524
32
-0.041070
0
3DFACE
62
163
10
0.083459
20
0.041498
30
-0.042534
11
0.078588
21
0.039438
31
-0.043111
12
0.083314
22
0.041581
32
-0.041428
0
3DFACE
62
163
10
0.083703
20
0.041512
30
-0.043616
11
0.078588
21
0.039438
31
-0.043111
12
0.083459
22
0.041498
32
-0.042534
0
3DFACE
62
163
10
0.083703
20
0.041512
30
-0.043616
11
0.078987
21
0.039559
31
-0.045104
12
0.078588
22
0.039438
32
-0.043111
0
3DFACE
62
163
10
0.084049
20
0.041618
30
-0.044671
11
0.078987
21
0.039559
31
-0.045104
12
0.083703
22
0.041512
32
-0.043616
0
3DFACE
62
163
10
0.084049
20
0.041618
30
-0.044671
11
0.079603
21
0.039879
31
-0.047032
12
0.078987
22
0.039559
32
-0.045104
0
3DFACE
62
163
10
0.084493
20
0.041812
30
-0.045680
11
0.080425
21
0.040389
31
-0.048841
12
0.079603
22
0.039879
32
-0.047032
0
3DFACE
62
163
10
0.084493
20
0.041812
30
-0.045680
11
0.079603
21
0.039879
31
-0.047032
12
0.084049
22
0.041618
32
-0.044671
0
3DFACE
62
163
10
0.085024
20
0.042092
30
-0.046619
11
0.081426
21
0.041072
31
-0.050477
12
0.080425
22
0.040389
32
-0.048841
0
3DFACE
62
163
10
0.085024
20
0.042092
30
-0.046619
11
0.080425
21
0.040389
31
-0.048841
12
0.084493
22
0.041812
32
-0.045680
0
3DFACE
62
163
10
0.085636
20
0.042448
30
-0.047474
11
0.082603
21
0.041914
31
-0.051927
12
0.081426
22
0.041072
32
-0.050477
0
3DFACE
62
163
10
0.085636
20
0.042448
30
-0.047474
11
0.081426
21
0.041072
31
-0.050477
12
0.085024
22
0.042092
32
-0.046619
0
3DFACE
62
163
10
0.086329
20
0.042876
30
-0.048240
11
0.083928
21
0.042894
31
-0.053149
12
0.082603
22
0.041914
32
-0.051927
0
3DFACE
62
163
10
0.086329
20
0.042876
30
-0.048240
11
0.082603
21
0.041914
31
-0.051927
12
0.085636
22
0.042448
32
-0.047474
0
3DFACE
62
163
10
0.087089
20
0.043366
30
-0.048898
11
0.083928
21
0.042894
31
-0.053149
12
0.086329
22
0.042876
32
-0.048240
0
3DFACE
62
163
10
0.087897
20
0.043906
30
-0.049435
11
0.085359
21
0.043979
31
-0.054108
12
0.083928
22
0.042894
32
-0.053149
0
3DFACE
62
163
10
0.087897
20
0.043906
30
-0.049435
11
0.083928
21
0.042894
31
-0.053149
12
0.087089
22
0.043366
32
-0.048898
0
3DFACE
62
163
10
0.088753
20
0.044488
30
-0.049848
11
0.086892
21
0.045153
31
-0.054796
12
0.085359
22
0.043979
32
-0.054108
0
3DFACE
62
163
10
0.088753
20
0.044488
30
-0.049848
11
0.085359
21
0.043979
31
-0.054108
12
0.087897
22
0.043906
32
-0.049435
0
3DFACE
62
163
10
0.089646
20
0.045102
30
-0.050129
11
0.086892
21
0.045153
31
-0.054796
12
0.088753
22
0.044488
32
-0.049848
0
3DFACE
62
163
10
0.089646
20
0.045102
30
-0.050129
11
0.088485
21
0.046383
31
-0.055191
12
0.086892
22
0.045153
32
-0.054796
0
3DFACE
62
163
10
0.090554
20
0.045732
30
-0.050271
11
0.088485
21
0.046383
31
-0.055191
12
0.089646
22
0.045102
32
-0.050129
0
3DFACE
62
163
10
0.090554
20
0.045732
30
-0.050271
11
0.090091
21
0.047630
31
-0.055285
12
0.088485
22
0.046383
32
-0.055191
0
3DFACE
62
163
10
0.091464
20
0.046368
30
-0.050274
11
0.090091
21
0.047630
31
-0.055285
12
0.090554
22
0.045732
32
-0.050271
0
3DFACE
62
163
10
0.091464
20
0.046368
30
-0.050274
11
0.090986
21
0.048325
31
-0.055206
12
0.090091
22
0.047630
32
-0.055285
0
3DFACE
62
163
10
0.092376
20
0.047000
30
-0.050137
11
0.090986
21
0.048325
31
-0.055206
12
0.091464
22
0.046368
32
-0.050274
0
3DFACE
62
163
10
0.092376
20
0.047000
30
-0.050137
11
0.091878
21
0.049014
31
-0.055035
12
0.090986
22
0.048325
32
-0.055206
0
3DFACE
62
163
10
0.093270
20
0.047614
30
-0.049862
11
0.091878
21
0.049014
31
-0.055035
12
0.092376
22
0.047000
32
-0.050137
0
3DFACE
62
163
10
0.093270
20
0.047614
30
-0.049862
11
0.093445
21
0.050220
31
-0.054494
12
0.091878
22
0.049014
32
-0.055035
0
3DFACE
62
163
10
0.094123
20
0.048196
30
-0.049456
11
0.093445
21
0.050220
31
-0.054494
12
0.093270
22
0.047614
32
-0.049862
0
3DFACE
62
163
10
0.094123
20
0.048196
30
-0.049456
11
0.094926
21
0.051351
31
-0.053673
12
0.093445
22
0.050220
32
-0.054494
0
3DFACE
62
163
10
0.094937
20
0.048739
30
-0.048922
11
0.094926
21
0.051351
31
-0.053673
12
0.094123
22
0.048196
32
-0.049456
0
3DFACE
62
163
10
0.094937
20
0.048739
30
-0.048922
11
0.096314
21
0.052390
31
-0.052580
12
0.094926
22
0.051351
32
-0.053673
0
3DFACE
62
163
10
0.095700
20
0.049232
30
-0.048268
11
0.096314
21
0.052390
31
-0.052580
12
0.094937
22
0.048739
32
-0.048922
0
3DFACE
62
163
10
0.095700
20
0.049232
30
-0.048268
11
0.097570
21
0.053305
31
-0.051242
12
0.096314
22
0.052390
32
-0.052580
0
3DFACE
62
163
10
0.096394
20
0.049662
30
-0.047507
11
0.097570
21
0.053305
31
-0.051242
12
0.095700
22
0.049232
32
-0.048268
0
3DFACE
62
163
10
0.096394
20
0.049662
30
-0.047507
11
0.098658
21
0.054070
31
-0.049701
12
0.097570
22
0.053305
32
-0.051242
0
3DFACE
62
163
10
0.097008
20
0.050021
30
-0.046657
11
0.098658
21
0.054070
31
-0.049701
12
0.096394
22
0.049662
32
-0.047507
0
3DFACE
62
163
10
0.097008
20
0.050021
30
-0.046657
11
0.099578
21
0.054672
31
-0.047970
12
0.098658
22
0.054070
32
-0.049701
0
3DFACE
62
163
10
0.097546
20
0.050304
30
-0.045718
11
0.099578
21
0.054672
31
-0.047970
12
0.097008
22
0.050021
32
-0.046657
0
3DFACE
62
163
10
0.097993
20
0.050502
30
-0.044712
11
0.099578
21
0.054672
31
-0.047970
12
0.097546
22
0.050304
32
-0.045718
0
3DFACE
62
163
10
0.097993
20
0.050502
30
-0.044712
11
0.100300
21
0.055090
31
-0.046097
12
0.099578
22
0.054672
32
-0.047970
0
3DFACE
62
163
10
0.098341
20
0.050612
30
-0.043663
11
0.100300
21
0.055090
31
-0.046097
12
0.097993
22
0.050502
32
-0.044712
0
3DFACE
62
163
10
0.098341
20
0.050612
30
-0.043663
11
0.100808
21
0.055313
31
-0.044139
12
0.100300
22
0.055090
32
-0.046097
0
3DFACE
62
163
10
0.098591
20
0.050629
30
-0.042578
11
0.101104
21
0.055333
31
-0.042110
12
0.100808
22
0.055313
32
-0.044139
0
3DFACE
62
163
10
0.098591
20
0.050629
30
-0.042578
11
0.100808
21
0.055313
31
-0.044139
12
0.098341
22
0.050612
32
-0.043663
0
3DFACE
62
163
10
0.098741
20
0.050550
30
-0.041472
11
0.101177
21
0.055145
31
-0.040069
12
0.101104
22
0.055333
32
-0.042110
0
3DFACE
62
163
10
0.098741
20
0.050550
30
-0.041472
11
0.101104
21
0.055333
31
-0.042110
12
0.098591
22
0.050629
32
-0.042578
0
3DFACE
62
163
10
0.098787
20
0.050375
30
-0.040370
11
0.101029
21
0.054756
31
-0.038076
12
0.101177
22
0.055145
32
-0.040069
0
3DFACE
62
163
10
0.098787
20
0.050375
30
-0.040370
11
0.101177
21
0.055145
31
-0.040069
12
0.098741
22
0.050550
32
-0.041472
0
3DFACE
62
163
10
0.098731
20
0.050109
30
-0.039295
11
0.101029
21
0.054756
31
-0.038076
12
0.098787
22
0.050375
32
-0.040370
0
3DFACE
62
163
10
0.098577
20
0.049748
30
-0.038249
11
0.100668
21
0.054162
31
-0.036148
12
0.101029
22
0.054756
32
-0.038076
0
3DFACE
62
163
10
0.098577
20
0.049748
30
-0.038249
11
0.101029
21
0.054756
31
-0.038076
12
0.098731
22
0.050109
32
-0.039295
0
3DFACE
62
163
10
0.098329
20
0.049297
30
-0.037255
11
0.100102
21
0.053378
31
-0.034339
12
0.100668
22
0.054162
32
-0.036148
0
3DFACE
62
163
10
0.098329
20
0.049297
30
-0.037255
11
0.100668
21
0.054162
31
-0.036148
12
0.098577
22
0.049748
32
-0.038249
0
3DFACE
62
163
10
0.097992
20
0.048767
30
-0.036338
11
0.099351
21
0.052427
31
-0.032703
12
0.100102
22
0.053378
32
-0.034339
0
3DFACE
62
163
10
0.097992
20
0.048767
30
-0.036338
11
0.100102
21
0.053378
31
-0.034339
12
0.098329
22
0.049297
32
-0.037255
0
3DFACE
62
163
10
0.097574
20
0.048161
30
-0.035504
11
0.098429
21
0.051311
31
-0.031253
12
0.099351
22
0.052427
32
-0.032703
0
3DFACE
62
163
10
0.097574
20
0.048161
30
-0.035504
11
0.099351
21
0.052427
31
-0.032703
12
0.097992
22
0.048767
32
-0.036338
0
3DFACE
62
163
10
0.097081
20
0.047482
30
-0.034763
11
0.097360
21
0.050057
31
-0.030031
12
0.098429
22
0.051311
32
-0.031253
0
3DFACE
62
163
10
0.097081
20
0.047482
30
-0.034763
11
0.098429
21
0.051311
31
-0.031253
12
0.097574
22
0.048161
32
-0.035504
0
3DFACE
62
163
10
0.096525
20
0.046745
30
-0.034134
11
0.096179
21
0.048704
31
-0.029072
12
0.097360
22
0.050057
32
-0.030031
0
3DFACE
62
163
10
0.096525
20
0.046745
30
-0.034134
11
0.097360
21
0.050057
31
-0.030031
12
0.097081
22
0.047482
32
-0.034763
0
3DFACE
62
163
10
0.095919
20
0.045966
30
-0.033629
11
0.096179
21
0.048704
31
-0.029072
12
0.096525
22
0.046745
32
-0.034134
0
3DFACE
62
163
10
0.095269
20
0.045142
30
-0.033248
11
0.094902
21
0.047256
31
-0.028384
12
0.096179
22
0.048704
32
-0.029072
0
3DFACE
62
163
10
0.095269
20
0.045142
30
-0.033248
11
0.096179
21
0.048704
31
-0.029072
12
0.095919
22
0.045966
32
-0.033629
0
3DFACE
62
163
10
0.094589
20
0.044288
30
-0.033002
11
0.093565
21
0.045752
31
-0.027989
12
0.094902
22
0.047256
32
-0.028384
0
3DFACE
62
163
10
0.094589
20
0.044288
30
-0.033002
11
0.094902
21
0.047256
31
-0.028384
12
0.095269
22
0.045142
32
-0.033248
0
3DFACE
62
163
10
0.093895
20
0.043425
30
-0.032895
11
0.092209
21
0.044236
31
-0.027895
12
0.093565
22
0.045752
32
-0.027989
0
3DFACE
62
163
10
0.093895
20
0.043425
30
-0.032895
11
0.093565
21
0.045752
31
-0.027989
12
0.094589
22
0.044288
32
-0.033002
0
3DFACE
62
163
10
0.093198
20
0.042559
30
-0.032927
11
0.092209
21
0.044236
31
-0.027895
12
0.093895
22
0.043425
32
-0.032895
0
3DFACE
62
163
10
0.093198
20
0.042559
30
-0.032927
11
0.091455
21
0.043391
31
-0.027974
12
0.092209
22
0.044236
32
-0.027895
0
3DFACE
62
163
10
0.093198
20
0.042559
30
-0.032927
11
0.090706
21
0.042549
31
-0.028145
12
0.091455
22
0.043391
32
-0.027974
0
3DFACE
62
163
10
0.092508
20
0.041696
30
-0.033100
11
0.090706
21
0.042549
31
-0.028145
12
0.093198
22
0.042559
32
-0.032927
0
3DFACE
62
163
10
0.092508
20
0.041696
30
-0.033100
11
0.089394
21
0.041069
31
-0.028686
12
0.090706
22
0.042549
32
-0.028145
0
3DFACE
62
163
10
0.091840
20
0.040855
30
-0.033409
11
0.089394
21
0.041069
31
-0.028686
12
0.092508
22
0.041696
32
-0.033100
0
3DFACE
62
163
10
0.091211
20
0.040053
30
-0.033847
11
0.089394
21
0.041069
31
-0.028686
12
0.091840
22
0.040855
32
-0.033409
0
3DFACE
62
163
10
0.091211
20
0.040053
30
-0.033847
11
0.088164
21
0.039670
31
-0.029507
12
0.089394
22
0.041069
32
-0.028686
0
3DFACE
62
163
10
0.090625
20
0.039289
30
-0.034412
11
0.087031
21
0.038357
31
-0.030600
12
0.088164
22
0.039670
32
-0.029507
0
3DFACE
62
163
10
0.090625
20
0.039289
30
-0.034412
11
0.088164
21
0.039670
31
-0.029507
12
0.091211
22
0.040053
32
-0.033847
0
3DFACE
62
163
10
0.090097
20
0.038577
30
-0.035095
11
0.087031
21
0.038357
31
-0.030600
12
0.090625
22
0.039289
32
-0.034412
0
3DFACE
62
163
10
0.090097
20
0.038577
30
-0.035095
11
0.086031
21
0.037168
31
-0.031938
12
0.087031
22
0.038357
32
-0.030600
0
3DFACE
62
163
10
0.089638
20
0.037933
30
-0.035879
11
0.085193
21
0.036134
31
-0.033479
12
0.086031
22
0.037168
32
-0.031938
0
3DFACE
62
163
10
0.089638
20
0.037933
30
-0.035879
11
0.086031
21
0.037168
31
-0.031938
12
0.090097
22
0.038577
32
-0.035095
0
3DFACE
62
163
10
0.089257
20
0.037363
30
-0.036753
11
0.084529
21
0.035259
31
-0.035210
12
0.085193
22
0.036134
32
-0.033479
0
3DFACE
62
163
10
0.089257
20
0.037363
30
-0.036753
11
0.085193
21
0.036134
31
-0.033479
12
0.089638
22
0.037933
32
-0.035879
0
3DFACE
62
163
10
0.088960
20
0.036866
30
-0.037710
11
0.084062
21
0.034567
31
-0.037083
12
0.084529
22
0.035259
32
-0.035210
0
3DFACE
62
163
10
0.088960
20
0.036866
30
-0.037710
11
0.084529
21
0.035259
31
-0.035210
12
0.089257
22
0.037363
32
-0.036753
0
3DFACE
62
163
10
0.088755
20
0.036456
30
-0.038730
11
0.084062
21
0.034567
31
-0.037083
12
0.088960
22
0.036866
32
-0.037710
0
3DFACE
62
163
10
0.088646
20
0.036141
30
-0.039788
11
0.083804
21
0.034075
31
-0.039041
12
0.084062
22
0.034567
32
-0.037083
0
3DFACE
62
163
10
0.088646
20
0.036141
30
-0.039788
11
0.084062
21
0.034567
31
-0.037083
12
0.088755
22
0.036456
32
-0.038730
0
3DFACE
62
163
10
0.088638
20
0.035916
30
-0.040880
11
0.083764
21
0.033782
31
-0.041070
12
0.083804
22
0.034075
32
-0.039041
0
3DFACE
62
163
10
0.088638
20
0.035916
30
-0.040880
11
0.083804
21
0.034075
31
-0.039041
12
0.088646
22
0.036141
32
-0.039788
0
3DFACE
62
163
10
0.088733
20
0.035785
30
-0.041988
11
0.083947
21
0.033696
31
-0.043111
12
0.083764
22
0.033782
32
-0.041070
0
3DFACE
62
163
10
0.088733
20
0.035785
30
-0.041988
11
0.083764
21
0.033782
31
-0.041070
12
0.088638
22
0.035916
32
-0.040880
0
3DFACE
62
163
10
0.088928
20
0.035751
30
-0.043084
11
0.084345
21
0.033817
31
-0.045104
12
0.083947
22
0.033696
32
-0.043111
0
3DFACE
62
163
10
0.088928
20
0.035751
30
-0.043084
11
0.083947
21
0.033696
31
-0.043111
12
0.088733
22
0.035785
32
-0.041988
0
3DFACE
62
163
10
0.089223
20
0.035812
30
-0.044153
11
0.084962
21
0.034136
31
-0.047032
12
0.084345
22
0.033817
32
-0.045104
0
3DFACE
62
163
10
0.089223
20
0.035812
30
-0.044153
11
0.084345
21
0.033817
31
-0.045104
12
0.088928
22
0.035751
32
-0.043084
0
3DFACE
62
163
10
0.089620
20
0.035963
30
-0.045188
11
0.085783
21
0.034646
31
-0.048841
12
0.084962
22
0.034136
32
-0.047032
0
3DFACE
62
163
10
0.089620
20
0.035963
30
-0.045188
11
0.084962
21
0.034136
31
-0.047032
12
0.089223
22
0.035812
32
-0.044153
0
3DFACE
62
163
10
0.090109
20
0.036201
30
-0.046164
11
0.085783
21
0.034646
31
-0.048841
12
0.089620
22
0.035963
32
-0.045188
0
3DFACE
62
163
10
0.090681
20
0.036520
30
-0.047060
11
0.086784
21
0.035329
31
-0.050477
12
0.085783
22
0.034646
32
-0.048841
0
3DFACE
62
163
10
0.090681
20
0.036520
30
-0.047060
11
0.085783
21
0.034646
31
-0.048841
12
0.090109
22
0.036201
32
-0.046164
0
3DFACE
62
163
10
0.091335
20
0.036914
30
-0.047873
11
0.087961
21
0.036172
31
-0.051927
12
0.086784
22
0.035329
32
-0.050477
0
3DFACE
62
163
10
0.091335
20
0.036914
30
-0.047873
11
0.086784
21
0.035329
31
-0.050477
12
0.090681
22
0.036520
32
-0.047060
0
3DFACE
62
163
10
0.092064
20
0.037374
30
-0.048587
11
0.089286
21
0.037152
31
-0.053149
12
0.087961
22
0.036172
32
-0.051927
0
3DFACE
62
163
10
0.092064
20
0.037374
30
-0.048587
11
0.087961
21
0.036172
31
-0.051927
12
0.091335
22
0.036914
32
-0.047873
0
3DFACE
62
163
10
0.092850
20
0.037891
30
-0.049185
11
0.090718
21
0.038236
31
-0.054108
12
0.089286
22
0.037152
32
-0.053149
0
3DFACE
62
163
10
0.092850
20
0.037891
30
-0.049185
11
0.089286
21
0.037152
31
-0.053149
12
0.092064
22
0.037374
32
-0.048587
0
3DFACE
62
163
10
0.093682
20
0.038453
30
-0.049659
11
0.092250
21
0.039410
31
-0.054796
12
0.090718
22
0.038236
32
-0.054108
0
3DFACE
62
163
10
0.093682
20
0.038453
30
-0.049659
11
0.090718
21
0.038236
31
-0.054108
12
0.092850
22
0.037891
32
-0.049185
0
3DFACE
62
163
10
0.094559
20
0.039053
30
-0.050007
11
0.093843
21
0.040640
31
-0.055191
12
0.092250
22
0.039410
32
-0.054796
0
3DFACE
62
163
10
0.094559
20
0.039053
30
-0.050007
11
0.092250
21
0.039410
31
-0.054796
12
0.093682
22
0.038453
32
-0.049659
0
3DFACE
62
163
10
0.095463
20
0.039677
30
-0.050218
11
0.093843
21
0.040640
31
-0.055191
12
0.094559
22
0.039053
32
-0.050007
0
3DFACE
62
163
10
0.096371
20
0.040310
30
-0.050290
11
0.095449
21
0.041888
31
-0.055285
12
0.093843
22
0.040640
32
-0.055191
0
3DFACE
62
163
10
0.096371
20
0.040310
30
-0.050290
11
0.093843
21
0.040640
31
-0.055191
12
0.095463
22
0.039677
32
-0.050218
0
3DFACE
62
163
10
0.097284
20
0.040946
30
-0.050222
11
0.096344
21
0.042582
31
-0.055206
12
0.095449
22
0.041888
32
-0.055285
0
3DFACE
62
163
10
0.097284
20
0.040946
30
-0.050222
11
0.097236
21
0.043271
31
-0.055035
12
0.096344
22
0.042582
32
-0.055206
0
3DFACE
62
163
10
0.097284
20
0.040946
30
-0.050222
11
0.095449
21
0.041888
31
-0.055285
12
0.096371
22
0.040310
32
-0.050290
0
3DFACE
62
163
10
0.098189
20
0.041571
30
-0.050015
11
0.098803
21
0.044477
31
-0.054494
12
0.097236
22
0.043271
32
-0.055035
0
3DFACE
62
163
10
0.098189
20
0.041571
30
-0.050015
11
0.097236
21
0.043271
31
-0.055035
12
0.097284
22
0.040946
32
-0.050222
0
3DFACE
62
163
10
0.099065
20
0.042171
30
-0.049672
11
0.098803
21
0.044477
31
-0.054494
12
0.098189
22
0.041571
32
-0.050015
0
3DFACE
62
163
10
0.099065
20
0.042171
30
-0.049672
11
0.100284
21
0.045608
31
-0.053673
12
0.098803
22
0.044477
32
-0.054494
0
3DFACE
62
163
10
0.099897
20
0.042734
30
-0.049202
11
0.100284
21
0.045608
31
-0.053673
12
0.099065
22
0.042171
32
-0.049672
0
3DFACE
62
163
10
0.099897
20
0.042734
30
-0.049202
11
0.101672
21
0.046647
31
-0.052580
12
0.100284
22
0.045608
32
-0.053673
0
3DFACE
62
163
10
0.100688
20
0.043253
30
-0.048606
11
0.101672
21
0.046647
31
-0.052580
12
0.099897
22
0.042734
32
-0.049202
0
3DFACE
62
163
10
0.101418
20
0.043715
30
-0.047896
11
0.101672
21
0.046647
31
-0.052580
12
0.100688
22
0.043253
32
-0.048606
0
3DFACE
62
163
10
0.101418
20
0.043715
30
-0.047896
11
0.102928
21
0.047563
31
-0.051242
12
0.101672
22
0.046647
32
-0.052580
0
3DFACE
62
163
10
0.102072
20
0.044110
30
-0.047089
11
0.102928
21
0.047563
31
-0.051242
12
0.101418
22
0.043715
32
-0.047896
0
3DFACE
62
163
10
0.102072
20
0.044110
30
-0.047089
11
0.104017
21
0.048328
31
-0.049701
12
0.102928
22
0.047563
32
-0.051242
0
3DFACE
62
163
10
0.102649
20
0.044432
30
-0.046193
11
0.104017
21
0.048328
31
-0.049701
12
0.102072
22
0.044110
32
-0.047089
0
3DFACE
62
163
10
0.102649
20
0.044432
30
-0.046193
11
0.104936
21
0.048930
31
-0.047970
12
0.104017
22
0.048328
32
-0.049701
0
3DFACE
62
163
10
0.103142
20
0.044673
30
-0.045217
11
0.104936
21
0.048930
31
-0.047970
12
0.102649
22
0.044432
32
-0.046193
0
3DFACE
62
163
10
0.103142
20
0.044673
30
-0.045217
11
0.105659
21
0.049348
31
-0.046097
12
0.104936
22
0.048930
32
-0.047970
0
3DFACE
62
163
10
0.103540
20
0.044827
30
-0.044186
11
0.106167
21
0.049571
31
-0.044139
12
0.105659
22
0.049348
32
-0.046097
0
3DFACE
62
163
10
0.103540
20
0.044827
30
-0.044186
11
0.105659
21
0.049348
31
-0.046097
12
0.103142
22
0.044673
32
-0.045217
0
3DFACE
62
163
10
0.103837
20
0.044890
30
-0.043119
11
0.106167
21
0.049571
31
-0.044139
12
0.103540
22
0.044827
32
-0.044186
0
3DFACE
62
163
10
0.104037
20
0.044859
30
-0.042020
11
0.106462
21
0.049590
31
-0.042110
12
0.106167
22
0.049571
32
-0.044139
0
3DFACE
62
163
10
0.104037
20
0.044859
30
-0.042020
11
0.106167
21
0.049571
31
-0.044139
12
0.103837
22
0.044890
32
-0.043119
0
3DFACE
62
163
10
0.104135
20
0.044731
30
-0.040913
11
0.106535
21
0.049402
31
-0.040069
12
0.106462
22
0.049590
32
-0.042110
0
3DFACE
62
163
10
0.104135
20
0.044731
30
-0.040913
11
0.106462
21
0.049590
31
-0.042110
12
0.104037
22
0.044859
32
-0.042020
0
3DFACE
62
163
10
0.104129
20
0.044510
30
-0.039824
11
0.106387
21
0.049013
31
-0.038076
12
0.106535
22
0.049402
32
-0.040069
0
3DFACE
62
163
10
0.104129
20
0.044510
30
-0.039824
11
0.106535
21
0.049402
31
-0.040069
12
0.104135
22
0.044731
32
-0.040913
0
3DFACE
62
163
10
0.104024
20
0.044196
30
-0.038761
11
0.106026
21
0.048420
31
-0.036148
12
0.106387
22
0.049013
32
-0.038076
0
3DFACE
62
163
10
0.104024
20
0.044196
30
-0.038761
11
0.106387
21
0.049013
31
-0.038076
12
0.104129
22
0.044510
32
-0.039824
0
3DFACE
62
163
10
0.103822
20
0.043788
30
-0.037739
11
0.105460
21
0.047636
31
-0.034339
12
0.106026
22
0.048420
32
-0.036148
0
3DFACE
62
163
10
0.103822
20
0.043788
30
-0.037739
11
0.106026
21
0.048420
31
-0.036148
12
0.104024
22
0.044196
32
-0.038761
0
3DFACE
62
163
10
0.103527
20
0.043296
30
-0.036781
11
0.104710
21
0.046685
31
-0.032703
12
0.105460
22
0.047636
32
-0.034339
0
3DFACE
62
163
10
0.103527
20
0.043296
30
-0.036781
11
0.105460
21
0.047636
31
-0.034339
12
0.103822
22
0.043788
32
-0.037739
0
3DFACE
62
163
10
0.103149
20
0.042729
30
-0.035906
11
0.104710
21
0.046685
31
-0.032703
12
0.103527
22
0.043296
32
-0.036781
0
3DFACE
62
163
10
0.102692
20
0.042084
30
-0.035117
11
0.103787
21
0.045568
31
-0.031253
12
0.104710
22
0.046685
32
-0.032703
0
3DFACE
62
163
10
0.102692
20
0.042084
30
-0.035117
11
0.104710
21
0.046685
31
-0.032703
12
0.103149
22
0.042729
32
-0.035906
0
3DFACE
62
163
10
0.102165
20
0.041374
30
-0.034431
11
0.102719
21
0.044314
31
-0.030031
12
0.103787
22
0.045568
32
-0.031253
0
3DFACE
62
163
10
0.102165
20
0.041374
30
-0.034431
11
0.103787
21
0.045568
31
-0.031253
12
0.102692
22
0.042084
32
-0.035117
0
3DFACE
62
163
10
0.101583
20
0.040615
30
-0.033864
11
0.101538
21
0.042961
31
-0.029072
12
0.102719
22
0.044314
32
-0.030031
0
3DFACE
62
163
10
0.101583
20
0.040615
30
-0.033864
11
0.102719
21
0.044314
31
-0.030031
12
0.102165
22
0.041374
32
-0.034431
0
3DFACE
62
163
10
0.100954
20
0.039812
30
-0.033421
11
0.100261
21
0.041514
31
-0.028384
12
0.101538
22
0.042961
32
-0.029072
0
3DFACE
62
163
10
0.100954
20
0.039812
30
-0.033421
11
0.101538
21
0.042961
31
-0.029072
12
0.101583
22
0.040615
32
-0.033864
0
3DFACE
62
163
10
0.100286
20
0.038970
30
-0.033107
11
0.098923
21
0.040010
31
-0.027989
12
0.100261
22
0.041514
32
-0.028384
0
3DFACE
62
163
10
0.100286
20
0.038970
30
-0.033107
11
0.100261
21
0.041514
31
-0.028384
12
0.100954
22
0.039812
32
-0.033421
0
3DFACE
62
163
10
0.099597
20
0.038109
30
-0.032930
11
0.097567
21
0.038493
31
-0.027895
12
0.098923
22
0.040010
32
-0.027989
0
3DFACE
62
163
10
0.099597
20
0.038109
30
-0.032930
11
0.098923
21
0.040010
31
-0.027989
12
0.100286
22
0.038970
32
-0.033107
0
3DFACE
62
163
10
0.098901
20
0.037246
30
-0.032894
11
0.096813
21
0.037648
31
-0.027974
12
0.097567
22
0.038493
32
-0.027895
0
3DFACE
62
163
10
0.098901
20
0.037246
30
-0.032894
11
0.097567
21
0.038493
31
-0.027895
12
0.099597
22
0.038109
32
-0.032930
0
3DFACE
62
163
10
0.098206
20
0.036379
30
-0.032997
11
0.096064
21
0.036807
31
-0.028145
12
0.096813
22
0.037648
32
-0.027974
0
3DFACE
62
163
10
0.098206
20
0.036379
30
-0.032997
11
0.096813
21
0.037648
31
-0.027974
12
0.098901
22
0.037246
32
-0.032894
0
3DFACE
62
163
10
0.097525
20
0.035524
30
-0.033239
11
0.094752
21
0.035327
31
-0.028686
12
0.096064
22
0.036807
32
-0.028145
0
3DFACE
62
163
10
0.097525
20
0.035524
30
-0.033239
11
0.096064
21
0.036807
31
-0.028145
12
0.098206
22
0.036379
32
-0.032997
0
3DFACE
62
163
10
0.096875
20
0.034703
30
-0.033614
11
0.093522
21
0.033928
31
-0.029507
12
0.094752
22
0.035327
32
-0.028686
0
3DFACE
62
163
10
0.096875
20
0.034703
30
-0.033614
11
0.094752
21
0.035327
31
-0.028686
12
0.097525
22
0.035524
32
-0.033239
0
3DFACE
62
163
10
0.096267
20
0.033920
30
-0.034117
11
0.092389
21
0.032615
31
-0.030600
12
0.093522
22
0.033928
32
-0.029507
0
3DFACE
62
163
10
0.096267
20
0.033920
30
-0.034117
11
0.093522
21
0.033928
31
-0.029507
12
0.096875
22
0.034703
32
-0.033614
0
3DFACE
62
163
10
0.095708
20
0.033180
30
-0.034743
11
0.092389
21
0.032615
31
-0.030600
12
0.096267
22
0.033920
32
-0.034117
0
3DFACE
62
163
10
0.095708
20
0.033180
30
-0.034743
11
0.091389
21
0.031425
31
-0.031938
12
0.092389
22
0.032615
32
-0.030600
0
3DFACE
62
163
10
0.095214
20
0.032500
30
-0.035480
11
0.091389
21
0.031425
31
-0.031938
12
0.095708
22
0.033180
32
-0.034743
0
3DFACE
62
163
10
0.094794
20
0.031894
30
-0.036308
11
0.091389
21
0.031425
31
-0.031938
12
0.095214
22
0.032500
32
-0.035480
0
3DFACE
62
163
10
0.094794
20
0.031894
30
-0.036308
11
0.090551
21
0.030392
31
-0.033479
12
0.091389
22
0.031425
32
-0.031938
0
3DFACE
62
163
10
0.094454
20
0.031359
30
-0.037227
11
0.090551
21
0.030392
31
-0.033479
12
0.094794
22
0.031894
32
-0.036308
0
3DFACE
62
163
10
0.094454
20
0.031359
30
-0.037227
11
0.089887
21
0.029516
31
-0.035210
12
0.090551
22
0.030392
32
-0.033479
0
3DFACE
62
163
10
0.094203
20
0.030905
30
-0.038219
11
0.089887
21
0.029516
31
-0.035210
12
0.094454
22
0.031359
32
-0.037227
0
3DFACE
62
163
10
0.094203
20
0.030905
30
-0.038219
11
0.089420
21
0.028824
31
-0.037083
12
0.089887
22
0.029516
32
-0.035210
0
3DFACE
62
163
10
0.094046
20
0.030543
30
-0.039260
11
0.089420
21
0.028824
31
-0.037083
12
0.094203
22
0.030905
32
-0.038219
0
3DFACE
62
163
10
0.094046
20
0.030543
30
-0.039260
11
0.089162
21
0.028333
31
-0.039041
12
0.089420
22
0.028824
32
-0.037083
0
3DFACE
62
163
10
0.093987
20
0.030273
30
-0.040336
11
0.089162
21
0.028333
31
-0.039041
12
0.094046
22
0.030543
32
-0.039260
0
3DFACE
62
163
10
0.093987
20
0.030273
30
-0.040336
11
0.089122
21
0.028040
31
-0.041070
12
0.089162
22
0.028333
32
-0.039041
0
3DFACE
62
163
10
0.094031
20
0.030095
30
-0.041440
11
0.089122
21
0.028040
31
-0.041070
12
0.093987
22
0.030273
32
-0.040336
0
3DFACE
62
163
10
0.094031
20
0.030095
30
-0.041440
11
0.089305
21
0.027954
31
-0.043111
12
0.089122
22
0.028040
32
-0.041070
0
3DFACE
62
163
10
0.094177
20
0.030013
30
-0.042545
11
0.089305
21
0.027954
31
-0.043111
12
0.094031
22
0.030095
32
-0.041440
0
3DFACE
62
163
10
0.094422
20
0.030028
30
-0.043627
11
0.089305
21
0.027954
31
-0.043111
12
0.094177
22
0.030013
32
-0.042545
0
3DFACE
62
163
10
0.094422
20
0.030028
30
-0.043627
11
0.089703
21
0.028074
31
-0.045104
12
0.089305
22
0.027954
32
-0.043111
0
3DFACE
62
163
10
0.094769
20
0.030134
30
-0.044682
11
0.089703
21
0.028074
31
-0.045104
12
0.094422
22
0.030028
32
-0.043627
0
3DFACE
62
163
10
0.094769
20
0.030134
30
-0.044682
11
0.090320
21
0.028394
31
-0.047032
12
0.089703
22
0.028074
32
-0.045104
0
3DFACE
62
163
10
0.095214
20
0.030330
30
-0.045690
11
0.090320
21
0.028394
31
-0.047032
12
0.094769
22
0.030134
32
-0.044682
0
3DFACE
62
163
10
0.095214
20
0.030330
30
-0.045690
11
0.091141
21
0.028904
31
-0.048841
12
0.090320
22
0.028394
32
-0.047032
0
3DFACE
62
163
10
0.095746
20
0.030610
30
-0.046628
11
0.091141
21
0.028904
31
-0.048841
12
0.095214
22
0.030330
32
-0.045690
0
3DFACE
62
163
10
0.095746
20
0.030610
30
-0.046628
11
0.092142
21
0.029587
31
-0.050477
12
0.091141
22
0.028904
32
-0.048841
0
3DFACE
62
163
10
0.096359
20
0.030968
30
-0.047482
11
0.092142
21
0.029587
31
-0.050477
12
0.095746
22
0.030610
32
-0.046628
0
3DFACE
62
163
10
0.096359
20
0.030968
30
-0.047482
11
0.093320
21
0.030430
31
-0.051927
12
0.092142
22
0.029587
32
-0.050477
0
3DFACE
62
163
10
0.097053
20
0.031396
30
-0.048247
11
0.093320
21
0.030430
31
-0.051927
12
0.096359
22
0.030968
32
-0.047482
0
3DFACE
62
163
10
0.097053
20
0.031396
30
-0.048247
11
0.094644
21
0.031409
31
-0.053149
12
0.093320
22
0.030430
32
-0.051927
0
3DFACE
62
163
10
0.097813
20
0.031887
30
-0.048904
11
0.094644
21
0.031409
31
-0.053149
12
0.097053
22
0.031396
32
-0.048247
0
3DFACE
62
163
10
0.098622
20
0.032427
30
-0.049440
11
0.094644
21
0.031409
31
-0.053149
12
0.097813
22
0.031887
32
-0.048904
0
3DFACE
62
163
10
0.098622
20
0.032427
30
-0.049440
11
0.096076
21
0.032494
31
-0.054108
12
0.094644
22
0.031409
32
-0.053149
0
3DFACE
62
163
10
0.099478
20
0.033009
30
-0.049851
11
0.096076
21
0.032494
31
-0.054108
12
0.098622
22
0.032427
32
-0.049440
0
3DFACE
62
163
10
0.099478
20
0.033009
30
-0.049851
11
0.097608
21
0.033668
31
-0.054796
12
0.096076
22
0.032494
32
-0.054108
0
3DFACE
62
163
10
0.100372
20
0.033623
30
-0.050131
11
0.097608
21
0.033668
31
-0.054796
12
0.099478
22
0.033009
32
-0.049851
0
3DFACE
62
163
10
0.100372
20
0.033623
30
-0.050131
11
0.099201
21
0.034898
31
-0.055191
12
0.097608
22
0.033668
32
-0.054796
0
3DFACE
62
163
10
0.101280
20
0.034254
30
-0.050272
11
0.099201
21
0.034898
31
-0.055191
12
0.100372
22
0.033623
32
-0.050131
0
3DFACE
62
163
10
0.101280
20
0.034254
30
-0.050272
11
0.100807
21
0.036146
31
-0.055285
12
0.099201
22
0.034898
32
-0.055191
0
3DFACE
62
163
10
0.101893
20
0.034682
30
-0.050288
11
0.100807
21
0.036146
31
-0.055285
12
0.101280
22
0.034254
32
-0.050272
0
3DFACE
62
163
10
0.102509
20
0.035111
30
-0.050241
11
0.100807
21
0.036146
31
-0.055285
12
0.101893
22
0.034682
32
-0.050288
0
3DFACE
62
163
10
0.102509
20
0.035111
30
-0.050241
11
0.101703
21
0.036840
31
-0.055206
12
0.100807
22
0.036146
32
-0.055285
0
3DFACE
62
163
10
0.103547
20
0.036079
30
-0.050509
11
0.101703
21
0.036840
31
-0.055206
12
0.102509
22
0.035111
32
-0.050241
0
3DFACE
62
163
10
0.103547
20
0.036079
30
-0.050509
11
0.102594
21
0.037529
31
-0.055035
12
0.101703
22
0.036840
32
-0.055206
0
3DFACE
62
163
10
0.104604
20
0.037066
30
-0.050535
11
0.104161
21
0.038735
31
-0.054494
12
0.102594
22
0.037529
32
-0.055035
0
3DFACE
62
163
10
0.104604
20
0.037066
30
-0.050535
11
0.102594
21
0.037529
31
-0.055035
12
0.103547
22
0.036079
32
-0.050509
0
3DFACE
62
163
10
0.105651
20
0.038042
30
-0.050335
11
0.105642
21
0.039866
31
-0.053673
12
0.104161
22
0.038735
32
-0.054494
0
3DFACE
62
163
10
0.105651
20
0.038042
30
-0.050335
11
0.104161
21
0.038735
31
-0.054494
12
0.104604
22
0.037066
32
-0.050535
0
3DFACE
62
163
10
0.106667
20
0.038991
30
-0.049929
11
0.107030
21
0.040905
31
-0.052580
12
0.105642
22
0.039866
32
-0.053673
0
3DFACE
62
163
10
0.106667
20
0.038991
30
-0.049929
11
0.105642
21
0.039866
31
-0.053673
12
0.105651
22
0.038042
32
-0.050335
0
3DFACE
62
163
10
0.107628
20
0.039887
30
-0.049331
11
0.108286
21
0.041820
31
-0.051242
12
0.107030
22
0.040905
32
-0.052580
0
3DFACE
62
163
10
0.107628
20
0.039887
30
-0.049331
11
0.107030
21
0.040905
31
-0.052580
12
0.106667
22
0.038991
32
-0.049929
0
3DFACE
62
163
10
0.108518
20
0.040718
30
-0.048558
11
0.109375
21
0.042585
31
-0.049701
12
0.108286
22
0.041820
32
-0.051242
0
3DFACE
62
163
10
0.108518
20
0.040718
30
-0.048558
11
0.108286
21
0.041820
31
-0.051242
12
0.107628
22
0.039887
32
-0.049331
0
3DFACE
62
163
10
0.109332
20
0.041478
30
-0.047633
11
0.109375
21
0.042585
31
-0.049701
12
0.108518
22
0.040718
32
-0.048558
0
3DFACE
62
163
10
0.109332
20
0.041478
30
-0.047633
11
0.110294
21
0.043187
31
-0.047970
12
0.109375
22
0.042585
32
-0.049701
0
3DFACE
62
163
10
0.110053
20
0.042150
30
-0.046583
11
0.110294
21
0.043187
31
-0.047970
12
0.109332
22
0.041478
32
-0.047633
0
3DFACE
62
163
10
0.110053
20
0.042150
30
-0.046583
11
0.111017
21
0.043605
31
-0.046097
12
0.110294
22
0.043187
32
-0.047970
0
3DFACE
62
163
10
0.110677
20
0.042732
30
-0.045413
11
0.111017
21
0.043605
31
-0.046097
12
0.110053
22
0.042150
32
-0.046583
0
3DFACE
62
163
10
0.111191
20
0.043212
30
-0.044156
11
0.111017
21
0.043605
31
-0.046097
12
0.110677
22
0.042732
32
-0.045413
0
3DFACE
62
163
10
0.111191
20
0.043212
30
-0.044156
11
0.111525
21
0.043828
31
-0.044139
12
0.111017
22
0.043605
32
-0.046097
0
3DFACE
62
163
10
0.111564
20
0.043560
30
-0.042965
11
0.111525
21
0.043828
31
-0.044139
12
0.111191
22
0.043212
32
-0.044156
0
3DFACE
62
163
10
0.111564
20
0.043560
30
-0.042965
11
0.111727
21
0.043865
31
-0.042938
12
0.111525
22
0.043828
32
-0.044139
0
3DFACE
62
163
10
0.111851
20
0.043828
30
-0.041722
11
0.111727
21
0.043865
31
-0.042938
12
0.111564
22
0.043560
32
-0.042965
0
3DFACE
62
163
10
0.073639
20
0.060488
30
-0.034044
11
0.074605
21
0.061389
31
-0.033666
12
0.061558
22
0.075372
32
-0.033666
0
3DFACE
62
163
10
0.073639
20
0.060488
30
-0.034044
11
0.061558
21
0.075372
31
-0.033666
12
0.060569
22
0.074450
32
-0.034055
0
3DFACE
62
163
10
0.072733
20
0.059643
30
-0.034641
11
0.060569
21
0.074450
31
-0.034055
12
0.059644
22
0.073587
32
-0.034674
0
3DFACE
62
163
10
0.072733
20
0.059643
30
-0.034641
11
0.073639
21
0.060488
31
-0.034044
12
0.060569
22
0.074450
32
-0.034055
0
3DFACE
62
163
10
0.071915
20
0.058879
30
-0.035439
11
0.059644
21
0.073587
31
-0.034674
12
0.058813
22
0.072811
32
-0.035503
0
3DFACE
62
163
10
0.071915
20
0.058879
30
-0.035439
11
0.072733
21
0.059643
31
-0.034641
12
0.059644
22
0.073587
32
-0.034674
0
3DFACE
62
163
10
0.071208
20
0.058219
30
-0.036415
11
0.058813
21
0.072811
31
-0.035503
12
0.058099
22
0.072145
32
-0.036517
0
3DFACE
62
163
10
0.071208
20
0.058219
30
-0.036415
11
0.071915
21
0.058879
31
-0.035439
12
0.058813
22
0.072811
32
-0.035503
0
3DFACE
62
163
10
0.070631
20
0.057682
30
-0.037542
11
0.058099
21
0.072145
31
-0.036517
12
0.057525
22
0.071609
32
-0.037685
0
3DFACE
62
163
10
0.070631
20
0.057682
30
-0.037542
11
0.071208
21
0.058219
31
-0.036415
12
0.058099
22
0.072145
32
-0.036517
0
3DFACE
62
163
10
0.070203
20
0.057282
30
-0.038786
11
0.057525
21
0.071609
31
-0.037685
12
0.057107
22
0.071220
32
-0.038972
0
3DFACE
62
163
10
0.070203
20
0.057282
30
-0.038786
11
0.070631
21
0.057682
31
-0.037542
12
0.057525
22
0.071609
32
-0.037685
0
3DFACE
62
163
10
0.069936
20
0.057032
30
-0.040111
11
0.057107
21
0.071220
31
-0.038972
12
0.056860
22
0.070989
32
-0.040338
0
3DFACE
62
163
10
0.069936
20
0.057032
30
-0.040111
11
0.070203
21
0.057282
31
-0.038786
12
0.057107
22
0.071220
32
-0.038972
0
3DFACE
62
163
10
0.069837
20
0.056940
30
-0.041479
11
0.056860
21
0.070989
31
-0.040338
12
0.056789
22
0.070923
32
-0.041743
0
3DFACE
62
163
10
0.069837
20
0.056940
30
-0.041479
11
0.069936
21
0.057032
31
-0.040111
12
0.056860
22
0.070989
32
-0.040338
0
3DFACE
62
163
10
0.069908
20
0.057007
30
-0.042850
11
0.056789
21
0.070923
31
-0.041743
12
0.056898
22
0.071025
32
-0.043142
0
3DFACE
62
163
10
0.069908
20
0.057007
30
-0.042850
11
0.069837
21
0.056940
31
-0.041479
12
0.056789
22
0.070923
32
-0.041743
0
3DFACE
62
163
10
0.070149
20
0.057231
30
-0.044185
11
0.056898
21
0.071025
31
-0.043142
12
0.057184
22
0.071291
32
-0.044495
0
3DFACE
62
163
10
0.070149
20
0.057231
30
-0.044185
11
0.069908
21
0.057007
31
-0.042850
12
0.056898
22
0.071025
32
-0.043142
0
3DFACE
62
163
10
0.070552
20
0.057607
30
-0.045444
11
0.057184
21
0.071291
31
-0.044495
12
0.057636
22
0.071713
32
-0.045759
0
3DFACE
62
163
10
0.070552
20
0.057607
30
-0.045444
11
0.070149
21
0.057231
31
-0.044185
12
0.057184
22
0.071291
32
-0.044495
0
3DFACE
62
163
10
0.071105
20
0.058124
30
-0.046592
11
0.057636
21
0.071713
31
-0.045759
12
0.058242
22
0.072279
32
-0.046896
0
3DFACE
62
163
10
0.071105
20
0.058124
30
-0.046592
11
0.070552
21
0.057607
31
-0.045444
12
0.057636
22
0.071713
32
-0.045759
0
3DFACE
62
163
10
0.071793
20
0.058765
30
-0.047595
11
0.058242
21
0.072279
31
-0.046896
12
0.058983
22
0.072971
32
-0.047873
0
3DFACE
62
163
10
0.071793
20
0.058765
30
-0.047595
11
0.071105
21
0.058124
31
-0.046592
12
0.058242
22
0.072279
32
-0.046896
0
3DFACE
62
163
10
0.072595
20
0.059513
30
-0.048424
11
0.058983
21
0.072971
31
-0.047873
12
0.059837
22
0.073767
32
-0.048658
0
3DFACE
62
163
10
0.072595
20
0.059513
30
-0.048424
11
0.071793
21
0.058765
31
-0.047595
12
0.058983
22
0.072971
32
-0.047873
0
3DFACE
62
163
10
0.073488
20
0.060347
30
-0.049054
11
0.072595
21
0.059513
31
-0.048424
12
0.059837
22
0.073767
32
-0.048658
0
3DFACE
62
163
10
0.073488
20
0.060347
30
-0.049054
11
0.059837
21
0.073767
31
-0.048658
12
0.060778
22
0.074645
32
-0.049229
0
3DFACE
62
163
10
0.074446
20
0.061241
30
-0.049469
11
0.073488
21
0.060347
31
-0.049054
12
0.060778
22
0.074645
32
-0.049229
0
3DFACE
62
163
10
0.074446
20
0.061241
30
-0.049469
11
0.060778
21
0.074645
31
-0.049229
12
0.061777
22
0.075577
32
-0.049567
0
3DFACE
62
163
10
0.075442
20
0.062170
30
-0.049655
11
0.074446
21
0.061241
31
-0.049469
12
0.061777
22
0.075577
32
-0.049567
0
3DFACE
62
163
10
0.075442
20
0.062170
30
-0.049655
11
0.061777
21
0.075577
31
-0.049567
12
0.062804
22
0.076535
32
-0.049664
0
3DFACE
62
163
10
0.075842
20
0.062543
30
-0.049664
11
0.075442
21
0.062170
31
-0.049655
12
0.062804
22
0.076535
32
-0.049664
0
3DFACE
62
163
10
0.076241
20
0.062916
30
-0.049636
11
0.062804
21
0.076535
31
-0.049664
12
0.063827
22
0.077490
32
-0.049514
0
3DFACE
62
163
10
0.076241
20
0.062916
30
-0.049636
11
0.075842
21
0.062543
31
-0.049664
12
0.062804
22
0.076535
32
-0.049664
0
3DFACE
62
163
10
0.076875
20
0.063507
30
-0.049514
11
0.076241
21
0.062916
31
-0.049636
12
0.063827
22
0.077490
32
-0.049514
0
3DFACE
62
163
10
0.057107
20
0.071220
30
-0.038972
11
0.058099
21
0.072145
31
-0.036517
12
0.057525
22
0.071609
32
-0.037685
0
3DFACE
62
163
10
0.060569
20
0.074450
30
-0.034055
11
0.059644
21
0.073587
31
-0.034674
12
0.058813
22
0.072811
32
-0.035503
0
3DFACE
62
163
10
0.060569
20
0.074450
30
-0.034055
11
0.058813
21
0.072811
31
-0.035503
12
0.058099
22
0.072145
32
-0.036517
0
3DFACE
62
163
10
0.056898
20
0.071025
30
-0.043142
11
0.057107
21
0.071220
31
-0.038972
12
0.056860
22
0.070989
32
-0.040338
0
3DFACE
62
163
10
0.056898
20
0.071025
30
-0.043142
11
0.056860
21
0.070989
31
-0.040338
12
0.056789
22
0.070923
32
-0.041743
0
3DFACE
62
163
10
0.061558
20
0.075372
30
-0.033666
11
0.060569
21
0.074450
31
-0.034055
12
0.058099
22
0.072145
32
-0.036517
0
3DFACE
62
163
10
0.057636
20
0.071713
30
-0.045759
11
0.056898
21
0.071025
31
-0.043142
12
0.057184
22
0.071291
32
-0.044495
0
3DFACE
62
163
10
0.063608
20
0.077285
30
-0.033613
11
0.062581
21
0.076327
31
-0.033516
12
0.061558
22
0.075372
32
-0.033666
0
3DFACE
62
163
10
0.063608
20
0.077285
30
-0.033613
11
0.061558
21
0.075372
31
-0.033666
12
0.058099
22
0.072145
32
-0.036517
0
3DFACE
62
163
10
0.058242
20
0.072279
30
-0.046896
11
0.056898
21
0.071025
31
-0.043142
12
0.057636
22
0.071713
32
-0.045759
0
3DFACE
62
163
10
0.058983
20
0.072971
30
-0.047873
11
0.064607
21
0.078217
31
-0.033951
12
0.063608
22
0.077285
32
-0.033613
0
3DFACE
62
163
10
0.058983
20
0.072971
30
-0.047873
11
0.058099
21
0.072145
31
-0.036517
12
0.057107
22
0.071220
32
-0.038972
0
3DFACE
62
163
10
0.058983
20
0.072971
30
-0.047873
11
0.057107
21
0.071220
31
-0.038972
12
0.056898
22
0.071025
32
-0.043142
0
3DFACE
62
163
10
0.058983
20
0.072971
30
-0.047873
11
0.063608
21
0.077285
31
-0.033613
12
0.058099
22
0.072145
32
-0.036517
0
3DFACE
62
163
10
0.058983
20
0.072971
30
-0.047873
11
0.056898
21
0.071025
31
-0.043142
12
0.058242
22
0.072279
32
-0.046896
0
3DFACE
62
163
10
0.065547
20
0.079095
30
-0.034522
11
0.064607
21
0.078217
31
-0.033951
12
0.058983
22
0.072971
32
-0.047873
0
3DFACE
62
163
10
0.059837
20
0.073767
30
-0.048658
11
0.065547
21
0.079095
31
-0.034522
12
0.058983
22
0.072971
32
-0.047873
0
3DFACE
62
163
10
0.067749
20
0.081149
30
-0.037421
11
0.059837
21
0.073767
31
-0.048658
12
0.060778
22
0.074645
32
-0.049229
0
3DFACE
62
163
10
0.067749
20
0.081149
30
-0.037421
11
0.067143
21
0.080584
31
-0.036284
12
0.066401
22
0.079892
32
-0.035307
0
3DFACE
62
163
10
0.067749
20
0.081149
30
-0.037421
11
0.066401
21
0.079892
31
-0.035307
12
0.065547
22
0.079095
32
-0.034522
0
3DFACE
62
163
10
0.067749
20
0.081149
30
-0.037421
11
0.065547
21
0.079095
31
-0.034522
12
0.059837
22
0.073767
32
-0.048658
0
3DFACE
62
163
10
0.062804
20
0.076535
30
-0.049664
11
0.060778
21
0.074645
31
-0.049229
12
0.061777
22
0.075577
32
-0.049567
0
3DFACE
62
163
10
0.062804
20
0.076535
30
-0.049664
11
0.067749
21
0.081149
31
-0.037421
12
0.060778
22
0.074645
32
-0.049229
0
3DFACE
62
163
10
0.068486
20
0.081838
30
-0.040038
11
0.068201
21
0.081572
31
-0.038685
12
0.067749
22
0.081149
32
-0.037421
0
3DFACE
62
163
10
0.068525
20
0.081874
30
-0.042842
11
0.062804
21
0.076535
31
-0.049664
12
0.063827
22
0.077490
32
-0.049514
0
3DFACE
62
163
10
0.068525
20
0.081874
30
-0.042842
11
0.068595
21
0.081939
31
-0.041437
12
0.068486
22
0.081838
32
-0.040038
0
3DFACE
62
163
10
0.068525
20
0.081874
30
-0.042842
11
0.068486
21
0.081838
31
-0.040038
12
0.067749
22
0.081149
32
-0.037421
0
3DFACE
62
163
10
0.068525
20
0.081874
30
-0.042842
11
0.067749
21
0.081149
31
-0.037421
12
0.062804
22
0.076535
32
-0.049664
0
3DFACE
62
163
10
0.067286
20
0.080718
30
-0.046663
11
0.063827
21
0.077490
31
-0.049514
12
0.064816
22
0.078413
32
-0.049125
0
3DFACE
62
163
10
0.067286
20
0.080718
30
-0.046663
11
0.064816
21
0.078413
31
-0.049125
12
0.065740
22
0.079275
32
-0.048506
0
3DFACE
62
163
10
0.067286
20
0.080718
30
-0.046663
11
0.065740
21
0.079275
31
-0.048506
12
0.066572
22
0.080052
32
-0.047677
0
3DFACE
62
163
10
0.067860
20
0.081253
30
-0.045495
11
0.063827
21
0.077490
31
-0.049514
12
0.067286
22
0.080718
32
-0.046663
0
3DFACE
62
163
10
0.067860
20
0.081253
30
-0.045495
11
0.068277
21
0.081643
31
-0.044208
12
0.068525
22
0.081874
32
-0.042842
0
3DFACE
62
163
10
0.067860
20
0.081253
30
-0.045495
11
0.068525
21
0.081874
31
-0.042842
12
0.063827
22
0.077490
32
-0.049514
0
3DFACE
62
163
10
0.102029
20
0.034663
30
-0.049661
11
0.102970
21
0.035541
31
-0.049514
12
0.116017
22
0.021558
32
-0.049514
0
3DFACE
62
163
10
0.102029
20
0.034663
30
-0.049661
11
0.116017
21
0.021558
31
-0.049514
12
0.114994
22
0.020603
32
-0.049664
0
3DFACE
62
163
10
0.101083
20
0.033781
30
-0.049599
11
0.114994
21
0.020603
31
-0.049664
12
0.113967
22
0.019645
32
-0.049567
0
3DFACE
62
163
10
0.101083
20
0.033781
30
-0.049599
11
0.102029
21
0.034663
31
-0.049661
12
0.114994
22
0.020603
32
-0.049664
0
3DFACE
62
163
10
0.100157
20
0.032916
30
-0.049332
11
0.113967
21
0.019645
31
-0.049567
12
0.112968
22
0.018713
32
-0.049229
0
3DFACE
62
163
10
0.100157
20
0.032916
30
-0.049332
11
0.101083
21
0.033781
31
-0.049599
12
0.113967
22
0.019645
32
-0.049567
0
3DFACE
62
163
10
0.099273
20
0.032092
30
-0.048865
11
0.112968
21
0.018713
31
-0.049229
12
0.112028
22
0.017835
32
-0.048658
0
3DFACE
62
163
10
0.099273
20
0.032092
30
-0.048865
11
0.100157
21
0.032916
31
-0.049332
12
0.112968
22
0.018713
32
-0.049229
0
3DFACE
62
163
10
0.098456
20
0.031329
30
-0.048212
11
0.112028
21
0.017835
31
-0.048658
12
0.111174
22
0.017038
32
-0.047873
0
3DFACE
62
163
10
0.098456
20
0.031329
30
-0.048212
11
0.099273
21
0.032092
31
-0.048865
12
0.112028
22
0.017835
32
-0.048658
0
3DFACE
62
163
10
0.098120
20
0.031016
30
-0.047866
11
0.098456
21
0.031329
31
-0.048212
12
0.111174
22
0.017038
32
-0.047873
0
3DFACE
62
163
10
0.097804
20
0.030720
30
-0.047489
11
0.111174
21
0.017038
31
-0.047873
12
0.110432
22
0.016347
32
-0.046896
0
3DFACE
62
163
10
0.097804
20
0.030720
30
-0.047489
11
0.098120
21
0.031016
31
-0.047866
12
0.111174
22
0.017038
32
-0.047873
0
3DFACE
62
163
10
0.097340
20
0.030288
30
-0.046825
11
0.110432
21
0.016347
31
-0.046896
12
0.109826
22
0.015781
32
-0.045759
0
3DFACE
62
163
10
0.097340
20
0.030288
30
-0.046825
11
0.097804
21
0.030720
31
-0.047489
12
0.110432
22
0.016347
32
-0.046896
0
3DFACE
62
163
10
0.096746
20
0.029734
30
-0.045684
11
0.109826
21
0.015781
31
-0.045759
12
0.109374
22
0.015359
32
-0.044495
0
3DFACE
62
163
10
0.096746
20
0.029734
30
-0.045684
11
0.097340
21
0.030288
31
-0.046825
12
0.109826
22
0.015781
32
-0.045759
0
3DFACE
62
163
10
0.096306
20
0.029323
30
-0.044421
11
0.109374
21
0.015359
31
-0.044495
12
0.109089
22
0.015093
32
-0.043142
0
3DFACE
62
163
10
0.096306
20
0.029323
30
-0.044421
11
0.096746
21
0.029734
31
-0.045684
12
0.109374
22
0.015359
32
-0.044495
0
3DFACE
62
163
10
0.096031
20
0.029067
30
-0.043073
11
0.109089
21
0.015093
31
-0.043142
12
0.108980
22
0.014991
32
-0.041743
0
3DFACE
62
163
10
0.096031
20
0.029067
30
-0.043073
11
0.096306
21
0.029323
31
-0.044421
12
0.109089
22
0.015093
32
-0.043142
0
3DFACE
62
163
10
0.095931
20
0.028973
30
-0.041680
11
0.108980
21
0.014991
31
-0.041743
12
0.109050
22
0.015057
32
-0.040338
0
3DFACE
62
163
10
0.095931
20
0.028973
30
-0.041680
11
0.096031
21
0.029067
31
-0.043073
12
0.108980
22
0.014991
32
-0.041743
0
3DFACE
62
163
10
0.096009
20
0.029046
30
-0.040284
11
0.109050
21
0.015057
31
-0.040338
12
0.109298
22
0.015288
32
-0.038972
0
3DFACE
62
163
10
0.096009
20
0.029046
30
-0.040284
11
0.095931
21
0.028973
31
-0.041680
12
0.109050
22
0.015057
32
-0.040338
0
3DFACE
62
163
10
0.096261
20
0.029281
30
-0.038927
11
0.109298
21
0.015288
31
-0.038972
12
0.109715
22
0.015677
32
-0.037685
0
3DFACE
62
163
10
0.096261
20
0.029281
30
-0.038927
11
0.096009
21
0.029046
31
-0.040284
12
0.109298
22
0.015288
32
-0.038972
0
3DFACE
62
163
10
0.096681
20
0.029673
30
-0.037651
11
0.096261
21
0.029281
31
-0.038927
12
0.109715
22
0.015677
32
-0.037685
0
3DFACE
62
163
10
0.096681
20
0.029673
30
-0.037651
11
0.109715
21
0.015677
31
-0.037685
12
0.110289
22
0.016213
32
-0.036517
0
3DFACE
62
163
10
0.097256
20
0.030209
30
-0.036493
11
0.110289
21
0.016213
31
-0.036517
12
0.111003
22
0.016879
32
-0.035503
0
3DFACE
62
163
10
0.097256
20
0.030209
30
-0.036493
11
0.096681
21
0.029673
31
-0.037651
12
0.110289
22
0.016213
32
-0.036517
0
3DFACE
62
163
10
0.097968
20
0.030874
30
-0.035488
11
0.111003
21
0.016879
31
-0.035503
12
0.111835
22
0.017655
32
-0.034674
0
3DFACE
62
163
10
0.097968
20
0.030874
30
-0.035488
11
0.097256
21
0.030209
31
-0.036493
12
0.111003
22
0.016879
32
-0.035503
0
3DFACE
62
163
10
0.098797
20
0.031647
30
-0.034666
11
0.111835
21
0.017655
31
-0.034674
12
0.112759
22
0.018517
32
-0.034055
0
3DFACE
62
163
10
0.098797
20
0.031647
30
-0.034666
11
0.097968
21
0.030874
31
-0.035488
12
0.111835
22
0.017655
32
-0.034674
0
3DFACE
62
163
10
0.099717
20
0.032505
30
-0.034053
11
0.112759
21
0.018517
31
-0.034055
12
0.113748
22
0.019440
32
-0.033666
0
3DFACE
62
163
10
0.099717
20
0.032505
30
-0.034053
11
0.098797
21
0.031647
31
-0.034666
12
0.112759
22
0.018517
32
-0.034055
0
3DFACE
62
163
10
0.100700
20
0.033423
30
-0.033666
11
0.099717
21
0.032505
31
-0.034053
12
0.113748
22
0.019440
32
-0.033666
0
3DFACE
62
163
10
0.109298
20
0.015288
30
-0.038972
11
0.110289
21
0.016213
31
-0.036517
12
0.109715
22
0.015677
32
-0.037685
0
3DFACE
62
163
10
0.112759
20
0.018517
30
-0.034055
11
0.111835
21
0.017655
31
-0.034674
12
0.111003
22
0.016879
32
-0.035503
0
3DFACE
62
163
10
0.112759
20
0.018517
30
-0.034055
11
0.111003
21
0.016879
31
-0.035503
12
0.110289
22
0.016213
32
-0.036517
0
3DFACE
62
163
10
0.109089
20
0.015093
30
-0.043142
11
0.109298
21
0.015288
31
-0.038972
12
0.109050
22
0.015057
32
-0.040338
0
3DFACE
62
163
10
0.109089
20
0.015093
30
-0.043142
11
0.109050
21
0.015057
31
-0.040338
12
0.108980
22
0.014991
32
-0.041743
0
3DFACE
62
163
10
0.113748
20
0.019440
30
-0.033666
11
0.112759
21
0.018517
31
-0.034055
12
0.110289
22
0.016213
32
-0.036517
0
3DFACE
62
163
10
0.109826
20
0.015781
30
-0.045759
11
0.109089
21
0.015093
31
-0.043142
12
0.109374
22
0.015359
32
-0.044495
0
3DFACE
62
163
10
0.115798
20
0.021353
30
-0.033613
11
0.114771
21
0.020395
31
-0.033516
12
0.113748
22
0.019440
32
-0.033666
0
3DFACE
62
163
10
0.115798
20
0.021353
30
-0.033613
11
0.113748
21
0.019440
31
-0.033666
12
0.110289
22
0.016213
32
-0.036517
0
3DFACE
62
163
10
0.110432
20
0.016347
30
-0.046896
11
0.109089
21
0.015093
31
-0.043142
12
0.109826
22
0.015781
32
-0.045759
0
3DFACE
62
163
10
0.111174
20
0.017038
30
-0.047873
11
0.116797
21
0.022285
31
-0.033951
12
0.115798
22
0.021353
32
-0.033613
0
3DFACE
62
163
10
0.111174
20
0.017038
30
-0.047873
11
0.110289
21
0.016213
31
-0.036517
12
0.109298
22
0.015288
32
-0.038972
0
3DFACE
62
163
10
0.111174
20
0.017038
30
-0.047873
11
0.109298
21
0.015288
31
-0.038972
12
0.109089
22
0.015093
32
-0.043142
0
3DFACE
62
163
10
0.111174
20
0.017038
30
-0.047873
11
0.115798
21
0.021353
31
-0.033613
12
0.110289
22
0.016213
32
-0.036517
0
3DFACE
62
163
10
0.111174
20
0.017038
30
-0.047873
11
0.109089
21
0.015093
31
-0.043142
12
0.110432
22
0.016347
32
-0.046896
0
3DFACE
62
163
10
0.117738
20
0.023163
30
-0.034522
11
0.116797
21
0.022285
31
-0.033951
12
0.111174
22
0.017038
32
-0.047873
0
3DFACE
62
163
10
0.112028
20
0.017835
30
-0.048658
11
0.117738
21
0.023163
31
-0.034522
12
0.111174
22
0.017038
32
-0.047873
0
3DFACE
62
163
10
0.119939
20
0.025217
30
-0.037421
11
0.112028
21
0.017835
31
-0.048658
12
0.112968
22
0.018713
32
-0.049229
0
3DFACE
62
163
10
0.119939
20
0.025217
30
-0.037421
11
0.119333
21
0.024651
31
-0.036284
12
0.118592
22
0.023960
32
-0.035307
0
3DFACE
62
163
10
0.119939
20
0.025217
30
-0.037421
11
0.118592
21
0.023960
31
-0.035307
12
0.117738
22
0.023163
32
-0.034522
0
3DFACE
62
163
10
0.119939
20
0.025217
30
-0.037421
11
0.117738
21
0.023163
31
-0.034522
12
0.112028
22
0.017835
32
-0.048658
0
3DFACE
62
163
10
0.114994
20
0.020603
30
-0.049664
11
0.112968
21
0.018713
31
-0.049229
12
0.113967
22
0.019645
32
-0.049567
0
3DFACE
62
163
10
0.114994
20
0.020603
30
-0.049664
11
0.119939
21
0.025217
31
-0.037421
12
0.112968
22
0.018713
32
-0.049229
0
3DFACE
62
163
10
0.120677
20
0.025905
30
-0.040038
11
0.120391
21
0.025639
31
-0.038685
12
0.119939
22
0.025217
32
-0.037421
0
3DFACE
62
163
10
0.120715
20
0.025941
30
-0.042842
11
0.114994
21
0.020603
31
-0.049664
12
0.116017
22
0.021558
32
-0.049514
0
3DFACE
62
163
10
0.120715
20
0.025941
30
-0.042842
11
0.120786
21
0.026007
31
-0.041437
12
0.120677
22
0.025905
32
-0.040038
0
3DFACE
62
163
10
0.120715
20
0.025941
30
-0.042842
11
0.120677
21
0.025905
31
-0.040038
12
0.119939
22
0.025217
32
-0.037421
0
3DFACE
62
163
10
0.120715
20
0.025941
30
-0.042842
11
0.119939
21
0.025217
31
-0.037421
12
0.114994
22
0.020603
32
-0.049664
0
3DFACE
62
163
10
0.119476
20
0.024785
30
-0.046663
11
0.116017
21
0.021558
31
-0.049514
12
0.117006
22
0.022481
32
-0.049125
0
3DFACE
62
163
10
0.119476
20
0.024785
30
-0.046663
11
0.117006
21
0.022481
31
-0.049125
12
0.117931
22
0.023343
32
-0.048506
0
3DFACE
62
163
10
0.119476
20
0.024785
30
-0.046663
11
0.117931
21
0.023343
31
-0.048506
12
0.118762
22
0.024119
32
-0.047677
0
3DFACE
62
163
10
0.120050
20
0.025321
30
-0.045495
11
0.116017
21
0.021558
31
-0.049514
12
0.119476
22
0.024785
32
-0.046663
0
3DFACE
62
163
10
0.120050
20
0.025321
30
-0.045495
11
0.120468
21
0.025710
31
-0.044208
12
0.120715
22
0.025941
32
-0.042842
0
3DFACE
62
163
10
0.120050
20
0.025321
30
-0.045495
11
0.120715
21
0.025941
31
-0.042842
12
0.116017
22
0.021558
32
-0.049514
0
ENDSEC
0
EOF
