time,x,y,z,x_ref,y_ref,z_ref,roll,pitch,yaw,u1,u2,u3,u4,plant_gust_force_x_N,plant_gust_force_y_N,plant_gust_force_z_N,plant_mass_kg,controller_nominal_mass_kg,fault_effectiveness_1,fault_effectiveness_2,fault_effectiveness_3,fault_effectiveness_4
0.0,0.0,0.0,0.0,0.0,0.0,0.0,-0.0,-0.0,-0.0,64.7923778389665,-64.7923778389665,64.7923778389665,-64.7923778389665,0.0,0.0,0.0,1.0,1.0,1.0,1.0,1.0,1.0
0.01,4.240808704470704e-11,-5.472011336337055e-11,2.795558659103578e-05,0.0,0.0,0.02,6.091365657487172e-07,4.7208081097740175e-07,-1.436609371536291e-13,88.92081127455792,-88.92033675406802,88.91996900071034,-88.92044352120274,0.0,0.0,0.0,1.0,1.0,1.0,1.0,1.0,1.0
0.02,8.726377988124263e-10,-1.125984408371548e-09,0.00034345437587654076,0.0,0.0,0.04,2.693387324908955e-06,2.0873743829815665e-06,-2.8278401080595126e-12,97.88728384600014,-97.88557211849293,97.88424553024717,-97.8859572578038,0.0,0.0,0.0,1.0,1.0,1.0,1.0,1.0,1.0
0.03,5.576167185715662e-09,-7.195057335364389e-09,0.001362004223039274,0.0,0.0,0.06,6.667083131549198e-06,5.1669838881306004e-06,-1.754047020250568e-11,100.77091776073942,-100.76730779516299,100.76451007540354,-100.76812004128638,0.0,0.0,0.0,1.0,1.0,1.0,1.0,1.0,1.0
0.04,2.115117122239756e-08,-2.729185677271899e-08,0.003417511523591616,0.0,0.0,0.08,1.2757829903460201e-05,9.887296843933776e-06,-6.538712896818122e-11,101.01405361869163,-101.00801822458219,101.00334080642635,-101.00937620167804,0.0,0.0,0.0,1.0,1.0,1.0,1.0,1.0,1.0
0.05,5.901722207202604e-08,-7.615136397594973e-08,0.0067046655321290945,0.0,0.0,0.1,2.0935799995539166e-05,1.6225186101587047e-05,-1.802123843413725e-10,100.04075773938817,-100.03197031384215,100.02516008952585,-100.03394751821997,0.0,0.0,0.0,1.0,1.0,1.0,1.0,1.0,1.0
0.06,1.3439351277902092e-07,-1.734113638431767e-07,0.011302810720166959,0.0,0.0,0.12,3.096664201604119e-05,2.3999016405146154e-05,-4.2035795474105667e-10,98.50875034603675,-98.49709222410223,98.48805724061769,-98.49971536989543,0.0,0.0,0.0,1.0,1.0,1.0,1.0,1.0,1.0
0.07,2.651836288449832e-07,-3.4217347452222197e-07,0.017219631274523615,0.0,0.0,0.14,4.257027223578956e-05,3.299171200863752e-05,-9.003069210101546e-10,96.73753268120313,-96.72300068058206,96.71173848287052,-96.72627049921903,0.0,0.0,0.0,1.0,1.0,1.0,1.0,1.0,1.0
0.08,4.711040797620264e-07,-6.078786979517137e-07,0.02442918851942566,0.0,0.0,0.16,5.5457705202562464e-05,4.297930099630224e-05,-1.646374666753775e-09,94.88115619325241,-94.86382042123518,94.85038535275663,-94.8677211535343,0.0,0.0,0.0,1.0,1.0,1.0,1.0,1.0,1.0
0.09,7.729506005801115e-07,-9.973607192446632e-07,0.03288869867634876,0.0,0.0,0.18,6.92841925604518e-05,5.369459515747339e-05,-2.6764486381064363e-09,93.0200039827156,-93.00002355717297,92.98453894474143,-93.00451941703881,0.0,0.0,0.0,1.0,1.0,1.0,1.0,1.0,1.0
0.1,1.191409317219607e-06,-1.5373119367059058e-06,0.04254074852342965,0.0,0.0,0.2,8.3673233466208e-05,6.484579918547482e-05,-4.007905986995315e-09,91.20092081600166,-91.17853267062647,91.16118214803107,-91.18357036342016,0.0,0.0,0.0,1.0,1.0,1.0,1.0,1.0,1.0
0.11,1.7463533997387897e-06,-2.2533759129245112e-06,0.05331923386978705,0.0,0.0,0.22000000000000003,9.824171854344265e-05,7.6135997949911e-05,-5.652483177767864e-09,89.45006042487807,-89.42556217857637,89.40657640974271,-89.43107475478736,0.0,0.0,0.0,1.0,1.0,1.0,1.0,1.0,1.0
0.12,2.456327308301582e-06,-3.169481891018411e-06,0.06515566470232721,0.0,0.0,0.24,0.00011262288678706608,8.728094875457732e-05,-7.614211059713304e-09,87.78248987574217,-87.7562186229315,87.73585886364923,-87.76213024947216,0.0,0.0,0.0,1.0,1.0,1.0,1.0,1.0,1.0
0.13,3.338004384498909e-06,-4.30714489571985e-06,0.07798073426686235,0.0,0.0,0.26,0.00012647934840662967,9.80191744124925e-05,-9.888197112157977e-09,86.20525913501352,-86.1775731450105,86.15611705939268,-86.1838032221321,0.0,0.0,0.0,1.0,1.0,1.0,1.0,1.0,1.0
0.14,4.405825064707641e-06,-5.684998892801965e-06,0.09172574860248378,0.0,0.0,0.28,0.00013951259105852827,0.00010811933072952795,-1.2460933803654754e-08,84.72121128207934,-84.69247369852017,84.67020272561692,-84.69894052685548,0.0,0.0,0.0,1.0,1.0,1.0,1.0,1.0,1.0
0.15,5.671816240401911e-06,-7.318563686969584e-06,0.10632420430857327,0.0,0.0,0.3,0.00015146939904743105,0.0001173851813520951,-1.5311986411200946e-08,83.33033038088928,-83.30089614173701,83.27808535827705,-83.30751986491362,0.0,0.0,0.0,1.0,1.0,1.0,1.0,1.0,1.0
0.16,7.145536699868885e-06,-9.220174501461486e-06,0.12171321980539529,0.0,0.0,0.32,0.00016214555920211245,0.00012565846960074832,-1.8416056598407633e-08,82.03047385470697,-82.00068027680894,81.97759110016081,-82.00738499976798,0.0,0.0,0.0,1.0,1.0,1.0,1.0,1.0,1.0
0.17,8.834136939651317e-06,-1.1399059130254918e-05,0.13783339217956647,0.0,0.0,0.34,0.0001713839835735686,0.0001328174631846679,-2.1745346691521154e-08,80.81758814175319,-80.78774827765675,80.76462331741395,-80.79446356137873,0.0,0.0,0.0,1.0,1.0,1.0,1.0,1.0,1.0
0.18,1.0742485335599544e-05,-1.3861500713436598e-05,0.15462925534033017,0.0,0.0,0.36,0.00017907282052127325,0.000138775489824786,-2.5271713931929783e-08,79.68681312870632,-79.65721102206558,79.63427040312317,-79.66387295123417,0.0,0.0,0.0,1.0,1.0,1.0,1.0,1.0,1.0
0.19,1.287323428382365e-05,-1.661092305674592e-05,0.17204948220854294,0.0,0.0,0.38,0.00018514413967132725,0.00014347991771917522,-2.8968123932838193e-08,78.63274756614001,-78.60363609824891,78.58107579213143,-78.61018776606518,0.0,0.0,0.0,1.0,1.0,1.0,1.0,1.0,1.0
0.2,1.5227095132122945e-05,-1.9648245354312394e-05,0.19004600654712372,0.0,0.0,0.4,0.0001895661115047259,0.00014690609406040322,-3.281043834193071e-08,77.64999528387101,-77.62159430488057,77.59958468167798,-77.62798623383227,0.0,0.0,0.0,1.0,1.0,1.0,1.0,1.0,1.0
0.21,1.7802910407026608e-05,-2.2971975364823112e-05,0.20857451560675952,0.0,0.0,0.42000000000000004,0.00019234216924002943,0.00014905669517932717,-3.677827639257465e-08,76.73326411719867,-76.70576040229888,76.68444619703118,-76.71195055440877,0.0,0.0,0.0,1.0,1.0,1.0,1.0,1.0,1.0
0.22,2.059785606464814e-05,-2.657847035517599e-05,0.2275939814849335,0.0,0.0,0.44000000000000006,0.00019350552724584,0.0001499574777692286,-4.085507367194517e-08,75.87779340928395,-75.8513415005077,75.83084246588712,-75.85729508835854,0.0,0.0,0.0,1.0,1.0,1.0,1.0,1.0,1.0
0.23,2.360762383819818e-05,-3.046217237515722e-05,0.24706649958498172,0.0,0.0,0.4600000000000001,0.0001931150020188819,0.0001496540398630475,-4.502956865174348e-08,75.0787029020213,-75.0534258249144,75.03383728705592,-75.05911515078203,0.0,0.0,0.0,1.0,1.0,1.0,1.0,1.0,1.0
0.24,2.6826567426209518e-05,-3.4615796859497305e-05,0.26695715126902925,0.0,0.0,0.48,0.00019125131969967277,0.00014820895861961111,-4.929369031255138e-08,74.33184818030163,-74.30783997292427,74.2892347917563,-74.3132438602426,0.0,0.0,0.0,1.0,1.0,1.0,1.0,1.0,1.0
0.25,3.024791062276996e-05,-3.903060118331478e-05,0.2872336325438811,0.0,0.0,0.5,0.0001880126909711033,0.00014569836082220196,-5.36442276463313e-08,73.63302088147306,-73.61034764246455,73.59277702424104,-73.6154512003578,0.0,0.0,0.0,1.0,1.0,1.0,1.0,1.0,1.0
0.26,3.386388982089824e-05,-4.369656850600371e-05,0.3078661917732134,0.0,0.0,0.52,0.0001835110091995855,0.00014220897582277955,-5.808021624237823e-08,72.9785391523177,-72.9572421857422,72.94073812072628,-72.96203610190209,0.0,0.0,0.0,1.0,1.0,1.0,1.0,1.0,1.0
0.27,3.7665929697828074e-05,-4.860263447583493e-05,0.32882721479060734,0.0,0.0,0.54,0.0001778689541122735,0.00013783589114107366,-6.2603698610663e-08,72.36495894228501,-72.34505591275045,72.32963207067306,-72.34953619382838,0.0,0.0,0.0,1.0,1.0,1.0,1.0,1.0,1.0
0.28,4.164485801652286e-05,-5.3736964353575356e-05,0.3500911056443217,0.0,0.0,0.56,0.00017121418311996192,0.00013267804993326345,-6.721798221829835e-08,71.78917297745737,-71.77066117672891,71.75631543879246,-71.77482841374838,0.0,0.0,0.0,1.0,1.0,1.0,1.0,1.0,1.0
0.29,4.5791048542831866e-05,-5.908713745070263e-05,0.3716339877153306,0.0,0.0,0.58,0.00016367836821340028,0.0001268375051544682,-7.1927334963115e-08,71.24837722076036,-71.23123494900403,71.21795047855001,-71.23509400680123,0.0,0.0,0.0,1.0,1.0,1.0,1.0,1.0,1.0
0.3,5.009396354457551e-05,-6.46395567961036e-05,0.39343436571709584,0.0,0.0,0.6,0.00015540478281033244,0.00012042529921148106,-7.673442623403204e-08,70.74008608552151,-70.72427536009192,70.71202270236248,-70.72783476826179,0.0,0.0,0.0,1.0,1.0,1.0,1.0,1.0,1.0
0.31,5.454362435385555e-05,-7.038134661336659e-05,0.41547128556290136,0.0,0.0,0.62,0.0001465210101904299,0.0001135403123766358,-8.164325863534604e-08,70.26190883755248,-70.24737723272591,70.2361157406472,-70.25064877169564,0.0,0.0,0.0,1.0,1.0,1.0,1.0,1.0,1.0
0.32,5.912932681885658e-05,-7.629869486403345e-05,0.4377259056408997,0.0,0.0,0.64,0.00013716306388240668,0.0001062879567446518,-8.665527185921895e-08,69.81177743493822,-69.79846031556977,69.78813988122373,-69.80145851436865,0.0,0.0,0.0,1.0,1.0,1.0,1.0,1.0,1.0
0.33,6.384045339636421e-05,-8.237790110809065e-05,0.4601805434435631,0.0,0.0,0.66,0.00012746093018741966,9.876897150221797e-05,-9.17702176209586e-08,69.38779794805563,-69.3756204578993,69.36618305362019,-69.37836214690572,0.0,0.0,0.0,1.0,1.0,1.0,1.0,1.0,1.0
0.34,6.866646544203417e-05,-8.860536657292377e-05,0.48281871946144045,0.0,0.0,0.68,0.00011753961048062573,9.108023098236091e-05,-9.698516684331189e-08,68.98825451827226,-68.97713349704046,68.96851466128302,-68.97963737674371,0.0,0.0,0.0,1.0,1.0,1.0,1.0,1.0,1.0
0.35000000000000003,7.359705004216787e-05,-9.49677835750838e-05,0.5056249059577475,0.0,0.0,0.7000000000000001,0.00010751445907028164,8.331113086304709e-05,-1.0229655370119227e-07,68.6115767272394,-68.60142274983497,68.59355316769687,-68.6037089321145,0.0,0.0,0.0,1.0,1.0,1.0,1.0,1.0,1.0
0.36,7.862197589934566e-05,-0.00010145194964546757,0.5285847660423421,0.0,0.0,0.72,9.749751887313206e-05,7.554849954907679e-05,-1.0769716826946461e-07,68.25631110792237,-68.24702981696171,68.23983635300368,-68.24911952532061,0.0,0.0,0.0,1.0,1.0,1.0,1.0,1.0,1.0
0.37,8.373144929171976e-05,-0.00010804522677952723,0.5516847160469438,0.0,0.0,0.74,8.758884140369985e-05,6.786987031102618e-05,-1.1317885589428428e-07,67.92111072329091,-67.91260466005268,67.90601177731676,-67.91451981767058,0.0,0.0,0.0,1.0,1.0,1.0,1.0,1.0,1.0
0.38,8.891617092186556e-05,-0.00011473561480515884,0.5749118637379943,0.0,0.0,0.76,7.787613237870087e-05,6.034320683297101e-05,-1.1873271631863096e-07,67.60470889677985,-67.59687914141654,67.59081017258724,-67.59864200208624,0.0,0.0,0.0,1.0,1.0,1.0,1.0,1.0,1.0
0.39,9.416690050415114e-05,-0.00012151118965698828,0.5982545245277837,0.0,0.0,0.78,6.844662554956639e-05,5.303610687953232e-05,-1.243457553844082e-07,67.30604121085925,-67.29878829304572,67.29316614626985,-67.30042123627295,0.0,0.0,0.0,1.0,1.0,1.0,1.0,1.0,1.0
0.4,9.947509758914607e-05,-0.00012836093016110805,0.6217014718780886,0.0,0.0,0.8,5.9372107445224755e-05,4.6004195160265426e-05,-1.3000526612422087e-07,67.0240646455707,-67.01728997176974,67.01203823669726,-67.0188151815535,0.0,0.0,0.0,1.0,1.0,1.0,1.0,1.0,1.0
0.41000000000000003,0.00010483289222736541,-0.00013527468020906077,0.6452419749517196,0.0,0.0,0.8200000000000001,5.071060923352699e-05,3.929243491004468e-05,-1.356986961408387e-07,66.75777489704481,-66.75138194909624,66.74642582567797,-66.75282114414006,0.0,0.0,0.0,1.0,1.0,1.0,1.0,1.0,1.0
0.42,0.00011023250597029208,-0.0001422424017596556,0.668866358221141,0.0,0.0,0.8400000000000001,4.251989576652335e-05,3.294558317874176e-05,-1.4141095946735446e-07,66.50630993629082,-66.50020502728891,66.4954719116026,-66.50157929090525,0.0,0.0,0.0,1.0,1.0,1.0,1.0,1.0,1.0
0.43,0.00011566679518366868,-0.0001492548758372626,0.6925654649761209,0.0,0.0,0.86,3.48464139691245e-05,2.6999625170429087e-05,-1.4712684319867688e-07,66.26885693945783,-66.26295005646031,66.25837019367177,-66.26427964682051,0.0,0.0,0.0,1.0,1.0,1.0,1.0,1.0,1.0
0.44,0.00012112947907140063,-0.0001563039967468992,0.7163304294592117,0.0,0.0,0.8800000000000001,2.772114586751322e-05,2.14785602268618e-05,-1.5283217556743534e-07,66.04461493158625,-66.03882051425356,66.03432760184221,-66.04012468899228,0.0,0.0,0.0,1.0,1.0,1.0,1.0,1.0,1.0
0.45,0.0001266146594064128,-0.00016338215243733232,0.7401530529870248,0.0,0.0,0.9,2.1169605201964373e-05,1.6402149932489645e-05,-1.5851277324385664e-07,65.83286071657254,-65.8270982802483,65.82262995079873,-65.82839515617442,0.0,0.0,0.0,1.0,1.0,1.0,1.0,1.0,1.0
0.46,0.00013211656415085103,-0.0001704818937048144,0.7640258830276778,0.0,0.0,0.9200000000000002,1.5215717515250857e-05,1.1788925164999621e-05,-1.641555408203232e-07,65.63297986067964,-65.62717477162991,65.62267319362994,-65.62848115030432,0.0,0.0,0.0,1.0,1.0,1.0,1.0,1.0,1.0
0.47000000000000003,0.00013763062371209827,-0.00017759732288190707,0.7879415555676677,0.0,0.0,0.9400000000000001,9.865287508969809e-06,7.6433735037468e-06,-1.6974726851164153e-07,65.44431199991223,-65.43839552488392,65.43380744074075,-65.43972688107533,0.0,0.0,0.0,1.0,1.0,1.0,1.0,1.0,1.0
0.48,0.00014315270263170907,-0.00018472310251529435,0.8118932128730728,0.0,0.0,0.96,5.118584097498597e-06,3.965692794673822e-06,-1.752757511512651e-07,65.26625435649913,-65.2601640553917,65.25544108561104,-65.26153444860151,0.0,0.0,0.0,1.0,1.0,1.0,1.0,1.0,1.0
0.49,0.00014867884254018152,-0.00019185412368183654,0.8358745539952066,0.0,0.0,0.9800000000000001,9.73396996422243e-07,7.541596392919513e-07,-1.8073134637929597e-07,65.09828610977084,-65.09196628168108,65.08706527050445,-65.09338825578077,0.0,0.0,0.0,1.0,1.0,1.0,1.0,1.0,1.0
0.5,0.0001542056186121339,-0.00019898596595850185,0.8598796449153878,0.0,0.0,1.0,-2.5791192468370034e-06,-1.9980909277669047e-06,-1.8610559144999918e-07,64.93991973477108,-64.933321550904,64.92820466912612,-64.93480610406215,0.0,0.0,0.0,1.0,1.0,1.0,1.0,1.0,1.0
0.51,0.00015973055366261518,-0.00020611543177024606,0.8839027034055712,0.0,0.0,1.02,-5.559335791320772e-06,-4.306854986272376e-06,-1.913896458670914e-07,64.79064518335115,-64.78372647261665,64.77836105107026,-64.7852831051806,0.0,0.0,0.0,1.0,1.0,1.0,1.0,1.0,1.0
0.52,0.00016525156316997405,-0.00021323983028203545,0.9079383089705708,0.0,0.0,1.04,-7.991690332269996e-06,-6.191079359671014e-06,-1.9657632499580387e-07,64.64999439895873,-64.6427196609102,64.63707820034287,-64.64435637237307,0.0,0.0,0.0,1.0,1.0,1.0,1.0,1.0,1.0
0.53,0.00017076636867097885,-0.00022035622040976255,0.9319816560119771,0.0,0.0,1.06,-9.898324171454956e-06,-7.667931658335423e-06,-2.016623473439063e-07,64.5175859078598,-64.50992671083543,64.5039871905578,-64.5116499104113,0.0,0.0,0.0,1.0,1.0,1.0,1.0,1.0,1.0
0.54,0.00017627356943770975,-0.0002274627937831106,0.9560280091607647,0.0,0.0,1.08,-1.1310254117774991e-05,-8.76145602491108e-06,-2.066438805174815e-07,64.39302073257237,-64.38495517985544,64.37870064366156,-64.38676980622976,0.0,0.0,0.0,1.0,1.0,1.0,1.0,1.0,1.0
0.55,0.00018177233296701482,-0.00023455847534969605,0.9800728176110071,0.0,0.0,1.1,-1.2263657849143863e-05,-9.499694821278545e-06,-2.1151762773176164e-07,64.27590662122117,-64.26741895616588,64.26083720607295,-64.26932856611874,0.0,0.0,0.0,1.0,1.0,1.0,1.0,1.0,1.0
0.56,0.0001872621232466543,-0.0002416425727282867,1.0041118114293373,0.0,0.0,1.12,-1.2796566434228365e-05,-9.912125782184565e-06,-2.1628171458179443e-07,64.16587876733178,-64.156959088163,64.15004246325464,-64.15896592063751,0.0,0.0,0.0,1.0,1.0,1.0,1.0,1.0,1.0
0.5700000000000001,0.00019274235216525595,-0.0002487143262979834,1.028141207836183,0.0,0.0,1.1400000000000001,-1.2946457311701717e-05,-1.0027798096080882e-05,-2.2093597551852634e-07,64.06261465029135,-64.05325919186252,64.04600478671077,-64.05536410465874,0.0,0.0,0.0,1.0,1.0,1.0,1.0,1.0,1.0
0.58,0.0001982127516146887,-0.0002557733894634371,1.0521574388350088,0.0,0.0,1.16,-1.2752435910387148e-05,-9.877021448073458e-06,-2.2548102203102582e-07,63.96580586243735,-63.956016554841305,63.9484258772928,-63.958219123805165,0.0,0.0,0.0,1.0,1.0,1.0,1.0,1.0,1.0
0.59,0.00020367373458663222,-0.00026282029471555717,1.076156885847213,0.0,0.0,1.18,-1.2257340027696842e-05,-9.492995246152853e-06,-2.2991734132881663e-07,63.87513064698732,-63.864913969072454,63.856992051395146,-63.867212745724174,0.0,0.0,0.0,1.0,1.0,1.0,1.0,1.0,1.0
0.6,0.00020912578310755027,-0.00026985566369284634,1.1001362338047067,0.0,0.0,1.2,-1.1503014295453047e-05,-8.90814870112567e-06,-2.3424637682722117e-07,63.79028929064223,-63.779656014684605,63.77141121566816,-63.78204858366363,0.0,0.0,0.0,1.0,1.0,1.0,1.0,1.0,1.0
0.61,0.00021456961120581414,-0.0002768804175287087,1.1240923319024174,0.0,0.0,1.22,-1.0531024031987607e-05,-8.154693216682864e-06,-2.3847004872121447e-07,63.71098945831703,-63.699954014584414,63.691397526967,-63.70243713652058,0.0,0.0,0.0,1.0,1.0,1.0,1.0,1.0,1.0
0.62,0.00022000554382116456,-0.00028389497501177377,1.1480227288958966,0.0,0.0,1.24,-9.384141998867555e-06,-7.265779703215185e-06,-2.425890890401096e-07,63.63702957537101,-63.62561187373102,63.61675913632413,-63.62818107574038,0.0,0.0,0.0,1.0,1.0,1.0,1.0,1.0,1.0
0.63,0.00022543462698755668,-0.0002909006859267406,1.1719245965336678,0.0,0.0,1.26,-8.101750446343909e-06,-6.271925299248034e-06,-2.4660598987050234e-07,63.56813263943736,-63.5563550012289,63.54722332058339,-63.55900526673915,0.0,0.0,0.0,1.0,1.0,1.0,1.0,1.0,1.0
0.64,0.00023085788030351856,-0.00029789886597403494,1.195795382573276,0.0,0.0,1.28,-6.7217722513165066e-06,-5.202516171941695e-06,-2.505230415598032e-07,63.50404782937933,-63.49193491288186,63.48254340558286,-63.4946606984544,0.0,0.0,0.0,1.0,1.0,1.0,1.0,1.0,1.0
0.65,0.0002362763533617899,-0.00030489086965039194,1.2196327152881463,0.0,0.0,1.3,-5.279776470305707e-06,-4.08511355092473e-06,-2.5434252038812254e-07,63.444536220112,-63.43211452795454,63.42248373885925,-63.43490987411306,0.0,0.0,0.0,1.0,1.0,1.0,1.0,1.0,1.0
0.66,0.00024169113173174394,-0.00031187809799897544,1.2434343549422535,0.0,0.0,1.32,-3.8082611935631217e-06,-2.944897605887736e-06,-2.5806675987745284e-07,63.38936376960062,-63.376660952187194,63.36681231455552,-63.379519640123846,0.0,0.0,0.0,1.0,1.0,1.0,1.0,1.0,1.0
0.67,0.0002471033506785233,-0.00031886201572881495,1.2671986025599633,0.0,0.0,1.34,-2.351913872731906e-06,-1.8165002046929356e-06,-2.6169477443483814e-07,63.338393500079086,-63.3254411307577,63.31539911731741,-63.32835605817129,0.0,0.0,0.0,1.0,1.0,1.0,1.0,1.0,1.0
0.68,0.00025251408616330486,-0.0003258440115822898,1.2909235585508558,0.0,0.0,1.36,-9.397370336220384e-07,-7.223919682194101e-07,-2.6522799352632576e-07,63.29142231959446,-63.27825256735611,63.268042111407986,-63.28121649690045,0.0,0.0,0.0,1.0,1.0,1.0,1.0,1.0,1.0
0.6900000000000001,0.0002579243559486971,-0.000332825399342716,1.3146074132611723,0.0,0.0,1.3800000000000001,4.041250153680157e-07,3.1872270958943495e-07,-2.6866789145586414e-07,63.24824695591468,-63.23489174574471,63.22453759044031,-63.2378974939558,0.0,0.0,0.0,1.0,1.0,1.0,1.0,1.0,1.0
0.7000000000000001,0.00026333510107940186,-0.0003398073937747545,1.3382485535984314,0.0,0.0,1.4000000000000001,1.656457398779374e-06,1.2888591517658794e-06,-2.720150354175916e-07,63.208689054287305,-63.19518018409705,63.18470697316803,-63.198220595174895,0.0,0.0,0.0,1.0,1.0,1.0,1.0,1.0,1.0
0.71,0.0002687471466252796,-0.00034679106007615845,1.3618454752992806,0.0,0.0,1.42,2.798334974129788e-06,2.173357696227837e-06,-2.75269688760968e-07,63.172577123353705,-63.15894571959801,63.148377575520165,-63.16201378794784,0.0,0.0,0.0,1.0,1.0,1.0,1.0,1.0,1.0
0.72,0.000274161565453335,-0.0003537777830384333,1.3853968910701626,0.0,0.0,1.44,3.803858044667749e-06,2.9521520135410806e-06,-2.784320829232298e-07,63.13975755412236,-63.12603491236217,63.11539608778922,-63.12912359346509,0.0,0.0,0.0,1.0,1.0,1.0,1.0,1.0,1.0
0.73,0.00027957939038581543,-0.00036076889577954746,1.4089016437112192,0.0,0.0,1.46,4.648217237432507e-06,3.6060205292333564e-06,-2.8150218743173483e-07,63.110086136962515,-63.096303637687456,63.085618450273216,-63.09940586709545,0.0,0.0,0.0,1.0,1.0,1.0,1.0,1.0,1.0
0.74,0.00028500091143346135,-0.00036776477332162844,1.4323584950603656,0.0,0.0,1.48,5.328066515368554e-06,4.132378560952651e-06,-2.84479239610643e-07,63.08340716042593,-63.06959378941126,63.05888470028611,-63.07270304085392,0.0,0.0,0.0,1.0,1.0,1.0,1.0,1.0,1.0
0.75,0.0002904265095279742,-0.00037476590788960214,1.4557663747849992,0.0,0.0,1.5,5.836318205163294e-06,4.525740440777146e-06,-2.8736235193506175e-07,63.05957849554142,-63.0457614149532,63.035049471378336,-63.048871571884646,0.0,0.0,0.0,1.0,1.0,1.0,1.0,1.0,1.0
0.76,0.0002958563568774589,-0.00038177252242126483,1.479124289973572,0.0,0.0,1.52,6.170557983782241e-06,4.7842423258678555e-06,-2.901502885924158e-07,63.03846275957049,-63.024666912495654,63.01397144148561,-63.02777235718086,0.0,0.0,0.0,1.0,1.0,1.0,1.0,1.0,1.0
0.77,0.00030129039096402034,-0.0003887845370110795,1.5024313166235246,0.0,0.0,1.54,6.3333426738416154e-06,4.909872925561205e-06,-2.9284143605236346e-07,63.019926669530584,-63.00617438787305,62.99551269243879,-63.00927008972824,0.0,0.0,0.0,1.0,1.0,1.0,1.0,1.0,1.0
0.78,0.00030673040835060736,-0.0003958042699568948,1.5256870988331774,0.0,0.0,1.56,6.2845239231104e-06,4.871520450799505e-06,-2.954362847434009e-07,63.003878467350034,-62.99019365089165,62.97958424821693,-62.99327422563652,0.0,0.0,0.0,1.0,1.0,1.0,1.0,1.0,1.0
0.79,0.00031217558688510213,-0.0004028306612872212,1.5488907740648752,0.0,0.0,1.58,6.042296035647993e-06,4.683292679087267e-06,-2.979321086081333e-07,62.990187319464354,-62.97659002549596,62.966048454853514,-62.979650953382524,0.0,0.0,0.0,1.0,1.0,1.0,1.0,1.0,1.0
0.8,0.0003176255253723328,-0.0004098631939958801,1.5720416988758867,0.0,0.0,1.6,5.6141134587207925e-06,4.3509723919335386e-06,-3.003265681529e-07,62.97873772965011,-62.96524537193281,62.95478512378568,-62.968282727892294,0.0,0.0,0.0,1.0,1.0,1.0,1.0,1.0,1.0
0.81,0.0003230797410403401,-0.00041690124574936916,1.5951393262749187,0.0,0.0,1.6200000000000003,5.007773118923236e-06,3.880606983874747e-06,-3.026170896328208e-07,62.96942033407543,-62.95604785833026,62.94568051041948,-62.959058272566956,0.0,0.0,0.0,1.0,1.0,1.0,1.0,1.0,1.0
0.8200000000000001,0.00032853752080291626,-0.0004239438969995969,1.6181831678144485,0.0,0.0,1.6400000000000001,4.234489875909553e-06,3.2808920970362465e-06,-3.048006607917985e-07,62.9621290505,-62.94888884879195,62.93862399992192,-62.95186952617697,0.0,0.0,0.0,1.0,1.0,1.0,1.0,1.0,1.0
0.8300000000000001,0.0003339979051855268,-0.0004309899102354453,1.641172787456535,0.0,0.0,1.6600000000000001,3.3089696265381515e-06,2.5632281945764045e-06,-3.06873777796011e-07,62.95676061011739,-62.94366245999882,62.93350768302024,-62.94661119390099,0.0,0.0,0.0,1.0,1.0,1.0,1.0,1.0,1.0
0.84,0.0003394614374219588,-0.00043803998693198946,1.6641080365517567,0.0,0.0,1.6800000000000002,2.2235791351806044e-06,1.7217049640659934e-06,-3.08837482870104e-07,62.953231371953216,-62.94028329958392,62.9302448095142,-62.94319827694953,0.0,0.0,0.0,1.0,1.0,1.0,1.0,1.0,1.0
0.85,0.0003449279821638232,-0.00044509395290326983,1.6869887519477487,0.0,0.0,1.7,9.801929446451325e-07,7.577790744101993e-07,-3.1069114134298073e-07,62.95145565532259,-62.93866372034064,62.92874620801831,-62.94154357044776,0.0,0.0,0.0,1.0,1.0,1.0,1.0,1.0,1.0
0.86,0.000350395548645014,-0.00045214923975898534,1.7098145913010465,0.0,0.0,1.72,-3.9269974408844404e-07,-3.0646996015203e-07,-3.1242898289125025e-07,62.95133390679491,-62.93870142062855,62.92890744792162,-62.94154539189375,0.0,0.0,0.0,1.0,1.0,1.0,1.0,1.0,1.0
0.87,0.0003558629393972237,-0.00045920430268181343,1.7325853909392728,0.0,0.0,1.7399999999999998,-1.8790268392633336e-06,-1.4585851536355262e-06,-3.1404773184507917e-07,62.95277832265392,-62.940306449096056,62.93063691393343,-62.9431142735749,0.0,0.0,0.0,1.0,1.0,1.0,1.0,1.0,1.0
0.88,0.0003613287806379894,-0.00046625736927618643,1.7553010294786482,0.0,0.0,1.7600000000000002,-3.461067413602338e-06,-2.684832572175189e-06,-3.1554381190272546e-07,62.95570304475675,-62.943390939545495,62.93384518420198,-62.94616280163179,0.0,0.0,0.0,1.0,1.0,1.0,1.0,1.0,1.0
0.89,0.00036678814770543637,-0.0004733020851984077,1.7779608900847335,0.0,0.0,1.78,-5.068504035436382e-06,-3.930720398044991e-06,-3.1700184267362784e-07,62.95997808588934,-62.94782030384202,62.938394104706155,-62.95055742444228,0.0,0.0,0.0,1.0,1.0,1.0,1.0,1.0,1.0
0.9,0.00037224329307569714,-0.00048034135691224354,1.8005654416393695,0.0,0.0,1.8,-6.736276238088217e-06,-5.223326675007873e-06,-3.1853743155286094e-07,62.96556787790111,-62.95355589743136,62.94424264659398,-62.95626019157767,0.0,0.0,0.0,1.0,1.0,1.0,1.0,1.0,1.0
0.91,0.0003776936068860303,-0.00048737439757896904,1.8231151661307867,0.0,0.0,1.8199999999999998,-8.453764263671872e-06,-6.55442104354981e-06,-3.200419998737643e-07,62.97237162587831,-62.9604953559167,62.95128722992999,-62.963169090688766,0.0,0.0,0.0,1.0,1.0,1.0,1.0,1.0,1.0
0.92,0.00038313780903962807,-0.0004943995555527685,1.8456095729640172,0.0,0.0,1.8400000000000003,-1.0205067143022397e-05,-7.91168036949002e-06,-3.214440291395249e-07,62.980310310351186,-62.96855906088427,62.9594477728797,-62.97120463763576,0.0,0.0,0.0,1.0,1.0,1.0,1.0,1.0,1.0
0.93,0.0003885746880269399,-0.0005014152675414331,1.8680495822922414,0.0,0.0,1.86,-1.197658250577075e-05,-9.284565328354836e-06,-3.2273761146852617e-07,62.98928859466063,-62.9776532564975,62.96863174615859,-62.98027272220839,0.0,0.0,0.0,1.0,1.0,1.0,1.0,1.0,1.0
0.9400000000000001,0.00039400296910780834,-0.0005084198886947987,1.8904352556650774,0.0,0.0,1.8800000000000001,-1.3755378505007962e-05,-1.0663055475094525e-05,-3.238986815796499e-07,62.999238380854074,-62.987709881464404,62.97877111768784,-62.99030527524685,0.0,0.0,0.0,1.0,1.0,1.0,1.0,1.0,1.0
0.9500000000000001,0.0003994213421570803,-0.0005154117284873361,1.9127662586840195,0.0,0.0,1.9,-1.5529652213692264e-05,-1.2038005167728037e-05,-3.24898503576213e-07,63.01011275433211,-62.998680944002864,62.989817061173376,-63.001254547137805,0.0,0.0,0.0,1.0,1.0,1.0,1.0,1.0,1.0
0.96,0.0004048285798970906,-0.0005223892030769033,1.935043703858509,0.0,0.0,1.92,-1.7291310928397718e-05,-1.340314688533094e-05,-3.257702573915045e-07,63.02185224283205,-63.01050812070717,63.00171214446754,-63.01306195745621,0.0,0.0,0.0,1.0,1.0,1.0,1.0,1.0,1.0
0.97,0.000410223404523858,-0.0005293506635679342,1.9572678020294376,0.0,0.0,1.94,-1.902975630936525e-05,-1.4750269501235e-05,-3.265072992996488e-07,63.03440366165565,-63.02313802678112,63.01440282825364,-63.02567416686731,0.0,0.0,0.0,1.0,1.0,1.0,1.0,1.0,1.0
0.98,0.00041560283591572536,-0.0005362922640969446,1.9794393439144788,0.0,0.0,1.9600000000000002,-2.072577218681972e-05,-1.6064487837423866e-05,-3.2709643225454096e-07,63.04765349224261,-63.03645708683869,63.02777549415066,-63.03897761358526,0.0,0.0,0.0,1.0,1.0,1.0,1.0,1.0,1.0
0.99,0.0004209657283547191,-0.0005432125260467159,2.001558571309999,0.0,0.0,1.98,-2.2373353926695295e-05,-1.7341151229416023e-05,-3.275262185017131e-07,63.06156278309446,-63.05042622928814,63.04179097775859,-63.052933253103504,0.0,0.0,0.0,1.0,1.0,1.0,1.0,1.0,1.0
1.0,0.000426313175898849,-0.0005501128613361883,2.0236252251367057,0.0,0.0,2.0,-2.39788621738837e-05,-1.858518642839744e-05,-3.278044223713162e-07,63.076170855215416,-63.06508484528787,63.05648872429617,-63.06758046062224,0.0,0.0,0.0,1.0,1.0,1.0,1.0,1.0,1.0
1.01,0.000431644331820021,-0.0005569921771778559,2.045639631996196,0.0,0.0,2.02,-2.5538733626407655e-05,-1.979383429868184e-05,-3.279306217554864e-07,63.091447981069045,-63.08040339410564,63.071839338031396,-63.082889653597896,0.0,0.0,0.0,1.0,1.0,1.0,1.0,1.0,1.0
1.02,0.00043695664278138406,-0.0005638471782344922,2.067602776766494,0.0,0.0,2.04,-2.7042223028740868e-05,-2.0958774573648817e-05,-3.2790383939873035e-07,63.107304516276805,-63.096292794680316,63.08775417515275,-63.09877162488448,0.0,0.0,0.0,1.0,1.0,1.0,1.0,1.0,1.0
1.03,0.0004422504233188587,-0.000570678270446241,2.0895145381241975,0.0,0.0,2.06,-2.849065404801213e-05,-2.2081032195898668e-05,-3.2772397967884895e-07,63.12375150379229,-63.11276402057037,63.10424415535787,-63.115237363573065,0.0,0.0,0.0,1.0,1.0,1.0,1.0,1.0,1.0
1.04,0.00044752495733496665,-0.0005774845296175042,2.111375192283809,0.0,0.0,2.08,-2.9881013117556233e-05,-2.3158273700737063e-05,-3.2739062290896244e-07,63.140763802352915,-63.12979208849725,63.12128441799875,-63.1322618510243,0.0,0.0,0.0,1.0,1.0,1.0,1.0,1.0,1.0
1.05,0.0004527789773210048,-0.0005842643198863903,2.1331852803837053,0.0,0.0,2.1,-3.120851765042719e-05,-2.4186796125545363e-05,-3.2690241225576944e-07,63.158294657126035,-63.1473306204188,63.138828877368816,-63.149798624717405,0.0,0.0,0.0,1.0,1.0,1.0,1.0,1.0,1.0
1.06,0.0004580102829817335,-0.000591014801511385,2.154945791716763,0.0,0.0,2.12,-3.246539252301668e-05,-2.5160579817079372e-05,-3.262564008710289e-07,63.17626075100621,-63.16529704616064,63.15679554270816,-63.16776494690995,0.0,0.0,0.0,1.0,1.0,1.0,1.0,1.0,1.0
1.07,0.0004632180620631173,-0.0005977349261946274,2.1766570486956165,0.0,0.0,2.14,-3.364831568225783e-05,-2.6077052493863255e-05,-3.254519762633475e-07,63.19463317369748,-63.1836626515667,63.175155852085076,-63.186132059519615,0.0,0.0,0.0,1.0,1.0,1.0,1.0,1.0,1.0
1.08,0.00046840082526600186,-0.0006044227718254501,2.1983196990172,0.0,0.0,2.16,-3.475179300007189e-05,-2.693196034918998e-05,-3.2448737611604905e-07,63.213356476887256,-63.20237245312376,63.19385518258133,-63.20484487479804,0.0,0.0,0.0,1.0,1.0,1.0,1.0,1.0,1.0
1.09,0.0004735569739852553,-0.0006110762752199229,2.2199344428941785,0.0,0.0,2.18,-3.5769979676383226e-05,-2.7720778101408692e-05,-3.2336064741329254e-07,63.23237092781221,-63.221367226241696,63.21283470384236,-63.223844054183324,0.0,0.0,0.0,1.0,1.0,1.0,1.0,1.0,1.0
1.1,0.00047868984450763415,-0.0006176997414289974,2.241501324337147,0.0,0.0,2.2,-3.673934669488334e-05,-2.847176220888518e-05,-3.2208773090678934e-07,63.25179628714429,-63.24076803037571,63.23221647994674,-63.24325036324925,0.0,0.0,0.0,1.0,1.0,1.0,1.0,1.0,1.0
1.11,0.00048379652252998417,-0.0006242894094844463,2.263021101926228,0.0,0.0,2.22,-3.764096679330265e-05,-2.9170251920584393e-05,-3.2066133292491485e-07,63.27152591480712,-63.260468335948744,63.25189406805654,-63.26295724853117,0.0,0.0,0.0,1.0,1.0,1.0,1.0,1.0,1.0
1.12,0.0004888760834741033,-0.0006308440860310225,2.284494326892001,0.0,0.0,2.24,-3.847385810137058e-05,-2.9815488938028484e-05,-3.1908167247068774e-07,63.291525076442035,-63.280433929610844,63.27183365872543,-63.28293037957787,0.0,0.0,0.0,1.0,1.0,1.0,1.0,1.0,1.0
1.1300000000000001,0.0004939277056511717,-0.0006373627104867355,2.3059215376162614,0.0,0.0,2.2600000000000002,-3.923793386567208e-05,-3.0407408407545957e-05,-3.173493563691714e-07,63.31176277323956,-63.30063435137981,63.292005209634794,-63.30313917525406,0.0,0.0,0.0,1.0,1.0,1.0,1.0,1.0,1.0
1.1400000000000001,0.0004989505846821239,-0.0006438442446095846,2.3273032761241454,0.0,0.0,2.2800000000000002,-3.9933274618453146e-05,-3.0946075041401165e-05,-3.154650321214373e-07,63.332208362267544,-63.32103949830058,63.31237903637391,-63.32355341118323,0.0,0.0,0.0,1.0,1.0,1.0,1.0,1.0,1.0
1.1500000000000001,0.0005039459052746214,-0.0006502902172753087,2.348640503102282,0.0,0.0,2.3000000000000003,-4.0579183905812514e-05,-3.1446442148850224e-05,-3.134328013830412e-07,63.35287209420381,-63.34166029314104,63.33296658148087,-63.34418385788506,0.0,0.0,0.0,1.0,1.0,1.0,1.0,1.0,1.0
1.16,0.0005089119627969629,-0.0006566984283747646,2.369933571091306,0.0,0.0,2.32,-4.116704200142984e-05,-3.1901835923142004e-05,-3.112517973957982e-07,63.37370481782782,-63.3624480648644,63.35371954664835,-63.36498173685334,0.0,0.0,0.0,1.0,1.0,1.0,1.0,1.0,1.0
1.17,0.0005138481327958268,-0.0006630680718783348,2.3911830599869917,0.0,0.0,2.34,-4.169866828337552e-05,-3.231366784627184e-05,-3.0892302362970075e-07,63.39467958929638,-63.38337642155543,63.37461196766155,-63.385920531962846,0.0,0.0,0.0,1.0,1.0,1.0,1.0,1.0,1.0
1.18,0.0005187537908178913,-0.0006693983417564015,2.4123895496851127,0.0,0.0,2.36,-4.2175882129734244e-05,-3.268334940021727e-05,-3.064474940639412e-07,63.41576946476686,-63.4044189712996,63.395617880306304,-63.40697372708901,0.0,0.0,0.0,1.0,1.0,1.0,1.0,1.0,1.0
1.19,0.0005236283124098346,-0.000675688431979347,2.4335536200814434,0.0,0.0,2.38,-4.260050291860373e-05,-3.3012292066939706e-05,-3.0382623240662323e-07,63.436947500395,-63.42554932218083,63.41671132036675,-63.42811480610569,0.0,0.0,0.0,1.0,1.0,1.0,1.0,1.0,1.0
1.2,0.0005284710731183351,-0.0006819375365175539,2.454675851071759,0.0,0.0,2.4,-4.29743500280935e-05,-3.3301907328386054e-05,-3.0106027134015303e-07,63.4581867523357,-63.44674108228228,63.4378663236262,-63.449317252885955,0.0,0.0,0.0,1.0,1.0,1.0,1.0,1.0,1.0
1.21,0.0005332833009717982,-0.000688147240447066,2.4757570868880965,0.0,0.0,2.42,-4.331101029066513e-05,-3.3562717390440416e-05,-2.9815743046200386e-07,63.47950936597806,-63.46801615955293,63.45910461309629,-63.47060302801817,0.0,0.0,0.0,1.0,1.0,1.0,1.0,1.0,1.0
1.22,0.0005380638601733702,-0.0006943160777174968,2.496797834461065,0.0,0.0,2.44,-4.3609054894928706e-05,-3.37936188871812e-05,-2.9511689426218986e-07,63.50087484729522,-63.489334829785065,63.48038706137654,-63.49193223426848,0.0,0.0,0.0,1.0,1.0,1.0,1.0,1.0,1.0
1.23,0.0005428123582994273,-0.0007004435417934238,2.5177987067954626,0.0,0.0,2.46,-4.387177713305298e-05,-3.399716445002909e-05,-2.9194057153679015e-07,63.522262401040074,-63.510676750788924,63.501693677242194,-63.51328442738811,0.0,0.0,0.0,1.0,1.0,1.0,1.0,1.0,1.0
1.24,0.0005475285381051445,-0.0007065293006225449,2.5387603361851627,0.0,0.0,2.48,-4.410332898871728e-05,-3.417657153571444e-05,-2.886308720331349e-07,63.54365481409015,-63.532025104897926,63.523007949286374,-63.5346427005564,0.0,0.0,0.0,1.0,1.0,1.0,1.0,1.0,1.0
1.25,0.0005522121770840079,-0.0007125730669913115,2.5596833598809563,0.0,0.0,2.5,-4.4308083112535385e-05,-3.4335228448097315e-05,-2.851903382365544e-07,63.56503579385627,-63.55336398017628,63.544314260344635,-63.555991055999904,0.0,0.0,0.0,1.0,1.0,1.0,1.0,1.0,1.0
1.26,0.0005568630874678137,-0.0007185745985249277,2.580568420090547,0.0,0.0,2.52,-4.449063282205157e-05,-3.447669433817247e-05,-2.8162164459024907e-07,63.586389968290106,-63.574678370426625,63.56559788750252,-63.57731440499996,0.0,0.0,0.0,1.0,1.0,1.0,1.0,1.0,1.0
1.27,0.000561481116226669,-0.0007245336976873517,2.601416163978556,0.0,0.0,2.54,-4.465579210173667e-05,-3.460469920407449e-05,-2.7792759680248877e-07,63.60770288587744,-63.59595417518322,63.58684500208886,-63.59859856788591,0.0,0.0,0.0,1.0,1.0,1.0,1.0,1.0,1.0
1.28,0.0005660660628695531,-0.000730450105851156,2.622227200427433,0.0,0.0,2.56,-4.480456634889149e-05,-3.4720021182387434e-05,-2.7411067775852974e-07,63.62896202392727,-63.61717881696381,63.60804298403109,-63.619830979419824,0.0,0.0,0.0,1.0,1.0,1.0,1.0,1.0,1.0
1.29,0.0005706176868667481,-0.0007363235128627892,2.6430021039418525,0.0,0.0,2.58,-4.493451620651274e-05,-3.482076852188302e-05,-2.701730859237559e-07,63.65015669752657,-63.63834118553412,63.629180393470676,-63.64100062510281,0.0,0.0,0.0,1.0,1.0,1.0,1.0,1.0,1.0
1.3,0.0005751360283036866,-0.0007421539702681065,2.663741583321148,0.0,0.0,2.6,-4.5055475381580686e-05,-3.491456103619164e-05,-2.661185057685354e-07,63.671274126286896,-63.659429230061704,63.65024574449343,-63.662095289529056,0.0,0.0,0.0,1.0,1.0,1.0,1.0,1.0,1.0
1.31,0.0005796210414189949,-0.0007479414190540829,2.6844462888905976,0.0,0.0,2.62,-4.517158740372558e-05,-3.500460842785087e-05,-2.6195008630911746e-07,63.692303929494535,-63.680432710941595,63.671228906580545,-63.68310470112602,0.0,0.0,0.0,1.0,1.0,1.0,1.0,1.0,1.0
1.32,0.0005840727125080577,-0.0007536858415907408,2.705116874521824,0.0,0.0,2.64,-4.528708502511223e-05,-3.509418937595111e-05,-2.576710907630728e-07,63.71323667986874,-63.70134231444264,63.692120653717424,-63.70401952038651,0.0,0.0,0.0,1.0,1.0,1.0,1.0,1.0,1.0
1.33,0.0005884910599230188,-0.0007593872616311475,2.725753997632801,0.0,0.0,2.66,-4.540629022043757e-05,-3.5186651536138834e-05,-2.5328489650152993e-07,63.73406390355528,-63.72214965270111,63.712912664387325,-63.72483133986226,0.0,0.0,0.0,1.0,1.0,1.0,1.0,1.0,1.0
1.34,0.0005928761340727802,-0.0007650457443114175,2.746358319187849,0.0,0.0,2.68,-4.553361418692814e-05,-3.528541154061992e-05,-2.4879499514254395e-07,63.75477808012876,-63.74284726372303,63.73359752157362,-63.74553268416628,0.0,0.0,0.0,1.0,1.0,1.0,1.0,1.0,1.0
1.35,0.0005972280174230022,-0.0007706613961507114,2.7669305036976373,0.0,0.0,2.7,-4.5673557344337594e-05,-3.539395499816272e-05,-2.442049927960415e-07,63.77537264259279,-63.76342861138425,63.75416871276002,-63.766117009972966,0.0,0.0,0.0,1.0,1.0,1.0,1.0,1.0,1.0
1.36,0.0006015466438276038,-0.0007762341318898416,2.787471179269575,0.0,0.0,2.72,-4.5828449167431516e-05,-3.5514085783327814e-05,-2.3951816706777326e-07,63.79583970461583,-63.783885765423726,63.77461827344294,-63.786576396765525,0.0,0.0,0.0,1.0,1.0,1.0,1.0,1.0,1.0
1.37,0.0006058291309455694,-0.0007817602318467841,2.8079803477490524,0.0,0.0,2.74,-4.596507665277187e-05,-3.562007666788555e-05,-2.347309152944733e-07,63.81613650295226,-63.80417514632314,63.79490199337052,-63.80686745050188,0.0,0.0,0.0,1.0,1.0,1.0,1.0,1.0,1.0
1.3800000000000001,0.0006100773665997399,-0.0007872421324777934,2.828459062222962,0.0,0.0,2.7600000000000002,-4.610958985928343e-05,-3.5732182523475876e-05,-2.2985137403612176e-07,63.83628083206706,-63.824314943674594,63.815038366754294,-63.82700827040854,0.0,0.0,0.0,1.0,1.0,1.0,1.0,1.0,1.0
1.3900000000000001,0.0006142912728886588,-0.0007926797333895742,2.8489079375731268,0.0,0.0,2.7800000000000002,-4.62632357767905e-05,-3.5851368334923054e-05,-2.2488289293434446e-07,63.8562663082337,-63.844298618923474,63.83502073489583,-63.8469923526737,0.0,0.0,0.0,1.0,1.0,1.0,1.0,1.0,1.0
1.4000000000000001,0.0006184707819202737,-0.0007980729471187052,2.869327587352582,0.0,0.0,2.8000000000000003,-4.64270748047083e-05,-3.597845442069583e-05,-2.1982888085456285e-07,63.876087223807595,-63.86412027627288,63.85484305603303,-63.86681384374711,0.0,0.0,0.0,1.0,1.0,1.0,1.0,1.0,1.0
1.41,0.0006226158358119365,-0.0008034216991316402,2.889718623785578,0.0,0.0,2.82,-4.6601980752044664e-05,-3.611411643290541e-05,-2.1469280585340802e-07,63.89573854721901,-63.88377466267654,63.874499905332975,-63.88646754033299,0.0,0.0,0.0,1.0,1.0,1.0,1.0,1.0,1.0
1.42,0.0006267263866904038,-0.0008087259278247081,2.91008165776758,0.0,0.0,2.84,-4.678864083740165e-05,-3.625888535730327e-05,-2.094781951314551e-07,63.91521592298033,-63.90325716784605,63.89398647489921,-63.90594888939726,0.0,0.0,0.0,1.0,1.0,1.0,1.0,1.0,1.0
1.43,0.0006308023966918373,-0.0008139855845241115,2.9304172988652653,0.0,0.0,2.86,-4.6987555688977406e-05,-3.641314751327878e-05,-2.041886349668615e-07,63.934515671681105,-63.922563824246,63.913298573766816,-63.92525398816264,0.0,0.0,0.0,1.0,1.0,1.0,1.0,1.0,1.0
1.44,0.0006348438379618021,-0.0008192006334859291,2.9507261553165276,0.0,0.0,2.88,-4.719903934456804e-05,-3.657714455385671e-05,-1.98827770626432e-07,63.95363478998807,-63.94169130709391,63.9324326279024,-63.94437958410862,0.0,0.0,0.0,1.0,1.0,1.0,1.0,1.0,1.0
1.45,0.0006388506926552683,-0.0008243710518961136,2.971008834030472,0.0,0.0,2.9,-4.742321925156978e-05,-3.675097346569469e-05,-1.9339930625158548e-07,63.97257095065104,-63.96063693436616,63.951385680209974,-63.96332307497735,0.0,0.0,0.0,1.0,1.0,1.0,1.0,1.0,1.0
1.46,0.0006428229529366105,-0.0008294968298704922,2.99126594058742,0.0,0.0,2.92,-4.766003626698084e-05,-3.6934586569080446e-05,-1.8790700471763665e-07,63.99132250249522,-63.97939866679031,63.97015539052333,-63.982082508766005,0.0,0.0,0.0,1.0,1.0,1.0,1.0,1.0,1.0
1.47,0.0006467600998549865,-0.0008345772975030376,3.01149796674262,0.0,0.0,2.94,-4.7909199018638624e-05,-3.7127760515295866e-05,-1.823533223643855e-07,64.00987783746204,-63.997965377128054,63.988731004349304,-64.00064665020406,0.0,0.0,0.0,1.0,1.0,1.0,1.0,1.0,1.0
1.48,0.0006506614340939246,-0.0008396115519777284,3.0317053618258663,0.0,0.0,2.96,-4.8170212871426955e-05,-3.7330115963497204e-05,-1.7674027517156234e-07,64.0282221391917,-64.01632302611893,64.00709908487502,-64.01900128541453,0.0,0.0,0.0,1.0,1.0,1.0,1.0,1.0,1.0
1.49,0.0006545275012253412,-0.0008446002980633516,3.051888840414138,0.0,0.0,2.98,-4.844250474739017e-05,-3.75412023716151e-05,-1.7107317206124064e-07,64.04636646370862,-64.03448127557125,64.02526821306407,-64.03715638966985,0.0,0.0,0.0,1.0,1.0,1.0,1.0,1.0,1.0
1.5,0.0006583581848318941,-0.0008495433856763829,3.072048970689838,0.0,0.0,3.0,-4.872525612625473e-05,-3.7760384552799656e-05,-1.6535561953861968e-07,64.06430883174598,-64.05243788213379,64.04323594086448,-64.05510977906545,0.0,0.0,0.0,1.0,1.0,1.0,1.0,1.0,1.0
1.51,0.000662153361544369,-0.000854440655760312,3.0921863158451175,0.0,0.0,3.02,-4.901746041193529e-05,-3.7986881644759774e-05,-1.5959123730468143e-07,64.08204759403473,-64.07019092849453,64.0610001432078,-64.07285959663909,0.0,0.0,0.0,1.0,1.0,1.0,1.0,1.0,1.0
1.52,0.0006659129001999232,-0.0008592919391986436,3.112301433900161,0.0,0.0,3.04,-4.931792285881816e-05,-3.821976705968235e-05,-1.53783655768155e-07,64.09958141413924,-64.08773880767367,64.07855900343175,-64.09040429633606,0.0,0.0,0.0,1.0,1.0,1.0,1.0,1.0,1.0
1.53,0.0006696366610003282,-0.0008640970557278981,3.1323948775214787,0.0,0.0,3.06,-4.962526049804467e-05,-3.845796843415149e-05,-1.4793651354633844e-07,64.11690925127216,-64.10508020729597,64.0959109986825,-64.10774262695399,0.0,0.0,0.0,1.0,1.0,1.0,1.0,1.0,1.0
1.54,0.0006733244946702107,-0.0008688558128506114,3.1524671938401894,0.0,0.0,3.08,-4.993790206379469e-05,-3.870026757906769e-05,-1.420534549608657e-07,64.13403034312782,-64.12221409388135,64.11305488533499,-64.12487361610593,0.0,0.0,0.0,1.0,1.0,1.0,1.0,1.0,1.0
1.55,0.0006769762416152974,-0.0008735680047483369,3.172518924270314,0.0,0.0,3.1,-5.02540879195701e-05,-3.8945300429567e-05,-1.3613812753547375e-07,64.15094418869872,-64.13913969711886,64.12998968439683,-64.1417965541666,0.0,0.0,0.0,1.0,1.0,1.0,1.0,1.0,1.0
1.56,0.0006805917310806559,-0.0008782334111946454,3.192550604327056,0.0,0.0,3.12,-5.0571869984478135e-05,-3.919155699494026e-05,-1.3019417950378668e-07,64.16765053111199,-64.15585649416045,64.1467146669318,-64.15851097823874,0.0,0.0,0.0,1.0,1.0,1.0,1.0,1.0,1.0
1.57,0.0006841707803089385,-0.0008828517964681255,3.212562763445102,0.0,0.0,3.14,-5.088911165951502e-05,-3.9437381308552274e-05,-1.242252573361043e-07,64.184149340436,-64.17236419388496,64.16322933945368,-64.17501665608933,0.0,0.0,0.0,1.0,1.0,1.0,1.0,1.0,1.0
1.58,0.0006877131100621294,-0.0008874228002586159,3.2325558855009167,0.0,0.0,3.16,-5.120343132407383e-05,-3.968092833388106e-05,-1.1823486880227898e-07,64.20043852367358,-64.18866056861886,64.17953137000264,-64.19131139049618,0.0,0.0,0.0,1.0,1.0,1.0,1.0,1.0,1.0
1.59,0.0006912175541393317,-0.0008919449168517232,3.252530037624439,0.0,0.0,3.18,-5.151166948961494e-05,-3.9919757522590434e-05,-1.1222511058127779e-07,64.21649244874246,-64.20472111508495,64.19559713040046,-64.20737042451262,0.0,0.0,0.0,1.0,1.0,1.0,1.0,1.0,1.0
1.6,0.000694684498746307,-0.0008964186452898866,3.272486016532221,0.0,0.0,3.2,-5.181153514330496e-05,-4.015208862965052e-05,-1.0620059001960333e-07,64.23232824110413,-64.22056184344018,64.2114417664244,-64.22321001930098,0.0,0.0,0.0,1.0,1.0,1.0,1.0,1.0,1.0
1.61,0.0006981136222060274,-0.0009008435704724143,3.292424286761275,0.0,0.0,3.22,-5.210008121865114e-05,-4.0375638828823485e-05,-1.0016478968523413e-07,64.24794436512578,-64.2361811092034,64.22706354936953,-64.23882855506544,0.0,0.0,0.0,1.0,1.0,1.0,1.0,1.0,1.0
1.62,0.0007015045781127266,-0.0009052192453692342,3.312345301857629,0.0,0.0,3.2400000000000007,-5.237416601566191e-05,-4.058797468395561e-05,-9.412116496154026e-08,64.26333919478265,-64.2515772018224,64.24246070332612,-64.25422434048413,0.0,0.0,0.0,1.0,1.0,1.0,1.0,1.0,1.0
1.6300000000000001,0.0007048569941093137,-0.0009095451894420966,3.332249504015685,0.0,0.0,3.2600000000000002,-5.263045287018395e-05,-4.078651190290155e-05,-8.80731413281769e-08,64.27851098613273,-64.26674831915345,64.2576313812135,-64.26939558673793,0.0,0.0,0.0,1.0,1.0,1.0,1.0,1.0,1.0
1.6400000000000001,0.0007081704706647867,-0.0009138208870657806,3.3521373237175784,0.0,0.0,3.2800000000000002,-5.2865409823239157e-05,-4.096851509144893e-05,-8.202411175580786e-08,64.29345784979851,-64.28169254194817,64.27257364082134,-64.28434038154666,0.0,0.0,0.0,1.0,1.0,1.0,1.0,1.0,1.0
1.6500000000000001,0.0007114445798516478,-0.0009180457859492997,3.372009179372535,0.0,0.0,3.3,-5.307530929036167e-05,-4.1131097507242796e-05,-7.597743423238606e-08,64.30817772343599,-64.29640780832742,64.28728542083773,-64.29905666319219,0.0,0.0,0.0,1.0,1.0,1.0,1.0,1.0,1.0
1.6600000000000001,0.0007146788641233157,-0.0009222192955571046,3.3918654769562298,0.0,0.0,3.3200000000000003,-5.325622773093462e-05,-4.127122081371048e-05,-6.993642943979862e-08,64.32266834421831,-64.31089188827008,64.30176451689235,-64.31354219455646,0.0,0.0,0.0,1.0,1.0,1.0,1.0,1.0,1.0
1.67,0.00071787283509154,-0.0009263407855302896,3.411706609650148,0.0,0.0,3.34,-5.340404531752698e-05,-4.138569483398638e-05,-6.390437860077317e-08,64.33692722129855,-64.32514235808077,64.31600855757839,-64.32779453713847,0.0,0.0,0.0,1.0,1.0,1.0,1.0,1.0,1.0
1.68,0.0007210259723038163,-0.0009304095841077973,3.4315329574809414,0.0,0.0,3.3600000000000003,-5.3514445605230296e-05,-4.1471177304836886e-05,-5.7884521517032645e-08,64.3509516082987,-64.33915657488382,64.33001498050093,-64.34181102509754,0.0,0.0,0.0,1.0,1.0,1.0,1.0,1.0,1.0
1.69,0.0007241377220207979,-0.000934424976547623,3.4513448869597863,0.0,0.0,3.38,-5.358291520099515e-05,-4.152417363058552e-05,-5.188005482079016e-08,64.3647384757773,-64.352931651096,64.3437810083039,-64.3555887392752,0.0,0.0,0.0,1.0,1.0,1.0,1.0,1.0,1.0
1.7,0.000727209371378949,-0.0009383886241721252,3.471143047466913,0.0,0.0,3.4,-5.362348941515112e-05,-4.155555312527216e-05,-4.589737932750571e-08,64.37830103404767,-64.36648063662889,64.35731956555077,-64.3691407647485,0.0,0.0,0.0,1.0,1.0,1.0,1.0,1.0,1.0
1.71,0.0007302453632459808,-0.0009423062614963137,3.4909285791360696,0.0,0.0,3.4200000000000004,-5.368190718770658e-05,-4.1600735917115605e-05,-3.994837990602862e-08,64.3916803200819,-64.37984386735879,64.37067044146504,-64.38250759204433,0.0,0.0,0.0,1.0,1.0,1.0,1.0,1.0,1.0
1.72,0.0007332411688216911,-0.0009461720429766757,3.510701193749799,0.0,0.0,3.44,-5.371439988052583e-05,-4.1625829587539366e-05,-3.402940932700473e-08,64.40483815607216,-64.39298414106723,64.383797193036,-64.39565180249892,0.0,0.0,0.0,1.0,1.0,1.0,1.0,1.0,1.0
1.73,0.0007361966292157253,-0.0009499857634428282,3.5304612856311803,0.0,0.0,3.46,-5.37210629562039e-05,-4.163090936055897e-05,-2.814440058971289e-08,64.41777487257376,-64.40590200494582,64.39670053533541,-64.40857389461644,0.0,0.0,0.0,1.0,1.0,1.0,1.0,1.0,1.0
1.74,0.0007391115972532724,-0.0009537472328257579,3.550209241872669,0.0,0.0,3.4799999999999995,-5.370230421446881e-05,-4.161629255741534e-05,-2.229731801427625e-08,64.4304908305481,-64.41859807563453,64.40938128312754,-64.4212744275518,0.0,0.0,0.0,1.0,1.0,1.0,1.0,1.0,1.0
1.75,0.0007419859383446077,-0.0009574562772794073,3.569945442306493,0.0,0.0,3.5,-5.3658864374012165e-05,-4.158255454470065e-05,-1.649215797587887e-08,64.4429864123163,-64.43107303179826,64.42184034470219,-64.4337540133209,0.0,0.0,0.0,1.0,1.0,1.0,1.0,1.0,1.0
1.76,0.0007448195313546335,-0.0009611127403022612,3.589670259475056,0.0,0.0,3.5200000000000005,-5.359183765431957e-05,-4.153054468248441e-05,-1.0732949543299328e-08,64.45526201247908,-64.44332760666938,64.434078715674,-64.44601330897704,0.0,0.0,0.0,1.0,1.0,1.0,1.0,1.0,1.0
1.77,0.0007476122694724212,-0.0009647164838589329,3.609384058601335,0.0,0.0,3.54,-5.350269235750097e-05,-4.1461402272439746e-05,-5.023755020429881e-09,64.46731802886796,-64.45536258062181,64.44609747281302,-64.4580530088189,0.0,0.0,0.0,1.0,1.0,1.0,1.0,1.0,1.0
1.78,0.0007503640610807541,-0.0009682673895017506,3.629087197559277,0.0,0.0,3.56,-5.339329145012076e-05,-4.1376572505970065e-05,6.313296063321459e-10,64.47915485348764,-64.46717877373602,64.45789776786634,-64.4698738365893,0.0,0.0,0.0,1.0,1.0,1.0,1.0,1.0,1.0
1.79,0.000753074830625668,-0.000971765359492343,3.6487800268442045,0.0,0.0,3.5799999999999996,-5.326591314502773e-05,-4.127782241233541e-05,6.228174306982535e-09,64.49077286344041,-64.47877703834642,64.46948082136207,-64.4814765376564,0.0,0.0,0.0,1.0,1.0,1.0,1.0,1.0,1.0
1.8,0.000755744519485994,-0.0009752103179232269,3.6684628895432074,0.0,0.0,3.6,-5.3123271483185114e-05,-4.116725680677949e-05,1.1762614719537173e-08,64.50217241188196,-64.49015825161977,64.4808479164444,-64.49286187122608,0.0,0.0,0.0,1.0,1.0,1.0,1.0,1.0,1.0
1.81,0.0007583730868428999,-0.0009786022118393918,3.688136121305547,0.0,0.0,3.62,-5.296853691550031e-05,-4.104733423865627e-05,1.7230451914290213e-08,64.513353818945,-64.50132330810168,64.49200039267664,-64.50403060252209,0.0,0.0,0.0,1.0,1.0,1.0,1.0,1.0,1.0
1.82,0.0007609605105494319,-0.0009819410123598881,3.707800050313054,0.0,0.0,3.6399999999999997,-5.280535688465487e-05,-4.092088293955685e-05,2.2627452183213508e-08,64.5243173626875,-64.51227311228752,64.50293963986876,-64.51498349499094,0.0,0.0,0.0,1.0,1.0,1.0,1.0,1.0,1.0
1.83,0.0007635082437173028,-0.000985228597143451,3.727455174284645,0.0,0.0,3.66,-5.2621055238235105e-05,-4.077805989113655e-05,2.79545602899415e-08,64.53507112428878,-64.523011085963,64.51366546851281,-64.5257250185018,0.0,0.0,0.0,1.0,1.0,1.0,1.0,1.0,1.0
1.84,0.0007660168104413078,-0.0009884656435232037,3.747101891475928,0.0,0.0,3.6800000000000006,-5.2409120850689264e-05,-4.0613811693188844e-05,3.320995509691233e-08,64.54562039261506,-64.53354055986046,64.5241796917202,-64.53625894433182,0.0,0.0,0.0,1.0,1.0,1.0,1.0,1.0,1.0
1.85,0.0007684849780411762,-0.0009916505582676792,3.7667403717364745,0.0,0.0,3.7,-5.21851716204853e-05,-4.044026027412706e-05,3.838527824513757e-08,64.55596032490885,-64.54386147586465,64.53448595942683,-64.5465841379206,0.0,0.0,0.0,1.0,1.0,1.0,1.0,1.0,1.0
1.86,0.000770912827690393,-0.0009947834460209838,3.786370930681596,0.0,0.0,3.72,-5.195130436114823e-05,-4.0259030816582795e-05,4.347665366753551e-08,64.56609258976789,-64.55397574068786,64.54458636272389,-64.5567024523125,0.0,0.0,0.0,1.0,1.0,1.0,1.0,1.0,1.0
1.87,0.0007733004545388033,-0.0009978644294593192,3.8059938775189193,0.0,0.0,3.7400000000000007,-5.170977808631811e-05,-4.0071874174297534e-05,4.848020106999832e-08,64.57601895408244,-64.56388537060113,64.55448311098306,-64.56661584756624,0.0,0.0,0.0,1.0,1.0,1.0,1.0,1.0,1.0
1.8800000000000001,0.0007756479677126126,-0.001000893649290983,3.825609515048389,0.0,0.0,3.7600000000000002,-5.146301400974923e-05,-3.9880666872123885e-05,5.33920362307098e-08,64.58574128302905,-64.5735924914279,64.56417853185009,-64.57632639074852,0.0,0.0,0.0,1.0,1.0,1.0,1.0,1.0,1.0
1.8900000000000001,0.0007779554903143859,-0.0010038712642563698,3.845218139662264,0.0,0.0,3.7800000000000002,-5.1213595545309213e-05,-3.9687411106026704e-05,5.820827127129745e-08,64.59526154008506,-64.58309933855864,64.57367507125952,-64.58583625594865,0.0,0.0,0.0,1.0,1.0,1.0,1.0,1.0,1.0
1.9000000000000001,0.0007802231594230488,-0.0010067974511279686,3.864820041345121,0.0,0.0,3.8,-5.0964268306978274e-05,-3.94942347430839e-05,6.292501488916678e-08,64.60458178701427,-64.59240825693642,64.58297529342018,-64.59514772426418,0.0,0.0,0.0,1.0,1.0,1.0,1.0,1.0,1.0
1.9100000000000001,0.0007824511260938865,-0.0010096724047103662,3.884415503673854,0.0,0.0,3.8200000000000003,-5.0717940108848776e-05,-3.9303391321487055e-05,6.753837253965395e-08,64.61370418387436,-64.6015217010644,64.59208188082269,-64.60426318380833,0.0,0.0,0.0,1.0,1.0,1.0,1.0,1.0,1.0
1.92,0.0007846395553585449,-0.001012496337840244,3.904004803817671,0.0,0.0,3.84,-5.047768096512492e-05,-3.911726005054189e-05,7.204444655591742e-08,64.62263098901308,-64.61044223500191,64.60099763423564,-64.61318512970608,0.0,0.0,0.0,1.0,1.0,1.0,1.0,1.0,1.0
1.93,0.000786788626225029,-0.0010152694813863796,3.9235882125380974,0.0,0.0,3.8600000000000003,-5.024672309012251e-05,-3.8938345810668375e-05,7.643933619377867e-08,64.63136455907693,-64.6191725323733,64.60972547271426,-64.62191616410307,0.0,0.0,0.0,1.0,1.0,1.0,1.0,1.0,1.0
1.94,0.0007888985316777048,-0.0010179920842496482,3.943165994188976,0.0,0.0,3.88,-5.0028460898269206e-05,-3.8769279153400714e-05,8.071913758800436e-08,64.63990734899396,-64.6277153763506,64.61826843358324,-64.63045899614816,0.0,0.0,0.0,1.0,1.0,1.0,1.0,1.0,1.0
1.95,0.000790969478677298,-0.001020664413363019,3.9627384067164644,0.0,0.0,3.9,-4.982645100410458e-05,-3.861281630138689e-05,8.487994360581379e-08,64.64826191199472,-64.63607365967445,64.6266296724576,-64.63881644201452,0.0,0.0,0.0,1.0,1.0,1.0,1.0,1.0,1.0
1.96,0.0007930016881608941,-0.0010232867536915584,3.9823057016590364,0.0,0.0,3.9200000000000004,-4.964441222228088e-05,-3.847183914838812e-05,8.891784358267877e-08,64.65643089959852,-64.64425038464053,64.63481246322905,-64.64699142488583,0.0,0.0,0.0,1.0,1.0,1.0,1.0,1.0,1.0
1.97,0.0007949946047287824,-0.001025858390742217,4.001868297035681,0.0,0.0,3.94,-4.944561076113528e-05,-3.831787211755906e-05,9.284161715050967e-08,64.66441536373348,-64.65224173539423,64.64280921916196,-64.65498122565579,0.0,0.0,0.0,1.0,1.0,1.0,1.0,1.0,1.0
1.98,0.0007969483531448092,-0.0010283794857380453,4.021426458723187,0.0,0.0,3.96,-4.922771090638162e-05,-3.814910372731288e-05,9.664932168883295e-08,64.67221788584226,-64.66004984529506,64.65062172637683,-64.662788078562,0.0,0.0,0.0,1.0,1.0,1.0,1.0,1.0,1.0
1.99,0.0007988636185676056,-0.001030850921421653,4.04098032665666,0.0,0.0,3.9799999999999995,-4.901662001061689e-05,-3.7985615448385787e-05,1.0033024043480864e-07,64.67984231954954,-64.66768174702466,64.65825948001603,-64.67041829987711,0.0,0.0,0.0,1.0,1.0,1.0,1.0,1.0,1.0
2.0,0.0008007406044192684,-0.0010332729603612166,4.0605301428052245,0.0,0.0,4.0,-4.881293255624684e-05,-3.78278670615688e-05,1.0388161773589989e-07,64.68729155181597,-64.67514023753195,64.66572520715312,-64.67787470673453,0.0,0.0,0.0,1.0,1.0,1.0,1.0,1.0,1.0
2.0100000000000002,0.0008025795221431257,-0.0010356458754900645,4.080076144033064,0.0,0.0,4.0200000000000005,-4.8617099187059233e-05,-3.76762067884766e-05,1.0730078855063884e-07,64.69456855508996,-64.68242817111224,64.67302167040326,-64.68516017994904,0.0,0.0,0.0,1.0,1.0,1.0,1.0,1.0,1.0
2.02,0.0008043805909937865,-0.00103796994983638,4.099618562145344,0.0,0.0,4.04,-4.8429415918844795e-05,-3.753086292800477e-05,1.1058518167230952e-07,64.70167638686816,-64.6895484575785,64.68015166501839,-64.69227766250121,0.0,0.0,0.0,1.0,1.0,1.0,1.0,1.0,1.0
2.0300000000000002,0.0008061440378271954,-0.0010402454762529034,4.119157623934141,0.0,0.0,4.0600000000000005,-4.825001335001778e-05,-3.739193549278692e-05,1.1373232295554591e-07,64.70861818925151,-64.69650406042805,64.68711801597762,-64.699230158017,0.0,0.0,0.0,1.0,1.0,1.0,1.0,1.0,1.0
2.04,0.0008078700968906827,-0.0010424727571466345,4.13869355122437,0.0,0.0,4.08,-4.807884587223667e-05,-3.725938784565195e-05,1.1673983854849339e-07,64.71539718847995,-64.70329799498795,64.69392357505646,-64.70602072922625,0.0,0.0,0.0,1.0,1.0,1.0,1.0,1.0,1.0
2.05,0.0008095590096130187,-0.001044652104208534,4.158226560919715,0.0,0.0,4.1,-4.7915680881024926e-05,-3.713303833608134e-05,1.1960545813254124e-07,64.7220166944883,-64.70993332658159,64.70057121791719,-64.71265249644233,0.0,0.0,0.0,1.0,1.0,1.0,1.0,1.0,1.0
2.06,0.0008112110243944637,-0.0010467838381432275,4.177756865048557,0.0,0.0,4.12,-4.776008798639143e-05,-3.7012551936666615e-05,1.2232701817080093e-07,64.72848010045253,-64.71641316868566,64.70706384118962,-64.71912863603212,0.0,0.0,0.0,1.0,1.0,1.0,1.0,1.0,1.0
2.07,0.0008128263963968224,-0.0010488682883987052,4.197284670809892,0.0,0.0,4.14,-4.761142822345088e-05,-3.6897431879566875e-05,1.249024651654943e-07,64.73479088234946,-64.72274068110055,64.71340435956529,-64.72545237889948,0.0,0.0,0.0,1.0,1.0,1.0,1.0,1.0,1.0
2.08,0.0008144053873334941,-0.0010509057928960275,4.2168101806192775,0.0,0.0,4.16,-4.746884326304428e-05,-3.6787011292966506e-05,1.2732985892319347e-07,64.74095259848588,-64.72891906809011,64.719595702861,-64.73162700893803,0.0,0.0,0.0,1.0,1.0,1.0,1.0,1.0,1.0
2.09,0.0008159482652595261,-0.0010528966977590244,4.236333592154742,0.0,0.0,4.18,-4.7331244622358914e-05,-3.6680444837532974e-05,1.2960737582541673e-07,64.74696888906672,-64.73495157656055,64.7256408131215,-64.73765586152312,0.0,0.0,0.0,1.0,1.0,1.0,1.0,1.0,1.0
2.1,0.0008174553043616657,-0.001054841357043999,4.255855098402726,0.0,0.0,4.2,-4.719730287554855e-05,-3.65767003428751e-05,1.3173331210043293e-07,64.75284347573432,-64.74084149421041,64.7315426416933,-64.74354232197479,0.0,0.0,0.0,1.0,1.0,1.0,1.0,1.0,1.0
2.11,0.0008189267847484121,-0.0010567401324694293,4.275374887704006,0.0,0.0,4.22,-4.706543686435326e-05,-3.6474550444001106e-05,1.3370608709022025e-07,64.75858016111141,-64.74659214768423,64.73730414630207,-64.7492898240245,0.0,0.0,0.0,1.0,1.0,1.0,1.0,1.0,1.0
2.12,0.0008203621764988829,-0.0010585923386318263,4.294893112648458,0.0,0.0,4.24,-4.6947566825499294e-05,-3.6383245525832074e-05,1.355245539637248e-07,64.76416927263911,-64.75219686547267,64.74292098141868,-64.75489102111368,0.0,0.0,0.0,1.0,1.0,1.0,1.0,1.0,1.0
2.13,0.0008217607073062359,-0.0010603969768031146,4.3144099118059245,0.0,0.0,4.26,-4.685952227002137e-05,-3.631506989258343e-05,1.3718779400700985e-07,64.76959709851286,-64.75764596180412,64.7483865816833,-64.76033532186557,0.0,0.0,0.0,1.0,1.0,1.0,1.0,1.0,1.0
2.14,0.0008231238167010875,-0.0010621559075220408,4.33392550350094,0.0,0.0,4.28,-4.677961779323108e-05,-3.6253195074826206e-05,1.3869418922884803e-07,64.77488667424629,-64.76295692934978,64.75371414379197,-64.76564146584685,0.0,0.0,0.0,1.0,1.0,1.0,1.0,1.0,1.0
2.15,0.0008244517036132682,-0.0010638693876062846,4.353440054026505,0.0,0.0,4.3,-4.6706891376861e-05,-3.6196874913500335e-05,1.4004272598885907e-07,64.7800404141807,-64.76813196794471,64.75890570137035,-64.7708117012072,0.0,0.0,0.0,1.0,1.0,1.0,1.0,1.0,1.0
2.16,0.0008257445640608121,-0.0010655376701220326,4.3729537249623585,0.0,0.0,4.32,-4.6640206658731605e-05,-3.614522815836632e-05,1.412325336291384e-07,64.78506068203001,-64.77317321140782,64.76396321011595,-64.7758482135543,0.0,0.0,0.0,1.0,1.0,1.0,1.0,1.0,1.0
2.17,0.0008270025906836211,-0.0010671610037822467,4.392466673211105,0.0,0.0,4.34,-4.6578246469385496e-05,-3.6097233461611476e-05,1.4226288792851018e-07,64.78994978617915,-64.77808272255739,64.76888854259492,-64.78075312103364,0.0,0.0,0.0,1.0,1.0,1.0,1.0,1.0,1.0
2.18,0.0008282259722771296,-0.0010687396323449299,4.4119790510343515,0.0,0.0,4.36,-4.651950636872164e-05,-3.605172437145677e-05,1.4313321455546353e-07,64.79470997498683,-64.78286248823106,64.77368348304347,-64.7855284694125,0.0,0.0,0.0,1.0,1.0,1.0,1.0,1.0,1.0
2.19,0.0008294148933259664,-0.001070273794011395,4.431491006088846,0.0,0.0,4.38,-4.646228818262932e-05,-3.6007384325763674e-05,1.4384309251373458e-07,64.79934343205227,-64.78751441426971,64.77834972213307,-64.79017622712809,0.0,0.0,0.0,1.0,1.0,1.0,1.0,1.0,1.0
2.2,0.0008305695335376206,-0.001071763720824531,4.451002681462623,0.0,0.0,4.4,-4.640469353962202e-05,-3.596274164564117e-05,1.443922575731496e-07,64.8038522715078,-64.79204032052724,64.7828888517617,-64.79469828036136,0.0,0.0,0.0,1.0,1.0,1.0,1.0,1.0,1.0
2.21,0.0008316900673761032,-0.0010732096380670717,4.470514215711124,0.0,0.0,4.42,-4.6344617407471064e-05,-3.591616452905326e-05,1.4478060567687705e-07,64.80823853332075,-64.7964419358896,64.78730235985414,-64.79909642812035,0.0,0.0,0.0,1.0,1.0,1.0,1.0,1.0,1.0
2.22,0.0008327766635956135,-0.001074611763659861,4.490025742893352,0.0,0.0,4.44,-4.627974162983917e-05,-3.5865856044426456e-05,1.4500819631464401e-07,64.81250417856437,-64.800720893263,64.79159162513164,-64.80337237729232,0.0,0.0,0.0,1.0,1.0,1.0,1.0,1.0,1.0
2.23,0.0008338294847742003,-0.0010759703075601226,4.509537392607992,0.0,0.0,4.46,-4.620752846291355e-05,-3.580984912425754e-05,1.4507525584975197e-07,64.81665108472475,-64.80487872459781,64.79575791191719,-64.80752773773199,0.0,0.0,0.0,1.0,1.0,1.0,1.0,1.0,1.0
2.24,0.0008348486868474274,-0.0010772854711597253,4.529049290029568,0.0,0.0,4.48,-4.612521411203922e-05,-3.57460015587218e-05,1.449821807858732e-07,64.82068104096331,-64.80891685586838,64.79980236489668,-64.81156401730539,0.0,0.0,0.0,1.0,1.0,1.0,1.0,1.0,1.0
2.25,0.0008358344186420365,-0.0010785574466834523,4.548561555944556,0.0,0.0,4.5,-4.6029802268351804e-05,-3.567199098928126e-05,1.4472954095762202e-07,64.82459574343869,-64.812836602112,64.80372600393929,-64.8154826169931,0.0,0.0,0.0,1.0,1.0,1.0,1.0,1.0,1.0
2.2600000000000002,0.0008367868214096119,-0.0010797864165872678,4.568074306787545,0.0,0.0,4.5200000000000005,-4.5918057645410224e-05,-3.5585309902293286e-05,1.4431808262676062e-07,64.82839679056106,-64.81663916240049,64.80752971885039,-64.8192848259258,0.0,0.0,0.0,1.0,1.0,1.0,1.0,1.0,1.0
2.27,0.0008377060283602433,-0.001080972552956583,4.587587654677354,0.0,0.0,4.54,-4.578649951582932e-05,-3.548326062261937e-05,1.4374873146363106e-07,64.83208567831065,-64.82032561487581,64.81121426418856,-64.82297181648423,0.0,0.0,0.0,1.0,1.0,1.0,1.0,1.0,1.0
2.2800000000000002,0.0008385920247150879,-0.0010821158342544728,4.607101808382276,0.0,0.0,4.5600000000000005,-4.566370437400997e-05,-3.538799943480842e-05,1.4301288688354697e-07,64.83567205344693,-64.82391042328541,64.81479783500907,-64.82655696688586,0.0,0.0,0.0,1.0,1.0,1.0,1.0,1.0,1.0
2.29,0.0008394448486943845,-0.0010832163085237648,4.626616927583016,0.0,0.0,4.58,-4.5563634986171294e-05,-3.531035279932271e-05,1.4210645944352727e-07,64.83916178175704,-64.8274019170927,64.81829066923038,-64.83004805144432,0.0,0.0,0.0,1.0,1.0,1.0,1.0,1.0,1.0
2.3000000000000003,0.0008402647326027101,-0.0010842742781466553,4.646133020481541,0.0,0.0,4.6000000000000005,-4.5452845196916454e-05,-3.522439138373049e-05,1.4103971449902752e-07,64.84254856280523,-64.83078857434911,64.82167720045321,-64.83343472509385,0.0,0.0,0.0,1.0,1.0,1.0,1.0,1.0,1.0
2.31,0.0008410517609422548,-0.0010852898521540848,4.665650190890376,0.0,0.0,4.62,-4.532955940785556e-05,-3.512874004962305e-05,1.3981351020107234e-07,64.84583413893866,-64.83407209014618,64.82495908729446,-64.83671869369195,0.0,0.0,0.0,1.0,1.0,1.0,1.0,1.0,1.0
2.32,0.0008418060070000542,-0.0010862631250952112,4.685168539096231,0.0,0.0,4.64,-4.519191929710677e-05,-3.5021959674371894e-05,1.3842884331278774e-07,64.84902017635666,-64.83725409522711,64.82813793317773,-64.83990159610096,0.0,0.0,0.0,1.0,1.0,1.0,1.0,1.0,1.0
2.33,0.0008425275323556955,-0.0010871941764016824,4.704688161914924,0.0,0.0,4.66,-4.503798336894327e-05,-3.490254680660032e-05,1.368868506102171e-07,64.8521082619237,-64.84033615349452,64.83121528437987,-64.84298500153972,0.0,0.0,0.0,1.0,1.0,1.0,1.0,1.0,1.0
2.34,0.0008432163863890222,-0.0010880830697519125,4.724209152746295,0.0,0.0,4.68,-4.486572650344015e-05,-3.476893332165526e-05,1.3518881024100015e-07,64.85509990000709,-64.84331975954312,64.83419262810236,-64.84597040695998,0.0,0.0,0.0,1.0,1.0,1.0,1.0,1.0,1.0
2.35,0.0008438726057878389,-0.0010889298524353554,4.7437316016291335,0.0,0.0,4.7,-4.4673039506121137e-05,-3.46194860770788e-05,1.3333614303641377e-07,64.85799650929465,-64.84620633617233,64.83707139052271,-64.84885923440282,0.0,0.0,0.0,1.0,1.0,1.0,1.0,1.0,1.0
2.36,0.0008444962140556174,-0.0010897345547167816,4.763255595296096,0.0,0.0,4.72,-4.445772865760551e-05,-3.4452506568080155e-05,1.3133041377205376e-07,64.8607994196208,-64.84899723190722,64.83985293485405,-64.85165282836343,0.0,0.0,0.0,1.0,1.0,1.0,1.0,1.0,1.0
2.37,0.0008450872210192012,-0.0010904971892005495,4.782781217228627,0.0,0.0,4.74,-4.421751526325475e-05,-3.426623058300745e-05,1.291733323721939e-07,64.86350986879927,-64.85169371852615,64.84253855941158,-64.85435245316242,0.0,0.0,0.0,1.0,1.0,1.0,1.0,1.0,1.0
2.38,0.0008456456223365101,-0.0010912177501948815,4.802308547711882,0.0,0.0,4.76,-4.3950035202819295e-05,-3.40588278588196e-05,1.2686675505263553e-07,64.86612899943418,-64.85429698856689,64.84512949565735,-64.85695929029586,0.0,0.0,0.0,1.0,1.0,1.0,1.0,1.0,1.0
2.39,0.0008461713990042463,-0.00109189621307614,4.8218376638896485,0.0,0.0,4.78,-4.3652838480085326e-05,-3.38284017365582e-05,1.2441268539661178e-07,64.86865785575769,-64.85680815285893,64.84762690627136,-64.85947443581135,0.0,0.0,0.0,1.0,1.0,1.0,1.0,1.0,1.0
2.4,0.0008466645168655995,-0.0010925325336530998,4.841368639819261,0.0,0.0,4.8,-4.33233887725213e-05,-3.357298881681956e-05,1.2181327535807616e-07,64.87109738045292,-64.8592282380416,64.85003188320836,-64.86189889766987,0.0,0.0,0.0,1.0,1.0,1.0,1.0,1.0,1.0
2.41,0.0008471249261179508,-0.0010931266475312231,4.860901546526533,0.0,0.0,4.82,-4.295906298092478e-05,-3.3290558615226465e-05,1.1907082618645139e-07,64.87344841147127,-64.86155818407615,64.85234544574871,-64.86423359310173,0.0,0.0,0.0,1.0,1.0,1.0,1.0,1.0,1.0
2.42,0.0008475525608205793,-0.0010936784694769355,4.880436452060664,0.0,0.0,4.84,-4.255715077906914e-05,-3.2979013217900384e-05,1.1618778926667291e-07,64.87571167887069,-64.86379884177893,64.85456853857028,-64.86647934598354,0.0,0.0,0.0,1.0,1.0,1.0,1.0,1.0,1.0
2.43,0.0008479473384023667,-0.0010941878927818983,4.899973421549176,0.0,0.0,4.86,-4.211485416335004e-05,-3.2636186936933154e-05,1.1316676686809755e-07,64.87788780162785,-64.86595097032863,64.8567020297943,-64.86863688418913,0.0,0.0,0.0,1.0,1.0,1.0,1.0,1.0,1.0
2.44,0.0008483091591695018,-0.0010946547886272852,4.91951251725282,0.0,0.0,4.88,-4.162928700243248e-05,-3.225984596585912e-05,1.1001051279560137e-07,64.87997728447304,-64.86801523479586,64.8587467090539,-64.87070683696311,0.0,0.0,0.0,1.0,1.0,1.0,1.0,1.0,1.0
2.45,0.0008486441365663244,-0.001095087047478566,4.9390539059090885,0.0,0.0,4.9,-4.116609036343944e-05,-3.190081787833586e-05,1.0670139940007995e-07,64.88200071683482,-64.87001207743447,64.86072289923541,-64.87270967467452,0.0,0.0,0.0,1.0,1.0,1.0,1.0,1.0,1.0
2.46,0.0008489523544854284,-0.0010954847774503772,4.95859764798629,0.0,0.0,4.92,-4.0724615631742685e-05,-3.155860164935674e-05,1.0324184484071494e-07,64.88395907648207,-64.87194266715777,64.86263191751631,-64.87464652331417,0.0,0.0,0.0,1.0,1.0,1.0,1.0,1.0,1.0
2.47,0.0008492302258409203,-0.0010958433485157325,4.978143738359685,0.0,0.0,4.94,-4.026390312110282e-05,-3.120148314308531e-05,9.964643911927313e-08,64.88584137522733,-64.87379642161925,64.86446349951039,-64.87650671239997,0.0,0.0,0.0,1.0,1.0,1.0,1.0,1.0,1.0
2.48,0.0008494779470186815,-0.0010961630139615913,4.9976922347345605,0.0,0.0,4.96,-3.978477870881131e-05,-3.083010331615843e-05,9.591739118967234e-08,64.88764882706407,-64.87557478318382,64.86621926458831,-64.8782916328926,0.0,0.0,0.0,1.0,1.0,1.0,1.0,1.0,1.0
2.49,0.0008496957194264411,-0.001096444033544767,5.017243192647738,0.0,0.0,4.98,-3.9288248864873744e-05,-3.0445243100287294e-05,9.205699671126758e-08,64.88938259565195,-64.87727916619889,64.8679008213896,-64.88000264270374,0.0,0.0,0.0,1.0,1.0,1.0,1.0,1.0,1.0
2.5,0.0008498837497146747,-0.001096686673776727,5.036796665534779,0.0,0.0,5.0,-3.877550805567301e-05,-3.0047829139160808e-05,8.806763781926972e-08,64.89104379343507,-64.87891095676983,64.86950976810722,-64.88164106632344,0.0,0.0,0.0,1.0,1.0,1.0,1.0,1.0,1.0
2.5100000000000002,0.0008500422499975055,-0.001096891208208383,5.056352704797176,0.0,0.0,5.0200000000000005,-3.82479461476325e-05,-2.963893952534891e-05,8.395178294033406e-08,64.89263348080999,-64.88047151258549,64.87104769282192,-64.88320819449706,0.0,0.0,0.0,1.0,1.0,1.0,1.0,1.0,1.0
2.52,0.0008501714380736039,-0.0010970579177148883,5.075911359869571,0.0,0.0,5.04,-3.770715581087969e-05,-2.921980953720565e-05,7.971198664910069e-08,64.89415266521881,-64.88196216266849,64.87251617376153,-64.88470528382727,0.0,0.0,0.0,1.0,1.0,1.0,1.0,1.0,1.0
2.5300000000000002,0.0008502715376470866,-0.0010971870907804321,5.095472678286946,0.0,0.0,5.0600000000000005,-3.715493992290967e-05,-2.879183737577178e-05,7.535088956000915e-08,64.8956023003272,-64.8833842072106,64.87391677964533,-64.88613355646113,0.0,0.0,0.0,1.0,1.0,1.0,1.0,1.0,1.0
2.54,0.0008503427785484177,-0.0010972790237830342,5.115036705751824,0.0,0.0,5.08,-3.659331897224931e-05,-2.835658990167755e-05,7.08712182471243e-08,64.8969832851394,-64.8847389173451,64.87525106996536,-64.88749419971401,0.0,0.0,0.0,1.0,1.0,1.0,1.0,1.0,1.0
2.5500000000000003,0.000850385396955308,-0.0010973340212793391,5.134603486201478,0.0,0.0,5.1000000000000005,-3.602453846212091e-05,-2.79158083720446e-05,6.627578518295077e-08,64.89829646314433,-64.88602753495023,64.87652059529881,-64.88878836572464,0.0,0.0,0.0,1.0,1.0,1.0,1.0,1.0,1.0
2.56,0.0008503996356136154,-0.0010973523962894123,5.154173061875123,0.0,0.0,5.12,-3.545107631410686e-05,-2.7471414177388287e-05,6.156748868532907e-08,64.8995426214557,-64.88725127244653,64.87772689761435,-64.89001717110423,0.0,0.0,0.0,1.0,1.0,1.0,1.0,1.0,1.0
2.57,0.0008503857440582437,-0.0010973344705815344,5.173745473381127,0.0,0.0,5.14,-3.4875650271813834e-05,-2.7025514578519318e-05,5.6749312859430625e-08,64.90072248993806,-64.88841131258037,64.87887151056462,-64.89118169657148,0.0,0.0,0.0,1.0,1.0,1.0,1.0,1.0,1.0
2.58,0.0008503439788340442,-0.0010972805749569947,5.193320759764206,0.0,0.0,5.16,-3.430122530453749e-05,-2.658040844344525e-05,5.182432751965661e-08,64.90183674035687,-64.88950880823121,64.87995595980243,-64.89228298661159,0.0,0.0,0.0,1.0,1.0,1.0,1.0,1.0,1.0
2.59,0.0008502746037167144,-0.0010971910495348887,5.212898958572629,0.0,0.0,5.18,-3.373102101092735e-05,-2.6138591984272023e-05,4.679568807384117e-08,64.90288598550818,-64.89054488219867,64.88098176327685,-64.89332204911489,0.0,0.0,0.0,1.0,1.0,1.0,1.0,1.0,1.0
2.6,0.0008501778899336983,-0.0010970662440369107,5.2324801059254185,0.0,0.0,5.2,-3.316851902265165e-05,-2.5702764494104793e-05,4.166663534958821e-08,64.90387077836323,-64.89152062700448,64.88195043154403,-64.89429985503047,0.0,0.0,0.0,1.0,1.0,1.0,1.0,1.0,1.0
2.61,0.0008500541163850862,-0.001096906518072149,5.2520642365795505,0.0,0.0,5.22,-3.26174704080626e-05,-2.527583408394909e-05,3.6440495339823533e-08,64.90479161119687,-64.89243710467821,64.882863468062,-64.89521733800353,0.0,0.0,0.0,1.0,1.0,1.0,1.0,1.0,1.0
2.62,0.0008499035698645148,-0.001096712241421881,5.271651383997159,0.0,0.0,5.24,-3.20819030758615e-05,-2.486092341961132e-05,3.112067884169285e-08,64.905648914737,-64.893295346564,64.88372236950627,-64.89607539403374,0.0,0.0,0.0,1.0,1.0,1.0,1.0,1.0,1.0
2.63,0.0008497284485117089,-0.0010964862581692983,5.29124150623471,0.0,0.0,5.26,-3.149542978038658e-05,-2.4406539592766742e-05,2.5705155286922237e-08,64.90646633440565,-64.89410517610312,64.88452624952009,-64.8968869587806,0.0,0.0,0.0,1.0,1.0,1.0,1.0,1.0,1.0
2.64,0.0008495285086579547,-0.0010962282512846104,5.310834655682034,0.0,0.0,5.28,-3.08829704821168e-05,-2.393200921001691e-05,2.0199009229468035e-08,64.90723748632715,-64.89486502726254,64.88527727503165,-64.8976493812408,0.0,0.0,0.0,1.0,1.0,1.0,1.0,1.0,1.0
2.65,0.0008493034316597907,-0.001095937806628834,5.330430886891321,0.0,0.0,5.3,-3.0272847121194593e-05,-2.3459297336294858e-05,1.4607692106489345e-08,64.90795490087802,-64.895572915472,64.88597771139884,-64.89835944162385,0.0,0.0,0.0,1.0,1.0,1.0,1.0,1.0,1.0
2.66,0.0008490536217396327,-0.0010956154458040767,5.350030225557282,0.0,0.0,5.32,-2.966716181895581e-05,-2.2990032230962547e-05,8.934673682445127e-09,64.90861977695545,-64.89623013501703,64.88662892672853,-64.8990184125876,0.0,0.0,0.0,1.0,1.0,1.0,1.0,1.0,1.0
2.67,0.0008487794973706832,-0.0010952617088085892,5.369632696211062,0.0,0.0,5.34,-2.9068135431683294e-05,-2.252593405088982e-05,3.1834880609203495e-09,64.90923331183438,-64.89683797281731,64.88723227729984,-64.89962756070473,0.0,0.0,0.0,1.0,1.0,1.0,1.0,1.0,1.0
2.68,0.000848481491641576,-0.0010948771545076484,5.389238322281852,0.0,0.0,5.36,-2.847810961459079e-05,-2.2068816445795786e-05,-2.6422672083329043e-09,64.90979670206566,-64.89739770889014,64.88778910769065,-64.9001881470238,0.0,0.0,0.0,1.0,1.0,1.0,1.0,1.0,1.0
2.69,0.0008481600526210198,-0.0010944623611044329,5.408847126158473,0.0,0.0,5.38,-2.7899548885807392e-05,-2.1620588153590605e-05,-8.538932066349743e-09,64.91031114436927,-64.89791061680965,64.88830075089993,-64.90070142762572,0.0,0.0,0.0,1.0,1.0,1.0,1.0,1.0,1.0
2.7,0.0008478156437224429,-0.0010940179266109085,5.428459129250992,0.0,0.0,5.4,-2.733504269036156e-05,-2.1183254595716935e-05,-1.4502784933908853e-08,64.91077783652582,-64.89837796416366,64.88876852846775,-64.90116865417832,0.0,0.0,0.0,1.0,1.0,1.0,1.0,1.0,1.0
2.71,0.0008474487440686382,-0.0010935444693187062,5.4480743520523065,0.0,0.0,5.42,-2.6787307464165503e-05,-2.075891947249162e-05,-2.0530043761106034e-08,64.91119797828325,-64.89880101302629,64.8891937506109,-64.90159107450616,0.0,0.0,0.0,1.0,1.0,1.0,1.0,1.0,1.0
2.72,0.0008470598488564062,-0.0010930426282700024,5.467692814199755,0.0,0.0,5.44,-2.6259188697999247e-05,-2.0349786358447184e-05,-2.6616867146824367e-08,64.91157277223813,-64.89918102040475,64.88957771633291,-64.90196993313496,0.0,0.0,0.0,1.0,1.0,1.0,1.0,1.0,1.0
2.73,0.0008466494697212012,-0.0010925130637283991,5.48731453453671,0.0,0.0,5.46,-2.5753663001495002e-05,-1.9958160297673546e-05,-3.2759355538038815e-08,64.91190342473912,-64.89951923870863,64.8899217135562,-64.90230647185818,0.0,0.0,0.0,1.0,1.0,1.0,1.0,1.0,1.0
2.74,0.0008462181351017739,-0.0010919564576498068,5.506939531174174,0.0,0.0,5.48,-2.5273840167121113e-05,-1.9586449399159516e-05,-3.895355251960924e-08,64.91219114679173,-64.89981691622016,64.89022701925575,-64.90260193030491,0.0,0.0,0.0,1.0,1.0,1.0,1.0,1.0,1.0
2.75,0.0008457663906048171,-0.0010913735141533216,5.526567821552391,0.0,0.0,5.5,-2.4822965234166494e-05,-1.9237166432134624e-05,-4.519544620592506e-08,64.91243715492986,-64.90007529753152,64.89049489955923,-64.9028575464745,0.0,0.0,0.0,1.0,1.0,1.0,1.0,1.0,1.0
2.7600000000000002,0.0008452947993696097,-0.0010907649599921079,5.546199422502429,0.0,0.0,5.5200000000000005,-2.4404420552724507e-05,-1.8912930421410697e-05,-5.1480970746534725e-08,64.91264267214241,-64.90029562403704,64.89072660990249,-64.90307455732626,0.0,0.0,0.0,1.0,1.0,1.0,1.0,1.0,1.0
2.77,0.00084480394243266,-0.0010901315450242784,5.565834350307796,0.0,0.0,5.54,-2.40217278476772e-05,-1.861646824272374e-05,-5.780600795865512e-08,64.91280892873814,-64.90047913436388,64.89092339512314,-64.90325419930757,0.0,0.0,0.0,1.0,1.0,1.0,1.0,1.0,1.0
2.7800000000000002,0.0008442944190923521,-0.0010894740426837734,5.5854726207660255,0.0,0.0,5.5600000000000005,-2.36785502826792e-05,-1.8350616218075745e-05,-6.416638910028124e-08,64.91293716326713,-64.90062706485894,64.89108648961076,-64.90339770893829,0.0,0.0,0.0,1.0,1.0,1.0,1.0,1.0,1.0
2.79,0.000843766847273589,-0.0010887932504512429,5.605114249250283,0.0,0.0,5.58,-2.3378694524141867e-05,-1.8118321711076634e-05,-7.055789679843267e-08,64.91302862339917,-64.90074065003311,64.89121711741409,-64.9035063233524,0.0,0.0,0.0,1.0,1.0,1.0,1.0,1.0,1.0
2.8000000000000003,0.0008432218638924365,-0.001088089990324926,5.624759250770968,0.0,0.0,5.6000000000000005,-2.3126112805216948e-05,-1.7922644722286296e-05,-7.697626714795538e-08,64.91308456682341,-64.90082112302652,64.89131649236944,-64.90358128086078,0.0,0.0,0.0,1.0,1.0,1.0,1.0,1.0,1.0
2.81,0.0008426583449151084,-0.0010873628116595565,5.6444075840482455,0.0,0.0,5.62,-2.2900674388792515e-05,-1.774799456491642e-05,-8.341710129891326e-08,64.91310563498189,-64.90086850321413,64.89138415351796,-64.90362274249476,0.0,0.0,0.0,1.0,1.0,1.0,1.0,1.0,1.0
2.82,0.0008420667321600412,-0.0010865993788517685,5.6640589416959815,0.0,0.0,5.64,-2.2567338041823194e-05,-1.7489790244735028e-05,-8.987556727686571e-08,64.91308950293268,-64.90087705013367,64.89141172491017,-64.90362574774082,0.0,0.0,0.0,1.0,1.0,1.0,1.0,1.0,1.0
2.83,0.0008414618547302735,-0.001085818828728445,5.683713838555484,0.0,0.0,5.66,-2.233615272390741e-05,-1.7310715230518524e-05,-9.635620184020133e-08,64.91304375727681,-64.90086130346475,64.89141912035986,-64.90360325741342,0.0,0.0,0.0,1.0,1.0,1.0,1.0,1.0,1.0
2.84,0.0008408420770359313,-0.0010850190524339873,5.703372160542305,0.0,0.0,5.68,-2.2157280272179388e-05,-1.71721776566574e-05,-1.0299928053710743e-07,64.91296989665872,-64.90081838947394,64.89140009485835,-64.90355340133226,0.0,0.0,0.0,1.0,1.0,1.0,1.0,1.0,1.0
2.85,0.0008402054049621423,-0.0010841974773012234,5.723033809901297,0.0,0.0,5.7,-2.1990589572977113e-05,-1.704306532297926e-05,-1.0996002304391787e-07,64.91286735152168,-64.90074585499505,64.89135070735828,-64.90347412477088,0.0,0.0,0.0,1.0,1.0,1.0,1.0,1.0,1.0
2.86,0.0008395519581297319,-0.0010833542577705403,5.742698787680844,0.0,0.0,5.72,-2.1833900434659647e-05,-1.6921677923152245e-05,-1.1717479920384707e-07,64.91273656493196,-64.9006441696192,64.89127144902646,-64.90336589125972,0.0,0.0,0.0,1.0,1.0,1.0,1.0,1.0,1.0
2.87,0.0008388819143293298,-0.0010824896233122073,5.762367089386979,0.0,0.0,5.74,-2.1683820040396836e-05,-1.680539000031453e-05,-1.2453577604680088e-07,64.9125785804039,-64.90051399042002,64.89116268732326,-64.90322945281618,0.0,0.0,0.0,1.0,1.0,1.0,1.0,1.0,1.0
2.88,0.0008381953305233916,-0.0010816036474337609,5.782038713644858,0.0,0.0,5.76,-2.1539132659644146e-05,-1.6693260616442917e-05,-1.3201594360113996e-07,64.91239380569459,-64.9003555788277,64.89102457202172,-64.90306510506831,0.0,0.0,0.0,1.0,1.0,1.0,1.0,1.0,1.0
2.89,0.0008374923030891829,-0.00108069645448116,5.801713658118499,0.0,0.0,5.78,-2.1397597497840886e-05,-1.6583555142333565e-05,-1.3958287539170627e-07,64.91218304339536,-64.9001694783745,64.89085744674105,-64.90287345012797,0.0,0.0,0.0,1.0,1.0,1.0,1.0,1.0,1.0
2.9,0.000836772887388384,-0.001079768115882982,5.821391921471455,0.0,0.0,5.8,-2.125793467905523e-05,-1.6475282820841888e-05,-1.472174223717312e-07,64.91194675011815,-64.89995599743125,64.89066150554196,-64.90265482996242,0.0,0.0,0.0,1.0,1.0,1.0,1.0,1.0,1.0
2.91,0.0008360377101582991,-0.0010788194400772326,5.841073473678474,0.0,0.0,5.82,-2.1108837874975983e-05,-1.6359691835141117e-05,-1.5479028120248633e-07,64.91168943616371,-64.89971880810926,64.89043977635717,-64.90241310843507,0.0,0.0,0.0,1.0,1.0,1.0,1.0,1.0,1.0
2.92,0.0008352865164470478,-0.0010778500981966665,5.860758326880629,0.0,0.0,5.84,-2.0954922003813815e-05,-1.6240354428280345e-05,-1.623544823875626e-07,64.91140926354623,-64.89945641750653,64.89019103151522,-64.90214671371699,0.0,0.0,0.0,1.0,1.0,1.0,1.0,1.0,1.0
2.93,0.0008345193062546297,-0.0010768600902412843,5.880446481077922,0.0,0.0,5.86,-2.07961870655278e-05,-1.611727060031225e-05,-1.699100276545532e-07,64.91110623226562,-64.89916882562295,64.889915271016,-64.90185564580817,0.0,0.0,0.0,1.0,1.0,1.0,1.0,1.0,1.0
2.94,0.0008337361238412729,-0.0010758494732879492,5.900137933520637,0.0,0.0,5.88,-2.0632184973741638e-05,-1.599009358045624e-05,-1.7745520933690125e-07,64.91078058889855,-64.89885628464383,64.88961275136356,-64.90154015557415,0.0,0.0,0.0,1.0,1.0,1.0,1.0,1.0,1.0
2.95,0.0008329374205985479,-0.0010748188294397436,5.91983265616562,0.0,0.0,5.9,-2.04583458830701e-05,-1.5855286797935718e-05,-1.8497259610533272e-07,64.91043484813606,-64.89852136646097,64.88928608849444,-64.90120280144626,0.0,0.0,0.0,1.0,1.0,1.0,1.0,1.0,1.0
2.96,0.000832123082361557,-0.0010737680114725205,5.9395306561054815,0.0,0.0,5.92,-2.0275825588005666e-05,-1.571374471405432e-05,-1.9246660097226248e-07,64.91006837396371,-64.89816342059278,64.88893462078744,-64.90084293634749,0.0,0.0,0.0,1.0,1.0,1.0,1.0,1.0,1.0
2.97,0.0008312931941086408,-0.0010726971289721856,5.959231928060854,0.0,0.0,5.94,-2.0083763775831898e-05,-1.556480153906981e-05,-1.9993394589950397e-07,64.90968163980094,-64.8977829312272,64.88855884072235,-64.90046104193188,0.0,0.0,0.0,1.0,1.0,1.0,1.0,1.0,1.0
2.98,0.0008304478408181403,-0.0010716062915246446,5.978936466752374,0.0,0.0,5.96,-1.988130013382398e-05,-1.5407791483250837e-05,-2.073713535605958e-07,64.90927511905392,-64.89738038253886,64.88815924076567,-64.9000575998402,0.0,0.0,0.0,1.0,1.0,1.0,1.0,1.0,1.0
2.99,0.0008295871074683958,-0.0010704956087158033,5.9986442669006745,0.0,0.0,5.98,-1.9667574349248913e-05,-1.5242048756876648e-05,-2.1477554740726833e-07,64.9088492851404,-64.89695625871404,64.88773631339554,-64.89963309172485,0.0,0.0,0.0,1.0,1.0,1.0,1.0,1.0,1.0
3.0,0.000828711582259216,-0.0010693658392145428,6.018355294544661,0.0,0.0,6.0,-1.943848085093294e-05,-1.5064397245360587e-05,-2.2209338379840178e-07,64.90840674848354,-64.89651318021137,64.88729268896752,-64.89919013697755,0.0,0.0,0.0,1.0,1.0,1.0,1.0,1.0,1.0
3.0100000000000002,0.0008278214069987808,-0.0010682171659090497,6.038069541165883,0.0,0.0,6.0200000000000005,-1.919279283237639e-05,-1.487388766284726e-05,-2.293159581700462e-07,64.90794822383388,-64.89605187246713,64.88682910139103,-64.89872945866642,0.0,0.0,0.0,1.0,1.0,1.0,1.0,1.0,1.0
3.02,0.0008269167356457377,-0.001067049787359858,6.057786997553354,0.0,0.0,6.04,-1.892920512911698e-05,-1.4669510110775116e-05,-2.3643316345311503e-07,64.90747447754191,-64.89557311249978,64.88634633619642,-64.89825183147727,0.0,0.0,0.0,1.0,1.0,1.0,1.0,1.0,1.0
3.0300000000000002,0.0008259978293212493,-0.0010658640403516592,6.0775076483882335,0.0,0.0,6.0600000000000005,-1.8645721489203737e-05,-1.4449720109410363e-05,-2.4342427525170816e-07,64.90698673103792,-64.89507813225161,64.88584563417967,-64.89775848533208,0.0,0.0,0.0,1.0,1.0,1.0,1.0,1.0,1.0
3.04,0.0008250649691244285,-0.0010646602874378156,6.097231477213011,0.0,0.0,6.08,-1.8340216823542397e-05,-1.4212873518840884e-05,-2.5026659213124257e-07,64.90648629059,-64.89456824847353,64.88532832100907,-64.89725073501971,0.0,0.0,0.0,1.0,1.0,1.0,1.0,1.0,1.0
3.0500000000000003,0.0008241184561323389,-0.0010634389169403586,6.116958466431505,0.0,0.0,6.1000000000000005,-1.8010437205897705e-05,-1.3957226538973172e-05,-2.5693543610572923e-07,64.90597454731723,-64.89404486273843,64.88479580723859,-64.89672998020926,0.0,0.0,0.0,1.0,1.0,1.0,1.0,1.0,1.0
3.06,0.0008231586113999944,-0.0010622003429499875,6.136688597308871,0.0,0.0,6.12,-1.7653999872896588e-05,-1.3680935709528418e-05,-2.6340415319517166e-07,64.90545297716302,-64.89350946141441,64.88424958828115,-64.8961977054233,0.0,0.0,0.0,1.0,1.0,1.0,1.0,1.0,1.0
3.0700000000000003,0.0008221852808263831,-0.001060944367042251,6.156421863368053,0.0,0.0,6.140000000000001,-1.7303207805429026e-05,-1.3409012227344447e-05,-2.69921050347618e-07,64.90491254800271,-64.89295578356575,64.88368554156749,-64.89564702124133,0.0,0.0,0.0,1.0,1.0,1.0,1.0,1.0,1.0
3.08,0.0008211987511646893,-0.0010596713589822021,6.1761582511068465,0.0,0.0,6.16,-1.6948908128096767e-05,-1.3134370403673706e-05,-2.7641247041264447e-07,64.90435646726489,-64.89238643685992,64.88310581258486,-64.89508067162498,0.0,0.0,0.0,1.0,1.0,1.0,1.0,1.0,1.0
3.09,0.0008201993473901581,-0.001058381737859391,6.195897743893993,0.0,0.0,6.18,-1.658372905694302e-05,-1.2851303826073158e-05,-2.8281558952715903e-07,64.90378756029305,-64.8918038238008,64.88251247840907,-64.89450115539223,0.0,0.0,0.0,1.0,1.0,1.0,1.0,1.0,1.0
3.1,0.0008191872947246335,-0.0010570757941813357,6.215640327336923,0.0,0.0,6.2,-1.6208294596247615e-05,-1.2560296689081536e-05,-2.891304543755075e-07,64.90320625469576,-64.89120859106198,64.88190635542004,-64.8939090698588,0.0,0.0,0.0,1.0,1.0,1.0,1.0,1.0,1.0
3.11,0.0008181628183899596,-0.0010557538184555546,6.2353859870430615,0.0,0.0,6.22,-1.5823228750298618e-05,-1.2261833187226974e-05,-2.953571111698127e-07,64.90261297808831,-64.8906013853238,64.88128826000447,-64.89330501234708,0.0,0.0,0.0,1.0,1.0,1.0,1.0,1.0,1.0
3.12,0.000817126143607981,-0.0010544161011895653,6.255134708619839,0.0,0.0,6.24,-1.5429155523392044e-05,-1.1956397515027187e-05,-3.014956056018836e-07,64.90200815807759,-64.88998285325823,64.88065900854056,-64.8926895801711,0.0,0.0,0.0,1.0,1.0,1.0,1.0,1.0,1.0
3.13,0.0008160774956005415,-0.001053062932890886,6.2748864776746816,0.0,0.0,6.26,-1.5026698919831781e-05,-1.1644473866989912e-05,-3.0754598279814317e-07,64.90139222227727,-64.88935364154395,64.88001941741337,-64.89206337065157,0.0,0.0,0.0,1.0,1.0,1.0,1.0,1.0,1.0
3.14,0.0008150170995894857,-0.0010516946040670344,6.294641279815017,0.0,0.0,6.28,-1.4616482943929175e-05,-1.1326546437612994e-05,-3.1350828727758015e-07,64.90076559830091,-64.8887143968596,64.8793703030078,-64.89142698110918,0.0,0.0,0.0,1.0,1.0,1.0,1.0,1.0,1.0
3.15,0.0008139451807966576,-0.001050311405225529,6.314399100648274,0.0,0.0,6.3,-1.4199131600003031e-05,-1.1003099421384843e-05,-3.193825629127203e-07,64.90012871375545,-64.88806576587719,64.87871248170218,-64.89078100885794,0.0,0.0,0.0,1.0,1.0,1.0,1.0,1.0,1.0
3.16,0.0008128625420820613,-0.0010489143729767473,6.334159898775944,0.0,0.0,6.32,-1.377576221240927e-05,-1.06749956420496e-05,-3.251048070799086e-07,64.89948248532075,-64.88740772154523,64.87804519637753,-64.89012563939212,0.0,0.0,0.0,1.0,1.0,1.0,1.0,1.0,1.0
3.17,0.0008117696011176789,-0.0010475040464052727,6.353923650807954,0.0,0.0,6.34,-1.3347163143615284e-05,-1.034284544091161e-05,-3.306537237395598e-07,64.89882750355943,-64.88674068608576,64.87736873918693,-64.88946133283342,0.0,0.0,0.0,1.0,1.0,1.0,1.0,1.0,1.0
3.18,0.0008106663275988188,-0.0010460803859693077,6.373690354298203,0.0,0.0,6.36,-1.2913740170797552e-05,-1.0006965520291165e-05,-3.360576856851954e-07,64.89816397972686,-64.88606560419888,64.8766846225646,-64.88878886866694,0.0,0.0,0.0,1.0,1.0,1.0,1.0,1.0,1.0
3.19,0.0008095530379952024,-0.0010446438000361426,6.393459990588063,0.0,0.0,6.38,-1.2476195226719148e-05,-9.667899885593402e-06,-3.4130661620082594e-07,64.89749241869417,-64.88538301613717,64.8759934143346,-64.88810877915927,0.0,0.0,0.0,1.0,1.0,1.0,1.0,1.0,1.0
3.2,0.000808430055379538,-0.0010431947055017765,6.413232540710206,0.0,0.0,6.4,-1.2035235883303627e-05,-9.32619687031925e-06,-3.463897055467837e-07,64.89681333092118,-64.88469345444992,64.87529566433243,-64.88742159186756,0.0,0.0,0.0,1.0,1.0,1.0,1.0,1.0,1.0
3.21,0.0008072977094275219,-0.001041733527790918,6.433007985388598,0.0,0.0,6.42,-1.15915753516356e-05,-8.982409136065079e-06,-3.512954109295914e-07,64.89612723245317,-64.88399744397998,64.87459190440175,-64.88672782963633,0.0,0.0,0.0,1.0,1.0,1.0,1.0,1.0,1.0
3.22,0.000806156336417837,-0.0010402607008569837,6.452786305038496,0.0,0.0,6.44,-1.1145932481960897e-05,-8.63709367252212e-06,-3.560114564755205e-07,64.89543464493921,-64.88329550188205,64.87388264841276,-64.88602801061568,0.0,0.0,0.0,1.0,1.0,1.0,1.0,1.0,1.0
3.23,0.0008050062792321537,-0.0010387766671821,6.472567479766458,0.0,0.0,6.459999999999999,-1.0699031763687026e-05,-8.290811797476231e-06,-3.605248332079447e-07,64.89473609560041,-64.88258813759091,64.87316839223044,-64.88532264822962,0.0,0.0,0.0,1.0,1.0,1.0,1.0,1.0,1.0
3.24,0.0008038478873551302,-0.0010372818777771022,6.4923514893703365,0.0,0.0,6.480000000000001,-1.0251603325383212e-05,-7.944129156807484e-06,-3.6482179902860205e-07,64.89403211726332,-64.88187585285493,64.87244961374795,-64.88461225120949,0.0,0.0,0.0,1.0,1.0,1.0,1.0,1.0,1.0
3.25,0.0008026815168744117,-0.0010357767921815334,6.512138313339269,0.0,0.0,6.5,-9.80438293478071e-06,-7.597615724490126e-06,-3.6888787870287265e-07,64.89332324833829,-64.88115914171428,64.87172677286497,-64.88389732357228,0.0,0.0,0.0,1.0,1.0,1.0,1.0,1.0,1.0
3.2600000000000002,0.0008015075304806306,-0.0010342618784636474,6.531927930853703,0.0,0.0,6.5200000000000005,-9.358111998772677e-06,-7.25184580259238e-06,-3.727078638491843e-07,64.89261003282604,-64.88043849050757,64.87100031149431,-64.88317836462721,0.0,0.0,0.0,1.0,1.0,1.0,1.0,1.0,1.0
3.27,0.0008003262974674069,-0.0010327376132204054,6.551720320785367,0.0,0.0,6.540000000000001,-8.913537563414315e-06,-6.907398021276634e-06,-3.7626581293265815e-07,64.89189302032615,-64.87971437788039,64.87027065357037,-64.88245586898418,0.0,0.0,0.0,1.0,1.0,1.0,1.0,1.0,1.0
3.2800000000000002,0.0007991374596090969,-0.0010312035351505388,6.571515362564768,0.0,0.0,6.5600000000000005,-8.487325941652397e-06,-6.577161738759279e-06,-3.799598256193299e-07,64.89116369285055,-64.87897983575668,64.8695320219382,-64.88172251653066,0.0,0.0,0.0,1.0,1.0,1.0,1.0,1.0,1.0
3.29,0.0007979417732316496,-0.0010296606194270873,6.591313115846982,0.0,0.0,6.58,-8.068299594921457e-06,-6.2524947894582375e-06,-3.83484030656417e-07,64.89042918958395,-64.87824103741741,64.86878984902378,-64.88098470025305,0.0,0.0,0.0,1.0,1.0,1.0,1.0,1.0,1.0
3.3000000000000003,0.0007967395501597539,-0.0010281092684557224,6.611113559361395,0.0,0.0,6.6,-7.657507140183131e-06,-5.934209223797298e-06,-3.86835919043107e-07,64.88968983228693,-64.87749835266975,64.86804454182388,-64.88024277905777,0.0,0.0,0.0,1.0,1.0,1.0,1.0,1.0,1.0
3.31,0.0007955311017405395,-0.001026549884026582,6.63091667176298,0.0,0.0,6.62,-7.256008776169012e-06,-5.623126048389213e-06,-3.900132751800434e-07,64.8889459361982,-64.87675214587367,64.86729650271344,-64.87949710615973,0.0,0.0,0.0,1.0,1.0,1.0,1.0,1.0,1.0
3.3200000000000003,0.0007943167393211365,-0.0010249828679298055,6.650722431706713,0.0,0.0,6.640000000000001,-6.8648647016135965e-06,-5.320066269842816e-06,-3.930138823354067e-07,64.8881978165513,-64.87600278138397,64.86654613406225,-64.87874803476879,0.0,0.0,0.0,1.0,1.0,1.0,1.0,1.0,1.0
3.33,0.0007930967742486749,-0.0010234086219555302,6.670530817847565,0.0,0.0,6.659999999999999,-6.485135115253627e-06,-5.025850894764193e-06,-3.9583552272559837e-07,64.88744578858328,-64.87525062355894,64.86579383824355,-64.8779959180982,0.0,0.0,0.0,1.0,1.0,1.0,1.0,1.0,1.0
3.34,0.0007918715178702842,-0.0010218275478938949,6.690341808840513,0.0,0.0,6.68,-6.117880215827143e-06,-4.741300929757631e-06,-3.9847597760463125e-07,64.88669016753279,-64.87449603675844,64.86504001763221,-64.87724110936281,0.0,0.0,0.0,1.0,1.0,1.0,1.0,1.0,1.0
3.35,0.0007906412815330943,-0.001020240047535038,6.710155383340531,0.0,0.0,6.7,-5.7641602020727034e-06,-4.467237381426772e-06,-4.009330273622209e-07,64.88593126863175,-64.87373938533568,64.86428507459641,-64.87648396177084,0.0,0.0,0.0,1.0,1.0,1.0,1.0,1.0,1.0
3.36,0.0007894063765842354,-0.0010186465226690975,6.729971520002594,0.0,0.0,6.720000000000001,-5.425035272728564e-06,-4.204481256375729e-06,-4.0320445163058385e-07,64.88516940711722,-64.87298103364886,64.86352941150938,-64.87572482853548,0.0,0.0,0.0,1.0,1.0,1.0,1.0,1.0,1.0
3.37,0.0007881671143708369,-0.0010170473750862117,6.749790197481674,0.0,0.0,6.74,-5.101565626531704e-06,-3.9538535612101675e-06,-4.052880293999403e-07,64.88440489822612,-64.87222134605618,64.86277343074433,-64.87496406286992,0.0,0.0,0.0,1.0,1.0,1.0,1.0,1.0,1.0
3.38,0.0007869238062400291,-0.0010154430065765195,6.769611394432746,0.0,0.0,6.76,-4.794811462217037e-06,-3.7161753025385237e-06,-4.071815391427183e-07,64.88363805719385,-64.87146068691422,64.86201753467282,-64.87420201798572,0.0,0.0,0.0,1.0,1.0,1.0,1.0,1.0,1.0
3.39,0.0007856767635389415,-0.0010138338189301587,6.789435089510787,0.0,0.0,6.779999999999999,-4.505832978516393e-06,-3.4922674869731278e-06,-4.0888275894646545e-07,64.88286919925399,-64.87069942057776,64.86126212566468,-64.8734390470927,0.0,0.0,0.0,1.0,1.0,1.0,1.0,1.0,1.0
3.4,0.0007844262976147043,-0.001012220213937268,6.809261261370769,0.0,0.0,6.8,-4.2356903741576955e-06,-3.282951121131473e-06,-4.103894666554634e-07,64.88209863964862,-64.86993791141008,64.86050760609822,-64.87267550340914,0.0,0.0,0.0,1.0,1.0,1.0,1.0,1.0,1.0
3.41,0.0007831727198144473,-0.001010602593387985,6.829089888667665,0.0,0.0,6.82,-3.985443847863896e-06,-3.0890472116373684e-06,-4.1169944002104633e-07,64.88132669361134,-64.869176523766,64.85975437834328,-64.87191174014488,0.0,0.0,0.0,1.0,1.0,1.0,1.0,1.0,1.0
3.42,0.0007819149682239169,-0.0010089795870710965,6.8489209457699305,0.0,0.0,6.840000000000001,-3.7329996421749867e-06,-2.893442039187345e-06,-4.1281201948113903e-07,64.88055435540838,-64.86841436904054,64.85900009629228,-64.87114729405197,0.0,0.0,0.0,1.0,1.0,1.0,1.0,1.0,1.0
3.43,0.0007806527855876566,-0.0010073508630747926,6.8687544095576865,0.0,0.0,6.860000000000001,-3.4698309976536154e-06,-2.6895306887237894e-06,-4.1372564449937824e-07,64.87978222144183,-64.86765129281044,64.85824402431378,-64.87038218029709,0.0,0.0,0.0,1.0,1.0,1.0,1.0,1.0,1.0
3.44,0.0007793875908290446,-0.0010057182523611325,6.888590262143121,0.0,0.0,6.88,-3.2156724689606646e-06,-2.492599058082452e-06,-4.1443684247854527e-07,64.87901005927382,-64.8668886699685,64.85748878149518,-64.8696174105763,0.0,0.0,0.0,1.0,1.0,1.0,1.0,1.0,1.0
3.45,0.0007781195983711446,-0.0010040820316533318,6.9084284818786665,0.0,0.0,6.9,-2.9699500607510476e-06,-2.3022023304024634e-06,-4.149435081100915e-07,64.87823823207664,-64.86612677644924,64.85673457623312,-64.86885328048724,0.0,0.0,0.0,1.0,1.0,1.0,1.0,1.0,1.0
3.46,0.0007768490180134879,-0.0010024424717085846,6.928269047102323,0.0,0.0,6.92,-2.7320118223186455e-06,-2.117835305714237e-06,-4.1524354201801373e-07,64.87746710529541,-64.86536588395528,64.85598160765728,-64.8680900828654,0.0,0.0,0.0,1.0,1.0,1.0,1.0,1.0,1.0
3.47,0.0007755760549320725,-0.001000799837318063,6.948111936137664,0.0,0.0,6.94,-2.5011278475965865e-06,-1.9389324009389127e-06,-4.1533485079228515e-07,64.87669704666145,-64.86460625997084,64.85523006564371,-64.86732810779736,0.0,0.0,0.0,1.0,1.0,1.0,1.0,1.0,1.0
3.48,0.0007743009096793633,-0.0009991543873069187,6.9679571272938245,0.0,0.0,6.959999999999999,-2.276490275157819e-06,-1.764867649887812e-06,-4.152153470189722e-07,64.87592842619574,-64.86384816776506,64.85448013081826,-64.8665676426244,0.0,0.0,0.0,1.0,1.0,1.0,1.0,1.0,1.0
3.49,0.0007730237781842924,-0.0009975063745342808,6.987804598865512,0.0,0.0,6.980000000000001,-2.0572132882156075e-06,-1.5949547032616134e-06,-4.1488294930857545e-07,64.87516161621049,-64.86309186639365,64.85373197455823,-64.86580897194389,0.0,0.0,0.0,1.0,1.0,1.0,1.0,1.0,1.0
3.5,0.0007717448517522581,-0.000995856045893258,7.007654329132999,0.0,0.0,7.0,-1.8423331146243164e-06,-1.4284468286495142e-06,-4.1433558232430695e-07,64.87439699129077,-64.86233761068048,64.8529857589739,-64.86505237759108,0.0,0.0,0.0,1.0,1.0,1.0,1.0,1.0,1.0
3.5100000000000002,0.0007704643170651268,-0.0009942036423109372,7.027506296362127,0.0,0.0,7.0200000000000005,-1.630808026880129e-06,-1.2645369105281284e-06,-4.13571176812174e-07,64.87363492832297,-64.8615856512461,64.85224163693704,-64.86429813866744,0.0,0.0,0.0,1.0,1.0,1.0,1.0,1.0,1.0
3.52,0.000769182356181231,-0.000992549398748384,7.047360478804307,0.0,0.0,7.040000000000001,-1.4215183421220535e-06,-1.1023574502603579e-06,-4.1258766963490644e-07,64.872875806468,-64.86083623448089,64.85149975205414,-64.86354653151395,0.0,0.0,0.0,1.0,1.0,1.0,1.0,1.0,1.0
3.5300000000000002,0.0007678991465353702,-0.000990893544200642,7.067216854696517,0.0,0.0,7.0600000000000005,-1.2132664221328783e-06,-9.409805660939943e-07,-4.11383003811929e-07,64.87212000717466,-64.86008960255843,64.85076023867971,-64.86279782972439,0.0,0.0,0.0,1.0,1.0,1.0,1.0,1.0,1.0
3.54,0.0007666148609388113,-0.0009892363016967341,7.087075402261301,0.0,0.0,7.08,-1.0047766733404053e-06,-7.794179931602875e-07,-4.0995512856774777e-07,64.8713679141881,-64.85934599344401,64.85002322192483,-64.86205230415389,0.0,0.0,0.0,1.0,1.0,1.0,1.0,1.0,1.0
3.5500000000000003,0.0007653296675792877,-0.0009875778882996616,7.106936099706776,0.0,0.0,7.1,-7.946955468186464e-07,-6.166210834722414e-07,-4.0830199939127884e-07,64.87061991352459,-64.85860564086931,64.8492888176318,-64.86131022289361,0.0,0.0,0.0,1.0,1.0,1.0,1.0,1.0,1.0
3.56,0.0007640437300210001,-0.0009859185151064047,7.126798925226621,0.0,0.0,7.12,-5.815915382892952e-07,-4.5148080592287037e-07,-4.064215781088182e-07,64.86987639350345,-64.85786877436445,64.84855713240617,-64.86057185130272,0.0,0.0,0.0,1.0,1.0,1.0,1.0,1.0,1.0
3.5700000000000003,0.0007627572072046155,-0.0009842583872479206,7.146663857000087,0.0,0.0,7.140000000000001,-3.639551881231722e-07,-2.8282774628317797e-07,-4.043118329735106e-07,64.8691377447134,-64.85713561922428,64.8478282635831,-64.85983745197473,0.0,0.0,0.0,1.0,1.0,1.0,1.0,1.0,1.0
3.58,0.0007614702534472689,-0.000982597703889147,7.166530873191992,0.0,0.0,7.159999999999999,-1.4019908134194548e-07,-1.0943210720008994e-07,-4.019707387743475e-07,64.8684043600362,-64.856406396532,64.84710229925086,-64.85910728476114,0.0,0.0,0.0,1.0,1.0,1.0,1.0,1.0,1.0
3.59,0.0007601830184425612,-0.0009809366582289993,7.186399951952722,0.0,0.0,7.18,9.134215238016218e-08,6.999629180588832e-08,-3.9939627696787875e-07,64.86767663464819,-64.85568132316072,64.84637931825256,-64.85838160677295,0.0,0.0,0.0,1.0,1.0,1.0,1.0,1.0,1.0
3.6,0.0007588952088262989,-0.0009792748707605512,7.2062710152907705,0.0,0.0,7.2,3.0052037518989767e-07,2.3210100520675454e-07,-3.967508943606289e-07,64.86694412869053,-64.85495365447704,64.84565543532494,-64.85765284035931,0.0,0.0,0.0,1.0,1.0,1.0,1.0,1.0,1.0
3.61,0.0007576071316505668,-0.0009776127376609465,7.226144037975712,0.0,0.0,7.220000000000001,4.835700623313627e-07,3.7396521244248197e-07,-3.940439626539951e-07,64.86620637789409,-64.85422328726165,64.84493082664969,-64.85692080081577,0.0,0.0,0.0,1.0,1.0,1.0,1.0,1.0,1.0
3.62,0.0007563193589972517,-0.0009759509979044912,7.246019040060059,0.0,0.0,7.24,6.641493545191342e-07,5.139175937690594e-07,-3.9115145367597246e-07,64.86547176112323,-64.85349568355178,64.8442086971544,-64.8561916077304,0.0,0.0,0.0,1.0,1.0,1.0,1.0,1.0,1.0
3.63,0.0007550320812853503,-0.0009742898972225212,7.265895998837744,0.0,0.0,7.26,8.425313625866099e-07,6.521698272708527e-07,-3.8807424115875985e-07,64.86474045486838,-64.85277097960125,64.84348915191927,-64.85546540643529,0.0,0.0,0.0,1.0,1.0,1.0,1.0,1.0,1.0
3.64,0.0007537454889338592,-0.000972629681346372,7.285774891602706,0.0,0.0,7.279999999999999,1.0189891973671428e-06,7.889335910323505e-07,-3.848131989977858e-07,64.86401263560477,-64.85204931164864,64.84277229600933,-64.85474234224736,0.0,0.0,0.0,1.0,1.0,1.0,1.0,1.0,1.0
3.65,0.0007524597723617757,-0.0009709705960073793,7.305655695648884,0.0,0.0,7.3,1.1937959696937736e-06,9.244205631383777e-07,-3.8136920124735114e-07,64.86328847981441,-64.85133081593935,64.84205823449638,-64.85402256049032,0.0,0.0,0.0,1.0,1.0,1.0,1.0,1.0,1.0
3.66,0.0007511751219880964,-0.0009693128869368787,7.325538388270215,0.0,0.0,7.32,1.3672247903990924e-06,1.0588424216744e-06,-3.777431221168471e-07,64.86256816397426,-64.85061562871368,64.84134707244712,-64.85330620648278,0.0,0.0,0.0,1.0,1.0,1.0,1.0,1.0,1.0
3.67,0.0007498917282318179,-0.0009676567998662058,7.345422946760636,0.0,0.0,7.340000000000001,1.539548770314982e-06,1.1924108447267322e-06,-3.739358359675566e-07,64.86185186456463,-64.84990388621533,64.84063891493167,-64.85259342554677,0.0,0.0,0.0,1.0,1.0,1.0,1.0,1.0,1.0
3.68,0.0007486097815119369,-0.0009660025805266961,7.365309348414086,0.0,0.0,7.360000000000001,1.711041020272479e-06,1.3253375103828413e-06,-3.6994821731002654e-07,64.86113975806411,-64.84919572468628,64.83993386701844,-64.85188436300258,0.0,0.0,0.0,1.0,1.0,1.0,1.0,1.0,1.0
3.69,0.0007473294722474507,-0.0009643504746496853,7.3851975705245,0.0,0.0,7.38,1.8819746511015216e-06,1.4578340967315462e-06,-3.6578114080202515e-07,64.8604320209514,-64.84849128036858,64.83923203377586,-64.85117916417053,0.0,0.0,0.0,1.0,1.0,1.0,1.0,1.0,1.0
3.7,0.0007460509908573556,-0.0009627007279665089,7.405087590385818,0.0,0.0,7.4,2.0526227736308155e-06,1.590112281863319e-06,-3.6143548124707284e-07,64.8597288297101,-64.84779068950922,64.83853352027734,-64.85047797437596,0.0,0.0,0.0,1.0,1.0,1.0,1.0,1.0,1.0
3.71,0.0007447745277606489,-0.0009610535862085029,7.4249793852919765,0.0,0.0,7.42,2.223258498687583e-06,1.7223837438704782e-06,-3.569121135935534e-07,64.85903036081719,-64.84709408834857,64.83783843158965,-64.84978093893753,0.0,0.0,0.0,1.0,1.0,1.0,1.0,1.0,1.0
3.72,0.0007435002733763269,-0.0009594092951070026,7.444872932536914,0.0,0.0,7.44,2.394154937097437e-06,1.8548601608474845e-06,-3.522119129344019e-07,64.85833679075296,-64.84640161313031,64.83714687278285,-64.8490882031772,0.0,0.0,0.0,1.0,1.0,1.0,1.0,1.0,1.0
3.73,0.0007422284181233867,-0.0009577681003933436,7.464768209414566,0.0,0.0,7.459999999999999,2.5655851996841276e-06,1.987753210891133e-06,-3.473357545073726e-07,64.85764829599438,-64.84571340009478,64.83645894892369,-64.84839991241364,0.0,0.0,0.0,1.0,1.0,1.0,1.0,1.0,1.0
3.74,0.0007409591524208249,-0.0009561302477988615,7.484665193218873,0.0,0.0,7.480000000000001,2.7378223972694248e-06,2.1212745721008397e-06,-3.422845136958821e-07,64.85696505302846,-64.84502958549238,64.83577476508896,-64.84771621197552,0.0,0.0,0.0,1.0,1.0,1.0,1.0,1.0,1.0
3.75,0.0007396926666876385,-0.0009544959830548922,7.50456386124377,0.0,0.0,7.5,2.9111396406728688e-06,2.255635922578833e-06,-3.3705906603043503e-07,64.85628723832376,-64.8443503055551,64.83509442633701,-64.84703724717309,0.0,0.0,0.0,1.0,1.0,1.0,1.0,1.0,1.0
3.7600000000000002,0.0007384291513428241,-0.0009528655518927712,7.5244641907831955,0.0,0.0,7.5200000000000005,3.0858100407116527e-06,2.39104894043043e-06,-3.3166028719062183e-07,64.85561502836897,-64.84367569653499,64.8344180377463,-64.8463631633367,0.0,0.0,0.0,1.0,1.0,1.0,1.0,1.0,1.0
3.77,0.0007371687968053787,-0.0009512392000438339,7.544366159131088,0.0,0.0,7.540000000000001,3.262106708200379e-06,2.527725303764228e-06,-3.260890530077007e-07,64.85494859963937,-64.84300589467075,64.8337457043819,-64.84569410578335,0.0,0.0,0.0,1.0,1.0,1.0,1.0,1.0,1.0
3.7800000000000002,0.0007359117934942988,-0.000949617173239416,7.564269743581384,0.0,0.0,7.5600000000000005,3.4403027539509453e-06,2.665876690692378e-06,-3.2034623946775303e-07,64.85428812861358,-64.8423410362044,64.8330775313122,-64.84503021983328,0.0,0.0,0.0,1.0,1.0,1.0,1.0,1.0,1.0
3.79,0.0007346583318285817,-0.0009479997172108532,7.584174921428021,0.0,0.0,7.58,3.620671288772306e-06,2.8057147793307617e-06,-3.144327227154207e-07,64.85363379177527,-64.84168125738303,64.83241362361065,-64.84437165081187,0.0,0.0,0.0,1.0,1.0,1.0,1.0,1.0,1.0
3.8000000000000003,0.0007334086022272236,-0.0009463870776894812,7.604081669964938,0.0,0.0,7.6,3.8034854234703585e-06,2.947451247799268e-06,-3.083493790582174e-07,64.85298576559968,-64.8410266944453,64.83175408634227,-64.84371854403602,0.0,0.0,0.0,1.0,1.0,1.0,1.0,1.0,1.0
3.81,0.0007321627951092218,-0.0009447795004066355,7.62398996648607,0.0,0.0,7.62,3.989018268847715e-06,3.091297774221969e-06,-3.0209708497142285e-07,64.85234422657219,-64.84037748364,64.8310990245822,-64.84307104483277,0.0,0.0,0.0,1.0,1.0,1.0,1.0,1.0,1.0
3.8200000000000003,0.0007309207897352091,-0.0009431768292884558,7.643899808191338,0.0,0.0,7.640000000000001,4.176088533639562e-06,3.236337113983109e-06,-2.956903919939257e-07,64.85170859275625,-64.83973344075018,64.830448562055,-64.84242887946127,0.0,0.0,0.0,1.0,1.0,1.0,1.0,1.0,1.0
3.83,0.000729680000388377,-0.0009415757251850029,7.663811349974618,0.0,0.0,7.659999999999999,4.3519932428197024e-06,3.3727087657650692e-06,-2.8925218101252476e-07,64.85107227414093,-64.83909184294613,64.82980297032178,-64.841788454448,0.0,0.0,0.0,1.0,1.0,1.0,1.0,1.0,1.0
3.84,0.0007284431191473558,-0.0009399796642721604,7.68372440908919,0.0,0.0,7.68,4.528698649267277e-06,3.509700751986794e-06,-2.826733823788798e-07,64.85044154470081,-64.83845540287376,64.82916220442766,-64.84115328426142,0.0,0.0,0.0,1.0,1.0,1.0,1.0,1.0,1.0
3.85,0.0007272102905511018,-0.000938388833035423,7.703638965764112,0.0,0.0,7.7,4.706263413431652e-06,3.647358292032257e-06,-2.759568882716818e-07,64.84981646908362,-64.83782420952049,64.82852637218865,-64.84052345242841,0.0,0.0,0.0,1.0,1.0,1.0,1.0,1.0,1.0
3.86,0.0007259816576603186,-0.0009368034160513887,7.723555000323011,0.0,0.0,7.720000000000001,4.884739286186134e-06,3.7857212419971203e-06,-2.691056558663721e-07,64.84919710834018,-64.83719835035743,64.82789558151559,-64.83989904049113,0.0,0.0,0.0,1.0,1.0,1.0,1.0,1.0,1.0
3.87,0.0007247573620574579,-0.0009352235959877582,7.743472493184085,0.0,0.0,7.74,5.064171108828129e-06,3.924824094688673e-06,-2.621227073307346e-07,64.84858351991257,-64.83657791132762,64.82726994040226,-64.83928012799524,0.0,0.0,0.0,1.0,1.0,1.0,1.0,1.0,1.0
3.88,0.0007235375438467211,-0.0009336495536033355,7.763391424860098,0.0,0.0,7.76,5.24459681307917e-06,4.064695979625625e-06,-2.550111298204357e-07,64.84797575765103,-64.8359629768629,64.82664955694236,-64.83866679250673,0.0,0.0,0.0,1.0,1.0,1.0,1.0,1.0,1.0
3.89,0.0007223223416540561,-0.0009320814677480279,7.783311775958388,0.0,0.0,7.779999999999999,5.426047421085093e-06,4.2053606630380425e-06,-2.47774075474499e-07,64.84737387178866,-64.8353536298586,64.8260345393041,-64.83805910958668,0.0,0.0,0.0,1.0,1.0,1.0,1.0,1.0,1.0
3.9,0.0007211118926271603,-0.0009305195153628455,7.803233527180855,0.0,0.0,7.8,5.608547045416095e-06,4.3468365478671374e-06,-2.40414761410711e-07,64.84677790897344,-64.8347499517056,64.82542499576233,-64.83745715282323,0.0,0.0,0.0,1.0,1.0,1.0,1.0,1.0,1.0
3.91,0.0007199063324354788,-0.0009289638714799019,7.823156659323979,0.0,0.0,7.82,5.792112889066917e-06,4.48913667376516e-06,-2.3293646972094838e-07,64.84618791222783,-64.83415202224985,64.82482103465807,-64.83686099379122,0.0,0.0,0.0,1.0,1.0,1.0,1.0,1.0,1.0
3.92,0.0007187057952702052,-0.0009274147092224136,7.843081153278798,0.0,0.0,7.840000000000001,5.976755245456898e-06,4.632268717095183e-06,-2.2534254746642786e-07,64.84560392099417,-64.83355991983787,64.82422276444393,-64.83627070209755,0.0,0.0,0.0,1.0,1.0,1.0,1.0,1.0,1.0
3.93,0.000717510413844281,-0.0009258721998047001,7.8630069900309305,0.0,0.0,7.860000000000001,6.1624774984301845e-06,4.776234990930996e-06,-2.176364066728682e-07,64.84502597108929,-64.8329737212713,64.82363029363874,-64.83568634533586,0.0,0.0,0.0,1.0,1.0,1.0,1.0,1.0,1.0
3.94,0.0007163203193923964,-0.0009243365125321843,7.882934150660553,0.0,0.0,7.88,6.349276122255796e-06,4.921032445056856e-06,-2.0982152432557072e-07,64.84445409474486,-64.83239350184729,64.82304373086788,-64.83510798912683,0.0,0.0,0.0,1.0,1.0,1.0,1.0,1.0,1.0
3.95,0.0007151356416709898,-0.000922807814801392,7.902862616342421,0.0,0.0,7.9,6.53714068162783e-06,5.066652665967372e-06,-2.019014423644091e-07,64.8438883205822,-64.83181933533318,64.82246318483806,-64.83453569709293,0.0,0.0,0.0,1.0,1.0,1.0,1.0,1.0,1.0
3.96,0.0007139565089582476,-0.0009212862720999527,7.922792368345853,0.0,0.0,7.92,6.72605383166556e-06,5.213081876867255e-06,-1.9387976767873776e-07,64.8433286736223,-64.83125129397676,64.8218887643474,-64.83396953086859,0.0,0.0,0.0,1.0,1.0,1.0,1.0,1.0,1.0
3.97,0.0007127830480541047,-0.0009197720480065978,7.942723388034742,0.0,0.0,7.94,6.91599131791363e-06,5.360300937671172e-06,-1.8576017210221158e-07,64.8427751752758,-64.83068944849603,64.82132057827542,-64.83340955009004,0.0,0.0,0.0,1.0,1.0,1.0,1.0,1.0,1.0
3.98,0.0007116153842802442,-0.0009182653041911633,7.962655656867545,0.0,0.0,7.959999999999999,7.106921976342165e-06,5.508285345003506e-06,-1.775463924075316e-07,64.84222784335812,-64.83013386809439,64.820758735598,-64.8328558124105,0.0,0.0,0.0,1.0,1.0,1.0,1.0,1.0,1.0
3.99,0.0007104536414800973,-0.0009167662004145871,7.982589156397294,0.0,0.0,7.980000000000001,7.298807733346977e-06,5.65700523219819e-06,-1.692422303011074e-07,64.84168669208263,-64.82958462045391,64.82020334538088,-64.83230837349339,0.0,0.0,0.0,1.0,1.0,1.0,1.0,1.0,1.0
4.0,0.0007092979420188439,-0.000915274894528911,8.002523868271583,0.0,0.0,8.0,7.491603605749681e-06,5.806425369298455e-06,-1.6085155241765734e-07,64.84115173205242,-64.82904177172695,64.81965451677104,-64.83176728700398,0.0,0.0,0.0,1.0,1.0,1.0,1.0,1.0,1.0
4.01,0.0007081484067834117,-0.0009137915424772798,8.022459774232585,0.0,0.0,8.02,7.685257700797898e-06,5.956505163056654e-06,-1.5237829031473908e-07,64.84062297026688,-64.82850538654283,64.81911235900358,-64.83123260461612,0.0,0.0,0.0,1.0,1.0,1.0,1.0,1.0,1.0
4.0200000000000005,0.000707005155182477,-0.0009123162982939408,8.042396856117035,0.0,0.0,8.040000000000001,7.87971121616542e-06,6.107198656934044e-06,-1.438264404672297e-07,64.84010041013516,-64.8279755280213,64.81857698141506,-64.8307043760256,0.0,0.0,0.0,1.0,1.0,1.0,1.0,1.0,1.0
4.03,0.000705868305146464,-0.0009108493141042454,8.062335095856238,0.0,0.0,8.06,8.074898439952322e-06,6.258454531100516e-06,-1.3520006426176366e-07,64.83958405145108,-64.82745225774738,64.81804849341842,-64.83018264892505,0.0,0.0,0.0,1.0,1.0,1.0,1.0,1.0,1.0
4.04,0.0007047379731275455,-0.0009093907401246474,8.08227447547607,0.0,0.0,8.08,8.270746750685209e-06,6.41021610243445e-06,-1.2650328799112952e-07,64.83907389041146,-64.82693563578977,64.81752700452127,-64.82966746902237,0.0,0.0,0.0,1.0,1.0,1.0,1.0,1.0,1.0
4.05,0.0007036142740996427,-0.0009079407246627042,8.102214977096978,0.0,0.0,8.1,8.467176617317348e-06,6.562421324522453e-06,-1.1774030284865315e-07,64.83856991960278,-64.82642572068741,64.81701262431264,-64.82915888002726,0.0,0.0,0.0,1.0,1.0,1.0,1.0,1.0,1.0
4.0600000000000005,0.0007024973215584243,-0.0009064994141170757,8.12215658293398,0.0,0.0,8.120000000000001,8.664101599228874e-06,6.715002787659154e-06,-1.0891536492257012e-07,64.83807212801119,-64.82592256945965,64.81650546247297,-64.82865692366141,0.0,0.0,0.0,1.0,1.0,1.0,1.0,1.0,1.0
4.07,0.0007013848572702242,-0.0009050638965717177,8.142099453338254,0.0,0.0,8.14,8.848246801554387e-06,6.857694597872963e-06,-1.001993340169725e-07,64.83757375101445,-64.82541833577864,64.81599683012178,-64.82815399573458,0.0,0.0,0.0,1.0,1.0,1.0,1.0,1.0,1.0
4.08,0.0007002765997351273,-0.0009036338092923364,8.162043601460354,0.0,0.0,8.16,9.01722836205829e-06,6.9886543303487995e-06,-9.162720401698837e-08,64.83707360611882,-64.82491149817977,64.81548494224398,-64.82764865081391,0.0,0.0,0.0,1.0,1.0,1.0,1.0,1.0,1.0
4.09,0.0006991749863718467,-0.0009022122954510883,8.181988835603793,0.0,0.0,8.18,9.183831976850941e-06,7.117769232428764e-06,-8.304148079407726e-08,64.83657827642806,-64.82440972661314,64.8149783150685,-64.82714831553076,0.0,0.0,0.0,1.0,1.0,1.0,1.0,1.0,1.0
4.1,0.0006980801298478484,-0.0009007995004214842,8.201935138305766,0.0,0.0,8.2,9.347945899658603e-06,7.244952644672e-06,-7.44470918029367e-08,64.83608773900741,-64.82391302159176,64.81447696719609,-64.82665298512413,0.0,0.0,0.0,1.0,1.0,1.0,1.0,1.0,1.0
4.11,0.000696992142830598,-0.0008993955695770341,8.221882492103479,0.0,0.0,8.22,9.509458384210338e-06,7.370117907634044e-06,-6.584896445539949e-08,64.83560197090529,-64.82342138361189,64.81398091721061,-64.82616265481616,0.0,0.0,0.0,1.0,1.0,1.0,1.0,1.0,1.0
4.12,0.0006959111379875618,-0.0008980006482912487,8.241830879534131,0.0,0.0,8.24,9.66825768423792e-06,7.4931783618668385e-06,-5.725202612264325e-08,64.83512094917347,-64.8229348131731,64.8134901836994,-64.82567731983245,0.0,0.0,0.0,1.0,1.0,1.0,1.0,1.0,1.0
4.13,0.0006948372279862057,-0.0008966148819376384,8.261780283134925,0.0,0.0,8.26,9.824232053475883e-06,7.614047347918882e-06,-4.8661204137488674e-08,64.83464465086712,-64.82245331077837,64.81300478525307,-64.8251969754019,0.0,0.0,0.0,1.0,1.0,1.0,1.0,1.0,1.0
4.14,0.0006937705254939953,-0.0008952384158897135,8.281730685443065,0.0,0.0,8.28,9.977269745661386e-06,7.732638206335232e-06,-4.008142579680295e-08,64.83417305303466,-64.8219768769239,64.81252474045557,-64.82472161674669,0.0,0.0,0.0,1.0,1.0,1.0,1.0,1.0,1.0
4.15,0.0006927111431783969,-0.0008938713955209844,8.301682068995754,0.0,0.0,8.3,1.0127259014534196e-05,7.848864277657617e-06,-3.15176183639951e-08,64.83370613273121,-64.82150551211264,64.81205006789752,-64.82425123909574,0.0,0.0,0.0,1.0,1.0,1.0,1.0,1.0,1.0
4.16,0.0006916591937068761,-0.0008925139662049614,8.32163441633019,0.0,0.0,8.32,1.027408811383657e-05,7.962638902424472e-06,-2.2974709071612588e-08,64.83324386701193,-64.82103921684752,64.81158078616957,-64.82378583767797,0.0,0.0,0.0,1.0,1.0,1.0,1.0,1.0,1.0
4.17,0.0006906147897468989,-0.0008911662733151551,8.341587709983575,0.0,0.0,8.34,1.041764529731326e-05,8.073875421171088e-06,-1.4457625124027516e-08,64.83278623292858,-64.82057799162813,64.81111691385901,-64.82332540771897,0.0,0.0,0.0,1.0,1.0,1.0,1.0,1.0,1.0
4.18,0.0006895780439659314,-0.0008898284622250759,8.361541932493113,0.0,0.0,8.36,1.0557818818711403e-05,8.182487174429655e-06,-5.971293700227022e-09,64.83233320753298,-64.82012183695404,64.81065846955312,-64.82286994444428,0.0,0.0,0.0,1.0,1.0,1.0,1.0,1.0,1.0
4.19,0.0006885490690314392,-0.0008885006783082338,8.38149706639601,0.0,0.0,8.38,1.0694496931780452e-05,8.288387502729394e-06,2.4793580433040683e-09,64.83188476787353,-64.81967075332146,64.81020547183581,-64.82241944307611,0.0,0.0,0.0,1.0,1.0,1.0,1.0,1.0,1.0
4.2,0.0006875279776108885,-0.0008871830669381394,8.40145309422946,0.0,0.0,8.4,1.0827567890272066e-05,8.391489746596614e-06,1.0889402969599031e-08,64.8314408910121,-64.81922474124005,64.80975793930449,-64.82197389885012,0.0,0.0,0.0,1.0,1.0,1.0,1.0,1.0,1.0
4.21,0.0006865148823717452,-0.0008858757734883036,8.421409998530674,0.0,0.0,8.42,1.0956919947940081e-05,8.491707246554878e-06,1.925391395813587e-08,64.83100155398702,-64.81878380119592,64.80931589053297,-64.82153330697844,0.0,0.0,0.0,1.0,1.0,1.0,1.0,1.0,1.0
4.22,0.0006855098959814752,-0.0008845789433322361,8.441367761836846,0.0,0.0,8.44,1.1082441358540395e-05,8.588953343125078e-06,2.7567963901659578e-08,64.83056673386687,-64.81834793370543,64.80887934412533,-64.82109766270345,0.0,0.0,0.0,1.0,1.0,1.0,1.0,1.0,1.0
4.23,0.000684513131107544,-0.0008832927218434475,8.461326366685185,0.0,0.0,8.46,1.1204020375830858e-05,8.683141376825579e-06,3.5826625702911936e-08,64.83013640769337,-64.81791713925807,64.8084483186588,-64.82066696124063,0.0,0.0,0.0,1.0,1.0,1.0,1.0,1.0,1.0
4.24,0.0006835247004174181,-0.0008820172543954484,8.481285795612886,0.0,0.0,8.48,1.1321545253571193e-05,8.774184688172309e-06,4.4024972271260213e-08,64.82971055252837,-64.81749141836347,64.80802283273074,-64.82024119782567,0.0,0.0,0.0,1.0,1.0,1.0,1.0,1.0,1.0
4.25,0.0006825447165785631,-0.000880752686361749,8.501246031157155,0.0,0.0,8.5,1.1434904245522897e-05,8.86199661767892e-06,5.215807651923625e-08,64.82928914541692,-64.81707077151448,64.80760290492172,-64.81982036767742,0.0,0.0,0.0,1.0,1.0,1.0,1.0,1.0,1.0
4.26,0.000681573292258445,-0.0008794991631158596,8.521207055855193,0.0,0.0,8.52,1.1543985605449131e-05,8.94649050585694e-06,6.022101135897142e-08,64.82887216341754,-64.81665519921738,64.80718855382574,-64.81940446602817,0.0,0.0,0.0,1.0,1.0,1.0,1.0,1.0,1.0
4.2700000000000005,0.0006806105401245297,-0.0008782568300312908,8.541168852244208,0.0,0.0,8.540000000000001,1.164867758711462e-05,9.027579693215871e-06,6.820884969853905e-08,64.82845958357191,-64.81624470196161,64.80677979802002,-64.81899348809344,0.0,0.0,0.0,1.0,1.0,1.0,1.0,1.0,1.0
4.28,0.0006796565728442832,-0.000877025832481553,8.561131402861394,0.0,0.0,8.56,1.1748868444285496e-05,9.105177520263351e-06,7.611666443819593e-08,64.82805138294528,-64.81583928026019,64.80637665610527,-64.81858742911227,0.0,0.0,0.0,1.0,1.0,1.0,1.0,1.0,1.0
4.29,0.0006787115030851713,-0.0008758063158401566,8.581094690243955,0.0,0.0,8.58,1.1844446430729234e-05,9.179197327505327e-06,8.393952846653376e-08,64.82764753858602,-64.8154389346093,64.80597914666542,-64.81818628430686,0.0,0.0,0.0,1.0,1.0,1.0,1.0,1.0,1.0
4.3,0.00067777544351466,-0.0008745984254806118,8.601058696929094,0.0,0.0,8.6,1.1935299800214517e-05,9.2495524554462e-06,9.167251465652693e-08,64.82724802754596,-64.8150436655085,64.80558728828778,-64.81779004890282,0.0,0.0,0.0,1.0,1.0,1.0,1.0,1.0,1.0
4.3100000000000005,0.0006768485068002152,-0.0008734023067764291,8.621023405454016,0.0,0.0,8.620000000000001,1.2021316806511088e-05,9.316156244588989e-06,9.931069586148764e-08,64.82685282687684,-64.81465347345731,64.80520109955962,-64.81739871812574,0.0,0.0,0.0,1.0,1.0,1.0,1.0,1.0,1.0
4.32,0.0006759308056093026,-0.0008722181051011188,8.64098879835592,0.0,0.0,8.64,1.2102385703389614e-05,9.37892203543548e-06,1.0684914491091989e-07,64.82646191363048,-64.8142683589553,64.80482059906824,-64.81701228720122,0.0,0.0,0.0,1.0,1.0,1.0,1.0,1.0,1.0
4.33,0.0006750224526093885,-0.0008710459658281916,8.660954858172008,0.0,0.0,8.66,1.2178394744621584e-05,9.437763168486451e-06,1.1428293460628369e-07,64.826075264862,-64.81388832250538,64.80444580540428,-64.81663075135822,0.0,0.0,0.0,1.0,1.0,1.0,1.0,1.0,1.0
4.34,0.0006741228659812406,-0.0008698851385476343,8.680921642106295,0.0,0.0,8.68,1.2250286166923286e-05,9.493413254840118e-06,1.2161150212477813e-07,64.82569314852316,-64.81351307833309,64.80407600360763,-64.81625394937265,0.0,0.0,0.0,1.0,1.0,1.0,1.0,1.0,1.0
4.3500000000000005,0.0006732281673218287,-0.0008687306207515073,8.700889561790593,0.0,0.0,8.700000000000001,1.2324005244634179e-05,9.550499559419922e-06,1.2885500104538715e-07,64.82531721343496,-64.81314098180852,64.80370699674887,-64.81588097741395,0.0,0.0,0.0,1.0,1.0,1.0,1.0,1.0,1.0
4.36,0.0006723424219289142,-0.0008675876561126862,8.720858174800341,0.0,0.0,8.72,1.2393441549412713e-05,9.604266900774138e-06,1.3598366385117232e-07,64.82494578097806,-64.81277366271193,64.80334297832638,-64.8155127211009,0.0,0.0,0.0,1.0,1.0,1.0,1.0,1.0,1.0
4.37,0.0006714656976168565,-0.0008664563321509114,8.740827468495059,0.0,0.0,8.74,1.2458551406030904e-05,9.654681596214503e-06,1.4299284498864495e-07,64.824578847005,-64.81241110306716,64.80298391956475,-64.81514916556796,0.0,0.0,0.0,1.0,1.0,1.0,1.0,1.0,1.0
4.38,0.0006705980610806491,-0.0008653367349421092,8.760797430354621,0.0,0.0,8.76,1.2519292838058778e-05,9.701711285156355e-06,1.4987790590403142e-07,64.82421640781848,-64.81205328441789,64.80262979048753,-64.81479029567873,0.0,0.0,0.0,1.0,1.0,1.0,1.0,1.0,1.0
4.39,0.000669739577895919,-0.0008642289491183917,8.780768047979242,0.0,0.0,8.78,1.2575625567864288e-05,9.745324929118777e-06,1.5663421504143445e-07,64.82385846020496,-64.8117001878612,64.80228055995079,-64.81443609605954,0.0,0.0,0.0,1.0,1.0,1.0,1.0,1.0,1.0
4.4,0.0006688903125189275,-0.0008631330578680567,8.800739309089494,0.0,0.0,8.8,1.2627511016613158e-05,9.785492811724773e-06,1.632571478410673e-07,64.82350500140097,-64.81135179401412,64.80193619560958,-64.81408655106577,0.0,0.0,0.0,1.0,1.0,1.0,1.0,1.0,1.0
4.41,0.0006680503282865695,-0.000862049142935588,8.820711201526281,0.0,0.0,8.82,1.2674912304268779e-05,9.822186538701412e-06,1.697420867375605e-07,64.82315602913026,-64.81100808305047,64.80159666395488,-64.81374164481893,0.0,0.0,0.0,1.0,1.0,1.0,1.0,1.0,1.0
4.42,0.0006672196874163739,-0.0008609772846216551,8.840683713250868,0.0,0.0,8.84,1.2717794249592094e-05,9.855379037879987e-06,1.7608442115835185e-07,64.82281154157334,-64.81066903467064,64.8012619302833,-64.81340136117635,0.0,0.0,0.0,1.0,1.0,1.0,1.0,1.0,1.0
4.43,0.0006663984510065034,-0.0008599175617831135,8.86065683234486,0.0,0.0,8.86,1.2756123370141474e-05,9.885044559196198e-06,1.8227954752214874e-07,64.82247153738778,-64.81033462812175,64.80093195871727,-64.8130656837513,0.0,0.0,0.0,1.0,1.0,1.0,1.0,1.0,1.0
4.44,0.0006655866790357544,-0.0008588700518330039,8.880630547010217,0.0,0.0,8.88,1.2789867882272573e-05,9.911158674690251e-06,1.8832286923747433e-07,64.82213601568805,-64.81000484217756,64.80060671218494,-64.81273459589296,0.0,0.0,0.0,1.0,1.0,1.0,1.0,1.0,1.0
4.45,0.0006647844303635576,-0.0008578348307405537,8.900604845569228,0.0,0.0,8.9,1.2818997701138233e-05,9.93369827850707e-06,1.9420979670129253e-07,64.82180497607902,-64.80967965517195,64.80028615245371,-64.81240808071986,0.0,0.0,0.0,1.0,1.0,1.0,1.0,1.0,1.0
4.46,0.0006639917627299771,-0.0008568119730311759,8.920579716464553,0.0,0.0,8.92,1.2843484440688364e-05,9.952641586896424e-06,1.9993574729772192e-07,64.82147841860568,-64.80935904494862,64.79997024007982,-64.81208612106963,0.0,0.0,0.0,1.0,1.0,1.0,1.0,1.0,1.0
4.47,0.0006632087327557113,-0.0008558015517864687,8.940555148259179,0.0,0.0,8.94,1.286330141366981e-05,9.967968138213091e-06,2.0549614539682824e-07,64.8211563438135,-64.8090429889215,64.7996589344689,-64.81176869955934,0.0,0.0,0.0,1.0,1.0,1.0,1.0,1.0,1.0
4.48,0.000662435395942092,-0.0008548036386442167,8.960531129636458,0.0,0.0,8.96,1.287842363162624e-05,9.979658792916999e-06,2.1088642235350708e-07,64.82083875268474,-64.808731464011,64.79935219381206,-64.81145579852178,0.0,0.0,0.0,1.0,1.0,1.0,1.0,1.0,1.0
4.49,0.0006616718066710849,-0.0008538183037983904,8.980507649400069,0.0,0.0,8.98,1.2888827804898025e-05,9.987695733573391e-06,2.1610201650645e-07,64.82052564669875,-64.80842444670435,64.79904997514643,-64.81114740006586,0.0,0.0,0.0,1.0,1.0,1.0,1.0,1.0,1.0
4.5,0.0006609180182052904,-0.0008528456159991457,9.000484696474055,0.0,0.0,9.0,1.2894492342622135e-05,9.992062464852979e-06,2.2113837317720417e-07,64.82021702778509,-64.80812191300873,64.79875223430808,-64.81084348602963,0.0,0.0,0.0,1.0,1.0,1.0,1.0,1.0,1.0
4.51,0.0006601740826879413,-0.0008518856425528246,9.020462259902802,0.0,0.0,9.02,1.2895397352732008e-05,9.99274381353207e-06,2.2599094466931748e-07,64.81991289834698,-64.80782383847463,64.79845892595553,-64.81054403800374,0.0,0.0,0.0,1.0,1.0,1.0,1.0,1.0,1.0
4.5200000000000005,0.0006594400511429055,-0.0008509384493219546,9.040440328851037,0.0,0.0,9.040000000000001,1.289152464195743e-05,9.989725928492738e-06,2.3065519026757477e-07,64.81961326126462,-64.80753019819934,64.79817000357315,-64.81024903733483,0.0,0.0,0.0,1.0,1.0,1.0,1.0,1.0,1.0
4.53,0.0006587159734746846,-0.0008500041007252498,9.06041889260384,0.0,0.0,9.06,1.2882857715824456e-05,9.982996280722948e-06,2.3512657623732562e-07,64.81931811987512,-64.8072409668067,64.79788541945096,-64.80995846510537,0.0,0.0,0.0,1.0,1.0,1.0,1.0,1.0,1.0
4.54,0.0006580018984684132,-0.0008490826597376091,9.080397940566634,0.0,0.0,9.08,1.2869381778655263e-05,9.97254366331674e-06,2.394005758239067e-07,64.81902747799595,-64.80695611847065,64.79760512470821,-64.80967230215721,0.0,0.0,0.0,1.0,1.0,1.0,1.0,1.0,1.0
4.55,0.0006572978737898609,-0.0008481741878901179,9.1003774622652,0.0,0.0,9.1,1.2851083733568054e-05,9.9583581914743e-06,2.434726692521529e-07,64.81874133989135,-64.80667562688168,64.79732906925972,-64.8093905290579,0.0,0.0,0.0,1.0,1.0,1.0,1.0,1.0,1.0
4.5600000000000005,0.0006566039459854304,-0.0008472787452700472,9.120357447345649,0.0,0.0,9.120000000000001,1.282795218247695e-05,9.94043130250218e-06,2.473383437260058e-07,64.81845971033286,-64.8063994653072,64.79705720187631,-64.80911312616122,0.0,0.0,0.0,1.0,1.0,1.0,1.0,1.0,1.0
4.57,0.0006559201604821583,-0.0008463963905208538,9.140337885574453,0.0,0.0,9.14,1.27999774260919e-05,9.918755755813393e-06,2.509930934282127e-07,64.81818259451862,-64.80612760651101,64.79678947010439,-64.80884007352661,0.0,0.0,0.0,1.0,1.0,1.0,1.0,1.0,1.0
4.58,0.0006552465615877155,-0.0008455271808421805,9.16031876683842,0.0,0.0,9.16,1.2767151463918534e-05,9.89332563292753e-06,2.544324195201252e-07,64.81790999815404,-64.80586002283385,64.79652582034626,-64.80857135099964,0.0,0.0,0.0,1.0,1.0,1.0,1.0,1.0,1.0
4.59,0.0006545831924904067,-0.0008446711719898559,9.18030008114472,0.0,0.0,9.18,1.2729467994258096e-05,9.864136337470941e-06,2.5765183014158807e-07,64.81764192737788,-64.80559668611961,64.7962661977865,-64.80830693813824,0.0,0.0,0.0,1.0,1.0,1.0,1.0,1.0,1.0
4.6000000000000005,0.0006539300952591697,-0.0008438284182758941,9.20028181862086,0.0,0.0,9.200000000000001,1.268692241420734e-05,9.83118459517682e-06,2.606468404109272e-07,64.81737838881935,-64.80533756777227,64.7960105464489,-64.80804681426979,0.0,0.0,0.0,1.0,1.0,1.0,1.0,1.0,1.0
4.61,0.0006532873108435776,-0.0008429989725684952,9.22026396951469,0.0,0.0,9.22,1.2639511819658431e-05,9.794468453885378e-06,2.634129724250308e-07,64.81711938957797,-64.80508263873587,64.79575880917638,-64.80779095847086,0.0,0.0,0.0,1.0,1.0,1.0,1.0,1.0,1.0
4.62,0.0006526548790738356,-0.0008421828862920454,9.240246524194415,0.0,0.0,9.24,1.2587235005298833e-05,9.75398728354391e-06,2.659457552595293e-07,64.81686493721348,-64.8048318694844,64.79551092762087,-64.80753934955729,0.0,0.0,0.0,1.0,1.0,1.0,1.0,1.0,1.0
4.63,0.0006520328386607844,-0.0008413802094271165,9.260229473148588,0.0,0.0,9.26,1.2530092464611235e-05,9.70974177620697e-06,2.6824072496906896e-07,64.81661503975259,-64.80458523002854,64.79526684225007,-64.80729196609076,0.0,0.0,0.0,1.0,1.0,1.0,1.0,1.0,1.0
4.64,0.0006514181015471056,-0.0008405869557516583,9.280212917260119,0.0,0.0,9.28,1.2475894281329067e-05,9.66776359368942e-06,2.703791575193317e-07,64.81636626726198,-64.80434084493601,64.79502588508747,-64.8070465841739,0.0,0.0,0.0,1.0,1.0,1.0,1.0,1.0,1.0
4.65,0.0006508115717350648,-0.0008398042922140999,9.300196816651482,0.0,0.0,9.3,1.2422477250415256e-05,9.626382531345557e-06,2.723328085638709e-07,64.81611958304924,-64.8040991953733,64.79478816278314,-64.8068037930913,0.0,0.0,0.0,1.0,1.0,1.0,1.0,1.0,1.0
4.66,0.0006502147845347754,-0.0008390342006907731,9.320181109253221,0.0,0.0,9.32,1.2366100058253654e-05,9.582709699669477e-06,2.74056093549986e-07,64.81587664662511,-64.80386113536998,64.79455390369576,-64.80656462747915,0.0,0.0,0.0,1.0,1.0,1.0,1.0,1.0,1.0
4.67,0.0006496277189838133,-0.0008382766541372292,9.340165787982615,0.0,0.0,9.34,1.230690787298346e-05,9.53685755662696e-06,2.755460908477217e-07,64.81563740715814,-64.80362660049613,64.79432303282567,-64.80632902598725,0.0,0.0,0.0,1.0,1.0,1.0,1.0,1.0,1.0
4.68,0.0006490503507950916,-0.0008375316212184872,9.360150845955069,0.0,0.0,9.36,1.224505307038656e-05,9.488944136499236e-06,2.767999463589219e-07,64.81540181190005,-64.80339552459895,64.79409547360271,-64.80609692549983,0.0,0.0,0.0,1.0,1.0,1.0,1.0,1.0,1.0
4.69,0.0006484826523181611,-0.0008367990662590793,9.380136276485525,0.0,0.0,9.38,1.2180695330557057e-05,9.439093124535915e-06,2.7781487458358873e-07,64.81516980606794,-64.80316783970476,64.79387114780347,-64.80586826103297,0.0,0.0,0.0,1.0,1.0,1.0,1.0,1.0,1.0
4.7,0.0006479245925005125,-0.0008360789491930964,9.400122073089792,0.0,0.0,9.4,1.2114001734570942e-05,9.387433931607906e-06,2.785881596863067e-07,64.81494133285415,-64.80294347604845,64.79364997559621,-64.80564296575974,0.0,0.0,0.0,1.0,1.0,1.0,1.0,1.0,1.0
4.71,0.0006473761368488778,-0.0008353712255142341,9.420108229485933,0.0,0.0,9.42,1.2045146861155634e-05,9.334101768860294e-06,2.791171565627034e-07,64.81471633336209,-64.80272236202926,64.79343187551176,-64.8054209709614,0.0,0.0,0.0,1.0,1.0,1.0,1.0,1.0,1.0
4.72,0.0006468372473905302,-0.0008346758462258381,9.440094739595622,0.0,0.0,9.44,1.1974312883359644e-05,9.279237722365237e-06,2.793992919059152e-07,64.81449474656908,-64.80250442419315,64.7932167644414,-64.80520220600553,0.0,0.0,0.0,1.0,1.0,1.0,1.0,1.0,1.0
4.73,0.0006463078826345869,-0.0008339927577909497,9.460081597545516,0.0,0.0,9.46,1.1901689665222202e-05,9.222988827774793e-06,2.7943206527302745e-07,64.81427650927235,-64.80228958719864,64.79300455761793,-64.80498659830734,0.0,0.0,0.0,1.0,1.0,1.0,1.0,1.0,1.0
4.74,0.0006457879975333105,-0.000833321902082352,9.480068797668599,0.0,0.0,9.48,1.1827474858442937e-05,9.165508144973798e-06,2.792130501514549e-07,64.81406155607536,-64.8020777738228,64.792795168637,-64.8047740733312,0.0,0.0,0.0,1.0,1.0,1.0,1.0,1.0,1.0
4.75,0.0006452775434434095,-0.000832663216332615,9.500056334505574,0.0,0.0,9.5,1.1751873999051527e-05,9.10695483273264e-06,2.787398950252244e-07,64.81384981931694,-64.80186890491018,64.79258850942138,-64.8045645545353,0.0,0.0,0.0,1.0,1.0,1.0,1.0,1.0,1.0
4.76,0.0006447764680873398,-0.0008320166330841416,9.520044202806218,0.0,0.0,9.52,1.1675100604077385e-05,9.04749422336007e-06,2.7801032444112004e-07,64.81364122903418,-64.80166289935535,64.79238449021878,-64.8043579633496,0.0,0.0,0.0,1.0,1.0,1.0,1.0,1.0,1.0
4.7700000000000005,0.0006442847155146067,-0.0008313820801392133,9.540032397530748,0.0,0.0,9.540000000000001,1.1597376268219382e-05,8.987297897355969e-06,2.770221400746514e-07,64.81343571292511,-64.80145967408536,64.79218301959973,-64.80415421915401,0.0,0.0,0.0,1.0,1.0,1.0,1.0,1.0,1.0
4.78,0.0006438022260630659,-0.0008307594805100357,9.560020913851174,0.0,0.0,9.56,1.1518930760515584e-05,8.926543758064126e-06,2.757732217957982e-07,64.8132331963116,-64.80125914404239,64.79198400445541,-64.80395323925646,0.0,0.0,0.0,1.0,1.0,1.0,1.0,1.0,1.0
4.79,0.0006433289363202241,-0.0008301487523687838,9.580009747152689,0.0,0.0,9.58,1.144000212101294e-05,8.865416106324929e-06,2.742615287344849e-07,64.81303360207858,-64.8010612221426,64.79178734997198,-64.8037549388475,0.0,0.0,0.0,1.0,1.0,1.0,1.0,1.0,1.0
4.8,0.0006428647790845416,-0.0008295498089976486,9.599998893035007,0.0,0.0,9.6,1.1360836757437088e-05,8.804105715128087e-06,2.724851003457349e-07,64.81283685066033,-64.80086581928225,64.79159295965196,-64.80355923100191,0.0,0.0,0.0,1.0,1.0,1.0,1.0,1.0,1.0
4.8100000000000005,0.000642409683326733,-0.0008289625587388814,9.619988347313754,0.0,0.0,9.620000000000001,1.1281689541862097e-05,8.742809904265325e-06,2.704420574744533e-07,64.81264285996639,-64.8006728442833,64.79140073527506,-64.80336602661983,0.0,0.0,0.0,1.0,1.0,1.0,1.0,1.0,1.0
4.82,0.0006419635741510684,-0.0008283869049448411,9.63997810602181,0.0,0.0,9.64,1.1202823907380294e-05,8.68173261498305e-06,2.681306034197803e-07,64.81245154536107,-64.80048220389267,64.79121057691292,-64.80317523442166,0.0,0.0,0.0,1.0,1.0,1.0,1.0,1.0,1.0
4.83,0.0006415263727566751,-0.0008278227459280389,9.659968165410696,0.0,0.0,9.66,1.1124511944772025e-05,8.621084484634962e-06,2.655490249989583e-07,64.81226281959943,-64.8002938027379,64.7910223829,-64.80298676089934,0.0,0.0,0.0,1.0,1.0,1.0,1.0,1.0,1.0
4.84,0.000641097996398839,-0.0008272699749111836,9.67995852195192,0.0,0.0,9.68,1.1047034499175526e-05,8.561082921334714e-06,2.6269569361065044e-07,64.81207659281692,-64.80010754333654,64.79083604985834,-64.80280051032123,0.0,0.0,0.0,1.0,1.0,1.0,1.0,1.0,1.0
4.8500000000000005,0.0006406783583503055,-0.0008267284799772279,9.699949172338359,0.0,0.0,9.700000000000001,1.0970681266756717e-05,8.50195217860844e-06,2.5956906629764504e-07,64.81189277245858,-64.79992332604509,64.7906514726618,-64.80261638467668,0.0,0.0,0.0,1.0,1.0,1.0,1.0,1.0,1.0
4.86,0.0006402673678625812,-0.0008261981440194144,9.719940113485606,0.0,0.0,9.72,1.089575089137914e-05,8.443923430047423e-06,2.561676868088812e-07,64.81171126324521,-64.79974104904493,64.79046854443727,-64.80243428365749,0.0,0.0,0.0,1.0,1.0,1.0,1.0,1.0,1.0
4.87,0.0006398649301272351,-0.00082567884469132,9.739931342533355,0.0,0.0,9.74,1.0822551061273757e-05,8.387234843960564e-06,2.524901866607171e-07,64.8115319671328,-64.79956060832134,64.79028715655917,-64.8022541046326,0.0,0.0,0.0,1.0,1.0,1.0,1.0,1.0,1.0
4.88,0.0006394709462372002,-0.0008251704543569029,9.759922856846753,0.0,0.0,9.76,1.0751398605708896e-05,8.33213165802693e-06,2.485352861973749e-07,64.81135478326853,-64.79938189763948,64.79010719864056,-64.80207574261952,0.0,0.0,0.0,1.0,1.0,1.0,1.0,1.0,1.0
4.89,0.0006390853131480745,-0.0008246728400405474,9.77991465401777,0.0,0.0,9.78,1.068261959166015e-05,8.278866253948263e-06,2.4430179565047857e-07,64.81117960795036,-64.79920480852341,64.78992855852756,-64.80189909025906,0.0,0.0,0.0,1.0,1.0,1.0,1.0,1.0,1.0
4.9,0.0006387079236394224,-0.0008241858633771097,9.799906731866564,0.0,0.0,9.8,1.0616549420480308e-05,8.227698232101446e-06,2.3978861619760174e-07,64.8110063345796,-64.79902923022861,64.78975112228731,-64.80172403778334,0.0,0.0,0.0,1.0,1.0,1.0,1.0,1.0,1.0
4.91,0.0006383386662760766,-0.0008237093805619643,9.819899088442838,0.0,0.0,9.82,1.0553532924569348e-05,8.178894486190995e-06,2.349947410197476e-07,64.8108348536305,-64.7988550497312,64.78957477421231,-64.8015504730006,0.0,0.0,0.0,1.0,1.0,1.0,1.0,1.0,1.0
4.92,0.0006379774253694387,-0.0008232432423010482,9.839891722027227,0.0,0.0,9.84,1.0493924464044325e-05,8.13272927790143e-06,2.2991925635766057e-07,64.81066505258275,-64.79868215168023,64.78939939678818,-64.8013782812431,0.0,0.0,0.0,1.0,1.0,1.0,1.0,1.0,1.0
4.93,0.0006376240809387806,-0.0008227872937609081,9.859884631132639,0.0,0.0,9.86,1.0438088023409443e-05,8.089484311549742e-06,2.2456134256688603e-07,64.81049681590788,-64.79851041840367,64.78922487071497,-64.8012073453687,0.0,0.0,0.0,1.0,1.0,1.0,1.0,1.0,1.0
4.94,0.0006372785086725466,-0.0008223413745187453,9.879877814505637,0.0,0.0,9.88,1.0386397308225978e-05,8.049448808737743e-06,2.1892027517147687e-07,64.81033002500507,-64.79833972986417,64.78905107487815,-64.80103754571208,0.0,0.0,0.0,1.0,1.0,1.0,1.0,1.0,1.0
4.95,0.0006369405798896541,-0.000821905318512461,9.899871271127788,0.0,0.0,9.9,1.0339235841782403e-05,8.012919583004463e-06,2.129954259162484e-07,64.81016455817748,-64.79816996365487,64.78887788635983,-64.80086876007633,0.0,0.0,0.0,1.0,1.0,1.0,1.0,1.0,1.0
4.96,0.0006366180921561493,-0.0008214891872553515,9.919864637092413,0.0,0.0,9.92,1.0268186779974041e-05,7.957895965640328e-06,2.0724670724499557e-07,64.81000994391708,-64.79801242935869,64.78871799826267,-64.80071189243904,0.0,0.0,0.0,1.0,1.0,1.0,1.0,1.0,1.0
4.97,0.0006363064666031981,-0.0008210870724712967,9.9398581163687,0.0,0.0,9.94,1.018991279122259e-05,7.897278733287825e-06,2.014064186279145e-07,64.8098606352186,-64.79786050254067,64.78856394929264,-64.80056056361222,0.0,0.0,0.0,1.0,1.0,1.0,1.0,1.0,1.0
4.98,0.0006360034808067754,-0.0008206961064657516,9.959851804262902,0.0,0.0,9.96,1.0112423412829277e-05,7.837268957226785e-06,1.9535055147917363e-07,64.80971396452269,-64.79771102519835,64.78841220053677,-64.8004117272924,0.0,0.0,0.0,1.0,1.0,1.0,1.0,1.0,1.0
4.99,0.0006357090756787494,-0.0008203162129824201,9.979845696945507,0.0,0.0,9.98,1.0035850578011415e-05,7.777968741623822e-06,1.8908199999704028e-07,64.80956990107353,-64.79756397185753,64.78826273067058,-64.8002653568229,0.0,0.0,0.0,1.0,1.0,1.0,1.0,1.0,1.0
5.0,0.000635423190431073,-0.000819947313571093,9.999839790713631,0.0,0.0,10.0,9.960327833207957e-06,7.719481437033458e-06,1.8260379707774192e-07,64.8094284140787,-64.79741931736694,64.78811551897356,-64.800121425789,0.0,0.0,0.0,1.0,1.0,1.0,1.0,1.0,1.0
5.01,0.0006351394467629547,-0.0008195811815936239,10.019820027181323,0.0,0.0,10.0,9.97144136893594e-06,7.728129782324393e-06,1.7563185619951946e-07,40.6582422425143,-40.64622597300303,40.63691651395021,-40.64892971535767,0.0,0.0,0.0,1.0,1.0,1.0,1.0,1.0,1.0
5.0200000000000005,0.0006348621457493971,-0.0008192233624382513,10.039653716888951,0.0,0.0,10.0,9.907453409106183e-06,7.678564429803306e-06,1.684781533019518e-07,31.49783173959848,-31.48587209659209,31.47660641888354,-31.488563118753767,0.0,0.0,0.0,1.0,1.0,1.0,1.0,1.0,1.0
5.03,0.000634589673647097,-0.0008188717739036519,10.059136115649054,0.0,0.0,10.0,9.666864426762726e-06,7.492125009010009e-06,1.611625279661783e-07,28.094894617135466,-28.083092264901907,28.073948380562463,-28.085747917456146,0.0,0.0,0.0,1.0,1.0,1.0,1.0,1.0,1.0
5.04,0.0006343206800749151,-0.0008185246736129221,10.07810229023999,0.0,0.0,10.0,9.187060857728303e-06,7.1202876707415526e-06,1.5370272668873215e-07,27.009055450907304,-26.99749911005793,26.988545774679828,-27.0000994305042,0.0,0.0,0.0,1.0,1.0,1.0,1.0,1.0,1.0
5.05,0.0006340542107255143,-0.000818180830239899,10.096442221561496,0.0,0.0,10.0,8.442755154609771e-06,6.543455979876353e-06,1.4611270233707727e-07,26.911766810374083,-26.900517791747504,26.891802518418686,-26.90304898461001,0.0,0.0,0.0,1.0,1.0,1.0,1.0,1.0,1.0
5.0600000000000005,0.0006337896133581368,-0.0008178394022093802,10.114087424528615,0.0,0.0,10.0,7.4303343150375506e-06,5.758831042941339e-06,1.384031578512569e-07,27.271753240529286,-27.260849801206383,27.252402236504366,-27.263303258069655,0.0,0.0,0.0,1.0,1.0,1.0,1.0,1.0,1.0
5.07,0.0006335264262341271,-0.0008174997937460771,10.130996799040854,0.0,0.0,10.0,6.156413948624179e-06,4.771540968300454e-06,1.3058244856197063e-07,27.857534191052586,-27.8470000835825,27.838838633236854,-27.84937045956889,0.0,0.0,0.0,1.0,1.0,1.0,1.0,1.0,1.0
5.08,0.0006332642957021019,-0.0008171615485358029,10.14714701973657,0.0,0.0,10.0,4.632157901946842e-06,3.590238635519966e-06,1.2265732060943516e-07,28.5699017937309,-28.559752681461127,28.55188948220667,-28.56203645178205,0.0,0.0,0.0,1.0,1.0,1.0,1.0,1.0,1.0
5.09,0.0006330029161937539,-0.0008168242723028621,10.162526098586785,0.0,0.0,10.0,2.870667266248971e-06,2.2250782287205094e-06,1.1463347300810437e-07,29.35833005867807,-29.34857710054171,29.341020798284696,-29.350771753894847,0.0,0.0,0.0,1.0,1.0,1.0,1.0,1.0,1.0
5.1000000000000005,0.0006327419896265071,-0.0008164875804277617,10.177129478426178,0.0,0.0,10.0,8.870239733604007e-07,6.877490932956411e-07,1.0651518655470807e-07,30.192904507687686,-30.18355519504467,30.17631159333179,-30.185659045266526,0.0,0.0,0.0,1.0,1.0,1.0,1.0,1.0,1.0
5.11,0.0006324812010905984,-0.0008161510665760578,10.190959045233685,0.0,0.0,10.0,-1.2958561667023176e-06,-1.0039878471858152e-06,9.83079223466146e-08,31.05826402491607,-31.049318563310557,31.042387818967626,-31.051331563237127,0.0,0.0,0.0,1.0,1.0,1.0,1.0,1.0,1.0
5.12,0.00063222019234718,-0.0008158142685025815,10.204021889942448,0.0,0.0,10.0,-3.653735756035113e-06,-2.8313474171224397e-06,9.0019605927161e-08,31.941996207956407,-31.933450576523285,31.92682957086717,-31.93537362975244,0.0,0.0,0.0,1.0,1.0,1.0,1.0,1.0,1.0
5.13,0.0006319585437227387,-0.0008154766446899999,10.216328191390815,0.0,0.0,10.0,-6.163781359440516e-06,-4.776632682909503e-06,8.165620239979974e-08,32.835787798851115,-32.827636084912385,32.8213202331805,-32.829470520671244,0.0,0.0,0.0,1.0,1.0,1.0,1.0,1.0,1.0
5.14,0.0006316957618575402,-0.0008151375585404806,10.227889795201838,0.0,0.0,10.0,-8.80303886869903e-06,-6.822053281495348e-06,7.322274693152423e-08,33.73456153995055,-33.72679582346099,33.72077898525244,-33.72854342261761,0.0,0.0,0.0,1.0,1.0,1.0,1.0,1.0,1.0
5.15,0.0006314312756866906,-0.0008147962731898168,10.23871961953882,0.0,0.0,10.0,-1.1547791898111675e-05,-8.949228144705857e-06,6.472397554868512e-08,34.63507473674965,-34.62768462681096,34.62195874686924,-34.629347726148154,0.0,0.0,0.0,1.0,1.0,1.0,1.0,1.0,1.0
5.16,0.0006311644342452501,-0.0008144519486749494,10.248831252915233,0.0,0.0,10.0,-1.4373405523385979e-05,-1.113906438993982e-05,5.6164594729271125e-08,35.535083015881,-35.528055312172945,35.5226101579894,-35.52963688056104,0.0,0.0,0.0,1.0,1.0,1.0,1.0,1.0,1.0
5.17,0.0006308945051863735,-0.0008141036400213745,10.258238842594105,0.0,0.0,10.0,-1.7254370601396723e-05,-1.337179167540201e-05,4.754938833844306e-08,36.43294702792945,-36.42626555641324,36.42108859090274,-36.42776923178114,0.0,0.0,0.0,1.0,1.0,1.0,1.0,1.0,1.0
5.18,0.0006306206758522429,-0.0008137502986244265,10.266956991587193,0.0,0.0,10.0,-2.0164434444683396e-05,-1.5627063483218802e-05,3.888329316254815e-08,37.327349712736265,-37.32099529432875,37.316071651566475,-37.32242539072374,0.0,0.0,0.0,1.0,1.0,1.0,1.0,1.0,1.0
5.19,0.000630342055962762,-0.0008133907757179317,10.275000671183866,0.0,0.0,10.0,-2.3076795948973805e-05,-1.7884108356357903e-05,3.017143955993158e-08,38.21712976690816,-38.211080282705105,38.20639281849462,-38.212441775634346,0.0,0.0,0.0,1.0,1.0,1.0,1.0,1.0,1.0
5.2,0.0006300576812768253,-0.0008130238270977568,10.282385177029353,0.0,0.0,10.0,-2.5964334898839184e-05,-2.0121907625448105e-05,2.1419163760292244e-08,39.101204636011495,-39.09543516841965,39.090964569694535,-39.096733663116126,0.0,0.0,0.0,1.0,1.0,1.0,1.0,1.0,1.0
5.21,0.0006297665209548549,-0.0008126481226209288,10.28912610719747,0.0,0.0,10.0,-2.87999585594958e-05,-2.231946403783328e-05,1.2631997206595719e-08,39.97856267661174,-39.97304571218363,39.96877065423108,-39.974287397991475,0.0,0.0,0.0,1.0,1.0,1.0,1.0,1.0,1.0
5.22,0.0006294674823232881,-0.0008122622523530147,10.295239341907445,0.0,0.0,10.0,-3.155674523475605e-05,-2.4455913021500457e-05,3.815659792748502e-09,40.84825299860272,-40.84295864851546,40.838855965874075,-40.84415024930577,0.0,0.0,0.0,1.0,1.0,1.0,1.0,1.0,1.0
5.23,0.0006291594188565507,-0.0008118647368667383,10.30074101721052,0.0,0.0,10.0,-3.420822454427773e-05,-2.651073991413916e-05,-5.023960014797319e-09,41.709379825922596,-41.70427608351464,41.70032096959275,-41.70542479976403,0.0,0.0,0.0,1.0,1.0,1.0,1.0,1.0,1.0
5.24,0.0006288411392103361,-0.0008114540388973264,10.30564749492935,0.0,0.0,10.0,-3.672860474316036e-05,-2.8463956143847164e-05,-1.388082853266937e-08,42.56108183864545,-42.556134864553606,42.55230109263731,-42.55724830921263,0.0,0.0,0.0,1.0,1.0,1.0,1.0,1.0,1.0
5.25,0.0006285114143793261,-0.0008110285725777,10.309975337723593,0.0,0.0,10.0,-3.909300716875032e-05,-3.029628093662106e-05,-2.2748800509124313e-08,43.40252298720613,-43.397697425183495,43.393957593222225,-43.398783552642485,0.0,0.0,0.0,1.0,1.0,1.0,1.0,1.0,1.0
5.26,0.000628169004832274,-0.0008105867384503833,10.313741257298338,0.0,0.0,10.0,-4.127806393902394e-05,-3.19896045489625e-05,-3.162167092490228e-08,44.23291590354579,-44.228175233553934,44.22450103783005,-44.22924226021925,0.0,0.0,0.0,1.0,1.0,1.0,1.0,1.0,1.0
5.2700000000000005,0.0006278126609443339,-0.0008101269240249689,10.316962095345136,0.0,0.0,10.0,-4.3262020551576723e-05,-3.3527067790683365e-05,-4.0493216503990176e-08,45.05149141348869,-45.046798334727505,45.04316086672851,-45.047854652863606,0.0,0.0,0.0,1.0,1.0,1.0,1.0,1.0,1.0
5.28,0.0006274411640711181,-0.0008096475567770225,10.319654773111678,0.0,0.0,10.0,-4.5025193585856435e-05,-3.48934167276613e-05,-4.935725909749991e-08,45.857541593767024,-45.8528583825584,45.84922840634992,-45.853912479777954,0.0,0.0,0.0,1.0,1.0,1.0,1.0,1.0,1.0
5.29,0.0006270532882526503,-0.0008091470547342223,10.321836353334145,0.0,0.0,10.0,-4.654941622837337e-05,-3.6074572967428325e-05,-5.820769650458975e-08,46.650398078393046,-46.64568693929034,46.64203516364587,-46.64674731957582,0.0,0.0,0.0,1.0,1.0,1.0,1.0,1.0,1.0
5.3,0.0006266478726621534,-0.0008086239199585903,10.323523906928887,0.0,0.0,10.0,-4.781904125050685e-05,-3.7058410951462885e-05,-6.703858837353114e-08,47.42943931578248,-47.424662755115065,47.42096012301839,-47.42573785477943,0.0,0.0,0.0,1.0,1.0,1.0,1.0,1.0,1.0
5.3100000000000005,0.000626223874835547,-0.0008080768072302431,10.324734434310535,0.0,0.0,10.0,-4.8821512367033965e-05,-3.783520073212599e-05,-7.584423005221649e-08,48.19411798085852,-48.18923915779858,48.18545711851239,-48.19033726649127,0.0,0.0,0.0,1.0,1.0,1.0,1.0,1.0,1.0
5.32,0.0006257801930386961,-0.000807504294842723,10.3254851596472,0.0,0.0,10.0,-4.954523557791675e-05,-3.8395958330443e-05,-8.461908716273079e-08,48.94390994568338,-48.938893040517584,48.93500383502385,-48.94002221839611,0.0,0.0,0.0,1.0,1.0,1.0,1.0,1.0,1.0
5.33,0.0006253158843458632,-0.0008069051659979738,10.325793149732018,0.0,0.0,10.0,-4.998200001204913e-05,-3.87343217801218e-05,-9.335797578616322e-08,49.6783404425759,-49.67315097998262,49.66912789150302,-49.67431898496196,0.0,0.0,0.0,1.0,1.0,1.0,1.0,1.0,1.0
5.34,0.0006248300994179662,-0.0008062783246480542,10.325675429367312,0.0,0.0,10.0,-5.0126271558261244e-05,-3.884600372661859e-05,-1.0205604261419925e-07,50.396978924243086,-50.39158411247046,50.38740172932414,-50.392798323908494,0.0,0.0,0.0,1.0,1.0,1.0,1.0,1.0,1.0
5.3500000000000005,0.0006243220330405992,-0.0008056227316717876,10.325149073117906,0.0,0.0,10.0,-4.997471080568946e-05,-3.872841786453914e-05,-1.1070874093994768e-07,51.09944332645513,-51.09381241598542,51.08944690955977,-51.09507975399476,0.0,0.0,0.0,1.0,1.0,1.0,1.0,1.0,1.0
5.36,0.0006237912162439023,-0.0008049377818179285,10.324230683864457,0.0,0.0,10.0,-4.952822745536965e-05,-3.838227081997789e-05,-1.193120946064388e-07,51.78541355556582,-51.779517934888446,51.774947133791585,-51.780844838725784,0.0,0.0,0.0,1.0,1.0,1.0,1.0,1.0,1.0
5.37,0.0006232372706501782,-0.0008042229867220688,10.322936830428139,0.0,0.0,10.0,-4.879028664775541e-05,-3.7810249798916854e-05,-1.2786247922834452e-07,52.454618490677575,-52.44843200946546,52.443635649981545,-52.449824364816706,0.0,0.0,0.0,1.0,1.0,1.0,1.0,1.0,1.0
5.38,0.000622659802152248,-0.0008034778377109731,10.321284232963103,0.0,0.0,10.0,-4.776633167189558e-05,-3.701657530983867e-05,-1.3635651472596213e-07,53.10682276061024,-53.100322180364586,53.095282255727426,-53.10178521797799,0.0,0.0,0.0,1.0,1.0,1.0,1.0,1.0,1.0
5.39,0.0006220587118221398,-0.0008027022070050094,10.319289165155913,0.0,0.0,10.0,-4.6464340211489305e-05,-3.60074317531738e-05,-1.4479136053073647e-07,53.74183319095656,-53.73499807133104,53.72969874355148,-53.73653639252979,0.0,0.0,0.0,1.0,1.0,1.0,1.0,1.0,1.0
5.4,0.0006214342013334128,-0.0008018963547229339,10.31696741345721,0.0,0.0,10.0,-4.489401089539817e-05,-3.4790336888401965e-05,-1.5316471949043064e-07,54.35948593495229,-54.35229836858415,54.346725762861276,-54.35391600485598,0.0,0.0,0.0,1.0,1.0,1.0,1.0,1.0,1.0
5.41,0.0006207863706581943,-0.000801060409712915,10.3143351685823,0.0,0.0,10.0,-4.306920116129938e-05,-3.337603221347823e-05,-1.6147430163067592e-07,54.95968955330371,-54.95213517386569,54.946278159900565,-54.95383536012483,0.0,0.0,0.0,1.0,1.0,1.0,1.0,1.0,1.0
5.42,0.0006201155593306367,-0.000800194809950481,10.311408269273697,0.0,0.0,10.0,-4.100585927750936e-05,-3.177687940353295e-05,-1.6971820444506844e-07,55.54238847064652,-55.534456380857065,55.528306517002505,-55.53624157159051,0.0,0.0,0.0,1.0,1.0,1.0,1.0,1.0,1.0
5.43,0.0006194223140422393,-0.0007993002607290456,10.30820220098758,0.0,0.0,10.0,-3.872146684960546e-05,-3.0006428242335636e-05,-1.778948068353136e-07,56.10756458506952,-56.09924724956394,56.09279869974975,-56.10111914289052,0.0,0.0,0.0,1.0,1.0,1.0,1.0,1.0,1.0
5.44,0.0006187075301332916,-0.000798377917274438,10.30473160316915,0.0,0.0,10.0,-3.623233413667741e-05,-2.8077319896787766e-05,-1.8600286466106126e-07,56.655217557710614,-56.64650991070551,56.63975875276208,-56.648469649041616,0.0,0.0,0.0,1.0,1.0,1.0,1.0,1.0,1.0
5.45,0.0006179720535458729,-0.0007974288710094821,10.30101165539705,0.0,0.0,10.0,-3.356120893024963e-05,-2.600718547353239e-05,-1.9404108776305533e-07,57.18542026242344,-57.17632102434154,57.16926627045693,-57.17836889823258,0.0,0.0,0.0,1.0,1.0,1.0,1.0,1.0,1.0
5.46,0.0006172170056557306,-0.0007964545687950446,10.2970569462006,0.0,0.0,10.0,-3.0731067221180934e-05,-2.381383241841383e-05,-2.0200838955189845e-07,57.698273535330806,-57.68878472677165,57.68142794673872,-57.690920284172,0.0,0.0,0.0,1.0,1.0,1.0,1.0,1.0,1.0
5.47,0.000616443704596945,-0.0007954567113884916,10.292881747035969,0.0,0.0,10.0,-2.7766617120343496e-05,-2.151641038613901e-05,-2.0990376723949015e-07,58.193917134591516,-58.18404402691038,58.17638930978316,-58.18626608426237,0.0,0.0,0.0,1.0,1.0,1.0,1.0,1.0,1.0
5.48,0.0006156534642733342,-0.0007944369941526776,10.288499748349931,0.0,0.0,10.0,-2.468756970047002e-05,-1.913019567777245e-05,-2.177258142003246e-07,58.67245729357811,-58.66220748779671,58.654260728019025,-58.66451433724143,0.0,0.0,0.0,1.0,1.0,1.0,1.0,1.0,1.0
5.49,0.0006148479285938567,-0.0007933975382531884,10.283924435130778,0.0,0.0,10.0,-2.1519134348058477e-05,-1.6674725825493052e-05,-2.254734513070568e-07,59.134080593583164,-59.123464418217466,59.11523362388296,-59.12585373803273,0.0,0.0,0.0,1.0,1.0,1.0,1.0,1.0,1.0
5.5,0.0006140289446718435,-0.000792340727076457,10.279168911611908,0.0,0.0,10.0,-1.8287677108322952e-05,-1.4170434504589513e-05,-2.331455835262514e-07,59.57900734288062,-59.568037683739085,59.55953284463754,-59.570506576587235,0.0,0.0,0.0,1.0,1.0,1.0,1.0,1.0,1.0
5.51,0.0006131985134728401,-0.0007912691425637244,10.274245818511261,0.0,0.0,10.0,-1.501887147144553e-05,-1.1637218254250851e-05,-2.407409720149614e-07,60.007471916785704,-59.99616379572285,59.98739655682917,-59.99870888338363,0.0,0.0,0.0,1.0,1.0,1.0,1.0,1.0,1.0
5.5200000000000005,0.0006123587003555309,-0.0007901854497696506,10.269167452242316,0.0,0.0,10.0,-1.1737665967216076e-05,-9.094411535451136e-06,-2.482580986258784e-07,60.419728894282514,-60.40809922545383,60.39908269801229,-60.41071670364888,0.0,0.0,0.0,1.0,1.0,1.0,1.0,1.0,1.0
5.53,0.0006115106801141196,-0.0007890911646214515,10.263946529139318,0.0,0.0,10.0,-8.461279016091518e-06,-6.555358716970554e-06,-2.5569368221244793e-07,60.81602505276979,-60.80409301659654,60.79484206820864,-60.806778571081615,0.0,0.0,0.0,1.0,1.0,1.0,1.0,1.0,1.0
5.54,0.0006106570733408864,-0.0007879896686797525,10.258594247227391,0.0,0.0,10.0,-5.215605931443556e-06,-4.04012702334862e-06,-2.630463698576555e-07,61.19666148664386,-61.184447255472385,61.17497752206029,-61.18719634837521,0.0,0.0,0.0,1.0,1.0,1.0,1.0,1.0,1.0
5.55,0.0006098001036264914,-0.0007868838312580982,10.25312177944196,0.0,0.0,10.0,-2.0218982827012226e-06,-1.5651849497478039e-06,-2.703138275544303e-07,61.56194129094479,-61.549465983678964,61.53979383444257,-61.55227386380669,0.0,0.0,0.0,1.0,1.0,1.0,1.0,1.0,1.0
5.5600000000000005,0.0006089420714534944,-0.0007857766209204415,10.247539864645116,0.0,0.0,10.0,1.1000774053317448e-06,8.541502696252916e-07,-2.7749351781786826e-07,61.91218068125888,-61.89946595196404,61.88960817052477,-61.90232774733954,0.0,0.0,0.0,1.0,1.0,1.0,1.0,1.0,1.0
5.57,0.0006080851386674745,-0.0007846708273440831,10.241859029491417,0.0,0.0,10.0,4.131747711874388e-06,3.203485898463697e-06,-2.845823833285932e-07,62.24770743640888,-62.23477553693178,62.22474936991888,-62.23768624075094,0.0,0.0,0.0,1.0,1.0,1.0,1.0,1.0,1.0
5.58,0.000607230745305883,-0.0007835683087393311,10.236090227487765,0.0,0.0,10.0,7.054428197389974e-06,5.468341558215914e-06,-2.9157593612092766e-07,62.568860314191866,-62.5557355344702,62.545559808038256,-62.55868968128489,0.0,0.0,0.0,1.0,1.0,1.0,1.0,1.0,1.0
5.59,0.0006063814309444475,-0.0007824723423051874,10.230242749448543,0.0,0.0,10.0,9.85463932976011e-06,7.6382737471327e-06,-2.984712177040974e-07,62.87598210270206,-62.86268767840147,62.85238040122232,-62.86568003950119,0.0,0.0,0.0,1.0,1.0,1.0,1.0,1.0,1.0
5.6000000000000005,0.0006055392667605097,-0.0007813856008065991,10.224325980050278,0.0,0.0,10.0,1.2520091133285709e-05,9.703759991230232e-06,-3.0526433011372207e-07,63.16942164264016,-63.15598046105837,63.14555937157077,-63.159005885799374,0.0,0.0,0.0,1.0,1.0,1.0,1.0,1.0,1.0
5.61,0.0006047062637477978,-0.0007803106793801701,10.218348911884002,0.0,0.0,10.0,1.5041108521273137e-05,1.1657304555829812e-05,-3.1195112956008545e-07,63.44953061899658,-63.4359648658067,63.42544715845616,-63.4390183611042,0.0,0.0,0.0,1.0,1.0,1.0,1.0,1.0,1.0
5.62,0.0006038843557357588,-0.0007792500736240783,10.212320142012,0.0,0.0,10.0,1.741088599271878e-05,1.3493635831819925e-05,-3.1852724083348987e-07,63.716661478183056,-63.70299227015673,63.69239431077317,-63.70606908313542,0.0,0.0,0.0,1.0,1.0,1.0,1.0,1.0,1.0
5.63,0.0006030753098948862,-0.0007782060638508227,10.206248618508576,0.0,0.0,10.0,1.960901210573271e-05,1.5196935144375364e-05,-3.2498829964688973e-07,63.97122209863693,-63.95747200266375,63.94681128082581,-63.960567054002816,0.0,0.0,0.0,1.0,1.0,1.0,1.0,1.0,1.0
5.64,0.0006022808499604574,-0.0007771808746094597,10.200142186937518,0.0,0.0,10.0,2.1634071730574e-05,1.6766108628084e-05,-3.313294393063043e-07,64.21356397621673,-64.19975390659818,64.18904663096487,-64.20286248856029,0.0,0.0,0.0,1.0,1.0,1.0,1.0,1.0,1.0
5.65,0.0006015025579651717,-0.0007761765475860006,10.194008427625365,0.0,0.0,10.0,2.3485146513486862e-05,1.82004471068701e-05,-3.3754563302462414e-07,64.44404376078204,-64.43019311370034,64.41945431627177,-64.43331085992071,0.0,0.0,0.0,1.0,1.0,1.0,1.0,1.0,1.0
5.66,0.0006007418568520464,-0.0007751949191673763,10.187854656421763,0.0,0.0,10.0,2.5161975801356718e-05,1.949975079211477e-05,-3.4363167848971555e-07,64.6630214914612,-64.64914828168378,64.63839192379916,-64.65227113646061,0.0,0.0,0.0,1.0,1.0,1.0,1.0,1.0,1.0
5.67,0.000600000001594352,-0.0007742376090139834,10.181687837474906,0.0,0.0,10.0,2.6667080285469134e-05,2.0665975399454206e-05,-3.495821663995664e-07,64.87085217374265,-64.85697283330968,64.84621164967425,-64.86009709694002,0.0,0.0,0.0,1.0,1.0,1.0,1.0,1.0,1.0
5.68,0.0005992781363577499,-0.0007733060938004937,10.175514616967346,0.0,0.0,10.0,2.8004235614889214e-05,2.1702049109449258e-05,-3.5539168936608107e-07,65.06788917316996,-65.0540184970368,65.04326395362166,-65.05714083807389,0.0,0.0,0.0,1.0,1.0,1.0,1.0,1.0,1.0
5.69,0.0005985786148671621,-0.0007724034106353204,10.169341906019739,0.0,0.0,10.0,2.914858046177868e-05,2.2588705056322124e-05,-3.6105864037846276e-07,65.25457425877705,-65.2407279123376,65.22999214935162,-65.2438448031058,0.0,0.0,0.0,1.0,1.0,1.0,1.0,1.0,1.0
5.7,0.0005979017245056436,-0.0007715299307684026,10.163175465404791,0.0,0.0,10.0,3.0119934824257213e-05,2.3341306016369592e-05,-3.6657583948062924e-07,65.43121236446918,-65.41740316606541,65.40669611749716,-65.42051171959532,0.0,0.0,0.0,1.0,1.0,1.0,1.0,1.0,1.0
5.71,0.0005972483000049358,-0.0007706867315462229,10.157021050712835,0.0,0.0,10.0,3.0923866216030546e-05,2.3964168242421706e-05,-3.719381107764717e-07,65.59815034833966,-65.58438958615817,65.57372000020406,-65.5874872597532,0.0,0.0,0.0,1.0,1.0,1.0,1.0,1.0,1.0
5.72,0.0005966189997511507,-0.0007698746627584344,10.150884106616738,0.0,0.0,10.0,3.156769758800433e-05,2.4462968238195553e-05,-3.7714021628958007e-07,65.75572682327228,-65.7420242263968,65.73139964307107,-65.74510882818953,0.0,0.0,0.0,1.0,1.0,1.0,1.0,1.0,1.0
5.73,0.0005960142944946476,-0.0007690943320674225,10.144769770848685,0.0,0.0,10.0,3.2060518052632505e-05,2.4844751043530953e-05,-3.8217684976734764e-07,65.90427085507923,-65.89063458063481,65.88006132185357,-65.89370427252564,0.0,0.0,0.0,1.0,1.0,1.0,1.0,1.0,1.0
5.74,0.0005954344560599119,-0.0007683460904378644,10.138682878176965,0.0,0.0,10.0,3.241319360826338e-05,2.511793851962821e-05,-3.870426277751246e-07,66.04410066063204,-66.0305372970209,66.02002046916002,-66.03359059399884,0.0,0.0,0.0,1.0,1.0,1.0,1.0,1.0,1.0
5.75,0.0005948813422210649,-0.000767632335207118,10.132628519565241,0.0,0.0,10.0,3.261837464765029e-05,2.5276836838069004e-05,-3.9173587133380313e-07,66.17563132494041,-66.16214626948765,66.15169005553123,-66.16518195419769,0.0,0.0,0.0,1.0,1.0,1.0,1.0,1.0,1.0
5.76,0.0005943543318283177,-0.0007669522650670631,10.126610793214464,0.0,0.0,10.0,3.26956499042893e-05,2.5336626935657173e-05,-3.9625002920765263e-07,66.29912746556592,-66.2857245096046,66.27533184837141,-66.28874172640401,0.0,0.0,0.0,1.0,1.0,1.0,1.0,1.0,1.0
5.7700000000000005,0.000593853439027384,-0.0007663058984226797,10.120633774613234,0.0,0.0,10.0,3.265674956189185e-05,2.5306399849227057e-05,-4.005802767404727e-07,66.41489163471914,-66.40157318827715,66.39124594833166,-66.4045713924898,0.0,0.0,0.0,1.0,1.0,1.0,1.0,1.0,1.0
5.78,0.0005933785451495316,-0.0007656930822766317,10.114701286586763,0.0,0.0,10.0,3.2513984394208846e-05,2.5195696308337332e-05,-4.0472190073697356e-07,66.52321708193115,-66.50998426353105,66.49972331280462,-66.5129632012707,0.0,0.0,0.0,1.0,1.0,1.0,1.0,1.0,1.0
5.79,0.0005929293595794439,-0.0007651134417335259,10.10881689466789,0.0,0.0,10.0,3.228056655533963e-05,2.5014755295370848e-05,-4.0867022761457693e-07,66.6243847623019,-66.6112374992982,66.60104278288877,-66.61419718493157,0.0,0.0,0.0,1.0,1.0,1.0,1.0,1.0,1.0
5.8,0.0005925054142376053,-0.0007645663728778947,10.10298391285809,0.0,0.0,10.0,3.197055601782325e-05,2.4774472514409497e-05,-4.124206227963529e-07,66.71866238501704,-66.70559953117655,66.69547016251295,-66.70854022090799,0.0,0.0,0.0,1.0,1.0,1.0,1.0,1.0,1.0
5.8100000000000005,0.0005921075297441408,-0.0007640529347016506,10.097205829000531,0.0,0.0,10.0,3.158518713417306e-05,2.4475805533144168e-05,-4.1597047159235513e-07,66.80639087838489,-66.79341020219131,66.78334445355009,-66.79633239631035,0.0,0.0,0.0,1.0,1.0,1.0,1.0,1.0,1.0
5.82,0.000591736102017803,-0.0007635736381389365,10.091485823582175,0.0,0.0,10.0,3.1128620914544224e-05,2.4121979366796355e-05,-4.1931689906050505e-07,66.88788199163324,-66.87498035187006,66.8649757905674,-66.87788475535582,0.0,0.0,0.0,1.0,1.0,1.0,1.0,1.0,1.0
5.83,0.0005913898219831348,-0.0007631267939813295,10.08582641202552,0.0,0.0,10.0,3.0619689045885615e-05,2.3727586272796506e-05,-4.224550483811049e-07,66.96334162291929,-66.95051528841111,66.9405690251168,-66.95340273947039,0.0,0.0,0.0,1.0,1.0,1.0,1.0,1.0,1.0
5.84,0.0005910681813947085,-0.0007627117463772291,10.080230166494005,0.0,0.0,10.0,3.0068598774624932e-05,2.330053555912837e-05,-4.253814643530088e-07,67.03301803924604,-67.02026277581649,67.01037153167759,-67.02313422607398,0.0,0.0,0.0,1.0,1.0,1.0,1.0,1.0,1.0
5.8500000000000005,0.0005907705822440975,-0.0007623277236135039,10.074699469296593,0.0,0.0,10.0,2.948507039577615e-05,2.284835886845117e-05,-4.2809291151073693e-07,67.09714835230238,-67.08445961509248,67.07461987078872,-67.08731608633158,0.0,0.0,0.0,1.0,1.0,1.0,1.0,1.0,1.0
5.86,0.0005904963390668947,-0.0007619738410903358,10.0692365208798,0.0,0.0,10.0,2.8878211276880994e-05,2.2378112537074862e-05,-4.3058639295301205e-07,67.15595803173949,-67.14333117399026,67.13353933154765,-67.14617371118834,0.0,0.0,0.0,1.0,1.0,1.0,1.0,1.0,1.0
5.87,0.000590244681249733,-0.0007616491042960694,10.063843347819692,0.0,0.0,10.0,2.8256389881949478e-05,2.189627995393552e-05,-4.3285917041624695e-07,67.20966041846485,-67.1970909167642,67.18734347412705,-67.1999205374222,0.0,0.0,0.0,1.0,1.0,1.0,1.0,1.0,1.0
5.88,0.000590016433812228,-0.0007613545780934031,10.058521944895597,0.0,0.0,10.0,2.7627865249554115e-05,2.140926475741138e-05,-4.3490817502041e-07,67.2585756882063,-67.24605650659798,67.23634801432922,-67.24887479332598,0.0,0.0,0.0,1.0,1.0,1.0,1.0,1.0,1.0
5.89,0.0005898108121172486,-0.0007610892498330239,10.053274026849545,0.0,0.0,10.0,2.6999217329857053e-05,2.0922164092210615e-05,-4.367311949414904e-07,67.30290209305223,-67.29042656276015,67.28075185627516,-67.29323501580193,0.0,0.0,0.0,1.0,1.0,1.0,1.0,1.0,1.0
5.9,0.0005896268347415673,-0.000760851852862055,10.048101149058388,0.0,0.0,10.0,2.6375855880204448e-05,2.043916749907317e-05,-4.383263865085751e-07,67.34281585886772,-67.33037815619345,67.32073272616638,-67.33317808594167,0.0,0.0,0.0,1.0,1.0,1.0,1.0,1.0,1.0
5.91,0.0005894639288138775,-0.0007606416477964383,10.043004763697764,0.0,0.0,10.0,2.576216590347448e-05,1.996367154592551e-05,-4.3969207834116254e-07,67.37851361387581,-67.36610822071509,67.35648779483785,-67.36890086895679,0.0,0.0,0.0,1.0,1.0,1.0,1.0,1.0,1.0
5.92,0.0005893215247010521,-0.0007604578994030328,10.037986195172133,0.0,0.0,10.0,2.5161198208571618e-05,1.9498038700782147e-05,-4.408269436421452e-07,67.41018289319985,-67.39780477285456,67.38820545206673,-67.40059127319513,0.0,0.0,0.0,1.0,1.0,1.0,1.0,1.0,1.0
5.93,0.0005891990632299606,-0.0007602998859177123,10.033046648499413,0.0,0.0,10.0,2.457454564644241e-05,1.9043501420769093e-05,-4.417300228621093e-07,67.43800200188358,-67.42564678291183,67.4160651838573,-67.428428119388,0.0,0.0,0.0,1.0,1.0,1.0,1.0,1.0,1.0
5.94,0.0005890960029092891,-0.0007601669083634596,10.028187217695582,0.0,0.0,10.0,2.4002219346092496e-05,1.8600066241144936e-05,-4.424007465497521e-07,67.46213987799675,-67.44980404610133,67.44023744981162,-67.45258100998282,0.0,0.0,0.0,1.0,1.0,1.0,1.0,1.0,1.0
5.95,0.0005890120974268926,-0.000760058649286638,10.023408514129748,0.0,0.0,10.0,2.34649920040303e-05,1.8183834275895063e-05,-4.428349285510942e-07,67.48283987014332,-67.4705169479991,67.46096033935542,-67.47329099736014,0.0,0.0,0.0,1.0,1.0,1.0,1.0,1.0,1.0
5.96,0.0005889468838830057,-0.000759974511115164,10.018711404649334,0.0,0.0,10.0,2.296113242476998e-05,1.779346195699669e-05,-4.430324987633251e-07,67.50025846617453,-67.4879429207707,67.47839201653987,-67.49071530125553,0.0,0.0,0.0,1.0,1.0,1.0,1.0,1.0,1.0
5.97,0.0005888999136447965,-0.0007599139145939378,10.01409670551873,0.0,0.0,10.0,2.2484871558608664e-05,1.742447589787879e-05,-4.42994220710689e-07,67.51453458918654,-67.5022224208768,67.49267412617394,-67.50499403312683,0.0,0.0,0.0,1.0,1.0,1.0,1.0,1.0,1.0
5.98,0.0005888708652879607,-0.0007598764447797957,10.00956504215325,0.0,0.0,10.0,2.203506685030332e-05,1.707598950849045e-05,-4.4272013169134076e-07,67.5258222841851,-67.51351005129183,67.50396170364519,-67.51628167039357,0.0,0.0,0.0,1.0,1.0,1.0,1.0,1.0,1.0
5.99,0.0005888594822707191,-0.0007598617704466517,10.005116955293675,0.0,0.0,10.0,2.1609297209622157e-05,1.6746125459731412e-05,-4.4221059869913373e-07,67.53426898814124,-67.52195387405766,67.51240329537315,-67.52472613441083,0.0,0.0,0.0,1.0,1.0,1.0,1.0,1.0,1.0
6.0,0.0005888655808396863,-0.0007598696542879453,10.000752908429082,0.0,0.0,10.0,2.120379610996608e-05,1.6431963852226127e-05,-4.4146632945773705e-07,67.54001560534924,-67.52769548350516,67.51814103037268,-67.53046886416928,0.0,0.0,0.0,1.0,1.0,1.0,1.0,1.0,1.0
6.01,0.0005888890579357382,-0.0007598999631190935,9.996473295219623,0.0,0.0,10.0,2.0813384686992403e-05,1.612949038509555e-05,-4.404883833010646e-07,67.54319658289968,-67.5308700795909,67.52131069193238,-67.53364489010997,0.0,0.0,0.0,1.0,1.0,1.0,1.0,1.0,1.0
6.0200000000000005,0.0005889290502261403,-0.0007599515829309167,9.992278077044434,0.0,0.0,10.0,2.0449054482408528e-05,1.5847222705147105e-05,-4.39275581133997e-07,67.54395632534857,-67.53162158943084,67.52205583740547,-67.53439824700564,0.0,0.0,0.0,1.0,1.0,1.0,1.0,1.0,1.0
6.03,0.0005889844102776209,-0.0007600230332129958,9.988166994459828,0.0,0.0,10.0,2.0128164406730388e-05,1.5598613232932836e-05,-4.3782592979076926e-07,67.54244025685124,-67.53009443945598,67.5205201203875,-67.53287358614132,0.0,0.0,0.0,1.0,1.0,1.0,1.0,1.0,1.0
6.04,0.0005890579932807302,-0.0007601179974219042,9.98414139030106,0.0,0.0,10.0,1.978791882960655e-05,1.533499648418501e-05,-4.3614917062288395e-07,67.53871301315414,-67.52635780582415,67.51677623429151,-67.52913906068885,0.0,0.0,0.0,1.0,1.0,1.0,1.0,1.0,1.0
6.05,0.0005891480882748544,-0.0007602342682533996,9.980200499564306,0.0,0.0,10.0,1.946482895906388e-05,1.508466931899749e-05,-4.3424057882580485e-07,67.5329251254293,-67.52055907315963,67.51096912584262,-67.52334276383854,0.0,0.0,0.0,1.0,1.0,1.0,1.0,1.0,1.0
6.0600000000000005,0.0005892542603337795,-0.0007603712844758154,9.976344180648004,0.0,0.0,10.0,1.9162665110727528e-05,1.4850553567874233e-05,-4.321002250209651e-07,67.5251520941018,-67.5127736106755,67.50317406260767,-67.51556009437047,0.0,0.0,0.0,1.0,1.0,1.0,1.0,1.0,1.0
6.07,0.0005893761620216743,-0.0007605285976715432,9.972572225154234,0.0,0.0,10.0,1.888010679068856e-05,1.4631625698563205e-05,-4.2972974366658395e-07,67.51550701713161,-67.50311489554201,67.49350481557721,-67.50590444409349,0.0,0.0,0.0,1.0,1.0,1.0,1.0,1.0,1.0
6.08,0.0005895136450362629,-0.000760706016435205,9.968884532197547,0.0,0.0,10.0,1.8616507669032554e-05,1.4427384754010754e-05,-4.2712989815191296e-07,67.50404166953817,-67.49163487430111,67.48201346419003,-67.49442772093722,0.0,0.0,0.0,1.0,1.0,1.0,1.0,1.0,1.0
6.09,0.0005896665222083501,-0.0007609032992061812,9.965280846922793,0.0,0.0,10.0,1.8370609678830023e-05,1.4236855749913989e-05,-4.2430220125669603e-07,67.49083541004927,-67.47841316926768,67.46877983498285,-67.48120948787769,0.0,0.0,0.0,1.0,1.0,1.0,1.0,1.0,1.0
6.1000000000000005,0.0005898346540629295,-0.0007611202659781802,9.961760980641184,0.0,0.0,10.0,1.8141489425203823e-05,1.405932307111541e-05,-4.212477690904259e-07,67.47594692563369,-67.46350865843549,67.45386295394881,-67.46630857990255,0.0,0.0,0.0,1.0,1.0,1.0,1.0,1.0,1.0
6.11,0.0005900174223428127,-0.0007613561188438219,9.95832391894135,0.0,0.0,10.0,1.7924561004453877e-05,1.38912328713775e-05,-4.1797228672788417e-07,67.45965186825428,-67.44719784482726,67.4375399834371,-67.45000130840043,0.0,0.0,0.0,1.0,1.0,1.0,1.0,1.0,1.0
6.12,0.0005902150535641019,-0.0007616111501392307,9.95497003267852,0.0,0.0,10.0,1.7721502369414438e-05,1.3733885480899268e-05,-4.144736647556982e-07,67.44184931495505,-67.42937949369629,67.41970944715294,-67.43218650883072,0.0,0.0,0.0,1.0,1.0,1.0,1.0,1.0,1.0
6.13,0.0005904274415375954,-0.0007618852228316594,9.951699001498634,0.0,0.0,10.0,1.7531158352107077e-05,1.358638580560743e-05,-4.107534628478248e-07,67.4225962799178,-67.41011077301589,67.4004286321903,-67.41292131452323,0.0,0.0,0.0,1.0,1.0,1.0,1.0,1.0,1.0
6.140000000000001,0.0005906541995641977,-0.0007621778379020113,9.948509658798827,0.0,0.0,10.0,1.7349322287415176e-05,1.344547426670711e-05,-4.0681737952007104e-07,67.40210038625831,-67.3895998659497,67.37990615550328,-67.39241378248369,0.0,0.0,0.0,1.0,1.0,1.0,1.0,1.0,1.0
6.15,0.0005908953256730347,-0.0007624889928069559,9.94540199863332,0.0,0.0,10.0,1.7175972735402136e-05,1.3311134251223552e-05,-4.026654402521747e-07,67.38036269216302,-67.3678478335385,67.35814308034358,-67.37066497310988,0.0,0.0,0.0,1.0,1.0,1.0,1.0,1.0,1.0
6.16,0.0005911506910662157,-0.0007628185213381727,9.94237563244163,0.0,0.0,10.0,1.7009708581875415e-05,1.3182280091041538e-05,-3.9829954187396827e-07,67.35745235067539,-67.34492401536092,67.33520889077244,-67.34774418396103,0.0,0.0,0.0,1.0,1.0,1.0,1.0,1.0,1.0
6.17,0.0005914200742356115,-0.000763166137680528,9.939429645877285,0.0,0.0,10.0,1.6848205642965478e-05,1.3057111095095773e-05,-3.937239000288553e-07,67.33347583901309,-67.32093509268886,67.31121042604588,-67.32375805031259,0.0,0.0,0.0,1.0,1.0,1.0,1.0,1.0,1.0
6.18,0.0005917033319956825,-0.0007635316570639892,9.936563568783363,0.0,0.0,10.0,1.6689919553841535e-05,1.293443063124889e-05,-3.889407732661108e-07,67.30850810255694,-67.29595620015708,67.28622296737663,-67.29878166416276,0.0,0.0,0.0,1.0,1.0,1.0,1.0,1.0,1.0
6.19,0.0005920002888423747,-0.0007639148530239415,9.933776747715529,0.0,0.0,10.0,1.6532984170323545e-05,1.2812792812468345e-05,-3.839532290382697e-07,67.28263709774059,-67.27007548956027,67.26033481784383,-67.27290313328328,0.0,0.0,0.0,1.0,1.0,1.0,1.0,1.0,1.0
6.2,0.000592310781456608,-0.0007643155148451136,9.931068347606802,0.0,0.0,10.0,1.6375641836090835e-05,1.2690835970513444e-05,-3.787650418514174e-07,67.25594166765931,-67.24337191135908,67.23362501098472,-67.24620138391194,0.0,0.0,0.0,1.0,1.0,1.0,1.0,1.0,1.0
6.21,0.0005926347375986927,-0.0007647335494265137,9.928437097258646,0.0,0.0,10.0,1.621699297064176e-05,1.256786380861007e-05,-3.7338155022422173e-07,67.22844799957186,-67.21587141736501,67.20611931600136,-67.21870242079125,0.0,0.0,0.0,1.0,1.0,1.0,1.0,1.0,1.0
6.22,0.0005929719599445958,-0.0007651687021143635,9.925882551963026,0.0,0.0,10.0,1.605497119524224e-05,1.2442275093000685e-05,-3.6780502920245816e-07,67.20025841434962,-67.18767664156948,67.17792060944325,-67.19050880739044,0.0,0.0,0.0,1.0,1.0,1.0,1.0,1.0,1.0
6.23,0.0005933222947976309,-0.0007656207746051705,9.923403950105344,0.0,0.0,10.0,1.5887915625294042e-05,1.2312783102373256e-05,-3.6203893894653464e-07,67.17144819807253,-67.1588629820526,67.14910437606855,-67.161695916528,0.0,0.0,0.0,1.0,1.0,1.0,1.0,1.0,1.0
6.24,0.0005936855884611114,-0.000766089568595442,9.921000530071009,0.0,0.0,10.0,1.5714165376214915e-05,1.2178101115395233e-05,-3.5608674052503267e-07,67.14209263681154,-67.1295058368855,67.11974610062649,-67.1323391210134,0.0,0.0,0.0,1.0,1.0,1.0,1.0,1.0,1.0
6.25,0.0005940616826995552,-0.0007665748799433357,9.91867144280494,0.0,0.0,10.0,1.5533039755793298e-05,1.2037702037796357e-05,-3.499523180203579e-07,67.11223725447731,-67.09965068058195,67.08989121925593,-67.10248390645025,0.0,0.0,0.0,1.0,1.0,1.0,1.0,1.0,1.0
6.26,0.0005944504144953429,-0.0007670764983556439,9.916415747123573,0.0,0.0,10.0,1.5344890815858196e-05,1.1891859128756992e-05,-3.4364000052218684e-07,67.08189621714666,-67.06931145977178,67.05955350845426,-67.07214426885855,0.0,0.0,0.0,1.0,1.0,1.0,1.0,1.0,1.0
6.2700000000000005,0.0005948516312857475,-0.0007675942269875098,9.914232703258184,0.0,0.0,10.0,1.5147812783571e-05,1.1739095883972527e-05,-3.371531455789648e-07,67.05115224657638,-67.03857104853488,67.02881596022232,-67.04140304797468,0.0,0.0,0.0,1.0,1.0,1.0,1.0,1.0,1.0
6.28,0.0005952651754473022,-0.0007681278624843401,9.912121473944259,0.0,0.0,10.0,1.4940992796589763e-05,1.157878278022759e-05,-3.3049558212555793e-07,67.02005487984184,-67.00747895631268,66.99772806248893,-67.01030975942834,0.0,0.0,0.0,1.0,1.0,1.0,1.0,1.0,1.0
6.29,0.00059569088887925,-0.0007686772008775915,9.91008121272221,0.0,0.0,10.0,1.4723721067756524e-05,1.141037017524158e-05,-3.236711841420191e-07,66.98865052427556,-66.97608154583153,66.96633614331755,-66.97891077595676,0.0,0.0,0.0,1.0,1.0,1.0,1.0,1.0,1.0
6.3,0.0005961285832272014,-0.0007692419991703353,9.908110920562288,0.0,0.0,10.0,1.4495907707675621e-05,1.123378881655196e-05,-3.1668462665898777e-07,66.95697374077044,-66.94441324038863,66.93467451928593,-66.94724055181513,0.0,0.0,0.0,1.0,1.0,1.0,1.0,1.0,1.0
6.3100000000000005,0.0005965778598950208,-0.0007698217431286106,9.906208602575145,0.0,0.0,10.0,1.4260885611222871e-05,1.1051621911883584e-05,-3.0954584568258693e-07,66.92500468377101,-66.9124535577143,66.90272221463277,-66.91527874812988,0.0,0.0,0.0,1.0,1.0,1.0,1.0,1.0,1.0
6.32,0.0005970386806677482,-0.0007704163834432218,9.904374009577879,0.0,0.0,10.0,1.401558902033676e-05,1.0861494062088853e-05,-3.022555783634541e-07,66.89283353455173,-66.88029298626445,66.87056995574824,-66.88311578412261,0.0,0.0,0.0,1.0,1.0,1.0,1.0,1.0,1.0
6.33,0.0005975108637430189,-0.0007710256855656066,9.902606190902373,0.0,0.0,10.0,1.375958324251414e-05,1.0663068803090227e-05,-2.9481825575650695e-07,66.86050406108191,-66.84797521154397,66.83826136413562,-66.85079536383844,0.0,0.0,0.0,1.0,1.0,1.0,1.0,1.0,1.0
6.34,0.0005979942273184681,-0.0007716494149472026,9.900904195880518,0.0,0.0,10.0,1.3492433585258782e-05,1.0456009670801282e-05,-2.872383095209569e-07,66.8280600313209,-66.81554391904773,66.8058400612882,-66.81836119131255,0.0,0.0,0.0,1.0,1.0,1.0,1.0,1.0,1.0
6.3500000000000005,0.0005984885895917311,-0.0007722873370394475,9.899267073844204,0.0,0.0,10.0,1.3213705356081386e-05,1.0239980201126597e-05,-2.7952017195708936e-07,66.79554521322126,-66.78304279426384,66.77334966869249,-66.78585697057335,0.0,0.0,0.0,1.0,1.0,1.0,1.0,1.0,1.0
6.36,0.0005989936524106679,-0.0007729390671243795,9.89769378503721,0.0,0.0,10.0,1.292493341724847e-05,1.0016169780968591e-05,-2.7166949669750894e-07,66.76297372287286,-66.75048577101833,66.74080397889313,-66.75329667652807,0.0,0.0,0.0,1.0,1.0,1.0,1.0,1.0,1.0
6.37,0.000599509056994217,-0.0007736041422319842,9.89618324328023,0.0,0.0,10.0,1.2628678949961287e-05,9.786562905802788e-06,-2.6369257209814117e-07,66.73034422501405,-66.71787127978105,66.70820124080858,-66.7206787924735,0.0,0.0,0.0,1.0,1.0,1.0,1.0,1.0,1.0
6.38,0.0006000346827151497,-0.0007742824067707356,9.894734544746468,0.0,0.0,10.0,1.2323471696501818e-05,9.55002083976936e-06,-2.5559318766919393e-07,66.69771607816445,-66.68525864908032,66.6756007595983,-66.68806265362662,0.0,0.0,0.0,1.0,1.0,1.0,1.0,1.0,1.0
6.390000000000001,0.000600570289240433,-0.0007749735506481757,9.893346693951347,0.0,0.0,10.0,1.2009867764341408e-05,9.306974710130102e-06,-2.4737638890411657e-07,66.66511813366266,-66.65267659758547,66.64303115105375,-66.6554770085363,0.0,0.0,0.0,1.0,1.0,1.0,1.0,1.0,1.0
6.4,0.0006011156304092899,-0.0007756772562501401,9.89201869094802,0.0,0.0,10.0,1.1688521912284351e-05,9.057932071202278e-06,-2.390472819727494e-07,66.6325777576644,-66.6201523537841,66.6105195369139,-66.6229491166988,0.0,0.0,0.0,1.0,1.0,1.0,1.0,1.0,1.0
6.41,0.0006016704542331991,-0.0007763931984407581,9.890749531327389,0.0,0.0,10.0,1.1360187550465646e-05,8.80347690436113e-06,-2.3061103356076846e-07,66.60012083110783,-66.58771165594759,66.57809154483066,-66.59050474852313,0.0,0.0,0.0,1.0,1.0,1.0,1.0,1.0,1.0
6.42,0.0006022344550248439,-0.0007771209827638161,9.889538152708832,0.0,0.0,10.0,1.1026358939708348e-05,8.544767009474785e-06,-2.2207372508021192e-07,66.56775561004608,-66.55536261778919,66.54575517817197,-66.55815204982329,0.0,0.0,0.0,1.0,1.0,1.0,1.0,1.0,1.0
6.43,0.0006028071358635909,-0.0007778599678865619,9.88838327122545,0.0,0.0,10.0,1.0691018655733654e-05,8.28488734080349e-06,-2.1344501090315902e-07,66.53542406969876,-66.52304711473728,66.51345223506182,-66.52583291868318,0.0,0.0,0.0,1.0,1.0,1.0,1.0,1.0,1.0
6.44,0.0006033884248089662,-0.0007786100610976369,9.887284074979533,0.0,0.0,10.0,1.0352417506927515e-05,8.022483496789154e-06,-2.0472702370726913e-07,66.50321075048035,-66.49084954856981,66.48126700971156,-66.4936317879879,0.0,0.0,0.0,1.0,1.0,1.0,1.0,1.0,1.0
6.45,0.0006039780613682265,-0.0007793709262793302,9.886239545578364,0.0,0.0,10.0,1.0011378315563834e-05,7.758193175092587e-06,-1.959251717689694e-07,66.47113761950955,-66.45879175700843,66.44922123950805,-66.46157052461588,0.0,0.0,0.0,1.0,1.0,1.0,1.0,1.0,1.0
6.46,0.0006045757850486294,-0.0007801422273139317,9.885248664629245,0.0,0.0,10.0,9.668723903902864e-06,7.492654073391997e-06,-1.8704486251222633e-07,66.4392266438741,-66.42689557774376,66.41733666180717,-66.42967099541453,0.0,0.0,0.0,1.0,1.0,1.0,1.0,1.0,1.0
6.47,0.0006051813353574318,-0.0007809236280837308,9.88431041373946,0.0,0.0,10.0,9.325277094191054e-06,7.226503889383475e-06,-1.7809150249563767e-07,66.40749979068896,-66.39518284849373,66.38563501399199,-66.39795506725847,0.0,0.0,0.0,1.0,1.0,1.0,1.0,1.0,1.0
6.48,0.000605794451801891,-0.0007817147924710172,9.883423774516302,0.0,0.0,10.0,8.981860708660676e-06,6.960380320781284e-06,-1.6907049740476633e-07,66.3759790270554,-66.3636754069625,66.35413803343188,-66.36644460700856,0.0,0.0,0.0,1.0,1.0,1.0,1.0,1.0,1.0
6.49,0.0006064148250109491,-0.0007825153211920381,9.882587834062072,0.0,0.0,10.0,8.639272822098615e-06,6.694901176631103e-06,-1.5998861585133386e-07,66.344663115203,-66.3323721269578,66.3228446803486,-66.33513846342669,0.0,0.0,0.0,1.0,1.0,1.0,1.0,1.0,1.0
6.5,0.0006070421207138234,-0.0007833247827848244,9.881801733220634,0.0,0.0,10.0,8.298298902373092e-06,6.430674134248779e-06,-1.5085332035599188e-07,66.31353899624789,-66.30126018393197,66.29174231174267,-66.30402375930744,0.0,0.0,0.0,1.0,1.0,1.0,1.0,1.0,1.0
6.51,0.0006076761170068146,-0.0007841428910007559,9.881064370311796,0.0,0.0,10.0,7.959781309573335e-06,6.168352593366636e-06,-1.4166893732025805e-07,66.28264695737795,-66.27037954542799,66.2608706473854,-66.27314053414273,0.0,0.0,0.0,1.0,1.0,1.0,1.0,1.0,1.0
6.5200000000000005,0.000608316535036608,-0.000784969285994532,9.880374766570831,0.0,0.0,10.0,7.624533569787597e-06,5.90856678082065e-06,-1.32441381302624e-07,66.25200024904068,-66.23974342301575,66.23024286866193,-66.2425020082985,0.0,0.0,0.0,1.0,1.0,1.0,1.0,1.0,1.0
6.53,0.0006089630943577857,-0.0007858036058633567,9.879731946669269,0.0,0.0,10.0,7.2933684029957676e-06,5.65194627563582e-06,-1.231766104613061e-07,66.22161136586435,-66.2093642802953,66.19987141507038,-66.21212065240528,0.0,0.0,0.0,1.0,1.0,1.0,1.0,1.0,1.0
6.54,0.0006096155129328248,-0.0007866454866469383,9.879134938714921,0.0,0.0,10.0,6.9670977230691645e-06,5.3991200090260875e-06,-1.1388062657846043e-07,66.1914920465969,-66.17925383283554,66.16976798416067,-66.18200818729682,0.0,0.0,0.0,1.0,1.0,1.0,1.0,1.0,1.0
6.55,0.0006102735071320989,-0.0007874945623274898,9.878582774251859,0.0,0.0,10.0,6.6465326377706275e-06,5.1507162643944575e-06,-1.0455947508947807e-07,66.16165327416329,-66.14942304823164,66.13994353159191,-66.15217558406763,0.0,0.0,0.0,1.0,1.0,1.0,1.0,1.0,1.0
6.5600000000000005,0.0006109368020377721,-0.0007883504781270924,9.878074495115964,0.0,0.0,10.0,6.332372599931302e-06,4.907276799940566e-06,-9.521930226311464e-08,66.13210364153636,-66.11988051684085,66.11040664563237,-66.12263143370895,0.0,0.0,0.0,1.0,1.0,1.0,1.0,1.0,1.0
6.57,0.0006116052524282992,-0.0007892130466403934,9.877609233930096,0.0,0.0,10.0,6.0239038618472874e-06,4.668248508285336e-06,-8.586702666769092e-08,66.10283016486541,-66.09061332203365,66.08114446160702,-66.09336280444543,0.0,0.0,0.0,1.0,1.0,1.0,1.0,1.0,1.0
6.58,0.0006122785122537324,-0.0007900818212864769,9.877185994194585,0.0,0.0,10.0,5.722555244530019e-06,4.434738161016603e-06,-7.650850607418108e-08,66.07385070126313,-66.06163930192419,66.05217480288496,-66.06438753874704,0.0,0.0,0.0,1.0,1.0,1.0,1.0,1.0,1.0
6.59,0.0006129563183174459,-0.0007909564624052898,9.876803839030487,0.0,0.0,10.0,5.4288463029237395e-06,4.207148074957334e-06,-6.71501104209614e-08,66.04516895983403,-66.03296219433841,66.02350142947856,-66.03570936801599,0.0,0.0,0.0,1.0,1.0,1.0,1.0,1.0,1.0
6.6000000000000005,0.000613638409856014,-0.0007918366334740127,9.876461837673316,0.0,0.0,10.0,5.143252481834794e-06,3.985846370379798e-06,-5.7798276092795643e-08,66.01678725543086,-66.00458435260026,65.99512672445154,-66.00733063695724,0.0,0.0,0.0,1.0,1.0,1.0,1.0,1.0,1.0
6.61,0.000614324528796534,-0.0007927220014391382,9.876159065644213,0.0,0.0,10.0,4.8662023476605e-06,3.7711648263536685e-06,-4.8459507430244413e-08,65.98870646792821,-65.97650670492682,65.96705165340822,-65.97925226294625,0.0,0.0,0.0,1.0,1.0,1.0,1.0,1.0,1.0
6.62,0.0006150144200139502,-0.0007936122370485528,9.875894604921195,0.0,0.0,10.0,4.598074820117827e-06,3.5633967360938373e-06,-3.914037823995793e-08,65.96092600131735,-65.94872871364458,65.93927572380372,-65.95147369521771,0.0,0.0,0.0,1.0,1.0,1.0,1.0,1.0,1.0
6.63,0.0006157078315883766,-0.0007945070151836168,9.875667544110323,0.0,0.0,10.0,4.339196403972431e-06,3.3627947623082955e-06,-2.984753330493527e-08,65.9334437429767,-65.92124833458155,65.91179694443004,-65.92399287423021,0.0,0.0,0.0,1.0,1.0,1.0,1.0,1.0,1.0
6.640000000000001,0.0006164045580702336,-0.0007954060707090879,9.875477026919938,0.0,0.0,10.0,4.08935689858327e-06,3.1691958595374725e-06,-2.0587184097388358e-08,65.90626402115603,-65.89406996768787,65.88461977070075,-65.89681418380539,0.0,0.0,0.0,1.0,1.0,1.0,1.0,1.0,1.0
6.65,0.0006171047885442795,-0.0007963096477841925,9.875322646703184,0.0,0.0,10.0,3.8439089493620235e-06,2.979000444936038e-06,-1.1360879438672237e-08,65.87946506408893,-65.86727185459601,65.857822454374,-65.87001586232954,0.0,0.0,0.0,1.0,1.0,1.0,1.0,1.0,1.0
6.66,0.0006178080214543078,-0.0007972170990326065,9.875203226369784,0.0,0.0,10.0,3.605919088644269e-06,2.794583222680718e-06,-2.1783166789738474e-09,65.85299620295515,-65.84080345963321,65.83135456297626,-65.8435473443511,0.0,0.0,0.0,1.0,1.0,1.0,1.0,1.0,1.0
6.67,0.0006185140545785373,-0.0007981281634773155,9.875117926871088,0.0,0.0,10.0,3.375087049699048e-06,2.615711310152847e-06,6.95417417163694e-09,65.82685944001602,-65.81466688185802,65.8052182704748,-65.81741070715069,0.0,0.0,0.0,1.0,1.0,1.0,1.0,1.0,1.0
6.68,0.0006192226909121035,-0.0007990425868722691,9.875065918770728,0.0,0.0,10.0,3.151036933249529e-06,2.442093216509559e-06,1.6030242678628076e-08,65.80105618053561,-65.78886363211464,65.77941516942568,-65.79160743781516,0.0,0.0,0.0,1.0,1.0,1.0,1.0,1.0,1.0
6.69,0.0006199337386670585,-0.0007999601217023798,9.875046382244612,0.0,0.0,10.0,2.9333172074744153e-06,2.2733788426819274e-06,2.504351793555962e-08,65.7755872328009,-65.76339463305311,65.75394627099395,-65.76613843325782,0.0,0.0,0.0,1.0,1.0,1.0,1.0,1.0,1.0
6.7,0.0006206470112723713,-0.0008008805271835238,9.875058507080935,0.0,0.0,10.0,2.72140070800939e-06,2.109159481373251e-06,3.3987608521235e-08,65.75045280809498,-65.73826021910234,65.72881200492672,-65.74100400019157,0.0,0.0,0.0,1.0,1.0,1.0,1.0,1.0,1.0
6.71,0.0006213623273739273,-0.0008018035692625407,9.87510149268016,0.0,0.0,10.0,2.5146846379483393e-06,1.948967817057256e-06,4.2856102460534556e-08,65.72565252073038,-65.71346013650374,65.70401221958674,-65.71620385516233,0.0,0.0,0.0,1.0,1.0,1.0,1.0,1.0,1.0
6.72,0.0006220795108345289,-0.000802729020617233,9.875174548055035,0.0,0.0,10.0,2.3124905678446825e-06,1.7922779259765113e-06,5.164256718783373e-08,65.70118538802937,-65.68899354329119,65.67954618193244,-65.69173712452928,0.0,0.0,0.0,1.0,1.0,1.0,1.0,1.0,1.0
6.73,0.0006227985609183324,-0.0008036568804173302,9.875277126722226,0.0,0.0,10.0,2.114306671099124e-06,1.638694227466681e-06,6.034272669194023e-08,65.67705007640106,-65.66485887343879,65.65541214567493,-65.66760229451323,0.0,0.0,0.0,1.0,1.0,1.0,1.0,1.0,1.0
6.74,0.0006235195685545916,-0.0008045872662523367,9.87540878684047,0.0,0.0,10.0,1.9205049572141877e-06,1.4885070457622774e-06,6.895426551945606e-08,65.65325086812652,-65.64105978521967,65.63161328539167,-65.64380316374002,0.0,0.0,0.0,1.0,1.0,1.0,1.0,1.0,1.0
6.75,0.0006242420377137867,-0.0008055195377641933,9.875568277071022,0.0,0.0,10.0,1.730600156444437e-06,1.341338101766865e-06,7.746733631731873e-08,65.62979103787914,-65.61760025194084,65.60815411572375,-65.62034354838917,0.0,0.0,0.0,1.0,1.0,1.0,1.0,1.0,1.0
6.76,0.0006249657910727299,-0.0008064534661227356,9.87575479483356,0.0,0.0,10.0,1.5442550237987224e-06,1.196926006491029e-06,8.5875848998858e-08,65.60667209682846,-65.5944818435572,65.58503625207311,-65.5972250051836,0.0,0.0,0.0,1.0,1.0,1.0,1.0,1.0,1.0
6.7700000000000005,0.0006256906513082326,-0.0008073888224977994,9.875967537547762,0.0,0.0,10.0,1.361132314289388e-06,1.055009370940814e-06,9.417371325119406e-08,65.58389555614724,-65.57170613002695,65.56226130984494,-65.5744490908495,0.0,0.0,0.0,1.0,1.0,1.0,1.0,1.0,1.0
6.78,0.0006264164410971068,-0.0008083253780592199,9.876205702633309,0.0,0.0,10.0,1.1808947829322789e-06,9.153268061178511e-07,1.0235483854409458e-07,65.56146292700508,-65.54927468130508,65.53983090444123,-65.55201736210985,0.0,0.0,0.0,1.0,1.0,1.0,1.0,1.0,1.0
6.79,0.0006271429831161643,-0.000809262903976833,9.876468487509875,0.0,0.0,10.0,1.0032051847465638e-06,7.776169230193803e-07,1.1041313413795779e-07,65.53937572057812,-65.52718906735312,65.51774665127051,-65.52993137569418,0.0,0.0,0.0,1.0,1.0,1.0,1.0,1.0,1.0
6.8,0.0006278701000422167,-0.000810201171420474,9.876755089597143,0.0,0.0,10.0,8.277262747547105e-07,6.416183326384226e-07,1.1834250909090716e-07,65.5176354480325,-65.5054508581226,65.49601016573135,-65.50819268832207,0.0,0.0,0.0,1.0,1.0,1.0,1.0,1.0,1.0
6.8100000000000005,0.0006285976145520761,-0.0008111399515599789,9.877064706314787,0.0,0.0,10.0,6.541208079823429e-07,5.070696459638934e-07,1.2613687226500762e-07,65.49624362054792,-65.48406162357864,65.47462306323585,-65.48680285672663,0.0,0.0,0.0,1.0,1.0,1.0,1.0,1.0,1.0
6.82,0.0006293253493225542,-0.000812079015565183,9.87739653508249,0.0,0.0,10.0,4.8205153945818e-07,3.737094739808112e-07,1.3379013233159782e-07,65.47520174928698,-65.46302293366922,65.45358695917902,-65.46576343762388,0.0,0.0,0.0,1.0,1.0,1.0,1.0,1.0,1.0
6.83,0.0006300538092191964,-0.0008130190153155027,9.877751844529557,0.0,0.0,10.0,3.1280004501277045e-07,2.425338768845811e-07,1.4131020793584967e-07,65.45447500876261,-65.44229904136687,65.43286539246081,-65.44503889131585,0.0,0.0,0.0,1.0,1.0,1.0,1.0,1.0,1.0
6.84,0.0006307824277476524,-0.0008139592195585634,9.878128650503736,0.0,0.0,10.0,1.4510558395710887e-07,1.1256412316369852e-07,1.4868301545867245e-07,65.43408563928332,-65.42191280501615,65.41248170015923,-65.42465193709049,0.0,0.0,0.0,1.0,1.0,1.0,1.0,1.0,1.0
6.8500000000000005,0.0006315110577501799,-0.0008148994384079658,9.878526242010743,0.0,0.0,10.0,-2.1297506650803327e-08,-1.64055735293178e-08,1.559030828195144e-07,65.41403354526177,-65.40186414446653,65.39243581398586,-65.4046024913182,0.0,0.0,0.0,1.0,1.0,1.0,1.0,1.0,1.0
6.86,0.0006322395720026845,-0.0008158395077117632,9.878943968577321,0.0,0.0,10.0,-1.8662758758700183e-07,-1.445442567068673e-07,1.6296534719343656e-07,65.39431756934701,-65.3821518891585,65.37272655305,-65.38488938640529,0.0,0.0,0.0,1.0,1.0,1.0,1.0,1.0,1.0
6.87,0.0006329678464377438,-0.0008167792673932911,9.879381189314259,0.0,0.0,10.0,-3.5109552890446537e-07,-2.72015151325641e-07,1.698648104732246e-07,65.37493638605491,-65.36277469586318,65.35335256027716,-65.3655112831093,0.0,0.0,0.0,1.0,1.0,1.0,1.0,1.0,1.0
6.88,0.0006336957601446065,-0.0008177185614511666,9.879837272916394,0.0,0.0,10.0,-5.149047099332512e-07,-3.9897566378632676e-07,1.7659653927577598e-07,65.35588850175813,-65.34373104867224,65.33431230239881,-65.34646667052888,0.0,0.0,0.0,1.0,1.0,1.0,1.0,1.0,1.0
6.890000000000001,0.000634423195369194,-0.0008186572379592878,9.88031159766261,0.0,0.0,10.0,-6.782510192807195e-07,-5.25577381933379e-07,1.8315566494808446e-07,65.33717225468924,-65.32501925900105,65.31560406995568,-65.32775386610702,0.0,0.0,0.0,1.0,1.0,1.0,1.0,1.0,1.0
6.9,0.0006351500375140986,-0.0008195951490668341,9.880803551415838,0.0,0.0,10.0,-8.413228548316722e-07,-6.519660750547219e-07,1.895373835728547e-07,65.31878581494426,-65.30663746559219,65.29722597730117,-65.30937101563448,0.0,0.0,0.0,1.0,1.0,1.0,1.0,1.0,1.0
6.91,0.0006358761751385851,-0.0008205321509982666,9.881312531623056,0.0,0.0,10.0,-1.0043011237486334e-06,-7.78281693881565e-07,1.957369559737959e-07,65.3007271844759,-65.28858363450865,65.2791759625946,-65.29131609324308,0.0,0.0,0.0,1.0,1.0,1.0,1.0,1.0,1.0
6.92,0.0006366014999585895,-0.0008214681040533282,9.881837945315288,0.0,0.0,10.0,-1.1673592424719875e-06,-9.046583705881057e-07,2.017497077206222e-07,65.2829941971038,-65.27085555914418,65.26145178781157,-65.27358690141597,0.0,0.0,0.0,1.0,1.0,1.0,1.0,1.0,1.0
6.93,0.0006373259068467198,-0.0008224028726070429,9.882379209107611,0.0,0.0,10.0,-1.3306631367201867e-06,-1.0312244187912923e-06,2.0757102913380383e-07,65.26558451849405,-65.25345086020272,65.24405103872331,-65.25618107096706,0.0,0.0,0.0,1.0,1.0,1.0,1.0,1.0,1.0
6.94,0.000638049257632272,-0.0008233362783394889,9.882935818547583,0.0,0.0,10.0,-1.4942469782566658e-06,-1.1580065451358887e-06,2.1319753139696778e-07,65.2484936067061,-65.23636505897066,65.22696928557394,-65.23909410897272,0.0,0.0,0.0,1.0,1.0,1.0,1.0,1.0,1.0
6.95,0.0006387713446348058,-0.0008242680531213343,9.88350741797411,0.0,0.0,10.0,-1.6578880070551391e-06,-1.2848333558558202e-06,2.1862821127289968e-07,65.23171265768116,-65.21958963636024,65.21019823017183,-65.22231743228781,0.0,0.0,0.0,1.0,1.0,1.0,1.0,1.0,1.0
6.96,0.0006394921497538018,-0.0008251981737565797,9.884093304178455,0.0,0.0,10.0,-1.8219959051247444e-06,-1.4120209313139725e-06,2.2385617657369911e-07,65.2152432021746,-65.20312582304702,65.19373887045535,-65.20585233905095,0.0,0.0,0.0,1.0,1.0,1.0,1.0,1.0,1.0
6.97,0.0006402115676435173,-0.0008261265043256397,9.884692956719164,0.0,0.0,10.0,-1.986662542298422e-06,-1.5396403217691293e-06,2.288774870012339e-07,65.1990815096229,-65.18696986535932,65.1775874347765,-65.18969508079108,0.0,0.0,0.0,1.0,1.0,1.0,1.0,1.0,1.0
6.98,0.000640929494789921,-0.000827052911272368,9.885305867277062,0.0,0.0,10.0,-2.1519677495131386e-06,-1.6677532529569981e-06,2.3368830937016343e-07,65.1832236066763,-65.17111776642888,65.16173990797527,-65.17384166593368,0.0,0.0,0.0,1.0,1.0,1.0,1.0,1.0,1.0
6.99,0.0006416458294514017,-0.000827977263327452,9.885931539768839,0.0,0.0,10.0,-2.317979115282692e-06,-1.7964119692007802e-06,2.382849195089374e-07,65.16766527385158,-65.15556528302831,65.1461920283603,-65.15828785659663,0.0,0.0,0.0,1.0,1.0,1.0,1.0,1.0,1.0
7.0,0.0006423604715994787,-0.0008288994314318101,9.886569490460625,0.0,0.0,10.0,-2.484751782170637e-06,-1.9256590765218598e-06,2.4266370416100267e-07,65.1524020422122,-65.14030792243571,65.13093928471669,-65.14302916541347,0.0,0.0,0.0,1.0,1.0,1.0,1.0,1.0,1.0
7.01,0.0006430733228595082,-0.0008298192886599884,9.887219248081585,0.0,0.0,10.0,-2.6523282432630656e-06,-2.055527385750404e-06,2.468211628862334e-07,65.13742919000136,-65.1253409392525,65.11597691326686,-65.12806085230956,0.0,0.0,0.0,1.0,1.0,1.0,1.0,1.0,1.0
7.0200000000000005,0.0006437842864513958,-0.000830736710143556,9.8878803539375,0.0,0.0,10.0,-2.8207381386414526e-06,-2.1860397556360457e-06,2.5075390996261487e-07,65.1227417393146,-65.11065933226064,65.10129989467109,-65.11337792131795,0.0,0.0,0.0,1.0,1.0,1.0,1.0,1.0,1.0
7.03,0.0006444932671303021,-0.000831651572994502,9.888552362024345,0.0,0.0,10.0,-2.9899980518553982e-06,-2.317208935958517e-06,2.5445867628818997e-07,65.10833445276317,-65.09625784127049,65.0869029510184,-65.09897511738562,0.0,0.0,0.0,1.0,1.0,1.0,1.0,1.0,1.0
7.04,0.0006452001711273545,-0.0008325637562286317,9.88923483914188,0.0,0.0,10.0,-3.1601113063955108e-06,-2.4490374106384186e-06,2.579323112832904e-07,65.09420183012398,-65.08213094395559,65.07278054280464,-65.0848469231668,0.0,0.0,0.0,1.0,1.0,1.0,1.0,1.0,1.0
7.05,0.0006459049060903543,-0.0008334731406889628,9.889927365007223,0.0,0.0,10.0,-3.3310677621661137e-06,-2.5815172408478944e-06,2.6117178479305134e-07,65.08033810501568,-65.06827285271322,65.05892686593602,-65.07098755584205,0.0,0.0,0.0,1.0,1.0,1.0,1.0,1.0,1.0
7.0600000000000005,0.0006466073810244869,-0.0008343796089691224,9.890629532368454,0.0,0.0,10.0,-3.5028436119580333e-06,-2.714629908121402e-06,2.641741889902222e-07,65.06673724152853,-65.05467751147897,65.04533584868697,-65.05739096389127,0.0,0.0,0.0,1.0,1.0,1.0,1.0,1.0,1.0
7.07,0.0006473070133543324,-0.0008352824091329126,9.891340468520387,0.0,0.0,10.0,-3.6705570586658237e-06,-2.8445944836089615e-06,2.669467211878564e-07,65.05344295753575,-65.04138856673104,65.0320510825906,-65.04410081011683,0.0,0.0,0.0,1.0,1.0,1.0,1.0,1.0,1.0
7.08,0.0006480036109374922,-0.0008361812932223618,9.892059662966645,0.0,0.0,10.0,-3.8330731408005115e-06,-2.970531769709492e-06,2.694887082642026e-07,65.04046077576827,-65.02841148037481,65.01907798246381,-65.03112257017294,0.0,0.0,0.0,1.0,1.0,1.0,1.0,1.0,1.0
7.09,0.0006486974013048798,-0.0008370765549857694,9.892787031990501,0.0,0.0,10.0,-3.993371264068523e-06,-3.0947491021259553e-06,2.717911585228244e-07,65.02775307787891,-65.01570862728155,65.00637891761762,-65.01841862030928,0.0,0.0,0.0,1.0,1.0,1.0,1.0,1.0,1.0
7.1000000000000005,0.0006493882674510727,-0.0008379680434434629,9.893522173277042,0.0,0.0,10.0,-4.151027047418081e-06,-3.2169176751142824e-06,2.738522239622969e-07,65.01531685186089,-65.00327695762472,64.99395080891195,-65.00598591923776,0.0,0.0,0.0,1.0,1.0,1.0,1.0,1.0,1.0
7.11,0.0006500760925352068,-0.0008388556078275186,9.894264694395284,0.0,0.0,10.0,-4.305586313257011e-06,-3.3366856027919125e-06,2.7567019521404284e-07,65.00314904600053,-64.99111338059193,64.98179053523359,-64.9938213849738,0.0,0.0,0.0,1.0,1.0,1.0,1.0,1.0,1.0
7.12,0.0006507607598809767,-0.0008397390975817623,9.895014212798175,0.0,0.0,10.0,-4.45656508745246e-06,-3.4536779191383354e-06,2.7724350155037904e-07,64.99124656888485,-64.97921476439237,64.96989493350374,-64.9819218948438,0.0,0.0,0.0,1.0,1.0,1.0,1.0,1.0,1.0
7.13,0.0006514421529766352,-0.0008406183623617685,9.895770355822593,0.0,0.0,10.0,-4.603449599330412e-06,-3.567496577995574e-06,2.7857071088977663e-07,64.97960628939431,-64.96757793624975,64.9582607986708,-64.97028428547802,0.0,0.0,0.0,1.0,1.0,1.0,1.0,1.0,1.0
7.140000000000001,0.0006521201554749937,-0.0008414932520348616,9.896532760689338,0.0,0.0,10.0,-4.745696281675283e-06,-3.6777204530688167e-06,2.796505297989503e-07,64.96822503672307,-64.95619968242234,64.94688488373056,-64.95890535283064,0.0,0.0,0.0,1.0,1.0,1.0,1.0,1.0,1.0
7.15,0.0006527946511934224,-0.0008423636166801145,9.897301074503146,0.0,0.0,10.0,-4.882731770729333e-06,-3.783905337927005e-06,2.8048180349135805e-07,64.95709960034847,-64.9450767481726,64.93576389969574,-64.94778185214948,0.0,0.0,0.0,1.0,1.0,1.0,1.0,1.0,1.0
7.16,0.0006534655241138498,-0.0008432293065883495,9.898074954252671,0.0,0.0,10.0,-5.013952906192222e-06,-3.885583946003617e-06,2.810635158216736e-07,64.94622673006863,-64.93420583780474,64.92489451563353,-64.93691049801338,0.0,0.0,0.0,1.0,1.0,1.0,1.0,1.0,1.0
7.17,0.0006541326583827627,-0.0008440901722621377,9.898854066810506,0.0,0.0,10.0,-5.138726731220347e-06,-3.98226591059739e-06,2.8139478927576827e-07,64.93560313596491,-64.92358361462716,64.9142733586281,-64.92628796429481,0.0,0.0,0.0,1.0,1.0,1.0,1.0,1.0,1.0
7.18,0.000654795938311207,-0.0008449460644158,9.89963808893317,0.0,0.0,10.0,-5.256390492426233e-06,-4.073437784873146e-06,2.8147488495571424e-07,64.92522548841902,-64.91320670096955,64.9038970137977,-64.91591088417694,0.0,0.0,0.0,1.0,1.0,1.0,1.0,1.0,1.0
7.19,0.0006554552483747865,-0.000845796833975406,9.900426707261106,0.0,0.0,10.0,-5.366251639877858e-06,-4.158563041862676e-06,2.8130320255929875e-07,64.91509041812311,-64.90307167819309,64.89376202430478,-64.90577585016369,0.0,0.0,0.0,1.0,1.0,1.0,1.0,1.0,1.0
7.2,0.0006561104732136639,-0.0008466423320787742,9.901219618318693,0.0,0.0,10.0,-5.467587827097892e-06,-4.237082074465639e-06,2.80879280353513e-07,64.90519451605572,-64.89317508666618,64.88386489133183,-64.89587941405573,0.0,0.0,0.0,1.0,1.0,1.0,1.0,1.0,1.0
7.21,0.0006567617072516101,-0.0008474826805126397,9.902016361502415,0.0,0.0,10.0,-5.564707640237362e-06,-4.312333455919371e-06,2.802036813225009e-07,64.89553316604379,-64.88351273499563,64.87420175246884,-64.88621728865336,0.0,0.0,0.0,1.0,1.0,1.0,1.0,1.0,1.0
7.22,0.000657409194815374,-0.0008483181944584727,9.902816366790148,0.0,0.0,10.0,-5.6655049296145535e-06,-4.390433776582901e-06,2.792777382876271e-07,64.88610087824043,-64.87407989733713,64.86476847356907,-64.87678457578399,0.0,0.0,0.0,1.0,1.0,1.0,1.0,1.0,1.0
7.23,0.0006580524827694455,-0.0008491482892757383,9.903619629870672,0.0,0.0,10.0,-5.761001289326317e-06,-4.464426318331021e-06,2.780999734757802e-07,64.87689600850113,-64.86487410588221,64.8555619489563,-64.86757899346114,0.0,0.0,0.0,1.0,1.0,1.0,1.0,1.0,1.0
7.24,0.0006586914913640834,-0.0008499728620419222,9.90442585895653,0.0,0.0,10.0,-5.851199012279098e-06,-4.534312984165574e-06,2.7667062602845464e-07,64.8679147943652,-64.85589162192372,64.84657845834154,-64.85859679763816,0.0,0.0,0.0,1.0,1.0,1.0,1.0,1.0,1.0
7.25,0.0006593261438922238,-0.0008507918137594242,9.905234769851106,0.0,0.0,10.0,-5.936140079814894e-06,-4.600126436765575e-06,2.7499008564629286e-07,64.85915341760415,-64.84712865625241,64.83781423501514,-64.84983419257928,0.0,0.0,0.0,1.0,1.0,1.0,1.0,1.0,1.0
7.26,0.0006599563667926938,-0.0008516050494887189,9.906046085866343,0.0,0.0,10.0,-6.0159086535734915e-06,-4.661932029283957e-06,2.730588930124026e-07,64.85060800371883,-64.83858136888891,64.8292654657604,-64.84128733053862,0.0,0.0,0.0,1.0,1.0,1.0,1.0,1.0,1.0
7.2700000000000005,0.0006605820897534263,-0.000852412478481517,9.906859537740546,0.0,0.0,10.0,-6.090633567354766e-06,-4.7198297361442095e-06,2.708777402171923e-07,64.84227462131355,-64.83024586869237,64.82092829064408,-64.83295231131599,0.0,0.0,0.0,1.0,1.0,1.0,1.0,1.0,1.0
7.28,0.0006612032458146747,-0.0008532140143139258,9.907674863556133,0.0,0.0,10.0,-6.160490818981057e-06,-4.773956083836909e-06,2.684474711848391e-07,64.83414928152953,-64.82211821302879,64.81279880286641,-64.82482518187216,0.0,0.0,0.0,1.0,1.0,1.0,1.0,1.0,1.0
7.29,0.0006618197714722279,-0.0008540095750196111,9.908491808657384,0.0,0.0,10.0,-6.225706062159675e-06,-4.824486081716195e-06,2.6576908210143017e-07,64.82622793750997,-64.81419440747065,64.80487304864262,-64.81690193597558,0.0,0.0,0.0,1.0,1.0,1.0,1.0,1.0,1.0
7.3,0.0006624316067806249,-0.0008547990832229585,9.909310125568235,0.0,0.0,10.0,-6.2865570983454405e-06,-4.871635152796071e-06,2.628437218447457e-07,64.81850648376657,-64.80647040539826,64.79714702698591,-64.80917851375082,0.0,0.0,0.0,1.0,1.0,1.0,1.0,1.0,1.0
7.3100000000000005,0.0006630386954563696,-0.0008555824662722324,9.91012957391002,0.0,0.0,10.0,-6.343376368603353e-06,-4.915661064546622e-06,2.596726924155628e-07,64.81098075564393,-64.7989421076988,64.78961668958834,-64.80165080132461,0.0,0.0,0.0,1.0,1.0,1.0,1.0,1.0,1.0
7.32,0.0006636409849811449,-0.00085635965637274,9.910949920319256,0.0,0.0,10.0,-6.3965534454713055e-06,-4.956865859690071e-06,2.5625744937025743e-07,64.80364652871297,-64.7916053623945,64.78227794063079,-64.79431463040112,0.0,0.0,0.0,1.0,1.0,1.0,1.0,1.0,1.0
7.33,0.0006642384267050282,-0.0008571305907199901,9.911770938365377,0.0,0.0,10.0,-6.446537524822981e-06,-4.995597786996775e-06,2.5259960225436305e-07,64.79649951825273,-64.78445596435907,64.77512663668111,-64.78716577792537,0.0,0.0,0.0,1.0,1.0,1.0,1.0,1.0,1.0
7.34,0.0006648309759497066,-0.0008578952116328553,9.912592408468534,0.0,0.0,10.0,-6.493839917730759e-06,-5.0322532320810185e-06,2.4870091503662966e-07,64.78953537860659,-64.77748965490872,64.76815858646694,-64.78019996562138,0.0,0.0,0.0,1.0,1.0,1.0,1.0,1.0,1.0
7.3500000000000005,0.0006654185921116897,-0.0008586534666867329,9.913414117817332,0.0,0.0,10.0,-6.53903654232881e-06,-5.067278648196718e-06,2.4456330654296934e-07,64.78274970265723,-64.77070212151173,64.76136955076706,-64.77341285964877,0.0,0.0,0.0,1.0,1.0,1.0,1.0,1.0,1.0
7.36,0.0006660012012931894,-0.000859405261006875,9.91423525576846,0.0,0.0,10.0,-6.577471792999043e-06,-5.0970628351469685e-06,2.401984647461505e-07,64.77617993587138,-64.76412961572196,64.75479485611048,-64.76684098024532,0.0,0.0,0.0,1.0,1.0,1.0,1.0,1.0,1.0
7.37,0.0006665787549684357,-0.0008601505317193547,9.915055921731254,0.0,0.0,10.0,-6.611442904071172e-06,-5.123387837930824e-06,2.3560414744422156e-07,64.76980284302661,-64.75774952137523,64.74841236603575,-64.76046157193043,0.0,0.0,0.0,1.0,1.0,1.0,1.0,1.0,1.0
7.38,0.0006671512162601781,-0.0008608892311069272,9.915876053600698,0.0,0.0,10.0,-6.642370761586393e-06,-5.147355639520419e-06,2.3078079818392983e-07,64.76360575202376,-64.75154950050403,64.74221000150197,-64.75426222152386,0.0,0.0,0.0,1.0,1.0,1.0,1.0,1.0,1.0
7.390000000000001,0.0006677185451732565,-0.0008616213075463441,9.916695454578056,0.0,0.0,10.0,-6.67054768639988e-06,-5.169192829294324e-06,2.2573125238607707e-07,64.75758564631245,-64.74552658092823,64.73618482474637,-64.74823994684299,0.0,0.0,0.0,1.0,1.0,1.0,1.0,1.0,1.0
7.4,0.0006682807042227117,-0.0008623467126531054,9.91751393487615,0.0,0.0,10.0,-6.696285881897419e-06,-5.189141403447052e-06,2.2045850924691325e-07,64.75173952256341,-64.73967780582797,64.73033391502555,-64.7423917805827,0.0,0.0,0.0,1.0,1.0,1.0,1.0,1.0,1.0
7.41,0.0006688376584337879,-0.000863065401281458,9.918331311719372,0.0,0.0,10.0,-6.719917433995912e-06,-5.207458764988436e-06,2.1496573174221677e-07,64.74606439064557,-64.73400023372055,64.7246543685925,-64.73671477029225,0.0,0.0,0.0,1.0,1.0,1.0,1.0,1.0,1.0
7.42,0.00066938937534193,-0.0008637773315243962,9.919147409343676,0.0,0.0,10.0,-6.7417943111438726e-06,-5.224417723742982e-06,2.0925624663113422e-07,64.74055727365253,-64.72849093848703,64.71914329872308,-64.73120597840202,0.0,0.0,0.0,1.0,1.0,1.0,1.0,1.0,1.0
7.43,0.0006699358249927861,-0.0008644824647136618,9.919962058996589,0.0,0.0,10.0,-6.762288364321956e-06,-5.240306496349169e-06,2.0333354445959648e-07,64.73521520786565,-64.72314700933532,64.7137978356792,-64.72586248218634,0.0,0.0,0.0,1.0,1.0,1.0,1.0,1.0,1.0
7.44,0.0006704769799422051,-0.000865180765419744,9.920775098937197,0.0,0.0,10.0,-6.7817913270435015e-06,-5.255428706258768e-06,1.9720127956312227e-07,64.73003524279132,-64.71796555083738,64.70861512674593,-64.7206813738009,0.0,0.0,0.0,1.0,1.0,1.0,1.0,1.0,1.0
7.45,0.0006710128152562394,-0.0008658722014518793,9.921586374436155,0.0,0.0,10.0,-6.800714815355093e-06,-5.2701033837361045e-06,1.9086327006881182e-07,64.72501444113996,-64.71294368290825,64.70359233621065,-64.71565976026174,0.0,0.0,0.0,1.0,1.0,1.0,1.0,1.0,1.0
7.46,0.0006715433085111417,-0.000866556743858052,9.922395737775679,0.0,0.0,10.0,-6.819490327837133e-06,-5.284664965857335e-06,1.8432349789631103e-07,64.72014987883712,-64.70807854081717,64.69872664537402,-64.71079476345632,0.0,0.0,0.0,1.0,1.0,1.0,1.0,1.0,1.0
7.47,0.0006720684397933682,-0.0008672343669249931,9.92320304824956,0.0,0.0,10.0,-6.8385692456044226e-06,-5.299463296509679e-06,1.7758610875753495e-07,64.71543864500288,-64.70336727516697,64.69401525252952,-64.70608352012287,0.0,0.0,0.0,1.0,1.0,1.0,1.0,1.0,1.0
7.48,0.0006725881916995765,-0.0008679050481781817,9.924008172163147,0.0,0.0,10.0,-6.858422832306756e-06,-5.314863626390659e-06,1.706554121549093e-07,64.71087784198203,-64.69880705192425,64.68945537299354,-64.70152318188073,0.0,0.0,0.0,1.0,1.0,1.0,1.0,1.0,1.0
7.49,0.0006731025493366257,-0.0008685687683818437,9.924810982833359,0.0,0.0,10.0,-6.879542234129527e-06,-5.3312466130073254e-06,1.6353588137789402e-07,64.706464585317,-64.6943950523923,64.68504423907825,-64.69711091520307,0.0,0.0,0.0,1.0,1.0,1.0,1.0,1.0,1.0
7.5,0.000673611500321578,-0.0008692255115389532,9.925611360588679,0.0,0.0,10.0,-6.9024384797943286e-06,-5.3490083206754805e-06,1.562321534975235e-07,64.70219600376517,-64.69012847322844,64.68077910010908,-64.69284390143439,0.0,0.0,0.0,1.0,1.0,1.0,1.0,1.0,1.0
7.51,0.0006741150347816967,-0.0008698752648912307,9.926409192769153,0.0,0.0,10.0,-6.927642480559561e-06,-5.3685602205188744e-06,1.487490293587126e-07,64.69806923929853,-64.68600452644364,64.67665722242425,-64.68871933679004,0.0,0.0,0.0,1.0,1.0,1.0,1.0,1.0,1.0
7.5200000000000005,0.0006746130423637323,-0.0008705178865179471,9.927203905474565,0.0,0.0,10.0,-6.9491068594869225e-06,-5.3852133318097295e-06,1.4108478082822166e-07,64.69408314331895,-64.68202083174141,64.67267527137915,-64.68473511835394,0.0,0.0,0.0,1.0,1.0,1.0,1.0,1.0,1.0
7.53,0.0006751055047487836,-0.0008711533528261761,9.927995338841747,0.0,0.0,10.0,-6.966539547888286e-06,-5.3987410143792476e-06,1.3324366154658074e-07,64.69023510599934,-64.67817468312312,64.66883046651432,-64.6808885617639,0.0,0.0,0.0,1.0,1.0,1.0,1.0,1.0,1.0
7.54,0.0006755924809513828,-0.0008717817396518225,9.928783680206214,0.0,0.0,10.0,-6.984461961196552e-06,-5.41264872982862e-06,1.2523495114720123e-07,64.6865212984121,-64.67446310490097,64.66512049335296,-64.6771764991412,0.0,0.0,0.0,1.0,1.0,1.0,1.0,1.0,1.0
7.55,0.0006760739639928026,-0.0008724030380039272,9.929568812461048,0.0,0.0,10.0,-7.003026676231035e-06,-5.42705457356825e-06,1.1706364136961121e-07,64.6829390330588,-64.67088339769224,64.66154264336646,-64.67359623375431,0.0,0.0,0.0,1.0,1.0,1.0,1.0,1.0,1.0
7.5600000000000005,0.0006765499488996617,-0.000873017241481252,9.930350623215537,0.0,0.0,10.0,-7.0223738083516455e-06,-5.442066970069982e-06,1.0873485495276368e-07,64.67948564397057,-64.66743287939133,64.65809422200986,-64.67014508710554,0.0,0.0,0.0,1.0,1.0,1.0,1.0,1.0,1.0
7.57,0.0006770204326883886,-0.00087362434625231,9.93112900472455,0.0,0.0,10.0,-7.042630016215644e-06,-5.457783901210545e-06,1.0025384462573239e-07,64.67615848696711,-64.66410888523203,64.65477254863181,-64.66682039903766,0.0,0.0,0.0,1.0,1.0,1.0,1.0,1.0,1.0
7.58,0.0006774854143496883,-0.0008742243510353934,9.931903853817921,0.0,0.0,10.0,-7.0639075065344525e-06,-5.474292134615098e-06,9.162599209847335e-08,64.67295493988107,-64.66090876781522,64.65157495634968,-64.6636195278058,0.0,0.0,0.0,1.0,1.0,1.0,1.0,1.0,1.0
7.59,0.0006779448948330066,-0.0008748172570786043,9.932675071829793,0.0,0.0,10.0,-7.0863030388303214e-06,-5.491666452000754e-06,8.285680705272668e-08,64.66987240286737,-64.65782989722155,64.64849879201005,-64.66053985023458,0.0,0.0,0.0,1.0,1.0,1.0,1.0,1.0,1.0
7.6000000000000005,0.0006783988770309959,-0.0008754030681398824,9.93344256452802,0.0,0.0,10.0,-7.109896930193049e-06,-5.509968877520201e-06,7.395192613310892e-08,64.66690829859648,-64.65486966100804,64.64554141603277,-64.65757876175884,0.0,0.0,0.0,1.0,1.0,1.0,1.0,1.0,1.0
7.61,0.0006788473657639798,-0.0008759817904670338,9.934206242043503,0.0,0.0,10.0,-7.134752060036589e-06,-5.5292479061053525e-06,6.491711193846333e-08,64.66406007257766,-64.6520254643346,64.64270020238521,-64.6547336765946,0.0,0.0,0.0,1.0,1.0,1.0,1.0,1.0,1.0
7.62,0.000679290367764419,-0.0008765534327777614,9.934966018799594,0.0,0.0,10.0,-7.160912874855686e-06,-5.549537731811056e-06,5.5758252013510834e-08,64.6613251933524,-64.64929472996089,64.6399725384266,-64.6520020277801,0.0,0.0,0.0,1.0,1.0,1.0,1.0,1.0,1.0
7.63,0.000679727891661377,-0.0008771180062396934,9.935721813441454,0.0,0.0,10.0,-7.18840439298242e-06,-5.570857476158836e-06,4.648135784086743e-08,64.65870115277407,-64.64667489832924,64.63735582483866,-64.64938126730306,0.0,0.0,0.0,1.0,1.0,1.0,1.0,1.0,1.0
7.640000000000001,0.0006801599479649836,-0.0008776755244504124,9.93647354876541,0.0,0.0,10.0,-7.217231209342751e-06,-5.5932104164807214e-06,3.709256383345867e-08,64.65618546628853,-64.64416342764855,64.63484747555702,-64.64686886622893,0.0,0.0,0.0,1.0,1.0,1.0,1.0,1.0,1.0
7.65,0.0006805865490509024,-0.0008782260034174847,9.937221151648345,0.0,0.0,10.0,-7.247376500212991e-06,-5.616583214263055e-06,2.759812632737515e-08,64.65377567315272,-64.6417577939163,64.63244491764091,-64.6444623147671,0.0,0.0,0.0,1.0,1.0,1.0,1.0,1.0,1.0
7.66,0.0006810077091447944,-0.0008787694615384886,9.937964552977057,0.0,0.0,10.0,-7.278801027976276e-06,-5.64094514349043e-06,1.8004422575179472e-08,64.65146933671605,-64.63945549100319,64.63014559120536,-64.6421591223999,0.0,0.0,0.0,1.0,1.0,1.0,1.0,1.0,1.0
7.67,0.0006814234443067839,-0.0008793059195810447,9.938703687577641,0.0,0.0,10.0,-7.311442145878985e-06,-5.666247318989607e-06,8.31794973969209e-09,64.64926404465268,-64.63725403068881,64.62794694930447,-64.63995681796251,0.0,0.0,0.0,1.0,1.0,1.0,1.0,1.0,1.0
7.68,0.000681833772415924,-0.0008798354006628441,9.939438494144847,0.0,0.0,10.0,-7.345212802787114e-06,-5.692421924773501e-06,-1.4546761117603301e-09,64.64715740924196,-64.63515094274534,64.62584645786276,-64.63785294977104,0.0,0.0,0.0,1.0,1.0,1.0,1.0,1.0,1.0
7.69,0.0006822381612571933,-0.0008803572173130441,9.940168616005646,0.0,0.0,10.0,-7.380113569380317e-06,-5.7194752355216995e-06,-1.1314502975725999e-08,64.64515332824006,-64.63315132504027,64.62385014502537,-64.63585234587761,0.0,0.0,0.0,1.0,1.0,1.0,1.0,1.0,1.0
7.7,0.000682636706476151,-0.0008808714931061312,9.940894039588247,0.0,0.0,10.0,-7.415990409905361e-06,-5.747286652812227e-06,-2.125363410153433e-08,64.64324862242526,-64.63125172872995,64.62195435307957,-64.63395161805352,0.0,0.0,0.0,1.0,1.0,1.0,1.0,1.0,1.0
7.71,0.0006830296661590189,-0.0008813785614515543,9.941614842070724,0.0,0.0,10.0,-7.452628995707051e-06,-5.775687027393436e-06,-3.126179136115114e-08,64.64143831539597,-64.62944652521021,64.62015294802765,-64.63214528432403,0.0,0.0,0.0,1.0,1.0,1.0,1.0,1.0,1.0
7.72,0.0006834170357132202,-0.0008818784164418449,9.942330960875319,0.0,0.0,10.0,-7.489840765750843e-06,-5.804530132523736e-06,-4.133231038213987e-08,64.63972045603005,-64.62773372157214,64.61844390468676,-64.63043136117666,0.0,0.0,0.0,1.0,1.0,1.0,1.0,1.0,1.0
7.73,0.0006837988103233473,-0.0008823710518826259,9.943042335875106,0.0,0.0,10.0,-7.5274081806225994e-06,-5.8336472861577685e-06,-5.145844060582649e-08,64.63809314139276,-64.62611137008713,64.61682524072683,-64.62880791095729,0.0,0.0,0.0,1.0,1.0,1.0,1.0,1.0,1.0
7.74,0.0006841749848788272,-0.0008828564611992667,9.94374890929259,0.0,0.0,10.0,-7.565083738916852e-06,-5.8628465889437015e-06,-6.163334709231072e-08,64.6365545175896,-64.62457756899566,64.61529501740986,-64.62727304267355,0.0,0.0,0.0,1.0,1.0,1.0,1.0,1.0,1.0
7.75,0.0006845455539015858,-0.0008833346373435415,9.944450625598295,0.0,0.0,10.0,-7.602588993625133e-06,-5.891912162220561e-06,-7.18501123256174e-08,64.63510278067078,-64.62313046334793,64.61385134038095,-64.6258249128497,0.0,0.0,0.0,1.0,1.0,1.0,1.0,1.0,1.0
7.76,0.0006849105114737113,-0.0008838055727002829,9.94514743140932,0.0,0.0,10.0,-7.639613568524224e-06,-5.920603386015615e-06,-8.210173801917188e-08,64.63373617755454,-64.62176824586308,64.61249236047802,-64.6244617264005,0.0,0.0,0.0,1.0,1.0,1.0,1.0,1.0,1.0
7.7700000000000005,0.0006852698511651199,-0.0008842692589940397,9.945839275387938,0.0,0.0,10.0,-7.675814174564395e-06,-5.948654137041714e-06,-9.238114692185205e-08,64.63245300691088,-64.62048915774905,64.61121627450213,-64.62318173746544,0.0,0.0,0.0,1.0,1.0,1.0,1.0,1.0,1.0
7.78,0.0006856235659612191,-0.0008847256871957321,9.946526108140173,0.0,0.0,10.0,-7.710813626257672e-06,-5.975772026694699e-06,-1.0268118462488524e-07,64.63125162006489,-64.61929148954191,64.61002132600728,-64.62198325026259,0.0,0.0,0.0,1.0,1.0,1.0,1.0,1.0,1.0
7.79,0.000685971648190573,-0.0008851748474293081,9.947207882114382,0.0,0.0,10.0,-7.744199858066063e-06,-6.0016376390508145e-06,-1.1299462136992715e-07,64.6301304218909,-64.61817358193602,64.60890580608104,-64.62086461993313,0.0,0.0,0.0,1.0,1.0,1.0,1.0,1.0,1.0
7.8,0.0006863140894525662,-0.0008856167288783994,9.947884551499836,0.0,0.0,10.0,-7.77552494078978e-06,-6.025903768864097e-06,-1.2331415385867257e-07,64.62908787171587,-64.61713382662354,64.60786805413446,-64.61982425339535,0.0,0.0,0.0,1.0,1.0,1.0,1.0,1.0,1.0
7.8100000000000005,0.0006866508805450682,-0.0008860513196929777,9.94855607212529,0.0,0.0,10.0,-7.804304097955471e-06,-6.048194659563804e-06,-1.336324070644319e-07,64.62812248423661,-64.6161706671476,64.60690645870572,-64.61886061021237,0.0,0.0,0.0,1.0,1.0,1.0,1.0,1.0,1.0
7.82,0.0006869820113920981,-0.0008864786068960104,9.949222401357579,0.0,0.0,10.0,-7.830014722204453e-06,-6.0681052412518045e-06,-1.439419360461344e-07,64.62723283039627,-64.61528259971479,64.60601945822326,-64.61797220341899,0.0,0.0,0.0,1.0,1.0,1.0,1.0,1.0,1.0
7.83,0.000687307470971489,-0.0008868985762901173,9.949883498000188,0.0,0.0,10.0,-7.852095391680949e-06,-6.085200368699992e-06,-1.5423522776530047e-07,64.62641753829523,-64.61446817404223,64.60520554180303,-64.61715760038325,0.0,0.0,0.0,1.0,1.0,1.0,1.0,1.0,1.0
7.84,0.0006876272472425516,-0.0008873112123642257,9.950539322191851,0.0,0.0,10.0,-7.869944886420316e-06,-6.099014059347656e-06,-1.645047029065548e-07,64.62567529407102,-64.61372599417341,64.60446325001496,-64.61641542363674,0.0,0.0,0.0,1.0,1.0,1.0,1.0,1.0,1.0
7.8500000000000005,0.0006879413270737401,-0.0008877164982002277,9.951189835305094,0.0,0.0,10.0,-7.882921204737358e-06,-6.109048731298862e-06,-1.7474271770234892e-07,64.62500484285587,-64.61305471937175,64.60379117572703,-64.61574435178264,0.0,0.0,0.0,1.0,1.0,1.0,1.0,1.0,1.0
7.86,0.0006882497538823781,-0.0008881144896129254,9.951835075509562,0.0,0.0,10.0,-7.893833832692033e-06,-6.117482712486772e-06,-1.8494793923590764e-07,64.62440143397166,-64.61245011895492,64.60318549117137,-64.6151400370341,0.0,0.0,0.0,1.0,1.0,1.0,1.0,1.0,1.0
7.87,0.0006885527105370731,-0.0008885054217846138,9.952475266456526,0.0,0.0,10.0,-7.913965138680086e-06,-6.133063259376958e-06,-1.9513451083810565e-07,64.62385170975767,-64.61190083765125,64.6026363922678,-64.61459067316892,0.0,0.0,0.0,1.0,1.0,1.0,1.0,1.0,1.0
7.88,0.0006888499987582833,-0.0008888890396333842,9.953110134728577,0.0,0.0,10.0,-7.931562408315073e-06,-6.14667886479664e-06,-2.052745688043423e-07,64.62336577620844,-64.61141496702793,64.60215041031512,-64.61410480542648,0.0,0.0,0.0,1.0,1.0,1.0,1.0,1.0,1.0
7.890000000000001,0.0006891416092584228,-0.000889265331166895,9.95373965732817,0.0,0.0,10.0,-7.94635124599735e-06,-6.158117025154976e-06,-2.1536121596452227e-07,64.62294207306005,-64.61099093956331,64.60172597229689,-64.61368086792758,0.0,0.0,0.0,1.0,1.0,1.0,1.0,1.0,1.0
7.9,0.0006894275318738712,-0.0008896342832605844,9.95436381274033,0.0,0.0,10.0,-7.958046451388787e-06,-6.167156881141801e-06,-2.2538756341025968e-07,64.62257906794642,-64.61062721762958,64.60136153663858,-64.61331732423912,0.0,0.0,0.0,1.0,1.0,1.0,1.0,1.0,1.0
7.91,0.0006897077555087823,-0.0008899958815850933,9.954982580852377,0.0,0.0,10.0,-7.96635201297674e-06,-6.173569213314759e-06,-2.3534673409336512e-07,64.62227525637373,-64.61032229357363,64.60105559337103,-64.61301266743106,0.0,0.0,0.0,1.0,1.0,1.0,1.0,1.0,1.0
7.92,0.0006899822680788929,-0.0008903501105336858,9.95559594287368,0.0,0.0,10.0,-7.970961101638047e-06,-6.1771164376863905e-06,-2.452318664253665e-07,64.62202916157975,-64.61007468968315,64.60080666417915,-64.61276542001855,0.0,0.0,0.0,1.0,1.0,1.0,1.0,1.0,1.0
7.930000000000001,0.0006902510564553296,-0.0008906969531496711,9.956203881255403,0.0,0.0,10.0,-7.971556064203008e-06,-6.1775526013112036e-06,-2.55036117878164e-07,64.62183933446443,-64.60988295822365,64.6006133025215,-64.61257413397503,0.0,0.0,0.0,1.0,1.0,1.0,1.0,1.0,1.0
7.94,0.0006905141064084189,-0.0008910363910538251,9.956806379610246,0.0,0.0,10.0,-7.967808417019467e-06,-6.174623377872728e-06,-2.647526685859023e-07,64.6217043534961,-64.6097456814514,64.60047409372574,-64.61243739072114,0.0,0.0,0.0,1.0,1.0,1.0,1.0,1.0,1.0
7.95,0.0006907714025514949,-0.0008913684043718112,9.9574034226322,0.0,0.0,10.0,-7.959378839516826e-06,-6.1680660632705174e-06,-2.743747249481617e-07,64.62162282459879,-64.60966147160721,64.60038765506512,-64.6123538010946,0.0,0.0,0.0,1.0,1.0,1.0,1.0,1.0,1.0
7.96,0.000691022928284707,-0.0008916929716616034,9.957994996016293,0.0,0.0,10.0,-7.945917167770147e-06,-6.157609571207141e-06,-2.838955232345534e-07,64.62159338107197,-64.60962897094284,64.6003526358673,-64.61232200535268,0.0,0.0,0.0,1.0,1.0,1.0,1.0,1.0,1.0
7.97,0.0006912686657388288,-0.0008920100698409058,9.958581086378326,0.0,0.0,10.0,-7.927062388064232e-06,-6.142974428775149e-06,-2.9330833319082875e-07,64.6216146834974,-64.60964685173438,64.60036771761047,-64.61234067316161,0.0,0.0,0.0,1.0,1.0,1.0,1.0,1.0,1.0
7.98,0.0006915085957190667,-0.0008923196741145754,9.959161681174631,0.0,0.0,10.0,-7.902442630457753e-06,-6.123872772043982e-06,-3.0260646164660077e-07,64.62168541963594,-64.60971381628572,64.60043161400925,-64.61240850357613,0.0,0.0,0.0,1.0,1.0,1.0,1.0,1.0,1.0
7.99,0.0006917420845264175,-0.0008926209675720186,9.95973643962374,0.0,0.0,10.0,-7.852288385155798e-06,-6.084982034959631e-06,-3.1176783423778663e-07,64.6218145308996,-64.60983624959782,64.60054873036513,-64.61253245792311,0.0,0.0,0.0,1.0,1.0,1.0,1.0,1.0,1.0
8.0,0.0006919693855996864,-0.000892914276567967,9.960305566616965,0.0,0.0,10.0,-7.788101567146988e-06,-6.035218720051111e-06,-3.208103633616891e-07,64.62199308193576,-64.61000723823348,64.6007137191382,-64.61270516706014,0.0,0.0,0.0,1.0,1.0,1.0,1.0,1.0,1.0
8.01,0.0006921907972032255,-0.0008931999855438556,9.960869213390376,0.0,0.0,10.0,-7.719644242304749e-06,-5.982149524406999e-06,-3.297268822092514e-07,64.62221394602754,-64.61022105265086,64.60092193336075,-64.61292058671931,0.0,0.0,0.0,1.0,1.0,1.0,1.0,1.0,1.0
8.02,0.0006924063685448742,-0.0008934781579729498,9.961427378271885,0.0,0.0,10.0,-7.647872265256685e-06,-5.926515360714547e-06,-3.38502029259028e-07,64.62247484989255,-64.61047546147226,64.60117117450244,-64.61317647619721,0.0,0.0,0.0,1.0,1.0,1.0,1.0,1.0,1.0
8.03,0.0006926161706388681,-0.0008937488854817144,9.961980090838285,0.0,0.0,10.0,-7.573288883021225e-06,-5.868706068676038e-06,-3.471337386466483e-07,64.6227743916679,-64.61076893562796,64.60145981466987,-64.61347133477118,0.0,0.0,0.0,1.0,1.0,1.0,1.0,1.0,1.0
8.040000000000001,0.0006928203203454959,-0.0008940123188375057,9.962527354549362,0.0,0.0,10.0,-7.497496355092335e-06,-5.809963212900757e-06,-3.5560089212633305e-07,64.62310924229173,-64.61109819839633,64.60178461807536,-64.61380187394437,0.0,0.0,0.0,1.0,1.0,1.0,1.0,1.0,1.0
8.05,0.0006930187988205674,-0.0008942684337282019,9.96306916819025,0.0,0.0,10.0,-7.42024948636039e-06,-5.750096800398867e-06,-3.6390659748507197e-07,64.62347991665078,-64.61146375987056,64.60214609104939,-64.61416860489517,0.0,0.0,0.0,1.0,1.0,1.0,1.0,1.0,1.0
8.06,0.0006932116366313085,-0.0008945172695997292,9.963605538433868,0.0,0.0,10.0,-7.341766407815061e-06,-5.689275746100802e-06,-3.720485405280042e-07,64.62388594794717,-64.61186514759805,64.60254375675575,-64.61457105640162,0.0,0.0,0.0,1.0,1.0,1.0,1.0,1.0,1.0
8.07,0.0006933989519996732,-0.0008947589790104643,9.964136488374601,0.0,0.0,10.0,-7.2629623960510025e-06,-5.62820888491791e-06,-3.8001655126088034e-07,64.6243254087245,-64.6123004240945,64.60297566997609,-64.6150072930956,0.0,0.0,0.0,1.0,1.0,1.0,1.0,1.0,1.0
8.08,0.0006935807547630987,-0.0008949935746550332,9.964662019934176,0.0,0.0,10.0,-7.183913612705769e-06,-5.566955200116478e-06,-3.8780978345734494e-07,64.6247981385881,-64.6127694281308,64.60344166883772,-64.61547715392409,0.0,0.0,0.0,1.0,1.0,1.0,1.0,1.0,1.0
8.09,0.0006937570894529609,-0.0008952211139985194,9.965182141811697,0.0,0.0,10.0,-7.104964820547517e-06,-5.505781692796975e-06,-3.9542440624205494e-07,64.62530341150477,-64.6132714298965,64.60394102061692,-64.61597990987372,0.0,0.0,0.0,1.0,1.0,1.0,1.0,1.0,1.0
8.1,0.0006939282879293332,-0.0008954420253272477,9.965696934879961,0.0,0.0,10.0,-7.0282127242976625e-06,-5.446311866716008e-06,-4.028286625737278e-07,64.62583554198058,-64.61380069427076,64.6044679520364,-64.61650983673934,0.0,0.0,0.0,1.0,1.0,1.0,1.0,1.0,1.0
8.11,0.0006940943009794049,-0.0008956562451314515,9.966206388117573,0.0,0.0,10.0,-6.953317780934681e-06,-5.388282788258117e-06,-4.100270672122095e-07,64.62639535648344,-64.61435805378038,64.60502330028545,-64.61706776573018,0.0,0.0,0.0,1.0,1.0,1.0,1.0,1.0,1.0
8.120000000000001,0.000694255041099824,-0.0008958636604818188,9.966710479914582,0.0,0.0,10.0,-6.879735557853127e-06,-5.331272902877209e-06,-4.170280505778814e-07,64.62698435904528,-64.61494502592525,64.60560859321774,-64.61765521137926,0.0,0.0,0.0,1.0,1.0,1.0,1.0,1.0,1.0
8.13,0.0006944105082905902,-0.0008960642713783496,9.967209210270989,0.0,0.0,10.0,-6.807466055080607e-06,-5.275282210537723e-06,-4.2383161244599173e-07,64.62760254966241,-64.61556161070172,64.60622383082959,-64.61827217368284,0.0,0.0,0.0,1.0,1.0,1.0,1.0,1.0,1.0
8.14,0.0006945607025517035,-0.0008962580778210437,9.967702579186792,0.0,0.0,10.0,-6.73650927264409e-06,-5.220310711204853e-06,-4.3043775259580756e-07,64.62824992833839,-64.61620780811334,64.60686901312455,-64.61891865264445,0.0,0.0,0.0,1.0,1.0,1.0,1.0,1.0,1.0
8.15,0.0006947057749682796,-0.0008964452748345411,9.968190644265512,0.0,0.0,10.0,-6.667171828541475e-06,-5.166595279160278e-06,-4.3683412871224996e-07,64.62892420460341,-64.61688126613151,64.607541740509,-64.61959231001373,0.0,0.0,0.0,1.0,1.0,1.0,1.0,1.0,1.0
8.16,0.0006948459454428019,-0.00089662614627475,9.968673489348344,0.0,0.0,10.0,-6.59990000140081e-06,-5.114480681949184e-06,-4.430027767421708e-07,64.6296220447136,-64.61757856141415,64.60823852041075,-64.62028974250282,0.0,0.0,0.0,1.0,1.0,1.0,1.0,1.0,1.0
8.17,0.0006949810962490093,-0.0008968005401775173,9.969151069550342,0.0,0.0,10.0,-6.5344548730300984e-06,-5.063782345906271e-06,-4.4895331341044147e-07,64.63034523341581,-64.61830152667515,64.60896122260644,-64.62101277208934,0.0,0.0,0.0,1.0,1.0,1.0,1.0,1.0,1.0
8.18,0.000695111268511082,-0.0008969685096270153,9.969623400550734,0.0,0.0,10.0,-6.4709199024588875e-06,-5.014564746317846e-06,-4.5468237900438196e-07,64.63109314725882,-64.61904952170747,64.6097091939422,-64.62176076231655,0.0,0.0,0.0,1.0,1.0,1.0,1.0,1.0,1.0
8.19,0.0006952365033531994,-0.0008971301077074169,9.97009049802874,0.0,0.0,10.0,-6.409378548716823e-06,-4.966892358470065e-06,-4.601866138031476e-07,64.63186516280142,-64.61982190631406,64.61048178127415,-64.6225330767377,0.0,0.0,0.0,1.0,1.0,1.0,1.0,1.0,1.0
8.2,0.0006953568418995413,-0.0008972853875028945,9.97055237766359,0.0,0.0,10.0,-6.349914270833568e-06,-4.9208296576490854e-06,-4.654626580789908e-07,64.63266065658894,-64.62061804028447,64.611278331445,-64.62332907889262,0.0,0.0,0.0,1.0,1.0,1.0,1.0,1.0,1.0
8.21,0.0006954723252742877,-0.0008974344020976208,9.971009055134504,0.0,0.0,10.0,-6.292610527838674e-06,-4.8764411191411625e-06,-4.7050715209857493e-07,64.63347900518372,-64.62143728342518,64.61209819131443,-64.62414813233809,0.0,0.0,0.0,1.0,1.0,1.0,1.0,1.0,1.0
8.22,0.0006955830417943571,-0.0008975772654841813,9.97146058526211,0.0,0.0,10.0,-6.23743828393032e-06,-4.8337040539805924e-06,-4.753123593181081e-07,64.63431839627074,-64.62227777358824,64.61293946022226,-64.62498838611182,0.0,0.0,0.0,1.0,1.0,1.0,1.0,1.0,1.0
8.23,0.0006956890594791607,-0.000897714065458568,9.971907006032394,0.0,0.0,10.0,-6.184416887120773e-06,-4.792633262383083e-06,-4.798724256635618e-07,64.63517752886386,-64.62313817418091,64.61380077405919,-64.62584851160877,0.0,0.0,0.0,1.0,1.0,1.0,1.0,1.0,1.0
8.24,0.0006957904055716561,-0.0008978448371894179,9.972348321611566,0.0,0.0,10.0,-6.133662885548256e-06,-4.753318858036969e-06,-4.841852787998643e-07,64.63605612921694,-64.6240182044305,64.61468184662547,-64.62672822961953,0.0,0.0,0.0,1.0,1.0,1.0,1.0,1.0,1.0
8.25,0.0006958871350221736,-0.0008979696516053619,9.97278455914619,0.0,0.0,10.0,-6.08522678040674e-06,-4.715799779547023e-06,-4.882462767222427e-07,64.63695322556964,-64.62491686613022,64.61558165927752,-64.62762654786594,0.0,0.0,0.0,1.0,1.0,1.0,1.0,1.0,1.0
8.26,0.0006959793040657809,-0.0008980885812931538,9.973215746848377,0.0,0.0,10.0,-6.039156010419086e-06,-4.680112592628143e-06,-4.92050658280422e-07,64.63786781381019,-64.62583312782127,64.61649915942387,-64.62854244102031,0.0,0.0,0.0,1.0,1.0,1.0,1.0,1.0,1.0
8.27,0.000696066970222284,-0.0008982017004976698,9.973641913995793,0.0,0.0,10.0,-5.995494951836914e-06,-4.64629149010547e-06,-4.95593543180057e-07,64.63879885746186,-64.62676592477953,64.61743326051163,-64.62947485069196,0.0,0.0,0.0,1.0,1.0,1.0,1.0,1.0,1.0
8.28,0.0006961501922962267,-0.0008983090851219085,9.974063090931661,0.0,0.0,10.0,-5.954284918440526e-06,-4.614368291914537e-06,-4.988699319840974e-07,64.63974528768311,-64.62771415901554,64.61838284202669,-64.63042268542733,0.0,0.0,0.0,1.0,1.0,1.0,1.0,1.0,1.0
8.290000000000001,0.0006962290303768905,-0.0008984108127269914,9.974479309064764,0.0,0.0,10.0,-5.915564161538792e-06,-4.584372445101384e-06,-5.018747061140818e-07,64.64070600325417,-64.62867669926115,64.61934674948026,-64.6313848206966,0.0,0.0,0.0,1.0,1.0,1.0,1.0,1.0,1.0
8.3,0.000696303545838295,-0.000898506962532162,9.97489060086943,0.0,0.0,10.0,-5.879367869969067e-06,-4.556331023822701e-06,-5.046026278513523e-07,64.64167987060674,-64.6296523809992,64.62032379443858,-64.63236009892334,0.0,0.0,0.0,1.0,1.0,1.0,1.0,1.0,1.0
8.31,0.0006963732464008485,-0.0008985968992129214,9.975296997074489,0.0,0.0,10.0,-5.840573985208814e-06,-4.526277680998639e-06,-5.071120878754333e-07,64.64267500690738,-64.63064939295337,64.62132222071716,-64.63335669338605,0.0,0.0,0.0,1.0,1.0,1.0,1.0,1.0,1.0
8.32,0.0006964384378490277,-0.0008986810174234251,9.97569851838558,0.0,0.0,10.0,-5.801671905488943e-06,-4.496139881465201e-06,-5.093694234422025e-07,64.64368632357011,-64.6316625781647,64.6223368186178,-64.63436946217135,0.0,0.0,0.0,1.0,1.0,1.0,1.0,1.0,1.0
8.33,0.0006964992252998068,-0.0008987594528372343,9.976095192233839,0.0,0.0,10.0,-5.76317764091713e-06,-4.466317022082315e-06,-5.113642307982996e-07,64.64471200935421,-64.63269008957897,64.62336571342948,-64.63539656620004,0.0,0.0,0.0,1.0,1.0,1.0,1.0,1.0,1.0
8.34,0.0006965556401284226,-0.0008988322459570656,9.976487046481436,0.0,0.0,10.0,-5.724910907733232e-06,-4.436669336192336e-06,-5.130945987409077e-07,64.64575147828688,-64.6337313186486,64.62440827915063,-64.63643740201196,0.0,0.0,0.0,1.0,1.0,1.0,1.0,1.0,1.0
8.35,0.0006966077137101116,-0.0008988994372856355,9.976874108990526,0.0,0.0,10.0,-5.686691422176567e-06,-4.407057057138324e-06,-5.145586160888057e-07,64.64680414442554,-64.63478565685618,64.6254638898099,-64.63749136617713,0.0,0.0,0.0,1.0,1.0,1.0,1.0,1.0,1.0
8.36,0.0006966554774201111,-0.0008989610673256607,9.97725640762327,0.0,0.0,10.0,-5.648338900486091e-06,-4.3773404182638096e-06,-5.157543716821773e-07,64.64786942180744,-64.6358524956642,64.62653191941575,-64.63855785524548,0.0,0.0,0.0,1.0,1.0,1.0,1.0,1.0,1.0
8.370000000000001,0.0006966989626336574,-0.0008990171765798573,9.97763397024183,0.0,0.0,10.0,-5.60967305890058e-06,-4.347379652912542e-06,-5.166799543826705e-07,64.64894672448006,-64.63693122654529,64.62761174198691,-64.63963626577711,0.0,0.0,0.0,1.0,1.0,1.0,1.0,1.0,1.0
8.38,0.0006967382007259877,-0.0008990678055509423,9.978006824708366,0.0,0.0,10.0,-5.570513613658842e-06,-4.317034994428264e-06,-5.173334530737106e-07,64.65003546648711,-64.63802124096841,64.62870273153833,-64.64072599432839,0.0,0.0,0.0,1.0,1.0,1.0,1.0,1.0,1.0
8.39,0.0006967732230723384,-0.000899112994741632,9.978374998885037,0.0,0.0,10.0,-5.530680280999881e-06,-4.286166676154438e-06,-5.177129566610683e-07,64.6511350618727,-64.63912193040285,64.62980426208533,-64.64182643745607,0.0,0.0,0.0,1.0,1.0,1.0,1.0,1.0,1.0
8.4,0.0006968040610479466,-0.000899152784654643,9.978738520634007,0.0,0.0,10.0,-5.489992777163097e-06,-4.254634931434014e-06,-5.178165540736719e-07,64.65224492467746,-64.64023268631445,64.63091570763977,-64.64293699171341,0.0,0.0,0.0,1.0,1.0,1.0,1.0,1.0,1.0
8.41,0.0006968307460280492,-0.0008991872157926916,9.979097417817432,0.0,0.0,10.0,-5.448270818388511e-06,-4.222299993609168e-06,-5.17642334264681e-07,64.65336446895206,-64.6413529001791,64.63203644222358,-64.64405705366376,0.0,0.0,0.0,1.0,1.0,1.0,1.0,1.0,1.0
8.42,0.000696853354898098,-0.0008992163871874154,9.979451765446328,0.0,0.0,10.0,-5.406952311573797e-06,-4.190277320114169e-06,-5.172028741272521e-07,64.65449295324323,-64.64248204117399,64.63316609800648,-64.64518604506601,0.0,0.0,0.0,1.0,1.0,1.0,1.0,1.0,1.0
8.43,0.0006968719212723144,-0.0008992403422210011,9.979801593702465,0.0,0.0,10.0,-5.365936583732372e-06,-4.158488898053917e-06,-5.164969752716819e-07,64.65562978392914,-64.64361950457563,64.63430406168848,-64.64632336370097,0.0,0.0,0.0,1.0,1.0,1.0,1.0,1.0,1.0
8.44,0.0006968864581355376,-0.0008992590977449903,9.980146911395433,0.0,0.0,10.0,-5.324389450246344e-06,-4.126287732460336e-06,-5.15516872123074e-07,64.65677443790736,-64.64476465046995,64.63544960298425,-64.64746839595927,0.0,0.0,0.0,1.0,1.0,1.0,1.0,1.0,1.0
8.45,0.0006968970011705422,-0.0008992726998018554,9.980487750850033,0.0,0.0,10.0,-5.2822837889394615e-06,-4.093652863508285e-06,-5.142620248932301e-07,64.65792631449347,-64.6459168776706,64.63660212033268,-64.64862054077228,0.0,0.0,0.0,1.0,1.0,1.0,1.0,1.0,1.0
8.46,0.000696903586319295,-0.0008992811947674079,9.98082414465958,0.0,0.0,10.0,-5.2396016936738095e-06,-4.060570480216262e-06,-5.12731976309632e-07,64.65908481213592,-64.64707558545227,64.63776101366143,-64.6497791972335,0.0,0.0,0.0,1.0,1.0,1.0,1.0,1.0,1.0
8.47,0.0006969062497829566,-0.0008992846293507967,9.981156125685926,0.0,0.0,10.0,-5.196334474349833e-06,-4.027033920446428e-06,-5.10926351614016e-07,64.66024932838212,-64.64824017351677,64.63892568435297,-64.65094376456437,0.0,0.0,0.0,1.0,1.0,1.0,1.0,1.0,1.0
8.48,0.0006969050280218802,-0.0008992830505945097,9.981483727059437,0.0,0.0,10.0,-5.152482656906272e-06,-3.9930436709046015e-06,-5.088448585608854e-07,64.66141925990922,-64.64941004202379,64.64009553527532,-64.65211364214531,0.0,0.0,0.0,1.0,1.0,1.0,1.0,1.0,1.0
8.49,0.0006968999577556126,-0.0008992765058743727,9.981806982179013,0.0,0.0,10.0,-5.108055983320138e-06,-3.958607367140339e-06,-5.064872874159626e-07,64.66259400250024,-64.6505845915671,64.64126997075829,-64.6532882294917,0.0,0.0,0.0,1.0,1.0,1.0,1.0,1.0,1.0
8.5,0.0006968910759628934,-0.0008992650428995497,9.982125924712081,0.0,0.0,10.0,-5.063073411606668e-06,-3.92373979354699e-06,-5.038535109545779e-07,64.66377295104076,-64.6517632231712,64.6424483965901,-64.6544669262506,0.0,0.0,0.0,1.0,1.0,1.0,1.0,1.0,1.0
8.51,0.000696878419881655,-0.0008992487097125426,9.98244058859458,0.0,0.0,10.0,-5.017563115819247e-06,-3.888462883361803e-06,-5.009434844600006e-07,64.66495549956593,-64.65294533833831,64.64363022006441,-64.65564913224789,0.0,0.0,0.0,1.0,1.0,1.0,1.0,1.0,1.0
8.52,0.0006968620270090238,-0.0008992275546891918,9.982751008030995,0.0,0.0,10.0,-4.9715624860493274e-06,-3.852805718666009e-06,-4.977572457217126e-07,64.66614104118001,-64.65413033896792,64.64481484989977,-64.65683424740749,0.0,0.0,0.0,1.0,1.0,1.0,1.0,1.0,1.0
8.53,0.0006968419351013182,-0.0008992016265386757,9.983057217494316,0.0,0.0,10.0,-4.925118128426321e-06,-3.816804530384973e-06,-4.942949150336367e-07,64.66732896814345,-64.65531762744389,64.64600169632689,-64.6580216718388,0.0,0.0,0.0,1.0,1.0,1.0,1.0,1.0,1.0
8.540000000000001,0.0006968181779243135,-0.0008991709688096462,9.983359278490823,0.0,0.0,10.0,-4.878085500984874e-06,-3.7803474437277227e-06,-4.905770235657022e-07,64.66852026531005,-64.65650822482718,64.64719180815366,-64.65921241850121,0.0,0.0,0.0,1.0,1.0,1.0,1.0,1.0,1.0
8.55,0.0006967907712974347,-0.0008991356018777825,9.983657335698762,0.0,0.0,10.0,-4.829521119154496e-06,-3.742703392892004e-06,-4.866891805956513e-07,64.66972113442036,-64.6577084290359,64.64839155652545,-64.66041276385806,0.0,0.0,0.0,1.0,1.0,1.0,1.0,1.0,1.0
8.56,0.0006967597651672761,-0.0008990955902385593,9.983951316937066,0.0,0.0,10.0,-4.780093551967247e-06,-3.704390423423996e-06,-4.825524094453067e-07,64.67092488299507,-64.65891144209323,64.64959406293018,-64.66161593351514,0.0,0.0,0.0,1.0,1.0,1.0,1.0,1.0,1.0
8.57,0.0006967251950995976,-0.0008990509797808692,9.98424125779805,0.0,0.0,10.0,-4.72976616097271e-06,-3.6653802119210645e-06,-4.781684904666386e-07,64.67213108243588,-64.66011683935862,64.65079890577265,-64.66282150195057,0.0,0.0,0.0,1.0,1.0,1.0,1.0,1.0,1.0
8.58,0.0006966870966601588,-0.000899001816393605,9.98452719387403,0.0,0.0,10.0,-4.678502307721098e-06,-3.625644434979769e-06,-4.7353920401915937e-07,64.67333930414453,-64.66132419619157,64.65200566345762,-64.66402904364247,0.0,0.0,0.0,1.0,1.0,1.0,1.0,1.0,1.0
8.59,0.0006966455054147194,-0.0008989481459656595,9.984809160757312,0.0,0.0,10.0,-4.626265353763265e-06,-3.585154769195832e-06,-4.6866633047018344e-07,64.67454911953618,-64.66253308796503,64.65321391440335,-64.66523813308241,0.0,0.0,0.0,1.0,1.0,1.0,1.0,1.0,1.0
8.6,0.000696600456929039,-0.0008988900143859257,9.985087194040215,0.0,0.0,10.0,-4.573018660650746e-06,-3.5438828911641007e-06,-4.6355165019509715e-07,64.6757601000058,-64.66374309003173,64.65442323700788,-64.66644834474177,0.0,0.0,0.0,1.0,1.0,1.0,1.0,1.0,1.0
8.61,0.0006965519867688773,-0.0008988274675432961,9.985361329315053,0.0,0.0,10.0,-4.518725589935779e-06,-3.5018004774785084e-06,-4.5819694357764147e-07,64.67697181695848,-64.66495377775455,64.65563320967935,-64.66765925310203,0.0,0.0,0.0,1.0,1.0,1.0,1.0,1.0,1.0
8.620000000000001,0.0006965001304999942,-0.0008987605513266635,9.985631602174134,0.0,0.0,10.0,-4.463349503171327e-06,-3.458879204732044e-06,-4.5260399101020155e-07,64.6781838418061,-64.66616472650311,64.65684341083274,-64.66887043265146,0.0,0.0,0.0,1.0,1.0,1.0,1.0,1.0,1.0
8.63,0.0006964449236881494,-0.0008986893116249209,9.985898048209773,0.0,0.0,10.0,-4.4068537619111385e-06,-3.415090749516731e-06,-4.4677457289411235e-07,64.67939574595354,-64.6673755116401,64.65805341887597,-64.67008145787136,0.0,0.0,0.0,1.0,1.0,1.0,1.0,1.0,1.0
8.64,0.0006963864018991022,-0.0008986137943269608,9.986160703014283,0.0,0.0,10.0,-4.349201727709714e-06,-3.3704067884235593e-06,-4.407104696399652e-07,64.68060710080263,-64.66858570852509,64.65926281221395,-64.67129190323992,0.0,0.0,0.0,1.0,1.0,1.0,1.0,1.0,1.0
8.65,0.0006963246006986129,-0.0008985340453216763,9.986419602179978,0.0,0.0,10.0,-4.290356762122384e-06,-3.324798998042481e-06,-4.3441346166793476e-07,64.68181747775843,-64.66979489252094,64.6604711692548,-64.67250134323864,0.0,0.0,0.0,1.0,1.0,1.0,1.0,1.0,1.0
8.66,0.0006962595556524408,-0.0008984501104979597,9.986674781299174,0.0,0.0,10.0,-4.230282226705299e-06,-3.2782390549623673e-06,-4.2788532940811037e-07,64.68302644822266,-64.67100263898713,64.66167806840333,-64.6737093523456,0.0,0.0,0.0,1.0,1.0,1.0,1.0,1.0,1.0
8.67,0.0006961913023263457,-0.0008983620357447043,9.986926275964178,0.0,0.0,10.0,-4.168941483015479e-06,-3.2306986357709805e-06,-4.211278533008399e-07,64.68423358360712,-64.67220852329324,64.66288308807438,-64.67491550504899,0.0,0.0,0.0,1.0,1.0,1.0,1.0,1.0,1.0
8.68,0.0006961198762860872,-0.0008982698669508026,9.987174121767307,0.0,0.0,10.0,-4.106297892610826e-06,-3.1821494170549394e-06,-4.141428137970834e-07,64.68543845531352,-64.67341212079876,64.66408580667274,-64.67611937582693,0.0,0.0,0.0,1.0,1.0,1.0,1.0,1.0,1.0
8.69,0.0006960453130974252,-0.0008981736500051476,9.98741835430087,0.0,0.0,10.0,-4.042314817050148e-06,-3.1325630753996935e-06,-4.0693199135877645e-07,64.68664063475364,-64.67461300687326,64.66528580261327,-64.67732053916758,0.0,0.0,0.0,1.0,1.0,1.0,1.0,1.0,1.0
8.700000000000001,0.0006959676483261194,-0.0008980734307966318,9.987659009157188,0.0,0.0,10.0,-3.97695561789317e-06,-3.0819112873894785e-06,-3.99497166459205e-07,64.68783969331587,-64.67581075686289,64.66648265428739,-64.67851856953573,0.0,0.0,0.0,1.0,1.0,1.0,1.0,1.0,1.0
8.71,0.0006958870691396733,-0.0008979694508761349,9.987896110799635,0.0,0.0,10.0,-3.9119331544863066e-06,-3.031520258944809e-06,-3.918785480187286e-07,64.6890374171705,-64.67700717677123,64.66767818228945,-64.67971526839483,0.0,0.0,0.0,1.0,1.0,1.0,1.0,1.0,1.0
8.72,0.0006958036714673841,-0.0008978618340396327,9.988129690389297,0.0,0.0,10.0,-3.847907389031095e-06,-2.9819010020430896e-06,-3.84093217348799e-07,64.69023425957775,-64.67820273013741,64.66887285780098,-64.6809110969459,0.0,0.0,0.0,1.0,1.0,1.0,1.0,1.0,1.0
8.73,0.0006957173599640411,-0.0008977504572181959,9.988359793128533,0.0,0.0,10.0,-3.7833309586806745e-06,-2.9318555316106764e-06,-3.7610977104928685e-07,64.69142787945421,-64.679395066127,64.67006432306313,-64.6821037066325,0.0,0.0,0.0,1.0,1.0,1.0,1.0,1.0,1.0
8.74,0.0006956281785625403,-0.0008976353770996067,9.988586453995431,0.0,0.0,10.0,-3.7182637824925058e-06,-2.8814302828261684e-06,-3.679321103950233e-07,64.69261797044435,-64.68058388321843,64.67125228023683,-64.68329279484976,0.0,0.0,0.0,1.0,1.0,1.0,1.0,1.0,1.0
8.75,0.0006955361715511944,-0.0008975166508303589,9.988809707941993,0.0,0.0,10.0,-3.652769881060386e-06,-2.8306748664393983e-06,-3.595642267404877e-07,64.69380423137889,-64.68176888511364,64.67243643673359,-64.68447806420775,0.0,0.0,0.0,1.0,1.0,1.0,1.0,1.0,1.0
8.76,0.0006954413835737317,-0.0008973943360156586,9.989029589894125,0.0,0.0,10.0,-3.5869173765143314e-06,-2.7796420687716116e-06,-3.5101020151854743e-07,64.69498636628492,-64.68294978074809,64.67361650522554,-64.68565922254146,0.0,0.0,0.0,1.0,1.0,1.0,1.0,1.0,1.0
8.77,0.0006953438596292978,-0.0008972684907194227,9.989246134751646,0.0,0.0,10.0,-3.520778492520444e-06,-2.7283878517156387e-06,-3.422742062392122e-07,64.69616408437913,-64.68412628428406,64.67479220363867,-64.68683598290417,0.0,0.0,0.0,1.0,1.0,1.0,1.0,1.0,1.0
8.78,0.0006952436450724541,-0.0008971391734642805,9.98945937738828,0.0,0.0,10.0,-3.454429554280765e-06,-2.6769713527360634e-06,-3.333605024884077e-07,64.69733710007453,-64.68529811511742,64.67596325515964,-64.68800806357416,0.0,0.0,0.0,1.0,1.0,1.0,1.0,1.0,1.0
8.790000000000001,0.0006951407856131787,-0.0008970064432315721,9.98966935265167,0.0,0.0,10.0,-3.3879509885331345e-06,-2.625454884869397e-06,-3.24273441926779e-07,64.69850513296376,-64.68646499786085,64.67712938821899,-64.68917518803791,0.0,0.0,0.0,1.0,1.0,1.0,1.0,1.0,1.0
8.8,0.0006950353273168659,-0.0008968703594613498,9.989876095363355,0.0,0.0,10.0,-3.3214273235510968e-06,-2.5739039367243003e-06,-3.1501746628853843e-07,64.69966790785237,-64.68762666237718,64.67829033652446,-64.6903370850235,0.0,0.0,0.0,1.0,1.0,1.0,1.0,1.0,1.0
8.81,0.0006949273166043264,-0.0008967309820523774,9.990079640318791,0.0,0.0,10.0,-3.254947189143682e-06,-2.522387172481698e-06,-3.055971073803431e-07,64.7008251547223,-64.68878284374281,64.67944583902448,-64.69149348846405,0.0,0.0,0.0,1.0,1.0,1.0,1.0,1.0,1.0
8.82,0.0006948168002517876,-0.0008965883713621301,9.990280022287344,0.0,0.0,10.0,-3.1886033166553227e-06,-2.4709764318950126e-06,-2.960169870802478e-07,64.70197660875175,-64.68993328226766,64.680595639928,-64.69264413751755,0.0,0.0,0.0,1.0,1.0,1.0,1.0,1.0,1.0
8.83,0.000694703825390893,-0.0008964425882067948,9.990477276012282,0.0,0.0,10.0,-3.1224925389656883e-06,-2.419746730290333e-06,-2.862818173367118e-07,64.70312201031864,-64.69107772349855,64.68173948870799,-64.69378877657036,0.0,0.0,0.0,1.0,1.0,1.0,1.0,1.0,1.0
8.84,0.0006945884395087028,-0.0008962936938612701,9.990671436210793,0.0,0.0,10.0,-3.0567157904895492e-06,-2.368776258566598e-06,-2.763964001676864e-07,64.70426110497702,-64.69221591819569,64.68287714007788,-64.69492715521366,0.0,0.0,0.0,1.0,1.0,1.0,1.0,1.0,1.0
8.85,0.0006944706904476929,-0.0008961417500591661,9.99086253757397,0.0,0.0,10.0,-2.9913781071766247e-06,-2.3181463831957837e-06,-2.6636562765978714e-07,64.7053936434807,-64.69334762235619,64.68400835401505,-64.69605902826696,0.0,0.0,0.0,1.0,1.0,1.0,1.0,1.0,1.0
8.86,0.0006943506264057568,-0.0008959868189928045,9.991050614766804,0.0,0.0,10.0,-2.926588626511455e-06,-2.2679416462230937e-06,-2.5619448196756687e-07,64.70651938179321,-64.69447259722416,64.68513289577096,-64.6971841557882,0.0,0.0,0.0,1.0,1.0,1.0,1.0,1.0,1.0
8.870000000000001,0.0006942282959362034,-0.0008958289633132187,9.991235702428215,0.0,0.0,10.0,-2.8624605875132316e-06,-2.21824976526712e-06,-2.4588803531289445e-07,64.70763808104091,-64.69559060924375,64.68625053582419,-64.69830230302672,0.0,0.0,0.0,1.0,1.0,1.0,1.0,1.0,1.0
8.88,0.0006941037479477583,-0.0008956682461301537,9.991417835171017,0.0,0.0,10.0,-2.7991113307357157e-06,-2.169161633520071e-06,-2.354514499844658e-07,64.70874950756308,-64.69670143010924,64.68736104993047,-64.69941324047353,0.0,0.0,0.0,1.0,1.0,1.0,1.0,1.0,1.0
8.89,0.0006939769766833,-0.0008955046600075646,9.991597087446703,0.0,0.0,10.0,-2.735376981324745e-06,-2.1197758161020115e-06,-2.2494163673313707e-07,64.70985665680696,-64.69780803292251,64.68846739305773,-64.70051994643602,0.0,0.0,0.0,1.0,1.0,1.0,1.0,1.0,1.0
8.9,0.0006938480478390763,-0.0008953382897194582,9.991773482167812,0.0,0.0,10.0,-2.6717586402755316e-06,-2.070480434017202e-06,-2.1434884405793655e-07,64.71095836347979,-64.6989092659249,64.68956842405612,-64.70162126605989,0.0,0.0,0.0,1.0,1.0,1.0,1.0,1.0,1.0
8.91,0.0006937170286859547,-0.0008951692220719266,9.99194704133743,0.0,0.0,10.0,-2.608789991176594e-06,-2.0216888430027066e-06,-2.036622657568838e-07,64.71205339605845,-64.70000391177922,64.69066293671679,-64.70271597876163,0.0,0.0,0.0,1.0,1.0,1.0,1.0,1.0,1.0
8.92,0.000693583966940462,-0.0008949975186363896,9.992117801357837,0.0,0.0,10.0,-2.5465437198812183e-06,-1.9734573456965978e-06,-1.9288987856553916e-07,64.71314169481603,-64.7010919149447,64.69175087861305,-64.70380402806771,0.0,0.0,0.0,1.0,1.0,1.0,1.0,1.0,1.0
8.93,0.0006934489105006509,-0.0008948232412185746,9.992285798731237,0.0,0.0,10.0,-2.4850925516447156e-06,-1.9258422741070583e-06,-1.8203991255667016e-07,64.71422321536915,-64.70217323517366,64.69283221256809,-64.70488537280941,0.0,0.0,0.0,1.0,1.0,1.0,1.0,1.0,1.0
8.94,0.0006933119074410127,-0.0008946464518519515,9.992451070063387,0.0,0.0,10.0,-2.424509132264149e-06,-1.8788998975527947e-06,-1.711208559178303e-07,64.71529792906112,-64.7032478478921,64.6939069170336,-64.70595998750402,0.0,0.0,0.0,1.0,1.0,1.0,1.0,1.0,1.0
8.950000000000001,0.000693173006007389,-0.0008944672127911658,9.992613652067345,0.0,0.0,10.0,-2.3648659092180715e-06,-1.8326863306034282e-06,-1.601414597290108e-07,64.71636582316721,-64.70431574440242,64.69497498629038,-64.70702786255805,0.0,0.0,0.0,1.0,1.0,1.0,1.0,1.0,1.0
8.96,0.0006930322546118832,-0.0008942855865054717,9.992773581567102,0.0,0.0,10.0,-2.306235012806327e-06,-1.7872574410199153e-06,-1.4911074274037433e-07,64.71742690127756,-64.70537693226375,64.69603643082661,-64.7080890046483,0.0,0.0,0.0,1.0,1.0,1.0,1.0,1.0,1.0
8.97,0.0006928897018277731,-0.0008941016356721681,9.992930895501313,0.0,0.0,10.0,-2.2486881372897355e-06,-1.7426687576948736e-06,-1.3803799615003955e-07,64.71848118352291,-64.70643143551503,64.69709127755898,-64.70914343694548,0.0,0.0,0.0,1.0,1.0,1.0,1.0,1.0,1.0
8.98,0.0006927453963844222,-0.0008939154231700295,9.993085630926952,0.0,0.0,10.0,-2.1922964220299232e-06,-1.6989753785929834e-06,-1.2693278838195245e-07,64.71952870693056,-64.70747929502863,64.69813957018408,-64.71019119946834,0.0,0.0,0.0,1.0,1.0,1.0,1.0,1.0,1.0
8.99,0.0006925993871621918,-0.0008937270120727427,9.993237825023014,0.0,0.0,10.0,-2.1371303326290826e-06,-1.6562318786913296e-06,-1.1580496986381283e-07,64.72056952568684,-64.70852056877,64.69918136943613,-64.711232349344,0.0,0.0,0.0,1.0,1.0,1.0,1.0,1.0,1.0
9.0,0.0006924517231873526,-0.000893536465642339,9.993387515094197,0.0,0.0,10.0,-2.083259542069765e-06,-1.6144922179197408e-06,-1.0466467780506345e-07,64.72160371144966,-64.70955533210781,64.70021675339503,-64.71226696111871,0.0,0.0,0.0,1.0,1.0,1.0,1.0,1.0,1.0
9.01,0.0006923024536269974,-0.0008933438473226279,9.993534738574592,0.0,0.0,10.0,-2.030752811854682e-06,-1.5738096491011203e-06,-9.352234097493724e-08,64.72263135363765,-64.71058367810052,64.70124581777083,-64.7132951270449,0.0,0.0,0.0,1.0,1.0,1.0,1.0,1.0,1.0
9.02,0.0006921516277839521,-0.0008931492207326318,9.993679533031363,0.0,0.0,10.0,-1.9796778731465185e-06,-1.5342366258917563e-06,-8.238868448055732e-08,64.72365255974286,-64.7116057178064,64.70226867621179,-64.71431695739193,0.0,0.0,0.0,1.0,1.0,1.0,1.0,1.0,1.0
9.03,0.000691999295091688,-0.0008929526496600194,9.993821936168446,0.0,0.0,10.0,-1.9301013079077514e-06,-1.4958247107216244e-06,-7.127473454508681e-08,64.7246674556031,-64.71262158055343,64.70328546057213,-64.71533258071644,0.0,0.0,0.0,1.0,1.0,1.0,1.0,1.0,1.0
9.040000000000001,0.000691845505109233,-0.0008927541980545391,9.993961985830214,0.0,0.0,10.0,-1.8820884300404733e-06,-1.4586244827346668e-06,-6.019182328592035e-08,64.7256761857414,-64.71363141427618,64.70429632124689,-64.71634214419996,0.0,0.0,0.0,1.0,1.0,1.0,1.0,1.0,1.0
9.05,0.0006916903075160856,-0.0008925539300214542,9.994099720005186,0.0,0.0,10.0,-1.8357031665262718e-06,-1.422685445729092e-06,-4.915159349292529e-08,64.72667891362153,-64.71463538576864,64.70530142742273,-64.71734581390226,0.0,0.0,0.0,1.0,1.0,1.0,1.0,1.0,1.0
9.06,0.0006915337521071235,-0.0008923519098149748,9.9942351768297,0.0,0.0,10.0,-1.7910079385660288e-06,-1.3880559360975948e-06,-3.816600340669696e-08,64.72767582197088,-64.71563368100473,64.70630096739632,-64.7183437750824,0.0,0.0,0.0,1.0,1.0,1.0,1.0,1.0,1.0
9.07,0.0006913758887875186,-0.0008921482018316933,9.994368394591609,0.0,0.0,10.0,-1.7480635427198204e-06,-1.3547830307676255e-06,-2.7247331496862177e-08,64.7286671130661,-64.71662650542123,64.70729514885531,-64.7193362324824,0.0,0.0,0.0,1.0,1.0,1.0,1.0,1.0,1.0
9.08,0.0006912167552674185,-0.0008919428547415164,9.994499400801065,0.0,0.0,10.0,-1.7067997452274522e-06,-1.3228122613890983e-06,-1.6402112407486735e-08,64.72965271226781,-64.71761377191692,64.70828387494397,-64.72032310182252,0.0,0.0,0.0,1.0,1.0,1.0,1.0,1.0,1.0
9.09,0.0006910558040187372,-0.0008917351624869082,9.994627699782411,0.0,0.0,10.0,-1.6610164891161348e-06,-1.2873386935821626e-06,-5.345679882958234e-09,64.73061828438458,-64.71858039212208,64.70925147859806,-64.72128946424395,0.0,0.0,0.0,1.0,1.0,1.0,1.0,1.0,1.0
9.1,0.0006908935811981011,-0.0008915258294381078,9.994753767019098,0.0,0.0,10.0,-1.6160145470360305e-06,-1.2524702146987145e-06,5.667639837542448e-09,64.73157584821895,-64.71953901209554,64.71021108753861,-64.72224782465432,0.0,0.0,0.0,1.0,1.0,1.0,1.0,1.0,1.0
9.11,0.0006907301282797635,-0.0008913149091206683,9.994877631740138,0.0,0.0,10.0,-1.5717691319653495e-06,-1.2181875633808088e-06,1.6630244045759207e-08,64.7325253789987,-64.72048959783929,64.71116266050043,-64.72319815114697,0.0,0.0,0.0,1.0,1.0,1.0,1.0,1.0,1.0
9.120000000000001,0.0006905654866065459,-0.00089110245489088,9.994999322952928,0.0,0.0,10.0,-1.5282525521151726e-06,-1.1844692257015573e-06,2.7534469580237558e-08,64.73346685753462,-64.72143212047233,64.71210616097338,-64.72414041703745,0.0,0.0,0.0,1.0,1.0,1.0,1.0,1.0,1.0
9.13,0.0006903996973898379,-0.0008908885199357706,9.995118869443225,0.0,0.0,10.0,-1.4854342109295513e-06,-1.1512914351650605e-06,3.837259282597824e-08,64.73440027027071,-64.72236655628078,64.71304155725247,-64.72507460091357,0.0,0.0,0.0,1.0,1.0,1.0,1.0,1.0,1.0
9.14,0.0006902328017095975,-0.0008906731572731055,9.99523629977516,0.0,0.0,10.0,-1.443280607085534e-06,-1.1186281727062807e-06,4.913682971412787e-08,64.73532560925085,-64.72329288668463,64.71396882240467,-64.72600068660215,0.0,0.0,0.0,1.0,1.0,1.0,1.0,1.0,1.0
9.15,0.0006900648405143504,-0.0008904564197513872,9.995351642291244,0.0,0.0,10.0,-1.4017553344932612e-06,-1.0864511666909758e-06,5.981933572166557e-08,64.73624287211528,-64.72421109823419,64.71488793426528,-64.72691866316548,0.0,0.0,0.0,1.0,1.0,1.0,1.0,1.0,1.0
9.16,0.0006898958546211908,-0.0008902383600498558,9.995464925112358,0.0,0.0,10.0,-1.3608190822960267e-06,-1.0547298929156156e-06,7.041220587111264e-08,64.73715206211409,-64.72512118262355,64.71579887545143,-64.72782852491477,0.0,0.0,0.0,1.0,1.0,1.0,1.0,1.0,1.0
9.17,0.0006897258847157805,-0.000890019030678489,9.99557617613775,0.0,0.0,10.0,-1.3204296348703334e-06,-1.0234315746073004e-06,8.090747473024992e-08,64.73805318812063,-64.72602313670403,64.71670163337552,-64.72873027142363,0.0,0.0,0.0,1.0,1.0,1.0,1.0,1.0,1.0
9.18,0.0006895549713523501,-0.000889798483978001,9.995685423045042,0.0,0.0,10.0,-1.2805418718259541e-06,-9.925211824236859e-07,9.129711641184221e-08,64.73894626460127,-64.72691696245396,64.71759620021506,-64.72962390749777,0.0,0.0,0.0,1.0,1.0,1.0,1.0,1.0,1.0
9.19,0.0006893831549536979,-0.0008895767721198452,9.995792693290237,0.0,0.0,10.0,-1.241107768005982e-06,-9.619614344529192e-07,1.0157304457336657e-07,64.73983131162554,-64.7278026669887,64.71848257292258,-64.73050944318516,0.0,0.0,0.0,1.0,1.0,1.0,1.0,1.0,1.0
9.200000000000001,0.0006892104758111905,-0.0008893539471062105,9.995898014107699,0.0,0.0,10.0,-1.2020763934868725e-06,-9.317127962135674e-07,1.1172711241674177e-07,64.74070835488622,-64.7286802625809,64.719360753246,-64.73138689379617,0.0,0.0,0.0,1.0,1.0,1.0,1.0,1.0,1.0
9.21,0.0006890369740847625,-0.0008891300607700244,9.996001412510173,0.0,0.0,10.0,-1.1633939135785165e-06,-9.017334806545855e-07,1.2175111268804587e-07,64.74157742566237,-64.7295497666234,64.72023074769142,-64.73225627986648,0.0,0.0,0.0,1.0,1.0,1.0,1.0,1.0,1.0
9.22,0.0006888626898029168,-0.0008889051647749517,9.99610291528877,0.0,0.0,10.0,-1.1250035888242324e-06,-8.719794481552329e-07,1.3163677767724335e-07,64.74243856086309,-64.73041120167308,64.72109256756704,-64.73311762720098,0.0,0.0,0.0,1.0,1.0,1.0,1.0,1.0,1.0
9.23,0.0006886876628627242,-0.0008886793106153942,9.996202549012981,0.0,0.0,10.0,-1.086845775000831e-06,-8.424044065250539e-07,1.4137577921788234e-07,64.74329180298045,-64.73126459540369,64.72194622893602,-64.7339709668266,0.0,0.0,0.0,1.0,1.0,1.0,1.0,1.0,1.0
9.24,0.0006885119330298239,-0.0008884525496164915,9.996300340030661,0.0,0.0,10.0,-1.0488579231186322e-06,-8.12959811003839e-07,1.5095972868678486e-07,64.74413720013646,-64.73210998065292,64.7227917526635,-64.73481633503933,0.0,0.0,0.0,1.0,1.0,1.0,1.0,1.0,1.0
9.25,0.0006883355399384228,-0.0008882249329341202,9.996396314468047,0.0,0.0,10.0,-1.010974579421487e-06,-7.835948642615962e-07,1.6038017700371338e-07,64.74497480603951,-64.73294739537877,64.72362916437291,-64.73565377336062,0.0,0.0,0.0,1.0,1.0,1.0,1.0,1.0,1.0
9.26,0.0006881585230912966,-0.0008879965115548952,9.99649049822974,0.0,0.0,10.0,-9.73127385386789e-07,-7.542565163985358e-07,1.6962861463101164e-07,64.74580468002122,-64.73377688269645,64.724458494483,-64.73648332857427,0.0,0.0,0.0,1.0,1.0,1.0,1.0,1.0,1.0
9.27,0.0006879809218597885,-0.0008877673362961679,9.996582916998713,0.0,0.0,10.0,-9.352450777254832e-07,-7.248894649450609e-07,1.786964715732142e-07,64.74662688701969,-64.73459849086159,64.725279778191,-64.73730505270967,0.0,0.0,0.0,1.0,1.0,1.0,1.0,1.0,1.0
9.28,0.0006878027754838101,-0.0008875374578060273,9.996673596236322,0.0,0.0,10.0,-8.972534883820622e-07,-6.954361548617698e-07,1.8757511737661908e-07,64.74744149756607,-64.73541227325684,64.72609305545915,-64.73811900302834,0.0,0.0,0.0,1.0,1.0,1.0,1.0,1.0,1.0
9.290000000000001,0.0006876241230718412,-0.0008873069265633006,9.996762561182285,0.0,0.0,10.0,-8.590755445345523e-07,-6.658367785394613e-07,1.9625586112882006e-07,64.74824858781146,-64.73621828841873,64.72689837104166,-64.7389252420509,0.0,0.0,0.0,1.0,1.0,1.0,1.0,1.0,1.0
9.3,0.0006874441552386276,-0.0008870746971821273,9.996849609692852,0.0,0.0,10.0,-8.215400436602486e-07,-6.367425166799903e-07,2.0490130737883924e-07,64.74904861271176,-64.73701811620731,64.7276981793679,-64.73972509646201,0.0,0.0,0.0,1.0,1.0,1.0,1.0,1.0,1.0
9.31,0.0006872634433866477,-0.0008868415075860589,9.996934923028927,0.0,0.0,10.0,-7.842201066191212e-07,-6.078170520824109e-07,2.134015457846965e-07,64.74984101267246,-64.73781050880207,64.72849069737943,-64.74051747334923,0.0,0.0,0.0,1.0,1.0,1.0,1.0,1.0,1.0
9.32,0.0006870822017862762,-0.0008866076344729853,9.997018577104129,0.0,0.0,10.0,-7.469126381897946e-07,-5.789011197237969e-07,2.2171426547565106e-07,64.75062567453237,-64.73859511244508,64.7292753841505,-64.74130207312274,0.0,0.0,0.0,1.0,1.0,1.0,1.0,1.0,1.0
9.33,0.0006869004645397934,-0.0008863731218493731,9.997100598360117,0.0,0.0,10.0,-7.095874606782739e-07,-5.499713461138467e-07,2.2983297310465605e-07,64.75140260095222,-64.73937192769756,64.73005223851791,-64.74207889683223,0.0,0.0,0.0,1.0,1.0,1.0,1.0,1.0,1.0
9.34,0.0006867182657494797,-0.0008861380137216891,9.99718101323854,0.0,0.0,10.0,-6.722143963905646e-07,-5.21004357762258e-07,2.3775117532117258e-07,64.75217179461626,-64.74014095514424,64.73082125934192,-64.74284794555092,0.0,0.0,0.0,1.0,1.0,1.0,1.0,1.0,1.0
9.35,0.0006865356395176156,-0.0008859023540964002,9.99725984818106,0.0,0.0,10.0,-6.347632676326478e-07,-4.91976781178758e-07,2.4546237877116296e-07,64.75293325818859,-64.7409021953497,64.73158244546262,-64.74360922033189,0.0,0.0,0.0,1.0,1.0,1.0,1.0,1.0,1.0
9.36,0.0006863526199464814,-0.0008856661869799733,9.997337129629328,0.0,0.0,10.0,-5.972038967104564e-07,-4.628652428731375e-07,2.529600900970755e-07,64.75368699434341,-64.7416556488886,64.73233579573021,-64.74436272223826,0.0,0.0,0.0,1.0,1.0,1.0,1.0,1.0,1.0
9.370000000000001,0.0006861692411383575,-0.0008854295563788749,9.997412884024996,0.0,0.0,10.0,-5.595061059298401e-07,-4.3364636935527895e-07,2.6023781593782357e-07,64.75443300576161,-64.74240131634234,64.73308130900162,-64.74510845233993,0.0,0.0,0.0,1.0,1.0,1.0,1.0,1.0,1.0
9.38,0.0006859855371955241,-0.0008851925062995721,9.99748713780972,0.0,0.0,10.0,-5.216397175965645e-07,-4.0429678713521587e-07,2.6728906292875293e-07,64.75517129511398,-64.74313919828215,64.73381898412363,-64.74584641169663,0.0,0.0,0.0,1.0,1.0,1.0,1.0,1.0,1.0
9.39,0.0006858015422202621,-0.0008849550807485317,9.997559917425159,0.0,0.0,10.0,-4.835745540162407e-07,-3.7479312272313795e-07,2.7410733770161215e-07,64.75590186506801,-64.743869295276,64.73454881993973,-64.74657660136482,0.0,0.0,0.0,1.0,1.0,1.0,1.0,1.0,1.0
9.4,0.0006856172903148514,-0.0008847173237322203,9.997631249312962,0.0,0.0,10.0,-4.4528043749432083e-07,-3.451120026294543e-07,2.806861468845052e-07,64.75662471830458,-64.74459160790528,64.73527081530685,-64.74729902241434,0.0,0.0,0.0,1.0,1.0,1.0,1.0,1.0,1.0
9.41,0.0006854328155815725,-0.000884479279257105,9.997701159914785,0.0,0.0,10.0,-4.0672719033605795e-07,-3.1523005336483036e-07,2.870189971018428e-07,64.7573398574945,-64.74530613674126,64.73598496907178,-64.74801367590497,0.0,0.0,0.0,1.0,1.0,1.0,1.0,1.0,1.0
9.42,0.0006852481521227059,-0.0008842409913296525,9.997769675672284,0.0,0.0,10.0,-3.678846348464722e-07,-2.851239014402319e-07,2.9309939497428474e-07,64.75804728530862,-64.74601288235527,64.73669128008136,-64.74872056289652,0.0,0.0,0.0,1.0,1.0,1.0,1.0,1.0,1.0
9.43,0.000685063334040532,-0.0008840025039563295,9.997836823027113,0.0,0.0,10.0,-3.287225933303139e-07,-2.5477017336697246e-07,2.989208471186769e-07,64.75874700442445,-64.7467118453253,64.73738974718916,-64.74941968445548,0.0,0.0,0.0,1.0,1.0,1.0,1.0,1.0,1.0
9.44,0.000684878395437331,-0.000883763861143603,9.997902628420928,0.0,0.0,10.0,-2.892108880920268e-07,-2.2414549565676078e-07,3.044768601479787e-07,64.75943901750946,-64.74740302621929,64.73808036923862,-64.75011104163826,0.0,0.0,0.0,1.0,1.0,1.0,1.0,1.0,1.0
9.450000000000001,0.0006846933704153836,-0.0008835251068979398,9.99796711829538,0.0,0.0,10.0,-2.4931934143570163e-07,-1.932264948217467e-07,3.0976094067118664e-07,64.76012332724459,-64.74808642561862,64.7387631450867,-64.75079463551478,0.0,0.0,0.0,1.0,1.0,1.0,1.0,1.0,1.0
9.46,0.0006845082930769699,-0.0008832862852258067,9.998030319092125,0.0,0.0,10.0,-2.0901777566506354e-07,-1.6198979737459478e-07,3.1476659529324555e-07,64.76079993630057,-64.74876204409458,64.73943807358015,-64.75147046714474,0.0,0.0,0.0,1.0,1.0,1.0,1.0,1.0,1.0
9.47,0.0006843231975243705,-0.0008830474401336703,9.998092257252818,0.0,0.0,10.0,-1.6827601308338834e-07,-1.304120298285062e-07,3.194873306149612e-07,64.76146884735162,-64.7494298822218,64.7401051535692,-64.75213853759135,0.0,0.0,0.0,1.0,1.0,1.0,1.0,1.0,1.0
9.48,0.0006841381178598657,-0.0008828086156279976,9.998152959219116,0.0,0.0,10.0,-1.2706387599348622e-07,-9.846981869729666e-08,3.23916653232897e-07,64.76213006306521,-64.75008994056824,64.74076438389733,-64.752798847911,0.0,0.0,0.0,1.0,1.0,1.0,1.0,1.0,1.0
9.49,0.0006839530881857359,-0.0008825698557152555,9.998212451432673,0.0,0.0,10.0,-8.535118669765036e-08,-6.613979049544929e-08,3.2804806973926983e-07,64.76278358611552,-64.75074221970857,64.7414157634147,-64.75345139916686,0.0,0.0,0.0,1.0,1.0,1.0,1.0,1.0,1.0
9.5,0.0006837681426042613,-0.0008823312044019107,9.99827076033514,0.0,0.0,10.0,-4.3107767497609655e-08,-3.339857173817507e-08,3.3187508672183517e-07,64.76342941918341,-64.75138672022412,64.74205929097823,-64.75409619242879,0.0,0.0,0.0,1.0,1.0,1.0,1.0,1.0,1.0
9.51,0.0006835833152177226,-0.0008820927056944301,9.998327912368172,0.0,0.0,10.0,-3.034406944810223e-10,-2.2278894147463778e-10,3.3539121076376694e-07,64.7640675649431,-64.75202344268956,64.74269496543813,-64.75473322875993,0.0,0.0,0.0,1.0,1.0,1.0,1.0,1.0,1.0
9.52,0.0006833986401284001,-0.0008818544035992804,9.998383933973429,0.0,0.0,10.0,4.309197141128055e-08,3.341093137779728e-08,3.3858994844353026e-07,64.76469802605531,-64.7526523876661,64.74332278563112,-64.75536250921,0.0,0.0,0.0,1.0,1.0,1.0,1.0,1.0,1.0
9.53,0.0006832139622937517,-0.0008816160979516369,9.998438658201698,0.0,0.0,10.0,8.556144874311429e-08,6.632711753523698e-08,3.4158748912703374e-07,64.76532131965652,-64.75327423875542,64.74394356580959,-64.75598467953648,0.0,0.0,0.0,1.0,1.0,1.0,1.0,1.0,1.0
9.540000000000001,0.0006830291012954405,-0.0008813775558284924,9.998491892158318,0.0,0.0,10.0,1.2538039814378929e-07,9.718945998472548e-08,3.4451648158938046e-07,64.76593803190312,-64.75388977119378,64.74455822962005,-64.75660047198876,0.0,0.0,0.0,1.0,1.0,1.0,1.0,1.0,1.0
9.55,0.000682844402841191,-0.0008811392234947674,9.998543980885511,0.0,0.0,10.0,1.651279185261497e-07,1.2799636211423954e-07,3.4716831956235316e-07,64.76654731791834,-64.75449786030407,64.74516543258031,-64.75720882552912,0.0,0.0,0.0,1.0,1.0,1.0,1.0,1.0,1.0
9.56,0.0006826598945750018,-0.000880901136619788,9.998594944221663,0.0,0.0,10.0,2.0478135908015538e-07,1.587302632712609e-07,3.495406986475721e-07,64.76714919795363,-64.75509852999379,64.74576520139328,-64.75780976324471,0.0,0.0,0.0,1.0,1.0,1.0,1.0,1.0,1.0
9.57,0.000682475603956221,-0.0008806633306345101,9.998644801816377,0.0,0.0,10.0,2.443165585583196e-07,1.8937243244147608e-07,3.516314342175575e-07,64.76774369274007,-64.7556918048146,64.74635756353533,-64.75840330882941,0.0,0.0,0.0,1.0,1.0,1.0,1.0,1.0,1.0
9.58,0.000682291558259545,-0.0008804258407315201,9.998693573130453,0.0,0.0,10.0,2.837078452756855e-07,2.1990296824881918e-07,3.5343846141594177e-07,64.76833082352526,-64.75627770999934,64.74694254729316,-64.75898948662086,0.0,0.0,0.0,1.0,1.0,1.0,1.0,1.0,1.0
9.59,0.0006821077845750205,-0.0008801887018650344,9.998741277435892,0.0,0.0,10.0,3.22928037109795e-07,2.5030079895551446e-07,3.549598351576752e-07,64.76891061206001,-64.75685627144848,64.74752018175042,-64.75956832158693,0.0,0.0,0.0,1.0,1.0,1.0,1.0,1.0,1.0
9.6,0.000681924309808042,-0.0008799519487508992,9.99878793381591,0.0,0.0,10.0,3.619484415006524e-07,2.805436824621202e-07,3.5619373012922276e-07,64.76948308058145,-64.75742751571346,64.74809049677087,-64.76013983930898,0.0,0.0,0.0,1.0,1.0,1.0,1.0,1.0,1.0
9.61,0.0006817411606793541,-0.0008797156158665905,9.998833561164913,0.0,0.0,10.0,4.007388554506883e-07,3.106082063075793e-07,3.571384407887523e-07,64.77004825185332,-64.7579914700369,64.74865352303875,-64.7607040660222,0.0,0.0,0.0,1.0,1.0,1.0,1.0,1.0,1.0
9.620000000000001,0.0006815583637250499,-0.0008794797374512151,9.998878178188521,0.0,0.0,10.0,4.39267565524724e-07,3.4046978766927477e-07,3.577923813663128e-07,64.77060614912244,-64.75854816230901,64.74920929201507,-64.76126102857188,0.0,0.0,0.0,1.0,1.0,1.0,1.0,1.0,1.0
9.63,0.000681375945296572,-0.000879244347505509,9.998921803403556,0.0,0.0,10.0,4.775013478499017e-07,3.7010267336306656e-07,3.581540858639997e-07,64.77115679614202,-64.75909762109097,64.74975783596109,-64.76181075443691,0.0,0.0,0.0,1.0,1.0,1.0,1.0,1.0,1.0
9.64,0.0006811939315607119,-0.0008790094797918389,9.998964455138044,0.0,0.0,10.0,5.154054681156801e-07,3.994799398433818e-07,3.5822220805611027e-07,64.77170021716852,-64.75963987561175,64.75029918793503,-64.76235327172654,0.0,0.0,0.0,1.0,1.0,1.0,1.0,1.0,1.0
9.65,0.0006810123484996102,-0.0008787751678342008,9.999006151531209,0.0,0.0,10.0,5.529436815737565e-07,4.285734932032568e-07,3.5799552148928097e-07,64.77223643696814,-64.7601749557747,64.75083338179878,-64.76288860918694,0.0,0.0,0.0,1.0,1.0,1.0,1.0,1.0,1.0
9.66,0.0006808312219107565,-0.0008785414449182212,9.999046910533488,0.0,0.0,10.0,5.900782330380236e-07,4.5735406917440895e-07,3.574729194826136e-07,64.77276548079355,-64.76070289213409,64.75136045219433,-64.76341679617782,0.0,0.0,0.0,1.0,1.0,1.0,1.0,1.0,1.0
9.67,0.0006806505774069899,-0.0008783083440911568,9.999086749906517,0.0,0.0,10.0,6.267698568845136e-07,4.857912331273068e-07,3.5665341512777985e-07,64.77328737441391,-64.76122371592531,64.75188043457406,-64.76393786270258,0.0,0.0,0.0,1.0,1.0,1.0,1.0,1.0,1.0
9.68,0.0006804704404164984,-0.0008780758981618937,9.999125687223135,0.0,0.0,10.0,6.629777770513434e-07,5.138533800712427e-07,3.5553614128911114e-07,64.7738021440982,-64.7617374590481,64.7523933651839,-64.76445183939153,0.0,0.0,0.0,1.0,1.0,1.0,1.0,1.0,1.0
9.69,0.0006802908361828188,-0.0008778441397009483,9.99916373986739,0.0,0.0,10.0,6.986597070386537e-07,5.41507734654411e-07,3.5412035060366635e-07,64.7743098166051,-64.76224415405648,64.75289928105332,-64.76495875749183,0.0,0.0,0.0,1.0,1.0,1.0,1.0,1.0,1.0
9.700000000000001,0.0006801117897648375,-0.0008776131010404675,9.999200925034526,0.0,0.0,10.0,7.337718499085535e-07,5.687203511639917e-07,3.524054154812774e-07,64.77481041921659,-64.7627438341923,64.75339822002881,-64.76545864890109,0.0,0.0,0.0,1.0,1.0,1.0,1.0,1.0,1.0
9.71,0.0006799333260367895,-0.0008773828142742275,9.999237259730998,0.0,0.0,10.0,7.682688982850308e-07,5.954561135262141e-07,3.50390828104573e-07,64.77530397969761,-64.76323653334498,64.75389022073368,-64.76595154612701,0.0,0.0,0.0,1.0,1.0,1.0,1.0,1.0,1.0
9.72,0.0006797554696882595,-0.000877153311257635,9.999272760774465,0.0,0.0,10.0,8.021040343539231e-07,6.216787353064734e-07,3.4807620042897434e-07,64.77579052632298,-64.76372228607833,64.75437532259487,-64.76643748231433,0.0,0.0,0.0,1.0,1.0,1.0,1.0,1.0,1.0
9.73,0.000679578245224181,-0.0008769246236077264,9.999307444793784,0.0,0.0,10.0,8.352289298628242e-07,6.47350759709399e-07,3.4546126418266626e-07,64.77627008787401,-64.76420112762727,64.75485356583962,-64.76691649124139,0.0,0.0,0.0,1.0,1.0,1.0,1.0,1.0,1.0
9.74,0.0006794016769648362,-0.0008766967827031684,9.99934132822902,0.0,0.0,10.0,8.675937461210158e-07,6.72433559578953e-07,3.425458708665366e-07,64.77674269362846,-64.76467309388764,64.7553249914854,-64.7673886073101,0.0,0.0,0.0,1.0,1.0,1.0,1.0,1.0,1.0
9.75,0.0006792257890458573,-0.0008764698196842576,9.99937442733144,0.0,0.0,10.0,8.991471339993986e-07,6.968873373985254e-07,3.393299917540875e-07,64.77720837337057,-64.76513822142638,64.75578964134992,-64.767853865556,0.0,0.0,0.0,1.0,1.0,1.0,1.0,1.0,1.0
9.76,0.0006790506054182247,-0.0008762437654529204,9.99940675816352,0.0,0.0,10.0,9.298362339304116e-07,7.206711252910306e-07,3.358137178913106e-07,64.777667157381,-64.76559654747143,64.75624755804115,-64.76831230163823,0.0,0.0,0.0,1.0,1.0,1.0,1.0,1.0,1.0
9.77,0.0006788761498482685,-0.0008760186506727136,9.999438336598933,0.0,0.0,10.0,9.596066759079571e-07,7.437427850190097e-07,3.3199726009652816e-07,64.77811907644691,-64.76604810992175,64.75669878496734,-64.76876395184951,0.0,0.0,0.0,1.0,1.0,1.0,1.0,1.0,1.0
9.78,0.0006787024459176677,-0.0008757945057688239,9.999469178322563,0.0,0.0,10.0,9.884025794873195e-07,7.660590079847323e-07,3.2788094896019665e-07,64.7785641618519,-64.7664929473373,64.75714336632693,-64.76920885310616,0.0,0.0,0.0,1.0,1.0,1.0,1.0,1.0,1.0
9.790000000000001,0.0006785295170234504,-0.0008755713609280679,9.99949929883049,0.0,0.0,10.0,1.0161665537850886e-06,7.875753152303069e-07,3.2346523484467057e-07,64.77900244539613,-64.7669310989592,64.75758134712876,-64.76964704296822,0.0,0.0,0.0,1.0,1.0,1.0,1.0,1.0,1.0
9.8,0.0006783573863779938,-0.0008753492460988922,9.99952871343,0.0,0.0,10.0,1.0428396974790567e-06,8.082460574377728e-07,3.1875068788392665e-07,64.77943395937282,-64.76736260468616,64.7580127731685,-64.77007855961585,0.0,0.0,0.0,1.0,1.0,1.0,1.0,1.0,1.0
9.81,0.0006781860770090243,-0.0008751281909913737,9.999557437239591,0.0,0.0,10.0,1.068361598808164e-06,8.280244149292343e-07,3.1373799798323726e-07,64.77985873656492,-64.76778750507117,64.7584376910253,-64.77050344184617,0.0,0.0,0.0,1.0,1.0,1.0,1.0,1.0,1.0
9.82,0.0006780155272582485,-0.000874908116092964,9.999585449263956,0.0,0.0,10.0,1.0939433208348664e-06,8.478487890466785e-07,3.084523097682166e-07,64.78027763833842,-64.76820651174273,64.75885669683069,-64.7709224350889,0.0,0.0,0.0,1.0,1.0,1.0,1.0,1.0,1.0
9.83,0.0006778455712676004,-0.0008746888075009474,9.999612684097885,0.0,0.0,10.0,1.1223613697076598e-06,8.698705877630879e-07,3.0294884207876446e-07,64.78069254584564,-64.76862116219715,64.75927106296776,-64.77133715441856,0.0,0.0,0.0,1.0,1.0,1.0,1.0,1.0,1.0
9.84,0.0006776764498458474,-0.0008744705758042681,9.999639249116658,0.0,0.0,10.0,1.150261657672788e-06,8.914908380990791e-07,2.971657672811791e-07,64.7811013538367,-64.76902976684217,64.75967942058416,-64.77174581640526,0.0,0.0,0.0,1.0,1.0,1.0,1.0,1.0,1.0
9.85,0.0006775081809549635,-0.0008742534441786554,9.99966515684394,0.0,0.0,10.0,1.1776429182771297e-06,9.127085500789881e-07,2.911055004690444e-07,64.7815041395074,-64.76943240322778,64.76008184754345,-64.77214849851612,0.0,0.0,0.0,1.0,1.0,1.0,1.0,1.0,1.0
9.86,0.0006773407821835495,-0.0008740374353180639,9.999690419534353,0.0,0.0,10.0,1.2045052176923879e-06,9.335237663554331e-07,2.8477063085368675e-07,64.78190098243333,-64.76982915109622,64.76047842375888,-64.77254528045255,0.0,0.0,0.0,1.0,1.0,1.0,1.0,1.0,1.0
9.870000000000001,0.0006771742707432034,-0.0008738225714299976,9.999715049171957,0.0,0.0,10.0,1.2308500093552492e-06,9.539376045480192e-07,2.7816392280855297e-07,64.7822919645514,-64.7702200923567,64.76086923116306,-64.77293624412657,0.0,0.0,0.0,1.0,1.0,1.0,1.0,1.0,1.0
9.88,0.0006770086634648945,-0.0008736088742308312,9.999739057468698,0.0,0.0,10.0,1.2566801886075182e-06,9.739522995820186e-07,2.712883169135944e-07,64.78267717022548,-64.77060531114422,64.76125435376144,-64.7733214737211,0.0,0.0,0.0,1.0,1.0,1.0,1.0,1.0,1.0
9.89,0.0006768439767953363,-0.0008733963649411319,9.999762455862854,0.0,0.0,10.0,1.2820001473363055e-06,9.935712460270887e-07,2.6414693099964115e-07,64.7830566862984,-64.77098489386492,64.76163387767247,-64.77370105573684,0.0,0.0,0.0,1.0,1.0,1.0,1.0,1.0,1.0
9.9,0.0006766802267933598,-0.0008731850642809815,9.99978525551752,0.0,0.0,10.0,1.3068158286141708e-06,1.0127990404359395e-06,2.567430611927904e-07,64.78343060207689,-64.77135892917418,64.76200789110051,-64.77407507897193,0.0,0.0,0.0,1.0,1.0,1.0,1.0,1.0,1.0
9.91,0.0006765174291262854,-0.0008729749924652994,9.99980746731904,0.0,0.0,10.0,1.331134781339292e-06,1.031641523683024e-06,2.4908018295879204e-07,64.78379900941736,-64.77172750805559,64.76237648440953,-64.77444363460245,0.0,0.0,0.0,1.0,1.0,1.0,1.0,1.0,1.0
9.92,0.0006763555990662969,-0.0008727661691991635,9.99982910187548,0.0,0.0,10.0,1.3549662148756372e-06,1.0501058233032145e-06,2.411619521474365e-07,64.78416200273085,-64.77209072381922,64.7627397501162,-64.77480681618215,0.0,0.0,0.0,1.0,1.0,1.0,1.0,1.0,1.0
9.93,0.0006761947514868138,-0.0008725586136731331,9.999850169515081,0.0,0.0,10.0,1.3783210536931362e-06,1.0682003958304756e-06,2.3299220603694705e-07,64.78451967903855,-64.7724486721503,64.76309778293334,-64.77516471969278,0.0,0.0,0.0,1.0,1.0,1.0,1.0,1.0,1.0
9.94,0.0006760349008588648,-0.0008723523445585701,9.999870680284717,0.0,0.0,10.0,1.4012119920078561e-06,1.085935069136532e-06,2.24574964378374e-07,64.7848721379903,-64.77280145112107,64.76345067977653,-64.77551744355732,0.0,0.0,0.0,1.0,1.0,1.0,1.0,1.0,1.0
9.950000000000001,0.0006758760612474602,-0.0008721473800029625,9.999890643948355,0.0,0.0,10.0,1.4236535484221903e-06,1.1033210847695389e-06,2.1591443043999045e-07,64.78521948190667,-64.77314916122587,64.763798539794,-64.77586508867675,0.0,0.0,0.0,1.0,1.0,1.0,1.0,1.0,1.0
9.96,0.0006757182463079651,-0.0008719437376252453,9.999910069985507,0.0,0.0,10.0,1.4456621205650207e-06,1.1203711402927234e-06,2.0701499205169794e-07,64.7855618158242,-64.7734919054199,64.7641414644001,-64.77620775847019,0.0,0.0,0.0,1.0,1.0,1.0,1.0,1.0,1.0
9.97,0.0006755614692824729,-0.0008717414345111227,9.9999289675897,0.0,0.0,10.0,1.4672560397319351e-06,1.1370994316230603e-06,1.9788122264941903e-07,64.78589924751073,-64.77382978912753,64.76447955727852,-64.77654555888486,0.0,0.0,0.0,1.0,1.0,1.0,1.0,1.0,1.0
9.98,0.0006754057429961775,-0.0008715404872083909,9.999947345666925,0.0,0.0,10.0,1.4884556255253987e-06,1.153521695369909e-06,1.8851788231950736e-07,64.78623188751064,-64.77416292028092,64.7648129244156,-64.77687859843617,0.0,0.0,0.0,1.0,1.0,1.0,1.0,1.0,1.0
9.99,0.0006752510798537463,-0.0008713409117222594,9.99996521283409,0.0,0.0,10.0,1.5092832404949543e-06,1.1696552511736606e-06,1.7892991884315022e-07,64.7865598492004,-64.77449140936874,64.76514167414378,-64.77720698825793,0.0,0.0,0.0,1.0,1.0,1.0,1.0,1.0,1.0
10.0,0.0006750974918356936,-0.0008711427235106735,9.999982577417494,0.0,0.0,10.0,1.529763344777423e-06,1.18551904404438e-06,1.6912246874077417e-07,64.78688324878017,-64.77481536942099,64.76546591712135,-64.77753084208885,0.0,0.0,0.0,1.0,1.0,1.0,1.0,1.0,1.0
10.01,0.0006749451730075958,-0.0008709461729781739,10.000022521332795,0.0,0.0,10.016666666666666,1.5600022355369205e-06,1.208948322177012e-06,1.5899738661474022e-07,84.89398796987656,-84.88190892743445,84.87255066681789,-84.88462693174286,0.0,0.0,0.0,1.0,1.0,1.0,1.0,1.0,1.0
10.02,0.0006747943396437366,-0.0008707515392578746,10.000298336008038,0.0,0.0,10.033333333333333,1.7366008738401715e-06,1.3458069965093172e-06,1.4868016300698669e-07,92.37022206806446,-92.35802632968824,92.34857746980109,-92.36077061089122,0.0,0.0,0.0,1.0,1.0,1.0,1.0,1.0,1.0
10.03,0.0006746456465779127,-0.0008705596673302912,10.001145940456864,0.0,0.0,10.049999999999999,2.2823459617865636e-06,1.7687545237167586e-06,1.381619157605937e-07,94.79190827982052,-94.77939435719789,94.76969874167742,-94.78221025075668,0.0,0.0,0.0,1.0,1.0,1.0,1.0,1.0,1.0
10.040000000000001,0.0006745002558101036,-0.0008703720565819615,10.00283158623234,0.0,0.0,10.066666666666668,3.37048747777921e-06,2.6120587924875386e-06,1.274382215235974e-07,95.03300034602965,-95.01995476864556,95.00984695534633,-95.02289030651873,0.0,0.0,0.0,1.0,1.0,1.0,1.0,1.0,1.0
10.05,0.0006743601164368517,-0.0008701912220029301,10.00550988047271,0.0,0.0,10.083333333333334,5.074415493938185e-06,3.9325952694704615e-06,1.1650806021024082e-07,94.27716910623835,-94.2634296929697,94.25278398990527,-94.26652136790064,0.0,0.0,0.0,1.0,1.0,1.0,1.0,1.0,1.0
10.06,0.0006742280778087225,-0.0008700208402011846,10.009244819803566,0.0,0.0,10.100000000000001,7.37630058746462e-06,5.716543342472306e-06,1.053705917506437e-07,93.06448804133301,-93.04996590649978,93.03871342672844,-93.05323372084825,0.0,0.0,0.0,1.0,1.0,1.0,1.0,1.0,1.0
10.07,0.0006741078074639769,-0.0008698656435195685,10.01404437595785,0.0,0.0,10.116666666666667,1.0214599456512052e-05,7.91620416520159e-06,9.402009578417595e-08,91.65523722852727,-91.63989758951888,91.6280113763992,-91.64334937297538,0.0,0.0,0.0,1.0,1.0,1.0,1.0,1.0,1.0
10.08,0.0006740036368580181,-0.0008697312209858026,10.019889723683177,0.0,0.0,10.133333333333333,1.3510226447664859e-05,1.0470283939668875e-05,8.245663020695892e-08,90.1730554699953,-90.15689925960109,90.14438003612597,-90.16053480608959,0.0,0.0,0.0,1.0,1.0,1.0,1.0,1.0,1.0
10.09,0.0006739203524496051,-0.0008696237487506738,10.02674853489785,0.0,0.0,10.15,1.716168247932299e-05,1.330011822271525e-05,7.068119011672161e-08,88.68345450939333,-88.66651719353932,88.65339244631296,-88.6703285274409,0.0,0.0,0.0,1.0,1.0,1.0,1.0,1.0,1.0
10.1,0.0006738630132737047,-0.000869549754705078,10.034577983284242,0.0,0.0,10.166666666666666,2.1051576652697258e-05,1.631472642218666e-05,5.8694953684913004e-08,87.22088673388288,-87.20323342583481,87.1895536184923,-87.20720590120126,0.0,0.0,0.0,1.0,1.0,1.0,1.0,1.0,1.0
10.11,0.0006738367041752306,-0.0008695158000744023,10.043328893661432,0.0,0.0,10.183333333333332,2.5056325191799875e-05,1.9418328783653843e-05,4.6499864643942335e-08,85.80581919944498,-85.7875378748182,85.77337118941563,-85.79165170173869,0.0,0.0,0.0,1.0,1.0,1.0,1.0,1.0,1.0
10.120000000000001,0.0006738462852918395,-0.0008695281561731129,10.052949130327974,0.0,0.0,10.200000000000001,2.9054911588562424e-05,2.2517135798742868e-05,3.409911613652433e-08,84.45183436736724,-84.43302882852582,84.41845571267828,-84.43726065584401,0.0,0.0,0.0,1.0,1.0,1.0,1.0,1.0,1.0
10.13,0.0006738962993624951,-0.0008695926848029143,10.06338495746659,0.0,0.0,10.216666666666669,3.293189648254137e-05,2.552168094969976e-05,2.1497313476803893e-08,83.16484510838283,-83.14562889815112,83.1307373479442,-83.14995318264047,0.0,0.0,0.0,1.0,1.0,1.0,1.0,1.0,1.0
10.14,0.0006739907765700079,-0.0008697145864365825,10.07458367547504,0.0,0.0,10.233333333333334,3.65839366193306e-05,2.8351873094973903e-05,8.700607843075834e-09,81.94856433394128,-81.92905510735916,81.91393630525467,-81.93344537984629,0.0,0.0,0.0,1.0,1.0,1.0,1.0,1.0,1.0
10.15,0.0006741331875819237,-0.0008698983396220612,10.086493856453659,0.0,0.0,10.25,3.9920596601427803e-05,3.0937625558084505e-05,-4.283305475504153e-09,80.80303149215167,-80.7833466812456,80.76809163615529,-80.7877765218862,0.0,0.0,0.0,1.0,1.0,1.0,1.0,1.0,1.0
10.16,0.0006743263661386954,-0.0008701476010924949,10.099066330067641,0.0,0.0,10.266666666666667,4.286659763175066e-05,3.322059891634275e-05,-1.7445292997364665e-08,79.72671738359506,-79.70697066302957,79.69166747111304,-79.71141449642946,0.0,0.0,0.0,1.0,1.0,1.0,1.0,1.0,1.0
10.17,0.0006745724970429048,-0.0008704651902625585,10.112254388249827,0.0,0.0,10.283333333333333,4.5361845629415824e-05,3.5154222701861166e-05,-3.0774958051277385e-08,78.71747592654026,-78.69777447028697,78.6825061888343,-78.70220818269372,0.0,0.0,0.0,1.0,1.0,1.0,1.0,1.0,1.0
10.18,0.0006748731194876975,-0.0008708530935168347,10.126013864540088,0.0,0.0,10.299999999999999,4.736094886467722e-05,3.670332145513947e-05,-4.4260867336133546e-08,77.77184185773436,-77.75228447036315,77.73712766956285,-77.75668583012488,0.0,0.0,0.0,1.0,1.0,1.0,1.0,1.0,1.0
10.19,0.0006752291243911964,-0.0008713124607641552,10.140303399859143,0.0,0.0,10.316666666666666,4.8833133778500706e-05,3.784404938627418e-05,-5.789077720894157e-08,76.88626717312415,-76.86694292298374,76.85196662668038,-76.87129188811178,0.0,0.0,0.0,1.0,1.0,1.0,1.0,1.0,1.0
10.200000000000001,0.0006756407757059633,-0.0008718436329266545,10.155084418327178,0.0,0.0,10.333333333333336,4.97613102325116e-05,3.8563165805650564e-05,-7.165179946654806e-08,76.05705873908448,-76.03804622621942,76.02331134462983,-76.04232510917646,0.0,0.0,0.0,1.0,1.0,1.0,1.0,1.0,1.0
10.21,0.0006761077604245033,-0.0008724462064556715,10.170320920399515,0.0,0.0,10.350000000000001,5.0140478233883136e-05,3.885680017853558e-05,-8.553070710731101e-08,75.28038806136239,-75.26175489732209,75.24731382397329,-75.26594848214509,0.0,0.0,0.0,1.0,1.0,1.0,1.0,1.0,1.0
10.22,0.0006766291965897671,-0.0008731190436617812,10.185979591894494,0.0,0.0,10.366666666666667,4.997727739634288e-05,3.873010285179975e-05,-9.951390886179497e-08,74.55268957303443,-74.53449247264679,74.52038915562402,-74.53858799441498,0.0,0.0,0.0,1.0,1.0,1.0,1.0,1.0,1.0
10.23,0.0006772037214019454,-0.000873860386393815,10.202029295481571,0.0,0.0,10.383333333333335,4.928748214054115e-05,3.819530366196976e-05,-1.1358779847635708e-07,73.87040855193399,-73.8526932619634,73.83896314872122,-73.8566804229512,0.0,0.0,0.0,1.0,1.0,1.0,1.0,1.0,1.0
10.24,0.0006778294953269588,-0.0008746678613343994,10.218441269081843,0.0,0.0,10.4,4.80957332003558e-05,3.727150375567847e-05,-1.2773856045284647e-07,73.23034267081658,-73.21314456059123,73.19981505583432,-73.21701539751798,0.0,0.0,0.0,1.0,1.0,1.0,1.0,1.0,1.0
10.25,0.0006785042788813748,-0.000875538579071216,10.235188739829953,0.0,0.0,10.416666666666666,4.643346523191491e-05,3.598306934709677e-05,-1.4195234681493173e-07,72.62949613335896,-72.61284070228055,72.59993156141272,-72.61658947224934,0.0,0.0,0.0,1.0,1.0,1.0,1.0,1.0,1.0
10.26,0.0006792254781515052,-0.0008764691928270526,10.252246834544145,0.0,0.0,10.433333333333334,4.433782985718749e-05,3.43587969938534e-05,-1.5621528939692e-07,72.06509672091292,-72.04900019736009,72.03652399076049,-72.05262324323014,0.0,0.0,0.0,1.0,1.0,1.0,1.0,1.0,1.0
10.27,0.0006799902073627702,-0.0008774559791894594,10.269592352785818,0.0,0.0,10.45,4.185012463368957e-05,3.243069594023459e-05,-1.705135572193819e-07,71.53452867421662,-71.51899863312947,71.50696122489879,-71.52249424467846,0.0,0.0,0.0,1.0,1.0,1.0,1.0,1.0,1.0
10.28,0.0006807953825366585,-0.0008784949589501546,10.287203556033194,0.0,0.0,10.466666666666665,3.901356396744049e-05,3.0232260411568897e-05,-1.8483343061622486e-07,71.03544764416033,-71.02048394121844,71.00888521328568,-71.02385214507322,0.0,0.0,0.0,1.0,1.0,1.0,1.0,1.0,1.0
10.290000000000001,0.0006816376768028428,-0.0008795818394513464,10.305060319378317,0.0,0.0,10.483333333333334,3.587478128379402e-05,2.7799633961805157e-05,-1.991610589600371e-07,70.56564199497132,-70.55123729309676,70.54007155335974,-70.55447973436853,0.0,0.0,0.0,1.0,1.0,1.0,1.0,1.0,1.0
10.3,0.0006825135037185285,-0.0008807119930599259,10.32314412060535,0.0,0.0,10.500000000000002,3.2483792300448435e-05,2.5171580955529482e-05,-2.1348220121662073e-07,70.12313954250321,-70.10928011211382,70.09853671476527,-70.1123998744642,0.0,0.0,0.0,1.0,1.0,1.0,1.0,1.0,1.0
10.31,0.0006834193256094002,-0.0008818808550164418,10.341437337811072,0.0,0.0,10.516666666666667,2.888805307712056e-05,2.2384881349033137e-05,-2.2778302362683408e-07,69.70606103755598,-69.6927274142993,69.68239126960576,-69.69572887199233,0.0,0.0,0.0,1.0,1.0,1.0,1.0,1.0,1.0
10.32,0.0006843513293407936,-0.0008830835050867564,10.35992400908496,0.0,0.0,10.533333333333333,2.513881421156752e-05,1.9479255425824813e-05,-2.4204907067547663e-07,69.31273553336284,-69.29990322719117,69.28995535115692,-69.30279188567131,0.0,0.0,0.0,1.0,1.0,1.0,1.0,1.0,1.0
10.33,0.0006853060115226804,-0.0008843154226453643,10.378588351720186,0.0,0.0,10.55,2.127925198460148e-05,1.64881649811515e-05,-2.562666694177212e-07,68.94159346099791,-68.92923395923191,68.91965225097103,-68.93201622944623,0.0,0.0,0.0,1.0,1.0,1.0,1.0,1.0,1.0
10.34,0.0006862796676599166,-0.0008855718275316036,10.397416076114306,0.0,0.0,10.566666666666666,1.735490584742903e-05,1.3446902775910557e-05,-2.7042168900269494e-07,68.59124275683331,-68.57932419873019,68.57008396336454,-68.58200724545017,0.0,0.0,0.0,1.0,1.0,1.0,1.0,1.0,1.0
10.35,0.0006872684531793021,-0.0008868477587921251,10.416394236867617,0.0,0.0,10.583333333333332,1.3412460607056646e-05,1.0391648684529592e-05,-2.8449965535648033e-07,68.26045324312804,-68.24894110644875,68.24001558729029,-68.25153269387935,0.0,0.0,0.0,1.0,1.0,1.0,1.0,1.0,1.0
10.36,0.0006882688340907667,-0.0008881386561913431,10.4355101847599,0.0,0.0,10.6,9.492343826079246e-06,7.353732785058618e-06,-2.9848644545738126e-07,67.94801278690254,-67.93687036730907,67.92823111734288,-67.93937875118064,0.0,0.0,0.0,1.0,1.0,1.0,1.0,1.0,1.0
10.370000000000001,0.0006892774508183351,-0.0008894401845067008,10.45475188728084,0.0,0.0,10.616666666666669,5.631023635232499e-06,4.361416147871316e-06,-3.123681402135496e-07,67.65276807653166,-67.64195701243547,67.63357430106738,-67.64439082190648,0.0,0.0,0.0,1.0,1.0,1.0,1.0,1.0,1.0
10.38,0.0006902907915131355,-0.0008907478119801427,10.474108644874507,0.0,0.0,10.633333333333335,1.8657958941029672e-06,1.4436006684304432e-06,-3.2613066225769907e-07,67.37376010905673,-67.36324124012712,67.35508471863736,-67.36560928472666,0.0,0.0,0.0,1.0,1.0,1.0,1.0,1.0,1.0
10.39,0.0006913056765384405,-0.0008920574354943441,10.493569996425153,0.0,0.0,10.65,-1.7720396139081546e-06,-1.3754589547967338e-06,-3.39760347485701e-07,67.11003710126303,-67.09977082053231,67.09180979488387,-67.10208201087056,0.0,0.0,0.0,1.0,1.0,1.0,1.0,1.0,1.0
10.4,0.0006923193358711852,-0.0008933654804766904,10.513125453995999,0.0,0.0,10.666666666666668,-5.257497929554369e-06,-4.07640188800029e-06,-3.5324386651944105e-07,66.8606633349329,-66.85060982759933,66.84281344339799,-66.8528731215304,0.0,0.0,0.0,1.0,1.0,1.0,1.0,1.0,1.0
10.41,0.0006933286591432827,-0.0008946679330962536,10.53276641404105,0.0,0.0,10.683333333333334,-8.56319739204133e-06,-6.638011094349277e-06,-3.6656810434359525e-07,66.62491579989819,-66.61503614377568,66.60737423930644,-66.61726029898821,0.0,0.0,0.0,1.0,1.0,1.0,1.0,1.0,1.0
10.42,0.0006943308199538102,-0.0008959611459179705,10.552484584645859,0.0,0.0,10.7,-1.166676740657265e-05,-9.042953276656285e-06,-3.7972043549913074e-07,66.40211267556043,-66.39236923078276,66.38481263896811,-66.39456271706247,0.0,0.0,0.0,1.0,1.0,1.0,1.0,1.0,1.0
10.43,0.0006953234144036819,-0.0008972420167111145,10.572271604933581,0.0,0.0,10.716666666666667,-1.455089745000831e-05,-1.1277816153702749e-05,-3.926885591181888e-07,66.19151856168477,-66.18187473714549,66.17439510438955,-66.184045788785,0.0,0.0,0.0,1.0,1.0,1.0,1.0,1.0,1.0
10.44,0.0006963041766136254,-0.0008985076213031567,10.592119789625492,0.0,0.0,10.733333333333333,-1.720144552225095e-05,-1.3331643430751555e-05,-4.054607528586571e-07,65.9924767308057,-65.98289751153715,65.97546770643523,-65.98505400867674,0.0,0.0,0.0,1.0,1.0,1.0,1.0,1.0,1.0
10.450000000000001,0.0006972708844789299,-0.0008997550919489491,10.61202237570431,0.0,0.0,10.750000000000002,-1.9606811500451714e-05,-1.519544945396549e-05,-4.1802598650975866e-07,65.80445294185323,-65.79490566849526,65.78750038595811,-65.79705496179044,0.0,0.0,0.0,1.0,1.0,1.0,1.0,1.0,1.0
10.46,0.0006982216114019718,-0.000900981942211096,10.63197286356734,0.0,0.0,10.766666666666667,-2.175961093328494e-05,-1.6863515585780956e-05,-4.303738292713611e-07,65.62691841248348,-65.61737288741358,65.6099687308297,-65.61952177407778,0.0,0.0,0.0,1.0,1.0,1.0,1.0,1.0,1.0
10.47,0.0006991548580773547,-0.0009021862370712605,10.65196441904166,0.0,0.0,10.783333333333335,-2.365670833604687e-05,-1.833341524950172e-05,-4.424944000734051e-07,65.45929256250533,-65.4497205932504,65.44229572045067,-65.45187541961742,0.0,0.0,0.0,1.0,1.0,1.0,1.0,1.0,1.0
10.48,0.0007000693416022771,-0.0009033663207247968,10.671990706334453,0.0,0.0,10.8,-2.5298750952700998e-05,-1.960565364627859e-05,-4.543785583365312e-07,65.30103660285519,-65.291412343013,65.283946730436,-65.29357892779376,0.0,0.0,0.0,1.0,1.0,1.0,1.0,1.0,1.0
10.49,0.0007009639722443714,-0.000904520786592239,10.692045992691133,0.0,0.0,10.816666666666666,-2.6690160356481237e-05,-2.0683661378150876e-05,-4.6601794856176994e-07,65.15166364127609,-65.1419640300067,65.13443981327097,-65.14414756538383,0.0,0.0,0.0,1.0,1.0,1.0,1.0,1.0,1.0
10.5,0.0007018380243488449,-0.0009056486979139909,10.712124499605405,0.0,0.0,10.833333333333334,-2.7839597703147778e-05,-2.1574154201306252e-05,-4.774048990598263e-07,65.01066242118706,-65.00086699819319,64.99326832856879,-65.00307209132419,0.0,0.0,0.0,1.0,1.0,1.0,1.0,1.0,1.0
10.51,0.0007026904971523209,-0.0009067487629665896,10.732221520777022,0.0,0.0,10.85,-2.8750779453951128e-05,-2.2280015671149576e-05,-4.885317501407891e-07,64.87767616879395,-64.86776729350224,64.86008050787328,-64.8699979173009,0.0,0.0,0.0,1.0,1.0,1.0,1.0,1.0,1.0
10.52,0.0007035203956466592,-0.0009078196974770353,10.752332951592374,0.0,0.0,10.866666666666665,-2.942658172275818e-05,-2.2803477836497087e-05,-4.993911279786664e-07,64.75242366470826,-64.74238657496518,64.73460024131539,-64.74464605489631,0.0,0.0,0.0,1.0,1.0,1.0,1.0,1.0,1.0
10.53,0.0007043277174364048,-0.0009088614980080302,10.772453696083076,0.0,0.0,10.883333333333333,-2.9883878560579632e-05,-2.3157620435778378e-05,-5.099770798050838e-07,64.63442988130694,-64.62425229744998,64.61635690766515,-64.62654340028537,0.0,0.0,0.0,1.0,1.0,1.0,1.0,1.0,1.0
10.540000000000001,0.0007051123355720136,-0.0009098740004393045,10.792579419259656,0.0,0.0,10.900000000000002,-3.013639062564821e-05,-2.335307903341148e-05,-5.202837208465692e-07,64.52332415808962,-64.51299630899767,64.5049842990901,-64.51532123699148,0.0,0.0,0.0,1.0,1.0,1.0,1.0,1.0,1.0
10.55,0.0007058743310888767,-0.0009108573090604631,10.812705994429152,0.0,0.0,10.916666666666668,-3.0199575201184094e-05,-2.3401834586659793e-05,-5.303055730123076e-07,64.41874733441507,-64.40826180154389,64.40012743069627,-64.41062222744812,0.0,0.0,0.0,1.0,1.0,1.0,1.0,1.0,1.0
10.56,0.0007066132341906444,-0.0009118108173490769,10.832830118302907,0.0,0.0,10.933333333333334,-3.008362917151905e-05,-2.331179246367558e-05,-5.400379649184759e-07,64.32046573665237,-64.30981816291224,64.30155806310981,-64.31221507074525,0.0,0.0,0.0,1.0,1.0,1.0,1.0,1.0,1.0
10.57,0.0007073295485598411,-0.0009127351750463016,10.852948005818453,0.0,0.0,10.950000000000001,-2.980702465028254e-05,-2.3097268942259558e-05,-5.494760705653509e-07,64.22813305458074,-64.21732098251412,64.20893325770163,-64.21975492853734,0.0,0.0,0.0,1.0,1.0,1.0,1.0,1.0,1.0
10.58,0.000708023649576075,-0.0009136308663502466,10.87305629370736,0.0,0.0,10.966666666666667,-2.9386427597958573e-05,-2.277118064980235e-05,-5.586155140623832e-07,64.14145722164245,-64.13048020736957,64.12196452181698,-64.13295129451541,0.0,0.0,0.0,1.0,1.0,1.0,1.0,1.0,1.0
10.59,0.0007086960304848492,-0.0009144985275933948,10.893151810332833,0.0,0.0,10.983333333333333,-2.8838738847418808e-05,-2.2346625725855433e-05,-5.67452171183914e-07,64.06015941021894,-64.04901879809637,64.04037620170446,-64.05152672661971,0.0,0.0,0.0,1.0,1.0,1.0,1.0,1.0,1.0
10.6,0.0007093471359881208,-0.000915338732463539,10.913231710938083,0.0,0.0,11.0,-2.8180565937273215e-05,-2.1836475283260555e-05,-5.759822928878559e-07,63.98399475960994,-63.97269383514687,63.96392688200518,-63.975237868273176,0.0,0.0,0.0,1.0,1.0,1.0,1.0,1.0,1.0
10.61,0.0007099772200528287,-0.0009161518084848336,10.933293588854324,0.0,0.0,11.016666666666666,-2.7427685053067157e-05,-2.1252957054568157e-05,-5.84202603569103e-07,63.91276974736222,-63.90131419484343,63.89242729802099,-63.90389305594489,0.0,0.0,0.0,1.0,1.0,1.0,1.0,1.0,1.0
10.620000000000001,0.0007105870860295538,-0.0009169387922926026,10.953334747440332,0.0,0.0,11.033333333333335,-2.659641081460479e-05,-2.0608713130544816e-05,-5.921094861892611e-07,63.84623350310683,-63.83462993195446,63.82562822109134,-63.83724213577374,0.0,0.0,0.0,1.0,1.0,1.0,1.0,1.0,1.0
10.63,0.0007111773853753042,-0.0009177005245049168,10.97335284310227,0.0,0.0,11.05,-2.570184928898812e-05,-1.991544953155787e-05,-5.996996657943128e-07,63.78417505771369,-63.7724312504019,63.76332076394261,-63.77507504737689,0.0,0.0,0.0,1.0,1.0,1.0,1.0,1.0,1.0
10.64,0.0007117487981264108,-0.0009184378826651094,10.993345689577877,0.0,0.0,11.066666666666668,-2.4758057638815866e-05,-1.918405893542056e-05,-6.069699825028346e-07,63.726394614874934,-63.714519261848835,63.70530674158551,-63.71719269773889,0.0,0.0,0.0,1.0,1.0,1.0,1.0,1.0,1.0
10.65,0.0007123020721195445,-0.0009191518317624844,11.013311233337031,0.0,0.0,11.083333333333334,-2.3781073847243748e-05,-1.842696968621209e-05,-6.139175366478191e-07,63.672697933450195,-63.66070087266509,63.6513939494039,-63.66340173468274,0.0,0.0,0.0,1.0,1.0,1.0,1.0,1.0,1.0
10.66,0.0007128380283039514,-0.0009198434310570577,11.033247537573892,0.0,0.0,11.1,-2.2789828724647183e-05,-1.7658852937204697e-05,-6.205397155306665e-07,63.62289366826195,-63.61078629059013,63.60139379838272,-63.613512016230786,0.0,0.0,0.0,1.0,1.0,1.0,1.0,1.0,1.0
10.67,0.0007133573510303484,-0.0009205135638181115,11.053152820679918,0.0,0.0,11.116666666666667,-2.179362897639841e-05,-1.6886918345633822e-05,-6.268335532982227e-07,63.57680947088157,-63.56460314327783,63.555133897275866,-63.56735117500258,0.0,0.0,0.0,1.0,1.0,1.0,1.0,1.0,1.0
10.68,0.0007138607676458674,-0.000921163168735387,11.073025396077623,0.0,0.0,11.133333333333333,-2.080395375702522e-05,-1.612005999890195e-05,-6.327963343655459e-07,63.534274124872205,-63.52198052051211,63.51244357287082,-63.52474823151739,0.0,0.0,0.0,1.0,1.0,1.0,1.0,1.0,1.0
10.69,0.000714348980418631,-0.0009217931521740593,11.092863674807116,0.0,0.0,11.149999999999999,-1.9830783367882174e-05,-1.536601012085844e-05,-6.384254023985146e-07,63.49512128934745,-63.48275215048172,63.47315660658219,-63.4855368980683,0.0,0.0,0.0,1.0,1.0,1.0,1.0,1.0,1.0
10.700000000000001,0.0007148226569484904,-0.0009224043757995171,11.11266615691549,0.0,0.0,11.166666666666668,-1.888249691946581e-05,-1.46312597860295e-05,-6.437181518637987e-07,63.45918871037367,-63.446755613205376,63.43711044944899,-63.44955479169642,0.0,0.0,0.0,1.0,1.0,1.0,1.0,1.0,1.0
10.71,0.0007152828497594157,-0.0009229981976732515,11.132431888429299,0.0,0.0,11.183333333333335,-1.79793014294304e-05,-1.3931469244244456e-05,-6.486721119696457e-07,63.42637045898182,-63.41388649306488,63.40420185839931,-63.41669715593588,0.0,0.0,0.0,1.0,1.0,1.0,1.0,1.0,1.0
10.72,0.000715730027956797,-0.0009235752234726742,11.152159412673036,0.0,0.0,11.200000000000001,-1.7122901467594887e-05,-1.3267955783120282e-05,-6.532847097059366e-07,63.39649768577409,-63.383974863083886,63.37426007108961,-63.386794305976665,0.0,0.0,0.0,1.0,1.0,1.0,1.0,1.0,1.0
10.73,0.0007161648063914443,-0.0009241362468094333,11.1718475630698,0.0,0.0,11.216666666666667,-1.631968856937396e-05,-1.264567027923975e-05,-6.575534478314206e-07,63.369429107435316,-63.35687906545885,63.34714313925858,-63.35970466800226,0.0,0.0,0.0,1.0,1.0,1.0,1.0,1.0,1.0
10.74,0.0007165877402412163,-0.0009246819843136825,11.191495242092172,0.0,0.0,11.233333333333334,-1.5574464708250437e-05,-1.2068331661438986e-05,-6.614758468195257e-07,63.34502602285873,-63.33245985706328,63.322711399516606,-63.33528912059946,0.0,0.0,0.0,1.0,1.0,1.0,1.0,1.0,1.0
10.75,0.0007169993149468807,-0.000925213062646465,11.2111014121365,0.0,0.0,11.25,-1.4890324986043733e-05,-1.1538336018641655e-05,-6.6504943706295e-07,63.32315146579961,-63.31057956200814,63.30082662583831,-63.31341014734406,0.0,0.0,0.0,1.0,1.0,1.0,1.0,1.0,1.0
10.76,0.0007173999361479793,-0.000925730005512098,11.230665086397119,0.0,0.0,11.266666666666666,-1.4268540323180483e-05,-1.105666570769014e-05,-6.682717504845404e-07,63.30366935768335,-63.29110122435668,63.281351182209455,-63.29393098954081,0.0,0.0,0.0,1.0,1.0,1.0,1.0,1.0,1.0
10.77,0.0007177907083606004,-0.0009262342381526535,11.25018617090763,0.0,0.0,11.283333333333333,-1.3726148788431756e-05,-1.0636524024605814e-05,-6.711416328912903e-07,63.28654940812798,-63.273995435770225,63.264256343491894,-63.27682203998817,0.0,0.0,0.0,1.0,1.0,1.0,1.0,1.0,1.0
10.78,0.0007181716460125442,-0.000926725779567095,11.269663535723133,0.0,0.0,11.299999999999999,-1.3255898848112351e-05,-1.0272288160485908e-05,-6.736562347373942e-07,63.27162776760099,-63.259096641495276,63.24937523343606,-63.261918127607736,0.0,0.0,0.0,1.0,1.0,1.0,1.0,1.0,1.0
10.790000000000001,0.0007185430535630521,-0.0009272050228697178,11.289096506004611,0.0,0.0,11.316666666666668,-1.2857344122684755e-05,-9.96361007172562e-06,-6.758133521751315e-07,63.25879256435654,-63.246292073990965,63.236594390208474,-63.24910668632259,0.0,0.0,0.0,1.0,1.0,1.0,1.0,1.0,1.0
10.8,0.0007189051583089361,-0.0009276722616028985,11.308484467498404,0.0,0.0,11.333333333333334,-1.252870788809533e-05,-9.709110872023484e-06,-6.776108087911734e-07,63.24793517611071,-63.23547215189801,63.22580348915639,-63.238278350517305,0.0,0.0,0.0,1.0,1.0,1.0,1.0,1.0,1.0
10.81,0.0007192580976982958,-0.0009281276733668948,11.327826854580778,0.0,0.0,11.350000000000001,-1.226670689427135e-05,-9.506244310013133e-06,-6.790464378241708e-07,63.238949031265214,-63.226529274762235,63.216894132499114,-63.22932575122924,0.0,0.0,0.0,1.0,1.0,1.0,1.0,1.0,1.0
10.82,0.0007196019121550318,-0.0009285713105586086,11.347123144249451,0.0,0.0,11.366666666666667,-1.2066498910674414e-05,-9.351256144914773e-06,-6.801180725968971e-07,63.231729148865654,-63.2193573699576,63.20975940165209,-63.22214306150762,0.0,0.0,0.0,1.0,1.0,1.0,1.0,1.0,1.0
10.83,0.0007199373125356898,-0.000929004090593093,11.366373305786718,0.0,0.0,11.383333333333333,-1.1935227458894063e-05,-9.2496807707385e-06,-6.808255688418987e-07,63.22622441128902,-63.213905077932424,63.20434774932488,-63.21667897598817,0.0,0.0,0.0,1.0,1.0,1.0,1.0,1.0,1.0
10.84,0.0007202645264540056,-0.0009294263073509236,11.385577120331062,0.0,0.0,11.4,-1.187184474697024e-05,-9.20070486390722e-06,-6.811677815356082e-07,63.22235905690506,-63.21009591150506,63.200582126031065,-63.212857170715864,0.0,0.0,0.0,1.0,1.0,1.0,1.0,1.0,1.0
10.85,0.0007205832173887055,-0.000929837526802702,11.404734131505451,0.0,0.0,11.416666666666666,-1.1865765259274957e-05,-9.19612399765678e-06,-6.811423653857565e-07,63.220027201736514,-63.20782269830948,63.198354361182545,-63.21057076345038,0.0,0.0,0.0,1.0,1.0,1.0,1.0,1.0,1.0
10.86,0.0007208933075926497,-0.000930237648778847,11.423844127699775,0.0,0.0,11.433333333333332,-1.1911383847968093e-05,-9.231593578441453e-06,-6.807479408052688e-07,63.219148887156415,-63.20700460587856,63.197582945238004,-63.20973911846647,0.0,0.0,0.0,1.0,1.0,1.0,1.0,1.0,1.0
10.870000000000001,0.0007211946415898876,-0.0009306264727879166,11.442906942338047,0.0,0.0,11.450000000000001,-1.2002242565758156e-05,-9.302108412073735e-06,-6.799832169499198e-07,63.21964720100701,-63.207563884723236,63.198189479968235,-63.2102846748437,0.0,0.0,0.0,1.0,1.0,1.0,1.0,1.0,1.0
10.88,0.0007214869828129469,-0.0009310036936748714,11.461922450112752,0.0,0.0,11.466666666666669,-1.213104513747232e-05,-9.402013944203848e-06,-6.788469894102723e-07,63.22144807716218,-63.20942567931717,63.20009849829456,-63.21213275488256,0.0,0.0,0.0,1.0,1.0,1.0,1.0,1.0,1.0
10.89,0.0007217700929409322,-0.0009313690040221315,11.480890581353583,0.0,0.0,11.483333333333334,-1.229031079968233e-05,-9.525512589204428e-06,-6.77339680236169e-07,63.22448436351414,-63.212522027785816,63.20324141095723,-63.215215579097446,0.0,0.0,0.0,1.0,1.0,1.0,1.0,1.0,1.0
10.9,0.0007220443097214452,-0.0009317228397910198,11.499811483857957,0.0,0.0,11.5,-1.2479211362389244e-05,-9.671961670195976e-06,-6.754945908793524e-07,63.228705691450614,-63.21680096996262,63.20756502409507,-63.21948154576318,0.0,0.0,0.0,1.0,1.0,1.0,1.0,1.0,1.0
10.91,0.0007223094907425912,-0.0009320650172044659,11.518685205361635,0.0,0.0,11.516666666666667,-1.269141310006675e-05,-9.836453729599662e-06,-6.733050426933402e-07,63.23402016526194,-63.22216900808738,63.21297459857923,-63.224837517684804,0.0,0.0,0.0,1.0,1.0,1.0,1.0,1.0,1.0
10.92,0.0007225654630124324,-0.0009323953130900195,11.5375118999906,0.0,0.0,11.533333333333333,-1.291952276213303e-05,-1.0013259403299638e-05,-6.70757234687724e-07,63.24032983781245,-63.22852810285411,63.219372023983084,-63.231185476364914,0.0,0.0,0.0,1.0,1.0,1.0,1.0,1.0,1.0
10.93,0.0007228120771362017,-0.0009327135347022594,11.556291680210668,0.0,0.0,11.549999999999999,-1.3158321010199103e-05,-1.0198334167674961e-05,-6.678441320520941e-07,63.2475682440127,-63.23581175633717,63.22669077716159,-63.23845893137177,0.0,0.0,0.0,1.0,1.0,1.0,1.0,1.0,1.0
10.94,0.0007230491635810518,-0.0009330194632898419,11.575024727212055,0.0,0.0,11.566666666666666,-1.3403227516397381e-05,-1.0388129053957597e-05,-6.645654164236698e-07,63.255677444660485,-63.24396225271294,63.23487331566452,-63.246600116871,0.0,0.0,0.0,1.0,1.0,1.0,1.0,1.0,1.0
10.950000000000001,0.0007232763998332048,-0.0009333126826711093,11.59371144752242,0.0,0.0,11.583333333333336,-1.3646281998506907e-05,-1.0576476536275328e-05,-6.609205228944024e-07,63.26455919192993,-63.25288143580055,63.243821554702336,-63.2555108564182,0.0,0.0,0.0,1.0,1.0,1.0,1.0,1.0,1.0
10.96,0.0007234937133769473,-0.0009335930992646136,11.612351941650905,0.0,0.0,11.600000000000001,-1.3885811213992388e-05,-1.0762080262455986e-05,-6.569094769040371e-07,63.27419314794855,-63.2625489535815,63.25351513136158,-63.265170801246356,0.0,0.0,0.0,1.0,1.0,1.0,1.0,1.0,1.0
10.97,0.0007237010335830835,-0.0009338606219070489,11.630946342887057,0.0,0.0,11.616666666666667,-1.412061080198916e-05,-1.0944007367327238e-05,-6.525338236239003e-07,63.28456335052798,-63.27294886580463,63.263938122440884,-63.2755640062439,0.0,0.0,0.0,1.0,1.0,1.0,1.0,1.0,1.0
10.98,0.0007238981453109466,-0.0009341149729312568,11.64949501122316,0.0,0.0,11.633333333333335,-1.4346456470487287e-05,-1.1118985442397862e-05,-6.477963850334145e-07,63.29561588423114,-63.28402729428351,63.27503667879732,-63.286636585066546,0.0,0.0,0.0,1.0,1.0,1.0,1.0,1.0,1.0
10.99,0.0007240849879747528,-0.0009343560741433626,11.667998048036674,0.0,0.0,11.65,-1.4562158616187956e-05,-1.1286092944428146e-05,-6.426979516569891e-07,63.307335565915764,-63.29576906636598,63.28679563595775,-63.29837336276486,0.0,0.0,0.0,1.0,1.0,1.0,1.0,1.0,1.0
11.0,0.0007242609742541465,-0.0009345831674379229,11.686456710566183,0.0,0.0,11.666666666666666,-1.4757053889252245e-05,-1.143707023044866e-05,-6.372479886721223e-07,63.319566374769714,-63.30801838128697,63.29905936409409,-63.31061848962903,0.0,0.0,0.0,1.0,1.0,1.0,1.0,1.0,1.0
11.01,0.0007244261397768112,-0.0009347962987971503,11.704870939111842,0.0,0.0,11.683333333333334,-1.4931841572778374e-05,-1.1572459009815539e-05,-6.314460186714018e-07,63.3323172420082,-63.32078416405647,63.311836783378496,-63.32338089202812,0.0,0.0,0.0,1.0,1.0,1.0,1.0,1.0,1.0
11.02,0.0007245806116194731,-0.0009349956322523726,11.723240454617706,0.0,0.0,11.7,-1.5088806611240784e-05,-1.1694029135948572e-05,-6.252899398446611e-07,63.34562215168979,-63.334100348090324,63.32516178789404,-63.33669451465117,0.0,0.0,0.0,1.0,1.0,1.0,1.0,1.0,1.0
11.03,0.0007247243885479289,-0.000935181166209784,11.741565262204196,0.0,0.0,11.716666666666665,-1.5227933094858212e-05,-1.180176829300064e-05,-6.18779795836636e-07,63.35948069453171,-63.34796652588714,63.339033971520124,-63.350558949596994,0.0,0.0,0.0,1.0,1.0,1.0,1.0,1.0,1.0
11.040000000000001,0.0007248570254922633,-0.0009353523259221603,11.759847208363173,0.0,0.0,11.733333333333334,-1.534348372507721e-05,-1.1891235254010554e-05,-6.119336645079294e-07,63.37374527527789,-63.36223574456715,63.35330687932486,-63.36482709987318,0.0,0.0,0.0,1.0,1.0,1.0,1.0,1.0,1.0
11.05,0.0007249786366528181,-0.000935509258863701,11.778085819303897,0.0,0.0,11.750000000000002,-1.5436930633587766e-05,-1.1963569591726265e-05,-6.047468995574035e-07,63.38845376534857,-63.37694571072357,63.368018090133035,-63.37953670905039,0.0,0.0,0.0,1.0,1.0,1.0,1.0,1.0,1.0
11.06,0.0007250891470190757,-0.0009356518681685308,11.796281406227614,0.0,0.0,11.766666666666667,-1.550730687641601e-05,-1.2018022797199181e-05,-5.972225438158173e-07,63.40358128955048,-63.392071657427074,63.38314292093755,-63.39466298591073,0.0,0.0,0.0,1.0,1.0,1.0,1.0,1.0,1.0
11.07,0.0007251884815805183,-0.0009357800569707747,11.814434280335563,0.0,0.0,11.783333333333333,-1.5553645509617565e-05,-1.2053846361442613e-05,-5.893636411070222e-07,63.41910297270656,-63.407588817764605,63.39865668874754,-63.4101811392525,0.0,0.0,0.0,1.0,1.0,1.0,1.0,1.0,1.0
11.08,0.0007252766127991471,-0.0009358937896260482,11.832544984195453,0.0,0.0,11.8,-1.557556127511473e-05,-1.2070742718818859e-05,-5.811760096411747e-07,63.4349824482385,-63.4234610726841,63.414523466305944,-63.426054994394036,0.0,0.0,0.0,1.0,1.0,1.0,1.0,1.0,1.0
11.09,0.0007253535308091516,-0.0009359930532803683,11.850614146503801,0.0,0.0,11.816666666666666,-1.5572885454062095e-05,-1.2068582172497347e-05,-5.726665013359575e-07,63.451179071761246,-63.43964807716875,63.430703140547855,-63.44224413902189,0.0,0.0,0.0,1.0,1.0,1.0,1.0,1.0,1.0
11.1,0.0007254191610896201,-0.0009360777516992648,11.868642080848042,0.0,0.0,11.833333333333332,-1.5544657101789765e-05,-1.2046620864176244e-05,-5.63838192551614e-07,63.46766784957235,-63.45612494721649,63.447170912505776,-63.458723664521905,0.0,0.0,0.0,1.0,1.0,1.0,1.0,1.0,1.0
11.11,0.0007254734646640548,-0.0009361478344870416,11.88662927404815,0.0,0.0,11.85,-1.5490350803148624e-05,-1.2004452573352176e-05,-5.546962375933584e-07,63.48441518395376,-63.47285829908041,63.46389356423574,-63.475460139069014,0.0,0.0,0.0,1.0,1.0,1.0,1.0,1.0,1.0
11.120000000000001,0.0007255164070913922,-0.0009362032570969867,11.904576235028426,0.0,0.0,11.866666666666669,-1.540949671617892e-05,-1.1941714161767287e-05,-5.452460573554429e-07,63.50138637929744,-63.48981366442853,63.480836803514585,-63.4924190432587,0.0,0.0,0.0,1.0,1.0,1.0,1.0,1.0,1.0
11.13,0.000725547958466004,-0.0009362439808313749,11.922483494817465,0.0,0.0,11.883333333333335,-1.5301680572109327e-05,-1.1858085573410604e-05,-5.354933394050297e-07,63.51854564215052,-63.506955490388904,63.49796526388512,-63.509564770152224,0.0,0.0,0.0,1.0,1.0,1.0,1.0,1.0,1.0
11.14,0.000725569023504766,-0.0009362711730716518,11.94035191520979,0.0,0.0,11.9,-1.5180917697541758e-05,-1.1764425846561137e-05,-5.254556304646955e-07,63.535960842838975,-63.52435212294185,63.5153476590547,-63.52696555810909,0.0,0.0,0.0,1.0,1.0,1.0,1.0,1.0,1.0
11.15,0.0007255791803793451,-0.0009362842893835079,11.95818178884899,0.0,0.0,11.916666666666668,-1.5040813209116672e-05,-1.165578140598178e-05,-5.151326367074095e-07,63.553560502572566,-63.54193216615187,63.532912657634796,-63.544549992880924,0.0,0.0,0.0,1.0,1.0,1.0,1.0,1.0,1.0
11.16,0.0007255784230766323,-0.0009362833219097956,11.975973608199459,0.0,0.0,11.933333333333334,-1.4881354856297635e-05,-1.153214358889683e-05,-5.045298744712458e-07,63.57131515000954,-63.55966636736617,63.55063117640143,-63.56228877265112,0.0,0.0,0.0,1.0,1.0,1.0,1.0,1.0,1.0
11.17,0.0007255667955504662,-0.0009362683272726215,11.993727885350827,0.0,0.0,11.95,-1.4703300457349553e-05,-1.1394100333447007e-05,-4.936535142534655e-07,63.589200704252086,-63.57753087809569,63.56847954688052,-63.58015799664465,0.0,0.0,0.0,1.0,1.0,1.0,1.0,1.0,1.0
11.18,0.0007255443417546847,-0.0009362393620940933,12.011445132392714,0.0,0.0,11.966666666666667,-1.4507407830534919e-05,-1.124223957777611e-05,-4.825097269586837e-07,63.607193084422576,-63.595501849871546,63.586434100618156,-63.598133764106684,0.0,0.0,0.0,1.0,1.0,1.0,1.0,1.0,1.0
11.19,0.0007255111056431268,-0.0009361964829963176,12.029125861414741,0.0,0.0,11.983333333333333,-1.429443479411258e-05,-1.1077149260032615e-05,-4.7110468379184904e-07,63.62526820962653,-63.61355543420801,63.60447116914362,-63.616192174265535,0.0,0.0,0.0,1.0,1.0,1.0,1.0,1.0,1.0
11.200000000000001,0.0007254671606177747,-0.0009361397846169801,12.046770583017889,0.0,0.0,12.000000000000002,-1.4065312840196572e-05,-1.0899551726393154e-05,-4.5944483293391597e-07,63.64340415049344,-63.63166991359526,63.622569199019985,-63.634311461936214,0.0,0.0,0.0,1.0,1.0,1.0,1.0,1.0,1.0
11.21,0.0007254132200458484,-0.0009360701877459669,12.064379775451838,0.0,0.0,12.016666666666667,-1.3824747730439869e-05,-1.0713090269874806e-05,-4.4754263675305314e-07,63.661625734458994,-63.64986988078111,63.64075260061494,-63.65251627239203,0.0,0.0,0.0,1.0,1.0,1.0,1.0,1.0,1.0
11.22,0.0007253490284925693,-0.0009359873625147603,12.081953965940798,0.0,0.0,12.033333333333335,-1.3571731603783019e-05,-1.0516986351007712e-05,-4.354014510755764e-07,63.6798870068659,-63.668109822421314,63.65897620267703,-63.670760993127075,0.0,0.0,0.0,1.0,1.0,1.0,1.0,1.0,1.0
11.23,0.0007252747249956639,-0.0009358914882923891,12.099493661767752,0.0,0.0,12.05,-1.3307583046722403e-05,-1.0312261892507013e-05,-4.2302833907334644e-07,63.6981708337728,-63.68637277063651,63.677223165867176,-63.689028618863674,0.0,0.0,0.0,1.0,1.0,1.0,1.0,1.0,1.0
11.24,0.0007251904575438577,-0.0009357827560030222,12.116999369763185,0.0,0.0,12.066666666666666,-1.3033673435294914e-05,-1.009997967151427e-05,-4.104304472372378e-07,63.71646073524896,-63.70464240531215,63.6954772937654,-63.70730279349049,0.0,0.0,0.0,1.0,1.0,1.0,1.0,1.0,1.0
11.25,0.0007250963830768765,-0.0009356613681259692,12.134471596305104,0.0,0.0,12.083333333333334,-1.27514269350751e-05,-9.881243319601034e-06,-3.976150052124411e-07,63.7347408853138,-63.72290305403808,63.71372303281043,-63.72556781000213,0.0,0.0,0.0,1.0,1.0,1.0,1.0,1.0,1.0
11.26,0.0007249926674854453,-0.0009355275386956799,12.151910847319023,0.0,0.0,12.1,-1.2462320501172374e-05,-9.657197322772477e-06,-3.8458932564294133e-07,63.75299611196374,-63.741139692135356,63.73194547232652,-63.74380861052597,0.0,0.0,0.0,1.0,1.0,1.0,1.0,1.0,1.0
11.27,0.0007248794856112885,-0.0009353814933017434,12.169317628277975,0.0,0.0,12.116666666666665,-1.2167883878228243e-05,-9.429027021471023e-06,-3.713608040272065e-07,63.77121189716217,-63.75933794264624,63.75013034451346,-63.76201078631209,0.0,0.0,0.0,1.0,1.0,1.0,1.0,1.0,1.0
11.28,0.000724757597259615,-0.000935224212682651,12.186692900719839,0.0,0.0,12.133333333333333,-1.1872164752151159e-05,-9.199865937526108e-06,-3.579519956748949e-07,63.78942526591591,-63.777534346991416,63.76831381538174,-63.78021098735116,0.0,0.0,0.0,1.0,1.0,1.0,1.0,1.0,1.0
11.290000000000001,0.0007246272340546409,-0.0009350559957304407,12.204037272369657,0.0,0.0,12.150000000000002,-1.1576826015803453e-05,-8.971002352512873e-06,-3.4437291773564224e-07,63.807627754708015,-63.79572049624826,63.786487518084314,-63.79840079237679,0.0,0.0,0.0,1.0,1.0,1.0,1.0,1.0,1.0
11.3,0.0007244882530402506,-0.0009348766577788735,12.221351034986673,0.0,0.0,12.166666666666668,-1.1281964116426515e-05,-8.74251259026872e-06,-3.30623401794654e-07,63.82577746076447,-63.81385495290605,63.80461037574954,-63.816538659251094,0.0,0.0,0.0,1.0,1.0,1.0,1.0,1.0,1.0
11.31,0.0007243408469790223,-0.0009346864475521823,12.238634733874797,0.0,0.0,12.183333333333334,-1.0989136313722697e-05,-8.515603245495412e-06,-3.1671181632348845e-07,63.843861913948984,-63.831925357242184,63.82267011402766,-63.83461220335682,0.0,0.0,0.0,1.0,1.0,1.0,1.0,1.0,1.0
11.32,0.0007241852086335341,-0.0009344856137745998,12.255888914337932,0.0,0.0,12.200000000000001,-1.0699899867356459e-05,-8.291480912943715e-06,-3.026465283869507e-07,63.861868644128386,-63.849919349537096,63.84065445857202,-63.85260904007988,0.0,0.0,0.0,1.0,1.0,1.0,1.0,1.0,1.0
11.33,0.0007240215307663642,-0.000934274405170359,12.27311412167998,0.0,0.0,12.216666666666667,-1.0415812036953426e-05,-8.071352187414473e-06,-2.884359036770629e-07,63.87978518116956,-63.86782457007125,63.85855113503606,-63.87051678480627,0.0,0.0,0.0,1.0,1.0,1.0,1.0,1.0,1.0
11.34,0.0007238500061400908,-0.0009340530704636924,12.290310901204847,0.0,0.0,12.233333333333333,-1.0138430082099635e-05,-7.85642366375958e-06,-2.740883065658256e-07,63.89759905493259,-63.885628659118254,63.87634786906644,-63.888323052915254,0.0,0.0,0.0,1.0,1.0,1.0,1.0,1.0,1.0
11.35,0.0007236708275172919,-0.0009338218583788331,12.307479798216436,0.0,0.0,12.25,-9.869311262340905e-06,-7.647901936882848e-06,-2.5961210017677046e-07,63.91529779529439,-63.90331925696848,63.89403238632664,-63.90601545980292,0.0,0.0,0.0,1.0,1.0,1.0,1.0,1.0,1.0
11.36,0.0007234841772311698,-0.0009335810042477634,12.324621329271782,0.0,0.0,12.266666666666666,-9.608696244021307e-06,-7.4459730503388325e-06,-2.4501683010997505e-07,63.93287507313053,-63.92088995752641,63.9115982208967,-63.92358761668717,0.0,0.0,0.0,1.0,1.0,1.0,1.0,1.0,1.0
11.370000000000001,0.0007232901707590377,-0.0009333306575535384,12.341735826650584,0.0,0.0,12.283333333333335,-9.348385878789325e-06,-7.244280962342775e-06,-2.3031963112085328e-07,63.95036392543685,-63.938372519617786,63.92907614101136,-63.941071570272165,0.0,0.0,0.0,1.0,1.0,1.0,1.0,1.0,1.0
11.38,0.0007230890465699842,-0.0009330711257116294,12.358823961639269,0.0,0.0,12.3,-9.095707366409315e-06,-7.048504811599644e-06,-2.1552367997119074e-07,63.967724969163584,-63.95572849181473,63.94642841694108,-63.95842865926196,0.0,0.0,0.0,1.0,1.0,1.0,1.0,1.0,1.0
11.39,0.000722880989553474,-0.0009328026473364889,12.375886257840794,0.0,0.0,12.316666666666668,-8.851224073076863e-06,-6.859080781068233e-06,-2.006382325062325e-07,63.98495037002441,-63.97295000878815,63.96364715912062,-63.97565102529578,0.0,0.0,0.0,1.0,1.0,1.0,1.0,1.0,1.0
11.4,0.000722666184012724,-0.000932525460289775,12.392923237242215,0.0,0.0,12.333333333333334,-8.615425357702006e-06,-6.676387687319408e-06,-1.8567261088429852e-07,64.00203263892215,-63.990029539865034,63.98072480447907,-63.99273114704143,0.0,0.0,0.0,1.0,1.0,1.0,1.0,1.0,1.0
11.41,0.0007224448136647036,-0.0009322398016803515,12.409935420214694,0.0,0.0,12.35,-8.388726571911416e-06,-6.50074698053314e-06,-1.706362036787416e-07,64.01896463196233,-64.00695988904188,63.99765411645338,-64.00966184020886,0.0,0.0,0.0,1.0,1.0,1.0,1.0,1.0,1.0
11.42,0.0007222170616401348,-0.0009319459078642875,12.426923325513497,0.0,0.0,12.366666666666667,-8.171469060050719e-06,-6.3324227444955524e-06,-1.5553846597405225e-07,64.03573955044314,-64.02373419497478,64.01442818497834,-64.02643625754013,0.0,0.0,0.0,1.0,1.0,1.0,1.0,1.0,1.0
11.43,0.0007219831104834918,-0.0009316440144448585,12.443887470277996,0.0,0.0,12.383333333333333,-7.963920159186888e-06,-6.171621696595831e-06,-1.4038891945527227e-07,64.05235094084533,-64.04034593096925,64.03104042647645,-64.04304788879931,0.0,0.0,0.0,1.0,1.0,1.0,1.0,1.0,1.0
11.44,0.0007217431421530006,-0.0009313343562725452,12.46082837003166,0.0,0.0,12.399999999999999,-7.766273199110671e-06,-6.0184931878230975e-06,-1.2519715249003424e-07,64.0687926948658,-64.05678890501386,64.04748458389156,-64.05949056080608,0.0,0.0,0.0,1.0,1.0,1.0,1.0,1.0,1.0
11.450000000000001,0.0007214973178851181,-0.0009310171414719875,12.477746519616314,0.0,0.0,12.416666666666668,-7.578140775787358e-06,-5.872736566866908e-06,-1.0997346474703031e-07,64.08506303346381,-64.07306120181829,64.06375863618513,-64.07576238895142,0.0,0.0,0.0,1.0,1.0,1.0,1.0,1.0,1.0
11.46,0.0007212453842105231,-0.0009306920432092607,12.494642028882735,0.0,0.0,12.433333333333335,-7.389128191102844e-06,-5.726297213346004e-06,-9.474108585711051e-08,64.10124057287862,-64.08924050360638,64.07993954185655,-64.09194126615594,0.0,0.0,0.0,1.0,1.0,1.0,1.0,1.0,1.0
11.47,0.0007209878375072442,-0.0009303597018760695,12.511515721190216,0.0,0.0,12.450000000000001,-7.207906717561231e-06,-5.585893802826486e-06,-7.949908519509022e-08,64.11725480594829,-64.10525696429546,64.09595796675198,-64.10795719717024,0.0,0.0,0.0,1.0,1.0,1.0,1.0,1.0,1.0
11.48,0.0007207248470416107,-0.0009300203359371489,12.528368104494456,0.0,0.0,12.466666666666667,-7.034598841176866e-06,-5.451620885647782e-06,-6.4257257859085e-08,64.13310117417497,-64.12110595425433,64.11180922594606,-64.12380556837341,0.0,0.0,0.0,1.0,1.0,1.0,1.0,1.0,1.0
11.49,0.0007204565820799515,-0.0009296741638572338,12.545199686751143,0.0,0.0,12.483333333333334,-6.869327047958531e-06,-5.3235730121565115e-06,-4.9025399025599885e-08,64.14877511908092,-64.13678284387196,64.12748863453359,-64.1394817661647,0.0,0.0,0.0,1.0,1.0,1.0,1.0,1.0,1.0
11.5,0.0007201832118885955,-0.0009293214041010592,12.562010975915973,0.0,0.0,12.5,-6.7122138239097385e-06,-5.201844732706108e-06,-3.381330395708305e-08,64.16427208216496,-64.15228300351376,64.14299150758585,-64.15498117691989,0.0,0.0,0.0,1.0,1.0,1.0,1.0,1.0,1.0
11.51,0.0007199049057338721,-0.0009289622751333604,12.578802479944635,0.0,0.0,12.516666666666666,-6.5633816550290665e-06,-5.086530597656416e-06,-1.8630768009595095e-08,64.179587504946,-64.16760180356533,64.15831316019427,-64.17029918703487,0.0,0.0,0.0,1.0,1.0,1.0,1.0,1.0,1.0
11.52,0.0007196218328821102,-0.0009285969954188721,12.595574706792824,0.0,0.0,12.533333333333333,-6.4229530273104555e-06,-4.97772515737325e-06,-3.4875866405943974e-09,64.19471682893293,-64.18273461440218,64.17344890744025,-64.18543118289547,0.0,0.0,0.0,1.0,1.0,1.0,1.0,1.0,1.0
11.53,0.000719334162599639,-0.0009282257834223293,12.612328164416235,0.0,0.0,12.549999999999999,-6.291050426743567e-06,-4.8755229622279936e-06,1.160644458316204e-08,64.20965549562786,-64.19767680639306,64.18839406439841,-64.20037255088083,0.0,0.0,0.0,1.0,1.0,1.0,1.0,1.0,1.0
11.540000000000001,0.0007190420641527875,-0.0009278488576084669,12.629063360770559,0.0,0.0,12.566666666666668,-6.167796339314074e-06,-4.780018562597117e-06,2.6641529977604386e-08,64.22439894655311,-64.21242374992693,64.20314394616355,-64.21511867739024,0.0,0.0,0.0,1.0,1.0,1.0,1.0,1.0,1.0
11.55,0.0007187457068078849,-0.0009274664364420202,12.645780803811487,0.0,0.0,12.583333333333334,-6.053313251004137e-06,-4.691306508861808e-06,4.160787373320668e-08,64.23894262320744,-64.22697081536917,64.21769386780697,-64.22966494879945,0.0,0.0,0.0,1.0,1.0,1.0,1.0,1.0,1.0
11.56,0.0007184441528278857,-0.0009270773095035818,12.662480041145873,0.0,0.0,12.600000000000001,-5.937491475406721e-06,-4.6015580076024996e-06,5.649698476627384e-08,64.25332332206287,-64.24135499538595,64.23208097455911,-64.24404831429311,0.0,0.0,0.0,1.0,1.0,1.0,1.0,1.0,1.0
11.57,0.0007181380951852778,-0.0009266823712408545,12.67916203505558,0.0,0.0,12.616666666666667,-5.8252941809986175e-06,-4.514616020310321e-06,7.129844759192908e-08,64.26751692023302,-64.25555196948919,64.24628079230295,-64.2582444975379,0.0,0.0,0.0,1.0,1.0,1.0,1.0,1.0,1.0
11.58,0.0007178277518074069,-0.0009262819029286382,12.69582733571076,0.0,0.0,12.633333333333333,-5.71729363377521e-06,-4.4309233870467575e-06,8.600240762059621e-08,64.28151704137541,-64.26955527845209,64.26028679738057,-64.27224705793226,0.0,0.0,0.0,1.0,1.0,1.0,1.0,1.0,1.0
11.59,0.000717513213108097,-0.000925876021251406,12.712476382660894,0.0,0.0,12.65,-5.612883476113495e-06,-4.350010273621245e-06,1.0059916042037095e-07,64.29532207273687,-64.28336325743012,64.27409728445903,-64.28605434240424,0.0,0.0,0.0,1.0,1.0,1.0,1.0,1.0,1.0
11.6,0.0007171945647696783,-0.0009254648367863707,12.729109611350781,0.0,0.0,12.666666666666666,-5.511413616604513e-06,-4.271372980295818e-06,1.150790068920707e-07,64.30893057832633,-64.29697441948346,64.28771072699854,-64.29966487553219,0.0,0.0,0.0,1.0,1.0,1.0,1.0,1.0,1.0
11.61,0.0007168718877429864,-0.0009250484540034861,12.745727453120564,0.0,0.0,12.683333333333332,-5.41219023005443e-06,-4.19447394178372e-06,1.2943225326787762e-07,64.32234129889468,-64.31038745555685,64.30112577723229,-64.31307735952478,0.0,0.0,0.0,1.0,1.0,1.0,1.0,1.0,1.0
11.620000000000001,0.0007165452582473631,-0.0009246269712654459,12.762330335205704,0.0,0.0,12.700000000000001,-5.314475757485529e-06,-4.118741727248122e-06,1.4364921110796858e-07,64.33555315197182,-64.32360123451664,64.31434126620343,-64.32629067425796,0.0,0.0,0.0,1.0,1.0,1.0,1.0,1.0,1.0
11.63,0.0007162147477706558,-0.0009242004808276845,12.778918680736984,0.0,0.0,12.716666666666669,-5.217488906137167e-06,-4.043571040300976e-06,1.5772019729429314e-07,64.34856523183966,-64.33661480312384,64.32735620373816,-64.339303877248,0.0,0.0,0.0,1.0,1.0,1.0,1.0,1.0,1.0
11.64,0.0007158804230692179,-0.0009237690688383765,12.795492908740536,0.0,0.0,12.733333333333334,-5.120404649466501e-06,-3.968322719001897e-06,1.7163553402066376e-07,64.36137680951195,-64.34942738601393,64.34016977842559,-64.35211620363134,0.0,0.0,0.0,1.0,1.0,1.0,1.0,1.0,1.0
11.65,0.0007155423461679082,-0.0009233328153384366,12.812053434137805,0.0,0.0,12.75,-5.022354227149284e-06,-3.892323735857265e-06,1.8538554877818062e-07,64.37398733279156,-64.36203838575408,64.35278135767487,-64.36472706622177,0.0,0.0,0.0,1.0,1.0,1.0,1.0,1.0,1.0
11.66,0.000715200574360092,-0.0009228917942615206,12.828600667745569,0.0,0.0,12.766666666666667,-4.922425145080456e-06,-3.814867197819433e-06,1.989605743350525e-07,64.38639642623002,-64.37444738280277,64.36519048767485,-64.37713605547012,0.0,0.0,0.0,1.0,1.0,1.0,1.0,1.0,1.0
11.67,0.0007148554909664906,-0.000922446500201155,12.8451347267665,0.0,0.0,12.783333333333333,-4.825705461731059e-06,-3.7398949909990828e-06,2.1235657344528754e-07,64.39861842448634,-64.386668925653,64.37741188229296,-64.3893576714803,0.0,0.0,0.0,1.0,1.0,1.0,1.0,1.0,1.0
11.68,0.0007145069842169817,-0.0009219967889492668,12.861656153504518,0.0,0.0,12.799999999999999,-4.728278676268946e-06,-3.664372982846694e-06,2.2556117645204136e-07,64.41064629287524,-64.39869581390585,64.3894382127323,-64.40138475138517,0.0,0.0,0.0,1.0,1.0,1.0,1.0,1.0,1.0
11.69,0.0007141550985597171,-0.0009215427178586499,12.87816534528139,0.0,0.0,12.816666666666666,-4.629125749749535e-06,-3.587511785689405e-06,2.3856475552304277e-07,64.42248024550075,-64.41052822204759,64.40126962268558,-64.41321747866336,0.0,0.0,0.0,1.0,1.0,1.0,1.0,1.0,1.0
11.700000000000001,0.0007137999037554983,-0.0009210843769397973,12.894662669016919,0.0,0.0,12.833333333333336,-4.527732936047305e-06,-3.5089134895790746e-06,2.51358199079767e-07,64.43412199334189,-64.42216784590684,64.41290779612996,-64.4248575526016,0.0,0.0,0.0,1.0,1.0,1.0,1.0,1.0,1.0
11.71,0.0007134414679556971,-0.0009206218541242381,12.91114848479352,0.0,0.0,12.850000000000001,-4.4235998078488966e-06,-3.4281905189604136e-06,2.6393245400790013e-07,64.44557356131648,-64.43361669881753,64.42435473731238,-64.43630698918894,0.0,0.0,0.0,1.0,1.0,1.0,1.0,1.0,1.0
11.72,0.0007130798578373269,-0.000920155235438815,12.927623145738002,0.0,0.0,12.866666666666667,-4.316241724931693e-06,-3.344967544903787e-06,2.76278527950876e-07,64.45683729424222,-64.44487711768463,64.43561277689653,-64.44756812715879,0.0,0.0,0.0,1.0,1.0,1.0,1.0,1.0,1.0
11.73,0.0007127151387381122,-0.0009196846051799614,12.944086997903353,0.0,0.0,12.883333333333335,-4.205192302442505e-06,-3.2588833973382783e-06,2.883874916032021e-07,64.46791586272063,-64.45595176897314,64.44668457803289,-64.45864363395418,0.0,0.0,0.0,1.0,1.0,1.0,1.0,1.0,1.0
11.74,0.0007123473747915604,-0.0009192100460879788,12.960540380150501,0.0,0.0,12.9,-4.090005879176069e-06,-3.169592977284773e-06,3.0025048100394675e-07,64.47881226909848,-64.46684365477432,64.45757314250616,-64.46953651177017,0.0,0.0,0.0,1.0,1.0,1.0,1.0,1.0,1.0
11.75,0.0007119766290620311,-0.0009187316395213124,12.976983624030096,0.0,0.0,12.916666666666666,-3.970259985853511e-06,-3.0767691690891576e-06,3.1185869983076354e-07,64.48952985340192,-64.47755611884465,64.46828181685544,-64.48025010356919,0.0,0.0,0.0,1.0,1.0,1.0,1.0,1.0,1.0
11.76,0.000711602963679808,-0.000918249465630831,12.99341705366427,0.0,0.0,12.933333333333334,-3.8455578134007315e-06,-2.980104752655593e-06,3.23203421694873e-07,64.50007229928767,-64.48809285266192,64.47881429851142,-64.4907880991133,0.0,0.0,0.0,1.0,1.0,1.0,1.0,1.0,1.0
11.77,0.0007112264399761683,-0.0009177636035341011,13.009840985628433,0.0,0.0,12.95,-3.715530681226748e-06,-2.8793143156798626e-06,3.342759924374558e-07,64.5104436399371,-64.49845790142415,64.48917464187653,-64.50115454093942,0.0,0.0,0.0,1.0,1.0,1.0,1.0,1.0,1.0
11.78,0.0007108471186184541,-0.0009172741314896653,13.026255728833027,0.0,0.0,12.966666666666665,-3.579840505501983e-06,-2.774136165882777e-06,3.45067832427937e-07,64.5206482640342,-64.50865567013246,64.49936726448887,-64.51135383041847,0.0,0.0,0.0,1.0,1.0,1.0,1.0,1.0,1.0
11.790000000000001,0.0007104653155659428,-0.0009167814570992548,13.042661580881301,0.0,0.0,12.983333333333334,-3.444804810489107e-06,-2.6694653508609555e-06,3.555863770957798e-07,64.53064744888142,-64.51864800425355,64.50935445195626,-64.52134768486407,0.0,0.0,0.0,1.0,1.0,1.0,1.0,1.0,1.0
11.8,0.0007100811603209104,-0.0009162857474146991,13.05905885198463,0.0,0.0,13.000000000000002,-3.3121185533765026e-06,-2.566615421167404e-06,3.6582849439041456e-07,64.5404300024273,-64.52842391465119,64.51912537228098,-64.53112506941802,0.0,0.0,0.0,1.0,1.0,1.0,1.0,1.0,1.0
11.81,0.0007096945180674613,-0.0009157868284960417,13.075447844328341,0.0,0.0,13.016666666666667,-3.1766466700698123e-06,-2.461608074544626e-06,3.7577449018118846e-07,64.55003088334017,-64.5380179966843,64.52871433921365,-64.54072066148436,0.0,0.0,0.0,1.0,1.0,1.0,1.0,1.0,1.0
11.82,0.0007093054558350391,-0.0009152847867970202,13.09182884681147,0.0,0.0,13.033333333333333,-3.03850211345727e-06,-2.354531151102047e-06,3.854172125355969e-07,64.55945169543679,-64.547431924037,64.53812308047915,-64.55013611904556,0.0,0.0,0.0,1.0,1.0,1.0,1.0,1.0,1.0
11.83,0.0007089140395791543,-0.0009147797073831269,13.108202141985595,0.0,0.0,13.05,-2.897829412517816e-06,-2.2454969717574605e-06,3.9474962770961194e-07,64.56869414200962,-64.55666747536853,64.54735343304021,-64.55937320382044,0.0,0.0,0.0,1.0,1.0,1.0,1.0,1.0,1.0
11.84,0.0007085203341813835,-0.00091427167393161,13.12456800605481,0.0,0.0,13.066666666666666,-2.7548046723206387e-06,-2.1346423382376215e-06,4.037648201674885e-07,64.57776002585685,-64.56572653434331,64.55640734312743,-64.56843378129417,0.0,0.0,0.0,1.0,1.0,1.0,1.0,1.0,1.0
11.85,0.0007081244034493698,-0.0009137607687314726,13.140926708875758,0.0,0.0,13.083333333333332,-2.6096355740247923e-06,-2.0221285330787505e-06,4.1245599260229135e-07,64.58665124924234,-64.57461108959086,64.56528686619919,-64.57731982067824,0.0,0.0,0.0,1.0,1.0,1.0,1.0,1.0,1.0
11.86,0.0007077263101168227,-0.0009132470726834732,13.157278513957612,0.0,0.0,13.1,-2.4625613748788697e-06,-1.9081413196269425e-06,4.208164659569929e-07,64.59536981392563,-64.58332323473581,64.57399416697173,-64.58603339494044,0.0,0.0,0.0,1.0,1.0,1.0,1.0,1.0,1.0
11.870000000000001,0.000707326115843518,-0.0009127306653001257,13.173623678462075,0.0,0.0,13.116666666666669,-2.313852908220735e-06,-1.7928909420384663e-06,4.28839679445967e-07,64.60391782115187,-64.59186516838787,64.58253151940903,-64.59457668079482,0.0,0.0,0.0,1.0,1.0,1.0,1.0,1.0,1.0
11.88,0.0007069238812152979,-0.0009122116247056994,13.189962453203378,0.0,0.0,13.133333333333335,-2.1638125834774534e-06,-1.6766121252800719e-06,4.3651919057666243e-07,64.6122974716522,-64.60023919414218,64.59090130672323,-64.60295195870205,0.0,0.0,0.0,1.0,1.0,1.0,1.0,1.0,1.0
11.89,0.0007065196657440714,-0.0009116900276362187,13.206295082648298,0.0,0.0,13.15,-2.0127743861650466e-06,-1.5595640751289837e-06,4.4384867517124656e-07,64.62051106563986,-64.60844772057536,64.5991060213706,-64.61116161286554,0.0,0.0,0.0,1.0,1.0,1.0,1.0,1.0,1.0
11.9,0.0007061135278678131,-0.0009111659494394634,13.222621804916137,0.0,0.0,13.166666666666668,-1.861103877888572e-06,-1.4420304781730051e-06,4.508219273879311e-07,64.62856100282052,-64.61649326125591,64.60714826506212,-64.61920813124176,0.0,0.0,0.0,1.0,1.0,1.0,1.0,1.0,1.0
11.91,0.0007057055249505647,-0.0009106394640749685,13.238942851778734,0.0,0.0,13.183333333333334,-1.709198196342176e-06,-1.3243195018104122e-06,4.574328597417156e-07,64.63644978237545,-64.62437843472746,64.61503074874645,-64.62709410552344,0.0,0.0,0.0,1.0,1.0,1.0,1.0,1.0,1.0
11.92,0.000705295713282434,-0.0009101106441140247,13.255258448660458,0.0,0.0,13.2,-1.5574860553092386e-06,-1.2067637942497546e-06,4.6367550312422604e-07,64.64418000298517,-64.6321059645322,64.6227562926336,-64.63482223116316,0.0,0.0,0.0,1.0,1.0,1.0,1.0,1.0,1.0
11.93,0.0007048853322913801,-0.0009095810901969424,13.271569222914628,0.0,0.0,13.216666666666667,-1.4058189425266458e-06,-1.0892373154026731e-06,4.6957171459237674e-07,64.65173661422598,-64.63965864880993,64.63030602744207,-64.6423757899341,0.0,0.0,0.0,1.0,1.0,1.0,1.0,1.0,1.0
11.94,0.0007044736900771283,-0.0009090499085745355,13.287875130060302,0.0,0.0,13.233333333333333,-1.2550722637013657e-06,-9.724260671746834e-07,4.750983060352178e-07,64.65913359518424,-64.64705204001912,64.63769672486889,-64.64976998056625,0.0,0.0,0.0,1.0,1.0,1.0,1.0,1.0,1.0
11.950000000000001,0.0007040608627164835,-0.0009085171973697627,13.304176384412013,0.0,0.0,13.250000000000002,-1.1057576322425404e-06,-8.567267525240401e-07,4.802502018443167e-07,64.66637349814134,-64.65428878746732,64.64493110931954,-64.65700743052759,0.0,0.0,0.0,1.0,1.0,1.0,1.0,1.0,1.0
11.96,0.0007036469717067575,-0.0009079831133667835,13.320473209966531,0.0,0.0,13.266666666666667,-9.583943349033786e-07,-7.425415850653166e-07,4.850235327009502e-07,64.67345827803861,-64.66137085903364,64.65201115860485,-64.66409010475878,0.0,0.0,0.0,1.0,1.0,1.0,1.0,1.0,1.0
11.97,0.0007032321432204939,-0.0009074478193867907,13.336765826355295,0.0,0.0,13.283333333333335,-8.135302788884331e-07,-6.302949135088782e-07,4.894146822396997e-07,64.68038990312175,-64.66830023032324,64.65893885393938,-64.67101997717808,0.0,0.0,0.0,1.0,1.0,1.0,1.0,1.0,1.0
11.98,0.0007028165083132756,-0.0009069114845564032,13.353054448916035,0.0,0.0,13.3,-6.717418850204201e-07,-5.204331368725508e-07,4.934202919174198e-07,64.68717035183903,-64.67507888116509,64.66571617612873,-64.67779902726906,0.0,0.0,0.0,1.0,1.0,1.0,1.0,1.0,1.0
11.99,0.0007024002031315331,-0.0009063742845760594,13.369339288764426,0.0,0.0,13.316666666666666,-5.336339809069892e-07,-4.1342461969309427e-07,4.970372658788561e-07,64.69380160973577,-64.68170879210606,64.67234510175344,-64.68442923666481,0.0,0.0,0.0,1.0,1.0,1.0,1.0,1.0,1.0
12.0,0.0007019833691203528,-0.0009058364019884082,13.385620552865728,0.0,0.0,13.333333333333334,-3.9983969410759427e-07,-3.097596072375934e-07,5.002627758184739e-07,64.70028566633528,-64.68819194089141,64.67882759933913,-64.69091258571841,0.0,0.0,0.0,1.0,1.0,1.0,1.0,1.0,1.0
12.01,0.000701566153231285,-0.0009052980264467034,13.401898444106434,0.0,0.0,13.35,-2.7102034530044013e-07,-2.099501407147537e-07,5.030942658380314e-07,64.70662451201308,-64.69453029893863,64.68516562552001,-64.69725105006671,0.0,0.0,0.0,1.0,1.0,1.0,1.0,1.0,1.0
12.02,0.0007011487081301518,-0.0009047593549831946,13.418173161365917,0.0,0.0,13.366666666666665,-1.4786534144949974e-07,-1.1452997248610269e-07,5.055294572994285e-07,64.71282013490162,-64.70072582784175,64.69136112123287,-64.70344659722477,0.0,0.0,0.0,1.0,1.0,1.0,1.0,1.0,1.0
12.030000000000001,0.0007007311924048551,-0.0009042205922775203,13.43444489958808,0.0,0.0,13.383333333333335,-3.109206897158552e-08,-2.4054481277083852e-08,5.075663536723293e-07,64.71887451775424,-64.70678047583485,64.69741600787029,-64.70950118313927,0.0,0.0,0.0,1.0,1.0,1.0,1.0,1.0,1.0
12.040000000000001,0.000700313770773185,-0.0009036819509251006,13.450713849852981,0.0,0.0,13.400000000000002,7.855421309641135e-08,6.089941261185955e-08,5.09203245376046e-07,64.72478963484689,-64.71269617429334,64.70333218347159,-64.71541674877994,0.0,0.0,0.0,1.0,1.0,1.0,1.0,1.0,1.0
12.05,0.0006998966142906277,-0.0009031436517055294,13.466980199448498,0.0,0.0,13.416666666666668,1.8030047993042076e-07,1.397333320944457e-07,5.104387146151594e-07,64.73056744886505,-64.71847483422063,64.70911151889922,-64.7211952167161,0.0,0.0,0.0,1.0,1.0,1.0,1.0,1.0,1.0
12.06,0.0006994799005581736,-0.0009026059238509671,13.483244131941975,0.0,0.0,13.433333333333334,2.733460477518218e-07,2.1182752808763571e-07,5.11271640208312e-07,64.73620990776861,-64.7241183427124,64.71475585399263,-64.72683848767097,0.0,0.0,0.0,1.0,1.0,1.0,1.0,1.0,1.0
12.07,0.0006990620434421026,-0.000902066720084014,13.499505932170798,0.0,0.0,13.450000000000001,3.750765252035675e-07,2.9064478582860925e-07,5.117079388897895e-07,64.74171176985053,-64.72962171557359,64.72026040550618,-64.73234152078356,0.0,0.0,0.0,1.0,1.0,1.0,1.0,1.0,1.0
12.08,0.0006986436362963454,-0.0009015268062253137,13.515765729115941,0.0,0.0,13.466666666666667,4.798710553845134e-07,3.7183239307748103e-07,5.117439794534145e-07,64.74707768191564,-64.73498954616034,64.72562972490611,-64.73770892103228,0.0,0.0,0.0,1.0,1.0,1.0,1.0,1.0,1.0
12.09,0.000698225425562644,-0.0009009871457159838,13.532023649711196,0.0,0.0,13.483333333333333,5.808504768594947e-07,4.500635740975662e-07,5.113765689220056e-07,64.75231238159876,-64.74022643768447,64.73086831066121,-64.74294532136462,0.0,0.0,0.0,1.0,1.0,1.0,1.0,1.0,1.0
12.1,0.0006978075091727568,-0.0009004478649507924,13.548279857996546,0.0,0.0,13.5,6.779005228517998e-07,5.252500186084716e-07,5.106054389410831e-07,64.75741784371382,-64.7453343340383,64.7359780826808,-64.74805267261628,0.0,0.0,0.0,1.0,1.0,1.0,1.0,1.0,1.0
12.11,0.0006973899852292964,-0.0008999090905467436,13.56453451349208,0.0,0.0,13.516666666666666,7.709133767859321e-07,5.973084277283003e-07,5.094305626652231e-07,64.76239605800609,-64.75031519111828,64.74096097061346,-64.75303293828509,0.0,0.0,0.0,1.0,1.0,1.0,1.0,1.0,1.0
12.120000000000001,0.0006969729520057288,-0.0008993709493430782,13.580787771197999,0.0,0.0,13.533333333333335,8.597876722874231e-07,6.661605139739291e-07,5.078521547523106e-07,64.76724902915858,-64.75517097683151,64.74581891385355,-64.75788809453756,0.0,0.0,0.0,1.0,1.0,1.0,1.0,1.0,1.0
12.13,0.0006965565079463738,-0.0008988335684012736,13.597039781594608,0.0,0.0,13.55,9.444284931825854e-07,7.317330012611969e-07,5.058706713580101e-07,64.77197877677919,-64.75990367108285,64.75055386152827,-64.76262013019598,0.0,0.0,0.0,1.0,1.0,1.0,1.0,1.0,1.0
12.14,0.0006961407516664053,-0.000898297075005043,13.613290690642325,0.0,0.0,13.566666666666668,1.0247473734984468e-06,7.939576249051885e-07,5.034868101304694e-07,64.77658733542346,-64.76451526579764,64.75516777252042,-64.76723104676115,0.0,0.0,0.0,1.0,1.0,1.0,1.0,1.0,1.0
12.15,0.0006957257819518504,-0.0008977615966603371,13.629540639781675,0.0,0.0,13.583333333333334,1.1006622974625433e-06,8.527711316203667e-07,5.007015102052791e-07,64.78107675456143,-64.76900776488863,64.75966261543535,-64.77172285837932,0.0,0.0,0.0,1.0,1.0,1.0,1.0,1.0,1.0
12.16,0.0006953116977595903,-0.0008972272610953419,13.645789765933289,0.0,0.0,13.6,1.1720976995028197e-06,9.081152795207402e-07,4.975159522007001e-07,64.78544909861793,-64.77338318429616,64.76404036864106,-64.77609759188236,0.0,0.0,0.0,1.0,1.0,1.0,1.0,1.0,1.0
12.17,0.0006948985982173603,-0.0008966941962604803,13.662038201497909,0.0,0.0,13.616666666666667,1.2389844642475294e-06,9.599368381199883e-07,4.939315582131716e-07,64.78970644694225,-64.77764355195795,64.76830302023812,-64.78035728675754,0.0,0.0,0.0,1.0,1.0,1.0,1.0,1.0,1.0
12.18,0.0006944865826237493,-0.000896162530328412,13.678286074356388,0.0,0.0,13.633333333333333,1.3012599265251622e-06,1.0081875883315613e-06,4.899499918131161e-07,64.79385089380482,-64.7817909078057,64.77245256805611,-64.78450399514414,0.0,0.0,0.0,1.0,1.0,1.0,1.0,1.0,1.0
12.19,0.0006940757504481993,-0.0008956323916940326,13.694533507869682,0.0,0.0,13.649999999999999,1.3588678713643892e-06,1.0528243224687455e-06,4.855731580410524e-07,64.79788454842745,-64.78582730379539,64.77649101968406,-64.7885397818637,0.0,0.0,0.0,1.0,1.0,1.0,1.0,1.0,1.0
12.200000000000001,0.0006936662013310071,-0.0008951039089744745,13.710780620878863,0.0,0.0,13.666666666666668,1.4117585339940419e-06,1.0938088442447151e-06,4.808032034040249e-07,64.80180953495965,-64.7897548038835,64.7804203924466,-64.79246672439642,0.0,0.0,0.0,1.0,1.0,1.0,1.0,1.0,1.0
12.21,0.0006932580350833227,-0.0008945772110091064,13.727027527705097,0.0,0.0,13.683333333333335,1.459888599843068e-06,1.1311079687725124e-06,4.75642515872367e-07,64.80562799248928,-64.79357548403782,64.78424271341476,-64.79628691289167,0.0,0.0,0.0,1.0,1.0,1.0,1.0,1.0,1.0
12.22,0.0006928513516871499,-0.0008940524268595334,13.743274338149675,0.0,0.0,13.700000000000001,1.5032212045406005e-06,1.1646935225650765e-06,4.7009372487679335e-07,64.80934207502158,-64.7972914322163,64.78796001938485,-64.80000245014715,0.0,0.0,0.0,1.0,1.0,1.0,1.0,1.0,1.0
12.23,0.0006924449713247209,-0.0008935280331116731,13.759521400130993,0.0,0.0,13.716666666666667,1.5476562187891721e-06,1.1991272306253439e-06,4.641661282654665e-07,64.81294738904924,-64.80089953635498,64.79157019224577,-64.80360993644592,0.0,0.0,0.0,1.0,1.0,1.0,1.0,1.0,1.0
12.24,0.0006920399022646276,-0.0008930053316099285,13.775768642296422,0.0,0.0,13.733333333333334,1.5889630416530408e-06,1.2311386607428962e-06,4.5785827903605417e-07,64.81645077353612,-64.80440560559973,64.79507824249534,-64.8071154121291,0.0,0.0,0.0,1.0,1.0,1.0,1.0,1.0,1.0
12.25,0.000691636209277803,-0.0008924844059562644,13.792016167659504,0.0,0.0,13.75,1.6272896720180027e-06,1.2608426365608914e-06,4.511737102717524e-07,64.81985424413571,-64.80781161846521,64.798486119924,-64.81052086406424,0.0,0.0,0.0,1.0,1.0,1.0,1.0,1.0,1.0
12.26,0.0006912339398810463,-0.0008919653174757393,13.808264078017059,0.0,0.0,13.766666666666666,1.662871291404489e-06,1.288421409861757e-06,4.4411628400888056e-07,64.82315974209186,-64.81111949451326,64.80179572736309,-64.81382821669727,0.0,0.0,0.0,1.0,1.0,1.0,1.0,1.0,1.0
12.27,0.0006908331379630732,-0.0008914481228104619,13.824512471366136,0.0,0.0,13.783333333333333,1.6959671325520835e-06,1.3140758517109476e-06,4.3669012281766096e-07,64.82636920414215,-64.81433114988036,64.80500896506236,-64.81703939080694,0.0,0.0,0.0,1.0,1.0,1.0,1.0,1.0,1.0
12.280000000000001,0.000690433843665864,-0.000890932873766386,13.840761441926555,0.0,0.0,13.800000000000002,1.7268610291513336e-06,1.3380258774701398e-06,4.2889961039982443e-07,64.82948456182196,-64.81744849670683,64.80812773021614,-64.82015630290613,0.0,0.0,0.0,1.0,1.0,1.0,1.0,1.0,1.0
12.290000000000001,0.0006900360932660112,-0.0008904196171601073,13.857011080163346,0.0,0.0,13.816666666666668,1.755861965575597e-06,1.360510871810339e-06,4.2074939218627024e-07,64.83250774094415,-64.82047344274179,64.81115391666553,-64.8231808648185,0.0,0.0,0.0,1.0,1.0,1.0,1.0,1.0,1.0
12.3,0.0006896399190560688,-0.0008899083946656614,13.87326147280929,0.0,0.0,13.833333333333334,1.7833046266129941e-06,1.381790113724949e-06,4.1224437593458776e-07,64.83544066093252,-64.82340789080162,64.8140894144539,-64.8261149831091,0.0,0.0,0.0,1.0,1.0,1.0,1.0,1.0,1.0
12.31,0.0006892453492258983,-0.0008893992426613182,13.889512702887377,0.0,0.0,13.850000000000001,1.809549947198358e-06,1.4021432015427345e-06,4.0338973232627264e-07,64.83828523424769,-64.82625373832123,64.8169361094752,-64.82896055860725,0.0,0.0,0.0,1.0,1.0,1.0,1.0,1.0,1.0
12.32,0.0006888524077440192,-0.000888892192076381,13.90576484973331,0.0,0.0,13.866666666666667,1.8349856621452728e-06,1.4218704779407345e-06,3.941908955633977e-07,64.84104336575487,-64.82901287684686,64.81969588306391,-64.83171948587155,0.0,0.0,0.0,1.0,1.0,1.0,1.0,1.0,1.0
12.33,0.000688461114238955,-0.0008883872682379812,13.922017989018007,0.0,0.0,13.883333333333333,1.8600268558781503e-06,1.4412934549570996e-06,3.8465356396449567e-07,64.84371695212576,-64.83168719156322,64.8223706116193,-64.83439365268862,0.0,0.0,0.0,1.0,1.0,1.0,1.0,1.0,1.0
12.34,0.0006880714838805832,-0.0008878844907178764,13.938272192770075,0.0,0.0,13.9,1.885116512164364e-06,1.4607552390038726e-06,3.7478370055938273e-07,64.84630788123665,-64.83427856081677,64.82496216622576,-64.83698493956854,0.0,0.0,0.0,1.0,1.0,1.0,1.0,1.0,1.0
12.35,0.0006876835272614816,-0.0008873838731792463,13.954527529398307,0.0,0.0,13.916666666666666,1.9107260638464235e-06,1.480620955879701e-06,3.6458753368261026e-07,64.84881803155342,-64.8367888556259,64.82747241226,-64.83949521922672,0.0,0.0,0.0,1.0,1.0,1.0,1.0,1.0,1.0
12.36,0.0006872972502782776,-0.0008868854232234893,13.97078406371419,0.0,0.0,13.933333333333332,1.937355942574203e-06,1.5012781757824942e-06,3.5407155756521167e-07,64.851249271513,-64.83921993918756,64.82990320899492,-64.8419263560626,0.0,0.0,0.0,1.0,1.0,1.0,1.0,1.0,1.0
12.370000000000001,0.0006869126540129956,-0.0008863891422370193,13.987041856954379,0.0,0.0,13.950000000000001,1.9655361285372063e-06,1.5231373383220252e-06,3.4324253292437375e-07,64.85360345893501,-64.84157366641413,64.83225640923348,-64.84428020566828,0.0,0.0,0.0,1.0,1.0,1.0,1.0,1.0,1.0
12.38,0.0006865297346144058,-0.0008858950252380633,14.003300966803193,0.0,0.0,13.966666666666669,1.9958267001968618e-06,1.5466321775324666e-06,3.321074875506358e-07,64.85588244039708,-64.84385188343379,64.83453385890618,-64.84655861430093,0.0,0.0,0.0,1.0,1.0,1.0,1.0,1.0,1.0
12.39,0.0006861484831793715,-0.0008854030607234563,14.019561447415107,0.0,0.0,13.983333333333334,2.0288183840188873e-06,1.5722201468849133e-06,3.206737168921502e-07,64.85808805064585,-64.84605642712685,64.83673739670452,-64.84876341839092,0.0,0.0,0.0,1.0,1.0,1.0,1.0,1.0,1.0
12.4,0.0006857695599585271,-0.000884914100873496,14.035823721189495,0.0,0.0,14.0,2.0585020117026673e-06,1.5952481852749985e-06,3.0894629905698207e-07,64.86021389388,-64.84818075005748,64.8388603572893,-64.85088810414487,0.0,0.0,0.0,1.0,1.0,1.0,1.0,1.0,1.0
12.41,0.0006853929874335643,-0.0008844281746919216,14.05208785835738,0.0,0.0,14.016666666666666,2.085119768267716e-06,1.6159038335000094e-06,2.969329128333088e-07,64.8622612693658,-64.8502261494574,64.8409040364528,-64.85293396925549,0.0,0.0,0.0,1.0,1.0,1.0,1.0,1.0,1.0
12.42,0.0006850183523353104,-0.0008839447487528793,14.068353688441096,0.0,0.0,14.033333333333333,2.1131779931529763e-06,1.6376764840712158e-06,2.8464309256492273e-07,64.86423670733957,-64.8521992563476,64.8428751438205,-64.854907622397,0.0,0.0,0.0,1.0,1.0,1.0,1.0,1.0,1.0
12.43,0.0006846456643531892,-0.000883463835546901,14.084621273745185,0.0,0.0,14.05,2.1430022854718806e-06,1.660818238660172e-06,2.720850631551008e-07,64.8661415017548,-64.8541013691205,64.8447749813784,-64.85681036097277,0.0,0.0,0.0,1.0,1.0,1.0,1.0,1.0,1.0
12.44,0.0006842749301971252,-0.0008829854437177171,14.100890674626381,0.0,0.0,14.066666666666666,2.174925427672529e-06,1.6855867456684512e-06,2.59267310340174e-07,64.86797689918849,-64.8559337413824,64.846604808339,-64.85864343701785,0.0,0.0,0.0,1.0,1.0,1.0,1.0,1.0,1.0
12.450000000000001,0.0006839061535564893,-0.0008825095780092099,14.117161949558877,0.0,0.0,14.083333333333336,2.209287172192105e-06,1.7122450343670852e-06,2.4619858099325307e-07,64.86974409731292,-64.8576975805324,64.84836583980349,-64.86040805575371,0.0,0.0,0.0,1.0,1.0,1.0,1.0,1.0,1.0
12.46,0.0006835393350590455,-0.0008820362392123668,14.133435155199598,0.0,0.0,14.100000000000001,2.246434028111241e-06,1.7410613490359983e-06,2.3288788342694906e-07,64.87144424330101,-64.85939404627514,64.8500592453574,-64.86210537407686,0.0,0.0,0.0,1.0,1.0,1.0,1.0,1.0,1.0
12.47,0.000683174472229898,-0.0008815654241122345,14.149710346453483,0.0,0.0,14.116666666666667,2.2867190478084127e-06,1.7723089831035293e-06,2.193444876950022e-07,64.87307843229102,-64.8610242491924,64.85168614772535,-64.86373649910645,0.0,0.0,0.0,1.0,1.0,1.0,1.0,1.0,1.0
12.48,0.0006828115594504356,-0.000881097125434873,14.165987576538743,0.0,0.0,14.133333333333333,2.3305016136142643e-06,1.8062661132859365e-06,2.0557792589281228e-07,64.87464770584542,-64.86258924930932,64.85324762142038,-64.8653024867263,0.0,0.0,0.0,1.0,1.0,1.0,1.0,1.0,1.0
12.49,0.0006824505879172804,-0.0008806313317943077,14.182266897052145,0.0,0.0,14.15,2.3781472244659134e-06,1.843215633726963e-06,1.9159799245678273e-07,64.87615305036944,-64.86409005462014,64.85474469135261,-64.86680434008646,0.0,0.0,0.0,1.0,1.0,1.0,1.0,1.0,1.0
12.5,0.0006820915456012326,-0.0008801680276394849,14.198548358034262,0.0,0.0,14.166666666666668,2.4300272825612365e-06,1.8834449901374404e-06,1.7741474446244367e-07,64.87759539559278,-64.86552761967697,64.85617833150128,-64.86824300816808,0.0,0.0,0.0,1.0,1.0,1.0,1.0,1.0,1.0
12.51,0.000681734417206218,-0.0008797071932012244,14.21483200803478,0.0,0.0,14.183333333333334,2.486518880013111e-06,1.927246013934931e-06,1.6303850192130678e-07,64.87897561296465,-64.86690284409211,64.85754946350004,-64.86961938426141,0.0,0.0,0.0,1.0,1.0,1.0,1.0,1.0,1.0
12.52,0.0006813791841282331,-0.0008792488044391736,14.231117894177734,0.0,0.0,14.2,2.54800458550362e-06,1.974914756383423e-06,1.4847984807640597e-07,64.88029451415606,-64.86821657114741,64.85885895532931,-64.87093430455117,0.0,0.0,0.0,1.0,1.0,1.0,1.0,1.0,1.0
12.530000000000001,0.0006810258244142925,-0.0008787928329887611,14.247406062226808,0.0,0.0,14.216666666666669,2.6148722309382385e-06,2.0267513227330833e-06,1.3374962969648088e-07,64.88155284946778,-64.86946958630953,64.86010761991479,-64.87218854660766,0.0,0.0,0.0,1.0,1.0,1.0,1.0,1.0,1.0
12.540000000000001,0.0006806743127213752,-0.0008783392461081501,14.26369655665058,0.0,0.0,14.233333333333334,2.687514698099911e-06,2.0830597063600108e-06,1.1885895736877914e-07,64.88275130629624,-64.87066261580293,64.86129621378336,-64.87338282793569,0.0,0.0,0.0,1.0,1.0,1.0,1.0,1.0,1.0
12.55,0.0006803246202753706,-0.0008778880066251923,14.279989420687821,0.0,0.0,14.25,2.766329705303208e-06,2.1441476229061504e-06,1.0381920579040367e-07,64.88389050755782,-64.87179632514136,64.86242543567776,-64.87451780448188,0.0,0.0,0.0,1.0,1.0,1.0,1.0,1.0,1.0
12.56,0.0006799767148300247,-0.0008774390728843816,14.296284696412753,0.0,0.0,14.266666666666667,2.851719594048312e-06,2.210326344419162e-06,8.864201405822246e-08,64.88497101015804,-64.87287131770421,64.86349592521593,-64.87559406918699,0.0,0.0,0.0,1.0,1.0,1.0,1.0,1.0,1.0
12.57,0.0006796305606258876,-0.0008769923986938075,14.312582424800313,0.0,0.0,14.283333333333335,2.9440911156750276e-06,2.2819105334924087e-06,7.333928595727296e-08,64.88599330343315,-64.87388813328532,64.86450826152291,-64.87661215051054,0.0,0.0,0.0,1.0,1.0,1.0,1.0,1.0,1.0
12.58,0.0006792876081131714,-0.0008765498563442122,14.32888248479687,0.0,0.0,14.3,3.029919115108627e-06,2.348428982922818e-06,5.787632187703242e-08,64.88697440384071,-64.87486343958074,64.86547884034312,-64.87758879356461,0.0,0.0,0.0,1.0,1.0,1.0,1.0,1.0,1.0
12.59,0.0006789477912021456,-0.0008761113604887368,14.345184917879704,0.0,0.0,14.316666666666666,3.109835368840342e-06,2.410370517438466e-06,4.226628812981439e-08,64.88791440266321,-64.87579739289512,64.86640786863968,-64.87852414006016,0.0,0.0,0.0,1.0,1.0,1.0,1.0,1.0,1.0
12.6,0.0006786102574621385,-0.0008756758107253255,14.36148984920731,0.0,0.0,14.333333333333332,3.1917972891767587e-06,2.4738953190211777e-06,2.6547239841010228e-08,64.88880459945982,-64.87668157400938,64.86728714640677,-64.87940970810484,0.0,0.0,0.0,1.0,1.0,1.0,1.0,1.0,1.0
12.61,0.0006782750326948246,-0.0008752432403226755,14.377797307794495,0.0,0.0,14.349999999999998,3.2755159571012344e-06,2.538779373514752e-06,1.0729752645241647e-08,64.88964604464762,-64.8775170802234,64.86811780742953,-64.88024658441627,0.0,0.0,0.0,1.0,1.0,1.0,1.0,1.0,1.0
12.620000000000001,0.0006779421437495018,-0.0008748136839001844,14.394107321368098,0.0,0.0,14.366666666666667,3.360661211981725e-06,2.6047667113104127e-06,-5.17548124879225e-09,64.89043976639665,-64.8783049898193,64.86890096897731,-64.88103583596488,0.0,0.0,0.0,1.0,1.0,1.0,1.0,1.0,1.0
12.63,0.0006776116186123743,-0.0008743871775431527,14.410419916418158,0.0,0.0,14.383333333333335,3.446860218972012e-06,2.671568297565155e-06,-2.1157656831220668e-08,64.89118677052988,-64.87904636203344,64.86963773183122,-64.88177850992969,0.0,0.0,0.0,1.0,1.0,1.0,1.0,1.0,1.0
12.64,0.000677283486495837,-0.0008739637589179826,14.42673511824913,0.0,0.0,14.400000000000002,3.533696036413018e-06,2.738860922420254e-06,-3.72058600636383e-08,64.89188804039546,-64.8797422370003,64.87032918028359,-64.882475633626,0.0,0.0,0.0,1.0,1.0,1.0,1.0,1.0,1.0
12.65,0.0006769577779277586,-0.0008735434673873804,14.44305295103104,0.0,0.0,14.416666666666668,3.620706183233949e-06,2.8062860912197307e-06,-5.330907165182718e-08,64.89254453680691,-64.88039363576485,64.87097638220591,-64.8831282145014,0.0,0.0,0.0,1.0,1.0,1.0,1.0,1.0,1.0
12.66,0.0006766345248407666,-0.0008731263441255563,14.459373437850692,0.0,0.0,14.433333333333334,3.707381206353463e-06,2.8734489147288846e-06,-6.945617081909515e-08,64.89315719791588,-64.88100156022698,64.87158038904882,-64.88373724006398,0.0,0.0,0.0,1.0,1.0,1.0,1.0,1.0,1.0
12.67,0.0006763137606615302,-0.0008727124322334249,14.475696600762852,0.0,0.0,14.45,3.793163248080814e-06,2.939916999352888e-06,-8.563593908078626e-08,64.89372693910174,-64.8815669931031,64.8721422358592,-64.88430367782762,0.0,0.0,0.0,1.0,1.0,1.0,1.0,1.0,1.0
12.68,0.0006759955204000444,-0.0008723017768538071,14.492022460841417,0.0,0.0,14.466666666666665,3.877444613516961e-06,3.005219337355376e-06,-1.0183706402062801e-07,64.89425465291144,-64.88209089793787,64.87266294134754,-64.8848284753075,0.0,0.0,0.0,1.0,1.0,1.0,1.0,1.0,1.0
12.69,0.0006756798407389144,-0.0008718944252866288,14.508351038230634,0.0,0.0,14.483333333333333,3.959566337955671e-06,3.068845197077052e-06,-1.1804814306967434e-07,64.89474120889535,-64.88257421901191,64.8731435078512,-64.88531255991155,0.0,0.0,0.0,1.0,1.0,1.0,1.0,1.0,1.0
12.700000000000001,0.000675366760122638,-0.0008714904271041239,14.52468235219626,0.0,0.0,14.500000000000002,4.038816754284649e-06,3.1302430131543334e-06,-1.342576872887109e-07,64.89518745355048,-64.8830178813569,64.87358492140503,-64.88575683893922,0.0,0.0,0.0,1.0,1.0,1.0,1.0,1.0,1.0
12.71,0.0006750563188468915,-0.0008710898342660328,14.541016421176751,0.0,0.0,14.51666666666667,4.114430060386571e-06,3.188819276737905e-06,-1.5045412515507758e-07,64.89559421021046,-64.8834227907175,64.87398815175887,-64.88616219952716,0.0,0.0,0.0,1.0,1.0,1.0,1.0,1.0,1.0
12.72,0.000674748559147812,-0.0008706927012348052,14.557353262834463,0.0,0.0,14.533333333333335,4.185584886540312e-06,3.2439374257113756e-06,-1.6662580635504414e-07,64.89596227893101,-64.88378983350869,64.87435415239047,-64.88652950859039,0.0,0.0,0.0,1.0,1.0,1.0,1.0,1.0,1.0
12.73,0.0006744435252912819,-0.0008702990850907987,14.573692894106825,0.0,0.0,14.55,4.251402862822015e-06,3.2949167349097997e-06,-1.8276100558289684e-07,64.89629243640357,-64.8841198768013,64.8746838605465,-64.88685961279134,0.0,0.0,0.0,1.0,1.0,1.0,1.0,1.0,1.0
12.74,0.0006741412636622122,-0.0008699090456474817,14.590035331257537,0.0,0.0,14.566666666666666,4.310947186506302e-06,3.3410312063381984e-06,-1.9884792634813073e-07,64.89658543583793,-64.8844137682765,64.87497819725272,-64.88715333847831,0.0,0.0,0.0,1.0,1.0,1.0,1.0,1.0,1.0
12.75,0.0006738418228538277,-0.0008695226455666316,14.606380589927744,0.0,0.0,14.583333333333332,4.363221189467497e-06,3.381508459390026e-06,-2.1487470479222024e-07,64.89684200687537,-64.88467233621084,64.87523806735447,-64.88741149165413,0.0,0.0,0.0,1.0,1.0,1.0,1.0,1.0,1.0
12.76,0.0006735452537569485,-0.0008691399504735377,14.622728685187232,0.0,0.0,14.6,4.407166905580895e-06,3.4155286210655486e-06,-2.3082941351661055e-07,64.89706285547479,-64.88489638943433,64.87546435953038,-64.88763485791793,0.0,0.0,0.0,1.0,1.0,1.0,1.0,1.0,1.0
12.77,0.0006732514787143724,-0.0008687608605208708,14.639079587183415,0.0,0.0,14.616666666666667,4.448621030498486e-06,3.447616041785223e-06,-2.4671009166574405e-07,64.89725017882954,-64.88508738708506,64.87565796123809,-64.8878250627484,0.0,0.0,0.0,1.0,1.0,1.0,1.0,1.0,1.0
12.780000000000001,0.0006729600490132802,-0.0008683847982110964,14.655433138923906,0.0,0.0,14.633333333333336,4.513204182326293e-06,3.497630040700015e-06,-2.6254332708992575e-07,64.89741047230157,-64.88524867956083,64.87581978638566,-64.88798616548222,0.0,0.0,0.0,1.0,1.0,1.0,1.0,1.0,1.0
12.790000000000001,0.0006726714916364975,-0.0008680124420575839,14.671789513003079,0.0,0.0,14.650000000000002,4.574762875005198e-06,3.545298729828849e-06,-2.782811385236256e-07,64.89753894740734,-64.88537861978688,64.87595062191728,-64.88811581081659,0.0,0.0,0.0,1.0,1.0,1.0,1.0,1.0,1.0
12.8,0.0006723858492321368,-0.0008676438471008628,14.688148716502514,0.0,0.0,14.666666666666668,4.632953396355833e-06,3.5903559601463883e-06,-2.9391278615333246e-07,64.89763642641621,-64.88547803226483,64.876051294202,-64.88821482270068,0.0,0.0,0.0,1.0,1.0,1.0,1.0,1.0,1.0
12.81,0.0006721031661012197,-0.0008672790705164051,14.704510755818347,0.0,0.0,14.683333333333334,4.687421550585296e-06,3.6325274808027434e-06,-3.0942756913014424e-07,64.89770372003338,-64.88554772748383,64.87612261369681,-64.88828401162057,0.0,0.0,0.0,1.0,1.0,1.0,1.0,1.0,1.0
12.82,0.0006718234882587035,-0.0008669181716934505,14.720875636702875,0.0,0.0,14.7,4.73780272715347e-06,3.6715309931571776e-06,-3.2481483153012193e-07,64.89774162762835,-64.88558850203859,64.87616537497905,-64.88832417474234,0.0,0.0,0.0,1.0,1.0,1.0,1.0,1.0,1.0
12.83,0.000671546863494509,-0.0008665612123138337,14.737243364306158,0.0,0.0,14.716666666666667,4.783721969639337e-06,3.70707620481176e-06,-3.400639683161103e-07,64.89775093746361,-64.88560113874745,64.8761803567787,-64.88833609605476,0.0,0.0,0.0,1.0,1.0,1.0,1.0,1.0,1.0
12.84,0.0006712740918250482,-0.0008662092231561078,14.753614217378942,0.0,0.0,14.733333333333334,4.794719831265235e-06,3.715555799571271e-06,-3.551143227293412e-07,64.89772139138975,-64.8855786822983,64.8761631629694,-64.88831207553461,0.0,0.0,0.0,1.0,1.0,1.0,1.0,1.0,1.0
12.85,0.000671005337899396,-0.0008658624176068369,14.769988103036289,0.0,0.0,14.75,4.779391182378317e-06,3.7036349409889225e-06,-3.700039029071223e-07,64.89765907425233,-64.88552570777495,64.87611719833626,-64.88825702839272,0.0,0.0,0.0,1.0,1.0,1.0,1.0,1.0,1.0
12.86,0.0006707402263925326,-0.0008655203124527692,14.786364854467887,0.0,0.0,14.766666666666666,4.756385255973885e-06,3.6857693979285533e-06,-3.8475833752887087e-07,64.89757154405233,-64.88544766586246,64.87604628038322,-64.88817687989662,0.0,0.0,0.0,1.0,1.0,1.0,1.0,1.0,1.0
12.870000000000001,0.0006704787243051445,-0.000865182865176859,14.802744467933401,0.0,0.0,14.783333333333335,4.726751273539032e-06,3.6627722795310603e-06,-3.9935480588266725e-07,64.8974594974178,-64.8853451236654,64.87595087653115,-64.88807222659202,0.0,0.0,0.0,1.0,1.0,1.0,1.0,1.0,1.0
12.88,0.0006702208220556977,-0.0008648500634264214,14.819126942803456,0.0,0.0,14.8,4.690760059456021e-06,3.634853450990216e-06,-4.1378892534829976e-07,64.89732313387461,-64.88521824103736,64.87583111597975,-64.88794323727436,0.0,0.0,0.0,1.0,1.0,1.0,1.0,1.0,1.0
12.89,0.0006699664924390642,-0.0008645218721257071,14.835512277397038,0.0,0.0,14.816666666666666,4.649168485004864e-06,3.6025994153629203e-06,-4.28048941907422e-07,64.89716301839358,-64.88506747071656,64.87568736471778,-64.88779038995965,0.0,0.0,0.0,1.0,1.0,1.0,1.0,1.0,1.0
12.9,0.0006697157072855067,-0.0008641982549470116,14.851900469059977,0.0,0.0,14.833333333333334,4.602677524687357e-06,3.5665533281083376e-06,-4.421243976849291e-07,64.89697970669681,-64.88489327698237,64.8755200163692,-64.88761416953191,0.0,0.0,0.0,1.0,1.0,1.0,1.0,1.0,1.0
12.91,0.0006694682919852755,-0.0008638789866603882,14.868291495475786,0.0,0.0,14.850000000000001,4.5551010624209005e-06,3.52967016939978e-06,-4.5596146278594067e-07,64.89677645572476,-64.88469850897224,64.87533160517503,-64.8874175170948,0.0,0.0,0.0,1.0,1.0,1.0,1.0,1.0,1.0
12.92,0.0006692243229056472,-0.0008635641657716545,14.884685366328053,0.0,0.0,14.866666666666667,4.504764108892703e-06,3.4906521615927023e-06,-4.6958382454798574e-07,64.89655183856054,-64.88448192020668,64.87512102398912,-64.88719914547855,0.0,0.0,0.0,1.0,1.0,1.0,1.0,1.0,1.0
12.93,0.0006689838000466215,-0.0008632537922808108,14.901082081616778,0.0,0.0,14.883333333333333,4.451666664071703e-06,3.449499304727301e-06,-4.829914832938199e-07,64.89630585521085,-64.88424351069246,64.87488827281817,-64.88695905468985,0.0,0.0,0.0,1.0,1.0,1.0,1.0,1.0,1.0
12.94,0.0006687467053932755,-0.0008629478429387712,14.917481638229686,0.0,0.0,14.899999999999999,4.3961023924103285e-06,3.406439064065325e-06,-4.961805759927442e-07,64.89603881564598,-64.8839835745383,64.87463363355496,-64.8866975424155,0.0,0.0,0.0,1.0,1.0,1.0,1.0,1.0,1.0
12.950000000000001,0.0006685129067300099,-0.0008626461471152337,14.933884013325093,0.0,0.0,14.916666666666668,4.340226564018801e-06,3.3631408583967903e-06,-5.091227487127613e-07,64.89575299483093,-64.88370427029781,64.8743591750976,-64.88641679346972,0.0,0.0,0.0,1.0,1.0,1.0,1.0,1.0,1.0
12.96,0.000668282438679226,-0.0008623487494919971,14.950289212884392,0.0,0.0,14.933333333333334,4.283474792949888e-06,3.319167528355612e-06,-5.218254264532687e-07,64.8954477970288,-64.88340503271796,64.87406435567053,-64.88611623572278,0.0,0.0,0.0,1.0,1.0,1.0,1.0,1.0,1.0
12.97,0.0006680552759877748,-0.0008620556174787125,14.966697232544824,0.0,0.0,14.950000000000001,4.226258735315557e-06,3.27483793253552e-06,-5.342831936380973e-07,64.89512365677372,-64.8830862740983,64.87374957044915,-64.88579628649008,0.0,0.0,0.0,1.0,1.0,1.0,1.0,1.0,1.0
12.98,0.0006678313934025062,-0.0008617667184850309,14.983108067943636,0.0,0.0,14.966666666666669,4.16899004723656e-06,3.230470929518946e-06,-5.464906346190147e-07,64.8947810085697,-64.88274840670826,64.87341521457873,-64.88545736305683,0.0,0.0,0.0,1.0,1.0,1.0,1.0,1.0,1.0
12.99,0.0006676107656702716,-0.0008614820199206036,14.999521714718071,0.0,0.0,14.983333333333334,4.112080384842007e-06,3.1863853778774998e-06,-5.584423336749079e-07,64.89442028693077,-64.8823918428273,64.8730616832146,-64.88509988271835,0.0,0.0,0.0,1.0,1.0,1.0,1.0,1.0,1.0
13.0,0.0006673932726178567,-0.0008612013666985097,15.01593814658324,0.0,0.0,15.0,4.057426608705679e-06,3.1440504500833706e-06,-5.701061473057143e-07,64.89404366195078,-64.88201864733408,64.87269096036873,-64.88472593414026,0.0,0.0,0.0,1.0,1.0,1.0,1.0,1.0,1.0
13.01,0.0006671788242375737,-0.0008609246428008371,15.032345300575237,0.0,0.0,15.0,4.000190162091876e-06,3.099716510714883e-06,-5.814601530933726e-07,44.7675968983683,-44.75558054689128,44.746259393654995,-44.758285902629396,0.0,0.0,0.0,1.0,1.0,1.0,1.0,1.0,1.0
13.02,0.0006669670393407983,-0.0008606513561348881,15.048631631650489,0.0,0.0,15.0,3.876797200449856e-06,3.0041129009499436e-06,-5.925395986104029e-07,37.13559192815821,-37.12363401018441,37.114357966885024,-37.126326235902475,0.0,0.0,0.0,1.0,1.0,1.0,1.0,1.0,1.0
13.030000000000001,0.0006667573073201013,-0.0008603807186997016,15.064621572083382,0.0,0.0,15.0,3.5985763855486604e-06,2.7885189614602185e-06,-6.033741090390651e-07,34.3090783702794,-34.29726235061298,34.28809610621576,-34.299922666193325,0.0,0.0,0.0,1.0,1.0,1.0,1.0,1.0,1.0
13.040000000000001,0.0006665490762910884,-0.0008601120182912947,15.080169710258486,0.0,0.0,15.0,3.1054327363091265e-06,2.4063608535922087e-06,-6.139921674280808e-07,33.42598368560619,-33.41438903183986,33.40539417712928,-33.41699955669307,0.0,0.0,0.0,1.0,1.0,1.0,1.0,1.0,1.0
13.05,0.0006663419005965078,-0.0008598446798031021,15.095176036120407,0.0,0.0,15.0,2.3679575560378097e-06,1.8348467727520293e-06,-6.244151887568518e-07,33.37960668518623,-33.36829390676735,33.359517339646615,-33.370841025942184,0.0,0.0,0.0,1.0,1.0,1.0,1.0,1.0,1.0
13.06,0.0006661354118788251,-0.0008595782278918969,15.109576477587861,0.0,0.0,15.0,1.3767636495449658e-06,1.066701728777169e-06,-6.346570041618078e-07,33.73034977149564,-33.7193608594723,33.71083512578615,-33.721835124599906,0.0,0.0,0.0,1.0,1.0,1.0,1.0,1.0,1.0
13.07,0.0006659292798407256,-0.0008593122363381908,15.123331910898251,0.0,0.0,15.0,1.3396090292447535e-07,1.0356109536521556e-07,-6.447249118350719e-07,34.28098748573095,-34.27035084477017,34.26209796066827,-34.27274586429523,0.0,0.0,0.0,1.0,1.0,1.0,1.0,1.0,1.0
13.08,0.0006657231776756238,-0.0008590462834348283,15.136419893191205,0.0,0.0,15.0,-1.351725915889446e-06,-1.0478131182334214e-06,-6.54621085555281e-07,34.942538748087884,-34.93227354593475,34.92430836876794,-34.934585006463,0.0,0.0,0.0,1.0,1.0,1.0,1.0,1.0,1.0
13.09,0.0006655167564707338,-0.0008587799189552308,15.148829480447596,0.0,0.0,15.0,-3.067285293898363e-06,-2.377336589905457e-06,-6.64343744795274e-07,35.67466678485744,-35.66478581371278,35.65711825966517,-35.66701083619638,0.0,0.0,0.0,1.0,1.0,1.0,1.0,1.0,1.0
13.1,0.0006653096213308943,-0.0008585126333426549,15.16055720220194,0.0,0.0,15.0,-4.994895905694628e-06,-3.871197291245916e-06,-6.738894051006334e-07,36.44911607066287,-36.43962558257666,36.432260499105666,-36.44176275933109,0.0,0.0,0.0,1.0,1.0,1.0,1.0,1.0,1.0
13.11,0.0006651013113945018,-0.0008582438319230126,15.171606327666879,0.0,0.0,15.0,-7.106465718989959e-06,-5.507623118106033e-06,-6.832481631645584e-07,37.248100190461166,-37.23899636813867,37.2319307988249,-37.24104655677427,0.0,0.0,0.0,1.0,1.0,1.0,1.0,1.0,1.0
13.120000000000001,0.0006648912832267975,-0.0008579728134754426,15.181985563611798,0.0,0.0,15.0,-9.37341967834286e-06,-7.264467622400645e-06,-6.924064450026514e-07,38.05933492070649,-38.05060890507214,38.04383598618196,-38.05257409742873,0.0,0.0,0.0,1.0,1.0,1.0,1.0,1.0,1.0
13.13,0.0006646789072794614,-0.0008576987656625448,15.191706534936758,0.0,0.0,15.0,-1.1768300136956781e-05,-9.12045045013672e-06,-7.0135166425254e-07,38.874804507819825,-38.86644475398308,38.85995554043258,-38.86832754614532,0.0,0.0,0.0,1.0,1.0,1.0,1.0,1.0,1.0
13.14,0.0006644634644236312,-0.0008574207605557532,15.20078240729416,0.0,0.0,15.0,-1.4263691012030865e-05,-1.1054323541354122e-05,-7.100715996692499e-07,39.689662576122245,-39.68165503602426,39.67543864295719,-39.68345858725928,0.0,0.0,0.0,1.0,1.0,1.0,1.0,1.0,1.0
13.15,0.0006642441496559747,-0.0008571377594166009,15.20922728395186,0.0,0.0,15.0,-1.6831864276218652e-05,-1.3044597159751199e-05,-7.185541763103924e-07,40.50090279084371,-40.493230759723474,40.487274243537556,-40.49495882704359,0.0,0.0,0.0,1.0,1.0,1.0,1.0,1.0,1.0
13.16,0.000664020077181812,-0.0008568486192549479,15.2170557711096,0.0,0.0,15.0,-1.9444790228551176e-05,-1.506954785753412e-05,-7.267873429690722e-07,41.3064881684814,-41.29913220549403,41.293420502335366,-41.30078916153329,0.0,0.0,0.0,1.0,1.0,1.0,1.0,1.0,1.0
13.17,0.0006637902840007626,-0.0008565520974549673,15.224282857880848,0.0,0.0,15.0,-2.2074282805154697e-05,-1.7107331102406117e-05,-7.347590650352515e-07,42.104996593596496,-42.09793455406729,42.09245050484482,-42.09952537984219,0.0,0.0,0.0,1.0,1.0,1.0,1.0,1.0,1.0
13.18,0.0006635537361592976,-0.0008562468598424217,15.230923846341085,0.0,0.0,15.0,-2.4692202795610688e-05,-1.9136138780848942e-05,-7.424573362563257e-07,42.89541222796028,-42.888619389406585,42.88334383747855,-42.8901496459811,0.0,0.0,0.0,1.0,1.0,1.0,1.0,1.0,1.0
13.19,0.0006633093374013388,-0.0008559314918460311,15.236994210211877,0.0,0.0,15.0,-2.7270711276657294e-05,-2.1134395621169554e-05,-7.498701844899486e-07,43.67682130021713,-43.670270580772296,43.66518254124486,-43.67174636013321,0.0,0.0,0.0,1.0,1.0,1.0,1.0,1.0,1.0
13.200000000000001,0.0006630559397720793,-0.0008556045121793678,15.242509575374799,0.0,0.0,15.0,-2.9782566294802647e-05,-2.308098913222711e-05,-7.569857091602314e-07,44.44842646209702,-44.44208867576077,44.437165533327104,-44.44351654340761,0.0,0.0,0.0,1.0,1.0,1.0,1.0,1.0,1.0
13.21,0.0006627923540463893,-0.0008552643862964472,15.247485686333688,0.0,0.0,15.0,-3.22013769560378e-05,-2.495546653028977e-05,-7.637921194906785e-07,45.20951201807439,-45.20335616021843,45.1985738904441,-45.20474309094515,0.0,0.0,0.0,1.0,1.0,1.0,1.0,1.0,1.0
13.22,0.0006625173628034286,-0.0008549095432618726,15.251938385714217,0.0,0.0,15.0,-3.4501884171937977e-05,-2.6738252322768135e-05,-7.702777859220119e-07,45.95944074181303,-45.953434302154065,45.9487677140479,-45.95478760964971,0.0,0.0,0.0,1.0,1.0,1.0,1.0,1.0,1.0
13.23,0.0006622297208788637,-0.0008545383763343942,15.255883606563879,0.0,0.0,15.0,-3.665995289158317e-05,-2.8410642286739518e-05,-7.764312678895885e-07,46.697644585959196,-46.691753857442094,46.687176832856586,-46.693081124811414,0.0,0.0,0.0,1.0,1.0,1.0,1.0,1.0,1.0
13.24,0.0006619281837495653,-0.0008541492795917451,15.25933729758987,0.0,0.0,15.0,-3.865314161140405e-05,-2.9955244848564404e-05,-7.822413956971523e-07,47.42356565933217,-47.417756098763974,47.41324187189882,-47.41906509740156,0.0,0.0,0.0,1.0,1.0,1.0,1.0,1.0,1.0
13.25,0.0006616115253746657,-0.0008537406709515458,15.262315413445164,0.0,0.0,15.0,-4.046095185795922e-05,-3.135617442823336e-05,-7.876973376199429e-07,48.136699764046284,-48.13093634794265,48.12645778113317,-48.132234957480925,0.0,0.0,0.0,1.0,1.0,1.0,1.0,1.0,1.0
13.26,0.0006612785325280596,-0.0008533109848583614,15.264833918804333,0.0,0.0,15.0,-4.206474514008083e-05,-3.2598987078282245e-05,-7.927886338896338e-07,48.836584718793915,-48.83083229953944,48.826362159288834,-48.83212842772701,0.0,0.0,0.0,1.0,1.0,1.0,1.0,1.0,1.0
13.27,0.0006609281349378634,-0.0008528588401953262,15.266908626942348,0.0,0.0,15.0,-4.3451921462525696e-05,-3.3673919007828456e-05,-7.975060332096582e-07,49.52286145950959,-49.51708566069499,49.51259731155568,-49.518387041962,0.0,0.0,0.0,1.0,1.0,1.0,1.0,1.0,1.0
13.280000000000001,0.0006605591907912708,-0.000852382763544975,15.268555422956169,0.0,0.0,15.0,-4.460665545859024e-05,-3.45687065836186e-05,-8.018396797944305e-07,50.19511347567402,-50.18928020170647,50.18474722622864,-50.19059450749214,0.0,0.0,0.0,1.0,1.0,1.0,1.0,1.0,1.0
13.290000000000001,0.0006601706367931782,-0.0008518813827976264,15.269790099859904,0.0,0.0,15.0,-4.551554764495295e-05,-3.5272966327857356e-05,-8.057802747846475e-07,50.85296554738048,-50.84704129212311,50.842437730040785,-50.848376061432155,0.0,0.0,0.0,1.0,1.0,1.0,1.0,1.0,1.0
13.3,0.0006597615934117303,-0.0008513535629457185,15.270628230641833,0.0,0.0,15.0,-4.617068863268851e-05,-3.5780569794131785e-05,-8.093197207919857e-07,51.49613473910469,-51.490087267287734,51.48538814359026,-51.49144975337161,0.0,0.0,0.0,1.0,1.0,1.0,1.0,1.0,1.0
13.31,0.0006593310848133703,-0.0008507980447274359,15.271085503765716,0.0,0.0,15.0,-4.656131847192354e-05,-3.6083179244126886e-05,-8.124494760122461e-07,52.12429028706155,-52.11808828246137,52.11326933474065,-52.11948553197876,0.0,0.0,0.0,1.0,1.0,1.0,1.0,1.0,1.0
13.32,0.0006588783420112516,-0.0008502138357674267,15.271177360607016,0.0,0.0,15.0,-4.668285323432579e-05,-3.617724358519473e-05,-8.151624402908857e-07,52.737204610380104,-52.730818455425975,52.72585673804516,-52.732257133029854,0.0,0.0,0.0,1.0,1.0,1.0,1.0,1.0,1.0
13.33,0.0006584028527544392,-0.000849600274947185,15.270918936441992,0.0,0.0,15.0,-4.653840765588318e-05,-3.606517847372128e-05,-8.174533239941044e-07,53.33477847832249,-53.328181236574615,53.323055882055584,-53.32966740385335,0.0,0.0,0.0,1.0,1.0,1.0,1.0,1.0,1.0
13.34,0.0006579040872680841,-0.0008489566785375617,15.270325386985812,0.0,0.0,15.0,-4.613054527811642e-05,-3.574897237037736e-05,-8.193168604050356e-07,53.91690368114102,-53.91007101868945,53.904763176796074,-53.91161015185156,0.0,0.0,0.0,1.0,1.0,1.0,1.0,1.0,1.0
13.35,0.0006573817457456888,-0.0008482826595469555,15.269411542504011,0.0,0.0,15.0,-4.5465578222195696e-05,-3.5233518847925764e-05,-8.207488190153881e-07,54.483523127019026,-54.47643355372631,54.47092657837838,-54.478030489289836,0.0,0.0,0.0,1.0,1.0,1.0,1.0,1.0,1.0
13.36,0.0006568356647720173,-0.0008475780070402612,15.268191853193409,0.0,0.0,15.0,-4.4540557969245654e-05,-3.451653339711438e-05,-8.217434808996808e-07,55.03437708050541,-55.02700976215283,55.02128751573866,-55.02866918908566,0.0,0.0,0.0,1.0,1.0,1.0,1.0,1.0,1.0
13.370000000000001,0.0006562657805024941,-0.0008468426384774625,15.266680870857202,0.0,0.0,15.0,-4.336905070724158e-05,-3.360853177191038e-05,-8.222984183048576e-07,55.56953034122534,-55.561868220106206,55.555917492011545,-55.56359397781928,0.0,0.0,0.0,1.0,1.0,1.0,1.0,1.0,1.0
13.38,0.0006556721836115957,-0.0008460766707257817,15.264892856835912,0.0,0.0,15.0,-4.196273424657026e-05,-3.251856580068036e-05,-8.224110629652057e-07,56.088992702364095,-56.081021763830634,56.07483170195243,-56.082817007142275,0.0,0.0,0.0,1.0,1.0,1.0,1.0,1.0,1.0
13.39,0.0006550552817087493,-0.0008452806296576198,15.262841419036178,0.0,0.0,15.0,-4.033252135045199e-05,-3.125509371517661e-05,-8.22079867796953e-07,56.592772894685304,-56.58448143265007,56.57804297405368,-56.58634879695967,0.0,0.0,0.0,1.0,1.0,1.0,1.0,1.0,1.0
13.4,0.0006544155084046608,-0.0008444550746604569,15.260540265977095,0.0,0.0,15.0,-3.849404021178034e-05,-2.9830228652391506e-05,-8.213036905361412e-07,57.080942244607364,-57.07232167055011,57.06562816847272,-57.07426308984172,0.0,0.0,0.0,1.0,1.0,1.0,1.0,1.0,1.0
13.41,0.000653753443318523,-0.0008436007535227375,15.258002895753691,0.0,0.0,15.0,-3.646537381158896e-05,-2.825798619038446e-05,-8.200819895593698e-07,57.55360841589798,-57.54465343119146,57.53770078856533,-57.54667009924178,0.0,0.0,0.0,1.0,1.0,1.0,1.0,1.0,1.0
13.42,0.000653069846012605,-0.000842718646235634,15.255242478387137,0.0,0.0,15.0,-3.426596382134397e-05,-2.6553434690011083e-05,-8.184148346923542e-07,58.010903583158964,-58.0016120858998,57.99439868309959,-58.00370447720522,0.0,0.0,0.0,1.0,1.0,1.0,1.0,1.0,1.0
13.43,0.0006523656976164904,-0.0008418100187698433,15.252271384448415,0.0,0.0,15.0,-3.191023469363646e-05,-2.4727753184495884e-05,-8.163027718279706e-07,58.45292145165877,-58.44329317665498,58.43581881738696,-58.4454613523417,0.0,0.0,0.0,1.0,1.0,1.0,1.0,1.0,1.0
13.44,0.0006516420738631114,-0.0008408762591004855,15.249102245295175,0.0,0.0,15.0,-2.9421233302829033e-05,-2.279880383983001e-05,-8.137469235796569e-07,58.87985340265388,-58.86989133905791,58.862158349054816,-58.872134627953756,0.0,0.0,0.0,1.0,1.0,1.0,1.0,1.0,1.0
13.450000000000001,0.0006509002380415977,-0.0008399189972565406,15.245747176851207,0.0,0.0,15.0,-2.6820643092346703e-05,-2.0783391645995885e-05,-8.107488495438571e-07,59.29188881869427,-59.28159859406575,59.2736113436704,-59.283915731228696,0.0,0.0,0.0,1.0,1.0,1.0,1.0,1.0,1.0
13.46,0.0006501416198689315,-0.0008389400780334049,15.242217956042735,0.0,0.0,15.0,-2.4131053876322457e-05,-1.8699023802693203e-05,-8.073105421917143e-07,59.689237739826865,-59.67862746642908,59.670392251431224,-59.681016627695186,0.0,0.0,0.0,1.0,1.0,1.0,1.0,1.0,1.0
13.47,0.0006493674513969367,-0.0008379410912101125,15.238526062387631,0.0,0.0,15.0,-2.1370330670960323e-05,-1.6559545595522217e-05,-8.034337658015051e-07,60.0721036963807,-60.061183517014285,60.05270820671245,-60.06364242122182,0.0,0.0,0.0,1.0,1.0,1.0,1.0,1.0,1.0
13.48,0.0006485794508760895,-0.000836924253931842,15.234682565501112,0.0,0.0,15.0,-1.856167757116548e-05,-1.4382939783910093e-05,-7.991212570139762e-07,60.44072994907372,-60.429512052499334,60.42080610153433,-60.432037957916684,0.0,0.0,0.0,1.0,1.0,1.0,1.0,1.0,1.0
13.49,0.0006477793647681473,-0.0008358918197764485,15.230698180490505,0.0,0.0,15.0,-1.5726600344371056e-05,-1.2185872656513333e-05,-7.943758908224715e-07,60.795365744595664,-60.78386401149903,60.774938185463476,-60.786453795471516,0.0,0.0,0.0,1.0,1.0,1.0,1.0,1.0,1.0
13.5,0.0006469690509200559,-0.0008348461860744719,15.226583243781748,0.0,0.0,15.0,-1.2885973891447489e-05,-9.984521281979589e-06,-7.892008276532999e-07,61.136270478611706,-61.124500155763386,61.1153662786416,-61.12715038799841,0.0,0.0,0.0,1.0,1.0,1.0,1.0,1.0,1.0
13.51,0.0006461501561102168,-0.0008337894778015377,15.22234798841067,0.0,0.0,15.0,-1.0059499806656445e-05,-7.794153688767974e-06,-7.835988941110831e-07,61.46372343199461,-61.45170134216932,61.44237245909558,-61.45440823756948,0.0,0.0,0.0,1.0,1.0,1.0,1.0,1.0,1.0
13.52,0.0006453242861811917,-0.0008327237671274499,15.218002379982218,0.0,0.0,15.0,-7.265710170029332e-06,-5.6291314717287486e-06,-7.775729243660088e-07,61.77801601568127,-61.76576043277427,61.7562507132615,-61.76851987954976,0.0,0.0,0.0,1.0,1.0,1.0,1.0,1.0,1.0
13.530000000000001,0.0006444935131771706,-0.0008316517278510204,15.213555656990094,0.0,0.0,15.0,-4.522436851750927e-06,-3.5032725636701116e-06,-7.711267509295311e-07,62.07943274743664,-62.066962357742895,62.057286290520075,-62.0697701509872,0.0,0.0,0.0,1.0,1.0,1.0,1.0,1.0,1.0
13.540000000000001,0.0006436597485379243,-0.0008305758265444347,15.209016865895702,0.0,0.0,15.0,-1.8457144757303322e-06,-1.4290021345950232e-06,-7.642640186106397e-07,62.36827014305332,-62.355604041026915,62.34577643080155,-62.35845588371663,0.0,0.0,0.0,1.0,1.0,1.0,1.0,1.0,1.0
13.55,0.0006428249188102065,-0.0008294985493013446,15.204394692193455,0.0,0.0,15.0,7.502080820281376e-07,5.826388396535614e-07,-7.569885493409196e-07,62.644828774639805,-62.63198611426534,62.62202181152587,-62.63487769569421,0.0,0.0,0.0,1.0,1.0,1.0,1.0,1.0,1.0
13.56,0.0006419907074520812,-0.0008284220684856513,15.19969781678336,0.0,0.0,15.0,3.248947731333403e-06,2.5189545270606737e-06,-7.4930384520371e-07,62.90942934754427,-62.89643018034322,62.886344730914935,-62.89935698766615,0.0,0.0,0.0,1.0,1.0,1.0,1.0,1.0,1.0
13.57,0.0006411588309612199,-0.00082734859913987,15.194934489683119,0.0,0.0,15.0,5.63711144014424e-06,4.369566823870997e-06,-7.412136567958244e-07,63.162390273106645,-63.14925495013894,63.139064131710334,-63.15221240290113,0.0,0.0,0.0,1.0,1.0,1.0,1.0,1.0,1.0
13.58,0.0006403311258694677,-0.0008262805112758858,15.190112380777203,0.0,0.0,15.0,7.906219134844378e-06,6.127906042879811e-06,-7.327222119788889e-07,63.40401887068815,-63.390766936880624,63.380485902040576,-63.39375063573457,0.0,0.0,0.0,1.0,1.0,1.0,1.0,1.0,1.0
13.59,0.0006395092632499608,-0.0008252199613908397,15.185238976173517,0.0,0.0,15.0,1.0048321691937394e-05,7.787813657111232e-06,-7.2383366629349e-07,63.63462941163874,-63.62127982073231,63.61092326361022,-63.62428549912958,0.0,0.0,0.0,1.0,1.0,1.0,1.0,1.0,1.0
13.6,0.0006386948295998217,-0.0008241689968692043,15.180321437904945,0.0,0.0,15.0,1.2057820385721479e-05,9.344952785400423e-06,-7.145522973444716e-07,63.854534761759616,-63.84110561358217,63.83068756625107,-63.84412919690568,0.0,0.0,0.0,1.0,1.0,1.0,1.0,1.0,1.0
13.61,0.0006378893762374042,-0.0008231296196637536,15.175366730539688,0.0,0.0,15.0,1.392733627426626e-05,1.0793606493814492e-05,-7.048826832673043e-07,64.06405701378442,-64.05056588446281,64.04009997287166,-64.05360341575245,0.0,0.0,0.0,1.0,1.0,1.0,1.0,1.0,1.0
13.620000000000001,0.0006370944607487544,-0.0008221038397244495,15.170381732347131,0.0,0.0,15.0,1.564410967777436e-05,1.2123886975214691e-05,-6.948298233420972e-07,64.2635366411471,-64.25000143288236,64.2395015354522,-64.25304888166323,0.0,0.0,0.0,1.0,1.0,1.0,1.0,1.0,1.0
13.63,0.0006363113072876053,-0.0008210932369607387,15.16537260608353,0.0,0.0,15.0,1.721181133016229e-05,1.3338641495222248e-05,-6.843982480162817e-07,64.45327076501749,-64.43970755794314,64.42918614079048,-64.44276130358247,0.0,0.0,0.0,1.0,1.0,1.0,1.0,1.0,1.0
13.64,0.0006355410972191544,-0.0008200993359961427,15.160345394225748,0.0,0.0,15.0,1.863032745452576e-05,1.4437783631833517e-05,-6.735928698700577e-07,64.63356865450858,-64.61999237787629,64.60946101500923,-64.62304905860059,0.0,0.0,0.0,1.0,1.0,1.0,1.0,1.0,1.0
13.65,0.0006347848673553367,-0.0008191234749344988,15.155305851948182,0.0,0.0,15.0,1.9901707371275393e-05,1.5422903277513722e-05,-6.624187242463324e-07,64.80473424565994,-64.7911585469378,64.78062781884061,-64.79421508932124,0.0,0.0,0.0,1.0,1.0,1.0,1.0,1.0,1.0
13.66,0.0006340434959595136,-0.0008181667872998511,15.150259450592547,0.0,0.0,15.0,2.1030259372079763e-05,1.6297340921128862e-05,-6.508809576616354e-07,64.96706498393259,-64.95350210581232,64.94298150416289,-64.956555752489,0.0,0.0,0.0,1.0,1.0,1.0,1.0,1.0,1.0
13.67,0.0006333184502115403,-0.0008172311664192434,15.145211584532174,0.0,0.0,15.0,2.200892308130078e-05,1.705562609706455e-05,-6.389866326769527e-07,65.12088791229444,-65.10734948076517,65.09684801901919,-65.11039761297295,0.0,0.0,0.0,1.0,1.0,1.0,1.0,1.0,1.0
13.68,0.0006326108180428195,-0.0008163180162845231,15.140167319772447,0.0,0.0,15.0,2.2836561968748997e-05,1.7696879200393873e-05,-6.267423961995523e-07,65.2665118422282,-65.25300853083114,65.24253448411848,-65.25604874404608,0.0,0.0,0.0,1.0,1.0,1.0,1.0,1.0,1.0
13.69,0.0006319209358622082,-0.0008154277712377804,15.135131301720328,0.0,0.0,15.0,2.3524516346561743e-05,1.822989009145472e-05,-6.141536336641907e-07,65.40420867168825,-65.39074944873126,65.38030977064935,-65.39377972222445,0.0,0.0,0.0,1.0,1.0,1.0,1.0,1.0,1.0
13.700000000000001,0.0006312493562920783,-0.0008145611445497236,15.130108020885478,0.0,0.0,15.0,2.407900586977346e-05,1.865947987079276e-05,-6.012267934757394e-07,65.53426024735982,-65.5208527954587,65.5104534431478,-65.52387139784874,0.0,0.0,0.0,1.0,1.0,1.0,1.0,1.0,1.0
13.71,0.0006305964831083213,-0.0008137186574128141,15.12510172257677,0.0,0.0,15.0,2.450755251639336e-05,1.8991478719278497e-05,-5.879685190542317e-07,65.65694003543811,-65.64359076257385,65.6332367053192,-65.64659624937516,0.0,0.0,0.0,1.0,1.0,1.0,1.0,1.0,1.0
13.72,0.000629962563279399,-0.0008129006286667422,15.120116411983869,0.0,0.0,15.0,2.481896770633988e-05,1.9232715894020332e-05,-5.743856374338517e-07,65.77251225939894,-65.75922632504094,65.74892156455314,-65.76221753282418,0.0,0.0,0.0,1.0,1.0,1.0,1.0,1.0,1.0
13.73,0.0006293482890152714,-0.0008121079516690568,15.115155981541347,0.0,0.0,15.0,2.5017297490631773e-05,1.9386328039199344e-05,-5.604860610924417e-07,65.88126642473358,-65.86804773296504,65.85779529789087,-65.87102378076148,0.0,0.0,0.0,1.0,1.0,1.0,1.0,1.0,1.0
13.74,0.0006287543269367132,-0.0008113414867423331,15.110224123223503,0.0,0.0,15.0,2.510639422969457e-05,1.9455301600234847e-05,-5.462780781313798e-07,65.98348960530227,-65.97034084948191,65.96014283000866,-65.97330112873253,0.0,0.0,0.0,1.0,1.0,1.0,1.0,1.0,1.0
13.75,0.0006281802691911386,-0.000810600707712105,15.105324124962648,0.0,0.0,15.0,2.5100213684630852e-05,1.9450451665418633e-05,-5.317687820095299e-07,66.07940519642085,-66.06632800092758,66.05618565896654,-66.06927214390119,0.0,0.0,0.0,1.0,1.0,1.0,1.0,1.0,1.0
13.76,0.0006276260460698252,-0.0008098855247194141,15.10045916049961,0.0,0.0,15.0,2.5008731817217413e-05,1.9379509352084922e-05,-5.16966187842126e-07,66.16925446122163,-66.15624942633465,66.14616323017523,-66.15917729591784,0.0,0.0,0.0,1.0,1.0,1.0,1.0,1.0,1.0
13.77,0.0006270914570986362,-0.0008091956791473261,15.095632202063717,0.0,0.0,15.0,2.4842497437280715e-05,1.9250649474559657e-05,-5.018785269245855e-07,66.25326892845537,-66.2403357266196,66.23030542555884,-66.24324739468466,0.0,0.0,0.0,1.0,1.0,1.0,1.0,1.0,1.0
13.780000000000001,0.0006265761678113682,-0.0008085307394554546,15.090846026403423,0.0,0.0,15.0,2.461257243012222e-05,1.9072444205410085e-05,-4.86514240451276e-07,66.33166980486376,-66.31880729164826,66.30883200200782,-66.32170301411547,0.0,0.0,0.0,1.0,1.0,1.0,1.0,1.0,1.0
13.790000000000001,0.0006260797065231001,-0.0008078900970144864,15.086103220816996,0.0,0.0,15.0,2.4330471983945893e-05,1.885381673669227e-05,-4.7088197372679265e-07,66.4046673874726,-66.39187372722189,66.38195202975295,-66.39475391581654,0.0,0.0,0.0,1.0,1.0,1.0,1.0,1.0,1.0
13.8,0.0006256039596262028,-0.0008072761861389659,15.081406600575624,0.0,0.0,15.0,2.398820937991843e-05,1.858858028638751e-05,-4.549928766023519e-07,66.47259621904452,-66.45986815249255,66.44999752404016,-66.46273353883919,0.0,0.0,0.0,1.0,1.0,1.0,1.0,1.0,1.0
13.81,0.000625147371335765,-0.0008066869991942551,15.07675826044851,0.0,0.0,15.0,2.3604397260519778e-05,1.8291156567649282e-05,-4.388552652201953e-07,66.5355995518171,-66.52293370328799,66.51311153090367,-66.52578504577275,0.0,0.0,0.0,1.0,1.0,1.0,1.0,1.0,1.0
13.82,0.0006247095519184505,-0.0008061220332463378,15.072160340029505,0.0,0.0,15.0,2.3187467387493227e-05,1.7968079040204257e-05,-4.2247885961201354e-07,66.59387929707691,-66.58127188560381,66.57149524228879,-66.58411003402325,0.0,0.0,0.0,1.0,1.0,1.0,1.0,1.0,1.0
13.83,0.0006242900720647007,-0.0008055807342675598,15.067614831787216,0.0,0.0,15.0,2.274518544605853e-05,1.7625364794526836e-05,-4.0587367774234626e-07,66.64763011190976,-66.6350770970438,66.62534285474425,-66.63790295979652,0.0,0.0,0.0,1.0,1.0,1.0,1.0,1.0,1.0
13.84,0.000623888444421907,-0.0008050624733045908,15.063123584586313,0.0,0.0,15.0,2.2284712628087947e-05,1.7268562237422873e-05,-3.8905002112958135e-07,66.69703798353008,-66.68453523116565,66.6748401892859,-66.68734973794506,0.0,0.0,0.0,1.0,1.0,1.0,1.0,1.0,1.0
13.85,0.0006235041266370695,-0.0008045665504031308,15.05868831075043,0.0,0.0,15.0,2.181249593780913e-05,1.690266607465935e-05,-3.7201848109671477e-07,66.74227998226881,-66.7298234429721,66.72016446657645,-66.73262750464478,0.0,0.0,0.0,1.0,1.0,1.0,1.0,1.0,1.0
13.86,0.0006231366587616584,-0.0008040923719592157,15.054310585764277,0.0,0.0,15.0,2.1334660704518497e-05,1.6532421995654577e-05,-3.547898046102977e-07,66.78353327042667,-66.77111886909456,66.7614928033582,-66.77391340249508,0.0,0.0,0.0,1.0,1.0,1.0,1.0,1.0,1.0
13.870000000000001,0.000622786889249805,-0.0008036410331609362,15.049991788338813,0.0,0.0,15.0,2.086147194190925e-05,1.6165788697607385e-05,-3.3737361454693965e-07,66.82105910213751,-66.80867989890572,66.79908136850527,-66.8114664652993,0.0,0.0,0.0,1.0,1.0,1.0,1.0,1.0,1.0
13.88,0.0006224535730960281,-0.0008032109270678533,15.045733294006613,0.0,0.0,15.0,2.0394498105080336e-05,1.580397733410863e-05,-3.1978199483880937e-07,66.85496801947572,-66.84261901522224,66.833044149058,-66.84539873956663,0.0,0.0,0.0,1.0,1.0,1.0,1.0,1.0,1.0
13.89,0.0006221362957362824,-0.0008028015186030012,15.041536322170082,0.0,0.0,15.0,1.9937418719193133e-05,1.5449838110528438e-05,-3.020264327496927e-07,66.88542081728626,-66.87309722453575,66.86354231547632,-66.87587118431098,0.0,0.0,0.0,1.0,1.0,1.0,1.0,1.0,1.0
13.9,0.0006218346523537663,-0.0008024122852478994,15.037401988291517,0.0,0.0,15.0,1.9492835795344954e-05,1.510538611292316e-05,-2.841186916920497e-07,66.91257155062507,-66.9002689233622,66.89073052882881,-66.90303811934642,0.0,0.0,0.0,1.0,1.0,1.0,1.0,1.0,1.0
13.91,0.0006215482542022386,-0.0008020427252017347,15.033331310776305,0.0,0.0,15.0,1.906217639845192e-05,1.4771725805801372e-05,-2.660708165550789e-07,66.93656751371056,-66.92428188234285,66.91475692888244,-66.9270472082275,0.0,0.0,0.0,1.0,1.0,1.0,1.0,1.0,1.0
13.92,0.0006212767349293368,-0.0008016923655405423,15.02932521785611,0.0,0.0,15.0,1.8645595215137125e-05,1.444897552988326e-05,-2.4789513910452766e-07,66.95754921887276,-66.94527723034295,66.93576312219015,-66.94803944118735,0.0,0.0,0.0,1.0,1.0,1.0,1.0,1.0,1.0
13.93,0.0006210197568998944,-0.0008013607703763869,15.02538455447206,0.0,0.0,15.0,1.8241877121623983e-05,1.4136191999853216e-05,-2.296042833885445e-07,66.97565037552974,-66.96338943857786,66.95388417020574,-66.96614911810299,0.0,0.0,0.0,1.0,1.0,1.0,1.0,1.0,1.0
13.94,0.0006207769164861662,-0.0008010474193607476,15.021509529652448,0.0,0.0,15.0,1.7877535985942443e-05,1.3853925803902363e-05,-2.1120648261268616e-07,66.99106661627576,-66.97881063798087,66.96930949016959,-66.9815691580196,0.0,0.0,0.0,1.0,1.0,1.0,1.0,1.0,1.0
13.950000000000001,0.0006205479851772318,-0.0008007520171447504,15.017701023604612,0.0,0.0,15.0,1.7538869469637917e-05,1.3591554773831997e-05,-1.9271645796314558e-07,67.00389571755684,-66.9916411022147,66.98214129078119,-66.99439927267717,0.0,0.0,0.0,1.0,1.0,1.0,1.0,1.0,1.0
13.96,0.0006203327354988985,-0.0008004742700265953,15.013959595552189,0.0,0.0,15.0,1.7223994023925262e-05,1.3347618113248313e-05,-1.741470787953555e-07,67.01426033264904,-67.0020041044486,66.99250332541597,-67.00476259578274,0.0,0.0,0.0,1.0,1.0,1.0,1.0,1.0,1.0
13.97,0.0006201309866999578,-0.0008002139446252083,15.010285708604103,0.0,0.0,15.0,1.6931372475500924e-05,1.3120923757320408e-05,-1.5551118486885741e-07,67.02228118643548,-67.01002083694839,67.0005171483345,-67.01278021443844,0.0,0.0,0.0,1.0,1.0,1.0,1.0,1.0,1.0
13.98,0.000619942615398299,-0.0007999708815868687,15.006679760576725,0.0,0.0,15.0,1.6658467406084037e-05,1.2909504581863713e-05,-1.368217908021986e-07,67.02807411296419,-67.01580764263535,67.0062994965783,-67.01856835703992,0.0,0.0,0.0,1.0,1.0,1.0,1.0,1.0,1.0
13.99,0.000619767561725871,-0.0007997450035155048,15.003142089889373,0.0,0.0,15.0,1.6401695260995092e-05,1.2710582852054186e-05,-1.1809208187466467e-07,67.03175015572968,-67.01947611272553,67.00996238555973,-67.02223849150835,0.0,0.0,0.0,1.0,1.0,1.0,1.0,1.0,1.0
14.0,0.0006196058354736444,-0.0007995363229029928,14.99967298145977,0.0,0.0,15.0,1.615638045773695e-05,1.2520534671139972e-05,-9.933540972845574e-08,67.03341566803627,-67.02113318445076,67.01161320473366,-67.02389742360432,0.0,0.0,0.0,1.0,1.0,1.0,1.0,1.0,1.0
14.01,0.0006194567600514301,-0.0007993439666740219,14.996272373495318,0.0,0.0,15.0,1.593057827281393e-05,1.2345602033702871e-05,-8.056353605156853e-08,67.0331790785687,-67.02088705257987,67.01135996756625,-67.02365340091532,0.0,0.0,0.0,1.0,1.0,1.0,1.0,1.0,1.0
14.02,0.0006193199437052356,-0.0007991674292403184,14.992940265880183,0.0,0.0,15.0,1.572625542231421e-05,1.2187308568686936e-05,-6.178899477884247e-08,67.03113938985389,-67.01883692810948,67.00930204644669,-67.02160558757987,0.0,0.0,0.0,1.0,1.0,1.0,1.0,1.0,1.0
14.030000000000001,0.0006191970765375015,-0.0007990088912311964,14.989677314867434,0.0,0.0,15.0,1.5513389696613018e-05,1.202238950429589e-05,-4.302638341580413e-08,67.02737865798176,-67.01506638738506,67.0055241948355,-67.01783721705786,0.0,0.0,0.0,1.0,1.0,1.0,1.0,1.0,1.0
14.040000000000001,0.0006190868045720698,-0.0007988666057484215,14.986482950388446,0.0,0.0,15.0,1.5317294824803167e-05,1.187046248432347e-05,-2.428206039837859e-08,67.02199207036413,-67.00966873551707,67.00011825942958,-67.01244201845871,0.0,0.0,0.0,1.0,1.0,1.0,1.0,1.0,1.0
14.05,0.0006189890046791814,-0.0007987404138677748,14.983357097649527,0.0,0.0,15.0,1.5137370424886337e-05,1.173106219273703e-05,-5.563881592353191e-09,67.01502785615868,-67.00269236761324,66.99313276381184,-67.00546834955247,0.0,0.0,0.0,1.0,1.0,1.0,1.0,1.0,1.0
14.06,0.0006189034228572992,-0.0007986299877511038,14.980299541575485,0.0,0.0,15.0,1.4971991182026374e-05,1.1602929017245961e-05,1.3109048803630295e-08,67.00659985010051,-66.99425151988666,66.9846822550042,-66.99703035621677,0.0,0.0,0.0,1.0,1.0,1.0,1.0,1.0,1.0
14.07,0.0006188300488083084,-0.000798535314108584,14.977310241715513,0.0,0.0,15.0,1.4820971705759427e-05,1.1485919301837694e-05,3.17351828117112e-08,66.99671676522894,-66.98435493529733,66.97477549912482,-66.98713677467616,0.0,0.0,0.0,1.0,1.0,1.0,1.0,1.0,1.0
14.08,0.0006187687532046487,-0.0007984562260255219,14.974388960975523,0.0,0.0,15.0,1.4682995556911096e-05,1.1379012893920848e-05,5.030159480506587e-08,66.98545348155832,-66.97307775414299,66.96348783795305,-66.97586268665242,0.0,0.0,0.0,1.0,1.0,1.0,1.0,1.0,1.0
14.09,0.0006187194645266936,-0.0007983926311965729,14.971535564178488,0.0,0.0,15.0,1.45573287502361e-05,1.1281641008285027e-05,6.880112276839588e-08,66.9728516301448,-66.960461748894,66.95086115342241,-66.96324983278994,0.0,0.0,0.0,1.0,1.0,1.0,1.0,1.0,1.0
14.1,0.0006186819850484192,-0.0007983442744329235,14.968749654766702,0.0,0.0,15.0,1.4441908452745985e-05,1.1192205121567788e-05,8.72138719937379e-08,66.95902755208874,-66.94662363740485,66.93701245499948,-66.94941484614873,0.0,0.0,0.0,1.0,1.0,1.0,1.0,1.0,1.0
14.11,0.0006186561512807043,-0.0007983109447321745,14.966030908495396,0.0,0.0,15.0,1.4335034387907697e-05,1.1109387657703442e-05,1.0552340600111905e-07,66.9440772446253,-66.93165973069706,66.92203829658321,-66.93445396712852,0.0,0.0,0.0,1.0,1.0,1.0,1.0,1.0,1.0
14.120000000000001,0.0006186419161718686,-0.0007982925813927117,14.96337890209299,0.0,0.0,15.0,1.4235262164214555e-05,1.1032069507687445e-05,1.2371902558287273e-07,66.92805924985801,-66.91562870442026,66.90599745709862,-66.9184258412951,0.0,0.0,0.0,1.0,1.0,1.0,1.0,1.0,1.0
14.13,0.0006186393320175195,-0.0007982892519434174,14.960793259662259,0.0,0.0,15.0,1.4141739248808407e-05,1.0959590282499876e-05,1.4179723064719048e-07,66.9109880217708,-66.89854497935679,66.88890433149847,-66.90134489686399,0.0,0.0,0.0,1.0,1.0,1.0,1.0,1.0,1.0
14.14,0.0006186482425013618,-0.0007983007546431838,14.958273618622123,0.0,0.0,15.0,1.4052689815106873e-05,1.0890573889516688e-05,1.5974137322522596e-07,66.8929602156853,-66.88050551668006,66.87085611767681,-66.88330802616825,0.0,0.0,0.0,1.0,1.0,1.0,1.0,1.0,1.0
14.15,0.0006186685650543472,-0.0007983269829463184,14.95581957058311,0.0,0.0,15.0,1.3966660035664094e-05,1.0823893872705263e-05,1.775392956262699e-07,66.87404235327796,-66.86157700686384,66.85191963668383,-66.86438188167317,0.0,0.0,0.0,1.0,1.0,1.0,1.0,1.0,1.0
14.16,0.00061870020536527,-0.0007983678151810561,14.953430456918323,0.0,0.0,15.0,1.3882240861619254e-05,1.0758458680376019e-05,1.951777598514225e-07,66.85429366548762,-66.84181874030081,66.83215422472786,-66.84462574036446,0.0,0.0,0.0,1.0,1.0,1.0,1.0,1.0,1.0
14.17,0.0006187430804083917,-0.0007984231442134024,14.951105859505754,0.0,0.0,15.0,1.3797980207186278e-05,1.0693143213941014e-05,2.1264456540964614e-07,66.83378039042017,-66.82129711964141,66.81162641173923,-66.82410596784105,0.0,0.0,0.0,1.0,1.0,1.0,1.0,1.0,1.0
14.18,0.0006187971018655801,-0.0007984928560917799,14.948845247437047,0.0,0.0,15.0,1.3712446169082777e-05,1.0626838106778757e-05,2.2992702470570314e-07,66.8125654801298,-66.80007521220135,66.79039935411039,-66.80288560545553,0.0,0.0,0.0,1.0,1.0,1.0,1.0,1.0,1.0
14.19,0.000618862196259059,-0.000798576856051501,14.94664784293081,0.0,0.0,15.0,1.3624648934102079e-05,1.0558776742141778e-05,2.470132458952129e-07,66.79069413411705,-66.77819817984337,66.7685181843061,-66.78100982351815,0.0,0.0,0.0,1.0,1.0,1.0,1.0,1.0,1.0
14.200000000000001,0.0006189382967394947,-0.0007986750578861807,14.944512850908692,0.0,0.0,15.0,1.3533713820231444e-05,1.0488281724608804e-05,2.6389178633979217e-07,66.76820807470597,-66.75570768701824,66.74602452170703,-66.75852029948277,0.0,0.0,0.0,1.0,1.0,1.0,1.0,1.0,1.0
14.21,0.0006190253113594507,-0.0007987873429480276,14.94243983261871,0.0,0.0,15.0,1.3438072663890722e-05,1.0414138032135383e-05,2.805497948211118e-07,66.74517611739459,-66.73267271830649,66.72298748167661,-66.73548597985483,0.0,0.0,0.0,1.0,1.0,1.0,1.0,1.0,1.0
14.22,0.0006191231587442715,-0.0007989136062572276,14.940428184921346,0.0,0.0,15.0,1.3336462083823098e-05,1.0335366933789417e-05,2.9697499848104035e-07,66.721654980534,-66.70915005815205,66.6994638996406,-66.71196363418164,0.0,0.0,0.0,1.0,1.0,1.0,1.0,1.0,1.0
14.23,0.0006192317575193017,-0.0007990537428339663,14.93847730467708,0.0,0.0,15.0,1.3227618698799035e-05,1.0250989698603634e-05,3.1315512399109263e-07,66.69770138248266,-66.68519649100618,66.67551061103215,-66.68801003201794,0.0,0.0,0.0,1.0,1.0,1.0,1.0,1.0,1.0
14.24,0.0006193509786451438,-0.0007992075862128763,14.936586387324546,0.0,0.0,15.0,1.3111738334949468e-05,1.016115841111872e-05,3.2908068564077834e-07,66.67333816755512,-66.66083470819885,66.6511501884734,-66.66364789913615,0.0,0.0,0.0,1.0,1.0,1.0,1.0,1.0,1.0
14.25,0.0006194807227749997,-0.0007993750082308195,14.934754753777472,0.0,0.0,15.0,1.2988107809847634e-05,1.0065320717949449e-05,3.4474046071546335e-07,66.64860928179229,-66.63610863925993,66.62642654849407,-66.63892116877312,0.0,0.0,0.0,1.0,1.0,1.0,1.0,1.0,1.0
14.26,0.0006196209020675697,-0.0007995558955662769,14.932981773569567,0.0,0.0,15.0,1.2855661711997714e-05,9.96265130508305e-06,3.6012255301099684e-07,66.62356684788847,-66.61107044325442,66.60139187811939,-66.61388199179116,0.0,0.0,0.0,1.0,1.0,1.0,1.0,1.0,1.0
14.27,0.0006197714138511155,-0.000799750115767075,14.931266753564023,0.0,0.0,15.0,1.2713788648625888e-05,9.852676701172125e-06,3.7521593336641265e-07,66.59825244893194,-66.58576167147743,66.57608770380732,-66.58857192663407,0.0,0.0,0.0,1.0,1.0,1.0,1.0,1.0,1.0
14.280000000000001,0.0006199321529422084,-0.000799957533141063,14.929608990010113,0.0,0.0,15.0,1.2561954119802716e-05,9.734983023119262e-06,3.900097191082423e-07,66.5727058830294,-66.56022207869819,66.55055374654815,-66.56303073781973,0.0,0.0,0.0,1.0,1.0,1.0,1.0,1.0,1.0
14.290000000000001,0.0006201029830090212,-0.0008001779718134089,14.928007604675049,0.0,0.0,15.0,1.2400247423962654e-05,9.609639794517938e-06,4.044936170449801e-07,66.54695533557222,-66.53447970841245,66.52481793970645,-66.53728650078811,0.0,0.0,0.0,1.0,1.0,1.0,1.0,1.0,1.0
14.3,0.0006202837521340203,-0.0008004112358032078,14.926461633898546,0.0,0.0,15.0,1.2229084440670835e-05,9.476969620451122e-06,4.186576830562276e-07,66.52102272013639,-66.50855628103037,66.49890185384325,-66.51136097943983,0.0,0.0,0.0,1.0,1.0,1.0,1.0,1.0,1.0
14.31,0.0006204743449752998,-0.0008006571763140597,14.924970327076203,0.0,0.0,15.0,1.2048211450438317e-05,9.336776208578918e-06,4.3249151515317243e-07,66.49494157954015,-66.48248525342862,66.47283887905547,-66.48528764999507,0.0,0.0,0.0,1.0,1.0,1.0,1.0,1.0,1.0
14.32,0.000620674618737011,-0.0008009156091329056,14.92353278026238,0.0,0.0,15.0,1.1857927975200848e-05,9.189291995960242e-06,4.459852440271633e-07,66.46873511176108,-66.45628965031081,66.44665190561129,-66.45908957616837,0.0,0.0,0.0,1.0,1.0,1.0,1.0,1.0,1.0
14.33,0.0006208844225657809,-0.0008011863396523239,14.922148047162535,0.0,0.0,15.0,1.1658716344336873e-05,9.034891085315316e-06,4.59129233195638e-07,66.44242282656705,-66.4299887797754,66.42036008517715,-66.43278611146395,0.0,0.0,0.0,1.0,1.0,1.0,1.0,1.0,1.0
14.34,0.0006211035970759176,-0.0008014691622580196,14.920815136416312,0.0,0.0,15.0,1.1451250762378999e-05,8.874096271958772e-06,4.7191408652235616e-07,66.4160203824995,-66.40359806885614,66.39397866524047,-66.40639273504104,0.0,0.0,0.0,1.0,1.0,1.0,1.0,1.0,1.0
14.35,0.0006213319367432432,-0.000801763811645835,14.919534000682845,0.0,0.0,15.0,1.1235224136502403e-05,8.706668993810235e-06,4.843321528373708e-07,66.38958781088792,-66.37717790409172,66.36756830751898,-66.37996975354181,0.0,0.0,0.0,1.0,1.0,1.0,1.0,1.0,1.0
14.36,0.0006215692650429058,-0.0008020700600470805,14.918303874751494,0.0,0.0,15.0,1.1011198440310332e-05,8.533044836066112e-06,4.963747602309323e-07,66.3631491186125,-66.35075219314757,66.34115284267314,-66.35354109699301,0.0,0.0,0.0,1.0,1.0,1.0,1.0,1.0,1.0
14.370000000000001,0.0006218154091960691,-0.0008023876845823218,14.917123616654365,0.0,0.0,15.0,1.0780324314397686e-05,8.354115870688182e-06,5.080329796109102e-07,66.33670827181423,-66.3243245664935,66.31473564092148,-66.32711047144032,0.0,0.0,0.0,1.0,1.0,1.0,1.0,1.0,1.0
14.38,0.0006220701753613596,-0.0008027164351398817,14.915992400217908,0.0,0.0,15.0,1.0543504218541901e-05,8.170581517822348e-06,5.192986479599127e-07,66.31028304231354,-66.29791265486931,66.28833422357297,-66.30069553941595,0.0,0.0,0.0,1.0,1.0,1.0,1.0,1.0,1.0
14.39,0.0006223333620654234,-0.0008030560517579725,14.914909392926699,0.0,0.0,15.0,1.030176256661398e-05,7.983235680215494e-06,5.301638549532638e-07,66.28388936387718,-66.27153224423195,66.26196426194755,-66.27431212018779,0.0,0.0,0.0,1.0,1.0,1.0,1.0,1.0,1.0
14.4,0.0006226047602029272,-0.0008034062646246965,14.91387375592345,0.0,0.0,15.0,1.005624572657757e-05,7.792966743217072e-06,5.406209431135332e-07,66.25754133220009,-66.2451972757374,66.23563957735782,-66.24797418974117,0.0,0.0,0.0,1.0,1.0,1.0,1.0,1.0,1.0
14.41,0.0006228841865500994,-0.0008037668373145452,14.912884669215646,0.0,0.0,15.0,9.807357402683332e-06,7.60008753611665e-06,5.506623250969166e-07,66.23125906082858,-66.21892780861295,66.20938018683356,-66.22170181955747,0.0,0.0,0.0,1.0,1.0,1.0,1.0,1.0,1.0
14.42,0.0006231714955638585,-0.0008041375820106949,14.911941340550024,0.0,0.0,15.0,9.554454229098186e-06,7.4040994313024485e-06,5.602804185576259e-07,66.2050714470524,-66.19275282370286,66.1832151358372,-66.19552397167705,0.0,0.0,0.0,1.0,1.0,1.0,1.0,1.0,1.0
14.43,0.0006234664347264209,-0.0008045181728821491,14.91104289661258,0.0,0.0,15.0,9.299577742737274e-06,7.206584449985345e-06,5.694684359012731e-07,66.17898226303353,-66.16667585296992,66.15714777014846,-66.16944423219739,0.0,0.0,0.0,1.0,1.0,1.0,1.0,1.0,1.0
14.44,0.000623768793506537,-0.0008049083382616527,14.910188495067139,0.0,0.0,15.0,9.043611323700952e-06,7.0082270694424925e-06,5.782195718681196e-07,66.15300507399512,-66.14071037305249,66.13119149768322,-66.14347609773802,0.0,0.0,0.0,1.0,1.0,1.0,1.0,1.0,1.0
14.450000000000001,0.0006240783586402459,-0.0008053078029524859,14.90937729092056,0.0,0.0,15.0,8.787433909674978e-06,6.809708298109833e-06,5.865272473260972e-07,66.12715275553649,-66.11486917987062,66.10535905254467,-66.11763238219635,0.0,0.0,0.0,1.0,1.0,1.0,1.0,1.0,1.0
14.46,0.0006243949144821984,-0.0008057162886817131,14.90860843678698,0.0,0.0,15.0,8.531910932128414e-06,6.611698651552441e-06,5.943851073448664e-07,66.10143757597726,-66.08916447209126,66.07966257935722,-66.09192529996048,0.0,0.0,0.0,1.0,1.0,1.0,1.0,1.0,1.0
14.47,0.0006247182433569811,-0.0008061335145534326,14.907881083152057,0.0,0.0,15.0,8.277885252511292e-06,6.414851128434307e-06,6.017870192532213e-07,66.07587127870536,-66.06360793459743,66.05411371760407,-66.06636654912565,0.0,0.0,0.0,1.0,1.0,1.0,1.0,1.0,1.0
14.48,0.000625048197187238,-0.0008065592894493978,14.907194720414322,0.0,0.0,15.0,8.024799994115852e-06,6.218733987779846e-06,6.087293850631196e-07,66.05047428500865,-66.03822014438147,66.02873316487744,-66.04097667164243,0.0,0.0,0.0,1.0,1.0,1.0,1.0,1.0,1.0
14.49,0.0006253845747978844,-0.0008069933537496144,14.90654863650743,0.0,0.0,15.0,7.773128673365204e-06,6.023713958778309e-06,6.152075881235976e-07,66.02525878403472,-66.013013308815,66.00353314262439,-66.01576787081451,0.0,0.0,0.0,1.0,1.0,1.0,1.0,1.0,1.0
14.5,0.0006257271207366944,-0.000807435377812184,14.90594186635886,0.0,0.0,15.0,7.524324509000198e-06,5.830916954558071e-06,6.212155343382162e-07,66.00022976377423,-65.98799229726556,65.97851842824608,-65.99074504277266,0.0,0.0,0.0,1.0,1.0,1.0,1.0,1.0,1.0
14.51,0.0006260756158674864,-0.0008078850788388761,14.90537362691457,0.0,0.0,15.0,7.279082574008873e-06,5.640881344336306e-06,6.267485995401794e-07,65.97539658676591,-65.96316647341393,65.9536983862698,-65.96591755098287,0.0,0.0,0.0,1.0,1.0,1.0,1.0,1.0,1.0
14.52,0.000626429838658719,-0.0008083421709370487,14.904843138657807,0.0,0.0,15.0,7.038094500475616e-06,5.454142804973861e-06,6.318024394189475e-07,65.95076784857008,-65.93854444341844,65.92908163103355,-65.94129399926102,0.0,0.0,0.0,1.0,1.0,1.0,1.0,1.0,1.0
14.530000000000001,0.00062678956518349,-0.0008088063651196473,14.90434962560911,0.0,0.0,15.0,6.8020484795826406e-06,5.271234320973263e-06,6.363729894960217e-07,65.92635137778221,-65.91413405592846,65.90467602669956,-65.91688223178642,0.0,0.0,0.0,1.0,1.0,1.0,1.0,1.0,1.0
14.540000000000001,0.0006271545691195375,-0.0008092773693052068,14.903892315326301,0.0,0.0,15.0,6.571629261611676e-06,5.092686184476905e-06,6.404564650972045e-07,65.90215423602996,-65.88994240208153,65.88048868725127,-65.89268933309882,0.0,0.0,0.0,1.0,1.0,1.0,1.0,1.0,1.0
14.55,0.0006275246753656481,-0.0008097549575292323,14.903470444730699,0.0,0.0,15.0,6.347011442955568e-06,4.918633572159771e-06,6.440495904638417e-07,65.87818314470607,-65.86597621433567,65.85652635367961,-65.86872203318097,0.0,0.0,0.0,1.0,1.0,1.0,1.0,1.0,1.0
14.56,0.0006278999116664386,-0.0008102391656708678,14.903083276583311,0.0,0.0,15.0,6.126426504673869e-06,4.747706790402309e-06,6.471502460501808e-07,65.8544456918433,-65.84224299444304,65.83279646074176,-65.8449878531078,0.0,0.0,0.0,1.0,1.0,1.0,1.0,1.0,1.0
14.57,0.0006282799373790457,-0.0008107295540695323,14.902730037412125,0.0,0.0,15.0,5.911561371370216e-06,4.581212181015537e-06,6.497550274194532e-07,65.83094578542506,-65.81874676401458,65.80930311814696,-65.82149078902042,0.0,0.0,0.0,1.0,1.0,1.0,1.0,1.0,1.0
14.58,0.0006286645737984195,-0.0008112258921016786,14.902409975139566,0.0,0.0,15.0,5.70254646201518e-06,4.41925062481906e-06,6.518615120871851e-07,65.80768787448315,-65.79549200965106,65.78605084158198,-65.798235319079,0.0,0.0,0.0,1.0,1.0,1.0,1.0,1.0,1.0
14.59,0.0006290536482777895,-0.0008117279569618308,14.902122342143985,0.0,0.0,15.0,5.499428861801222e-06,4.261858437340124e-06,6.534675930010391e-07,65.78467570831772,-65.77248252327853,65.76304345597917,-65.77522522562673,0.0,0.0,0.0,1.0,1.0,1.0,1.0,1.0,1.0
14.6,0.0006294469947615964,-0.0008122355343505234,14.901866395317521,0.0,0.0,15.0,5.302167285580527e-06,4.109003468254399e-06,6.545714807447361e-07,65.7619123408221,-65.74972140619579,65.74028409934863,-65.75246359929955,0.0,0.0,0.0,1.0,1.0,1.0,1.0,1.0,1.0
14.61,0.0006298444543184204,-0.0008127484191622396,14.901641396124038,0.0,0.0,15.0,5.110627041302598e-06,3.960581200827103e-06,6.551717057431615e-07,65.73940013468298,-65.72721107299725,65.71777522648595,-65.729952843011,0.0,0.0,0.0,1.0,1.0,1.0,1.0,1.0,1.0
14.620000000000001,0.0006302458756739117,-0.0008132664161733509,14.901446610657034,0.0,0.0,15.0,4.924574993451571e-06,3.816410851354419e-06,6.552671204690334e-07,65.71714076561825,-65.70495325553341,65.69551861271762,-65.70769467597498,0.0,0.0,0.0,1.0,1.0,1.0,1.0,1.0,1.0
14.63,0.000630651121795303,-0.0008137893485493933,14.90128136115576,0.0,0.0,15.0,4.743772442136504e-06,3.6763074285989413e-06,6.548571801377594e-07,65.69513947901375,-65.68295323507566,65.67351956710478,-65.68569437137661,0.0,0.0,0.0,1.0,1.0,1.0,1.0,1.0,1.0
14.64,0.0006310600818885894,-0.0008143170733688236,14.90114527562946,0.0,0.0,15.0,4.568619927966648e-06,3.5405817342998633e-06,6.53943229140076e-07,65.6734257361769,-65.6612403794529,65.65180738504738,-65.66398131807088,0.0,0.0,0.0,1.0,1.0,1.0,1.0,1.0,1.0
14.65,0.0006314725780590524,-0.0008148493610078457,14.901037427959768,0.0,0.0,15.0,4.398444835326335e-06,3.4087120362144773e-06,6.525238763141517e-07,65.65198214651969,-65.6397974758413,65.63036499145397,-65.64253826322646,0.0,0.0,0.0,1.0,1.0,1.0,1.0,1.0,1.0
14.66,0.0006318884737713479,-0.000815386035265287,14.900957139661797,0.0,0.0,15.0,4.23288836612463e-06,3.2804202195184563e-06,6.505993865784085e-07,65.63081070841842,-65.61862658791443,65.60919450059113,-65.62136725580804,0.0,0.0,0.0,1.0,1.0,1.0,1.0,1.0,1.0
14.67,0.000632307637164701,-0.0008159269259723076,14.90090373951152,0.0,0.0,15.0,4.0715304888730025e-06,3.155380727228963e-06,6.481703487633731e-07,65.6099129541177,-65.59772931776669,65.58829756867677,-65.60046988217343,0.0,0.0,0.0,1.0,1.0,1.0,1.0,1.0,1.0
14.68,0.0006327299410529063,-0.0008164718689924001,14.900876563545747,0.0,0.0,15.0,3.913889938684379e-06,3.033220560205888e-06,6.452376755866514e-07,65.58928994977076,-65.57710680595378,65.56767539392048,-65.57984726611383,0.0,0.0,0.0,1.0,1.0,1.0,1.0,1.0,1.0
14.69,0.0006331552629243283,-0.0008170207062213898,14.900874955062148,0.0,0.0,15.0,3.759424217271993e-06,2.9135192771533092e-06,6.418026036292911e-07,65.56894229539573,-65.55675973144889,65.54732871647984,-65.55950006881014,0.0,0.0,0.0,1.0,1.0,1.0,1.0,1.0,1.0
14.700000000000001,0.0006335834849419005,-0.0008175732855874342,14.900898264619244,0.0,0.0,15.0,3.607529592948039e-06,2.795808994621189e-06,6.378666933127422e-07,65.54887012489576,-65.53668831166289,65.52725781848048,-65.53942848885303,0.0,0.0,0.0,1.0,1.0,1.0,1.0,1.0,1.0
14.71,0.0006340144939431258,-0.0008181294610510235,14.900945850036404,0.0,0.0,15.0,3.4575411006222778e-06,2.679574387007387e-06,6.334318288755071e-07,65.52907310605582,-65.51689230244104,65.50746252401294,-65.51963226223982,0.0,0.0,0.0,1.0,1.0,1.0,1.0,1.0,1.0
14.72,0.0006344481814400771,-0.0008186890926049804,14.901017076393853,0.0,0.0,15.0,3.308732541800207e-06,2.5642526865597006e-06,6.285002183484756e-07,65.50955044054254,-65.4973709980629,65.48794219913245,-65.50011066237423,0.0,0.0,0.0,1.0,1.0,1.0,1.0,1.0,1.0
14.73,0.0006348844436193962,-0.0008192520462744599,14.90111131603267,0.0,0.0,15.0,3.160316484581314e-06,2.4492336833783307e-06,6.230743935278506e-07,65.49030086389085,-65.47812323122902,65.46869575184563,-65.48086250005306,0.0,0.0,0.0,1.0,1.0,1.0,1.0,1.0,1.0
14.74,0.0006353230503123301,-0.0008198180251704228,14.901228007732891,0.0,0.0,15.0,3.016236342144046e-06,2.3375737807526257e-06,6.171576534257704e-07,65.47133786763432,-65.4591619184953,65.44973565329481,-65.46190082133866,0.0,0.0,0.0,1.0,1.0,1.0,1.0,1.0,1.0
14.75,0.000635763899834218,-0.0008203868980728439,14.901366541618318,0.0,0.0,15.0,2.875846284610245e-06,2.2287725484901556e-06,6.10753203359003e-07,65.45266009390433,-65.44048577097442,65.43106066807071,-65.44322432178447,0.0,0.0,0.0,1.0,1.0,1.0,1.0,1.0,1.0
14.76,0.0006362069348790839,-0.0008209585909874556,14.901526297141721,0.0,0.0,15.0,2.7369871744138375e-06,2.1211566977557656e-06,6.038644377203714e-07,65.4342611061707,-65.42208863071943,65.41266485409086,-65.42482678066544,0.0,0.0,0.0,1.0,1.0,1.0,1.0,1.0,1.0
14.77,0.0006366520483622182,-0.0008215329657416912,14.901706685609902,0.0,0.0,15.0,2.599430127828766e-06,2.014548981017292e-06,5.964952589803405e-07,65.4161403277796,-65.40396992299186,65.39454763814427,-65.40670762278715,0.0,0.0,0.0,1.0,1.0,1.0,1.0,1.0,1.0
14.780000000000001,0.0006370991353750132,-0.0008221098869738594,14.901907126718916,0.0,0.0,15.0,2.4629764026626073e-06,1.908795527874927e-06,5.88649902074816e-07,65.39829700620739,-65.38612888883274,65.37670825633363,-65.38886609061353,0.0,0.0,0.0,1.0,1.0,1.0,1.0,1.0,1.0
14.790000000000001,0.0006375480930612201,-0.0008226892219735932,14.902127048609964,0.0,0.0,15.0,2.327461923799115e-06,1.803769352539971e-06,5.803329348443176e-07,65.38073022743366,-65.36856459879684,65.35914576731422,-65.37130125814497,0.0,0.0,0.0,1.0,1.0,1.0,1.0,1.0,1.0
14.8,0.0006379988204932074,-0.0008232708405223014,14.902365887925267,0.0,0.0,15.0,2.1927618087407015e-06,1.6993738613131683e-06,5.71549258475322e-07,65.36343893034208,-65.3512759667143,65.34185906556074,-65.35401204482406,0.0,0.0,0.0,1.0,1.0,1.0,1.0,1.0,1.0
14.81,0.0006384512185482198,-0.0008238546147336189,14.902623089863967,0.0,0.0,15.0,2.058794893151353e-06,1.5955463600629736e-06,5.623041079438856e-07,65.34642192106283,-65.33426176339398,65.32484689457533,-65.33699722938276,0.0,0.0,0.0,1.0,1.0,1.0,1.0,1.0,1.0
14.82,0.0006389051897846342,-0.0008244404188938563,14.902898108238011,0.0,0.0,15.0,1.925528256399642e-06,1.4922615617034584e-06,5.526030524616016e-07,65.3296778873563,-65.31752063036825,65.30810786013738,-65.32025546373126,0.0,0.0,0.0,1.0,1.0,1.0,1.0,1.0,1.0
14.83,0.0006393606383182192,-0.0008250281293024503,14.903190405528019,0.0,0.0,15.0,1.792981747101977e-06,1.3895350936719376e-06,5.424519959239336e-07,65.31320541302333,-65.30105109366404,65.29164044357951,-65.3037852868729,0.0,0.0,0.0,1.0,1.0,1.0,1.0,1.0,1.0
14.84,0.000639817469698393,-0.0008256176241124149,14.903499452939197,0.0,0.0,15.0,1.6612325086661078e-06,1.2874270054062967e-06,5.318571773609195e-07,65.29700299222803,-65.28485157748665,65.27544301497616,-65.287585138732,0.0,0.0,0.0,1.0,1.0,1.0,1.0,1.0,1.0
14.85,0.0006402753768649294,-0.0008262085068207211,14.903824837545049,0.0,0.0,15.0,1.5298304249953e-06,1.1855860602270753e-06,5.208218749783344e-07,65.28108447168172,-65.26893657779587,65.25953057361777,-65.27166936929318,0.0,0.0,0.0,1.0,1.0,1.0,1.0,1.0,1.0
14.86,0.000640734363381299,-0.00082680078216097,14.904166001184072,0.0,0.0,15.0,1.3985750311134819e-06,1.0838581566393633e-06,5.093541507673193e-07,65.26544057154733,-65.2532965376736,65.24389334790003,-65.2560284838924,0.0,0.0,0.0,1.0,1.0,1.0,1.0,1.0,1.0
14.870000000000001,0.0006411943794970619,-0.0008273943860123886,14.904522421484726,0.0,0.0,15.0,1.267446428448336e-06,9.822285626797727e-07,4.974616894250439e-07,65.25006617771385,-65.23792618125664,65.22852593668578,-65.24065724301042,0.0,0.0,0.0,1.0,1.0,1.0,1.0,1.0,1.0
14.88,0.0006416553315434715,-0.0008279891975205266,14.904893607497861,0.0,0.0,15.0,1.1363613883999543e-06,8.806329177709867e-07,4.851518139415895e-07,65.23495936200686,-65.22282356069685,65.21342637698523,-65.22555370320326,0.0,0.0,0.0,1.0,1.0,1.0,1.0,1.0,1.0
14.89,0.0006421171276987188,-0.0008285850982153712,14.905279076852384,0.0,0.0,15.0,1.005246628652401e-06,7.790145761563135e-07,4.724321655553905e-07,65.22011802249834,-65.20798655137978,65.19859252671276,-65.21071574493821,0.0,0.0,0.0,1.0,1.0,1.0,1.0,1.0,1.0
14.9,0.0006425796779879324,-0.000829181972011346,14.905678355755244,0.0,0.0,15.0,8.740388131740071e-07,6.773246068994988e-07,4.5931070375830107e-07,65.20553988353988,-65.193412851958,65.18402206472028,-65.19614107262721,0.0,0.0,0.0,1.0,1.0,1.0,1.0,1.0,1.0
14.91,0.000643042894283178,-0.0008297797052073113,14.90609097899144,0.0,0.0,15.0,7.426845522175797e-07,5.755217938844149e-07,4.4579570630062393e-07,65.19122249574592,-65.17909998433419,65.16971249078036,-65.18182721460991,0.0,0.0,0.0,1.0,1.0,1.0,1.0,1.0,1.0
14.92,0.0006435066903034596,-0.0008303781864865648,14.906516489924018,0.0,0.0,15.0,6.111404023206515e-07,4.735726358147294e-07,4.3189576919611994e-07,65.17716323600028,-65.16504529366783,65.15566112559283,-65.16777152316038,0.0,0.0,0.0,1.0,1.0,1.0,1.0,1.0,1.0
14.93,0.0006439709816147181,-0.0008309773069168404,14.906954440494072,0.0,0.0,15.0,4.793728663057674e-07,3.714513462135435e-07,4.1761980672701964e-07,65.1633593074532,-65.15124594837214,65.1418651107818,-65.15397117448403,0.0,0.0,0.0,1.0,1.0,1.0,1.0,1.0,1.0
14.94,0.0006444356856298319,-0.0008315769599503088,14.907404391220746,0.0,0.0,15.0,3.473583932807896e-07,2.6913985342299585e-07,4.029770514490433e-07,65.14980773952102,-65.13769894011371,65.12832140889526,-65.14042316871728,0.0,0.0,0.0,1.0,1.0,1.0,1.0,1.0,1.0
14.950000000000001,0.0006449007216086177,-0.0008321770414235781,14.907865911201233,0.0,0.0,15.0,2.1508337863920567e-07,1.666278006038179e-07,3.879770541964368e-07,65.13650538788306,-65.12440108380953,65.11502680340213,-65.12712432992454,0.0,0.0,0.0,1.0,1.0,1.0,1.0,1.0,1.0
14.96,0.0006453659986705039,-0.0008327774340769277,14.908338575415888,0.0,0.0,15.0,8.260034549621745e-08,6.395597259161782e-08,3.726293023107219e-07,65.12344967798411,-65.11134977974359,65.10197867523544,-65.11407206403392,0.0,0.0,0.0,1.0,1.0,1.0,1.0,1.0,1.0
14.97,0.0006458311968956668,-0.0008333777248621983,14.90882191551731,0.0,0.0,15.0,-4.89461338900034e-08,-3.799069229958164e-08,3.5693624821488804e-07,65.11065218193743,-65.0985569303814,65.08918918304954,-65.10127819930469,0.0,0.0,0.0,1.0,1.0,1.0,1.0,1.0,1.0
14.98,0.0006462963983235506,-0.000833978019831906,14.909315561685885,0.0,0.0,15.0,-1.8027676222641924e-07,-1.3976904047836943e-07,3.4091340561967175e-07,65.09809948170019,-65.0860088237155,65.07664438716509,-65.0887290897511,0.0,0.0,0.0,1.0,1.0,1.0,1.0,1.0,1.0
14.99,0.0006467615118643823,-0.0008345782014539107,14.909819113343442,0.0,0.0,15.0,-3.112822287197484e-07,-2.4129431191068925e-07,3.2457103378535025e-07,65.08578883816195,-65.0737026953654,65.06434150378229,-65.07642197666422,0.0,0.0,0.0,1.0,1.0,1.0,1.0,1.0,1.0
15.0,0.0006472264465471278,-0.0008351781523486648,14.910332178101344,0.0,0.0,15.0,-4.418351766735045e-07,-3.4246777094962593e-07,3.0791965527275407e-07,65.07371744565921,-65.06163571406849,65.05227768196963,-65.06435403452781,0.0,0.0,0.0,1.0,1.0,0.5,1.0,1.0,1.0
15.01,0.0006477198086930899,-0.0008358065306847849,14.910792662416496,0.0,0.0,15.0,0.00038983783781530875,0.000390157272851888,0.0003091993145502432,65.45225463789383,-65.13504045231842,64.82578462464251,-65.13759742336197,0.0,0.0,0.0,1.0,1.0,0.5,1.0,1.0,1.0
15.02,0.0006486101124124561,-0.0008368314094424629,14.911138607633776,0.0,0.0,15.0,0.001557149820292178,0.0015599061302041233,0.0012368495999335774,66.29084607139264,-65.30260453988787,64.33677795505916,-65.30341302478506,0.0,0.0,0.0,1.0,1.0,0.5,1.0,1.0,1.0
15.030000000000001,0.000650918383095664,-0.0008392711359971531,14.91137148154893,0.0,0.0,15.0,0.0034813542724531285,0.003494143232591399,0.0027840029499174856,67.33835546597143,-65.50588733869738,63.716597090073954,-65.50043161360757,0.0,0.0,0.0,1.0,1.0,0.5,1.0,1.0,1.0
15.040000000000001,0.0006563286800519906,-0.000844800140568505,14.911493861590625,0.0,0.0,15.0,0.006127231474412246,0.006166163693310394,0.004953793821993238,68.49055047114695,-65.72296666552526,63.02212955298556,-65.70317579019063,0.0,0.0,0.0,1.0,1.0,0.5,1.0,1.0,1.0
15.05,0.0006671601907913124,-0.0008557141651823896,14.911508892011096,0.0,0.0,15.0,0.009447288928081386,0.009539500167066804,0.0077513409436239175,69.70022280827327,-65.94633794149418,62.28208649337386,-65.9005635855598,0.0,0.0,0.0,1.0,1.0,0.5,1.0,1.0,1.0
15.06,0.0006863999251105717,-0.0008749521396587126,14.911419921384281,0.0,0.0,15.0,0.013383886821994812,0.013569268149936756,0.011183439609107282,70.9425883939113,-66.17404216499912,61.514393439610885,-66.08757673960793,0.0,0.0,0.0,1.0,1.0,0.5,1.0,1.0,1.0
15.07,0.0007176321141566075,-0.0009060140184382583,14.911230248248765,0.0,0.0,15.0,0.017872857338510222,0.018204873876639736,0.01525788036993867,72.20216627187794,-66.40612326792571,60.73227207301609,-66.26177595284406,0.0,0.0,0.0,1.0,1.0,0.5,1.0,1.0,1.0
15.08,0.0007649904813695481,-0.0009529013806002828,14.9109430409644,0.0,0.0,15.0,0.022845796860732535,0.023391445592055613,0.01998323588808214,73.46639156638608,-66.64286905404796,59.94724207470233,-66.42167847143085,0.0,0.0,0.0,1.0,1.0,0.5,1.0,1.0,1.0
15.09,0.0008331214072752733,-0.0010200660445443535,14.910561340051672,0.0,0.0,15.0,0.028231875641050997,0.029070728947030288,0.025368773762825234,74.7253290210477,-66.884580305759,59.16912136218464,-66.56670427888889,0.0,0.0,0.0,1.0,1.0,0.5,1.0,1.0,1.0
15.1,0.0009271517160685335,-0.0011123666327030946,14.9100880781193,0.0,0.0,15.0,0.03395899870595921,0.03518152755520095,0.031424527415028096,75.97065663781163,-67.13131246045683,58.40652824830575,-66.69691897930095,0.0,0.0,0.0,1.0,1.0,0.5,1.0,1.0,1.0
15.11,0.0010526236384167025,-0.0012349917032096099,14.909526091295707,0.0,0.0,15.0,0.03995553610549306,0.041660659792207344,0.03816112049363146,77.1948295268452,-67.38261977771445,57.66722544031434,-66.8128005465354,0.0,0.0,0.0,1.0,1.0,0.5,1.0,1.0,1.0
15.120000000000001,0.0012154502674938236,-0.0013934057704582741,14.908878153530793,0.0,0.0,15.0,0.04615125746986631,0.04844331306780907,0.04558980933850634,78.39112400328436,-67.63760869427651,56.95813832503738,-66.91524760939069,0.0,0.0,0.0,1.0,1.0,0.5,1.0,1.0,1.0
15.13,0.001421856490064768,-0.0015932839026256184,14.908146995944959,0.0,0.0,15.0,0.05247838013987013,0.05546361239056196,0.053722411570666505,79.55348545057248,-67.89491848943274,56.285435970843324,-67.0055288989778,0.0,0.0,0.0,1.0,1.0,0.5,1.0,1.0,1.0
15.14,0.001678326573173621,-0.001840454270285425,14.907335327681801,0.0,0.0,15.0,0.05887242447627261,0.06265507044542276,0.06257122251979326,80.67650971918991,-68.1527626593512,55.6545619438966,-67.08525554929427,0.0,0.0,0.0,1.0,1.0,0.5,1.0,1.0,1.0
15.15,0.00199154975077612,-0.0021408438873816342,14.906445848897285,0.0,0.0,15.0,0.06527278174611371,0.06995096412027002,0.07214897219683995,81.75559439587684,-68.40902707569357,55.07019256845402,-67.15639321977159,0.0,0.0,0.0,1.0,1.0,0.5,1.0,1.0,1.0
15.16,0.0023683619433832294,-0.002500426248775049,14.905481249219157,0.0,0.0,15.0,0.07162331210430566,0.07728488303398282,0.0824686613043214,82.78674654689797,-68.66126866989782,54.536322175487854,-67.22115926760799,0.0,0.0,0.0,1.0,1.0,0.5,1.0,1.0,1.0
15.17,0.0028156905854998114,-0.00292516742695256,14.904444224797436,0.0,0.0,15.0,0.07787297035502434,0.08459119821032218,0.09354333744205592,83.7666833335583,-68.90680943917364,54.05623047027056,-67.28200063432394,0.0,0.0,0.0,1.0,1.0,0.5,1.0,1.0,1.0
15.18,0.0033404922848621057,-0.0034209850958223514,14.903337465876987,0.0,0.0,15.0,0.08397589554393602,0.09180556322572257,0.10538596973031118,84.69272389178147,-69.1427643495945,53.63253911885157,-67.34151659892689,0.0,0.0,0.0,1.0,1.0,0.5,1.0,1.0,1.0
15.19,0.003949699009385884,-0.0039936987430428915,14.902163674600995,0.0,0.0,15.0,0.08989199838503235,0.09886543492900512,0.11800911317331568,85.56287199265674,-69.36615028866812,53.267170364829255,-67.40239696587636,0.0,0.0,0.0,1.0,1.0,0.5,1.0,1.0,1.0
15.200000000000001,0.004650154424532244,-0.004649008067833893,14.900925557765493,0.0,0.0,15.0,0.09558653795445769,0.10571049956199526,0.1314248218573923,86.37575855773991,-69.57390945705174,52.96140513900573,-67.46740081466164,0.0,0.0,0.0,1.0,1.0,0.5,1.0,1.0,1.0
15.21,0.005448561383132348,-0.005392426403840535,14.89962583623638,0.0,0.0,15.0,0.10103110442424645,0.1122833608096151,0.14564416477444175,87.13067886211633,-69.76307189363025,52.71582578227917,-67.53918235873358,0.0,0.0,0.0,1.0,1.0,0.5,1.0,1.0,1.0
15.22,0.006351427042730972,-0.006229301323978602,14.898267238743895,0.0,0.0,15.0,0.10620231942117718,0.1185296334722546,0.16067731886179537,87.82744087001356,-69.9305988951608,52.5305047923345,-67.62048298285488,0.0,0.0,0.0,1.0,1.0,0.5,1.0,1.0,1.0
15.23,0.00736499804625986,-0.007164712593665408,14.896852513457688,0.0,0.0,15.0,0.11108336811825963,0.12439906213272252,0.1765329294945348,88.46656186011234,-70.07385521936074,52.40478440300795,-67.71364641621437,0.0,0.0,0.0,1.0,1.0,0.5,1.0,1.0,1.0
15.24,0.008495230137382351,-0.008203566498096462,14.895384424825275,0.0,0.0,15.0,0.11566154131149085,0.12984497926310865,0.19321842176664283,89.04893969710407,-70.19010507547951,52.337586368140165,-67.8210983595114,0.0,0.0,0.0,1.0,1.0,0.5,1.0,1.0,1.0
15.25,0.009747711080058459,-0.009350471531100019,14.893865757897599,0.0,0.0,15.0,0.1199298102756775,0.13482564750510428,0.21073945423348514,89.57601583809284,-70.27713119114598,52.32728126156955,-67.94476926704813,0.0,0.0,0.0,1.0,1.0,0.5,1.0,1.0,1.0
15.26,0.011127625728147045,-0.010609762974230814,14.892299323593678,0.0,0.0,15.0,0.12388584982039934,0.13930427575701726,0.22909989949785384,90.04965147994446,-70.33311459437684,52.37179062435741,-68.08619319843687,0.0,0.0,0.0,1.0,1.0,0.5,1.0,1.0,1.0
15.27,0.01263975879000342,-0.011985598599827698,14.89068797181518,0.0,0.0,15.0,0.12753025272805626,0.14324817943985169,0.24830198361793157,90.47195027593347,-70.35603762487246,52.46870919773801,-68.2470473215906,0.0,0.0,0.0,1.0,1.0,0.5,1.0,1.0,1.0
15.280000000000001,0.014288327157483181,-0.013481694204043994,14.88903457215702,0.0,0.0,15.0,0.1308690259266674,0.14663220848967315,0.268345861318569,90.84518049082912,-70.34560951419647,52.61547699586816,-68.4273279809914,0.0,0.0,0.0,1.0,1.0,0.5,1.0,1.0,1.0
15.290000000000001,0.016077077871703965,-0.015101652769775835,14.887342157783756,0.0,0.0,15.0,0.13390920298374942,0.14943520121522577,0.2892293532339586,91.1722478448882,-70.30030684338469,52.80854802687112,-68.62795639521214,0.0,0.0,0.0,1.0,1.0,0.5,1.0,1.0,1.0
15.3,0.018009354257308742,-0.01684891366387788,14.885613983078926,0.0,0.0,15.0,0.1366612627312451,0.15164215449029667,0.31094810581031673,91.45637104447538,-70.21954338318756,53.04375219692888,-68.84864345805525,0.0,0.0,0.0,1.0,1.0,0.5,1.0,1.0,1.0
15.31,0.02008783439680556,-0.018726548365019594,14.883853480292995,0.0,0.0,15.0,0.13913865450197604,0.15324441531732838,0.33349569430946574,91.70072883584797,-70.10295143605288,53.31689760610477,-69.088855946813,0.0,0.0,0.0,1.0,1.0,0.5,1.0,1.0,1.0
15.32,0.022314718456757768,-0.020737457101523513,14.882064214821035,0.0,0.0,15.0,0.1413562274300591,0.1542377490857998,0.3568645252577343,91.9081990640461,-69.95047773352559,53.624185881650654,-69.34785925223179,0.0,0.0,0.0,1.0,1.0,0.5,1.0,1.0,1.0
15.33,0.024691624589129185,-0.022884334128524683,14.880249873491483,0.0,0.0,15.0,0.14332928623701846,0.15462283824408907,0.3810457297726801,92.08132286336006,-69.76254138338919,53.96229788770934,-69.6246111950105,0.0,0.0,0.0,1.0,1.0,0.5,1.0,1.0,1.0
15.34,0.02721951267806458,-0.02516964010618185,14.878414285125753,0.0,0.0,15.0,0.14507247040684093,0.15440490537774298,0.40602842601491196,92.22214988699702,-69.54063095294258,54.32854072197165,-69.91717005303857,0.0,0.0,0.0,1.0,1.0,0.5,1.0,1.0,1.0
15.35,0.029898761585787414,-0.02759561999422683,14.876561229429416,0.0,0.0,15.0,0.1465996187104379,0.15359298673342242,0.43180154951368366,92.33262822131005,-69.28602974615245,54.720415549601796,-70.22389505853454,0.0,0.0,0.0,1.0,1.0,0.5,1.0,1.0,1.0
15.36,0.03272928531310107,-0.030164375277129007,14.874694504984348,0.0,0.0,15.0,0.14792332307088848,0.15219838249995538,0.4583532657087369,92.41451047166174,-69.00029438382397,55.135664447892296,-70.54293101067027,0.0,0.0,0.0,1.0,1.0,0.5,1.0,1.0,1.0
15.370000000000001,0.035710207152045856,-0.032877749514067,14.872817916987634,0.0,0.0,15.0,0.14905329842453371,0.15023654637208395,0.4856706108750335,92.46883944176963,-68.68571616886119,55.572824736725465,-70.87179319278468,0.0,0.0,0.0,1.0,1.0,0.5,1.0,1.0,1.0
15.38,0.038840395261462796,-0.035737504336247825,14.870935271580631,0.0,0.0,15.0,0.14999844332603005,0.14772367427390898,0.5137406753432131,92.49634617418639,-68.34445220241847,56.03077314210209,-71.20815779062416,0.0,0.0,0.0,1.0,1.0,0.5,1.0,1.0,1.0
15.39,0.04211771684277122,-0.03874509331099759,14.869050340213649,0.0,0.0,15.0,0.15076295315008958,0.14467974219171317,0.5425488890307179,92.4976327717832,-67.97907440535548,56.50856794581766,-71.54936779201539,0.0,0.0,0.0,1.0,1.0,0.5,1.0,1.0,1.0
15.4,0.04553988026214056,-0.04190192467620884,14.86716688907358,0.0,0.0,15.0,0.15135001898915343,0.14112437856325827,0.5720810611418424,92.47256852744545,-67.59203072393267,57.00601620228736,-71.89289949627569,0.0,0.0,0.0,1.0,1.0,0.5,1.0,1.0,1.0
15.41,0.04910372787437142,-0.04520910801151749,14.865288656481457,0.0,0.0,15.0,0.1517583732040438,0.13707925038524382,0.602321381139786,92.42032749252138,-67.1863921577086,57.52364102934633,-72.23565526648069,0.0,0.0,0.0,1.0,1.0,0.5,1.0,1.0,1.0
15.42,0.05280564179847356,-0.0486676662450897,14.863419359191537,0.0,0.0,15.0,0.15198344702001088,0.1325655715758767,0.6332535585238702,92.34023128422207,-66.76454433715577,58.061749399240966,-72.57516263953029,0.0,0.0,0.0,1.0,1.0,0.5,1.0,1.0,1.0
15.43,0.056641484857479836,-0.05227827950101006,14.8615626369028,0.0,0.0,15.0,0.15201909555971974,0.12760381761378187,0.6648603764218329,92.23108856731587,-66.328640124062,58.62115147557244,-72.90918834265851,0.0,0.0,0.0,1.0,1.0,0.5,1.0,1.0,1.0
15.44,0.06060664260679852,-0.05604159701460611,14.85972222116318,0.0,0.0,15.0,0.15185510301888724,0.12221406051433668,0.6971232750367016,92.09116353943767,-65.88115599085644,59.20319970995238,-73.23519677281745,0.0,0.0,0.0,1.0,1.0,0.5,1.0,1.0,1.0
15.450000000000001,0.06469613492602963,-0.05995800301269291,14.857901740118473,0.0,0.0,15.0,0.15147990137786152,0.11641490916470135,0.7300232929796062,91.9184352798935,-65.42426930752069,59.80957575398016,-73.55100252645371,0.0,0.0,0.0,1.0,1.0,0.5,1.0,1.0,1.0
15.46,0.06890420755940493,-0.06402759707845995,14.856104811027947,0.0,0.0,15.0,0.15087762360060145,0.11022476370579073,0.7635389595255316,91.71138942863828,-64.96042496121888,60.4414761948798,-73.85421801456849,0.0,0.0,0.0,1.0,1.0,0.5,1.0,1.0,1.0
15.47,0.07322508893260861,-0.06825039759274054,14.854335012772621,0.0,0.0,15.0,0.15003175987852924,0.1036596207161918,0.7976493324525425,91.46703752133683,-64.4915060321602,61.10157803859099,-74.14301453715042,0.0,0.0,0.0,1.0,1.0,0.5,1.0,1.0,1.0
15.48,0.0776524210647355,-0.07262606722010571,14.852595849195156,0.0,0.0,15.0,0.14892322736127872,0.09673465656650634,0.8323314968363317,91.18283579431946,-64.01963520441484,61.792126852773976,-74.41537151374902,0.0,0.0,0.0,1.0,1.0,0.5,1.0,1.0,1.0
15.49,0.08217942399703888,-0.07715401085665247,14.850890790558172,0.0,0.0,15.0,0.14753041146668217,0.08946354253922902,0.8675610218803721,90.85610955047954,-63.54696851877857,62.51549085897145,-74.66925320832735,0.0,0.0,0.0,1.0,1.0,0.5,1.0,1.0,1.0
15.5,0.08679871186546011,-0.08183325024253216,14.84922324351273,0.0,0.0,15.0,0.14582870046605428,0.0818588561564986,0.9033110007888732,90.48464203698478,-63.07597362162864,63.273573735059976,-74.90234893297834,0.0,0.0,0.0,1.0,1.0,0.5,1.0,1.0,1.0
15.51,0.0915027827218459,-0.08666250892331458,14.847596577807856,0.0,0.0,15.0,0.14379274358235344,0.07393224652419765,0.9395536955049787,90.06535965221097,-62.60898390721432,64.06908407709815,-75.11244484256966,0.0,0.0,0.0,1.0,1.0,0.5,1.0,1.0,1.0
15.52,0.09628348944614286,-0.09164014222816534,14.846014103775348,0.0,0.0,15.0,0.14139348263053125,0.06569366298710387,0.9762584369813931,89.59526899708841,-62.148609723087986,64.90464834896306,-75.29709941035955,0.0,0.0,0.0,1.0,1.0,0.5,1.0,1.0,1.0
15.530000000000001,0.1011324753136354,-0.09676405585783947,14.84447912422471,0.0,0.0,15.0,0.1386002776056838,0.05715299335517959,1.0133927108914793,89.07109406243532,-61.69749616334234,65.78311654681632,-75.45380952032774,0.0,0.0,0.0,1.0,1.0,0.5,1.0,1.0,1.0
15.540000000000001,0.10604097789671682,-0.10203179652654128,14.842994897807202,0.0,0.0,15.0,0.1353796139356938,0.04831855213479239,1.050921495322154,88.48884736894094,-61.25843985135234,66.70801904630576,-75.57993324142724,0.0,0.0,0.0,1.0,1.0,0.5,1.0,1.0,1.0
15.55,0.11099989822050903,-0.10744040169916011,14.841564668105462,0.0,0.0,15.0,0.13169505145213595,0.03919858565000367,1.0888070607459324,87.84502949242854,-60.83493139329309,67.68235165610265,-75.67213544714434,0.0,0.0,0.0,1.0,1.0,0.5,1.0,1.0,1.0
15.56,0.11599984982948516,-0.11298645272220527,14.840191664881495,0.0,0.0,15.0,0.12750729560055352,0.0298006770151666,1.1270089129587146,87.13545873228655,-60.430808543061275,68.7097371431768,-75.72672684110053,0.0,0.0,0.0,1.0,1.0,0.5,1.0,1.0,1.0
15.57,0.1210310754013644,-0.11866593795826905,14.838879116983065,0.0,0.0,15.0,0.12277316072423015,0.020132871259821765,1.1654830198299369,86.35586202627775,-60.05035089069251,69.79382168063403,-75.73957013914342,0.0,0.0,0.0,1.0,1.0,0.5,1.0,1.0,1.0
15.58,0.1260834503460876,-0.12447421176164077,14.837630262045648,0.0,0.0,15.0,0.11744502508969291,0.010203955718621127,1.2041814250470109,85.50179503138781,-59.69846042683309,70.93834571358148,-75.70589719906724,0.0,0.0,0.0,1.0,1.0,0.5,1.0,1.0,1.0
15.59,0.13114657811317226,-0.13040601465702495,14.836448338953133,0.0,0.0,15.0,0.11147143064184897,2.2811895828576466e-05,1.243052569285602,84.56832293185049,-59.38120372871572,72.14744047141849,-75.61973854444611,0.0,0.0,0.0,1.0,1.0,0.5,1.0,1.0,1.0
15.6,0.1362096861538786,-0.13645533415699515,14.835336722816859,0.0,0.0,15.0,0.10479362969561713,-0.010400116246610896,1.282040085457264,83.54950117843707,-59.1045844254997,73.42594405911669,-75.47496877562041,0.0,0.0,0.0,1.0,1.0,0.5,1.0,1.0,1.0
15.610000000000001,0.14126177814260132,-0.1426155439644538,14.83429902206712,0.0,0.0,15.0,0.09734535654856487,-0.021053748971269264,1.3210832592179045,82.4383894965246,-58.876306112776135,74.7793791329625,-75.26352729440364,0.0,0.0,0.0,1.0,1.0,0.5,1.0,1.0,1.0
15.620000000000001,0.1462915742150898,-0.14887925134389113,14.833339032288256,0.0,0.0,15.0,0.08905238609267559,-0.03192576718873759,1.3601161372540236,81.2273562421402,-58.704955498949126,76.21383143946944,-74.97643362995944,0.0,0.0,0.0,1.0,1.0,0.5,1.0,1.0,1.0
15.63,0.15128765289573184,-0.15523837513164693,14.832460842239433,0.0,0.0,15.0,0.07983038971690773,-0.04300191759228142,1.3990667600986393,79.90798343075751,-58.600495751235016,77.73601297070985,-74.60327567882943,0.0,0.0,0.0,1.0,1.0,0.5,1.0,1.0,1.0
15.64,0.15623715573615465,-0.1616818614772368,14.831668133033913,0.0,0.0,15.0,0.06959274924950523,-0.05425898699073992,1.4378535164884911,78.30869923876058,-58.739289189716374,79.18530188220036,-74.29818424020594,0.0,0.0,0.0,1.0,1.0,0.5,1.0,1.0,1.0
15.65,0.16112835374015932,-0.16819985742982016,14.830965367301618,0.0,0.0,15.0,0.05823472668295709,-0.06567901312726245,1.4763952103564015,76.58082995879894,-58.971165374744885,80.73334198944664,-73.88647888246209,0.0,0.0,0.0,1.0,1.0,0.5,1.0,1.0,1.0
15.66,0.1659486538210494,-0.17478039815467347,14.830357008361979,0.0,0.0,15.0,0.045643477079649435,-0.0772381361389005,1.5146068055524597,74.71926425707548,-59.30500229529277,82.39233540523225,-73.35006967597633,0.0,0.0,0.0,1.0,1.0,0.5,1.0,1.0,1.0
15.67,0.17068524800496618,-0.18141012559160963,14.829848074763074,0.0,0.0,15.0,0.0316968445076793,-0.08890539605252729,1.5524000818476462,72.71504744436652,-59.755212856640306,84.16904266653239,-72.67234956321998,0.0,0.0,0.0,1.0,1.0,0.5,1.0,1.0,1.0
15.68,0.17532501982449117,-0.18807413991723151,14.829444286497116,0.0,0.0,15.0,0.016260090634996976,-0.10063983966615071,1.58967994589585,70.55903335643366,-60.339465470846285,86.06980884226171,-71.83284903681046,0.0,0.0,0.0,1.0,1.0,0.5,1.0,1.0,1.0
15.69,0.17985435049351423,-0.1947555938952133,14.82915212727794,0.0,0.0,15.0,-0.0008197406858650748,-0.11238662786453692,1.6263396248771909,68.24177776350315,-61.07972751980988,88.10115840824476,-70.80668096089941,0.0,0.0,0.0,1.0,1.0,0.5,1.0,1.0,1.0
15.700000000000001,0.18425956518347394,-0.20143587039173066,14.828978614645749,0.0,0.0,15.0,-0.019711945041628223,-0.12407861864971867,1.6622615064409398,65.75256110460855,-62.00102574354637,90.27088976402463,-69.5658974340482,0.0,0.0,0.0,1.0,1.0,0.5,1.0,1.0,1.0
15.71,0.18852680978792874,-0.2080941713338991,14.828931401026058,0.0,0.0,15.0,-0.040605199091763286,-0.13563235198495535,1.6973146227075004,63.08073145857844,-63.13260968085456,92.58654177925987,-68.07813586594513,0.0,0.0,0.0,1.0,1.0,0.5,1.0,1.0,1.0
15.72,0.19264170304872807,-0.2147069571879283,14.82901902541759,0.0,0.0,15.0,-0.06371294908897111,-0.14694187958315583,1.7313527597689402,60.21570234629967,-64.5095428837544,95.05518965829565,-66.30482142980229,0.0,0.0,0.0,1.0,1.0,0.5,1.0,1.0,1.0
15.73,0.19658975314942245,-0.22124773858761,14.829250939035067,0.0,0.0,15.0,-0.08927234079713492,-0.1578752393881184,1.7642148088378187,57.14772746215024,-66.17183368271034,97.68256867022504,-64.20193475862632,0.0,0.0,0.0,1.0,1.0,0.5,1.0,1.0,1.0
15.74,0.200356325619868,-0.22768649791072668,14.829637728721766,0.0,0.0,15.0,-0.11754635802980243,-0.16826736549228463,1.7957251209910783,53.86842346461915,-68.16574068008367,100.4723552778948,-61.71851037139165,0.0,0.0,0.0,1.0,1.0,0.5,1.0,1.0,1.0
15.75,0.20392666646621402,-0.23398941457020156,14.830191237611343,0.0,0.0,15.0,-0.14882435862094395,-0.17791539912661386,1.8256963965395798,50.37118848068281,-70.54477292290238,103.42565829007088,-58.79554615681269,0.0,0.0,0.0,1.0,1.0,0.5,1.0,1.0,1.0
15.76,0.2072859846716727,-0.24011777030850334,14.830924955269305,0.0,0.0,15.0,-0.18342239381392622,-0.1865664577815053,1.853932925889969,46.65300979121338,-73.37026344985063,106.53893207675705,-55.36515072708117,0.0,0.0,0.0,1.0,1.0,0.5,1.0,1.0,1.0
15.77,0.21041955952269165,-0.24602731794213997,14.83185422456156,0.0,0.0,15.0,-0.2216811251079831,-0.19390955337273616,1.880238405655065,42.90013262644156,-76.52785820161967,109.61821791130109,-51.53396464508437,0.0,0.0,0.0,1.0,1.0,0.5,1.0,1.0,1.0
15.780000000000001,0.2133132346189483,-0.25166769909338366,14.832994566071726,0.0,0.0,15.0,-0.26395530263729255,-0.1995835001033758,1.9044308860506094,42.791380428614545,-76.41910600379265,108.98202320381243,-50.897769937595704,0.0,0.0,0.0,1.0,1.0,0.5,1.0,1.0,1.0
15.790000000000001,0.2159574925041799,-0.2569857393207481,14.83434551229905,0.0,0.0,15.0,-0.31052311955456946,-0.20333490048677882,1.9264069554316847,42.88571119695402,-76.51343677213214,108.11176903310607,-50.02751576688933,0.0,0.0,0.0,1.0,1.0,0.5,1.0,1.0,1.0
15.8,0.2183485050172917,-0.2619278372255877,14.835885940787714,0.0,0.0,15.0,-0.36154738823556537,-0.20506806205787032,1.9461638412688491,43.174549899725946,-76.80227547490405,107.07922313776635,-48.994969871549614,0.0,0.0,0.0,1.0,1.0,0.5,1.0,1.0,1.0
15.81,0.22048645720322166,-0.26643897860302096,14.83758438298446,0.0,0.0,15.0,-0.4171078075119332,-0.20475019164128405,1.9637707515082532,43.64950639060055,-77.27723196577865,105.94026774638039,-47.856014480163665,0.0,0.0,0.0,1.0,1.0,0.5,1.0,1.0,1.0
15.82,0.22237430851000675,-0.27046144093586627,14.839403553908445,0.0,0.0,15.0,-0.4772253382652345,-0.202357951267381,1.9793540198813444,44.31172635396237,-77.93945192914047,104.72623963477764,-46.64198636856092,0.0,0.0,0.0,1.0,1.0,0.5,1.0,1.0,1.0
15.83,0.2240175981833438,-0.27393589559248477,14.841301331921668,0.0,0.0,15.0,-0.5418669121519337,-0.19786048769631354,1.9930948893643425,45.171813439982095,-78.7995390151602,103.4524487594312,-45.36819549321447,0.0,0.0,0.0,1.0,1.0,0.5,1.0,1.0,1.0
15.84,0.22542428317642008,-0.276801245793437,14.843230612842628,0.0,0.0,15.0,-0.6109486676575298,-0.1912139664440892,2.0052289956891203,46.245880176644356,-79.87360575182247,102.12569901845268,-44.041445752235944,0.0,0.0,0.0,1.0,1.0,0.5,1.0,1.0,1.0
15.85,0.22660423589578976,-0.2789941706089997,14.845139380695947,0.0,0.0,15.0,-0.6843476301911697,-0.18235738687388608,2.0160422815276524,47.55365191985055,-81.18137749502866,100.74892812066426,-42.664674854447526,0.0,0.0,0.0,1.0,1.0,0.5,1.0,1.0,1.0
15.860000000000001,0.2275691856126598,-0.2804493274733238,14.846970162834829,0.0,0.0,15.0,-0.7619118561392619,-0.17121482525887172,2.025869519181955,49.116684820003016,-82.74441039518112,99.32456704882598,-41.24031378260925,0.0,0.0,0.0,1.0,1.0,0.5,1.0,1.0,1.0
15.870000000000001,0.22833350599932556,-0.2811026973863421,14.848660088328188,0.0,0.0,15.0,-0.8434592227988442,-0.15771114702756373,2.0350907094198853,50.95514674741952,-84.58287232259762,97.85740688635207,-39.77315362013533,0.0,0.0,0.0,1.0,1.0,0.5,1.0,1.0,1.0
15.88,0.22891353777673212,-0.2808896080978338,14.850140322538174,0.0,0.0,15.0,-0.9287957973160479,-0.14177005814876992,2.0441293119600346,53.08801019021096,-86.71573576538907,96.35527951113303,-38.271026244916314,0.0,0.0,0.0,1.0,1.0,0.5,1.0,1.0,1.0
15.89,0.22932782799795864,-0.279745519099105,14.85133555193299,0.0,0.0,15.0,-1.0177229640281407,-0.12332175776591975,2.0534480839409333,55.532681554527734,-89.16040712970585,94.82952223186204,-36.74526896564531,0.0,0.0,0.0,1.0,1.0,0.5,1.0,1.0,1.0
15.9,0.2295977297982927,-0.27760685334107205,14.852162768558827,0.0,0.0,15.0,-1.1100368470062065,-0.10231017130323092,2.0635469654197416,58.30487707845807,-91.93260265363618,93.29544431204688,-35.21119104583015,0.0,0.0,0.0,1.0,1.0,0.5,1.0,1.0,1.0
15.91,0.22974676265721178,-0.27441120650485284,14.852533271101143,0.0,0.0,15.0,-1.205564545571629,-0.07870691054325027,2.074958132514005,61.413836848183166,-95.04156242336127,91.77667403567085,-33.69242076945412,0.0,0.0,0.0,1.0,1.0,0.5,1.0,1.0,1.0
15.92,0.2298014965380364,-0.27009785938534087,14.852350414663798,0.0,0.0,15.0,-1.3041590702689065,-0.05251325186453038,2.0882428050856374,64.86627725856225,-98.49400283374035,90.3021652777561,-32.217912011539376,0.0,0.0,0.0,1.0,1.0,0.5,1.0,1.0,1.0
15.93,0.2297924211463057,-0.2646084590529644,14.85150763324077,0.0,0.0,15.0,-1.4057038031830877,-0.023761503381596952,2.103984109443551,68.67188607793553,-102.29961165311363,88.90193858985555,-30.817685323638813,0.0,0.0,0.0,1.0,1.0,0.5,1.0,1.0,1.0
15.94,0.22975414017764184,-0.25788759433472064,14.849888407115374,0.0,0.0,15.0,-1.510136010332847,0.007478057726149835,2.1227884331181266,72.83890310647018,-106.46662868164827,87.61191740946428,-29.52766414324755,0.0,0.0,0.0,1.0,1.0,0.5,1.0,1.0,1.0
15.950000000000001,0.22972581652119628,-0.24988494447740062,14.847365501472332,0.0,0.0,15.0,1.5241706120729503,3.100547365964078,-0.996297953972087,117.3150407143097,-80.16119004355636,25.603061872914857,-80.16119004355637,0.0,0.0,0.0,1.0,1.0,0.5,1.0,1.0,1.0
15.96,0.22975059640948362,-0.24059278948228488,14.843801788684429,0.0,0.0,15.0,1.4149634990010247,3.0662284386404606,-0.969377935150035,119.41532123577842,-82.02633835582338,27.70334239438359,-82.02633835582338,0.0,0.0,0.0,1.0,1.0,0.5,1.0,1.0,1.0
15.97,0.22987335785488938,-0.2300192166528604,14.839055632004174,0.0,0.0,15.0,1.305291855034201,3.0337899511184268,-0.9376452160315383,121.8378582233901,-84.17170672778025,30.12587938199526,-84.17170672778025,0.0,0.0,0.0,1.0,1.0,0.5,1.0,1.0,1.0
15.98,0.23013927006577942,-0.21816853965163044,14.832981019493493,0.0,0.0,15.0,1.1960185129924994,3.0050237859377726,-0.9012153482401082,124.59730550550904,-86.61295827046277,32.88532666411421,-86.61295827046278,0.0,0.0,0.0,1.0,1.0,0.5,1.0,1.0,1.0
15.99,0.2305914393152922,-0.2050555627287131,14.825428537644564,0.0,0.0,15.0,1.0877495152955774,2.981047141921879,-0.8605056554023022,111.12354788595988,-105.94671660220581,52.57466275663635,-72.78362289013451,0.0,0.0,0.0,1.0,1.0,0.5,1.0,1.0,1.0
16.0,0.23127217662319713,-0.19069307164111318,14.816238508210091,0.0,0.0,15.0,0.9807073924149436,2.961865447869853,-0.8159108316796657,98.42016526149135,-125.21623815207283,72.23369664266396,-59.69072792950539,0.0,0.0,0.0,1.0,1.0,0.5,1.0,1.0,1.0
16.01,0.23223290181680487,-0.175053229395572,14.805208995467405,0.0,0.0,15.0,0.8742106894057333,2.9459624639325765,-0.7673971222330473,92.85074185712162,-138.19013886627516,85.6313390991792,-53.69756278282273,0.0,0.0,0.0,1.0,1.0,0.5,1.0,1.0,1.0
16.02,0.23353575125405243,-0.15809397208110562,14.79209032829949,0.0,0.0,15.0,0.7668993819283783,2.9315802480610285,-0.7145645992189334,93.67939876395367,-145.77673422316315,93.67939876395367,-54.06475538176831,0.0,0.0,0.0,1.0,1.0,0.5,1.0,1.0,1.0
16.03,0.23524929202544173,-0.13980339950510712,14.776603996515663,0.0,0.0,15.0,0.6570855496955178,2.917501241182017,-0.656796097708699,98.71480705971516,-150.3075650343336,98.71480705971516,-58.59558619293877,0.0,0.0,0.0,1.0,1.0,0.5,1.0,1.0,1.0
16.04,0.23744256185612758,-0.12023262041274814,14.758471195954646,0.0,0.0,15.0,0.5431505377579782,2.903448203042948,-0.5934442590290441,104.38099180694132,-155.42040478265005,104.38099180694132,-63.70842594125522,0.0,0.0,0.0,1.0,1.0,0.5,1.0,1.0,1.0
16.05,0.2401898457192574,-0.09948883180146323,14.737404762192622,0.0,0.0,15.0,0.4236095038329974,2.889911497964531,-0.5239060116993268,110.71111174825015,-161.14314469845692,110.71111174825015,-69.43116585706208,0.0,0.0,0.0,1.0,1.0,0.5,1.0,1.0,1.0
16.06,0.24357631081703301,-0.07773030514024472,14.713092746662888,0.0,0.0,15.0,0.2971201730520316,2.877993404665195,-0.44767365072227994,117.7596044716677,-167.52578783359291,117.7596044716677,-75.81380899219806,0.0,0.0,0.0,1.0,1.0,0.5,1.0,1.0,1.0
16.07,0.24769935374482627,-0.055180939835903414,14.685190784969713,0.0,0.0,15.0,0.16247832464280815,2.8693101466106388,-0.3644104585969846,125.5913125258475,-174.63023568639537,125.5913125258475,-82.91825684500053,0.0,0.0,0.0,1.0,1.0,0.5,1.0,1.0,1.0
16.080000000000002,0.25266457169525336,-0.03215351769439422,14.65333137546853,0.0,0.0,15.0,0.018703058162230665,2.865966996035737,-0.2741017622978422,134.2679617770512,-182.51808596196278,134.26796177705123,-90.80610712056796,0.0,0.0,0.0,1.0,1.0,0.5,1.0,1.0,1.0
16.09,0.2585801536045822,-0.0090752621688482,14.617128848823082,0.0,0.0,15.0,-0.13484269448015437,2.8705295374858073,-0.17723615745527155,143.83717816957295,-191.2412322305054,143.83717816957295,-99.52925338911056,0.0,0.0,0.0,1.0,1.0,0.5,1.0,1.0,1.0
16.1,0.2655437115625924,0.013479947215719417,14.57620264571563,0.0,0.0,15.0,-0.2982939570963431,2.8859698229725472,-0.07503245427579606,154.31487444571363,-200.82623290059766,154.31487444571363,-109.11425405920284,0.0,0.0,0.0,1.0,1.0,0.5,1.0,1.0,1.0
16.11,0.2736208354292727,0.03475903091252515,14.530209684303845,0.0,0.0,15.0,-0.47120088932261345,2.915524829384898,0.030375978153775483,165.66090578553965,-211.2515770095013,165.66090578553965,-119.53959816810645,0.0,0.0,0.0,1.0,1.0,0.5,1.0,1.0,1.0
16.12,0.2828119729243449,0.05380100111335975,14.478894578337993,0.0,0.0,15.0,-0.6526126879559317,2.96246724026357,0.1358634707891039,177.74654420911838,-222.41583765283212,177.74654420911838,-130.70385881143727,0.0,0.0,0.0,1.0,1.0,0.5,1.0,1.0,1.0
16.13,0.293002324521056,0.06942259558853996,14.422165526115048,0.0,0.0,15.0,-0.8414143346970058,3.029805619261043,0.23738170074025067,190.31202594129104,-234.09461102716708,190.31202594129104,-142.38263218577228,0.0,0.0,0.0,1.0,1.0,0.5,1.0,1.0,1.0
16.14,0.30389483477026724,0.08023451769808732,14.360193260867339,0.0,0.0,15.0,-1.0369692946704514,3.119956709116987,0.33012604885086166,202.9189331961035,-245.89144516849578,202.9189331961035,-154.17946632710095,0.0,0.0,0.0,1.0,1.0,0.5,1.0,1.0,1.0
16.15,0.31491608734020504,0.08468748793275534,14.293526937607039,0.0,0.0,15.0,-1.23948826653273,-3.047785432338261,0.4083538995201496,169.06802082829836,-211.35725365922502,260.7799996696932,-211.35725365922502,0.0,0.0,0.0,1.0,1.0,0.5,1.0,1.0,1.0
16.16,0.32508608267852596,0.08111025947638546,14.223162633932887,0.0,0.0,15.0,-1.4480240540222404,-2.9000780565029456,0.46383271007400634,179.64566686500888,-221.45032145787258,271.35764570640373,-221.45032145787258,0.0,0.0,0.0,1.0,1.0,0.5,1.0,1.0,1.0
16.17,0.3328951158243424,0.06828485317259235,14.150703226198273,0.0,0.0,15.0,1.475727781362142,-0.4248985948049456,-2.6552349184004305,271.16908727323107,-237.54136169805298,179.45710843183625,-237.54136169805298,0.0,0.0,0.0,1.0,1.0,0.5,1.0,1.0,1.0
16.18,0.33637337378614174,0.04607346238431556,14.078162046693766,0.0,0.0,15.0,1.2357753361137003,-0.6347140500985122,-2.678179861538122,275.8544264260049,-242.2267008508268,184.14244758461007,-242.2267008508268,0.0,0.0,0.0,1.0,1.0,0.5,1.0,1.0,1.0
16.19,0.33337364826509747,0.01563309490454338,14.007495190146154,0.0,0.0,15.0,0.9433092600630122,-0.8520460163933645,-2.770453357327908,231.16220586643877,-197.53448029126068,231.16220586643877,-289.2464591326555,0.0,0.0,0.0,1.0,1.0,0.5,1.0,1.0,1.0
16.2,0.3217882616176087,-0.0208256229622265,13.940198350826392,0.0,0.0,15.0,0.5301618657683435,-1.0565040660622338,-2.9925345959029257,183.3954505428388,-241.47970380905554,275.1074293842336,-241.47970380905554,0.0,0.0,0.0,1.0,1.0,0.5,1.0,1.0,1.0
16.21,0.29982814859453966,-0.060214912773443784,13.876899159149119,0.0,0.0,15.0,-0.16828009997383228,-1.1974658062277566,2.782290881834902,191.86206546250494,-225.48979103768306,283.57404430389977,-225.48979103768306,0.0,0.0,0.0,1.0,1.0,0.5,1.0,1.0,1.0
16.22,0.2665663515360338,-0.09886968173682012,13.816902821352812,0.0,0.0,15.0,-1.0891105464805793,-1.1557237654274766,2.058891195715547,188.32026028309537,-221.94798585827348,280.03223912449016,-221.94798585827348,0.0,0.0,0.0,1.0,1.0,0.5,1.0,1.0,1.0
16.23,0.22231803514774498,-0.13327425739808743,13.758097250864534,0.0,0.0,15.0,1.4325278382734077,-2.204399751808364,-1.4866496239362583,221.09485343223287,-187.46712785705478,221.09485343223287,-279.1791066984496,0.0,0.0,0.0,1.0,1.0,0.5,1.0,1.0,1.0
16.240000000000002,0.1685455272831001,-0.16081592822009283,13.697285389538768,0.0,0.0,15.0,1.0353750906934804,-2.49259496354924,-1.6291348761971614,225.1593198831014,-191.53159430792329,225.1593198831014,-283.24357314931814,0.0,0.0,0.0,1.0,1.0,0.5,1.0,1.0,1.0
16.25,0.10765555072481169,-0.1804012940596261,13.630673988811228,0.0,0.0,15.0,0.6967067997167885,-2.7909681145215273,-1.6408652337312033,222.39305667372247,-215.3864103077222,249.01413588290032,-280.47730993993923,0.0,0.0,0.0,1.0,1.0,0.5,1.0,1.0,1.0
16.26,0.042628776605308505,-0.19289460150853383,13.554418109248294,0.0,0.0,15.0,0.33777491830040957,-3.060529187106345,-1.555662050630693,207.56201631666355,-265.6462695828803,299.27399515805837,-265.6462695828803,0.0,0.0,0.0,1.0,1.0,0.5,1.0,1.0,1.0
16.27,-0.02347705854028044,-0.2012845712083842,13.464978466686492,0.0,0.0,15.0,-0.08524680200605,3.0213138150589187,-1.373738386277357,278.3288313952496,-336.18370327460235,278.3288313952496,-244.4717244332075,0.0,0.0,0.0,1.0,1.0,0.5,1.0,1.0,1.0
16.28,-0.08792376086070126,-0.21109893452938014,13.360300259686086,0.0,0.0,15.0,-0.5763570190710178,2.939804737114128,-1.107704368558797,309.49294007778826,-365.0241446996081,309.49294007778826,-273.31216585821323,0.0,0.0,0.0,1.0,1.0,0.5,1.0,1.0,1.0
16.29,-0.1491892407673042,-0.23001195877042468,13.241099792674921,0.0,0.0,15.0,-1.0872914934436975,3.0148002419983415,-0.8210906689865001,341.8494090432403,-394.8771937078383,341.8494090432403,-303.1652148664435,0.0,0.0,0.0,1.0,1.0,0.5,1.0,1.0,1.0
16.3,-0.20824922745200575,-0.26634300813643,13.112054645632439,0.0,0.0,15.0,-1.5658279038203755,-3.0474911928627066,-0.5934789948378483,322.7773640576495,-373.8170804323832,414.48934289904435,-373.8170804323832,0.0,0.0,0.0,1.0,1.0,0.5,1.0,1.0,1.0
16.31,-0.2699198371538087,-0.32577341305948554,12.982090279682842,0.0,0.0,15.0,1.119086976773481,-0.42651590985478965,2.6674767359130005,390.30212252918335,-332.2178692629667,390.30212252918335,-423.9298481043615,0.0,0.0,0.0,1.0,1.0,0.5,1.0,1.0,1.0
16.32,-0.3429618108668253,-0.4066125627109993,12.86149419874956,0.0,0.0,15.0,0.5862361661345802,-0.8336478171824366,2.604518176166262,364.7044024103497,-349.8419113185253,407.9261645847421,-398.3321279855278,0.0,0.0,0.0,1.0,1.0,0.5,1.0,1.0,1.0
16.330000000000002,-0.4371554605826472,-0.4978483229389653,12.755205369565909,0.0,0.0,15.0,-0.47893496521747614,-1.1691224214128948,1.955071387261068,324.93642398280184,-358.56414955797993,416.64840282419664,-358.56414955797993,0.0,0.0,0.0,1.0,1.0,0.5,1.0,1.0,1.0
16.34,-0.557791752990757,-0.5842294974849404,12.657362920990678,0.0,0.0,15.0,1.2335136596303962,-2.1940037858390853,-2.18646106039506,346.6819879820128,-313.0542624068347,346.6819879820128,-404.7662412482295,0.0,0.0,0.0,1.0,1.0,0.5,1.0,1.0,1.0
16.35,-0.7011850301688584,-0.655869082313737,12.552931194705247,0.0,0.0,15.0,0.540429673697247,-2.7067037641269494,-2.3340892452680477,354.64467057127933,-321.01694499610124,354.64467057127933,-412.72892383749604,0.0,0.0,0.0,1.0,1.0,0.5,1.0,1.0,1.0
16.36,-0.8563622418056791,-0.7155041607816223,12.426377524434393,0.0,0.0,15.0,-0.09967576539476383,3.1201127525530987,-2.1314057849231354,388.41404691072677,-446.4983001769435,388.41404691072677,-354.7863213355486,0.0,0.0,0.0,1.0,1.0,0.5,1.0,1.0,1.0
16.37,-1.0114873201443515,-0.7786836266646663,12.270853648456978,0.0,0.0,15.0,-0.8962890533793897,2.961016669194219,-1.6801174861282637,439.25426827391914,-497.3385215401358,439.25426827391914,-405.626542698741,0.0,0.0,0.0,1.0,1.0,0.5,1.0,1.0,1.0
16.38,-1.1619294755234226,-0.8669321081375976,12.095148226129002,0.0,0.0,15.0,1.4711142749313995,-0.10589311239498685,1.8878043409618601,497.0293749341465,-438.9451216679298,497.0293749341465,-530.6571005093247,0.0,0.0,0.0,1.0,1.0,0.5,1.0,1.0,1.0
16.39,-1.317956180567359,-0.9925293343440372,11.922246106180294,0.0,0.0,15.0,0.7989049751370778,-0.678899731249289,2.0420942368260153,512.5688641638483,-454.48461089763157,512.5688641638483,-546.1965897390264,0.0,0.0,0.0,1.0,1.0,0.5,1.0,1.0,1.0
16.4,-1.5025627471361334,-1.1421411634665095,11.770668865372329,0.0,0.0,15.0,-0.5600263581427837,-1.239660543489656,1.3055351960095103,450.2655715322645,-484.718397498379,541.9775503736594,-484.718397498379,0.0,0.0,0.0,1.0,1.0,0.5,1.0,1.0,1.0
16.41,-1.7314439453813024,-1.2848810774010824,11.62929376318232,0.0,0.0,15.0,0.7584523620168346,-2.3450121756500364,-3.0211164604433036,472.99240984483214,-439.36468426965405,472.99240984483214,-531.0766631110489,0.0,0.0,0.0,1.0,1.0,0.5,1.0,1.0,1.0
16.42,-1.9943562193752666,-1.4073320653839752,11.463005811247255,0.0,0.0,15.0,-0.027899495300258,-2.993994652629203,-2.8706061641271106,460.4525872453957,-518.5368405116124,552.1645660867905,-518.5368405116124,0.0,0.0,0.0,1.0,1.0,0.5,1.0,1.0,1.0
16.43,-2.2660247029292138,-1.5329907353732584,11.24917657999144,0.0,0.0,15.0,-0.9556813882093749,3.0514393757695983,-2.315093805469055,581.0129989336285,-639.0972521998453,581.0129989336285,-547.3852733584505,0.0,0.0,0.0,1.0,1.0,0.5,1.0,1.0,1.0
16.44,-2.536109230765749,-1.7030975864217879,11.004211371741095,0.0,0.0,15.0,1.3360505480068696,-0.33389124257074065,1.343899403271086,660.2403996237128,-602.6461555708479,660.2403996237128,-694.3581344122429,0.0,0.0,0.0,1.0,1.0,0.5,1.0,1.0,1.0
16.45,-2.8312157048106155,-1.9320033916034811,10.77079340101188,0.0,0.0,15.0,0.6075942067541215,-1.0995193509970786,1.4970387451235012,674.0074004339749,-615.9231471677583,674.0074004339749,-707.635126009153,0.0,0.0,0.0,1.0,1.0,0.5,1.0,1.0,1.0
16.46,-3.194705014634469,-2.181706257419575,10.56004006294493,0.0,0.0,15.0,0.7402673720145558,-1.9955131036090559,2.3797605194804015,660.1789324343247,-602.0946791681079,660.1789324343247,-693.8066580095026,0.0,0.0,0.0,1.0,1.0,0.5,1.0,1.0,1.0
16.47,-3.6322883299801543,-2.4140526113788474,10.322429758601817,0.0,0.0,15.0,-0.03283010557219629,-2.70307213734227,2.5697064871208215,653.7243180054338,-687.352043580612,745.4362968468288,-687.352043580612,0.0,0.0,0.0,1.0,1.0,0.5,1.0,1.0,1.0
16.48,-4.109721794114789,-2.653102241445514,10.008386267546133,0.0,0.0,15.0,-0.8151049904605566,-2.97554469762936,-3.1235861867783985,757.0897961478338,-815.1740494140506,848.8017749892288,-815.1740494140506,0.0,0.0,0.0,1.0,1.0,0.5,1.0,1.0,1.0
16.490000000000002,-4.6102821489666,-2.965069028532215,9.626529623167032,0.0,0.0,15.0,-1.448055027395362,-2.667966865422111,-2.4470864027681385,885.9946146291029,-944.0788678953197,977.7065934704979,-944.0788678953197,0.0,0.0,0.0,1.0,1.0,0.5,1.0,1.0,1.0
16.5,-5.175511300242927,-3.39023229329327,9.225225881519112,0.0,0.0,15.0,1.5625878181157773,-0.9604404567327022,1.5590704905764563,1066.5878285149533,-1008.5035752487365,974.8758496735584,-1008.5035752487365,0.0,0.0,0.0,1.0,1.0,0.5,1.0,1.0,1.0
16.51,-5.875061904943771,-3.9127270003978127,8.818118503172032,0.0,0.0,15.0,-1.081724295073115,-2.0433544131226933,-0.09993245196988709,1016.0817503015378,-1062.8105971432478,1107.7937291429328,-1062.8105971432478,0.0,0.0,0.0,1.0,1.0,0.5,1.0,1.0,1.0
16.52,-6.749819290229268,-4.517317508626357,8.370705306204577,0.0,0.0,15.0,-0.9431257897682165,-2.0468387151138465,1.2015604700013611,1102.12956257366,-1137.4905530989838,1193.8415414150547,-1137.4905530989838,0.0,0.0,0.0,1.0,1.0,0.5,1.0,1.0,1.0
16.53,-7.827464251474169,-5.201005348902738,7.8571770730652535,0.0,0.0,15.0,-0.36307347815677166,-2.1202635491594832,3.048361786941378,1272.7035222847794,-1214.6192690185626,1272.7035222847794,-1306.3312478599578,0.0,0.0,0.0,1.0,1.0,0.5,1.0,1.0,1.0
16.54,-9.120946891284914,-5.950174621630377,7.2074873256052125,0.0,0.0,15.0,-0.7308438190088892,-2.645730585784594,-1.934232328615862,1449.1142942374083,-1507.1985475036247,1540.826273078803,-1507.1985475036247,0.0,0.0,0.0,1.0,1.0,0.5,1.0,1.0,1.0
16.55,-10.597336166360197,-6.8970448105039175,6.37919016620547,0.0,0.0,15.0,1.3887105422434147,-0.9119605681308526,2.396251699873671,1862.0411432180474,-1803.9568899518308,1770.3291643766524,-1803.9568899518308,0.0,0.0,0.0,1.0,1.0,0.5,1.0,1.0,1.0
16.56,-12.435032838300693,-8.066407544669312,5.520216878922246,0.0,0.0,15.0,-0.10228421880646742,-2.3166119959271914,2.9957488091212023,1941.5763504871913,-1975.2040760623697,2033.288329328586,-1975.2040760623697,0.0,0.0,0.0,1.0,1.0,0.5,1.0,1.0,1.0
16.57,-14.706347138886196,-9.399530196313377,4.356162238899106,0.0,0.0,15.0,-1.5193376678339623,-2.3562549818148737,-1.5526227646337099,2409.8785697363446,-2467.9628230025614,2501.590548577739,-2467.9628230025614,0.0,0.0,0.0,1.0,1.0,0.5,1.0,1.0,1.0
16.580000000000002,-17.586696372516244,-11.171820068431266,3.0037288920481364,0.0,0.0,15.0,-0.48333633948176774,-2.2726187895171592,2.5382677075804665,2842.067890291968,-2875.6956158671455,2933.779869133363,-2875.6956158671455,0.0,0.0,0.0,1.0,1.0,0.5,1.0,1.0,1.0
16.59,-21.38745625976513,-13.400627243281852,1.1475586430780162,0.0,0.0,15.0,-1.286881110494267,-2.157466217201202,-0.41324520708655416,3664.9833831958645,-3714.4488522059555,3756.6953620372587,-3714.4488522059555,0.0,0.0,0.0,1.0,1.0,0.5,1.0,1.0,1.0
16.6,-26.584884703198405,-16.43299385497722,-1.2837095407776344,0.0,0.0,15.0,-1.297379354627124,-2.35658871756474,-1.3373027564730795,4745.761858850331,-4803.298484662095,4837.473837691727,-4803.298484662095,0.0,0.0,0.0,1.0,1.0,0.5,1.0,1.0,1.0
