time,x,y,z,x_ref,y_ref,z_ref,roll,pitch,yaw,u1,u2,u3,u4
0.0,0.0,0.0,0.0,0.0,0.0,0.0,-0.0,-0.0,-0.0,0.0,0.0,0.0,0.0
0.002,1.1943873164116352e-09,-1.2905474954584017e-09,4.901748828020297e-07,0.0,0.0,0.004,4.632073231468478e-06,4.286957238842343e-06,-1.0427699012601852e-11,0.2316074843574782,-0.23123052002644112,0.2308184426054007,-0.23119540713641812
0.004,4.936905678456031e-09,-5.3208641812551376e-09,1.0040869166826302e-06,0.0,0.0,0.008,1.848429565638659e-05,1.715198901683456e-05,-1.47710564099343e-10,0.4593000040674724,-0.45781562196885994,0.4561921007574068,-0.4576764856753007
0.006,1.1743994176296429e-08,-1.2607260397449604e-08,1.5474559886743789e-06,0.0,0.0,0.012,4.1548255315617866e-05,3.87197923736046e-05,-6.696126386698456e-10,0.6831658594886092,-0.6798727068894245,0.6762625700207915,-0.6795557353495664
0.008,2.2546116622268737e-08,-2.4080077550595337e-08,2.1481582780770128e-06,0.0,0.0,0.016,7.39322966836914e-05,6.930896679437474e-05,-2.2469973604161012e-09,0.9033047923392762,-0.8975195540786205,0.8911517698833695,-0.8969370507265804
0.01,3.872294569957685e-08,-4.111306443166293e-08,3.086928385894537e-06,0.0,0.0,0.02,0.00011578898322737887,0.00010935996972897493,-5.843609489374121e-09,1.1198076102592147,-1.1108602745118212,1.1009557108363908,-1.1099031569371889
0.012,6.21419289113526e-08,-6.55544516929372e-08,5.358160717713949e-06,0.0,0.0,0.024,0.0001672627163468694,0.00015937203096775285,-1.2670719573870458e-08,1.3327245358777424,-1.3199580753911724,1.305723814475494,-1.3184905133475875
0.014,9.521109925749269e-08,-9.977154563415139e-08,1.0965669999416927e-05,0.0,0.0,0.028000000000000004,0.0002284872206946703,0.00021987651975272315,-2.424346893726923e-08,1.5420475212951865,-1.5248177895492976,1.5054442221638689,-1.5226744083005141
0.016,1.4094518545723673e-07,-1.467076958954395e-07,2.0741889768530888e-05,0.0,0.0,0.032,0.00029960543392113735,0.00029142298195120096,-4.2390560062392835e-08,1.7478374832572512,-1.7255115113847441,1.7001708796510384,-1.722497643066559
0.018000000000000002,2.030404071020787e-07,-2.0994734836479884e-07,3.631695456436999e-05,0.0,0.0,0.036000000000000004,0.0003807933917506128,0.0003745619632820019,-6.932309964509503e-08,1.950109422063795,-1.922061858564059,1.8899084876515782,-1.9179573408512034
0.02,2.859545412068739e-07,-2.9378662532555195e-07,5.9098968120735965e-05,0.0,0.0,0.04,0.00047228269769381866,0.00046982107250811126,-1.076640772963717e-07,2.1488917303764317,-2.1144996092373356,2.0746723941858027,-2.1090665111814024
0.022,3.9499122921355477e-07,-4.0330986664556475e-07,9.069353892696688e-05,0.0,0.0,0.044,0.0005743809986155726,0.0005776766341085391,-1.6050235908148634e-07,2.3442013629485814,-2.3028374272805436,2.2544648952714272,-2.2958317959956815
0.024,5.363892920463501e-07,-5.44474552494753e-07,0.0001327057016498282,0.0,0.0,0.048,0.0006874861262619826,0.0006985205190622326,9.748240856428834e-10,2.536055173350946,-2.487078115803644,2.4292886695150098,-2.4782655327751217
0.026000000000000002,7.173399543013987e-07,-7.24137421159571e-07,0.00018679289440065832,0.0,0.0,0.052000000000000005,0.000811992513989394,0.0008325000468913925,1.4322927108276304e-06,2.7244599324014387,-2.6672068380830183,2.59915940067624,-2.656384993636495
0.028,9.45891563892328e-07,-9.499925343884701e-07,0.0002544964441412992,0.0,0.0,0.05600000000000001,0.0009480823055820296,0.0009792136644955103,3.2220470987597528e-06,2.9093837096081043,-2.8432063405247994,2.764122441083583,-2.8302387874246526
0.03,1.2308224047691767e-06,-1.2304624391050617e-06,0.0003371001045138839,0.0,0.0,0.06,0.0010958077007009919,0.0011378385357788674,3.971189475693596e-06,3.090783968874333,-3.0150629253955965,2.92425850563926,-2.999905524546548
0.032,1.581679289234983e-06,-1.5747453737961168e-06,0.0004356443791889308,0.0,0.0,0.064,0.0012553882384092289,0.0013075773056684418,3.4955709091904713e-06,3.2686485127413865,-3.182766774839869,3.0796560964104835,-3.1654743451495313
0.034,2.008909664262581e-06,-1.992973739161992e-06,0.0005510727641302657,0.0,0.0,0.068,0.0014273231880493347,0.001487877460807553,2.519368162030522e-06,3.442999535805967,-3.3463107612687755,3.2303867382763802,-3.327031791436426
0.036000000000000004,2.5239803442412855e-06,-2.4963772326465173e-06,0.0006843597127123122,0.0,0.0,0.07200000000000001,0.001612270127889829,0.0016783575502007878,1.7529783621850782e-06,3.6138720833511053,-3.5056886092488058,3.376502611008043,-3.484657663131189
0.038,3.1394074208985116e-06,-3.0973621344647516e-06,0.0008365397905825245,0.0,0.0,0.076,0.0018108469175669442,0.001878658786271578,1.3768434475022756e-06,3.7812942318430443,-3.6608964289139982,3.5180482607287193,-3.63842516381948
0.04,3.868706256760928e-06,-3.809504001083237e-06,0.0010086641606595103,0.0,0.0,0.08,0.0020234986975584453,0.0020884040396017744,1.1511029671832568e-06,3.945282961497851,-3.8119379672097446,3.6550711326941716,-3.7883997241520566
0.042,4.726330020985331e-06,-4.647517213659598e-06,0.001201751570725535,0.0,0.0,0.084,0.0022504581546571355,0.0023072767311048403,7.858945692976859e-07,4.105851274074749,-3.9588307230034627,3.7876238219755938,-3.934635030823825
0.044,5.727655921191747e-06,-5.627259648051877e-06,0.001416773483482183,0.0,0.0,0.088,0.0024917467890558,0.002535127809573204,1.767626832990213e-07,4.263015445935295,-4.101610169122512,3.915760754547889,-4.07716824830597
0.046,6.889025967187686e-06,-6.765778460539501e-06,0.0016546691351258982,0.0,0.0,0.092,0.0027471636572112866,0.0027720311218523714,-6.102513487594274e-07,4.416796107885289,-4.240331286235343,4.039535120269,-4.216016869018998
0.048,8.227805778191066e-06,-8.081358664377016e-06,0.0019163648801893108,0.0,0.0,0.096,0.003016254007088201,0.0030182740502438838,-1.4750954340052243e-06,4.567214538822577,-4.375068078240808,4.158998988676684,-4.351178277889552
0.05,9.762426379853793e-06,-9.59353703422395e-06,0.002202780784379548,0.0,0.0,0.1,0.0032982891059373395,0.0032743146781978767,-2.3822447492900214e-06,4.7142888626924915,-4.505911625531477,4.274205435616464,-4.482631908453055
0.052000000000000005,1.151240294040164e-05,-1.1323074581985204e-05,0.002514824759536876,0.0,0.0,0.10400000000000001,0.0035922905667449658,0.003540736384473074,-3.363393123624166e-06,4.858033246958573,-4.6329665881397455,4.385210054769218,-4.610343470010895
0.054,1.3498349238753534e-05,-1.3291908470017992e-05,0.002853384116150859,0.0,0.0,0.10800000000000001,0.0038971075520214432,0.0038182074577918644,-4.4669487597769544e-06,4.998459924489218,-4.756345878804239,4.492070432310979,-4.734270781236327
0.056,1.5742006167590723e-05,-1.5523106132710727e-05,0.00321932180001706,0.0,0.0,0.11200000000000002,0.004211529486471415,0.004107434831076608,-5.718026944039204e-06,5.135581989307603,-4.876163637867131,4.594844173714432,-4.854370850895772
0.058,1.826628542426751e-05,-1.8040829164252917e-05,0.0036134776761160953,0.0,0.0,0.11600000000000002,0.004534407985933997,0.0044091009718465616,-7.113900985572753e-06,5.2694152102656435,-4.99252720847578,4.69358697473967,-4.9706077120857515
0.06,2.109531490052866e-05,-2.087030090738533e-05,0.004036671332731947,0.0,0.0,0.12,0.004864766264222398,0.004723781346079722,-8.64256167941188e-06,5.399978161549024,-5.105529049726871,4.788351983565836,-5.082960367042136
0.062,2.425446979525631e-05,-2.4037770055080916e-05,0.0044897032882313115,0.0,0.0,0.124,0.005201884077055976,0.005051850061289505,-1.029943469397073e-05,5.527290919214603,-5.21523949612286,4.879190810416644,-5.191430055329357
0.064,2.7770382135189587e-05,-2.757047134903957e-05,0.004973354275396915,0.0,0.0,0.128,0.005545353445801744,0.005393386525375576,-1.2091207671727708e-05,5.6513728747834575,-5.321701097081722,4.966155771003867,-5.296046040527105
0.066,3.167092868391384e-05,-3.1496591765489534e-05,0.0054883838363641935,0.0,0.0,0.132,0.005895102812540363,0.005748098026545704,-1.4030201939489734e-05,5.77224023347832,-5.424925225284278,5.049302613393257,-5.396869114969473
0.068,3.5985201293641845e-05,-3.5845251484462486e-05,0.00603552949207587,0.0,0.0,0.136,0.006251391286353841,0.0061152737657862504,-1.6128606508577928e-05,5.889903892802984,-5.524891491727182,5.1286927944149205,-5.49399222785531
0.07,4.074346068977352e-05,-4.0646504070948715e-05,0.006615506692956109,0.0,0.0,0.14,0.00661477473038403,0.0064937863688564225,-1.8397129978080372e-05,6.004368479110559,-5.621550550308818,5.2043944624944185,-5.587537674823235
0.07200000000000001,4.597707558609256e-05,-4.593135255271323e-05,0.007229009081449512,0.0,0.0,0.14400000000000002,0.0069860505684854485,0.0068821457580493005,-2.0846813670915113e-05,6.115633017268472,-5.714830128630858,5.2764817410172355,-5.677651055532742
0.074,5.171844477968978e-05,-5.1731779769463073e-05,0.007876708699847492,0.0,0.0,0.148,0.007366181022251912,0.0072786145830271085,-2.3491637264848607e-05,6.223693614398461,-5.804644579595002,5.3450319974300475,-5.764491724559538
0.076,5.80009050587583e-05,-5.808078568949599e-05,0.008559255876738442,0.0,0.0,0.152,0.007756198697082674,0.0076813705729244985,-2.6348979563793546e-05,6.328547537383248,-5.890906944157374,5.410121777223299,-5.848220747779523
0.078,6.485863316464521e-05,-6.50124245716593e-05,0.009277278993147191,0.0,0.0,0.156,0.008157100031075119,0.008088681295687907,-2.9438191414241637e-05,6.430197210172837,-5.973541617574016,5.4718228496264185,-5.928988250789876
0.08,7.232655608413424e-05,-7.256183406010969e-05,0.01003138433492256,0.0,0.0,0.16,0.00856973639192136,0.008499052992291738,-3.277856961799878e-05,6.528652646087124,-6.052495237381049,5.530199812811618,-6.006922529438293
0.082,8.044024461548032e-05,-8.076526186254539e-05,0.01082215604331132,0.0,0.0,0.164,0.008994676988420294,0.008911381616363333,-3.6387570734292945e-05,6.623932710949584,-6.127748409923485,5.585308854400151,-6.08211831306543
0.084,8.923583274988722e-05,-8.966006514081359e-05,0.011650156204237662,0.0,0.0,0.168,0.009432088485549212,0.009325018670389186,-4.027955204563502e-05,6.71606289407776,-6.199322128350173,5.637199982138335,-6.154630325349655
0.08600000000000001,9.874994608173619e-05,-9.928469319388424e-05,0.012515924879298892,0.0,0.0,0.17200000000000001,0.00988163056815526,0.009739806699286487,-4.4464341961684724e-05,6.805072367417437,-6.267282002267296,5.685919975026091,-6.224469038938799
0.088,0.00010901966349180854,-0.00010967862627226018,0.013419980155551247,0.0,0.0,0.176,0.01034240200020368,0.010156025291119966,-4.894597072000542e-05,6.890988942094844,-6.331735810611403,5.731517432910109,-6.29160310667947
0.09,0.00012008248585192722,-0.00012088231036790336,0.014362818146007907,0.0,0.0,0.18,0.010812931619342069,0.010574351777579857,-5.3721499346579374e-05,6.973836709227388,-6.392830322754489,5.774045146743782,-6.355962531243406
0.092,0.00013197634599130588,-0.0001329370360636664,0.015344913018836599,0.0,0.0,0.184,0.01129127890204151,0.010995739631080758,-5.878065943065017e-05,7.053634411135249,-6.450739746946624,5.813561726996937,-6.417450212401189
0.094,0.00014473962296600328,-0.00014588482886373252,0.01636671707670092,0.0,0.0,0.188,0.011775179780088357,0.011421329053697736,-6.410663603175055e-05,7.130397149605741,-6.5056545267276125,5.850129878534757,-6.475953150992973
0.096,0.00015841118139220474,-0.00015976830655779246,0.017428660880369092,0.0,0.0,0.192,0.012262289766474518,0.011852314102048945,-6.967838634257559e-05,7.204139967598512,-6.557764739392313,5.883812782669516,-6.531359060517701
0.098,0.0001730304012189783,-0.00017463055443086193,0.018531153359508296,0.0,0.0,0.196,0.012750386775860219,0.012289828852322604,-7.547290094768527e-05,7.274880606908558,-6.607246388675169,5.914671305741263,-6.583570085027074
0.1,0.00018863721804751252,-0.0001905149536752103,0.019674581970573,0.0,0.0,0.2,0.013237646796858555,0.012734784307945085,-8.146882504478318e-05,7.342642762688815,-6.654243090072075,5.942760693464001,-6.632521132257487
0.10200000000000001,0.00020527214203881799,-0.00020746505852342116,0.020859312818989912,0.0,0.0,0.20400000000000001,0.01372280582127378,0.013187738310157189,-8.764954916510907e-05,7.407456170659415,-6.698855248867031,5.968130443166657,-6.678190711821162
0.10400000000000001,0.00022297624248207676,-0.0002255244985197079,0.022085690777797356,0.0,0.0,0.20800000000000002,0.014205207627470675,0.013648784707389979,-9.400452623867258e-05,7.469353150142962,-6.741134422440329,5.990827737527082,-6.720606572734363
0.106,0.00024179111688943389,-0.0002447368863482151,0.023354039656212605,0.0,0.0,0.21200000000000002,0.014684831273019843,0.014117456047375236,-0.0001005307706385938,7.528365059984975,-6.781079764236452,6.010900958809968,-6.759849255301898
0.108,0.0002617588255320855,-0.0002651457652377722,0.02466466237148415,0.0,0.0,0.21600000000000003,0.015162213938019005,0.014592673494964124,-0.00010723302104289817,7.584516917487816,-6.818641102900326,6.028405052956856,-6.796048994584952
0.11,0.00028292178002881297,-0.00028679459985634883,0.026017841186562467,0.0,0.0,0.22000000000000003,0.015638299731137492,0.01507278815669214,-0.00011412288305366867,7.637823790511589,-6.85372910245712,6.043405122943279,-6.8293755262761024
0.112,0.00030532262856382806,-0.0003097267863419897,0.027413837917123856,0.0,0.0,0.22400000000000003,0.016114333561199675,0.015555714934845737,-0.00012121806390036978,7.688293410802517,-6.886227396632723,6.055973803463813,-6.860025923578373
0.114,0.00032900412821095773,-0.00033398567095242385,0.028852894130031254,0.0,0.0,0.22800000000000004,0.016591715580792976,0.01603908300144973,-0.00012854078567357913,7.73592784447999,-6.916006978151315,6.0661895875735885,-6.888210172412982
0.116,0.00035400898326496067,-0.0003596146121307715,0.030335231355990956,0.0,0.0,0.23200000000000004,0.017071831664017538,0.016520520729102157,-0.00013611530006022932,7.780730618427812,-6.94294696561907,6.074129704486234,-6.91413036017685
0.11800000000000001,0.00038037968721727015,-0.00038665703813686134,0.03186105129086134,0.0,0.0,0.23600000000000004,0.017555898020295793,0.016997958912942198,-0.00014396475545610962,7.822714753640707,-6.96695460947218,6.079862097748573,-6.9379606215166065
0.12,0.00040815839355587245,-0.00041515646074672915,0.033430536076859724,0.0,0.0,0.24,0.01804481388111687,0.017469783127853807,-0.00015210829361660412,7.861903511781913,-6.98797741200917,6.083444678462636,-6.95983496336619
0.122,0.0004373868001850768,-0.0004451564890409315,0.03504384858423781,0.0,0.0,0.244,0.01853902438209876,0.01793494954421247,-0.00016055809167580363,7.898329736218448,-7.006012186907488,6.084925983942097,-6.979838151008919
0.124,0.0004681060247481715,-0.00047670081808716343,0.036701132482014086,0.0,0.0,0.248,0.019038371512532903,0.01839304769653107,-0.00016931611146694402,7.932032254640724,-7.0211118793343195,6.084348776079996,-6.997998829910437
0.126,0.0005003565284761622,-0.0005098331617698286,0.03840251227679399,0.0,0.0,0.252,0.0195420191541217,0.018844227085618354,-0.00017837124753054218,7.9630489384124505,-7.033382319200756,6.081756985663263,-7.014292726688032
0.128,0.0005341781415527922,-0.0005445971692431041,0.040148094891529935,0.0,0.0,0.256,0.0200485354621338,0.019289084028753227,-0.00018769937771863178,7.991414627515542,-7.042971852505954,6.077197763479533,-7.028652998680832
0.13,0.0005696100602147398,-0.0005810363328604387,0.04193797024584324,0.0,0.0,0.26,0.020555972366791693,0.01972856349493932,-0.00019726392857034658,8.017159570411767,-7.050061768062243,6.070723005850413,-7.040979787614274
0.132,0.0006066907771818705,-0.0006191938430052817,0.0437722091064944,0.0,0.0,0.264,0.02106196167831304,0.020163878908702797,-0.00020701686618827762,8.040309500443755,-7.054856654058821,6.062389244722287,-7.051149854094638
0.134,0.0006454581338637678,-0.0006591124450766451,0.045650863825944646,0.0,0.0,0.268,0.021563963299894132,0.02059635973252247,-0.00021690320320564093,8.060888477865573,-7.057566276935509,6.052254731059987,-7.059034713341868
0.136,0.0006859494145745176,-0.0007008342653692866,0.047573969671535134,0.0,0.0,0.272,0.0220596103003251,0.021027262575663536,-0.00022686791481604714,8.078923866476742,-7.058382593456,6.040374356962071,-7.064523655321804
0.138,0.0007282014204173094,-0.0007444006678021898,0.04954154557687111,0.0,0.0,0.276,0.022546982922790088,0.021457632279284232,-0.0002368621543448168,8.094450644017726,-7.057463188324483,6.026795262576741,-7.067540340982198
0.14,0.0007722504865932772,-0.0007898521338229892,0.05155359390312088,0.0,0.0,0.28,0.023024751601522685,0.02188820484918855,-0.00024684718029867905,8.107512259337431,-7.0549223892218595,6.011555922462518,-7.068051701894813
0.14200000000000002,0.0008181324849158369,-0.0008372281597935579,0.05361010046501389,0.0,0.0,0.28400000000000003,0.0234922362485362,0.022319309583189183,-0.0002567968090952687,8.11815806574857,-7.050826063155452,5.994688664839415,-7.066073138246595
0.14400000000000002,0.0008658828186058267,-0.0008865671766959886,0.05571103501749684,0.0,0.0,0.28800000000000003,0.023949398998015077,0.0227507790722637,-0.0002666985073952299,8.126438614992441,-7.045189647332513,5.976224339008643,-7.061670464716513
0.146,0.0009155363932545721,-0.0009379065057098187,0.05785635175091522,0.0,0.0,0.292,0.024396765600279507,0.023181909540776303,-0.0002765528139471202,8.132400703877751,-7.037981585575196,5.956197249066289,-7.054956437724178
0.148,0.0009671275548507988,-0.0009912823526120125,0.06004598960132028,0.0,0.0,0.296,0.024835287856479524,0.02361149449387902,-0.00028637111801437263,8.136083749499463,-7.0291324915239715,5.934648778203768,-7.0460815442347
0.15,0.001020690002966526,-0.001046729832876295,0.06227987248947363,0.0,0.0,0.3,0.025266181620321692,0.024037930091297455,-0.0002961724750306425,8.137518715074265,-7.01854827980541,5.91162847093889,-7.035220814025129
0.152,0.0010762566909186151,-0.001104283018349164,0.06455790964530912,0.0,0.0,0.304,0.02569076263046513,0.024459379065375715,-0.00030598004586245085,8.13672974369098,-7.006125572921939,5.887192407421286,-7.022558350601515
0.154,0.0011338597204573035,-0.0011639749952017699,0.06687999599131188,0.0,0.0,0.308,0.02611029210868554,0.024873971404307114,-0.0003158174834186327,8.133737818478659,-6.991767783870552,5.861399549658158,-7.008271185294705
0.156,0.001193530236345347,-0.0012258379218614552,0.06924601251895662,0.0,0.0,0.312,0.026525837363056682,0.025280007246884513,-0.0003257053560335422,8.128564918562326,-6.975400006978114,5.834307592189501,-6.992514325505163
0.158,0.0012552983256697056,-0.0012899030771090522,0.0716558266296905,0.0,0.0,0.316,0.026938151332461257,0.025676125710842514,-0.0003356576543043075,8.121237075378474,-6.956980856132891,5.805969913216887,-6.97540885933689
0.16,0.0013191929293648462,-0.0013562008888692268,0.07410929245863636,0.0,0.0,0.32,0.02734757708393145,0.02606140798216788,-0.00034567862116691725,8.111785122272561,-6.936509657934655,5.776434829752361,-6.95703471000351
0.162,0.0013852417723896526,-0.0014247609399845305,0.07660625121974989,0.0,0.0,0.324,0.02775398369891624,0.0264354107658242,-0.00035576031315733177,8.100243355287695,-6.914028823170052,5.745746932790859,-6.937428218010328
0.164,0.0014534713189954286,-0.0014956119471925815,0.07914653156924398,0.0,0.0,0.328,0.028156747644460908,0.026798134657296642,-0.0003658813590924346,8.086646960419763,-6.889621157077025,5.713949643158292,-6.916584795357563
0.166,0.0015239067550063784,-0.0015687817155521002,0.08172994997312302,0.0,0.0,0.332,0.028554787933977924,0.027149951599814096,-0.000376007285173356,8.071029796696598,-6.863403239525819,5.68108739692502,-6.89446552520642
0.168,0.0015965719950926589,-0.0016442970734849812,0.08435631105643128,0.0,0.0,0.336,0.028946660096143866,0.027491513998870367,-0.0003860925285511383,8.053423789303071,-6.835515893876008,5.647206207196162,-6.871006690961289
0.17,0.0016714897082448037,-0.001722183796423375,0.08702540794280371,0.0,0.0,0.34,0.02933069459720362,0.02782365729059321,-0.00039608379588338484,8.033859846004905,-6.806112919174739,5.612352691549551,-6.846131055671529
0.17200000000000001,0.0017486813670689698,-0.0018024665181963766,0.08973702258413753,0.0,0.0,0.34400000000000003,0.029705191074880063,0.028147299595906377,-0.0004059252260627969,8.012370904954524,-6.77534804366216,5.576570953148601,-6.8197609377976915
0.17400000000000002,0.0018281673002850125,-0.0018851686493869032,0.09249092611036498,0.0,0.0,0.34800000000000003,0.03006860776562804,0.02846335316164887,-0.0004155637850781249,7.988995217876481,-6.743363119485747,5.539899223471141,-6.7918300451061855
0.176,0.0019099667473603818,-0.001970312302965054,0.09528687919414207,0.0,0.0,0.352,0.030419722041894658,0.028772639448372994,-0.0004249542749389473,7.963778538151755,-6.7102781504549185,5.50236760368578,-6.7622934696038435
0.178,0.0019940979087934804,-0.0020579182319086613,0.09812463240403527,0.0,0.0,0.356,0.030757736369805427,0.02907581163559846,-0.00043406301566178415,7.93677440725119,-6.676184299726909,5.463997722949552,-6.731134690644367
0.18,0.0020805779847641263,-0.002148005785632774,0.10100392653692014,0.0,0.0,0.36,0.03108231086491667,0.02937329103131416,-0.0004428694053615479,7.9080421736259385,-6.641140800596336,5.424804687834852,-6.698368656881623
0.182,0.0021694232047966213,-0.002240592880566195,0.10392449294792706,0.0,0.0,0.364,0.031393557173765504,0.029665217658859364,-0.00045136627470932064,7.877644209019826,-6.605174152531365,5.3847998463299405,-6.664042571954504
0.184,0.0022606488372509874,-0.0023356960015890596,0.1068860538619656,0.0,0.0,0.368,0.031691936114814266,0.029951430139013444,-0.00045955730961555626,7.84564078882604,-6.5682827694717645,5.343995918557837,-6.628231202301398
0.186,0.0023542691857354205,-0.002433330222824071,0.1098883227102847,0.0,0.0,0.372,0.031978151206139324,0.030231479881667328,-0.00046745412327958995,7.812086690182277,-6.530443052039142,5.3024104092229285,-6.591030756084074
0.188,0.00245029757362084,-0.002533509247028208,0.11293100447998465,0.0,0.0,0.376,0.03225303494478559,0.03050468383504503,-0.0004750731431280131,7.777029445164618,-6.491617339834245,5.260067365001283,-6.55255087977688
0.19,0.002548746325427838,-0.0026362454461516427,0.1160137960452244,0.0,0.0,0.38,0.03251744106865369,0.030770185655612837,-0.0004824325011624089,7.74050821775873,-6.451761836367654,5.216998510079547,-6.512906684717326
0.192,0.0026496267317521176,-0.0027415499245391386,0.11913638650724609,0.0,0.0,0.384,0.03277213156910852,0.031027063531048137,-0.0004895486600857709,7.702554857768091,-6.4108365067146735,5.173242205600397,-6.472208798958011
0.194,0.0027529490152430653,-0.002849432570237137,0.12229845749059329,0.0,0.0,0.388,0.03301771208352417,0.03127443852267445,-0.0004964341525037968,7.663196726893615,-6.368812533283686,5.128840631069737,-6.430555877593973
0.196,0.0028587222967175426,-0.002959902100195934,0.12549968343541143,0.0,0.0,0.392,0.03325458521733941,0.031511565653062894,-0.0005030956548320313,7.622459280900215,-6.325677848267438,5.083837206699132,-6.3880290407594105
0.198,0.0029669545720548075,-0.003072966094091395,0.12873973192326077,0.0,0.0,0.396,0.03348291096833553,0.031737885448391887,-0.0005095325651080963,7.580366980474361,-6.281440652052378,5.038275678567494,-6.344688326179432
0.2,0.0030776526893945225,-0.003188631022671372,0.13201826399002176,0.0,0.0,0.4,0.03370259972139241,0.031953068510322,-0.0005157364436291756,7.536945073593322,-6.236130829387692,4.992198325267864,-6.300571254753468
0.202,0.003190822343789842,-0.0033069022568960387,0.1353349345006319,0.0,0.0,0.404,0.03391334143578285,0.032156994675165584,-0.0005216919448319499,7.492219579073402,-6.189796691450183,4.945645943881668,-6.255696079319425
0.20400000000000001,0.0033064680797151805,-0.0034277840731021924,0.13868939244474543,0.0,0.0,0.40800000000000003,0.034114645707804765,0.032349734717611364,-0.0005273781550830066,7.44621795628497,-6.142501726731091,4.898657153625297,-6.210065035205558
0.20600000000000002,0.00342459288625028,-0.0035512792325923686,0.1420812790931125,0.0,0.0,0.41200000000000003,0.034305870205665306,0.03253156668810047,-0.0005327692535540802,7.3989707029145375,-6.094323050147689,4.851266484743467,-6.163665593623322
0.20800000000000002,0.0035451995279739447,-0.0036773902589750003,0.14551023473722283,0.0,0.0,0.41600000000000004,0.03448639946234843,0.03270277420085798,-0.0005378403385891525,7.350509445277466,-6.045336235995593,4.803507152947449,-6.116486599996237
0.21,0.0036682892992617555,-0.00380611818997808,0.1489758927349348,0.0,0.0,0.42000000000000004,0.03465560807093399,0.032863770379306836,-0.0005425659802934846,7.300870584967059,-5.995620214777527,4.755406513354953,-6.0685124567690805
0.212,0.003793862357285322,-0.003937462853090074,0.1524778812104656,0.0,0.0,0.42400000000000004,0.03481296174904346,0.033015014939956934,-0.0005469236488445559,7.250095361246959,-5.945249894928975,4.706986162495837,-6.019730728732527
0.214,0.003921917849548752,-0.004071422942321993,0.15601582379800355,0.0,0.0,0.42800000000000005,0.034958079994490326,0.03315695766807761,-0.0005508960414545917,7.19822949816807,-5.894291265298021,4.6582623155199006,-5.970137107204939
0.216,0.004052453824045263,-0.004207995920178439,0.15958933922783375,0.0,0.0,0.43200000000000005,0.03509073576869836,0.033290040911675894,-0.000554471110268546,7.145323213150377,-5.842801440545989,4.609245723413219,-5.91973529086216
0.218,0.004185467515045579,-0.004347178206661169,0.16319804291425355,0.0,0.0,0.43600000000000005,0.035210949754178635,0.033414590253389706,-0.0005576455775070209,7.091429486656159,-5.790820688488321,4.559943487708608,-5.868545104235853
0.22,0.004320955271333909,-0.004488965119912079,0.1668415465993321,0.0,0.0,0.44000000000000006,0.03531890463481513,0.03353083542548046,-0.0005604220311171788,7.0366016363439226,-5.7383773188841465,4.510361459658204,-5.81659752496632
0.222,0.004458912654895557,-0.004633350943350741,0.17051945895113693,0.0,0.0,0.44400000000000006,0.03541495358804936,0.03363887353144684,-0.0005628092651287129,6.9808918317461295,-5.685486129919574,4.460505752785173,-5.763936268437159
0.224,0.004599334377498061,-0.004780328891921238,0.17423138531950377,0.0,0.0,0.44800000000000006,0.03549948550088685,0.03373870270604381,-0.0005648175819612112,6.924347444732742,-5.6321561028594935,4.410386382321157,-5.710609991158709
0.226,0.00474221432934903,-0.00492989116655721,0.17797692809767923,0.0,0.0,0.45200000000000007,0.03557287813482284,0.03383024427108163,-0.0005664571583736093,6.867010514550269,-5.578393419293418,4.360017812914462,-5.65666925605227
0.228,0.00488754537264351,-0.005082028690455054,0.18175568607011308,0.0,0.0,0.45600000000000007,0.03563550586409569,0.033913324811140774,-0.0005677384336712506,6.808916890971627,-5.524200398174502,4.309419570602673,-5.602167355949003
0.23,0.005035318359218978,-0.005236729905464822,0.18556717787760466,0.0,0.0,0.4600000000000001,0.035687698422057525,0.03398775223594689,-0.0005686708131265969,6.750105086019856,-5.469585755610419,4.258618654801257,-5.547161305634365
0.232,0.00518552497705232,-0.005393984374864401,0.18941101556841441,0.0,0.0,0.4640000000000001,0.03572962533532778,0.03405335080140019,-0.0005692586775586655,6.690600099245966,-5.414559805513704,4.207641338408138,-5.491692171286168
0.234,0.005338157393733542,-0.005553782339070502,0.1932868669381587,0.0,0.0,0.4680000000000001,0.03576133704095303,0.03411001555115638,-0.0005695025997020953,6.630421156286654,-5.35913739574294,4.156511169264287,-5.435787906526129
0.23600000000000002,0.005493203845905591,-0.005716109190406235,0.1971942521403596,0.0,0.0,0.4720000000000001,0.035782863852738135,0.03415764592476501,-0.0005694028323559302,6.569596394162218,-5.30334385117237,4.105261069980257,-5.379484274575516
0.23800000000000002,0.005650656163020453,-0.005880954824635946,0.20113285406326326,0.0,0.0,0.4760000000000001,0.03579418816221277,0.034196217862100815,-0.000568958040211714,6.508144612531915,-5.247199221950677,4.053911965523472,-5.322800938956014
0.24,0.005810502706908843,-0.006048304937618466,0.20510225442205782,0.0,0.0,0.48,0.035795232569824136,0.03422579132844917,-0.000568165134265933,6.446092076968863,-5.190735780157471,4.0024886131415105,-5.265756609170095
0.242,0.005972732950108991,-0.006218146632347318,0.2091020896724869,0.0,0.0,0.484,0.03578594437814484,0.03424646366900466,-0.0005670221086248459,6.383463895306263,-5.133982551076429,3.951009573735722,-5.2083659054796625
0.244,0.006137333160628935,-0.006390463113964749,0.21313189598127044,0.0,0.0,0.488,0.03576626573962662,0.034258388225545694,-0.0005655271299034948,6.320293513569122,-5.076977170060918,3.8994966212734337,-5.1506463964456035
0.246,0.006304289444302474,-0.006565237499689823,0.21719124617502744,0.0,0.0,0.492,0.035736206067271827,0.0342618145547021,-0.000563680945298377,6.256617811805567,-5.019755144990571,3.8479616751102306,-5.092611403256196
0.248,0.006473587991113269,-0.006742453003144107,0.22127971565756788,0.0,0.0,0.496,0.03569581401089765,0.03425696335018414,-0.0005614859119808538,6.192473446085142,-4.96234880018183,3.7964165550204276,-5.034277136805959
0.25,0.006645214176778378,-0.006922091918949933,0.22539688348214534,0.0,0.0,0.5,0.03564521671592738,0.034244111552602256,-0.0005589473480224063,6.127901270117967,-4.9047883727635675,3.7448669053885637,-4.975659971480372
0.252,0.006819152889257498,-0.007104135978511477,0.2295423312605257,0.0,0.0,0.504,0.035584635152929395,0.03422349879464654,-0.0005560739990170406,6.062942554868982,-4.847097640103441,3.6933166517199174,-4.916781500657113
0.254,0.00699538869794334,-0.007288566552569264,0.23371564302855125,0.0,0.0,0.508,0.03551433130559788,0.03419536588707969,-0.0005528762154422573,5.997639377721102,-4.789298113649032,3.6417679553555664,-4.857664654489115
0.256,0.007173905375475245,-0.0074753640852985625,0.2379164034167987,0.0,0.0,0.512,0.03543465428453231,0.03415986712448331,-0.000549367459214951,5.932031078497438,-4.731402944827186,3.5902241971521303,-4.798339256316719
0.258,0.007354686332166103,-0.00766450861251226,0.24214420004762993,0.0,0.0,0.516,0.03534599367123418,0.0341171478321638,-0.0005455627379653278,5.866157133995866,-4.673422525890057,3.5386874876699626,-4.738836782043462
0.26,0.007537714547931318,-0.007855979667023012,0.2463986176620766,0.0,0.0,0.52,0.03524869797691726,0.03406722383850176,-0.0005414757217876036,5.80004831402379,-4.615363438145597,3.487168335557989,-4.679192176515063
0.262,0.007722972517307709,-0.008049756234809613,0.25067924252098833,0.0,0.0,0.524,0.035143122294803444,0.03401006495376979,-0.0005371204349495691,5.733732333142552,-4.557229461407561,3.4356791966997453,-4.619442080095082
0.264,0.007910442350917632,-0.00824581689172265,0.2549856608678828,0.0,0.0,0.528,0.035029510228909294,0.03394556887044608,-0.0005325072015107199,5.667228605279199,-4.499025997873917,3.384240158689564,-4.559620766386127
0.266,0.008100105773266163,-0.008444139794656762,0.2593174585815658,0.0,0.0,0.532,0.034908036361332245,0.03387357503054169,-0.000527644120464645,5.600550551317474,-4.440758762935106,3.3328766856828884,-4.499761532804786
0.268,0.008291944136117778,-0.008644702744688147,0.26367422425071013,0.0,0.0,0.536,0.03477875062046482,0.03379394809145298,-0.0005225352010666295,5.533707918847258,-4.382439603762138,3.281616856101439,-4.43989040789413
0.27,0.008485938427616802,-0.008847483178337267,0.2680555465871561,0.0,0.0,0.54,0.034641596566670936,0.033706545355189306,-0.0005171809942496105,5.466705944259743,-4.324084500091361,3.2304926229152477,-4.380028583830899
0.272,0.008682069216799647,-0.00905245811780828,0.2724610167405356,0.0,0.0,0.544,0.0344964725337025,0.03361129369514054,-0.0005115806991377767,5.399551396686953,-4.265713836045101,3.1795333100299095,-4.320191728287903
0.274,0.008880316737500086,-0.009259604249186986,0.27689022656903883,0.0,0.0,0.548,0.03434319050282157,0.03350813030569308,-0.0005057308093933782,5.332248107042402,-4.207351980447447,3.1287704864603896,-4.2603907787922815
0.276,0.009080660851740419,-0.009468897897287266,0.28134277018199016,0.0,0.0,0.552,0.03418159407777235,0.03339714610323367,-0.0004996291258894949,5.264808739087444,-4.14902790223429,3.078225892963302,-4.200631108101032
0.278,0.009283081105081381,-0.009680315056044065,0.28581824307048265,0.0,0.0,0.556,0.034011525352138305,0.03327848584989623,-0.0004932736525723905,5.197248207589544,-4.090772593223913,3.027918215439886,-4.140915266499742
0.28,0.009487556752226746,-0.00989383141133652,0.29031624236506487,0.0,0.0,0.56,0.033832891919196285,0.033152402384669946,-0.000486664869867019,5.129588920580915,-4.032618384277071,2.977857828399097,-4.081243696843312
0.28200000000000003,0.009694066719474636,-0.010109422308800133,0.2948363670547982,0.0,0.0,0.5640000000000001,0.033645618716035504,0.03301922448439614,-0.0004798039465582822,5.0618572934454775,-3.974599687116269,2.928050195535164,-4.0216138718594365
0.28400000000000003,0.009902589774766097,-0.010327062865522358,0.2993782181397753,0.0,0.0,0.5680000000000001,0.03344984495010804,0.03287937461706075,-0.0004726995053773434,4.994091242274026,-3.9167452538025547,2.878488489784038,-3.962028274375376
0.28600000000000003,0.010113104394946237,-0.01054672788858481,0.30394139844587,0.0,0.0,0.5720000000000001,0.03324574489012267,0.03273334438197619,-0.0004653612772867976,4.926332879024276,-3.8590848381636498,2.829160828085307,-3.902487546877172
0.28800000000000003,0.010325588938746235,-0.010768391989892734,0.3085255132355796,0.0,0.0,0.5760000000000001,0.03303366592367502,0.03258164404863723,-0.0004578046376020849,4.858629991421735,-3.8016410593017746,2.7800488088466477,-3.842998725678308
0.29,0.010540021585356775,-0.010992029543749096,0.3131301698129222,0.0,0.0,0.58,0.03281410872447214,0.03242484809706454,-0.00045004996547205175,4.7910381650306935,-3.7444322274459396,2.7311254229525157,-3.783572439539125
0.292,0.01075638041105467,-0.011217614769489058,0.3177549779498007,0.0,0.0,0.584,0.032587577920821426,0.032263426951226776,-0.00044211728625672287,4.723606126475456,-3.6874714579645507,2.682369698840206,-3.724223675381641
0.294,0.010974643411606345,-0.011445121716947147,0.32239954989092634,0.0,0.0,0.588,0.032354796326600044,0.03209787670630089,-0.0004340336118877627,4.6563902013199545,-3.6307630894927065,2.6337522524877715,-3.664975510461404
0.296,0.01119478852877018,-0.011674524385894352,0.3270635003215662,0.0,0.0,0.592,0.03211628127487195,0.03192848714404555,-0.00042581872410717787,4.589427632959657,-3.574310791093228,2.5852620781818745,-3.6058508428469986
0.298,0.011416793577599236,-0.011905796553628943,0.33174644632435274,0.0,0.0,0.596,0.03187279626084336,0.031755600886581914,-0.00041750021286254997,4.522765591054258,-3.518109454112087,2.5368773829639664,-3.5468806301387388
0.3,0.01164063645740376,-0.012138912126915534,0.3364480078624011,0.0,0.0,0.6,0.031624774702950186,0.03157925930199346,-0.00040909452581574206,4.456423401206333,-3.4621545695679132,2.4886036255333246,-3.488094419213722
0.302,0.011866294975323483,-0.012373844869009741,0.34116780733029234,0.0,0.0,0.604,0.03137270791559204,0.031399451778137646,-0.0004006198532486581,4.3904184569146425,-3.406436381260033,2.4404474048732783,-3.4295262394987733
0.304,0.012093746944549682,-0.012610568610732547,0.34590546996595944,0.0,0.0,0.608,0.031116911022096693,0.031216054511940376,-0.00039208847175393655,4.324756479723234,-3.350947513959714,2.3924263487960915,-3.3712069847942048
0.306,0.01232297019434993,-0.012849057219003568,0.35066062378712315,0.0,0.0,0.612,0.030857532991268137,0.03102876894501693,-0.00038350731247562757,4.259427726528397,-3.2956797188976585,2.34457288042511,-3.3131676468512152
0.308,0.012553942510013351,-0.013089284601331344,0.35543289976404047,0.0,0.0,0.616,0.03059464248272256,0.030837316678567348,-0.00037488068420034825,4.194421795531604,-3.2406290529440027,2.2969194039953655,-3.2554341902782338
0.31,0.012786641673610455,-0.0133312247087188,0.36022193255689094,0.0,0.0,0.62,0.03032811992061648,0.030641258396643566,-0.0003662071261100125,4.129713038955014,-3.1857922212517016,2.24951268825414,-3.1980309376135647
0.312,0.013021045420620651,-0.013574851538453335,0.36502735894084215,0.0,0.0,0.624,0.030057815348308044,0.030440252957919984,-0.00035748449958685613,4.065281118563288,-3.1311716774116256,2.202393760863327,-3.140976026397901
0.314,0.01325713147833785,-0.013820139112159738,0.3698488173522228,0.0,0.0,0.628,0.02978352600823191,0.03023393699797132,-0.0003487093749848841,4.001102751954287,-3.0767710167139812,2.1556062207172237,-3.084286055517845
0.316,0.013494877516363647,-0.014067061535610886,0.3746859511384304,0.0,0.0,0.632,0.029504908536657444,0.030021977725051406,-0.0003398742659905186,3.9371526305843623,-3.0226011012097187,2.109194619768438,-3.0279692147419324
0.318,0.013734261128253768,-0.014315592985193654,0.37953840890863855,0.0,0.0,0.636,0.029221622932358728,0.02980420679534797,-0.0003309722470078668,3.8734152379892133,-2.9686797140678856,2.0631926218905043,-2.9720256971705297
0.32,0.013975259948299125,-0.014565707595242804,0.38440583633825715,0.0,0.0,0.64,0.028933351712926995,0.02958038419436125,-0.0003219973945538118,3.809871443616281,-2.9150206122623827,2.0176381185892223,-2.916460349526093
0.322,0.014217851502641108,-0.014817379610597866,0.3892878875011574,0.0,0.0,0.644,0.02863984027856888,0.029350548191816008,-0.0003129460197914589,3.7465201587679937,-2.861646807569975,1.9725492158583497,-2.861267075949173
0.324,0.014462013332452981,-0.015070583265559092,0.3941842157217094,0.0,0.0,0.648,0.02834085024760781,0.02911471854244665,-0.0003038151258734618,3.6833596191801004,-2.8085798237121544,1.927944852935522,-2.8064414377189744
0.326,0.01470772292088797,-0.015325292878631113,0.3990944811721438,0.0,0.0,0.652,0.02803633909219134,0.028873192707027394,-0.00029460773178251323,3.620409520759849,-2.755844730272483,1.883821118030756,-2.7519741810770455
0.328,0.014954957747619908,-0.015581482796922716,0.4040183457382182,0.0,0.0,0.656,0.027726308978306,0.02862632643555765,-0.00028532811759890767,3.5576940090640514,-2.703467158303382,1.8401693093344658,-2.6978551754371116
0.33,0.015203695322868591,-0.01583912743362834,0.4089554754825866,0.0,0.0,0.66,0.027411030762372442,0.028374667527795567,-0.0002759884143660039,3.495255111528094,-2.6514694109184846,1.7969620479417927,-2.6440769702893583
0.332,0.015453913182764628,-0.016098201301734803,0.4139055414740674,0.0,0.0,0.664,0.027090921618243693,0.028118907896486613,-0.00026660457469213853,3.433146500736172,-2.5998735029020286,1.7541593432010552,-2.5906315098671073
0.334,0.015705588975350154,-0.01635867898675948,0.4188682163404031,0.0,0.0,0.668,0.02676655561270162,0.027859751996947905,-0.0002571966124619626,3.3714256495923416,-2.5486949663977683,1.711717180213653,-2.5375170658361172
0.336,0.01595870036849145,-0.016620535118086803,0.4238431737983151,0.0,0.0,0.672,0.026438461104776732,0.027597880387576424,-0.0002477824417355238,3.3101471230650885,-2.4979500507111143,1.66959426363379,-2.484730964906429
0.338,0.01621322520079713,-0.01688374450595125,0.4288300930742622,0.0,0.0,0.676,0.026107401734239227,0.02733404500816108,-0.0002383860543797621,3.249373932704925,-2.4476473215973455,1.6277398970564376,-2.4322773686480015
0.34,0.01646914139796252,-0.01714828205721166,0.43382865479016597,0.0,0.0,0.68,0.02577405020466247,0.027068896279837006,-0.0002290279518161674,3.189159983128919,-2.397794296521209,1.5861123060212643,-2.3801612336513434
0.342,0.01672642709739961,-0.0174141229105864,0.43883854566685776,0.0,0.0,0.684,0.025439231055832574,0.02680308496074557,-0.00021973215136321134,3.1295609061012035,-2.348391003520851,1.5446669609083306,-2.3283940349060934
0.34400000000000003,0.01698506062495545,-0.017681242409751496,0.4438594547518329,0.0,0.0,0.6880000000000001,0.025103578656076053,0.02653705106161814,-0.0002105165525088235,3.070613900735003,-2.2994355132365962,1.5033774967857887,-2.2769888178669184
0.34600000000000003,0.01724502047482636,-0.017949616082867364,0.44889107544975376,0.0,0.0,0.6920000000000001,0.02476778934609043,0.02627119631749505,-0.00020140017645940315,3.0123538536645142,-2.2509207553410415,1.4622191465433243,-2.225963068771616
0.34800000000000003,0.0175062854045037,-0.018219219759849577,0.4539331040947193,0.0,0.0,0.6960000000000001,0.02443228416064079,0.02600564713758167,-0.00019239399003577557,2.9547917612307932,-2.2028384835876205,1.4211907277292346,-2.175334991095691
0.35000000000000003,0.017768834378188072,-0.018490029499866667,0.4589852408229577,0.0,0.0,0.7000000000000001,0.024097407501683942,0.025740389958359984,-0.00018350666669855975,2.8979270153725643,-2.1551767015418184,1.380302103444232,-2.1251259315377586
0.352,0.018032646583415787,-0.018762021653310913,0.4640471888515513,0.0,0.0,0.704,0.02376331167599745,0.025475250094345175,-0.0001747415876056922,2.841745241334636,-2.107924235645996,1.339576546729579,-2.0753559613838117
0.354,0.018297701459124613,-0.019035172867224948,0.4691186546105531,0.0,0.0,0.708,0.02342991821369362,0.02520982093765255,-0.0001660961525947619,2.786212038372767,-2.061068851660519,1.29905698022352,-2.0260457231456663
0.356,0.018563978596501496,-0.01930946003504038,0.4741993480807556,0.0,0.0,0.712,0.023097118812030616,0.024943712440037215,-0.000157567170563449,2.7312948057005775,-2.014600571378252,1.258784038807691,-1.977213111322366
0.358,0.01883145781749895,-0.019584860356351073,0.47928898233833406,0.0,0.0,0.716,0.022764585702449595,0.024676361823542433,-0.0001491460899643972,2.676945891875703,-1.9685109283458315,1.2188130691797707,-1.9288740735781436
0.36,0.019100119071072744,-0.019861351249971574,0.48438727432451945,0.0,0.0,0.72,0.022432013090200067,0.024407267013005805,-0.00014082538332420153,2.6231228106537543,-1.9227933942873565,1.1791937104747374,-1.8810421014736698
0.362,0.019369942478588757,-0.02013891040706348,0.4894939442480871,0.0,0.0,0.724,0.022098981886825225,0.0241358873167282,-0.0001325950759016955,2.5697794826201634,-1.8774447830750711,1.139978811976631,-1.83372692317094
0.364,0.019640908278752738,-0.020417515725314302,0.49460871597252576,0.0,0.0,0.728,0.021765077895533315,0.02386173640176131,-0.00012444594013969373,2.516873810039452,-1.8324642165781886,1.1012167666356656,-1.7869355026290101
0.366,0.01991299682401087,-0.020697145319353707,0.4997313168103677,0.0,0.0,0.732,0.021429889576678716,0.023584403713207608,-0.00011636931776782658,2.464369583640075,-1.787854381773605,1.0629496588971943,-1.7406708364251453
0.368,0.02018618859282025,-0.020977777518204413,0.5048614775133529,0.0,0.0,0.736,0.02109298755762348,0.02330351464261785,-0.00010835665072342332,2.412233005227029,-1.7436204198725536,1.025216739349383,-1.6949330507828364
0.37,0.02046046424280003,-0.021259391008027793,0.5099989354632728,0.0,0.0,0.74,0.02075407455115506,0.023018923777706275,-0.00010040295676042327,2.36044881330867,-1.6997724873716287,0.9880379239010537,-1.6497165357808754
0.372,0.020735807014576342,-0.021541966672910577,0.5151434414089505,0.0,0.0,0.744,0.020412779499617888,0.02273034808852492,-9.250189123758274e-05,2.3089923694919032,-1.6563187362156575,0.9514453848610187,-1.6050205126048054
0.374,0.02101218993062957,-0.02182547640185887,0.5202946849882811,0.0,0.0,0.748,0.020068916508378398,0.02243779254034425,-8.465160593744841e-05,2.257856266879225,-1.6132680240190518,0.9154444102259153,-1.5608337448788623
0.376,0.021289598500067147,-0.022109903519730634,0.5254524437761828,0.0,0.0,0.752,0.019722491531852845,0.02214148513411906,-7.685485619557225e-05,2.207059138696884,-1.5706367313626277,0.8800238472220343,-1.5171473304846086
0.378,0.02156801679118726,-0.022395230052414877,0.5306164862129652,0.0,0.0,0.756,0.019373625249738458,0.02184173955481219,-6.911695369901017e-05,2.1566261039765013,-1.5284395675916067,0.8451646733805358,-1.4739527661797158
0.38,0.021847423320217153,-0.02268143310193764,0.5357865469832715,0.0,0.0,0.76,0.01902261197903443,0.021539037824421427,-6.144680147322749e-05,2.106592814591151,-1.4866888788467016,0.8108320498738895,-1.4312386986759593
0.382,0.02212779892227748,-0.02296849192087802,0.5409623782585328,0.0,0.0,0.764,0.01866986627260376,0.0212339557956264,-5.385548294655867e-05,2.057003981402868,-1.4453969678535248,0.7769836553953884,-1.3889954322019091
0.384,0.022409124943563053,-0.023256386312733166,0.5461437388310713,0.0,0.0,0.768,0.01831596546361583,0.02092719674757351,-4.635697136181061e-05,2.007914856534994,-1.4045748465623311,0.7435664461577124,-1.3472144314943848
0.386,0.022691382804240854,-0.023545096185434242,0.5513303893383046,0.0,0.0,0.772,0.017961540948832545,0.0206194859329444,-3.896553090337958e-05,1.9593820301106588,-1.364231883167576,0.7105257982417064,-1.3058885647617549
0.388,0.02297455433032137,-0.023834601914961565,0.5565220966535026,0.0,0.0,0.776,0.01760733598488826,0.020311598286620557,-3.169690737053175e-05,1.9114652722641916,-1.3243742704978452,0.6778034867064234,-1.265013476015279
0.39,0.023258621347955692,-0.02412488389133291,0.5617186280436456,0.0,0.0,0.78,0.017254073930534672,0.02000427714774136,-2.4565446027209872e-05,1.8642213548231006,-1.2850073717733048,0.6453441785570241,-1.2245855040969555
0.392,0.02354356587552219,-0.02441592275668693,0.5669197545286653,0.0,0.0,0.784,0.016902466907839617,0.019698198742890794,-1.7584366456154314e-05,1.8177001028718103,-1.2461330833940287,0.6130990352431149,-1.184603975235514
0.394,0.023829370201095528,-0.024707699465537282,0.5721252508696113,0.0,0.0,0.788,0.01655316242394621,0.019393936030022305,-1.0764750202821227e-05,1.771941626548585,-1.207750597177728,0.5810286494095102,-1.1450705920870186
0.396,0.02411601681750357,-0.02500019521837229,0.5773348948286184,0.0,0.0,0.792,0.016206736018436717,0.019091956530805115,-4.115528227872169e-06,1.7269763011079442,-1.1698566834123008,0.5491030720257596,-1.105989158279197
0.398,0.02440348853123491,-0.025293391573157093,0.5825484679196402,0.0,0.0,0.796,0.015863604887537113,0.0187925408117123,2.3580480362619368e-06,1.6828179088756932,-1.132445530701042,0.5173086962091727,-1.0673657367381146
0.4,0.024691768388688914,-0.02558727037228167,0.5877657546173605,0.0,0.0,0.8,0.015524052673759201,0.018495821148258103,8.653691098711116e-06,1.6394674771415738,-1.0955097306371782,0.4856444416397622,-1.02920770285635
0.402,0.024980839720672172,-0.025881813788333572,0.5929865426438631,0.0,0.0,0.804,0.015188193567501658,0.018201749394668603,1.4772518529302438e-05,1.5969106366919827,-1.0590403218557545,0.4541244103856224,-0.9915237073073573
0.404,0.025270686086394635,-0.026177004275775323,0.598210622518026,0.0,0.0,0.808,0.0148560075690428,0.01791014667621392,2.0718163010840283e-05,1.55512251179344,-1.0230278693157506,0.4227729902707349,-0.9543226091359922
0.406,0.02556129130062388,-0.0264728246022655,0.6034377879997136,0.0,0.0,0.812,0.014527356695427767,0.017620718788683126,2.6496229434477752e-05,1.5140689419237383,-0.9874624869743218,0.39162361542468793,-0.9176134454792644
0.40800000000000003,0.025852639407704704,-0.02676925782677973,0.6086678357796457,0.0,0.0,0.8160000000000001,0.014201988168702722,0.01733307244712072,3.2114109383461223e-05,1.473708353119722,-0.9523346517068008,0.3607169093581333,-0.8814046374944129
0.41000000000000003,0.026144714677915886,-0.027066287301112445,0.6139005658761196,0.0,0.0,0.8200000000000001,0.013879592546528869,0.01704677505889657,3.757976665006275e-05,1.4339965631414358,-0.917635525782674,0.33009585851846585,-0.8457036685564494
0.41200000000000003,0.026437501606171074,-0.0273638966629729,0.6191357812627837,0.0,0.0,0.8240000000000001,0.013559755434372855,0.01676130484053629,4.290254128078534e-05,1.394882695775442,-0.8833566601972278,0.2998099179662617,-0.810517386674589
0.41400000000000003,0.026730984872865116,-0.027662069805559502,0.6243732880407826,0.0,0.0,0.8280000000000001,0.013242042498064406,0.016476154298102758,4.8091583056562955e-05,1.3563179258605542,-0.8494913906892289,0.26990627454990357,-0.7758506462730382
0.41600000000000004,0.027025149353386426,-0.0279607908841354,0.6296128953679614,0.0,0.0,0.8320000000000001,0.012925971199684461,0.016190792708690824,5.315630560551612e-05,1.3182523311359244,-0.816034200117367,0.24043298439783078,-0.7417069265463202
0.418,0.02731998006955029,-0.028260044273499173,0.6348544153997822,0.0,0.0,0.836,0.012611075242313446,0.01590474655024304,5.810530818439591e-05,1.2806417877812573,-0.7829818851075081,0.21143209286559503,-0.7080872008363094
0.42,0.027615462192695395,-0.028559814565448843,0.6400976633071983,0.0,0.0,0.8400000000000001,0.012296903005701194,0.015617585539336776,6.29464038652633e-05,1.2434465061221354,-0.7503328268616533,0.1829410940352423,-0.674990659516674
0.422,0.02791158100551016,-0.02886008653251693,0.6453424572025066,0.0,0.0,0.844,0.011983061300134355,0.015328970200248933,6.768595864846294e-05,1.2066350460621889,-0.7180873782933916,0.15498891960692235,-0.6424143391999895
0.424,0.028208321915211415,-0.029160845137094667,0.650588618180358,0.0,0.0,0.8480000000000001,0.011669218564300048,0.015038644577457239,7.232894581266209e-05,1.1701836397605156,-0.686247338020824,0.12759661843257286,-0.6103536490015623
0.426,0.028505670428112823,-0.02946207550298088,0.6558359702738337,0.0,0.0,0.852,0.011355136156565021,0.014746460096928414,7.687852129283441e-05,1.1340780021483656,-0.6548156425345755,0.10077554556044965,-0.5788026847259791
0.428,0.028803612167673912,-0.029763762930584473,0.6610843404615302,0.0,0.0,0.8560000000000001,0.011040673897379836,0.014452374953718514,8.133617893667332e-05,1.0983132804617246,-0.6237961365200559,0.07452742543233531,-0.5477544677488151
0.43,0.029102132841719794,-0.03006589286323002,0.666333558634583,0.0,0.0,0.86,0.010725821580475005,0.014156482738789554,8.570135118444547e-05,1.0628963209189235,-0.5931934895022383,0.048842082370187695,-0.5172010319505197
0.432,0.029401218287221274,-0.03036845092614407,0.6715834575564588,0.0,0.0,0.8640000000000001,0.010410679140302994,0.013858983136711184,8.997204980237857e-05,1.0278429476101383,-0.5630126952458058,0.023700183000134656,-0.4871339327910291
0.434,0.029700854432452715,-0.03067142288767507,0.6768338728694578,0.0,0.0,0.868,0.010095494379730511,0.013560214771513972,9.414436779479271e-05,0.9931806804123129,-0.533258900712771,-0.0009294878286143227,-0.457544420352207
0.436,0.03000102733509723,-0.030974794693680235,0.6820846430032667,0.0,0.0,0.8720000000000001,0.009780617238835254,0.013260609007100117,9.821339303480445e-05,0.958944288598086,-0.503937162914947,-0.02508555854583111,-0.42842368727990215
0.438,0.030301723169021456,-0.031278552450737095,0.6873356091930954,0.0,0.0,0.876,0.009466526424577548,0.01296070611931628,0.00010217296470676506,0.9251771130796306,-0.4750519900566982,-0.04881539140148691,-0.39976333241437145
0.44,0.030602928242153448,-0.03158268244466391,0.6925866154544679,0.0,0.0,0.8800000000000001,0.009153776105583631,0.012661108513135406,0.00010601650930438146,0.8919268011271523,-0.44660735564767917,-0.07217081125446159,-0.37155533747200953
0.442,0.03090462901630909,-0.031887171153677986,0.6978375085054045,0.0,0.0,0.884,0.008842966851783263,0.01236244178663135,0.00010973758260371843,0.8592415700859459,-0.4186059785787226,-0.09520434503405836,-0.34379280003013657
0.444,0.03120681211188862,-0.03219200525323842,0.7030881377656982,0.0,0.0,0.8880000000000001,0.008534725029043125,0.01206533617201064,0.00011333013079950145,0.8271685166629531,-0.3910492897860969,-0.11796753072680957,-0.31646996249851767
0.446,0.03150946432393376,-0.03249717163372982,0.7083383553259973,0.0,0.0,0.892,0.008229641386852091,0.011770372813156628,0.00011678936005453936,0.7957493813532152,-0.3639375251403532,-0.14050666786884664,-0.2895821184251876
0.448,0.031812572630485286,-0.03280265740401906,0.7135880159062934,0.0,0.0,0.8960000000000001,0.007928267388124882,0.011478072515465289,0.0001201116119105388,0.7650190782013511,-0.33726925331786817,-0.16286134118994747,-0.26312609231310247
0.45,0.032116124201546525,-0.033108449903783956,0.7188369768215535,0.0,0.0,0.9,0.007631068226900736,0.011188859970081474,0.00012329485176547803,0.7350033188110795,-0.31104178394510784,-0.18506203509806418,-0.23709983412694902
0.452,0.03242010640827735,-0.033414536710634914,0.7240850979566118,0.0,0.0,0.9040000000000001,0.007338409672371546,0.010903048524663771,0.00012633862086269926,0.7057171477040883,-0.2852509716813537,-0.2071286656919468,-0.21150261945964235
0.454,0.03272450682748255,-0.03372090564661216,0.7293322417333581,0.0,0.0,0.908,0.007050536106280565,0.010620825532464906,0.00012924407312506596,0.6771642112554885,-0.25989155053775514,-0.2290698449973073,-0.18633472088883998
0.456,0.03302931324045419,-0.034027544777662365,0.7345782730814109,0.0,0.0,0.9120000000000001,0.006767588548178696,0.010342273137325712,0.0001320136371178465,0.649338895682528,-0.23495745301704002,-0.25088501798940577,-0.16159709645998138
0.458,0.0333345136452936,-0.03433444242570233,0.7398230594022341,0.0,0.0,0.916,0.006489560308733644,0.010067327550145437,0.00013465129127699087,0.6222229576690964,-0.21044176064976294,-0.27256108524092837,-0.13729144349544975
0.46,0.03364009623852081,-0.03464158715237795,0.7450664705485416,0.0,0.0,0.9200000000000002,0.006216366286734924,0.009795852826252368,0.00013716179831629622,0.595792459384934,-0.18633745325244244,-0.2940793420845832,-0.11341945922903396
0.462,0.03394604950644684,-0.03494896786666855,0.7503083798470493,0.0,0.0,0.924,0.0059477682929371,0.009527569920073368,0.00013955124271757493,0.5700117115046385,-0.1626371439903433,-0.31540945536272824,-0.089983064081477
0.464,0.0342523619516737,-0.035256573499731186,0.7555486608770309,0.0,0.0,0.9280000000000002,0.005683539935088719,0.00926221799601225,0.00014182532423536256,0.5448471034582113,-0.13933393498954955,-0.33652317944612,-0.06698368885398226
0.466,0.03455902238882404,-0.035564393362566275,0.7607871912170866,0.0,0.0,0.932,0.005423329445940891,0.008999430054509731,0.00014399054732112195,0.5202570493987545,-0.11642128599864193,-0.35738443484642735,-0.044422254850383314
0.468,0.03486601975998696,-0.03587241692583764,0.7660238502878689,0.0,0.0,0.9360000000000002,0.005166760962457883,0.008738828596968826,0.00014605317230271172,0.4961999845300912,-0.09389332328093464,-0.3779572278529209,-0.022298959575611732
0.47000000000000003,0.03517334314764155,-0.036180633835345075,0.7712585195176033,0.0,0.0,0.9400000000000001,0.004913427330490018,0.008480018432830139,0.00014801925912286294,0.4726337286019203,-0.07174478940096152,-0.398205020448945,-0.0006133198489666203
0.47200000000000003,0.035480981882038125,-0.036489034049736864,0.7764910841692716,0.0,0.0,0.9440000000000002,0.004662889733012639,0.008222595455051194,0.00014989467985725532,0.4495170219618106,-0.049971569885076395,-0.41809232425293236,0.020636412570581852
0.47400000000000003,0.035788922775909386,-0.036797605151388774,0.7817214025571735,0.0,0.0,0.9480000000000001,0.0044146364784149695,0.007966088323913134,0.00015168553385427885,0.4268012737386892,-0.028568632116538817,-0.4375776619793398,0.041452409601819507
0.47600000000000003,0.03609715705660323,-0.03710633897986698,0.7869493822656997,0.0,0.0,0.9520000000000002,0.004168319748521588,0.007710205023535122,0.00015339599246538848,0.40445817921911914,-0.007534192555524177,-0.45663777694106866,0.06183799424338543
0.47800000000000004,0.036405672922421986,-0.03741522456905683,0.7921748995940802,0.0,0.0,0.9560000000000001,0.003923522118383813,0.00745460133541438,0.00015503050142060554,0.382454256047419,0.013133925367550925,-0.4752460144391343,0.08179787497100832
0.48,0.036714464588053795,-0.03772425657842502,0.7973978950165267,0.0,0.0,0.96,0.0036800866980119342,0.0071991605398101215,0.00015659102164110135,0.36077837551879116,0.03343626266430372,-0.49339469820679777,0.10133498604304253
0.482,0.037023521554127296,-0.038033425311204815,0.8026182603894971,0.0,0.0,0.9640000000000001,0.0034377345307963947,0.006943672798871937,0.0001580803474988314,0.33941036862987145,0.053373956788002164,-0.5110699162261321,0.1204544759575309
0.484,0.037332832615617075,-0.03834272045585185,0.8078358815721657,0.0,0.0,0.968,0.003196250233009917,0.006687993113876511,0.00015950057297307147,0.31833628043608875,0.07294787068440811,-0.5282645036146216,0.13916228716885792
0.486,0.0376423875738559,-0.03865213268301381,0.8130506566874433,0.0,0.0,0.9719999999999999,0.0029555540981134436,0.006432102131629575,0.00016085265667591594,0.29755412298967165,0.09215826670398775,-0.5449828222546229,0.15746450508115828
0.488,0.03795217609924943,-0.038961652549677976,0.8182624828286282,0.0,0.0,0.976,0.002715593689646989,0.006176003785879247,0.00016213734914288414,0.2770637519863247,0.11100550304476875,-0.5612311791061316,0.17536721755224793
0.49,0.03826218816870058,-0.03927127095865753,0.8234712625766641,0.0,0.0,0.9800000000000001,0.0024764801551109736,0.005919852538286609,0.00016335434733260313,0.2568787960715467,0.12948954862772488,-0.5770296600214271,0.1928768924318005
0.492,0.03857241391916591,-0.03958097897987557,0.8286769009498234,0.0,0.0,0.984,0.0022383906166834363,0.005663857655211842,0.00016450312027513843,0.23701713337830246,0.1476105757429711,-0.5924025640035288,0.20999975657414416
0.494,0.03888284367953429,-0.03989076789550784,0.8338793062596789,0.0,0.0,0.9879999999999999,0.002001595846228451,0.0054083111940564236,0.00016558280350031799,0.2175037461958419,0.1653687515015444,-0.6073812835562615,0.22674202889837192
0.496,0.03919346802113993,-0.04020062927800399,0.8390783917584967,0.0,0.0,0.992,0.0017665230909253834,0.0051536365525282155,0.00016659201402628582,0.19837365465913626,0.18276475460300667,-0.6220073062303924,0.2431094702841774
0.498,0.039504277368360666,-0.040510554527611084,0.8442740677813921,0.0,0.0,0.9960000000000001,0.0015335035676613546,0.004900174544670239,0.0001675302557601252,0.17965522333882147,0.19979909458414613,-0.636315433675471,0.2591079960249163
0.5,0.03981526238338499,-0.040820535339547166,0.8494662496391363,0.0,0.0,1.0,0.0013030070569272102,0.004648374747634035,0.00016839674004419855,0.16138382392290543,0.21647326975409842,-0.6503475624747628,0.27474262119389925
0.502,0.040126413736556656,-0.04113056341837356,0.8546548526183072,0.0,0.0,1.004,0.001075465493179913,0.004398651778804066,0.00016919128445901736,0.1435916257291832,0.2327888947092246,-0.6641423797315532,0.2900182494463982
0.504,0.04043772227888497,-0.04144063069362937,0.8598397954680145,0.0,0.0,1.008,0.0008513361556318711,0.004151428988162141,0.00016991402345937657,0.12630932907737094,0.24874857932175254,-0.6777371675093713,0.30493886166720086
0.506,0.04074917896521448,-0.04175072921356458,0.8650209983075351,0.0,0.0,1.012,0.000631030683753577,0.003907083105090037,0.00017056568910822764,0.1095627370098672,0.2643553786035783,-0.6911643087889751,0.3195080036207244
0.508,0.04106077491220081,-0.04206085121890265,0.8701983837501842,0.0,0.0,1.016,0.0004149117574295821,0.0036659360906080808,0.0001711475689741061,0.093371208741643,0.2796131763833629,-0.7044497686225273,0.33372842860455054
0.51,0.041372501367288296,-0.04237098910222704,0.875371876008509,0.0,0.0,1.02,0.0002032527009964908,0.003428225272562989,0.0001716615674777016,0.07774623713601034,0.2945262501215251,-0.71761164672192,0.3476025072321771
0.512,0.04168434974871978,-0.04268113545406122,0.8805414015147753,0.0,0.0,1.024,-3.7728459975197246e-06,0.0031940894860710573,0.00017211014212838136,0.0626893923492713,0.30909962064211227,-0.730658129793638,0.36113188439186505
0.514,0.04199631157713717,-0.04299128298873974,0.8857068879037565,0.0,0.0,1.028,-0.00020606543962768355,0.0029636038293060587,0.00017249605370297136,0.04819690001367847,0.3233382229994113,-0.7435920712995099,0.3743183056015511
0.516,0.04230837853708321,-0.04330142460827368,0.8908682646053093,0.0,0.0,1.032,-0.0004036596474021192,0.002736719448008019,0.00017282249937737769,0.034253633315528144,0.3372473977321587,-0.7564049701038319,0.3871631123482294
0.518,0.04262054243950256,-0.043611553369909246,0.8960254628885098,0.0,0.0,1.036,-0.0005966191826191409,0.00251336800195076,0.00017309262046130377,0.020842889776127672,0.35083217483173446,-0.7690867764464602,0.3996679816151616
0.52,0.04293279523514193,-0.043921662493191356,0.9011784154514468,0.0,0.0,1.04,-0.0007851287597757054,0.0022933764826199667,0.0001733097474077234,0.007939100069954158,0.36409748923751983,-0.7816185736709759,0.41183468402587187
0.522,0.043245129021934996,-0.04423174537226876,0.9063270571272577,0.0,0.0,1.044,-0.0009693977555184539,0.0020765582771328844,0.00017347703893102483,-0.004484387970522156,0.37704788481416374,-0.7939803774362687,0.42366539199061803
0.524,0.04355753602697706,-0.044541795555046594,0.9114713242629415,0.0,0.0,1.048,-0.0011497101639982386,0.0018626701712224879,0.00017359756938662864,-0.016458483409861335,0.3896873913012302,-0.8061479560328657,0.43516279643468025
0.526,0.04387000860166105,-0.04485180673358031,0.9166111549693484,0.0,0.0,1.052,-0.0013263748629103575,0.0016514567600756137,0.00017367419970809115,-0.028014735983289487,0.4020195517450934,-0.81809643816565,0.44633007043394957
0.528,0.04418253922892018,-0.04516177275649668,0.9217464891429927,0.0,0.0,1.056,-0.0014997348390877448,0.001442645328686333,0.00017370954455944845,-0.03918538403655429,0.41404720512358284,-0.8298002738386623,0.4571710944709939
0.53,0.04449512048688669,-0.04547168758240676,0.926877268193601,0.0,0.0,1.06,-0.0016701434874444503,0.0012359592518763202,0.00017370594395917384,-0.050002327202793476,0.4257729297169489,-0.8412342509938361,0.46769000271668626
0.532,0.04480774507197938,-0.045781545308885715,0.9320034352894094,0.0,0.0,1.064,-0.0018379592761109988,0.0010311318694027289,0.00017366543578958585,-0.06049559381122752,0.43719851030405166,-0.8523750308937996,0.4778917185048601
0.534,0.04512040575870332,-0.0460913401243544,0.9371249350964335,0.0,0.0,1.068,-0.0020035277085301223,0.0008279067636618815,0.00017358972721906766,-0.07069340083880532,0.44832577493189363,-0.8632010880988719,0.4877811174729121
0.536,0.04543309541448497,-0.04640106632491114,0.9422417139047201,0.0,0.0,1.072,-0.002167173919781461,0.000626053936603534,0.0001734802297244333,-0.08062055530860752,0.4591560655226906,-0.8736943036792048,0.497363552994481
0.538,0.04574580697780312,-0.04671071828884386,0.9473537195742727,0.0,0.0,1.076,-0.002329187451238896,0.00042536721575166974,0.00017333806343719176,-0.0902987517390994,0.4696910451835382,-0.8838396720398131,0.5066440535082911
0.54,0.0460585334602263,-0.047020290477680284,0.9524609015107717,0.0,0.0,1.08,-0.002489814335630014,0.0002256807889155413,0.0001731641040228363,-0.09974502270343649,0.47993220955318594,-0.893626842638567,0.5156278053292151
0.542,0.04637126794388081,-0.04732977743230074,0.9575632107239181,0.0,0.0,1.084,-0.0026492477174806734,2.6868950694190693e-05,0.00017295906408773272,-0.10897192038496957,0.4898812859659968,-0.9030499386679799,0.5243197555130373
0.544,0.04668400357214173,-0.047639173761408485,0.9626605997340878,0.0,0.0,1.088,-0.0028076210042732737,-0.0001711472870537398,0.00017272352331112656,-0.11798700629370637,0.4995402081405561,-0.9121080643268215,0.5327246353740861
0.546,0.04699673354915593,-0.047948474139844696,0.9677530226134822,0.0,0.0,1.092,-0.0029649984139408655,-0.0003683944914746015,0.0001724580183858453,-0.1267924123840733,0.5089112246948698,-0.9208057409164646,0.5408468515138697
0.548,0.04730945113803392,-0.04825767330508148,0.9728404348797595,0.0,0.0,1.096,-0.003121379253134985,-0.0005648462436756349,0.00017216303542576177,-0.13538540745441624,0.5179967133150396,-0.9291523386114562,0.5486906694907585
0.55,0.04762214967818256,-0.048566766077378656,0.9779227939584892,0.0,0.0,1.1,-0.0032766795602682973,-0.0007604124482085212,0.00017183912741610067,-0.14375686007137384,0.5267994131192203,-0.9371636094958845,0.556259981246125
0.552,0.04793482257069218,-0.048875747339903214,0.983000058719429,0.0,0.0,1.104,-0.0034307458095368037,-0.000954946776069342,0.00017148694659315205,-0.1518933249446214,0.5353222484100502,-0.9448595970277944,0.5635584766449251
0.554,0.0482474632401982,-0.04918461200211568,0.9880721884939494,0.0,0.0,1.108,-0.003583416891924343,-0.0011482981214130474,0.00017110728890155718,-0.15978088774408952,0.5435682318037199,-0.9522608066060257,0.5705897543254675
0.556,0.04856006518544057,-0.049493355051436976,0.9931391443079376,0.0,0.0,1.112,-0.0037344615630507646,-0.0013402602518368235,0.00017070114696967356,-0.16740108673924173,0.5515406349820263,-0.9593922665177003,0.577357137524558
0.558,0.04887262202551302,-0.0498019716034977,0.9982008895987114,0.0,0.0,1.116,-0.003883592413802661,-0.0015305854503848203,0.00017026981478594075,-0.17473282823774022,0.5592430967720621,-0.9662815993974394,0.5838635536456644
0.56,0.04918512733839804,-0.05011045673028892,1.0032573869462604,0.0,0.0,1.12,-0.004030547079409053,-0.0017190450537916285,0.00016981469695783808,-0.181756397039074,0.5666791260194476,-0.9729550583780388,0.5901120716845797
0.562,0.04949757491704799,-0.050418805734248714,1.0083086030146964,0.0,0.0,1.124,-0.0041750039065912604,-0.0019053707174710188,0.00016933755561201368,-0.18845066835210483,0.5738528512316747,-0.9794402424382391,0.5961050866361233
0.5640000000000001,0.04980995743695559,-0.05072701305064844,1.013354497356808,0.0,0.0,1.1280000000000001,-0.004316630918205712,-0.002089282196061926,0.00016884033941200668,-0.19479331030632163,0.580768860993486,-0.9857670704724721,0.6018456505742649
0.5660000000000001,0.05012226997124783,-0.051035075000197876,1.0183950451147088,0.0,0.0,1.1320000000000001,-0.004455195401851889,-0.0022705918519524463,0.00016832499164178035,-0.20077155279425804,0.5874308614770929,-0.9919535577991703,0.6073353539740067
0.5680000000000001,0.05043450659491127,-0.05134298715829125,1.0234302160339592,0.0,0.0,1.1360000000000001,-0.004590465463745175,-0.0024491132400789282,0.00016779357848303525,-0.20637343913432307,0.5938431935688633,-0.9980179690505189,0.6125762164953348
0.5700000000000001,0.05074666166188214,-0.05165074534894373,1.0284599822980585,0.0,0.0,1.1400000000000001,-0.004722272520460663,-0.0026247159182813482,0.00016724813217772208,-0.21159287422137463,0.6000101820600943,-1.0039724987983103,0.6175700615138355
0.5720000000000001,0.051058729062409394,-0.05195834507460445,1.0334843142163566,0.0,0.0,1.1440000000000001,-0.004850476668140714,-0.0027972943218585824,0.00016669069609619814,-0.2164268126169331,0.6059364843220763,-1.0098268407777926,0.6223189263311317
0.5740000000000001,0.051370702961525024,-0.052265782081216135,1.0385031842979577,0.0,0.0,1.1480000000000001,-0.004975011424305408,-0.0029668035619875954,0.00016612316002716256,-0.22087807670135387,0.6116265141782293,-1.0155846109556785,0.6268248750819829
0.5760000000000001,0.051682577601704506,-0.05257305222048346,1.0435165664009733,0.0,0.0,1.1520000000000001,-0.0050958913447987485,-0.0031332630763197746,0.00016554717786457733,-0.2249558224280765,0.6170844241896458,-1.0212431138902354,0.631090245834476
0.578,0.05199434734576301,-0.0528801514489008,1.0485244352775038,0.0,0.0,1.156,-0.0052131558088865685,-0.0032967092638829863,0.0001649642677144848,-0.22867066754713528,0.6223140864375689,-1.0267980961999612,0.6351175572198906
0.58,0.05230600673097192,-0.053187075890970284,1.0535267673024615,0.0,0.0,1.16,-0.005326906613758097,-0.0034572244031582837,0.0001643756737486476,-0.2320374919026006,0.6273189149445015,-1.032240938625977,0.638909673270116
0.582,0.0526175504251417,-0.053493821821251945,1.0585235405543287,0.0,0.0,1.164,-0.005437324001839465,-0.0036149462135682165,0.0001637822643482153,-0.2350763792407942,0.6321017056392886,-1.0375577937108031,0.6424700398018239
0.584,0.05292897317493998,-0.05380038559583648,1.0635147339832147,0.0,0.0,1.168,-0.005544611118504708,-0.0037700221421529596,0.00016318467692302073,-0.23780805084359224,0.6366647433887105,-1.0427341415737799,0.6458025732133779
0.586,0.053240269798929256,-0.05410676365770554,1.0685003276125693,0.0,0.0,1.172,-0.005649004673303068,-0.003922615535772793,0.00016258326544981423,-0.2402544299309407,0.6410096772812885,-1.0477542558080917,0.6489118139651209
0.588,0.05355143519994402,-0.05441295254115437,1.0734803026255066,0.0,0.0,1.176,-0.005750763857314924,-0.004072899847125529,0.00016197814854496646,-0.24243809039409883,0.645137716393922,-1.0526017323790393,0.6518027097874266
0.59,0.05386246433514444,-0.054718948843758004,1.0784546411126212,0.0,0.0,1.18,-0.005850154912473195,-0.004221044501177748,0.0001613692464327361,-0.2443807604053435,0.6490495985901923,-1.0572610049608837,0.6544806678856292
0.592,0.05417335223890029,-0.055024749238723185,1.0834233262244173,0.0,0.0,1.184,-0.005947441312748474,-0.004367211510764559,0.00016075633564664466,-0.24610294625882445,0.6527458397526349,-1.0617176878864816,0.6569512739821317
0.594,0.05448409402780486,-0.055330350479558754,1.0883863422860662,0.0,0.0,1.188,-0.006042883791819399,-0.004511559339840723,0.00016013904604521512,-0.2476241886342187,0.6562269135255525,-1.0659583179865357,0.6592201104272097
0.596,0.05479468488189819,-0.05563574938095833,1.0933436746541065,0.0,0.0,1.192,-0.0061367266831230715,-0.004654232182418327,0.00015951692892997397,-0.2489619739557166,0.6594933110970889,-1.0699714518819516,0.6612927075267911
0.598,0.05510512004477644,-0.05594094281837106,1.0982953097830495,0.0,0.0,1.196,-0.006229195774526489,-0.00479536302441331,0.00015888947680434547,-0.25013191723367717,0.6625457644167905,-1.07374748345965,0.6631743209382654
0.6,0.05541539480898865,-0.05624592771073739,1.103241235106923,0.0,0.0,1.2,-0.006320483415285618,-0.004935063879511364,0.0001582562347806702,-0.2511468188712848,0.6653853790366786,-1.0772795892560476,0.6648698042028662
0.602,0.055725504528610505,-0.05655070103327151,1.1081814391273186,0.0,0.0,1.204,-0.006410756877860836,-0.005073430743934719,0.0001576167629877468,-0.2520171846080263,0.6680135340573998,-1.0805632018342033,0.6663837011107354
0.604,0.056035444598096895,-0.056855259792816026,1.113115911277754,0.0,0.0,1.208,-0.006500137867995664,-0.005210532099440019,0.00015697079487514415,-0.2527501492611245,0.6704321397809652,-1.083597091433545,0.667719997625621
0.606,0.056345210460348245,-0.0571596010338328,1.1180446419844376,0.0,0.0,1.212,-0.00658870357354253,-0.005346409097427432,0.0001563182369325334,-0.25334964358657086,0.672643596260369,-1.0863831914385846,0.6688821557018136
0.608,0.056654797616473525,-0.057463721846153275,1.1229676228871193,0.0,0.0,1.216,-0.0066764762858449785,-0.0054810686160043,0.0001556592504179438,-0.25381564446860905,0.6746508758462906,-1.088927339750639,0.6698730250091007
0.61,0.056964201599879,-0.057767619341168634,1.1278848463022375,0.0,0.0,1.22,-0.006763441346143929,-0.005614493479641347,0.0001549941847701875,-0.25414577105176184,0.6764572621934193,-1.0912376994246704,0.6706951176387765
0.612,0.05727341798601522,-0.05807129066307527,1.1327963053680996,0.0,0.0,1.224,-0.006849550386268919,-0.005746643708666421,0.00015432358636868228,-0.254335383073498,0.6780662863887863,-1.0933246574104283,0.6713506693501061
0.614,0.05758244240009479,-0.0583747329929818,1.1377019942072697,0.0,0.0,1.228,-0.0069347116469633315,-0.005877450416417128,0.00015364827381721805,-0.2543770636911859,0.6794818129781914,-1.0952013320110887,0.6718415460476022
0.616,0.057891270532040726,-0.05867794356108402,1.1426019081850118,0.0,0.0,1.232,-0.007018784229119265,-0.006006811399924937,0.0001529694094314104,-0.2542603638762262,0.6807080479845404,-1.0968838165757897,0.6721692257171612
0.618,0.058199898102902166,-0.0589809196226663,1.1474960431844015,0.0,0.0,1.236,-0.0071016182535094665,-0.0061346181236995026,0.0001522882797696204,-0.2539746057228795,0.6817492250349773,-1.0983884079119937,0.6723351366574095
0.62,0.05850832087651682,-0.05928365846707433,1.1523843958408657,0.0,0.0,1.24,-0.007183045167635217,-0.006260749714668751,0.0001516063507268226,-0.2535082212159302,0.6826097040154786,-1.0997322572824424,0.672340550545079
0.622,0.05881653469168173,-0.05958615744423946,1.1572669640666282,0.0,0.0,1.244,-0.007262871777973219,-0.006385069263191284,0.00015092532399678792,-0.25284874034219357,0.683294003200843,-1.1009333581981378,0.6721865271764971
0.624,0.059124535427307945,-0.05988841393971772,1.1621437463499198,0.0,0.0,1.248,-0.007340914784005245,-0.006507448397725669,0.00015024690570576544,-0.25198496692909306,0.6838066079139853,-1.102008402919764,0.671874131269502
0.626,0.05943231901699449,-0.06019042538707354,1.167014741991573,0.0,0.0,1.252,-0.007416998541734516,-0.006627766260685078,0.0001495728181341485,-0.25090692954828875,0.6841519975669577,-1.1029728209999377,0.6714043950209461
0.628,0.059739881470205966,-0.06049218928777416,1.1718799513789038,0.0,0.0,1.256,-0.007490966347839357,-0.006745918534619612,0.00014890472137367414,-0.2496069448340309,0.6843345977802957,-1.1038397040820094,0.6707783510289433
0.63,0.060047218851499766,-0.06079370319584137,1.1767393755960647,0.0,0.0,1.26,-0.0075626931981553425,-0.006861826105153998,0.0001482441118054982,-0.24808013517642205,0.6843586963452104,-1.1046193061334155,0.6699971316861417
0.632,0.060354327287200464,-0.061094964724401735,1.1815930164999369,0.0,0.0,1.264,-0.007632088561325118,-0.006975436317906076,0.00014759228518656094,-0.24632454826550046,0.6842283832843199,-1.1053189204306269,0.6690620245517804
0.634,0.06066120296499634,-0.061395971545641706,1.1864408767044872,0.0,0.0,1.268,-0.007699097959928824,-0.007086724005846752,0.00014695030759822336,-0.24434124152774467,0.6839475367177421,-1.1059427962403081,0.6679744866603832
0.636,0.06096784213550911,-0.061696721394800015,1.1912829595211458,0.0,0.0,1.272,-0.0077637125708647035,-0.007195696046993751,0.00014631892142481266,-0.24213453277480193,0.6835196498682443,-1.1064918900457386,0.6667363172042313
0.638,0.061274241113246135,-0.06199721206949909,1.1961192690059306,0.0,0.0,1.276,-0.007825960067286728,-0.007302383405061596,0.0001456985850393025,-0.23971128450007986,0.6829478282000314,-1.1069645785516171,0.6653496591043537
0.64,0.06158039627727658,-0.062297441431648004,1.2009498099236304,0.0,0.0,1.28,-0.007885909138495675,-0.007406842749711669,0.00014508942128873628,-0.23708095208879057,0.6822346856902071,-1.1073566114546467,0.663817102552158
0.642,0.06188630407054829,-0.06259740740434894,1.2057745877837802,0.0,0.0,1.284,-0.007943655175420923,-0.0075091436920279465,0.00014449130290697664,-0.23425440235540973,0.6813823347066992,-1.1076622892222603,0.6621416945228831
0.644,0.06219196099877071,-0.06289710797151774,1.210593608795525,0.0,0.0,1.288,-0.007999323732029176,-0.007609370868664441,0.000143903823561253,-0.23124401899720942,0.6803923531233995,-1.1078743590953446,0.6603269723486886
0.646,0.06249736362842716,-0.06319654117402801,1.2154068798727868,0.0,0.0,1.292,-0.008053059864509545,-0.007707614750853721,0.0001433263705073389,-0.22806282611403592,0.6792657986406905,-1.10798488936788,0.6583769497383234
0.648,0.06280250858345666,-0.06349570510534029,1.2202144086007018,0.0,0.0,1.296,-0.008105025293229855,-0.0078039712902558435,0.00014275814806313195,-0.2247243388022292,0.6780033264408125,-1.107985419345996,0.6562960002825204
0.65,0.06310739254499731,-0.06379459791038394,1.2250162032400993,0.0,0.0,1.3,-0.008155392468631551,-0.007898535995242794,0.00014219821301202404,-0.22124197073271357,0.6766051564816562,-1.107867549935623,0.6540888899026587
0.652,0.06341201224686775,-0.06409321777895653,1.229812272700821,0.0,0.0,1.304,-0.008204339053682924,-0.007991403939104948,0.00014164551391952177,-0.21762886979661425,0.6750713174825509,-1.107623108297385,0.6517605341216206
0.654,0.0637163644740196,-0.06439156294252679,1.2346026265440064,0.0,0.0,1.308,-0.008252041605901544,-0.008082666980196327,0.00014109893280759257,-0.2138975452821786,0.6734017692445426,-1.1072445191203746,0.6493158755722874
0.656,0.06402044605928045,-0.06468963166923947,1.2393872749610937,0.0,0.0,1.312,-0.008298669058463921,-0.008172410459481269,0.00014055734418378125,-0.21005944483637395,0.6715965249653322,-1.1067252267265832,0.6467597626145922
0.658,0.06432425388198074,-0.06498742226102631,1.2441662287774269,0.0,0.0,1.316,-0.008344378755223036,-0.008260713517267369,0.00014001965959654797,-0.20612489613682647,0.6696558070187593,-1.1060597522750102,0.6440967933896713
0.66,0.06462778486500673,-0.06528493304900304,1.248939499430842,0.0,0.0,1.32,-0.00838931150922642,-0.008347646725324604,0.0001394848871890154,-0.2021028301621255,0.6675801338544016,-1.1052439698477061,0.6413312299243696
0.662,0.06493103597505408,-0.06558216239367663,1.2537070989755346,0.0,0.0,1.324,-0.008433591704096627,-0.008433272345941921,0.00013895213152060538,-0.19800080952982896,0.6653703238642883,-1.1042750778610748,0.6384669940963326
0.664,0.06523400421575991,-0.06587910867316349,1.2584690400454601,0.0,0.0,1.328,-0.008477314077964144,-0.008517639801451943,0.00013842072347898548,-0.19382445496053669,0.6630277878276707,-1.1031521706884218,0.6355073766531352
0.666,0.06553668665040065,-0.06617577029933787,1.2632253361534929,0.0,0.0,1.332,-0.008520539345040205,-0.008600782036883152,0.0001378902458288459,-0.18957698602625753,0.6605545311466996,-1.1018766763822998,0.6324550150818573
0.668,0.06583908034175881,-0.06647214568044242,1.267976000827392,0.0,0.0,1.336,-0.008563322060446785,-0.008682729386569527,0.00013736031906289825,-0.18526134483124126,0.6579526641460949,-1.1004502977141342,0.6293124400454118
0.67,0.06614118242819889,-0.06676823325963134,1.2727210487377318,0.0,0.0,1.34,-0.008605661136482295,-0.008763484390368954,0.00013683101785574357,-0.18087692623397983,0.6552251567550795,-1.0988781905846483,0.6260812431716138
0.672,0.06644299003322036,-0.06706403147338984,1.2774604943156114,0.0,0.0,1.344,-0.00864756893804528,-0.008843055459744023,0.00013630230946260114,-0.17642400105632783,0.6523747179884656,-1.0971646541327862,0.6227632926613158
0.674,0.06674450036516105,-0.06735953879643242,1.2821943532581848,0.0,0.0,1.348,-0.008688997354163166,-0.008921419569088372,0.0001357746856639679,-0.17189906136661343,0.6494049070047785,-1.0953176597859646,0.6193595168486503
0.676,0.06704571064898797,-0.06765475371111442,1.2869226414643207,0.0,0.0,1.352,-0.00872989486235219,-0.008998550254156192,0.00013524869212810776,-0.16729854545187745,0.6463192059122462,-1.093345213525772,0.6158709031008458
0.678,0.06734661813515236,-0.06794967471131691,1.2916453752066313,0.0,0.0,1.356,-0.008770192952218613,-0.00907441194726868,0.0001347250355143819,-0.16261784892696238,0.6431213163554377,-1.0912563317774868,0.6122981923613677
0.68,0.06764722016857762,-0.06824430033650498,1.2963625720129226,0.0,0.0,1.36,-0.008809789360907712,-0.009148949292831651,0.00013420475751482966,-0.1578507946587998,0.6398151796106688,-1.089061493885484,0.6086417851954944
0.682,0.0679475140319608,-0.06853862909671539,1.3010742485684108,0.0,0.0,1.364,-0.008848608043269328,-0.009222122204592465,0.00013368866621862025,-0.15299254342478172,0.6364045206747126,-1.086769913670766,0.6049023649886447
0.684,0.06824749713623277,-0.0688326595671251,1.305780423209455,0.0,0.0,1.368,-0.00888654217079376,-0.009293873596435645,0.00013317787935436358,-0.14803721260165872,0.6328932539407657,-1.0843917044968305,0.601080289229047
0.686,0.0685471668777416,-0.06912639031678355,1.3104811140644272,0.0,0.0,1.372,-0.008923494045908337,-0.00936415203251981,0.00013267344326942709,-0.14297943485936224,0.6292852228490422,-1.081936481801192,0.5971760021732959
0.6880000000000001,0.06884652073583457,-0.06941981996362062,1.3151763402198982,0.0,0.0,1.3760000000000001,-0.008959376602253407,-0.009432914972338708,0.00013217632184139247,-0.13781534327991865,0.6255841085765317,-1.079412277487337,0.5931900226367557
0.6900000000000001,0.0691455562139916,-0.06971294713879943,1.3198661210592701,0.0,0.0,1.3800000000000001,-0.008994100054261434,-0.009500118624732412,0.0001316875178801469,-0.13254105192426102,0.6217935992582309,-1.0768271160347505,0.5891228371309294
0.6920000000000001,0.06944427086172013,-0.07000577050917758,1.3245504763679161,0.0,0.0,1.3840000000000001,-0.00902761341952193,-0.009565745557617012,0.0001312076782279827,-0.12715567342481146,0.6179169982166322,-1.0741859886826073,0.5849752698158102
0.6940000000000001,0.06974266227222804,-0.07029828876858098,1.3292294264187579,0.0,0.0,1.3880000000000001,-0.009059873833627828,-0.009629784329959505,0.00013073737719330154,-0.12165918550488526,0.6139574898452203,-1.0714929790531453,0.5807482180366637
0.6960000000000001,0.07004072807982993,-0.070590500643493,1.3339029918341583,0.0,0.0,1.3920000000000001,-0.00909086871314303,-0.009692242663594529,0.00013027690121584034,-0.11605363125208795,0.609917897942656,-1.0687500737800852,0.5764428985757704
0.6980000000000001,0.07033846596035043,-0.07088240489144096,1.3385711936141818,0.0,0.0,1.3960000000000001,-0.009120612383149426,-0.009753145579766085,0.00012982627269290546,-0.11034302621779325,0.6058007254494915,-1.065957253799393,0.5720608065424617
0.7000000000000001,0.07063587363167459,-0.07117400030049899,1.3432340531506348,0.0,0.0,1.4000000000000001,-0.009149133005120765,-0.009812523780311475,0.00012938536489950637,-0.10453197964881555,0.601608151108898,-1.063113868226384,0.5676037190242336
0.7020000000000001,0.07093294885291673,-0.07146528569165123,1.3478915921724235,0.0,0.0,1.4040000000000001,-0.00917648997695047,-0.009870426614267772,0.0001289537349724181,-0.09862714202070685,0.597341939245932,-1.0602171938152483,0.5630737857760895
0.704,0.07122968942777981,-0.0717562599139781,1.3525438328599058,0.0,0.0,1.408,-0.009202744663317889,-0.009926899293116267,0.0001285308919342466,-0.0926348916593966,0.5930035515377614,-1.0572647333752745,0.558473412408447
0.706,0.07152609320009543,-0.07204692184874971,1.357190797709997,0.0,0.0,1.412,-0.009227983630728376,-0.009981999699948674,0.00012811607946779875,-0.08656289762043302,0.5885940173903161,-1.0542526667738772,0.5538053965534739
0.708,0.07182215805367537,-0.0723372704002604,1.3618325096192014,0.0,0.0,1.416,-0.009252293305377125,-0.010035781070501142,0.00012770852469263326,-0.08041850515966947,0.584114155610008,-1.0511774534237985,0.5490727020671067
0.71,0.07211788191444099,-0.0726273045030887,1.3664689918482436,0.0,0.0,1.42,-0.009275771821130766,-0.010088297989295936,0.00012730731004205296,-0.07420920222956695,0.5795643727618387,-1.0480353700799432,0.544278661817688
0.712,0.07241326274078813,-0.07291702310935125,1.3711002679609288,0.0,0.0,1.424,-0.009298519768572242,-0.010139606570913477,0.00012691149125985908,-0.06794254693973048,0.574945080339945,-1.0448225861734501,0.5394265654114163
0.714,0.07270829853215564,-0.07320642519683555,1.3757263618987348,0.0,0.0,1.428,-0.009320637535335147,-0.010189755032047991,0.00012652009941246963,-0.06162534293799,0.5702563449916107,-1.0415359803020678,0.5345200030428567
0.716,0.07300298731859307,-0.0734955097575336,1.380347297895691,0.0,0.0,1.432,-0.009342223658963941,-0.010238794521164093,0.00012613217291960303,-0.05526435173242727,0.5654984726766878,-1.0381724358027022,0.5295622879311495
0.718,0.07329732716493502,-0.07378427580171969,1.3849631005085365,0.0,0.0,1.436,-0.009363370779420276,-0.010286767708305462,0.00012574679837308472,-0.048865392120007754,0.5606716575825268,-1.0347297352369713,0.5245568045127147
0.72,0.07359131616658621,-0.07407272235091697,1.3895737945992628,0.0,0.0,1.44,-0.009384163810338412,-0.010333719030671857,0.00012536311269203008,-0.042433988998623086,0.5557764795498996,-1.0312059149412045,0.5195065125878182
0.722,0.0738849524487217,-0.07436084843811228,1.3941794053164107,0.0,0.0,1.444,-0.009404676206054672,-0.010379686357853204,0.0001249803612399601,-0.03597467414507129,0.5508137285747723,-1.0275999621768737,0.5144141238531474
0.724,0.07417823416614783,-0.07464865310351125,1.3987799581050355,0.0,0.0,1.448,-0.009424966410644104,-0.010424702496568673,0.00012459793059378565,-0.02949109111858508,0.5457845221759969,-1.0239117082699973,0.5092819827481738
0.726,0.07447115950476532,-0.07493613540062295,1.4033754787105475,0.0,0.0,1.452,-0.009445084957430136,-0.010468797229824654,0.0001242152761833297,-0.022986234524517857,0.5406901928639654,-1.0201415920995536,0.5041121801483253
0.728,0.07476372667614423,-0.07522329438408323,1.4079659931313846,0.0,0.0,1.456,-0.009465063310398262,-0.010511992324223887,0.00012383206383028407,-0.016462020275954285,0.5355324016731327,-1.0162910871209683,0.49890644050035493
0.73,0.0750559339215659,-0.07551012911787308,1.412551527657042,0.0,0.0,1.46,-0.009484920748539913,-0.010554304828734451,0.00012344808095278125,-0.00991954570682216,0.530313077742218,-1.0123624422670177,0.49366618137565754
0.732,0.07534777950880366,-0.07579663866977071,1.4171321088252034,0.0,0.0,1.464,-0.009504662854789073,-0.010595744936294315,0.00012306325891499925,-0.0033590933774516976,0.5250343364471162,-1.008358678989969,0.4883925964498199
0.734,0.07563926173219244,-0.07608282211097511,1.4217077634279385,0.0,0.0,1.468,-0.009524279805211982,-0.010636315754619435,0.00012267769784696117,0.003219961192815604,0.5196985334963193,-1.0042836824995904,0.48308660120700453
0.736,0.07593037893172892,-0.07636867852149466,1.4262785186727613,0.0,0.0,1.472,-0.00954374345710662,-0.01067601109624136,0.0001222916842427848,0.00981931610394305,0.5143082565119053,-1.000142341556947,0.4777488153954408
0.738,0.07622112944472471,-0.07665420697755472,1.4308444017210293,0.0,0.0,1.476,-0.00956302767929412,-0.01071482415298938,0.00012190548118829801,0.016440453973391375,0.5088659447010472,-0.9959393316904385,0.47238000836843475
0.74,0.07651151161649863,-0.07693940656016114,1.435405439806919,0.0,0.0,1.48,-0.009582106039974874,-0.010752748994412463,0.00012151936178296124,0.023084900732408795,0.5033741062568211,-0.9916793619774051,0.4669808712971626
0.742,0.07680152388693891,-0.0772242763655481,1.4399616609601529,0.0,0.0,1.484,-0.009600922543951073,-0.010789762330405744,0.00012113390672678395,0.02975566710590422,0.4978354129502962,-0.9873684814494139,0.46155179602577157
0.744,0.07709116466767893,-0.07750881548667664,1.4445130929538212,0.0,0.0,1.488,-0.009619435691967913,-0.010825849358916806,0.00012074955166237742,0.03645492022405335,0.4922524162037527,-0.983011940585645,0.4560933354161827
0.746,0.07738043245854366,-0.07779302303990993,1.4490597642075527,0.0,0.0,1.492,-0.009637607549668059,-0.010860997899691258,0.00012036670591482702,0.043184064826800934,0.48662748121858,-0.9786141058781574,0.4506061039875744
0.748,0.07766932567715851,-0.07807689811897003,1.4536017025480785,0.0,0.0,1.496,-0.009655393791043403,-0.010895191498376235,0.00011998583944516267,0.04994543032002676,0.4809631821294651,-0.9741803800026834,0.4450906233343608
0.75,0.07795784055579871,-0.07836043847497356,1.4581389824130104,0.0,0.0,1.5,-0.009672728493029921,-0.010928421287742159,0.00011960759153379824,0.056739949826929426,0.4752652251158672,-0.9697192272599099,0.43954874039537606
0.752,0.078245978358612,-0.07864364486046804,1.462671579009995,0.0,0.0,1.504,-0.009689634781514293,-0.010960691007434043,0.00011923179912973393,0.06356720824816146,0.46953168584342253,-0.9652277016723884,0.4339798499793289
0.754,0.0785337371980157,-0.0789265161347152,1.4671995311969936,0.0,0.0,1.508,-0.009706100234107248,-0.010992009829141277,0.00011885857282147804,0.07042607458523432,0.46376520289538514,-0.9607084872784928,0.4283851339149829
0.756,0.07882111544992818,-0.07920905131645485,1.4717228723722715,0.0,0.0,1.512,-0.009722113371872846,-0.011022385144745793,0.00011848802233605917,0.07731563046639671,0.45796805514579364,-0.956163946213116,0.42276559963069626
0.758,0.07910811327656361,-0.07949125049838066,1.4762415998406244,0.0,0.0,1.516,-0.009737685059486639,-0.0110518220878523,0.0001181200746868276,0.08423531065783353,0.4521398935604021,-0.9515931975864672,0.41712128338289045
0.76,0.0793947279350655,-0.07977311200803476,1.4807557718442166,0.0,0.0,1.52,-0.009752823782006084,-0.011080349979521075,0.0001177545672129524,0.0911816561995533,0.4462842176470351,-0.9469983819608897,0.4114542784801666
0.762,0.07968095895311028,-0.08005463555623624,1.4852653985438937,0.0,0.0,1.524,-0.00976753257271373,-0.011107974742136536,0.00011739148620292466,0.09815397679450519,0.440401607339735,-0.9423797720586458,0.4057649714262208
0.764,0.07996680441653224,-0.08033581994044818,1.4897705245216597,0.0,0.0,1.528,-0.00978186445702898,-0.011134742984383767,0.00011703019606477289,0.105146882542777,0.43449381970546064,-0.9377359940637686,0.40005559930006274
0.766,0.08025226312678004,-0.0806166644272749,1.4942711755146434,0.0,0.0,1.532,-0.009795826575786412,-0.011160669424649609,0.00011667060202543847,0.1121586473937267,0.42856233407723776,-0.9330677742581557,0.39432713344929704
0.768,0.08053733379420566,-0.0808971681929021,1.4987673828594605,0.0,0.0,1.536,-0.009809462310452087,-0.011185788810927643,0.00011631219584482211,0.11918533757934109,0.4226081970636817,-0.9283739140727263,0.3885812464705094
0.77,0.08082201518108466,-0.0811773304329181,1.5032591780514777,0.0,0.0,1.54,-0.00982282620850727,-0.011210141192168179,0.000115954341685886,0.1262224545586189,0.41663221191373656,-0.9236525769869887,0.38281977665653055
0.772,0.08110630591148969,-0.08145715029126796,1.5077465921635196,0.0,0.0,1.544,-0.009835943097767929,-0.011233752507902693,0.00011559672881049662,0.13326700114266338,0.41063582952387656,-0.9189036245445121,0.3770441212259745
0.774,0.08139020484686543,-0.08173662700945422,1.5122296556296975,0.0,0.0,1.548,-0.009848864596327193,-0.011256659621283754,0.00011523875180686016,0.14031502176890756,0.4046197607228066,-0.9141255779423567,0.37125602726989926
0.776,0.08167371081907898,-0.08201575981652508,1.5167083990096404,0.0,0.0,1.552,-0.00986163980068887,-0.011278898482339246,0.00011487982869751818,0.147362625130402,0.3985847959941926,-0.9093170723513204,0.3654572119936359
0.778,0.08195682265227817,-0.08229454793553156,1.521182852931518,0.0,0.0,1.556,-0.009874312615456843,-0.011300502644348703,0.00011451943256803631,0.1544062463096333,0.39253183213226506,-0.9044770786934124,0.3596492972642833
0.78,0.08223953928086275,-0.08257299062403751,1.5256530477107908,0.0,0.0,1.56,-0.009886916685824497,-0.011321499705104673,0.00011415715494698683,0.16144342265880618,0.38646183980309323,-0.8996054699392528,0.3538336367555479
0.782,0.08252185963495805,-0.08285108714677739,1.5301190135642053,0.0,0.0,1.564,-0.00989950009858339,-0.011341924178982965,0.00011379242083990212,0.16847068813645952,0.38037552183568457,-0.8947011362715414,0.34801186565857933
0.784,0.08280378265364738,-0.08312883675596955,1.5345807810347019,0.0,0.0,1.568,-0.009912093918594251,-0.011361802110738867,0.00011342484623513511,0.1754857555011816,0.37427387017061853,-0.8897641180578024,0.34218530864057994
0.786,0.08308530726318122,-0.08340623868336916,1.5390383810963058,0.0,0.0,1.572,-0.009924714058680954,-0.011381152125309223,0.00011305421702065331,0.1824873060855031,0.36815815007364905,-0.88479543528121,0.33635503425649627
0.788,0.08336643248331713,-0.08368329221139154,1.543491843997619,0.0,0.0,1.576,-0.009937392167599821,-0.01139999976352237,0.00011268014307150912,0.1894733059373716,0.36202925505096517,-0.8797952424177153,0.3305223269526867
0.79,0.08364715728803716,-0.08395999657905014,1.547941200592902,0.0,0.0,1.58,-0.00995013673866019,-0.011418358023139152,0.00011230249450075851,0.19644302157872265,0.3558884293908591,-0.8747650500139372,0.3246881847494505
0.792,0.0839274806658242,-0.08423635102295186,1.5523864818246333,0.0,0.0,1.584,-0.009962949441073234,-0.011436235997598626,0.00011192121944469629,0.20339620837739367,0.3497369945232258,-0.8697068255174549,0.3188534996543393
0.794,0.08420740165712363,-0.08451235480304392,1.5568277184562798,0.0,0.0,1.588,-0.009975834806719323,-0.01145364444695467,0.0001115362354550971,0.21033266225141276,0.3435762151683466,-0.8646224921932935,0.3130191354845837
0.796,0.08448691933308303,-0.08478800713789551,1.5612649416511513,0.0,0.0,1.592,-0.009988767298668983,-0.011470570776431337,0.00011114780107713937,0.21725393426552353,0.3374073547847358,-0.8595156255318037,0.3071858660352029
0.798,0.08476603271874729,-0.0850633072675905,1.5656981823104552,0.0,0.0,1.596,-0.010001744644983396,-0.011487019801930811,0.00011075591028839783,0.2241600956057455,0.33123164964944407,-0.8543884366271906,0.30135459819759713
0.8,0.0850447408383361,-0.08533825443742345,1.5701274713124094,0.0,0.0,1.6,-0.010014766625032133,-0.011502998580517485,0.0001103605342266642,0.23105113039366149,0.3250503730577883,-0.8492430562705975,0.2955262080151093
0.802,0.08532304277359934,-0.08561284787989576,1.574552839655645,0.0,0.0,1.6039999999999999,-0.010027819570744079,-0.011518502160919096,0.0001099617961626015,0.23792781339443184,0.31886468436005755,-0.8440822771244374,0.289701561862566
0.804,0.08560093764441698,-0.08588708682172426,1.5789743183948806,0.0,0.0,1.608,-0.010040882767239068,-0.011533519071252572,0.00010955989963183576,0.24479133220376753,0.31267566569144134,-0.8389092220080141,0.28388152345059203
0.806,0.08587842451054892,-0.08616097049874638,1.5833919384964035,0.0,0.0,1.612,-0.010053946610369052,-0.011548048120800517,0.00010915492336605139,0.2516422237668307,0.30648452094596457,-0.8337264931705699,0.27806696069481673
0.808,0.08615550251021555,-0.08643449814038917,1.5878057309927194,0.0,0.0,1.616,-0.010066998062637654,-0.011562084386379283,0.00010874698254627795,0.25848103111047954,0.30029232952679397,-0.8285365385433819,0.2722587058356717
0.81,0.08643217081356402,-0.08670766897415336,1.5922157269371713,0.0,0.0,1.6200000000000003,-0.010080024064182607,-0.011575622629092895,0.00010833619162068765,0.2653081950099458,0.29410012445585854,-0.8233416397018127,0.2664575728473637
0.812,0.08670842856302868,-0.08698048222673546,1.596621957387192,0.0,0.0,1.624,-0.010093006585209537,-0.011588653517787732,0.00010792272445506351,0.27212462532691045,0.287908963513997,-0.81814459846734,0.26066440517266265
0.8140000000000001,0.08698427493814843,-0.08725293712465855,1.6010244533938522,0.0,0.0,1.6280000000000001,-0.010105933628033923,-0.011601172940226948,0.00010750668408291936,0.27893063304473786,0.2817198779223151,-0.812947547859497,0.25487999918646675
0.8160000000000001,0.08725970914100838,-0.08752503289803132,1.6054232459437987,0.0,0.0,1.6320000000000001,-0.010118808616155755,-0.011613190890159797,0.00010708799435345586,0.28572522738721745,0.27553393867921283,-0.8077512854469227,0.24910506939519794
0.8180000000000001,0.08753473038786785,-0.08779676877153167,1.6098183660989744,0.0,0.0,1.636,-0.0101316218073607,-0.011624705118488513,0.00010666673068563287,0.2925084128297722,0.2693521376360528,-0.8025575656185202,0.24334037740571324
0.8200000000000001,0.08780933790859408,-0.08806814397325674,1.614209844844947,0.0,0.0,1.6400000000000001,-0.010144375177968344,-0.011635724897012529,0.00010624283310102541,0.2992792363859999,0.2631755289376526,-0.7973671666976015,0.23758659766624646
0.8220000000000001,0.08808353093962541,-0.08833915773446169,1.6185977130837168,0.0,0.0,1.6440000000000001,-0.010157079138827605,-0.011646268631759635,0.00010581614468232487,0.3060360876216707,0.25700524469114994,-0.7921802026099636,0.23184431526817306
0.8240000000000001,0.08835730874517918,-0.08860980928502504,1.6229820017460335,0.0,0.0,1.6480000000000001,-0.010169747346002669,-0.011656356684700648,0.00010538646780897488,0.3127769799259364,0.2508423636358881,-0.7869963581813915,0.22611411300334838
0.8260000000000001,0.08863067059874816,-0.08888009785628999,1.6273627416883742,0.0,0.0,1.6520000000000004,-0.010182394969427137,-0.011666013160266055,0.00010495358885702214,0.31949983951927086,0.2446880461950378,-0.7818152126413525,0.22039647276520924
0.8280000000000001,0.08890361578831786,-0.08915002267737758,1.63173996373893,0.0,0.0,1.6560000000000001,-0.010195026848932363,-0.011675255646240053,0.0001045174166209165,0.32620345052725774,0.23854350187949036,-0.7766371641722893,0.21469179400627014
0.8300000000000001,0.08917614361936489,-0.08941958298152912,1.6361136986989584,0.0,0.0,1.6600000000000001,-0.010207670019121583,-0.011684119422466128,0.00010407759674313224,0.3328846951158846,0.2324099154784296,-0.7714606934367843,0.20900047217653728
0.8320000000000001,0.08944825340685013,-0.08968877799873992,1.6404839772962974,0.0,0.0,1.6640000000000001,-0.010220338304993411,-0.011692631308223289,0.00010363393300445428,0.3395416160538774,0.22628852651976228,-0.7662854051209707,0.20332281894667337
0.834,0.08971994447741884,-0.08995760695762137,1.6448508301989393,0.0,0.0,1.668,-0.010233041389901377,-0.011700816322496579,0.00010318627959668138,0.346172630371667,0.22018060752797153,-0.7611112466715997,0.19765908380466635
0.836,0.08999121617447037,-0.09022606908847887,1.649214288050683,0.0,0.0,1.672,-0.010245796244435706,-0.011708706393653909,0.00010273440395564531,0.35277551221097675,0.21408745542726015,-0.7559374966571166,0.19200946120753815
0.838,0.09026206784928371,-0.09049416361732374,1.6535743814182207,0.0,0.0,1.6759999999999997,-0.010258615882475655,-0.011716328804261095,0.000102278121574491,0.3593484692824809,0.2080102605550972,-0.7507638349992702,0.18637422239182355
0.84,0.09053249886364167,-0.09076188976776156,1.6579311408049284,0.0,0.0,1.6800000000000002,-0.01027151097083848,-0.011723708885520155,0.00010181727688088738,0.36588996241896843,0.20195017398558623,-0.7455901636505504,0.18075364814181083
0.842,0.09080250859171325,-0.09102924676257869,1.6622845966570765,0.0,0.0,1.684,-0.010284487590353698,-0.011730870520229355,0.0001013517703083977,0.3723988488492497,0.1959084123667284,-0.7404167493218077,0.17514792467883977
0.844,0.09107209640679999,-0.09129623381667022,1.6666347793020866,0.0,0.0,1.688,-0.010297560296888551,-0.011737832753580996,0.0001008813982077454,0.3788736597546148,0.18988565441802008,-0.735243511389388,0.16955775099588666
0.846,0.09134126170181008,-0.091562850147121,1.6709817190493947,0.0,0.0,1.6919999999999997,-0.01031073466857235,-0.011744615959372899,0.00010040606805805342,0.38531348592693077,0.1838829127742,-0.7300708912520766,0.1639834591521614
0.848,0.09161000387644996,-0.09182909496704239,1.6753254461255656,0.0,0.0,1.6960000000000002,-0.0103240170769388,-0.011751237457569019,9.992567765943164e-05,0.3917175149812803,0.17790100860201374,-0.7248993993574099,0.15842554492604577
0.85,0.09187832233040033,-0.09209496748323878,1.6796659906277704,0.0,0.0,1.7,-0.010337415125621646,-0.011757706440077141,9.944010689703698e-05,0.39808514760533614,0.1719403769255824,-0.7197297360283759,0.15288486738355855
0.852,0.09214621647847539,-0.09236046690198806,1.6840033826199645,0.0,0.0,1.704,-0.010350933982988227,-0.011764033675490039,9.894926802412517e-05,0.4044159440859229,0.16600154824993907,-0.7145627274724233,0.14736215768652705
0.854,0.09241368573989672,-0.09262559242490824,1.6883376520630247,0.0,0.0,1.7079999999999997,-0.01036457852841815,-0.011770224567381032,9.845307567428935e-05,0.41070968376322764,0.16008482428460657,-0.7093993924155535,0.14185835014176829
0.856,0.0926807295345797,-0.0928903432466128,1.6926688287615228,0.0,0.0,1.7120000000000002,-0.010378347602434739,-0.011776276177760947,9.795151488354196e-05,0.4169666593009,0.15419043192316206,-0.7042412357201262,0.13637443021843976
0.858,0.09294734729687147,-0.09315471856177672,1.6969969425095326,0.0,0.0,1.716,-0.010392243851635868,-0.011782187229774914,9.7444528029826e-05,0.4231870698615159,0.14831842215368707,-0.6990896382763396,0.13091152764415148
0.86,0.09321353846646613,-0.09341871755979524,1.7013220229781416,0.0,0.0,1.72,-0.010406266995132314,-0.011787950849676385,9.693209215495532e-05,0.429371444452639,0.14246872486377926,-0.6939462801913145,0.12547086475800784
0.862,0.09347930252090382,-0.09368233940741381,1.7056440991972006,0.0,0.0,1.7239999999999998,-0.010420406478338957,-0.01179354881851183,9.641430274933401e-05,0.4355209106728101,0.1366413282516189,-0.6888132891695764,0.12005345943735835
0.864,0.09374463888435189,-0.09394558330267376,1.7099632010607724,0.0,0.0,1.7280000000000002,-0.01043466535029136,-0.011798980945855206,9.589109806409213e-05,0.44163561148254044,0.13083632160566672,-0.6836920217801759,0.11466043479189025
0.866,0.09400954699871536,-0.09420844843326448,1.7142793581787403,0.0,0.0,1.732,-0.01044904220591114,-0.011804240896485543,9.536246824992268e-05,0.44771602774495434,0.12505374677042547,-0.6785841014368263,0.10929289279485543
0.868,0.094274026367863,-0.09447093395435621,1.7185925992002675,0.0,0.0,1.736,-0.010463526238277012,-0.011809314914381714,9.482850964090621e-05,0.4537629581539682,0.119293826540111,-0.6734912399086499,0.10395152818402875
0.87,0.0945380764445647,-0.09473303904793637,1.7229029535667815,0.0,0.0,1.7399999999999998,-0.010478114393731962,-0.011814195363147215,9.428923172359942e-05,0.4597769394176478,0.1135566344925959,-0.6684150760993961,0.09863737152852814
0.872,0.09480169667760836,-0.09499476289808212,1.7272104507814507,0.0,0.0,1.7440000000000002,-0.010492804222794902,-0.01181887508327023,9.374463748055738e-05,0.4657584878718151,0.10784223257962655,-0.6633572432339143,0.09335147956857592
0.874,0.0950648851970178,-0.09525610228293051,1.7315151998111735,0.0,0.0,1.748,-0.010507567974041319,-0.011823345850514626,9.319492980981632e-05,0.471708182918296,0.10215278466361544,-0.658321772961042,0.08809514668046559
0.876,0.09532764279181095,-0.09551705854247411,1.7358171550606103,0.0,0.0,1.752,-0.010522416634235754,-0.011827612142690165,9.264003604149601e-05,0.47762571033213924,0.09648747022522752,-0.6533068821657624,0.08286772005165532
0.878,0.09558996956152647,-0.09577763185103613,1.7401163106739537,0.0,0.0,1.7559999999999998,-0.01053735178532938,-0.011831674250973104,9.207994851458085e-05,0.4835110478314941,0.09084616066839746,-0.6483123681511171,0.07766914630200872
0.88,0.09585186466339157,-0.09603782073223752,1.744412716272216,0.0,0.0,1.7600000000000002,-0.010552363664299635,-0.011835542336243357,9.151472907759266e-05,0.4893637324100535,0.08523029717513986,-0.6433393151142957,0.07249952917394442
0.882,0.09611332738008865,-0.09629762392947307,1.748706414089824,0.0,0.0,1.764,-0.010567443961429354,-0.011839225046814901,9.094443080154208e-05,0.4951833696846688,0.07964110639516797,-0.6383886458584922,0.06735895696900274
0.884,0.096374357757008,-0.096557041522258,1.752997401454276,0.0,0.0,1.768,-0.010582593202356024,-0.01184272183526039,9.036905439686978e-05,0.5009699830706894,0.07407851072706506,-0.6334603019875072,0.062247424120508765
0.886,0.0966349551122598,-0.09681607225398052,1.757285719689304,0.0,0.0,1.7719999999999998,-0.010597806317968552,-0.011846058551219552,8.97886181000478e-05,0.5067223109859443,0.06854425387838403,-0.6285542288244625,0.057164386203319206
0.888,0.09689511880271831,-0.0970747149425303,1.7615714077114226,0.0,0.0,1.7760000000000002,-0.01061307838757546,-0.011849258704205598,8.920314022108253e-05,0.5124392070252,0.06303995189855482,-0.6236704208262219,0.05210936077391204
0.89,0.09715484851450573,-0.09733296903858356,1.7658544839911656,0.0,0.0,1.78,-0.010628405750821626,-0.011852325927562505,8.861264529800244e-05,0.5181205049294385,0.05756613659520238,-0.6188092897596149,0.047082391854205374
0.892,0.09741414377954515,-0.09759083367898845,1.770134976874264,0.0,0.0,1.784,-0.01064378529772891,-0.011855276733627735,8.80171418269188e-05,0.5237653999650336,0.05212391765751756,-0.6139708561243732,0.04208318902329844
0.894,0.09767300410278995,-0.09784830785355741,1.774412918013745,0.0,0.0,1.7879999999999998,-0.010659220030733446,-0.011858148718269722,8.741656799461977e-05,0.5293720300790693,0.04671487554575782,-0.609154039116005,0.03711093985850589
0.896,0.0979314290179753,-0.09810539070901741,1.7786883355331335,0.0,0.0,1.7920000000000003,-0.010674706429260234,-0.011860956977297173,8.681093553914266e-05,0.5349396610972995,0.041340088309445466,-0.6043589332310875,0.03216538900635335
0.898,0.09818941804594279,-0.09836208132180169,1.7829612591370831,0.0,0.0,1.796,-0.010690243894932346,-0.011863726685979807,8.620022220870036e-05,0.5404670532486251,0.036000859058392454,-0.5995851064637644,0.027246031557619843
0.9,0.09844697079423191,-0.09861837881999143,1.7872317145830838,0.0,0.0,1.8,-0.010705844865683614,-0.011866479439471852,8.55842672122173e-05,0.5459530197545844,0.03069736432795478,-0.5948318661231397,0.022353172887421224
0.902,0.09870408679606789,-0.0988742823051854,1.7914997307295595,0.0,0.0,1.8039999999999998,-0.010721509224295454,-0.0118692371893437,8.496304250000737e-05,0.5513964693216051,0.02543072995903095,-0.5900989035660569,0.01748646048552005
0.904,0.09896076558195396,-0.09912979087021238,1.7957653366723616,0.0,0.0,1.8080000000000003,-0.010737236999234054,-0.011872023089533073,8.433651746249177e-05,0.5567962519533248,0.02020212372627761,-0.5853858538004725,0.012645501665209058
0.906,0.09921700638553575,-0.09938490293915571,1.8000285806388272,0.0,0.0,1.812,-0.010753040426903188,-0.01187486190438068,8.370450972991778e-05,0.5621510036477911,0.01501201305045674,-0.5806924505324011,0.007830912545029878
0.908,0.09947280885547499,-0.09963961773041081,1.8042894850831994,0.0,0.0,1.816,-0.01076893307703381,-0.011877753387076919,8.306684895703436e-05,0.5674605802187221,0.009859540014023449,-0.5760189306531146,0.0030439247961856486
0.91,0.09972817344647322,-0.09989393621053916,1.8085480212071834,0.0,0.0,1.8199999999999998,-0.010784903445426474,-0.011880689028895079,8.242368694745478e-05,0.5727255281383267,0.004744998935704792,-0.5713652607839657,-0.001716333240534662
0.912,0.09998309885074029,-0.10014785564488214,1.8128042708783185,0.0,0.0,1.8240000000000003,-0.010800975656209117,-0.011883682749523217,8.177468234435296e-05,0.5779449153325433,-0.0003323280833529285,-0.5667322207198857,-0.006447446759268116
0.914,0.10023758510637609,-0.10040137611310863,1.8170582317115553,0.0,0.0,1.828,-0.010817149006695937,-0.011886734143209949,8.11198431972977e-05,0.5831187652950447,-0.005372420153848645,-0.5621197877583739,-0.01114948610343125
0.916,0.1004916317952878,-0.10065449673180907,1.8213099296044863,0.0,0.0,1.832,-0.010833429049051,-0.01188983830329255,8.045908604801601e-05,0.5882472990234201,-0.010375812967998499,-0.5575286853954473,-0.01582141685663596
0.918,0.10074523836227214,-0.10090721631598529,1.8255593985907794,0.0,0.0,1.8359999999999999,-0.010849820352755508,-0.01189297657194216,7.97923361781002e-05,0.5933314879747829,-0.015343615199619687,-0.5529604897494435,-0.020461524837915857
0.92,0.10099840446065696,-0.10115953413981003,1.8298066603445278,0.0,0.0,1.8400000000000003,-0.010866329096316319,-0.01189615170132588,7.911950468714367e-05,0.5983711346618233,-0.020276047846371714,-0.5484154550545706,-0.025069143624308787
0.922,0.10125112966634009,-0.10141144929284546,1.8340517407496975,0.0,0.0,1.844,-0.010882954836153863,-0.011899349688044595,7.844057962831297e-05,0.6033670519523138,-0.025173728219962554,-0.5438948389998849,-0.029643209962135875
0.924,0.10150341355203249,-0.10166296085161486,1.8382946657173025,0.0,0.0,1.848,-0.010899694534021733,-0.011902552445036704,7.775558030355173e-05,0.6083203165463507,-0.03003731565265788,-0.5394001381553146,-0.034182641262899494
0.926,0.10175525569483307,-0.10191406791059426,1.8425354611211149,0.0,0.0,1.8519999999999999,-0.010916548724116883,-0.011905747507891199,7.70644841899507e-05,0.613231642152441,-0.034867411611964605,-0.5349325201808376,-0.038686381556364224
0.928,0.10200665567380802,-0.1021647695488851,1.8467741524591803,0.0,0.0,1.8560000000000003,-0.010933511079773,-0.011908920558263864,7.63673490836004e-05,0.6181019840617477,-0.039664334451203764,-0.530493331583789,-0.043153717713032
0.93,0.10225761306900745,-0.10241506483924506,1.851010765062254,0.0,0.0,1.86,-0.01095057232906592,-0.011912056601905717,7.566426759964416e-05,0.6229323952538675,-0.04442827569827712,-0.5260839895737264,-0.047584089060989765
0.932,0.10250812745416368,-0.10266495284645584,1.8552453245886578,0.0,0.0,1.864,-0.010967724513390509,-0.011915135887049202,7.495531869761633e-05,0.6277241432512557,-0.04915970640951828,-0.5217061359433215,-0.05197664411124514
0.934,0.1027581984384215,-0.10291443268810793,1.8594778546848323,0.0,0.0,1.8679999999999999,-0.010984955132906059,-0.011918156108617765,7.424063224769762e-05,0.6324777030642573,-0.05385810063406915,-0.517360558315373,-0.05633159398235754
0.936,0.10300782562459403,-0.10316350346488325,1.8637083792409153,0.0,0.0,1.8720000000000003,-0.011002249801628446,-0.011921110391098406,7.352036097866719e-05,0.6371938232820354,-0.058523031236134115,-0.5130483037746096,-0.0606490628960803
0.9380000000000001,0.10325700862417081,-0.10341216428690266,1.8679369215919814,0.0,0.0,1.8760000000000001,-0.011019591753479854,-0.011923995176314647,7.27946851428023e-05,0.6418731343077249,-0.06315380198021242,-0.5087702735208974,-0.06492947205068583
0.9400000000000001,0.10350574703445797,-0.10366041423176653,1.8721635061200093,0.0,0.0,1.8800000000000001,-0.011036969749437728,-0.011926814250960793,7.206372065381197e-05,0.6465157885876129,-0.06774973402403645,-0.5045269162237123,-0.06917320403815513
0.9420000000000001,0.10375404047727002,-0.10390825241492654,1.8763881556788822,0.0,0.0,1.884,-0.011054367227506029,-0.01192957760965032,7.132764389751874e-05,0.6511217307132016,-0.07230958403769033,-0.5003184198630348,-0.0733812590452882
0.9440000000000001,0.10400188858084014,-0.10415567795670724,1.8806108928146243,0.0,0.0,1.8880000000000003,-0.011071767678981508,-0.011932302667036685,7.058662933886773e-05,0.6556905304527675,-0.07683180463312339,-0.49614458283705926,-0.07755495863023815
0.9460000000000001,0.10424929095186565,-0.10440268993922425,1.8848317411584892,0.0,0.0,1.8920000000000001,-0.011089161367283254,-0.011934998167576103,6.98407763965515e-05,0.6602220628549536,-0.08131563474701131,-0.4920055172091785,-0.08169482912597859
0.9480000000000001,0.10449624721529004,-0.10464928746793892,1.8890507234686484,0.0,0.0,1.8960000000000001,-0.011106536706340132,-0.011937688255365777,6.909020221961253e-05,0.6647154617569534,-0.08575955268170382,-0.4879005718223781,-0.08580218418531632
0.9500000000000001,0.10474275699621707,-0.10489546964392941,1.8932678625283856,0.0,0.0,1.9,-0.011123884725697744,-0.011940401994697128,6.83349927902073e-05,0.6691695607710805,-0.09016199159734595,-0.48382878821150244,-0.08987839247069929
0.9520000000000001,0.10498881991605831,-0.10514123557229485,1.8974831807476746,0.0,0.0,1.9040000000000004,-0.011141199642278988,-0.011943152932490127,6.75752005299313e-05,0.6735838847074339,-0.09452221922292803,-0.4797898656752052,-0.09392401771107939
0.9540000000000001,0.1052344355964767,-0.1053865843495698,1.9016967007706753,0.0,0.0,1.9080000000000001,-0.01115847928491311,-0.011945966639122943,6.681083397833998e-05,0.6779572879900319,-0.09883922108017379,-0.4757828380535127,-0.0979399064069712
0.9560000000000001,0.10547960365744506,-0.10563151506876786,1.9059084452488064,0.0,0.0,1.9120000000000001,-0.011175725543162693,-0.011948869693603113,6.604185465130692e-05,0.6822884853750101,-0.10311218210050055,-0.47180659020999816,-0.10192671702573397
0.9580000000000001,0.10572432372406923,-0.10587602684339213,1.910118435939056,0.0,0.0,1.916,-0.011192939426482048,-0.011951878319372564,6.526823417758676e-05,0.6865766888854481,-0.10734062505831743,-0.4678604666621885,-0.10588480444399806
0.96,0.10596859541728873,-0.10612011878011411,1.9143266947392155,0.0,0.0,1.92,-0.011210127670309733,-0.011955008814676064,6.448987885530964e-05,0.6908209843676827,-0.11152441204308061,-0.4639436795556421,-0.10981419268237458
0.962,0.10621241835456981,-0.10636378998259242,1.918533243551195,0.0,0.0,1.924,-0.011227302252699804,-0.011958275342502513,6.370663532642338e-05,0.6950204454824551,-0.11566379932273824,-0.46005541849345616,-0.11371452332818327
0.964,0.10645579215454092,-0.10660703956157619,1.9227381038323903,0.0,0.0,1.9280000000000002,-0.01124447205264206,-0.011961688019722215,6.291838495293636e-05,0.6991744023334096,-0.11975899851685412,-0.4561951088746563,-0.11758550099930964
0.966,0.10669871643419102,-0.10684986663139026,1.9269412967764499,0.0,0.0,1.932,-0.011261647669275595,-0.011965251918187743,6.21249897889384e-05,0.7032823863314702,-0.12381051058070103,-0.4523623601242682,-0.12142655733667296
0.968,0.10694119080675553,-0.10709227030961954,1.931142843390772,0.0,0.0,1.936,-0.01127884685323985,-0.011968964357085679,6.132623190054327e-05,0.7073441404100655,-0.12781956266449834,-0.44855697557702867,-0.12523641549262765
0.97,0.10718321488412151,-0.10733424971099577,1.9353427645467813,0.0,0.0,1.94,-0.011296082179304055,-0.011972822357399701,6.052195285838144e-05,0.711359561415923,-0.13178709765328628,-0.444778900356656,-0.12901409287308258
0.972,0.10742478827599135,-0.10757580394550736,1.9395410810479938,0.0,0.0,1.9439999999999997,-0.01131336148889014,-0.011976822762054137,5.971204913416373e-05,0.7153286923798505,-0.13571380527441435,-0.4410282149205633,-0.132758868866105
0.974,0.10766591058846312,-0.10781693213584768,1.9437378132028902,0.0,0.0,1.948,-0.011330699862666835,-0.011980948002400632,5.889633659054668e-05,0.7192520811251786,-0.13960133236790756,-0.4373054790999243,-0.1364690889976264
0.976,0.1079065814259437,-0.10805763339991663,1.9479329812473634,0.0,0.0,1.952,-0.011348107088482138,-0.011985181190909808,5.807469308950473e-05,0.7231303992068522,-0.1434510176925205,-0.4336113653343529,-0.14014341588219564
0.978,0.1081468003953525,-0.10829790684632626,1.9521266054645317,0.0,0.0,1.956,-0.011365585407934706,-0.01198951611399474,5.7247083936663104e-05,0.7269640373600764,-0.14726342302655432,-0.42994625775273626,-0.14378129701955306
0.98,0.10838656709551774,-0.10853775159272235,1.9563187057015965,0.0,0.0,1.9600000000000002,-0.011383139111082087,-0.011993927284252,5.641345384220949e-05,0.7307542523676682,-0.1510399270856842,-0.4263113837094559,-0.14738137965434867
0.982,0.10862588112467658,-0.10877716675182628,1.9605093017288702,0.0,0.0,1.964,-0.011400766433516446,-0.011998391815392764,5.5573818872648324e-05,0.7345023597960044,-0.1547815016175732,-0.4227080179186111,-0.1509427274869687
0.984,0.10886474208958237,-0.10901615143982417,1.9646984130595633,0.0,0.0,1.968,-0.01141846503566714,-0.012002901090686698,5.472820093527966e-05,0.7382089915496685,-0.15848857861618892,-0.4191367398378233,-0.15446496047640956
0.986,0.10910314958843906,-0.10925470476742498,1.9688860591105737,0.0,0.0,1.972,-0.011436224603944542,-0.012007435095757796,5.387671720619778e-05,0.7418755734826724,-0.162161586730883,-0.41559890803289135,-0.1579477088732133
0.988,0.10934110322009137,-0.10949282584404361,1.9730722591249599,0.0,0.0,1.9759999999999998,-0.01145402980991033,-0.012011976707568085,5.301954390435232e-05,0.7455035357085052,-0.1658005896887766,-0.4120958726283986,-0.16139097922367135
0.99,0.10957860258795445,-0.10973051378502052,1.977257032075773,0.0,0.0,1.98,-0.011471868185972981,-0.012016516206411991,5.215682395585372e-05,0.7490938487278861,-0.16940553410897718,-0.4086285132329852,-0.1647949100406978
0.992,0.10981564729772877,-0.10996776770743705,1.981440396723519,0.0,0.0,1.984,-0.011489725310568842,-0.012021048924559154,5.128872297635864e-05,0.7526472841776937,-0.17297608094989675,-0.4051974992811272,-0.16815993781124888
0.994,0.11005223695324236,-0.11020458672144008,1.9856223717322625,0.0,0.0,1.988,-0.011507574868449541,-0.012025571156445713,5.041554531122132e-05,0.7561649179293279,-0.17651123158320625,-0.4018037918168208,-0.1714871662126114
0.996,0.11028837116151398,-0.11044096994280697,1.9898029755252804,0.0,0.0,1.9920000000000002,-0.01152539364678905,-0.012030085036849924,4.9537558879946544e-05,0.7596474354067531,-0.18000993836197532,-0.39844795188579996,-0.1747777610818123
0.998,0.11052404952992932,-0.11067691649776362,1.9939822262929814,0.0,0.0,1.996,-0.01154317027551005,-0.012034592875778793,4.8654894508451257e-05,0.763095155055152,-0.18347177506525492,-0.3951301658888777,-0.1780322798220092
1.0,0.11075927167089258,-0.11091242550481109,1.9981601420617485,0.0,0.0,2.0,-0.011560876021577168,-0.012039109848223317,4.776788238698482e-05,0.7665082626666394,-0.18689492510687072,-0.39185047570777254,-0.18125267947738705
1.002,0.11099403719661509,-0.1111474960903708,2.0023367406522983,0.0,0.0,2.004,-0.011578490526888948,-0.012043651079867304,4.6876755195860846e-05,0.7698866920339145,-0.1902780170771668,-0.3886086633246465,-0.18444048362035598
1.004,0.11122834571343797,-0.1113821273898279,2.0065120397306426,0.0,0.0,2.008,-0.011596006420505246,-0.01204822121874566,4.598159609013047e-05,0.7732305136646996,-0.1936207523899695,-0.38540463871919967,-0.18759615337534447
1.006,0.11146219683788498,-0.1116163185386125,2.01068605671269,0.0,0.0,2.012,-0.011613407397070096,-0.012052845692704145,4.508258796342207e-05,0.7765390118452214,-0.1969215935720962,-0.382237518633123,-0.190721400385297
1.008,0.11169559018384217,-0.11185006867906577,2.014858808840825,0.0,0.0,2.016,-0.011630685023257417,-0.01205754587053138,4.41798220002172e-05,0.7798114360203823,-0.20017956655841534,-0.37910637679407644,-0.19381738317844205
1.01,0.11192852535666505,-0.11208337695477948,2.0190303132277023,0.0,0.0,2.02,-0.011647831838644854,-0.012062328889945201,4.327337983172179e-05,0.78304772156283,-0.20339426279856637,-0.3760109588891349,-0.19688470341504222
1.012,0.11216100197003039,-0.1123162425200765,2.0232005867378193,0.0,0.0,2.024,-0.011664849427381795,-0.012067217865507648,4.2363234146608495e-05,0.7862467208607032,-0.2065651661363156,-0.3729499266676062,-0.19992408233267667
1.014,0.11239301963381787,-0.11254866453424933,2.027369646071786,0.0,0.0,2.028,-0.011681744089973016,-0.012072230104951186,4.144930275048732e-05,0.7894074338193096,-0.20969221594826293,-0.369922080010782,-0.20293579503260528
1.016,0.11262457795312905,-0.11278064215607138,2.0315375077304823,0.0,0.0,2.032,-0.011698515716409237,-0.012077374662926698,4.0531579455294066e-05,0.7925294717959452,-0.2127753020833391,-0.3669268147285815,-0.20592017535767176
1.018,0.11285567653327681,-0.11301217455551858,2.0357041880436877,0.0,0.0,2.036,-0.011715178340175924,-0.012082662247806259,3.9609891851477794e-05,0.7956119301576141,-0.21581499815228905,-0.36396300819978167,-0.20887688331700388
1.02,0.11308631497653995,-0.1132432609079842,2.0398697031568385,0.0,0.0,2.04,-0.011731749894129792,-0.012088098815545784,3.8684022375324044e-05,0.7986540247444256,-0.21881224804751898,-0.3610296490050495,-0.21180521790314677
1.022,0.113316492882887,-0.11347390038981053,2.0440340690165155,0.0,0.0,2.044,-0.011748243138958876,-0.01209368659581741,3.775381440715787e-05,0.8016553231132666,-0.2217678534479019,-0.35812606500293526,-0.21470462881784674
1.024,0.11354620984909804,-0.11370409218216117,2.0481973013831714,0.0,0.0,2.048,-0.011764673152146953,-0.012099422655175917,3.681908511818595e-05,0.8046155850287289,-0.22468291818142394,-0.3552517664617174,-0.21757427234025606
1.026,0.11377546546763279,-0.11393383547484172,2.052359415844027,0.0,0.0,2.052,-0.011781064804723787,-0.01210529698702905,3.587953851929455e-05,0.8075346267871873,-0.2275593085418181,-0.3524063128486924,-0.22041255125278164
1.028,0.11400425933213124,-0.11416312945540194,2.0565204277896276,0.0,0.0,2.056,-0.011797430671566847,-0.012111303010592597,3.493502248360229e-05,0.8104124848938875,-0.23039812793938985,-0.3495894722419035,-0.223218638350269
1.03,0.11423259103306388,-0.1143919733149907,2.060680352424471,0.0,0.0,2.06,-0.011813782788512462,-0.012117429057186612,3.398539264053024e-05,0.8132494761204256,-0.23320063104654692,-0.346801282555771,-0.22599156301536721
1.032,0.11446046015531243,-0.11462036625074487,2.06483920477024,0.0,0.0,2.064,-0.011830137415748156,-0.01212365356168597,3.30304577160768e-05,0.8160462901149269,-0.23596864160498449,-0.3440421440586193,-0.22872979360982865
1.034,0.11468786628639746,-0.11484830746000783,2.0689969996701785,0.0,0.0,2.068,-0.011846503741022597,-0.012129961790581139,3.207010969528683e-05,0.8188035015299021,-0.23870337548699733,-0.3413123346385866,-0.23143241315142243
1.036,0.11491480901310562,-0.1150757961418392,2.0731537517862257,0.0,0.0,2.072,-0.011862886562441449,-0.012136338975259443,3.110429335560303e-05,0.8215218327155009,-0.24140582209040345,-0.33861227066693034,-0.23409873798453512
1.038,0.11514128791713761,-0.11530283149762999,2.07730947558993,0.0,0.0,2.076,-0.011879286851995331,-0.012142761332205931,3.0133001098614602e-05,0.8242025906791586,-0.24407708922596544,-0.33594294016961546,-0.2367279728150276
1.04,0.11536730258591667,-0.11552941273227502,2.081464185385425,0.0,0.0,2.08,-0.011895705278227621,-0.012149218465162134,2.9156228709892882e-05,0.8268464196777188,-0.24671780242735858,-0.33330466700518413,-0.2393198117394883
1.042,0.11559285260454316,-0.11575553905084233,2.085617895292844,0.0,0.0,2.084,-0.011912134509365385,-0.012155696690923163,2.8174067870765406e-05,0.8294543921942965,-0.24932828674641622,-0.3306981916766857,-0.24187425518719624
1.044,0.11581793755854503,-0.11598120965944582,2.0897706192542578,0.0,0.0,2.088,-0.011928561155687889,-0.012162184761326304,2.7186682731152026e-05,0.8320276570410103,-0.2519084682664246,-0.3281243228510568,-0.24439170852327924
1.046,0.11604255703613238,-0.11620642377317329,2.093922371033306,0.0,0.0,2.092,-0.011944977549443753,-0.012168677014158696,2.619416958009979e-05,0.8345669035291989,-0.2544584137119997,-0.3255834083404244,-0.24687244312143602
1.048,0.1162667106236687,-0.11643118060370528,2.098073164213771,0.0,0.0,2.096,-0.011961364431546878,-0.012175166589089799,2.5196763409877188e-05,0.8370732575834834,-0.2569776024980504,-0.3230762193511075,-0.24931732418889802
1.05,0.11649039790870601,-0.11665547936683865,2.102223012201401,0.0,0.0,2.1,-0.011977701046212916,-0.012181650055318566,2.419471725213877e-05,0.8395477248945574,-0.2594653315633823,-0.3206034012477607,-0.25172740562399004
1.052,0.11671361848335936,-0.11687931929007635,2.1063719282336164,0.0,0.0,2.104,-0.011993973900811267,-0.012188132572652595,2.318819640407736e-05,0.8419906411443833,-0.26192103543616957,-0.3181649329261588,-0.25410360795402426
1.054,0.11693637193662776,-0.11710269959550815,2.1105199253599003,0.0,0.0,2.108,-0.012010156602589023,-0.012194616072033974,2.217752114002601e-05,0.8444029309850329,-0.26434354998109855,-0.3157613655640078,-0.25644745860934637
1.056,0.11715865785964115,-0.11732561951183111,2.1146670164561465,0.0,0.0,2.112,-0.012026224197103532,-0.012201107235206163,2.116299408829197e-05,0.8467852324712037,-0.2667316474459484,-0.3133929612458724,-0.2587605540362205
1.058,0.11738047584634369,-0.11754807828033614,2.118813214236918,0.0,0.0,2.116,-0.012042162705280496,-0.012207617289099566,2.0144786064123893e-05,0.8491375743952841,-0.2690845438018415,-0.311059376807384,-0.2610440510849648
1.06,0.11760182549028404,-0.11777007514010794,2.1229585312291666,0.0,0.0,2.12,-0.012057947433164426,-0.01221415922136286,1.9123195666635824e-05,0.851460263168079,-0.2714008342370888,-0.3087605343414049,-0.26329973477690743
1.062,0.11782270638560213,-0.11799160934119414,2.1271029797967773,0.0,0.0,2.124,-0.012073563826836277,-0.012220746271191456,1.8098399698484243e-05,0.8537532376176489,-0.27367963635612286,-0.30649598931138416,-0.265528872496169
1.064,0.11804311812579943,-0.118212680142529,2.1312465721373597,0.0,0.0,2.128,-0.012089005077461126,-0.012227389876802252,1.707048187799567e-05,0.8560162534089505,-0.27592052253284133,-0.3042651121612359,-0.2677322822156048
1.066,0.11826306030732045,-0.11843328680391482,2.135389320264719,0.0,0.0,2.132,-0.01210425594488163,-0.012234109513406883,1.6039625746086718e-05,0.8582489536140264,-0.27812238537556977,-0.30206715383036986,-0.2699114679722615
1.068,0.11848253252298156,-0.11865342859774264,2.139531236034785,0.0,0.0,2.136,-0.012119316009781844,-0.012240915377927437,1.5005836939874748e-05,0.8604509328790719,-0.2802851632067483,-0.29990131589886154,-0.2720668927952024
1.07,0.11870153436532868,-0.11887310480382973,2.1436723311340447,0.0,0.0,2.14,-0.012134189448901274,-0.012247817027023938,1.3969065389896448e-05,0.8626216561719576,-0.2824090509805955,-0.29776666721616935,-0.27419876853113917
1.072,0.1189200654275595,-0.11909231470822038,2.147812617076878,0.0,0.0,2.144,-0.012148882613913193,-0.012254825692180204,1.2929234207347585e-05,0.8647604256758918,-0.2844943057230081,-0.2956621104716713,-0.27630725057324174
1.074,0.11913812529756855,-0.11931105760535818,2.1519521052240993,0.0,0.0,2.148,-0.01216340172008318,-0.01226194067972981,1.1886271186434817e-05,0.8668671808169719,-0.28654157014901704,-0.2935871768800292,-0.27839211104372374
1.076,0.11935571356605457,-0.11952933279726377,2.156090806757201,0.0,0.0,2.152,-0.012177762869220744,-0.012269167368426474,1.0839982383039241e-05,0.8689411844319525,-0.2885517895047554,-0.2915407225250845,-0.2804528271174966
1.078,0.1195728298200547,-0.11974713959905114,2.160228732560749,0.0,0.0,2.156,-0.012191984889863146,-0.012276502093656222,9.790143246937745e-06,0.8709820769061819,-0.2905263407214596,-0.2895219709088846,-0.28248845132166817
1.08,0.11978947364208355,-0.11996447733911468,2.1643658931756624,0.0,0.0,2.16,-0.012206084200668307,-0.012283928573980899,8.73656238898231e-06,0.8729902382099916,-0.29246687463966875,-0.28753087093130086,-0.2844977684349281
1.082,0.12000564462203119,-0.12018134531832687,2.1685022998163186,0.0,0.0,2.164,-0.012220075216160562,-0.012291450551868642,7.679066456329345e-06,0.8749650791548277,-0.294374305815169,-0.2855664264503296,-0.2864802849379613
1.084,0.12022134234398676,-0.12039774286564421,2.1726379629763564,0.0,0.0,2.168,-0.012233974069528614,-0.012299055710328655,6.617465932253896e-06,0.8769067819021465,-0.29625012808477863,-0.2836283890967412,-0.2884349440999561
1.086,0.12043656638931022,-0.12061366932523256,2.176772892747955,0.0,0.0,2.172,-0.012247797449672101,-0.012306724037714456,5.551566992481736e-06,0.8788159070280313,-0.29809609307130563,-0.281716876090997,-0.29036044037003256
1.088,0.12065131634545093,-0.12082912400732265,2.180907100119031,0.0,0.0,2.176,-0.012261560805509733,-0.01231445269056082,4.481185899549532e-06,0.8806921708812836,-0.29991337722609623,-0.2798311889574848,-0.29225602335921974
1.09,0.12086559179310258,-0.12104410627406768,2.1850405946043563,0.0,0.0,2.18,-0.012275274433906034,-0.012322218935141531,3.4062076607329706e-06,0.8825365026744422,-0.30170343268184735,-0.2779717968879198,-0.2941206982676193
1.092,0.12107939231539322,-0.12125861546635779,2.1891733863352845,0.0,0.0,2.184,-0.012288951655719197,-0.012330007355893964,2.3264786290023335e-06,0.8843493452956817,-0.3034676770521849,-0.2761387013253165,-0.29595349191984843
1.094,0.12129271749514817,-0.12147265093381276,2.1933054851650793,0.0,0.0,2.188,-0.012302602712003714,-0.012337801154995255,1.2418835621853215e-06,0.8861313252992435,-0.3052073877404475,-0.27433207931758913,-0.29775357667736263
1.096,0.1215055669178232,-0.12168621203448297,2.1974369005737637,0.0,0.0,2.192,-0.012316227157630774,-0.012345589005598914,1.524371090881643e-07,0.887883178890185,-0.30692305907864487,-0.27255220855982004,-0.2995209132710647
1.098,0.12171794016683844,-0.12189929813107095,2.20156764196029,0.0,0.0,2.196,-0.012329827851687696,-0.012353354479786331,-9.41884823538542e-07,0.8896057837235956,-0.30861552601109304,-0.27079950453729534,-0.30125512455656817
1.1,0.12192983682931353,-0.12211190858767934,2.205697718594322,0.0,0.0,2.2,-0.01234340045489059,-0.012361088119692573,-2.041018881134066e-06,0.8912999280854813,-0.31028502166047767,-0.26907429200765254,-0.3029564357561755
1.102,0.12214125649548917,-0.12232404276958786,2.209827139644209,0.0,0.0,2.204,-0.01235693504683845,-0.012368786111816698,-3.1448338219247975e-06,0.8929663198514938,-0.3119313101617263,-0.2673768144158906,-0.3046255414601669
1.104,0.12235219875622222,-0.12253570004920025,2.2139559140082383,0.0,0.0,2.208,-0.012370416131498302,-0.012376445903127411,-4.25313020491856e-06,0.8946058047719246,-0.3135537880551406,-0.2657074456577399,-0.3062635083689493
1.106,0.12256266320656169,-0.12274687980126568,2.2180840506058073,0.0,0.0,2.212,-0.012383831752289437,-0.012384068752480689,-5.365751211304517e-06,0.8962189211562162,-0.3151520242966564,-0.26406625766585773,-0.30787122938143013
1.108,0.12277264944254757,-0.1229575814042238,2.2222115581342297,0.0,0.0,2.216,-0.01239716170020632,-0.012391659144251728,-6.482439643300914e-06,0.8978063402480325,-0.3167249965505545,-0.26245344868106657,-0.30945019186149714
1.11,0.12298215706315302,-0.12316780424180075,2.226338445104137,0.0,0.0,2.22,-0.012410381543090359,-0.012399225939645753,-7.602887034672557e-06,0.8993686686135194,-0.3182713335694213,-0.2608691497866099,-0.31100223422685047
1.112,0.12319118567479087,-0.12337754772387122,2.2304647195622778,0.0,0.0,2.224,-0.012423477077847014,-0.012406782029295543,-8.726910727440125e-06,0.9009059540546799,-0.3197902614086266,-0.2593129357730353,-0.3125286037213028
1.114,0.12339973487325724,-0.12358681122685615,2.2345903902427766,0.0,0.0,2.228,-0.012436427241961631,-0.012414332054606356,-9.854242807233848e-06,0.902418890430324,-0.3212806982648475,-0.2577850273872132,-0.3140308465606524
1.116,0.12360780426041289,-0.12379559414807371,2.2387154654340002,0.0,0.0,2.232,-0.012449214681785043,-0.012421885384360103,-1.0984661589350946e-05,0.9039078049290048,-0.3227417091632009,-0.2562852779197232,-0.3155103678526535
1.118,0.12381539344560984,-0.12400389591429259,2.242839952787054,0.0,0.0,2.236,-0.012461827430573837,-0.012429456878242104,-1.2118012882164255e-05,0.90537255295357,-0.3241725736765598,-0.2548130673224899,-0.3169683663172368
1.12,0.12402250203147856,-0.1242117159258569,2.2469638605248274,0.0,0.0,2.24,-0.012474248688229632,-0.01243705646930227,-1.3254082053802389e-05,0.9068134132325091,-0.325572378873568,-0.2533682002454845,-0.3184062258580778
1.122,0.12422912962506555,-0.1244190536102618,2.2510871963355235,0.0,0.0,2.244,-0.012486470729113564,-0.01244469449777708,-1.4392766621517114e-05,0.9082303063758089,-0.32694072935090635,-0.25195012269864026,-0.3198248195080101
1.124,0.12443527583502022,-0.12462590840733083,2.2552099676730974,0.0,0.0,2.248,-0.012498490611549049,-0.01245238073694051,-1.553402321309967e-05,0.9096230027375486,-0.32827751634050467,-0.2505581304017059,-0.32122473654832334
1.1260000000000001,0.12464094027066956,-0.12483227975180733,2.259332182059649,0.0,0.0,2.2520000000000002,-0.012510301215193366,-0.01246012769489624,-1.6677757542277432e-05,0.9109912931912372,-0.32958234116586416,-0.24919153923258797,-0.32260685544854684
1.1280000000000001,0.12484612253848906,-0.12503816709729693,2.2634538467843948,0.0,0.0,2.2560000000000002,-0.012521909795578628,-0.012467935398570195,-1.78240512272689e-05,0.9123350594280101,-0.33085590205440935,-0.247849756294869,-0.323970959549511
1.1300000000000001,0.125050822247584,-0.12524356990311492,2.26757496898429,0.0,0.0,2.2600000000000002,-0.012533323196539945,-0.01247580762810604,-1.8972981500100803e-05,0.9136540101611801,-0.3320987941646221,-0.24653201549764298,-0.32531693748161145
1.1320000000000001,0.12525503900857615,-0.1254484876357885,2.2716955556463154,0.0,0.0,2.2640000000000002,-0.012544550087489587,-0.012483748954601352,-2.012464849022985e-05,0.9149477465647599,-0.33331170316272274,-0.24523744308331752,-0.3266445892668115
1.1340000000000001,0.1254587724272969,-0.1256529197700878,2.27581561373118,0.0,0.0,2.2680000000000002,-0.012555604321365646,-0.012491748749498054,-2.127921423551683e-05,0.9162164424755656,-0.3344959847393883,-0.2439657349470436,-0.3279530423874309
1.1360000000000001,0.12566202211272096,-0.1258568657899187,2.2799351499852776,0.0,0.0,2.2720000000000002,-0.012566503439382046,-0.012499801066829538,-2.2436887158318162e-05,0.9174598983023429,-0.3356530871125655,-0.24271621501540086,-0.32924133559444313
1.1380000000000001,0.1258647876725258,-0.12606032518596155,2.284054171070576,0.0,0.0,2.2760000000000002,-0.012577266332322264,-0.012507893358159047,-2.359789129092631e-05,0.918678195501595,-0.3367846977945086,-0.24148848606922824,-0.3305082675377995
1.1400000000000001,0.12606706871604115,-0.12626329745220444,2.288172683541271,0.0,0.0,2.2800000000000002,-0.01258790512282201,-0.01251601309515325,-2.4762366383902717e-05,0.9198716604414539,-0.3378921085653618,-0.24028239250527705,-0.33175303142093393
1.1420000000000001,0.12626886485074143,-0.12646578209524262,2.292290693806842,0.0,0.0,2.2840000000000003,-0.012598444762258458,-0.012524140791683866,-2.5930610216920997e-05,0.9210404977098396,-0.33897752331772196,-0.23909765845495706,-0.33297391112285163
1.1440000000000001,0.12647017568811655,-0.12666777862195466,2.2964082081663375,0.0,0.0,2.2880000000000003,-0.012608896882309205,-0.01253226153363214,-2.710275569651924e-05,0.9221851638535262,-0.34004223609326184,-0.2379342564463503,-0.3341700978026219
1.1460000000000001,0.12667100084030797,-0.1268692865455984,2.3005252327979795,0.0,0.0,2.2920000000000003,-0.012619272830489763,-0.012540358360095453,-2.8278931545566894e-05,0.9233062261119556,-0.34108756738614765,-0.2367922681453516,-0.33534075620897064
1.1480000000000001,0.1268713399203328,-0.127070305385894,2.3046417737565474,0.0,0.0,2.2960000000000003,-0.012629584257191304,-0.01254841280195136,-2.9459269718774757e-05,0.9244043147041426,-0.3421148776766481,-0.23567183718654422,-0.3364850112797952
1.1500000000000001,0.12707119254620228,-0.12727083466623468,2.308757836952924,0.0,0.0,2.3000000000000003,-0.01263984058992356,-0.012556413843567975,-3.064387629416545e-05,0.9254797693120108,-0.343125124649711,-0.23457281965818522,-0.33760239059549757
1.1520000000000001,0.1272705583369942,-0.12747087391405382,2.3128734281882646,0.0,0.0,2.3040000000000003,-0.012650044363169506,-0.012564348872542992,-3.183277079927831e-05,0.9265332550767674,-0.3441189180177868,-0.23349539278428633,-0.3386927683951332
1.154,0.1274694369157067,-0.12767042266158288,2.3169885531548804,0.0,0.0,2.308,-0.01266019846057625,-0.012572209261192017,-3.302597744763658e-05,0.9275652397955123,-0.3450967593766951,-0.23243953919214638,-0.3397561266163606
1.156,0.12766782790915399,-0.12786948044439908,2.321103217419736,0.0,0.0,2.312,-0.012670300906887574,-0.012579990815865942,-3.422346082402631e-05,0.928576147192272,-0.3460587134973486,-0.23140519761796763,-0.34079288313619416
1.158,0.12786573094783457,-0.1280680468019597,2.325217426431389,0.0,0.0,2.316,-0.012680345709214851,-0.01258769301929229,-3.5425135637677976e-05,0.9295663712039832,-0.34700450051488735,-0.2303922772981481,-0.3418037995191863
1.16,0.1280631456643935,-0.12826612128030482,2.3293311855415832,0.0,0.0,2.32,-0.012690326597099422,-0.012595314329202864,-3.6630910276532475e-05,0.9305363960101655,-0.34793392345076546,-0.22940077735966302,-0.34278955356040186
1.162,0.12826007169731754,-0.12846370342708685,2.333444499980319,0.0,0.0,2.324,-0.012700231416126164,-0.012602861839193538,-3.7840622271510826e-05,0.9314864908156114,-0.34884614865536495,-0.2284304843726936,-0.3437514584883142
1.164,0.12845650868683392,-0.12866079279728584,2.3375573748683074,0.0,0.0,2.328,-0.012710048081356524,-0.01261034059014709,-3.90541077226889e-05,0.932417040000338,-0.349740486495436,-0.22748129942130224,-0.34469068277595505
1.166,0.12865245627722652,-0.1288573889504241,2.341669815220076,0.0,0.0,2.332,-0.012719761752407539,-0.01261775897506824,-4.0271167674431896e-05,0.9333283806700997,-0.3506160287794773,-0.22655307742654351,-0.3456086122453266
1.168,0.12884791411669205,-0.12905349145091027,2.345781825945231,0.0,0.0,2.336,-0.012729355602495093,-0.012625128304127813,-4.149157814578494e-05,0.9342207930191827,-0.3514717093683057,-0.2256456178493768,-0.346506789448038
1.17,0.1290428818542563,-0.12924909987128722,2.3498934118381283,0.0,0.0,2.34,-0.012738816545814349,-0.012632456761880543,-4.2715164533142475e-05,0.9350945512573796,-0.35230679399861453,-0.22475871562086525,-0.34738642462610725
1.172,0.12923735914446272,-0.12944421378687243,2.3540045775889604,0.0,0.0,2.344,-0.012748124842610873,-0.012639758809341862,-4.394166594802225e-05,0.9359499056622008,-0.35312003264701497,-0.2238921419271852,-0.3482492422612721
1.174,0.1294313456417986,-0.1296388327826782,2.358115327786022,0.0,0.0,2.348,-0.012757269240280587,-0.012647043812802187,-4.517093135673266e-05,0.9367870116582256,-0.3539108149418242,-0.2230455768993136,-0.3490963266574413
1.176,0.12962484100389654,-0.1298329564493004,2.362225666909362,0.0,0.0,2.352,-0.012766237471121052,-0.012654322604037453,-4.640279703743184e-05,0.9376059976465515,-0.3546784667032782,-0.22221867478373147,-0.3499288249235174
1.178,0.12981784489003598,-0.13002658438466674,2.3663355993378556,0.0,0.0,2.356,-0.012775020723280645,-0.012661604588724566,-4.7637142774597414e-05,0.9384069283294141,-0.3554225521452539,-0.2214110286599547,-0.3507476448671583
1.18,0.13001035696049726,-0.13021971619466025,2.3704451293538744,0.0,0.0,2.36,-0.012783615435494132,-0.012668896610268394,-4.887391355592879e-05,0.9391897911092628,-0.35614298062766647,-0.22062215741962243,-0.35155334822024775
1.182,0.130202376878481,-0.13041235149125102,2.3745542611297417,0.0,0.0,2.364,-0.012792017692466141,-0.012676206212337641,-5.011305156715513e-05,0.9399545536370485,-0.3568396785066425,-0.21985156142916124,-0.3523464788013129
1.184,0.13039390430656025,-0.1306044898959942,2.378662998753338,0.0,0.0,2.368,-0.012800231537272434,-0.012683534540479165,-5.135459558625411e-05,0.9407011950413504,-0.357513136213872,-0.2190987553914407,-0.3531270150626444
1.186,0.13058493890970593,-0.13079613103702564,2.382771346206096,0.0,0.0,2.372,-0.012808262683133094,-0.012690882817622874,-5.2598606523873945e-05,0.941429625313135,-0.3581639643780583,-0.21836318709231184,-0.3538948144232221
1.188,0.13077548035379408,-0.13098727455014716,2.386879307380809,0.0,0.0,2.376,-0.012816117890414815,-0.012698247397697012,-5.384515870833499e-05,0.9421399578743025,-0.35879296239308467,-0.21764450724935303,-0.35464954362072765
1.19,0.13096552830599179,-0.1311779200789982,2.3909868860692183,0.0,0.0,2.38,-0.01282380916587753,-0.012705622935972613,-5.509439126481606e-05,0.9428321875812954,-0.3594012655502004,-0.21694225146891383,-0.3553905327964187
1.192,0.13115508243514404,-0.1313680672738776,2.3950940859752556,0.0,0.0,2.384,-0.012831347462932732,-0.012713000408683684,-5.634643205480271e-05,0.9435065254045372,-0.3599900516739822,-0.21625617061068442,-0.3561170673483603
1.194,0.1313441424114712,-0.13155771579244954,2.3992009107085375,0.0,0.0,2.388,-0.012838745768902446,-0.012720367787179747,-5.760143474659197e-05,0.944163251477526,-0.3605606947978483,-0.2155860856860154,-0.3568282349938952
1.196,0.13153270790769592,-0.13174686529821325,2.403307363789376,0.0,0.0,2.392,-0.01284601636014069,-0.01272771202548605,-5.8859543671468305e-05,0.9448027100816904,-0.3611145364595029,-0.21493188280099035,-0.3575231538890979
1.198,0.1317207785984105,-0.13193551546132984,2.4074134486465244,0.0,0.0,2.396,-0.012853172091648348,-0.01273501781088951,-6.0120910597915505e-05,0.9454253284681934,-0.3616530044580347,-0.21429353176485588,-0.35820085413711766
1.2,0.13190835416107208,-0.13212366595745895,2.411519168621741,0.0,0.0,2.4,-0.012860224855745344,-0.012742269808192914,-6.138567405550278e-05,0.9460315603853092,-0.36217743587531476,-0.21367103032697504,-0.3588604543741804
1.202,0.13209543427626652,-0.13231131646738853,2.415624526970323,0.0,0.0,2.404,-0.012867184995693667,-0.012749453148655958,-6.265395173362038e-05,0.946621880357046,-0.36268902790721674,-0.2130643984821708,-0.3595012108388826
1.204,0.13228201862807235,-0.13249846667694337,2.419729526861832,0.0,0.0,2.408,-0.012874061780225845,-0.01275655463886454,-6.392584863159511e-05,0.9471967169031558,-0.36318882396105934,-0.2124736126467085,-0.3601225313593608
1.206,0.1324681069037263,-0.1326851162771693,2.4238341713793154,0.0,0.0,2.412,-0.012880863280093325,-0.01276356177606679,-6.52014541445788e-05,0.9477564995838236,-0.36367774027560423,-0.2118986520474641,-0.36072394871482144
1.208,0.132653698799216,-0.13287126496730034,2.4279384634449976,0.0,0.0,2.416,-0.012887592663668868,-0.012770468922630266,-6.648079963558375e-05,0.9483015103247336,-0.36415613555245224,-0.21133935399513987,-0.36130554822913125
1.21,0.13283879400551735,-0.1330569124417262,2.432042406075598,0.0,0.0,2.42,-0.012894255829527553,-0.012777266521466402,-6.776394850507885e-05,0.9488321197591165,-0.36462468862216235,-0.21079564102999027,-0.36186709797288397
1.212,0.1330233922282623,-0.1332420584097241,2.4361460020099637,0.0,0.0,2.424,-0.012900850896223169,-0.012783954645260989,-6.90508681184327e-05,0.9493485345635376,-0.3650832713225554,-0.21026728055263316,-0.3624091644411293
1.214,0.13320749310171587,-0.13342670250969504,2.440249254726895,0.0,0.0,2.428,-0.01290737952974069,-0.012790528353214092,-7.034156689894349e-05,0.9498510991578304,-0.36553215672299855,-0.20975407707982396,-0.362932012472984
1.216,0.13339109625861467,-0.133610844378593,2.444352167562148,0.0,0.0,2.432,-0.012913833953186437,-0.01279699341506192,-7.16359317766017e-05,0.9503400264151088,-0.36597072962176347,-0.2092556847077366,-0.3634368134639505
1.218,0.1335742016513482,-0.13379448396937235,2.4484547409295776,0.0,0.0,2.436,-0.012920212063609013,-0.012803351610191539,-7.2933932140984e-05,0.9508153416284513,-0.3663988397572668,-0.20877205563854478,-0.3639237921331267
1.22,0.13375680892476596,-0.133977620930996,2.4525569780229923,0.0,0.0,2.44,-0.012926504465991952,-0.012809610244768538,-7.423543387982926e-05,0.9512772528761251,-0.3668157777135523,-0.2083028530282242,-0.364394199905901
1.222,0.1339389176219346,-0.13416025481335334,2.456658882858271,0.0,0.0,2.444,-0.012932695483307896,-0.012815782384430542,-7.554021944890853e-05,0.9517260189927074,-0.36722041795858523,-0.2078476230648421,-0.3648498699434796
1.224,0.1341205277036908,-0.13434238557799333,2.4607604557718403,0.0,0.0,2.448,-0.01293878347272138,-0.012821869454519763,-7.684826481790723e-05,0.9521616593622161,-0.367612646275513,-0.20740632514202612,-0.3652909779542303
1.226,0.13430163883157048,-0.1345240128944429,2.4648616996427015,0.0,0.0,2.452,-0.01294475531567804,-0.012827883330259193,-7.815938962105126e-05,0.9525843400513739,-0.3679915646213593,-0.20697858910799638,-0.36571895512824026
1.228,0.13448225082284032,-0.13470513658441927,2.4689626160251033,0.0,0.0,2.456,-0.012950604140322316,-0.012833830258113958,-7.947349834705559e-05,0.9529941491191548,-0.36835670372799467,-0.20656421469076092,-0.3661345584372149
1.23,0.1346623630270457,-0.13488575602292183,2.473063210266759,0.0,0.0,2.46,-0.012956308846288296,-0.012839731831587535,-8.079029799783849e-05,0.9533913365287505,-0.36870672896427054,-0.20616240871193375,-0.36654015987172
1.232,0.13484197565559375,-0.13506587141312662,2.4771634806287817,0.0,0.0,2.464,-0.012961876305949502,-0.01284558103000842,-8.210988177468968e-05,0.9537758178859838,-0.36904207553085266,-0.20577342859718095,-0.3669349871103389
1.234,0.13502108802914606,-0.135245482118216,2.4812634324522134,0.0,0.0,2.468,-0.012967292695858432,-0.01285139583051838,-8.343204804146764e-05,0.9541477873693605,-0.3693620633351935,-0.20539636834715425,-0.3673208173624527
1.236,0.13519970034017798,-0.13542458831861803,2.48536306422379,0.0,0.0,2.472,-0.012972561932469725,-0.012857171140029627,-8.475685186180653e-05,0.9545071872086109,-0.3696668850354951,-0.20503148463490134,-0.3676971471063341
1.238,0.13537781220438985,-0.13560318966210966,2.489462378861147,0.0,0.0,2.476,-0.012977681130264576,-0.012862912984707542,-8.60842413629706e-05,0.954854142902951,-0.3699565864925398,-0.20467827791245952,-0.36806455569600083
1.24,0.1355554233906789,-0.13578128593662922,2.493561378122051,0.0,0.0,2.48,-0.012982648401191142,-0.012868625116874002,-8.74141828136109e-05,0.9551887285689199,-0.3702311819425046,-0.20433644736153767,-0.3684234047274375
1.242,0.13573253366477306,-0.1359588769354688,2.497660063686273,0.0,0.0,2.484,-0.012987466259903475,-0.012874306611286647,-8.874669853673083e-05,0.9555110804884991,-0.3704910997681549,-0.2040057450271358,-0.36877365113613
1.244,0.13590914271874088,-0.13613596238679965,2.5017584377633164,0.0,0.0,2.488,-0.012992137943121495,-0.012879956324958959,-9.008181751327831e-05,0.955821377546639,-0.37073689663867837,-0.2036858441158944,-0.36911524466025714
1.246,0.13608525032334864,-0.1363125420867857,2.505856502017417,0.0,0.0,2.492,-0.012996664745330086,-0.012885574229388599,-9.141954677123399e-05,0.9561197532299739,-0.37096889106701986,-0.2033765026977395,-0.36944824295289297
1.248,0.136260856230456,-0.13648861583239494,2.509954258037455,0.0,0.0,2.496,-0.01300105607533563,-0.0128911501035369,-9.275999623956873e-05,0.9564065349186922,-0.3711882134410476,-0.20307763179899752,-0.369771931873325
1.25,0.13643596018705462,-0.13666418340727893,2.5140517075557303,0.0,0.0,2.5,-0.013005317396641574,-0.012896678933285869,-9.41032253621662e-05,0.9566819556183661,-0.3713956077141935,-0.20278904505138556,-0.3700859870991002
1.252,0.13661056197134777,-0.1368392446416537,2.518148851848502,0.0,0.0,2.504,-0.013009458595479242,-0.012902146346914715,-9.544935135333942e-05,0.9569464805202554,-0.37159227951324175,-0.20251082505675916,-0.3703895833274862
1.254,0.13678466134081826,-0.13701379933529384,2.5222456924891508,0.0,0.0,2.508,-0.013013486875494173,-0.01290754389302687,-9.679845634642682e-05,0.9572004253461368,-0.3717791524651986,-0.20224288017712116,-0.37068220356494525
1.256,0.13695825805909898,-0.13718784729609754,2.5263422309703345,0.0,0.0,2.512,-0.013017409492999498,-0.012912862392553187,-9.815062348420106e-05,0.957444127418485,-0.3719571506110552,-0.201985147393189,-0.3709633229769969
1.258,0.13713135192072268,-0.1373613883709325,2.530438468404305,0.0,0.0,2.516,-0.013021233209911377,-0.012918089724772515,-9.950593111934737e-05,0.9576780275110224,-0.37212713729921526,-0.2017377041238932,-0.37123243853988813
1.26,0.1373039426997708,-0.1375344223811082,2.534534406153176,0.0,0.0,2.52,-0.013024965306451319,-0.012923215451108918,-0.00010086446322871584,0.957902503967043,-0.3722900374656739,-0.20150054078682855,-0.3714890112781246
1.262,0.13747603018597934,-0.13770694916686624,2.5386300453714137,0.0,0.0,2.524,-0.013028610561114111,-0.012928231797597169,-0.00010222627271125646,0.9581178707642747,-0.3724464434735743,-0.20127359771979708,-0.37173282066744456
1.264,0.13764761417440421,-0.1378789685750204,2.5427253871465045,0.0,0.0,2.528,-0.01303217336307401,-0.012933131030452884,-0.00010359140778179941,0.9583244446439472,-0.37259689715975675,-0.2010568237894328,-0.37196369070651336
1.266,0.13781869446429906,-0.13805048045779564,2.5468204325189534,0.0,0.0,2.532,-0.013035658547006553,-0.012937904034366909,-0.0001049599225404577,0.958522584714354,-0.37274200255930373,-0.20085021631368366,-0.37218137649170374
1.268,0.1379892708557417,-0.1382214846619665,2.550915182545748,0.0,0.0,2.536,-0.013039065874188448,-0.012942551330156088,-0.00010633180583352736,0.9587124006321018,-0.3728817511738554,-0.20065351674763526,-0.37238625454578994
1.27,0.13815934315662926,-0.13839198104653067,2.555009638170978,0.0,0.0,2.54,-0.013042396196398433,-0.012947070285470026,-0.00010770706108620267,0.9588940874547677,-0.37301625448573134,-0.20046656263796975,-0.3725785696050607
1.272,0.13832891117790727,-0.1385619694706794,2.5591038003191455,0.0,0.0,2.544,-0.013045647805105538,-0.012951462801003807,-0.00010908565880213942,0.959067729687235,-0.3731453276616326,-0.20028908072464863,-0.372758864005644
1.274,0.13849797473659908,-0.1387314497961056,2.5631976698880985,0.0,0.0,2.548,-0.01304881809742676,-0.012955731839278138,-0.00011046755690419249,0.9592334329901222,-0.37326880339764695,-0.2001208221405692,-0.372927658848961
1.276,0.13866653365277576,-0.13890042188978777,2.567291247706248,0.0,0.0,2.552,-0.01305190253290764,-0.012959883550269443,-0.00011185268977886488,0.9593911854383494,-0.3733861707115817,-0.19996142352726237,-0.3730858170263463
1.278,0.1388345877565619,-0.13906888562595945,2.5713845345241655,0.0,0.0,2.556,-0.01305489516342424,-0.012963925933330647,-0.00011324097296357981,0.9595409712271421,-0.37349686139949023,-0.1998105240346063,-0.37323425206499306
1.28,0.13900213689022384,-0.13923684088924543,2.5754775310008244,0.0,0.0,2.56,-0.013057790855842551,-0.012967864986574831,-0.00011463233117869507,0.9596828860861902,-0.37360057801894564,-0.19966788306225147,-0.37337359663725267
1.282,0.13916918087198107,-0.1394042875441479,2.579570237992291,0.0,0.0,2.564,-0.01306058543909894,-0.012971706317661638,-0.00011602670337093215,0.9598169373994062,-0.37369687120866885,-0.19953315487514028,-0.37350465351164813
1.284,0.1393357194354688,-0.13957122539785377,2.583662656614954,0.0,0.0,2.568,-0.01306327161470951,-0.012975459619563383,-0.00011742398275272098,0.9599432027876055,-0.3737851879090076,-0.1994058589421034,-0.3736285325924664
1.286,0.13950175231357728,-0.13973765426489554,2.587754787831789,0.0,0.0,2.572,-0.01306584183354345,-0.01297913543797293,-0.00011882405728368153,0.9600618093360077,-0.3738651253115632,-0.19928552203151523,-0.37374623507377974
1.288,0.13966727970823306,-0.13990357428729203,2.5918466308788592,0.0,0.0,2.576,-0.013068301749303604,-0.01298272599069971,-0.00012022700884723142,0.9601726698286249,-0.37393702275604634,-0.19917250386371232,-0.37385697842340393
1.29,0.13983230123873838,-0.14006898520693276,2.5959381870950646,0.0,0.0,2.58,-0.013070645485893852,-0.01298624180732538,-0.00012163274235094436,0.960275968840707,-0.3740006573229624,-0.199066133124705,-0.37396183919330594
1.292,0.13999681672593406,-0.14023388690234898,2.6000294571105007,0.0,0.0,2.584,-0.013072870277908634,-0.012989687843280443,-0.00012304121259567162,0.9603717925247813,-0.3740559240933521,-0.19896609388343633,-0.37406132402407244
1.294,0.1401608263454738,-0.1403982794926327,2.604120440307399,0.0,0.0,2.588,-0.013074978836336073,-0.012993059240554288,-0.00012445246218577554,0.9604600536943289,-0.37410292588995114,-0.19887269587130635,-0.37415493621522217
1.296,0.14032432983748536,-0.14056216281019485,2.608211137509191,0.0,0.0,2.592,-0.013076971139983662,-0.012996358440999618,-0.00012586647721247608,0.9605409651112183,-0.3741419209579452,-0.1987855491995989,-0.37424301865977505
1.298,0.14048732702283534,-0.14072553673951407,2.6123015492834774,0.0,0.0,2.596,-0.013078847174199996,-0.012999587127890377,-0.00012728324786611504,0.9606146730497782,-0.37417308730268445,-0.19870438511007021,-0.37432580772265683
1.3,0.14064981787396327,-0.14088840126318294,2.6163916757139143,0.0,0.0,2.6,-0.013080607054147821,-0.013002745366786344,-0.00012870277349632923,0.9606812040084858,-0.37419646629860837,-0.1986291665070632,-0.37440332657208253
1.302,0.14081180216168593,-0.14105075625122995,2.62048151734793,0.0,0.0,2.604,-0.01308225648469029,-0.01300582588329877,-0.00013012511487730413,0.9607409943890044,-0.3742129676605095,-0.198559757058835,-0.3744752343969898
1.304,0.14097327979112845,-0.14121260164138352,2.624571074497051,0.0,0.0,2.608,-0.013083795108774686,-0.013008830144270093,-0.0001315502620742288,0.9607941059653226,-0.3742226440474074,-0.19849600175811216,-0.3745416956352627
1.306,0.14113425062791304,-0.14137393735217382,2.6286603475351944,0.0,0.0,2.612,-0.013085224481912098,-0.013011756745525809,-0.0001329782276526101,0.9608407202938,-0.37422581822035406,-0.1984377588347549,-0.3746027097765481
1.308,0.14129471455839107,-0.1415347633451011,2.6327493364811683,0.0,0.0,2.616,-0.013086551131993713,-0.0130145919580921,-0.00013440908912524562,0.9608813961998929,-0.3742235021045929,-0.19838523654510198,-0.3746576094132892
1.31,0.14145467144514615,-0.14169507953239652,2.636838041760946,0.0,0.0,2.62,-0.01308777588559918,-0.013017336184459738,-0.0001358428496003532,0.9609162600991032,-0.3742159174368387,-0.1983382418115326,-0.3747064917958526
1.312,0.1416141211596983,-0.1418548858432298,2.64092646366296,0.0,0.0,2.624,-0.013088901349153073,-0.013019985308564751,-0.00013727953554527216,0.9609455763866628,-0.37420353336885637,-0.19829671159478013,-0.3747492128388735
1.314,0.1417730636508381,-0.14201418228422094,2.6450146019630356,0.0,0.0,2.628,-0.01308992969003672,-0.013022530724886357,-0.00013871917238576575,0.9609697277998092,-0.3741867963112508,-0.19826079957806503,-0.37478555056261936
1.316,0.14193149877736924,-0.14217296877179378,2.6491024570339667,0.0,0.0,2.632,-0.013090863586892213,-0.013024969056173017,-0.0001401617868241818,0.9609889594218967,-0.37416617915768924,-0.19823040705881412,-0.37481537370175133
1.318,0.1420894264243193,-0.14233124525039942,2.6531900290576558,0.0,0.0,2.636,-0.013091705543397515,-0.013027295219674486,-0.00014160740493497038,0.9610035656958544,-0.374142149028332,-0.19820551280019938,-0.3748385276938633
1.32,0.14224684639759227,-0.1424890116735302,2.6572773178835587,0.0,0.0,2.64,-0.013092455325095835,-0.013029503287274714,-0.00014305601474671716,0.9610140763361125,-0.37411504442232385,-0.19818595793559063,-0.3748553550970308
1.322,0.1424037588147614,-0.1426462680741912,2.661364323556077,0.0,0.0,2.644,-0.013093112617457542,-0.013031597121457015,-0.00014450761702525298,0.9610201724338089,-0.37408461423767747,-0.1981718261178499,-0.37486571014138537
1.324,0.14256016346800124,-0.14280301439252582,2.6654510460072824,0.0,0.0,2.648,-0.013093676627675384,-0.013033574365201672,-0.0001459621914970144,0.9610222680298152,-0.37405107256242803,-0.19816281299707122,-0.3748700913613781
1.326,0.1427160603155965,-0.14295925061651954,2.6695374852235423,0.0,0.0,2.652,-0.013094147196411193,-0.013035434545560868,-0.00014741973379535738,0.9610204456568717,-0.3740144623511664,-0.19815885748265827,-0.3748685988387681
1.328,0.14287144938858928,-0.1431149767573758,2.6736236411943204,0.0,0.0,2.656,-0.01309452407414923,-0.013037178875311405,-0.0001488802416965098,0.9610146215481824,-0.37397470387321824,-0.19815997370498323,-0.3748612164078096
1.33,0.14302633052382047,-0.1432701927828138,2.6777095137318394,0.0,0.0,2.66,-0.013094804248393687,-0.013038811098057263,-0.0001503436677885501,0.9610049837889748,-0.37393165492099034,-0.19816571906511882,-0.37484871431607425
1.332,0.14318070371636457,-0.14342489869185907,2.68179510283043,0.0,0.0,2.664,-0.013094987627963796,-0.013040331327016593,-0.0001518100103625362,0.9609915373643705,-0.3738853111804257,-0.19817608020003374,-0.374831115834809
1.334,0.14333456882702272,-0.14357909447232156,2.685880408194431,0.0,0.0,2.668,-0.013095072570154465,-0.01304174408276767,-0.00015327923976110467,0.9609743924207705,-0.3738355874055993,-0.1981905567452369,-0.37480911571075426
1.336,0.14348792581160918,-0.143732780124339,2.6899654296946274,0.0,0.0,2.672,-0.013095058795465847,-0.013043051146745262,-0.00015475134924010175,0.960953570332252,-0.3737824659415526,-0.1982089578228221,-0.37478294430728665
1.338,0.14364077472156334,-0.14388595565039344,2.6940501674581263,0.0,0.0,2.676,-0.013094946788418974,-0.013044250673910374,-0.00015622634805060662,0.9609290360520707,-0.3737259735067418,-0.19823148450955724,-0.37475233995956186
1.34,0.14379311543151954,-0.14403862106730705,2.698134620984009,0.0,0.0,2.68,-0.013094736311929697,-0.013045348527882888,-0.00015770422361074168,0.9609008411970644,-0.37366609903573245,-0.19825751440610517,-0.3747179881775913
1.342,0.14394494793513718,-0.14419077637593072,2.7022187902469414,0.0,0.0,2.684,-0.013094427353795977,-0.013046345005433967,-0.00015918497515932526,0.9608689877161023,-0.37360284194942683,-0.1982870160314517,-0.3746799236505315
1.344,0.14409627220003987,-0.14434242158201477,2.7063026751059556,0.0,0.0,2.688,-0.013094020055682328,-0.01304724145488998,-0.00016066860188910476,0.9608334927353406,-0.37353621875020154,-0.19831982634532802,-0.37463831064745773
1.346,0.14424708817966736,-0.14449355671172373,2.7103862752106753,0.0,0.0,2.692,-0.013093517205867104,-0.01304803770039512,-0.0001621551345856633,0.96079443606843,-0.37346649978198054,-0.1983556816052835,-0.37459322270101236
1.348,0.14439739583557307,-0.1446441817752989,2.714469590365545,0.0,0.0,2.696,-0.01309291946550522,-0.013048734939708609,-0.00016364457844946582,0.9607518486675183,-0.37339375167557354,-0.19839438262080888,-0.37454482384715937
1.35,0.14454719513028846,-0.14479429679465533,2.718552620283374,0.0,0.0,2.7,-0.013092228613675346,-0.013049333424637438,-0.00016513695226746594,0.9607057956375719,-0.3733181560237306,-0.1984357151862844,-0.3744932120453373
1.352,0.14469648608118565,-0.14494390183262829,2.7226353645180716,0.0,0.0,2.704,-0.01309144707078754,-0.013049830544577598,-0.0001666322836086901,0.9606564492442896,-0.37324004215761125,-0.19847965228323033,-0.37443825567121064
1.354,0.14484526863961025,-0.1450929968987437,2.72671782284766,0.0,0.0,2.708,-0.01309057607637172,-0.01305022746574596,-0.00016813058458545289,0.9606038408797646,-0.3731595200432156,-0.19852594830620252,-0.3743801224084615
1.356,0.14499354277829615,-0.14524158202013357,2.730799994974901,0.0,0.0,2.712,-0.013089617279494392,-0.01305052409645038,-0.0001696318726775915,0.9605480491014663,-0.37307677398764777,-0.1985744283734991,-0.37431888127730656
1.358,0.14514130854412802,-0.1453896572750941,2.7348818804437443,0.0,0.0,2.716,-0.013088570651159832,-0.01305071475852426,-0.00017113614508916896,0.9604894388183133,-0.372992090891422,-0.19862532167685826,-0.3742543753076201
1.36,0.14528856589742625,-0.14553722268219202,2.7389634789835364,0.0,0.0,2.72,-0.013087438121343019,-0.013050800295493088,-0.00017264342276222642,0.9604280407457767,-0.3729056378867755,-0.19867838569030766,-0.3741867113530423
1.362,0.1454353148259964,-0.14568427827895894,2.7430447902647606,0.0,0.0,2.724,-0.013086220998016219,-0.013050779480159374,-0.00017415371914116166,0.9603639917538536,-0.3728176201339,-0.19873352766487357,-0.37411591249992965
1.364,0.14558155538203663,-0.14583082426514415,2.747125812944515,0.0,0.0,2.728,-0.013084915028604609,-0.013050648720625098,-0.00017566697058903102,0.9602979927932991,-0.37272826097285533,-0.1987907802530378,-0.37404241130646293
1.366,0.1457272875678497,-0.1459768606160492,2.7512065472195713,0.0,0.0,2.732,-0.013083519899975554,-0.013050408681139885,-0.00017718317516827726,0.9602299545081215,-0.372637467807227,-0.19885017877544736,-0.3739661774777178
1.368,0.14587251136759102,-0.14612238728268181,2.755286993408627,0.0,0.0,2.736,-0.01308203694619307,-0.013050060166556196,-0.00017870235228501234,0.9601597052076906,-0.37254520840103394,-0.1989117015528475,-0.3738870968997861
1.37,0.1460172268325186,-0.14626740441445382,2.7593671505715713,0.0,0.0,2.74,-0.013080460896356859,-0.013049603863891913,-0.0001802244296292597,0.9600876444441646,-0.37245140307200764,-0.1989753104702361,-0.37380567937056786
1.372,0.14616143401313755,-0.14641191215858262,2.7634470177821004,0.0,0.0,2.744,-0.013078786556981437,-0.013049040450094246,-0.00018174933598952167,0.9600141659985353,-0.3723559733074791,-0.19904096797156395,-0.3737224272016189
1.374,0.1463051328665278,-0.14655591038996044,2.7675265958274036,0.0,0.0,2.748,-0.013077018341131107,-0.01304836935030107,-0.0001832771324984839,0.9599389346273998,-0.3722589857929164,-0.19910870597356078,-0.3736369135619564
1.3760000000000001,0.14644832344336017,-0.14669939923366096,2.771605883967617,0.0,0.0,2.7520000000000002,-0.01307515164942291,-0.013047592513987809,-0.0001848077577101906,0.9598621993988989,-0.3721603090593779,-0.19917844909105575,-0.3735495895145723
1.3780000000000001,0.14659100580933415,-0.14684237885185347,2.775684881243443,0.0,0.0,2.7560000000000002,-0.013073180518422942,-0.01304671246877325,-0.00018634113187357103,0.9597842834236743,-0.3720597726508148,-0.19925009957942053,-0.37346103989681967
1.3800000000000001,0.14673317996150165,-0.1469848492372611,2.779763587697927,0.0,0.0,2.7600000000000002,-0.01307110521547873,-0.01304572910150004,-0.0001878772590254716,0.9597051719545011,-0.37195738419534796,-0.1993236618240719,-0.3733712384909591
1.3820000000000001,0.1468748459508336,-0.14712681049306706,2.783842002777652,0.0,0.0,2.7640000000000002,-0.013068923499201718,-0.013044643935218602,-0.00018941611016690333,0.9596249851207964,-0.37185310428824137,-0.1993990383624643,-0.3732804401649351
1.3840000000000001,0.147016003856527,-0.14726826276772767,2.787920125722788,0.0,0.0,2.7680000000000002,-0.013066633137740752,-0.013043459106606953,-0.00019095765716277744,0.9595438412769279,-0.3717469203940533,-0.1994760664198434,-0.37318893664124897
1.3860000000000001,0.14715665369747863,-0.1474092061129805,2.7919979562144697,0.0,0.0,2.7720000000000002,-0.013064231878884834,-0.013042175441454255,-0.00019250187012767833,0.9594618626659058,-0.3716387625755123,-0.19955472274866715,-0.3730969409098601
1.3880000000000001,0.14729679552111125,-0.1475496406227086,2.796075493756931,0.0,0.0,2.7760000000000002,-0.01306171831438148,-0.013040793943287901,-0.00019404873106681505,0.9593791495744757,-0.37152863522257124,-0.19963491544643935,-0.3730046390800507
1.3900000000000001,0.14743642941636917,-0.14768956643206144,2.8001527377733066,0.0,0.0,2.7800000000000002,-0.013059096906383724,-0.013039313412872924,-0.00019559830056072147,0.9592956581213079,-0.3714169133708278,-0.19971643794095156,-0.3729118213473915
1.3920000000000001,0.14757555543058012,-0.1478289836348278,2.8042296877680153,0.0,0.0,2.7840000000000003,-0.013056366233228357,-0.013037734858766428,-0.00019715056049402415,0.959211488946491,-0.37130360056390516,-0.19979919859200562,-0.3728186747258509
1.3940000000000001,0.14771417362973174,-0.1479678923433414,2.808306343209031,0.0,0.0,2.7880000000000003,-0.01305352751139653,-0.013036058299609049,-0.00019870552807814933,0.9591266779073896,-0.37118886691268194,-0.1998830542273632,-0.3727252083067597
1.3960000000000001,0.14785228409249912,-0.14810629267726003,2.8123827035883684,0.0,0.0,2.7920000000000003,-0.013050586685163982,-0.013034280350664661,-0.0002002632815384258,0.9590412305829698,-0.37107318040301723,-0.19996785870426864,-0.3726311076063626
1.3980000000000001,0.14798988689730214,-0.14824418475842385,2.8164587683760356,0.0,0.0,2.7960000000000003,-0.013047548310409154,-0.013032398899115805,-0.00020182388159883659,0.958955147089378,-0.37095692165143296,-0.20005345180616801,-0.37253615395296896
1.4000000000000001,0.14812698212531086,-0.14838156871204936,2.820534537030734,0.0,0.0,2.8000000000000003,-0.013044416975010064,-0.013030412018294796,-0.00020338738971261377,0.9588684163118858,-0.37084047337210463,-0.2001396618215902,-0.3724401270900089
1.4020000000000001,0.14826356986322417,-0.14851844466654623,2.824610009020262,0.0,0.0,2.8040000000000003,-0.013041198362546495,-0.013028316551507102,-0.00020495388100193236,0.9587810431727214,-0.37072428453212086,-0.20022634138360168,-0.3723427320861257
1.4040000000000001,0.14839965019962598,-0.14865481274834372,2.8286851838390215,0.0,0.0,2.8080000000000003,-0.013037896809326313,-0.013026108233633869,-0.0002065234108348102,0.9586931500098049,-0.37060870823661785,-0.20031346119800908,-0.372243766410838
1.4060000000000001,0.1485352232310688,-0.14879067309523905,2.83276006094027,0.0,0.0,2.8120000000000003,-0.013034520295154216,-0.013023782998212392,-0.0002080960849551418,0.9586046880158191,-0.3704943402543586,-0.20040083110416557,-0.37214277900532805
1.408,0.1486702890573092,-0.14892602584594278,2.836834639789183,0.0,0.0,2.816,-0.013031076534476143,-0.013021335953702258,-0.00020967200454948947,0.9585156632329285,-0.37038175387908323,-0.20048831854523486,-0.3720393373035237
1.41,0.14880484779634184,-0.14906087114965402,2.8409089198527533,0.0,0.0,2.82,-0.013027565080747353,-0.01301876493069844,-0.0002112511629422759,0.9584262787279032,-0.3702709656336648,-0.20057598855589953,-0.37193355892036695
1.412,0.14893889955197653,-0.1491952091455596,2.844982900600399,0.0,0.0,2.824,-0.013023987057305581,-0.013016067787044306,-0.00021283357466032277,0.9583366742165755,-0.3701621075075914,-0.2006638343384325,-0.3718254561566692
1.414,0.14907244441787806,-0.1493290399679229,2.849056581498642,0.0,0.0,2.828,-0.013020350473435463,-0.013013239813133607,-0.00021441934508213987,0.9582468357174816,-0.3700557771683681,-0.20075169898897316,-0.3717145768324722
1.416,0.14920518089248455,-0.14946206204133114,2.8531297822579686,0.0,0.0,2.832,-0.013016617104009028,-0.013010200985375222,-0.00021601042482267892,0.9581570973038558,-0.3699533506891605,-0.20083963494360274,-0.3715998166964522
1.418,0.14933719274400042,-0.14959435921162323,2.857202551573379,0.0,0.0,2.836,-0.013012787495124953,-0.013006975887370284,-0.00021760614398637034,0.9580678091963127,-0.36985380487852976,-0.20092777689530011,-0.37148240625430645
1.42,0.14946893273607822,-0.14972638443701164,2.8612751585172815,0.0,0.0,2.84,-0.013008917292612974,-0.013003683965629424,-0.00021920355527014912,0.9579787718634697,-0.36975501303080904,-0.20101597582752606,-0.3713644306106809
1.422,0.14960012927696428,-0.1498578660545227,2.8653474404997774,0.0,0.0,2.844,-0.013004961692785824,-0.013000262094863484,-0.0002208042839914498,0.9578902748829694,-0.36965740760874144,-0.20110424855565479,-0.3712457189313615
1.424,0.1497308286222014,-0.14998885035086537,2.8694194247035156,0.0,0.0,2.848,-0.013000922606595113,-0.012996725917658266,-0.00022240798249139107,0.9578023155091291,-0.3695604831809732,-0.20119253824371458,-0.37112683045104194
1.426,0.14986118584064112,-0.15011949245040182,2.8734912035562696,0.0,0.0,2.852,-0.012996820687177592,-0.01299311593093538,-0.0002240136620360248,0.9577147544883294,-0.3694636255258819,-0.20128078351940742,-0.37100830626482223
1.428,0.14999112619645202,-0.15024971760995467,2.877562731986248,0.0,0.0,2.856,-0.012992639538640025,-0.012989418502359646,-0.00022562171960271074,0.957627690430074,-0.3693666543349527,-0.20136894505688668,-0.37089046029952305
1.43,0.15012058414510168,-0.15037946028996624,2.8816339701574085,0.0,0.0,2.86,-0.012988360943615695,-0.012985625256820134,-0.00022723245553400929,0.9575412250493567,-0.3692691313335347,-0.20145694579204299,-0.37077390473306615
1.432,0.15024955381990251,-0.15050871464857585,2.8857049138583553,0.0,0.0,2.864,-0.012983975904637816,-0.012981742297865173,-0.00022884580618754756,0.9574554059944743,-0.36917051975248194,-0.20154469912093853,-0.37065930792025525
1.434,0.15037802942788403,-0.1506374749022243,2.889775559338081,0.0,0.0,2.868,-0.012979480562689058,-0.012977770955704904,-0.00023046177162686015,0.9573702591380137,-0.3690706435033609,-0.20163217377408155,-0.3705469018356696
1.436,0.1505060003254895,-0.15076573045410496,2.893845898964953,0.0,0.0,2.872,-0.012974861427443014,-0.012973719508600592,-0.00023208027330019567,0.9572858924218854,-0.36896882362725036,-0.2017192421108478,-0.37043759658291686
1.438,0.15063347066831384,-0.15089348544718412,2.8979159355794213,0.0,0.0,2.876,-0.012970122699006138,-0.012969585703910564,-0.0002337013308552484,0.9572022754057794,-0.36886527026823396,-0.20180594107618915,-0.3703311157969264
1.44,0.1507604381193193,-0.15102073759015924,2.9019856666675254,0.0,0.0,2.88,-0.012965257678527674,-0.012965374935391436,-0.00023532488630989033,0.957119503568196,-0.3687597372842145,-0.20189217121340675,-0.37022789778924525
1.442,0.15088690221645376,-0.1511474864300205,2.906055091732233,0.0,0.0,2.884,-0.012960265041450201,-0.012961088269707552,-0.00023695092929595872,0.9570375959220674,-0.3686521759971426,-0.20197791285664846,-0.37012802924210575
1.444,0.15101286243336418,-0.15127373148056641,2.9101242095663302,0.0,0.0,2.888,-0.01295514607045166,-0.012956725234784435,-0.00023857948965611675,0.9569566098990709,-0.36854289426758974,-0.20206307680771957,-0.37003134866924187
1.446,0.15113831794287783,-0.15139947193972944,2.914193019088529,0.0,0.0,2.892,-0.012949899228361242,-0.01295228723591533,-0.00024021056030156895,0.9568765901202653,-0.3684319134983856,-0.2021476079081646,-0.36993793348809983
1.448,0.1512632686396473,-0.15152470773087418,2.9182615196233583,0.0,0.0,2.896,-0.012944527848600866,-0.012947772254222587,-0.00024184419191389548,0.956797560942564,-0.3683196111006282,-0.2022314329907085,-0.36984750445105535
1.45,0.15138771503180534,-0.15164943939372916,2.9223297108442043,0.0,0.0,2.9,-0.012939039393509698,-0.012943175366641765,-0.0002434804840960996,0.9567195292118075,-0.3682066652065266,-0.20231446393937974,-0.36975948039014866
1.452,0.151511657287551,-0.15177366712714968,2.9263975922231382,0.0,0.0,2.904,-0.012933440133916587,-0.012938492416845634,-0.00024511952347639176,0.9566425075093816,-0.3680936570232281,-0.20239661712916396,-0.36967337787598115
1.454,0.1516350957827794,-0.15189739133924982,2.93046516337729,0.0,0.0,2.908,-0.012927744414166574,-0.012933713094551824,-0.00024676149843476657,0.9565664719564759,-0.36798167099864904,-0.20247778700269886,-0.3695881982455393
1.456,0.15175803072319638,-0.1520206122664208,2.9345324237992845,0.0,0.0,2.912,-0.012921958084062548,-0.012928833586367858,-0.00024840649000430775,0.9564914369858825,-0.36787126564132316,-0.20255789088782356,-0.369503481543033
1.458,0.15188046230038588,-0.15214333012858838,2.9385993730207667,0.0,0.0,2.916,-0.012916091653348026,-0.012923845566434465,-0.00025005463763176845,0.9564174326929092,-0.36776324330074434,-0.20263687867418917,-0.36941850759098377
1.46,0.15200239068661,-0.15226554512562518,2.9426660105723337,0.0,0.0,2.92,-0.012910156166665297,-0.012918740053843216,-0.00025170608743156755,0.9563444962432646,-0.3676584277434769,-0.20271471046990308,-0.3693325315626401
1.462,0.15212381613609785,-0.152387257542472,2.946732335989037,0.0,0.0,2.924,-0.012904160399356022,-0.012913510846362643,-0.0002533609573288356,0.9562726348678915,-0.3675575518825236,-0.2027913030502465,-0.36924491319598507
1.464,0.1522447393047405,-0.15250846810037638,2.9507983479656246,0.0,0.0,2.928,-0.012898122993225621,-0.012908136531471538,-0.00025501949226359967,0.9562022523623043,-0.367462021908572,-0.20286683757475388,-0.36915446483116665
1.466,0.1523651599517492,-0.15262917653354116,2.954864046984586,0.0,0.0,2.932,-0.012892036643532452,-0.012902624972450646,-0.00025668159835247193,0.956133217227583,-0.36737128131537766,-0.20294126523724765,-0.3690616609438401
1.468,0.15248507816911633,-0.15274938294040585,2.9589294328730764,0.0,0.0,2.936,-0.012885901250802077,-0.012896975235139245,-0.00025834727667282037,0.9560655918803677,-0.3672853253843658,-0.20301461851658337,-0.368966534615729
1.47,0.15260449466320208,-0.1528690880816322,2.9629945042852652,0.0,0.0,2.94,-0.012879721509906732,-0.012891175562690925,-0.0002600165939488357,0.9559998613095578,-0.36720451674013793,-0.2030871524987909,-0.3688689437880441
1.472,0.15272340906869572,-0.1529882915638261,2.9670592619171807,0.0,0.0,2.944,-0.012873494992237139,-0.012885232035677742,-0.00026168951830222054,0.9559357752327389,-0.3671286678211415,-0.20315873528348527,-0.3687689619768205
1.474,0.1528418218391659,-0.15310699386661894,2.9711237049534844,0.0,0.0,2.948,-0.012867216755439895,-0.012879144803118048,-0.000263365992132935,0.9558735819992134,-0.36705736455435184,-0.20322947764901372,-0.3686671341614967
1.476,0.15295973324660572,-0.1532251952776328,2.9751878329052404,0.0,0.0,2.952,-0.012860883835573891,-0.012872913954454382,-0.0002650459816767047,0.9558134307397689,-0.3669903586250785,-0.20329944603198463,-0.36856378716525223
1.478,0.15307714341509973,-0.1533428959266009,2.979251645559222,0.0,0.0,2.956,-0.012854493773326524,-0.012866540857001708,-0.00026672945861797357,0.9557553692113535,-0.3669274414219619,-0.2033686525485463,-0.36845916329412753
1.48,0.15319405275186426,-0.15346009622762385,2.9833151422929864,0.0,0.0,2.96,-0.012848029790334822,-0.012860040432293022,-0.0002684162160102056,0.9556993916354599,-0.3668671784835419,-0.20343699374360114,-0.36835479078066313
1.482,0.15331046144715768,-0.15357679638217728,2.9873783227626354,0.0,0.0,2.964,-0.012841490026113506,-0.012853412487963014,-0.0002701062336164074,0.9556456064564137,-0.36680941443804493,-0.20350451958953042,-0.3682508803294543
1.484,0.15342636976746749,-0.1536929966632066,2.9914411865560218,0.0,0.0,2.968,-0.012834865525349572,-0.012846664909088614,-0.0002717994026915343,0.9555940251261298,-0.3667533934851142,-0.20357117625905113,-0.36814825047218186
1.486,0.15354177800325985,-0.153808697359781,2.995503733297706,0.0,0.0,2.972,-0.012828141460746498,-0.012839813556487962,-0.00027349554153353016,0.9555445168387127,-0.36669787434351453,-0.20363677928039436,-0.3680481955525503
1.488,0.15365668642391178,-0.15392389874678902,2.999565962579965,0.0,0.0,2.976,-0.012821308169488049,-0.012832867276390238,-0.00027519453267444105,0.955497075872956,-0.36664204271201867,-0.2037012590774377,-0.3679515914385308
1.49,0.15377109531309768,-0.15403860110916875,3.0036278740484503,0.0,0.0,2.98,-0.012814354959945115,-0.012825838019602045,-0.0002768962475338497,0.9554516034843038,-0.36658505441770656,-0.20376446641074758,-0.36785933257482556
1.492,0.15388500495166363,-0.15415280473031245,3.007689467370176,0.0,0.0,2.984,-0.012807273850464065,-0.012818735449087678,-0.0002786005925775211,0.955408011001685,-0.3665263343710202,-0.20382626600729958,-0.36777204095104965
1.494,0.1539984156160471,-0.15426650988982574,3.0117507421460377,0.0,0.0,2.988,-0.01280005327732949,-0.012811570874467085,-0.00028030742666259315,0.9553662513236301,-0.3664649072605336,-0.20388654993750688,-0.36769075098365933
1.496,0.15411132777248845,-0.15437971706243903,3.015811697871369,0.0,0.0,2.992,-0.01279268689039293,-0.012804354590662224,-0.0002820166819556405,0.9553261906694526,-0.36640045537374505,-0.20394511667206033,-0.36761585039676675
1.498,0.15422374139449657,-0.1544924262228335,3.0198723345903593,0.0,0.0,2.996,-0.012785177685852151,-0.012797083762028729,-0.000283728398413027,0.9552878433706465,-0.3663332311296603,-0.2040019869715629,-0.3675470803816755
1.5,0.1543356571809162,-0.15460463809124647,3.0239326515426934,0.0,0.0,3.0,-0.012777525079098528,-0.012789764693792163,-0.00028544258610123846,0.9552510804399622,-0.36626344495312974,-0.2040569282886407,-0.3674843380620621
1.502,0.15444696924391604,-0.15471624689508515,3.027992580893379,0.0,0.0,3.004,-0.012769702085295414,-0.012782383350264066,-0.00028715980308825957,0.9552162592563412,-0.36619078405836497,-0.20410956815920306,-0.36742865616835846
1.504,0.15455761653123218,-0.15482719168100692,3.0320520823733625,0.0,0.0,3.008,-0.012761706097296772,-0.012774926429417613,-0.00028888055845138804,0.9551834587168816,-0.36611631748739776,-0.2041594676768133,-0.36737948502712053
1.506,0.15466779741154096,-0.15493767061534552,3.0361112829650034,0.0,0.0,3.012,-0.012753601656054716,-0.012767409125342591,-0.0002906039926501023,0.9551519962696003,-0.3660416875348904,-0.20420730810467924,-0.36733383989719337
1.508,0.15477759966401083,-0.15504777138464465,3.040170239001014,0.0,0.0,3.016,-0.012745417942473723,-0.01275983695451909,-0.00029232973094131363,0.9551215847552377,-0.36596761492285235,-0.2042534186203484,-0.3672903926809542
1.51,0.154886983252259,-0.1551574540110099,3.0442289243719496,0.0,0.0,3.02,-0.012737155298761703,-0.012752197791558987,-0.00029405812696096993,0.9550923170080426,-0.3658948366693193,-0.20429757965843298,-0.3672487188447947
1.512,0.15499590030678026,-0.1552666706954671,3.0482873078461115,0.0,0.0,3.024,-0.012728814311188188,-0.012744476678116958,-0.0002957896055403564,0.9550643201639819,-0.3658242448135568,-0.2043395437602007,-0.367208300714299
1.514,0.1551043307999407,-0.15537540144948475,3.052345376106661,0.0,0.0,3.028,-0.012720403458030148,-0.012736660826078975,-0.0002975244536044481,0.9550376582814336,-0.36575684835980615,-0.204379199480892,-0.3671683064095408
1.516,0.1552122719877779,-0.15548364354721275,3.0564031269683665,0.0,0.0,3.032,-0.012711935316588038,-0.012728738418318092,-0.0002992628615032577,0.9550124027395275,-0.3656936728733885,-0.20441656668286645,-0.3671277633153156
1.518,0.15531971827267393,-0.15559139141700498,3.0604605562035365,0.0,0.0,3.036,-0.012703424997742411,-0.012720692204237622,-0.0003010050781793311,0.9549887607830373,-0.3656360298888219,-0.20445176377034607,-0.36708544776688984
1.52,0.15542666903536928,-0.1556986444497673,3.0645176630773956,0.0,0.0,3.04,-0.012694880111851159,-0.01271251319423767,-0.0003027512112114547,0.9549668784873444,-0.36558455625094205,-0.20448490545407144,-0.36704075249794826
1.522,0.1555331251458786,-0.15580540351772845,3.068574447924804,0.0,0.0,3.044,-0.012686302925233959,-0.012704196672343609,-0.00030450128636630983,0.9549469120862543,-0.365539454931658,-0.20451613534841834,-0.36699348366696843
1.524,0.15563908720696515,-0.15591166923050404,3.0726309107465894,0.0,0.0,3.048,-0.012677699153975087,-0.012695733688952524,-0.000306255377281509,0.9549290918418384,-0.36550121947658204,-0.20454565627305626,-0.3669431707759922
1.526,0.15574455505071733,-0.15601744142445917,3.0766870510445714,0.0,0.0,3.052,-0.012669070434673649,-0.012687117776976621,-0.0003080135132782682,0.9549136717897833,-0.3654700466140473,-0.20457368903938117,-0.3668896443795853
1.528,0.1558495284646702,-0.1561227198926659,3.080742868178295,0.0,0.0,3.056,-0.012660418903707504,-0.012678340571734793,-0.00030977573192138026,0.9549009797610734,-0.3654461920480396,-0.20460051866443602,-0.3668326839731462
1.53,0.15595400820067604,-0.15622750538262342,3.0847983622751283,0.0,0.0,3.06,-0.012651739409569413,-0.012669401187624003,-0.00031154196981465223,0.9548912641427543,-0.3654292977980488,-0.20462637033376618,-0.3667726631251014
1.532,0.1560579952221418,-0.15633179884940038,3.0888535335902074,0.0,0.0,3.064,-0.012643023117994623,-0.012660301287336024,-0.0003133121160582352,0.954884790419082,-0.3654187165042899,-0.20465148747437234,-0.3667102422877948
1.534,0.15616148977092173,-0.1564356005267759,3.0929083818713137,0.0,0.0,3.068,-0.012634260950658033,-0.012651043955304754,-0.00031508606489733676,0.9548817577571456,-0.36541375646104124,-0.20467604088463554,-0.3666461341539924
1.536,0.15626449197621353,-0.15653891053074864,3.0969629068442566,0.0,0.0,3.072,-0.012625439762824089,-0.012641637707908418,-0.0003168636614848811,0.954882253949758,-0.3654133586089587,-0.20470009591912125,-0.36658141456752164
1.538,0.15636700233546386,-0.15664172934288723,3.1010171084629055,0.0,0.0,3.076,-0.01261654440364333,-0.012632092437129379,-0.0003186447230494431,0.9548863813691119,-0.36541630617043647,-0.204723734761391,-0.3665173139806273
1.54,0.15646902118474187,-0.15674405728201551,3.1050709866092343,0.0,0.0,3.08,-0.012607560470987976,-0.012622421586508387,-0.00032042907954397525,0.9548940479872907,-0.36542136425706573,-0.20474685155167838,-0.36645507959251156
1.542,0.15657054884135713,-0.15684589464498566,3.109124541161506,0.0,0.0,3.084,-0.01259847076931439,-0.012612641465068422,-0.00032221652671603966,0.9549051283368521,-0.36542706340173675,-0.2047693088412808,-0.36639619154085995
1.544,0.15667158565093117,-0.15694724175975644,3.113177772013705,0.0,0.0,3.088,-0.01258926186045303,-0.012602766561553052,-0.00032400690772538173,0.9549194575776809,-0.36543224565728055,-0.20479093168812496,-0.3663418185222292
1.546,0.15677213192043452,-0.15704809891321833,3.117230679059831,0.0,0.0,3.092,-0.0125799197109464,-0.012592815086297424,-0.000325800060122435,0.9549367172524489,-0.3654356391603626,-0.20481139735665577,-0.36629324108230943
1.548,0.15687218802592268,-0.15714846646451427,3.121283262235489,0.0,0.0,3.096,-0.012570433125352807,-0.012582801649560035,-0.0003275958556939624,0.9549566643705798,-0.365436263671157,-0.20483045801535926,-0.36625144761464323
1.55,0.15697175437372027,-0.15724834480527092,3.1253355215015315,0.0,0.0,3.1,-0.012560793968930568,-0.012572739414774069,-0.00032939420461139743,0.9549790212188582,-0.36543339291866866,-0.2048478334758725,-0.366217171881227
1.552,0.15707083137218136,-0.15734773433151664,3.129387456829759,0.0,0.0,3.104,-0.012550997288663344,-0.012562639998402254,-0.000331195057069519,0.9550034722307129,-0.3654265568040326,-0.2048632082087345,-0.3661908907701694
1.554,0.15716941938365497,-0.15744663539601073,3.133439068177557,0.0,0.0,3.108,-0.012541040116621334,-0.012552511648235717,-0.00033299838731031656,0.9550297811697274,-0.3654154817460765,-0.20487634568712243,-0.36617288351632293
1.556,0.15726751886526272,-0.15754504845163772,3.1374903555599465,0.0,0.0,3.112,-0.0125309254915259,-0.012542358112191494,-0.00033480424378210606,0.9550577217908873,-0.3654004227227952,-0.20488702064197656,-0.3661629008249719
1.558,0.15736513019764287,-0.15764297387521792,3.1415413189650936,0.0,0.0,3.116,-0.012520657307636398,-0.012532182696633629,-0.00033661268563518846,0.9550870367690457,-0.36538163083630143,-0.20489497912957805,-0.3661606958213996
1.56,0.15746225378711612,-0.15774041207506256,3.14559195840314,0.0,0.0,3.12,-0.012510244858772744,-0.012521982885101392,-0.0003384238382123123,0.9551175507031883,-0.36535985062481724,-0.20490004871437872,-0.3661655278918504
1.562,0.15755889003822762,-0.15783736346064037,3.1496422738937695,0.0,0.0,3.124,-0.012499700616073426,-0.012511753201756555,-0.00034023786560062884,0.955149106426427,-0.365336065410968,-0.20490207622113438,-0.36617641689136643
1.564,0.1576550393505122,-0.1579338284357305,3.1536922654657027,0.0,0.0,3.128,-0.01248903753346199,-0.012501488820890435,-0.0003420549370975562,0.9551814885649675,-0.3653112010159844,-0.20490085292136556,-0.3661924390456141
1.566,0.15775070210155392,-0.1580298073887963,3.1577419331466263,0.0,0.0,3.132,-0.012478274431641982,-0.01249117803867195,-0.0003438752939534751,0.9552145820182879,-0.3652866893863231,-0.20489626964293123,-0.36621216400469164
1.568,0.15784587870567482,-0.1581253007420419,3.161791276992112,0.0,0.0,3.136,-0.01246742735123194,-0.012480810784146566,-0.0003456991409883327,0.9552483082943471,-0.36526374289762215,-0.20488825346169565,-0.3662343797405006
1.57,0.15794056956051192,-0.1582203089035945,3.1658402970604222,0.0,0.0,3.14,-0.012456515144587005,-0.012470374004626266,-0.0003475267167727287,0.9552826136651751,-0.3652437505735775,-0.2048767569714739,-0.3662576967516249
1.572,0.1580347750612325,-0.15831483227971646,3.1698889934188736,0.0,0.0,3.144,-0.012445557099090612,-0.012459853013379778,-0.00034935826387109606,0.9553175013338361,-0.3652281277862498,-0.20486178927935506,-0.36628069817435016
1.574,0.1581284956280204,-0.15840887129756298,3.1739373661547243,0.0,0.0,3.148,-0.01243456625705318,-0.012449234282238455,-0.00035119394638681714,0.955353171749209,-0.36521797870645173,-0.20484355188427722,-0.36630227676400046
1.576,0.15822173167514417,-0.15850242637960046,3.1779854153639704,0.0,0.0,3.152,-0.012423557773383734,-0.012438502503796441,-0.0003530339524212788,0.9553898164846537,-0.3652144548644712,-0.20482223871731525,-0.36632127705791323
1.578,0.15831448362386097,-0.15859549795155073,3.1820331411541876,0.0,0.0,3.156,-0.012412541448852826,-0.012427643807472284,-0.0003548784043367429,0.9554277620473891,-0.3652184184680683,-0.20479817546960194,-0.36633683139993795
1.58,0.1584067518986893,-0.1586880864386792,3.186080543642996,0.0,0.0,3.16,-0.012401521984435976,-0.012416645883357768,-0.0003567273621045991,0.9554674499412128,-0.365230436090377,-0.20477180014223362,-0.36634836627418765
1.582,0.15849853693979526,-0.15878019227855725,3.190127622965183,0.0,0.0,3.164,-0.012390499719693096,-0.01240549705780749,-0.00035858082917938813,0.9555094603620854,-0.36525077245947524,-0.2047436860122127,-0.3663556085831289
1.584,0.15858983917798422,-0.15887181589670468,3.194174379259373,0.0,0.0,3.168,-0.012379473458967165,-0.012394189273690208,-0.0003604387954430583,0.9555542286416926,-0.3652795263293728,-0.20471426589076946,-0.3663584502175624
1.586,0.15868065905549908,-0.15896295772435468,3.1982208126780085,0.0,0.0,3.172,-0.01236843432142104,-0.012382716923018839,-0.00036230115528942,0.9556023656961918,-0.3653163230847208,-0.20468414345835712,-0.3663572547012712
1.588,0.158770997020715,-0.15905361819389122,3.2022669233847165,0.0,0.0,3.176,-0.012357367818307104,-0.01237107773939249,-0.0003641677354935563,0.9556545255245057,-0.36536039933206266,-0.20465396439520067,-0.36635277289365364
1.59,0.15886085352204513,-0.15914379773909143,3.206312711552289,0.0,0.0,3.18,-0.012346265749069912,-0.01235927284544706,-0.00036603844528159665,0.9557109342863114,-0.3654111822901484,-0.20462395899096036,-0.3663455651010176
1.592,0.15895022901397074,-0.15923349678992907,3.210358177363575,0.0,0.0,3.184,-0.012335106629167822,-0.012347308466520499,-0.00036791303161724006,0.955772068319001,-0.36546729568417263,-0.20459460049241168,-0.3663369928014594
1.594,0.15903912395550887,-0.15932271578035548,3.2144033210122633,0.0,0.0,3.188,-0.012323871246203464,-0.01233519387171631,-0.00036979127228034097,0.955838161426251,-0.36552737740509017,-0.20456612682253023,-0.3663284029047627
1.596,0.15912753881384295,-0.1594114551547823,3.218448142705075,0.0,0.0,3.192,-0.012312545687115834,-0.01232293901312688,-0.0003716730105709024,0.955909224437253,-0.3655903061057668,-0.20453855997087578,-0.3663209015060366
1.598,0.1592154740566943,-0.15949971534957866,3.2224926426559506,0.0,0.0,3.196,-0.012301108180434624,-0.012310562131080453,-0.00037355799927335883,0.9559851294779459,-0.36565432455262625,-0.2045117868211529,-0.3663162290709788
1.6,0.1593029301578475,-0.15958749681130124,3.226536821091265,0.0,0.0,3.2,-0.012289542452678376,-0.012298079064042629,-0.0003754460566443733,0.9560656853394591,-0.36571804818970843,-0.2044856338987323,-0.3663157533174757
1.602,0.15938990759585986,-0.1596747999930045,3.2305806782485935,0.0,0.0,3.2039999999999997,-0.012277835504830735,-0.012285505636813906,-0.000377337040904356,0.9561505932261646,-0.3657802820272733,-0.20445982407596897,-0.36632065212375275
1.604,0.15947640685414005,-0.15976162534951777,3.234624214375422,0.0,0.0,3.2079999999999997,-0.012265975050670801,-0.012272864198317898,-0.0003792308237859891,0.9562391924400355,-0.36583967231628867,-0.20443372875292265,-0.36633226171129496
1.606,0.15956242841574514,-0.1598479733409574,3.238667429729643,0.0,0.0,3.2120000000000006,-0.012253952097108903,-0.012260169722221692,-0.00038112731195113293,0.9563310902118729,-0.365895304975327,-0.2044069813906771,-0.36635147818774644
1.608,0.15964797276813633,-0.1599338444341593,3.242710324580033,0.0,0.0,3.216,-0.01224176238573137,-0.012247437661590947,-0.00038302647034377,0.9564257056531655,-0.36594651988598287,-0.20437903359934811,-0.3663789436739113
1.61,0.1597330404031206,-0.16001923910332688,3.2467528992062937,0.0,0.0,3.22,-0.012229407246046108,-0.012234683521701876,-0.0003849283322401787,0.9565222611926132,-0.3659929709920293,-0.20434914694219408,-0.36641498631969505
1.612,0.15981763180898415,-0.16010415782170287,3.2507951538975326,0.0,0.0,3.224,-0.012216886976439214,-0.012221916763898447,-0.0003868329138793951,0.9566203024639329,-0.366034424715334,-0.204316898340824,-0.3664598208212898
1.614,0.15990174747837085,-0.16018860107336552,3.25483708895399,0.0,0.0,3.228,-0.012204211183991181,-0.012209144303433566,-0.00038874034373049176,0.9567191898213593,-0.3660712692325848,-0.2042816861199347,-0.36651304067634316
1.616,0.15998538790394082,-0.16027256934701026,3.258878704686153,0.0,0.0,3.232,-0.012191393511132983,-0.012196368506320863,-0.00039065079636392845,0.9568183650034455,-0.36610425124530693,-0.20424298902805121,-0.36657388064136537
1.618,0.16006855357993743,-0.16035606313009287,3.2629200014149737,0.0,0.0,3.2359999999999998,-0.012178443720459259,-0.012183592865427821,-0.00039256439858273467,0.956917323794466,-0.3661337851722148,-0.20420033871502646,-0.36664190661820456
1.62,0.1601512449989757,-0.16043908292021852,3.266960979471542,0.0,0.0,3.2400000000000007,-0.01216538310043695,-0.012170810684754549,-0.00039448141196752603,0.9570156785416348,-0.36616128663517467,-0.2041533822217385,-0.36671568398744314
1.622,0.16023346265490257,-0.16052162921645946,3.2710016391973724,0.0,0.0,3.2440000000000007,-0.012152231952968929,-0.012158013705393652,-0.00039640208417808233,0.9571131425865469,-0.36618811346953756,-0.204101865372523,-0.36679383515980507
1.624,0.16031520704656718,-0.16060370251823025,3.275041980944711,0.0,0.0,3.248,-0.012139005114914156,-0.01214519666233289,-0.00039832659648004413,0.957209474955666,-0.36621518677617876,-0.20404557840508014,-0.3668754180945906
1.6260000000000001,0.16039647866911513,-0.16068530333367756,3.279082005075815,0.0,0.0,3.2520000000000002,-0.012125729925121228,-0.01213234381386619,-0.00040025527721045963,0.9573045065753373,-0.3662444580984459,-0.20398438361512689,-0.3669584609926077
1.6280000000000001,0.16047727802309023,-0.16076643216839065,3.283121711963251,0.0,0.0,3.2560000000000002,-0.012112422276154992,-0.012119442513350728,-0.00040218831528204574,0.9573983309830064,-0.3662771316450016,-0.20391839788825178,-0.36704173760896636
1.6300000000000001,0.1605576056105537,-0.16084708953084004,3.2871611019899234,0.0,0.0,3.2600000000000002,-0.012099098232947567,-0.012106477670960486,-0.00040412589983722364,0.9574911570375394,-0.36631447994821464,-0.20384785079246026,-0.36712395278356724
1.6320000000000001,0.16063746193492015,-0.1609272759327192,3.2912001755490645,0.0,0.0,3.2640000000000002,-0.012085774721771254,-0.012093431514290178,-0.0004060682287245733,0.9575832955579007,-0.36635789185346185,-0.20377307163218933,-0.3672036945262947
1.6340000000000001,0.16071684750506823,-0.1610069918847346,3.295238933043416,0.0,0.0,3.268,-0.012072459059464682,-0.01208028858035764,-0.00040801538572542975,0.9576752936891704,-0.36640823771971565,-0.20369461885275308,-0.36728006786925826
1.6360000000000001,0.16079576283149252,-0.16108623789927973,3.299277374886324,0.0,0.0,3.272,-0.012059156785750142,-0.012067031332511198,-0.00040996743032286985,0.9577678677692825,-0.36646629894854604,-0.203613215533284,-0.36735226596424214
1.6380000000000001,0.1608742084296159,-0.16116501448945691,3.3033155015005624,0.0,0.0,3.2760000000000007,-0.012045868157351496,-0.012053644765798838,-0.0004119243625587176,0.957861787749952,-0.3665325430647587,-0.20352963659503942,-0.3674197948988941
1.6400000000000001,0.1609521848195417,-0.16124332216882084,3.3073533133184974,0.0,0.0,3.2800000000000002,-0.01203258781743853,-0.01204011605901758,-0.00041388611811550395,0.9579579088456426,-0.3666070996086295,-0.2034447394986983,-0.367482497733887
1.6420000000000001,0.1610296925258754,-0.1613211614502852,3.3113908107823855,0.0,0.0,3.2840000000000003,-0.012019302443683866,-0.012026433855381052,-0.0004158525373703712,0.9580573041503805,-0.36668963842336605,-0.20335959283843047,-0.3675406758816801
1.6440000000000001,0.16110673207848733,-0.16139853285115058,3.3154279943432408,0.0,0.0,3.2880000000000003,-0.012006003197272314,-0.012012592954232494,-0.00041782352431177347,0.9581605310355586,-0.36677983751757187,-0.20327476445950005,-0.3675946229620533
1.6460000000000001,0.1611833040108884,-0.16147543688646898,3.319464864462493,0.0,0.0,3.2920000000000003,-0.011992668767825822,-0.011998586470026591,-0.0004197988301239637,0.9582687052445904,-0.36687682515699654,-0.20319136396425191,-0.3676451803191549
1.6480000000000001,0.16125940886302,-0.1615518740754761,3.3235014216098415,0.0,0.0,3.2960000000000003,-0.011979281455170191,-0.0119844153509462,-0.0004217782580551462,0.9583823837187958,-0.36697963571103953,-0.20310995817783728,-0.36769328356533804
1.6500000000000001,0.16133504717994726,-0.16162784493912802,3.327537666264188,0.0,0.0,3.3,-0.011965821130523028,-0.011970084406308854,-0.00042376158652894643,0.9585020021771257,-0.36708705110345113,-0.2030309960845505,-0.3677401202065174
1.6520000000000001,0.1614102195114422,-0.16170335000097874,3.3315735989134856,0.0,0.0,3.3040000000000007,-0.011952266842440634,-0.011955601387953244,-0.0004257485864899935,0.9586278728963763,-0.36719771332433415,-0.20295480684241385,-0.36778701730676067
1.6540000000000001,0.16148492641195356,-0.1617783897897683,3.335609220054001,0.0,0.0,3.3080000000000007,-0.011938602147803458,-0.011940977289151928,-0.0004277390835513121,0.9587599865104276,-0.3673103793646908,-0.2028814076608989,-0.36783518726110886
1.6560000000000001,0.16155916844160578,-0.1618529648340285,3.339644530191631,0.0,0.0,3.3120000000000003,-0.011924804465040885,-0.011926228069486372,-0.0004297328367174093,0.9588982752533035,-0.36742332986179954,-0.20281075883965322,-0.36788631781813735
1.6580000000000001,0.1616329461630309,-0.16192707567084264,3.343679529839906,0.0,0.0,3.3160000000000003,-0.011910862095861858,-0.011911368614537059,-0.0004317297305384616,0.9590423670563712,-0.36753543941847344,-0.2027425262760001,-0.3679415038192223
1.6600000000000001,0.1617062601445449,-0.1620007228386262,3.347714219521597,0.0,0.0,3.3200000000000003,-0.011896760268034982,-0.011896418864859225,-0.0004337296175409067,0.9591917250723191,-0.3676452536674447,-0.20267621595868657,-0.36800216846407363
1.6620000000000001,0.161779110957062,-0.16207390688191234,3.3517485997676957,0.0,0.0,3.3240000000000003,-0.011882490517977129,-0.01188139816133564,-0.00043573242323528095,0.9593456318125612,-0.3677516617429364,-0.2026111594117076,-0.3680693919260535
1.6640000000000001,0.1618514991738747,-0.16214662835121474,3.3557826711174585,0.0,0.0,3.3280000000000003,-0.011868050479011273,-0.011866324933984821,-0.0004377381433506376,0.9595032114919584,-0.3678538954206086,-0.202546535448822,-0.3681439121754488
1.666,0.16192342537147822,-0.16221888780186908,3.3598164341186156,0.0,0.0,3.332,-0.011853441625044148,-0.011851218200012722,-0.00043974681762005535,0.9596634291481886,-0.36795136141190954,-0.20248136916472848,-0.368226292420781
1.668,0.16199489012654125,-0.16229068579404918,3.3638498893274185,0.0,0.0,3.336,-0.011838669929847329,-0.01183609292698431,-0.0004417585336862417,0.959825307600161,-0.3680438237463924,-0.20241474276165844,-0.3683167386997244
1.67,0.16206589401796476,-0.16236202289477947,3.3678830373081627,0.0,0.0,3.34,-0.011823749089455673,-0.011820962785694163,-0.0004437734673352136,0.9599876790609203,-0.3681314864563896,-0.2023455545902043,-0.3684150176847397
1.672,0.16213643762534824,-0.1624328996729972,3.3719158786340127,0.0,0.0,3.344,-0.011808691870941418,-0.011805838862898021,-0.00044579177792187586,0.9601495466528495,-0.3682145790130191,-0.20227286946113354,-0.3685208701061906
1.674,0.16220652152828385,-0.1625033167048024,3.3759484138861677,0.0,0.0,3.348,-0.011793519818290818,-0.01179072742567845,-0.0004478137223451858,0.9603098690917339,-0.3682939381397909,-0.2021957104183077,-0.3686334301273167
1.676,0.16227614630776507,-0.16257327456702372,3.37998064365447,0.0,0.0,3.3519999999999994,-0.011778251340659442,-0.01177563295535382,-0.00044983951779751716,0.9604678152539183,-0.36837029728662857,-0.20211330478083894,-0.368751934503781
1.678,0.16234531254386708,-0.16264277384155215,3.3840125685371127,0.0,0.0,3.3560000000000003,-0.011762909988849895,-0.011760554250903773,-0.0004518694343246143,0.9606226804251246,-0.3684448320524641,-0.2020250035410181,-0.3688751780411969
1.68,0.16241402081821585,-0.162711815111472,3.388044189140338,0.0,0.0,3.3600000000000003,-0.011747516225681076,-0.01174548775107858,-0.0004539037053303438,0.9607740014525755,-0.3685186620288339,-0.20193039229241638,-0.3690020109860124
1.682,0.16248227171230772,-0.16278039896410176,3.3920755060790384,0.0,0.0,3.364,-0.01173209417508468,-0.011730425604498607,-0.0004559426008109574,0.960921419505532,-0.36859322264518835,-0.20182915861516182,-0.3691309677739313
1.684,0.16255006581026826,-0.16284852598816074,3.396106519986474,0.0,0.0,3.368,-0.01171665739458006,-0.011715352738525598,-0.00045798626322742116,0.9610653349349861,-0.368669717633062,-0.20172172645773456,-0.3692608128302487
1.686,0.16261740369411806,-0.16291619677041716,3.400137231479512,0.0,0.0,3.372,-0.011701227191053641,-0.011700260669422804,-0.00046003492943970636,0.9612055212086309,-0.36874947554198073,-0.2016079116053871,-0.36939018711808375
1.688,0.1626842861747278,-0.16298341212818673,3.4041676414472257,0.0,0.0,3.376,-0.01168581806112668,-0.011685125355210836,-0.00046208874402860363,0.9613428469604574,-0.368834071335766,-0.20148860552608333,-0.3695174707389109
1.69,0.1627507134334053,-0.16305017224271298,3.408197750092386,0.0,0.0,3.38,-0.011670429732774497,-0.01166994048676789,-0.0004641476997015784,0.9614776685545233,-0.36892372473681134,-0.2013641650009277,-0.36964243352336856
1.692,0.16281668624693132,-0.1631164778940196,3.412227558274213,0.0,0.0,3.3839999999999995,-0.011655069306525885,-0.011654681431053384,-0.0004662118583635054,0.961611122239603,-0.3690196807877187,-0.20123573818200763,-0.36976378661572434
1.694,0.16288220517897462,-0.16318232964420032,3.416257066625548,0.0,0.0,3.3879999999999995,-0.011639732643601235,-0.011639329762119085,-0.00046828116209570364,0.9617443678395119,-0.3691224162250321,-0.20110448255989416,-0.3698810204793374
1.696,0.16294727081744537,-0.1632477280792461,3.420286275804418,0.0,0.0,3.3920000000000003,-0.011624416243399062,-0.011623867499860439,-0.00047035556128057523,0.9618785188386423,-0.3692324245993483,-0.20097151171634603,-0.3699936075469285
1.698,0.1630118837846367,-0.16331267381428574,3.4243151865145456,0.0,0.0,3.396,-0.011609106996096817,-0.011608277265892891,-0.0004724349012900742,0.9620149686815519,-0.3693497198755685,-0.20083821148151781,-0.37010149701189743
1.7,0.16307604468600545,-0.1633771674448689,3.428343799441751,0.0,0.0,3.4,-0.011593789792196628,-0.01159254534603333,-0.00047451901027937903,0.9621549672348703,-0.3694740819085842,-0.20070582670398773,-0.370204873183702
1.702,0.16313975413561554,-0.16344120957176383,3.432372115285199,0.0,0.0,3.404,-0.01157844427033854,-0.011576659590585745,-0.00047660766084608064,0.9622998474959396,-0.36960498238427275,-0.20057568241370805,-0.3703042276576022
1.704,0.16320301274623208,-0.16350480079079116,3.436400134742665,0.0,0.0,3.408,-0.011563048956820235,-0.011560613425373933,-0.00047870062035175985,0.9624506615125757,-0.3697416299963613,-0.20044883029909888,-0.37040031542454854
1.706,0.16326582113258922,-0.1635679416965,3.4404278585160677,0.0,0.0,3.412,-0.011547579489769724,-0.011544403616047322,-0.00048079762871974395,0.9626083652786034,-0.36988297048536056,-0.2003262282491033,-0.3704941543012219
1.708,0.1633281799174715,-0.16363063288949956,3.4444552873158947,0.0,0.0,3.4159999999999995,-0.01153201305390169,-0.011528031374200763,-0.00048289844862759026,0.9627736087576627,-0.37002785656107107,-0.20020853741570066,-0.3705868552597381
1.71,0.16339008972643984,-0.1636928749709927,3.4484824218557235,0.0,0.0,3.4200000000000004,-0.01151632803569307,-0.011511502856754983,-0.00048500286209160405,0.9629467215505195,-0.37017500971308004,-0.2000961080890068,-0.3706796608883538
1.712,0.1634515511937771,-0.16375466855069595,3.452509262859828,0.0,0.0,3.4240000000000004,-0.011500505844341622,-0.011494827283748786,-0.0004871106884447896,0.9631277615138091,-0.37032317492300637,-0.19998902751025216,-0.370773790428243
1.714,0.16351256495652003,-0.16381601423935274,3.4565358110558537,0.0,0.0,3.428,-0.011484529551490335,-0.011478018230446672,-0.0004892217700588138,0.9633164840029841,-0.370471009232913,-0.1998870896447673,-0.3708705514660954
1.716,0.16357313165723888,-0.16387691265518659,3.4605620671794366,0.0,0.0,3.432,-0.011468388392011676,-0.01146109138877455,-0.0004913360192913358,0.9635123270793445,-0.3706173704481424,-0.199789781562922,-0.37097105141914904
1.718,0.16363325194195827,-0.16393736442045734,3.4645880319714264,0.0,0.0,3.436,-0.011452075668975768,-0.011444065211793199,-0.0004934533946526322,0.9637144442429928,-0.370761198411533,-0.19969631496093954,-0.3710763161770787
1.72,0.16369292645974004,-0.16399737016232588,3.4686137061779805,0.0,0.0,3.44,-0.011435590374537674,-0.011426960168469592,-0.0004955739172916238,0.9639216959372718,-0.37090161646266684,-0.19960561816331546,-0.371187188788641
1.722,0.16375215586329622,-0.16405693051322506,3.4726390905517377,0.0,0.0,3.444,-0.01141893629596333,-0.011409797970980944,-0.0004976976604834234,0.9641327217668213,-0.371037918926525,-0.19951640621571326,-0.3713043417911544
1.724,0.16381094080634895,-0.16411604611031258,3.476664185850181,0.0,0.0,3.4479999999999995,-0.011402123895010932,-0.011392599755488102,-0.0004998247662307931,0.9643459900059251,-0.3711697250056216,-0.19942722900438647,-0.3714281235316127
1.726,0.1638692819444301,-0.16417471759535956,3.480688992836748,0.0,0.0,3.4519999999999995,-0.011385167801741604,-0.011375385654773284,-0.0005019554181628481,0.964559904688181,-0.3712968851468441,-0.19933657494561774,-0.3715586514837329
1.728,0.1639271799343018,-0.16423294561475887,3.4847135122804977,0.0,0.0,3.4560000000000004,-0.011368087584654539,-0.011358174372721856,-0.0005040898488696698,0.9647728057896086,-0.37141953099669855,-0.19924287123090056,-0.3716957623700854
1.73,0.1639846354342656,-0.1642907308217952,3.4887377449609875,0.0,0.0,3.46,-0.011350908487065808,-0.011340980207035693,-0.000506228343219873,0.9649831259944629,-0.3715382302122514,-0.19914463579342012,-0.371838857344269
1.732,0.16404164910131816,-0.16434807386829892,3.492761691657061,0.0,0.0,3.464,-0.011333653227284003,-0.011323815467435695,-0.0005083711554024915,0.9651894947589961,-0.3716535144705236,-0.19904057745537346,-0.37198737321125847
1.734,0.1640982215928524,-0.16440497540937626,3.4967853531546345,0.0,0.0,3.468,-0.01131634523089507,-0.011306688151889115,-0.000510518539724346,0.9653907788129704,-0.3717661248777666,-0.19892963532504926,-0.3721405373070479
1.736,0.1641543535660921,-0.1644614361038432,3.5008087302474316,0.0,0.0,3.472,-0.011299008963262816,-0.011289600424511416,-0.0005126707522770832,0.9655861650808987,-0.3718770855399485,-0.19881105907484337,-0.3722972939063737
1.738,0.16421004567826214,-0.1645174566075542,3.504831823724478,0.0,0.0,3.476,-0.011281666618036184,-0.01127255770331239,-0.000514828028897405,0.965774711794294,-0.3719871870141967,-0.19868397377337338,-0.372456820692653
1.74,0.164265298586309,-0.16457303758382122,3.5088546343943436,0.0,0.0,3.4799999999999995,-0.011264338839404068,-0.011255550858646742,-0.0005169905683610788,0.9659563989206096,-0.3720977428230506,-0.1985483973251823,-0.37261777187157125
1.742,0.164320112947228,-0.16462817969310956,3.5128771630619657,0.0,0.0,3.4840000000000004,-0.011247043348201723,-0.0112385734665382,-0.000519158542583002,0.9661311295708136,-0.3722098239979601,-0.19840427296808683,-0.37277904393707306
1.744,0.16437448941779448,-0.16468288359831768,3.5168994105457783,0.0,0.0,3.4880000000000004,-0.01122979079295593,-0.011221608972262799,-0.0005213320361710717,0.9662996258571862,-0.37232459538952284,-0.19825233646416723,-0.37293943866418494
1.746,0.16442842865511534,-0.16473714996277256,3.520921377666466,0.0,0.0,3.492,-0.011212590763881473,-0.011204639676212451,-0.0005235111217685984,0.966462707447419,-0.37244322031798704,-0.19809341773430367,-0.37309775925029676
1.748,0.16448193131716135,-0.16479097944732427,3.524943065250556,0.0,0.0,3.496,-0.011195442198117656,-0.011187644898215663,-0.0005256957592445231,0.9666216804533253,-0.3725665012414831,-0.1979288165492727,-0.3732531687539495
1.75,0.1645349980625222,-0.1648443727137894,3.5289644741304986,0.0,0.0,3.5,-0.011178340758953142,-0.011170600657753042,-0.0005278858716317031,0.9667781430773542,-0.37269522646911896,-0.19776011480335015,-0.3734048440375242
1.752,0.1645876295526793,-0.16489733042228932,3.5329856051419637,0.0,0.0,3.504,-0.011161275668474949,-0.011153485234321534,-0.0005300813220811227,0.9669337313815739,-0.37282979738895,-0.19758892999335514,-0.37355234847358504
1.754,0.1646398264503552,-0.16494985323155908,3.537006459125604,0.0,0.0,3.508,-0.011144228481494848,-0.011136275091494162,-0.0005322818944556148,0.9670904096325337,-0.3729703421064307,-0.1974171961903824,-0.373695518038016
1.756,0.16469158942298293,-0.16500194180315997,3.541027036926975,0.0,0.0,3.5119999999999996,-0.011127181202657892,-0.011118950011510175,-0.0005344873852640181,0.9672499124327085,-0.37311687255013637,-0.19724662453002817,-0.3738343051867684
1.758,0.1647429191408642,-0.16505359679588824,3.545047339394567,0.0,0.0,3.5159999999999996,-0.011110107248848068,-0.01110149211390313,-0.0005366975095610789,0.9674140705726602,-0.37326891370579424,-0.19707901798269728,-0.3739691487201681
1.76,0.16479381628053807,-0.16510481887531425,3.5490673673822553,0.0,0.0,3.5200000000000005,-0.01109298611715788,-0.011083887760086484,-0.0005389120528688002,0.967584268900634,-0.3734260921598863,-0.19691574772623754,-0.37410038672835266
1.762,0.16484428152051112,-0.16515560870359916,3.553087121747465,0.0,0.0,3.524,-0.011075787738765287,-0.011066124244361326,-0.0005411307076025135,0.9677621015394975,-0.3735875611798107,-0.19675838625717018,-0.3742288298652405
1.764,0.16489431555167824,-0.16520596695306944,3.557106603355873,0.0,0.0,3.528,-0.011058489585060794,-0.011048199604770265,-0.0005433532610455875,0.9679482712179664,-0.3737523671915957,-0.19660764326501762,-0.3743553970506101
1.766,0.16494391905621714,-0.16525589429019286,3.5611258130666323,0.0,0.0,3.532,-0.011041066689027407,-0.011030104626876633,-0.0005455794649747011,0.9681440092629878,-0.37391974887361323,-0.19646473977737833,-0.37448081423683555
1.768,0.1649930927324053,-0.16530539139273775,3.565144751750078,0.0,0.0,3.536,-0.011023500622814085,-0.01101184436960538,-0.0005478091606466944,0.9683494622399569,-0.374088639083616,-0.19632984693998634,-0.37460611476817607
1.77,0.16504183727793556,-0.1653544589381461,3.5691634202760953,0.0,0.0,3.54,-0.011005772872747155,-0.010993423372604033,-0.0005500421882199215,0.968564811948775,-0.37425798897523316,-0.1962031699607188,-0.3747323136550657
1.772,0.1650901534035587,-0.1654030976165041,3.5731818195231786,0.0,0.0,3.5439999999999996,-0.010987878701168418,-0.010974858716499551,-0.0005522785436567223,0.9687890711584418,-0.3744268259340711,-0.19608378365821594,-0.3748603517685472
1.774,0.1651380418141508,-0.16545130811241976,3.5771999503659355,0.0,0.0,3.5480000000000005,-0.010969807686513684,-0.010956161894968449,-0.0005545181579141563,0.9690217610577515,-0.37459416276168,-0.19597125471951682,-0.37499118367255246
1.776,0.1651855032252961,-0.16549909112335007,3.581217813687156,0.0,0.0,3.5520000000000005,-0.010951565284591484,-0.010937354408137716,-0.0005567611310907352,0.9692613519790318,-0.37475928278833986,-0.19586413424276333,-0.3751254955410191
1.778,0.16523253835231358,-0.16554644734617385,3.5852354103693065,0.0,0.0,3.556,-0.010933156082641057,-0.010918457540014324,-0.0005590075538089856,0.9695063491153156,-0.37492144093126845,-0.19576100744144254,-0.3752640018546445
1.78,0.1652791479106346,-0.16559337747941022,3.5892527412960016,0.0,0.0,3.56,-0.010914586862775704,-0.010899491847449927,-0.0005612575341837737,0.9697552574337129,-0.3750800191716333,-0.19566045981829433,-0.3754072902280828
1.782,0.16532533262558052,-0.16563988223511872,3.5932698073595772,0.0,0.0,3.564,-0.01089588129928107,-0.01088048615841134,-0.0005635113529984135,0.9700056268785465,-0.37523478855379166,-0.1955601544960307,-0.3755555613741922
1.784,0.16537109321885873,-0.16568596232139093,3.5972866094501703,0.0,0.0,3.568,-0.010877057577726078,-0.010861465225095124,-0.0005657692293585298,0.9702554144814739,-0.37538545499892734,-0.19545814865535166,-0.3757090803775574
1.786,0.16541643041652304,-0.16573161845696155,3.601303148466166,0.0,0.0,3.572,-0.010858145288542509,-0.010842452955653333,-0.0005680314822712118,0.9705023824287368,-0.37553226873707457,-0.19535231197464664,-0.3758675693020186
1.788,0.16546134494758452,-0.16577685136253545,3.605319425306549,0.0,0.0,3.5759999999999996,-0.010839177435751675,-0.010823477816329976,-0.0005702984705877175,0.9707438966281945,-0.3756754317056565,-0.19524013188019868,-0.37603079898809294
1.79,0.16550583753538795,-0.16582166175805768,3.609335440873913,0.0,0.0,3.5799999999999996,-0.010820180180963097,-0.010804554282126427,-0.0005725704553778218,0.9709784564388125,-0.37581546260093435,-0.19512019155880245,-0.37619822251632695
1.792,0.16554990890739527,-0.16586605036949223,3.613351196074473,0.0,0.0,3.5840000000000005,-0.010801187627386431,-0.010785700390685908,-0.0005748477765200249,0.9712041341898967,-0.3759530757260097,-0.19499066218725475,-0.37636909832344895
1.794,0.16559355978764365,-0.16591001792103466,3.617366691817558,0.0,0.0,3.588,-0.010782225933797008,-0.010766924605855193,-0.000577130678185651,0.9714198445843164,-0.3760890614519489,-0.19485052899485994,-0.37654260787141075
1.796,0.1656367908975763,-0.16595356513637965,3.62138192901564,0.0,0.0,3.592,-0.010763315920573776,-0.010748227323800654,-0.0005794193365066244,0.9716251832680943,-0.37622433398222965,-0.19469943510727938,-0.3767178081639049
1.798,0.1656796029568743,-0.16599669273930573,3.6253969085843574,0.0,0.0,3.596,-0.010744474407627196,-0.010729602391496505,-0.0005817138760685474,0.9718202882330802,-0.3763599223780935,-0.19453754744821522,-0.37689364091102734
1.8,0.1657219966857875,-0.1660394014520381,3.6294116314428613,0.0,0.0,3.6,-0.010725711149238565,-0.01071104091131391,-0.0005840143537401681,0.9720056232469568,-0.37649666895942174,-0.19436534709750725,-0.3770692341152559
1.802,0.16576397279952215,-0.16608169199391304,3.633426098513182,0.0,0.0,3.604,-0.010707025820768873,-0.010692521797726848,-0.0005863207081059403,0.9721827266258395,-0.3766355118015074,-0.19418435245521898,-0.37724361885231067
1.804,0.16580553201889567,-0.16612356508513645,3.6374403107205255,0.0,0.0,3.6079999999999997,-0.010688417481238542,-0.010674031056284429,-0.0005886328952497237,0.9723526117772846,-0.37677704180332017,-0.19399557413023782,-0.37741617396359173
1.806,0.16584667505866174,-0.16616502144306905,3.641454268993356,0.0,0.0,3.6120000000000005,-0.010669874331584775,-0.010655540042863123,-0.0005909507395611966,0.9725175656769031,-0.37692202636325894,-0.19380125196693104,-0.3775861004229874
1.808,0.16588740263873247,-0.1662060617853563,3.6454679742620417,0.0,0.0,3.6160000000000005,-0.010651382802326663,-0.010637026747445098,-0.0005932740716908714,0.9726794095901707,-0.3770708492654352,-0.1936031749711018,-0.3777529833106831
1.81,0.16592771547734841,-0.16624668682814678,3.6494814274602847,0.0,0.0,3.62,-0.010632922301104145,-0.010618462723282476,-0.0005956026477431479,0.9728405591218476,-0.37722387155364273,-0.19340370511771782,-0.3779164298260554
1.812,0.1659676142973975,-0.1662868972888884,3.65349462952304,0.0,0.0,3.624,-0.010614470874981744,-0.01059982412316331,-0.0005979362267865753,0.9730031154430712,-0.37738118354064654,-0.19320489969187093,-0.3780763182892809
1.814,0.1660070998223842,-0.1663266938842006,3.657507581387973,0.0,0.0,3.628,-0.010596001334980268,-0.010581084980063962,-0.000600274520745799,0.9731694240339979,-0.37754273576020153,-0.19300905082616943,-0.3782326665526647
1.816,0.1660461727793741,-0.16636607733230033,3.6615202839944456,0.0,0.0,3.632,-0.010577485299804163,-0.01056222171675568,-0.0006026172402984621,0.9733416740284494,-0.3777083170750433,-0.192818298713545,-0.37838565442251687
1.818,0.16608483390077555,-0.1664050483543816,3.665532738282807,0.0,0.0,3.636,-0.010558895395364446,-0.010543215818835354,-0.0006049641199298067,0.9735216654539876,-0.37787753294966797,-0.19263440701705115,-0.3785356456806712
1.82,0.16612308391941563,-0.16644360767046423,3.669544945196206,0.0,0.0,3.6399999999999997,-0.010540198662612198,-0.010524046536141248,-0.0006073148443454683,0.9737114550893216,-0.3780498374907514,-0.19245938628133175,-0.3786831551970601
1.822,0.1661609235779899,-0.1664817560086956,3.6735569056772266,0.0,0.0,3.6439999999999997,-0.010521372147499446,-0.01050470485775745,-0.0006096692156788749,0.9739120530794418,-0.3782246013331116,-0.1922942362800521,-0.37882878290214644
1.824,0.16619835362101484,-0.1665194940971969,3.677568620670695,0.0,0.0,3.6480000000000006,-0.010502389120890555,-0.010485181679996966,-0.0006120270060095338,0.9741245408833265,-0.37840102861859776,-0.19214002492801113,-0.3789732951780284
1.826,0.1662353748005708,-0.16655682267195648,3.6815800911214023,0.0,0.0,3.652,-0.010483233907674642,-0.010465476984441505,-0.0006143881058063137,0.9743491236184162,-0.3785783970419114,-0.19199697426533185,-0.37911738635525377
1.828,0.16627198787513583,-0.16659374247349923,3.6855913179748145,0.0,0.0,3.656,-0.010463894710740364,-0.0104455973422378,-0.0006167524564245964,0.9745854478285919,-0.3787558593660235,-0.1918647670990261,-0.3792618765554122
1.83,0.16630819360617674,-0.16663025424750083,3.6896023021772693,0.0,0.0,3.66,-0.010444368164501611,-0.010425553457277663,-0.000619120077432441,0.9748327153868627,-0.3789327371229131,-0.19174265739013718,-0.37940741808522105
1.832,0.16634399276314316,-0.16666635874552932,3.693613044675645,0.0,0.0,3.664,-0.010424656524542374,-0.01040536433488011,-0.0006214910583193509,0.9750894048358412,-0.37910822856991494,-0.1916292013034609,-0.3795547876344815
1.834,0.16637938612099143,-0.1667020567297415,3.6976235464182796,0.0,0.0,3.668,-0.010404781253852425,-0.010385057900392512,-0.0006238656594997332,0.9753530524832861,-0.3792819428601934,-0.19152204666775924,-0.3797043530484115
1.836,0.16641437444821208,-0.16673734895209613,3.7016338083521654,0.0,0.0,3.6719999999999997,-0.010384746518945158,-0.010364652701258933,-0.0006262439804560216,0.9756221480762504,-0.3794531767762125,-0.19141976161734087,-0.3798567925533687
1.838,0.16644895852451197,-0.16677223618104206,3.705643831426859,0.0,0.0,3.6760000000000006,-0.010364581749705695,-0.010344181330720466,-0.0006286263495207319,0.975893794695201,-0.37962167800761293,-0.19131957717580483,-0.3800123364905992
1.84,0.16648313912591847,-0.16680671917968456,3.709653616591061,0.0,0.0,3.6800000000000006,-0.010344308351107116,-0.010323671898545992,-0.0006310130198482538,0.9761655342774666,-0.3797870512953571,-0.1912191484945885,-0.38017135715437916
1.842,0.16651691703734536,-0.16684079872662577,3.7136631647969787,0.0,0.0,3.684,-0.010323966375025301,-0.010303157923219288,-0.000633404388316423,0.9764343329322587,-0.37994948443544246,-0.1911155757009701,-0.38033364604285697
1.844,0.1665502930379899,-0.16687447559036314,3.717672476994486,0.0,0.0,3.688,-0.010303583916944872,-0.010282669727791294,-0.0006358007567639926,0.9766975002888675,-0.38010877769069307,-0.1910062913350824,-0.3804993806982725
1.846,0.1665832679094902,-0.16690775054752433,3.7216815541367927,0.0,0.0,3.692,-0.010283193800070704,-0.010262232048142826,-0.0006382024315503462,0.9769528129604373,-0.38026522283814285,-0.19088917841636438,-0.3806682477620574
1.848,0.1666158424333079,-0.16694062437343032,3.7256903971764235,0.0,0.0,3.696,-0.010262828576032853,-0.010241871332027464,-0.0006406097222417066,0.9771978973747707,-0.38041901473228557,-0.1907619759241589,-0.38084003072697414
1.85,0.1666480173891936,-0.16697309784446002,3.729699007068167,0.0,0.0,3.7,-0.01024251520131338,-0.010221604262260875,-0.0006430228582192992,0.9774312611964778,-0.3805705756670459,-0.19062327259054856,-0.38101428513492364
1.852,0.16667979355694304,-0.16700517173890234,3.7337073847680475,0.0,0.0,3.7039999999999997,-0.010222280200030884,-0.010201443916829124,-0.0006454420490025187,0.9776517300259093,-0.3807204863299979,-0.19047196382262743,-0.3811904081215769
1.854,0.16671117171302643,-0.16703684683173076,3.737715531233197,0.0,0.0,3.7079999999999997,-0.010202140303451871,-0.010181394744471262,-0.0006478674034795921,0.977858924120289,-0.3808693058505985,-0.19030771097830923,-0.38136781749624693
1.856,0.166742152632063,-0.16706812389793216,3.7417234474225696,0.0,0.0,3.7120000000000006,-0.010182106305497967,-0.010161452733271454,-0.0006502989559992132,0.9780532302638979,-0.38101774010496,-0.19013091390385745,-0.38154578381627086
1.858,0.16677273708719312,-0.16709900371110148,3.7457311342959847,0.0,0.0,3.716,-0.010162183931020427,-0.010141609209363148,-0.0006527366898698738,0.9782354551167708,-0.3811664915235708,-0.1899423767209431,-0.3817235807313782
1.86,0.16680292584748177,-0.16712948703992633,3.749738592814577,0.0,0.0,3.72,-0.010142366044472178,-0.010121845552084672,-0.0006551804668051788,0.9784073136487349,-0.3813161626190474,-0.1897437781519406,-0.38190058081238704
1.862,0.16683271968086524,-0.16715957465244163,3.7537458239405836,0.0,0.0,3.724,-0.010122640817535923,-0.010102138136486367,-0.0006576301003464223,0.9785709695033841,-0.38146738643595635,-0.1895372284481962,-0.38207612582916917
1.864,0.16686211935427994,-0.16718926731371522,3.7577528286367134,0.0,0.0,3.728,-0.010102989934105307,-0.01008246087250635,-0.0006600853594253487,0.9787287943203504,-0.38162061339693293,-0.18932503729419498,-0.3822497400092217
1.866,0.1668911256317338,-0.16721856578503347,3.7617596078667215,0.0,0.0,3.732,-0.010083384790510736,-0.010062780017803674,-0.0006625459196597406,0.9788838561148475,-0.381776198312474,-0.1891101842024021,-0.3824210424780179
1.868,0.16691973928173837,-0.16724747083134073,3.7657661625941596,0.0,0.0,3.7359999999999998,-0.010063800976990143,-0.01004306685718218,-0.000665011510592801,0.9790387380878475,-0.3819344355015553,-0.1888951805192573,-0.3825897137615903
1.87,0.1669479610699992,-0.16727598321215184,3.7697724937831847,0.0,0.0,3.7400000000000007,-0.010044203193400759,-0.010023287462971613,-0.000667481779026344,0.979196487526642,-0.38209537033894386,-0.18868298348979545,-0.382755682767655
1.872,0.16697579176779764,-0.167304103692537,3.773778602397486,0.0,0.0,3.7440000000000007,-0.010024560718165574,-0.010003412009384127,-0.0006699564205245597,0.9793597656528615,-0.3822590571104545,-0.18847617736547106,-0.3829188703257498
1.874,0.16700323214848684,-0.16733183303717863,3.777784489400546,0.0,0.0,3.748,-0.01000484089158353,-0.009983413045102599,-0.0006724351365114196,0.9795309933781206,-0.3824253368547898,-0.18827711386706664,-0.3830794109336401
1.8760000000000001,0.16703028298961142,-0.16735917201419867,3.7817901557552394,0.0,0.0,3.7520000000000002,-0.009985012763939916,-0.009963266035139261,-0.0006749176544736086,0.9797123150564304,-0.3825939839141221,-0.18808787740186023,-0.3832375063715859
1.8780000000000001,0.16705694507397298,-0.16738612139628675,3.7857956024235935,0.0,0.0,3.7560000000000002,-0.009965048732879478,-0.009942950726902131,-0.0006774037431934652,0.9799054736128167,-0.38276471416468805,-0.18791016492653256,-0.3833934176384076
1.8800000000000001,0.16708321919014046,-0.1674126819601827,3.7898008303666506,0.0,0.0,3.7600000000000002,-0.009944925489034959,-0.009922453589166257,-0.0006798932314400169,0.980111576413042,-0.3829371039885978,-0.18774506065225982,-0.38354754622142384
1.8820000000000001,0.1671091061303252,-0.16743885448645415,3.793805840544538,0.0,0.0,3.7640000000000002,-0.009924623484327853,-0.009901764384240582,-0.0006823859873727167,0.9803314205417761,-0.3831107324037053,-0.18759334955096418,-0.3837002916130744
1.8840000000000001,0.16713460669535374,-0.16746463976301357,3.797810633915795,0.0,0.0,3.768,-0.009904131029159812,-0.00988088213100945,-0.0006848819677553075,0.9805649421798784,-0.38328508230829655,-0.18745498726305726,-0.3838521507355575
1.8860000000000001,0.16715972168756604,-0.1674900385800441,3.8018152114382757,0.0,0.0,3.772,-0.009883442221726749,-0.009859810101362679,-0.0006873811834447839,0.9808116955177639,-0.3834596748474839,-0.18732956164174863,-0.3840035829750891
1.8880000000000001,0.16718445191808715,-0.16751505173596137,3.8058195740679297,0.0,0.0,3.7760000000000007,-0.009862560416678753,-0.009838560954945617,-0.0006898837412910439,0.9810703605233747,-0.38363399056723957,-0.187215818928262,-0.3841550896544963
1.8900000000000001,0.16720879820038315,-0.16753968003248762,3.809823722759702,0.0,0.0,3.7800000000000002,-0.009841497624544619,-0.009817153894429255,-0.0006923898199417592,0.9813390674631975,-0.3838075719397811,-0.18711197652762868,-0.3843071110679115
1.8920000000000001,0.1672327613533742,-0.16756392427660116,3.813827658467287,0.0,0.0,3.7840000000000003,-0.009820272820255578,-0.009795614907744846,-0.0006948996673000617,0.9816153210561835,-0.38397993871485797,-0.1870156501404709,-0.38446011122477025
1.8940000000000001,0.16725634219948343,-0.16758778527958199,3.817831382143115,0.0,0.0,3.7880000000000003,-0.009798911860342308,-0.009773975080735083,-0.000697413584361801,0.9818962071632626,-0.3841506729874221,-0.1869240528993037,-0.3846144925346532
1.8960000000000001,0.16727954156274086,-0.16761126385560876,3.8218348947385685,0.0,0.0,3.7920000000000003,-0.009777447054466494,-0.009752269440913947,-0.0006999319118308235,0.9821785344828532,-0.38431945821740676,-0.18683413186588294,-0.38477055659716564
1.8980000000000001,0.16730236027332165,-0.16763436082500566,3.825838197203507,0.0,0.0,3.7960000000000003,-0.009755918709668064,-0.009730540403448599,-0.0007024550659676884,0.9824584359132693,-0.38448597319771355,-0.18674218451998886,-0.3849286107828071
1.9000000000000001,0.16732479915743997,-0.16765707700634686,3.8298412904875097,0.0,0.0,3.8,-0.009734363518856402,-0.009708823375872661,-0.0007049833886666668,0.9827328318617615,-0.3846501036272219,-0.1866452669135455,-0.3850887547972321
1.9020000000000001,0.16734685904360067,-0.1676794132206011,3.8338441755394723,0.0,0.0,3.8040000000000007,-0.009712819634152626,-0.009687155028786885,-0.000707517232946019,0.9829985343356878,-0.38481174310239497,-0.18654033150568017,-0.38525108076733605
1.9040000000000001,0.16736854076074997,-0.16770137029120355,3.8378468533070067,0.0,0.0,3.8080000000000007,-0.00969132678578987,-0.00966557019130624,-0.0007100569323823956,0.9832526586861903,-0.3849709696374163,-0.1864246230828307,-0.38541549645039686
1.9060000000000001,0.16738984513426597,-0.1677229490378088,3.8418493247384506,0.0,0.0,3.8120000000000003,-0.009669915128280299,-0.009644094820542933,-0.0007126027288013135,0.9834931067891074,-0.3851278756502208,-0.1862961437871985,-0.38558189425520994
1.9080000000000001,0.16741077298836124,-0.16774415028034567,3.845851590781369,0.0,0.0,3.8160000000000003,-0.009648610920137869,-0.009622748826990442,-0.0007151548028341269,0.9837184219133233,-0.38528269843387486,-0.18615351289618753,-0.3857500213331929
1.9100000000000001,0.16743132514248496,-0.16776497483498987,3.8498536523829956,0.0,0.0,3.8200000000000003,-0.009627426263671152,-0.009601537511556733,-0.0007177131855041733,0.9839285143112327,-0.38543578285814223,-0.18599666431153677,-0.38591951607049496
1.9120000000000001,0.16745150241765186,-0.16778542351894976,3.8538555104906678,0.0,0.0,3.8240000000000003,-0.009606378156476107,-0.009580471433404139,-0.0007202779611208805,0.9841227812441331,-0.38558742272171276,-0.18582503880980727,-0.38609006835997495
1.9140000000000001,0.16747130562841303,-0.16780549714425375,3.857857166051059,0.0,0.0,3.8280000000000003,-0.009585464963649617,-0.009559541625101812,-0.0007228490201592426,0.9843024239547175,-0.3857380646202377,-0.18563981139624558,-0.38626121382243445
1.9160000000000001,0.1674907355860831,-0.1678251965195975,3.8618586200104543,0.0,0.0,3.832,-0.009564677872584852,-0.009538732784896933,-0.000725426195611348,0.9844691702454723,-0.38588814156595025,-0.18544266282093264,-0.38643250128975865
1.9180000000000001,0.16750979310121777,-0.16784452245293818,3.865859873315052,0.0,0.0,3.836,-0.00954400625859196,-0.009518027919993182,-0.0007280093056763543,0.9846248942210439,-0.3860380887331252,-0.18523541394053988,-0.38660347733267275
1.92,0.16752847898140139,-0.1678634757488303,3.8698609269102064,0.0,0.0,3.84,-0.009523430516855443,-0.009497402450718643,-0.0007305980992020037,0.9847720637005243,-0.38618830359224776,-0.1850204555720687,-0.38677372588775416
1.922,0.1675467940325097,-0.16788205721008212,3.8738617817409913,0.0,0.0,3.844,-0.0095029266432205,-0.009476827820620827,-0.0007331922898436174,0.9849134801641087,-0.38633918100895814,-0.18480049843661306,-0.3869428332819179
1.924,0.16756473905722769,-0.16790026763525748,3.8778624387499527,0.0,0.0,3.848,-0.009482458121770534,-0.009456265775372322,-0.0007357915103313167,0.9850526308604602,-0.38649100747483384,-0.18457891102050078,-0.38711049414189797
1.926,0.16758231486023775,-0.1679181078254672,3.8818628988809727,0.0,0.0,3.8519999999999994,-0.009461995765921483,-0.009435683860807962,-0.0007383954467425287,0.9851925834893086,-0.3866441254789713,-0.18435865788895478,-0.38727634722593185
1.928,0.1675995222472405,-0.16793557858125913,3.885863163074657,0.0,0.0,3.8560000000000003,-0.009441504823602108,-0.009415047215393973,-0.000741003773530633,0.9853364063103144,-0.3867987112401387,-0.18414270271601868,-0.3874401982030368
1.93,0.1676163620237054,-0.1679526807029069,3.8898632322714985,0.0,0.0,3.8600000000000003,-0.00942094980482619,-0.009394320373430447,-0.000743616162789184,0.985487214085662,-0.3869549365897398,-0.1839340529541892,-0.38760185714053863
1.932,0.1676328350004619,-0.16796941499482146,3.8938631074085985,0.0,0.0,3.864,-0.009400297962834515,-0.009373472426745208,-0.0007462323396864226,0.9856475667622147,-0.3871128436870632,-0.18373518160011826,-0.3877612648820158
1.934,0.16764894198842184,-0.16798578226097266,3.897862789422014,0.0,0.0,3.868,-0.009379514316075466,-0.009352471313793444,-0.0007488520241569416,0.9858200556258592,-0.3872724196268685,-0.1835485908500623,-0.3879184175345926
1.936,0.16766468380661564,-0.16800178331283916,3.901862279244746,0.0,0.0,3.872,-0.009358573984817991,-0.009331295312817199,-0.0007514750416935132,0.9860062941475835,-0.38743357706956005,-0.18337584244684157,-0.38807338702173577
1.938,0.16768006127699395,-0.1680174189640638,3.9058615778077224,0.0,0.0,3.876,-0.009337453223539925,-0.009309925024281112,-0.0007541012462586806,0.9862075949136363,-0.38759614736261,-0.18321820834616948,-0.38822632722789624
1.94,0.1676950752264516,-0.16803269003280155,3.909860686039515,0.0,0.0,3.88,-0.009316134326357245,-0.009288347444128939,-0.0007567305566980721,0.9864246583991519,-0.38775990335201654,-0.1830763718870882,-0.38837745147742003
1.942,0.16770972649032267,-0.1680475973453798,3.913859604865605,0.0,0.0,3.8839999999999995,-0.009294612042883878,-0.00926656164759035,-0.0007593630090594893,0.9866571006833491,-0.38792456732349373,-0.18294997435521881,-0.3885270250936958
1.944,0.16772401590818117,-0.1680621417319005,3.9178583352091287,0.0,0.0,3.8879999999999995,-0.009272885954708387,-0.00924457207885282,-0.0007619986915142706,0.9869040151384961,-0.3880897998204269,-0.1828381548393413,-0.38867537597524005
1.946,0.16773794432621328,-0.16807632402934017,3.921856877990222,0.0,0.0,3.8920000000000003,-0.009250968319326739,-0.009222394927555902,-0.0007646377948408805,0.9871635277988016,-0.3882552466443179,-0.18273912337909093,-0.38882284799514
1.948,0.16775151259799898,-0.1680901450818175,3.925855234126139,0.0,0.0,3.896,-0.009228882230731384,-0.009200056946054655,-0.0007672806087612157,0.9874328168636076,-0.3884205067239707,-0.1826501800766666,-0.3889698331497556
1.95,0.16776472157639954,-0.16810360573313496,3.9298534045322624,0.0,0.0,3.9,-0.009206652078924968,-0.009177585920677763,-0.0007699274146721946,0.9877090936922385,-0.3885851981170474,-0.18256865736291583,-0.3891167044013225
1.952,0.16777757212351543,-0.16811670683657312,3.933851390120588,0.0,0.0,3.904,-0.009184318951876757,-0.009155025078423968,-0.000772578630789346,0.9879882652468769,-0.3887489188804227,-0.18249063574320573,-0.389263856283005
1.954,0.16779006509858183,-0.16812944924301437,3.9378491918016802,0.0,0.0,3.908,-0.009161919282445925,-0.00913241271465105,-0.0007752346083124936,0.9882668426400906,-0.3889113317735085,-0.1824127766489963,-0.3894116180889123
1.956,0.16780220136642998,-0.16814183380907613,3.9418468104833257,0.0,0.0,3.912,-0.009139499905031299,-0.009109796900946108,-0.0007778957792102635,0.9885405267382082,-0.38907207967363017,-0.18233096435579615,-0.3895603400214534
1.958,0.1678139817904676,-0.16815386139053334,3.945844247071695,0.0,0.0,3.9159999999999995,-0.00911710436217633,-0.009087221629598666,-0.0007805625184041508,0.9888055509785015,-0.3892308925518018,-0.18224159534737733,-0.3897102847260387
1.96,0.16782540723197897,-0.16816553284156335,3.949841502471471,0.0,0.0,3.9200000000000004,-0.009094771404265603,-0.009064725496162003,-0.0007832351319198373,0.9890587954586685,-0.38938758621940883,-0.1821416876355746,-0.38986162843228267
1.962,0.16783647855303918,-0.16817684901747346,3.9538385775854095,0.0,0.0,3.9240000000000004,-0.009072539577568551,-0.009042346330974898,-0.0007859139068651257,0.9892972971111588,-0.38954202258890314,-0.18202841039268836,-0.3900145012428864
1.964,0.16784719661180855,-0.16818781077016948,3.957835473315206,0.0,0.0,3.928,-0.009050436156850014,-0.009020110175259827,-0.0007885990095002701,0.9895192554947781,-0.3896941797950305,-0.18190004923920577,-0.3901689159383943
1.966,0.16785756226355,-0.16819841894917684,3.961832190561183,0.0,0.0,3.932,-0.009028481869960464,-0.008998035964623516,-0.0007912905272357762,0.9897236331994089,-0.3898441251206989,-0.18175562232387332,-0.39032479548318844
1.968,0.16786757636046765,-0.16820867440123427,3.965828730222327,0.0,0.0,3.936,-0.009006688773266127,-0.008976133760793266,-0.0007939884691104743,0.9899101421163811,-0.38999198648931954,-0.18159486695638016,-0.3904820016116831
1.97,0.16787723974938876,-0.16821857796827183,3.9698250931967647,0.0,0.0,3.94,-0.00898505549197792,-0.00895439970502767,-0.0007966927070093795,0.9900798600628988,-0.3901380206063819,-0.18141883096614642,-0.39064026599486545
1.972,0.16788655327513366,-0.16822813049024093,3.9738212803807893,0.0,0.0,3.944,-0.008963578917741322,-0.008932828350168951,-0.0007994031170674244,0.990233864240009,-0.39028246463308097,-0.1812285611991083,-0.39079934014061596
1.974,0.1678955177759717,-0.16823733280101877,3.9778172926700335,0.0,0.0,3.9479999999999995,-0.008942238947098865,-0.00891139696781832,-0.0008021194179057568,0.9903748009653317,-0.39042568276226586,-0.18102660942276128,-0.39095884707722783
1.976,0.16790413408971586,-0.16824618573392905,3.9818131309579137,0.0,0.0,3.9519999999999995,-0.008921017193378815,-0.008890084696164563,-0.0008048413659911073,0.9905050182556343,-0.3905679976944437,-0.18081524041370411,-0.39111845197008754
1.978,0.16791240304794294,-0.1682546901162851,3.9858087961369035,0.0,0.0,3.9560000000000004,-0.008899881917431804,-0.008868857433001136,-0.0008075686151019354,0.9906279302981068,-0.3907097924711509,-0.18059774092889203,-0.3912777588119212
1.98,0.16792032548234082,-0.1682628467754172,3.9898042890972176,0.0,0.0,3.96,-0.00887880131681167,-0.008847681103083621,-0.0008103008335409827,0.9907468516622381,-0.3908514289120833,-0.18037730105112854,-0.39143639319912166
1.982,0.16792790222205903,-0.16827065653603435,3.9937996107272435,0.0,0.0,3.964,-0.008857739299500955,-0.008826517618830349,-0.0008130376774549351,0.9908652862911111,-0.39099325352275205,-0.18015729148987536,-0.39159399617545976
1.984,0.16793513409715635,-0.16827812022361469,3.9977947619128966,0.0,0.0,3.968,-0.00883665890949798,-0.008805328250869498,-0.0008157788083086352,0.9909866913895752,-0.3911355892097217,-0.17994103693331998,-0.3917502327039879
1.986,0.16794202193902008,-0.1682852386647245,4.001789743537488,0.0,0.0,3.972,-0.008815524156657857,-0.008784075532459426,-0.0008185239147173734,0.9911142719536117,-0.3912787138202944,-0.1797316190582126,-0.3919048133565521
1.988,0.16794856658034835,-0.16829201268699504,4.005784556481734,0.0,0.0,3.976,-0.008794299180281524,-0.008762722483077705,-0.0008212727094615579,0.991251046163445,-0.39142286188477127,-0.17953193936658052,-0.3920574925460222
1.99,0.16795476885774838,-0.16829844312168865,4.009779201623296,0.0,0.0,3.9799999999999995,-0.008772950464081223,-0.008741234784374077,-0.0008240249404508893,0.9913997051053207,-0.39156822148194576,-0.17934458466338216,-0.3922080717759711
1.992,0.1679606296116021,-0.16830453080349503,4.0137736798367945,0.0,0.0,3.9840000000000004,-0.008751448920125906,-0.008719582950771914,-0.0008267804152619286,0.9915623852319191,-0.39171491057165636,-0.17917160908436752,-0.39235642354932393
1.994,0.16796614968761042,-0.16831027657212566,4.017767991993632,0.0,0.0,3.9880000000000004,-0.008729770126437244,-0.008697742517682622,-0.0008295389991125569,0.9917407190189336,-0.39186298918969775,-0.1790145828464117,-0.3925024791351961
1.996,0.1679713299371511,-0.16831568127258262,4.021762138961795,0.0,0.0,3.992,-0.00870789751962182,-0.008675697278741828,-0.0008323006355728782,0.9919355290289104,-0.3920124335308077,-0.17887429908963026,-0.3926462547001135
1.998,0.1679761712160362,-0.16832074575402917,4.025756121606187,0.0,0.0,3.996,-0.00868582059088735,-0.008653437404613785,-0.0008350653306007246,0.9921470180580915,-0.3921631549934066,-0.17875095647481465,-0.3927878320733329
2.0,0.16798067438645886,-0.16832547087165103,4.029749940788116,0.0,0.0,4.0,-0.008663537985172276,-0.008630962582947557,-0.0008378331727826405,0.9923745200092399,-0.3923149832361371,-0.17864392054213996,-0.39292737589501037
