solid CATIA STL
  facet normal -9.927089e-01  1.205367e-01  0.000000e+00
    outer loop
      vertex -2.700000e+01  3.306437e-15 -2.550000e+01
      vertex -2.700000e+01  3.306437e-15 -2.137989e+01
      vertex -2.621543e+01  6.461523e+00 -2.550000e+01
    endloop
  endfacet
  facet normal -9.927089e-01  1.205367e-01  0.000000e+00
    outer loop
      vertex -2.621543e+01  6.461523e+00 -2.550000e+01
      vertex -2.700000e+01  3.306437e-15 -2.137989e+01
      vertex -2.621543e+01  6.461523e+00 -2.137989e+01
    endloop
  endfacet
  facet normal -9.350163e-01  3.546050e-01  0.000000e+00
    outer loop
      vertex -2.621543e+01  6.461523e+00 -2.550000e+01
      vertex -2.621543e+01  6.461523e+00 -2.137989e+01
      vertex -2.390731e+01  1.254753e+01 -2.550000e+01
    endloop
  endfacet
  facet normal -9.350163e-01  3.546050e-01  0.000000e+00
    outer loop
      vertex -2.390731e+01  1.254753e+01 -2.550000e+01
      vertex -2.621543e+01  6.461523e+00 -2.137989e+01
      vertex -2.390731e+01  1.254753e+01 -2.137989e+01
    endloop
  endfacet
  facet normal -8.229839e-01  5.680647e-01  0.000000e+00
    outer loop
      vertex -2.390731e+01  1.254753e+01 -2.550000e+01
      vertex -2.390731e+01  1.254753e+01 -2.137989e+01
      vertex -2.020979e+01  1.790431e+01 -2.550000e+01
    endloop
  endfacet
  facet normal -8.229839e-01  5.680647e-01  0.000000e+00
    outer loop
      vertex -2.020979e+01  1.790431e+01 -2.550000e+01
      vertex -2.390731e+01  1.254753e+01 -2.137989e+01
      vertex -2.020979e+01  1.790431e+01 -2.137989e+01
    endloop
  endfacet
  facet normal -6.631227e-01  7.485107e-01  0.000000e+00
    outer loop
      vertex -2.020979e+01  1.790431e+01 -2.550000e+01
      vertex -2.020979e+01  1.790431e+01 -2.137989e+01
      vertex -1.533775e+01  2.222056e+01 -2.550000e+01
    endloop
  endfacet
  facet normal -6.631227e-01  7.485107e-01  0.000000e+00
    outer loop
      vertex -1.533775e+01  2.222056e+01 -2.550000e+01
      vertex -2.020979e+01  1.790431e+01 -2.137989e+01
      vertex -1.533775e+01  2.222056e+01 -2.137989e+01
    endloop
  endfacet
  facet normal -4.647231e-01  8.854561e-01  0.000000e+00
    outer loop
      vertex -1.533775e+01  2.222056e+01 -2.550000e+01
      vertex -1.533775e+01  2.222056e+01 -2.137989e+01
      vertex -9.574332e+00  2.524544e+01 -2.550000e+01
    endloop
  endfacet
  facet normal -4.647231e-01  8.854561e-01  0.000000e+00
    outer loop
      vertex -9.574332e+00  2.524544e+01 -2.550000e+01
      vertex -1.533775e+01  2.222056e+01 -2.137989e+01
      vertex -9.574332e+00  2.524544e+01 -2.137989e+01
    endloop
  endfacet
  facet normal -2.393157e-01  9.709418e-01  0.000000e+00
    outer loop
      vertex -9.574332e+00  2.524544e+01 -2.550000e+01
      vertex -9.574332e+00  2.524544e+01 -2.137989e+01
      vertex -3.254490e+00  2.680314e+01 -2.550000e+01
    endloop
  endfacet
  facet normal -2.393157e-01  9.709418e-01  0.000000e+00
    outer loop
      vertex -3.254490e+00  2.680314e+01 -2.550000e+01
      vertex -9.574332e+00  2.524544e+01 -2.137989e+01
      vertex -3.254490e+00  2.680314e+01 -2.137989e+01
    endloop
  endfacet
  facet normal  0.000000e+00  1.000000e+00  0.000000e+00
    outer loop
      vertex -3.254490e+00  2.680314e+01 -2.550000e+01
      vertex -3.254490e+00  2.680314e+01 -2.137989e+01
      vertex  3.254490e+00  2.680314e+01 -2.550000e+01
    endloop
  endfacet
  facet normal  0.000000e+00  1.000000e+00  -0.000000e+00
    outer loop
      vertex  3.254490e+00  2.680314e+01 -2.550000e+01
      vertex -3.254490e+00  2.680314e+01 -2.137989e+01
      vertex  3.254490e+00  2.680314e+01 -2.137989e+01
    endloop
  endfacet
  facet normal  2.393157e-01  9.709418e-01  0.000000e+00
    outer loop
      vertex  3.254490e+00  2.680314e+01 -2.550000e+01
      vertex  3.254490e+00  2.680314e+01 -2.137989e+01
      vertex  9.574332e+00  2.524544e+01 -2.550000e+01
    endloop
  endfacet
  facet normal  2.393157e-01  9.709418e-01  -0.000000e+00
    outer loop
      vertex  9.574332e+00  2.524544e+01 -2.550000e+01
      vertex  3.254490e+00  2.680314e+01 -2.137989e+01
      vertex  9.574332e+00  2.524544e+01 -2.137989e+01
    endloop
  endfacet
  facet normal  4.647231e-01  8.854561e-01  0.000000e+00
    outer loop
      vertex  9.574332e+00  2.524544e+01 -2.550000e+01
      vertex  9.574332e+00  2.524544e+01 -2.137989e+01
      vertex  1.533775e+01  2.222056e+01 -2.550000e+01
    endloop
  endfacet
  facet normal  4.647231e-01  8.854561e-01  -0.000000e+00
    outer loop
      vertex  1.533775e+01  2.222056e+01 -2.550000e+01
      vertex  9.574332e+00  2.524544e+01 -2.137989e+01
      vertex  1.533775e+01  2.222056e+01 -2.137989e+01
    endloop
  endfacet
  facet normal  6.631227e-01  7.485107e-01  0.000000e+00
    outer loop
      vertex  1.533775e+01  2.222056e+01 -2.550000e+01
      vertex  1.533775e+01  2.222056e+01 -2.137989e+01
      vertex  2.020979e+01  1.790431e+01 -2.550000e+01
    endloop
  endfacet
  facet normal  6.631227e-01  7.485107e-01  -0.000000e+00
    outer loop
      vertex  2.020979e+01  1.790431e+01 -2.550000e+01
      vertex  1.533775e+01  2.222056e+01 -2.137989e+01
      vertex  2.020979e+01  1.790431e+01 -2.137989e+01
    endloop
  endfacet
  facet normal  8.229839e-01  5.680647e-01  0.000000e+00
    outer loop
      vertex  2.020979e+01  1.790431e+01 -2.550000e+01
      vertex  2.020979e+01  1.790431e+01 -2.137989e+01
      vertex  2.390731e+01  1.254753e+01 -2.550000e+01
    endloop
  endfacet
  facet normal  8.229839e-01  5.680647e-01  -0.000000e+00
    outer loop
      vertex  2.390731e+01  1.254753e+01 -2.550000e+01
      vertex  2.020979e+01  1.790431e+01 -2.137989e+01
      vertex  2.390731e+01  1.254753e+01 -2.137989e+01
    endloop
  endfacet
  facet normal  9.350163e-01  3.546050e-01  0.000000e+00
    outer loop
      vertex  2.390731e+01  1.254753e+01 -2.550000e+01
      vertex  2.390731e+01  1.254753e+01 -2.137989e+01
      vertex  2.621543e+01  6.461523e+00 -2.550000e+01
    endloop
  endfacet
  facet normal  9.350163e-01  3.546050e-01  -0.000000e+00
    outer loop
      vertex  2.621543e+01  6.461523e+00 -2.550000e+01
      vertex  2.390731e+01  1.254753e+01 -2.137989e+01
      vertex  2.621543e+01  6.461523e+00 -2.137989e+01
    endloop
  endfacet
  facet normal  9.927089e-01  1.205367e-01  0.000000e+00
    outer loop
      vertex  2.621543e+01  6.461523e+00 -2.550000e+01
      vertex  2.621543e+01  6.461523e+00 -2.137989e+01
      vertex  2.700000e+01 -6.612874e-15 -2.550000e+01
    endloop
  endfacet
  facet normal  9.927089e-01  1.205367e-01 -1.934642e-16
    outer loop
      vertex  2.700000e+01 -6.612874e-15 -2.550000e+01
      vertex  2.621543e+01  6.461523e+00 -2.137989e+01
      vertex  2.700000e+01  0.000000e+00 -2.137989e+01
    endloop
  endfacet
  facet normal  0.000000e+00  0.000000e+00 -1.000000e+00
    outer loop
      vertex -3.254490e+00 -2.680314e+01 -2.550000e+01
      vertex -6.102550e+00 -2.475902e+01 -2.550000e+01
      vertex  0.000000e+00 -2.550000e+01 -2.550000e+01
    endloop
  endfacet
  facet normal  -0.000000e+00  0.000000e+00 -1.000000e+00
    outer loop
      vertex -2.621543e+01  6.461523e+00 -2.550000e+01
      vertex -2.531408e+01  3.073685e+00 -2.550000e+01
      vertex -2.700000e+01  3.306437e-15 -2.550000e+01
    endloop
  endfacet
  facet normal  0.000000e+00  0.000000e+00 -1.000000e+00
    outer loop
      vertex -2.700000e+01  3.306437e-15 -2.550000e+01
      vertex -2.531408e+01  3.073685e+00 -2.550000e+01
      vertex -2.531408e+01 -3.073685e+00 -2.550000e+01
    endloop
  endfacet
  facet normal  -0.000000e+00  0.000000e+00 -1.000000e+00
    outer loop
      vertex -2.700000e+01  3.306437e-15 -2.550000e+01
      vertex -2.531408e+01 -3.073685e+00 -2.550000e+01
      vertex -2.621543e+01 -6.461523e+00 -2.550000e+01
    endloop
  endfacet
  facet normal  0.000000e+00  0.000000e+00 -1.000000e+00
    outer loop
      vertex -2.621543e+01 -6.461523e+00 -2.550000e+01
      vertex -2.531408e+01 -3.073685e+00 -2.550000e+01
      vertex -2.384291e+01 -9.042424e+00 -2.550000e+01
    endloop
  endfacet
  facet normal  -0.000000e+00  0.000000e+00 -1.000000e+00
    outer loop
      vertex -2.621543e+01 -6.461523e+00 -2.550000e+01
      vertex -2.384291e+01 -9.042424e+00 -2.550000e+01
      vertex -2.390731e+01 -1.254753e+01 -2.550000e+01
    endloop
  endfacet
  facet normal  0.000000e+00  0.000000e+00 -1.000000e+00
    outer loop
      vertex -2.390731e+01 -1.254753e+01 -2.550000e+01
      vertex -2.384291e+01 -9.042424e+00 -2.550000e+01
      vertex -2.098609e+01 -1.448565e+01 -2.550000e+01
    endloop
  endfacet
  facet normal  -0.000000e+00  -0.000000e+00 -1.000000e+00
    outer loop
      vertex -2.390731e+01 -1.254753e+01 -2.550000e+01
      vertex -2.098609e+01 -1.448565e+01 -2.550000e+01
      vertex -2.020979e+01 -1.790431e+01 -2.550000e+01
    endloop
  endfacet
  facet normal  0.000000e+00  0.000000e+00 -1.000000e+00
    outer loop
      vertex -2.020979e+01 -1.790431e+01 -2.550000e+01
      vertex -2.098609e+01 -1.448565e+01 -2.550000e+01
      vertex -1.690963e+01 -1.908702e+01 -2.550000e+01
    endloop
  endfacet
  facet normal  -0.000000e+00  -0.000000e+00 -1.000000e+00
    outer loop
      vertex -2.020979e+01 -1.790431e+01 -2.550000e+01
      vertex -1.690963e+01 -1.908702e+01 -2.550000e+01
      vertex -1.533775e+01 -2.222056e+01 -2.550000e+01
    endloop
  endfacet
  facet normal  0.000000e+00  0.000000e+00 -1.000000e+00
    outer loop
      vertex -1.533775e+01 -2.222056e+01 -2.550000e+01
      vertex -1.690963e+01 -1.908702e+01 -2.550000e+01
      vertex -1.185044e+01 -2.257913e+01 -2.550000e+01
    endloop
  endfacet
  facet normal  -0.000000e+00  -0.000000e+00 -1.000000e+00
    outer loop
      vertex -1.533775e+01 -2.222056e+01 -2.550000e+01
      vertex -1.185044e+01 -2.257913e+01 -2.550000e+01
      vertex -9.574332e+00 -2.524544e+01 -2.550000e+01
    endloop
  endfacet
  facet normal  0.000000e+00  0.000000e+00 -1.000000e+00
    outer loop
      vertex -9.574332e+00 -2.524544e+01 -2.550000e+01
      vertex -1.185044e+01 -2.257913e+01 -2.550000e+01
      vertex -6.102550e+00 -2.475902e+01 -2.550000e+01
    endloop
  endfacet
  facet normal  0.000000e+00  -0.000000e+00 -1.000000e+00
    outer loop
      vertex -9.574332e+00 -2.524544e+01 -2.550000e+01
      vertex -6.102550e+00 -2.475902e+01 -2.550000e+01
      vertex -3.254490e+00 -2.680314e+01 -2.550000e+01
    endloop
  endfacet
  facet normal  0.000000e+00  0.000000e+00 -1.000000e+00
    outer loop
      vertex  2.621543e+01  6.461523e+00 -2.550000e+01
      vertex  2.700000e+01 -6.612874e-15 -2.550000e+01
      vertex  2.531408e+01  3.073685e+00 -2.550000e+01
    endloop
  endfacet
  facet normal  0.000000e+00  0.000000e+00 -1.000000e+00
    outer loop
      vertex  2.531408e+01  3.073685e+00 -2.550000e+01
      vertex  2.700000e+01 -6.612874e-15 -2.550000e+01
      vertex  2.621543e+01 -6.461523e+00 -2.550000e+01
    endloop
  endfacet
  facet normal  0.000000e+00  0.000000e+00 -1.000000e+00
    outer loop
      vertex  2.531408e+01  3.073685e+00 -2.550000e+01
      vertex  2.621543e+01 -6.461523e+00 -2.550000e+01
      vertex  2.531408e+01 -3.073685e+00 -2.550000e+01
    endloop
  endfacet
  facet normal  0.000000e+00  -0.000000e+00 -1.000000e+00
    outer loop
      vertex  2.531408e+01 -3.073685e+00 -2.550000e+01
      vertex  2.621543e+01 -6.461523e+00 -2.550000e+01
      vertex  2.390731e+01 -1.254753e+01 -2.550000e+01
    endloop
  endfacet
  facet normal  0.000000e+00  0.000000e+00 -1.000000e+00
    outer loop
      vertex  2.531408e+01 -3.073685e+00 -2.550000e+01
      vertex  2.390731e+01 -1.254753e+01 -2.550000e+01
      vertex  2.384291e+01 -9.042424e+00 -2.550000e+01
    endloop
  endfacet
  facet normal  0.000000e+00  -0.000000e+00 -1.000000e+00
    outer loop
      vertex  2.384291e+01 -9.042424e+00 -2.550000e+01
      vertex  2.390731e+01 -1.254753e+01 -2.550000e+01
      vertex  2.020979e+01 -1.790431e+01 -2.550000e+01
    endloop
  endfacet
  facet normal  0.000000e+00  0.000000e+00 -9.999999e-01
    outer loop
      vertex  2.384291e+01 -9.042424e+00 -2.550000e+01
      vertex  2.020979e+01 -1.790431e+01 -2.550000e+01
      vertex  2.098609e+01 -1.448565e+01 -2.550000e+01
    endloop
  endfacet
  facet normal  0.000000e+00  0.000000e+00 -1.000000e+00
    outer loop
      vertex  2.098609e+01 -1.448565e+01 -2.550000e+01
      vertex  2.020979e+01 -1.790431e+01 -2.550000e+01
      vertex  1.533775e+01 -2.222056e+01 -2.550000e+01
    endloop
  endfacet
  facet normal  0.000000e+00  0.000000e+00 -9.999999e-01
    outer loop
      vertex  2.098609e+01 -1.448565e+01 -2.550000e+01
      vertex  1.533775e+01 -2.222056e+01 -2.550000e+01
      vertex  1.690963e+01 -1.908702e+01 -2.550000e+01
    endloop
  endfacet
  facet normal  0.000000e+00  0.000000e+00 -1.000000e+00
    outer loop
      vertex  1.690963e+01 -1.908702e+01 -2.550000e+01
      vertex  1.533775e+01 -2.222056e+01 -2.550000e+01
      vertex  9.574332e+00 -2.524544e+01 -2.550000e+01
    endloop
  endfacet
  facet normal  0.000000e+00  0.000000e+00 -1.000000e+00
    outer loop
      vertex  1.690963e+01 -1.908702e+01 -2.550000e+01
      vertex  9.574332e+00 -2.524544e+01 -2.550000e+01
      vertex  1.185044e+01 -2.257913e+01 -2.550000e+01
    endloop
  endfacet
  facet normal  0.000000e+00  0.000000e+00 -1.000000e+00
    outer loop
      vertex  1.185044e+01 -2.257913e+01 -2.550000e+01
      vertex  9.574332e+00 -2.524544e+01 -2.550000e+01
      vertex  3.254490e+00 -2.680314e+01 -2.550000e+01
    endloop
  endfacet
  facet normal  0.000000e+00  0.000000e+00 -1.000000e+00
    outer loop
      vertex  1.185044e+01 -2.257913e+01 -2.550000e+01
      vertex  3.254490e+00 -2.680314e+01 -2.550000e+01
      vertex  6.102550e+00 -2.475902e+01 -2.550000e+01
    endloop
  endfacet
  facet normal  0.000000e+00  0.000000e+00 -1.000000e+00
    outer loop
      vertex  6.102550e+00 -2.475902e+01 -2.550000e+01
      vertex  3.254490e+00 -2.680314e+01 -2.550000e+01
      vertex -3.254490e+00 -2.680314e+01 -2.550000e+01
    endloop
  endfacet
  facet normal  0.000000e+00  0.000000e+00 -9.999999e-01
    outer loop
      vertex  6.102550e+00 -2.475902e+01 -2.550000e+01
      vertex -3.254490e+00 -2.680314e+01 -2.550000e+01
      vertex  0.000000e+00 -2.550000e+01 -2.550000e+01
    endloop
  endfacet
  facet normal  0.000000e+00  -0.000000e+00 -1.000000e+00
    outer loop
      vertex -6.102550e+00  2.475902e+01 -2.550000e+01
      vertex -3.254490e+00  2.680314e+01 -2.550000e+01
      vertex  2.577130e-14  2.550000e+01 -2.550000e+01
    endloop
  endfacet
  facet normal  0.000000e+00  0.000000e+00 -1.000000e+00
    outer loop
      vertex  2.577130e-14  2.550000e+01 -2.550000e+01
      vertex -3.254490e+00  2.680314e+01 -2.550000e+01
      vertex  3.254490e+00  2.680314e+01 -2.550000e+01
    endloop
  endfacet
  facet normal  0.000000e+00  -0.000000e+00 -1.000000e+00
    outer loop
      vertex  2.577130e-14  2.550000e+01 -2.550000e+01
      vertex  3.254490e+00  2.680314e+01 -2.550000e+01
      vertex  6.102550e+00  2.475902e+01 -2.550000e+01
    endloop
  endfacet
  facet normal  0.000000e+00  0.000000e+00 -1.000000e+00
    outer loop
      vertex  6.102550e+00  2.475902e+01 -2.550000e+01
      vertex  3.254490e+00  2.680314e+01 -2.550000e+01
      vertex  9.574332e+00  2.524544e+01 -2.550000e+01
    endloop
  endfacet
  facet normal  0.000000e+00  -0.000000e+00 -1.000000e+00
    outer loop
      vertex  6.102550e+00  2.475902e+01 -2.550000e+01
      vertex  9.574332e+00  2.524544e+01 -2.550000e+01
      vertex  1.185044e+01  2.257913e+01 -2.550000e+01
    endloop
  endfacet
  facet normal  0.000000e+00  0.000000e+00 -1.000000e+00
    outer loop
      vertex  1.185044e+01  2.257913e+01 -2.550000e+01
      vertex  9.574332e+00  2.524544e+01 -2.550000e+01
      vertex  1.533775e+01  2.222056e+01 -2.550000e+01
    endloop
  endfacet
  facet normal  -0.000000e+00  -0.000000e+00 -1.000000e+00
    outer loop
      vertex  1.185044e+01  2.257913e+01 -2.550000e+01
      vertex  1.533775e+01  2.222056e+01 -2.550000e+01
      vertex  1.690963e+01  1.908702e+01 -2.550000e+01
    endloop
  endfacet
  facet normal  0.000000e+00  0.000000e+00 -1.000000e+00
    outer loop
      vertex  1.690963e+01  1.908702e+01 -2.550000e+01
      vertex  1.533775e+01  2.222056e+01 -2.550000e+01
      vertex  2.020979e+01  1.790431e+01 -2.550000e+01
    endloop
  endfacet
  facet normal  -0.000000e+00  -0.000000e+00 -1.000000e+00
    outer loop
      vertex  1.690963e+01  1.908702e+01 -2.550000e+01
      vertex  2.020979e+01  1.790431e+01 -2.550000e+01
      vertex  2.098609e+01  1.448565e+01 -2.550000e+01
    endloop
  endfacet
  facet normal  0.000000e+00  0.000000e+00 -1.000000e+00
    outer loop
      vertex  2.098609e+01  1.448565e+01 -2.550000e+01
      vertex  2.020979e+01  1.790431e+01 -2.550000e+01
      vertex  2.390731e+01  1.254753e+01 -2.550000e+01
    endloop
  endfacet
  facet normal  -0.000000e+00  0.000000e+00 -1.000000e+00
    outer loop
      vertex  2.098609e+01  1.448565e+01 -2.550000e+01
      vertex  2.390731e+01  1.254753e+01 -2.550000e+01
      vertex  2.384291e+01  9.042424e+00 -2.550000e+01
    endloop
  endfacet
  facet normal  0.000000e+00  0.000000e+00 -1.000000e+00
    outer loop
      vertex  2.384291e+01  9.042424e+00 -2.550000e+01
      vertex  2.390731e+01  1.254753e+01 -2.550000e+01
      vertex  2.621543e+01  6.461523e+00 -2.550000e+01
    endloop
  endfacet
  facet normal  -0.000000e+00  0.000000e+00 -1.000000e+00
    outer loop
      vertex  2.384291e+01  9.042424e+00 -2.550000e+01
      vertex  2.621543e+01  6.461523e+00 -2.550000e+01
      vertex  2.531408e+01  3.073685e+00 -2.550000e+01
    endloop
  endfacet
  facet normal  0.000000e+00  0.000000e+00 -1.000000e+00
    outer loop
      vertex -1.690963e+01  1.908702e+01 -2.550000e+01
      vertex -9.574332e+00  2.524544e+01 -2.550000e+01
      vertex -1.185044e+01  2.257913e+01 -2.550000e+01
    endloop
  endfacet
  facet normal  0.000000e+00  0.000000e+00 -1.000000e+00
    outer loop
      vertex -1.185044e+01  2.257913e+01 -2.550000e+01
      vertex -9.574332e+00  2.524544e+01 -2.550000e+01
      vertex -3.254490e+00  2.680314e+01 -2.550000e+01
    endloop
  endfacet
  facet normal  0.000000e+00  0.000000e+00 -1.000000e+00
    outer loop
      vertex -1.185044e+01  2.257913e+01 -2.550000e+01
      vertex -3.254490e+00  2.680314e+01 -2.550000e+01
      vertex -6.102550e+00  2.475902e+01 -2.550000e+01
    endloop
  endfacet
  facet normal  0.000000e+00  0.000000e+00 -1.000000e+00
    outer loop
      vertex -9.574332e+00  2.524544e+01 -2.550000e+01
      vertex -1.690963e+01  1.908702e+01 -2.550000e+01
      vertex -1.533775e+01  2.222056e+01 -2.550000e+01
    endloop
  endfacet
  facet normal  0.000000e+00  0.000000e+00 -9.999999e-01
    outer loop
      vertex -1.533775e+01  2.222056e+01 -2.550000e+01
      vertex -1.690963e+01  1.908702e+01 -2.550000e+01
      vertex -2.098609e+01  1.448565e+01 -2.550000e+01
    endloop
  endfacet
  facet normal  0.000000e+00  0.000000e+00 -1.000000e+00
    outer loop
      vertex -1.533775e+01  2.222056e+01 -2.550000e+01
      vertex -2.098609e+01  1.448565e+01 -2.550000e+01
      vertex -2.020979e+01  1.790431e+01 -2.550000e+01
    endloop
  endfacet
  facet normal  0.000000e+00  0.000000e+00 -9.999999e-01
    outer loop
      vertex -2.020979e+01  1.790431e+01 -2.550000e+01
      vertex -2.098609e+01  1.448565e+01 -2.550000e+01
      vertex -2.384291e+01  9.042424e+00 -2.550000e+01
    endloop
  endfacet
  facet normal  0.000000e+00  0.000000e+00 -1.000000e+00
    outer loop
      vertex -2.020979e+01  1.790431e+01 -2.550000e+01
      vertex -2.384291e+01  9.042424e+00 -2.550000e+01
      vertex -2.390731e+01  1.254753e+01 -2.550000e+01
    endloop
  endfacet
  facet normal  0.000000e+00  -0.000000e+00 -1.000000e+00
    outer loop
      vertex -2.390731e+01  1.254753e+01 -2.550000e+01
      vertex -2.384291e+01  9.042424e+00 -2.550000e+01
      vertex -2.531408e+01  3.073685e+00 -2.550000e+01
    endloop
  endfacet
  facet normal  0.000000e+00  0.000000e+00 -1.000000e+00
    outer loop
      vertex -2.390731e+01  1.254753e+01 -2.550000e+01
      vertex -2.531408e+01  3.073685e+00 -2.550000e+01
      vertex -2.621543e+01  6.461523e+00 -2.550000e+01
    endloop
  endfacet
  facet normal  3.545965e-01  9.349940e-01  6.889869e-03
    outer loop
      vertex -1.185044e+01 -2.257913e+01 -2.550000e+01
      vertex -1.163265e+01 -2.269209e+01 -2.137989e+01
      vertex -6.102550e+00 -2.475902e+01 -2.550000e+01
    endloop
  endfacet
  facet normal  5.604676e-01  8.281474e-01 -6.921770e-03
    outer loop
      vertex -1.674204e+01 -1.923419e+01 -2.137989e+01
      vertex -1.163265e+01 -2.269209e+01 -2.137989e+01
      vertex -1.185044e+01 -2.257913e+01 -2.550000e+01
    endloop
  endfacet
  facet normal  3.451745e-01  9.385085e-01 -7.519555e-03
    outer loop
      vertex -1.163265e+01 -2.269209e+01 -2.137989e+01
      vertex -5.842352e+00 -2.482170e+01 -2.137989e+01
      vertex -6.102550e+00 -2.475902e+01 -2.550000e+01
    endloop
  endfacet
  facet normal  1.153218e-01  9.932973e-01  7.829958e-03
    outer loop
      vertex -6.102550e+00 -2.475902e+01 -2.550000e+01
      vertex -5.842352e+00 -2.482170e+01 -2.137989e+01
      vertex  0.000000e+00 -2.550000e+01 -2.137989e+01
    endloop
  endfacet
  facet normal  1.205367e-01  9.927088e-01  0.000000e+00
    outer loop
      vertex -6.102550e+00 -2.475902e+01 -2.550000e+01
      vertex  0.000000e+00 -2.550000e+01 -2.137989e+01
      vertex  0.000000e+00 -2.550000e+01 -2.550000e+01
    endloop
  endfacet
  facet normal  5.680534e-01  8.229677e-01  6.289698e-03
    outer loop
      vertex -1.185044e+01 -2.257913e+01 -2.550000e+01
      vertex -1.690963e+01 -1.908702e+01 -2.550000e+01
      vertex -1.674204e+01 -1.923419e+01 -2.137989e+01
    endloop
  endfacet
  facet normal  7.484938e-01  6.631073e-01 -6.759965e-03
    outer loop
      vertex -1.674204e+01 -1.923419e+01 -2.137989e+01
      vertex -1.690963e+01 -1.908702e+01 -2.550000e+01
      vertex -2.098609e+01 -1.448565e+01 -2.550000e+01
    endloop
  endfacet
  facet normal  7.429625e-01  6.693053e-01  6.080969e-03
    outer loop
      vertex -1.674204e+01 -1.923419e+01 -2.137989e+01
      vertex -2.098609e+01 -1.448565e+01 -2.550000e+01
      vertex -2.087140e+01 -1.465039e+01 -2.137989e+01
    endloop
  endfacet
  facet normal  8.854396e-01  4.647147e-01 -6.065513e-03
    outer loop
      vertex -2.087140e+01 -1.465039e+01 -2.137989e+01
      vertex -2.098609e+01 -1.448565e+01 -2.550000e+01
      vertex -2.384291e+01 -9.042424e+00 -2.550000e+01
    endloop
  endfacet
  facet normal  8.819629e-01  4.712880e-01  5.389019e-03
    outer loop
      vertex -2.087140e+01 -1.465039e+01 -2.137989e+01
      vertex -2.384291e+01 -9.042424e+00 -2.550000e+01
      vertex -2.377906e+01 -9.209036e+00 -2.137989e+01
    endloop
  endfacet
  facet normal  9.709278e-01  2.393120e-01 -5.370611e-03
    outer loop
      vertex -2.377906e+01 -9.209036e+00 -2.137989e+01
      vertex -2.384291e+01 -9.042424e+00 -2.550000e+01
      vertex -2.531408e+01 -3.073685e+00 -2.550000e+01
    endloop
  endfacet
  facet normal  9.693409e-01  2.456753e-01  4.696283e-03
    outer loop
      vertex -2.377906e+01 -9.209036e+00 -2.137989e+01
      vertex -2.531408e+01 -3.073685e+00 -2.550000e+01
      vertex -2.529477e+01 -3.228612e+00 -2.137989e+01
    endloop
  endfacet
  facet normal  9.999890e-01  0.000000e+00 -4.685328e-03
    outer loop
      vertex -2.529477e+01 -3.228612e+00 -2.137989e+01
      vertex -2.531408e+01 -3.073685e+00 -2.550000e+01
      vertex -2.531408e+01  3.073685e+00 -2.550000e+01
    endloop
  endfacet
  facet normal  9.999757e-01  5.687210e-03  4.014138e-03
    outer loop
      vertex -2.529477e+01 -3.228612e+00 -2.137989e+01
      vertex -2.531408e+01  3.073685e+00 -2.550000e+01
      vertex -2.532986e+01  2.940798e+00 -2.137989e+01
    endloop
  endfacet
  facet normal  9.709341e-01 -2.393136e-01 -3.999242e-03
    outer loop
      vertex -2.532986e+01  2.940798e+00 -2.137989e+01
      vertex -2.531408e+01  3.073685e+00 -2.550000e+01
      vertex -2.384291e+01  9.042424e+00 -2.550000e+01
    endloop
  endfacet
  facet normal  9.720759e-01 -2.346429e-01  3.329886e-03
    outer loop
      vertex -2.532986e+01  2.940798e+00 -2.137989e+01
      vertex -2.384291e+01  9.042424e+00 -2.550000e+01
      vertex -2.388222e+01  8.938063e+00 -2.137989e+01
    endloop
  endfacet
  facet normal  8.854511e-01 -4.647207e-01 -3.324316e-03
    outer loop
      vertex -2.388222e+01  8.938063e+00 -2.137989e+01
      vertex -2.384291e+01  9.042424e+00 -2.550000e+01
      vertex -2.098609e+01  1.448565e+01 -2.550000e+01
    endloop
  endfacet
  facet normal  8.872761e-01 -4.612309e-01  2.657390e-03
    outer loop
      vertex -2.388222e+01  8.938063e+00 -2.137989e+01
      vertex -2.098609e+01  1.448565e+01 -2.550000e+01
      vertex -2.103664e+01  1.441214e+01 -2.137989e+01
    endloop
  endfacet
  facet normal  7.485082e-01 -6.631202e-01 -2.647311e-03
    outer loop
      vertex -2.103664e+01  1.441214e+01 -2.137989e+01
      vertex -2.098609e+01  1.448565e+01 -2.550000e+01
      vertex -1.690963e+01  1.908702e+01 -2.550000e+01
    endloop
  endfacet
  facet normal  7.505344e-01 -6.608284e-01  1.982589e-03
    outer loop
      vertex -2.103664e+01  1.441214e+01 -2.137989e+01
      vertex -1.690963e+01  1.908702e+01 -2.550000e+01
      vertex -1.695964e+01  1.904258e+01 -2.137989e+01
    endloop
  endfacet
  facet normal  5.680635e-01 -8.229823e-01 -1.981740e-03
    outer loop
      vertex -1.695964e+01  1.904258e+01 -2.137989e+01
      vertex -1.690963e+01  1.908702e+01 -2.550000e+01
      vertex -1.185044e+01  2.257913e+01 -2.550000e+01
    endloop
  endfacet
  facet normal  5.698642e-01 -8.217379e-01  1.319319e-03
    outer loop
      vertex -1.695964e+01  1.904258e+01 -2.137989e+01
      vertex -1.185044e+01  2.257913e+01 -2.550000e+01
      vertex -1.188992e+01  2.255836e+01 -2.137989e+01
    endloop
  endfacet
  facet normal  3.546046e-01 -9.350154e-01 -1.314181e-03
    outer loop
      vertex -1.188992e+01  2.255836e+01 -2.137989e+01
      vertex -1.185044e+01  2.257913e+01 -2.550000e+01
      vertex -6.102550e+00  2.475902e+01 -2.550000e+01
    endloop
  endfacet
  facet normal  3.558291e-01 -9.345508e-01  6.540549e-04
    outer loop
      vertex -1.188992e+01  2.255836e+01 -2.137989e+01
      vertex -6.102550e+00  2.475902e+01 -2.550000e+01
      vertex -6.124199e+00  2.475366e+01 -2.137989e+01
    endloop
  endfacet
  facet normal  1.205367e-01 -9.927086e-01 -6.579850e-04
    outer loop
      vertex -6.124199e+00  2.475366e+01 -2.137989e+01
      vertex -6.102550e+00  2.475902e+01 -2.550000e+01
      vertex  2.577130e-14  2.550000e+01 -2.550000e+01
    endloop
  endfacet
  facet normal  1.209729e-01 -9.926558e-01  6.649971e-16
    outer loop
      vertex -6.124199e+00  2.475366e+01 -2.137989e+01
      vertex  2.577130e-14  2.550000e+01 -2.550000e+01
      vertex  3.122746e-15  2.550000e+01 -2.137989e+01
    endloop
  endfacet
  facet normal  -0.000000e+00  0.000000e+00  1.000000e+00
    outer loop
      vertex  2.700000e+01  0.000000e+00 -2.137989e+01
      vertex  2.531408e+01 -3.073685e+00 -2.137989e+01
      vertex  2.624225e+01 -6.351735e+00 -2.137989e+01
    endloop
  endfacet
  facet normal  0.000000e+00  0.000000e+00  1.000000e+00
    outer loop
      vertex  2.624225e+01 -6.351735e+00 -2.137989e+01
      vertex  2.531408e+01 -3.073685e+00 -2.137989e+01
      vertex  2.384291e+01 -9.042424e+00 -2.137989e+01
    endloop
  endfacet
  facet normal  -0.000000e+00  0.000000e+00  1.000000e+00
    outer loop
      vertex  2.624225e+01 -6.351735e+00 -2.137989e+01
      vertex  2.384291e+01 -9.042424e+00 -2.137989e+01
      vertex  2.419707e+01 -1.197923e+01 -2.137989e+01
    endloop
  endfacet
  facet normal  0.000000e+00  0.000000e+00  1.000000e+00
    outer loop
      vertex  2.419707e+01 -1.197923e+01 -2.137989e+01
      vertex  2.384291e+01 -9.042424e+00 -2.137989e+01
      vertex  2.098609e+01 -1.448565e+01 -2.137989e+01
    endloop
  endfacet
  facet normal  -0.000000e+00  0.000000e+00  1.000000e+00
    outer loop
      vertex  2.419707e+01 -1.197923e+01 -2.137989e+01
      vertex  2.098609e+01 -1.448565e+01 -2.137989e+01
      vertex  2.096190e+01 -1.701760e+01 -2.137989e+01
    endloop
  endfacet
  facet normal  0.000000e+00  -0.000000e+00  1.000000e+00
    outer loop
      vertex  2.096190e+01 -1.701760e+01 -2.137989e+01
      vertex  2.098609e+01 -1.448565e+01 -2.137989e+01
      vertex  1.690963e+01 -1.908702e+01 -2.137989e+01
    endloop
  endfacet
  facet normal  -0.000000e+00  0.000000e+00  1.000000e+00
    outer loop
      vertex  2.096190e+01 -1.701760e+01 -2.137989e+01
      vertex  1.690963e+01 -1.908702e+01 -2.137989e+01
      vertex  1.669586e+01 -2.121906e+01 -2.137989e+01
    endloop
  endfacet
  facet normal  0.000000e+00  -0.000000e+00  1.000000e+00
    outer loop
      vertex  1.669586e+01 -2.121906e+01 -2.137989e+01
      vertex  1.690963e+01 -1.908702e+01 -2.137989e+01
      vertex  1.185044e+01 -2.257913e+01 -2.137989e+01
    endloop
  endfacet
  facet normal  -0.000000e+00  0.000000e+00  1.000000e+00
    outer loop
      vertex  1.669586e+01 -2.121906e+01 -2.137989e+01
      vertex  1.185044e+01 -2.257913e+01 -2.137989e+01
      vertex  1.160872e+01 -2.437699e+01 -2.137989e+01
    endloop
  endfacet
  facet normal  0.000000e+00  -0.000000e+00  1.000000e+00
    outer loop
      vertex  1.160872e+01 -2.437699e+01 -2.137989e+01
      vertex  1.185044e+01 -2.257913e+01 -2.137989e+01
      vertex  6.102550e+00 -2.475902e+01 -2.137989e+01
    endloop
  endfacet
  facet normal  -0.000000e+00  0.000000e+00  1.000000e+00
    outer loop
      vertex  1.160872e+01 -2.437699e+01 -2.137989e+01
      vertex  6.102550e+00 -2.475902e+01 -2.137989e+01
      vertex  5.950686e+00 -2.633608e+01 -2.137989e+01
    endloop
  endfacet
  facet normal  0.000000e+00  -0.000000e+00  1.000000e+00
    outer loop
      vertex  5.950686e+00 -2.633608e+01 -2.137989e+01
      vertex  6.102550e+00 -2.475902e+01 -2.137989e+01
      vertex  0.000000e+00 -2.550000e+01 -2.137989e+01
    endloop
  endfacet
  facet normal  0.000000e+00  0.000000e+00  1.000000e+00
    outer loop
      vertex  5.950686e+00 -2.633608e+01 -2.137989e+01
      vertex  0.000000e+00 -2.550000e+01 -2.137989e+01
      vertex -4.959656e-15 -2.700000e+01 -2.137989e+01
    endloop
  endfacet
  facet normal  0.000000e+00  -0.000000e+00  1.000000e+00
    outer loop
      vertex -4.959656e-15 -2.700000e+01 -2.137989e+01
      vertex  0.000000e+00 -2.550000e+01 -2.137989e+01
      vertex -5.842352e+00 -2.482170e+01 -2.137989e+01
    endloop
  endfacet
  facet normal  0.000000e+00  0.000000e+00  1.000000e+00
    outer loop
      vertex -4.959656e-15 -2.700000e+01 -2.137989e+01
      vertex -5.842352e+00 -2.482170e+01 -2.137989e+01
      vertex -6.008065e+00 -2.632305e+01 -2.137989e+01
    endloop
  endfacet
  facet normal  0.000000e+00  -0.000000e+00  9.999999e-01
    outer loop
      vertex -6.008065e+00 -2.632305e+01 -2.137989e+01
      vertex -5.842352e+00 -2.482170e+01 -2.137989e+01
      vertex -1.163265e+01 -2.269209e+01 -2.137989e+01
    endloop
  endfacet
  facet normal  0.000000e+00  0.000000e+00  1.000000e+00
    outer loop
      vertex -6.008065e+00 -2.632305e+01 -2.137989e+01
      vertex -1.163265e+01 -2.269209e+01 -2.137989e+01
      vertex -1.171486e+01 -2.432616e+01 -2.137989e+01
    endloop
  endfacet
  facet normal  0.000000e+00  -0.000000e+00  1.000000e+00
    outer loop
      vertex -1.171486e+01 -2.432616e+01 -2.137989e+01
      vertex -1.163265e+01 -2.269209e+01 -2.137989e+01
      vertex -1.674204e+01 -1.923419e+01 -2.137989e+01
    endloop
  endfacet
  facet normal  0.000000e+00  0.000000e+00  1.000000e+00
    outer loop
      vertex -1.171486e+01 -2.432616e+01 -2.137989e+01
      vertex -1.674204e+01 -1.923419e+01 -2.137989e+01
      vertex -1.683422e+01 -2.110945e+01 -2.137989e+01
    endloop
  endfacet
  facet normal  0.000000e+00  -0.000000e+00  1.000000e+00
    outer loop
      vertex -1.683422e+01 -2.110945e+01 -2.137989e+01
      vertex -1.674204e+01 -1.923419e+01 -2.137989e+01
      vertex -2.087140e+01 -1.465039e+01 -2.137989e+01
    endloop
  endfacet
  facet normal  0.000000e+00  0.000000e+00  9.999999e-01
    outer loop
      vertex -1.683422e+01 -2.110945e+01 -2.137989e+01
      vertex -2.087140e+01 -1.465039e+01 -2.137989e+01
      vertex -2.110945e+01 -1.683422e+01 -2.137989e+01
    endloop
  endfacet
  facet normal  0.000000e+00  -0.000000e+00  1.000000e+00
    outer loop
      vertex -2.110945e+01 -1.683422e+01 -2.137989e+01
      vertex -2.087140e+01 -1.465039e+01 -2.137989e+01
      vertex -2.377906e+01 -9.209036e+00 -2.137989e+01
    endloop
  endfacet
  facet normal  0.000000e+00  0.000000e+00  1.000000e+00
    outer loop
      vertex -2.110945e+01 -1.683422e+01 -2.137989e+01
      vertex -2.377906e+01 -9.209036e+00 -2.137989e+01
      vertex -2.432616e+01 -1.171486e+01 -2.137989e+01
    endloop
  endfacet
  facet normal  0.000000e+00  -0.000000e+00  1.000000e+00
    outer loop
      vertex -2.432616e+01 -1.171486e+01 -2.137989e+01
      vertex -2.377906e+01 -9.209036e+00 -2.137989e+01
      vertex -2.529477e+01 -3.228612e+00 -2.137989e+01
    endloop
  endfacet
  facet normal  0.000000e+00  0.000000e+00  1.000000e+00
    outer loop
      vertex -2.432616e+01 -1.171486e+01 -2.137989e+01
      vertex -2.529477e+01 -3.228612e+00 -2.137989e+01
      vertex -2.632305e+01 -6.008065e+00 -2.137989e+01
    endloop
  endfacet
  facet normal  0.000000e+00  0.000000e+00  1.000000e+00
    outer loop
      vertex -2.632305e+01 -6.008065e+00 -2.137989e+01
      vertex -2.529477e+01 -3.228612e+00 -2.137989e+01
      vertex -2.532986e+01  2.940798e+00 -2.137989e+01
    endloop
  endfacet
  facet normal  0.000000e+00  0.000000e+00  1.000000e+00
    outer loop
      vertex -2.632305e+01 -6.008065e+00 -2.137989e+01
      vertex -2.532986e+01  2.940798e+00 -2.137989e+01
      vertex -2.700000e+01  3.306437e-15 -2.137989e+01
    endloop
  endfacet
  facet normal  0.000000e+00  0.000000e+00  1.000000e+00
    outer loop
      vertex -6.124199e+00  2.475366e+01 -2.137989e+01
      vertex  3.122746e-15  2.550000e+01 -2.137989e+01
      vertex -3.254490e+00  2.680314e+01 -2.137989e+01
    endloop
  endfacet
  facet normal  0.000000e+00  0.000000e+00  9.999999e-01
    outer loop
      vertex -3.254490e+00  2.680314e+01 -2.137989e+01
      vertex  3.122746e-15  2.550000e+01 -2.137989e+01
      vertex  6.102550e+00  2.475902e+01 -2.137989e+01
    endloop
  endfacet
  facet normal  0.000000e+00  0.000000e+00  1.000000e+00
    outer loop
      vertex -3.254490e+00  2.680314e+01 -2.137989e+01
      vertex  6.102550e+00  2.475902e+01 -2.137989e+01
      vertex  3.254490e+00  2.680314e+01 -2.137989e+01
    endloop
  endfacet
  facet normal  0.000000e+00  0.000000e+00  1.000000e+00
    outer loop
      vertex  3.254490e+00  2.680314e+01 -2.137989e+01
      vertex  6.102550e+00  2.475902e+01 -2.137989e+01
      vertex  1.185044e+01  2.257913e+01 -2.137989e+01
    endloop
  endfacet
  facet normal  0.000000e+00  0.000000e+00  1.000000e+00
    outer loop
      vertex  3.254490e+00  2.680314e+01 -2.137989e+01
      vertex  1.185044e+01  2.257913e+01 -2.137989e+01
      vertex  9.574332e+00  2.524544e+01 -2.137989e+01
    endloop
  endfacet
  facet normal  0.000000e+00  0.000000e+00  1.000000e+00
    outer loop
      vertex  9.574332e+00  2.524544e+01 -2.137989e+01
      vertex  1.185044e+01  2.257913e+01 -2.137989e+01
      vertex  1.690963e+01  1.908702e+01 -2.137989e+01
    endloop
  endfacet
  facet normal  0.000000e+00  0.000000e+00  1.000000e+00
    outer loop
      vertex  9.574332e+00  2.524544e+01 -2.137989e+01
      vertex  1.690963e+01  1.908702e+01 -2.137989e+01
      vertex  1.533775e+01  2.222056e+01 -2.137989e+01
    endloop
  endfacet
  facet normal  0.000000e+00  0.000000e+00  9.999999e-01
    outer loop
      vertex  1.533775e+01  2.222056e+01 -2.137989e+01
      vertex  1.690963e+01  1.908702e+01 -2.137989e+01
      vertex  2.098609e+01  1.448565e+01 -2.137989e+01
    endloop
  endfacet
  facet normal  0.000000e+00  0.000000e+00  1.000000e+00
    outer loop
      vertex  1.533775e+01  2.222056e+01 -2.137989e+01
      vertex  2.098609e+01  1.448565e+01 -2.137989e+01
      vertex  2.020979e+01  1.790431e+01 -2.137989e+01
    endloop
  endfacet
  facet normal  0.000000e+00  0.000000e+00  9.999999e-01
    outer loop
      vertex  2.020979e+01  1.790431e+01 -2.137989e+01
      vertex  2.098609e+01  1.448565e+01 -2.137989e+01
      vertex  2.384291e+01  9.042424e+00 -2.137989e+01
    endloop
  endfacet
  facet normal  0.000000e+00  -0.000000e+00  1.000000e+00
    outer loop
      vertex  2.020979e+01  1.790431e+01 -2.137989e+01
      vertex  2.384291e+01  9.042424e+00 -2.137989e+01
      vertex  2.390731e+01  1.254753e+01 -2.137989e+01
    endloop
  endfacet
  facet normal  0.000000e+00  0.000000e+00  1.000000e+00
    outer loop
      vertex  2.390731e+01  1.254753e+01 -2.137989e+01
      vertex  2.384291e+01  9.042424e+00 -2.137989e+01
      vertex  2.531408e+01  3.073685e+00 -2.137989e+01
    endloop
  endfacet
  facet normal  0.000000e+00  -0.000000e+00  1.000000e+00
    outer loop
      vertex  2.390731e+01  1.254753e+01 -2.137989e+01
      vertex  2.531408e+01  3.073685e+00 -2.137989e+01
      vertex  2.621543e+01  6.461523e+00 -2.137989e+01
    endloop
  endfacet
  facet normal  0.000000e+00  0.000000e+00  1.000000e+00
    outer loop
      vertex  2.621543e+01  6.461523e+00 -2.137989e+01
      vertex  2.531408e+01  3.073685e+00 -2.137989e+01
      vertex  2.531408e+01 -3.073685e+00 -2.137989e+01
    endloop
  endfacet
  facet normal  0.000000e+00  0.000000e+00  1.000000e+00
    outer loop
      vertex  2.621543e+01  6.461523e+00 -2.137989e+01
      vertex  2.531408e+01 -3.073685e+00 -2.137989e+01
      vertex  2.700000e+01  0.000000e+00 -2.137989e+01
    endloop
  endfacet
  facet normal  0.000000e+00  0.000000e+00  1.000000e+00
    outer loop
      vertex -2.700000e+01  3.306437e-15 -2.137989e+01
      vertex -2.532986e+01  2.940798e+00 -2.137989e+01
      vertex -2.621543e+01  6.461523e+00 -2.137989e+01
    endloop
  endfacet
  facet normal  -0.000000e+00  0.000000e+00  1.000000e+00
    outer loop
      vertex -2.621543e+01  6.461523e+00 -2.137989e+01
      vertex -2.532986e+01  2.940798e+00 -2.137989e+01
      vertex -2.388222e+01  8.938063e+00 -2.137989e+01
    endloop
  endfacet
  facet normal  0.000000e+00  0.000000e+00  1.000000e+00
    outer loop
      vertex -2.621543e+01  6.461523e+00 -2.137989e+01
      vertex -2.388222e+01  8.938063e+00 -2.137989e+01
      vertex -2.390731e+01  1.254753e+01 -2.137989e+01
    endloop
  endfacet
  facet normal  -0.000000e+00  0.000000e+00  1.000000e+00
    outer loop
      vertex -2.390731e+01  1.254753e+01 -2.137989e+01
      vertex -2.388222e+01  8.938063e+00 -2.137989e+01
      vertex -2.103664e+01  1.441214e+01 -2.137989e+01
    endloop
  endfacet
  facet normal  0.000000e+00  -0.000000e+00  1.000000e+00
    outer loop
      vertex -2.390731e+01  1.254753e+01 -2.137989e+01
      vertex -2.103664e+01  1.441214e+01 -2.137989e+01
      vertex -2.020979e+01  1.790431e+01 -2.137989e+01
    endloop
  endfacet
  facet normal  -0.000000e+00  0.000000e+00  9.999999e-01
    outer loop
      vertex -2.020979e+01  1.790431e+01 -2.137989e+01
      vertex -2.103664e+01  1.441214e+01 -2.137989e+01
      vertex -1.695964e+01  1.904258e+01 -2.137989e+01
    endloop
  endfacet
  facet normal  0.000000e+00  -0.000000e+00  1.000000e+00
    outer loop
      vertex -2.020979e+01  1.790431e+01 -2.137989e+01
      vertex -1.695964e+01  1.904258e+01 -2.137989e+01
      vertex -1.533775e+01  2.222056e+01 -2.137989e+01
    endloop
  endfacet
  facet normal  -0.000000e+00  0.000000e+00  1.000000e+00
    outer loop
      vertex -1.533775e+01  2.222056e+01 -2.137989e+01
      vertex -1.695964e+01  1.904258e+01 -2.137989e+01
      vertex -1.188992e+01  2.255836e+01 -2.137989e+01
    endloop
  endfacet
  facet normal  0.000000e+00  -0.000000e+00  1.000000e+00
    outer loop
      vertex -1.533775e+01  2.222056e+01 -2.137989e+01
      vertex -1.188992e+01  2.255836e+01 -2.137989e+01
      vertex -9.574332e+00  2.524544e+01 -2.137989e+01
    endloop
  endfacet
  facet normal  0.000000e+00  0.000000e+00  1.000000e+00
    outer loop
      vertex -9.574332e+00  2.524544e+01 -2.137989e+01
      vertex -1.188992e+01  2.255836e+01 -2.137989e+01
      vertex -6.124199e+00  2.475366e+01 -2.137989e+01
    endloop
  endfacet
  facet normal  0.000000e+00  -0.000000e+00  1.000000e+00
    outer loop
      vertex -9.574332e+00  2.524544e+01 -2.137989e+01
      vertex -6.124199e+00  2.475366e+01 -2.137989e+01
      vertex -3.254490e+00  2.680314e+01 -2.137989e+01
    endloop
  endfacet
  facet normal -9.709419e-01 -2.393155e-01  -0.000000e+00
    outer loop
      vertex  2.531408e+01  3.073685e+00 -2.550000e+01
      vertex  2.384291e+01  9.042424e+00 -2.137989e+01
      vertex  2.384291e+01  9.042424e+00 -2.550000e+01
    endloop
  endfacet
  facet normal -8.854560e-01 -4.647233e-01  0.000000e+00
    outer loop
      vertex  2.384291e+01  9.042424e+00 -2.550000e+01
      vertex  2.384291e+01  9.042424e+00 -2.137989e+01
      vertex  2.098609e+01  1.448565e+01 -2.137989e+01
    endloop
  endfacet
  facet normal -8.854560e-01 -4.647233e-01  -0.000000e+00
    outer loop
      vertex  2.384291e+01  9.042424e+00 -2.550000e+01
      vertex  2.098609e+01  1.448565e+01 -2.137989e+01
      vertex  2.098609e+01  1.448565e+01 -2.550000e+01
    endloop
  endfacet
  facet normal -7.485108e-01 -6.631225e-01  0.000000e+00
    outer loop
      vertex  2.098609e+01  1.448565e+01 -2.550000e+01
      vertex  2.098609e+01  1.448565e+01 -2.137989e+01
      vertex  1.690963e+01  1.908702e+01 -2.137989e+01
    endloop
  endfacet
  facet normal -7.485108e-01 -6.631225e-01  -0.000000e+00
    outer loop
      vertex  2.098609e+01  1.448565e+01 -2.550000e+01
      vertex  1.690963e+01  1.908702e+01 -2.137989e+01
      vertex  1.690963e+01  1.908702e+01 -2.550000e+01
    endloop
  endfacet
  facet normal -5.680646e-01 -8.229839e-01  0.000000e+00
    outer loop
      vertex  1.690963e+01  1.908702e+01 -2.550000e+01
      vertex  1.690963e+01  1.908702e+01 -2.137989e+01
      vertex  1.185044e+01  2.257913e+01 -2.137989e+01
    endloop
  endfacet
  facet normal -5.680646e-01 -8.229839e-01  -0.000000e+00
    outer loop
      vertex  1.690963e+01  1.908702e+01 -2.550000e+01
      vertex  1.185044e+01  2.257913e+01 -2.137989e+01
      vertex  1.185044e+01  2.257913e+01 -2.550000e+01
    endloop
  endfacet
  facet normal -3.546049e-01 -9.350163e-01  0.000000e+00
    outer loop
      vertex  1.185044e+01  2.257913e+01 -2.550000e+01
      vertex  1.185044e+01  2.257913e+01 -2.137989e+01
      vertex  6.102550e+00  2.475902e+01 -2.137989e+01
    endloop
  endfacet
  facet normal -3.546049e-01 -9.350163e-01  -0.000000e+00
    outer loop
      vertex  1.185044e+01  2.257913e+01 -2.550000e+01
      vertex  6.102550e+00  2.475902e+01 -2.137989e+01
      vertex  6.102550e+00  2.475902e+01 -2.550000e+01
    endloop
  endfacet
  facet normal -1.205367e-01 -9.927088e-01  0.000000e+00
    outer loop
      vertex  6.102550e+00  2.475902e+01 -2.550000e+01
      vertex  6.102550e+00  2.475902e+01 -2.137989e+01
      vertex  3.122746e-15  2.550000e+01 -2.137989e+01
    endloop
  endfacet
  facet normal -1.205367e-01 -9.927088e-01 -6.625994e-16
    outer loop
      vertex  6.102550e+00  2.475902e+01 -2.550000e+01
      vertex  3.122746e-15  2.550000e+01 -2.137989e+01
      vertex  2.577130e-14  2.550000e+01 -2.550000e+01
    endloop
  endfacet
  facet normal -9.709419e-01 -2.393155e-01  0.000000e+00
    outer loop
      vertex  2.384291e+01  9.042424e+00 -2.137989e+01
      vertex  2.531408e+01  3.073685e+00 -2.550000e+01
      vertex  2.531408e+01  3.073685e+00 -2.137989e+01
    endloop
  endfacet
  facet normal -1.000000e+00  0.000000e+00  -0.000000e+00
    outer loop
      vertex  2.531408e+01  3.073685e+00 -2.137989e+01
      vertex  2.531408e+01  3.073685e+00 -2.550000e+01
      vertex  2.531408e+01 -3.073685e+00 -2.550000e+01
    endloop
  endfacet
  facet normal -1.000000e+00  0.000000e+00  0.000000e+00
    outer loop
      vertex  2.531408e+01  3.073685e+00 -2.137989e+01
      vertex  2.531408e+01 -3.073685e+00 -2.550000e+01
      vertex  2.531408e+01 -3.073685e+00 -2.137989e+01
    endloop
  endfacet
  facet normal -9.709419e-01  2.393155e-01  0.000000e+00
    outer loop
      vertex  2.531408e+01 -3.073685e+00 -2.137989e+01
      vertex  2.531408e+01 -3.073685e+00 -2.550000e+01
      vertex  2.384291e+01 -9.042424e+00 -2.550000e+01
    endloop
  endfacet
  facet normal -9.709419e-01  2.393155e-01  0.000000e+00
    outer loop
      vertex  2.531408e+01 -3.073685e+00 -2.137989e+01
      vertex  2.384291e+01 -9.042424e+00 -2.550000e+01
      vertex  2.384291e+01 -9.042424e+00 -2.137989e+01
    endloop
  endfacet
  facet normal -8.854560e-01  4.647233e-01  0.000000e+00
    outer loop
      vertex  2.384291e+01 -9.042424e+00 -2.137989e+01
      vertex  2.384291e+01 -9.042424e+00 -2.550000e+01
      vertex  2.098609e+01 -1.448565e+01 -2.550000e+01
    endloop
  endfacet
  facet normal -8.854560e-01  4.647233e-01  0.000000e+00
    outer loop
      vertex  2.384291e+01 -9.042424e+00 -2.137989e+01
      vertex  2.098609e+01 -1.448565e+01 -2.550000e+01
      vertex  2.098609e+01 -1.448565e+01 -2.137989e+01
    endloop
  endfacet
  facet normal -7.485108e-01  6.631225e-01  0.000000e+00
    outer loop
      vertex  2.098609e+01 -1.448565e+01 -2.137989e+01
      vertex  2.098609e+01 -1.448565e+01 -2.550000e+01
      vertex  1.690963e+01 -1.908702e+01 -2.550000e+01
    endloop
  endfacet
  facet normal -7.485108e-01  6.631225e-01  0.000000e+00
    outer loop
      vertex  2.098609e+01 -1.448565e+01 -2.137989e+01
      vertex  1.690963e+01 -1.908702e+01 -2.550000e+01
      vertex  1.690963e+01 -1.908702e+01 -2.137989e+01
    endloop
  endfacet
  facet normal -5.680646e-01  8.229839e-01  0.000000e+00
    outer loop
      vertex  1.690963e+01 -1.908702e+01 -2.137989e+01
      vertex  1.690963e+01 -1.908702e+01 -2.550000e+01
      vertex  1.185044e+01 -2.257913e+01 -2.550000e+01
    endloop
  endfacet
  facet normal -5.680646e-01  8.229839e-01  0.000000e+00
    outer loop
      vertex  1.690963e+01 -1.908702e+01 -2.137989e+01
      vertex  1.185044e+01 -2.257913e+01 -2.550000e+01
      vertex  1.185044e+01 -2.257913e+01 -2.137989e+01
    endloop
  endfacet
  facet normal -3.546049e-01  9.350163e-01  0.000000e+00
    outer loop
      vertex  1.185044e+01 -2.257913e+01 -2.137989e+01
      vertex  1.185044e+01 -2.257913e+01 -2.550000e+01
      vertex  6.102550e+00 -2.475902e+01 -2.550000e+01
    endloop
  endfacet
  facet normal -3.546049e-01  9.350163e-01  0.000000e+00
    outer loop
      vertex  1.185044e+01 -2.257913e+01 -2.137989e+01
      vertex  6.102550e+00 -2.475902e+01 -2.550000e+01
      vertex  6.102550e+00 -2.475902e+01 -2.137989e+01
    endloop
  endfacet
  facet normal -1.205367e-01  9.927088e-01  0.000000e+00
    outer loop
      vertex  6.102550e+00 -2.475902e+01 -2.137989e+01
      vertex  6.102550e+00 -2.475902e+01 -2.550000e+01
      vertex  0.000000e+00 -2.550000e+01 -2.550000e+01
    endloop
  endfacet
  facet normal -1.205367e-01  9.927088e-01  0.000000e+00
    outer loop
      vertex  6.102550e+00 -2.475902e+01 -2.137989e+01
      vertex  0.000000e+00 -2.550000e+01 -2.550000e+01
      vertex  0.000000e+00 -2.550000e+01 -2.137989e+01
    endloop
  endfacet
  facet normal  9.348835e-01 -3.545547e-01 -1.684298e-02
    outer loop
      vertex  2.621543e+01 -6.461523e+00 -2.550000e+01
      vertex  2.419707e+01 -1.197923e+01 -2.137989e+01
      vertex  2.390731e+01 -1.254753e+01 -2.550000e+01
    endloop
  endfacet
  facet normal  8.413669e-01 -5.402465e-01  1.534668e-02
    outer loop
      vertex  2.390731e+01 -1.254753e+01 -2.550000e+01
      vertex  2.419707e+01 -1.197923e+01 -2.137989e+01
      vertex  2.096190e+01 -1.701760e+01 -2.137989e+01
    endloop
  endfacet
  facet normal  8.226620e-01 -5.678427e-01 -2.796541e-02
    outer loop
      vertex  2.390731e+01 -1.254753e+01 -2.550000e+01
      vertex  2.096190e+01 -1.701760e+01 -2.137989e+01
      vertex  2.020979e+01 -1.790431e+01 -2.550000e+01
    endloop
  endfacet
  facet normal  7.014693e-01 -7.122526e-01  2.523733e-02
    outer loop
      vertex  2.020979e+01 -1.790431e+01 -2.550000e+01
      vertex  2.096190e+01 -1.701760e+01 -2.137989e+01
      vertex  1.669586e+01 -2.121906e+01 -2.137989e+01
    endloop
  endfacet
  facet normal  6.626781e-01 -7.480088e-01 -3.661362e-02
    outer loop
      vertex  2.020979e+01 -1.790431e+01 -2.550000e+01
      vertex  1.669586e+01 -2.121906e+01 -2.137989e+01
      vertex  1.533775e+01 -2.222056e+01 -2.550000e+01
    endloop
  endfacet
  facet normal  5.271297e-01 -8.491572e-01  3.265393e-02
    outer loop
      vertex  1.533775e+01 -2.222056e+01 -2.550000e+01
      vertex  1.669586e+01 -2.121906e+01 -2.137989e+01
      vertex  1.160872e+01 -2.437699e+01 -2.137989e+01
    endloop
  endfacet
  facet normal  4.642975e-01 -8.846451e-01 -4.278823e-02
    outer loop
      vertex  1.533775e+01 -2.222056e+01 -2.550000e+01
      vertex  1.160872e+01 -2.437699e+01 -2.137989e+01
      vertex  9.574332e+00 -2.524544e+01 -2.550000e+01
    endloop
  endfacet
  facet normal  3.269606e-01 -9.442899e-01  3.759685e-02
    outer loop
      vertex  9.574332e+00 -2.524544e+01 -2.550000e+01
      vertex  1.160872e+01 -2.437699e+01 -2.137989e+01
      vertex  5.950686e+00 -2.633608e+01 -2.137989e+01
    endloop
  endfacet
  facet normal  2.390569e-01 -9.698919e-01 -4.649190e-02
    outer loop
      vertex  9.574332e+00 -2.524544e+01 -2.550000e+01
      vertex  5.950686e+00 -2.633608e+01 -2.137989e+01
      vertex  3.254490e+00 -2.680314e+01 -2.550000e+01
    endloop
  endfacet
  facet normal  1.107926e-01 -9.930356e-01  4.006766e-02
    outer loop
      vertex  3.254490e+00 -2.680314e+01 -2.550000e+01
      vertex  5.950686e+00 -2.633608e+01 -2.137989e+01
      vertex -4.959656e-15 -2.700000e+01 -2.137989e+01
    endloop
  endfacet
  facet normal  0.000000e+00 -9.988604e-01 -4.772614e-02
    outer loop
      vertex  3.254490e+00 -2.680314e+01 -2.550000e+01
      vertex -4.959656e-15 -2.700000e+01 -2.137989e+01
      vertex -3.254490e+00 -2.680314e+01 -2.550000e+01
    endloop
  endfacet
  facet normal -1.118707e-01 -9.928796e-01  4.092672e-02
    outer loop
      vertex -4.959656e-15 -2.700000e+01 -2.137989e+01
      vertex -6.008065e+00 -2.632305e+01 -2.137989e+01
      vertex -3.254490e+00 -2.680314e+01 -2.550000e+01
    endloop
  endfacet
  facet normal -2.390540e-01 -9.698800e-01 -4.675307e-02
    outer loop
      vertex -9.574332e+00 -2.524544e+01 -2.550000e+01
      vertex -3.254490e+00 -2.680314e+01 -2.550000e+01
      vertex -6.008065e+00 -2.632305e+01 -2.137989e+01
    endloop
  endfacet
  facet normal -3.300281e-01 -9.431659e-01  3.897907e-02
    outer loop
      vertex -6.008065e+00 -2.632305e+01 -2.137989e+01
      vertex -1.171486e+01 -2.432616e+01 -2.137989e+01
      vertex -9.574332e+00 -2.524544e+01 -2.550000e+01
    endloop
  endfacet
  facet normal -4.642765e-01 -8.846051e-01 -4.383335e-02
    outer loop
      vertex -1.533775e+01 -2.222056e+01 -2.550000e+01
      vertex -9.574332e+00 -2.524544e+01 -2.550000e+01
      vertex -1.171486e+01 -2.432616e+01 -2.137989e+01
    endloop
  endfacet
  facet normal -5.317045e-01 -8.462030e-01  3.508287e-02
    outer loop
      vertex -1.171486e+01 -2.432616e+01 -2.137989e+01
      vertex -1.683422e+01 -2.110945e+01 -2.137989e+01
      vertex -1.533775e+01 -2.222056e+01 -2.550000e+01
    endloop
  endfacet
  facet normal -6.626190e-01 -7.479422e-01 -3.896600e-02
    outer loop
      vertex -2.020979e+01 -1.790431e+01 -2.550000e+01
      vertex -1.533775e+01 -2.222056e+01 -2.550000e+01
      vertex -1.683422e+01 -2.110945e+01 -2.137989e+01
    endloop
  endfacet
  facet normal -7.068045e-01 -7.068045e-01  2.923680e-02
    outer loop
      vertex -1.683422e+01 -2.110945e+01 -2.137989e+01
      vertex -2.110945e+01 -1.683422e+01 -2.137989e+01
      vertex -2.020979e+01 -1.790431e+01 -2.550000e+01
    endloop
  endfacet
  facet normal -8.225585e-01 -5.677711e-01 -3.214921e-02
    outer loop
      vertex -2.390731e+01 -1.254753e+01 -2.550000e+01
      vertex -2.020979e+01 -1.790431e+01 -2.550000e+01
      vertex -2.110945e+01 -1.683422e+01 -2.137989e+01
    endloop
  endfacet
  facet normal -8.465295e-01 -5.319097e-01  2.144038e-02
    outer loop
      vertex -2.110945e+01 -1.683422e+01 -2.137989e+01
      vertex -2.432616e+01 -1.171486e+01 -2.137989e+01
      vertex -2.390731e+01 -1.254753e+01 -2.550000e+01
    endloop
  endfacet
  facet normal -9.347606e-01 -3.545080e-01 -2.338156e-02
    outer loop
      vertex -2.621543e+01 -6.461523e+00 -2.550000e+01
      vertex -2.390731e+01 -1.254753e+01 -2.550000e+01
      vertex -2.432616e+01 -1.171486e+01 -2.137989e+01
    endloop
  endfacet
  facet normal  9.927089e-01 -1.205367e-01  1.934642e-16
    outer loop
      vertex  2.700000e+01 -6.612874e-15 -2.550000e+01
      vertex  2.700000e+01  0.000000e+00 -2.137989e+01
      vertex  2.621543e+01 -6.461523e+00 -2.550000e+01
    endloop
  endfacet
  facet normal  9.929536e-01 -1.184580e-01 -3.306475e-03
    outer loop
      vertex  2.621543e+01 -6.461523e+00 -2.550000e+01
      vertex  2.700000e+01  0.000000e+00 -2.137989e+01
      vertex  2.624225e+01 -6.351735e+00 -2.137989e+01
    endloop
  endfacet
  facet normal  9.398527e-01 -3.415671e-01  2.984334e-03
    outer loop
      vertex  2.621543e+01 -6.461523e+00 -2.550000e+01
      vertex  2.624225e+01 -6.351735e+00 -2.137989e+01
      vertex  2.419707e+01 -1.197923e+01 -2.137989e+01
    endloop
  endfacet
  facet normal -9.937121e-01 -1.119645e-01  0.000000e+00
    outer loop
      vertex -2.700000e+01  3.306437e-15 -2.137989e+01
      vertex -2.700000e+01  3.306437e-15 -2.550000e+01
      vertex -2.632305e+01 -6.008065e+00 -2.137989e+01
    endloop
  endfacet
  facet normal -9.926293e-01 -1.205270e-01 -1.266396e-02
    outer loop
      vertex -2.632305e+01 -6.008065e+00 -2.137989e+01
      vertex -2.700000e+01  3.306437e-15 -2.550000e+01
      vertex -2.621543e+01 -6.461523e+00 -2.550000e+01
    endloop
  endfacet
  facet normal -9.438187e-01 -3.302566e-01  1.169382e-02
    outer loop
      vertex -2.632305e+01 -6.008065e+00 -2.137989e+01
      vertex -2.621543e+01 -6.461523e+00 -2.550000e+01
      vertex -2.432616e+01 -1.171486e+01 -2.137989e+01
    endloop
  endfacet
  facet normal -9.927089e-01  1.205366e-01  0.000000e+00
    outer loop
      vertex -2.700000e+01  3.306437e-15 -2.017989e+01
      vertex -2.700000e+01  3.306437e-15 -1.450000e+01
      vertex -2.621543e+01  6.461523e+00 -2.017989e+01
    endloop
  endfacet
  facet normal -9.927089e-01  1.205366e-01  0.000000e+00
    outer loop
      vertex -2.621543e+01  6.461523e+00 -2.017989e+01
      vertex -2.700000e+01  3.306437e-15 -1.450000e+01
      vertex -2.621543e+01  6.461523e+00 -1.450000e+01
    endloop
  endfacet
  facet normal -9.350162e-01  3.546050e-01  0.000000e+00
    outer loop
      vertex -2.621543e+01  6.461523e+00 -2.017989e+01
      vertex -2.621543e+01  6.461523e+00 -1.450000e+01
      vertex -2.390731e+01  1.254753e+01 -2.017989e+01
    endloop
  endfacet
  facet normal -9.350162e-01  3.546050e-01  0.000000e+00
    outer loop
      vertex -2.390731e+01  1.254753e+01 -2.017989e+01
      vertex -2.621543e+01  6.461523e+00 -1.450000e+01
      vertex -2.390731e+01  1.254753e+01 -1.450000e+01
    endloop
  endfacet
  facet normal -8.229838e-01  5.680647e-01  0.000000e+00
    outer loop
      vertex -2.390731e+01  1.254753e+01 -2.017989e+01
      vertex -2.390731e+01  1.254753e+01 -1.450000e+01
      vertex -2.020979e+01  1.790431e+01 -2.017989e+01
    endloop
  endfacet
  facet normal -8.229838e-01  5.680647e-01  0.000000e+00
    outer loop
      vertex -2.020979e+01  1.790431e+01 -2.017989e+01
      vertex -2.390731e+01  1.254753e+01 -1.450000e+01
      vertex -2.020979e+01  1.790431e+01 -1.450000e+01
    endloop
  endfacet
  facet normal -6.631227e-01  7.485107e-01  0.000000e+00
    outer loop
      vertex -2.020979e+01  1.790431e+01 -2.017989e+01
      vertex -2.020979e+01  1.790431e+01 -1.450000e+01
      vertex -1.533775e+01  2.222056e+01 -2.017989e+01
    endloop
  endfacet
  facet normal -6.631227e-01  7.485107e-01  0.000000e+00
    outer loop
      vertex -1.533775e+01  2.222056e+01 -2.017989e+01
      vertex -2.020979e+01  1.790431e+01 -1.450000e+01
      vertex -1.533775e+01  2.222056e+01 -1.450000e+01
    endloop
  endfacet
  facet normal -4.647231e-01  8.854561e-01  0.000000e+00
    outer loop
      vertex -1.533775e+01  2.222056e+01 -2.017989e+01
      vertex -1.533775e+01  2.222056e+01 -1.450000e+01
      vertex -9.574332e+00  2.524544e+01 -2.017989e+01
    endloop
  endfacet
  facet normal -4.647231e-01  8.854561e-01  0.000000e+00
    outer loop
      vertex -9.574332e+00  2.524544e+01 -2.017989e+01
      vertex -1.533775e+01  2.222056e+01 -1.450000e+01
      vertex -9.574332e+00  2.524544e+01 -1.450000e+01
    endloop
  endfacet
  facet normal -2.393157e-01  9.709418e-01  0.000000e+00
    outer loop
      vertex -9.574332e+00  2.524544e+01 -2.017989e+01
      vertex -9.574332e+00  2.524544e+01 -1.450000e+01
      vertex -3.254490e+00  2.680314e+01 -2.017989e+01
    endloop
  endfacet
  facet normal -2.393157e-01  9.709418e-01  0.000000e+00
    outer loop
      vertex -3.254490e+00  2.680314e+01 -2.017989e+01
      vertex -9.574332e+00  2.524544e+01 -1.450000e+01
      vertex -3.254490e+00  2.680314e+01 -1.450000e+01
    endloop
  endfacet
  facet normal  0.000000e+00  1.000000e+00  0.000000e+00
    outer loop
      vertex -3.254490e+00  2.680314e+01 -2.017989e+01
      vertex -3.254490e+00  2.680314e+01 -1.450000e+01
      vertex  3.254490e+00  2.680314e+01 -2.017989e+01
    endloop
  endfacet
  facet normal  0.000000e+00  1.000000e+00  -0.000000e+00
    outer loop
      vertex  3.254490e+00  2.680314e+01 -2.017989e+01
      vertex -3.254490e+00  2.680314e+01 -1.450000e+01
      vertex  3.254490e+00  2.680314e+01 -1.450000e+01
    endloop
  endfacet
  facet normal  2.393157e-01  9.709418e-01  0.000000e+00
    outer loop
      vertex  3.254490e+00  2.680314e+01 -2.017989e+01
      vertex  3.254490e+00  2.680314e+01 -1.450000e+01
      vertex  9.574332e+00  2.524544e+01 -2.017989e+01
    endloop
  endfacet
  facet normal  2.393157e-01  9.709418e-01  -0.000000e+00
    outer loop
      vertex  9.574332e+00  2.524544e+01 -2.017989e+01
      vertex  3.254490e+00  2.680314e+01 -1.450000e+01
      vertex  9.574332e+00  2.524544e+01 -1.450000e+01
    endloop
  endfacet
  facet normal  4.647231e-01  8.854561e-01  0.000000e+00
    outer loop
      vertex  9.574332e+00  2.524544e+01 -2.017989e+01
      vertex  9.574332e+00  2.524544e+01 -1.450000e+01
      vertex  1.533775e+01  2.222056e+01 -2.017989e+01
    endloop
  endfacet
  facet normal  4.647231e-01  8.854561e-01  -0.000000e+00
    outer loop
      vertex  1.533775e+01  2.222056e+01 -2.017989e+01
      vertex  9.574332e+00  2.524544e+01 -1.450000e+01
      vertex  1.533775e+01  2.222056e+01 -1.450000e+01
    endloop
  endfacet
  facet normal  6.631227e-01  7.485107e-01  0.000000e+00
    outer loop
      vertex  1.533775e+01  2.222056e+01 -2.017989e+01
      vertex  1.533775e+01  2.222056e+01 -1.450000e+01
      vertex  2.020979e+01  1.790431e+01 -2.017989e+01
    endloop
  endfacet
  facet normal  6.631227e-01  7.485107e-01  -0.000000e+00
    outer loop
      vertex  2.020979e+01  1.790431e+01 -2.017989e+01
      vertex  1.533775e+01  2.222056e+01 -1.450000e+01
      vertex  2.020979e+01  1.790431e+01 -1.450000e+01
    endloop
  endfacet
  facet normal  8.229838e-01  5.680647e-01  0.000000e+00
    outer loop
      vertex  2.020979e+01  1.790431e+01 -2.017989e+01
      vertex  2.020979e+01  1.790431e+01 -1.450000e+01
      vertex  2.390731e+01  1.254753e+01 -2.017989e+01
    endloop
  endfacet
  facet normal  8.229838e-01  5.680647e-01  -0.000000e+00
    outer loop
      vertex  2.390731e+01  1.254753e+01 -2.017989e+01
      vertex  2.020979e+01  1.790431e+01 -1.450000e+01
      vertex  2.390731e+01  1.254753e+01 -1.450000e+01
    endloop
  endfacet
  facet normal  9.350162e-01  3.546050e-01  0.000000e+00
    outer loop
      vertex  2.390731e+01  1.254753e+01 -2.017989e+01
      vertex  2.390731e+01  1.254753e+01 -1.450000e+01
      vertex  2.621543e+01  6.461523e+00 -2.017989e+01
    endloop
  endfacet
  facet normal  9.350162e-01  3.546050e-01  -0.000000e+00
    outer loop
      vertex  2.621543e+01  6.461523e+00 -2.017989e+01
      vertex  2.390731e+01  1.254753e+01 -1.450000e+01
      vertex  2.621543e+01  6.461523e+00 -1.450000e+01
    endloop
  endfacet
  facet normal  9.927089e-01  1.205366e-01  0.000000e+00
    outer loop
      vertex  2.621543e+01  6.461523e+00 -2.017989e+01
      vertex  2.621543e+01  6.461523e+00 -1.450000e+01
      vertex  2.700000e+01 -3.552714e-14 -2.017989e+01
    endloop
  endfacet
  facet normal  9.927089e-01  1.205366e-01 -7.539446e-16
    outer loop
      vertex  2.700000e+01 -3.552714e-14 -2.017989e+01
      vertex  2.621543e+01  6.461523e+00 -1.450000e+01
      vertex  2.700000e+01  0.000000e+00 -1.450000e+01
    endloop
  endfacet
  facet normal  0.000000e+00  0.000000e+00 -1.000000e+00
    outer loop
      vertex -3.254490e+00 -2.680314e+01 -2.017989e+01
      vertex -6.102550e+00 -2.475902e+01 -2.017989e+01
      vertex  0.000000e+00 -2.550000e+01 -2.017989e+01
    endloop
  endfacet
  facet normal  -0.000000e+00  0.000000e+00 -1.000000e+00
    outer loop
      vertex -2.621543e+01  6.461523e+00 -2.017989e+01
      vertex -2.531408e+01  3.073685e+00 -2.017989e+01
      vertex -2.700000e+01  3.306437e-15 -2.017989e+01
    endloop
  endfacet
  facet normal  0.000000e+00  0.000000e+00 -1.000000e+00
    outer loop
      vertex -2.700000e+01  3.306437e-15 -2.017989e+01
      vertex -2.531408e+01  3.073685e+00 -2.017989e+01
      vertex -2.531408e+01 -3.073685e+00 -2.017989e+01
    endloop
  endfacet
  facet normal  -0.000000e+00  0.000000e+00 -1.000000e+00
    outer loop
      vertex -2.700000e+01  3.306437e-15 -2.017989e+01
      vertex -2.531408e+01 -3.073685e+00 -2.017989e+01
      vertex -2.621543e+01 -6.461523e+00 -2.017989e+01
    endloop
  endfacet
  facet normal  0.000000e+00  0.000000e+00 -1.000000e+00
    outer loop
      vertex -2.621543e+01 -6.461523e+00 -2.017989e+01
      vertex -2.531408e+01 -3.073685e+00 -2.017989e+01
      vertex -2.384291e+01 -9.042424e+00 -2.017989e+01
    endloop
  endfacet
  facet normal  -0.000000e+00  0.000000e+00 -1.000000e+00
    outer loop
      vertex -2.621543e+01 -6.461523e+00 -2.017989e+01
      vertex -2.384291e+01 -9.042424e+00 -2.017989e+01
      vertex -2.390731e+01 -1.254753e+01 -2.017989e+01
    endloop
  endfacet
  facet normal  0.000000e+00  0.000000e+00 -1.000000e+00
    outer loop
      vertex -2.390731e+01 -1.254753e+01 -2.017989e+01
      vertex -2.384291e+01 -9.042424e+00 -2.017989e+01
      vertex -2.098609e+01 -1.448565e+01 -2.017989e+01
    endloop
  endfacet
  facet normal  -0.000000e+00  -0.000000e+00 -1.000000e+00
    outer loop
      vertex -2.390731e+01 -1.254753e+01 -2.017989e+01
      vertex -2.098609e+01 -1.448565e+01 -2.017989e+01
      vertex -2.020979e+01 -1.790431e+01 -2.017989e+01
    endloop
  endfacet
  facet normal  0.000000e+00  0.000000e+00 -1.000000e+00
    outer loop
      vertex -2.020979e+01 -1.790431e+01 -2.017989e+01
      vertex -2.098609e+01 -1.448565e+01 -2.017989e+01
      vertex -1.690963e+01 -1.908702e+01 -2.017989e+01
    endloop
  endfacet
  facet normal  -0.000000e+00  -0.000000e+00 -1.000000e+00
    outer loop
      vertex -2.020979e+01 -1.790431e+01 -2.017989e+01
      vertex -1.690963e+01 -1.908702e+01 -2.017989e+01
      vertex -1.533775e+01 -2.222056e+01 -2.017989e+01
    endloop
  endfacet
  facet normal  0.000000e+00  0.000000e+00 -1.000000e+00
    outer loop
      vertex -1.533775e+01 -2.222056e+01 -2.017989e+01
      vertex -1.690963e+01 -1.908702e+01 -2.017989e+01
      vertex -1.185044e+01 -2.257913e+01 -2.017989e+01
    endloop
  endfacet
  facet normal  -0.000000e+00  -0.000000e+00 -1.000000e+00
    outer loop
      vertex -1.533775e+01 -2.222056e+01 -2.017989e+01
      vertex -1.185044e+01 -2.257913e+01 -2.017989e+01
      vertex -9.574332e+00 -2.524544e+01 -2.017989e+01
    endloop
  endfacet
  facet normal  0.000000e+00  0.000000e+00 -1.000000e+00
    outer loop
      vertex -9.574332e+00 -2.524544e+01 -2.017989e+01
      vertex -1.185044e+01 -2.257913e+01 -2.017989e+01
      vertex -6.102550e+00 -2.475902e+01 -2.017989e+01
    endloop
  endfacet
  facet normal  0.000000e+00  -0.000000e+00 -1.000000e+00
    outer loop
      vertex -9.574332e+00 -2.524544e+01 -2.017989e+01
      vertex -6.102550e+00 -2.475902e+01 -2.017989e+01
      vertex -3.254490e+00 -2.680314e+01 -2.017989e+01
    endloop
  endfacet
  facet normal  0.000000e+00  0.000000e+00 -1.000000e+00
    outer loop
      vertex  2.621543e+01  6.461523e+00 -2.017989e+01
      vertex  2.700000e+01 -3.552714e-14 -2.017989e+01
      vertex  2.531408e+01  3.073685e+00 -2.017989e+01
    endloop
  endfacet
  facet normal  0.000000e+00  0.000000e+00 -1.000000e+00
    outer loop
      vertex  2.531408e+01  3.073685e+00 -2.017989e+01
      vertex  2.700000e+01 -3.552714e-14 -2.017989e+01
      vertex  2.621543e+01 -6.461523e+00 -2.017989e+01
    endloop
  endfacet
  facet normal  0.000000e+00  0.000000e+00 -1.000000e+00
    outer loop
      vertex  2.531408e+01  3.073685e+00 -2.017989e+01
      vertex  2.621543e+01 -6.461523e+00 -2.017989e+01
      vertex  2.531408e+01 -3.073685e+00 -2.017989e+01
    endloop
  endfacet
  facet normal  0.000000e+00  -0.000000e+00 -1.000000e+00
    outer loop
      vertex  2.531408e+01 -3.073685e+00 -2.017989e+01
      vertex  2.621543e+01 -6.461523e+00 -2.017989e+01
      vertex  2.390731e+01 -1.254753e+01 -2.017989e+01
    endloop
  endfacet
  facet normal  0.000000e+00  0.000000e+00 -1.000000e+00
    outer loop
      vertex  2.531408e+01 -3.073685e+00 -2.017989e+01
      vertex  2.390731e+01 -1.254753e+01 -2.017989e+01
      vertex  2.384291e+01 -9.042424e+00 -2.017989e+01
    endloop
  endfacet
  facet normal  0.000000e+00  -0.000000e+00 -1.000000e+00
    outer loop
      vertex  2.384291e+01 -9.042424e+00 -2.017989e+01
      vertex  2.390731e+01 -1.254753e+01 -2.017989e+01
      vertex  2.020979e+01 -1.790431e+01 -2.017989e+01
    endloop
  endfacet
  facet normal  0.000000e+00  0.000000e+00 -9.999999e-01
    outer loop
      vertex  2.384291e+01 -9.042424e+00 -2.017989e+01
      vertex  2.020979e+01 -1.790431e+01 -2.017989e+01
      vertex  2.098609e+01 -1.448565e+01 -2.017989e+01
    endloop
  endfacet
  facet normal  0.000000e+00  0.000000e+00 -1.000000e+00
    outer loop
      vertex  2.098609e+01 -1.448565e+01 -2.017989e+01
      vertex  2.020979e+01 -1.790431e+01 -2.017989e+01
      vertex  1.533775e+01 -2.222056e+01 -2.017989e+01
    endloop
  endfacet
  facet normal  0.000000e+00  0.000000e+00 -9.999999e-01
    outer loop
      vertex  2.098609e+01 -1.448565e+01 -2.017989e+01
      vertex  1.533775e+01 -2.222056e+01 -2.017989e+01
      vertex  1.690963e+01 -1.908702e+01 -2.017989e+01
    endloop
  endfacet
  facet normal  0.000000e+00  0.000000e+00 -1.000000e+00
    outer loop
      vertex  1.690963e+01 -1.908702e+01 -2.017989e+01
      vertex  1.533775e+01 -2.222056e+01 -2.017989e+01
      vertex  9.574332e+00 -2.524544e+01 -2.017989e+01
    endloop
  endfacet
  facet normal  0.000000e+00  0.000000e+00 -1.000000e+00
    outer loop
      vertex  1.690963e+01 -1.908702e+01 -2.017989e+01
      vertex  9.574332e+00 -2.524544e+01 -2.017989e+01
      vertex  1.185044e+01 -2.257913e+01 -2.017989e+01
    endloop
  endfacet
  facet normal  0.000000e+00  0.000000e+00 -1.000000e+00
    outer loop
      vertex  1.185044e+01 -2.257913e+01 -2.017989e+01
      vertex  9.574332e+00 -2.524544e+01 -2.017989e+01
      vertex  3.254490e+00 -2.680314e+01 -2.017989e+01
    endloop
  endfacet
  facet normal  0.000000e+00  0.000000e+00 -1.000000e+00
    outer loop
      vertex  1.185044e+01 -2.257913e+01 -2.017989e+01
      vertex  3.254490e+00 -2.680314e+01 -2.017989e+01
      vertex  6.102550e+00 -2.475902e+01 -2.017989e+01
    endloop
  endfacet
  facet normal  0.000000e+00  0.000000e+00 -1.000000e+00
    outer loop
      vertex  6.102550e+00 -2.475902e+01 -2.017989e+01
      vertex  3.254490e+00 -2.680314e+01 -2.017989e+01
      vertex -3.254490e+00 -2.680314e+01 -2.017989e+01
    endloop
  endfacet
  facet normal  0.000000e+00  0.000000e+00 -9.999999e-01
    outer loop
      vertex  6.102550e+00 -2.475902e+01 -2.017989e+01
      vertex -3.254490e+00 -2.680314e+01 -2.017989e+01
      vertex  0.000000e+00 -2.550000e+01 -2.017989e+01
    endloop
  endfacet
  facet normal  0.000000e+00  -0.000000e+00 -1.000000e+00
    outer loop
      vertex -6.102550e+00  2.475902e+01 -2.017989e+01
      vertex -3.254490e+00  2.680314e+01 -2.017989e+01
      vertex  2.577130e-14  2.550000e+01 -2.017989e+01
    endloop
  endfacet
  facet normal  0.000000e+00  0.000000e+00 -1.000000e+00
    outer loop
      vertex  2.577130e-14  2.550000e+01 -2.017989e+01
      vertex -3.254490e+00  2.680314e+01 -2.017989e+01
      vertex  3.254490e+00  2.680314e+01 -2.017989e+01
    endloop
  endfacet
  facet normal  0.000000e+00  -0.000000e+00 -1.000000e+00
    outer loop
      vertex  2.577130e-14  2.550000e+01 -2.017989e+01
      vertex  3.254490e+00  2.680314e+01 -2.017989e+01
      vertex  6.102550e+00  2.475902e+01 -2.017989e+01
    endloop
  endfacet
  facet normal  0.000000e+00  0.000000e+00 -1.000000e+00
    outer loop
      vertex  6.102550e+00  2.475902e+01 -2.017989e+01
      vertex  3.254490e+00  2.680314e+01 -2.017989e+01
      vertex  9.574332e+00  2.524544e+01 -2.017989e+01
    endloop
  endfacet
  facet normal  0.000000e+00  -0.000000e+00 -1.000000e+00
    outer loop
      vertex  6.102550e+00  2.475902e+01 -2.017989e+01
      vertex  9.574332e+00  2.524544e+01 -2.017989e+01
      vertex  1.185044e+01  2.257913e+01 -2.017989e+01
    endloop
  endfacet
  facet normal  0.000000e+00  0.000000e+00 -1.000000e+00
    outer loop
      vertex  1.185044e+01  2.257913e+01 -2.017989e+01
      vertex  9.574332e+00  2.524544e+01 -2.017989e+01
      vertex  1.533775e+01  2.222056e+01 -2.017989e+01
    endloop
  endfacet
  facet normal  -0.000000e+00  -0.000000e+00 -1.000000e+00
    outer loop
      vertex  1.185044e+01  2.257913e+01 -2.017989e+01
      vertex  1.533775e+01  2.222056e+01 -2.017989e+01
      vertex  1.690963e+01  1.908702e+01 -2.017989e+01
    endloop
  endfacet
  facet normal  0.000000e+00  0.000000e+00 -1.000000e+00
    outer loop
      vertex  1.690963e+01  1.908702e+01 -2.017989e+01
      vertex  1.533775e+01  2.222056e+01 -2.017989e+01
      vertex  2.020979e+01  1.790431e+01 -2.017989e+01
    endloop
  endfacet
  facet normal  -0.000000e+00  -0.000000e+00 -1.000000e+00
    outer loop
      vertex  1.690963e+01  1.908702e+01 -2.017989e+01
      vertex  2.020979e+01  1.790431e+01 -2.017989e+01
      vertex  2.098609e+01  1.448565e+01 -2.017989e+01
    endloop
  endfacet
  facet normal  0.000000e+00  0.000000e+00 -1.000000e+00
    outer loop
      vertex  2.098609e+01  1.448565e+01 -2.017989e+01
      vertex  2.020979e+01  1.790431e+01 -2.017989e+01
      vertex  2.390731e+01  1.254753e+01 -2.017989e+01
    endloop
  endfacet
  facet normal  -0.000000e+00  0.000000e+00 -1.000000e+00
    outer loop
      vertex  2.098609e+01  1.448565e+01 -2.017989e+01
      vertex  2.390731e+01  1.254753e+01 -2.017989e+01
      vertex  2.384291e+01  9.042424e+00 -2.017989e+01
    endloop
  endfacet
  facet normal  0.000000e+00  0.000000e+00 -1.000000e+00
    outer loop
      vertex  2.384291e+01  9.042424e+00 -2.017989e+01
      vertex  2.390731e+01  1.254753e+01 -2.017989e+01
      vertex  2.621543e+01  6.461523e+00 -2.017989e+01
    endloop
  endfacet
  facet normal  -0.000000e+00  0.000000e+00 -1.000000e+00
    outer loop
      vertex  2.384291e+01  9.042424e+00 -2.017989e+01
      vertex  2.621543e+01  6.461523e+00 -2.017989e+01
      vertex  2.531408e+01  3.073685e+00 -2.017989e+01
    endloop
  endfacet
  facet normal  0.000000e+00  0.000000e+00 -1.000000e+00
    outer loop
      vertex -1.690963e+01  1.908702e+01 -2.017989e+01
      vertex -9.574332e+00  2.524544e+01 -2.017989e+01
      vertex -1.185044e+01  2.257913e+01 -2.017989e+01
    endloop
  endfacet
  facet normal  0.000000e+00  0.000000e+00 -1.000000e+00
    outer loop
      vertex -1.185044e+01  2.257913e+01 -2.017989e+01
      vertex -9.574332e+00  2.524544e+01 -2.017989e+01
      vertex -3.254490e+00  2.680314e+01 -2.017989e+01
    endloop
  endfacet
  facet normal  0.000000e+00  0.000000e+00 -1.000000e+00
    outer loop
      vertex -1.185044e+01  2.257913e+01 -2.017989e+01
      vertex -3.254490e+00  2.680314e+01 -2.017989e+01
      vertex -6.102550e+00  2.475902e+01 -2.017989e+01
    endloop
  endfacet
  facet normal  0.000000e+00  0.000000e+00 -1.000000e+00
    outer loop
      vertex -9.574332e+00  2.524544e+01 -2.017989e+01
      vertex -1.690963e+01  1.908702e+01 -2.017989e+01
      vertex -1.533775e+01  2.222056e+01 -2.017989e+01
    endloop
  endfacet
  facet normal  0.000000e+00  0.000000e+00 -9.999999e-01
    outer loop
      vertex -1.533775e+01  2.222056e+01 -2.017989e+01
      vertex -1.690963e+01  1.908702e+01 -2.017989e+01
      vertex -2.098609e+01  1.448565e+01 -2.017989e+01
    endloop
  endfacet
  facet normal  0.000000e+00  0.000000e+00 -1.000000e+00
    outer loop
      vertex -1.533775e+01  2.222056e+01 -2.017989e+01
      vertex -2.098609e+01  1.448565e+01 -2.017989e+01
      vertex -2.020979e+01  1.790431e+01 -2.017989e+01
    endloop
  endfacet
  facet normal  0.000000e+00  0.000000e+00 -9.999999e-01
    outer loop
      vertex -2.020979e+01  1.790431e+01 -2.017989e+01
      vertex -2.098609e+01  1.448565e+01 -2.017989e+01
      vertex -2.384291e+01  9.042424e+00 -2.017989e+01
    endloop
  endfacet
  facet normal  0.000000e+00  0.000000e+00 -1.000000e+00
    outer loop
      vertex -2.020979e+01  1.790431e+01 -2.017989e+01
      vertex -2.384291e+01  9.042424e+00 -2.017989e+01
      vertex -2.390731e+01  1.254753e+01 -2.017989e+01
    endloop
  endfacet
  facet normal  0.000000e+00  -0.000000e+00 -1.000000e+00
    outer loop
      vertex -2.390731e+01  1.254753e+01 -2.017989e+01
      vertex -2.384291e+01  9.042424e+00 -2.017989e+01
      vertex -2.531408e+01  3.073685e+00 -2.017989e+01
    endloop
  endfacet
  facet normal  0.000000e+00  0.000000e+00 -1.000000e+00
    outer loop
      vertex -2.390731e+01  1.254753e+01 -2.017989e+01
      vertex -2.531408e+01  3.073685e+00 -2.017989e+01
      vertex -2.621543e+01  6.461523e+00 -2.017989e+01
    endloop
  endfacet
  facet normal  3.546005e-01  9.350046e-01  4.997869e-03
    outer loop
      vertex -1.185044e+01 -2.257913e+01 -2.017989e+01
      vertex -1.163265e+01 -2.269209e+01 -1.450000e+01
      vertex -6.102550e+00 -2.475902e+01 -2.017989e+01
    endloop
  endfacet
  facet normal  5.604740e-01  8.281569e-01 -5.021009e-03
    outer loop
      vertex -1.674204e+01 -1.923419e+01 -1.450000e+01
      vertex -1.163265e+01 -2.269209e+01 -1.450000e+01
      vertex -1.185044e+01 -2.257913e+01 -2.017989e+01
    endloop
  endfacet
  facet normal  3.451791e-01  9.385210e-01 -5.454649e-03
    outer loop
      vertex -1.163265e+01 -2.269209e+01 -1.450000e+01
      vertex -5.842352e+00 -2.482170e+01 -1.450000e+01
      vertex -6.102550e+00 -2.475902e+01 -2.017989e+01
    endloop
  endfacet
  facet normal  1.153235e-01  9.933118e-01  5.679821e-03
    outer loop
      vertex -6.102550e+00 -2.475902e+01 -2.017989e+01
      vertex -5.842352e+00 -2.482170e+01 -1.450000e+01
      vertex  0.000000e+00 -2.550000e+01 -1.450000e+01
    endloop
  endfacet
  facet normal  1.205367e-01  9.927088e-01  0.000000e+00
    outer loop
      vertex -6.102550e+00 -2.475902e+01 -2.017989e+01
      vertex  0.000000e+00 -2.550000e+01 -1.450000e+01
      vertex  0.000000e+00 -2.550000e+01 -2.017989e+01
    endloop
  endfacet
  facet normal  5.680587e-01  8.229754e-01  4.562498e-03
    outer loop
      vertex -1.185044e+01 -2.257913e+01 -2.017989e+01
      vertex -1.690963e+01 -1.908702e+01 -2.017989e+01
      vertex -1.674204e+01 -1.923419e+01 -1.450000e+01
    endloop
  endfacet
  facet normal  7.485019e-01  6.631146e-01 -4.903634e-03
    outer loop
      vertex -1.674204e+01 -1.923419e+01 -1.450000e+01
      vertex -1.690963e+01 -1.908702e+01 -2.017989e+01
      vertex -2.098609e+01 -1.448565e+01 -2.017989e+01
    endloop
  endfacet
  facet normal  7.429690e-01  6.693112e-01  4.411085e-03
    outer loop
      vertex -1.674204e+01 -1.923419e+01 -1.450000e+01
      vertex -2.098609e+01 -1.448565e+01 -2.017989e+01
      vertex -2.087140e+01 -1.465039e+01 -1.450000e+01
    endloop
  endfacet
  facet normal  8.854474e-01  4.647188e-01 -4.399874e-03
    outer loop
      vertex -2.087140e+01 -1.465039e+01 -1.450000e+01
      vertex -2.098609e+01 -1.448565e+01 -2.017989e+01
      vertex -2.384291e+01 -9.042424e+00 -2.017989e+01
    endloop
  endfacet
  facet normal  8.819690e-01  4.712913e-01  3.909143e-03
    outer loop
      vertex -2.087140e+01 -1.465039e+01 -1.450000e+01
      vertex -2.384291e+01 -9.042424e+00 -2.017989e+01
      vertex -2.377906e+01 -9.209036e+00 -1.450000e+01
    endloop
  endfacet
  facet normal  9.709345e-01  2.393137e-01 -3.895790e-03
    outer loop
      vertex -2.377906e+01 -9.209036e+00 -1.450000e+01
      vertex -2.384291e+01 -9.042424e+00 -2.017989e+01
      vertex -2.531408e+01 -3.073685e+00 -2.017989e+01
    endloop
  endfacet
  facet normal  9.693458e-01  2.456765e-01  3.406632e-03
    outer loop
      vertex -2.377906e+01 -9.209036e+00 -1.450000e+01
      vertex -2.531408e+01 -3.073685e+00 -2.017989e+01
      vertex -2.529477e+01 -3.228612e+00 -1.450000e+01
    endloop
  endfacet
  facet normal  9.999942e-01  0.000000e+00 -3.398686e-03
    outer loop
      vertex -2.529477e+01 -3.228612e+00 -1.450000e+01
      vertex -2.531408e+01 -3.073685e+00 -2.017989e+01
      vertex -2.531408e+01  3.073685e+00 -2.017989e+01
    endloop
  endfacet
  facet normal  9.999797e-01  5.687233e-03  2.911809e-03
    outer loop
      vertex -2.529477e+01 -3.228612e+00 -1.450000e+01
      vertex -2.531408e+01  3.073685e+00 -2.017989e+01
      vertex -2.532986e+01  2.940798e+00 -1.450000e+01
    endloop
  endfacet
  facet normal  9.709378e-01 -2.393145e-01 -2.901003e-03
    outer loop
      vertex -2.532986e+01  2.940798e+00 -1.450000e+01
      vertex -2.531408e+01  3.073685e+00 -2.017989e+01
      vertex -2.384291e+01  9.042424e+00 -2.017989e+01
    endloop
  endfacet
  facet normal  9.720785e-01 -2.346435e-01  2.415457e-03
    outer loop
      vertex -2.532986e+01  2.940798e+00 -1.450000e+01
      vertex -2.384291e+01  9.042424e+00 -2.017989e+01
      vertex -2.388222e+01  8.938063e+00 -1.450000e+01
    endloop
  endfacet
  facet normal  8.854534e-01 -4.647220e-01 -2.411417e-03
    outer loop
      vertex -2.388222e+01  8.938063e+00 -1.450000e+01
      vertex -2.384291e+01  9.042424e+00 -2.017989e+01
      vertex -2.098609e+01  1.448565e+01 -2.017989e+01
    endloop
  endfacet
  facet normal  8.872776e-01 -4.612317e-01  1.927636e-03
    outer loop
      vertex -2.388222e+01  8.938063e+00 -1.450000e+01
      vertex -2.098609e+01  1.448565e+01 -2.017989e+01
      vertex -2.103664e+01  1.441214e+01 -1.450000e+01
    endloop
  endfacet
  facet normal  7.485095e-01 -6.631213e-01 -1.920324e-03
    outer loop
      vertex -2.103664e+01  1.441214e+01 -1.450000e+01
      vertex -2.098609e+01  1.448565e+01 -2.017989e+01
      vertex -1.690963e+01  1.908702e+01 -2.017989e+01
    endloop
  endfacet
  facet normal  7.505350e-01 -6.608290e-01  1.438143e-03
    outer loop
      vertex -2.103664e+01  1.441214e+01 -1.450000e+01
      vertex -1.690963e+01  1.908702e+01 -2.017989e+01
      vertex -1.695964e+01  1.904258e+01 -1.450000e+01
    endloop
  endfacet
  facet normal  5.680640e-01 -8.229831e-01 -1.437527e-03
    outer loop
      vertex -1.695964e+01  1.904258e+01 -1.450000e+01
      vertex -1.690963e+01  1.908702e+01 -2.017989e+01
      vertex -1.185044e+01  2.257913e+01 -2.017989e+01
    endloop
  endfacet
  facet normal  5.698644e-01 -8.217382e-01  9.570156e-04
    outer loop
      vertex -1.695964e+01  1.904258e+01 -1.450000e+01
      vertex -1.185044e+01  2.257913e+01 -2.017989e+01
      vertex -1.188992e+01  2.255836e+01 -1.450000e+01
    endloop
  endfacet
  facet normal  3.546048e-01 -9.350159e-01 -9.532885e-04
    outer loop
      vertex -1.188992e+01  2.255836e+01 -1.450000e+01
      vertex -1.185044e+01  2.257913e+01 -2.017989e+01
      vertex -6.102550e+00  2.475902e+01 -2.017989e+01
    endloop
  endfacet
  facet normal  3.558292e-01 -9.345509e-01  4.744420e-04
    outer loop
      vertex -1.188992e+01  2.255836e+01 -1.450000e+01
      vertex -6.102550e+00  2.475902e+01 -2.017989e+01
      vertex -6.124199e+00  2.475366e+01 -1.450000e+01
    endloop
  endfacet
  facet normal  1.205367e-01 -9.927087e-01 -4.772928e-04
    outer loop
      vertex -6.124199e+00  2.475366e+01 -1.450000e+01
      vertex -6.102550e+00  2.475902e+01 -2.017989e+01
      vertex  2.577130e-14  2.550000e+01 -2.017989e+01
    endloop
  endfacet
  facet normal  1.209729e-01 -9.926559e-01  4.823793e-16
    outer loop
      vertex -6.124199e+00  2.475366e+01 -1.450000e+01
      vertex  2.577130e-14  2.550000e+01 -2.017989e+01
      vertex  3.122746e-15  2.550000e+01 -1.450000e+01
    endloop
  endfacet
  facet normal  0.000000e+00  0.000000e+00  1.000000e+00
    outer loop
      vertex -3.254490e+00  2.680314e+01 -1.450000e+01
      vertex -6.124199e+00  2.475366e+01 -1.450000e+01
      vertex  3.122746e-15  2.550000e+01 -1.450000e+01
    endloop
  endfacet
  facet normal  0.000000e+00  0.000000e+00  1.000000e+00
    outer loop
      vertex  0.000000e+00 -2.550000e+01 -1.450000e+01
      vertex -5.842352e+00 -2.482170e+01 -1.450000e+01
      vertex -3.254490e+00 -2.680314e+01 -1.450000e+01
    endloop
  endfacet
  facet normal  0.000000e+00  0.000000e+00  1.000000e+00
    outer loop
      vertex -3.254490e+00 -2.680314e+01 -1.450000e+01
      vertex -5.842352e+00 -2.482170e+01 -1.450000e+01
      vertex -1.163265e+01 -2.269209e+01 -1.450000e+01
    endloop
  endfacet
  facet normal  0.000000e+00  0.000000e+00  9.999999e-01
    outer loop
      vertex -3.254490e+00 -2.680314e+01 -1.450000e+01
      vertex -1.163265e+01 -2.269209e+01 -1.450000e+01
      vertex -9.574332e+00 -2.524544e+01 -1.450000e+01
    endloop
  endfacet
  facet normal  0.000000e+00  0.000000e+00  9.999999e-01
    outer loop
      vertex -9.574332e+00 -2.524544e+01 -1.450000e+01
      vertex -1.163265e+01 -2.269209e+01 -1.450000e+01
      vertex -1.674204e+01 -1.923419e+01 -1.450000e+01
    endloop
  endfacet
  facet normal  0.000000e+00  0.000000e+00  1.000000e+00
    outer loop
      vertex -9.574332e+00 -2.524544e+01 -1.450000e+01
      vertex -1.674204e+01 -1.923419e+01 -1.450000e+01
      vertex -1.533775e+01 -2.222056e+01 -1.450000e+01
    endloop
  endfacet
  facet normal  0.000000e+00  0.000000e+00  1.000000e+00
    outer loop
      vertex -1.533775e+01 -2.222056e+01 -1.450000e+01
      vertex -1.674204e+01 -1.923419e+01 -1.450000e+01
      vertex -2.087140e+01 -1.465039e+01 -1.450000e+01
    endloop
  endfacet
  facet normal  0.000000e+00  0.000000e+00  1.000000e+00
    outer loop
      vertex -1.533775e+01 -2.222056e+01 -1.450000e+01
      vertex -2.087140e+01 -1.465039e+01 -1.450000e+01
      vertex -2.020979e+01 -1.790431e+01 -1.450000e+01
    endloop
  endfacet
  facet normal  0.000000e+00  0.000000e+00  1.000000e+00
    outer loop
      vertex -2.020979e+01 -1.790431e+01 -1.450000e+01
      vertex -2.087140e+01 -1.465039e+01 -1.450000e+01
      vertex -2.377906e+01 -9.209036e+00 -1.450000e+01
    endloop
  endfacet
  facet normal  0.000000e+00  0.000000e+00  1.000000e+00
    outer loop
      vertex -2.020979e+01 -1.790431e+01 -1.450000e+01
      vertex -2.377906e+01 -9.209036e+00 -1.450000e+01
      vertex -2.390731e+01 -1.254753e+01 -1.450000e+01
    endloop
  endfacet
  facet normal  0.000000e+00  -0.000000e+00  1.000000e+00
    outer loop
      vertex -2.390731e+01 -1.254753e+01 -1.450000e+01
      vertex -2.377906e+01 -9.209036e+00 -1.450000e+01
      vertex -2.529477e+01 -3.228612e+00 -1.450000e+01
    endloop
  endfacet
  facet normal  0.000000e+00  0.000000e+00  1.000000e+00
    outer loop
      vertex -2.390731e+01 -1.254753e+01 -1.450000e+01
      vertex -2.529477e+01 -3.228612e+00 -1.450000e+01
      vertex -2.621543e+01 -6.461523e+00 -1.450000e+01
    endloop
  endfacet
  facet normal  0.000000e+00  0.000000e+00  1.000000e+00
    outer loop
      vertex -2.621543e+01 -6.461523e+00 -1.450000e+01
      vertex -2.529477e+01 -3.228612e+00 -1.450000e+01
      vertex -2.532986e+01  2.940798e+00 -1.450000e+01
    endloop
  endfacet
  facet normal  0.000000e+00  0.000000e+00  1.000000e+00
    outer loop
      vertex -2.621543e+01 -6.461523e+00 -1.450000e+01
      vertex -2.532986e+01  2.940798e+00 -1.450000e+01
      vertex -2.700000e+01  3.306437e-15 -1.450000e+01
    endloop
  endfacet
  facet normal  0.000000e+00  0.000000e+00  1.000000e+00
    outer loop
      vertex  2.621543e+01 -6.461523e+00 -1.450000e+01
      vertex  2.700000e+01  0.000000e+00 -1.450000e+01
      vertex  2.531408e+01 -3.073685e+00 -1.450000e+01
    endloop
  endfacet
  facet normal  0.000000e+00  0.000000e+00  1.000000e+00
    outer loop
      vertex  2.531408e+01 -3.073685e+00 -1.450000e+01
      vertex  2.700000e+01  0.000000e+00 -1.450000e+01
      vertex  2.621543e+01  6.461523e+00 -1.450000e+01
    endloop
  endfacet
  facet normal  0.000000e+00  0.000000e+00  1.000000e+00
    outer loop
      vertex  2.531408e+01 -3.073685e+00 -1.450000e+01
      vertex  2.621543e+01  6.461523e+00 -1.450000e+01
      vertex  2.531408e+01  3.073685e+00 -1.450000e+01
    endloop
  endfacet
  facet normal  0.000000e+00  -0.000000e+00  1.000000e+00
    outer loop
      vertex  2.531408e+01  3.073685e+00 -1.450000e+01
      vertex  2.621543e+01  6.461523e+00 -1.450000e+01
      vertex  2.390731e+01  1.254753e+01 -1.450000e+01
    endloop
  endfacet
  facet normal  0.000000e+00  0.000000e+00  1.000000e+00
    outer loop
      vertex  2.531408e+01  3.073685e+00 -1.450000e+01
      vertex  2.390731e+01  1.254753e+01 -1.450000e+01
      vertex  2.384291e+01  9.042424e+00 -1.450000e+01
    endloop
  endfacet
  facet normal  0.000000e+00  -0.000000e+00  1.000000e+00
    outer loop
      vertex  2.384291e+01  9.042424e+00 -1.450000e+01
      vertex  2.390731e+01  1.254753e+01 -1.450000e+01
      vertex  2.020979e+01  1.790431e+01 -1.450000e+01
    endloop
  endfacet
  facet normal  0.000000e+00  0.000000e+00  9.999999e-01
    outer loop
      vertex  2.384291e+01  9.042424e+00 -1.450000e+01
      vertex  2.020979e+01  1.790431e+01 -1.450000e+01
      vertex  2.098609e+01  1.448565e+01 -1.450000e+01
    endloop
  endfacet
  facet normal  0.000000e+00  0.000000e+00  1.000000e+00
    outer loop
      vertex  2.098609e+01  1.448565e+01 -1.450000e+01
      vertex  2.020979e+01  1.790431e+01 -1.450000e+01
      vertex  1.533775e+01  2.222056e+01 -1.450000e+01
    endloop
  endfacet
  facet normal  0.000000e+00  0.000000e+00  9.999999e-01
    outer loop
      vertex  2.098609e+01  1.448565e+01 -1.450000e+01
      vertex  1.533775e+01  2.222056e+01 -1.450000e+01
      vertex  1.690963e+01  1.908702e+01 -1.450000e+01
    endloop
  endfacet
  facet normal  0.000000e+00  0.000000e+00  1.000000e+00
    outer loop
      vertex  1.690963e+01  1.908702e+01 -1.450000e+01
      vertex  1.533775e+01  2.222056e+01 -1.450000e+01
      vertex  9.574332e+00  2.524544e+01 -1.450000e+01
    endloop
  endfacet
  facet normal  0.000000e+00  0.000000e+00  1.000000e+00
    outer loop
      vertex  1.690963e+01  1.908702e+01 -1.450000e+01
      vertex  9.574332e+00  2.524544e+01 -1.450000e+01
      vertex  1.185044e+01  2.257913e+01 -1.450000e+01
    endloop
  endfacet
  facet normal  0.000000e+00  0.000000e+00  1.000000e+00
    outer loop
      vertex  1.185044e+01  2.257913e+01 -1.450000e+01
      vertex  9.574332e+00  2.524544e+01 -1.450000e+01
      vertex  3.254490e+00  2.680314e+01 -1.450000e+01
    endloop
  endfacet
  facet normal  0.000000e+00  0.000000e+00  1.000000e+00
    outer loop
      vertex  1.185044e+01  2.257913e+01 -1.450000e+01
      vertex  3.254490e+00  2.680314e+01 -1.450000e+01
      vertex  6.102550e+00  2.475902e+01 -1.450000e+01
    endloop
  endfacet
  facet normal  0.000000e+00  0.000000e+00  1.000000e+00
    outer loop
      vertex  6.102550e+00  2.475902e+01 -1.450000e+01
      vertex  3.254490e+00  2.680314e+01 -1.450000e+01
      vertex -3.254490e+00  2.680314e+01 -1.450000e+01
    endloop
  endfacet
  facet normal  0.000000e+00  0.000000e+00  9.999999e-01
    outer loop
      vertex  6.102550e+00  2.475902e+01 -1.450000e+01
      vertex -3.254490e+00  2.680314e+01 -1.450000e+01
      vertex  3.122746e-15  2.550000e+01 -1.450000e+01
    endloop
  endfacet
  facet normal  -0.000000e+00  0.000000e+00  1.000000e+00
    outer loop
      vertex  1.533775e+01 -2.222056e+01 -1.450000e+01
      vertex  1.185044e+01 -2.257913e+01 -1.450000e+01
      vertex  9.574332e+00 -2.524544e+01 -1.450000e+01
    endloop
  endfacet
  facet normal  0.000000e+00  -0.000000e+00  1.000000e+00
    outer loop
      vertex  9.574332e+00 -2.524544e+01 -1.450000e+01
      vertex  1.185044e+01 -2.257913e+01 -1.450000e+01
      vertex  6.102550e+00 -2.475902e+01 -1.450000e+01
    endloop
  endfacet
  facet normal  0.000000e+00  0.000000e+00  1.000000e+00
    outer loop
      vertex  9.574332e+00 -2.524544e+01 -1.450000e+01
      vertex  6.102550e+00 -2.475902e+01 -1.450000e+01
      vertex  3.254490e+00 -2.680314e+01 -1.450000e+01
    endloop
  endfacet
  facet normal  0.000000e+00  -0.000000e+00  1.000000e+00
    outer loop
      vertex  3.254490e+00 -2.680314e+01 -1.450000e+01
      vertex  6.102550e+00 -2.475902e+01 -1.450000e+01
      vertex  0.000000e+00 -2.550000e+01 -1.450000e+01
    endloop
  endfacet
  facet normal  0.000000e+00  0.000000e+00  1.000000e+00
    outer loop
      vertex  3.254490e+00 -2.680314e+01 -1.450000e+01
      vertex  0.000000e+00 -2.550000e+01 -1.450000e+01
      vertex -3.254490e+00 -2.680314e+01 -1.450000e+01
    endloop
  endfacet
  facet normal  0.000000e+00  -0.000000e+00  1.000000e+00
    outer loop
      vertex  1.185044e+01 -2.257913e+01 -1.450000e+01
      vertex  1.533775e+01 -2.222056e+01 -1.450000e+01
      vertex  1.690963e+01 -1.908702e+01 -1.450000e+01
    endloop
  endfacet
  facet normal  -0.000000e+00  0.000000e+00  1.000000e+00
    outer loop
      vertex  1.690963e+01 -1.908702e+01 -1.450000e+01
      vertex  1.533775e+01 -2.222056e+01 -1.450000e+01
      vertex  2.020979e+01 -1.790431e+01 -1.450000e+01
    endloop
  endfacet
  facet normal  0.000000e+00  -0.000000e+00  1.000000e+00
    outer loop
      vertex  1.690963e+01 -1.908702e+01 -1.450000e+01
      vertex  2.020979e+01 -1.790431e+01 -1.450000e+01
      vertex  2.098609e+01 -1.448565e+01 -1.450000e+01
    endloop
  endfacet
  facet normal  -0.000000e+00  0.000000e+00  1.000000e+00
    outer loop
      vertex  2.098609e+01 -1.448565e+01 -1.450000e+01
      vertex  2.020979e+01 -1.790431e+01 -1.450000e+01
      vertex  2.390731e+01 -1.254753e+01 -1.450000e+01
    endloop
  endfacet
  facet normal  0.000000e+00  0.000000e+00  1.000000e+00
    outer loop
      vertex  2.098609e+01 -1.448565e+01 -1.450000e+01
      vertex  2.390731e+01 -1.254753e+01 -1.450000e+01
      vertex  2.384291e+01 -9.042424e+00 -1.450000e+01
    endloop
  endfacet
  facet normal  -0.000000e+00  0.000000e+00  1.000000e+00
    outer loop
      vertex  2.384291e+01 -9.042424e+00 -1.450000e+01
      vertex  2.390731e+01 -1.254753e+01 -1.450000e+01
      vertex  2.621543e+01 -6.461523e+00 -1.450000e+01
    endloop
  endfacet
  facet normal  0.000000e+00  0.000000e+00  1.000000e+00
    outer loop
      vertex  2.384291e+01 -9.042424e+00 -1.450000e+01
      vertex  2.621543e+01 -6.461523e+00 -1.450000e+01
      vertex  2.531408e+01 -3.073685e+00 -1.450000e+01
    endloop
  endfacet
  facet normal  0.000000e+00  0.000000e+00  1.000000e+00
    outer loop
      vertex -2.700000e+01  3.306437e-15 -1.450000e+01
      vertex -2.532986e+01  2.940798e+00 -1.450000e+01
      vertex -2.621543e+01  6.461523e+00 -1.450000e+01
    endloop
  endfacet
  facet normal  -0.000000e+00  0.000000e+00  1.000000e+00
    outer loop
      vertex -2.621543e+01  6.461523e+00 -1.450000e+01
      vertex -2.532986e+01  2.940798e+00 -1.450000e+01
      vertex -2.388222e+01  8.938063e+00 -1.450000e+01
    endloop
  endfacet
  facet normal  0.000000e+00  0.000000e+00  1.000000e+00
    outer loop
      vertex -2.621543e+01  6.461523e+00 -1.450000e+01
      vertex -2.388222e+01  8.938063e+00 -1.450000e+01
      vertex -2.390731e+01  1.254753e+01 -1.450000e+01
    endloop
  endfacet
  facet normal  -0.000000e+00  0.000000e+00  1.000000e+00
    outer loop
      vertex -2.390731e+01  1.254753e+01 -1.450000e+01
      vertex -2.388222e+01  8.938063e+00 -1.450000e+01
      vertex -2.103664e+01  1.441214e+01 -1.450000e+01
    endloop
  endfacet
  facet normal  0.000000e+00  -0.000000e+00  1.000000e+00
    outer loop
      vertex -2.390731e+01  1.254753e+01 -1.450000e+01
      vertex -2.103664e+01  1.441214e+01 -1.450000e+01
      vertex -2.020979e+01  1.790431e+01 -1.450000e+01
    endloop
  endfacet
  facet normal  -0.000000e+00  0.000000e+00  9.999999e-01
    outer loop
      vertex -2.020979e+01  1.790431e+01 -1.450000e+01
      vertex -2.103664e+01  1.441214e+01 -1.450000e+01
      vertex -1.695964e+01  1.904258e+01 -1.450000e+01
    endloop
  endfacet
  facet normal  0.000000e+00  -0.000000e+00  1.000000e+00
    outer loop
      vertex -2.020979e+01  1.790431e+01 -1.450000e+01
      vertex -1.695964e+01  1.904258e+01 -1.450000e+01
      vertex -1.533775e+01  2.222056e+01 -1.450000e+01
    endloop
  endfacet
  facet normal  -0.000000e+00  0.000000e+00  1.000000e+00
    outer loop
      vertex -1.533775e+01  2.222056e+01 -1.450000e+01
      vertex -1.695964e+01  1.904258e+01 -1.450000e+01
      vertex -1.188992e+01  2.255836e+01 -1.450000e+01
    endloop
  endfacet
  facet normal  0.000000e+00  -0.000000e+00  1.000000e+00
    outer loop
      vertex -1.533775e+01  2.222056e+01 -1.450000e+01
      vertex -1.188992e+01  2.255836e+01 -1.450000e+01
      vertex -9.574332e+00  2.524544e+01 -1.450000e+01
    endloop
  endfacet
  facet normal  0.000000e+00  0.000000e+00  1.000000e+00
    outer loop
      vertex -9.574332e+00  2.524544e+01 -1.450000e+01
      vertex -1.188992e+01  2.255836e+01 -1.450000e+01
      vertex -6.124199e+00  2.475366e+01 -1.450000e+01
    endloop
  endfacet
  facet normal  0.000000e+00  -0.000000e+00  1.000000e+00
    outer loop
      vertex -9.574332e+00  2.524544e+01 -1.450000e+01
      vertex -6.124199e+00  2.475366e+01 -1.450000e+01
      vertex -3.254490e+00  2.680314e+01 -1.450000e+01
    endloop
  endfacet
  facet normal -9.709419e-01 -2.393155e-01  -0.000000e+00
    outer loop
      vertex  2.531408e+01  3.073685e+00 -2.017989e+01
      vertex  2.384291e+01  9.042424e+00 -1.450000e+01
      vertex  2.384291e+01  9.042424e+00 -2.017989e+01
    endloop
  endfacet
  facet normal -8.854559e-01 -4.647233e-01  0.000000e+00
    outer loop
      vertex  2.384291e+01  9.042424e+00 -2.017989e+01
      vertex  2.384291e+01  9.042424e+00 -1.450000e+01
      vertex  2.098609e+01  1.448565e+01 -1.450000e+01
    endloop
  endfacet
  facet normal -8.854559e-01 -4.647233e-01  -0.000000e+00
    outer loop
      vertex  2.384291e+01  9.042424e+00 -2.017989e+01
      vertex  2.098609e+01  1.448565e+01 -1.450000e+01
      vertex  2.098609e+01  1.448565e+01 -2.017989e+01
    endloop
  endfacet
  facet normal -7.485109e-01 -6.631226e-01  0.000000e+00
    outer loop
      vertex  2.098609e+01  1.448565e+01 -2.017989e+01
      vertex  2.098609e+01  1.448565e+01 -1.450000e+01
      vertex  1.690963e+01  1.908702e+01 -1.450000e+01
    endloop
  endfacet
  facet normal -7.485109e-01 -6.631226e-01  -0.000000e+00
    outer loop
      vertex  2.098609e+01  1.448565e+01 -2.017989e+01
      vertex  1.690963e+01  1.908702e+01 -1.450000e+01
      vertex  1.690963e+01  1.908702e+01 -2.017989e+01
    endloop
  endfacet
  facet normal -5.680646e-01 -8.229839e-01  0.000000e+00
    outer loop
      vertex  1.690963e+01  1.908702e+01 -2.017989e+01
      vertex  1.690963e+01  1.908702e+01 -1.450000e+01
      vertex  1.185044e+01  2.257913e+01 -1.450000e+01
    endloop
  endfacet
  facet normal -5.680646e-01 -8.229839e-01  -0.000000e+00
    outer loop
      vertex  1.690963e+01  1.908702e+01 -2.017989e+01
      vertex  1.185044e+01  2.257913e+01 -1.450000e+01
      vertex  1.185044e+01  2.257913e+01 -2.017989e+01
    endloop
  endfacet
  facet normal -3.546049e-01 -9.350163e-01  0.000000e+00
    outer loop
      vertex  1.185044e+01  2.257913e+01 -2.017989e+01
      vertex  1.185044e+01  2.257913e+01 -1.450000e+01
      vertex  6.102550e+00  2.475902e+01 -1.450000e+01
    endloop
  endfacet
  facet normal -3.546049e-01 -9.350163e-01  -0.000000e+00
    outer loop
      vertex  1.185044e+01  2.257913e+01 -2.017989e+01
      vertex  6.102550e+00  2.475902e+01 -1.450000e+01
      vertex  6.102550e+00  2.475902e+01 -2.017989e+01
    endloop
  endfacet
  facet normal -1.205367e-01 -9.927088e-01  0.000000e+00
    outer loop
      vertex  6.102550e+00  2.475902e+01 -2.017989e+01
      vertex  6.102550e+00  2.475902e+01 -1.450000e+01
      vertex  3.122746e-15  2.550000e+01 -1.450000e+01
    endloop
  endfacet
  facet normal -1.205367e-01 -9.927088e-01 -4.806400e-16
    outer loop
      vertex  6.102550e+00  2.475902e+01 -2.017989e+01
      vertex  3.122746e-15  2.550000e+01 -1.450000e+01
      vertex  2.577130e-14  2.550000e+01 -2.017989e+01
    endloop
  endfacet
  facet normal -9.709419e-01 -2.393155e-01  0.000000e+00
    outer loop
      vertex  2.384291e+01  9.042424e+00 -1.450000e+01
      vertex  2.531408e+01  3.073685e+00 -2.017989e+01
      vertex  2.531408e+01  3.073685e+00 -1.450000e+01
    endloop
  endfacet
  facet normal -1.000000e+00  0.000000e+00  -0.000000e+00
    outer loop
      vertex  2.531408e+01  3.073685e+00 -1.450000e+01
      vertex  2.531408e+01  3.073685e+00 -2.017989e+01
      vertex  2.531408e+01 -3.073685e+00 -2.017989e+01
    endloop
  endfacet
  facet normal -1.000000e+00  0.000000e+00  0.000000e+00
    outer loop
      vertex  2.531408e+01  3.073685e+00 -1.450000e+01
      vertex  2.531408e+01 -3.073685e+00 -2.017989e+01
      vertex  2.531408e+01 -3.073685e+00 -1.450000e+01
    endloop
  endfacet
  facet normal -9.709419e-01  2.393155e-01  0.000000e+00
    outer loop
      vertex  2.531408e+01 -3.073685e+00 -1.450000e+01
      vertex  2.531408e+01 -3.073685e+00 -2.017989e+01
      vertex  2.384291e+01 -9.042424e+00 -2.017989e+01
    endloop
  endfacet
  facet normal -9.709419e-01  2.393155e-01  0.000000e+00
    outer loop
      vertex  2.531408e+01 -3.073685e+00 -1.450000e+01
      vertex  2.384291e+01 -9.042424e+00 -2.017989e+01
      vertex  2.384291e+01 -9.042424e+00 -1.450000e+01
    endloop
  endfacet
  facet normal -8.854559e-01  4.647233e-01  0.000000e+00
    outer loop
      vertex  2.384291e+01 -9.042424e+00 -1.450000e+01
      vertex  2.384291e+01 -9.042424e+00 -2.017989e+01
      vertex  2.098609e+01 -1.448565e+01 -2.017989e+01
    endloop
  endfacet
  facet normal -8.854559e-01  4.647233e-01  0.000000e+00
    outer loop
      vertex  2.384291e+01 -9.042424e+00 -1.450000e+01
      vertex  2.098609e+01 -1.448565e+01 -2.017989e+01
      vertex  2.098609e+01 -1.448565e+01 -1.450000e+01
    endloop
  endfacet
  facet normal -7.485109e-01  6.631226e-01  0.000000e+00
    outer loop
      vertex  2.098609e+01 -1.448565e+01 -1.450000e+01
      vertex  2.098609e+01 -1.448565e+01 -2.017989e+01
      vertex  1.690963e+01 -1.908702e+01 -2.017989e+01
    endloop
  endfacet
  facet normal -7.485109e-01  6.631226e-01  0.000000e+00
    outer loop
      vertex  2.098609e+01 -1.448565e+01 -1.450000e+01
      vertex  1.690963e+01 -1.908702e+01 -2.017989e+01
      vertex  1.690963e+01 -1.908702e+01 -1.450000e+01
    endloop
  endfacet
  facet normal -5.680646e-01  8.229839e-01  0.000000e+00
    outer loop
      vertex  1.690963e+01 -1.908702e+01 -1.450000e+01
      vertex  1.690963e+01 -1.908702e+01 -2.017989e+01
      vertex  1.185044e+01 -2.257913e+01 -2.017989e+01
    endloop
  endfacet
  facet normal -5.680646e-01  8.229839e-01  0.000000e+00
    outer loop
      vertex  1.690963e+01 -1.908702e+01 -1.450000e+01
      vertex  1.185044e+01 -2.257913e+01 -2.017989e+01
      vertex  1.185044e+01 -2.257913e+01 -1.450000e+01
    endloop
  endfacet
  facet normal -3.546049e-01  9.350163e-01  0.000000e+00
    outer loop
      vertex  1.185044e+01 -2.257913e+01 -1.450000e+01
      vertex  1.185044e+01 -2.257913e+01 -2.017989e+01
      vertex  6.102550e+00 -2.475902e+01 -2.017989e+01
    endloop
  endfacet
  facet normal -3.546049e-01  9.350163e-01  0.000000e+00
    outer loop
      vertex  1.185044e+01 -2.257913e+01 -1.450000e+01
      vertex  6.102550e+00 -2.475902e+01 -2.017989e+01
      vertex  6.102550e+00 -2.475902e+01 -1.450000e+01
    endloop
  endfacet
  facet normal -1.205367e-01  9.927088e-01  0.000000e+00
    outer loop
      vertex  6.102550e+00 -2.475902e+01 -1.450000e+01
      vertex  6.102550e+00 -2.475902e+01 -2.017989e+01
      vertex  0.000000e+00 -2.550000e+01 -2.017989e+01
    endloop
  endfacet
  facet normal -1.205367e-01  9.927088e-01  0.000000e+00
    outer loop
      vertex  6.102550e+00 -2.475902e+01 -1.450000e+01
      vertex  0.000000e+00 -2.550000e+01 -2.017989e+01
      vertex  0.000000e+00 -2.550000e+01 -1.450000e+01
    endloop
  endfacet
  facet normal  9.927089e-01 -1.205366e-01  7.539446e-16
    outer loop
      vertex  2.700000e+01 -3.552714e-14 -2.017989e+01
      vertex  2.700000e+01  0.000000e+00 -1.450000e+01
      vertex  2.621543e+01 -6.461523e+00 -2.017989e+01
    endloop
  endfacet
  facet normal  9.927089e-01 -1.205366e-01  0.000000e+00
    outer loop
      vertex  2.621543e+01 -6.461523e+00 -2.017989e+01
      vertex  2.700000e+01  0.000000e+00 -1.450000e+01
      vertex  2.621543e+01 -6.461523e+00 -1.450000e+01
    endloop
  endfacet
  facet normal  9.350162e-01 -3.546050e-01  0.000000e+00
    outer loop
      vertex  2.621543e+01 -6.461523e+00 -2.017989e+01
      vertex  2.621543e+01 -6.461523e+00 -1.450000e+01
      vertex  2.390731e+01 -1.254753e+01 -2.017989e+01
    endloop
  endfacet
  facet normal  9.350162e-01 -3.546050e-01  0.000000e+00
    outer loop
      vertex  2.390731e+01 -1.254753e+01 -2.017989e+01
      vertex  2.621543e+01 -6.461523e+00 -1.450000e+01
      vertex  2.390731e+01 -1.254753e+01 -1.450000e+01
    endloop
  endfacet
  facet normal  8.229838e-01 -5.680647e-01  0.000000e+00
    outer loop
      vertex  2.390731e+01 -1.254753e+01 -2.017989e+01
      vertex  2.390731e+01 -1.254753e+01 -1.450000e+01
      vertex  2.020979e+01 -1.790431e+01 -2.017989e+01
    endloop
  endfacet
  facet normal  8.229838e-01 -5.680647e-01  0.000000e+00
    outer loop
      vertex  2.020979e+01 -1.790431e+01 -2.017989e+01
      vertex  2.390731e+01 -1.254753e+01 -1.450000e+01
      vertex  2.020979e+01 -1.790431e+01 -1.450000e+01
    endloop
  endfacet
  facet normal  6.631227e-01 -7.485107e-01  0.000000e+00
    outer loop
      vertex  2.020979e+01 -1.790431e+01 -2.017989e+01
      vertex  2.020979e+01 -1.790431e+01 -1.450000e+01
      vertex  1.533775e+01 -2.222056e+01 -2.017989e+01
    endloop
  endfacet
  facet normal  6.631227e-01 -7.485107e-01  0.000000e+00
    outer loop
      vertex  1.533775e+01 -2.222056e+01 -2.017989e+01
      vertex  2.020979e+01 -1.790431e+01 -1.450000e+01
      vertex  1.533775e+01 -2.222056e+01 -1.450000e+01
    endloop
  endfacet
  facet normal  4.647231e-01 -8.854561e-01  0.000000e+00
    outer loop
      vertex  1.533775e+01 -2.222056e+01 -2.017989e+01
      vertex  1.533775e+01 -2.222056e+01 -1.450000e+01
      vertex  9.574332e+00 -2.524544e+01 -2.017989e+01
    endloop
  endfacet
  facet normal  4.647231e-01 -8.854561e-01  0.000000e+00
    outer loop
      vertex  9.574332e+00 -2.524544e+01 -2.017989e+01
      vertex  1.533775e+01 -2.222056e+01 -1.450000e+01
      vertex  9.574332e+00 -2.524544e+01 -1.450000e+01
    endloop
  endfacet
  facet normal  2.393157e-01 -9.709418e-01  0.000000e+00
    outer loop
      vertex  9.574332e+00 -2.524544e+01 -2.017989e+01
      vertex  9.574332e+00 -2.524544e+01 -1.450000e+01
      vertex  3.254490e+00 -2.680314e+01 -2.017989e+01
    endloop
  endfacet
  facet normal  2.393157e-01 -9.709418e-01  0.000000e+00
    outer loop
      vertex  3.254490e+00 -2.680314e+01 -2.017989e+01
      vertex  9.574332e+00 -2.524544e+01 -1.450000e+01
      vertex  3.254490e+00 -2.680314e+01 -1.450000e+01
    endloop
  endfacet
  facet normal  0.000000e+00 -1.000000e+00  -0.000000e+00
    outer loop
      vertex  3.254490e+00 -2.680314e+01 -2.017989e+01
      vertex  3.254490e+00 -2.680314e+01 -1.450000e+01
      vertex -3.254490e+00 -2.680314e+01 -2.017989e+01
    endloop
  endfacet
  facet normal  0.000000e+00 -1.000000e+00  0.000000e+00
    outer loop
      vertex -3.254490e+00 -2.680314e+01 -2.017989e+01
      vertex  3.254490e+00 -2.680314e+01 -1.450000e+01
      vertex -3.254490e+00 -2.680314e+01 -1.450000e+01
    endloop
  endfacet
  facet normal -2.393157e-01 -9.709418e-01  -0.000000e+00
    outer loop
      vertex -3.254490e+00 -2.680314e+01 -2.017989e+01
      vertex -3.254490e+00 -2.680314e+01 -1.450000e+01
      vertex -9.574332e+00 -2.524544e+01 -2.017989e+01
    endloop
  endfacet
  facet normal -2.393157e-01 -9.709418e-01  0.000000e+00
    outer loop
      vertex -9.574332e+00 -2.524544e+01 -2.017989e+01
      vertex -3.254490e+00 -2.680314e+01 -1.450000e+01
      vertex -9.574332e+00 -2.524544e+01 -1.450000e+01
    endloop
  endfacet
  facet normal -4.647231e-01 -8.854561e-01  -0.000000e+00
    outer loop
      vertex -9.574332e+00 -2.524544e+01 -2.017989e+01
      vertex -9.574332e+00 -2.524544e+01 -1.450000e+01
      vertex -1.533775e+01 -2.222056e+01 -2.017989e+01
    endloop
  endfacet
  facet normal -4.647231e-01 -8.854561e-01  0.000000e+00
    outer loop
      vertex -1.533775e+01 -2.222056e+01 -2.017989e+01
      vertex -9.574332e+00 -2.524544e+01 -1.450000e+01
      vertex -1.533775e+01 -2.222056e+01 -1.450000e+01
    endloop
  endfacet
  facet normal -6.631227e-01 -7.485107e-01  -0.000000e+00
    outer loop
      vertex -1.533775e+01 -2.222056e+01 -2.017989e+01
      vertex -1.533775e+01 -2.222056e+01 -1.450000e+01
      vertex -2.020979e+01 -1.790431e+01 -2.017989e+01
    endloop
  endfacet
  facet normal -6.631227e-01 -7.485107e-01  0.000000e+00
    outer loop
      vertex -2.020979e+01 -1.790431e+01 -2.017989e+01
      vertex -1.533775e+01 -2.222056e+01 -1.450000e+01
      vertex -2.020979e+01 -1.790431e+01 -1.450000e+01
    endloop
  endfacet
  facet normal -8.229838e-01 -5.680647e-01  -0.000000e+00
    outer loop
      vertex -2.020979e+01 -1.790431e+01 -2.017989e+01
      vertex -2.020979e+01 -1.790431e+01 -1.450000e+01
      vertex -2.390731e+01 -1.254753e+01 -2.017989e+01
    endloop
  endfacet
  facet normal -8.229838e-01 -5.680647e-01  0.000000e+00
    outer loop
      vertex -2.390731e+01 -1.254753e+01 -2.017989e+01
      vertex -2.020979e+01 -1.790431e+01 -1.450000e+01
      vertex -2.390731e+01 -1.254753e+01 -1.450000e+01
    endloop
  endfacet
  facet normal -9.350162e-01 -3.546050e-01  -0.000000e+00
    outer loop
      vertex -2.390731e+01 -1.254753e+01 -2.017989e+01
      vertex -2.390731e+01 -1.254753e+01 -1.450000e+01
      vertex -2.621543e+01 -6.461523e+00 -2.017989e+01
    endloop
  endfacet
  facet normal -9.350162e-01 -3.546050e-01  0.000000e+00
    outer loop
      vertex -2.621543e+01 -6.461523e+00 -2.017989e+01
      vertex -2.390731e+01 -1.254753e+01 -1.450000e+01
      vertex -2.621543e+01 -6.461523e+00 -1.450000e+01
    endloop
  endfacet
  facet normal -9.927089e-01 -1.205366e-01  -0.000000e+00
    outer loop
      vertex -2.621543e+01 -6.461523e+00 -2.017989e+01
      vertex -2.621543e+01 -6.461523e+00 -1.450000e+01
      vertex -2.700000e+01  3.306437e-15 -2.017989e+01
    endloop
  endfacet
  facet normal -9.927089e-01 -1.205366e-01  0.000000e+00
    outer loop
      vertex -2.700000e+01  3.306437e-15 -2.017989e+01
      vertex -2.621543e+01 -6.461523e+00 -1.450000e+01
      vertex -2.700000e+01  3.306437e-15 -1.450000e+01
    endloop
  endfacet
  facet normal -9.927089e-01  1.205366e-01  0.000000e+00
    outer loop
      vertex -2.700000e+01  3.306437e-15 -1.250000e+01
      vertex -2.700000e+01  3.306437e-15 -7.613880e+00
      vertex -2.621543e+01  6.461523e+00 -1.250000e+01
    endloop
  endfacet
  facet normal -9.927089e-01  1.205366e-01  0.000000e+00
    outer loop
      vertex -2.621543e+01  6.461523e+00 -1.250000e+01
      vertex -2.700000e+01  3.306437e-15 -7.613880e+00
      vertex -2.621543e+01  6.461523e+00 -7.613880e+00
    endloop
  endfacet
  facet normal -9.350162e-01  3.546050e-01  0.000000e+00
    outer loop
      vertex -2.621543e+01  6.461523e+00 -1.250000e+01
      vertex -2.621543e+01  6.461523e+00 -7.613880e+00
      vertex -2.390731e+01  1.254753e+01 -1.250000e+01
    endloop
  endfacet
  facet normal -9.350162e-01  3.546050e-01  0.000000e+00
    outer loop
      vertex -2.390731e+01  1.254753e+01 -1.250000e+01
      vertex -2.621543e+01  6.461523e+00 -7.613880e+00
      vertex -2.390731e+01  1.254753e+01 -7.613880e+00
    endloop
  endfacet
  facet normal -8.229838e-01  5.680647e-01  0.000000e+00
    outer loop
      vertex -2.390731e+01  1.254753e+01 -1.250000e+01
      vertex -2.390731e+01  1.254753e+01 -7.613880e+00
      vertex -2.020979e+01  1.790431e+01 -1.250000e+01
    endloop
  endfacet
  facet normal -8.229838e-01  5.680647e-01  0.000000e+00
    outer loop
      vertex -2.020979e+01  1.790431e+01 -1.250000e+01
      vertex -2.390731e+01  1.254753e+01 -7.613880e+00
      vertex -2.020979e+01  1.790431e+01 -7.613880e+00
    endloop
  endfacet
  facet normal -6.631227e-01  7.485107e-01  0.000000e+00
    outer loop
      vertex -2.020979e+01  1.790431e+01 -1.250000e+01
      vertex -2.020979e+01  1.790431e+01 -7.613880e+00
      vertex -1.533775e+01  2.222056e+01 -1.250000e+01
    endloop
  endfacet
  facet normal -6.631227e-01  7.485107e-01  0.000000e+00
    outer loop
      vertex -1.533775e+01  2.222056e+01 -1.250000e+01
      vertex -2.020979e+01  1.790431e+01 -7.613880e+00
      vertex -1.533775e+01  2.222056e+01 -7.613880e+00
    endloop
  endfacet
  facet normal -4.647231e-01  8.854561e-01  0.000000e+00
    outer loop
      vertex -1.533775e+01  2.222056e+01 -1.250000e+01
      vertex -1.533775e+01  2.222056e+01 -7.613880e+00
      vertex -9.574332e+00  2.524544e+01 -1.250000e+01
    endloop
  endfacet
  facet normal -4.647231e-01  8.854561e-01  0.000000e+00
    outer loop
      vertex -9.574332e+00  2.524544e+01 -1.250000e+01
      vertex -1.533775e+01  2.222056e+01 -7.613880e+00
      vertex -9.574332e+00  2.524544e+01 -7.613880e+00
    endloop
  endfacet
  facet normal -2.393157e-01  9.709418e-01  0.000000e+00
    outer loop
      vertex -9.574332e+00  2.524544e+01 -1.250000e+01
      vertex -9.574332e+00  2.524544e+01 -7.613880e+00
      vertex -3.254490e+00  2.680314e+01 -1.250000e+01
    endloop
  endfacet
  facet normal -2.393157e-01  9.709418e-01  0.000000e+00
    outer loop
      vertex -3.254490e+00  2.680314e+01 -1.250000e+01
      vertex -9.574332e+00  2.524544e+01 -7.613880e+00
      vertex -3.254490e+00  2.680314e+01 -7.613880e+00
    endloop
  endfacet
  facet normal  0.000000e+00  1.000000e+00  0.000000e+00
    outer loop
      vertex -3.254490e+00  2.680314e+01 -1.250000e+01
      vertex -3.254490e+00  2.680314e+01 -7.613880e+00
      vertex  3.254490e+00  2.680314e+01 -1.250000e+01
    endloop
  endfacet
  facet normal  0.000000e+00  1.000000e+00  -0.000000e+00
    outer loop
      vertex  3.254490e+00  2.680314e+01 -1.250000e+01
      vertex -3.254490e+00  2.680314e+01 -7.613880e+00
      vertex  3.254490e+00  2.680314e+01 -7.613880e+00
    endloop
  endfacet
  facet normal  2.393157e-01  9.709418e-01  0.000000e+00
    outer loop
      vertex  3.254490e+00  2.680314e+01 -1.250000e+01
      vertex  3.254490e+00  2.680314e+01 -7.613880e+00
      vertex  9.574332e+00  2.524544e+01 -1.250000e+01
    endloop
  endfacet
  facet normal  2.393157e-01  9.709418e-01  -0.000000e+00
    outer loop
      vertex  9.574332e+00  2.524544e+01 -1.250000e+01
      vertex  3.254490e+00  2.680314e+01 -7.613880e+00
      vertex  9.574332e+00  2.524544e+01 -7.613880e+00
    endloop
  endfacet
  facet normal  4.647231e-01  8.854561e-01  0.000000e+00
    outer loop
      vertex  9.574332e+00  2.524544e+01 -1.250000e+01
      vertex  9.574332e+00  2.524544e+01 -7.613880e+00
      vertex  1.533775e+01  2.222056e+01 -1.250000e+01
    endloop
  endfacet
  facet normal  4.647231e-01  8.854561e-01  -0.000000e+00
    outer loop
      vertex  1.533775e+01  2.222056e+01 -1.250000e+01
      vertex  9.574332e+00  2.524544e+01 -7.613880e+00
      vertex  1.533775e+01  2.222056e+01 -7.613880e+00
    endloop
  endfacet
  facet normal  6.631227e-01  7.485107e-01  0.000000e+00
    outer loop
      vertex  1.533775e+01  2.222056e+01 -1.250000e+01
      vertex  1.533775e+01  2.222056e+01 -7.613880e+00
      vertex  2.020979e+01  1.790431e+01 -1.250000e+01
    endloop
  endfacet
  facet normal  6.631227e-01  7.485107e-01  -0.000000e+00
    outer loop
      vertex  2.020979e+01  1.790431e+01 -1.250000e+01
      vertex  1.533775e+01  2.222056e+01 -7.613880e+00
      vertex  2.020979e+01  1.790431e+01 -7.613880e+00
    endloop
  endfacet
  facet normal  8.229838e-01  5.680647e-01  0.000000e+00
    outer loop
      vertex  2.020979e+01  1.790431e+01 -1.250000e+01
      vertex  2.020979e+01  1.790431e+01 -7.613880e+00
      vertex  2.390731e+01  1.254753e+01 -1.250000e+01
    endloop
  endfacet
  facet normal  8.229838e-01  5.680647e-01  -0.000000e+00
    outer loop
      vertex  2.390731e+01  1.254753e+01 -1.250000e+01
      vertex  2.020979e+01  1.790431e+01 -7.613880e+00
      vertex  2.390731e+01  1.254753e+01 -7.613880e+00
    endloop
  endfacet
  facet normal  9.350162e-01  3.546050e-01  0.000000e+00
    outer loop
      vertex  2.390731e+01  1.254753e+01 -1.250000e+01
      vertex  2.390731e+01  1.254753e+01 -7.613880e+00
      vertex  2.621543e+01  6.461523e+00 -1.250000e+01
    endloop
  endfacet
  facet normal  9.350162e-01  3.546050e-01  -0.000000e+00
    outer loop
      vertex  2.621543e+01  6.461523e+00 -1.250000e+01
      vertex  2.390731e+01  1.254753e+01 -7.613880e+00
      vertex  2.621543e+01  6.461523e+00 -7.613880e+00
    endloop
  endfacet
  facet normal  9.927089e-01  1.205366e-01  0.000000e+00
    outer loop
      vertex  2.621543e+01  6.461523e+00 -1.250000e+01
      vertex  2.621543e+01  6.461523e+00 -7.613880e+00
      vertex  2.700000e+01 -6.612874e-15 -1.250000e+01
    endloop
  endfacet
  facet normal  9.927089e-01  1.205366e-01 -1.631343e-16
    outer loop
      vertex  2.700000e+01 -6.612874e-15 -1.250000e+01
      vertex  2.621543e+01  6.461523e+00 -7.613880e+00
      vertex  2.700000e+01  0.000000e+00 -7.613880e+00
    endloop
  endfacet
  facet normal  0.000000e+00  0.000000e+00 -1.000000e+00
    outer loop
      vertex -3.254490e+00 -2.680314e+01 -1.250000e+01
      vertex -6.102550e+00 -2.475902e+01 -1.250000e+01
      vertex  0.000000e+00 -2.550000e+01 -1.250000e+01
    endloop
  endfacet
  facet normal  -0.000000e+00  0.000000e+00 -1.000000e+00
    outer loop
      vertex -2.621543e+01  6.461523e+00 -1.250000e+01
      vertex -2.531408e+01  3.073685e+00 -1.250000e+01
      vertex -2.700000e+01  3.306437e-15 -1.250000e+01
    endloop
  endfacet
  facet normal  0.000000e+00  0.000000e+00 -1.000000e+00
    outer loop
      vertex -2.700000e+01  3.306437e-15 -1.250000e+01
      vertex -2.531408e+01  3.073685e+00 -1.250000e+01
      vertex -2.531408e+01 -3.073685e+00 -1.250000e+01
    endloop
  endfacet
  facet normal  -0.000000e+00  0.000000e+00 -1.000000e+00
    outer loop
      vertex -2.700000e+01  3.306437e-15 -1.250000e+01
      vertex -2.531408e+01 -3.073685e+00 -1.250000e+01
      vertex -2.621543e+01 -6.461523e+00 -1.250000e+01
    endloop
  endfacet
  facet normal  0.000000e+00  0.000000e+00 -1.000000e+00
    outer loop
      vertex -2.621543e+01 -6.461523e+00 -1.250000e+01
      vertex -2.531408e+01 -3.073685e+00 -1.250000e+01
      vertex -2.384291e+01 -9.042424e+00 -1.250000e+01
    endloop
  endfacet
  facet normal  -0.000000e+00  0.000000e+00 -1.000000e+00
    outer loop
      vertex -2.621543e+01 -6.461523e+00 -1.250000e+01
      vertex -2.384291e+01 -9.042424e+00 -1.250000e+01
      vertex -2.390731e+01 -1.254753e+01 -1.250000e+01
    endloop
  endfacet
  facet normal  0.000000e+00  0.000000e+00 -1.000000e+00
    outer loop
      vertex -2.390731e+01 -1.254753e+01 -1.250000e+01
      vertex -2.384291e+01 -9.042424e+00 -1.250000e+01
      vertex -2.098609e+01 -1.448565e+01 -1.250000e+01
    endloop
  endfacet
  facet normal  -0.000000e+00  -0.000000e+00 -1.000000e+00
    outer loop
      vertex -2.390731e+01 -1.254753e+01 -1.250000e+01
      vertex -2.098609e+01 -1.448565e+01 -1.250000e+01
      vertex -2.020979e+01 -1.790431e+01 -1.250000e+01
    endloop
  endfacet
  facet normal  0.000000e+00  0.000000e+00 -1.000000e+00
    outer loop
      vertex -2.020979e+01 -1.790431e+01 -1.250000e+01
      vertex -2.098609e+01 -1.448565e+01 -1.250000e+01
      vertex -1.690963e+01 -1.908702e+01 -1.250000e+01
    endloop
  endfacet
  facet normal  -0.000000e+00  -0.000000e+00 -1.000000e+00
    outer loop
      vertex -2.020979e+01 -1.790431e+01 -1.250000e+01
      vertex -1.690963e+01 -1.908702e+01 -1.250000e+01
      vertex -1.533775e+01 -2.222056e+01 -1.250000e+01
    endloop
  endfacet
  facet normal  0.000000e+00  0.000000e+00 -1.000000e+00
    outer loop
      vertex -1.533775e+01 -2.222056e+01 -1.250000e+01
      vertex -1.690963e+01 -1.908702e+01 -1.250000e+01
      vertex -1.185044e+01 -2.257913e+01 -1.250000e+01
    endloop
  endfacet
  facet normal  -0.000000e+00  -0.000000e+00 -1.000000e+00
    outer loop
      vertex -1.533775e+01 -2.222056e+01 -1.250000e+01
      vertex -1.185044e+01 -2.257913e+01 -1.250000e+01
      vertex -9.574332e+00 -2.524544e+01 -1.250000e+01
    endloop
  endfacet
  facet normal  0.000000e+00  0.000000e+00 -1.000000e+00
    outer loop
      vertex -9.574332e+00 -2.524544e+01 -1.250000e+01
      vertex -1.185044e+01 -2.257913e+01 -1.250000e+01
      vertex -6.102550e+00 -2.475902e+01 -1.250000e+01
    endloop
  endfacet
  facet normal  0.000000e+00  -0.000000e+00 -1.000000e+00
    outer loop
      vertex -9.574332e+00 -2.524544e+01 -1.250000e+01
      vertex -6.102550e+00 -2.475902e+01 -1.250000e+01
      vertex -3.254490e+00 -2.680314e+01 -1.250000e+01
    endloop
  endfacet
  facet normal  0.000000e+00  0.000000e+00 -1.000000e+00
    outer loop
      vertex  2.621543e+01  6.461523e+00 -1.250000e+01
      vertex  2.700000e+01 -6.612874e-15 -1.250000e+01
      vertex  2.531408e+01  3.073685e+00 -1.250000e+01
    endloop
  endfacet
  facet normal  0.000000e+00  0.000000e+00 -1.000000e+00
    outer loop
      vertex  2.531408e+01  3.073685e+00 -1.250000e+01
      vertex  2.700000e+01 -6.612874e-15 -1.250000e+01
      vertex  2.621543e+01 -6.461523e+00 -1.250000e+01
    endloop
  endfacet
  facet normal  0.000000e+00  0.000000e+00 -1.000000e+00
    outer loop
      vertex  2.531408e+01  3.073685e+00 -1.250000e+01
      vertex  2.621543e+01 -6.461523e+00 -1.250000e+01
      vertex  2.531408e+01 -3.073685e+00 -1.250000e+01
    endloop
  endfacet
  facet normal  0.000000e+00  -0.000000e+00 -1.000000e+00
    outer loop
      vertex  2.531408e+01 -3.073685e+00 -1.250000e+01
      vertex  2.621543e+01 -6.461523e+00 -1.250000e+01
      vertex  2.390731e+01 -1.254753e+01 -1.250000e+01
    endloop
  endfacet
  facet normal  0.000000e+00  0.000000e+00 -1.000000e+00
    outer loop
      vertex  2.531408e+01 -3.073685e+00 -1.250000e+01
      vertex  2.390731e+01 -1.254753e+01 -1.250000e+01
      vertex  2.384291e+01 -9.042424e+00 -1.250000e+01
    endloop
  endfacet
  facet normal  0.000000e+00  -0.000000e+00 -1.000000e+00
    outer loop
      vertex  2.384291e+01 -9.042424e+00 -1.250000e+01
      vertex  2.390731e+01 -1.254753e+01 -1.250000e+01
      vertex  2.020979e+01 -1.790431e+01 -1.250000e+01
    endloop
  endfacet
  facet normal  0.000000e+00  0.000000e+00 -9.999999e-01
    outer loop
      vertex  2.384291e+01 -9.042424e+00 -1.250000e+01
      vertex  2.020979e+01 -1.790431e+01 -1.250000e+01
      vertex  2.098609e+01 -1.448565e+01 -1.250000e+01
    endloop
  endfacet
  facet normal  0.000000e+00  0.000000e+00 -1.000000e+00
    outer loop
      vertex  2.098609e+01 -1.448565e+01 -1.250000e+01
      vertex  2.020979e+01 -1.790431e+01 -1.250000e+01
      vertex  1.533775e+01 -2.222056e+01 -1.250000e+01
    endloop
  endfacet
  facet normal  0.000000e+00  0.000000e+00 -9.999999e-01
    outer loop
      vertex  2.098609e+01 -1.448565e+01 -1.250000e+01
      vertex  1.533775e+01 -2.222056e+01 -1.250000e+01
      vertex  1.690963e+01 -1.908702e+01 -1.250000e+01
    endloop
  endfacet
  facet normal  0.000000e+00  0.000000e+00 -1.000000e+00
    outer loop
      vertex  1.690963e+01 -1.908702e+01 -1.250000e+01
      vertex  1.533775e+01 -2.222056e+01 -1.250000e+01
      vertex  9.574332e+00 -2.524544e+01 -1.250000e+01
    endloop
  endfacet
  facet normal  0.000000e+00  0.000000e+00 -1.000000e+00
    outer loop
      vertex  1.690963e+01 -1.908702e+01 -1.250000e+01
      vertex  9.574332e+00 -2.524544e+01 -1.250000e+01
      vertex  1.185044e+01 -2.257913e+01 -1.250000e+01
    endloop
  endfacet
  facet normal  0.000000e+00  0.000000e+00 -1.000000e+00
    outer loop
      vertex  1.185044e+01 -2.257913e+01 -1.250000e+01
      vertex  9.574332e+00 -2.524544e+01 -1.250000e+01
      vertex  3.254490e+00 -2.680314e+01 -1.250000e+01
    endloop
  endfacet
  facet normal  0.000000e+00  0.000000e+00 -1.000000e+00
    outer loop
      vertex  1.185044e+01 -2.257913e+01 -1.250000e+01
      vertex  3.254490e+00 -2.680314e+01 -1.250000e+01
      vertex  6.102550e+00 -2.475902e+01 -1.250000e+01
    endloop
  endfacet
  facet normal  0.000000e+00  0.000000e+00 -1.000000e+00
    outer loop
      vertex  6.102550e+00 -2.475902e+01 -1.250000e+01
      vertex  3.254490e+00 -2.680314e+01 -1.250000e+01
      vertex -3.254490e+00 -2.680314e+01 -1.250000e+01
    endloop
  endfacet
  facet normal  0.000000e+00  0.000000e+00 -9.999999e-01
    outer loop
      vertex  6.102550e+00 -2.475902e+01 -1.250000e+01
      vertex -3.254490e+00 -2.680314e+01 -1.250000e+01
      vertex  0.000000e+00 -2.550000e+01 -1.250000e+01
    endloop
  endfacet
  facet normal  0.000000e+00  -0.000000e+00 -1.000000e+00
    outer loop
      vertex -6.102550e+00  2.475902e+01 -1.250000e+01
      vertex -3.254490e+00  2.680314e+01 -1.250000e+01
      vertex  1.444702e-14  2.550000e+01 -1.250000e+01
    endloop
  endfacet
  facet normal  0.000000e+00  0.000000e+00 -1.000000e+00
    outer loop
      vertex  1.444702e-14  2.550000e+01 -1.250000e+01
      vertex -3.254490e+00  2.680314e+01 -1.250000e+01
      vertex  3.254490e+00  2.680314e+01 -1.250000e+01
    endloop
  endfacet
  facet normal  0.000000e+00  -0.000000e+00 -1.000000e+00
    outer loop
      vertex  1.444702e-14  2.550000e+01 -1.250000e+01
      vertex  3.254490e+00  2.680314e+01 -1.250000e+01
      vertex  6.102550e+00  2.475902e+01 -1.250000e+01
    endloop
  endfacet
  facet normal  0.000000e+00  0.000000e+00 -1.000000e+00
    outer loop
      vertex  6.102550e+00  2.475902e+01 -1.250000e+01
      vertex  3.254490e+00  2.680314e+01 -1.250000e+01
      vertex  9.574332e+00  2.524544e+01 -1.250000e+01
    endloop
  endfacet
  facet normal  0.000000e+00  -0.000000e+00 -1.000000e+00
    outer loop
      vertex  6.102550e+00  2.475902e+01 -1.250000e+01
      vertex  9.574332e+00  2.524544e+01 -1.250000e+01
      vertex  1.185044e+01  2.257913e+01 -1.250000e+01
    endloop
  endfacet
  facet normal  0.000000e+00  0.000000e+00 -1.000000e+00
    outer loop
      vertex  1.185044e+01  2.257913e+01 -1.250000e+01
      vertex  9.574332e+00  2.524544e+01 -1.250000e+01
      vertex  1.533775e+01  2.222056e+01 -1.250000e+01
    endloop
  endfacet
  facet normal  -0.000000e+00  -0.000000e+00 -1.000000e+00
    outer loop
      vertex  1.185044e+01  2.257913e+01 -1.250000e+01
      vertex  1.533775e+01  2.222056e+01 -1.250000e+01
      vertex  1.690963e+01  1.908702e+01 -1.250000e+01
    endloop
  endfacet
  facet normal  0.000000e+00  0.000000e+00 -1.000000e+00
    outer loop
      vertex  1.690963e+01  1.908702e+01 -1.250000e+01
      vertex  1.533775e+01  2.222056e+01 -1.250000e+01
      vertex  2.020979e+01  1.790431e+01 -1.250000e+01
    endloop
  endfacet
  facet normal  -0.000000e+00  -0.000000e+00 -1.000000e+00
    outer loop
      vertex  1.690963e+01  1.908702e+01 -1.250000e+01
      vertex  2.020979e+01  1.790431e+01 -1.250000e+01
      vertex  2.098609e+01  1.448565e+01 -1.250000e+01
    endloop
  endfacet
  facet normal  0.000000e+00  0.000000e+00 -1.000000e+00
    outer loop
      vertex  2.098609e+01  1.448565e+01 -1.250000e+01
      vertex  2.020979e+01  1.790431e+01 -1.250000e+01
      vertex  2.390731e+01  1.254753e+01 -1.250000e+01
    endloop
  endfacet
  facet normal  -0.000000e+00  0.000000e+00 -1.000000e+00
    outer loop
      vertex  2.098609e+01  1.448565e+01 -1.250000e+01
      vertex  2.390731e+01  1.254753e+01 -1.250000e+01
      vertex  2.384291e+01  9.042424e+00 -1.250000e+01
    endloop
  endfacet
  facet normal  0.000000e+00  0.000000e+00 -1.000000e+00
    outer loop
      vertex  2.384291e+01  9.042424e+00 -1.250000e+01
      vertex  2.390731e+01  1.254753e+01 -1.250000e+01
      vertex  2.621543e+01  6.461523e+00 -1.250000e+01
    endloop
  endfacet
  facet normal  -0.000000e+00  0.000000e+00 -1.000000e+00
    outer loop
      vertex  2.384291e+01  9.042424e+00 -1.250000e+01
      vertex  2.621543e+01  6.461523e+00 -1.250000e+01
      vertex  2.531408e+01  3.073685e+00 -1.250000e+01
    endloop
  endfacet
  facet normal  0.000000e+00  0.000000e+00 -1.000000e+00
    outer loop
      vertex -1.690963e+01  1.908702e+01 -1.250000e+01
      vertex -9.574332e+00  2.524544e+01 -1.250000e+01
      vertex -1.185044e+01  2.257913e+01 -1.250000e+01
    endloop
  endfacet
  facet normal  0.000000e+00  0.000000e+00 -1.000000e+00
    outer loop
      vertex -1.185044e+01  2.257913e+01 -1.250000e+01
      vertex -9.574332e+00  2.524544e+01 -1.250000e+01
      vertex -3.254490e+00  2.680314e+01 -1.250000e+01
    endloop
  endfacet
  facet normal  0.000000e+00  0.000000e+00 -1.000000e+00
    outer loop
      vertex -1.185044e+01  2.257913e+01 -1.250000e+01
      vertex -3.254490e+00  2.680314e+01 -1.250000e+01
      vertex -6.102550e+00  2.475902e+01 -1.250000e+01
    endloop
  endfacet
  facet normal  0.000000e+00  0.000000e+00 -1.000000e+00
    outer loop
      vertex -9.574332e+00  2.524544e+01 -1.250000e+01
      vertex -1.690963e+01  1.908702e+01 -1.250000e+01
      vertex -1.533775e+01  2.222056e+01 -1.250000e+01
    endloop
  endfacet
  facet normal  0.000000e+00  0.000000e+00 -9.999999e-01
    outer loop
      vertex -1.533775e+01  2.222056e+01 -1.250000e+01
      vertex -1.690963e+01  1.908702e+01 -1.250000e+01
      vertex -2.098609e+01  1.448565e+01 -1.250000e+01
    endloop
  endfacet
  facet normal  0.000000e+00  0.000000e+00 -1.000000e+00
    outer loop
      vertex -1.533775e+01  2.222056e+01 -1.250000e+01
      vertex -2.098609e+01  1.448565e+01 -1.250000e+01
      vertex -2.020979e+01  1.790431e+01 -1.250000e+01
    endloop
  endfacet
  facet normal  0.000000e+00  0.000000e+00 -9.999999e-01
    outer loop
      vertex -2.020979e+01  1.790431e+01 -1.250000e+01
      vertex -2.098609e+01  1.448565e+01 -1.250000e+01
      vertex -2.384291e+01  9.042424e+00 -1.250000e+01
    endloop
  endfacet
  facet normal  0.000000e+00  0.000000e+00 -1.000000e+00
    outer loop
      vertex -2.020979e+01  1.790431e+01 -1.250000e+01
      vertex -2.384291e+01  9.042424e+00 -1.250000e+01
      vertex -2.390731e+01  1.254753e+01 -1.250000e+01
    endloop
  endfacet
  facet normal  0.000000e+00  -0.000000e+00 -1.000000e+00
    outer loop
      vertex -2.390731e+01  1.254753e+01 -1.250000e+01
      vertex -2.384291e+01  9.042424e+00 -1.250000e+01
      vertex -2.531408e+01  3.073685e+00 -1.250000e+01
    endloop
  endfacet
  facet normal  0.000000e+00  0.000000e+00 -1.000000e+00
    outer loop
      vertex -2.390731e+01  1.254753e+01 -1.250000e+01
      vertex -2.531408e+01  3.073685e+00 -1.250000e+01
      vertex -2.621543e+01  6.461523e+00 -1.250000e+01
    endloop
  endfacet
  facet normal  3.545989e-01  9.350005e-01  5.809766e-03
    outer loop
      vertex -1.185044e+01 -2.257913e+01 -1.250000e+01
      vertex -1.163265e+01 -2.269209e+01 -7.613880e+00
      vertex -6.102550e+00 -2.475902e+01 -1.250000e+01
    endloop
  endfacet
  facet normal  5.604715e-01  8.281531e-01 -5.836666e-03
    outer loop
      vertex -1.674204e+01 -1.923419e+01 -7.613880e+00
      vertex -1.163265e+01 -2.269209e+01 -7.613880e+00
      vertex -1.185044e+01 -2.257913e+01 -1.250000e+01
    endloop
  endfacet
  facet normal  3.451773e-01  9.385160e-01 -6.340745e-03
    outer loop
      vertex -1.163265e+01 -2.269209e+01 -7.613880e+00
      vertex -5.842352e+00 -2.482170e+01 -7.613880e+00
      vertex -6.102550e+00 -2.475902e+01 -1.250000e+01
    endloop
  endfacet
  facet normal  1.153228e-01  9.933061e-01  6.602492e-03
    outer loop
      vertex -6.102550e+00 -2.475902e+01 -1.250000e+01
      vertex -5.842352e+00 -2.482170e+01 -7.613880e+00
      vertex  0.000000e+00 -2.550000e+01 -7.613880e+00
    endloop
  endfacet
  facet normal  1.205367e-01  9.927089e-01  0.000000e+00
    outer loop
      vertex -6.102550e+00 -2.475902e+01 -1.250000e+01
      vertex  0.000000e+00 -2.550000e+01 -7.613880e+00
      vertex  0.000000e+00 -2.550000e+01 -1.250000e+01
    endloop
  endfacet
  facet normal  5.680566e-01  8.229723e-01  5.303674e-03
    outer loop
      vertex -1.185044e+01 -2.257913e+01 -1.250000e+01
      vertex -1.690963e+01 -1.908702e+01 -1.250000e+01
      vertex -1.674204e+01 -1.923419e+01 -7.613880e+00
    endloop
  endfacet
  facet normal  7.484987e-01  6.631117e-01 -5.700224e-03
    outer loop
      vertex -1.674204e+01 -1.923419e+01 -7.613880e+00
      vertex -1.690963e+01 -1.908702e+01 -1.250000e+01
      vertex -2.098609e+01 -1.448565e+01 -1.250000e+01
    endloop
  endfacet
  facet normal  7.429666e-01  6.693090e-01  5.127666e-03
    outer loop
      vertex -1.674204e+01 -1.923419e+01 -7.613880e+00
      vertex -2.098609e+01 -1.448565e+01 -1.250000e+01
      vertex -2.087140e+01 -1.465039e+01 -7.613880e+00
    endloop
  endfacet
  facet normal  8.854444e-01  4.647172e-01 -5.114634e-03
    outer loop
      vertex -2.087140e+01 -1.465039e+01 -7.613880e+00
      vertex -2.098609e+01 -1.448565e+01 -1.250000e+01
      vertex -2.384291e+01 -9.042424e+00 -1.250000e+01
    endloop
  endfacet
  facet normal  8.819666e-01  4.712900e-01  4.544187e-03
    outer loop
      vertex -2.087140e+01 -1.465039e+01 -7.613880e+00
      vertex -2.384291e+01 -9.042424e+00 -1.250000e+01
      vertex -2.377906e+01 -9.209036e+00 -7.613880e+00
    endloop
  endfacet
  facet normal  9.709319e-01  2.393131e-01 -4.528665e-03
    outer loop
      vertex -2.377906e+01 -9.209036e+00 -7.613880e+00
      vertex -2.384291e+01 -9.042424e+00 -1.250000e+01
      vertex -2.531408e+01 -3.073685e+00 -1.250000e+01
    endloop
  endfacet
  facet normal  9.693440e-01  2.456761e-01  3.960046e-03
    outer loop
      vertex -2.377906e+01 -9.209036e+00 -7.613880e+00
      vertex -2.531408e+01 -3.073685e+00 -1.250000e+01
      vertex -2.529477e+01 -3.228612e+00 -7.613880e+00
    endloop
  endfacet
  facet normal  9.999922e-01  0.000000e+00 -3.950809e-03
    outer loop
      vertex -2.529477e+01 -3.228612e+00 -7.613880e+00
      vertex -2.531408e+01 -3.073685e+00 -1.250000e+01
      vertex -2.531408e+01  3.073685e+00 -1.250000e+01
    endloop
  endfacet
  facet normal  9.999781e-01  5.687223e-03  3.384838e-03
    outer loop
      vertex -2.529477e+01 -3.228612e+00 -7.613880e+00
      vertex -2.531408e+01  3.073685e+00 -1.250000e+01
      vertex -2.532986e+01  2.940798e+00 -7.613880e+00
    endloop
  endfacet
  facet normal  9.709364e-01 -2.393142e-01 -3.372277e-03
    outer loop
      vertex -2.532986e+01  2.940798e+00 -7.613880e+00
      vertex -2.531408e+01  3.073685e+00 -1.250000e+01
      vertex -2.384291e+01  9.042424e+00 -1.250000e+01
    endloop
  endfacet
  facet normal  9.720775e-01 -2.346433e-01  2.807855e-03
    outer loop
      vertex -2.532986e+01  2.940798e+00 -7.613880e+00
      vertex -2.384291e+01  9.042424e+00 -1.250000e+01
      vertex -2.388222e+01  8.938063e+00 -7.613880e+00
    endloop
  endfacet
  facet normal  8.854525e-01 -4.647215e-01 -2.803159e-03
    outer loop
      vertex -2.388222e+01  8.938063e+00 -7.613880e+00
      vertex -2.384291e+01  9.042424e+00 -1.250000e+01
      vertex -2.098609e+01  1.448565e+01 -1.250000e+01
    endloop
  endfacet
  facet normal  8.872770e-01 -4.612315e-01  2.240786e-03
    outer loop
      vertex -2.388222e+01  8.938063e+00 -7.613880e+00
      vertex -2.098609e+01  1.448565e+01 -1.250000e+01
      vertex -2.103664e+01  1.441214e+01 -7.613880e+00
    endloop
  endfacet
  facet normal  7.485090e-01 -6.631209e-01 -2.232287e-03
    outer loop
      vertex -2.103664e+01  1.441214e+01 -7.613880e+00
      vertex -2.098609e+01  1.448565e+01 -1.250000e+01
      vertex -1.690963e+01  1.908702e+01 -1.250000e+01
    endloop
  endfacet
  facet normal  7.505348e-01 -6.608288e-01  1.671774e-03
    outer loop
      vertex -2.103664e+01  1.441214e+01 -7.613880e+00
      vertex -1.690963e+01  1.908702e+01 -1.250000e+01
      vertex -1.695964e+01  1.904258e+01 -7.613880e+00
    endloop
  endfacet
  facet normal  5.680639e-01 -8.229827e-01 -1.671058e-03
    outer loop
      vertex -1.695964e+01  1.904258e+01 -7.613880e+00
      vertex -1.690963e+01  1.908702e+01 -1.250000e+01
      vertex -1.185044e+01  2.257913e+01 -1.250000e+01
    endloop
  endfacet
  facet normal  5.698643e-01 -8.217381e-01  1.112486e-03
    outer loop
      vertex -1.695964e+01  1.904258e+01 -7.613880e+00
      vertex -1.185044e+01  2.257913e+01 -1.250000e+01
      vertex -1.188992e+01  2.255836e+01 -7.613880e+00
    endloop
  endfacet
  facet normal  3.546047e-01 -9.350156e-01 -1.108154e-03
    outer loop
      vertex -1.188992e+01  2.255836e+01 -7.613880e+00
      vertex -1.185044e+01  2.257913e+01 -1.250000e+01
      vertex -6.102550e+00  2.475902e+01 -1.250000e+01
    endloop
  endfacet
  facet normal  3.558291e-01 -9.345509e-01  5.515169e-04
    outer loop
      vertex -1.188992e+01  2.255836e+01 -7.613880e+00
      vertex -6.102550e+00  2.475902e+01 -1.250000e+01
      vertex -6.124199e+00  2.475366e+01 -7.613880e+00
    endloop
  endfacet
  facet normal  1.205367e-01 -9.927086e-01 -5.548309e-04
    outer loop
      vertex -6.124199e+00  2.475366e+01 -7.613880e+00
      vertex -6.102550e+00  2.475902e+01 -1.250000e+01
      vertex  1.444702e-14  2.550000e+01 -1.250000e+01
    endloop
  endfacet
  facet normal  1.209729e-01 -9.926558e-01  2.803718e-16
    outer loop
      vertex -6.124199e+00  2.475366e+01 -7.613880e+00
      vertex  1.444702e-14  2.550000e+01 -1.250000e+01
      vertex  3.122746e-15  2.550000e+01 -7.613880e+00
    endloop
  endfacet
  facet normal  -0.000000e+00  0.000000e+00  1.000000e+00
    outer loop
      vertex  2.700000e+01  0.000000e+00 -7.613880e+00
      vertex  2.531408e+01 -3.073685e+00 -7.613880e+00
      vertex  2.624225e+01 -6.351735e+00 -7.613880e+00
    endloop
  endfacet
  facet normal  0.000000e+00  0.000000e+00  1.000000e+00
    outer loop
      vertex  2.624225e+01 -6.351735e+00 -7.613880e+00
      vertex  2.531408e+01 -3.073685e+00 -7.613880e+00
      vertex  2.384291e+01 -9.042424e+00 -7.613880e+00
    endloop
  endfacet
  facet normal  -0.000000e+00  0.000000e+00  1.000000e+00
    outer loop
      vertex  2.624225e+01 -6.351735e+00 -7.613880e+00
      vertex  2.384291e+01 -9.042424e+00 -7.613880e+00
      vertex  2.419707e+01 -1.197923e+01 -7.613880e+00
    endloop
  endfacet
  facet normal  0.000000e+00  0.000000e+00  1.000000e+00
    outer loop
      vertex  2.419707e+01 -1.197923e+01 -7.613880e+00
      vertex  2.384291e+01 -9.042424e+00 -7.613880e+00
      vertex  2.098609e+01 -1.448565e+01 -7.613880e+00
    endloop
  endfacet
  facet normal  -0.000000e+00  0.000000e+00  1.000000e+00
    outer loop
      vertex  2.419707e+01 -1.197923e+01 -7.613880e+00
      vertex  2.098609e+01 -1.448565e+01 -7.613880e+00
      vertex  2.096190e+01 -1.701760e+01 -7.613880e+00
    endloop
  endfacet
  facet normal  0.000000e+00  -0.000000e+00  1.000000e+00
    outer loop
      vertex  2.096190e+01 -1.701760e+01 -7.613880e+00
      vertex  2.098609e+01 -1.448565e+01 -7.613880e+00
      vertex  1.690963e+01 -1.908702e+01 -7.613880e+00
    endloop
  endfacet
  facet normal  -0.000000e+00  0.000000e+00  1.000000e+00
    outer loop
      vertex  2.096190e+01 -1.701760e+01 -7.613880e+00
      vertex  1.690963e+01 -1.908702e+01 -7.613880e+00
      vertex  1.669586e+01 -2.121906e+01 -7.613880e+00
    endloop
  endfacet
  facet normal  0.000000e+00  -0.000000e+00  1.000000e+00
    outer loop
      vertex  1.669586e+01 -2.121906e+01 -7.613880e+00
      vertex  1.690963e+01 -1.908702e+01 -7.613880e+00
      vertex  1.185044e+01 -2.257913e+01 -7.613880e+00
    endloop
  endfacet
  facet normal  -0.000000e+00  0.000000e+00  1.000000e+00
    outer loop
      vertex  1.669586e+01 -2.121906e+01 -7.613880e+00
      vertex  1.185044e+01 -2.257913e+01 -7.613880e+00
      vertex  1.160872e+01 -2.437699e+01 -7.613880e+00
    endloop
  endfacet
  facet normal  0.000000e+00  -0.000000e+00  1.000000e+00
    outer loop
      vertex  1.160872e+01 -2.437699e+01 -7.613880e+00
      vertex  1.185044e+01 -2.257913e+01 -7.613880e+00
      vertex  6.102550e+00 -2.475902e+01 -7.613880e+00
    endloop
  endfacet
  facet normal  -0.000000e+00  0.000000e+00  1.000000e+00
    outer loop
      vertex  1.160872e+01 -2.437699e+01 -7.613880e+00
      vertex  6.102550e+00 -2.475902e+01 -7.613880e+00
      vertex  5.950686e+00 -2.633608e+01 -7.613880e+00
    endloop
  endfacet
  facet normal  0.000000e+00  -0.000000e+00  1.000000e+00
    outer loop
      vertex  5.950686e+00 -2.633608e+01 -7.613880e+00
      vertex  6.102550e+00 -2.475902e+01 -7.613880e+00
      vertex  0.000000e+00 -2.550000e+01 -7.613880e+00
    endloop
  endfacet
  facet normal  0.000000e+00  0.000000e+00  1.000000e+00
    outer loop
      vertex  5.950686e+00 -2.633608e+01 -7.613880e+00
      vertex  0.000000e+00 -2.550000e+01 -7.613880e+00
      vertex -4.959656e-15 -2.700000e+01 -7.613880e+00
    endloop
  endfacet
  facet normal  0.000000e+00  -0.000000e+00  1.000000e+00
    outer loop
      vertex -4.959656e-15 -2.700000e+01 -7.613880e+00
      vertex  0.000000e+00 -2.550000e+01 -7.613880e+00
      vertex -5.842352e+00 -2.482170e+01 -7.613880e+00
    endloop
  endfacet
  facet normal  0.000000e+00  0.000000e+00  1.000000e+00
    outer loop
      vertex -4.959656e-15 -2.700000e+01 -7.613880e+00
      vertex -5.842352e+00 -2.482170e+01 -7.613880e+00
      vertex -6.008065e+00 -2.632305e+01 -7.613880e+00
    endloop
  endfacet
  facet normal  0.000000e+00  -0.000000e+00  9.999999e-01
    outer loop
      vertex -6.008065e+00 -2.632305e+01 -7.613880e+00
      vertex -5.842352e+00 -2.482170e+01 -7.613880e+00
      vertex -1.163265e+01 -2.269209e+01 -7.613880e+00
    endloop
  endfacet
  facet normal  0.000000e+00  0.000000e+00  1.000000e+00
    outer loop
      vertex -6.008065e+00 -2.632305e+01 -7.613880e+00
      vertex -1.163265e+01 -2.269209e+01 -7.613880e+00
      vertex -1.171486e+01 -2.432616e+01 -7.613880e+00
    endloop
  endfacet
  facet normal  0.000000e+00  -0.000000e+00  1.000000e+00
    outer loop
      vertex -1.171486e+01 -2.432616e+01 -7.613880e+00
      vertex -1.163265e+01 -2.269209e+01 -7.613880e+00
      vertex -1.674204e+01 -1.923419e+01 -7.613880e+00
    endloop
  endfacet
  facet normal  0.000000e+00  0.000000e+00  1.000000e+00
    outer loop
      vertex -1.171486e+01 -2.432616e+01 -7.613880e+00
      vertex -1.674204e+01 -1.923419e+01 -7.613880e+00
      vertex -1.683422e+01 -2.110945e+01 -7.613880e+00
    endloop
  endfacet
  facet normal  0.000000e+00  -0.000000e+00  1.000000e+00
    outer loop
      vertex -1.683422e+01 -2.110945e+01 -7.613880e+00
      vertex -1.674204e+01 -1.923419e+01 -7.613880e+00
      vertex -2.087140e+01 -1.465039e+01 -7.613880e+00
    endloop
  endfacet
  facet normal  0.000000e+00  0.000000e+00  9.999999e-01
    outer loop
      vertex -1.683422e+01 -2.110945e+01 -7.613880e+00
      vertex -2.087140e+01 -1.465039e+01 -7.613880e+00
      vertex -2.110945e+01 -1.683422e+01 -7.613880e+00
    endloop
  endfacet
  facet normal  0.000000e+00  -0.000000e+00  1.000000e+00
    outer loop
      vertex -2.110945e+01 -1.683422e+01 -7.613880e+00
      vertex -2.087140e+01 -1.465039e+01 -7.613880e+00
      vertex -2.377906e+01 -9.209036e+00 -7.613880e+00
    endloop
  endfacet
  facet normal  0.000000e+00  0.000000e+00  1.000000e+00
    outer loop
      vertex -2.110945e+01 -1.683422e+01 -7.613880e+00
      vertex -2.377906e+01 -9.209036e+00 -7.613880e+00
      vertex -2.432616e+01 -1.171486e+01 -7.613880e+00
    endloop
  endfacet
  facet normal  0.000000e+00  -0.000000e+00  1.000000e+00
    outer loop
      vertex -2.432616e+01 -1.171486e+01 -7.613880e+00
      vertex -2.377906e+01 -9.209036e+00 -7.613880e+00
      vertex -2.529477e+01 -3.228612e+00 -7.613880e+00
    endloop
  endfacet
  facet normal  0.000000e+00  0.000000e+00  1.000000e+00
    outer loop
      vertex -2.432616e+01 -1.171486e+01 -7.613880e+00
      vertex -2.529477e+01 -3.228612e+00 -7.613880e+00
      vertex -2.632305e+01 -6.008065e+00 -7.613880e+00
    endloop
  endfacet
  facet normal  0.000000e+00  0.000000e+00  1.000000e+00
    outer loop
      vertex -2.632305e+01 -6.008065e+00 -7.613880e+00
      vertex -2.529477e+01 -3.228612e+00 -7.613880e+00
      vertex -2.532986e+01  2.940798e+00 -7.613880e+00
    endloop
  endfacet
  facet normal  0.000000e+00  0.000000e+00  1.000000e+00
    outer loop
      vertex -2.632305e+01 -6.008065e+00 -7.613880e+00
      vertex -2.532986e+01  2.940798e+00 -7.613880e+00
      vertex -2.700000e+01  3.306437e-15 -7.613880e+00
    endloop
  endfacet
  facet normal  0.000000e+00  0.000000e+00  1.000000e+00
    outer loop
      vertex -6.124199e+00  2.475366e+01 -7.613880e+00
      vertex  3.122746e-15  2.550000e+01 -7.613880e+00
      vertex -3.254490e+00  2.680314e+01 -7.613880e+00
    endloop
  endfacet
  facet normal  0.000000e+00  0.000000e+00  9.999999e-01
    outer loop
      vertex -3.254490e+00  2.680314e+01 -7.613880e+00
      vertex  3.122746e-15  2.550000e+01 -7.613880e+00
      vertex  6.102550e+00  2.475902e+01 -7.613880e+00
    endloop
  endfacet
  facet normal  0.000000e+00  0.000000e+00  1.000000e+00
    outer loop
      vertex -3.254490e+00  2.680314e+01 -7.613880e+00
      vertex  6.102550e+00  2.475902e+01 -7.613880e+00
      vertex  3.254490e+00  2.680314e+01 -7.613880e+00
    endloop
  endfacet
  facet normal  0.000000e+00  0.000000e+00  1.000000e+00
    outer loop
      vertex  3.254490e+00  2.680314e+01 -7.613880e+00
      vertex  6.102550e+00  2.475902e+01 -7.613880e+00
      vertex  1.185044e+01  2.257913e+01 -7.613880e+00
    endloop
  endfacet
  facet normal  0.000000e+00  0.000000e+00  1.000000e+00
    outer loop
      vertex  3.254490e+00  2.680314e+01 -7.613880e+00
      vertex  1.185044e+01  2.257913e+01 -7.613880e+00
      vertex  9.574332e+00  2.524544e+01 -7.613880e+00
    endloop
  endfacet
  facet normal  0.000000e+00  0.000000e+00  1.000000e+00
    outer loop
      vertex  9.574332e+00  2.524544e+01 -7.613880e+00
      vertex  1.185044e+01  2.257913e+01 -7.613880e+00
      vertex  1.690963e+01  1.908702e+01 -7.613880e+00
    endloop
  endfacet
  facet normal  0.000000e+00  0.000000e+00  1.000000e+00
    outer loop
      vertex  9.574332e+00  2.524544e+01 -7.613880e+00
      vertex  1.690963e+01  1.908702e+01 -7.613880e+00
      vertex  1.533775e+01  2.222056e+01 -7.613880e+00
    endloop
  endfacet
  facet normal  0.000000e+00  0.000000e+00  9.999999e-01
    outer loop
      vertex  1.533775e+01  2.222056e+01 -7.613880e+00
      vertex  1.690963e+01  1.908702e+01 -7.613880e+00
      vertex  2.098609e+01  1.448565e+01 -7.613880e+00
    endloop
  endfacet
  facet normal  0.000000e+00  0.000000e+00  1.000000e+00
    outer loop
      vertex  1.533775e+01  2.222056e+01 -7.613880e+00
      vertex  2.098609e+01  1.448565e+01 -7.613880e+00
      vertex  2.020979e+01  1.790431e+01 -7.613880e+00
    endloop
  endfacet
  facet normal  0.000000e+00  0.000000e+00  9.999999e-01
    outer loop
      vertex  2.020979e+01  1.790431e+01 -7.613880e+00
      vertex  2.098609e+01  1.448565e+01 -7.613880e+00
      vertex  2.384291e+01  9.042424e+00 -7.613880e+00
    endloop
  endfacet
  facet normal  0.000000e+00  -0.000000e+00  1.000000e+00
    outer loop
      vertex  2.020979e+01  1.790431e+01 -7.613880e+00
      vertex  2.384291e+01  9.042424e+00 -7.613880e+00
      vertex  2.390731e+01  1.254753e+01 -7.613880e+00
    endloop
  endfacet
  facet normal  0.000000e+00  0.000000e+00  1.000000e+00
    outer loop
      vertex  2.390731e+01  1.254753e+01 -7.613880e+00
      vertex  2.384291e+01  9.042424e+00 -7.613880e+00
      vertex  2.531408e+01  3.073685e+00 -7.613880e+00
    endloop
  endfacet
  facet normal  0.000000e+00  -0.000000e+00  1.000000e+00
    outer loop
      vertex  2.390731e+01  1.254753e+01 -7.613880e+00
      vertex  2.531408e+01  3.073685e+00 -7.613880e+00
      vertex  2.621543e+01  6.461523e+00 -7.613880e+00
    endloop
  endfacet
  facet normal  0.000000e+00  0.000000e+00  1.000000e+00
    outer loop
      vertex  2.621543e+01  6.461523e+00 -7.613880e+00
      vertex  2.531408e+01  3.073685e+00 -7.613880e+00
      vertex  2.531408e+01 -3.073685e+00 -7.613880e+00
    endloop
  endfacet
  facet normal  0.000000e+00  0.000000e+00  1.000000e+00
    outer loop
      vertex  2.621543e+01  6.461523e+00 -7.613880e+00
      vertex  2.531408e+01 -3.073685e+00 -7.613880e+00
      vertex  2.700000e+01  0.000000e+00 -7.613880e+00
    endloop
  endfacet
  facet normal  0.000000e+00  0.000000e+00  1.000000e+00
    outer loop
      vertex -2.700000e+01  3.306437e-15 -7.613880e+00
      vertex -2.532986e+01  2.940798e+00 -7.613880e+00
      vertex -2.621543e+01  6.461523e+00 -7.613880e+00
    endloop
  endfacet
  facet normal  -0.000000e+00  0.000000e+00  1.000000e+00
    outer loop
      vertex -2.621543e+01  6.461523e+00 -7.613880e+00
      vertex -2.532986e+01  2.940798e+00 -7.613880e+00
      vertex -2.388222e+01  8.938063e+00 -7.613880e+00
    endloop
  endfacet
  facet normal  0.000000e+00  0.000000e+00  1.000000e+00
    outer loop
      vertex -2.621543e+01  6.461523e+00 -7.613880e+00
      vertex -2.388222e+01  8.938063e+00 -7.613880e+00
      vertex -2.390731e+01  1.254753e+01 -7.613880e+00
    endloop
  endfacet
  facet normal  -0.000000e+00  0.000000e+00  1.000000e+00
    outer loop
      vertex -2.390731e+01  1.254753e+01 -7.613880e+00
      vertex -2.388222e+01  8.938063e+00 -7.613880e+00
      vertex -2.103664e+01  1.441214e+01 -7.613880e+00
    endloop
  endfacet
  facet normal  0.000000e+00  -0.000000e+00  1.000000e+00
    outer loop
      vertex -2.390731e+01  1.254753e+01 -7.613880e+00
      vertex -2.103664e+01  1.441214e+01 -7.613880e+00
      vertex -2.020979e+01  1.790431e+01 -7.613880e+00
    endloop
  endfacet
  facet normal  -0.000000e+00  0.000000e+00  9.999999e-01
    outer loop
      vertex -2.020979e+01  1.790431e+01 -7.613880e+00
      vertex -2.103664e+01  1.441214e+01 -7.613880e+00
      vertex -1.695964e+01  1.904258e+01 -7.613880e+00
    endloop
  endfacet
  facet normal  0.000000e+00  -0.000000e+00  1.000000e+00
    outer loop
      vertex -2.020979e+01  1.790431e+01 -7.613880e+00
      vertex -1.695964e+01  1.904258e+01 -7.613880e+00
      vertex -1.533775e+01  2.222056e+01 -7.613880e+00
    endloop
  endfacet
  facet normal  -0.000000e+00  0.000000e+00  1.000000e+00
    outer loop
      vertex -1.533775e+01  2.222056e+01 -7.613880e+00
      vertex -1.695964e+01  1.904258e+01 -7.613880e+00
      vertex -1.188992e+01  2.255836e+01 -7.613880e+00
    endloop
  endfacet
  facet normal  0.000000e+00  -0.000000e+00  1.000000e+00
    outer loop
      vertex -1.533775e+01  2.222056e+01 -7.613880e+00
      vertex -1.188992e+01  2.255836e+01 -7.613880e+00
      vertex -9.574332e+00  2.524544e+01 -7.613880e+00
    endloop
  endfacet
  facet normal  0.000000e+00  0.000000e+00  1.000000e+00
    outer loop
      vertex -9.574332e+00  2.524544e+01 -7.613880e+00
      vertex -1.188992e+01  2.255836e+01 -7.613880e+00
      vertex -6.124199e+00  2.475366e+01 -7.613880e+00
    endloop
  endfacet
  facet normal  0.000000e+00  -0.000000e+00  1.000000e+00
    outer loop
      vertex -9.574332e+00  2.524544e+01 -7.613880e+00
      vertex -6.124199e+00  2.475366e+01 -7.613880e+00
      vertex -3.254490e+00  2.680314e+01 -7.613880e+00
    endloop
  endfacet
  facet normal -9.709419e-01 -2.393155e-01  -0.000000e+00
    outer loop
      vertex  2.531408e+01  3.073685e+00 -1.250000e+01
      vertex  2.384291e+01  9.042424e+00 -7.613880e+00
      vertex  2.384291e+01  9.042424e+00 -1.250000e+01
    endloop
  endfacet
  facet normal -8.854559e-01 -4.647233e-01  0.000000e+00
    outer loop
      vertex  2.384291e+01  9.042424e+00 -1.250000e+01
      vertex  2.384291e+01  9.042424e+00 -7.613880e+00
      vertex  2.098609e+01  1.448565e+01 -7.613880e+00
    endloop
  endfacet
  facet normal -8.854559e-01 -4.647233e-01  -0.000000e+00
    outer loop
      vertex  2.384291e+01  9.042424e+00 -1.250000e+01
      vertex  2.098609e+01  1.448565e+01 -7.613880e+00
      vertex  2.098609e+01  1.448565e+01 -1.250000e+01
    endloop
  endfacet
  facet normal -7.485109e-01 -6.631225e-01  0.000000e+00
    outer loop
      vertex  2.098609e+01  1.448565e+01 -1.250000e+01
      vertex  2.098609e+01  1.448565e+01 -7.613880e+00
      vertex  1.690963e+01  1.908702e+01 -7.613880e+00
    endloop
  endfacet
  facet normal -7.485109e-01 -6.631225e-01  -0.000000e+00
    outer loop
      vertex  2.098609e+01  1.448565e+01 -1.250000e+01
      vertex  1.690963e+01  1.908702e+01 -7.613880e+00
      vertex  1.690963e+01  1.908702e+01 -1.250000e+01
    endloop
  endfacet
  facet normal -5.680646e-01 -8.229839e-01  0.000000e+00
    outer loop
      vertex  1.690963e+01  1.908702e+01 -1.250000e+01
      vertex  1.690963e+01  1.908702e+01 -7.613880e+00
      vertex  1.185044e+01  2.257913e+01 -7.613880e+00
    endloop
  endfacet
  facet normal -5.680646e-01 -8.229839e-01  -0.000000e+00
    outer loop
      vertex  1.690963e+01  1.908702e+01 -1.250000e+01
      vertex  1.185044e+01  2.257913e+01 -7.613880e+00
      vertex  1.185044e+01  2.257913e+01 -1.250000e+01
    endloop
  endfacet
  facet normal -3.546049e-01 -9.350162e-01  0.000000e+00
    outer loop
      vertex  1.185044e+01  2.257913e+01 -1.250000e+01
      vertex  1.185044e+01  2.257913e+01 -7.613880e+00
      vertex  6.102550e+00  2.475902e+01 -7.613880e+00
    endloop
  endfacet
  facet normal -3.546049e-01 -9.350162e-01  -0.000000e+00
    outer loop
      vertex  1.185044e+01  2.257913e+01 -1.250000e+01
      vertex  6.102550e+00  2.475902e+01 -7.613880e+00
      vertex  6.102550e+00  2.475902e+01 -1.250000e+01
    endloop
  endfacet
  facet normal -1.205367e-01 -9.927089e-01  0.000000e+00
    outer loop
      vertex  6.102550e+00  2.475902e+01 -1.250000e+01
      vertex  6.102550e+00  2.475902e+01 -7.613880e+00
      vertex  3.122746e-15  2.550000e+01 -7.613880e+00
    endloop
  endfacet
  facet normal -1.205367e-01 -9.927089e-01 -2.793609e-16
    outer loop
      vertex  6.102550e+00  2.475902e+01 -1.250000e+01
      vertex  3.122746e-15  2.550000e+01 -7.613880e+00
      vertex  1.444702e-14  2.550000e+01 -1.250000e+01
    endloop
  endfacet
  facet normal -9.709419e-01 -2.393155e-01  0.000000e+00
    outer loop
      vertex  2.384291e+01  9.042424e+00 -7.613880e+00
      vertex  2.531408e+01  3.073685e+00 -1.250000e+01
      vertex  2.531408e+01  3.073685e+00 -7.613880e+00
    endloop
  endfacet
  facet normal -1.000000e+00  0.000000e+00  -0.000000e+00
    outer loop
      vertex  2.531408e+01  3.073685e+00 -7.613880e+00
      vertex  2.531408e+01  3.073685e+00 -1.250000e+01
      vertex  2.531408e+01 -3.073685e+00 -1.250000e+01
    endloop
  endfacet
  facet normal -1.000000e+00  0.000000e+00  0.000000e+00
    outer loop
      vertex  2.531408e+01  3.073685e+00 -7.613880e+00
      vertex  2.531408e+01 -3.073685e+00 -1.250000e+01
      vertex  2.531408e+01 -3.073685e+00 -7.613880e+00
    endloop
  endfacet
  facet normal -9.709419e-01  2.393155e-01  0.000000e+00
    outer loop
      vertex  2.531408e+01 -3.073685e+00 -7.613880e+00
      vertex  2.531408e+01 -3.073685e+00 -1.250000e+01
      vertex  2.384291e+01 -9.042424e+00 -1.250000e+01
    endloop
  endfacet
  facet normal -9.709419e-01  2.393155e-01  0.000000e+00
    outer loop
      vertex  2.531408e+01 -3.073685e+00 -7.613880e+00
      vertex  2.384291e+01 -9.042424e+00 -1.250000e+01
      vertex  2.384291e+01 -9.042424e+00 -7.613880e+00
    endloop
  endfacet
  facet normal -8.854559e-01  4.647233e-01  0.000000e+00
    outer loop
      vertex  2.384291e+01 -9.042424e+00 -7.613880e+00
      vertex  2.384291e+01 -9.042424e+00 -1.250000e+01
      vertex  2.098609e+01 -1.448565e+01 -1.250000e+01
    endloop
  endfacet
  facet normal -8.854559e-01  4.647233e-01  0.000000e+00
    outer loop
      vertex  2.384291e+01 -9.042424e+00 -7.613880e+00
      vertex  2.098609e+01 -1.448565e+01 -1.250000e+01
      vertex  2.098609e+01 -1.448565e+01 -7.613880e+00
    endloop
  endfacet
  facet normal -7.485109e-01  6.631225e-01  0.000000e+00
    outer loop
      vertex  2.098609e+01 -1.448565e+01 -7.613880e+00
      vertex  2.098609e+01 -1.448565e+01 -1.250000e+01
      vertex  1.690963e+01 -1.908702e+01 -1.250000e+01
    endloop
  endfacet
  facet normal -7.485109e-01  6.631225e-01  0.000000e+00
    outer loop
      vertex  2.098609e+01 -1.448565e+01 -7.613880e+00
      vertex  1.690963e+01 -1.908702e+01 -1.250000e+01
      vertex  1.690963e+01 -1.908702e+01 -7.613880e+00
    endloop
  endfacet
  facet normal -5.680646e-01  8.229839e-01  0.000000e+00
    outer loop
      vertex  1.690963e+01 -1.908702e+01 -7.613880e+00
      vertex  1.690963e+01 -1.908702e+01 -1.250000e+01
      vertex  1.185044e+01 -2.257913e+01 -1.250000e+01
    endloop
  endfacet
  facet normal -5.680646e-01  8.229839e-01  0.000000e+00
    outer loop
      vertex  1.690963e+01 -1.908702e+01 -7.613880e+00
      vertex  1.185044e+01 -2.257913e+01 -1.250000e+01
      vertex  1.185044e+01 -2.257913e+01 -7.613880e+00
    endloop
  endfacet
  facet normal -3.546049e-01  9.350162e-01  0.000000e+00
    outer loop
      vertex  1.185044e+01 -2.257913e+01 -7.613880e+00
      vertex  1.185044e+01 -2.257913e+01 -1.250000e+01
      vertex  6.102550e+00 -2.475902e+01 -1.250000e+01
    endloop
  endfacet
  facet normal -3.546049e-01  9.350162e-01  0.000000e+00
    outer loop
      vertex  1.185044e+01 -2.257913e+01 -7.613880e+00
      vertex  6.102550e+00 -2.475902e+01 -1.250000e+01
      vertex  6.102550e+00 -2.475902e+01 -7.613880e+00
    endloop
  endfacet
  facet normal -1.205367e-01  9.927089e-01  0.000000e+00
    outer loop
      vertex  6.102550e+00 -2.475902e+01 -7.613880e+00
      vertex  6.102550e+00 -2.475902e+01 -1.250000e+01
      vertex  0.000000e+00 -2.550000e+01 -1.250000e+01
    endloop
  endfacet
  facet normal -1.205367e-01  9.927089e-01  0.000000e+00
    outer loop
      vertex  6.102550e+00 -2.475902e+01 -7.613880e+00
      vertex  0.000000e+00 -2.550000e+01 -1.250000e+01
      vertex  0.000000e+00 -2.550000e+01 -7.613880e+00
    endloop
  endfacet
  facet normal  9.349219e-01 -3.545692e-01 -1.420304e-02
    outer loop
      vertex  2.621543e+01 -6.461523e+00 -1.250000e+01
      vertex  2.419707e+01 -1.197923e+01 -7.613880e+00
      vertex  2.390731e+01 -1.254753e+01 -1.250000e+01
    endloop
  endfacet
  facet normal  8.413955e-01 -5.402648e-01  1.294117e-02
    outer loop
      vertex  2.390731e+01 -1.254753e+01 -1.250000e+01
      vertex  2.419707e+01 -1.197923e+01 -7.613880e+00
      vertex  2.096190e+01 -1.701760e+01 -7.613880e+00
    endloop
  endfacet
  facet normal  8.227550e-01 -5.679068e-01 -2.358386e-02
    outer loop
      vertex  2.390731e+01 -1.254753e+01 -1.250000e+01
      vertex  2.096190e+01 -1.701760e+01 -7.613880e+00
      vertex  2.020979e+01 -1.790431e+01 -1.250000e+01
    endloop
  endfacet
  facet normal  7.015339e-01 -7.123182e-01  2.128276e-02
    outer loop
      vertex  2.020979e+01 -1.790431e+01 -1.250000e+01
      vertex  2.096190e+01 -1.701760e+01 -7.613880e+00
      vertex  1.669586e+01 -2.121906e+01 -7.613880e+00
    endloop
  endfacet
  facet normal  6.628065e-01 -7.481538e-01 -3.087958e-02
    outer loop
      vertex  2.020979e+01 -1.790431e+01 -1.250000e+01
      vertex  1.669586e+01 -2.121906e+01 -7.613880e+00
      vertex  1.533775e+01 -2.222056e+01 -1.250000e+01
    endloop
  endfacet
  facet normal  5.272110e-01 -8.492880e-01  2.753893e-02
    outer loop
      vertex  1.533775e+01 -2.222056e+01 -1.250000e+01
      vertex  1.669586e+01 -2.121906e+01 -7.613880e+00
      vertex  1.160872e+01 -2.437699e+01 -7.613880e+00
    endloop
  endfacet
  facet normal  4.644204e-01 -8.848793e-01 -3.608976e-02
    outer loop
      vertex  1.533775e+01 -2.222056e+01 -1.250000e+01
      vertex  1.160872e+01 -2.437699e+01 -7.613880e+00
      vertex  9.574332e+00 -2.524544e+01 -1.250000e+01
    endloop
  endfacet
  facet normal  3.270274e-01 -9.444828e-01  3.170916e-02
    outer loop
      vertex  9.574332e+00 -2.524544e+01 -1.250000e+01
      vertex  1.160872e+01 -2.437699e+01 -7.613880e+00
      vertex  5.950686e+00 -2.633608e+01 -7.613880e+00
    endloop
  endfacet
  facet normal  2.391316e-01 -9.701949e-01 -3.921549e-02
    outer loop
      vertex  9.574332e+00 -2.524544e+01 -1.250000e+01
      vertex  5.950686e+00 -2.633608e+01 -7.613880e+00
      vertex  3.254490e+00 -2.680314e+01 -1.250000e+01
    endloop
  endfacet
  facet normal  1.108183e-01 -9.932659e-01  3.379398e-02
    outer loop
      vertex  3.254490e+00 -2.680314e+01 -1.250000e+01
      vertex  5.950686e+00 -2.633608e+01 -7.613880e+00
      vertex -4.959656e-15 -2.700000e+01 -7.613880e+00
    endloop
  endfacet
  facet normal  0.000000e+00 -9.991893e-01 -4.025723e-02
    outer loop
      vertex  3.254490e+00 -2.680314e+01 -1.250000e+01
      vertex -4.959656e-15 -2.700000e+01 -7.613880e+00
      vertex -3.254490e+00 -2.680314e+01 -1.250000e+01
    endloop
  endfacet
  facet normal -1.118978e-01 -9.931200e-01  3.451889e-02
    outer loop
      vertex -4.959656e-15 -2.700000e+01 -7.613880e+00
      vertex -6.008065e+00 -2.632305e+01 -7.613880e+00
      vertex -3.254490e+00 -2.680314e+01 -1.250000e+01
    endloop
  endfacet
  facet normal -2.391295e-01 -9.701865e-01 -3.943591e-02
    outer loop
      vertex -9.574332e+00 -2.524544e+01 -1.250000e+01
      vertex -3.254490e+00 -2.680314e+01 -1.250000e+01
      vertex -6.008065e+00 -2.632305e+01 -7.613880e+00
    endloop
  endfacet
  facet normal -3.301006e-01 -9.433731e-01  3.287543e-02
    outer loop
      vertex -6.008065e+00 -2.632305e+01 -7.613880e+00
      vertex -1.171486e+01 -2.432616e+01 -7.613880e+00
      vertex -9.574332e+00 -2.524544e+01 -1.250000e+01
    endloop
  endfacet
  facet normal -4.644054e-01 -8.848507e-01 -3.697173e-02
    outer loop
      vertex -1.533775e+01 -2.222056e+01 -1.250000e+01
      vertex -9.574332e+00 -2.524544e+01 -1.250000e+01
      vertex -1.171486e+01 -2.432616e+01 -7.613880e+00
    endloop
  endfacet
  facet normal -5.317991e-01 -8.463535e-01  2.958809e-02
    outer loop
      vertex -1.171486e+01 -2.432616e+01 -7.613880e+00
      vertex -1.683422e+01 -2.110945e+01 -7.613880e+00
      vertex -1.533775e+01 -2.222056e+01 -1.250000e+01
    endloop
  endfacet
  facet normal -6.627645e-01 -7.481064e-01 -3.286440e-02
    outer loop
      vertex -2.020979e+01 -1.790431e+01 -1.250000e+01
      vertex -1.533775e+01 -2.222056e+01 -1.250000e+01
      vertex -1.683422e+01 -2.110945e+01 -7.613880e+00
    endloop
  endfacet
  facet normal -7.068918e-01 -7.068918e-01  2.465631e-02
    outer loop
      vertex -1.683422e+01 -2.110945e+01 -7.613880e+00
      vertex -2.110945e+01 -1.683422e+01 -7.613880e+00
      vertex -2.020979e+01 -1.790431e+01 -1.250000e+01
    endloop
  endfacet
  facet normal -8.226812e-01 -5.678560e-01 -2.711314e-02
    outer loop
      vertex -2.390731e+01 -1.254753e+01 -1.250000e+01
      vertex -2.020979e+01 -1.790431e+01 -1.250000e+01
      vertex -2.110945e+01 -1.683422e+01 -7.613880e+00
    endloop
  endfacet
  facet normal -8.465859e-01 -5.319450e-01  1.808031e-02
    outer loop
      vertex -2.110945e+01 -1.683422e+01 -7.613880e+00
      vertex -2.432616e+01 -1.171486e+01 -7.613880e+00
      vertex -2.390731e+01 -1.254753e+01 -1.250000e+01
    endloop
  endfacet
  facet normal -9.348344e-01 -3.545360e-01 -1.971752e-02
    outer loop
      vertex -2.621543e+01 -6.461523e+00 -1.250000e+01
      vertex -2.390731e+01 -1.254753e+01 -1.250000e+01
      vertex -2.432616e+01 -1.171486e+01 -7.613880e+00
    endloop
  endfacet
  facet normal  9.927089e-01 -1.205366e-01  1.631343e-16
    outer loop
      vertex  2.700000e+01 -6.612874e-15 -1.250000e+01
      vertex  2.700000e+01  0.000000e+00 -7.613880e+00
      vertex  2.621543e+01 -6.461523e+00 -1.250000e+01
    endloop
  endfacet
  facet normal  9.929551e-01 -1.184582e-01 -2.788114e-03
    outer loop
      vertex  2.621543e+01 -6.461523e+00 -1.250000e+01
      vertex  2.700000e+01  0.000000e+00 -7.613880e+00
      vertex  2.624225e+01 -6.351735e+00 -7.613880e+00
    endloop
  endfacet
  facet normal  9.398538e-01 -3.415676e-01  2.516476e-03
    outer loop
      vertex  2.621543e+01 -6.461523e+00 -1.250000e+01
      vertex  2.624225e+01 -6.351735e+00 -7.613880e+00
      vertex  2.419707e+01 -1.197923e+01 -7.613880e+00
    endloop
  endfacet
  facet normal -9.937122e-01 -1.119645e-01  0.000000e+00
    outer loop
      vertex -2.700000e+01  3.306437e-15 -7.613880e+00
      vertex -2.700000e+01  3.306437e-15 -1.250000e+01
      vertex -2.632305e+01 -6.008065e+00 -7.613880e+00
    endloop
  endfacet
  facet normal -9.926522e-01 -1.205298e-01 -1.067884e-02
    outer loop
      vertex -2.632305e+01 -6.008065e+00 -7.613880e+00
      vertex -2.700000e+01  3.306437e-15 -1.250000e+01
      vertex -2.621543e+01 -6.461523e+00 -1.250000e+01
    endloop
  endfacet
  facet normal -9.438374e-01 -3.302631e-01  9.860745e-03
    outer loop
      vertex -2.632305e+01 -6.008065e+00 -7.613880e+00
      vertex -2.621543e+01 -6.461523e+00 -1.250000e+01
      vertex -2.432616e+01 -1.171486e+01 -7.613880e+00
    endloop
  endfacet
  facet normal -9.927089e-01  1.205367e-01  0.000000e+00
    outer loop
      vertex -2.700000e+01  3.306437e-15 -6.413879e+00
      vertex -2.700000e+01  3.306437e-15 -1.500000e+00
      vertex -2.621543e+01  6.461523e+00 -6.413879e+00
    endloop
  endfacet
  facet normal -9.927089e-01  1.205367e-01  0.000000e+00
    outer loop
      vertex -2.621543e+01  6.461523e+00 -6.413879e+00
      vertex -2.700000e+01  3.306437e-15 -1.500000e+00
      vertex -2.621543e+01  6.461523e+00 -1.500000e+00
    endloop
  endfacet
  facet normal -9.350163e-01  3.546050e-01  0.000000e+00
    outer loop
      vertex -2.621543e+01  6.461523e+00 -6.413879e+00
      vertex -2.621543e+01  6.461523e+00 -1.500000e+00
      vertex -2.390731e+01  1.254753e+01 -6.413879e+00
    endloop
  endfacet
  facet normal -9.350163e-01  3.546050e-01  0.000000e+00
    outer loop
      vertex -2.390731e+01  1.254753e+01 -6.413879e+00
      vertex -2.621543e+01  6.461523e+00 -1.500000e+00
      vertex -2.390731e+01  1.254753e+01 -1.500000e+00
    endloop
  endfacet
  facet normal -8.229839e-01  5.680648e-01  0.000000e+00
    outer loop
      vertex -2.390731e+01  1.254753e+01 -6.413879e+00
      vertex -2.390731e+01  1.254753e+01 -1.500000e+00
      vertex -2.020979e+01  1.790431e+01 -6.413879e+00
    endloop
  endfacet
  facet normal -8.229839e-01  5.680648e-01  0.000000e+00
    outer loop
      vertex -2.020979e+01  1.790431e+01 -6.413879e+00
      vertex -2.390731e+01  1.254753e+01 -1.500000e+00
      vertex -2.020979e+01  1.790431e+01 -1.500000e+00
    endloop
  endfacet
  facet normal -6.631228e-01  7.485108e-01  0.000000e+00
    outer loop
      vertex -2.020979e+01  1.790431e+01 -6.413879e+00
      vertex -2.020979e+01  1.790431e+01 -1.500000e+00
      vertex -1.533775e+01  2.222056e+01 -6.413879e+00
    endloop
  endfacet
  facet normal -6.631228e-01  7.485108e-01  0.000000e+00
    outer loop
      vertex -1.533775e+01  2.222056e+01 -6.413879e+00
      vertex -2.020979e+01  1.790431e+01 -1.500000e+00
      vertex -1.533775e+01  2.222056e+01 -1.500000e+00
    endloop
  endfacet
  facet normal -4.647231e-01  8.854561e-01  0.000000e+00
    outer loop
      vertex -1.533775e+01  2.222056e+01 -6.413879e+00
      vertex -1.533775e+01  2.222056e+01 -1.500000e+00
      vertex -9.574332e+00  2.524544e+01 -6.413879e+00
    endloop
  endfacet
  facet normal -4.647231e-01  8.854561e-01  0.000000e+00
    outer loop
      vertex -9.574332e+00  2.524544e+01 -6.413879e+00
      vertex -1.533775e+01  2.222056e+01 -1.500000e+00
      vertex -9.574332e+00  2.524544e+01 -1.500000e+00
    endloop
  endfacet
  facet normal -2.393157e-01  9.709418e-01  0.000000e+00
    outer loop
      vertex -9.574332e+00  2.524544e+01 -6.413879e+00
      vertex -9.574332e+00  2.524544e+01 -1.500000e+00
      vertex -3.254490e+00  2.680314e+01 -6.413879e+00
    endloop
  endfacet
  facet normal -2.393157e-01  9.709418e-01  0.000000e+00
    outer loop
      vertex -3.254490e+00  2.680314e+01 -6.413879e+00
      vertex -9.574332e+00  2.524544e+01 -1.500000e+00
      vertex -3.254490e+00  2.680314e+01 -1.500000e+00
    endloop
  endfacet
  facet normal  0.000000e+00  1.000000e+00  0.000000e+00
    outer loop
      vertex -3.254490e+00  2.680314e+01 -6.413879e+00
      vertex -3.254490e+00  2.680314e+01 -1.500000e+00
      vertex  3.254490e+00  2.680314e+01 -6.413879e+00
    endloop
  endfacet
  facet normal  0.000000e+00  1.000000e+00  -0.000000e+00
    outer loop
      vertex  3.254490e+00  2.680314e+01 -6.413879e+00
      vertex -3.254490e+00  2.680314e+01 -1.500000e+00
      vertex  3.254490e+00  2.680314e+01 -1.500000e+00
    endloop
  endfacet
  facet normal  2.393157e-01  9.709418e-01  0.000000e+00
    outer loop
      vertex  3.254490e+00  2.680314e+01 -6.413879e+00
      vertex  3.254490e+00  2.680314e+01 -1.500000e+00
      vertex  9.574332e+00  2.524544e+01 -6.413879e+00
    endloop
  endfacet
  facet normal  2.393157e-01  9.709418e-01  -0.000000e+00
    outer loop
      vertex  9.574332e+00  2.524544e+01 -6.413879e+00
      vertex  3.254490e+00  2.680314e+01 -1.500000e+00
      vertex  9.574332e+00  2.524544e+01 -1.500000e+00
    endloop
  endfacet
  facet normal  4.647231e-01  8.854561e-01  0.000000e+00
    outer loop
      vertex  9.574332e+00  2.524544e+01 -6.413879e+00
      vertex  9.574332e+00  2.524544e+01 -1.500000e+00
      vertex  1.533775e+01  2.222056e+01 -6.413879e+00
    endloop
  endfacet
  facet normal  4.647231e-01  8.854561e-01  -0.000000e+00
    outer loop
      vertex  1.533775e+01  2.222056e+01 -6.413879e+00
      vertex  9.574332e+00  2.524544e+01 -1.500000e+00
      vertex  1.533775e+01  2.222056e+01 -1.500000e+00
    endloop
  endfacet
  facet normal  6.631228e-01  7.485108e-01  0.000000e+00
    outer loop
      vertex  1.533775e+01  2.222056e+01 -6.413879e+00
      vertex  1.533775e+01  2.222056e+01 -1.500000e+00
      vertex  2.020979e+01  1.790431e+01 -6.413879e+00
    endloop
  endfacet
  facet normal  6.631228e-01  7.485108e-01  -0.000000e+00
    outer loop
      vertex  2.020979e+01  1.790431e+01 -6.413879e+00
      vertex  1.533775e+01  2.222056e+01 -1.500000e+00
      vertex  2.020979e+01  1.790431e+01 -1.500000e+00
    endloop
  endfacet
  facet normal  8.229839e-01  5.680648e-01  0.000000e+00
    outer loop
      vertex  2.020979e+01  1.790431e+01 -6.413879e+00
      vertex  2.020979e+01  1.790431e+01 -1.500000e+00
      vertex  2.390731e+01  1.254753e+01 -6.413879e+00
    endloop
  endfacet
  facet normal  8.229839e-01  5.680648e-01  -0.000000e+00
    outer loop
      vertex  2.390731e+01  1.254753e+01 -6.413879e+00
      vertex  2.020979e+01  1.790431e+01 -1.500000e+00
      vertex  2.390731e+01  1.254753e+01 -1.500000e+00
    endloop
  endfacet
  facet normal  9.350163e-01  3.546050e-01  0.000000e+00
    outer loop
      vertex  2.390731e+01  1.254753e+01 -6.413879e+00
      vertex  2.390731e+01  1.254753e+01 -1.500000e+00
      vertex  2.621543e+01  6.461523e+00 -6.413879e+00
    endloop
  endfacet
  facet normal  9.350163e-01  3.546050e-01  -0.000000e+00
    outer loop
      vertex  2.621543e+01  6.461523e+00 -6.413879e+00
      vertex  2.390731e+01  1.254753e+01 -1.500000e+00
      vertex  2.621543e+01  6.461523e+00 -1.500000e+00
    endloop
  endfacet
  facet normal  9.927089e-01  1.205367e-01  0.000000e+00
    outer loop
      vertex  2.621543e+01  6.461523e+00 -6.413879e+00
      vertex  2.621543e+01  6.461523e+00 -1.500000e+00
      vertex  2.700000e+01 -3.552714e-14 -6.413879e+00
    endloop
  endfacet
  facet normal  9.927089e-01  1.205367e-01 -8.714748e-16
    outer loop
      vertex  2.700000e+01 -3.552714e-14 -6.413879e+00
      vertex  2.621543e+01  6.461523e+00 -1.500000e+00
      vertex  2.700000e+01  0.000000e+00 -1.500000e+00
    endloop
  endfacet
  facet normal  0.000000e+00  0.000000e+00 -1.000000e+00
    outer loop
      vertex -3.254490e+00 -2.680314e+01 -6.413879e+00
      vertex -6.102550e+00 -2.475902e+01 -6.413879e+00
      vertex  0.000000e+00 -2.550000e+01 -6.413879e+00
    endloop
  endfacet
  facet normal  -0.000000e+00  0.000000e+00 -1.000000e+00
    outer loop
      vertex -2.621543e+01  6.461523e+00 -6.413879e+00
      vertex -2.531408e+01  3.073685e+00 -6.413879e+00
      vertex -2.700000e+01  3.306437e-15 -6.413879e+00
    endloop
  endfacet
  facet normal  0.000000e+00  0.000000e+00 -1.000000e+00
    outer loop
      vertex -2.700000e+01  3.306437e-15 -6.413879e+00
      vertex -2.531408e+01  3.073685e+00 -6.413879e+00
      vertex -2.531408e+01 -3.073685e+00 -6.413879e+00
    endloop
  endfacet
  facet normal  -0.000000e+00  0.000000e+00 -1.000000e+00
    outer loop
      vertex -2.700000e+01  3.306437e-15 -6.413879e+00
      vertex -2.531408e+01 -3.073685e+00 -6.413879e+00
      vertex -2.621543e+01 -6.461523e+00 -6.413879e+00
    endloop
  endfacet
  facet normal  0.000000e+00  0.000000e+00 -1.000000e+00
    outer loop
      vertex -2.621543e+01 -6.461523e+00 -6.413879e+00
      vertex -2.531408e+01 -3.073685e+00 -6.413879e+00
      vertex -2.384291e+01 -9.042424e+00 -6.413879e+00
    endloop
  endfacet
  facet normal  -0.000000e+00  0.000000e+00 -1.000000e+00
    outer loop
      vertex -2.621543e+01 -6.461523e+00 -6.413879e+00
      vertex -2.384291e+01 -9.042424e+00 -6.413879e+00
      vertex -2.390731e+01 -1.254753e+01 -6.413879e+00
    endloop
  endfacet
  facet normal  0.000000e+00  0.000000e+00 -1.000000e+00
    outer loop
      vertex -2.390731e+01 -1.254753e+01 -6.413879e+00
      vertex -2.384291e+01 -9.042424e+00 -6.413879e+00
      vertex -2.098609e+01 -1.448565e+01 -6.413879e+00
    endloop
  endfacet
  facet normal  -0.000000e+00  -0.000000e+00 -1.000000e+00
    outer loop
      vertex -2.390731e+01 -1.254753e+01 -6.413879e+00
      vertex -2.098609e+01 -1.448565e+01 -6.413879e+00
      vertex -2.020979e+01 -1.790431e+01 -6.413879e+00
    endloop
  endfacet
  facet normal  0.000000e+00  0.000000e+00 -1.000000e+00
    outer loop
      vertex -2.020979e+01 -1.790431e+01 -6.413879e+00
      vertex -2.098609e+01 -1.448565e+01 -6.413879e+00
      vertex -1.690963e+01 -1.908702e+01 -6.413879e+00
    endloop
  endfacet
  facet normal  -0.000000e+00  -0.000000e+00 -1.000000e+00
    outer loop
      vertex -2.020979e+01 -1.790431e+01 -6.413879e+00
      vertex -1.690963e+01 -1.908702e+01 -6.413879e+00
      vertex -1.533775e+01 -2.222056e+01 -6.413879e+00
    endloop
  endfacet
  facet normal  0.000000e+00  0.000000e+00 -1.000000e+00
    outer loop
      vertex -1.533775e+01 -2.222056e+01 -6.413879e+00
      vertex -1.690963e+01 -1.908702e+01 -6.413879e+00
      vertex -1.185044e+01 -2.257913e+01 -6.413879e+00
    endloop
  endfacet
  facet normal  -0.000000e+00  -0.000000e+00 -1.000000e+00
    outer loop
      vertex -1.533775e+01 -2.222056e+01 -6.413879e+00
      vertex -1.185044e+01 -2.257913e+01 -6.413879e+00
      vertex -9.574332e+00 -2.524544e+01 -6.413879e+00
    endloop
  endfacet
  facet normal  0.000000e+00  0.000000e+00 -1.000000e+00
    outer loop
      vertex -9.574332e+00 -2.524544e+01 -6.413879e+00
      vertex -1.185044e+01 -2.257913e+01 -6.413879e+00
      vertex -6.102550e+00 -2.475902e+01 -6.413879e+00
    endloop
  endfacet
  facet normal  0.000000e+00  -0.000000e+00 -1.000000e+00
    outer loop
      vertex -9.574332e+00 -2.524544e+01 -6.413879e+00
      vertex -6.102550e+00 -2.475902e+01 -6.413879e+00
      vertex -3.254490e+00 -2.680314e+01 -6.413879e+00
    endloop
  endfacet
  facet normal  0.000000e+00  0.000000e+00 -1.000000e+00
    outer loop
      vertex  2.621543e+01  6.461523e+00 -6.413879e+00
      vertex  2.700000e+01 -3.552714e-14 -6.413879e+00
      vertex  2.531408e+01  3.073685e+00 -6.413879e+00
    endloop
  endfacet
  facet normal  0.000000e+00  0.000000e+00 -1.000000e+00
    outer loop
      vertex  2.531408e+01  3.073685e+00 -6.413879e+00
      vertex  2.700000e+01 -3.552714e-14 -6.413879e+00
      vertex  2.621543e+01 -6.461523e+00 -6.413879e+00
    endloop
  endfacet
  facet normal  0.000000e+00  0.000000e+00 -1.000000e+00
    outer loop
      vertex  2.531408e+01  3.073685e+00 -6.413879e+00
      vertex  2.621543e+01 -6.461523e+00 -6.413879e+00
      vertex  2.531408e+01 -3.073685e+00 -6.413879e+00
    endloop
  endfacet
  facet normal  0.000000e+00  -0.000000e+00 -1.000000e+00
    outer loop
      vertex  2.531408e+01 -3.073685e+00 -6.413879e+00
      vertex  2.621543e+01 -6.461523e+00 -6.413879e+00
      vertex  2.390731e+01 -1.254753e+01 -6.413879e+00
    endloop
  endfacet
  facet normal  0.000000e+00  0.000000e+00 -1.000000e+00
    outer loop
      vertex  2.531408e+01 -3.073685e+00 -6.413879e+00
      vertex  2.390731e+01 -1.254753e+01 -6.413879e+00
      vertex  2.384291e+01 -9.042424e+00 -6.413879e+00
    endloop
  endfacet
  facet normal  0.000000e+00  -0.000000e+00 -1.000000e+00
    outer loop
      vertex  2.384291e+01 -9.042424e+00 -6.413879e+00
      vertex  2.390731e+01 -1.254753e+01 -6.413879e+00
      vertex  2.020979e+01 -1.790431e+01 -6.413879e+00
    endloop
  endfacet
  facet normal  0.000000e+00  0.000000e+00 -9.999999e-01
    outer loop
      vertex  2.384291e+01 -9.042424e+00 -6.413879e+00
      vertex  2.020979e+01 -1.790431e+01 -6.413879e+00
      vertex  2.098609e+01 -1.448565e+01 -6.413879e+00
    endloop
  endfacet
  facet normal  0.000000e+00  0.000000e+00 -1.000000e+00
    outer loop
      vertex  2.098609e+01 -1.448565e+01 -6.413879e+00
      vertex  2.020979e+01 -1.790431e+01 -6.413879e+00
      vertex  1.533775e+01 -2.222056e+01 -6.413879e+00
    endloop
  endfacet
  facet normal  0.000000e+00  0.000000e+00 -9.999999e-01
    outer loop
      vertex  2.098609e+01 -1.448565e+01 -6.413879e+00
      vertex  1.533775e+01 -2.222056e+01 -6.413879e+00
      vertex  1.690963e+01 -1.908702e+01 -6.413879e+00
    endloop
  endfacet
  facet normal  0.000000e+00  0.000000e+00 -1.000000e+00
    outer loop
      vertex  1.690963e+01 -1.908702e+01 -6.413879e+00
      vertex  1.533775e+01 -2.222056e+01 -6.413879e+00
      vertex  9.574332e+00 -2.524544e+01 -6.413879e+00
    endloop
  endfacet
  facet normal  0.000000e+00  0.000000e+00 -1.000000e+00
    outer loop
      vertex  1.690963e+01 -1.908702e+01 -6.413879e+00
      vertex  9.574332e+00 -2.524544e+01 -6.413879e+00
      vertex  1.185044e+01 -2.257913e+01 -6.413879e+00
    endloop
  endfacet
  facet normal  0.000000e+00  0.000000e+00 -1.000000e+00
    outer loop
      vertex  1.185044e+01 -2.257913e+01 -6.413879e+00
      vertex  9.574332e+00 -2.524544e+01 -6.413879e+00
      vertex  3.254490e+00 -2.680314e+01 -6.413879e+00
    endloop
  endfacet
  facet normal  0.000000e+00  0.000000e+00 -1.000000e+00
    outer loop
      vertex  1.185044e+01 -2.257913e+01 -6.413879e+00
      vertex  3.254490e+00 -2.680314e+01 -6.413879e+00
      vertex  6.102550e+00 -2.475902e+01 -6.413879e+00
    endloop
  endfacet
  facet normal  0.000000e+00  0.000000e+00 -1.000000e+00
    outer loop
      vertex  6.102550e+00 -2.475902e+01 -6.413879e+00
      vertex  3.254490e+00 -2.680314e+01 -6.413879e+00
      vertex -3.254490e+00 -2.680314e+01 -6.413879e+00
    endloop
  endfacet
  facet normal  0.000000e+00  0.000000e+00 -9.999999e-01
    outer loop
      vertex  6.102550e+00 -2.475902e+01 -6.413879e+00
      vertex -3.254490e+00 -2.680314e+01 -6.413879e+00
      vertex  0.000000e+00 -2.550000e+01 -6.413879e+00
    endloop
  endfacet
  facet normal  0.000000e+00  -0.000000e+00 -1.000000e+00
    outer loop
      vertex -6.102550e+00  2.475902e+01 -6.413879e+00
      vertex -3.254490e+00  2.680314e+01 -6.413879e+00
      vertex  1.444702e-14  2.550000e+01 -6.413879e+00
    endloop
  endfacet
  facet normal  0.000000e+00  0.000000e+00 -1.000000e+00
    outer loop
      vertex  1.444702e-14  2.550000e+01 -6.413879e+00
      vertex -3.254490e+00  2.680314e+01 -6.413879e+00
      vertex  3.254490e+00  2.680314e+01 -6.413879e+00
    endloop
  endfacet
  facet normal  0.000000e+00  -0.000000e+00 -1.000000e+00
    outer loop
      vertex  1.444702e-14  2.550000e+01 -6.413879e+00
      vertex  3.254490e+00  2.680314e+01 -6.413879e+00
      vertex  6.102550e+00  2.475902e+01 -6.413879e+00
    endloop
  endfacet
  facet normal  0.000000e+00  0.000000e+00 -1.000000e+00
    outer loop
      vertex  6.102550e+00  2.475902e+01 -6.413879e+00
      vertex  3.254490e+00  2.680314e+01 -6.413879e+00
      vertex  9.574332e+00  2.524544e+01 -6.413879e+00
    endloop
  endfacet
  facet normal  0.000000e+00  -0.000000e+00 -1.000000e+00
    outer loop
      vertex  6.102550e+00  2.475902e+01 -6.413879e+00
      vertex  9.574332e+00  2.524544e+01 -6.413879e+00
      vertex  1.185044e+01  2.257913e+01 -6.413879e+00
    endloop
  endfacet
  facet normal  0.000000e+00  0.000000e+00 -1.000000e+00
    outer loop
      vertex  1.185044e+01  2.257913e+01 -6.413879e+00
      vertex  9.574332e+00  2.524544e+01 -6.413879e+00
      vertex  1.533775e+01  2.222056e+01 -6.413879e+00
    endloop
  endfacet
  facet normal  -0.000000e+00  -0.000000e+00 -1.000000e+00
    outer loop
      vertex  1.185044e+01  2.257913e+01 -6.413879e+00
      vertex  1.533775e+01  2.222056e+01 -6.413879e+00
      vertex  1.690963e+01  1.908702e+01 -6.413879e+00
    endloop
  endfacet
  facet normal  0.000000e+00  0.000000e+00 -1.000000e+00
    outer loop
      vertex  1.690963e+01  1.908702e+01 -6.413879e+00
      vertex  1.533775e+01  2.222056e+01 -6.413879e+00
      vertex  2.020979e+01  1.790431e+01 -6.413879e+00
    endloop
  endfacet
  facet normal  -0.000000e+00  -0.000000e+00 -1.000000e+00
    outer loop
      vertex  1.690963e+01  1.908702e+01 -6.413879e+00
      vertex  2.020979e+01  1.790431e+01 -6.413879e+00
      vertex  2.098609e+01  1.448565e+01 -6.413879e+00
    endloop
  endfacet
  facet normal  0.000000e+00  0.000000e+00 -1.000000e+00
    outer loop
      vertex  2.098609e+01  1.448565e+01 -6.413879e+00
      vertex  2.020979e+01  1.790431e+01 -6.413879e+00
      vertex  2.390731e+01  1.254753e+01 -6.413879e+00
    endloop
  endfacet
  facet normal  -0.000000e+00  0.000000e+00 -1.000000e+00
    outer loop
      vertex  2.098609e+01  1.448565e+01 -6.413879e+00
      vertex  2.390731e+01  1.254753e+01 -6.413879e+00
      vertex  2.384291e+01  9.042424e+00 -6.413879e+00
    endloop
  endfacet
  facet normal  0.000000e+00  0.000000e+00 -1.000000e+00
    outer loop
      vertex  2.384291e+01  9.042424e+00 -6.413879e+00
      vertex  2.390731e+01  1.254753e+01 -6.413879e+00
      vertex  2.621543e+01  6.461523e+00 -6.413879e+00
    endloop
  endfacet
  facet normal  -0.000000e+00  0.000000e+00 -1.000000e+00
    outer loop
      vertex  2.384291e+01  9.042424e+00 -6.413879e+00
      vertex  2.621543e+01  6.461523e+00 -6.413879e+00
      vertex  2.531408e+01  3.073685e+00 -6.413879e+00
    endloop
  endfacet
  facet normal  0.000000e+00  0.000000e+00 -1.000000e+00
    outer loop
      vertex -1.690963e+01  1.908702e+01 -6.413879e+00
      vertex -9.574332e+00  2.524544e+01 -6.413879e+00
      vertex -1.185044e+01  2.257913e+01 -6.413879e+00
    endloop
  endfacet
  facet normal  0.000000e+00  0.000000e+00 -1.000000e+00
    outer loop
      vertex -1.185044e+01  2.257913e+01 -6.413879e+00
      vertex -9.574332e+00  2.524544e+01 -6.413879e+00
      vertex -3.254490e+00  2.680314e+01 -6.413879e+00
    endloop
  endfacet
  facet normal  0.000000e+00  0.000000e+00 -1.000000e+00
    outer loop
      vertex -1.185044e+01  2.257913e+01 -6.413879e+00
      vertex -3.254490e+00  2.680314e+01 -6.413879e+00
      vertex -6.102550e+00  2.475902e+01 -6.413879e+00
    endloop
  endfacet
  facet normal  0.000000e+00  0.000000e+00 -1.000000e+00
    outer loop
      vertex -9.574332e+00  2.524544e+01 -6.413879e+00
      vertex -1.690963e+01  1.908702e+01 -6.413879e+00
      vertex -1.533775e+01  2.222056e+01 -6.413879e+00
    endloop
  endfacet
  facet normal  0.000000e+00  0.000000e+00 -9.999999e-01
    outer loop
      vertex -1.533775e+01  2.222056e+01 -6.413879e+00
      vertex -1.690963e+01  1.908702e+01 -6.413879e+00
      vertex -2.098609e+01  1.448565e+01 -6.413879e+00
    endloop
  endfacet
  facet normal  0.000000e+00  0.000000e+00 -1.000000e+00
    outer loop
      vertex -1.533775e+01  2.222056e+01 -6.413879e+00
      vertex -2.098609e+01  1.448565e+01 -6.413879e+00
      vertex -2.020979e+01  1.790431e+01 -6.413879e+00
    endloop
  endfacet
  facet normal  0.000000e+00  0.000000e+00 -9.999999e-01
    outer loop
      vertex -2.020979e+01  1.790431e+01 -6.413879e+00
      vertex -2.098609e+01  1.448565e+01 -6.413879e+00
      vertex -2.384291e+01  9.042424e+00 -6.413879e+00
    endloop
  endfacet
  facet normal  0.000000e+00  0.000000e+00 -1.000000e+00
    outer loop
      vertex -2.020979e+01  1.790431e+01 -6.413879e+00
      vertex -2.384291e+01  9.042424e+00 -6.413879e+00
      vertex -2.390731e+01  1.254753e+01 -6.413879e+00
    endloop
  endfacet
  facet normal  0.000000e+00  -0.000000e+00 -1.000000e+00
    outer loop
      vertex -2.390731e+01  1.254753e+01 -6.413879e+00
      vertex -2.384291e+01  9.042424e+00 -6.413879e+00
      vertex -2.531408e+01  3.073685e+00 -6.413879e+00
    endloop
  endfacet
  facet normal  0.000000e+00  0.000000e+00 -1.000000e+00
    outer loop
      vertex -2.390731e+01  1.254753e+01 -6.413879e+00
      vertex -2.531408e+01  3.073685e+00 -6.413879e+00
      vertex -2.621543e+01  6.461523e+00 -6.413879e+00
    endloop
  endfacet
  facet normal  3.545990e-01  9.350007e-01  5.776947e-03
    outer loop
      vertex -1.185044e+01 -2.257913e+01 -6.413879e+00
      vertex -1.163265e+01 -2.269209e+01 -1.500000e+00
      vertex -6.102550e+00 -2.475902e+01 -6.413879e+00
    endloop
  endfacet
  facet normal  5.604715e-01  8.281533e-01 -5.803694e-03
    outer loop
      vertex -1.674204e+01 -1.923419e+01 -1.500000e+00
      vertex -1.163265e+01 -2.269209e+01 -1.500000e+00
      vertex -1.185044e+01 -2.257913e+01 -6.413879e+00
    endloop
  endfacet
  facet normal  3.451774e-01  9.385163e-01 -6.304927e-03
    outer loop
      vertex -1.163265e+01 -2.269209e+01 -1.500000e+00
      vertex -5.842352e+00 -2.482170e+01 -1.500000e+00
      vertex -6.102550e+00 -2.475902e+01 -6.413879e+00
    endloop
  endfacet
  facet normal  1.153229e-01  9.933063e-01  6.565196e-03
    outer loop
      vertex -6.102550e+00 -2.475902e+01 -6.413879e+00
      vertex -5.842352e+00 -2.482170e+01 -1.500000e+00
      vertex  0.000000e+00 -2.550000e+01 -1.500000e+00
    endloop
  endfacet
  facet normal  1.205367e-01  9.927089e-01  0.000000e+00
    outer loop
      vertex -6.102550e+00 -2.475902e+01 -6.413879e+00
      vertex  0.000000e+00 -2.550000e+01 -1.500000e+00
      vertex  0.000000e+00 -2.550000e+01 -6.413879e+00
    endloop
  endfacet
  facet normal  5.680567e-01  8.229725e-01  5.273714e-03
    outer loop
      vertex -1.185044e+01 -2.257913e+01 -6.413879e+00
      vertex -1.690963e+01 -1.908702e+01 -6.413879e+00
      vertex -1.674204e+01 -1.923419e+01 -1.500000e+00
    endloop
  endfacet
  facet normal  7.484989e-01  6.631119e-01 -5.668024e-03
    outer loop
      vertex -1.674204e+01 -1.923419e+01 -1.500000e+00
      vertex -1.690963e+01 -1.908702e+01 -6.413879e+00
      vertex -2.098609e+01 -1.448565e+01 -6.413879e+00
    endloop
  endfacet
  facet normal  7.429667e-01  6.693091e-01  5.098701e-03
    outer loop
      vertex -1.674204e+01 -1.923419e+01 -1.500000e+00
      vertex -2.098609e+01 -1.448565e+01 -6.413879e+00
      vertex -2.087140e+01 -1.465039e+01 -1.500000e+00
    endloop
  endfacet
  facet normal  8.854446e-01  4.647173e-01 -5.085741e-03
    outer loop
      vertex -2.087140e+01 -1.465039e+01 -1.500000e+00
      vertex -2.098609e+01 -1.448565e+01 -6.413879e+00
      vertex -2.384291e+01 -9.042424e+00 -6.413879e+00
    endloop
  endfacet
  facet normal  8.819667e-01  4.712900e-01  4.518516e-03
    outer loop
      vertex -2.087140e+01 -1.465039e+01 -1.500000e+00
      vertex -2.384291e+01 -9.042424e+00 -6.413879e+00
      vertex -2.377906e+01 -9.209036e+00 -1.500000e+00
    endloop
  endfacet
  facet normal  9.709320e-01  2.393131e-01 -4.503082e-03
    outer loop
      vertex -2.377906e+01 -9.209036e+00 -1.500000e+00
      vertex -2.384291e+01 -9.042424e+00 -6.413879e+00
      vertex -2.531408e+01 -3.073685e+00 -6.413879e+00
    endloop
  endfacet
  facet normal  9.693440e-01  2.456761e-01  3.937675e-03
    outer loop
      vertex -2.377906e+01 -9.209036e+00 -1.500000e+00
      vertex -2.531408e+01 -3.073685e+00 -6.413879e+00
      vertex -2.529477e+01 -3.228612e+00 -1.500000e+00
    endloop
  endfacet
  facet normal  9.999923e-01  0.000000e+00 -3.928490e-03
    outer loop
      vertex -2.529477e+01 -3.228612e+00 -1.500000e+00
      vertex -2.531408e+01 -3.073685e+00 -6.413879e+00
      vertex -2.531408e+01  3.073685e+00 -6.413879e+00
    endloop
  endfacet
  facet normal  9.999782e-01  5.687225e-03  3.365717e-03
    outer loop
      vertex -2.529477e+01 -3.228612e+00 -1.500000e+00
      vertex -2.531408e+01  3.073685e+00 -6.413879e+00
      vertex -2.532986e+01  2.940798e+00 -1.500000e+00
    endloop
  endfacet
  facet normal  9.709364e-01 -2.393142e-01 -3.353227e-03
    outer loop
      vertex -2.532986e+01  2.940798e+00 -1.500000e+00
      vertex -2.531408e+01  3.073685e+00 -6.413879e+00
      vertex -2.384291e+01  9.042424e+00 -6.413879e+00
    endloop
  endfacet
  facet normal  9.720775e-01 -2.346433e-01  2.791993e-03
    outer loop
      vertex -2.532986e+01  2.940798e+00 -1.500000e+00
      vertex -2.384291e+01  9.042424e+00 -6.413879e+00
      vertex -2.388222e+01  8.938063e+00 -1.500000e+00
    endloop
  endfacet
  facet normal  8.854526e-01 -4.647215e-01 -2.787323e-03
    outer loop
      vertex -2.388222e+01  8.938063e+00 -1.500000e+00
      vertex -2.384291e+01  9.042424e+00 -6.413879e+00
      vertex -2.098609e+01  1.448565e+01 -6.413879e+00
    endloop
  endfacet
  facet normal  8.872770e-01 -4.612314e-01  2.228128e-03
    outer loop
      vertex -2.388222e+01  8.938063e+00 -1.500000e+00
      vertex -2.098609e+01  1.448565e+01 -6.413879e+00
      vertex -2.103664e+01  1.441214e+01 -1.500000e+00
    endloop
  endfacet
  facet normal  7.485090e-01 -6.631209e-01 -2.219676e-03
    outer loop
      vertex -2.103664e+01  1.441214e+01 -1.500000e+00
      vertex -2.098609e+01  1.448565e+01 -6.413879e+00
      vertex -1.690963e+01  1.908702e+01 -6.413879e+00
    endloop
  endfacet
  facet normal  7.505348e-01 -6.608288e-01  1.662330e-03
    outer loop
      vertex -2.103664e+01  1.441214e+01 -1.500000e+00
      vertex -1.690963e+01  1.908702e+01 -6.413879e+00
      vertex -1.695964e+01  1.904258e+01 -1.500000e+00
    endloop
  endfacet
  facet normal  5.680639e-01 -8.229828e-01 -1.661618e-03
    outer loop
      vertex -1.695964e+01  1.904258e+01 -1.500000e+00
      vertex -1.690963e+01  1.908702e+01 -6.413879e+00
      vertex -1.185044e+01  2.257913e+01 -6.413879e+00
    endloop
  endfacet
  facet normal  5.698643e-01 -8.217381e-01  1.106202e-03
    outer loop
      vertex -1.695964e+01  1.904258e+01 -1.500000e+00
      vertex -1.185044e+01  2.257913e+01 -6.413879e+00
      vertex -1.188992e+01  2.255836e+01 -1.500000e+00
    endloop
  endfacet
  facet normal  3.546047e-01 -9.350157e-01 -1.101893e-03
    outer loop
      vertex -1.188992e+01  2.255836e+01 -1.500000e+00
      vertex -1.185044e+01  2.257913e+01 -6.413879e+00
      vertex -6.102550e+00  2.475902e+01 -6.413879e+00
    endloop
  endfacet
  facet normal  3.558291e-01 -9.345508e-01  5.484013e-04
    outer loop
      vertex -1.188992e+01  2.255836e+01 -1.500000e+00
      vertex -6.102550e+00  2.475902e+01 -6.413879e+00
      vertex -6.124199e+00  2.475366e+01 -1.500000e+00
    endloop
  endfacet
  facet normal  1.205367e-01 -9.927087e-01 -5.516966e-04
    outer loop
      vertex -6.124199e+00  2.475366e+01 -1.500000e+00
      vertex -6.102550e+00  2.475902e+01 -6.413879e+00
      vertex  1.444702e-14  2.550000e+01 -6.413879e+00
    endloop
  endfacet
  facet normal  1.209729e-01 -9.926558e-01  2.787880e-16
    outer loop
      vertex -6.124199e+00  2.475366e+01 -1.500000e+00
      vertex  1.444702e-14  2.550000e+01 -6.413879e+00
      vertex  3.122746e-15  2.550000e+01 -1.500000e+00
    endloop
  endfacet
  facet normal  0.000000e+00  0.000000e+00  1.000000e+00
    outer loop
      vertex -3.254490e+00  2.680314e+01 -1.500000e+00
      vertex -6.124199e+00  2.475366e+01 -1.500000e+00
      vertex  3.122746e-15  2.550000e+01 -1.500000e+00
    endloop
  endfacet
  facet normal  0.000000e+00  0.000000e+00  1.000000e+00
    outer loop
      vertex  0.000000e+00 -2.550000e+01 -1.500000e+00
      vertex -5.842352e+00 -2.482170e+01 -1.500000e+00
      vertex -3.254490e+00 -2.680314e+01 -1.500000e+00
    endloop
  endfacet
  facet normal  0.000000e+00  0.000000e+00  1.000000e+00
    outer loop
      vertex -3.254490e+00 -2.680314e+01 -1.500000e+00
      vertex -5.842352e+00 -2.482170e+01 -1.500000e+00
      vertex -1.163265e+01 -2.269209e+01 -1.500000e+00
    endloop
  endfacet
  facet normal  0.000000e+00  0.000000e+00  9.999999e-01
    outer loop
      vertex -3.254490e+00 -2.680314e+01 -1.500000e+00
      vertex -1.163265e+01 -2.269209e+01 -1.500000e+00
      vertex -9.574332e+00 -2.524544e+01 -1.500000e+00
    endloop
  endfacet
  facet normal  0.000000e+00  0.000000e+00  9.999999e-01
    outer loop
      vertex -9.574332e+00 -2.524544e+01 -1.500000e+00
      vertex -1.163265e+01 -2.269209e+01 -1.500000e+00
      vertex -1.674204e+01 -1.923419e+01 -1.500000e+00
    endloop
  endfacet
  facet normal  0.000000e+00  0.000000e+00  1.000000e+00
    outer loop
      vertex -9.574332e+00 -2.524544e+01 -1.500000e+00
      vertex -1.674204e+01 -1.923419e+01 -1.500000e+00
      vertex -1.533775e+01 -2.222056e+01 -1.500000e+00
    endloop
  endfacet
  facet normal  0.000000e+00  0.000000e+00  1.000000e+00
    outer loop
      vertex -1.533775e+01 -2.222056e+01 -1.500000e+00
      vertex -1.674204e+01 -1.923419e+01 -1.500000e+00
      vertex -2.087140e+01 -1.465039e+01 -1.500000e+00
    endloop
  endfacet
  facet normal  0.000000e+00  0.000000e+00  1.000000e+00
    outer loop
      vertex -1.533775e+01 -2.222056e+01 -1.500000e+00
      vertex -2.087140e+01 -1.465039e+01 -1.500000e+00
      vertex -2.020979e+01 -1.790431e+01 -1.500000e+00
    endloop
  endfacet
  facet normal  0.000000e+00  0.000000e+00  1.000000e+00
    outer loop
      vertex -2.020979e+01 -1.790431e+01 -1.500000e+00
      vertex -2.087140e+01 -1.465039e+01 -1.500000e+00
      vertex -2.377906e+01 -9.209036e+00 -1.500000e+00
    endloop
  endfacet
  facet normal  0.000000e+00  0.000000e+00  1.000000e+00
    outer loop
      vertex -2.020979e+01 -1.790431e+01 -1.500000e+00
      vertex -2.377906e+01 -9.209036e+00 -1.500000e+00
      vertex -2.390731e+01 -1.254753e+01 -1.500000e+00
    endloop
  endfacet
  facet normal  0.000000e+00  -0.000000e+00  1.000000e+00
    outer loop
      vertex -2.390731e+01 -1.254753e+01 -1.500000e+00
      vertex -2.377906e+01 -9.209036e+00 -1.500000e+00
      vertex -2.529477e+01 -3.228612e+00 -1.500000e+00
    endloop
  endfacet
  facet normal  0.000000e+00  0.000000e+00  1.000000e+00
    outer loop
      vertex -2.390731e+01 -1.254753e+01 -1.500000e+00
      vertex -2.529477e+01 -3.228612e+00 -1.500000e+00
      vertex -2.621543e+01 -6.461523e+00 -1.500000e+00
    endloop
  endfacet
  facet normal  0.000000e+00  0.000000e+00  1.000000e+00
    outer loop
      vertex -2.621543e+01 -6.461523e+00 -1.500000e+00
      vertex -2.529477e+01 -3.228612e+00 -1.500000e+00
      vertex -2.532986e+01  2.940798e+00 -1.500000e+00
    endloop
  endfacet
  facet normal  0.000000e+00  0.000000e+00  1.000000e+00
    outer loop
      vertex -2.621543e+01 -6.461523e+00 -1.500000e+00
      vertex -2.532986e+01  2.940798e+00 -1.500000e+00
      vertex -2.700000e+01  3.306437e-15 -1.500000e+00
    endloop
  endfacet
  facet normal  0.000000e+00  0.000000e+00  1.000000e+00
    outer loop
      vertex  2.621543e+01 -6.461523e+00 -1.500000e+00
      vertex  2.700000e+01  0.000000e+00 -1.500000e+00
      vertex  2.531408e+01 -3.073685e+00 -1.500000e+00
    endloop
  endfacet
  facet normal  0.000000e+00  0.000000e+00  1.000000e+00
    outer loop
      vertex  2.531408e+01 -3.073685e+00 -1.500000e+00
      vertex  2.700000e+01  0.000000e+00 -1.500000e+00
      vertex  2.621543e+01  6.461523e+00 -1.500000e+00
    endloop
  endfacet
  facet normal  0.000000e+00  0.000000e+00  1.000000e+00
    outer loop
      vertex  2.531408e+01 -3.073685e+00 -1.500000e+00
      vertex  2.621543e+01  6.461523e+00 -1.500000e+00
      vertex  2.531408e+01  3.073685e+00 -1.500000e+00
    endloop
  endfacet
  facet normal  0.000000e+00  -0.000000e+00  1.000000e+00
    outer loop
      vertex  2.531408e+01  3.073685e+00 -1.500000e+00
      vertex  2.621543e+01  6.461523e+00 -1.500000e+00
      vertex  2.390731e+01  1.254753e+01 -1.500000e+00
    endloop
  endfacet
  facet normal  0.000000e+00  0.000000e+00  1.000000e+00
    outer loop
      vertex  2.531408e+01  3.073685e+00 -1.500000e+00
      vertex  2.390731e+01  1.254753e+01 -1.500000e+00
      vertex  2.384291e+01  9.042424e+00 -1.500000e+00
    endloop
  endfacet
  facet normal  0.000000e+00  -0.000000e+00  1.000000e+00
    outer loop
      vertex  2.384291e+01  9.042424e+00 -1.500000e+00
      vertex  2.390731e+01  1.254753e+01 -1.500000e+00
      vertex  2.020979e+01  1.790431e+01 -1.500000e+00
    endloop
  endfacet
  facet normal  0.000000e+00  0.000000e+00  9.999999e-01
    outer loop
      vertex  2.384291e+01  9.042424e+00 -1.500000e+00
      vertex  2.020979e+01  1.790431e+01 -1.500000e+00
      vertex  2.098609e+01  1.448565e+01 -1.500000e+00
    endloop
  endfacet
  facet normal  0.000000e+00  0.000000e+00  1.000000e+00
    outer loop
      vertex  2.098609e+01  1.448565e+01 -1.500000e+00
      vertex  2.020979e+01  1.790431e+01 -1.500000e+00
      vertex  1.533775e+01  2.222056e+01 -1.500000e+00
    endloop
  endfacet
  facet normal  0.000000e+00  0.000000e+00  9.999999e-01
    outer loop
      vertex  2.098609e+01  1.448565e+01 -1.500000e+00
      vertex  1.533775e+01  2.222056e+01 -1.500000e+00
      vertex  1.690963e+01  1.908702e+01 -1.500000e+00
    endloop
  endfacet
  facet normal  0.000000e+00  0.000000e+00  1.000000e+00
    outer loop
      vertex  1.690963e+01  1.908702e+01 -1.500000e+00
      vertex  1.533775e+01  2.222056e+01 -1.500000e+00
      vertex  9.574332e+00  2.524544e+01 -1.500000e+00
    endloop
  endfacet
  facet normal  0.000000e+00  0.000000e+00  1.000000e+00
    outer loop
      vertex  1.690963e+01  1.908702e+01 -1.500000e+00
      vertex  9.574332e+00  2.524544e+01 -1.500000e+00
      vertex  1.185044e+01  2.257913e+01 -1.500000e+00
    endloop
  endfacet
  facet normal  0.000000e+00  0.000000e+00  1.000000e+00
    outer loop
      vertex  1.185044e+01  2.257913e+01 -1.500000e+00
      vertex  9.574332e+00  2.524544e+01 -1.500000e+00
      vertex  3.254490e+00  2.680314e+01 -1.500000e+00
    endloop
  endfacet
  facet normal  0.000000e+00  0.000000e+00  1.000000e+00
    outer loop
      vertex  1.185044e+01  2.257913e+01 -1.500000e+00
      vertex  3.254490e+00  2.680314e+01 -1.500000e+00
      vertex  6.102550e+00  2.475902e+01 -1.500000e+00
    endloop
  endfacet
  facet normal  0.000000e+00  0.000000e+00  1.000000e+00
    outer loop
      vertex  6.102550e+00  2.475902e+01 -1.500000e+00
      vertex  3.254490e+00  2.680314e+01 -1.500000e+00
      vertex -3.254490e+00  2.680314e+01 -1.500000e+00
    endloop
  endfacet
  facet normal  0.000000e+00  0.000000e+00  9.999999e-01
    outer loop
      vertex  6.102550e+00  2.475902e+01 -1.500000e+00
      vertex -3.254490e+00  2.680314e+01 -1.500000e+00
      vertex  3.122746e-15  2.550000e+01 -1.500000e+00
    endloop
  endfacet
  facet normal  -0.000000e+00  0.000000e+00  1.000000e+00
    outer loop
      vertex  1.533775e+01 -2.222056e+01 -1.500000e+00
      vertex  1.185044e+01 -2.257913e+01 -1.500000e+00
      vertex  9.574332e+00 -2.524544e+01 -1.500000e+00
    endloop
  endfacet
  facet normal  0.000000e+00  -0.000000e+00  1.000000e+00
    outer loop
      vertex  9.574332e+00 -2.524544e+01 -1.500000e+00
      vertex  1.185044e+01 -2.257913e+01 -1.500000e+00
      vertex  6.102550e+00 -2.475902e+01 -1.500000e+00
    endloop
  endfacet
  facet normal  0.000000e+00  0.000000e+00  1.000000e+00
    outer loop
      vertex  9.574332e+00 -2.524544e+01 -1.500000e+00
      vertex  6.102550e+00 -2.475902e+01 -1.500000e+00
      vertex  3.254490e+00 -2.680314e+01 -1.500000e+00
    endloop
  endfacet
  facet normal  0.000000e+00  -0.000000e+00  1.000000e+00
    outer loop
      vertex  3.254490e+00 -2.680314e+01 -1.500000e+00
      vertex  6.102550e+00 -2.475902e+01 -1.500000e+00
      vertex  0.000000e+00 -2.550000e+01 -1.500000e+00
    endloop
  endfacet
  facet normal  0.000000e+00  0.000000e+00  1.000000e+00
    outer loop
      vertex  3.254490e+00 -2.680314e+01 -1.500000e+00
      vertex  0.000000e+00 -2.550000e+01 -1.500000e+00
      vertex -3.254490e+00 -2.680314e+01 -1.500000e+00
    endloop
  endfacet
  facet normal  0.000000e+00  -0.000000e+00  1.000000e+00
    outer loop
      vertex  1.185044e+01 -2.257913e+01 -1.500000e+00
      vertex  1.533775e+01 -2.222056e+01 -1.500000e+00
      vertex  1.690963e+01 -1.908702e+01 -1.500000e+00
    endloop
  endfacet
  facet normal  -0.000000e+00  0.000000e+00  1.000000e+00
    outer loop
      vertex  1.690963e+01 -1.908702e+01 -1.500000e+00
      vertex  1.533775e+01 -2.222056e+01 -1.500000e+00
      vertex  2.020979e+01 -1.790431e+01 -1.500000e+00
    endloop
  endfacet
  facet normal  0.000000e+00  -0.000000e+00  1.000000e+00
    outer loop
      vertex  1.690963e+01 -1.908702e+01 -1.500000e+00
      vertex  2.020979e+01 -1.790431e+01 -1.500000e+00
      vertex  2.098609e+01 -1.448565e+01 -1.500000e+00
    endloop
  endfacet
  facet normal  -0.000000e+00  0.000000e+00  1.000000e+00
    outer loop
      vertex  2.098609e+01 -1.448565e+01 -1.500000e+00
      vertex  2.020979e+01 -1.790431e+01 -1.500000e+00
      vertex  2.390731e+01 -1.254753e+01 -1.500000e+00
    endloop
  endfacet
  facet normal  0.000000e+00  0.000000e+00  1.000000e+00
    outer loop
      vertex  2.098609e+01 -1.448565e+01 -1.500000e+00
      vertex  2.390731e+01 -1.254753e+01 -1.500000e+00
      vertex  2.384291e+01 -9.042424e+00 -1.500000e+00
    endloop
  endfacet
  facet normal  -0.000000e+00  0.000000e+00  1.000000e+00
    outer loop
      vertex  2.384291e+01 -9.042424e+00 -1.500000e+00
      vertex  2.390731e+01 -1.254753e+01 -1.500000e+00
      vertex  2.621543e+01 -6.461523e+00 -1.500000e+00
    endloop
  endfacet
  facet normal  0.000000e+00  0.000000e+00  1.000000e+00
    outer loop
      vertex  2.384291e+01 -9.042424e+00 -1.500000e+00
      vertex  2.621543e+01 -6.461523e+00 -1.500000e+00
      vertex  2.531408e+01 -3.073685e+00 -1.500000e+00
    endloop
  endfacet
  facet normal  0.000000e+00  0.000000e+00  1.000000e+00
    outer loop
      vertex -2.700000e+01  3.306437e-15 -1.500000e+00
      vertex -2.532986e+01  2.940798e+00 -1.500000e+00
      vertex -2.621543e+01  6.461523e+00 -1.500000e+00
    endloop
  endfacet
  facet normal  -0.000000e+00  0.000000e+00  1.000000e+00
    outer loop
      vertex -2.621543e+01  6.461523e+00 -1.500000e+00
      vertex -2.532986e+01  2.940798e+00 -1.500000e+00
      vertex -2.388222e+01  8.938063e+00 -1.500000e+00
    endloop
  endfacet
  facet normal  0.000000e+00  0.000000e+00  1.000000e+00
    outer loop
      vertex -2.621543e+01  6.461523e+00 -1.500000e+00
      vertex -2.388222e+01  8.938063e+00 -1.500000e+00
      vertex -2.390731e+01  1.254753e+01 -1.500000e+00
    endloop
  endfacet
  facet normal  -0.000000e+00  0.000000e+00  1.000000e+00
    outer loop
      vertex -2.390731e+01  1.254753e+01 -1.500000e+00
      vertex -2.388222e+01  8.938063e+00 -1.500000e+00
      vertex -2.103664e+01  1.441214e+01 -1.500000e+00
    endloop
  endfacet
  facet normal  0.000000e+00  -0.000000e+00  1.000000e+00
    outer loop
      vertex -2.390731e+01  1.254753e+01 -1.500000e+00
      vertex -2.103664e+01  1.441214e+01 -1.500000e+00
      vertex -2.020979e+01  1.790431e+01 -1.500000e+00
    endloop
  endfacet
  facet normal  -0.000000e+00  0.000000e+00  9.999999e-01
    outer loop
      vertex -2.020979e+01  1.790431e+01 -1.500000e+00
      vertex -2.103664e+01  1.441214e+01 -1.500000e+00
      vertex -1.695964e+01  1.904258e+01 -1.500000e+00
    endloop
  endfacet
  facet normal  0.000000e+00  -0.000000e+00  1.000000e+00
    outer loop
      vertex -2.020979e+01  1.790431e+01 -1.500000e+00
      vertex -1.695964e+01  1.904258e+01 -1.500000e+00
      vertex -1.533775e+01  2.222056e+01 -1.500000e+00
    endloop
  endfacet
  facet normal  -0.000000e+00  0.000000e+00  1.000000e+00
    outer loop
      vertex -1.533775e+01  2.222056e+01 -1.500000e+00
      vertex -1.695964e+01  1.904258e+01 -1.500000e+00
      vertex -1.188992e+01  2.255836e+01 -1.500000e+00
    endloop
  endfacet
  facet normal  0.000000e+00  -0.000000e+00  1.000000e+00
    outer loop
      vertex -1.533775e+01  2.222056e+01 -1.500000e+00
      vertex -1.188992e+01  2.255836e+01 -1.500000e+00
      vertex -9.574332e+00  2.524544e+01 -1.500000e+00
    endloop
  endfacet
  facet normal  0.000000e+00  0.000000e+00  1.000000e+00
    outer loop
      vertex -9.574332e+00  2.524544e+01 -1.500000e+00
      vertex -1.188992e+01  2.255836e+01 -1.500000e+00
      vertex -6.124199e+00  2.475366e+01 -1.500000e+00
    endloop
  endfacet
  facet normal  0.000000e+00  -0.000000e+00  1.000000e+00
    outer loop
      vertex -9.574332e+00  2.524544e+01 -1.500000e+00
      vertex -6.124199e+00  2.475366e+01 -1.500000e+00
      vertex -3.254490e+00  2.680314e+01 -1.500000e+00
    endloop
  endfacet
  facet normal -9.709419e-01 -2.393155e-01  -0.000000e+00
    outer loop
      vertex  2.531408e+01  3.073685e+00 -6.413879e+00
      vertex  2.384291e+01  9.042424e+00 -1.500000e+00
      vertex  2.384291e+01  9.042424e+00 -6.413879e+00
    endloop
  endfacet
  facet normal -8.854560e-01 -4.647233e-01  0.000000e+00
    outer loop
      vertex  2.384291e+01  9.042424e+00 -6.413879e+00
      vertex  2.384291e+01  9.042424e+00 -1.500000e+00
      vertex  2.098609e+01  1.448565e+01 -1.500000e+00
    endloop
  endfacet
  facet normal -8.854560e-01 -4.647233e-01  -0.000000e+00
    outer loop
      vertex  2.384291e+01  9.042424e+00 -6.413879e+00
      vertex  2.098609e+01  1.448565e+01 -1.500000e+00
      vertex  2.098609e+01  1.448565e+01 -6.413879e+00
    endloop
  endfacet
  facet normal -7.485109e-01 -6.631225e-01  0.000000e+00
    outer loop
      vertex  2.098609e+01  1.448565e+01 -6.413879e+00
      vertex  2.098609e+01  1.448565e+01 -1.500000e+00
      vertex  1.690963e+01  1.908702e+01 -1.500000e+00
    endloop
  endfacet
  facet normal -7.485109e-01 -6.631225e-01  -0.000000e+00
    outer loop
      vertex  2.098609e+01  1.448565e+01 -6.413879e+00
      vertex  1.690963e+01  1.908702e+01 -1.500000e+00
      vertex  1.690963e+01  1.908702e+01 -6.413879e+00
    endloop
  endfacet
  facet normal -5.680646e-01 -8.229839e-01  0.000000e+00
    outer loop
      vertex  1.690963e+01  1.908702e+01 -6.413879e+00
      vertex  1.690963e+01  1.908702e+01 -1.500000e+00
      vertex  1.185044e+01  2.257913e+01 -1.500000e+00
    endloop
  endfacet
  facet normal -5.680646e-01 -8.229839e-01  -0.000000e+00
    outer loop
      vertex  1.690963e+01  1.908702e+01 -6.413879e+00
      vertex  1.185044e+01  2.257913e+01 -1.500000e+00
      vertex  1.185044e+01  2.257913e+01 -6.413879e+00
    endloop
  endfacet
  facet normal -3.546049e-01 -9.350162e-01  0.000000e+00
    outer loop
      vertex  1.185044e+01  2.257913e+01 -6.413879e+00
      vertex  1.185044e+01  2.257913e+01 -1.500000e+00
      vertex  6.102550e+00  2.475902e+01 -1.500000e+00
    endloop
  endfacet
  facet normal -3.546049e-01 -9.350162e-01  -0.000000e+00
    outer loop
      vertex  1.185044e+01  2.257913e+01 -6.413879e+00
      vertex  6.102550e+00  2.475902e+01 -1.500000e+00
      vertex  6.102550e+00  2.475902e+01 -6.413879e+00
    endloop
  endfacet
  facet normal -1.205367e-01 -9.927089e-01  0.000000e+00
    outer loop
      vertex  6.102550e+00  2.475902e+01 -6.413879e+00
      vertex  6.102550e+00  2.475902e+01 -1.500000e+00
      vertex  3.122746e-15  2.550000e+01 -1.500000e+00
    endloop
  endfacet
  facet normal -1.205367e-01 -9.927089e-01 -2.777828e-16
    outer loop
      vertex  6.102550e+00  2.475902e+01 -6.413879e+00
      vertex  3.122746e-15  2.550000e+01 -1.500000e+00
      vertex  1.444702e-14  2.550000e+01 -6.413879e+00
    endloop
  endfacet
  facet normal -9.709419e-01 -2.393155e-01  0.000000e+00
    outer loop
      vertex  2.384291e+01  9.042424e+00 -1.500000e+00
      vertex  2.531408e+01  3.073685e+00 -6.413879e+00
      vertex  2.531408e+01  3.073685e+00 -1.500000e+00
    endloop
  endfacet
  facet normal -1.000000e+00  0.000000e+00  -0.000000e+00
    outer loop
      vertex  2.531408e+01  3.073685e+00 -1.500000e+00
      vertex  2.531408e+01  3.073685e+00 -6.413879e+00
      vertex  2.531408e+01 -3.073685e+00 -6.413879e+00
    endloop
  endfacet
  facet normal -1.000000e+00  0.000000e+00  0.000000e+00
    outer loop
      vertex  2.531408e+01  3.073685e+00 -1.500000e+00
      vertex  2.531408e+01 -3.073685e+00 -6.413879e+00
      vertex  2.531408e+01 -3.073685e+00 -1.500000e+00
    endloop
  endfacet
  facet normal -9.709419e-01  2.393155e-01  0.000000e+00
    outer loop
      vertex  2.531408e+01 -3.073685e+00 -1.500000e+00
      vertex  2.531408e+01 -3.073685e+00 -6.413879e+00
      vertex  2.384291e+01 -9.042424e+00 -6.413879e+00
    endloop
  endfacet
  facet normal -9.709419e-01  2.393155e-01  0.000000e+00
    outer loop
      vertex  2.531408e+01 -3.073685e+00 -1.500000e+00
      vertex  2.384291e+01 -9.042424e+00 -6.413879e+00
      vertex  2.384291e+01 -9.042424e+00 -1.500000e+00
    endloop
  endfacet
  facet normal -8.854560e-01  4.647233e-01  0.000000e+00
    outer loop
      vertex  2.384291e+01 -9.042424e+00 -1.500000e+00
      vertex  2.384291e+01 -9.042424e+00 -6.413879e+00
      vertex  2.098609e+01 -1.448565e+01 -6.413879e+00
    endloop
  endfacet
  facet normal -8.854560e-01  4.647233e-01  0.000000e+00
    outer loop
      vertex  2.384291e+01 -9.042424e+00 -1.500000e+00
      vertex  2.098609e+01 -1.448565e+01 -6.413879e+00
      vertex  2.098609e+01 -1.448565e+01 -1.500000e+00
    endloop
  endfacet
  facet normal -7.485109e-01  6.631225e-01  0.000000e+00
    outer loop
      vertex  2.098609e+01 -1.448565e+01 -1.500000e+00
      vertex  2.098609e+01 -1.448565e+01 -6.413879e+00
      vertex  1.690963e+01 -1.908702e+01 -6.413879e+00
    endloop
  endfacet
  facet normal -7.485109e-01  6.631225e-01  0.000000e+00
    outer loop
      vertex  2.098609e+01 -1.448565e+01 -1.500000e+00
      vertex  1.690963e+01 -1.908702e+01 -6.413879e+00
      vertex  1.690963e+01 -1.908702e+01 -1.500000e+00
    endloop
  endfacet
  facet normal -5.680646e-01  8.229839e-01  0.000000e+00
    outer loop
      vertex  1.690963e+01 -1.908702e+01 -1.500000e+00
      vertex  1.690963e+01 -1.908702e+01 -6.413879e+00
      vertex  1.185044e+01 -2.257913e+01 -6.413879e+00
    endloop
  endfacet
  facet normal -5.680646e-01  8.229839e-01  0.000000e+00
    outer loop
      vertex  1.690963e+01 -1.908702e+01 -1.500000e+00
      vertex  1.185044e+01 -2.257913e+01 -6.413879e+00
      vertex  1.185044e+01 -2.257913e+01 -1.500000e+00
    endloop
  endfacet
  facet normal -3.546049e-01  9.350162e-01  0.000000e+00
    outer loop
      vertex  1.185044e+01 -2.257913e+01 -1.500000e+00
      vertex  1.185044e+01 -2.257913e+01 -6.413879e+00
      vertex  6.102550e+00 -2.475902e+01 -6.413879e+00
    endloop
  endfacet
  facet normal -3.546049e-01  9.350162e-01  0.000000e+00
    outer loop
      vertex  1.185044e+01 -2.257913e+01 -1.500000e+00
      vertex  6.102550e+00 -2.475902e+01 -6.413879e+00
      vertex  6.102550e+00 -2.475902e+01 -1.500000e+00
    endloop
  endfacet
  facet normal -1.205367e-01  9.927089e-01  0.000000e+00
    outer loop
      vertex  6.102550e+00 -2.475902e+01 -1.500000e+00
      vertex  6.102550e+00 -2.475902e+01 -6.413879e+00
      vertex  0.000000e+00 -2.550000e+01 -6.413879e+00
    endloop
  endfacet
  facet normal -1.205367e-01  9.927089e-01  0.000000e+00
    outer loop
      vertex  6.102550e+00 -2.475902e+01 -1.500000e+00
      vertex  0.000000e+00 -2.550000e+01 -6.413879e+00
      vertex  0.000000e+00 -2.550000e+01 -1.500000e+00
    endloop
  endfacet
  facet normal  9.927089e-01 -1.205367e-01  8.714748e-16
    outer loop
      vertex  2.700000e+01 -3.552714e-14 -6.413879e+00
      vertex  2.700000e+01  0.000000e+00 -1.500000e+00
      vertex  2.621543e+01 -6.461523e+00 -6.413879e+00
    endloop
  endfacet
  facet normal  9.927089e-01 -1.205367e-01  0.000000e+00
    outer loop
      vertex  2.621543e+01 -6.461523e+00 -6.413879e+00
      vertex  2.700000e+01  0.000000e+00 -1.500000e+00
      vertex  2.621543e+01 -6.461523e+00 -1.500000e+00
    endloop
  endfacet
  facet normal  9.350163e-01 -3.546050e-01  0.000000e+00
    outer loop
      vertex  2.621543e+01 -6.461523e+00 -6.413879e+00
      vertex  2.621543e+01 -6.461523e+00 -1.500000e+00
      vertex  2.390731e+01 -1.254753e+01 -6.413879e+00
    endloop
  endfacet
  facet normal  9.350163e-01 -3.546050e-01  0.000000e+00
    outer loop
      vertex  2.390731e+01 -1.254753e+01 -6.413879e+00
      vertex  2.621543e+01 -6.461523e+00 -1.500000e+00
      vertex  2.390731e+01 -1.254753e+01 -1.500000e+00
    endloop
  endfacet
  facet normal  8.229839e-01 -5.680648e-01  0.000000e+00
    outer loop
      vertex  2.390731e+01 -1.254753e+01 -6.413879e+00
      vertex  2.390731e+01 -1.254753e+01 -1.500000e+00
      vertex  2.020979e+01 -1.790431e+01 -6.413879e+00
    endloop
  endfacet
  facet normal  8.229839e-01 -5.680648e-01  0.000000e+00
    outer loop
      vertex  2.020979e+01 -1.790431e+01 -6.413879e+00
      vertex  2.390731e+01 -1.254753e+01 -1.500000e+00
      vertex  2.020979e+01 -1.790431e+01 -1.500000e+00
    endloop
  endfacet
  facet normal  6.631228e-01 -7.485108e-01  0.000000e+00
    outer loop
      vertex  2.020979e+01 -1.790431e+01 -6.413879e+00
      vertex  2.020979e+01 -1.790431e+01 -1.500000e+00
      vertex  1.533775e+01 -2.222056e+01 -6.413879e+00
    endloop
  endfacet
  facet normal  6.631228e-01 -7.485108e-01  0.000000e+00
    outer loop
      vertex  1.533775e+01 -2.222056e+01 -6.413879e+00
      vertex  2.020979e+01 -1.790431e+01 -1.500000e+00
      vertex  1.533775e+01 -2.222056e+01 -1.500000e+00
    endloop
  endfacet
  facet normal  4.647231e-01 -8.854561e-01  0.000000e+00
    outer loop
      vertex  1.533775e+01 -2.222056e+01 -6.413879e+00
      vertex  1.533775e+01 -2.222056e+01 -1.500000e+00
      vertex  9.574332e+00 -2.524544e+01 -6.413879e+00
    endloop
  endfacet
  facet normal  4.647231e-01 -8.854561e-01  0.000000e+00
    outer loop
      vertex  9.574332e+00 -2.524544e+01 -6.413879e+00
      vertex  1.533775e+01 -2.222056e+01 -1.500000e+00
      vertex  9.574332e+00 -2.524544e+01 -1.500000e+00
    endloop
  endfacet
  facet normal  2.393157e-01 -9.709418e-01  0.000000e+00
    outer loop
      vertex  9.574332e+00 -2.524544e+01 -6.413879e+00
      vertex  9.574332e+00 -2.524544e+01 -1.500000e+00
      vertex  3.254490e+00 -2.680314e+01 -6.413879e+00
    endloop
  endfacet
  facet normal  2.393157e-01 -9.709418e-01  0.000000e+00
    outer loop
      vertex  3.254490e+00 -2.680314e+01 -6.413879e+00
      vertex  9.574332e+00 -2.524544e+01 -1.500000e+00
      vertex  3.254490e+00 -2.680314e+01 -1.500000e+00
    endloop
  endfacet
  facet normal  0.000000e+00 -1.000000e+00  -0.000000e+00
    outer loop
      vertex  3.254490e+00 -2.680314e+01 -6.413879e+00
      vertex  3.254490e+00 -2.680314e+01 -1.500000e+00
      vertex -3.254490e+00 -2.680314e+01 -6.413879e+00
    endloop
  endfacet
  facet normal  0.000000e+00 -1.000000e+00  0.000000e+00
    outer loop
      vertex -3.254490e+00 -2.680314e+01 -6.413879e+00
      vertex  3.254490e+00 -2.680314e+01 -1.500000e+00
      vertex -3.254490e+00 -2.680314e+01 -1.500000e+00
    endloop
  endfacet
  facet normal -2.393157e-01 -9.709418e-01  -0.000000e+00
    outer loop
      vertex -3.254490e+00 -2.680314e+01 -6.413879e+00
      vertex -3.254490e+00 -2.680314e+01 -1.500000e+00
      vertex -9.574332e+00 -2.524544e+01 -6.413879e+00
    endloop
  endfacet
  facet normal -2.393157e-01 -9.709418e-01  0.000000e+00
    outer loop
      vertex -9.574332e+00 -2.524544e+01 -6.413879e+00
      vertex -3.254490e+00 -2.680314e+01 -1.500000e+00
      vertex -9.574332e+00 -2.524544e+01 -1.500000e+00
    endloop
  endfacet
  facet normal -4.647231e-01 -8.854561e-01  -0.000000e+00
    outer loop
      vertex -9.574332e+00 -2.524544e+01 -6.413879e+00
      vertex -9.574332e+00 -2.524544e+01 -1.500000e+00
      vertex -1.533775e+01 -2.222056e+01 -6.413879e+00
    endloop
  endfacet
  facet normal -4.647231e-01 -8.854561e-01  0.000000e+00
    outer loop
      vertex -1.533775e+01 -2.222056e+01 -6.413879e+00
      vertex -9.574332e+00 -2.524544e+01 -1.500000e+00
      vertex -1.533775e+01 -2.222056e+01 -1.500000e+00
    endloop
  endfacet
  facet normal -6.631228e-01 -7.485108e-01  -0.000000e+00
    outer loop
      vertex -1.533775e+01 -2.222056e+01 -6.413879e+00
      vertex -1.533775e+01 -2.222056e+01 -1.500000e+00
      vertex -2.020979e+01 -1.790431e+01 -6.413879e+00
    endloop
  endfacet
  facet normal -6.631228e-01 -7.485108e-01  0.000000e+00
    outer loop
      vertex -2.020979e+01 -1.790431e+01 -6.413879e+00
      vertex -1.533775e+01 -2.222056e+01 -1.500000e+00
      vertex -2.020979e+01 -1.790431e+01 -1.500000e+00
    endloop
  endfacet
  facet normal -8.229839e-01 -5.680648e-01  -0.000000e+00
    outer loop
      vertex -2.020979e+01 -1.790431e+01 -6.413879e+00
      vertex -2.020979e+01 -1.790431e+01 -1.500000e+00
      vertex -2.390731e+01 -1.254753e+01 -6.413879e+00
    endloop
  endfacet
  facet normal -8.229839e-01 -5.680648e-01  0.000000e+00
    outer loop
      vertex -2.390731e+01 -1.254753e+01 -6.413879e+00
      vertex -2.020979e+01 -1.790431e+01 -1.500000e+00
      vertex -2.390731e+01 -1.254753e+01 -1.500000e+00
    endloop
  endfacet
  facet normal -9.350163e-01 -3.546050e-01  -0.000000e+00
    outer loop
      vertex -2.390731e+01 -1.254753e+01 -6.413879e+00
      vertex -2.390731e+01 -1.254753e+01 -1.500000e+00
      vertex -2.621543e+01 -6.461523e+00 -6.413879e+00
    endloop
  endfacet
  facet normal -9.350163e-01 -3.546050e-01  0.000000e+00
    outer loop
      vertex -2.621543e+01 -6.461523e+00 -6.413879e+00
      vertex -2.390731e+01 -1.254753e+01 -1.500000e+00
      vertex -2.621543e+01 -6.461523e+00 -1.500000e+00
    endloop
  endfacet
  facet normal -9.927089e-01 -1.205367e-01  -0.000000e+00
    outer loop
      vertex -2.621543e+01 -6.461523e+00 -6.413879e+00
      vertex -2.621543e+01 -6.461523e+00 -1.500000e+00
      vertex -2.700000e+01  3.306437e-15 -6.413879e+00
    endloop
  endfacet
  facet normal -9.927089e-01 -1.205367e-01  0.000000e+00
    outer loop
      vertex -2.700000e+01  3.306437e-15 -6.413879e+00
      vertex -2.621543e+01 -6.461523e+00 -1.500000e+00
      vertex -2.700000e+01  3.306437e-15 -1.500000e+00
    endloop
  endfacet
  facet normal -9.937121e-01  1.119644e-01  0.000000e+00
    outer loop
      vertex -3.074000e+01  3.764440e-15 -2.550000e+01
      vertex -3.074000e+01  3.764440e-15 -1.500000e+00
      vertex -2.996928e+01  6.840293e+00 -2.550000e+01
    endloop
  endfacet
  facet normal -9.937121e-01  1.119644e-01  0.000000e+00
    outer loop
      vertex -2.996928e+01  6.840293e+00 -2.550000e+01
      vertex -3.074000e+01  3.764440e-15 -1.500000e+00
      vertex -2.996928e+01  6.840293e+00 -1.500000e+00
    endloop
  endfacet
  facet normal -9.438833e-01  3.302790e-01  0.000000e+00
    outer loop
      vertex -2.996928e+01  6.840293e+00 -2.550000e+01
      vertex -2.996928e+01  6.840293e+00 -1.500000e+00
      vertex -2.769578e+01  1.333759e+01 -2.550000e+01
    endloop
  endfacet
  facet normal -9.438833e-01  3.302790e-01  0.000000e+00
    outer loop
      vertex -2.769578e+01  1.333759e+01 -2.550000e+01
      vertex -2.996928e+01  6.840293e+00 -1.500000e+00
      vertex -2.769578e+01  1.333759e+01 -1.500000e+00
    endloop
  endfacet
  facet normal -8.467242e-01  5.320321e-01  0.000000e+00
    outer loop
      vertex -2.769578e+01  1.333759e+01 -2.550000e+01
      vertex -2.769578e+01  1.333759e+01 -1.500000e+00
      vertex -2.403350e+01  1.916608e+01 -2.550000e+01
    endloop
  endfacet
  facet normal -8.467242e-01  5.320321e-01  0.000000e+00
    outer loop
      vertex -2.403350e+01  1.916608e+01 -2.550000e+01
      vertex -2.769578e+01  1.333759e+01 -1.500000e+00
      vertex -2.403350e+01  1.916608e+01 -1.500000e+00
    endloop
  endfacet
  facet normal -7.071068e-01  7.071068e-01  0.000000e+00
    outer loop
      vertex -2.403350e+01  1.916608e+01 -2.550000e+01
      vertex -2.403350e+01  1.916608e+01 -1.500000e+00
      vertex -1.916608e+01  2.403350e+01 -2.550000e+01
    endloop
  endfacet
  facet normal -7.071068e-01  7.071068e-01  0.000000e+00
    outer loop
      vertex -1.916608e+01  2.403350e+01 -2.550000e+01
      vertex -2.403350e+01  1.916608e+01 -1.500000e+00
      vertex -1.916608e+01  2.403350e+01 -1.500000e+00
    endloop
  endfacet
  facet normal -5.320321e-01  8.467242e-01  0.000000e+00
    outer loop
      vertex -1.916608e+01  2.403350e+01 -2.550000e+01
      vertex -1.916608e+01  2.403350e+01 -1.500000e+00
      vertex -1.333759e+01  2.769578e+01 -2.550000e+01
    endloop
  endfacet
  facet normal -5.320321e-01  8.467242e-01  0.000000e+00
    outer loop
      vertex -1.333759e+01  2.769578e+01 -2.550000e+01
      vertex -1.916608e+01  2.403350e+01 -1.500000e+00
      vertex -1.333759e+01  2.769578e+01 -1.500000e+00
    endloop
  endfacet
  facet normal -3.302790e-01  9.438833e-01  0.000000e+00
    outer loop
      vertex -1.333759e+01  2.769578e+01 -2.550000e+01
      vertex -1.333759e+01  2.769578e+01 -1.500000e+00
      vertex -6.840293e+00  2.996928e+01 -2.550000e+01
    endloop
  endfacet
  facet normal -3.302790e-01  9.438833e-01  0.000000e+00
    outer loop
      vertex -6.840293e+00  2.996928e+01 -2.550000e+01
      vertex -1.333759e+01  2.769578e+01 -1.500000e+00
      vertex -6.840293e+00  2.996928e+01 -1.500000e+00
    endloop
  endfacet
  facet normal -1.119644e-01  9.937121e-01  0.000000e+00
    outer loop
      vertex -6.840293e+00  2.996928e+01 -2.550000e+01
      vertex -6.840293e+00  2.996928e+01 -1.500000e+00
      vertex  8.707871e-15  3.074000e+01 -2.550000e+01
    endloop
  endfacet
  facet normal -1.119644e-01  9.937121e-01  0.000000e+00
    outer loop
      vertex  8.707871e-15  3.074000e+01 -2.550000e+01
      vertex -6.840293e+00  2.996928e+01 -1.500000e+00
      vertex  8.707871e-15  3.074000e+01 -1.500000e+00
    endloop
  endfacet
  facet normal  1.119644e-01  9.937121e-01  0.000000e+00
    outer loop
      vertex  8.707871e-15  3.074000e+01 -2.550000e+01
      vertex  8.707871e-15  3.074000e+01 -1.500000e+00
      vertex  6.840293e+00  2.996928e+01 -2.550000e+01
    endloop
  endfacet
  facet normal  1.119644e-01  9.937121e-01  -0.000000e+00
    outer loop
      vertex  6.840293e+00  2.996928e+01 -2.550000e+01
      vertex  8.707871e-15  3.074000e+01 -1.500000e+00
      vertex  6.840293e+00  2.996928e+01 -1.500000e+00
    endloop
  endfacet
  facet normal  3.302790e-01  9.438833e-01  0.000000e+00
    outer loop
      vertex  6.840293e+00  2.996928e+01 -2.550000e+01
      vertex  6.840293e+00  2.996928e+01 -1.500000e+00
      vertex  1.333759e+01  2.769578e+01 -2.550000e+01
    endloop
  endfacet
  facet normal  3.302790e-01  9.438833e-01  -0.000000e+00
    outer loop
      vertex  1.333759e+01  2.769578e+01 -2.550000e+01
      vertex  6.840293e+00  2.996928e+01 -1.500000e+00
      vertex  1.333759e+01  2.769578e+01 -1.500000e+00
    endloop
  endfacet
  facet normal  5.320321e-01  8.467242e-01  0.000000e+00
    outer loop
      vertex  1.333759e+01  2.769578e+01 -2.550000e+01
      vertex  1.333759e+01  2.769578e+01 -1.500000e+00
      vertex  1.916608e+01  2.403350e+01 -2.550000e+01
    endloop
  endfacet
  facet normal  5.320321e-01  8.467242e-01  -0.000000e+00
    outer loop
      vertex  1.916608e+01  2.403350e+01 -2.550000e+01
      vertex  1.333759e+01  2.769578e+01 -1.500000e+00
      vertex  1.916608e+01  2.403350e+01 -1.500000e+00
    endloop
  endfacet
  facet normal  7.071068e-01  7.071068e-01  0.000000e+00
    outer loop
      vertex  1.916608e+01  2.403350e+01 -2.550000e+01
      vertex  1.916608e+01  2.403350e+01 -1.500000e+00
      vertex  2.403350e+01  1.916608e+01 -2.550000e+01
    endloop
  endfacet
  facet normal  7.071068e-01  7.071068e-01  -0.000000e+00
    outer loop
      vertex  2.403350e+01  1.916608e+01 -2.550000e+01
      vertex  1.916608e+01  2.403350e+01 -1.500000e+00
      vertex  2.403350e+01  1.916608e+01 -1.500000e+00
    endloop
  endfacet
  facet normal  8.467242e-01  5.320321e-01  0.000000e+00
    outer loop
      vertex  2.403350e+01  1.916608e+01 -2.550000e+01
      vertex  2.403350e+01  1.916608e+01 -1.500000e+00
      vertex  2.769578e+01  1.333759e+01 -2.550000e+01
    endloop
  endfacet
  facet normal  8.467242e-01  5.320321e-01  -0.000000e+00
    outer loop
      vertex  2.769578e+01  1.333759e+01 -2.550000e+01
      vertex  2.403350e+01  1.916608e+01 -1.500000e+00
      vertex  2.769578e+01  1.333759e+01 -1.500000e+00
    endloop
  endfacet
  facet normal  9.438833e-01  3.302790e-01  0.000000e+00
    outer loop
      vertex  2.769578e+01  1.333759e+01 -2.550000e+01
      vertex  2.769578e+01  1.333759e+01 -1.500000e+00
      vertex  2.996928e+01  6.840293e+00 -2.550000e+01
    endloop
  endfacet
  facet normal  9.438833e-01  3.302790e-01  -0.000000e+00
    outer loop
      vertex  2.996928e+01  6.840293e+00 -2.550000e+01
      vertex  2.769578e+01  1.333759e+01 -1.500000e+00
      vertex  2.996928e+01  6.840293e+00 -1.500000e+00
    endloop
  endfacet
  facet normal  9.937121e-01  1.119644e-01  0.000000e+00
    outer loop
      vertex  2.996928e+01  6.840293e+00 -2.550000e+01
      vertex  2.996928e+01  6.840293e+00 -1.500000e+00
      vertex  3.074000e+01 -7.528879e-15 -2.550000e+01
    endloop
  endfacet
  facet normal  9.937121e-01  1.119644e-01 -3.512361e-17
    outer loop
      vertex  3.074000e+01 -7.528879e-15 -2.550000e+01
      vertex  2.996928e+01  6.840293e+00 -1.500000e+00
      vertex  3.074000e+01  0.000000e+00 -1.500000e+00
    endloop
  endfacet
  facet normal -3.823278e-01  4.307804e-02  9.230221e-01
    outer loop
      vertex -3.024000e+01  1.713247e-14 -1.000000e+00
      vertex -2.948182e+01  6.729033e+00 -1.000000e+00
      vertex -3.059355e+01  1.733277e-14 -1.146447e+00
    endloop
  endfacet
  facet normal -3.823270e-01  4.307790e-02  9.230224e-01
    outer loop
      vertex -3.059355e+01  1.733277e-14 -1.146447e+00
      vertex -2.948182e+01  6.729033e+00 -1.000000e+00
      vertex -2.982651e+01  6.807706e+00 -1.146447e+00
    endloop
  endfacet
  facet normal -9.189146e-01  1.035368e-01  3.806259e-01
    outer loop
      vertex -3.059355e+01  1.733277e-14 -1.146447e+00
      vertex -2.982651e+01  6.807706e+00 -1.146447e+00
      vertex -3.074000e+01  3.764440e-15 -1.500000e+00
    endloop
  endfacet
  facet normal -9.189146e-01  1.035368e-01  3.806262e-01
    outer loop
      vertex -3.074000e+01  3.764440e-15 -1.500000e+00
      vertex -2.982651e+01  6.807706e+00 -1.146447e+00
      vertex -2.996928e+01  6.840293e+00 -1.500000e+00
    endloop
  endfacet
  facet normal  3.823270e-01  4.307795e-02  9.230225e-01
    outer loop
      vertex  2.948182e+01  6.729033e+00 -1.000000e+00
      vertex  3.024000e+01  0.000000e+00 -1.000000e+00
      vertex  2.982651e+01  6.807706e+00 -1.146447e+00
    endloop
  endfacet
  facet normal  3.823278e-01  4.307799e-02  9.230221e-01
    outer loop
      vertex  2.982651e+01  6.807706e+00 -1.146447e+00
      vertex  3.024000e+01  0.000000e+00 -1.000000e+00
      vertex  3.059355e+01  0.000000e+00 -1.146447e+00
    endloop
  endfacet
  facet normal  9.189145e-01  1.035368e-01  3.806261e-01
    outer loop
      vertex  2.982651e+01  6.807706e+00 -1.146447e+00
      vertex  3.059355e+01  0.000000e+00 -1.146447e+00
      vertex  2.996928e+01  6.840293e+00 -1.500000e+00
    endloop
  endfacet
  facet normal  9.189147e-01  1.035368e-01  3.806259e-01
    outer loop
      vertex  2.996928e+01  6.840293e+00 -1.500000e+00
      vertex  3.059355e+01  0.000000e+00 -1.146447e+00
      vertex  3.074000e+01  0.000000e+00 -1.500000e+00
    endloop
  endfacet
  facet normal  3.631569e-01  1.270740e-01  9.230218e-01
    outer loop
      vertex  2.724530e+01  1.312064e+01 -1.000000e+00
      vertex  2.948182e+01  6.729033e+00 -1.000000e+00
      vertex  2.756384e+01  1.327404e+01 -1.146447e+00
    endloop
  endfacet
  facet normal  3.631556e-01  1.270737e-01  9.230224e-01
    outer loop
      vertex  2.756384e+01  1.327404e+01 -1.146447e+00
      vertex  2.948182e+01  6.729033e+00 -1.000000e+00
      vertex  2.982651e+01  6.807706e+00 -1.146447e+00
    endloop
  endfacet
  facet normal  8.728352e-01  3.054183e-01  3.806289e-01
    outer loop
      vertex  2.756384e+01  1.327404e+01 -1.146447e+00
      vertex  2.982651e+01  6.807706e+00 -1.146447e+00
      vertex  2.769578e+01  1.333759e+01 -1.500000e+00
    endloop
  endfacet
  facet normal  8.728364e-01  3.054186e-01  3.806261e-01
    outer loop
      vertex  2.769578e+01  1.333759e+01 -1.500000e+00
      vertex  2.982651e+01  6.807706e+00 -1.146447e+00
      vertex  2.996928e+01  6.840293e+00 -1.500000e+00
    endloop
  endfacet
  facet normal  3.257756e-01  2.046984e-01  9.230216e-01
    outer loop
      vertex  2.364258e+01  1.885433e+01 -1.000000e+00
      vertex  2.724530e+01  1.312064e+01 -1.000000e+00
      vertex  2.391900e+01  1.907477e+01 -1.146447e+00
    endloop
  endfacet
  facet normal  3.257752e-01  2.046981e-01  9.230219e-01
    outer loop
      vertex  2.391900e+01  1.907477e+01 -1.146447e+00
      vertex  2.724530e+01  1.312064e+01 -1.000000e+00
      vertex  2.756384e+01  1.327404e+01 -1.146447e+00
    endloop
  endfacet
  facet normal  7.829889e-01  4.919846e-01  3.806305e-01
    outer loop
      vertex  2.391900e+01  1.907477e+01 -1.146447e+00
      vertex  2.756384e+01  1.327404e+01 -1.146447e+00
      vertex  2.403350e+01  1.916608e+01 -1.500000e+00
    endloop
  endfacet
  facet normal  7.829893e-01  4.919848e-01  3.806292e-01
    outer loop
      vertex  2.403350e+01  1.916608e+01 -1.500000e+00
      vertex  2.756384e+01  1.327404e+01 -1.146447e+00
      vertex  2.769578e+01  1.333759e+01 -1.500000e+00
    endloop
  endfacet
  facet normal  2.720582e-01  2.720582e-01  9.230214e-01
    outer loop
      vertex  1.885433e+01  2.364258e+01 -1.000000e+00
      vertex  2.364258e+01  1.885433e+01 -1.000000e+00
      vertex  1.907477e+01  2.391900e+01 -1.146447e+00
    endloop
  endfacet
  facet normal  2.720580e-01  2.720580e-01  9.230216e-01
    outer loop
      vertex  1.907477e+01  2.391900e+01 -1.146447e+00
      vertex  2.364258e+01  1.885433e+01 -1.000000e+00
      vertex  2.391900e+01  1.907477e+01 -1.146447e+00
    endloop
  endfacet
  facet normal  6.538810e-01  6.538810e-01  3.806298e-01
    outer loop
      vertex  1.907477e+01  2.391900e+01 -1.146447e+00
      vertex  2.391900e+01  1.907477e+01 -1.146447e+00
      vertex  1.916608e+01  2.403350e+01 -1.500000e+00
    endloop
  endfacet
  facet normal  6.538812e-01  6.538812e-01  3.806297e-01
    outer loop
      vertex  1.916608e+01  2.403350e+01 -1.500000e+00
      vertex  2.391900e+01  1.907477e+01 -1.146447e+00
      vertex  2.403350e+01  1.916608e+01 -1.500000e+00
    endloop
  endfacet
  facet normal  2.046981e-01  3.257751e-01  9.230218e-01
    outer loop
      vertex  1.312064e+01  2.724530e+01 -1.000000e+00
      vertex  1.885433e+01  2.364258e+01 -1.000000e+00
      vertex  1.327404e+01  2.756384e+01 -1.146447e+00
    endloop
  endfacet
  facet normal  2.046984e-01  3.257756e-01  9.230216e-01
    outer loop
      vertex  1.327404e+01  2.756384e+01 -1.146447e+00
      vertex  1.885433e+01  2.364258e+01 -1.000000e+00
      vertex  1.907477e+01  2.391900e+01 -1.146447e+00
    endloop
  endfacet
  facet normal  4.919849e-01  7.829894e-01  3.806292e-01
    outer loop
      vertex  1.327404e+01  2.756384e+01 -1.146447e+00
      vertex  1.907477e+01  2.391900e+01 -1.146447e+00
      vertex  1.333759e+01  2.769578e+01 -1.500000e+00
    endloop
  endfacet
  facet normal  4.919845e-01  7.829889e-01  3.806304e-01
    outer loop
      vertex  1.333759e+01  2.769578e+01 -1.500000e+00
      vertex  1.907477e+01  2.391900e+01 -1.146447e+00
      vertex  1.916608e+01  2.403350e+01 -1.500000e+00
    endloop
  endfacet
  facet normal  1.270736e-01  3.631556e-01  9.230223e-01
    outer loop
      vertex  6.729033e+00  2.948182e+01 -1.000000e+00
      vertex  1.312064e+01  2.724530e+01 -1.000000e+00
      vertex  6.807706e+00  2.982651e+01 -1.146447e+00
    endloop
  endfacet
  facet normal  1.270741e-01  3.631568e-01  9.230219e-01
    outer loop
      vertex  6.807706e+00  2.982651e+01 -1.146447e+00
      vertex  1.312064e+01  2.724530e+01 -1.000000e+00
      vertex  1.327404e+01  2.756384e+01 -1.146447e+00
    endloop
  endfacet
  facet normal  3.054187e-01  8.728362e-01  3.806261e-01
    outer loop
      vertex  6.807706e+00  2.982651e+01 -1.146447e+00
      vertex  1.327404e+01  2.756384e+01 -1.146447e+00
      vertex  6.840293e+00  2.996928e+01 -1.500000e+00
    endloop
  endfacet
  facet normal  3.054182e-01  8.728353e-01  3.806288e-01
    outer loop
      vertex  6.840293e+00  2.996928e+01 -1.500000e+00
      vertex  1.327404e+01  2.756384e+01 -1.146447e+00
      vertex  1.333759e+01  2.769578e+01 -1.500000e+00
    endloop
  endfacet
  facet normal  4.307804e-02  3.823278e-01  9.230221e-01
    outer loop
      vertex  8.566234e-15  3.024000e+01 -1.000000e+00
      vertex  6.729033e+00  2.948182e+01 -1.000000e+00
      vertex  8.666386e-15  3.059355e+01 -1.146447e+00
    endloop
  endfacet
  facet normal  4.307790e-02  3.823270e-01  9.230224e-01
    outer loop
      vertex  8.666386e-15  3.059355e+01 -1.146447e+00
      vertex  6.729033e+00  2.948182e+01 -1.000000e+00
      vertex  6.807706e+00  2.982651e+01 -1.146447e+00
    endloop
  endfacet
  facet normal  1.035368e-01  9.189146e-01  3.806259e-01
    outer loop
      vertex  8.666386e-15  3.059355e+01 -1.146447e+00
      vertex  6.807706e+00  2.982651e+01 -1.146447e+00
      vertex  8.707871e-15  3.074000e+01 -1.500000e+00
    endloop
  endfacet
  facet normal  1.035368e-01  9.189146e-01  3.806262e-01
    outer loop
      vertex  8.707871e-15  3.074000e+01 -1.500000e+00
      vertex  6.807706e+00  2.982651e+01 -1.146447e+00
      vertex  6.840293e+00  2.996928e+01 -1.500000e+00
    endloop
  endfacet
  facet normal -4.307795e-02  3.823270e-01  9.230225e-01
    outer loop
      vertex -6.729033e+00  2.948182e+01 -1.000000e+00
      vertex  8.566234e-15  3.024000e+01 -1.000000e+00
      vertex -6.807706e+00  2.982651e+01 -1.146447e+00
    endloop
  endfacet
  facet normal -4.307799e-02  3.823278e-01  9.230221e-01
    outer loop
      vertex -6.807706e+00  2.982651e+01 -1.146447e+00
      vertex  8.566234e-15  3.024000e+01 -1.000000e+00
      vertex  8.666386e-15  3.059355e+01 -1.146447e+00
    endloop
  endfacet
  facet normal -1.035368e-01  9.189145e-01  3.806261e-01
    outer loop
      vertex -6.807706e+00  2.982651e+01 -1.146447e+00
      vertex  8.666386e-15  3.059355e+01 -1.146447e+00
      vertex -6.840293e+00  2.996928e+01 -1.500000e+00
    endloop
  endfacet
  facet normal -1.035368e-01  9.189147e-01  3.806259e-01
    outer loop
      vertex -6.840293e+00  2.996928e+01 -1.500000e+00
      vertex  8.666386e-15  3.059355e+01 -1.146447e+00
      vertex  8.707871e-15  3.074000e+01 -1.500000e+00
    endloop
  endfacet
  facet normal -1.270740e-01  3.631569e-01  9.230218e-01
    outer loop
      vertex -1.312064e+01  2.724530e+01 -1.000000e+00
      vertex -6.729033e+00  2.948182e+01 -1.000000e+00
      vertex -1.327404e+01  2.756384e+01 -1.146447e+00
    endloop
  endfacet
  facet normal -1.270737e-01  3.631556e-01  9.230224e-01
    outer loop
      vertex -1.327404e+01  2.756384e+01 -1.146447e+00
      vertex -6.729033e+00  2.948182e+01 -1.000000e+00
      vertex -6.807706e+00  2.982651e+01 -1.146447e+00
    endloop
  endfacet
  facet normal -3.054183e-01  8.728352e-01  3.806289e-01
    outer loop
      vertex -1.327404e+01  2.756384e+01 -1.146447e+00
      vertex -6.807706e+00  2.982651e+01 -1.146447e+00
      vertex -1.333759e+01  2.769578e+01 -1.500000e+00
    endloop
  endfacet
  facet normal -3.054186e-01  8.728364e-01  3.806261e-01
    outer loop
      vertex -1.333759e+01  2.769578e+01 -1.500000e+00
      vertex -6.807706e+00  2.982651e+01 -1.146447e+00
      vertex -6.840293e+00  2.996928e+01 -1.500000e+00
    endloop
  endfacet
  facet normal -2.046984e-01  3.257756e-01  9.230216e-01
    outer loop
      vertex -1.885433e+01  2.364258e+01 -1.000000e+00
      vertex -1.312064e+01  2.724530e+01 -1.000000e+00
      vertex -1.907477e+01  2.391900e+01 -1.146447e+00
    endloop
  endfacet
  facet normal -2.046981e-01  3.257752e-01  9.230219e-01
    outer loop
      vertex -1.907477e+01  2.391900e+01 -1.146447e+00
      vertex -1.312064e+01  2.724530e+01 -1.000000e+00
      vertex -1.327404e+01  2.756384e+01 -1.146447e+00
    endloop
  endfacet
  facet normal -4.919846e-01  7.829889e-01  3.806305e-01
    outer loop
      vertex -1.907477e+01  2.391900e+01 -1.146447e+00
      vertex -1.327404e+01  2.756384e+01 -1.146447e+00
      vertex -1.916608e+01  2.403350e+01 -1.500000e+00
    endloop
  endfacet
  facet normal -4.919848e-01  7.829893e-01  3.806292e-01
    outer loop
      vertex -1.916608e+01  2.403350e+01 -1.500000e+00
      vertex -1.327404e+01  2.756384e+01 -1.146447e+00
      vertex -1.333759e+01  2.769578e+01 -1.500000e+00
    endloop
  endfacet
  facet normal -2.720582e-01  2.720582e-01  9.230214e-01
    outer loop
      vertex -2.364258e+01  1.885433e+01 -1.000000e+00
      vertex -1.885433e+01  2.364258e+01 -1.000000e+00
      vertex -2.391900e+01  1.907477e+01 -1.146447e+00
    endloop
  endfacet
  facet normal -2.720580e-01  2.720580e-01  9.230216e-01
    outer loop
      vertex -2.391900e+01  1.907477e+01 -1.146447e+00
      vertex -1.885433e+01  2.364258e+01 -1.000000e+00
      vertex -1.907477e+01  2.391900e+01 -1.146447e+00
    endloop
  endfacet
  facet normal -6.538810e-01  6.538810e-01  3.806298e-01
    outer loop
      vertex -2.391900e+01  1.907477e+01 -1.146447e+00
      vertex -1.907477e+01  2.391900e+01 -1.146447e+00
      vertex -2.403350e+01  1.916608e+01 -1.500000e+00
    endloop
  endfacet
  facet normal -6.538812e-01  6.538812e-01  3.806297e-01
    outer loop
      vertex -2.403350e+01  1.916608e+01 -1.500000e+00
      vertex -1.907477e+01  2.391900e+01 -1.146447e+00
      vertex -1.916608e+01  2.403350e+01 -1.500000e+00
    endloop
  endfacet
  facet normal -3.257751e-01  2.046981e-01  9.230218e-01
    outer loop
      vertex -2.724530e+01  1.312064e+01 -1.000000e+00
      vertex -2.364258e+01  1.885433e+01 -1.000000e+00
      vertex -2.756384e+01  1.327404e+01 -1.146447e+00
    endloop
  endfacet
  facet normal -3.257756e-01  2.046984e-01  9.230216e-01
    outer loop
      vertex -2.756384e+01  1.327404e+01 -1.146447e+00
      vertex -2.364258e+01  1.885433e+01 -1.000000e+00
      vertex -2.391900e+01  1.907477e+01 -1.146447e+00
    endloop
  endfacet
  facet normal -7.829894e-01  4.919849e-01  3.806292e-01
    outer loop
      vertex -2.756384e+01  1.327404e+01 -1.146447e+00
      vertex -2.391900e+01  1.907477e+01 -1.146447e+00
      vertex -2.769578e+01  1.333759e+01 -1.500000e+00
    endloop
  endfacet
  facet normal -7.829889e-01  4.919845e-01  3.806304e-01
    outer loop
      vertex -2.769578e+01  1.333759e+01 -1.500000e+00
      vertex -2.391900e+01  1.907477e+01 -1.146447e+00
      vertex -2.403350e+01  1.916608e+01 -1.500000e+00
    endloop
  endfacet
  facet normal -3.631556e-01  1.270736e-01  9.230223e-01
    outer loop
      vertex -2.948182e+01  6.729033e+00 -1.000000e+00
      vertex -2.724530e+01  1.312064e+01 -1.000000e+00
      vertex -2.982651e+01  6.807706e+00 -1.146447e+00
    endloop
  endfacet
  facet normal -3.631568e-01  1.270741e-01  9.230219e-01
    outer loop
      vertex -2.982651e+01  6.807706e+00 -1.146447e+00
      vertex -2.724530e+01  1.312064e+01 -1.000000e+00
      vertex -2.756384e+01  1.327404e+01 -1.146447e+00
    endloop
  endfacet
  facet normal -8.728362e-01  3.054187e-01  3.806261e-01
    outer loop
      vertex -2.982651e+01  6.807706e+00 -1.146447e+00
      vertex -2.756384e+01  1.327404e+01 -1.146447e+00
      vertex -2.996928e+01  6.840293e+00 -1.500000e+00
    endloop
  endfacet
  facet normal -8.728353e-01  3.054182e-01  3.806288e-01
    outer loop
      vertex -2.996928e+01  6.840293e+00 -1.500000e+00
      vertex -2.756384e+01  1.327404e+01 -1.146447e+00
      vertex -2.769578e+01  1.333759e+01 -1.500000e+00
    endloop
  endfacet
  facet normal  -0.000000e+00  -0.000000e+00  1.000000e+00
    outer loop
      vertex  7.931698e-15  2.800000e+01 -1.000000e+00
      vertex  6.230586e+00  2.729798e+01 -1.000000e+00
      vertex  1.312064e+01  2.724530e+01 -1.000000e+00
    endloop
  endfacet
  facet normal  0.000000e+00  0.000000e+00  1.000000e+00
    outer loop
      vertex -6.230586e+00  2.729798e+01 -1.000000e+00
      vertex  7.931698e-15  2.800000e+01 -1.000000e+00
      vertex -1.312064e+01  2.724530e+01 -1.000000e+00
    endloop
  endfacet
  facet normal  0.000000e+00  0.000000e+00  1.000000e+00
    outer loop
      vertex  6.729033e+00  2.948182e+01 -1.000000e+00
      vertex  8.566234e-15  3.024000e+01 -1.000000e+00
      vertex  1.312064e+01  2.724530e+01 -1.000000e+00
    endloop
  endfacet
  facet normal  0.000000e+00  0.000000e+00  1.000000e+00
    outer loop
      vertex  1.312064e+01  2.724530e+01 -1.000000e+00
      vertex  8.566234e-15  3.024000e+01 -1.000000e+00
      vertex  7.931698e-15  2.800000e+01 -1.000000e+00
    endloop
  endfacet
  facet normal  -0.000000e+00  0.000000e+00  1.000000e+00
    outer loop
      vertex  8.566234e-15  3.024000e+01 -1.000000e+00
      vertex -6.729033e+00  2.948182e+01 -1.000000e+00
      vertex  7.931698e-15  2.800000e+01 -1.000000e+00
    endloop
  endfacet
  facet normal  0.000000e+00  0.000000e+00  1.000000e+00
    outer loop
      vertex  7.931698e-15  2.800000e+01 -1.000000e+00
      vertex -6.729033e+00  2.948182e+01 -1.000000e+00
      vertex -1.312064e+01  2.724530e+01 -1.000000e+00
    endloop
  endfacet
  facet normal  0.000000e+00  0.000000e+00  9.999999e-01
    outer loop
      vertex  2.189128e+01  1.745771e+01 -1.000000e+00
      vertex  2.364258e+01  1.885433e+01 -1.000000e+00
      vertex  1.745771e+01  2.189128e+01 -1.000000e+00
    endloop
  endfacet
  facet normal  -0.000000e+00  0.000000e+00  1.000000e+00
    outer loop
      vertex  1.745771e+01  2.189128e+01 -1.000000e+00
      vertex  2.364258e+01  1.885433e+01 -1.000000e+00
      vertex  1.885433e+01  2.364258e+01 -1.000000e+00
    endloop
  endfacet
  facet normal  0.000000e+00  0.000000e+00  1.000000e+00
    outer loop
      vertex  1.745771e+01  2.189128e+01 -1.000000e+00
      vertex  1.885433e+01  2.364258e+01 -1.000000e+00
      vertex  1.214874e+01  2.522713e+01 -1.000000e+00
    endloop
  endfacet
  facet normal  -0.000000e+00  0.000000e+00  1.000000e+00
    outer loop
      vertex  1.214874e+01  2.522713e+01 -1.000000e+00
      vertex  1.885433e+01  2.364258e+01 -1.000000e+00
      vertex  1.312064e+01  2.724530e+01 -1.000000e+00
    endloop
  endfacet
  facet normal  0.000000e+00  0.000000e+00  1.000000e+00
    outer loop
      vertex  1.214874e+01  2.522713e+01 -1.000000e+00
      vertex  1.312064e+01  2.724530e+01 -1.000000e+00
      vertex  6.230586e+00  2.729798e+01 -1.000000e+00
    endloop
  endfacet
  facet normal  0.000000e+00  0.000000e+00  1.000000e+00
    outer loop
      vertex  1.214874e+01 -2.522713e+01 -1.000000e+00
      vertex  1.885433e+01 -2.364258e+01 -1.000000e+00
      vertex  1.745771e+01 -2.189128e+01 -1.000000e+00
    endloop
  endfacet
  facet normal  -0.000000e+00  0.000000e+00  1.000000e+00
    outer loop
      vertex  1.745771e+01 -2.189128e+01 -1.000000e+00
      vertex  1.885433e+01 -2.364258e+01 -1.000000e+00
      vertex  2.364258e+01 -1.885433e+01 -1.000000e+00
    endloop
  endfacet
  facet normal  0.000000e+00  0.000000e+00  9.999999e-01
    outer loop
      vertex  1.745771e+01 -2.189128e+01 -1.000000e+00
      vertex  2.364258e+01 -1.885433e+01 -1.000000e+00
      vertex  2.189128e+01 -1.745771e+01 -1.000000e+00
    endloop
  endfacet
  facet normal  -0.000000e+00  0.000000e+00  1.000000e+00
    outer loop
      vertex  2.189128e+01 -1.745771e+01 -1.000000e+00
      vertex  2.364258e+01 -1.885433e+01 -1.000000e+00
      vertex  2.724530e+01 -1.312064e+01 -1.000000e+00
    endloop
  endfacet
  facet normal  0.000000e+00  0.000000e+00  1.000000e+00
    outer loop
      vertex  2.189128e+01 -1.745771e+01 -1.000000e+00
      vertex  2.724530e+01 -1.312064e+01 -1.000000e+00
      vertex  2.522713e+01 -1.214874e+01 -1.000000e+00
    endloop
  endfacet
  facet normal  -0.000000e+00  0.000000e+00  9.999999e-01
    outer loop
      vertex  2.522713e+01 -1.214874e+01 -1.000000e+00
      vertex  2.724530e+01 -1.312064e+01 -1.000000e+00
      vertex  2.948182e+01 -6.729033e+00 -1.000000e+00
    endloop
  endfacet
  facet normal  0.000000e+00  0.000000e+00  1.000000e+00
    outer loop
      vertex  2.522713e+01 -1.214874e+01 -1.000000e+00
      vertex  2.948182e+01 -6.729033e+00 -1.000000e+00
      vertex  2.729798e+01 -6.230586e+00 -1.000000e+00
    endloop
  endfacet
  facet normal  -0.000000e+00  0.000000e+00  1.000000e+00
    outer loop
      vertex  2.729798e+01 -6.230586e+00 -1.000000e+00
      vertex  2.948182e+01 -6.729033e+00 -1.000000e+00
      vertex  3.024000e+01  0.000000e+00 -1.000000e+00
    endloop
  endfacet
  facet normal  0.000000e+00  0.000000e+00  1.000000e+00
    outer loop
      vertex  2.729798e+01 -6.230586e+00 -1.000000e+00
      vertex  3.024000e+01  0.000000e+00 -1.000000e+00
      vertex  2.800000e+01  0.000000e+00 -1.000000e+00
    endloop
  endfacet
  facet normal  0.000000e+00  0.000000e+00  1.000000e+00
    outer loop
      vertex  2.800000e+01  0.000000e+00 -1.000000e+00
      vertex  3.024000e+01  0.000000e+00 -1.000000e+00
      vertex  2.948182e+01  6.729033e+00 -1.000000e+00
    endloop
  endfacet
  facet normal  0.000000e+00  0.000000e+00  1.000000e+00
    outer loop
      vertex  2.800000e+01  0.000000e+00 -1.000000e+00
      vertex  2.948182e+01  6.729033e+00 -1.000000e+00
      vertex  2.729798e+01  6.230586e+00 -1.000000e+00
    endloop
  endfacet
  facet normal  0.000000e+00  -0.000000e+00  1.000000e+00
    outer loop
      vertex  2.729798e+01  6.230586e+00 -1.000000e+00
      vertex  2.948182e+01  6.729033e+00 -1.000000e+00
      vertex  2.724530e+01  1.312064e+01 -1.000000e+00
    endloop
  endfacet
  facet normal  0.000000e+00  0.000000e+00  1.000000e+00
    outer loop
      vertex  2.729798e+01  6.230586e+00 -1.000000e+00
      vertex  2.724530e+01  1.312064e+01 -1.000000e+00
      vertex  2.522713e+01  1.214874e+01 -1.000000e+00
    endloop
  endfacet
  facet normal  0.000000e+00  -0.000000e+00  1.000000e+00
    outer loop
      vertex  2.522713e+01  1.214874e+01 -1.000000e+00
      vertex  2.724530e+01  1.312064e+01 -1.000000e+00
      vertex  2.364258e+01  1.885433e+01 -1.000000e+00
    endloop
  endfacet
  facet normal  0.000000e+00  0.000000e+00  1.000000e+00
    outer loop
      vertex  2.522713e+01  1.214874e+01 -1.000000e+00
      vertex  2.364258e+01  1.885433e+01 -1.000000e+00
      vertex  2.189128e+01  1.745771e+01 -1.000000e+00
    endloop
  endfacet
  facet normal  0.000000e+00  0.000000e+00  1.000000e+00
    outer loop
      vertex -3.241333e-14 -3.024000e+01 -1.000000e+00
      vertex  6.729033e+00 -2.948182e+01 -1.000000e+00
      vertex -5.143347e-15 -2.800000e+01 -1.000000e+00
    endloop
  endfacet
  facet normal  -0.000000e+00  0.000000e+00  1.000000e+00
    outer loop
      vertex -5.143347e-15 -2.800000e+01 -1.000000e+00
      vertex  6.729033e+00 -2.948182e+01 -1.000000e+00
      vertex  1.312064e+01 -2.724530e+01 -1.000000e+00
    endloop
  endfacet
  facet normal  0.000000e+00  0.000000e+00  1.000000e+00
    outer loop
      vertex -5.143347e-15 -2.800000e+01 -1.000000e+00
      vertex  1.312064e+01 -2.724530e+01 -1.000000e+00
      vertex  6.230586e+00 -2.729798e+01 -1.000000e+00
    endloop
  endfacet
  facet normal  0.000000e+00  0.000000e+00  1.000000e+00
    outer loop
      vertex  6.230586e+00 -2.729798e+01 -1.000000e+00
      vertex  1.312064e+01 -2.724530e+01 -1.000000e+00
      vertex  1.885433e+01 -2.364258e+01 -1.000000e+00
    endloop
  endfacet
  facet normal  0.000000e+00  0.000000e+00  1.000000e+00
    outer loop
      vertex  6.230586e+00 -2.729798e+01 -1.000000e+00
      vertex  1.885433e+01 -2.364258e+01 -1.000000e+00
      vertex  1.214874e+01 -2.522713e+01 -1.000000e+00
    endloop
  endfacet
  facet normal  0.000000e+00  0.000000e+00  9.999999e-01
    outer loop
      vertex -2.189128e+01  1.745771e+01 -1.000000e+00
      vertex -1.745771e+01  2.189128e+01 -1.000000e+00
      vertex -2.364258e+01  1.885433e+01 -1.000000e+00
    endloop
  endfacet
  facet normal  0.000000e+00  0.000000e+00  1.000000e+00
    outer loop
      vertex -2.364258e+01  1.885433e+01 -1.000000e+00
      vertex -1.745771e+01  2.189128e+01 -1.000000e+00
      vertex -1.214874e+01  2.522713e+01 -1.000000e+00
    endloop
  endfacet
  facet normal  0.000000e+00  0.000000e+00  1.000000e+00
    outer loop
      vertex -2.364258e+01  1.885433e+01 -1.000000e+00
      vertex -1.214874e+01  2.522713e+01 -1.000000e+00
      vertex -1.885433e+01  2.364258e+01 -1.000000e+00
    endloop
  endfacet
  facet normal  0.000000e+00  0.000000e+00  1.000000e+00
    outer loop
      vertex -1.885433e+01  2.364258e+01 -1.000000e+00
      vertex -1.214874e+01  2.522713e+01 -1.000000e+00
      vertex -6.230586e+00  2.729798e+01 -1.000000e+00
    endloop
  endfacet
  facet normal  0.000000e+00  0.000000e+00  1.000000e+00
    outer loop
      vertex -1.885433e+01  2.364258e+01 -1.000000e+00
      vertex -6.230586e+00  2.729798e+01 -1.000000e+00
      vertex -1.312064e+01  2.724530e+01 -1.000000e+00
    endloop
  endfacet
  facet normal  0.000000e+00  0.000000e+00  1.000000e+00
    outer loop
      vertex -1.214874e+01 -2.522713e+01 -1.000000e+00
      vertex -1.745771e+01 -2.189128e+01 -1.000000e+00
      vertex -1.885433e+01 -2.364258e+01 -1.000000e+00
    endloop
  endfacet
  facet normal  0.000000e+00  -0.000000e+00  9.999999e-01
    outer loop
      vertex -1.885433e+01 -2.364258e+01 -1.000000e+00
      vertex -1.745771e+01 -2.189128e+01 -1.000000e+00
      vertex -2.189128e+01 -1.745771e+01 -1.000000e+00
    endloop
  endfacet
  facet normal  0.000000e+00  0.000000e+00  1.000000e+00
    outer loop
      vertex -1.885433e+01 -2.364258e+01 -1.000000e+00
      vertex -2.189128e+01 -1.745771e+01 -1.000000e+00
      vertex -2.364258e+01 -1.885433e+01 -1.000000e+00
    endloop
  endfacet
  facet normal  0.000000e+00  -0.000000e+00  1.000000e+00
    outer loop
      vertex -2.364258e+01 -1.885433e+01 -1.000000e+00
      vertex -2.189128e+01 -1.745771e+01 -1.000000e+00
      vertex -2.522713e+01 -1.214874e+01 -1.000000e+00
    endloop
  endfacet
  facet normal  0.000000e+00  0.000000e+00  1.000000e+00
    outer loop
      vertex -2.364258e+01 -1.885433e+01 -1.000000e+00
      vertex -2.522713e+01 -1.214874e+01 -1.000000e+00
      vertex -2.724530e+01 -1.312064e+01 -1.000000e+00
    endloop
  endfacet
  facet normal  0.000000e+00  -0.000000e+00  1.000000e+00
    outer loop
      vertex -2.724530e+01 -1.312064e+01 -1.000000e+00
      vertex -2.522713e+01 -1.214874e+01 -1.000000e+00
      vertex -2.729798e+01 -6.230586e+00 -1.000000e+00
    endloop
  endfacet
  facet normal  0.000000e+00  0.000000e+00  1.000000e+00
    outer loop
      vertex -2.724530e+01 -1.312064e+01 -1.000000e+00
      vertex -2.729798e+01 -6.230586e+00 -1.000000e+00
      vertex -2.948182e+01 -6.729033e+00 -1.000000e+00
    endloop
  endfacet
  facet normal  0.000000e+00  0.000000e+00  1.000000e+00
    outer loop
      vertex -2.948182e+01 -6.729033e+00 -1.000000e+00
      vertex -2.729798e+01 -6.230586e+00 -1.000000e+00
      vertex -2.800000e+01  3.428898e-15 -1.000000e+00
    endloop
  endfacet
  facet normal  0.000000e+00  0.000000e+00  1.000000e+00
    outer loop
      vertex -2.948182e+01 -6.729033e+00 -1.000000e+00
      vertex -2.800000e+01  3.428898e-15 -1.000000e+00
      vertex -3.024000e+01  1.713247e-14 -1.000000e+00
    endloop
  endfacet
  facet normal  -0.000000e+00  0.000000e+00  1.000000e+00
    outer loop
      vertex -3.024000e+01  1.713247e-14 -1.000000e+00
      vertex -2.800000e+01  3.428898e-15 -1.000000e+00
      vertex -2.729798e+01  6.230586e+00 -1.000000e+00
    endloop
  endfacet
  facet normal  0.000000e+00  0.000000e+00  1.000000e+00
    outer loop
      vertex -3.024000e+01  1.713247e-14 -1.000000e+00
      vertex -2.729798e+01  6.230586e+00 -1.000000e+00
      vertex -2.948182e+01  6.729033e+00 -1.000000e+00
    endloop
  endfacet
  facet normal  -0.000000e+00  0.000000e+00  1.000000e+00
    outer loop
      vertex -2.948182e+01  6.729033e+00 -1.000000e+00
      vertex -2.729798e+01  6.230586e+00 -1.000000e+00
      vertex -2.522713e+01  1.214874e+01 -1.000000e+00
    endloop
  endfacet
  facet normal  0.000000e+00  0.000000e+00  9.999999e-01
    outer loop
      vertex -2.948182e+01  6.729033e+00 -1.000000e+00
      vertex -2.522713e+01  1.214874e+01 -1.000000e+00
      vertex -2.724530e+01  1.312064e+01 -1.000000e+00
    endloop
  endfacet
  facet normal  -0.000000e+00  0.000000e+00  1.000000e+00
    outer loop
      vertex -2.724530e+01  1.312064e+01 -1.000000e+00
      vertex -2.522713e+01  1.214874e+01 -1.000000e+00
      vertex -2.189128e+01  1.745771e+01 -1.000000e+00
    endloop
  endfacet
  facet normal  0.000000e+00  0.000000e+00  1.000000e+00
    outer loop
      vertex -2.724530e+01  1.312064e+01 -1.000000e+00
      vertex -2.189128e+01  1.745771e+01 -1.000000e+00
      vertex -2.364258e+01  1.885433e+01 -1.000000e+00
    endloop
  endfacet
  facet normal  0.000000e+00  0.000000e+00  1.000000e+00
    outer loop
      vertex -3.241333e-14 -3.024000e+01 -1.000000e+00
      vertex -5.143347e-15 -2.800000e+01 -1.000000e+00
      vertex -6.729033e+00 -2.948182e+01 -1.000000e+00
    endloop
  endfacet
  facet normal  0.000000e+00  0.000000e+00  1.000000e+00
    outer loop
      vertex -6.729033e+00 -2.948182e+01 -1.000000e+00
      vertex -5.143347e-15 -2.800000e+01 -1.000000e+00
      vertex -6.230586e+00 -2.729798e+01 -1.000000e+00
    endloop
  endfacet
  facet normal  0.000000e+00  0.000000e+00  1.000000e+00
    outer loop
      vertex -6.729033e+00 -2.948182e+01 -1.000000e+00
      vertex -6.230586e+00 -2.729798e+01 -1.000000e+00
      vertex -1.312064e+01 -2.724530e+01 -1.000000e+00
    endloop
  endfacet
  facet normal  -0.000000e+00  0.000000e+00  1.000000e+00
    outer loop
      vertex -1.312064e+01 -2.724530e+01 -1.000000e+00
      vertex -6.230586e+00 -2.729798e+01 -1.000000e+00
      vertex -1.214874e+01 -2.522713e+01 -1.000000e+00
    endloop
  endfacet
  facet normal  0.000000e+00  0.000000e+00  1.000000e+00
    outer loop
      vertex -1.312064e+01 -2.724530e+01 -1.000000e+00
      vertex -1.214874e+01 -2.522713e+01 -1.000000e+00
      vertex -1.885433e+01 -2.364258e+01 -1.000000e+00
    endloop
  endfacet
  facet normal -1.119645e-01  9.937122e-01  0.000000e+00
    outer loop
      vertex  2.246558e-10 -2.800000e+01 -2.600000e+01
      vertex  6.230586e+00 -2.729798e+01 -1.000000e+00
      vertex  6.230586e+00 -2.729798e+01 -2.600000e+01
    endloop
  endfacet
  facet normal -3.302789e-01  9.438834e-01  0.000000e+00
    outer loop
      vertex  6.230586e+00 -2.729798e+01 -2.600000e+01
      vertex  6.230586e+00 -2.729798e+01 -1.000000e+00
      vertex  1.214874e+01 -2.522713e+01 -1.000000e+00
    endloop
  endfacet
  facet normal -3.302789e-01  9.438834e-01  0.000000e+00
    outer loop
      vertex  6.230586e+00 -2.729798e+01 -2.600000e+01
      vertex  1.214874e+01 -2.522713e+01 -1.000000e+00
      vertex  1.214874e+01 -2.522713e+01 -2.600000e+01
    endloop
  endfacet
  facet normal -5.320322e-01  8.467242e-01  0.000000e+00
    outer loop
      vertex  1.214874e+01 -2.522713e+01 -2.600000e+01
      vertex  1.214874e+01 -2.522713e+01 -1.000000e+00
      vertex  1.745771e+01 -2.189128e+01 -1.000000e+00
    endloop
  endfacet
  facet normal -5.320322e-01  8.467242e-01  0.000000e+00
    outer loop
      vertex  1.214874e+01 -2.522713e+01 -2.600000e+01
      vertex  1.745771e+01 -2.189128e+01 -1.000000e+00
      vertex  1.745771e+01 -2.189128e+01 -2.600000e+01
    endloop
  endfacet
  facet normal -7.071068e-01  7.071068e-01  0.000000e+00
    outer loop
      vertex  1.745771e+01 -2.189128e+01 -2.600000e+01
      vertex  1.745771e+01 -2.189128e+01 -1.000000e+00
      vertex  2.189128e+01 -1.745771e+01 -1.000000e+00
    endloop
  endfacet
  facet normal -7.071068e-01  7.071068e-01  0.000000e+00
    outer loop
      vertex  1.745771e+01 -2.189128e+01 -2.600000e+01
      vertex  2.189128e+01 -1.745771e+01 -1.000000e+00
      vertex  2.189128e+01 -1.745771e+01 -2.600000e+01
    endloop
  endfacet
  facet normal -8.467242e-01  5.320322e-01  0.000000e+00
    outer loop
      vertex  2.189128e+01 -1.745771e+01 -2.600000e+01
      vertex  2.189128e+01 -1.745771e+01 -1.000000e+00
      vertex  2.522713e+01 -1.214874e+01 -1.000000e+00
    endloop
  endfacet
  facet normal -8.467242e-01  5.320322e-01  0.000000e+00
    outer loop
      vertex  2.189128e+01 -1.745771e+01 -2.600000e+01
      vertex  2.522713e+01 -1.214874e+01 -1.000000e+00
      vertex  2.522713e+01 -1.214874e+01 -2.600000e+01
    endloop
  endfacet
  facet normal -9.438834e-01  3.302789e-01  0.000000e+00
    outer loop
      vertex  2.522713e+01 -1.214874e+01 -2.600000e+01
      vertex  2.522713e+01 -1.214874e+01 -1.000000e+00
      vertex  2.729798e+01 -6.230586e+00 -1.000000e+00
    endloop
  endfacet
  facet normal -9.438834e-01  3.302789e-01  0.000000e+00
    outer loop
      vertex  2.522713e+01 -1.214874e+01 -2.600000e+01
      vertex  2.729798e+01 -6.230586e+00 -1.000000e+00
      vertex  2.729798e+01 -6.230586e+00 -2.600000e+01
    endloop
  endfacet
  facet normal -9.937122e-01  1.119645e-01  0.000000e+00
    outer loop
      vertex  2.729798e+01 -6.230586e+00 -2.600000e+01
      vertex  2.729798e+01 -6.230586e+00 -1.000000e+00
      vertex  2.800000e+01  0.000000e+00 -1.000000e+00
    endloop
  endfacet
  facet normal -9.937122e-01  1.119645e-01  0.000000e+00
    outer loop
      vertex  2.729798e+01 -6.230586e+00 -2.600000e+01
      vertex  2.800000e+01  0.000000e+00 -1.000000e+00
      vertex  2.800000e+01  0.000000e+00 -2.600000e+01
    endloop
  endfacet
  facet normal -1.119645e-01  9.937122e-01 -1.006162e-12
    outer loop
      vertex  6.230586e+00 -2.729798e+01 -1.000000e+00
      vertex  2.246558e-10 -2.800000e+01 -2.600000e+01
      vertex -5.143347e-15 -2.800000e+01 -1.000000e+00
    endloop
  endfacet
  facet normal  1.119645e-01  9.937122e-01  1.006162e-12
    outer loop
      vertex -5.143347e-15 -2.800000e+01 -1.000000e+00
      vertex  2.246558e-10 -2.800000e+01 -2.600000e+01
      vertex -6.230586e+00 -2.729798e+01 -2.600000e+01
    endloop
  endfacet
  facet normal  1.119645e-01  9.937122e-01  -0.000000e+00
    outer loop
      vertex -5.143347e-15 -2.800000e+01 -1.000000e+00
      vertex -6.230586e+00 -2.729798e+01 -2.600000e+01
      vertex -6.230586e+00 -2.729798e+01 -1.000000e+00
    endloop
  endfacet
  facet normal  3.302789e-01  9.438834e-01  0.000000e+00
    outer loop
      vertex -6.230586e+00 -2.729798e+01 -1.000000e+00
      vertex -6.230586e+00 -2.729798e+01 -2.600000e+01
      vertex -1.214874e+01 -2.522713e+01 -2.600000e+01
    endloop
  endfacet
  facet normal  3.302789e-01  9.438834e-01  -0.000000e+00
    outer loop
      vertex -6.230586e+00 -2.729798e+01 -1.000000e+00
      vertex -1.214874e+01 -2.522713e+01 -2.600000e+01
      vertex -1.214874e+01 -2.522713e+01 -1.000000e+00
    endloop
  endfacet
  facet normal  5.320322e-01  8.467242e-01  0.000000e+00
    outer loop
      vertex -1.214874e+01 -2.522713e+01 -1.000000e+00
      vertex -1.214874e+01 -2.522713e+01 -2.600000e+01
      vertex -1.745771e+01 -2.189128e+01 -2.600000e+01
    endloop
  endfacet
  facet normal  5.320322e-01  8.467242e-01  -0.000000e+00
    outer loop
      vertex -1.214874e+01 -2.522713e+01 -1.000000e+00
      vertex -1.745771e+01 -2.189128e+01 -2.600000e+01
      vertex -1.745771e+01 -2.189128e+01 -1.000000e+00
    endloop
  endfacet
  facet normal  7.071068e-01  7.071068e-01  0.000000e+00
    outer loop
      vertex -1.745771e+01 -2.189128e+01 -1.000000e+00
      vertex -1.745771e+01 -2.189128e+01 -2.600000e+01
      vertex -2.189128e+01 -1.745771e+01 -2.600000e+01
    endloop
  endfacet
  facet normal  7.071068e-01  7.071068e-01  -0.000000e+00
    outer loop
      vertex -1.745771e+01 -2.189128e+01 -1.000000e+00
      vertex -2.189128e+01 -1.745771e+01 -2.600000e+01
      vertex -2.189128e+01 -1.745771e+01 -1.000000e+00
    endloop
  endfacet
  facet normal  8.467242e-01  5.320322e-01  0.000000e+00
    outer loop
      vertex -2.189128e+01 -1.745771e+01 -1.000000e+00
      vertex -2.189128e+01 -1.745771e+01 -2.600000e+01
      vertex -2.522713e+01 -1.214874e+01 -2.600000e+01
    endloop
  endfacet
  facet normal  8.467242e-01  5.320322e-01  -0.000000e+00
    outer loop
      vertex -2.189128e+01 -1.745771e+01 -1.000000e+00
      vertex -2.522713e+01 -1.214874e+01 -2.600000e+01
      vertex -2.522713e+01 -1.214874e+01 -1.000000e+00
    endloop
  endfacet
  facet normal  9.438834e-01  3.302789e-01  0.000000e+00
    outer loop
      vertex -2.522713e+01 -1.214874e+01 -1.000000e+00
      vertex -2.522713e+01 -1.214874e+01 -2.600000e+01
      vertex -2.729798e+01 -6.230586e+00 -2.600000e+01
    endloop
  endfacet
  facet normal  9.438834e-01  3.302789e-01  -0.000000e+00
    outer loop
      vertex -2.522713e+01 -1.214874e+01 -1.000000e+00
      vertex -2.729798e+01 -6.230586e+00 -2.600000e+01
      vertex -2.729798e+01 -6.230586e+00 -1.000000e+00
    endloop
  endfacet
  facet normal  9.937122e-01  1.119645e-01  0.000000e+00
    outer loop
      vertex -2.729798e+01 -6.230586e+00 -1.000000e+00
      vertex -2.729798e+01 -6.230586e+00 -2.600000e+01
      vertex -2.800000e+01  1.586340e-14 -2.600000e+01
    endloop
  endfacet
  facet normal  9.937122e-01  1.119645e-01  5.568890e-17
    outer loop
      vertex -2.729798e+01 -6.230586e+00 -1.000000e+00
      vertex -2.800000e+01  1.586340e-14 -2.600000e+01
      vertex -2.800000e+01  3.428898e-15 -1.000000e+00
    endloop
  endfacet
  facet normal  -0.000000e+00  0.000000e+00 -1.000000e+00
    outer loop
      vertex  7.931698e-15  2.800000e+01 -2.600000e+01
      vertex -6.230586e+00  2.729798e+01 -2.600000e+01
      vertex -1.312064e+01  2.724530e+01 -2.600000e+01
    endloop
  endfacet
  facet normal  0.000000e+00  0.000000e+00 -1.000000e+00
    outer loop
      vertex  6.230586e+00  2.729798e+01 -2.600000e+01
      vertex  7.931698e-15  2.800000e+01 -2.600000e+01
      vertex  1.312064e+01  2.724530e+01 -2.600000e+01
    endloop
  endfacet
  facet normal  0.000000e+00  0.000000e+00 -1.000000e+00
    outer loop
      vertex -6.729033e+00  2.948182e+01 -2.600000e+01
      vertex  8.566234e-15  3.024000e+01 -2.600000e+01
      vertex -1.312064e+01  2.724530e+01 -2.600000e+01
    endloop
  endfacet
  facet normal  0.000000e+00  0.000000e+00 -1.000000e+00
    outer loop
      vertex -1.312064e+01  2.724530e+01 -2.600000e+01
      vertex  8.566234e-15  3.024000e+01 -2.600000e+01
      vertex  7.931698e-15  2.800000e+01 -2.600000e+01
    endloop
  endfacet
  facet normal  -0.000000e+00  0.000000e+00 -1.000000e+00
    outer loop
      vertex  8.566234e-15  3.024000e+01 -2.600000e+01
      vertex  6.729033e+00  2.948182e+01 -2.600000e+01
      vertex  7.931698e-15  2.800000e+01 -2.600000e+01
    endloop
  endfacet
  facet normal  0.000000e+00  0.000000e+00 -1.000000e+00
    outer loop
      vertex  7.931698e-15  2.800000e+01 -2.600000e+01
      vertex  6.729033e+00  2.948182e+01 -2.600000e+01
      vertex  1.312064e+01  2.724530e+01 -2.600000e+01
    endloop
  endfacet
  facet normal  0.000000e+00  0.000000e+00 -9.999999e-01
    outer loop
      vertex -2.189128e+01  1.745771e+01 -2.600000e+01
      vertex -2.364258e+01  1.885433e+01 -2.600000e+01
      vertex -1.745771e+01  2.189128e+01 -2.600000e+01
    endloop
  endfacet
  facet normal  -0.000000e+00  0.000000e+00 -1.000000e+00
    outer loop
      vertex -1.745771e+01  2.189128e+01 -2.600000e+01
      vertex -2.364258e+01  1.885433e+01 -2.600000e+01
      vertex -1.885433e+01  2.364258e+01 -2.600000e+01
    endloop
  endfacet
  facet normal  0.000000e+00  0.000000e+00 -1.000000e+00
    outer loop
      vertex -1.745771e+01  2.189128e+01 -2.600000e+01
      vertex -1.885433e+01  2.364258e+01 -2.600000e+01
      vertex -1.214874e+01  2.522713e+01 -2.600000e+01
    endloop
  endfacet
  facet normal  -0.000000e+00  0.000000e+00 -1.000000e+00
    outer loop
      vertex -1.214874e+01  2.522713e+01 -2.600000e+01
      vertex -1.885433e+01  2.364258e+01 -2.600000e+01
      vertex -1.312064e+01  2.724530e+01 -2.600000e+01
    endloop
  endfacet
  facet normal  0.000000e+00  0.000000e+00 -1.000000e+00
    outer loop
      vertex -1.214874e+01  2.522713e+01 -2.600000e+01
      vertex -1.312064e+01  2.724530e+01 -2.600000e+01
      vertex -6.230586e+00  2.729798e+01 -2.600000e+01
    endloop
  endfacet
  facet normal  0.000000e+00  0.000000e+00 -1.000000e+00
    outer loop
      vertex -1.214874e+01 -2.522713e+01 -2.600000e+01
      vertex -1.885433e+01 -2.364258e+01 -2.600000e+01
      vertex -1.745771e+01 -2.189128e+01 -2.600000e+01
    endloop
  endfacet
  facet normal  -0.000000e+00  0.000000e+00 -1.000000e+00
    outer loop
      vertex -1.745771e+01 -2.189128e+01 -2.600000e+01
      vertex -1.885433e+01 -2.364258e+01 -2.600000e+01
      vertex -2.364258e+01 -1.885433e+01 -2.600000e+01
    endloop
  endfacet
  facet normal  0.000000e+00  0.000000e+00 -9.999999e-01
    outer loop
      vertex -1.745771e+01 -2.189128e+01 -2.600000e+01
      vertex -2.364258e+01 -1.885433e+01 -2.600000e+01
      vertex -2.189128e+01 -1.745771e+01 -2.600000e+01
    endloop
  endfacet
  facet normal  -0.000000e+00  0.000000e+00 -1.000000e+00
    outer loop
      vertex -2.189128e+01 -1.745771e+01 -2.600000e+01
      vertex -2.364258e+01 -1.885433e+01 -2.600000e+01
      vertex -2.724530e+01 -1.312064e+01 -2.600000e+01
    endloop
  endfacet
  facet normal  0.000000e+00  0.000000e+00 -1.000000e+00
    outer loop
      vertex -2.189128e+01 -1.745771e+01 -2.600000e+01
      vertex -2.724530e+01 -1.312064e+01 -2.600000e+01
      vertex -2.522713e+01 -1.214874e+01 -2.600000e+01
    endloop
  endfacet
  facet normal  -0.000000e+00  0.000000e+00 -9.999999e-01
    outer loop
      vertex -2.522713e+01 -1.214874e+01 -2.600000e+01
      vertex -2.724530e+01 -1.312064e+01 -2.600000e+01
      vertex -2.948182e+01 -6.729033e+00 -2.600000e+01
    endloop
  endfacet
  facet normal  0.000000e+00  0.000000e+00 -1.000000e+00
    outer loop
      vertex -2.522713e+01 -1.214874e+01 -2.600000e+01
      vertex -2.948182e+01 -6.729033e+00 -2.600000e+01
      vertex -2.729798e+01 -6.230586e+00 -2.600000e+01
    endloop
  endfacet
  facet normal  -0.000000e+00  0.000000e+00 -1.000000e+00
    outer loop
      vertex -2.729798e+01 -6.230586e+00 -2.600000e+01
      vertex -2.948182e+01 -6.729033e+00 -2.600000e+01
      vertex -3.024000e+01  1.713247e-14 -2.600000e+01
    endloop
  endfacet
  facet normal  0.000000e+00  0.000000e+00 -1.000000e+00
    outer loop
      vertex -2.729798e+01 -6.230586e+00 -2.600000e+01
      vertex -3.024000e+01  1.713247e-14 -2.600000e+01
      vertex -2.800000e+01  1.586340e-14 -2.600000e+01
    endloop
  endfacet
  facet normal  0.000000e+00  0.000000e+00 -1.000000e+00
    outer loop
      vertex -2.800000e+01  1.586340e-14 -2.600000e+01
      vertex -3.024000e+01  1.713247e-14 -2.600000e+01
      vertex -2.948182e+01  6.729033e+00 -2.600000e+01
    endloop
  endfacet
  facet normal  0.000000e+00  0.000000e+00 -1.000000e+00
    outer loop
      vertex -2.800000e+01  1.586340e-14 -2.600000e+01
      vertex -2.948182e+01  6.729033e+00 -2.600000e+01
      vertex -2.729798e+01  6.230586e+00 -2.600000e+01
    endloop
  endfacet
  facet normal  0.000000e+00  0.000000e+00 -1.000000e+00
    outer loop
      vertex -2.729798e+01  6.230586e+00 -2.600000e+01
      vertex -2.948182e+01  6.729033e+00 -2.600000e+01
      vertex -2.724530e+01  1.312064e+01 -2.600000e+01
    endloop
  endfacet
  facet normal  0.000000e+00  -0.000000e+00 -1.000000e+00
    outer loop
      vertex -2.729798e+01  6.230586e+00 -2.600000e+01
      vertex -2.724530e+01  1.312064e+01 -2.600000e+01
      vertex -2.522713e+01  1.214874e+01 -2.600000e+01
    endloop
  endfacet
  facet normal  0.000000e+00  0.000000e+00 -1.000000e+00
    outer loop
      vertex -2.522713e+01  1.214874e+01 -2.600000e+01
      vertex -2.724530e+01  1.312064e+01 -2.600000e+01
      vertex -2.364258e+01  1.885433e+01 -2.600000e+01
    endloop
  endfacet
  facet normal  0.000000e+00  -0.000000e+00 -1.000000e+00
    outer loop
      vertex -2.522713e+01  1.214874e+01 -2.600000e+01
      vertex -2.364258e+01  1.885433e+01 -2.600000e+01
      vertex -2.189128e+01  1.745771e+01 -2.600000e+01
    endloop
  endfacet
  facet normal  0.000000e+00  0.000000e+00 -1.000000e+00
    outer loop
      vertex -3.241333e-14 -3.024000e+01 -2.600000e+01
      vertex -6.729033e+00 -2.948182e+01 -2.600000e+01
      vertex  2.246558e-10 -2.800000e+01 -2.600000e+01
    endloop
  endfacet
  facet normal  -0.000000e+00  0.000000e+00 -1.000000e+00
    outer loop
      vertex  2.246558e-10 -2.800000e+01 -2.600000e+01
      vertex -6.729033e+00 -2.948182e+01 -2.600000e+01
      vertex -1.312064e+01 -2.724530e+01 -2.600000e+01
    endloop
  endfacet
  facet normal  0.000000e+00  0.000000e+00 -1.000000e+00
    outer loop
      vertex  2.246558e-10 -2.800000e+01 -2.600000e+01
      vertex -1.312064e+01 -2.724530e+01 -2.600000e+01
      vertex -6.230586e+00 -2.729798e+01 -2.600000e+01
    endloop
  endfacet
  facet normal  0.000000e+00  0.000000e+00 -1.000000e+00
    outer loop
      vertex -6.230586e+00 -2.729798e+01 -2.600000e+01
      vertex -1.312064e+01 -2.724530e+01 -2.600000e+01
      vertex -1.885433e+01 -2.364258e+01 -2.600000e+01
    endloop
  endfacet
  facet normal  0.000000e+00  0.000000e+00 -1.000000e+00
    outer loop
      vertex -6.230586e+00 -2.729798e+01 -2.600000e+01
      vertex -1.885433e+01 -2.364258e+01 -2.600000e+01
      vertex -1.214874e+01 -2.522713e+01 -2.600000e+01
    endloop
  endfacet
  facet normal  0.000000e+00  0.000000e+00 -9.999999e-01
    outer loop
      vertex  2.189128e+01  1.745771e+01 -2.600000e+01
      vertex  1.745771e+01  2.189128e+01 -2.600000e+01
      vertex  2.364258e+01  1.885433e+01 -2.600000e+01
    endloop
  endfacet
  facet normal  0.000000e+00  0.000000e+00 -1.000000e+00
    outer loop
      vertex  2.364258e+01  1.885433e+01 -2.600000e+01
      vertex  1.745771e+01  2.189128e+01 -2.600000e+01
      vertex  1.214874e+01  2.522713e+01 -2.600000e+01
    endloop
  endfacet
  facet normal  0.000000e+00  0.000000e+00 -1.000000e+00
    outer loop
      vertex  2.364258e+01  1.885433e+01 -2.600000e+01
      vertex  1.214874e+01  2.522713e+01 -2.600000e+01
      vertex  1.885433e+01  2.364258e+01 -2.600000e+01
    endloop
  endfacet
  facet normal  0.000000e+00  0.000000e+00 -1.000000e+00
    outer loop
      vertex  1.885433e+01  2.364258e+01 -2.600000e+01
      vertex  1.214874e+01  2.522713e+01 -2.600000e+01
      vertex  6.230586e+00  2.729798e+01 -2.600000e+01
    endloop
  endfacet
  facet normal  0.000000e+00  0.000000e+00 -1.000000e+00
    outer loop
      vertex  1.885433e+01  2.364258e+01 -2.600000e+01
      vertex  6.230586e+00  2.729798e+01 -2.600000e+01
      vertex  1.312064e+01  2.724530e+01 -2.600000e+01
    endloop
  endfacet
  facet normal  0.000000e+00  -0.000000e+00 -1.000000e+00
    outer loop
      vertex  1.214874e+01 -2.522713e+01 -2.600000e+01
      vertex  1.745771e+01 -2.189128e+01 -2.600000e+01
      vertex  1.885433e+01 -2.364258e+01 -2.600000e+01
    endloop
  endfacet
  facet normal  0.000000e+00  0.000000e+00 -9.999999e-01
    outer loop
      vertex  1.885433e+01 -2.364258e+01 -2.600000e+01
      vertex  1.745771e+01 -2.189128e+01 -2.600000e+01
      vertex  2.189128e+01 -1.745771e+01 -2.600000e+01
    endloop
  endfacet
  facet normal  0.000000e+00  -0.000000e+00 -1.000000e+00
    outer loop
      vertex  1.885433e+01 -2.364258e+01 -2.600000e+01
      vertex  2.189128e+01 -1.745771e+01 -2.600000e+01
      vertex  2.364258e+01 -1.885433e+01 -2.600000e+01
    endloop
  endfacet
  facet normal  0.000000e+00  0.000000e+00 -1.000000e+00
    outer loop
      vertex  2.364258e+01 -1.885433e+01 -2.600000e+01
      vertex  2.189128e+01 -1.745771e+01 -2.600000e+01
      vertex  2.522713e+01 -1.214874e+01 -2.600000e+01
    endloop
  endfacet
  facet normal  0.000000e+00  -0.000000e+00 -1.000000e+00
    outer loop
      vertex  2.364258e+01 -1.885433e+01 -2.600000e+01
      vertex  2.522713e+01 -1.214874e+01 -2.600000e+01
      vertex  2.724530e+01 -1.312064e+01 -2.600000e+01
    endloop
  endfacet
  facet normal  0.000000e+00  0.000000e+00 -1.000000e+00
    outer loop
      vertex  2.724530e+01 -1.312064e+01 -2.600000e+01
      vertex  2.522713e+01 -1.214874e+01 -2.600000e+01
      vertex  2.729798e+01 -6.230586e+00 -2.600000e+01
    endloop
  endfacet
  facet normal  0.000000e+00  -0.000000e+00 -1.000000e+00
    outer loop
      vertex  2.724530e+01 -1.312064e+01 -2.600000e+01
      vertex  2.729798e+01 -6.230586e+00 -2.600000e+01
      vertex  2.948182e+01 -6.729033e+00 -2.600000e+01
    endloop
  endfacet
  facet normal  0.000000e+00  0.000000e+00 -1.000000e+00
    outer loop
      vertex  2.948182e+01 -6.729033e+00 -2.600000e+01
      vertex  2.729798e+01 -6.230586e+00 -2.600000e+01
      vertex  2.800000e+01  0.000000e+00 -2.600000e+01
    endloop
  endfacet
  facet normal  0.000000e+00  0.000000e+00 -1.000000e+00
    outer loop
      vertex  2.948182e+01 -6.729033e+00 -2.600000e+01
      vertex  2.800000e+01  0.000000e+00 -2.600000e+01
      vertex  3.024000e+01 -3.426494e-14 -2.600000e+01
    endloop
  endfacet
  facet normal  0.000000e+00  0.000000e+00 -1.000000e+00
    outer loop
      vertex  3.024000e+01 -3.426494e-14 -2.600000e+01
      vertex  2.800000e+01  0.000000e+00 -2.600000e+01
      vertex  2.729798e+01  6.230586e+00 -2.600000e+01
    endloop
  endfacet
  facet normal  0.000000e+00  0.000000e+00 -1.000000e+00
    outer loop
      vertex  3.024000e+01 -3.426494e-14 -2.600000e+01
      vertex  2.729798e+01  6.230586e+00 -2.600000e+01
      vertex  2.948182e+01  6.729033e+00 -2.600000e+01
    endloop
  endfacet
  facet normal  -0.000000e+00  0.000000e+00 -1.000000e+00
    outer loop
      vertex  2.948182e+01  6.729033e+00 -2.600000e+01
      vertex  2.729798e+01  6.230586e+00 -2.600000e+01
      vertex  2.522713e+01  1.214874e+01 -2.600000e+01
    endloop
  endfacet
  facet normal  0.000000e+00  0.000000e+00 -9.999999e-01
    outer loop
      vertex  2.948182e+01  6.729033e+00 -2.600000e+01
      vertex  2.522713e+01  1.214874e+01 -2.600000e+01
      vertex  2.724530e+01  1.312064e+01 -2.600000e+01
    endloop
  endfacet
  facet normal  -0.000000e+00  0.000000e+00 -1.000000e+00
    outer loop
      vertex  2.724530e+01  1.312064e+01 -2.600000e+01
      vertex  2.522713e+01  1.214874e+01 -2.600000e+01
      vertex  2.189128e+01  1.745771e+01 -2.600000e+01
    endloop
  endfacet
  facet normal  0.000000e+00  0.000000e+00 -1.000000e+00
    outer loop
      vertex  2.724530e+01  1.312064e+01 -2.600000e+01
      vertex  2.189128e+01  1.745771e+01 -2.600000e+01
      vertex  2.364258e+01  1.885433e+01 -2.600000e+01
    endloop
  endfacet
  facet normal  0.000000e+00  -0.000000e+00 -1.000000e+00
    outer loop
      vertex -3.241333e-14 -3.024000e+01 -2.600000e+01
      vertex  2.246558e-10 -2.800000e+01 -2.600000e+01
      vertex  6.729033e+00 -2.948182e+01 -2.600000e+01
    endloop
  endfacet
  facet normal  0.000000e+00  0.000000e+00 -1.000000e+00
    outer loop
      vertex  6.729033e+00 -2.948182e+01 -2.600000e+01
      vertex  2.246558e-10 -2.800000e+01 -2.600000e+01
      vertex  6.230586e+00 -2.729798e+01 -2.600000e+01
    endloop
  endfacet
  facet normal  0.000000e+00  0.000000e+00 -1.000000e+00
    outer loop
      vertex  6.729033e+00 -2.948182e+01 -2.600000e+01
      vertex  6.230586e+00 -2.729798e+01 -2.600000e+01
      vertex  1.312064e+01 -2.724530e+01 -2.600000e+01
    endloop
  endfacet
  facet normal  -0.000000e+00  0.000000e+00 -1.000000e+00
    outer loop
      vertex  1.312064e+01 -2.724530e+01 -2.600000e+01
      vertex  6.230586e+00 -2.729798e+01 -2.600000e+01
      vertex  1.214874e+01 -2.522713e+01 -2.600000e+01
    endloop
  endfacet
  facet normal  0.000000e+00  0.000000e+00 -1.000000e+00
    outer loop
      vertex  1.312064e+01 -2.724530e+01 -2.600000e+01
      vertex  1.214874e+01 -2.522713e+01 -2.600000e+01
      vertex  1.885433e+01 -2.364258e+01 -2.600000e+01
    endloop
  endfacet
  facet normal -9.189147e-01  1.035368e-01 -3.806255e-01
    outer loop
      vertex -3.074000e+01  3.764440e-15 -2.550000e+01
      vertex -2.996928e+01  6.840293e+00 -2.550000e+01
      vertex -3.059355e+01  1.733277e-14 -2.585355e+01
    endloop
  endfacet
  facet normal -9.189147e-01  1.035368e-01 -3.806258e-01
    outer loop
      vertex -3.059355e+01  1.733277e-14 -2.585355e+01
      vertex -2.996928e+01  6.840293e+00 -2.550000e+01
      vertex -2.982651e+01  6.807706e+00 -2.585355e+01
    endloop
  endfacet
  facet normal -3.823270e-01  4.307790e-02 -9.230224e-01
    outer loop
      vertex -3.059355e+01  1.733277e-14 -2.585355e+01
      vertex -2.982651e+01  6.807706e+00 -2.585355e+01
      vertex -3.024000e+01  1.713247e-14 -2.600000e+01
    endloop
  endfacet
  facet normal -3.823262e-01  4.307785e-02 -9.230227e-01
    outer loop
      vertex -3.024000e+01  1.713247e-14 -2.600000e+01
      vertex -2.982651e+01  6.807706e+00 -2.585355e+01
      vertex -2.948182e+01  6.729033e+00 -2.600000e+01
    endloop
  endfacet
  facet normal  9.189146e-01  1.035368e-01 -3.806259e-01
    outer loop
      vertex  2.996928e+01  6.840293e+00 -2.550000e+01
      vertex  3.074000e+01 -7.528879e-15 -2.550000e+01
      vertex  2.982651e+01  6.807706e+00 -2.585355e+01
    endloop
  endfacet
  facet normal  9.189148e-01  1.035368e-01 -3.806256e-01
    outer loop
      vertex  2.982651e+01  6.807706e+00 -2.585355e+01
      vertex  3.074000e+01 -7.528879e-15 -2.550000e+01
      vertex  3.059355e+01  0.000000e+00 -2.585355e+01
    endloop
  endfacet
  facet normal  3.823262e-01  4.307780e-02 -9.230227e-01
    outer loop
      vertex  2.982651e+01  6.807706e+00 -2.585355e+01
      vertex  3.059355e+01  0.000000e+00 -2.585355e+01
      vertex  2.948182e+01  6.729033e+00 -2.600000e+01
    endloop
  endfacet
  facet normal  3.823270e-01  4.307795e-02 -9.230224e-01
    outer loop
      vertex  2.948182e+01  6.729033e+00 -2.600000e+01
      vertex  3.059355e+01  0.000000e+00 -2.585355e+01
      vertex  3.024000e+01 -3.426494e-14 -2.600000e+01
    endloop
  endfacet
  facet normal  8.728354e-01  3.054182e-01 -3.806285e-01
    outer loop
      vertex  2.769578e+01  1.333759e+01 -2.550000e+01
      vertex  2.996928e+01  6.840293e+00 -2.550000e+01
      vertex  2.756384e+01  1.327404e+01 -2.585355e+01
    endloop
  endfacet
  facet normal  8.728364e-01  3.054188e-01 -3.806258e-01
    outer loop
      vertex  2.756384e+01  1.327404e+01 -2.585355e+01
      vertex  2.996928e+01  6.840293e+00 -2.550000e+01
      vertex  2.982651e+01  6.807706e+00 -2.585355e+01
    endloop
  endfacet
  facet normal  3.631561e-01  1.270738e-01 -9.230222e-01
    outer loop
      vertex  2.756384e+01  1.327404e+01 -2.585355e+01
      vertex  2.982651e+01  6.807706e+00 -2.585355e+01
      vertex  2.724530e+01  1.312064e+01 -2.600000e+01
    endloop
  endfacet
  facet normal  3.631549e-01  1.270733e-01 -9.230227e-01
    outer loop
      vertex  2.724530e+01  1.312064e+01 -2.600000e+01
      vertex  2.982651e+01  6.807706e+00 -2.585355e+01
      vertex  2.948182e+01  6.729033e+00 -2.600000e+01
    endloop
  endfacet
  facet normal  7.829890e-01  4.919846e-01 -3.806300e-01
    outer loop
      vertex  2.403350e+01  1.916608e+01 -2.550000e+01
      vertex  2.769578e+01  1.333759e+01 -2.550000e+01
      vertex  2.391900e+01  1.907477e+01 -2.585355e+01
    endloop
  endfacet
  facet normal  7.829895e-01  4.919850e-01 -3.806289e-01
    outer loop
      vertex  2.391900e+01  1.907477e+01 -2.585355e+01
      vertex  2.769578e+01  1.333759e+01 -2.550000e+01
      vertex  2.756384e+01  1.327404e+01 -2.585355e+01
    endloop
  endfacet
  facet normal  3.257749e-01  2.046980e-01 -9.230219e-01
    outer loop
      vertex  2.391900e+01  1.907477e+01 -2.585355e+01
      vertex  2.756384e+01  1.327404e+01 -2.585355e+01
      vertex  2.364258e+01  1.885433e+01 -2.600000e+01
    endloop
  endfacet
  facet normal  3.257745e-01  2.046977e-01 -9.230222e-01
    outer loop
      vertex  2.364258e+01  1.885433e+01 -2.600000e+01
      vertex  2.756384e+01  1.327404e+01 -2.585355e+01
      vertex  2.724530e+01  1.312064e+01 -2.600000e+01
    endloop
  endfacet
  facet normal  6.538813e-01  6.538813e-01 -3.806294e-01
    outer loop
      vertex  1.916608e+01  2.403350e+01 -2.550000e+01
      vertex  2.403350e+01  1.916608e+01 -2.550000e+01
      vertex  1.907477e+01  2.391900e+01 -2.585355e+01
    endloop
  endfacet
  facet normal  6.538812e-01  6.538812e-01 -3.806295e-01
    outer loop
      vertex  1.907477e+01  2.391900e+01 -2.585355e+01
      vertex  2.403350e+01  1.916608e+01 -2.550000e+01
      vertex  2.391900e+01  1.907477e+01 -2.585355e+01
    endloop
  endfacet
  facet normal  2.720575e-01  2.720575e-01 -9.230219e-01
    outer loop
      vertex  1.907477e+01  2.391900e+01 -2.585355e+01
      vertex  2.391900e+01  1.907477e+01 -2.585355e+01
      vertex  1.885433e+01  2.364258e+01 -2.600000e+01
    endloop
  endfacet
  facet normal  2.720576e-01  2.720576e-01 -9.230218e-01
    outer loop
      vertex  1.885433e+01  2.364258e+01 -2.600000e+01
      vertex  2.391900e+01  1.907477e+01 -2.585355e+01
      vertex  2.364258e+01  1.885433e+01 -2.600000e+01
    endloop
  endfacet
  facet normal  4.919849e-01  7.829895e-01 -3.806288e-01
    outer loop
      vertex  1.333759e+01  2.769578e+01 -2.550000e+01
      vertex  1.916608e+01  2.403350e+01 -2.550000e+01
      vertex  1.327404e+01  2.756384e+01 -2.585355e+01
    endloop
  endfacet
  facet normal  4.919847e-01  7.829890e-01 -3.806301e-01
    outer loop
      vertex  1.327404e+01  2.756384e+01 -2.585355e+01
      vertex  1.916608e+01  2.403350e+01 -2.550000e+01
      vertex  1.907477e+01  2.391900e+01 -2.585355e+01
    endloop
  endfacet
  facet normal  2.046977e-01  3.257745e-01 -9.230221e-01
    outer loop
      vertex  1.327404e+01  2.756384e+01 -2.585355e+01
      vertex  1.907477e+01  2.391900e+01 -2.585355e+01
      vertex  1.312064e+01  2.724530e+01 -2.600000e+01
    endloop
  endfacet
  facet normal  2.046980e-01  3.257749e-01 -9.230220e-01
    outer loop
      vertex  1.312064e+01  2.724530e+01 -2.600000e+01
      vertex  1.907477e+01  2.391900e+01 -2.585355e+01
      vertex  1.885433e+01  2.364258e+01 -2.600000e+01
    endloop
  endfacet
  facet normal  3.054186e-01  8.728365e-01 -3.806257e-01
    outer loop
      vertex  6.840293e+00  2.996928e+01 -2.550000e+01
      vertex  1.333759e+01  2.769578e+01 -2.550000e+01
      vertex  6.807706e+00  2.982651e+01 -2.585355e+01
    endloop
  endfacet
  facet normal  3.054184e-01  8.728353e-01 -3.806286e-01
    outer loop
      vertex  6.807706e+00  2.982651e+01 -2.585355e+01
      vertex  1.333759e+01  2.769578e+01 -2.550000e+01
      vertex  1.327404e+01  2.756384e+01 -2.585355e+01
    endloop
  endfacet
  facet normal  1.270734e-01  3.631548e-01 -9.230227e-01
    outer loop
      vertex  6.807706e+00  2.982651e+01 -2.585355e+01
      vertex  1.327404e+01  2.756384e+01 -2.585355e+01
      vertex  6.729033e+00  2.948182e+01 -2.600000e+01
    endloop
  endfacet
  facet normal  1.270738e-01  3.631562e-01 -9.230222e-01
    outer loop
      vertex  6.729033e+00  2.948182e+01 -2.600000e+01
      vertex  1.327404e+01  2.756384e+01 -2.585355e+01
      vertex  1.312064e+01  2.724530e+01 -2.600000e+01
    endloop
  endfacet
  facet normal  1.035368e-01  9.189147e-01 -3.806255e-01
    outer loop
      vertex  8.707871e-15  3.074000e+01 -2.550000e+01
      vertex  6.840293e+00  2.996928e+01 -2.550000e+01
      vertex  8.666386e-15  3.059355e+01 -2.585355e+01
    endloop
  endfacet
  facet normal  1.035368e-01  9.189147e-01 -3.806258e-01
    outer loop
      vertex  8.666386e-15  3.059355e+01 -2.585355e+01
      vertex  6.840293e+00  2.996928e+01 -2.550000e+01
      vertex  6.807706e+00  2.982651e+01 -2.585355e+01
    endloop
  endfacet
  facet normal  4.307790e-02  3.823270e-01 -9.230224e-01
    outer loop
      vertex  8.666386e-15  3.059355e+01 -2.585355e+01
      vertex  6.807706e+00  2.982651e+01 -2.585355e+01
      vertex  8.566234e-15  3.024000e+01 -2.600000e+01
    endloop
  endfacet
  facet normal  4.307785e-02  3.823262e-01 -9.230227e-01
    outer loop
      vertex  8.566234e-15  3.024000e+01 -2.600000e+01
      vertex  6.807706e+00  2.982651e+01 -2.585355e+01
      vertex  6.729033e+00  2.948182e+01 -2.600000e+01
    endloop
  endfacet
  facet normal -1.035368e-01  9.189146e-01 -3.806259e-01
    outer loop
      vertex -6.840293e+00  2.996928e+01 -2.550000e+01
      vertex  8.707871e-15  3.074000e+01 -2.550000e+01
      vertex -6.807706e+00  2.982651e+01 -2.585355e+01
    endloop
  endfacet
  facet normal -1.035368e-01  9.189148e-01 -3.806256e-01
    outer loop
      vertex -6.807706e+00  2.982651e+01 -2.585355e+01
      vertex  8.707871e-15  3.074000e+01 -2.550000e+01
      vertex  8.666386e-15  3.059355e+01 -2.585355e+01
    endloop
  endfacet
  facet normal -4.307780e-02  3.823262e-01 -9.230227e-01
    outer loop
      vertex -6.807706e+00  2.982651e+01 -2.585355e+01
      vertex  8.666386e-15  3.059355e+01 -2.585355e+01
      vertex -6.729033e+00  2.948182e+01 -2.600000e+01
    endloop
  endfacet
  facet normal -4.307795e-02  3.823270e-01 -9.230224e-01
    outer loop
      vertex -6.729033e+00  2.948182e+01 -2.600000e+01
      vertex  8.666386e-15  3.059355e+01 -2.585355e+01
      vertex  8.566234e-15  3.024000e+01 -2.600000e+01
    endloop
  endfacet
  facet normal -3.054182e-01  8.728354e-01 -3.806285e-01
    outer loop
      vertex -1.333759e+01  2.769578e+01 -2.550000e+01
      vertex -6.840293e+00  2.996928e+01 -2.550000e+01
      vertex -1.327404e+01  2.756384e+01 -2.585355e+01
    endloop
  endfacet
  facet normal -3.054188e-01  8.728364e-01 -3.806258e-01
    outer loop
      vertex -1.327404e+01  2.756384e+01 -2.585355e+01
      vertex -6.840293e+00  2.996928e+01 -2.550000e+01
      vertex -6.807706e+00  2.982651e+01 -2.585355e+01
    endloop
  endfacet
  facet normal -1.270738e-01  3.631561e-01 -9.230222e-01
    outer loop
      vertex -1.327404e+01  2.756384e+01 -2.585355e+01
      vertex -6.807706e+00  2.982651e+01 -2.585355e+01
      vertex -1.312064e+01  2.724530e+01 -2.600000e+01
    endloop
  endfacet
  facet normal -1.270733e-01  3.631549e-01 -9.230227e-01
    outer loop
      vertex -1.312064e+01  2.724530e+01 -2.600000e+01
      vertex -6.807706e+00  2.982651e+01 -2.585355e+01
      vertex -6.729033e+00  2.948182e+01 -2.600000e+01
    endloop
  endfacet
  facet normal -4.919846e-01  7.829890e-01 -3.806300e-01
    outer loop
      vertex -1.916608e+01  2.403350e+01 -2.550000e+01
      vertex -1.333759e+01  2.769578e+01 -2.550000e+01
      vertex -1.907477e+01  2.391900e+01 -2.585355e+01
    endloop
  endfacet
  facet normal -4.919850e-01  7.829895e-01 -3.806289e-01
    outer loop
      vertex -1.907477e+01  2.391900e+01 -2.585355e+01
      vertex -1.333759e+01  2.769578e+01 -2.550000e+01
      vertex -1.327404e+01  2.756384e+01 -2.585355e+01
    endloop
  endfacet
  facet normal -2.046980e-01  3.257749e-01 -9.230219e-01
    outer loop
      vertex -1.907477e+01  2.391900e+01 -2.585355e+01
      vertex -1.327404e+01  2.756384e+01 -2.585355e+01
      vertex -1.885433e+01  2.364258e+01 -2.600000e+01
    endloop
  endfacet
  facet normal -2.046977e-01  3.257745e-01 -9.230222e-01
    outer loop
      vertex -1.885433e+01  2.364258e+01 -2.600000e+01
      vertex -1.327404e+01  2.756384e+01 -2.585355e+01
      vertex -1.312064e+01  2.724530e+01 -2.600000e+01
    endloop
  endfacet
  facet normal -6.538813e-01  6.538813e-01 -3.806294e-01
    outer loop
      vertex -2.403350e+01  1.916608e+01 -2.550000e+01
      vertex -1.916608e+01  2.403350e+01 -2.550000e+01
      vertex -2.391900e+01  1.907477e+01 -2.585355e+01
    endloop
  endfacet
  facet normal -6.538812e-01  6.538812e-01 -3.806295e-01
    outer loop
      vertex -2.391900e+01  1.907477e+01 -2.585355e+01
      vertex -1.916608e+01  2.403350e+01 -2.550000e+01
      vertex -1.907477e+01  2.391900e+01 -2.585355e+01
    endloop
  endfacet
  facet normal -2.720575e-01  2.720575e-01 -9.230219e-01
    outer loop
      vertex -2.391900e+01  1.907477e+01 -2.585355e+01
      vertex -1.907477e+01  2.391900e+01 -2.585355e+01
      vertex -2.364258e+01  1.885433e+01 -2.600000e+01
    endloop
  endfacet
  facet normal -2.720576e-01  2.720576e-01 -9.230218e-01
    outer loop
      vertex -2.364258e+01  1.885433e+01 -2.600000e+01
      vertex -1.907477e+01  2.391900e+01 -2.585355e+01
      vertex -1.885433e+01  2.364258e+01 -2.600000e+01
    endloop
  endfacet
  facet normal -7.829895e-01  4.919849e-01 -3.806288e-01
    outer loop
      vertex -2.769578e+01  1.333759e+01 -2.550000e+01
      vertex -2.403350e+01  1.916608e+01 -2.550000e+01
      vertex -2.756384e+01  1.327404e+01 -2.585355e+01
    endloop
  endfacet
  facet normal -7.829890e-01  4.919847e-01 -3.806301e-01
    outer loop
      vertex -2.756384e+01  1.327404e+01 -2.585355e+01
      vertex -2.403350e+01  1.916608e+01 -2.550000e+01
      vertex -2.391900e+01  1.907477e+01 -2.585355e+01
    endloop
  endfacet
  facet normal -3.257745e-01  2.046977e-01 -9.230221e-01
    outer loop
      vertex -2.756384e+01  1.327404e+01 -2.585355e+01
      vertex -2.391900e+01  1.907477e+01 -2.585355e+01
      vertex -2.724530e+01  1.312064e+01 -2.600000e+01
    endloop
  endfacet
  facet normal -3.257749e-01  2.046980e-01 -9.230220e-01
    outer loop
      vertex -2.724530e+01  1.312064e+01 -2.600000e+01
      vertex -2.391900e+01  1.907477e+01 -2.585355e+01
      vertex -2.364258e+01  1.885433e+01 -2.600000e+01
    endloop
  endfacet
  facet normal -8.728365e-01  3.054186e-01 -3.806257e-01
    outer loop
      vertex -2.996928e+01  6.840293e+00 -2.550000e+01
      vertex -2.769578e+01  1.333759e+01 -2.550000e+01
      vertex -2.982651e+01  6.807706e+00 -2.585355e+01
    endloop
  endfacet
  facet normal -8.728353e-01  3.054184e-01 -3.806286e-01
    outer loop
      vertex -2.982651e+01  6.807706e+00 -2.585355e+01
      vertex -2.769578e+01  1.333759e+01 -2.550000e+01
      vertex -2.756384e+01  1.327404e+01 -2.585355e+01
    endloop
  endfacet
  facet normal -3.631548e-01  1.270734e-01 -9.230227e-01
    outer loop
      vertex -2.982651e+01  6.807706e+00 -2.585355e+01
      vertex -2.756384e+01  1.327404e+01 -2.585355e+01
      vertex -2.948182e+01  6.729033e+00 -2.600000e+01
    endloop
  endfacet
  facet normal -3.631562e-01  1.270738e-01 -9.230222e-01
    outer loop
      vertex -2.948182e+01  6.729033e+00 -2.600000e+01
      vertex -2.756384e+01  1.327404e+01 -2.585355e+01
      vertex -2.724530e+01  1.312064e+01 -2.600000e+01
    endloop
  endfacet
  facet normal  9.189147e-01 -1.035368e-01 -3.806255e-01
    outer loop
      vertex  3.074000e+01 -7.528879e-15 -2.550000e+01
      vertex  2.996928e+01 -6.840293e+00 -2.550000e+01
      vertex  3.059355e+01  0.000000e+00 -2.585355e+01
    endloop
  endfacet
  facet normal  9.189147e-01 -1.035368e-01 -3.806258e-01
    outer loop
      vertex  3.059355e+01  0.000000e+00 -2.585355e+01
      vertex  2.996928e+01 -6.840293e+00 -2.550000e+01
      vertex  2.982651e+01 -6.807706e+00 -2.585355e+01
    endloop
  endfacet
  facet normal  3.823270e-01 -4.307790e-02 -9.230224e-01
    outer loop
      vertex  3.059355e+01  0.000000e+00 -2.585355e+01
      vertex  2.982651e+01 -6.807706e+00 -2.585355e+01
      vertex  3.024000e+01 -3.426494e-14 -2.600000e+01
    endloop
  endfacet
  facet normal  3.823262e-01 -4.307785e-02 -9.230227e-01
    outer loop
      vertex  3.024000e+01 -3.426494e-14 -2.600000e+01
      vertex  2.982651e+01 -6.807706e+00 -2.585355e+01
      vertex  2.948182e+01 -6.729033e+00 -2.600000e+01
    endloop
  endfacet
  facet normal -9.189146e-01 -1.035368e-01 -3.806259e-01
    outer loop
      vertex -2.996928e+01 -6.840293e+00 -2.550000e+01
      vertex -3.074000e+01  3.764440e-15 -2.550000e+01
      vertex -2.982651e+01 -6.807706e+00 -2.585355e+01
    endloop
  endfacet
  facet normal -9.189148e-01 -1.035368e-01 -3.806256e-01
    outer loop
      vertex -2.982651e+01 -6.807706e+00 -2.585355e+01
      vertex -3.074000e+01  3.764440e-15 -2.550000e+01
      vertex -3.059355e+01  1.733277e-14 -2.585355e+01
    endloop
  endfacet
  facet normal -3.823262e-01 -4.307780e-02 -9.230227e-01
    outer loop
      vertex -2.982651e+01 -6.807706e+00 -2.585355e+01
      vertex -3.059355e+01  1.733277e-14 -2.585355e+01
      vertex -2.948182e+01 -6.729033e+00 -2.600000e+01
    endloop
  endfacet
  facet normal -3.823270e-01 -4.307795e-02 -9.230224e-01
    outer loop
      vertex -2.948182e+01 -6.729033e+00 -2.600000e+01
      vertex -3.059355e+01  1.733277e-14 -2.585355e+01
      vertex -3.024000e+01  1.713247e-14 -2.600000e+01
    endloop
  endfacet
  facet normal -8.728354e-01 -3.054182e-01 -3.806285e-01
    outer loop
      vertex -2.769578e+01 -1.333759e+01 -2.550000e+01
      vertex -2.996928e+01 -6.840293e+00 -2.550000e+01
      vertex -2.756384e+01 -1.327404e+01 -2.585355e+01
    endloop
  endfacet
  facet normal -8.728364e-01 -3.054188e-01 -3.806258e-01
    outer loop
      vertex -2.756384e+01 -1.327404e+01 -2.585355e+01
      vertex -2.996928e+01 -6.840293e+00 -2.550000e+01
      vertex -2.982651e+01 -6.807706e+00 -2.585355e+01
    endloop
  endfacet
  facet normal -3.631561e-01 -1.270738e-01 -9.230222e-01
    outer loop
      vertex -2.756384e+01 -1.327404e+01 -2.585355e+01
      vertex -2.982651e+01 -6.807706e+00 -2.585355e+01
      vertex -2.724530e+01 -1.312064e+01 -2.600000e+01
    endloop
  endfacet
  facet normal -3.631549e-01 -1.270733e-01 -9.230227e-01
    outer loop
      vertex -2.724530e+01 -1.312064e+01 -2.600000e+01
      vertex -2.982651e+01 -6.807706e+00 -2.585355e+01
      vertex -2.948182e+01 -6.729033e+00 -2.600000e+01
    endloop
  endfacet
  facet normal -7.829890e-01 -4.919846e-01 -3.806300e-01
    outer loop
      vertex -2.403350e+01 -1.916608e+01 -2.550000e+01
      vertex -2.769578e+01 -1.333759e+01 -2.550000e+01
      vertex -2.391900e+01 -1.907477e+01 -2.585355e+01
    endloop
  endfacet
  facet normal -7.829895e-01 -4.919850e-01 -3.806289e-01
    outer loop
      vertex -2.391900e+01 -1.907477e+01 -2.585355e+01
      vertex -2.769578e+01 -1.333759e+01 -2.550000e+01
      vertex -2.756384e+01 -1.327404e+01 -2.585355e+01
    endloop
  endfacet
  facet normal -3.257749e-01 -2.046980e-01 -9.230219e-01
    outer loop
      vertex -2.391900e+01 -1.907477e+01 -2.585355e+01
      vertex -2.756384e+01 -1.327404e+01 -2.585355e+01
      vertex -2.364258e+01 -1.885433e+01 -2.600000e+01
    endloop
  endfacet
  facet normal -3.257745e-01 -2.046977e-01 -9.230222e-01
    outer loop
      vertex -2.364258e+01 -1.885433e+01 -2.600000e+01
      vertex -2.756384e+01 -1.327404e+01 -2.585355e+01
      vertex -2.724530e+01 -1.312064e+01 -2.600000e+01
    endloop
  endfacet
  facet normal -6.538813e-01 -6.538813e-01 -3.806294e-01
    outer loop
      vertex -1.916608e+01 -2.403350e+01 -2.550000e+01
      vertex -2.403350e+01 -1.916608e+01 -2.550000e+01
      vertex -1.907477e+01 -2.391900e+01 -2.585355e+01
    endloop
  endfacet
  facet normal -6.538812e-01 -6.538812e-01 -3.806295e-01
    outer loop
      vertex -1.907477e+01 -2.391900e+01 -2.585355e+01
      vertex -2.403350e+01 -1.916608e+01 -2.550000e+01
      vertex -2.391900e+01 -1.907477e+01 -2.585355e+01
    endloop
  endfacet
  facet normal -2.720575e-01 -2.720575e-01 -9.230219e-01
    outer loop
      vertex -1.907477e+01 -2.391900e+01 -2.585355e+01
      vertex -2.391900e+01 -1.907477e+01 -2.585355e+01
      vertex -1.885433e+01 -2.364258e+01 -2.600000e+01
    endloop
  endfacet
  facet normal -2.720576e-01 -2.720576e-01 -9.230218e-01
    outer loop
      vertex -1.885433e+01 -2.364258e+01 -2.600000e+01
      vertex -2.391900e+01 -1.907477e+01 -2.585355e+01
      vertex -2.364258e+01 -1.885433e+01 -2.600000e+01
    endloop
  endfacet
  facet normal -4.919849e-01 -7.829895e-01 -3.806288e-01
    outer loop
      vertex -1.333759e+01 -2.769578e+01 -2.550000e+01
      vertex -1.916608e+01 -2.403350e+01 -2.550000e+01
      vertex -1.327404e+01 -2.756384e+01 -2.585355e+01
    endloop
  endfacet
  facet normal -4.919847e-01 -7.829890e-01 -3.806301e-01
    outer loop
      vertex -1.327404e+01 -2.756384e+01 -2.585355e+01
      vertex -1.916608e+01 -2.403350e+01 -2.550000e+01
      vertex -1.907477e+01 -2.391900e+01 -2.585355e+01
    endloop
  endfacet
  facet normal -2.046977e-01 -3.257745e-01 -9.230221e-01
    outer loop
      vertex -1.327404e+01 -2.756384e+01 -2.585355e+01
      vertex -1.907477e+01 -2.391900e+01 -2.585355e+01
      vertex -1.312064e+01 -2.724530e+01 -2.600000e+01
    endloop
  endfacet
  facet normal -2.046980e-01 -3.257749e-01 -9.230220e-01
    outer loop
      vertex -1.312064e+01 -2.724530e+01 -2.600000e+01
      vertex -1.907477e+01 -2.391900e+01 -2.585355e+01
      vertex -1.885433e+01 -2.364258e+01 -2.600000e+01
    endloop
  endfacet
  facet normal -3.054186e-01 -8.728365e-01 -3.806257e-01
    outer loop
      vertex -6.840293e+00 -2.996928e+01 -2.550000e+01
      vertex -1.333759e+01 -2.769578e+01 -2.550000e+01
      vertex -6.807706e+00 -2.982651e+01 -2.585355e+01
    endloop
  endfacet
  facet normal -3.054184e-01 -8.728353e-01 -3.806286e-01
    outer loop
      vertex -6.807706e+00 -2.982651e+01 -2.585355e+01
      vertex -1.333759e+01 -2.769578e+01 -2.550000e+01
      vertex -1.327404e+01 -2.756384e+01 -2.585355e+01
    endloop
  endfacet
  facet normal -1.270734e-01 -3.631548e-01 -9.230227e-01
    outer loop
      vertex -6.807706e+00 -2.982651e+01 -2.585355e+01
      vertex -1.327404e+01 -2.756384e+01 -2.585355e+01
      vertex -6.729033e+00 -2.948182e+01 -2.600000e+01
    endloop
  endfacet
  facet normal -1.270738e-01 -3.631562e-01 -9.230222e-01
    outer loop
      vertex -6.729033e+00 -2.948182e+01 -2.600000e+01
      vertex -1.327404e+01 -2.756384e+01 -2.585355e+01
      vertex -1.312064e+01 -2.724530e+01 -2.600000e+01
    endloop
  endfacet
  facet normal -1.035368e-01 -9.189147e-01 -3.806255e-01
    outer loop
      vertex -5.646660e-15 -3.074000e+01 -2.550000e+01
      vertex -6.840293e+00 -2.996928e+01 -2.550000e+01
      vertex -3.279229e-14 -3.059355e+01 -2.585355e+01
    endloop
  endfacet
  facet normal -1.035368e-01 -9.189147e-01 -3.806258e-01
    outer loop
      vertex -3.279229e-14 -3.059355e+01 -2.585355e+01
      vertex -6.840293e+00 -2.996928e+01 -2.550000e+01
      vertex -6.807706e+00 -2.982651e+01 -2.585355e+01
    endloop
  endfacet
  facet normal -4.307790e-02 -3.823270e-01 -9.230224e-01
    outer loop
      vertex -3.279229e-14 -3.059355e+01 -2.585355e+01
      vertex -6.807706e+00 -2.982651e+01 -2.585355e+01
      vertex -3.241333e-14 -3.024000e+01 -2.600000e+01
    endloop
  endfacet
  facet normal -4.307785e-02 -3.823262e-01 -9.230227e-01
    outer loop
      vertex -3.241333e-14 -3.024000e+01 -2.600000e+01
      vertex -6.807706e+00 -2.982651e+01 -2.585355e+01
      vertex -6.729033e+00 -2.948182e+01 -2.600000e+01
    endloop
  endfacet
  facet normal  1.035368e-01 -9.189146e-01 -3.806259e-01
    outer loop
      vertex  6.840293e+00 -2.996928e+01 -2.550000e+01
      vertex -5.646660e-15 -3.074000e+01 -2.550000e+01
      vertex  6.807706e+00 -2.982651e+01 -2.585355e+01
    endloop
  endfacet
  facet normal  1.035368e-01 -9.189148e-01 -3.806256e-01
    outer loop
      vertex  6.807706e+00 -2.982651e+01 -2.585355e+01
      vertex -5.646660e-15 -3.074000e+01 -2.550000e+01
      vertex -3.279229e-14 -3.059355e+01 -2.585355e+01
    endloop
  endfacet
  facet normal  4.307780e-02 -3.823262e-01 -9.230227e-01
    outer loop
      vertex  6.807706e+00 -2.982651e+01 -2.585355e+01
      vertex -3.279229e-14 -3.059355e+01 -2.585355e+01
      vertex  6.729033e+00 -2.948182e+01 -2.600000e+01
    endloop
  endfacet
  facet normal  4.307795e-02 -3.823270e-01 -9.230224e-01
    outer loop
      vertex  6.729033e+00 -2.948182e+01 -2.600000e+01
      vertex -3.279229e-14 -3.059355e+01 -2.585355e+01
      vertex -3.241333e-14 -3.024000e+01 -2.600000e+01
    endloop
  endfacet
  facet normal  3.054182e-01 -8.728354e-01 -3.806285e-01
    outer loop
      vertex  1.333759e+01 -2.769578e+01 -2.550000e+01
      vertex  6.840293e+00 -2.996928e+01 -2.550000e+01
      vertex  1.327404e+01 -2.756384e+01 -2.585355e+01
    endloop
  endfacet
  facet normal  3.054188e-01 -8.728364e-01 -3.806258e-01
    outer loop
      vertex  1.327404e+01 -2.756384e+01 -2.585355e+01
      vertex  6.840293e+00 -2.996928e+01 -2.550000e+01
      vertex  6.807706e+00 -2.982651e+01 -2.585355e+01
    endloop
  endfacet
  facet normal  1.270738e-01 -3.631561e-01 -9.230222e-01
    outer loop
      vertex  1.327404e+01 -2.756384e+01 -2.585355e+01
      vertex  6.807706e+00 -2.982651e+01 -2.585355e+01
      vertex  1.312064e+01 -2.724530e+01 -2.600000e+01
    endloop
  endfacet
  facet normal  1.270733e-01 -3.631549e-01 -9.230227e-01
    outer loop
      vertex  1.312064e+01 -2.724530e+01 -2.600000e+01
      vertex  6.807706e+00 -2.982651e+01 -2.585355e+01
      vertex  6.729033e+00 -2.948182e+01 -2.600000e+01
    endloop
  endfacet
  facet normal  4.919846e-01 -7.829890e-01 -3.806300e-01
    outer loop
      vertex  1.916608e+01 -2.403350e+01 -2.550000e+01
      vertex  1.333759e+01 -2.769578e+01 -2.550000e+01
      vertex  1.907477e+01 -2.391900e+01 -2.585355e+01
    endloop
  endfacet
  facet normal  4.919850e-01 -7.829895e-01 -3.806289e-01
    outer loop
      vertex  1.907477e+01 -2.391900e+01 -2.585355e+01
      vertex  1.333759e+01 -2.769578e+01 -2.550000e+01
      vertex  1.327404e+01 -2.756384e+01 -2.585355e+01
    endloop
  endfacet
  facet normal  2.046980e-01 -3.257749e-01 -9.230219e-01
    outer loop
      vertex  1.907477e+01 -2.391900e+01 -2.585355e+01
      vertex  1.327404e+01 -2.756384e+01 -2.585355e+01
      vertex  1.885433e+01 -2.364258e+01 -2.600000e+01
    endloop
  endfacet
  facet normal  2.046977e-01 -3.257745e-01 -9.230222e-01
    outer loop
      vertex  1.885433e+01 -2.364258e+01 -2.600000e+01
      vertex  1.327404e+01 -2.756384e+01 -2.585355e+01
      vertex  1.312064e+01 -2.724530e+01 -2.600000e+01
    endloop
  endfacet
  facet normal  6.538813e-01 -6.538813e-01 -3.806294e-01
    outer loop
      vertex  2.403350e+01 -1.916608e+01 -2.550000e+01
      vertex  1.916608e+01 -2.403350e+01 -2.550000e+01
      vertex  2.391900e+01 -1.907477e+01 -2.585355e+01
    endloop
  endfacet
  facet normal  6.538812e-01 -6.538812e-01 -3.806295e-01
    outer loop
      vertex  2.391900e+01 -1.907477e+01 -2.585355e+01
      vertex  1.916608e+01 -2.403350e+01 -2.550000e+01
      vertex  1.907477e+01 -2.391900e+01 -2.585355e+01
    endloop
  endfacet
  facet normal  2.720575e-01 -2.720575e-01 -9.230219e-01
    outer loop
      vertex  2.391900e+01 -1.907477e+01 -2.585355e+01
      vertex  1.907477e+01 -2.391900e+01 -2.585355e+01
      vertex  2.364258e+01 -1.885433e+01 -2.600000e+01
    endloop
  endfacet
  facet normal  2.720576e-01 -2.720576e-01 -9.230218e-01
    outer loop
      vertex  2.364258e+01 -1.885433e+01 -2.600000e+01
      vertex  1.907477e+01 -2.391900e+01 -2.585355e+01
      vertex  1.885433e+01 -2.364258e+01 -2.600000e+01
    endloop
  endfacet
  facet normal  7.829895e-01 -4.919849e-01 -3.806288e-01
    outer loop
      vertex  2.769578e+01 -1.333759e+01 -2.550000e+01
      vertex  2.403350e+01 -1.916608e+01 -2.550000e+01
      vertex  2.756384e+01 -1.327404e+01 -2.585355e+01
    endloop
  endfacet
  facet normal  7.829890e-01 -4.919847e-01 -3.806301e-01
    outer loop
      vertex  2.756384e+01 -1.327404e+01 -2.585355e+01
      vertex  2.403350e+01 -1.916608e+01 -2.550000e+01
      vertex  2.391900e+01 -1.907477e+01 -2.585355e+01
    endloop
  endfacet
  facet normal  3.257745e-01 -2.046977e-01 -9.230221e-01
    outer loop
      vertex  2.756384e+01 -1.327404e+01 -2.585355e+01
      vertex  2.391900e+01 -1.907477e+01 -2.585355e+01
      vertex  2.724530e+01 -1.312064e+01 -2.600000e+01
    endloop
  endfacet
  facet normal  3.257749e-01 -2.046980e-01 -9.230220e-01
    outer loop
      vertex  2.724530e+01 -1.312064e+01 -2.600000e+01
      vertex  2.391900e+01 -1.907477e+01 -2.585355e+01
      vertex  2.364258e+01 -1.885433e+01 -2.600000e+01
    endloop
  endfacet
  facet normal  8.728365e-01 -3.054186e-01 -3.806257e-01
    outer loop
      vertex  2.996928e+01 -6.840293e+00 -2.550000e+01
      vertex  2.769578e+01 -1.333759e+01 -2.550000e+01
      vertex  2.982651e+01 -6.807706e+00 -2.585355e+01
    endloop
  endfacet
  facet normal  8.728353e-01 -3.054184e-01 -3.806286e-01
    outer loop
      vertex  2.982651e+01 -6.807706e+00 -2.585355e+01
      vertex  2.769578e+01 -1.333759e+01 -2.550000e+01
      vertex  2.756384e+01 -1.327404e+01 -2.585355e+01
    endloop
  endfacet
  facet normal  3.631548e-01 -1.270734e-01 -9.230227e-01
    outer loop
      vertex  2.982651e+01 -6.807706e+00 -2.585355e+01
      vertex  2.756384e+01 -1.327404e+01 -2.585355e+01
      vertex  2.948182e+01 -6.729033e+00 -2.600000e+01
    endloop
  endfacet
  facet normal  3.631562e-01 -1.270738e-01 -9.230222e-01
    outer loop
      vertex  2.948182e+01 -6.729033e+00 -2.600000e+01
      vertex  2.756384e+01 -1.327404e+01 -2.585355e+01
      vertex  2.724530e+01 -1.312064e+01 -2.600000e+01
    endloop
  endfacet
  facet normal  1.119645e-01 -9.937122e-01  0.000000e+00
    outer loop
      vertex  7.931698e-15  2.800000e+01 -2.600000e+01
      vertex -6.230586e+00  2.729798e+01 -1.000000e+00
      vertex -6.230586e+00  2.729798e+01 -2.600000e+01
    endloop
  endfacet
  facet normal  3.302789e-01 -9.438834e-01  0.000000e+00
    outer loop
      vertex -6.230586e+00  2.729798e+01 -2.600000e+01
      vertex -6.230586e+00  2.729798e+01 -1.000000e+00
      vertex -1.214874e+01  2.522713e+01 -1.000000e+00
    endloop
  endfacet
  facet normal  3.302789e-01 -9.438834e-01  0.000000e+00
    outer loop
      vertex -6.230586e+00  2.729798e+01 -2.600000e+01
      vertex -1.214874e+01  2.522713e+01 -1.000000e+00
      vertex -1.214874e+01  2.522713e+01 -2.600000e+01
    endloop
  endfacet
  facet normal  5.320322e-01 -8.467242e-01  0.000000e+00
    outer loop
      vertex -1.214874e+01  2.522713e+01 -2.600000e+01
      vertex -1.214874e+01  2.522713e+01 -1.000000e+00
      vertex -1.745771e+01  2.189128e+01 -1.000000e+00
    endloop
  endfacet
  facet normal  5.320322e-01 -8.467242e-01  0.000000e+00
    outer loop
      vertex -1.214874e+01  2.522713e+01 -2.600000e+01
      vertex -1.745771e+01  2.189128e+01 -1.000000e+00
      vertex -1.745771e+01  2.189128e+01 -2.600000e+01
    endloop
  endfacet
  facet normal  7.071068e-01 -7.071068e-01  0.000000e+00
    outer loop
      vertex -1.745771e+01  2.189128e+01 -2.600000e+01
      vertex -1.745771e+01  2.189128e+01 -1.000000e+00
      vertex -2.189128e+01  1.745771e+01 -1.000000e+00
    endloop
  endfacet
  facet normal  7.071068e-01 -7.071068e-01  0.000000e+00
    outer loop
      vertex -1.745771e+01  2.189128e+01 -2.600000e+01
      vertex -2.189128e+01  1.745771e+01 -1.000000e+00
      vertex -2.189128e+01  1.745771e+01 -2.600000e+01
    endloop
  endfacet
  facet normal  8.467242e-01 -5.320322e-01  0.000000e+00
    outer loop
      vertex -2.189128e+01  1.745771e+01 -2.600000e+01
      vertex -2.189128e+01  1.745771e+01 -1.000000e+00
      vertex -2.522713e+01  1.214874e+01 -1.000000e+00
    endloop
  endfacet
  facet normal  8.467242e-01 -5.320322e-01  0.000000e+00
    outer loop
      vertex -2.189128e+01  1.745771e+01 -2.600000e+01
      vertex -2.522713e+01  1.214874e+01 -1.000000e+00
      vertex -2.522713e+01  1.214874e+01 -2.600000e+01
    endloop
  endfacet
  facet normal  9.438834e-01 -3.302789e-01  0.000000e+00
    outer loop
      vertex -2.522713e+01  1.214874e+01 -2.600000e+01
      vertex -2.522713e+01  1.214874e+01 -1.000000e+00
      vertex -2.729798e+01  6.230586e+00 -1.000000e+00
    endloop
  endfacet
  facet normal  9.438834e-01 -3.302789e-01  0.000000e+00
    outer loop
      vertex -2.522713e+01  1.214874e+01 -2.600000e+01
      vertex -2.729798e+01  6.230586e+00 -1.000000e+00
      vertex -2.729798e+01  6.230586e+00 -2.600000e+01
    endloop
  endfacet
  facet normal  9.937122e-01 -1.119645e-01  0.000000e+00
    outer loop
      vertex -2.729798e+01  6.230586e+00 -2.600000e+01
      vertex -2.729798e+01  6.230586e+00 -1.000000e+00
      vertex -2.800000e+01  3.428898e-15 -1.000000e+00
    endloop
  endfacet
  facet normal  9.937122e-01 -1.119645e-01 -5.568890e-17
    outer loop
      vertex -2.729798e+01  6.230586e+00 -2.600000e+01
      vertex -2.800000e+01  3.428898e-15 -1.000000e+00
      vertex -2.800000e+01  1.586340e-14 -2.600000e+01
    endloop
  endfacet
  facet normal  1.119645e-01 -9.937122e-01  0.000000e+00
    outer loop
      vertex -6.230586e+00  2.729798e+01 -1.000000e+00
      vertex  7.931698e-15  2.800000e+01 -2.600000e+01
      vertex  7.931698e-15  2.800000e+01 -1.000000e+00
    endloop
  endfacet
  facet normal -1.119645e-01 -9.937122e-01  -0.000000e+00
    outer loop
      vertex  7.931698e-15  2.800000e+01 -1.000000e+00
      vertex  7.931698e-15  2.800000e+01 -2.600000e+01
      vertex  6.230586e+00  2.729798e+01 -2.600000e+01
    endloop
  endfacet
  facet normal -1.119645e-01 -9.937122e-01  0.000000e+00
    outer loop
      vertex  7.931698e-15  2.800000e+01 -1.000000e+00
      vertex  6.230586e+00  2.729798e+01 -2.600000e+01
      vertex  6.230586e+00  2.729798e+01 -1.000000e+00
    endloop
  endfacet
  facet normal -3.302789e-01 -9.438834e-01  -0.000000e+00
    outer loop
      vertex  6.230586e+00  2.729798e+01 -1.000000e+00
      vertex  6.230586e+00  2.729798e+01 -2.600000e+01
      vertex  1.214874e+01  2.522713e+01 -2.600000e+01
    endloop
  endfacet
  facet normal -3.302789e-01 -9.438834e-01  0.000000e+00
    outer loop
      vertex  6.230586e+00  2.729798e+01 -1.000000e+00
      vertex  1.214874e+01  2.522713e+01 -2.600000e+01
      vertex  1.214874e+01  2.522713e+01 -1.000000e+00
    endloop
  endfacet
  facet normal -5.320322e-01 -8.467242e-01  -0.000000e+00
    outer loop
      vertex  1.214874e+01  2.522713e+01 -1.000000e+00
      vertex  1.214874e+01  2.522713e+01 -2.600000e+01
      vertex  1.745771e+01  2.189128e+01 -2.600000e+01
    endloop
  endfacet
  facet normal -5.320322e-01 -8.467242e-01  0.000000e+00
    outer loop
      vertex  1.214874e+01  2.522713e+01 -1.000000e+00
      vertex  1.745771e+01  2.189128e+01 -2.600000e+01
      vertex  1.745771e+01  2.189128e+01 -1.000000e+00
    endloop
  endfacet
  facet normal -7.071068e-01 -7.071068e-01  -0.000000e+00
    outer loop
      vertex  1.745771e+01  2.189128e+01 -1.000000e+00
      vertex  1.745771e+01  2.189128e+01 -2.600000e+01
      vertex  2.189128e+01  1.745771e+01 -2.600000e+01
    endloop
  endfacet
  facet normal -7.071068e-01 -7.071068e-01  0.000000e+00
    outer loop
      vertex  1.745771e+01  2.189128e+01 -1.000000e+00
      vertex  2.189128e+01  1.745771e+01 -2.600000e+01
      vertex  2.189128e+01  1.745771e+01 -1.000000e+00
    endloop
  endfacet
  facet normal -8.467242e-01 -5.320322e-01  -0.000000e+00
    outer loop
      vertex  2.189128e+01  1.745771e+01 -1.000000e+00
      vertex  2.189128e+01  1.745771e+01 -2.600000e+01
      vertex  2.522713e+01  1.214874e+01 -2.600000e+01
    endloop
  endfacet
  facet normal -8.467242e-01 -5.320322e-01  0.000000e+00
    outer loop
      vertex  2.189128e+01  1.745771e+01 -1.000000e+00
      vertex  2.522713e+01  1.214874e+01 -2.600000e+01
      vertex  2.522713e+01  1.214874e+01 -1.000000e+00
    endloop
  endfacet
  facet normal -9.438834e-01 -3.302789e-01  -0.000000e+00
    outer loop
      vertex  2.522713e+01  1.214874e+01 -1.000000e+00
      vertex  2.522713e+01  1.214874e+01 -2.600000e+01
      vertex  2.729798e+01  6.230586e+00 -2.600000e+01
    endloop
  endfacet
  facet normal -9.438834e-01 -3.302789e-01  0.000000e+00
    outer loop
      vertex  2.522713e+01  1.214874e+01 -1.000000e+00
      vertex  2.729798e+01  6.230586e+00 -2.600000e+01
      vertex  2.729798e+01  6.230586e+00 -1.000000e+00
    endloop
  endfacet
  facet normal -9.937122e-01 -1.119645e-01  -0.000000e+00
    outer loop
      vertex  2.729798e+01  6.230586e+00 -1.000000e+00
      vertex  2.729798e+01  6.230586e+00 -2.600000e+01
      vertex  2.800000e+01  0.000000e+00 -2.600000e+01
    endloop
  endfacet
  facet normal -9.937122e-01 -1.119645e-01  0.000000e+00
    outer loop
      vertex  2.729798e+01  6.230586e+00 -1.000000e+00
      vertex  2.800000e+01  0.000000e+00 -2.600000e+01
      vertex  2.800000e+01  0.000000e+00 -1.000000e+00
    endloop
  endfacet
  facet normal  3.823278e-01 -4.307804e-02  9.230221e-01
    outer loop
      vertex  3.024000e+01  0.000000e+00 -1.000000e+00
      vertex  2.948182e+01 -6.729033e+00 -1.000000e+00
      vertex  3.059355e+01  0.000000e+00 -1.146447e+00
    endloop
  endfacet
  facet normal  3.823270e-01 -4.307790e-02  9.230224e-01
    outer loop
      vertex  3.059355e+01  0.000000e+00 -1.146447e+00
      vertex  2.948182e+01 -6.729033e+00 -1.000000e+00
      vertex  2.982651e+01 -6.807706e+00 -1.146447e+00
    endloop
  endfacet
  facet normal  9.189146e-01 -1.035368e-01  3.806259e-01
    outer loop
      vertex  3.059355e+01  0.000000e+00 -1.146447e+00
      vertex  2.982651e+01 -6.807706e+00 -1.146447e+00
      vertex  3.074000e+01  0.000000e+00 -1.500000e+00
    endloop
  endfacet
  facet normal  9.189146e-01 -1.035368e-01  3.806262e-01
    outer loop
      vertex  3.074000e+01  0.000000e+00 -1.500000e+00
      vertex  2.982651e+01 -6.807706e+00 -1.146447e+00
      vertex  2.996928e+01 -6.840293e+00 -1.500000e+00
    endloop
  endfacet
  facet normal -3.823270e-01 -4.307795e-02  9.230225e-01
    outer loop
      vertex -2.948182e+01 -6.729033e+00 -1.000000e+00
      vertex -3.024000e+01  1.713247e-14 -1.000000e+00
      vertex -2.982651e+01 -6.807706e+00 -1.146447e+00
    endloop
  endfacet
  facet normal -3.823278e-01 -4.307799e-02  9.230221e-01
    outer loop
      vertex -2.982651e+01 -6.807706e+00 -1.146447e+00
      vertex -3.024000e+01  1.713247e-14 -1.000000e+00
      vertex -3.059355e+01  1.733277e-14 -1.146447e+00
    endloop
  endfacet
  facet normal -9.189145e-01 -1.035368e-01  3.806261e-01
    outer loop
      vertex -2.982651e+01 -6.807706e+00 -1.146447e+00
      vertex -3.059355e+01  1.733277e-14 -1.146447e+00
      vertex -2.996928e+01 -6.840293e+00 -1.500000e+00
    endloop
  endfacet
  facet normal -9.189147e-01 -1.035368e-01  3.806259e-01
    outer loop
      vertex -2.996928e+01 -6.840293e+00 -1.500000e+00
      vertex -3.059355e+01  1.733277e-14 -1.146447e+00
      vertex -3.074000e+01  3.764440e-15 -1.500000e+00
    endloop
  endfacet
  facet normal -3.631569e-01 -1.270740e-01  9.230218e-01
    outer loop
      vertex -2.724530e+01 -1.312064e+01 -1.000000e+00
      vertex -2.948182e+01 -6.729033e+00 -1.000000e+00
      vertex -2.756384e+01 -1.327404e+01 -1.146447e+00
    endloop
  endfacet
  facet normal -3.631556e-01 -1.270737e-01  9.230224e-01
    outer loop
      vertex -2.756384e+01 -1.327404e+01 -1.146447e+00
      vertex -2.948182e+01 -6.729033e+00 -1.000000e+00
      vertex -2.982651e+01 -6.807706e+00 -1.146447e+00
    endloop
  endfacet
  facet normal -8.728352e-01 -3.054183e-01  3.806289e-01
    outer loop
      vertex -2.756384e+01 -1.327404e+01 -1.146447e+00
      vertex -2.982651e+01 -6.807706e+00 -1.146447e+00
      vertex -2.769578e+01 -1.333759e+01 -1.500000e+00
    endloop
  endfacet
  facet normal -8.728364e-01 -3.054186e-01  3.806261e-01
    outer loop
      vertex -2.769578e+01 -1.333759e+01 -1.500000e+00
      vertex -2.982651e+01 -6.807706e+00 -1.146447e+00
      vertex -2.996928e+01 -6.840293e+00 -1.500000e+00
    endloop
  endfacet
  facet normal -3.257756e-01 -2.046984e-01  9.230216e-01
    outer loop
      vertex -2.364258e+01 -1.885433e+01 -1.000000e+00
      vertex -2.724530e+01 -1.312064e+01 -1.000000e+00
      vertex -2.391900e+01 -1.907477e+01 -1.146447e+00
    endloop
  endfacet
  facet normal -3.257752e-01 -2.046981e-01  9.230219e-01
    outer loop
      vertex -2.391900e+01 -1.907477e+01 -1.146447e+00
      vertex -2.724530e+01 -1.312064e+01 -1.000000e+00
      vertex -2.756384e+01 -1.327404e+01 -1.146447e+00
    endloop
  endfacet
  facet normal -7.829889e-01 -4.919846e-01  3.806305e-01
    outer loop
      vertex -2.391900e+01 -1.907477e+01 -1.146447e+00
      vertex -2.756384e+01 -1.327404e+01 -1.146447e+00
      vertex -2.403350e+01 -1.916608e+01 -1.500000e+00
    endloop
  endfacet
  facet normal -7.829893e-01 -4.919848e-01  3.806292e-01
    outer loop
      vertex -2.403350e+01 -1.916608e+01 -1.500000e+00
      vertex -2.756384e+01 -1.327404e+01 -1.146447e+00
      vertex -2.769578e+01 -1.333759e+01 -1.500000e+00
    endloop
  endfacet
  facet normal -2.720582e-01 -2.720582e-01  9.230214e-01
    outer loop
      vertex -1.885433e+01 -2.364258e+01 -1.000000e+00
      vertex -2.364258e+01 -1.885433e+01 -1.000000e+00
      vertex -1.907477e+01 -2.391900e+01 -1.146447e+00
    endloop
  endfacet
  facet normal -2.720580e-01 -2.720580e-01  9.230216e-01
    outer loop
      vertex -1.907477e+01 -2.391900e+01 -1.146447e+00
      vertex -2.364258e+01 -1.885433e+01 -1.000000e+00
      vertex -2.391900e+01 -1.907477e+01 -1.146447e+00
    endloop
  endfacet
  facet normal -6.538810e-01 -6.538810e-01  3.806298e-01
    outer loop
      vertex -1.907477e+01 -2.391900e+01 -1.146447e+00
      vertex -2.391900e+01 -1.907477e+01 -1.146447e+00
      vertex -1.916608e+01 -2.403350e+01 -1.500000e+00
    endloop
  endfacet
  facet normal -6.538812e-01 -6.538812e-01  3.806297e-01
    outer loop
      vertex -1.916608e+01 -2.403350e+01 -1.500000e+00
      vertex -2.391900e+01 -1.907477e+01 -1.146447e+00
      vertex -2.403350e+01 -1.916608e+01 -1.500000e+00
    endloop
  endfacet
  facet normal -2.046981e-01 -3.257751e-01  9.230218e-01
    outer loop
      vertex -1.312064e+01 -2.724530e+01 -1.000000e+00
      vertex -1.885433e+01 -2.364258e+01 -1.000000e+00
      vertex -1.327404e+01 -2.756384e+01 -1.146447e+00
    endloop
  endfacet
  facet normal -2.046984e-01 -3.257756e-01  9.230216e-01
    outer loop
      vertex -1.327404e+01 -2.756384e+01 -1.146447e+00
      vertex -1.885433e+01 -2.364258e+01 -1.000000e+00
      vertex -1.907477e+01 -2.391900e+01 -1.146447e+00
    endloop
  endfacet
  facet normal -4.919849e-01 -7.829894e-01  3.806292e-01
    outer loop
      vertex -1.327404e+01 -2.756384e+01 -1.146447e+00
      vertex -1.907477e+01 -2.391900e+01 -1.146447e+00
      vertex -1.333759e+01 -2.769578e+01 -1.500000e+00
    endloop
  endfacet
  facet normal -4.919845e-01 -7.829889e-01  3.806304e-01
    outer loop
      vertex -1.333759e+01 -2.769578e+01 -1.500000e+00
      vertex -1.907477e+01 -2.391900e+01 -1.146447e+00
      vertex -1.916608e+01 -2.403350e+01 -1.500000e+00
    endloop
  endfacet
  facet normal -1.270736e-01 -3.631556e-01  9.230223e-01
    outer loop
      vertex -6.729033e+00 -2.948182e+01 -1.000000e+00
      vertex -1.312064e+01 -2.724530e+01 -1.000000e+00
      vertex -6.807706e+00 -2.982651e+01 -1.146447e+00
    endloop
  endfacet
  facet normal -1.270741e-01 -3.631568e-01  9.230219e-01
    outer loop
      vertex -6.807706e+00 -2.982651e+01 -1.146447e+00
      vertex -1.312064e+01 -2.724530e+01 -1.000000e+00
      vertex -1.327404e+01 -2.756384e+01 -1.146447e+00
    endloop
  endfacet
  facet normal -3.054187e-01 -8.728362e-01  3.806261e-01
    outer loop
      vertex -6.807706e+00 -2.982651e+01 -1.146447e+00
      vertex -1.327404e+01 -2.756384e+01 -1.146447e+00
      vertex -6.840293e+00 -2.996928e+01 -1.500000e+00
    endloop
  endfacet
  facet normal -3.054182e-01 -8.728353e-01  3.806288e-01
    outer loop
      vertex -6.840293e+00 -2.996928e+01 -1.500000e+00
      vertex -1.327404e+01 -2.756384e+01 -1.146447e+00
      vertex -1.333759e+01 -2.769578e+01 -1.500000e+00
    endloop
  endfacet
  facet normal -4.307804e-02 -3.823278e-01  9.230221e-01
    outer loop
      vertex -3.241333e-14 -3.024000e+01 -1.000000e+00
      vertex -6.729033e+00 -2.948182e+01 -1.000000e+00
      vertex -3.279229e-14 -3.059355e+01 -1.146447e+00
    endloop
  endfacet
  facet normal -4.307790e-02 -3.823270e-01  9.230224e-01
    outer loop
      vertex -3.279229e-14 -3.059355e+01 -1.146447e+00
      vertex -6.729033e+00 -2.948182e+01 -1.000000e+00
      vertex -6.807706e+00 -2.982651e+01 -1.146447e+00
    endloop
  endfacet
  facet normal -1.035368e-01 -9.189146e-01  3.806259e-01
    outer loop
      vertex -3.279229e-14 -3.059355e+01 -1.146447e+00
      vertex -6.807706e+00 -2.982651e+01 -1.146447e+00
      vertex -5.646660e-15 -3.074000e+01 -1.500000e+00
    endloop
  endfacet
  facet normal -1.035368e-01 -9.189146e-01  3.806262e-01
    outer loop
      vertex -5.646660e-15 -3.074000e+01 -1.500000e+00
      vertex -6.807706e+00 -2.982651e+01 -1.146447e+00
      vertex -6.840293e+00 -2.996928e+01 -1.500000e+00
    endloop
  endfacet
  facet normal  4.307795e-02 -3.823270e-01  9.230225e-01
    outer loop
      vertex  6.729033e+00 -2.948182e+01 -1.000000e+00
      vertex -3.241333e-14 -3.024000e+01 -1.000000e+00
      vertex  6.807706e+00 -2.982651e+01 -1.146447e+00
    endloop
  endfacet
  facet normal  4.307799e-02 -3.823278e-01  9.230221e-01
    outer loop
      vertex  6.807706e+00 -2.982651e+01 -1.146447e+00
      vertex -3.241333e-14 -3.024000e+01 -1.000000e+00
      vertex -3.279229e-14 -3.059355e+01 -1.146447e+00
    endloop
  endfacet
  facet normal  1.035368e-01 -9.189145e-01  3.806261e-01
    outer loop
      vertex  6.807706e+00 -2.982651e+01 -1.146447e+00
      vertex -3.279229e-14 -3.059355e+01 -1.146447e+00
      vertex  6.840293e+00 -2.996928e+01 -1.500000e+00
    endloop
  endfacet
  facet normal  1.035368e-01 -9.189147e-01  3.806259e-01
    outer loop
      vertex  6.840293e+00 -2.996928e+01 -1.500000e+00
      vertex -3.279229e-14 -3.059355e+01 -1.146447e+00
      vertex -5.646660e-15 -3.074000e+01 -1.500000e+00
    endloop
  endfacet
  facet normal  1.270740e-01 -3.631569e-01  9.230218e-01
    outer loop
      vertex  1.312064e+01 -2.724530e+01 -1.000000e+00
      vertex  6.729033e+00 -2.948182e+01 -1.000000e+00
      vertex  1.327404e+01 -2.756384e+01 -1.146447e+00
    endloop
  endfacet
  facet normal  1.270737e-01 -3.631556e-01  9.230224e-01
    outer loop
      vertex  1.327404e+01 -2.756384e+01 -1.146447e+00
      vertex  6.729033e+00 -2.948182e+01 -1.000000e+00
      vertex  6.807706e+00 -2.982651e+01 -1.146447e+00
    endloop
  endfacet
  facet normal  3.054183e-01 -8.728352e-01  3.806289e-01
    outer loop
      vertex  1.327404e+01 -2.756384e+01 -1.146447e+00
      vertex  6.807706e+00 -2.982651e+01 -1.146447e+00
      vertex  1.333759e+01 -2.769578e+01 -1.500000e+00
    endloop
  endfacet
  facet normal  3.054186e-01 -8.728364e-01  3.806261e-01
    outer loop
      vertex  1.333759e+01 -2.769578e+01 -1.500000e+00
      vertex  6.807706e+00 -2.982651e+01 -1.146447e+00
      vertex  6.840293e+00 -2.996928e+01 -1.500000e+00
    endloop
  endfacet
  facet normal  2.046984e-01 -3.257756e-01  9.230216e-01
    outer loop
      vertex  1.885433e+01 -2.364258e+01 -1.000000e+00
      vertex  1.312064e+01 -2.724530e+01 -1.000000e+00
      vertex  1.907477e+01 -2.391900e+01 -1.146447e+00
    endloop
  endfacet
  facet normal  2.046981e-01 -3.257752e-01  9.230219e-01
    outer loop
      vertex  1.907477e+01 -2.391900e+01 -1.146447e+00
      vertex  1.312064e+01 -2.724530e+01 -1.000000e+00
      vertex  1.327404e+01 -2.756384e+01 -1.146447e+00
    endloop
  endfacet
  facet normal  4.919846e-01 -7.829889e-01  3.806305e-01
    outer loop
      vertex  1.907477e+01 -2.391900e+01 -1.146447e+00
      vertex  1.327404e+01 -2.756384e+01 -1.146447e+00
      vertex  1.916608e+01 -2.403350e+01 -1.500000e+00
    endloop
  endfacet
  facet normal  4.919848e-01 -7.829893e-01  3.806292e-01
    outer loop
      vertex  1.916608e+01 -2.403350e+01 -1.500000e+00
      vertex  1.327404e+01 -2.756384e+01 -1.146447e+00
      vertex  1.333759e+01 -2.769578e+01 -1.500000e+00
    endloop
  endfacet
  facet normal  2.720582e-01 -2.720582e-01  9.230214e-01
    outer loop
      vertex  2.364258e+01 -1.885433e+01 -1.000000e+00
      vertex  1.885433e+01 -2.364258e+01 -1.000000e+00
      vertex  2.391900e+01 -1.907477e+01 -1.146447e+00
    endloop
  endfacet
  facet normal  2.720580e-01 -2.720580e-01  9.230216e-01
    outer loop
      vertex  2.391900e+01 -1.907477e+01 -1.146447e+00
      vertex  1.885433e+01 -2.364258e+01 -1.000000e+00
      vertex  1.907477e+01 -2.391900e+01 -1.146447e+00
    endloop
  endfacet
  facet normal  6.538810e-01 -6.538810e-01  3.806298e-01
    outer loop
      vertex  2.391900e+01 -1.907477e+01 -1.146447e+00
      vertex  1.907477e+01 -2.391900e+01 -1.146447e+00
      vertex  2.403350e+01 -1.916608e+01 -1.500000e+00
    endloop
  endfacet
  facet normal  6.538812e-01 -6.538812e-01  3.806297e-01
    outer loop
      vertex  2.403350e+01 -1.916608e+01 -1.500000e+00
      vertex  1.907477e+01 -2.391900e+01 -1.146447e+00
      vertex  1.916608e+01 -2.403350e+01 -1.500000e+00
    endloop
  endfacet
  facet normal  3.257751e-01 -2.046981e-01  9.230218e-01
    outer loop
      vertex  2.724530e+01 -1.312064e+01 -1.000000e+00
      vertex  2.364258e+01 -1.885433e+01 -1.000000e+00
      vertex  2.756384e+01 -1.327404e+01 -1.146447e+00
    endloop
  endfacet
  facet normal  3.257756e-01 -2.046984e-01  9.230216e-01
    outer loop
      vertex  2.756384e+01 -1.327404e+01 -1.146447e+00
      vertex  2.364258e+01 -1.885433e+01 -1.000000e+00
      vertex  2.391900e+01 -1.907477e+01 -1.146447e+00
    endloop
  endfacet
  facet normal  7.829894e-01 -4.919849e-01  3.806292e-01
    outer loop
      vertex  2.756384e+01 -1.327404e+01 -1.146447e+00
      vertex  2.391900e+01 -1.907477e+01 -1.146447e+00
      vertex  2.769578e+01 -1.333759e+01 -1.500000e+00
    endloop
  endfacet
  facet normal  7.829889e-01 -4.919845e-01  3.806304e-01
    outer loop
      vertex  2.769578e+01 -1.333759e+01 -1.500000e+00
      vertex  2.391900e+01 -1.907477e+01 -1.146447e+00
      vertex  2.403350e+01 -1.916608e+01 -1.500000e+00
    endloop
  endfacet
  facet normal  3.631556e-01 -1.270736e-01  9.230223e-01
    outer loop
      vertex  2.948182e+01 -6.729033e+00 -1.000000e+00
      vertex  2.724530e+01 -1.312064e+01 -1.000000e+00
      vertex  2.982651e+01 -6.807706e+00 -1.146447e+00
    endloop
  endfacet
  facet normal  3.631568e-01 -1.270741e-01  9.230219e-01
    outer loop
      vertex  2.982651e+01 -6.807706e+00 -1.146447e+00
      vertex  2.724530e+01 -1.312064e+01 -1.000000e+00
      vertex  2.756384e+01 -1.327404e+01 -1.146447e+00
    endloop
  endfacet
  facet normal  8.728362e-01 -3.054187e-01  3.806261e-01
    outer loop
      vertex  2.982651e+01 -6.807706e+00 -1.146447e+00
      vertex  2.756384e+01 -1.327404e+01 -1.146447e+00
      vertex  2.996928e+01 -6.840293e+00 -1.500000e+00
    endloop
  endfacet
  facet normal  8.728353e-01 -3.054182e-01  3.806288e-01
    outer loop
      vertex  2.996928e+01 -6.840293e+00 -1.500000e+00
      vertex  2.756384e+01 -1.327404e+01 -1.146447e+00
      vertex  2.769578e+01 -1.333759e+01 -1.500000e+00
    endloop
  endfacet
  facet normal  9.937121e-01 -1.119644e-01  3.512361e-17
    outer loop
      vertex  3.074000e+01 -7.528879e-15 -2.550000e+01
      vertex  3.074000e+01  0.000000e+00 -1.500000e+00
      vertex  2.996928e+01 -6.840293e+00 -2.550000e+01
    endloop
  endfacet
  facet normal  9.937121e-01 -1.119644e-01  0.000000e+00
    outer loop
      vertex  2.996928e+01 -6.840293e+00 -2.550000e+01
      vertex  3.074000e+01  0.000000e+00 -1.500000e+00
      vertex  2.996928e+01 -6.840293e+00 -1.500000e+00
    endloop
  endfacet
  facet normal  9.438833e-01 -3.302790e-01  0.000000e+00
    outer loop
      vertex  2.996928e+01 -6.840293e+00 -2.550000e+01
      vertex  2.996928e+01 -6.840293e+00 -1.500000e+00
      vertex  2.769578e+01 -1.333759e+01 -2.550000e+01
    endloop
  endfacet
  facet normal  9.438833e-01 -3.302790e-01  0.000000e+00
    outer loop
      vertex  2.769578e+01 -1.333759e+01 -2.550000e+01
      vertex  2.996928e+01 -6.840293e+00 -1.500000e+00
      vertex  2.769578e+01 -1.333759e+01 -1.500000e+00
    endloop
  endfacet
  facet normal  8.467242e-01 -5.320321e-01  0.000000e+00
    outer loop
      vertex  2.769578e+01 -1.333759e+01 -2.550000e+01
      vertex  2.769578e+01 -1.333759e+01 -1.500000e+00
      vertex  2.403350e+01 -1.916608e+01 -2.550000e+01
    endloop
  endfacet
  facet normal  8.467242e-01 -5.320321e-01  0.000000e+00
    outer loop
      vertex  2.403350e+01 -1.916608e+01 -2.550000e+01
      vertex  2.769578e+01 -1.333759e+01 -1.500000e+00
      vertex  2.403350e+01 -1.916608e+01 -1.500000e+00
    endloop
  endfacet
  facet normal  7.071068e-01 -7.071068e-01  0.000000e+00
    outer loop
      vertex  2.403350e+01 -1.916608e+01 -2.550000e+01
      vertex  2.403350e+01 -1.916608e+01 -1.500000e+00
      vertex  1.916608e+01 -2.403350e+01 -2.550000e+01
    endloop
  endfacet
  facet normal  7.071068e-01 -7.071068e-01  0.000000e+00
    outer loop
      vertex  1.916608e+01 -2.403350e+01 -2.550000e+01
      vertex  2.403350e+01 -1.916608e+01 -1.500000e+00
      vertex  1.916608e+01 -2.403350e+01 -1.500000e+00
    endloop
  endfacet
  facet normal  5.320321e-01 -8.467242e-01  0.000000e+00
    outer loop
      vertex  1.916608e+01 -2.403350e+01 -2.550000e+01
      vertex  1.916608e+01 -2.403350e+01 -1.500000e+00
      vertex  1.333759e+01 -2.769578e+01 -2.550000e+01
    endloop
  endfacet
  facet normal  5.320321e-01 -8.467242e-01  0.000000e+00
    outer loop
      vertex  1.333759e+01 -2.769578e+01 -2.550000e+01
      vertex  1.916608e+01 -2.403350e+01 -1.500000e+00
      vertex  1.333759e+01 -2.769578e+01 -1.500000e+00
    endloop
  endfacet
  facet normal  3.302790e-01 -9.438833e-01  0.000000e+00
    outer loop
      vertex  1.333759e+01 -2.769578e+01 -2.550000e+01
      vertex  1.333759e+01 -2.769578e+01 -1.500000e+00
      vertex  6.840293e+00 -2.996928e+01 -2.550000e+01
    endloop
  endfacet
  facet normal  3.302790e-01 -9.438833e-01  0.000000e+00
    outer loop
      vertex  6.840293e+00 -2.996928e+01 -2.550000e+01
      vertex  1.333759e+01 -2.769578e+01 -1.500000e+00
      vertex  6.840293e+00 -2.996928e+01 -1.500000e+00
    endloop
  endfacet
  facet normal  1.119644e-01 -9.937121e-01  0.000000e+00
    outer loop
      vertex  6.840293e+00 -2.996928e+01 -2.550000e+01
      vertex  6.840293e+00 -2.996928e+01 -1.500000e+00
      vertex -5.646660e-15 -3.074000e+01 -2.550000e+01
    endloop
  endfacet
  facet normal  1.119644e-01 -9.937121e-01  0.000000e+00
    outer loop
      vertex -5.646660e-15 -3.074000e+01 -2.550000e+01
      vertex  6.840293e+00 -2.996928e+01 -1.500000e+00
      vertex -5.646660e-15 -3.074000e+01 -1.500000e+00
    endloop
  endfacet
  facet normal -1.119644e-01 -9.937121e-01  -0.000000e+00
    outer loop
      vertex -5.646660e-15 -3.074000e+01 -2.550000e+01
      vertex -5.646660e-15 -3.074000e+01 -1.500000e+00
      vertex -6.840293e+00 -2.996928e+01 -2.550000e+01
    endloop
  endfacet
  facet normal -1.119644e-01 -9.937121e-01  0.000000e+00
    outer loop
      vertex -6.840293e+00 -2.996928e+01 -2.550000e+01
      vertex -5.646660e-15 -3.074000e+01 -1.500000e+00
      vertex -6.840293e+00 -2.996928e+01 -1.500000e+00
    endloop
  endfacet
  facet normal -3.302790e-01 -9.438833e-01  -0.000000e+00
    outer loop
      vertex -6.840293e+00 -2.996928e+01 -2.550000e+01
      vertex -6.840293e+00 -2.996928e+01 -1.500000e+00
      vertex -1.333759e+01 -2.769578e+01 -2.550000e+01
    endloop
  endfacet
  facet normal -3.302790e-01 -9.438833e-01  0.000000e+00
    outer loop
      vertex -1.333759e+01 -2.769578e+01 -2.550000e+01
      vertex -6.840293e+00 -2.996928e+01 -1.500000e+00
      vertex -1.333759e+01 -2.769578e+01 -1.500000e+00
    endloop
  endfacet
  facet normal -5.320321e-01 -8.467242e-01  -0.000000e+00
    outer loop
      vertex -1.333759e+01 -2.769578e+01 -2.550000e+01
      vertex -1.333759e+01 -2.769578e+01 -1.500000e+00
      vertex -1.916608e+01 -2.403350e+01 -2.550000e+01
    endloop
  endfacet
  facet normal -5.320321e-01 -8.467242e-01  0.000000e+00
    outer loop
      vertex -1.916608e+01 -2.403350e+01 -2.550000e+01
      vertex -1.333759e+01 -2.769578e+01 -1.500000e+00
      vertex -1.916608e+01 -2.403350e+01 -1.500000e+00
    endloop
  endfacet
  facet normal -7.071068e-01 -7.071068e-01  -0.000000e+00
    outer loop
      vertex -1.916608e+01 -2.403350e+01 -2.550000e+01
      vertex -1.916608e+01 -2.403350e+01 -1.500000e+00
      vertex -2.403350e+01 -1.916608e+01 -2.550000e+01
    endloop
  endfacet
  facet normal -7.071068e-01 -7.071068e-01  0.000000e+00
    outer loop
      vertex -2.403350e+01 -1.916608e+01 -2.550000e+01
      vertex -1.916608e+01 -2.403350e+01 -1.500000e+00
      vertex -2.403350e+01 -1.916608e+01 -1.500000e+00
    endloop
  endfacet
  facet normal -8.467242e-01 -5.320321e-01  -0.000000e+00
    outer loop
      vertex -2.403350e+01 -1.916608e+01 -2.550000e+01
      vertex -2.403350e+01 -1.916608e+01 -1.500000e+00
      vertex -2.769578e+01 -1.333759e+01 -2.550000e+01
    endloop
  endfacet
  facet normal -8.467242e-01 -5.320321e-01  0.000000e+00
    outer loop
      vertex -2.769578e+01 -1.333759e+01 -2.550000e+01
      vertex -2.403350e+01 -1.916608e+01 -1.500000e+00
      vertex -2.769578e+01 -1.333759e+01 -1.500000e+00
    endloop
  endfacet
  facet normal -9.438833e-01 -3.302790e-01  -0.000000e+00
    outer loop
      vertex -2.769578e+01 -1.333759e+01 -2.550000e+01
      vertex -2.769578e+01 -1.333759e+01 -1.500000e+00
      vertex -2.996928e+01 -6.840293e+00 -2.550000e+01
    endloop
  endfacet
  facet normal -9.438833e-01 -3.302790e-01  0.000000e+00
    outer loop
      vertex -2.996928e+01 -6.840293e+00 -2.550000e+01
      vertex -2.769578e+01 -1.333759e+01 -1.500000e+00
      vertex -2.996928e+01 -6.840293e+00 -1.500000e+00
    endloop
  endfacet
  facet normal -9.937121e-01 -1.119644e-01  -0.000000e+00
    outer loop
      vertex -2.996928e+01 -6.840293e+00 -2.550000e+01
      vertex -2.996928e+01 -6.840293e+00 -1.500000e+00
      vertex -3.074000e+01  3.764440e-15 -2.550000e+01
    endloop
  endfacet
  facet normal -9.937121e-01 -1.119644e-01  0.000000e+00
    outer loop
      vertex -3.074000e+01  3.764440e-15 -2.550000e+01
      vertex -2.996928e+01 -6.840293e+00 -1.500000e+00
      vertex -3.074000e+01  3.764440e-15 -1.500000e+00
    endloop
  endfacet
  facet normal  9.189146e-01 -1.035368e-01 -3.806261e-01
    outer loop
      vertex  3.174000e+01  0.000000e+00 -2.550000e+01
      vertex  3.094421e+01 -7.062814e+00 -2.550000e+01
      vertex  3.130066e+01  0.000000e+00 -2.656066e+01
    endloop
  endfacet
  facet normal  9.189144e-01 -1.035368e-01 -3.806263e-01
    outer loop
      vertex  3.130066e+01  0.000000e+00 -2.656066e+01
      vertex  3.094421e+01 -7.062814e+00 -2.550000e+01
      vertex  3.051589e+01 -6.965052e+00 -2.656066e+01
    endloop
  endfacet
  facet normal  3.823284e-01 -4.307806e-02 -9.230218e-01
    outer loop
      vertex  3.130066e+01  0.000000e+00 -2.656066e+01
      vertex  3.051589e+01 -6.965052e+00 -2.656066e+01
      vertex  3.024000e+01  0.000000e+00 -2.700000e+01
    endloop
  endfacet
  facet normal  3.823282e-01 -4.307808e-02 -9.230219e-01
    outer loop
      vertex  3.024000e+01  0.000000e+00 -2.700000e+01
      vertex  3.051589e+01 -6.965052e+00 -2.656066e+01
      vertex  2.948182e+01 -6.729033e+00 -2.700000e+01
    endloop
  endfacet
  facet normal -9.189146e-01 -1.035368e-01 -3.806264e-01
    outer loop
      vertex -3.094421e+01 -7.062814e+00 -2.550000e+01
      vertex -3.174000e+01  1.798229e-14 -2.550000e+01
      vertex -3.051589e+01 -6.965052e+00 -2.656066e+01
    endloop
  endfacet
  facet normal -9.189144e-01 -1.035368e-01 -3.806261e-01
    outer loop
      vertex -3.051589e+01 -6.965052e+00 -2.656066e+01
      vertex -3.174000e+01  1.798229e-14 -2.550000e+01
      vertex -3.130066e+01  1.773338e-14 -2.656066e+01
    endloop
  endfacet
  facet normal -3.823282e-01 -4.307804e-02 -9.230219e-01
    outer loop
      vertex -3.051589e+01 -6.965052e+00 -2.656066e+01
      vertex -3.130066e+01  1.773338e-14 -2.656066e+01
      vertex -2.948182e+01 -6.729033e+00 -2.700000e+01
    endloop
  endfacet
  facet normal -3.823285e-01 -4.307811e-02 -9.230218e-01
    outer loop
      vertex -2.948182e+01 -6.729033e+00 -2.700000e+01
      vertex -3.130066e+01  1.773338e-14 -2.656066e+01
      vertex -3.024000e+01  1.713247e-14 -2.700000e+01
    endloop
  endfacet
  facet normal -8.728359e-01 -3.054184e-01 -3.806274e-01
    outer loop
      vertex -2.859675e+01 -1.377147e+01 -2.550000e+01
      vertex -3.094421e+01 -7.062814e+00 -2.550000e+01
      vertex -2.820092e+01 -1.358085e+01 -2.656066e+01
    endloop
  endfacet
  facet normal -8.728362e-01 -3.054187e-01 -3.806262e-01
    outer loop
      vertex -2.820092e+01 -1.358085e+01 -2.656066e+01
      vertex -3.094421e+01 -7.062814e+00 -2.550000e+01
      vertex -3.051589e+01 -6.965052e+00 -2.656066e+01
    endloop
  endfacet
  facet normal -3.631572e-01 -1.270743e-01 -9.230217e-01
    outer loop
      vertex -2.820092e+01 -1.358085e+01 -2.656066e+01
      vertex -3.051589e+01 -6.965052e+00 -2.656066e+01
      vertex -2.724530e+01 -1.312064e+01 -2.700000e+01
    endloop
  endfacet
  facet normal -3.631566e-01 -1.270739e-01 -9.230219e-01
    outer loop
      vertex -2.724530e+01 -1.312064e+01 -2.700000e+01
      vertex -3.051589e+01 -6.965052e+00 -2.656066e+01
      vertex -2.948182e+01 -6.729033e+00 -2.700000e+01
    endloop
  endfacet
  facet normal -7.829903e-01 -4.919856e-01 -3.806264e-01
    outer loop
      vertex -2.481533e+01 -1.978957e+01 -2.550000e+01
      vertex -2.859675e+01 -1.377147e+01 -2.550000e+01
      vertex -2.447184e+01 -1.951564e+01 -2.656066e+01
    endloop
  endfacet
  facet normal -7.829900e-01 -4.919852e-01 -3.806274e-01
    outer loop
      vertex -2.447184e+01 -1.951564e+01 -2.656066e+01
      vertex -2.859675e+01 -1.377147e+01 -2.550000e+01
      vertex -2.820092e+01 -1.358085e+01 -2.656066e+01
    endloop
  endfacet
  facet normal -3.257754e-01 -2.046983e-01 -9.230216e-01
    outer loop
      vertex -2.447184e+01 -1.951564e+01 -2.656066e+01
      vertex -2.820092e+01 -1.358085e+01 -2.656066e+01
      vertex -2.364258e+01 -1.885433e+01 -2.700000e+01
    endloop
  endfacet
  facet normal -3.257754e-01 -2.046982e-01 -9.230217e-01
    outer loop
      vertex -2.364258e+01 -1.885433e+01 -2.700000e+01
      vertex -2.820092e+01 -1.358085e+01 -2.656066e+01
      vertex -2.724530e+01 -1.312064e+01 -2.700000e+01
    endloop
  endfacet
  facet normal -6.538821e-01 -6.538821e-01 -3.806264e-01
    outer loop
      vertex -1.978957e+01 -2.481533e+01 -2.550000e+01
      vertex -2.481533e+01 -1.978957e+01 -2.550000e+01
      vertex -1.951564e+01 -2.447184e+01 -2.656066e+01
    endloop
  endfacet
  facet normal -6.538820e-01 -6.538820e-01 -3.806265e-01
    outer loop
      vertex -1.951564e+01 -2.447184e+01 -2.656066e+01
      vertex -2.481533e+01 -1.978957e+01 -2.550000e+01
      vertex -2.447184e+01 -1.951564e+01 -2.656066e+01
    endloop
  endfacet
  facet normal -2.720579e-01 -2.720579e-01 -9.230217e-01
    outer loop
      vertex -1.951564e+01 -2.447184e+01 -2.656066e+01
      vertex -2.447184e+01 -1.951564e+01 -2.656066e+01
      vertex -1.885433e+01 -2.364258e+01 -2.700000e+01
    endloop
  endfacet
  facet normal -2.720579e-01 -2.720579e-01 -9.230216e-01
    outer loop
      vertex -1.885433e+01 -2.364258e+01 -2.700000e+01
      vertex -2.447184e+01 -1.951564e+01 -2.656066e+01
      vertex -2.364258e+01 -1.885433e+01 -2.700000e+01
    endloop
  endfacet
  facet normal -4.919854e-01 -7.829900e-01 -3.806272e-01
    outer loop
      vertex -1.377147e+01 -2.859675e+01 -2.550000e+01
      vertex -1.978957e+01 -2.481533e+01 -2.550000e+01
      vertex -1.358085e+01 -2.820092e+01 -2.656066e+01
    endloop
  endfacet
  facet normal -4.919855e-01 -7.829904e-01 -3.806261e-01
    outer loop
      vertex -1.358085e+01 -2.820092e+01 -2.656066e+01
      vertex -1.978957e+01 -2.481533e+01 -2.550000e+01
      vertex -1.951564e+01 -2.447184e+01 -2.656066e+01
    endloop
  endfacet
  facet normal -2.046983e-01 -3.257754e-01 -9.230216e-01
    outer loop
      vertex -1.358085e+01 -2.820092e+01 -2.656066e+01
      vertex -1.951564e+01 -2.447184e+01 -2.656066e+01
      vertex -1.312064e+01 -2.724530e+01 -2.700000e+01
    endloop
  endfacet
  facet normal -2.046983e-01 -3.257754e-01 -9.230217e-01
    outer loop
      vertex -1.312064e+01 -2.724530e+01 -2.700000e+01
      vertex -1.951564e+01 -2.447184e+01 -2.656066e+01
      vertex -1.885433e+01 -2.364258e+01 -2.700000e+01
    endloop
  endfacet
  facet normal -3.054186e-01 -8.728363e-01 -3.806263e-01
    outer loop
      vertex -7.062814e+00 -3.094421e+01 -2.550000e+01
      vertex -1.377147e+01 -2.859675e+01 -2.550000e+01
      vertex -6.965052e+00 -3.051589e+01 -2.656066e+01
    endloop
  endfacet
  facet normal -3.054186e-01 -8.728358e-01 -3.806274e-01
    outer loop
      vertex -6.965052e+00 -3.051589e+01 -2.656066e+01
      vertex -1.377147e+01 -2.859675e+01 -2.550000e+01
      vertex -1.358085e+01 -2.820092e+01 -2.656066e+01
    endloop
  endfacet
  facet normal -1.270741e-01 -3.631566e-01 -9.230219e-01
    outer loop
      vertex -6.965052e+00 -3.051589e+01 -2.656066e+01
      vertex -1.358085e+01 -2.820092e+01 -2.656066e+01
      vertex -6.729033e+00 -2.948182e+01 -2.700000e+01
    endloop
  endfacet
  facet normal -1.270742e-01 -3.631572e-01 -9.230216e-01
    outer loop
      vertex -6.729033e+00 -2.948182e+01 -2.700000e+01
      vertex -1.358085e+01 -2.820092e+01 -2.656066e+01
      vertex -1.312064e+01 -2.724530e+01 -2.700000e+01
    endloop
  endfacet
  facet normal -1.035368e-01 -9.189146e-01 -3.806261e-01
    outer loop
      vertex -5.830351e-15 -3.174000e+01 -2.550000e+01
      vertex -7.062814e+00 -3.094421e+01 -2.550000e+01
      vertex -3.355022e-14 -3.130066e+01 -2.656066e+01
    endloop
  endfacet
  facet normal -1.035368e-01 -9.189144e-01 -3.806263e-01
    outer loop
      vertex -3.355022e-14 -3.130066e+01 -2.656066e+01
      vertex -7.062814e+00 -3.094421e+01 -2.550000e+01
      vertex -6.965052e+00 -3.051589e+01 -2.656066e+01
    endloop
  endfacet
  facet normal -4.307806e-02 -3.823284e-01 -9.230218e-01
    outer loop
      vertex -3.355022e-14 -3.130066e+01 -2.656066e+01
      vertex -6.965052e+00 -3.051589e+01 -2.656066e+01
      vertex  1.165290e-12 -3.024000e+01 -2.700000e+01
    endloop
  endfacet
  facet normal -4.307808e-02 -3.823282e-01 -9.230219e-01
    outer loop
      vertex  1.165290e-12 -3.024000e+01 -2.700000e+01
      vertex -6.965052e+00 -3.051589e+01 -2.656066e+01
      vertex -6.729033e+00 -2.948182e+01 -2.700000e+01
    endloop
  endfacet
  facet normal  1.035368e-01 -9.189146e-01 -3.806264e-01
    outer loop
      vertex  7.062814e+00 -3.094421e+01 -2.550000e+01
      vertex -5.830351e-15 -3.174000e+01 -2.550000e+01
      vertex  6.965052e+00 -3.051589e+01 -2.656066e+01
    endloop
  endfacet
  facet normal  1.035368e-01 -9.189144e-01 -3.806261e-01
    outer loop
      vertex  6.965052e+00 -3.051589e+01 -2.656066e+01
      vertex -5.830351e-15 -3.174000e+01 -2.550000e+01
      vertex -3.355022e-14 -3.130066e+01 -2.656066e+01
    endloop
  endfacet
  facet normal  4.307804e-02 -3.823282e-01 -9.230219e-01
    outer loop
      vertex  6.965052e+00 -3.051589e+01 -2.656066e+01
      vertex -3.355022e-14 -3.130066e+01 -2.656066e+01
      vertex  6.729033e+00 -2.948182e+01 -2.700000e+01
    endloop
  endfacet
  facet normal  4.307811e-02 -3.823285e-01 -9.230218e-01
    outer loop
      vertex  6.729033e+00 -2.948182e+01 -2.700000e+01
      vertex -3.355022e-14 -3.130066e+01 -2.656066e+01
      vertex  1.165290e-12 -3.024000e+01 -2.700000e+01
    endloop
  endfacet
  facet normal  3.054184e-01 -8.728359e-01 -3.806274e-01
    outer loop
      vertex  1.377147e+01 -2.859675e+01 -2.550000e+01
      vertex  7.062814e+00 -3.094421e+01 -2.550000e+01
      vertex  1.358085e+01 -2.820092e+01 -2.656066e+01
    endloop
  endfacet
  facet normal  3.054187e-01 -8.728362e-01 -3.806262e-01
    outer loop
      vertex  1.358085e+01 -2.820092e+01 -2.656066e+01
      vertex  7.062814e+00 -3.094421e+01 -2.550000e+01
      vertex  6.965052e+00 -3.051589e+01 -2.656066e+01
    endloop
  endfacet
  facet normal  1.270743e-01 -3.631572e-01 -9.230217e-01
    outer loop
      vertex  1.358085e+01 -2.820092e+01 -2.656066e+01
      vertex  6.965052e+00 -3.051589e+01 -2.656066e+01
      vertex  1.312064e+01 -2.724530e+01 -2.700000e+01
    endloop
  endfacet
  facet normal  1.270739e-01 -3.631566e-01 -9.230219e-01
    outer loop
      vertex  1.312064e+01 -2.724530e+01 -2.700000e+01
      vertex  6.965052e+00 -3.051589e+01 -2.656066e+01
      vertex  6.729033e+00 -2.948182e+01 -2.700000e+01
    endloop
  endfacet
  facet normal  4.919856e-01 -7.829903e-01 -3.806264e-01
    outer loop
      vertex  1.978957e+01 -2.481533e+01 -2.550000e+01
      vertex  1.377147e+01 -2.859675e+01 -2.550000e+01
      vertex  1.951564e+01 -2.447184e+01 -2.656066e+01
    endloop
  endfacet
  facet normal  4.919852e-01 -7.829900e-01 -3.806274e-01
    outer loop
      vertex  1.951564e+01 -2.447184e+01 -2.656066e+01
      vertex  1.377147e+01 -2.859675e+01 -2.550000e+01
      vertex  1.358085e+01 -2.820092e+01 -2.656066e+01
    endloop
  endfacet
  facet normal  2.046983e-01 -3.257754e-01 -9.230216e-01
    outer loop
      vertex  1.951564e+01 -2.447184e+01 -2.656066e+01
      vertex  1.358085e+01 -2.820092e+01 -2.656066e+01
      vertex  1.885433e+01 -2.364258e+01 -2.700000e+01
    endloop
  endfacet
  facet normal  2.046982e-01 -3.257754e-01 -9.230217e-01
    outer loop
      vertex  1.885433e+01 -2.364258e+01 -2.700000e+01
      vertex  1.358085e+01 -2.820092e+01 -2.656066e+01
      vertex  1.312064e+01 -2.724530e+01 -2.700000e+01
    endloop
  endfacet
  facet normal  6.538821e-01 -6.538821e-01 -3.806264e-01
    outer loop
      vertex  2.481533e+01 -1.978957e+01 -2.550000e+01
      vertex  1.978957e+01 -2.481533e+01 -2.550000e+01
      vertex  2.447184e+01 -1.951564e+01 -2.656066e+01
    endloop
  endfacet
  facet normal  6.538820e-01 -6.538820e-01 -3.806265e-01
    outer loop
      vertex  2.447184e+01 -1.951564e+01 -2.656066e+01
      vertex  1.978957e+01 -2.481533e+01 -2.550000e+01
      vertex  1.951564e+01 -2.447184e+01 -2.656066e+01
    endloop
  endfacet
  facet normal  2.720579e-01 -2.720579e-01 -9.230217e-01
    outer loop
      vertex  2.447184e+01 -1.951564e+01 -2.656066e+01
      vertex  1.951564e+01 -2.447184e+01 -2.656066e+01
      vertex  2.364258e+01 -1.885433e+01 -2.700000e+01
    endloop
  endfacet
  facet normal  2.720579e-01 -2.720579e-01 -9.230216e-01
    outer loop
      vertex  2.364258e+01 -1.885433e+01 -2.700000e+01
      vertex  1.951564e+01 -2.447184e+01 -2.656066e+01
      vertex  1.885433e+01 -2.364258e+01 -2.700000e+01
    endloop
  endfacet
  facet normal  7.829900e-01 -4.919854e-01 -3.806272e-01
    outer loop
      vertex  2.859675e+01 -1.377147e+01 -2.550000e+01
      vertex  2.481533e+01 -1.978957e+01 -2.550000e+01
      vertex  2.820092e+01 -1.358085e+01 -2.656066e+01
    endloop
  endfacet
  facet normal  7.829904e-01 -4.919855e-01 -3.806261e-01
    outer loop
      vertex  2.820092e+01 -1.358085e+01 -2.656066e+01
      vertex  2.481533e+01 -1.978957e+01 -2.550000e+01
      vertex  2.447184e+01 -1.951564e+01 -2.656066e+01
    endloop
  endfacet
  facet normal  3.257754e-01 -2.046983e-01 -9.230216e-01
    outer loop
      vertex  2.820092e+01 -1.358085e+01 -2.656066e+01
      vertex  2.447184e+01 -1.951564e+01 -2.656066e+01
      vertex  2.724530e+01 -1.312064e+01 -2.700000e+01
    endloop
  endfacet
  facet normal  3.257754e-01 -2.046983e-01 -9.230217e-01
    outer loop
      vertex  2.724530e+01 -1.312064e+01 -2.700000e+01
      vertex  2.447184e+01 -1.951564e+01 -2.656066e+01
      vertex  2.364258e+01 -1.885433e+01 -2.700000e+01
    endloop
  endfacet
  facet normal  8.728363e-01 -3.054186e-01 -3.806263e-01
    outer loop
      vertex  3.094421e+01 -7.062814e+00 -2.550000e+01
      vertex  2.859675e+01 -1.377147e+01 -2.550000e+01
      vertex  3.051589e+01 -6.965052e+00 -2.656066e+01
    endloop
  endfacet
  facet normal  8.728358e-01 -3.054186e-01 -3.806274e-01
    outer loop
      vertex  3.051589e+01 -6.965052e+00 -2.656066e+01
      vertex  2.859675e+01 -1.377147e+01 -2.550000e+01
      vertex  2.820092e+01 -1.358085e+01 -2.656066e+01
    endloop
  endfacet
  facet normal  3.631566e-01 -1.270741e-01 -9.230219e-01
    outer loop
      vertex  3.051589e+01 -6.965052e+00 -2.656066e+01
      vertex  2.820092e+01 -1.358085e+01 -2.656066e+01
      vertex  2.948182e+01 -6.729033e+00 -2.700000e+01
    endloop
  endfacet
  facet normal  3.631572e-01 -1.270742e-01 -9.230216e-01
    outer loop
      vertex  2.948182e+01 -6.729033e+00 -2.700000e+01
      vertex  2.820092e+01 -1.358085e+01 -2.656066e+01
      vertex  2.724530e+01 -1.312064e+01 -2.700000e+01
    endloop
  endfacet
  facet normal  9.937122e-01 -1.119644e-01  0.000000e+00
    outer loop
      vertex  3.174000e+01  0.000000e+00 -2.550000e+01
      vertex  3.174000e+01  0.000000e+00 -1.500000e+00
      vertex  3.094421e+01 -7.062814e+00 -2.550000e+01
    endloop
  endfacet
  facet normal  9.937122e-01 -1.119644e-01  0.000000e+00
    outer loop
      vertex  3.094421e+01 -7.062814e+00 -2.550000e+01
      vertex  3.174000e+01  0.000000e+00 -1.500000e+00
      vertex  3.094421e+01 -7.062814e+00 -1.500000e+00
    endloop
  endfacet
  facet normal  9.438834e-01 -3.302790e-01  0.000000e+00
    outer loop
      vertex  3.094421e+01 -7.062814e+00 -2.550000e+01
      vertex  3.094421e+01 -7.062814e+00 -1.500000e+00
      vertex  2.859675e+01 -1.377147e+01 -2.550000e+01
    endloop
  endfacet
  facet normal  9.438834e-01 -3.302790e-01  0.000000e+00
    outer loop
      vertex  2.859675e+01 -1.377147e+01 -2.550000e+01
      vertex  3.094421e+01 -7.062814e+00 -1.500000e+00
      vertex  2.859675e+01 -1.377147e+01 -1.500000e+00
    endloop
  endfacet
  facet normal  8.467241e-01 -5.320322e-01  0.000000e+00
    outer loop
      vertex  2.859675e+01 -1.377147e+01 -2.550000e+01
      vertex  2.859675e+01 -1.377147e+01 -1.500000e+00
      vertex  2.481533e+01 -1.978957e+01 -2.550000e+01
    endloop
  endfacet
  facet normal  8.467241e-01 -5.320322e-01  0.000000e+00
    outer loop
      vertex  2.481533e+01 -1.978957e+01 -2.550000e+01
      vertex  2.859675e+01 -1.377147e+01 -1.500000e+00
      vertex  2.481533e+01 -1.978957e+01 -1.500000e+00
    endloop
  endfacet
  facet normal  7.071068e-01 -7.071068e-01  0.000000e+00
    outer loop
      vertex  2.481533e+01 -1.978957e+01 -2.550000e+01
      vertex  2.481533e+01 -1.978957e+01 -1.500000e+00
      vertex  1.978957e+01 -2.481533e+01 -2.550000e+01
    endloop
  endfacet
  facet normal  7.071068e-01 -7.071068e-01  0.000000e+00
    outer loop
      vertex  1.978957e+01 -2.481533e+01 -2.550000e+01
      vertex  2.481533e+01 -1.978957e+01 -1.500000e+00
      vertex  1.978957e+01 -2.481533e+01 -1.500000e+00
    endloop
  endfacet
  facet normal  5.320322e-01 -8.467241e-01  0.000000e+00
    outer loop
      vertex  1.978957e+01 -2.481533e+01 -2.550000e+01
      vertex  1.978957e+01 -2.481533e+01 -1.500000e+00
      vertex  1.377147e+01 -2.859675e+01 -2.550000e+01
    endloop
  endfacet
  facet normal  5.320322e-01 -8.467241e-01  0.000000e+00
    outer loop
      vertex  1.377147e+01 -2.859675e+01 -2.550000e+01
      vertex  1.978957e+01 -2.481533e+01 -1.500000e+00
      vertex  1.377147e+01 -2.859675e+01 -1.500000e+00
    endloop
  endfacet
  facet normal  3.302790e-01 -9.438834e-01  0.000000e+00
    outer loop
      vertex  1.377147e+01 -2.859675e+01 -2.550000e+01
      vertex  1.377147e+01 -2.859675e+01 -1.500000e+00
      vertex  7.062814e+00 -3.094421e+01 -2.550000e+01
    endloop
  endfacet
  facet normal  3.302790e-01 -9.438834e-01  0.000000e+00
    outer loop
      vertex  7.062814e+00 -3.094421e+01 -2.550000e+01
      vertex  1.377147e+01 -2.859675e+01 -1.500000e+00
      vertex  7.062814e+00 -3.094421e+01 -1.500000e+00
    endloop
  endfacet
  facet normal  1.119644e-01 -9.937122e-01  0.000000e+00
    outer loop
      vertex  7.062814e+00 -3.094421e+01 -2.550000e+01
      vertex  7.062814e+00 -3.094421e+01 -1.500000e+00
      vertex -5.830351e-15 -3.174000e+01 -2.550000e+01
    endloop
  endfacet
  facet normal  1.119644e-01 -9.937122e-01  1.315152e-16
    outer loop
      vertex -5.830351e-15 -3.174000e+01 -2.550000e+01
      vertex  7.062814e+00 -3.094421e+01 -1.500000e+00
      vertex -3.402113e-14 -3.174000e+01 -1.500000e+00
    endloop
  endfacet
  facet normal -1.119644e-01 -9.937122e-01 -1.315152e-16
    outer loop
      vertex -5.830351e-15 -3.174000e+01 -2.550000e+01
      vertex -3.402113e-14 -3.174000e+01 -1.500000e+00
      vertex -7.062814e+00 -3.094421e+01 -2.550000e+01
    endloop
  endfacet
  facet normal -1.119644e-01 -9.937122e-01  0.000000e+00
    outer loop
      vertex -7.062814e+00 -3.094421e+01 -2.550000e+01
      vertex -3.402113e-14 -3.174000e+01 -1.500000e+00
      vertex -7.062814e+00 -3.094421e+01 -1.500000e+00
    endloop
  endfacet
  facet normal -3.302790e-01 -9.438834e-01  -0.000000e+00
    outer loop
      vertex -7.062814e+00 -3.094421e+01 -2.550000e+01
      vertex -7.062814e+00 -3.094421e+01 -1.500000e+00
      vertex -1.377147e+01 -2.859675e+01 -2.550000e+01
    endloop
  endfacet
  facet normal -3.302790e-01 -9.438834e-01  0.000000e+00
    outer loop
      vertex -1.377147e+01 -2.859675e+01 -2.550000e+01
      vertex -7.062814e+00 -3.094421e+01 -1.500000e+00
      vertex -1.377147e+01 -2.859675e+01 -1.500000e+00
    endloop
  endfacet
  facet normal -5.320322e-01 -8.467241e-01  -0.000000e+00
    outer loop
      vertex -1.377147e+01 -2.859675e+01 -2.550000e+01
      vertex -1.377147e+01 -2.859675e+01 -1.500000e+00
      vertex -1.978957e+01 -2.481533e+01 -2.550000e+01
    endloop
  endfacet
  facet normal -5.320322e-01 -8.467241e-01  0.000000e+00
    outer loop
      vertex -1.978957e+01 -2.481533e+01 -2.550000e+01
      vertex -1.377147e+01 -2.859675e+01 -1.500000e+00
      vertex -1.978957e+01 -2.481533e+01 -1.500000e+00
    endloop
  endfacet
  facet normal -7.071068e-01 -7.071068e-01  -0.000000e+00
    outer loop
      vertex -1.978957e+01 -2.481533e+01 -2.550000e+01
      vertex -1.978957e+01 -2.481533e+01 -1.500000e+00
      vertex -2.481533e+01 -1.978957e+01 -2.550000e+01
    endloop
  endfacet
  facet normal -7.071068e-01 -7.071068e-01  0.000000e+00
    outer loop
      vertex -2.481533e+01 -1.978957e+01 -2.550000e+01
      vertex -1.978957e+01 -2.481533e+01 -1.500000e+00
      vertex -2.481533e+01 -1.978957e+01 -1.500000e+00
    endloop
  endfacet
  facet normal -8.467241e-01 -5.320322e-01  -0.000000e+00
    outer loop
      vertex -2.481533e+01 -1.978957e+01 -2.550000e+01
      vertex -2.481533e+01 -1.978957e+01 -1.500000e+00
      vertex -2.859675e+01 -1.377147e+01 -2.550000e+01
    endloop
  endfacet
  facet normal -8.467241e-01 -5.320322e-01  0.000000e+00
    outer loop
      vertex -2.859675e+01 -1.377147e+01 -2.550000e+01
      vertex -2.481533e+01 -1.978957e+01 -1.500000e+00
      vertex -2.859675e+01 -1.377147e+01 -1.500000e+00
    endloop
  endfacet
  facet normal -9.438834e-01 -3.302790e-01  -0.000000e+00
    outer loop
      vertex -2.859675e+01 -1.377147e+01 -2.550000e+01
      vertex -2.859675e+01 -1.377147e+01 -1.500000e+00
      vertex -3.094421e+01 -7.062814e+00 -2.550000e+01
    endloop
  endfacet
  facet normal -9.438834e-01 -3.302790e-01  0.000000e+00
    outer loop
      vertex -3.094421e+01 -7.062814e+00 -2.550000e+01
      vertex -2.859675e+01 -1.377147e+01 -1.500000e+00
      vertex -3.094421e+01 -7.062814e+00 -1.500000e+00
    endloop
  endfacet
  facet normal -9.937122e-01 -1.119644e-01  -0.000000e+00
    outer loop
      vertex -3.094421e+01 -7.062814e+00 -2.550000e+01
      vertex -3.094421e+01 -7.062814e+00 -1.500000e+00
      vertex -3.174000e+01  1.798229e-14 -2.550000e+01
    endloop
  endfacet
  facet normal -9.937122e-01 -1.119644e-01 -6.575762e-17
    outer loop
      vertex -3.174000e+01  1.798229e-14 -2.550000e+01
      vertex -3.094421e+01 -7.062814e+00 -1.500000e+00
      vertex -3.174000e+01  3.886900e-15 -1.500000e+00
    endloop
  endfacet
  facet normal  3.823279e-01 -4.307804e-02  9.230220e-01
    outer loop
      vertex  3.024000e+01  0.000000e+00  6.661338e-16
      vertex  2.948182e+01 -6.729033e+00  6.661338e-16
      vertex  3.130066e+01  0.000000e+00 -4.393398e-01
    endloop
  endfacet
  facet normal  3.823276e-01 -4.307797e-02  9.230221e-01
    outer loop
      vertex  3.130066e+01  0.000000e+00 -4.393398e-01
      vertex  2.948182e+01 -6.729033e+00  6.661338e-16
      vertex  3.051589e+01 -6.965052e+00 -4.393398e-01
    endloop
  endfacet
  facet normal  9.189146e-01 -1.035368e-01  3.806259e-01
    outer loop
      vertex  3.130066e+01  0.000000e+00 -4.393398e-01
      vertex  3.051589e+01 -6.965052e+00 -4.393398e-01
      vertex  3.174000e+01  0.000000e+00 -1.500000e+00
    endloop
  endfacet
  facet normal  9.189146e-01 -1.035368e-01  3.806261e-01
    outer loop
      vertex  3.174000e+01  0.000000e+00 -1.500000e+00
      vertex  3.051589e+01 -6.965052e+00 -4.393398e-01
      vertex  3.094421e+01 -7.062814e+00 -1.500000e+00
    endloop
  endfacet
  facet normal -3.823276e-01 -4.307802e-02  9.230222e-01
    outer loop
      vertex -2.948182e+01 -6.729033e+00  6.661338e-16
      vertex -3.024000e+01  1.713247e-14  6.661338e-16
      vertex -3.051589e+01 -6.965052e+00 -4.393398e-01
    endloop
  endfacet
  facet normal -3.823279e-01 -4.307800e-02  9.230221e-01
    outer loop
      vertex -3.051589e+01 -6.965052e+00 -4.393398e-01
      vertex -3.024000e+01  1.713247e-14  6.661338e-16
      vertex -3.130066e+01  1.773338e-14 -4.393398e-01
    endloop
  endfacet
  facet normal -9.189146e-01 -1.035368e-01  3.806261e-01
    outer loop
      vertex -3.051589e+01 -6.965052e+00 -4.393398e-01
      vertex -3.130066e+01  1.773338e-14 -4.393398e-01
      vertex -3.094421e+01 -7.062814e+00 -1.500000e+00
    endloop
  endfacet
  facet normal -9.189146e-01 -1.035368e-01  3.806259e-01
    outer loop
      vertex -3.094421e+01 -7.062814e+00 -1.500000e+00
      vertex -3.130066e+01  1.773338e-14 -4.393398e-01
      vertex -3.174000e+01  3.886900e-15 -1.500000e+00
    endloop
  endfacet
  facet normal -3.631567e-01 -1.270740e-01  9.230220e-01
    outer loop
      vertex -2.724530e+01 -1.312064e+01  6.661338e-16
      vertex -2.948182e+01 -6.729033e+00  6.661338e-16
      vertex -2.820092e+01 -1.358085e+01 -4.393398e-01
    endloop
  endfacet
  facet normal -3.631561e-01 -1.270739e-01  9.230221e-01
    outer loop
      vertex -2.820092e+01 -1.358085e+01 -4.393398e-01
      vertex -2.948182e+01 -6.729033e+00  6.661338e-16
      vertex -3.051589e+01 -6.965052e+00 -4.393398e-01
    endloop
  endfacet
  facet normal -8.728359e-01 -3.054186e-01  3.806272e-01
    outer loop
      vertex -2.820092e+01 -1.358085e+01 -4.393398e-01
      vertex -3.051589e+01 -6.965052e+00 -4.393398e-01
      vertex -2.859675e+01 -1.377147e+01 -1.500000e+00
    endloop
  endfacet
  facet normal -8.728364e-01 -3.054186e-01  3.806261e-01
    outer loop
      vertex -2.859675e+01 -1.377147e+01 -1.500000e+00
      vertex -3.051589e+01 -6.965052e+00 -4.393398e-01
      vertex -3.094421e+01 -7.062814e+00 -1.500000e+00
    endloop
  endfacet
  facet normal -3.257749e-01 -2.046980e-01  9.230220e-01
    outer loop
      vertex -2.364258e+01 -1.885433e+01  6.661338e-16
      vertex -2.724530e+01 -1.312064e+01  6.661338e-16
      vertex -2.447184e+01 -1.951564e+01 -4.393398e-01
    endloop
  endfacet
  facet normal -3.257749e-01 -2.046980e-01  9.230219e-01
    outer loop
      vertex -2.447184e+01 -1.951564e+01 -4.393398e-01
      vertex -2.724530e+01 -1.312064e+01  6.661338e-16
      vertex -2.820092e+01 -1.358085e+01 -4.393398e-01
    endloop
  endfacet
  facet normal -7.829905e-01 -4.919855e-01  3.806259e-01
    outer loop
      vertex -2.447184e+01 -1.951564e+01 -4.393398e-01
      vertex -2.820092e+01 -1.358085e+01 -4.393398e-01
      vertex -2.481533e+01 -1.978957e+01 -1.500000e+00
    endloop
  endfacet
  facet normal -7.829901e-01 -4.919855e-01  3.806270e-01
    outer loop
      vertex -2.481533e+01 -1.978957e+01 -1.500000e+00
      vertex -2.820092e+01 -1.358085e+01 -4.393398e-01
      vertex -2.859675e+01 -1.377147e+01 -1.500000e+00
    endloop
  endfacet
  facet normal -2.720574e-01 -2.720574e-01  9.230219e-01
    outer loop
      vertex -1.885433e+01 -2.364258e+01  6.661338e-16
      vertex -2.364258e+01 -1.885433e+01  6.661338e-16
      vertex -1.951564e+01 -2.447184e+01 -4.393398e-01
    endloop
  endfacet
  facet normal -2.720575e-01 -2.720575e-01  9.230219e-01
    outer loop
      vertex -1.951564e+01 -2.447184e+01 -4.393398e-01
      vertex -2.364258e+01 -1.885433e+01  6.661338e-16
      vertex -2.447184e+01 -1.951564e+01 -4.393398e-01
    endloop
  endfacet
  facet normal -6.538821e-01 -6.538821e-01  3.806263e-01
    outer loop
      vertex -1.951564e+01 -2.447184e+01 -4.393398e-01
      vertex -2.447184e+01 -1.951564e+01 -4.393398e-01
      vertex -1.978957e+01 -2.481533e+01 -1.500000e+00
    endloop
  endfacet
  facet normal -6.538821e-01 -6.538821e-01  3.806262e-01
    outer loop
      vertex -1.978957e+01 -2.481533e+01 -1.500000e+00
      vertex -2.447184e+01 -1.951564e+01 -4.393398e-01
      vertex -2.481533e+01 -1.978957e+01 -1.500000e+00
    endloop
  endfacet
  facet normal -2.046979e-01 -3.257749e-01  9.230220e-01
    outer loop
      vertex -1.312064e+01 -2.724530e+01  6.661338e-16
      vertex -1.885433e+01 -2.364258e+01  6.661338e-16
      vertex -1.358085e+01 -2.820092e+01 -4.393398e-01
    endloop
  endfacet
  facet normal -2.046980e-01 -3.257749e-01  9.230219e-01
    outer loop
      vertex -1.358085e+01 -2.820092e+01 -4.393398e-01
      vertex -1.885433e+01 -2.364258e+01  6.661338e-16
      vertex -1.951564e+01 -2.447184e+01 -4.393398e-01
    endloop
  endfacet
  facet normal -4.919853e-01 -7.829901e-01  3.806272e-01
    outer loop
      vertex -1.358085e+01 -2.820092e+01 -4.393398e-01
      vertex -1.951564e+01 -2.447184e+01 -4.393398e-01
      vertex -1.377147e+01 -2.859675e+01 -1.500000e+00
    endloop
  endfacet
  facet normal -4.919856e-01 -7.829903e-01  3.806262e-01
    outer loop
      vertex -1.377147e+01 -2.859675e+01 -1.500000e+00
      vertex -1.951564e+01 -2.447184e+01 -4.393398e-01
      vertex -1.978957e+01 -2.481533e+01 -1.500000e+00
    endloop
  endfacet
  facet normal -1.270738e-01 -3.631561e-01  9.230222e-01
    outer loop
      vertex -6.729033e+00 -2.948182e+01  6.661338e-16
      vertex -1.312064e+01 -2.724530e+01  6.661338e-16
      vertex -6.965052e+00 -3.051589e+01 -4.393398e-01
    endloop
  endfacet
  facet normal -1.270741e-01 -3.631566e-01  9.230219e-01
    outer loop
      vertex -6.965052e+00 -3.051589e+01 -4.393398e-01
      vertex -1.312064e+01 -2.724530e+01  6.661338e-16
      vertex -1.358085e+01 -2.820092e+01 -4.393398e-01
    endloop
  endfacet
  facet normal -3.054188e-01 -8.728363e-01  3.806259e-01
    outer loop
      vertex -6.965052e+00 -3.051589e+01 -4.393398e-01
      vertex -1.358085e+01 -2.820092e+01 -4.393398e-01
      vertex -7.062814e+00 -3.094421e+01 -1.500000e+00
    endloop
  endfacet
  facet normal -3.054184e-01 -8.728359e-01  3.806272e-01
    outer loop
      vertex -7.062814e+00 -3.094421e+01 -1.500000e+00
      vertex -1.358085e+01 -2.820092e+01 -4.393398e-01
      vertex -1.377147e+01 -2.859675e+01 -1.500000e+00
    endloop
  endfacet
  facet normal -4.307804e-02 -3.823279e-01  9.230220e-01
    outer loop
      vertex -3.241333e-14 -3.024000e+01  6.661338e-16
      vertex -6.729033e+00 -2.948182e+01  6.661338e-16
      vertex -3.355022e-14 -3.130066e+01 -4.393398e-01
    endloop
  endfacet
  facet normal -4.307797e-02 -3.823276e-01  9.230221e-01
    outer loop
      vertex -3.355022e-14 -3.130066e+01 -4.393398e-01
      vertex -6.729033e+00 -2.948182e+01  6.661338e-16
      vertex -6.965052e+00 -3.051589e+01 -4.393398e-01
    endloop
  endfacet
  facet normal -1.035368e-01 -9.189146e-01  3.806259e-01
    outer loop
      vertex -3.355022e-14 -3.130066e+01 -4.393398e-01
      vertex -6.965052e+00 -3.051589e+01 -4.393398e-01
      vertex -3.402113e-14 -3.174000e+01 -1.500000e+00
    endloop
  endfacet
  facet normal -1.035368e-01 -9.189146e-01  3.806261e-01
    outer loop
      vertex -3.402113e-14 -3.174000e+01 -1.500000e+00
      vertex -6.965052e+00 -3.051589e+01 -4.393398e-01
      vertex -7.062814e+00 -3.094421e+01 -1.500000e+00
    endloop
  endfacet
  facet normal  4.307802e-02 -3.823276e-01  9.230222e-01
    outer loop
      vertex  6.729033e+00 -2.948182e+01  6.661338e-16
      vertex -3.241333e-14 -3.024000e+01  6.661338e-16
      vertex  6.965052e+00 -3.051589e+01 -4.393398e-01
    endloop
  endfacet
  facet normal  4.307800e-02 -3.823279e-01  9.230221e-01
    outer loop
      vertex  6.965052e+00 -3.051589e+01 -4.393398e-01
      vertex -3.241333e-14 -3.024000e+01  6.661338e-16
      vertex -3.355022e-14 -3.130066e+01 -4.393398e-01
    endloop
  endfacet
  facet normal  1.035368e-01 -9.189146e-01  3.806261e-01
    outer loop
      vertex  6.965052e+00 -3.051589e+01 -4.393398e-01
      vertex -3.355022e-14 -3.130066e+01 -4.393398e-01
      vertex  7.062814e+00 -3.094421e+01 -1.500000e+00
    endloop
  endfacet
  facet normal  1.035368e-01 -9.189146e-01  3.806259e-01
    outer loop
      vertex  7.062814e+00 -3.094421e+01 -1.500000e+00
      vertex -3.355022e-14 -3.130066e+01 -4.393398e-01
      vertex -3.402113e-14 -3.174000e+01 -1.500000e+00
    endloop
  endfacet
  facet normal  1.270740e-01 -3.631567e-01  9.230220e-01
    outer loop
      vertex  1.312064e+01 -2.724530e+01  6.661338e-16
      vertex  6.729033e+00 -2.948182e+01  6.661338e-16
      vertex  1.358085e+01 -2.820092e+01 -4.393398e-01
    endloop
  endfacet
  facet normal  1.270739e-01 -3.631561e-01  9.230221e-01
    outer loop
      vertex  1.358085e+01 -2.820092e+01 -4.393398e-01
      vertex  6.729033e+00 -2.948182e+01  6.661338e-16
      vertex  6.965052e+00 -3.051589e+01 -4.393398e-01
    endloop
  endfacet
  facet normal  3.054186e-01 -8.728359e-01  3.806272e-01
    outer loop
      vertex  1.358085e+01 -2.820092e+01 -4.393398e-01
      vertex  6.965052e+00 -3.051589e+01 -4.393398e-01
      vertex  1.377147e+01 -2.859675e+01 -1.500000e+00
    endloop
  endfacet
  facet normal  3.054186e-01 -8.728364e-01  3.806261e-01
    outer loop
      vertex  1.377147e+01 -2.859675e+01 -1.500000e+00
      vertex  6.965052e+00 -3.051589e+01 -4.393398e-01
      vertex  7.062814e+00 -3.094421e+01 -1.500000e+00
    endloop
  endfacet
  facet normal  2.046980e-01 -3.257749e-01  9.230220e-01
    outer loop
      vertex  1.885433e+01 -2.364258e+01  6.661338e-16
      vertex  1.312064e+01 -2.724530e+01  6.661338e-16
      vertex  1.951564e+01 -2.447184e+01 -4.393398e-01
    endloop
  endfacet
  facet normal  2.046980e-01 -3.257749e-01  9.230219e-01
    outer loop
      vertex  1.951564e+01 -2.447184e+01 -4.393398e-01
      vertex  1.312064e+01 -2.724530e+01  6.661338e-16
      vertex  1.358085e+01 -2.820092e+01 -4.393398e-01
    endloop
  endfacet
  facet normal  4.919855e-01 -7.829905e-01  3.806259e-01
    outer loop
      vertex  1.951564e+01 -2.447184e+01 -4.393398e-01
      vertex  1.358085e+01 -2.820092e+01 -4.393398e-01
      vertex  1.978957e+01 -2.481533e+01 -1.500000e+00
    endloop
  endfacet
  facet normal  4.919855e-01 -7.829901e-01  3.806270e-01
    outer loop
      vertex  1.978957e+01 -2.481533e+01 -1.500000e+00
      vertex  1.358085e+01 -2.820092e+01 -4.393398e-01
      vertex  1.377147e+01 -2.859675e+01 -1.500000e+00
    endloop
  endfacet
  facet normal  2.720574e-01 -2.720574e-01  9.230219e-01
    outer loop
      vertex  2.364258e+01 -1.885433e+01  6.661338e-16
      vertex  1.885433e+01 -2.364258e+01  6.661338e-16
      vertex  2.447184e+01 -1.951564e+01 -4.393398e-01
    endloop
  endfacet
  facet normal  2.720575e-01 -2.720575e-01  9.230219e-01
    outer loop
      vertex  2.447184e+01 -1.951564e+01 -4.393398e-01
      vertex  1.885433e+01 -2.364258e+01  6.661338e-16
      vertex  1.951564e+01 -2.447184e+01 -4.393398e-01
    endloop
  endfacet
  facet normal  6.538821e-01 -6.538821e-01  3.806263e-01
    outer loop
      vertex  2.447184e+01 -1.951564e+01 -4.393398e-01
      vertex  1.951564e+01 -2.447184e+01 -4.393398e-01
      vertex  2.481533e+01 -1.978957e+01 -1.500000e+00
    endloop
  endfacet
  facet normal  6.538821e-01 -6.538821e-01  3.806262e-01
    outer loop
      vertex  2.481533e+01 -1.978957e+01 -1.500000e+00
      vertex  1.951564e+01 -2.447184e+01 -4.393398e-01
      vertex  1.978957e+01 -2.481533e+01 -1.500000e+00
    endloop
  endfacet
  facet normal  3.257749e-01 -2.046979e-01  9.230220e-01
    outer loop
      vertex  2.724530e+01 -1.312064e+01  6.661338e-16
      vertex  2.364258e+01 -1.885433e+01  6.661338e-16
      vertex  2.820092e+01 -1.358085e+01 -4.393398e-01
    endloop
  endfacet
  facet normal  3.257749e-01 -2.046980e-01  9.230219e-01
    outer loop
      vertex  2.820092e+01 -1.358085e+01 -4.393398e-01
      vertex  2.364258e+01 -1.885433e+01  6.661338e-16
      vertex  2.447184e+01 -1.951564e+01 -4.393398e-01
    endloop
  endfacet
  facet normal  7.829901e-01 -4.919853e-01  3.806272e-01
    outer loop
      vertex  2.820092e+01 -1.358085e+01 -4.393398e-01
      vertex  2.447184e+01 -1.951564e+01 -4.393398e-01
      vertex  2.859675e+01 -1.377147e+01 -1.500000e+00
    endloop
  endfacet
  facet normal  7.829903e-01 -4.919856e-01  3.806262e-01
    outer loop
      vertex  2.859675e+01 -1.377147e+01 -1.500000e+00
      vertex  2.447184e+01 -1.951564e+01 -4.393398e-01
      vertex  2.481533e+01 -1.978957e+01 -1.500000e+00
    endloop
  endfacet
  facet normal  3.631561e-01 -1.270738e-01  9.230222e-01
    outer loop
      vertex  2.948182e+01 -6.729033e+00  6.661338e-16
      vertex  2.724530e+01 -1.312064e+01  6.661338e-16
      vertex  3.051589e+01 -6.965052e+00 -4.393398e-01
    endloop
  endfacet
  facet normal  3.631566e-01 -1.270741e-01  9.230219e-01
    outer loop
      vertex  3.051589e+01 -6.965052e+00 -4.393398e-01
      vertex  2.724530e+01 -1.312064e+01  6.661338e-16
      vertex  2.820092e+01 -1.358085e+01 -4.393398e-01
    endloop
  endfacet
  facet normal  8.728363e-01 -3.054188e-01  3.806259e-01
    outer loop
      vertex  3.051589e+01 -6.965052e+00 -4.393398e-01
      vertex  2.820092e+01 -1.358085e+01 -4.393398e-01
      vertex  3.094421e+01 -7.062814e+00 -1.500000e+00
    endloop
  endfacet
  facet normal  8.728359e-01 -3.054184e-01  3.806272e-01
    outer loop
      vertex  3.094421e+01 -7.062814e+00 -1.500000e+00
      vertex  2.820092e+01 -1.358085e+01 -4.393398e-01
      vertex  2.859675e+01 -1.377147e+01 -1.500000e+00
    endloop
  endfacet
  facet normal -1.153305e-16 -1.153305e-16  1.000000e+00
    outer loop
      vertex  2.150037e+01  1.714597e+01  2.220446e-16
      vertex  2.364258e+01  1.885433e+01  6.661338e-16
      vertex  1.714597e+01  2.150037e+01  2.220446e-16
    endloop
  endfacet
  facet normal  4.089180e-17 -3.629251e-16  9.999999e-01
    outer loop
      vertex -6.119326e+00  2.681052e+01  2.220446e-16
      vertex  1.683834e-15  2.750000e+01  2.220446e-16
      vertex -1.312064e+01  2.724530e+01  6.661338e-16
    endloop
  endfacet
  facet normal  3.583460e-17 -1.024094e-16  1.000000e+00
    outer loop
      vertex -1.312064e+01  2.724530e+01  6.661338e-16
      vertex  1.683834e-15  2.750000e+01  2.220446e-16
      vertex -6.729033e+00  2.948182e+01  6.661338e-16
    endloop
  endfacet
  facet normal  1.826164e-17 -1.620764e-16  1.000000e+00
    outer loop
      vertex -6.729033e+00  2.948182e+01  6.661338e-16
      vertex  1.683834e-15  2.750000e+01  2.220446e-16
      vertex  8.566234e-15  3.024000e+01  6.661338e-16
    endloop
  endfacet
  facet normal -3.699287e-17 -1.620764e-16  1.000000e+00
    outer loop
      vertex  1.683834e-15  2.750000e+01  2.220446e-16
      vertex  1.312064e+01  2.724530e+01  6.661338e-16
      vertex  8.566234e-15  3.024000e+01  6.661338e-16
    endloop
  endfacet
  facet normal  0.000000e+00  0.000000e+00  1.000000e+00
    outer loop
      vertex  8.566234e-15  3.024000e+01  6.661338e-16
      vertex  1.312064e+01  2.724530e+01  6.661338e-16
      vertex  6.729033e+00  2.948182e+01  6.661338e-16
    endloop
  endfacet
  facet normal -4.089180e-17 -3.629251e-16  9.999999e-01
    outer loop
      vertex  1.683834e-15  2.750000e+01  2.220446e-16
      vertex  6.119326e+00  2.681052e+01  2.220446e-16
      vertex  1.312064e+01  2.724530e+01  6.661338e-16
    endloop
  endfacet
  facet normal -5.386916e-17 -1.539492e-16  1.000000e+00
    outer loop
      vertex  1.312064e+01  2.724530e+01  6.661338e-16
      vertex  6.119326e+00  2.681052e+01  2.220446e-16
      vertex  1.193180e+01  2.477664e+01  2.220446e-16
    endloop
  endfacet
  facet normal -8.677544e-17 -1.381023e-16  1.000000e+00
    outer loop
      vertex  1.312064e+01  2.724530e+01  6.661338e-16
      vertex  1.193180e+01  2.477664e+01  2.220446e-16
      vertex  1.885433e+01  2.364258e+01  6.661338e-16
    endloop
  endfacet
  facet normal -8.677545e-17 -1.381024e-16  1.000000e+00
    outer loop
      vertex  1.885433e+01  2.364258e+01  6.661338e-16
      vertex  1.193180e+01  2.477664e+01  2.220446e-16
      vertex  1.714597e+01  2.150037e+01  2.220446e-16
    endloop
  endfacet
  facet normal -1.153305e-16 -1.153305e-16  1.000000e+00
    outer loop
      vertex  1.885433e+01  2.364258e+01  6.661338e-16
      vertex  1.714597e+01  2.150037e+01  2.220446e-16
      vertex  2.364258e+01  1.885433e+01  6.661338e-16
    endloop
  endfacet
  facet normal -8.677545e-17  1.381024e-16  1.000000e+00
    outer loop
      vertex  1.193180e+01 -2.477664e+01  2.220446e-16
      vertex  1.885433e+01 -2.364258e+01  6.661338e-16
      vertex  1.714597e+01 -2.150037e+01  2.220446e-16
    endloop
  endfacet
  facet normal -1.153305e-16  1.153305e-16  1.000000e+00
    outer loop
      vertex  1.714597e+01 -2.150037e+01  2.220446e-16
      vertex  1.885433e+01 -2.364258e+01  6.661338e-16
      vertex  2.364258e+01 -1.885433e+01  6.661338e-16
    endloop
  endfacet
  facet normal -1.153305e-16  1.153305e-16  1.000000e+00
    outer loop
      vertex  1.714597e+01 -2.150037e+01  2.220446e-16
      vertex  2.364258e+01 -1.885433e+01  6.661338e-16
      vertex  2.150037e+01 -1.714597e+01  2.220446e-16
    endloop
  endfacet
  facet normal -1.381023e-16  8.677545e-17  1.000000e+00
    outer loop
      vertex  2.150037e+01 -1.714597e+01  2.220446e-16
      vertex  2.364258e+01 -1.885433e+01  6.661338e-16
      vertex  2.724530e+01 -1.312064e+01  6.661338e-16
    endloop
  endfacet
  facet normal -1.381023e-16  8.677543e-17  1.000000e+00
    outer loop
      vertex  2.150037e+01 -1.714597e+01  2.220446e-16
      vertex  2.724530e+01 -1.312064e+01  6.661338e-16
      vertex  2.477664e+01 -1.193180e+01  2.220446e-16
    endloop
  endfacet
  facet normal -1.539492e-16  5.386912e-17  1.000000e+00
    outer loop
      vertex  2.477664e+01 -1.193180e+01  2.220446e-16
      vertex  2.724530e+01 -1.312064e+01  6.661338e-16
      vertex  2.948182e+01 -6.729033e+00  6.661338e-16
    endloop
  endfacet
  facet normal -1.539492e-16  5.386919e-17  1.000000e+00
    outer loop
      vertex  2.477664e+01 -1.193180e+01  2.220446e-16
      vertex  2.948182e+01 -6.729033e+00  6.661338e-16
      vertex  2.681052e+01 -6.119326e+00  2.220446e-16
    endloop
  endfacet
  facet normal -1.620764e-16  1.826165e-17  1.000000e+00
    outer loop
      vertex  2.681052e+01 -6.119326e+00  2.220446e-16
      vertex  2.948182e+01 -6.729033e+00  6.661338e-16
      vertex  3.024000e+01  0.000000e+00  6.661338e-16
    endloop
  endfacet
  facet normal -1.620764e-16  1.826160e-17  1.000000e+00
    outer loop
      vertex  2.681052e+01 -6.119326e+00  2.220446e-16
      vertex  3.024000e+01  0.000000e+00  6.661338e-16
      vertex  2.750000e+01  0.000000e+00  2.220446e-16
    endloop
  endfacet
  facet normal -1.620764e-16 -1.826164e-17  1.000000e+00
    outer loop
      vertex  2.750000e+01  0.000000e+00  2.220446e-16
      vertex  3.024000e+01  0.000000e+00  6.661338e-16
      vertex  2.948182e+01  6.729033e+00  6.661338e-16
    endloop
  endfacet
  facet normal -1.620765e-16 -1.826161e-17  1.000000e+00
    outer loop
      vertex  2.750000e+01  0.000000e+00  2.220446e-16
      vertex  2.948182e+01  6.729033e+00  6.661338e-16
      vertex  2.681052e+01  6.119326e+00  2.220446e-16
    endloop
  endfacet
  facet normal -1.539493e-16 -5.386916e-17  1.000000e+00
    outer loop
      vertex  2.681052e+01  6.119326e+00  2.220446e-16
      vertex  2.948182e+01  6.729033e+00  6.661338e-16
      vertex  2.724530e+01  1.312064e+01  6.661338e-16
    endloop
  endfacet
  facet normal -1.539492e-16 -5.386916e-17  1.000000e+00
    outer loop
      vertex  2.681052e+01  6.119326e+00  2.220446e-16
      vertex  2.724530e+01  1.312064e+01  6.661338e-16
      vertex  2.477664e+01  1.193180e+01  2.220446e-16
    endloop
  endfacet
  facet normal -1.381023e-16 -8.677544e-17  1.000000e+00
    outer loop
      vertex  2.477664e+01  1.193180e+01  2.220446e-16
      vertex  2.724530e+01  1.312064e+01  6.661338e-16
      vertex  2.364258e+01  1.885433e+01  6.661338e-16
    endloop
  endfacet
  facet normal -1.381024e-16 -8.677545e-17  1.000000e+00
    outer loop
      vertex  2.477664e+01  1.193180e+01  2.220446e-16
      vertex  2.364258e+01  1.885433e+01  6.661338e-16
      vertex  2.150037e+01  1.714597e+01  2.220446e-16
    endloop
  endfacet
  facet normal -4.089180e-17  3.629251e-16  9.999999e-01
    outer loop
      vertex  1.937341e-14 -2.750000e+01  2.220446e-16
      vertex  1.312064e+01 -2.724530e+01  6.661338e-16
      vertex  6.119326e+00 -2.681052e+01  2.220446e-16
    endloop
  endfacet
  facet normal -5.772440e-17  9.186784e-17  1.000000e+00
    outer loop
      vertex  6.119326e+00 -2.681052e+01  2.220446e-16
      vertex  1.312064e+01 -2.724530e+01  6.661338e-16
      vertex  1.885433e+01 -2.364258e+01  6.661338e-16
    endloop
  endfacet
  facet normal -1.206248e-16  3.447258e-16  1.000000e+00
    outer loop
      vertex  6.119326e+00 -2.681052e+01  2.220446e-16
      vertex  1.885433e+01 -2.364258e+01  6.661338e-16
      vertex  1.193180e+01 -2.477664e+01  2.220446e-16
    endloop
  endfacet
  facet normal -3.583460e-17  1.024094e-16  1.000000e+00
    outer loop
      vertex  1.312064e+01 -2.724530e+01  6.661338e-16
      vertex  1.937341e-14 -2.750000e+01  2.220446e-16
      vertex  6.729033e+00 -2.948182e+01  6.661338e-16
    endloop
  endfacet
  facet normal -1.826164e-17  1.620764e-16  1.000000e+00
    outer loop
      vertex  6.729033e+00 -2.948182e+01  6.661338e-16
      vertex  1.937341e-14 -2.750000e+01  2.220446e-16
      vertex -3.241333e-14 -3.024000e+01  6.661338e-16
    endloop
  endfacet
  facet normal  3.699287e-17  1.620764e-16  1.000000e+00
    outer loop
      vertex  1.937341e-14 -2.750000e+01  2.220446e-16
      vertex -1.312064e+01 -2.724530e+01  6.661338e-16
      vertex -3.241333e-14 -3.024000e+01  6.661338e-16
    endloop
  endfacet
  facet normal  0.000000e+00  0.000000e+00  1.000000e+00
    outer loop
      vertex -3.241333e-14 -3.024000e+01  6.661338e-16
      vertex -1.312064e+01 -2.724530e+01  6.661338e-16
      vertex -6.729033e+00 -2.948182e+01  6.661338e-16
    endloop
  endfacet
  facet normal  1.153305e-16 -1.153305e-16  1.000000e+00
    outer loop
      vertex -2.150037e+01  1.714597e+01  2.220446e-16
      vertex -1.714597e+01  2.150037e+01  2.220446e-16
      vertex -2.364258e+01  1.885433e+01  6.661338e-16
    endloop
  endfacet
  facet normal  1.943094e-16 -3.092417e-16  1.000000e+00
    outer loop
      vertex -2.364258e+01  1.885433e+01  6.661338e-16
      vertex -1.714597e+01  2.150037e+01  2.220446e-16
      vertex -1.193180e+01  2.477664e+01  2.220446e-16
    endloop
  endfacet
  facet normal  7.671963e-17 -7.671963e-17  1.000000e+00
    outer loop
      vertex -2.364258e+01  1.885433e+01  6.661338e-16
      vertex -1.193180e+01  2.477664e+01  2.220446e-16
      vertex -1.885433e+01  2.364258e+01  6.661338e-16
    endloop
  endfacet
  facet normal  1.206248e-16 -3.447258e-16  1.000000e+00
    outer loop
      vertex -1.885433e+01  2.364258e+01  6.661338e-16
      vertex -1.193180e+01  2.477664e+01  2.220446e-16
      vertex -6.119326e+00  2.681052e+01  2.220446e-16
    endloop
  endfacet
  facet normal  5.772440e-17 -9.186784e-17  1.000000e+00
    outer loop
      vertex -1.885433e+01  2.364258e+01  6.661338e-16
      vertex -6.119326e+00  2.681052e+01  2.220446e-16
      vertex -1.312064e+01  2.724530e+01  6.661338e-16
    endloop
  endfacet
  facet normal  8.677545e-17  1.381024e-16  1.000000e+00
    outer loop
      vertex -1.193180e+01 -2.477664e+01  2.220446e-16
      vertex -1.714597e+01 -2.150037e+01  2.220446e-16
      vertex -1.885433e+01 -2.364258e+01  6.661338e-16
    endloop
  endfacet
  facet normal  1.153305e-16  1.153305e-16  1.000000e+00
    outer loop
      vertex -1.885433e+01 -2.364258e+01  6.661338e-16
      vertex -1.714597e+01 -2.150037e+01  2.220446e-16
      vertex -2.150037e+01 -1.714597e+01  2.220446e-16
    endloop
  endfacet
  facet normal  1.153305e-16  1.153305e-16  1.000000e+00
    outer loop
      vertex -1.885433e+01 -2.364258e+01  6.661338e-16
      vertex -2.150037e+01 -1.714597e+01  2.220446e-16
      vertex -2.364258e+01 -1.885433e+01  6.661338e-16
    endloop
  endfacet
  facet normal  1.381024e-16  8.677545e-17  1.000000e+00
    outer loop
      vertex -2.364258e+01 -1.885433e+01  6.661338e-16
      vertex -2.150037e+01 -1.714597e+01  2.220446e-16
      vertex -2.477664e+01 -1.193180e+01  2.220446e-16
    endloop
  endfacet
  facet normal  1.381023e-16  8.677544e-17  1.000000e+00
    outer loop
      vertex -2.364258e+01 -1.885433e+01  6.661338e-16
      vertex -2.477664e+01 -1.193180e+01  2.220446e-16
      vertex -2.724530e+01 -1.312064e+01  6.661338e-16
    endloop
  endfacet
  facet normal  1.539492e-16  5.386916e-17  1.000000e+00
    outer loop
      vertex -2.724530e+01 -1.312064e+01  6.661338e-16
      vertex -2.477664e+01 -1.193180e+01  2.220446e-16
      vertex -2.681052e+01 -6.119326e+00  2.220446e-16
    endloop
  endfacet
  facet normal  1.539493e-16  5.386916e-17  1.000000e+00
    outer loop
      vertex -2.724530e+01 -1.312064e+01  6.661338e-16
      vertex -2.681052e+01 -6.119326e+00  2.220446e-16
      vertex -2.948182e+01 -6.729033e+00  6.661338e-16
    endloop
  endfacet
  facet normal  1.620765e-16  1.826161e-17  1.000000e+00
    outer loop
      vertex -2.948182e+01 -6.729033e+00  6.661338e-16
      vertex -2.681052e+01 -6.119326e+00  2.220446e-16
      vertex -2.750000e+01  3.367667e-15  2.220446e-16
    endloop
  endfacet
  facet normal  1.620764e-16  1.826164e-17  1.000000e+00
    outer loop
      vertex -2.948182e+01 -6.729033e+00  6.661338e-16
      vertex -2.750000e+01  3.367667e-15  2.220446e-16
      vertex -3.024000e+01  1.713247e-14  6.661338e-16
    endloop
  endfacet
  facet normal  1.620764e-16 -1.826160e-17  1.000000e+00
    outer loop
      vertex -3.024000e+01  1.713247e-14  6.661338e-16
      vertex -2.750000e+01  3.367667e-15  2.220446e-16
      vertex -2.681052e+01  6.119326e+00  2.220446e-16
    endloop
  endfacet
  facet normal  1.620764e-16 -1.826165e-17  1.000000e+00
    outer loop
      vertex -3.024000e+01  1.713247e-14  6.661338e-16
      vertex -2.681052e+01  6.119326e+00  2.220446e-16
      vertex -2.948182e+01  6.729033e+00  6.661338e-16
    endloop
  endfacet
  facet normal  1.539492e-16 -5.386919e-17  1.000000e+00
    outer loop
      vertex -2.948182e+01  6.729033e+00  6.661338e-16
      vertex -2.681052e+01  6.119326e+00  2.220446e-16
      vertex -2.477664e+01  1.193180e+01  2.220446e-16
    endloop
  endfacet
  facet normal  1.539492e-16 -5.386912e-17  1.000000e+00
    outer loop
      vertex -2.948182e+01  6.729033e+00  6.661338e-16
      vertex -2.477664e+01  1.193180e+01  2.220446e-16
      vertex -2.724530e+01  1.312064e+01  6.661338e-16
    endloop
  endfacet
  facet normal  1.381023e-16 -8.677543e-17  1.000000e+00
    outer loop
      vertex -2.724530e+01  1.312064e+01  6.661338e-16
      vertex -2.477664e+01  1.193180e+01  2.220446e-16
      vertex -2.150037e+01  1.714597e+01  2.220446e-16
    endloop
  endfacet
  facet normal  1.381023e-16 -8.677545e-17  1.000000e+00
    outer loop
      vertex -2.724530e+01  1.312064e+01  6.661338e-16
      vertex -2.150037e+01  1.714597e+01  2.220446e-16
      vertex -2.364258e+01  1.885433e+01  6.661338e-16
    endloop
  endfacet
  facet normal  4.089180e-17  3.629251e-16  9.999999e-01
    outer loop
      vertex  1.937341e-14 -2.750000e+01  2.220446e-16
      vertex -6.119326e+00 -2.681052e+01  2.220446e-16
      vertex -1.312064e+01 -2.724530e+01  6.661338e-16
    endloop
  endfacet
  facet normal  5.386916e-17  1.539492e-16  1.000000e+00
    outer loop
      vertex -1.312064e+01 -2.724530e+01  6.661338e-16
      vertex -6.119326e+00 -2.681052e+01  2.220446e-16
      vertex -1.193180e+01 -2.477664e+01  2.220446e-16
    endloop
  endfacet
  facet normal  8.677544e-17  1.381023e-16  1.000000e+00
    outer loop
      vertex -1.312064e+01 -2.724530e+01  6.661338e-16
      vertex -1.193180e+01 -2.477664e+01  2.220446e-16
      vertex -1.885433e+01 -2.364258e+01  6.661338e-16
    endloop
  endfacet
  facet normal -9.189146e-01  1.035369e-01  3.806259e-01
    outer loop
      vertex  2.700000e+01  0.000000e+00 -5.000000e-01
      vertex  2.632305e+01 -6.008065e+00 -5.000000e-01
      vertex  2.714645e+01  0.000000e+00 -1.464466e-01
    endloop
  endfacet
  facet normal -9.189146e-01  1.035368e-01  3.806260e-01
    outer loop
      vertex  2.714645e+01  0.000000e+00 -1.464466e-01
      vertex  2.632305e+01 -6.008065e+00 -5.000000e-01
      vertex  2.646583e+01 -6.040653e+00 -1.464466e-01
    endloop
  endfacet
  facet normal -3.823279e-01  4.307802e-02  9.230221e-01
    outer loop
      vertex  2.714645e+01  0.000000e+00 -1.464466e-01
      vertex  2.646583e+01 -6.040653e+00 -1.464466e-01
      vertex  2.750000e+01  0.000000e+00  2.220446e-16
    endloop
  endfacet
  facet normal -3.823271e-01  4.307788e-02  9.230224e-01
    outer loop
      vertex  2.750000e+01  0.000000e+00  2.220446e-16
      vertex  2.646583e+01 -6.040653e+00 -1.464466e-01
      vertex  2.681052e+01 -6.119326e+00  2.220446e-16
    endloop
  endfacet
  facet normal  9.189145e-01  1.035368e-01  3.806261e-01
    outer loop
      vertex -2.632305e+01 -6.008065e+00 -5.000000e-01
      vertex -2.700000e+01 -8.683972e-15 -5.000000e-01
      vertex -2.646583e+01 -6.040653e+00 -1.464466e-01
    endloop
  endfacet
  facet normal  9.189146e-01  1.035368e-01  3.806258e-01
    outer loop
      vertex -2.646583e+01 -6.040653e+00 -1.464466e-01
      vertex -2.700000e+01 -8.683972e-15 -5.000000e-01
      vertex -2.714645e+01 -8.731073e-15 -1.464466e-01
    endloop
  endfacet
  facet normal  3.823270e-01  4.307792e-02  9.230223e-01
    outer loop
      vertex -2.646583e+01 -6.040653e+00 -1.464466e-01
      vertex -2.714645e+01 -8.731073e-15 -1.464466e-01
      vertex -2.681052e+01 -6.119326e+00  2.220446e-16
    endloop
  endfacet
  facet normal  3.823278e-01  4.307796e-02  9.230221e-01
    outer loop
      vertex -2.681052e+01 -6.119326e+00  2.220446e-16
      vertex -2.714645e+01 -8.731073e-15 -1.464466e-01
      vertex -2.750000e+01  3.367667e-15  2.220446e-16
    endloop
  endfacet
  facet normal  8.728355e-01  3.054184e-01  3.806282e-01
    outer loop
      vertex -2.432616e+01 -1.171486e+01 -5.000000e-01
      vertex -2.632305e+01 -6.008065e+00 -5.000000e-01
      vertex -2.445810e+01 -1.177840e+01 -1.464466e-01
    endloop
  endfacet
  facet normal  8.728362e-01  3.054186e-01  3.806264e-01
    outer loop
      vertex -2.445810e+01 -1.177840e+01 -1.464466e-01
      vertex -2.632305e+01 -6.008065e+00 -5.000000e-01
      vertex -2.646583e+01 -6.040653e+00 -1.464466e-01
    endloop
  endfacet
  facet normal  3.631566e-01  1.270740e-01  9.230220e-01
    outer loop
      vertex -2.445810e+01 -1.177840e+01 -1.464466e-01
      vertex -2.646583e+01 -6.040653e+00 -1.464466e-01
      vertex -2.477664e+01 -1.193180e+01  2.220446e-16
    endloop
  endfacet
  facet normal  3.631555e-01  1.270737e-01  9.230223e-01
    outer loop
      vertex -2.477664e+01 -1.193180e+01  2.220446e-16
      vertex -2.646583e+01 -6.040653e+00 -1.464466e-01
      vertex -2.681052e+01 -6.119326e+00  2.220446e-16
    endloop
  endfacet
  facet normal  7.829890e-01  4.919846e-01  3.806303e-01
    outer loop
      vertex -2.110945e+01 -1.683422e+01 -5.000000e-01
      vertex -2.432616e+01 -1.171486e+01 -5.000000e-01
      vertex -2.122395e+01 -1.692553e+01 -1.464466e-01
    endloop
  endfacet
  facet normal  7.829900e-01  4.919850e-01  3.806278e-01
    outer loop
      vertex -2.122395e+01 -1.692553e+01 -1.464466e-01
      vertex -2.432616e+01 -1.171486e+01 -5.000000e-01
      vertex -2.445810e+01 -1.177840e+01 -1.464466e-01
    endloop
  endfacet
  facet normal  3.257757e-01  2.046984e-01  9.230216e-01
    outer loop
      vertex -2.122395e+01 -1.692553e+01 -1.464466e-01
      vertex -2.445810e+01 -1.177840e+01 -1.464466e-01
      vertex -2.150037e+01 -1.714597e+01  2.220446e-16
    endloop
  endfacet
  facet normal  3.257749e-01  2.046979e-01  9.230219e-01
    outer loop
      vertex -2.150037e+01 -1.714597e+01  2.220446e-16
      vertex -2.445810e+01 -1.177840e+01 -1.464466e-01
      vertex -2.477664e+01 -1.193180e+01  2.220446e-16
    endloop
  endfacet
  facet normal  6.538810e-01  6.538810e-01  3.806300e-01
    outer loop
      vertex -1.683422e+01 -2.110945e+01 -5.000000e-01
      vertex -2.110945e+01 -1.683422e+01 -5.000000e-01
      vertex -1.692553e+01 -2.122395e+01 -1.464466e-01
    endloop
  endfacet
  facet normal  6.538811e-01  6.538811e-01  3.806299e-01
    outer loop
      vertex -1.692553e+01 -2.122395e+01 -1.464466e-01
      vertex -2.110945e+01 -1.683422e+01 -5.000000e-01
      vertex -2.122395e+01 -1.692553e+01 -1.464466e-01
    endloop
  endfacet
  facet normal  2.720582e-01  2.720582e-01  9.230214e-01
    outer loop
      vertex -1.692553e+01 -2.122395e+01 -1.464466e-01
      vertex -2.122395e+01 -1.692553e+01 -1.464466e-01
      vertex -1.714597e+01 -2.150037e+01  2.220446e-16
    endloop
  endfacet
  facet normal  2.720582e-01  2.720582e-01  9.230214e-01
    outer loop
      vertex -1.714597e+01 -2.150037e+01  2.220446e-16
      vertex -2.122395e+01 -1.692553e+01 -1.464466e-01
      vertex -2.150037e+01 -1.714597e+01  2.220446e-16
    endloop
  endfacet
  facet normal  4.919851e-01  7.829899e-01  3.806279e-01
    outer loop
      vertex -1.171486e+01 -2.432616e+01 -5.000000e-01
      vertex -1.683422e+01 -2.110945e+01 -5.000000e-01
      vertex -1.177840e+01 -2.445810e+01 -1.464466e-01
    endloop
  endfacet
  facet normal  4.919845e-01  7.829893e-01  3.806299e-01
    outer loop
      vertex -1.177840e+01 -2.445810e+01 -1.464466e-01
      vertex -1.683422e+01 -2.110945e+01 -5.000000e-01
      vertex -1.692553e+01 -2.122395e+01 -1.464466e-01
    endloop
  endfacet
  facet normal  2.046978e-01  3.257748e-01  9.230220e-01
    outer loop
      vertex -1.177840e+01 -2.445810e+01 -1.464466e-01
      vertex -1.692553e+01 -2.122395e+01 -1.464466e-01
      vertex -1.193180e+01 -2.477664e+01  2.220446e-16
    endloop
  endfacet
  facet normal  2.046985e-01  3.257758e-01  9.230215e-01
    outer loop
      vertex -1.193180e+01 -2.477664e+01  2.220446e-16
      vertex -1.692553e+01 -2.122395e+01 -1.464466e-01
      vertex -1.714597e+01 -2.150037e+01  2.220446e-16
    endloop
  endfacet
  facet normal  3.054187e-01  8.728362e-01  3.806261e-01
    outer loop
      vertex -6.008065e+00 -2.632305e+01 -5.000000e-01
      vertex -1.171486e+01 -2.432616e+01 -5.000000e-01
      vertex -6.040653e+00 -2.646583e+01 -1.464466e-01
    endloop
  endfacet
  facet normal  3.054183e-01  8.728356e-01  3.806282e-01
    outer loop
      vertex -6.040653e+00 -2.646583e+01 -1.464466e-01
      vertex -1.171486e+01 -2.432616e+01 -5.000000e-01
      vertex -1.177840e+01 -2.445810e+01 -1.464466e-01
    endloop
  endfacet
  facet normal  1.270737e-01  3.631558e-01  9.230223e-01
    outer loop
      vertex -6.040653e+00 -2.646583e+01 -1.464466e-01
      vertex -1.177840e+01 -2.445810e+01 -1.464466e-01
      vertex -6.119326e+00 -2.681052e+01  2.220446e-16
    endloop
  endfacet
  facet normal  1.270740e-01  3.631565e-01  9.230219e-01
    outer loop
      vertex -6.119326e+00 -2.681052e+01  2.220446e-16
      vertex -1.177840e+01 -2.445810e+01 -1.464466e-01
      vertex -1.193180e+01 -2.477664e+01  2.220446e-16
    endloop
  endfacet
  facet normal  1.035369e-01  9.189146e-01  3.806259e-01
    outer loop
      vertex  0.000000e+00 -2.700000e+01 -5.000000e-01
      vertex -6.008065e+00 -2.632305e+01 -5.000000e-01
      vertex  1.912433e-14 -2.714645e+01 -1.464466e-01
    endloop
  endfacet
  facet normal  1.035368e-01  9.189146e-01  3.806260e-01
    outer loop
      vertex  1.912433e-14 -2.714645e+01 -1.464466e-01
      vertex -6.008065e+00 -2.632305e+01 -5.000000e-01
      vertex -6.040653e+00 -2.646583e+01 -1.464466e-01
    endloop
  endfacet
  facet normal  4.307802e-02  3.823279e-01  9.230221e-01
    outer loop
      vertex  1.912433e-14 -2.714645e+01 -1.464466e-01
      vertex -6.040653e+00 -2.646583e+01 -1.464466e-01
      vertex  1.937341e-14 -2.750000e+01  2.220446e-16
    endloop
  endfacet
  facet normal  4.307788e-02  3.823271e-01  9.230224e-01
    outer loop
      vertex  1.937341e-14 -2.750000e+01  2.220446e-16
      vertex -6.040653e+00 -2.646583e+01 -1.464466e-01
      vertex -6.119326e+00 -2.681052e+01  2.220446e-16
    endloop
  endfacet
  facet normal -1.035368e-01  9.189145e-01  3.806261e-01
    outer loop
      vertex  6.008065e+00 -2.632305e+01 -5.000000e-01
      vertex  0.000000e+00 -2.700000e+01 -5.000000e-01
      vertex  6.040653e+00 -2.646583e+01 -1.464466e-01
    endloop
  endfacet
  facet normal -1.035368e-01  9.189146e-01  3.806258e-01
    outer loop
      vertex  6.040653e+00 -2.646583e+01 -1.464466e-01
      vertex  0.000000e+00 -2.700000e+01 -5.000000e-01
      vertex  1.912433e-14 -2.714645e+01 -1.464466e-01
    endloop
  endfacet
  facet normal -4.307792e-02  3.823270e-01  9.230223e-01
    outer loop
      vertex  6.040653e+00 -2.646583e+01 -1.464466e-01
      vertex  1.912433e-14 -2.714645e+01 -1.464466e-01
      vertex  6.119326e+00 -2.681052e+01  2.220446e-16
    endloop
  endfacet
  facet normal -4.307796e-02  3.823278e-01  9.230221e-01
    outer loop
      vertex  6.119326e+00 -2.681052e+01  2.220446e-16
      vertex  1.912433e-14 -2.714645e+01 -1.464466e-01
      vertex  1.937341e-14 -2.750000e+01  2.220446e-16
    endloop
  endfacet
  facet normal -3.054184e-01  8.728355e-01  3.806282e-01
    outer loop
      vertex  1.171486e+01 -2.432616e+01 -5.000000e-01
      vertex  6.008065e+00 -2.632305e+01 -5.000000e-01
      vertex  1.177840e+01 -2.445810e+01 -1.464466e-01
    endloop
  endfacet
  facet normal -3.054186e-01  8.728362e-01  3.806264e-01
    outer loop
      vertex  1.177840e+01 -2.445810e+01 -1.464466e-01
      vertex  6.008065e+00 -2.632305e+01 -5.000000e-01
      vertex  6.040653e+00 -2.646583e+01 -1.464466e-01
    endloop
  endfacet
  facet normal -1.270740e-01  3.631566e-01  9.230220e-01
    outer loop
      vertex  1.177840e+01 -2.445810e+01 -1.464466e-01
      vertex  6.040653e+00 -2.646583e+01 -1.464466e-01
      vertex  1.193180e+01 -2.477664e+01  2.220446e-16
    endloop
  endfacet
  facet normal -1.270737e-01  3.631555e-01  9.230223e-01
    outer loop
      vertex  1.193180e+01 -2.477664e+01  2.220446e-16
      vertex  6.040653e+00 -2.646583e+01 -1.464466e-01
      vertex  6.119326e+00 -2.681052e+01  2.220446e-16
    endloop
  endfacet
  facet normal -4.919846e-01  7.829890e-01  3.806303e-01
    outer loop
      vertex  1.683422e+01 -2.110945e+01 -5.000000e-01
      vertex  1.171486e+01 -2.432616e+01 -5.000000e-01
      vertex  1.692553e+01 -2.122395e+01 -1.464466e-01
    endloop
  endfacet
  facet normal -4.919850e-01  7.829900e-01  3.806278e-01
    outer loop
      vertex  1.692553e+01 -2.122395e+01 -1.464466e-01
      vertex  1.171486e+01 -2.432616e+01 -5.000000e-01
      vertex  1.177840e+01 -2.445810e+01 -1.464466e-01
    endloop
  endfacet
  facet normal -2.046984e-01  3.257757e-01  9.230216e-01
    outer loop
      vertex  1.692553e+01 -2.122395e+01 -1.464466e-01
      vertex  1.177840e+01 -2.445810e+01 -1.464466e-01
      vertex  1.714597e+01 -2.150037e+01  2.220446e-16
    endloop
  endfacet
  facet normal -2.046979e-01  3.257749e-01  9.230219e-01
    outer loop
      vertex  1.714597e+01 -2.150037e+01  2.220446e-16
      vertex  1.177840e+01 -2.445810e+01 -1.464466e-01
      vertex  1.193180e+01 -2.477664e+01  2.220446e-16
    endloop
  endfacet
  facet normal -6.538810e-01  6.538810e-01  3.806300e-01
    outer loop
      vertex  2.110945e+01 -1.683422e+01 -5.000000e-01
      vertex  1.683422e+01 -2.110945e+01 -5.000000e-01
      vertex  2.122395e+01 -1.692553e+01 -1.464466e-01
    endloop
  endfacet
  facet normal -6.538811e-01  6.538811e-01  3.806299e-01
    outer loop
      vertex  2.122395e+01 -1.692553e+01 -1.464466e-01
      vertex  1.683422e+01 -2.110945e+01 -5.000000e-01
      vertex  1.692553e+01 -2.122395e+01 -1.464466e-01
    endloop
  endfacet
  facet normal -2.720582e-01  2.720582e-01  9.230214e-01
    outer loop
      vertex  2.122395e+01 -1.692553e+01 -1.464466e-01
      vertex  1.692553e+01 -2.122395e+01 -1.464466e-01
      vertex  2.150037e+01 -1.714597e+01  2.220446e-16
    endloop
  endfacet
  facet normal -2.720582e-01  2.720582e-01  9.230214e-01
    outer loop
      vertex  2.150037e+01 -1.714597e+01  2.220446e-16
      vertex  1.692553e+01 -2.122395e+01 -1.464466e-01
      vertex  1.714597e+01 -2.150037e+01  2.220446e-16
    endloop
  endfacet
  facet normal -7.829899e-01  4.919851e-01  3.806279e-01
    outer loop
      vertex  2.432616e+01 -1.171486e+01 -5.000000e-01
      vertex  2.110945e+01 -1.683422e+01 -5.000000e-01
      vertex  2.445810e+01 -1.177840e+01 -1.464466e-01
    endloop
  endfacet
  facet normal -7.829893e-01  4.919845e-01  3.806299e-01
    outer loop
      vertex  2.445810e+01 -1.177840e+01 -1.464466e-01
      vertex  2.110945e+01 -1.683422e+01 -5.000000e-01
      vertex  2.122395e+01 -1.692553e+01 -1.464466e-01
    endloop
  endfacet
  facet normal -3.257748e-01  2.046978e-01  9.230220e-01
    outer loop
      vertex  2.445810e+01 -1.177840e+01 -1.464466e-01
      vertex  2.122395e+01 -1.692553e+01 -1.464466e-01
      vertex  2.477664e+01 -1.193180e+01  2.220446e-16
    endloop
  endfacet
  facet normal -3.257758e-01  2.046985e-01  9.230215e-01
    outer loop
      vertex  2.477664e+01 -1.193180e+01  2.220446e-16
      vertex  2.122395e+01 -1.692553e+01 -1.464466e-01
      vertex  2.150037e+01 -1.714597e+01  2.220446e-16
    endloop
  endfacet
  facet normal -8.728362e-01  3.054187e-01  3.806261e-01
    outer loop
      vertex  2.632305e+01 -6.008065e+00 -5.000000e-01
      vertex  2.432616e+01 -1.171486e+01 -5.000000e-01
      vertex  2.646583e+01 -6.040653e+00 -1.464466e-01
    endloop
  endfacet
  facet normal -8.728356e-01  3.054183e-01  3.806282e-01
    outer loop
      vertex  2.646583e+01 -6.040653e+00 -1.464466e-01
      vertex  2.432616e+01 -1.171486e+01 -5.000000e-01
      vertex  2.445810e+01 -1.177840e+01 -1.464466e-01
    endloop
  endfacet
  facet normal -3.631558e-01  1.270737e-01  9.230223e-01
    outer loop
      vertex  2.646583e+01 -6.040653e+00 -1.464466e-01
      vertex  2.445810e+01 -1.177840e+01 -1.464466e-01
      vertex  2.681052e+01 -6.119326e+00  2.220446e-16
    endloop
  endfacet
  facet normal -3.631565e-01  1.270740e-01  9.230219e-01
    outer loop
      vertex  2.681052e+01 -6.119326e+00  2.220446e-16
      vertex  2.445810e+01 -1.177840e+01 -1.464466e-01
      vertex  2.477664e+01 -1.193180e+01  2.220446e-16
    endloop
  endfacet
  facet normal -3.823270e-01  4.307786e-02 -9.230224e-01
    outer loop
      vertex  2.750000e+01  0.000000e+00 -2.700000e+01
      vertex  2.681052e+01 -6.119326e+00 -2.700000e+01
      vertex  2.714645e+01  0.000000e+00 -2.685355e+01
    endloop
  endfacet
  facet normal -3.823262e-01  4.307782e-02 -9.230227e-01
    outer loop
      vertex  2.714645e+01  0.000000e+00 -2.685355e+01
      vertex  2.681052e+01 -6.119326e+00 -2.700000e+01
      vertex  2.646583e+01 -6.040653e+00 -2.685355e+01
    endloop
  endfacet
  facet normal -9.189148e-01  1.035369e-01 -3.806255e-01
    outer loop
      vertex  2.714645e+01  0.000000e+00 -2.685355e+01
      vertex  2.646583e+01 -6.040653e+00 -2.685355e+01
      vertex  2.700000e+01  0.000000e+00 -2.650000e+01
    endloop
  endfacet
  facet normal -9.189147e-01  1.035369e-01 -3.806257e-01
    outer loop
      vertex  2.700000e+01  0.000000e+00 -2.650000e+01
      vertex  2.646583e+01 -6.040653e+00 -2.685355e+01
      vertex  2.632305e+01 -6.008065e+00 -2.650000e+01
    endloop
  endfacet
  facet normal  3.823262e-01  4.307778e-02 -9.230227e-01
    outer loop
      vertex -2.681052e+01 -6.119326e+00 -2.700000e+01
      vertex -2.750000e+01 -8.844786e-15 -2.700000e+01
      vertex -2.646583e+01 -6.040653e+00 -2.685355e+01
    endloop
  endfacet
  facet normal  3.823270e-01  4.307792e-02 -9.230224e-01
    outer loop
      vertex -2.646583e+01 -6.040653e+00 -2.685355e+01
      vertex -2.750000e+01 -8.844786e-15 -2.700000e+01
      vertex -2.714645e+01 -8.731073e-15 -2.685355e+01
    endloop
  endfacet
  facet normal  9.189147e-01  1.035369e-01 -3.806257e-01
    outer loop
      vertex -2.646583e+01 -6.040653e+00 -2.685355e+01
      vertex -2.714645e+01 -8.731073e-15 -2.685355e+01
      vertex -2.632305e+01 -6.008065e+00 -2.650000e+01
    endloop
  endfacet
  facet normal  9.189148e-01  1.035369e-01 -3.806256e-01
    outer loop
      vertex -2.632305e+01 -6.008065e+00 -2.650000e+01
      vertex -2.714645e+01 -8.731073e-15 -2.685355e+01
      vertex -2.700000e+01  3.306437e-15 -2.650000e+01
    endloop
  endfacet
  facet normal  3.631557e-01  1.270737e-01 -9.230223e-01
    outer loop
      vertex -2.477664e+01 -1.193180e+01 -2.700000e+01
      vertex -2.681052e+01 -6.119326e+00 -2.700000e+01
      vertex -2.445810e+01 -1.177840e+01 -2.685355e+01
    endloop
  endfacet
  facet normal  3.631549e-01  1.270734e-01 -9.230226e-01
    outer loop
      vertex -2.445810e+01 -1.177840e+01 -2.685355e+01
      vertex -2.681052e+01 -6.119326e+00 -2.700000e+01
      vertex -2.646583e+01 -6.040653e+00 -2.685355e+01
    endloop
  endfacet
  facet normal  8.728357e-01  3.054184e-01 -3.806278e-01
    outer loop
      vertex -2.445810e+01 -1.177840e+01 -2.685355e+01
      vertex -2.646583e+01 -6.040653e+00 -2.685355e+01
      vertex -2.432616e+01 -1.171486e+01 -2.650000e+01
    endloop
  endfacet
  facet normal  8.728364e-01  3.054188e-01 -3.806257e-01
    outer loop
      vertex -2.432616e+01 -1.171486e+01 -2.650000e+01
      vertex -2.646583e+01 -6.040653e+00 -2.685355e+01
      vertex -2.632305e+01 -6.008065e+00 -2.650000e+01
    endloop
  endfacet
  facet normal  3.257751e-01  2.046980e-01 -9.230219e-01
    outer loop
      vertex -2.150037e+01 -1.714597e+01 -2.700000e+01
      vertex -2.477664e+01 -1.193180e+01 -2.700000e+01
      vertex -2.122395e+01 -1.692553e+01 -2.685355e+01
    endloop
  endfacet
  facet normal  3.257741e-01  2.046973e-01 -9.230224e-01
    outer loop
      vertex -2.122395e+01 -1.692553e+01 -2.685355e+01
      vertex -2.477664e+01 -1.193180e+01 -2.700000e+01
      vertex -2.445810e+01 -1.177840e+01 -2.685355e+01
    endloop
  endfacet
  facet normal  7.829893e-01  4.919845e-01 -3.806295e-01
    outer loop
      vertex -2.122395e+01 -1.692553e+01 -2.685355e+01
      vertex -2.445810e+01 -1.177840e+01 -2.685355e+01
      vertex -2.110945e+01 -1.683422e+01 -2.650000e+01
    endloop
  endfacet
  facet normal  7.829899e-01  4.919851e-01 -3.806275e-01
    outer loop
      vertex -2.110945e+01 -1.683422e+01 -2.650000e+01
      vertex -2.445810e+01 -1.177840e+01 -2.685355e+01
      vertex -2.432616e+01 -1.171486e+01 -2.650000e+01
    endloop
  endfacet
  facet normal  2.720576e-01  2.720576e-01 -9.230217e-01
    outer loop
      vertex -1.714597e+01 -2.150037e+01 -2.700000e+01
      vertex -2.150037e+01 -1.714597e+01 -2.700000e+01
      vertex -1.692553e+01 -2.122395e+01 -2.685355e+01
    endloop
  endfacet
  facet normal  2.720576e-01  2.720576e-01 -9.230218e-01
    outer loop
      vertex -1.692553e+01 -2.122395e+01 -2.685355e+01
      vertex -2.150037e+01 -1.714597e+01 -2.700000e+01
      vertex -2.122395e+01 -1.692553e+01 -2.685355e+01
    endloop
  endfacet
  facet normal  6.538811e-01  6.538811e-01 -3.806295e-01
    outer loop
      vertex -1.692553e+01 -2.122395e+01 -2.685355e+01
      vertex -2.122395e+01 -1.692553e+01 -2.685355e+01
      vertex -1.683422e+01 -2.110945e+01 -2.650000e+01
    endloop
  endfacet
  facet normal  6.538811e-01  6.538811e-01 -3.806296e-01
    outer loop
      vertex -1.683422e+01 -2.110945e+01 -2.650000e+01
      vertex -2.122395e+01 -1.692553e+01 -2.685355e+01
      vertex -2.110945e+01 -1.683422e+01 -2.650000e+01
    endloop
  endfacet
  facet normal  2.046975e-01  3.257742e-01 -9.230223e-01
    outer loop
      vertex -1.193180e+01 -2.477664e+01 -2.700000e+01
      vertex -1.714597e+01 -2.150037e+01 -2.700000e+01
      vertex -1.177840e+01 -2.445810e+01 -2.685355e+01
    endloop
  endfacet
  facet normal  2.046979e-01  3.257750e-01 -9.230220e-01
    outer loop
      vertex -1.177840e+01 -2.445810e+01 -2.685355e+01
      vertex -1.714597e+01 -2.150037e+01 -2.700000e+01
      vertex -1.692553e+01 -2.122395e+01 -2.685355e+01
    endloop
  endfacet
  facet normal  4.919850e-01  7.829901e-01 -3.806274e-01
    outer loop
      vertex -1.177840e+01 -2.445810e+01 -2.685355e+01
      vertex -1.692553e+01 -2.122395e+01 -2.685355e+01
      vertex -1.171486e+01 -2.432616e+01 -2.650000e+01
    endloop
  endfacet
  facet normal  4.919846e-01  7.829891e-01 -3.806300e-01
    outer loop
      vertex -1.171486e+01 -2.432616e+01 -2.650000e+01
      vertex -1.692553e+01 -2.122395e+01 -2.685355e+01
      vertex -1.683422e+01 -2.110945e+01 -2.650000e+01
    endloop
  endfacet
  facet normal  1.270734e-01  3.631547e-01 -9.230227e-01
    outer loop
      vertex -6.119326e+00 -2.681052e+01 -2.700000e+01
      vertex -1.193180e+01 -2.477664e+01 -2.700000e+01
      vertex -6.040653e+00 -2.646583e+01 -2.685355e+01
    endloop
  endfacet
  facet normal  1.270737e-01  3.631558e-01 -9.230223e-01
    outer loop
      vertex -6.040653e+00 -2.646583e+01 -2.685355e+01
      vertex -1.193180e+01 -2.477664e+01 -2.700000e+01
      vertex -1.177840e+01 -2.445810e+01 -2.685355e+01
    endloop
  endfacet
  facet normal  3.054186e-01  8.728363e-01 -3.806261e-01
    outer loop
      vertex -6.040653e+00 -2.646583e+01 -2.685355e+01
      vertex -1.177840e+01 -2.445810e+01 -2.685355e+01
      vertex -6.008065e+00 -2.632305e+01 -2.650000e+01
    endloop
  endfacet
  facet normal  3.054185e-01  8.728356e-01 -3.806278e-01
    outer loop
      vertex -6.008065e+00 -2.632305e+01 -2.650000e+01
      vertex -1.177840e+01 -2.445810e+01 -2.685355e+01
      vertex -1.171486e+01 -2.432616e+01 -2.650000e+01
    endloop
  endfacet
  facet normal  4.307786e-02  3.823270e-01 -9.230224e-01
    outer loop
      vertex  1.126210e-12 -2.750000e+01 -2.700000e+01
      vertex -6.119326e+00 -2.681052e+01 -2.700000e+01
      vertex  1.912433e-14 -2.714645e+01 -2.685355e+01
    endloop
  endfacet
  facet normal  4.307782e-02  3.823262e-01 -9.230227e-01
    outer loop
      vertex  1.912433e-14 -2.714645e+01 -2.685355e+01
      vertex -6.119326e+00 -2.681052e+01 -2.700000e+01
      vertex -6.040653e+00 -2.646583e+01 -2.685355e+01
    endloop
  endfacet
  facet normal  1.035369e-01  9.189148e-01 -3.806255e-01
    outer loop
      vertex  1.912433e-14 -2.714645e+01 -2.685355e+01
      vertex -6.040653e+00 -2.646583e+01 -2.685355e+01
      vertex  0.000000e+00 -2.700000e+01 -2.650000e+01
    endloop
  endfacet
  facet normal  1.035369e-01  9.189147e-01 -3.806257e-01
    outer loop
      vertex  0.000000e+00 -2.700000e+01 -2.650000e+01
      vertex -6.040653e+00 -2.646583e+01 -2.685355e+01
      vertex -6.008065e+00 -2.632305e+01 -2.650000e+01
    endloop
  endfacet
  facet normal -4.307778e-02  3.823262e-01 -9.230227e-01
    outer loop
      vertex  6.119326e+00 -2.681052e+01 -2.700000e+01
      vertex  1.126210e-12 -2.750000e+01 -2.700000e+01
      vertex  6.040653e+00 -2.646583e+01 -2.685355e+01
    endloop
  endfacet
  facet normal -4.307792e-02  3.823270e-01 -9.230224e-01
    outer loop
      vertex  6.040653e+00 -2.646583e+01 -2.685355e+01
      vertex  1.126210e-12 -2.750000e+01 -2.700000e+01
      vertex  1.912433e-14 -2.714645e+01 -2.685355e+01
    endloop
  endfacet
  facet normal -1.035369e-01  9.189147e-01 -3.806257e-01
    outer loop
      vertex  6.040653e+00 -2.646583e+01 -2.685355e+01
      vertex  1.912433e-14 -2.714645e+01 -2.685355e+01
      vertex  6.008065e+00 -2.632305e+01 -2.650000e+01
    endloop
  endfacet
  facet normal -1.035369e-01  9.189148e-01 -3.806256e-01
    outer loop
      vertex  6.008065e+00 -2.632305e+01 -2.650000e+01
      vertex  1.912433e-14 -2.714645e+01 -2.685355e+01
      vertex  0.000000e+00 -2.700000e+01 -2.650000e+01
    endloop
  endfacet
  facet normal -1.270737e-01  3.631557e-01 -9.230223e-01
    outer loop
      vertex  1.193180e+01 -2.477664e+01 -2.700000e+01
      vertex  6.119326e+00 -2.681052e+01 -2.700000e+01
      vertex  1.177840e+01 -2.445810e+01 -2.685355e+01
    endloop
  endfacet
  facet normal -1.270734e-01  3.631549e-01 -9.230226e-01
    outer loop
      vertex  1.177840e+01 -2.445810e+01 -2.685355e+01
      vertex  6.119326e+00 -2.681052e+01 -2.700000e+01
      vertex  6.040653e+00 -2.646583e+01 -2.685355e+01
    endloop
  endfacet
  facet normal -3.054184e-01  8.728357e-01 -3.806278e-01
    outer loop
      vertex  1.177840e+01 -2.445810e+01 -2.685355e+01
      vertex  6.040653e+00 -2.646583e+01 -2.685355e+01
      vertex  1.171486e+01 -2.432616e+01 -2.650000e+01
    endloop
  endfacet
  facet normal -3.054188e-01  8.728364e-01 -3.806257e-01
    outer loop
      vertex  1.171486e+01 -2.432616e+01 -2.650000e+01
      vertex  6.040653e+00 -2.646583e+01 -2.685355e+01
      vertex  6.008065e+00 -2.632305e+01 -2.650000e+01
    endloop
  endfacet
  facet normal -2.046980e-01  3.257751e-01 -9.230219e-01
    outer loop
      vertex  1.714597e+01 -2.150037e+01 -2.700000e+01
      vertex  1.193180e+01 -2.477664e+01 -2.700000e+01
      vertex  1.692553e+01 -2.122395e+01 -2.685355e+01
    endloop
  endfacet
  facet normal -2.046973e-01  3.257741e-01 -9.230224e-01
    outer loop
      vertex  1.692553e+01 -2.122395e+01 -2.685355e+01
      vertex  1.193180e+01 -2.477664e+01 -2.700000e+01
      vertex  1.177840e+01 -2.445810e+01 -2.685355e+01
    endloop
  endfacet
  facet normal -4.919845e-01  7.829893e-01 -3.806295e-01
    outer loop
      vertex  1.692553e+01 -2.122395e+01 -2.685355e+01
      vertex  1.177840e+01 -2.445810e+01 -2.685355e+01
      vertex  1.683422e+01 -2.110945e+01 -2.650000e+01
    endloop
  endfacet
  facet normal -4.919851e-01  7.829899e-01 -3.806275e-01
    outer loop
      vertex  1.683422e+01 -2.110945e+01 -2.650000e+01
      vertex  1.177840e+01 -2.445810e+01 -2.685355e+01
      vertex  1.171486e+01 -2.432616e+01 -2.650000e+01
    endloop
  endfacet
  facet normal -2.720576e-01  2.720576e-01 -9.230217e-01
    outer loop
      vertex  2.150037e+01 -1.714597e+01 -2.700000e+01
      vertex  1.714597e+01 -2.150037e+01 -2.700000e+01
      vertex  2.122395e+01 -1.692553e+01 -2.685355e+01
    endloop
  endfacet
  facet normal -2.720576e-01  2.720576e-01 -9.230218e-01
    outer loop
      vertex  2.122395e+01 -1.692553e+01 -2.685355e+01
      vertex  1.714597e+01 -2.150037e+01 -2.700000e+01
      vertex  1.692553e+01 -2.122395e+01 -2.685355e+01
    endloop
  endfacet
  facet normal -6.538811e-01  6.538811e-01 -3.806295e-01
    outer loop
      vertex  2.122395e+01 -1.692553e+01 -2.685355e+01
      vertex  1.692553e+01 -2.122395e+01 -2.685355e+01
      vertex  2.110945e+01 -1.683422e+01 -2.650000e+01
    endloop
  endfacet
  facet normal -6.538811e-01  6.538811e-01 -3.806296e-01
    outer loop
      vertex  2.110945e+01 -1.683422e+01 -2.650000e+01
      vertex  1.692553e+01 -2.122395e+01 -2.685355e+01
      vertex  1.683422e+01 -2.110945e+01 -2.650000e+01
    endloop
  endfacet
  facet normal -3.257742e-01  2.046975e-01 -9.230223e-01
    outer loop
      vertex  2.477664e+01 -1.193180e+01 -2.700000e+01
      vertex  2.150037e+01 -1.714597e+01 -2.700000e+01
      vertex  2.445810e+01 -1.177840e+01 -2.685355e+01
    endloop
  endfacet
  facet normal -3.257750e-01  2.046979e-01 -9.230220e-01
    outer loop
      vertex  2.445810e+01 -1.177840e+01 -2.685355e+01
      vertex  2.150037e+01 -1.714597e+01 -2.700000e+01
      vertex  2.122395e+01 -1.692553e+01 -2.685355e+01
    endloop
  endfacet
  facet normal -7.829901e-01  4.919850e-01 -3.806274e-01
    outer loop
      vertex  2.445810e+01 -1.177840e+01 -2.685355e+01
      vertex  2.122395e+01 -1.692553e+01 -2.685355e+01
      vertex  2.432616e+01 -1.171486e+01 -2.650000e+01
    endloop
  endfacet
  facet normal -7.829891e-01  4.919846e-01 -3.806300e-01
    outer loop
      vertex  2.432616e+01 -1.171486e+01 -2.650000e+01
      vertex  2.122395e+01 -1.692553e+01 -2.685355e+01
      vertex  2.110945e+01 -1.683422e+01 -2.650000e+01
    endloop
  endfacet
  facet normal -3.631547e-01  1.270734e-01 -9.230227e-01
    outer loop
      vertex  2.681052e+01 -6.119326e+00 -2.700000e+01
      vertex  2.477664e+01 -1.193180e+01 -2.700000e+01
      vertex  2.646583e+01 -6.040653e+00 -2.685355e+01
    endloop
  endfacet
  facet normal -3.631558e-01  1.270737e-01 -9.230223e-01
    outer loop
      vertex  2.646583e+01 -6.040653e+00 -2.685355e+01
      vertex  2.477664e+01 -1.193180e+01 -2.700000e+01
      vertex  2.445810e+01 -1.177840e+01 -2.685355e+01
    endloop
  endfacet
  facet normal -8.728363e-01  3.054186e-01 -3.806261e-01
    outer loop
      vertex  2.646583e+01 -6.040653e+00 -2.685355e+01
      vertex  2.445810e+01 -1.177840e+01 -2.685355e+01
      vertex  2.632305e+01 -6.008065e+00 -2.650000e+01
    endloop
  endfacet
  facet normal -8.728356e-01  3.054185e-01 -3.806278e-01
    outer loop
      vertex  2.632305e+01 -6.008065e+00 -2.650000e+01
      vertex  2.445810e+01 -1.177840e+01 -2.685355e+01
      vertex  2.432616e+01 -1.171486e+01 -2.650000e+01
    endloop
  endfacet
  facet normal  0.000000e+00  0.000000e+00 -1.000000e+00
    outer loop
      vertex -2.150037e+01  1.714597e+01 -2.700000e+01
      vertex -2.364258e+01  1.885433e+01 -2.700000e+01
      vertex -1.714597e+01  2.150037e+01 -2.700000e+01
    endloop
  endfacet
  facet normal  0.000000e+00  0.000000e+00 -9.999999e-01
    outer loop
      vertex  6.119326e+00  2.681052e+01 -2.700000e+01
      vertex  1.683834e-15  2.750000e+01 -2.700000e+01
      vertex  1.312064e+01  2.724530e+01 -2.700000e+01
    endloop
  endfacet
  facet normal  0.000000e+00  0.000000e+00 -1.000000e+00
    outer loop
      vertex  1.312064e+01  2.724530e+01 -2.700000e+01
      vertex  1.683834e-15  2.750000e+01 -2.700000e+01
      vertex  6.729033e+00  2.948182e+01 -2.700000e+01
    endloop
  endfacet
  facet normal  -0.000000e+00  0.000000e+00 -1.000000e+00
    outer loop
      vertex  6.729033e+00  2.948182e+01 -2.700000e+01
      vertex  1.683834e-15  2.750000e+01 -2.700000e+01
      vertex  8.566234e-15  3.024000e+01 -2.700000e+01
    endloop
  endfacet
  facet normal  0.000000e+00  0.000000e+00 -1.000000e+00
    outer loop
      vertex  1.683834e-15  2.750000e+01 -2.700000e+01
      vertex -1.312064e+01  2.724530e+01 -2.700000e+01
      vertex  8.566234e-15  3.024000e+01 -2.700000e+01
    endloop
  endfacet
  facet normal  0.000000e+00  0.000000e+00 -1.000000e+00
    outer loop
      vertex  8.566234e-15  3.024000e+01 -2.700000e+01
      vertex -1.312064e+01  2.724530e+01 -2.700000e+01
      vertex -6.729033e+00  2.948182e+01 -2.700000e+01
    endloop
  endfacet
  facet normal  0.000000e+00  0.000000e+00 -9.999999e-01
    outer loop
      vertex  1.683834e-15  2.750000e+01 -2.700000e+01
      vertex -6.119326e+00  2.681052e+01 -2.700000e+01
      vertex -1.312064e+01  2.724530e+01 -2.700000e+01
    endloop
  endfacet
  facet normal  0.000000e+00  0.000000e+00 -1.000000e+00
    outer loop
      vertex -1.312064e+01  2.724530e+01 -2.700000e+01
      vertex -6.119326e+00  2.681052e+01 -2.700000e+01
      vertex -1.193180e+01  2.477664e+01 -2.700000e+01
    endloop
  endfacet
  facet normal  -0.000000e+00  0.000000e+00 -1.000000e+00
    outer loop
      vertex -1.312064e+01  2.724530e+01 -2.700000e+01
      vertex -1.193180e+01  2.477664e+01 -2.700000e+01
      vertex -1.885433e+01  2.364258e+01 -2.700000e+01
    endloop
  endfacet
  facet normal  0.000000e+00  0.000000e+00 -1.000000e+00
    outer loop
      vertex -1.885433e+01  2.364258e+01 -2.700000e+01
      vertex -1.193180e+01  2.477664e+01 -2.700000e+01
      vertex -1.714597e+01  2.150037e+01 -2.700000e+01
    endloop
  endfacet
  facet normal  -0.000000e+00  0.000000e+00 -1.000000e+00
    outer loop
      vertex -1.885433e+01  2.364258e+01 -2.700000e+01
      vertex -1.714597e+01  2.150037e+01 -2.700000e+01
      vertex -2.364258e+01  1.885433e+01 -2.700000e+01
    endloop
  endfacet
  facet normal  0.000000e+00  0.000000e+00 -1.000000e+00
    outer loop
      vertex -1.193180e+01 -2.477664e+01 -2.700000e+01
      vertex -1.885433e+01 -2.364258e+01 -2.700000e+01
      vertex -1.714597e+01 -2.150037e+01 -2.700000e+01
    endloop
  endfacet
  facet normal  -0.000000e+00  0.000000e+00 -1.000000e+00
    outer loop
      vertex -1.714597e+01 -2.150037e+01 -2.700000e+01
      vertex -1.885433e+01 -2.364258e+01 -2.700000e+01
      vertex -2.364258e+01 -1.885433e+01 -2.700000e+01
    endloop
  endfacet
  facet normal  0.000000e+00  0.000000e+00 -1.000000e+00
    outer loop
      vertex -1.714597e+01 -2.150037e+01 -2.700000e+01
      vertex -2.364258e+01 -1.885433e+01 -2.700000e+01
      vertex -2.150037e+01 -1.714597e+01 -2.700000e+01
    endloop
  endfacet
  facet normal  -0.000000e+00  0.000000e+00 -1.000000e+00
    outer loop
      vertex -2.150037e+01 -1.714597e+01 -2.700000e+01
      vertex -2.364258e+01 -1.885433e+01 -2.700000e+01
      vertex -2.724530e+01 -1.312064e+01 -2.700000e+01
    endloop
  endfacet
  facet normal  0.000000e+00  0.000000e+00 -1.000000e+00
    outer loop
      vertex -2.150037e+01 -1.714597e+01 -2.700000e+01
      vertex -2.724530e+01 -1.312064e+01 -2.700000e+01
      vertex -2.477664e+01 -1.193180e+01 -2.700000e+01
    endloop
  endfacet
  facet normal  -0.000000e+00  0.000000e+00 -1.000000e+00
    outer loop
      vertex -2.477664e+01 -1.193180e+01 -2.700000e+01
      vertex -2.724530e+01 -1.312064e+01 -2.700000e+01
      vertex -2.948182e+01 -6.729033e+00 -2.700000e+01
    endloop
  endfacet
  facet normal  0.000000e+00  0.000000e+00 -1.000000e+00
    outer loop
      vertex -2.477664e+01 -1.193180e+01 -2.700000e+01
      vertex -2.948182e+01 -6.729033e+00 -2.700000e+01
      vertex -2.681052e+01 -6.119326e+00 -2.700000e+01
    endloop
  endfacet
  facet normal  -0.000000e+00  0.000000e+00 -1.000000e+00
    outer loop
      vertex -2.681052e+01 -6.119326e+00 -2.700000e+01
      vertex -2.948182e+01 -6.729033e+00 -2.700000e+01
      vertex -3.024000e+01  1.713247e-14 -2.700000e+01
    endloop
  endfacet
  facet normal  0.000000e+00  0.000000e+00 -1.000000e+00
    outer loop
      vertex -2.681052e+01 -6.119326e+00 -2.700000e+01
      vertex -3.024000e+01  1.713247e-14 -2.700000e+01
      vertex -2.750000e+01 -8.844786e-15 -2.700000e+01
    endloop
  endfacet
  facet normal  0.000000e+00  0.000000e+00 -1.000000e+00
    outer loop
      vertex -2.750000e+01 -8.844786e-15 -2.700000e+01
      vertex -3.024000e+01  1.713247e-14 -2.700000e+01
      vertex -2.948182e+01  6.729033e+00 -2.700000e+01
    endloop
  endfacet
  facet normal  0.000000e+00  0.000000e+00 -1.000000e+00
    outer loop
      vertex -2.750000e+01 -8.844786e-15 -2.700000e+01
      vertex -2.948182e+01  6.729033e+00 -2.700000e+01
      vertex -2.681052e+01  6.119326e+00 -2.700000e+01
    endloop
  endfacet
  facet normal  0.000000e+00  0.000000e+00 -1.000000e+00
    outer loop
      vertex -2.681052e+01  6.119326e+00 -2.700000e+01
      vertex -2.948182e+01  6.729033e+00 -2.700000e+01
      vertex -2.724530e+01  1.312064e+01 -2.700000e+01
    endloop
  endfacet
  facet normal  0.000000e+00  0.000000e+00 -1.000000e+00
    outer loop
      vertex -2.681052e+01  6.119326e+00 -2.700000e+01
      vertex -2.724530e+01  1.312064e+01 -2.700000e+01
      vertex -2.477664e+01  1.193180e+01 -2.700000e+01
    endloop
  endfacet
  facet normal  0.000000e+00  0.000000e+00 -1.000000e+00
    outer loop
      vertex -2.477664e+01  1.193180e+01 -2.700000e+01
      vertex -2.724530e+01  1.312064e+01 -2.700000e+01
      vertex -2.364258e+01  1.885433e+01 -2.700000e+01
    endloop
  endfacet
  facet normal  0.000000e+00  -0.000000e+00 -1.000000e+00
    outer loop
      vertex -2.477664e+01  1.193180e+01 -2.700000e+01
      vertex -2.364258e+01  1.885433e+01 -2.700000e+01
      vertex -2.150037e+01  1.714597e+01 -2.700000e+01
    endloop
  endfacet
  facet normal  0.000000e+00  0.000000e+00 -9.999999e-01
    outer loop
      vertex  1.126210e-12 -2.750000e+01 -2.700000e+01
      vertex -1.312064e+01 -2.724530e+01 -2.700000e+01
      vertex -6.119326e+00 -2.681052e+01 -2.700000e+01
    endloop
  endfacet
  facet normal  -0.000000e+00  0.000000e+00 -1.000000e+00
    outer loop
      vertex -6.119326e+00 -2.681052e+01 -2.700000e+01
      vertex -1.312064e+01 -2.724530e+01 -2.700000e+01
      vertex -1.885433e+01 -2.364258e+01 -2.700000e+01
    endloop
  endfacet
  facet normal  0.000000e+00  0.000000e+00 -1.000000e+00
    outer loop
      vertex -6.119326e+00 -2.681052e+01 -2.700000e+01
      vertex -1.885433e+01 -2.364258e+01 -2.700000e+01
      vertex -1.193180e+01 -2.477664e+01 -2.700000e+01
    endloop
  endfacet
  facet normal  -0.000000e+00  0.000000e+00 -1.000000e+00
    outer loop
      vertex -1.312064e+01 -2.724530e+01 -2.700000e+01
      vertex  1.126210e-12 -2.750000e+01 -2.700000e+01
      vertex -6.729033e+00 -2.948182e+01 -2.700000e+01
    endloop
  endfacet
  facet normal  0.000000e+00  0.000000e+00 -1.000000e+00
    outer loop
      vertex -6.729033e+00 -2.948182e+01 -2.700000e+01
      vertex  1.126210e-12 -2.750000e+01 -2.700000e+01
      vertex  1.165290e-12 -3.024000e+01 -2.700000e+01
    endloop
  endfacet
  facet normal  0.000000e+00  0.000000e+00 -1.000000e+00
    outer loop
      vertex  1.126210e-12 -2.750000e+01 -2.700000e+01
      vertex  1.312064e+01 -2.724530e+01 -2.700000e+01
      vertex  1.165290e-12 -3.024000e+01 -2.700000e+01
    endloop
  endfacet
  facet normal  0.000000e+00  0.000000e+00 -1.000000e+00
    outer loop
      vertex  1.165290e-12 -3.024000e+01 -2.700000e+01
      vertex  1.312064e+01 -2.724530e+01 -2.700000e+01
      vertex  6.729033e+00 -2.948182e+01 -2.700000e+01
    endloop
  endfacet
  facet normal  0.000000e+00  0.000000e+00 -1.000000e+00
    outer loop
      vertex  2.150037e+01  1.714597e+01 -2.700000e+01
      vertex  1.714597e+01  2.150037e+01 -2.700000e+01
      vertex  2.364258e+01  1.885433e+01 -2.700000e+01
    endloop
  endfacet
  facet normal  0.000000e+00  0.000000e+00 -1.000000e+00
    outer loop
      vertex  2.364258e+01  1.885433e+01 -2.700000e+01
      vertex  1.714597e+01  2.150037e+01 -2.700000e+01
      vertex  1.193180e+01  2.477664e+01 -2.700000e+01
    endloop
  endfacet
  facet normal  0.000000e+00  0.000000e+00 -1.000000e+00
    outer loop
      vertex  2.364258e+01  1.885433e+01 -2.700000e+01
      vertex  1.193180e+01  2.477664e+01 -2.700000e+01
      vertex  1.885433e+01  2.364258e+01 -2.700000e+01
    endloop
  endfacet
  facet normal  0.000000e+00  0.000000e+00 -1.000000e+00
    outer loop
      vertex  1.885433e+01  2.364258e+01 -2.700000e+01
      vertex  1.193180e+01  2.477664e+01 -2.700000e+01
      vertex  6.119326e+00  2.681052e+01 -2.700000e+01
    endloop
  endfacet
  facet normal  0.000000e+00  0.000000e+00 -1.000000e+00
    outer loop
      vertex  1.885433e+01  2.364258e+01 -2.700000e+01
      vertex  6.119326e+00  2.681052e+01 -2.700000e+01
      vertex  1.312064e+01  2.724530e+01 -2.700000e+01
    endloop
  endfacet
  facet normal  0.000000e+00  -0.000000e+00 -1.000000e+00
    outer loop
      vertex  1.193180e+01 -2.477664e+01 -2.700000e+01
      vertex  1.714597e+01 -2.150037e+01 -2.700000e+01
      vertex  1.885433e+01 -2.364258e+01 -2.700000e+01
    endloop
  endfacet
  facet normal  0.000000e+00  0.000000e+00 -1.000000e+00
    outer loop
      vertex  1.885433e+01 -2.364258e+01 -2.700000e+01
      vertex  1.714597e+01 -2.150037e+01 -2.700000e+01
      vertex  2.150037e+01 -1.714597e+01 -2.700000e+01
    endloop
  endfacet
  facet normal  0.000000e+00  -0.000000e+00 -1.000000e+00
    outer loop
      vertex  1.885433e+01 -2.364258e+01 -2.700000e+01
      vertex  2.150037e+01 -1.714597e+01 -2.700000e+01
      vertex  2.364258e+01 -1.885433e+01 -2.700000e+01
    endloop
  endfacet
  facet normal  0.000000e+00  0.000000e+00 -1.000000e+00
    outer loop
      vertex  2.364258e+01 -1.885433e+01 -2.700000e+01
      vertex  2.150037e+01 -1.714597e+01 -2.700000e+01
      vertex  2.477664e+01 -1.193180e+01 -2.700000e+01
    endloop
  endfacet
  facet normal  0.000000e+00  -0.000000e+00 -1.000000e+00
    outer loop
      vertex  2.364258e+01 -1.885433e+01 -2.700000e+01
      vertex  2.477664e+01 -1.193180e+01 -2.700000e+01
      vertex  2.724530e+01 -1.312064e+01 -2.700000e+01
    endloop
  endfacet
  facet normal  0.000000e+00  0.000000e+00 -1.000000e+00
    outer loop
      vertex  2.724530e+01 -1.312064e+01 -2.700000e+01
      vertex  2.477664e+01 -1.193180e+01 -2.700000e+01
      vertex  2.681052e+01 -6.119326e+00 -2.700000e+01
    endloop
  endfacet
  facet normal  0.000000e+00  0.000000e+00 -1.000000e+00
    outer loop
      vertex  2.724530e+01 -1.312064e+01 -2.700000e+01
      vertex  2.681052e+01 -6.119326e+00 -2.700000e+01
      vertex  2.948182e+01 -6.729033e+00 -2.700000e+01
    endloop
  endfacet
  facet normal  0.000000e+00  0.000000e+00 -1.000000e+00
    outer loop
      vertex  2.948182e+01 -6.729033e+00 -2.700000e+01
      vertex  2.681052e+01 -6.119326e+00 -2.700000e+01
      vertex  2.750000e+01  0.000000e+00 -2.700000e+01
    endloop
  endfacet
  facet normal  0.000000e+00  0.000000e+00 -1.000000e+00
    outer loop
      vertex  2.948182e+01 -6.729033e+00 -2.700000e+01
      vertex  2.750000e+01  0.000000e+00 -2.700000e+01
      vertex  3.024000e+01  0.000000e+00 -2.700000e+01
    endloop
  endfacet
  facet normal  0.000000e+00  0.000000e+00 -1.000000e+00
    outer loop
      vertex  3.024000e+01  0.000000e+00 -2.700000e+01
      vertex  2.750000e+01  0.000000e+00 -2.700000e+01
      vertex  2.681052e+01  6.119326e+00 -2.700000e+01
    endloop
  endfacet
  facet normal  0.000000e+00  0.000000e+00 -1.000000e+00
    outer loop
      vertex  3.024000e+01  0.000000e+00 -2.700000e+01
      vertex  2.681052e+01  6.119326e+00 -2.700000e+01
      vertex  2.948182e+01  6.729033e+00 -2.700000e+01
    endloop
  endfacet
  facet normal  -0.000000e+00  0.000000e+00 -1.000000e+00
    outer loop
      vertex  2.948182e+01  6.729033e+00 -2.700000e+01
      vertex  2.681052e+01  6.119326e+00 -2.700000e+01
      vertex  2.477664e+01  1.193180e+01 -2.700000e+01
    endloop
  endfacet
  facet normal  0.000000e+00  0.000000e+00 -1.000000e+00
    outer loop
      vertex  2.948182e+01  6.729033e+00 -2.700000e+01
      vertex  2.477664e+01  1.193180e+01 -2.700000e+01
      vertex  2.724530e+01  1.312064e+01 -2.700000e+01
    endloop
  endfacet
  facet normal  -0.000000e+00  0.000000e+00 -1.000000e+00
    outer loop
      vertex  2.724530e+01  1.312064e+01 -2.700000e+01
      vertex  2.477664e+01  1.193180e+01 -2.700000e+01
      vertex  2.150037e+01  1.714597e+01 -2.700000e+01
    endloop
  endfacet
  facet normal  0.000000e+00  0.000000e+00 -1.000000e+00
    outer loop
      vertex  2.724530e+01  1.312064e+01 -2.700000e+01
      vertex  2.150037e+01  1.714597e+01 -2.700000e+01
      vertex  2.364258e+01  1.885433e+01 -2.700000e+01
    endloop
  endfacet
  facet normal  0.000000e+00  -0.000000e+00 -9.999999e-01
    outer loop
      vertex  1.126210e-12 -2.750000e+01 -2.700000e+01
      vertex  6.119326e+00 -2.681052e+01 -2.700000e+01
      vertex  1.312064e+01 -2.724530e+01 -2.700000e+01
    endloop
  endfacet
  facet normal  0.000000e+00  0.000000e+00 -1.000000e+00
    outer loop
      vertex  1.312064e+01 -2.724530e+01 -2.700000e+01
      vertex  6.119326e+00 -2.681052e+01 -2.700000e+01
      vertex  1.193180e+01 -2.477664e+01 -2.700000e+01
    endloop
  endfacet
  facet normal  0.000000e+00  0.000000e+00 -1.000000e+00
    outer loop
      vertex  1.312064e+01 -2.724530e+01 -2.700000e+01
      vertex  1.193180e+01 -2.477664e+01 -2.700000e+01
      vertex  1.885433e+01 -2.364258e+01 -2.700000e+01
    endloop
  endfacet
  facet normal  8.660253e-01 -4.999999e-01  0.000000e+00
    outer loop
      vertex -3.464102e+00  6.000000e+00 -1.700000e+01
      vertex -3.464102e+00  6.000000e+00 -1.200000e+01
      vertex -6.928203e+00  0.000000e+00 -1.700000e+01
    endloop
  endfacet
  facet normal  8.660253e-01 -4.999999e-01  9.155132e-17
    outer loop
      vertex -6.928203e+00  0.000000e+00 -1.700000e+01
      vertex -3.464102e+00  6.000000e+00 -1.200000e+01
      vertex -6.928203e+00  9.155133e-16 -1.200000e+01
    endloop
  endfacet
  facet normal  0.000000e+00 -1.000000e+00  -0.000000e+00
    outer loop
      vertex  3.464102e+00  6.000000e+00 -1.700000e+01
      vertex  3.464102e+00  6.000000e+00 -1.200000e+01
      vertex -3.464102e+00  6.000000e+00 -1.700000e+01
    endloop
  endfacet
  facet normal  0.000000e+00 -1.000000e+00  0.000000e+00
    outer loop
      vertex -3.464102e+00  6.000000e+00 -1.700000e+01
      vertex  3.464102e+00  6.000000e+00 -1.200000e+01
      vertex -3.464102e+00  6.000000e+00 -1.200000e+01
    endloop
  endfacet
  facet normal -8.660253e-01 -4.999999e-01  2.733497e-18
    outer loop
      vertex  6.928203e+00  0.000000e+00 -1.700000e+01
      vertex  6.928203e+00  2.733497e-17 -1.200000e+01
      vertex  3.464102e+00  6.000000e+00 -1.700000e+01
    endloop
  endfacet
  facet normal -8.660253e-01 -4.999999e-01  0.000000e+00
    outer loop
      vertex  3.464102e+00  6.000000e+00 -1.700000e+01
      vertex  6.928203e+00  2.733497e-17 -1.200000e+01
      vertex  3.464102e+00  6.000000e+00 -1.200000e+01
    endloop
  endfacet
  facet normal -8.660253e-01  4.999999e-01  0.000000e+00
    outer loop
      vertex  3.464102e+00 -6.000000e+00 -1.700000e+01
      vertex  3.464102e+00 -6.000000e+00 -1.200000e+01
      vertex  6.928203e+00  0.000000e+00 -1.700000e+01
    endloop
  endfacet
  facet normal -8.660253e-01  4.999999e-01 -2.733497e-18
    outer loop
      vertex  6.928203e+00  0.000000e+00 -1.700000e+01
      vertex  3.464102e+00 -6.000000e+00 -1.200000e+01
      vertex  6.928203e+00  2.733497e-17 -1.200000e+01
    endloop
  endfacet
  facet normal  0.000000e+00  1.000000e+00  0.000000e+00
    outer loop
      vertex -3.464102e+00 -6.000000e+00 -1.200000e+01
      vertex  3.464102e+00 -6.000000e+00 -1.200000e+01
      vertex -3.464102e+00 -6.000000e+00 -1.700000e+01
    endloop
  endfacet
  facet normal  0.000000e+00  1.000000e+00  0.000000e+00
    outer loop
      vertex -3.464102e+00 -6.000000e+00 -1.700000e+01
      vertex  3.464102e+00 -6.000000e+00 -1.200000e+01
      vertex  3.464102e+00 -6.000000e+00 -1.700000e+01
    endloop
  endfacet
  facet normal  8.660253e-01  4.999999e-01 -9.155132e-17
    outer loop
      vertex -6.928203e+00  0.000000e+00 -1.700000e+01
      vertex -6.928203e+00  9.155133e-16 -1.200000e+01
      vertex -3.464102e+00 -6.000000e+00 -1.700000e+01
    endloop
  endfacet
  facet normal  8.660253e-01  4.999999e-01  -0.000000e+00
    outer loop
      vertex -3.464102e+00 -6.000000e+00 -1.700000e+01
      vertex -6.928203e+00  9.155133e-16 -1.200000e+01
      vertex -3.464102e+00 -6.000000e+00 -1.200000e+01
    endloop
  endfacet
  facet normal  0.000000e+00  0.000000e+00 -1.000000e+00
    outer loop
      vertex -3.464102e+00 -6.000000e+00 -1.200000e+01
      vertex -6.928203e+00  9.155133e-16 -1.200000e+01
      vertex -1.500000e+00  1.836910e-16 -1.200000e+01
    endloop
  endfacet
  facet normal  0.000000e+00  -0.000000e+00 -1.000000e+00
    outer loop
      vertex -3.464102e+00 -6.000000e+00 -1.200000e+01
      vertex -1.500000e+00  1.836910e-16 -1.200000e+01
      vertex -1.299038e+00 -7.500000e-01 -1.200000e+01
    endloop
  endfacet
  facet normal  0.000000e+00  -0.000000e+00 -1.000000e+00
    outer loop
      vertex -3.464102e+00 -6.000000e+00 -1.200000e+01
      vertex -1.299038e+00 -7.500000e-01 -1.200000e+01
      vertex -7.500000e-01 -1.299038e+00 -1.200000e+01
    endloop
  endfacet
  facet normal  0.000000e+00  -0.000000e+00 -1.000000e+00
    outer loop
      vertex -3.464102e+00 -6.000000e+00 -1.200000e+01
      vertex -7.500000e-01 -1.299038e+00 -1.200000e+01
      vertex -1.607804e-15 -1.500000e+00 -1.200000e+01
    endloop
  endfacet
  facet normal  0.000000e+00  0.000000e+00 -9.999999e-01
    outer loop
      vertex  3.464102e+00 -6.000000e+00 -1.200000e+01
      vertex -3.464102e+00 -6.000000e+00 -1.200000e+01
      vertex -1.607804e-15 -1.500000e+00 -1.200000e+01
    endloop
  endfacet
  facet normal  0.000000e+00  0.000000e+00 -1.000000e+00
    outer loop
      vertex  3.464102e+00 -6.000000e+00 -1.200000e+01
      vertex -1.607804e-15 -1.500000e+00 -1.200000e+01
      vertex  6.174622e-01 -1.367019e+00 -1.200000e+01
    endloop
  endfacet
  facet normal  0.000000e+00  0.000000e+00 -1.000000e+00
    outer loop
      vertex  3.464102e+00 -6.000000e+00 -1.200000e+01
      vertex  6.174622e-01 -1.367019e+00 -1.200000e+01
      vertex  1.125443e+00 -9.916540e-01 -1.200000e+01
    endloop
  endfacet
  facet normal  0.000000e+00  0.000000e+00 -1.000000e+00
    outer loop
      vertex  3.464102e+00 -6.000000e+00 -1.200000e+01
      vertex  1.125443e+00 -9.916540e-01 -1.200000e+01
      vertex  1.500000e+00 -3.673819e-16 -1.200000e+01
    endloop
  endfacet
  facet normal  0.000000e+00  0.000000e+00 -1.000000e+00
    outer loop
      vertex  3.464102e+00 -6.000000e+00 -1.200000e+01
      vertex  1.500000e+00 -3.673819e-16 -1.200000e+01
      vertex  6.928203e+00  2.733497e-17 -1.200000e+01
    endloop
  endfacet
  facet normal  0.000000e+00  0.000000e+00 -1.000000e+00
    outer loop
      vertex  6.928203e+00  2.733497e-17 -1.200000e+01
      vertex  1.500000e+00 -3.673819e-16 -1.200000e+01
      vertex  1.060660e+00  1.060660e+00 -1.200000e+01
    endloop
  endfacet
  facet normal  0.000000e+00  0.000000e+00 -1.000000e+00
    outer loop
      vertex  6.928203e+00  2.733497e-17 -1.200000e+01
      vertex  1.060660e+00  1.060660e+00 -1.200000e+01
      vertex  9.184548e-17  1.500000e+00 -1.200000e+01
    endloop
  endfacet
  facet normal  0.000000e+00  0.000000e+00 -9.999999e-01
    outer loop
      vertex  6.928203e+00  2.733497e-17 -1.200000e+01
      vertex  9.184548e-17  1.500000e+00 -1.200000e+01
      vertex -3.464102e+00  6.000000e+00 -1.200000e+01
    endloop
  endfacet
  facet normal  0.000000e+00  0.000000e+00 -9.999999e-01
    outer loop
      vertex  6.928203e+00  2.733497e-17 -1.200000e+01
      vertex -3.464102e+00  6.000000e+00 -1.200000e+01
      vertex  3.464102e+00  6.000000e+00 -1.200000e+01
    endloop
  endfacet
  facet normal  -0.000000e+00  0.000000e+00 -1.000000e+00
    outer loop
      vertex -3.464102e+00  6.000000e+00 -1.200000e+01
      vertex  9.184548e-17  1.500000e+00 -1.200000e+01
      vertex -6.928203e+00  9.155133e-16 -1.200000e+01
    endloop
  endfacet
  facet normal  0.000000e+00  0.000000e+00 -1.000000e+00
    outer loop
      vertex -6.928203e+00  9.155133e-16 -1.200000e+01
      vertex  9.184548e-17  1.500000e+00 -1.200000e+01
      vertex -1.060660e+00  1.060660e+00 -1.200000e+01
    endloop
  endfacet
  facet normal  0.000000e+00  0.000000e+00 -1.000000e+00
    outer loop
      vertex -6.928203e+00  9.155133e-16 -1.200000e+01
      vertex -1.060660e+00  1.060660e+00 -1.200000e+01
      vertex -1.500000e+00  1.836910e-16 -1.200000e+01
    endloop
  endfacet
  facet normal  6.021581e-01  7.983769e-01  0.000000e+00
    outer loop
      vertex -1.703490e+01  1.392165e+01  1.691045e-10
      vertex -1.430022e+01  1.185907e+01 -4.715557e-15
      vertex -5.834199e+00  5.473766e+00 -6.413879e+00
    endloop
  endfacet
  facet normal  6.021579e-01  7.983772e-01 -4.912313e-07
    outer loop
      vertex -5.834199e+00  5.473766e+00 -6.413879e+00
      vertex -1.430022e+01  1.185907e+01 -4.715557e-15
      vertex -1.176655e+01  9.948112e+00 -4.548653e-01
    endloop
  endfacet
  facet normal  6.021580e-01  7.983770e-01 -2.912489e-07
    outer loop
      vertex -5.834199e+00  5.473766e+00 -6.413879e+00
      vertex -1.176655e+01  9.948112e+00 -4.548653e-01
      vertex -8.024332e+00  7.125627e+00 -3.332556e+00
    endloop
  endfacet
  facet normal  6.021731e-01  7.983654e-01  3.063994e-05
    outer loop
      vertex -8.024332e+00  7.125627e+00 -3.332556e+00
      vertex -1.176655e+01  9.948112e+00 -4.548653e-01
      vertex -9.877520e+00  8.523336e+00 -1.495796e+00
    endloop
  endfacet
  facet normal  6.021581e-01  7.983769e-01  -0.000000e+00
    outer loop
      vertex -5.834199e+00  5.473766e+00 -6.413879e+00
      vertex -5.834199e+00  5.473766e+00 -1.400000e+01
      vertex -1.703490e+01  1.392165e+01  1.691045e-10
    endloop
  endfacet
  facet normal  6.021581e-01  7.983769e-01  0.000000e+00
    outer loop
      vertex -1.703490e+01  1.392165e+01  1.691045e-10
      vertex -5.834199e+00  5.473766e+00 -1.400000e+01
      vertex -1.703490e+01  1.392165e+01 -1.400000e+01
    endloop
  endfacet
  facet normal -9.453783e-01 -3.259752e-01 -1.736362e-07
    outer loop
      vertex -7.976212e+00  2.050317e+01  1.691040e-10
      vertex -3.402995e+00  7.240140e+00 -6.413879e+00
      vertex -6.859648e+00  1.726497e+01 -6.511398e-15
    endloop
  endfacet
  facet normal -9.453784e-01 -3.259750e-01 -4.294295e-07
    outer loop
      vertex -6.859648e+00  1.726497e+01 -6.511398e-15
      vertex -3.402995e+00  7.240140e+00 -6.413879e+00
      vertex -5.823741e+00  1.426067e+01 -4.561401e-01
    endloop
  endfacet
  facet normal -9.453783e-01 -3.259753e-01 -1.458794e-07
    outer loop
      vertex -3.402995e+00  7.240140e+00 -6.413879e+00
      vertex -4.296839e+00  9.832425e+00 -3.333702e+00
      vertex -5.823741e+00  1.426067e+01 -4.561401e-01
    endloop
  endfacet
  facet normal -9.453723e-01 -3.259927e-01  2.982983e-05
    outer loop
      vertex -5.823741e+00  1.426067e+01 -4.561401e-01
      vertex -4.296839e+00  9.832425e+00 -3.333702e+00
      vertex -5.053858e+00  1.202793e+01 -1.495797e+00
    endloop
  endfacet
  facet normal -9.453783e-01 -3.259752e-01  0.000000e+00
    outer loop
      vertex -3.402995e+00  7.240140e+00 -6.413879e+00
      vertex -7.976212e+00  2.050317e+01  1.691040e-10
      vertex -3.402995e+00  7.240140e+00 -1.400000e+01
    endloop
  endfacet
  facet normal -9.453783e-01 -3.259753e-01  0.000000e+00
    outer loop
      vertex -3.402995e+00  7.240140e+00 -1.400000e+01
      vertex -7.976212e+00  2.050317e+01  1.691040e-10
      vertex -7.976212e+00  2.050317e+01 -1.400000e+01
    endloop
  endfacet
  facet normal  1.788198e-02  9.998401e-01  3.526988e-08
    outer loop
      vertex -2.196446e+01  1.249986e+00  1.691055e-10
      vertex -1.853971e+01  1.188735e+00 -3.549074e-15
      vertex -7.937366e+00  9.991139e-01 -6.413879e+00
    endloop
  endfacet
  facet normal  1.788172e-02  9.998401e-01 -3.993161e-07
    outer loop
      vertex -7.937366e+00  9.991139e-01 -6.413879e+00
      vertex -1.853971e+01  1.188735e+00 -3.549074e-15
      vertex -1.536894e+01  1.132027e+00 -4.542091e-01
    endloop
  endfacet
  facet normal  1.788181e-02  9.998401e-01 -2.909554e-07
    outer loop
      vertex -7.937366e+00  9.991139e-01 -6.413879e+00
      vertex -1.536894e+01  1.132027e+00 -4.542091e-01
      vertex -1.068129e+01  1.048189e+00 -3.331445e+00
    endloop
  endfacet
  facet normal  1.790061e-02  9.998397e-01  3.035159e-05
    outer loop
      vertex -1.068129e+01  1.048189e+00 -3.331445e+00
      vertex -1.536894e+01  1.132027e+00 -4.542091e-01
      vertex -1.300097e+01  1.089664e+00 -1.495796e+00
    endloop
  endfacet
  facet normal  1.788197e-02  9.998401e-01  -0.000000e+00
    outer loop
      vertex -7.937366e+00  9.991139e-01 -6.413879e+00
      vertex -7.937366e+00  9.991139e-01 -1.400000e+01
      vertex -2.196446e+01  1.249986e+00  1.691055e-10
    endloop
  endfacet
  facet normal  1.788197e-02  9.998401e-01  0.000000e+00
    outer loop
      vertex -2.196446e+01  1.249986e+00  1.691055e-10
      vertex -7.937366e+00  9.991139e-01 -1.400000e+01
      vertex -2.196446e+01  1.249986e+00 -1.400000e+01
    endloop
  endfacet
  facet normal -5.732235e-01 -8.193990e-01  0.000000e+00
    outer loop
      vertex -1.850435e+01  1.189911e+01  1.691047e-10
      vertex -7.008728e+00  3.857166e+00 -6.413879e+00
      vertex -1.569766e+01  9.935651e+00 -5.820355e-15
    endloop
  endfacet
  facet normal -5.732241e-01 -8.193986e-01 -8.599145e-07
    outer loop
      vertex -1.569766e+01  9.935651e+00 -5.820355e-15
      vertex -7.008728e+00  3.857166e+00 -6.413879e+00
      vertex -1.309845e+01  8.117326e+00 -4.544502e-01
    endloop
  endfacet
  facet normal -5.732237e-01 -8.193989e-01 -2.910478e-07
    outer loop
      vertex -7.008728e+00  3.857166e+00 -6.413879e+00
      vertex -9.257333e+00  5.430213e+00 -3.331596e+00
      vertex -1.309845e+01  8.117326e+00 -4.544502e-01
    endloop
  endfacet
  facet normal -5.732080e-01 -8.194099e-01  3.088075e-05
    outer loop
      vertex -1.309845e+01  8.117326e+00 -4.544502e-01
      vertex -9.257333e+00  5.430213e+00 -3.331596e+00
      vertex -1.115850e+01  6.760219e+00 -1.495797e+00
    endloop
  endfacet
  facet normal -5.732237e-01 -8.193990e-01  0.000000e+00
    outer loop
      vertex -7.008728e+00  3.857166e+00 -6.413879e+00
      vertex -1.850435e+01  1.189911e+01  1.691047e-10
      vertex -7.008728e+00  3.857166e+00 -1.400000e+01
    endloop
  endfacet
  facet normal -5.732237e-01 -8.193989e-01  0.000000e+00
    outer loop
      vertex -7.008728e+00  3.857166e+00 -1.400000e+01
      vertex -1.850435e+01  1.189911e+01  1.691047e-10
      vertex -1.850435e+01  1.189911e+01 -1.400000e+01
    endloop
  endfacet
  facet normal  9.453786e-01 -3.259743e-01 -4.340907e-08
    outer loop
      vertex  7.976199e+00  2.050318e+01 -6.816712e-15
      vertex  6.859639e+00  1.726497e+01 -6.511398e-15
      vertex  3.402995e+00  7.240140e+00 -6.413879e+00
    endloop
  endfacet
  facet normal  9.453785e-01 -3.259743e-01 -1.226941e-07
    outer loop
      vertex  3.402995e+00  7.240140e+00 -6.413879e+00
      vertex  6.859639e+00  1.726497e+01 -6.511398e-15
      vertex  5.823734e+00  1.426068e+01 -4.561400e-01
    endloop
  endfacet
  facet normal  9.453786e-01 -3.259741e-01 -4.376383e-07
    outer loop
      vertex  3.402995e+00  7.240140e+00 -6.413879e+00
      vertex  5.823734e+00  1.426068e+01 -4.561400e-01
      vertex  4.296837e+00  9.832426e+00 -3.333702e+00
    endloop
  endfacet
  facet normal  9.453725e-01 -3.259921e-01  3.069628e-05
    outer loop
      vertex  4.296837e+00  9.832426e+00 -3.333702e+00
      vertex  5.823734e+00  1.426068e+01 -4.561400e-01
      vertex  5.053853e+00  1.202794e+01 -1.495796e+00
    endloop
  endfacet
  facet normal  9.453786e-01 -3.259744e-01  0.000000e+00
    outer loop
      vertex  3.402995e+00  7.240140e+00 -6.413879e+00
      vertex  3.402995e+00  7.240140e+00 -1.400000e+01
      vertex  7.976199e+00  2.050318e+01 -6.816712e-15
    endloop
  endfacet
  facet normal  9.453787e-01 -3.259744e-01  0.000000e+00
    outer loop
      vertex  7.976199e+00  2.050318e+01 -6.816712e-15
      vertex  3.402995e+00  7.240140e+00 -1.400000e+01
      vertex  7.976199e+00  2.050318e+01 -1.400000e+01
    endloop
  endfacet
  facet normal -6.021591e-01  7.983761e-01  3.472727e-07
    outer loop
      vertex  1.703489e+01  1.392166e+01  1.691045e-10
      vertex  5.834199e+00  5.473766e+00 -6.413879e+00
      vertex  1.430021e+01  1.185908e+01 -6.001705e-15
    endloop
  endfacet
  facet normal -6.021589e-01  7.983762e-01  0.000000e+00
    outer loop
      vertex  1.430021e+01  1.185908e+01 -6.001705e-15
      vertex  5.834199e+00  5.473766e+00 -6.413879e+00
      vertex  1.176655e+01  9.948117e+00 -4.548654e-01
    endloop
  endfacet
  facet normal -6.021583e-01  7.983766e-01 -9.465583e-07
    outer loop
      vertex  5.834199e+00  5.473766e+00 -6.413879e+00
      vertex  8.024330e+00  7.125628e+00 -3.332556e+00
      vertex  1.176655e+01  9.948117e+00 -4.548654e-01
    endloop
  endfacet
  facet normal -6.021740e-01  7.983648e-01  3.113412e-05
    outer loop
      vertex  1.176655e+01  9.948117e+00 -4.548654e-01
      vertex  8.024330e+00  7.125628e+00 -3.332556e+00
      vertex  9.877516e+00  8.523339e+00 -1.495797e+00
    endloop
  endfacet
  facet normal -6.021589e-01  7.983762e-01  0.000000e+00
    outer loop
      vertex  5.834199e+00  5.473766e+00 -6.413879e+00
      vertex  1.703489e+01  1.392166e+01  1.691045e-10
      vertex  5.834199e+00  5.473766e+00 -1.400000e+01
    endloop
  endfacet
  facet normal -6.021589e-01  7.983763e-01  0.000000e+00
    outer loop
      vertex  5.834199e+00  5.473766e+00 -1.400000e+01
      vertex  1.703489e+01  1.392166e+01  1.691045e-10
      vertex  1.703489e+01  1.392166e+01 -1.400000e+01
    endloop
  endfacet
  facet normal  9.564304e-01  2.919607e-01  2.604543e-07
    outer loop
      vertex -5.598584e+00  2.127571e+01  1.691039e-10
      vertex -4.598530e+00  1.799965e+01 -5.540140e-15
      vertex -1.502567e+00  7.857626e+00 -6.413879e+00
    endloop
  endfacet
  facet normal  9.564302e-01  2.919611e-01 -3.676654e-07
    outer loop
      vertex -1.502567e+00  7.857626e+00 -6.413879e+00
      vertex -4.598530e+00  1.799965e+01 -5.540140e-15
      vertex -3.669156e+00  1.495513e+01 -4.577081e-01
    endloop
  endfacet
  facet normal  9.564302e-01  2.919612e-01 -2.924889e-07
    outer loop
      vertex -1.502567e+00  7.857626e+00 -6.413879e+00
      vertex -3.669156e+00  1.495513e+01 -4.577081e-01
      vertex -2.302217e+00  1.047719e+01 -3.336804e+00
    endloop
  endfacet
  facet normal  9.564357e-01  2.919427e-01  3.060672e-05
    outer loop
      vertex -2.302217e+00  1.047719e+01 -3.336804e+00
      vertex -3.669156e+00  1.495513e+01 -4.577081e-01
      vertex -2.981190e+00  1.270138e+01 -1.495796e+00
    endloop
  endfacet
  facet normal  9.564303e-01  2.919608e-01  -0.000000e+00
    outer loop
      vertex -1.502567e+00  7.857626e+00 -6.413879e+00
      vertex -1.502567e+00  7.857626e+00 -1.400000e+01
      vertex -5.598584e+00  2.127571e+01  1.691039e-10
    endloop
  endfacet
  facet normal  9.564302e-01  2.919608e-01  0.000000e+00
    outer loop
      vertex -5.598584e+00  2.127571e+01  1.691039e-10
      vertex -1.502567e+00  7.857626e+00 -1.400000e+01
      vertex -5.598584e+00  2.127571e+01 -1.400000e+01
    endloop
  endfacet
  facet normal -9.564306e-01  2.919597e-01  1.736363e-07
    outer loop
      vertex  5.598571e+00  2.127571e+01  1.691039e-10
      vertex  1.502567e+00  7.857626e+00 -6.413879e+00
      vertex  4.598520e+00  1.799965e+01 -6.580668e-15
    endloop
  endfacet
  facet normal -9.564304e-01  2.919601e-01 -4.289427e-07
    outer loop
      vertex  4.598520e+00  1.799965e+01 -6.580668e-15
      vertex  1.502567e+00  7.857626e+00 -6.413879e+00
      vertex  3.669149e+00  1.495513e+01 -4.577081e-01
    endloop
  endfacet
  facet normal -9.564305e-01  2.919601e-01 -4.387333e-07
    outer loop
      vertex  1.502567e+00  7.857626e+00 -6.413879e+00
      vertex  2.302214e+00  1.047719e+01 -3.336804e+00
      vertex  3.669149e+00  1.495513e+01 -4.577081e-01
    endloop
  endfacet
  facet normal -9.564361e-01  2.919419e-01  3.073063e-05
    outer loop
      vertex  3.669149e+00  1.495513e+01 -4.577081e-01
      vertex  2.302214e+00  1.047719e+01 -3.336804e+00
      vertex  2.981185e+00  1.270138e+01 -1.495797e+00
    endloop
  endfacet
  facet normal -9.564306e-01  2.919599e-01  0.000000e+00
    outer loop
      vertex  1.502567e+00  7.857626e+00 -6.413879e+00
      vertex  5.598571e+00  2.127571e+01  1.691039e-10
      vertex  1.502567e+00  7.857626e+00 -1.400000e+01
    endloop
  endfacet
  facet normal -9.564306e-01  2.919599e-01  0.000000e+00
    outer loop
      vertex  1.502567e+00  7.857626e+00 -1.400000e+01
      vertex  5.598571e+00  2.127571e+01  1.691039e-10
      vertex  5.598571e+00  2.127571e+01 -1.400000e+01
    endloop
  endfacet
  facet normal -9.564304e-01 -2.919607e-01  2.604543e-07
    outer loop
      vertex  5.598584e+00 -2.127571e+01 -2.877597e-15
      vertex  4.598530e+00 -1.799965e+01 -3.186480e-15
      vertex  1.502567e+00 -7.857626e+00 -6.413879e+00
    endloop
  endfacet
  facet normal -9.564302e-01 -2.919611e-01 -3.676654e-07
    outer loop
      vertex  1.502567e+00 -7.857626e+00 -6.413879e+00
      vertex  4.598530e+00 -1.799965e+01 -3.186480e-15
      vertex  3.669156e+00 -1.495513e+01 -4.577081e-01
    endloop
  endfacet
  facet normal -9.564302e-01 -2.919612e-01 -2.924889e-07
    outer loop
      vertex  1.502567e+00 -7.857626e+00 -6.413879e+00
      vertex  3.669156e+00 -1.495513e+01 -4.577081e-01
      vertex  2.302217e+00 -1.047719e+01 -3.336804e+00
    endloop
  endfacet
  facet normal -9.564357e-01 -2.919427e-01  3.060672e-05
    outer loop
      vertex  2.302217e+00 -1.047719e+01 -3.336804e+00
      vertex  3.669156e+00 -1.495513e+01 -4.577081e-01
      vertex  2.981190e+00 -1.270138e+01 -1.495796e+00
    endloop
  endfacet
  facet normal -9.564303e-01 -2.919608e-01  0.000000e+00
    outer loop
      vertex  1.502567e+00 -7.857626e+00 -6.413879e+00
      vertex  1.502567e+00 -7.857626e+00 -1.400000e+01
      vertex  5.598584e+00 -2.127571e+01 -2.877597e-15
    endloop
  endfacet
  facet normal -9.564302e-01 -2.919608e-01  -0.000000e+00
    outer loop
      vertex  5.598584e+00 -2.127571e+01 -2.877597e-15
      vertex  1.502567e+00 -7.857626e+00 -1.400000e+01
      vertex  5.598584e+00 -2.127571e+01 -1.400000e+01
    endloop
  endfacet
  facet normal  9.564306e-01 -2.919597e-01  1.736363e-07
    outer loop
      vertex -5.598571e+00 -2.127571e+01  1.691073e-10
      vertex -1.502567e+00 -7.857626e+00 -6.413879e+00
      vertex -4.598520e+00 -1.799965e+01 -3.186480e-15
    endloop
  endfacet
  facet normal  9.564305e-01 -2.919601e-01 -4.289427e-07
    outer loop
      vertex -4.598520e+00 -1.799965e+01 -3.186480e-15
      vertex -1.502567e+00 -7.857626e+00 -6.413879e+00
      vertex -3.669149e+00 -1.495513e+01 -4.577082e-01
    endloop
  endfacet
  facet normal  9.564305e-01 -2.919601e-01 -4.387333e-07
    outer loop
      vertex -1.502567e+00 -7.857626e+00 -6.413879e+00
      vertex -2.302214e+00 -1.047719e+01 -3.336804e+00
      vertex -3.669149e+00 -1.495513e+01 -4.577082e-01
    endloop
  endfacet
  facet normal  9.564361e-01 -2.919419e-01  3.073063e-05
    outer loop
      vertex -3.669149e+00 -1.495513e+01 -4.577082e-01
      vertex -2.302214e+00 -1.047719e+01 -3.336804e+00
      vertex -2.981185e+00 -1.270138e+01 -1.495797e+00
    endloop
  endfacet
  facet normal  9.564306e-01 -2.919599e-01  0.000000e+00
    outer loop
      vertex -1.502567e+00 -7.857626e+00 -6.413879e+00
      vertex -5.598571e+00 -2.127571e+01  1.691073e-10
      vertex -1.502567e+00 -7.857626e+00 -1.400000e+01
    endloop
  endfacet
  facet normal  9.564306e-01 -2.919599e-01  0.000000e+00
    outer loop
      vertex -1.502567e+00 -7.857626e+00 -1.400000e+01
      vertex -5.598571e+00 -2.127571e+01  1.691073e-10
      vertex -5.598571e+00 -2.127571e+01 -1.400000e+01
    endloop
  endfacet
  facet normal -1.788198e-02 -9.998401e-01  3.526988e-08
    outer loop
      vertex  2.196446e+01 -1.249986e+00 -4.765719e-15
      vertex  1.853971e+01 -1.188735e+00 -4.771494e-15
      vertex  7.937366e+00 -9.991139e-01 -6.413879e+00
    endloop
  endfacet
  facet normal -1.788172e-02 -9.998401e-01 -3.993161e-07
    outer loop
      vertex  7.937366e+00 -9.991139e-01 -6.413879e+00
      vertex  1.853971e+01 -1.188735e+00 -4.771494e-15
      vertex  1.536894e+01 -1.132027e+00 -4.542090e-01
    endloop
  endfacet
  facet normal -1.788181e-02 -9.998401e-01 -2.909554e-07
    outer loop
      vertex  7.937366e+00 -9.991139e-01 -6.413879e+00
      vertex  1.536894e+01 -1.132027e+00 -4.542090e-01
      vertex  1.068129e+01 -1.048189e+00 -3.331445e+00
    endloop
  endfacet
  facet normal -1.790061e-02 -9.998397e-01  3.035159e-05
    outer loop
      vertex  1.068129e+01 -1.048189e+00 -3.331445e+00
      vertex  1.536894e+01 -1.132027e+00 -4.542090e-01
      vertex  1.300097e+01 -1.089664e+00 -1.495796e+00
    endloop
  endfacet
  facet normal -1.788197e-02 -9.998401e-01  0.000000e+00
    outer loop
      vertex  7.937366e+00 -9.991139e-01 -6.413879e+00
      vertex  7.937366e+00 -9.991139e-01 -1.400000e+01
      vertex  2.196446e+01 -1.249986e+00 -4.765719e-15
    endloop
  endfacet
  facet normal -1.788197e-02 -9.998401e-01  -0.000000e+00
    outer loop
      vertex  2.196446e+01 -1.249986e+00 -4.765719e-15
      vertex  7.937366e+00 -9.991139e-01 -1.400000e+01
      vertex  2.196446e+01 -1.249986e+00 -1.400000e+01
    endloop
  endfacet
  facet normal  5.732235e-01  8.193990e-01  0.000000e+00
    outer loop
      vertex  1.850435e+01 -1.189911e+01  1.691066e-10
      vertex  7.008728e+00 -3.857166e+00 -6.413879e+00
      vertex  1.569766e+01 -9.935651e+00 -3.946793e-15
    endloop
  endfacet
  facet normal  5.732241e-01  8.193986e-01 -8.599145e-07
    outer loop
      vertex  1.569766e+01 -9.935651e+00 -3.946793e-15
      vertex  7.008728e+00 -3.857166e+00 -6.413879e+00
      vertex  1.309845e+01 -8.117326e+00 -4.544501e-01
    endloop
  endfacet
  facet normal  5.732237e-01  8.193989e-01 -2.910478e-07
    outer loop
      vertex  7.008728e+00 -3.857166e+00 -6.413879e+00
      vertex  9.257333e+00 -5.430213e+00 -3.331596e+00
      vertex  1.309845e+01 -8.117326e+00 -4.544501e-01
    endloop
  endfacet
  facet normal  5.732080e-01  8.194099e-01  3.088075e-05
    outer loop
      vertex  1.309845e+01 -8.117326e+00 -4.544501e-01
      vertex  9.257333e+00 -5.430213e+00 -3.331596e+00
      vertex  1.115850e+01 -6.760219e+00 -1.495797e+00
    endloop
  endfacet
  facet normal  5.732237e-01  8.193990e-01  0.000000e+00
    outer loop
      vertex  7.008728e+00 -3.857166e+00 -6.413879e+00
      vertex  1.850435e+01 -1.189911e+01  1.691066e-10
      vertex  7.008728e+00 -3.857166e+00 -1.400000e+01
    endloop
  endfacet
  facet normal  5.732237e-01  8.193989e-01  0.000000e+00
    outer loop
      vertex  7.008728e+00 -3.857166e+00 -1.400000e+01
      vertex  1.850435e+01 -1.189911e+01  1.691066e-10
      vertex  1.850435e+01 -1.189911e+01 -1.400000e+01
    endloop
  endfacet
  facet normal -6.021581e-01 -7.983769e-01  0.000000e+00
    outer loop
      vertex  1.703490e+01 -1.392165e+01 -3.570974e-15
      vertex  1.430022e+01 -1.185907e+01 -3.765443e-15
      vertex  5.834199e+00 -5.473766e+00 -6.413879e+00
    endloop
  endfacet
  facet normal -6.021579e-01 -7.983772e-01 -4.912313e-07
    outer loop
      vertex  5.834199e+00 -5.473766e+00 -6.413879e+00
      vertex  1.430022e+01 -1.185907e+01 -3.765443e-15
      vertex  1.176655e+01 -9.948112e+00 -4.548653e-01
    endloop
  endfacet
  facet normal -6.021579e-01 -7.983770e-01 -2.912488e-07
    outer loop
      vertex  5.834199e+00 -5.473766e+00 -6.413879e+00
      vertex  1.176655e+01 -9.948112e+00 -4.548653e-01
      vertex  8.024332e+00 -7.125627e+00 -3.332556e+00
    endloop
  endfacet
  facet normal -6.021731e-01 -7.983656e-01  3.063994e-05
    outer loop
      vertex  8.024332e+00 -7.125627e+00 -3.332556e+00
      vertex  1.176655e+01 -9.948112e+00 -4.548653e-01
      vertex  9.877520e+00 -8.523336e+00 -1.495796e+00
    endloop
  endfacet
  facet normal -6.021581e-01 -7.983769e-01  0.000000e+00
    outer loop
      vertex  5.834199e+00 -5.473766e+00 -6.413879e+00
      vertex  5.834199e+00 -5.473766e+00 -1.400000e+01
      vertex  1.703490e+01 -1.392165e+01 -3.570974e-15
    endloop
  endfacet
  facet normal -6.021581e-01 -7.983769e-01  -0.000000e+00
    outer loop
      vertex  1.703490e+01 -1.392165e+01 -3.570974e-15
      vertex  5.834199e+00 -5.473766e+00 -1.400000e+01
      vertex  1.703490e+01 -1.392165e+01 -1.400000e+01
    endloop
  endfacet
  facet normal  9.453783e-01  3.259752e-01 -1.736362e-07
    outer loop
      vertex  7.976212e+00 -2.050317e+01  1.691072e-10
      vertex  3.402995e+00 -7.240140e+00 -6.413879e+00
      vertex  6.859648e+00 -1.726497e+01 -3.255749e-15
    endloop
  endfacet
  facet normal  9.453785e-01  3.259750e-01 -4.294295e-07
    outer loop
      vertex  6.859648e+00 -1.726497e+01 -3.255749e-15
      vertex  3.402995e+00 -7.240140e+00 -6.413879e+00
      vertex  5.823741e+00 -1.426067e+01 -4.561400e-01
    endloop
  endfacet
  facet normal  9.453783e-01  3.259753e-01 -1.458794e-07
    outer loop
      vertex  3.402995e+00 -7.240140e+00 -6.413879e+00
      vertex  4.296839e+00 -9.832425e+00 -3.333702e+00
      vertex  5.823741e+00 -1.426067e+01 -4.561400e-01
    endloop
  endfacet
  facet normal  9.453722e-01  3.259927e-01  2.982983e-05
    outer loop
      vertex  5.823741e+00 -1.426067e+01 -4.561400e-01
      vertex  4.296839e+00 -9.832425e+00 -3.333702e+00
      vertex  5.053858e+00 -1.202793e+01 -1.495797e+00
    endloop
  endfacet
  facet normal  9.453783e-01  3.259752e-01  0.000000e+00
    outer loop
      vertex  3.402995e+00 -7.240140e+00 -6.413879e+00
      vertex  7.976212e+00 -2.050317e+01  1.691072e-10
      vertex  3.402995e+00 -7.240140e+00 -1.400000e+01
    endloop
  endfacet
  facet normal  9.453783e-01  3.259753e-01  0.000000e+00
    outer loop
      vertex  3.402995e+00 -7.240140e+00 -1.400000e+01
      vertex  7.976212e+00 -2.050317e+01  1.691072e-10
      vertex  7.976212e+00 -2.050317e+01 -1.400000e+01
    endloop
  endfacet
  facet normal -5.732245e-01  8.193983e-01  0.000000e+00
    outer loop
      vertex -1.850434e+01 -1.189913e+01  1.691066e-10
      vertex -1.569766e+01 -9.935659e+00 -3.277324e-15
      vertex -7.008728e+00 -3.857166e+00 -6.413879e+00
    endloop
  endfacet
  facet normal -5.732248e-01  8.193982e-01 -4.913798e-07
    outer loop
      vertex -7.008728e+00 -3.857166e+00 -6.413879e+00
      vertex -1.569766e+01 -9.935659e+00 -3.277324e-15
      vertex -1.309844e+01 -8.117332e+00 -4.544501e-01
    endloop
  endfacet
  facet normal -5.732244e-01  8.193984e-01 -2.910478e-07
    outer loop
      vertex -7.008728e+00 -3.857166e+00 -6.413879e+00
      vertex -1.309844e+01 -8.117332e+00 -4.544501e-01
      vertex -9.257332e+00 -5.430216e+00 -3.331596e+00
    endloop
  endfacet
  facet normal -5.732092e-01  8.194091e-01  3.038667e-05
    outer loop
      vertex -9.257332e+00 -5.430216e+00 -3.331596e+00
      vertex -1.309844e+01 -8.117332e+00 -4.544501e-01
      vertex -1.115850e+01 -6.760223e+00 -1.495796e+00
    endloop
  endfacet
  facet normal -5.732245e-01  8.193984e-01  0.000000e+00
    outer loop
      vertex -7.008728e+00 -3.857166e+00 -6.413879e+00
      vertex -7.008728e+00 -3.857166e+00 -1.400000e+01
      vertex -1.850434e+01 -1.189913e+01  1.691066e-10
    endloop
  endfacet
  facet normal -5.732245e-01  8.193984e-01  0.000000e+00
    outer loop
      vertex -1.850434e+01 -1.189913e+01  1.691066e-10
      vertex -7.008728e+00 -3.857166e+00 -1.400000e+01
      vertex -1.850434e+01 -1.189913e+01 -1.400000e+01
    endloop
  endfacet
  facet normal  1.788295e-02 -9.998401e-01 -4.340906e-08
    outer loop
      vertex -2.196446e+01 -1.250000e+00  1.691057e-10
      vertex -7.937366e+00 -9.991139e-01 -6.413879e+00
      vertex -1.853971e+01 -1.188745e+00 -4.771493e-15
    endloop
  endfacet
  facet normal  1.788279e-02 -9.998401e-01 -2.918080e-07
    outer loop
      vertex -1.853971e+01 -1.188745e+00 -4.771493e-15
      vertex -7.937366e+00 -9.991139e-01 -6.413879e+00
      vertex -1.536893e+01 -1.132034e+00 -4.542091e-01
    endloop
  endfacet
  facet normal  1.788270e-02 -9.998400e-01 -4.068829e-07
    outer loop
      vertex -7.937366e+00 -9.991139e-01 -6.413879e+00
      vertex -1.068129e+01 -1.048192e+00 -3.331446e+00
      vertex -1.536893e+01 -1.132034e+00 -4.542091e-01
    endloop
  endfacet
  facet normal  1.790157e-02 -9.998397e-01  3.033620e-05
    outer loop
      vertex -1.536893e+01 -1.132034e+00 -4.542091e-01
      vertex -1.068129e+01 -1.048192e+00 -3.331446e+00
      vertex -1.300097e+01 -1.089669e+00 -1.495797e+00
    endloop
  endfacet
  facet normal  1.788296e-02 -9.998402e-01  0.000000e+00
    outer loop
      vertex -7.937366e+00 -9.991139e-01 -6.413879e+00
      vertex -2.196446e+01 -1.250000e+00  1.691057e-10
      vertex -7.937366e+00 -9.991139e-01 -1.400000e+01
    endloop
  endfacet
  facet normal  1.788296e-02 -9.998401e-01  0.000000e+00
    outer loop
      vertex -7.937366e+00 -9.991139e-01 -1.400000e+01
      vertex -2.196446e+01 -1.250000e+00  1.691057e-10
      vertex -2.196446e+01 -1.250000e+00 -1.400000e+01
    endloop
  endfacet
  facet normal -9.453786e-01  3.259743e-01 -4.340907e-08
    outer loop
      vertex -7.976199e+00 -2.050318e+01  1.691072e-10
      vertex -6.859639e+00 -1.726497e+01 -1.824193e-15
      vertex -3.402995e+00 -7.240140e+00 -6.413879e+00
    endloop
  endfacet
  facet normal -9.453785e-01  3.259743e-01 -1.226941e-07
    outer loop
      vertex -3.402995e+00 -7.240140e+00 -6.413879e+00
      vertex -6.859639e+00 -1.726497e+01 -1.824193e-15
      vertex -5.823734e+00 -1.426068e+01 -4.561400e-01
    endloop
  endfacet
  facet normal -9.453786e-01  3.259741e-01 -4.376383e-07
    outer loop
      vertex -3.402995e+00 -7.240140e+00 -6.413879e+00
      vertex -5.823734e+00 -1.426068e+01 -4.561400e-01
      vertex -4.296837e+00 -9.832426e+00 -3.333702e+00
    endloop
  endfacet
  facet normal -9.453725e-01  3.259921e-01  3.069628e-05
    outer loop
      vertex -4.296837e+00 -9.832426e+00 -3.333702e+00
      vertex -5.823734e+00 -1.426068e+01 -4.561400e-01
      vertex -5.053853e+00 -1.202794e+01 -1.495796e+00
    endloop
  endfacet
  facet normal -9.453786e-01  3.259744e-01  0.000000e+00
    outer loop
      vertex -3.402995e+00 -7.240140e+00 -6.413879e+00
      vertex -3.402995e+00 -7.240140e+00 -1.400000e+01
      vertex -7.976199e+00 -2.050318e+01  1.691072e-10
    endloop
  endfacet
  facet normal -9.453787e-01  3.259744e-01  0.000000e+00
    outer loop
      vertex -7.976199e+00 -2.050318e+01  1.691072e-10
      vertex -3.402995e+00 -7.240140e+00 -1.400000e+01
      vertex -7.976199e+00 -2.050318e+01 -1.400000e+01
    endloop
  endfacet
  facet normal  6.021591e-01 -7.983761e-01  3.472727e-07
    outer loop
      vertex -1.703489e+01 -1.392166e+01  1.691067e-10
      vertex -5.834199e+00 -5.473766e+00 -6.413879e+00
      vertex -1.430021e+01 -1.185908e+01 -3.765442e-15
    endloop
  endfacet
  facet normal  6.021589e-01 -7.983762e-01  0.000000e+00
    outer loop
      vertex -1.430021e+01 -1.185908e+01 -3.765442e-15
      vertex -5.834199e+00 -5.473766e+00 -6.413879e+00
      vertex -1.176655e+01 -9.948117e+00 -4.548654e-01
    endloop
  endfacet
  facet normal  6.021583e-01 -7.983766e-01 -9.465583e-07
    outer loop
      vertex -5.834199e+00 -5.473766e+00 -6.413879e+00
      vertex -8.024330e+00 -7.125628e+00 -3.332556e+00
      vertex -1.176655e+01 -9.948117e+00 -4.548654e-01
    endloop
  endfacet
  facet normal  6.021740e-01 -7.983648e-01  3.113412e-05
    outer loop
      vertex -1.176655e+01 -9.948117e+00 -4.548654e-01
      vertex -8.024330e+00 -7.125628e+00 -3.332556e+00
      vertex -9.877516e+00 -8.523339e+00 -1.495797e+00
    endloop
  endfacet
  facet normal  6.021589e-01 -7.983762e-01  0.000000e+00
    outer loop
      vertex -5.834199e+00 -5.473766e+00 -6.413879e+00
      vertex -1.703489e+01 -1.392166e+01  1.691067e-10
      vertex -5.834199e+00 -5.473766e+00 -1.400000e+01
    endloop
  endfacet
  facet normal  6.021589e-01 -7.983763e-01  0.000000e+00
    outer loop
      vertex -5.834199e+00 -5.473766e+00 -1.400000e+01
      vertex -1.703489e+01 -1.392166e+01  1.691067e-10
      vertex -1.703489e+01 -1.392166e+01 -1.400000e+01
    endloop
  endfacet
  facet normal  5.732245e-01 -8.193983e-01  0.000000e+00
    outer loop
      vertex  1.850434e+01  1.189913e+01 -6.005481e-15
      vertex  1.569766e+01  9.935659e+00 -5.820356e-15
      vertex  7.008728e+00  3.857166e+00 -6.413879e+00
    endloop
  endfacet
  facet normal  5.732248e-01 -8.193982e-01 -4.913798e-07
    outer loop
      vertex  7.008728e+00  3.857166e+00 -6.413879e+00
      vertex  1.569766e+01  9.935659e+00 -5.820356e-15
      vertex  1.309844e+01  8.117332e+00 -4.544501e-01
    endloop
  endfacet
  facet normal  5.732244e-01 -8.193984e-01 -2.910478e-07
    outer loop
      vertex  7.008728e+00  3.857166e+00 -6.413879e+00
      vertex  1.309844e+01  8.117332e+00 -4.544501e-01
      vertex  9.257332e+00  5.430216e+00 -3.331596e+00
    endloop
  endfacet
  facet normal  5.732092e-01 -8.194091e-01  3.038667e-05
    outer loop
      vertex  9.257332e+00  5.430216e+00 -3.331596e+00
      vertex  1.309844e+01  8.117332e+00 -4.544501e-01
      vertex  1.115850e+01  6.760223e+00 -1.495796e+00
    endloop
  endfacet
  facet normal  5.732245e-01 -8.193984e-01  0.000000e+00
    outer loop
      vertex  7.008728e+00  3.857166e+00 -6.413879e+00
      vertex  7.008728e+00  3.857166e+00 -1.400000e+01
      vertex  1.850434e+01  1.189913e+01 -6.005481e-15
    endloop
  endfacet
  facet normal  5.732245e-01 -8.193984e-01  0.000000e+00
    outer loop
      vertex  1.850434e+01  1.189913e+01 -6.005481e-15
      vertex  7.008728e+00  3.857166e+00 -1.400000e+01
      vertex  1.850434e+01  1.189913e+01 -1.400000e+01
    endloop
  endfacet
  facet normal -1.788295e-02  9.998401e-01 -4.340906e-08
    outer loop
      vertex  2.196446e+01  1.250000e+00  1.691055e-10
      vertex  7.937366e+00  9.991139e-01 -6.413879e+00
      vertex  1.853971e+01  1.188745e+00 -4.995655e-15
    endloop
  endfacet
  facet normal -1.788279e-02  9.998401e-01 -2.918080e-07
    outer loop
      vertex  1.853971e+01  1.188745e+00 -4.995655e-15
      vertex  7.937366e+00  9.991139e-01 -6.413879e+00
      vertex  1.536893e+01  1.132034e+00 -4.542091e-01
    endloop
  endfacet
  facet normal -1.788270e-02  9.998400e-01 -4.068829e-07
    outer loop
      vertex  7.937366e+00  9.991139e-01 -6.413879e+00
      vertex  1.068129e+01  1.048192e+00 -3.331446e+00
      vertex  1.536893e+01  1.132034e+00 -4.542091e-01
    endloop
  endfacet
  facet normal -1.790157e-02  9.998397e-01  3.033620e-05
    outer loop
      vertex  1.536893e+01  1.132034e+00 -4.542091e-01
      vertex  1.068129e+01  1.048192e+00 -3.331446e+00
      vertex  1.300097e+01  1.089669e+00 -1.495797e+00
    endloop
  endfacet
  facet normal -1.788296e-02  9.998402e-01  0.000000e+00
    outer loop
      vertex  7.937366e+00  9.991139e-01 -6.413879e+00
      vertex  2.196446e+01  1.250000e+00  1.691055e-10
      vertex  7.937366e+00  9.991139e-01 -1.400000e+01
    endloop
  endfacet
  facet normal -1.788296e-02  9.998401e-01  0.000000e+00
    outer loop
      vertex  7.937366e+00  9.991139e-01 -1.400000e+01
      vertex  2.196446e+01  1.250000e+00  1.691055e-10
      vertex  2.196446e+01  1.250000e+00 -1.400000e+01
    endloop
  endfacet
  facet normal -7.752333e-01 -4.625633e-01  4.301727e-01
    outer loop
      vertex  9.877520e+00 -8.523336e+00 -1.495796e+00
      vertex  8.583760e+00 -7.491282e+00 -2.717573e+00
      vertex  8.024332e+00 -7.125627e+00 -3.332556e+00
    endloop
  endfacet
  facet normal -8.815173e-02  1.437650e-01  9.856779e-01
    outer loop
      vertex  3.159681e+00 -4.212908e+00 -9.048270e+00
      vertex  2.113731e+00 -3.653331e+00 -9.223429e+00
      vertex  2.321769e+00 -4.726686e+00 -9.048270e+00
    endloop
  endfacet
  facet normal -1.652590e-01 -2.065739e-02  9.860338e-01
    outer loop
      vertex  5.104100e+00  1.296279e+00 -9.048270e+00
      vertex  4.220744e+00  2.327527e-03 -9.223429e+00
      vertex  5.266135e+00 -1.139387e-12 -9.048270e+00
    endloop
  endfacet
  facet normal -7.752367e-01  4.625366e-01  4.301955e-01
    outer loop
      vertex  9.877516e+00  8.523339e+00 -1.495797e+00
      vertex  8.024330e+00  7.125628e+00 -3.332556e+00
      vertex  8.583760e+00  7.491282e+00 -2.717573e+00
    endloop
  endfacet
  facet normal -3.915378e-01 -6.385522e-01  6.625324e-01
    outer loop
      vertex  4.702282e+00  6.472136e+00 -6.413879e+00
      vertex  2.905866e+00  5.915800e+00 -8.011710e+00
      vertex  3.954576e+00  5.272768e+00 -8.011710e+00
    endloop
  endfacet
  facet normal -1.386975e-01 -9.565344e-02  9.857045e-01
    outer loop
      vertex  3.967636e+00  3.462664e+00 -9.048270e+00
      vertex  3.654496e+00  2.111716e+00 -9.223429e+00
      vertex  4.646589e+00  2.478181e+00 -9.048270e+00
    endloop
  endfacet
  facet normal  2.968349e-02 -3.903866e-01  9.201723e-01
    outer loop
      vertex  1.605169e-15  5.663187e+00 -8.836397e+00
      vertex  8.812476e-16  4.838500e+00 -9.186274e+00
      vertex  7.113296e-01  5.217872e+00 -9.048270e+00
    endloop
  endfacet
  facet normal -5.082282e-02  7.490572e-01  6.605530e-01
    outer loop
      vertex -1.959370e-15 -8.000000e+00 -6.413879e+00
      vertex  8.902819e-01 -6.530555e+00 -8.011710e+00
      vertex -1.875038e-15 -6.590960e+00 -8.011710e+00
    endloop
  endfacet
  facet normal  2.968349e-02  3.903866e-01  9.201723e-01
    outer loop
      vertex  7.113296e-01 -5.217872e+00 -9.048270e+00
      vertex -1.800371e-16 -4.838500e+00 -9.186274e+00
      vertex -6.303119e-16 -5.663187e+00 -8.836397e+00
    endloop
  endfacet
  facet normal -1.568394e-01  9.984012e-02  9.825647e-01
    outer loop
      vertex  4.598530e+00 -1.799965e+01 -3.186480e-15
      vertex  4.656065e+00 -1.565306e+01 -2.292574e-01
      vertex  3.669156e+00 -1.495513e+01 -4.577081e-01
    endloop
  endfacet
  facet normal -1.283897e-01  7.967460e-01  5.905184e-01
    outer loop
      vertex  8.583760e+00 -7.491282e+00 -2.717573e+00
      vertex  6.746119e+00 -5.887522e+00 -5.280951e+00
      vertex  8.024332e+00 -7.125627e+00 -3.332556e+00
    endloop
  endfacet
  facet normal -1.427151e-01 -7.484786e-02  9.869297e-01
    outer loop
      vertex  1.853971e+01 -1.188735e+00 -4.771494e-15
      vertex  1.633086e+01 -1.140111e-12 -2.292574e-01
      vertex  1.536894e+01 -1.132027e+00 -4.542090e-01
    endloop
  endfacet
  facet normal  9.282240e-03 -1.532304e-01  9.881469e-01
    outer loop
      vertex  6.859639e+00  1.726497e+01 -6.511398e-15
      vertex  4.656065e+00  1.565306e+01 -2.292574e-01
      vertex  5.823734e+00  1.426068e+01 -4.561400e-01
    endloop
  endfacet
  facet normal -7.088888e-02 -7.481396e-01  6.597438e-01
    outer loop
      vertex  1.502567e+00  7.857626e+00 -6.413879e+00
      vertex  2.400646e-15  8.000000e+00 -6.413879e+00
      vertex  4.738771e-16  6.590960e+00 -8.011710e+00
    endloop
  endfacet
  facet normal -5.146176e-02 -7.584743e-01  6.496678e-01
    outer loop
      vertex  1.502567e+00  7.857626e+00 -6.413879e+00
      vertex  4.738771e-16  6.590960e+00 -8.011710e+00
      vertex  8.902819e-01  6.530555e+00 -8.011710e+00
    endloop
  endfacet
  facet normal -1.571959e-01 -7.292673e-01  6.659271e-01
    outer loop
      vertex  1.502567e+00  7.857626e+00 -6.413879e+00
      vertex  8.902819e-01  6.530555e+00 -8.011710e+00
      vertex  1.879137e+00  6.317404e+00 -8.011710e+00
    endloop
  endfacet
  facet normal -2.031664e-01 -7.284385e-01  6.542940e-01
    outer loop
      vertex  1.502567e+00  7.857626e+00 -6.413879e+00
      vertex  1.879137e+00  6.317404e+00 -8.011710e+00
      vertex  2.552843e+00  8.582310e+00 -5.280951e+00
    endloop
  endfacet
  facet normal -2.258849e-01 -7.120086e-01  6.648456e-01
    outer loop
      vertex  1.502567e+00  7.857626e+00 -6.413879e+00
      vertex  2.552843e+00  8.582310e+00 -5.280951e+00
      vertex  2.302214e+00  1.047719e+01 -3.336804e+00
    endloop
  endfacet
  facet normal -2.338857e-01 -7.093806e-01  6.648884e-01
    outer loop
      vertex  3.402995e+00  7.240140e+00 -6.413879e+00
      vertex  4.296837e+00  9.832426e+00 -3.333702e+00
      vertex  2.552843e+00  8.582310e+00 -5.280951e+00
    endloop
  endfacet
  facet normal -2.539656e-01 -7.127562e-01  6.538196e-01
    outer loop
      vertex  3.402995e+00  7.240140e+00 -6.413879e+00
      vertex  2.552843e+00  8.582310e+00 -5.280951e+00
      vertex  1.879137e+00  6.317404e+00 -8.011710e+00
    endloop
  endfacet
  facet normal -2.727576e-01 -6.973236e-01  6.628296e-01
    outer loop
      vertex  3.402995e+00  7.240140e+00 -6.413879e+00
      vertex  1.879137e+00  6.317404e+00 -8.011710e+00
      vertex  2.905866e+00  5.915800e+00 -8.011710e+00
    endloop
  endfacet
  facet normal -3.835505e-01 -6.488799e-01  6.571484e-01
    outer loop
      vertex  3.402995e+00  7.240140e+00 -6.413879e+00
      vertex  2.905866e+00  5.915800e+00 -8.011710e+00
      vertex  4.702282e+00  6.472136e+00 -6.413879e+00
    endloop
  endfacet
  facet normal -4.984363e-01 -5.651100e-01  6.574283e-01
    outer loop
      vertex  5.834199e+00  5.473766e+00 -6.413879e+00
      vertex  4.702282e+00  6.472136e+00 -6.413879e+00
      vertex  3.954576e+00  5.272768e+00 -8.011710e+00
    endloop
  endfacet
  facet normal -5.076296e-01 -5.466781e-01  6.659244e-01
    outer loop
      vertex  5.834199e+00  5.473766e+00 -6.413879e+00
      vertex  3.954576e+00  5.272768e+00 -8.011710e+00
      vertex  4.965791e+00  4.333782e+00 -8.011710e+00
    endloop
  endfacet
  facet normal -6.054509e-01 -4.545144e-01  6.533343e-01
    outer loop
      vertex  5.834199e+00  5.473766e+00 -6.413879e+00
      vertex  4.965791e+00  4.333782e+00 -8.011710e+00
      vertex  6.746119e+00  5.887522e+00 -5.280951e+00
    endloop
  endfacet
  facet normal -6.571172e-01 -3.620446e-01  6.611511e-01
    outer loop
      vertex  5.834199e+00  5.473766e+00 -6.413879e+00
      vertex  6.746119e+00  5.887522e+00 -5.280951e+00
      vertex  8.024330e+00  7.125628e+00 -3.332556e+00
    endloop
  endfacet
  facet normal -5.976505e-01 -4.482318e-01  6.647572e-01
    outer loop
      vertex  7.008728e+00  3.857166e+00 -6.413879e+00
      vertex  9.257332e+00  5.430216e+00 -3.331596e+00
      vertex  6.746119e+00  5.887522e+00 -5.280951e+00
    endloop
  endfacet
  facet normal -6.140512e-01 -4.436626e-01  6.527670e-01
    outer loop
      vertex  7.008728e+00  3.857166e+00 -6.413879e+00
      vertex  6.746119e+00  5.887522e+00 -5.280951e+00
      vertex  4.965791e+00  4.333782e+00 -8.011710e+00
    endloop
  endfacet
  facet normal -6.170211e-01 -4.255316e-01  6.619726e-01
    outer loop
      vertex  7.008728e+00  3.857166e+00 -6.413879e+00
      vertex  4.965791e+00  4.333782e+00 -8.011710e+00
      vertex  5.815552e+00  3.101628e+00 -8.011710e+00
    endloop
  endfacet
  facet normal -7.045839e-01 -2.727423e-01  6.551131e-01
    outer loop
      vertex  7.008728e+00  3.857166e+00 -6.413879e+00
      vertex  5.815552e+00  3.101628e+00 -8.011710e+00
      vertex  6.388161e+00  1.622390e+00 -8.011710e+00
    endloop
  endfacet
  facet normal -7.420805e-01 -2.411165e-01  6.254433e-01
    outer loop
      vertex  7.008728e+00  3.857166e+00 -6.413879e+00
      vertex  6.388161e+00  1.622390e+00 -8.011710e+00
      vertex  7.937366e+00  9.991139e-01 -6.413879e+00
    endloop
  endfacet
  facet normal -7.325443e-01 -9.156808e-02  6.745326e-01
    outer loop
      vertex  7.937366e+00  9.991139e-01 -6.413879e+00
      vertex  6.388161e+00  1.622390e+00 -8.011710e+00
      vertex  6.590960e+00 -1.139448e-12 -8.011710e+00
    endloop
  endfacet
  facet normal -7.559085e-01 -2.741039e-02  6.541030e-01
    outer loop
      vertex  7.937366e+00  9.991139e-01 -6.413879e+00
      vertex  6.590960e+00 -1.139448e-12 -8.011710e+00
      vertex  8.953940e+00 -1.139338e-12 -5.280951e+00
    endloop
  endfacet
  facet normal -7.468696e-01 -5.920329e-03  6.649442e-01
    outer loop
      vertex  7.937366e+00  9.991139e-01 -6.413879e+00
      vertex  8.953940e+00 -1.139338e-12 -5.280951e+00
      vertex  1.068129e+01  1.048192e+00 -3.331446e+00
    endloop
  endfacet
  facet normal -7.468695e-01  5.920135e-03  6.649442e-01
    outer loop
      vertex  7.937366e+00 -9.991139e-01 -6.413879e+00
      vertex  1.068129e+01 -1.048189e+00 -3.331445e+00
      vertex  8.953940e+00 -1.139338e-12 -5.280951e+00
    endloop
  endfacet
  facet normal -7.559086e-01  2.741039e-02  6.541031e-01
    outer loop
      vertex  7.937366e+00 -9.991139e-01 -6.413879e+00
      vertex  8.953940e+00 -1.139338e-12 -5.280951e+00
      vertex  6.590960e+00 -1.139448e-12 -8.011710e+00
    endloop
  endfacet
  facet normal -7.325443e-01  9.156808e-02  6.745326e-01
    outer loop
      vertex  7.937366e+00 -9.991139e-01 -6.413879e+00
      vertex  6.590960e+00 -1.139448e-12 -8.011710e+00
      vertex  6.388161e+00 -1.622390e+00 -8.011710e+00
    endloop
  endfacet
  facet normal -7.412694e-01  2.869431e-01  6.067810e-01
    outer loop
      vertex  7.937366e+00 -9.991139e-01 -6.413879e+00
      vertex  6.388161e+00 -1.622390e+00 -8.011710e+00
      vertex  5.815552e+00 -3.101628e+00 -8.011710e+00
    endloop
  endfacet
  facet normal -7.223902e-01  2.347188e-01  6.504303e-01
    outer loop
      vertex  7.937366e+00 -9.991139e-01 -6.413879e+00
      vertex  5.815552e+00 -3.101628e+00 -8.011710e+00
      vertex  7.008728e+00 -3.857166e+00 -6.413879e+00
    endloop
  endfacet
  facet normal -6.170211e-01  4.255316e-01  6.619726e-01
    outer loop
      vertex  7.008728e+00 -3.857166e+00 -6.413879e+00
      vertex  5.815552e+00 -3.101628e+00 -8.011710e+00
      vertex  4.965791e+00 -4.333782e+00 -8.011710e+00
    endloop
  endfacet
  facet normal -6.140511e-01  4.436626e-01  6.527670e-01
    outer loop
      vertex  7.008728e+00 -3.857166e+00 -6.413879e+00
      vertex  4.965791e+00 -4.333782e+00 -8.011710e+00
      vertex  6.746119e+00 -5.887522e+00 -5.280951e+00
    endloop
  endfacet
  facet normal -5.976506e-01  4.482318e-01  6.647571e-01
    outer loop
      vertex  7.008728e+00 -3.857166e+00 -6.413879e+00
      vertex  6.746119e+00 -5.887522e+00 -5.280951e+00
      vertex  9.257333e+00 -5.430213e+00 -3.331596e+00
    endloop
  endfacet
  facet normal -6.571171e-01  3.620444e-01  6.611512e-01
    outer loop
      vertex  5.834199e+00 -5.473766e+00 -6.413879e+00
      vertex  8.024332e+00 -7.125627e+00 -3.332556e+00
      vertex  6.746119e+00 -5.887522e+00 -5.280951e+00
    endloop
  endfacet
  facet normal -6.054503e-01  4.545151e-01  6.533344e-01
    outer loop
      vertex  5.834199e+00 -5.473766e+00 -6.413879e+00
      vertex  6.746119e+00 -5.887522e+00 -5.280951e+00
      vertex  4.965791e+00 -4.333782e+00 -8.011710e+00
    endloop
  endfacet
  facet normal -5.076297e-01  5.466782e-01  6.659243e-01
    outer loop
      vertex  5.834199e+00 -5.473766e+00 -6.413879e+00
      vertex  4.965791e+00 -4.333782e+00 -8.011710e+00
      vertex  3.954576e+00 -5.272768e+00 -8.011710e+00
    endloop
  endfacet
  facet normal -4.984363e-01  5.651098e-01  6.574282e-01
    outer loop
      vertex  5.834199e+00 -5.473766e+00 -6.413879e+00
      vertex  3.954576e+00 -5.272768e+00 -8.011710e+00
      vertex  4.702282e+00 -6.472136e+00 -6.413879e+00
    endloop
  endfacet
  facet normal -3.811867e-01  6.448808e-01  6.624390e-01
    outer loop
      vertex  3.402995e+00 -7.240140e+00 -6.413879e+00
      vertex  4.702282e+00 -6.472136e+00 -6.413879e+00
      vertex  3.954576e+00 -5.272768e+00 -8.011710e+00
    endloop
  endfacet
  facet normal -3.945184e-01  6.434131e-01  6.560296e-01
    outer loop
      vertex  3.402995e+00 -7.240140e+00 -6.413879e+00
      vertex  3.954576e+00 -5.272768e+00 -8.011710e+00
      vertex  2.905866e+00 -5.915800e+00 -8.011710e+00
    endloop
  endfacet
  facet normal -2.727576e-01  6.973236e-01  6.628296e-01
    outer loop
      vertex  3.402995e+00 -7.240140e+00 -6.413879e+00
      vertex  2.905866e+00 -5.915800e+00 -8.011710e+00
      vertex  1.879137e+00 -6.317404e+00 -8.011710e+00
    endloop
  endfacet
  facet normal -2.539655e-01  7.127562e-01  6.538196e-01
    outer loop
      vertex  3.402995e+00 -7.240140e+00 -6.413879e+00
      vertex  1.879137e+00 -6.317404e+00 -8.011710e+00
      vertex  2.552843e+00 -8.582310e+00 -5.280951e+00
    endloop
  endfacet
  facet normal -2.338858e-01  7.093805e-01  6.648884e-01
    outer loop
      vertex  3.402995e+00 -7.240140e+00 -6.413879e+00
      vertex  2.552843e+00 -8.582310e+00 -5.280951e+00
      vertex  4.296839e+00 -9.832425e+00 -3.333702e+00
    endloop
  endfacet
  facet normal -2.258847e-01  7.120087e-01  6.648456e-01
    outer loop
      vertex  1.502567e+00 -7.857626e+00 -6.413879e+00
      vertex  2.302217e+00 -1.047719e+01 -3.336804e+00
      vertex  2.552843e+00 -8.582310e+00 -5.280951e+00
    endloop
  endfacet
  facet normal -2.031664e-01  7.284387e-01  6.542941e-01
    outer loop
      vertex  1.502567e+00 -7.857626e+00 -6.413879e+00
      vertex  2.552843e+00 -8.582310e+00 -5.280951e+00
      vertex  1.879137e+00 -6.317404e+00 -8.011710e+00
    endloop
  endfacet
  facet normal -1.571959e-01  7.292673e-01  6.659271e-01
    outer loop
      vertex  1.502567e+00 -7.857626e+00 -6.413879e+00
      vertex  1.879137e+00 -6.317404e+00 -8.011710e+00
      vertex  8.902819e-01 -6.530555e+00 -8.011710e+00
    endloop
  endfacet
  facet normal -7.141471e-02  7.536893e-01  6.533394e-01
    outer loop
      vertex  1.502567e+00 -7.857626e+00 -6.413879e+00
      vertex  8.902819e-01 -6.530555e+00 -8.011710e+00
      vertex -1.959370e-15 -8.000000e+00 -6.413879e+00
    endloop
  endfacet
  facet normal -1.595672e-01  5.926766e-02  9.854063e-01
    outer loop
      vertex -1.058105e-15 -4.220745e+00 -9.223429e+00
      vertex -1.800371e-16 -4.838500e+00 -9.186274e+00
      vertex  7.113296e-01 -5.217872e+00 -9.048270e+00
    endloop
  endfacet
  facet normal -3.242731e-02  1.504376e-01  9.880875e-01
    outer loop
      vertex -1.058105e-15 -4.220745e+00 -9.223429e+00
      vertex  7.113296e-01 -5.217872e+00 -9.048270e+00
      vertex  1.501419e+00 -5.047565e+00 -9.048270e+00
    endloop
  endfacet
  facet normal -4.802703e-02  1.227845e-01  9.912706e-01
    outer loop
      vertex -1.058105e-15 -4.220745e+00 -9.223429e+00
      vertex  1.501419e+00 -5.047565e+00 -9.048270e+00
      vertex  2.321769e+00 -4.726686e+00 -9.048270e+00
    endloop
  endfacet
  facet normal -4.111304e-02  1.531544e-01  9.873466e-01
    outer loop
      vertex -1.058105e-15 -4.220745e+00 -9.223429e+00
      vertex  2.321769e+00 -4.726686e+00 -9.048270e+00
      vertex  2.113731e+00 -3.653331e+00 -9.223429e+00
    endloop
  endfacet
  facet normal -1.078842e-01  1.077059e-01  9.883119e-01
    outer loop
      vertex  3.656823e+00 -2.107684e+00 -9.223429e+00
      vertex  2.113731e+00 -3.653331e+00 -9.223429e+00
      vertex  3.159681e+00 -4.212908e+00 -9.048270e+00
    endloop
  endfacet
  facet normal -9.792820e-02  1.054611e-01  9.895898e-01
    outer loop
      vertex  3.656823e+00 -2.107684e+00 -9.223429e+00
      vertex  3.159681e+00 -4.212908e+00 -9.048270e+00
      vertex  3.967636e+00 -3.462664e+00 -9.048270e+00
    endloop
  endfacet
  facet normal -1.386484e-01  9.561958e-02  9.857147e-01
    outer loop
      vertex  3.656823e+00 -2.107684e+00 -9.223429e+00
      vertex  3.967636e+00 -3.462664e+00 -9.048270e+00
      vertex  4.646589e+00 -2.478181e+00 -9.048270e+00
    endloop
  endfacet
  facet normal -1.524914e-01  5.902896e-02  9.865404e-01
    outer loop
      vertex  3.656823e+00 -2.107684e+00 -9.223429e+00
      vertex  4.646589e+00 -2.478181e+00 -9.048270e+00
      vertex  5.104100e+00 -1.296279e+00 -9.048270e+00
    endloop
  endfacet
  facet normal -1.290418e-01  1.613023e-02  9.915080e-01
    outer loop
      vertex  3.656823e+00 -2.107684e+00 -9.223429e+00
      vertex  5.104100e+00 -1.296279e+00 -9.048270e+00
      vertex  5.266135e+00 -1.139387e-12 -9.048270e+00
    endloop
  endfacet
  facet normal -1.649933e-01  4.409606e-02  9.853085e-01
    outer loop
      vertex  3.656823e+00 -2.107684e+00 -9.223429e+00
      vertex  5.266135e+00 -1.139387e-12 -9.048270e+00
      vertex  4.220744e+00  2.327527e-03 -9.223429e+00
    endloop
  endfacet
  facet normal -1.040646e-01 -1.041220e-01  9.891052e-01
    outer loop
      vertex  2.109700e+00  3.655660e+00 -9.223429e+00
      vertex  3.654496e+00  2.111716e+00 -9.223429e+00
      vertex  3.967636e+00  3.462664e+00 -9.048270e+00
    endloop
  endfacet
  facet normal -1.048821e-01 -1.129500e-01  9.880496e-01
    outer loop
      vertex  2.109700e+00  3.655660e+00 -9.223429e+00
      vertex  3.967636e+00  3.462664e+00 -9.048270e+00
      vertex  3.159681e+00  4.212908e+00 -9.048270e+00
    endloop
  endfacet
  facet normal -8.814157e-02 -1.437484e-01  9.856811e-01
    outer loop
      vertex  2.109700e+00  3.655660e+00 -9.223429e+00
      vertex  3.159681e+00  4.212908e+00 -9.048270e+00
      vertex  2.321769e+00  4.726686e+00 -9.048270e+00
    endloop
  endfacet
  facet normal -5.859806e-02 -1.498101e-01  9.869769e-01
    outer loop
      vertex  2.109700e+00  3.655660e+00 -9.223429e+00
      vertex  2.321769e+00  4.726686e+00 -9.048270e+00
      vertex  1.501419e+00  5.047565e+00 -9.048270e+00
    endloop
  endfacet
  facet normal -2.964840e-02 -1.375456e-01  9.900516e-01
    outer loop
      vertex  2.109700e+00  3.655660e+00 -9.223429e+00
      vertex  1.501419e+00  5.047565e+00 -9.048270e+00
      vertex  7.113296e-01  5.217872e+00 -9.048270e+00
    endloop
  endfacet
  facet normal -8.883633e-02 -1.891657e-01  9.779184e-01
    outer loop
      vertex  2.109700e+00  3.655660e+00 -9.223429e+00
      vertex  7.113296e-01  5.217872e+00 -9.048270e+00
      vertex  8.812476e-16  4.838500e+00 -9.186274e+00
    endloop
  endfacet
  facet normal -1.607885e-02 -6.002915e-02  9.980670e-01
    outer loop
      vertex  2.109700e+00  3.655660e+00 -9.223429e+00
      vertex  8.812476e-16  4.838500e+00 -9.186274e+00
      vertex  5.168751e-16  4.220745e+00 -9.223429e+00
    endloop
  endfacet
  facet normal -3.182876e-02  9.795883e-02  9.946813e-01
    outer loop
      vertex  4.598530e+00 -1.799965e+01 -3.186480e-15
      vertex  6.859648e+00 -1.726497e+01 -3.255749e-15
      vertex  4.656065e+00 -1.565306e+01 -2.292574e-01
    endloop
  endfacet
  facet normal  9.281888e-03  1.532304e-01  9.881470e-01
    outer loop
      vertex  4.656065e+00 -1.565306e+01 -2.292574e-01
      vertex  6.859648e+00 -1.726497e+01 -3.255749e-15
      vertex  5.823741e+00 -1.426067e+01 -4.561400e-01
    endloop
  endfacet
  facet normal -1.255442e-01  2.612351e-01  9.570763e-01
    outer loop
      vertex  4.656065e+00 -1.565306e+01 -2.292574e-01
      vertex  5.823741e+00 -1.426067e+01 -4.561400e-01
      vertex  4.113466e+00 -1.382891e+01 -7.983354e-01
    endloop
  endfacet
  facet normal -1.148025e-01  8.340891e-02  9.898805e-01
    outer loop
      vertex  1.430022e+01 -1.185907e+01 -3.765443e-15
      vertex  1.569766e+01 -9.935651e+00 -3.946793e-15
      vertex  1.176655e+01 -9.948112e+00 -4.548653e-01
    endloop
  endfacet
  facet normal -1.148033e-01  8.329482e-02  9.898900e-01
    outer loop
      vertex  1.176655e+01 -9.948112e+00 -4.548653e-01
      vertex  1.569766e+01 -9.935651e+00 -3.946793e-15
      vertex  1.309845e+01 -8.117326e+00 -4.544501e-01
    endloop
  endfacet
  facet normal -3.257754e-01  2.367939e-01  9.153136e-01
    outer loop
      vertex  1.176655e+01 -9.948112e+00 -4.548653e-01
      vertex  1.309845e+01 -8.117326e+00 -4.544501e-01
      vertex  9.877520e+00 -8.523336e+00 -1.495796e+00
    endloop
  endfacet
  facet normal -3.257713e-01  2.366865e-01  9.153429e-01
    outer loop
      vertex  9.877520e+00 -8.523336e+00 -1.495796e+00
      vertex  1.309845e+01 -8.117326e+00 -4.544501e-01
      vertex  1.115850e+01 -6.760219e+00 -1.495797e+00
    endloop
  endfacet
  facet normal -4.808147e-01  3.493319e-01  8.042291e-01
    outer loop
      vertex  9.877520e+00 -8.523336e+00 -1.495796e+00
      vertex  1.115850e+01 -6.760219e+00 -1.495797e+00
      vertex  8.583760e+00 -7.491282e+00 -2.717573e+00
    endloop
  endfacet
  facet normal -4.828500e-01  3.912046e-01  7.834634e-01
    outer loop
      vertex  8.583760e+00 -7.491282e+00 -2.717573e+00
      vertex  1.115850e+01 -6.760219e+00 -1.495797e+00
      vertex  9.257333e+00 -5.430213e+00 -3.331596e+00
    endloop
  endfacet
  facet normal -6.059505e-01  4.024550e-01  6.861881e-01
    outer loop
      vertex  8.583760e+00 -7.491282e+00 -2.717573e+00
      vertex  9.257333e+00 -5.430213e+00 -3.331596e+00
      vertex  6.746119e+00 -5.887522e+00 -5.280951e+00
    endloop
  endfacet
  facet normal -1.032362e-01 -8.282187e-08  9.946569e-01
    outer loop
      vertex  1.853971e+01 -1.188735e+00 -4.771494e-15
      vertex  1.853971e+01  1.188745e+00 -4.995655e-15
      vertex  1.633086e+01 -1.140111e-12 -2.292574e-01
    endloop
  endfacet
  facet normal -1.427152e-01  7.484723e-02  9.869297e-01
    outer loop
      vertex  1.633086e+01 -1.140111e-12 -2.292574e-01
      vertex  1.853971e+01  1.188745e+00 -4.995655e-15
      vertex  1.536893e+01  1.132034e+00 -4.542091e-01
    endloop
  endfacet
  facet normal -2.860853e-01 -5.297887e-02  9.567385e-01
    outer loop
      vertex  1.633086e+01 -1.140111e-12 -2.292574e-01
      vertex  1.536893e+01  1.132034e+00 -4.542091e-01
      vertex  1.442773e+01 -1.139849e-12 -7.983354e-01
    endloop
  endfacet
  facet normal -1.584505e-01 -4.253471e-02  9.864503e-01
    outer loop
      vertex  3.654496e+00  2.111716e+00 -9.223429e+00
      vertex  4.220744e+00  2.327527e-03 -9.223429e+00
      vertex  4.646589e+00  2.478181e+00 -9.048270e+00
    endloop
  endfacet
  facet normal -1.253886e-01 -4.853753e-02  9.909197e-01
    outer loop
      vertex  4.646589e+00  2.478181e+00 -9.048270e+00
      vertex  4.220744e+00  2.327527e-03 -9.223429e+00
      vertex  5.104100e+00  1.296279e+00 -9.048270e+00
    endloop
  endfacet
  facet normal -5.772584e-01 -2.234550e-01  7.853920e-01
    outer loop
      vertex  4.646589e+00  2.478181e+00 -9.048270e+00
      vertex  5.104100e+00  1.296279e+00 -9.048270e+00
      vertex  5.815552e+00  3.101628e+00 -8.011710e+00
    endloop
  endfacet
  facet normal -5.772584e-01 -2.234550e-01  7.853920e-01
    outer loop
      vertex  5.815552e+00  3.101628e+00 -8.011710e+00
      vertex  5.104100e+00  1.296279e+00 -9.048270e+00
      vertex  6.388161e+00  1.622390e+00 -8.011710e+00
    endloop
  endfacet
  facet normal -1.284000e-01 -7.967412e-01  5.905225e-01
    outer loop
      vertex  8.024330e+00  7.125628e+00 -3.332556e+00
      vertex  6.746119e+00  5.887522e+00 -5.280951e+00
      vertex  8.583760e+00  7.491282e+00 -2.717573e+00
    endloop
  endfacet
  facet normal -6.059503e-01 -4.024552e-01  6.861881e-01
    outer loop
      vertex  8.583760e+00  7.491282e+00 -2.717573e+00
      vertex  6.746119e+00  5.887522e+00 -5.280951e+00
      vertex  9.257332e+00  5.430216e+00 -3.331596e+00
    endloop
  endfacet
  facet normal -4.508845e-01 -3.869759e-01  8.043337e-01
    outer loop
      vertex  8.583760e+00  7.491282e+00 -2.717573e+00
      vertex  9.257332e+00  5.430216e+00 -3.331596e+00
      vertex  9.877516e+00  8.523339e+00 -1.495797e+00
    endloop
  endfacet
  facet normal -5.020356e-01 -3.647505e-01  7.841666e-01
    outer loop
      vertex  9.877516e+00  8.523339e+00 -1.495797e+00
      vertex  9.257332e+00  5.430216e+00 -3.331596e+00
      vertex  1.115850e+01  6.760223e+00 -1.495796e+00
    endloop
  endfacet
  facet normal -3.258259e-01 -2.367266e-01  9.153130e-01
    outer loop
      vertex  9.877516e+00  8.523339e+00 -1.495797e+00
      vertex  1.115850e+01  6.760223e+00 -1.495796e+00
      vertex  1.176655e+01  9.948117e+00 -4.548654e-01
    endloop
  endfacet
  facet normal -3.257225e-01 -2.367558e-01  9.153423e-01
    outer loop
      vertex  1.176655e+01  9.948117e+00 -4.548654e-01
      vertex  1.115850e+01  6.760223e+00 -1.495796e+00
      vertex  1.309844e+01  8.117332e+00 -4.544501e-01
    endloop
  endfacet
  facet normal -1.148583e-01 -8.333494e-02  9.898803e-01
    outer loop
      vertex  1.176655e+01  9.948117e+00 -4.548654e-01
      vertex  1.309844e+01  8.117332e+00 -4.544501e-01
      vertex  1.430021e+01  1.185908e+01 -6.001705e-15
    endloop
  endfacet
  facet normal -1.147501e-01 -8.337083e-02  9.898897e-01
    outer loop
      vertex  1.430021e+01  1.185908e+01 -6.001705e-15
      vertex  1.309844e+01  8.117332e+00 -4.544501e-01
      vertex  1.569766e+01  9.935659e+00 -5.820356e-15
    endloop
  endfacet
  facet normal -3.182875e-02 -9.795880e-02  9.946813e-01
    outer loop
      vertex  6.859639e+00  1.726497e+01 -6.511398e-15
      vertex  4.598520e+00  1.799965e+01 -6.580668e-15
      vertex  4.656065e+00  1.565306e+01 -2.292574e-01
    endloop
  endfacet
  facet normal -1.568381e-01 -9.984060e-02  9.825648e-01
    outer loop
      vertex  4.656065e+00  1.565306e+01 -2.292574e-01
      vertex  4.598520e+00  1.799965e+01 -6.580668e-15
      vertex  3.669149e+00  1.495513e+01 -4.577081e-01
    endloop
  endfacet
  facet normal -1.314340e-02 -2.942231e-01  9.556464e-01
    outer loop
      vertex  4.656065e+00  1.565306e+01 -2.292574e-01
      vertex  3.669149e+00  1.495513e+01 -4.577081e-01
      vertex  4.113466e+00  1.382891e+01 -7.983354e-01
    endloop
  endfacet
  facet normal -4.503074e-02 -6.636899e-01  7.466512e-01
    outer loop
      vertex  4.738771e-16  6.590960e+00 -8.011710e+00
      vertex  1.605169e-15  5.663187e+00 -8.836397e+00
      vertex  8.902819e-01  6.530555e+00 -8.011710e+00
    endloop
  endfacet
  facet normal -1.423285e-01 -6.013967e-01  7.861709e-01
    outer loop
      vertex  8.902819e-01  6.530555e+00 -8.011710e+00
      vertex  1.605169e-15  5.663187e+00 -8.836397e+00
      vertex  7.113296e-01  5.217872e+00 -9.048270e+00
    endloop
  endfacet
  facet normal -1.300822e-01 -6.034805e-01  7.866956e-01
    outer loop
      vertex  8.902819e-01  6.530555e+00 -8.011710e+00
      vertex  7.113296e-01  5.217872e+00 -9.048270e+00
      vertex  1.879137e+00  6.317404e+00 -8.011710e+00
    endloop
  endfacet
  facet normal -1.300821e-01 -6.034806e-01  7.866955e-01
    outer loop
      vertex  1.879137e+00  6.317404e+00 -8.011710e+00
      vertex  7.113296e-01  5.217872e+00 -9.048270e+00
      vertex  1.501419e+00  5.047565e+00 -9.048270e+00
    endloop
  endfacet
  facet normal -2.249589e-01 -5.751228e-01  7.865286e-01
    outer loop
      vertex  1.879137e+00  6.317404e+00 -8.011710e+00
      vertex  1.501419e+00  5.047565e+00 -9.048270e+00
      vertex  2.905866e+00  5.915800e+00 -8.011710e+00
    endloop
  endfacet
  facet normal -2.249588e-01 -5.751230e-01  7.865285e-01
    outer loop
      vertex  2.905866e+00  5.915800e+00 -8.011710e+00
      vertex  1.501419e+00  5.047565e+00 -9.048270e+00
      vertex  2.321769e+00  4.726686e+00 -9.048270e+00
    endloop
  endfacet
  facet normal -3.229829e-01 -5.267470e-01  7.862694e-01
    outer loop
      vertex  2.905866e+00  5.915800e+00 -8.011710e+00
      vertex  2.321769e+00  4.726686e+00 -9.048270e+00
      vertex  3.954576e+00  5.272768e+00 -8.011710e+00
    endloop
  endfacet
  facet normal -3.229830e-01 -5.267470e-01  7.862695e-01
    outer loop
      vertex  3.954576e+00  5.272768e+00 -8.011710e+00
      vertex  2.321769e+00  4.726686e+00 -9.048270e+00
      vertex  3.159681e+00  4.212908e+00 -9.048270e+00
    endloop
  endfacet
  facet normal -4.207349e-01 -4.530993e-01  7.859281e-01
    outer loop
      vertex  3.954576e+00  5.272768e+00 -8.011710e+00
      vertex  3.159681e+00  4.212908e+00 -9.048270e+00
      vertex  4.965791e+00  4.333782e+00 -8.011710e+00
    endloop
  endfacet
  facet normal -4.207350e-01 -4.530992e-01  7.859282e-01
    outer loop
      vertex  4.965791e+00  4.333782e+00 -8.011710e+00
      vertex  3.159681e+00  4.212908e+00 -9.048270e+00
      vertex  3.967636e+00  3.462664e+00 -9.048270e+00
    endloop
  endfacet
  facet normal -5.093148e-01 -3.512515e-01  7.856340e-01
    outer loop
      vertex  4.965791e+00  4.333782e+00 -8.011710e+00
      vertex  3.967636e+00  3.462664e+00 -9.048270e+00
      vertex  5.815552e+00  3.101628e+00 -8.011710e+00
    endloop
  endfacet
  facet normal -5.093148e-01 -3.512515e-01  7.856340e-01
    outer loop
      vertex  5.815552e+00  3.101628e+00 -8.011710e+00
      vertex  3.967636e+00  3.462664e+00 -9.048270e+00
      vertex  4.646589e+00  2.478181e+00 -9.048270e+00
    endloop
  endfacet
  facet normal -6.143926e-01 -7.679912e-02  7.852538e-01
    outer loop
      vertex  6.388161e+00  1.622390e+00 -8.011710e+00
      vertex  5.104100e+00  1.296279e+00 -9.048270e+00
      vertex  6.590960e+00 -1.139448e-12 -8.011710e+00
    endloop
  endfacet
  facet normal -6.143927e-01 -7.679912e-02  7.852538e-01
    outer loop
      vertex  6.590960e+00 -1.139448e-12 -8.011710e+00
      vertex  5.104100e+00  1.296279e+00 -9.048270e+00
      vertex  5.266135e+00 -1.139387e-12 -9.048270e+00
    endloop
  endfacet
  facet normal -6.143927e-01  7.679912e-02  7.852538e-01
    outer loop
      vertex  6.590960e+00 -1.139448e-12 -8.011710e+00
      vertex  5.266135e+00 -1.139387e-12 -9.048270e+00
      vertex  6.388161e+00 -1.622390e+00 -8.011710e+00
    endloop
  endfacet
  facet normal -6.143928e-01  7.679912e-02  7.852538e-01
    outer loop
      vertex  6.388161e+00 -1.622390e+00 -8.011710e+00
      vertex  5.266135e+00 -1.139387e-12 -9.048270e+00
      vertex  5.104100e+00 -1.296279e+00 -9.048270e+00
    endloop
  endfacet
  facet normal -5.772584e-01  2.234550e-01  7.853920e-01
    outer loop
      vertex  6.388161e+00 -1.622390e+00 -8.011710e+00
      vertex  5.104100e+00 -1.296279e+00 -9.048270e+00
      vertex  5.815552e+00 -3.101628e+00 -8.011710e+00
    endloop
  endfacet
  facet normal -5.772584e-01  2.234550e-01  7.853920e-01
    outer loop
      vertex  5.815552e+00 -3.101628e+00 -8.011710e+00
      vertex  5.104100e+00 -1.296279e+00 -9.048270e+00
      vertex  4.646589e+00 -2.478181e+00 -9.048270e+00
    endloop
  endfacet
  facet normal -5.093149e-01  3.512515e-01  7.856340e-01
    outer loop
      vertex  5.815552e+00 -3.101628e+00 -8.011710e+00
      vertex  4.646589e+00 -2.478181e+00 -9.048270e+00
      vertex  4.965791e+00 -4.333782e+00 -8.011710e+00
    endloop
  endfacet
  facet normal -5.093148e-01  3.512515e-01  7.856340e-01
    outer loop
      vertex  4.965791e+00 -4.333782e+00 -8.011710e+00
      vertex  4.646589e+00 -2.478181e+00 -9.048270e+00
      vertex  3.967636e+00 -3.462664e+00 -9.048270e+00
    endloop
  endfacet
  facet normal -4.207349e-01  4.530992e-01  7.859282e-01
    outer loop
      vertex  4.965791e+00 -4.333782e+00 -8.011710e+00
      vertex  3.967636e+00 -3.462664e+00 -9.048270e+00
      vertex  3.954576e+00 -5.272768e+00 -8.011710e+00
    endloop
  endfacet
  facet normal -4.207350e-01  4.530992e-01  7.859281e-01
    outer loop
      vertex  3.954576e+00 -5.272768e+00 -8.011710e+00
      vertex  3.967636e+00 -3.462664e+00 -9.048270e+00
      vertex  3.159681e+00 -4.212908e+00 -9.048270e+00
    endloop
  endfacet
  facet normal -3.229828e-01  5.267470e-01  7.862693e-01
    outer loop
      vertex  3.954576e+00 -5.272768e+00 -8.011710e+00
      vertex  3.159681e+00 -4.212908e+00 -9.048270e+00
      vertex  2.905866e+00 -5.915800e+00 -8.011710e+00
    endloop
  endfacet
  facet normal -3.229830e-01  5.267471e-01  7.862694e-01
    outer loop
      vertex  2.905866e+00 -5.915800e+00 -8.011710e+00
      vertex  3.159681e+00 -4.212908e+00 -9.048270e+00
      vertex  2.321769e+00 -4.726686e+00 -9.048270e+00
    endloop
  endfacet
  facet normal -2.249589e-01  5.751228e-01  7.865285e-01
    outer loop
      vertex  2.905866e+00 -5.915800e+00 -8.011710e+00
      vertex  2.321769e+00 -4.726686e+00 -9.048270e+00
      vertex  1.879137e+00 -6.317404e+00 -8.011710e+00
    endloop
  endfacet
  facet normal -2.249587e-01  5.751229e-01  7.865286e-01
    outer loop
      vertex  1.879137e+00 -6.317404e+00 -8.011710e+00
      vertex  2.321769e+00 -4.726686e+00 -9.048270e+00
      vertex  1.501419e+00 -5.047565e+00 -9.048270e+00
    endloop
  endfacet
  facet normal -1.300822e-01  6.034805e-01  7.866955e-01
    outer loop
      vertex  1.879137e+00 -6.317404e+00 -8.011710e+00
      vertex  1.501419e+00 -5.047565e+00 -9.048270e+00
      vertex  8.902819e-01 -6.530555e+00 -8.011710e+00
    endloop
  endfacet
  facet normal -1.300821e-01  6.034805e-01  7.866955e-01
    outer loop
      vertex  8.902819e-01 -6.530555e+00 -8.011710e+00
      vertex  1.501419e+00 -5.047565e+00 -9.048270e+00
      vertex  7.113296e-01 -5.217872e+00 -9.048270e+00
    endloop
  endfacet
  facet normal -4.177299e-02  6.156747e-01  7.868924e-01
    outer loop
      vertex  8.902819e-01 -6.530555e+00 -8.011710e+00
      vertex  7.113296e-01 -5.217872e+00 -9.048270e+00
      vertex -1.875038e-15 -6.590960e+00 -8.011710e+00
    endloop
  endfacet
  facet normal -1.897804e-01  6.522900e-01  7.338264e-01
    outer loop
      vertex -1.875038e-15 -6.590960e+00 -8.011710e+00
      vertex  7.113296e-01 -5.217872e+00 -9.048270e+00
      vertex -6.303119e-16 -5.663187e+00 -8.836397e+00
    endloop
  endfacet
  facet normal -2.885419e-01  6.671767e-01  6.867451e-01
    outer loop
      vertex  4.296839e+00 -9.832425e+00 -3.333702e+00
      vertex  2.552843e+00 -8.582310e+00 -5.280951e+00
      vertex  3.248236e+00 -1.092013e+01 -2.717573e+00
    endloop
  endfacet
  facet normal -1.125285e-01  7.187859e-01  6.860642e-01
    outer loop
      vertex  3.248236e+00 -1.092013e+01 -2.717573e+00
      vertex  2.552843e+00 -8.582310e+00 -5.280951e+00
      vertex  2.302217e+00 -1.047719e+01 -3.336804e+00
    endloop
  endfacet
  facet normal -2.617142e-01  5.498950e-01  7.931716e-01
    outer loop
      vertex  3.248236e+00 -1.092013e+01 -2.717573e+00
      vertex  2.302217e+00 -1.047719e+01 -3.336804e+00
      vertex  3.650362e+00 -1.227202e+01 -1.647639e+00
    endloop
  endfacet
  facet normal -1.993946e-01  5.879873e-01  7.839086e-01
    outer loop
      vertex  3.650362e+00 -1.227202e+01 -1.647639e+00
      vertex  2.302217e+00 -1.047719e+01 -3.336804e+00
      vertex  2.981190e+00 -1.270138e+01 -1.495796e+00
    endloop
  endfacet
  facet normal -9.152890e-02  4.557621e-01  8.853831e-01
    outer loop
      vertex  3.650362e+00 -1.227202e+01 -1.647639e+00
      vertex  2.981190e+00 -1.270138e+01 -1.495796e+00
      vertex  4.113466e+00 -1.382891e+01 -7.983354e-01
    endloop
  endfacet
  facet normal -2.059346e-01  3.568354e-01  9.111857e-01
    outer loop
      vertex  4.113466e+00 -1.382891e+01 -7.983354e-01
      vertex  2.981190e+00 -1.270138e+01 -1.495796e+00
      vertex  3.669156e+00 -1.495513e+01 -4.577081e-01
    endloop
  endfacet
  facet normal -1.314281e-02  2.942233e-01  9.556463e-01
    outer loop
      vertex  4.113466e+00 -1.382891e+01 -7.983354e-01
      vertex  3.669156e+00 -1.495513e+01 -4.577081e-01
      vertex  4.656065e+00 -1.565306e+01 -2.292574e-01
    endloop
  endfacet
  facet normal -1.620157e-01  5.999733e-01  7.834430e-01
    outer loop
      vertex  4.296839e+00 -9.832425e+00 -3.333702e+00
      vertex  3.248236e+00 -1.092013e+01 -2.717573e+00
      vertex  5.053858e+00 -1.202793e+01 -1.495797e+00
    endloop
  endfacet
  facet normal -1.862012e-01  5.750865e-01  7.966208e-01
    outer loop
      vertex  5.053858e+00 -1.202793e+01 -1.495797e+00
      vertex  3.248236e+00 -1.092013e+01 -2.717573e+00
      vertex  3.650362e+00 -1.227202e+01 -1.647639e+00
    endloop
  endfacet
  facet normal -1.632485e-01  3.696413e-01  9.147214e-01
    outer loop
      vertex  5.053858e+00 -1.202793e+01 -1.495797e+00
      vertex  3.650362e+00 -1.227202e+01 -1.647639e+00
      vertex  5.823741e+00 -1.426067e+01 -4.561400e-01
    endloop
  endfacet
  facet normal -5.958452e-02  4.643236e-01  8.836591e-01
    outer loop
      vertex  5.823741e+00 -1.426067e+01 -4.561400e-01
      vertex  3.650362e+00 -1.227202e+01 -1.647639e+00
      vertex  4.113466e+00 -1.382891e+01 -7.983354e-01
    endloop
  endfacet
  facet normal -7.216562e-01 -8.784926e-02  6.866547e-01
    outer loop
      vertex  1.068129e+01  1.048192e+00 -3.331446e+00
      vertex  8.953940e+00 -1.139338e-12 -5.280951e+00
      vertex  1.139299e+01 -1.139480e-12 -2.717573e+00
    endloop
  endfacet
  facet normal -7.216563e-01  8.784901e-02  6.866547e-01
    outer loop
      vertex  1.139299e+01 -1.139480e-12 -2.717573e+00
      vertex  8.953940e+00 -1.139338e-12 -5.280951e+00
      vertex  1.068129e+01 -1.048189e+00 -3.331445e+00
    endloop
  endfacet
  facet normal -6.034154e-01 -5.614861e-02  7.954477e-01
    outer loop
      vertex  1.139299e+01 -1.139480e-12 -2.717573e+00
      vertex  1.068129e+01 -1.048189e+00 -3.331445e+00
      vertex  1.280342e+01 -1.139637e-12 -1.647639e+00
    endloop
  endfacet
  facet normal -6.205767e-01 -3.238174e-03  7.841390e-01
    outer loop
      vertex  1.280342e+01 -1.139637e-12 -1.647639e+00
      vertex  1.068129e+01 -1.048189e+00 -3.331445e+00
      vertex  1.300097e+01 -1.089664e+00 -1.495796e+00
    endloop
  endfacet
  facet normal -4.629938e-01  3.945268e-02  8.854831e-01
    outer loop
      vertex  1.280342e+01 -1.139637e-12 -1.647639e+00
      vertex  1.300097e+01 -1.089664e+00 -1.495796e+00
      vertex  1.442773e+01 -1.139849e-12 -7.983354e-01
    endloop
  endfacet
  facet normal -4.028337e-01 -5.723931e-02  9.134816e-01
    outer loop
      vertex  1.442773e+01 -1.139849e-12 -7.983354e-01
      vertex  1.300097e+01 -1.089664e+00 -1.495796e+00
      vertex  1.536894e+01 -1.132027e+00 -4.542090e-01
    endloop
  endfacet
  facet normal -2.860853e-01  5.297904e-02  9.567384e-01
    outer loop
      vertex  1.442773e+01 -1.139849e-12 -7.983354e-01
      vertex  1.536894e+01 -1.132027e+00 -4.542090e-01
      vertex  1.633086e+01 -1.140111e-12 -2.292574e-01
    endloop
  endfacet
  facet normal -6.205210e-01  3.741753e-02  7.832966e-01
    outer loop
      vertex  1.068129e+01  1.048192e+00 -3.331446e+00
      vertex  1.139299e+01 -1.139480e-12 -2.717573e+00
      vertex  1.300097e+01  1.089669e+00 -1.495797e+00
    endloop
  endfacet
  facet normal -6.043682e-01 -1.451001e-03  7.967037e-01
    outer loop
      vertex  1.300097e+01  1.089669e+00 -1.495797e+00
      vertex  1.139299e+01 -1.139480e-12 -2.717573e+00
      vertex  1.280342e+01 -1.139637e-12 -1.647639e+00
    endloop
  endfacet
  facet normal -4.012142e-01 -5.467517e-02  9.143511e-01
    outer loop
      vertex  1.300097e+01  1.089669e+00 -1.495797e+00
      vertex  1.280342e+01 -1.139637e-12 -1.647639e+00
      vertex  1.536893e+01  1.132034e+00 -4.542091e-01
    endloop
  endfacet
  facet normal -4.602757e-01  1.150891e-01  8.802845e-01
    outer loop
      vertex  1.536893e+01  1.132034e+00 -4.542091e-01
      vertex  1.280342e+01 -1.139637e-12 -1.647639e+00
      vertex  1.442773e+01 -1.139849e-12 -7.983354e-01
    endloop
  endfacet
  facet normal -1.125292e-01 -7.187858e-01  6.860642e-01
    outer loop
      vertex  2.302214e+00  1.047719e+01 -3.336804e+00
      vertex  2.552843e+00  8.582310e+00 -5.280951e+00
      vertex  3.248236e+00  1.092013e+01 -2.717573e+00
    endloop
  endfacet
  facet normal -2.885420e-01 -6.671767e-01  6.867452e-01
    outer loop
      vertex  3.248236e+00  1.092013e+01 -2.717573e+00
      vertex  2.552843e+00  8.582310e+00 -5.280951e+00
      vertex  4.296837e+00  9.832426e+00 -3.333702e+00
    endloop
  endfacet
  facet normal -1.420177e-01 -5.879823e-01  7.963089e-01
    outer loop
      vertex  3.248236e+00  1.092013e+01 -2.717573e+00
      vertex  4.296837e+00  9.832426e+00 -3.333702e+00
      vertex  3.650362e+00  1.227202e+01 -1.647639e+00
    endloop
  endfacet
  facet normal -1.877175e-01 -5.916239e-01  7.840557e-01
    outer loop
      vertex  3.650362e+00  1.227202e+01 -1.647639e+00
      vertex  4.296837e+00  9.832426e+00 -3.333702e+00
      vertex  5.053853e+00  1.202794e+01 -1.495796e+00
    endloop
  endfacet
  facet normal -1.709548e-01 -4.321679e-01  8.854407e-01
    outer loop
      vertex  3.650362e+00  1.227202e+01 -1.647639e+00
      vertex  5.053853e+00  1.202794e+01 -1.495796e+00
      vertex  4.113466e+00  1.382891e+01 -7.983354e-01
    endloop
  endfacet
  facet normal -8.262765e-02 -3.971225e-01  9.140385e-01
    outer loop
      vertex  4.113466e+00  1.382891e+01 -7.983354e-01
      vertex  5.053853e+00  1.202794e+01 -1.495796e+00
      vertex  5.823734e+00  1.426068e+01 -4.561400e-01
    endloop
  endfacet
  facet normal -1.255443e-01 -2.612351e-01  9.570761e-01
    outer loop
      vertex  4.113466e+00  1.382891e+01 -7.983354e-01
      vertex  5.823734e+00  1.426068e+01 -4.561400e-01
      vertex  4.656065e+00  1.565306e+01 -2.292574e-01
    endloop
  endfacet
  facet normal -2.437382e-01 -5.731631e-01  7.823527e-01
    outer loop
      vertex  2.302214e+00  1.047719e+01 -3.336804e+00
      vertex  3.248236e+00  1.092013e+01 -2.717573e+00
      vertex  2.981185e+00  1.270138e+01 -1.495797e+00
    endloop
  endfacet
  facet normal -1.879016e-01 -5.745634e-01  7.965989e-01
    outer loop
      vertex  2.981185e+00  1.270138e+01 -1.495797e+00
      vertex  3.248236e+00  1.092013e+01 -2.717573e+00
      vertex  3.650362e+00  1.227202e+01 -1.647639e+00
    endloop
  endfacet
  facet normal -5.239749e-02 -4.045461e-01  9.130152e-01
    outer loop
      vertex  2.981185e+00  1.270138e+01 -1.495797e+00
      vertex  3.650362e+00  1.227202e+01 -1.647639e+00
      vertex  3.669149e+00  1.495513e+01 -4.577081e-01
    endloop
  endfacet
  facet normal -3.059733e-01 -3.841751e-01  8.710854e-01
    outer loop
      vertex  3.669149e+00  1.495513e+01 -4.577081e-01
      vertex  3.650362e+00  1.227202e+01 -1.647639e+00
      vertex  4.113466e+00  1.382891e+01 -7.983354e-01
    endloop
  endfacet
  facet normal  2.383979e-01  8.972494e-01  3.716313e-01
    outer loop
      vertex  0.000000e+00 -4.000000e+00 -9.422350e+00
      vertex -2.033057e+00 -3.521358e+00 -9.273775e+00
      vertex  0.000000e+00 -4.058573e+00 -9.280933e+00
    endloop
  endfacet
  facet normal  2.013091e-01  6.195657e-01  7.586917e-01
    outer loop
      vertex  0.000000e+00 -4.000000e+00 -9.422350e+00
      vertex -2.351141e+00 -3.236068e+00 -9.422350e+00
      vertex -2.033057e+00 -3.521358e+00 -9.273775e+00
    endloop
  endfacet
  facet normal  2.013091e-01 -6.195656e-01  7.586917e-01
    outer loop
      vertex  4.898425e-16  4.000000e+00 -9.422350e+00
      vertex -2.033057e+00  3.521358e+00 -9.273775e+00
      vertex -2.351141e+00  3.236068e+00 -9.422350e+00
    endloop
  endfacet
  facet normal  2.392924e-01 -9.333711e-01  2.675027e-01
    outer loop
      vertex  4.898425e-16  4.000000e+00 -9.422350e+00
      vertex  4.935606e-16  4.030362e+00 -9.316412e+00
      vertex -2.033057e+00  3.521358e+00 -9.273775e+00
    endloop
  endfacet
  facet normal  4.263339e-01 -3.097497e-01  8.498792e-01
    outer loop
      vertex -3.521358e+00  2.033057e+00 -9.273775e+00
      vertex -3.804226e+00  1.236068e+00 -9.422350e+00
      vertex -2.351141e+00  3.236068e+00 -9.422350e+00
    endloop
  endfacet
  facet normal  6.986484e-01 -6.986484e-01 -1.542106e-01
    outer loop
      vertex -3.521358e+00  2.033057e+00 -9.273775e+00
      vertex -2.351141e+00  3.236068e+00 -9.422350e+00
      vertex -2.033057e+00  3.521358e+00 -9.273775e+00
    endloop
  endfacet
  facet normal  4.934450e-01  -0.000000e+00  8.697771e-01
    outer loop
      vertex -4.066113e+00 -1.134474e-12 -9.273775e+00
      vertex -3.804226e+00 -1.236068e+00 -9.422350e+00
      vertex -3.804226e+00  1.236068e+00 -9.422350e+00
    endloop
  endfacet
  facet normal  8.806367e-01 -2.359658e-01 -4.108516e-01
    outer loop
      vertex -4.066113e+00 -1.134474e-12 -9.273775e+00
      vertex -3.804226e+00  1.236068e+00 -9.422350e+00
      vertex -3.521358e+00  2.033057e+00 -9.273775e+00
    endloop
  endfacet
  facet normal  4.263339e-01  3.097497e-01  8.498792e-01
    outer loop
      vertex -3.521358e+00 -2.033057e+00 -9.273775e+00
      vertex -2.351141e+00 -3.236068e+00 -9.422350e+00
      vertex -3.804226e+00 -1.236068e+00 -9.422350e+00
    endloop
  endfacet
  facet normal  8.806367e-01  2.359658e-01 -4.108516e-01
    outer loop
      vertex -3.521358e+00 -2.033057e+00 -9.273775e+00
      vertex -3.804226e+00 -1.236068e+00 -9.422350e+00
      vertex -4.066113e+00 -1.134474e-12 -9.273775e+00
    endloop
  endfacet
  facet normal  6.986484e-01  6.986484e-01 -1.542106e-01
    outer loop
      vertex -2.033057e+00 -3.521358e+00 -9.273775e+00
      vertex -2.351141e+00 -3.236068e+00 -9.422350e+00
      vertex -3.521358e+00 -2.033057e+00 -9.273775e+00
    endloop
  endfacet
  facet normal  1.038218e-01  3.806630e-01  9.188671e-01
    outer loop
      vertex  0.000000e+00 -4.199985e+00 -9.222350e+00
      vertex  0.000000e+00 -4.058573e+00 -9.280933e+00
      vertex -2.033057e+00 -3.521358e+00 -9.273775e+00
    endloop
  endfacet
  facet normal  1.801825e-01 -6.584738e-01  7.307163e-01
    outer loop
      vertex -2.033057e+00  3.521358e+00 -9.273775e+00
      vertex  4.935606e-16  4.030362e+00 -9.316412e+00
      vertex  5.035861e-16  4.112229e+00 -9.242639e+00
    endloop
  endfacet
  facet normal -1.392729e-02 -5.188198e-02  9.985561e-01
    outer loop
      vertex -1.058105e-15 -4.220745e+00 -9.223429e+00
      vertex  0.000000e+00 -4.199985e+00 -9.222350e+00
      vertex -2.113731e+00 -3.653331e+00 -9.223429e+00
    endloop
  endfacet
  facet normal  8.023120e-02  3.120953e-01  9.466570e-01
    outer loop
      vertex -2.113731e+00 -3.653331e+00 -9.223429e+00
      vertex  0.000000e+00 -4.199985e+00 -9.222350e+00
      vertex -2.033057e+00 -3.521358e+00 -9.273775e+00
    endloop
  endfacet
  facet normal  2.247354e-01  2.243639e-01  9.482378e-01
    outer loop
      vertex -2.113731e+00 -3.653331e+00 -9.223429e+00
      vertex -2.033057e+00 -3.521358e+00 -9.273775e+00
      vertex -3.656823e+00 -2.107684e+00 -9.223429e+00
    endloop
  endfacet
  facet normal  2.269598e-01  2.269599e-01  9.470894e-01
    outer loop
      vertex -3.656823e+00 -2.107684e+00 -9.223429e+00
      vertex -2.033057e+00 -3.521358e+00 -9.273775e+00
      vertex -3.521358e+00 -2.033057e+00 -9.273775e+00
    endloop
  endfacet
  facet normal  3.071499e-01  8.208879e-02  9.481141e-01
    outer loop
      vertex -3.656823e+00 -2.107684e+00 -9.223429e+00
      vertex -3.521358e+00 -2.033057e+00 -9.273775e+00
      vertex -4.220744e+00  2.327527e-03 -9.223429e+00
    endloop
  endfacet
  facet normal  3.096567e-01  8.297225e-02  9.472214e-01
    outer loop
      vertex -4.220744e+00  2.327527e-03 -9.223429e+00
      vertex -3.521358e+00 -2.033057e+00 -9.273775e+00
      vertex -4.066113e+00 -1.134474e-12 -9.273775e+00
    endloop
  endfacet
  facet normal  3.074160e-01 -8.252326e-02  9.479902e-01
    outer loop
      vertex -4.220744e+00  2.327527e-03 -9.223429e+00
      vertex -4.066113e+00 -1.134474e-12 -9.273775e+00
      vertex -3.654496e+00  2.111716e+00 -9.223429e+00
    endloop
  endfacet
  facet normal  3.092815e-01 -8.287168e-02  9.473528e-01
    outer loop
      vertex -3.654496e+00  2.111716e+00 -9.223429e+00
      vertex -4.066113e+00 -1.134474e-12 -9.273775e+00
      vertex -3.521358e+00  2.033057e+00 -9.273775e+00
    endloop
  endfacet
  facet normal  2.252713e-01 -2.253955e-01  9.478659e-01
    outer loop
      vertex -3.654496e+00  2.111716e+00 -9.223429e+00
      vertex -3.521358e+00  2.033057e+00 -9.273775e+00
      vertex -2.109700e+00  3.655660e+00 -9.223429e+00
    endloop
  endfacet
  facet normal  2.261358e-01 -2.261358e-01  9.474835e-01
    outer loop
      vertex -2.109700e+00  3.655660e+00 -9.223429e+00
      vertex -3.521358e+00  2.033057e+00 -9.273775e+00
      vertex -2.033057e+00  3.521358e+00 -9.273775e+00
    endloop
  endfacet
  facet normal  8.254533e-02 -3.081766e-01  9.477412e-01
    outer loop
      vertex -2.109700e+00  3.655660e+00 -9.223429e+00
      vertex -2.033057e+00  3.521358e+00 -9.273775e+00
      vertex  5.168751e-16  4.220745e+00 -9.223429e+00
    endloop
  endfacet
  facet normal  3.555792e-02 -1.742033e-01  9.840676e-01
    outer loop
      vertex  5.168751e-16  4.220745e+00 -9.223429e+00
      vertex -2.033057e+00  3.521358e+00 -9.273775e+00
      vertex  5.035861e-16  4.112229e+00 -9.242639e+00
    endloop
  endfacet
  facet normal -8.090169e-01 -5.877852e-01  -0.000000e+00
    outer loop
      vertex  3.804226e+00  1.236068e+00 -1.018627e+01
      vertex  2.351141e+00  3.236068e+00 -9.422350e+00
      vertex  2.351141e+00  3.236068e+00 -1.018627e+01
    endloop
  endfacet
  facet normal -3.090170e-01 -9.510565e-01  0.000000e+00
    outer loop
      vertex  2.351141e+00  3.236068e+00 -1.018627e+01
      vertex  2.351141e+00  3.236068e+00 -9.422350e+00
      vertex  4.898425e-16  4.000000e+00 -9.422350e+00
    endloop
  endfacet
  facet normal -3.090170e-01 -9.510565e-01  -0.000000e+00
    outer loop
      vertex  2.351141e+00  3.236068e+00 -1.018627e+01
      vertex  4.898425e-16  4.000000e+00 -9.422350e+00
      vertex  4.898425e-16  4.000000e+00 -1.018627e+01
    endloop
  endfacet
  facet normal -8.090169e-01 -5.877852e-01  0.000000e+00
    outer loop
      vertex  2.351141e+00  3.236068e+00 -9.422350e+00
      vertex  3.804226e+00  1.236068e+00 -1.018627e+01
      vertex  3.804226e+00  1.236068e+00 -9.422350e+00
    endloop
  endfacet
  facet normal -1.000000e+00  0.000000e+00  -0.000000e+00
    outer loop
      vertex  3.804226e+00  1.236068e+00 -9.422350e+00
      vertex  3.804226e+00  1.236068e+00 -1.018627e+01
      vertex  3.804226e+00 -1.236068e+00 -1.018627e+01
    endloop
  endfacet
  facet normal -1.000000e+00  0.000000e+00  0.000000e+00
    outer loop
      vertex  3.804226e+00  1.236068e+00 -9.422350e+00
      vertex  3.804226e+00 -1.236068e+00 -1.018627e+01
      vertex  3.804226e+00 -1.236068e+00 -9.422350e+00
    endloop
  endfacet
  facet normal -8.090169e-01  5.877852e-01  0.000000e+00
    outer loop
      vertex  3.804226e+00 -1.236068e+00 -9.422350e+00
      vertex  3.804226e+00 -1.236068e+00 -1.018627e+01
      vertex  2.351141e+00 -3.236068e+00 -1.018627e+01
    endloop
  endfacet
  facet normal -8.090169e-01  5.877852e-01  0.000000e+00
    outer loop
      vertex  3.804226e+00 -1.236068e+00 -9.422350e+00
      vertex  2.351141e+00 -3.236068e+00 -1.018627e+01
      vertex  2.351141e+00 -3.236068e+00 -9.422350e+00
    endloop
  endfacet
  facet normal -3.090170e-01  9.510565e-01  0.000000e+00
    outer loop
      vertex  2.351141e+00 -3.236068e+00 -9.422350e+00
      vertex  2.351141e+00 -3.236068e+00 -1.018627e+01
      vertex -9.796851e-16 -4.000000e+00 -1.018627e+01
    endloop
  endfacet
  facet normal -3.090170e-01  9.510565e-01  3.962953e-16
    outer loop
      vertex  2.351141e+00 -3.236068e+00 -9.422350e+00
      vertex -9.796851e-16 -4.000000e+00 -1.018627e+01
      vertex  0.000000e+00 -4.000000e+00 -9.422350e+00
    endloop
  endfacet
  facet normal  0.000000e+00  -0.000000e+00  1.000000e+00
    outer loop
      vertex  1.500000e+00  0.000000e+00 -1.018627e+01
      vertex  2.351141e+00 -3.236068e+00 -1.018627e+01
      vertex  3.804226e+00 -1.236068e+00 -1.018627e+01
    endloop
  endfacet
  facet normal  -0.000000e+00  0.000000e+00  1.000000e+00
    outer loop
      vertex -2.351141e+00  3.236068e+00 -1.018627e+01
      vertex -3.804226e+00  1.236068e+00 -1.018627e+01
      vertex -1.500000e+00  1.836910e-16 -1.018627e+01
    endloop
  endfacet
  facet normal  0.000000e+00  -0.000000e+00  9.999999e-01
    outer loop
      vertex -2.351141e+00  3.236068e+00 -1.018627e+01
      vertex -1.500000e+00  1.836910e-16 -1.018627e+01
      vertex -1.060660e+00  1.060660e+00 -1.018627e+01
    endloop
  endfacet
  facet normal  0.000000e+00  -0.000000e+00  1.000000e+00
    outer loop
      vertex -2.351141e+00  3.236068e+00 -1.018627e+01
      vertex -1.060660e+00  1.060660e+00 -1.018627e+01
      vertex  9.184548e-17  1.500000e+00 -1.018627e+01
    endloop
  endfacet
  facet normal  0.000000e+00  -0.000000e+00  1.000000e+00
    outer loop
      vertex -2.351141e+00  3.236068e+00 -1.018627e+01
      vertex  9.184548e-17  1.500000e+00 -1.018627e+01
      vertex  4.898425e-16  4.000000e+00 -1.018627e+01
    endloop
  endfacet
  facet normal  0.000000e+00  0.000000e+00  1.000000e+00
    outer loop
      vertex -3.804226e+00  1.236068e+00 -1.018627e+01
      vertex -3.804226e+00 -1.236068e+00 -1.018627e+01
      vertex -1.500000e+00  1.836910e-16 -1.018627e+01
    endloop
  endfacet
  facet normal  0.000000e+00  0.000000e+00  1.000000e+00
    outer loop
      vertex -1.500000e+00  1.836910e-16 -1.018627e+01
      vertex -3.804226e+00 -1.236068e+00 -1.018627e+01
      vertex -2.351141e+00 -3.236068e+00 -1.018627e+01
    endloop
  endfacet
  facet normal  0.000000e+00  0.000000e+00  1.000000e+00
    outer loop
      vertex -1.500000e+00  1.836910e-16 -1.018627e+01
      vertex -2.351141e+00 -3.236068e+00 -1.018627e+01
      vertex -1.060660e+00 -1.060660e+00 -1.018627e+01
    endloop
  endfacet
  facet normal  0.000000e+00  0.000000e+00  1.000000e+00
    outer loop
      vertex  3.804226e+00 -1.236068e+00 -1.018627e+01
      vertex  3.804226e+00  1.236068e+00 -1.018627e+01
      vertex  1.500000e+00  0.000000e+00 -1.018627e+01
    endloop
  endfacet
  facet normal  0.000000e+00  0.000000e+00  1.000000e+00
    outer loop
      vertex  1.500000e+00  0.000000e+00 -1.018627e+01
      vertex  3.804226e+00  1.236068e+00 -1.018627e+01
      vertex  2.351141e+00  3.236068e+00 -1.018627e+01
    endloop
  endfacet
  facet normal  0.000000e+00  0.000000e+00  1.000000e+00
    outer loop
      vertex  1.500000e+00  0.000000e+00 -1.018627e+01
      vertex  2.351141e+00  3.236068e+00 -1.018627e+01
      vertex  1.060660e+00  1.060660e+00 -1.018627e+01
    endloop
  endfacet
  facet normal  0.000000e+00  -0.000000e+00  1.000000e+00
    outer loop
      vertex  1.060660e+00  1.060660e+00 -1.018627e+01
      vertex  2.351141e+00  3.236068e+00 -1.018627e+01
      vertex  4.898425e-16  4.000000e+00 -1.018627e+01
    endloop
  endfacet
  facet normal  0.000000e+00  0.000000e+00  1.000000e+00
    outer loop
      vertex  1.060660e+00  1.060660e+00 -1.018627e+01
      vertex  4.898425e-16  4.000000e+00 -1.018627e+01
      vertex  9.184548e-17  1.500000e+00 -1.018627e+01
    endloop
  endfacet
  facet normal  0.000000e+00  0.000000e+00  1.000000e+00
    outer loop
      vertex  2.351141e+00 -3.236068e+00 -1.018627e+01
      vertex  1.500000e+00  0.000000e+00 -1.018627e+01
      vertex -9.796851e-16 -4.000000e+00 -1.018627e+01
    endloop
  endfacet
  facet normal  0.000000e+00  0.000000e+00  1.000000e+00
    outer loop
      vertex -9.796851e-16 -4.000000e+00 -1.018627e+01
      vertex  1.500000e+00  0.000000e+00 -1.018627e+01
      vertex  1.060660e+00 -1.060660e+00 -1.018627e+01
    endloop
  endfacet
  facet normal  0.000000e+00  0.000000e+00  1.000000e+00
    outer loop
      vertex -9.796851e-16 -4.000000e+00 -1.018627e+01
      vertex  1.060660e+00 -1.060660e+00 -1.018627e+01
      vertex -2.755364e-16 -1.500000e+00 -1.018627e+01
    endloop
  endfacet
  facet normal  0.000000e+00  0.000000e+00  1.000000e+00
    outer loop
      vertex -1.060660e+00 -1.060660e+00 -1.018627e+01
      vertex -2.351141e+00 -3.236068e+00 -1.018627e+01
      vertex -2.755364e-16 -1.500000e+00 -1.018627e+01
    endloop
  endfacet
  facet normal  0.000000e+00  0.000000e+00  1.000000e+00
    outer loop
      vertex -2.755364e-16 -1.500000e+00 -1.018627e+01
      vertex -2.351141e+00 -3.236068e+00 -1.018627e+01
      vertex -9.796851e-16 -4.000000e+00 -1.018627e+01
    endloop
  endfacet
  facet normal  0.000000e+00  0.000000e+00 -1.000000e+00
    outer loop
      vertex  3.464102e+00 -6.000000e+00 -1.700000e+01
      vertex  5.656854e+00 -5.656854e+00 -1.700000e+01
      vertex  3.061467e+00 -7.391036e+00 -1.700000e+01
    endloop
  endfacet
  facet normal  0.000000e+00  0.000000e+00 -1.000000e+00
    outer loop
      vertex  3.464102e+00  6.000000e+00 -1.700000e+01
      vertex  3.061467e+00  7.391036e+00 -1.700000e+01
      vertex  5.656854e+00  5.656854e+00 -1.700000e+01
    endloop
  endfacet
  facet normal  -0.000000e+00  0.000000e+00 -1.000000e+00
    outer loop
      vertex -6.928203e+00  0.000000e+00 -1.700000e+01
      vertex -3.464102e+00 -6.000000e+00 -1.700000e+01
      vertex -3.612677e+00 -7.137826e+00 -1.700000e+01
    endloop
  endfacet
  facet normal  0.000000e+00  0.000000e+00 -1.000000e+00
    outer loop
      vertex -6.928203e+00  0.000000e+00 -1.700000e+01
      vertex -3.612677e+00 -7.137826e+00 -1.700000e+01
      vertex -5.935519e+00 -5.363731e+00 -1.700000e+01
    endloop
  endfacet
  facet normal  0.000000e+00  0.000000e+00 -9.999999e-01
    outer loop
      vertex -6.928203e+00  0.000000e+00 -1.700000e+01
      vertex -5.935519e+00 -5.363731e+00 -1.700000e+01
      vertex -7.466062e+00 -2.873660e+00 -1.700000e+01
    endloop
  endfacet
  facet normal  0.000000e+00  0.000000e+00 -1.000000e+00
    outer loop
      vertex -6.928203e+00  0.000000e+00 -1.700000e+01
      vertex -7.466062e+00 -2.873660e+00 -1.700000e+01
      vertex -8.000000e+00 -1.137601e-12 -1.700000e+01
    endloop
  endfacet
  facet normal  0.000000e+00  0.000000e+00 -9.999999e-01
    outer loop
      vertex -6.928203e+00  0.000000e+00 -1.700000e+01
      vertex -8.000000e+00 -1.137601e-12 -1.700000e+01
      vertex -7.391036e+00  3.061467e+00 -1.700000e+01
    endloop
  endfacet
  facet normal  0.000000e+00  0.000000e+00 -1.000000e+00
    outer loop
      vertex -6.928203e+00  0.000000e+00 -1.700000e+01
      vertex -7.391036e+00  3.061467e+00 -1.700000e+01
      vertex -5.656854e+00  5.656854e+00 -1.700000e+01
    endloop
  endfacet
  facet normal  0.000000e+00  -0.000000e+00 -1.000000e+00
    outer loop
      vertex -6.928203e+00  0.000000e+00 -1.700000e+01
      vertex -5.656854e+00  5.656854e+00 -1.700000e+01
      vertex -3.061467e+00  7.391036e+00 -1.700000e+01
    endloop
  endfacet
  facet normal  0.000000e+00  0.000000e+00 -1.000000e+00
    outer loop
      vertex -6.928203e+00  0.000000e+00 -1.700000e+01
      vertex -3.061467e+00  7.391036e+00 -1.700000e+01
      vertex -3.464102e+00  6.000000e+00 -1.700000e+01
    endloop
  endfacet
  facet normal  0.000000e+00  0.000000e+00 -9.999999e-01
    outer loop
      vertex  6.928203e+00  0.000000e+00 -1.700000e+01
      vertex  3.464102e+00  6.000000e+00 -1.700000e+01
      vertex  5.656854e+00  5.656854e+00 -1.700000e+01
    endloop
  endfacet
  facet normal  0.000000e+00  0.000000e+00 -9.999999e-01
    outer loop
      vertex  6.928203e+00  0.000000e+00 -1.700000e+01
      vertex  5.656854e+00  5.656854e+00 -1.700000e+01
      vertex  7.391036e+00  3.061467e+00 -1.700000e+01
    endloop
  endfacet
  facet normal  0.000000e+00  -0.000000e+00 -1.000000e+00
    outer loop
      vertex  6.928203e+00  0.000000e+00 -1.700000e+01
      vertex  7.391036e+00  3.061467e+00 -1.700000e+01
      vertex  8.000000e+00 -1.139561e-12 -1.700000e+01
    endloop
  endfacet
  facet normal  -0.000000e+00  0.000000e+00 -9.999999e-01
    outer loop
      vertex  6.928203e+00  0.000000e+00 -1.700000e+01
      vertex  8.000000e+00 -1.139561e-12 -1.700000e+01
      vertex  7.391036e+00 -3.061467e+00 -1.700000e+01
    endloop
  endfacet
  facet normal  -0.000000e+00  0.000000e+00 -1.000000e+00
    outer loop
      vertex  6.928203e+00  0.000000e+00 -1.700000e+01
      vertex  7.391036e+00 -3.061467e+00 -1.700000e+01
      vertex  5.656854e+00 -5.656854e+00 -1.700000e+01
    endloop
  endfacet
  facet normal  -0.000000e+00  0.000000e+00 -9.999999e-01
    outer loop
      vertex  6.928203e+00  0.000000e+00 -1.700000e+01
      vertex  5.656854e+00 -5.656854e+00 -1.700000e+01
      vertex  3.464102e+00 -6.000000e+00 -1.700000e+01
    endloop
  endfacet
  facet normal  -0.000000e+00  0.000000e+00 -1.000000e+00
    outer loop
      vertex -3.464102e+00 -6.000000e+00 -1.700000e+01
      vertex  3.464102e+00 -6.000000e+00 -1.700000e+01
      vertex  3.061467e+00 -7.391036e+00 -1.700000e+01
    endloop
  endfacet
  facet normal  -0.000000e+00  0.000000e+00 -1.000000e+00
    outer loop
      vertex -3.464102e+00 -6.000000e+00 -1.700000e+01
      vertex  3.061467e+00 -7.391036e+00 -1.700000e+01
      vertex  0.000000e+00 -8.000000e+00 -1.700000e+01
    endloop
  endfacet
  facet normal  0.000000e+00  0.000000e+00 -9.999999e-01
    outer loop
      vertex -3.464102e+00 -6.000000e+00 -1.700000e+01
      vertex  0.000000e+00 -8.000000e+00 -1.700000e+01
      vertex -8.075976e-01 -7.959132e+00 -1.700000e+01
    endloop
  endfacet
  facet normal  0.000000e+00  0.000000e+00 -9.999999e-01
    outer loop
      vertex -3.464102e+00 -6.000000e+00 -1.700000e+01
      vertex -8.075976e-01 -7.959132e+00 -1.700000e+01
      vertex -3.612677e+00 -7.137826e+00 -1.700000e+01
    endloop
  endfacet
  facet normal  0.000000e+00  -0.000000e+00 -1.000000e+00
    outer loop
      vertex -3.464102e+00  6.000000e+00 -1.700000e+01
      vertex -3.061467e+00  7.391036e+00 -1.700000e+01
      vertex  9.796851e-16  8.000000e+00 -1.700000e+01
    endloop
  endfacet
  facet normal  0.000000e+00  -0.000000e+00 -1.000000e+00
    outer loop
      vertex -3.464102e+00  6.000000e+00 -1.700000e+01
      vertex  9.796851e-16  8.000000e+00 -1.700000e+01
      vertex  3.061467e+00  7.391036e+00 -1.700000e+01
    endloop
  endfacet
  facet normal  0.000000e+00  -0.000000e+00 -1.000000e+00
    outer loop
      vertex -3.464102e+00  6.000000e+00 -1.700000e+01
      vertex  3.061467e+00  7.391036e+00 -1.700000e+01
      vertex  3.464102e+00  6.000000e+00 -1.700000e+01
    endloop
  endfacet
  facet normal -9.067603e-01 -4.216465e-01  0.000000e+00
    outer loop
      vertex -7.008728e+00 -3.857166e+00 -6.413879e+00
      vertex -7.466062e+00 -2.873660e+00 -1.700000e+01
      vertex -7.008728e+00 -3.857166e+00 -1.400000e+01
    endloop
  endfacet
  facet normal -9.798158e-01  1.948975e-01 -4.445153e-02
    outer loop
      vertex -7.937366e+00  9.991139e-01 -1.400000e+01
      vertex -7.391036e+00  3.061467e+00 -1.700000e+01
      vertex -8.000000e+00 -1.137601e-12 -1.700000e+01
    endloop
  endfacet
  facet normal -3.071764e-01  9.453914e-01 -1.089848e-01
    outer loop
      vertex -3.402995e+00  7.240140e+00 -1.400000e+01
      vertex -1.502567e+00  7.857626e+00 -1.400000e+01
      vertex  9.796851e-16  8.000000e+00 -1.700000e+01
    endloop
  endfacet
  facet normal -1.950187e-01  9.804248e-01  2.711269e-02
    outer loop
      vertex -3.402995e+00  7.240140e+00 -1.400000e+01
      vertex  9.796851e-16  8.000000e+00 -1.700000e+01
      vertex -3.061467e+00  7.391036e+00 -1.700000e+01
    endloop
  endfacet
  facet normal -6.630949e-01  7.475758e-01 -3.788622e-02
    outer loop
      vertex -3.402995e+00  7.240140e+00 -1.400000e+01
      vertex -3.061467e+00  7.391036e+00 -1.700000e+01
      vertex -4.702282e+00  6.472136e+00 -6.413879e+00
    endloop
  endfacet
  facet normal -5.088488e-01  8.608559e-01  0.000000e+00
    outer loop
      vertex -3.402995e+00  7.240140e+00 -1.400000e+01
      vertex -4.702282e+00  6.472136e+00 -6.413879e+00
      vertex -3.402995e+00  7.240140e+00 -6.413879e+00
    endloop
  endfacet
  facet normal -9.997821e-01  0.000000e+00  2.087361e-02
    outer loop
      vertex -7.937366e+00 -9.991139e-01 -1.400000e+01
      vertex -7.937366e+00  9.991139e-01 -1.400000e+01
      vertex -8.000000e+00 -1.137601e-12 -1.700000e+01
    endloop
  endfacet
  facet normal -9.823749e-01 -1.825295e-01 -4.027907e-02
    outer loop
      vertex -7.937366e+00 -9.991139e-01 -1.400000e+01
      vertex -8.000000e+00 -1.137601e-12 -1.700000e+01
      vertex -7.466062e+00 -2.873660e+00 -1.700000e+01
    endloop
  endfacet
  facet normal -9.630633e-01 -2.687606e-01  1.663625e-02
    outer loop
      vertex -7.937366e+00 -9.991139e-01 -1.400000e+01
      vertex -7.466062e+00 -2.873660e+00 -1.700000e+01
      vertex -7.008728e+00 -3.857166e+00 -6.413879e+00
    endloop
  endfacet
  facet normal -9.510565e-01 -3.090170e-01  0.000000e+00
    outer loop
      vertex -7.937366e+00 -9.991139e-01 -1.400000e+01
      vertex -7.008728e+00 -3.857166e+00 -6.413879e+00
      vertex -7.937366e+00 -9.991139e-01 -6.413879e+00
    endloop
  endfacet
  facet normal -8.070776e-01 -5.863762e-01 -6.920030e-02
    outer loop
      vertex -5.834199e+00 -5.473766e+00 -1.400000e+01
      vertex -7.008728e+00 -3.857166e+00 -1.400000e+01
      vertex -7.466062e+00 -2.873660e+00 -1.700000e+01
    endloop
  endfacet
  facet normal -8.518954e-01 -5.236245e-01  9.565529e-03
    outer loop
      vertex -5.834199e+00 -5.473766e+00 -1.400000e+01
      vertex -7.466062e+00 -2.873660e+00 -1.700000e+01
      vertex -5.935519e+00 -5.363731e+00 -1.700000e+01
    endloop
  endfacet
  facet normal -6.351402e-01 -7.723663e-01 -6.878459e-03
    outer loop
      vertex -5.834199e+00 -5.473766e+00 -1.400000e+01
      vertex -5.935519e+00 -5.363731e+00 -1.700000e+01
      vertex -4.702282e+00 -6.472136e+00 -6.413879e+00
    endloop
  endfacet
  facet normal -6.614797e-01 -7.499630e-01  0.000000e+00
    outer loop
      vertex -5.834199e+00 -5.473766e+00 -1.400000e+01
      vertex -4.702282e+00 -6.472136e+00 -6.413879e+00
      vertex -5.834199e+00 -5.473766e+00 -6.413879e+00
    endloop
  endfacet
  facet normal -5.053950e-02 -9.987221e-01 -9.354284e-18
    outer loop
      vertex  0.000000e+00 -8.000000e+00 -1.700000e+01
      vertex -1.959370e-15 -8.000000e+00 -6.413879e+00
      vertex -8.075976e-01 -7.959132e+00 -1.700000e+01
    endloop
  endfacet
  facet normal -9.433050e-02 -9.955353e-01  3.353046e-03
    outer loop
      vertex -8.075976e-01 -7.959132e+00 -1.700000e+01
      vertex -1.959370e-15 -8.000000e+00 -6.413879e+00
      vertex -1.502567e+00 -7.857626e+00 -6.413879e+00
    endloop
  endfacet
  facet normal -1.445244e-01 -9.895012e-01  -0.000000e+00
    outer loop
      vertex -8.075976e-01 -7.959132e+00 -1.700000e+01
      vertex -1.502567e+00 -7.857626e+00 -6.413879e+00
      vertex -1.502567e+00 -7.857626e+00 -1.400000e+01
    endloop
  endfacet
  facet normal -2.808461e-01 -9.591988e-01 -3.260508e-02
    outer loop
      vertex -8.075976e-01 -7.959132e+00 -1.700000e+01
      vertex -1.502567e+00 -7.857626e+00 -1.400000e+01
      vertex -3.612677e+00 -7.137826e+00 -1.700000e+01
    endloop
  endfacet
  facet normal -3.089989e-01 -9.510006e-01 -1.083621e-02
    outer loop
      vertex -3.612677e+00 -7.137826e+00 -1.700000e+01
      vertex -1.502567e+00 -7.857626e+00 -1.400000e+01
      vertex -3.402995e+00 -7.240140e+00 -1.400000e+01
    endloop
  endfacet
  facet normal -4.385258e-01 -8.987187e-01  0.000000e+00
    outer loop
      vertex -3.612677e+00 -7.137826e+00 -1.700000e+01
      vertex -3.402995e+00 -7.240140e+00 -1.400000e+01
      vertex -3.402995e+00 -7.240140e+00 -6.413879e+00
    endloop
  endfacet
  facet normal -5.086067e-01 -8.604465e-01 -3.084137e-02
    outer loop
      vertex -4.702282e+00 -6.472136e+00 -6.413879e+00
      vertex -5.935519e+00 -5.363731e+00 -1.700000e+01
      vertex -3.402995e+00 -7.240140e+00 -6.413879e+00
    endloop
  endfacet
  facet normal -6.069703e-01 -7.947127e-01  4.341631e-03
    outer loop
      vertex -3.402995e+00 -7.240140e+00 -6.413879e+00
      vertex -5.935519e+00 -5.363731e+00 -1.700000e+01
      vertex -3.612677e+00 -7.137826e+00 -1.700000e+01
    endloop
  endfacet
  facet normal -9.666575e-01  2.560732e-01  0.000000e+00
    outer loop
      vertex -7.937366e+00  9.991139e-01 -1.400000e+01
      vertex -7.937366e+00  9.991139e-01 -6.413879e+00
      vertex -7.391036e+00  3.061467e+00 -1.700000e+01
    endloop
  endfacet
  facet normal -9.509977e-01  3.089978e-01  1.111878e-02
    outer loop
      vertex -7.391036e+00  3.061467e+00 -1.700000e+01
      vertex -7.937366e+00  9.991139e-01 -6.413879e+00
      vertex -7.008728e+00  3.857166e+00 -6.413879e+00
    endloop
  endfacet
  facet normal -9.013584e-01  4.330740e-01  0.000000e+00
    outer loop
      vertex -7.391036e+00  3.061467e+00 -1.700000e+01
      vertex -7.008728e+00  3.857166e+00 -6.413879e+00
      vertex -7.008728e+00  3.857166e+00 -1.400000e+01
    endloop
  endfacet
  facet normal -8.307581e-01  5.550948e-01 -4.136094e-02
    outer loop
      vertex -7.391036e+00  3.061467e+00 -1.700000e+01
      vertex -7.008728e+00  3.857166e+00 -1.400000e+01
      vertex -5.656854e+00  5.656854e+00 -1.700000e+01
    endloop
  endfacet
  facet normal -8.089591e-01  5.877434e-01 -1.195201e-02
    outer loop
      vertex -5.656854e+00  5.656854e+00 -1.700000e+01
      vertex -7.008728e+00  3.857166e+00 -1.400000e+01
      vertex -5.834199e+00  5.473766e+00 -1.400000e+01
    endloop
  endfacet
  facet normal -7.182825e-01  6.957516e-01  0.000000e+00
    outer loop
      vertex -5.656854e+00  5.656854e+00 -1.700000e+01
      vertex -5.834199e+00  5.473766e+00 -1.400000e+01
      vertex -5.834199e+00  5.473766e+00 -6.413879e+00
    endloop
  endfacet
  facet normal -6.610169e-01  7.494382e-01 -3.740252e-02
    outer loop
      vertex -4.702282e+00  6.472136e+00 -6.413879e+00
      vertex -3.061467e+00  7.391036e+00 -1.700000e+01
      vertex -5.834199e+00  5.473766e+00 -6.413879e+00
    endloop
  endfacet
  facet normal -5.555630e-01  8.314589e-01  5.073038e-03
    outer loop
      vertex -5.834199e+00  5.473766e+00 -6.413879e+00
      vertex -3.061467e+00  7.391036e+00 -1.700000e+01
      vertex -5.656854e+00  5.656854e+00 -1.700000e+01
    endloop
  endfacet
  facet normal -9.433103e-02  9.955408e-01  1.266193e-17
    outer loop
      vertex  2.400646e-15  8.000000e+00 -6.413879e+00
      vertex  9.796851e-16  8.000000e+00 -1.700000e+01
      vertex -1.502567e+00  7.857626e+00 -6.413879e+00
    endloop
  endfacet
  facet normal -9.433103e-02  9.955408e-01  0.000000e+00
    outer loop
      vertex -1.502567e+00  7.857626e+00 -6.413879e+00
      vertex  9.796851e-16  8.000000e+00 -1.700000e+01
      vertex -1.502567e+00  7.857626e+00 -1.400000e+01
    endloop
  endfacet
  facet normal  0.000000e+00  0.000000e+00 -1.000000e+00
    outer loop
      vertex  7.008728e+00  3.857166e+00 -1.400000e+01
      vertex  5.834199e+00  5.473766e+00 -1.400000e+01
      vertex  1.850434e+01  1.189913e+01 -1.400000e+01
    endloop
  endfacet
  facet normal  -0.000000e+00  0.000000e+00 -1.000000e+00
    outer loop
      vertex  1.850434e+01  1.189913e+01 -1.400000e+01
      vertex  5.834199e+00  5.473766e+00 -1.400000e+01
      vertex  1.703489e+01  1.392166e+01 -1.400000e+01
    endloop
  endfacet
  facet normal -6.087479e-01 -7.933355e-01  6.691482e-03
    outer loop
      vertex  1.293127e+01  1.779838e+01  1.691042e-10
      vertex  1.100000e+01  1.905256e+01 -2.700000e+01
      vertex  1.555635e+01  1.555635e+01 -2.700000e+01
    endloop
  endfacet
  facet normal -9.238704e-01 -3.826796e-01  4.459010e-03
    outer loop
      vertex  2.125037e+01  5.694019e+00 -2.700000e+01
      vertex  2.092324e+01  6.798380e+00  1.691051e-10
      vertex  1.905256e+01  1.100000e+01 -2.700000e+01
    endloop
  endfacet
  facet normal -9.913969e-01  1.305199e-01  9.839554e-03
    outer loop
      vertex  2.200000e+01 -1.146629e-12 -2.700000e+01
      vertex  2.125037e+01 -5.694019e+00 -2.700000e+01
      vertex  2.196446e+01 -1.249986e+00 -1.400000e+01
    endloop
  endfacet
  facet normal -6.087479e-01  7.933356e-01  6.691516e-03
    outer loop
      vertex  1.100000e+01 -1.905256e+01 -2.700000e+01
      vertex  1.293128e+01 -1.779837e+01  1.691070e-10
      vertex  1.555635e+01 -1.555635e+01 -2.700000e+01
    endloop
  endfacet
  facet normal -9.828433e-01 -1.844423e-01  -0.000000e+00
    outer loop
      vertex  2.196446e+01  1.250000e+00 -1.400000e+01
      vertex  2.196446e+01  1.250000e+00  1.691055e-10
      vertex  2.092324e+01  6.798380e+00  1.691051e-10
    endloop
  endfacet
  facet normal -9.849904e-01 -1.725400e-01 -4.876698e-03
    outer loop
      vertex  2.196446e+01  1.250000e+00 -1.400000e+01
      vertex  2.092324e+01  6.798380e+00  1.691051e-10
      vertex  2.125037e+01  5.694019e+00 -2.700000e+01
    endloop
  endfacet
  facet normal -9.913969e-01 -1.305199e-01  9.839692e-03
    outer loop
      vertex  2.196446e+01  1.250000e+00 -1.400000e+01
      vertex  2.125037e+01  5.694019e+00 -2.700000e+01
      vertex  2.200000e+01 -1.146629e-12 -2.700000e+01
    endloop
  endfacet
  facet normal -9.999962e-01  0.000000e+00 -2.733808e-03
    outer loop
      vertex  2.196446e+01  1.250000e+00 -1.400000e+01
      vertex  2.200000e+01 -1.146629e-12 -2.700000e+01
      vertex  2.196446e+01 -1.249986e+00 -1.400000e+01
    endloop
  endfacet
  facet normal -9.035491e-01 -4.284846e-01  0.000000e+00
    outer loop
      vertex  1.850434e+01  1.189913e+01 -1.400000e+01
      vertex  2.092324e+01  6.798380e+00  1.691051e-10
      vertex  1.850434e+01  1.189913e+01 -6.005481e-15
    endloop
  endfacet
  facet normal -8.958901e-01 -4.442196e-01 -7.056159e-03
    outer loop
      vertex  2.092324e+01  6.798380e+00  1.691051e-10
      vertex  1.850434e+01  1.189913e+01 -1.400000e+01
      vertex  1.905256e+01  1.100000e+01 -2.700000e+01
    endloop
  endfacet
  facet normal -8.089995e-01 -5.877730e-01  6.536711e-03
    outer loop
      vertex  1.905256e+01  1.100000e+01 -2.700000e+01
      vertex  1.850434e+01  1.189913e+01 -1.400000e+01
      vertex  1.703489e+01  1.392166e+01 -1.400000e+01
    endloop
  endfacet
  facet normal -7.932791e-01 -6.087045e-01  1.368082e-02
    outer loop
      vertex  1.905256e+01  1.100000e+01 -2.700000e+01
      vertex  1.703489e+01  1.392166e+01 -1.400000e+01
      vertex  1.555635e+01  1.555635e+01 -2.700000e+01
    endloop
  endfacet
  facet normal -7.416411e-01 -6.707969e-01  0.000000e+00
    outer loop
      vertex  1.555635e+01  1.555635e+01 -2.700000e+01
      vertex  1.703489e+01  1.392166e+01 -1.400000e+01
      vertex  1.703489e+01  1.392166e+01  1.691045e-10
    endloop
  endfacet
  facet normal -6.867107e-01 -7.269027e-01 -6.404914e-03
    outer loop
      vertex  1.555635e+01  1.555635e+01 -2.700000e+01
      vertex  1.703489e+01  1.392166e+01  1.691045e-10
      vertex  1.293127e+01  1.779838e+01  1.691042e-10
    endloop
  endfacet
  facet normal -6.867251e-01  7.269171e-01  0.000000e+00
    outer loop
      vertex  1.703490e+01 -1.392165e+01 -1.400000e+01
      vertex  1.293128e+01 -1.779837e+01  1.691070e-10
      vertex  1.703490e+01 -1.392165e+01 -3.570974e-15
    endloop
  endfacet
  facet normal -7.034021e-01  7.107303e-01 -9.370579e-03
    outer loop
      vertex  1.293128e+01 -1.779837e+01  1.691070e-10
      vertex  1.703490e+01 -1.392165e+01 -1.400000e+01
      vertex  1.555635e+01 -1.555635e+01 -2.700000e+01
    endloop
  endfacet
  facet normal -8.088847e-01  5.876887e-01  1.809849e-02
    outer loop
      vertex  1.555635e+01 -1.555635e+01 -2.700000e+01
      vertex  1.703490e+01 -1.392165e+01 -1.400000e+01
      vertex  1.850435e+01 -1.189911e+01 -1.400000e+01
    endloop
  endfacet
  facet normal -7.933236e-01  6.087387e-01  8.647760e-03
    outer loop
      vertex  1.555635e+01 -1.555635e+01 -2.700000e+01
      vertex  1.850435e+01 -1.189911e+01 -1.400000e+01
      vertex  1.905256e+01 -1.100000e+01 -2.700000e+01
    endloop
  endfacet
  facet normal -8.538107e-01  5.205837e-01  0.000000e+00
    outer loop
      vertex  1.905256e+01 -1.100000e+01 -2.700000e+01
      vertex  1.850435e+01 -1.189911e+01 -1.400000e+01
      vertex  1.850435e+01 -1.189911e+01  1.691066e-10
    endloop
  endfacet
  facet normal -9.035417e-01  4.284806e-01 -4.076818e-03
    outer loop
      vertex  1.905256e+01 -1.100000e+01 -2.700000e+01
      vertex  1.850435e+01 -1.189911e+01  1.691066e-10
      vertex  2.092325e+01 -6.798367e+00  1.691062e-10
    endloop
  endfacet
  facet normal -1.305262e-01 -9.914443e-01  9.747260e-04
    outer loop
      vertex  5.694019e+00  2.125037e+01 -2.700000e+01
      vertex  5.598571e+00  2.127571e+01 -1.400000e+01
      vertex  1.246410e-14  2.200000e+01 -2.700000e+01
    endloop
  endfacet
  facet normal -1.283005e-01 -9.917353e-01  0.000000e+00
    outer loop
      vertex  1.246410e-14  2.200000e+01 -2.700000e+01
      vertex  5.598571e+00  2.127571e+01 -1.400000e+01
      vertex  5.598571e+00  2.127571e+01  1.691039e-10
    endloop
  endfacet
  facet normal -1.283005e-01 -9.917353e-01  0.000000e+00
    outer loop
      vertex  1.246410e-14  2.200000e+01 -2.700000e+01
      vertex  5.598571e+00  2.127571e+01  1.691039e-10
      vertex  1.246410e-14  2.200000e+01  1.817990e-15
    endloop
  endfacet
  facet normal -3.826832e-01 -9.238791e-01 -1.008395e-03
    outer loop
      vertex  5.694019e+00  2.125037e+01 -2.700000e+01
      vertex  1.100000e+01  1.905256e+01 -2.700000e+01
      vertex  5.598571e+00  2.127571e+01 -1.400000e+01
    endloop
  endfacet
  facet normal -3.088363e-01 -9.504992e-01  3.422699e-02
    outer loop
      vertex  5.598571e+00  2.127571e+01 -1.400000e+01
      vertex  1.100000e+01  1.905256e+01 -2.700000e+01
      vertex  7.976199e+00  2.050318e+01 -1.400000e+01
    endloop
  endfacet
  facet normal -4.610849e-01 -8.873178e-01 -8.236214e-03
    outer loop
      vertex  1.100000e+01  1.905256e+01 -2.700000e+01
      vertex  1.293127e+01  1.779838e+01  1.691042e-10
      vertex  7.976199e+00  2.050318e+01 -1.400000e+01
    endloop
  endfacet
  facet normal -4.791295e-01 -8.777441e-01  0.000000e+00
    outer loop
      vertex  7.976199e+00  2.050318e+01 -1.400000e+01
      vertex  1.293127e+01  1.779838e+01  1.691042e-10
      vertex  7.976199e+00  2.050318e+01 -6.816712e-15
    endloop
  endfacet
  facet normal -9.238704e-01  3.826796e-01  4.459017e-03
    outer loop
      vertex  1.905256e+01 -1.100000e+01 -2.700000e+01
      vertex  2.092325e+01 -6.798367e+00  1.691062e-10
      vertex  2.125037e+01 -5.694019e+00 -2.700000e+01
    endloop
  endfacet
  facet normal -9.828342e-01  1.844395e-01 -4.363739e-03
    outer loop
      vertex  2.125037e+01 -5.694019e+00 -2.700000e+01
      vertex  2.092325e+01 -6.798367e+00  1.691062e-10
      vertex  2.196446e+01 -1.249986e+00 -4.765719e-15
    endloop
  endfacet
  facet normal -9.873348e-01  1.586505e-01  0.000000e+00
    outer loop
      vertex  2.125037e+01 -5.694019e+00 -2.700000e+01
      vertex  2.196446e+01 -1.249986e+00 -4.765719e-15
      vertex  2.196446e+01 -1.249986e+00 -1.400000e+01
    endloop
  endfacet
  facet normal -1.305261e-01  9.914444e-01  9.745692e-04
    outer loop
      vertex -2.492819e-14 -2.200000e+01 -2.700000e+01
      vertex  5.598584e+00 -2.127571e+01 -1.400000e+01
      vertex  5.694019e+00 -2.125037e+01 -2.700000e+01
    endloop
  endfacet
  facet normal -3.090174e-01  9.510564e-01 -4.144925e-04
    outer loop
      vertex  5.694019e+00 -2.125037e+01 -2.700000e+01
      vertex  5.598584e+00 -2.127571e+01 -1.400000e+01
      vertex  7.976212e+00 -2.050317e+01 -1.400000e+01
    endloop
  endfacet
  facet normal -3.826455e-01  9.237880e-01  1.407846e-02
    outer loop
      vertex  5.694019e+00 -2.125037e+01 -2.700000e+01
      vertex  7.976212e+00 -2.050317e+01 -1.400000e+01
      vertex  1.100000e+01 -1.905256e+01 -2.700000e+01
    endloop
  endfacet
  facet normal -4.325359e-01  9.016167e-01  0.000000e+00
    outer loop
      vertex  1.100000e+01 -1.905256e+01 -2.700000e+01
      vertex  7.976212e+00 -2.050317e+01 -1.400000e+01
      vertex  7.976212e+00 -2.050317e+01  1.691072e-10
    endloop
  endfacet
  facet normal -4.791200e-01  8.777252e-01 -6.500650e-03
    outer loop
      vertex  1.100000e+01 -1.905256e+01 -2.700000e+01
      vertex  7.976212e+00 -2.050317e+01  1.691072e-10
      vertex  1.293128e+01 -1.779837e+01  1.691070e-10
    endloop
  endfacet
  facet normal -1.283008e-01  9.917353e-01  0.000000e+00
    outer loop
      vertex  5.598584e+00 -2.127571e+01 -2.877597e-15
      vertex  5.598584e+00 -2.127571e+01 -1.400000e+01
      vertex  0.000000e+00 -2.200000e+01  1.691074e-10
    endloop
  endfacet
  facet normal -1.283008e-01  9.917353e-01  1.184558e-16
    outer loop
      vertex  0.000000e+00 -2.200000e+01  1.691074e-10
      vertex  5.598584e+00 -2.127571e+01 -1.400000e+01
      vertex -2.492819e-14 -2.200000e+01 -2.700000e+01
    endloop
  endfacet
  facet normal  -0.000000e+00  0.000000e+00 -9.999999e-01
    outer loop
      vertex  2.200000e+01 -1.146629e-12 -2.700000e+01
      vertex  2.524544e+01 -9.574332e+00 -2.700000e+01
      vertex  2.222056e+01 -1.533775e+01 -2.700000e+01
    endloop
  endfacet
  facet normal  0.000000e+00  0.000000e+00 -1.000000e+00
    outer loop
      vertex  1.555635e+01 -1.555635e+01 -2.700000e+01
      vertex  1.254753e+01 -2.390731e+01 -2.700000e+01
      vertex  1.100000e+01 -1.905256e+01 -2.700000e+01
    endloop
  endfacet
  facet normal  0.000000e+00  0.000000e+00 -1.000000e+00
    outer loop
      vertex  2.222056e+01  1.533775e+01 -2.700000e+01
      vertex  2.200000e+01 -1.146629e-12 -2.700000e+01
      vertex  2.125037e+01  5.694019e+00 -2.700000e+01
    endloop
  endfacet
  facet normal  -0.000000e+00  0.000000e+00 -9.999999e-01
    outer loop
      vertex  2.222056e+01  1.533775e+01 -2.700000e+01
      vertex  2.524544e+01  9.574332e+00 -2.700000e+01
      vertex  2.200000e+01 -1.146629e-12 -2.700000e+01
    endloop
  endfacet
  facet normal  0.000000e+00  0.000000e+00 -1.000000e+00
    outer loop
      vertex  2.200000e+01 -1.146629e-12 -2.700000e+01
      vertex  2.524544e+01  9.574332e+00 -2.700000e+01
      vertex  2.680314e+01  3.254490e+00 -2.700000e+01
    endloop
  endfacet
  facet normal  0.000000e+00  0.000000e+00 -9.999999e-01
    outer loop
      vertex  2.200000e+01 -1.146629e-12 -2.700000e+01
      vertex  2.680314e+01  3.254490e+00 -2.700000e+01
      vertex  2.524544e+01 -9.574332e+00 -2.700000e+01
    endloop
  endfacet
  facet normal  0.000000e+00  0.000000e+00 -9.999999e-01
    outer loop
      vertex  2.524544e+01 -9.574332e+00 -2.700000e+01
      vertex  2.680314e+01  3.254490e+00 -2.700000e+01
      vertex  2.680314e+01 -3.254490e+00 -2.700000e+01
    endloop
  endfacet
  facet normal  0.000000e+00  -0.000000e+00 -1.000000e+00
    outer loop
      vertex  1.254753e+01 -2.390731e+01 -2.700000e+01
      vertex  1.555635e+01 -1.555635e+01 -2.700000e+01
      vertex  1.790431e+01 -2.020979e+01 -2.700000e+01
    endloop
  endfacet
  facet normal  0.000000e+00  0.000000e+00 -1.000000e+00
    outer loop
      vertex  1.790431e+01 -2.020979e+01 -2.700000e+01
      vertex  1.555635e+01 -1.555635e+01 -2.700000e+01
      vertex  1.905256e+01 -1.100000e+01 -2.700000e+01
    endloop
  endfacet
  facet normal  0.000000e+00  -0.000000e+00 -1.000000e+00
    outer loop
      vertex  1.790431e+01 -2.020979e+01 -2.700000e+01
      vertex  1.905256e+01 -1.100000e+01 -2.700000e+01
      vertex  2.222056e+01 -1.533775e+01 -2.700000e+01
    endloop
  endfacet
  facet normal  0.000000e+00  0.000000e+00 -1.000000e+00
    outer loop
      vertex  2.222056e+01 -1.533775e+01 -2.700000e+01
      vertex  1.905256e+01 -1.100000e+01 -2.700000e+01
      vertex  2.125037e+01 -5.694019e+00 -2.700000e+01
    endloop
  endfacet
  facet normal  0.000000e+00  0.000000e+00 -9.999999e-01
    outer loop
      vertex  2.222056e+01 -1.533775e+01 -2.700000e+01
      vertex  2.125037e+01 -5.694019e+00 -2.700000e+01
      vertex  2.200000e+01 -1.146629e-12 -2.700000e+01
    endloop
  endfacet
  facet normal  0.000000e+00  0.000000e+00 -1.000000e+00
    outer loop
      vertex  1.100000e+01 -1.905256e+01 -2.700000e+01
      vertex  1.254753e+01 -2.390731e+01 -2.700000e+01
      vertex  5.694019e+00 -2.125037e+01 -2.700000e+01
    endloop
  endfacet
  facet normal  0.000000e+00  0.000000e+00 -1.000000e+00
    outer loop
      vertex  5.694019e+00 -2.125037e+01 -2.700000e+01
      vertex  1.254753e+01 -2.390731e+01 -2.700000e+01
      vertex  6.461523e+00 -2.621543e+01 -2.700000e+01
    endloop
  endfacet
  facet normal  0.000000e+00  0.000000e+00 -1.000000e+00
    outer loop
      vertex  5.694019e+00 -2.125037e+01 -2.700000e+01
      vertex  6.461523e+00 -2.621543e+01 -2.700000e+01
      vertex -2.492819e-14 -2.200000e+01 -2.700000e+01
    endloop
  endfacet
  facet normal  0.000000e+00  0.000000e+00 -1.000000e+00
    outer loop
      vertex -2.492819e-14 -2.200000e+01 -2.700000e+01
      vertex  6.461523e+00 -2.621543e+01 -2.700000e+01
      vertex  0.000000e+00 -2.700000e+01 -2.700000e+01
    endloop
  endfacet
  facet normal  0.000000e+00  0.000000e+00 -1.000000e+00
    outer loop
      vertex -2.492819e-14 -2.200000e+01 -2.700000e+01
      vertex  0.000000e+00 -2.700000e+01 -2.700000e+01
      vertex -5.259802e+00 -2.136199e+01 -2.700000e+01
    endloop
  endfacet
  facet normal  0.000000e+00  -0.000000e+00 -1.000000e+00
    outer loop
      vertex -5.259802e+00 -2.136199e+01 -2.700000e+01
      vertex  0.000000e+00 -2.700000e+01 -2.700000e+01
      vertex -6.351735e+00 -2.624225e+01 -2.700000e+01
    endloop
  endfacet
  facet normal  0.000000e+00  0.000000e+00 -1.000000e+00
    outer loop
      vertex -5.259802e+00 -2.136199e+01 -2.700000e+01
      vertex -6.351735e+00 -2.624225e+01 -2.700000e+01
      vertex -9.825618e+00 -1.968393e+01 -2.700000e+01
    endloop
  endfacet
  facet normal  0.000000e+00  -0.000000e+00 -1.000000e+00
    outer loop
      vertex -9.825618e+00 -1.968393e+01 -2.700000e+01
      vertex -6.351735e+00 -2.624225e+01 -2.700000e+01
      vertex -1.197923e+01 -2.419707e+01 -2.700000e+01
    endloop
  endfacet
  facet normal  0.000000e+00  0.000000e+00 -9.999999e-01
    outer loop
      vertex -9.825618e+00 -1.968393e+01 -2.700000e+01
      vertex -1.197923e+01 -2.419707e+01 -2.700000e+01
      vertex -1.391106e+01 -1.704354e+01 -2.700000e+01
    endloop
  endfacet
  facet normal  0.000000e+00  0.000000e+00 -1.000000e+00
    outer loop
      vertex -1.391106e+01 -1.704354e+01 -2.700000e+01
      vertex -1.197923e+01 -2.419707e+01 -2.700000e+01
      vertex -1.731640e+01 -1.356990e+01 -2.700000e+01
    endloop
  endfacet
  facet normal  0.000000e+00  0.000000e+00 -1.000000e+00
    outer loop
      vertex -1.731640e+01 -1.356990e+01 -2.700000e+01
      vertex -1.197923e+01 -2.419707e+01 -2.700000e+01
      vertex -1.701760e+01 -2.096190e+01 -2.700000e+01
    endloop
  endfacet
  facet normal  0.000000e+00  0.000000e+00 -1.000000e+00
    outer loop
      vertex -1.731640e+01 -1.356990e+01 -2.700000e+01
      vertex -1.701760e+01 -2.096190e+01 -2.700000e+01
      vertex -1.987515e+01 -9.432831e+00 -2.700000e+01
    endloop
  endfacet
  facet normal  0.000000e+00  -0.000000e+00 -1.000000e+00
    outer loop
      vertex -1.987515e+01 -9.432831e+00 -2.700000e+01
      vertex -1.701760e+01 -2.096190e+01 -2.700000e+01
      vertex -2.121906e+01 -1.669586e+01 -2.700000e+01
    endloop
  endfacet
  facet normal  0.000000e+00  0.000000e+00 -1.000000e+00
    outer loop
      vertex -1.987515e+01 -9.432831e+00 -2.700000e+01
      vertex -2.121906e+01 -1.669586e+01 -2.700000e+01
      vertex -2.146222e+01 -4.834596e+00 -2.700000e+01
    endloop
  endfacet
  facet normal  0.000000e+00  0.000000e+00 -1.000000e+00
    outer loop
      vertex -2.146222e+01 -4.834596e+00 -2.700000e+01
      vertex -2.121906e+01 -1.669586e+01 -2.700000e+01
      vertex -2.200000e+01 -1.116816e-12 -2.700000e+01
    endloop
  endfacet
  facet normal  0.000000e+00  -0.000000e+00 -1.000000e+00
    outer loop
      vertex -2.200000e+01 -1.116816e-12 -2.700000e+01
      vertex -2.121906e+01 -1.669586e+01 -2.700000e+01
      vertex -2.437699e+01 -1.160872e+01 -2.700000e+01
    endloop
  endfacet
  facet normal  0.000000e+00  0.000000e+00 -1.000000e+00
    outer loop
      vertex -2.200000e+01 -1.116816e-12 -2.700000e+01
      vertex -2.437699e+01 -1.160872e+01 -2.700000e+01
      vertex -2.700000e+01 -1.135192e-12 -2.700000e+01
    endloop
  endfacet
  facet normal  0.000000e+00  0.000000e+00 -9.999999e-01
    outer loop
      vertex -2.700000e+01 -1.135192e-12 -2.700000e+01
      vertex -2.437699e+01 -1.160872e+01 -2.700000e+01
      vertex -2.633608e+01 -5.950686e+00 -2.700000e+01
    endloop
  endfacet
  facet normal  0.000000e+00  0.000000e+00 -9.999999e-01
    outer loop
      vertex  2.222056e+01  1.533775e+01 -2.700000e+01
      vertex  2.125037e+01  5.694019e+00 -2.700000e+01
      vertex  1.790431e+01  2.020979e+01 -2.700000e+01
    endloop
  endfacet
  facet normal  0.000000e+00  0.000000e+00 -1.000000e+00
    outer loop
      vertex  1.790431e+01  2.020979e+01 -2.700000e+01
      vertex  2.125037e+01  5.694019e+00 -2.700000e+01
      vertex  1.905256e+01  1.100000e+01 -2.700000e+01
    endloop
  endfacet
  facet normal  0.000000e+00  0.000000e+00 -1.000000e+00
    outer loop
      vertex  1.790431e+01  2.020979e+01 -2.700000e+01
      vertex  1.905256e+01  1.100000e+01 -2.700000e+01
      vertex  1.254753e+01  2.390731e+01 -2.700000e+01
    endloop
  endfacet
  facet normal  0.000000e+00  0.000000e+00 -9.999999e-01
    outer loop
      vertex  1.254753e+01  2.390731e+01 -2.700000e+01
      vertex  1.905256e+01  1.100000e+01 -2.700000e+01
      vertex  1.555635e+01  1.555635e+01 -2.700000e+01
    endloop
  endfacet
  facet normal  0.000000e+00  0.000000e+00 -9.999999e-01
    outer loop
      vertex  1.254753e+01  2.390731e+01 -2.700000e+01
      vertex  1.555635e+01  1.555635e+01 -2.700000e+01
      vertex  1.100000e+01  1.905256e+01 -2.700000e+01
    endloop
  endfacet
  facet normal  0.000000e+00  0.000000e+00 -1.000000e+00
    outer loop
      vertex  1.254753e+01  2.390731e+01 -2.700000e+01
      vertex  1.100000e+01  1.905256e+01 -2.700000e+01
      vertex  6.461523e+00  2.621543e+01 -2.700000e+01
    endloop
  endfacet
  facet normal  0.000000e+00  -0.000000e+00 -1.000000e+00
    outer loop
      vertex  6.461523e+00  2.621543e+01 -2.700000e+01
      vertex  1.100000e+01  1.905256e+01 -2.700000e+01
      vertex  5.694019e+00  2.125037e+01 -2.700000e+01
    endloop
  endfacet
  facet normal  0.000000e+00  0.000000e+00 -1.000000e+00
    outer loop
      vertex  6.461523e+00  2.621543e+01 -2.700000e+01
      vertex  5.694019e+00  2.125037e+01 -2.700000e+01
      vertex  1.529685e-14  2.700000e+01 -2.700000e+01
    endloop
  endfacet
  facet normal  0.000000e+00  -0.000000e+00 -1.000000e+00
    outer loop
      vertex  1.529685e-14  2.700000e+01 -2.700000e+01
      vertex  5.694019e+00  2.125037e+01 -2.700000e+01
      vertex  1.246410e-14  2.200000e+01 -2.700000e+01
    endloop
  endfacet
  facet normal  0.000000e+00  0.000000e+00 -1.000000e+00
    outer loop
      vertex  1.529685e-14  2.700000e+01 -2.700000e+01
      vertex  1.246410e-14  2.200000e+01 -2.700000e+01
      vertex -6.008065e+00  2.632305e+01 -2.700000e+01
    endloop
  endfacet
  facet normal  0.000000e+00  0.000000e+00 -9.999999e-01
    outer loop
      vertex -6.008065e+00  2.632305e+01 -2.700000e+01
      vertex  1.246410e-14  2.200000e+01 -2.700000e+01
      vertex -5.694019e+00  2.125037e+01 -2.700000e+01
    endloop
  endfacet
  facet normal  0.000000e+00  0.000000e+00 -1.000000e+00
    outer loop
      vertex -6.008065e+00  2.632305e+01 -2.700000e+01
      vertex -5.694019e+00  2.125037e+01 -2.700000e+01
      vertex -1.171486e+01  2.432616e+01 -2.700000e+01
    endloop
  endfacet
  facet normal  0.000000e+00  0.000000e+00 -1.000000e+00
    outer loop
      vertex -1.171486e+01  2.432616e+01 -2.700000e+01
      vertex -5.694019e+00  2.125037e+01 -2.700000e+01
      vertex -1.100000e+01  1.905256e+01 -2.700000e+01
    endloop
  endfacet
  facet normal  0.000000e+00  0.000000e+00 -1.000000e+00
    outer loop
      vertex -1.171486e+01  2.432616e+01 -2.700000e+01
      vertex -1.100000e+01  1.905256e+01 -2.700000e+01
      vertex -1.683422e+01  2.110945e+01 -2.700000e+01
    endloop
  endfacet
  facet normal  0.000000e+00  0.000000e+00 -1.000000e+00
    outer loop
      vertex -1.683422e+01  2.110945e+01 -2.700000e+01
      vertex -1.100000e+01  1.905256e+01 -2.700000e+01
      vertex -1.555635e+01  1.555635e+01 -2.700000e+01
    endloop
  endfacet
  facet normal  0.000000e+00  0.000000e+00 -1.000000e+00
    outer loop
      vertex -1.683422e+01  2.110945e+01 -2.700000e+01
      vertex -1.555635e+01  1.555635e+01 -2.700000e+01
      vertex -2.110945e+01  1.683422e+01 -2.700000e+01
    endloop
  endfacet
  facet normal  0.000000e+00  0.000000e+00 -1.000000e+00
    outer loop
      vertex -2.110945e+01  1.683422e+01 -2.700000e+01
      vertex -1.555635e+01  1.555635e+01 -2.700000e+01
      vertex -1.905256e+01  1.100000e+01 -2.700000e+01
    endloop
  endfacet
  facet normal  -0.000000e+00  0.000000e+00 -1.000000e+00
    outer loop
      vertex -2.110945e+01  1.683422e+01 -2.700000e+01
      vertex -1.905256e+01  1.100000e+01 -2.700000e+01
      vertex -2.125037e+01  5.694019e+00 -2.700000e+01
    endloop
  endfacet
  facet normal  0.000000e+00  0.000000e+00 -1.000000e+00
    outer loop
      vertex -2.110945e+01  1.683422e+01 -2.700000e+01
      vertex -2.125037e+01  5.694019e+00 -2.700000e+01
      vertex -2.432616e+01  1.171486e+01 -2.700000e+01
    endloop
  endfacet
  facet normal  0.000000e+00  0.000000e+00 -9.999999e-01
    outer loop
      vertex -2.432616e+01  1.171486e+01 -2.700000e+01
      vertex -2.125037e+01  5.694019e+00 -2.700000e+01
      vertex -2.200000e+01 -1.116816e-12 -2.700000e+01
    endloop
  endfacet
  facet normal  0.000000e+00  0.000000e+00 -1.000000e+00
    outer loop
      vertex -2.432616e+01  1.171486e+01 -2.700000e+01
      vertex -2.200000e+01 -1.116816e-12 -2.700000e+01
      vertex -2.632305e+01  6.008065e+00 -2.700000e+01
    endloop
  endfacet
  facet normal  0.000000e+00  -0.000000e+00 -1.000000e+00
    outer loop
      vertex -2.632305e+01  6.008065e+00 -2.700000e+01
      vertex -2.200000e+01 -1.116816e-12 -2.700000e+01
      vertex -2.700000e+01 -1.135192e-12 -2.700000e+01
    endloop
  endfacet
  facet normal -3.481976e-01 -9.181213e-01  1.892396e-01
    outer loop
      vertex -6.461523e+00 -2.621543e+01 -2.411856e-15
      vertex -1.254753e+01 -2.390731e+01 -2.629477e-15
      vertex -1.171486e+01 -2.432616e+01 -5.000000e-01
    endloop
  endfacet
  facet normal -5.239145e-01 -8.338053e-01 -1.740178e-01
    outer loop
      vertex -1.683422e+01 -2.110945e+01 -5.000000e-01
      vertex -1.171486e+01 -2.432616e+01 -5.000000e-01
      vertex -1.254753e+01 -2.390731e+01 -2.629477e-15
    endloop
  endfacet
  facet normal -5.491039e-01 -7.955143e-01  2.562066e-01
    outer loop
      vertex -1.254753e+01 -2.390731e+01 -2.629477e-15
      vertex -1.790431e+01 -2.020979e+01 -2.978097e-15
      vertex -1.683422e+01 -2.110945e+01 -5.000000e-01
    endloop
  endfacet
  facet normal -6.874222e-01 -6.874222e-01 -2.343111e-01
    outer loop
      vertex -2.110945e+01 -1.683422e+01 -5.000000e-01
      vertex -1.683422e+01 -2.110945e+01 -5.000000e-01
      vertex -1.790431e+01 -2.020979e+01 -2.978097e-15
    endloop
  endfacet
  facet normal -7.126235e-01 -6.313294e-01  3.059262e-01
    outer loop
      vertex -1.790431e+01 -2.020979e+01 -2.978097e-15
      vertex -2.222056e+01 -1.533775e+01 -3.437457e-15
      vertex -2.110945e+01 -1.683422e+01 -5.000000e-01
    endloop
  endfacet
  facet normal -8.133776e-01 -5.110790e-01 -2.778763e-01
    outer loop
      vertex -2.432616e+01 -1.171486e+01 -5.000000e-01
      vertex -2.110945e+01 -1.683422e+01 -5.000000e-01
      vertex -2.222056e+01 -1.533775e+01 -3.437457e-15
    endloop
  endfacet
  facet normal -8.327039e-01 -4.370367e-01  3.400044e-01
    outer loop
      vertex -2.222056e+01 -1.533775e+01 -3.437457e-15
      vertex -2.524544e+01 -9.574332e+00 -3.980860e-15
      vertex -2.432616e+01 -1.171486e+01 -5.000000e-01
    endloop
  endfacet
  facet normal -8.986008e-01 -3.144341e-01 -3.060193e-01
    outer loop
      vertex -2.632305e+01 -6.008065e+00 -5.000000e-01
      vertex -2.432616e+01 -1.171486e+01 -5.000000e-01
      vertex -2.524544e+01 -9.574332e+00 -3.980860e-15
    endloop
  endfacet
  facet normal -9.059016e-01 -2.232847e-01  3.598420e-01
    outer loop
      vertex -2.524544e+01 -9.574332e+00 -3.980860e-15
      vertex -2.680314e+01 -3.254490e+00 -4.576725e-15
      vertex -2.632305e+01 -6.008065e+00 -5.000000e-01
    endloop
  endfacet
  facet normal -9.059016e-01  2.232847e-01  3.598420e-01
    outer loop
      vertex -2.632305e+01  6.008065e+00 -5.000000e-01
      vertex -2.680314e+01  3.254490e+00 -5.190423e-15
      vertex -2.524544e+01  9.574332e+00 -5.786288e-15
    endloop
  endfacet
  facet normal -8.986008e-01  3.144341e-01 -3.060193e-01
    outer loop
      vertex -2.632305e+01  6.008065e+00 -5.000000e-01
      vertex -2.524544e+01  9.574332e+00 -5.786288e-15
      vertex -2.432616e+01  1.171486e+01 -5.000000e-01
    endloop
  endfacet
  facet normal -8.327039e-01  4.370367e-01  3.400044e-01
    outer loop
      vertex -2.432616e+01  1.171486e+01 -5.000000e-01
      vertex -2.524544e+01  9.574332e+00 -5.786288e-15
      vertex -2.222056e+01  1.533775e+01 -6.329691e-15
    endloop
  endfacet
  facet normal -8.133776e-01  5.110790e-01 -2.778764e-01
    outer loop
      vertex -2.432616e+01  1.171486e+01 -5.000000e-01
      vertex -2.222056e+01  1.533775e+01 -6.329691e-15
      vertex -2.110945e+01  1.683422e+01 -5.000000e-01
    endloop
  endfacet
  facet normal -7.126235e-01  6.313294e-01  3.059262e-01
    outer loop
      vertex -2.110945e+01  1.683422e+01 -5.000000e-01
      vertex -2.222056e+01  1.533775e+01 -6.329691e-15
      vertex -1.790431e+01  2.020979e+01 -6.789050e-15
    endloop
  endfacet
  facet normal -6.874222e-01  6.874222e-01 -2.343110e-01
    outer loop
      vertex -2.110945e+01  1.683422e+01 -5.000000e-01
      vertex -1.790431e+01  2.020979e+01 -6.789050e-15
      vertex -1.683422e+01  2.110945e+01 -5.000000e-01
    endloop
  endfacet
  facet normal -5.491039e-01  7.955143e-01  2.562066e-01
    outer loop
      vertex -1.683422e+01  2.110945e+01 -5.000000e-01
      vertex -1.790431e+01  2.020979e+01 -6.789050e-15
      vertex -1.254753e+01  2.390731e+01 -7.137671e-15
    endloop
  endfacet
  facet normal -5.239145e-01  8.338053e-01 -1.740178e-01
    outer loop
      vertex -1.683422e+01  2.110945e+01 -5.000000e-01
      vertex -1.254753e+01  2.390731e+01 -7.137671e-15
      vertex -1.171486e+01  2.432616e+01 -5.000000e-01
    endloop
  endfacet
  facet normal -3.481976e-01  9.181213e-01  1.892396e-01
    outer loop
      vertex -1.171486e+01  2.432616e+01 -5.000000e-01
      vertex -1.254753e+01  2.390731e+01 -7.137671e-15
      vertex -6.461523e+00  2.621543e+01 -7.355291e-15
    endloop
  endfacet
  facet normal -9.415267e-01 -1.060846e-01 -3.198025e-01
    outer loop
      vertex -2.700000e+01 -8.683972e-15 -5.000000e-01
      vertex -2.632305e+01 -6.008065e+00 -5.000000e-01
      vertex -2.680314e+01 -3.254490e+00 -4.576725e-15
    endloop
  endfacet
  facet normal -9.304772e-01  3.454124e-17  3.663498e-01
    outer loop
      vertex -2.700000e+01 -8.683972e-15 -5.000000e-01
      vertex -2.680314e+01 -3.254490e+00 -4.576725e-15
      vertex -2.680314e+01  3.254490e+00 -5.190423e-15
    endloop
  endfacet
  facet normal -9.415267e-01  1.060846e-01 -3.198025e-01
    outer loop
      vertex -2.700000e+01 -8.683972e-15 -5.000000e-01
      vertex -2.680314e+01  3.254490e+00 -5.190423e-15
      vertex -2.632305e+01  6.008065e+00 -5.000000e-01
    endloop
  endfacet
  facet normal -1.119645e-01 -9.937122e-01  -0.000000e+00
    outer loop
      vertex  0.000000e+00 -2.700000e+01 -5.000000e-01
      vertex  0.000000e+00 -2.700000e+01  1.691074e-10
      vertex -6.008065e+00 -2.632305e+01 -5.000000e-01
    endloop
  endfacet
  facet normal -1.198855e-01 -9.873466e-01  1.037984e-01
    outer loop
      vertex -6.008065e+00 -2.632305e+01 -5.000000e-01
      vertex  0.000000e+00 -2.700000e+01  1.691074e-10
      vertex -6.461523e+00 -2.621543e+01 -2.411856e-15
    endloop
  endfacet
  facet normal -3.287562e-01 -9.395309e-01 -9.592190e-02
    outer loop
      vertex -6.008065e+00 -2.632305e+01 -5.000000e-01
      vertex -6.461523e+00 -2.621543e+01 -2.411856e-15
      vertex -1.171486e+01 -2.432616e+01 -5.000000e-01
    endloop
  endfacet
  facet normal -1.205366e-01  9.927089e-01  1.843830e-15
    outer loop
      vertex  3.306437e-15  2.700000e+01  1.691039e-10
      vertex -4.341986e-15  2.700000e+01 -5.000000e-01
      vertex -6.461523e+00  2.621543e+01 -7.355291e-15
    endloop
  endfacet
  facet normal -1.112645e-01  9.874991e-01  1.116498e-01
    outer loop
      vertex -6.461523e+00  2.621543e+01 -7.355291e-15
      vertex -4.341986e-15  2.700000e+01 -5.000000e-01
      vertex -6.008065e+00  2.632305e+01 -5.000000e-01
    endloop
  endfacet
  facet normal -3.287562e-01  9.395309e-01 -9.592190e-02
    outer loop
      vertex -6.461523e+00  2.621543e+01 -7.355291e-15
      vertex -6.008065e+00  2.632305e+01 -5.000000e-01
      vertex -1.171486e+01  2.432616e+01 -5.000000e-01
    endloop
  endfacet
  facet normal  4.937847e-11 -4.745519e-16  1.000000e+00
    outer loop
      vertex -2.196446e+01  1.249986e+00  1.691055e-10
      vertex -1.853971e+01 -1.188745e+00 -4.771493e-15
      vertex -1.853971e+01  1.188735e+00 -3.549074e-15
    endloop
  endfacet
  facet normal  1.341503e-10  5.966927e-12  1.000000e+00
    outer loop
      vertex -7.976199e+00 -2.050318e+01  1.691072e-10
      vertex -6.461523e+00 -2.621543e+01 -2.411856e-15
      vertex -6.859639e+00 -1.726497e+01 -1.824193e-15
    endloop
  endfacet
  facet normal  1.525946e-11  4.696193e-11  1.000000e+00
    outer loop
      vertex -5.598571e+00 -2.127571e+01  1.691073e-10
      vertex -4.598520e+00 -1.799965e+01 -3.186480e-15
      vertex -6.859639e+00 -1.726497e+01 -1.824193e-15
    endloop
  endfacet
  facet normal -1.561966e-10 -6.947675e-12  1.000000e+00
    outer loop
      vertex -5.598571e+00 -2.127571e+01  1.691073e-10
      vertex -6.859639e+00 -1.726497e+01 -1.824193e-15
      vertex -6.461523e+00 -2.621543e+01 -2.411856e-15
    endloop
  endfacet
  facet normal -2.969868e-11 -2.904645e-11  1.000000e+00
    outer loop
      vertex -5.598571e+00 -2.127571e+01  1.691073e-10
      vertex -6.461523e+00 -2.621543e+01 -2.411856e-15
      vertex  0.000000e+00 -2.700000e+01  1.691074e-10
    endloop
  endfacet
  facet normal -9.915236e-18  0.000000e+00  1.000000e+00
    outer loop
      vertex -5.598571e+00 -2.127571e+01  1.691073e-10
      vertex  0.000000e+00 -2.700000e+01  1.691074e-10
      vertex  0.000000e+00 -2.200000e+01  1.691074e-10
    endloop
  endfacet
  facet normal  5.851623e-23  9.428483e-17  1.000000e+00
    outer loop
      vertex  6.859648e+00 -1.726497e+01 -3.255749e-15
      vertex  4.598530e+00 -1.799965e+01 -3.186480e-15
      vertex  5.598584e+00 -2.127571e+01 -2.877597e-15
    endloop
  endfacet
  facet normal -6.999309e-11  2.200741e-11  1.000000e+00
    outer loop
      vertex  6.859648e+00 -1.726497e+01 -3.255749e-15
      vertex  5.598584e+00 -2.127571e+01 -2.877597e-15
      vertex  6.461523e+00 -2.621543e+01  1.691073e-10
    endloop
  endfacet
  facet normal -8.561592e-11  2.270233e-11  1.000000e+00
    outer loop
      vertex  6.859648e+00 -1.726497e+01 -3.255749e-15
      vertex  6.461523e+00 -2.621543e+01  1.691073e-10
      vertex  7.976212e+00 -2.050317e+01  1.691072e-10
    endloop
  endfacet
  facet normal -4.937887e-11  5.467039e-17  1.000000e+00
    outer loop
      vertex  2.196446e+01  1.250000e+00  1.691055e-10
      vertex  1.853971e+01  1.188745e+00 -4.995655e-15
      vertex  1.853971e+01 -1.188735e+00 -4.771494e-15
    endloop
  endfacet
  facet normal -1.209813e-12 -6.764449e-11  1.000000e+00
    outer loop
      vertex  2.196446e+01  1.250000e+00  1.691055e-10
      vertex  1.853971e+01 -1.188735e+00 -4.771494e-15
      vertex  2.196446e+01 -1.249986e+00 -4.765719e-15
    endloop
  endfacet
  facet normal -6.297261e-11 -6.764449e-11  1.000000e+00
    outer loop
      vertex  2.196446e+01  1.250000e+00  1.691055e-10
      vertex  2.196446e+01 -1.249986e+00 -4.765719e-15
      vertex  2.680314e+01 -3.254490e+00  1.691058e-10
    endloop
  endfacet
  facet normal -3.552793e-18  6.396295e-17  9.999999e-01
    outer loop
      vertex  2.196446e+01  1.250000e+00  1.691055e-10
      vertex  2.680314e+01 -3.254490e+00  1.691058e-10
      vertex  2.680314e+01  3.254490e+00  1.691054e-10
    endloop
  endfacet
  facet normal -3.117775e-18  6.291285e-17  9.999999e-01
    outer loop
      vertex  2.196446e+01  1.250000e+00  1.691055e-10
      vertex  2.680314e+01  3.254490e+00  1.691054e-10
      vertex  2.524544e+01  9.574332e+00  1.691050e-10
    endloop
  endfacet
  facet normal -3.623099e-18  6.311202e-17  1.000000e+00
    outer loop
      vertex  2.196446e+01  1.250000e+00  1.691055e-10
      vertex  2.524544e+01  9.574332e+00  1.691050e-10
      vertex  2.222056e+01  1.533775e+01  1.691046e-10
    endloop
  endfacet
  facet normal -8.255528e-17  6.454695e-17  1.000000e+00
    outer loop
      vertex  2.196446e+01  1.250000e+00  1.691055e-10
      vertex  2.222056e+01  1.533775e+01  1.691046e-10
      vertex  2.092324e+01  6.798380e+00  1.691051e-10
    endloop
  endfacet
  facet normal -1.525894e-11 -4.696209e-11  1.000000e+00
    outer loop
      vertex  5.598571e+00  2.127571e+01  1.691039e-10
      vertex  4.598520e+00  1.799965e+01 -6.580668e-15
      vertex  6.859639e+00  1.726497e+01 -6.511398e-15
    endloop
  endfacet
  facet normal  8.620465e-11 -1.505968e-11  1.000000e+00
    outer loop
      vertex  5.598571e+00  2.127571e+01  1.691039e-10
      vertex  6.859639e+00  1.726497e+01 -6.511398e-15
      vertex  6.461523e+00  2.621543e+01  1.691039e-10
    endloop
  endfacet
  facet normal -8.412584e-18  1.469651e-18  1.000000e+00
    outer loop
      vertex  5.598571e+00  2.127571e+01  1.691039e-10
      vertex  6.461523e+00  2.621543e+01  1.691039e-10
      vertex  3.306437e-15  2.700000e+01  1.691039e-10
    endloop
  endfacet
  facet normal -3.457985e-11 -3.382042e-11  1.000000e+00
    outer loop
      vertex  5.598571e+00  2.127571e+01  1.691039e-10
      vertex  3.306437e-15  2.700000e+01  1.691039e-10
      vertex  1.246410e-14  2.200000e+01  1.817990e-15
    endloop
  endfacet
  facet normal  1.525843e-11 -4.696191e-11  1.000000e+00
    outer loop
      vertex -6.859648e+00  1.726497e+01 -6.511398e-15
      vertex -4.598530e+00  1.799965e+01 -5.540140e-15
      vertex -5.598584e+00  2.127571e+01  1.691039e-10
    endloop
  endfacet
  facet normal -1.561991e-10  6.947978e-12  1.000000e+00
    outer loop
      vertex -6.859648e+00  1.726497e+01 -6.511398e-15
      vertex -5.598584e+00  2.127571e+01  1.691039e-10
      vertex -6.461523e+00  2.621543e+01 -7.355291e-15
    endloop
  endfacet
  facet normal  1.341508e-10 -5.967061e-12  1.000000e+00
    outer loop
      vertex -6.859648e+00  1.726497e+01 -6.511398e-15
      vertex -6.461523e+00  2.621543e+01 -7.355291e-15
      vertex -7.976212e+00  2.050317e+01  1.691040e-10
    endloop
  endfacet
  facet normal -1.253125e-22  9.428486e-17  1.000000e+00
    outer loop
      vertex -2.222056e+01  1.533775e+01 -6.329691e-15
      vertex -2.524544e+01  9.574332e+00 -5.786288e-15
      vertex -2.680314e+01  3.254490e+00 -5.190423e-15
    endloop
  endfacet
  facet normal -3.020431e-11  1.145508e-11  1.000000e+00
    outer loop
      vertex -2.222056e+01  1.533775e+01 -6.329691e-15
      vertex -2.680314e+01  3.254490e+00 -5.190423e-15
      vertex -2.196446e+01  1.249986e+00  1.691055e-10
    endloop
  endfacet
  facet normal -5.831756e-11  1.094400e-11  1.000000e+00
    outer loop
      vertex -2.222056e+01  1.533775e+01 -6.329691e-15
      vertex -2.196446e+01  1.249986e+00  1.691055e-10
      vertex -2.092325e+01  6.798367e+00  1.691051e-10
    endloop
  endfacet
  facet normal -3.162786e-11  1.499875e-11  1.000000e+00
    outer loop
      vertex -2.222056e+01  1.533775e+01 -6.329691e-15
      vertex -2.092325e+01  6.798367e+00  1.691051e-10
      vertex -1.850435e+01  1.189911e+01  1.691047e-10
    endloop
  endfacet
  facet normal -2.500685e-11  2.215423e-11  1.000000e+00
    outer loop
      vertex -2.222056e+01  1.533775e+01 -6.329691e-15
      vertex -1.850435e+01  1.189911e+01  1.691047e-10
      vertex -1.790431e+01  2.020979e+01 -6.789050e-15
    endloop
  endfacet
  facet normal  4.937886e-11  7.771604e-17  1.000000e+00
    outer loop
      vertex -1.853971e+01 -1.188745e+00 -4.771493e-15
      vertex -2.196446e+01  1.249986e+00  1.691055e-10
      vertex -2.196446e+01 -1.250000e+00  1.691057e-10
    endloop
  endfacet
  facet normal -3.494974e-11  7.771604e-17  1.000000e+00
    outer loop
      vertex -2.196446e+01 -1.250000e+00  1.691057e-10
      vertex -2.196446e+01  1.249986e+00  1.691055e-10
      vertex -2.680314e+01  3.254490e+00 -5.190423e-15
    endloop
  endfacet
  facet normal -3.494972e-11  9.428484e-17  9.999999e-01
    outer loop
      vertex -2.196446e+01 -1.250000e+00  1.691057e-10
      vertex -2.680314e+01  3.254490e+00 -5.190423e-15
      vertex -2.680314e+01 -3.254490e+00 -4.576725e-15
    endloop
  endfacet
  facet normal -3.171174e-11 -7.816147e-12  9.999999e-01
    outer loop
      vertex -2.680314e+01 -3.254490e+00 -4.576725e-15
      vertex -2.524544e+01 -9.574332e+00 -3.980860e-15
      vertex -2.196446e+01 -1.250000e+00  1.691057e-10
    endloop
  endfacet
  facet normal -2.210617e-11 -1.160212e-11  1.000000e+00
    outer loop
      vertex -2.196446e+01 -1.250000e+00  1.691057e-10
      vertex -2.524544e+01 -9.574332e+00 -3.980860e-15
      vertex -2.222056e+01 -1.533775e+01 -3.437457e-15
    endloop
  endfacet
  facet normal -5.831717e-11 -1.094383e-11  1.000000e+00
    outer loop
      vertex -2.196446e+01 -1.250000e+00  1.691057e-10
      vertex -2.222056e+01 -1.533775e+01 -3.437457e-15
      vertex -2.092324e+01 -6.798380e+00  1.691062e-10
    endloop
  endfacet
  facet normal  3.994809e-11 -2.902456e-11  1.000000e+00
    outer loop
      vertex -1.569766e+01  9.935651e+00 -5.820355e-15
      vertex -1.430022e+01  1.185907e+01 -4.715557e-15
      vertex -1.850435e+01  1.189911e+01  1.691047e-10
    endloop
  endfacet
  facet normal  3.994809e-11 -2.902389e-11  1.000000e+00
    outer loop
      vertex -1.850435e+01  1.189911e+01  1.691047e-10
      vertex -1.430022e+01  1.185907e+01 -4.715557e-15
      vertex -1.703490e+01  1.392165e+01  1.691045e-10
    endloop
  endfacet
  facet normal -3.109791e-11  2.259401e-11  1.000000e+00
    outer loop
      vertex -1.850435e+01  1.189911e+01  1.691047e-10
      vertex -1.703490e+01  1.392165e+01  1.691045e-10
      vertex -1.790431e+01  2.020979e+01 -6.789050e-15
    endloop
  endfacet
  facet normal -5.294949e-11  8.044277e-12  1.000000e+00
    outer loop
      vertex  2.092324e+01  6.798380e+00  1.691051e-10
      vertex  2.222056e+01  1.533775e+01  1.691046e-10
      vertex  1.850434e+01  1.189913e+01 -6.005481e-15
    endloop
  endfacet
  facet normal -2.500688e-11 -2.215410e-11  1.000000e+00
    outer loop
      vertex  1.850434e+01  1.189913e+01 -6.005481e-15
      vertex  2.222056e+01  1.533775e+01  1.691046e-10
      vertex  1.790431e+01  2.020979e+01  1.691043e-10
    endloop
  endfacet
  facet normal  9.668441e-11 -1.336795e-11  1.000000e+00
    outer loop
      vertex  1.850434e+01  1.189913e+01 -6.005481e-15
      vertex  1.790431e+01  2.020979e+01  1.691043e-10
      vertex  1.703489e+01  1.392166e+01  1.691045e-10
    endloop
  endfacet
  facet normal -1.934501e-17  3.577943e-17  1.000000e+00
    outer loop
      vertex  1.703489e+01  1.392166e+01  1.691045e-10
      vertex  1.790431e+01  2.020979e+01  1.691043e-10
      vertex  1.254753e+01  2.390731e+01  1.691041e-10
    endloop
  endfacet
  facet normal -5.627919e-17  1.918191e-17  1.000000e+00
    outer loop
      vertex  1.703489e+01  1.392166e+01  1.691045e-10
      vertex  1.254753e+01  2.390731e+01  1.691041e-10
      vertex  1.293127e+01  1.779838e+01  1.691042e-10
    endloop
  endfacet
  facet normal -3.534069e-11 -2.219969e-12  1.000000e+00
    outer loop
      vertex  1.293127e+01  1.779838e+01  1.691042e-10
      vertex  1.254753e+01  2.390731e+01  1.691041e-10
      vertex  7.976199e+00  2.050318e+01 -6.816712e-15
    endloop
  endfacet
  facet normal -1.248302e-11 -3.291494e-11  1.000000e+00
    outer loop
      vertex  7.976199e+00  2.050318e+01 -6.816712e-15
      vertex  1.254753e+01  2.390731e+01  1.691041e-10
      vertex  6.461523e+00  2.621543e+01  1.691039e-10
    endloop
  endfacet
  facet normal  4.853512e-11 -1.673521e-11  1.000000e+00
    outer loop
      vertex  7.976199e+00  2.050318e+01 -6.816712e-15
      vertex  6.461523e+00  2.621543e+01  1.691039e-10
      vertex  6.859639e+00  1.726497e+01 -6.511398e-15
    endloop
  endfacet
  facet normal -2.969896e-11  2.904678e-11  1.000000e+00
    outer loop
      vertex -6.461523e+00  2.621543e+01 -7.355291e-15
      vertex -5.598584e+00  2.127571e+01  1.691039e-10
      vertex  3.306437e-15  2.700000e+01  1.691039e-10
    endloop
  endfacet
  facet normal  3.457979e-11 -3.382041e-11  9.999999e-01
    outer loop
      vertex  3.306437e-15  2.700000e+01  1.691039e-10
      vertex -5.598584e+00  2.127571e+01  1.691039e-10
      vertex  1.246410e-14  2.200000e+01  1.817990e-15
    endloop
  endfacet
  facet normal -1.694605e-11  2.455068e-11  1.000000e+00
    outer loop
      vertex -1.790431e+01  2.020979e+01 -6.789050e-15
      vertex -1.703490e+01  1.392165e+01  1.691045e-10
      vertex -1.254753e+01  2.390731e+01 -7.137671e-15
    endloop
  endfacet
  facet normal -2.780183e-11  2.942907e-11  1.000000e+00
    outer loop
      vertex -1.254753e+01  2.390731e+01 -7.137671e-15
      vertex -1.703490e+01  1.392165e+01  1.691045e-10
      vertex -1.293128e+01  1.779837e+01  1.691042e-10
    endloop
  endfacet
  facet normal -1.075481e-11  2.835819e-11  1.000000e+00
    outer loop
      vertex -1.254753e+01  2.390731e+01 -7.137671e-15
      vertex -1.293128e+01  1.779837e+01  1.691042e-10
      vertex -6.461523e+00  2.621543e+01 -7.355291e-15
    endloop
  endfacet
  facet normal -1.889529e-11  3.461536e-11  9.999999e-01
    outer loop
      vertex -6.461523e+00  2.621543e+01 -7.355291e-15
      vertex -1.293128e+01  1.779837e+01  1.691042e-10
      vertex -7.976212e+00  2.050317e+01  1.691040e-10
    endloop
  endfacet
  facet normal  7.909522e-13 -8.303867e-11  1.000000e+00
    outer loop
      vertex  1.703489e+01  1.392166e+01  1.691045e-10
      vertex  1.430021e+01  1.185908e+01 -6.001705e-15
      vertex  1.850434e+01  1.189913e+01 -6.005481e-15
    endloop
  endfacet
  facet normal  8.736802e-24  9.428475e-17  1.000000e+00
    outer loop
      vertex  1.850434e+01  1.189913e+01 -6.005481e-15
      vertex  1.430021e+01  1.185908e+01 -6.001705e-15
      vertex  1.569766e+01  9.935659e+00 -5.820356e-15
    endloop
  endfacet
  facet normal -1.694598e-11  2.455056e-11  1.000000e+00
    outer loop
      vertex  1.254753e+01 -2.390731e+01  1.691072e-10
      vertex  1.790431e+01 -2.020979e+01  1.691069e-10
      vertex  1.703490e+01 -1.392165e+01 -3.570974e-15
    endloop
  endfacet
  facet normal -1.277823e-10  9.226073e-12  1.000000e+00
    outer loop
      vertex  1.703490e+01 -1.392165e+01 -3.570974e-15
      vertex  1.790431e+01 -2.020979e+01  1.691069e-10
      vertex  1.850435e+01 -1.189911e+01  1.691066e-10
    endloop
  endfacet
  facet normal -4.073921e-11 -5.401436e-11  1.000000e+00
    outer loop
      vertex  1.703490e+01 -1.392165e+01 -3.570974e-15
      vertex  1.850435e+01 -1.189911e+01  1.691066e-10
      vertex  1.430022e+01 -1.185907e+01 -3.765443e-15
    endloop
  endfacet
  facet normal -3.994832e-11  2.902424e-11  1.000000e+00
    outer loop
      vertex  1.430022e+01 -1.185907e+01 -3.765443e-15
      vertex  1.850435e+01 -1.189911e+01  1.691066e-10
      vertex  1.569766e+01 -9.935651e+00 -3.946793e-15
    endloop
  endfacet
  facet normal  4.786061e-18  6.250165e-17  1.000000e+00
    outer loop
      vertex  2.524544e+01 -9.574332e+00  1.691062e-10
      vertex  2.680314e+01 -3.254490e+00  1.691058e-10
      vertex  2.222056e+01 -1.533775e+01  1.691066e-10
    endloop
  endfacet
  facet normal -3.020430e-11  1.145504e-11  1.000000e+00
    outer loop
      vertex  2.222056e+01 -1.533775e+01  1.691066e-10
      vertex  2.680314e+01 -3.254490e+00  1.691058e-10
      vertex  2.196446e+01 -1.249986e+00 -4.765719e-15
    endloop
  endfacet
  facet normal  8.975512e-11  1.363580e-11  1.000000e+00
    outer loop
      vertex  2.222056e+01 -1.533775e+01  1.691066e-10
      vertex  2.196446e+01 -1.249986e+00 -4.765719e-15
      vertex  2.092325e+01 -6.798367e+00  1.691062e-10
    endloop
  endfacet
  facet normal  8.826524e-17  3.704390e-17  1.000000e+00
    outer loop
      vertex  1.850435e+01 -1.189911e+01  1.691066e-10
      vertex  1.790431e+01 -2.020979e+01  1.691069e-10
      vertex  2.092325e+01 -6.798367e+00  1.691062e-10
    endloop
  endfacet
  facet normal  1.301698e-17  5.398241e-17  1.000000e+00
    outer loop
      vertex  2.092325e+01 -6.798367e+00  1.691062e-10
      vertex  1.790431e+01 -2.020979e+01  1.691069e-10
      vertex  2.222056e+01 -1.533775e+01  1.691066e-10
    endloop
  endfacet
  facet normal  4.136779e-17  1.178096e-18  9.999999e-01
    outer loop
      vertex  7.976212e+00 -2.050317e+01  1.691072e-10
      vertex  6.461523e+00 -2.621543e+01  1.691073e-10
      vertex  1.293128e+01 -1.779837e+01  1.691070e-10
    endloop
  endfacet
  facet normal  1.453356e-17  2.180419e-17  1.000000e+00
    outer loop
      vertex  1.293128e+01 -1.779837e+01  1.691070e-10
      vertex  6.461523e+00 -2.621543e+01  1.691073e-10
      vertex  1.254753e+01 -2.390731e+01  1.691072e-10
    endloop
  endfacet
  facet normal  4.381003e-11 -2.752065e-12  1.000000e+00
    outer loop
      vertex  1.293128e+01 -1.779837e+01  1.691070e-10
      vertex  1.254753e+01 -2.390731e+01  1.691072e-10
      vertex  1.703490e+01 -1.392165e+01 -3.570974e-15
    endloop
  endfacet
  facet normal  3.020589e-11  -0.000000e+00  9.999999e-01
    outer loop
      vertex  0.000000e+00 -2.200000e+01  1.691074e-10
      vertex  0.000000e+00 -2.700000e+01  1.691074e-10
      vertex  5.598584e+00 -2.127571e+01 -2.877597e-15
    endloop
  endfacet
  facet normal -4.070501e-12  3.352369e-11  1.000000e+00
    outer loop
      vertex  5.598584e+00 -2.127571e+01 -2.877597e-15
      vertex  0.000000e+00 -2.700000e+01  1.691074e-10
      vertex  6.461523e+00 -2.621543e+01  1.691073e-10
    endloop
  endfacet
  facet normal -1.248295e-11 -3.291473e-11  1.000000e+00
    outer loop
      vertex -6.461523e+00 -2.621543e+01 -2.411856e-15
      vertex -7.976199e+00 -2.050318e+01  1.691072e-10
      vertex -1.254753e+01 -2.390731e+01 -2.629477e-15
    endloop
  endfacet
  facet normal -1.564740e-11 -2.866527e-11  1.000000e+00
    outer loop
      vertex -1.254753e+01 -2.390731e+01 -2.629477e-15
      vertex -7.976199e+00 -2.050318e+01  1.691072e-10
      vertex -1.293127e+01 -1.779838e+01  1.691070e-10
    endloop
  endfacet
  facet normal -1.997387e-11 -2.893705e-11  1.000000e+00
    outer loop
      vertex -1.254753e+01 -2.390731e+01 -2.629477e-15
      vertex -1.293127e+01 -1.779838e+01  1.691070e-10
      vertex -1.790431e+01 -2.020979e+01 -2.978097e-15
    endloop
  endfacet
  facet normal -2.247135e-11 -2.378649e-11  9.999999e-01
    outer loop
      vertex -1.790431e+01 -2.020979e+01 -2.978097e-15
      vertex -1.293127e+01 -1.779838e+01  1.691070e-10
      vertex -1.703489e+01 -1.392166e+01  1.691067e-10
    endloop
  endfacet
  facet normal -3.109774e-11 -2.259377e-11  1.000000e+00
    outer loop
      vertex -1.790431e+01 -2.020979e+01 -2.978097e-15
      vertex -1.703489e+01 -1.392166e+01  1.691067e-10
      vertex -1.850434e+01 -1.189913e+01  1.691066e-10
    endloop
  endfacet
  facet normal -5.061539e-11 -2.400295e-11  1.000000e+00
    outer loop
      vertex -1.850434e+01 -1.189913e+01  1.691066e-10
      vertex -2.092324e+01 -6.798380e+00  1.691062e-10
      vertex -1.790431e+01 -2.020979e+01 -2.978097e-15
    endloop
  endfacet
  facet normal -1.908148e-11 -1.690462e-11  1.000000e+00
    outer loop
      vertex -1.790431e+01 -2.020979e+01 -2.978097e-15
      vertex -2.092324e+01 -6.798380e+00  1.691062e-10
      vertex -2.222056e+01 -1.533775e+01 -3.437457e-15
    endloop
  endfacet
  facet normal  3.994831e-11  2.902390e-11  1.000000e+00
    outer loop
      vertex -1.569766e+01 -9.935659e+00 -3.277324e-15
      vertex -1.850434e+01 -1.189913e+01  1.691066e-10
      vertex -1.430021e+01 -1.185908e+01 -3.765442e-15
    endloop
  endfacet
  facet normal  3.994830e-11  2.902424e-11  1.000000e+00
    outer loop
      vertex -1.430021e+01 -1.185908e+01 -3.765442e-15
      vertex -1.850434e+01 -1.189913e+01  1.691066e-10
      vertex -1.703489e+01 -1.392166e+01  1.691067e-10
    endloop
  endfacet
  facet normal  0.000000e+00  0.000000e+00 -1.000000e+00
    outer loop
      vertex -5.598571e+00 -2.127571e+01 -1.400000e+01
      vertex -7.976199e+00 -2.050318e+01 -1.400000e+01
      vertex -1.502567e+00 -7.857626e+00 -1.400000e+01
    endloop
  endfacet
  facet normal  -0.000000e+00  0.000000e+00 -9.999999e-01
    outer loop
      vertex -1.502567e+00 -7.857626e+00 -1.400000e+01
      vertex -7.976199e+00 -2.050318e+01 -1.400000e+01
      vertex -3.402995e+00 -7.240140e+00 -1.400000e+01
    endloop
  endfacet
  facet normal  0.000000e+00  0.000000e+00 -1.000000e+00
    outer loop
      vertex -1.703489e+01 -1.392166e+01 -1.400000e+01
      vertex -1.850434e+01 -1.189913e+01 -1.400000e+01
      vertex -5.834199e+00 -5.473766e+00 -1.400000e+01
    endloop
  endfacet
  facet normal  -0.000000e+00  0.000000e+00 -1.000000e+00
    outer loop
      vertex -5.834199e+00 -5.473766e+00 -1.400000e+01
      vertex -1.850434e+01 -1.189913e+01 -1.400000e+01
      vertex -7.008728e+00 -3.857166e+00 -1.400000e+01
    endloop
  endfacet
  facet normal  0.000000e+00  0.000000e+00 -1.000000e+00
    outer loop
      vertex  1.703490e+01 -1.392165e+01 -1.400000e+01
      vertex  5.834199e+00 -5.473766e+00 -1.400000e+01
      vertex  1.850435e+01 -1.189911e+01 -1.400000e+01
    endloop
  endfacet
  facet normal  0.000000e+00  0.000000e+00 -1.000000e+00
    outer loop
      vertex  1.850435e+01 -1.189911e+01 -1.400000e+01
      vertex  5.834199e+00 -5.473766e+00 -1.400000e+01
      vertex  7.008728e+00 -3.857166e+00 -1.400000e+01
    endloop
  endfacet
  facet normal  0.000000e+00  0.000000e+00 -9.999999e-01
    outer loop
      vertex  7.937366e+00 -9.991139e-01 -1.400000e+01
      vertex  7.937366e+00  9.991139e-01 -1.400000e+01
      vertex  2.196446e+01 -1.249986e+00 -1.400000e+01
    endloop
  endfacet
  facet normal  0.000000e+00  0.000000e+00 -1.000000e+00
    outer loop
      vertex  2.196446e+01 -1.249986e+00 -1.400000e+01
      vertex  7.937366e+00  9.991139e-01 -1.400000e+01
      vertex  2.196446e+01  1.250000e+00 -1.400000e+01
    endloop
  endfacet
  facet normal  0.000000e+00  0.000000e+00 -1.000000e+00
    outer loop
      vertex  5.598584e+00 -2.127571e+01 -1.400000e+01
      vertex  1.502567e+00 -7.857626e+00 -1.400000e+01
      vertex  7.976212e+00 -2.050317e+01 -1.400000e+01
    endloop
  endfacet
  facet normal  0.000000e+00  0.000000e+00 -9.999999e-01
    outer loop
      vertex  7.976212e+00 -2.050317e+01 -1.400000e+01
      vertex  1.502567e+00 -7.857626e+00 -1.400000e+01
      vertex  3.402995e+00 -7.240140e+00 -1.400000e+01
    endloop
  endfacet
  facet normal  0.000000e+00  0.000000e+00 -9.999999e-01
    outer loop
      vertex -3.402995e+00  7.240140e+00 -1.400000e+01
      vertex -7.976212e+00  2.050317e+01 -1.400000e+01
      vertex -1.502567e+00  7.857626e+00 -1.400000e+01
    endloop
  endfacet
  facet normal  0.000000e+00  0.000000e+00 -1.000000e+00
    outer loop
      vertex -1.502567e+00  7.857626e+00 -1.400000e+01
      vertex -7.976212e+00  2.050317e+01 -1.400000e+01
      vertex -5.598584e+00  2.127571e+01 -1.400000e+01
    endloop
  endfacet
  facet normal  0.000000e+00  0.000000e+00 -9.999999e-01
    outer loop
      vertex  3.402995e+00  7.240140e+00 -1.400000e+01
      vertex  1.502567e+00  7.857626e+00 -1.400000e+01
      vertex  7.976199e+00  2.050318e+01 -1.400000e+01
    endloop
  endfacet
  facet normal  -0.000000e+00  0.000000e+00 -1.000000e+00
    outer loop
      vertex  7.976199e+00  2.050318e+01 -1.400000e+01
      vertex  1.502567e+00  7.857626e+00 -1.400000e+01
      vertex  5.598571e+00  2.127571e+01 -1.400000e+01
    endloop
  endfacet
  facet normal  0.000000e+00  0.000000e+00 -1.000000e+00
    outer loop
      vertex -2.196446e+01 -1.250000e+00 -1.400000e+01
      vertex -2.196446e+01  1.249986e+00 -1.400000e+01
      vertex -7.937366e+00 -9.991139e-01 -1.400000e+01
    endloop
  endfacet
  facet normal  0.000000e+00  0.000000e+00 -9.999999e-01
    outer loop
      vertex -7.937366e+00 -9.991139e-01 -1.400000e+01
      vertex -2.196446e+01  1.249986e+00 -1.400000e+01
      vertex -7.937366e+00  9.991139e-01 -1.400000e+01
    endloop
  endfacet
  facet normal  0.000000e+00  0.000000e+00 -1.000000e+00
    outer loop
      vertex -7.008728e+00  3.857166e+00 -1.400000e+01
      vertex -1.850435e+01  1.189911e+01 -1.400000e+01
      vertex -5.834199e+00  5.473766e+00 -1.400000e+01
    endloop
  endfacet
  facet normal  0.000000e+00  0.000000e+00 -1.000000e+00
    outer loop
      vertex -5.834199e+00  5.473766e+00 -1.400000e+01
      vertex -1.850435e+01  1.189911e+01 -1.400000e+01
      vertex -1.703490e+01  1.392165e+01 -1.400000e+01
    endloop
  endfacet
  facet normal  3.826835e-01 -9.238794e-01  0.000000e+00
    outer loop
      vertex  9.184548e-17  1.500000e+00 -1.200000e+01
      vertex -1.060660e+00  1.060660e+00 -1.018627e+01
      vertex -1.060660e+00  1.060660e+00 -1.200000e+01
    endloop
  endfacet
  facet normal  9.238794e-01 -3.826835e-01  0.000000e+00
    outer loop
      vertex -1.060660e+00  1.060660e+00 -1.200000e+01
      vertex -1.060660e+00  1.060660e+00 -1.018627e+01
      vertex -1.500000e+00  1.836910e-16 -1.018627e+01
    endloop
  endfacet
  facet normal  9.238794e-01 -3.826835e-01  0.000000e+00
    outer loop
      vertex -1.060660e+00  1.060660e+00 -1.200000e+01
      vertex -1.500000e+00  1.836910e-16 -1.018627e+01
      vertex -1.500000e+00  1.836910e-16 -1.200000e+01
    endloop
  endfacet
  facet normal  3.826835e-01 -9.238794e-01  0.000000e+00
    outer loop
      vertex -1.060660e+00  1.060660e+00 -1.018627e+01
      vertex  9.184548e-17  1.500000e+00 -1.200000e+01
      vertex  9.184548e-17  1.500000e+00 -1.018627e+01
    endloop
  endfacet
  facet normal -3.826835e-01 -9.238794e-01  -0.000000e+00
    outer loop
      vertex  9.184548e-17  1.500000e+00 -1.018627e+01
      vertex  9.184548e-17  1.500000e+00 -1.200000e+01
      vertex  1.060660e+00  1.060660e+00 -1.200000e+01
    endloop
  endfacet
  facet normal -3.826835e-01 -9.238794e-01  0.000000e+00
    outer loop
      vertex  9.184548e-17  1.500000e+00 -1.018627e+01
      vertex  1.060660e+00  1.060660e+00 -1.200000e+01
      vertex  1.060660e+00  1.060660e+00 -1.018627e+01
    endloop
  endfacet
  facet normal -9.238794e-01 -3.826835e-01  -0.000000e+00
    outer loop
      vertex  1.060660e+00  1.060660e+00 -1.018627e+01
      vertex  1.060660e+00  1.060660e+00 -1.200000e+01
      vertex  1.500000e+00 -3.673819e-16 -1.200000e+01
    endloop
  endfacet
  facet normal -9.238794e-01 -3.826835e-01  7.751498e-17
    outer loop
      vertex  1.060660e+00  1.060660e+00 -1.018627e+01
      vertex  1.500000e+00 -3.673819e-16 -1.200000e+01
      vertex  1.500000e+00  0.000000e+00 -1.018627e+01
    endloop
  endfacet
  facet normal -1.184587e-01 -9.929590e-01  -0.000000e+00
    outer loop
      vertex  0.000000e+00 -2.700000e+01 -2.700000e+01
      vertex  0.000000e+00 -2.700000e+01 -2.650000e+01
      vertex -6.351735e+00 -2.624225e+01 -2.700000e+01
    endloop
  endfacet
  facet normal -1.115749e-01 -9.902545e-01 -8.334868e-02
    outer loop
      vertex -6.351735e+00 -2.624225e+01 -2.700000e+01
      vertex  0.000000e+00 -2.700000e+01 -2.650000e+01
      vertex -6.008065e+00 -2.632305e+01 -2.650000e+01
    endloop
  endfacet
  facet normal -3.404015e-01 -9.366453e-01  8.259670e-02
    outer loop
      vertex -6.351735e+00 -2.624225e+01 -2.700000e+01
      vertex -6.008065e+00 -2.632305e+01 -2.650000e+01
      vertex -1.197923e+01 -2.419707e+01 -2.700000e+01
    endloop
  endfacet
  facet normal -3.294943e-01 -9.416403e-01 -6.889953e-02
    outer loop
      vertex -1.197923e+01 -2.419707e+01 -2.700000e+01
      vertex -6.008065e+00 -2.632305e+01 -2.650000e+01
      vertex -1.171486e+01 -2.432616e+01 -2.650000e+01
    endloop
  endfacet
  facet normal -5.390495e-01 -8.395028e-01  6.826998e-02
    outer loop
      vertex -1.197923e+01 -2.419707e+01 -2.700000e+01
      vertex -1.171486e+01 -2.432616e+01 -2.650000e+01
      vertex -1.701760e+01 -2.096190e+01 -2.700000e+01
    endloop
  endfacet
  facet normal -5.312366e-01 -8.454584e-01 -5.466092e-02
    outer loop
      vertex -1.701760e+01 -2.096190e+01 -2.700000e+01
      vertex -1.171486e+01 -2.432616e+01 -2.650000e+01
      vertex -1.683422e+01 -2.110945e+01 -2.650000e+01
    endloop
  endfacet
  facet normal -7.114341e-01 -7.006631e-01  5.415371e-02
    outer loop
      vertex -1.701760e+01 -2.096190e+01 -2.700000e+01
      vertex -1.683422e+01 -2.110945e+01 -2.650000e+01
      vertex -2.121906e+01 -1.669586e+01 -2.700000e+01
    endloop
  endfacet
  facet normal -7.065226e-01 -7.065226e-01 -4.064047e-02
    outer loop
      vertex -2.121906e+01 -1.669586e+01 -2.700000e+01
      vertex -1.683422e+01 -2.110945e+01 -2.650000e+01
      vertex -2.110945e+01 -1.683422e+01 -2.650000e+01
    endloop
  endfacet
  facet normal -8.489214e-01 -5.269834e-01  4.026072e-02
    outer loop
      vertex -2.121906e+01 -1.669586e+01 -2.700000e+01
      vertex -2.110945e+01 -1.683422e+01 -2.650000e+01
      vertex -2.437699e+01 -1.160872e+01 -2.700000e+01
    endloop
  endfacet
  facet normal -8.464189e-01 -5.318402e-01 -2.685201e-02
    outer loop
      vertex -2.437699e+01 -1.160872e+01 -2.700000e+01
      vertex -2.110945e+01 -1.683422e+01 -2.650000e+01
      vertex -2.432616e+01 -1.171486e+01 -2.650000e+01
    endloop
  endfacet
  facet normal -9.446236e-01 -3.270762e-01  2.659785e-02
    outer loop
      vertex -2.437699e+01 -1.160872e+01 -2.700000e+01
      vertex -2.432616e+01 -1.171486e+01 -2.650000e+01
      vertex -2.633608e+01 -5.950686e+00 -2.700000e+01
    endloop
  endfacet
  facet normal -9.437997e-01 -3.302499e-01 -1.330198e-02
    outer loop
      vertex -2.633608e+01 -5.950686e+00 -2.700000e+01
      vertex -2.432616e+01 -1.171486e+01 -2.650000e+01
      vertex -2.632305e+01 -6.008065e+00 -2.650000e+01
    endloop
  endfacet
  facet normal -9.937474e-01 -1.108720e-01  1.317545e-02
    outer loop
      vertex -2.633608e+01 -5.950686e+00 -2.700000e+01
      vertex -2.632305e+01 -6.008065e+00 -2.650000e+01
      vertex -2.700000e+01 -1.135192e-12 -2.700000e+01
    endloop
  endfacet
  facet normal -9.937122e-01 -1.119645e-01  2.549427e-13
    outer loop
      vertex -2.700000e+01 -1.135192e-12 -2.700000e+01
      vertex -2.632305e+01 -6.008065e+00 -2.650000e+01
      vertex -2.700000e+01  3.306437e-15 -2.650000e+01
    endloop
  endfacet
  facet normal -9.937122e-01  1.119645e-01 -2.549427e-13
    outer loop
      vertex -2.700000e+01 -1.135192e-12 -2.700000e+01
      vertex -2.700000e+01  3.306437e-15 -2.650000e+01
      vertex -2.632305e+01  6.008065e+00 -2.700000e+01
    endloop
  endfacet
  facet normal -9.937122e-01  1.119645e-01  0.000000e+00
    outer loop
      vertex -2.632305e+01  6.008065e+00 -2.700000e+01
      vertex -2.700000e+01  3.306437e-15 -2.650000e+01
      vertex -2.632305e+01  6.008065e+00 -2.650000e+01
    endloop
  endfacet
  facet normal -9.438832e-01  3.302791e-01  0.000000e+00
    outer loop
      vertex -2.632305e+01  6.008065e+00 -2.700000e+01
      vertex -2.632305e+01  6.008065e+00 -2.650000e+01
      vertex -2.432616e+01  1.171486e+01 -2.700000e+01
    endloop
  endfacet
  facet normal -9.438832e-01  3.302791e-01  0.000000e+00
    outer loop
      vertex -2.432616e+01  1.171486e+01 -2.700000e+01
      vertex -2.632305e+01  6.008065e+00 -2.650000e+01
      vertex -2.432616e+01  1.171486e+01 -2.650000e+01
    endloop
  endfacet
  facet normal -8.467242e-01  5.320320e-01  0.000000e+00
    outer loop
      vertex -2.432616e+01  1.171486e+01 -2.700000e+01
      vertex -2.432616e+01  1.171486e+01 -2.650000e+01
      vertex -2.110945e+01  1.683422e+01 -2.700000e+01
    endloop
  endfacet
  facet normal -8.467242e-01  5.320320e-01  0.000000e+00
    outer loop
      vertex -2.110945e+01  1.683422e+01 -2.700000e+01
      vertex -2.432616e+01  1.171486e+01 -2.650000e+01
      vertex -2.110945e+01  1.683422e+01 -2.650000e+01
    endloop
  endfacet
  facet normal -7.071068e-01  7.071068e-01  0.000000e+00
    outer loop
      vertex -2.110945e+01  1.683422e+01 -2.700000e+01
      vertex -2.110945e+01  1.683422e+01 -2.650000e+01
      vertex -1.683422e+01  2.110945e+01 -2.700000e+01
    endloop
  endfacet
  facet normal -7.071068e-01  7.071068e-01  0.000000e+00
    outer loop
      vertex -1.683422e+01  2.110945e+01 -2.700000e+01
      vertex -2.110945e+01  1.683422e+01 -2.650000e+01
      vertex -1.683422e+01  2.110945e+01 -2.650000e+01
    endloop
  endfacet
  facet normal -5.320320e-01  8.467242e-01  0.000000e+00
    outer loop
      vertex -1.683422e+01  2.110945e+01 -2.700000e+01
      vertex -1.683422e+01  2.110945e+01 -2.650000e+01
      vertex -1.171486e+01  2.432616e+01 -2.700000e+01
    endloop
  endfacet
  facet normal -5.320320e-01  8.467242e-01  0.000000e+00
    outer loop
      vertex -1.171486e+01  2.432616e+01 -2.700000e+01
      vertex -1.683422e+01  2.110945e+01 -2.650000e+01
      vertex -1.171486e+01  2.432616e+01 -2.650000e+01
    endloop
  endfacet
  facet normal -3.302791e-01  9.438832e-01  0.000000e+00
    outer loop
      vertex -1.171486e+01  2.432616e+01 -2.700000e+01
      vertex -1.171486e+01  2.432616e+01 -2.650000e+01
      vertex -6.008065e+00  2.632305e+01 -2.700000e+01
    endloop
  endfacet
  facet normal -3.302791e-01  9.438832e-01  0.000000e+00
    outer loop
      vertex -6.008065e+00  2.632305e+01 -2.700000e+01
      vertex -1.171486e+01  2.432616e+01 -2.650000e+01
      vertex -6.008065e+00  2.632305e+01 -2.650000e+01
    endloop
  endfacet
  facet normal -1.119645e-01  9.937122e-01  0.000000e+00
    outer loop
      vertex -6.008065e+00  2.632305e+01 -2.700000e+01
      vertex -6.008065e+00  2.632305e+01 -2.650000e+01
      vertex  1.529685e-14  2.700000e+01 -2.700000e+01
    endloop
  endfacet
  facet normal -1.119645e-01  9.937122e-01 -3.055204e-15
    outer loop
      vertex  1.529685e-14  2.700000e+01 -2.700000e+01
      vertex -6.008065e+00  2.632305e+01 -2.650000e+01
      vertex  1.653219e-15  2.700000e+01 -2.650000e+01
    endloop
  endfacet
  facet normal  3.481976e-01  9.181213e-01 -1.892396e-01
    outer loop
      vertex  6.461523e+00  2.621543e+01 -2.700000e+01
      vertex  1.171486e+01  2.432616e+01 -2.650000e+01
      vertex  1.254753e+01  2.390731e+01 -2.700000e+01
    endloop
  endfacet
  facet normal  5.239145e-01  8.338053e-01  1.740178e-01
    outer loop
      vertex  1.254753e+01  2.390731e+01 -2.700000e+01
      vertex  1.171486e+01  2.432616e+01 -2.650000e+01
      vertex  1.683422e+01  2.110945e+01 -2.650000e+01
    endloop
  endfacet
  facet normal  5.491039e-01  7.955143e-01 -2.562066e-01
    outer loop
      vertex  1.254753e+01  2.390731e+01 -2.700000e+01
      vertex  1.683422e+01  2.110945e+01 -2.650000e+01
      vertex  1.790431e+01  2.020979e+01 -2.700000e+01
    endloop
  endfacet
  facet normal  6.874222e-01  6.874222e-01  2.343111e-01
    outer loop
      vertex  1.790431e+01  2.020979e+01 -2.700000e+01
      vertex  1.683422e+01  2.110945e+01 -2.650000e+01
      vertex  2.110945e+01  1.683422e+01 -2.650000e+01
    endloop
  endfacet
  facet normal  7.126235e-01  6.313294e-01 -3.059261e-01
    outer loop
      vertex  1.790431e+01  2.020979e+01 -2.700000e+01
      vertex  2.110945e+01  1.683422e+01 -2.650000e+01
      vertex  2.222056e+01  1.533775e+01 -2.700000e+01
    endloop
  endfacet
  facet normal  8.133776e-01  5.110790e-01  2.778763e-01
    outer loop
      vertex  2.222056e+01  1.533775e+01 -2.700000e+01
      vertex  2.110945e+01  1.683422e+01 -2.650000e+01
      vertex  2.432616e+01  1.171486e+01 -2.650000e+01
    endloop
  endfacet
  facet normal  8.327039e-01  4.370367e-01 -3.400044e-01
    outer loop
      vertex  2.222056e+01  1.533775e+01 -2.700000e+01
      vertex  2.432616e+01  1.171486e+01 -2.650000e+01
      vertex  2.524544e+01  9.574332e+00 -2.700000e+01
    endloop
  endfacet
  facet normal  8.986008e-01  3.144341e-01  3.060193e-01
    outer loop
      vertex  2.524544e+01  9.574332e+00 -2.700000e+01
      vertex  2.432616e+01  1.171486e+01 -2.650000e+01
      vertex  2.632305e+01  6.008065e+00 -2.650000e+01
    endloop
  endfacet
  facet normal  9.059016e-01  2.232847e-01 -3.598420e-01
    outer loop
      vertex  2.524544e+01  9.574332e+00 -2.700000e+01
      vertex  2.632305e+01  6.008065e+00 -2.650000e+01
      vertex  2.680314e+01  3.254490e+00 -2.700000e+01
    endloop
  endfacet
  facet normal  9.059016e-01 -2.232847e-01 -3.598420e-01
    outer loop
      vertex  2.524544e+01 -9.574332e+00 -2.700000e+01
      vertex  2.680314e+01 -3.254490e+00 -2.700000e+01
      vertex  2.632305e+01 -6.008065e+00 -2.650000e+01
    endloop
  endfacet
  facet normal  8.986008e-01 -3.144341e-01  3.060193e-01
    outer loop
      vertex  2.632305e+01 -6.008065e+00 -2.650000e+01
      vertex  2.432616e+01 -1.171486e+01 -2.650000e+01
      vertex  2.524544e+01 -9.574332e+00 -2.700000e+01
    endloop
  endfacet
  facet normal  8.327039e-01 -4.370367e-01 -3.400044e-01
    outer loop
      vertex  2.222056e+01 -1.533775e+01 -2.700000e+01
      vertex  2.524544e+01 -9.574332e+00 -2.700000e+01
      vertex  2.432616e+01 -1.171486e+01 -2.650000e+01
    endloop
  endfacet
  facet normal  8.133776e-01 -5.110790e-01  2.778763e-01
    outer loop
      vertex  2.432616e+01 -1.171486e+01 -2.650000e+01
      vertex  2.110945e+01 -1.683422e+01 -2.650000e+01
      vertex  2.222056e+01 -1.533775e+01 -2.700000e+01
    endloop
  endfacet
  facet normal  7.126235e-01 -6.313294e-01 -3.059262e-01
    outer loop
      vertex  1.790431e+01 -2.020979e+01 -2.700000e+01
      vertex  2.222056e+01 -1.533775e+01 -2.700000e+01
      vertex  2.110945e+01 -1.683422e+01 -2.650000e+01
    endloop
  endfacet
  facet normal  6.874222e-01 -6.874222e-01  2.343111e-01
    outer loop
      vertex  2.110945e+01 -1.683422e+01 -2.650000e+01
      vertex  1.683422e+01 -2.110945e+01 -2.650000e+01
      vertex  1.790431e+01 -2.020979e+01 -2.700000e+01
    endloop
  endfacet
  facet normal  5.491039e-01 -7.955143e-01 -2.562066e-01
    outer loop
      vertex  1.254753e+01 -2.390731e+01 -2.700000e+01
      vertex  1.790431e+01 -2.020979e+01 -2.700000e+01
      vertex  1.683422e+01 -2.110945e+01 -2.650000e+01
    endloop
  endfacet
  facet normal  5.239145e-01 -8.338053e-01  1.740178e-01
    outer loop
      vertex  1.683422e+01 -2.110945e+01 -2.650000e+01
      vertex  1.171486e+01 -2.432616e+01 -2.650000e+01
      vertex  1.254753e+01 -2.390731e+01 -2.700000e+01
    endloop
  endfacet
  facet normal  3.481976e-01 -9.181213e-01 -1.892396e-01
    outer loop
      vertex  6.461523e+00 -2.621543e+01 -2.700000e+01
      vertex  1.254753e+01 -2.390731e+01 -2.700000e+01
      vertex  1.171486e+01 -2.432616e+01 -2.650000e+01
    endloop
  endfacet
  facet normal  9.415267e-01 -1.060846e-01  3.198025e-01
    outer loop
      vertex  2.700000e+01  0.000000e+00 -2.650000e+01
      vertex  2.632305e+01 -6.008065e+00 -2.650000e+01
      vertex  2.680314e+01 -3.254490e+00 -2.700000e+01
    endloop
  endfacet
  facet normal  9.304772e-01  0.000000e+00 -3.663498e-01
    outer loop
      vertex  2.700000e+01  0.000000e+00 -2.650000e+01
      vertex  2.680314e+01 -3.254490e+00 -2.700000e+01
      vertex  2.680314e+01  3.254490e+00 -2.700000e+01
    endloop
  endfacet
  facet normal  9.415267e-01  1.060846e-01  3.198025e-01
    outer loop
      vertex  2.700000e+01  0.000000e+00 -2.650000e+01
      vertex  2.680314e+01  3.254490e+00 -2.700000e+01
      vertex  2.632305e+01  6.008065e+00 -2.650000e+01
    endloop
  endfacet
  facet normal  1.205366e-01  9.927089e-01  3.289114e-15
    outer loop
      vertex  1.529685e-14  2.700000e+01 -2.700000e+01
      vertex  1.653219e-15  2.700000e+01 -2.650000e+01
      vertex  6.461523e+00  2.621543e+01 -2.700000e+01
    endloop
  endfacet
  facet normal  1.112645e-01  9.874991e-01 -1.116498e-01
    outer loop
      vertex  6.461523e+00  2.621543e+01 -2.700000e+01
      vertex  1.653219e-15  2.700000e+01 -2.650000e+01
      vertex  6.008065e+00  2.632305e+01 -2.650000e+01
    endloop
  endfacet
  facet normal  3.287562e-01  9.395309e-01  9.592190e-02
    outer loop
      vertex  6.461523e+00  2.621543e+01 -2.700000e+01
      vertex  6.008065e+00  2.632305e+01 -2.650000e+01
      vertex  1.171486e+01  2.432616e+01 -2.650000e+01
    endloop
  endfacet
  facet normal  1.119645e-01 -9.937122e-01  0.000000e+00
    outer loop
      vertex  0.000000e+00 -2.700000e+01 -2.650000e+01
      vertex  0.000000e+00 -2.700000e+01 -2.700000e+01
      vertex  6.008065e+00 -2.632305e+01 -2.650000e+01
    endloop
  endfacet
  facet normal  1.198855e-01 -9.873466e-01 -1.037984e-01
    outer loop
      vertex  6.008065e+00 -2.632305e+01 -2.650000e+01
      vertex  0.000000e+00 -2.700000e+01 -2.700000e+01
      vertex  6.461523e+00 -2.621543e+01 -2.700000e+01
    endloop
  endfacet
  facet normal  3.287562e-01 -9.395309e-01  9.592190e-02
    outer loop
      vertex  6.008065e+00 -2.632305e+01 -2.650000e+01
      vertex  6.461523e+00 -2.621543e+01 -2.700000e+01
      vertex  1.171486e+01 -2.432616e+01 -2.650000e+01
    endloop
  endfacet
  facet normal -5.942632e-01  8.042161e-01  9.371670e-03
    outer loop
      vertex  6.174622e-01 -1.367019e+00 -1.200000e+01
      vertex  1.060660e+00 -1.060660e+00 -1.018627e+01
      vertex  1.125443e+00 -9.916540e-01 -1.200000e+01
    endloop
  endfacet
  facet normal -9.237224e-01  3.826184e-01 -1.843639e-02
    outer loop
      vertex  1.125443e+00 -9.916540e-01 -1.200000e+01
      vertex  1.060660e+00 -1.060660e+00 -1.018627e+01
      vertex  1.500000e+00  0.000000e+00 -1.018627e+01
    endloop
  endfacet
  facet normal -9.354933e-01  3.533444e-01 -7.157217e-17
    outer loop
      vertex  1.125443e+00 -9.916540e-01 -1.200000e+01
      vertex  1.500000e+00  0.000000e+00 -1.018627e+01
      vertex  1.500000e+00 -3.673819e-16 -1.200000e+01
    endloop
  endfacet
  facet normal  7.068262e-01  7.068262e-01  2.816905e-02
    outer loop
      vertex -1.299038e+00 -7.500000e-01 -1.200000e+01
      vertex -1.060660e+00 -1.060660e+00 -1.018627e+01
      vertex -7.500000e-01 -1.299038e+00 -1.200000e+01
    endloop
  endfacet
  facet normal  3.820874e-01  9.224405e-01 -5.579129e-02
    outer loop
      vertex -7.500000e-01 -1.299038e+00 -1.200000e+01
      vertex -1.060660e+00 -1.060660e+00 -1.018627e+01
      vertex -2.755364e-16 -1.500000e+00 -1.018627e+01
    endloop
  endfacet
  facet normal  2.588191e-01  9.659258e-01 -1.901149e-16
    outer loop
      vertex -7.500000e-01 -1.299038e+00 -1.200000e+01
      vertex -2.755364e-16 -1.500000e+00 -1.018627e+01
      vertex -1.607804e-15 -1.500000e+00 -1.200000e+01
    endloop
  endfacet
  facet normal -3.826835e-01  9.238794e-01  2.810991e-16
    outer loop
      vertex -1.607804e-15 -1.500000e+00 -1.200000e+01
      vertex -2.755364e-16 -1.500000e+00 -1.018627e+01
      vertex  1.060660e+00 -1.060660e+00 -1.018627e+01
    endloop
  endfacet
  facet normal -2.091926e-01  9.713293e-01 -1.129506e-01
    outer loop
      vertex -1.607804e-15 -1.500000e+00 -1.200000e+01
      vertex  1.060660e+00 -1.060660e+00 -1.018627e+01
      vertex  6.174622e-01 -1.367019e+00 -1.200000e+01
    endloop
  endfacet
  facet normal  9.659258e-01  2.588191e-01  0.000000e+00
    outer loop
      vertex -1.500000e+00  1.836910e-16 -1.200000e+01
      vertex -1.500000e+00  1.836910e-16 -1.018627e+01
      vertex -1.299038e+00 -7.500000e-01 -1.200000e+01
    endloop
  endfacet
  facet normal  9.224405e-01  3.820874e-01 -5.579129e-02
    outer loop
      vertex -1.299038e+00 -7.500000e-01 -1.200000e+01
      vertex -1.500000e+00  1.836910e-16 -1.018627e+01
      vertex -1.060660e+00 -1.060660e+00 -1.018627e+01
    endloop
  endfacet
  facet normal  3.481976e-01  9.181213e-01  1.892396e-01
    outer loop
      vertex  6.461523e+00  2.621543e+01  1.691039e-10
      vertex  1.254753e+01  2.390731e+01  1.691041e-10
      vertex  1.171486e+01  2.432616e+01 -5.000000e-01
    endloop
  endfacet
  facet normal  5.239145e-01  8.338053e-01 -1.740178e-01
    outer loop
      vertex  1.683422e+01  2.110945e+01 -5.000000e-01
      vertex  1.171486e+01  2.432616e+01 -5.000000e-01
      vertex  1.254753e+01  2.390731e+01  1.691041e-10
    endloop
  endfacet
  facet normal  5.491039e-01  7.955143e-01  2.562066e-01
    outer loop
      vertex  1.254753e+01  2.390731e+01  1.691041e-10
      vertex  1.790431e+01  2.020979e+01  1.691043e-10
      vertex  1.683422e+01  2.110945e+01 -5.000000e-01
    endloop
  endfacet
  facet normal  6.874222e-01  6.874222e-01 -2.343111e-01
    outer loop
      vertex  2.110945e+01  1.683422e+01 -5.000000e-01
      vertex  1.683422e+01  2.110945e+01 -5.000000e-01
      vertex  1.790431e+01  2.020979e+01  1.691043e-10
    endloop
  endfacet
  facet normal  7.126235e-01  6.313294e-01  3.059262e-01
    outer loop
      vertex  1.790431e+01  2.020979e+01  1.691043e-10
      vertex  2.222056e+01  1.533775e+01  1.691046e-10
      vertex  2.110945e+01  1.683422e+01 -5.000000e-01
    endloop
  endfacet
  facet normal  8.133776e-01  5.110790e-01 -2.778763e-01
    outer loop
      vertex  2.432616e+01  1.171486e+01 -5.000000e-01
      vertex  2.110945e+01  1.683422e+01 -5.000000e-01
      vertex  2.222056e+01  1.533775e+01  1.691046e-10
    endloop
  endfacet
  facet normal  8.327039e-01  4.370367e-01  3.400044e-01
    outer loop
      vertex  2.222056e+01  1.533775e+01  1.691046e-10
      vertex  2.524544e+01  9.574332e+00  1.691050e-10
      vertex  2.432616e+01  1.171486e+01 -5.000000e-01
    endloop
  endfacet
  facet normal  8.986008e-01  3.144341e-01 -3.060193e-01
    outer loop
      vertex  2.632305e+01  6.008065e+00 -5.000000e-01
      vertex  2.432616e+01  1.171486e+01 -5.000000e-01
      vertex  2.524544e+01  9.574332e+00  1.691050e-10
    endloop
  endfacet
  facet normal  9.059016e-01  2.232847e-01  3.598420e-01
    outer loop
      vertex  2.524544e+01  9.574332e+00  1.691050e-10
      vertex  2.680314e+01  3.254490e+00  1.691054e-10
      vertex  2.632305e+01  6.008065e+00 -5.000000e-01
    endloop
  endfacet
  facet normal  9.059016e-01 -2.232847e-01  3.598420e-01
    outer loop
      vertex  2.632305e+01 -6.008065e+00 -5.000000e-01
      vertex  2.680314e+01 -3.254490e+00  1.691058e-10
      vertex  2.524544e+01 -9.574332e+00  1.691062e-10
    endloop
  endfacet
  facet normal  8.986008e-01 -3.144341e-01 -3.060193e-01
    outer loop
      vertex  2.632305e+01 -6.008065e+00 -5.000000e-01
      vertex  2.524544e+01 -9.574332e+00  1.691062e-10
      vertex  2.432616e+01 -1.171486e+01 -5.000000e-01
    endloop
  endfacet
  facet normal  8.327039e-01 -4.370367e-01  3.400044e-01
    outer loop
      vertex  2.432616e+01 -1.171486e+01 -5.000000e-01
      vertex  2.524544e+01 -9.574332e+00  1.691062e-10
      vertex  2.222056e+01 -1.533775e+01  1.691066e-10
    endloop
  endfacet
  facet normal  8.133776e-01 -5.110790e-01 -2.778764e-01
    outer loop
      vertex  2.432616e+01 -1.171486e+01 -5.000000e-01
      vertex  2.222056e+01 -1.533775e+01  1.691066e-10
      vertex  2.110945e+01 -1.683422e+01 -5.000000e-01
    endloop
  endfacet
  facet normal  7.126235e-01 -6.313294e-01  3.059262e-01
    outer loop
      vertex  2.110945e+01 -1.683422e+01 -5.000000e-01
      vertex  2.222056e+01 -1.533775e+01  1.691066e-10
      vertex  1.790431e+01 -2.020979e+01  1.691069e-10
    endloop
  endfacet
  facet normal  6.874222e-01 -6.874222e-01 -2.343110e-01
    outer loop
      vertex  2.110945e+01 -1.683422e+01 -5.000000e-01
      vertex  1.790431e+01 -2.020979e+01  1.691069e-10
      vertex  1.683422e+01 -2.110945e+01 -5.000000e-01
    endloop
  endfacet
  facet normal  5.491039e-01 -7.955143e-01  2.562066e-01
    outer loop
      vertex  1.683422e+01 -2.110945e+01 -5.000000e-01
      vertex  1.790431e+01 -2.020979e+01  1.691069e-10
      vertex  1.254753e+01 -2.390731e+01  1.691072e-10
    endloop
  endfacet
  facet normal  5.239145e-01 -8.338053e-01 -1.740178e-01
    outer loop
      vertex  1.683422e+01 -2.110945e+01 -5.000000e-01
      vertex  1.254753e+01 -2.390731e+01  1.691072e-10
      vertex  1.171486e+01 -2.432616e+01 -5.000000e-01
    endloop
  endfacet
  facet normal  3.481976e-01 -9.181213e-01  1.892396e-01
    outer loop
      vertex  1.171486e+01 -2.432616e+01 -5.000000e-01
      vertex  1.254753e+01 -2.390731e+01  1.691072e-10
      vertex  6.461523e+00 -2.621543e+01  1.691073e-10
    endloop
  endfacet
  facet normal  9.415267e-01  1.060846e-01 -3.198025e-01
    outer loop
      vertex  2.700000e+01  0.000000e+00 -5.000000e-01
      vertex  2.632305e+01  6.008065e+00 -5.000000e-01
      vertex  2.680314e+01  3.254490e+00  1.691054e-10
    endloop
  endfacet
  facet normal  9.304772e-01  2.343282e-17  3.663498e-01
    outer loop
      vertex  2.700000e+01  0.000000e+00 -5.000000e-01
      vertex  2.680314e+01  3.254490e+00  1.691054e-10
      vertex  2.680314e+01 -3.254490e+00  1.691058e-10
    endloop
  endfacet
  facet normal  9.415267e-01 -1.060846e-01 -3.198025e-01
    outer loop
      vertex  2.700000e+01  0.000000e+00 -5.000000e-01
      vertex  2.680314e+01 -3.254490e+00  1.691058e-10
      vertex  2.632305e+01 -6.008065e+00 -5.000000e-01
    endloop
  endfacet
  facet normal  1.119645e-01  9.937122e-01 -1.712704e-15
    outer loop
      vertex -4.341986e-15  2.700000e+01 -5.000000e-01
      vertex  3.306437e-15  2.700000e+01  1.691039e-10
      vertex  6.008065e+00  2.632305e+01 -5.000000e-01
    endloop
  endfacet
  facet normal  1.198855e-01  9.873466e-01  1.037984e-01
    outer loop
      vertex  6.008065e+00  2.632305e+01 -5.000000e-01
      vertex  3.306437e-15  2.700000e+01  1.691039e-10
      vertex  6.461523e+00  2.621543e+01  1.691039e-10
    endloop
  endfacet
  facet normal  3.287562e-01  9.395309e-01 -9.592190e-02
    outer loop
      vertex  6.008065e+00  2.632305e+01 -5.000000e-01
      vertex  6.461523e+00  2.621543e+01  1.691039e-10
      vertex  1.171486e+01  2.432616e+01 -5.000000e-01
    endloop
  endfacet
  facet normal  1.205366e-01 -9.927089e-01  0.000000e+00
    outer loop
      vertex  0.000000e+00 -2.700000e+01  1.691074e-10
      vertex  0.000000e+00 -2.700000e+01 -5.000000e-01
      vertex  6.461523e+00 -2.621543e+01  1.691073e-10
    endloop
  endfacet
  facet normal  1.112645e-01 -9.874991e-01  1.116498e-01
    outer loop
      vertex  6.461523e+00 -2.621543e+01  1.691073e-10
      vertex  0.000000e+00 -2.700000e+01 -5.000000e-01
      vertex  6.008065e+00 -2.632305e+01 -5.000000e-01
    endloop
  endfacet
  facet normal  3.287562e-01 -9.395309e-01 -9.592190e-02
    outer loop
      vertex  6.461523e+00 -2.621543e+01  1.691073e-10
      vertex  6.008065e+00 -2.632305e+01 -5.000000e-01
      vertex  1.171486e+01 -2.432616e+01 -5.000000e-01
    endloop
  endfacet
  facet normal  5.427936e-01  8.398577e-01  3.782591e-03
    outer loop
      vertex -1.391106e+01 -1.704354e+01 -2.700000e+01
      vertex -1.293127e+01 -1.779838e+01  1.691070e-10
      vertex -9.825618e+00 -1.968393e+01 -2.700000e+01
    endloop
  endfacet
  facet normal  9.452690e-01  3.262559e-01  4.860003e-03
    outer loop
      vertex -2.146222e+01 -4.834596e+00 -2.700000e+01
      vertex -2.092324e+01 -6.798380e+00  1.691062e-10
      vertex -1.987515e+01 -9.432831e+00 -2.700000e+01
    endloop
  endfacet
  facet normal  9.913969e-01 -1.305199e-01  9.839554e-03
    outer loop
      vertex -2.200000e+01 -1.116816e-12 -2.700000e+01
      vertex -2.125037e+01  5.694019e+00 -2.700000e+01
      vertex -2.196446e+01  1.249986e+00 -1.400000e+01
    endloop
  endfacet
  facet normal  6.087479e-01 -7.933356e-01  6.691516e-03
    outer loop
      vertex -1.100000e+01  1.905256e+01 -2.700000e+01
      vertex -1.293128e+01  1.779837e+01  1.691042e-10
      vertex -1.555635e+01  1.555635e+01 -2.700000e+01
    endloop
  endfacet
  facet normal  9.828433e-01  1.844423e-01  0.000000e+00
    outer loop
      vertex -2.196446e+01 -1.250000e+00 -1.400000e+01
      vertex -2.196446e+01 -1.250000e+00  1.691057e-10
      vertex -2.092324e+01 -6.798380e+00  1.691062e-10
    endloop
  endfacet
  facet normal  9.861266e-01  1.658196e-01 -7.624567e-03
    outer loop
      vertex -2.196446e+01 -1.250000e+00 -1.400000e+01
      vertex -2.092324e+01 -6.798380e+00  1.691062e-10
      vertex -2.146222e+01 -4.834596e+00 -2.700000e+01
    endloop
  endfacet
  facet normal  9.938389e-01  1.105514e-01  7.912966e-03
    outer loop
      vertex -2.196446e+01 -1.250000e+00 -1.400000e+01
      vertex -2.146222e+01 -4.834596e+00 -2.700000e+01
      vertex -2.200000e+01 -1.116816e-12 -2.700000e+01
    endloop
  endfacet
  facet normal  9.999962e-01  0.000000e+00 -2.733808e-03
    outer loop
      vertex -2.196446e+01 -1.250000e+00 -1.400000e+01
      vertex -2.200000e+01 -1.116816e-12 -2.700000e+01
      vertex -2.196446e+01  1.249986e+00 -1.400000e+01
    endloop
  endfacet
  facet normal  2.467849e-01  9.690703e-01  0.000000e+00
    outer loop
      vertex -5.598571e+00 -2.127571e+01  1.691073e-10
      vertex -5.259802e+00 -2.136199e+01 -2.700000e+01
      vertex -5.598571e+00 -2.127571e+01 -1.400000e+01
    endloop
  endfacet
  facet normal  3.449637e-01  9.386119e-01  2.760581e-03
    outer loop
      vertex -5.598571e+00 -2.127571e+01 -1.400000e+01
      vertex -5.259802e+00 -2.136199e+01 -2.700000e+01
      vertex -9.825618e+00 -1.968393e+01 -2.700000e+01
    endloop
  endfacet
  facet normal  3.089779e-01  9.509350e-01  1.597054e-02
    outer loop
      vertex -5.598571e+00 -2.127571e+01 -1.400000e+01
      vertex -9.825618e+00 -1.968393e+01 -2.700000e+01
      vertex -7.976199e+00 -2.050318e+01 -1.400000e+01
    endloop
  endfacet
  facet normal  4.587887e-01  8.884971e-01 -9.276755e-03
    outer loop
      vertex -7.976199e+00 -2.050318e+01 -1.400000e+01
      vertex -9.825618e+00 -1.968393e+01 -2.700000e+01
      vertex -1.293127e+01 -1.779838e+01  1.691070e-10
    endloop
  endfacet
  facet normal  4.791295e-01  8.777441e-01  0.000000e+00
    outer loop
      vertex -7.976199e+00 -2.050318e+01 -1.400000e+01
      vertex -1.293127e+01 -1.779838e+01  1.691070e-10
      vertex -7.976199e+00 -2.050318e+01  1.691072e-10
    endloop
  endfacet
  facet normal  6.867251e-01 -7.269171e-01  0.000000e+00
    outer loop
      vertex -1.703490e+01  1.392165e+01 -1.400000e+01
      vertex -1.293128e+01  1.779837e+01  1.691042e-10
      vertex -1.703490e+01  1.392165e+01  1.691045e-10
    endloop
  endfacet
  facet normal  7.034021e-01 -7.107303e-01 -9.370579e-03
    outer loop
      vertex -1.293128e+01  1.779837e+01  1.691042e-10
      vertex -1.703490e+01  1.392165e+01 -1.400000e+01
      vertex -1.555635e+01  1.555635e+01 -2.700000e+01
    endloop
  endfacet
  facet normal  8.088847e-01 -5.876887e-01  1.809849e-02
    outer loop
      vertex -1.555635e+01  1.555635e+01 -2.700000e+01
      vertex -1.703490e+01  1.392165e+01 -1.400000e+01
      vertex -1.850435e+01  1.189911e+01 -1.400000e+01
    endloop
  endfacet
  facet normal  7.933236e-01 -6.087387e-01  8.647760e-03
    outer loop
      vertex -1.555635e+01  1.555635e+01 -2.700000e+01
      vertex -1.850435e+01  1.189911e+01 -1.400000e+01
      vertex -1.905256e+01  1.100000e+01 -2.700000e+01
    endloop
  endfacet
  facet normal  8.538107e-01 -5.205837e-01  0.000000e+00
    outer loop
      vertex -1.905256e+01  1.100000e+01 -2.700000e+01
      vertex -1.850435e+01  1.189911e+01 -1.400000e+01
      vertex -1.850435e+01  1.189911e+01  1.691047e-10
    endloop
  endfacet
  facet normal  9.035417e-01 -4.284806e-01 -4.076818e-03
    outer loop
      vertex -1.905256e+01  1.100000e+01 -2.700000e+01
      vertex -1.850435e+01  1.189911e+01  1.691047e-10
      vertex -2.092325e+01  6.798367e+00  1.691051e-10
    endloop
  endfacet
  facet normal  1.283003e-01  9.917341e-01 -1.559039e-03
    outer loop
      vertex -5.598571e+00 -2.127571e+01  1.691073e-10
      vertex  0.000000e+00 -2.200000e+01  1.691074e-10
      vertex -5.259802e+00 -2.136199e+01 -2.700000e+01
    endloop
  endfacet
  facet normal  1.204173e-01  9.927233e-01  0.000000e+00
    outer loop
      vertex -5.259802e+00 -2.136199e+01 -2.700000e+01
      vertex  0.000000e+00 -2.200000e+01  1.691074e-10
      vertex -2.492819e-14 -2.200000e+01 -2.700000e+01
    endloop
  endfacet
  facet normal  7.140880e-01  7.000473e-01  3.478462e-03
    outer loop
      vertex -1.731640e+01 -1.356990e+01 -2.700000e+01
      vertex -1.703489e+01 -1.392166e+01 -1.400000e+01
      vertex -1.391106e+01 -1.704354e+01 -2.700000e+01
    endloop
  endfacet
  facet normal  7.068869e-01  7.073265e-01  0.000000e+00
    outer loop
      vertex -1.391106e+01 -1.704354e+01 -2.700000e+01
      vertex -1.703489e+01 -1.392166e+01 -1.400000e+01
      vertex -1.703489e+01 -1.392166e+01  1.691067e-10
    endloop
  endfacet
  facet normal  6.867175e-01  7.269099e-01 -4.597884e-03
    outer loop
      vertex -1.391106e+01 -1.704354e+01 -2.700000e+01
      vertex -1.703489e+01 -1.392166e+01  1.691067e-10
      vertex -1.293127e+01 -1.779838e+01  1.691070e-10
    endloop
  endfacet
  facet normal  8.504688e-01  5.260090e-01 -4.184043e-03
    outer loop
      vertex -1.731640e+01 -1.356990e+01 -2.700000e+01
      vertex -1.987515e+01 -9.432831e+00 -2.700000e+01
      vertex -1.703489e+01 -1.392166e+01 -1.400000e+01
    endloop
  endfacet
  facet normal  8.087391e-01  5.875839e-01  2.619459e-02
    outer loop
      vertex -1.703489e+01 -1.392166e+01 -1.400000e+01
      vertex -1.987515e+01 -9.432831e+00 -2.700000e+01
      vertex -1.850434e+01 -1.189913e+01 -1.400000e+01
    endloop
  endfacet
  facet normal  8.936159e-01  4.487402e-01 -9.096133e-03
    outer loop
      vertex -1.987515e+01 -9.432831e+00 -2.700000e+01
      vertex -2.092324e+01 -6.798380e+00  1.691062e-10
      vertex -1.850434e+01 -1.189913e+01 -1.400000e+01
    endloop
  endfacet
  facet normal  9.035491e-01  4.284846e-01  -0.000000e+00
    outer loop
      vertex -1.850434e+01 -1.189913e+01 -1.400000e+01
      vertex -2.092324e+01 -6.798380e+00  1.691062e-10
      vertex -1.850434e+01 -1.189913e+01  1.691066e-10
    endloop
  endfacet
  facet normal  9.238704e-01 -3.826796e-01  4.459017e-03
    outer loop
      vertex -1.905256e+01  1.100000e+01 -2.700000e+01
      vertex -2.092325e+01  6.798367e+00  1.691051e-10
      vertex -2.125037e+01  5.694019e+00 -2.700000e+01
    endloop
  endfacet
  facet normal  9.828342e-01 -1.844395e-01 -4.363739e-03
    outer loop
      vertex -2.125037e+01  5.694019e+00 -2.700000e+01
      vertex -2.092325e+01  6.798367e+00  1.691051e-10
      vertex -2.196446e+01  1.249986e+00  1.691055e-10
    endloop
  endfacet
  facet normal  9.873348e-01 -1.586505e-01  0.000000e+00
    outer loop
      vertex -2.125037e+01  5.694019e+00 -2.700000e+01
      vertex -2.196446e+01  1.249986e+00  1.691055e-10
      vertex -2.196446e+01  1.249986e+00 -1.400000e+01
    endloop
  endfacet
  facet normal  1.305261e-01 -9.914444e-01  9.745692e-04
    outer loop
      vertex  1.246410e-14  2.200000e+01 -2.700000e+01
      vertex -5.598584e+00  2.127571e+01 -1.400000e+01
      vertex -5.694019e+00  2.125037e+01 -2.700000e+01
    endloop
  endfacet
  facet normal  3.090174e-01 -9.510564e-01 -4.144925e-04
    outer loop
      vertex -5.694019e+00  2.125037e+01 -2.700000e+01
      vertex -5.598584e+00  2.127571e+01 -1.400000e+01
      vertex -7.976212e+00  2.050317e+01 -1.400000e+01
    endloop
  endfacet
  facet normal  3.826455e-01 -9.237880e-01  1.407846e-02
    outer loop
      vertex -5.694019e+00  2.125037e+01 -2.700000e+01
      vertex -7.976212e+00  2.050317e+01 -1.400000e+01
      vertex -1.100000e+01  1.905256e+01 -2.700000e+01
    endloop
  endfacet
  facet normal  4.325359e-01 -9.016167e-01  0.000000e+00
    outer loop
      vertex -1.100000e+01  1.905256e+01 -2.700000e+01
      vertex -7.976212e+00  2.050317e+01 -1.400000e+01
      vertex -7.976212e+00  2.050317e+01  1.691040e-10
    endloop
  endfacet
  facet normal  4.791200e-01 -8.777252e-01 -6.500650e-03
    outer loop
      vertex -1.100000e+01  1.905256e+01 -2.700000e+01
      vertex -7.976212e+00  2.050317e+01  1.691040e-10
      vertex -1.293128e+01  1.779837e+01  1.691042e-10
    endloop
  endfacet
  facet normal  1.283008e-01 -9.917353e-01  0.000000e+00
    outer loop
      vertex -5.598584e+00  2.127571e+01  1.691039e-10
      vertex -5.598584e+00  2.127571e+01 -1.400000e+01
      vertex  1.246410e-14  2.200000e+01  1.817990e-15
    endloop
  endfacet
  facet normal  1.283008e-01 -9.917353e-01  0.000000e+00
    outer loop
      vertex  1.246410e-14  2.200000e+01  1.817990e-15
      vertex -5.598584e+00  2.127571e+01 -1.400000e+01
      vertex  1.246410e-14  2.200000e+01 -2.700000e+01
    endloop
  endfacet
  facet normal  9.798158e-01 -1.948975e-01 -4.445153e-02
    outer loop
      vertex  7.937366e+00 -9.991139e-01 -1.400000e+01
      vertex  7.391036e+00 -3.061467e+00 -1.700000e+01
      vertex  8.000000e+00 -1.139561e-12 -1.700000e+01
    endloop
  endfacet
  facet normal  3.071764e-01 -9.453914e-01 -1.089848e-01
    outer loop
      vertex  3.402995e+00 -7.240140e+00 -1.400000e+01
      vertex  1.502567e+00 -7.857626e+00 -1.400000e+01
      vertex  0.000000e+00 -8.000000e+00 -1.700000e+01
    endloop
  endfacet
  facet normal  1.950187e-01 -9.804248e-01  2.711269e-02
    outer loop
      vertex  3.402995e+00 -7.240140e+00 -1.400000e+01
      vertex  0.000000e+00 -8.000000e+00 -1.700000e+01
      vertex  3.061467e+00 -7.391036e+00 -1.700000e+01
    endloop
  endfacet
  facet normal  6.630949e-01 -7.475758e-01 -3.788622e-02
    outer loop
      vertex  3.402995e+00 -7.240140e+00 -1.400000e+01
      vertex  3.061467e+00 -7.391036e+00 -1.700000e+01
      vertex  4.702282e+00 -6.472136e+00 -6.413879e+00
    endloop
  endfacet
  facet normal  5.088488e-01 -8.608559e-01  0.000000e+00
    outer loop
      vertex  3.402995e+00 -7.240140e+00 -1.400000e+01
      vertex  4.702282e+00 -6.472136e+00 -6.413879e+00
      vertex  3.402995e+00 -7.240140e+00 -6.413879e+00
    endloop
  endfacet
  facet normal  9.997821e-01  -0.000000e+00  2.087361e-02
    outer loop
      vertex  7.937366e+00  9.991139e-01 -1.400000e+01
      vertex  7.937366e+00 -9.991139e-01 -1.400000e+01
      vertex  8.000000e+00 -1.139561e-12 -1.700000e+01
    endloop
  endfacet
  facet normal  9.798158e-01  1.948975e-01 -4.445153e-02
    outer loop
      vertex  7.937366e+00  9.991139e-01 -1.400000e+01
      vertex  8.000000e+00 -1.139561e-12 -1.700000e+01
      vertex  7.391036e+00  3.061467e+00 -1.700000e+01
    endloop
  endfacet
  facet normal  9.613180e-01  2.750830e-01  1.404068e-02
    outer loop
      vertex  7.937366e+00  9.991139e-01 -1.400000e+01
      vertex  7.391036e+00  3.061467e+00 -1.700000e+01
      vertex  7.008728e+00  3.857166e+00 -6.413879e+00
    endloop
  endfacet
  facet normal  9.510565e-01  3.090170e-01  0.000000e+00
    outer loop
      vertex  7.937366e+00  9.991139e-01 -1.400000e+01
      vertex  7.008728e+00  3.857166e+00 -6.413879e+00
      vertex  7.937366e+00  9.991139e-01 -6.413879e+00
    endloop
  endfacet
  facet normal  3.089923e-01  9.509803e-01  1.265664e-02
    outer loop
      vertex  1.502567e+00  7.857626e+00 -1.400000e+01
      vertex  3.402995e+00  7.240140e+00 -1.400000e+01
      vertex  3.061467e+00  7.391036e+00 -1.700000e+01
    endloop
  endfacet
  facet normal  1.948355e-01  9.795039e-01 -5.109932e-02
    outer loop
      vertex  1.502567e+00  7.857626e+00 -1.400000e+01
      vertex  3.061467e+00  7.391036e+00 -1.700000e+01
      vertex  9.796851e-16  8.000000e+00 -1.700000e+01
    endloop
  endfacet
  facet normal  9.433103e-02  9.955408e-01 -1.266193e-17
    outer loop
      vertex  1.502567e+00  7.857626e+00 -1.400000e+01
      vertex  9.796851e-16  8.000000e+00 -1.700000e+01
      vertex  2.400646e-15  8.000000e+00 -6.413879e+00
    endloop
  endfacet
  facet normal  9.433103e-02  9.955408e-01  0.000000e+00
    outer loop
      vertex  1.502567e+00  7.857626e+00 -1.400000e+01
      vertex  2.400646e-15  8.000000e+00 -6.413879e+00
      vertex  1.502567e+00  7.857626e+00 -6.413879e+00
    endloop
  endfacet
  facet normal  6.614785e-01  7.499617e-01  1.889151e-03
    outer loop
      vertex  4.702282e+00  6.472136e+00 -6.413879e+00
      vertex  5.834199e+00  5.473766e+00 -6.413879e+00
      vertex  5.656854e+00  5.656854e+00 -1.700000e+01
    endloop
  endfacet
  facet normal  7.182815e-01  6.957526e-01  0.000000e+00
    outer loop
      vertex  5.656854e+00  5.656854e+00 -1.700000e+01
      vertex  5.834199e+00  5.473766e+00 -6.413879e+00
      vertex  5.834199e+00  5.473766e+00 -1.400000e+01
    endloop
  endfacet
  facet normal  8.313730e-01  5.555056e-01 -1.524458e-02
    outer loop
      vertex  5.656854e+00  5.656854e+00 -1.700000e+01
      vertex  5.834199e+00  5.473766e+00 -1.400000e+01
      vertex  7.391036e+00  3.061467e+00 -1.700000e+01
    endloop
  endfacet
  facet normal  8.078915e-01  5.869675e-01 -5.272865e-02
    outer loop
      vertex  7.391036e+00  3.061467e+00 -1.700000e+01
      vertex  5.834199e+00  5.473766e+00 -1.400000e+01
      vertex  7.008728e+00  3.857166e+00 -1.400000e+01
    endloop
  endfacet
  facet normal  9.013584e-01  4.330740e-01  -0.000000e+00
    outer loop
      vertex  7.391036e+00  3.061467e+00 -1.700000e+01
      vertex  7.008728e+00  3.857166e+00 -1.400000e+01
      vertex  7.008728e+00  3.857166e+00 -6.413879e+00
    endloop
  endfacet
  facet normal  5.088488e-01  8.608559e-01  0.000000e+00
    outer loop
      vertex  3.402995e+00  7.240140e+00 -6.413879e+00
      vertex  4.702282e+00  6.472136e+00 -6.413879e+00
      vertex  3.402995e+00  7.240140e+00 -1.400000e+01
    endloop
  endfacet
  facet normal  5.632800e-01  8.261664e-01 -1.283444e-02
    outer loop
      vertex  3.402995e+00  7.240140e+00 -1.400000e+01
      vertex  4.702282e+00  6.472136e+00 -6.413879e+00
      vertex  5.656854e+00  5.656854e+00 -1.700000e+01
    endloop
  endfacet
  facet normal  5.554427e-01  8.312788e-01 -2.142072e-02
    outer loop
      vertex  3.402995e+00  7.240140e+00 -1.400000e+01
      vertex  5.656854e+00  5.656854e+00 -1.700000e+01
      vertex  3.061467e+00  7.391036e+00 -1.700000e+01
    endloop
  endfacet
  facet normal  9.666575e-01 -2.560732e-01  0.000000e+00
    outer loop
      vertex  7.937366e+00 -9.991139e-01 -1.400000e+01
      vertex  7.937366e+00 -9.991139e-01 -6.413879e+00
      vertex  7.391036e+00 -3.061467e+00 -1.700000e+01
    endloop
  endfacet
  facet normal  9.509977e-01 -3.089978e-01  1.111878e-02
    outer loop
      vertex  7.391036e+00 -3.061467e+00 -1.700000e+01
      vertex  7.937366e+00 -9.991139e-01 -6.413879e+00
      vertex  7.008728e+00 -3.857166e+00 -6.413879e+00
    endloop
  endfacet
  facet normal  9.013584e-01 -4.330740e-01  0.000000e+00
    outer loop
      vertex  7.391036e+00 -3.061467e+00 -1.700000e+01
      vertex  7.008728e+00 -3.857166e+00 -6.413879e+00
      vertex  7.008728e+00 -3.857166e+00 -1.400000e+01
    endloop
  endfacet
  facet normal  8.307581e-01 -5.550948e-01 -4.136094e-02
    outer loop
      vertex  7.391036e+00 -3.061467e+00 -1.700000e+01
      vertex  7.008728e+00 -3.857166e+00 -1.400000e+01
      vertex  5.656854e+00 -5.656854e+00 -1.700000e+01
    endloop
  endfacet
  facet normal  8.089591e-01 -5.877434e-01 -1.195201e-02
    outer loop
      vertex  5.656854e+00 -5.656854e+00 -1.700000e+01
      vertex  7.008728e+00 -3.857166e+00 -1.400000e+01
      vertex  5.834199e+00 -5.473766e+00 -1.400000e+01
    endloop
  endfacet
  facet normal  7.182825e-01 -6.957516e-01  0.000000e+00
    outer loop
      vertex  5.656854e+00 -5.656854e+00 -1.700000e+01
      vertex  5.834199e+00 -5.473766e+00 -1.400000e+01
      vertex  5.834199e+00 -5.473766e+00 -6.413879e+00
    endloop
  endfacet
  facet normal  6.610169e-01 -7.494382e-01 -3.740252e-02
    outer loop
      vertex  4.702282e+00 -6.472136e+00 -6.413879e+00
      vertex  3.061467e+00 -7.391036e+00 -1.700000e+01
      vertex  5.834199e+00 -5.473766e+00 -6.413879e+00
    endloop
  endfacet
  facet normal  5.555630e-01 -8.314589e-01  5.073038e-03
    outer loop
      vertex  5.834199e+00 -5.473766e+00 -6.413879e+00
      vertex  3.061467e+00 -7.391036e+00 -1.700000e+01
      vertex  5.656854e+00 -5.656854e+00 -1.700000e+01
    endloop
  endfacet
  facet normal  9.433103e-02 -9.955408e-01  1.745960e-17
    outer loop
      vertex -1.959370e-15 -8.000000e+00 -6.413879e+00
      vertex  0.000000e+00 -8.000000e+00 -1.700000e+01
      vertex  1.502567e+00 -7.857626e+00 -6.413879e+00
    endloop
  endfacet
  facet normal  9.433103e-02 -9.955408e-01  0.000000e+00
    outer loop
      vertex  1.502567e+00 -7.857626e+00 -6.413879e+00
      vertex  0.000000e+00 -8.000000e+00 -1.700000e+01
      vertex  1.502567e+00 -7.857626e+00 -1.400000e+01
    endloop
  endfacet
  facet normal  8.090169e-01  5.877852e-01  0.000000e+00
    outer loop
      vertex -3.804226e+00 -1.236068e+00 -1.018627e+01
      vertex -2.351141e+00 -3.236068e+00 -9.422350e+00
      vertex -2.351141e+00 -3.236068e+00 -1.018627e+01
    endloop
  endfacet
  facet normal  3.090170e-01  9.510565e-01  -0.000000e+00
    outer loop
      vertex -2.351141e+00 -3.236068e+00 -1.018627e+01
      vertex -2.351141e+00 -3.236068e+00 -9.422350e+00
      vertex  0.000000e+00 -4.000000e+00 -9.422350e+00
    endloop
  endfacet
  facet normal  3.090170e-01  9.510565e-01 -3.962953e-16
    outer loop
      vertex -2.351141e+00 -3.236068e+00 -1.018627e+01
      vertex  0.000000e+00 -4.000000e+00 -9.422350e+00
      vertex -9.796851e-16 -4.000000e+00 -1.018627e+01
    endloop
  endfacet
  facet normal  8.090169e-01  5.877852e-01  -0.000000e+00
    outer loop
      vertex -2.351141e+00 -3.236068e+00 -9.422350e+00
      vertex -3.804226e+00 -1.236068e+00 -1.018627e+01
      vertex -3.804226e+00 -1.236068e+00 -9.422350e+00
    endloop
  endfacet
  facet normal  1.000000e+00  0.000000e+00  0.000000e+00
    outer loop
      vertex -3.804226e+00 -1.236068e+00 -9.422350e+00
      vertex -3.804226e+00 -1.236068e+00 -1.018627e+01
      vertex -3.804226e+00  1.236068e+00 -1.018627e+01
    endloop
  endfacet
  facet normal  1.000000e+00  0.000000e+00  -0.000000e+00
    outer loop
      vertex -3.804226e+00 -1.236068e+00 -9.422350e+00
      vertex -3.804226e+00  1.236068e+00 -1.018627e+01
      vertex -3.804226e+00  1.236068e+00 -9.422350e+00
    endloop
  endfacet
  facet normal  8.090169e-01 -5.877852e-01  0.000000e+00
    outer loop
      vertex -3.804226e+00  1.236068e+00 -9.422350e+00
      vertex -3.804226e+00  1.236068e+00 -1.018627e+01
      vertex -2.351141e+00  3.236068e+00 -1.018627e+01
    endloop
  endfacet
  facet normal  8.090169e-01 -5.877852e-01  0.000000e+00
    outer loop
      vertex -3.804226e+00  1.236068e+00 -9.422350e+00
      vertex -2.351141e+00  3.236068e+00 -1.018627e+01
      vertex -2.351141e+00  3.236068e+00 -9.422350e+00
    endloop
  endfacet
  facet normal  3.090170e-01 -9.510565e-01  0.000000e+00
    outer loop
      vertex -2.351141e+00  3.236068e+00 -9.422350e+00
      vertex -2.351141e+00  3.236068e+00 -1.018627e+01
      vertex  4.898425e-16  4.000000e+00 -1.018627e+01
    endloop
  endfacet
  facet normal  3.090170e-01 -9.510565e-01  0.000000e+00
    outer loop
      vertex -2.351141e+00  3.236068e+00 -9.422350e+00
      vertex  4.898425e-16  4.000000e+00 -1.018627e+01
      vertex  4.898425e-16  4.000000e+00 -9.422350e+00
    endloop
  endfacet
  facet normal -2.392924e-01 -9.333711e-01  2.675028e-01
    outer loop
      vertex  4.898425e-16  4.000000e+00 -9.422350e+00
      vertex  2.033057e+00  3.521358e+00 -9.273775e+00
      vertex  4.935606e-16  4.030362e+00 -9.316412e+00
    endloop
  endfacet
  facet normal -2.013091e-01 -6.195657e-01  7.586917e-01
    outer loop
      vertex  4.898425e-16  4.000000e+00 -9.422350e+00
      vertex  2.351141e+00  3.236068e+00 -9.422350e+00
      vertex  2.033057e+00  3.521358e+00 -9.273775e+00
    endloop
  endfacet
  facet normal -2.013091e-01  6.195656e-01  7.586917e-01
    outer loop
      vertex  0.000000e+00 -4.000000e+00 -9.422350e+00
      vertex  2.033057e+00 -3.521358e+00 -9.273775e+00
      vertex  2.351141e+00 -3.236068e+00 -9.422350e+00
    endloop
  endfacet
  facet normal -2.383980e-01  8.972495e-01  3.716313e-01
    outer loop
      vertex  0.000000e+00 -4.000000e+00 -9.422350e+00
      vertex  0.000000e+00 -4.058573e+00 -9.280933e+00
      vertex  2.033057e+00 -3.521358e+00 -9.273775e+00
    endloop
  endfacet
  facet normal -2.245094e-01  2.245094e-01  9.482569e-01
    outer loop
      vertex  2.113731e+00 -3.653331e+00 -9.223429e+00
      vertex  3.521358e+00 -2.033057e+00 -9.273775e+00
      vertex  2.033057e+00 -3.521358e+00 -9.273775e+00
    endloop
  endfacet
  facet normal -3.070532e-01  8.227462e-02  9.481293e-01
    outer loop
      vertex  3.656823e+00 -2.107684e+00 -9.223429e+00
      vertex  4.066113e+00 -1.139081e-12 -9.273775e+00
      vertex  3.521358e+00 -2.033057e+00 -9.273775e+00
    endloop
  endfacet
  facet normal -2.270988e-01  2.267234e-01  9.471127e-01
    outer loop
      vertex  3.656823e+00 -2.107684e+00 -9.223429e+00
      vertex  3.521358e+00 -2.033057e+00 -9.273775e+00
      vertex  2.113731e+00 -3.653331e+00 -9.223429e+00
    endloop
  endfacet
  facet normal -4.263339e-01  3.097497e-01  8.498792e-01
    outer loop
      vertex  3.521358e+00 -2.033057e+00 -9.273775e+00
      vertex  3.804226e+00 -1.236068e+00 -9.422350e+00
      vertex  2.351141e+00 -3.236068e+00 -9.422350e+00
    endloop
  endfacet
  facet normal -6.986484e-01  6.986484e-01 -1.542106e-01
    outer loop
      vertex  3.521358e+00 -2.033057e+00 -9.273775e+00
      vertex  2.351141e+00 -3.236068e+00 -9.422350e+00
      vertex  2.033057e+00 -3.521358e+00 -9.273775e+00
    endloop
  endfacet
  facet normal -3.074219e-01 -8.237341e-02  9.480013e-01
    outer loop
      vertex  4.220744e+00  2.327527e-03 -9.223429e+00
      vertex  3.521358e+00  2.033057e+00 -9.273775e+00
      vertex  4.066113e+00 -1.139081e-12 -9.273775e+00
    endloop
  endfacet
  facet normal -3.096593e-01  8.275944e-02  9.472390e-01
    outer loop
      vertex  4.220744e+00  2.327527e-03 -9.223429e+00
      vertex  4.066113e+00 -1.139081e-12 -9.273775e+00
      vertex  3.656823e+00 -2.107684e+00 -9.223429e+00
    endloop
  endfacet
  facet normal -4.934450e-01  0.000000e+00  8.697771e-01
    outer loop
      vertex  4.066113e+00 -1.139081e-12 -9.273775e+00
      vertex  3.804226e+00  1.236068e+00 -9.422350e+00
      vertex  3.804226e+00 -1.236068e+00 -9.422350e+00
    endloop
  endfacet
  facet normal -8.806367e-01  2.359658e-01 -4.108516e-01
    outer loop
      vertex  4.066113e+00 -1.139081e-12 -9.273775e+00
      vertex  3.804226e+00 -1.236068e+00 -9.422350e+00
      vertex  3.521358e+00 -2.033057e+00 -9.273775e+00
    endloop
  endfacet
  facet normal -2.253191e-01 -2.253191e-01  9.478726e-01
    outer loop
      vertex  3.654496e+00  2.111716e+00 -9.223429e+00
      vertex  2.033057e+00  3.521358e+00 -9.273775e+00
      vertex  3.521358e+00  2.033057e+00 -9.273775e+00
    endloop
  endfacet
  facet normal -3.092078e-01 -8.300426e-02  9.473652e-01
    outer loop
      vertex  3.654496e+00  2.111716e+00 -9.223429e+00
      vertex  3.521358e+00  2.033057e+00 -9.273775e+00
      vertex  4.220744e+00  2.327527e-03 -9.223429e+00
    endloop
  endfacet
  facet normal -4.263339e-01 -3.097497e-01  8.498792e-01
    outer loop
      vertex  3.521358e+00  2.033057e+00 -9.273775e+00
      vertex  2.351141e+00  3.236068e+00 -9.422350e+00
      vertex  3.804226e+00  1.236068e+00 -9.422350e+00
    endloop
  endfacet
  facet normal -8.806367e-01 -2.359658e-01 -4.108516e-01
    outer loop
      vertex  3.521358e+00  2.033057e+00 -9.273775e+00
      vertex  3.804226e+00  1.236068e+00 -9.422350e+00
      vertex  4.066113e+00 -1.139081e-12 -9.273775e+00
    endloop
  endfacet
  facet normal -6.986484e-01 -6.986484e-01 -1.542106e-01
    outer loop
      vertex  2.033057e+00  3.521358e+00 -9.273775e+00
      vertex  2.351141e+00  3.236068e+00 -9.422350e+00
      vertex  3.521358e+00  2.033057e+00 -9.273775e+00
    endloop
  endfacet
  facet normal -2.260582e-01 -2.261829e-01  9.474909e-01
    outer loop
      vertex  2.033057e+00  3.521358e+00 -9.273775e+00
      vertex  3.654496e+00  2.111716e+00 -9.223429e+00
      vertex  2.109700e+00  3.655660e+00 -9.223429e+00
    endloop
  endfacet
  facet normal  1.392728e-02 -5.188192e-02  9.985561e-01
    outer loop
      vertex -1.058105e-15 -4.220745e+00 -9.223429e+00
      vertex  2.113731e+00 -3.653331e+00 -9.223429e+00
      vertex  0.000000e+00 -4.199985e+00 -9.222350e+00
    endloop
  endfacet
  facet normal -8.023120e-02  3.120953e-01  9.466570e-01
    outer loop
      vertex  0.000000e+00 -4.199985e+00 -9.222350e+00
      vertex  2.113731e+00 -3.653331e+00 -9.223429e+00
      vertex  2.033057e+00 -3.521358e+00 -9.273775e+00
    endloop
  endfacet
  facet normal -1.038218e-01  3.806630e-01  9.188671e-01
    outer loop
      vertex  0.000000e+00 -4.199985e+00 -9.222350e+00
      vertex  2.033057e+00 -3.521358e+00 -9.273775e+00
      vertex  0.000000e+00 -4.058573e+00 -9.280933e+00
    endloop
  endfacet
  facet normal -8.254533e-02 -3.081766e-01  9.477412e-01
    outer loop
      vertex  2.109700e+00  3.655660e+00 -9.223429e+00
      vertex  5.168751e-16  4.220745e+00 -9.223429e+00
      vertex  2.033057e+00  3.521358e+00 -9.273775e+00
    endloop
  endfacet
  facet normal -3.555793e-02 -1.742034e-01  9.840676e-01
    outer loop
      vertex  2.033057e+00  3.521358e+00 -9.273775e+00
      vertex  5.168751e-16  4.220745e+00 -9.223429e+00
      vertex  5.035861e-16  4.112229e+00 -9.242639e+00
    endloop
  endfacet
  facet normal -1.801825e-01 -6.584738e-01  7.307163e-01
    outer loop
      vertex  2.033057e+00  3.521358e+00 -9.273775e+00
      vertex  5.035861e-16  4.112229e+00 -9.242639e+00
      vertex  4.935606e-16  4.030362e+00 -9.316412e+00
    endloop
  endfacet
  facet normal  3.823270e-01 -4.307786e-02 -9.230224e-01
    outer loop
      vertex -2.750000e+01 -8.844786e-15 -2.700000e+01
      vertex -2.681052e+01  6.119326e+00 -2.700000e+01
      vertex -2.714645e+01 -8.731073e-15 -2.685355e+01
    endloop
  endfacet
  facet normal  3.823262e-01 -4.307782e-02 -9.230227e-01
    outer loop
      vertex -2.714645e+01 -8.731073e-15 -2.685355e+01
      vertex -2.681052e+01  6.119326e+00 -2.700000e+01
      vertex -2.646583e+01  6.040653e+00 -2.685355e+01
    endloop
  endfacet
  facet normal  9.189148e-01 -1.035369e-01 -3.806255e-01
    outer loop
      vertex -2.714645e+01 -8.731073e-15 -2.685355e+01
      vertex -2.646583e+01  6.040653e+00 -2.685355e+01
      vertex -2.700000e+01  3.306437e-15 -2.650000e+01
    endloop
  endfacet
  facet normal  9.189147e-01 -1.035369e-01 -3.806257e-01
    outer loop
      vertex -2.700000e+01  3.306437e-15 -2.650000e+01
      vertex -2.646583e+01  6.040653e+00 -2.685355e+01
      vertex -2.632305e+01  6.008065e+00 -2.650000e+01
    endloop
  endfacet
  facet normal -3.823262e-01 -4.307778e-02 -9.230227e-01
    outer loop
      vertex  2.681052e+01  6.119326e+00 -2.700000e+01
      vertex  2.750000e+01  0.000000e+00 -2.700000e+01
      vertex  2.646583e+01  6.040653e+00 -2.685355e+01
    endloop
  endfacet
  facet normal -3.823270e-01 -4.307792e-02 -9.230224e-01
    outer loop
      vertex  2.646583e+01  6.040653e+00 -2.685355e+01
      vertex  2.750000e+01  0.000000e+00 -2.700000e+01
      vertex  2.714645e+01  0.000000e+00 -2.685355e+01
    endloop
  endfacet
  facet normal -9.189147e-01 -1.035369e-01 -3.806257e-01
    outer loop
      vertex  2.646583e+01  6.040653e+00 -2.685355e+01
      vertex  2.714645e+01  0.000000e+00 -2.685355e+01
      vertex  2.632305e+01  6.008065e+00 -2.650000e+01
    endloop
  endfacet
  facet normal -9.189148e-01 -1.035369e-01 -3.806256e-01
    outer loop
      vertex  2.632305e+01  6.008065e+00 -2.650000e+01
      vertex  2.714645e+01  0.000000e+00 -2.685355e+01
      vertex  2.700000e+01  0.000000e+00 -2.650000e+01
    endloop
  endfacet
  facet normal -3.631557e-01 -1.270737e-01 -9.230223e-01
    outer loop
      vertex  2.477664e+01  1.193180e+01 -2.700000e+01
      vertex  2.681052e+01  6.119326e+00 -2.700000e+01
      vertex  2.445810e+01  1.177840e+01 -2.685355e+01
    endloop
  endfacet
  facet normal -3.631549e-01 -1.270734e-01 -9.230226e-01
    outer loop
      vertex  2.445810e+01  1.177840e+01 -2.685355e+01
      vertex  2.681052e+01  6.119326e+00 -2.700000e+01
      vertex  2.646583e+01  6.040653e+00 -2.685355e+01
    endloop
  endfacet
  facet normal -8.728357e-01 -3.054184e-01 -3.806278e-01
    outer loop
      vertex  2.445810e+01  1.177840e+01 -2.685355e+01
      vertex  2.646583e+01  6.040653e+00 -2.685355e+01
      vertex  2.432616e+01  1.171486e+01 -2.650000e+01
    endloop
  endfacet
  facet normal -8.728364e-01 -3.054188e-01 -3.806257e-01
    outer loop
      vertex  2.432616e+01  1.171486e+01 -2.650000e+01
      vertex  2.646583e+01  6.040653e+00 -2.685355e+01
      vertex  2.632305e+01  6.008065e+00 -2.650000e+01
    endloop
  endfacet
  facet normal -3.257751e-01 -2.046980e-01 -9.230219e-01
    outer loop
      vertex  2.150037e+01  1.714597e+01 -2.700000e+01
      vertex  2.477664e+01  1.193180e+01 -2.700000e+01
      vertex  2.122395e+01  1.692553e+01 -2.685355e+01
    endloop
  endfacet
  facet normal -3.257741e-01 -2.046973e-01 -9.230224e-01
    outer loop
      vertex  2.122395e+01  1.692553e+01 -2.685355e+01
      vertex  2.477664e+01  1.193180e+01 -2.700000e+01
      vertex  2.445810e+01  1.177840e+01 -2.685355e+01
    endloop
  endfacet
  facet normal -7.829893e-01 -4.919845e-01 -3.806295e-01
    outer loop
      vertex  2.122395e+01  1.692553e+01 -2.685355e+01
      vertex  2.445810e+01  1.177840e+01 -2.685355e+01
      vertex  2.110945e+01  1.683422e+01 -2.650000e+01
    endloop
  endfacet
  facet normal -7.829899e-01 -4.919851e-01 -3.806275e-01
    outer loop
      vertex  2.110945e+01  1.683422e+01 -2.650000e+01
      vertex  2.445810e+01  1.177840e+01 -2.685355e+01
      vertex  2.432616e+01  1.171486e+01 -2.650000e+01
    endloop
  endfacet
  facet normal -2.720576e-01 -2.720576e-01 -9.230217e-01
    outer loop
      vertex  1.714597e+01  2.150037e+01 -2.700000e+01
      vertex  2.150037e+01  1.714597e+01 -2.700000e+01
      vertex  1.692553e+01  2.122395e+01 -2.685355e+01
    endloop
  endfacet
  facet normal -2.720576e-01 -2.720576e-01 -9.230218e-01
    outer loop
      vertex  1.692553e+01  2.122395e+01 -2.685355e+01
      vertex  2.150037e+01  1.714597e+01 -2.700000e+01
      vertex  2.122395e+01  1.692553e+01 -2.685355e+01
    endloop
  endfacet
  facet normal -6.538811e-01 -6.538811e-01 -3.806295e-01
    outer loop
      vertex  1.692553e+01  2.122395e+01 -2.685355e+01
      vertex  2.122395e+01  1.692553e+01 -2.685355e+01
      vertex  1.683422e+01  2.110945e+01 -2.650000e+01
    endloop
  endfacet
  facet normal -6.538811e-01 -6.538811e-01 -3.806296e-01
    outer loop
      vertex  1.683422e+01  2.110945e+01 -2.650000e+01
      vertex  2.122395e+01  1.692553e+01 -2.685355e+01
      vertex  2.110945e+01  1.683422e+01 -2.650000e+01
    endloop
  endfacet
  facet normal -2.046975e-01 -3.257742e-01 -9.230223e-01
    outer loop
      vertex  1.193180e+01  2.477664e+01 -2.700000e+01
      vertex  1.714597e+01  2.150037e+01 -2.700000e+01
      vertex  1.177840e+01  2.445810e+01 -2.685355e+01
    endloop
  endfacet
  facet normal -2.046979e-01 -3.257750e-01 -9.230220e-01
    outer loop
      vertex  1.177840e+01  2.445810e+01 -2.685355e+01
      vertex  1.714597e+01  2.150037e+01 -2.700000e+01
      vertex  1.692553e+01  2.122395e+01 -2.685355e+01
    endloop
  endfacet
  facet normal -4.919850e-01 -7.829901e-01 -3.806274e-01
    outer loop
      vertex  1.177840e+01  2.445810e+01 -2.685355e+01
      vertex  1.692553e+01  2.122395e+01 -2.685355e+01
      vertex  1.171486e+01  2.432616e+01 -2.650000e+01
    endloop
  endfacet
  facet normal -4.919846e-01 -7.829891e-01 -3.806300e-01
    outer loop
      vertex  1.171486e+01  2.432616e+01 -2.650000e+01
      vertex  1.692553e+01  2.122395e+01 -2.685355e+01
      vertex  1.683422e+01  2.110945e+01 -2.650000e+01
    endloop
  endfacet
  facet normal -1.270734e-01 -3.631547e-01 -9.230227e-01
    outer loop
      vertex  6.119326e+00  2.681052e+01 -2.700000e+01
      vertex  1.193180e+01  2.477664e+01 -2.700000e+01
      vertex  6.040653e+00  2.646583e+01 -2.685355e+01
    endloop
  endfacet
  facet normal -1.270737e-01 -3.631558e-01 -9.230223e-01
    outer loop
      vertex  6.040653e+00  2.646583e+01 -2.685355e+01
      vertex  1.193180e+01  2.477664e+01 -2.700000e+01
      vertex  1.177840e+01  2.445810e+01 -2.685355e+01
    endloop
  endfacet
  facet normal -3.054186e-01 -8.728363e-01 -3.806261e-01
    outer loop
      vertex  6.040653e+00  2.646583e+01 -2.685355e+01
      vertex  1.177840e+01  2.445810e+01 -2.685355e+01
      vertex  6.008065e+00  2.632305e+01 -2.650000e+01
    endloop
  endfacet
  facet normal -3.054185e-01 -8.728356e-01 -3.806278e-01
    outer loop
      vertex  6.008065e+00  2.632305e+01 -2.650000e+01
      vertex  1.177840e+01  2.445810e+01 -2.685355e+01
      vertex  1.171486e+01  2.432616e+01 -2.650000e+01
    endloop
  endfacet
  facet normal -4.307786e-02 -3.823270e-01 -9.230224e-01
    outer loop
      vertex  1.683834e-15  2.750000e+01 -2.700000e+01
      vertex  6.119326e+00  2.681052e+01 -2.700000e+01
      vertex -4.365537e-15  2.714645e+01 -2.685355e+01
    endloop
  endfacet
  facet normal -4.307782e-02 -3.823262e-01 -9.230227e-01
    outer loop
      vertex -4.365537e-15  2.714645e+01 -2.685355e+01
      vertex  6.119326e+00  2.681052e+01 -2.700000e+01
      vertex  6.040653e+00  2.646583e+01 -2.685355e+01
    endloop
  endfacet
  facet normal -1.035369e-01 -9.189148e-01 -3.806255e-01
    outer loop
      vertex -4.365537e-15  2.714645e+01 -2.685355e+01
      vertex  6.040653e+00  2.646583e+01 -2.685355e+01
      vertex  1.653219e-15  2.700000e+01 -2.650000e+01
    endloop
  endfacet
  facet normal -1.035369e-01 -9.189147e-01 -3.806257e-01
    outer loop
      vertex  1.653219e-15  2.700000e+01 -2.650000e+01
      vertex  6.040653e+00  2.646583e+01 -2.685355e+01
      vertex  6.008065e+00  2.632305e+01 -2.650000e+01
    endloop
  endfacet
  facet normal  4.307778e-02 -3.823262e-01 -9.230227e-01
    outer loop
      vertex -6.119326e+00  2.681052e+01 -2.700000e+01
      vertex  1.683834e-15  2.750000e+01 -2.700000e+01
      vertex -6.040653e+00  2.646583e+01 -2.685355e+01
    endloop
  endfacet
  facet normal  4.307792e-02 -3.823270e-01 -9.230224e-01
    outer loop
      vertex -6.040653e+00  2.646583e+01 -2.685355e+01
      vertex  1.683834e-15  2.750000e+01 -2.700000e+01
      vertex -4.365537e-15  2.714645e+01 -2.685355e+01
    endloop
  endfacet
  facet normal  1.035369e-01 -9.189147e-01 -3.806257e-01
    outer loop
      vertex -6.040653e+00  2.646583e+01 -2.685355e+01
      vertex -4.365537e-15  2.714645e+01 -2.685355e+01
      vertex -6.008065e+00  2.632305e+01 -2.650000e+01
    endloop
  endfacet
  facet normal  1.035369e-01 -9.189148e-01 -3.806256e-01
    outer loop
      vertex -6.008065e+00  2.632305e+01 -2.650000e+01
      vertex -4.365537e-15  2.714645e+01 -2.685355e+01
      vertex  1.653219e-15  2.700000e+01 -2.650000e+01
    endloop
  endfacet
  facet normal  1.270737e-01 -3.631557e-01 -9.230223e-01
    outer loop
      vertex -1.193180e+01  2.477664e+01 -2.700000e+01
      vertex -6.119326e+00  2.681052e+01 -2.700000e+01
      vertex -1.177840e+01  2.445810e+01 -2.685355e+01
    endloop
  endfacet
  facet normal  1.270734e-01 -3.631549e-01 -9.230226e-01
    outer loop
      vertex -1.177840e+01  2.445810e+01 -2.685355e+01
      vertex -6.119326e+00  2.681052e+01 -2.700000e+01
      vertex -6.040653e+00  2.646583e+01 -2.685355e+01
    endloop
  endfacet
  facet normal  3.054184e-01 -8.728357e-01 -3.806278e-01
    outer loop
      vertex -1.177840e+01  2.445810e+01 -2.685355e+01
      vertex -6.040653e+00  2.646583e+01 -2.685355e+01
      vertex -1.171486e+01  2.432616e+01 -2.650000e+01
    endloop
  endfacet
  facet normal  3.054188e-01 -8.728364e-01 -3.806257e-01
    outer loop
      vertex -1.171486e+01  2.432616e+01 -2.650000e+01
      vertex -6.040653e+00  2.646583e+01 -2.685355e+01
      vertex -6.008065e+00  2.632305e+01 -2.650000e+01
    endloop
  endfacet
  facet normal  2.046980e-01 -3.257751e-01 -9.230219e-01
    outer loop
      vertex -1.714597e+01  2.150037e+01 -2.700000e+01
      vertex -1.193180e+01  2.477664e+01 -2.700000e+01
      vertex -1.692553e+01  2.122395e+01 -2.685355e+01
    endloop
  endfacet
  facet normal  2.046973e-01 -3.257741e-01 -9.230224e-01
    outer loop
      vertex -1.692553e+01  2.122395e+01 -2.685355e+01
      vertex -1.193180e+01  2.477664e+01 -2.700000e+01
      vertex -1.177840e+01  2.445810e+01 -2.685355e+01
    endloop
  endfacet
  facet normal  4.919845e-01 -7.829893e-01 -3.806295e-01
    outer loop
      vertex -1.692553e+01  2.122395e+01 -2.685355e+01
      vertex -1.177840e+01  2.445810e+01 -2.685355e+01
      vertex -1.683422e+01  2.110945e+01 -2.650000e+01
    endloop
  endfacet
  facet normal  4.919851e-01 -7.829899e-01 -3.806275e-01
    outer loop
      vertex -1.683422e+01  2.110945e+01 -2.650000e+01
      vertex -1.177840e+01  2.445810e+01 -2.685355e+01
      vertex -1.171486e+01  2.432616e+01 -2.650000e+01
    endloop
  endfacet
  facet normal  2.720576e-01 -2.720576e-01 -9.230217e-01
    outer loop
      vertex -2.150037e+01  1.714597e+01 -2.700000e+01
      vertex -1.714597e+01  2.150037e+01 -2.700000e+01
      vertex -2.122395e+01  1.692553e+01 -2.685355e+01
    endloop
  endfacet
  facet normal  2.720576e-01 -2.720576e-01 -9.230218e-01
    outer loop
      vertex -2.122395e+01  1.692553e+01 -2.685355e+01
      vertex -1.714597e+01  2.150037e+01 -2.700000e+01
      vertex -1.692553e+01  2.122395e+01 -2.685355e+01
    endloop
  endfacet
  facet normal  6.538811e-01 -6.538811e-01 -3.806295e-01
    outer loop
      vertex -2.122395e+01  1.692553e+01 -2.685355e+01
      vertex -1.692553e+01  2.122395e+01 -2.685355e+01
      vertex -2.110945e+01  1.683422e+01 -2.650000e+01
    endloop
  endfacet
  facet normal  6.538811e-01 -6.538811e-01 -3.806296e-01
    outer loop
      vertex -2.110945e+01  1.683422e+01 -2.650000e+01
      vertex -1.692553e+01  2.122395e+01 -2.685355e+01
      vertex -1.683422e+01  2.110945e+01 -2.650000e+01
    endloop
  endfacet
  facet normal  3.257742e-01 -2.046975e-01 -9.230223e-01
    outer loop
      vertex -2.477664e+01  1.193180e+01 -2.700000e+01
      vertex -2.150037e+01  1.714597e+01 -2.700000e+01
      vertex -2.445810e+01  1.177840e+01 -2.685355e+01
    endloop
  endfacet
  facet normal  3.257750e-01 -2.046979e-01 -9.230220e-01
    outer loop
      vertex -2.445810e+01  1.177840e+01 -2.685355e+01
      vertex -2.150037e+01  1.714597e+01 -2.700000e+01
      vertex -2.122395e+01  1.692553e+01 -2.685355e+01
    endloop
  endfacet
  facet normal  7.829901e-01 -4.919850e-01 -3.806274e-01
    outer loop
      vertex -2.445810e+01  1.177840e+01 -2.685355e+01
      vertex -2.122395e+01  1.692553e+01 -2.685355e+01
      vertex -2.432616e+01  1.171486e+01 -2.650000e+01
    endloop
  endfacet
  facet normal  7.829891e-01 -4.919846e-01 -3.806300e-01
    outer loop
      vertex -2.432616e+01  1.171486e+01 -2.650000e+01
      vertex -2.122395e+01  1.692553e+01 -2.685355e+01
      vertex -2.110945e+01  1.683422e+01 -2.650000e+01
    endloop
  endfacet
  facet normal  3.631547e-01 -1.270734e-01 -9.230227e-01
    outer loop
      vertex -2.681052e+01  6.119326e+00 -2.700000e+01
      vertex -2.477664e+01  1.193180e+01 -2.700000e+01
      vertex -2.646583e+01  6.040653e+00 -2.685355e+01
    endloop
  endfacet
  facet normal  3.631558e-01 -1.270737e-01 -9.230223e-01
    outer loop
      vertex -2.646583e+01  6.040653e+00 -2.685355e+01
      vertex -2.477664e+01  1.193180e+01 -2.700000e+01
      vertex -2.445810e+01  1.177840e+01 -2.685355e+01
    endloop
  endfacet
  facet normal  8.728363e-01 -3.054186e-01 -3.806261e-01
    outer loop
      vertex -2.646583e+01  6.040653e+00 -2.685355e+01
      vertex -2.445810e+01  1.177840e+01 -2.685355e+01
      vertex -2.632305e+01  6.008065e+00 -2.650000e+01
    endloop
  endfacet
  facet normal  8.728356e-01 -3.054185e-01 -3.806278e-01
    outer loop
      vertex -2.632305e+01  6.008065e+00 -2.650000e+01
      vertex -2.445810e+01  1.177840e+01 -2.685355e+01
      vertex -2.432616e+01  1.171486e+01 -2.650000e+01
    endloop
  endfacet
  facet normal  9.189146e-01 -1.035369e-01  3.806259e-01
    outer loop
      vertex -2.700000e+01 -8.683972e-15 -5.000000e-01
      vertex -2.632305e+01  6.008065e+00 -5.000000e-01
      vertex -2.714645e+01 -8.731073e-15 -1.464466e-01
    endloop
  endfacet
  facet normal  9.189146e-01 -1.035368e-01  3.806260e-01
    outer loop
      vertex -2.714645e+01 -8.731073e-15 -1.464466e-01
      vertex -2.632305e+01  6.008065e+00 -5.000000e-01
      vertex -2.646583e+01  6.040653e+00 -1.464466e-01
    endloop
  endfacet
  facet normal  3.823279e-01 -4.307802e-02  9.230221e-01
    outer loop
      vertex -2.714645e+01 -8.731073e-15 -1.464466e-01
      vertex -2.646583e+01  6.040653e+00 -1.464466e-01
      vertex -2.750000e+01  3.367667e-15  2.220446e-16
    endloop
  endfacet
  facet normal  3.823271e-01 -4.307788e-02  9.230224e-01
    outer loop
      vertex -2.750000e+01  3.367667e-15  2.220446e-16
      vertex -2.646583e+01  6.040653e+00 -1.464466e-01
      vertex -2.681052e+01  6.119326e+00  2.220446e-16
    endloop
  endfacet
  facet normal -9.189145e-01 -1.035368e-01  3.806261e-01
    outer loop
      vertex  2.632305e+01  6.008065e+00 -5.000000e-01
      vertex  2.700000e+01  0.000000e+00 -5.000000e-01
      vertex  2.646583e+01  6.040653e+00 -1.464466e-01
    endloop
  endfacet
  facet normal -9.189146e-01 -1.035368e-01  3.806258e-01
    outer loop
      vertex  2.646583e+01  6.040653e+00 -1.464466e-01
      vertex  2.700000e+01  0.000000e+00 -5.000000e-01
      vertex  2.714645e+01  0.000000e+00 -1.464466e-01
    endloop
  endfacet
  facet normal -3.823270e-01 -4.307792e-02  9.230223e-01
    outer loop
      vertex  2.646583e+01  6.040653e+00 -1.464466e-01
      vertex  2.714645e+01  0.000000e+00 -1.464466e-01
      vertex  2.681052e+01  6.119326e+00  2.220446e-16
    endloop
  endfacet
  facet normal -3.823278e-01 -4.307796e-02  9.230221e-01
    outer loop
      vertex  2.681052e+01  6.119326e+00  2.220446e-16
      vertex  2.714645e+01  0.000000e+00 -1.464466e-01
      vertex  2.750000e+01  0.000000e+00  2.220446e-16
    endloop
  endfacet
  facet normal -8.728355e-01 -3.054184e-01  3.806282e-01
    outer loop
      vertex  2.432616e+01  1.171486e+01 -5.000000e-01
      vertex  2.632305e+01  6.008065e+00 -5.000000e-01
      vertex  2.445810e+01  1.177840e+01 -1.464466e-01
    endloop
  endfacet
  facet normal -8.728362e-01 -3.054186e-01  3.806264e-01
    outer loop
      vertex  2.445810e+01  1.177840e+01 -1.464466e-01
      vertex  2.632305e+01  6.008065e+00 -5.000000e-01
      vertex  2.646583e+01  6.040653e+00 -1.464466e-01
    endloop
  endfacet
  facet normal -3.631566e-01 -1.270740e-01  9.230220e-01
    outer loop
      vertex  2.445810e+01  1.177840e+01 -1.464466e-01
      vertex  2.646583e+01  6.040653e+00 -1.464466e-01
      vertex  2.477664e+01  1.193180e+01  2.220446e-16
    endloop
  endfacet
  facet normal -3.631555e-01 -1.270737e-01  9.230223e-01
    outer loop
      vertex  2.477664e+01  1.193180e+01  2.220446e-16
      vertex  2.646583e+01  6.040653e+00 -1.464466e-01
      vertex  2.681052e+01  6.119326e+00  2.220446e-16
    endloop
  endfacet
  facet normal -7.829890e-01 -4.919846e-01  3.806303e-01
    outer loop
      vertex  2.110945e+01  1.683422e+01 -5.000000e-01
      vertex  2.432616e+01  1.171486e+01 -5.000000e-01
      vertex  2.122395e+01  1.692553e+01 -1.464466e-01
    endloop
  endfacet
  facet normal -7.829900e-01 -4.919850e-01  3.806278e-01
    outer loop
      vertex  2.122395e+01  1.692553e+01 -1.464466e-01
      vertex  2.432616e+01  1.171486e+01 -5.000000e-01
      vertex  2.445810e+01  1.177840e+01 -1.464466e-01
    endloop
  endfacet
  facet normal -3.257757e-01 -2.046984e-01  9.230216e-01
    outer loop
      vertex  2.122395e+01  1.692553e+01 -1.464466e-01
      vertex  2.445810e+01  1.177840e+01 -1.464466e-01
      vertex  2.150037e+01  1.714597e+01  2.220446e-16
    endloop
  endfacet
  facet normal -3.257749e-01 -2.046979e-01  9.230219e-01
    outer loop
      vertex  2.150037e+01  1.714597e+01  2.220446e-16
      vertex  2.445810e+01  1.177840e+01 -1.464466e-01
      vertex  2.477664e+01  1.193180e+01  2.220446e-16
    endloop
  endfacet
  facet normal -6.538810e-01 -6.538810e-01  3.806300e-01
    outer loop
      vertex  1.683422e+01  2.110945e+01 -5.000000e-01
      vertex  2.110945e+01  1.683422e+01 -5.000000e-01
      vertex  1.692553e+01  2.122395e+01 -1.464466e-01
    endloop
  endfacet
  facet normal -6.538811e-01 -6.538811e-01  3.806299e-01
    outer loop
      vertex  1.692553e+01  2.122395e+01 -1.464466e-01
      vertex  2.110945e+01  1.683422e+01 -5.000000e-01
      vertex  2.122395e+01  1.692553e+01 -1.464466e-01
    endloop
  endfacet
  facet normal -2.720582e-01 -2.720582e-01  9.230214e-01
    outer loop
      vertex  1.692553e+01  2.122395e+01 -1.464466e-01
      vertex  2.122395e+01  1.692553e+01 -1.464466e-01
      vertex  1.714597e+01  2.150037e+01  2.220446e-16
    endloop
  endfacet
  facet normal -2.720582e-01 -2.720582e-01  9.230214e-01
    outer loop
      vertex  1.714597e+01  2.150037e+01  2.220446e-16
      vertex  2.122395e+01  1.692553e+01 -1.464466e-01
      vertex  2.150037e+01  1.714597e+01  2.220446e-16
    endloop
  endfacet
  facet normal -4.919851e-01 -7.829899e-01  3.806279e-01
    outer loop
      vertex  1.171486e+01  2.432616e+01 -5.000000e-01
      vertex  1.683422e+01  2.110945e+01 -5.000000e-01
      vertex  1.177840e+01  2.445810e+01 -1.464466e-01
    endloop
  endfacet
  facet normal -4.919845e-01 -7.829893e-01  3.806299e-01
    outer loop
      vertex  1.177840e+01  2.445810e+01 -1.464466e-01
      vertex  1.683422e+01  2.110945e+01 -5.000000e-01
      vertex  1.692553e+01  2.122395e+01 -1.464466e-01
    endloop
  endfacet
  facet normal -2.046978e-01 -3.257748e-01  9.230220e-01
    outer loop
      vertex  1.177840e+01  2.445810e+01 -1.464466e-01
      vertex  1.692553e+01  2.122395e+01 -1.464466e-01
      vertex  1.193180e+01  2.477664e+01  2.220446e-16
    endloop
  endfacet
  facet normal -2.046985e-01 -3.257758e-01  9.230215e-01
    outer loop
      vertex  1.193180e+01  2.477664e+01  2.220446e-16
      vertex  1.692553e+01  2.122395e+01 -1.464466e-01
      vertex  1.714597e+01  2.150037e+01  2.220446e-16
    endloop
  endfacet
  facet normal -3.054187e-01 -8.728362e-01  3.806261e-01
    outer loop
      vertex  6.008065e+00  2.632305e+01 -5.000000e-01
      vertex  1.171486e+01  2.432616e+01 -5.000000e-01
      vertex  6.040653e+00  2.646583e+01 -1.464466e-01
    endloop
  endfacet
  facet normal -3.054183e-01 -8.728356e-01  3.806282e-01
    outer loop
      vertex  6.040653e+00  2.646583e+01 -1.464466e-01
      vertex  1.171486e+01  2.432616e+01 -5.000000e-01
      vertex  1.177840e+01  2.445810e+01 -1.464466e-01
    endloop
  endfacet
  facet normal -1.270737e-01 -3.631558e-01  9.230223e-01
    outer loop
      vertex  6.040653e+00  2.646583e+01 -1.464466e-01
      vertex  1.177840e+01  2.445810e+01 -1.464466e-01
      vertex  6.119326e+00  2.681052e+01  2.220446e-16
    endloop
  endfacet
  facet normal -1.270740e-01 -3.631565e-01  9.230219e-01
    outer loop
      vertex  6.119326e+00  2.681052e+01  2.220446e-16
      vertex  1.177840e+01  2.445810e+01 -1.464466e-01
      vertex  1.193180e+01  2.477664e+01  2.220446e-16
    endloop
  endfacet
  facet normal -1.035369e-01 -9.189146e-01  3.806259e-01
    outer loop
      vertex -4.341986e-15  2.700000e+01 -5.000000e-01
      vertex  6.008065e+00  2.632305e+01 -5.000000e-01
      vertex -4.365537e-15  2.714645e+01 -1.464466e-01
    endloop
  endfacet
  facet normal -1.035368e-01 -9.189146e-01  3.806260e-01
    outer loop
      vertex -4.365537e-15  2.714645e+01 -1.464466e-01
      vertex  6.008065e+00  2.632305e+01 -5.000000e-01
      vertex  6.040653e+00  2.646583e+01 -1.464466e-01
    endloop
  endfacet
  facet normal -4.307802e-02 -3.823279e-01  9.230221e-01
    outer loop
      vertex -4.365537e-15  2.714645e+01 -1.464466e-01
      vertex  6.040653e+00  2.646583e+01 -1.464466e-01
      vertex  1.683834e-15  2.750000e+01  2.220446e-16
    endloop
  endfacet
  facet normal -4.307788e-02 -3.823271e-01  9.230224e-01
    outer loop
      vertex  1.683834e-15  2.750000e+01  2.220446e-16
      vertex  6.040653e+00  2.646583e+01 -1.464466e-01
      vertex  6.119326e+00  2.681052e+01  2.220446e-16
    endloop
  endfacet
  facet normal  1.035368e-01 -9.189145e-01  3.806261e-01
    outer loop
      vertex -6.008065e+00  2.632305e+01 -5.000000e-01
      vertex -4.341986e-15  2.700000e+01 -5.000000e-01
      vertex -6.040653e+00  2.646583e+01 -1.464466e-01
    endloop
  endfacet
  facet normal  1.035368e-01 -9.189146e-01  3.806258e-01
    outer loop
      vertex -6.040653e+00  2.646583e+01 -1.464466e-01
      vertex -4.341986e-15  2.700000e+01 -5.000000e-01
      vertex -4.365537e-15  2.714645e+01 -1.464466e-01
    endloop
  endfacet
  facet normal  4.307792e-02 -3.823270e-01  9.230223e-01
    outer loop
      vertex -6.040653e+00  2.646583e+01 -1.464466e-01
      vertex -4.365537e-15  2.714645e+01 -1.464466e-01
      vertex -6.119326e+00  2.681052e+01  2.220446e-16
    endloop
  endfacet
  facet normal  4.307796e-02 -3.823278e-01  9.230221e-01
    outer loop
      vertex -6.119326e+00  2.681052e+01  2.220446e-16
      vertex -4.365537e-15  2.714645e+01 -1.464466e-01
      vertex  1.683834e-15  2.750000e+01  2.220446e-16
    endloop
  endfacet
  facet normal  3.054184e-01 -8.728355e-01  3.806282e-01
    outer loop
      vertex -1.171486e+01  2.432616e+01 -5.000000e-01
      vertex -6.008065e+00  2.632305e+01 -5.000000e-01
      vertex -1.177840e+01  2.445810e+01 -1.464466e-01
    endloop
  endfacet
  facet normal  3.054186e-01 -8.728362e-01  3.806264e-01
    outer loop
      vertex -1.177840e+01  2.445810e+01 -1.464466e-01
      vertex -6.008065e+00  2.632305e+01 -5.000000e-01
      vertex -6.040653e+00  2.646583e+01 -1.464466e-01
    endloop
  endfacet
  facet normal  1.270740e-01 -3.631566e-01  9.230220e-01
    outer loop
      vertex -1.177840e+01  2.445810e+01 -1.464466e-01
      vertex -6.040653e+00  2.646583e+01 -1.464466e-01
      vertex -1.193180e+01  2.477664e+01  2.220446e-16
    endloop
  endfacet
  facet normal  1.270737e-01 -3.631555e-01  9.230223e-01
    outer loop
      vertex -1.193180e+01  2.477664e+01  2.220446e-16
      vertex -6.040653e+00  2.646583e+01 -1.464466e-01
      vertex -6.119326e+00  2.681052e+01  2.220446e-16
    endloop
  endfacet
  facet normal  4.919846e-01 -7.829890e-01  3.806303e-01
    outer loop
      vertex -1.683422e+01  2.110945e+01 -5.000000e-01
      vertex -1.171486e+01  2.432616e+01 -5.000000e-01
      vertex -1.692553e+01  2.122395e+01 -1.464466e-01
    endloop
  endfacet
  facet normal  4.919850e-01 -7.829900e-01  3.806278e-01
    outer loop
      vertex -1.692553e+01  2.122395e+01 -1.464466e-01
      vertex -1.171486e+01  2.432616e+01 -5.000000e-01
      vertex -1.177840e+01  2.445810e+01 -1.464466e-01
    endloop
  endfacet
  facet normal  2.046984e-01 -3.257757e-01  9.230216e-01
    outer loop
      vertex -1.692553e+01  2.122395e+01 -1.464466e-01
      vertex -1.177840e+01  2.445810e+01 -1.464466e-01
      vertex -1.714597e+01  2.150037e+01  2.220446e-16
    endloop
  endfacet
  facet normal  2.046979e-01 -3.257749e-01  9.230219e-01
    outer loop
      vertex -1.714597e+01  2.150037e+01  2.220446e-16
      vertex -1.177840e+01  2.445810e+01 -1.464466e-01
      vertex -1.193180e+01  2.477664e+01  2.220446e-16
    endloop
  endfacet
  facet normal  6.538810e-01 -6.538810e-01  3.806300e-01
    outer loop
      vertex -2.110945e+01  1.683422e+01 -5.000000e-01
      vertex -1.683422e+01  2.110945e+01 -5.000000e-01
      vertex -2.122395e+01  1.692553e+01 -1.464466e-01
    endloop
  endfacet
  facet normal  6.538811e-01 -6.538811e-01  3.806299e-01
    outer loop
      vertex -2.122395e+01  1.692553e+01 -1.464466e-01
      vertex -1.683422e+01  2.110945e+01 -5.000000e-01
      vertex -1.692553e+01  2.122395e+01 -1.464466e-01
    endloop
  endfacet
  facet normal  2.720582e-01 -2.720582e-01  9.230214e-01
    outer loop
      vertex -2.122395e+01  1.692553e+01 -1.464466e-01
      vertex -1.692553e+01  2.122395e+01 -1.464466e-01
      vertex -2.150037e+01  1.714597e+01  2.220446e-16
    endloop
  endfacet
  facet normal  2.720582e-01 -2.720582e-01  9.230214e-01
    outer loop
      vertex -2.150037e+01  1.714597e+01  2.220446e-16
      vertex -1.692553e+01  2.122395e+01 -1.464466e-01
      vertex -1.714597e+01  2.150037e+01  2.220446e-16
    endloop
  endfacet
  facet normal  7.829899e-01 -4.919851e-01  3.806279e-01
    outer loop
      vertex -2.432616e+01  1.171486e+01 -5.000000e-01
      vertex -2.110945e+01  1.683422e+01 -5.000000e-01
      vertex -2.445810e+01  1.177840e+01 -1.464466e-01
    endloop
  endfacet
  facet normal  7.829893e-01 -4.919845e-01  3.806299e-01
    outer loop
      vertex -2.445810e+01  1.177840e+01 -1.464466e-01
      vertex -2.110945e+01  1.683422e+01 -5.000000e-01
      vertex -2.122395e+01  1.692553e+01 -1.464466e-01
    endloop
  endfacet
  facet normal  3.257748e-01 -2.046978e-01  9.230220e-01
    outer loop
      vertex -2.445810e+01  1.177840e+01 -1.464466e-01
      vertex -2.122395e+01  1.692553e+01 -1.464466e-01
      vertex -2.477664e+01  1.193180e+01  2.220446e-16
    endloop
  endfacet
  facet normal  3.257758e-01 -2.046985e-01  9.230215e-01
    outer loop
      vertex -2.477664e+01  1.193180e+01  2.220446e-16
      vertex -2.122395e+01  1.692553e+01 -1.464466e-01
      vertex -2.150037e+01  1.714597e+01  2.220446e-16
    endloop
  endfacet
  facet normal  8.728362e-01 -3.054187e-01  3.806261e-01
    outer loop
      vertex -2.632305e+01  6.008065e+00 -5.000000e-01
      vertex -2.432616e+01  1.171486e+01 -5.000000e-01
      vertex -2.646583e+01  6.040653e+00 -1.464466e-01
    endloop
  endfacet
  facet normal  8.728356e-01 -3.054183e-01  3.806282e-01
    outer loop
      vertex -2.646583e+01  6.040653e+00 -1.464466e-01
      vertex -2.432616e+01  1.171486e+01 -5.000000e-01
      vertex -2.445810e+01  1.177840e+01 -1.464466e-01
    endloop
  endfacet
  facet normal  3.631558e-01 -1.270737e-01  9.230223e-01
    outer loop
      vertex -2.646583e+01  6.040653e+00 -1.464466e-01
      vertex -2.445810e+01  1.177840e+01 -1.464466e-01
      vertex -2.681052e+01  6.119326e+00  2.220446e-16
    endloop
  endfacet
  facet normal  3.631565e-01 -1.270740e-01  9.230219e-01
    outer loop
      vertex -2.681052e+01  6.119326e+00  2.220446e-16
      vertex -2.445810e+01  1.177840e+01 -1.464466e-01
      vertex -2.477664e+01  1.193180e+01  2.220446e-16
    endloop
  endfacet
  facet normal -3.823279e-01  4.307804e-02  9.230220e-01
    outer loop
      vertex -3.024000e+01  1.713247e-14  6.661338e-16
      vertex -2.948182e+01  6.729033e+00  6.661338e-16
      vertex -3.130066e+01  1.773338e-14 -4.393398e-01
    endloop
  endfacet
  facet normal -3.823276e-01  4.307797e-02  9.230221e-01
    outer loop
      vertex -3.130066e+01  1.773338e-14 -4.393398e-01
      vertex -2.948182e+01  6.729033e+00  6.661338e-16
      vertex -3.051589e+01  6.965052e+00 -4.393398e-01
    endloop
  endfacet
  facet normal -9.189146e-01  1.035368e-01  3.806259e-01
    outer loop
      vertex -3.130066e+01  1.773338e-14 -4.393398e-01
      vertex -3.051589e+01  6.965052e+00 -4.393398e-01
      vertex -3.174000e+01  3.886900e-15 -1.500000e+00
    endloop
  endfacet
  facet normal -9.189146e-01  1.035368e-01  3.806261e-01
    outer loop
      vertex -3.174000e+01  3.886900e-15 -1.500000e+00
      vertex -3.051589e+01  6.965052e+00 -4.393398e-01
      vertex -3.094421e+01  7.062814e+00 -1.500000e+00
    endloop
  endfacet
  facet normal  3.823276e-01  4.307802e-02  9.230222e-01
    outer loop
      vertex  2.948182e+01  6.729033e+00  6.661338e-16
      vertex  3.024000e+01  0.000000e+00  6.661338e-16
      vertex  3.051589e+01  6.965052e+00 -4.393398e-01
    endloop
  endfacet
  facet normal  3.823279e-01  4.307800e-02  9.230221e-01
    outer loop
      vertex  3.051589e+01  6.965052e+00 -4.393398e-01
      vertex  3.024000e+01  0.000000e+00  6.661338e-16
      vertex  3.130066e+01  0.000000e+00 -4.393398e-01
    endloop
  endfacet
  facet normal  9.189146e-01  1.035368e-01  3.806261e-01
    outer loop
      vertex  3.051589e+01  6.965052e+00 -4.393398e-01
      vertex  3.130066e+01  0.000000e+00 -4.393398e-01
      vertex  3.094421e+01  7.062814e+00 -1.500000e+00
    endloop
  endfacet
  facet normal  9.189146e-01  1.035368e-01  3.806259e-01
    outer loop
      vertex  3.094421e+01  7.062814e+00 -1.500000e+00
      vertex  3.130066e+01  0.000000e+00 -4.393398e-01
      vertex  3.174000e+01  0.000000e+00 -1.500000e+00
    endloop
  endfacet
  facet normal  3.631567e-01  1.270740e-01  9.230220e-01
    outer loop
      vertex  2.724530e+01  1.312064e+01  6.661338e-16
      vertex  2.948182e+01  6.729033e+00  6.661338e-16
      vertex  2.820092e+01  1.358085e+01 -4.393398e-01
    endloop
  endfacet
  facet normal  3.631561e-01  1.270739e-01  9.230221e-01
    outer loop
      vertex  2.820092e+01  1.358085e+01 -4.393398e-01
      vertex  2.948182e+01  6.729033e+00  6.661338e-16
      vertex  3.051589e+01  6.965052e+00 -4.393398e-01
    endloop
  endfacet
  facet normal  8.728359e-01  3.054186e-01  3.806272e-01
    outer loop
      vertex  2.820092e+01  1.358085e+01 -4.393398e-01
      vertex  3.051589e+01  6.965052e+00 -4.393398e-01
      vertex  2.859675e+01  1.377147e+01 -1.500000e+00
    endloop
  endfacet
  facet normal  8.728364e-01  3.054186e-01  3.806261e-01
    outer loop
      vertex  2.859675e+01  1.377147e+01 -1.500000e+00
      vertex  3.051589e+01  6.965052e+00 -4.393398e-01
      vertex  3.094421e+01  7.062814e+00 -1.500000e+00
    endloop
  endfacet
  facet normal  3.257749e-01  2.046980e-01  9.230220e-01
    outer loop
      vertex  2.364258e+01  1.885433e+01  6.661338e-16
      vertex  2.724530e+01  1.312064e+01  6.661338e-16
      vertex  2.447184e+01  1.951564e+01 -4.393398e-01
    endloop
  endfacet
  facet normal  3.257749e-01  2.046980e-01  9.230219e-01
    outer loop
      vertex  2.447184e+01  1.951564e+01 -4.393398e-01
      vertex  2.724530e+01  1.312064e+01  6.661338e-16
      vertex  2.820092e+01  1.358085e+01 -4.393398e-01
    endloop
  endfacet
  facet normal  7.829905e-01  4.919855e-01  3.806259e-01
    outer loop
      vertex  2.447184e+01  1.951564e+01 -4.393398e-01
      vertex  2.820092e+01  1.358085e+01 -4.393398e-01
      vertex  2.481533e+01  1.978957e+01 -1.500000e+00
    endloop
  endfacet
  facet normal  7.829901e-01  4.919855e-01  3.806270e-01
    outer loop
      vertex  2.481533e+01  1.978957e+01 -1.500000e+00
      vertex  2.820092e+01  1.358085e+01 -4.393398e-01
      vertex  2.859675e+01  1.377147e+01 -1.500000e+00
    endloop
  endfacet
  facet normal  2.720574e-01  2.720574e-01  9.230219e-01
    outer loop
      vertex  1.885433e+01  2.364258e+01  6.661338e-16
      vertex  2.364258e+01  1.885433e+01  6.661338e-16
      vertex  1.951564e+01  2.447184e+01 -4.393398e-01
    endloop
  endfacet
  facet normal  2.720575e-01  2.720575e-01  9.230219e-01
    outer loop
      vertex  1.951564e+01  2.447184e+01 -4.393398e-01
      vertex  2.364258e+01  1.885433e+01  6.661338e-16
      vertex  2.447184e+01  1.951564e+01 -4.393398e-01
    endloop
  endfacet
  facet normal  6.538821e-01  6.538821e-01  3.806263e-01
    outer loop
      vertex  1.951564e+01  2.447184e+01 -4.393398e-01
      vertex  2.447184e+01  1.951564e+01 -4.393398e-01
      vertex  1.978957e+01  2.481533e+01 -1.500000e+00
    endloop
  endfacet
  facet normal  6.538821e-01  6.538821e-01  3.806262e-01
    outer loop
      vertex  1.978957e+01  2.481533e+01 -1.500000e+00
      vertex  2.447184e+01  1.951564e+01 -4.393398e-01
      vertex  2.481533e+01  1.978957e+01 -1.500000e+00
    endloop
  endfacet
  facet normal  2.046979e-01  3.257749e-01  9.230220e-01
    outer loop
      vertex  1.312064e+01  2.724530e+01  6.661338e-16
      vertex  1.885433e+01  2.364258e+01  6.661338e-16
      vertex  1.358085e+01  2.820092e+01 -4.393398e-01
    endloop
  endfacet
  facet normal  2.046980e-01  3.257749e-01  9.230219e-01
    outer loop
      vertex  1.358085e+01  2.820092e+01 -4.393398e-01
      vertex  1.885433e+01  2.364258e+01  6.661338e-16
      vertex  1.951564e+01  2.447184e+01 -4.393398e-01
    endloop
  endfacet
  facet normal  4.919853e-01  7.829901e-01  3.806272e-01
    outer loop
      vertex  1.358085e+01  2.820092e+01 -4.393398e-01
      vertex  1.951564e+01  2.447184e+01 -4.393398e-01
      vertex  1.377147e+01  2.859675e+01 -1.500000e+00
    endloop
  endfacet
  facet normal  4.919856e-01  7.829903e-01  3.806262e-01
    outer loop
      vertex  1.377147e+01  2.859675e+01 -1.500000e+00
      vertex  1.951564e+01  2.447184e+01 -4.393398e-01
      vertex  1.978957e+01  2.481533e+01 -1.500000e+00
    endloop
  endfacet
  facet normal  1.270738e-01  3.631561e-01  9.230222e-01
    outer loop
      vertex  6.729033e+00  2.948182e+01  6.661338e-16
      vertex  1.312064e+01  2.724530e+01  6.661338e-16
      vertex  6.965052e+00  3.051589e+01 -4.393398e-01
    endloop
  endfacet
  facet normal  1.270741e-01  3.631566e-01  9.230219e-01
    outer loop
      vertex  6.965052e+00  3.051589e+01 -4.393398e-01
      vertex  1.312064e+01  2.724530e+01  6.661338e-16
      vertex  1.358085e+01  2.820092e+01 -4.393398e-01
    endloop
  endfacet
  facet normal  3.054188e-01  8.728363e-01  3.806259e-01
    outer loop
      vertex  6.965052e+00  3.051589e+01 -4.393398e-01
      vertex  1.358085e+01  2.820092e+01 -4.393398e-01
      vertex  7.062814e+00  3.094421e+01 -1.500000e+00
    endloop
  endfacet
  facet normal  3.054184e-01  8.728359e-01  3.806272e-01
    outer loop
      vertex  7.062814e+00  3.094421e+01 -1.500000e+00
      vertex  1.358085e+01  2.820092e+01 -4.393398e-01
      vertex  1.377147e+01  2.859675e+01 -1.500000e+00
    endloop
  endfacet
  facet normal  4.307804e-02  3.823279e-01  9.230220e-01
    outer loop
      vertex  8.566234e-15  3.024000e+01  6.661338e-16
      vertex  6.729033e+00  2.948182e+01  6.661338e-16
      vertex  8.866692e-15  3.130066e+01 -4.393398e-01
    endloop
  endfacet
  facet normal  4.307797e-02  3.823276e-01  9.230221e-01
    outer loop
      vertex  8.866692e-15  3.130066e+01 -4.393398e-01
      vertex  6.729033e+00  2.948182e+01  6.661338e-16
      vertex  6.965052e+00  3.051589e+01 -4.393398e-01
    endloop
  endfacet
  facet normal  1.035368e-01  9.189146e-01  3.806259e-01
    outer loop
      vertex  8.866692e-15  3.130066e+01 -4.393398e-01
      vertex  6.965052e+00  3.051589e+01 -4.393398e-01
      vertex  1.943450e-15  3.174000e+01 -1.500000e+00
    endloop
  endfacet
  facet normal  1.035368e-01  9.189146e-01  3.806261e-01
    outer loop
      vertex  1.943450e-15  3.174000e+01 -1.500000e+00
      vertex  6.965052e+00  3.051589e+01 -4.393398e-01
      vertex  7.062814e+00  3.094421e+01 -1.500000e+00
    endloop
  endfacet
  facet normal -4.307802e-02  3.823276e-01  9.230222e-01
    outer loop
      vertex -6.729033e+00  2.948182e+01  6.661338e-16
      vertex  8.566234e-15  3.024000e+01  6.661338e-16
      vertex -6.965052e+00  3.051589e+01 -4.393398e-01
    endloop
  endfacet
  facet normal -4.307800e-02  3.823279e-01  9.230221e-01
    outer loop
      vertex -6.965052e+00  3.051589e+01 -4.393398e-01
      vertex  8.566234e-15  3.024000e+01  6.661338e-16
      vertex  8.866692e-15  3.130066e+01 -4.393398e-01
    endloop
  endfacet
  facet normal -1.035368e-01  9.189146e-01  3.806261e-01
    outer loop
      vertex -6.965052e+00  3.051589e+01 -4.393398e-01
      vertex  8.866692e-15  3.130066e+01 -4.393398e-01
      vertex -7.062814e+00  3.094421e+01 -1.500000e+00
    endloop
  endfacet
  facet normal -1.035368e-01  9.189146e-01  3.806259e-01
    outer loop
      vertex -7.062814e+00  3.094421e+01 -1.500000e+00
      vertex  8.866692e-15  3.130066e+01 -4.393398e-01
      vertex  1.943450e-15  3.174000e+01 -1.500000e+00
    endloop
  endfacet
  facet normal -1.270740e-01  3.631567e-01  9.230220e-01
    outer loop
      vertex -1.312064e+01  2.724530e+01  6.661338e-16
      vertex -6.729033e+00  2.948182e+01  6.661338e-16
      vertex -1.358085e+01  2.820092e+01 -4.393398e-01
    endloop
  endfacet
  facet normal -1.270739e-01  3.631561e-01  9.230221e-01
    outer loop
      vertex -1.358085e+01  2.820092e+01 -4.393398e-01
      vertex -6.729033e+00  2.948182e+01  6.661338e-16
      vertex -6.965052e+00  3.051589e+01 -4.393398e-01
    endloop
  endfacet
  facet normal -3.054186e-01  8.728359e-01  3.806272e-01
    outer loop
      vertex -1.358085e+01  2.820092e+01 -4.393398e-01
      vertex -6.965052e+00  3.051589e+01 -4.393398e-01
      vertex -1.377147e+01  2.859675e+01 -1.500000e+00
    endloop
  endfacet
  facet normal -3.054186e-01  8.728364e-01  3.806261e-01
    outer loop
      vertex -1.377147e+01  2.859675e+01 -1.500000e+00
      vertex -6.965052e+00  3.051589e+01 -4.393398e-01
      vertex -7.062814e+00  3.094421e+01 -1.500000e+00
    endloop
  endfacet
  facet normal -2.046980e-01  3.257749e-01  9.230220e-01
    outer loop
      vertex -1.885433e+01  2.364258e+01  6.661338e-16
      vertex -1.312064e+01  2.724530e+01  6.661338e-16
      vertex -1.951564e+01  2.447184e+01 -4.393398e-01
    endloop
  endfacet
  facet normal -2.046980e-01  3.257749e-01  9.230219e-01
    outer loop
      vertex -1.951564e+01  2.447184e+01 -4.393398e-01
      vertex -1.312064e+01  2.724530e+01  6.661338e-16
      vertex -1.358085e+01  2.820092e+01 -4.393398e-01
    endloop
  endfacet
  facet normal -4.919855e-01  7.829905e-01  3.806259e-01
    outer loop
      vertex -1.951564e+01  2.447184e+01 -4.393398e-01
      vertex -1.358085e+01  2.820092e+01 -4.393398e-01
      vertex -1.978957e+01  2.481533e+01 -1.500000e+00
    endloop
  endfacet
  facet normal -4.919855e-01  7.829901e-01  3.806270e-01
    outer loop
      vertex -1.978957e+01  2.481533e+01 -1.500000e+00
      vertex -1.358085e+01  2.820092e+01 -4.393398e-01
      vertex -1.377147e+01  2.859675e+01 -1.500000e+00
    endloop
  endfacet
  facet normal -2.720574e-01  2.720574e-01  9.230219e-01
    outer loop
      vertex -2.364258e+01  1.885433e+01  6.661338e-16
      vertex -1.885433e+01  2.364258e+01  6.661338e-16
      vertex -2.447184e+01  1.951564e+01 -4.393398e-01
    endloop
  endfacet
  facet normal -2.720575e-01  2.720575e-01  9.230219e-01
    outer loop
      vertex -2.447184e+01  1.951564e+01 -4.393398e-01
      vertex -1.885433e+01  2.364258e+01  6.661338e-16
      vertex -1.951564e+01  2.447184e+01 -4.393398e-01
    endloop
  endfacet
  facet normal -6.538821e-01  6.538821e-01  3.806263e-01
    outer loop
      vertex -2.447184e+01  1.951564e+01 -4.393398e-01
      vertex -1.951564e+01  2.447184e+01 -4.393398e-01
      vertex -2.481533e+01  1.978957e+01 -1.500000e+00
    endloop
  endfacet
  facet normal -6.538821e-01  6.538821e-01  3.806262e-01
    outer loop
      vertex -2.481533e+01  1.978957e+01 -1.500000e+00
      vertex -1.951564e+01  2.447184e+01 -4.393398e-01
      vertex -1.978957e+01  2.481533e+01 -1.500000e+00
    endloop
  endfacet
  facet normal -3.257749e-01  2.046979e-01  9.230220e-01
    outer loop
      vertex -2.724530e+01  1.312064e+01  6.661338e-16
      vertex -2.364258e+01  1.885433e+01  6.661338e-16
      vertex -2.820092e+01  1.358085e+01 -4.393398e-01
    endloop
  endfacet
  facet normal -3.257749e-01  2.046980e-01  9.230219e-01
    outer loop
      vertex -2.820092e+01  1.358085e+01 -4.393398e-01
      vertex -2.364258e+01  1.885433e+01  6.661338e-16
      vertex -2.447184e+01  1.951564e+01 -4.393398e-01
    endloop
  endfacet
  facet normal -7.829901e-01  4.919853e-01  3.806272e-01
    outer loop
      vertex -2.820092e+01  1.358085e+01 -4.393398e-01
      vertex -2.447184e+01  1.951564e+01 -4.393398e-01
      vertex -2.859675e+01  1.377147e+01 -1.500000e+00
    endloop
  endfacet
  facet normal -7.829903e-01  4.919856e-01  3.806262e-01
    outer loop
      vertex -2.859675e+01  1.377147e+01 -1.500000e+00
      vertex -2.447184e+01  1.951564e+01 -4.393398e-01
      vertex -2.481533e+01  1.978957e+01 -1.500000e+00
    endloop
  endfacet
  facet normal -3.631561e-01  1.270738e-01  9.230222e-01
    outer loop
      vertex -2.948182e+01  6.729033e+00  6.661338e-16
      vertex -2.724530e+01  1.312064e+01  6.661338e-16
      vertex -3.051589e+01  6.965052e+00 -4.393398e-01
    endloop
  endfacet
  facet normal -3.631566e-01  1.270741e-01  9.230219e-01
    outer loop
      vertex -3.051589e+01  6.965052e+00 -4.393398e-01
      vertex -2.724530e+01  1.312064e+01  6.661338e-16
      vertex -2.820092e+01  1.358085e+01 -4.393398e-01
    endloop
  endfacet
  facet normal -8.728363e-01  3.054188e-01  3.806259e-01
    outer loop
      vertex -3.051589e+01  6.965052e+00 -4.393398e-01
      vertex -2.820092e+01  1.358085e+01 -4.393398e-01
      vertex -3.094421e+01  7.062814e+00 -1.500000e+00
    endloop
  endfacet
  facet normal -8.728359e-01  3.054184e-01  3.806272e-01
    outer loop
      vertex -3.094421e+01  7.062814e+00 -1.500000e+00
      vertex -2.820092e+01  1.358085e+01 -4.393398e-01
      vertex -2.859675e+01  1.377147e+01 -1.500000e+00
    endloop
  endfacet
  facet normal -9.937122e-01  1.119644e-01  6.575762e-17
    outer loop
      vertex -3.174000e+01  1.798229e-14 -2.550000e+01
      vertex -3.174000e+01  3.886900e-15 -1.500000e+00
      vertex -3.094421e+01  7.062814e+00 -2.550000e+01
    endloop
  endfacet
  facet normal -9.937122e-01  1.119644e-01  0.000000e+00
    outer loop
      vertex -3.094421e+01  7.062814e+00 -2.550000e+01
      vertex -3.174000e+01  3.886900e-15 -1.500000e+00
      vertex -3.094421e+01  7.062814e+00 -1.500000e+00
    endloop
  endfacet
  facet normal -9.438834e-01  3.302790e-01  0.000000e+00
    outer loop
      vertex -3.094421e+01  7.062814e+00 -2.550000e+01
      vertex -3.094421e+01  7.062814e+00 -1.500000e+00
      vertex -2.859675e+01  1.377147e+01 -2.550000e+01
    endloop
  endfacet
  facet normal -9.438834e-01  3.302790e-01  0.000000e+00
    outer loop
      vertex -2.859675e+01  1.377147e+01 -2.550000e+01
      vertex -3.094421e+01  7.062814e+00 -1.500000e+00
      vertex -2.859675e+01  1.377147e+01 -1.500000e+00
    endloop
  endfacet
  facet normal -8.467241e-01  5.320322e-01  0.000000e+00
    outer loop
      vertex -2.859675e+01  1.377147e+01 -2.550000e+01
      vertex -2.859675e+01  1.377147e+01 -1.500000e+00
      vertex -2.481533e+01  1.978957e+01 -2.550000e+01
    endloop
  endfacet
  facet normal -8.467241e-01  5.320322e-01  0.000000e+00
    outer loop
      vertex -2.481533e+01  1.978957e+01 -2.550000e+01
      vertex -2.859675e+01  1.377147e+01 -1.500000e+00
      vertex -2.481533e+01  1.978957e+01 -1.500000e+00
    endloop
  endfacet
  facet normal -7.071068e-01  7.071068e-01  0.000000e+00
    outer loop
      vertex -2.481533e+01  1.978957e+01 -2.550000e+01
      vertex -2.481533e+01  1.978957e+01 -1.500000e+00
      vertex -1.978957e+01  2.481533e+01 -2.550000e+01
    endloop
  endfacet
  facet normal -7.071068e-01  7.071068e-01  0.000000e+00
    outer loop
      vertex -1.978957e+01  2.481533e+01 -2.550000e+01
      vertex -2.481533e+01  1.978957e+01 -1.500000e+00
      vertex -1.978957e+01  2.481533e+01 -1.500000e+00
    endloop
  endfacet
  facet normal -5.320322e-01  8.467241e-01  0.000000e+00
    outer loop
      vertex -1.978957e+01  2.481533e+01 -2.550000e+01
      vertex -1.978957e+01  2.481533e+01 -1.500000e+00
      vertex -1.377147e+01  2.859675e+01 -2.550000e+01
    endloop
  endfacet
  facet normal -5.320322e-01  8.467241e-01  0.000000e+00
    outer loop
      vertex -1.377147e+01  2.859675e+01 -2.550000e+01
      vertex -1.978957e+01  2.481533e+01 -1.500000e+00
      vertex -1.377147e+01  2.859675e+01 -1.500000e+00
    endloop
  endfacet
  facet normal -3.302790e-01  9.438834e-01  0.000000e+00
    outer loop
      vertex -1.377147e+01  2.859675e+01 -2.550000e+01
      vertex -1.377147e+01  2.859675e+01 -1.500000e+00
      vertex -7.062814e+00  3.094421e+01 -2.550000e+01
    endloop
  endfacet
  facet normal -3.302790e-01  9.438834e-01  0.000000e+00
    outer loop
      vertex -7.062814e+00  3.094421e+01 -2.550000e+01
      vertex -1.377147e+01  2.859675e+01 -1.500000e+00
      vertex -7.062814e+00  3.094421e+01 -1.500000e+00
    endloop
  endfacet
  facet normal -1.119644e-01  9.937122e-01  0.000000e+00
    outer loop
      vertex -7.062814e+00  3.094421e+01 -2.550000e+01
      vertex -7.062814e+00  3.094421e+01 -1.500000e+00
      vertex  8.991146e-15  3.174000e+01 -2.550000e+01
    endloop
  endfacet
  facet normal -1.119644e-01  9.937122e-01 -3.287881e-17
    outer loop
      vertex  8.991146e-15  3.174000e+01 -2.550000e+01
      vertex -7.062814e+00  3.094421e+01 -1.500000e+00
      vertex  1.943450e-15  3.174000e+01 -1.500000e+00
    endloop
  endfacet
  facet normal  1.119644e-01  9.937122e-01  3.287881e-17
    outer loop
      vertex  8.991146e-15  3.174000e+01 -2.550000e+01
      vertex  1.943450e-15  3.174000e+01 -1.500000e+00
      vertex  7.062814e+00  3.094421e+01 -2.550000e+01
    endloop
  endfacet
  facet normal  1.119644e-01  9.937122e-01  -0.000000e+00
    outer loop
      vertex  7.062814e+00  3.094421e+01 -2.550000e+01
      vertex  1.943450e-15  3.174000e+01 -1.500000e+00
      vertex  7.062814e+00  3.094421e+01 -1.500000e+00
    endloop
  endfacet
  facet normal  3.302790e-01  9.438834e-01  0.000000e+00
    outer loop
      vertex  7.062814e+00  3.094421e+01 -2.550000e+01
      vertex  7.062814e+00  3.094421e+01 -1.500000e+00
      vertex  1.377147e+01  2.859675e+01 -2.550000e+01
    endloop
  endfacet
  facet normal  3.302790e-01  9.438834e-01  -0.000000e+00
    outer loop
      vertex  1.377147e+01  2.859675e+01 -2.550000e+01
      vertex  7.062814e+00  3.094421e+01 -1.500000e+00
      vertex  1.377147e+01  2.859675e+01 -1.500000e+00
    endloop
  endfacet
  facet normal  5.320322e-01  8.467241e-01  0.000000e+00
    outer loop
      vertex  1.377147e+01  2.859675e+01 -2.550000e+01
      vertex  1.377147e+01  2.859675e+01 -1.500000e+00
      vertex  1.978957e+01  2.481533e+01 -2.550000e+01
    endloop
  endfacet
  facet normal  5.320322e-01  8.467241e-01  -0.000000e+00
    outer loop
      vertex  1.978957e+01  2.481533e+01 -2.550000e+01
      vertex  1.377147e+01  2.859675e+01 -1.500000e+00
      vertex  1.978957e+01  2.481533e+01 -1.500000e+00
    endloop
  endfacet
  facet normal  7.071068e-01  7.071068e-01  0.000000e+00
    outer loop
      vertex  1.978957e+01  2.481533e+01 -2.550000e+01
      vertex  1.978957e+01  2.481533e+01 -1.500000e+00
      vertex  2.481533e+01  1.978957e+01 -2.550000e+01
    endloop
  endfacet
  facet normal  7.071068e-01  7.071068e-01  -0.000000e+00
    outer loop
      vertex  2.481533e+01  1.978957e+01 -2.550000e+01
      vertex  1.978957e+01  2.481533e+01 -1.500000e+00
      vertex  2.481533e+01  1.978957e+01 -1.500000e+00
    endloop
  endfacet
  facet normal  8.467241e-01  5.320322e-01  0.000000e+00
    outer loop
      vertex  2.481533e+01  1.978957e+01 -2.550000e+01
      vertex  2.481533e+01  1.978957e+01 -1.500000e+00
      vertex  2.859675e+01  1.377147e+01 -2.550000e+01
    endloop
  endfacet
  facet normal  8.467241e-01  5.320322e-01  -0.000000e+00
    outer loop
      vertex  2.859675e+01  1.377147e+01 -2.550000e+01
      vertex  2.481533e+01  1.978957e+01 -1.500000e+00
      vertex  2.859675e+01  1.377147e+01 -1.500000e+00
    endloop
  endfacet
  facet normal  9.438834e-01  3.302790e-01  0.000000e+00
    outer loop
      vertex  2.859675e+01  1.377147e+01 -2.550000e+01
      vertex  2.859675e+01  1.377147e+01 -1.500000e+00
      vertex  3.094421e+01  7.062814e+00 -2.550000e+01
    endloop
  endfacet
  facet normal  9.438834e-01  3.302790e-01  -0.000000e+00
    outer loop
      vertex  3.094421e+01  7.062814e+00 -2.550000e+01
      vertex  2.859675e+01  1.377147e+01 -1.500000e+00
      vertex  3.094421e+01  7.062814e+00 -1.500000e+00
    endloop
  endfacet
  facet normal  9.937122e-01  1.119644e-01  0.000000e+00
    outer loop
      vertex  3.094421e+01  7.062814e+00 -2.550000e+01
      vertex  3.094421e+01  7.062814e+00 -1.500000e+00
      vertex  3.174000e+01  0.000000e+00 -2.550000e+01
    endloop
  endfacet
  facet normal  9.937122e-01  1.119644e-01  -0.000000e+00
    outer loop
      vertex  3.174000e+01  0.000000e+00 -2.550000e+01
      vertex  3.094421e+01  7.062814e+00 -1.500000e+00
      vertex  3.174000e+01  0.000000e+00 -1.500000e+00
    endloop
  endfacet
  facet normal -9.189146e-01  1.035368e-01 -3.806261e-01
    outer loop
      vertex -3.174000e+01  1.798229e-14 -2.550000e+01
      vertex -3.094421e+01  7.062814e+00 -2.550000e+01
      vertex -3.130066e+01  1.773338e-14 -2.656066e+01
    endloop
  endfacet
  facet normal -9.189144e-01  1.035368e-01 -3.806263e-01
    outer loop
      vertex -3.130066e+01  1.773338e-14 -2.656066e+01
      vertex -3.094421e+01  7.062814e+00 -2.550000e+01
      vertex -3.051589e+01  6.965052e+00 -2.656066e+01
    endloop
  endfacet
  facet normal -3.823284e-01  4.307806e-02 -9.230218e-01
    outer loop
      vertex -3.130066e+01  1.773338e-14 -2.656066e+01
      vertex -3.051589e+01  6.965052e+00 -2.656066e+01
      vertex -3.024000e+01  1.713247e-14 -2.700000e+01
    endloop
  endfacet
  facet normal -3.823282e-01  4.307808e-02 -9.230219e-01
    outer loop
      vertex -3.024000e+01  1.713247e-14 -2.700000e+01
      vertex -3.051589e+01  6.965052e+00 -2.656066e+01
      vertex -2.948182e+01  6.729033e+00 -2.700000e+01
    endloop
  endfacet
  facet normal  9.189146e-01  1.035368e-01 -3.806264e-01
    outer loop
      vertex  3.094421e+01  7.062814e+00 -2.550000e+01
      vertex  3.174000e+01  0.000000e+00 -2.550000e+01
      vertex  3.051589e+01  6.965052e+00 -2.656066e+01
    endloop
  endfacet
  facet normal  9.189144e-01  1.035368e-01 -3.806261e-01
    outer loop
      vertex  3.051589e+01  6.965052e+00 -2.656066e+01
      vertex  3.174000e+01  0.000000e+00 -2.550000e+01
      vertex  3.130066e+01  0.000000e+00 -2.656066e+01
    endloop
  endfacet
  facet normal  3.823282e-01  4.307804e-02 -9.230219e-01
    outer loop
      vertex  3.051589e+01  6.965052e+00 -2.656066e+01
      vertex  3.130066e+01  0.000000e+00 -2.656066e+01
      vertex  2.948182e+01  6.729033e+00 -2.700000e+01
    endloop
  endfacet
  facet normal  3.823285e-01  4.307811e-02 -9.230218e-01
    outer loop
      vertex  2.948182e+01  6.729033e+00 -2.700000e+01
      vertex  3.130066e+01  0.000000e+00 -2.656066e+01
      vertex  3.024000e+01  0.000000e+00 -2.700000e+01
    endloop
  endfacet
  facet normal  8.728359e-01  3.054184e-01 -3.806274e-01
    outer loop
      vertex  2.859675e+01  1.377147e+01 -2.550000e+01
      vertex  3.094421e+01  7.062814e+00 -2.550000e+01
      vertex  2.820092e+01  1.358085e+01 -2.656066e+01
    endloop
  endfacet
  facet normal  8.728362e-01  3.054187e-01 -3.806262e-01
    outer loop
      vertex  2.820092e+01  1.358085e+01 -2.656066e+01
      vertex  3.094421e+01  7.062814e+00 -2.550000e+01
      vertex  3.051589e+01  6.965052e+00 -2.656066e+01
    endloop
  endfacet
  facet normal  3.631572e-01  1.270743e-01 -9.230217e-01
    outer loop
      vertex  2.820092e+01  1.358085e+01 -2.656066e+01
      vertex  3.051589e+01  6.965052e+00 -2.656066e+01
      vertex  2.724530e+01  1.312064e+01 -2.700000e+01
    endloop
  endfacet
  facet normal  3.631566e-01  1.270739e-01 -9.230219e-01
    outer loop
      vertex  2.724530e+01  1.312064e+01 -2.700000e+01
      vertex  3.051589e+01  6.965052e+00 -2.656066e+01
      vertex  2.948182e+01  6.729033e+00 -2.700000e+01
    endloop
  endfacet
  facet normal  7.829903e-01  4.919856e-01 -3.806264e-01
    outer loop
      vertex  2.481533e+01  1.978957e+01 -2.550000e+01
      vertex  2.859675e+01  1.377147e+01 -2.550000e+01
      vertex  2.447184e+01  1.951564e+01 -2.656066e+01
    endloop
  endfacet
  facet normal  7.829900e-01  4.919852e-01 -3.806274e-01
    outer loop
      vertex  2.447184e+01  1.951564e+01 -2.656066e+01
      vertex  2.859675e+01  1.377147e+01 -2.550000e+01
      vertex  2.820092e+01  1.358085e+01 -2.656066e+01
    endloop
  endfacet
  facet normal  3.257754e-01  2.046983e-01 -9.230216e-01
    outer loop
      vertex  2.447184e+01  1.951564e+01 -2.656066e+01
      vertex  2.820092e+01  1.358085e+01 -2.656066e+01
      vertex  2.364258e+01  1.885433e+01 -2.700000e+01
    endloop
  endfacet
  facet normal  3.257754e-01  2.046982e-01 -9.230217e-01
    outer loop
      vertex  2.364258e+01  1.885433e+01 -2.700000e+01
      vertex  2.820092e+01  1.358085e+01 -2.656066e+01
      vertex  2.724530e+01  1.312064e+01 -2.700000e+01
    endloop
  endfacet
  facet normal  6.538821e-01  6.538821e-01 -3.806264e-01
    outer loop
      vertex  1.978957e+01  2.481533e+01 -2.550000e+01
      vertex  2.481533e+01  1.978957e+01 -2.550000e+01
      vertex  1.951564e+01  2.447184e+01 -2.656066e+01
    endloop
  endfacet
  facet normal  6.538820e-01  6.538820e-01 -3.806265e-01
    outer loop
      vertex  1.951564e+01  2.447184e+01 -2.656066e+01
      vertex  2.481533e+01  1.978957e+01 -2.550000e+01
      vertex  2.447184e+01  1.951564e+01 -2.656066e+01
    endloop
  endfacet
  facet normal  2.720579e-01  2.720579e-01 -9.230217e-01
    outer loop
      vertex  1.951564e+01  2.447184e+01 -2.656066e+01
      vertex  2.447184e+01  1.951564e+01 -2.656066e+01
      vertex  1.885433e+01  2.364258e+01 -2.700000e+01
    endloop
  endfacet
  facet normal  2.720579e-01  2.720579e-01 -9.230216e-01
    outer loop
      vertex  1.885433e+01  2.364258e+01 -2.700000e+01
      vertex  2.447184e+01  1.951564e+01 -2.656066e+01
      vertex  2.364258e+01  1.885433e+01 -2.700000e+01
    endloop
  endfacet
  facet normal  4.919854e-01  7.829900e-01 -3.806272e-01
    outer loop
      vertex  1.377147e+01  2.859675e+01 -2.550000e+01
      vertex  1.978957e+01  2.481533e+01 -2.550000e+01
      vertex  1.358085e+01  2.820092e+01 -2.656066e+01
    endloop
  endfacet
  facet normal  4.919855e-01  7.829904e-01 -3.806261e-01
    outer loop
      vertex  1.358085e+01  2.820092e+01 -2.656066e+01
      vertex  1.978957e+01  2.481533e+01 -2.550000e+01
      vertex  1.951564e+01  2.447184e+01 -2.656066e+01
    endloop
  endfacet
  facet normal  2.046983e-01  3.257754e-01 -9.230216e-01
    outer loop
      vertex  1.358085e+01  2.820092e+01 -2.656066e+01
      vertex  1.951564e+01  2.447184e+01 -2.656066e+01
      vertex  1.312064e+01  2.724530e+01 -2.700000e+01
    endloop
  endfacet
  facet normal  2.046983e-01  3.257754e-01 -9.230217e-01
    outer loop
      vertex  1.312064e+01  2.724530e+01 -2.700000e+01
      vertex  1.951564e+01  2.447184e+01 -2.656066e+01
      vertex  1.885433e+01  2.364258e+01 -2.700000e+01
    endloop
  endfacet
  facet normal  3.054186e-01  8.728363e-01 -3.806263e-01
    outer loop
      vertex  7.062814e+00  3.094421e+01 -2.550000e+01
      vertex  1.377147e+01  2.859675e+01 -2.550000e+01
      vertex  6.965052e+00  3.051589e+01 -2.656066e+01
    endloop
  endfacet
  facet normal  3.054186e-01  8.728358e-01 -3.806274e-01
    outer loop
      vertex  6.965052e+00  3.051589e+01 -2.656066e+01
      vertex  1.377147e+01  2.859675e+01 -2.550000e+01
      vertex  1.358085e+01  2.820092e+01 -2.656066e+01
    endloop
  endfacet
  facet normal  1.270741e-01  3.631566e-01 -9.230219e-01
    outer loop
      vertex  6.965052e+00  3.051589e+01 -2.656066e+01
      vertex  1.358085e+01  2.820092e+01 -2.656066e+01
      vertex  6.729033e+00  2.948182e+01 -2.700000e+01
    endloop
  endfacet
  facet normal  1.270742e-01  3.631572e-01 -9.230216e-01
    outer loop
      vertex  6.729033e+00  2.948182e+01 -2.700000e+01
      vertex  1.358085e+01  2.820092e+01 -2.656066e+01
      vertex  1.312064e+01  2.724530e+01 -2.700000e+01
    endloop
  endfacet
  facet normal  1.035368e-01  9.189146e-01 -3.806261e-01
    outer loop
      vertex  8.991146e-15  3.174000e+01 -2.550000e+01
      vertex  7.062814e+00  3.094421e+01 -2.550000e+01
      vertex  8.866692e-15  3.130066e+01 -2.656066e+01
    endloop
  endfacet
  facet normal  1.035368e-01  9.189144e-01 -3.806263e-01
    outer loop
      vertex  8.866692e-15  3.130066e+01 -2.656066e+01
      vertex  7.062814e+00  3.094421e+01 -2.550000e+01
      vertex  6.965052e+00  3.051589e+01 -2.656066e+01
    endloop
  endfacet
  facet normal  4.307806e-02  3.823284e-01 -9.230218e-01
    outer loop
      vertex  8.866692e-15  3.130066e+01 -2.656066e+01
      vertex  6.965052e+00  3.051589e+01 -2.656066e+01
      vertex  8.566234e-15  3.024000e+01 -2.700000e+01
    endloop
  endfacet
  facet normal  4.307808e-02  3.823282e-01 -9.230219e-01
    outer loop
      vertex  8.566234e-15  3.024000e+01 -2.700000e+01
      vertex  6.965052e+00  3.051589e+01 -2.656066e+01
      vertex  6.729033e+00  2.948182e+01 -2.700000e+01
    endloop
  endfacet
  facet normal -1.035368e-01  9.189146e-01 -3.806264e-01
    outer loop
      vertex -7.062814e+00  3.094421e+01 -2.550000e+01
      vertex  8.991146e-15  3.174000e+01 -2.550000e+01
      vertex -6.965052e+00  3.051589e+01 -2.656066e+01
    endloop
  endfacet
  facet normal -1.035368e-01  9.189144e-01 -3.806261e-01
    outer loop
      vertex -6.965052e+00  3.051589e+01 -2.656066e+01
      vertex  8.991146e-15  3.174000e+01 -2.550000e+01
      vertex  8.866692e-15  3.130066e+01 -2.656066e+01
    endloop
  endfacet
  facet normal -4.307804e-02  3.823282e-01 -9.230219e-01
    outer loop
      vertex -6.965052e+00  3.051589e+01 -2.656066e+01
      vertex  8.866692e-15  3.130066e+01 -2.656066e+01
      vertex -6.729033e+00  2.948182e+01 -2.700000e+01
    endloop
  endfacet
  facet normal -4.307811e-02  3.823285e-01 -9.230218e-01
    outer loop
      vertex -6.729033e+00  2.948182e+01 -2.700000e+01
      vertex  8.866692e-15  3.130066e+01 -2.656066e+01
      vertex  8.566234e-15  3.024000e+01 -2.700000e+01
    endloop
  endfacet
  facet normal -3.054184e-01  8.728359e-01 -3.806274e-01
    outer loop
      vertex -1.377147e+01  2.859675e+01 -2.550000e+01
      vertex -7.062814e+00  3.094421e+01 -2.550000e+01
      vertex -1.358085e+01  2.820092e+01 -2.656066e+01
    endloop
  endfacet
  facet normal -3.054187e-01  8.728362e-01 -3.806262e-01
    outer loop
      vertex -1.358085e+01  2.820092e+01 -2.656066e+01
      vertex -7.062814e+00  3.094421e+01 -2.550000e+01
      vertex -6.965052e+00  3.051589e+01 -2.656066e+01
    endloop
  endfacet
  facet normal -1.270743e-01  3.631572e-01 -9.230217e-01
    outer loop
      vertex -1.358085e+01  2.820092e+01 -2.656066e+01
      vertex -6.965052e+00  3.051589e+01 -2.656066e+01
      vertex -1.312064e+01  2.724530e+01 -2.700000e+01
    endloop
  endfacet
  facet normal -1.270739e-01  3.631566e-01 -9.230219e-01
    outer loop
      vertex -1.312064e+01  2.724530e+01 -2.700000e+01
      vertex -6.965052e+00  3.051589e+01 -2.656066e+01
      vertex -6.729033e+00  2.948182e+01 -2.700000e+01
    endloop
  endfacet
  facet normal -4.919856e-01  7.829903e-01 -3.806264e-01
    outer loop
      vertex -1.978957e+01  2.481533e+01 -2.550000e+01
      vertex -1.377147e+01  2.859675e+01 -2.550000e+01
      vertex -1.951564e+01  2.447184e+01 -2.656066e+01
    endloop
  endfacet
  facet normal -4.919852e-01  7.829900e-01 -3.806274e-01
    outer loop
      vertex -1.951564e+01  2.447184e+01 -2.656066e+01
      vertex -1.377147e+01  2.859675e+01 -2.550000e+01
      vertex -1.358085e+01  2.820092e+01 -2.656066e+01
    endloop
  endfacet
  facet normal -2.046983e-01  3.257754e-01 -9.230216e-01
    outer loop
      vertex -1.951564e+01  2.447184e+01 -2.656066e+01
      vertex -1.358085e+01  2.820092e+01 -2.656066e+01
      vertex -1.885433e+01  2.364258e+01 -2.700000e+01
    endloop
  endfacet
  facet normal -2.046982e-01  3.257754e-01 -9.230217e-01
    outer loop
      vertex -1.885433e+01  2.364258e+01 -2.700000e+01
      vertex -1.358085e+01  2.820092e+01 -2.656066e+01
      vertex -1.312064e+01  2.724530e+01 -2.700000e+01
    endloop
  endfacet
  facet normal -6.538821e-01  6.538821e-01 -3.806264e-01
    outer loop
      vertex -2.481533e+01  1.978957e+01 -2.550000e+01
      vertex -1.978957e+01  2.481533e+01 -2.550000e+01
      vertex -2.447184e+01  1.951564e+01 -2.656066e+01
    endloop
  endfacet
  facet normal -6.538820e-01  6.538820e-01 -3.806265e-01
    outer loop
      vertex -2.447184e+01  1.951564e+01 -2.656066e+01
      vertex -1.978957e+01  2.481533e+01 -2.550000e+01
      vertex -1.951564e+01  2.447184e+01 -2.656066e+01
    endloop
  endfacet
  facet normal -2.720579e-01  2.720579e-01 -9.230217e-01
    outer loop
      vertex -2.447184e+01  1.951564e+01 -2.656066e+01
      vertex -1.951564e+01  2.447184e+01 -2.656066e+01
      vertex -2.364258e+01  1.885433e+01 -2.700000e+01
    endloop
  endfacet
  facet normal -2.720579e-01  2.720579e-01 -9.230216e-01
    outer loop
      vertex -2.364258e+01  1.885433e+01 -2.700000e+01
      vertex -1.951564e+01  2.447184e+01 -2.656066e+01
      vertex -1.885433e+01  2.364258e+01 -2.700000e+01
    endloop
  endfacet
  facet normal -7.829900e-01  4.919854e-01 -3.806272e-01
    outer loop
      vertex -2.859675e+01  1.377147e+01 -2.550000e+01
      vertex -2.481533e+01  1.978957e+01 -2.550000e+01
      vertex -2.820092e+01  1.358085e+01 -2.656066e+01
    endloop
  endfacet
  facet normal -7.829904e-01  4.919855e-01 -3.806261e-01
    outer loop
      vertex -2.820092e+01  1.358085e+01 -2.656066e+01
      vertex -2.481533e+01  1.978957e+01 -2.550000e+01
      vertex -2.447184e+01  1.951564e+01 -2.656066e+01
    endloop
  endfacet
  facet normal -3.257754e-01  2.046983e-01 -9.230216e-01
    outer loop
      vertex -2.820092e+01  1.358085e+01 -2.656066e+01
      vertex -2.447184e+01  1.951564e+01 -2.656066e+01
      vertex -2.724530e+01  1.312064e+01 -2.700000e+01
    endloop
  endfacet
  facet normal -3.257754e-01  2.046983e-01 -9.230217e-01
    outer loop
      vertex -2.724530e+01  1.312064e+01 -2.700000e+01
      vertex -2.447184e+01  1.951564e+01 -2.656066e+01
      vertex -2.364258e+01  1.885433e+01 -2.700000e+01
    endloop
  endfacet
  facet normal -8.728363e-01  3.054186e-01 -3.806263e-01
    outer loop
      vertex -3.094421e+01  7.062814e+00 -2.550000e+01
      vertex -2.859675e+01  1.377147e+01 -2.550000e+01
      vertex -3.051589e+01  6.965052e+00 -2.656066e+01
    endloop
  endfacet
  facet normal -8.728358e-01  3.054186e-01 -3.806274e-01
    outer loop
      vertex -3.051589e+01  6.965052e+00 -2.656066e+01
      vertex -2.859675e+01  1.377147e+01 -2.550000e+01
      vertex -2.820092e+01  1.358085e+01 -2.656066e+01
    endloop
  endfacet
  facet normal -3.631566e-01  1.270741e-01 -9.230219e-01
    outer loop
      vertex -3.051589e+01  6.965052e+00 -2.656066e+01
      vertex -2.820092e+01  1.358085e+01 -2.656066e+01
      vertex -2.948182e+01  6.729033e+00 -2.700000e+01
    endloop
  endfacet
  facet normal -3.631572e-01  1.270742e-01 -9.230216e-01
    outer loop
      vertex -2.948182e+01  6.729033e+00 -2.700000e+01
      vertex -2.820092e+01  1.358085e+01 -2.656066e+01
      vertex -2.724530e+01  1.312064e+01 -2.700000e+01
    endloop
  endfacet
  facet normal  7.752333e-01  4.625633e-01  4.301727e-01
    outer loop
      vertex -9.877520e+00  8.523336e+00 -1.495796e+00
      vertex -8.583760e+00  7.491282e+00 -2.717573e+00
      vertex -8.024332e+00  7.125627e+00 -3.332556e+00
    endloop
  endfacet
  facet normal  8.814157e-02 -1.437484e-01  9.856811e-01
    outer loop
      vertex -3.159681e+00  4.212908e+00 -9.048270e+00
      vertex -2.109700e+00  3.655660e+00 -9.223429e+00
      vertex -2.321769e+00  4.726686e+00 -9.048270e+00
    endloop
  endfacet
  facet normal  1.386975e-01 -9.565344e-02  9.857045e-01
    outer loop
      vertex -4.646589e+00  2.478181e+00 -9.048270e+00
      vertex -3.654496e+00  2.111716e+00 -9.223429e+00
      vertex -3.967636e+00  3.462664e+00 -9.048270e+00
    endloop
  endfacet
  facet normal  7.752367e-01 -4.625366e-01  4.301955e-01
    outer loop
      vertex -9.877516e+00 -8.523339e+00 -1.495797e+00
      vertex -8.024330e+00 -7.125628e+00 -3.332556e+00
      vertex -8.583760e+00 -7.491282e+00 -2.717573e+00
    endloop
  endfacet
  facet normal  3.915378e-01  6.385522e-01  6.625324e-01
    outer loop
      vertex -4.702282e+00 -6.472136e+00 -6.413879e+00
      vertex -2.905866e+00 -5.915800e+00 -8.011710e+00
      vertex -3.954576e+00 -5.272768e+00 -8.011710e+00
    endloop
  endfacet
  facet normal  1.386484e-01  9.561959e-02  9.857147e-01
    outer loop
      vertex -3.967636e+00 -3.462664e+00 -9.048270e+00
      vertex -3.656823e+00 -2.107684e+00 -9.223429e+00
      vertex -4.646589e+00 -2.478181e+00 -9.048270e+00
    endloop
  endfacet
  facet normal -2.968349e-02  3.903866e-01  9.201723e-01
    outer loop
      vertex -6.303119e-16 -5.663187e+00 -8.836397e+00
      vertex -1.800371e-16 -4.838500e+00 -9.186274e+00
      vertex -7.113296e-01 -5.217872e+00 -9.048270e+00
    endloop
  endfacet
  facet normal  5.082282e-02 -7.490572e-01  6.605530e-01
    outer loop
      vertex  2.400646e-15  8.000000e+00 -6.413879e+00
      vertex -8.902819e-01  6.530555e+00 -8.011710e+00
      vertex  4.738771e-16  6.590960e+00 -8.011710e+00
    endloop
  endfacet
  facet normal -2.968349e-02 -3.903866e-01  9.201723e-01
    outer loop
      vertex -7.113296e-01  5.217872e+00 -9.048270e+00
      vertex  8.812476e-16  4.838500e+00 -9.186274e+00
      vertex  1.605169e-15  5.663187e+00 -8.836397e+00
    endloop
  endfacet
  facet normal  1.568394e-01 -9.984012e-02  9.825647e-01
    outer loop
      vertex -4.598530e+00  1.799965e+01 -5.540140e-15
      vertex -4.656065e+00  1.565306e+01 -2.292574e-01
      vertex -3.669156e+00  1.495513e+01 -4.577081e-01
    endloop
  endfacet
  facet normal  1.283897e-01 -7.967460e-01  5.905184e-01
    outer loop
      vertex -8.583760e+00  7.491282e+00 -2.717573e+00
      vertex -6.746119e+00  5.887522e+00 -5.280951e+00
      vertex -8.024332e+00  7.125627e+00 -3.332556e+00
    endloop
  endfacet
  facet normal  1.427151e-01  7.484788e-02  9.869297e-01
    outer loop
      vertex -1.853971e+01  1.188735e+00 -3.549074e-15
      vertex -1.633086e+01 -1.135568e-12 -2.292574e-01
      vertex -1.536894e+01  1.132027e+00 -4.542091e-01
    endloop
  endfacet
  facet normal -9.282234e-03  1.532304e-01  9.881469e-01
    outer loop
      vertex -6.859639e+00 -1.726497e+01 -1.824193e-15
      vertex -4.656065e+00 -1.565306e+01 -2.292574e-01
      vertex -5.823734e+00 -1.426068e+01 -4.561400e-01
    endloop
  endfacet
  facet normal  7.088888e-02  7.481396e-01  6.597438e-01
    outer loop
      vertex -1.502567e+00 -7.857626e+00 -6.413879e+00
      vertex -1.959370e-15 -8.000000e+00 -6.413879e+00
      vertex -1.875038e-15 -6.590960e+00 -8.011710e+00
    endloop
  endfacet
  facet normal  5.146176e-02  7.584743e-01  6.496678e-01
    outer loop
      vertex -1.502567e+00 -7.857626e+00 -6.413879e+00
      vertex -1.875038e-15 -6.590960e+00 -8.011710e+00
      vertex -8.902819e-01 -6.530555e+00 -8.011710e+00
    endloop
  endfacet
  facet normal  1.571959e-01  7.292673e-01  6.659271e-01
    outer loop
      vertex -1.502567e+00 -7.857626e+00 -6.413879e+00
      vertex -8.902819e-01 -6.530555e+00 -8.011710e+00
      vertex -1.879137e+00 -6.317404e+00 -8.011710e+00
    endloop
  endfacet
  facet normal  2.031664e-01  7.284385e-01  6.542940e-01
    outer loop
      vertex -1.502567e+00 -7.857626e+00 -6.413879e+00
      vertex -1.879137e+00 -6.317404e+00 -8.011710e+00
      vertex -2.552843e+00 -8.582310e+00 -5.280951e+00
    endloop
  endfacet
  facet normal  2.258849e-01  7.120086e-01  6.648456e-01
    outer loop
      vertex -1.502567e+00 -7.857626e+00 -6.413879e+00
      vertex -2.552843e+00 -8.582310e+00 -5.280951e+00
      vertex -2.302214e+00 -1.047719e+01 -3.336804e+00
    endloop
  endfacet
  facet normal  2.338857e-01  7.093806e-01  6.648884e-01
    outer loop
      vertex -3.402995e+00 -7.240140e+00 -6.413879e+00
      vertex -4.296837e+00 -9.832426e+00 -3.333702e+00
      vertex -2.552843e+00 -8.582310e+00 -5.280951e+00
    endloop
  endfacet
  facet normal  2.539656e-01  7.127562e-01  6.538196e-01
    outer loop
      vertex -3.402995e+00 -7.240140e+00 -6.413879e+00
      vertex -2.552843e+00 -8.582310e+00 -5.280951e+00
      vertex -1.879137e+00 -6.317404e+00 -8.011710e+00
    endloop
  endfacet
  facet normal  2.727576e-01  6.973236e-01  6.628296e-01
    outer loop
      vertex -3.402995e+00 -7.240140e+00 -6.413879e+00
      vertex -1.879137e+00 -6.317404e+00 -8.011710e+00
      vertex -2.905866e+00 -5.915800e+00 -8.011710e+00
    endloop
  endfacet
  facet normal  3.835505e-01  6.488799e-01  6.571484e-01
    outer loop
      vertex -3.402995e+00 -7.240140e+00 -6.413879e+00
      vertex -2.905866e+00 -5.915800e+00 -8.011710e+00
      vertex -4.702282e+00 -6.472136e+00 -6.413879e+00
    endloop
  endfacet
  facet normal  4.984363e-01  5.651100e-01  6.574283e-01
    outer loop
      vertex -5.834199e+00 -5.473766e+00 -6.413879e+00
      vertex -4.702282e+00 -6.472136e+00 -6.413879e+00
      vertex -3.954576e+00 -5.272768e+00 -8.011710e+00
    endloop
  endfacet
  facet normal  5.076296e-01  5.466781e-01  6.659244e-01
    outer loop
      vertex -5.834199e+00 -5.473766e+00 -6.413879e+00
      vertex -3.954576e+00 -5.272768e+00 -8.011710e+00
      vertex -4.965791e+00 -4.333782e+00 -8.011710e+00
    endloop
  endfacet
  facet normal  6.054509e-01  4.545144e-01  6.533343e-01
    outer loop
      vertex -5.834199e+00 -5.473766e+00 -6.413879e+00
      vertex -4.965791e+00 -4.333782e+00 -8.011710e+00
      vertex -6.746119e+00 -5.887522e+00 -5.280951e+00
    endloop
  endfacet
  facet normal  6.571172e-01  3.620446e-01  6.611511e-01
    outer loop
      vertex -5.834199e+00 -5.473766e+00 -6.413879e+00
      vertex -6.746119e+00 -5.887522e+00 -5.280951e+00
      vertex -8.024330e+00 -7.125628e+00 -3.332556e+00
    endloop
  endfacet
  facet normal  5.976505e-01  4.482318e-01  6.647572e-01
    outer loop
      vertex -7.008728e+00 -3.857166e+00 -6.413879e+00
      vertex -9.257332e+00 -5.430216e+00 -3.331596e+00
      vertex -6.746119e+00 -5.887522e+00 -5.280951e+00
    endloop
  endfacet
  facet normal  6.140512e-01  4.436626e-01  6.527670e-01
    outer loop
      vertex -7.008728e+00 -3.857166e+00 -6.413879e+00
      vertex -6.746119e+00 -5.887522e+00 -5.280951e+00
      vertex -4.965791e+00 -4.333782e+00 -8.011710e+00
    endloop
  endfacet
  facet normal  6.170211e-01  4.255316e-01  6.619726e-01
    outer loop
      vertex -7.008728e+00 -3.857166e+00 -6.413879e+00
      vertex -4.965791e+00 -4.333782e+00 -8.011710e+00
      vertex -5.815552e+00 -3.101628e+00 -8.011710e+00
    endloop
  endfacet
  facet normal  7.045839e-01  2.727423e-01  6.551131e-01
    outer loop
      vertex -7.008728e+00 -3.857166e+00 -6.413879e+00
      vertex -5.815552e+00 -3.101628e+00 -8.011710e+00
      vertex -6.388161e+00 -1.622390e+00 -8.011710e+00
    endloop
  endfacet
  facet normal  7.420805e-01  2.411165e-01  6.254433e-01
    outer loop
      vertex -7.008728e+00 -3.857166e+00 -6.413879e+00
      vertex -6.388161e+00 -1.622390e+00 -8.011710e+00
      vertex -7.937366e+00 -9.991139e-01 -6.413879e+00
    endloop
  endfacet
  facet normal  7.325443e-01  9.156808e-02  6.745326e-01
    outer loop
      vertex -7.937366e+00 -9.991139e-01 -6.413879e+00
      vertex -6.388161e+00 -1.622390e+00 -8.011710e+00
      vertex -6.590960e+00 -1.137663e-12 -8.011710e+00
    endloop
  endfacet
  facet normal  7.559085e-01  2.741039e-02  6.541030e-01
    outer loop
      vertex -7.937366e+00 -9.991139e-01 -6.413879e+00
      vertex -6.590960e+00 -1.137663e-12 -8.011710e+00
      vertex -8.953940e+00 -1.137271e-12 -5.280951e+00
    endloop
  endfacet
  facet normal  7.468696e-01  5.920329e-03  6.649442e-01
    outer loop
      vertex -7.937366e+00 -9.991139e-01 -6.413879e+00
      vertex -8.953940e+00 -1.137271e-12 -5.280951e+00
      vertex -1.068129e+01 -1.048192e+00 -3.331446e+00
    endloop
  endfacet
  facet normal  7.468695e-01 -5.920135e-03  6.649442e-01
    outer loop
      vertex -7.937366e+00  9.991139e-01 -6.413879e+00
      vertex -1.068129e+01  1.048189e+00 -3.331445e+00
      vertex -8.953940e+00 -1.137271e-12 -5.280951e+00
    endloop
  endfacet
  facet normal  7.559086e-01 -2.741039e-02  6.541031e-01
    outer loop
      vertex -7.937366e+00  9.991139e-01 -6.413879e+00
      vertex -8.953940e+00 -1.137271e-12 -5.280951e+00
      vertex -6.590960e+00 -1.137663e-12 -8.011710e+00
    endloop
  endfacet
  facet normal  7.325443e-01 -9.156808e-02  6.745326e-01
    outer loop
      vertex -7.937366e+00  9.991139e-01 -6.413879e+00
      vertex -6.590960e+00 -1.137663e-12 -8.011710e+00
      vertex -6.388161e+00  1.622390e+00 -8.011710e+00
    endloop
  endfacet
  facet normal  7.412694e-01 -2.869431e-01  6.067810e-01
    outer loop
      vertex -7.937366e+00  9.991139e-01 -6.413879e+00
      vertex -6.388161e+00  1.622390e+00 -8.011710e+00
      vertex -5.815552e+00  3.101628e+00 -8.011710e+00
    endloop
  endfacet
  facet normal  7.223902e-01 -2.347188e-01  6.504303e-01
    outer loop
      vertex -7.937366e+00  9.991139e-01 -6.413879e+00
      vertex -5.815552e+00  3.101628e+00 -8.011710e+00
      vertex -7.008728e+00  3.857166e+00 -6.413879e+00
    endloop
  endfacet
  facet normal  6.170211e-01 -4.255316e-01  6.619726e-01
    outer loop
      vertex -7.008728e+00  3.857166e+00 -6.413879e+00
      vertex -5.815552e+00  3.101628e+00 -8.011710e+00
      vertex -4.965791e+00  4.333782e+00 -8.011710e+00
    endloop
  endfacet
  facet normal  6.140511e-01 -4.436626e-01  6.527670e-01
    outer loop
      vertex -7.008728e+00  3.857166e+00 -6.413879e+00
      vertex -4.965791e+00  4.333782e+00 -8.011710e+00
      vertex -6.746119e+00  5.887522e+00 -5.280951e+00
    endloop
  endfacet
  facet normal  5.976506e-01 -4.482318e-01  6.647571e-01
    outer loop
      vertex -7.008728e+00  3.857166e+00 -6.413879e+00
      vertex -6.746119e+00  5.887522e+00 -5.280951e+00
      vertex -9.257333e+00  5.430213e+00 -3.331596e+00
    endloop
  endfacet
  facet normal  6.571171e-01 -3.620444e-01  6.611512e-01
    outer loop
      vertex -5.834199e+00  5.473766e+00 -6.413879e+00
      vertex -8.024332e+00  7.125627e+00 -3.332556e+00
      vertex -6.746119e+00  5.887522e+00 -5.280951e+00
    endloop
  endfacet
  facet normal  6.054503e-01 -4.545151e-01  6.533344e-01
    outer loop
      vertex -5.834199e+00  5.473766e+00 -6.413879e+00
      vertex -6.746119e+00  5.887522e+00 -5.280951e+00
      vertex -4.965791e+00  4.333782e+00 -8.011710e+00
    endloop
  endfacet
  facet normal  5.076297e-01 -5.466782e-01  6.659243e-01
    outer loop
      vertex -5.834199e+00  5.473766e+00 -6.413879e+00
      vertex -4.965791e+00  4.333782e+00 -8.011710e+00
      vertex -3.954576e+00  5.272768e+00 -8.011710e+00
    endloop
  endfacet
  facet normal  4.984363e-01 -5.651098e-01  6.574282e-01
    outer loop
      vertex -5.834199e+00  5.473766e+00 -6.413879e+00
      vertex -3.954576e+00  5.272768e+00 -8.011710e+00
      vertex -4.702282e+00  6.472136e+00 -6.413879e+00
    endloop
  endfacet
  facet normal  3.811867e-01 -6.448808e-01  6.624390e-01
    outer loop
      vertex -3.402995e+00  7.240140e+00 -6.413879e+00
      vertex -4.702282e+00  6.472136e+00 -6.413879e+00
      vertex -3.954576e+00  5.272768e+00 -8.011710e+00
    endloop
  endfacet
  facet normal  3.945184e-01 -6.434131e-01  6.560296e-01
    outer loop
      vertex -3.402995e+00  7.240140e+00 -6.413879e+00
      vertex -3.954576e+00  5.272768e+00 -8.011710e+00
      vertex -2.905866e+00  5.915800e+00 -8.011710e+00
    endloop
  endfacet
  facet normal  2.727576e-01 -6.973236e-01  6.628296e-01
    outer loop
      vertex -3.402995e+00  7.240140e+00 -6.413879e+00
      vertex -2.905866e+00  5.915800e+00 -8.011710e+00
      vertex -1.879137e+00  6.317404e+00 -8.011710e+00
    endloop
  endfacet
  facet normal  2.539655e-01 -7.127562e-01  6.538196e-01
    outer loop
      vertex -3.402995e+00  7.240140e+00 -6.413879e+00
      vertex -1.879137e+00  6.317404e+00 -8.011710e+00
      vertex -2.552843e+00  8.582310e+00 -5.280951e+00
    endloop
  endfacet
  facet normal  2.338858e-01 -7.093805e-01  6.648884e-01
    outer loop
      vertex -3.402995e+00  7.240140e+00 -6.413879e+00
      vertex -2.552843e+00  8.582310e+00 -5.280951e+00
      vertex -4.296839e+00  9.832425e+00 -3.333702e+00
    endloop
  endfacet
  facet normal  2.258847e-01 -7.120087e-01  6.648456e-01
    outer loop
      vertex -1.502567e+00  7.857626e+00 -6.413879e+00
      vertex -2.302217e+00  1.047719e+01 -3.336804e+00
      vertex -2.552843e+00  8.582310e+00 -5.280951e+00
    endloop
  endfacet
  facet normal  2.031664e-01 -7.284387e-01  6.542941e-01
    outer loop
      vertex -1.502567e+00  7.857626e+00 -6.413879e+00
      vertex -2.552843e+00  8.582310e+00 -5.280951e+00
      vertex -1.879137e+00  6.317404e+00 -8.011710e+00
    endloop
  endfacet
  facet normal  1.571959e-01 -7.292673e-01  6.659271e-01
    outer loop
      vertex -1.502567e+00  7.857626e+00 -6.413879e+00
      vertex -1.879137e+00  6.317404e+00 -8.011710e+00
      vertex -8.902819e-01  6.530555e+00 -8.011710e+00
    endloop
  endfacet
  facet normal  7.141471e-02 -7.536893e-01  6.533394e-01
    outer loop
      vertex -1.502567e+00  7.857626e+00 -6.413879e+00
      vertex -8.902819e-01  6.530555e+00 -8.011710e+00
      vertex  2.400646e-15  8.000000e+00 -6.413879e+00
    endloop
  endfacet
  facet normal  1.595672e-01 -5.926766e-02  9.854063e-01
    outer loop
      vertex  5.168751e-16  4.220745e+00 -9.223429e+00
      vertex  8.812476e-16  4.838500e+00 -9.186274e+00
      vertex -7.113296e-01  5.217872e+00 -9.048270e+00
    endloop
  endfacet
  facet normal  3.242731e-02 -1.504376e-01  9.880875e-01
    outer loop
      vertex  5.168751e-16  4.220745e+00 -9.223429e+00
      vertex -7.113296e-01  5.217872e+00 -9.048270e+00
      vertex -1.501419e+00  5.047565e+00 -9.048270e+00
    endloop
  endfacet
  facet normal  4.802703e-02 -1.227845e-01  9.912706e-01
    outer loop
      vertex  5.168751e-16  4.220745e+00 -9.223429e+00
      vertex -1.501419e+00  5.047565e+00 -9.048270e+00
      vertex -2.321769e+00  4.726686e+00 -9.048270e+00
    endloop
  endfacet
  facet normal  4.107132e-02 -1.533366e-01  9.873201e-01
    outer loop
      vertex  5.168751e-16  4.220745e+00 -9.223429e+00
      vertex -2.321769e+00  4.726686e+00 -9.048270e+00
      vertex -2.109700e+00  3.655660e+00 -9.223429e+00
    endloop
  endfacet
  facet normal  1.584505e-01 -4.253471e-02  9.864503e-01
    outer loop
      vertex -4.220744e+00  2.327527e-03 -9.223429e+00
      vertex -3.654496e+00  2.111716e+00 -9.223429e+00
      vertex -4.646589e+00  2.478181e+00 -9.048270e+00
    endloop
  endfacet
  facet normal  1.253886e-01 -4.853753e-02  9.909197e-01
    outer loop
      vertex -4.220744e+00  2.327527e-03 -9.223429e+00
      vertex -4.646589e+00  2.478181e+00 -9.048270e+00
      vertex -5.104100e+00  1.296279e+00 -9.048270e+00
    endloop
  endfacet
  facet normal  1.652590e-01 -2.065738e-02  9.860339e-01
    outer loop
      vertex -4.220744e+00  2.327527e-03 -9.223429e+00
      vertex -5.104100e+00  1.296279e+00 -9.048270e+00
      vertex -5.266135e+00 -1.138015e-12 -9.048270e+00
    endloop
  endfacet
  facet normal  1.651696e-01  2.064621e-02  9.860490e-01
    outer loop
      vertex -4.220744e+00  2.327527e-03 -9.223429e+00
      vertex -5.266135e+00 -1.138015e-12 -9.048270e+00
      vertex -5.104100e+00 -1.296279e+00 -9.048270e+00
    endloop
  endfacet
  facet normal  1.252285e-01  4.847557e-02  9.909430e-01
    outer loop
      vertex -4.220744e+00  2.327527e-03 -9.223429e+00
      vertex -5.104100e+00 -1.296279e+00 -9.048270e+00
      vertex -4.646589e+00 -2.478181e+00 -9.048270e+00
    endloop
  endfacet
  facet normal  1.586900e-01  4.241144e-02  9.864172e-01
    outer loop
      vertex -4.220744e+00  2.327527e-03 -9.223429e+00
      vertex -4.646589e+00 -2.478181e+00 -9.048270e+00
      vertex -3.656823e+00 -2.107684e+00 -9.223429e+00
    endloop
  endfacet
  facet normal  1.041454e-01  1.039733e-01  9.891124e-01
    outer loop
      vertex -2.113731e+00 -3.653331e+00 -9.223429e+00
      vertex -3.656823e+00 -2.107684e+00 -9.223429e+00
      vertex -3.967636e+00 -3.462664e+00 -9.048270e+00
    endloop
  endfacet
  facet normal  1.049767e-01  1.130518e-01  9.880279e-01
    outer loop
      vertex -2.113731e+00 -3.653331e+00 -9.223429e+00
      vertex -3.967636e+00 -3.462664e+00 -9.048270e+00
      vertex -3.159681e+00 -4.212908e+00 -9.048270e+00
    endloop
  endfacet
  facet normal  8.815172e-02  1.437650e-01  9.856778e-01
    outer loop
      vertex -2.113731e+00 -3.653331e+00 -9.223429e+00
      vertex -3.159681e+00 -4.212908e+00 -9.048270e+00
      vertex -2.321769e+00 -4.726686e+00 -9.048270e+00
    endloop
  endfacet
  facet normal  5.856086e-02  1.497150e-01  9.869935e-01
    outer loop
      vertex -2.113731e+00 -3.653331e+00 -9.223429e+00
      vertex -2.321769e+00 -4.726686e+00 -9.048270e+00
      vertex -1.501419e+00 -5.047565e+00 -9.048270e+00
    endloop
  endfacet
  facet normal  2.961477e-02  1.373896e-01  9.900742e-01
    outer loop
      vertex -2.113731e+00 -3.653331e+00 -9.223429e+00
      vertex -1.501419e+00 -5.047565e+00 -9.048270e+00
      vertex -7.113296e-01 -5.217872e+00 -9.048270e+00
    endloop
  endfacet
  facet normal  8.885583e-02  1.891310e-01  9.779234e-01
    outer loop
      vertex -2.113731e+00 -3.653331e+00 -9.223429e+00
      vertex -7.113296e-01 -5.217872e+00 -9.048270e+00
      vertex -1.800371e-16 -4.838500e+00 -9.186274e+00
    endloop
  endfacet
  facet normal  1.611433e-02  6.002912e-02  9.980666e-01
    outer loop
      vertex -2.113731e+00 -3.653331e+00 -9.223429e+00
      vertex -1.800371e-16 -4.838500e+00 -9.186274e+00
      vertex -1.058105e-15 -4.220745e+00 -9.223429e+00
    endloop
  endfacet
  facet normal  3.182876e-02 -9.795883e-02  9.946813e-01
    outer loop
      vertex -4.598530e+00  1.799965e+01 -5.540140e-15
      vertex -6.859648e+00  1.726497e+01 -6.511398e-15
      vertex -4.656065e+00  1.565306e+01 -2.292574e-01
    endloop
  endfacet
  facet normal -9.281905e-03 -1.532304e-01  9.881470e-01
    outer loop
      vertex -4.656065e+00  1.565306e+01 -2.292574e-01
      vertex -6.859648e+00  1.726497e+01 -6.511398e-15
      vertex -5.823741e+00  1.426067e+01 -4.561401e-01
    endloop
  endfacet
  facet normal  1.255442e-01 -2.612351e-01  9.570763e-01
    outer loop
      vertex -4.656065e+00  1.565306e+01 -2.292574e-01
      vertex -5.823741e+00  1.426067e+01 -4.561401e-01
      vertex -4.113466e+00  1.382891e+01 -7.983354e-01
    endloop
  endfacet
  facet normal  1.148025e-01 -8.340890e-02  9.898805e-01
    outer loop
      vertex -1.430022e+01  1.185907e+01 -4.715557e-15
      vertex -1.569766e+01  9.935651e+00 -5.820355e-15
      vertex -1.176655e+01  9.948112e+00 -4.548653e-01
    endloop
  endfacet
  facet normal  1.148033e-01 -8.329488e-02  9.898900e-01
    outer loop
      vertex -1.176655e+01  9.948112e+00 -4.548653e-01
      vertex -1.569766e+01  9.935651e+00 -5.820355e-15
      vertex -1.309845e+01  8.117326e+00 -4.544502e-01
    endloop
  endfacet
  facet normal  3.257754e-01 -2.367940e-01  9.153136e-01
    outer loop
      vertex -1.176655e+01  9.948112e+00 -4.548653e-01
      vertex -1.309845e+01  8.117326e+00 -4.544502e-01
      vertex -9.877520e+00  8.523336e+00 -1.495796e+00
    endloop
  endfacet
  facet normal  3.257713e-01 -2.366865e-01  9.153429e-01
    outer loop
      vertex -9.877520e+00  8.523336e+00 -1.495796e+00
      vertex -1.309845e+01  8.117326e+00 -4.544502e-01
      vertex -1.115850e+01  6.760219e+00 -1.495797e+00
    endloop
  endfacet
  facet normal  4.808147e-01 -3.493319e-01  8.042291e-01
    outer loop
      vertex -9.877520e+00  8.523336e+00 -1.495796e+00
      vertex -1.115850e+01  6.760219e+00 -1.495797e+00
      vertex -8.583760e+00  7.491282e+00 -2.717573e+00
    endloop
  endfacet
  facet normal  4.828500e-01 -3.912046e-01  7.834634e-01
    outer loop
      vertex -8.583760e+00  7.491282e+00 -2.717573e+00
      vertex -1.115850e+01  6.760219e+00 -1.495797e+00
      vertex -9.257333e+00  5.430213e+00 -3.331596e+00
    endloop
  endfacet
  facet normal  6.059505e-01 -4.024550e-01  6.861881e-01
    outer loop
      vertex -8.583760e+00  7.491282e+00 -2.717573e+00
      vertex -9.257333e+00  5.430213e+00 -3.331596e+00
      vertex -6.746119e+00  5.887522e+00 -5.280951e+00
    endloop
  endfacet
  facet normal  1.040646e-01 -1.041220e-01  9.891052e-01
    outer loop
      vertex -3.654496e+00  2.111716e+00 -9.223429e+00
      vertex -2.109700e+00  3.655660e+00 -9.223429e+00
      vertex -3.967636e+00  3.462664e+00 -9.048270e+00
    endloop
  endfacet
  facet normal  1.048821e-01 -1.129500e-01  9.880496e-01
    outer loop
      vertex -3.967636e+00  3.462664e+00 -9.048270e+00
      vertex -2.109700e+00  3.655660e+00 -9.223429e+00
      vertex -3.159681e+00  4.212908e+00 -9.048270e+00
    endloop
  endfacet
  facet normal  4.207350e-01 -4.530992e-01  7.859282e-01
    outer loop
      vertex -3.967636e+00  3.462664e+00 -9.048270e+00
      vertex -3.159681e+00  4.212908e+00 -9.048270e+00
      vertex -4.965791e+00  4.333782e+00 -8.011710e+00
    endloop
  endfacet
  facet normal  4.207349e-01 -4.530993e-01  7.859281e-01
    outer loop
      vertex -4.965791e+00  4.333782e+00 -8.011710e+00
      vertex -3.159681e+00  4.212908e+00 -9.048270e+00
      vertex -3.954576e+00  5.272768e+00 -8.011710e+00
    endloop
  endfacet
  facet normal  1.032362e-01  8.282187e-08  9.946569e-01
    outer loop
      vertex -1.853971e+01  1.188735e+00 -3.549074e-15
      vertex -1.853971e+01 -1.188745e+00 -4.771493e-15
      vertex -1.633086e+01 -1.135568e-12 -2.292574e-01
    endloop
  endfacet
  facet normal  1.427152e-01 -7.484723e-02  9.869297e-01
    outer loop
      vertex -1.633086e+01 -1.135568e-12 -2.292574e-01
      vertex -1.853971e+01 -1.188745e+00 -4.771493e-15
      vertex -1.536893e+01 -1.132034e+00 -4.542091e-01
    endloop
  endfacet
  facet normal  2.860853e-01  5.297887e-02  9.567385e-01
    outer loop
      vertex -1.633086e+01 -1.135568e-12 -2.292574e-01
      vertex -1.536893e+01 -1.132034e+00 -4.542091e-01
      vertex -1.442773e+01 -1.135997e-12 -7.983354e-01
    endloop
  endfacet
  facet normal  1.284000e-01  7.967412e-01  5.905225e-01
    outer loop
      vertex -8.024330e+00 -7.125628e+00 -3.332556e+00
      vertex -6.746119e+00 -5.887522e+00 -5.280951e+00
      vertex -8.583760e+00 -7.491282e+00 -2.717573e+00
    endloop
  endfacet
  facet normal  6.059503e-01  4.024552e-01  6.861881e-01
    outer loop
      vertex -8.583760e+00 -7.491282e+00 -2.717573e+00
      vertex -6.746119e+00 -5.887522e+00 -5.280951e+00
      vertex -9.257332e+00 -5.430216e+00 -3.331596e+00
    endloop
  endfacet
  facet normal  4.508845e-01  3.869759e-01  8.043337e-01
    outer loop
      vertex -8.583760e+00 -7.491282e+00 -2.717573e+00
      vertex -9.257332e+00 -5.430216e+00 -3.331596e+00
      vertex -9.877516e+00 -8.523339e+00 -1.495797e+00
    endloop
  endfacet
  facet normal  5.020356e-01  3.647505e-01  7.841666e-01
    outer loop
      vertex -9.877516e+00 -8.523339e+00 -1.495797e+00
      vertex -9.257332e+00 -5.430216e+00 -3.331596e+00
      vertex -1.115850e+01 -6.760223e+00 -1.495796e+00
    endloop
  endfacet
  facet normal  3.258259e-01  2.367266e-01  9.153130e-01
    outer loop
      vertex -9.877516e+00 -8.523339e+00 -1.495797e+00
      vertex -1.115850e+01 -6.760223e+00 -1.495796e+00
      vertex -1.176655e+01 -9.948117e+00 -4.548654e-01
    endloop
  endfacet
  facet normal  3.257225e-01  2.367558e-01  9.153423e-01
    outer loop
      vertex -1.176655e+01 -9.948117e+00 -4.548654e-01
      vertex -1.115850e+01 -6.760223e+00 -1.495796e+00
      vertex -1.309844e+01 -8.117332e+00 -4.544501e-01
    endloop
  endfacet
  facet normal  1.148582e-01  8.333497e-02  9.898803e-01
    outer loop
      vertex -1.176655e+01 -9.948117e+00 -4.548654e-01
      vertex -1.309844e+01 -8.117332e+00 -4.544501e-01
      vertex -1.430021e+01 -1.185908e+01 -3.765442e-15
    endloop
  endfacet
  facet normal  1.147501e-01  8.337085e-02  9.898897e-01
    outer loop
      vertex -1.430021e+01 -1.185908e+01 -3.765442e-15
      vertex -1.309844e+01 -8.117332e+00 -4.544501e-01
      vertex -1.569766e+01 -9.935659e+00 -3.277324e-15
    endloop
  endfacet
  facet normal  3.182875e-02  9.795880e-02  9.946813e-01
    outer loop
      vertex -6.859639e+00 -1.726497e+01 -1.824193e-15
      vertex -4.598520e+00 -1.799965e+01 -3.186480e-15
      vertex -4.656065e+00 -1.565306e+01 -2.292574e-01
    endloop
  endfacet
  facet normal  1.568381e-01  9.984060e-02  9.825648e-01
    outer loop
      vertex -4.656065e+00 -1.565306e+01 -2.292574e-01
      vertex -4.598520e+00 -1.799965e+01 -3.186480e-15
      vertex -3.669149e+00 -1.495513e+01 -4.577082e-01
    endloop
  endfacet
  facet normal  1.314345e-02  2.942231e-01  9.556464e-01
    outer loop
      vertex -4.656065e+00 -1.565306e+01 -2.292574e-01
      vertex -3.669149e+00 -1.495513e+01 -4.577082e-01
      vertex -4.113466e+00 -1.382891e+01 -7.983354e-01
    endloop
  endfacet
  facet normal  4.503074e-02  6.636899e-01  7.466512e-01
    outer loop
      vertex -1.875038e-15 -6.590960e+00 -8.011710e+00
      vertex -6.303119e-16 -5.663187e+00 -8.836397e+00
      vertex -8.902819e-01 -6.530555e+00 -8.011710e+00
    endloop
  endfacet
  facet normal  1.423285e-01  6.013967e-01  7.861709e-01
    outer loop
      vertex -8.902819e-01 -6.530555e+00 -8.011710e+00
      vertex -6.303119e-16 -5.663187e+00 -8.836397e+00
      vertex -7.113296e-01 -5.217872e+00 -9.048270e+00
    endloop
  endfacet
  facet normal  1.300822e-01  6.034805e-01  7.866956e-01
    outer loop
      vertex -8.902819e-01 -6.530555e+00 -8.011710e+00
      vertex -7.113296e-01 -5.217872e+00 -9.048270e+00
      vertex -1.879137e+00 -6.317404e+00 -8.011710e+00
    endloop
  endfacet
  facet normal  1.300821e-01  6.034806e-01  7.866955e-01
    outer loop
      vertex -1.879137e+00 -6.317404e+00 -8.011710e+00
      vertex -7.113296e-01 -5.217872e+00 -9.048270e+00
      vertex -1.501419e+00 -5.047565e+00 -9.048270e+00
    endloop
  endfacet
  facet normal  2.249589e-01  5.751228e-01  7.865286e-01
    outer loop
      vertex -1.879137e+00 -6.317404e+00 -8.011710e+00
      vertex -1.501419e+00 -5.047565e+00 -9.048270e+00
      vertex -2.905866e+00 -5.915800e+00 -8.011710e+00
    endloop
  endfacet
  facet normal  2.249588e-01  5.751230e-01  7.865285e-01
    outer loop
      vertex -2.905866e+00 -5.915800e+00 -8.011710e+00
      vertex -1.501419e+00 -5.047565e+00 -9.048270e+00
      vertex -2.321769e+00 -4.726686e+00 -9.048270e+00
    endloop
  endfacet
  facet normal  3.229829e-01  5.267470e-01  7.862694e-01
    outer loop
      vertex -2.905866e+00 -5.915800e+00 -8.011710e+00
      vertex -2.321769e+00 -4.726686e+00 -9.048270e+00
      vertex -3.954576e+00 -5.272768e+00 -8.011710e+00
    endloop
  endfacet
  facet normal  3.229830e-01  5.267470e-01  7.862695e-01
    outer loop
      vertex -3.954576e+00 -5.272768e+00 -8.011710e+00
      vertex -2.321769e+00 -4.726686e+00 -9.048270e+00
      vertex -3.159681e+00 -4.212908e+00 -9.048270e+00
    endloop
  endfacet
  facet normal  4.207349e-01  4.530993e-01  7.859281e-01
    outer loop
      vertex -3.954576e+00 -5.272768e+00 -8.011710e+00
      vertex -3.159681e+00 -4.212908e+00 -9.048270e+00
      vertex -4.965791e+00 -4.333782e+00 -8.011710e+00
    endloop
  endfacet
  facet normal  4.207350e-01  4.530992e-01  7.859282e-01
    outer loop
      vertex -4.965791e+00 -4.333782e+00 -8.011710e+00
      vertex -3.159681e+00 -4.212908e+00 -9.048270e+00
      vertex -3.967636e+00 -3.462664e+00 -9.048270e+00
    endloop
  endfacet
  facet normal  5.093148e-01  3.512515e-01  7.856340e-01
    outer loop
      vertex -4.965791e+00 -4.333782e+00 -8.011710e+00
      vertex -3.967636e+00 -3.462664e+00 -9.048270e+00
      vertex -5.815552e+00 -3.101628e+00 -8.011710e+00
    endloop
  endfacet
  facet normal  5.093148e-01  3.512515e-01  7.856340e-01
    outer loop
      vertex -5.815552e+00 -3.101628e+00 -8.011710e+00
      vertex -3.967636e+00 -3.462664e+00 -9.048270e+00
      vertex -4.646589e+00 -2.478181e+00 -9.048270e+00
    endloop
  endfacet
  facet normal  5.772584e-01  2.234550e-01  7.853920e-01
    outer loop
      vertex -5.815552e+00 -3.101628e+00 -8.011710e+00
      vertex -4.646589e+00 -2.478181e+00 -9.048270e+00
      vertex -6.388161e+00 -1.622390e+00 -8.011710e+00
    endloop
  endfacet
  facet normal  5.772584e-01  2.234550e-01  7.853920e-01
    outer loop
      vertex -6.388161e+00 -1.622390e+00 -8.011710e+00
      vertex -4.646589e+00 -2.478181e+00 -9.048270e+00
      vertex -5.104100e+00 -1.296279e+00 -9.048270e+00
    endloop
  endfacet
  facet normal  6.143926e-01  7.679912e-02  7.852538e-01
    outer loop
      vertex -6.388161e+00 -1.622390e+00 -8.011710e+00
      vertex -5.104100e+00 -1.296279e+00 -9.048270e+00
      vertex -6.590960e+00 -1.137663e-12 -8.011710e+00
    endloop
  endfacet
  facet normal  6.143927e-01  7.679912e-02  7.852538e-01
    outer loop
      vertex -6.590960e+00 -1.137663e-12 -8.011710e+00
      vertex -5.104100e+00 -1.296279e+00 -9.048270e+00
      vertex -5.266135e+00 -1.138015e-12 -9.048270e+00
    endloop
  endfacet
  facet normal  6.143927e-01 -7.679912e-02  7.852538e-01
    outer loop
      vertex -6.590960e+00 -1.137663e-12 -8.011710e+00
      vertex -5.266135e+00 -1.138015e-12 -9.048270e+00
      vertex -6.388161e+00  1.622390e+00 -8.011710e+00
    endloop
  endfacet
  facet normal  6.143928e-01 -7.679912e-02  7.852538e-01
    outer loop
      vertex -6.388161e+00  1.622390e+00 -8.011710e+00
      vertex -5.266135e+00 -1.138015e-12 -9.048270e+00
      vertex -5.104100e+00  1.296279e+00 -9.048270e+00
    endloop
  endfacet
  facet normal  5.772584e-01 -2.234550e-01  7.853920e-01
    outer loop
      vertex -6.388161e+00  1.622390e+00 -8.011710e+00
      vertex -5.104100e+00  1.296279e+00 -9.048270e+00
      vertex -5.815552e+00  3.101628e+00 -8.011710e+00
    endloop
  endfacet
  facet normal  5.772584e-01 -2.234550e-01  7.853920e-01
    outer loop
      vertex -5.815552e+00  3.101628e+00 -8.011710e+00
      vertex -5.104100e+00  1.296279e+00 -9.048270e+00
      vertex -4.646589e+00  2.478181e+00 -9.048270e+00
    endloop
  endfacet
  facet normal  5.093149e-01 -3.512515e-01  7.856340e-01
    outer loop
      vertex -5.815552e+00  3.101628e+00 -8.011710e+00
      vertex -4.646589e+00  2.478181e+00 -9.048270e+00
      vertex -4.965791e+00  4.333782e+00 -8.011710e+00
    endloop
  endfacet
  facet normal  5.093148e-01 -3.512515e-01  7.856340e-01
    outer loop
      vertex -4.965791e+00  4.333782e+00 -8.011710e+00
      vertex -4.646589e+00  2.478181e+00 -9.048270e+00
      vertex -3.967636e+00  3.462664e+00 -9.048270e+00
    endloop
  endfacet
  facet normal  3.229828e-01 -5.267470e-01  7.862693e-01
    outer loop
      vertex -3.954576e+00  5.272768e+00 -8.011710e+00
      vertex -3.159681e+00  4.212908e+00 -9.048270e+00
      vertex -2.905866e+00  5.915800e+00 -8.011710e+00
    endloop
  endfacet
  facet normal  3.229830e-01 -5.267471e-01  7.862694e-01
    outer loop
      vertex -2.905866e+00  5.915800e+00 -8.011710e+00
      vertex -3.159681e+00  4.212908e+00 -9.048270e+00
      vertex -2.321769e+00  4.726686e+00 -9.048270e+00
    endloop
  endfacet
  facet normal  2.249589e-01 -5.751228e-01  7.865285e-01
    outer loop
      vertex -2.905866e+00  5.915800e+00 -8.011710e+00
      vertex -2.321769e+00  4.726686e+00 -9.048270e+00
      vertex -1.879137e+00  6.317404e+00 -8.011710e+00
    endloop
  endfacet
  facet normal  2.249587e-01 -5.751229e-01  7.865286e-01
    outer loop
      vertex -1.879137e+00  6.317404e+00 -8.011710e+00
      vertex -2.321769e+00  4.726686e+00 -9.048270e+00
      vertex -1.501419e+00  5.047565e+00 -9.048270e+00
    endloop
  endfacet
  facet normal  1.300822e-01 -6.034805e-01  7.866955e-01
    outer loop
      vertex -1.879137e+00  6.317404e+00 -8.011710e+00
      vertex -1.501419e+00  5.047565e+00 -9.048270e+00
      vertex -8.902819e-01  6.530555e+00 -8.011710e+00
    endloop
  endfacet
  facet normal  1.300821e-01 -6.034805e-01  7.866955e-01
    outer loop
      vertex -8.902819e-01  6.530555e+00 -8.011710e+00
      vertex -1.501419e+00  5.047565e+00 -9.048270e+00
      vertex -7.113296e-01  5.217872e+00 -9.048270e+00
    endloop
  endfacet
  facet normal  4.177299e-02 -6.156747e-01  7.868924e-01
    outer loop
      vertex -8.902819e-01  6.530555e+00 -8.011710e+00
      vertex -7.113296e-01  5.217872e+00 -9.048270e+00
      vertex  4.738771e-16  6.590960e+00 -8.011710e+00
    endloop
  endfacet
  facet normal  1.897804e-01 -6.522900e-01  7.338264e-01
    outer loop
      vertex  4.738771e-16  6.590960e+00 -8.011710e+00
      vertex -7.113296e-01  5.217872e+00 -9.048270e+00
      vertex  1.605169e-15  5.663187e+00 -8.836397e+00
    endloop
  endfacet
  facet normal  2.885419e-01 -6.671767e-01  6.867451e-01
    outer loop
      vertex -4.296839e+00  9.832425e+00 -3.333702e+00
      vertex -2.552843e+00  8.582310e+00 -5.280951e+00
      vertex -3.248236e+00  1.092013e+01 -2.717573e+00
    endloop
  endfacet
  facet normal  1.125285e-01 -7.187859e-01  6.860642e-01
    outer loop
      vertex -3.248236e+00  1.092013e+01 -2.717573e+00
      vertex -2.552843e+00  8.582310e+00 -5.280951e+00
      vertex -2.302217e+00  1.047719e+01 -3.336804e+00
    endloop
  endfacet
  facet normal  2.617142e-01 -5.498950e-01  7.931716e-01
    outer loop
      vertex -3.248236e+00  1.092013e+01 -2.717573e+00
      vertex -2.302217e+00  1.047719e+01 -3.336804e+00
      vertex -3.650362e+00  1.227202e+01 -1.647639e+00
    endloop
  endfacet
  facet normal  1.993946e-01 -5.879873e-01  7.839086e-01
    outer loop
      vertex -3.650362e+00  1.227202e+01 -1.647639e+00
      vertex -2.302217e+00  1.047719e+01 -3.336804e+00
      vertex -2.981190e+00  1.270138e+01 -1.495796e+00
    endloop
  endfacet
  facet normal  9.152890e-02 -4.557621e-01  8.853831e-01
    outer loop
      vertex -3.650362e+00  1.227202e+01 -1.647639e+00
      vertex -2.981190e+00  1.270138e+01 -1.495796e+00
      vertex -4.113466e+00  1.382891e+01 -7.983354e-01
    endloop
  endfacet
  facet normal  2.059346e-01 -3.568354e-01  9.111857e-01
    outer loop
      vertex -4.113466e+00  1.382891e+01 -7.983354e-01
      vertex -2.981190e+00  1.270138e+01 -1.495796e+00
      vertex -3.669156e+00  1.495513e+01 -4.577081e-01
    endloop
  endfacet
  facet normal  1.314281e-02 -2.942233e-01  9.556463e-01
    outer loop
      vertex -4.113466e+00  1.382891e+01 -7.983354e-01
      vertex -3.669156e+00  1.495513e+01 -4.577081e-01
      vertex -4.656065e+00  1.565306e+01 -2.292574e-01
    endloop
  endfacet
  facet normal  1.620157e-01 -5.999733e-01  7.834430e-01
    outer loop
      vertex -4.296839e+00  9.832425e+00 -3.333702e+00
      vertex -3.248236e+00  1.092013e+01 -2.717573e+00
      vertex -5.053858e+00  1.202793e+01 -1.495797e+00
    endloop
  endfacet
  facet normal  1.862012e-01 -5.750865e-01  7.966208e-01
    outer loop
      vertex -5.053858e+00  1.202793e+01 -1.495797e+00
      vertex -3.248236e+00  1.092013e+01 -2.717573e+00
      vertex -3.650362e+00  1.227202e+01 -1.647639e+00
    endloop
  endfacet
  facet normal  1.632485e-01 -3.696412e-01  9.147214e-01
    outer loop
      vertex -5.053858e+00  1.202793e+01 -1.495797e+00
      vertex -3.650362e+00  1.227202e+01 -1.647639e+00
      vertex -5.823741e+00  1.426067e+01 -4.561401e-01
    endloop
  endfacet
  facet normal  5.958450e-02 -4.643236e-01  8.836591e-01
    outer loop
      vertex -5.823741e+00  1.426067e+01 -4.561401e-01
      vertex -3.650362e+00  1.227202e+01 -1.647639e+00
      vertex -4.113466e+00  1.382891e+01 -7.983354e-01
    endloop
  endfacet
  facet normal  7.216562e-01  8.784926e-02  6.866547e-01
    outer loop
      vertex -1.068129e+01 -1.048192e+00 -3.331446e+00
      vertex -8.953940e+00 -1.137271e-12 -5.280951e+00
      vertex -1.139299e+01 -1.136719e-12 -2.717573e+00
    endloop
  endfacet
  facet normal  7.216563e-01 -8.784901e-02  6.866547e-01
    outer loop
      vertex -1.139299e+01 -1.136719e-12 -2.717573e+00
      vertex -8.953940e+00 -1.137271e-12 -5.280951e+00
      vertex -1.068129e+01  1.048189e+00 -3.331445e+00
    endloop
  endfacet
  facet normal  6.034154e-01  5.614861e-02  7.954477e-01
    outer loop
      vertex -1.139299e+01 -1.136719e-12 -2.717573e+00
      vertex -1.068129e+01  1.048189e+00 -3.331445e+00
      vertex -1.280342e+01 -1.136380e-12 -1.647639e+00
    endloop
  endfacet
  facet normal  6.205767e-01  3.238174e-03  7.841390e-01
    outer loop
      vertex -1.280342e+01 -1.136380e-12 -1.647639e+00
      vertex -1.068129e+01  1.048189e+00 -3.331445e+00
      vertex -1.300097e+01  1.089664e+00 -1.495796e+00
    endloop
  endfacet
  facet normal  4.629938e-01 -3.945268e-02  8.854831e-01
    outer loop
      vertex -1.280342e+01 -1.136380e-12 -1.647639e+00
      vertex -1.300097e+01  1.089664e+00 -1.495796e+00
      vertex -1.442773e+01 -1.135997e-12 -7.983354e-01
    endloop
  endfacet
  facet normal  4.028337e-01  5.723932e-02  9.134816e-01
    outer loop
      vertex -1.442773e+01 -1.135997e-12 -7.983354e-01
      vertex -1.300097e+01  1.089664e+00 -1.495796e+00
      vertex -1.536894e+01  1.132027e+00 -4.542091e-01
    endloop
  endfacet
  facet normal  2.860853e-01 -5.297901e-02  9.567384e-01
    outer loop
      vertex -1.442773e+01 -1.135997e-12 -7.983354e-01
      vertex -1.536894e+01  1.132027e+00 -4.542091e-01
      vertex -1.633086e+01 -1.135568e-12 -2.292574e-01
    endloop
  endfacet
  facet normal  6.205210e-01 -3.741753e-02  7.832966e-01
    outer loop
      vertex -1.068129e+01 -1.048192e+00 -3.331446e+00
      vertex -1.139299e+01 -1.136719e-12 -2.717573e+00
      vertex -1.300097e+01 -1.089669e+00 -1.495797e+00
    endloop
  endfacet
  facet normal  6.043682e-01  1.451001e-03  7.967037e-01
    outer loop
      vertex -1.300097e+01 -1.089669e+00 -1.495797e+00
      vertex -1.139299e+01 -1.136719e-12 -2.717573e+00
      vertex -1.280342e+01 -1.136380e-12 -1.647639e+00
    endloop
  endfacet
  facet normal  4.012142e-01  5.467517e-02  9.143511e-01
    outer loop
      vertex -1.300097e+01 -1.089669e+00 -1.495797e+00
      vertex -1.280342e+01 -1.136380e-12 -1.647639e+00
      vertex -1.536893e+01 -1.132034e+00 -4.542091e-01
    endloop
  endfacet
  facet normal  4.602757e-01 -1.150891e-01  8.802845e-01
    outer loop
      vertex -1.536893e+01 -1.132034e+00 -4.542091e-01
      vertex -1.280342e+01 -1.136380e-12 -1.647639e+00
      vertex -1.442773e+01 -1.135997e-12 -7.983354e-01
    endloop
  endfacet
  facet normal  1.125292e-01  7.187858e-01  6.860642e-01
    outer loop
      vertex -2.302214e+00 -1.047719e+01 -3.336804e+00
      vertex -2.552843e+00 -8.582310e+00 -5.280951e+00
      vertex -3.248236e+00 -1.092013e+01 -2.717573e+00
    endloop
  endfacet
  facet normal  2.885420e-01  6.671767e-01  6.867452e-01
    outer loop
      vertex -3.248236e+00 -1.092013e+01 -2.717573e+00
      vertex -2.552843e+00 -8.582310e+00 -5.280951e+00
      vertex -4.296837e+00 -9.832426e+00 -3.333702e+00
    endloop
  endfacet
  facet normal  1.420177e-01  5.879823e-01  7.963089e-01
    outer loop
      vertex -3.248236e+00 -1.092013e+01 -2.717573e+00
      vertex -4.296837e+00 -9.832426e+00 -3.333702e+00
      vertex -3.650362e+00 -1.227202e+01 -1.647639e+00
    endloop
  endfacet
  facet normal  1.877175e-01  5.916239e-01  7.840557e-01
    outer loop
      vertex -3.650362e+00 -1.227202e+01 -1.647639e+00
      vertex -4.296837e+00 -9.832426e+00 -3.333702e+00
      vertex -5.053853e+00 -1.202794e+01 -1.495796e+00
    endloop
  endfacet
  facet normal  1.709548e-01  4.321679e-01  8.854407e-01
    outer loop
      vertex -3.650362e+00 -1.227202e+01 -1.647639e+00
      vertex -5.053853e+00 -1.202794e+01 -1.495796e+00
      vertex -4.113466e+00 -1.382891e+01 -7.983354e-01
    endloop
  endfacet
  facet normal  8.262766e-02  3.971226e-01  9.140385e-01
    outer loop
      vertex -4.113466e+00 -1.382891e+01 -7.983354e-01
      vertex -5.053853e+00 -1.202794e+01 -1.495796e+00
      vertex -5.823734e+00 -1.426068e+01 -4.561400e-01
    endloop
  endfacet
  facet normal  1.255443e-01  2.612351e-01  9.570761e-01
    outer loop
      vertex -4.113466e+00 -1.382891e+01 -7.983354e-01
      vertex -5.823734e+00 -1.426068e+01 -4.561400e-01
      vertex -4.656065e+00 -1.565306e+01 -2.292574e-01
    endloop
  endfacet
  facet normal  2.437382e-01  5.731631e-01  7.823527e-01
    outer loop
      vertex -2.302214e+00 -1.047719e+01 -3.336804e+00
      vertex -3.248236e+00 -1.092013e+01 -2.717573e+00
      vertex -2.981185e+00 -1.270138e+01 -1.495797e+00
    endloop
  endfacet
  facet normal  1.879016e-01  5.745634e-01  7.965989e-01
    outer loop
      vertex -2.981185e+00 -1.270138e+01 -1.495797e+00
      vertex -3.248236e+00 -1.092013e+01 -2.717573e+00
      vertex -3.650362e+00 -1.227202e+01 -1.647639e+00
    endloop
  endfacet
  facet normal  5.239749e-02  4.045461e-01  9.130152e-01
    outer loop
      vertex -2.981185e+00 -1.270138e+01 -1.495797e+00
      vertex -3.650362e+00 -1.227202e+01 -1.647639e+00
      vertex -3.669149e+00 -1.495513e+01 -4.577082e-01
    endloop
  endfacet
  facet normal  3.059734e-01  3.841751e-01  8.710854e-01
    outer loop
      vertex -3.669149e+00 -1.495513e+01 -4.577082e-01
      vertex -3.650362e+00 -1.227202e+01 -1.647639e+00
      vertex -4.113466e+00 -1.382891e+01 -7.983354e-01
    endloop
  endfacet
endsolid CATIA STL
