time,x_ref,y_ref,z_ref,vx_ref,vy_ref,vz_ref,ax_ref,ay_ref,az_ref,jx_ref,jy_ref,jz_ref,yaw_ref
0.0,0.0,0.0,1.5,0.0,-0.0,0.0,0.0,-0.0,0.0,4.083825356077754,-1.750210866890466,0.0,0.0
0.02,5.401266808851254e-06,-2.314828632364823e-06,1.5,0.0008080030632193271,-0.0003462870270939973,0.0,0.0803633872190199,-0.03444145166529424,0.0,3.9527496252039063,-1.694035553658817,0.0,-0.40489178628508343
0.04,4.286097720348726e-05,-1.8368990230065965e-05,1.5,0.003197153228396152,-0.001370208526455494,0.0,0.15811943538334322,-0.06776547230714709,0.0,3.8230914506080977,-1.6384677645463275,0.0,-0.4048917862850835
0.06,0.00014348249548715592,-6.149249806592397e-05,1.5,0.007115587225692148,-0.0030495373824394917,0.0,0.2332964956185307,-0.09998421240794171,0.0,3.6948508322903275,-1.5835074995529974,0.0,-0.4048917862850834
0.08,0.0003373375907914513,-0.00014457325319633627,1.5,0.012512008807780216,-0.005362289489048664,0.0,0.30592291905014324,-0.1311098224500614,0.0,3.568027770250595,-1.5291547586788263,0.0,-0.40489178628508343
0.1,0.0006534777775265366,-0.00028006190465422996,1.5,0.01933568874984445,-0.008286723749933337,0.0,0.37602705680374143,-0.1611544529158892,0.0,3.4426222644889024,-1.4754095419238153,0.0,-0.4048917862850835
0.12,0.0011199456558313697,-0.0004799767096420155,1.5,0.02753646484958018,-0.011801342078391504,0.0,0.4436372600048861,-0.19013025428780836,0.0,3.318634315005247,-1.4222718492879631,0.0,-0.4048917862850834
0.14,0.0017637862520239287,-0.0007559083937245408,1.5,0.03706474192719396,-0.01588488939736884,0.0,0.5087818797791384,-0.21804937704820213,0.0,3.1960639217996305,-1.3697416807712701,0.0,-0.4048917862850834
0.16,0.0026110583590514313,-0.001119025011022042,1.5,0.047871491825403505,-0.020516353639458643,0.0,0.5714892672520585,-0.24492397167945365,0.0,3.074911084872053,-1.317819036373737,0.0,-0.4048917862850834
0.18,0.0036868458769405634,-0.0015800768044030985,1.5,0.05990825340943781,-0.02567496574690192,0.0,0.6317877735492075,-0.27076618866394603,0.0,2.9551758042225136,-1.2665039160953628,0.0,-0.40489178628508343
0.2,0.005015269153247709,-0.0021494010656775897,1.5,0.07312713256703705,-0.03134019967158731,0.0,0.6897057497961459,-0.2955881784840625,0.0,2.8368580798510123,-1.2157963199361483,0.0,-0.4048917862850835
0.22,0.006619496323509152,-0.0028369269957896365,1.5,0.08748080220845265,-0.037491772375051136,0.0,0.7452715471184348,-0.31940209162218636,0.0,2.7199579117575508,-1.165696247896093,0.0,-0.4048917862850834
0.24,0.008521754651691334,-0.003652180565010572,1.5,0.10292250226644717,-0.04410964382847736,0.0,0.7985135166416347,-0.34222007856070064,0.0,2.604475299942126,-1.116203699975197,0.0,-0.40489178628508343
0.26,0.010743341870641056,-0.004604289373131881,1.5,0.11940603969629451,-0.051174017012697644,0.0,0.8494600094913066,-0.36405428978198856,0.0,2.490410244404741,-1.0673186761734603,0.0,-0.4048917862850834
0.28,0.013304637522535703,-0.005701987509658159,1.5,0.1368857884757797,-0.0586653379181913,0.0,0.8981393767930114,-0.3849168757684335,0.0,2.377762745145393,-1.0190411764908829,0.0,-0.40489178628508343
0.3,0.016225114299333467,-0.006953620414000057,1.5,0.15531668960519893,-0.06656429554508525,0.0,0.9445799696723094,-0.4048199870024183,0.0,2.266532802164085,-0.9713712009274652,0.0,-0.4048917862850834
0.32,0.019523349383223604,-0.008367149735667259,1.5,0.17465425110735983,-0.07485182190315422,0.0,0.9888101392547618,-0.4237757739663265,0.0,2.1567204154608155,-0.9243087494832065,0.0,-0.40489178628508343
0.34,0.023217035787076592,-0.009950158194461396,1.5,0.19485454802758082,-0.08350909201182034,0.0,1.030858236665929,-0.441796387142541,0.0,2.0483255850355837,-0.8778538221581074,0.0,-0.4048917862850834
0.36,0.027322993694894427,-0.01170985444066904,1.5,0.2158742224336921,-0.09251752390015376,0.0,1.0707526130313723,-0.4588939770134452,0.0,1.941348310888391,-0.8320064189521676,0.0,-0.4048917862850835
0.38,0.03185718180226082,-0.013653077915254637,1.5,0.2376704834160346,-0.10185877860687198,0.0,1.1085216194766514,-0.475080694061422,0.0,1.8357885930192364,-0.7867665398653869,0.0,-0.40489178628508343
0.4,0.03683470865679138,-0.015786303710053448,1.5,0.26020110708746075,-0.11151476018034033,0.0,1.1441936071273282,-0.4903686887688549,0.0,1.7316464314281201,-0.7421341848977657,0.0,-0.40489178628508343
0.42,0.04226984399858388,-0.018115647427964517,1.5,0.2834244365833341,-0.12146761567857176,0.0,1.1777969271089632,-0.504770111618127,0.0,1.6289218261150424,-0.6981093540493039,0.0,-0.40489178628508343
0.44,0.04817603010066854,-0.02064687004314366,1.5,0.3072993820615294,-0.1316997351692269,0.0,1.2093599305471172,-0.5182971130916215,0.0,1.5276147770800035,-0.6546920473200015,0.0,-0.40489178628508343
0.46,0.05456589310945812,-0.02338538276119634,1.5,0.3317854207024327,-0.14219375172961402,0.0,1.2389109685673505,-0.5309618436717216,0.0,1.4277252843230026,-0.6118822647098583,0.0,-0.4048917862850834
0.48,0.061451254385198203,-0.026336251879370658,1.5,0.356842596708941,-0.152932541446689,0.0,1.2664783922952239,-0.5427764538408103,0.0,1.3292533478440407,-0.5696800062188746,0.0,-0.40489178628508343
0.5,0.06884314184241754,-0.029504203646750368,1.5,0.382431521306463,-0.1638992234170556,0.0,1.2920905528562991,-0.553753094081271,0.0,1.232198967643117,-0.5280852718470502,0.0,-0.40489178628508343
0.52,0.07675180129037797,-0.032893629124447696,1.5,0.40851337274291816,-0.17507715974696492,0.0,1.3157758013761354,-0.5639039148754865,0.0,1.1365621437202318,-0.487098061594385,0.0,-0.40489178628508343
0.54,0.08518670777352504,-0.036508589045796444,1.5,0.43504989628873747,-0.18644995555231605,0.0,1.337562488980295,-0.5732410667058407,0.0,1.042342876075385,-0.4467183754608793,0.0,-0.40489178628508343
0.56,0.09415657691193784,-0.04035281867654479,1.5,0.4620034042368626,-0.1980014589586554,0.0,1.3574789667943379,-0.5817767000547163,0.0,0.9495411647085764,-0.4069462134465327,0.0,-0.40489178628508343
0.58,0.1036693762417795,-0.044429732675048364,1.5,0.489336775902747,-0.2097157611011773,0.0,1.375553585943825,-0.5895229654044964,0.0,0.8581570096198072,-0.36778157555134594,0.0,-0.40489178628508343
0.6,0.11373233655574752,-0.04874242995246322,1.5,0.5170134576243555,-0.2215771961247238,0.0,1.391814697554317,-0.5964920132375646,0.0,0.768190410809076,-0.3292244617753182,0.0,-0.40489178628508343
0.62,0.12435196324352342,-0.05329369853293861,1.5,0.5449974627621635,-0.23357034118378436,0.0,1.4062906527513752,-0.6026959940363036,0.0,0.679641368276383,-0.2912748721184499,0.0,-0.40489178628508343
0.64,0.1355340476322237,-0.058086020413810155,1.5,0.5732533716991581,-0.24568001644249635,0.0,1.4190098026605598,-0.608147058283097,0.0,0.5925098820217287,-0.25393280658074086,0.0,-0.40489178628508343
0.66,0.14728367832684935,-0.06312157642579258,1.5,0.6017463318408373,-0.25789128507464454,0.0,1.430000498407431,-0.6128573564603276,0.0,0.5067959520451126,-0.21719826516219112,0.0,-0.40489178628508343
0.68,0.15960525255073674,-0.06840225109317288,1.5,0.6304420576152101,-0.2701894532636615,0.0,1.439291091117551,-0.6168390390503791,0.0,0.42249957834653545,-0.18107124786280093,0.0,-0.4048917862850835
0.7,0.17250248748600755,-0.07392963749400323,1.5,0.6593068304727979,-0.2825600702026277,0.0,1.4469099319164795,-0.6201042565356341,0.0,0.33962076092599625,-0.1455517546825698,0.0,-0.40489178628508343
0.72,0.1859784316140186,-0.0797050421202937,1.5,0.688307498886632,-0.2949889280942708,0.0,1.4528853719297774,-0.6226651593984761,0.0,0.258159499783497,-0.1106397856214987,0.0,-0.4048917862850833
0.74,0.20003547605581304,-0.08572948973820559,1.5,0.7174114783522553,-0.30746206215096655,0.0,1.4572457622830062,-0.6245338981212885,0.0,0.17811579491903456,-0.07633534067958625,0.0,-0.40489178628508343
0.76,0.21467536591256953,-0.09200372824824408,1.5,0.746586751387722,-0.319965750594738,0.0,1.4600194541017264,-0.6257226231864541,0.0,0.09948964633261143,-0.04263841985683347,0.0,-0.4048917862850834
0.78,0.229899211606053,-0.09852823354545129,1.5,0.7758018675335979,-0.3324865146572562,0.0,1.4612347985114977,-0.6262434850763562,0.0,0.02228105402422683,-0.00954902315324007,0.0,-0.4048917862850834
0.8,0.24570750021906504,-0.1053032143795993,1.5,0.8050259433529593,-0.3450111185798397,0.0,1.4609201466378818,-0.6261086342733779,0.0,-0.05350998200612007,0.022932849431194315,-0.0,-0.40489178628508343
0.82,0.2621001068358935,-0.11232861721538295,1.5,0.8342286624313945,-0.35752656961345475,0.0,1.4591038496064397,-0.6253302212599026,0.0,-0.1278834617584277,0.05480719789646901,-0.0,-0.4048917862850834
0.84,0.27907630588276344,-0.11960413109261292,1.5,0.8633802753770019,-0.3700201180187151,0.0,1.455814258542732,-0.6239203965183138,0.0,-0.2008393852326974,0.08607402224258459,-0.0,-0.40489178628508343
0.86,0.2966347824682871,-0.12712919248640878,1.5,0.892451599820392,-0.3824792570658823,0.0,1.4510797245723188,-0.6218913105309938,0.0,-0.27237775242892864,0.11673332246954085,-0.0,-0.40489178628508343
0.88,0.31477364372391353,-0.13490299016739152,1.5,0.921414020414687,-0.39489172303486586,0.0,1.4449285988207612,-0.6192551137803262,0.0,-0.34249856334712075,0.14678509857733749,-0.0,-0.40489178628508343
0.9,0.33349043014437996,-0.1429244700618771,1.5,0.9502394888355191,-0.40724549521522246,0.0,1.4373892324136206,-0.6160239567486946,0.0,-0.4112018179872752,0.17622935056597508,-0.0,-0.40489178628508343
0.92,0.3527821269281606,-0.1511923401120688,1.5,0.9789005237810315,-0.41952879590615644,0.0,1.428489976476458,-0.6122099899184821,0.0,-0.4784875163493907,0.20506607843545316,-0.0,-0.4048917862850835
0.94,0.3726451753179184,-0.15970507513625076,1.5,1.0073702109718807,-0.4317300904165203,0.0,1.4182591821348323,-0.607825363772071,0.0,-0.544355658433468,0.23329528218577203,-0.0,-0.4048917862850834
0.96,0.393075483940954,-0.16846092168898028,1.5,1.035622203151232,-0.4438380870648138,0.0,1.4067252005143054,-0.6028822287918453,0.0,-0.608806244239506,0.26091696181693114,-0.0,-0.4048917862850835
0.98,0.41406844014965727,-0.1774579029212817,1.5,1.0636307200847637,-0.4558417371791845,0.0,1.3939163827404388,-0.5973927354601881,0.0,-0.6718392737675062,0.28793111732893123,-0.0,-0.4048917862850835
1.0,0.4356189213619555,-0.18669382344083807,1.5,1.0913705485606648,-0.4677302350974278,0.0,1.3798610799387927,-0.5913690342594825,0.0,-0.7334547470174674,0.3143377487217717,-0.0,-0.40489178628508343
1.02,0.45772130640176595,-0.1961662741721854,1.5,1.1188170423896342,-0.4794930181669861,0.0,1.3645876432349273,-0.5848232756721117,0.0,-0.7936526639893905,0.34013685599545307,-0.0,-0.40489178628508343
1.04,0.48036948683944436,-0.2058726372169047,1.5,1.145946122404884,-0.49111976674495034,0.0,1.3481244237544032,-0.5777676101804585,0.0,-0.8524330246832758,0.3653284391499753,-0.0,-0.4048917862850835
1.06,0.5035568783322364,-0.21581009071381557,1.5,1.1727342764621367,-0.5026004041980585,0.0,1.3304997726227827,-0.570214188266907,0.0,-0.9097958290991215,0.3899124981853378,-0.0,-0.4048917862850834
1.08,0.5272764319647267,-0.22597561369916858,1.5,1.1991585594396255,-0.5139250969026966,0.0,1.311742040965625,-0.5621751604138393,0.0,-0.9657410772369291,0.41388903310154107,-0.0,-0.40489178628508343
1.1,0.5515206455892896,-0.23636599096683839,1.5,1.225196593238095,-0.5250842542448979,0.0,1.2918795799084932,-0.5536626771036399,0.0,-1.0202687690966983,0.437258043898585,-0.0,-0.40489178628508343
1.12,0.5762815751665403,-0.24697781792851725,1.5,1.2508265667808025,-0.5360685286203438,0.0,1.2709407405769446,-0.5446888888186905,0.0,-1.0733789046784297,0.4600195305764698,-0.0,-0.4048917862850833
1.14,0.6015508461057832,-0.2578075054739071,1.5,1.2760272360135136,-0.546868815434363,0.0,1.2489538740965418,-0.5352659460413751,0.0,-1.1250714839821214,0.4821734931351949,-0.0,-0.4048917862850835
1.16,0.6273196646054641,-0.26885128483091314,1.5,1.3007779239045085,-0.5574762531019322,0.0,1.225947331592847,-0.5254059992540773,0.0,-1.175346507007775,0.5037199315747607,-0.0,-0.4048917862850834
1.18,0.6535788289936191,-0.28010521242583675,1.5,1.3250585204445762,-0.5678822230476755,0.0,1.201949464191418,-0.5151211989391791,0.0,-1.22420397375539,0.5246588458951672,-0.0,-0.40489178628508343
1.2,0.6803187410683247,-0.2915651747435677,1.5,1.3488494826470177,-0.5780783497058647,0.0,1.1769886230178181,-0.504423695579065,0.0,-1.2716438842249667,0.5449902360964143,-0.0,-0.40489178628508343
1.22,0.7075294174381493,-0.3032268931877783,1.5,1.372131834547644,-0.588056500520419,0.0,1.1510931591976068,-0.49332563965611725,0.0,-1.3176662384165048,0.564714102178502,-0.0,-0.4048917862850835
1.24,0.7352005008626021,-0.3150859289411152,1.5,1.3948871672047813,-0.5978087859449063,0.0,1.1242914238563448,-0.4818391816527193,0.0,-1.362271036330005,0.5838304441414307,-0.0,-0.40489178628508343
1.26,0.7633212715925843,-0.3271376878253933,1.5,1.4170976386992618,-0.6073275594425407,0.0,1.0966117681195937,-0.46997647205125437,0.0,-1.4054582779654665,0.6023392619851999,-0.0,-0.4048917862850834
1.28,0.7918806587108392,-0.33937742516178826,1.5,1.4387459741344326,-0.6166054174861855,0.0,1.0680825431129133,-0.45774966133410566,0.0,-1.4472279633228888,0.6202405557098095,-0.0,-0.4048917862850835
1.3,0.8208672514724006,-0.3518002506310288,1.5,1.4598154656361493,-0.6256351995583498,0.0,1.0387320999618652,-0.44517089998365655,0.0,-1.4875800924022733,0.63753432531526,-0.0,-0.4048917862850835
1.32,0.8502693106450462,-0.36440113313359124,1.5,1.4802899723527811,-0.634409988151192,0.0,1.0085887897920092,-0.4322523384822896,0.0,-1.5265146652036201,0.6542205708015514,-0.0,-0.40489178628508343
1.34,0.8800747798497454,-0.37717490564989087,1.5,1.5001539204552081,-0.6429231087665178,0.0,0.9776809637289067,-0.41900612731238857,0.0,-1.5640316817269266,0.6702992921686828,-0.0,-0.40489178628508343
1.36,0.9102712969011106,-0.390116270100476,1.5,1.5193923031368193,-0.6511681299157797,0.0,0.9460369728981194,-0.4054444169563369,0.0,-1.6001311419721957,0.6857704894166553,-0.0,-0.40489178628508343
1.38,0.9408462051478472,-0.4032198022062202,1.5,1.5379906806135186,-0.6591388631200795,0.0,0.913685168425206,-0.3915793578965168,0.0,-1.6348130459394266,0.7006341625454685,-0.0,-0.4048917862850835
1.4,0.9717865648132034,-0.4164799563485157,1.5,1.5559351801237176,-0.6668293629101647,0.0,0.880653901435729,-0.3774231006153124,0.0,-1.6680773936286184,0.7148903115551222,-0.0,-0.40489178628508343
1.42,1.0030791643354204,-0.42989107042946595,1.5,1.573212495928341,-0.6742339268264318,0.0,0.8469715230552485,-0.36298779559510647,0.0,-1.6999241850397704,0.7285389364456158,-0.0,-0.40489178628508343
1.44,1.034710531708184,-0.44344737073207885,1.5,1.589809889310825,-0.681347095418925,0.0,0.8126663844093244,-0.34828559331828185,0.0,-1.730353420172885,0.7415800372169506,-0.0,-0.40489178628508343
1.46,1.0666669458210734,-0.45714297678046,1.5,1.605715188577114,-0.6881636522473347,0.0,0.7777668366235196,-0.33332864426722264,0.0,-1.759365099027962,0.7540136138691265,-0.0,-0.4048917862850835
1.48,1.098934447800012,-0.4709719062000052,1.5,1.6209167890556704,-0.6946786238810015,0.0,0.7423012308233932,-0.31812909892431135,0.0,-1.7869592216050005,0.7658396664021431,-0.0,-0.4048917862850834
1.5,1.131498852347717,-0.484928079577593,1.5,1.635403653097458,-0.7008872798989106,0.0,0.7062979181345065,-0.3026991077719313,0.0,-1.8131357879039998,0.7770581948159999,-0.0,-0.40489178628508343
1.52,1.1643457590841506,-0.4990053253217789,1.5,1.6491653100759618,-0.7067851328896978,0.0,0.6697852496824209,-0.2870508212924661,0.0,-1.8378947979249607,0.7876691991106974,-0.0,-0.4048917862850834
1.54,1.197460563886968,-0.5131973845229862,1.5,1.6621918563871718,-0.712367938451645,0.0,0.6327915765926941,-0.2711963899682975,0.0,-1.8612362516678824,0.7976726792862353,-0.0,-0.40489178628508343
1.56,1.2308284702319738,-0.5274979158137031,1.5,1.674473955449589,-0.717631695192681,0.0,0.5953452499908921,-0.2551479642818109,0.0,-1.8831601491327665,0.8070686353426142,-0.0,-0.4048917862850834
1.58,1.264434500533562,-0.5419005002286694,1.5,1.6860028377042304,-0.7225726447303844,0.0,0.5574746210025705,-0.23891769471538735,0.0,-1.9036664903196125,0.815857067279834,-0.0,-0.4048917862850834
1.6,1.2982635074851765,-0.5563986460650756,1.5,1.6967703006146184,-0.7271872716919793,0.0,0.5192080407532939,-0.22251773175141165,0.0,-1.9227552752284196,0.8240379750978942,-0.0,-0.4048917862850834
1.62,1.3323001853997538,-0.5709857937427516,1.5,1.706768708666793,-0.7314723037143399,0.0,0.4805738603686222,-0.20596022587226667,0.0,-1.9404265038591886,0.8316113587967952,-0.0,-0.40489178628508343
1.64,1.366529081550178,-0.585655320664362,1.5,1.715990993369299,-0.7354247114439851,0.0,0.44160043097411295,-0.18925732756033412,0.0,-1.956680176211918,0.8385772183765363,-0.0,-0.4048917862850834
1.66,1.40093460750973,-0.6004005460755986,1.5,1.7244306532531948,-0.7390417085370835,0.0,0.40231610369533244,-0.17242118729799963,0.0,-1.9715162922866118,0.8449355538371194,-0.0,-0.40489178628508343
1.68,1.4355010504925334,-0.6152147359253715,1.5,1.732081753872054,-0.7423207516594518,0.0,0.3627492296578371,-0.15546395556764447,0.0,-1.9849348520832644,0.8506863651785419,-0.0,-0.40489178628508343
1.7,1.470212584694014,-0.630091107726006,1.5,1.7389389278019542,-0.7452595404865519,0.0,0.3229281599871893,-0.13839778285165255,0.0,-1.9969358556018795,0.8558296524008054,-0.0,-0.40489178628508343
1.72,1.5050532826313385,-0.6450228354134309,1.5,1.7449973746414897,-0.7478560177034956,0.0,0.28288124580894813,-0.12123481963240634,0.0,-2.0075193028424554,0.8603654155039093,-0.0,-0.40489178628508343
1.74,1.5400071264838737,-0.6600030542073745,1.5,1.7502528610117651,-0.7501083690050423,0.0,0.24263683824867593,-0.1039872163922897,0.0,-2.0166851938049923,0.8642936544878539,-0.0,-0.4048917862850835
1.76,1.5750580194336323,-0.6750248654715567,1.5,1.7547017205563946,-0.7520150230955978,0.0,0.20222328843193457,-0.08666712361368625,0.0,-2.024433528489491,0.867614369352639,-0.0,-0.40489178628508343
1.78,1.6101897970057282,-0.6900813415738835,1.5,1.7583408539415026,-0.7535746516892154,0.0,0.16166894748428454,-0.06928669177897909,0.0,-2.030764306895952,0.8703275600982654,-0.0,-0.40489178628508343
1.8,1.645386238408816,-0.7051655307466355,1.5,1.7611677288557308,-0.754786169509599,0.0,0.12100216653128318,-0.05185807137054994,0.0,-2.0356775290243743,0.8724332267247319,-0.0,-0.40489178628508343
1.82,1.6806310778755535,-0.7202704619466658,1.5,1.7631803800102235,-0.7556487342900958,0.0,0.08025129669849464,-0.034393412870783416,0.0,-2.039173194874758,0.8739313692320392,-0.0,-0.40489178628508343
1.84,1.7159080160030453,-0.7353891497155909,1.5,1.764377409138642,-0.7561617467737037,0.0,0.039444689111481634,-0.01690486676206356,0.0,-2.041251304447104,0.8748219876201875,-0.0,-0.40489178628508343
1.86,1.7512007310932942,-0.7505145990399832,1.5,1.7647579849971593,-0.7563248507130682,0.0,-0.0013893051042024943,0.0005954164732296403,-0.0,-2.04191185774141,0.8751050818891757,-0.0,-0.4048917862850834
1.88,1.7864928904936521,-0.7656398102115652,1.5,1.7643218433644525,-0.7561379328704796,0.0,-0.04222233482298961,0.01809528635270983,-0.0,-2.041154854757679,0.8747806520390053,-0.0,-0.4048917862850834
1.9,1.821768161937268,-0.7807577836874006,1.5,1.7630692870417226,-0.7556011230178812,0.0,-0.08302604891932368,0.03558259239399587,-0.0,-2.0389802954959073,0.8738486980696745,-0.0,-0.40489178628508343
1.92,1.85701022488354,-0.7958615249500886,1.5,1.7610011858526673,-0.7547147939368575,0.0,-0.12377209626763838,0.05304518411470216,-0.0,-2.0353881799561004,0.8723092199811858,-0.0,-0.40489178628508343
1.94,1.8922027818585683,-0.8109440493679578,1.5,1.7581189766435052,-0.7534795614186451,0.0,-0.16443212574237723,0.07047091103244738,-0.0,-2.030378508138252,0.8701622177735368,-0.0,-0.40489178628508343
1.96,1.9273295697956,-0.8259983870552572,1.5,1.754424663282965,-0.7518962842641278,0.0,-0.20497778621798107,0.08784762266484902,-0.0,-2.023951280042367,0.8674076914467287,-0.0,-0.4048917862850834
1.98,1.9623743713754813,-0.8410175877323491,1.5,1.7499208166622855,-0.7499660642838367,0.0,-0.24538072656888535,0.10516316852952229,-0.0,-2.016106495668442,0.864045641000761,-0.0,-0.4048917862850835
2.0,1.9973210263671106,-0.8559947255859045,1.5,1.7446105746952132,-0.7476902462979486,0.0,-0.2856125956695327,0.12240539814408544,-0.0,-2.0068441550164793,0.8600760664356338,-0.0,-0.40489178628508343
2.02,2.032153442967884,-0.870922904129093,1.5,1.7384976423180072,-0.7450704181362888,0.0,-0.32564504239435677,0.1395621610261529,-0.0,-1.9961642580864802,0.8554989677513487,-0.0,-0.40489178628508343
2.04,2.0668556091441506,-0.8857952610617789,1.5,1.7315862914894473,-0.7421084106383345,0.0,-0.3654497156178038,0.1566213066933445,-0.0,-1.9840668048784391,0.8503143449479025,-0.0,-0.40489178628508343
2.06,2.1014116039716573,-0.9006049731307103,1.5,1.7238813611908095,-0.7388062976532042,0.0,-0.4049982642143102,0.1735706846632758,-0.0,-1.9705517953923606,0.8445221980252974,-0.0,-0.4048917862850835
2.08,2.135805608976002,-0.915345260989715,1.5,1.7153882574258923,-0.7351663960396682,0.0,-0.4442623370583131,0.19039814445356273,-0.0,-1.9556192296282455,0.8381225269835338,-0.0,-0.40489178628508343
2.1,2.1700219194730868,-0.9300093940598944,1.5,1.7061129532209995,-0.7311912656661427,0.0,-0.4832135830242534,0.20709153558182286,-0.0,-1.9392691075860884,0.8311153318226093,-0.0,-0.40489178628508343
2.12,2.2040449559095627,-0.9445906953898126,1.5,1.6960619886249468,-0.7268837094106915,0.0,-0.5218236509865692,0.2236387075656725,-0.0,-1.9215014292658965,0.823500612542527,-0.0,-0.40489178628508343
2.14,2.2378592752032813,-0.959082546515692,1.5,1.6852424707090634,-0.7222467731610271,0.0,-0.5600641898197014,0.24002750992272917,-0.0,-1.9023161946676634,0.8152783691432843,-0.0,-0.40489178628508343
2.16,2.271449582083748,-0.9734783923216064,1.5,1.6736620735671897,-0.7172837458145098,0.0,-0.5979068483980899,0.25624579217060994,-0.0,-1.8817134037913927,0.8064486016248826,-0.0,-0.40489178628508343
2.18,2.3048007404325666,-0.9877717458996714,1.5,1.6613290383156747,-0.7119981592781462,0.0,-0.6353232755961711,0.27228140382693045,-0.0,-1.8596930566370855,0.7970113099873224,-0.0,-0.4048917862850834
2.2,2.337897784623897,-1.0019561934102414,1.5,1.648252173093383,-0.7063937884685927,0.0,-0.6722851202883839,0.2881221944093074,-0.0,-1.8362551532047373,0.7869664942306016,-0.0,-0.40489178628508343
2.22,2.370725930864902,-1.0160253989421009,1.5,1.6344408530616816,-0.7004746513121493,0.0,-0.7087640313491721,0.30375601343535946,-0.0,-1.8113996934943524,0.7763141543547224,-0.0,-0.40489178628508343
2.24,2.403270588536189,-1.0299731093726525,1.5,1.6199050204044625,-0.6942450087447697,0.0,-0.7447316576529727,0.31917071042270256,-0.0,-1.785126677505928,0.7650542903596834,-0.0,-0.40489178628508343
2.26,2.435517371532281,-1.0437931592281204,1.5,1.6046551843281116,-0.6877093647120478,0.0,-0.7801596480742212,0.33435413488895194,-0.0,-1.7574361052394643,0.7531869022454847,-0.0,-0.40489178628508343
2.28,2.467452109602039,-1.0574794755437311,1.5,1.5887024210615457,-0.6808724661692339,0.0,-0.8150196514873648,0.34929413635172774,-0.0,-1.728327976694963,0.7407119900121271,-0.0,-0.40489178628508343
2.3,2.4990608596891457,-1.0710260827239195,1.5,1.572058373856177,-0.6737393030812188,0.0,-0.8492833167668362,0.36397856432864406,-0.0,-1.6978022918724225,0.7276295536596097,-0.0,-0.40489178628508343
2.32,2.5303299172725167,-1.0844271074025071,1.5,1.5547352529859364,-0.666315108422544,0.0,-0.8829222927870736,0.37839526833731724,-0.0,-1.6658590507718465,0.7139395931879342,-0.0,-0.4048917862850834
2.34,2.5612458277067867,-1.0976767833029086,1.5,1.5367458357472592,-0.6586053581773968,0.0,-0.9159082284225222,0.39253209789536664,-0.0,-1.632498253393227,0.6996421085970973,-0.0,-0.40489178628508343
2.36,2.591795397562739,-1.1107694560983168,1.5,1.5181034664591027,-0.6506157713396155,0.0,-0.9482127725476176,0.40637690252040753,-0.0,-1.5977198997365722,0.6847370998871024,-0.0,-0.40489178628508343
2.38,2.621965705967761,-1.1236995882718976,1.5,1.4988220564629253,-0.6423523099126823,0.0,-0.9798075740367961,0.41991753173005547,-0.0,-1.561523989801878,0.6692245670579478,-0.0,-0.40489178628508343
2.4,2.6517441159462893,-1.1364617639769812,1.5,1.4789160841227094,-0.6338211789097326,0.0,-1.0106642817645046,0.4331418350419306,-0.0,-1.5239105235891464,0.6531045101096341,-0.0,-0.40489178628508343
2.42,2.6811182857602804,-1.149050693897263,1.5,1.4584005948249272,-0.6250288263535403,0.0,-1.0407545446051756,0.44603766197364664,-0.0,-1.4848795010983773,0.6363769290421617,-0.0,-0.40489178628508343
2.44,2.710076180249626,-1.1614612201069825,1.5,1.4372912009785825,-0.6159819432765354,0.0,-1.070050011433251,0.45859286204282185,-0.0,-1.4444309223295668,0.6190418238555286,-0.0,-0.4048917862850835
2.46,2.7386060821726383,-1.1736883209311306,1.5,1.415604082015184,-0.6066874637207933,0.0,-1.098522331123172,0.47079528476707366,-0.0,-1.4025647872827187,0.6010991945497366,-0.0,-0.4048917862850835
2.48,2.766696603546474,-1.1857271158056317,1.5,1.3933559843887484,-0.5971525647380351,0.0,-1.126143152549374,0.4826327796640174,-0.0,-1.3592810959578334,0.5825490411247858,-0.0,-0.4048917862850835
2.5,2.7943366969876062,-1.1975728701375457,1.5,1.3705642215758052,-0.5873846663896307,0.0,-1.1528841245862995,0.49409319625127124,-0.0,-1.3145798483549067,0.5633913635806743,-0.0,-0.4048917862850834
2.52,2.8215156670522514,-1.2092210001652506,1.5,1.3472466740753957,-0.5773914317465981,0.0,-1.1787168961083825,0.5051643840464496,-0.0,-1.2684610444739464,0.5436261619174055,-0.0,-0.40489178628508343
2.54,2.848223181576843,-1.2206670778186468,1.5,1.3234217894090727,-0.5671807668896027,0.0,-1.203613115990069,0.5158341925671723,-0.0,-1.2209246843149428,0.5232534361349754,-0.0,-0.4048917862850835
2.56,2.874449283018465,-1.231906835579342,1.5,1.2991085821209005,-0.5567608209089574,0.0,-1.2275444331057943,0.5260904713310547,-0.0,-1.1719707678779017,0.5022731862333865,-0.0,-0.40489178628508343
2.58,2.9001843997953056,-1.2429361713408453,1.5,1.274326633777451,-0.5461399859046219,0.0,-1.2504824963299976,0.5359210698557132,-0.0,-1.1215992951628253,0.4806854122126394,-0.0,-0.40489178628508343
2.6,2.925419357627116,-1.253751153268764,1.5,1.249096092967813,-0.5353268969862056,0.0,-1.272398954537118,0.5453138376587648,-0.0,-1.0698102661697073,0.4584901140727317,-0.0,-0.40489178628508343
2.62,2.9501453908756488,-1.2643480246609924,1.5,1.2234376753035847,-0.5243304322729649,0.0,-1.293265456601598,0.5542566242578277,-0.0,-1.016603680898554,0.435687291813666,-0.0,-0.4048917862850835
2.64,2.974354153885117,-1.2747232088079072,1.5,1.1973726634188708,-0.5131597128938017,0.0,-1.313053651397875,0.5627372791705179,-0.0,-0.9619795393493592,0.4122769454354397,-0.0,-0.4048917862850834
2.66,2.998037732322639,-1.2848733138525597,1.5,1.1709229069702947,-0.5018241029872692,0.0,-1.331735187800388,0.570743651914452,-0.0,-0.9059378415221251,0.3882590749380536,-0.0,-0.4048917862850835
2.68,3.0211886545186935,-1.2947951376508686,1.5,1.1441108226369838,-0.49033320970156447,0.0,-1.3492817146835743,0.5782635920072461,-0.0,-0.8484785874168536,0.36363368032150867,-0.0,-0.4048917862850834
2.7,3.0437999028075615,-1.3044856726318121,1.5,1.1169593941205835,-0.47869688319453574,0.0,-1.3656648809218745,0.5852849489665176,-0.0,-0.7896017770335445,0.3384007615858048,-0.0,-0.4048917862850834
2.72,3.065864924867784,-1.3139421106576217,1.5,1.089492172145243,-0.4669252166336756,0.0,-1.380856335389726,0.5917955723098826,-0.0,-0.729307410372198,0.31256031873094203,-0.0,-0.40489178628508343
2.74,3.0873776450626162,-1.3231618478839784,1.5,1.0617332744576382,-0.45502854619613065,0.0,-1.394827726961577,0.5977833115549616,-0.0,-0.6675954874328103,0.2861123517569187,-0.0,-0.40489178628508343
2.76,3.1083324757804647,-1.3321424896201992,1.5,1.0337073858269255,-0.44301745106868234,0.0,-1.4075507045118536,0.6032360162193658,-0.0,-0.604466008215385,0.2590568606637364,-0.0,-0.40489178628508343
2.78,3.128724328775348,-1.3408818551894348,1.5,1.0054397580448071,-0.4309027534477745,0.0,-1.4189969169150023,0.6081415358207153,-0.0,-0.5399189727199223,0.23139384545139527,-0.0,-0.40489178628508343
2.8,3.1485486265073392,-1.3493779827888597,1.5,0.9769562099254748,-0.4186955185394892,0.0,-1.4291380130454618,0.6124877198766265,-0.0,-0.4739543809464202,0.20312330611989435,-0.0,-0.40489178628508343
2.82,3.167801313483023,-1.357629134349867,1.5,0.9482831273056457,-0.40640705455956244,0.0,-1.4379456417776753,0.616262417904718,-0.0,-0.40657223289487865,0.17424524266923372,-0.0,-0.40489178628508343
2.84,3.1864788675959534,-1.3656338003982658,1.5,0.919447463044528,-0.3940489127333691,0.0,-1.4453914519860724,0.6194534794226025,-0.0,-0.3377725285652997,0.14475965509941416,-0.0,-0.40489178628508343
2.86,3.2045783114670705,-1.3733907049144587,1.5,0.8904767370238603,-0.38163288729594014,0.0,-1.4514470925450962,0.6220487539478984,-0.0,-0.2675552679576833,0.1146665434104357,-0.0,-0.40489178628508343
2.88,3.2220972237851964,-1.3808988101936557,1.5,0.8613990361478944,-0.36917101549195475,0.0,-1.456084212329196,0.6240360909982268,-0.0,-0.19592045107202555,0.08396590760229666,-0.0,-0.40489178628508343
2.9,3.2390337506474562,-1.3881573217060528,1.5,0.8322430143433655,-0.35667557757572804,0.0,-1.459274460212793,0.625403340091197,-0.0,-0.12286807790833229,0.052657747674999554,-0.0,-0.40489178628508343
2.92,3.2553866168997314,-1.3951656929570277,1.5,0.8030378925595499,-0.3441590968112357,0.0,-1.4609894850703389,0.6261383507444309,-0.0,-0.04839814846659964,0.020742063628542706,-0.0,-0.40489178628508343
2.94,3.2711551374771197,-1.401923630347337,1.5,0.7738134587682298,-0.3316343394720985,0.0,-1.4612009357762692,0.626228972475544,-0.0,0.027489337253172395,-0.011781144537073884,0.0,-0.40489178628508343
2.96,3.2863392287443647,-1.4084310980332992,1.5,0.7446000679636882,-0.31911431484158065,0.0,-1.459880461205025,0.6256630548021535,-0.0,0.1047943792509819,-0.044911876821849384,0.0,-0.40489178628508343
2.98,3.300939419836351,-1.4146883227870075,1.5,0.7154286421627135,-0.3066122752125915,0.0,-1.4569997102310464,0.624428447241877,-0.0,0.18351697752683077,-0.07865013322578462,0.0,-0.4048917862850834
3.0,3.3149568639984914,-1.4206957988564963,1.5,0.6863306704046254,-0.2941417158876966,0.0,-1.4525303317287641,0.6225129993123274,-0.0,0.2636571320807171,-0.11299591374887877,0.0,-0.40489178628508343
3.02,3.328393349927227,-1.4264542928259545,1.5,0.6573382087512609,-0.2817163751791118,0.0,-1.446443974572633,0.6199045605311284,-0.0,0.34521484291264287,-0.14794921839113265,0.0,-0.4048917862850834
3.04,3.341251313110466,-1.431964848475914,1.5,0.628483880286916,-0.2693502344086783,0.0,-1.438712287637069,0.6165909804158867,-0.0,0.42819011002260604,-0.18351004715254546,0.0,-0.4048917862850834
3.06,3.353533847168004,-1.4372287916434303,1.5,0.5998008751184728,-0.2570575179079169,0.0,-1.4293069197965378,0.6125601084842305,-0.0,0.5125829334106087,-0.21967840003311798,0.0,-0.40489178628508343
3.08,3.365244715192027,-1.4422477350822973,1.5,0.5713229503752688,-0.24485269301797236,0.0,-1.418199519925468,0.6077997942537721,-0.0,0.5983933130766506,-0.2564542770328503,0.0,-0.40489178628508343
3.1,3.376388361087526,-1.4470235833232254,1.5,0.5430844302091644,-0.23275047008964186,0.0,-1.4053617368982878,0.6022978872421233,-0.0,0.6856212490207301,-0.29383767815174144,0.0,-0.4048917862850834
3.12,3.38696992091274,-1.4515585375340314,1.5,0.515120205794542,-0.22076580248337516,0.0,-1.390765219589443,0.5960422369669043,-0.0,0.7742667412428469,-0.33182860338979153,0.0,-0.40489178628508343
3.14,3.3969952342196246,-1.455855100379839,1.5,0.48746573532830034,-0.20891388656927157,0.0,-1.3743816168733842,0.5890206929457361,-0.0,0.8643297897430032,-0.3704270527470014,0.0,-0.40489178628508343
3.16,3.4064708553943124,-1.4599160808832767,1.5,0.4601570440298285,-0.19721016172706934,0.0,-1.356182577624539,0.581221104696231,-0.0,0.9558103945211989,-0.40963302622337094,0.0,-0.40489178628508343
3.18,3.415404064997543,-1.4637445992846614,1.5,0.4332307241410416,-0.18567031034616066,0.0,-1.3361397507173502,0.5726313217360073,-0.0,1.048708555577432,-0.44944652381889943,0.0,-0.4048917862850834
3.2,3.4238028811051184,-1.4673440919021936,1.5,0.40672393492635206,-0.17431025782557946,0.0,-1.3142247850262534,0.56323919358268,-0.0,1.1430242729117026,-0.4898675455335868,0.0,-0.40489178628508343
3.22,3.4316760706483365,-1.4707183159921442,1.5,0.3806744026727151,-0.16314617257402075,0.0,-1.2904093294256913,0.5530325697538676,-0.0,1.2387575465240106,-0.5308960913674331,0.0,-0.40489178628508343
3.24,3.4390331607544833,-1.4738713546090643,1.5,0.35512042068956634,-0.15219446600981415,0.0,-1.2646650327901026,0.5419992997671867,-0.0,1.33590837641436,-0.5725321613204399,0.0,-0.40489178628508343
3.26,3.445884450087264,-1.4768076214659702,1.5,0.3301008493088508,-0.14147179256093606,0.0,-1.2369635439939337,0.5301272331402572,-0.0,1.4344767625827506,-0.6147757553926074,0.0,-0.40489178628508343
3.28,3.45224102018721,-1.4795318657945187,1.5,0.3056551158850493,-0.13099504966502112,0.0,-1.2072765119116093,0.5174042193906897,-0.0,1.534462705029175,-0.6576268735839321,0.0,-0.40489178628508343
3.3,3.4581147468122158,-1.4820491772052353,1.5,0.28182321479513484,-0.12078137776934351,0.0,-1.1755755854175756,0.5038181080361038,-0.0,1.6358662037536367,-0.7010855158944157,0.0,-0.4048917862850835
3.32,3.4635183112779044,-1.4843649905476732,1.5,0.25864570743858994,-0.11084816033082426,0.0,-1.1418324133862752,0.489356748594118,-0.0,1.738687258756136,-0.7451516823240583,0.0,-0.40489178628508343
3.34,3.4684652117981236,-1.4864850907706244,1.5,0.23616372223743937,-0.10121302381604545,0.0,-1.1060186446921545,0.47400799058235193,-0.0,1.8429258700366802,-0.7898253728728629,0.0,-0.40489178628508343
3.36,3.47296977482539,-1.48841561778231,1.5,0.21441895463616706,-0.09189383770121445,0.0,-1.0681059282096237,0.4577596835184101,-0.0,1.9485820375952543,-0.8351065875408232,0.0,-0.40489178628508343
3.38,3.4770471663913485,-1.490163071310578,1.5,0.19345366710180611,-0.08290871447220262,0.0,-1.0280659128131469,0.4405996769199201,-0.0,2.055655761431874,-0.8809953263279459,0.0,-0.40489178628508343
3.4,3.4807134034471714,-1.4917343157630734,1.5,0.17331068912389874,-0.07427600962452804,0.0,-0.9858702473771559,0.4225158203044954,-0.0,2.1641470415465305,-0.9274915892342273,0.0,-0.4048917862850835
3.42,3.483985365204088,-1.4931365850874663,1.5,0.15403341721448635,-0.06601432166335129,0.0,-0.9414905807760972,0.40349596318975595,-0.0,2.2740558779392246,-0.9745953762596676,0.0,-0.40489178628508343
3.44,3.486880804473772,-1.4943774876316165,1.5,0.13566581490812274,-0.05814249210348117,0.0,-0.8948985618844061,0.3835279550933169,-0.0,2.38538227060996,-1.0223066874042686,0.0,-0.40489178628508343
3.46,3.4894183590088064,-1.4954650110037742,1.5,0.11825241276189088,-0.05067960546938181,0.0,-0.8460658395765216,0.362599645532795,-0.0,2.498126219558733,-1.0706255226680286,0.0,-0.40489178628508343
3.48,3.4916175628431723,-1.4964075269327881,1.5,0.10183830835534283,-0.04364498929514693,0.0,-0.794964062726872,0.3406988840258023,-0.0,2.6122877247855434,-1.1195518820509471,0.0,-0.40489178628508343
3.5,3.4934988576326287,-1.4972137961282694,1.5,0.08646916629059656,-0.03705821412454138,0.0,-0.7415648802099036,0.31781352008995867,-0.0,2.7278667862903916,-1.169085765553025,0.0,-0.40489178628508343
3.52,3.4950836039952273,-1.4978929731408117,1.5,0.07219121819223573,-0.03093909351095817,0.0,-0.6858399409000697,0.293931403242887,-0.0,2.8448634040732808,-1.2192271731742632,0.0,-0.40489178628508343
3.54,3.496394092851733,-1.4984546112221713,1.5,0.0590512627073832,-0.02530768401744994,0.0,-0.6277608936717879,0.2690403830021948,-0.0,2.9632775781342033,-1.2699761049146587,0.0,-0.4048917862850834
3.56,3.4974535567660845,-1.4989086671854648,1.5,0.04709666550565091,-0.020184285216707534,0.0,-0.5672993873995115,0.2431283088855049,-0.0,3.0831093084731678,-1.3213325607742148,0.0,-0.40489178628508343
3.58,3.4982861812857937,-1.4992655062653402,1.5,0.03637535927919672,-0.015589439691084308,0.0,-0.5044270709576759,0.21618303041043255,-0.0,3.204358595090173,-1.3732965407529314,0.0,-0.40489178628508343
3.6,3.498917116282506,-1.4995359069782168,1.5,0.026935843742654158,-0.011543933032566069,0.0,-0.4391155932207204,0.18819239709459445,-0.0,3.327025437985216,-1.4258680448508068,0.0,-0.4048917862850835
3.62,3.4993724872923426,-1.4997310659824326,1.5,0.01882718563317259,-0.008068793842788254,0.0,-0.37133660306307664,0.1591442584556043,-0.0,3.4511098371582927,-1.4790470730678396,0.0,-0.40489178628508343
3.64,3.499679406856403,-1.4998626029384585,1.5,0.012099018710440595,-0.005185293733045969,0.0,-0.30106174935920527,0.12902646401108797,-0.0,3.5766117926094143,-1.5328336254040347,0.0,-0.40489178628508343
3.66,3.4998659858612133,-1.4999425653690914,1.5,0.006801543756619101,-0.0029149473242653288,0.0,-0.2282626809835202,0.09782686327865152,-0.0,3.7035313043385694,-1.587227701859387,0.0,-0.4048917862850834
3.68,3.4999613448791487,-1.4999834335196351,1.5,0.0029855285764149478,-0.0012795122470349776,0.0,-0.15291104681046405,0.06553330577591317,-0.0,3.8318683723457623,-1.642229302433898,0.0,-0.40489178628508343
3.7,3.4999956255089364,-1.4999981252181156,1.5,0.0007023079970140105,-0.00030098914157743303,0.0,-0.07497849571449025,0.032133641020495825,-0.0,3.961622996630996,-1.69783842712757,0.0,-0.4048917862850834
3.7386392118,3.5000087133878477,-1.4999985477686921,1.5000014522313079,0.0013026456273938414,0.00021710760456564022,0.00021710760456564022,0.1293932184805364,0.021565536413422733,0.021565536413422733,6.33925070782507,1.0565417846375116,1.0565417846375116,0.16514867741462683
3.7586392118,3.500069010959926,-1.4999884981733456,1.5000115018266544,0.005141108106967875,0.0008568513511613125,0.0008568513511613125,0.2535933421230355,0.042265557020505926,0.042265557020505926,6.081344501675666,1.0135574169459443,1.0135574169459443,0.16514867741462685
3.7786392118,3.5002305750970737,-1.4999615708171543,1.5000384291828457,0.011412224956262339,0.00190203749271039,0.00190203749271039,0.3726703123575959,0.06211171872626598,0.06211171872626598,5.826935367031176,0.9711558945051961,0.9711558945051961,0.16514867741462685
3.7986392118,3.500541038918765,-1.4999098268468725,1.5000901731531275,0.020014232521419435,0.003335705420236573,0.003335705420236573,0.48669407061431535,0.08111567843571924,0.08111567843571924,5.576023303891604,0.9293372173152673,0.9293372173152673,0.16514867741462685
3.8186392118,3.5010460142596838,-1.4998256642900527,1.5001743357099473,0.030846765977183353,0.005141127662863892,0.005141127662863892,0.5957345583232928,0.09928909305388212,0.09928909305388212,5.328608312256945,0.8881013853761575,0.8881013853761575,0.16514867741462683
3.8386392118,3.5017891196462947,-1.4997018133922841,1.5002981866077159,0.04381085932690019,0.007301809887816698,0.007301809887816698,0.699861716914626,0.11664361948577098,0.11664361948577098,5.084690392127203,0.847448398687867,0.847448398687867,0.16514867741462683
3.8586392118,3.502812008273415,-1.4995313319544308,1.5004686680455692,0.05880894540251808,0.009801490900419681,0.009801490900419681,0.7991454878184135,0.13319091463640226,0.13319091463640226,4.8442695435023735,0.8073782572503956,0.8073782572503956,0.16514867741462685
3.8786392118,3.5041543959807875,-1.4993076006698687,1.5006923993301313,0.07574485586458707,0.012624142644097844,0.012624142644097844,0.8936558124647536,0.14894263541079228,0.14894263541079228,4.607345766382461,0.7678909610637435,0.7678909610637435,0.16514867741462683
3.8986392118,3.5058540892296515,-1.4990243184617247,1.5009756815382753,0.09452382120225922,0.015753970200376537,0.015753970200376537,0.9834626322837446,0.16391043871395744,0.16391043871395744,4.373919060767464,0.7289865101279106,0.7289865101279106,0.16514867741462685
3.9186392118,3.507947013079316,-1.498675497820114,1.501324502179886,0.11505247073328857,0.01917541178888143,0.01917541178888143,1.068635888705485,0.1781059814509142,0.1781059814509142,4.14398942665738,0.6906649044428967,0.6906649044428967,0.16514867741462683
3.9386392118,3.5104672391637304,-1.4982554601393783,1.5017445398606217,0.1372388326040309,0.02287313876733849,0.02287313876733849,1.1492455231600727,0.1915409205266788,0.1915409205266788,3.9175568640522136,0.6529261440087023,0.6529261440087023,0.16514867741462685
3.9586392118,3.5134470136680576,-1.4977588310553238,1.5022411689446762,0.1609923337894444,0.026832055631574064,0.026832055631574064,1.2253614770776065,0.20422691284626773,0.20422691284626773,3.694621372951962,0.6157702288253271,0.6157702288253271,0.16514867741462683
3.9786392118,3.5169167853052454,-1.497180535782459,1.502819464217541,0.18622380009308886,0.03103730001551481,0.03103730001551481,1.2970536918881839,0.2161756153146973,0.2161756153146973,3.475182953356625,0.5791971588927709,0.5791971588927709,0.16514867741462683
3.9986392118,3.5209052332926,-1.4965157944512333,1.5034842055487667,0.21284545614712608,0.03547424269118768,0.03547424269118768,1.3643921090219042,0.22739868483698403,0.22739868483698403,3.259241605266203,0.5432069342110338,0.5432069342110338,0.16514867741462683
4.0186392118,3.525439295328354,-1.4957601174452744,1.5042398825547256,0.24077092541231992,0.040128487568719985,0.040128487568719985,1.427446669908865,0.2379077783181442,0.2379077783181442,3.0467973286806975,0.5077995547801163,0.5077995547801163,0.16514867741462683
4.0386392118,3.530544195568245,-1.4949093007386258,1.5050906992613742,0.26991523017803626,0.04498587169633937,0.04498587169633937,1.4862873159791647,0.24771455266319412,0.24771455266319412,2.837850123600106,0.47297502060001767,0.47297502060001767,0.16514867741462683
4.0586392118,3.5362434726020813,-1.4939594212329865,1.5060405787670135,0.3001947915622428,0.0500324652603738,0.0500324652603738,1.540983988662902,0.25683066477715033,0.25683066477715033,2.632399990024431,0.4387333316707384,0.4387333316707384,0.16514867741462683
4.0786392118,3.542559007430318,-1.492906832094947,1.507093167905053,0.33152742951150915,0.05525457158525152,0.05525457158525152,1.5916066293901747,0.2652677715650291,0.2652677715650291,2.4304469279536702,0.4050744879922784,0.4050744879922784,0.16514867741462683
4.0986392118,3.549511051440626,-1.491748158093229,1.508251841906771,0.3638323628010074,0.060638727133501234,0.060638727133501234,1.6382251795910816,0.27303752993184693,0.27303752993184693,2.2319909373878244,0.3719984895646374,0.3719984895646374,0.16514867741462685
4.1186392118,3.5571182543844673,-1.490480290935922,1.509519709064078,0.3970302090345108,0.0661717015057518,0.0661717015057518,1.6809095806957204,0.2801515967826201,0.2801515967826201,2.0370320183268933,0.3395053363878156,0.3395053363878156,0.16514867741462683
4.1386392118,3.5653976923536645,-1.4891003846077226,1.5108996153922774,0.431042984644395,0.0718404974407325,0.0718404974407325,1.7197297741341897,0.286621629022365,0.286621629022365,1.8455701707708796,0.30759502846181325,0.30759502846181325,0.16514867741462683
4.1586392118,3.5743648957569745,-1.487605850707171,1.512394149292829,0.46579410489163775,0.07763235081527296,0.07763235081527296,1.7547557013365882,0.292459283556098,0.292459283556098,1.6576053947197795,0.2762675657866299,0.2762675657866299,0.16514867741462685
4.1786392118,3.584033877296659,-1.4859943537838902,1.5140056462161098,0.5012083838658187,0.08353473064430313,0.08353473064430313,1.7860573037330139,0.2976762172888357,0.2976762172888357,1.4731376901735953,0.24552294836226587,0.24552294836226587,0.16514867741462685
4.1986392118,3.5944171599450576,-1.4842638066758238,1.5157361933241762,0.5372120344851193,0.0895353390808532,0.0895353390808532,1.8137045227535653,0.30228408712559424,0.30228408712559424,1.2921670571323258,0.21536117618872097,0.21536117618872097,0.1651486774146268
4.2186392118,3.605525804921159,-1.4824123658464734,1.5175876341535266,0.5737326684963229,0.09562211141605381,0.09562211141605381,1.8377672998283394,0.3062945499713899,0.3062945499713899,1.1146934955959715,0.18578224926599524,0.18578224926599524,0.16514867741462683
4.2386392118,3.6173694396671747,-1.4804384267221375,1.5195615732778625,0.610699296474815,0.10178321607913583,0.10178321607913583,1.8583155763874366,0.3097192627312394,0.3097192627312394,0.9407170055645331,0.15678616759408884,0.15678616759408884,0.16514867741462683
4.2586392118,3.6299562858251093,-1.4783406190291484,1.5216593809708516,0.648042327824583,0.10800705463743052,0.10800705463743052,1.8754192938609537,0.312569882310159,0.312569882310159,0.7702375870380089,0.1283729311730015,0.1283729311730015,0.16514867741462685
4.2786392118,3.643293187213333,-1.4761178021311112,1.5238821978688888,0.6856935707782167,0.11428226179636944,0.11428226179636944,1.88914839367899,0.314858065613165,0.314858065613165,0.6032552400164004,0.1005425400027334,0.1005425400027334,0.16514867741462683
4.2986392118,3.6573856378031544,-1.4737690603661409,1.5262309396338591,0.7235862323969068,0.12059770539948445,0.12059770539948445,1.8995728172716424,0.31659546954527373,0.31659546954527373,0.4397699644997082,0.0732949940832847,0.0732949940832847,0.16514867741462683
4.3186392118,3.6722378096953907,-1.4712936983841016,1.5287063016158984,0.761654918570447,0.12694248642840783,0.12694248642840783,1.9067625060690108,0.3177937510115018,0.3177937510115018,0.2797817604879298,0.046630293414654966,0.046630293414654966,0.16514867741462683
4.3386392118,3.687852581096943,-1.468691236483843,1.531308763516157,0.7998356340172328,0.13330593900287213,0.13330593900287213,1.910787401501192,0.31846456691686537,0.31846456691686537,0.12329062798106678,0.020548437996844464,0.020548437996844464,0.16514867741462683
4.3586392118,3.7042315642973644,-1.4659614059504393,1.5340385940495607,0.8380657822842608,0.13967763038071013,0.13967763038071013,1.9117174449982863,0.31861957416638104,0.31861957416638104,-0.0297034330208811,-0.00495057217014685,-0.00495057217014685,0.16514867741462683
4.3786392118,3.721375133645435,-1.4631041443924275,1.5368958556075725,0.8762841657471307,0.14604736095785512,0.14604736095785512,1.90962257799039,0.318270429665065,0.318270429665065,-0.17920042251791363,-0.02986673708631894,-0.02986673708631894,0.16514867741462683
4.3986392118,3.7392824535257323,-1.4601195910790445,1.5398804089209555,0.914430985610044,0.15240516426834066,0.15240516426834066,1.9045727419076024,0.31742879031793375,0.31742879031793375,-0.32520034051002944,-0.054200056751671576,-0.054200056751671576,0.16514867741462683
4.4186392118,3.7579515063352047,-1.4570080822774658,1.5429919177225342,0.952447841905803,0.1587413069843005,0.1587413069843005,1.896637878180022,0.31610631303000364,0.31610631303000364,-0.4677031869972317,-0.07795053116620528,-0.07795053116620528,0.16514867741462683
4.4386392118,3.777379120459742,-1.453770146590043,1.546229853409957,0.9902777334958133,0.16504628891596887,0.16504628891596887,1.8858879282377463,0.31431465470629105,0.31431465470629105,-0.6067089619795176,-0.1011181603299196,-0.1011181603299196,0.16514867741462683
4.4586392118,3.797560998250748,-1.450406500291542,1.549593499708458,1.027865058070082,0.17131084301168037,0.17131084301168037,1.8723928335108742,0.3120654722518123,0.3120654722518123,-0.7422176654568895,-0.12370294424281492,-0.12370294424281492,0.16514867741462685
4.4786392118,3.818491744001714,-1.446918042666381,1.553081957333619,1.0651556121472188,0.17752593535786979,0.17752593535786979,1.8562225354295028,0.3093704225715838,0.3093704225715838,-0.8742292974293466,-0.14570488290489111,-0.14570488290489111,0.16514867741462683
4.4986392118,3.8401648919247866,-1.443305851345869,1.556694148654131,1.102096591074433,0.18368276517907217,0.18368276517907217,1.8374469754237328,0.3062411625706221,0.3062411625706221,-1.002743857896887,-0.16712397631614787,-0.16712397631614787,0.16514867741462685
4.5186392118,3.8625729341273463,-1.4395711776454423,1.5604288223545577,1.1386365890275396,0.18977276483792327,0.18977276483792327,1.81613609492366,0.30268934915394335,0.30268934915394335,-1.127761346859514,-0.18796022447658567,-0.18796022447658567,0.16514867741462683
4.5386392118,3.8857073485885727,-1.4357154419019045,1.5642845580980955,1.1747255990109517,0.19578759983515862,0.19578759983515862,1.7923598353593844,0.29872663922656406,0.29872663922656406,-1.2492817643172238,-0.20821362738620394,-0.20821362738620394,0.16514867741462683
4.5586392118,3.909558627136022,-1.4317402288106629,1.5682597711893371,1.210315012857687,0.2017191688096145,0.2017191688096145,1.7661881381610038,0.29436468969350066,0.29436468969350066,-1.3673051102700187,-0.22788418504500313,-0.22788418504500313,0.16514867741462683
4.5786392118,3.9341163034221958,-1.4276472827629674,1.5723527172370326,1.2453576212293649,0.2075596035382275,0.2075596035382275,1.7376909447586175,0.28961515745976957,0.28961515745976957,-1.4818313847178985,-0.2469718974529831,-0.2469718974529831,0.16514867741462685
4.5986392118,3.9593689809011137,-1.4234385031831478,1.5765614968168522,1.2798076136162053,0.2133012689360342,0.2133012689360342,1.7069381965823214,0.2844896994303869,0.2844896994303869,-1.5928605876608646,-0.2654767646101441,-0.2654767646101441,0.16514867741462683
4.6186392118,3.9853043608048866,-1.4191159398658522,1.5808840601341478,1.3136205783370323,0.21893676305617205,0.21893676305617205,1.673999835062214,0.278999972510369,0.278999972510369,-1.7003927190989132,-0.28339878651648553,-0.28339878651648553,0.16514867741462683
4.6386392118,4.011909270120287,-1.4146817883132854,1.5853182116867146,1.3467535025392694,0.22445891708987825,0.22445891708987825,1.6389458016283984,0.2731576336047331,0.2731576336047331,-1.804427779032048,-0.300737963172008,-0.300737963172008,0.16514867741462685
4.6586392118,4.039169689565322,-1.4101383850724463,1.5898616149275537,1.3791647721989442,0.22986079536649068,0.22986079536649068,1.6018460377109653,0.2669743396184942,0.2669743396184942,-1.9049657674602676,-0.31749429457671124,-0.31749429457671124,0.16514867741462683
4.6786392118,4.067070781565808,-1.4054882030723654,1.5945117969276346,1.4108141721206846,0.23513569535344744,0.23513569535344744,1.5627704847400201,0.26046174745667,0.26046174745667,-2.0020066843835713,-0.3336677807305952,-0.3336677807305952,0.16514867741462685
4.6986392118,4.0955969182319345,-1.4007338469613442,1.5992661530386558,1.4416628859377218,0.240277147656287,0.240277147656287,1.5217890841456554,0.2536315140242759,0.2536315140242759,-2.095550529801959,-0.34925842163365983,-0.34925842163365983,0.16514867741462685
4.7186392118,4.124731709334847,-1.3958780484441922,1.6041219515558078,1.471673496111889,0.24527891601864815,0.24527891601864815,1.478971777357973,0.24649529622632882,0.24649529622632882,-2.185597303715434,-0.3642662172859057,-0.3642662172859057,0.16514867741462683
4.7386392118,4.15445803028321,-1.3909236616194651,1.6090763383805349,1.5008099839336198,0.25013499732226996,0.25013499732226996,1.4343885058070707,0.23906475096784513,0.23906475096784513,-2.2721470061239915,-0.3786911676873319,-0.3786911676873319,0.16514867741462683
4.7586392118,4.184758050099784,-1.3858736583167026,1.6141263416832974,1.529037729521951,0.25483962158699186,0.25483962158699186,1.3881092109230464,0.23135153515384105,0.23135153515384105,-2.3551996370276345,-0.3925332728379391,-0.3925332728379391,0.16514867741462685
4.7786392118,4.2156132593979985,-1.380731123433667,1.619268876566333,1.5563235118245216,0.2593872519707536,0.2593872519707536,1.3402038341359996,0.2233673056893333,0.2233673056893333,-2.434755196426364,-0.40579253273772736,-0.40579253273772736,0.16514867741462683
4.7986392118,4.247004498358518,-1.3754992502735803,1.6245007497264197,1.5826355086175714,0.26377258476959525,0.26377258476959525,1.2907423168760253,0.21512371947933756,0.21512371947933756,-2.5108136843201763,-0.418468947386696,-0.418468947386696,0.16514867741462685
4.8186392118,4.27891198470582,-1.3701813358823633,1.6298186641176367,1.6079432965059435,0.2679905494176572,0.2679905494176572,1.2397946005732237,0.20663243342887064,0.20663243342887064,-2.5833751007090733,-0.4305625167848455,-0.4305625167848455,0.16514867741462683
4.8386392118,4.311315341684764,-1.3647807763858728,1.6352192236141272,1.6322178509230822,0.2720363084871804,0.2720363084871804,1.187430626657695,0.1979051044429492,0.1979051044429492,-2.652439445593056,-0.44207324093217604,-0.44207324093217604,0.16514867741462685
4.8586392118,4.344193626037164,-1.3593010623271393,1.6406989376728607,1.6554315461310338,0.27590525768850566,0.27590525768850566,1.1337203365595336,0.18895338942658893,0.18895338942658893,-2.7180067189721218,-0.45300111982868696,-0.45300111982868696,0.16514867741462685
4.8786392118,4.377525355978364,-1.353745774003606,1.646254225996394,1.6775581552204464,0.2795930258700744,0.2795930258700744,1.0787336717088423,0.17978894528480704,0.17978894528480704,-2.7800769208462732,-0.46334615347437885,-0.46334615347437885,0.16514867741462683
4.8986392118,4.411288539173802,-1.3481185768043664,1.6518814231956336,1.698572850110571,0.28309547501842847,0.28309547501842847,1.0225405735357165,0.17042342892261939,0.17042342892261939,-2.838650051215511,-0.4731083418692518,-0.4731083418692518,0.16514867741462683
4.9186392118,4.445460700715593,-1.3424232165474013,1.6575767834525987,1.7184522015492598,0.28640870025820997,0.28640870025820997,0.9652109834702556,0.1608684972450426,0.1608684972450426,-2.893726110079832,-0.4822876850133054,-0.4822876850133054,0.16514867741462683
4.9386392118,4.480018911099089,-1.3366635148168184,1.6633364851831816,1.737174179112966,0.289529029852161,0.289529029852161,0.9068148429425578,0.151135807157093,0.151135807157093,-2.94530509743924,-0.49088418290654007,-0.49088418290654007,0.16514867741462683
4.9586392118,4.514939814199461,-1.3308433643000899,1.6691566356999101,1.7547181512067491,0.2924530252011248,0.2924530252011248,0.8474220933827171,0.14123701556378618,0.14123701556378618,-2.99338701329373,-0.49889783554895495,-0.49889783554895495,0.16514867741462683
4.9786392118,4.5501996552482655,-1.324966724125289,1.675033275874711,1.771064885064262,0.2951774808440437,0.2951774808440437,0.7871026762208391,0.13118377937013984,0.13118377937013984,-3.0379718576433046,-0.5063286429405508,-0.5063286429405508,0.16514867741462685
4.9986392118,4.585774308810022,-1.3190376151983298,1.6809623848016702,1.7861965467477676,0.29769942445796127,0.29769942445796127,0.7259265328870191,0.12098775548116986,0.12098775548116986,-3.0790596304879667,-0.5131766050813278,-0.5131766050813278,0.16514867741462683
5.0186392118,4.621639306758772,-1.3130601155402046,1.6869398844597954,1.80009670114813,0.30001611685802165,0.30001611685802165,0.6639636048113534,0.11066060080189223,0.11066060080189223,-3.11665033182771,-0.519441721971285,-0.519441721971285,0.16514867741462683
5.0386392118,4.657769866254671,-1.3070383556242215,1.6929616443757785,1.8127503119848103,0.30212505199746836,0.30212505199746836,0.6012838334239428,0.1002139722373238,0.1002139722373238,-3.150743961662542,-0.5251239936104237,-0.5251239936104237,0.16514867741462683
5.0586392118,4.694140917720544,-1.3009765137132427,1.6990234862867573,1.8241437418058764,0.30402395696764606,0.30402395696764606,0.5379571601548852,0.08965952669248087,0.08965952669248087,-3.181340519992457,-0.5302234199987429,-0.5302234199987429,0.16514867741462683
5.0786392118,4.730727132818462,-1.294878811196923,1.705121188803077,1.8342647519879962,0.30571079199799933,0.30571079199799933,0.4740535264342774,0.07900892107237957,0.07900892107237957,-3.2084400068174537,-0.5347400011362423,-0.5347400011362423,0.16514867741462683
5.0986392118,4.767502952426321,-1.2887495079289466,1.7112504920710534,1.8431025027364385,0.3071837504560731,0.3071837504560731,0.40964287369221974,0.06827381228203662,0.06827381228203662,-3.2320424221375417,-0.5386737370229236,-0.5386737370229236,0.16514867741462685
5.1186392118,4.804442614614404,-1.2825928975642662,1.7174071024357338,1.8506475530850761,0.30844125884751267,0.30844125884751267,0.34479514335880895,0.05746585722646815,0.05746585722646815,-3.2521477659527083,-0.5420246276587847,-0.5420246276587847,0.16514867741462683
5.1386392118,4.841520182621958,-1.2764133028963405,1.7235866971036595,1.8568918608963834,0.3094819768160639,0.3094819768160639,0.27958027686414233,0.04659671281069039,0.04659671281069039,-3.2687560382629623,-0.5447926730438271,-0.5447926730438271,0.16514867741462683
5.1586392118,4.878709572833766,-1.2702150711943725,1.7297849288056275,1.861828782861433,0.3103047971435722,0.3103047971435722,0.21406821563832432,0.03567803593972072,0.03567803593972072,-3.2818672390683004,-0.54697787317805,-0.54697787317805,0.16514867741462683
5.1786392118,4.91598458275672,-1.2640025695405466,1.7359974304594534,1.8654530744999083,0.31090884574998473,0.31090884574998473,0.14832890111144462,0.024721483518574103,0.024721483518574103,-3.291481368368726,-0.5485802280614543,-0.5485802280614543,0.16514867741462685
5.1986392118,4.9533189189963895,-1.2577801801672686,1.7422198198327314,1.8677608901600855,0.3112934816933476,0.3112934816933476,0.08243227471360763,0.013738712452267939,0.013738712452267939,-3.297598426164233,-0.5495997376940389,-0.5495997376940389,0.16514867741462683
5.2186392118,4.990686225233597,-1.2515522957944005,1.7484477042055995,1.8687497830188464,0.3114582971698077,0.3114582971698077,0.016448277874909545,0.0027413796458182573,0.0027413796458182573,-3.3002184124548286,-0.5500364020758047,-0.5500364020758047,0.16514867741462683
5.2386392118,5.028060110200986,-1.2453233149665022,1.7546766850334978,1.868418705081677,0.3114031175136129,0.3114031175136129,-0.049553147974554665,-0.00825885799575911,-0.00825885799575911,-3.299341327240504,-0.5498902212067507,-0.5498902212067507,0.16514867741462685
5.2586392118,5.065414175659599,-1.2390976373900666,1.7609023626099334,1.8667680071826604,0.3111280011971101,0.3111280011971101,-0.11550206140467882,-0.01925034356744647,-0.01925034356744647,-3.2949671705212675,-0.549161195086878,-0.549161195086878,0.16514867741462685
5.2786392118,5.102722044375447,-1.2328796592707587,1.7671203407292413,1.8637994389844852,0.31063323983074753,0.31063323983074753,-0.18132852098537086,-0.030221420164228477,-0.030221420164228477,-3.2870959422971144,-0.5478493237161858,-0.5478493237161858,0.16514867741462683
5.2986392118,5.139957388096077,-1.226673768650654,1.773326231349346,1.859516148978441,0.30991935816307353,0.30991935816307353,-0.24696258528653112,-0.04116043088108852,-0.04116043088108852,-3.275727642568046,-0.5459546070946744,-0.5459546070946744,0.16514867741462685
5.3186392118,5.177093955527147,-1.2204843407454753,1.7795156592545247,1.853922684484424,0.30898711408073737,0.30898711408073737,-0.3123343128780622,-0.05205571881301037,-0.05205571881301037,-3.260862271334064,-0.543477045222344,-0.543477045222344,0.16514867741462685
5.3386392118,5.214105600309006,-1.2143157332818324,1.7856842667181676,1.8470249916509183,0.30783749860848636,0.30783749860848636,-0.37737376232986086,-0.06289562705497681,-0.06289562705497681,-3.242499828595164,-0.5404166380991939,-0.5404166380991939,0.16514867741462683
5.3586392118,5.2509663089932515,-1.2081722818344582,1.7918277181655418,1.8388304154550281,0.30647173590917137,0.30647173590917137,-0.4420109922118357,-0.07366849870197262,-0.07366849870197262,-3.2206403143513516,-0.5367733857252253,-0.5367733857252253,0.16514867741462685
5.3786392118,5.287650229019313,-1.2020582951634478,1.7979417048365522,1.8293476997024425,0.3048912832837404,0.3048912832837404,-0.5061760610938824,-0.08436267684898038,-0.08436267684898038,-3.1952837286026226,-0.532547288100437,-0.532547288100437,0.16514867741462683
5.3986392118,5.3241316966910155,-1.1959780505514974,1.8040219494485026,1.8185869870274713,0.3030978311712452,0.3030978311712452,-0.5697990275459068,-0.09496650459098448,-0.09496650459098448,-3.16643007134898,-0.52773834522483,-0.52773834522483,0.16514867741462683
5.4186392118,5.360385265153164,-1.1899357891411393,1.8100642108588607,1.8065598188930072,0.30109330314883453,0.30109330314883453,-0.6328099501378096,-0.10546832502296825,-0.10546832502296825,-3.1340793425904194,-0.5223465570984032,-0.5223465570984032,0.16514867741462683
5.4386392118,5.396385732368098,-1.1839357112719835,1.8160642887280165,1.793279135590561,0.29887985593176014,0.29887985593176014,-0.6951388874394896,-0.11585648123991495,-0.11585648123991495,-3.098231542326945,-0.5163719237211575,-0.5163719237211575,0.16514867741462683
5.4586392118,5.432108169092282,-1.177981971817953,1.822018028182047,1.7787592762402322,0.29645987937337204,0.29645987937337204,-0.7567158980208533,-0.12611931633680887,-0.12611931633680887,-3.058886670558555,-0.5098144450930926,-0.5098144450930926,0.16514867741462683
5.4786392118,5.467527946852863,-1.172078675524523,1.827921324475477,1.763015978790728,0.2938359964651213,0.2938359964651213,-0.8174710404517983,-0.13624517340863304,-0.13624517340863304,-3.0160447272852537,-0.502674121214209,-0.502674121214209,0.16514867741462683
5.4986392118,5.502620765924248,-1.1662298723459588,1.8337701276540412,1.746066380019362,0.29101106333656035,0.29101106333656035,-0.8773343733022311,-0.14622239555037184,-0.14622239555037184,-2.9697057125070323,-0.49495095208450535,-0.49495095208450535,0.16514867741462683
5.5186392118,5.53736268330468,-1.1604395527825533,1.8395604472174467,1.727929015532043,0.2879881692553405,0.2879881692553405,-0.9362359551420517,-0.15603932585700864,-0.15603932585700864,-2.919869626223894,-0.4866449377039823,-0.4866449377039823,0.16514867741462683
5.5386392118,5.571730140692804,-1.154711643217866,1.845288356782134,1.708623819763285,0.28477063662721414,0.28477063662721414,-0.9941058445411513,-0.16568430742352522,-0.16568430742352522,-2.866536468435845,-0.4777560780726409,-0.4777560780726409,0.16514867741462683
5.5586392118,5.60569999246424,-1.1490500012559601,1.8509499987440399,1.6881721259762024,0.28136202099603375,0.28136202099603375,-1.0508741000694453,-0.17514568334490754,-0.17514568334490754,-2.8097062391428818,-0.4682843731904803,-0.4682843731904803,0.16514867741462685
5.5786392118,5.639249533648155,-1.1434584110586408,1.8565415889413592,1.6665966662625138,0.2777661110437523,0.2777661110437523,-1.1064707802968374,-0.18441179671613958,-0.18441179671613958,-2.7493789383449996,-0.45822982305749993,-0.45822982305749993,0.16514867741462685
5.5986392118,5.672356527903846,-1.1379405786826924,1.8620594213173076,1.6439215715425353,0.27398692859042256,0.27398692859042256,-1.160825943793219,-0.19347099063220313,-0.19347099063220313,-2.685554566042202,-0.4475924276737004,-0.4475924276737004,0.16514867741462685
5.6186392118,5.70499923549729,-1.1325001274171185,1.8674998725828815,1.6201723715651923,0.2700287285941987,0.2700287285941987,-1.2138696491284944,-0.2023116081880824,-0.2023116081880824,-2.61823312223449,-0.43637218703908165,-0.43637218703908165,0.16514867741462683
5.6386392118,5.7371564412777385,-1.127140593120377,1.872859406879623,1.5953759949080035,0.2658959991513339,0.2658959991513339,-1.2655319548725608,-0.21092199247876015,-0.21092199247876015,-2.5474146069218655,-0.42456910115364427,-0.42456910115364427,0.16514867741462683
5.6586392118,5.768807482654268,-1.121865419557622,1.878134580442378,1.5695607689770994,0.26159346149618323,0.26159346149618323,-1.3157429195953314,-0.2192904865992219,-0.2192904865992219,-2.473099020104326,-0.4121831700173877,-0.4121831700173877,0.16514867741462683
5.6786392118,5.799932277572378,-1.1166779537379372,1.8833220462620628,1.5427564200072008,0.25712607000120014,0.25712607000120014,-1.3644326018667055,-0.2274054336444509,-0.2274054336444509,-2.395286361781865,-0.39921439363031086,-0.39921439363031086,0.16514867741462683
5.6986392118,5.830511352490536,-1.1115814412515774,1.8884185587484226,1.5149940730616398,0.25249901217694,0.25249901217694,-1.4115310602565783,-0.2352551767094297,-0.2352551767094297,-2.313976631954492,-0.38566277199241533,-0.38566277199241533,0.16514867741462685
5.7186392118,5.860525870356767,-1.1065790216072056,1.8934209783927944,1.4863062520323487,0.2477177086720581,0.2477177086720581,-1.4569683533348525,-0.24282805888914208,-0.24282805888914208,-2.229169830622207,-0.3715283051037012,-0.3715283051037012,0.16514867741462683
5.7386392118,5.8899576585852245,-1.1016737235691292,1.8983262764308708,1.4567268796398543,0.24278781327330906,0.24278781327330906,-1.5006745396714287,-0.25011242327857147,-0.25011242327857147,-2.140865957785004,-0.3568109929641673,-0.3568109929641673,0.16514867741462685
5.7586392118,5.91878923703275,-1.0968684604945418,1.9031315395054582,1.4262912774333045,0.23771521290555075,0.23771521290555075,-1.542579677836221,-0.25709661297270353,-0.25709661297270353,-2.0490650134428856,-0.34151083557381423,-0.34151083557381423,0.16514867741462683
5.7786392118,5.947003845975463,-1.0921660256707562,1.9078339743292438,1.395036165790422,0.23250602763173703,0.23250602763173703,-1.582613826399116,-0.2637689710665193,-0.2637689710665193,-1.9537669975958518,-0.32562783293264197,-0.32562783293264197,0.16514867741462685
5.7986392118,5.974585474085316,-1.0875690876524473,1.9124309123475527,1.3629996639175523,0.22716661065292537,0.22716661065292537,-1.6207070439300206,-0.27011784065500344,-0.27011784065500344,-1.854971910243903,-0.3091619850406505,-0.3091619850406505,0.16514867741462683
5.8186392118,6.00151888640668,-1.0830801855988867,1.9169198144011133,1.3302212898496353,0.22170354830827252,0.22170354830827252,-1.6567893889988377,-0.2761315648331396,-0.2761315648331396,-1.7526797513870425,-0.2921132918978404,-0.2921132918978404,0.16514867741462683
5.8386392118,6.027789652332908,-1.078701724611182,1.921298275388818,1.2967419604502142,0.2161236600750357,0.2161236600750357,-1.6907909201754652,-0.28179848669591084,-0.28179848669591084,-1.6468905210252665,-0.27448175350421106,-0.27448175350421106,0.16514867741462683
5.8586392118,6.053384173582909,-1.074435971069515,1.925564028930485,1.262603991411429,0.2104339985685715,0.2104339985685715,-1.7226416960298128,-0.2871069493383021,-0.2871069493383021,-1.5376042191585693,-0.2562673698597615,-0.2562673698597615,0.16514867741462683
5.8786392118,6.078289712177723,-1.0702850479703796,1.9297149520296204,1.227851097254036,0.20464184954233933,0.20464184954233933,-1.752271775131776,-0.292045295855296,-0.292045295855296,-1.4248208457869598,-0.23747014096449331,-0.23747014096449331,0.16514867741462683
5.8986392118,6.102494418417091,-1.0662509302638181,1.9337490697361819,1.1925283913273754,0.19875473188789589,0.19875473188789589,-1.7796112160512623,-0.29660186934187704,-0.29660186934187704,-1.3085404009104353,-0.2180900668184059,-0.2180900668184059,0.16514867741462683
5.9186392118,6.125987358856027,-1.0623354401906622,1.9376645598093378,1.1566823858094006,0.1927803976349001,0.1927803976349001,-1.8045900773581627,-0.3007650128930271,-0.3007650128930271,-1.1887628845289926,-0.19812714742149876,-0.19812714742149876,0.16514867741462683
5.9386392118,6.148758544281387,-1.058540242619769,1.941459757380231,1.120360991706663,0.1867268319511105,0.1867268319511105,-1.8271384176223866,-0.3045230696037311,-0.3045230696037311,-1.0654882966426378,-0.17758138277377297,-0.17758138277377297,0.16514867741462683
5.9586392118,6.170798957688444,-1.0548668403852592,1.9451331596147408,1.0836135188543266,0.18060225314238776,0.18060225314238776,-1.8471862954138345,-0.3078643825689724,-0.3078643825689724,-0.938716637251371,-0.1564527728752285,-0.1564527728752285,0.16514867741462683
5.9786392118,6.192100582257467,-1.0513165696237554,1.9486834303762446,1.046490675916135,0.17441511265268916,0.17441511265268916,-1.8646637693024066,-0.3107772948837344,-0.3107772948837344,-0.808447906355189,-0.13474131772586484,-0.13474131772586484,0.16514867741462683
5.9986392118,6.212656429330281,-1.0478905951116197,1.9521094048883803,1.0090445703844484,0.1681740950640747,0.1681740950640747,-1.8795008978580126,-0.31325014964300213,-0.31325014964300213,-0.6746821039540793,-0.1124470173256799,-0.1124470173256799,0.16514867741462683
6.0186392118,6.232460566386846,-1.0445899056021921,1.9554100943978079,0.9713287085802297,0.16188811809670495,0.16188811809670495,-1.8916277396505388,-0.31527128994175646,-0.31527128994175646,-0.5374192300480671,-0.08956987167467785,-0.08956987167467785,0.16514867741462683
6.0386392118,6.251508145021823,-1.0414153091630294,1.9585846908369706,0.9333979956530492,0.15556633260884153,0.15556633260884153,-1.9009743532499044,-0.316829058874984,-0.316829058874984,-0.39665928463713657,-0.0661098807728561,-0.0661098807728561,0.16514867741462685
6.0586392118,6.2697954289211495,-1.0383674285131417,1.9616325714868583,0.8953087355810592,0.1492181225968432,0.1492181225968432,-1.907470797225993,-0.31791179953766546,-0.31791179953766546,-0.252402267721294,-0.04206704462021567,-0.04206704462021567,0.16514867741462683
6.0786392118,6.287319821838624,-1.0354466963602293,1.9645533036397707,0.8571186311710313,0.1428531051951719,0.1428531051951719,-1.9110471301487213,-0.3185078550247869,-0.3185078550247869,-0.10464817930053315,-0.017441363216755525,-0.017441363216755525,0.16514867741462685
6.0986392118,6.304079895572459,-1.0326533507379236,1.9673466492620764,0.8188867840583315,0.1364811306763886,0.1364811306763886,-1.9116334105879853,-0.31860556843133087,-0.31860556843133087,0.04660298062514912,0.007767163437524853,0.007767163437524853,0.16514867741462685
6.1186392118,6.32007541794185,-1.029987430343025,1.970012569656975,0.7806736947069365,0.13011228245115608,0.13011228245115608,-1.9091596971136777,-0.31819328285227966,-0.31819328285227966,0.20135121205573714,0.03355853534262286,0.03355853534262286,0.16514867741462683
6.1386392118,6.335307380763577,-1.027448769872737,1.972551230127263,0.742541262409412,0.12375687706823534,0.12375687706823534,-1.9035560482957206,-0.3172593413826201,-0.3172593413826201,0.35959651499124345,0.059932752498540576,0.059932752498540576,0.16514867741462685
6.1586392118,6.349778027828544,-1.0250369953619094,1.9749630046380906,0.7045527852869308,0.11742546421448846,0.11742546421448846,-1.8947525227039927,-0.3157920871173321,-0.3157920871173321,0.5213388894316586,0.08688981490527645,0.08688981490527645,0.16514867741462683
6.1786392118,6.36349088287837,-1.0227515195202717,1.9772484804797283,0.6667729602892725,0.11112882671487874,0.11112882671487874,-1.8826791789084178,-0.313779863151403,-0.313779863151403,0.6865783353770046,0.11442972256283411,0.11442972256283411,0.16514867741462683
6.1986392118,6.3764507775819474,-1.0205915370696754,1.9794084629303246,0.6292678831948306,0.10487798053247177,0.10487798053247177,-1.8672660754788917,-0.3112110125798153,-0.3112110125798153,0.8553148528272564,0.14255247547120942,0.14255247547120942,0.16514867741462683
6.2186392118,6.388663879512045,-1.018556020081326,1.981443979918674,0.5921050486105529,0.09868417476842548,0.09868417476842548,-1.848443270985303,-0.30807387849755047,-0.30807387849755047,1.0275484417824297,0.17125807363040493,0.17125807363040493,0.16514867741462683
6.2386392118,6.400137720121824,-1.0166437133130293,1.9833562866869707,0.5553533499720413,0.09255889166200688,0.09255889166200688,-1.8261408239975563,-0.3043568039995927,-0.3043568039995927,1.2032791022425118,0.20054651704041862,0.20054651704041862,0.16514867741462683
6.2586392118,6.410881222721477,-1.0148531295464205,1.9851468704535795,0.5190830795434749,0.08651384659057915,0.08651384659057915,-1.8002887930855664,-0.30004813218092774,-0.30004813218092774,1.3825068342075058,0.23041780570125095,0.23041780570125095,0.16514867741462683
6.2786392118,6.42090473045474,-1.01318254492421,1.98681745507579,0.4833659284176361,0.08056098806960602,0.08056098806960602,-1.7708172368192194,-0.29513620613653657,-0.29513620613653657,1.5652316376774182,0.260871939612903,0.260871939612903,0.16514867741462683
6.2986392118,6.430220034275488,-1.0116299942874187,1.9883700057125813,0.4482749865159354,0.0747124977526559,0.0747124977526559,-1.737656213768439,-0.2896093689614065,-0.2896093689614065,1.751453512652255,0.29190891877537584,0.29190891877537584,0.16514867741462683
6.3186392118,6.438840400924346,-1.010193266512609,1.989806733487391,0.41388474258833546,0.06898079043138924,0.06898079043138924,-1.7007357825030973,-0.28345596375051624,-0.28345596375051624,1.9411724591319977,0.3235287431886663,0.3235287431886663,0.16514867741462683
6.3386392118,6.446780600905193,-1.0088698998491346,1.9911301001508654,0.38027108421343936,0.06337851403557324,0.06337851403557324,-1.659986001593123,-0.27666433359885384,-0.27666433359885384,2.1343884771166524,0.35573141285277543,0.35573141285277543,0.16514867741462685
6.3586392118,6.454056936461769,-1.0076571772563718,1.9923428227436282,0.3475112977984396,0.05791854963307326,0.05791854963307326,-1.6153369296084021,-0.2692228216014004,-0.2692228216014004,2.3311015666062254,0.38851692776770425,0.38851692776770425,0.16514867741462683
6.3786392118,6.460687269554247,-1.0065521217409588,1.9934478782590412,0.3156840685791424,0.05261401142985706,0.05261401142985706,-1.5667186251188396,-0.26111977085314,-0.26111977085314,2.5313117276007167,0.42188528793345276,0.42188528793345276,0.16514867741462683
6.3986392118,6.4666910498358225,-1.0055514916940296,1.9944485083059704,0.2848694806199187,0.047478246769986444,0.047478246769986444,-1.5140611466943361,-0.252343524449056,-0.252343524449056,2.73501896010012,0.45583649335002,0.45583649335002,0.16514867741462683
6.4186392118,6.47208934262922,-1.0046517762284635,1.9953482237715365,0.2551490168137992,0.0425248361356332,0.0425248361356332,-1.4572945529048056,-0.24288242548413427,-0.24288242548413427,2.9422232641044417,0.49037054401740693,0.49037054401740693,0.16514867741462685
6.4386392118,6.476904856903349,-1.0038491905161084,1.9961508094838916,0.22660555888236517,0.037767593147060866,0.037767593147060866,-1.3963489023201299,-0.232724817053355,-0.232724817053355,3.152924639613681,0.5254874399356135,0.5254874399356135,0.16514867741462685
6.4586392118,6.481161973249824,-1.0031396711250293,1.9968603288749707,0.19932338737582936,0.03322056456263823,0.03322056456263823,-1.3311542535102185,-0.22185904225170308,-0.22185904225170308,3.367123086627827,0.5611871811046378,0.5611871811046378,0.16514867741462685
6.4786392118,6.4848867718595535,-1.002518871356741,1.997481128643259,0.17338818167299383,0.028898030278832303,0.028898030278832303,-1.2616406650449812,-0.21027344417416352,-0.21027344417416352,3.584818605146891,0.5974697675244818,0.5974697675244818,0.16514867741462683
6.4986392118,6.488107060499299,-1.0019821565834501,1.9980178434165499,0.14888701998126752,0.024814503330211252,0.024814503330211252,-1.1877381954943134,-0.1979563659157189,-0.1979563659157189,3.8060111951708793,0.6343351991951466,0.6343351991951466,0.16514867741462683
6.5186392118,6.490852402488267,-1.0015245995852888,1.9984754004147112,0.12590837933665924,0.020984729889443207,0.020984729889443207,-1.1093769034281158,-0.18489615057135264,-0.18489615057135264,4.030700856699774,0.6717834761166289,0.6717834761166289,0.16514867741462683
6.5386392118,6.493154144674664,-1.001140975887556,1.998859024112444,0.10454213560378472,0.017423689267297454,0.017423689267297454,-1.0264868474162978,-0.17108114123604964,-0.17108114123604964,4.258887589733586,0.709814598288931,0.709814598288931,0.16514867741462683
6.5586392118,6.49504544541227,-1.000825759097955,1.999174240902045,0.08487956347584892,0.014146593912641487,0.014146593912641487,-0.9389980860287503,-0.15649968100479172,-0.15649968100479172,4.490571394272311,0.7484285657120517,0.7484285657120517,0.16514867741462685
6.5786392118,6.496561302537024,-1.0005731162438294,1.9994268837561706,0.06701333647466723,0.011168889412444538,0.011168889412444538,-0.8468406778353691,-0.14114011297256152,-0.14114011297256152,4.725752270315947,0.7876253783859912,0.7876253783859912,0.16514867741462683
6.5986392118,6.497738581343585,-1.0003769031094025,1.9996230968905975,0.05103752695066199,0.008506254491776999,0.008506254491776999,-0.7499446814060685,-0.12499078023434475,-0.12499078023434475,4.964430217864508,0.8274050363107514,0.8274050363107514,0.16514867741462683
6.6186392118,6.49861604256191,-1.000230659573015,1.999769340426985,0.03704760608286245,0.006174601013810409,0.006174601013810409,-0.6482401553107534,-0.10804002588512557,-0.10804002588512557,5.206605236917981,0.8677675394863302,0.8677675394863302,0.16514867741462685
6.6386392118,6.4992343703338085,-1.0001276049443653,1.9998723950556347,0.025140443878880002,0.004190073979813334,0.004190073979813334,-0.5416571581193195,-0.09027619301988658,-0.09027619301988658,5.4522773274763665,0.9087128879127278,0.9087128879127278,0.16514867741462683
6.6586392118,6.499636200189545,-1.0000606333017426,1.9999393666982574,0.015414309174936497,0.002569051529156083,0.002569051529156083,-0.4301257484016671,-0.07168762473361119,-0.07168762473361119,5.701446489539664,0.9502410815899439,0.9502410815899439,0.16514867741462683
6.6786392118,6.499866147024385,-1.0000223088292692,1.9999776911707308,0.007968869635857172,0.0013281449393095287,0.0013281449393095287,-0.3135759847276965,-0.05226266412128275,-0.05226266412128275,5.954112723107885,0.9923521205179808,0.9923521205179808,0.16514867741462683
6.6986392118,6.499970833075181,-1.0000048611541366,1.9999951388458634,0.002905191755070643,0.00048419862584510716,0.00048419862584510716,-0.19193792566731266,-0.03198965427788544,-0.03198965427788544,6.210276028181019,1.0350460046968364,1.0350460046968364,0.16514867741462685
6.7186392118,6.499998915896945,-1.0000001806838426,1.9999998193161574,0.00032574085460182717,5.4290142433637866e-05,5.4290142433637866e-05,-0.06514162979042062,-0.010856938298403437,-0.010856938298403437,6.469936404759064,1.0783227341265107,1.0783227341265107,0.16514867741462685
6.7486069867,6.500004723452141,-0.999996851031906,2.0,0.0007060878059725641,0.0004707252039817094,0.0,0.07012344476241329,0.0467489631749422,0.0,3.4335386628803937,2.2890257752535956,0.0,0.5880026035475676
6.7686069867,6.50003739988222,-0.9999750667451868,2.0,0.002785657797091765,0.0018571051980611768,0.0,0.13735489051411168,0.09156992700940778,0.0,3.2899395122618404,2.1932930081745603,0.0,0.5880026035475676
6.7886069867,6.500124923202938,-0.9999167178647085,2.0,0.00618127031311018,0.004120846875406787,0.0,0.20173436925178279,0.13448957950118853,0.0,3.148341961477674,2.098894640985116,0.0,0.5880026035475676
6.8086069867,6.500293046540188,-0.9998046356398745,2.0,0.010836286333714147,0.007224190889142765,0.0,0.2633019129721145,0.17553460864807635,0.0,3.0087460105278954,2.0058306736852636,0.0,0.5880026035475675
6.8286069867,6.50056639824586,-0.9996224011694262,2.0,0.016694867478523754,0.011129911652349169,0.0,0.32209755367179455,0.21473170244786305,0.0,2.8711516594125035,1.9141011062750022,0.0,0.5880026035475675
6.8486069867,6.500968497910634,-0.9993543347262438,2.0,0.02370197600709283,0.015801317338061886,0.0,0.37816132334751057,0.25210754889834036,0.0,2.735558908131498,1.8237059387543317,0.0,0.5880026035475675
6.8686069867,6.50152177237678,-0.9989854850821471,2.0,0.031803374818909005,0.02120224987927267,0.0,0.4315332539959503,0.2876888359973002,0.0,2.6019677566848785,1.7346451711232522,0.0,0.5880026035475676
6.8886069867,6.502247571750955,-0.9985016188326966,2.0,0.04094562745339359,0.02729708496892906,0.0,0.4822533776138017,0.32150225174253444,0.0,2.4703782050726475,1.646918803381765,0.0,0.5880026035475675
6.9086069867,6.503166185417008,-0.9978892097219942,2.0,0.05107609808990172,0.03405073205993448,0.0,0.530361726197752,0.35357448413183473,0.0,2.3407902532948026,1.5605268355298685,0.0,0.5880026035475676
6.9286069867,6.5042968580487734,-0.9971354279674846,2.0,0.062142951547722265,0.04142863436514818,0.0,0.5758983317444897,0.3839322211629931,0.0,2.2132039013513443,1.475469267567563,0.0,0.5880026035475676
6.9486069867,6.505657805622867,-0.9962281295847548,2.0,0.07409515328607781,0.049396768857385205,0.0,0.6189032262507019,0.41260215083380125,0.0,2.0876191492422733,1.3917460994948487,0.0,0.5880026035475675
6.9686069867,6.507266231431494,-0.9951558457123372,2.0,0.08688246940412472,0.05792164626941648,0.0,0.6594164417130765,0.439610961142051,0.0,1.9640359969675891,1.309357331311726,0.0,0.5880026035475675
6.9886069867,6.509138342095238,-0.993907771936508,2.0,0.1004554666409532,0.06697031109396881,0.0,0.6974780101283012,0.46498534008553416,0.0,1.8424544445272917,1.2283029630181945,0.0,0.5880026035475676
7.0086069867,6.511289363575864,-0.9924737576160904,2.0,0.11476551237558708,0.07651034158372472,0.0,0.7331279634930641,0.4887519756620427,0.0,1.7228744919213814,1.1485829946142543,0.0,0.5880026035475675
7.0286069867,6.51373355718912,-0.9908442952072535,2.0,0.12976477462698388,0.0865098497513226,0.0,0.7664063338040523,0.5109375558693682,0.0,1.6052961391498584,1.0701974260999054,0.0,0.5880026035475676
7.0486069867,6.516484235617528,-0.9890105095883145,2.0,0.14540622205403522,0.09693748136935681,0.0,0.7973531530579543,0.5315687687053029,0.0,1.4897193862127216,0.9931462574751478,0.0,0.5880026035475675
7.0686069867,6.519553778923191,-0.9869641473845393,2.0,0.16164362395556614,0.10776241597037743,0.0,0.8260084532514572,0.5506723021676382,0.0,1.3761442331099718,0.9174294887399812,0.0,0.5880026035475676
7.0886069867,6.522953650560586,-0.9846975662929428,2.0,0.17843155027033542,0.11895436684689029,0.0,0.852412266381249,0.568274844254166,0.0,1.2645706798416092,0.8430471198944062,0.0,0.5880026035475676
7.1086069867,6.5266944133893645,-0.9822037244070906,2.0,0.19572537157703593,0.1304835810513573,0.0,0.8766046244440175,0.5844030829626783,0.0,1.1549987264076331,0.769999150938422,0.0,0.5880026035475676
7.1286069867,6.530785745687151,-0.9794761695418993,2.0,0.21348125909429397,0.142320839396196,0.0,0.8986255594364504,0.599083706290967,0.0,1.047428372808044,0.6982855818720294,0.0,0.5880026035475676
7.1486069867,6.535236457162343,-0.9765090285584378,2.0,0.23165618468066956,0.1544374564537797,0.0,0.9185151033552353,0.6123434022368235,0.0,0.9418596190428422,0.6279064126952282,0.0,0.5880026035475675
7.1686069867,6.540054504966909,-0.9732969966887277,2.0,0.2502079208346569,0.16680528055643792,0.0,0.9363132881970601,0.6242088587980401,0.0,0.8382924651120266,0.5588616434080178,0.0,0.5880026035475675
7.1886069867,6.5452470097091835,-0.9698353268605445,2.0,0.2690950406946836,0.17939669379645573,0.0,0.952060145958612,0.634706763972408,0.0,0.7367269110155984,0.49115127401039893,0.0,0.5880026035475675
7.2086069867,6.550820271466672,-0.9661198190222188,2.0,0.2882769180391108,0.19218461202607387,0.0,0.9657957086365798,0.6438638057577198,0.0,0.6371629567535567,0.42477530450237116,0.0,0.5880026035475675
7.2286069867,6.556779785798845,-0.9621468094674362,2.0,0.30771372728623414,0.20514248485748943,0.0,0.9775600082276505,0.651706672151767,0.0,0.5396006023259023,0.35973373488393484,0.0,0.5880026035475675
7.2486069867,6.563130259759941,-0.9579131601600395,2.0,0.3273664434942821,0.21824429566285475,0.0,0.9873930767285118,0.6582620511523412,0.0,0.4440398477326342,0.29602656515508946,0.0,0.5880026035475675
7.2686069867,6.569875627911758,-0.9534162480588283,2.0,0.3471968423614178,0.23146456157427853,0.0,0.9953349461358516,0.6635566307572344,0.0,0.35048069297375317,0.23365379531583547,0.0,0.5880026035475675
7.2886069867,6.577019068336459,-0.9486539544423609,2.0,0.36716750022573735,0.24477833348382494,0.0,1.001425648446358,0.6676170989642385,0.0,0.25892313804925937,0.17261542536617294,0.0,0.5880026035475676
7.3086069867,6.584563018649368,-0.9436246542337544,2.0,0.38724179406527115,0.25816119604351406,0.0,1.005705215656718,0.6704701437711453,0.0,0.16936718295915285,0.1129114553061019,0.0,0.5880026035475675
7.3286069867,6.592509192011771,-0.9383272053254862,2.0,0.4073839014979829,0.27158926766532193,0.0,1.0082136797636196,0.6721424531757465,0.0,0.08181282770343272,0.05454188513562181,0.0,0.5880026035475675
7.3486069867,6.600858593143708,-0.9327609379041945,2.0,0.42755880078177066,0.2850392005211804,0.0,1.0089910727637514,0.6726607151758343,0.0,-0.003739927717900594,-0.0024932851452670627,-0.0,0.5880026035475675
7.3686069867,6.609611534336781,-0.9269256437754794,2.0,0.4477322708144658,0.2984881805429772,0.0,1.0080774266537997,0.6720516177691999,0.0,-0.08729108330484665,-0.05819405553656444,-0.0,0.5880026035475675
7.3886069867,6.6187676514669445,-0.9208215656887035,2.0,0.4678708911338334,0.31191392742255564,0.0,1.0055127734304532,0.6703418489536355,0.0,-0.16884063905740695,-0.11256042603827131,-0.0,0.5880026035475676
7.4086069867,6.62832592000731,-0.9144493866617932,2.0,0.48794204191757257,0.32529469461171506,0.0,1.0013371450903996,0.6675580967269331,0.0,-0.24838859497557958,-0.1655923966503864,-0.0,0.5880026035475676
7.4286069867,6.638284671040941,-0.9078102193060393,2.0,0.507913903983316,0.3386092693222107,0.0,0.9955905736303259,0.6637270490868838,0.0,-0.32593495105936493,-0.21728996737290998,-0.0,0.5880026035475675
7.4486069867,6.648641607273653,-0.9009055951508979,2.0,0.52775545878863,0.35183697252575336,0.0,0.9883130910469211,0.6588753940312807,0.0,-0.4014797073087635,-0.26765313820584236,-0.0,0.5880026035475676
7.4686069867,6.659393819046813,-0.893737453968791,2.0,0.5474364884310152,0.36495765895401017,0.0,0.9795447293368712,0.6530298195579142,0.0,-0.4750228637237759,-0.3166819091491839,-0.0,0.5880026035475676
7.4886069867,6.670537800350138,-0.8863081330999085,2.0,0.5669275756479053,0.37795171709860353,0.0,0.9693255204968655,0.646217013664577,0.0,-0.546564420304401,-0.364376280202934,-0.0,0.5880026035475675
7.5086069867,6.6820694648344885,-0.8786203567770074,2.0,0.586200103816668,0.39080006921111193,0.0,0.9576954965235918,0.6384636643490611,0.0,-0.6161043770506399,-0.41073625136709324,-0.0,0.5880026035475675
7.5286069867,6.6939841618246785,-0.8706772254502143,2.0,0.6052262569546053,0.4034841713030701,0.0,0.9446946894137358,0.6297964596091572,0.0,-0.6836427339624902,-0.4557618226416602,-0.0,0.5880026035475675
7.5486069867,6.7062766923322625,-0.8624822051118252,2.0,0.6239790197189515,0.4159860131459677,0.0,0.9303631311639871,0.620242087442658,0.0,-0.7491794910399547,-0.49945299402663645,-0.0,0.5880026035475676
7.5686069867,6.71894132506834,-0.8540391166211064,2.0,0.6424321774068764,0.4282881182712509,0.0,0.9147408537710336,0.6098272358473558,0.0,-0.8127146482830316,-0.5418097655220211,-0.0,0.5880026035475675
7.5886069867,6.731971812456355,-0.8453521250290964,2.0,0.6605603159554827,0.4403735439703218,0.0,0.8978678892315622,0.5985785928210414,0.0,-0.8742482056917229,-0.5828321371278152,-0.0,0.5880026035475675
7.6086069867,6.745361406644891,-0.8364257289034059,2.0,0.6783388219418066,0.4522258812945377,0.0,0.8797842695422611,0.5865228463615074,0.0,-0.9337801632660269,-0.6225201088440179,-0.0,0.5880026035475675
7.6286069867,6.7591028755204725,-0.8272647496530185,2.0,0.6957438825828188,0.46382925505521255,0.0,0.8605300266998174,0.5736866844665449,0.0,-0.9913105210059442,-0.6608736806706295,-0.0,0.5880026035475675
7.6486069867,6.773188518720361,-0.8178743208530925,2.0,0.712752485735423,0.4751683238236153,0.0,0.8401451927009186,0.5600967951339457,0.0,-1.046839278911473,-0.6978928526076488,-0.0,0.5880026035475675
7.6686069867,6.787610183645358,-0.8082598775697608,2.0,0.7293424198964573,0.48622827993097156,0.0,0.8186697995422538,0.5457798663615026,0.0,-1.1003664369826165,-0.7335776246550776,-0.0,0.5880026035475676
7.6886069867,6.802359281472601,-0.7984271456849328,2.0,0.7454922742026925,0.4969948494684616,0.0,0.7961438792205103,0.5307625861470069,0.0,-1.1518919952193731,-0.7679279968129153,-0.0,0.5880026035475675
7.7086069867,6.81742680316836,-0.7883821312210939,2.0,0.7611814384308349,0.5074542922872233,0.0,0.7726074637323744,0.5150716424882495,0.0,-1.2014159536217415,-0.800943969081161,-0.0,0.5880026035475676
7.7286069867,6.832803335500838,-0.7781311096661081,2.0,0.7763901029975229,0.5175934019983486,0.0,0.7481005850745367,0.49873372338302446,0.0,-1.2489383121897244,-0.8326255414598163,-0.0,0.5880026035475675
7.7486069867,6.848479077052974,-0.7676806152980171,2.0,0.7910992589593294,0.5273995059728863,0.0,0.7226632752436821,0.48177551682912145,0.0,-1.2944590709233204,-0.8629727139488802,-0.0,0.5880026035475676
7.7686069867,6.864443854235235,-0.7570374305098431,2.0,0.8052906980127613,0.536860465341841,0.0,0.6963355662364995,0.464223710824333,0.0,-1.3379782298225293,-0.8919854865483529,-0.0,0.5880026035475676
7.7886069867,6.880687137298419,-0.7462085751343877,2.0,0.8189470124942589,0.5459646749961726,0.0,0.6691574900496762,0.4461049933664508,0.0,-1.37949578888735,-0.9196638592582332,-0.0,0.5880026035475675
7.8086069867,6.897198056346449,-0.7352012957690343,2.0,0.8320515953801956,0.554701063586797,0.0,0.6411690786799009,0.4274460524532673,0.0,-1.419011748117786,-0.946007832078524,-0.0,0.5880026035475675
7.8286069867,6.913965417349178,-0.724023055100548,2.0,0.8445886402868796,0.5630590935245864,0.0,0.6124103641238612,0.4082735760825741,0.0,-1.4565261075138338,-0.9710174050092225,-0.0,0.5880026035475675
7.8486069867,6.930977718155184,-0.7126815212298774,2.0,0.856543141470553,0.5710287609803686,0.0,0.5829213783782433,0.38861425225216223,0.0,-1.4920388670754945,-0.9946925780503297,-0.0,0.5880026035475675
7.8686069867,6.948223164504568,-0.7011845569969547,2.0,0.8679008938273906,0.578600595884927,0.0,0.5527421534397369,0.3684947689598245,0.0,-1.5255500268027682,-1.0170333512018455,-0.0,0.5880026035475675
7.8886069867,6.965689686041754,-0.6895402093054971,2.0,0.878648492893501,0.5857656619290007,0.0,0.5219127213050291,0.3479418142033527,0.0,-1.5570595866956558,-1.0380397244637705,-0.0,0.5880026035475676
7.9086069867,6.98336495232829,-0.6777566984478067,2.0,0.8887733348449279,0.5925155565632854,0.0,0.490473113970807,0.32698207598053797,0.0,-1.5865675467541567,-1.0577116978361045,-0.0,0.5880026035475676
7.9286069867,7.001236388855641,-0.6658424074295732,2.0,0.8982636164976472,0.5988424109984315,0.0,0.4584633634337587,0.30564224228917247,0.0,-1.6140739069782697,-1.0760492713188465,-0.0,0.5880026035475676
7.9486069867,7.01929119305799,-0.653805871294673,2.0,0.907108335307571,0.6047388902050473,0.0,0.42592350169057214,0.2839490011270481,0.0,-1.6395786673679968,-1.0930524449119978,-0.0,0.5880026035475676
7.9686069867,7.037516350325044,-0.6416557664499711,2.0,0.9152972893705403,0.6101981929136936,0.0,0.3928935607379358,0.2619290404919572,0.0,-1.6630818279233364,-1.1087212186155577,-0.0,0.5880026035475676
7.9886069867,7.055898650014818,-0.6294008999901215,2.0,0.9228210774223363,0.6152140516148908,0.0,0.359413572572534,0.2396090483816893,0.0,-1.684583388644289,-1.1230555924295258,-0.0,0.5880026035475675
8.0086069867,7.074424701466447,-0.6170501990223687,2.0,0.929671098838668,0.619780732559112,0.0,0.32552356919105907,0.2170157127940394,0.0,-1.704083349530854,-1.1360555663539027,-0.0,0.5880026035475675
8.0286069867,7.093080950012979,-0.6046126999913474,2.0,0.935839553635183,0.6238930357567887,0.0,0.2912635825901966,0.19417572172679773,0.0,-1.721581710583034,-1.1477211403886893,-0.0,0.5880026035475675
8.0486069867,7.111853692994172,-0.5920975380038849,2.0,0.9413194424674581,0.6275462949783054,0.0,0.2566736447666334,0.1711157631777556,0.0,-1.737078471800827,-1.1580523145338846,-0.0,0.5880026035475675
8.0686069867,7.130729095769299,-0.5795139361538004,2.0,0.9461045666310081,0.6307363777540054,0.0,0.22179378771705863,0.14786252514470574,0.0,-1.750573633184232,-1.167049088789488,-0.0,0.5880026035475675
8.0886069867,7.149693207729937,-0.5668711948467081,2.0,0.9501895280612783,0.6334596853741855,0.0,0.1866640434381611,0.12444269562544073,0.0,-1.762067194733251,-1.1747114631555007,-0.0,0.5880026035475675
8.1086069867,7.168731978312778,-0.5541786811248149,2.0,0.95356972933365,0.6357131528891001,0.0,0.15132444392662434,0.10088296261774955,0.0,-1.771559156447881,-1.1810394376319207,-0.0,0.5880026035475676
8.1286069867,7.187831273012414,-0.5414458179917243,2.0,0.9562413736634374,0.6374942491089582,0.0,0.11581502117914023,0.07721001411942682,0.0,-1.7790495183281259,-1.1860330122187506,-0.0,0.5880026035475675
8.1486069867,7.206976889394146,-0.528682073737236,2.0,0.9582014649058872,0.6388009766039249,0.0,0.08017580719239575,0.053450538128263836,0.0,-1.7845382803739844,-1.1896921869159895,-0.0,0.5880026035475676
8.1686069867,7.226154573106781,-0.5158969512621461,2.0,0.9594478075561828,0.6396318717041218,0.0,0.044446833963078136,0.02963122264205209,0.0,-1.7880254425854551,-1.1920169617236367,-0.0,0.5880026035475675
8.1886069867,7.245350033895426,-0.5030999774030491,2.0,0.959979006749438,0.6399860044996254,0.0,0.008668133487874331,0.005778755658582888,0.0,-1.7895110049625396,-1.1930073366416931,-0.0,0.5880026035475676
8.2086069867,7.264548961614292,-0.49030069225713857,2.0,0.9597944682607034,0.6398629788404688,0.0,-0.02712026223652841,-0.01808017482435227,-0.0,-1.7889949675052363,-1.1926633116701575,-0.0,0.5880026035475675
8.2286069867,7.283737042239488,-0.4775086385070082,2.0,0.9588943985049594,0.6392629323366396,0.0,-0.0628783212134391,-0.041918880808959405,-0.0,-1.7864773302135468,-1.1909848868090311,-0.0,0.5880026035475675
8.2486069867,7.302899973881823,-0.4647333507454512,2.0,0.9572798045371269,0.6381865363580846,0.0,-0.09856601144617486,-0.06571067429744991,-0.0,-1.78195809308747,-1.1879720620583134,-0.0,0.5880026035475676
8.2686069867,7.3220234827996045,-0.4519843448002634,2.0,0.9549524940520527,0.6366349960347019,0.0,-0.13414330093804314,-0.08942886729202874,-0.0,-1.7754372561270064,-1.1836248374180043,-0.0,0.5880026035475676
8.2886069867,7.341093339411437,-0.4392711070590425,2.0,0.9519150753845212,0.6346100502563475,0.0,-0.16957015769235728,-0.11304677179490485,-0.0,-1.7669148193321575,-1.177943212888105,-0.0,0.5880026035475676
8.3086069867,7.360095374309014,-0.4266030837939907,2.0,0.9481709575092527,0.6321139716728351,0.0,-0.20480654971243317,-0.13653769980828878,-0.0,-1.756390782702919,-1.1709271884686128,-0.0,0.5880026035475675
8.3286069867,7.3790154942699315,-0.4139896704867121,2.0,0.9437243500408982,0.6291495666939321,0.0,-0.23981244500157983,-0.15987496333438656,-0.0,-1.7438651462392942,-1.1625767641595295,-0.0,0.5880026035475675
8.3486069867,7.397839698270474,-0.4014402011530177,2.0,0.9385802632340404,0.6257201754893602,0.0,-0.27454781156310876,-0.18303187437540583,-0.0,-1.7293379099412833,-1.1528919399608555,-0.0,0.5880026035475675
8.3686069867,7.416554093498413,-0.3889639376677244,2.0,0.932744507983202,0.6218296719888013,0.0,-0.3089726174003364,-0.2059817449335576,-0.0,-1.7128090738088853,-1.1418727158725903,-0.0,0.5880026035475676
8.3886069867,7.435144911365819,-0.3765700590894545,2.0,0.9262236958228336,0.6174824638818891,0.0,-0.3430468305165687,-0.2286978870110458,-0.0,-1.6942786378420995,-1.129519091894733,-0.0,0.5880026035475676
8.4086069867,7.453598523521839,-0.36426765098544067,2.0,0.9190252389273234,0.6126834926182156,0.0,-0.37673041891512277,-0.25115361261008184,-0.0,-1.6737466020409284,-1.1158310680272856,-0.0,0.5880026035475676
8.4286069867,7.471901457865519,-0.35206569475632077,2.0,0.9111573501109912,0.6074382334073275,0.0,-0.40998335059931007,-0.27332223373287334,-0.0,-1.651212966405371,-1.1008086442702474,-0.0,0.5880026035475676
8.4486069867,7.490040414558582,-0.3399730569609454,2.0,0.9026290428280912,0.6017526952187274,0.0,-0.4427655935724415,-0.29517706238162766,-0.0,-1.6266777309354248,-1.0844518206236164,-0.0,0.5880026035475675
8.4686069867,7.50800228203824,-0.32799847864117315,2.0,0.8934501311728121,0.5956334207818746,0.0,-0.4750371158378323,-0.3166914105585549,-0.0,-1.6001408956310925,-1.066760597087395,-0.0,0.5880026035475675
8.4886069867,7.525774153029986,-0.3161505646466759,2.0,0.8836312298792733,0.5890874865861823,0.0,-0.5067578853987877,-0.3378385902658585,-0.0,-1.571602460492374,-1.0477349736615826,-0.0,0.5880026035475676
8.5086069867,7.543343340560396,-0.3044377729597362,2.0,0.8731837543215356,0.5821225028810237,0.0,-0.5378878702586299,-0.3585919135057533,-0.0,-1.5410624255192669,-1.0273749503461778,-0.0,0.5880026035475675
8.5286069867,7.560697393969926,-0.2928684040200493,2.0,0.8621199205135809,0.5747466136757206,0.0,-0.568387038420663,-0.37892469228044195,-0.0,-1.508520790711775,-1.0056805271411833,-0.0,0.5880026035475675
8.5486069867,7.577824114925711,-0.2814505900495261,2.0,0.8504527451093372,0.5669684967395582,0.0,-0.598215357888205,-0.39881023859213666,-0.0,-1.4739775560698938,-0.9826517040465959,-0.0,0.5880026035475676
8.5686069867,7.594711573434363,-0.2701922843770912,2.0,0.8381960454026602,0.5587973636017736,0.0,-0.6273327966645645,-0.41822186444304305,-0.0,-1.4374327215936262,-0.9582884810624175,-0.0,0.5880026035475676
8.5886069867,7.611348123854773,-0.2591012507634848,2.0,0.8253644393273412,0.5502429595515608,0.0,-0.655699322753055,-0.43713288183537,-0.0,-1.3988862872829742,-0.9325908581886495,-0.0,0.5880026035475675
8.6086069867,7.627722420910904,-0.24818505272606395,2.0,0.8119733454571033,0.5413155636380689,0.0,-0.6832749041569884,-0.45551660277132566,-0.0,-1.3583382531379309,-0.9055588354252874,-0.0,0.5880026035475675
8.6286069867,7.643823435704595,-0.23745104286360308,2.0,0.7980389830056037,0.5320259886704025,0.0,-0.7100195088796765,-0.47334633925311764,-0.0,-1.3157886191585049,-0.8771924127723366,-0.0,0.5880026035475676
8.6486069867,7.659640471728357,-0.22690635218109545,2.0,0.7835783718264342,0.5223855812176228,0.0,-0.7358931049244305,-0.49059540328295365,-0.0,-1.2712373853446925,-0.8474915902297951,-0.0,0.5880026035475675
8.6686069867,7.675163180878172,-0.21655787941455196,2.0,0.7686093324131235,0.5124062216087489,0.0,-0.7608556602945675,-0.507237106863045,-0.0,-1.224684551696489,-0.8164563677976594,-0.0,0.5880026035475675
8.6886069867,7.690381579466291,-0.20641228035580594,2.0,0.753150485899127,0.5021003239327514,0.0,-0.7848671429933968,-0.5232447619955979,-0.0,-1.1761301182138995,-0.7840867454759329,-0.0,0.5880026035475676
8.7086069867,7.705286064234035,-0.19647595717731003,2.0,0.7372212540578402,0.4914808360385602,0.0,-0.8078875210242271,-0.538591680682818,-0.0,-1.125574084896927,-0.750382723264618,-0.0,0.5880026035475676
8.7286069867,7.719867428364592,-0.18675504775693885,2.0,0.7208418593025895,0.48056123953505964,0.0,-0.8298767623903751,-0.5532511749269168,-0.0,-1.0730164517455647,-0.7153443011637098,-0.0,0.5880026035475675
8.7486069867,7.734116877495813,-0.17725541500279096,2.0,0.7040333246866348,0.4693555497910899,0.0,-0.8507948350951547,-0.5671965567301032,-0.0,-1.0184572187598149,-0.6789714791732099,-0.0,0.5880026035475676
8.7686069867,7.748026045733021,-0.16798263617798603,2.0,0.6868174739031693,0.45787831593544615,0.0,-0.8706017071418712,-0.5804011380945808,-0.0,-0.9618963859396803,-0.6412642572931202,-0.0,0.5880026035475675
8.7886069867,7.761587011661792,-0.15894199222547223,2.0,0.6692169312853248,0.44614462085688317,0.0,-0.8892573465338461,-0.592838231022564,-0.0,-0.9033339532851562,-0.6022226355234375,-0.0,0.5880026035475675
8.8086069867,7.774792314360771,-0.15013845709281926,2.0,0.651255121806159,0.434170081204106,0.0,-0.9067217212743821,-0.6044811475162547,-0.0,-0.8427699207962493,-0.5618466138641662,-0.0,0.5880026035475676
8.8286069867,7.787634969414462,-0.1415766870570252,2.0,0.6329562710786695,0.42197084738577967,0.0,-0.922954799366797,-0.6153031995778647,-0.0,-0.780204288472953,-0.520136192315302,-0.0,0.5880026035475676
8.8486069867,7.800108484926029,-0.13326101004931412,2.0,0.6143454053557871,0.40956360357052474,0.0,-0.9379165488144072,-0.6252776992096049,-0.0,-0.7156370563152652,-0.4770913708768435,-0.0,0.5880026035475676
8.8686069867,7.812206877530091,-0.12519541497993947,2.0,0.5954483515303691,0.3969655676869127,0.0,-0.9515669376205131,-0.6343779584136754,-0.0,-0.6490682243231981,-0.4327121495487987,-0.0,0.5880026035475675
8.8886069867,7.823924688405525,-0.1173835410629831,2.0,0.5762917371352205,0.38419449142348033,0.0,-0.9638659337884387,-0.6425772891922924,-0.0,-0.5804977924967414,-0.38699852833116094,-0.0,0.5880026035475675
8.9086069867,7.835256999288267,-0.10982866714115569,2.0,0.5569029903430656,0.37126866022871036,0.0,-0.9747735053214878,-0.6498490035476585,-0.0,-0.5099257608358968,-0.3399505072239312,-0.0,0.5880026035475675
8.9286069867,7.846199448484099,-0.10253370101060044,2.0,0.5373103399665715,0.35820689331104766,0.0,-0.984249620222977,-0.6561664134819847,-0.0,-0.43735212934066775,-0.29156808622711183,-0.0,0.5880026035475675
8.9486069867,7.856748246881464,-0.09550116874569059,2.0,0.517542815458336,0.3450285436388907,0.0,-0.9922542464962204,-0.6615028309974803,-0.0,-0.3627768980110457,-0.24185126534069712,-0.0,0.5880026035475675
8.9686069867,7.866900193964251,-0.08873320402383245,2.0,0.4976302469108896,0.33175349794059306,0.0,-0.9987473521445257,-0.6658315680963505,-0.0,-0.2862000668470425,-0.19080004456469501,-0.0,0.5880026035475675
8.9886069867,7.8766526938246,-0.08223153745026623,2.0,0.47760326505669765,0.3184021767044651,0.0,-1.003688905171203,-0.6691259367808021,-0.0,-0.20762163584865145,-0.13841442389910097,-0.0,0.5880026035475675
9.0086069867,7.886003771175704,-0.07599748588286381,2.0,0.457493301268164,0.304995534178776,0.0,-1.0070388735795754,-0.6713592490530502,-0.0,-0.12704160501587253,-0.08469440334391502,-0.0,0.5880026035475675
9.0286069867,7.894952087364595,-0.07003194175693683,2.0,0.4373325875576147,0.29155505837174317,0.0,-1.008757225372944,-0.6725048169152961,-0.0,-0.044459974348705716,-0.029639982899137145,-0.0,0.5880026035475676
9.0486069867,7.903496956384956,-0.06433536241002935,2.0,0.417154156577325,0.27810277105155,0.0,-1.008803928554628,-0.672535952369752,-0.0,0.04012325615284221,0.026748837435228136,0.0,0.5880026035475675
9.0686069867,7.911638360889917,-0.05890775940672177,2.0,0.39699184161948686,0.2646612277463246,0.0,-1.007138951127934,-0.6714259674186226,-0.0,0.1267080864887814,0.0844720576591876,0.0,0.5880026035475676
9.0886069867,7.919376968204846,-0.05374868786343612,2.0,0.37688027661624074,0.2512535177441605,0.0,-1.0037222610961782,-0.6691481740641189,-0.0,0.2152945166591068,0.14352967777273787,0.0,0.5880026035475675
9.1086069867,7.9267141463401565,-0.04885723577322887,2.0,0.35685489613965,0.2379032640931,0.0,-0.9985138264626736,-0.6656758843084492,-0.0,0.30588254666382003,0.20392169777588004,0.0,0.5880026035475676
9.1286069867,7.933651980004104,-0.04423201333059712,2.0,0.3369519354017202,0.2246346236011468,0.0,-0.9914736152307316,-0.6609824101538211,-0.0,0.3984721765029195,0.265648117668613,0.0,0.5880026035475676
9.1486069867,7.940193286615577,-0.03987114225628163,2.0,0.317208430254389,0.21147228683625932,0.0,-0.9825615954036613,-0.6550410636024409,-0.0,0.49306340617640854,0.32870893745093904,0.0,0.5880026035475675
9.1686069867,7.946341632316908,-0.03577224512206145,2.0,0.2976622171895233,0.19844147812634885,0.0,-0.9717377349847803,-0.6478251566565202,-0.0,0.5896562356842804,0.39310415712285357,0.0,0.5880026035475675
9.1886069867,7.952101347986667,-0.0319324346755554,2.0,0.27835193333891856,0.18556795555927905,0.0,-0.958962001977394,-0.6393080013182627,-0.0,0.6882506650265401,0.4588337766843601,0.0,0.5880026035475676
9.2086069867,7.957477545252453,-0.028348303165031563,2.0,0.2593170164743242,0.1728780109828828,0.0,-0.9441943643848151,-0.6294629095898767,-0.0,0.788846694203186,0.5258977961354574,0.0,0.5880026035475675
9.2286069867,7.962476132503705,-0.025015911664197255,2.0,0.24059770500740796,0.16039847000493865,0.0,-0.9273947902103737,-0.6182631934735825,-0.0,0.8914443232142232,0.5942962154761489,0.0,0.5880026035475676
9.2486069867,7.967103830904492,-0.02193077939700583,2.0,0.2222350379897689,0.14815669199317927,0.0,-0.9085232474573578,-0.6056821649715718,-0.0,0.9960435520596449,0.6640290347064299,0.0,0.5880026035475675
9.2686069867,7.971368190406313,-0.01908787306245774,2.0,0.20427085511294718,0.13618057007529813,0.0,-0.8875397041290899,-0.5916931360860599,-0.0,1.102644380739451,0.7350962538263007,0.0,0.5880026035475676
9.2886069867,7.975277605760903,-0.016481596159398038,2.0,0.186747796708416,0.12449853113894399,0.0,-0.8644041282288829,-0.5762694188192553,-0.0,1.2112468092536486,0.8074978728357657,0.0,0.5880026035475675
9.3086069867,7.978841332533022,-0.014105778311318762,2.0,0.16970930374758245,0.11313953583172164,0.0,-0.8390764877600446,-0.5593843251733631,-0.0,1.321850837602227,0.881233891734818,0.0,0.5880026035475676
9.3286069867,7.982069503113253,-0.011953664591164426,2.0,0.15319961784178668,0.10213307856119112,0.0,-0.8115167507258951,-0.5410111671505968,-0.0,1.434456465785197,0.9563043105234647,0.0,0.5880026035475676
9.3486069867,7.984973142730813,-0.010017904846124637,2.0,0.1372637812422945,0.091509187494863,0.0,-0.7816848851297448,-0.5211232567531632,-0.0,1.5490636938025546,1.0327091292017032,0.0,0.5880026035475676
9.3686069867,7.987564185466342,-0.008290543022439145,2.0,0.12194763684031931,0.08129842456021288,0.0,-0.7495408589748989,-0.4996939059832659,-0.0,1.6656725216542936,1.110448347769529,0.0,0.5880026035475676
9.3886069867,7.9898554902647,-0.0067630064901997855,2.0,0.10729782816700026,0.07153188544466683,0.0,-0.7150446402646751,-0.4766964268431167,-0.0,1.7842829493404235,1.189521966226949,0.0,0.5880026035475675
9.4086069867,7.991860856947767,-0.005426095368155082,2.0,0.09336179939341309,0.062241199595608726,0.0,-0.678156197002386,-0.45210413133492405,-0.0,1.9048949768609416,1.2699299845739611,0.0,0.5880026035475675
9.4286069867,7.993595042227254,-0.0042699718484975335,2.0,0.08018779533056294,0.0534585302203753,0.0,-0.6388354971913397,-0.42589033146089317,-0.0,2.027508604215844,1.3516724028105627,0.0,0.5880026035475676
9.4486069867,7.995073775717478,-0.003284149521681101,2.0,0.06782486142939524,0.045216574286263495,0.0,-0.5970425088348513,-0.39802833922323416,-0.0,2.152123831405131,1.434749220936754,0.0,0.5880026035475675
9.4686069867,7.996313775948193,-0.0024574827012049383,2.0,0.056322843780782936,0.03754856252052195,0.0,-0.5527371999362409,-0.3684914666241606,-0.0,2.2787406584288092,1.5191604389525395,0.0,0.5880026035475675
9.4886069867,7.9973327663773475,-0.0017781557484353172,2.0,0.045732389115537446,0.030488259410358296,0.0,-0.505879538498809,-0.3372530256658726,-0.0,2.4073590852868754,1.604906056857917,0.0,0.5880026035475675
9.5086069867,7.998149491403923,-0.0012336723973849217,2.0,0.036104944804403204,0.02406996320293547,0.0,-0.45642949252587306,-0.30428632835058206,-0.0,2.5379791119793262,1.691986074652884,0.0,0.5880026035475676
9.5286069867,7.998783732380703,-0.0008108450795312194,2.0,0.027492758858052184,0.018328505905368123,0.0,-0.4043470300207411,-0.2695646866804941,-0.0,2.6706007385061645,1.780400492337443,0.0,0.5880026035475675
9.5486069867,7.999256323627096,-0.0004957842486028596,2.0,0.01994887992709846,0.013299253284732306,0.0,-0.34959211898673076,-0.23306141265782052,-0.0,2.8052239648673876,1.8701493099115918,0.0,0.5880026035475675
9.5686069867,7.999589168441907,-0.00027388770539538143,2.0,0.013527157302085471,0.00901810486805698,0.0,-0.2921247274271498,-0.19474981828476653,-0.0,2.941848791062995,1.96123252737533,0.0,0.5880026035475675
9.5886069867,7.9998052551161685,-0.0001298299225540589,2.0,0.008282240913491478,0.005521493942327652,0.0,-0.23190482334531098,-0.15460321556354065,-0.0,3.0804752170929937,2.0536501447286626,0.0,0.5880026035475675
9.6086069867,7.999928672945904,-4.755136939760263e-05,2.0,0.0042695813317350255,0.002846387554490017,0.0,-0.168892374744532,-0.11259491649635467,-0.0,3.221103242957377,2.1474021619715846,0.0,0.5880026035475675
9.6286069867,7.999984628244963,-1.024783669123508e-05,2.0,0.0015454297671494714,0.0010302865114329809,0.0,-0.10304734962812066,-0.06869823308541377,-0.0,3.3637328686561516,2.242488579104101,0.0,0.5880026035475675
9.6486069867,7.999999460357785,-3.5976147660932156e-07,2.0,0.00016683807002664252,0.00011122538001776169,0.0,-0.0343297159993872,-0.022886477332924805,-0.0,3.5083640941893073,2.338909396126205,0.0,0.5880026035475676
9.6582944867,8.0,0.0,2.0,0.0,0.0,0.0,0.0,0.0,0.0,0.0,0.0,0.0,0.5880026035475676
