time,x_raw_ref,y_raw_ref,z_raw_ref,x_safe_ref,y_safe_ref,z_safe_ref,yaw_ref,raw_obstacle_distance_m,safe_obstacle_distance_m,altitude_filter_active,obstacle_filter_active,velocity_filter_active,safety_active,controller_mode
0.0,0.0,0.0,1.2,0.0,0.0,1.2,0.0,4.304079934095692,4.304079934095692,0,0,0,0,NORMAL
0.02,2.4812875000000007e-06,0.0,1.1999988213884374,1.6128368750000005e-06,0.0,1.1999992339024843,0.0,4.304077406806037,4.30407829135739,0,0,0,0,NORMAL
0.04,1.9701200000000004e-05,0.0,1.19999064193,1.3370272906250003e-05,0.0,1.1999936491203695,0.0,4.304059867649223,4.3040663159456525,0,0,0,0,NORMAL
0.06,6.599036249999998e-05,0.0,1.1999686545778125,4.7573331142187496e-05,0.0,1.1999774026677075,0.0,4.30401272037664,4.304031478813707,0,0,0,0,NORMAL
0.08,0.00015523840000000003,0.0,1.19992626176,0.00011755562589976565,0.0,1.1999441610776977,0.0,4.30392181808808,4.303960199291445,0,0,0,0,NORMAL
0.1,0.00030089843750000006,0.0,1.1998570732421874,0.000236728453439918,0.0,1.1998875539846159,0.0,4.303773458835279,4.3038388178481775,0,0,0,0,NORMAL
0.12,0.0005159915999999999,0.0,1.19975490399,0.0004182494987039712,0.0,1.1998013314881155,0.0,4.303554381286639,4.303653933742651,0,0,0,0,NORMAL
0.14,0.0008131115125000002,0.0,1.1996137720315625,0.0006749098076713901,0.0,1.199679417841356,0.0,4.303251760445563,4.303392520418648,0,0,0,0,NORMAL
0.16,0.0012044288000000005,0.0,1.19942789632,0.0010190971526849869,0.0,1.1995159288524746,0.0,4.3028532034152684,4.303041963141715,0,0,0,0,NORMAL
0.18,0.0017016955874999999,0.0,1.1991916945959376,0.0014627861353147453,0.0,1.1993051765857254,0.0,4.302346745203401,4.302590069446054,0,0,0,0,NORMAL
0.2,0.00231625,0.0,1.19889978125,0.002017537647360161,0.0,1.199041669617504,0.0,4.30172084456014,4.302025070086664,0,0,0,0,NORMAL
0.22,0.0030590206624999997,0.0,1.1985469651853125,0.002694501607201056,0.0,1.1987201117365796,0.0,4.300964379843952,4.301335616686226,0,0,0,0,NORMAL
0.24,0.003940531199999999,0.0,1.19812824768,0.003504420842520369,0.0,1.1983354000998028,0.0,4.300066644909526,4.300510778239499,0,0,0,0,NORMAL
0.26,0.004970904737500001,0.0,1.1976388202496875,0.00445763537425713,0.0,1.197882623197228,0.0,4.299017345012784,4.299540037228886,0,0,0,0,NORMAL
0.28,0.006159868400000002,0.0,1.19707406251,0.0055640868409899975,0.0,1.1973570587505298,0.0,4.297806592728311,4.298413285611917,0,0,0,0,NORMAL
0.3,0.007516757812499999,0.0,1.1964295400390625,0.0068333229724714985,0.0,1.196754171588076,0.0,4.296424903874813,4.297120820769072,0,0,0,0,NORMAL
0.32,0.009050521600000002,0.0,1.1957010022399999,0.008274502080365027,0.0,1.1960696115118266,0.0,4.294863193444632,4.2956533414402935,0,0,0,0,NORMAL
0.34,0.010769725887500001,0.0,1.1948843802034375,0.00989639755500276,0.0,1.1952992111613736,0.0,4.293112771533625,4.294001943657746,0,0,0,0,NORMAL
0.36,0.0126825588,0.0,1.1939757845699999,0.011707402364250967,0.0,1.1944389838769807,0.0,4.291165339268064,4.292158116675255,0,0,0,0,NORMAL
0.38,0.014796834962500003,0.0,1.1929715033928125,0.013715533553112839,0.0,1.1934851215622715,0.0,4.289012984725455,4.290113738892595,0,0,0,0,NORMAL
0.4,0.017120000000000003,0.0,1.191868,0.015928436743589496,0.0,1.192433992546795,0.0,4.286648178846519,4.28786107377219,0,0,0,0,NORMAL
0.42,0.019659135037499994,0.0,1.1906619108571874,0.01835339063463132,0.0,1.1912821394485502,0.0,4.284063771335775,4.2853927657457,0,0,0,0,NORMAL
0.44,0.022420961199999995,0.0,1.18935004343,0.02099731150212096,0.0,1.1900262770364927,0.0,4.281252986548441,4.282701836108148,0,0,0,0,NORMAL
0.46,0.025411844112500002,0.0,1.1879293740465624,0.023866757698867338,0.0,1.188663290093038,0.0,4.2782094193616,4.279781678897417,0,0,0,0,NORMAL
0.48,0.028637798399999994,0.0,1.18639704576,0.026967934154603565,0.0,1.1871902312765632,0.0,4.274927031027773,4.276626056757155,0,0,0,0,NORMAL
0.5,0.0321044921875,0.0,1.1847503662109375,0.03030669687598625,0.0,1.1856043189839065,0.0,4.271400145009256,4.273229096781348,0,0,0,0,NORMAL
0.52,0.03581725160000001,0.0,1.18298680549,0.03388855744659519,0.0,1.1839029352128672,0.0,4.267623442791731,4.269585286338981,0,0,0,0,NORMAL
0.54,0.039781065262500005,0.0,1.1811039940003125,0.03771868752693332,0.0,1.1820836234247067,0.0,4.263591959675872,4.265689468877385,0,0,0,0,NORMAL
0.56,0.04400058880000001,0.0,1.17909972032,0.041801923354426666,0.0,1.1801440864066475,0.0,4.259301080545788,4.261536839703063,0,0,0,0,NORMAL
0.58,0.04848014933749999,0.0,1.1769719290646874,0.04614277024342433,0.0,1.1780821841343734,0.0,4.2547465356132825,4.25712294173889,0,0,0,0,NORMAL
0.6,0.05322374999999999,0.0,1.17471871875,0.050745407085198514,0.0,1.1758959316345305,0.0,4.249924396137089,4.252443661256757,0,0,0,0,NORMAL
0.62,0.058235074412500004,0.0,1.1723383396540625,0.055613690847944486,0.0,1.1735834968472263,0.0,4.2448310701162795,4.247495223584815,0,0,0,0,NORMAL
0.64,0.06351749120000003,0.0,1.1698291916799999,0.06075116107678059,0.0,1.171143198488529,0.0,4.239463297957227,4.242274188788633,0,0,0,0,NORMAL
0.66,0.0690740584875,0.0,1.1671898222184374,0.0661610443937482,0.0,1.1685735039129694,0.0,4.233818148113547,4.236777447325651,0,0,0,0,NORMAL
0.68,0.0749075284,0.0,1.16441892401,0.07184625899781188,0.0,1.1658730269760393,0.0,4.227893012698564,4.231002215672399,0,0,0,0,NORMAL
0.7,0.08102035156250001,0.0,1.1615153330078125,0.07780941916485917,0.0,1.163040525896692,0.0,4.22168560306989,4.22494603192407,0,0,0,0,NORMAL
0.72,0.0874146816,0.0,1.15847802624,0.08405283974770071,0.0,1.1600749011198423,0.0,4.21519394538581,4.218606751366075,0,0,0,0,NORMAL
0.74,0.09409237963749999,0.0,1.1553061196721874,0.09057854067607024,0.0,1.1569751931788665,0.0,4.208416376133205,4.211982542017279,0,0,0,0,NORMAL
0.76,0.10105501880000002,0.0,1.15199886607,0.0973882514566246,0.0,1.1537405805581034,0.0,4.2013515376268,4.205071880144688,0,0,0,0,NORMAL
0.78,0.10830388871249999,0.0,1.1485556528615624,0.10448341567294361,0.0,1.1503703775553518,0.0,4.193998373479582,4.197873545749407,0,0,0,0,NORMAL
0.8,0.11584000000000001,0.0,1.144976,0.11186519548553028,0.0,1.1468640321443733,0.0,4.186356124044261,4.190386618023699,0,0,0,0,NORMAL
0.82,0.1236640887875,0.0,1.1412595578259375,0.11953447613181059,0.0,1.14322112383739,0.0,4.178424321825692,4.182610470779072,0,0,0,0,NORMAL
0.84,0.13177662119999997,0.0,1.13740610493,0.1274918704261337,0.0,1.1394413615475865,0.0,4.170202786864195,4.174544767845297,0,0,0,0,NORMAL
0.86,0.14017779786249998,0.0,1.1334155460153124,0.1357377232597718,0.0,1.1355245814516084,0.0,4.1616916220897435,4.166189458440319,0,0,0,0,NORMAL
0.88,0.1488675584,0.0,1.12928790976,0.1442721161009201,0.0,1.131470744852063,0.0,4.152891208647016,4.157544772511047,0,0,0,0,NORMAL
0.9,0.15784558593750003,0.0,1.1250233466796875,0.15309487149469705,0.0,1.127279936040019,0.0,4.143802201191303,4.148611216044992,0,0,0,0,NORMAL
0.92,0.1671113116,0.0,1.1206221269899999,0.16220555756314398,0.0,1.1229523601575067,0.0,4.134425523155293,4.139389566352809,0,0,0,0,NORMAL
0.94,0.17666391901250003,0.0,1.1160846384690624,0.1716034925052254,0.0,1.1184883410600177,0.0,4.124762361986775,4.129880867321708,0,0,0,0,NORMAL
0.96,0.18650234879999997,0.0,1.11141138432,0.18128774909682888,0.0,1.113888319179006,0.0,4.114814164357278,4.120086424639817,0,0,0,0,NORMAL
0.98,0.19662530308749995,0.0,1.1066029810334375,0.19125715919076508,0.0,1.1091528493843865,0.0,4.104582631341698,4.110007800991519,0,0,0,0,NORMAL
1.0,0.20703125,0.0,1.10166015625,0.2015103182167678,0.0,1.1042825988470353,0.0,4.094069713568956,4.099646811223775,0,0,0,0,NORMAL
1.02,0.2177184281625001,0.0,1.0965837466228123,0.21204558968149378,0.0,1.0992783449012904,0.0,4.083277606343741,4.08900551748354,0,0,0,0,NORMAL
1.04,0.22868485120000004,0.0,1.09137469568,0.22286110966852285,0.0,1.0941409729074516,0.0,4.072208744739365,4.078086224326261,0,0,0,0,NORMAL
1.06,0.2399283122375,0.0,1.0860340516871874,0.233954791338358,0.0,1.0888714741142798,0.0,4.060865798661807,4.066891473795541,0,0,0,0,NORMAL
1.08,0.25144638840000005,0.0,1.08056296551,0.24532432942842536,0.0,1.083470943521498,0.0,4.04925166788497,4.055424040474006,0,0,0,0,NORMAL
1.1,0.2632364453125001,0.0,1.0749626884765624,0.256967204753074,0.0,1.07794057774229,0.0,4.037369477057215,4.043686926505413,0,0,0,0,NORMAL
1.12,0.27529564160000003,0.0,1.06923457024,0.2688806887035759,0.0,1.0722816728658013,0.0,4.0252225706791975,4.031683356588071,0,0,0,0,NORMAL
1.14,0.28762093338750006,0.0,1.0633800566409375,0.2810618477481266,0.0,1.0664956223196398,0.0,4.012814508053084,4.019416772939591,0,0,0,0,NORMAL
1.16,0.3002090787999999,0.0,1.05740068757,0.29350754793184425,0.0,1.060583914732374,0.0,4.0001490582031645,4.006890830233033,0,0,0,0,NORMAL
1.18,0.31305664246250003,0.0,1.0512980948303126,0.3062144593767705,0.0,1.0545481317960341,0.0,3.9872301947679296,3.994109390504486,0,0,0,0,NORMAL
1.2,0.3261599999999999,0.0,1.045074,0.31917906078186964,0.0,1.048389946128612,0.0,3.9740620908636566,3.9810765180321543,0,0,0,0,NORMAL
1.22,0.3395153425375,0.0,1.0387302122946875,0.3323976439230294,0.0,1.042111119136561,0.0,3.960649113919558,3.967796474186961,0,0,0,0,NORMAL
1.24,0.3531186812,0.0,1.03226862643,0.3458663181530603,0.0,1.0357134988772965,0.0,3.9469958204845654,3.9542737122547673,0,0,0,0,NORMAL
1.26,0.36696585161249995,0.0,1.0256912204840625,0.3595810149016961,0.0,1.0291990179216943,0.0,3.9331069510058057,3.940512872230262,0,0,0,0,NORMAL
1.28,0.3810525184000002,0.0,1.01900005376,0.37353749217559373,0.0,1.0225696912165931,0.0,3.9189874245788583,3.9265187755825814,0,0,0,0,NORMAL
1.3,0.3953741796874999,0.0,1.0121972646484374,0.38773133905833274,0.0,1.015827613947292,0.0,3.9046423336698965,3.9122964199927703,0,0,0,0,NORMAL
1.32,0.4099261716,0.0,1.0052850684899999,0.4021579802104165,0.0,1.008974959400052,0.0,3.890076938809799,3.8978509740631773,0,0,0,0,NORMAL
1.34,0.4247036727625001,0.0,0.9982657554378125,0.4168126803692708,0.0,1.0020139768245964,0.0,3.8752966632603996,3.883187771998895,0,0,0,0,NORMAL
1.36,0.4397017088,0.0,0.9911416883199999,0.4316905488492448,0.0,0.9949469892966087,0.0,3.8603070876529855,3.8683123082614013,0,0,0,0,NORMAL
1.38,0.4549151568375002,0.0,0.9839153005021873,0.44678654404161083,0.0,0.9877763915802349,0.0,3.8451139445992744,3.8532302321945644,0,0,0,0,NORMAL
1.4,0.47033875,0.0,0.9765890937499999,0.4620954779145638,0.0,0.9805046479905821,0.0,3.8297231132750293,3.837947342623202,0,0,0,0,NORMAL
1.42,0.4859670819124998,0.0,0.9691656360915626,0.4776120205132222,0.0,0.9731342902562194,0.0,3.814140613976598,3.8224695824244157,0,0,0,0,NORMAL
1.44,0.5017946112,0.0,0.9616475596799999,0.4933307044596278,0.0,0.9656679153816767,0.0,3.7983726026506504,3.806803033071994,0,0,0,0,NORMAL
1.46,0.5178156659875,0.0,0.9540375586559375,0.5092459294527447,0.0,0.9581081835099463,0.0,3.78242536539744,3.7909539091541515,0,0,0,0,NORMAL
1.48,0.5340244484,0.0,0.94633838701,0.5253519667684606,0.0,0.9504578157849812,0.0,3.766305312947963,3.7749285528649916,0,0,0,0,NORMAL
1.5,0.5504150390625,0.0,0.9385528564453125,0.5416429637595862,0.0,0.9427195922141964,0.0,3.7500189751154775,3.758733428470068,0,0,0,0,NORMAL
1.52,0.5669814016000002,0.0,0.9306838342399999,0.5581129483558553,0.0,0.9348963495309688,0.0,3.7335729952218375,3.7423751167465347,0,0,0,0,NORMAL
1.54,0.5837173871375,0.0,0.9227342411096875,0.5747558335639243,0.0,0.926990979057136,0.0,3.7169741244992456,3.725860309398391,0,0,0,0,NORMAL
1.56,0.6006167387999999,0.0,0.91470704907,0.5915654219673734,0.0,0.9190064245654976,0.0,3.700229216468013,3.7091958034474186,0,0,0,0,NORMAL
1.58,0.6176730962125001,0.0,0.9066052792990624,0.6085354102267058,0.0,0.9109456801423148,0.0,3.6833452212910696,3.692388495600484,0,0,0,0,NORMAL
1.6,0.6348800000000001,0.0,0.8984319999999999,0.6256593935793471,0.0,0.9028117880498101,0.0,3.666329180106008,3.6754453765939465,0,0,0,0,NORMAL
1.62,0.6522308962875,0.0,0.8901903242634375,0.6429308703396465,0.0,0.8946078365886679,0.0,3.649188219335532,3.6583735255160135,0,0,0,0,NORMAL
1.64,0.6697191411999999,0.0,0.88188340793,0.6603432463988762,0.0,0.8863369579605337,0.0,3.631929544977315,3.641180104107969,0,0,0,0,NORMAL
1.66,0.6873380053625002,0.0,0.8735144474528124,0.6778898397252318,0.0,0.8780023261305149,0.0,3.6145604368743327,3.6238723510453057,0,0,0,0,NORMAL
1.68,0.7050806783999998,0.0,0.8650866777600001,0.695563884863831,0.0,0.8696071546896802,0.0,3.597088242966884,3.606457576199889,0,0,0,0,NORMAL
1.7,0.7229402734375,0.0,0.8566033701171875,0.7133585374367158,0.0,0.8611546947175599,0.0,3.5795203735275822,3.5889431548844164,0,0,0,0,NORMAL
1.72,0.7409098316,0.0,0.84806782999,0.7312668786428506,0.0,0.852648232644646,0.0,3.5618642953807966,3.5713365220805273,0,0,0,0,NORMAL
1.74,0.7589823265125,0.0,0.8394833949065625,0.7492819197581226,0.0,0.8440910881148918,0.0,3.5441275261080647,3.553645166652059,0,0,0,0,NORMAL
1.76,0.7771506687999998,0.0,0.8308534323200001,0.7673966066353428,0.0,0.8354866118482122,0.0,3.5263176282412165,3.5358766255450926,0,0,0,0,NORMAL
1.78,0.7954077105875001,0.0,0.8221813374709375,0.7856038242042451,0.0,0.8268381835029837,0.0,3.508442203445021,3.5180384779765332,0,0,0,0,NORMAL
1.8,0.8137462500000003,0.0,0.8134705312499998,0.803896400971486,0.0,0.8181492095385441,0.0,3.4905088866913885,3.5001383396131653,0,0,0,0,NORMAL
1.82,0.8321590356625,0.0,0.8047244580603125,0.8222671135206452,0.0,0.8094231210776935,0.0,3.4725253404272487,3.482183856743228,0,0,0,0,NORMAL
1.84,0.8506387711999999,0.0,0.79594658368,0.8407086910122257,0.0,0.8032980923771927,0.0,3.4544992487384323,3.464054326862048,1,0,0,1,SAFETY_PROTECTION
1.86,0.8691781197374999,0.0,0.7871403931246875,0.8592138196836538,0.0,0.8011543323320174,0.0,3.4364383115120236,3.4456757846601964,1,0,0,1,SAFETY_PROTECTION
1.88,0.8877697084000002,0.0,0.7783093885099999,0.877775147349279,0.0,0.8004040163162061,0.0,3.4183502385998445,3.4271741112079837,1,0,0,1,SAFETY_PROTECTION
1.9,0.9064061328125004,0.0,0.7694570869140622,0.8963852879003729,0.0,0.8001414057106722,0.0,3.4002427439858898,3.4086000325115866,1,0,0,1,SAFETY_PROTECTION
1.92,0.9250799615999998,0.0,0.7605870182400001,0.9150368258051305,0.0,0.8000494919987353,0.0,3.382123539960692,3.389976404108076,1,0,0,1,SAFETY_PROTECTION
1.94,0.9437837408875001,0.0,0.7517027230784374,0.9337223206086707,0.0,0.8000173221995573,0.0,3.3640003313058346,3.371316117039552,1,0,0,1,SAFETY_PROTECTION
1.96,0.9625099987999998,0.0,0.7428077505700001,0.9524343114330345,0.0,0.8000060627698451,0.0,3.345880809491949,3.352628548254946,1,0,0,1,SAFETY_PROTECTION
1.98,0.9812512499625,0.0,0.7339056562678125,0.971165321477187,0.0,0.8000021219694458,0.0,3.32777264689375,3.3339218449761026,1,0,0,1,SAFETY_PROTECTION
2.0,1.0,0.0,0.725,0.9899078625170155,0.0,0.800000742689306,0.0,3.3096834910258406,3.315203727334133,1,0,0,1,SAFETY_PROTECTION
2.02,1.0187487500375,0.0,0.7160943437321874,1.0086544394053305,0.0,0.8000002599412571,0.0,3.291620958803199,3.2964817679521365,1,0,0,1,SAFETY_PROTECTION
2.04,1.0374900012000006,0.0,0.7071922494299997,1.027397554571866,0.0,0.80000009097944,0.0,3.273592630830433,3.2777634873653905,1,0,0,1,SAFETY_PROTECTION
2.06,1.0562162591124997,0.0,0.6982972769215626,1.046129712523278,0.0,0.800000031842804,0.0,3.255606045724077,3.25905638465659,1,0,0,1,SAFETY_PROTECTION
2.08,1.0749200384000002,0.0,0.6894129817599999,1.0648434243431475,0.0,0.8000000111449814,0.0,3.2376686944723447,3.2403679453075855,1,0,0,1,SAFETY_PROTECTION
2.1,1.0935938671875003,0.0,0.6805429130859374,1.0835312121919767,0.0,0.8000000039007436,0.0,3.219788014836979,3.221705641039423,1,0,0,1,SAFETY_PROTECTION
2.12,1.1122302916,0.0,0.67169061149,1.102185613807192,0.0,0.8000000013652602,0.0,3.201971385801902,3.2030769268352897,1,0,0,1,SAFETY_PROTECTION
2.14,1.1308218802625,0.0,0.6628596068753124,1.1207991870031422,0.0,0.800000000477841,0.0,3.184226122073598,3.1844892369730653,1,0,0,1,SAFETY_PROTECTION
2.16,1.1493612288000004,0.0,0.6540534163199998,1.1393645141711,0.0,0.8000000001672444,0.0,3.166559468638257,3.16594998070987,1,0,0,1,SAFETY_PROTECTION
2.18,1.1678409643374996,0.0,0.6452755419396876,1.1578742067792596,0.0,0.8000000000585356,0.0,3.1489785953808043,3.14746653784454,1,0,0,1,SAFETY_PROTECTION
2.2,1.1862537500000006,0.0,0.6365294687499997,1.1763209098727412,0.0,0.8000000000204874,0.0,3.131490591771098,3.1290462542375064,1,0,0,1,SAFETY_PROTECTION
2.22,1.2045922894125,0.0,0.6278186625290625,1.1946973065735844,0.0,0.8000000000071705,0.0,3.11410246162262,3.1106964373160713,1,0,0,1,SAFETY_PROTECTION
2.24,1.2228493311999997,0.0,0.6191465676800001,1.2129961225807544,0.0,0.8000000000025097,0.0,3.096821117929053,3.092424351574931,1,0,0,1,SAFETY_PROTECTION
2.26,1.2410176734875003,0.0,0.6105166050934374,1.231210130670139,0.0,0.8000000000008785,0.0,3.079653377784213,3.07423721407547,1,0,0,1,SAFETY_PROTECTION
2.28,1.2590901683999998,0.0,0.6019321700100001,1.2493321551945484,0.0,0.8000000000003075,0.0,3.062605957390788,3.0561421899450734,1,0,0,1,SAFETY_PROTECTION
2.3,1.2770597265624999,0.0,0.5933966298828125,1.267355076583717,0.0,0.8000000000001076,0.0,3.0456854671633486,3.0381463878769432,1,0,0,1,SAFETY_PROTECTION
2.32,1.2949193215999997,0.0,0.5849133222400001,1.2852718358443007,0.0,0.8000000000000377,0.0,3.028898406931068,3.0202568556306084,1,0,0,1,SAFETY_PROTECTION
2.34,1.3126619946374998,0.0,0.5764855525471876,1.3030754390598802,0.0,0.8000000000000131,0.0,3.0122511612455,3.0024805755332356,1,0,0,1,SAFETY_PROTECTION
2.36,1.3302808588000004,0.0,0.5681165920699999,1.3207589618909583,0.0,0.8000000000000046,0.0,2.995749994798706,2.9848244599818115,1,0,0,1,SAFETY_PROTECTION
2.38,1.3477691037124995,0.0,0.5598096757365627,1.33831555407496,0.0,0.8000000000000016,0.0,2.979401047956858,2.9672953469462495,1,0,0,1,SAFETY_PROTECTION
2.4,1.3651199999999992,0.0,0.5515680000000004,1.3557384439262354,0.0,0.8000000000000005,0.0,2.9632103324142975,2.9498999954734533,1,0,0,1,SAFETY_PROTECTION
2.42,1.3823269037874995,0.0,0.5433947207009378,1.373020942836057,0.0,0.8000000000000002,0.0,2.9471837269728525,2.9326450811924283,1,0,0,1,SAFETY_PROTECTION
2.44,1.3993832612000001,0.0,0.53529295093,1.39015644977262,0.0,0.8,0.0,2.9313269734509286,2.915537191820439,1,0,0,1,SAFETY_PROTECTION
2.46,1.416282612862499,0.0,0.5272657588903129,1.4071384557810414,0.0,0.8,0.0,2.9156456727266598,2.898582822670295,1,0,0,1,SAFETY_PROTECTION
2.48,1.4330185984000003,0.0,0.5193161657599998,1.4239605484833646,0.0,0.8,0.0,2.9001452809190607,2.881788372158778,1,0,0,1,SAFETY_PROTECTION
2.5,1.4495849609375,0.0,0.5114471435546875,1.4406164165785527,0.0,0.8,0.0,2.8848311057107994,2.865160137316285,1,0,0,1,SAFETY_PROTECTION
2.52,1.4659755515999997,0.0,0.5036616129900001,1.4570998543424931,0.0,0.8,0.0,2.8697083028157593,2.848704309297694,1,0,0,1,SAFETY_PROTECTION
2.54,1.4821843340125007,0.0,0.4959624413440622,1.473404766127998,0.0,0.8,0.0,2.8547818725941894,2.8324269688945054,1,0,0,1,SAFETY_PROTECTION
2.56,1.4982053888000018,0.0,0.48835244031999914,1.4895251708648005,0.0,0.8,0.0,2.8400566568177115,2.8163340820482956,1,0,0,1,SAFETY_PROTECTION
2.58,1.5140329180875,0.0,0.4808343639084375,1.5054552065595552,0.0,0.8,0.0,2.825537335585967,2.800431495365497,1,0,0,1,SAFETY_PROTECTION
2.6,1.5296612499999986,0.0,0.4734109062500006,1.5211891347958435,0.0,0.8,0.0,2.811228424396118,2.7847249316335385,1,0,0,1,SAFETY_PROTECTION
2.62,1.5450848431624993,0.0,0.46608469949781284,1.5367213452341697,0.0,0.8,0.0,2.797134271365843,2.769219985338365,1,0,0,1,SAFETY_PROTECTION
2.64,1.5602982912,0.0,0.4588583116799999,1.5520463601119592,0.0,0.8,0.0,2.783259054609839,2.7539221181833637,1,0,0,1,SAFETY_PROTECTION
2.66,1.575296327237501,0.0,0.451734244562187,1.5671588387435613,0.0,0.8,0.0,2.7696067797691537,2.738836654609681,1,0,0,1,SAFETY_PROTECTION
2.68,1.5900738284000002,0.0,0.44471493150999986,1.5820535820202468,0.0,0.8,0.0,2.7561812776920402,2.7239687773179635,1,0,0,1,SAFETY_PROTECTION
2.7,1.6046258203124997,0.0,0.43780273535156267,1.5967255369102111,0.0,0.8,0.0,2.742986202264265,2.7093235227914985,1,0,0,1,SAFETY_PROTECTION
2.72,1.6189474815999987,0.0,0.4309999462400006,1.611169800958573,0.0,0.8,0.0,2.7300250283861045,2.6949057768207685,1,0,0,1,SAFETY_PROTECTION
2.74,1.6330341483875004,0.0,0.42430877951593726,1.6253816267873757,0.0,0.8,0.0,2.717301050092472,2.680720270029387,1,0,0,1,SAFETY_PROTECTION
2.76,1.6468813188000013,0.0,0.41773137356999934,1.6393564265955822,0.0,0.8,0.0,2.7048173788118914,2.666771573401411,1,0,0,1,SAFETY_PROTECTION
2.78,1.6604846574625003,0.0,0.4112697877053123,1.6530897766590789,0.0,0.8,0.0,2.6925769417592056,2.653064093809987,1,0,0,1,SAFETY_PROTECTION
2.8,1.6738399999999993,0.0,0.40492600000000034,1.666577421830677,0.0,0.8,0.0,2.6805824804561773,2.6396020695473004,1,0,0,1,SAFETY_PROTECTION
2.82,1.6869433575375008,0.0,0.39870190516968707,1.6798152800401125,0.0,0.8,0.0,2.6688365493733324,2.626389565855794,1,0,0,1,SAFETY_PROTECTION
2.84,1.699790921199999,0.0,0.39259931243000046,1.6927994467940386,0.0,0.8,0.0,2.6573415146856276,2.613430470460599,1,0,0,1,SAFETY_PROTECTION
2.86,1.7123790666124998,0.0,0.3866199433590626,1.7055261996760382,0.0,0.8,0.0,2.6460995531337357,2.6007284891031004,1,0,0,1,SAFETY_PROTECTION
2.88,1.7247043584000008,0.0,0.3807654297599996,1.7179920028466138,0.0,0.8,0.0,2.635112650982075,2.5882871410756128,1,0,0,1,SAFETY_PROTECTION
2.9,1.7367635546874998,0.0,0.37503731152343756,1.7301935115431895,0.0,0.8,0.0,2.6243826030638977,2.5761097547570513,1,0,0,1,SAFETY_PROTECTION
2.92,1.7485536116000002,0.0,0.36943703448999987,1.7421275765801165,0.0,0.8,0.0,2.613911011903125,2.5641994631495293,1,0,0,1,SAFETY_PROTECTION
2.94,1.7600716877625002,0.0,0.36396594831281237,1.753791248848666,0.0,0.8,0.0,2.60369928690198,2.552559199415808,1,0,0,1,SAFETY_PROTECTION
2.96,1.7713151487999999,0.0,0.35862530432000006,1.765181783817033,0.0,0.8,0.0,2.593748643582801,2.5411916924174753,1,0,0,1,SAFETY_PROTECTION
2.98,1.7822815718375011,0.0,0.35341625337718696,1.7762966460303373,0.0,0.8,0.0,2.584060102871935,2.530099462253767,1,0,0,1,SAFETY_PROTECTION
3.0,1.79296875,0.0,0.34833984375000004,1.7871335136106181,0.0,0.8,0.0,2.5746344904130836,2.51928481580092,1,0,0,1,SAFETY_PROTECTION
3.02,1.8033746969125,0.0,0.3433970189665625,1.7976902827568413,0.0,0.8,0.0,2.5654724358970102,2.5087498422519183,1,0,0,1,SAFETY_PROTECTION
3.04,1.8134976512000014,0.0,0.3385886156799993,1.8079650722448954,0.0,0.8,0.0,2.556574372394227,2.498496408656546,1,0,0,1,SAFETY_PROTECTION
3.06,1.8233360809874997,0.0,0.3339153615309377,1.8179562279275883,0.0,0.8,0.0,2.5479405356769083,2.4885261554615883,1,0,0,1,SAFETY_PROTECTION
3.08,1.8328886883999997,0.0,0.3293778730100001,1.827662327234656,0.0,0.8,0.0,2.5395709635160766,2.478840492051053,1,0,0,1,SAFETY_PROTECTION
3.1,1.8421544140625006,0.0,0.3249766533203122,1.8370821836727549,0.0,0.8,0.0,2.5314654949400444,2.4694405922862983,1,0,0,1,SAFETY_PROTECTION
3.12,1.8511324415999981,0.0,0.3207120902400009,1.8462148513254628,0.0,0.8,0.0,2.5236237694399275,2.4603273900459026,1,0,0,1,SAFETY_PROTECTION
3.14,1.859822202137499,0.0,0.31658445398468793,1.8550596293532866,0.0,0.8,0.0,2.5160452261081665,2.4515015747651425,1,0,0,1,SAFETY_PROTECTION
3.16,1.8682233788000007,0.0,0.3125938950699997,1.8636160664936507,0.0,0.8,0.0,2.5087291026961354,2.442963586974956,1,0,0,1,SAFETY_PROTECTION
3.18,1.8763359112125007,0.0,0.30874044217406216,1.8718839655609032,0.0,0.8,0.0,2.501674434577048,2.434713613840219,1,0,0,1,SAFETY_PROTECTION
3.2,1.884160000000001,0.0,0.3050239999999995,1.8798633879463167,0.0,0.8,0.0,2.494880053600785,2.426751584697215,1,0,0,1,SAFETY_PROTECTION
3.22,1.8916961112875015,0.0,0.3014443471384368,1.8875546581180869,0.0,0.8,0.0,2.48834458682764,2.4190771665901547,1,0,0,1,SAFETY_PROTECTION
3.24,1.8989449811999988,0.0,0.2980011339300006,1.8949583681213296,0.0,0.8,0.0,2.4820664551284812,2.411689759806614,1,0,0,1,SAFETY_PROTECTION
3.26,1.9059076203624992,0.0,0.29469388032781285,1.9020753820780898,0.0,0.8,0.0,2.4760438716394133,2.40458849341174,1,0,0,1,SAFETY_PROTECTION
3.28,1.912585318399998,0.0,0.291521973760001,1.90890684068733,0.0,0.8,0.0,2.47027484005979,2.3977722207811336,1,0,0,1,SAFETY_PROTECTION
3.3,1.9189796484375004,0.0,0.28848466699218733,1.9154541657249409,0.0,0.8,0.0,2.464757152783076,2.3912395151322485,1,0,0,1,SAFETY_PROTECTION
3.32,1.925092471600001,0.0,0.2855810759899995,1.9217190645437299,0.0,0.8,0.0,2.4594883888510832,2.384988665054237,1,0,0,1,SAFETY_PROTECTION
3.34,1.9309259415124993,0.0,0.2828101777815628,1.9277035345734301,0.0,0.8,0.0,2.4544659117228913,2.3790176700360943,1,0,0,1,SAFETY_PROTECTION
3.36,1.9364825087999984,0.0,0.28017080832000074,1.9334098678206995,0.0,0.8,0.0,2.4496868668509286,2.373324235993041,1,0,0,1,SAFETY_PROTECTION
3.38,1.941764925587501,0.0,0.2776616603459371,1.9388406553691202,0.0,0.8,0.0,2.4451481790577145,2.3679057707910443,1,0,0,1,SAFETY_PROTECTION
3.4,1.946776250000001,0.0,0.2752812812499995,1.9439987918791928,0.0,0.8,0.0,2.440846549707943,2.362759379769419,1,0,0,1,SAFETY_PROTECTION
3.42,1.9515198506624998,0.0,0.27302807093531256,1.9488874800883424,0.0,0.8,0.0,2.4367784536718053,2.357881861261422,1,0,0,1,SAFETY_PROTECTION
3.44,1.9559994112000005,0.0,0.27090027967999974,1.9535102353109202,0.0,0.8,0.0,2.4329401360767817,2.353269702112814,1,0,0,1,SAFETY_PROTECTION
3.46,1.9602189347375,0.0,0.26889600599968744,1.9578708899381971,0.0,0.8,0.0,2.4293276088464135,2.348919073198357,1,0,0,1,SAFETY_PROTECTION
3.48,1.9641827484000007,0.0,0.2670131945099996,1.9619735979383695,0.0,0.8,0.0,2.4259366470259436,2.3448258249362066,1,0,0,1,SAFETY_PROTECTION
3.5,1.9678955078125,0.0,0.2652496337890625,1.9658228393565542,0.0,0.8,0.0,2.422762784896166,2.3409854828002183,1,0,0,1,SAFETY_PROTECTION
3.52,1.971362201599998,0.0,0.2636029542400009,1.9694234248147926,0.0,0.8,0.0,2.419801311878195,2.337393242830156,1,0,0,1,SAFETY_PROTECTION
3.54,1.9745881558874983,0.0,0.26207062595343833,1.9727805000120513,0.0,0.8,0.0,2.417047268233373,2.334043967139841,1,0,0,1,SAFETY_PROTECTION
3.56,1.9775790388000019,0.0,0.2606499565699991,1.9758995502242191,0.0,0.8,0.0,2.414495440563987,2.3309321794232845,1,0,0,1,SAFETY_PROTECTION
3.58,1.9803408649624998,0.0,0.25933808914281253,1.9787864048041015,0.0,0.8,0.0,2.4121403571219164,2.328052060458855,1,0,0,1,SAFETY_PROTECTION
3.6,1.9828800000000033,0.0,0.2581319999999985,1.9814472416814377,0.0,0.8,0.0,2.4099762829338016,2.3253974436115326,1,0,0,1,SAFETY_PROTECTION
3.62,1.9852031650375022,0.0,0.2570284966071865,1.9838885918628797,0.0,0.8,0.0,2.407997214752895,2.3229618103333918,1,0,0,1,SAFETY_PROTECTION
3.64,1.9873174412,0.0,0.25602421543,1.986117343932008,0.0,0.8,0.0,2.4061968758489956,2.3207382856623524,1,0,0,1,SAFETY_PROTECTION
3.66,1.9892302741125016,0.0,0.2551156197965617,1.9881407485493288,0.0,0.8,0.0,2.404568710649541,2.318719633719358,1,0,0,1,SAFETY_PROTECTION
3.68,1.9909494783999993,0.0,0.2542989977600003,1.9899664229522647,0.0,0.8,0.0,2.4031058792461812,2.3168982532041187,1,0,0,1,SAFETY_PROTECTION
3.7,1.9924832421875003,0.0,0.2535704599609374,1.9916023554551678,0.0,0.8,0.0,2.4018012517825755,2.3152661728895234,1,0,0,1,SAFETY_PROTECTION
3.72,1.993840131599999,0.0,0.2529259374900005,1.993056909949308,0.0,0.8,0.0,2.4006474027405997,2.3138150471149443,1,0,0,1,SAFETY_PROTECTION
3.74,1.9950290952625025,0.0,0.25236117975031136,1.9943388304028846,0.0,0.8,0.0,2.39963660514332,2.3125361512785516,1,0,0,1,SAFETY_PROTECTION
3.76,1.9960594688000022,0.0,0.2518717523199989,1.995457245361011,0.0,0.8,0.0,2.398760824694573,2.3114203773288815,1,0,0,1,SAFETY_PROTECTION
3.78,1.9969409793375021,0.0,0.2514530348146865,1.9964216724457302,0.0,0.8,0.0,2.3980117138760555,2.310458229255808,1,0,0,1,SAFETY_PROTECTION
3.8,1.9976837500000038,0.0,0.2511002187499982,1.9972420228560082,0.0,0.8,0.0,2.397380606024257,2.309639818581173,1,0,0,1,SAFETY_PROTECTION
3.82,1.998298304412499,0.0,0.25080830540406307,1.997928605867727,0.0,0.8,0.0,2.3968585094106314,2.3089548598492957,1,0,0,1,SAFETY_PROTECTION
3.84,1.9987955712000005,0.0,0.2505721036799997,1.9984921333337047,0.0,0.8,0.0,2.3964361013496274,2.308392666117558,1,0,0,1,SAFETY_PROTECTION
3.86,1.9991868884875004,0.0,0.25038622796843735,1.9989437241836718,0.0,0.8,0.0,2.396103722360462,2.3079421444473933,1,0,0,1,SAFETY_PROTECTION
3.88,1.9994840083999996,0.0,0.2502450960100002,1.999294908924285,0.0,0.8,0.0,2.395851370409485,2.3075917913958577,1,0,0,1,SAFETY_PROTECTION
3.9,1.9996991015624985,0.0,0.25014292675781324,1.999557634139124,0.0,0.8,0.0,2.3956686952613295,2.307329688508106,1,0,0,1,SAFETY_PROTECTION
3.92,1.9998447615999986,0.0,0.2500737382400007,1.9997442669886925,0.0,0.8,0.0,2.3955449929681074,2.3071434978110315,1,0,0,1,SAFETY_PROTECTION
3.94,1.9999340096374958,0.0,0.2500313454221895,1.9998675997104145,0.0,0.8,0.0,2.3954692005271068,2.3070204573083815,1,0,0,1,SAFETY_PROTECTION
3.96,1.9999802988000006,0.0,0.2500093580699997,1.9999408541186456,0.0,0.8,0.0,2.395429890738675,2.3069473764776154,1,0,0,1,SAFETY_PROTECTION
3.98,1.9999975187125045,0.0,0.25000117861156035,1.9999776861046539,0.0,0.8,0.0,2.3954152672972873,2.306910631768875,1,0,0,1,SAFETY_PROTECTION
4.02,2.0000024812875,0.0,0.2499999131549375,1.9999938029735038,0.0,0.8,0.0,2.395410779643797,2.306894553091337,1,0,0,1,SAFETY_PROTECTION
4.04,2.0000197012,0.0,0.249999310458,2.0000106368207264,0.0,0.8,0.0,2.3953942591488047,2.3068777591348644,1,0,0,1,SAFETY_PROTECTION
4.06,2.0000659903625,0.0,0.2499976903373125,2.000046616622879,0.0,0.8,0.0,2.395349850142984,2.3068418645947033,1,0,0,1,SAFETY_PROTECTION
4.08,2.0001552384,0.0,0.249994566656,2.000117220778008,0.0,0.8,0.0,2.395264227313591,2.306771427757653,1,0,0,1,SAFETY_PROTECTION
4.1,2.0003008984375,0.0,0.2499894685546875,2.000236611256678,0.0,0.8,0.0,2.3951244843714345,2.3066523202296065,1,0,0,1,SAFETY_PROTECTION
4.12,2.0005159916,0.0,0.249981940294,2.000418208479837,0.0,0.8,0.0,2.3949181299081426,2.3064711534290647,1,0,0,1,SAFETY_PROTECTION
4.14,2.0008131115125,0.0,0.2499715410970625,2.000674895451068,0.0,0.8,0.0,2.394633083291198,2.3062150749501793,1,0,0,1,SAFETY_PROTECTION
4.16,2.0012044288,0.0,0.249957844992,2.0010190921278737,0.0,0.8,0.0,2.3942576705917915,2.305871694381412,1,0,0,1,SAFETY_PROTECTION
4.18,2.0017016955875,0.0,0.2499404406544375,2.0014627843766313,0.0,0.8,0.0,2.3937806205408627,2.3054290544347613,1,0,0,1,SAFETY_PROTECTION
4.2,2.00231625,0.0,0.24991893125,2.0020175370318207,0.0,0.8,0.0,2.393191060509036,2.304875617934633,1,0,0,1,SAFETY_PROTECTION
4.22,2.0030590206625,0.0,0.2498929342768125,2.0026945013917623,0.0,0.8,0.0,2.3924785125064414,2.304200260358354,1,0,0,1,SAFETY_PROTECTION
4.24,2.0039405312,0.0,0.249862081408,2.0035044207671167,0.0,0.8,0.0,2.391632889198753,2.3033922643204168,1,0,0,1,SAFETY_PROTECTION
4.26,2.0049709047375,0.0,0.2498260183341875,2.004457635347866,0.0,0.8,0.0,2.3906444899360317,2.302441314737522,1,0,0,1,SAFETY_PROTECTION
4.28,2.0061598684,0.0,0.249784404606,2.005564086831753,0.0,0.8,0.0,2.3895039967912868,2.30133749423229,1,0,0,1,SAFETY_PROTECTION
4.3,2.0075167578125,0.0,0.2497369134765625,2.0068333229692388,0.0,0.8,0.0,2.388202470605897,2.300071278620789,1,0,0,1,SAFETY_PROTECTION
4.32,2.0090505216,0.0,0.249683231744,2.0082745020792334,0.0,0.8,0.0,2.3867313470393285,2.2986335324295664,1,0,0,1,SAFETY_PROTECTION
4.34,2.0107697258875,0.0,0.2496230595939375,2.0098963975546065,0.0,0.8,0.0,2.3850824326208073,2.2970155044231024,1,0,0,1,SAFETY_PROTECTION
4.36,2.0126825588,0.0,0.249556110442,2.011707402364112,0.0,0.8,0.0,2.3832479008008467,2.2952088231349164,1,0,0,1,SAFETY_PROTECTION
4.38,2.0147968349625,0.0,0.2494821107763125,2.0137155335530643,0.0,0.8,0.0,2.381220288000735,2.293205492399887,1,0,0,1,SAFETY_PROTECTION
4.4,2.01712,0.0,0.2494008,2.0159284367435726,0.0,0.8,0.0,2.3789924896583146,2.2909978868868746,1,0,0,1,SAFETY_PROTECTION
4.42,2.0196591350375,0.0,0.2493119302736875,2.0183533906346254,0.0,0.8,0.0,2.376557756268529,2.2885787476312567,1,0,0,1,SAFETY_PROTECTION
4.44,2.0224209612,0.0,0.249215266358,2.0209973115021187,0.0,0.8,0.0,2.3739096894174545,2.2859411775672123,1,0,0,1,SAFETY_PROTECTION
4.46,2.0254118441125,0.0,0.2491105854560625,2.0238667576988667,0.0,0.8,0.0,2.3710422378086173,2.2830786370596328,1,0,0,1,SAFETY_PROTECTION
4.48,2.0286377984,0.0,0.248997677056,2.0269679341546034,0.0,0.8,0.0,2.3679496932806128,2.2799849394355984,1,0,0,1,SAFETY_PROTECTION
4.5,2.0321044921875,0.0,0.2488763427734375,2.030306696875986,0.0,0.8,0.0,2.364626686815142,2.276654246515353,1,0,0,1,SAFETY_PROTECTION
4.52,2.0358172516,0.0,0.248746396194,2.0338885574465952,0.0,0.8,0.0,2.3610681845347097,2.273081064142737,1,0,0,1,SAFETY_PROTECTION
4.54,2.0397810652625,0.0,0.2486076627158125,2.037718687526933,0.0,0.8,0.0,2.3572694836893566,2.2692602377150357,1,0,0,1,SAFETY_PROTECTION
4.56,2.0440005888,0.0,0.24845997939199999,2.0418019233544262,0.0,0.8,0.0,2.353226208631879,2.2651869477122184,1,0,0,1,SAFETY_PROTECTION
4.58,2.0484801493375,0.0,0.2483031947731875,2.0461427702434243,0.0,0.8,0.0,2.3489343067810933,2.2608567052255304,1,0,0,1,SAFETY_PROTECTION
4.6,2.05322375,0.0,0.24813716875,2.0507454070851985,0.0,0.8,0.0,2.3443900445727857,2.256265347485435,1,0,0,1,SAFETY_PROTECTION
4.62,2.0582350744125,0.0,0.2479617723955625,2.0556136908479443,0.0,0.8,0.0,2.3395900033980515,2.2514090333888706,1,0,0,1,SAFETY_PROTECTION
4.64,2.0635174912,0.0,0.247776887808,2.06075116107678,0.0,0.8,0.0,2.334531075528791,2.246284239025831,1,0,0,1,SAFETY_PROTECTION
4.66,2.0690740584875,0.0,0.2475824079529375,2.066161044393748,0.0,0.8,0.0,2.3292104600302004,2.2408877532052434,1,0,0,1,SAFETY_PROTECTION
4.68,2.0749075284,0.0,0.247378236506,2.0718462589978115,0.0,0.8,0.0,2.3236256586601196,2.2352166729801577,1,0,0,1,SAFETY_PROTECTION
4.7,2.0810203515625,0.0,0.2471642876953125,2.077809419164859,0.0,0.8,0.0,2.317774471755163,2.2292683991722297,1,0,0,1,SAFETY_PROTECTION
4.72,2.0874146816,0.0,0.246940486144,2.0840528397477005,0.0,0.8,0.0,2.3116549941035713,2.2230406318955085,1,0,0,1,SAFETY_PROTECTION
4.74,2.0940923796375,0.0,0.2467067667126875,2.09057854067607,0.0,0.8,0.0,2.305265610804768,2.216531366079526,1,0,0,1,SAFETY_PROTECTION
4.76,2.1010550188,0.0,0.246463074342,2.0973882514566244,0.0,0.8,0.0,2.298604993115616,2.2097388869917003,1,0,0,1,SAFETY_PROTECTION
4.78,2.1083038887125,0.0,0.2462093638950625,2.1044834156729437,0.0,0.8,0.0,2.2916720942833817,2.202661765759046,1,0,0,1,SAFETY_PROTECTION
4.8,2.11584,0.0,0.2459456,2.1118651954855303,0.0,0.8,0.0,2.2844661453654407,2.1952988548892125,1,0,0,1,SAFETY_PROTECTION
4.82,2.1236640887875,0.0,0.2456717568924375,2.1195344761318102,0.0,0.8,0.0,2.2769866510357475,2.1876492837908446,1,0,0,1,SAFETY_PROTECTION
4.84,2.1317766211999998,0.0,0.245387818258,2.1274918704261334,0.0,0.8,0.0,2.269233385378107,2.179712454293282,1,0,0,1,SAFETY_PROTECTION
4.86,2.1401777978625,0.0,0.2450937770748125,2.135737723259772,0.0,0.8,0.0,2.261206387666268,2.171488036165603,1,0,0,1,SAFETY_PROTECTION
4.88,2.1488675584,0.0,0.244789635456,2.14427211610092,0.0,0.8,0.0,2.2529059581308775,2.162975962635018,1,0,0,1,SAFETY_PROTECTION
4.9,2.1578455859375,0.0,0.2444754044921875,2.1530948714946967,0.0,0.8,0.0,2.244332653713292,2.1541764259046183,1,0,0,1,SAFETY_PROTECTION
4.92,2.1671113116,0.0,0.244151104094,2.162205557563144,0.0,0.8,0.0,2.2354872838062585,2.1450898726704994,1,0,0,1,SAFETY_PROTECTION
4.94,2.1766639190125,0.0,0.2438167628345625,2.171603492505225,0.0,0.8,0.0,2.226370905981442,2.135716999638246,1,0,0,1,SAFETY_PROTECTION
4.96,2.1865023488,0.0,0.243472417792,2.1812877490968288,0.0,0.8,0.0,2.2169848217037664,2.1260587490388003,1,0,0,1,SAFETY_PROTECTION
4.98,2.1966253030875,0.0,0.2431181143919375,2.191257159190765,0.0,0.8,0.0,2.207330572032508,2.11611630414371,1,0,0,1,SAFETY_PROTECTION
5.0,2.20703125,0.0,0.24275390625,2.2015103182167675,0.0,0.8,0.0,2.1974099333090598,2.1058910847797576,1,0,0,1,SAFETY_PROTECTION
5.02,2.2177184281625,0.0,0.2423798550143125,2.2120455896814937,0.0,0.8,0.0,2.187224912831253,2.095384742842979,1,0,0,1,SAFETY_PROTECTION
5.04,2.2286848512,0.0,0.241996030208,2.222861109668523,0.0,0.8,0.0,2.1767777445140974,2.084599157812066,1,0,0,1,SAFETY_PROTECTION
5.06,2.2399283122374998,0.0,0.2416025090716875,2.2339547913383577,0.0,0.8,0.0,2.166070884536764,2.0735364322611542,1,0,0,1,SAFETY_PROTECTION
5.08,2.2514463884,0.0,0.241199376406,2.2453243294284255,0.0,0.8,0.0,2.1551070069755998,2.062198887371986,1,0,0,1,SAFETY_PROTECTION
5.1,2.2632364453125002,0.0,0.2407867244140625,2.2569672047530744,0.0,0.8,0.0,2.1438889994229338,2.050589058445458,1,0,0,1,SAFETY_PROTECTION
5.12,2.2752956416,0.0,0.240364652544,2.268880688703576,0.0,0.8,0.0,2.1324199585913863,2.038709690412526,1,0,0,1,SAFETY_PROTECTION
5.14,2.2876209333875,0.0,0.2399332673314375,2.281061847748127,0.0,0.8,0.0,2.1207031859033543,2.026563733344473,1,0,0,1,SAFETY_PROTECTION
5.16,2.3002090788,0.0,0.239492682242,2.2935075479318447,0.0,0.8,0.0,2.1087421830653086,2.014154337962521,1,0,0,1,SAFETY_PROTECTION
5.18,2.3130566424625,0.0,0.2390430175138125,2.3062144593767706,0.0,0.8,0.0,2.0965406476264876,2.0014848511467713,1,0,0,1,SAFETY_PROTECTION
5.2,2.32616,0.0,0.2385844,2.3191790607818694,0.0,0.8,0.0,2.0841024685215284,1.98855881144446,1,0,0,1,SAFETY_PROTECTION
5.22,2.3395153425375,0.0,0.2381169630111875,2.3323976439230294,0.0,0.8,0.0,2.0714317215965212,1.9753799445775009,1,0,0,1,SAFETY_PROTECTION
5.24,2.3531186812,0.0,0.237640846158,2.3458663181530603,0.0,0.8,0.0,2.0585326651179443,1.961952158949305,1,0,0,1,SAFETY_PROTECTION
5.26,2.3669658516125,0.0,0.2371561951935625,2.3595810149016962,0.0,0.8,0.0,2.0454097352638496,1.9482795411508325,1,0,0,1,SAFETY_PROTECTION
5.28,2.3810525184,0.0,0.236663161856,2.373537492175594,0.0,0.8,0.0,2.0320675415966556,1.9343663514658629,1,0,0,1,SAFETY_PROTECTION
5.3,2.3953741796875,0.0,0.2361619037109375,2.387731339058333,0.0,0.8,0.0,2.018510862516817,1.9202170193754422,1,0,0,1,SAFETY_PROTECTION
5.32,2.4099261716,0.0,0.235652583994,2.4021579802104167,0.0,0.8,0.0,2.0047446406966043,1.9058361390614724,1,0,0,1,SAFETY_PROTECTION
5.34,2.4247036727625,0.0,0.23513537145331248,2.416812680369271,0.0,0.8,0.0,1.9907739784931682,1.8912284649094002,1,0,0,1,SAFETY_PROTECTION
5.36,2.4397017088,0.0,0.234610440192,2.431690548849245,0.0,0.8,0.0,1.976604133339991,1.876398907009964,1,0,0,1,SAFETY_PROTECTION
5.38,2.4549151568375,0.0,0.2340779695106875,2.446786544041611,0.0,0.8,0.0,1.9622405131157885,1.8613525266599469,1,0,0,1,SAFETY_PROTECTION
5.4,2.47033875,0.0,0.23353814374999998,2.4620954779145636,0.0,0.8,0.0,1.9476886714898587,1.8460945318618864,1,0,0,1,SAFETY_PROTECTION
5.42,2.4859670819125,0.0,0.2329911521330625,2.477612020513222,0.0,0.8,0.0,1.9329543032427998,1.8306302728226762,1,0,0,1,SAFETY_PROTECTION
5.44,2.5017946112000002,0.0,0.232437188608,2.493330704459628,0.0,0.8,0.0,1.9180432395614955,1.814965237451006,1,0,0,1,SAFETY_PROTECTION
5.46,2.5178156659875,0.0,0.2318764516904375,2.509245929452745,0.0,0.8,0.0,1.902961443307158,1.7991050468535699,1,0,0,1,SAFETY_PROTECTION
5.48,2.5340244484,0.0,0.231309144306,2.5253519667684605,0.0,0.8,0.0,1.88771500425521,1.7830554508299676,1,0,0,1,SAFETY_PROTECTION
5.5,2.5504150390625,0.0,0.2307354736328125,2.5416429637595863,0.0,0.8,0.0,1.872310134305688,1.7668223233662195,1,0,0,1,SAFETY_PROTECTION
5.52,2.5669814016,0.0,0.23015565094399998,2.558112948355855,0.0,0.8,0.0,1.8567531626628178,1.7504116581268283,1,0,0,1,SAFETY_PROTECTION
5.54,2.5837173871375,0.0,0.2295698914501875,2.5747558335639242,0.0,0.8,0.0,1.8410505309823493,1.7338295639452772,1,0,0,1,SAFETY_PROTECTION
5.56,2.6006167388,0.0,0.22897841414200001,2.591565421967373,0.0,0.8,0.0,1.8252087884851758,1.717082260312886,1,0,0,1,SAFETY_PROTECTION
5.58,2.6176730962125,0.0,0.2283814416325625,2.6085354102267058,0.0,0.8,0.0,1.8092345870357414,1.7001760728659217,1,0,0,1,SAFETY_PROTECTION
5.6,2.63488,0.0,0.2277792,2.625659393579347,0.0,0.8,0.0,1.7931346761836537,1.683117428870855,1,0,0,1,SAFETY_PROTECTION
5.62,2.6522308962875,0.0,0.2271719186299375,2.6429308703396464,0.0,0.8,0.0,1.776915898166914,1.665912852707656,1,0,0,1,SAFETY_PROTECTION
5.64,2.6697191412,0.0,0.226559830058,2.660343246398876,0.0,0.8,0.0,1.760585182875123,1.6485689613510024,1,0,0,1,SAFETY_PROTECTION
5.66,2.6873380053625002,0.0,0.2259431698123125,2.6778898397252315,0.0,0.8,0.0,1.7441495427709834,1.6310924598492909,1,0,0,1,SAFETY_PROTECTION
5.68,2.7050806784,0.0,0.225322176256,2.695563884863831,0.0,0.8,0.0,1.7276160677684254,1.613490136801302,1,0,0,1,SAFETY_PROTECTION
5.7,2.7229402734375,0.0,0.2246970904296875,2.713358537436716,0.0,0.8,0.0,1.71099192006562,1.5957688598304012,1,0,0,1,SAFETY_PROTECTION
5.72,2.7409098316,0.0,0.224068155894,2.7312668786428502,0.0,0.8,0.0,1.6942843289311988,1.5779355710561154,1,0,0,1,SAFETY_PROTECTION
5.74,2.7589823265125,0.0,0.2234356185720625,2.749281919758123,0.0,0.8,0.0,1.677500585441941,1.5599972825629451,1,0,0,1,SAFETY_PROTECTION
5.76,2.7771506688,0.0,0.222799726592,2.767396606635343,0.0,0.8,0.0,1.660648037170262,1.5419610718662584,1,0,0,1,SAFETY_PROTECTION
5.78,2.7954077105875,0.0,0.2221607301294375,2.7856038242042453,0.0,0.8,0.0,1.6437340828198246,1.523834077375093,1,0,0,1,SAFETY_PROTECTION
5.8,2.8137462500000003,0.0,0.22151888125,2.803896400971486,0.0,0.8,0.0,1.6267661668076676,1.505623493851712,1,0,0,1,SAFETY_PROTECTION
5.82,2.8321590356625,0.0,0.22087443375181248,2.822267113520645,0.0,0.8,0.0,1.6097517737913014,1.4873365678677297,1,0,0,1,SAFETY_PROTECTION
5.84,2.8506387712,0.0,0.220227643008,2.8407086910122255,0.0,0.8,0.0,1.592698423139285,1.4689805932566364,1,0,0,1,SAFETY_PROTECTION
5.86,2.8691781197374997,0.0,0.2195787658091875,2.859213819683654,0.0,0.8,0.0,1.5756136633439377,1.4505629065625327,1,0,0,1,SAFETY_PROTECTION
5.88,2.8877697084000005,0.0,0.21892806020599997,2.877775147349279,0.0,0.8,0.0,1.5585050663749165,1.4320908824848928,1,0,0,1,SAFETY_PROTECTION
5.9,2.9064061328125,0.0,0.21827578535156247,2.896385287900373,0.0,0.8,0.0,1.5413802219725783,1.4135719293191573,1,0,0,1,SAFETY_PROTECTION
5.92,2.9250799616,0.0,0.217622201344,2.9150368258051307,0.0,0.8,0.0,1.52424673188019,1.3950134843929685,1,0,0,1,SAFETY_PROTECTION
5.94,2.9437837408875,0.0,0.2169675690689375,2.9337223206086707,0.0,0.8,0.0,1.507112204014279,1.3764230094978536,1,0,0,1,SAFETY_PROTECTION
5.96,2.9625099988,0.0,0.216312150042,2.9524343114330343,0.0,0.8,0.0,1.4899842465726314,1.3578079863161556,1,0,0,1,SAFETY_PROTECTION
5.98,2.9812512499625,0.0,0.2156562062513125,2.971165321477187,0.0,0.8,0.0,1.4728704620797108,1.3391759118430189,1,0,0,1,SAFETY_PROTECTION
6.0,3.0,0.0,0.215,2.9899078625170157,0.0,0.8,0.0,1.4557784413695947,1.320534293803242,1,0,0,1,SAFETY_PROTECTION
6.02,3.0187487500375,0.0,0.2143437937486875,3.0086544394053307,0.0,0.8,0.0,1.4387157575068366,1.3018906460627977,1,0,0,1,SAFETY_PROTECTION
6.04,3.0374900012000006,0.0,0.21368784995799997,3.0273975545718663,0.0,0.8,0.0,1.42168995964605,1.2832524840348487,1,0,0,1,SAFETY_PROTECTION
6.06,3.0562162591124995,0.0,0.2130324309310625,3.046129712523278,0.0,0.8,0.0,1.4047085668314434,1.2646273200800815,1,0,0,1,SAFETY_PROTECTION
6.08,3.0749200384,0.0,0.21237779865599998,3.064843424343147,0.0,0.8,0.0,1.3877790617379557,1.2460226589011816,1,0,0,1,SAFETY_PROTECTION
6.1,3.0935938671875003,0.0,0.2117242146484375,3.0835312121919767,0.0,0.8,0.0,1.3709088843562083,1.2274459929313237,1,0,0,1,SAFETY_PROTECTION
6.12,3.1122302916,0.0,0.211071939794,3.1021856138071917,0.0,0.8,0.0,1.3541054256239669,1.2089047977165146,1,0,0,1,SAFETY_PROTECTION
6.14,3.1308218802625003,0.0,0.2104212341908125,3.1207991870031426,0.0,0.8,0.0,1.3373760210074543,1.1904065272916875,1,0,0,1,SAFETY_PROTECTION
6.16,3.1493612288,0.0,0.20977235699199998,3.1393645141711,0.0,0.8,0.0,1.320727944036486,1.171958609550451,1,0,0,1,SAFETY_PROTECTION
6.18,3.1678409643374996,0.0,0.2091255662481875,3.15787420677926,0.0,0.8,0.0,1.3041683997980575,1.153568441608423,1,0,0,1,SAFETY_PROTECTION
6.2,3.1862537500000006,0.0,0.20848111874999997,3.176320909872741,0.0,0.8,0.0,1.2877045183937854,1.1352433851601154,1,0,0,1,SAFETY_PROTECTION
6.22,3.2045922894125,0.0,0.2078392698705625,3.194697306573585,0.0,0.8,0.0,1.2713433483673575,1.1169907618293662,1,0,0,1,SAFETY_PROTECTION
6.24,3.2228493312,0.0,0.207200273408,3.212996122580755,0.0,0.8,0.0,1.2550918501089479,1.0988178485133622,1,0,0,1,SAFETY_PROTECTION
6.26,3.2410176734875003,0.0,0.20656438142793748,3.2312101306701395,0.0,0.8,0.0,1.2389568892444593,1.080731872720326,1,0,0,1,SAFETY_PROTECTION
6.28,3.2590901683999998,0.0,0.20593184410600002,3.2493321551945487,0.0,0.8,0.0,1.2229452300182913,1.062740007901017,1,0,0,1,SAFETY_PROTECTION
6.3,3.2770597265625,0.0,0.2053029095703125,3.2673550765837174,0.0,0.8,0.0,1.207063528679277,1.0448493687742233,1,0,0,1,SAFETY_PROTECTION
6.32,3.2949193215999997,0.0,0.204677823744,3.2852718358443007,0.0,0.8,0.0,1.1913183268803973,1.0270670066465106,1,0,0,1,SAFETY_PROTECTION
6.34,3.3126619946374998,0.0,0.2040568301876875,3.30307543905988,0.0,0.8,0.0,1.175716045103798,1.0093999047265396,1,0,0,1,SAFETY_PROTECTION
6.36,3.3302808588,0.0,0.20344016994199998,3.320758961890958,0.0,0.8,0.0,1.160262976123652,0.9918549734343659,1,0,0,1,SAFETY_PROTECTION
6.38,3.3477691037124995,0.0,0.20282808137006253,3.3383155540749603,0.0,0.8,0.0,1.1449652785203592,0.9744390457061841,1,0,0,1,SAFETY_PROTECTION
6.4,3.3651199999999992,0.0,0.20222080000000003,3.3557384439262354,0.0,0.8,0.0,1.129828970260541,0.9571588722951058,1,0,0,1,SAFETY_PROTECTION
6.42,3.3823269037874995,0.0,0.20161855836743753,3.373020942836057,0.0,0.8,0.0,1.1148599223582454,0.9400211170686216,1,0,0,1,SAFETY_PROTECTION
6.44,3.3993832612,0.0,0.201021585858,3.39015644977262,0.0,0.8,0.0,1.1000638526336632,0.9230323523035285,1,0,0,1,SAFETY_PROTECTION
6.46,3.4162826128624992,0.0,0.20043010854981252,3.407138455781041,0.0,0.8,0.0,1.0854463195865356,0.906199053979193,1,0,0,1,SAFETY_PROTECTION
6.48,3.4330185984000003,0.0,0.199844349056,3.4239605484833646,0.0,0.8,0.0,1.0710127164022172,0.8895275970701352,1,0,0,1,SAFETY_PROTECTION
6.5,3.4495849609375,0.0,0.1992645263671875,3.440616416578553,0.0,0.8,0.0,1.0567682651091066,0.8730242508390774,1,0,0,1,SAFETY_PROTECTION
6.52,3.4659755515999997,0.0,0.198690855694,3.457099854342493,0.0,0.8,0.0,1.042718010906723,0.8566951741316561,1,0,0,1,SAFETY_PROTECTION
6.54,3.4821843340125005,0.0,0.19812354830956247,3.473404766127998,0.0,0.8,0.0,1.0288668166842938,0.8405464106741974,1,0,0,1,SAFETY_PROTECTION
6.56,3.4982053888000015,0.0,0.19756281139199994,3.4895251708648,0.0,0.8,0.0,1.0152193577500448,0.8245838843760561,1,0,0,1,SAFETY_PROTECTION
6.58,3.5140329180875,0.0,0.1970088478669375,3.5054552065595552,0.0,0.8,0.0,1.0017801167916383,0.808813394638145,1,0,0,1,SAFETY_PROTECTION
6.6,3.5296612499999984,0.0,0.19646185625000004,3.5211891347958435,0.0,0.8,0.0,0.9885533790882709,0.7932406116694403,1,0,0,1,SAFETY_PROTECTION
6.62,3.545084843162499,0.0,0.1959220304893125,3.5367213452341697,0.0,0.8,0.0,0.9755432279948465,0.7778710718133729,1,0,0,1,SAFETY_PROTECTION
6.64,3.5602982912,0.0,0.195389559808,3.5520463601119596,0.0,0.8,0.0,0.9627535407183069,0.7627101728861564,1,0,0,1,SAFETY_PROTECTION
6.66,3.575296327237501,0.0,0.19486462854668746,3.5671588387435618,0.0,0.8,0.0,0.9501879844056716,0.7477631695292063,1,0,0,1,SAFETY_PROTECTION
6.68,3.5900738284000004,0.0,0.19434741600599997,3.582053582020247,0.0,0.8,0.0,0.9378500125626171,0.7330351685779574,1,0,0,1,SAFETY_PROTECTION
6.7,3.6046258203124997,0.0,0.1938380962890625,3.5967255369102116,0.0,0.8,0.0,0.9257428618204014,0.7185311244494675,1,0,0,1,SAFETY_PROTECTION
6.72,3.6189474815999985,0.0,0.19333683814400004,3.6111698009585727,0.0,0.8,0.0,0.9138695490677214,0.7042558345513222,1,0,0,1,SAFETY_PROTECTION
6.74,3.6330341483875004,0.0,0.19284380480643748,3.6253816267873757,0.0,0.8,0.0,0.9022328689625773,0.6902139347143937,1,0,0,1,SAFETY_PROTECTION
6.76,3.646881318800001,0.0,0.19235915384199995,3.6393564265955822,0.0,0.8,0.0,0.8908353918374877,0.6764098946521296,1,0,0,1,SAFETY_PROTECTION
6.78,3.6604846574625003,0.0,0.19188303698881248,3.653089776659079,0.0,0.8,0.0,0.8796794620093505,0.6628480134490083,1,0,0,1,SAFETY_PROTECTION
6.8,3.6738399999999993,0.0,0.19141560000000002,3.6665774218306773,0.0,0.8,0.0,0.8687671965030274,0.6495324150808813,1,0,0,1,SAFETY_PROTECTION
6.82,3.686943357537501,0.0,0.19095698248618748,3.6798152800401125,0.0,0.8,0.0,0.8581004841951901,0.6364670439698706,1,0,0,1,SAFETY_PROTECTION
6.84,3.699790921199999,0.0,0.19050731775800003,3.692799446794039,0.0,0.8,0.0,0.8476809853822406,0.6236556605764464,1,0,0,1,SAFETY_PROTECTION
6.86,3.7123790666125,0.0,0.1900667326685625,3.7055261996760382,0.0,0.8,0.0,0.837510131773121,0.6111018370312088,1,0,0,1,SAFETY_PROTECTION
6.88,3.724704358400001,0.0,0.18963534745599997,3.7179920028466142,0.0,0.8,0.0,0.827589126904766,0.5988089528088115,1,0,0,1,SAFETY_PROTECTION
6.9,3.7367635546874998,0.0,0.1892132755859375,3.73019351154319,0.0,0.8,0.0,0.8179189469745253,0.586780190446257,1,0,0,1,SAFETY_PROTECTION
6.92,3.7485536116000002,0.0,0.188800623594,3.742127576580117,0.0,0.8,0.0,0.8085003420805007,0.575018531307585,1,0,0,1,SAFETY_PROTECTION
6.94,3.7600716877625002,0.0,0.18839749092831248,3.7537912488486658,0.0,0.8,0.0,0.7993338378571763,0.5635267513967618,1,0,0,1,SAFETY_PROTECTION
6.96,3.7713151488,0.0,0.18800396979200001,3.765181783817033,0.0,0.8,0.0,0.7904197374900569,0.5523074172202015,1,0,0,1,SAFETY_PROTECTION
6.98,3.782281571837501,0.0,0.18762014498568746,3.776296646030337,0.0,0.8,0.0,0.7817581240894237,0.5413628817000623,1,0,0,1,SAFETY_PROTECTION
7.0,3.79296875,0.0,0.18724609375,3.787133513610618,0.0,0.8,0.0,0.7733488633996816,0.5306952801390169,1,0,0,1,SAFETY_PROTECTION
7.02,3.8033746969125,0.0,0.18688188560806251,3.7976902827568413,0.0,0.8,0.0,0.7651916068171721,0.5203065262367678,1,0,0,1,SAFETY_PROTECTION
7.04,3.8134976512000014,0.0,0.18652758220799995,3.807965072244895,0.0,0.8,0.0,0.7572857946859523,0.5101983081580955,1,0,0,1,SAFETY_PROTECTION
7.06,3.8233360809874997,0.0,0.1861832371654375,3.8179562279275885,0.0,0.8,0.0,0.7496306598376768,0.5003720846516845,1,0,0,1,SAFETY_PROTECTION
7.08,3.8328886883999997,0.0,0.185848895906,3.8276623272346555,0.0,0.8,0.0,0.7422252313386725,0.49082908121840785,1,0,0,1,SAFETY_PROTECTION
7.1,3.8421544140625006,0.0,0.18552459550781247,3.837082183672755,0.0,0.8,0.0,0.7350683384045046,0.4815702863271901,1,0,0,1,SAFETY_PROTECTION
7.12,3.851132441599998,0.0,0.18521036454400006,3.8462148513254633,0.0,0.8,0.0,0.7281586144397451,0.47259644767592646,1,0,0,1,SAFETY_PROTECTION
7.14,3.859822202137499,0.0,0.18490622292518755,3.8545686317786556,0.0,0.8,0.0,0.7214945011585053,0.46439031640707495,1,1,0,1,SAFETY_PROTECTION
7.16,3.8682233788000007,0.0,0.18461218174199998,3.857689581041162,0.0,0.8,0.0,0.7150742527395285,0.4613251195887852,1,1,0,1,SAFETY_PROTECTION
7.18,3.8763359112125007,0.0,0.18432824310756246,3.8589767218175988,0.0,0.8,0.0,0.7088959399681617,0.46006106697568805,1,1,0,1,SAFETY_PROTECTION
7.2,3.884160000000001,0.0,0.18405439999999995,3.859038905626152,0.0,0.8,0.0,0.7029574543166631,0.4600000000000003,1,1,0,1,SAFETY_PROTECTION
7.22,3.8916961112875015,0.0,0.18379063610493745,3.859038905626152,0.0,0.8,0.0,0.6972565119137887,0.4600000000000003,1,1,0,1,SAFETY_PROTECTION
7.24,3.8989449811999988,0.0,0.18353692565800003,3.859038905626152,0.0,0.8,0.0,0.6917906573546125,0.4600000000000003,1,1,0,1,SAFETY_PROTECTION
7.26,3.905907620362499,0.0,0.1832932332873125,3.859038905626152,0.0,0.8,0.0,0.6865572673020203,0.4600000000000003,1,1,0,1,SAFETY_PROTECTION
7.28,3.912585318399998,0.0,0.18305951385600006,3.859038905626152,0.0,0.8,0.0,0.6815535538323904,0.4600000000000003,1,1,0,1,SAFETY_PROTECTION
7.3,3.9189796484375004,0.0,0.18283571230468748,3.859038905626152,0.0,0.8,0.0,0.6767765674793685,0.4600000000000003,1,1,0,1,SAFETY_PROTECTION
7.32,3.925092471600001,0.0,0.18262176349399994,3.859038905626152,0.0,0.8,0.0,0.6722231999317786,0.4600000000000003,1,1,0,1,SAFETY_PROTECTION
7.34,3.9309259415124993,0.0,0.18241759204706254,3.859038905626152,0.0,0.8,0.0,0.667890186344054,0.4600000000000003,1,1,0,1,SAFETY_PROTECTION
7.36,3.9364825087999984,0.0,0.18222311219200005,3.859038905626152,0.0,0.8,0.0,0.6637741072206235,0.4600000000000003,1,1,0,1,SAFETY_PROTECTION
7.38,3.941764925587501,0.0,0.18203822760443744,3.859038905626152,0.0,0.8,0.0,0.6598713898389862,0.4600000000000003,1,1,0,1,SAFETY_PROTECTION
7.4,3.946776250000001,0.0,0.18186283124999997,3.859038905626152,0.0,0.8,0.0,0.6561783091800014,0.4600000000000003,1,1,0,1,SAFETY_PROTECTION
7.42,3.9515198506624998,0.0,0.1816968052268125,3.859038905626152,0.0,0.8,0.0,0.6526909883380229,0.4600000000000003,1,1,0,1,SAFETY_PROTECTION
7.44,3.9559994112000005,0.0,0.18154002060799998,3.859038905626152,0.0,0.8,0.0,0.6494053983880089,0.4600000000000003,1,1,0,1,SAFETY_PROTECTION
7.46,3.9602189347375,0.0,0.1813923372841875,3.859038905626152,0.0,0.8,0.0,0.646317357691437,0.4600000000000003,1,1,0,1,SAFETY_PROTECTION
7.48,3.9641827484000007,0.0,0.18125360380599997,3.859038905626152,0.0,0.8,0.0,0.6434225306277989,0.4600000000000003,1,1,0,1,SAFETY_PROTECTION
7.5,3.9678955078125,0.0,0.18112365722656248,3.859038905626152,0.0,0.8,0.0,0.6407164257436581,0.4600000000000003,1,1,0,1,SAFETY_PROTECTION
7.52,3.971362201599998,0.0,0.18100232294400007,3.859038905626152,0.0,0.8,0.0,0.6381943933164643,0.4600000000000003,1,1,0,1,SAFETY_PROTECTION
7.54,3.9745881558874983,0.0,0.18088941454393756,3.859038905626152,0.0,0.8,0.0,0.6358516223357379,0.4600000000000003,1,1,0,1,SAFETY_PROTECTION
7.56,3.977579038800002,0.0,0.18078473364199993,3.859038905626152,0.0,0.8,0.0,0.6336831369096111,0.4600000000000003,1,1,0,1,SAFETY_PROTECTION
7.58,3.9803408649625,0.0,0.18068806972631252,3.859038905626152,0.0,0.8,0.0,0.6316837921101014,0.4600000000000003,1,1,0,1,SAFETY_PROTECTION
7.6,3.9828800000000033,0.0,0.18059919999999988,3.859038905626152,0.0,0.8,0.0,0.6298482692757813,0.4600000000000003,1,1,0,1,SAFETY_PROTECTION
7.62,3.985203165037502,0.0,0.18051788922368742,3.859038905626152,0.0,0.8,0.0,0.628171070795842,0.4600000000000003,1,1,0,1,SAFETY_PROTECTION
7.64,3.9873174412,0.0,0.180443889558,3.859038905626152,0.0,0.8,0.0,0.6266465144044292,0.4600000000000003,1,1,0,1,SAFETY_PROTECTION
7.66,3.9892302741125016,0.0,0.18037694040606245,3.859038905626152,0.0,0.8,0.0,0.6252687270192269,0.4600000000000003,1,1,0,1,SAFETY_PROTECTION
7.68,3.9909494783999993,0.0,0.18031676825600002,3.859038905626152,0.0,0.8,0.0,0.6240316381628058,0.4600000000000003,1,1,0,1,SAFETY_PROTECTION
7.7,3.9924832421875003,0.0,0.18026308652343748,3.859038905626152,0.0,0.8,0.0,0.6229289730097137,0.4600000000000003,1,1,0,1,SAFETY_PROTECTION
7.72,3.993840131599999,0.0,0.18021559539400003,3.859038905626152,0.0,0.8,0.0,0.6219542451065513,0.4600000000000003,1,1,0,1,SAFETY_PROTECTION
7.74,3.9950290952625025,0.0,0.1801739816658124,3.859038905626152,0.0,0.8,0.0,0.6211007488160397,0.4600000000000003,1,1,0,1,SAFETY_PROTECTION
7.76,3.996059468800002,0.0,0.1801379185919999,3.859038905626152,0.0,0.8,0.0,0.6203615515398676,0.4600000000000003,1,1,0,1,SAFETY_PROTECTION
7.78,3.996940979337502,0.0,0.1801070657231874,3.859038905626152,0.0,0.8,0.0,0.6197294857782821,0.4600000000000003,1,1,0,1,SAFETY_PROTECTION
7.8,3.9976837500000038,0.0,0.18008106874999985,3.859038905626152,0.0,0.8,0.0,0.619197141087609,0.4600000000000003,1,1,0,1,SAFETY_PROTECTION
7.82,3.998298304412499,0.0,0.18005955934556253,3.859038905626152,0.0,0.8,0.0,0.6187568559995748,0.4600000000000003,1,1,0,1,SAFETY_PROTECTION
7.84,3.9987955712000005,0.0,0.18004215500799997,3.859038905626152,0.0,0.8,0.0,0.618400709968875,0.4600000000000003,1,1,0,1,SAFETY_PROTECTION
7.86,3.9991868884875004,0.0,0.18002845890293748,3.859038905626152,0.0,0.8,0.0,0.6181205154178807,0.4600000000000003,1,1,0,1,SAFETY_PROTECTION
7.88,3.9994840083999996,0.0,0.180018059706,3.859038905626152,0.0,0.8,0.0,0.6179078099493597,0.4600000000000003,1,1,0,1,SAFETY_PROTECTION
7.9,3.9996991015624985,0.0,0.18001053144531254,3.859038905626152,0.0,0.8,0.0,0.6177538488003115,0.4600000000000003,1,1,0,1,SAFETY_PROTECTION
7.92,3.9998447615999986,0.0,0.18000543334400004,3.859038905626152,0.0,0.8,0.0,0.6176495976118602,0.4600000000000003,1,1,0,1,SAFETY_PROTECTION
7.94,3.999934009637496,0.0,0.18000230966268765,3.859038905626152,0.0,0.8,0.0,0.6175857255921503,0.4600000000000003,1,1,0,1,SAFETY_PROTECTION
7.96,3.9999802988000006,0.0,0.180000689542,3.859038905626152,0.0,0.8,0.0,0.6175525991511547,0.4600000000000003,1,1,0,1,SAFETY_PROTECTION
7.98,3.9999975187125045,0.0,0.18000008684506233,3.859038905626152,0.0,0.8,0.0,0.6175402760885386,0.4600000000000003,1,1,0,1,SAFETY_PROTECTION
8.02,4.0000014887725,1.2406437500000003e-07,0.180001017327875,3.8590389056261563,9.307711705697921e-08,0.8,0.08314123188844122,0.6175367147626606,0.4600000000000001,1,1,0,1,SAFETY_PROTECTION
8.04,4.00001182072,9.850600000000003e-07,0.18000807749199998,3.8590389056264383,7.717359686452542e-07,0.8,0.08314123188844123,0.6175243224769952,0.45999999999999985,1,1,0,1,SAFETY_PROTECTION
8.06,4.0000395942175,3.2995181249999995e-06,0.18002705604862498,3.8590389056297756,2.746666762233898e-06,0.8,0.08314123188844123,0.6174910105620385,0.4600000000000001,1,1,0,1,SAFETY_PROTECTION
8.08,4.00009314304,7.761920000000002e-06,0.180063647744,3.8590389056482897,6.788901662470471e-06,0.8,0.08314123188844122,0.617426783430835,0.4600000000000003,1,1,0,1,SAFETY_PROTECTION
8.1,4.0001805390625,1.5044921875000003e-05,0.18012336835937498,3.8590389057159724,1.3674766161392979e-05,0.8,0.08314123188844122,0.6173219597208378,0.4600000000000001,1,1,0,1,SAFETY_PROTECTION
8.12,4.00030959496,2.5799579999999998e-05,0.180211556556,3.859038905906684,2.4167028732811243e-05,0.8,0.08314123188844122,0.6171671691230397,0.45999999999999985,1,1,0,1,SAFETY_PROTECTION
8.14,4.0004878669075,4.0655575625000014e-05,0.180333375720125,3.859038906357058,3.9008839731431e-05,0.8,0.08314123188844122,0.6169533492257874,0.4600000000000003,1,1,0,1,SAFETY_PROTECTION
8.16,4.00072265728,6.022144000000003e-05,0.180493815808,3.859038907293759,5.892222567189538e-05,0.8,0.08314123188844122,0.6166717423714169,0.4600000000000001,1,1,0,1,SAFETY_PROTECTION
8.18,4.0010210173525,8.5084779375e-05,0.180697695190875,3.859038909064587,8.460823771974864e-05,0.8,0.08314123188844123,0.6163138925240063,0.45999999999999985,1,1,0,1,SAFETY_PROTECTION
8.2,4.00138975,0.00011581250000000002,0.1809496625,3.859038912173002,0.00011674772765866611,0.8,0.08314123188844123,0.6158716421466789,0.4600000000000001,1,1,0,1,SAFETY_PROTECTION
8.22,4.0018354123975,0.000152951033125,0.181254198471625,3.859038917315707,0.00015600238392124462,0.8,0.08314123188844122,0.6153371290870405,0.4600000000000001,1,1,0,1,SAFETY_PROTECTION
8.24,4.00236431872,0.00019702655999999995,0.181615617792,3.859038925422979,0.00020301589263537533,0.8,0.08314123188844122,0.6147027834694568,0.45999999999999985,1,1,0,1,SAFETY_PROTECTION
8.26,4.0029825428425,0.00024854523687500006,0.182038070942375,3.859038937701511,0.00025841517096514684,0.8,0.08314123188844122,0.6139613245930505,0.4600000000000001,1,1,0,1,SAFETY_PROTECTION
8.28,4.00369592104,0.0003079934200000001,0.18252554604399998,3.85903895567959,0.0003228116496093651,0.8,0.08314123188844122,0.6131057578343867,0.4600000000000003,1,1,0,1,SAFETY_PROTECTION
8.3,4.0045100546875,0.000375837890625,0.18308187070312498,3.8590389812544847,0.00039680259234486004,0.8,0.08314123188844122,0.6121293715539656,0.45999999999999963,1,1,0,1,SAFETY_PROTECTION
8.32,4.00543031296,0.0004525260800000001,0.183710713856,3.8590390167419786,0.00048097244497437313,0.8,0.08314123188844123,0.6110257340057555,0.4600000000000003,1,1,0,1,SAFETY_PROTECTION
8.34,4.0064618355325,0.0005384862943750001,0.184415587613875,3.859039064928054,0.0005758942081783779,0.8,0.08314123188844122,0.6097886902491111,0.45999999999999985,1,1,0,1,SAFETY_PROTECTION
8.36,4.00760953528,0.0006341279400000001,0.185199849108,3.8590391291227464,0.0006821308300586927,0.8,0.08314123188844122,0.6084123590625213,0.4600000000000003,1,1,0,1,SAFETY_PROTECTION
8.38,4.0088781009775,0.0007398417481250002,0.186066702334625,3.859039213216291,0.0008002366151202997,0.8,0.08314123188844122,0.6068911298587419,0.45999999999999985,1,1,0,1,SAFETY_PROTECTION
8.4,4.010272,0.0008560000000000002,0.1870192,3.8590393217376846,0.0009307586472506154,0.8,0.08314123188844122,0.6052196596009548,0.4600000000000001,1,1,0,1,SAFETY_PROTECTION
8.42,4.0117954810225,0.0009829567518749997,0.188060245365375,3.859039459915874,0.0010742382249885971,0.8,0.08314123188844122,0.6033928697196788,0.4600000000000001,1,1,0,1,SAFETY_PROTECTION
8.44,4.01345257672,0.00112104806,0.18919259409199998,3.8590396337437953,0.001231212308054689,0.8,0.08314123188844123,0.6014059430302573,0.4600000000000001,1,1,0,1,SAFETY_PROTECTION
8.46,4.0152471064675,0.0012705922056250002,0.190418856086125,3.859039850045563,0.001402214974747514,0.8,0.08314123188844123,0.599254320650788,0.4600000000000001,1,1,0,1,SAFETY_PROTECTION
8.48,4.01718267904,0.0014318899199999998,0.19174149734399998,3.859040116547139,0.0015877788904106714,0.8,0.08314123188844122,0.5969336989204767,0.4600000000000001,1,1,0,1,SAFETY_PROTECTION
8.5,4.0192626953125,0.001605224609375,0.19316284179687498,3.859040441950863,0.0017884367877376655,0.8,0.08314123188844122,0.5944400263184181,0.45999999999999985,1,1,0,1,SAFETY_PROTECTION
8.52,4.02149035096,0.0017908625800000006,0.194685073156,3.8590408360142785,0.002004722960219153,0.8,0.08314123188844123,0.5917695003829065,0.4600000000000001,1,1,0,1,SAFETY_PROTECTION
8.54,4.0238686391575,0.0019890532631250003,0.196310236757625,3.859041309633737,0.002237174770548783,0.8,0.08314123188844122,0.5889185646314051,0.4600000000000003,1,1,0,1,SAFETY_PROTECTION
8.56,4.02640035328,0.0022000294400000005,0.198040241408,3.8590418749333075,0.0024863341762961645,0.8,0.08314123188844122,0.5858839054813864,0.4600000000000005,1,1,0,1,SAFETY_PROTECTION
8.58,4.0290880896025,0.0024240074668749998,0.199876861228375,3.859042545359598,0.0027527492756325776,0.8,0.08314123188844122,0.5826624491722817,0.45999999999999985,1,1,0,1,SAFETY_PROTECTION
8.6,4.03193425,0.0026611875,0.2018217375,3.8590433357831238,0.0030369758763614863,0.8,0.08314123188844122,0.5792513586888474,0.4600000000000005,1,1,0,1,SAFETY_PROTECTION
8.62,4.0349410446475,0.002911753720625,0.203876380509125,3.85904426260696,0.003339579091966467,0.8,0.08314123188844122,0.5756480306862853,0.4600000000000001,1,1,0,1,SAFETY_PROTECTION
8.64,4.03811049472,0.0031758745600000016,0.206042171392,3.859045343883443,0.0036611349688487295,0.8,0.08314123188844123,0.5718500924175222,0.4600000000000001,1,1,0,1,SAFETY_PROTECTION
8.66,4.0414444350925,0.0034537029243750005,0.208320363979875,3.859046599439811,0.0040022321493899,0.8,0.08314123188844122,0.5678553986630727,0.4600000000000001,1,1,0,1,SAFETY_PROTECTION
8.68,4.04494451704,0.0037453764200000004,0.21071208664399999,3.8590480510137124,0.004363473575948347,0.8,0.08314123188844122,0.5636620286639739,0.45999999999999985,1,1,0,1,SAFETY_PROTECTION
8.7,4.0486122109375,0.004051017578125001,0.21321834414062502,3.8590497223996434,0.004745478241384333,0.8,0.0831412318884412,0.5592682830583141,0.45999999999999985,1,1,0,1,SAFETY_PROTECTION
8.72,4.05244880896,0.00437073408,0.215840019456,3.859051620162396,0.00514495028809313,0.8,0.08314123188844122,0.5546726808219234,0.4600000000000001,1,1,1,1,SAFETY_PROTECTION
8.74,4.0564554277825,0.0047046189818749995,0.218577875651375,3.8590537450336404,0.0055582615546382694,0.8,0.08314123188844122,0.5498739562138489,0.45999999999999985,1,1,1,1,SAFETY_PROTECTION
8.76,4.06063301128,0.005052750940000001,0.22143255770800002,3.859056138998562,0.005989845024554909,0.8,0.08314123188844122,0.5448710557272592,0.4600000000000003,1,1,1,1,SAFETY_PROTECTION
8.78,4.0649823332275,0.0054151944356249995,0.22440459437212498,3.8590588359809765,0.006441509972036452,0.8,0.08314123188844122,0.5396631350465072,0.4600000000000001,1,1,1,1,SAFETY_PROTECTION
8.8,4.069504,0.005792000000000001,0.22749439999999999,3.8590618685045817,0.006914217152089603,0.8,0.08314123188844122,0.5342495560110924,0.4600000000000001,1,1,1,1,SAFETY_PROTECTION
8.82,4.0741984532725,0.006183204439375,0.230702276402875,3.8590652700833403,0.007408647199701906,0.8,0.08314123188844122,0.5286298835873472,0.45999999999999985,1,1,1,1,SAFETY_PROTECTION
8.84,4.07906597272,0.006588831059999999,0.23402841469199998,3.85906907617169,0.00792539071215642,0.8,0.08314123188844122,0.5228038828487142,0.45999999999999985,1,1,1,1,SAFETY_PROTECTION
8.86,4.0841066787175,0.007008889893124999,0.237472897123625,3.8590733246168956,0.008465014818463968,0.8,0.0831412318884412,0.5167715159655356,0.4600000000000003,1,1,1,1,SAFETY_PROTECTION
8.88,4.08932053504,0.00744337792,0.241035698944,3.859078055937795,0.009028087824090914,0.8,0.08314123188844122,0.5105329392053689,0.4600000000000003,1,1,1,1,SAFETY_PROTECTION
8.9,4.0947073515625,0.007892279296875002,0.244716690234375,3.8590833135457863,0.009615189087022314,0.8,0.08314123188844123,0.5040884999448644,0.45999999999999985,1,1,1,1,SAFETY_PROTECTION
8.92,4.10026678696,0.00835556558,0.248515637756,3.859089143951259,0.010226913506797934,0.8,0.08314123188844123,0.4974387336943763,0.45999999999999963,1,1,1,1,SAFETY_PROTECTION
8.94,4.1059983514075,0.008833195950625003,0.252432206795125,3.859095596972511,0.01086387398609793,0.8,0.08314123188844123,0.4905843611365043,0.4600000000000001,1,1,1,1,SAFETY_PROTECTION
8.96,4.11190140928,0.009325117439999999,0.25646596300799995,3.859102725954478,0.011526703110655151,0.8,0.08314123188844122,0.4835262851798944,0.4600000000000005,1,1,1,1,SAFETY_PROTECTION
8.98,4.1179751818525,0.009831265154374998,0.260616374265875,3.8591105880009033,0.012216054525676583,0.8,0.08314123188844122,0.4762655880296963,0.4600000000000003,1,1,1,1,SAFETY_PROTECTION
9.0,4.12421875,0.010351562500000001,0.2648828125,3.8591192442221676,0.012932604198978011,0.8,0.08314123188844122,0.4688035282762052,0.45999999999999985,1,1,1,1,SAFETY_PROTECTION
9.02,4.1306310568975,0.010885921408125006,0.26926455554662504,3.8591287600004627,0.01367705164955626,0.8,0.08314123188844122,0.4611415380033116,0.4600000000000001,1,1,1,1,SAFETY_PROTECTION
9.04,4.13721091072,0.011434242560000002,0.273760788992,3.8591392052738263,0.014450121175843595,0.8,0.08314123188844123,0.45328121991852444,0.45999999999999963,1,1,1,1,SAFETY_PROTECTION
9.06,4.1439569873425,0.011996415611875,0.278370608017375,3.859150654840533,0.015252563099610018,0.8,0.08314123188844122,0.44522434450646753,0.45999999999999985,1,1,1,1,SAFETY_PROTECTION
9.08,4.15086783304,0.012572319420000004,0.28309301924400004,3.859163188685402,0.016085155033741413,0.8,0.08314123188844122,0.4369728472079043,0.4600000000000001,1,1,1,1,SAFETY_PROTECTION
9.1,4.1579418671875,0.013161822265625006,0.28792694257812507,3.8591768923296534,0.016948703178739317,0.8,0.08314123188844122,0.42852882562651773,0.45999999999999985,1,1,1,1,SAFETY_PROTECTION
9.12,4.16517738496,0.013764782080000003,0.292871213056,3.8591918572060595,0.01784404365124959,0.8,0.08314123188844122,0.41989453676584987,0.4600000000000001,1,1,1,1,SAFETY_PROTECTION
9.14,4.1725725600325,0.014381046669375003,0.297924582688875,3.859208181061266,0.018772043847185182,0.8,0.08314123188844122,0.41107239429902764,0.45999999999999985,1,1,1,1,SAFETY_PROTECTION
9.16,4.18012544728,0.015010453939999996,0.30308572230799996,3.8592259683872676,0.019733603841612803,0.8,0.0831412318884412,0.40206496587410323,0.45999999999999963,1,1,1,1,SAFETY_PROTECTION
9.18,4.1878339854775,0.015652832123125,0.308353223409625,3.859245330884189,0.020729657827327615,0.8,0.08314123188844123,0.39287497045811015,0.4600000000000001,1,1,1,1,SAFETY_PROTECTION
9.2,4.195696,0.016307999999999996,0.31372559999999994,3.859266387956662,0.021761175593852045,0.8,0.08314123188844122,0.3835052757231965,0.4600000000000001,1,1,1,1,SAFETY_PROTECTION
9.22,4.2037092055225,0.016975767126875,0.319201290440375,3.859289267246249,0.022829164048422983,0.8,0.08314123188844122,0.3739588954785027,0.45999999999999985,1,1,1,1,SAFETY_PROTECTION
9.24,4.21187120872,0.01765593406,0.324778659292,3.8593141052025475,0.02393466878035119,0.8,0.08314123188844123,0.3642389871517925,0.4600000000000003,1,1,1,1,SAFETY_PROTECTION
9.26,4.2201795109675,0.018348292580624998,0.330455999161125,3.85934104769579,0.025078775669936368,0.8,0.08314123188844122,0.35434884932520316,0.45999999999999985,1,1,1,1,SAFETY_PROTECTION
9.28,4.228631511040001,0.01905262592000001,0.33623153254400007,3.8593702506739387,0.026262612542890324,0.8,0.08314123188844122,0.3442919193299113,0.4600000000000001,1,1,1,1,SAFETY_PROTECTION
9.3,4.2372245078125,0.019768708984374994,0.34210341367187497,3.8594018808675,0.027487350870951232,0.8,0.08314123188844122,0.3340717709049409,0.4600000000000003,1,1,1,1,SAFETY_PROTECTION
9.32,4.24595570296,0.02049630858,0.348069730356,3.859436116545481,0.028754207519057023,0.8,0.08314123188844122,0.323692111925859,0.45999999999999985,1,1,1,1,SAFETY_PROTECTION
9.34,4.2548222036575005,0.021235183638125005,0.354128505832625,3.859473148326148,0.030064446539075324,0.8,0.08314123188844122,0.31315678220966336,0.45999999999999985,1,1,1,1,SAFETY_PROTECTION
9.36,4.26382102528,0.02198508544,0.360277700608,3.8595131800464895,0.031419381009654766,0.8,0.08314123188844122,0.30246975140277255,0.45999999999999985,1,1,1,1,SAFETY_PROTECTION
9.38,4.272949094102501,0.022745757841875013,0.3665152143033751,3.8595564296945133,0.03282037492125312,0.8,0.08314123188844123,0.2916351169597209,0.4600000000000003,1,1,1,1,SAFETY_PROTECTION
9.4,4.28220325,0.0235169375,0.37283888750000005,3.8596031304087934,0.03426884510480444,0.8,0.08314123188844122,0.28065710222093776,0.4600000000000001,1,1,1,1,SAFETY_PROTECTION
9.42,4.2915802491475,0.024298354095624992,0.3792465035841249,3.8596535315499074,0.035766263201791514,0.8,0.08314123188844122,0.26954005459881436,0.4600000000000001,1,1,1,1,SAFETY_PROTECTION
9.44,4.30107676672,0.025089730560000002,0.385735790592,3.859707899848712,0.03731415767267908,0.8,0.08314123188844123,0.2582884438822295,0.45999999999999963,1,1,1,1,SAFETY_PROTECTION
9.46,4.3106893995925,0.025890783299374998,0.392304423054875,3.8597665206366347,0.038914115839716996,0.8,0.08314123188844122,0.24690686067074197,0.4600000000000003,1,1,1,1,SAFETY_PROTECTION
9.48,4.32041466904,0.02670122242,0.398950023844,3.859829699163458,0.04056778595901998,0.8,0.08314123188844122,0.23540001495084006,0.45999999999999985,1,1,1,1,SAFETY_PROTECTION
9.5,4.3302490234375,0.027520751953125002,0.405670166015625,3.859897762008303,0.042276879315548015,0.8,0.08314123188844122,0.22377273482792748,0.45999999999999985,1,1,1,1,SAFETY_PROTECTION
9.52,4.34018884096,0.02834907008000001,0.4124623746560001,3.8599710585897937,0.04404317233311848,0.8,0.08314123188844122,0.21202996542921737,0.45999999999999985,1,1,1,1,SAFETY_PROTECTION
9.54,4.3502304322825,0.029185869356875,0.41932412872637503,3.860049962781592,0.04586850868984852,0.8,0.08314123188844123,0.2001767679942894,0.4600000000000001,1,1,1,1,SAFETY_PROTECTION
9.56,4.36037004328,0.030030836939999996,0.42625286290799996,3.8601348746396833,0.04775480142741303,0.8,0.08314123188844122,0.1882183191719239,0.45999999999999985,1,1,1,1,SAFETY_PROTECTION
9.58,4.3706038577275,0.030883654810625008,0.43324596944712507,3.860226222247972,0.049704035040169826,0.8,0.08314123188844122,0.17615991054382385,0.4599999999999994,1,1,1,1,SAFETY_PROTECTION
9.6,4.380928,0.03174400000000001,0.44030080000000005,3.8603244636888134,0.051718267527497905,0.8,0.08314123188844123,0.16400694839814156,0.4600000000000001,1,1,1,1,SAFETY_PROTECTION
9.62,4.3913385377725,0.032611544814375,0.447414667477875,3.8604300891451566,0.053799632389562646,0.8,0.08314123188844122,0.15176495377823163,0.45999999999999985,1,1,1,1,SAFETY_PROTECTION
9.64,4.40183148472,0.033485957059999995,0.45458484789199993,3.86054362314087,0.05595034054309838,0.8,0.08314123188844122,0.13943956283491976,0.45999999999999985,1,1,1,1,SAFETY_PROTECTION
9.66,4.4124028032175,0.034366900268125014,0.4618085821986251,3.8606656269256527,0.05817268212961103,0.8,0.08314123188844122,0.12703652751374606,0.4600000000000001,1,1,1,1,SAFETY_PROTECTION
9.68,4.42304840704,0.03525403391999999,0.4690830781439999,3.860796701010561,0.060469028183570646,0.8,0.08314123188844122,0.11456171661219361,0.4600000000000001,1,1,1,1,SAFETY_PROTECTION
9.7,4.4337641640625005,0.036147013671875,0.47640551210937504,3.860937487859621,0.06284183212259348,0.8,0.08314123188844122,0.10202111724589857,0.4600000000000003,1,1,1,1,SAFETY_PROTECTION
9.72,4.44454589896,0.03704549158,0.483773030956,3.861088674742233,0.06529363101520014,0.8,0.08314123188844122,0.08942083676729207,0.4600000000000001,1,1,1,1,SAFETY_PROTECTION
9.74,4.4553893959075,0.037949116325625004,0.491182753870125,3.8612509967499387,0.06782704657437387,0.8,0.08314123188844122,0.07676710518507313,0.4599999999999994,1,1,1,1,SAFETY_PROTECTION
9.76,4.46629040128,0.038857533439999994,0.4986317742079999,3.8614252399796927,0.07044478581670034,0.8,0.08314123188844123,0.06406627813850196,0.4600000000000003,1,1,1,1,SAFETY_PROTECTION
9.78,4.4772446263525,0.03977038552937501,0.506117161340875,3.8616122448838484,0.0731496413172228,0.8,0.08314123188844122,0.0513248404866713,0.4600000000000001,1,1,1,1,SAFETY_PROTECTION
9.8,4.48824775,0.04068731250000002,0.5136359625000002,3.861812909784601,0.07594449097915329,0.8,0.08314123188844123,0.03854941057982075,0.4600000000000003,1,1,1,1,SAFETY_PROTECTION
9.82,4.4992954213975,0.041607951783125006,0.521185204621625,3.862028194547553,0.07883229722510467,0.8,0.08314123188844123,0.02574674528744403,0.4600000000000001,1,1,1,1,SAFETY_PROTECTION
9.84,4.51038326272,0.042531938559999996,0.528761896192,3.8622591244051256,0.08181610550241997,0.8,0.08314123188844123,0.012923745866436631,0.4600000000000003,1,1,1,1,SAFETY_PROTECTION
9.86,4.5215068718425,0.043458905986875,0.536363029092375,3.8625067939157454,0.08489904197935919,0.8,0.08314123188844122,8.746476194942954e-05,0.45999999999999963,1,1,1,1,SAFETY_PROTECTION
9.88,4.53266182504,0.04438848542000001,0.5439855804440001,3.8627723710387825,0.0880843102912821,0.8,0.08314123188844122,-0.012754886556030187,0.4600000000000005,1,1,1,1,SAFETY_PROTECTION
9.9,4.5438436796875,0.04532030664062502,0.5516265144531252,3.8630571012980237,0.09137518717651302,0.8,0.08314123188844123,-0.02559592860600801,0.4600000000000003,1,1,1,1,SAFETY_PROTECTION
9.92,4.55504797696,0.04625399808,0.559282784256,3.8633623119977263,0.0947750168203641,0.8,0.08314123188844122,-0.038428103631496735,0.4600000000000003,1,1,1,1,SAFETY_PROTECTION
9.94,4.5662702445325,0.047189187044375004,0.566951333763875,3.863689416444934,0.098287203703014,0.8,0.08314123188844122,-0.0512436639206858,0.4600000000000001,1,1,1,1,SAFETY_PROTECTION
9.96,4.57750599928,0.04812549993999999,0.5746290995079999,3.8640399181193805,0.10191520372299347,0.8,0.08314123188844122,-0.06403465855501267,0.45999999999999985,1,1,1,1,SAFETY_PROTECTION
9.98,4.5887507499775,0.049062562498125004,0.582313012484625,3.8644154147178895,0.10566251334356108,0.8,0.08314123188844122,-0.07679291841745817,0.45999999999999985,1,1,1,1,SAFETY_PROTECTION
10.0,4.6,0.05,0.5900000000000001,3.864817601983459,0.109532656485285,0.8,0.08314123188844122,-0.08951003927599088,0.4600000000000003,1,1,1,1,SAFETY_PROTECTION
10.02,4.6112492500225,0.05093743750187501,0.5976869875153751,3.8652482772101537,0.11352916886617662,0.8,0.08314123188844122,-0.10217736274223116,0.4600000000000003,1,1,1,1,SAFETY_PROTECTION
10.04,4.622494000720001,0.05187450006000003,0.6053709004920003,3.8657093422935205,0.11765557947287252,0.8,0.08314123188844122,-0.11478595489066795,0.4600000000000001,1,1,1,1,SAFETY_PROTECTION
10.06,4.6337297554675,0.05281081295562499,0.613048666236125,3.866202806172759,0.12191538883554162,0.8,0.08314123188844122,-0.1273265823107106,0.45999999999999985,1,1,1,1,SAFETY_PROTECTION
10.08,4.64495202304,0.05374600192000001,0.6207172157440001,3.8667307864857765,0.12631204377927538,0.8,0.08314123188844123,-0.13978968535379732,0.4600000000000001,1,1,1,1,SAFETY_PROTECTION
10.1,4.6561563203125,0.05467969335937502,0.6283734855468752,3.867295510232455,0.13084890834070234,0.8,0.08314123188844123,-0.15216534833267537,0.4600000000000001,1,1,1,1,SAFETY_PROTECTION
10.12,4.66733817496,0.05561151458,0.636014419556,3.8678993132163475,0.13552923057669983,0.8,0.08314123188844122,-0.16444326643251078,0.4600000000000001,1,1,1,1,SAFETY_PROTECTION
10.14,4.6784931281575,0.05654109401312501,0.6436369709076251,3.8685446380126685,0.14035610505988458,0.8,0.08314123188844122,-0.17661270910720084,0.45999999999999963,1,1,1,1,SAFETY_PROTECTION
10.16,4.689616737280001,0.05746806144000002,0.6512381038080002,3.869234030193681,0.14533243096170184,0.8,0.08314123188844122,-0.18866247976409528,0.4600000000000001,1,1,1,1,SAFETY_PROTECTION
10.18,4.7007045786025,0.058392048216874985,0.658814795378375,3.8699701325352693,0.1504608657777438,0.8,0.08314123188844122,-0.20058087159267246,0.45999999999999985,1,1,1,1,SAFETY_PROTECTION
10.2,4.71175225,0.05931268750000003,0.6663640375000003,3.8707556769352447,0.1557437749605832,0.8,0.08314123188844122,-0.21235561947599896,0.4600000000000001,1,1,1,1,SAFETY_PROTECTION
10.22,4.7227553736475,0.060229614470625005,0.6738828386591251,3.87159347380053,0.16118317800049298,0.8,0.08314123188844122,-0.2239738480489052,0.4600000000000001,1,1,1,1,SAFETY_PROTECTION
10.24,4.73370959872,0.06114246655999999,0.681368225792,3.8724863987128444,0.16678069183781177,0.8,0.08314123188844122,-0.23542201614765296,0.45999999999999985,1,1,1,1,SAFETY_PROTECTION
10.26,4.7446106040925,0.062050883674375015,0.6888172461298752,3.873437376267101,0.17253747289973242,0.8,0.08314123188844122,-0.24668585814963,0.4600000000000001,1,1,1,1,SAFETY_PROTECTION
10.28,4.75545410104,0.06295450841999999,0.6962269690439999,3.874449361098466,0.17845415951626067,0.8,0.08314123188844122,-0.2577503230494534,0.4600000000000003,1,1,1,1,SAFETY_PROTECTION
10.3,4.7662358359375,0.063852986328125,0.7035944878906251,3.8755253162754393,0.18453081695874304,0.8,0.08314123188844123,-0.2685995125845767,0.4600000000000003,1,1,1,1,SAFETY_PROTECTION
10.32,4.77695159296,0.06474596607999998,0.7109169218559999,3.8766681894357546,0.1907668878167887,0.8,0.08314123188844122,-0.27921662033714356,0.4600000000000003,1,1,1,1,SAFETY_PROTECTION
10.34,4.7875971967824995,0.06563309973187499,0.7181914178013749,3.877880887271279,0.19716115082503238,0.8,0.08314123188844122,-0.28958387452909967,0.4600000000000001,1,1,1,1,SAFETY_PROTECTION
10.36,4.79816851528,0.06651404294000002,0.7254151521080001,3.8791662492116323,0.203711691494013,0.8,0.08314123188844123,-0.29968248822225424,0.45999999999999985,1,1,1,1,SAFETY_PROTECTION
10.38,4.8086614622275,0.06738845518562497,0.7325853325221248,3.880527021389505,0.21041588790546317,0.8,0.08314123188844122,-0.3094926218544078,0.45999999999999985,1,1,1,1,SAFETY_PROTECTION
10.4,4.819071999999999,0.06825599999999997,0.7396991999999998,3.881965832161673,0.21727041472258368,0.8,0.08314123188844123,-0.31899336449001725,0.45999999999999963,1,1,1,1,SAFETY_PROTECTION
10.42,4.8293961422725,0.06911634518937497,0.7467540305528748,3.8834851705724436,0.22427126778494108,0.8,0.08314123188844123,-0.32816274181128835,0.45999999999999985,1,1,1,1,SAFETY_PROTECTION
10.44,4.8396299567200005,0.06996916306,0.7537471370920001,3.8850873691463272,0.23141381059408775,0.8,0.08314123188844122,-0.3369777606449749,0.4600000000000003,1,1,1,1,SAFETY_PROTECTION
10.46,4.8497695677175,0.07081413064312496,0.7606758712736246,3.8867745922592296,0.23869284260016835,0.8,0.08314123188844123,-0.3454145015585782,0.4600000000000001,1,1,1,1,SAFETY_PROTECTION
10.48,4.85981115904,0.07165092992000002,0.7675376253440003,3.8885488310549943,0.24610268759154352,0.8,0.08314123188844123,-0.3534482725130174,0.4600000000000001,1,1,1,1,SAFETY_PROTECTION
10.5,4.8697509765625,0.072479248046875,0.7743298339843749,3.8904119054625044,0.25363729885044056,0.8,0.08314123188844122,-0.36105383734848834,0.45999999999999985,1,1,1,1,SAFETY_PROTECTION
10.52,4.8795853309599995,0.07329877757999999,0.7810499761559999,3.892365473368055,0.2612903762851104,0.8,0.08314123188844122,-0.36820573249533695,0.45999999999999985,1,1,1,1,SAFETY_PROTECTION
10.54,4.889310600407501,0.07410921670062504,0.7876955769451253,3.894411046468364,0.2690554896952467,0.8,0.08314123188844122,-0.37487868312331774,0.4600000000000003,1,1,1,1,SAFETY_PROTECTION
10.56,4.8989232332800015,0.0749102694400001,0.7942642094080008,3.896550011840347,0.2769262018343345,0.8,0.08314123188844123,-0.381048125322806,0.45999999999999963,1,1,1,1,SAFETY_PROTECTION
10.58,4.9084197508525005,0.075701645904375,0.8007534964158751,3.898791271901591,0.2849229418273744,0.8,0.08314123188844122,-0.38669083332508125,0.45999999999999985,0,1,1,1,SAFETY_PROTECTION
10.6,4.917796749999999,0.07648306249999993,0.8071611124999996,3.901195981464731,0.2932414236730499,0.8,0.08314123188844122,-0.39178564004329774,0.4600000000000003,0,1,1,1,SAFETY_PROTECTION
10.62,4.9270509058975,0.07725424215812497,0.8134847856966247,3.9037706250042428,0.3018725432952826,0.8,0.08314123188844122,-0.3963142258086354,0.4600000000000001,0,1,1,1,SAFETY_PROTECTION
10.64,4.936178974720001,0.07801491456000001,0.8197222993920001,3.90652107904295,0.3108048159440507,0.8,0.08314123188844122,-0.4002619354201554,0.4600000000000001,0,1,1,1,SAFETY_PROTECTION
10.66,4.9451777963425005,0.07876481636187505,0.8258714941673755,3.9094525075880164,0.3200244760582085,0.8,0.08314123188844122,-0.4036185698127578,0.4600000000000003,0,1,1,1,SAFETY_PROTECTION
10.68,4.95404429704,0.07950369142000002,0.8319302696440001,3.9125692861963572,0.3295156831430452,0.8,0.08314123188844122,-0.4063790888000657,0.4600000000000001,0,1,1,1,SAFETY_PROTECTION
10.7,4.9627754921875,0.08023129101562498,0.8378965863281249,3.915874962297938,0.3392608291092775,0.8,0.08314123188844122,-0.4085441586122486,0.4600000000000003,0,1,1,1,SAFETY_PROTECTION
10.72,4.97136848896,0.08094737407999994,0.8437684674559995,3.919372256356506,0.34924093173147414,0.8,0.08314123188844122,-0.4101204846542733,0.45999999999999963,0,1,1,1,SAFETY_PROTECTION
10.74,4.9798204890325,0.08165170741937502,0.8495440008388753,3.92306310447826,0.35943608912899083,0.8,0.08314123188844122,-0.4111208866034707,0.4600000000000001,0,1,1,1,SAFETY_PROTECTION
10.76,4.988128791280001,0.08234406594000007,0.8552213407080005,3.9269487388420243,0.3698259633379903,0.8,0.08314123188844122,-0.4115640978093773,0.4600000000000001,0,1,1,1,SAFETY_PROTECTION
10.78,4.996290794477501,0.08302423287312502,0.8607987095596252,3.9310297985792313,0.3803902584959221,0.8,0.08314123188844123,-0.41147429988050777,0.4600000000000001,0,1,1,1,SAFETY_PROTECTION
10.8,5.004303999999999,0.08369199999999997,0.8662743999999998,3.935306461137768,0.39110916133154294,0.8,0.08314123188844122,-0.4108804310089517,0.4600000000000001,0,1,1,1,SAFETY_PROTECTION
10.82,5.012166014522501,0.08434716787687505,0.8716467765903755,3.9397785830996415,0.40196371792223695,0.8,0.0831412318884412,-0.40981532789850655,0.4600000000000003,0,1,1,1,SAFETY_PROTECTION
10.84,5.019874552719999,0.08498954605999996,0.8769142776919996,3.944445839905483,0.41293612959640796,0.8,0.08314123188844122,-0.4083147726991283,0.4600000000000001,0,1,1,1,SAFETY_PROTECTION
10.86,5.0274274399675,0.085618953330625,0.8820754173111249,3.949307855662682,0.4240099606086062,0.8,0.08314123188844122,-0.40641651716004323,0.4600000000000001,0,1,1,1,SAFETY_PROTECTION
10.88,5.03482261504,0.08623521792000005,0.8871287869440003,3.95436431667865,0.435170259127807,0.8,0.08314123188844122,-0.40415934775265167,0.4600000000000001,0,1,1,1,SAFETY_PROTECTION
10.9,5.0420581328125,0.086838177734375,0.8920730574218749,3.959615065032762,0.4464035999929473,0.8,0.08314123188844122,-0.40158224085364114,0.4600000000000001,0,1,1,1,SAFETY_PROTECTION
10.92,5.04913216696,0.08742768058000001,0.8969069807560002,3.965060170942235,0.4576980620905401,0.8,0.08314123188844122,-0.39872363981175685,0.45999999999999985,0,1,1,1,SAFETY_PROTECTION
10.94,5.056043012657501,0.08800358438812501,0.901629391982625,3.9706999846140683,0.4690431551613413,0.8,0.08314123188844122,-0.39562086900543225,0.45999999999999985,0,1,1,1,SAFETY_PROTECTION
10.96,5.06278908928,0.08856575744,0.906239211008,3.976535169601291,0.48042971079720137,0.8,0.08314123188844123,-0.3923096859939421,0.45999999999999985,0,1,1,1,SAFETY_PROTECTION
10.98,5.069368943102501,0.08911407859187506,0.9107354444533755,3.9825667204226862,0.4918497509646755,0.8,0.08314123188844122,-0.3888239626096906,0.45999999999999985,0,1,1,1,SAFETY_PROTECTION
11.0,5.07578125,0.08964843750000001,0.9151171875000002,3.9887959674658005,0.503296345201724,0.8,0.08314123188844122,-0.3851954794338256,0.4600000000000001,0,1,1,1,SAFETY_PROTECTION
11.02,5.0820248181475005,0.090168734845625,0.919383625734125,3.9952245721084374,0.5147634651795318,0.8,0.08314123188844122,-0.3814538150297133,0.45999999999999985,0,1,1,1,SAFETY_PROTECTION
11.04,5.088098590720001,0.09067488256000007,0.9235340369920007,4.001854514694956,0.5262458429538097,0.8,0.08314123188844122,-0.3776263107810166,0.45999999999999985,0,1,1,1,SAFETY_PROTECTION
11.06,5.0940016485925,0.091166804049375,0.9275677932048749,4.0086880775982126,0.5377388371546444,0.8,0.08314123188844123,-0.3737380933555171,0.45999999999999985,0,1,1,1,SAFETY_PROTECTION
11.08,5.09973321304,0.09164443441999999,0.9314843622439999,4.015727825163932,0.5492383096713932,0.8,0.08314123188844122,-0.3698121389635084,0.45999999999999985,0,1,1,1,SAFETY_PROTECTION
11.1,5.1052926484375005,0.09210772070312503,0.9352833097656252,4.022976581921707,0.5607405140903122,0.8,0.08314123188844122,-0.3658693661425315,0.4600000000000003,0,1,1,1,SAFETY_PROTECTION
11.12,5.110679464959999,0.09255662207999991,0.9389643010559994,4.0304374100831195,0.5722419962018229,0.8,0.08314123188844122,-0.3619287463966433,0.4600000000000003,0,1,1,1,SAFETY_PROTECTION
11.14,5.115893321282499,0.09299111010687496,0.9425271028763746,4.038113587043753,0.583739506253785,0.8,0.08314123188844123,-0.3580074244174421,0.45999999999999963,0,1,1,1,SAFETY_PROTECTION
11.16,5.120934027280001,0.09341116894000004,0.9459715853080004,4.0460085833629496,0.5952299222235419,0.8,0.08314123188844122,-0.35412084169855346,0.4600000000000003,0,1,1,1,SAFETY_PROTECTION
11.18,5.125801546727501,0.09381679556062504,0.9492977235971254,4.054126041507753,0.6067101831555622,0.8,0.08314123188844123,-0.35028285908606693,0.4600000000000001,0,1,1,1,SAFETY_PROTECTION
11.2,5.130496000000001,0.09420800000000006,0.9525056000000005,4.062469755507683,0.6181772315126456,0.8,0.08314123188844122,-0.34650587519360493,0.45999999999999985,0,1,1,1,SAFETY_PROTECTION
11.22,5.135017666772502,0.09458480556437508,0.9555954056278757,4.071043651566155,0.6296279634762297,0.8,0.08314123188844122,-0.3428009386871834,0.45999999999999963,0,1,1,1,SAFETY_PROTECTION
11.24,5.139366988719999,0.09494724905999995,0.9585674422919996,4.079851769604196,0.6410591861744362,0.8,0.08314123188844122,-0.3391778532578791,0.45999999999999985,0,1,1,1,SAFETY_PROTECTION
11.26,5.1435445722174995,0.09529538101812496,0.9614221243486247,4.088898245665485,0.6524675808923158,0.8,0.08314123188844122,-0.33564527469748673,0.45999999999999985,0,1,1,1,SAFETY_PROTECTION
11.28,5.147551191039999,0.0956292659199999,0.9641599805439991,4.098187295082622,0.6638496714114398,0.8,0.08314123188844122,-0.3322107999184313,0.4600000000000001,0,1,1,1,SAFETY_PROTECTION
11.3,5.1513877890625,0.09594898242187502,0.9667816558593751,4.107723196288153,0.6752017967246082,0.8,0.0831412318884412,-0.3288810480527592,0.4600000000000003,0,1,1,1,SAFETY_PROTECTION
11.32,5.155055482960001,0.09625462358000006,0.9692879133560004,4.117510275146468,0.686520087469145,0.8,0.08314123188844123,-0.32566173395875825,0.4600000000000001,0,1,1,1,SAFETY_PROTECTION
11.34,5.1585555649075,0.09654629707562497,0.9716796360201247,4.127552889681512,0.6978004455147736,0.8,0.08314123188844122,-0.3225577345832042,0.45999999999999963,0,1,1,1,SAFETY_PROTECTION
11.36,5.16188950528,0.09682412543999992,0.9739578286079993,4.137855415078174,0.7090385262271269,0.8,0.08314123188844122,-0.31957314869322173,0.45999999999999985,0,1,1,1,SAFETY_PROTECTION
11.38,5.165058955352501,0.09708824627937505,0.9761236194908753,4.148422228840729,0.7202297230045851,0.8,0.08314123188844122,-0.3167113505196861,0.4600000000000001,0,1,1,1,SAFETY_PROTECTION
11.4,5.16806575,0.09733881250000005,0.9781782625000004,4.159257695998834,0.7313691537541371,0.8,0.08314123188844122,-0.31397503785597397,0.45999999999999963,0,1,1,1,SAFETY_PROTECTION
11.42,5.1709119103975,0.09757599253312499,0.9801231387716249,4.170366154259464,0.7424516490316901,0.8,0.08314123188844122,-0.31136627514037907,0.4600000000000003,0,1,1,1,SAFETY_PROTECTION
11.44,5.1735996467200005,0.09779997056000003,0.9819597585920004,4.18175189901149,0.7534717416243287,0.8,0.08314123188844122,-0.3088865320241871,0.4600000000000001,0,1,1,1,SAFETY_PROTECTION
11.46,5.176131360842501,0.09801094673687501,0.9836897632423751,4.193419168097883,0.7644236573971994,0.8,0.08314123188844122,-0.30653671789459,0.45999999999999985,0,1,1,1,SAFETY_PROTECTION
11.48,5.17850964904,0.09820913742000004,0.9853149268440005,4.205372126278789,0.7753013072667613,0.8,0.08314123188844122,-0.30431721278579377,0.4600000000000003,0,1,1,1,SAFETY_PROTECTION
11.5,5.180737304687501,0.09839477539062501,0.986837158203125,4.217614849316699,0.7860982801958849,0.8,0.08314123188844122,-0.3022278950748685,0.4600000000000001,0,1,1,1,SAFETY_PROTECTION
11.52,5.182817320959999,0.09856811007999991,0.9882585026559993,4.230151307622737,0.7968078371354482,0.8,0.08314123188844122,-0.30026816632260583,0.4600000000000001,0,1,1,1,SAFETY_PROTECTION
11.54,5.184752893532499,0.09872940779437492,0.9895811439138744,4.242985349410704,0.8074229058622406,0.8,0.08314123188844122,-0.2984369735847878,0.4600000000000001,0,1,1,1,SAFETY_PROTECTION
11.56,5.186547423280001,0.0988789519400001,0.9908074059080008,4.256120683312926,0.817936076684839,0.8,0.08314123188844122,-0.29673282948643925,0.4600000000000001,0,1,1,1,SAFETY_PROTECTION
11.58,5.1882045189775,0.09901704324812499,0.9919397546346249,4.26956086041935,0.8283395990080458,0.8,0.08314123188844122,-0.29515383032092557,0.4600000000000003,0,1,1,1,SAFETY_PROTECTION
11.6,5.189728000000002,0.09914400000000018,0.9929808000000013,4.283309255708606,0.8386253787629647,0.8,0.08314123188844122,-0.29369767240740535,0.45999999999999985,0,1,1,1,SAFETY_PROTECTION
11.62,5.191121899022502,0.09926015825187512,0.9939332976653759,4.297369048847175,0.8487849767241649,0.8,0.08314123188844122,-0.29236166691409915,0.4600000000000001,0,1,1,1,SAFETY_PROTECTION
11.64,5.192390464720001,0.09936587206000001,0.9948001508920001,4.311743204340251,0.8588096077479127,0.8,0.08314123188844122,-0.29114275333065587,0.45999999999999985,0,1,1,1,SAFETY_PROTECTION
11.66,5.193538164467501,0.09946151370562509,0.9955844123861257,4.326434451025532,0.8686901409764113,0.8,0.08314123188844122,-0.2900375117509546,0.4600000000000001,0,1,1,1,SAFETY_PROTECTION
11.68,5.1945696870399996,0.09954747391999996,0.9962892861439998,4.3414452609090395,0.8784171010624898,0.8,0.0831412318884412,-0.2890421741071351,0.4600000000000001,0,1,1,1,SAFETY_PROTECTION
11.7,5.1954899453125005,0.09962416210937503,0.9969181292968752,4.3567778273501245,0.8879806704774313,0.8,0.08314123188844122,-0.28815263447672007,0.4600000000000001,0,1,1,1,SAFETY_PROTECTION
11.72,5.196304078959999,0.09969200657999995,0.9974744539559997,4.372434042611193,0.8973706929716565,0.8,0.08314123188844122,-0.2873644585670077,0.4600000000000001,0,1,1,1,SAFETY_PROTECTION
11.74,5.197017457157502,0.09975145476312514,0.997961929057626,4.388415474796211,0.9065766782639039,0.8,0.08314123188844123,-0.28667289246406685,0.4600000000000001,0,1,1,1,SAFETY_PROTECTION
11.76,5.197635681280001,0.09980297344000011,0.998384382208001,4.4047233442109,0.915587808039385,0.8,0.08314123188844122,-0.28607287071785986,0.4600000000000003,0,1,1,1,SAFETY_PROTECTION
11.78,5.198164587602502,0.09984704896687512,0.9987458015283759,4.421358499186424,0.9243929433411567,0.8,0.08314123188844122,-0.28555902381946197,0.45999999999999985,0,1,1,1,SAFETY_PROTECTION
11.8,5.198610250000002,0.0998841875000002,0.9990503375000015,4.438321391417424,0.9329806334416895,0.8,0.08314123188844123,-0.28512568511156255,0.4600000000000001,0,1,1,1,SAFETY_PROTECTION
11.82,5.1989789826475,0.09991491522062496,0.9993023048091245,4.45561205087421,0.9413391262832829,0.8,0.08314123188844122,-0.2847668971585348,0.4600000000000003,0,1,1,1,SAFETY_PROTECTION
11.84,5.19927734272,0.09993977856000003,0.9995061841920003,4.473230060357707,0.9494563805766506,0.8,0.08314123188844122,-0.2844764175878158,0.4600000000000001,0,1,1,1,SAFETY_PROTECTION
11.86,5.199512133092501,0.09995934442437503,0.9996666242798753,4.491174529774126,0.9573200796466105,0.8,0.08314123188844122,-0.28424772439974183,0.4600000000000001,0,1,1,1,SAFETY_PROTECTION
11.88,5.19969040504,0.09997420041999999,0.9997884434439999,4.509444070214152,0.9649176471124941,0.8,0.08314123188844123,-0.2840740207282189,0.4600000000000001,0,1,1,1,SAFETY_PROTECTION
11.9,5.1998194609374995,0.09998495507812494,0.9998766316406245,4.528036767928382,0.9722362644886454,0.8,0.08314123188844122,-0.2839482390199679,0.45999999999999985,0,1,1,1,SAFETY_PROTECTION
11.92,5.199906856959999,0.09999223807999993,0.9999363522559994,4.546950158296553,0.979262890787336,0.8,0.08314123188844122,-0.2838630445852494,0.45999999999999985,0,1,1,1,SAFETY_PROTECTION
11.94,5.199960405782498,0.0999967004818748,0.9999729439513734,4.56618119989249,0.9859842842027364,0.8,0.08314123188844122,-0.2838108384582224,0.4600000000000001,0,1,1,1,SAFETY_PROTECTION
11.96,5.19998817928,0.09999901494000003,0.9999919225080003,4.585725131428832,0.9923905541305194,0.8000192632849448,0.08314123188844123,-0.2837837594905261,0.4600000000000003,0,1,1,1,SAFETY_PROTECTION
11.98,5.199998511227503,0.09999987593562523,0.999998982672127,4.6055746887300435,0.9984788024519238,0.8001154905007354,0.08314123188844122,-0.2837736855875315,0.4600000000000003,0,1,1,1,SAFETY_PROTECTION
12.02,5.2000022331587505,0.10000111657937501,1.0000004962575,4.625725447260906,1.0042358200361263,0.8002904922740562,0.4636476090008062,-0.283769762328766,0.4600000000000001,0,1,1,1,SAFETY_PROTECTION
12.04,5.20001773108,0.10000886554,1.00000394024,4.646172378889943,1.0096483816901924,0.8005465364753347,0.4636476090008062,-0.2837526092368282,0.4600000000000001,0,1,1,1,SAFETY_PROTECTION
12.06,5.20005939132625,0.100029695663125,1.0000131980725,4.666909919007555,1.0147032515870416,0.8008861497493938,0.46364760900080615,-0.28370649941592857,0.4600000000000003,0,1,1,1,SAFETY_PROTECTION
12.08,5.200139714560001,0.10006985728000001,1.00003104768,4.687931970161341,1.0193871940404253,0.8013120553562993,0.4636476090008062,-0.2836175960073689,0.4600000000000003,0,1,1,1,SAFETY_PROTECTION
12.1,5.20027080859375,0.10013540429687501,1.0000601796875,4.709231886156103,1.023686991433913,0.8018271706075083,0.4636476090008062,-0.28347249517800577,0.4600000000000001,0,1,1,1,SAFETY_PROTECTION
12.12,5.20046439244,0.10023219622,1.00010319832,4.7308024564512134,1.0275894634598948,0.8024346036289188,0.4636476090008062,-0.28325822041714194,0.4600000000000003,0,1,1,1,SAFETY_PROTECTION
12.14,5.20073180036125,0.10036590018062501,1.0001626223025,4.752635890923648,1.0310814876784247,0.8031376493003803,0.46364760900080615,-0.2829622165835763,0.4600000000000003,0,1,1,1,SAFETY_PROTECTION
12.16,5.20108398592,0.10054199296,1.00024088576,4.774723805078876,1.0341500214089063,0.8039397842344259,0.4636476090008062,-0.2825723437509062,0.4600000000000003,0,1,1,1,SAFETY_PROTECTION
12.18,5.2015315260287505,0.10076576301437501,1.0003403391175,4.797057205806594,1.0367821249691649,0.8048446606723834,0.46364760900080615,-0.2820768709014538,0.4600000000000003,0,1,1,1,SAFETY_PROTECTION
12.2,5.202084625,0.10104231250000001,1.00046325,4.819626477793693,1.0389649862762023,0.8058560991938114,0.46364760900080615,-0.2814644695213723,0.4600000000000001,0,1,1,1,SAFETY_PROTECTION
12.22,5.202753118596251,0.101376559298125,1.0006118041325,4.842421370722611,1.0406859468206897,0.8069780801554869,0.4636476090008062,-0.28072420715128127,0.4600000000000001,0,1,1,1,SAFETY_PROTECTION
12.24,5.20354647808,0.10177323904,1.00078810624,4.865430987398841,1.041932529022857,0.8082147337989318,0.4636476090008061,-0.279845540947951,0.4600000000000003,0,1,1,1,SAFETY_PROTECTION
12.26,5.20447381426375,0.10223690713187501,1.0009941809475,4.888643772966541,1.0426924649707632,0.8095703289905732,0.4636476090008061,-0.2788183113127956,0.4600000000000001,0,1,1,1,SAFETY_PROTECTION
12.28,5.205543881560001,0.10277194078,1.00123197368,4.912047505385109,1.042953726532885,0.8110492605858237,0.46364760900080615,-0.27763273564211344,0.4600000000000001,0,1,1,1,SAFETY_PROTECTION
12.3,5.20676508203125,0.10338254101562501,1.0015033515625,4.935629287351916,1.0427045568255322,0.8126560354373119,0.4636476090008061,-0.276279402251869,0.4600000000000005,0,1,1,1,SAFETY_PROTECTION
12.32,5.20814546944,0.10407273472,1.00181010432,4.95937553986625,1.041933503001879,0.8143952570977112,0.4636476090008062,-0.2747492645263559,0.4600000000000001,0,1,1,1,SAFETY_PROTECTION
12.34,5.20969275329875,0.104846376649375,1.0021539451775,4.983271997636517,1.0406294503135582,0.8162716092986007,0.4636476090008061,-0.2730336353352374,0.4600000000000003,0,1,1,1,SAFETY_PROTECTION
12.36,5.21141430292,0.10570715146000001,1.00253651176,5.007303706536035,1.0387816573780615,0.8182898383179517,0.4636476090008061,-0.2711241817572396,0.4600000000000001,0,1,1,1,SAFETY_PROTECTION
12.38,5.21331715146625,0.10665857573312501,1.0029593669925,5.031455023312066,1.0363797925660805,0.8204547343795655,0.46364760900080615,-0.2690129201413747,0.4600000000000001,0,1,1,1,SAFETY_PROTECTION
12.4,5.215408,0.10770400000000001,1.003424,5.05570961774738,1.0334139714028043,0.8227711122574843,0.46364760900080615,-0.26669221152814354,0.4600000000000003,0,1,1,1,SAFETY_PROTECTION
12.42,5.21769322153375,0.108846610766875,1.0039318270075,5.080050477463584,1.0298747948567446,0.8252437912865064,0.46364760900080615,-0.26415475744393113,0.4600000000000003,0,1,1,1,SAFETY_PROTECTION
12.44,5.22017886508,0.11008943254,1.00448419224,5.104459915540265,1.0257533883694643,0.8278775750059536,0.4636476090008061,-0.2613935960721633,0.4600000000000001,0,1,1,1,SAFETY_PROTECTION
12.46,5.22287065970125,0.111435329850625,1.0050823688225,5.128919581103895,1.0210414414603999,0.8306772306874033,0.4636476090008061,-0.2584020987949634,0.4600000000000003,0,1,1,1,SAFETY_PROTECTION
12.48,5.22577401856,0.11288700928,1.00572755968,5.1534104730155095,1.0157312477234914,0.8336474690179461,0.4636476090008062,-0.2551739670894875,0.4600000000000001,0,1,1,1,SAFETY_PROTECTION
12.5,5.22889404296875,0.11444702148437501,1.0064208984375,5.177912956756706,1.009815745017328,0.8367929242286222,0.4636476090008062,-0.2517032297541085,0.4600000000000001,0,1,1,1,SAFETY_PROTECTION
12.52,5.23223552644,0.11611776322,1.00716345032,5.202406784580008,1.003288555638662,0.8401181349731341,0.4636476090008062,-0.2479842404315299,0.4600000000000003,0,1,1,1,SAFETY_PROTECTION
12.54,5.23580295873625,0.117901479368125,1.0079562130525,5.226871118952699,0.9961440262611463,0.8436275262751031,0.4636476090008061,-0.24401167538899737,0.4600000000000003,0,1,1,1,SAFETY_PROTECTION
12.56,5.239600529920001,0.11980026496000001,1.00880011776,5.251284559283433,0.9883772674175837,0.8473253928736189,0.46364760900080615,-0.2397805315102735,0.4600000000000001,0,1,1,1,SAFETY_PROTECTION
12.58,5.24363213440375,0.121816067201875,1.0096960298675,5.275625171878949,0.9799841923054255,0.8512158843075205,0.4636476090008061,-0.2352861244501383,0.4600000000000001,0,1,1,1,SAFETY_PROTECTION
12.6,5.2479013750000005,0.1239506875,1.01064475,5.299870523034772,0.9709615547022239,0.8553029920898898,0.46364760900080615,-0.23052408689986853,0.4600000000000001,0,1,1,1,SAFETY_PROTECTION
12.62,5.25241156697125,0.126205783485625,1.0116470148825,5.323997715119285,0.9613069857906994,0.8595905393371717,0.46364760900080615,-0.2254903669115771,0.4600000000000003,0,1,1,1,SAFETY_PROTECTION
12.64,5.25716574208,0.12858287104000002,1.01270349824,5.347983425465543,0.951019029712538,0.8640821732340399,0.46364760900080615,-0.22018122623021963,0.4600000000000001,0,1,1,1,SAFETY_PROTECTION
12.66,5.26216665263875,0.131083326319375,1.0138148116975,5.371803947839799,0.9400971776965434,0.8687813607379885,0.4636476090008061,-0.21459323858454976,0.4600000000000001,0,1,1,1,SAFETY_PROTECTION
12.68,5.26741677556,0.13370838778,1.01498150568,5.395435236209819,0.9285419006410808,0.8736913879596037,0.4636476090008061,-0.20872328789196515,0.4600000000000003,0,1,1,1,SAFETY_PROTECTION
12.7,5.27291831640625,0.136459158203125,1.0162040703125,5.418852950489302,0.9163546800738331,0.8788153636993133,0.4636476090008062,-0.2025685663369467,0.4600000000000001,0,1,1,1,SAFETY_PROTECTION
12.72,5.27867321344,0.13933660672,1.01748293632,5.442032503886165,0.903538037465203,0.8841562276839008,0.4636476090008062,-0.19612657228831099,0.4600000000000001,0,1,1,1,SAFETY_PROTECTION
12.74,5.28468314167375,0.142341570836875,1.0188184759275,5.464949111430528,0.8900955619372792,0.8897167641324523,0.4636476090008062,-0.18939510802654896,0.4600000000000003,0,1,1,1,SAFETY_PROTECTION
12.76,5.2909495169200005,0.14547475846000002,1.02021100376,5.487577839200814,0.8760319364912189,0.8954996213999745,0.4636476090008062,-0.18237227725884436,0.4600000000000003,0,1,1,1,SAFETY_PROTECTION
12.78,5.29747349984125,0.148736749920625,1.0216607777425,5.509893653700083,0.8613529629765385,0.9015073386089031,0.4636476090008061,-0.17505648240570532,0.4600000000000001,0,1,1,1,SAFETY_PROTECTION
12.8,5.3042560000000005,0.152128,1.023168,5.531871470754759,0.8460655861526902,0.9077423803996486,0.4636476090008062,-0.16744642164929419,0.4600000000000003,0,1,1,1,SAFETY_PROTECTION
12.82,5.31129767990875,0.155648839954375,1.0247328177575,5.55348620320759,0.8301779173558826,0.914207181233053,0.4636476090008062,-0.15954108573932924,0.45999999999999985,0,1,1,1,SAFETY_PROTECTION
12.84,5.31859895908,0.15929947954,1.02635532424,5.574712806546117,0.8136992584964603,0.9209042010915023,0.46364760900080615,-0.1513397545576724,0.4600000000000001,0,1,1,1,SAFETY_PROTECTION
12.86,5.3261600180762505,0.163080009038125,1.0280355595725,5.59552632143263,0.7966401273952748,0.9278359949972693,0.46364760900080615,-0.14284199344737714,0.4600000000000001,0,1,1,1,SAFETY_PROTECTION
12.88,5.33398080256,0.16699040128,1.02977351168,5.615901911860247,0.7790122858531547,0.9350052995646065,0.4636476090008061,-0.13404764931590257,0.4600000000000001,0,1,1,1,SAFETY_PROTECTION
12.9,5.3420610273437505,0.17103051367187502,1.0315691171875,5.635814897319513,0.7608287723847779,0.9424151409296929,0.46364760900080615,-0.12495684652541783,0.4600000000000001,0,1,1,1,SAFETY_PROTECTION
12.92,5.35040018044,0.17520009022,1.03342226232,5.655240776870075,0.7421039423139107,0.9500689700202488,0.46364760900080615,-0.11556998258564988,0.4600000000000005,0,1,1,1,SAFETY_PROTECTION
12.94,5.35899752711125,0.17949876355562502,1.0353327838025,5.674155242291419,0.7228535190445698,0.9579708334891437,0.46364760900080615,-0.10588772366649807,0.4600000000000003,0,1,1,1,SAFETY_PROTECTION
12.96,5.36785211392,0.18392605695999997,1.03730046976,5.6925341764027415,0.7030946619958038,0.9661255921581627,0.46364760900080615,-0.09591099994883656,0.4600000000000001,0,1,1,1,SAFETY_PROTECTION
12.98,5.37696277277875,0.188481386389375,1.0393250606175,5.710353630970911,0.6828460592616459,0.9745392041934449,0.46364760900080615,-0.08564100083246895,0.4600000000000003,0,1,1,1,SAFETY_PROTECTION
13.0,5.386328125,0.1931640625,1.04140625,5.727589775977084,0.6621280571373832,0.9832190986632329,0.46364760900080615,-0.0750791700202953,0.4600000000000003,0,1,1,1,SAFETY_PROTECTION
13.02,5.39594658534625,0.19797329267312505,1.0435436856325,5.744218807680881,0.6409628453392785,0.9921746787639345,0.46364760900080615,-0.06422720049735098,0.45999999999999985,0,1,1,1,SAFETY_PROTECTION
13.04,5.40581636608,0.20290818304000002,1.04573697024,5.760216795572712,0.6193747281273116,1.001418016866579,0.46364760900080615,-0.053087029422683285,0.4600000000000001,0,1,1,1,SAFETY_PROTECTION
13.06,5.41593548101375,0.207967740506875,1.0479856624475,5.775559435293986,0.597390531791391,1.0109648435317893,0.4636476090008062,-0.04166083295101941,0.4600000000000005,0,1,1,1,SAFETY_PROTECTION
13.08,5.42630174956,0.21315087478000003,1.05028927768,5.790221650365278,0.5750402369115475,1.0208360061824011,0.4636476090008061,-0.02995102099997382,0.4600000000000001,0,1,1,1,SAFETY_PROTECTION
13.1,5.436912800781251,0.21845640039062508,1.0526472890625,5.804176937540899,0.5523579995037966,1.0310597167296391,0.4636476090008061,-0.01796023197720753,0.4600000000000001,0,1,1,1,SAFETY_PROTECTION
13.12,5.44776607744,0.22388303872000004,1.05505912832,5.817396247979977,0.5293838882243004,1.0416752094270008,0.4636476090008062,-0.005691327480523145,0.4600000000000005,0,1,1,1,SAFETY_PROTECTION
13.14,5.45885884004875,0.22942942002437502,1.0575241866775,5.829845954985601,0.5061670518939302,1.0527391275422981,0.4636476090008062,0.006852613017578446,0.4600000000000001,0,1,1,1,SAFETY_PROTECTION
13.16,5.47018817092,0.23509408545999996,1.06004181576,5.841483814636382,0.4827720757338636,1.0643377779329186,0.4636476090008061,0.019668297490783804,0.4600000000000005,0,1,1,1,SAFETY_PROTECTION
13.18,5.48175097821625,0.24087548910812503,1.0626113284925,5.852249776612963,0.4592936471839571,1.0766140235010662,0.4636476090008061,0.03275222667663347,0.4600000000000001,0,1,1,1,SAFETY_PROTECTION
13.2,5.493544,0.24677199999999996,1.065232,5.862040018860561,0.435898806367109,1.0898400396176577,0.4636476090008062,0.04610069938361738,0.45999999999999985,0,1,1,1,SAFETY_PROTECTION
13.22,5.50556380828375,0.252781904141875,1.0679030685075,5.869298980313907,0.4166276667925419,1.1023761399224656,0.4636476090008062,0.05970981778160911,0.4600000000000005,0,1,0,1,SAFETY_PROTECTION
13.24,5.51780681308,0.25890340654,1.07062373624,5.87122560286338,0.41065890113623604,1.1080744894054342,0.4636476090008062,0.07357549267070218,0.4600000000000005,0,1,0,1,SAFETY_PROTECTION
13.26,5.53026926645125,0.265134633225625,1.0733931703225,5.871398582887393,0.4093702029281374,1.1113590145383043,0.4636476090008061,0.08769344872455387,0.4600000000000003,0,1,0,1,SAFETY_PROTECTION
13.28,5.542947266560001,0.27147363328000007,1.07621050368,5.8709785194723345,0.409704034177517,1.1137687087998354,0.4636476090008062,0.1020592297052858,0.45999999999999985,0,1,0,1,SAFETY_PROTECTION
13.3,5.55583676171875,0.2779183808593749,1.0790748359375,5.870360810118062,0.41058581427168733,1.1158412159202173,0.4636476090008061,0.11666820364780706,0.4600000000000001,0,1,0,1,SAFETY_PROTECTION
13.32,5.56893355444,0.28446677722,1.08198523432,5.869682751007751,0.41163916831362685,1.1177648398636328,0.4636476090008062,0.1315155680121719,0.4600000000000005,0,1,0,1,SAFETY_PROTECTION
13.34,5.58223330548625,0.29111665274312504,1.0849407345525,5.868992391567768,0.41273259822344954,1.119605800225153,0.4636476090008061,0.14659635480316546,0.4600000000000003,0,1,0,1,SAFETY_PROTECTION
13.36,5.59573153792,0.29786576896,1.08794034176,5.868306627390619,0.4138203881588004,1.1213876505065727,0.4636476090008061,0.16190543565689663,0.4600000000000003,0,1,0,1,SAFETY_PROTECTION
13.38,5.60942364115375,0.30471182057687507,1.0909830313675,5.867631428478393,0.41488687225758114,1.1231190555892476,0.4636476090008062,0.17743752689456505,0.4600000000000003,0,1,0,1,SAFETY_PROTECTION
13.4,5.6233048750000005,0.31165243750000005,1.09406775,5.866968914031325,0.41592692141357684,1.124803506923902,0.4636476090008061,0.19318719454396127,0.4600000000000001,0,1,0,1,SAFETY_PROTECTION
13.42,5.63737037372125,0.31868518686062497,1.0971934163825,5.8663198317723975,0.41693911059259786,1.1264427173925797,0.4636476090008061,0.2091488593295483,0.4600000000000001,0,1,0,1,SAFETY_PROTECTION
13.44,5.6516151500800005,0.32580757504,1.1003589222399999,5.865684428488482,0.41792332454401265,1.1280378044834976,0.4636476090008062,0.22531680163219792,0.45999999999999985,0,1,0,1,SAFETY_PROTECTION
13.46,5.66603409938875,0.33301704969437496,1.1035631331975,5.865062756928104,0.41887991704959227,1.129589699756014,0.4636476090008062,0.2416851664198213,0.45999999999999985,0,1,0,1,SAFETY_PROTECTION
13.48,5.68062200356,0.34031100177999996,1.10680488968,5.864454785120816,0.4198094141037552,1.1310992878982333,0.4636476090008061,0.2582479681502847,0.4600000000000001,0,1,0,1,SAFETY_PROTECTION
13.5,5.69537353515625,0.347686767578125,1.1100830078125,5.863860436371264,0.4207124077013006,1.1325674515270323,0.46364760900080615,0.2749990956480596,0.4600000000000005,0,1,0,1,SAFETY_PROTECTION
13.52,5.710283261440001,0.35514163072000016,1.11339628032,5.863279604865368,0.4215895165727976,1.133995083366282,0.4636476090008061,0.29193231695612254,0.4600000000000003,0,1,0,1,SAFETY_PROTECTION
13.54,5.72534564842375,0.36267282421187497,1.1167434774275,5.862712162634075,0.42244137057667597,1.1353830873548176,0.46364760900080615,0.3090412841646427,0.4600000000000001,0,1,0,1,SAFETY_PROTECTION
13.56,5.74055506492,0.37027753245999995,1.1201233477599999,5.8621579633924155,0.42326860358163443,1.1367323762048103,0.4636476090008061,0.32631953821799553,0.4600000000000003,0,1,0,1,SAFETY_PROTECTION
13.58,5.75590578659125,0.3779528932956251,1.1235346192425,5.86161684518868,0.42407184951538573,1.1380438680201752,0.46364760900080615,0.343760513701601,0.4600000000000001,0,1,0,1,SAFETY_PROTECTION
13.6,5.7713920000000005,0.38569600000000004,1.126976,5.861088632543943,0.42485173970067314,1.1393184828661544,0.4636476090008061,0.36135754361007655,0.4600000000000005,0,1,0,1,SAFETY_PROTECTION
13.62,5.7870078066587505,0.393503903329375,1.1304461792575,5.860573138323103,0.42560890080575114,1.1405571395804093,0.46364760900080615,0.3791038640981358,0.4600000000000003,0,1,0,1,SAFETY_PROTECTION
13.64,5.80274722708,0.40137361354,1.13394382824,5.860070165425295,0.4263439531594475,1.1417607529065186,0.46364760900080615,0.39699261921559525,0.4600000000000005,0,1,0,1,SAFETY_PROTECTION
13.66,5.818604204826251,0.40930210241312515,1.1374676010725,5.859579508328124,0.4270575093297511,1.142930230958421,0.46364760900080615,0.41501686562780826,0.4600000000000005,0,1,0,1,SAFETY_PROTECTION
13.68,5.8345726105599995,0.4172863052799999,1.14101613568,5.859100954501713,0.4277501729178253,1.1440664730000552,0.46364760900080615,0.4331695773227574,0.4600000000000005,0,1,0,1,SAFETY_PROTECTION
13.7,5.85064624609375,0.42532312304687503,1.1445880546875,5.858634285702257,0.4284225375387028,1.1451703675170124,0.46364760900080615,0.45144365030599765,0.4600000000000005,0,1,0,1,SAFETY_PROTECTION
13.72,5.86681884844,0.43340942422000006,1.14818196632,5.86395425148179,0.431664013881546,1.1471279067389544,0.46364760900080615,0.4698319072845142,0.4663902853887646,0,0,0,0,NORMAL
13.74,5.88308409386125,0.44154204693062504,1.1517964653025,5.8763886490284385,0.4380847353634474,1.150162469805259,0.46364760900080615,0.4883271023405661,0.4806487850583351,0,0,0,0,NORMAL
13.76,5.89943560192,0.4497178009599999,1.15543013376,5.891369168407953,0.44564622800120657,1.1535864513758407,0.46364760900080615,0.5069219255964444,0.4977259159953379,0,0,0,0,NORMAL
13.78,5.91586693952875,0.4579334697643751,1.1590815421175,5.907292719636471,0.4536329351472661,1.1571582603579191,0.46364760900080615,0.5256090078710415,0.5158495336207697,0,0,0,0,NORMAL
13.8,5.932371625,0.46618581250000013,1.16274925,5.923594008122765,0.46179230542654326,1.1607924036252717,0.46364760900080615,0.5443809253290567,0.5343945626983501,0,0,0,0,NORMAL
13.82,5.94894313209625,0.474471566048125,1.1664318071325,5.940070938705531,0.47003382483057143,1.16445801590497,0.46364760900080615,0.5632302041236038,0.5531373695358496,0,0,0,0,NORMAL
13.84,5.9655748940799995,0.48278744704,1.17012775424,5.956648509698935,0.47832367926669994,1.1681433458227395,0.46364760900080615,0.582149325032903,0.5719947951849776,0,0,0,0,NORMAL
13.86,5.98226030776375,0.491130153881875,1.1738356239474999,5.973296178441064,0.4866478877665637,1.1718433266038337,0.46364760900080615,0.6011307280917163,0.5909328201968914,0,0,0,0,NORMAL
13.88,5.99899273756,0.49949636878000014,1.17755394168,5.989998941868373,0.4949994004252974,1.1755552264033418,0.46364760900080615,0.620166817218094,0.6099346003867744,0,0,0,0,NORMAL
13.9,6.01576551953125,0.5078827597656251,1.1812812265625001,6.006747217349243,0.5033735839965104,1.1792771265067947,0.46364760900080615,0.6392499648359856,0.6289892824041704,0,0,0,0,NORMAL
13.92,6.03257196544,0.5162859827199999,1.1850159923199999,6.023533303608235,0.5117666431667786,1.183007389285378,0.46364760900080615,0.6583725164941953,0.6480880922066664,0,0,0,0,NORMAL
13.94,6.04940536679875,0.5247026833993751,1.1887567481774999,6.040350144682069,0.5201750693179663,1.1867444725652572,0.46364760900080615,0.6775267954821208,0.6672229690350638,0,0,0,0,NORMAL
13.96,6.0662589989199995,0.5331294994599999,1.19250199976,6.057190899936724,0.5285954489102882,1.1904868652418399,0.46364760900080615,0.6967051074426859,0.6863860903067537,0,0,0,0,NORMAL
13.98,6.08312612496625,0.541563062483125,1.1962502499925,6.074048796205916,0.5370243977326321,1.194233065329769,0.46364760900080615,0.7158997449828287,0.7055697083266191,0,0,0,0,NORMAL
14.0,6.1,0.55,1.2,6.090917078672071,0.5454585392064213,1.197981572865419,0.46364760900080615,0.7351029922818683,0.7247660961317989,0,0,0,0,NORMAL
14.02,6.11687387503375,0.5584369375168751,1.2037497500075,6.107788996307162,0.5538944981082162,1.2017308880077717,0.46364760900080615,0.7543071296980607,0.7439675315317772,0,0,0,0,NORMAL
14.04,6.133741001080001,0.5668705005400003,1.20749800024,6.124657799409507,0.5623288996888759,1.2054795109587202,0.46364760900080615,0.77350443837359,0.7631662945157026,0,0,0,0,NORMAL
14.06,6.1505946332012496,0.5752973166006249,1.2112432518224998,6.141516741374139,0.5707583706815128,1.209225942520177,0.46364760900080615,0.7926872048382546,0.7823546693373348,0,0,0,0,NORMAL
14.08,6.16742803456,0.58371401728,1.21498400768,6.158359081944949,0.5791795409705295,1.212968684874062,0.46364760900080615,0.8118477256120559,0.80152494823644,0,0,0,0,NORMAL
14.1,6.18423448046875,0.5921172402343752,1.2187187734375,6.17517809098542,0.5875890454920292,1.2167062424402966,0.46364760900080615,0.830978311806862,0.82066943573234,0,0,0,0,NORMAL
14.12,6.20100726244,0.60050363122,1.2224460583199999,6.191967052430897,0.5959835262152102,1.2204371227621036,0.46364760900080615,0.8500712937273577,0.8397804531172556,0,0,0,0,NORMAL
14.14,6.2177396922362504,0.608869846118125,1.2261643760525,6.208719268304376,0.6043596341521049,1.2241598374008613,0.46364760900080615,0.8691190254713924,0.8588503430191831,0,0,0,0,NORMAL
14.16,6.234425105920001,0.6172125529600001,1.22987224576,6.225428062754531,0.6127140313772368,1.2278729028343016,0.46364760900080615,0.8881138895298809,0.8778714739888259,0,0,0,0,NORMAL
14.18,6.25105686790375,0.6255284339518749,1.2335681928675,6.242086786101523,0.6210433930507515,1.2315748413558807,0.46364760900080615,0.9070483013863772,0.896836245094735,0,0,0,0,NORMAL
14.2,6.267628375000001,0.6338141875000003,1.23725075,6.258688818885533,0.6293444094427632,1.2352641819745582,0.46364760900080615,0.9259147141164182,0.9157370905211702,0,0,0,0,NORMAL
14.22,6.28413306047125,0.642066530235625,1.2409184578824999,6.275227575916249,0.6376137879581234,1.2389394613147202,0.46364760900080615,0.9447056229867244,0.9345664841668336,0,0,0,0,NORMAL
14.24,6.30056439808,0.6502821990399998,1.24456986624,6.291696510322687,0.645848255161343,1.2425992245161521,0.46364760900080615,0.9634135700543668,0.9533169442438766,0,0,0,0,NORMAL
14.26,6.3169159061387505,0.6584579530693752,1.2482035346975,6.308089117603128,0.654044558801564,1.2462420261340283,0.46364760900080615,0.9820311487659276,0.9719810378770092,0,0,0,0,NORMAL
14.28,6.33318115156,0.6665905757799999,1.2518180336799998,6.324398939675095,0.6621994698375473,1.2498664310389098,0.46364760900080615,1.0005510085567466,0.9905513857027014,0,0,0,0,NORMAL
14.3,6.34935375390625,0.674676876953125,1.2554119453124999,6.340619568925346,0.6703097844626728,1.2534710153167432,0.46364760900080615,1.0189658594503084,1.0090206664685026,0,0,0,0,NORMAL
14.32,6.36542738944,0.6827136947199999,1.2589838643199998,6.356744652259871,0.6783723261299354,1.2570543671688599,0.46364760900080615,1.037268476657779,1.0273816216325087,0,0,0,0,NORMAL
14.34,6.38139579517375,0.6906978975868749,1.2625323989275,6.372767895153893,0.6863839475769461,1.260615087811976,0.46364760900080615,1.0554517051777816,1.045627059963035,0,0,0,0,NORMAL
14.36,6.39725277292,0.6986263864600002,1.26605617176,6.388683065701862,0.6943415328509313,1.2641517923781915,0.46364760900080615,1.0735084643963924,1.0637498621385024,0,0,0,0,NORMAL
14.38,6.41299219334125,0.7064960966706247,1.2695538207425,6.404483998667464,0.7022419993337321,1.267663110814992,0.46364760900080615,1.0914317526874306,1.081742985347594,0,0,0,0,NORMAL
14.4,6.428608,0.7143039999999996,1.2730239999999997,6.420164599533612,0.7100822997668059,1.271147688785247,0.46364760900080615,1.1092146520130224,1.0995994678896799,0,0,0,0,NORMAL
14.42,6.44409421340875,0.7220471067043748,1.2764653807574997,6.435718848552452,0.7178594242762256,1.2746041885672112,0.46364760900080615,1.1268503325244876,1.1173124337755547,0,0,0,0,NORMAL
14.44,6.4594449350800005,0.72972246754,1.27987665224,6.451140804795358,0.725570402397679,1.2780312899545239,0.46364760900080615,1.1443320571635445,1.1348750973284782,0,0,0,0,NORMAL
14.46,6.474654351576249,0.7373271757881246,1.2832565225724997,6.466424610202937,0.7332123051014686,1.2814276911562081,0.4636476090008061,1.1616531862638495,1.1522807677855584,0,0,0,0,NORMAL
14.48,6.48971673856,0.7448583692800002,1.28660371968,6.481564493635028,0.7407822468175141,1.2847921096966728,0.46364760900080615,1.1788071821528932,1.1695228538994646,0,0,0,0,NORMAL
14.5,6.50462646484375,0.752313232421875,1.2899169921875,6.496554774920697,0.7482773874603487,1.2881232833157106,0.46364760900080615,1.195787613754212,1.1865948685404835,0,0,0,0,NORMAL
14.52,6.519377996439999,0.7596889982199999,1.29319511032,6.5113898689082435,0.755694934454122,1.2914199708684986,0.46364760900080615,1.2125881611899847,1.2034904332989242,0,0,0,0,NORMAL
14.54,6.533965900611251,0.7669829503056254,1.2964368668025001,6.526064289515198,0.7630321447575992,1.2946809532255996,0.4636476090008062,1.2292026203839583,1.2202032830878795,0,0,0,0,NORMAL
14.56,6.5483848499200015,0.7741924249600007,1.2996410777600003,6.54057265377832,0.7702863268891602,1.29790503417296,0.4636476090008062,1.2456249076647197,1.2367272707463202,0,0,0,0,NORMAL
14.58,6.56262962627875,0.781314813139375,1.3028065836175,6.554909685903599,0.7774548429517999,1.301091041311911,0.4636476090008062,1.2618490643693256,1.2530563716425487,0,0,0,0,NORMAL
14.6,6.576695124999999,0.7883475624999994,1.3059322499999997,6.5690702213162595,0.7845351106581295,1.3042378269591688,0.4636476090008062,1.277869261447269,1.2691846882779956,0,0,0,0,NORMAL
14.62,6.590576358846249,0.7952881794231247,1.3090169686324997,6.583049210710753,0.7915246053553764,1.307344269046834,0.4636476090008062,1.2936798040647761,1.2851064548913422,0,0,0,0,NORMAL
14.64,6.60426846208,0.80213423104,1.31205965824,6.596841724100764,0.7984208620503818,1.3104092720223917,0.4636476090008062,1.3092751362094268,1.3008160420629866,0,0,0,0,NORMAL
14.66,6.617766694513751,0.8088833472568754,1.3150592654475002,6.610442954869205,0.8052214774346027,1.3134317677487122,0.4636476090008062,1.324649845295113,1.3163079613198247,0,0,0,0,NORMAL
14.68,6.63106644556,0.8155332227800001,1.31801476568,6.6238482238182215,0.811924111909111,1.3164107164040493,0.4636476090008062,1.3397986667672939,1.3315768697403576,0,0,0,0,NORMAL
14.7,6.64416323828125,0.8220816191406248,1.3209251640625,6.63705298321919,0.818526491609595,1.3193451073820421,0.4636476090008062,1.3547164887085668,1.3466175745601006,0,0,0,0,NORMAL
14.72,6.657052733439999,0.8285263667199994,1.3237894963199996,6.650052820862716,0.8250264104313578,1.3222339601917144,0.4636476090008061,1.3693983564445187,1.361425037777288,0,0,0,0,NORMAL
14.74,6.66973073354875,0.8348653667743752,1.3266068296775,6.662843464108638,0.8314217320543191,1.3250763253574749,0.4636476090008062,1.3838394771498765,1.375994380758879,0,0,0,0,NORMAL
14.76,6.682193186920001,0.8410965934600005,1.3293762637600002,6.6754207839360244,0.837710391968012,1.3278712853191164,0.4636476090008062,1.3980352244549104,1.390320888846825,0,0,0,0,NORMAL
14.78,6.6944361917162505,0.8472180958581251,1.3320969314925,6.687780798993171,0.8438903994965856,1.3306179553318156,0.4636476090008062,1.4119811430521212,1.404400015964617,0,0,0,0,NORMAL
14.8,6.706455999999999,0.8532279999999997,1.3347679999999997,6.69991967964761,0.8499598398238047,1.3333154843661355,0.4636476090008061,1.425672953303172,1.418227389224091,0,0,0,0,NORMAL
14.82,6.718249021783751,0.8591245108918754,1.3373886715075,6.711833752036101,0.8559168760180507,1.3359630560080225,0.4636476090008062,1.4391065558460565,1.4317988135324726,0,0,0,0,NORMAL
14.84,6.729811829079999,0.8649059145399995,1.3399581842399997,6.723519502114635,0.8617597510573174,1.3385598893588075,0.4636476090008062,1.452278036202483,1.445110276199653,0,0,0,0,NORMAL
14.86,6.741141159951249,0.8705705799756249,1.3424758133224999,6.734973579708434,0.8674867898542172,1.3411052399352075,0.4636476090008061,1.4651836693855183,1.4581579515457053,0,0,0,0,NORMAL
14.88,6.75223392256,0.8761169612800004,1.34494087168,6.746192802561953,0.8730964012809762,1.3435984005693227,0.4636476090008062,1.4778199245073824,1.4709382055085913,0,0,0,0,NORMAL
14.9,6.76308719921875,0.8815435996093749,1.3473527109374999,6.757174160388871,0.8785870801944353,1.346038702308638,0.4636476090008062,1.4901834693874716,1.4834476002520764,0,0,0,0,NORMAL
14.92,6.773698250440001,0.8868491252200001,1.34971072232,6.767914818922105,0.8839574094610525,1.3484255153160234,0.4636476090008061,1.5022711751605629,1.4956828987738406,0,0,0,0,NORMAL
14.94,6.78406451898625,0.8920322594931251,1.3520143375525,6.7784121239637996,0.8892060619818998,1.3507582497697332,0.4636476090008062,1.514080120885163,1.507641069513753,0,0,0,0,NORMAL
14.96,6.7941836339199995,0.89709181696,1.3542630297599998,6.788663605435329,0.8943318027176649,1.3530363567634065,0.46364760900080615,1.5256075981520438,1.5193192909623088,0,0,0,0,NORMAL
14.98,6.804053414653751,0.9020267073268755,1.3564563143675001,6.798666981427304,0.8993334907136519,1.3552593292060673,0.46364760900080615,1.5368511156929099,1.5307149562692364,0,0,0,0,NORMAL
15.0,6.813671875,0.9068359375,1.3585937499999998,6.808420162249556,0.9042100811247782,1.3574267027221234,0.46364760900080615,1.5478084039891873,1.5418256778522164,0,0,0,0,NORMAL
15.02,6.82303722722125,0.911518613610625,1.3606749393825,6.817921254481157,0.9089606272405786,1.3595380565513682,0.46364760900080615,1.5584774198809672,1.5526492920057589,0,0,0,0,NORMAL
15.04,6.832147886080001,0.9160739430400007,1.3626995302400002,6.827168565020406,0.913584282510203,1.361593014448979,0.46364760900080615,1.5688563511760263,1.563183863510171,0,0,0,0,NORMAL
15.06,6.84100247288875,0.9205012364443749,1.3646672161974998,6.83616060513483,0.9180803025674147,1.3635912455855175,0.46364760900080615,1.5789436212589574,1.573427690240642,0,0,0,0,NORMAL
15.08,6.84959981956,0.9247999097799999,1.36657773768,6.84489609451119,0.9224480472555951,1.365532465446931,0.46364760900080615,1.5887378937004004,1.5833793077764229,0,0,0,0,NORMAL
15.1,6.8579389726562505,0.9289694863281253,1.3684308828125,6.8533739653054795,0.9266869826527397,1.3674164367345507,0.46364760900080615,1.598238076866323,1.5930374940100784,0,0,0,0,NORMAL
15.12,6.866019197439998,0.9330095987199991,1.3702264883199995,6.861593366192916,0.9307966830964582,1.3692429702650923,0.46364760900080615,1.6074433285273773,1.6024012737568079,0,0,0,0,NORMAL
15.14,6.87383998192375,0.9369199909618746,1.3719644404274998,6.869553666417957,0.9347768332089789,1.3710119258706572,0.46364760900080615,1.6163530604683198,1.6114699233638419,0,0,0,0,NORMAL
15.16,6.88140104092,0.9407005204600003,1.37364467576,6.877254459844285,0.9386272299221428,1.3727232132987301,0.46364760900080615,1.6249669430974407,1.6202429753198544,0,0,0,0,NORMAL
15.18,6.888702320091251,0.9443511600456252,1.3752671822425,6.884695569004813,0.9423477845024064,1.3743767931121806,0.4636476090008062,1.6332849100560516,1.6287202228644335,0,0,0,0,NORMAL
15.2,6.8957440000000005,0.9478720000000004,1.376832,6.8918770491516845,0.9459385245758425,1.3759726775892633,0.4636476090008062,1.6413071628279785,1.6369017245975699,0,0,0,0,NORMAL
15.22,6.902526500158752,0.9512632500793756,1.3783392222575002,6.898799192306278,0.949399596153139,1.3775109316236172,0.4636476090008062,1.649034175349064,1.644787809089158,0,0,0,0,NORMAL
15.24,6.909050483079999,0.9545252415399994,1.3797889962399996,6.905462531309196,0.9527312656545982,1.3789916736242658,0.4636476090008062,1.656466698616657,1.6523790794884903,0,0,0,0,NORMAL
15.26,6.915316858326249,0.9576584291631246,1.3811815240724998,6.911867843870279,0.9559339219351404,1.3804150764156178,0.4636476090008062,1.663605765299116,1.6596764181337655,0,0,0,0,NORMAL
15.28,6.921326786559998,0.9606633932799991,1.3825170636799995,6.918016156618597,0.9590080783092985,1.381781368137466,0.4636476090008062,1.6704526943452436,1.6666809911615483,0,0,0,0,NORMAL
15.3,6.92708168359375,0.9635408417968752,1.3837959296875,6.923908749152447,0.9619543745762232,1.383090833144988,0.4636476090008062,1.6770090955937333,1.673394253116224,0,0,0,0,NORMAL
15.32,6.932583224440001,0.9662916122200005,1.3850184943200001,6.929547158089357,0.9647735790446784,1.384343812908746,0.4636476090008062,1.6832768743825346,1.6798179515593992,0,0,0,0,NORMAL
15.34,6.9378333473612495,0.9689166736806247,1.3861851883024998,6.9349331811160875,0.9674665905580435,1.385540706914686,0.4636476090008061,1.6892582361581923,1.6859541316792686,0,0,0,0,NORMAL
15.36,6.942834257919999,0.9714171289599993,1.3872965017599996,6.940068881038629,0.9700344405193148,1.3866819735641398,0.46364760900080615,1.6949556910851178,1.6918051408999148,0,0,0,0,NORMAL
15.38,6.94758843302875,0.9737942165143754,1.3883529851175,6.944956589832207,0.9724782949161042,1.387768131073824,0.46364760900080615,1.7003720586547844,1.6973736334905536,0,0,0,0,NORMAL
15.4,6.952098625000001,0.9760493125000005,1.3893552500000002,6.949598912691274,0.9747994563456367,1.3887997583758385,0.46364760900080615,1.7055104722948409,1.7026625751746844,0,0,0,0,NORMAL
15.42,6.95636786559625,0.9781839327981249,1.3903039701325,6.9539987320795085,0.976999366039754,1.3897774960176685,0.46364760900080615,1.7103743839781624,1.7076752477391857,0,0,0,0,NORMAL
15.44,6.9603994700800005,0.9801997350400002,1.39119988224,6.958159211779828,0.979079605889914,1.390702047062184,0.46364760900080615,1.7149675688318013,1.712415253643318,0,0,0,0,NORMAL
15.46,6.96419704126375,0.9820985206318751,1.3920437869475,6.962083800944377,0.9810419004721888,1.3915741779876394,0.46364760900080615,1.719294129745831,1.7168865206276265,0,0,0,0,NORMAL
15.48,6.967764473560001,0.9838822367800003,1.3928365496800001,6.965776238144533,0.9828881190722663,1.3923947195876738,0.4636476090008062,1.723358501982113,1.7210933063227523,0,0,0,0,NORMAL
15.5,6.97110595703125,0.985552978515625,1.3935791015624999,6.9692405554209,0.9846202777104494,1.3931645678713107,0.4636476090008062,1.727165457782943,1.7250402028581413,0,0,0,0,NORMAL
15.52,6.974225981439998,0.9871129907199991,1.3942724403199995,6.972481082333314,0.9862405411666566,1.3938846849629585,0.4636476090008062,1.730720110979607,1.728732141470661,0,0,0,0,NORMAL
15.54,6.977129340298749,0.9885646701493742,1.3949176311774996,6.975502450010847,0.987751225005423,1.3945561000024103,0.4636476090008061,1.7340279216008327,1.7321743971131003,0,0,0,0,NORMAL
15.56,6.979821134920002,0.9899105674600008,1.3955158077600003,6.978309595201797,0.9891547976008985,1.3951799100448437,0.4636476090008062,1.7370947004811228,1.7353725930625674,0,0,0,0,NORMAL
15.58,6.98230677846625,0.9911533892331249,1.3960681729925,6.980907764323692,0.9904538821618456,1.3957572809608203,0.46364760900080615,1.7399266138689944,1.7383327055287912,0,0,0,0,NORMAL
15.6,6.984592000000003,0.9922960000000015,1.3965760000000005,6.983302517513294,0.991651258756647,1.3962894483362873,0.46364760900080615,1.742530188035154,1.7410610682623266,0,0,0,0,NORMAL
15.62,6.986682848533752,0.993341424266876,1.3970406330075003,6.985499732676592,0.9927498663382959,1.3967777183725758,0.46364760900080615,1.7449123138805156,1.7435643771626559,0,0,0,0,NORMAL
15.64,6.9885856970799995,0.99429284854,1.3974634882399999,6.9875056095388075,0.9937528047694035,1.3972234687864014,0.4636476090008061,1.747080251544212,1.745849694886214,0,0,0,0,NORMAL
15.66,6.990307246701251,0.9951536233506257,1.3978460548225002,6.989326673694396,0.994663336847198,1.3976281497098655,0.4636476090008062,1.7490416350114932,1.7479244554543452,0,0,0,0,NORMAL
15.68,6.9918545305599995,0.9959272652799996,1.3981898956799999,6.9909697806570374,0.9954848903285192,1.3979932845904528,0.4636476090008062,1.7508044767215631,1.749796468861169,0,0,0,0,NORMAL
15.7,6.99323491796875,0.9966174589843751,1.3984966484374999,6.992442119909651,0.9962210599548256,1.3983204710910333,0.4636476090008061,1.752377172175421,1.7514739256814416,0,0,0,0,NORMAL
15.72,6.994456118439999,0.9972280592199996,1.3987680263199997,6.993751218954378,0.9968756094771887,1.3986113819898616,0.46364760900080615,1.7537685045436349,1.7529654016783427,0,0,0,0,NORMAL
15.74,6.995526185736252,0.9977630928681261,1.3990058190525003,6.9949049473625955,0.9974524736812981,1.3988677660805768,0.46364760900080615,1.7549876492741632,1.7542798624112912,0,0,0,0,NORMAL
15.76,6.996453521920002,0.998226760960001,1.3992118937600004,6.99591152082491,0.9979557604124549,1.3990914490722022,0.4636476090008062,1.756044178700162,1.7554266678437553,0,0,0,0,NORMAL
15.78,6.997246881403752,0.9986234407018759,1.3993881958675003,6.996779505201157,0.9983897526005785,1.399284334489146,0.4636476090008062,1.7569480666479085,1.7564155769511225,0,0,0,0,NORMAL
15.8,6.997915375000003,0.9989576875000017,1.3995367500000007,6.997517820570407,0.9987589102852035,1.3994484045712015,0.46364760900080615,1.7577096930447813,1.757256752328646,0,0,0,0,NORMAL
15.82,6.998468473971249,0.9992342369856245,1.3996596608824996,6.998135745280955,0.9990678726404771,1.3995857211735452,0.46364760900080615,1.758339848527387,1.7579607647994941,0,0,0,0,NORMAL
15.84,6.998916014080001,0.9994580070400002,1.39975911424,6.998642920000334,0.9993214600001672,1.399698426666741,0.4636476090008062,1.7588497390499027,1.7585385980229917,0,0,0,0,NORMAL
15.86,6.999268199638751,0.9996340998193751,1.3998373776975,6.999049351765305,0.9995246758826524,1.3997887448367343,0.46364760900080615,1.759250990492581,1.7590016531030237,0,0,0,0,NORMAL
15.88,6.9995356075599995,0.9997678037799999,1.3998968016799997,6.999365418031857,0.9996827090159283,1.3998589817848568,0.4636476090008062,1.7595556532706134,1.7593617531967243,0,0,0,0,NORMAL
15.9,6.9997291914062485,0.9998645957031244,1.3999398203124995,6.999601870725211,0.9998009353626056,1.3999115268278246,0.4636476090008062,1.759776206943299,1.759631148123475,0,0,0,0,NORMAL
15.92,6.999860285439999,0.9999301427199994,1.3999689523199996,6.999769840289823,0.9998849201449116,1.3999488533977384,0.4636476090008062,1.759925564823634,1.7598225189742784,0,0,0,0,NORMAL
15.94,6.999940608673747,0.9999703043368731,1.399986801927499,6.999880839739373,0.9999404198696865,1.3999735199420829,0.46364760900080615,1.7600170785883797,1.7599489827215669,0,0,0,0,NORMAL
15.96,6.99998226892,0.9999911344600003,1.39999605976,6.9999467687067805,0.9999733843533904,1.399988170823729,0.4636476090008062,1.7600645428887138,1.7600240968295502,0,0,0,0,NORMAL
15.98,6.999997766841254,0.999998883420627,1.3999995037425008,6.999979917494189,0.9999899587470943,1.3999955372209307,0.4636476090008062,1.760082199961476,1.7600618638651349,0,0,0,0,NORMAL
16.0,7.0,1.0,1.4,6.999992971122966,0.999996485561483,1.3999984380273256,0.4636476090008062,1.760084744241189,1.7600767361095437,0,0,0,0,NORMAL
