time,x,y,z,x_ref,y_ref,z_ref,roll,pitch,yaw,u1,u2,u3,u4,plant_gust_force_x_N,plant_gust_force_y_N,plant_gust_force_z_N,plant_mass_kg,controller_nominal_mass_kg,fault_effectiveness_1,fault_effectiveness_2,fault_effectiveness_3,fault_effectiveness_4
0.0,0.0,0.0,0.0,0.0,0.0,0.0,-0.0,-0.0,-0.0,64.7923778389665,-64.7923778389665,64.7923778389665,-64.7923778389665,0.25,0.0,0.0,1.0,1.0,1.0,1.0,1.0,1.0
0.01,1.2498981643826158e-05,-7.168040463225776e-11,-2.6530253467647676e-17,0.0,0.0,0.02,5.768122049662561e-07,4.4702945884871197e-07,-1.2892602392170584e-13,64.7923778389665,-64.7923778389665,64.7923778389665,-64.7923778389665,0.25,0.0,0.0,1.0,1.0,1.0,1.0,1.0,1.0
0.02,4.999651184366299e-05,-8.046448725056673e-10,-6.125214629025494e-16,0.0,0.0,0.04,2.307257305634827e-06,1.7881244118631691e-06,-2.062831556329103e-12,79.17064476875026,-79.17039483185224,79.16519685008694,-79.16544678698722,0.25,0.0,0.0,1.0,1.0,1.0,1.0,1.0,1.0
0.03,0.00011249968653741411,-4.076789395043988e-09,4.971645297833103e-05,0.0,0.0,0.06,5.2472616801453e-06,4.010091790578017e-06,-1.0646930128440342e-11,84.94080729851603,-84.93993140425607,84.93775753108213,-84.93863342537811,0.25,0.0,0.0,1.0,1.0,1.0,1.0,1.0,1.0
0.04,0.000200011273349904,-1.419306040389869e-08,0.00036552806486579817,0.0,0.0,0.08,9.632019435880614e-06,7.108236599501893e-06,-3.540789816299271e-11,87.49638101256352,-87.49464910560278,87.51984562361147,-87.5215775307582,0.25,0.0,0.0,1.0,1.0,1.0,1.0,1.0,1.0
0.05,0.00031253401903251076,-3.890070583497098e-08,0.001175657331656901,0.0,0.0,0.1,1.5678477152494536e-05,1.1625190823167136e-05,-9.118528746052554e-11,88.69961497390413,-88.69677175224692,88.76664750977862,-88.76949073205438,0.25,0.0,0.0,1.0,1.0,1.0,1.0,1.0,1.0
0.06,0.0004500744228929615,-8.975142580933551e-08,0.0026468132278936476,0.0,0.0,0.12,2.3495623398357588e-05,1.9767518909535718e-05,-1.9626407607263696e-10,89.24540283272536,-89.24117893162136,89.36418243673009,-89.36840633942698,0.25,0.0,0.0,1.0,1.0,1.0,1.0,1.0,1.0
0.07,0.000612651270613354,-1.8205960186991876e-07,0.004885279826775682,0.0,0.0,0.14,3.308554681555399e-05,3.5744790461334695e-05,-3.7385663013739353e-10,89.41986152445388,-89.41402158644414,89.59348475849808,-89.59932469993636,0.25,0.0,0.0,1.0,1.0,1.0,1.0,1.0,1.0
0.08,0.0008002933995306243,-3.3458600272153245e-07,0.007953010715906735,0.0,0.0,0.16,4.4362868583024854e-05,6.532852993143997e-05,-6.608138911630318e-10,89.41444112715043,-89.40679463175354,89.6360438965018,-89.64369039842957,0.25,0.0,0.0,1.0,1.0,1.0,1.0,1.0,1.0
0.09,0.0010130557844516294,-5.691465204213897e-07,0.011883192486461896,0.0,0.0,0.18,5.7175559148199415e-05,0.00011516105132824611,-1.120789415149696e-09,89.22299191574676,-89.21343734309038,89.49621861285084,-89.50577319705096,0.25,0.0,0.0,1.0,1.0,1.0,1.0,1.0,1.0
0.1,0.00125103619748928,-9.101807974640392e-07,0.016691049215441688,0.0,0.0,0.2,7.132435118765057e-05,0.00019198866184226822,-1.8559068082544964e-09,88.94730974075064,-88.9357938221951,89.26563076763226,-89.27714670576682,0.25,0.0,0.0,1.0,1.0,1.0,1.0,1.0,1.0
0.11,0.001514379287572544,-1.3841865843350478e-06,0.022380185251314685,0.0,0.0,0.22000000000000003,8.660024215652085e-05,0.0003020020849823295,-3.053490524394052e-09,88.61474147896918,-88.60126990561469,88.97153641046755,-88.98500801624279,0.25,0.0,0.0,1.0,1.0,1.0,1.0,1.0,1.0
0.12,0.0018032896537713437,-2.0193553277808313e-06,0.02894812356643143,0.0,0.0,0.24,0.00010283668182740191,0.0004494925405810167,-5.090300456179426e-09,88.24268844374618,-88.22730924793947,88.6312140196072,-88.64659326875517,0.25,0.0,0.0,1.0,1.0,1.0,1.0,1.0,1.0
0.13,0.002118039291101307,-2.8452118694096747e-06,0.03638876782736821,0.0,0.0,0.26,0.00011984578951453665,0.0006386840587131169,-8.365452353909577e-09,87.84143498166438,-87.82420932126443,88.2553827177924,-88.27260846711455,0.25,0.0,0.0,1.0,1.0,1.0,1.0,1.0,1.0
0.14,0.0024589735694747483,-3.892165731445558e-06,0.044693166893817644,0.0,0.0,0.28,0.0001374158996169469,0.0008737886576280186,-1.3243733679905547e-08,87.41733892360298,-87.39835480014106,87.85042451650548,-87.86940878610307,0.25,0.0,0.0,1.0,1.0,1.0,1.0,1.0,1.0
0.15,0.002826516626429619,-5.191029849585551e-06,0.053850029871977505,0.0,0.0,0.3,0.00015532263441701765,0.0011587127368656138,-2.0025041849696034e-08,86.97483919201287,-86.95421824507503,87.42066190343493,-87.44128308172685,0.25,0.0,0.0,1.0,1.0,1.0,1.0,1.0,1.0
0.16,0.003221175749657542,-6.772540200558656e-06,0.06384616764190822,0.0,0.0,0.32,0.00017333756555665305,0.0014968654956256694,-2.890693564204574e-08,86.51729423792081,-86.49519020627856,86.9694252198292,-86.99152960128787,0.25,0.0,0.0,1.0,1.0,1.0,1.0,1.0,1.0
0.17,0.0036435444564776724,-8.666892163171464e-06,0.07466685467559378,0.0,0.0,0.34,0.00019123544693070625,0.0018910302153075122,-3.9945722023073644e-08,86.04735151996711,-86.02394596076152,86.49947371534171,-86.52287977952108,0.25,0.0,0.0,1.0,1.0,1.0,1.0,1.0,1.0
0.18,0.004094312577517403,-1.090341790719209e-05,0.08629634440616667,0.0,0.0,0.36,0.00020880024202532928,0.002343297686925786,-5.301874564801203e-08,85.5793413697364,-85.5548009841973,86.01841045647151,-86.04295153982036,0.25,0.0,0.0,1.0,1.0,1.0,1.0,1.0,1.0
0.19,0.004574241392376552,-1.3509875984983702e-05,0.0987174468092825,0.0,0.0,0.38,0.0002258304518410367,0.002854915658393914,-6.780498408592699e-08,85.09406208555534,-85.0686294955483,85.51900521694621,-85.54443873313497,0.25,0.0,0.0,1.0,1.0,1.0,1.0,1.0,1.0
0.2,0.005084186848405459,-1.651242507989325e-05,0.11191246561675537,0.0,0.0,0.4,0.00024214245037430836,0.003426181933929196,-8.376978927970929e-08,84.59884941939016,-84.57276374544867,85.00578097878557,-85.03186783720882,0.25,0.0,0.0,1.0,1.0,1.0,1.0,1.0,1.0
0.21,0.005625088021513817,-1.9935219729124413e-05,0.12586304947916704,0.0,0.0,0.42000000000000004,0.00025757477225785364,0.004056598469571084,-1.0014891074108144e-07,84.09667389058995,-84.07017587984372,84.4813753944309,-84.50787486854726,0.25,0.0,0.0,1.0,1.0,1.0,1.0,1.0,1.0
0.22,0.006197962261558185,-2.38001649906882e-05,0.14055028529918134,0.0,0.0,0.44000000000000006,0.00027199120765863477,0.004744982736119496,-1.1595368689745896e-07,83.58910018238049,-83.56243036826639,83.94778659752723,-83.97445816113746,0.25,0.0,0.0,1.0,1.0,1.0,1.0,1.0,1.0
0.23,0.006803892524296746,-2.8126644042887792e-05,0.1559546673682677,0.0,0.0,0.4600000000000001,0.00028528296024121313,0.005489511821944372,-1.3000077827349255e-07,83.0704065781202,-83.04384442639393,83.40598215035322,-83.43254632766846,0.25,0.0,0.0,1.0,1.0,1.0,1.0,1.0,1.0
0.24,0.007444040445973467,-3.293167742495376e-05,0.17205660398058673,0.0,0.0,0.48,0.0002973693983611885,0.006287855855152949,-1.4094644623262121e-07,82.55300701462127,-82.52675378266548,82.8590614266067,-82.88531692953937,0.25,0.0,0.0,1.0,1.0,1.0,1.0,1.0,1.0
0.25,0.008119619156187538,-3.822958700683044e-05,0.18883605101980025,0.0,0.0,0.5,0.00030819991010669345,0.0071373287630191315,-1.4734633954800532e-07,82.03423719523268,-82.00850008303905,82.30793340601066,-82.33367298039047,0.25,0.0,0.0,1.0,1.0,1.0,1.0,1.0,1.0
0.26,0.008831892078068823,-4.403209488016999e-05,0.2062727618802262,0.0,0.0,0.52,0.0003177524992899553,0.008034841094810419,-1.4773383024709866e-07,81.51369562804736,-81.48867063203772,81.75367825186969,-81.77870582186492,0.25,0.0,0.0,1.0,1.0,1.0,1.0,1.0,1.0
0.27,0.009582164944340058,-5.034838168782431e-05,0.22434636532380736,0.0,0.0,0.54,0.0003260324029275362,0.008976915506985969,-1.407005211634099e-07,80.9915685990423,-80.96743350017536,81.197353310538,-81.22149099015957,0.25,0.0,0.0,1.0,1.0,1.0,1.0,1.0,1.0
0.28,0.01037177748757248,-5.718518703321915e-05,0.24303642070406647,0.0,0.0,0.56,0.00033307060703661063,0.009959768150815755,-1.249756961213852e-07,80.46817984040922,-80.44509087014012,80.63999272055744,-80.66308414871668,0.25,0.0,0.0,1.0,1.0,1.0,1.0,1.0,1.0
0.29,0.01120209501399274,-6.454694910445317e-05,0.2623224628563917,0.0,0.0,0.58,0.00033892199134773855,0.010979402490129754,-9.950505191976641e-08,79.94387248421378,-79.92196235022702,80.08259009680168,-80.10450241398243,0.25,0.0,0.0,1.0,1.0,1.0,1.0,1.0,1.0
0.3,0.012074500054382735,-7.243597841988556e-05,0.2821840408869166,0.0,0.0,0.6,0.0003436631014072287,0.012031702149525203,-6.35256218540913e-08,79.41898520209031,-79.39836184288073,79.52608627336876,-79.54671137082694,0.25,0.0,0.0,1.0,1.0,1.0,1.0,1.0,1.0
0.31,0.012990384261303119,-8.085265975070927e-05,0.30260075261526065,0.0,0.0,0.62,0.0003473896151914064,0.013112519464555094,-1.66332775893599e-08,78.8938544320374,-78.874600299962,78.97136045236762,-78.99061569416884,0.25,0.0,0.0,1.0,1.0,1.0,1.0,1.0,1.0
0.32,0.013951140698162515,-8.979567598593184e-05,0.3235522755587795,0.0,0.0,0.64,0.0003502135829367067,0.014217758397216302,4.116044570447827e-08,78.36882188067014,-78.3509936703148,78.41922209739097,-78.43705059831217,0.25,0.0,0.0,1.0,1.0,1.0,1.0,1.0,1.0
0.33,0.01495815664394175,-9.92622477222284e-05,0.34501839501040343,0.0,0.0,0.66,0.0003522605157045103,0.0153434506481818,1.0938482316910853e-07,77.84423928445166,-77.82786809576352,77.87040511936293,-77.88677558902137,0.25,0.0,0.0,1.0,1.0,1.0,1.0,1.0,1.0
0.34,0.016012807015699196,-0.00010924838255920581,0.36697902959422013,0.0,0.0,0.68,0.00035366639165812974,0.01648582371756322,1.8708161115041283e-07,77.3204686087515,-77.30556057485146,77.32556722499963,-77.34047334806183,0.25,0.0,0.0,1.0,1.0,1.0,1.0,1.0,1.0
0.35000000000000003,0.017116448487478248,-0.00011974912839327932,0.3894142545642413,0.0,0.0,0.7000000000000001,0.00035457464324230417,0.017641359809785713,2.727930599754547e-07,76.79788021485135,-76.78441759792395,76.78529404606675,-76.79875339487516,0.25,0.0,0.0,1.0,1.0,1.0,1.0,1.0,1.0
0.36,0.01827041484911685,-0.0001307588360596371,0.4123043358612151,0.0,0.0,0.72,0.00035513314283180415,0.018806845773044627,3.645674854246346e-07,76.27720365144918,-76.2651307627877,76.2486789399008,-76.2607470631544,0.25,0.0,0.0,1.0,1.0,1.0,1.0,1.0,1.0
0.37,0.019476011033998993,-0.00014227137064097494,0.4356297061641835,0.0,0.0,0.74,0.00035549135920489797,0.019979396984878196,4.5997874346674434e-07,75.75797069217542,-75.7472395423689,75.71851729752092,-75.72924207871685,0.25,0.0,0.0,1.0,1.0,1.0,1.0,1.0,1.0
0.38,0.02073451120078137,-0.0001542803820483398,0.459371025335636,0.0,0.0,0.76,0.0003557971926509213,0.02115645999021237,5.561697577463699e-07,75.24103826890575,-75.23157207438538,75.19452743497645,-75.2039855941519,0.25,0.0,0.0,1.0,1.0,1.0,1.0,1.0,1.0
0.39,0.02204715532219356,-0.00016677951401890595,0.4835091814302139,0.0,0.0,0.78,0.0003561948739072726,0.022335872817407308,6.498985357917053e-07,74.72687218642432,-74.71857608166619,74.67690126772813,-74.68518765678547,0.25,0.0,0.0,1.0,1.0,1.0,1.0,1.0,1.0
0.4,0.023415147159787306,-0.0001797626089185325,0.5080253070605735,0.0,0.0,0.8,0.00035682278040473754,0.023515891665685136,7.375979037212762e-07,74.21587279648823,-74.20863815366981,74.16592138832408,-74.17314467809854,0.25,0.0,0.0,1.0,1.0,1.0,1.0,1.0,1.0
0.41000000000000003,0.02483965297784545,-0.0001932238929840059,0.5329007930737862,0.0,0.0,0.8200000000000001,0.0003578113521470363,0.02469519230184373,8.154459460081347e-07,73.70844268105012,-73.7021498432718,73.66185010827364,-73.66813006099227,0.25,0.0,0.0,1.0,1.0,1.0,1.0,1.0,1.0
0.42,0.02632180096419079,-0.00020715814051812143,0.5581173004891877,0.0,0.0,0.8400000000000001,0.0003592812756256751,0.0258728632862607,8.794432864659951e-07,73.20499445748015,-73.19951519647248,73.16490870789103,-73.17037372391559,0.25,0.0,0.0,1.0,1.0,1.0,1.0,1.0,1.0
0.43,0.02786268130701051,-0.00022156081592326443,0.5836567710975233,0.0,0.0,0.86,0.00036134196548611846,0.027048393808754758,9.254943006733049e-07,72.70594732013522,-72.70114726044011,72.67527785349382,-72.68006255023958,0.25,0.0,0.0,1.0,1.0,1.0,1.0,1.0,1.0
0.44,0.02946334686877084,-0.00023642819294548704,0.6095014369026661,0.0,0.0,0.8800000000000001,0.00036409034401646735,0.02822165637281401,9.494897331545463e-07,72.21172266362949,-72.20746367285189,72.19310208281843,-72.19734490618389,0.25,0.0,0.0,1.0,1.0,1.0,1.0,1.0,1.0
0.45,0.031124814393848,-0.000251757450985907,0.6356338285122616,0.0,0.0,0.9,0.0003676099124461373,0.029392884547065047,9.473884232224198e-07,71.72274034356799,-71.7188828474468,71.71849462197349,-71.72233553150757,0.25,0.0,0.0,1.0,1.0,1.0,1.0,1.0,1.0
0.46,0.03284806618380587,-0.00026754674877855984,0.6620367825559795,0.0,0.0,0.9200000000000002,0.0003719701052251653,0.030562646276565915,9.152960794898744e-07,71.23941550265204,-71.235820685378,71.25154190778491,-71.25512017517953,0.25,0.0,0.0,1.0,1.0,1.0,1.0,1.0,1.0
0.47000000000000003,0.034634052172991744,-0.0002837952761225797,0.6886934481982516,0.0,0.0,0.9400000000000001,0.00037722591551575806,0.0317318134289146,8.495393170923297e-07,70.76215576828615,-70.75868762629553,70.79230778713172,-70.7957599398624,0.25,0.0,0.0,1.0,1.0,1.0,1.0,1.0,1.0
0.48,0.036483692337196866,-0.00030050328468888204,0.7155872928061112,0.0,0.0,0.96,0.00038341777704247295,0.03290152833162634,7.467334758390532e-07,70.2913587155614,-70.28788594024265,70.34083742315254,-70.34429535791284,0.25,0.0,0.0,1.0,1.0,1.0,1.0,1.0,1.0
0.49,0.038397879369411275,-0.0003176720991971723,0.742702106828578,0.0,0.0,0.9800000000000001,0.0003905716845669539,0.03407316807473675,6.038430546786222e-07,69.82740954793348,-69.82380721887048,69.89716091920943,-69.9007502036239,0.25,0.0,0.0,1.0,1.0,1.0,1.0,1.0,1.0
0.5,0.04037749386849721,-0.00033530419783967593,0.7700220433366481,0.0,0.0,1.0,0.00039869971035612253,0.03524830817756725,4.1822757114859e-07,69.37923135831345,-69.37513424162424,69.44182226157818,-69.44590882976426,0.25,0.0,0.0,1.0,1.0,1.0,1.0,1.0,1.0
0.51,0.04242337031241583,-0.00035340292418402716,0.7975314992576477,0.0,0.0,1.02,0.00040779842444846684,0.03642850738729954,1.877579743774021e-07,68.93217269563002,-68.92764649079399,69.00728816157158,-69.01180706041175,0.25,0.0,0.0,1.0,1.0,1.0,1.0,1.0,1.0
0.52,0.044536335211475965,-0.00037197269397600745,0.8252152063615334,0.0,0.0,1.04,0.00041784606579529335,0.03761481818106342,-8.90140696500289e-08,68.49146254182686,-68.48645976586776,68.58464417510945,-68.58964367113418,0.25,0.0,0.0,1.0,1.0,1.0,1.0,1.0,1.0
0.53,0.04671719837297283,-0.00039101886206659744,0.853058222818973,0.0,0.0,1.06,0.00042880819042658794,0.03880829706275609,-4.1297197760300826e-07,68.05857522369246,-68.053025593184,68.17125017508964,-68.17680136058028,0.25,0.0,0.0,1.0,1.0,1.0,1.0,1.0,1.0
0.54,0.04896675578453651,-0.00041054765999197956,0.8810459535479457,0.0,0.0,1.08,0.0004406410528358852,0.04001023398681682,-7.845026220140948e-07,67.63400583840662,-67.62784248456674,67.76637428285731,-67.77254485088334,0.25,0.0,0.0,1.0,1.0,1.0,1.0,1.0,1.0
0.55,0.05128579214791356,-0.0004305661207700115,0.9091641545448946,0.0,0.0,1.1,0.00045329279937359157,0.04122213071780198,-1.2035017701010456e-06,67.21803873369113,-67.21120487035674,67.3697977655429,-67.37664533331308,0.25,0.0,0.0,1.0,1.0,1.0,1.0,1.0,1.0
0.56,0.053675083406877024,-0.00045108199711222524,0.9373989323308359,0.0,0.0,1.12,0.0004667043159391337,0.0424456344059608,-1.6693725695748382e-06,66.81091642718188,-66.80336693813932,66.98143744898806,-66.98900796194089,0.25,0.0,0.0,1.0,1.0,1.0,1.0,1.0,1.0
0.5700000000000001,0.056135374796991704,-0.00047210349953157965,0.9657367115399601,0.0,0.0,1.1400000000000001,0.00048080992182809775,0.04368246872842323,-2.181021713244988e-06,66.41264539070893,-66.40440398528044,66.60765465107721,-66.61592521868889,0.25,0.0,0.0,1.0,1.0,1.0,1.0,1.0,1.0
0.58,0.058667456863991344,-0.0004936397345659668,0.9941643379422237,0.0,0.0,1.16,0.0004955394033071925,0.04493443425382291,-2.7369161243927777e-06,66.02447658158401,-66.01547585021378,66.23746527669664,-66.24650410822254,0.25,0.0,0.0,1.0,1.0,1.0,1.0,1.0,1.0
0.59,0.06127209591130034,-0.0005157001062335422,1.022668984094154,0.0,0.0,1.18,0.0005108192274591568,0.046203448735532726,-3.335113201146842e-06,65.64558811743936,-65.63580925279511,65.87414668177823,-65.8839733574689,0.25,0.0,0.0,1.0,1.0,1.0,1.0,1.0,1.0
0.6,0.06395006011092907,-0.000538294393307729,1.0512381700687699,0.0,0.0,1.2,0.0005265727045039134,0.04749137659968517,-3.973254857798041e-06,65.27610082225314,-65.2655444407264,65.51860224732707,-65.52921688977408,0.25,0.0,0.0,1.0,1.0,1.0,1.0,1.0,1.0
0.61,0.06670212153481864,-0.0005614326589945669,1.079859751080518,0.0,0.0,1.22,0.0005427206595047663,0.04879994786882586,-4.648582432793402e-06,64.91626621773493,-64.90494448323325,65.17103765527278,-65.18242879835836,0.25,0.0,0.0,1.0,1.0,1.0,1.0,1.0,1.0
0.62,0.0695290583501548,-0.0005851251666515678,1.1085219136009035,0.0,0.0,1.24,0.0005591826080827558,0.050130741719294436,-5.357977293959278e-06,64.56629012899472,-64.55422489682556,64.83150156099076,-64.84364799900635,0.25,0.0,0.0,1.0,1.0,1.0,1.0,1.0,1.0
0.63,0.07243165691919348,-0.0006093822998165925,1.1372131738342253,0.0,0.0,1.26,0.0005758779276218666,0.05148517816948004,-6.098007554652342e-06,64.2263218029637,-64.21354390070229,64.50001867567266,-64.51289017616267,0.25,0.0,0.0,1.0,1.0,1.0,1.0,1.0,1.0
0.64,0.07541071372169761,-0.0006342144865639697,1.1659223765594784,0.0,0.0,1.28,0.000592726934281965,0.05286450902751,-6.864976905293916e-06,63.89646712167126,-63.88301568715042,64.17661815603768,-64.19017611633753,0.25,0.0,0.0,1.0,1.0,1.0,1.0,1.0,1.0
0.65,0.07846703707706923,-0.0006596321286861604,1.1946386937678979,0.0,0.0,1.3,0.0006096518627676081,0.054269808856511684,-7.654975006192214e-06,63.57679928159283,-63.56272099076467,63.86133764781876,-63.875535862573905,0.25,0.0,0.0,1.0,1.0,1.0,1.0,1.0,1.0
0.66,0.081601448662603,-0.0006856455362530639,1.2233516229739099,0.0,0.0,1.32,0.0006265777542348216,0.055701967403455795,-8.463929282013626e-06,63.26736506204841,-63.25271326203047,63.554222659775185,-63.56900818415613,0.25,0.0,0.0,1.0,1.0,1.0,1.0,1.0,1.0
0.67,0.0848147848315512,-0.000712264868028645,1.252050985209876,0.0,0.0,1.34,0.0006434332544035577,0.057161684309174676,-9.2876578316692e-06,62.968188412833136,-62.95302219531942,63.255325465214725,-63.270639538671915,0.25,0.0,0.0,1.0,1.0,1.0,1.0,1.0,1.0
0.68,0.08810789773818935,-0.0007395000781195011,1.2807269227475881,0.0,0.0,1.36,0.0006601513214448979,0.058649466409472585,-1.0121923041437384e-05,62.67927273888666,-62.6636559815213,62.964704147918596,-62.98048315089891,0.25,0.0,0.0,1.0,1.0,1.0,1.0,1.0,1.0
0.6900000000000001,0.09148165627926615,-0.0007673608691212642,1.3093698965918315,0.0,0.0,1.3800000000000001,0.0006766698425128855,0.06016562765943634,-1.0962485420721671e-05,62.400602615844036,-62.38460301137609,62.68242174509063,-62.69859816890939,0.25,0.0,0.0,1.0,1.0,1.0,1.0,1.0,1.0
0.7000000000000001,0.09493694686283635,-0.0007958566519254489,1.3379706837857033,0.0,0.0,1.4000000000000001,0.000692932158155659,0.06171029157760698,-1.180515715105949e-05,62.13214527455716,-62.115833362764555,62.40854539639488,-62.42504881127909,0.25,0.0,0.0,1.0,1.0,1.0,1.0,1.0,1.0
0.71,0.09847467401673539,-0.0008249965122544548,1.366520374560696,0.0,0.0,1.42,0.0007088874946578254,0.06328339604251063,-1.2645854829780005e-05,61.87385199716406,-61.857300211716236,62.143145453757924,-62.1599034628863,0.25,0.0,0.0,1.0,1.0,1.0,1.0,1.0,1.0
0.72,0.10209576084991337,-0.0008547891839066713,1.3950103693584874,0.0,0.0,1.44,0.0007244913053138453,0.06488470024313434,-1.3480650889250658e-05,61.625659479424364,-61.60894122004572,61.88629454092817,-61.903233710091676,0.25,0.0,0.0,1.0,1.0,1.0,1.0,1.0,1.0
0.73,0.10580114938055658,-0.0008852430286173333,1.4234323757464848,0.0,0.0,1.46,0.000739705522561485,0.06651379356961945,-1.4305823177440803e-05,61.38749117630082,-61.37067991526254,61.63806656946003,-61.655113323292426,0.25,0.0,0.0,1.0,1.0,1.0,1.0,1.0,1.0
0.74,0.1095918007453888,-0.0009163660223736951,1.4517784052451996,0.0,0.0,1.48,0.0007544987237528452,0.06817010622304746,-1.5117902193951473e-05,61.15925863201147,-61.14242706284176,61.3985357244727,-61.415617201328615,0.25,0.0,0.0,1.0,1.0,1.0,1.0,1.0,1.0
0.75,0.11346869530479889,-0.0009481657479650161,1.4800407700823517,0.0,0.0,1.5,0.0007688462140873815,0.0698529213204463,-1.591371548798895e-05,60.940862789450364,-60.92408202471269,61.16777543548928,-61.184820294079564,0.25,0.0,0.0,1.0,1.0,1.0,1.0,1.0,1.0
0.76,0.11743283265850021,-0.0009806493934984004,1.5082120798860827,0.0,0.0,1.52,0.0007827300308692436,0.07156138827163284,-1.669042874226971e-05,60.73219527167426,-60.715534095672,60.94585734708027,-60.96279651895645,0.25,0.0,0.0,1.0,1.0,1.0,1.0,1.0,1.0
0.77,0.12148523157575228,-0.0010138237564877065,1.5362852383407863,0.0,0.0,1.54,0.0007961388738438046,0.07329453720482962,-1.744558309543468e-05,60.53315298686496,-60.51667690716464,60.73283156530773,-60.749599209245694,0.25,0.0,0.0,1.0,1.0,1.0,1.0,1.0,1.0
0.78,0.12562692975669035,-0.0010476952524106867,1.5642534399399377,0.0,0.0,1.56,0.0008090679658197722,0.07505129402976016,-1.8177128240333722e-05,60.34378042628128,-60.32754806302455,60.52853088088446,-60.54506800013124,0.25,0.0,0.0,1.0,1.0,1.0,1.0,1.0,1.0
0.79,0.12985898391908526,-0.0010822699310976773,1.592110166151564,0.0,0.0,1.58,0.0008215188252928806,0.07683049349082213,-1.8883449257401936e-05,60.163828951423426,-60.14789705705318,60.3331815307439,-60.34943096042855,0.25,0.0,0.0,1.0,1.0,1.0,1.0,1.0,1.0
0.8,0.1341824694473721,-0.0011175534944715424,1.619849181891975,0.0,0.0,1.6,0.0008334989386840824,0.07863088709157483,-1.956338549436798e-05,59.99313031782891,-59.977551669889344,60.14689032689914,-60.16279884883846,0.25,0.0,0.0,1.0,1.0,1.0,1.0,1.0,1.0
0.81,0.13859848016218765,-0.0011535513195754872,1.647464532006472,0.0,0.0,1.6200000000000003,0.0008450214391030308,0.08045115844197079,-2.021624748977302e-05,59.83153451646462,-59.8163570602668,59.96972537666739,-59.98524458463598,0.25,0.0,0.0,1.0,1.0,1.0,1.0,1.0,1.0
0.8200000000000001,0.14310812806422657,-0.0011902684852170221,1.6749505378567755,0.0,0.0,1.6400000000000001,0.0008561047688642777,0.082289942224846,-2.0841830395003806e-05,59.678895787126905,-59.664162147207975,59.801736770643615,-59.81682356714579,0.25,0.0,0.0,1.0,1.0,1.0,1.0,1.0,1.0
0.8300000000000001,0.14771254308991294,-0.001227709801990831,1.7023017938853078,0.0,0.0,1.6600000000000001,0.0008667723048738117,0.08414584337960808,-2.144042213028069e-05,59.535067875409055,-59.520815048409254,59.64296370959632,-59.657580621454834,0.25,0.0,0.0,1.0,1.0,1.0,1.0,1.0,1.0
0.84,0.1524128728701284,-0.001265879845106753,1.7295131641605137,0.0,0.0,1.6800000000000002,0.0008770519470784685,0.08601745562381591,-2.201280577165646e-05,59.3999039769145,-59.38616311676466,59.4934355778184,-59.50755097959505,0.25,0.0,0.0,1.0,1.0,1.0,1.0,1.0,1.0
0.85,0.15721028250837363,-0.001304782989658544,1.7565797788949349,0.0,0.0,1.7,0.0008869756756098015,0.0879033791337708,-2.256025606249461e-05,59.27325736190801,-59.26005363935173,59.353171789783964,-59.366760052907324,0.25,0.0,0.0,1.0,1.0,1.0,1.0,1.0,1.0
0.86,0.16210595438917627,-0.0013444234479401465,1.7834970309394391,0.0,0.0,1.72,0.0008965790832194557,0.08980223734414407,-2.3084530091686466e-05,59.15498207327903,-59.142334603997426,59.22218137220739,-59.23522294543692,0.25,0.0,0.0,1.0,1.0,1.0,1.0,1.0,1.0
0.87,0.16710108859473724,-0.0013848053126327034,1.8102605713137951,0.0,0.0,1.7399999999999998,0.0009059008884836345,0.09171269287682285,-2.3587852091063086e-05,59.04311453541437,-59.03107004572412,59.10284730307182,-59.115295055225936,0.25,0.0,0.0,1.0,1.0,1.0,1.0,1.0,1.0
0.88,0.1721969012122437,-0.0014259325853422764,1.8368663088625692,0.0,0.0,1.7600000000000002,0.0009149826208793582,0.09363348445600302,-2.4072908325259818e-05,58.940442932571585,-58.92898804090625,58.99134206069297,-59.00320900732819,0.25,0.0,0.0,1.0,1.0,1.0,1.0,1.0,1.0
0.89,0.17739462600150063,-0.001467809230881014,1.8633104053831433,0.0,0.0,1.78,0.0009238685983400149,0.09556350052769247,-2.4542863556873402e-05,58.84602749332311,-58.835157345288366,58.88863639100401,-58.899927067430944,0.25,0.0,0.0,1.0,1.0,1.0,1.0,1.0,1.0
0.9,0.1826955138774761,-0.0015104392147723478,1.8895892716045395,0.0,0.0,1.8,0.0009326049185183453,0.09750173037702572,-2.5001293030804374e-05,58.75951535921173,-58.749223407792,58.79498006554845,-58.805700754984045,0.25,0.0,0.0,1.0,1.0,1.0,1.0,1.0,1.0
0.91,0.18810083301790717,-0.001553826545293853,1.9156995627970856,0.0,0.0,1.8199999999999998,0.0009412386850317186,0.0994472426644651,-2.5452124567617634e-05,58.68072221009182,-58.67099741914677,58.71040017642577,-58.72056171366748,0.25,0.0,0.0,1.0,1.0,1.0,1.0,1.0,1.0
0.92,0.19361186909188915,-0.0015979753159266752,1.941638175010439,0.0,0.0,1.8400000000000003,0.00094981747894183,0.10139919185135468,-2.589959490285224e-05,58.609508021933216,-58.60033435842026,58.63485539597306,-58.6444736813355,0.25,0.0,0.0,1.0,1.0,1.0,1.0,1.0,1.0
0.93,0.19922992556974825,-0.0016428897474752863,1.9674022414884518,0.0,0.0,1.86,0.0009583888925422758,0.10335682953282768,-2.6348206603461684e-05,58.545745125089155,-58.53710169133476,58.568278174089684,-58.577374046529734,0.25,0.0,0.0,1.0,1.0,1.0,1.0,1.0,1.0
0.9400000000000001,0.20495632410615208,-0.001688574229457032,1.992989129114573,0.0,0.0,1.8800000000000001,0.0009670000835514679,0.10531951502235501,-2.6802682404938982e-05,58.48931075720456,-58.48117211106694,58.51058579512559,-58.5191847167235,0.25,0.0,0.0,1.0,1.0,1.0,1.0,1.0,1.0
0.9500000000000001,0.21079241670813686,-0.001735033442522358,2.0183964156543572,0.0,0.0,1.9,0.0009756973601333493,0.10728672453182736,-2.726791674964385e-05,58.436191437559714,-58.42859038786854,58.46566877864633,-58.473738043012105,0.25,0.0,0.0,1.0,1.0,1.0,1.0,1.0,1.0
0.96,0.2167395513453132,-0.0017822721519837217,2.0436219436487932,0.0,0.0,1.92,0.0009845260610434252,0.10925809781455668,-2.7748959348014785e-05,58.39284633649975,-58.38570636446606,58.42667695645802,-58.43429327032104,0.25,0.0,0.0,1.0,1.0,1.0,1.0,1.0,1.0
0.97,0.22279910737171046,-0.0018302954913285143,2.0686637597983872,0.0,0.0,1.94,0.0009935310599674175,0.11123355156847096,-2.825105352246365e-05,58.3574083213065,-58.35067768635399,58.395273257588435,-58.40248863767858,0.25,0.0,0.0,1.0,1.0,1.0,1.0,1.0,1.0
0.98,0.22897248480489216,-0.0018791089172845298,2.093520129942481,0.0,0.0,1.9600000000000002,0.0010027553644403613,0.1132131547917641,-2.877948680608264e-05,58.32921228853444,-58.32284556023894,58.371920125650064,-58.378780370140404,0.25,0.0,0.0,1.0,1.0,1.0,1.0,1.0,1.0
0.99,0.23526110524068322,-0.00192871824500884,2.1181895351677076,0.0,0.0,1.98,0.0010122392239724223,0.1151970617014898,-2.933947883914359e-05,58.30796465010219,-58.30191714557097,58.3566785057776,-58.363228757677405,0.25,0.0,0.0,1.0,1.0,1.0,1.0,1.0,1.0
1.0,0.24166641283593981,-0.0019791296811662975,2.142670668095939,0.0,0.0,2.0,0.0010220197696270516,0.11718550503394817,-2.993611770380117e-05,58.29349054089412,-58.287716914147076,58.34947539764427,-58.35576155423179,0.25,0.0,0.0,1.0,1.0,1.0,1.0,1.0,1.0
1.01,0.2481898753365685,-0.002030349854556542,2.166962429215764,0.0,0.0,2.02,0.0010321308137604132,0.11917880361746326,-3.057431068649737e-05,58.28565506333567,-58.280109188569035,58.350187894121774,-58.35625672138239,0.25,0.0,0.0,1.0,1.0,1.0,1.0,1.0,1.0
1.02,0.2548329851486747,-0.00208238584414758,2.191063923192216,0.0,0.0,2.04,0.0010426027040196077,0.12117737099075174,-3.1258739579649846e-05,58.28433836709436,-58.278973626886426,58.35867008551908,-58.36456892678125,0.25,0.0,0.0,1.0,1.0,1.0,1.0,1.0,1.0
1.03,0.26159726045734405,-0.002135245204455565,2.2149744551366934,0.0,0.0,2.06,0.001053462205674138,0.12318172177072564,-3.1993818192854265e-05,58.28942739508128,-58.28419709467334,58.374762176519475,-58.380538534234645,0.25,0.0,0.0,1.0,1.0,1.0,1.0,1.0,1.0
1.04,0.26848424641225915,-0.0021889359883918926,2.2386935269495853,0.0,0.0,2.08,0.001064733155506776,0.12519247606118775,-3.27843300151556e-05,58.30081282620431,-58.295670643444794,58.398294022108544,-58.403995103225604,0.25,0.0,0.0,1.0,1.0,1.0,1.0,1.0,1.0
1.05,0.2754955183783721,-0.0022434667850084445,2.2622208494205025,0.0,0.0,2.1,0.001076437868209638,0.12721046218346013,-3.363671381139854e-05,58.31838810980558,-58.31328822774755,58.4290862391907,-58.43475882901649,0.25,0.0,0.0,1.0,1.0,1.0,1.0,1.0,1.0
1.06,0.28263268945714975,-0.002298846790332776,2.2855563856149548,0.0,0.0,2.12,0.0010885954325625408,0.1292368983770465,-3.45560878353083e-05,58.342059502205444,-58.33695626359586,58.46691770393882,-58.47260854056467,0.25,0.0,0.0,1.0,1.0,1.0,1.0,1.0,1.0
1.07,0.28989741114581596,-0.0023550858188510168,2.3087003537296003,0.0,0.0,2.14,0.0011012206622595209,0.13127308083647776,-3.554376161521109e-05,58.37718767104009,-58.37194653353743,58.505234030599404,-58.51107882661566,0.25,0.0,0.0,1.0,1.0,1.0,1.0,1.0,1.0
1.08,0.2972913778288253,-0.0024121943305726356,2.331653190905101,0.0,0.0,2.16,0.0011143200642515316,0.13332017267586072,-3.6600643286452456e-05,58.413782712750915,-58.40843310881534,58.55495972376527,-58.5609302398367,0.25,0.0,0.0,1.0,1.0,1.0,1.0,1.0,1.0
1.09,0.3048163191768882,-0.0024701833717632043,2.3544155285197803,0.0,0.0,2.18,0.0011278914953226624,0.13537902297646962,-3.772730174990583e-05,58.454930545173305,-58.44945264959717,58.61221374273978,-58.61833101306309,0.25,0.0,0.0,1.0,1.0,1.0,1.0,1.0,1.0
1.1,0.31247400205183956,-0.002529064578461768,2.3769881754303235,0.0,0.0,2.2,0.0011419288735444266,0.13745061408141518,-3.892408732131584e-05,58.50127160669498,-58.495636661240056,58.67583038955608,-58.68212439129668,0.25,0.0,0.0,1.0,1.0,1.0,1.0,1.0,1.0
1.11,0.3202662310755646,-0.0025888501684942504,2.399372107798905,0.0,0.0,2.22,0.001156423680466889,0.13953615962912672,-4.0191111310073485e-05,58.552846897324294,-58.54702734613619,58.74535730050515,-58.75185681456426,0.25,0.0,0.0,1.0,1.0,1.0,1.0,1.0,1.0
1.12,0.3281948495352019,-0.0026495529331972134,2.4215684605054526,0.0,0.0,2.24,0.0011713650318935101,0.14163704333854404,-4.152815311167752e-05,58.60957920466559,-58.603550843739484,58.820508150942416,-58.82723860831616,0.25,0.0,0.0,1.0,1.0,1.0,1.0,1.0,1.0
1.1300000000000001,0.3362617406091854,-0.0027111862290783713,2.443578520186922,0.0,0.0,2.2600000000000002,0.0011867397114899629,0.1437547626609864,-4.29346100885021e-05,58.67137042319479,-58.665112864398,58.90103918461304,-58.908022196571636,0.25,0.0,0.0,1.0,1.0,1.0,1.0,1.0,1.0
1.1400000000000001,0.3444688288151374,-0.0027737639688987323,2.4654037193938056,0.0,0.0,2.2800000000000002,0.001202532327234681,0.14589089242129577,-4.44094858865336e-05,58.73811822092782,-58.73161501235594,58.98672093930094,-58.99397417035891,0.25,0.0,0.0,1.0,1.0,1.0,1.0,1.0,1.0
1.1500000000000001,0.35281808159864103,-0.0028373006117863634,2.487045631418822,0.0,0.0,2.3000000000000003,0.001218725553822967,0.14804706138830448,-4.5951401785352867e-05,58.80971764182454,-58.802956304045956,59.07733104376205,-59.08486816855587,0.25,0.0,0.0,1.0,1.0,1.0,1.0,1.0,1.0
1.16,0.36131151100916503,-0.002901811152206636,2.508505965503538,0.0,0.0,2.32,0.0012353004218580914,0.1502249357059086,-4.7558621305506576e-05,58.88606054529701,-58.87903256585525,59.17265197624268,-59.18048267834888,0.25,0.0,0.0,1.0,1.0,1.0,1.0,1.0,1.0
1.17,0.3699511754288138,-0.002967311107770866,2.5297865622451834,0.0,0.0,2.34,0.0012522366310609265,0.15242620587645217,-4.922908301892496e-05,58.96703503410801,-58.9597358245765,59.27247025727419,-59.28060026590492,0.25,0.0,0.0,1.0,1.0,1.0,1.0,1.0,1.0
1.18,0.3787391813131186,-0.003033816505839036,2.550889389122105,0.0,0.0,2.36,0.0012695128751398367,0.1546525756934598,-5.0960439018299016e-05,59.05250989991048,-59.04493894976313,59.37659217078071,-59.385023101236676,0.25,0.0,0.0,1.0,1.0,1.0,1.0,1.0,1.0
1.19,0.3876776849700132,-0.003101343869337176,2.571816536028722,0.0,0.0,2.38,0.0012871071735040779,0.15690575269126883,-5.275009803102605e-05,59.14235302423657,-59.134513726309756,59.4848239246525,-59.493553447856456,0.25,0.0,0.0,1.0,1.0,1.0,1.0,1.0,1.0
1.2,0.39676889438207574,-0.0031699102020785403,2.592570210777659,0.0,0.0,2.4,0.0013049972107425161,0.15918744054782158,-5.459527324890457e-05,59.23646361219718,-59.22836255798636,59.59693823185993,-59.60596077480875,0.25,0.0,0.0,1.0,1.0,1.0,1.0,1.0,1.0
1.21,0.40601507095180717,-0.0032395329730267766,2.6131527346739847,0.0,0.0,2.42,0.0013231606695923391,0.16149933197865554,-5.649303275373427e-05,59.33471862815997,-59.32636569509913,59.71273070199507,-59.7220373570645,0.25,0.0,0.0,1.0,1.0,1.0,1.0,1.0,1.0
1.22,0.41541853126445916,-0.0033102301003966354,2.6335665380205606,0.0,0.0,2.44,0.0013415755396061478,0.16384310020449655,-5.8440349647040544e-05,59.436986023670386,-59.42839422631243,59.83200619822814,-59.841584869457456,0.25,0.0,0.0,1.0,1.0,1.0,1.0,1.0,1.0
1.23,0.42498164883317957,-0.0033820199356108483,2.6538141555963755,0.0,0.0,2.46,0.0013602204133872644,0.1662203909322761,-6.0434153492949136e-05,59.54312808614777,-59.534313348128904,59.95457560473641,-59.96441123420486,0.25,0.0,0.0,1.0,1.0,1.0,1.0,1.0,1.0
1.24,0.4347068558203307,-0.003454921247323592,2.673898222109636,0.0,0.0,2.48,0.0013790747725730874,0.1686328155207818,-6.247138333256929e-05,59.653002224726336,-59.6439831149776,60.08025529704956,-60.09033012790429,0.25,0.0,0.0,1.0,1.0,1.0,1.0,1.0,1.0
1.25,0.44459664472918026,-0.0035289532057172415,2.6938214676255936,0.0,0.0,2.5,0.0013981192600514298,0.17108194524472964,-6.454904164682541e-05,59.7664612641291,-59.75725870914406,60.20886715630954,-60.21916102066341,0.25,0.0,0.0,1.0,1.0,1.0,1.0,1.0,1.0
1.26,0.45465357006085694,-0.003604135367276142,2.7135867129697266,0.0,0.0,2.52,0.0014173359348521378,0.17356930653703295,-6.666424858831471e-05,59.88335368694233,-59.87399066427702,60.34023865723799,-60.35072928377792,0.25,0.0,0.0,1.0,1.0,1.0,1.0,1.0,1.0
1.27,0.4648802499321636,-0.003680487660236074,2.733196865107788,0.0,0.0,2.54,0.0014367085068233362,0.17609637714190862,-6.881429585948446e-05,60.00352391210219,-59.99402512901509,60.474202930178436,-60.48486626758096,0.25,0.0,0.0,1.0,1.0,1.0,1.0,1.0,1.0
1.28,0.47527936765041695,-0.0037580303709000592,2.7526549125048074,0.0,0.0,2.56,0.0014562225487534126,0.17866458314554115,-7.09966996596863e-05,60.126812627013194,-60.11720418793222,60.61059877423744,-60.621409326698576,0.25,0.0,0.0,1.0,1.0,1.0,1.0,1.0,1.0
1.29,0.4858536732404085,-0.003836784130989728,2.7719639204680373,0.0,0.0,2.58,0.0014758656840112658,0.18127529686426697,-7.320925215118446e-05,60.25297265972766,-60.243282973317726,60.74935449689298,-60.76028442098234,0.25,0.0,0.0,1.0,1.0,1.0,1.0,1.0,1.0
1.3,0.49660598492643565,-0.003916769906238717,2.7911270264680508,0.0,0.0,2.6,0.0014956277607475175,0.1839298372155387,-7.545007315290077e-05,60.38183806185273,-60.372096247102434,60.89031985637646,-60.901340559771384,0.25,0.0,0.0,1.0,1.0,1.0,1.0,1.0,1.0
1.31,0.5075391905634079,-0.003998008986356967,2.810147435449918,0.0,0.0,2.62,0.001515501033866288,0.1866294754769357,-7.771766582568e-05,60.513297735849704,-60.503532436682846,61.0332934239803,-61.044376756578124,0.25,0.0,0.0,1.0,1.0,1.0,1.0,1.0,1.0
1.32,0.5186562490195213,-0.004080522976533293,2.829028415133286,0.0,0.0,2.64,0.0015354802928643128,0.18937543845674357,-8.001096539260534e-05,60.64720199100004,-60.6374415805019,61.17811568264272,-61.1892337390311,0.25,0.0,0.0,1.0,1.0,1.0,1.0,1.0,1.0
1.33,0.5299601915149029,-0.004164333790634988,2.847773291301986,0.0,0.0,2.66,0.0015555629176399895,0.1921689067986154,-8.232937677688688e-05,60.7833905115919,-60.773662896556026,61.32464143430637,-61.33576675676417,0.25,0.0,0.0,1.0,1.0,1.0,1.0,1.0,1.0
1.34,0.5414541229133547,-0.0042494636461884875,2.866385443091097,0.0,0.0,2.68,0.001575748899248187,0.19501101325275982,-8.467280691754785e-05,60.9217006277874,-60.91203295043064,61.47273189872458,-61.48383778371201,0.25,0.0,0.0,1.0,1.0,1.0,1.0,1.0,1.0
1.35,0.5531412229645017,-0.004335935061201022,2.884868298275527,0.0,0.0,2.7,0.0015960408370901122,0.19790284236770667,-8.704169341557712e-05,61.06197048906743,-61.05238880516211,61.622251905661884,-61.63331273445795,0.25,0.0,0.0,1.0,1.0,1.0,1.0,1.0,1.0
1.36,0.565024750595089,-0.0044237708743987735,2.9032253266597814,0.0,0.0,2.72,0.0016164439125244236,0.20084543211181385,-8.943702833357776e-05,61.213576329942455,-61.20409129170502,61.76358480656831,-61.77459037165238,0.25,0.0,0.0,1.0,1.0,1.0,1.0,1.0,1.0
1.37,0.5771080369769358,-0.004512994189807735,2.9214600404465076,0.0,0.0,2.74,0.0016369656684731577,0.2038395833811397,-9.186035743146712e-05,61.392149562399425,-61.382791819113066,61.88075080152641,-61.89167091564137,0.25,0.0,0.0,1.0,1.0,1.0,1.0,1.0,1.0
1.3800000000000001,0.5893944929960595,-0.004603628425049982,2.939575984663571,0.0,0.0,2.7600000000000002,0.0016576155027633805,0.2068848283033291,-9.431375796483298e-05,61.605505196282245,-61.59629546028278,61.96565612562369,-61.9764705654626,0.25,0.0,0.0,1.0,1.0,1.0,1.0,1.0,1.0
1.3900000000000001,0.6018876065556805,-0.004695697298931517,2.95757673284009,0.0,0.0,2.7800000000000002,0.0016784047630179271,0.20997761566977433,-9.679995635801671e-05,61.85699706848706,-61.84795319443193,62.014675145483615,-62.025366581705406,0.25,0.0,0.0,1.0,1.0,1.0,1.0,1.0,1.0
1.4000000000000001,0.6145909398542767,-0.004789224840242719,2.9754658825050857,0.0,0.0,2.8000000000000003,0.001699346448545764,0.21310966198247094,-9.932230719811002e-05,62.1481439996358,-62.139281404070324,62.02603026948561,-62.03658385848906,0.25,0.0,0.0,1.0,1.0,1.0,1.0,1.0,1.0
1.41,0.6275081238397034,-0.004884235409201802,2.993247053063601,0.0,0.0,2.82,0.0017204548045540063,0.2162668101237058,-0.00010188467158749132,62.47933546042127,-62.47068036733232,61.99904926839495,-62.00943941773841,0.25,0.0,0.0,1.0,1.0,1.0,1.0,1.0,1.0
1.42,0.6406428462878284,-0.004980753714907877,3.0109238879248608,0.0,0.0,2.84,0.0017417450783595023,0.21942831844512867,-0.00010449126615589851,62.85067656500626,-62.84226546951529,61.933340941424184,-61.94353185498085,0.25,0.0,0.0,1.0,1.0,1.0,1.0,1.0,1.0
1.43,0.653998839219513,-0.005078804882680367,3.028500107145532,0.0,0.0,2.86,0.0017632331228171119,0.2225667393251954,-0.00010714583848925899,63.261476584812975,-63.253330911089336,61.829346490250565,-61.83931751650579,0.25,0.0,0.0,1.0,1.0,1.0,1.0,1.0,1.0
1.44,0.6675798941656974,-0.005178414776434967,3.045979636448284,0.0,0.0,2.88,0.001784934581143426,0.22564848415536667,-0.00010985021905171476,63.69428846083442,-63.68674165508856,61.70321547789942,-61.71263400876385,0.25,0.0,0.0,1.0,1.0,1.0,1.0,1.0,1.0
1.45,0.6813898130758257,-0.0052796098900783454,3.063366591314193,0.0,0.0,2.9,0.0018068692791205084,0.22863388705158408,-0.00011260623092752223,64.17834860165047,-64.17119046737028,61.52663325682187,-61.53571035890499,0.25,0.0,0.0,1.0,1.0,1.0,1.0,1.0,1.0
1.46,0.6954323747592092,-0.005382417389556247,3.0806652217709067,0.0,0.0,2.92,0.0018290669139432818,0.23147740978385165,-0.0001154162151498757,64.69876338053842,-64.69201537902023,61.31335178181909,-61.32206689576932,0.25,0.0,0.0,1.0,1.0,1.0,1.0,1.0,1.0
1.47,0.7097113016223439,-0.005486865228087373,3.0978799428090755,0.0,0.0,2.94,0.0018515582675272498,0.23412654888912832,-0.00011828309189332007,65.25905680956602,-65.25268110068303,61.05943772613798,-61.067829634922255,0.25,0.0,0.0,1.0,1.0,1.0,1.0,1.0,1.0
1.48,0.7242301816581882,-0.005592981999295739,3.115015336038074,0.0,0.0,2.96,0.0018743732441190324,0.23652161783268424,-0.00012120948363877729,65.85754018601682,-65.8515124828289,60.76579351495123,-60.773887499362196,0.25,0.0,0.0,1.0,1.0,1.0,1.0,1.0,1.0
1.49,0.7389924371721615,-0.005700797175498791,3.1320761482773243,0.0,0.0,2.98,0.0018975395063480888,0.23859552325852537,-0.0001241969331217807,66.48949864532173,-66.48385563434806,60.436321803174884,-60.44408221635786,0.25,0.0,0.0,1.0,1.0,1.0,1.0,1.0,1.0
1.5,0.7540012493744516,-0.005810341100375592,3.149067305274126,0.0,0.0,3.0,0.001921082098504773,0.240273726461314,-0.00012724514493958294,67.15231674795675,-67.14708376602546,60.073003937850366,-60.080406509591676,0.25,0.0,0.0,1.0,1.0,1.0,1.0,1.0,1.0
1.51,0.7692594828005808,-0.0059216450417245575,3.1659939197810862,0.0,0.0,3.02,0.0019450248538473791,0.2414744749219653,-0.00013035137038352516,67.84471382307343,-67.83984261681373,59.67667022006301,-59.68376426518755,0.25,0.0,0.0,1.0,1.0,1.0,1.0,1.0,1.0
1.52,0.7847696050944049,-0.006034741278673994,3.1828613085725213,0.0,0.0,3.04,0.001969390492637117,0.24210908546904436,-0.0001335099872234367,68.56278175946036,-68.55825499438099,59.25042615253797,-59.25723001897403,0.25,0.0,0.0,1.0,1.0,1.0,1.0,1.0,1.0
1.53,0.8005335970867401,-0.006149663187487714,3.1996750184679987,0.0,0.0,3.06,0.0019941986998538953,0.242082229027666,-0.0001367120341058705,69.3035486966323,-69.29935013765305,58.79645836210804,-58.80298920015842,0.25,0.0,0.0,1.0,1.0,1.0,1.0,1.0,1.0
1.54,0.8165528516091015,-0.006266445308746127,3.2164408510861526,0.0,0.0,3.08,0.0020194655179046595,0.24129233823224414,-0.00013994460888986586,70.0668508508756,-70.06281495698394,58.31464112554391,-58.321065234898285,0.25,0.0,0.0,1.0,1.0,1.0,1.0,1.0,1.0
1.55,0.832828076512995,-0.006385123521097329,3.2331648911224393,0.0,0.0,3.1,0.0020452019711359485,0.23963194743385988,-0.00014319037540921493,70.84454782908139,-70.84077105417907,57.81128881351264,-57.81751027355963,0.25,0.0,0.0,1.0,1.0,1.0,1.0,1.0,1.0
1.56,0.849359170739062,-0.006505735071988685,3.2498535374740336,0.0,0.0,3.12,0.0020714112165626914,0.2369881077850263,-0.0001464270055498937,71.63410582030444,-71.63059558383276,57.28816753349977,-57.294179155243796,0.25,0.0,0.0,1.0,1.0,1.0,1.0,1.0,1.0
1.57,0.8661450991170205,-0.006628318660471466,3.26651351442738,0.0,0.0,3.14,0.002098093111449428,0.2332430181801879,-0.0001496265012954293,72.43132523270931,-72.42807800296961,56.74844319062922,-56.75424834616603,0.25,0.0,0.0,1.0,1.0,1.0,1.0,1.0,1.0
1.58,0.8831837233404329,-0.006752914215033531,3.2831518853973027,0.0,0.0,3.16,0.0021252456192953975,0.22827485193139266,-0.00015275506796725782,73.23308733522475,-73.2299569257268,56.194308796737126,-56.20005302385812,0.25,0.0,0.0,1.0,1.0,1.0,1.0,1.0,1.0
1.59,0.9004717506422871,-0.006879563730950506,3.299776056516397,0.0,0.0,3.18,0.0021528639617494115,0.22195786174476728,-0.00015577317598133487,74.02825374566604,-74.02547380643736,55.634731880318554,-55.64018028993986,0.25,0.0,0.0,1.0,1.0,1.0,1.0,1.0,1.0
1.6,0.9180044940779167,-0.007008310598243437,3.3163937748831875,0.0,0.0,3.2,0.0021809392911527857,0.21416358029438823,-0.0001586354035691512,74.81184959343287,-74.80952618374282,55.07380571120295,-55.078850314458634,0.25,0.0,0.0,1.0,1.0,1.0,1.0,1.0,1.0
1.61,0.9357757261417261,-0.0071391997264678994,3.3330130872130708,0.0,0.0,3.22,0.0022094678882994077,0.20476181275051744,-0.00016128966790450935,75.57781419920519,-75.57601116211845,54.516467487474884,-54.52104171823318,0.25,0.0,0.0,1.0,1.0,1.0,1.0,1.0,1.0
1.62,0.9537775050175408,-0.007272277469104761,3.3496422922427413,0.0,0.0,3.2400000000000007,0.002238454751607418,0.1936217530807844,-0.00016367722536286326,76.3193554396489,-76.31811125066585,53.96835032525934,-53.97241207512052,0.25,0.0,0.0,1.0,1.0,1.0,1.0,1.0,1.0
1.6300000000000001,0.9719999989171705,-0.007407591543462026,3.3662898784790984,0.0,0.0,3.2600000000000002,0.0022679139784881346,0.18061308800055015,-0.00016573266721436138,77.02949847846142,-77.02881470270918,53.43538161459473,-53.438924659343016,0.25,0.0,0.0,1.0,1.0,1.0,1.0,1.0,1.0
1.6400000000000001,0.9904313071587114,-0.007545190916937697,3.3829644391306384,0.0,0.0,3.2800000000000002,0.0022978685065253397,0.16560714917044475,-0.00016738367173279385,77.69816581211052,-77.69804396325722,52.92660086050169,-52.929617884758585,0.25,0.0,0.0,1.0,1.0,1.0,1.0,1.0,1.0
1.6500000000000001,1.0090572687703694,-0.007685125489783118,3.3996745547829943,0.0,0.0,3.3,0.0023283496824963667,0.14847830707550017,-0.0001685505618769058,78.31416208234496,-78.31466987715191,52.45199011580818,-52.45440633771748,0.25,0.0,0.0,1.0,1.0,1.0,1.0,1.0,1.0
1.6600000000000001,1.0278612887672605,-0.007827445837114658,3.416428634354943,0.0,0.0,3.3200000000000003,0.0023593985523371864,0.1291054932406628,-0.00016914543567800774,78.86714999644178,-78.86830148056289,52.0212815205285,-52.023074437467294,0.25,0.0,0.0,1.0,1.0,1.0,1.0,1.0,1.0
1.67,1.0468241625942882,-0.007972202731309183,3.433234712254676,0.0,0.0,3.34,0.0023910693339887555,0.10737405118150192,-0.00016907076652147434,78.77334525861849,-78.77512711123053,52.21781085334948,-52.218983793617056,0.25,0.0,0.0,1.0,1.0,1.0,1.0,1.0,1.0
1.68,1.0659238397519204,-0.008119444653449373,3.45009947577153,0.0,0.0,3.3600000000000003,0.0024234320753765875,0.08318791338188546,-0.0001682182773126508,77.16044416989249,-77.16297804065758,53.91264871795115,-53.91306833567403,0.25,0.0,0.0,1.0,1.0,1.0,1.0,1.0,1.0
1.69,1.0851352957734244,-0.00826921474921132,3.4670264005458584,0.0,0.0,3.38,0.002456582005082857,0.05652066022232561,-0.000166474170037473,75.41417341759876,-75.41379165657847,55.73315717530284,-55.73647753272116,0.25,0.0,0.0,1.0,1.0,1.0,1.0,1.0,1.0
1.7,1.1044306372476087,-0.008421551197665756,3.484017239622351,0.0,0.0,3.4,0.0024906256114702557,0.027476136328838486,-0.00016372514620889006,73.54235104470791,-73.54676226344709,57.6478855491859,-57.64638245912484,0.25,0.0,0.0,1.0,1.0,1.0,1.0,1.0,1.0
1.71,1.1237795243675295,-0.008576492548228091,3.50107326444755,0.0,0.0,3.4200000000000004,0.0025256508552619103,-0.003741805013378298,-0.00015984399113983108,71.56982581542876,-71.57564627452007,59.66024215132509,-59.65728179835663,0.25,0.0,0.0,1.0,1.0,1.0,1.0,1.0,1.0
1.72,1.1431493254776381,-0.008734075523462604,3.518194383081238,0.0,0.0,3.44,0.0025619076491239685,-0.03686228257031498,-0.0001547070267642219,69.53278454035862,-69.53937328637888,61.731703336145415,-61.72790689655056,0.25,0.0,0.0,1.0,1.0,1.0,1.0,1.0,1.0
1.73,1.1625054754510677,-0.00889433332896891,3.5353788668950306,0.0,0.0,3.46,0.00259969313149238,-0.07156679637568196,-0.0001481632507138676,67.46611398450683,-67.4729353924113,63.82893393293996,-63.824815094095534,0.25,0.0,0.0,1.0,1.0,1.0,1.0,1.0,1.0
1.74,1.1818118855572932,-0.009057297323808545,3.5526235952891336,0.0,0.0,3.4799999999999995,0.002639300073181379,-0.10750376446597812,-0.0001400336934550257,65.40208007606239,-65.40883525535271,65.9224303763224,-65.91826345320628,0.25,0.0,0.0,1.0,1.0,1.0,1.0,1.0,1.0
1.75,1.2010313263372594,-0.009222997660432377,3.5699243644469814,0.0,0.0,3.5,0.0026810069812113887,-0.1442992054580202,-0.00013011861152774902,63.37009364204087,-63.37651177340308,67.9858945657016,-67.98192267569772,0.25,0.0,0.0,1.0,1.0,1.0,1.0,1.0,1.0
1.76,1.220125788397443,-0.009391464241879678,3.5872761934975856,0.0,0.0,3.5200000000000005,0.0027250771624991363,-0.18156578260051112,-0.00011820462046168685,61.39697222045308,-61.40276218090336,69.99535714041818,-69.99184021527215,0.25,0.0,0.0,1.0,1.0,1.0,1.0,1.0,1.0
1.77,1.2390568180648578,-0.009562727542119218,3.604673573572862,0.0,0.0,3.54,0.0027717567170347287,-0.21891053742676253,-0.0001040711549617256,59.507080487759666,-59.511924093256496,71.92880836691589,-71.92602967182872,0.25,0.0,0.0,1.0,1.0,1.0,1.0,1.0,1.0
1.78,1.2577858384635943,-0.009736819244861061,3.6221106471628475,0.0,0.0,3.56,0.002821268488479618,-0.25594164202541464,-8.749747617324613e-05,57.72243575997632,-57.725992065777206,73.76608032359393,-73.76434203142387,0.25,0.0,0.0,1.0,1.0,1.0,1.0,1.0,1.0
1.79,1.2762744688307004,-0.009913772695071585,3.6395813219323476,0.0,0.0,3.5799999999999996,0.0028738023589475084,-0.29227437007100576,-6.827138375921979e-05,56.062776305471616,-56.06468997808361,75.48886449109422,-75.48847930737433,0.25,0.0,0.0,1.0,1.0,1.0,1.0,1.0,1.0
1.8,1.2944848533374314,-0.010093623179550773,3.6570793322892463,0.0,0.0,3.6,0.0029295026459350655,-0.3275364078491778,-4.62002116290096e-05,54.54559974993189,-54.54551214146794,77.08079146803806,-77.08207170577874,0.25,0.0,0.0,1.0,1.0,1.0,1.0,1.0,1.0
1.81,1.3123800050831873,-0.01027640807613026,3.674598266299019,0.0,0.0,3.62,0.002988453367082441,-0.361372567529748,-2.11241621254049e-05,53.18626394487089,-53.18388563764255,78.52735360930711,-78.5305389856462,0.25,0.0,0.0,1.0,1.0,1.0,1.0,1.0,1.0
1.82,1.3299241721319097,-0.010462166869801824,3.6921315759430513,0.0,0.0,3.6399999999999997,0.0030506628301759245,-0.3934489788920031,7.0684650857805794e-06,51.997837476641536,-51.992923454258445,79.81629208787876,-79.82157512715898,0.25,0.0,0.0,1.0,1.0,1.0,1.0,1.0,1.0
1.83,1.3470833871647216,-0.010650940006391206,3.7096725929541243,0.0,0.0,3.66,0.003116050000572857,-0.4234578019616987,3.8425161116109073e-05,50.987479325879136,-50.97683189690241,80.94564834199403,-80.95617229231925,0.25,0.0,0.0,1.0,1.0,1.0,1.0,1.0,1.0
1.84,1.363825377766622,-0.010842771983631178,3.7272145630535527,0.0,0.0,3.6800000000000006,0.0031844033831042247,-0.45111727527228457,7.29114034168534e-05,50.169341739988674,-50.154560769632134,81.89532784275059,-81.90943756595222,0.25,0.0,0.0,1.0,1.0,1.0,1.0,1.0,1.0
1.85,1.3801203770642205,-0.011037708253163418,3.744750716145061,0.0,0.0,3.7,0.0032552999758401814,-0.47617690685673303,0.00011038171425430333,49.54874345810256,-49.530121418103526,82.66234025604257,-82.67968861050113,0.25,0.0,0.0,1.0,1.0,1.0,1.0,1.0,1.0
1.86,1.3959416476362296,-0.011235794090978564,3.762274315788719,0.0,0.0,3.72,0.0033281867731338346,-0.49842090898563834,0.00015057154675781503,49.127886686241624,-49.100902129011715,83.2499238963629,-83.27498020112765,0.25,0.0,0.0,1.0,1.0,1.0,1.0,1.0,1.0
1.87,1.4112644920905724,-0.011437082722766336,3.7797787254295927,0.0,0.0,3.7400000000000007,0.0034023625981398783,-0.5176616126669944,0.00019309593863418785,48.909768102594136,-48.879275283740746,83.6488150401834,-83.67667753246337,0.25,0.0,0.0,1.0,1.0,1.0,1.0,1.0,1.0
1.8800000000000001,1.4260687334319162,-0.01164162108153879,3.797257616504637,0.0,0.0,3.7600000000000002,0.0034768989269778686,-0.5337543501444703,0.0002374352868140979,48.895684460857225,-48.86218578028246,83.8596325198903,-83.88975801748632,0.25,0.0,0.0,1.0,1.0,1.0,1.0,1.0,1.0
1.8900000000000001,1.4403375679383164,-0.011849458342659522,3.814705052137779,0.0,0.0,3.7800000000000002,0.00355085517565717,-0.546589831189891,0.00028297841136900106,49.0818087184141,-49.050413424558435,83.87959259232575,-83.90684014141942,0.25,0.0,0.0,1.0,1.0,1.0,1.0,1.0,1.0
1.9000000000000001,1.4540574387028906,-0.012060647302884066,3.832115564906771,0.0,0.0,3.8,0.003623370607627991,-0.5560930217210828,0.0003290725098180536,49.460643209085816,-49.4283857719155,83.73001856551173,-83.75733266742945,0.25,0.0,0.0,1.0,1.0,1.0,1.0,1.0,1.0
1.9100000000000001,1.4672191079230068,-0.012275238152123318,3.849484351389124,0.0,0.0,3.8200000000000003,0.0036937841835949807,-0.5622291807466172,0.00037508662621489456,50.02730239816294,-49.99392574690255,83.40986271406732,-83.43749081465005,0.25,0.0,0.0,1.0,1.0,1.0,1.0,1.0,1.0
1.92,1.4798167106434186,-0.012493284367733268,3.8668079884370705,0.0,0.0,3.84,0.0037614727036302717,-0.5649990408433192,0.00042040653931914204,50.77269728982374,-50.73860140071429,82.92694384543606,-82.95448736564511,0.25,0.0,0.0,1.0,1.0,1.0,1.0,1.0,1.0
1.93,1.4918470985742245,-0.012714846376612557,3.8840858998090453,0.0,0.0,3.8600000000000003,0.003825822545740099,-0.5644393328164801,0.00046443093504918494,51.68571656662859,-51.65138111660199,82.28891827669835,-82.31590966660326,0.25,0.0,0.0,1.0,1.0,1.0,1.0,1.0,1.0
1.94,1.503309538724836,-0.012939993212784768,3.9013199136164554,0.0,0.0,3.88,0.0038863065945007255,-0.560618201042998,0.0005066449066311102,52.75835703874107,-52.71989070205858,81.50828058198093,-81.53863379864656,0.25,0.0,0.0,1.0,1.0,1.0,1.0,1.0,1.0
1.95,1.5142068528588615,-0.013168794935882052,3.9185137849208957,0.0,0.0,3.9,0.003942482576831983,-0.5536388336923311,0.0005466199217416379,53.968023741109675,-53.9295262009535,80.59028601105628,-80.61993299750635,0.25,0.0,0.0,1.0,1.0,1.0,1.0,1.0,1.0
1.96,1.5245448467565157,-0.013401325339440188,3.9356728375594465,0.0,0.0,3.9200000000000004,0.0039939178727294985,-0.5436342209708439,0.0005839762657947845,55.299902279824664,-55.263150695164654,79.54749513482741,-79.57469784430705,0.25,0.0,0.0,1.0,1.0,1.0,1.0,1.0,1.0
1.97,1.5343324628264323,-0.013637659729445112,3.952803750217055,0.0,0.0,3.94,0.004040358280497379,-0.5307670219884365,0.0006184824370362087,56.73782344249741,-56.70387770256546,78.39292946140439,-78.41667375011113,0.25,0.0,0.0,1.0,1.0,1.0,1.0,1.0,1.0
1.98,1.543581628927031,-0.013877874491364324,3.9699143925040343,0.0,0.0,3.96,0.004081788667225054,-0.5152279680377727,0.0006500759139962195,58.2479309603432,-58.22656853821194,77.14496731302859,-77.15552549741142,0.25,0.0,0.0,1.0,1.0,1.0,1.0,1.0,1.0
1.99,1.552307215183845,-0.014122045344791782,3.9870136519086543,0.0,0.0,3.9799999999999995,0.004118501610444635,-0.4972337342765887,0.0006788865746523653,59.83798259134588,-59.823325707368106,75.81245785055047,-75.81575859196258,0.25,0.0,0.0,1.0,1.0,1.0,1.0,1.0,1.0
2.0,1.5605266966054314,-0.014370248156366975,4.0041112942440265,0.0,0.0,4.0,0.004151247754564405,-0.4770244110995399,0.0007052903820683004,61.482962277768,-61.47372213423528,74.41247518438223,-74.40985589340633,0.25,0.0,0.0,1.0,1.0,1.0,1.0,1.0,1.0
2.0100000000000002,1.5682598633765592,-0.014622559463741256,4.021217873049454,0.0,0.0,4.0200000000000005,0.004180907908943862,-0.45486074166673524,0.0007296930779132928,63.16100418867214,-63.157617443337934,72.96200562559397,-72.95307168967156,0.25,0.0,0.0,1.0,1.0,1.0,1.0,1.0,1.0
2.02,1.575528757135322,-0.014879054969767129,4.038344603560096,0.0,0.0,4.04,0.004208367983898605,-0.4310219705816384,0.0007524650357923784,64.85332436129907,-64.85530353226676,71.47706972668684,-71.46234358502919,0.25,0.0,0.0,1.0,1.0,1.0,1.0,1.0,1.0
2.0300000000000002,1.5823571802072967,-0.015139811615869012,4.055503219857953,0.0,0.0,4.0600000000000005,0.004234521659354284,-0.4058017091833012,0.0007739481387280203,66.53992647487804,-66.54704998805548,69.97486467180353,-69.95459638578009,0.25,0.0,0.0,1.0,1.0,1.0,1.0,1.0,1.0
2.04,1.58877049638838,-0.015404907152849569,4.072705810565708,0.0,0.0,4.08,0.004260252971794959,-0.3795047021989402,0.0007944453313077956,68.20156136378321,-68.2136160393276,68.47233033466131,-68.44675559905532,0.25,0.0,0.0,1.0,1.0,1.0,1.0,1.0,1.0
2.05,1.594795351080218,-0.015674420294232886,4.089964644349118,0.0,0.0,4.1,0.004286427100407938,-0.35244311132090206,0.0008142147368877766,69.81962610350584,-69.83634067781209,66.9861476190229,-66.95555492025655,0.25,0.0,0.0,1.0,1.0,1.0,1.0,1.0,1.0
2.06,1.6004593874771984,-0.01594843083031492,4.107291985183155,0.0,0.0,4.12,0.004313886299170483,-0.3249326895714842,0.0008334667521412146,71.37634454944029,-71.39737747069172,65.53254217364154,-65.49728577720501,0.25,0.0,0.0,1.0,1.0,1.0,1.0,1.0,1.0
2.07,1.605790957967042,-0.016227019705899216,4.124699899571068,0.0,0.0,4.14,0.004343445495320109,-0.29728891469722035,0.0008523619774620609,72.85497941117416,-72.87992107467934,64.12708905702222,-64.08758760587183,0.25,0.0,0.0,1.0,1.0,1.0,1.0,1.0,1.0
2.08,1.6108189120698204,-0.01651026719281955,4.142200011149482,0.0,0.0,4.16,0.004375885430041218,-0.26982275362378727,0.0008710103051845548,74.25145979428851,-74.2750012494941,62.77810481381136,-62.739673491245355,0.25,0.0,0.0,1.0,1.0,1.0,1.0,1.0,1.0
2.09,1.6155720216120935,-0.01679825851296988,4.15980345478261,0.0,0.0,4.18,0.00441190915514436,-0.24283814166254616,0.0008894516653180524,75.53297332729159,-75.55802754195743,61.50986466463267,-61.46959481593259,0.25,0.0,0.0,1.0,1.0,1.0,1.0,1.0,1.0
2.1,1.6200789616263342,-0.017091078352921316,4.1775205664564945,0.0,0.0,4.2,0.004452034925778171,-0.21662762702127597,0.0009076214736528565,76.69174161352012,-76.71867689375219,60.332278262478354,-60.28980519704436,0.25,0.0,0.0,1.0,1.0,1.0,1.0,1.0,1.0
2.11,1.6243678993623194,-0.017388812313332454,4.195360705740992,0.0,0.0,4.22,0.0044967448805793625,-0.19146890565704658,0.0009254439414814388,77.71865893447057,-77.74712831778474,59.25582216627528,-59.21149759031586,0.25,0.0,0.0,1.0,1.0,1.0,1.0,1.0,1.0
2.12,1.6284662638228797,-0.017691543852995,4.213331990816082,0.0,0.0,4.24,0.004546521924283563,-0.1676205698652215,0.0009428512079538264,78.61581630316196,-78.63862778973838,58.283422715265104,-58.24444469627344,0.25,0.0,0.0,1.0,1.0,1.0,1.0,1.0,1.0
2.13,1.6324001387535327,-0.01799936238092316,4.231441408733768,0.0,0.0,4.26,0.004601777515729931,-0.14532210712457314,0.0009597487061007085,79.35973835228597,-79.38056380283315,57.43434072859468,-57.39704465899331,0.25,0.0,0.0,1.0,1.0,1.0,1.0,1.0,1.0
2.14,1.6361941744975512,-0.018312359694286212,4.249694613770671,0.0,0.0,4.28,0.0046626862490910595,-0.12479097593317962,0.0009759622920756262,79.94861497252894,-79.9703167417222,56.71381908551444,-56.67535151574461,0.25,0.0,0.0,1.0,1.0,1.0,1.0,1.0,1.0
2.15,1.6398714795632443,-0.01863061881329061,4.268095510931745,0.0,0.0,4.3,0.004729374181363846,-0.10621600260254259,0.000991355484906375,80.38108334128945,-80.40272208834875,56.125523427042296,-56.086835645110455,0.25,0.0,0.0,1.0,1.0,1.0,1.0,1.0,1.0
2.16,1.6434530340596984,-0.018954225316428867,4.286646531515869,0.0,0.0,4.32,0.004802038543764992,-0.08975977557438657,0.0010058726896242276,80.64586868212227,-80.67359236648204,55.679956579174615,-55.63491495705179,0.25,0.0,0.0,1.0,1.0,1.0,1.0,1.0,1.0
2.17,1.6469575151250253,-0.01928326627925214,4.305348567836033,0.0,0.0,4.34,0.004880940824547632,-0.07555700816399984,0.0010195284972410016,80.7633752960405,-80.79186396187347,55.366640597016286,-55.32058039312084,0.25,0.0,0.0,1.0,1.0,1.0,1.0,1.0,1.0
2.18,1.650401137338062,-0.01961782814353063,4.324200927470677,0.0,0.0,4.36,0.004966490906099849,-0.0637129066179223,0.0010324359273798645,80.73342624092857,-80.76004902460959,55.18814554729863,-55.14371267295719,0.25,0.0,0.0,1.0,1.0,1.0,1.0,1.0,1.0
2.19,1.6537974854449742,-0.019957998005887524,4.343201454498192,0.0,0.0,4.38,0.005059008549990307,-0.05430349904500698,0.0010447028081624983,80.55853384991696,-80.58253663921137,55.1447975446439,-55.10275918545864,0.25,0.0,0.0,1.0,1.0,1.0,1.0,1.0,1.0
2.2,1.6571574208263542,-0.02030386158479009,4.362346656220073,0.0,0.0,4.4,0.005158634518121207,-0.04737519152443686,0.0010564226267691492,80.24192838132335,-80.26246686611067,55.23522933309242,-55.196440988907426,0.25,0.0,0.0,1.0,1.0,1.0,1.0,1.0,1.0
2.21,1.6604889546925463,-0.02065551073713308,4.381632353929489,0.0,0.0,4.42,0.005265385697382834,-0.04294995914301419,0.0010677206075727739,79.79654904876003,-79.80749328783574,55.45148880569725,-55.42208997431795,0.25,0.0,0.0,1.0,1.0,1.0,1.0,1.0,1.0
2.22,1.6637972633903397,-0.02101303991165075,4.401053990440563,0.0,0.0,4.44,0.005379128436770881,-0.041025696266892585,0.0010787526907600506,79.21988705345589,-79.22470213984266,55.7954648951242,-55.77199785259071,0.25,0.0,0.0,1.0,1.0,1.0,1.0,1.0,1.0
2.23,1.667084699574122,-0.02137655043948507,4.420606797771354,0.0,0.0,4.46,0.0054994764674815635,-0.04157651606269137,0.00108970889531443,78.52256238436034,-78.52182556349908,56.25896833236741,-56.24086047819056,0.25,0.0,0.0,1.0,1.0,1.0,1.0,1.0,1.0
2.24,1.670350850670326,-0.021746150441525773,4.440286118344949,0.0,0.0,4.48,0.0056258605820682156,-0.0445484807482963,0.0011008601871455455,77.71373708369933,-77.70728997704366,56.83419282270359,-56.82160386094968,0.25,0.0,0.0,1.0,1.0,1.0,1.0,1.0,1.0
2.25,1.6735926450596823,-0.022121952282093852,4.460087313676715,0.0,0.0,4.5,0.005757692002475315,-0.049859301887249026,0.00111247997503914,76.80039459421708,-76.79418766666774,57.513942358834015,-57.50091841663273,0.25,0.0,0.0,1.0,1.0,1.0,1.0,1.0,1.0
2.2600000000000002,1.676804469198817,-0.02250407340250659,4.480005502494678,0.0,0.0,4.5200000000000005,0.005894424104511294,-0.057402379006315,0.001124834017857875,75.80014752855745,-75.78953876936036,58.28218558444618,-58.273360488418064,0.25,0.0,0.0,1.0,1.0,1.0,1.0,1.0,1.0
2.27,1.6799783365316834,-0.022892633952143766,4.5000353849425965,0.0,0.0,4.54,0.006035653854839951,-0.06704893928943358,0.0011381872625643075,74.72278498413176,-74.70663368992955,59.12963472963463,-59.12613635647573,0.25,0.0,0.0,1.0,1.0,1.0,1.0,1.0,1.0
2.2800000000000002,1.6831040772942936,-0.023287752756397394,4.5201711397568145,0.0,0.0,4.5600000000000005,0.006180947701603469,-0.07864911837778445,0.0011528170765106329,73.58051774657335,-73.55869213032236,60.0448170330624,-60.046759714810186,0.25,0.0,0.0,1.0,1.0,1.0,1.0,1.0,1.0
2.29,1.6861695144768611,-0.023689550419423378,4.540406514072828,0.0,0.0,4.58,0.006329796074832289,-0.09203539758544603,0.0011689965382679225,72.3875643023387,-72.35159254082669,61.01460375277539,-61.03043701231999,0.25,0.0,0.0,1.0,1.0,1.0,1.0,1.0,1.0
2.3000000000000003,1.689160729067995,-0.024098143850892477,4.560734808907205,0.0,0.0,4.6000000000000005,0.0064815638306677395,-0.10702329066840781,0.001186978741927615,71.15500278125819,-71.11115686689345,62.02928831900005,-62.052713093215594,0.25,0.0,0.0,1.0,1.0,1.0,1.0,1.0,1.0
2.31,1.6920622413357649,-0.024513650484896198,4.581149017864697,0.0,0.0,4.62,0.006635355815933147,-0.12341513165413823,0.001206972856410731,69.89818952013128,-69.84847259501129,63.07502371131125,-63.10400536609509,0.25,0.0,0.0,1.0,1.0,1.0,1.0,1.0,1.0
2.32,1.6948572539833677,-0.024936186063558307,4.601641876251859,0.0,0.0,4.64,0.006790272245386439,-0.14100213276740992,0.0012291081610768197,68.6311486209476,-68.57624336375353,64.13905131147462,-64.1728720221793,0.25,0.0,0.0,1.0,1.0,1.0,1.0,1.0,1.0
2.33,1.697527883068244,-0.025365864059227406,4.6222059376720015,0.0,0.0,4.66,0.006945501487449866,-0.15956702446177667,0.0012534406240093845,67.36747489414857,-67.3079986253537,65.20893090070506,-65.2469359425166,0.25,0.0,0.0,1.0,1.0,1.0,1.0,1.0,1.0
2.34,1.7000553870370863,-0.02580279522863385,4.642833648354549,0.0,0.0,4.68,0.007100306351396536,-0.1788866706332368,0.0012799638560444233,66.12039610162269,-66.05697728047862,66.2724399459587,-66.31396247758124,0.25,0.0,0.0,1.0,1.0,1.0,1.0,1.0,1.0
2.35,1.7024203922217693,-0.02624708726395415,4.663517413971821,0.0,0.0,4.7,0.007254006385590432,-0.198734673404946,0.001308613604191409,64.90264491528596,-64.83593147730204,67.3176987147188,-67.36205253021066,0.25,0.0,0.0,1.0,1.0,1.0,1.0,1.0,1.0
2.36,1.704603109908323,-0.02669884460620746,4.684249656834768,0.0,0.0,4.72,0.00740596700645116,-0.2188839481025563,0.0013392691183037714,63.72634094254912,-63.656561034885286,68.3332448304379,-68.38016463463904,0.25,0.0,0.0,1.0,1.0,1.0,1.0,1.0,1.0
2.37,1.70658356410436,-0.027158167863928127,4.70502286460037,0.0,0.0,4.74,0.007555589418512151,-0.23910924362054195,0.0013717541740435163,62.602837118443695,-62.530970791992196,69.30837713317817,-69.35684783657427,0.25,0.0,0.0,1.0,1.0,1.0,1.0,1.0,1.0
2.38,1.7083417918859247,-0.027625153886381097,4.725829628704918,0.0,0.0,4.76,0.007702297886729231,-0.2591895667526619,0.0014058377277949541,61.542716992417255,-61.46957995785383,70.2329573973035,-70.28213132905063,0.25,0.0,0.0,1.0,1.0,1.0,1.0,1.0,1.0
2.39,1.709858053406059,-0.028099895418579397,4.746662675806317,0.0,0.0,4.78,0.007845551031504671,-0.2789105078605888,0.0014412362224446732,60.555626542840166,-60.482005284080124,71.09769491902622,-71.14675767112989,0.25,0.0,0.0,1.0,1.0,1.0,1.0,1.0,1.0
2.4,1.7111130331410493,-0.028582480885260657,4.7675148935421525,0.0,0.0,4.8,0.007984848129069026,-0.29806642509941034,0.001477619438344814,59.65021987782404,-59.576911626601,71.89421020094235,-71.94234157103429,0.25,0.0,0.0,1.0,1.0,1.0,1.0,1.0,1.0
2.41,1.7120880351223848,-0.029072994215422716,4.788379352764432,0.0,0.0,4.82,0.008119732689655981,-0.3164624645375553,0.001514618232519717,58.83410546979955,-58.7619344248336,72.61510073420915,-72.6614593215246,0.25,0.0,0.0,1.0,1.0,1.0,1.0,1.0,1.0
2.42,1.7127651712104401,-0.029571514717446398,4.809249328290495,0.0,0.0,4.84,0.008249797936439486,-0.3339164018634889,0.001551833821584644,58.113801413319464,-58.043685534769274,73.25400416082812,-73.29766125170332,0.25,0.0,0.0,1.0,1.0,1.0,1.0,1.0,1.0
2.43,1.7131275407532405,-0.030078117022933004,4.830118319996122,0.0,0.0,4.86,0.008374695736311952,-0.3502602957777141,0.0015888487192968574,57.49464548618029,-57.427248561590275,73.80561176775016,-73.84589978746199,0.25,0.0,0.0,1.0,1.0,1.0,1.0,1.0,1.0
2.44,1.7131593921109283,-0.030592871272711115,4.850980077748242,0.0,0.0,4.88,0.008494147183158775,-0.3653418575797182,0.0016252392064486556,56.283456521353436,-56.228933569789966,74.96481531606727,-74.99158275141619,0.25,0.0,0.0,1.0,1.0,1.0,1.0,1.0,1.0
2.45,1.712846038815212,-0.031115848506080106,4.871829314122611,0.0,0.0,4.9,0.008608014843033989,-0.3790140303859655,0.001660591038670605,55.65083891022063,-55.59382959167147,75.55654385754711,-75.58516195634121,0.25,0.0,0.0,1.0,1.0,1.0,1.0,1.0,1.0
2.46,1.7121735205205117,-0.03164713129020143,4.892662987524705,0.0,0.0,4.92,0.00871637275024658,-0.39110856140490474,0.0016945237107062437,55.52146934742923,-55.478373028301064,75.6605041128328,-75.67459165287471,0.25,0.0,0.0,1.0,1.0,1.0,1.0,1.0,1.0
2.47,1.711129766352833,-0.032186792551474656,4.913477459044292,0.0,0.0,4.94,0.008819193881489528,-0.4014810985734749,0.0017266803954517516,55.67199757699531,-55.63882198319561,75.49352918456735,-75.49710323118562,0.25,0.0,0.0,1.0,1.0,1.0,1.0,1.0,1.0
2.48,1.7097051497757412,-0.03273488833874531,4.934267328651407,0.0,0.0,4.96,0.008916858591997485,-0.41004005284628603,0.0017567806204279932,56.0093189576676,-55.979558020164454,75.1466378943349,-75.14623554119166,0.25,0.0,0.0,1.0,1.0,1.0,1.0,1.0,1.0
2.49,1.7078928535539075,-0.03329145279592105,4.955026298094145,0.0,0.0,4.98,0.009009906909355873,-0.41674758668204287,0.0017846587209137536,56.50268391144687,-56.479219613755845,74.65601466021477,-74.64878984798396,0.25,0.0,0.0,1.0,1.0,1.0,1.0,1.0,1.0
2.5,1.7056876692930425,-0.033856525817019936,4.975748775357947,0.0,0.0,5.0,0.009098749380931767,-0.42160486038119016,0.0018102917614626671,57.11731137798287,-57.09315776775769,74.05735929119051,-74.05033679039634,0.25,0.0,0.0,1.0,1.0,1.0,1.0,1.0,1.0
2.5100000000000002,1.7030859223732389,-0.03443015415958769,4.996430893251678,0.0,0.0,5.0200000000000005,0.009183927024342781,-0.4246504003698875,0.001833799819490557,57.84908160543949,-57.830093240786965,73.35694538820668,-73.34430985957846,0.25,0.0,0.0,1.0,1.0,1.0,1.0,1.0,1.0
2.52,1.7000850893636246,-0.03501239912128421,5.0170705922893255,0.0,0.0,5.04,0.009265863857592763,-0.4259566975015649,0.0018552042572670033,58.67728175331992,-58.66531400302265,72.57281627927557,-72.55274947524056,0.25,0.0,0.0,1.0,1.0,1.0,1.0,1.0,1.0
2.5300000000000002,1.69668418767786,-0.03560332714802193,5.037667050662354,0.0,0.0,5.0600000000000005,0.009345088088557402,-0.4256251979928632,0.0018745682071492332,59.5878648951047,-59.58557516243459,71.71615012107021,-71.68603138639006,0.25,0.0,0.0,1.0,1.0,1.0,1.0,1.0,1.0
2.54,1.6928834370923924,-0.03620301565406122,5.0582202652328165,0.0,0.0,5.08,0.009422333086206373,-0.42377975362489967,0.0018920588200495932,60.55597699290589,-60.56195444331556,70.80795296708631,-70.76922878148602,0.25,0.0,0.0,1.0,1.0,1.0,1.0,1.0,1.0
2.5500000000000003,1.6886845959123102,-0.03681154363957634,5.078730926424192,0.0,0.0,5.1000000000000005,0.009498553516773067,-0.4205644997279823,0.0019079537281762936,61.56771503800812,-61.581405006693245,69.86015210920972,-69.81340986272059,0.25,0.0,0.0,1.0,1.0,1.0,1.0,1.0,1.0
2.56,1.6840907061203196,-0.037428994747811244,5.099200308847704,0.0,0.0,5.12,0.009574813325501025,-0.4161395410736583,0.0019225781296886208,62.60772376135066,-62.62844794337656,68.88638758572972,-68.8323334585707,0.25,0.0,0.0,1.0,1.0,1.0,1.0,1.0,1.0
2.57,1.6791059299302267,-0.03805545803602971,5.119630221525951,0.0,0.0,5.14,0.009652218411357563,-0.4106776880374908,0.001936272840993479,63.66176426863293,-63.68895779258434,67.89943736028515,-67.83865841828595,0.25,0.0,0.0,1.0,1.0,1.0,1.0,1.0,1.0
2.58,1.6737353765547265,-0.0386910286996511,5.140022968886503,0.0,0.0,5.16,0.00973187691016362,-0.40436146346126883,0.0019493774633059261,64.7156456698526,-64.74867967016382,66.9121429546413,-66.84528430407781,0.25,0.0,0.0,1.0,1.0,1.0,1.0,1.0,1.0
2.59,1.6679849191914724,-0.039335808806093484,5.1603813059318355,0.0,0.0,5.18,0.009814874904734205,-0.3973802443167868,0.0019622211230978823,65.75562420332771,-65.79377617550821,65.93696948423874,-65.86476393783565,0.25,0.0,0.0,1.0,1.0,1.0,1.0,1.0,1.0
2.6,1.6618610069417006,-0.039989907998337876,5.180708379802444,0.0,0.0,5.2,0.00990225757862593,-0.3899274812480861,0.0019751154055429685,66.77308768780355,-66.81673713987087,64.98138260318193,-64.90345521166249,0.25,0.0,0.0,1.0,1.0,1.0,1.0,1.0,1.0
2.61,1.6553704971249799,-0.040653443576377846,5.201007659288407,0.0,0.0,5.22,0.009995022827292494,-0.3821980527888464,0.001988354575043583,67.74898534227873,-67.79656916017069,64.06319976361054,-63.98111275671239,0.25,0.0,0.0,1.0,1.0,1.0,1.0,1.0,1.0
2.62,1.6485204638131425,-0.041326541083446584,5.221282852303407,0.0,0.0,5.24,0.010094132601330255,-0.37438584006621917,0.002002224546087977,68.67357020273023,-68.72393051047442,63.19117740567843,-63.10608263455984,0.25,0.0,0.0,1.0,1.0,1.0,1.0,1.0,1.0
2.63,1.6413180372563332,-0.042009334100017455,5.241537791868676,0.0,0.0,5.26,0.010200467695002921,-0.3666809556827599,0.0020169800841229385,69.53699817608106,-69.5890650839735,62.37429871948793,-62.28725505441329,0.25,0.0,0.0,1.0,1.0,1.0,1.0,1.0,1.0
2.64,1.6337702411072215,-0.04270196404035741,5.261776322323702,0.0,0.0,5.28,0.010314804300726035,-0.359267245063134,0.0020328386705937658,70.33029665447148,-70.38301183278547,61.62087403597523,-61.53292433674722,0.25,0.0,0.0,1.0,1.0,1.0,1.0,1.0,1.0
2.65,1.625883813842741,-0.04340458041348731,5.282002182796997,0.0,0.0,5.3,0.010437807372376207,-0.35232008202114645,0.002049984335445736,71.03987145858488,-71.09093428541291,60.94398250555816,-60.85740812498814,0.25,0.0,0.0,1.0,1.0,1.0,1.0,1.0,1.0
2.66,1.6176651253516556,-0.04411733837361671,5.302218886208394,0.0,0.0,5.32,0.010570014475940696,-0.34600416831734665,0.002068565960555822,71.6698773686476,-71.71930940020438,60.33942875271787,-60.25418565068536,0.25,0.0,0.0,1.0,1.0,1.0,1.0,1.0,1.0
2.67,1.6091199721986025,-0.04484039978665699,5.3224295907562045,0.0,0.0,5.34,0.010711811990055763,-0.34047153021981497,0.0020886911072337806,72.21165388086301,-72.25869595110896,59.81591881676846,-59.732741074597456,0.25,0.0,0.0,1.0,1.0,1.0,1.0,1.0,1.0
2.68,1.6002534598819858,-0.04557393199930684,5.342637014386105,0.0,0.0,5.36,0.01086347923085361,-0.33586035303328976,0.0021104592388682315,72.66073977122788,-72.70448524265434,59.3782788799906,-59.29804617149122,0.25,0.0,0.0,1.0,1.0,1.0,1.0,1.0,1.0
2.69,1.5910698806628882,-0.046318106930629176,5.3628433356914735,0.0,0.0,5.38,0.011025200718150375,-0.3322937604799009,0.0021339709503350205,73.01473280783065,-73.05427998661891,59.02953177177373,-58.95311708954533,0.25,0.0,0.0,1.0,1.0,1.0,1.0,1.0,1.0
2.7,1.5815726051513663,-0.04707310005852259,5.383050101401183,0.0,0.0,5.4,0.011197063056286033,-0.32987869951406945,0.002159327615674666,73.27269688784783,-73.30717436238368,58.77149017367513,-58.69973447082591,0.25,0.0,0.0,1.0,1.0,1.0,1.0,1.0,1.0
2.71,1.5717639865322184,-0.0478390894004303,5.403258151600856,0.0,0.0,5.42,0.011379052999626204,-0.3287050878534437,0.0021866314807114837,73.43533188882154,-73.46395522251413,58.604584216475004,-58.538239700191866,0.25,0.0,0.0,1.0,1.0,1.0,1.0,1.0,1.0
2.72,1.5616452782744659,-0.04861625453321027,5.42346756454726,0.0,0.0,5.44,0.011571058330632059,-0.3288452440219855,0.0022159864033418093,73.50450165686611,-73.52655193349972,58.5283092050537,-58.468060776021446,0.25,0.0,0.0,1.0,1.0,1.0,1.0,1.0,1.0
2.73,1.551216566816075,-0.04940477566599731,5.443677621954332,0.0,0.0,5.46,0.011772871861202898,-0.3303536027022803,0.0022474989023642225,73.48300711027431,-73.4977857881393,58.54141923760154,-58.487929607710626,0.25,0.0,0.0,1.0,1.0,1.0,1.0,1.0,1.0
2.74,1.5404767206609846,-0.05020483276522977,5.463886793400979,0.0,0.0,5.48,0.011984196243037563,-0.333266683954749,0.0022812778805935234,73.37464919013888,-73.38146239273053,58.64182638515573,-58.595751740320345,0.25,0.0,0.0,1.0,1.0,1.0,1.0,1.0,1.0
2.75,1.529423337187282,-0.05101660540826363,5.4840927957449725,0.0,0.0,5.5,0.012204686920870369,-0.3376036626487798,0.002317473593300842,73.18337991272307,-73.18140311113518,58.8274071788247,-58.78953245494281,0.25,0.0,0.0,1.0,1.0,1.0,1.0,1.0,1.0
2.7600000000000002,1.5180526296534367,-0.05184027543096361,5.504292856237479,0.0,0.0,5.5200000000000005,0.012433979313077647,-0.34336810346246976,0.002356367046270964,72.92108242057164,-72.91049197737891,59.0881313893713,-59.05823800605845,0.25,0.0,0.0,1.0,1.0,1.0,1.0,1.0,1.0
2.77,1.5063593061153422,-0.05267603040187909,5.524484077017005,0.0,0.0,5.54,0.012671504004401311,-0.3505481101859821,0.0023982659146389845,72.59432382080307,-72.57534345708683,59.41892129699283,-59.39673840648237,0.25,0.0,0.0,1.0,1.0,1.0,1.0,1.0,1.0
2.7800000000000002,1.4943365061821166,-0.05352406545447553,5.544663648021935,0.0,0.0,5.5600000000000005,0.012916660970214407,-0.35911445638718187,0.0024434154285970754,72.20520013325749,-72.17744266290065,59.818527259677886,-59.804389546640564,0.25,0.0,0.0,1.0,1.0,1.0,1.0,1.0,1.0
2.79,1.4819759347046058,-0.054384578760879654,5.564828524125427,0.0,0.0,5.58,0.013168844566223274,-0.36902242453877293,0.0024920084877632183,71.76123525855996,-71.7243956546436,60.27975684329569,-60.273912549290486,0.25,0.0,0.0,1.0,1.0,1.0,1.0,1.0,1.0
2.8000000000000003,1.4692679896971081,-0.05525776771498291,5.58497520027529,0.0,0.0,5.6000000000000005,0.013427417587191832,-0.3802133591493112,0.0025441945938217392,71.27149010177247,-71.22544628084573,60.79414944759946,-60.79666050096385,0.25,0.0,0.0,1.0,1.0,1.0,1.0,1.0,1.0
2.81,1.456201864422839,-0.056143826522049266,5.605099609423881,0.0,0.0,5.62,0.013691698340875434,-0.39261592354955,0.0026000784826190897,70.74463823775872,-70.68931475150272,61.35406285108866,-61.36494193339096,0.25,0.0,0.0,1.0,1.0,1.0,1.0,1.0,1.0
2.82,1.4427656165421652,-0.05704294537923987,5.6251970816749015,0.0,0.0,5.64,0.013960959072880943,-0.40614748013190416,0.0026597152315053396,70.19870563772378,-70.13538012024455,61.942848647710946,-61.96075352846944,0.25,0.0,0.0,1.0,1.0,1.0,1.0,1.0,1.0
2.83,1.4289463482272782,-0.0579553062313717,5.64526234737447,0.0,0.0,5.66,0.014234438032431535,-0.42071541615189423,0.0027231067883086843,69.64175883310736,-69.57155214016609,62.55400066178124,-62.57774492671567,0.25,0.0,0.0,1.0,1.0,1.0,1.0,1.0,1.0
2.84,1.4147302030536637,-0.058881085257042505,5.665289540525115,0.0,0.0,5.68,0.014511386122505814,-0.43621947246482695,0.0027902085516730334,69.06472089357253,-68.98620293804034,63.19823428926187,-63.22918243295554,0.25,0.0,0.0,1.0,1.0,1.0,1.0,1.0,1.0
2.85,1.4001025099660467,-0.05982045049495498,5.685272254234121,0.0,0.0,5.7,0.01479107125494783,-0.452553157732846,0.0028609305290642918,68.48513814674648,-68.39815668247594,63.85975155467111,-63.89799100986466,0.25,0.0,0.0,1.0,1.0,1.0,1.0,1.0,1.0
2.86,1.3850478510587034,-0.06077356228662661,5.705203619413057,0.0,0.0,5.72,0.015072706894476427,-0.46960441593835955,0.0029351133380338137,67.84860212851387,-67.74453071421983,64.59466627315396,-64.64876023980072,0.25,0.0,0.0,1.0,1.0,1.0,1.0,1.0,1.0
2.87,1.3695501504509582,-0.06174057313678157,5.7250764012843005,0.0,0.0,5.74,0.015355348506661723,-0.48725575439262514,0.003012485703886008,67.27759160507564,-67.16339014521161,65.28216912477686,-65.34509724133521,0.25,0.0,0.0,1.0,1.0,1.0,1.0,1.0,1.0
2.88,1.3535927356616508,-0.06272162838854227,5.744883097028396,0.0,0.0,5.76,0.015637703017112328,-0.5053834412067533,0.003092576771405882,66.74717670171027,-66.62528079700115,65.94862410210825,-66.01789504964884,0.25,0.0,0.0,1.0,1.0,1.0,1.0,1.0,1.0
2.89,1.3371585320781252,-0.06371686296579719,5.764615825305385,0.0,0.0,5.78,0.015918434460118817,-0.5238631799708611,0.003174777438596441,66.25623219165448,-66.12795775217604,66.59642991055452,-66.67068028614256,0.25,0.0,0.0,1.0,1.0,1.0,1.0,1.0,1.0
2.9,1.3202301723243421,-0.06472640074002144,5.784266380772764,0.0,0.0,5.8,0.016196278539859114,-0.5425731232046305,0.0032583906700589704,65.80984679574118,-65.67630661919802,67.22188593786974,-67.29996609131295,0.25,0.0,0.0,1.0,1.0,1.0,1.0,1.0,1.0
2.91,1.3027900737967488,-0.06575035484161654,5.803826337257335,0.0,0.0,5.82,0.016470036729481906,-0.5613951633047428,0.00334264847897037,65.41349209961622,-65.27573184433706,67.82089528342252,-67.90173488037989,0.25,0.0,0.0,1.0,1.0,1.0,1.0,1.0,1.0
2.92,1.2848205169046452,-0.06678882793047829,5.823287135214998,0.0,0.0,5.84,0.016738561420658823,-0.5802159865830685,0.0034267198603788154,65.07330929816594,-64.93248429493734,68.3885522753647,-68.47098472495948,0.25,0.0,0.0,1.0,1.0,1.0,1.0,1.0,1.0
2.93,1.266303724484303,-0.06784191239958141,5.842640154110437,0.0,0.0,5.86,0.017000749281873548,-0.5989281057669676,0.003509718000382705,64.79444410217185,-64.65178688451967,68.92078412818033,-69.0035801535791,0.25,0.0,0.0,1.0,1.0,1.0,1.0,1.0,1.0
2.94,1.2472219400813174,-0.06890969056471853,5.86187677462182,0.0,0.0,5.88,0.01725554696091234,-0.6174309098581037,0.0035907114168246736,64.58119209074371,-64.43800002505395,69.41421325392038,-69.4960942371358,0.25,0.0,0.0,1.0,1.0,1.0,1.0,1.0,1.0
2.95,1.2275575011349067,-0.06999223493189939,5.880988436807861,0.0,0.0,5.9,0.017501965107560316,-0.6356316641040709,0.0036687398653077515,64.43703202049224,-64.29465791289834,69.86613807599963,-69.94578623131059,0.25,0.0,0.0,1.0,1.0,1.0,1.0,1.0,1.0
2.96,1.207292904551251,-0.07108960859028148,5.899966696983466,0.0,0.0,5.92,0.017739097921482778,-0.6534464149746412,0.003742834851759571,64.36462372242912,-64.22446365732564,70.27454329269827,-70.35061433058237,0.25,0.0,0.0,1.0,1.0,1.0,1.0,1.0,1.0
2.97,1.1864108631221641,-0.07220186575109133,5.918803284088217,0.0,0.0,5.94,0.017966146890224303,-0.6708007806241418,0.0038120444256663534,64.36580280801344,-64.22927974629135,70.63810738276231,-70.70924705577364,0.25,0.0,0.0,1.0,1.0,1.0,1.0,1.0,1.0
2.98,1.164894351626985,-0.07332905244254496,5.93749015559119,0.0,0.0,5.96,0.018182447629697503,-0.6876306166922391,0.0038754616710005908,64.44158224412925,-64.31012510756275,70.9561999891279,-71.0210647185117,0.25,0.0,0.0,1.0,1.0,1.0,1.0,1.0,1.0
2.99,1.1427266417078668,-0.07447120736441472,5.956019552579624,0.0,0.0,5.98,0.018387498615292285,-0.7038825517033075,0.0039322560160450016,64.59216330134913,-64.46718168688584,71.22886869313024,-71.28615006782753,0.25,0.0,0.0,1.0,1.0,1.0,1.0,1.0,1.0
3.0,1.1198913133002841,-0.0756283631494895,5.9743840667961,0.0,0.0,6.0,0.01858102611286704,-0.7195145009368525,0.003981750426720829,64.81695604947133,-64.69981098246164,71.45681630934446,-71.50526899910797,0.25,0.0,0.0,1.0,1.0,1.0,1.0,1.0,1.0
3.0100000000000002,1.096372137385379,-0.07680055023593449,5.992576835013802,0.0,0.0,6.0200000000000005,0.018763086333250637,-0.7344971478460738,0.004023542675565005,65.11458488004166,-65.00654074299645,71.64137516273615,-71.67986230723143,0.25,0.0,0.0,1.0,1.0,1.0,1.0,1.0,1.0
3.02,1.0721528375580185,-0.07798780298676684,6.010591834249917,0.0,0.0,6.04,0.018934004312885565,-0.7488162427579799,0.0040574220997605884,65.48256686971858,-65.38471427366882,71.78463572530579,-71.81220126216911,0.25,0.0,0.0,1.0,1.0,1.0,1.0,1.0,1.0
3.0300000000000002,1.0472172036548115,-0.07919015806292704,6.028423747243087,0.0,0.0,6.0600000000000005,0.019094375552051023,-0.762471228370405,0.004083380593593536,65.9169262869977,-65.83016304147196,71.88960548996747,-71.90548983839531,0.25,0.0,0.0,1.0,1.0,1.0,1.0,1.0,1.0
3.04,1.0215491795889535,-0.08040765333672577,6.046067852364494,0.0,0.0,6.08,0.019245074972104863,-0.7754739176971382,0.004101637058972753,66.41327391689947,-66.33829090047792,71.95965050585043,-71.96330115758609,0.25,0.0,0.0,1.0,1.0,1.0,1.0,1.0,1.0
3.0500000000000003,0.9951328837157829,-0.08164032814899821,6.063519978412998,0.0,0.0,6.1000000000000005,0.01938725436557197,-0.7878475892637438,0.004112649469346561,66.96703757396621,-66.9042944098801,71.99842771802814,-71.98951959617757,0.25,0.0,0.0,1.0,1.0,1.0,1.0,1.0,1.0
3.06,0.967952593763615,-0.08288822416882438,6.080776483233312,0.0,0.0,6.12,0.019522330235731928,-0.7996262167849506,0.0041171169391269954,67.57340154070988,-67.52310177334158,72.00991681538946,-71.98837292159304,0.25,0.0,0.0,1.0,1.0,1.0,1.0,1.0,1.0
3.0700000000000003,0.9399927016468937,-0.08415138669577012,6.097834236127348,0.0,0.0,6.140000000000001,0.019651962455863887,-0.8108537204849781,0.004115972488387522,68.17507469673059,-68.13723206760625,72.05062405534572,-72.01654498130648,0.25,0.0,0.0,1.0,1.0,1.0,1.0,1.0,1.0
3.08,0.9112376849540496,-0.08542986546449607,6.114690610988217,0.0,0.0,6.16,0.01977801917269208,-0.8215820330210161,0.004110363535217879,68.69195472438562,-68.66664005189732,72.19973351257717,-72.15314647425276,0.25,0.0,0.0,1.0,1.0,1.0,1.0,1.0,1.0
3.09,0.881672014205218,-0.0867237165396219,6.131343478884915,0.0,0.0,6.18,0.01990251448750517,-0.8318640804399363,0.004101609278443508,69.17125805273011,-69.16625263013253,72.4071825142328,-72.34038420853089,0.25,0.0,0.0,1.0,1.0,1.0,1.0,1.0,1.0
3.1,0.8512800623849532,-0.08803300415534981,6.147791182465836,0.0,0.0,6.2,0.02002767852715856,-0.841744845441276,0.0040912494251136335,69.42993456023765,-69.43753658832108,72.85875507019034,-72.77950224146687,0.25,0.0,0.0,1.0,1.0,1.0,1.0,1.0,1.0
3.11,0.8200461247418754,-0.08935780084739364,6.164032520196271,0.0,0.0,6.22,0.020156164207540996,-0.8512556606104406,0.004081193172370278,69.45573600275837,-69.46867859699498,73.56602996447396,-73.48161754534003,0.25,0.0,0.0,1.0,1.0,1.0,1.0,1.0,1.0
3.12,0.7879542505211709,-0.09069819169682825,6.1800667415510615,0.0,0.0,6.24,0.020290265571842946,-0.8603972152120642,0.004073135192725578,69.32548568199688,-69.3442228741309,74.44960921050365,-74.35957786563208,0.25,0.0,0.0,1.0,1.0,1.0,1.0,1.0,1.0
3.13,0.7549882834695957,-0.09205427541947757,6.195893594750818,0.0,0.0,6.26,0.02043148361209988,-0.8691295836019736,0.004068204201808857,69.01673972033967,-69.04009367225335,75.53133848576549,-75.43683114554449,0.25,0.0,0.0,1.0,1.0,1.0,1.0,1.0,1.0
3.14,0.7211316433789456,-0.09342617075439166,6.211513531098145,0.0,0.0,6.28,0.020580725211774793,-0.8773744103862957,0.004067058611073855,68.52505919752117,-68.55194648678379,76.81473866793073,-76.71678412958644,0.25,0.0,0.0,1.0,1.0,1.0,1.0,1.0,1.0
3.15,0.686366799257908,-0.09481402887120942,6.226928254707972,0.0,0.0,6.3,0.020738346551284304,-0.8850184336560616,0.004069864177837815,67.85107392708012,-67.8808895851544,78.29787904611237,-78.19701615122182,0.25,0.0,0.0,1.0,1.0,1.0,1.0,1.0,1.0
3.16,0.6506753555035145,-0.0962180360677792,6.242140859265828,0.0,0.0,6.32,0.020904317832795265,-0.8919115876227071,0.004076484826994938,66.98535293045477,-67.01664440725489,79.98824363319623,-79.88585590927893,0.25,0.0,0.0,1.0,1.0,1.0,1.0,1.0,1.0
3.17,0.6140381730032148,-0.09763841729501475,6.257155922386479,0.0,0.0,6.34,0.021078211580044987,-0.8978641770571333,0.004086459200382724,65.92868018970728,-65.9605488960322,81.88213707502042,-81.77905646580015,0.25,0.0,0.0,1.0,1.0,1.0,1.0,1.0,1.0
3.18,0.5764354794928475,-0.09907544152025294,6.271979744622642,0.0,0.0,6.36,0.02125911284031273,-0.9026441603619644,0.004098909547104873,64.68046713713075,-64.71249286726925,83.97681173566848,-83.87339986082107,0.25,0.0,0.0,1.0,1.0,1.0,1.0,1.0,1.0
3.19,0.5378469502879336,-0.10052942951490867,6.28662069359521,0.0,0.0,6.38,0.021445579131271927,-0.9059751439903677,0.004112489159991153,63.23544864875399,-63.26707081272632,86.27392980091582,-86.17070399777077,0.25,0.0,0.0,1.0,1.0,1.0,1.0,1.0,1.0
3.2,0.4982518013244707,-0.10200076366238817,6.30108966919185,0.0,0.0,6.4,0.021635644332334208,-0.9075348257284153,0.0041253696391150415,61.596686425272075,-61.627877150690246,88.76578450393663,-88.66275291778959,0.25,0.0,0.0,1.0,1.0,1.0,1.0,1.0,1.0
3.21,0.45762884126583914,-0.10348990114736727,6.315400687108756,0.0,0.0,6.42,0.02182684373538693,-0.9069534698786906,0.004135256355661267,59.770800761115964,-59.803036271546546,91.4397830697274,-91.3354816901434,0.25,0.0,0.0,1.0,1.0,1.0,1.0,1.0,1.0
3.22,0.4159566385144393,-0.10499738842574449,6.329571571102815,0.0,0.0,6.44,0.02201632665270721,-0.9038132503529471,0.004139475544664081,57.761080122250775,-57.79638935312532,94.2855647513472,-94.17801694077852,0.25,0.0,0.0,1.0,1.0,1.0,1.0,1.0,1.0
3.23,0.3732137843129656,-0.10652387794925453,6.343624742892695,0.0,0.0,6.459999999999999,0.022201094983993065,-0.8976485157007985,0.004135158025680331,55.558779602914484,-55.598663035480286,97.3035167335821,-97.1913210165274,0.25,0.0,0.0,1.0,1.0,1.0,1.0,1.0,1.0
3.24,0.3293791980109741,-0.1080701489722836,6.3575881380333685,0.0,0.0,6.480000000000001,0.02237827173773236,-0.8879460539306191,0.004119458038004984,53.85429423339153,-53.900579511557,99.7926873632408,-99.67416522310256,0.25,0.0,0.0,1.0,1.0,1.0,1.0,1.0,1.0
3.25,0.2844334630937096,-0.10963711530101142,6.371495551130072,0.0,0.0,6.5,0.022545418719574547,-0.8741594112155733,0.00408982928465636,54.220754318133736,-54.275259628665054,100.16723034921195,-100.04076243898167,0.25,0.0,0.0,1.0,1.0,1.0,1.0,1.0,1.0
3.2600000000000002,0.23836471853634392,-0.11122575069734415,6.385383184295752,0.0,0.0,6.5200000000000005,0.022701271015711566,-0.8557989792318961,0.004044642400070386,54.55381259516448,-54.62420423679707,100.515916165763,-100.3740795075934,0.25,0.0,0.0,1.0,1.0,1.0,1.0,1.0,1.0
3.27,0.19117682969656388,-0.11283695583454664,6.399284197312625,0.0,0.0,6.540000000000001,0.022846623555851115,-0.8325627237153738,0.0039838773904325485,54.85152522331528,-54.940006272046254,100.8313235173357,-100.67218681942067,0.25,0.0,0.0,1.0,1.0,1.0,1.0,1.0,1.0
3.2800000000000002,0.14288491204648043,-0.11447164952663683,6.413232492744189,0.0,0.0,6.5600000000000005,0.02298411680674822,-0.8042762797105204,0.003908788992846062,55.11335507408157,-55.22189079269897,101.11267728758096,-100.93454742059441,0.25,0.0,0.0,1.0,1.0,1.0,1.0,1.0,1.0
3.29,0.09351231849344747,-0.11613083507531147,6.427265540989364,0.0,0.0,6.58,0.023117548891590744,-0.7708332341872317,0.0038212804388069385,55.33752869032187,-55.4683064720474,101.35843710925981,-101.1593768945043,0.25,0.0,0.0,1.0,1.0,1.0,1.0,1.0,1.0
3.3000000000000003,0.04308999529943082,-0.1178156225960391,6.441425168128105,0.0,0.0,6.6,0.023251420383287952,-0.7321652279127506,0.0037234883552484674,55.520154513360346,-55.6750791526982,101.56444544870523,-101.34276705874817,0.25,0.0,0.0,1.0,1.0,1.0,1.0,1.0,1.0
3.31,-0.0083429285976954,-0.11952722262300308,6.455757357900444,0.0,0.0,6.62,0.023390776399452116,-0.688229380714725,0.0036176198474889335,55.66228852849185,-55.832384327293376,101.72089646087201,-101.48575523630805,0.25,0.0,0.0,1.0,1.0,1.0,1.0,1.0,1.0
3.3200000000000003,-0.06073956115678349,-0.12126696947526247,6.47031188432547,0.0,0.0,6.640000000000001,0.023540630855775017,-0.6389954075330708,0.0035053281965837114,55.74878541745707,-55.940124130762456,101.82771155859407,-101.5731768310203,0.25,0.0,0.0,1.0,1.0,1.0,1.0,1.0,1.0
3.33,-0.11404306525336695,-0.1230362684334361,6.485140744512464,0.0,0.0,6.659999999999999,0.02370525724388963,-0.5844451655205626,0.003387064620717508,55.7765706245215,-55.990107264403015,101.8767138837097,-101.60194284660966,0.25,0.0,0.0,1.0,1.0,1.0,1.0,1.0,1.0
3.34,-0.16818610610235726,-0.12483657576624481,6.500296625183469,0.0,0.0,6.68,0.023888756444389668,-0.5245671081016412,0.003262269587087835,55.74195191482192,-55.9764146464279,101.86198829558529,-101.56835710705937,0.25,0.0,0.0,1.0,1.0,1.0,1.0,1.0,1.0
3.35,-0.2230902145290348,-0.12666936692615002,6.515831204170873,0.0,0.0,6.7,0.024095292221624195,-0.4593547480578512,0.0031293695679861155,57.45345862281154,-57.70742670220447,99.96777064899936,-99.65681415068339,0.25,0.0,0.0,1.0,1.0,1.0,1.0,1.0,1.0
3.36,-0.2786654409525308,-0.12853610254503495,6.531793389784239,0.0,0.0,6.720000000000001,0.02432916120642788,-0.3888385497615708,0.002985802630739287,61.74200678395942,-62.01506220407673,95.35907574417223,-95.0313535287014,0.25,0.0,0.0,1.0,1.0,1.0,1.0,1.0,1.0
3.37,-0.33481014775768836,-0.1304381811782195,6.5482267871115845,0.0,0.0,6.74,0.024595238382620052,-0.3132320617224701,0.002828378758626383,66.19109104252972,-66.49551810050014,90.45025062782838,-90.09366473791609,0.25,0.0,0.0,1.0,1.0,1.0,1.0,1.0,1.0
3.38,-0.3914106022410498,-0.13237679971231944,6.565164866305958,0.0,0.0,6.76,0.0249000627718438,-0.23305804014037212,0.002653222876024837,70.81653576708689,-71.10670613403366,85.24108838079172,-84.90150921139417,0.25,0.0,0.0,1.0,1.0,1.0,1.0,1.0,1.0
3.39,-0.4483435741895684,-0.13435294810182422,6.5826289201009756,0.0,0.0,6.779999999999999,0.025251613034348926,-0.14907171407875838,0.0024551134498983058,75.4723929121743,-75.76621107580517,79.87924996640861,-79.53908278939345,0.25,0.0,0.0,1.0,1.0,1.0,1.0,1.0,1.0
3.4,-0.505479142499695,-0.13636737813888425,6.600627719617799,0.0,0.0,6.8,0.0256580185671492,-0.06218977988792302,0.0022268042338292504,80.08593427906712,-80.38399675666848,74.46123846184541,-74.12028773419256,0.25,0.0,0.0,1.0,1.0,1.0,1.0,1.0,1.0
3.41,-0.5626840267785165,-0.13842065295936176,6.6191591796216365,0.0,0.0,6.82,0.026128577037198137,0.026566054201966904,0.0019591951718128885,84.58122133228476,-84.87839675746821,69.088447188244,-68.7523718349126,0.25,0.0,0.0,1.0,1.0,1.0,1.0,1.0,1.0
3.42,-0.6198241134176081,-0.14051319615659297,6.638212223393555,0.0,0.0,6.840000000000001,0.026674233109393784,0.1161133229196786,0.0016411323221217757,88.8884705907638,-89.17680457694047,63.85495538564817,-63.53239632020607,0.25,0.0,0.0,1.0,1.0,1.0,1.0,1.0,1.0
3.43,-0.6767662528112341,-0.14264533904410132,6.657768503273378,0.0,0.0,6.860000000000001,0.027307596680014656,0.20534572474695295,0.0012591485160746512,92.94595465304604,-93.21514016327833,58.84420454569432,-58.546350179690144,0.25,0.0,0.0,1.0,1.0,1.0,1.0,1.0,1.0
3.44,-0.7333795123558455,-0.1448173590608292,6.677803723047434,0.0,0.0,6.88,0.028042806586525987,0.2931644323947701,0.0007973661985589065,96.70023492479501,-96.93761090528483,54.128348240609625,-53.8689762597266,0.25,0.0,0.0,1.0,1.0,1.0,1.0,1.0,1.0
3.45,-0.7895361653525828,-0.1470295065040813,6.6982885049794545,0.0,0.0,6.9,0.028895180969785134,0.37850451962515846,0.0002376585503080364,97.76661807020898,-97.95715335948695,52.10812851325916,-51.90366407504193,0.25,0.0,0.0,1.0,1.0,1.0,1.0,1.0,1.0
3.46,-0.8451141916430351,-0.14928192035499172,6.719185506965176,0.0,0.0,6.92,0.029880499383396087,0.46040609086971507,-0.00043987279733928624,97.3361720199219,-97.46046943674143,51.60655583851424,-51.47810677675427,0.25,0.0,0.0,1.0,1.0,1.0,1.0,1.0,1.0
3.47,-0.9000045802093514,-0.1515743066519574,6.740439072888662,0.0,0.0,6.94,0.03101413042027541,0.5381990256873472,-0.0012562909918311658,96.93710528180719,-96.97289495436355,51.113063476077336,-51.08495791869859,0.25,0.0,0.0,1.0,1.0,1.0,1.0,1.0,1.0
3.48,-0.9541152876079259,-0.15390594765519577,6.761977256488561,0.0,0.0,6.959999999999999,0.03231041556916703,0.6115141237866408,-0.0022330016256572635,96.57202478298264,-96.5277493380218,50.660786876099486,-50.72700840351012,0.25,0.0,0.0,1.0,1.0,1.0,1.0,1.0,1.0
3.49,-1.0073688213212224,-0.15627597743225627,6.783722548504064,0.0,0.0,6.980000000000001,0.03378276062762686,0.6801580252457313,-0.0033906069153945193,96.28421628869945,-96.11873433273372,50.243240817003446,-50.4477309630349,0.25,0.0,0.0,1.0,1.0,1.0,1.0,1.0,1.0
3.5,-1.0596987664749777,-0.15868356963524768,6.805598739840434,0.0,0.0,7.0,0.03544443225700789,0.7440220502549816,-0.0047478297522424995,96.08038234932965,-95.76488897851566,49.87928438927689,-50.25400809717359,0.25,0.0,0.0,1.0,1.0,1.0,1.0,1.0,1.0
3.5100000000000002,-1.1110479569399296,-0.16112799260472888,6.827533051363205,0.0,0.0,7.0200000000000005,0.03730387212751068,0.8030430994920208,-0.006319426569207477,95.96847450925652,-95.46919072977369,49.57173151271625,-50.15395488491913,0.25,0.0,0.0,1.0,1.0,1.0,1.0,1.0,1.0
3.52,-1.1613674588991707,-0.1636086178824805,6.849456903579393,0.0,0.0,7.040000000000001,0.03936084917745565,0.8571860708046837,-0.00811279489337528,95.94305042549206,-95.24029409837638,49.32910780950707,-50.14225787296654,0.25,0.0,0.0,1.0,1.0,1.0,1.0,1.0,1.0
3.5300000000000002,-1.2106152081129649,-0.16612493391605748,6.871306473953214,0.0,0.0,7.0600000000000005,0.041602238612760856,0.9064315472158874,-0.010123651750798428,95.99768181449693,-95.08341366796266,49.156563249778976,-50.21255339128578,0.25,0.0,0.0,1.0,1.0,1.0,1.0,1.0,1.0
3.54,-1.2587554006782458,-0.1686765320693443,6.893023244330606,0.0,0.0,7.08,0.04399775956771493,0.9507709159125162,-0.012331426504943845,96.13586499596887,-94.99015204673013,49.04573785125491,-50.36830035004926,0.25,0.0,0.0,1.0,1.0,1.0,1.0,1.0,1.0
3.5500000000000003,-1.3057570342807059,-0.17126311738075198,6.914554364315965,0.0,0.0,7.1,0.04649542662325552,0.9901992906228829,-0.014694496414208892,96.34713971453141,-94.96500117782051,49.00130323077018,-50.598858820186905,0.25,0.0,0.0,1.0,1.0,1.0,1.0,1.0,1.0
3.56,-1.3515930271728582,-0.17388449751334348,6.9358530063965045,0.0,0.0,7.12,0.049015457038330094,1.0247124137686836,-0.017144874283718626,96.6195278232908,-95.0124163073132,49.02807818716579,-50.89188710204336,0.25,0.0,0.0,1.0,1.0,1.0,1.0,1.0,1.0
3.5700000000000003,-1.396239174069917,-0.1765405738886171,6.956878716232461,0.0,0.0,7.140000000000001,0.05144369982577305,1.0543040080346366,-0.019582485716614806,96.93819451650536,-95.1383747584261,49.132633876057554,-51.231956557479066,0.25,0.0,0.0,1.0,1.0,1.0,1.0,1.0,1.0
3.58,-1.4396734887322318,-0.17923131624231273,6.977597532694791,0.0,0.0,7.159999999999999,0.053632296375315115,1.0789666881177895,-0.021873620705289896,97.28472930561321,-95.35116205935907,49.32412992288031,-51.59978260069714,0.25,0.0,0.0,1.0,1.0,1.0,1.0,1.0,1.0
3.59,-1.4818758528425753,-0.18195672442324926,6.997981995944826,0.0,0.0,7.18,0.05541276453466333,1.0986905226291381,-0.023862223670231598,97.63840228788793,-95.66045563374843,49.6134116378788,-51.973467442362725,0.25,0.0,0.0,1.0,1.0,1.0,1.0,1.0,1.0
3.6,-1.5228274935536033,-0.18471679609169256,7.018011331874125,0.0,0.0,7.2,0.056620666521877576,1.1134609652868426,-0.025392096660652244,97.97933957657753,-96.0744295852147,50.01001618810271,-52.33177413229467,0.25,0.0,0.0,1.0,1.0,1.0,1.0,1.0,1.0
3.61,-1.5625108228206095,-0.18751149140157736,7.037671522605856,0.0,0.0,7.220000000000001,0.05712198521928648,1.1232596488363,-0.026333221512898193,98.29244778766486,-96.59567250989379,50.51789647665538,-52.65824497950843,0.25,0.0,0.0,1.0,1.0,1.0,1.0,1.0,1.0
3.62,-1.6009095845936443,-0.19034070107550588,7.056955313988531,0.0,0.0,7.24,0.05683717742920209,1.1280643578898684,-0.02660522702580853,98.56992879651179,-97.2187689088195,51.13277264486334,-52.943946219073105,0.25,0.0,0.0,1.0,1.0,1.0,1.0,1.0,1.0
3.63,-1.6380090410499277,-0.19320422842352694,7.075862290493736,0.0,0.0,7.26,0.055760368197494185,1.1278490018176834,-0.026195854332822066,98.81245966595212,-97.9292394053301,51.84086731624587,-53.18885291364151,0.25,0.0,0.0,1.0,1.0,1.0,1.0,1.0,1.0
3.64,-1.6737962088442506,-0.1961017878965603,7.094398995077567,0.0,0.0,7.279999999999999,0.05396710395965961,1.122583932322982,-0.02516829017362964,99.02923369942543,-98.70344665150883,52.6186502176396,-53.40205129189983,0.25,0.0,0.0,1.0,1.0,1.0,1.0,1.0,1.0
3.65,-1.7082601833355944,-0.19903302166610712,7.112579061155834,0.0,0.0,7.3,0.051606450718660254,1.112236594853657,-0.02365333902154789,99.23594239996004,-99.51052357592704,53.4347023746698,-53.59978475982242,0.25,0.0,0.0,1.0,1.0,1.0,1.0,1.0,1.0
3.66,-1.741392574844473,-0.2019975347017236,7.130423332660589,0.0,0.0,7.32,0.048878354086708264,1.096772426137997,-0.02182744809442577,99.45092927017436,-100.31616179417338,54.25357289463096,-53.80153932832195,0.25,0.0,0.0,1.0,1.0,1.0,1.0,1.0,1.0
3.67,-1.773188072888765,-0.2049949468808502,7.147959947469707,0.0,0.0,7.340000000000001,0.04600210593571034,1.0761558306855843,-0.01988242294367135,99.69041382148316,-101.08737511606323,55.0407344136708,-54.02507568248076,0.25,0.0,0.0,1.0,1.0,1.0,1.0,1.0,1.0
3.68,-1.803645150552523,-0.20802495830603604,7.165224356890429,0.0,0.0,7.360000000000001,0.043184303170255366,1.050351071129782,-0.017995091453598417,99.96423025254708,-101.79679828466479,55.76714635422207,-54.281903341594955,0.25,0.0,0.0,1.0,1.0,1.0,1.0,1.0,1.0
3.69,-1.8327669131439424,-0.21108742196346506,7.182259250570922,0.0,0.0,7.38,0.04059389053410007,1.019322977190086,-0.016304273091384016,100.27333953282005,-102.42527257572857,56.412105493446255,-54.57452777370752,0.25,0.0,0.0,1.0,1.0,1.0,1.0,1.0,1.0
3.7,-1.8605620847556872,-0.2141824165748263,7.1991143538029245,0.0,0.0,7.4,0.03834855432949729,0.9830374775298005,-0.01489902845744061,100.60962217058488,-102.9622213751057,56.963822702143396,-54.89604200215235,0.25,0.0,0.0,1.0,1.0,1.0,1.0,1.0,1.0
3.71,-1.8870461149497013,-0.21731031224136846,7.215846062692934,0.0,0.0,7.42,0.03651272597699344,0.9414620304058117,-0.013818171188354059,100.95763713210175,-103.404139230162,57.41801463016496,-55.23178289070396,0.25,0.0,0.0,1.0,1.0,1.0,1.0,1.0,1.0
3.72,-1.9122423775440418,-0.22047182224209233,7.23251688192611,0.0,0.0,7.44,0.03510445116672911,0.8945660450960814,-0.013058100320192036,99.47055939022323,-101.92511952646726,59.6023042144155,-57.389132996962516,0.25,0.0,0.0,1.0,1.0,1.0,1.0,1.0,1.0
3.73,-1.936184016668686,-0.22366801841751827,7.249194120351732,0.0,0.0,7.459999999999999,0.03410703756477149,0.8423599179653126,-0.012585700979651936,96.17827996386909,-98.58176301043004,63.46824845413612,-61.29287668762741,0.25,0.0,0.0,1.0,1.0,1.0,1.0,1.0,1.0
3.74,-1.9589169039249328,-0.22690028256147432,7.265947188906634,0.0,0.0,7.480000000000001,0.033483879125211516,0.7850397230197097,-0.012354387119680642,92.59439874047818,-94.8968957114468,67.48675745080855,-65.40411944021136,0.25,0.0,0.0,1.0,1.0,1.0,1.0,1.0,1.0
3.75,-1.980498955145269,-0.23017031941652366,7.2828464688637045,0.0,0.0,7.5,0.03319453896708899,0.7230415128505233,-0.012315763569346336,88.73945522494905,-90.92627919258433,71.62457809497329,-69.65357227783679,0.25,0.0,0.0,1.0,1.0,1.0,1.0,1.0,1.0
3.7600000000000002,-2.0010008005285767,-0.23348009280594229,7.299960862339824,0.0,0.0,7.5200000000000005,0.03319917750856975,0.6569893063518307,-0.012423020145423272,84.68516299719342,-86.72502527259971,75.8043151008134,-73.97959626309995,0.25,0.0,0.0,1.0,1.0,1.0,1.0,1.0,1.0
3.77,-2.0205044393115013,-0.2368317965650406,7.317356260889754,0.0,0.0,7.540000000000001,0.0334617173224439,0.58764293898566,-0.012633387589812941,80.4950554832035,-82.4030335245036,79.95313771801699,-78.26217677399752,0.25,0.0,0.0,1.0,1.0,1.0,1.0,1.0,1.0
3.7800000000000002,-2.039101137489069,-0.24022783592330507,7.335094610535419,0.0,0.0,7.5600000000000005,0.03395156858181434,0.5158590400077137,-0.012909163292063154,76.249508784126,-78.03012118684849,83.99163851404428,-82.43171810662314,0.25,0.0,0.0,1.0,1.0,1.0,1.0,1.0,1.0
3.79,-2.0568894039142287,-0.24367080772887942,7.353233260290816,0.0,0.0,7.58,0.03464553389322626,0.4425586134650399,-0.013218486456844585,72.02191981941353,-73.67713990189705,87.84940487798593,-86.41969430230273,0.25,0.0,0.0,1.0,1.0,1.0,1.0,1.0,1.0
3.8000000000000003,-2.0739730860732406,-0.24716348019121367,7.3718243979828015,0.0,0.0,7.6,0.03552790994454572,0.3686980365472327,-0.013534603416342649,67.88047720912856,-69.41065031291487,91.46305444513915,-90.16379439854242,0.25,0.0,0.0,1.0,1.0,1.0,1.0,1.0,1.0
3.81,-2.09045962837358,-0.25070877131164343,7.390914498375319,0.0,0.0,7.62,0.036589614196918877,0.2952429025530778,-0.013834580814272586,63.88795536949167,-65.2913158704917,94.77628006697608,-93.60935485400391,0.25,0.0,0.0,1.0,1.0,1.0,1.0,1.0,1.0
3.8200000000000003,-2.106458435560216,-0.25430972484580233,7.410543739447943,0.0,0.0,7.640000000000001,0.0378269878197514,0.2231443263964294,-0.014098092989083436,60.10110854480887,-61.37339008067755,97.74041313062457,-96.70980717245459,0.25,0.0,0.0,1.0,1.0,1.0,1.0,1.0,1.0
3.83,-2.122079252673746,-0.25796948313214724,7.430745395232902,0.0,0.0,7.659999999999999,0.039240453816526015,0.15331771941161532,-0.01430650305093695,56.570124634328444,-57.70446273932873,100.31503208148877,-99.42697283475874,0.25,0.0,0.0,1.0,1.0,1.0,1.0,1.0,1.0
3.84,-2.1374304849509453,-0.2616912566435326,7.451545254511898,0.0,0.0,7.68,0.04083307716846295,0.08662417255090302,-0.014442336917319639,54.544496052629526,-55.53115172292275,101.26218136218189,-100.52544525476522,0.25,0.0,0.0,1.0,1.0,1.0,1.0,1.0,1.0
3.85,-2.1526175316267215,-0.26547820782431886,7.472959156731818,0.0,0.0,7.7,0.04260862864504518,0.023828451850847806,-0.014489033540255996,54.032845726948445,-54.85667201181505,100.58651521367614,-100.0149813664822,0.25,0.0,0.0,1.0,1.0,1.0,1.0,1.0,1.0
3.86,-2.167740810563165,-0.2693330972572032,7.494985328763813,0.0,0.0,7.720000000000001,0.04456848218561092,-0.03451470917939059,-0.014430785856498866,53.460237646429164,-54.15261169616369,99.88204702757766,-99.44278115641004,0.25,0.0,0.0,1.0,1.0,1.0,1.0,1.0,1.0
3.87,-2.182892533486915,-0.2732580931809102,7.517602495140563,0.0,0.0,7.74,0.04671107454569945,-0.08810308559941803,-0.01425418344204478,52.87803274131146,-53.39721666856065,99.12716076286418,-98.86006748840278,0.25,0.0,0.0,1.0,1.0,1.0,1.0,1.0,1.0
3.88,-2.198154641749837,-0.2772551304976731,7.540779930568317,0.0,0.0,7.76,0.049035061848796906,-0.13678185174607893,-0.013950773190681196,52.29469584267385,-52.62137390731114,98.35286053084302,-98.2751880605368,0.25,0.0,0.0,1.0,1.0,1.0,1.0,1.0,1.0
3.89,-2.213598619656209,-0.28132614693226005,7.564484039155323,0.0,0.0,7.779999999999999,0.05153494200401236,-0.180467653011514,-0.013515000342151117,51.72178122029985,-51.84240456428009,97.57654131681704,-97.69962330915773,0.25,0.0,0.0,1.0,1.0,1.0,1.0,1.0,1.0
3.9,-2.229285776376196,-0.2854731160360982,7.588679906385159,0.0,0.0,7.8,0.054199770434877795,-0.21912061107783354,-0.012944704834635294,51.16591805819054,-51.06969733909771,96.80764033832648,-97.1399539003566,0.25,0.0,0.0,1.0,1.0,1.0,1.0,1.0,1.0
3.91,-2.24526764592873,-0.28969805349257205,7.6133322221258855,0.0,0.0,7.82,0.05701299668958325,-0.25272946955751274,-0.012241942160451338,50.63009553352193,-50.30946571504535,96.05238994565684,-96.59915014430527,0.25,0.0,0.0,1.0,1.0,1.0,1.0,1.0,1.0
3.92,-2.261586491047942,-0.2940030260179436,7.638406201425147,0.0,0.0,7.840000000000001,0.059952476864980196,-0.2813016648365527,-0.011413422408324903,50.11496801443939,-49.566497395089215,95.31555988812978,-96.07788436279365,0.25,0.0,0.0,1.0,1.0,1.0,1.0,1.0,1.0
3.93,-2.2782758668503242,-0.29839015813843645,7.6638683843533695,0.0,0.0,7.860000000000001,0.06299072765048863,-0.3048566851998733,-0.01047056567030919,49.61944595850578,-48.84464691283122,94.60094609025052,-95.57512562248131,0.25,0.0,0.0,1.0,1.0,1.0,1.0,1.0,1.0
3.94,-2.295361201698409,-0.3028616348322411,7.689687274999045,0.0,0.0,7.88,0.06609549559088404,-0.32342163241702404,-0.009429172139429606,49.14106563256241,-48.14699477579346,93.91152931104203,-95.08850993870867,0.25,0.0,0.0,1.0,1.0,1.0,1.0,1.0,1.0
3.95,-2.3128603614483016,-0.30741969919967216,7.715833813859613,0.0,0.0,7.9,0.06923067196989621,-0.3370282628645763,-0.008308720166276337,48.67631246474147,-47.47591170394131,93.24954226409174,-94.61466074598587,0.25,0.0,0.0,1.0,1.0,1.0,1.0,1.0,1.0
3.96,-2.330784173023231,-0.3120666448452336,7.742281692291183,0.0,0.0,7.92,0.07235753223560855,-0.3457110256050501,-0.007131335475927556,48.22094551691406,-46.83308544712939,92.61650256610409,-94.1495072393342,0.25,0.0,0.0,1.0,1.0,1.0,1.0,1.0,1.0
3.97,-2.349136892189439,-0.31680480291406415,7.769007523397548,0.0,0.0,7.94,0.07543622918036191,-0.3495057738293166,-0.005920510944219092,47.77032277793087,-46.219529063588794,92.01323001873581,-93.6886006641787,0.25,0.0,0.0,1.0,1.0,1.0,1.0,1.0,1.0
3.98,-2.367916608006063,-0.3216365238718739,7.795990885244148,0.0,0.0,7.959999999999999,0.07842742785526757,-0.3484489315652928,-0.004699689117799833,47.31970451188843,-45.63559365404837,91.43987052479851,-93.22740648253313,0.25,0.0,0.0,1.0,1.0,1.0,1.0,1.0,1.0
3.99,-2.387115582046331,-0.3265641540875501,7.823214251406163,0.0,0.0,7.980000000000001,0.08129394441115069,-0.3425769741031866,-0.003490840404524309,46.86469982304248,-45.08077278899353,90.89571289645924,-92.7617385569716,0.25,0.0,0.0,1.0,1.0,1.0,1.0,1.0,1.0
4.0,-2.406720527305143,-0.3315900077829151,7.850662823253357,0.0,0.0,8.0,0.08400224228966713,-0.3319261057356362,-0.0023131728747552063,46.401158270561965,-44.55415660246345,90.37965536779721,-92.28763834662304,0.25,0.0,0.0,1.0,1.0,1.0,1.0,1.0,1.0
4.01,-2.4267128314710598,-0.3367163341114373,7.878324274422651,0.0,0.0,8.02,0.08652365260481377,-0.3165320934863041,-0.0011820928287497277,45.92563014903678,-44.05415440172561,89.88993947368532,-91.80182391847191,0.25,0.0,0.0,1.0,1.0,1.0,1.0,1.0,1.0
4.0200000000000005,-2.447068735877059,-0.3419452800091876,7.906188418316538,0.0,0.0,8.040000000000001,0.08883523230513196,-0.29643019367695206,-0.0001084997065202862,45.4354373636843,-43.57865438983556,89.42431885124736,-91.30175174366732,0.25,0.0,0.0,1.0,1.0,1.0,1.0,1.0,1.0
4.03,-2.467759481117786,-0.3472788490331582,7.934246806615433,0.0,0.0,8.06,0.09092020626012069,-0.27165514653061296,0.0009015441940341212,46.67715039400103,-44.873598612756744,87.23179586639611,-89.03724302340967,0.25,0.0,0.0,1.0,1.0,1.0,1.0,1.0,1.0
4.04,-2.4887511804169713,-0.35271876841555133,7.962491308395228,0.0,0.0,8.08,0.09276791907646005,-0.24226332820433796,0.0018464594865854691,48.5657157341028,-46.85251794765163,84.3937165623031,-86.0911653197928,0.25,0.0,0.0,1.0,1.0,1.0,1.0,1.0,1.0
4.05,-2.5100044046710397,-0.35826619711160773,7.990910831793759,0.0,0.0,8.1,0.09437369573913362,-0.2084173225509122,0.0027280629440665258,50.618769744902636,-49.06944499621748,81.39467491525593,-82.9117439585382,0.25,0.0,0.0,1.0,1.0,1.0,1.0,1.0,1.0
4.0600000000000005,-2.5314750083910877,-0.3639217202468445,8.019491957947713,0.0,0.0,8.120000000000001,0.0957397840659925,-0.17041405710814067,0.0035517267665020847,52.845254590066446,-51.463984253997836,78.22366590453986,-79.557279849941,0.25,0.0,0.0,1.0,1.0,1.0,1.0,1.0,1.0
4.07,-2.5531150513285445,-0.3696853247929851,8.048218417594951,0.0,0.0,8.14,0.0968754103319607,-0.12864895563140483,0.004325877256105441,55.24289764836041,-53.95723598713697,74.8779480372553,-76.10156476703877,0.25,0.0,0.0,1.0,1.0,1.0,1.0,1.0,1.0
4.08,-2.5748738818887302,-0.37555648600455704,8.07707123494331,0.0,0.0,8.16,0.09779389652090609,-0.08358534639942199,0.0050607119623444574,57.69117523577575,-56.584503666013504,71.50467065042818,-72.53577369383187,0.25,0.0,0.0,1.0,1.0,1.0,1.0,1.0,1.0
4.09,-2.596699093670703,-0.3815341567598782,8.10602925278527,0.0,0.0,8.18,0.0985097495941669,-0.03573722977622909,0.0057672412923896405,60.174964056208786,-59.280861788658605,68.12146905494657,-68.92716600660857,0.25,0.0,0.0,1.0,1.0,1.0,1.0,1.0,1.0
4.1,-2.618537533866947,-0.38761690707765756,8.135070035085898,0.0,0.0,8.2,0.09904010978943312,0.014347694549531071,0.006457078954276004,62.66574998607978,-62.00028175330927,64.761863587864,-65.3265841803715,0.25,0.0,0.0,1.0,1.0,1.0,1.0,1.0,1.0
4.11,-2.6403360338102706,-0.39380303320238796,8.16417067586426,0.0,0.0,8.22,0.09940489073423776,0.0661012443603769,0.00714159252447671,65.13299292364297,-64.70398466190049,61.46112367080512,-61.77733355379869,0.25,0.0,0.0,1.0,1.0,1.0,1.0,1.0,1.0
4.12,-2.6620419153732033,-0.4000906564397058,8.19330846614054,0.0,0.0,8.24,0.09962609577878587,0.11894594694931461,0.007830986262952835,67.5471932285212,-67.3567401806101,58.252250640094395,-58.31794757705336,0.25,0.0,0.0,1.0,1.0,1.0,1.0,1.0,1.0
4.13,-2.683603309980101,-0.4064778060926447,8.222461387886389,0.0,0.0,8.26,0.09972725470663724,0.1723047083514974,0.00853356570768982,69.88051900554113,-69.92605731898063,55.16519925640165,-54.98286184839927,0.25,0.0,0.0,1.0,1.0,1.0,1.0,1.0,1.0
4.14,-2.7049693457930823,-0.41296248351294884,8.251608423143459,0.0,0.0,8.28,0.09973312868107087,0.22560922996777916,0.009255164123380207,72.10699767922205,-72.38212612763867,52.22686550053936,-51.80266463352744,0.25,0.0,0.0,1.0,1.0,1.0,1.0,1.0,1.0
4.15,-2.7260902660385034,-0.4195427071147887,8.28072968593776,0.0,0.0,8.3,0.09966965310753258,0.2783073442307577,0.009998679884562739,74.20299892756736,-74.69768044863265,49.460837881131255,-48.80447837601699,0.25,0.0,0.0,1.0,1.0,1.0,1.0,1.0,1.0
4.16,-2.74691753852014,-0.4262165406612907,8.309806402150796,0.0,0.0,8.32,0.09956405106776045,0.32986938581824876,0.010763689903590364,76.14742259762542,-76.84818502031648,46.88757659141437,-46.01214774624429,0.25,0.0,0.0,1.0,1.0,1.0,1.0,1.0,1.0
4.17,-2.7674040053218665,-0.4329821088816261,8.338820775654048,0.0,0.0,8.34,0.09944502774517941,0.37979368367576494,0.011546129914102003,77.92199031995956,-78.81191145040546,44.524452400521554,-43.44650092708643,0.25,0.0,0.0,1.0,1.0,1.0,1.0,1.0,1.0
4.18,-2.7875040390923065,-0.4398376180693388,8.367755773514487,0.0,0.0,8.36,0.09934296287230507,0.4276107613062452,0.012338058526121107,79.48916776804397,-80.59037088137741,42.41293283895287,-41.110030978499026,0.25,0.0,0.0,1.0,1.0,1.0,1.0,1.0,1.0
4.19,-2.8071740357061894,-0.4467813232949641,8.396594937762165,0.0,0.0,8.38,0.09929036160660658,0.4728886523071882,0.013127527893720976,80.87483093290635,-82.13289540489076,40.5185096774252,-39.04491229829956,0.25,0.0,0.0,1.0,1.0,1.0,1.0,1.0,1.0
4.2,-2.826372626203177,-0.4538115758306384,8.425322166497699,0.0,0.0,8.4,0.09932266419330361,0.5152348496209841,0.01389846368859191,82.05876723666877,-83.43719133305254,38.86317665185255,-37.25542844872044,0.25,0.0,0.0,1.0,1.0,1.0,1.0,1.0,1.0
4.21,-2.8450611847834364,-0.46092682217775527,8.453921563520517,0.0,0.0,8.42,0.09947644491878939,0.5542990680518642,0.014631060119943827,82.37945596053306,-83.84388709409168,38.1092934455596,-36.40207076767031,0.25,0.0,0.0,1.0,1.0,1.0,1.0,1.0,1.0
4.22,-2.8632048543601676,-0.4681255395762854,8.4823765253173,0.0,0.0,8.44,0.09978782977274872,0.5897861426153121,0.015302761258698458,82.15450947419758,-83.6680614542706,37.939866650349124,-36.17072543672421,0.25,0.0,0.0,1.0,1.0,1.0,1.0,1.0,1.0
4.23,-2.880774879081698,-0.4754059986559955,8.510667139762349,0.0,0.0,8.46,0.10029035947603329,0.6214949732425606,0.01588974662464902,81.96972029776558,-83.49343492219518,37.77110707452373,-35.980069304042196,0.25,0.0,0.0,1.0,1.0,1.0,1.0,1.0,1.0
4.24,-2.897748995082495,-0.4827663456941237,8.538770860398369,0.0,0.0,8.48,0.10101326876736089,0.6493168365396665,0.016368616305326808,81.82893640086266,-83.32260202880566,37.60540118965443,-35.83415839861905,0.25,0.0,0.0,1.0,1.0,1.0,1.0,1.0,1.0
4.25,-2.9141096393473642,-0.4902049361098899,8.566665737457361,0.0,0.0,8.5,0.10198048826205038,0.6731957394485242,0.01671805228237962,81.73615905733601,-83.15868954117029,37.4456713768783,-35.73719838023316,0.25,0.0,0.0,1.0,1.0,1.0,1.0,1.0,1.0
4.26,-2.929842541454683,-0.4977205409880204,8.594332388185267,0.0,0.0,8.52,0.10320975077815207,0.6931002904189673,0.0169205128063052,81.69283203852376,-83.00314190323353,37.29317587845905,-35.690819221903396,0.25,0.0,0.0,1.0,1.0,1.0,1.0,1.0,1.0
4.2700000000000005,-2.9449363013430156,-0.5053123943088246,8.621754390476914,0.0,0.0,8.540000000000001,0.10471197030325703,0.7090126174207312,0.01696387730936923,81.6975099449611,-82.85588392322515,37.14768628466844,-35.69372874212298,0.25,0.0,0.0,1.0,1.0,1.0,1.0,1.0,1.0
4.28,-2.9593822119889532,-0.5129802052182535,8.64891834181736,0.0,0.0,8.56,0.10648981358865847,0.720922952499739,0.01684283751463489,81.74684849427987,-82.71643730145954,37.00861842903496,-35.74268852530962,0.25,0.0,0.0,1.0,1.0,1.0,1.0,1.0,1.0
4.29,-2.973174117529534,-0.5207241664866199,8.675813894014675,0.0,0.0,8.58,0.10853656450335394,0.7288262139882818,0.016559891356047095,81.83610518877322,-82.58465628243496,36.87578019104909,-35.833002438764254,0.25,0.0,0.0,1.0,1.0,1.0,1.0,1.0,1.0
4.3,-2.9863082849492413,-0.5285449622442272,8.702433794330737,0.0,0.0,8.6,0.11083537890216007,0.7327195816400432,0.01612577829387979,81.95942090390693,-82.46093180478215,36.749584327481074,-35.95878953981317,0.25,0.0,0.0,1.0,1.0,1.0,1.0,1.0,1.0
4.3100000000000005,-2.9987832777349968,-0.5364437765880967,8.728773948973785,0.0,0.0,8.620000000000001,0.1133587929391459,0.7326004888249765,0.015559261056711383,82.10999438726418,-82.3461834462481,36.63104421961633,-36.11315477250112,0.25,0.0,0.0,1.0,1.0,1.0,1.0,1.0,1.0
4.32,-3.0105999346636447,-0.544422290520519,8.754833398602058,0.0,0.0,8.64,0.11606975917631417,0.7284661250078238,0.014886436161970858,81.75851120689669,-81.72014914278486,37.043369968357965,-36.80992810469438,0.25,0.0,0.0,1.0,1.0,1.0,1.0,1.0,1.0
4.33,-3.0217616278669825,-0.5524826431191516,8.780614011703957,0.0,0.0,8.66,0.11892373825718573,0.7203210192248175,0.014140638622569566,80.66639894166877,-80.35416028426067,38.2188574030845,-38.271045676052516,0.25,0.0,0.0,1.0,1.0,1.0,1.0,1.0,1.0
4.34,-3.032275157179444,-0.5606273014876958,8.806119455701806,0.0,0.0,8.68,0.1218726510126902,0.7082087747899813,0.01336082042987565,79.39199463360335,-78.81709393424754,39.59322038390384,-39.921098997515486,0.25,0.0,0.0,1.0,1.0,1.0,1.0,1.0,1.0
4.3500000000000005,-3.0421510778625356,-0.5688589815453252,8.8313546900189,0.0,0.0,8.700000000000001,0.12486793936061749,0.6922386956463364,0.01258504609654852,77.93839807352417,-77.11918814096116,41.158705341875525,-41.7445157924255,0.25,0.0,0.0,1.0,1.0,1.0,1.0,1.0,1.0
4.36,-3.051403892095045,-0.5771805614619321,8.856325449890319,0.0,0.0,8.72,0.1278630774200307,0.6725773325509998,0.011848266034184653,76.31960594354751,-75.28041780080156,42.89785830214561,-43.71719892463925,0.25,0.0,0.0,1.0,1.0,1.0,1.0,1.0,1.0
4.37,-3.060051818067686,-0.5855950334663751,8.881038072917347,0.0,0.0,8.74,0.13081590139482321,0.6494380494016022,0.011180905976781686,74.5545468807099,-73.32430496483876,44.78941118002843,-45.81267634850256,0.25,0.0,0.0,1.0,1.0,1.0,1.0,1.0,1.0
4.38,-3.0681163509270064,-0.59410547655615,8.905499486371514,0.0,0.0,8.76,0.13369037425362576,0.6230740473205264,0.010607757506922421,72.66412266820855,-71.27456859653468,46.81071925459886,-48.004954657249826,0.25,0.0,0.0,1.0,1.0,1.0,1.0,1.0,1.0
4.39,-3.075621758599903,-0.6027150386784468,8.929717242232753,0.0,0.0,8.78,0.13645759641064673,0.5937728023842324,0.01014743058104649,70.6703912476665,-69.15427242075737,48.93815006938621,-50.26896252828973,0.25,0.0,0.0,1.0,1.0,1.0,1.0,1.0,1.0
4.4,-3.0825945794741467,-0.6114269245173523,8.953699561421324,0.0,0.0,8.8,0.13909607088231743,0.5618511155648133,0.00981238847622283,68.59618182986938,-66.98573371234045,51.147243465483626,-52.580426642299514,0.25,0.0,0.0,1.0,1.0,1.0,1.0,1.0,1.0
4.41,-3.089063156520951,-0.6202443872911734,8.977455372910041,0.0,0.0,8.82,0.14159134818137717,0.5276504351488466,0.009609456307234582,66.46469820357753,-64.79068799310794,53.4130195710693,-54.915617674050345,0.25,0.0,0.0,1.0,1.0,1.0,1.0,1.0,1.0
4.42,-3.0950572260177314,-0.6291707233120056,9.00099434033064,0.0,0.0,8.84,0.14393523447920475,0.49153229395029946,0.009540637377358841,64.29934402422855,-62.59016468312072,55.71011262550756,-57.251424870705605,0.25,0.0,0.0,1.0,1.0,1.0,1.0,1.0,1.0
4.43,-3.1006075686900845,-0.6382092677674562,9.024326869545606,0.0,0.0,8.86,0.14612475413681564,0.453873788542626,0.009604068604757644,62.12330033027695,-60.40462355898742,58.01321411041203,-59.565225980123316,0.25,0.0,0.0,1.0,1.0,1.0,1.0,1.0,1.0
4.44,-3.105745723223527,-0.6473633898278075,9.047464089791797,0.0,0.0,8.88,0.14816102282612015,0.41506307257818065,0.009794980170880948,59.95917324663835,-58.25398376398969,60.29746484800022,-61.834881352235385,0.25,0.0,0.0,1.0,1.0,1.0,1.0,1.0,1.0
4.45,-3.1105037556144337,-0.6566364849995175,9.070417800678944,0.0,0.0,8.9,0.1500481536938449,0.3754948637067257,0.010106561688957936,57.8287411628386,-56.15752776711765,62.53876199422302,-64.0388673872423,0.25,0.0,0.0,1.0,1.0,1.0,1.0,1.0,1.0
4.46,-3.114914072577048,-0.666031962756778,9.093200378312298,0.0,0.0,8.92,0.15179227881485444,0.3355659817720793,0.010530678391846016,55.75273170671439,-54.13378751427767,64.71405630717345,-66.15644949546217,0.25,0.0,0.0,1.0,1.0,1.0,1.0,1.0,1.0
4.47,-3.1190092634452666,-0.6755532279123895,9.11582463629634,0.0,0.0,8.94,0.15340072828521867,0.29567094873558813,0.011058418152837023,53.75064021906731,-52.20041338533415,66.80162561737367,-68.1678925741814,0.25,0.0,0.0,1.0,1.0,1.0,1.0,1.0,1.0
4.48,-3.1228219530527794,-0.6852036548868645,9.138303641150038,0.0,0.0,8.96,0.15488138042382543,0.2561976898505757,0.01168047617545889,51.84058898166175,-50.37403456680431,68.78132113594474,-70.05469661524936,0.25,0.0,0.0,1.0,1.0,1.0,1.0,1.0,1.0
4.49,-3.1263846481881905,-0.6949865549008853,9.1606504861739,0.0,0.0,8.98,0.15624217832990678,0.21752338175029498,0.012387399882937007,50.03922188078607,-48.67011954692887,70.63478530945676,-71.7998420082928,0.25,0.0,0.0,1.0,1.0,1.0,1.0,1.0,1.0
4.5,-3.1297295624247616,-0.7049051370246052,9.182878032357822,0.0,0.0,9.0,0.15749079803281799,0.18001049675088704,0.013169724291825067,48.36162895435845,-47.10284174545539,72.34563800580668,-73.38803036595473,0.25,0.0,0.0,1.0,1.0,1.0,1.0,1.0,1.0
4.51,-3.1328884081556927,-0.7149624648339471,9.204998628786157,0.0,0.0,9.02,0.15863444925240186,0.14400309366973224,0.014018030240526481,46.821466487409474,-45.684730358710524,73.8994455775087,-74.80612047276024,0.25,0.0,0.0,1.0,1.0,1.0,1.0,1.0,1.0
4.5200000000000005,-3.1358921485731814,-0.7251614127590121,9.227023826648301,0.0,0.0,9.040000000000001,0.15967978387803705,0.10982342967419718,0.014922957957096292,45.437398611560454,-44.41969306369808,75.2772837913809,-76.05010909299239,0.25,0.0,0.0,1.0,1.0,1.0,1.0,1.0,1.0
4.53,-3.1387707177175637,-0.7355046169168155,9.24896410847213,0.0,0.0,9.06,0.16063278134088155,0.07776883600498084,0.01587525630450391,44.23009589316638,-43.30751676575819,76.45909928241322,-77.1209900280286,0.25,0.0,0.0,1.0,1.0,1.0,1.0,1.0,1.0
4.54,-3.1415526985260533,-0.7459944379200749,9.270828638077715,0.0,0.0,9.08,0.16149820303995993,0.04810907415988379,0.016866025555613527,43.2134526206634,-42.350687145311056,77.43214931169999,-78.01759075461418,0.25,0.0,0.0,1.0,1.0,1.0,1.0,1.0,1.0
4.55,-3.144264986522888,-0.7566329235422122,9.292625053588548,0.0,0.0,9.1,0.16227868779408225,0.02108402150352257,0.017887058835769753,42.396715489908665,-41.552848034245926,78.18898642290675,-78.73822214925619,0.25,0.0,0.0,1.0,1.0,1.0,1.0,1.0,1.0
4.5600000000000005,-3.146932446363998,-0.7674217788991108,9.314359308622208,0.0,0.0,9.120000000000001,0.16297394352268488,-0.0030981937318732863,0.018931068126194345,41.785997160875255,-40.91725008185746,78.72590126852747,-79.28218024059652,0.25,0.0,0.0,1.0,1.0,1.0,1.0,1.0,1.0
4.57,-3.149577579886051,-0.7783623443579103,9.33603556835953,0.0,0.0,9.14,0.16358022651252627,-0.02426257955299384,0.01999177626669371,41.38505268010058,-40.44598246356761,79.04207696799276,-79.65044133320485,0.25,0.0,0.0,1.0,1.0,1.0,1.0,1.0,1.0
4.58,-3.1522202230947127,-0.7894555794591471,9.357656163393415,0.0,0.0,9.16,0.16409008698276767,-0.042268222652040666,0.02106395060847226,41.19567685814271,-40.13953218648405,79.13908123000758,-79.84599059462377,0.25,0.0,0.0,1.0,1.0,1.0,1.0,1.0,1.0
4.59,-3.1548772894607353,-0.8007020590976975,9.379221597582521,0.0,0.0,9.18,0.16449229648814484,-0.05700865154568337,0.022143449087873593,41.20378047955328,-40.01250303964136,79.03511566131101,-79.85842803598095,0.25,0.0,0.0,1.0,1.0,1.0,1.0,1.0,1.0
4.6000000000000005,-3.1575625631447326,-0.8121019521501208,9.40073061503778,0.0,0.0,9.200000000000001,0.16477215831081155,-0.06841230444543363,0.023227227237804276,41.41784827106247,-40.050508478118104,78.7253328434016,-79.70584986792262,0.25,0.0,0.0,1.0,1.0,1.0,1.0,1.0,1.0
4.61,-3.160286573472655,-0.8236550543435243,9.42218043018781,0.0,0.0,9.22,0.16491304462931453,-0.0764411450443612,0.02431277600866971,41.84946022722008,-40.23151831399181,78.20144404891883,-79.41363072919893,0.25,0.0,0.0,1.0,1.0,1.0,1.0,1.0,1.0
4.62,-3.163056578536856,-0.8353608927138949,9.443567389309301,0.0,0.0,9.24,0.16489745788489896,-0.08108645145824264,0.025397501643239458,42.485543860804924,-40.55722405671313,77.47995152111511,-78.98355269684829,0.25,0.0,0.0,1.0,1.0,1.0,1.0,1.0,1.0
4.63,-3.1658766164290024,-0.8472188115275996,9.464887685688801,0.0,0.0,9.26,0.16470357736954447,-0.08236695975458941,0.02647956619745533,43.3088757573457,-41.03588445529989,76.58232248209401,-78.41164613969619,0.25,0.0,0.0,1.0,1.0,1.0,1.0,1.0,1.0
4.64,-3.168747582605466,-0.8592280279946968,9.486137698425653,0.0,0.0,9.28,0.16430354740975198,-0.08033211072869635,0.027557270047742603,44.318198361773774,-41.65026160776097,75.51020404925302,-77.71557062901243,0.25,0.0,0.0,1.0,1.0,1.0,1.0,1.0,1.0
4.65,-3.1716673036162835,-0.8713875811582745,9.507313906912065,0.0,0.0,9.3,0.16366677626365156,-0.07506310433289486,0.028631708729144806,45.50044329552681,-42.39342922266665,74.27711542516731,-76.902732970876,0.25,0.0,0.0,1.0,1.0,1.0,1.0,1.0,1.0
4.66,-3.174630625671078,-0.8836962572059924,9.528412554571043,0.0,0.0,9.32,0.16276008348847917,-0.0666706970719989,0.029707139063321144,46.838959427874585,-43.258504728066114,72.90033329990956,-75.98062215873513,0.25,0.0,0.0,1.0,1.0,1.0,1.0,1.0,1.0
4.67,-3.177629555139549,-0.8961525301761051,9.549429499732895,0.0,0.0,9.34,0.16154751496447406,-0.05529340986028995,0.030791005181127696,48.32606684911865,-44.22735358531506,71.38745787554134,-74.96721866139947,0.25,0.0,0.0,1.0,1.0,1.0,1.0,1.0,1.0
4.68,-3.1806534404297615,-0.9087545396932306,9.570360200765125,0.0,0.0,9.36,0.1599902973699508,-0.04109575474572636,0.03189408405251404,49.93722621472144,-45.297304375993676,69.76500977660237,-73.86704513615358,0.25,0.0,0.0,1.0,1.0,1.0,1.0,1.0,1.0
4.69,-3.183689191655987,-0.9215000681563545,9.591199789879546,0.0,0.0,9.38,0.1580466729040038,-0.024266473447487134,0.03303065502348868,51.65968249997393,-46.4523316283306,68.04679203614214,-72.69698680077789,0.25,0.0,0.0,1.0,1.0,1.0,1.0,1.0,1.0
4.7,-3.1867215157115507,-0.9343865290282105,9.611943182325813,0.0,0.0,9.4,0.155672042673922,-0.0050165395450142685,0.03421869055805137,53.476726532089,-47.67911068154726,66.25070335178589,-71.47130839573114,0.25,0.0,0.0,1.0,1.0,1.0,1.0,1.0,1.0
4.71,-3.189733159261466,-0.9474109549030434,9.63258520697675,0.0,0.0,9.42,0.1528188929805733,0.016423026134601094,0.03547997769947531,55.370568599947326,-48.96426596731164,64.3956503174408,-70.20418841208786,0.25,0.0,0.0,1.0,1.0,1.0,1.0,1.0,1.0
4.72,-3.192705149556071,-0.9605699841766019,9.653120741987184,0.0,0.0,9.44,0.14943662195858778,0.03980351281841407,0.036840202042321885,57.32272263704519,-50.29419349470395,62.50105593633357,-68.9097871807572,0.25,0.0,0.0,1.0,1.0,1.0,1.0,1.0,1.0
4.73,-3.1956170271872795,-0.9738598418358526,9.673544846741812,0.0,0.0,9.46,0.14547138860163508,0.06486100078837385,0.03832899290829983,59.31367820815482,-51.65549666342676,60.58715499294652,-67.60177695096637,0.25,0.0,0.0,1.0,1.0,1.0,1.0,1.0,1.0
4.74,-3.198447059117397,-0.9872763234735473,9.693852871211506,0.0,0.0,9.48,0.14086597481269492,0.09131905455946024,0.03997991736151077,61.32397242578374,-53.03434864515147,58.673866585152155,-66.29392316833338,0.25,0.0,0.0,1.0,1.0,1.0,1.0,1.0,1.0
4.75,-3.201172446032104,-1.0008147569618036,9.7140405575614,0.0,0.0,9.5,0.13555982898703062,0.1188913355719907,0.04183039572186136,63.33263935252259,-54.41831479244816,56.782375800990174,-64.99829324960945,0.25,0.0,0.0,1.0,1.0,1.0,1.0,1.0,1.0
4.76,-3.2037695106079958,-1.0144699666727903,9.734104105588223,0.0,0.0,9.52,0.12948920813447673,0.14728439378726624,0.04392151518585062,65.31901485849828,-55.79488696485926,54.93333130776024,-63.72672617904296,0.25,0.0,0.0,1.0,1.0,1.0,1.0,1.0,1.0
4.7700000000000005,-3.206213877780856,-1.0282362260410465,9.754040209929036,0.0,0.0,9.540000000000001,0.12258758311081237,0.176200447722294,0.046297702614534954,67.26243251956038,-57.152133473445495,53.14720154457005,-62.49023791041699,0.25,0.0,0.0,1.0,1.0,1.0,1.0,1.0,1.0
4.78,-3.2084806526505707,-1.0421072014152128,9.773846066043971,0.0,0.0,9.56,0.11478632425986883,0.20534016367215022,0.04900620507520535,69.14276084536979,-58.47850530796521,51.443788641146256,-61.29927200281953,0.25,0.0,0.0,1.0,1.0,1.0,1.0,1.0,1.0
4.79,-3.2105446009808345,-1.0560758903166334,9.793519344270486,0.0,0.0,9.58,0.10601569826015655,0.23440542033986259,0.05209633001037135,70.94032316291894,-59.76384981939863,49.842375150461585,-60.162761628657265,0.25,0.0,0.0,1.0,1.0,1.0,1.0,1.0,1.0
4.8,-3.2123803411239145,-1.0701345538906881,9.813058137631748,0.0,0.0,9.6,0.09620622978851896,0.2631020182742603,0.055618395057471515,72.63701821601222,-60.99843434290679,48.36070431517963,-59.0892200900707,0.25,0.0,0.0,1.0,1.0,1.0,1.0,1.0,1.0
4.8100000000000005,-3.213962541789863,-1.084274649767699,9.832460883412322,0.0,0.0,9.620000000000001,0.08529043380881644,0.2911422779556151,0.059622350587554274,74.21382803558095,-62.17440156328008,47.01749157089205,-58.08532317258278,0.25,0.0,0.0,1.0,1.0,1.0,1.0,1.0,1.0
4.82,-3.2152661467414907,-1.0984867642871419,9.851726273174988,0.0,0.0,9.64,0.07320498591731178,0.3182475935257353,0.06415604056259225,75.6536227489471,-63.284335199675944,45.8296750532142,-57.157422839521544,0.25,0.0,0.0,1.0,1.0,1.0,1.0,1.0,1.0
4.83,-3.2162666129408257,-1.1127605513697123,9.870853149549424,0.0,0.0,9.66,0.059893326940019684,0.3441509053726486,0.06926310535510147,76.94057724736597,-64.32188224190158,44.81302179854204,-56.3109782450304,0.25,0.0,0.0,1.0,1.0,1.0,1.0,1.0,1.0
4.84,-3.21694039120617,-1.1270846667181842,9.889840484949875,0.0,0.0,9.68,0.04530924221449035,0.3686002776016077,0.07498044940099242,78.0952129224222,-65.26010397525485,43.9485120882306,-55.57366742533771,0.25,0.0,0.0,1.0,1.0,1.0,1.0,1.0,1.0
4.8500000000000005,-3.2172645451549755,-1.1414467858777928,9.908687055025684,0.0,0.0,9.700000000000001,0.02941774995724034,0.3913577542619992,0.08133590866863752,79.0522718734088,-66.12785097804144,43.29970944345344,-54.91430074091945,0.25,0.0,0.0,1.0,1.0,1.0,1.0,1.0,1.0
4.86,-3.2172176267840267,-1.1558335062152056,9.927391606464191,0.0,0.0,9.72,0.012199030525778348,0.4122044991951367,0.08834531451925183,79.81395619112725,-66.91277723695818,42.86529663210483,-54.34562279868081,0.25,0.0,0.0,1.0,1.0,1.0,1.0,1.0,1.0
4.87,-3.216779777778766,-1.1702303642668543,9.945952677505838,0.0,0.0,9.74,-0.006347659594809149,0.430942493522583,0.0960099520237318,80.37659496912178,-67.60937371215194,42.649475242054464,-53.87339676265746,0.25,0.0,0.0,1.0,1.0,1.0,1.0,1.0,1.0
4.88,-3.2159328078231644,-1.1846218293754283,9.96436845903721,0.0,0.0,9.76,-0.026201138636573213,0.44739592136029904,0.10431416628949536,80.76436632790323,-68.19552148092863,42.63052407886532,-53.52217603278015,0.25,0.0,0.0,1.0,1.0,1.0,1.0,1.0,1.0
4.89,-3.2146609797298216,-1.1989913697599286,9.982636976794264,0.0,0.0,9.78,-0.0473155239368839,0.4614161633247783,0.11322329080215003,80.93189855397104,-68.6986555774737,42.85183842665176,-53.26282261998721,0.25,0.0,0.0,1.0,1.0,1.0,1.0,1.0,1.0
4.9,-3.2129506575576614,-1.2133214787936126,10.000755909926484,0.0,0.0,9.8,-0.06962173303311732,0.472880623367926,0.12268319809116285,79.94386613801134,-70.0566347531245,44.24933835646542,-52.15867792222848,0.25,0.0,0.0,1.0,1.0,1.0,1.0,1.0,1.0
4.91,-3.210791486105593,-1.2275938962602913,10.018723291836999,0.0,0.0,9.82,-0.09300801106166424,0.48170324300117956,0.1326153485282092,78.65166491435814,-71.42100792490153,45.971522179345115,-51.059032717843365,0.25,0.0,0.0,1.0,1.0,1.0,1.0,1.0,1.0
4.92,-3.20817202580582,-1.241788904435762,10.036537221485894,0.0,0.0,9.84,-0.11727533064151931,0.4878208701218429,0.1429014189658244,77.20022222462558,-72.64651870812492,47.86785584681495,-50.10490868936069,0.25,0.0,0.0,1.0,1.0,1.0,1.0,1.0,1.0
4.93,-3.2050856879036878,-1.2558863640673859,10.054197971121955,0.0,0.0,9.86,-0.14214757457116228,0.4912279828499945,0.15338282336416914,75.61599695937957,-73.74081919826318,49.92085677410732,-49.29969702806199,0.25,0.0,0.0,1.0,1.0,1.0,1.0,1.0,1.0
4.94,-3.201527170479147,-1.2698653053549862,10.071705927840622,0.0,0.0,9.88,-0.16730853362269835,0.4919553578607523,0.16387648214735054,73.94059230835033,-74.675710421262,52.08195979466088,-48.66740506250957,0.25,0.0,0.0,1.0,1.0,1.0,1.0,1.0,1.0
4.95,-3.19749362589613,-1.2837043173935077,10.089061644125321,0.0,0.0,9.9,-0.19242370768409509,0.4900754281536799,0.17418855780503054,72.21319523200329,-75.43234822972956,54.308226855999095,-48.2263240557395,0.25,0.0,0.0,1.0,1.0,1.0,1.0,1.0,1.0
4.96,-3.192984570788153,-1.297381759513045,10.10626583802732,0.0,0.0,9.92,-0.21715905846812408,0.4857002450231873,0.18412678290460688,70.47083669916064,-76.00075246642301,56.55979526550749,-47.986988578658824,0.25,0.0,0.0,1.0,1.0,1.0,1.0,1.0,1.0
4.97,-3.188001950105167,-1.3108760519587122,10.123319535813371,0.0,0.0,9.94,-0.24119686879907193,0.478979000354121,0.19351123313844204,68.74669100080453,-76.37926212347463,58.80148495415355,-47.952412570934605,0.25,0.0,0.0,1.0,1.0,1.0,1.0,1.0,1.0
4.98,-3.1825498124911995,-1.3241658318537581,10.140224118733363,0.0,0.0,9.96,-0.26424780028734246,0.4700925506542927,0.20218260079333564,67.0699484188262,-76.57234765036495,61.00183873291174,-48.11900176438919,0.25,0.0,0.0,1.0,1.0,1.0,1.0,1.0,1.0
4.99,-3.1766341972579717,-1.3372301721100863,10.156981426453656,0.0,0.0,9.98,-0.2860595579637824,0.4592480343336371,0.21000803667765072,65.46505597112254,-76.58991588135534,63.13427085591909,-48.47749353500884,0.25,0.0,0.0,1.0,1.0,1.0,1.0,1.0,1.0
5.0,-3.170262950657654,-1.3500487667639576,10.173593821699177,0.0,0.0,10.0,-0.3064219695844779,0.4466726175146251,0.21688431172369882,63.95177651532268,-76.44614997343928,65.17691299560043,-49.01391999152124,0.25,0.0,0.0,1.0,1.0,1.0,1.0,1.0,1.0
5.01,-3.163445468483984,-1.362602055647071,10.190064365524224,0.0,0.0,10.0,-0.3251700210147435,0.4326077825037995,0.22273980436362215,62.54545343129213,-76.15820382007594,67.1123256455577,-49.71083441718639,0.25,0.0,0.0,1.0,1.0,1.0,1.0,1.0,1.0
5.0200000000000005,-3.156192299468805,-1.3748712237591096,10.206397273621269,0.0,0.0,10.0,-0.3421848657754682,0.41730420979977517,0.2275364196901137,46.88903062400968,-61.37759059399521,54.55969882531669,-36.1801087172487,0.25,0.0,0.0,1.0,1.0,1.0,1.0,1.0,1.0
5.03,-3.1485258392137743,-1.3868469001760857,10.222574575105066,0.0,0.0,10.0,-0.3574139104592416,0.4010136136040447,0.2312837301432576,39.92649078132082,-55.07848960151095,50.47659449188541,-31.349773708215956,0.25,0.0,0.0,1.0,1.0,1.0,1.0,1.0,1.0
5.04,-3.1405057154336506,-1.3985520485116865,10.238496739583438,0.0,0.0,10.0,-0.3709336416988427,0.38398561643413004,0.2340716391122727,36.28804655453138,-51.88847957919967,49.44349325885732,-29.802776697949547,0.25,0.0,0.0,1.0,1.0,1.0,1.0,1.0,1.0
5.05,-3.132193452075465,-1.410018113423926,10.254053787414653,0.0,0.0,10.0,-0.3828673166014847,0.3664537656157159,0.23600442109914915,34.00381513390249,-49.90731850928148,49.54215658550256,-29.549667836097797,0.25,0.0,0.0,1.0,1.0,1.0,1.0,1.0,1.0
5.0600000000000005,-3.123637010862248,-1.4212712685010123,10.269159851299886,0.0,0.0,10.0,-0.3933374168567921,0.3486204303892637,0.23717449507977648,32.35930064152716,-48.46772103841673,50.08832184204717,-29.857152402429826,0.25,0.0,0.0,1.0,1.0,1.0,1.0,1.0,1.0
5.07,-3.1148711704281498,-1.432330313064283,10.283753412633848,0.0,0.0,10.0,-0.4024511034094031,0.33065741669225385,0.23765851641177602,31.05448020040479,-47.29897573983585,50.812336321535064,-30.4246517774421,0.25,0.0,0.0,1.0,1.0,1.0,1.0,1.0,1.0
5.08,-3.105921243401408,-1.4432080857850234,10.297792197404117,0.0,0.0,10.0,-0.41029998420285496,0.31271285062155035,0.23751968712063745,29.977517076241583,-46.29598802459191,51.60582658635089,-31.135711289689304,0.25,0.0,0.0,1.0,1.0,1.0,1.0,1.0,1.0
5.09,-3.096806096071501,-1.45391305007345,10.311248091335617,0.0,0.0,10.0,-0.41696213449842595,0.29491690143319066,0.23681053554273188,29.06633232529031,-45.400515462998484,52.41342350425012,-31.93002121994715,0.25,0.0,0.0,1.0,1.0,1.0,1.0,1.0,1.0
5.1000000000000005,-3.0875399796637426,-1.464450223570536,10.324102322149031,0.0,0.0,10.0,-0.4225020168302856,0.2773882658583669,0.23557350238634306,28.29573566074029,-44.58662459656422,53.20723401028656,-32.77951406015513,0.25,0.0,0.0,1.0,1.0,1.0,1.0,1.0,1.0
5.11,-3.0781339755863435,-1.4748220606800135,10.336343842968505,0.0,0.0,10.0,-0.42697348392365314,0.2602415093759657,0.23384180238998378,27.650479884661486,-43.83769115098444,53.96837152379499,-33.665938911481646,0.25,0.0,0.0,1.0,1.0,1.0,1.0,1.0,1.0
5.12,-3.0685969565174678,-1.4850291240169569,10.34796697847593,0.0,0.0,10.0,-0.4304253177277602,0.24358716295670682,0.23164507886941538,27.125741018027476,-43.146967146478964,54.68298954368973,-34.576793047043225,0.25,0.0,0.0,1.0,1.0,1.0,1.0,1.0,1.0
5.13,-3.0589363772522953,-1.495070814501534,10.35896923727767,0.0,0.0,10.0,-0.4329019033049498,0.2275285500722208,0.22901043715303077,26.72970106409617,-42.521510924254954,55.34505763523532,-35.506651856603185,0.25,0.0,0.0,1.0,1.0,1.0,1.0,1.0,1.0
5.14,-3.0491589189326316,-1.5049461128481147,10.369350965118302,0.0,0.0,10.0,-0.43444501667125063,0.21215923505220277,0.22596325085738406,26.437494304470505,-41.94034775494184,55.93869756437998,-36.43527261550153,0.25,0.0,0.0,1.0,1.0,1.0,1.0,1.0,1.0
5.15,-3.0392705560673456,-1.5146536259136563,10.379113721822113,0.0,0.0,10.0,-0.43509285737384573,0.19756382551326845,0.2225267546994719,26.251953677133606,-41.40715109577988,56.46130290505589,-37.358765128016245,0.25,0.0,0.0,1.0,1.0,1.0,1.0,1.0,1.0
5.16,-3.0292767379437255,-1.524191822350546,10.388259869297684,0.0,0.0,10.0,-0.43488081406815166,0.18381813246678533,0.21872232160201885,26.16150577870424,-40.91192737660779,56.90559109115536,-38.26786110874853,0.25,0.0,0.0,1.0,1.0,1.0,1.0,1.0,1.0
5.17,-3.0191825618038437,-1.5335593354760682,10.396792841913589,0.0,0.0,10.0,-0.43384286795311805,0.17098866438816146,0.21456999241837976,26.187724205436496,-40.47630679635772,57.27939909624882,-39.16996756610757,0.25,0.0,0.0,1.0,1.0,1.0,1.0,1.0,1.0
5.18,-3.0089927185989236,-1.5427549086603842,10.404716352031814,0.0,0.0,10.0,-0.4320111735252117,0.15913365935227558,0.21008826128092922,26.323650869334713,-40.095661933335904,57.579815263226976,-40.05949208405002,0.25,0.0,0.0,1.0,1.0,1.0,1.0,1.0,1.0
5.19,-2.998711522904096,-1.5517774796771853,10.412034478054961,0.0,0.0,10.0,-0.42941666096278275,0.148303190912787,0.20529430118942618,26.565502675639202,-39.768138102676275,57.80577140023779,-40.933114987787,0.25,0.0,0.0,1.0,1.0,1.0,1.0,1.0,1.0
5.2,-2.9883429082878443,-1.5606262175920593,10.418751624109266,0.0,0.0,10.0,-0.4260893910190159,0.1385392890079249,0.200204073003726,26.91221001601759,-39.49469717125834,57.95803686052314,-41.789274161102654,0.25,0.0,0.0,1.0,1.0,1.0,1.0,1.0,1.0
5.21,-2.9778904050066797,-1.5693005182940782,10.424872483084522,0.0,0.0,10.0,-0.4220591043988461,0.1298757076458391,0.19483215983376923,27.361259301823573,-39.27487402382704,58.037244644261236,-42.62627531134753,0.25,0.0,0.0,1.0,1.0,1.0,1.0,1.0,1.0
5.22,-2.9673571118506024,-1.5777999778903922,10.430402107327634,0.0,0.0,10.0,-0.4173561037970147,0.122337213067645,0.18919136452919016,27.910232476094443,-39.108522154172476,58.04483480778072,-43.44303219250309,0.25,0.0,0.0,1.0,1.0,1.0,1.0,1.0,1.0
5.23,-2.9567456912184378,-1.5861244328659132,10.435345818279824,0.0,0.0,10.0,-0.4120112016304511,0.11594025137631431,0.183293092466737,28.556156971868248,-38.99541117014586,57.983091624645816,-44.238863251001405,0.25,0.0,0.0,1.0,1.0,1.0,1.0,1.0,1.0
5.24,-2.9460583591044758,-1.5942739863145603,10.439709143012852,0.0,0.0,10.0,-0.40605570131797397,0.11069352721947952,0.17714766288911565,29.29577867515014,-38.935233616285444,57.854794468507876,-45.013401962023394,0.25,0.0,0.0,1.0,1.0,1.0,1.0,1.0,1.0
5.25,-2.9352968664397494,-1.6022490003494962,10.443497839750549,0.0,0.0,10.0,-0.39952130055884405,0.10659865921216989,0.1707642385301392,30.125827169134503,-38.92790192823681,57.663269761004756,-45.76661162843786,0.25,0.0,0.0,1.0,1.0,1.0,1.0,1.0,1.0
5.26,-2.9244624695727484,-1.6100500471200427,10.446717961504614,0.0,0.0,10.0,-0.3924397055742329,0.10365122439265512,0.16415036249287562,31.042326104446758,-38.972449680686616,57.41160921739092,-46.498413978114286,0.25,0.0,0.0,1.0,1.0,1.0,1.0,1.0,1.0
5.2700000000000005,-2.9135559227678467,-1.6176779248825333,10.449375861931253,0.0,0.0,10.0,-0.3848430168955634,0.10184063679093228,0.15731225836800045,32.04139405120312,-39.067887240564914,57.10287878017691,-47.20885138667151,0.25,0.0,0.0,1.0,1.0,1.0,1.0,1.0,1.0
5.28,-2.902577480060223,-1.625133692146646,10.4514782455527,0.0,0.0,10.0,-0.37676419915403364,0.10114983844831058,0.15025519570959553,33.117359186132106,-39.20837940660474,56.73675678625473,-47.897656849412925,0.25,0.0,0.0,1.0,1.0,1.0,1.0,1.0,1.0
5.29,-2.8915268272181582,-1.6324185335817682,10.453031787149888,0.0,0.0,10.0,-0.36823707833606895,0.10155594332881931,0.14298377293537087,34.271672262351046,-39.416169345110845,56.336106104453705,-48.566808768412365,0.25,0.0,0.0,1.0,1.0,1.0,1.0,1.0,1.0
5.3,-2.8804031582485736,-1.6395339479124968,10.45404384898093,0.0,0.0,10.0,-0.35929628019618354,0.10302853716018924,0.13550260970196454,35.4891984286125,-39.659048640345304,55.88427176431992,-49.21664540818492,0.25,0.0,0.0,1.0,1.0,1.0,1.0,1.0,1.0
5.3100000000000005,-2.8692050956806665,-1.6464815674673343,10.454522060976313,0.0,0.0,10.0,-0.34997740675855327,0.10553088391944195,0.12781638234149206,36.7604915314569,-39.93521978982197,55.396976664908934,-49.85516031626952,0.25,0.0,0.0,1.0,1.0,1.0,1.0,1.0,1.0
5.32,-2.857930710861016,-1.6532632291455058,10.454474362065012,0.0,0.0,10.0,-0.34031780511695203,0.10902037158317641,0.11992982791761368,38.07770202906151,-40.2420333014333,54.88383191602518,-50.4866828621512,0.25,0.0,0.0,1.0,1.0,1.0,1.0,1.0,1.0
5.33,-2.8465775230626833,-1.6598809791154996,10.453908981862028,0.0,0.0,10.0,-0.3303571619304355,0.1134493460720456,0.11184788150808686,39.433402470919006,-40.57677716517039,54.35233484916188,-51.11391218530434,0.25,0.0,0.0,1.0,1.0,1.0,1.0,1.0,1.0
5.34,-2.8351424960234053,-1.6663370621115028,10.452834454115182,0.0,0.0,10.0,-0.3201378400911071,0.11876594702197221,0.10357587438605242,40.82017132599785,-40.93692385046294,53.809374180531265,-51.7387567908615,0.25,0.0,0.0,1.0,1.0,1.0,1.0,1.0,1.0
5.3500000000000005,-2.823622034900624,-1.6726339072106116,10.451259636455445,0.0,0.0,10.0,-0.3097050723101403,0.12491490298137622,0.09511975257950685,42.230292435568614,-41.32000404163812,53.261885142419914,-52.362811936317534,0.25,0.0,0.0,1.0,1.0,1.0,1.0,1.0,1.0
5.36,-2.81201198439573,-1.678774113322198,10.449193727252544,0.0,0.0,10.0,-0.29910706206631843,0.13183829865581168,0.08648630788681522,43.65566537916634,-41.72353791444577,52.7170536169358,-52.9875390367096,0.25,0.0,0.0,1.0,1.0,1.0,1.0,1.0,1.0
5.37,-2.800307641957976,-1.684760449864083,10.446646320679948,0.0,0.0,10.0,-0.2883949711231754,0.13947629693738173,0.07768341247708817,45.09421435181363,-42.145457768258396,52.179992924968765,-53.61792466300287,0.25,0.0,0.0,1.0,1.0,1.0,1.0,1.0,1.0
5.38,-2.788503715032277,-1.6905957911296525,10.44362727528641,0.0,0.0,10.0,-0.2776230852344408,0.1477680306608947,0.06872030035907938,46.52387288437306,-42.58091296336114,51.66502931744027,-54.25094171818056,0.25,0.0,0.0,1.0,1.0,1.0,1.0,1.0,1.0
5.39,-2.7765943641023143,-1.6962831529868332,10.440146857539975,0.0,0.0,10.0,-0.26684863347288557,0.15665228960363825,0.05960780959355715,47.942105503668316,-43.03005927000356,51.1756447212478,-54.88721957729233,0.25,0.0,0.0,1.0,1.0,1.0,1.0,1.0,1.0
5.4,-2.7645732012455593,-1.7018256672969132,10.43621569342712,0.0,0.0,10.0,-0.2561315750761868,0.16606847660801488,0.05035863344573465,49.339260942823714,-43.49006037697488,50.71973407368027,-55.52764889243841,0.25,0.0,0.0,1.0,1.0,1.0,1.0,1.0,1.0
5.41,-2.7524332878957454,-1.7072265566936375,10.431844706732969,0.0,0.0,10.0,-0.2455343081085872,0.17595747692579922,0.04098752952767429,50.70667901940227,-43.958611197182094,50.305071979961326,-56.173427435504024,0.25,0.0,0.0,1.0,1.0,1.0,1.0,1.0,1.0
5.42,-2.740167143834452,-1.7124891164239473,10.427045096670142,0.0,0.0,10.0,-0.23512137031408256,0.18626246052070533,0.03151152281167991,52.03427203893159,-44.43297772650431,49.939907388858984,-56.82519266494282,0.25,0.0,0.0,1.0,1.0,1.0,1.0,1.0,1.0
5.43,-2.727766765851057,-1.7176166967395523,10.42182831765968,0.0,0.0,10.0,-0.22495902955876854,0.19692972276036555,0.021950074338757425,53.31503734014336,-44.911730095423195,49.632395574583526,-57.485229654853235,0.25,0.0,0.0,1.0,1.0,1.0,1.0,1.0,1.0
5.44,-2.715223631108999,-1.722612668511495,10.416206018526239,0.0,0.0,10.0,-0.21511487887812483,0.20790954695555733,0.012325233487761912,54.538095042719696,-45.39161681695758,49.391572176851795,-58.15460568769521,0.25,0.0,0.0,1.0,1.0,1.0,1.0,1.0,1.0
5.45,-2.7025287131038236,-1.727480392787049,10.41019000783949,0.0,0.0,10.0,-0.20565731222974556,0.2191570523795964,0.0026617392379279297,55.694082294216834,-45.8704317847851,49.22546974984185,-58.833811392065044,0.25,0.0,0.0,1.0,1.0,1.0,1.0,1.0,1.0
5.46,-2.6896724992000762,-1.7322231852480443,10.403792205371747,0.0,0.0,10.0,-0.1966548942382266,0.23063306473368414,-0.007012932061364389,56.77500506171142,-46.34654293338593,49.14205107514059,-59.52401541819557,0.25,0.0,0.0,1.0,1.0,1.0,1.0,1.0,1.0
5.47,-2.6766450139470224,-1.7368442796266625,10.397024598082687,0.0,0.0,10.0,-0.18817561111433573,0.24230492946048424,-0.016668590014485413,57.772676254604235,-46.817910558584714,49.149624360971565,-60.226898604958315,0.25,0.0,0.0,1.0,1.0,1.0,1.0,1.0,1.0
5.48,-2.6634357843292746,-1.7413467527085977,10.389899098061122,0.0,0.0,10.0,-0.18028628381648154,0.25414731830238646,-0.026272353358367,58.67644228457638,-47.28043110388814,49.25688512307752,-60.9440790418085,0.25,0.0,0.0,1.0,1.0,1.0,1.0,1.0,1.0
5.49,-2.650033923630876,-1.7457335184836527,10.38242761938451,0.0,0.0,10.0,-0.1730514214860238,0.26614289341570657,-0.035788860770393525,59.478492741525955,-47.73198483579305,49.47061298392754,-61.67607127353019,0.25,0.0,0.0,1.0,1.0,1.0,1.0,1.0,1.0
5.5,-2.6364281066626054,-1.7500072487251428,10.374621972686866,0.0,0.0,10.0,-0.16653222313756147,0.2782832540090724,-0.04518062186668171,60.1767231415175,-48.17497017005069,49.793185748613304,-62.420132480410004,0.25,0.0,0.0,1.0,1.0,1.0,1.0,1.0,1.0
5.51,-2.6226065466440107,-1.7541703009134662,10.366493927831003,0.0,0.0,10.0,-0.16078470503127779,0.29057021870267313,-0.05440917633605197,60.75651036884074,-48.59887430847216,50.23795941387523,-63.18485342408728,0.25,0.0,0.0,1.0,1.0,1.0,1.0,1.0,1.0
5.5200000000000005,-2.608556958961957,-1.7582246456975388,10.358055270089496,0.0,0.0,10.0,-0.15585778623113047,0.30301687102827446,-0.06343636640173712,61.214969214796234,-49.00317240985765,50.80809808709887,-63.970365983258354,0.25,0.0,0.0,1.0,1.0,1.0,1.0,1.0,1.0
5.53,-2.5942665753700656,-1.7621718298220956,10.34931767279472,0.0,0.0,10.0,-0.15179274252064534,0.31564774279960295,-0.07222424018584542,61.54749137115359,-49.38412574080441,51.507998387187854,-64.77953062576772,0.25,0.0,0.0,1.0,1.0,1.0,1.0,1.0,1.0
5.54,-2.579722142406333,-1.7660129337687454,10.340292591749236,0.0,0.0,10.0,-0.14862263948272814,0.3284989146233027,-0.08073510275867199,61.75097496613593,-49.73825239756274,52.34087024889612,-65.61527433894742,0.25,0.0,0.0,1.0,1.0,1.0,1.0,1.0,1.0
5.55,-2.5649099005565508,-1.7697485267380972,10.330991206459949,0.0,0.0,10.0,-0.1463716130478405,0.34161825777759475,-0.08893184703069812,61.82052708159738,-50.05920367217257,53.31155737846426,-66.48323812807214,0.25,0.0,0.0,1.0,1.0,1.0,1.0,1.0,1.0
5.5600000000000005,-2.5498155450595927,-1.7733786230991135,10.321424384850177,0.0,0.0,10.0,-0.14505414727281493,0.35506578188779303,-0.09677842290630902,61.75151496273335,-50.33968212294753,54.424745502831335,-67.3901241851325,0.25,0.0,0.0,1.0,1.0,1.0,1.0,1.0,1.0
5.57,-2.5344241677061046,-1.7769026433345463,10.311602661921746,0.0,0.0,10.0,-0.14467440569460546,0.3689141974935267,-0.10424037604475046,61.54222026646887,-50.57400184400212,55.68270276223577,-68.34153845591908,0.25,0.0,0.0,1.0,1.0,1.0,1.0,1.0,1.0
5.58,-2.5187201550448646,-1.7803193731132512,10.301536288357083,0.0,0.0,10.0,-0.14522612980259708,0.383249285959478,-0.11128557540737186,61.18845235149809,-50.75272584733605,57.08987679096951,-69.3465730403192,0.25,0.0,0.0,1.0,1.0,1.0,1.0,1.0,1.0
5.59,-2.5026870073163523,-1.7836269111277818,10.291235410183036,0.0,0.0,10.0,-0.14669370435962137,0.3981696183001215,-0.11788522859526401,60.685664920821736,-50.86493716859352,58.648463474516724,-70.4132331957189,0.25,0.0,0.0,1.0,1.0,1.0,1.0,1.0,1.0
5.6000000000000005,-2.486307203378457,-1.7868226505612634,10.280710102983441,0.0,0.0,10.0,-0.14905217309481336,0.41378740798954516,-0.12401449606223905,60.03109361744026,-50.90091266974339,60.36594213849944,-71.55545405584238,0.25,0.0,0.0,1.0,1.0,1.0,1.0,1.0,1.0
5.61,-2.469562053086272,-1.7899032768077012,10.26997029793941,0.0,0.0,10.0,-0.15226653208054808,0.43023032987671955,-0.12965287814928148,59.222754479327094,-50.851120198806825,62.2433812201316,-72.78141832710641,0.25,0.0,0.0,1.0,1.0,1.0,1.0,1.0,1.0
5.62,-2.4524315304381625,-1.7928647754634244,10.25902574122659,0.0,0.0,10.0,-0.15629113079726695,0.4476434839052431,-0.13478473405529814,58.251554629212634,-50.69779933323906,64.28929985452864,-74.10795458241704,0.25,0.0,0.0,1.0,1.0,1.0,1.0,1.0,1.0
5.63,-2.4348940403034067,-1.7957024417522314,10.247886001505867,0.0,0.0,10.0,-0.16106904206075892,0.4661911279977279,-0.13939986833120818,57.10732717040793,-50.420726421398776,66.51172883494107,-75.55287714163069,0.25,0.0,0.0,1.0,1.0,1.0,1.0,1.0,1.0
5.64,-2.416926100497148,-1.7984108886749135,10.236560566613315,0.0,0.0,10.0,-0.16653108939405487,0.4860582799265674,-0.14349411980994053,55.783710061087376,-50.00227005220796,68.91724585113423,-77.13385495999174,0.25,0.0,0.0,1.0,1.0,1.0,1.0,1.0,1.0
5.65,-2.39850199894249,-1.8009840791089597,10.225058848356342,0.0,0.0,10.0,-0.17259557769418638,0.5074535627403652,-0.14707043989975999,55.53116274087459,-50.68007442089408,70.25514327606236,-77.6129229636379,0.25,0.0,0.0,1.0,1.0,1.0,1.0,1.0,1.0
5.66,-2.3795940456480627,-1.8034155753782932,10.2133890099252,0.0,0.0,10.0,-0.17917095010539275,0.5305914684006121,-0.15013967219328975,56.666513538127674,-52.756833120328466,70.208453021757,-76.68729935808601,0.25,0.0,0.0,1.0,1.0,1.0,1.0,1.0,1.0
5.67,-2.3601745581592284,-1.8056993315465901,10.20155407311898,0.0,0.0,10.0,-0.186166149302978,0.5556036755516507,-0.15271678244904383,57.88824461642803,-54.916855260496824,70.07999410325192,-75.67416563812503,0.25,0.0,0.0,1.0,1.0,1.0,1.0,1.0,1.0
5.68,-2.3402161202131473,-1.807829915977873,10.189551602978625,0.0,0.0,10.0,-0.19350278625197498,0.5824772730016403,-0.15481023243041314,59.21264765367358,-57.16616762114795,69.86092280745163,-74.57520442487109,0.25,0.0,0.0,1.0,1.0,1.0,1.0,1.0,1.0
5.69,-2.319689455775149,-1.8098019755337804,10.177377374996952,0.0,0.0,10.0,-0.20113220836899448,0.6111035719554316,-0.156416162975743,60.6215991038293,-59.48306000713904,69.57987527133764,-73.42278632252112,0.25,0.0,0.0,1.0,1.0,1.0,1.0,1.0,1.0
5.7,-2.2985631032871026,-1.811610212400143,10.165025912326072,0.0,0.0,10.0,-0.2090271399244276,0.6413146830222916,-0.15752571974271926,62.08497347311304,-61.84432887868009,69.27366230642298,-72.2467327731004,0.25,0.0,0.0,1.0,1.0,1.0,1.0,1.0,1.0
5.71,-2.276803517729295,-1.8132494572264803,10.152490404704952,0.0,0.0,10.0,-0.21716939786363104,0.6729051025048697,-0.1581320074191451,63.57286936531926,-64.22897351030645,68.97677075451777,-71.07247527162959,0.25,0.0,0.0,1.0,1.0,1.0,1.0,1.0,1.0
5.72,-2.2543753487886056,-1.8147147708786546,10.139762479806322,0.0,0.0,10.0,-0.225545701302926,0.7056433534919858,-0.15823011083673458,65.05990766420098,-66.61720285373073,68.71853640780051,-69.92364108847495,0.25,0.0,0.0,1.0,1.0,1.0,1.0,1.0,1.0
5.73,-2.2312416566796633,-1.8160015124841393,10.126832145625505,0.0,0.0,10.0,-0.2341450952589027,0.7392799932437055,-0.15781685580608296,66.52443047441086,-68.99045485469148,68.52472653914462,-68.82281579260307,0.25,0.0,0.0,1.0,1.0,1.0,1.0,1.0,1.0
5.74,-2.2073640746675753,-1.8171053816484355,10.113687851611962,0.0,0.0,10.0,-0.24295612296744942,0.7735541384900735,-0.156891674573605,67.94769801913027,-71.33134752067483,68.41839789134112,-67.79164289274951,0.25,0.0,0.0,1.0,1.0,1.0,1.0,1.0,1.0
5.75,-2.1827029605700736,-1.8180224503117104,10.100316593154023,0.0,0.0,10.0,-0.25196353290706386,0.8081991281679993,-0.15545849962143551,69.31361786561575,-73.62343416381376,68.42001162650364,-66.85092788809335,0.25,0.0,0.0,1.0,1.0,1.0,1.0,1.0,1.0
5.76,-2.157217555255157,-1.8187491915780565,10.086704031686551,0.0,0.0,10.0,-0.26114435697341754,0.8429476455744759,-0.15352870188257467,70.60878371575276,-75.85089825226669,68.54725862326929,-66.02084058732605,0.25,0.0,0.0,1.0,1.0,1.0,1.0,1.0,1.0
5.7700000000000005,-2.1308661540363043,-1.8192825089359095,10.072834623801599,0.0,0.0,10.0,-0.27046322826883634,0.8775364753645938,-0.15112513353031504,71.8227344995677,-77.99824010331263,68.81470383367656,-65.32118319347478,0.25,0.0,0.0,1.0,1.0,1.0,1.0,1.0,1.0
5.78,-2.103606230771089,-1.819619754450297,10.058691807617137,0.0,0.0,10.0,-0.279865956191857,0.9117113987769634,-0.148288414304995,72.94837420674423,-80.04995268242357,69.23328676705431,-64.77170544351502,0.25,0.0,0.0,1.0,1.0,1.0,1.0,1.0,1.0
5.79,-2.0753944228482712,-1.8197587208043904,10.04425830282765,0.0,0.0,10.0,-0.2892697906012199,0.9452328379382426,-0.14508731223021873,73.98276213524258,-81.9900503619546,69.80937188255375,-64.3925263063491,0.25,0.0,0.0,1.0,1.0,1.0,1.0,1.0,1.0
5.8,-2.046186636728088,-1.819697670602244,10.029516307642483,0.0,0.0,10.0,-0.2985542641810346,0.9778804007803651,-0.14162851646348237,74.92849915159127,-83.80125004184704,70.54306160193417,-64.20483347537603,0.25,0.0,0.0,1.0,1.0,1.0,1.0,1.0,1.0
5.8100000000000005,-2.0159383036605303,-1.8194354076320345,10.014447604593748,0.0,0.0,10.0,-0.3075539277269614,1.009456113678061,-0.1380643356300711,75.79424017738009,-85.46440475626976,71.42765514545599,-64.23159180565908,0.25,0.0,0.0,1.0,1.0,1.0,1.0,1.0,1.0
5.82,-1.9846046092148233,-1.8189713517923989,9.999033715903986,0.0,0.0,10.0,-0.31605152729153685,1.0397874062519936,-0.1346003150147634,76.59464406142746,-86.95837686472872,72.44977452212312,-64.49788046702307,0.25,0.0,0.0,1.0,1.0,1.0,1.0,1.0,1.0
5.83,-1.9521406797940137,-1.8183056161792877,9.983256107235224,0.0,0.0,10.0,-0.3237726967483281,1.0687297739444048,-0.13150172707132576,77.35056582106382,-88.26001010034136,73.58908214694995,-65.03096381865889,0.25,0.0,0.0,1.0,1.0,1.0,1.0,1.0,1.0
5.84,-1.9185016428009534,-1.817439073847359,9.967096466640868,0.0,0.0,10.0,-0.33038525452175765,1.0961696040226057,-0.12909536816362088,78.08899280718583,-89.34427443625115,74.81820239367158,-65.8601176428486,0.25,0.0,0.0,1.0,1.0,1.0,1.0,1.0,1.0
5.8500000000000005,-1.8836423428725024,-1.8163733812421319,9.950537124566692,0.0,0.0,10.0,-0.33550859892653284,1.122028512394248,-0.12776020182385442,78.8500150716645,-90.17705761451278,76.09571890340159,-67.02383667932362,0.25,0.0,0.0,1.0,1.0,1.0,1.0,1.0,1.0
5.86,-1.8475172326979237,-1.8151110470140868,9.933561440541034,0.0,0.0,10.0,-0.33873218514114917,1.1462663026001891,-0.1279093415197095,79.73485794364352,-90.57470260971131,77.31220491283798,-68.70419661371147,0.25,0.0,0.0,1.0,1.0,1.0,1.0,1.0,1.0
5.87,-1.810080266623478,-1.8136555176030524,9.91615373760707,0.0,0.0,10.0,-0.3396449518336312,1.1688801715045891,-0.1299637352018042,80.966517048129,-90.59549431014992,78.24858771047134,-70.85405212903564,0.25,0.0,0.0,1.0,1.0,1.0,1.0,1.0,1.0
5.88,-1.7712856871732852,-1.8120113773697182,9.898299530066668,0.0,0.0,10.0,-0.3379040750026173,1.1899063553187748,-0.13428845134797157,82.75093130743018,-90.40168280023582,78.69460722141604,-73.3141855063202,0.25,0.0,0.0,1.0,1.0,1.0,1.0,1.0,1.0
5.89,-1.7310875682732958,-1.810184329562039,9.879985590525521,0.0,0.0,10.0,-0.3333291264372265,1.2094068062915682,-0.14110121183494787,85.15568753457147,-90.07933854488144,78.57734778464098,-75.99957479502983,0.25,0.0,0.0,1.0,1.0,1.0,1.0,1.0,1.0
5.9,-1.6894391441746859,-1.8081810932776305,9.86120018982012,0.0,0.0,10.0,-0.32600419735577807,1.2274449770453546,-0.15036917004869582,88.0671959321209,-89.8634250659479,78.0073808887444,-78.67604153668918,0.25,0.0,0.0,1.0,1.0,1.0,1.0,1.0,1.0
5.91,-1.6462917580820295,-1.806009156894752,9.841933412971139,0.0,0.0,10.0,-0.3163624640162145,1.2440660863296127,-0.1617209598241501,90.92850334189772,-90.30292618617788,77.53582571499763,-80.78819413584205,0.25,0.0,0.0,1.0,1.0,1.0,1.0,1.0,1.0
5.92,-1.6015943737323126,-1.803676471613091,9.822177178021784,0.0,0.0,10.0,-0.30519275248622135,1.2592891620143223,-0.17443861302994595,94.13434644398149,-90.97666364541755,76.76378112976593,-82.74655902273035,0.25,0.0,0.0,1.0,1.0,1.0,1.0,1.0,1.0
5.93,-1.5552937309170427,-1.8011910737782506,9.801925067204333,0.0,0.0,10.0,-0.29354601975334554,1.2730976660553952,-0.18754330537786648,97.7616307861828,-92.26701619078045,75.63421444434516,-84.1760881611427,0.25,0.0,0.0,1.0,1.0,1.0,1.0,1.0,1.0
5.94,-1.5073329971938185,-1.7985604492754008,9.781172569148943,0.0,0.0,10.0,-0.2827464491865889,1.2854247993062224,-0.1997818710510453,101.5822458788463,-94.19552991228718,74.37139996202708,-85.03430024375955,0.25,0.0,0.0,1.0,1.0,1.0,1.0,1.0,1.0
5.95,-1.4576514630833812,-1.7957908862205192,9.759917249630572,0.0,0.0,10.0,-0.2743817091196361,1.2961255794542743,-0.20963827349568648,105.50458552802525,-96.94087690018264,73.07512225361599,-85.12881006826387,0.25,0.0,0.0,1.0,1.0,1.0,1.0,1.0,1.0
5.96,-1.4061847839489556,-1.7928867151445733,9.738158835072607,0.0,0.0,10.0,-0.27021186671863534,1.304952916240517,-0.2154229559558455,109.4100372857156,-100.66561993602757,71.87296197897373,-84.27953950069661,0.25,0.0,0.0,1.0,1.0,1.0,1.0,1.0,1.0
5.97,-1.35286504492221,-1.7898493639594446,9.71589964705345,0.0,0.0,10.0,-0.27197145705982567,1.3115251143622553,-0.21546563135649136,113.19014168091965,-105.52218754074737,70.88429850648687,-82.31546513781595,0.25,0.0,0.0,1.0,1.0,1.0,1.0,1.0,1.0
5.98,-1.297619674490278,-1.7866761736766983,9.693145688304304,0.0,0.0,10.0,-0.28105445447000926,1.31529319082669,-0.20841746384965448,116.77189809029605,-111.61422860983623,70.19160240288686,-79.11322986887319,0.25,0.0,0.0,1.0,1.0,1.0,1.0,1.0,1.0
5.99,-1.2403696418959471,-1.783359022354249,9.66990850084932,0.0,0.0,10.0,-0.29808600400767354,1.3155158838128913,-0.19365897497147616,119.41523625913901,-118.21714778559593,70.54074140920739,-75.3796637941327,0.25,0.0,0.0,1.0,1.0,1.0,1.0,1.0,1.0
6.0,-1.1810290996916046,-1.7798829088083457,9.646206595070323,0.0,0.0,10.0,-0.3224187731842992,1.311250100387121,-0.171787563264293,118.3220984751685,-122.271206870224,74.72370813380942,-74.15761837018826,0.25,0.0,0.0,1.0,1.0,1.0,1.0,1.0,1.0
6.01,-1.1195148329284834,-1.7762252752197887,9.622066147057424,0.0,0.0,10.0,-0.35172599222680484,1.3015122340776146,-0.14500912750981523,116.94459696758277,-126.62852851035863,79.27206505467936,-72.58908158186722,0.25,0.0,0.0,1.0,1.0,1.0,1.0,1.0,1.0
6.0200000000000005,-1.055758577792186,-1.7723561074517604,9.597520599224096,0.0,0.0,10.0,-0.38216916120609085,1.2856110095715796,-0.11697675420032715,115.76541921682437,-130.78708684373112,83.66451894360614,-71.1760082755545,0.25,0.0,0.0,1.0,1.0,1.0,1.0,1.0,1.0
6.03,-0.9896987106301373,-1.7682370990467895,9.572615615138767,0.0,0.0,10.0,-0.4096299133852434,1.2631200704346284,-0.09158692100698382,115.34500431759923,-134.1677457831408,87.2900259237619,-70.5107453355833,0.25,0.0,0.0,1.0,1.0,1.0,1.0,1.0,1.0
6.04,-0.9212782408018143,-1.7638218573754996,9.547412366462204,0.0,0.0,10.0,-0.4309457749010389,1.2337945274110735,-0.07176594881560146,116.04700000974353,-136.38193251939117,89.72597950235652,-70.99097418538335,0.25,0.0,0.0,1.0,1.0,1.0,1.0,1.0,1.0
6.05,-0.8504504308671966,-1.7590573778798992,9.521988671582667,0.0,0.0,10.0,-0.44454359734179644,1.1975053950172367,-0.05885768013011571,117.90661292558596,-137.35946869084006,90.87664144354177,-72.67746133148941,0.25,0.0,0.0,1.0,1.0,1.0,1.0,1.0,1.0
6.0600000000000005,-0.7771843221400219,-1.7538859381163476,9.4964396665909,0.0,0.0,10.0,-0.4504573100732499,1.154170032371652,-0.05264273515351423,120.67681176070266,-137.30626593583543,90.93618562801927,-75.33491322712398,0.25,0.0,0.0,1.0,1.0,1.0,1.0,1.0,1.0
6.07,-0.7014649015874529,-1.7482461429381826,9.470879452642759,0.0,0.0,10.0,-0.44994147655360617,1.1036955071798245,-0.0517696425275987,123.9733134234346,-136.54475929691645,90.22896326549977,-78.57713061345646,0.25,0.0,0.0,1.0,1.0,1.0,1.0,1.0,1.0
6.08,-0.6232956797565139,-1.7420739510635233,9.44544230066438,0.0,0.0,10.0,-0.444882055481334,1.0459903808991893,-0.05435316032442219,127.34188485289522,-135.5289622749084,89.22079224848545,-81.9380760379233,0.25,0.0,0.0,1.0,1.0,1.0,1.0,1.0,1.0
6.09,-0.5426990358498605,-1.73530251366213,9.420282532204336,0.0,0.0,10.0,-0.43719782952545244,0.9809631584179304,-0.05856479946741641,130.4768988274149,-134.47774842984617,88.14701273394529,-85.09565568192099,0.25,0.0,0.0,1.0,1.0,1.0,1.0,1.0,1.0
6.1000000000000005,-0.459719434207693,-1.7278619847832437,9.395574461501422,0.0,0.0,10.0,-0.4284638986759674,0.9085348334425225,-0.0629851075101287,133.1811034327817,-133.5413030796402,87.17378093040885,-87.8366467406182,0.25,0.0,0.0,1.0,1.0,1.0,1.0,1.0,1.0
6.11,-0.37443194000778984,-1.7196808270430521,9.371507897094784,0.0,0.0,10.0,-0.41982531946222607,0.8286536884510718,-0.06667411727805088,135.37950792002817,-132.73795109205338,86.33181987637579,-90.07366029431093,0.25,0.0,0.0,1.0,1.0,1.0,1.0,1.0,1.0
6.12,-0.2869476696963373,-1.7106866716686926,9.348282505813943,0.0,0.0,10.0,-0.41202608900742044,0.7412897958631829,-0.06912527749599273,137.0965661720483,-131.97950632573674,85.54115354950852,-91.8229401068817,0.25,0.0,0.0,1.0,1.0,1.0,1.0,1.0,1.0
6.13,-0.19741917850066243,-1.700807784494572,9.326100861247664,0.0,0.0,10.0,-0.40549163254814874,0.6464289017567615,-0.07016991729146455,138.36206395361972,-131.21713588355158,84.75737351170005,-93.10984748407641,0.25,0.0,0.0,1.0,1.0,1.0,1.0,1.0,1.0
6.140000000000001,-0.1060443305315754,-1.689975117412809,9.305160049582433,0.0,0.0,10.0,-0.4004280912111862,0.5440677636909464,-0.06987317130890787,133.9535543813632,-125.12275893769473,89.18606715526242,-99.24265725987131,0.25,0.0,0.0,1.0,1.0,1.0,1.0,1.0,1.0
6.15,-0.013068167126357924,-1.678124955055754,9.28564177874951,0.0,0.0,10.0,-0.39689637449664505,0.4343535103042809,-0.0684367259269706,127.73284702557602,-117.32765452694761,94.92133571166886,-106.54713903099511,0.25,0.0,0.0,1.0,1.0,1.0,1.0,1.0,1.0
6.16,0.08121800155822725,-1.6652021356178623,9.267701322571025,0.0,0.0,10.0,-0.3948517320644913,0.31805023845914976,-0.06610955342086867,120.92474957247325,-108.98759475501018,100.75025614691661,-113.88292859489181,0.25,0.0,0.0,1.0,1.0,1.0,1.0,1.0,1.0
6.17,0.17648444530086224,-1.6511612814426395,9.251462219968497,0.0,0.0,10.0,-0.3942368172444287,0.19651644450654396,-0.06317037874984541,113.77450791789354,-100.19774742493661,106.44532494696085,-121.17694981411753,0.25,0.0,0.0,1.0,1.0,1.0,1.0,1.0,1.0
6.18,0.27237122281493054,-1.6359701460366678,9.237006522934871,0.0,0.0,10.0,-0.39504342053243874,0.07151465835693473,-0.059901170329528935,106.4365131569742,-91.25548821915767,111.92776274654054,-128.21230776803492,0.25,0.0,0.0,1.0,1.0,1.0,1.0,1.0,1.0
6.19,0.3685001886256456,-1.6196113514024446,9.2243695378783,0.0,0.0,10.0,-0.39735040451934606,-0.05493977003679292,-0.05658513641913218,99.10351737259344,-82.4354615432381,117.07825319636513,-134.792719476356,0.25,0.0,0.0,1.0,1.0,1.0,1.0,1.0,1.0
6.2,0.4644883224829499,-1.6020822261841101,9.213539510648442,0.0,0.0,10.0,-0.40134385280769863,-0.18069902995120413,-0.05352972696250739,93.27105178911904,-75.10106089879005,120.46280890672472,-139.6212826225792,0.25,0.0,0.0,1.0,1.0,1.0,1.0,1.0,1.0
6.21,0.5599607149222079,-1.5833941627504486,9.204458645788854,0.0,0.0,10.0,-0.40733725860952263,-0.30362307515963394,-0.05110276661176581,92.63625187549374,-73.09639223996727,118.48482764289602,-138.95979531395983,0.25,0.0,0.0,1.0,1.0,1.0,1.0,1.0,1.0
6.22,0.6545670280873285,-1.5635762144424015,9.197014793930824,0.0,0.0,10.0,-0.415808528792176,-0.42191177696746673,-0.04979198834196912,91.83523371798273,-71.19949028006063,116.60912390549757,-138.13757893394063,0.25,0.0,0.0,1.0,1.0,1.0,1.0,1.0,1.0
6.23,0.7480031876135745,-1.5426796866017816,9.191032075405577,0.0,0.0,10.0,-0.4274389432948717,-0.5345139665418669,-0.05029541979904181,90.84577934185992,-69.55112262404901,114.97220520843314,-137.13667559887062,0.25,0.0,0.0,1.0,1.0,1.0,1.0,1.0,1.0
6.24,0.8400153410057305,-1.5207658885253819,9.18630109483128,0.0,0.0,10.0,-0.4431420687814325,-0.6408518280584975,-0.05358293557268408,89.63453350822152,-68.32483457907591,113.74151995439917,-135.92982697429312,0.25,0.0,0.0,1.0,1.0,1.0,1.0,1.0,1.0
6.25,0.9303952275060471,-1.4978971670865149,9.182600732680635,0.0,0.0,10.0,-0.46413852989776083,-0.7405612015140083,-0.06095345869841426,88.12760250163848,-67.70199667480036,113.08996732849761,-134.45161068933606,0.25,0.0,0.0,1.0,1.0,1.0,1.0,1.0,1.0
6.26,1.018975210617806,-1.4741328739199195,9.179708107394273,0.0,0.0,10.0,-0.49204728321689917,-0.8333565096116171,-0.07411476084235127,86.20057039637553,-67.87291812310319,113.19651113289977,-132.58895622797377,0.25,0.0,0.0,1.0,1.0,1.0,1.0,1.0,1.0
6.2700000000000005,1.1056237712516446,-1.4495273005932845,9.17740392086218,0.0,0.0,10.0,-0.5289567422153825,-0.9189460737367785,-0.09526799652318302,83.68048332196696,-69.04745956305062,114.25609551915673,-130.1838262072557,0.25,0.0,0.0,1.0,1.0,1.0,1.0,1.0,1.0
6.28,1.1902406377870143,-1.4241282315127752,9.175476398357938,0.0,0.0,10.0,-0.5774549560123768,-0.9969599940934979,-0.12715096643034404,80.34923594610038,-71.46243465404984,116.4863082193762,-127.03734122216886,0.25,0.0,0.0,1.0,1.0,1.0,1.0,1.0,1.0
6.29,1.2727499807817246,-1.397975415756387,9.173725063831819,0.0,0.0,10.0,-0.6405043591126537,-1.0668859118142788,-0.17293096583271628,75.95045116093448,-75.38046838015654,120.12586096819466,-122.9170374142912,0.25,0.0,0.0,1.0,1.0,1.0,1.0,1.0,1.0
6.3,1.3530894331288634,-1.371098309368244,9.171964986445849,0.0,0.0,10.0,-0.7209199157606176,-1.1280428446985202,-0.23570950226406384,70.2241934253116,-81.0574442172343,125.4029725827439,-117.59064390119681,0.25,0.0,0.0,1.0,1.0,1.0,1.0,1.0,1.0
6.3100000000000005,1.4312021852217238,-1.343515644212051,9.170027546700863,0.0,0.0,10.0,-0.8202774509915153,-1.1796789035615312,-0.3174244465201743,63.01003069011729,-88.63938155379121,132.43657241407362,-110.9248186712297,0.25,0.0,0.0,1.0,1.0,1.0,1.0,1.0,1.0
6.32,1.5070300717094245,-1.315235787334092,9.167760166818452,0.0,0.0,10.0,-0.9371176545711319,-1.2212407790943196,-0.41705330416850606,54.4309846019283,-97.98325948500164,141.06671327493717,-103.05950965338761,0.25,0.0,0.0,1.0,1.0,1.0,1.0,1.0,1.0
6.33,1.5805042314571411,-1.2862568643983228,9.165026528913446,0.0,0.0,10.0,-1.065017051246354,-1.2528731513282152,-0.5286800617298386,52.02751206180056,-101.52624279751092,143.73949090319542,-101.52624279751092,0.25,0.0,0.0,1.0,1.0,1.0,1.0,1.0,1.0
6.34,1.6515460501455876,-1.2565705236389335,9.161705267910374,0.0,0.0,10.0,-1.1927560529202887,-1.275890811409686,-0.6415893686925584,52.28499266466118,-102.7587244315714,143.996971506056,-102.7587244315714,0.25,0.0,0.0,1.0,1.0,1.0,1.0,1.0,1.0
6.3500000000000005,1.7200986894256578,-1.226174618561561,9.157686863301162,0.0,0.0,10.0,-1.3084739368235299,-1.292529386657833,-0.7442149602960871,52.70020567622508,-104.16014086896018,144.4121845176199,-104.16014086896018,0.25,0.0,0.0,1.0,1.0,1.0,1.0,1.0,1.0
6.36,1.7861290092594047,-1.1950762315051695,9.152878353093078,0.0,0.0,10.0,-1.4027919718387727,-1.305310918136063,-0.8272621515209604,53.3136582352803,-105.6699740076086,145.02563707667514,-105.6699740076086,0.25,0.0,0.0,1.0,1.0,1.0,1.0,1.0,1.0
6.37,1.8496093964650209,-1.1632879744808784,9.147208177105929,0.0,0.0,10.0,-1.4691695676583971,-1.3165192044171097,-0.8841595225396547,54.15321404353418,-107.23490336295322,145.865192884929,-107.23490336295322,0.25,0.0,0.0,1.0,1.0,1.0,1.0,1.0,1.0
6.38,1.910506221741744,-1.130825698620535,9.140628114621666,0.0,0.0,10.0,-1.502657440303278,-1.3278414184170164,-0.9098715858158793,55.229555904192765,-108.8082138414211,146.9415347455876,-108.8082138414211,0.25,0.0,0.0,1.0,1.0,1.0,1.0,1.0,1.0
6.390000000000001,1.9687742311563596,-1.0977076905964511,9.13311431988127,0.0,0.0,10.0,-1.4980545379171728,-1.3401200026692333,-0.8990810310570834,56.5423681193038,-110.34560740921381,148.25434696069863,-110.34560740921381,0.25,0.0,0.0,1.0,1.0,1.0,1.0,1.0,1.0
6.4,2.0243555515041476,-1.0639550307266685,9.124668415883018,0.0,0.0,10.0,-1.4483254324961023,-1.3531217780729077,-0.8446300052209155,58.09257858413137,-111.80156805216276,149.80455742552618,-111.80156805216276,0.25,0.0,0.0,1.0,1.0,1.0,1.0,1.0,1.0
6.41,2.077181964380654,-1.0295926672454216,9.115319405394358,0.0,0.0,10.0,-1.3444604213554736,-1.3651921549774328,-0.7374053127201152,67.45134446730384,-105.55059031758628,144.0291807699382,-120.68473285634677,0.25,0.0,0.0,1.0,1.0,1.0,1.0,1.0,1.0
6.42,2.1271800428829764,-0.9946509455111879,9.105125891546272,0.0,0.0,10.0,-1.1803199922209473,-1.3726779657834862,-0.5711378180907761,87.29344978430669,-88.85790023995798,128.27304199992022,-139.5902868657393,0.25,0.0,0.0,1.0,1.0,1.0,1.0,1.0,1.0
6.43,2.174271763203876,-0.9591653651675852,9.094178490476809,0.0,0.0,10.0,-0.9689544963793878,-1.3697528120795548,-0.35848773618959845,110.07249857432181,-69.20509767631599,110.07249857432181,-160.91707651771083,0.25,0.0,0.0,1.0,1.0,1.0,1.0,1.0,1.0
6.44,2.2183444906260306,-0.9231681544790276,9.082604756745264,0.0,0.0,10.0,-0.7557003397856221,-1.3511689063986763,-0.14394411991952138,112.51725390359874,-69.79246635683657,112.51725390359874,-161.5044451982314,0.25,0.0,0.0,1.0,1.0,1.0,1.0,1.0,1.0
6.45,2.259258199118282,-0.8866819879382284,9.070570290109712,0.0,0.0,10.0,-0.5901795780859459,-1.3164502510188112,0.02399931415326768,114.88107776646277,-70.2823645438989,114.88107776646277,-161.99434338529375,0.25,0.0,0.0,1.0,1.0,1.0,1.0,1.0,1.0
6.46,2.296944126503786,-0.8497227439160456,9.058259568557617,0.0,0.0,10.0,-0.4862445431717612,-1.2691172067642824,0.13229446170121217,116.90637691184698,-70.84076610145122,116.90637691184698,-162.55274494284606,0.25,0.0,0.0,1.0,1.0,1.0,1.0,1.0,1.0
6.47,2.3313940249310674,-0.8122863019082299,9.045866714745713,0.0,0.0,10.0,-0.4334680252375474,-1.2126659165734466,0.19190444945482896,118.50205184504031,-71.49053986506905,118.50205184504031,-163.2025187064639,0.25,0.0,0.0,1.0,1.0,1.0,1.0,1.0,1.0
6.48,2.3626334300492657,-0.7743378948502714,9.033593269435018,0.0,0.0,10.0,-0.41737199875034414,-1.1491572535012489,0.21773768546934055,119.6912834783709,-72.15910959977151,119.6912834783709,-163.87108844116634,0.25,0.0,0.0,1.0,1.0,1.0,1.0,1.0,1.0
6.49,2.3907134300822355,-0.7358068879092898,9.021645916425038,0.0,0.0,10.0,-0.4265332545683511,-1.0794529379028444,0.22163994941385082,120.52245264630366,-72.76463903486925,120.52245264630366,-164.47661787626407,0.25,0.0,0.0,1.0,1.0,1.0,1.0,1.0,1.0
6.5,2.41571011349259,-0.6965838763173661,9.010233087722252,0.0,0.0,10.0,-0.45308436662358625,-1.0036850271057787,0.21194709795876202,120.07642037876394,-79.6788512126414,121.98339846170995,-158.50915079906088,0.25,0.0,0.0,1.0,1.0,1.0,1.0,1.0,1.0
6.51,2.437731967091051,-0.6565205363351297,8.999558114769792,0.0,0.0,10.0,-0.49158948075896863,-0.9216577479008851,0.19459185546032914,116.3788544656079,-94.35335583890459,126.09810947161012,-144.42111519098216,0.25,0.0,0.0,1.0,1.0,1.0,1.0,1.0,1.0
6.5200000000000005,2.4569322475233886,-0.615433718896537,8.989807280680418,0.0,0.0,10.0,-0.5375569087994946,-0.833301354194614,0.17437730075631436,113.53155133355125,-108.21772092479759,128.80649562599416,-130.72101096223633,0.25,0.0,0.0,1.0,1.0,1.0,1.0,1.0,1.0
6.53,2.4735082008746185,-0.5731111893044113,8.981143626532452,0.0,0.0,10.0,-0.5868493744498832,-0.7389921186553501,0.15534476828964655,111.34418374013057,-121.53277668242723,130.35022096790559,-117.1154399651551,0.25,0.0,0.0,1.0,1.0,1.0,1.0,1.0,1.0
6.54,2.487700425392121,-0.5293224691398932,8.973700647195274,0.0,0.0,10.0,-0.6361814756730764,-0.6396748686799445,0.14035854357830851,109.62994619365791,-134.3478483636055,130.97974659452086,-103.54813469076348,0.25,0.0,0.0,1.0,1.0,1.0,1.0,1.0,1.0
6.55,2.4997866958180874,-0.4838305169615865,8.967580956485769,0.0,0.0,10.0,-0.6831909518412735,-0.5368085595710264,0.1311252563396129,108.04966985087388,-146.71662024565953,131.10389300445286,-89.98502646131239,0.25,0.0,0.0,1.0,1.0,1.0,1.0,1.0,1.0
6.5600000000000005,2.5100732314340863,-0.43640210650944855,8.962858940992064,0.0,0.0,10.0,-0.7261968661518554,-0.4322104630373003,0.12845290849214766,110.09431633018718,-154.80499558564736,127.3013170022519,-80.30001741631725,0.25,0.0,0.0,1.0,1.0,1.0,1.0,1.0,1.0
6.57,2.518887578642555,-0.3868189155672971,8.959583002030167,0.0,0.0,10.0,-0.7639937402285287,-0.3278517144786256,0.1324659016469255,114.6545532606992,-159.38857406942068,120.7432954693013,-73.76533743662793,0.25,0.0,0.0,1.0,1.0,1.0,1.0,1.0,1.0
6.58,2.5265750293462865,-0.33489497732231494,8.957770897502716,0.0,0.0,10.0,-0.7959725983700382,-0.22566022034596192,0.14264712137303587,116.6074820877305,-161.30645151137563,116.6074820877305,-69.59447266998079,0.25,0.0,0.0,1.0,1.0,1.0,1.0,1.0,1.0
6.59,2.5334880705528544,-0.2804886487631755,8.957410659463038,0.0,0.0,10.0,-0.8220257278857335,-0.12735550949528598,0.15802294905557687,115.45177898211888,-160.0618208049925,115.45177898211888,-68.34984196359767,0.25,0.0,0.0,1.0,1.0,1.0,1.0,1.0,1.0
6.6000000000000005,2.5399748962774407,-0.22351575276817567,8.958457265106864,0.0,0.0,10.0,-0.8422042160951201,-0.03412483247734107,0.17745202405361837,114.25951069332137,-158.7352527463769,114.25951069332137,-67.02327390498205,0.25,0.0,0.0,1.0,1.0,1.0,1.0,1.0,1.0
6.61,2.546365576297543,-0.1639556028033804,8.960834532270248,0.0,0.0,10.0,-0.8565367330892453,0.05354239219803745,0.19976013122310557,113.06133180129456,-157.36737110052835,113.06133180129456,-65.65539225913352,0.25,0.0,0.0,1.0,1.0,1.0,1.0,1.0,1.0
6.62,2.552960317477457,-0.10183298078456383,8.964455427662768,0.0,0.0,10.0,-0.864923637767892,0.13559355216306412,0.22380613883569023,111.88688656130618,-155.9980762745667,111.88688656130618,-64.28609743317185,0.25,0.0,0.0,1.0,1.0,1.0,1.0,1.0,1.0
6.63,2.5600272863456492,-0.037202293452023465,8.96923586404598,0.0,0.0,10.0,-0.8670830017202296,0.2122060657747494,0.24849309655068902,110.75487893953272,-154.6560394202803,110.75487893953272,-62.94406057888548,0.25,0.0,0.0,1.0,1.0,1.0,1.0,1.0,1.0
6.640000000000001,2.567803198956998,0.02985618848998842,8.975098286057941,0.0,0.0,10.0,-0.8625754752081585,0.2836962475462579,0.27273665464289953,109.66885817935038,-153.35439106546784,109.66885817935038,-61.64241222407302,0.25,0.0,0.0,1.0,1.0,1.0,1.0,1.0,1.0
6.65,2.5764957445891223,0.0992417618543656,8.981974930802656,0.0,0.0,10.0,-0.8508208475532945,0.3504492589652614,0.2954359507104396,108.62945020727298,-152.10322836131493,108.62945020727298,-60.3912495199201,0.25,0.0,0.0,1.0,1.0,1.0,1.0,1.0,1.0
6.66,2.586284602768966,0.1708338660765163,8.989808528123264,0.0,0.0,10.0,-0.8311260963194975,0.4128685286949487,0.31545654082081526,107.61303298205107,-150.88854472079197,107.61303298205107,-59.17656587939715,0.25,0.0,0.0,1.0,1.0,1.0,1.0,1.0,1.0
6.67,2.5973269218433224,0.24449944057916823,8.998555190988963,0.0,0.0,10.0,-0.8026709102190267,0.4713121814636493,0.33160850889515897,106.62414155594271,-149.72478396738887,106.62414155594271,-58.01280512599405,0.25,0.0,0.0,1.0,1.0,1.0,1.0,1.0,1.0
6.68,2.6097571147649425,0.3200895667235347,9.008182386656106,0.0,0.0,10.0,-0.7645357160135932,0.5260528167691126,0.3426433803502457,105.63407980899467,-148.59364327241406,105.63407980899467,-56.88166443101923,0.25,0.0,0.0,1.0,1.0,1.0,1.0,1.0,1.0
6.69,2.623690775127534,0.39744289867371335,9.018669230140679,0.0,0.0,10.0,-0.7156939389376831,0.5772191558855757,0.3472471788603054,104.62766219822124,-147.49084186188765,104.62766219822124,-55.77886302049281,0.25,0.0,0.0,1.0,1.0,1.0,1.0,1.0,1.0
6.7,2.6392259891898315,0.4763849830261581,9.030004581431104,0.0,0.0,10.0,-0.6550311672872409,0.6247434681987384,0.34405465304608096,103.58781119976007,-146.41077910423172,103.58781119976007,-54.69880026283689,0.25,0.0,0.0,1.0,1.0,1.0,1.0,1.0,1.0
6.71,2.6564444372558493,0.5567278924845412,9.042184758059072,0.0,0.0,10.0,-0.5813863681014496,0.668306380057536,0.3316922167690289,102.49773277857658,-145.34858571732678,102.49773277857658,-53.63660687593196,0.25,0.0,0.0,1.0,1.0,1.0,1.0,1.0,1.0
6.72,2.675411880864336,0.6382697461032758,9.055210658817266,0.0,0.0,10.0,-0.4936411195247643,0.7072849220132266,0.3088725852452976,103.12687833810676,-142.5163625631139,99.5575302439571,-54.37373181586874,0.25,0.0,0.0,1.0,1.0,1.0,1.0,1.0,1.0
6.73,2.696177298210261,0.7207939972509179,9.069083578753686,0.0,0.0,10.0,-0.3909271163395393,0.7407047117737935,0.2745911040564102,109.58216694848467,-133.793696856,90.63554705460768,-61.02833790848214,0.25,0.0,0.0,1.0,1.0,1.0,1.0,1.0,1.0
6.74,2.7187702433035503,0.8040691063949846,9.083799651525133,0.0,0.0,10.0,-0.273227983952887,0.7671743648870112,0.2285931321306421,116.9138092886821,-124.10040493582066,80.64282442229054,-68.65941096081737,0.25,0.0,0.0,1.0,1.0,1.0,1.0,1.0,1.0
6.75,2.7432047486630924,0.8878523131879765,9.099349468448617,0.0,0.0,10.0,-0.1423622613655043,0.7849085083423825,0.17213059902534802,124.94003389149722,-113.68390891727786,69.8245603058427,-77.08740366153756,0.25,0.0,0.0,1.0,1.0,1.0,1.0,1.0,1.0
6.76,2.769476541220866,0.9718927947408493,9.11571487116038,0.0,0.0,10.0,-0.002280986758956261,0.7921596399678857,0.10832347678303694,133.23215429359124,-102.93751737803963,58.58499822932025,-85.87269460091579,0.25,0.0,0.0,1.0,1.0,1.0,1.0,1.0,1.0
6.7700000000000005,2.7975691080079534,1.0559373643223358,9.132871736501711,0.0,0.0,10.0,0.14127625106729355,0.7877314707765722,0.041909808053641015,140.23758040602718,-93.43544237478191,48.525601564632325,-93.43544237478191,0.25,0.0,0.0,1.0,1.0,1.0,1.0,1.0,1.0
6.78,2.827456671463298,1.1397340430076814,9.150792666842174,0.0,0.0,10.0,0.2817558884742965,0.7713751919724257,-0.02166726847691593,138.68659803193262,-92.46454847509591,46.974619190537766,-92.46454847509591,0.25,0.0,0.0,1.0,1.0,1.0,1.0,1.0,1.0
6.79,2.8590945099793736,1.223038326533608,9.169438068614117,0.0,0.0,10.0,0.41345363933190077,0.7438698816995809,-0.07772024557282745,137.1428832159047,-91.47614599216972,45.43090437450985,-91.47614599216972,0.25,0.0,0.0,1.0,1.0,1.0,1.0,1.0,1.0
6.8,2.8923950758708923,1.3056291882750357,9.18873325338271,0.0,0.0,10.0,0.5331726242247163,0.7066625808504604,-0.12359801814279193,135.6360590128386,-90.45891507000053,43.92408017144376,-90.45891507000053,0.25,0.0,0.0,1.0,1.0,1.0,1.0,1.0,1.0
6.8100000000000005,2.9272436246019344,1.3873150532509937,9.208584768199243,0.0,0.0,10.0,0.6398387168176722,0.661336854069337,-0.1584640974226876,134.20814709394324,-89.43172137084105,42.49616825254839,-89.43172137084105,0.25,0.0,0.0,1.0,1.0,1.0,1.0,1.0,1.0
6.82,2.9635146280820166,1.4679303400334425,9.22889680425207,0.0,0.0,10.0,0.7336811492003815,0.6092993169530544,-0.18266328512317775,132.88919070087815,-88.41730184684266,41.17721185948331,-88.41730184684266,0.25,0.0,0.0,1.0,1.0,1.0,1.0,1.0,1.0
6.83,3.0010762935376567,1.5473327021813033,9.249576150574766,0.0,0.0,10.0,0.8156323310541669,0.5516774868783019,-0.197183103685761,131.67386676884306,-87.41334509484246,39.96188792744822,-87.41334509484246,0.25,0.0,0.0,1.0,1.0,1.0,1.0,1.0,1.0
6.84,3.039792445831892,1.625399854592406,9.270533237108248,0.0,0.0,10.0,0.8869249230606071,0.489299767165509,-0.2032826140622053,130.61049567584647,-86.47679698211182,38.898516834451634,-86.47679698211182,0.25,0.0,0.0,1.0,1.0,1.0,1.0,1.0,1.0
6.8500000000000005,3.079521233469955,1.7020303200859785,9.29168226567892,0.0,0.0,10.0,0.948869331968434,0.4227331080690388,-0.2022735725034623,125.54407741373237,-81.46365473586319,42.05968570743048,-89.69124187095613,0.25,0.0,0.0,1.0,1.0,1.0,1.0,1.0,1.0
6.86,3.120116456271736,1.7771415325234479,9.312941084855794,0.0,0.0,10.0,1.0027241721743392,0.35239334343804146,-0.19538284493716887,120.37733713662925,-76.28810101132335,45.54057366058893,-93.16331637667787,0.25,0.0,0.0,1.0,1.0,1.0,1.0,1.0,1.0
6.87,3.161426404121379,1.8506728601423763,9.334228866102414,0.0,0.0,10.0,1.0496753004354944,0.2788312889372911,-0.18366205119814163,115.28315275313173,-71.13372974584853,49.16042986344213,-96.72298569755375,0.25,0.0,0.0,1.0,1.0,1.0,1.0,1.0,1.0
6.88,3.203297603883931,1.922581051508647,9.355468842590435,0.0,0.0,10.0,1.0908058897496749,0.20275809681734264,-0.1679771780403048,110.28765001241956,-66.03585203490796,52.88591074126372,-100.34609160514697,0.25,0.0,0.0,1.0,1.0,1.0,1.0,1.0,1.0
6.890000000000001,3.2455767466042453,1.9928392169665414,9.37658846061691,0.0,0.0,10.0,1.1270670134286807,0.1249710324781723,-0.14902054087627395,105.41022624817654,-61.021429151123854,56.64827580253788,-103.97145754688003,0.25,0.0,0.0,1.0,1.0,1.0,1.0,1.0,1.0
6.9,3.288112913166743,2.061433196419904,9.397519331997023,0.0,0.0,10.0,1.1592533731858286,0.046304732462181336,-0.12732802365034793,100.77118247311321,-56.21680911829942,60.38562559650607,-107.54323108308711,0.25,0.0,0.0,1.0,1.0,1.0,1.0,1.0,1.0
6.91,3.330758874572875,2.128360590205228,9.418197688697951,0.0,0.0,10.0,1.1880073069894124,-0.032397078017001237,-0.10330659679813398,96.40547385385099,-51.66162776752855,64.03796913266271,-111.00610188773513,0.25,0.0,0.0,1.0,1.0,1.0,1.0,1.0,1.0
6.92,3.373372340675702,2.1936274621814773,9.438564633380079,0.0,0.0,10.0,1.2138177562889179,-0.11030549369811489,-0.07726636926616291,92.34993856855968,-47.39627794974102,67.55425412358599,-114.31257234616217,0.25,0.0,0.0,1.0,1.0,1.0,1.0,1.0,1.0
6.93,3.4158164880084105,2.257246190296538,9.458566168424756,0.0,0.0,10.0,1.2370233413355451,-0.1866263132810563,-0.049456045099007424,88.6370350621029,-43.45592674838545,70.8915627673241,-117.4224332950015,0.25,0.0,0.0,1.0,1.0,1.0,1.0,1.0,1.0
6.94,3.457960183270747,2.319233978027941,9.478153076726963,0.0,0.0,10.0,1.2578138098478782,-0.2606176124297463,-0.02009939195618316,85.29280365235562,-39.86878678039146,74.01469953860416,-120.30266150803484,0.25,0.0,0.0,1.0,1.0,1.0,1.0,1.0,1.0
6.95,3.4996781314637215,2.3796118946060103,9.497280792493942,0.0,0.0,10.0,1.2762284600587523,-0.3316056364580287,0.010568513001361156,82.33606044550582,-36.65562864479034,76.89612558309214,-122.92767262377151,0.25,0.0,0.0,1.0,1.0,1.0,1.0,1.0,1.0
6.96,3.5408510958765405,2.4384042838181177,9.515909363104797,0.0,0.0,10.0,1.2921517060086283,-0.3989988987789493,0.042266420286732685,79.77787039393357,-33.82957056935369,79.51599429892563,-125.2796733157406,0.25,0.0,0.0,1.0,1.0,1.0,1.0,1.0,1.0
6.97,3.581366264078265,2.4956383977383028,9.5340035774585,0.0,0.0,10.0,1.3053073513925308,-0.4622999761877764,0.0746350351217267,79.74109179078314,-33.51592741360588,79.74109179078314,-125.22790625500072,0.25,0.0,0.0,1.0,1.0,1.0,1.0,1.0,1.0
6.98,3.621119137005235,2.5513466843398462,9.55153223907938,0.0,0.0,10.0,1.3152606604512231,-0.5211580737629343,0.10720455453164383,79.91132790429833,-33.403440696752284,79.91132790429833,-125.11541953814714,0.25,0.0,0.0,1.0,1.0,1.0,1.0,1.0,1.0
6.99,3.6600199642452784,2.60557563758151,9.56846727735768,0.0,0.0,10.0,1.3214612790966898,-0.5755065903656457,0.13937149795336098,80.12360391885713,-33.33123908512091,80.12360391885713,-125.04321792651575,0.25,0.0,0.0,1.0,1.0,1.0,1.0,1.0,1.0
7.0,3.697990999235156,2.65837728759463,9.584785687660514,0.0,0.0,10.0,1.323249522738099,-0.6254746845116086,0.17041375446847126,80.37975064742311,-33.306424477069285,80.37975064742311,-125.01840331846414,0.25,0.0,0.0,1.0,1.0,1.0,1.0,1.0,1.0
7.01,3.7349636347278072,2.709804171345651,9.60047150177186,0.0,0.0,10.0,1.3198681160221426,-0.6712950574276985,0.1995104821065365,80.67539860100308,-33.3309346427728,80.67539860100308,-125.04291348416763,0.25,0.0,0.0,1.0,1.0,1.0,1.0,1.0,1.0
7.0200000000000005,3.7708762701538148,2.759907229856602,9.615516627525524,0.0,0.0,10.0,1.3104744219913413,-0.713244220370699,0.2257574100043549,81.00351386578623,-33.404905291413456,81.00351386578623,-125.1168841328083,0.25,0.0,0.0,1.0,1.0,1.0,1.0,1.0,1.0
7.03,3.805672959423548,2.8087354228908326,9.629921358786026,0.0,0.0,10.0,1.294155125233619,-0.7515995855772213,0.24818169483249738,81.35118535581664,-33.523323667537554,81.35118535581664,-125.23530250893239,0.25,0.0,0.0,1.0,1.0,1.0,1.0,1.0,1.0
7.04,3.8393023291917143,2.856335940262381,9.643694722158509,0.0,0.0,10.0,1.2699412164843684,-0.7866034604802876,0.2657566331797212,81.70620060435368,-33.68247457934203,81.70620060435368,-125.39445342073685,0.25,0.0,0.0,1.0,1.0,1.0,1.0,1.0,1.0
7.05,3.871716759911701,2.9027547937610043,9.656854839421353,0.0,0.0,10.0,1.236825586471368,-0.8184304355753099,0.2774186959570625,82.05497875712867,-33.87774488698945,82.05497875712867,-125.58972372838429,0.25,0.0,0.0,1.0,1.0,1.0,1.0,1.0,1.0
7.0600000000000005,3.902872117529917,2.948037996016608,9.669429157173395,0.0,0.0,10.0,1.1937909860452895,-0.8471512122845981,0.2820973410321782,82.38290567691354,-34.103809820614075,82.38290567691354,-125.81578866200891,0.25,0.0,0.0,1.0,1.0,1.0,1.0,1.0,1.0
7.07,3.9327277978201503,2.99223298785887,9.681454569854292,0.0,0.0,10.0,1.1398543168881037,-0.872695795339054,0.27876309754742556,82.67462893436851,-34.354667573484726,82.67462893436851,-126.06664641487956,0.25,0.0,0.0,1.0,1.0,1.0,1.0,1.0,1.0
7.08,3.961246917210158,3.035390138890497,9.692977431809956,0.0,0.0,10.0,1.0741353020780229,-0.894820623552913,0.2665008948496343,82.91439348004165,-34.62355498276983,82.91439348004164,-126.33553382416466,0.25,0.0,0.0,1.0,1.0,1.0,1.0,1.0,1.0
7.09,3.98839676954596,3.077564408327562,9.704053355844625,0.0,0.0,10.0,0.9959597882186946,-0.9130834663785476,0.2446187720779905,81.84225754711763,-36.146923073912035,84.33065767838683,-125.37050178403766,0.25,0.0,0.0,1.0,1.0,1.0,1.0,1.0,1.0
7.1000000000000005,4.014149906320148,3.1188173370185504,9.714746580391258,0.0,0.0,10.0,0.9050497533153165,-0.9268267828752057,0.2128291095456716,75.07182539690331,-43.28584572687203,91.27845149509561,-118.79119847007456,0.25,0.0,0.0,1.0,1.0,1.0,1.0,1.0,1.0
7.11,4.038485587811072,3.1592190851110113,9.725128703752034,0.0,0.0,10.0,0.8020092590840379,-0.9351526914857323,0.17163996840227488,67.49099208143373,-51.12944951770845,98.84438929949974,-111.48803114103728,0.25,0.0,0.0,1.0,1.0,1.0,1.0,1.0,1.0
7.12,4.061391026716249,3.198849591500339,9.735277367630703,0.0,0.0,10.0,0.6890453277820439,-0.936970326701968,0.1229144582572219,59.302911571267025,-59.454653963334756,106.80982825550332,-103.65971612049329,0.25,0.0,0.0,1.0,1.0,1.0,1.0,1.0,1.0
7.13,4.082861597169161,3.2377982996294707,9.745274159160127,0.0,0.0,10.0,0.5699088048733871,-0.9312736922891015,0.0698632144877927,50.94659889616461,-67.80144965013294,114.73103223225777,-95.7289951554346,0.25,0.0,0.0,1.0,1.0,1.0,1.0,1.0,1.0
7.140000000000001,4.102897677534893,3.2761616318053215,9.755204821284819,0.0,0.0,10.0,0.44938415610713317,-0.9174318408928223,0.016596368947031936,42.989052233006056,-75.58577627829088,122.05198414174032,-88.23482321095145,0.25,0.0,0.0,1.0,1.0,1.0,1.0,1.0,1.0
7.15,4.121501327150059,3.314040570865981,9.765160287446365,0.0,0.0,10.0,0.33247249021016667,-0.8953682312232987,-0.03264947369079303,36.25538436140529,-81.96641322612993,127.96736320280013,-81.96641322612993,0.25,0.0,0.0,1.0,1.0,1.0,1.0,1.0,1.0
7.16,4.138676363020766,3.351539588992511,9.775236416670161,0.0,0.0,10.0,0.2235109360734537,-0.8655650267441695,-0.07434573402372482,35.76517774344096,-81.90634314893006,127.4771565848358,-81.90634314893006,0.25,0.0,0.0,1.0,1.0,1.0,1.0,1.0,1.0
7.17,4.154439237922671,3.3887671806884954,9.78552533203928,0.0,0.0,10.0,0.12538309509084458,-0.8288953441564436,-0.1063385111774872,36.96268890331862,-83.46804921789526,125.15175798394097,-79.94513945712276,0.25,0.0,0.0,1.0,1.0,1.0,1.0,1.0,1.0
7.18,4.168840067430891,3.425835145820363,9.796095015938402,0.0,0.0,10.0,0.03898227756590766,-0.7863730723416443,-0.12814152868316625,39.97617939839138,-86.76097979881595,120.87300842837973,-75.94582998740947,0.25,0.0,0.0,1.0,1.0,1.0,1.0,1.0,1.0
7.19,4.181954112337356,3.4628513305306265,9.806992228688946,0.0,0.0,10.0,-0.03611021728706463,-0.7390587901932697,-0.14030899869760347,42.97464802878939,-89.94988632256248,116.50487592907459,-71.76813538145285,0.25,0.0,0.0,1.0,1.0,1.0,1.0,1.0,1.0
7.2,4.193868219477075,3.499915215946096,9.818252048576571,0.0,0.0,10.0,-0.1009170904163554,-0.6880198516077447,-0.14385912823420907,45.89306642261319,-92.974581169007,112.1258269856639,-67.49536289066285,0.25,0.0,0.0,1.0,1.0,1.0,1.0,1.0,1.0
7.21,4.204675341984514,3.5371170766308153,9.829900736499818,0.0,0.0,10.0,-0.156695831480587,-0.6342712514897563,-0.1399680216733247,48.67767936590663,-95.79020262705713,107.86297002479878,-63.26351444455444,0.25,0.0,0.0,1.0,1.0,1.0,1.0,1.0,1.0
7.22,4.214473743688767,3.5745374757889192,9.841956328336606,0.0,0.0,10.0,-0.20473407027848797,-0.5787506876008167,-0.1297955909819317,51.291726967631135,-98.37026345901197,103.72141965888548,-59.08797730887149,0.25,0.0,0.0,1.0,1.0,1.0,1.0,1.0,1.0
7.23,4.223363648726736,3.6122476028172628,9.854429633680683,0.0,0.0,10.0,-0.24620466641347885,-0.5223007118185325,-0.11437097786717393,53.71045151123243,-100.70013716943853,99.73952017433751,-55.01722699114879,0.25,0.0,0.0,1.0,1.0,1.0,1.0,1.0,1.0
7.24,4.23144576245633,3.6503095918344006,9.867324760977484,0.0,0.0,10.0,-0.2821080025544568,-0.46566940803151047,-0.0945550082584944,55.91996864770583,-102.77492842099599,95.94030012402226,-51.083281055917595,0.25,0.0,0.0,1.0,1.0,1.0,1.0,1.0,1.0
7.25,4.238819547288966,3.6887770325740075,9.880639983270866,0.0,0.0,10.0,-0.3132573643933834,-0.4095143575697031,-0.07104282564029894,57.913348149906184,-104.5952258483894,92.33883233128078,-47.30873118836918,0.25,0.0,0.0,1.0,1.0,1.0,1.0,1.0,1.0
7.26,4.245581805775519,3.727695545056533,9.894368620788935,0.0,0.0,10.0,-0.3402868534482461,-0.3544062214785946,-0.044385510785667465,59.688114029967736,-106.16462517656572,88.94533976040329,-43.709872065606426,0.25,0.0,0.0,1.0,1.0,1.0,1.0,1.0,1.0
7.2700000000000005,4.251825591681666,3.7671033451325067,9.90849986059913,0.0,0.0,10.0,-0.36366890719248207,-0.3008309048254935,-0.015018129144851877,61.24517064291478,-107.48884416133026,85.76624901415724,-40.29794369117789,0.25,0.0,0.0,1.0,1.0,1.0,1.0,1.0,1.0
7.28,4.2576394079143896,3.807031758830676,9.923019499555977,0.0,0.0,10.0,-0.38373468288064533,-0.24919039665209017,0.01671229014032633,62.588547289299306,-108.57571217117481,82.8043146562664,-37.07950069674708,0.25,0.0,0.0,1.0,1.0,1.0,1.0,1.0,1.0
7.29,4.263106640053172,3.8475056677767063,9.93791061975147,0.0,0.0,10.0,-0.4006942063187754,-0.19980279546147123,0.05052187899975489,63.725486861385264,-109.43550321544069,80.0584024070315,-34.05643991969208,0.25,0.0,0.0,1.0,1.0,1.0,1.0,1.0,1.0
7.3,4.268305181597819,3.88854388447838,9.953154212008736,0.0,0.0,10.0,-0.4146551671735295,-0.1529021386871325,0.08616933827772309,64.66659878526839,-110.08130615855123,77.52323810793293,-31.225966639820932,0.25,0.0,0.0,1.0,1.0,1.0,1.0,1.0,1.0
7.3100000000000005,4.273307219112954,3.930159466173862,9.968729761646403,0.0,0.0,10.0,-0.4256402029397406,-0.10863862652704184,0.1234398581617958,65.4259259114514,-110.52927147225324,75.1892018065216,-28.580568525928598,0.25,0.0,0.0,1.0,1.0,1.0,1.0,1.0,1.0
7.32,4.278179156659491,3.9723599794969657,9.98461580518387,0.0,0.0,10.0,-0.4336028897719399,-0.0670797362732963,0.16213330000768686,66.02086647769119,-110.79867364506296,73.04236405024307,-26.108192376219996,0.25,0.0,0.0,1.0,1.0,1.0,1.0,1.0,1.0
7.33,4.2829816664288565,4.015147730824097,10.000790461101477,0.0,0.0,10.0,-0.4384426816561635,-0.02821260771030257,0.20205613945523324,66.47192837381021,-110.91176867262283,71.06466378998721,-23.792525247404974,0.25,0.0,0.0,1.0,1.0,1.0,1.0,1.0,1.0
7.34,4.287769857368106,4.058519973299733,10.01723193035274,0.0,0.0,10.0,-0.4400189330558287,0.008052065894415617,0.2430165183588266,66.80231745523923,-110.89345274388977,69.23425353569614,-21.61340998295183,0.25,0.0,0.0,1.0,1.0,1.0,1.0,1.0,1.0
7.3500000000000005,4.292593553893619,4.1024690989971475,10.033918957824037,0.0,0.0,10.0,-0.4381639513637619,0.041874550325251246,0.2848216657062151,67.03739366773763,-110.77076158464132,67.52604278766808,-19.547431863176932,0.25,0.0,0.0,1.0,1.0,1.0,1.0,1.0,1.0
7.36,4.297497675013157,4.14698279658987,10.050831251745995,0.0,0.0,10.0,-0.4326949584179057,0.07347909262578403,0.32727697804881145,66.5571835665916,-109.92540550359195,66.5571835665916,-18.213426662197115,0.25,0.0,0.0,1.0,1.0,1.0,1.0,1.0,1.0
7.37,4.302522673085487,4.192044194991542,10.067949522618228,0.0,0.0,10.0,-0.42342403476315815,0.10315312887913386,0.37018558751533087,65.84637736857196,-108.8437744763086,65.84637736857196,-17.13179563491377,0.25,0.0,0.0,1.0,1.0,1.0,1.0,1.0,1.0
7.38,4.307704903226426,4.237631215974865,10.08525430793358,0.0,0.0,10.0,-0.410177767771399,0.13126544687965208,0.4133436061772147,65.14610009530087,-107.7687130617511,65.14610009530087,-16.05673422035627,0.25,0.0,0.0,1.0,1.0,1.0,1.0,1.0,1.0
7.390000000000001,4.313077141767811,4.283717001578817,10.102726321698611,0.0,0.0,10.0,-0.3928125658593706,0.1582493550298134,0.45653631108887593,64.45616699300952,-106.70181735999736,64.45616699300952,-14.989838518602525,0.25,0.0,0.0,1.0,1.0,1.0,1.0,1.0,1.0
7.4,4.318669212103223,4.3302702313651835,10.120346691405405,0.0,0.0,10.0,-0.3712195100354159,0.18457768750092796,0.4995399195031972,63.7762030809588,-105.64458788233132,63.7762030809588,-13.932609040936484,0.25,0.0,0.0,1.0,1.0,1.0,1.0,1.0,1.0
7.41,4.324508518438697,4.3772552642292935,10.138096932072468,0.0,0.0,10.0,-0.3453268955634992,0.21074256968435895,0.542122166287918,63.096859937454795,-104.58963083168464,63.096859937454795,-12.877651990289834,0.25,0.0,0.0,1.0,1.0,1.0,1.0,1.0,1.0
7.42,4.330621063099034,4.424633017187404,10.155958902496595,0.0,0.0,10.0,-0.3150895013352448,0.23723748456406374,0.5840393976984293,63.55338072956749,-102.43078346581248,61.30994610645304,-12.96223924753211,0.25,0.0,0.0,1.0,1.0,1.0,1.0,1.0,1.0
7.43,4.337031615776734,4.472360521033113,10.17391360588788,0.0,0.0,10.0,-0.2804998546646976,0.2645378524727622,0.6250322265178352,65.46513822134855,-98.85672405772266,58.10201167362136,-14.507871764055004,0.25,0.0,0.0,1.0,1.0,1.0,1.0,1.0,1.0
7.44,4.343763314512315,4.52039053768616,10.191938216314597,0.0,0.0,10.0,-0.24162698589526133,0.29304664127670366,0.6648165416759685,67.59104184284787,-95.08427953373324,54.68761795433045,-16.275724580855822,0.25,0.0,0.0,1.0,1.0,1.0,1.0,1.0,1.0
7.45,4.35083789180238,4.568672551301213,10.210004873499221,0.0,0.0,10.0,-0.19862948836947328,0.3230311959370638,0.7030750069467449,69.91625575462598,-91.14362683532785,51.09446032925859,-18.25344341930039,0.25,0.0,0.0,1.0,1.0,1.0,1.0,1.0,1.0
7.46,4.358275817194529,4.617153973410584,10.228081509903163,0.0,0.0,10.0,-0.15172231828286778,0.35461736771031677,0.7394683770414021,72.41450149487733,-87.06429103919889,47.34929211002656,-20.41752158265482,0.25,0.0,0.0,1.0,1.0,1.0,1.0,1.0,1.0
7.47,4.3660964259151935,4.665781444908083,10.246132324569912,0.0,0.0,10.0,-0.10113296337909167,0.38780019490324413,0.7736444521013254,75.06486268486803,-82.8876208420578,43.490498864131965,-22.75000582139903,0.25,0.0,0.0,1.0,1.0,1.0,1.0,1.0,1.0
7.48,4.374318206728587,4.714501996888076,10.264118612427463,0.0,0.0,10.0,-0.047069306464240845,0.42245300498522714,0.8052424731814811,77.85199871233733,-78.6389518474464,39.54033991454702,-25.238631803841898,0.25,0.0,0.0,1.0,1.0,1.0,1.0,1.0,1.0
7.49,4.382959071889042,4.763263943784613,10.281999910704192,0.0,0.0,10.0,0.010301149424328426,0.458335985894289,0.8338963405389702,80.76979183799912,-74.3339877655616,35.511367931779645,-27.880432830386233,0.25,0.0,0.0,1.0,1.0,1.0,1.0,1.0,1.0
7.5,4.392036747167401,4.812017455586676,10.299735147374186,0.0,0.0,10.0,0.07086422653437514,0.4951048370342589,0.8592367340006124,83.81983085545652,-69.97906877956741,31.406725410243958,-30.680195383385133,0.25,0.0,0.0,1.0,1.0,1.0,1.0,1.0,1.0
7.51,4.40156922382262,4.860714769023012,10.317283676307737,0.0,0.0,10.0,0.1345637192685429,0.532319213034877,0.8808938061423384,87.0097408254436,-65.57231249087512,27.22130413383612,-33.64877034108776,0.25,0.0,0.0,1.0,1.0,1.0,1.0,1.0,1.0
7.5200000000000005,4.411575273539529,4.909310059310039,10.334606154409876,0.0,0.0,10.0,0.20139727865614337,0.5694505151502666,0.8985023472997014,90.35121646477594,-61.10551769525725,22.943672475554308,-36.80108284308406,0.25,0.0,0.0,1.0,1.0,1.0,1.0,1.0,1.0
7.53,4.422075028650179,4.957759006778755,10.351665241736567,0.0,0.0,10.0,0.2714024642034085,0.6058888255982651,0.9117119245956966,93.8576431353465,-56.56669686062504,18.55865298892703,-40.15370816564969,0.25,0.0,0.0,1.0,1.0,1.0,1.0,1.0,1.0
7.54,4.433090626701136,5.0060180930277305,10.368426117696234,0.0,0.0,10.0,0.34463135391533123,0.6409492389500697,0.92020499354027,97.54111296633505,-51.94332758556733,14.050662425628758,-43.721799284878784,0.25,0.0,0.0,1.0,1.0,1.0,1.0,1.0,1.0
7.55,4.4446467046645,5.054043764071765,10.384856934710987,0.0,0.0,10.0,0.4211117537064495,0.6738803077062205,0.9237273986199633,101.25323996634248,-47.35974379352018,9.541261124947638,-47.35974379352019,0.25,0.0,0.0,1.0,1.0,1.0,1.0,1.0,1.0
7.5600000000000005,4.456771607491019,5.101791041486676,10.400928452105404,0.0,0.0,10.0,0.5007963629703165,0.7038690503393328,0.9221262214318767,100.88416954415706,-46.959907015130995,9.172190702762215,-46.95990701513099,0.25,0.0,0.0,1.0,1.0,1.0,1.0,1.0,1.0
7.57,4.469493214786298,5.149214978725923,10.416610136932011,0.0,0.0,10.0,0.5835411336237449,0.7301224323253033,0.91540084600521,100.53508906889553,-46.62481198066901,8.823110227500692,-46.62481198066901,0.25,0.0,0.0,1.0,1.0,1.0,1.0,1.0,1.0
7.58,4.482828226238339,5.196276760780888,10.431859656172831,0.0,0.0,10.0,0.669174183814679,0.7520446450664935,0.9037137090135177,100.22214983999106,-46.37061536974842,8.510170998596216,-46.37061536974842,0.25,0.0,0.0,1.0,1.0,1.0,1.0,1.0,1.0
7.59,4.496784597976835,5.242943072565482,10.446628762668029,0.0,0.0,10.0,0.7574350614956166,0.7691855597516448,0.8874018364658021,99.93242423614818,-46.182970762143505,8.220445394753341,-46.182970762143505,0.25,0.0,0.0,1.0,1.0,1.0,1.0,1.0,1.0
7.6000000000000005,4.511365964363086,5.289183552666162,10.460867679398584,0.0,0.0,10.0,0.8479146274784374,0.781175000750985,0.8669853269199677,99.68199744978429,-46.07501960529957,7.970018608389452,-46.07501960529958,0.25,0.0,0.0,1.0,1.0,1.0,1.0,1.0,1.0
7.61,4.526573302424382,5.3349694872947,10.474527038564831,0.0,0.0,10.0,0.9400337903430942,0.7877025551760481,0.8431670809039781,99.47946691704178,-46.05081654793637,7.767488075646938,-46.05081654793637,0.25,0.0,0.0,1.0,1.0,1.0,1.0,1.0,1.0
7.62,4.54240534040801,5.380273259877401,10.48755791898766,0.0,0.0,10.0,1.0330585204662652,0.7885186313623853,0.8168093128194632,99.33183438669074,-46.111223872314625,7.619855545295906,-46.111223872314625,0.25,0.0,0.0,1.0,1.0,1.0,1.0,1.0,1.0
7.63,4.558858477912458,5.425068131097824,10.499911656348754,0.0,0.0,10.0,1.1261460264961123,0.7834422314682726,0.7888851659375515,99.24527009679875,-46.254880827077244,7.53329125540391,-46.254880827077244,0.25,0.0,0.0,1.0,1.0,1.0,1.0,1.0,1.0
7.640000000000001,4.5759267553307374,5.469328013217569,10.511539638690314,0.0,0.0,10.0,1.2184122492863139,0.7723658482999788,0.7604109952841775,99.22599376311348,-46.47950723320129,7.514014921718633,-46.47950723320129,0.25,0.0,0.0,1.0,1.0,1.0,1.0,1.0,1.0
7.65,4.59360185947164,5.513027217748156,10.522393078599857,0.0,0.0,10.0,1.3090074570687682,0.7552550845039911,0.7323718923909908,99.27733415150263,-46.779554529827436,7.565355310107776,-46.77955452982744,0.25,0.0,0.0,1.0,1.0,1.0,1.0,1.0,1.0
7.66,4.611872994225317,5.556140338945871,10.532422858633744,0.0,0.0,10.0,1.3971867210089646,0.7321425734065728,0.7056533735552103,99.41379717246417,-47.160924370910095,7.701818331069326,-47.160924370910095,0.25,0.0,0.0,1.0,1.0,1.0,1.0,1.0,1.0
7.67,4.630726881508398,5.598641969064032,10.541579111414231,0.0,0.0,10.0,1.4823655905606525,0.7031151648096527,0.6809892753168727,99.63640997075973,-47.616909381980946,7.924431129364891,-47.616909381980946,0.25,0.0,0.0,1.0,1.0,1.0,1.0,1.0,1.0
7.68,4.650147517713804,5.6405066561114525,10.549811057524686,0.0,0.0,10.0,1.5641469305576592,0.6682976876464618,0.65893699046254,99.95016169586076,-48.14608903620355,8.238182854465919,-48.14608903620355,0.25,0.0,0.0,1.0,1.0,1.0,1.0,1.0,1.0
7.69,4.6701159298686274,5.681708824504453,10.557066618753053,0.0,0.0,10.0,-1.4992698671613276,2.513757874606154,-2.5017160876572455,100.3604342370609,-48.74897668997178,8.648455395666062,-48.74897668997178,0.25,0.0,0.0,1.0,1.0,1.0,1.0,1.0,1.0
7.7,4.6906096359697935,5.722223024225064,10.563292071738942,0.0,0.0,10.0,-1.424733811468968,2.559715403348213,-2.5175623011617687,46.10812964675884,-104.19238291297557,46.10812964675884,-12.480404071580736,0.25,0.0,0.0,1.0,1.0,1.0,1.0,1.0,1.0
7.71,4.711600805950013,5.762026232932602,10.568432085401183,0.0,0.0,10.0,-1.3531010075972798,2.6107092660928997,-2.5301318480763886,46.79766093582159,-104.88191420203832,46.79766093582159,-13.169935360643485,0.25,0.0,0.0,1.0,1.0,1.0,1.0,1.0,1.0
7.72,4.733066724479644,5.801080593884203,10.572424919151144,0.0,0.0,10.0,-1.2815241414187326,2.665287071473389,-2.539460933738838,47.58644589502687,-105.6706991612436,47.58644589502687,-13.958720319848766,0.25,0.0,0.0,1.0,1.0,1.0,1.0,1.0,1.0
7.73,4.754985838843119,5.83933896195003,10.575199233430016,0.0,0.0,10.0,-1.2077467926086016,2.722240912602054,-2.545328086141359,48.47922892085057,-106.56348218706731,48.47922892085057,-14.851503345672462,0.25,0.0,0.0,1.0,1.0,1.0,1.0,1.0,1.0
7.74,4.777321271736618,5.8767766874291505,10.576680469254796,0.0,0.0,10.0,-1.1304130218601613,2.7807082898697764,-2.547289156629686,49.48877081880558,-107.5730240850223,49.48877081880558,-15.861045243627473,0.25,0.0,0.0,1.0,1.0,1.0,1.0,1.0,1.0
7.75,4.8000267244205395,5.913387691547967,10.576790308628711,0.0,0.0,10.0,-1.0485883151095123,2.8399580781628324,-2.5448023333361545,50.624594929828845,-108.70884819604558,50.624594929828845,-16.99686935465074,0.25,0.0,0.0,1.0,1.0,1.0,1.0,1.0,1.0
7.76,4.823051414700368,5.949179458238634,10.57544697687554,0.0,0.0,10.0,-0.9615038387001136,2.8992570232994055,-2.5372836594996264,51.89113375764712,-109.97538702386385,51.89113375764712,-18.263408182469007,0.25,0.0,0.0,1.0,1.0,1.0,1.0,1.0,1.0
7.7700000000000005,4.846342769640773,5.984170239130406,10.57256299404274,0.0,0.0,10.0,-0.868423324492206,2.95778604970183,-2.524134859136891,53.29724361775519,-111.38149688397192,53.29724361775519,-19.669518042577096,0.25,0.0,0.0,1.0,1.0,1.0,1.0,1.0,1.0
7.78,4.869847225732177,6.018389514351782,10.56804364228706,0.0,0.0,10.0,-0.7685951084462822,3.0145795861285554,-2.504763885974,54.85166952839743,-112.93592279461416,54.85166952839743,-21.223943953219326,0.25,0.0,0.0,1.0,1.0,1.0,1.0,1.0,1.0
7.79,4.893510715269541,6.051880468030931,10.561788407845876,0.0,0.0,10.0,-0.6612703539242355,3.06848619756157,-2.478616062099828,57.596647043901996,-113.62032511797179,55.53607185175506,-23.968921468723885,0.25,0.0,0.0,1.0,1.0,1.0,1.0,1.0,1.0
7.8,4.917279203756,6.08470304351137,10.553691102648985,0.0,0.0,10.0,-0.5457522882470618,3.118154486644737,-2.4452420830927433,66.41361461610585,-108.5803092157021,50.49605594948536,-32.78588904092775,0.25,0.0,0.0,1.0,1.0,1.0,1.0,1.0,1.0
7.8100000000000005,4.941099448285415,6.116941091983643,10.543647740196821,0.0,0.0,10.0,-0.42158841833531785,-3.121073609292326,-2.40442304884088,75.94648992642317,-103.18394539994644,45.09969213372972,-42.318764351245065,0.25,0.0,0.0,1.0,1.0,1.0,1.0,1.0,1.0
7.82,4.964921288478824,6.148705387190705,10.531563609585863,0.0,0.0,10.0,-0.2888544023896307,-3.0841876086926487,-2.356356038351745,40.35121583879177,-51.578515499342004,85.20624107452011,-98.43546910500851,0.25,0.0,0.0,1.0,1.0,1.0,1.0,1.0,1.0
7.83,4.988700029929919,6.180130905341768,10.517353327947243,0.0,0.0,10.0,-0.14873097567060653,-3.056008949366613,-2.301811053264674,51.228030001336926,-45.580988723205394,79.2087142983835,-109.31228326755365,0.25,0.0,0.0,1.0,1.0,1.0,1.0,1.0,1.0
7.84,5.012397078637027,6.211373245493578,10.500924047107272,0.0,0.0,10.0,-0.0050294037006503875,-3.0391234684187096,-2.242367558402628,62.43363462660089,-39.61111677062398,73.23884234580208,-120.51788789281761,0.25,0.0,0.0,1.0,1.0,1.0,1.0,1.0,1.0
7.8500000000000005,5.035982350904239,6.242611103903543,10.482174174199065,0.0,0.0,10.0,0.1380778036286966,-3.034622453948632,-2.1798920522262475,70.64239301911427,-37.01466744393617,70.64239301911427,-128.726646285331,0.25,0.0,0.0,1.0,1.0,1.0,1.0,1.0,1.0
7.86,5.059438625729528,6.274050207008329,10.46101206038332,0.0,0.0,10.0,0.27695171860902784,-3.042011875631067,-2.11616749712574,73.64464240137124,-40.01691682619314,73.64464240137124,-131.72889566758798,0.25,0.0,0.0,1.0,1.0,1.0,1.0,1.0,1.0
7.87,5.0827648937271785,6.305919017429084,10.4373639421371,0.0,0.0,10.0,0.4087771459503458,-3.0599214448587126,-2.0526530265998533,76.84313642188577,-43.215410846707655,76.84313642188577,-134.9273896881025,0.25,0.0,0.0,1.0,1.0,1.0,1.0,1.0,1.0
7.88,5.10598044755195,6.3384549957579015,10.411197818148306,0.0,0.0,10.0,0.5316951306434252,-3.086737275221703,-1.9903450822817341,80.22607005478017,-46.59834447960206,80.22607005478017,-138.3103233209969,0.25,0.0,0.0,1.0,1.0,1.0,1.0,1.0,1.0
7.890000000000001,5.129124365235911,6.371898116211123,10.38251026470591,0.0,0.0,10.0,0.6445305146009489,-3.120790396992255,-1.9297449107508697,83.76477238333948,-50.13704680816136,83.76477238333948,-141.8490256495562,0.25,0.0,0.0,1.0,1.0,1.0,1.0,1.0,1.0
7.9,5.152255197371817,6.406488112386138,10.351317034291723,0.0,0.0,10.0,0.7465674351698207,3.1227884938674593,-1.8708672636035795,87.42766195141374,-53.79993637623563,87.42766195141374,-145.51191521763047,0.25,0.0,0.0,1.0,1.0,1.0,1.0,1.0,1.0
7.91,5.175451054455715,6.442463756246873,10.317645881358782,0.0,0.0,10.0,0.8374035235195864,3.079285419773446,-1.8132955384183103,137.04881447597666,-103.42108890079854,45.3368356345818,-103.42108890079854,0.25,0.0,0.0,1.0,1.0,1.0,1.0,1.0,1.0
7.92,5.198810538506154,6.480068267408062,10.281527151254856,0.0,0.0,10.0,0.91790361325573,3.0337017191561038,-1.756579248889013,140.8935331380057,-107.26580756282755,49.18155429661083,-107.26580756282755,0.25,0.0,0.0,1.0,1.0,1.0,1.0,1.0,1.0
7.930000000000001,5.222456483273892,6.51957766912165,10.242972857118147,0.0,0.0,10.0,0.9926206103297712,2.9880969935638677,-1.7012273020936226,144.80984053559695,-111.18211496041886,53.09786169420212,-111.18211496041886,0.25,0.0,0.0,1.0,1.0,1.0,1.0,1.0,1.0
7.94,5.246528031038569,6.5612492586216025,10.202028896102915,0.0,0.0,10.0,1.065564222796983,2.9435605901841564,-1.647917699968215,148.81197441313697,-115.18424883795888,57.09999557174214,-115.18424883795888,0.25,0.0,0.0,1.0,1.0,1.0,1.0,1.0,1.0
7.95,5.271172316598271,6.605305656267152,10.158787324693444,0.0,0.0,10.0,1.1395317270394936,2.900470551546002,-1.5972931440647646,152.8648011876741,-119.23707561249597,61.152822346279244,-119.23707561249597,0.25,0.0,0.0,1.0,1.0,1.0,1.0,1.0,1.0
7.96,5.296544376900311,6.65195498842413,10.113374575778547,0.0,0.0,10.0,1.2166160383246867,2.858873750211068,-1.5500061563051646,156.94282423150042,-123.3150986563223,65.23084539010559,-123.3150986563223,0.25,0.0,0.0,1.0,1.0,1.0,1.0,1.0,1.0
7.97,5.322811161682231,6.701408910163048,10.065947416147274,0.0,0.0,10.0,1.2984843314603072,2.8186963050432157,-1.5067254618894392,161.00101507664502,-127.3732895014669,69.28903623525017,-127.3732895014669,0.25,0.0,0.0,1.0,1.0,1.0,1.0,1.0,1.0
7.98,5.350154829966226,6.753886805686993,10.016699115089137,0.0,0.0,10.0,1.3865471964042275,2.7798595174970626,-1.4681443889117516,164.99871925921573,-131.37099368403761,73.28674041782091,-131.37099368403761,0.25,0.0,0.0,1.0,1.0,1.0,1.0,1.0,1.0
7.99,5.378771354829084,6.809602631669534,9.965871451891326,0.0,0.0,10.0,1.4821060279323497,2.742333248343841,-1.4350151290345086,168.93912631053226,-135.31140073535414,77.22714746913744,-135.31140073535414,0.25,0.0,0.0,1.0,1.0,1.0,1.0,1.0,1.0
8.0,5.408870422994715,6.868754793297122,9.913762384712077,0.0,0.0,10.0,-1.5551581207240537,0.435410888726776,1.733432138422538,172.68981826843833,-139.06209269326024,80.9778394270435,-139.06209269326024,0.25,0.0,0.0,1.0,1.0,1.0,1.0,1.0,1.0
8.01,5.440672653800329,6.931508449981124,9.860734267648414,0.0,0.0,10.0,-1.4407865214183768,0.46998144255895324,1.75312368662256,96.67674780758477,-130.30447338276286,188.3887266489796,-130.30447338276286,0.25,0.0,0.0,1.0,1.0,1.0,1.0,1.0,1.0
8.02,5.47440274579194,6.997969656243047,9.80721614388674,0.0,0.0,10.0,-1.3170143762932822,0.5037059374820985,1.765282117597769,99.86751810281875,-133.49524367799685,191.5794969442136,-133.49524367799685,0.25,0.0,0.0,1.0,1.0,1.0,1.0,1.0,1.0
8.03,5.510316109253228,7.068209269055558,9.753702103967916,0.0,0.0,10.0,-1.1910830793952563,0.5408046945495559,1.771327067564964,115.26826208627497,-148.8959876614531,181.78827057893312,-123.7040173127164,0.25,0.0,0.0,1.0,1.0,1.0,1.0,1.0,1.0
8.040000000000001,5.54869225550963,7.14220672968821,9.700707731141005,0.0,0.0,10.0,-1.0685182817034706,0.5844135251483965,1.7723135971057373,150.85841781184337,-184.48614338702146,150.85841781184337,-92.77416454562663,0.25,0.0,0.0,1.0,1.0,1.0,1.0,1.0,1.0
8.05,5.589818638013487,7.2198020823864,9.648709181828913,0.0,0.0,10.0,-0.9488545172683462,0.6364226335873492,1.7675393670126307,152.65479736799466,-186.28252294317275,152.65479736799466,-94.57054410177794,0.25,0.0,0.0,1.0,1.0,1.0,1.0,1.0,1.0
8.06,5.634052848034711,7.300774217997442,9.598152384511069,0.0,0.0,10.0,-0.8252040644400505,0.6982759768334176,1.7529793114731693,153.90710639896434,-187.53483197414243,153.90710639896434,-95.82285313274761,0.25,0.0,0.0,1.0,1.0,1.0,1.0,1.0,1.0
8.07,5.6817459963710055,7.384740998908678,9.549381318959629,0.0,0.0,10.0,-0.6899353992934042,0.7700812415832248,1.7229634719200908,158.91316787759973,-183.95532883318808,150.32760325800996,-100.82891461138301,0.25,0.0,0.0,1.0,1.0,1.0,1.0,1.0,1.0
8.08,5.7332335669680505,7.4711730290903455,9.502617579712751,0.0,0.0,10.0,-0.5340723326710103,0.8502105743397459,1.6694776448582074,168.42163846973165,-174.94255909808805,141.31483352290996,-110.33738520351494,0.25,0.0,0.0,1.0,1.0,1.0,1.0,1.0,1.0
8.09,5.788834073335034,7.559425751931855,9.457953302080027,0.0,0.0,10.0,-0.34474278213463355,0.9341296116376085,1.580150201645746,180.13801900580955,-162.99661501050753,129.36888943532944,-122.05376573959283,0.25,0.0,0.0,1.0,1.0,1.0,1.0,1.0,1.0
8.1,5.848858262851448,7.648772279000018,9.415360230393981,0.0,0.0,10.0,-0.10380521184932928,1.0126098121464184,1.437267638586444,195.95567382954897,-146.47334984619545,112.84562427101734,-137.87142056333226,0.25,0.0,0.0,1.0,1.0,1.0,1.0,1.0,1.0
8.11,5.913591113972129,7.738417056193024,9.374687697397473,0.0,0.0,10.0,0.20535862730733104,1.0697583741822274,1.22457126538768,199.79255553664015,-141.70830227042342,108.08057669524531,-141.70830227042342,0.25,0.0,0.0,1.0,1.0,1.0,1.0,1.0,1.0
8.120000000000001,5.983252794044024,7.827510883461727,9.33565868716098,0.0,0.0,10.0,0.5710344580944599,1.0849021068374463,0.9539347375734644,198.58762325411337,-142.03564773998596,106.87564441271854,-142.03564773998596,0.25,0.0,0.0,1.0,1.0,1.0,1.0,1.0,1.0
8.13,6.057892004582752,7.915189781680156,9.297847454560497,0.0,0.0,10.0,0.9333996997705992,1.045302442594251,0.6853990221643784,197.1373275418149,-142.94921979079277,105.42534870042005,-142.94921979079277,0.25,0.0,0.0,1.0,1.0,1.0,1.0,1.0,1.0
8.14,6.137356512524061,8.00063131336199,9.260711489814396,0.0,0.0,10.0,1.2338793893122264,0.9557047117881292,0.4780787478956985,196.032317889695,-144.18972841007832,104.32033904830016,-144.18972841007832,0.25,0.0,0.0,1.0,1.0,1.0,1.0,1.0,1.0
8.15,6.221322665297344,8.08308697793343,9.223640149545604,0.0,0.0,10.0,1.461886190658743,0.8298877746095533,0.3434663252707585,195.68500991378056,-145.65325401579452,103.97303107238574,-145.65325401579452,0.25,0.0,0.0,1.0,1.0,1.0,1.0,1.0,1.0
8.16,6.309319436186172,8.161898361685084,9.185986104575504,0.0,0.0,10.0,-1.5071871626359838,2.461955265844415,-2.8757497910167915,196.26188313133332,-147.4058959624489,104.54990428993848,-147.4058959624489,0.25,0.0,0.0,1.0,1.0,1.0,1.0,1.0,1.0
8.17,6.400739275556633,8.236509187437436,9.14708277187995,0.0,0.0,10.0,-1.3711142639389655,2.6293178385785865,-2.9137165431572005,144.65903617494376,-202.7432894411605,144.65903617494376,-111.03131059976566,0.25,0.0,0.0,1.0,1.0,1.0,1.0,1.0,1.0
8.18,6.4948604163883985,8.306440164385867,9.106246894084023,0.0,0.0,10.0,-1.255353216951673,2.809372003438583,-2.924188449034374,147.27970851077953,-205.36396177699626,147.27970851077953,-113.65198293560144,0.25,0.0,0.0,1.0,1.0,1.0,1.0,1.0,1.0
8.19,6.590860292523401,8.371237710763081,9.062745060131366,0.0,0.0,10.0,-1.1424963773109698,2.9985119654491683,-2.9132978676856496,150.70513347469762,-208.78938674091435,150.70513347469762,-117.0774078995195,0.25,0.0,0.0,1.0,1.0,1.0,1.0,1.0,1.0
8.2,6.687719248013501,8.430733161655564,9.015829964810777,0.0,0.0,10.0,-1.0188096517553538,-3.090057343201224,-2.879618557476564,155.03950450779422,-213.12375777401095,155.03950450779422,-121.41177893261613,0.25,0.0,0.0,1.0,1.0,1.0,1.0,1.0,1.0
8.21,6.784285890940249,8.485093010872026,8.964754658136618,0.0,0.0,10.0,-0.8708654693218771,-2.8951963589267065,-2.815596218059523,114.39669652299227,-172.480949789209,206.1086753643871,-172.480949789209,0.25,0.0,0.0,1.0,1.0,1.0,1.0,1.0,1.0
8.22,6.8793374962221705,8.534813465901877,8.908762951632026,0.0,0.0,10.0,-0.682416882138012,-2.7109654160461827,-2.707825013121043,124.78669090402923,-174.4774484078936,208.10517398307175,-182.87094417024596,0.25,0.0,0.0,1.0,1.0,1.0,1.0,1.0,1.0
8.23,6.971616180773595,8.580718576377164,8.84705479720103,0.0,0.0,10.0,-0.43794163759756366,-2.5597847097759128,-2.541440555237591,151.505924476347,-162.17200102587168,195.79972660104977,-209.59017774256372,0.25,0.0,0.0,1.0,1.0,1.0,1.0,1.0,1.0
8.24,7.060026646917914,8.624130245385672,8.778985779551675,0.0,0.0,10.0,-0.134668827860139,-2.467246173484587,-2.312998467694598,181.9331424077472,-148.3054168325691,181.9331424077472,-240.01739567396393,0.25,0.0,0.0,1.0,1.0,1.0,1.0,1.0,1.0
8.25,7.1437580700410575,8.666774053842426,8.704083217642788,0.0,0.0,10.0,0.19642774607187288,-2.450606251304241,-2.0511009778958846,191.2199778567624,-157.59225228158428,191.2199778567624,-249.30423112297913,0.25,0.0,0.0,1.0,1.0,1.0,1.0,1.0,1.0
8.26,7.222306875192211,8.710671489473457,8.6220026117049,0.0,0.0,10.0,0.5021153695160417,-2.5052540357813737,-1.8064790628662097,201.37850334509434,-167.75077776991623,201.37850334509434,-259.4627566113111,0.25,0.0,0.0,1.0,1.0,1.0,1.0,1.0,1.0
8.27,7.295618802675411,8.758023121821093,8.532676121957023,0.0,0.0,10.0,0.7507394852015414,-2.6095254349023245,-1.6093906947745131,212.28112535663118,-178.65339978145306,212.28112535663118,-270.3653786228479,0.25,0.0,0.0,1.0,1.0,1.0,1.0,1.0,1.0
8.28,7.364062395422444,8.81108044449581,8.436265357289978,0.0,0.0,10.0,0.9411459929772767,-2.7400723728257854,-1.459930406309115,223.6902474215418,-190.0625218463637,223.6902474215418,-281.7745006877585,0.25,0.0,0.0,1.0,1.0,1.0,1.0,1.0,1.0
8.290000000000001,7.428394531997853,8.872060978457075,8.333105725067151,0.0,0.0,10.0,1.0845729331078189,-2.879704956746483,-1.3454298205919606,235.35625342835277,-201.72852785317465,235.35625342835277,-293.4405066945695,0.25,0.0,0.0,1.0,1.0,1.0,1.0,1.0,1.0
8.3,7.489735955624423,8.943058759097323,8.223668812930633,0.0,0.0,10.0,1.1921832843351166,-3.0172648225251284,-1.2527351119953745,247.29639364031124,-213.19202624234822,247.29639364031124,-304.9040050837431,0.25,0.0,0.0,1.0,1.0,1.0,1.0,1.0,1.0
8.31,7.549516303655902,9.025971372137647,8.108503971638303,0.0,0.0,10.0,1.2719415097539264,3.137730892585269,-1.1714409617061017,259.2547907398331,-224.34078380343965,259.2547907398331,-316.0527626448345,0.25,0.0,0.0,1.0,1.0,1.0,1.0,1.0,1.0
8.32,7.609386000286303,9.12245686183624,7.988164683061445,0.0,0.0,10.0,1.3290648777669583,3.024057373663506,-1.093850478766138,316.748106186007,-281.1240375933032,225.03612734461214,-281.1240375933032,0.25,0.0,0.0,1.0,1.0,1.0,1.0,1.0,1.0
8.33,7.671113756876859,9.233980499459296,7.863124968676368,0.0,0.0,10.0,1.3701854703754173,2.9271519766754825,-1.015283191841261,328.01622890628903,-291.7144482440916,236.3042500648942,-291.7144482440916,0.25,0.0,0.0,1.0,1.0,1.0,1.0,1.0,1.0
8.34,7.73651789436037,9.361905951843752,7.733775690545028,0.0,0.0,10.0,1.4102637416949857,2.8418314514662875,-0.9367220552373394,338.96908041579167,-301.98105581491996,247.25710157439684,-301.98105581491996,0.25,0.0,0.0,1.0,1.0,1.0,1.0,1.0,1.0
8.35,7.807426067049047,9.507293178390205,7.600640880057499,0.0,0.0,10.0,1.4609677660747802,2.761393220604889,-0.8621739063660466,349.65002105555203,-311.97580623582553,257.93804221415724,-311.97580623582553,0.25,0.0,0.0,1.0,1.0,1.0,1.0,1.0,1.0
8.36,7.885750032454162,9.671008510591726,7.46453952719054,0.0,0.0,10.0,1.529903712906549,2.6800943734767153,-0.7966279013509842,360.0678332093019,-321.74247950843744,268.3558543679071,-321.74247950843744,0.25,0.0,0.0,1.0,1.0,1.0,1.0,1.0,1.0
8.370000000000001,7.973602707472264,9.853746136958323,7.326723108969982,0.0,0.0,10.0,-1.518432945972104,0.5479528861616482,2.395535157257815,369.7685205537373,-330.87065696477,278.05654171234244,-330.87065696477,0.25,0.0,0.0,1.0,1.0,1.0,1.0,1.0,1.0
8.38,8.073352152060222,10.055819328456273,7.188991472616086,0.0,0.0,10.0,-1.3938632941296543,0.6420457815860692,2.4231048765050347,295.92931257211706,-329.55703814729515,387.64129141351185,-329.55703814729515,0.25,0.0,0.0,1.0,1.0,1.0,1.0,1.0,1.0
8.39,8.187648756280728,10.276902158322747,7.0537343162844905,0.0,0.0,10.0,-1.2348219717498539,0.7432412433121202,2.4195037832125528,302.6559475288436,-336.2836731040217,394.3679263702384,-336.2836731040217,0.25,0.0,0.0,1.0,1.0,1.0,1.0,1.0,1.0
8.4,8.319422072562976,10.515824750626237,6.923731127009391,0.0,0.0,10.0,-1.0596449122366993,0.8472156331758713,2.388698991443116,349.80632407319587,-383.43404964837396,356.10298582265864,-298.01873255644193,0.25,0.0,0.0,1.0,1.0,1.0,1.0,1.0,1.0
8.41,8.471500187209775,10.770326297585834,6.801442209858912,0.0,0.0,10.0,-0.8798178296625018,0.9531138982403057,2.336435955605949,354.5570692942791,-388.18479486945716,354.5570692942791,-296.4728160280623,0.25,0.0,0.0,1.0,1.0,1.0,1.0,1.0,1.0
8.42,8.646466146434355,11.037296716474861,6.68843400741956,0.0,0.0,10.0,-0.6781705212499064,1.0694241325172047,2.249602367257836,360.2599289717095,-379.8799232193241,346.25219764414595,-302.17567570549284,0.25,0.0,0.0,1.0,1.0,1.0,1.0,1.0,1.0
8.43,8.846501805905232,11.312842884610458,6.5850342154090304,0.0,0.0,10.0,-0.40184138993373614,1.1979820642081906,2.0792027393189065,376.8378170858953,-355.7949712127488,322.16724563757066,-318.7535638196786,0.25,0.0,0.0,1.0,1.0,1.0,1.0,1.0,1.0
8.44,9.07322697750577,11.592447287325717,6.490156639089476,0.0,0.0,10.0,0.10992876508639592,1.3157106509102605,1.6670992421786626,390.3419578959386,-332.2577046297219,298.6299790545438,-332.2577046297219,0.25,0.0,0.0,1.0,1.0,1.0,1.0,1.0,1.0
8.45,9.327571521267613,11.871250022599867,6.401380205805574,0.0,0.0,10.0,1.009688140655021,1.3281720776020114,0.8628531516139611,385.42234875581073,-327.338095489594,293.7103699144159,-327.338095489594,0.25,0.0,0.0,1.0,1.0,1.0,1.0,1.0,1.0
8.46,9.609317087620491,12.14430998234826,6.315193501002677,0.0,0.0,10.0,-1.5153941167605367,1.9584260535893891,-2.802667184759311,379.741338562234,-326.34878057162695,288.02935972083907,-326.34878057162695,0.25,0.0,0.0,1.0,1.0,1.0,1.0,1.0,1.0
8.47,9.916612531894652,12.406959888398678,6.22743390931853,0.0,0.0,10.0,-1.2441065530473705,2.1761587217967637,-2.9833662126932277,323.65204667080997,-381.73629993702673,323.65204667080997,-290.0243210956319,0.25,0.0,0.0,1.0,1.0,1.0,1.0,1.0,1.0
8.48,10.246127103009808,12.655040959304044,6.133739277541513,0.0,0.0,10.0,-1.0950362782096696,2.428032470410838,-3.039976084131696,327.34234961881555,-385.4266028850323,327.34234961881555,-293.71462404363746,0.25,0.0,0.0,1.0,1.0,1.0,1.0,1.0,1.0
8.49,10.593226262234607,12.88506685476574,6.029702406413,0.0,0.0,10.0,-0.9764527303275624,2.7043211764643837,-3.0499902130501972,335.7132550819433,-393.79750834815997,335.7132550819433,-302.08552950676517,0.25,0.0,0.0,1.0,1.0,1.0,1.0,1.0,1.0
8.5,10.951707054058346,13.094927504833024,5.910957062281018,0.0,0.0,10.0,-0.8513949431301915,3.000574899459336,-3.0282474680610556,349.1826990261657,-407.2669522923824,349.1826990261657,-315.55497345098763,0.25,0.0,0.0,1.0,1.0,1.0,1.0,1.0,1.0
8.51,11.313998347376632,13.2844391117435,5.773242640742616,0.0,0.0,10.0,-0.692103682770831,-2.973352572922754,-2.963879524328975,367.819518892003,-425.9037721582197,367.819518892003,-334.1917933168249,0.25,0.0,0.0,1.0,1.0,1.0,1.0,1.0,1.0
8.52,11.671411703851671,13.456060398731232,5.6126766270984385,0.0,0.0,10.0,-0.4559451037995736,-2.6682656872368877,-2.820514892773107,362.1494836544862,-387.93385149964075,421.56157707481884,-420.2337369207029,0.25,0.0,0.0,1.0,1.0,1.0,1.0,1.0,1.0
8.53,12.014645050006303,13.615819680013418,5.426317833513917,0.0,0.0,10.0,-0.06729965969912702,-2.4180427968108162,-2.5238833111638574,418.9628365437352,-389.6864300666974,423.3141556418755,-477.04708980995184,0.25,0.0,0.0,1.0,1.0,1.0,1.0,1.0,1.0
8.540000000000001,12.335157247893688,13.774184556477527,5.21324681710446,0.0,0.0,10.0,0.4954665205254295,-2.330345441475783,-2.0467824514111888,455.031763941707,-421.4040383665289,455.031763941707,-513.1160172079237,0.25,0.0,0.0,1.0,1.0,1.0,1.0,1.0,1.0
8.55,12.627541619803887,13.945641277156067,4.975596619978325,0.0,0.0,10.0,1.0168527753516794,-2.449709053671695,-1.5982982687166853,491.9366359049911,-458.308910329813,491.9366359049911,-550.0208891712077,0.25,0.0,0.0,1.0,1.0,1.0,1.0,1.0,1.0
8.56,12.891541924373055,14.146755997310406,4.718826254711595,0.0,0.0,10.0,1.3533266866232825,-2.685608251098418,-1.318293798905047,529.0743104208341,-495.44658484565593,529.0743104208341,-587.1585636870507,0.25,0.0,0.0,1.0,1.0,1.0,1.0,1.0,1.0
8.57,13.132929183171331,14.393676227140116,4.451001604654673,0.0,0.0,10.0,1.5573958359494262,-2.9502823677610457,-1.150042343141606,563.3548526549387,-529.013466376329,563.3548526549387,-620.725445217724,0.25,0.0,0.0,1.0,1.0,1.0,1.0,1.0,1.0
8.58,13.36315847488101,14.699738143934338,4.181338625106171,0.0,0.0,10.0,-1.4564880967916867,0.060049539668345274,2.1107799183521316,591.5331557077488,-555.722181433805,591.5331557077488,-647.4341602751997,0.25,0.0,0.0,1.0,1.0,1.0,1.0,1.0,1.0
8.59,13.597664773416865,15.073855040108056,3.9183531448662787,0.0,0.0,10.0,-1.3783066033481215,0.2780385194278529,2.2166983957037654,621.4161319149409,-655.0438574901189,621.4161319149409,-563.3318786487241,0.25,0.0,0.0,1.0,1.0,1.0,1.0,1.0,1.0
8.6,13.853239497200216,15.520332796154268,3.6682935364671443,0.0,0.0,10.0,-1.3369299732873319,0.4615667750230528,2.3282137705492647,630.9283294304694,-664.5560550056475,630.9283294304694,-572.8440761642528,0.25,0.0,0.0,1.0,1.0,1.0,1.0,1.0,1.0
8.61,14.146187098967998,16.039501252382323,3.43435655370191,0.0,0.0,10.0,-1.3293356909469831,0.6451868741715499,2.4540588971592556,632.4308353659728,-666.0585609411507,632.4308353659728,-574.3465820997561,0.25,0.0,0.0,1.0,1.0,1.0,1.0,1.0,1.0
8.620000000000001,14.492255415729618,16.626778405393065,3.2159155886056747,0.0,0.0,10.0,-1.3774860336028076,0.8520308049364412,2.6164248588170698,628.4321379489002,-662.0598635240783,628.4321379489002,-570.3478846826836,0.25,0.0,0.0,1.0,1.0,1.0,1.0,1.0,1.0
8.63,14.906207451361901,17.272053871000548,3.0074476858554533,0.0,0.0,10.0,-1.5667278048914137,1.0800787928296989,2.899854821951556,622.5117651534915,-656.1394907286697,622.5117651534915,-564.4275118872747,0.25,0.0,0.0,1.0,1.0,1.0,1.0,1.0,1.0
8.64,15.399752681753997,17.95973088157287,2.7976877961653166,0.0,0.0,10.0,0.9284914782772546,1.8872509669918083,0.4804333857325467,619.5332468540419,-653.16097242922,619.5332468540419,-561.448993587825,0.25,0.0,0.0,1.0,1.0,1.0,1.0,1.0,1.0
8.65,15.97821872122031,18.66966360245303,2.569775439387697,0.0,0.0,10.0,-0.012736024719708125,2.0077952619970865,1.482876071543022,667.3813842399843,-617.32906181862,575.6694053985896,-617.32906181862,0.25,0.0,0.0,1.0,1.0,1.0,1.0,1.0,1.0
8.66,16.63702585216699,19.379116042722824,2.302758427000583,0.0,0.0,10.0,-0.3691816888812262,2.3571466026891037,1.8913812581400256,648.1918372064038,-679.5608014287288,645.9330758535507,-590.1075839401869,0.25,0.0,0.0,1.0,1.0,1.0,1.0,1.0,1.0
8.67,17.359188466328607,20.065565921394253,1.9749363092910015,0.0,0.0,10.0,-0.4999576145034137,2.7781644700232406,2.0695154082134883,689.7931434942936,-723.4208690694716,689.7931434942936,-631.7088902280768,0.25,0.0,0.0,1.0,1.0,1.0,1.0,1.0,1.0
8.68,18.113840947149768,20.71016061637214,1.5690260166606935,0.0,0.0,10.0,-0.5540987302986982,-3.030024991908535,2.176002630425614,756.9115022031306,-790.5392277783087,756.9115022031306,-698.8272489369137,0.25,0.0,0.0,1.0,1.0,1.0,1.0,1.0,1.0
8.69,18.85563713299531,21.301800627580516,1.0758213195982311,0.0,0.0,10.0,-0.5551341324785791,-2.497301336969622,2.2679501657939865,801.0843206645561,-834.7120462397343,892.7962995059511,-834.7120462397343,0.25,0.0,0.0,1.0,1.0,1.0,1.0,1.0,1.0
8.700000000000001,19.524832276998552,21.845282237627146,0.5025513567369314,0.0,0.0,10.0,-0.36406153299689564,-1.916642868766654,2.513500229401262,908.0643850056297,-941.6921105808078,999.7763638470246,-941.6921105808078,0.25,0.0,0.0,1.0,1.0,1.0,1.0,1.0,1.0
8.71,20.05954225008557,22.374793232635213,-0.11495780939472025,0.0,0.0,10.0,-1.198451374806542,-1.2249678314062784,1.7087257607044621,1041.1926856601017,-1029.0227963972013,1087.1070496634184,-1074.8204112352796,0.25,0.0,0.0,1.0,1.0,1.0,1.0,1.0,1.0
8.72,20.430663779897973,22.964142961085155,-0.7101229007543186,0.0,0.0,10.0,-1.0106181099218816,-0.573233661349623,1.9272153571478041,1151.7600979084166,-1185.3878234835947,1151.7600979084166,-1093.6758446421998,0.25,0.0,0.0,1.0,1.0,1.0,1.0,1.0,1.0
8.73,20.688637256511665,23.710960976130384,-1.209598433742086,0.0,0.0,10.0,-1.0406182459968913,0.10779864348737958,1.9664144594008282,1184.3441228142153,-1217.9718483893935,1184.3441228142153,-1126.2598695479985,0.25,0.0,0.0,1.0,1.0,1.0,1.0,1.0,1.0
8.74,20.97936495711071,24.677580378166304,-1.582723085419139,0.0,0.0,10.0,-1.143196461183353,0.838460037756787,2.0447572861266012,1143.503447904498,-1177.1311734796761,1143.503447904498,-1085.4191946382812,0.25,0.0,0.0,1.0,1.0,1.0,1.0,1.0,1.0
8.75,21.480650879207616,25.81243839883212,-1.8806924140762984,0.0,0.0,10.0,-0.17751963336864435,1.7036666373486669,1.0472543355454178,1051.4603416761697,-1085.0880672513479,1051.4603416761697,-993.3760884099529,0.25,0.0,0.0,1.0,1.0,1.0,1.0,1.0,1.0
8.76,22.259221248734665,26.939652171742928,-2.2159632015097883,0.0,0.0,10.0,-0.9974917607356163,2.5602166819279475,1.8100554244442124,1018.719337120315,-963.7161317507507,927.0073582789203,-963.7161317507507,0.25,0.0,0.0,1.0,1.0,1.0,1.0,1.0,1.0
8.77,23.18333657017828,27.882389972956148,-2.6702140108420886,0.0,0.0,10.0,-1.1608709316915353,-2.750436245703762,1.8044489161704935,982.0360022886341,-1015.6637278638123,982.0360022886341,-923.9517490224173,0.25,0.0,0.0,1.0,1.0,1.0,1.0,1.0,1.0
8.78,24.017417481953892,28.6191279752119,-3.21350658356728,0.0,0.0,10.0,1.0125001819592738,-1.308048475644194,-2.2062412385407533,1034.6393296423325,-1068.2670552175107,1126.3513084837275,-1068.2670552175107,0.25,0.0,0.0,1.0,1.0,1.0,1.0,1.0,1.0
8.790000000000001,24.630069278385445,29.305272406404132,-3.724074291273024,0.0,0.0,10.0,-0.8216649420835258,-0.5569739665458793,2.3354887100878643,1181.512763166848,-1147.8850375916697,1181.512763166848,-1239.5970164330645,0.25,0.0,0.0,1.0,1.0,1.0,1.0,1.0,1.0
8.8,25.120779364023157,30.142187399206026,-4.095600791653775,0.0,0.0,10.0,-1.0627553339965636,0.5520702286395026,2.27123810094401,1227.063640068024,-1260.691365643202,1227.063640068024,-1168.979386801807,0.25,0.0,0.0,1.0,1.0,1.0,1.0,1.0,1.0
8.81,25.756444219322642,31.175633547607575,-4.358046677975444,0.0,0.0,10.0,-0.09908764824034942,1.744077103689855,1.1563278259475063,1153.8682088777011,-1187.4959344528793,1153.8682088777011,-1095.7839556114843,0.25,0.0,0.0,1.0,1.0,1.0,1.0,1.0,1.0
8.82,26.675495100965513,32.20091799980556,-4.6697652710261615,0.0,0.0,10.0,-1.0327872425580444,2.8292965506415024,1.9108546289707076,1104.5914362509031,-1048.6355312962044,1012.8794574095082,-1048.6355312962044,0.25,0.0,0.0,1.0,1.0,1.0,1.0,1.0,1.0
8.83,27.682881411978546,32.99547758355399,-5.116658837384057,0.0,0.0,10.0,-1.4378824420098026,-2.2947312608816404,1.6834124097715775,1069.354678542061,-1102.9824041172392,1069.354678542061,-1011.2704252758442,0.25,0.0,0.0,1.0,1.0,1.0,1.0,1.0,1.0
8.84,28.49565052801553,33.61383381229231,-5.585273087684507,0.0,0.0,10.0,-0.5132911875273773,-0.860445290227257,2.7368589962096648,1134.1905588332477,-1167.8182844084258,1225.9025376746426,-1167.8182844084258,0.25,0.0,0.0,1.0,1.0,1.0,1.0,1.0,1.0
8.85,29.11840651340563,34.31236081903059,-5.906455987522856,0.0,0.0,10.0,-0.9503951829486919,0.389425518284244,2.4825331881011055,1249.6283538328569,-1191.54410056664,1249.6283538328569,-1283.2560794080352,0.25,0.0,0.0,1.0,1.0,1.0,1.0,1.0,1.0
8.86,29.847997746255967,35.20784264745728,-6.08438438305972,0.0,0.0,10.0,-0.21397028057746018,1.767633055073081,1.5089256126413866,1183.0571740956511,-1216.6848996708293,1183.0571740956511,-1124.9729208294343,0.25,0.0,0.0,1.0,1.0,1.0,1.0,1.0,1.0
8.870000000000001,30.85920204467993,36.08722033565288,-6.314459136862994,0.0,0.0,10.0,-1.0618655924479954,3.0045703648478628,2.0717304741942795,1111.8248283981009,-1053.740575131884,1020.1128495567059,-1053.740575131884,0.25,0.0,0.0,1.0,1.0,1.0,1.0,1.0,1.0
8.88,31.913513186069167,36.717735442277196,-6.6781817718773455,0.0,0.0,10.0,1.3264702989231376,-1.027428563560818,-1.6529644577614324,1067.4332605655964,-1101.0609861407745,1067.4332605655964,-1009.3490072993795,0.25,0.0,0.0,1.0,1.0,1.0,1.0,1.0,1.0
8.89,32.74336881844762,37.2080901547744,-7.006147691862344,0.0,0.0,10.0,-0.5835160486827105,-0.4766113244351748,2.857866174302643,1160.1666202282527,-1126.5388946530745,1160.1666202282527,-1218.2508734944695,0.25,0.0,0.0,1.0,1.0,1.0,1.0,1.0,1.0
8.9,33.4591380579502,37.81873775856939,-7.140567366252049,0.0,0.0,10.0,-0.9429353063737207,0.8355431956647792,2.7286149721189714,1150.992918905407,-1184.620644480585,1242.7048977468019,-1184.620644480585,0.25,0.0,0.0,1.0,1.0,1.0,1.0,1.0,1.0
8.91,34.37311708948558,38.56638175315397,-7.167619387141731,0.0,0.0,10.0,-0.8565465656975441,2.1647701952335465,2.4144409968782163,1077.430785063819,-1111.0585106389972,1077.430785063819,-1019.3465317976022,0.25,0.0,0.0,1.0,1.0,1.0,1.0,1.0,1.0
8.92,35.51456269815199,39.19616949936502,-7.289650643255426,0.0,0.0,10.0,-1.1632554960773092,-2.839903931193061,2.3337557656327834,962.4944528827384,-996.1221784579166,962.4944528827384,-904.4101996165216,0.25,0.0,0.0,1.0,1.0,1.0,1.0,1.0,1.0
8.93,36.58510600892784,39.594866750894475,-7.5070199378139995,0.0,0.0,10.0,0.3589188846706959,-1.1539913994203261,-2.3387479735714862,946.306395345425,-979.9341209206032,1038.01837418682,-979.9341209206032,0.25,0.0,0.0,1.0,1.0,1.0,1.0,1.0,1.0
8.94,37.44293631905283,39.95311036673823,-7.633773988378489,0.0,0.0,10.0,-0.7181328098040027,-0.03509640855796039,2.954536832370683,1065.3365577144805,-1031.7088321393026,1065.3365577144805,-1123.4208109806975,0.25,0.0,0.0,1.0,1.0,1.0,1.0,1.0,1.0
8.950000000000001,38.294166212286335,40.452549818900366,-7.589663988338772,0.0,0.0,10.0,-1.0202211706962945,1.3022221836512688,2.9310597923050614,1052.0495988266223,-1085.6773244018002,1052.0495988266223,-993.9653455604055,0.25,0.0,0.0,1.0,1.0,1.0,1.0,1.0,1.0
8.96,39.363401010729085,40.99822666354443,-7.509359809508787,0.0,0.0,10.0,-1.0329827862209136,2.6268099233488598,2.697267165669907,925.9012569207175,-959.5289824958957,925.9012569207175,-867.8170036545007,0.25,0.0,0.0,1.0,1.0,1.0,1.0,1.0,1.0
8.97,40.54545848359288,41.3753533671635,-7.522930946656928,0.0,0.0,10.0,-1.4518901688962018,-2.381839697957053,2.387939848339048,855.511791062022,-889.1395166372001,855.511791062022,-797.4275377958052,0.25,0.0,0.0,1.0,1.0,1.0,1.0,1.0,1.0
8.98,41.59157672186028,41.59996041533703,-7.552234523658837,0.0,0.0,10.0,-0.42875753786406157,-0.7684838400115686,-2.7814275230628103,852.4372011881264,-886.0649267633046,944.1491800295214,-886.0649267633046,0.25,0.0,0.0,1.0,1.0,1.0,1.0,1.0,1.0
8.99,42.51013316912201,41.87368695834103,-7.458903524369376,0.0,0.0,10.0,-0.8732147019423567,0.5688289076335384,-3.0977556570237748,922.3807863858765,-888.7530608106986,910.6537685283156,-968.7380217945326,0.25,0.0,0.0,1.0,1.0,1.0,1.0,1.0,1.0
9.0,43.52277333359468,42.25612046133983,-7.267474937085014,0.0,0.0,10.0,-0.8791760227494445,1.9732373686236016,2.923460530568182,843.314174135938,-901.3984274021548,843.314174135938,-809.6864485607598,0.25,0.0,0.0,1.0,1.0,1.0,1.0,1.0,1.0
9.01,44.694299248866415,42.58488896051752,-7.1136970589744735,0.0,0.0,10.0,-1.2188508094972244,-2.940383575102012,2.863919550283069,758.9267002027502,-792.5544257779284,758.9267002027502,-700.8424469365334,0.25,0.0,0.0,1.0,1.0,1.0,1.0,1.0,1.0
9.02,45.83839275698103,42.76279018752932,-7.011680118700036,0.0,0.0,10.0,0.33630412965773676,-1.117549890829641,-1.7459365048311506,703.0973304231661,-736.7250559983443,794.8093092645611,-736.7250559983443,0.25,0.0,0.0,1.0,1.0,1.0,1.0,1.0,1.0
9.03,46.853778252191404,42.914283299486584,-6.848941475393716,0.0,0.0,10.0,-0.7923010077103134,0.02978924841487219,-2.743103377927103,799.3598675520161,-765.7321419768382,739.9146851497997,-797.9989384160165,0.25,0.0,0.0,1.0,1.0,1.0,1.0,1.0,1.0
9.040000000000001,47.87234748253349,43.15710704387601,-6.590226003772337,0.0,0.0,10.0,-1.4116007545537907,1.404348511457109,-2.46971127242031,738.6510492063646,-796.7353024725815,738.6510492063646,-705.0233236311865,0.25,0.0,0.0,1.0,1.0,1.0,1.0,1.0,1.0
9.05,49.01673956361091,43.41919029778263,-6.324686279760329,0.0,0.0,10.0,-1.0992967755933751,2.8194186511008508,-3.077712682205785,657.34161950465,-715.4258727708668,657.34161950465,-623.7138939294719,0.25,0.0,0.0,1.0,1.0,1.0,1.0,1.0,1.0
9.06,50.20208698363061,43.57886812572681,-6.108387865477288,0.0,0.0,10.0,1.3573124653275912,-0.9745449602706053,-0.4701320904322997,619.299267695932,-677.3835209621489,619.299267695932,-585.6715421207539,0.25,0.0,0.0,1.0,1.0,1.0,1.0,1.0,1.0
9.07,51.299984880495806,43.6754044997771,-5.8788821364399295,0.0,0.0,10.0,-0.6765614162703936,-0.4492339664421631,-2.371108819242826,641.3488627604431,-599.5992299426398,641.3488627604431,-691.3112087840345,0.25,0.0,0.0,1.0,1.0,1.0,1.0,1.0,1.0
9.08,52.35484849016883,43.824227405604425,-5.579525265322263,0.0,0.0,10.0,-1.1055426624761813,0.9551392927236068,-2.4630026137950947,586.254577513932,-644.3388307801488,677.9665563553269,-644.3388307801488,0.25,0.0,0.0,1.0,1.0,1.0,1.0,1.0,1.0
9.09,53.48442096169685,44.01930532140622,-5.254332737167039,0.0,0.0,10.0,-0.9811598542770861,2.410849681770109,-2.8553389444464363,577.321208365769,-635.4054616319859,577.321208365769,-543.6934827905911,0.25,0.0,0.0,1.0,1.0,1.0,1.0,1.0,1.0
9.1,54.67376162360022,44.16032930210562,-4.963527474269148,0.0,0.0,10.0,-1.4265067491630254,-2.4917745959178346,-3.045690130146411,534.2326769367863,-592.316930203003,534.2326769367863,-500.60495136160824,0.25,0.0,0.0,1.0,1.0,1.0,1.0,1.0,1.0
9.11,55.816706867342454,44.23622102799577,-4.68202093027015,0.0,0.0,10.0,-0.472857835685676,-0.8347807263369296,-1.945732019754355,492.220763794945,-550.3050170611617,583.9327426363398,-550.3050170611617,0.25,0.0,0.0,1.0,1.0,1.0,1.0,1.0,1.0
9.120000000000001,56.90543555172009,44.33212539050739,-4.356973008113811,0.0,0.0,10.0,-1.0205192030432548,0.5026125537059293,-2.253737820475208,556.9455929064923,-523.3178673313141,526.8433880069363,-584.9276412731531,0.25,0.0,0.0,1.0,1.0,1.0,1.0,1.0,1.0
9.13,58.02649283967595,44.47816755852238,-3.9999284771002324,0.0,0.0,10.0,-0.6456082177240926,1.9334534846758966,-2.8976292218881943,507.9178261960275,-566.0020794622442,507.9178261960275,-474.29010062084933,0.25,0.0,0.0,1.0,1.0,1.0,1.0,1.0,1.0
9.14,59.20884855669234,44.610399132283845,-3.660503215228197,0.0,0.0,10.0,-1.1989376719488092,-3.004539189993981,-2.7005696237662464,495.313430086356,-497.2392612658768,439.15500799966003,-461.6857045111779,0.25,0.0,0.0,1.0,1.0,1.0,1.0,1.0,1.0
9.15,60.38452600327352,44.68618455441633,-3.343116596802861,0.0,0.0,10.0,0.5002017196423894,-1.1786414102748963,-0.8259154905549316,413.060461365964,-471.1447146321807,504.7724402073588,-471.1447146321807,0.25,0.0,0.0,1.0,1.0,1.0,1.0,1.0,1.0
9.16,61.509595474083326,44.75029532596633,-3.0078846965807315,0.0,0.0,10.0,-0.8896584433681373,-0.11415787652730774,-2.028951473027468,495.2799746065398,-456.6379227091332,441.8511808852592,-494.92110782924755,0.25,0.0,0.0,1.0,1.0,1.0,1.0,1.0,1.0
9.17,62.6284019867571,44.85310851731895,-2.640730205748393,0.0,0.0,10.0,-1.5051720179312764,1.2091915471747203,-1.7550027497339493,450.68031627829504,-508.76456954451174,450.68031627829504,-417.05259070311695,0.25,0.0,0.0,1.0,1.0,1.0,1.0,1.0,1.0
9.18,63.79277464078176,44.973055783309285,-2.2723550421425105,0.0,0.0,10.0,-0.997513040044538,2.6376094281973184,-2.509331390691164,416.41427475718166,-474.49852802339836,416.41427475718166,-382.7865491820035,0.25,0.0,0.0,1.0,1.0,1.0,1.0,1.0,1.0
9.19,64.98023541734054,45.059175761232275,-1.9261543215259442,0.0,0.0,10.0,-1.4817369204422957,-2.327843232180951,-2.7264168612047714,396.4380330119996,-454.5222862782163,396.4380330119996,-362.8103074368215,0.25,0.0,0.0,1.0,1.0,1.0,1.0,1.0,1.0
9.200000000000001,66.13751509650058,45.11539471433851,-1.583482443669424,0.0,0.0,10.0,-0.6493772648164904,-0.7811517315199354,-1.7309965525093336,352.60694879072133,-410.6912020569381,444.3189276321162,-410.6912020569381,0.25,0.0,0.0,1.0,1.0,1.0,1.0,1.0,1.0
9.21,67.2669233242308,45.187679097871644,-1.2193479714319366,0.0,0.0,10.0,-1.1312206260162454,0.5272006960050447,-1.9123721221760144,395.5541299312287,-361.9264043560506,395.5541299312287,-453.6383831974454,0.25,0.0,0.0,1.0,1.0,1.0,1.0,1.0,1.0
9.22,68.41476991299001,45.28889338796566,-0.8419393236761847,0.0,0.0,10.0,-0.5222243856996636,1.9525288943763568,-2.7582140539568583,373.0332809591161,-431.1175342253328,373.0332809591161,-339.40555538393795,0.25,0.0,0.0,1.0,1.0,1.0,1.0,1.0,1.0
9.23,69.59593717659223,45.38368609474293,-0.4764252462358197,0.0,0.0,10.0,-1.160036854699437,-3.048728810601592,-2.423074483835815,394.4158045713471,-360.78807899616896,302.70382572995226,-360.78807899616896,0.25,0.0,0.0,1.0,1.0,1.0,1.0,1.0,1.0
9.24,70.77474415909253,45.44792009045642,-0.12501818000132486,0.0,0.0,10.0,0.7984972351169952,-1.2182748063969608,-0.2608235841212837,295.18972919375346,-353.2739824599702,386.9017080351483,-353.2739824599702,0.25,0.0,0.0,1.0,1.0,1.0,1.0,1.0,1.0
9.25,71.92495704945522,45.503952507762826,0.23275562023576327,0.0,0.0,10.0,-0.9252840954580915,-0.28730107013590767,-1.7876904421786135,367.56505233010137,-323.98721976923895,325.6216567581129,-373.75580303864535,0.25,0.0,0.0,1.0,1.0,1.0,1.0,1.0,1.0
9.26,73.06679672564766,45.58156788814908,0.6062748393108408,0.0,0.0,10.0,-1.4241729234433098,0.9963443931324025,-1.632038801648113,330.7037271535194,-388.78798041973613,330.7037271535194,-297.07600157834133,0.25,0.0,0.0,1.0,1.0,1.0,1.0,1.0,1.0
9.27,74.23130712354845,45.67384591598555,0.9813274174659883,0.0,0.0,10.0,-0.8741463652968187,2.4056385439281143,-2.3943021421682067,308.5961213627246,-366.6803746289413,308.5961213627246,-274.96839578754646,0.25,0.0,0.0,1.0,1.0,1.0,1.0,1.0,1.0
9.28,75.41339184972358,45.7517368280992,1.3434078206846822,0.0,0.0,10.0,-1.2911325897384738,-2.5869054088320027,-2.3971656104926655,300.38269886357534,-342.0043138135239,283.9200605473071,-266.7549732883972,0.25,0.0,0.0,1.0,1.0,1.0,1.0,1.0,1.0
9.290000000000001,76.58340445310827,45.80998000789656,1.6988224273315744,0.0,0.0,10.0,-0.41123440503721465,-1.104451169591175,-1.339221011416044,242.26905520294642,-300.35330846916315,333.98103404434124,-300.35330846916315,0.25,0.0,0.0,1.0,1.0,1.0,1.0,1.0,1.0
9.3,77.73381037090827,45.871762895992674,2.062201154293422,0.0,0.0,10.0,-1.0913556255459809,0.1280396050131195,-1.7784403266889834,284.63028199882785,-250.471683917458,284.63028199882785,-342.18366275885285,0.25,0.0,0.0,1.0,1.0,1.0,1.0,1.0,1.0
9.31,78.88661227149822,45.951525330302644,2.4341282967301474,0.0,0.0,10.0,0.9406590412159208,1.8453709874987863,2.2329709605412313,270.29418617148735,-328.37843943770406,270.29418617148735,-236.66646059630924,0.25,0.0,0.0,1.0,1.0,1.0,1.0,1.0,1.0
9.32,80.05816349341606,46.03574340204517,2.8021721939955455,0.0,0.0,10.0,-1.0059100422615543,2.7787766219850316,-2.3142097201886935,309.84904999541584,-251.76479672919908,218.137071154021,-251.76479672919908,0.25,0.0,0.0,1.0,1.0,1.0,1.0,1.0,1.0
9.33,81.23650217568597,46.10571959925904,3.1601593623081885,0.0,0.0,10.0,-1.4632806509764142,-2.251686134236533,-2.4840679795941463,240.25221994532075,-298.3364732115375,240.25221994532075,-206.62449437014266,0.25,0.0,0.0,1.0,1.0,1.0,1.0,1.0,1.0
9.34,82.40210146681643,46.16501562405627,3.5158930744683667,0.0,0.0,10.0,-0.7701892243116515,-0.8329065812526232,-1.6133379313847012,189.93177148647555,-248.0160247526923,281.6437503278704,-248.0160247526923,0.25,0.0,0.0,1.0,1.0,1.0,1.0,1.0,1.0
9.35,83.55628744439747,46.231218556995124,3.877960466143765,0.0,0.0,10.0,-1.2124959121612051,0.4245288822084393,-1.7408971728554028,218.25358275348034,-205.03867868259005,238.66640425776816,-276.3378360196971,0.25,0.0,0.0,1.0,1.0,1.0,1.0,1.0,1.0
9.36,84.71613126417431,46.30954991295451,4.243683377824079,0.0,0.0,10.0,-0.1419575081041309,1.8873755975822408,-3.014326956943947,213.91107147611834,-271.9953247423351,213.91107147611834,-180.28334590094022,0.25,0.0,0.0,1.0,1.0,1.0,1.0,1.0,1.0
9.370000000000001,85.88859118933097,46.38750253556336,4.6044732676614535,0.0,0.0,10.0,-1.0856553056249818,3.058914682845378,-2.2980396080010856,244.31027717699138,-210.68255160181326,152.59829833559655,-210.68255160181326,0.25,0.0,0.0,1.0,1.0,1.0,1.0,1.0,1.0
9.38,87.06233415460814,46.45482681699699,4.958606622474246,0.0,0.0,10.0,1.4083814038996227,-1.1303407657935662,0.43635990727179874,188.62685940888898,-246.7111126751057,188.62685940888898,-154.99913383371086,0.25,0.0,0.0,1.0,1.0,1.0,1.0,1.0,1.0
9.39,88.22630442466648,46.51734775381373,5.3123809170727645,0.0,0.0,10.0,-0.924023643006647,-0.5940849167082237,-1.7089118656768054,190.23960959937858,-140.57224583744838,190.23960959937858,-232.2842246788432,0.25,0.0,0.0,1.0,1.0,1.0,1.0,1.0,1.0
9.4,89.38461844386678,46.58625520015954,5.670072002771398,0.0,0.0,10.0,-1.3339193698102056,0.6554214395752638,-1.6899148989562467,126.74747895593106,-184.83173222214776,218.45945779732588,-184.83173222214776,0.25,0.0,0.0,1.0,1.0,1.0,1.0,1.0,1.0
9.41,90.54830184227835,46.66217983907596,6.028535708632521,0.0,0.0,10.0,-0.5622450413202248,2.073219952561558,-2.649385567183941,158.66844523990665,-216.75269850612338,158.66844523990665,-125.04071966472856,0.25,0.0,0.0,1.0,1.0,1.0,1.0,1.0,1.0
9.42,91.71925462825399,46.736173610405956,6.382738764852511,0.0,0.0,10.0,-1.146897022827569,-2.9896901386426604,-2.318826626258326,191.14875063505053,-157.52102505987241,99.4367717936557,-157.52102505987241,0.25,0.0,0.0,1.0,1.0,1.0,1.0,1.0,1.0
9.43,92.88931339455198,46.80357804008047,6.732915497580551,0.0,0.0,10.0,0.8837671252207516,-1.287595929904575,-0.06895845495133279,89.77908903870612,-147.86334230492284,181.49106788010096,-147.86334230492284,0.25,0.0,0.0,1.0,1.0,1.0,1.0,1.0,1.0
9.44,94.05322943907763,46.869434430243224,7.083156143000134,0.0,0.0,10.0,-1.022833594341867,-0.3768098166944958,-1.7729051767963913,133.0235386983612,-87.76986512160967,133.0235386983612,-179.4818439630045,0.25,0.0,0.0,1.0,1.0,1.0,1.0,1.0,1.0
9.450000000000001,95.21493747378214,46.939722363932155,7.435161202222649,0.0,0.0,10.0,-1.4694677076111744,0.8580330605720021,-1.6247662524356663,116.34039399169487,-174.4246472579116,116.34039399169487,-82.71266841651676,0.25,0.0,0.0,1.0,1.0,1.0,1.0,1.0,1.0
9.46,96.38036080554733,47.01335357957813,7.786577704532032,0.0,0.0,10.0,-0.7493363898542752,2.259686147099229,-2.522343814226977,103.29217090285859,-161.37642416907534,103.29217090285859,-69.66444532768048,0.25,0.0,0.0,1.0,1.0,1.0,1.0,1.0,1.0
9.47,97.54925603521569,47.08521559961085,8.135003373025071,0.0,0.0,10.0,-1.1978216111944473,-2.7917649015390285,-2.354832000613221,133.7274936864103,-106.38522228898285,48.300969022766104,-100.09976811123218,0.25,0.0,0.0,1.0,1.0,1.0,1.0,1.0,1.0
9.48,98.71703283468804,47.15380997060239,8.481114849101184,0.0,0.0,10.0,0.13146608008934668,-1.3161893512698684,-0.8247996755000542,34.851292411602344,-92.93554567781908,126.56327125299718,-92.93554567781908,0.25,0.0,0.0,1.0,1.0,1.0,1.0,1.0,1.0
9.49,99.88183248845355,47.22219144082984,8.826954803871956,0.0,0.0,10.0,-1.094507952276704,-0.19888460207327716,-1.8356206118495457,73.14344262697705,-34.49164467178918,73.14344262697705,-126.20362351318401,0.25,0.0,0.0,1.0,1.0,1.0,1.0,1.0,1.0
9.5,101.04604574818042,47.292774847402725,9.172972537063915,0.0,0.0,10.0,1.5098098717583044,2.1261668270789227,1.5969301745355549,59.21114417350112,-117.29539743971785,59.21114417350112,-25.583418598323007,0.25,0.0,0.0,1.0,1.0,1.0,1.0,1.0,1.0
9.51,102.21202126612482,47.36453780630599,9.517983547728466,0.0,0.0,10.0,-0.8505073941891251,2.4235150724863037,-2.4980369616431175,104.9621795157941,-46.87792624957737,13.250200674399267,-46.87792624957737,0.25,0.0,0.0,1.0,1.0,1.0,1.0,1.0,1.0
9.52,103.37918657681837,47.43541446779005,9.861184759859764,0.0,0.0,10.0,-1.247488810505479,-2.6235556662530364,-2.4190181180101944,35.007467362918696,-93.09172062913544,35.007467362918696,-1.379741787740592,0.25,0.0,0.0,1.0,1.0,1.0,1.0,1.0,1.0
9.53,104.54579655267258,47.50519168362245,10.203007712450944,0.0,0.0,10.0,-0.39057096530581187,-1.2295399001782688,-1.3701348454060744,-22.009363278679373,-36.07488998753737,69.70261556271547,-36.07488998753737,0.25,0.0,0.0,1.0,1.0,1.0,1.0,1.0,1.0
9.540000000000001,105.7115101125001,47.57502704809582,10.544116900042464,0.0,0.0,10.0,-1.1473918258964417,-0.0346237179182853,-1.892798766586733,12.724312616127513,21.16426938059469,12.724312616127513,-70.54770946080015,0.25,0.0,0.0,1.0,1.0,1.0,1.0,1.0,1.0
9.55,106.87716768670282,47.64545295852064,10.884525547991075,0.0,0.0,10.0,1.276866595796619,1.9925092365918213,1.7491181983371726,0.8532160113068414,-58.93746927752356,0.8532160113068414,32.77450956387126,0.25,0.0,0.0,1.0,1.0,1.0,1.0,1.0,1.0
9.56,108.043220520262,47.71608184962011,11.223923770956327,0.0,0.0,10.0,-0.9244420927446748,2.5849244302744063,-2.506546615588185,46.940741663016155,11.143511603200565,-44.77123717837867,11.143511603200565,0.25,0.0,0.0,1.0,1.0,1.0,1.0,1.0,1.0
9.57,109.20945120770803,47.78657476866112,11.562222504845852,0.0,0.0,10.0,-1.3088114310254346,-2.458903436753998,-2.5039641247076307,-23.063365396379126,-35.02088786983761,-23.063365396379126,56.69109097155723,0.25,0.0,0.0,1.0,1.0,1.0,1.0,1.0,1.0
9.58,110.37563722266566,47.856969833810155,11.899510122600184,0.0,0.0,10.0,-0.6580593206148757,-1.0937820465324941,-1.6664007799104925,-80.77978494215932,22.69553167594259,10.932193899235521,22.69553167594259,0.25,0.0,0.0,1.0,1.0,1.0,1.0,1.0,1.0
9.59,111.54176116096453,47.92738921056694,12.235850752071652,0.0,0.0,10.0,-1.1940570433714006,0.12921416798059632,-1.9420167745494972,-57.58326550698777,69.7570766040786,-36.12935102890049,-0.5009877592289342,0.25,0.0,0.0,1.0,1.0,1.0,1.0,1.0,1.0
9.6,112.70793922177549,47.997914650535435,12.571247768810641,0.0,0.0,10.0,0.8908425973654164,1.8923400075852612,2.0582137208217257,-58.8780620069457,0.7938087407289771,-58.8780620069457,92.50578758212382,0.25,0.0,0.0,1.0,1.0,1.0,1.0,1.0,1.0
9.61,113.87436865782198,48.06846423885942,12.905599323953075,0.0,0.0,10.0,-0.9849765273383561,2.7488008716939576,-2.5298357369541074,-12.895437335622987,70.9796906018397,-104.6074161770178,70.9796906018397,0.25,0.0,0.0,1.0,1.0,1.0,1.0,1.0,1.0
9.620000000000001,115.04094530551326,48.138639637499516,13.2387398657755,0.0,0.0,10.0,-1.393306300704473,-2.295116236351407,-2.6124233357706323,-83.0927508113189,25.008497545102188,-83.0927508113189,116.72047638649701,0.25,0.0,0.0,1.0,1.0,1.0,1.0,1.0,1.0
9.63,116.20694709773913,48.20837731956691,13.570844510045662,0.0,0.0,10.0,-0.8028350090841043,-0.9358854070577213,-1.8363922993958781,-140.96862318326157,82.88436991704484,-49.25664434186673,82.88436991704484,0.25,0.0,0.0,1.0,1.0,1.0,1.0,1.0,1.0
9.64,117.37214458596517,48.27864186336351,13.902427918263893,0.0,0.0,10.0,-1.238708068291992,0.2988580173354759,-1.9751069517693223,-131.38219414250102,116.81197822851925,-83.18425265334116,73.29794087628429,0.25,0.0,0.0,1.0,1.0,1.0,1.0,1.0,1.0
9.65,118.53787651237762,48.35021227493901,14.233448926489181,0.0,0.0,10.0,0.3023561919901597,1.8622545959295222,2.5805709874372016,-119.86464813371313,61.78039486749638,-119.86464813371313,153.49237370889122,0.25,0.0,0.0,1.0,1.0,1.0,1.0,1.0,1.0
9.66,119.70542125090324,48.42185349308894,14.562926264352244,0.0,0.0,10.0,-1.0409102347457944,2.9239850547958697,-2.553783196928184,-74.54603191940072,132.63028518561745,-166.25801076079554,132.63028518561745,0.25,0.0,0.0,1.0,1.0,1.0,1.0,1.0,1.0
9.67,120.87338505383796,48.49144756521971,14.890254705454353,0.0,0.0,10.0,-1.532421265063681,-2.123903580725959,-2.7651139156016202,-144.80816735771714,86.7239140915004,-144.80816735771714,178.43589293289526,0.25,0.0,0.0,1.0,1.0,1.0,1.0,1.0,1.0
9.68,122.03876436403186,48.5595798260032,15.21660187899694,0.0,0.0,10.0,-0.8996716223731006,-0.7509289125445814,-1.944320287772738,-202.2096283165094,144.12537505029266,-110.49764947511457,144.12537505029266,0.25,0.0,0.0,1.0,1.0,1.0,1.0,1.0,1.0
9.69,123.20179042270762,48.62989762495608,15.543627988695231,0.0,0.0,10.0,-1.2938170699311236,0.49344289583423034,-1.9817858496030973,-187.19575702708892,183.50260009704803,-149.87487452186994,129.11150376087218,0.25,0.0,0.0,1.0,1.0,1.0,1.0,1.0,1.0
9.700000000000001,124.36700510590889,48.703813184279774,15.870634040116881,0.0,0.0,10.0,-0.2910068265379252,1.9469288435566068,3.119186577326549,-182.14707063061877,124.06281736440204,-182.14707063061877,215.77479620579686,0.25,0.0,0.0,1.0,1.0,1.0,1.0,1.0,1.0
9.71,125.53685213847282,48.77705006151329,16.194821643864707,0.0,0.0,10.0,-1.1012588938238568,3.1330640504101472,-2.572808454885416,-137.77438238927792,195.85863565549465,-229.48636123067274,195.85863565549465,0.25,0.0,0.0,1.0,1.0,1.0,1.0,1.0,1.0
9.72,126.70656675180979,48.8450414678601,16.515414253208174,0.0,0.0,10.0,1.3012342792709808,-1.2007897342296465,0.07187816549863657,-207.6598260855775,149.57557281936076,-207.6598260855775,241.28755166075558,0.25,0.0,0.0,1.0,1.0,1.0,1.0,1.0,1.0
9.73,127.86988277231386,48.91083856903334,16.835773182728396,0.0,0.0,10.0,-0.9777678614362496,-0.5245478689893293,-2.0123767963668437,-211.7613903994781,258.2451978004964,-211.7613903994781,166.5332189591015,0.25,0.0,0.0,1.0,1.0,1.0,1.0,1.0,1.0
9.74,129.02949844745777,48.982340152189884,17.158905282228208,0.0,0.0,10.0,-1.3789152992741236,0.7229553143816198,-1.9437447016812703,-276.49185647986354,218.4076032136469,-184.77987763846878,218.4076032136469,0.25,0.0,0.0,1.0,1.0,1.0,1.0,1.0,1.0
9.75,130.1950640797157,49.06016621942812,17.482181682226777,0.0,0.0,10.0,-0.6328216656246015,2.133569386384455,-2.8651284567433897,-246.03370905455188,187.94945578833514,-246.03370905455188,279.66143462972997,0.25,0.0,0.0,1.0,1.0,1.0,1.0,1.0,1.0
9.76,131.3687822538496,49.134705240236485,17.800185282026636,0.0,0.0,10.0,-1.1592684740019967,-2.9142890869509674,-2.5978577401809755,-214.83887542844047,248.46660100361856,-306.55085426983527,248.46660100361856,0.25,0.0,0.0,1.0,1.0,1.0,1.0,1.0,1.0
9.77,132.53976421063314,49.199470565048514,18.113013378004176,0.0,0.0,10.0,0.5649872313980149,-1.3111313428999958,-0.6582495481469152,-317.1309011983917,259.046647932175,-225.41892235699692,259.046647932175,0.25,0.0,0.0,1.0,1.0,1.0,1.0,1.0,1.0
9.78,133.69883603540808,49.2628107686374,18.427657304118984,0.0,0.0,10.0,-1.0348850411419612,-0.28006681146041007,-2.0519599387441105,-277.13430981760064,317.2408355590593,-277.13430981760064,225.52885671766444,0.25,0.0,0.0,1.0,1.0,1.0,1.0,1.0,1.0
9.790000000000001,134.8544131926475,49.337515031452924,18.747970659110617,0.0,0.0,10.0,-1.5213186808611199,0.9653308301755196,-1.842276852159643,-293.85256422818344,235.76831096196673,-293.85256422818344,327.48028980336153,0.25,0.0,0.0,1.0,1.0,1.0,1.0,1.0,1.0
9.8,136.0223222968113,49.42043129841003,19.067558756862372,0.0,0.0,10.0,-0.8342639729740026,2.375449872438502,-2.7153164902419147,-311.82727199364246,253.74301872742575,-311.82727199364246,345.45499756882054,0.25,0.0,0.0,1.0,1.0,1.0,1.0,1.0,1.0
9.81,137.20125696871094,49.494433360820594,19.37827448052032,0.0,0.0,10.0,-1.2619267258354512,-2.650619544578834,-2.644413180545563,-291.75946540599864,304.2398259829816,-362.3240792491983,325.38719098117673,0.25,0.0,0.0,1.0,1.0,1.0,1.0,1.0,1.0
9.82,138.37148182505004,49.55354446279881,19.68341719495018,0.0,0.0,10.0,-0.27884615638012095,-1.1843660759118633,-1.4592392262903775,-381.29914984522526,323.21489657900855,-289.58717100383046,323.21489657900855,0.25,0.0,0.0,1.0,1.0,1.0,1.0,1.0,1.0
9.83,139.52369165710658,49.61499515365705,19.994845756057913,0.0,0.0,10.0,-1.0838759097439852,0.0035501995420598427,-2.0265679173816675,-343.5579881249718,377.1857137001499,-343.5579881249718,285.4737348587551,0.25,0.0,0.0,1.0,1.0,1.0,1.0,1.0,1.0
9.84,140.6763313103492,49.69518141801504,20.315158393401024,0.0,0.0,10.0,1.2637363046111048,1.935297366217476,1.662603147279001,-359.9743029670684,301.8900497008517,-359.9743029670684,393.6020285422465,0.25,0.0,0.0,1.0,1.0,1.0,1.0,1.0,1.0
9.85,141.8502190373086,49.78271987896746,20.63189988225597,0.0,0.0,10.0,-0.9597563338438843,2.6506380165570875,-2.60540927465299,-323.44888868295527,381.533141949172,-415.16086752435007,381.533141949172,0.25,0.0,0.0,1.0,1.0,1.0,1.0,1.0,1.0
9.86,143.03528760142072,49.85223518892265,20.93533232945992,0.0,0.0,10.0,-1.4089510819061721,-2.381106377659172,-2.705559785846302,-396.31061584646153,338.2263625802448,-396.31061584646153,429.9383414216396,0.25,0.0,0.0,1.0,1.0,1.0,1.0,1.0,1.0
9.870000000000001,144.20148472480255,49.90271422307493,21.23499204609452,0.0,0.0,10.0,-0.6160427310478862,-0.9456295588206513,-1.720789939462097,-447.4106962945969,389.32644302838025,-355.6987174532021,389.32644302838025,0.25,0.0,0.0,1.0,1.0,1.0,1.0,1.0,1.0
9.88,145.34422830921883,49.96338980497007,21.547899289324793,0.0,0.0,10.0,-1.1343130401441481,0.2802407520250424,-1.960111978237613,-409.9129739926807,443.5406995678588,-409.9129739926807,351.828720726464,0.25,0.0,0.0,1.0,1.0,1.0,1.0,1.0,1.0
9.89,146.49597722137074,50.05098364071628,21.872416270970437,0.0,0.0,10.0,0.3796675996138017,1.8232334516418776,2.586343401322305,-431.5641688926239,373.4799156264072,-431.5641688926239,465.191894467802,0.25,0.0,0.0,1.0,1.0,1.0,1.0,1.0,1.0
9.9,147.67945706291303,50.14111259828283,22.188244501302137,0.0,0.0,10.0,-1.0457301797592937,2.9202574926044713,-2.505126637830281,-399.2371907799001,457.3214440461168,-490.94916962129497,457.3214440461168,0.25,0.0,0.0,1.0,1.0,1.0,1.0,1.0,1.0
9.91,148.87010460996567,50.20111023644345,22.486105795862883,0.0,0.0,10.0,1.5014091378387269,-1.0054947836692847,0.3119898936643229,-470.3244620750475,412.2402088088308,-470.3244620750475,503.95218765022565,0.25,0.0,0.0,1.0,1.0,1.0,1.0,1.0,1.0
9.92,150.0278950168955,50.24082004914743,22.784995031977274,0.0,0.0,10.0,-0.7731728346077192,-0.6777115253722414,-1.7720467574012977,-464.3481349273471,512.9291920172323,-464.3481349273471,421.21721317583734,0.25,0.0,0.0,1.0,1.0,1.0,1.0,1.0,1.0
9.93,151.1600892466916,50.30334306788868,23.106396745560247,0.0,0.0,10.0,-1.1970991859301663,0.5631938239362927,-1.8427287537579498,-528.2185166933793,470.1342634271626,-436.50653785198443,470.1342634271626,0.25,0.0,0.0,1.0,1.0,1.0,1.0,1.0,1.0
9.94,152.3159152210843,50.3998926969992,23.44024822594855,0.0,0.0,10.0,-0.3998689702745009,1.9649608750046506,-2.8471794912075556,-511.77606112357427,453.69180785735756,-511.77606112357427,545.4037866987524,0.25,0.0,0.0,1.0,1.0,1.0,1.0,1.0,1.0
9.950000000000001,153.51368695501588,50.48891335564436,23.756914282626774,0.0,0.0,10.0,-1.1016979045171396,-3.0973877286780507,-2.4197306898977917,-495.60184988721227,529.2295754623904,-587.3138287286072,529.2295754623904,0.25,0.0,0.0,1.0,1.0,1.0,1.0,1.0,1.0
9.96,154.70841516769104,50.53384443670334,24.050996916868076,0.0,0.0,10.0,1.041940517613374,-1.1858584030633648,-0.043589164328388115,-596.163347024119,538.0790937579022,-504.451368182724,538.0790937579022,0.25,0.0,0.0,1.0,1.0,1.0,1.0,1.0,1.0
9.97,155.85326051009199,50.56186221006206,24.355165653148404,0.0,0.0,10.0,-0.8492380287633313,-0.3997848563678656,-1.7381694196126591,-512.6804782428114,558.1557392333566,-569.9395171037122,523.7027992528624,0.25,0.0,0.0,1.0,1.0,1.0,1.0,1.0,1.0
9.98,156.9764813433182,50.62953246235478,24.693605030111588,0.0,0.0,10.0,-1.2925302012589048,0.8613102732596122,-1.6785018396597493,-562.8089708359234,504.7247175697068,-562.8089708359234,596.4366964111016,0.25,0.0,0.0,1.0,1.0,1.0,1.0,1.0,1.0
9.99,158.14501468603072,50.733706636762086,25.04188988288589,0.0,0.0,10.0,-0.7709903232037084,2.234163665700255,-2.420817460032301,-602.911330969926,544.8270777037092,-602.911330969926,636.5390565451039,0.25,0.0,0.0,1.0,1.0,1.0,1.0,1.0,1.0
10.0,159.36211461247208,50.81010183441691,25.362220001228515,0.0,0.0,10.0,-1.2528123500883137,-2.7961588601036538,-2.340671273399159,-626.2877939912062,586.3181183216404,-644.4023715878573,659.9155195663843,0.25,0.0,0.0,1.0,1.0,1.0,1.0,1.0,1.0
10.01,160.55539161644785,50.82600338150431,25.663257912062246,0.0,0.0,10.016666666666666,0.14126345366347015,-1.129472639419553,-0.727246294403641,-683.9320841714077,625.8478309051909,-592.2201053300128,625.8478309051909,0.25,0.0,0.0,1.0,1.0,1.0,1.0,1.0,1.0
10.02,161.6828503143937,50.83799066433626,25.995986706823565,0.0,0.0,10.033333333333333,-0.916873378252676,-0.010638768312357626,-1.5451259092080964,-620.574083118544,660.0779585616385,-620.574083118544,568.3659797202438,0.25,0.0,0.0,1.0,1.0,1.0,1.0,1.0,1.0
10.03,162.81048588406307,50.910471580234024,26.37528394061902,0.0,0.0,10.049999999999999,1.3677073659050842,1.8878259315224457,2.1209988763861705,-650.4363383282039,592.352085061987,-650.4363383282039,684.064063903382,0.25,0.0,0.0,1.0,1.0,1.0,1.0,1.0,1.0
10.040000000000001,164.01268944303735,51.00570788734556,26.74935174119804,0.0,0.0,10.066666666666668,-0.9735725930126382,2.7291795931237304,-2.102574964026939,-646.0376486577288,704.1219019239456,-737.7496274991238,704.1219019239456,0.25,0.0,0.0,1.0,1.0,1.0,1.0,1.0,1.0
10.05,165.24671614495645,51.03761076382551,27.08171501689127,0.0,0.0,10.083333333333334,1.534439586509639,-0.8646528806071911,0.7299989664217678,-731.5858755951053,673.5016223288885,-731.5858755951053,765.2136011702835,0.25,0.0,0.0,1.0,1.0,1.0,1.0,1.0,1.0
10.06,166.4122531008167,51.01173977550676,27.417798076506248,0.0,0.0,10.100000000000001,-0.5858807736608959,-0.6400979590013249,-1.171200336529271,-713.7956867801092,766.0278333210649,-713.7956867801092,674.31585447967,0.25,0.0,0.0,1.0,1.0,1.0,1.0,1.0,1.0
10.07,167.52150260411415,51.02875066681106,27.819484636268616,0.0,0.0,10.116666666666667,-1.1078894619623167,0.6658257266854858,-1.2875265040299388,-777.9812167600414,721.8954082457435,-686.2692379186467,721.8954082457435,0.25,0.0,0.0,1.0,1.0,1.0,1.0,1.0,1.0
10.08,168.69398997459257,51.11543579709991,28.256508653196622,0.0,0.0,10.133333333333333,-0.5932047234503204,2.1093769532902114,-2.0684482712871715,-794.1063110160776,737.0044545958253,-794.1063110160776,828.7164334372201,0.25,0.0,0.0,1.0,1.0,1.0,1.0,1.0,1.0
10.09,169.9560170594603,51.1696980287101,28.648620450290867,0.0,0.0,10.15,-1.1670638191270568,-2.8457266172990012,-1.9250953350237068,-849.1175943795056,802.51836973793,-860.6026230041468,882.7453199546837,0.25,0.0,0.0,1.0,1.0,1.0,1.0,1.0,1.0
10.1,171.18229484524588,51.12241304360988,29.00012194890107,0.0,0.0,10.166666666666666,0.11005998531099698,-1.082484772936079,-0.41950457059795093,-903.7441114782546,845.6598582120378,-812.0321326368596,845.6598582120378,0.25,0.0,0.0,1.0,1.0,1.0,1.0,1.0,1.0
10.11,172.29844639465833,51.06949158641729,29.413509272525975,0.0,0.0,10.183333333333332,-0.8821468788078681,0.1901594001134764,-1.136790863941643,-821.2646038313187,863.4564414136782,-854.0678477593738,804.5477065003383,0.25,0.0,0.0,1.0,1.0,1.0,1.0,1.0,1.0
10.120000000000001,173.44201164109205,51.11553650302529,29.91044013972629,0.0,0.0,10.200000000000001,0.09307209516555168,1.8195429298402477,-2.4582582796499226,-890.6853610743844,834.900101209791,-890.6853610743844,926.612080051186,0.25,0.0,0.0,1.0,1.0,1.0,1.0,1.0,1.0
10.13,174.71782995065752,51.16145638026272,30.3749350285304,0.0,0.0,10.216666666666669,-1.0804442983433602,-3.0797262301268984,-1.6981448635480512,-937.185092429009,970.8128180041872,-1028.897071270404,970.8128180041872,0.25,0.0,0.0,1.0,1.0,1.0,1.0,1.0,1.0
10.14,175.98202490136663,51.077133927187084,30.77535683740129,0.0,0.0,10.233333333333334,0.4025629382248921,-1.0808179753565395,0.05356889678593088,-1053.9844129117264,995.9001596455096,-962.2724340703314,995.9001596455096,0.25,0.0,0.0,1.0,1.0,1.0,1.0,1.0,1.0
10.15,177.10538849997187,50.96344949292493,31.25202726239345,0.0,0.0,10.25,-0.8141209458386116,0.17474038343121037,-0.8791712540044154,-933.2290075523947,979.5528931186718,-1024.9409863937894,979.5528931186718,0.25,0.0,0.0,1.0,1.0,1.0,1.0,1.0,1.0
10.16,178.2634412114845,50.97237397591779,31.849816298225594,0.0,0.0,10.266666666666667,-0.03700259072100128,1.8188172543578802,-2.044997619321222,-1042.3479842510144,988.8128962164869,-1042.3479842510144,1080.524875057882,0.25,0.0,0.0,1.0,1.0,1.0,1.0,1.0,1.0
10.17,179.5991704569626,50.97359997190328,32.406188619650244,0.0,0.0,10.283333333333333,-1.139724369595496,-3.0162313063378168,-1.431172866392935,-1122.2332600670265,1155.860985642205,-1213.9452389084215,1155.860985642205,0.25,0.0,0.0,1.0,1.0,1.0,1.0,1.0,1.0
10.18,180.907086604149,50.794238015533814,32.89018463334309,0.0,0.0,10.299999999999999,0.1663102244201652,-0.9648826191077795,0.1559640673707829,-1247.1559362706853,1189.071683004469,-1155.4439574292905,1189.071683004469,0.25,0.0,0.0,1.0,1.0,1.0,1.0,1.0,1.0
10.19,182.039122773954,50.59407859797283,33.50952633805294,0.0,0.0,10.316666666666666,-0.851474838007372,0.4250235274445906,-0.520257514802699,-1125.4948899891053,1172.713143528539,-1217.2068688305003,1172.713143528539,0.25,0.0,0.0,1.0,1.0,1.0,1.0,1.0,1.0
10.200000000000001,183.27818082062197,50.552409865581836,34.27897601027163,0.0,0.0,10.333333333333336,-0.6114936942497992,2.0873311811404633,-1.1734453448688669,-1278.1621773363047,1227.7620120880204,-1278.1621773363047,1319.473990929415,0.25,0.0,0.0,1.0,1.0,1.0,1.0,1.0,1.0
10.21,184.7385305519785,50.42701245971175,34.95376451243166,0.0,0.0,10.350000000000001,-1.3699721992830585,-2.647747160997986,-1.207839335521754,-1445.5172616825978,1389.4118442009344,-1445.5172616825978,1481.1238230423291,0.25,0.0,0.0,1.0,1.0,1.0,1.0,1.0,1.0
10.22,186.06359246779184,50.05741197271516,35.599136661329496,0.0,0.0,10.366666666666667,-0.38246277475257945,-0.5547630172184217,0.07185932780653631,-1506.0371710225975,1449.6313401177883,-1414.3251921812025,1449.6313401177883,0.25,0.0,0.0,1.0,1.0,1.0,1.0,1.0,1.0
10.23,187.23898608239816,49.786996682049725,36.509535429507494,0.0,0.0,10.383333333333335,-1.30955278460942,1.1080462882390318,0.0816956657974024,-1412.8395011784457,1459.323144042129,-1504.5514800198405,1459.323144042129,0.25,0.0,0.0,1.0,1.0,1.0,1.0,1.0,1.0
10.24,188.72953368205842,49.64625791875813,37.46838195098498,0.0,0.0,10.4,-1.0290456643595063,2.9758194312067148,-0.7652853633666123,-1670.0033760442875,1624.860955306737,-1670.0033760442875,1716.5729341481317,0.25,0.0,0.0,1.0,1.0,1.0,1.0,1.0,1.0
10.25,190.2768475067025,49.18116694044903,38.267779866668434,0.0,0.0,10.416666666666666,0.23711376985984697,-0.8848932013231208,0.9014386264304812,-1812.1646490917444,1759.6242944279318,-1812.1646490917444,1851.3362732693265,0.25,0.0,0.0,1.0,1.0,1.0,1.0,1.0,1.0
10.26,191.52610362457423,48.657199734680134,39.35538994822139,0.0,0.0,10.433333333333334,-1.0400915625810394,0.7553604554388091,0.2718936900387234,-1768.23563666503,1821.9652184889662,-1768.23563666503,1730.2532396475713,0.25,0.0,0.0,1.0,1.0,1.0,1.0,1.0,1.0
10.27,193.11846784500906,48.394743960502396,40.62589812037942,0.0,0.0,10.45,-0.9347368053206033,2.819057069789658,-0.46772828079439693,-1988.2191195213766,1944.7379785147689,-1988.2191195213766,2036.4499573561636,0.25,0.0,0.0,1.0,1.0,1.0,1.0,1.0,1.0
10.28,194.86696421566018,47.72558840263595,41.656887870904356,0.0,0.0,10.466666666666665,0.23047013737153083,-0.8708438228583661,1.212830928620955,-2233.348148746216,2183.406798735829,-2233.348148746216,2275.118777577224,0.25,0.0,0.0,1.0,1.0,1.0,1.0,1.0,1.0
10.290000000000001,196.21996091432754,46.97981771736135,43.091925136061974,0.0,0.0,10.483333333333334,-1.2128995530085687,0.8753978276140303,0.6848070458770158,-2177.793848406153,2234.2432782519813,-2177.793848406153,2142.5312994105866,0.25,0.0,0.0,1.0,1.0,1.0,1.0,1.0,1.0
10.3,198.1120804169305,46.57871782997581,44.686565291107634,0.0,0.0,10.500000000000002,-1.0339055276939837,3.0839479499555327,-0.2598149918341134,-2482.450210962769,2442.5756509993967,-2482.450210962769,2534.2876298407914,0.25,0.0,0.0,1.0,1.0,1.0,1.0,1.0,1.0
10.31,200.04431784933084,45.532212495334875,45.98649796752007,0.0,0.0,10.516666666666667,-0.22232787484899943,-0.6186137443109818,1.1210870829959017,-2751.938047319373,2703.8127105621265,-2751.938047319373,2795.524689403521,0.25,0.0,0.0,1.0,1.0,1.0,1.0,1.0,1.0
10.32,201.57241828498337,44.645080348027065,47.99578249573536,0.0,0.0,10.533333333333333,1.0293570393219067,1.9786973430153947,-1.472751848063375,-2692.032458217607,2713.654035656338,-2658.0059400608707,2655.96857497168,0.25,0.0,0.0,1.0,1.0,1.0,1.0,1.0,1.0
10.33,204.01156263674542,44.009430007165314,49.82590355444286,0.0,0.0,10.55,-1.3356460152067666,-2.671447568747225,-0.25732250068951884,-3160.821422953649,3194.449148528826,-3252.533401795043,3194.449148528826,0.25,0.0,0.0,1.0,1.0,1.0,1.0,1.0,1.0
10.34,205.98527413663567,42.44645361540013,51.551690163512454,0.0,0.0,10.566666666666666,-0.6447039290662218,-0.042285082532210534,1.072798169724682,-3364.107624449548,3316.004058291837,-3272.3956456081537,3316.004058291837,0.25,0.0,0.0,1.0,1.0,1.0,1.0,1.0,1.0
10.35,208.04535422372976,41.59610433546903,54.30759716228718,0.0,0.0,10.583333333333332,-0.4659546817959493,2.3303313055614603,0.028821065426505126,-3284.2801487840443,3339.506466113587,-3375.9921276254395,3339.506466113587,0.25,0.0,0.0,1.0,1.0,1.0,1.0,1.0,1.0
10.36,211.15661192072514,40.19325493136525,56.271824910589935,0.0,0.0,10.6,0.8111051294735033,-0.895864692139863,2.3800600621427876,-4129.704540063845,4084.100287494822,-4129.704540063845,4175.812266336216,0.25,0.0,0.0,1.0,1.0,1.0,1.0,1.0,1.0
10.370000000000001,213.15317735698184,38.11661430344744,59.08299773328029,0.0,0.0,10.616666666666669,-1.241119228421496,0.7762735747611071,1.4837370983107427,-3919.486673019573,3977.5709262857904,-3919.486673019573,3885.8589474443957,0.25,0.0,0.0,1.0,1.0,1.0,1.0,1.0,1.0
10.38,216.59802343720582,37.17286565133667,62.320680606055944,0.0,0.0,10.633333333333335,-1.0500832809440375,-2.9978440311489725,0.2784916315801345,-4507.562926082988,4473.935200507812,-4507.562926082988,4565.6471793492055,0.25,0.0,0.0,1.0,1.0,1.0,1.0,1.0,1.0
10.39,219.76275229347527,34.40372751493922,64.78307687605813,0.0,0.0,10.65,-0.5547573488659405,-0.2138628554601607,1.605859431055757,-5156.132677508142,5112.709166051536,-5064.420698666747,5112.709166051536,0.25,0.0,0.0,1.0,1.0,1.0,1.0,1.0,1.0
10.4,222.694571782503,32.9194985117457,69.24604105601917,0.0,0.0,10.666666666666668,-0.18456911146493624,2.371408832396853,0.12974314353622793,-4807.404484860779,4865.488738126995,-4899.116463702174,4865.488738126995,0.25,0.0,0.0,1.0,1.0,1.0,1.0,1.0,1.0
10.41,227.76593495470206,30.845573442770448,71.58865015130716,0.0,0.0,10.683333333333334,0.9831809983372831,-0.8861904816540299,2.756333582401078,-6226.220817475526,6273.210045032871,-6317.93279631692,6273.210045032871,0.25,0.0,0.0,1.0,1.0,1.0,1.0,1.0,1.0
10.42,230.26802081554635,27.187383609421186,75.39751523966535,0.0,0.0,10.7,-1.34715209198937,0.6184811235231295,1.8045729937048318,-5377.46282730472,5435.547080570936,-5377.46282730472,5343.835101729541,0.25,0.0,0.0,1.0,1.0,1.0,1.0,1.0,1.0
10.43,235.14417033650045,26.520282382898124,79.76888677376046,0.0,0.0,10.716666666666667,-1.1253706956613323,-2.773163818172411,0.29053546462985474,-6170.556885142959,6136.92915956778,-6170.556885142959,6228.641138409175,0.25,0.0,0.0,1.0,1.0,1.0,1.0,1.0,1.0
10.44,238.80499398813754,23.11241641434087,82.9228930472491,0.0,0.0,10.733333333333333,-1.11555549284187,0.29850625724978325,1.712243935243169,-7018.81871615645,6975.500401248591,-6927.1067373150545,6975.500401248591,0.25,0.0,0.0,1.0,1.0,1.0,1.0,1.0,1.0
10.450000000000001,243.54542688141186,22.694880831374252,87.09096044942657,0.0,0.0,10.750000000000002,-1.0241568810348487,-2.7814410844491793,0.16900031542125454,-6501.50242772148,6467.8747021463005,-6501.50242772148,6559.586680987695,0.25,0.0,0.0,1.0,1.0,1.0,1.0,1.0,1.0
10.46,246.40880793576926,19.044210087133873,89.14858033771492,0.0,0.0,10.766666666666667,-1.0321645831982527,0.08460833871986233,1.492977979078434,-7197.256923550374,7152.877063020353,-7105.544944708979,7152.877063020353,0.25,0.0,0.0,1.0,1.0,1.0,1.0,1.0,1.0
10.47,249.36640222893513,19.864716388150498,93.153294724938,0.0,0.0,10.783333333333335,-0.576263429036955,-3.134999523846712,-0.17574331871695667,-5977.389077480879,5943.7613519056995,-5977.389077480879,6035.473330747094,0.25,0.0,0.0,1.0,1.0,1.0,1.0,1.0,1.0
10.48,251.78109964167874,17.94924611334735,91.82498328943784,0.0,0.0,10.8,-0.4274820397164429,-0.708433377483642,1.1004590743154599,-7062.497624493831,7015.106609594307,-6970.785645652437,7015.106609594307,0.25,0.0,0.0,1.0,1.0,1.0,1.0,1.0,1.0
10.49,249.60955847015003,18.418260007610428,94.10032582658556,0.0,0.0,10.816666666666666,0.68416484865048,2.5902008068959477,-1.4945595812884331,-3619.1523577125154,3674.6202784988736,-3710.8643365539097,3674.6202784988736,0.25,0.0,0.0,1.0,1.0,1.0,1.0,1.0,1.0
10.5,250.20428829643774,23.203761051312508,91.82521992325977,0.0,0.0,10.833333333333334,-1.1447576396849355,-2.3902863712118383,-1.0634319075704965,-4972.768645518104,5006.396371093283,-5064.4806243594985,5006.396371093283,0.25,0.0,0.0,1.0,1.0,1.0,1.0,1.0,1.0
10.51,247.006441311582,24.898130761755095,87.26879517260747,0.0,0.0,10.85,-0.8511715294804677,-0.20745289467871936,0.2698607965930436,-2353.024641645711,2297.8801336910733,-2261.312662804316,2297.8801336910733,0.25,0.0,0.0,1.0,1.0,1.0,1.0,1.0,1.0
10.52,242.24887833628242,29.867340375770965,85.43932797288616,0.0,0.0,10.866666666666665,0.10380287272954404,2.6784770195970258,-1.5838424828252224,376.1957223904724,-419.69461965238287,376.1957223904724,-327.9826408109881,0.25,0.0,0.0,1.0,1.0,1.0,1.0,1.0,1.0
10.53,238.82737511014182,35.88127686215512,81.16006686294116,0.0,0.0,10.883333333333333,1.0876528072102287,-1.0774801539455359,1.0238922911661392,-466.1205646221252,499.74829019730333,-557.8325434635201,499.74829019730333,0.25,0.0,0.0,1.0,1.0,1.0,1.0,1.0,1.0
10.540000000000001,234.26219934697187,41.242485828789384,76.71051925203167,0.0,0.0,10.900000000000002,-1.3872843079656336,0.40950669746155366,0.024676601129644607,966.823416904994,-912.0242667087446,966.823416904994,-1003.7362455501393,0.25,0.0,0.0,1.0,1.0,1.0,1.0,1.0,1.0
10.55,229.75280545036975,47.19378454929561,72.4973817446427,0.0,0.0,10.916666666666668,-0.6297748053864515,-2.9860919686354452,-1.646804593953313,1714.5778083610567,-1760.2182606464517,1714.5778083610567,-1668.5062818050567,0.25,0.0,0.0,1.0,1.0,1.0,1.0,1.0,1.0
10.56,225.31912710366728,53.13928326428151,68.09207370100275,0.0,0.0,10.933333333333334,-0.4766280343932225,-0.6042040404207559,-0.41522479315658234,1863.472328797803,-1921.5565820640193,1955.1843076391976,-1921.5565820640193,0.25,0.0,0.0,1.0,1.0,1.0,1.0,1.0,1.0
10.57,220.89086463480857,59.14017767611912,63.70789974045855,0.0,0.0,10.950000000000001,0.5199973553273769,2.4658361204104016,-2.57745004724656,2231.417419081329,-2248.4800361646544,2198.9972765111575,-2189.1881998934314,0.25,0.0,0.0,1.0,1.0,1.0,1.0,1.0,1.0
10.58,216.56914237708384,65.17147077939441,59.092458037645116,0.0,0.0,10.966666666666667,-1.4209086479376396,-2.2293820509275086,-2.265115689991352,2447.2777378383485,-2413.6500122631705,2355.565758996954,-2413.6500122631705,0.25,0.0,0.0,1.0,1.0,1.0,1.0,1.0,1.0
10.59,211.80939271910069,70.99183158458419,54.47581832614431,0.0,0.0,10.983333333333333,-1.116174002384363,0.05361875452004348,-0.8206729725494875,2686.997319399463,-2745.08157266568,2778.709298240857,-2745.08157266568,0.25,0.0,0.0,1.0,1.0,1.0,1.0,1.0,1.0
10.6,207.08877565308373,77.48060971621577,50.04016018103003,0.0,0.0,11.0,-0.26123753009061496,2.9251750007323296,-2.5387897850381056,2959.5371959876334,-3012.5613322934887,2959.5371959876334,-2920.8493534520935,0.25,0.0,0.0,1.0,1.0,1.0,1.0,1.0,1.0
10.61,202.41774997394265,83.7502924505295,44.70356171445285,0.0,0.0,11.016666666666666,0.29369537447949134,-1.0915101374157754,-0.6940049996209512,3057.4165510399653,-3023.788825464788,2965.7045721985705,-3023.788825464788,0.25,0.0,0.0,1.0,1.0,1.0,1.0,1.0,1.0
10.620000000000001,196.65524328062824,90.01299565795387,39.79374272983354,0.0,0.0,11.033333333333335,1.4243207431323557,2.7573897852228897,2.0733503388007106,3781.198286684654,-3741.4040660107235,3781.198286684654,-3833.116044852118,0.25,0.0,0.0,1.0,1.0,1.0,1.0,1.0,1.0
10.63,191.27032054208016,97.51379539929479,34.47841607283748,0.0,0.0,11.05,-0.7059196846797445,-2.8509652380220394,-3.0491729698984944,3932.2318482957644,-3874.1475950295476,3840.51986945437,-3874.1475950295476,0.25,0.0,0.0,1.0,1.0,1.0,1.0,1.0,1.0
10.64,185.12581659309018,104.09395862724412,27.93025911113819,0.0,0.0,11.066666666666668,-0.6241834993207872,-0.5640114599829862,-1.7390854640229878,4266.982685828334,-4325.066939094551,4358.694664669729,-4325.066939094551,0.25,0.0,0.0,1.0,1.0,1.0,1.0,1.0,1.0
10.65,177.87311250381893,111.85802317958337,22.40910658086434,0.0,0.0,11.083333333333334,0.2405304559930736,2.6785840391724687,2.4497128330149995,5483.142071872041,-5541.2263251382565,5483.142071872041,-5449.514346296862,0.25,0.0,0.0,1.0,1.0,1.0,1.0,1.0,1.0
10.66,171.13408263060816,120.0767044846096,14.61875277797597,0.0,0.0,11.1,0.9659605212530653,-1.149793923031588,-1.1498007564644501,5385.785740806484,-5327.701487540267,5294.073761965088,-5327.701487540267,0.25,0.0,0.0,1.0,1.0,1.0,1.0,1.0,1.0
10.67,161.1721529900766,127.8651443459713,7.285462907811488,0.0,0.0,11.116666666666667,1.3100649709882803,2.724928731606649,1.0453211462240268,7032.633687528368,-6996.820603121831,7032.633687528368,-7088.532581963225,0.25,0.0,0.0,1.0,1.0,1.0,1.0,1.0,1.0
10.68,152.1187245059618,138.67821015095072,-1.7296988477912818,0.0,0.0,11.133333333333333,-1.1552982106789178,-2.53504756130694,2.211106046678806,7570.730742821249,-7515.74442284389,7479.018763979855,-7515.74442284389,0.25,0.0,0.0,1.0,1.0,1.0,1.0,1.0,1.0
10.69,139.3441527599583,146.6558103863753,-12.371973355670196,0.0,0.0,11.149999999999999,-1.2374083474983264,-0.020980936595338905,-2.6772388632624082,9042.443807468588,-9076.071533043767,9134.155786309982,-9076.071533043767,0.25,0.0,0.0,1.0,1.0,1.0,1.0,1.0,1.0
10.700000000000001,126.14426026946516,160.97016475380087,-22.51149820565101,0.0,0.0,11.166666666666668,-0.5883657387608028,-3.0992111467373107,1.9524659059922407,11037.207575859575,-11095.291829125792,11037.207575859575,-11003.579850284395,0.25,0.0,0.0,1.0,1.0,1.0,1.0,1.0,1.0
10.71,110.07397954448791,171.12305973066358,-40.15646490216996,0.0,0.0,11.183333333333335,-0.7895831433637865,-0.599994245984452,3.027520590181749,11658.319213160537,-11615.750021135846,11673.834274402061,-11691.946938735717,0.25,0.0,0.0,1.0,1.0,1.0,1.0,1.0,1.0
10.72,87.26091553773293,189.86131227034573,-53.83934462482557,0.0,0.0,11.200000000000001,-0.28212703438567405,2.795866901819715,1.2505549897754342,17536.649228964558,-17570.27695453974,17536.649228964558,-17478.564975698344,0.25,0.0,0.0,1.0,1.0,1.0,1.0,1.0,1.0
10.73,63.68555006821246,204.46569245594708,-81.30544574722101,0.0,0.0,11.216666666666667,-0.5370643557061662,-0.710065655401217,2.6108530092463216,17320.05041396698,-17263.271484283207,17228.338435125585,-17263.271484283207,0.25,0.0,0.0,1.0,1.0,1.0,1.0,1.0,1.0
10.74,27.69901668190312,231.3990416681084,-98.38129496076702,0.0,0.0,11.233333333333334,-0.598737156781402,2.701957331157705,1.219392719657961,27380.168297710836,-27413.796023286006,27471.880276552227,-27413.796023286006,0.25,0.0,0.0,1.0,1.0,1.0,1.0,1.0,1.0
10.75,-6.552249752048272,243.31644841873583,-129.17857596143443,0.0,0.0,11.25,-0.9239476880912825,-0.1445589889391744,2.6035699185373677,24355.828854675256,-24391.03408987647,24355.828854675256,-24299.32211103507,0.25,0.0,0.0,1.0,1.0,1.0,1.0,1.0,1.0
10.76,-41.924251221825315,281.53854721989234,-143.21042583412125,0.0,0.0,11.266666666666666,1.3547465836519796,-0.5363816033461103,-2.160765156401239,33472.7959565144,-33506.42368208957,33564.50793535579,-33506.42368208957,0.25,0.0,0.0,1.0,1.0,1.0,1.0,1.0,1.0
10.77,-70.45099426082244,306.3539280549017,-150.89818304090238,0.0,0.0,11.283333333333333,-1.222256909045173,-3.1043845725573624,1.289814091407806,25576.47819621772,-25542.85047064255,25576.47819621772,-25634.56244948394,0.25,0.0,0.0,1.0,1.0,1.0,1.0,1.0,1.0
10.78,-79.16967358621424,320.2964884520021,-150.019428020003,0.0,0.0,11.299999999999999,-1.564055196050613,-2.8339354175883793,1.2963847683134382,18423.40985427772,-18457.99999582599,18515.121833119116,-18457.99999582599,0.25,0.0,0.0,1.0,1.0,1.0,1.0,1.0,1.0
10.790000000000001,-69.83051797337815,321.72744619911145,-130.1876292021629,0.0,0.0,11.316666666666668,1.0050093024584372,-0.5850595913284719,-2.0151337008592747,9855.692840589787,-9890.225590730308,9947.404819431182,-9890.225590730308,0.25,0.0,0.0,1.0,1.0,1.0,1.0,1.0,1.0
10.8,-44.168417335237336,312.05349797304655,-91.60909078385274,0.0,0.0,11.333333333333334,0.5103895284836759,-0.5998837156828766,-2.131535821839971,-6837.0272620649575,6870.654987640138,-6928.739240906353,6870.654987640138,0.25,0.0,0.0,1.0,1.0,1.0,1.0,1.0,1.0
10.81,-6.406694016553328,294.164370046865,-37.90690731006491,0.0,0.0,11.350000000000001,0.38480727835336836,-0.5287875943584271,-1.7637015047841096,-26932.64492665264,26966.272652227814,-27024.356905494034,26966.272652227814,0.25,0.0,0.0,1.0,1.0,1.0,1.0,1.0,1.0
10.82,36.00564791429531,270.9012378930521,19.944874589594285,0.0,0.0,11.366666666666667,0.40904589564910787,-0.5313190383915772,-1.1831173566367092,-46096.19533685695,46129.82306243214,-46187.90731569835,46129.82306243214,0.25,0.0,0.0,1.0,1.0,1.0,1.0,1.0,1.0
10.83,95.56585587847393,245.9518370184189,83.5688968901614,0.0,0.0,11.383333333333333,1.0002368179823242,-0.2856631422233865,-0.14441097883309167,-57396.211034988904,57431.73311641162,-57481.64140913471,57425.451511716026,0.25,0.0,0.0,1.0,1.0,1.0,1.0,1.0,1.0
10.84,210.83344560116134,176.4120751865663,258.5396374551537,0.0,0.0,11.4,0.9847119735285405,0.8151897970416601,2.756262668753271,-67068.10608457893,67112.70072003438,-67159.81806342032,67112.70072003438,0.25,0.0,0.0,1.0,1.0,1.0,1.0,1.0,1.0
10.85,557.5755880578425,58.16934991907617,716.1696508235055,0.0,0.0,11.416666666666666,-1.2050448861440248,2.431072413838456,0.28277834649566597,-152209.3146580596,152267.39891132578,-152301.02663690102,152267.39891132578,0.25,0.0,0.0,1.0,1.0,1.0,1.0,1.0,1.0
10.86,1184.8423834998373,-74.32290271971662,1437.7595539291826,0.0,0.0,11.433333333333332,-0.4154830385048927,2.347870645591736,0.42028646609173914,-391027.62600099575,390984.2399317398,-391027.62600099575,391075.95191058127,0.25,0.0,0.0,1.0,1.0,1.0,1.0,1.0,1.0
10.870000000000001,2245.6284839881605,-267.23884377196373,2538.053376706665,0.0,0.0,11.450000000000001,-1.1590389702716732,-0.16490037759677056,2.394896636858144,-679625.3577639093,679619.9361468373,-679662.1211549737,679674.8847346143,0.25,0.0,0.0,1.0,1.0,1.0,1.0,1.0,1.0
10.88,3729.7139771278758,-495.1676278425532,4003.5331936921816,0.0,0.0,11.466666666666669,-1.0809945412725568,2.8758821129727887,0.07868316474997529,-1075533.5833160218,1075499.9555904467,-1075441.8713371805,1075499.9555904467,0.25,0.0,0.0,1.0,1.0,1.0,1.0,1.0,1.0
10.89,4752.490101369177,-682.5686243363829,5074.791868367379,0.0,0.0,11.483333333333334,1.53967426592418,-0.18632526664658375,2.4313976615026007,-1510240.8807454465,1510195.712012096,-1510240.8807454465,1510287.4239909376,0.25,0.0,0.0,1.0,1.0,1.0,1.0,1.0,1.0
10.9,1524.1167591337685,-342.7646330339005,2642.05209026255,0.0,0.0,11.5,0.7565821786279773,2.654617202677928,1.8195206189974216,-1422137.6893048414,1422195.7735581074,-1422137.6893048414,1422104.0615792659,0.25,0.0,0.0,1.0,1.0,1.0,1.0,1.0,1.0
10.91,-27335.123650103054,3244.352089252626,-21040.530569238614,0.0,0.0,11.516666666666667,-0.7740862493059909,2.979116610596189,1.9431215260324441,1103619.2946425893,-1103652.9223681644,1103619.2946425893,-1103561.210389323,0.25,0.0,0.0,1.0,1.0,1.0,1.0,1.0,1.0
10.92,-93955.45436090637,11491.481127297167,-76092.07912789228,0.0,0.0,11.533333333333333,-0.8727089188679831,3.035236361530169,1.446642648560009,17370201.081531823,-17370234.709257398,17370201.081531823,-17370142.997278556,0.25,0.0,0.0,1.0,1.0,1.0,1.0,1.0,1.0
10.93,-187874.14343115545,23146.884442741448,-153875.68118564063,0.0,0.0,11.549999999999999,0.6127876877340528,2.4687402969594268,-0.8764151336231559,46476057.21409608,-46476090.84182165,46476057.21409608,-46475999.12984282,0.25,0.0,0.0,1.0,1.0,1.0,1.0,1.0,1.0
10.94,2338470.4054653426,-297799.71210444195,1947599.4710081017,0.0,0.0,11.566666666666666,0.5971510633317978,2.380773523776289,1.0047052924170259,74847989.47931221,-74847951.27834813,74847897.76733337,-74847951.27834813,0.25,0.0,0.0,1.0,1.0,1.0,1.0,1.0,1.0
10.950000000000001,44330317.446077086,-6782707.93432209,34224226.86734351,0.0,0.0,11.583333333333336,-0.9168696747448795,0.42001215056072755,-2.255027604480459,-1479890813.3207142,1479890867.9522762,-1479890905.032693,1479890867.9522762,0.25,0.0,0.0,1.0,1.0,1.0,1.0,1.0,1.0
