time_s,position_x_m,position_y_m,position_z_m,position_ref_x_m,position_ref_y_m,position_ref_z_m,position_error_norm_m
0.0,0.0,0.0,0.0,0.0,0.0,0.0,0.0
0.01,4.055282549643799e-11,-5.232622792711294e-11,4.4866754920841194e-07,0.0,0.0,0.02,0.019999551332450793
0.02,6.065282088802273e-10,-7.826171502419234e-10,2.998351552458555e-06,0.0,0.0,0.04,0.03999700164844756
0.03,2.9931797860112895e-09,-3.862168793803172e-09,8.694915310516705e-06,0.0,0.0,0.06,0.05999130508468968
0.04,9.354700221977786e-09,-1.2070589024323903e-08,1.8015777953569978e-05,0.0,0.0,0.08,0.07998198422204789
0.05,2.2622945703291535e-08,-2.9190930157547358e-08,3.117188187231879e-05,0.0,0.0,0.1,0.0999688281181345
0.06,4.642428862581576e-08,-5.990240745333363e-08,4.8249793866405195e-05,0.0,0.0,0.12,0.11995175020615753
0.07,8.503581939634442e-08,-1.0972381960323879e-07,6.929732339017531e-05,0.0,0.0,0.14,0.1399307026766787
0.08,1.4319084055574785e-07,-1.847617102100627e-07,9.433503357717611e-05,0.0,0.0,0.16,0.1599056649665937
0.09,2.2603363589132726e-07,-2.9164960961157214e-07,0.00012337367392846192,0.0,0.0,0.18,0.17987662632645
0.1,3.392302612867651e-07,-4.3768749172805875e-07,0.00015641886453541897,0.0,0.0,0.2,0.19984358113623182
0.11,4.885676407932805e-07,-6.303235925217656e-07,0.00019347381460358833,0.0,0.0,0.22000000000000003,0.21980652618684318
0.12,6.800900631100874e-07,-8.773311489893748e-07,0.00023454026817125868,0.0,0.0,0.24,0.23976545973439836
0.13,9.199683276158509e-07,-1.1866417191927902e-06,0.0002796190845308683,0.0,0.0,0.26,0.2597203809198093
0.14,1.2144245183650028e-06,-1.5662503906324164e-06,0.00032871056090143187,0.0,0.0,0.28,0.2796712894461211
0.15,1.5696607035401574e-06,-2.0241257827460547e-06,0.00038181462290159165,0.0,0.0,0.3,0.2996181853880472
0.16,1.9917927126175988e-06,-2.5681262036156463e-06,0.0004389309434186836,0.0,0.0,0.32,0.31956106907310794
0.17,2.4867895661276133e-06,-3.2059227069791668e-06,0.0005000590210255047,0.0,0.0,0.34,0.33949994100321906
0.18,3.060418954429551e-06,-3.944929610899676e-06,0.0005651982344338939,0.0,0.0,0.36,0.3594348018002436
0.19,3.718199032353443e-06,-4.792242882169096e-06,0.0006343478820604327,0.0,0.0,0.38,0.3793656521664292
0.2,4.4653566702316595e-06,-5.754586623791065e-06,0.0007075072118797205,0.0,0.0,0.4,0.39929249285455615
0.21,5.3067905349331935e-06,-6.838265619379685e-06,0.0007846754261453757,0.0,0.0,0.42000000000000004,0.41921532466321676
0.22,6.247047245029757e-06,-8.049134587389212e-06,0.0008658517541533452,0.0,0.0,0.44000000000000006,0.43913414836404996
0.23,7.290293726447223e-06,-9.392562456298846e-06,0.0009510354138856497,0.0,0.0,0.4600000000000001,0.4590489647400943
0.24,8.440278566886743e-06,-1.0873382313612484e-05,0.001040225805618775,0.0,0.0,0.48,0.4789597743921731
0.25,9.700385850073984e-06,-1.2495960652197322e-05,0.001133421987161268,0.0,0.0,0.5,0.4988665782636538
0.26,1.1073590835265455e-05,-1.4264140036595471e-05,0.0012306234456400062,0.0,0.0,0.52,0.5187693768686521
0.27,1.2562456000344712e-05,-1.6181233899519443e-05,0.0013318298341126534,0.0,0.0,0.54,0.5386681705554107
0.28,1.4169084931752851e-05,-1.824996649887729e-05,0.0014370413068299928,0.0,0.0,0.56,0.5585629591710252
0.29,1.58952125693185e-05,-2.047258940708496e-05,0.001546258119512433,0.0,0.0,0.58,0.5784537424611603
0.3,1.7742186095697866e-05,-2.2850856495149448e-05,0.0016594806027233012,0.0,0.0,0.6,0.5983405200966667
0.31,1.9710980781350723e-05,-2.538604405106369e-05,0.0017767091010737306,0.0,0.0,0.62,0.6182232917343639
0.32,2.180221872115184e-05,-2.80789746105497e-05,0.0018979439418147072,0.0,0.0,0.64,0.6381020570484387
0.33,2.4016189953332813e-05,-3.093004385480885e-05,0.0020231854185598923,0.0,0.0,0.66,0.6579768157467129
0.34,2.6352875508726716e-05,-3.393925000081169e-05,0.0021524337830817774,0.0,0.0,0.68,0.677847567578837
0.35000000000000003,2.881197196910578e-05,-3.710622514735318e-05,0.002285689241601829,0.0,0.0,0.7000000000000001,0.6977143123399924
0.36,3.1392917136324866e-05,-4.043026806814621e-05,0.002422951953707843,0.0,0.0,0.72,0.7175770498719649
0.37,3.4094916435610256e-05,-4.391037796993383e-05,0.0025642220328907137,0.0,0.0,0.74,0.7374357800626034
0.38,3.691696969897222e-05,-4.754528876185061e-05,0.0027094995481323696,0.0,0.0,0.76,0.7572905028442237
0.39,3.985789799902946e-05,-5.13335034128312e-05,0.0028587845262057674,0.0,0.0,0.78,0.7771412181913059
0.4,4.291637022952888e-05,-5.527332800673592e-05,0.0030120769544702097,0.0,0.0,0.8,0.796987926117694
0.41000000000000003,4.6090929156220836e-05,-5.936290513961671e-05,0.0031693767840125335,0.0,0.0,0.8200000000000001,0.8168306266734535
0.42,4.9380016690121424e-05,-6.360024633966555e-05,0.0033306839330236107,0.0,0.0,0.8400000000000001,0.8366693199414925
0.43,5.278199816416798e-05,-6.798326322735246e-05,0.0034959982903241212,0.0,0.0,0.86,0.856504006034036
0.44,5.629518542340674e-05,-7.250979717048784e-05,0.003665319718968938,0.0,0.0,0.8800000000000001,0.8763346850890222
0.45,5.991785856782075e-05,-7.717764722601372e-05,0.0038386480598700877,0.0,0.0,0.9,0.8961613572664805
0.46,6.36482862153372e-05,-8.19845961967483e-05,0.004015983135388209,0.0,0.0,0.9200000000000002,0.915984022744943
0.47000000000000003,6.748474418017406e-05,-8.692843466672266e-05,0.004197324752848678,0.0,0.0,0.9400000000000001,0.9358026817179297
0.48,7.142553248822814e-05,-9.200698291281411e-05,0.004382672707944548,0.0,0.0,0.96,0.9556173343905514
0.49,7.546899067644437e-05,-9.721811062279625e-05,0.004572026787995013,0.0,0.0,0.9800000000000001,0.9754279809762532
0.5,7.961351134686605e-05,-0.00010255975438046804,0.004765386775032096,0.0,0.0,1.0,0.995234621693732
0.51,8.385755196818066e-05,-0.00010802993290697235,0.004962752448693899,0.0,0.0,1.02,1.0150372567640495
0.52,8.819964493796064e-05,-0.00011362676007366033,0.0051641235889064874,0.0,0.0,1.04,1.0348358864079532
0.53,9.263840593730474e-05,-0.00011934845572569971,0.005369499978341055,0.0,0.0,1.06,1.0546305108434244
0.54,9.71725435519465e-05,-0.00012519335814578612,0.005578881406881146,0.0,0.0,1.08,1.0744211302812177
0.55,0.00010180086183780501,-0.00013115992744910384,0.005792267731426004,0.0,0.0,1.1,1.094207744865059
0.56,0.0001065222634442721,-0.00013724674968122397,0.006009658896876981,0.0,0.0,1.12,1.1139903546506655
0.5700000000000001,0.0001113357466466947,-0.00014345253303125327,0.006231055000814835,0.0,0.0,1.1400000000000001,1.1337689595410712
0.58,0.0001162403839084271,-0.00014977608011535772,0.006456454845382438,0.0,0.0,1.16,1.1535435607347406
0.59,0.00012123539245066696,-0.0001562163791590021,0.006685858952534705,0.0,0.0,1.18,1.1733141577103416
0.6,0.0001263200855162254,-0.0001627725410582869,0.00691926753709522,0.0,0.0,1.2,1.1930807502536807
0.61,0.00013149386510103966,-0.00016944379001022602,0.007156680574361839,0.0,0.0,1.22,1.2128433383900967
0.62,0.00013675622726959022,-0.00017622947041823667,0.007398098143404274,0.0,0.0,1.24,1.2326019220411708
0.63,0.00014210675787531033,-0.00018312904146836935,0.007643520325684445,0.0,0.0,1.26,1.2523565011261055
0.64,0.00014754512750057567,-0.0001901420707216981,0.00789294719779556,0.0,0.0,1.28,1.2721070755689878
0.65,0.000153071085842959,-0.00019726822700805166,0.008146378827698225,0.0,0.0,1.3,1.291853645302555
0.66,0.0001586844556615741,-0.00020450727276038108,0.008403815272841047,0.0,0.0,1.32,1.3115962102700744
0.67,0.00016438512638947917,-0.00021185905592106124,0.00866525657934015,0.0,0.0,1.34,1.3313347704261629
0.68,0.000170173047511769,-0.0002193235015446445,0.008930702781782663,0.0,0.0,1.36,1.3510693257369855
0.6900000000000001,0.00017604822180292874,-0.00022690060321476434,0.009200153903417012,0.0,0.0,1.3800000000000001,1.370799876180063
0.7000000000000001,0.00018201069851079418,-0.00023459041438558662,0.009473609956595012,0.0,0.0,1.4000000000000001,1.3905264217438302
0.71,0.00018806056656788062,-0.0002423930397502824,0.009751070943383849,0.0,0.0,1.42,1.410248962427023
0.72,0.00019419794790394792,-0.0002503086267305541,0.01003253685629534,0.0,0.0,1.44,1.4299674982379473
0.73,0.00020042299092648988,-0.00025833735717235135,0.010318007679095667,0.0,0.0,1.46,1.4496820291936683
0.74,0.0002067358642284955,-0.00026647943932374467,0.010607483387668586,0.0,0.0,1.48,1.469392555319146
0.75,0.0002131367505753892,-0.00027473510016158174,0.010900963950910558,0.0,0.0,1.5,1.4890990766463381
0.76,0.00021962584121564842,-0.00028310457812420547,0.011198449331640513,0.0,0.0,1.52,1.5088015932132888
0.77,0.00022620332984073818,-0.00029158811538998296,0.011499939468339472,0.0,0.0,1.54,1.528500105082386
0.78,0.00023286940939785123,-0.0003001859537946023,0.011805434330098681,0.0,0.0,1.56,1.548194612285414
0.79,0.000239624268050408,-0.0003088983296684809,0.012114933949298669,0.0,0.0,1.58,1.5678851147908701
0.8,0.00024646808132061925,-0.00031772546372834027,0.012428438249641337,0.0,0.0,1.6,1.5875716126759318
0.81,0.0002534010090714944,-0.0003266675572167767,0.012745947092774792,0.0,0.0,1.6200000000000003,1.6072541060798278
0.8200000000000001,0.0002604231981949789,-0.00033572479537678735,0.013067460537085171,0.0,0.0,1.6400000000000001,1.6269325949450488
0.8300000000000001,0.0002675347706073948,-0.00034489733196887745,0.01339297842212392,0.0,0.0,1.6600000000000001,1.646607079432913
0.84,0.0002747358303566629,-0.00035418529843891244,0.013722500797559347,0.0,0.0,1.6800000000000002,1.6662775594946186
0.85,0.00028202645332861466,-0.00036358879063506206,0.014056027554871595,0.0,0.0,1.7,1.6859440352395416
0.86,0.0002894066916826081,-0.00037310787451522317,0.014393558694374378,0.0,0.0,1.72,1.7056065066682173
0.87,0.00029687657020010475,-0.00038274258141464564,0.014735094210996792,0.0,0.0,1.7399999999999998,1.725264973786554
0.88,0.00030443608544478167,-0.0003924929069308886,0.015080634087643388,0.0,0.0,1.7600000000000002,1.7449194366124738
0.89,0.0003120852058158725,-0.0004023588109522123,0.015430178311363153,0.0,0.0,1.78,1.7645698951597402
0.9,0.000319823873290305,-0.0004123402198548714,0.01578372694421586,0.0,0.0,1.8,1.784216349367094
0.91,0.00032765200031171414,-0.00042243702243694397,0.016141279968132007,0.0,0.0,1.8199999999999998,1.8038587992533894
0.92,0.0003355694723818339,-0.00043264907320295196,0.016502837372343662,0.0,0.0,1.8400000000000003,1.8234972448301656
0.93,0.00034357614889678797,-0.0004429761933819582,0.016868399151885975,0.0,0.0,1.86,1.8431316861031417
0.9400000000000001,0.00035167186401290713,-0.0004534181719823434,0.01723796529832677,0.0,0.0,1.8800000000000001,1.8627621230814893
0.9500000000000001,0.00035985642788367156,-0.00046397476732506685,0.017611535799429354,0.0,0.0,1.9,1.8823885557781679
0.96,0.000368129629232907,-0.00047464571030120755,0.017989110691825707,0.0,0.0,1.92,1.902010984157254
0.97,0.00037649123573961263,-0.0004854307048086235,0.018370690011177214,0.0,0.0,1.94,1.9216294081837786
0.98,0.0003849409943768773,-0.000496329428131301,0.018756273734905064,0.0,0.0,1.9600000000000002,1.941243827880996
0.99,0.00039347863473922597,-0.0005073415351771358,0.019145861857265946,0.0,0.0,1.98,1.9608542432553098
1.0,0.0004021038704521569,-0.000518466660245331,0.019539454376083135,0.0,0.0,2.0,1.9804606543095429
1.01,0.0004108164009410008,-0.0005297044192614897,0.019937051294956876,0.0,0.0,2.02,2.000063061040726
1.02,0.00041961591331049844,-0.0005410544121600856,0.020338652630793617,0.0,0.0,2.04,2.0196614634325702
1.03,0.00042850208356199807,-0.0005525162244170094,0.020744258391748614,0.0,0.0,2.06,2.039255861477523
1.04,0.00043747457842323724,-0.0005640894293774723,0.021153868585045702,0.0,0.0,2.08,2.0588462551689513
1.05,0.0004465330569531938,-0.0005757735902987485,0.021567483216969018,0.0,0.0,2.1,2.0784326445011496
1.06,0.00045567717207829826,-0.0005875682623094243,0.021985102292793875,0.0,0.0,2.12,2.0980150294694093
1.07,0.0004649065719735562,-0.0005994729941735125,0.02240672581315211,0.0,0.0,2.14,2.117593410073654
1.08,0.00047422090152944704,-0.0006114873301701284,0.02283235377848449,0.0,0.0,2.16,2.137167786313988
1.09,0.0004836198036380219,-0.0006236108117445196,0.023261986189623624,0.0,0.0,2.18,2.1567381581901146
1.1,0.0004931029203442607,-0.0006358429789896174,0.023695623046865597,0.0,0.0,2.2,2.1763045257022635
1.11,0.0005026698939142552,-0.0006481833720243349,0.024133264350147444,0.0,0.0,2.22,2.1958668888510173
1.12,0.0005123203677925152,-0.0006606315322325105,0.02457491009918919,0.0,0.0,2.24,2.2154252476371656
1.1300000000000001,0.000522053987295403,-0.0006731870031648994,0.025020560290875783,0.0,0.0,2.2600000000000002,2.2349796020643273
1.1400000000000001,0.0005318704006995489,-0.0006858493319529098,0.025470214926235094,0.0,0.0,2.2800000000000002,2.2545299521319713
1.1500000000000001,0.0005417692596968571,-0.0006986180699086475,0.02592387400802281,0.0,0.0,2.3000000000000003,2.2740762978378313
1.16,0.0005517502198408787,-0.0007114927731153525,0.0263815375370192,0.0,0.0,2.32,2.293618639181614
1.17,0.00056181294098649,-0.0007244730030109125,0.026843205513759523,0.0,0.0,2.34,2.313156976163263
1.18,0.000571957087600351,-0.0007375583268058544,0.02730887793861191,0.0,0.0,2.36,2.332691308782886
1.19,0.0005821823289743745,-0.0007507483177770438,0.02777855481175649,0.0,0.0,2.38,2.352221637040772
1.2,0.0005924883393573496,-0.0007640425554562656,0.028252236133545126,0.0,0.0,2.4,2.3717479609370358
1.21,0.0006028747980139104,-0.0007774406257252279,0.028729921905005795,0.0,0.0,2.42,2.3912702804711112
1.22,0.0006133413891790026,-0.0007909421207755654,0.029211612127302857,0.0,0.0,2.44,2.4107885956422925
1.23,0.0006238878019554774,-0.0008045466389950393,0.029697306801696324,0.0,0.0,2.46,2.4303029064497728
1.24,0.0006345137301585804,-0.0008182537847845473,0.030187005929771134,0.0,0.0,2.48,2.4498132128924177
1.25,0.000645218872096039,-0.0008320631682911537,0.030680709513289193,0.0,0.0,2.5,2.4693195149689116
1.26,0.0006560029303037114,-0.0008459744050827172,0.031178417554155863,0.0,0.0,2.52,2.488821812677793
1.27,0.0006668656112419876,-0.000859987115770657,0.03168013005441021,0.0,0.0,2.54,2.5083201060174605
1.28,0.0006778066249590638,-0.0008741009255886609,0.032185847016211765,0.0,0.0,2.56,2.5278143949861893
1.29,0.0006888256887182563,-0.0008883154690860684,0.03269556864719712,0.0,0.0,2.58,2.5473046793767775
1.3,0.0006999225146060332,-0.0009026303741448943,0.033209294743841114,0.0,0.0,2.6,2.5667909593931735
1.31,0.0007110968211698905,-0.0009170452770090267,0.033727025307878154,0.0,0.0,2.62,2.5862732350340645
1.32,0.0007223483289996529,-0.0009315598165887923,0.034248760341193514,0.0,0.0,2.64,2.6057515062979832
1.33,0.000733676760319894,-0.0009461736339409698,0.034774499845802866,0.0,0.0,2.66,2.6252257731833253
1.34,0.0007450818385844798,-0.0009608863717501581,0.035304243823836394,0.0,0.0,2.68,2.6446960356883693
1.35,0.0007565632880777244,-0.0009756976738173394,0.03583799227752568,0.0,0.0,2.7,2.6641622938112843
1.36,0.0007681208335261726,-0.0009906071845609263,0.03637574520919315,0.0,0.0,2.72,2.6836245475501457
1.37,0.0007797542016007,-0.0010056145509562825,0.03691750272063364,0.0,0.0,2.74,2.703082796803549
1.3800000000000001,0.0007914631149085711,-0.0010207194147818532,0.03746326471443222,0.0,0.0,2.7600000000000002,2.722537041669293
1.3900000000000001,0.0008032472973324757,-0.0010359214195086429,0.03801303119322344,0.0,0.0,2.7800000000000002,2.7419872821451206
1.4000000000000001,0.0008151064718148032,-0.0010512202074388127,0.03856680215970552,0.0,0.0,2.8000000000000003,2.7614335182287046
1.41,0.0008270403622946209,-0.0010666154222030472,0.0391245777364509,0.0,0.0,2.82,2.7808757497978385
1.42,0.0008390486867497897,-0.0010821066997778726,0.03968635780696221,0.0,0.0,2.84,2.800313976969376
1.43,0.0008511311636541202,-0.0010976936768157246,0.04025214237402093,0.0,0.0,2.86,2.8197481997408853
1.44,0.0008632875095297814,-0.0011133759874824402,0.04082193144044899,0.0,0.0,2.88,2.8391784181098862
1.45,0.0008755174401373419,-0.0011291532649892171,0.041395725084261197,0.0,0.0,2.9,2.8586046319986997
1.46,0.0008878206661805402,-0.0011450251360453103,0.041973523233629725,0.0,0.0,2.92,2.8780268414794787
1.47,0.0009001968973093091,-0.0011609912260202488,0.04255532589148366,0.0,0.0,2.94,2.8974450465496124
1.48,0.0009126458406308772,-0.001177051157018402,0.04314113306077263,0.0,0.0,2.96,2.916859247206462
1.49,0.0009251672006253498,-0.0011932045477662835,0.04373094474446252,0.0,0.0,2.98,2.936269443447363
1.5,0.0009377606825847192,-0.0012094510180473824,0.04432476114055329,0.0,0.0,3.0,2.955675635074612
1.51,0.0009504259821374443,-0.0012257901751794886,0.04492258206222068,0.0,0.0,3.02,2.975077822275314
1.52,0.0009631627956015349,-0.0012422216273732804,0.04552440751239464,0.0,0.0,3.04,2.9944760050468155
1.53,0.0009759708165520388,-0.001258744979299794,0.04613023749396606,0.0,0.0,3.06,3.0138701833864934
1.54,0.0009888497358404834,-0.0012753598321132958,0.04674007200979468,0.0,0.0,3.08,3.0332603572917454
1.55,0.001001799241630279,-0.0012920657834951112,0.047353911062714235,0.0,0.0,3.1,3.052646526759988
1.56,0.0010148190194464478,-0.0013088624277163216,0.04797175465553594,0.0,0.0,3.12,3.0720286917886503
1.57,0.0010279087522379975,-0.0013257493557171291,0.048593602791051044,0.0,0.0,3.14,3.0914068523751723
1.58,0.0010410681204512612,-0.001342726155200742,0.049219455472033144,0.0,0.0,3.16,3.1107810085170047
1.59,0.0010542968021125287,-0.0013597924107395705,0.04984931270124002,0.0,0.0,3.18,3.1301511602116037
1.6,0.001067594472918345,-0.0013769477038916326,0.05048317448141553,0.0,0.0,3.2,3.14951730745643
1.61,0.001080960806331879,-0.0013941916133250912,0.05112104081529116,0.0,0.0,3.22,3.1688794502489492
1.62,0.0010943954736838712,-0.0014115237149489276,0.05176291170558735,0.0,0.0,3.2400000000000007,3.18823758858663
1.6300000000000001,0.001107898144276709,-0.0014289435820479107,0.052408787155015193,0.0,0.0,3.2600000000000002,3.2075917224669386
1.6400000000000001,0.0011214684854902984,-0.001446450785420034,0.0530586671662775,0.0,0.0,3.2800000000000002,3.226941851887344
1.6500000000000001,0.0011351061628884556,-0.0014640448935148126,0.053712551742069715,0.0,0.0,3.3,3.246287976845313
1.6600000000000001,0.001148810840324708,-0.0014817254725709107,0.05437044088508114,0.0,0.0,3.3200000000000003,3.2656300973383106
1.67,0.0011625821800464234,-0.001499492086751717,0.05503233459799553,0.0,0.0,3.34,3.284968213363797
1.68,0.0011764198427963643,-0.0015173442982776345,0.055698232883491745,0.0,0.0,3.3600000000000003,3.304302324919233
1.69,0.0011903234878999918,-0.0015352816675400166,0.05636813574364194,0.0,0.0,3.38,3.3236324320026718
1.7,0.0012042927733809095,-0.0015533037532514016,0.05704204318111637,0.0,0.0,3.4,3.3429585346115673
1.71,0.0012183273560445762,-0.001571410112554769,0.05771995519886909,0.0,0.0,3.4200000000000004,3.362280632743077
1.72,0.001232426891557186,-0.0015896003011265027,0.05840187179985006,0.0,0.0,3.44,3.3815987263943543
1.73,0.0012465910345239085,-0.0016078738732784666,0.059087792986996915,0.0,0.0,3.46,3.400912815562559
1.74,0.0012608194385611753,-0.0016262303820522898,0.059777718763226816,0.0,0.0,3.4799999999999995,3.420222900244864
1.75,0.0012751117563628207,-0.0016446693793056232,0.06047164913142862,0.0,0.0,3.5,3.43952898043846
1.76,0.0012894676397486508,-0.0016631904157756,0.06116958409381052,0.0,0.0,3.5200000000000005,3.458831056141213
1.77,0.001303886739738663,-0.0016817930411752629,0.06187152365310267,0.0,0.0,3.54,3.4781291273504573
1.78,0.001318368706602117,-0.0017004768042574135,0.06257746781263152,0.0,0.0,3.56,3.4974231940629252
1.79,0.001332913189886368,-0.0017192412528522093,0.06328741657560348,0.0,0.0,3.5799999999999996,3.5167132562754593
1.8,0.0013475198384517387,-0.0017380859339124236,0.06400136994508694,0.0,0.0,3.6,3.535999313985037
1.81,0.0013621883005005575,-0.001757010393551053,0.06471932792399336,0.0,0.0,3.62,3.5552813671887784
1.82,0.0013769182236006534,-0.001776014177071636,0.0654412905150585,0.0,0.0,3.6399999999999997,3.5745594158839773
1.83,0.0013917092547036003,-0.0017950968289916916,0.06616725772082364,0.0,0.0,3.66,3.5938334600681126
1.84,0.0014065610401580574,-0.0018142578930597044,0.06689722954361715,0.0,0.0,3.6800000000000006,3.6131034997388682
1.85,0.0014214732257185703,-0.0018334969122661587,0.06763120598553753,0.0,0.0,3.7,3.6323695348941496
1.86,0.00143644545655021,-0.0018528134288491073,0.06836918704843688,0.0,0.0,3.72,3.6516315655321043
1.87,0.0014514773772294444,-0.0018722069842948038,0.0691111727339056,0.0,0.0,3.7400000000000007,3.670889591651132
1.8800000000000001,0.0014665686317416476,-0.0018916771193339243,0.06985716304325873,0.0,0.0,3.7600000000000002,3.6901436132498997
1.8900000000000001,0.0014817188634756646,-0.0019112233739339427,0.07060715797752393,0.0,0.0,3.7800000000000002,3.7093936303273556
1.9000000000000001,0.001496927715215804,-0.001930845287288139,0.07136115753743039,0.0,0.0,3.8,3.728639642882739
1.9100000000000001,0.0015121948291509414,-0.0019505423978266715,0.07211916172473642,0.0,0.0,3.8200000000000003,3.7478816509142523
1.92,0.001527519846839252,-0.001970314243170363,0.07288117054063176,0.0,0.0,3.84,3.7671196544206587
1.93,0.0015429024091770114,-0.0019901603600897206,0.0736471839844648,0.0,0.0,3.8600000000000003,3.7863536534025553
1.94,0.0015583421564414786,-0.002010080284559599,0.07441720205773995,0.0,0.0,3.88,3.805583647858376
1.95,0.0015738387281864028,-0.0020300735516236477,0.07519122475782067,0.0,0.0,3.9,3.8248096377906897
1.96,0.0015893917632850995,-0.0020501396954492536,0.07596925208199633,0.0,0.0,3.9200000000000004,3.844031623202129
1.97,0.0016050008999150284,-0.0020702782493070182,0.07675128402749501,0.0,0.0,3.94,3.863249604095382
1.98,0.001620665775542531,-0.002090488745550471,0.07753732059149612,0.0,0.0,3.96,3.8824635804731784
1.99,0.0016363860269079736,-0.0021107707155963566,0.07832736177114276,0.0,0.0,3.9799999999999995,3.901673552338275
2.0,0.0016521612900096943,-0.0021311236899034416,0.07912140756350956,0.0,0.0,4.0,3.9208795196934916
2.0100000000000002,0.0016679912000615127,-0.0021515471979172435,0.07991945796493577,0.0,0.0,4.0200000000000005,3.9400814825423747
2.02,0.0016838753914777984,-0.0021720407680503387,0.08072151296763502,0.0,0.0,4.04,3.959279440892588
2.0300000000000002,0.0016998134978108452,-0.0021926039276012415,0.08152757255724821,0.0,0.0,4.0600000000000005,3.9784733947583635
2.04,0.001715805152040001,-0.002213236203127313,0.08233763673513002,0.0,0.0,4.08,3.997663344138208
2.05,0.001731849986438717,-0.002233937120272968,0.08315170550950989,0.0,0.0,4.1,4.016849289023749
2.06,0.0017479476324624382,-0.0022547062036248114,0.08396977888777245,0.0,0.0,4.12,4.036031229407449
2.07,0.0017640977207428405,-0.002275542976704107,0.08479185687646208,0.0,0.0,4.14,4.055209165282607
2.08,0.001780299881094705,-0.0022964469619755888,0.08561793948214516,0.0,0.0,4.16,4.074383096642489
2.09,0.001796553742481347,-0.0023174176808028074,0.08644802670894025,0.0,0.0,4.18,4.0935530234828015
2.1,0.001812858933035202,-0.0023384546534747225,0.08728211856015962,0.0,0.0,4.2,4.112718945800052
2.11,0.0018292150798393833,-0.0023595573989237863,0.08812021502097475,0.0,0.0,4.22,4.1318808636088775
2.12,0.001845621809750409,-0.002380725435787971,0.0889623161232093,0.0,0.0,4.24,4.15103877687726
2.13,0.0018620787486082018,-0.0024019582813911452,0.08980842188199195,0.0,0.0,4.26,4.170192685589865
2.14,0.00187858552136984,-0.0024232554519158437,0.0906585323068099,0.0,0.0,4.28,4.189342589736996
2.15,0.0018951417524957904,-0.002444616462901946,0.09151264743411053,0.0,0.0,4.3,4.208488489281985
2.16,0.0019117470650302016,-0.0024660408280596487,0.09237076725065257,0.0,0.0,4.32,4.227630384237847
2.17,0.0019284010814231115,-0.0024875280603309114,0.0932328917589673,0.0,0.0,4.34,4.246768274601815
2.18,0.001945103423356492,-0.0025090776716650697,0.09409902096262569,0.0,0.0,4.36,4.265902160370081
2.19,0.001961853711765547,-0.0025306891730464947,0.09496915486716291,0.0,0.0,4.38,4.285032041536856
2.2,0.001978651566828917,-0.0025523620744820883,0.0958432934783304,0.0,0.0,4.4,4.304157918096135
2.21,0.0019954966079677805,-0.0025740958850002907,0.09672143680109974,0.0,0.0,4.42,4.3232797900426805
2.22,0.002012388453884736,-0.002595890112701398,0.09760358484177306,0.0,0.0,4.44,4.342397657369923
2.23,0.002029326722588435,-0.0026177442647894985,0.098489737608751,0.0,0.0,4.46,4.36151152006918
2.24,0.002046311031293566,-0.0026396578474434875,0.09937989510287684,0.0,0.0,4.48,4.380621378139324
2.25,0.0020633409963763637,-0.0026616303657597423,0.10027405731194917,0.0,0.0,4.5,4.399727231592264
2.2600000000000002,0.0020804162336205997,-0.0026836613240697567,0.10117222423080678,0.0,0.0,4.5200000000000005,4.418829080432862
2.27,0.0020975363581855703,-0.002705750225898883,0.1020743958574754,0.0,0.0,4.54,4.437926924662781
2.2800000000000002,0.0021147009845801953,-0.002727896573932943,0.10298057218966744,0.0,0.0,4.5600000000000005,4.457020764283999
2.29,0.0021319097266778134,-0.0027500998700373475,0.10389075322482452,0.0,0.0,4.58,4.4761105992987495
2.3000000000000003,0.002149162197730874,-0.002772359615276061,0.10480493896016115,0.0,0.0,4.6000000000000005,4.495196429709491
2.31,0.0021664580103854195,-0.002794675309930274,0.10572312939270716,0.0,0.0,4.62,4.514278255518857
2.32,0.0021837967767028,-0.0028170464535263876,0.10664532452005497,0.0,0.0,4.64,4.5333560767289125
2.33,0.0022011781081879666,-0.002839472544872471,0.10757152434179924,0.0,0.0,4.66,4.552429893339715
2.34,0.002218601615733181,-0.0028619530819855347,0.108501728852928,0.0,0.0,4.68,4.571499705355918
2.35,0.002236066909684425,-0.002884487562177165,0.10943593804880936,0.0,0.0,4.7,4.59056551278179
2.36,0.0022535735998538415,-0.002907075482069476,0.11037415192519383,0.0,0.0,4.72,4.609627315621211
2.37,0.0022711212955592065,-0.00292971633764597,0.11131637048093151,0.0,0.0,4.74,4.628685113874952
2.38,0.0022887096056063046,-0.0029524096242286592,0.11226259371516364,0.0,0.0,4.76,4.647738907543489
2.39,0.0023063381382918873,-0.002975154836481763,0.11321282162646687,0.0,0.0,4.78,4.6667886966278544
2.4,0.0023240065014156477,-0.0029979514684270498,0.11416705421290549,0.0,0.0,4.8,4.685834481129587
2.41,0.0023417143021867716,-0.003020799013323068,0.11512529146133807,0.0,0.0,4.82,4.704876261061424
2.42,0.002359461147534788,-0.003043696964066313,0.1160875333778976,0.0,0.0,4.84,4.723914036416818
2.43,0.0023772466439188713,-0.0030666448129449365,0.1170537799679995,0.0,0.0,4.86,4.74294780718994
2.44,0.002395070397338691,-0.0030896420516526185,0.1180240312364149,0.0,0.0,4.88,4.761977573375593
2.45,0.002412932013345032,-0.003112688171302158,0.11899828718735576,0.0,0.0,4.9,4.781003334969135
2.46,0.0024308310970542276,-0.0031357826624439965,0.11997654782501029,0.0,0.0,4.92,4.80002509196594
2.47,0.0024487672531433606,-0.003158925015059915,0.12095881315203404,0.0,0.0,4.94,4.819042844362911
2.48,0.002466740085873389,-0.0031821147185927844,0.12194508317106448,0.0,0.0,4.96,4.8380565921569545
2.49,0.002484749199015217,-0.003205351261851005,0.12293535787552665,0.0,0.0,4.98,4.857066335354196
2.5,0.002502794196140838,-0.003228634133384312,0.12392963728103666,0.0,0.0,5.0,4.876072073938551
2.5100000000000002,0.0025208746803713545,-0.0032519628211583706,0.12492792139698232,0.0,0.0,5.0200000000000005,4.8950738079001646
2.52,0.0025389902544535174,-0.0032753368126535085,0.12593021023405282,0.0,0.0,5.04,4.914071537227871
2.5300000000000002,0.00255714052072916,-0.003298755594825171,0.12693650379996355,0.0,0.0,5.0600000000000005,4.933065261913474
2.54,0.002575325081210991,-0.003322218654201731,0.12794680210728004,0.0,0.0,5.08,4.952054981943918
2.5500000000000003,0.0025935435373740223,-0.003345725476615154,0.12896110514788736,0.0,0.0,5.1000000000000005,4.971040697326825
2.56,0.0026117954904186593,-0.003369275547540628,0.1299794129226804,0.0,0.0,5.12,4.990022408060797
2.57,0.00263008054119932,-0.003392868352004401,0.13100172543248523,0.0,0.0,5.14,5.009000114144503
2.58,0.0026483982902316626,-0.0034165033745930853,0.13202804267806345,0.0,0.0,5.16,5.027973815576668
2.59,0.002666748337699716,-0.0034401800994628513,0.13305836466011578,0.0,0.0,5.18,5.046943512356071
2.6,0.0026851302834676994,-0.003463898010354675,0.13409269137988888,0.0,0.0,5.2,5.065909204480941
2.61,0.002703543727079089,-0.003487656590593128,0.13513102283818607,0.0,0.0,5.22,5.084870891949943
2.62,0.0027219882677666203,-0.0035114553230992736,0.13617335903573166,0.0,0.0,5.24,5.103828574761816
2.63,0.0027404635044592793,-0.0035352936903996902,0.1372196999731645,0.0,0.0,5.26,5.122782252915376
2.64,0.0027589690357893333,-0.0035591711746355407,0.1382700456510336,0.0,0.0,5.28,5.141731926409526
2.65,0.0027775044600994478,-0.003583087257571761,0.1393243960697969,0.0,0.0,5.3,5.1606775952432535
2.66,0.00279606937544987,-0.003607041420606314,0.14038275122982252,0.0,0.0,5.32,5.179619259415629
2.67,0.0028146633796256914,-0.003631033144779577,0.14144511113139238,0.0,0.0,5.34,5.198556918925804
2.68,0.0028332860701442072,-0.0036550619107838284,0.14251147577470885,0.0,0.0,5.36,5.217490573773002
2.69,0.002851937044262361,-0.0036791271989728438,0.14358184515990063,0.0,0.0,5.38,5.236420223956519
2.7,0.0028706158989842906,-0.0037032284893716424,0.14465621928703337,0.0,0.0,5.4,5.255345869475704
2.71,0.0028893222310689623,-0.0037273652616863265,0.1457345981561193,0.0,0.0,5.42,5.274267510329955
2.72,0.00290805563703791,-0.0037515369953140722,0.14681698176712882,0.0,0.0,5.44,5.293185146518707
2.73,0.002926815713183066,-0.003775743169353202,0.1479033701200018,0.0,0.0,5.46,5.312098778041419
2.74,0.002945602055574689,-0.0037999832626134248,0.14899376321466118,0.0,0.0,5.48,5.331008404897562
2.75,0.0029644142600693457,-0.0038242567536261275,0.150088161051023,0.0,0.0,5.5,5.349914027086608
2.7600000000000002,0.0029832519223180393,-0.0038485631206548374,0.15118656362901028,0.0,0.0,5.5200000000000005,5.368815644608018
2.77,0.003002114637774348,-0.00387290184170573,0.15228897094856325,0.0,0.0,5.54,5.387713257461227
2.7800000000000002,0.0030210020017026953,-0.003897272394538263,0.15339538300964997,0.0,0.0,5.5600000000000005,5.406606865645641
2.79,0.0030399136091866443,-0.003921674256675882,0.1545057998122751,0.0,0.0,5.58,5.425496469160621
2.8000000000000003,0.0030588490551372873,-0.003946106905416826,0.1556202213564887,0.0,0.0,5.6000000000000005,5.44438206800548
2.81,0.003077807934301656,-0.003970569817844968,0.1567386476423906,0.0,0.0,5.62,5.463263662179473
2.82,0.003096789841271212,-0.00399506247084074,0.15786107867013544,0.0,0.0,5.64,5.482141251681794
2.83,0.0031157943704903557,-0.004019584341092113,0.15898751443993384,0.0,0.0,5.66,5.501014836511584
2.84,0.0031348211162649854,-0.004044134905105623,0.1601179549520513,0.0,0.0,5.68,5.519884416667915
2.85,0.0031538696727710785,-0.004068713639217423,0.16125240020680578,0.0,0.0,5.7,5.538749992149805
2.86,0.003172939634063287,-0.004093320019604377,0.16239085020455976,0.0,0.0,5.72,5.557611562956222
2.87,0.0031920305940849217,-0.00411795352229691,0.1635333049459745,0.0,0.0,5.74,5.576469129085832
2.88,0.0032111421466736872,-0.00414261362318641,0.16467976443144733,0.0,0.0,5.76,5.595322690537556
2.89,0.0032302738855709795,-0.004167299798037216,0.16583022866119987,0.0,0.0,5.78,5.614172247310492
2.9,0.0032494254044316915,-0.004192011522499277,0.16698469763547916,0.0,0.0,5.8,5.633017799403701
2.91,0.003268596296832959,-0.004216748272119406,0.16814317135456117,0.0,0.0,5.82,5.651859346816216
2.92,0.0032877861562546377,-0.004241509522316074,0.16930564981266044,0.0,0.0,5.84,5.670696889553122
2.93,0.0033069945761602776,-0.004266294748483982,0.1704721330131792,0.0,0.0,5.86,5.689530427610315
2.94,0.0033262211499898294,-0.004291103425984618,0.1716426209661465,0.0,0.0,5.88,5.708359960977058
2.95,0.0033454654711213504,-0.004315935030096815,0.17281711367810182,0.0,0.0,5.9,5.727185489646099
2.96,0.0033647271329025528,-0.004340789036057456,0.17399561115708742,0.0,0.0,5.92,5.74600701360868
2.97,0.003384005728669856,-0.004365664919086135,0.17517811341546854,0.0,0.0,5.94,5.764824532851715
2.98,0.003403300851708835,-0.0043905621543340505,0.1763646204584159,0.0,0.0,5.96,5.7836380473693065
2.99,0.0034226120952569605,-0.00441548021688757,0.17755513228146216,0.0,0.0,5.98,5.802447557165192
3.0,0.00344193905257705,-0.004440418581863157,0.1787496488861638,0.0,0.0,6.0,5.82125306223708
3.0100000000000002,0.003461281316941578,-0.004465376724387123,0.1799481702743961,0.0,0.0,6.0200000000000005,5.840054562582359
3.02,0.0034806384816442218,-0.004490354119610572,0.1811506964492343,0.0,0.0,6.04,5.858852058197208
3.0300000000000002,0.003500010140003594,-0.004515350242714254,0.18235722741376267,0.0,0.0,6.0600000000000005,5.877645549077797
3.04,0.0035193958853733734,-0.004540364568921679,0.18356776317157522,0.0,0.0,6.08,5.896435035219779
3.0500000000000003,0.0035387953111506447,-0.004565396573509918,0.18478230372683946,0.0,0.0,6.1000000000000005,5.915220516618234
3.06,0.0035582080107746635,-0.004590445731808035,0.18600084908142397,0.0,0.0,6.12,5.934001993270532
3.0700000000000003,0.0035776335776991647,-0.004615511519161312,0.18722339922303477,0.0,0.0,6.140000000000001,5.952779465188205
3.08,0.003597071605480163,-0.004640593411044744,0.1884499541490839,0.0,0.0,6.16,5.97155293237307
3.09,0.003616521687749812,-0.0046656908830292575,0.1896805138566524,0.0,0.0,6.18,5.990322394827279
3.1,0.0036359834182281923,-0.004690803410796973,0.19091507834376956,0.0,0.0,6.2,6.009087852552027
3.11,0.003655456390727994,-0.004715930470147283,0.19215364760831444,0.0,0.0,6.22,6.027849305548651
3.12,0.0036749401991598312,-0.004741071537003727,0.19339622164691342,0.0,0.0,6.24,6.04660675381975
3.13,0.0036944344375394317,-0.004766226087423295,0.19464280045435012,0.0,0.0,6.26,6.065360197369746
3.14,0.0037139387000001065,-0.0047913935976125555,0.1958933840250921,0.0,0.0,6.28,6.084109636203388
3.15,0.003733452580810882,-0.004816573543951127,0.19714797235777806,0.0,0.0,6.3,6.1028550703212385
3.16,0.003752975674369873,-0.004841765402983102,0.19840656544938268,0.0,0.0,6.32,6.12159649972553
3.17,0.003772507575215149,-0.004866968651431112,0.19966916329625536,0.0,0.0,6.34,6.140333924419108
3.18,0.0037920478780345246,-0.004892182766208976,0.20093576589491632,0.0,0.0,6.36,6.159067344404652
3.19,0.003811596177673451,-0.004917407224431922,0.202206373242092,0.0,0.0,6.38,6.177796759684625
3.2,0.003831152069142909,-0.004942641503426788,0.2034809853347499,0.0,0.0,6.4,6.196522170261252
3.21,0.0038507151476271898,-0.004967885080742072,0.20475960217013173,0.0,0.0,6.42,6.215243576136474
3.22,0.003870285008489631,-0.004993137434155369,0.20604222374575795,0.0,0.0,6.44,6.233960977311955
3.23,0.0038898612472841585,-0.005018398041688261,0.20732885005893056,0.0,0.0,6.459999999999999,6.252674373789571
3.24,0.0039094434597443575,-0.005043666381592179,0.20861948109485598,0.0,0.0,6.480000000000001,6.271383765583295
3.25,0.003929031241831509,-0.005068941932410533,0.20991411685252984,0.0,0.0,6.5,6.290089152693299
3.2600000000000002,0.003948624189726154,-0.0050942241729678055,0.21121275733771255,0.0,0.0,6.5200000000000005,6.3087905351129985
3.27,0.003968221899820331,-0.005119512582359495,0.21251540255294538,0.0,0.0,6.540000000000001,6.3274879128390165
3.2800000000000002,0.003987823968736684,-0.0051448066399767695,0.21382205250221148,0.0,0.0,6.5600000000000005,6.3461812858665345
3.29,0.004007429993331572,-0.005170105825510502,0.2151327071890778,0.0,0.0,6.58,6.364870654191147
3.3000000000000003,0.004027039570703865,-0.005195409618962638,0.21644736661737526,0.0,0.0,6.6,6.383556017808182
3.31,0.004046652298201751,-0.005220717500654991,0.21776603078941423,0.0,0.0,6.62,6.402237376714486
3.3200000000000003,0.0040662677734319185,-0.005246028951241124,0.2190886997065315,0.0,0.0,6.640000000000001,6.420914730907874
3.33,0.0040858855942662795,-0.005271343451715067,0.2204153733653674,0.0,0.0,6.659999999999999,6.4395880803908545
3.34,0.004105505358852614,-0.005296660483425056,0.22174605175826215,0.0,0.0,6.68,6.458257425170239
3.35,0.004125126665637343,-0.005321979528103272,0.2230807349169809,0.0,0.0,6.7,6.476922765213405
3.36,0.004144749113371335,-0.005347300067872981,0.22441942284633948,0.0,0.0,6.720000000000001,6.495584100514681
3.37,0.00416437230109176,-0.005372621585225372,0.22576211555605863,0.0,0.0,6.74,6.5142414310634855
3.38,0.0041839958281188255,-0.005397943563015525,0.22710881307604036,0.0,0.0,6.76,6.532894756829053
3.39,0.0042036192940688,-0.005423265484478915,0.22845951539175052,0.0,0.0,6.779999999999999,6.551544077825057
3.4,0.004223242298896603,-0.0054485868332868025,0.2298142225024855,0.0,0.0,6.8,6.570189394051331
3.41,0.004242864442888873,-0.005473907093537299,0.2311729344092951,0.0,0.0,6.82,6.588830705505961
3.42,0.004262485326671736,-0.005499225749765491,0.2325356511150193,0.0,0.0,6.840000000000001,6.6074680121852305
3.43,0.0042821045512191,-0.005524542286954195,0.23390237262316554,0.0,0.0,6.860000000000001,6.626101314084761
3.44,0.004301721717861014,-0.0055498561905448765,0.23527309893741707,0.0,0.0,6.88,6.644730611199993
3.45,0.004321336428291562,-0.0055751669464479065,0.23664783006199797,0.0,0.0,6.9,6.663355903525827
3.46,0.004340948284576725,-0.005600474041052824,0.23802656600165534,0.0,0.0,6.92,6.681977191056635
3.47,0.0043605568891693005,-0.00562577696124762,0.23940930675361746,0.0,0.0,6.94,6.70059447379431
3.48,0.004380161844917421,-0.005651075194429874,0.24079605231075604,0.0,0.0,6.959999999999999,6.719207751745093
3.49,0.004399762755074564,-0.005676368228519742,0.24218680266151757,0.0,0.0,6.980000000000001,6.737817024919659
3.5,0.004419359223294629,-0.005701655551953784,0.24358155780236276,0.0,0.0,7.0,6.756422293320655
3.5100000000000002,0.0044389508536457215,-0.005726936653702818,0.24498031772979373,0.0,0.0,7.0200000000000005,6.775023556950693
3.52,0.004458537250617463,-0.005752211023281484,0.2463830824403598,0.0,0.0,7.040000000000001,6.793620815812333
3.5300000000000002,0.0044781180191282395,-0.005777478150757711,0.2477898519306666,0.0,0.0,7.0600000000000005,6.812214069908079
3.54,0.004497692764532321,-0.005802737526762051,0.2492006261973825,0.0,0.0,7.08,6.830803319240369
3.5500000000000003,0.004517261092626958,-0.005827988642496982,0.25061540523724685,0.0,0.0,7.1,6.849388563811569
3.56,0.004536822609659422,-0.005853230989746087,0.2520341890470762,0.0,0.0,7.12,6.86796980362397
3.5700000000000003,0.004556376922334003,-0.005878464060883265,0.2534569776237714,0.0,0.0,7.140000000000001,6.88654703867977
3.58,0.004575923637814439,-0.005903687348875975,0.25488377096655535,0.0,0.0,7.159999999999999,6.905120268978847
3.59,0.004595462363733947,-0.005928900347298333,0.2563145690743911,0.0,0.0,7.18,6.923689494521342
3.6,0.004614992708194,-0.005954102550329619,0.25774937194521874,0.0,0.0,7.2,6.942254715308412
3.61,0.004634514279791682,-0.005979293452789737,0.2591881795784656,0.0,0.0,7.220000000000001,6.960815931339727
3.62,0.0046540266876140424,-0.006004472550132029,0.2606309919744693,0.0,0.0,7.24,6.979373142614048
3.63,0.004673529541250149,-0.006029639338458905,0.2620778091323774,0.0,0.0,7.26,6.997926349131322
3.64,0.004693022450795184,-0.00605479331452728,0.2635286310514859,0.0,0.0,7.279999999999999,7.0164755508913474
3.65,0.004712505026857427,-0.006079933975757603,0.2649834577312321,0.0,0.0,7.3,7.035020747893782
3.66,0.0047319768805652055,-0.00610506082024294,0.26644228917118645,0.0,0.0,7.32,7.053561940138148
3.67,0.004751437623573922,-0.006130173346758099,0.2679051253710424,0.0,0.0,7.340000000000001,7.0720991276238445
3.68,0.004770886868073144,-0.006155271054768823,0.269371966330604,0.0,0.0,7.360000000000001,7.0906323103501565
3.69,0.004790324226793735,-0.006180353444441031,0.2708428120497734,0.0,0.0,7.38,7.109161488316275
3.7,0.004809749313015056,-0.006205420016650198,0.27231766252854006,0.0,0.0,7.4,7.127686661521301
3.71,0.004829161740572269,-0.006230470272990746,0.27379651776696756,0.0,0.0,7.42,7.146207829964257
3.72,0.004848561123863661,-0.006255503715785552,0.2752793777651809,0.0,0.0,7.44,7.164724993644111
3.73,0.004867947077858017,-0.00628051984809549,0.2767662425233538,0.0,0.0,7.459999999999999,7.183238152559775
3.74,0.004887319218102068,-0.006305518173729049,0.2782571120416971,0.0,0.0,7.480000000000001,7.201747306710129
3.75,0.00490667716072796,-0.00633049819725199,0.27975198632044723,0.0,0.0,7.5,7.220252456094018
3.7600000000000002,0.0049260205224607575,-0.0063554594239970275,0.28125086535985383,0.0,0.0,7.5200000000000005,7.238753600710288
3.77,0.00494534892062598,-0.006380401360073552,0.2827537491601694,0.0,0.0,7.540000000000001,7.257250740557767
3.7800000000000002,0.004964661973157139,-0.00640532351237738,0.2842606377216382,0.0,0.0,7.5600000000000005,7.275743875635299
3.79,0.0049839592986033006,-0.006430225388600485,0.2857715310444879,0.0,0.0,7.58,7.294233005941743
3.8000000000000003,0.005003240516138542,-0.006455106497243204,0.2872864291283167,0.0,0.0,7.6,7.312718131476587
3.81,0.005022505245568636,-0.006479966347622868,0.28880533197248937,0.0,0.0,7.62,7.331199252239555
3.8200000000000003,0.005041753107335988,-0.006504804449880155,0.290328239576923,0.0,0.0,7.640000000000001,7.349676368229813
3.83,0.0050609837225287545,-0.006529620314990844,0.2918551519415066,0.0,0.0,7.659999999999999,7.36814947944656
3.84,0.005080196712888328,-0.0065544134547754805,0.29338606906610354,0.0,0.0,7.68,7.3866185858890185
3.85,0.005099391700816764,-0.006579183381908956,0.29492099095054874,0.0,0.0,7.7,7.405083687556441
3.86,0.00511856830938418,-0.0066039296099300315,0.29645991759464585,0.0,0.0,7.720000000000001,7.42354478444811
3.87,0.0051377261623361085,-0.006628651653250858,0.29800284899816815,0.0,0.0,7.74,7.442001876563338
3.88,0.0051568648841008305,-0.006653349027166415,0.29954978516085656,0.0,0.0,7.76,7.460454963901474
3.89,0.005175984099796681,-0.006678021247863932,0.3011007260824192,0.0,0.0,7.779999999999999,7.478904046461895
3.9,0.0051950834352393034,-0.006702667832432239,0.3026556717625313,0.0,0.0,7.8,7.497349124244015
3.91,0.005214162516948884,-0.006727288298871123,0.304214622200835,0.0,0.0,7.82,7.515790197247283
3.92,0.005233220972157331,-0.006751882166100551,0.3057775773969397,0.0,0.0,7.840000000000001,7.534227265471175
3.93,0.005252258428815438,-0.006776448953969927,0.3073445373504233,0.0,0.0,7.860000000000001,7.552660328915206
3.94,0.005271274515599988,-0.006800988183267256,0.3089155020608315,0.0,0.0,7.88,7.571089387578915
3.95,0.005290268861920863,-0.006825499375728284,0.31049047152768144,0.0,0.0,7.9,7.589514441461883
3.96,0.005309241097928048,-0.006849982054045541,0.31206944575046064,0.0,0.0,7.92,7.60793549056371
3.97,0.005328190854518662,-0.006874435741877417,0.3136524247286303,0.0,0.0,7.94,7.626352534884029
3.98,0.0053471177633439265,-0.006898859963857107,0.31523940846162624,0.0,0.0,7.959999999999999,7.644765574422495
3.99,0.005366021456816068,-0.006923254245601561,0.3168303969488607,0.0,0.0,7.980000000000001,7.663174609178796
4.0,0.005384901568115251,-0.006947618113720359,0.31842539018972427,0.0,0.0,8.0,7.68157963915263
4.01,0.005403757731196413,-0.006971951095824559,0.3200243881835885,0.0,0.0,8.02,7.699980664343724
4.0200000000000005,0.005422589580796129,-0.006996252720535537,0.32162739092980985,0.0,0.0,8.040000000000001,7.718377684751821
4.03,0.005441396752439346,-0.007020522517493654,0.3232343984277275,0.0,0.0,8.06,7.736770700376677
4.04,0.005460178882446195,-0.007044760017367048,0.32484541067666883,0.0,0.0,8.08,7.755159711218065
4.05,0.005478935607938714,-0.007068964751860286,0.32646042767595135,0.0,0.0,8.1,7.773544717275768
4.0600000000000005,0.005497666566847531,-0.007093136253722997,0.3280794494248838,0.0,0.0,8.120000000000001,7.791925718549583
4.07,0.005516371397918567,-0.007117274056758481,0.3297024759227678,0.0,0.0,8.14,7.810302715039305
4.08,0.005535049740719673,-0.0071413776958322945,0.3313295071689017,0.0,0.0,8.16,7.828675706744746
4.09,0.0055537012356472615,-0.007165446706880771,0.3329605431625802,0.0,0.0,8.18,7.847044693665713
4.1,0.005572325523932883,-0.0071894806269195205,0.33459558390309563,0.0,0.0,8.2,7.865409675802024
4.11,0.00559092224764983,-0.007213478994051932,0.3362346293897397,0.0,0.0,8.22,7.883770653153497
4.12,0.005609491049719693,-0.007237441347477625,0.3378776796218049,0.0,0.0,8.24,7.902127625719947
4.13,0.005628031573918874,-0.007261367227500854,0.33952473459858407,0.0,0.0,8.26,7.920480593501195
4.14,0.005646543464885128,-0.007285256175538935,0.3411757943193703,0.0,0.0,8.28,7.938829556497061
4.15,0.005665026368124052,-0.007309107734130625,0.34283085878345787,0.0,0.0,8.3,7.957174514707368
4.16,0.005683479930015571,-0.0073329214469444685,0.34448992799014083,0.0,0.0,8.32,7.975515468131936
4.17,0.00570190379782039,-0.0073566968587871415,0.34615300193871107,0.0,0.0,8.34,7.993852416770594
4.18,0.005720297619686464,-0.0073804335156117855,0.3478200806284587,0.0,0.0,8.36,8.012185360623173
4.19,0.005738661044655423,-0.007404130964526296,0.3494911640586689,0.0,0.0,8.38,8.03051429968951
4.2,0.0057569937226761535,-0.007427788753810845,0.3511662522275618,0.0,0.0,8.4,8.048839233970511
4.21,0.005775295304595738,-0.007451406432906186,0.3528453451345846,0.0,0.0,8.42,8.067160163465854
4.22,0.005793565442173365,-0.007474983552431629,0.3545284427792765,0.0,0.0,8.44,8.085477088175129
4.23,0.005811803788087416,-0.007498519664194152,0.35621554516116355,0.0,0.0,8.46,8.10379000809794
4.24,0.005830009995941878,-0.007522014321196695,0.35790665227974866,0.0,0.0,8.48,8.122098923233919
4.25,0.005848183720272717,-0.007545467077646409,0.3596017641344972,0.0,0.0,8.5,8.140403833582731
4.26,0.005866324616554311,-0.007568877488962953,0.3613008807248236,0.0,0.0,8.52,8.158704739144106
4.2700000000000005,0.005884432341205812,-0.007592245111786724,0.3630040020500766,0.0,0.0,8.540000000000001,8.177001639917831
4.28,0.005902506551597571,-0.007615569503987132,0.36471112810952167,0.0,0.0,8.56,8.195294535903782
4.29,0.005920546906057502,-0.007638850224670835,0.3664222589023239,0.0,0.0,8.58,8.21358342710194
4.3,0.005938553063877505,-0.007662086834190035,0.36813739442753096,0.0,0.0,8.6,8.2318683135124
4.3100000000000005,0.005956524685319829,-0.0076852788941506964,0.36985653468405233,0.0,0.0,8.620000000000001,8.25014919513541
4.32,0.0059744614316234726,-0.0077084259674207985,0.3715796796706407,0.0,0.0,8.64,8.268426071971362
4.33,0.00599236296501056,-0.007731527618138576,0.37330682938587223,0.0,0.0,8.66,8.286698944020836
4.34,0.006010228948692728,-0.007754583411720731,0.37503798382812553,0.0,0.0,8.68,8.30496781128461
4.3500000000000005,0.006028059046877451,-0.007777592914870634,0.3767731429955597,0.0,0.0,8.700000000000001,8.32323267376369
4.36,0.006045852924773999,-0.007800555695585981,0.37851230688608856,0.0,0.0,8.72,8.341493531459314
4.37,0.006063610248588761,-0.00782347132315277,0.3802554754972111,0.0,0.0,8.74,8.359750384373157
4.38,0.00608133068553166,-0.007846339368153557,0.38200264882878315,0.0,0.0,8.76,8.378003232504527
4.39,0.006099013903862658,-0.007869159402527451,0.3837538268772591,0.0,0.0,8.78,8.396252075856141
4.4,0.006116659572851297,-0.007891930999517894,0.38550900964073603,0.0,0.0,8.8,8.414496914429078
4.41,0.006134267362816664,-0.007914653733724243,0.3872681971153337,0.0,0.0,8.82,8.432737748226389
4.42,0.006151836945129515,-0.007937327181104445,0.38903138929565373,0.0,0.0,8.84,8.450974577252657
4.43,0.006169367992205704,-0.007959950918966547,0.3907985861760971,0.0,0.0,8.86,8.469207401512662
4.44,0.006186860177511744,-0.007982524525975882,0.3925697877508751,0.0,0.0,8.88,8.487436221011379
4.45,0.006204313175570371,-0.008005047582162169,0.39434499401401674,0.0,0.0,8.9,8.505661035753965
4.46,0.006221726661966047,-0.008027519668926624,0.39612420495937867,0.0,0.0,8.92,8.523881845745755
4.47,0.006239100313350439,-0.008049940369049012,0.3979074205806528,0.0,0.0,8.94,8.542098650992257
4.48,0.0062564338074478625,-0.00807230926669463,0.39969464087137613,0.0,0.0,8.96,8.56031145149913
4.49,0.006273726823200354,-0.008094625947601441,0.40148586581121043,0.0,0.0,8.98,8.578520247285912
4.5,0.006290979040512066,-0.008116889998750345,0.4032810953919531,0.0,0.0,9.0,8.59672503836001
4.51,0.006308190140240066,-0.00813910100835326,0.40508032961847795,0.0,0.0,9.02,8.61492582471576
4.5200000000000005,0.006325359804339426,-0.008161258566040334,0.40688356849481866,0.0,0.0,9.040000000000001,8.633122606348344
4.53,0.006342487715869575,-0.008183362262868098,0.4086908120241108,0.0,0.0,9.06,8.651315383253833
4.54,0.006359573558982496,-0.008205411691304247,0.410502060209464,0.0,0.0,9.08,8.669504155428339
4.55,0.006376617018971804,-0.00822740644529094,0.41231731305100405,0.0,0.0,9.1,8.687688922870958
4.5600000000000005,0.006393617782257226,-0.008249346120224724,0.4141365705481589,0.0,0.0,9.120000000000001,8.705869685581488
4.57,0.006410575536569329,-0.00827123031319483,0.4159598326826699,0.0,0.0,9.14,8.724046443577418
4.58,0.006427489970127415,-0.008293058621922584,0.4177870994952942,0.0,0.0,9.16,8.74221919681722
4.59,0.00644436077271916,-0.008314830646154098,0.4196183709894014,0.0,0.0,9.18,8.760387945296763
4.6000000000000005,0.006461187634857447,-0.008336545986572526,0.42145364720174133,0.0,0.0,9.200000000000001,8.778552688978536
4.61,0.006477970248667797,-0.00835820424594277,0.4232929281252502,0.0,0.0,9.22,8.796713427868843
4.62,0.006494708307388692,-0.008379805028466818,0.42513621375586275,0.0,0.0,9.24,8.814870161971
4.63,0.006511401505348558,-0.008401347939753986,0.4269835040949696,0.0,0.0,9.26,8.833022891282868
4.64,0.006528049537995612,-0.008422832586859346,0.42883479914714595,0.0,0.0,9.28,8.851171615799126
4.65,0.006544652101936821,-0.008444258578333867,0.43069009891719867,0.0,0.0,9.3,8.869316335514226
4.66,0.006561208894933251,-0.008465625524218348,0.43254940341110765,0.0,0.0,9.32,8.887457050421451
4.67,0.006577719615939389,-0.008486933036094055,0.43441271263287745,0.0,0.0,9.34,8.905593760516062
4.68,0.0065941839653068735,-0.008508180727345408,0.4362800265681823,0.0,0.0,9.36,8.923726465811656
4.69,0.0066106016445586935,-0.008529368212868614,0.43815134520446836,0.0,0.0,9.38,8.941855166320067
4.7,0.006626972356333127,-0.008550495108999245,0.4400266685361359,0.0,0.0,9.4,8.959979862046168
4.71,0.006643295804481816,-0.008571561033638583,0.4419059965565303,0.0,0.0,9.42,8.978100552995901
4.72,0.006659571694075229,-0.008592565606260599,0.44378932925797354,0.0,0.0,9.44,8.996217239176229
4.73,0.006675799731407917,-0.008613508447918505,0.44567666663180233,0.0,0.0,9.46,9.014329920595106
4.74,0.006691979624003522,-0.008634389181251135,0.4475680086684125,0.0,0.0,9.48,9.032438597261436
4.75,0.006708111080568795,-0.008655207430423398,0.44946335536146714,0.0,0.0,9.5,9.050543269180853
4.76,0.0067241938111166485,-0.00867596282128489,0.45136270669819134,0.0,0.0,9.52,9.068643936365438
4.7700000000000005,0.006740227526848438,-0.008696654981217862,0.4532660626694745,0.0,0.0,9.540000000000001,9.086740598823614
4.78,0.006756211940206044,-0.008717283539204226,0.4551734232659654,0.0,0.0,9.56,9.104833256564037
4.79,0.006772146764891483,-0.008737848125850706,0.4570847884768827,0.0,0.0,9.58,9.122921909596814
4.8,0.006788031716000192,-0.00875834837356061,0.4590001582797661,0.0,0.0,9.6,9.141006557943722
4.8100000000000005,0.006803866509608651,-0.00877878391600171,0.46091953267394986,0.0,0.0,9.620000000000001,9.159087201604759
4.82,0.0068196508629548265,-0.008799154388338852,0.4628429116660498,0.0,0.0,9.64,9.177163840572637
4.83,0.006835384494557055,-0.008819459427387218,0.4647702952607773,0.0,0.0,9.66,9.195236474841979
4.84,0.006851067124325526,-0.008839698671756012,0.4667016834526444,0.0,0.0,9.68,9.213305104417616
4.8500000000000005,0.006866698473182021,-0.00885987176135777,0.46863707625612705,0.0,0.0,9.700000000000001,9.231369729284413
4.86,0.006882278263026508,-0.008879978337365192,0.4705764737081154,0.0,0.0,9.72,9.24943034940483
4.87,0.006897806217180925,-0.00890001804278351,0.47251987583347443,0.0,0.0,9.74,9.267486964753354
4.88,0.006913282060695232,-0.008919990522845275,0.47446728262236904,0.0,0.0,9.76,9.285539575339184
4.89,0.006928705519752034,-0.00893989542424224,0.47641869407681103,0.0,0.0,9.78,9.303588181159665
4.9,0.006944076321800851,-0.008959732395298512,0.47837411020054954,0.0,0.0,9.8,9.32163278221042
4.91,0.006959394195569607,-0.008979501085985431,0.4803335309985114,0.0,0.0,9.82,9.339673378485891
4.92,0.006974658871312036,-0.008999201148240654,0.48229695645856724,0.0,0.0,9.84,9.357709969997588
4.93,0.006989870080613633,-0.009018832235717887,0.48426438656677245,0.0,0.0,9.86,9.375742556758839
4.94,0.00700502755628809,-0.009038394003653262,0.4862358213154277,0.0,0.0,9.88,9.393771138776732
4.95,0.00702013103246057,-0.009057886108972766,0.48821126069708654,0.0,0.0,9.9,9.4117957160581
4.96,0.007035180244571632,-0.009077308210297274,0.4901907047045718,0.0,0.0,9.92,9.429816288609523
4.97,0.0070501749293810775,-0.009096659967947484,0.4921741533309875,0.0,0.0,9.94,9.447832856437298
4.98,0.0070651148249707895,-0.009115941043947553,0.4941616065698052,0.0,0.0,9.96,9.46584541954736
4.99,0.007079999670669925,-0.009135151101928536,0.4961530644205424,0.0,0.0,9.98,9.483853977939605
5.0,0.007094829207144762,-0.009154289807244247,0.49814852688245786,0.0,0.0,10.0,9.501858531614188
5.01,0.007109603176442876,-0.009173356827028202,0.5001479939516801,0.0,0.0,10.0,9.499859095468368
5.0200000000000005,0.007124321321951447,-0.009192351830139795,0.5021514656245326,0.0,0.0,10.0,9.497855654684624
5.03,0.007138983388397987,-0.009211274487165183,0.5041589418977601,0.0,0.0,10.0,9.495848209265024
5.04,0.007153589121854847,-0.009230124470423078,0.5061704227684779,0.0,0.0,10.0,9.49383675921127
5.05,0.007168138269743155,-0.00924890145396977,0.5081859082341253,0.0,0.0,10.0,9.491821304524732
5.0600000000000005,0.007182630580838484,-0.009267605113606437,0.5102053982924235,0.0,0.0,10.0,9.489801845206507
5.07,0.007197065805274893,-0.0092862351268843,0.5122288929413316,0.0,0.0,10.0,9.487778381257453
5.08,0.007211443694549289,-0.009304791173110248,0.5142563921789995,0.0,0.0,10.0,9.485750912678231
5.09,0.007225764001525855,-0.009323272933352543,0.5162878960037348,0.0,0.0,10.0,9.48371943946935
5.1000000000000005,0.007240026480440414,-0.00934168009044645,0.5183234044139634,0.0,0.0,10.0,9.481683961631202
5.11,0.007254230886904732,-0.009360012328999781,0.5203629174081977,0.0,0.0,10.0,9.479644479164088
5.12,0.007268376977910818,-0.00937826933539845,0.5224064349850082,0.0,0.0,10.0,9.477600992068256
5.13,0.007282464511835129,-0.009396450797811921,0.5244539571429988,0.0,0.0,10.0,9.47555350034392
5.14,0.007296493248464473,-0.009414556406226628,0.5265054838792497,0.0,0.0,10.0,9.47350200399282
5.15,0.007310462948965561,-0.009432585852406748,0.5285610151917738,0.0,0.0,10.0,9.47144650301576
5.16,0.007324373375897279,-0.009450538829910017,0.5306205510788871,0.0,0.0,10.0,9.469386997413247
5.17,0.0073382242932181095,-0.00946841503409738,0.5326840915389551,0.0,0.0,10.0,9.46732348718573
5.18,0.007352015466289916,-0.009486214162137857,0.5347516365703869,0.0,0.0,10.0,9.465255972333633
5.19,0.007365746661881754,-0.009503935913013496,0.5368231861716314,0.0,0.0,10.0,9.463184452857323
5.2,0.0073794176481736095,-0.009521579987524197,0.5388987403411704,0.0,0.0,10.0,9.461108928757145
5.21,0.007393028194760171,-0.009539146088292615,0.540978299077516,0.0,0.0,10.0,9.459029400033414
5.22,0.007406578072654502,-0.00955663391976893,0.5430618623792037,0.0,0.0,10.0,9.456945866686418
5.23,0.007420067054291743,-0.009574043188235652,0.545149430244789,0.0,0.0,10.0,9.454858328716433
5.24,0.007433494913532747,-0.009591373601812326,0.5472410026728376,0.0,0.0,10.0,9.452766786123723
5.25,0.0074468614256677215,-0.009608624870460287,0.5493365796619242,0.0,0.0,10.0,9.450671238908546
5.26,0.0074601663674198045,-0.00962579670598729,0.5514361612106234,0.0,0.0,10.0,9.448571687071157
5.2700000000000005,0.007473409516948612,-0.009642888822052146,0.5535397473175035,0.0,0.0,10.0,9.446468130611828
5.28,0.007486590653853762,-0.009659900934169283,0.5556473379811201,0.0,0.0,10.0,9.444360569530833
5.29,0.0074997095591783774,-0.009676832759713327,0.5577589332000101,0.0,0.0,10.0,9.442249003828481
5.3,0.007512766015412518,-0.009693684017923561,0.5598745329726841,0.0,0.0,10.0,9.440133433505098
5.3100000000000005,0.007525759806496609,-0.009710454429908413,0.5619941372976193,0.0,0.0,10.0,9.43801385856105
5.32,0.007538690717824812,-0.009727143718649816,0.5641177461732516,0.0,0.0,10.0,9.435890278996741
5.33,0.007551558536248398,-0.009743751609007607,0.5662453595979684,0.0,0.0,10.0,9.43376269481264
5.34,0.007564363050079021,-0.009760277827723835,0.5683769775701021,0.0,0.0,10.0,9.431631106009252
5.3500000000000005,0.007577104049092034,-0.00977672210342701,0.5705126000879198,0.0,0.0,10.0,9.429495512587168
5.36,0.007589781324529703,-0.009793084166636351,0.5726522271496174,0.0,0.0,10.0,9.427355914547043
5.37,0.007602394669104422,-0.009809363749765964,0.5747958587533109,0.0,0.0,10.0,9.425212311889618
5.38,0.007614943877001904,-0.009825560587128966,0.5769434948970279,0.0,0.0,10.0,9.423064704615719
5.39,0.007627428743898608,-0.009841674414960018,0.5790951355777803,0.0,0.0,10.0,9.420913092727199
5.4,0.007639849066941964,-0.009857704971389861,0.581250780793026,0.0,0.0,10.0,9.418757476225464
5.41,0.007652204644747344,-0.009873651996441423,0.583410430541048,0.0,0.0,10.0,9.41659785511109
5.42,0.007664495277415137,-0.009889515232051872,0.585574084820043,0.0,0.0,10.0,9.414434229384756
5.43,0.0076767207665344,-0.009905294422077349,0.5877417436280773,0.0,0.0,10.0,9.412266599047262
5.44,0.007688880915185971,-0.00992098931229698,0.5899134069630282,0.0,0.0,10.0,9.41009496409961
5.45,0.007700975527947621,-0.009936599650419558,0.5920890748225202,0.0,0.0,10.0,9.407919324543046
5.46,0.007713004410897697,-0.009952125186088187,0.5942687472038468,0.0,0.0,10.0,9.40573968037916
5.47,0.0077249673716192945,-0.00996756567088573,0.5964524241038806,0.0,0.0,10.0,9.403556031609961
5.48,0.007736864219204748,-0.009982920858340563,0.598640105518969,0.0,0.0,10.0,9.401368378237988
5.49,0.007748694764260262,-0.009998190503932592,0.6008317914448196,0.0,0.0,10.0,9.399176720266423
5.5,0.007760458818910851,-0.010013374365099565,0.6030274818763713,0.0,0.0,10.0,9.396981057699222
5.51,0.007772156196756831,-0.010028472201180999,0.6052271768105574,0.0,0.0,10.0,9.394781390538345
5.5200000000000005,0.007783786712886394,-0.010043483773434371,0.6074308762456762,0.0,0.0,10.0,9.39257771878439
5.53,0.00779535018396507,-0.010058408845150555,0.609638580176202,0.0,0.0,10.0,9.390370042441788
5.54,0.0078068464282535915,-0.010073247181676837,0.6118502885919219,0.0,0.0,10.0,9.388158361519661
5.55,0.00781827526554557,-0.010087998550336532,0.6140660014818337,0.0,0.0,10.0,9.385942676027916
5.5600000000000005,0.00782963651717018,-0.010102662720432408,0.6162857188341281,0.0,0.0,10.0,9.38372298597728
5.57,0.007840930006031014,-0.010117239463296806,0.6185094406340526,0.0,0.0,10.0,9.38149929138142
5.58,0.007852155556737489,-0.01013172855246118,0.6207371668563508,0.0,0.0,10.0,9.379271592264518
5.59,0.007863312994865094,-0.010146129762701564,0.6229688975089324,0.0,0.0,10.0,9.377039888617583
5.6000000000000005,0.00787440214755794,-0.010160442870816017,0.6252046325973245,0.0,0.0,10.0,9.37480418043402
5.61,0.007885422843749384,-0.010174667655909127,0.6274443721119546,0.0,0.0,10.0,9.372564467722333
5.62,0.007896374913033428,-0.010188803897935939,0.6296881160941795,0.0,0.0,10.0,9.370320750440097
5.63,0.007907258186258837,-0.010202851378468337,0.631935864601292,0.0,0.0,10.0,9.368073028528963
5.64,0.007918072496861958,-0.010216809882414725,0.6341876176292294,0.0,0.0,10.0,9.365821301991934
5.65,0.007928817679560855,-0.010230679196335166,0.6364433751889428,0.0,0.0,10.0,9.36356557081701
5.66,0.007939493570664277,-0.010244459108840018,0.6387031372885322,0.0,0.0,10.0,9.361305834995038
5.67,0.007950100008771053,-0.010258149411492397,0.6409669038931742,0.0,0.0,10.0,9.359042094559808
5.68,0.007960636833795349,-0.010271749897550518,0.64323467498172,0.0,0.0,10.0,9.356774349531424
5.69,0.00797110388715356,-0.010285260362208976,0.6455064505359364,0.0,0.0,10.0,9.354502599927088
5.7,0.007981501011845873,-0.010298680602703919,0.6477822305359355,0.0,0.0,10.0,9.352226845765664
5.71,0.007991828052412525,-0.01031201041825672,0.650062014962793,0.0,0.0,10.0,9.349947087065043
5.72,0.008002084854948301,-0.010325249610092747,0.6523458037978103,0.0,0.0,10.0,9.347663323842912
5.73,0.008012271267053062,-0.010338397981377562,0.6546335970254143,0.0,0.0,10.0,9.345375556113826
5.74,0.00802238713795018,-0.010351455337369786,0.6569253946265033,0.0,0.0,10.0,9.343083783895878
5.75,0.008032432318657476,-0.010364421485641689,0.6592211965688017,0.0,0.0,10.0,9.340788007220336
5.76,0.008042406660911147,-0.010377296234690815,0.6615210028679214,0.0,0.0,10.0,9.338488226070588
5.7700000000000005,0.008052310018034995,-0.01039007939506161,0.6638248135380662,0.0,0.0,10.0,9.336184440431433
5.78,0.008062142245065374,-0.010402770779506555,0.6661326285850643,0.0,0.0,10.0,9.33387665029605
5.79,0.008071903198699248,-0.010415370202919244,0.6684444480094641,0.0,0.0,10.0,9.331564855662908
5.8,0.008081592735998818,-0.01042787748066307,0.6707602718809033,0.0,0.0,10.0,9.329249056461382
5.8100000000000005,0.008091210715977893,-0.01044029243061807,0.673080100245643,0.0,0.0,10.0,9.326929252644232
5.82,0.008100757000209556,-0.010452614873965007,0.6754039330941142,0.0,0.0,10.0,9.324605444220062
5.83,0.008110231451338037,-0.010464844633265408,0.6777317704442959,0.0,0.0,10.0,9.322277631169918
5.84,0.008119633933640125,-0.010476981533186009,0.6800636123110305,0.0,0.0,10.0,9.319945813478004
5.8500000000000005,0.008128964313916845,-0.010489025401649386,0.6823994586567855,0.0,0.0,10.0,9.317609991180897
5.86,0.008138222460474048,-0.01050097606851869,0.6847393094484896,0.0,0.0,10.0,9.315270164310716
5.87,0.008147408243078863,-0.010512833365541622,0.6870831646600077,0.0,0.0,10.0,9.312926332892658
5.88,0.008156521533035097,-0.01052459712644783,0.6894310242680112,0.0,0.0,10.0,9.310578496949114
5.89,0.008165562203068143,-0.01053626718680064,0.6917828882583646,0.0,0.0,10.0,9.308226656493282
5.9,0.008174530127357717,-0.010547843384039406,0.694138756623891,0.0,0.0,10.0,9.305870811531417
5.91,0.008183425181686065,-0.010559325557671037,0.6964986293568688,0.0,0.0,10.0,9.303510962070318
5.92,0.008192247243344958,-0.010570713549150209,0.698862506454345,0.0,0.0,10.0,9.30114710811202
5.93,0.008200996191123727,-0.010582007201864176,0.7012303879184608,0.0,0.0,10.0,9.298779249653473
5.94,0.008209671905417918,-0.010593206361273226,0.7036022737504534,0.0,0.0,10.0,9.296407386692536
5.95,0.008218274268233138,-0.010604310874915854,0.705978163950571,0.0,0.0,10.0,9.294031519228064
5.96,0.008226803163135381,-0.010615320592344976,0.7083580585208081,0.0,0.0,10.0,9.291651647257163
5.97,0.008235258475368872,-0.010626235365280194,0.7107419574584628,0.0,0.0,10.0,9.289267770781656
5.98,0.008243640091720418,-0.010637055047433017,0.7131298607636553,0.0,0.0,10.0,9.286879889800543
5.99,0.008251947900565645,-0.01064777949456681,0.7155217684367676,0.0,0.0,10.0,9.284488004312562
6.0,0.00826018179186898,-0.010658408564497021,0.7179176804784662,0.0,0.0,10.0,9.28209211431618
6.01,0.008268341657183577,-0.01066894211709139,0.720317596889714,0.0,0.0,10.0,9.279692219809574
6.0200000000000005,0.008276427389651246,-0.010679380014270148,0.7227215176717946,0.0,0.0,10.0,9.277288320790603
6.03,0.008284438884041274,-0.010689722120056382,0.7251294428241418,0.0,0.0,10.0,9.274880417258986
6.04,0.008292376036707582,-0.010699968300521084,0.7275413723467873,0.0,0.0,10.0,9.272468509213848
6.05,0.008300238745584727,-0.010710118423778251,0.7299573062406012,0.0,0.0,10.0,9.270052596653478
6.0600000000000005,0.008308026910220678,-0.01072017236002749,0.7323772445054759,0.0,0.0,10.0,9.26763267957716
6.07,0.008315740431779139,-0.010730129981557325,0.7348011871402398,0.0,0.0,10.0,9.265208757985231
6.08,0.008323379212993065,-0.01073999116268549,0.7372291341452872,0.0,0.0,10.0,9.26278083187649
6.09,0.008330943158166402,-0.01074975577976154,0.7396610855224925,0.0,0.0,10.0,9.260348901248252
6.1000000000000005,0.008338432173202796,-0.010759423711204164,0.742097041273639,0.0,0.0,10.0,9.257912966097923
6.11,0.008345846165628314,-0.010768994837530833,0.7445370013992145,0.0,0.0,10.0,9.255473026424218
6.12,0.008353185044543623,-0.01077846904129643,0.7469809659010165,0.0,0.0,10.0,9.253029082224552
6.13,0.008360448720650546,-0.010787846207127857,0.7494289347807389,0.0,0.0,10.0,9.250581133496448
6.140000000000001,0.008367637106294557,-0.01079712622177924,0.7518809080377074,0.0,0.0,10.0,9.248129180239799
6.15,0.008374750115323305,-0.010806308973949666,0.7543368856760542,0.0,0.0,10.0,9.245673222449705
6.16,0.008381787663140542,-0.010815394354353188,0.7567968677022053,0.0,0.0,10.0,9.243213260118974
6.17,0.008388749666937128,-0.01082438225601723,0.7592608541132404,0.0,0.0,10.0,9.240749293249772
6.18,0.008395636045680452,-0.010833272574269328,0.7617288448970042,0.0,0.0,10.0,9.238281321853504
6.19,0.008402446720237362,-0.01084206520689622,0.7642008400258065,0.0,0.0,10.0,9.235809345957119
6.2,0.008409181613551496,-0.010850760054373227,0.7666768394470966,0.0,0.0,10.0,9.233333365612433
6.21,0.008415840649595286,-0.010859357018512476,0.7691568431388248,0.0,0.0,10.0,9.23085338084077
6.22,0.008422423753059478,-0.010867856002062744,0.7716408511256309,0.0,0.0,10.0,9.228369391616768
6.23,0.008428930849681621,-0.010876256909134,0.774128863462305,0.0,0.0,10.0,9.225881397884917
6.24,0.008435361867905167,-0.010884559647338672,0.7766208801442835,0.0,0.0,10.0,9.223389399649077
6.25,0.008441716737925254,-0.010892764126561025,0.7791169011586316,0.0,0.0,10.0,9.220893396921483
6.26,0.00844799539161017,-0.010900870258855977,0.7816169264888659,0.0,0.0,10.0,9.218393389717924
6.2700000000000005,0.008454197762431542,-0.010908877958359159,0.7841209561185073,0.0,0.0,10.0,9.215889378054198
6.28,0.008460323785761325,-0.010916787141669868,0.7866289900154069,0.0,0.0,10.0,9.213381361961773
6.29,0.00846637339775742,-0.010924597726412816,0.7891410281901968,0.0,0.0,10.0,9.21086934142935
6.3,0.008472346536221646,-0.010932309632344466,0.7916570706511884,0.0,0.0,10.0,9.208353316447951
6.3100000000000005,0.008478243140758686,-0.010939922781557304,0.7941771173961388,0.0,0.0,10.0,9.205833287019166
6.32,0.008484063151894724,-0.010947437097341337,0.796701168458736,0.0,0.0,10.0,9.203309253108655
6.33,0.008489806512442665,-0.010954852505944435,0.7992292238365093,0.0,0.0,10.0,9.200781214718248
6.34,0.008495473166808792,-0.010962168935676097,0.8017612835273289,0.0,0.0,10.0,9.19824917184944
6.3500000000000005,0.008501063061004028,-0.010969386316920465,0.8042973475289671,0.0,0.0,10.0,9.195713124503836
6.36,0.008506576142644759,-0.010976504582135584,0.8068374158391252,0.0,0.0,10.0,9.193173072683118
6.37,0.008512012360953716,-0.010983523665852925,0.8093814884554413,0.0,0.0,10.0,9.190629016389034
6.38,0.008517371666728864,-0.010990443504635667,0.8119295653771699,0.0,0.0,10.0,9.188080955621729
6.390000000000001,0.00852265401241456,-0.010997264037168964,0.814481646601531,0.0,0.0,10.0,9.185528890383386
6.4,0.008527859352063686,-0.011003985204209704,0.8170377321257247,0.0,0.0,10.0,9.18297282067622
6.41,0.008532987641338268,-0.011010606948586044,0.8195978219469408,0.0,0.0,10.0,9.180412746502459
6.42,0.008538038837509927,-0.01101712921519691,0.8221619160623551,0.0,0.0,10.0,9.177848667864358
6.43,0.008543012899460276,-0.011023551951011528,0.8247300144691396,0.0,0.0,10.0,9.17528058476418
6.44,0.008547909787681069,-0.011029875105068834,0.8273021171644547,0.0,0.0,10.0,9.172708497204207
6.45,0.008552729464274272,-0.011036098628476848,0.8298782241454563,0.0,0.0,10.0,9.170132405186738
6.46,0.0085574718929519,-0.01104222247441204,0.8324583354092951,0.0,0.0,10.0,9.16755230871408
6.47,0.008562137039035758,-0.011048246598118596,0.8350424509531159,0.0,0.0,10.0,9.16496820778856
6.48,0.008566724869457018,-0.011054170956907654,0.8376305707740629,0.0,0.0,10.0,9.162380102412502
6.49,0.008571235352755634,-0.011059995510156507,0.8402226948692768,0.0,0.0,10.0,9.159787992588257
6.5,0.008575668459079689,-0.011065720219307759,0.8428188232358963,0.0,0.0,10.0,9.157191878318173
6.51,0.008580024160184583,-0.011071345047868442,0.8454189558710611,0.0,0.0,10.0,9.154591759604612
6.5200000000000005,0.008584302429432106,-0.011076869961409105,0.8480230927719119,0.0,0.0,10.0,9.151987636449938
6.53,0.008588503241789431,-0.011082294927562849,0.8506312339355895,0.0,0.0,10.0,9.149379508856532
6.54,0.008592626573828014,-0.01108761991602436,0.8532433793592399,0.0,0.0,10.0,9.146767376826768
6.55,0.008596672403722411,-0.011092844898548865,0.8558595290400128,0.0,0.0,10.0,9.144151240363028
6.5600000000000005,0.00860064071124901,-0.011097969848951079,0.8584796829750625,0.0,0.0,10.0,9.1415310994677
6.57,0.008604531477784725,-0.011102994743104127,0.8611038411615495,0.0,0.0,10.0,9.13890695414317
6.58,0.008608344686305587,-0.011107919558938398,0.8637320035966407,0.0,0.0,10.0,9.136278804391832
6.59,0.008612080321413121,-0.011112744276476239,0.8663641702760793,0.0,0.0,10.0,9.133646650217504
6.6000000000000005,0.00861573836932308,-0.011117468877818127,0.8690003411946879,0.0,0.0,10.0,9.131010491624934
6.61,0.008619318817786041,-0.011122093347040908,0.8716405163503929,0.0,0.0,10.0,9.128370328615784
6.62,0.008622821656147462,-0.011126617670275982,0.874284695741046,0.0,0.0,10.0,9.125726161191785
6.63,0.008626246875346027,-0.011131041835707886,0.8769328793644259,0.0,0.0,10.0,9.123077989354764
6.640000000000001,0.008629594467912019,-0.011135365833572846,0.8795850672182469,0.0,0.0,10.0,9.120425813106607
6.65,0.008632864427965653,-0.011139589656157295,0.8822412593001625,0.0,0.0,10.0,9.117769632449278
6.66,0.008636056751215416,-0.011143713297796327,0.8849014556077694,0.0,0.0,10.0,9.1151094473848
6.67,0.008639171434956381,-0.011147736754872116,0.8875656561386156,0.0,0.0,10.0,9.11244525791526
6.68,0.008642208478068509,-0.011151660025812317,0.8902338608902038,0.0,0.0,10.0,9.109777064042792
6.69,0.008645167881014984,-0.011155483111088332,0.8929060698599971,0.0,0.0,10.0,9.107104865769584
6.7,0.008648049645840483,-0.011159206013213624,0.8955822830454262,0.0,0.0,10.0,9.104428663097858
6.71,0.008650853776169504,-0.011162828736741934,0.8982625004438948,0.0,0.0,10.0,9.10174845602988
6.72,0.008653580277204642,-0.011166351288265415,0.9009467220527867,0.0,0.0,10.0,9.099064244567934
6.73,0.008656229155724879,-0.011169773676412743,0.9036349478694748,0.0,0.0,10.0,9.096376028714333
6.74,0.008658800420083832,-0.011173095911847132,0.9063271778913286,0.0,0.0,10.0,9.093683808471397
6.75,0.008661294080207991,-0.011176318007264279,0.9090234121157237,0.0,0.0,10.0,9.090987583841448
6.76,0.008663710147594936,-0.011179439977390218,0.9117236505400564,0.0,0.0,10.0,9.088287354826798
6.7700000000000005,0.008666048635311492,-0.011182461838979066,0.9144278931617564,0.0,0.0,10.0,9.085583121429734
6.78,0.008668309557991796,-0.011185383610810621,0.9171361399783045,0.0,0.0,10.0,9.082874883652496
6.79,0.00867049293183532,-0.011188205313687857,0.9198483909872571,0.0,0.0,10.0,9.080162641497262
6.8,0.008672598774604749,-0.011190926970434127,0.9225646461862734,0.0,0.0,10.0,9.077446394966113
6.8100000000000005,0.008674627105623651,-0.011193548605890204,0.9252849055731529,0.0,0.0,10.0,9.074726144061001
6.82,0.008676577945773973,-0.011196070246910925,0.9280091691458847,0.0,0.0,10.0,9.072001888783698
6.83,0.008678451317493164,-0.011198491922361395,0.9307374369027162,0.0,0.0,10.0,9.069273629135717
6.84,0.008680247244770845,-0.01120081366311258,0.9334697088422406,0.0,0.0,10.0,9.066541365118242
6.8500000000000005,0.008681965753144841,-0.011203035502035993,0.9362059849635191,0.0,0.0,10.0,9.063805096731997
6.86,0.008683606869709235,-0.01120515747401398,0.9389462652655816,0.0,0.0,10.0,9.061064823977745
6.87,0.008685170623269789,-0.011207179616140076,0.9416905497392923,0.0,0.0,10.0,9.058320546864422
6.88,0.008686657044069184,-0.01120910196736422,0.9444388383814819,0.0,0.0,10.0,9.055572265395005
6.890000000000001,0.0086880661639076,-0.011210924568648188,0.9471911311886206,0.0,0.0,10.0,9.052819979572845
6.9,0.008689398016144052,-0.011212647462967119,0.9499474281566553,0.0,0.0,10.0,9.050063689401824
6.91,0.008690652635699153,-0.011214270695312811,0.952707729280778,0.0,0.0,10.0,9.04730339488658
6.92,0.008691830059059904,-0.011215794312699756,0.9554720345550789,0.0,0.0,10.0,9.044539096032869
6.93,0.008692930324287796,-0.011217218364175306,0.9582403439720296,0.0,0.0,10.0,9.041770792848075
6.94,0.008693953471032056,-0.01121854290083661,0.9610126575216924,0.0,0.0,10.0,9.038998485341992
6.95,0.00869489954041581,-0.011219767975683501,0.9637889751975303,0.0,0.0,10.0,9.03622217352103
6.96,0.008695768575119596,-0.011220893643726053,0.966569296991969,0.0,0.0,10.0,9.033441857392644
6.97,0.00869656061939411,-0.011221919962000866,0.969353622895625,0.0,0.0,10.0,9.0306575369661
6.98,0.008697275718977871,-0.011222846989464595,0.9721419529014732,0.0,0.0,10.0,9.02786921224832
6.99,0.00869791392096413,-0.011223674786822067,0.9749342870116705,0.0,0.0,10.0,9.025076883237054
7.0,0.008698475274095393,-0.011224403416906205,0.9777306252222039,0.0,0.0,10.0,9.022280549936223
7.01,0.00869895982224079,-0.01122503293626102,0.9805309678580412,0.0,0.0,10.0,9.019480212020769
7.0200000000000005,0.00869936762805575,-0.011225563425671999,0.9833353143544133,0.0,0.0,10.0,9.016675870055415
7.03,0.008699698737545267,-0.011225994944437767,0.9861436650914018,0.0,0.0,10.0,9.01386752366
7.04,0.008699953205672208,-0.01122632756341523,0.988956020056824,0.0,0.0,10.0,9.011055172846657
7.05,0.008700131095289663,-0.011226561363641398,0.9917723789138516,0.0,0.0,10.0,9.008238817952181
7.0600000000000005,0.008700232468654699,-0.01122669642538271,0.9945927414411261,0.0,0.0,10.0,9.005418459197912
7.07,0.008700257377784258,-0.011226732815690506,0.9974171080072333,0.0,0.0,10.0,9.002594096215212
7.08,0.008700205882534876,-0.011226670611730095,1.0002454786683046,0.0,0.0,10.0,8.999765728947933
7.09,0.008700078045326293,-0.011226509893972033,1.0030778534248028,0.0,0.0,10.0,8.9969333573956
7.1000000000000005,0.008699873927683548,-0.011226250741729851,1.0059142324050756,0.0,0.0,10.0,8.994096981429857
7.11,0.008699593595849157,-0.011225893240402319,1.0087546155655869,0.0,0.0,10.0,8.991256601094248
7.12,0.008699237118384587,-0.011225437478378302,1.011599002819639,0.0,0.0,10.0,8.988412216475494
7.13,0.008698804562869679,-0.011224883542777378,1.0144473942182828,0.0,0.0,10.0,8.985563827522565
7.140000000000001,0.008698295999486225,-0.011224231524074467,1.0172997897519362,0.0,0.0,10.0,8.982711434245074
7.15,0.008697711499919705,-0.011223481514682505,1.0201561894112652,0.0,0.0,10.0,8.979855036652399
7.16,0.00869705113722662,-0.011222633608781353,1.0230165931936288,0.0,0.0,10.0,8.976994634747227
7.17,0.008696314985915042,-0.011221687902421824,1.0258810010986628,0.0,0.0,10.0,8.974130228529987
7.18,0.008695503121959927,-0.011220644493545564,1.0287494131273078,0.0,0.0,10.0,8.971261817999798
7.19,0.008694615622810337,-0.0112195034819945,1.0316218292812707,0.0,0.0,10.0,8.96838940315503
7.2,0.008693652567392044,-0.011218264969514391,1.0344982495627257,0.0,0.0,10.0,8.965512983993595
7.21,0.008692614036107727,-0.011216929059755219,1.0373786739741424,0.0,0.0,10.0,8.96263256051311
7.22,0.008691500110835738,-0.01121549585826978,1.0402631025181788,0.0,0.0,10.0,8.959748132711026
7.23,0.008690310874928057,-0.011213965472511238,1.0431515351976184,0.0,0.0,10.0,8.95685970058466
7.24,0.008689046413207804,-0.011212338011830067,1.0460439720153285,0.0,0.0,10.0,8.953967264131263
7.25,0.008687706811966373,-0.011210613587470577,1.0489404129742377,0.0,0.0,10.0,8.951070823348035
7.26,0.00868629215896044,-0.011208792312567203,1.0518408580773073,0.0,0.0,10.0,8.948170378232145
7.2700000000000005,0.008684802543408825,-0.0112068743021406,1.054745307327524,0.0,0.0,10.0,8.945265928780755
7.28,0.00868323805598916,-0.011204859673093608,1.0576537607278889,0.0,0.0,10.0,8.942357474991006
7.29,0.008681598788834679,-0.011202748544207136,1.0605662182814122,0.0,0.0,10.0,8.939445016860049
7.3,0.008679884835530779,-0.011200541036135986,1.063482679991104,0.0,0.0,10.0,8.936528554385044
7.3100000000000005,0.008678096291111655,-0.011198237271404591,1.0664031458599694,0.0,0.0,10.0,8.93360808756316
7.32,0.00867623325205686,-0.011195837374402728,1.069327615891011,0.0,0.0,10.0,8.930683616391574
7.33,0.008674295816287857,-0.011193341471381192,1.0722560900872184,0.0,0.0,10.0,8.927755140867493
7.34,0.008672284083164582,-0.011190749690447437,1.075188568451571,0.0,0.0,10.0,8.924822660988138
7.3500000000000005,0.008670198153481948,-0.011188062161561199,1.0781250509870333,0.0,0.0,10.0,8.921886176750748
7.36,0.008668038129466399,-0.011185279016530107,1.0810655376965537,0.0,0.0,10.0,8.918945688152595
7.37,0.008665804114772385,-0.01118240038900525,1.0840100285830652,0.0,0.0,10.0,8.916001195190969
7.38,0.008663496214478945,-0.01117942641447674,1.086958523649481,0.0,0.0,10.0,8.913052697863188
7.390000000000001,0.008661114535086138,-0.01117635723026928,1.0899110228986943,0.0,0.0,10.0,8.910100196166603
7.4,0.00865865918451161,-0.011173192975537692,1.0928675263335783,0.0,0.0,10.0,8.907143690098586
7.41,0.00865613027208709,-0.011169933791262441,1.095828033956983,0.0,0.0,10.0,8.904183179656545
7.42,0.008653527908554873,-0.011166579820245146,1.0987925457717387,0.0,0.0,10.0,8.901218664837916
7.43,0.008650852206064359,-0.011163131207104075,1.101761061780648,0.0,0.0,10.0,8.89825014564017
7.44,0.008648103278168513,-0.011159588098269658,1.1047335819864932,0.0,0.0,10.0,8.895277622060801
7.45,0.008645281239820377,-0.011155950641979925,1.1077101063920287,0.0,0.0,10.0,8.892301094097348
7.46,0.008642386207342234,-0.01115221898824073,1.1106906350014252,0.0,0.0,10.0,8.889320561745935
7.47,0.008639418298057642,-0.011148393288350872,1.113675167840456,0.0,0.0,10.0,8.886336024981095
7.48,0.008636377631258178,-0.011144473696149635,1.1166637049031294,0.0,0.0,10.0,8.883347483809128
7.49,0.00863326432743763,-0.011140460367028508,1.1196562461936803,0.0,0.0,10.0,8.880354938226121
7.5,0.008630078508422121,-0.011136353458099026,1.1226527917189992,0.0,0.0,10.0,8.877358388225515
7.51,0.008626820297400186,-0.011132153128231508,1.1256533414868273,0.0,0.0,10.0,8.874357833799898
7.5200000000000005,0.00862348981890937,-0.011127859538037669,1.128657895506364,0.0,0.0,10.0,8.87135327494042
7.53,0.008620087199194371,-0.011123472850332732,1.131666453768176,0.0,0.0,10.0,8.868344711656865
7.54,0.008616612565813564,-0.0111189932296275,1.1346790162657456,0.0,0.0,10.0,8.86533214395611
7.55,0.00861306604758379,-0.011114420842057021,1.1376955829983497,0.0,0.0,10.0,8.862315571839245
7.5600000000000005,0.008609447774710276,-0.011109755855548069,1.1407161539636685,0.0,0.0,10.0,8.859294995308964
7.57,0.008605757878757109,-0.01110499843978086,1.1437407291592179,0.0,0.0,10.0,8.856270414368135
7.58,0.008601996492643715,-0.011100148766184422,1.14676930858233,0.0,0.0,10.0,8.853241829019813
7.59,0.008598163750610068,-0.011095207007891404,1.1498018922319155,0.0,0.0,10.0,8.850209239265489
7.6000000000000005,0.008594259788167306,-0.0110901733396742,1.1528384801110494,0.0,0.0,10.0,8.84717264510249
7.61,0.008590284742213785,-0.011085047938094464,1.1558790722202492,0.0,0.0,10.0,8.84413204653071
7.62,0.008586238750976811,-0.011079830981427709,1.158923668560541,0.0,0.0,10.0,8.841087443549547
7.63,0.008582121954008285,-0.011074522649657451,1.1619722691334993,0.0,0.0,10.0,8.83803883615785
7.640000000000001,0.008577934492180337,-0.011069123124469324,1.1650248739412905,0.0,0.0,10.0,8.83498622435389
7.65,0.00857367650768084,-0.01106363258924504,1.168081482986718,0.0,0.0,10.0,8.831929608135304
7.66,0.008569348144015476,-0.011058051229064765,1.1711420962729213,0.0,0.0,10.0,8.828868987499401
7.67,0.008564949545946646,-0.011052379230628075,1.1742067138066186,0.0,0.0,10.0,8.825804362439921
7.68,0.008560480858602507,-0.011046616781103849,1.1772753356488599,0.0,0.0,10.0,8.822735732896275
7.69,0.008555942229266252,-0.011040764070439092,1.1803479618129293,0.0,0.0,10.0,8.81966309885565
7.7,0.008551333806995408,-0.011034821290867386,1.183424592285364,0.0,0.0,10.0,8.816586460331985
7.71,0.008546655742595539,-0.011028788636874808,1.1865052270269694,0.0,0.0,10.0,8.813505817364966
7.72,0.008541908187941366,-0.011022666304323595,1.189589866011495,0.0,0.0,10.0,8.810421169981336
7.73,0.008537091295822547,-0.011016454490253095,1.1926785092344878,0.0,0.0,10.0,8.807332518186048
7.74,0.008532205220292676,-0.011010153393330122,1.195771156693023,0.0,0.0,10.0,8.80423986198253
7.75,0.008527250116568718,-0.011003763213719214,1.198867808391338,0.0,0.0,10.0,8.801143201367065
7.76,0.008522226141032855,-0.010997284153085122,1.201968464340562,0.0,0.0,10.0,8.798042536329039
7.7700000000000005,0.008517133451422977,-0.010990716414838802,1.205073124547595,0.0,0.0,10.0,8.794937866862082
7.78,0.008511972206797143,-0.0109840602040917,1.208181789016667,0.0,0.0,10.0,8.791829192962497
7.79,0.008506742567454274,-0.010977315727553724,1.2112944577537075,0.0,0.0,10.0,8.788716514624896
7.8,0.008501444694958466,-0.010970483193564874,1.2144111307647143,0.0,0.0,10.0,8.785599831843829
7.8100000000000005,0.008496078752134607,-0.010963562812089916,1.217531808055751,0.0,0.0,10.0,8.78247914461379
7.82,0.00849064490309426,-0.010956554794752191,1.2206564896312806,0.0,0.0,10.0,8.779354452930875
7.83,0.008485143313167081,-0.010949459354745401,1.2237851754976838,0.0,0.0,10.0,8.776225756789271
7.84,0.008479574148950411,-0.010942276706898126,1.2269178656602795,0.0,0.0,10.0,8.773093056184235
7.8500000000000005,0.008473937578340201,-0.010935007067714133,1.2300545601212551,0.0,0.0,10.0,8.769956351114162
7.86,0.008468233770406319,-0.010927650655211861,1.2331952588866277,0.0,0.0,10.0,8.766815641573624
7.87,0.008462462895437332,-0.010920207688982761,1.2363399619632975,0.0,0.0,10.0,8.763670927556312
7.88,0.008456625124967568,-0.010912678390226586,1.2394886693572402,0.0,0.0,10.0,8.760522209056852
7.890000000000001,0.008450720631773065,-0.01090506298174668,1.2426413810734624,0.0,0.0,10.0,8.757369486070846
7.9,0.008444749589867517,-0.010897361687945192,1.2457980971159415,0.0,0.0,10.0,8.754212758594932
7.91,0.008438712174515448,-0.01088957473484049,1.2489588174865653,0.0,0.0,10.0,8.751052026627839
7.92,0.008432608562211,-0.010881702350040264,1.252123542186161,0.0,0.0,10.0,8.747887290169368
7.930000000000001,0.008426438930569843,-0.010873744762602448,1.2552922712205008,0.0,0.0,10.0,8.744718549214383
7.94,0.008420203458432658,-0.01086570220316914,1.2584650045939443,0.0,0.0,10.0,8.741545803759161
7.95,0.008413902326018963,-0.010857574904165583,1.2616417422997046,0.0,0.0,10.0,8.738369053811134
7.96,0.008407535714793588,-0.010849363099628173,1.2648224843276004,0.0,0.0,10.0,8.735188299381136
7.97,0.008401103807399224,-0.010841067025117838,1.2680072306678756,0.0,0.0,10.0,8.732003540479582
7.98,0.008394606787821574,-0.010832686917933444,1.2711959813007105,0.0,0.0,10.0,8.728814777126951
7.99,0.008388044841482372,-0.010824223017232203,1.274388736190038,0.0,0.0,10.0,8.725622009359991
8.0,0.008381418154474848,-0.010815675563043256,1.277585495332083,0.0,0.0,10.0,8.722425237183144
8.01,0.008374726914318386,-0.010807044797241906,1.2807862587055496,0.0,0.0,10.0,8.719224460618392
8.02,0.008367971309073474,-0.01079833096240766,1.2839910263274363,0.0,0.0,10.0,8.716019679649424
8.03,0.008361151527848793,-0.010789534302478825,1.287199798221716,0.0,0.0,10.0,8.712810894252959
8.040000000000001,0.00835426776071293,-0.010780655062638814,1.2904125744244626,0.0,0.0,10.0,8.709598104393619
8.05,0.008347320198364825,-0.010771693488890942,1.293629355003308,0.0,0.0,10.0,8.706381310004476
8.06,0.008340309033526375,-0.010762649829855822,1.2968501399724848,0.0,0.0,10.0,8.703160511072003
8.07,0.008333234459898045,-0.01075352433542356,1.3000749293568694,0.0,0.0,10.0,8.699935707572044
8.08,0.008326096672180995,-0.010744317256782265,1.30330372319031,0.0,0.0,10.0,8.696706899471467
8.09,0.008318895867275872,-0.010735028847965272,1.3065365214392568,0.0,0.0,10.0,8.693474086804553
8.1,0.008311632243095144,-0.010725659364318203,1.3097733240770864,0.0,0.0,10.0,8.690237269598658
8.11,0.008304305998365326,-0.01071620906224367,1.3130141310963126,0.0,0.0,10.0,8.686996447862008
8.120000000000001,0.008296917333123335,-0.01070667819984174,1.3162589424766111,0.0,0.0,10.0,8.683751621615666
8.13,0.008289466448540927,-0.01069706703668327,1.3195077581958257,0.0,0.0,10.0,8.680502790882544
8.14,0.008281953547382826,-0.01068737583440114,1.3227605781998686,0.0,0.0,10.0,8.677249955717484
8.15,0.008274378833804195,-0.010677604856428727,1.3260174024150582,0.0,0.0,10.0,8.673993116194927
8.16,0.008266742511432452,-0.010667754365524295,1.3292782308724396,0.0,0.0,10.0,8.670732272284592
8.17,0.008259044782646953,-0.01065782462284126,1.3325430637562952,0.0,0.0,10.0,8.66746742380296
8.18,0.00825128585287793,-0.010647815893476414,1.3358119011243692,0.0,0.0,10.0,8.664198570693058
8.19,0.008243465930137363,-0.01063772844586441,1.3390847429363033,0.0,0.0,10.0,8.660925712996026
8.2,0.008235585223965978,-0.010627562550418631,1.3423615891211347,0.0,0.0,10.0,8.657648850783618
8.21,0.008227643944708575,-0.010617318478595763,1.3456424396244484,0.0,0.0,10.0,8.654367984111031
8.22,0.008219642303574092,-0.010606996502973105,1.3489272944043134,0.0,0.0,10.0,8.651083113020999
8.23,0.008211580512933369,-0.010596596897632782,1.3522161534112889,0.0,0.0,10.0,8.64779423756376
8.24,0.008203458785323513,-0.010586119936876453,1.355509016655098,0.0,0.0,10.0,8.644501357730396
8.25,0.008195277333893743,-0.010575565895800615,1.3588058841746373,0.0,0.0,10.0,8.641204473482818
8.26,0.00818703637319346,-0.010564935051313465,1.3621067559851447,0.0,0.0,10.0,8.637903584806597
8.27,0.008178736117082851,-0.010554227679438068,1.3654116322144505,0.0,0.0,10.0,8.634598691574723
8.28,0.008170376782004258,-0.01054344405953426,1.3687205128910276,0.0,0.0,10.0,8.631289793759535
8.290000000000001,0.008161958585533141,-0.010532584472428202,1.372033398037711,0.0,0.0,10.0,8.62797689133903
8.3,0.008153481746274584,-0.010521649200278583,1.3753502876780819,0.0,0.0,10.0,8.624659984290455
8.31,0.008144946484929437,-0.010510638527952296,1.3786711817609043,0.0,0.0,10.0,8.621339072665885
8.32,0.008136353022971514,-0.010499552741316968,1.381996080250675,0.0,0.0,10.0,8.61801415650166
8.33,0.008127701582781834,-0.010488392127413888,1.3853249831181638,0.0,0.0,10.0,8.61468523582786
8.34,0.008118992387512056,-0.01047715697428134,1.3886578903496347,0.0,0.0,10.0,8.611352310659067
8.35,0.00811022566118536,-0.010465847571084506,1.3919948019396784,0.0,0.0,10.0,8.608015381001545
8.36,0.008101401628796143,-0.010454464208243757,1.3953357178854924,0.0,0.0,10.0,8.60467444685895
8.370000000000001,0.008092520516243835,-0.01044300717734874,1.3986806381883008,0.0,0.0,10.0,8.601329508230924
8.38,0.008083582550332152,-0.010431476771157034,1.40202956285409,0.0,0.0,10.0,8.59798056511234
8.39,0.008074587958805023,-0.01041987328364009,1.4053824918911884,0.0,0.0,10.0,8.594627617495737
8.4,0.008065536970447415,-0.010408197010112868,1.4087394253028893,0.0,0.0,10.0,8.5912706653787
8.41,0.008056429814946873,-0.010396448247054843,1.4121003630965796,0.0,0.0,10.0,8.587909708754712
8.42,0.008047266723008224,-0.01038462729225756,1.4154653052755655,0.0,0.0,10.0,8.584544747621347
8.43,0.00803804792628873,-0.010372734444740598,1.4188342518430954,0.0,0.0,10.0,8.581175781976242
8.44,0.008028773657378531,-0.010360770004725925,1.4222072028034696,0.0,0.0,10.0,8.577802811815983
8.45,0.008019444149811497,-0.010348734273651568,1.4255841581609643,0.0,0.0,10.0,8.574425837137188
8.46,0.008010059638060575,-0.01033662755416521,1.42896511791983,0.0,0.0,10.0,8.571044857936494
8.47,0.008000620357533093,-0.01032445015011783,1.4323500820842716,0.0,0.0,10.0,8.5676598742106
8.48,0.007991126544565965,-0.01031220236655714,1.4357390506584553,0.0,0.0,10.0,8.564270885956237
8.49,0.007981578436420882,-0.010299884509721116,1.4391320236464857,0.0,0.0,10.0,8.560877893170206
8.5,0.007971976271279385,-0.010287496887031306,1.4425290010524068,0.0,0.0,10.0,8.557480895849373
8.51,0.007962320288260258,-0.010275039807115059,1.4459299828787204,0.0,0.0,10.0,8.554079893992146
8.52,0.00795261072738051,-0.01026251357975491,1.449334969128584,0.0,0.0,10.0,8.550674887596278
8.53,0.007942847829556444,-0.01024991851588978,1.4527439598053993,0.0,0.0,10.0,8.54726587665929
8.540000000000001,0.007933031836603401,-0.010237254927614417,1.4561569549124749,0.0,0.0,10.0,8.543852861178793
8.55,0.007923162991230312,-0.010224523128172262,1.4595739544530202,0.0,0.0,10.0,8.5404358411525
8.56,0.007913241537043708,-0.010211723431960414,1.4629949584295174,0.0,0.0,10.0,8.537014816578855
8.57,0.007903267718524587,-0.010198856154499756,1.4664199668448823,0.0,0.0,10.0,8.533589787455874
8.58,0.007893241781041668,-0.01018592161245191,1.4698489797012135,0.0,0.0,10.0,8.530160753782388
8.59,0.007883163970833119,-0.010172920123595582,1.4732819970006212,0.0,0.0,10.0,8.526727715557227
8.6,0.007873034534990112,-0.010159852006805359,1.4767190187459491,0.0,0.0,10.0,8.523290672778478
8.61,0.007862853721467042,-0.010146717582064861,1.4801600449396832,0.0,0.0,10.0,8.519849625444602
8.620000000000001,0.007852621779069912,-0.010133517170451802,1.4836050755843864,0.0,0.0,10.0,8.516404573553976
8.63,0.007842338957450231,-0.010120251094130096,1.4870541106827326,0.0,0.0,10.0,8.512955517104873
8.64,0.00783200550710229,-0.010106919676346452,1.4905071502372702,0.0,0.0,10.0,8.509502456095692
8.65,0.007821621679357182,-0.010093523241422707,1.4939641942504345,0.0,0.0,10.0,8.506045390524951
8.66,0.007811187726376788,-0.010080062114748226,1.497425242724552,0.0,0.0,10.0,8.502584320391277
8.67,0.007800703901147798,-0.010066536622772211,1.5008902956618422,0.0,0.0,10.0,8.499119245693402
8.68,0.007790170457475604,-0.010052947092996038,1.5043593530644297,0.0,0.0,10.0,8.495650166430162
8.69,0.007779587649978203,-0.010039293853965509,1.5078324149343505,0.0,0.0,10.0,8.492177082600483
8.700000000000001,0.007768955734080094,-0.010025577235263185,1.5113094812735512,0.0,0.0,10.0,8.488699994203376
8.71,0.00775827496600614,-0.010011797567500638,1.5147905520838965,0.0,0.0,10.0,8.485218901237946
8.72,0.007747545602775401,-0.009997955182310673,1.51827562736718,0.0,0.0,10.0,8.481733803703362
8.73,0.007736767902194956,-0.009984050412339626,1.5217647071251255,0.0,0.0,10.0,8.47824470159887
8.74,0.007725942122853739,-0.009970083591239586,1.5252577913593865,0.0,0.0,10.0,8.474751594923788
8.75,0.007715068524116329,-0.009956055053660692,1.5287548800715616,0.0,0.0,10.0,8.471254483677487
8.76,0.007704147366116775,-0.009941965135243319,1.5322559732631906,0.0,0.0,10.0,8.467753367859405
8.77,0.007693178909752385,-0.009927814172610414,1.5357610709357579,0.0,0.0,10.0,8.464248247469031
8.78,0.0076821634166775125,-0.009913602503359705,1.5392701730907072,0.0,0.0,10.0,8.4607391225059
8.790000000000001,0.007671101149297378,-0.009899330466055978,1.5427832797294339,0.0,0.0,10.0,8.457225992969594
8.8,0.007659992370761857,-0.00988499840022338,1.546300390853292,0.0,0.0,10.0,8.453708858859743
8.81,0.00764883734495928,-0.009870606646337637,1.5498215064636036,0.0,0.0,10.0,8.450187720176006
8.82,0.00763763633651021,-0.009856155545818361,1.5533466265616613,0.0,0.0,10.0,8.44666257691807
8.83,0.007626389610761303,-0.009841645441021346,1.5568757511487243,0.0,0.0,10.0,8.443133429085668
8.84,0.007615097433779078,-0.009827076675230808,1.5604088802260299,0.0,0.0,10.0,8.439600276678544
8.85,0.007603760072343738,-0.009812449592651647,1.5639460137947938,0.0,0.0,10.0,8.436063119696474
8.86,0.007592377793942989,-0.00979776453840179,1.5674871518562186,0.0,0.0,10.0,8.432521958139242
8.870000000000001,0.007580950866765861,-0.009783021858504397,1.5710322944114898,0.0,0.0,10.0,8.428976792006653
8.88,0.007569479559696539,-0.00976822189988013,1.574581441461786,0.0,0.0,10.0,8.425427621298521
8.89,0.007557964142308191,-0.009753365010339405,1.578134593008287,0.0,0.0,10.0,8.421874446014657
8.9,0.007546404884856805,-0.009738451538574664,1.5816917490521643,0.0,0.0,10.0,8.418317266154887
8.91,0.007534802058275042,-0.009723481834152586,1.5852529095945933,0.0,0.0,10.0,8.414756081719023
8.92,0.007523155934166069,-0.009708456247506313,1.5888180746367604,0.0,0.0,10.0,8.41119089270688
8.93,0.007511466784797421,-0.009693375129927627,1.5923872441798657,0.0,0.0,10.0,8.407621699118254
8.94,0.00749973488309485,-0.009678238833559198,1.5959604182251221,0.0,0.0,10.0,8.404048500952925
8.950000000000001,0.0074879605026362045,-0.009663047711386723,1.5995375967737635,0.0,0.0,10.0,8.400471298210658
8.96,0.007476143917645301,-0.009647802117231114,1.6031187798270468,0.0,0.0,10.0,8.3968900908912
8.97,0.007464285402985766,-0.0096325024057406,1.606703967386263,0.0,0.0,10.0,8.393304878994249
8.98,0.007452385234154954,-0.009617148932382899,1.6102931594527319,0.0,0.0,10.0,8.389715662519492
8.99,0.007440443687277811,-0.00960174205343729,1.6138863560278145,0.0,0.0,10.0,8.386122441466567
9.0,0.00742846103910078,-0.009586282125986731,1.6174835571129107,0.0,0.0,10.0,8.382525215835074
9.01,0.0074164375669856595,-0.009570769507909898,1.6210847627094733,0.0,0.0,10.0,8.378923985624557
9.02,0.007404373548903551,-0.00955520455787324,1.6246899728190014,0.0,0.0,10.0,8.375318750834523
9.03,0.007392269263428715,-0.00953958763532303,1.6282991874430501,0.0,0.0,10.0,8.371709511464418
9.040000000000001,0.007380124989736112,-0.009523919100482007,1.631912406582894,0.0,0.0,10.0,8.368096267513968
9.05,0.007367941007590997,-0.00950819931433582,1.6355296302399251,0.0,0.0,10.0,8.36447901898278
9.06,0.007355717597341344,-0.009492428638623112,1.6391508584158014,0.0,0.0,10.0,8.360857765870202
9.07,0.007343455039913967,-0.0094766074358303,1.642776091112244,0.0,0.0,10.0,8.357232508175512
9.08,0.0073311536168162795,-0.009460736069193636,1.6464053283303735,0.0,0.0,10.0,8.353603245898592
9.09,0.007318813610131326,-0.009444814902692562,1.6500385700705966,0.0,0.0,10.0,8.349969979040036
9.1,0.007306435302487245,-0.00942884430101013,1.653675816334678,0.0,0.0,10.0,8.346332707599085
9.11,0.007294018977066676,-0.009412824629544823,1.6573170671244362,0.0,0.0,10.0,8.342691431574918
9.120000000000001,0.007281564917609585,-0.009396756254413942,1.6609623224409538,0.0,0.0,10.0,8.339046150967455
9.13,0.007269073408392038,-0.009380639542425968,1.6646115822858947,0.0,0.0,10.0,8.335396865776032
9.14,0.0072565447342252285,-0.009364474861078984,1.6682648466610683,0.0,0.0,10.0,8.33174357599984
9.15,0.00724397918045066,-0.009348262578554194,1.671922115568312,0.0,0.0,10.0,8.328086281638043
9.16,0.007231377032940771,-0.009332003063716472,1.675583389008903,0.0,0.0,10.0,8.324424982690365
9.17,0.007218738578085646,-0.009315696686096914,1.6792486669841813,0.0,0.0,10.0,8.320759679156462
9.18,0.007206064102777835,-0.009299343815872985,1.68291794949636,0.0,0.0,10.0,8.317090371035118
9.19,0.007193353894416108,-0.0092829448238731,1.6865912365476519,0.0,0.0,10.0,8.313417058325124
9.200000000000001,0.007180608240899356,-0.009266500081568502,1.690268528140279,0.0,0.0,10.0,8.30973974102525
9.21,0.0071678274306205565,-0.0092500099610652,1.6939498242764648,0.0,0.0,10.0,8.30605841913427
9.22,0.007155011752460733,-0.00923347483509594,1.6976351249584267,0.0,0.0,10.0,8.302373092650967
9.23,0.007142161495782811,-0.009216895077012057,1.70132443018838,0.0,0.0,10.0,8.298683761574114
9.24,0.0071292769504254895,-0.009200271060775344,1.7050177399685351,0.0,0.0,10.0,8.2949904259025
9.25,0.007116358406697101,-0.009183603160949943,1.7087150543010894,0.0,0.0,10.0,8.291293085634916
9.26,0.007103406155369398,-0.009166891752694141,1.712416373188224,0.0,0.0,10.0,8.287591740770177
9.27,0.0070904204876713235,-0.00915013721175218,1.716121696632099,0.0,0.0,10.0,8.28388639130711
9.28,0.007077401695300862,-0.00913333991446939,1.719831024632843,0.0,0.0,10.0,8.28017703724658
9.290000000000001,0.007064350070375323,-0.009116500237727962,1.723544357193468,0.0,0.0,10.0,8.27646367858656
9.3,0.007051265905450091,-0.009099618558970998,1.727261694316973,0.0,0.0,10.0,8.272746315325044
9.31,0.007038149493520258,-0.009082695256204528,1.7309830360055674,0.0,0.0,10.0,8.269024947460803
9.32,0.007025001127977065,-0.009065730707941259,1.734708382264763,0.0,0.0,10.0,8.265299574989312
9.33,0.007011821102647435,-0.009048725293251469,1.7384377330980505,0.0,0.0,10.0,8.261570197908062
9.34,0.006998609711787141,-0.00903167939175419,1.742171088506875,0.0,0.0,10.0,8.257836816216598
9.35,0.00698536725007543,-0.009014593383610233,1.7459084484906142,0.0,0.0,10.0,8.254099429916515
9.36,0.006972094012631358,-0.008997467649543208,1.7496498130464098,0.0,0.0,10.0,8.25035803901165
9.370000000000001,0.006958790294935632,-0.00898030257073872,1.7533951821723037,0.0,0.0,10.0,8.246612643504944
9.38,0.006945456392862229,-0.008963098528885173,1.7571445558651926,0.0,0.0,10.0,8.242863243400475
9.39,0.00693209260272452,-0.008945855906233391,1.7608979341136315,0.0,0.0,10.0,8.23910983871066
9.4,0.006918699221233123,-0.008928575085542297,1.7646553169023733,0.0,0.0,10.0,8.235352429451718
9.41,0.006905276545460651,-0.008911256450033463,1.7684167042162462,0.0,0.0,10.0,8.231591015639797
9.42,0.006891824872835548,-0.008893900383383318,1.7721820960401882,0.0,0.0,10.0,8.227825597290924
9.43,0.006878344501335104,-0.008876507269972418,1.7759514923312916,0.0,0.0,10.0,8.224056174448975
9.44,0.006864835728878455,-0.008859077494101999,1.7797248931028062,0.0,0.0,10.0,8.220282747101665
9.450000000000001,0.006851298853716368,-0.008841611440497277,1.7835022983723816,0.0,0.0,10.0,8.21650531523231
9.46,0.006837734174474758,-0.008824109494363732,1.7872837081518558,0.0,0.0,10.0,8.212723878830028
9.47,0.006824141990287569,-0.008806572041558845,1.7910691224267652,0.0,0.0,10.0,8.208938437910245
9.48,0.006810522600085806,-0.008788999467674448,1.79485854125748,0.0,0.0,10.0,8.205148992413548
9.49,0.006796876303126698,-0.008771392158719991,1.798651964701695,0.0,0.0,10.0,8.201355542283194
9.5,0.00678320339940675,-0.008753750501655921,1.8024493927628007,0.0,0.0,10.0,8.197558087516743
9.51,0.006769504189216954,-0.008736074883819726,1.8062508254468144,0.0,0.0,10.0,8.193756628109133
9.52,0.0067557789730914065,-0.008718365692859827,1.8100562627695505,0.0,0.0,10.0,8.189951164045496
9.53,0.006742028051860334,-0.008700623316804235,1.8138657047480178,0.0,0.0,10.0,8.186141695309765
9.540000000000001,0.006728251726801027,-0.008682848144255653,1.8176791513748964,0.0,0.0,10.0,8.182328221910206
9.55,0.006714450299571393,-0.008665040564305938,1.8214966026259674,0.0,0.0,10.0,8.17851074387198
9.56,0.006700624072014837,-0.008647200966284439,1.825318058490179,0.0,0.0,10.0,8.174689261207076
9.57,0.006686773346259012,-0.008629329739885777,1.8291435189528973,0.0,0.0,10.0,8.170863773931064
9.58,0.006672898424692858,-0.008611427275140497,1.832972983998284,0.0,0.0,10.0,8.167034282060715
9.59,0.006658999609968291,-0.00859349396241754,1.83680645360767,0.0,0.0,10.0,8.163200785615631
9.6,0.006645077204975141,-0.008575530192392248,1.840643927762464,0.0,0.0,10.0,8.159363284615331
9.61,0.006631131512835599,-0.008557536356039517,1.8444854064438865,0.0,0.0,10.0,8.15552177907952
9.620000000000001,0.006617162836989614,-0.008539512844744416,1.84833088961671,0.0,0.0,10.0,8.151676269044346
9.63,0.006603171480801049,-0.008521460049793976,1.852180377297216,0.0,0.0,10.0,8.147826754494448
9.64,0.0065891577478717316,-0.00850337836278307,1.8560338694986664,0.0,0.0,10.0,8.14397323541748
9.65,0.0065751219420034455,-0.008485268175565608,1.8598913662368555,0.0,0.0,10.0,8.140115711798565
9.66,0.006561064366817411,-0.008467129879763518,1.8637528675998856,0.0,0.0,10.0,8.136254183550507
9.67,0.006546985326604592,-0.008448963867864973,1.8676183735915937,0.0,0.0,10.0,8.132388650670377
9.68,0.006532885125805272,-0.008430770532552657,1.8714878842238256,0.0,0.0,10.0,8.128519113147235
9.69,0.00651876406903873,-0.008412550266742317,1.8753613995099108,0.0,0.0,10.0,8.124645570968651
9.700000000000001,0.006504622461326764,-0.008394303463871551,1.879238919419338,0.0,0.0,10.0,8.12076802416604
9.71,0.006490460607767955,-0.008376030517479365,1.8831204439382485,0.0,0.0,10.0,8.116886472754153
9.72,0.0064762788136165025,-0.008357731821308145,1.8870059730533502,0.0,0.0,10.0,8.113000916747174
9.73,0.006462077384275225,-0.00833940776929472,1.8908955067520687,0.0,0.0,10.0,8.10911135615857
9.74,0.006447856625220534,-0.008321058755473697,1.8947890450371851,0.0,0.0,10.0,8.105217790986439
9.75,0.006433616842104539,-0.008302685174109443,1.898686587904688,0.0,0.0,10.0,8.101320221235682
9.76,0.006419358340717607,-0.00828428741964792,1.902588135350058,0.0,0.0,10.0,8.097418646911693
9.77,0.006405081426971837,-0.008265865886695525,1.906493687370536,0.0,0.0,10.0,8.09351306801811
9.78,0.006390786406896589,-0.00824742097001345,1.9104032439649037,0.0,0.0,10.0,8.089603484557022
9.790000000000001,0.006376473586633837,-0.008228953064511824,1.9143168051332795,0.0,0.0,10.0,8.08568989652918
9.8,0.0063621432724350465,-0.008210462565245831,1.9182343708769323,0.0,0.0,10.0,8.081772303934176
9.81,0.006347795770661736,-0.008191949867416531,1.9221559411963132,0.0,0.0,10.0,8.077850706772427
9.82,0.0063334313877902925,-0.008173415366377166,1.9260815160887237,0.0,0.0,10.0,8.073925105047486
9.83,0.006319050430379115,-0.008154859457590785,1.9300110955537901,0.0,0.0,10.0,8.069995498760582
9.84,0.006304653205073812,-0.008136282536637039,1.9339446795913333,0.0,0.0,10.0,8.066061887912745
9.85,0.006290240018621207,-0.008117684999230315,1.9378822681962555,0.0,0.0,10.0,8.062124272509921
9.86,0.00627581117782738,-0.008099067241165575,1.9418238613673686,0.0,0.0,10.0,8.058182652554137
9.870000000000001,0.006261366989573741,-0.008080429658339192,1.9457694591018984,0.0,0.0,10.0,8.05423702804901
9.88,0.006246907760779434,-0.00806177264670043,1.9497190614038358,0.0,0.0,10.0,8.050287398991387
9.89,0.006232433798420043,-0.008043096602275621,1.9536726682777894,0.0,0.0,10.0,8.046333765377488
9.9,0.006217945409525631,-0.008024401921165644,1.9576302797278657,0.0,0.0,10.0,8.042376127204037
9.91,0.006203442901174188,-0.008005688999537493,1.9615918957577212,0.0,0.0,10.0,8.038414484468198
9.92,0.006188926580485071,-0.007986958233615728,1.9655575163706176,0.0,0.0,10.0,8.034448837167533
9.93,0.006174396754612018,-0.007968210019673492,1.9695271415696076,0.0,0.0,10.0,8.030479185299804
9.94,0.006159853730736976,-0.007949444754024457,1.97350077135749,0.0,0.0,10.0,8.026505528863025
9.950000000000001,0.006145297816064922,-0.007930662833016073,1.9774784057364256,0.0,0.0,10.0,8.02252786785584
9.96,0.006130729317815914,-0.007911864653019247,1.9814600447084176,0.0,0.0,10.0,8.018546202277056
9.97,0.006116148543218661,-0.007893050610419982,1.9854456882753406,0.0,0.0,10.0,8.014560532125593
9.98,0.006101555799504028,-0.007874221101610866,1.989435336439004,0.0,0.0,10.0,8.01057085740044
9.99,0.00608695139389864,-0.00785537652298273,1.9934289892011972,0.0,0.0,10.0,8.0065771781006
10.0,0.006072335633619453,-0.007836517270917576,1.9974266465633679,0.0,0.0,10.0,8.00257949422541
10.01,0.006057708825874313,-0.007817643741789159,2.0014283085240496,0.0,0.0,10.016666666666666,8.015244459729885
10.02,0.006043071277842238,-0.007798756331937451,2.0054339750836,0.0,0.0,10.033333333333333,8.027905420811663
10.03,0.006028423296665406,-0.007779855437658182,2.0094436462451717,0.0,0.0,10.049999999999999,8.040562377467461
10.040000000000001,0.006013765189452823,-0.0077609414552074684,2.0134573220111323,0.0,0.0,10.066666666666668,8.053215329694796
10.05,0.005999097263273249,-0.007742014780792603,2.017475002383288,0.0,0.0,10.083333333333334,8.065864277491725
10.06,0.0059844198251483805,-0.0077230758105631585,2.021496687363057,0.0,0.0,10.100000000000001,8.078509220856697
10.07,0.005969733182046226,-0.007704124940602337,2.025522376951594,0.0,0.0,10.116666666666667,8.091150159788421
10.08,0.005955037640874575,-0.007685162566918467,2.029552071149886,0.0,0.0,10.133333333333333,8.103787094285764
10.09,0.005940333508474591,-0.0076661890854366355,2.033585769958831,0.0,0.0,10.15,8.116420024347685
10.1,0.0059256210916144485,-0.007647204891990387,2.03762347337931,0.0,0.0,10.166666666666666,8.129048949973143
10.11,0.005910900696983009,-0.0076282103823135435,2.041665181412247,0.0,0.0,10.183333333333332,8.141673871161064
10.120000000000001,0.0058961726311835385,-0.0076092059520319775,2.0457108940586854,0.0,0.0,10.200000000000001,8.154294787910242
10.13,0.005881437200727385,-0.007590191996655432,2.0497606113198983,0.0,0.0,10.216666666666669,8.166911700219234
10.14,0.005866694712027703,-0.007571168911569362,2.053814333197504,0.0,0.0,10.233333333333334,8.179524608086252
10.15,0.005851945471393136,-0.007552137092026747,2.057872059693648,0.0,0.0,10.25,8.192133511508981
10.16,0.005837189785021544,-0.007533096933139944,2.0619337908112234,0.0,0.0,10.266666666666667,8.204738410484344
10.17,0.0058224279590000805,-0.00751404882988081,2.0659995265497835,0.0,0.0,10.283333333333333,8.217339305012603
10.18,0.005807660299294707,-0.007494993177067117,2.070069266907777,0.0,0.0,10.299999999999999,8.22993619509512
10.19,0.005792887111738845,-0.007475930369347871,2.07414301188621,0.0,0.0,10.316666666666666,8.242529080730703
10.200000000000001,0.005778108702031124,-0.007456860801200428,2.078220761486273,0.0,0.0,10.333333333333336,8.255117961917964
10.21,0.005763325375729448,-0.007437784866922811,2.0823025157093022,0.0,0.0,10.350000000000001,8.267702838655358
10.22,0.0057485374382451,-0.00741870296062614,2.086388274556577,0.0,0.0,10.366666666666667,8.280283710941406
10.23,0.005733745194836519,-0.007399615476226576,2.0904780380294583,0.0,0.0,10.383333333333335,8.292860578774535
10.24,0.005718948950603182,-0.007380522807437454,2.0945718061294296,0.0,0.0,10.4,8.305433442153046
10.25,0.0057041490104792186,-0.007361425347761046,2.098669578858564,0.0,0.0,10.416666666666666,8.31800230107465
10.26,0.005689345679227849,-0.007342323490481399,2.1027713562191144,0.0,0.0,10.433333333333334,8.33056715553687
10.27,0.005674539261435375,-0.0073232176286566145,2.1068771382135068,0.0,0.0,10.45,8.343128005537054
10.28,0.005659730061505093,-0.007304108155111008,2.1109869248445112,0.0,0.0,10.466666666666665,8.3556848510722
10.290000000000001,0.005644918383651342,-0.0072849954624274365,2.115100716115289,0.0,0.0,10.483333333333334,8.368237692138914
10.3,0.00563010453189357,-0.007265879942939675,2.1192185120294487,0.0,0.0,10.500000000000002,8.380786528733346
10.31,0.005615288810050442,-0.007246761988724833,2.123340312591099,0.0,0.0,10.516666666666667,8.393331360851139
10.32,0.00560047152173639,-0.0072276419915989695,2.127466117797492,0.0,0.0,10.533333333333333,8.405872188494797
10.33,0.005585652970351338,-0.007208520343103805,2.1315959276457,0.0,0.0,10.55,8.418409011666997
10.34,0.005570833459075129,-0.007189397434499577,2.135729742129234,0.0,0.0,10.566666666666666,8.430941830373971
10.35,0.0055560132908593395,-0.007170273656754487,2.1398675612469296,0.0,0.0,10.583333333333332,8.443470644616621
10.36,0.005541192768423428,-0.007151149400539733,2.1440093849974073,0.0,0.0,10.6,8.455995454396067
10.370000000000001,0.005526372194249632,-0.007132025056223029,2.1481552133778523,0.0,0.0,10.616666666666669,8.468516259714855
10.38,0.005511551870576436,-0.007112901013860166,2.1523050463859152,0.0,0.0,10.633333333333335,8.481033060575058
10.39,0.005496732099390193,-0.007093777663184243,2.1564588840220447,0.0,0.0,10.65,8.49354585697595
10.4,0.0054819131824213425,-0.007074655393600869,2.160616726285624,0.0,0.0,10.666666666666668,8.506054648917877
10.41,0.005467095421137973,-0.007055534594179925,2.1647785731747713,0.0,0.0,10.683333333333334,8.518559436402427
10.42,0.005452279116739865,-0.007036415653648003,2.168944424686158,0.0,0.0,10.7,8.531060219432646
10.43,0.005437464570152074,-0.007017298960380165,2.1731142808148,0.0,0.0,10.716666666666667,8.543556998013226
10.44,0.005422652082016587,-0.0069981849023893206,2.1772881415542775,0.0,0.0,10.733333333333333,8.55604977215029
10.450000000000001,0.005407841952694016,-0.006979073867328424,2.1814660069066085,0.0,0.0,10.750000000000002,8.568538541841523
10.46,0.005393034482245325,-0.00695996624246705,2.185647876862276,0.0,0.0,10.766666666666667,8.581023307096132
10.47,0.0053782299704275205,-0.00694086241468592,2.1898337514072166,0.0,0.0,10.783333333333335,8.593504067927881
10.48,0.005363428716689929,-0.006921762770472144,2.194023630526781,0.0,0.0,10.8,8.605980824351105
10.49,0.005348631020157455,-0.0069026676958977365,2.198217514194459,0.0,0.0,10.816666666666666,8.618453576391998
10.5,0.005333837179653081,-0.006883577576648613,2.2024154024038336,0.0,0.0,10.833333333333334,8.630922324056664
10.51,0.005319047493699163,-0.00686449279802636,2.206617295168304,0.0,0.0,10.85,8.643387067331377
10.52,0.005304262260475486,-0.006845413744894394,2.210823192484121,0.0,0.0,10.866666666666665,8.655847806219564
10.53,0.005289481777895354,-0.006826340801775939,2.2150330944007806,0.0,0.0,10.883333333333333,8.668304540671397
10.540000000000001,0.0052747063435726665,-0.006807274352811793,2.2192470009857415,0.0,0.0,10.900000000000002,8.68075727061909
10.55,0.005259936254700517,-0.00678821478160416,2.223464912237007,0.0,0.0,10.916666666666668,8.693205996064297
10.56,0.005245171808148871,-0.006769162471342291,2.227686828170975,0.0,0.0,10.933333333333334,8.705650716990284
10.57,0.005230413300399424,-0.006750117804718591,2.231912748779874,0.0,0.0,10.950000000000001,8.71809143340448
10.58,0.0052156610275297804,-0.006731081163908168,2.2361426740314445,0.0,0.0,10.966666666666667,8.730528145338795
10.59,0.005200915285265093,-0.006712052930635221,2.2403766039082513,0.0,0.0,10.983333333333333,8.742960852810315
10.6,0.005186176368941134,-0.0066930334861254135,2.244614538387306,0.0,0.0,11.0,8.755389555841676
10.61,0.005171444573521277,-0.006674023211127641,2.248856477453148,0.0,0.0,11.016666666666666,8.767814254447979
10.620000000000001,0.005156720193574406,-0.0066550224858854925,2.2531024210881054,0.0,0.0,11.033333333333335,8.780234948646543
10.63,0.005142003523279808,-0.006636031690143438,2.2573523692777853,0.0,0.0,11.05,8.792651638451384
10.64,0.005127294856423465,-0.006617051203141957,2.261606322011348,0.0,0.0,11.066666666666668,8.805064323872985
10.65,0.005112594486339308,-0.006598081403541754,2.2658642792558137,0.0,0.0,11.083333333333334,8.81747300494395
10.66,0.005097902706036601,-0.00657912266958778,2.2701262410175467,0.0,0.0,11.1,8.829877681657544
10.67,0.005083219808131725,-0.006560175379021243,2.2743922073123413,0.0,0.0,11.116666666666667,8.842278353997596
10.68,0.005068546084820358,-0.006541239909043725,2.278662178153186,0.0,0.0,11.133333333333333,8.854675021950735
10.69,0.005053881827827707,-0.006522316636252944,2.2829361535323964,0.0,0.0,11.149999999999999,8.867067685524265
10.700000000000001,0.005039227328551542,-0.006503405936826956,2.2872141334843232,0.0,0.0,11.166666666666668,8.879456344683451
10.71,0.005024582877935871,-0.006484508186361162,2.2914961180562265,0.0,0.0,11.183333333333335,8.891840999380639
10.72,0.0050099487665436725,-0.006465623759962188,2.2957821072890967,0.0,0.0,11.200000000000001,8.904221649574446
10.73,0.004995325284369632,-0.006446753032006295,2.300072101172195,0.0,0.0,11.216666666666667,8.916598295275216
10.74,0.0049807127210361535,-0.006427896376391804,2.304366099717506,0.0,0.0,11.233333333333334,8.928970936470572
10.75,0.004966111365714693,-0.006409054166437568,2.3086641029422483,0.0,0.0,11.25,8.941339573142884
10.76,0.004951521507060553,-0.006390226774798719,2.3129661108449935,0.0,0.0,11.266666666666666,8.953704205293182
10.77,0.004936943433157142,-0.00637141457339466,2.317272123390551,0.0,0.0,11.283333333333333,8.96606483295625
10.78,0.0049223774316556786,-0.006352617933588934,2.321582140561578,0.0,0.0,11.299999999999999,8.978421456149015
10.790000000000001,0.004907823789724009,-0.0063338372261230414,2.3258961623422185,0.0,0.0,11.316666666666668,8.990774074886927
10.8,0.004893282794036257,-0.006315072821102843,2.330214188716561,0.0,0.0,11.333333333333334,9.003122689185474
10.81,0.00487875473079074,-0.006296325088021416,2.3345362196756647,0.0,0.0,11.350000000000001,9.015467299053185
10.82,0.004864239885690078,-0.006277594395733103,2.3388622552125433,0.0,0.0,11.366666666666667,9.027807904496617
10.83,0.004849738543966155,-0.006258881112485416,2.3431922953249376,0.0,0.0,11.383333333333333,9.04014450551761
10.84,0.004835250990319078,-0.006240185605839975,2.3475263400092587,0.0,0.0,11.4,9.052477102119326
10.85,0.004820777508934456,-0.006221508242694471,2.3518643892639255,0.0,0.0,11.416666666666666,9.064805694302914
10.86,0.004806318383484219,-0.006202849389283406,2.3562064430892833,0.0,0.0,11.433333333333332,9.077130282067596
10.870000000000001,0.004791873897122788,-0.006184209411172827,2.3605525014875965,0.0,0.0,11.450000000000001,9.089450865410676
10.88,0.004777444332483381,-0.006165588673255269,2.3649025644630277,0.0,0.0,11.466666666666669,9.101767444327551
10.89,0.004763029971651066,-0.006146987539714724,2.369256632014657,0.0,0.0,11.483333333333334,9.114080018818699
10.9,0.004748631096182638,-0.006128406374051991,2.3736147041447375,0.0,0.0,11.5,9.126388588881428
10.91,0.004734247987096178,-0.006109845539070952,2.3779767808561987,0.0,0.0,11.516666666666667,9.138693154512358
10.92,0.004719880924853346,-0.006091305396855496,2.3823428621488114,0.0,0.0,11.533333333333333,9.150993715711277
10.93,0.004705530189365208,-0.006072786308776795,2.386712948022729,0.0,0.0,11.549999999999999,9.163290272477578
10.94,0.004691196059990218,-0.006054288635490447,2.391087038478943,0.0,0.0,11.566666666666666,9.175582824809817
10.950000000000001,0.004676878815526928,-0.0060358127369268605,2.3954651335184693,0.0,0.0,11.583333333333336,9.187871372706528
10.96,0.004662578734209384,-0.0060173589722850584,2.399847233142327,0.0,0.0,11.600000000000001,9.200155916166223
10.97,0.004648296093702407,-0.0059989277000263705,2.4042333373515397,0.0,0.0,11.616666666666667,9.21243645518743
10.98,0.004634031171096807,-0.005980519277868057,2.4086234461471387,0.0,0.0,11.633333333333335,9.22471298976865
10.99,0.004619784242904642,-0.0059621340627769685,2.413017559530148,0.0,0.0,11.65,9.236985519908398
11.0,0.004605555585054326,-0.005943772410963047,2.417415677501578,0.0,0.0,11.666666666666666,9.249254045605195
11.01,0.004591345472885703,-0.005925434677872799,2.42181780006242,0.0,0.0,11.683333333333334,9.261518566857585
11.02,0.004577154181145091,-0.0059071212181827345,2.426223927213645,0.0,0.0,11.7,9.273779083664124
11.03,0.004562981983978714,-0.005888832385790757,2.4306340589556483,0.0,0.0,11.716666666666665,9.286035596023941
11.040000000000001,0.0045488291549273694,-0.005870568533809154,2.4350481952882257,0.0,0.0,11.733333333333334,9.298288103936775
11.05,0.004534695966925096,-0.005852330014562781,2.439466336211959,0.0,0.0,11.750000000000002,9.310536607401557
11.06,0.004520582692291739,-0.005834117179579396,2.4438884817273725,0.0,0.0,11.766666666666667,9.322781106417288
11.07,0.0045064896027277555,-0.005815930379582829,2.4483146318349345,0.0,0.0,11.783333333333333,9.33502160098302
11.08,0.0044924169693078405,-0.005797769964484749,2.452744786534672,0.0,0.0,11.8,9.347258091098242
11.09,0.004478365062476948,-0.005779636283379447,2.457178945826604,0.0,0.0,11.816666666666666,9.35949057676245
11.1,0.004464334152045999,-0.00576152968453826,2.4616171097110024,0.0,0.0,11.833333333333332,9.371719057974886
11.11,0.004450324507183057,-0.005743450515398187,2.466059278187279,0.0,0.0,11.85,9.383943534735653
11.120000000000001,0.004436336396414253,-0.005725399122563071,2.4705054512558746,0.0,0.0,11.866666666666669,9.39616400704382
11.13,0.004422370087612772,-0.005707375851789415,2.474955628916456,0.0,0.0,11.883333333333335,9.408380474899221
11.14,0.0044084258479973135,-0.005689381047984427,2.479409811168999,0.0,0.0,11.9,9.420592938301393
11.15,0.004394503944126226,-0.0056714150551985185,2.483867998013563,0.0,0.0,11.916666666666668,9.432801397249781
11.16,0.004380604641891842,-0.005653478216618058,2.4883301894501137,0.0,0.0,11.933333333333334,9.44500585174392
11.17,0.004366728206513231,-0.005635570874556087,2.4927963854781043,0.0,0.0,11.95,9.457206301783856
11.18,0.004352874902535744,-0.005617693370451839,2.497266586097366,0.0,0.0,11.966666666666667,9.469402747369266
11.19,0.0043390449938236035,-0.005599846044861288,2.50174079130765,0.0,0.0,11.983333333333333,9.481595188499888
11.200000000000001,0.004325238743554854,-0.0055820292374507184,2.5062190011086263,0.0,0.0,12.000000000000002,9.493783625175556
11.21,0.004311456414216395,-0.005564243286990485,2.5107012154998616,0.0,0.0,12.016666666666667,9.50596805739619
11.22,0.0042976982675989725,-0.005546488531348669,2.515187434480842,0.0,0.0,12.033333333333335,9.518148485161806
11.23,0.004283964564792221,-0.0055287653074848455,2.51967765805097,0.0,0.0,12.05,9.530324908472485
11.24,0.00427025556617973,-0.00551107395144387,2.524171886209566,0.0,0.0,12.066666666666666,9.542497327328404
11.25,0.00425657153143414,-0.005493414798349742,2.528670118955869,0.0,0.0,12.083333333333334,9.55466574172981
11.26,0.004242912719512194,-0.005475788182399421,2.533172356289053,0.0,0.0,12.1,9.566830151677019
11.27,0.004229279388649964,-0.005458194436856832,2.5376785982082066,0.0,0.0,12.116666666666665,9.578990557170426
11.28,0.0042156717963579265,-0.005440633894046748,2.5421888447123555,0.0,0.0,12.133333333333333,9.591146958210492
11.290000000000001,0.004202090199416211,-0.005423106885348862,2.546703095800465,0.0,0.0,12.150000000000002,9.603299354797743
11.3,0.004188534853869797,-0.005405613741191832,2.551221351471426,0.0,0.0,12.166666666666668,9.615447746932759
11.31,0.004175006015023769,-0.005388154791047363,2.555743611724079,0.0,0.0,12.183333333333334,9.627592134616185
11.32,0.0041615039374386055,-0.005370730363424402,2.5602698765572054,0.0,0.0,12.200000000000001,9.639732517848724
11.33,0.004148028874925521,-0.005353340785863338,2.5648001459695293,0.0,0.0,12.216666666666667,9.651868896631127
11.34,0.00413458108054175,-0.005335986384930181,2.569334419959739,0.0,0.0,12.233333333333333,9.664001270964185
11.35,0.004121160806585992,-0.00531866748621092,2.5738726985264715,0.0,0.0,12.25,9.676129640848742
11.36,0.004107768304593791,-0.005301384414305803,2.5784149816683213,0.0,0.0,12.266666666666666,9.688254006285675
11.370000000000001,0.004094403825332987,-0.005284137492823743,2.58296126938385,0.0,0.0,12.283333333333335,9.7003743672759
11.38,0.00408106761879917,-0.00526692704437666,2.5875115616715876,0.0,0.0,12.3,9.712490723820359
11.39,0.004067759934211214,-0.005249753390573959,2.592065858530037,0.0,0.0,12.316666666666668,9.724603075920022
11.4,0.004054481020006798,-0.005232616852016967,2.5966241599576807,0.0,0.0,12.333333333333334,9.73671142357588
11.41,0.004041231123837951,-0.005215517748293434,2.601186465952983,0.0,0.0,12.35,9.748815766788942
11.42,0.004028010492566692,-0.005198456397972089,2.605752776514394,0.0,0.0,12.366666666666667,9.760916105560227
11.43,0.004014819372260617,-0.0051814331185971365,2.610323091640359,0.0,0.0,12.383333333333333,9.773012439890758
11.44,0.004001658008188562,-0.005164448226682854,2.6148974113293226,0.0,0.0,12.399999999999999,9.78510476978156
11.450000000000001,0.003988526644816294,-0.0051475020377081656,2.61947573557974,0.0,0.0,12.416666666666668,9.797193095233652
11.46,0.003975425525802258,-0.0051305948661113255,2.6240580643900633,0.0,0.0,12.433333333333335,9.809277416248044
11.47,0.003962354893993256,-0.005113727025284441,2.6286443977587757,0.0,0.0,12.450000000000001,9.821357732825717
11.48,0.003949314991420264,-0.00509689882756821,2.6332347356843835,0.0,0.0,12.466666666666667,9.833434044967632
11.49,0.003936306059294236,-0.005080110584246536,2.637829078165423,0.0,0.0,12.483333333333334,9.845506352674727
11.5,0.003923328338001927,-0.0050633626055412275,2.642427425200466,0.0,0.0,12.5,9.857574655947884
11.51,0.00391038206710177,-0.005046655200606704,2.6470297767881346,0.0,0.0,12.516666666666666,9.86963895478795
11.52,0.003897467485319752,-0.005029988677524678,2.6516361329271048,0.0,0.0,12.533333333333333,9.881699249195718
11.53,0.00388458483054536,-0.0050133633432988805,2.6562464936161096,0.0,0.0,12.549999999999999,9.89375553917191
11.540000000000001,0.003871734339826884,-0.004996779503848993,2.660860858853877,0.0,0.0,12.566666666666668,9.905807824717268
11.55,0.0038589162493651045,-0.004980237464002393,2.6654792286388167,0.0,0.0,12.583333333333334,9.917856105832838
11.56,0.003846130794515018,-0.004963737527496297,2.6701016029698144,0.0,0.0,12.600000000000001,9.929900382519202
11.57,0.00383337820977896,-0.004947279996968755,2.6747279818458383,0.0,0.0,12.616666666666667,9.941940654776854
11.58,0.0038206587288026643,-0.004930865173953418,2.6793583652659465,0.0,0.0,12.633333333333333,9.953976922606191
11.59,0.0038079725843682376,-0.004914493358870298,2.683992753228827,0.0,0.0,12.65,9.966009186007994
11.6,0.003795320008392152,-0.004898164851022982,2.6886311457331176,0.0,0.0,12.666666666666666,9.978037444983082
11.61,0.00378270123191925,-0.00488187994859067,2.6932735427771126,0.0,0.0,12.683333333333332,9.990061699532623
11.620000000000001,0.003770116485127832,-0.004865638948634502,2.6979199443601067,0.0,0.0,12.700000000000001,10.002081949656784
11.63,0.0037575659973197693,-0.004849442147084519,2.70257035048149,0.0,0.0,12.716666666666669,10.014098195355631
11.64,0.0037450499969097465,-0.004833289838725513,2.7072247611397504,0.0,0.0,12.733333333333334,10.02611043663014
11.65,0.003732568711433584,-0.004817182317207457,2.711883176334245,0.0,0.0,12.75,10.038118673480412
11.66,0.0037201223675391477,-0.004801119875033487,2.716545596064444,0.0,0.0,12.766666666666667,10.050122905906438
11.67,0.0037077111909724378,-0.004785102803541616,2.7212120203284944,0.0,0.0,12.783333333333333,10.06212313390953
11.68,0.0036953354065955867,-0.004769131392927677,2.7258824491263196,0.0,0.0,12.799999999999999,10.074119357489225
11.69,0.0036829952383716047,-0.004753205932225332,2.730556882457947,0.0,0.0,12.816666666666666,10.086111576644958
11.700000000000001,0.003670690909360265,-0.004737326709300443,2.73523532032346,0.0,0.0,12.833333333333336,10.098099791376104
11.71,0.003658422641714441,-0.004721494010846032,2.7399177627229943,0.0,0.0,12.850000000000001,10.110084001681983
11.72,0.0036461906566764473,-0.004705708122377256,2.744604209656729,0.0,0.0,12.866666666666667,10.12206420756188
11.73,0.003633995174574371,-0.0046899693282263675,2.7492946611248894,0.0,0.0,12.883333333333335,10.13404040901503
11.74,0.003621836414818393,-0.004674277911537705,2.7539891171277286,0.0,0.0,12.9,10.14601260604064
11.75,0.003609714595897091,-0.004658634154262626,2.7586875776655386,0.0,0.0,12.916666666666666,10.157980798637878
11.76,0.0035976299353737535,-0.004643038337154534,2.763390042738627,0.0,0.0,12.933333333333334,10.169944986805898
11.77,0.0035855826498670078,-0.00462749073974362,2.7680965123455312,0.0,0.0,12.95,10.181905170545624
11.78,0.0035735729550847787,-0.00461199164038048,2.772806986487211,0.0,0.0,12.966666666666665,10.193861349855554
11.790000000000001,0.003561601065797131,-0.004596541316200874,2.7775214651644777,0.0,0.0,12.983333333333334,10.205813524734348
11.8,0.0035496671958582557,-0.004581140043153911,2.782239948380756,0.0,0.0,13.000000000000002,10.217761695178032
11.81,0.0035377715581809462,-0.0045657880959689475,2.786962436139839,0.0,0.0,13.016666666666667,10.229705861182277
11.82,0.0035259143646964087,-0.004550485748103572,2.791688928441922,0.0,0.0,13.033333333333333,10.241646022746352
11.83,0.003514095826347771,-0.0045352332717350985,2.7964194252833754,0.0,0.0,13.05,10.253582179873355
11.84,0.0035023161530903946,-0.004520030937760844,2.801153926656353,0.0,0.0,13.066666666666666,10.265514332570588
11.85,0.003490575553950646,-0.004504879015873864,2.8058924325554466,0.0,0.0,13.083333333333332,10.277442480842927
11.86,0.0034788742368613043,-0.004489777774350542,2.8106349429634965,0.0,0.0,13.1,10.289366624706997
11.870000000000001,0.0034672124086765513,-0.004474727480069906,2.8153814578523404,0.0,0.0,13.116666666666669,10.30128676419042
11.88,0.003455590275269779,-0.004459728398639795,2.820131977193221,0.0,0.0,13.133333333333335,10.313202899321425
11.89,0.00344400804128044,-0.00444478079407031,2.824886500931814,0.0,0.0,13.15,10.325115030153793
11.9,0.0034324659108569584,-0.004429884929732309,2.829645029063026,0.0,0.0,13.166666666666668,10.337023156692094
11.91,0.0034209640874898156,-0.004415041068142139,2.834407561613305,0.0,0.0,13.183333333333334,10.348927278909343
11.92,0.003409502773361545,-0.004400249470123077,2.839174098574756,0.0,0.0,13.2,10.3608273968129
11.93,0.0033980821704034654,-0.004385510396168814,2.843944640015486,0.0,0.0,13.216666666666667,10.372723510334133
11.94,0.003386702479802376,-0.0043708241058071345,2.8487191860275805,0.0,0.0,13.233333333333333,10.384615619380423
11.950000000000001,0.003375363900845022,-0.0043561908561092376,2.8534977366087424,0.0,0.0,13.250000000000002,10.39650372395354
11.96,0.003364066632149745,-0.004341610903278978,2.8582802917876338,0.0,0.0,13.266666666666667,10.408387824024286
11.97,0.00335281087121958,-0.004327084502076481,2.8630668515801743,0.0,0.0,13.283333333333335,10.420267919576224
11.98,0.0033415968138928898,-0.004312611905109623,2.8678574159385293,0.0,0.0,13.3,10.432144010656653
11.99,0.0033304246551965704,-0.004298193363935056,2.8726519848338707,0.0,0.0,13.316666666666666,10.444016097293876
12.0,0.003319294589050004,-0.004283829128676572,2.877450558228193,0.0,0.0,13.333333333333334,10.455884179525373
12.01,0.003308206808248833,-0.004269519448004516,2.8822531360734107,0.0,0.0,13.35,10.467748257398702
12.02,0.0032971615044886425,-0.0042552645691667345,2.887059718314159,0.0,0.0,13.366666666666665,10.479608330968704
12.030000000000001,0.0032861588685771694,-0.004241064738262808,2.8918703049081853,0.0,0.0,13.383333333333335,10.491464400277115
12.040000000000001,0.0032751990910001995,-0.004226920200974592,2.89668489587912,0.0,0.0,13.400000000000002,10.503316465299774
12.05,0.003264282362580509,-0.004212831203416828,2.9015034913764315,0.0,0.0,13.416666666666668,10.515164525886695
12.06,0.0032534088719835316,-0.004198797988919566,2.9063260914428457,0.0,0.0,13.433333333333334,10.52700858199463
12.07,0.0032425788065082086,-0.0041848207990489526,2.9111526960894776,0.0,0.0,13.450000000000001,10.538848633611954
12.08,0.0032317923515907303,-0.004170899872967406,2.915983305251811,0.0,0.0,13.466666666666667,10.550684680802654
12.09,0.003221049691826455,-0.004157035448752457,2.920817918884704,0.0,0.0,13.483333333333333,10.562516723611363
12.1,0.003210351011142457,-0.004143227763619763,2.925656536977799,0.0,0.0,13.5,10.57434476204792
12.11,0.0031996964922908076,-0.004129477053269811,2.9304991595094703,0.0,0.0,13.516666666666666,10.586168796133432
12.120000000000001,0.0031890863170972433,-0.004115783552209185,2.935345786469658,0.0,0.0,13.533333333333335,10.597988825877454
12.13,0.003178520666370159,-0.004102147493633643,2.940196417851527,0.0,0.0,13.55,10.609804851286297
12.14,0.0031679997197698595,-0.004088569109259856,2.9450510536401335,0.0,0.0,13.566666666666668,10.621616872374405
12.15,0.0031575236556944993,-0.004075048629178713,2.9499096938030163,0.0,0.0,13.583333333333334,10.633424889173721
12.16,0.003147092651855699,-0.004061586282598369,2.954772338341604,0.0,0.0,13.6,10.64522890168231
12.17,0.003136706885098654,-0.004048182297612611,2.959638987274946,0.0,0.0,13.616666666666667,10.657028909880617
12.18,0.003126366531131023,-0.00403483690085154,2.964509640615781,0.0,0.0,13.633333333333333,10.6688249137554
12.19,0.003116071764477467,-0.004021550317423341,2.969384298366921,0.0,0.0,13.649999999999999,10.680616913303332
12.200000000000001,0.00310582275886678,-0.004008322771414115,2.9742629605563597,0.0,0.0,13.666666666666668,10.692404908495933
12.21,0.003095619686978864,-0.0039951544855618,2.979145627213572,0.0,0.0,13.683333333333335,10.70418889930321
12.22,0.003085462720199686,-0.003982045680940304,2.9840322983484926,0.0,0.0,13.700000000000001,10.715968885714735
12.23,0.0030753520290106072,-0.003968996577462015,2.9889229739861527,0.0,0.0,13.716666666666667,10.727744867704978
12.24,0.003065287782529674,-0.003956007393286193,2.993817654127154,0.0,0.0,13.733333333333334,10.739516845272838
12.25,0.003055270148884239,-0.003943078345299857,2.9987163387803717,0.0,0.0,13.75,10.751284818408944
12.26,0.0030452992947762603,-0.003930209648557091,3.003619027924661,0.0,0.0,13.766666666666666,10.763048787133947
12.27,0.0030353753859743075,-0.003917401516913851,3.0085257215542174,0.0,0.0,13.783333333333333,10.774808751453158
12.280000000000001,0.0030254985871634305,-0.0039046541628343515,3.0134364196645476,0.0,0.0,13.800000000000002,10.78656471137058
12.290000000000001,0.0030156690619369377,-0.003891967797380495,3.0183511222519215,0.0,0.0,13.816666666666668,10.798316666889445
12.3,0.003005886972593787,-0.0038793426299504915,3.023269829296524,0.0,0.0,13.833333333333334,10.810064618029086
12.31,0.0029961524804163744,-0.003866778868637192,3.028192540786207,0.0,0.0,13.850000000000001,10.821808564801163
12.32,0.002986465745676914,-0.0038542767202362754,3.033119256717075,0.0,0.0,13.866666666666667,10.833548507209084
12.33,0.002976826927510702,-0.00384183639008264,3.0380499770829235,0.0,0.0,13.883333333333333,10.845284445258573
12.34,0.0029672361839533164,-0.003829458082098288,3.0429847018785323,0.0,0.0,13.9,10.857016378954365
12.35,0.0029576936719382836,-0.003817141998789183,3.047923431099568,0.0,0.0,13.916666666666666,10.868744308300313
12.36,0.002948199547294654,-0.0038048883412419815,3.052866164742525,0.0,0.0,13.933333333333332,10.880468233299444
12.370000000000001,0.002938753964744569,-0.0037926973091207223,3.0578129028046366,0.0,0.0,13.950000000000001,10.892188153954049
12.38,0.0029293570779007874,-0.0037805691006634634,3.062763645283797,0.0,0.0,13.966666666666669,10.903904070265757
12.39,0.0029200090392979086,-0.003768503912722388,3.067718392181238,0.0,0.0,13.983333333333334,10.915615982232858
12.4,0.0029107100003426247,-0.003756501940699424,3.072677143497565,0.0,0.0,14.0,10.92732388985428
12.41,0.002901460111315497,-0.003744563378548334,3.0776398992330565,0.0,0.0,14.016666666666666,10.939027793129274
12.42,0.0028922595213546247,-0.003732688418753446,3.08260665938643,0.0,0.0,14.033333333333333,10.950727692058651
12.43,0.0028831083784633125,-0.0037208772523393344,3.087577423955705,0.0,0.0,14.05,10.962423586643927
12.44,0.0028740068295313626,-0.003709130068898071,3.092552192940097,0.0,0.0,14.066666666666666,10.97411547688542
12.450000000000001,0.0028649550203195657,-0.0036974470565690047,3.09753096633887,0.0,0.0,14.083333333333336,10.985803362783408
12.46,0.0028559530954575534,-0.003685828402035785,3.1025137441513198,0.0,0.0,14.100000000000001,10.997487244338124
12.47,0.002847001198441671,-0.0036742742905234082,3.107500526376754,0.0,0.0,14.116666666666667,11.009167121549808
12.48,0.002838099471632886,-0.0036627849057953013,3.112491313014479,0.0,0.0,14.133333333333333,11.020842994418695
12.49,0.002829248056254707,-0.003651360430150437,3.1174861040637736,0.0,0.0,14.15,11.032514862945051
12.5,0.0028204470923911106,-0.0036400010444204494,3.12248489952389,0.0,0.0,14.166666666666668,11.044182727129172
12.51,0.0028116967189845046,-0.0036287069279667987,3.1274876993940324,0.0,0.0,14.183333333333334,11.055846586971398
12.52,0.0028029970738337033,-0.0036174782586779588,3.1324945036733576,0.0,0.0,14.2,11.067506442472125
12.530000000000001,0.002794348293591934,-0.003606315212966639,3.137505312360964,0.0,0.0,14.216666666666669,11.079162293631807
12.540000000000001,0.002785750513764882,-0.00359521796576707,3.142520125455885,0.0,0.0,14.233333333333334,11.090814140450963
12.55,0.002777203868708741,-0.003584186690532298,3.147538942957092,0.0,0.0,14.25,11.102461982930178
12.56,0.002768708491628333,-0.0035732215592315583,3.152561764863485,0.0,0.0,14.266666666666667,11.114105821070112
12.57,0.002760264514575226,-0.0035623227423476752,3.1575885911738992,0.0,0.0,14.283333333333335,11.125745654871489
12.58,0.002751872068445925,-0.003551490408874546,3.162619421887094,0.0,0.0,14.3,11.137381484335112
12.59,0.002743531282980052,-0.0035407247263146203,3.1676542570017814,0.0,0.0,14.316666666666666,11.149013309461832
12.6,0.0027352422867586287,-0.0035300258606765183,3.1726930965166074,0.0,0.0,14.333333333333332,11.160641130252573
12.61,0.0027270052072023397,-0.003519393976472624,3.1777359404301686,0.0,0.0,14.349999999999998,11.172264946708303
12.620000000000001,0.0027188201705698823,-0.003508829236716819,3.1827827887410183,0.0,0.0,14.366666666666667,11.183884758830045
12.63,0.0027106873019563335,-0.003498331802922215,3.187833641447668,0.0,0.0,14.383333333333335,11.195500566618856
12.64,0.002702606725291552,-0.0034879018350989634,3.192888498548601,0.0,0.0,14.400000000000002,11.207112370075825
12.65,0.0026945785633386322,-0.0034775394917521264,3.19794736004229,0.0,0.0,14.416666666666668,11.21872016920206
12.66,0.002686602937692389,-0.0034672449298796086,3.2030102259271866,0.0,0.0,14.433333333333334,11.230323963998687
12.67,0.00267867996877787,-0.0034570183049701286,3.2080770962017535,0.0,0.0,14.45,11.241923754466827
12.68,0.002670809775848919,-0.0034468597710012473,3.213147970864454,0.0,0.0,14.466666666666665,11.253519540607597
12.69,0.0026629924769867395,-0.0034367694804374464,3.218222849913784,0.0,0.0,14.483333333333333,11.265111322422092
12.700000000000001,0.0026552281890985076,-0.0034267475842282382,3.2233017333482605,0.0,0.0,14.500000000000002,11.276699099911381
12.71,0.0026475170279159953,-0.003416794231806327,3.228384621166433,0.0,0.0,14.51666666666667,11.288282873076499
12.72,0.0026398591079941944,-0.0034069095710857747,3.233471513366904,0.0,0.0,14.533333333333335,11.29986264191844
12.73,0.002632254542709972,-0.0033970937484602112,3.2385624099483197,0.0,0.0,14.55,11.311438406438153
12.74,0.002624703444260713,-0.0033873469088010464,3.2436573109093847,0.0,0.0,14.566666666666666,11.323010166636529
12.75,0.0026172059236629717,-0.003377669195455709,3.2487562162488506,0.0,0.0,14.583333333333332,11.334577922514416
12.76,0.0026097620907510875,-0.00336806075024585,3.2538591259655205,0.0,0.0,14.6,11.346141674072614
12.77,0.002602372054175792,-0.0033585217134655186,3.258966040058244,0.0,0.0,14.616666666666667,11.357701421311875
12.780000000000001,0.0025950359214027942,-0.0033490522238793815,3.2640769585259046,0.0,0.0,14.633333333333336,11.369257164232923
12.790000000000001,0.002587753798711302,-0.0033396524187208135,3.2691918813673957,0.0,0.0,14.650000000000002,11.380808902836469
12.8,0.002580525791192492,-0.0033303224336899647,3.274310808581618,0.0,0.0,14.666666666666668,11.392356637123227
12.81,0.0025733520027479053,-0.003321062402951746,3.2794337401674376,0.0,0.0,14.683333333333334,11.40390036709394
12.82,0.0025662325360877735,-0.0033118724591337132,3.2845606761236534,0.0,0.0,14.7,11.415440092749426
12.83,0.0025591674927047652,-0.0033027527332922827,3.28969161644711,0.0,0.0,14.716666666666667,11.426975814092463
12.84,0.0025521569729334862,-0.0032937033549895723,3.294826561137245,0.0,0.0,14.733333333333334,11.438507531123227
12.85,0.0025452010759232395,-0.0032847244522583585,3.299965510194136,0.0,0.0,14.75,11.450035243841265
12.86,0.0025382998996315133,-0.0032758161515937896,3.305108463618087,0.0,0.0,14.766666666666666,11.461558952245895
12.870000000000001,0.0025314535408184303,-0.0032669785779463408,3.3102554214092925,0.0,0.0,14.783333333333335,11.473078656336556
12.88,0.0025246620949807798,-0.00325821185463684,3.315406383563113,0.0,0.0,14.8,11.484594356117507
12.89,0.0025179256563930548,-0.0032495161034095804,3.320561350073184,0.0,0.0,14.816666666666666,11.496106051594749
12.9,0.00251124431810161,-0.0032408914444249193,3.3257203209310626,0.0,0.0,14.833333333333334,11.507613742776364
12.91,0.002504618171929273,-0.0032323379962654023,3.330883296126656,0.0,0.0,14.850000000000001,11.519117429672077
12.92,0.002498047308499858,-0.003223855875967594,3.336050275650062,0.0,0.0,14.866666666666667,11.530617112291425
12.93,0.002491531816969609,-0.003215445198675743,3.3412212594722477,0.0,0.0,14.883333333333333,11.542112790663088
12.94,0.0024850717853501215,-0.003207106078058633,3.346396247568543,0.0,0.0,14.899999999999999,11.553604464811379
12.950000000000001,0.002478667300656688,-0.0031988386265012023,3.351575239929331,0.0,0.0,14.916666666666668,11.565092134745559
12.96,0.0024723184484317334,-0.003190642954489898,3.3567582365252235,0.0,0.0,14.933333333333334,11.576575800494664
12.97,0.002466025313569584,-0.0031825191716770428,3.3619452373670216,0.0,0.0,14.950000000000001,11.588055462047546
12.98,0.0024597879798907685,-0.0031744673863317945,3.3671362424753313,0.0,0.0,14.966666666666669,11.599531119383256
12.99,0.002453606530308492,-0.003166487705555205,3.372331251892242,0.0,0.0,14.983333333333334,11.611002772459354
13.0,0.0024474810467745296,-0.0031585802352106325,3.377530265677924,0.0,0.0,15.0,11.62247042121533
13.01,0.002441411609492498,-0.0031507450789089266,3.382733283852768,0.0,0.0,15.0,11.617267399943392
13.02,0.002435398297767669,-0.003142982339105059,3.38794030645916,0.0,0.0,15.0,11.612060374277196
13.030000000000001,0.0024294411890320067,-0.003135292115840332,3.3931513334918963,0.0,0.0,15.0,11.606849344221802
13.040000000000001,0.0024235403588241,-0.003127674506716645,3.3983663648970883,0.0,0.0,15.0,11.60163430983096
13.05,0.0024176958819225585,-0.0031201296083589684,3.4035854006530837,0.0,0.0,15.0,11.59641527112618
13.06,0.0024119078316400945,-0.0031126575155046455,3.4088084407204526,0.0,0.0,15.0,11.59119222814675
13.07,0.002406176279424481,-0.0031052583204886747,3.4140354850137262,0.0,0.0,15.0,11.585965180978
13.08,0.002400501294922351,-0.0030979321133262133,3.419266533406259,0.0,0.0,15.0,11.580734129746444
13.09,0.002394882951533831,-0.0030906789888798247,3.4245015861228154,0.0,0.0,15.0,11.575499074227174
13.1,0.0023893213207210806,-0.0030834990395162166,3.429740643335923,0.0,0.0,15.0,11.570260014247534
13.11,0.0023838164677939516,-0.003076392349668778,3.434983704869438,0.0,0.0,15.0,11.565016949983526
13.120000000000001,0.0023783684571219814,-0.0030693590025626777,3.4402307705675237,0.0,0.0,15.0,11.559769881590858
13.13,0.002372977352179626,-0.0030623990802733985,3.4454818402974916,0.0,0.0,15.0,11.554518809202081
13.14,0.0023676432179707842,-0.0030555126668552484,3.4507369141199864,0.0,0.0,15.0,11.549263732756422
13.15,0.0023623661214074833,-0.0030486998488300017,3.45599599231724,0.0,0.0,15.0,11.54400465197152
13.16,0.0023571461259159674,-0.0030419607082275315,3.4612590750083823,0.0,0.0,15.0,11.538741566728117
13.17,0.0023519832903445954,-0.003035295321176543,3.4665261620770296,0.0,0.0,15.0,11.533474477142466
13.18,0.0023468776717891966,-0.003028703761550148,3.471797253369284,0.0,0.0,15.0,11.528203383368343
13.19,0.0023418293276321997,-0.00302218610359686,3.4770723488370887,0.0,0.0,15.0,11.52292828545367
13.200000000000001,0.002336838314841434,-0.0030157424210356426,3.482351448489325,0.0,0.0,15.0,11.517649183389448
13.21,0.0023319046893363936,-0.003009372786237968,3.487634552346679,0.0,0.0,15.0,11.512366077154866
13.22,0.002327028505723621,-0.0030030772698859693,3.4929216604233884,0.0,0.0,15.0,11.507078966735563
13.23,0.0023222098174914742,-0.002996855941223246,3.4982127727409735,0.0,0.0,15.0,11.5017878521099
13.24,0.0023174486768343405,-0.0029907088678274357,3.503507889315648,0.0,0.0,15.0,11.496492733261542
13.25,0.002312745134721411,-0.0029846361156981526,3.508807010163259,0.0,0.0,15.0,11.491193610174525
13.26,0.002308099241025572,-0.0029786377494223698,3.5141101353084263,0.0,0.0,15.0,11.485890482824114
13.27,0.0023035110444420736,-0.002972713832068418,3.519417264778644,0.0,0.0,15.0,11.480583351182698
13.280000000000001,0.0022989805925402052,-0.002966864425251448,3.524728398607231,0.0,0.0,15.0,11.475272215216842
13.290000000000001,0.002294507930992295,-0.002961089588137166,3.5300435367793166,0.0,0.0,15.0,11.469957074941306
13.3,0.0022900931012134838,-0.0029553893743945116,3.5353626790712447,0.0,0.0,15.0,11.464637930579633
13.31,0.002285736148911877,-0.002949763843226324,3.5406858256433993,0.0,0.0,15.0,11.459314781971328
13.32,0.0022814371162180073,-0.0029442130492113717,3.5460129764911037,0.0,0.0,15.0,11.45398762912096
13.33,0.0022771960423076123,-0.002938737043105105,3.5513441314880834,0.0,0.0,15.0,11.448656472154694
13.34,0.002273012967132538,-0.0029333358766511206,3.5566792906464837,0.0,0.0,15.0,11.44332131106028
13.35,0.0022688879306288095,-0.0029280096015572516,3.56201845406215,0.0,0.0,15.0,11.437982145741769
13.36,0.00226482097015453,-0.0029227582661882183,3.567361621734875,0.0,0.0,15.0,11.432638976199263
13.370000000000001,0.002260812121755139,-0.0029175819171974003,3.572708793656908,0.0,0.0,15.0,11.427291802440413
13.38,0.0022568614202666463,-0.0029124805996599136,3.578059969820003,0.0,0.0,15.0,11.421940624473361
13.39,0.0022529688993166578,-0.002907454357074252,3.583415150215457,0.0,0.0,15.0,11.416585442306717
13.4,0.002249134591324518,-0.002902503231363156,3.588774334834142,0.0,0.0,15.0,11.411226255949508
13.41,0.0022453585272703236,-0.0028976272625764934,3.594137523650626,0.0,0.0,15.0,11.405863065427067
13.42,0.002241640737449261,-0.00289282648986579,3.5995047166750735,0.0,0.0,15.0,11.40049587072914
13.43,0.002237981250934648,-0.0028881009507926514,3.604875913916321,0.0,0.0,15.0,11.395124671846798
13.44,0.002234380095523928,-0.0028834506812604617,3.6102511153782175,0.0,0.0,15.0,11.389749468776097
13.450000000000001,0.0022308372978175357,-0.002878875715617637,3.6156303210650838,0.0,0.0,15.0,11.384370261512629
13.46,0.0022273528838047726,-0.0028743760874151247,3.621013531022382,0.0,0.0,15.0,11.378987050010844
13.47,0.002223926877771564,-0.0028699518279984705,3.6264007452608102,0.0,0.0,15.0,11.373599834259958
13.48,0.002220559302702543,-0.0028656029670281456,3.631791963784432,0.0,0.0,15.0,11.368208614255819
13.49,0.0022172501805053212,-0.0028613295327704438,3.6371871866060914,0.0,0.0,15.0,11.362813389985504
13.5,0.0022139995317268517,-0.0028571315517329473,3.6425864137280364,0.0,0.0,15.0,11.35741416144668
13.51,0.0022108073752946703,-0.0028530090483320446,3.647989645124263,0.0,0.0,15.0,11.352010928665276
13.52,0.0022076737291175895,-0.002848962045669352,3.6533968807817083,0.0,0.0,15.0,11.346603691654272
13.530000000000001,0.0022045986098863045,-0.0028449905652756314,3.6588081206866185,0.0,0.0,15.0,11.341192450427341
13.540000000000001,0.0022015820331260988,-0.0028410946271798707,3.6642233648281612,0.0,0.0,15.0,11.33577720499525
13.55,0.0021986240132765293,-0.002837274250013088,3.669642613203886,0.0,0.0,15.0,11.33035795536037
13.56,0.0021957245635378956,-0.0028335294508110313,3.67506586580921,0.0,0.0,15.0,11.32493470152721
13.57,0.0021928836959367805,-0.0028298602450994876,3.6804931226418827,0.0,0.0,15.0,11.319507443497956
13.58,0.002190101421330767,-0.0028262666469009417,3.68592438370227,0.0,0.0,15.0,11.31407618127217
13.59,0.0021873777494139037,-0.0028227486687421237,3.6913596489936986,0.0,0.0,15.0,11.30864091484646
13.6,0.0021847126886793667,-0.0028193063216061898,3.69679891851985,0.0,0.0,15.0,11.30320164421708
13.61,0.002182106246331055,-0.0028159396148188984,3.702242192278666,0.0,0.0,15.0,11.297758369386024
13.620000000000001,0.0021795584284056164,-0.0028126485562062335,3.707689470270643,0.0,0.0,15.0,11.292311090352733
13.63,0.002177069239736902,-0.0028094331520485925,3.7131407524963334,0.0,0.0,15.0,11.286859807116599
13.64,0.0021746386839571904,-0.0028062934070823362,3.718596038956339,0.0,0.0,15.0,11.28140451967696
13.65,0.0021722667634985317,-0.002803229324501396,3.724055329651341,0.0,0.0,15.0,11.275945228033075
13.66,0.0021699534795942086,-0.0028002409059589553,3.729518624582097,0.0,0.0,15.0,11.270481932184136
13.67,0.002167698832280299,-0.0027973281515692007,3.73498592374947,0.0,0.0,15.0,11.265014632129228
13.68,0.00216550282039496,-0.002794491059906074,3.740457227154268,0.0,0.0,15.0,11.25954332786749
13.69,0.002163365441569713,-0.0027917296279916493,3.7459325347965806,0.0,0.0,15.0,11.254068019398785
13.700000000000001,0.0021612866922113144,-0.0027890438512723193,3.751411846674434,0.0,0.0,15.0,11.248588706725036
13.71,0.0021592665675583484,-0.002786433723691385,3.756895162787548,0.0,0.0,15.0,11.243105389846484
13.72,0.002157305061655843,-0.002783899237655805,3.762382483135499,0.0,0.0,15.0,11.237618068763505
13.73,0.002155402167356411,-0.002781440384037177,3.767873807717689,0.0,0.0,15.0,11.232126743476654
13.74,0.002153557876314206,-0.0027790571521634235,3.773369136532852,0.0,0.0,15.0,11.226631413987159
13.75,0.002151772178987456,-0.0027767495298215397,3.778868469579121,0.0,0.0,15.0,11.221132080296849
13.76,0.002150045064652451,-0.0027745175032751405,3.784371806854793,0.0,0.0,15.0,11.21562874240739
13.77,0.0021483765213964044,-0.002772361057254731,3.7898791483577705,0.0,0.0,15.0,11.210121400320848
13.780000000000001,0.0021467665361177392,-0.002770280174957579,3.7953904940854817,0.0,0.0,15.0,11.204610054039756
13.790000000000001,0.0021452150945259645,-0.002768274838047077,3.800905844034732,0.0,0.0,15.0,11.199094703567283
13.8,0.0021437221811361506,-0.002766345026645152,3.8064251982012878,0.0,0.0,15.0,11.193575348907636
13.81,0.0021422877792691814,-0.002764490719332195,3.81194855658001,0.0,0.0,15.0,11.18805199006592
13.82,0.002140911871098548,-0.0027627118932070233,3.817475919167483,0.0,0.0,15.0,11.18252462704553
13.83,0.0021395944376217833,-0.0027610085238496847,3.8230072859601734,0.0,0.0,15.0,11.176993259849976
13.84,0.002138335458662546,-0.0027593805853237652,3.828542656954449,0.0,0.0,15.0,11.171457888482868
13.85,0.002137134912873226,-0.0027578280501793966,3.834082032146646,0.0,0.0,15.0,11.16591851294785
13.86,0.0021359927777383305,-0.002756350889457301,3.8396254115331514,0.0,0.0,15.0,11.16037513324852
13.870000000000001,0.0021349090295791516,-0.0027549490726944932,3.84517279511059,0.0,0.0,15.0,11.154827749388238
13.88,0.0021338836435169446,-0.0027536225678765334,3.85072418287318,0.0,0.0,15.0,11.149276361372769
13.89,0.0021329165935721523,-0.0027523713415653103,3.8562795748193013,0.0,0.0,15.0,11.14372096920372
13.9,0.002132007852701638,-0.0027511953589469226,3.8618389709540124,0.0,0.0,15.0,11.138161572876026
13.91,0.0021311573929724318,-0.002750094584055776,3.8674023713018766,0.0,0.0,15.0,11.132598172365118
13.92,0.002130365185399697,-0.002749068979565357,3.872969775894297,0.0,0.0,15.0,11.127030767639582
13.93,0.002129631199369285,-0.0027481185060430364,3.878541184730009,0.0,0.0,15.0,11.12145935870068
13.94,0.0021289553994940833,-0.002747243117893327,3.884116597558326,0.0,0.0,15.0,11.115883945799098
13.950000000000001,0.0021283377564237592,-0.0027464427773070646,3.889696014622623,0.0,0.0,15.0,11.110304528691461
13.96,0.00212777823629478,-0.002745717440647305,3.8952794359359424,0.0,0.0,15.0,11.104721107364725
13.97,0.002127276802907234,-0.0027450670612583165,3.9008668614294013,0.0,0.0,15.0,11.09913368188778
13.98,0.00212683341771288,-0.002744491589450239,3.9064582909509005,0.0,0.0,15.0,11.093542252412728
13.99,0.0021264480456157533,-0.002743990979984658,3.9120537246666007,0.0,0.0,15.0,11.08794681877342
14.0,0.0021261206479150324,-0.002743565182968121,3.917653162572627,0.0,0.0,15.0,11.082347380973737
14.01,0.0021258511847991085,-0.002743214147071045,3.9232566046673614,0.0,0.0,15.0,11.076743939015307
14.02,0.0021256396153109527,-0.0027429378194835045,3.9288640509491333,0.0,0.0,15.0,11.071136492899818
14.030000000000001,0.0021254858973483413,-0.002742736145915997,3.9344755014162063,0.0,0.0,15.0,11.065525042629021
14.040000000000001,0.002125389987664231,-0.0027426090706003598,3.9400909560667765,0.0,0.0,15.0,11.059909588204736
14.05,0.0021253518418672553,-0.00274255653629085,3.94571041489898,0.0,0.0,15.0,11.054290129628844
14.06,0.0021253714144223914,-0.0027425784842653876,3.9513338779108897,0.0,0.0,15.0,11.048666666903296
14.07,0.0021254486586517493,-0.0027426748543269617,3.956961345100511,0.0,0.0,15.0,11.04303920003011
14.08,0.0021255835267355323,-0.0027428455848051976,3.9625928164657926,0.0,0.0,15.0,11.037407729011361
14.09,0.002125775969713133,-0.002743090612558085,3.96822829200462,0.0,0.0,15.0,11.031772253849192
14.1,0.002126025937484378,-0.0027434098729738556,3.9738677717148247,0.0,0.0,15.0,11.026132774545797
14.11,0.0021263333788109065,-0.0027438032999730086,3.9795112555941747,0.0,0.0,15.0,11.020489291103441
14.120000000000001,0.0021266982413176865,-0.002744270826010481,3.9851587436403877,0.0,0.0,15.0,11.014841803524442
14.13,0.00212712047344609,-0.002744812384596177,3.9908102359885196,0.0,0.0,15.0,11.009190311673775
14.14,0.0021276000216500232,-0.0027454279066768104,3.99646573271145,0.0,0.0,15.0,11.003534815478599
14.15,0.0021281368250645454,-0.0027461173137559992,4.0021252334451685,0.0,0.0,15.0,10.997875315302958
14.16,0.002128730829331361,-0.0027468805357353317,4.0077887383666475,0.0,0.0,15.0,10.992211810969925
14.17,0.0021293819769733595,-0.002747717498492818,4.013456247512404,0.0,0.0,15.0,10.986544302443024
14.18,0.002130090208575422,-0.0027486281254064473,4.019127760862329,0.0,0.0,15.0,10.98087278974241
14.19,0.002130855463549134,-0.002749612338340856,4.024803278394806,0.0,0.0,15.0,10.97519727288974
14.200000000000001,0.0021316776800495802,-0.0027506700575397787,4.030482800080188,0.0,0.0,15.0,10.969517751914717
14.21,0.002132556795400943,-0.002751801202175053,4.036166325906202,0.0,0.0,15.0,10.963834226829658
14.22,0.002133492746042719,-0.002753005690277182,4.041853855876245,0.0,0.0,15.0,10.958146697631218
14.23,0.0021344854673841923,-0.002754283438547614,4.047545389999256,0.0,0.0,15.0,10.952455164310512
14.24,0.0021355348938806263,-0.0027556343624572095,4.05324092829531,0.0,0.0,15.0,10.946759626847525
14.25,0.0021366409588402446,-0.0027570583759973393,4.058940470781099,0.0,0.0,15.0,10.941060085225617
14.26,0.0021378035943873963,-0.0027585553916325578,4.064644017467427,0.0,0.0,15.0,10.935356539434048
14.27,0.002139022730208959,-0.002760125318683105,4.070351568270257,0.0,0.0,15.0,10.929648989556911
14.280000000000001,0.002140298294314054,-0.0027617680643055283,4.076063123064065,0.0,0.0,15.0,10.923937435719798
14.290000000000001,0.0021416302176870882,-0.002763483539497448,4.081778682009701,0.0,0.0,15.0,10.918221877761923
14.3,0.0021430184298056854,-0.0027652716533139252,4.087498245240154,0.0,0.0,15.0,10.912502315550363
14.31,0.002144462855896368,-0.0027671323093262506,4.093221812666442,0.0,0.0,15.0,10.906778749174169
14.32,0.002145963420350456,-0.002769065410030182,4.098949384217633,0.0,0.0,15.0,10.901051178704344
14.33,0.0021475200530488418,-0.002771070865007739,4.104680960279902,0.0,0.0,15.0,10.895319603754787
14.34,0.0021491326670225464,-0.0027731485620993727,4.110416540138897,0.0,0.0,15.0,10.889584025039923
14.35,0.0021508011886831988,-0.0027752984064142146,4.11615612410399,0.0,0.0,15.0,10.883844442250453
14.36,0.0021525255428987405,-0.0027775203010697723,4.121899712452226,0.0,0.0,15.0,10.878100855109416
14.370000000000001,0.0021543056430922956,-0.002779814134414293,4.127647304723588,0.0,0.0,15.0,10.872353264076903
14.38,0.002156141417776341,-0.0027821798142683247,4.133398901605574,0.0,0.0,15.0,10.866601668465504
14.39,0.002158032777665738,-0.002784617225486066,4.139154502590211,0.0,0.0,15.0,10.860846068783273
14.4,0.002159979637286128,-0.0027871262578416387,4.14491410752108,0.0,0.0,15.0,10.855086465186709
14.41,0.002161981911498991,-0.002789706801546194,4.150677716341288,0.0,0.0,15.0,10.849322857732794
14.42,0.00216403952225018,-0.002792358755958136,4.156445329584147,0.0,0.0,15.0,10.84355524588831
14.43,0.0021661523793972833,-0.0027950820048423873,4.162216946990595,0.0,0.0,15.0,10.83778362991241
14.44,0.0021683203938573006,-0.0027978764333378772,4.167992568451833,0.0,0.0,15.0,10.832008009913977
14.450000000000001,0.0021705434772254038,-0.0028007419274660296,4.173772193985571,0.0,0.0,15.0,10.826228385875403
14.46,0.0021728215404205817,-0.0028036783723830584,4.1795558236374095,0.0,0.0,15.0,10.82044475775118
14.47,0.002175154493400609,-0.0028066856520118587,4.185343457460143,0.0,0.0,15.0,10.81465712548861
14.48,0.0021775422448465846,-0.0028097636486343353,4.191135095490661,0.0,0.0,15.0,10.808865489050905
14.49,0.002179984702467686,-0.0028129122432838504,4.196930737771851,0.0,0.0,15.0,10.80306984839528
14.5,0.002182481772233718,-0.0028161313147537946,4.202730384295305,0.0,0.0,15.0,10.797270203530246
14.51,0.0021850333568065924,-0.002819420737572203,4.208534034885807,0.0,0.0,15.0,10.79146655463112
14.52,0.0021876393609856124,-0.002822780389027574,4.214341689600797,0.0,0.0,15.0,10.785658901640572
14.530000000000001,0.0021902996888178918,-0.002826210145438476,4.22015334851898,0.0,0.0,15.0,10.77984724448
14.540000000000001,0.002193014242410714,-0.002829709880619476,4.2259690116523005,0.0,0.0,15.0,10.774031583137576
14.55,0.002195782922729737,-0.0028332794669098677,4.231788679004311,0.0,0.0,15.0,10.768211917609856
14.56,0.0021986056296660807,-0.0028369187752590235,4.2376123505746115,0.0,0.0,15.0,10.76238824789735
14.57,0.0022014822620509897,-0.002840627675244277,4.243440026359721,0.0,0.0,15.0,10.756560574003657
14.58,0.002204412717736963,-0.0028444060351748095,4.249271706358834,0.0,0.0,15.0,10.7507288959297
14.59,0.0022073968934134785,-0.002848253721853206,4.255107390559826,0.0,0.0,15.0,10.74489321368772
14.6,0.002210434684820191,-0.002852170600850148,4.260947078954844,0.0,0.0,15.0,10.739053527285686
14.61,0.0022135259867016254,-0.002856156536445692,4.266790771536724,0.0,0.0,15.0,10.733209836730888
14.620000000000001,0.002216670692633537,-0.0028602113914050664,4.272638468285712,0.0,0.0,15.0,10.7273621420432
14.63,0.0022198686956535194,-0.0028643350277925334,4.278490169216546,0.0,0.0,15.0,10.721510443208011
14.64,0.0022231198877757487,-0.002868527306345311,4.284345874342001,0.0,0.0,15.0,10.715654740212669
14.65,0.0022264241599718624,-0.002872788086449138,4.290205583671189,0.0,0.0,15.0,10.709795033048191
14.66,0.00222978140211295,-0.0028771172260637504,4.29606929720492,0.0,0.0,15.0,10.703931321713897
14.67,0.0022331915032022054,-0.002881514582023537,4.301937014953032,0.0,0.0,15.0,10.698063606200076
14.68,0.002236654351365319,-0.002885980010025557,4.307808736933548,0.0,0.0,15.0,10.692191886488844
14.69,0.002240169833514556,-0.002890513364196523,4.313684463147181,0.0,0.0,15.0,10.686316162579617
14.700000000000001,0.002243737835615486,-0.0028951144974375073,4.319564193596802,0.0,0.0,15.0,10.680436434469659
14.71,0.00224735824265787,-0.0028997832613868618,4.325447928285252,0.0,0.0,15.0,10.674552702156268
14.72,0.002251030938658641,-0.002904519506424549,4.331335667215338,0.0,0.0,15.0,10.668664965636772
14.73,0.0022547558066648953,-0.0029093230816764418,4.337227410389831,0.0,0.0,15.0,10.662773224908541
14.74,0.0022585327287569005,-0.002914193835018638,4.343123157811475,0.0,0.0,15.0,10.656877479968973
14.75,0.0022623615860511,-0.002919131613081761,4.34902290948298,0.0,0.0,15.0,10.650977730815502
14.76,0.002266242258703154,-0.0029241362612552565,4.3549266654070165,0.0,0.0,15.0,10.645073977445596
14.77,0.0022701746259109834,-0.002929207623691688,4.360834425586211,0.0,0.0,15.0,10.63916621985678
14.780000000000001,0.0022741585659178344,-0.0029343455433110234,4.366746190023159,0.0,0.0,15.0,10.633254458046602
14.790000000000001,0.002278193956015371,-0.0029395498618049213,4.372661958720412,0.0,0.0,15.0,10.62733869201266
14.8,0.0022822806725467724,-0.0029448204196410163,4.378581731680483,0.0,0.0,15.0,10.62141892175259
14.81,0.0022864185909098637,-0.0029501570560671983,4.384505508905844,0.0,0.0,15.0,10.61549514726407
14.82,0.0022906075855602657,-0.0029555596091158914,4.390433290398915,0.0,0.0,15.0,10.609567368544832
14.83,0.0022948475300145666,-0.0029610279156083454,4.396365076162082,0.0,0.0,15.0,10.603635585592645
14.84,0.0022991382968535227,-0.0029665618111589173,4.402300866197682,0.0,0.0,15.0,10.597699798405326
14.85,0.0023034797577252755,-0.002972161130179354,4.408240660508002,0.0,0.0,15.0,10.591760006980744
14.86,0.0023078717833486077,-0.0029778257058831006,4.414184459095291,0.0,0.0,15.0,10.585816211316807
14.870000000000001,0.0023123142435161996,-0.002983555370289599,4.420132261961743,0.0,0.0,15.0,10.579868411411484
14.88,0.002316807007097938,-0.0029893499542285986,4.426084069109506,0.0,0.0,15.0,10.57391660726278
14.89,0.0023213499420442403,-0.002995209287344481,4.432039880540679,0.0,0.0,15.0,10.567960798868764
14.9,0.0023259429153894076,-0.0030011331981006162,4.437999696257318,0.0,0.0,15.0,10.562000986227535
14.91,0.0023305857932549895,-0.003007121513783687,4.443963516261425,0.0,0.0,15.0,10.55603716933726
14.92,0.0023352784408531995,-0.0030131740605080773,4.449931340554948,0.0,0.0,15.0,10.550069348196155
14.93,0.00234002072249033,-0.0030192906632202495,4.455903169139791,0.0,0.0,15.0,10.54409752280248
14.94,0.0023448125015702185,-0.0030254711457031597,4.461879002017801,0.0,0.0,15.0,10.538121693154556
14.950000000000001,0.0023496536405977187,-0.0030317153305806747,4.467858839190785,0.0,0.0,15.0,10.532141859250745
14.96,0.002354544001182205,-0.0030380230393220278,4.473842680660494,0.0,0.0,15.0,10.526158021089467
14.97,0.0023594834440276496,-0.0030443940922289213,4.479830526427484,0.0,0.0,15.0,10.52017017867033
14.98,0.0023644718289907826,-0.0030508283085105103,4.4858223764957605,0.0,0.0,15.0,10.514178331989505
14.99,0.0023695090152438944,-0.003057325506493414,4.491818230885891,0.0,0.0,15.0,10.508182481026601
15.0,0.0023745948607466058,-0.003063885502939911,4.497818089591075,0.0,0.0,15.0,10.502182625788583
15.01,0.0023797292226987966,-0.0030705081136324043,4.5038219526141,0.0,0.0,15.0,10.496178766272845
15.02,0.0023849119574411567,-0.003077193153244983,4.509829819958934,0.0,0.0,15.0,10.49017090247559
15.030000000000001,0.002390142920464685,-0.0030839404353556216,4.515841691631223,0.0,0.0,15.0,10.484159034391354
15.040000000000001,0.0023954219663844946,-0.003090749772412315,4.521857567635825,0.0,0.0,15.0,10.478143162015453
15.05,0.0024007489490089945,-0.0030976209758223454,4.527877447982257,0.0,0.0,15.0,10.472123285338549
15.06,0.0024061237211059597,-0.003104553855650354,4.533901332664829,0.0,0.0,15.0,10.466099404366512
15.07,0.0024115461345488704,-0.003111548220807235,4.53992922167442,0.0,0.0,15.0,10.460071519108643
15.08,0.0024170160404284923,-0.0031186038791941964,4.545961115007532,0.0,0.0,15.0,10.454039629568621
15.09,0.00242253328898236,-0.0031257206376118273,4.551997012660082,0.0,0.0,15.0,10.448003735750715
15.1,0.0024280977295984075,-0.0031328983017649124,4.558036914627392,0.0,0.0,15.0,10.441963837659781
15.11,0.002433709210818598,-0.0031401366762672657,4.564080820904172,0.0,0.0,15.0,10.435919935301296
15.120000000000001,0.002439367580382724,-0.003147435564698461,4.570128731487952,0.0,0.0,15.0,10.429872028677915
15.13,0.0024450726852335214,-0.0031547947696106493,4.576180646379257,0.0,0.0,15.0,10.423820117789296
15.14,0.002450824371460973,-0.003162214092456959,4.582236565576529,0.0,0.0,15.0,10.417764202637184
15.15,0.002456622484339101,-0.003169693333639267,4.58829648907896,0.0,0.0,15.0,10.411704283222578
15.16,0.002462466868325524,-0.0031772322925079635,4.594360416886212,0.0,0.0,15.0,10.405640359546002
15.17,0.0024683573670711586,-0.0031848307673748508,4.60042834899891,0.0,0.0,15.0,10.399572431607014
15.18,0.002474293823510222,-0.0031924885556296897,4.606500285426024,0.0,0.0,15.0,10.393500499396843
15.19,0.002480276080390111,-0.003200205454424515,4.612576226231246,0.0,0.0,15.0,10.387424562851981
15.200000000000001,0.0024863039792741614,-0.0032079812593870196,4.618656171446174,0.0,0.0,15.0,10.381344621941025
15.21,0.0024923773598485187,-0.003215815763726432,4.6247401210081085,0.0,0.0,15.0,10.375260676726862
15.22,0.0024984960611885774,-0.003223708759868354,4.630828074870051,0.0,0.0,15.0,10.369172727256688
15.23,0.0025046599219461637,-0.0032316600396966187,4.636920033017461,0.0,0.0,15.0,10.363080773545228
15.24,0.0025108687800817877,-0.003239669394207876,4.643015995444531,0.0,0.0,15.0,10.356984815598487
15.25,0.002517122472934529,-0.0032477366136018436,4.64911596216025,0.0,0.0,15.0,10.350884853407672
15.26,0.002523420837112889,-0.0032558614871403472,4.655219933178805,0.0,0.0,15.0,10.344780886958787
15.27,0.0025297637083467805,-0.0032640438029561485,4.661327908505754,0.0,0.0,15.0,10.338672916246473
15.280000000000001,0.002536150921621783,-0.0032722833482259203,4.667439888149388,0.0,0.0,15.0,10.332560941262631
15.290000000000001,0.00254258231113046,-0.003280579909107061,4.673555872116351,0.0,0.0,15.0,10.326444962000815
15.3,0.002549057710328343,-0.0032889332708094703,4.679675860415847,0.0,0.0,15.0,10.32032497845202
15.31,0.0025555769519099093,-0.003297343217564008,4.685799853057316,0.0,0.0,15.0,10.314200990606997
15.32,0.002562139867769916,-0.003305809532571972,4.6919278500470325,0.0,0.0,15.0,10.308072998459672
15.33,0.002568746289070441,-0.0033143319980909335,4.698059851393513,0.0,0.0,15.0,10.301941002001726
15.34,0.0025753960462308566,-0.003322910395421063,4.704195857105831,0.0,0.0,15.0,10.295805001224288
15.35,0.0025820889688975904,-0.0033315445048653324,4.710335867190731,0.0,0.0,15.0,10.289664996120804
15.36,0.0025888248859250802,-0.0033402341057041187,4.716479881650475,0.0,0.0,15.0,10.283520986689219
15.370000000000001,0.0025956036254500847,-0.0033489789762902946,4.722627900489262,0.0,0.0,15.0,10.27737297292553
15.38,0.002602425014909471,-0.0033577788940713383,4.728779923714151,0.0,0.0,15.0,10.271220954822876
15.39,0.002609288880817402,-0.0033666336353008978,4.734935951313901,0.0,0.0,15.0,10.2650649323927
15.4,0.002616195048839651,-0.003375542975133849,4.741095983265241,0.0,0.0,15.0,10.258904905658472
15.41,0.002623143343852087,-0.0033845066877009316,4.747260019537827,0.0,0.0,15.0,10.25274087465074
15.42,0.0026301335896301166,-0.003393524545707067,4.753428060063868,0.0,0.0,15.0,10.246572839437489
15.43,0.00263716560965403,-0.0034025963214699925,4.759600104814868,0.0,0.0,15.0,10.24040080004742
15.44,0.0026442392270337326,-0.003411721786822343,4.76577615379769,0.0,0.0,15.0,10.23422475647387
15.450000000000001,0.0026513542646226167,-0.0034209007132578215,4.771956207058971,0.0,0.0,15.0,10.228044708670405
15.46,0.002658510545461952,-0.003430132872504057,4.778140264729382,0.0,0.0,15.0,10.221860656506552
15.47,0.0026657078909054516,-0.0034394180341013104,4.784328326845778,0.0,0.0,15.0,10.215672599945663
15.48,0.0026729461218872996,-0.0034487559670385365,4.79052039347381,0.0,0.0,15.0,10.209480538922286
15.49,0.0026802250574518836,-0.003458146437855202,4.796716464561957,0.0,0.0,15.0,10.203284473488141
15.5,0.002687544516096954,-0.0034675892123745655,4.802916540071793,0.0,0.0,15.0,10.197084403681862
15.51,0.0026949043155417643,-0.0034770840554041505,4.809120619953243,0.0,0.0,15.0,10.190880329553723
15.52,0.002702304272453672,-0.0034866307303826425,4.81532870411756,0.0,0.0,15.0,10.18467225119267
15.530000000000001,0.0027097442024145955,-0.003496228999336347,4.82154079243246,0.0,0.0,15.0,10.178460168731187
15.540000000000001,0.0027172239238964467,-0.003505878628010142,4.8277568851221915,0.0,0.0,15.0,10.172244081945232
15.55,0.002724743254209021,-0.0035155793806371065,4.83397698236421,0.0,0.0,15.0,10.166023990657552
15.56,0.0027323020066789883,-0.003525331016297223,4.840201084000011,0.0,0.0,15.0,10.15979989502685
15.57,0.002739899994149178,-0.0035351332934338967,4.846429189885193,0.0,0.0,15.0,10.15357179519773
15.58,0.002747537029079798,-0.0035449859699846066,4.85266129990004,0.0,0.0,15.0,10.147339691290107
15.59,0.002755212924948168,-0.0035548888051876795,4.858897414094915,0.0,0.0,15.0,10.14110358325382
15.6,0.002762927495126939,-0.003564841558134528,4.865137532571859,0.0,0.0,15.0,10.134863470987032
15.610000000000001,0.002770680553391046,-0.0035748439884241787,4.871381655541286,0.0,0.0,15.0,10.128619354279529
15.620000000000001,0.0027784719112688224,-0.003584895852744575,4.8776297830541555,0.0,0.0,15.0,10.122371233080552
15.63,0.0027863013783084984,-0.003594996905216919,4.883881915019323,0.0,0.0,15.0,10.116119107481447
15.64,0.002794168763367289,-0.003605146899059954,4.890138051337026,0.0,0.0,15.0,10.109862977582177
15.65,0.0028020738751528165,-0.0036153455872892882,4.896398191959037,0.0,0.0,15.0,10.103602843431165
15.66,0.0028100165221421527,-0.0036255927226135536,4.902662336872268,0.0,0.0,15.0,10.097338705041702
15.67,0.002817996512428661,-0.003635888057237479,4.908930486087099,0.0,0.0,15.0,10.091070562403607
15.68,0.002826013653507703,-0.0036462313425861233,4.915202639615076,0.0,0.0,15.0,10.084798415505531
15.69,0.002834067752311495,-0.0036566223293508066,4.921478797471279,0.0,0.0,15.0,10.078522264332598
15.700000000000001,0.0028421586151109956,-0.0036670607673634607,4.927758959663502,0.0,0.0,15.0,10.072242108877203
15.71,0.0028502860476185624,-0.0036775464057301832,4.934043126202587,0.0,0.0,15.0,10.065957949128713
15.72,0.002858449854966066,-0.0036880789928041328,4.940331297099882,0.0,0.0,15.0,10.05966978507597
15.73,0.002866649841694011,-0.0036986582761726772,4.9466234723658955,0.0,0.0,15.0,10.05337761670866
15.74,0.0028748858117298524,-0.003709284002630673,4.952919652007873,0.0,0.0,15.0,10.047081444019742
15.75,0.002883157568415985,-0.003719955918217864,4.959219836032074,0.0,0.0,15.0,10.040781267003151
15.76,0.0028914649145466145,-0.0037306737682677783,4.965524024446825,0.0,0.0,15.0,10.03447708565075
15.77,0.002899807652361517,-0.0037414372974010207,4.971832217261929,0.0,0.0,15.0,10.028168899952934
15.780000000000001,0.0029081855835371155,-0.0037522462495150795,4.978144414487241,0.0,0.0,15.0,10.021856709900046
15.790000000000001,0.002916598509186316,-0.0037631003677854897,4.984460616132347,0.0,0.0,15.0,10.01554051548269
15.8,0.002925046229856351,-0.003773999394664405,4.990780822205994,0.0,0.0,15.0,10.009220316692314
15.81,0.0029335285455126207,-0.003784943071861114,4.9971050327139706,0.0,0.0,15.0,10.00289611352332
15.82,0.002942045255629063,-0.003795931140460054,5.003433247668964,0.0,0.0,15.0,9.996567905963216
15.83,0.002950596159053448,-0.0038069633407483046,5.009765467078662,0.0,0.0,15.0,9.990235694004502
15.84,0.002959181053972349,-0.0038180394121716827,5.016101690934517,0.0,0.0,15.0,9.983899477655918
15.85,0.0029677997380187686,-0.003829159093474929,5.0224419192237155,0.0,0.0,15.0,9.977559256930462
15.860000000000001,0.002976452008045117,-0.003840322122410022,5.028786151902676,0.0,0.0,15.0,9.971215031871914
15.870000000000001,0.0029851376602528365,-0.0038515282359048737,5.035134388911681,0.0,0.0,15.0,9.964866802540172
15.88,0.002993856491084016,-0.003862777171215457,5.041486630282084,0.0,0.0,15.0,9.958514568904071
15.89,0.003002608296683909,-0.0038740686652334586,5.047842876068517,0.0,0.0,15.0,9.95215833090917
15.9,0.003011392872333289,-0.0038854024537549555,5.054203126285494,0.0,0.0,15.0,9.945798088541137
15.91,0.0030202100126071867,-0.0038967782716865513,5.060567380928191,0.0,0.0,15.0,9.93943384180498
15.92,0.003029059511519515,-0.0039081958532329545,5.066935639985973,0.0,0.0,15.0,9.933065590711522
15.93,0.0030379411625623656,-0.003919654931948223,5.073307903448759,0.0,0.0,15.0,9.926693335271024
15.94,0.003046854758736261,-0.003931155240774876,5.079684171307209,0.0,0.0,15.0,9.92031707549301
15.950000000000001,0.0030558000924508625,-0.003942696511915391,5.086064443539315,0.0,0.0,15.0,9.913936811399669
15.96,0.003064776955922759,-0.003954278477344943,5.0924487201611095,0.0,0.0,15.0,9.907552542975148
15.97,0.0030737851408507676,-0.003965900868391262,5.0988370011854345,0.0,0.0,15.0,9.901164270206785
15.98,0.003082824438391675,-0.003977563415701968,5.105229286618209,0.0,0.0,15.0,9.894771993088838
15.99,0.003091894639187163,-0.003989265849277578,5.111625576460744,0.0,0.0,15.0,9.888375711620174
16.0,0.0031009955336243527,-0.004001007898805827,5.118025870741081,0.0,0.0,15.0,9.881975425772929
16.01,0.003110126911407175,-0.004012789293106232,5.124430169460728,0.0,0.0,15.0,9.875571135545771
16.02,0.003119288561773963,-0.004024609760408619,5.130838472621808,0.0,0.0,15.0,9.869162840936749
16.03,0.003128480273507595,-0.004036469028363699,5.137250780226623,0.0,0.0,15.0,9.862750541943733
16.04,0.003137701834942342,-0.004048366824049407,5.143667092277772,0.0,0.0,15.0,9.856334238564298
16.05,0.003146953033961704,-0.004060302873965584,5.150087408777029,0.0,0.0,15.0,9.84991393079684
16.06,0.003156233658010905,-0.004072276904047742,5.1565117297261285,0.0,0.0,15.0,9.843489618639794
16.07,0.003165543494103267,-0.0040842886396730005,5.162940055126793,0.0,0.0,15.0,9.837061302091605
16.080000000000002,0.0031748823288264426,-0.004096337805666013,5.169372384980695,0.0,0.0,15.0,9.830628981150767
16.09,0.0031842499483485764,-0.004108424126305014,5.17580871928949,0.0,0.0,15.0,9.824192655815793
16.1,0.00319364613842431,-0.00412054732532782,5.182249058054807,0.0,0.0,15.0,9.817752326085214
16.11,0.00320307068440062,-0.004132707125937847,5.188693401278223,0.0,0.0,15.0,9.811307991957621
16.12,0.0032125233712225554,-0.004144903250810188,5.19514174896129,0.0,0.0,15.0,9.80485965343162
16.13,0.0032220039834387443,-0.004157135422097616,5.2015941011055,0.0,0.0,15.0,9.798407310505883
16.14,0.003231512305206854,-0.004169403361436751,5.208050457712306,0.0,0.0,15.0,9.791950963179112
16.15,0.003241048120298835,-0.004181706789954123,5.214510818783111,0.0,0.0,15.0,9.785490611450065
16.16,0.003250611212106047,-0.00419404542827231,5.220975184319265,0.0,0.0,15.0,9.779026255317548
16.17,0.0032602013636442565,-0.004206418996516081,5.227443554322053,0.0,0.0,15.0,9.772557894780428
16.18,0.0032698183575585443,-0.004218827214318605,5.233915928792719,0.0,0.0,15.0,9.76608552983762
16.19,0.0032794619761280083,-0.004231269800827583,5.240392307732421,0.0,0.0,15.0,9.759609160488113
16.2,0.0032891320012704817,-0.004243746474711526,5.246872691142257,0.0,0.0,15.0,9.75312878673096
16.21,0.003298828214547067,-0.004256256954165953,5.253357079023252,0.0,0.0,15.0,9.746644408565288
16.22,0.003308550397166639,-0.004268800956919668,5.259845471376364,0.0,0.0,15.0,9.740156025990284
16.23,0.0033182983299902577,-0.004281378200241027,5.2663378682024735,0.0,0.0,15.0,9.733663639005217
16.240000000000002,0.0033280717935355235,-0.004293988400944242,5.272834269502385,0.0,0.0,15.0,9.72716724760942
16.25,0.0033378705679808426,-0.004306631275395628,5.279334675276812,0.0,0.0,15.0,9.720666851802331
16.26,0.0033476944331697466,-0.004319306539519994,5.285839085526395,0.0,0.0,15.0,9.714162451583444
16.27,0.003357543168615064,-0.004332013908806899,5.292347500251685,0.0,0.0,15.0,9.70765404695235
16.28,0.003367416553503123,-0.004344753098316972,5.298859919453132,0.0,0.0,15.0,9.701141637908737
16.29,0.0033773143666980033,-0.004357523822688314,5.30537634313112,0.0,0.0,15.0,9.69462522445236
16.3,0.0033872363867456564,-0.004370325796142769,5.311896771285928,0.0,0.0,15.0,9.688104806583066
16.31,0.003397182391878103,-0.004383158732492252,5.318421203917738,0.0,0.0,15.0,9.681580384300817
16.32,0.003407152160017659,-0.004396022345145134,5.324949641026644,0.0,0.0,15.0,9.67505195760564
16.330000000000002,0.0034171454687864063,-0.004408916347119345,5.331482082613552,0.0,0.0,15.0,9.66851952649677
16.34,0.003427162095501664,-0.004421840451037404,5.338018528678693,0.0,0.0,15.0,9.661983090974092
16.35,0.00343720181718289,-0.004434794369136139,5.344558979222077,0.0,0.0,15.0,9.655442651037728
16.36,0.003447264410556891,-0.004447777813274173,5.3511034342436234,0.0,0.0,15.0,9.64889820668788
16.37,0.003457349652062193,-0.004460790494938312,5.357651893743194,0.0,0.0,15.0,9.642349757924812
16.38,0.003467457317853397,-0.004473832125249812,5.364204357720571,0.0,0.0,15.0,9.63579730474886
16.39,0.0034775871838083616,-0.004486902414974257,5.370760826174939,0.0,0.0,15.0,9.629240847160956
16.4,0.0034877390256669322,-0.004500001074701198,5.377321299128211,0.0,0.0,15.0,9.622680385139306
16.41,0.0034979126187690153,-0.004513127814506508,5.383885776582627,0.0,0.0,15.0,9.616115918681787
16.42,0.0035081077381850225,-0.004526282344121114,5.390454258540107,0.0,0.0,15.0,9.609547447786587
16.43,0.003518324158762691,-0.004539464372991524,5.397026745009876,0.0,0.0,15.0,9.602974972444596
16.44,0.0035285616551056476,-0.004552673610252079,5.403603236004188,0.0,0.0,15.0,9.596398492643669
16.45,0.0035388200014155064,-0.0045659097645208,5.4101837315066925,0.0,0.0,15.0,9.58981800840026
16.46,0.0035490989716357134,-0.00457917254408458,5.416768231500995,0.0,0.0,15.0,9.583233519730866
16.47,0.0035593983394989932,-0.0045924616569596784,5.42335673597476,0.0,0.0,15.0,9.576645026647935
16.48,0.0035697178785163513,-0.004605776810876548,5.429949244915323,0.0,0.0,15.0,9.570052529164222
16.490000000000002,0.0035800573622837384,-0.004619117713674605,5.436545758359779,0.0,0.0,15.0,9.563456027242742
16.5,0.0035904165640457,-0.004632484072737804,5.443146276333255,0.0,0.0,15.0,9.556855520858454
16.51,0.003600795256721105,-0.0046458755950264455,5.449750798841558,0.0,0.0,15.0,9.550251010005653
16.52,0.003611193212685453,-0.004659291986794526,5.456359325822249,0.0,0.0,15.0,9.543642494746868
16.53,0.0036216102042212037,-0.004672732954169532,5.462971857234869,0.0,0.0,15.0,9.537029975122646
16.54,0.0036320460035529543,-0.004686198203196418,5.469588393068755,0.0,0.0,15.0,9.530413451143742
16.55,0.0036425003827241847,-0.004699687439677302,5.476208933320485,0.0,0.0,15.0,9.523792922813662
16.56,0.0036529731135870693,-0.004713200369157392,5.482833477990295,0.0,0.0,15.0,9.517168390132257
16.57,0.003663463967894547,-0.0047267366970432274,5.489462027088744,0.0,0.0,15.0,9.510539853089044
16.580000000000002,0.003673972717177794,-0.004740296128444368,5.496094580617671,0.0,0.0,15.0,9.503907311682271
16.59,0.0036844991328104986,-0.004753878368256669,5.502731138581816,0.0,0.0,15.0,9.49727076590727
16.6,0.0036950429859989287,-0.00476748312115016,5.509371700986483,0.0,0.0,15.0,9.490630215758815
16.61,0.0037056040477853863,-0.004781110091574484,5.516016267837513,0.0,0.0,15.0,9.483985661231134
16.62,0.003716182089051478,-0.004794758983764387,5.522664839141322,0.0,0.0,15.0,9.47733710231789
16.63,0.003726776880513256,-0.004808429501734907,5.529317414903443,0.0,0.0,15.0,9.47068453901361
16.64,0.0037373881927173025,-0.0048221213492779325,5.535973995127131,0.0,0.0,15.0,9.464027971315106
16.65,0.003748015796065426,-0.00483583422999589,5.542634579817334,0.0,0.0,15.0,9.457367399217498
16.66,0.0037586594608013113,-0.004849567847286374,5.549299168977649,0.0,0.0,15.0,9.45070282271725
16.67,0.0037693189570277984,-0.004863321904366419,5.555967762612625,0.0,0.0,15.0,9.44403424180987
16.68,0.0037799940547195337,-0.004877096104290804,5.5626403607294295,0.0,0.0,15.0,9.43736165648825
16.69,0.0037906845237092985,-0.0048908901499363664,5.569316963334866,0.0,0.0,15.0,9.430685066745635
16.7,0.0038013901336918184,-0.004904703744008856,5.575997570435357,0.0,0.0,15.0,9.42400447257566
16.71,0.003812110654227693,-0.004918536589049834,5.582682182036979,0.0,0.0,15.0,9.417319873972298
16.72,0.003822845854735522,-0.004932388387428215,5.589370798142914,0.0,0.0,15.0,9.410631270932411
16.73,0.0038335955045265485,-0.004946258841386603,5.596063418761175,0.0,0.0,15.0,9.403938663448033
16.740000000000002,0.0038443593728204766,-0.004960147653063109,5.602760043906387,0.0,0.0,15.0,9.397242051504582
16.75,0.003855137228680794,-0.004974054524409149,5.609460673581178,0.0,0.0,15.0,9.390541435099465
16.76,0.0038659288410085794,-0.004987979157182585,5.616165307772664,0.0,0.0,15.0,9.383836814245608
16.77,0.003876733978568741,-0.005001921252982573,5.622873946464024,0.0,0.0,15.0,9.377128188959867
16.78,0.00388755240989348,-0.005015880513125702,5.629586589597958,0.0,0.0,15.0,9.370415559299571
16.79,0.003898383903407902,-0.005029856638808731,5.636303237102182,0.0,0.0,15.0,9.363698925337035
16.8,0.003909228227499952,-0.0050438493311993175,5.6430238889156685,0.0,0.0,15.0,9.356978287133314
16.81,0.003920085150857238,-0.005057858291871183,5.649748545096669,0.0,0.0,15.0,9.350253644630179
16.82,0.003930954442060065,-0.005071883222278705,5.656477205693481,0.0,0.0,15.0,9.343524997779358
16.830000000000002,0.003941835870006893,-0.005085923824306144,5.663209870875889,0.0,0.0,15.0,9.336792346411086
16.84,0.003952729202998683,-0.005099979799085173,5.6699465406710345,0.0,0.0,15.0,9.330055690498234
16.85,0.003963634209281471,-0.005114050847694962,5.676687215116717,0.0,0.0,15.0,9.323315030003025
16.86,0.003974550656721762,-0.005128136670742364,5.683431894138585,0.0,0.0,15.0,9.316570364999814
16.87,0.0039854783131633535,-0.005142236968821921,5.690180577669985,0.0,0.0,15.0,9.30982169555527
16.88,0.003996416946337492,-0.005156351442398951,5.696933265617252,0.0,0.0,15.0,9.30306902176306
16.89,0.004007366323926549,-0.0051704797918907,5.703689957879035,0.0,0.0,15.0,9.296312343724539
16.9,0.004018326213920876,-0.005184621718126007,5.710450654480991,0.0,0.0,15.0,9.289551661414054
16.91,0.004029296384760596,-0.005198776922527255,5.717215355644108,0.0,0.0,15.0,9.28278697461061
16.92,0.004040276604418573,-0.0052129451059246094,5.72398406143322,0.0,0.0,15.0,9.276018283249373
16.93,0.004051266640479739,-0.005227125968656974,5.730756771768562,0.0,0.0,15.0,9.269245587410103
16.94,0.004062266260560692,-0.0052413192111125375,5.737533486583762,0.0,0.0,15.0,9.262468887159159
16.95,0.0040732752323597915,-0.0052555245337920385,5.744314205847134,0.0,0.0,15.0,9.255688182528212
16.96,0.004084293323592375,-0.005269741637223642,5.7510989295337245,0.0,0.0,15.0,9.248903473542207
16.97,0.004095320302014647,-0.005283970221992275,5.757887657636092,0.0,0.0,15.0,9.242114760208564
16.98,0.004106355935337879,-0.005298209988627287,5.7646803901243535,0.0,0.0,15.0,9.23532204255714
16.990000000000002,0.004117399991314825,-0.005312460637712569,5.7714771269773575,0.0,0.0,15.0,9.228525320609073
17.0,0.004128452237819112,-0.00532672186998766,5.778277868222757,0.0,0.0,15.0,9.22172459433668
17.01,0.004139512442734317,-0.005340993386203015,5.785082613884257,0.0,0.0,15.0,9.214919863716224
17.02,0.004150580373963349,-0.005355274887130632,5.791891363982108,0.0,0.0,15.0,9.208111128727424
17.03,0.004161655799507514,-0.005369566073664806,5.7987041185575565,0.0,0.0,15.0,9.201298389329002
17.04,0.004172738487342943,-0.005383866646661353,5.805520877643054,0.0,0.0,15.0,9.194481645488466
17.05,0.004183828205481958,-0.005398176307015665,5.812341641268238,0.0,0.0,15.0,9.187660897176142
17.06,0.004194924721926527,-0.005412494755601612,5.819166409442431,0.0,0.0,15.0,9.180836144382662
17.07,0.004206027804722114,-0.005426821693340167,5.825995182168366,0.0,0.0,15.0,9.174007387105245
17.080000000000002,0.004217137221958365,-0.005441156821199477,5.832827959426958,0.0,0.0,15.0,9.167174625362932
17.09,0.004228252741819013,-0.005455499840258732,5.839664741213782,0.0,0.0,15.0,9.160337859160094
17.1,0.004239374132564445,-0.005469850451685047,5.846505527525866,0.0,0.0,15.0,9.153497088499646
17.11,0.004250501162507854,-0.005484208356702162,5.853350318340738,0.0,0.0,15.0,9.146652313404008
17.12,0.004261633600064487,-0.005498573256653727,5.860199113646308,0.0,0.0,15.0,9.139803533885209
17.13,0.004272771213750007,-0.005512944853000964,5.867051913438326,0.0,0.0,15.0,9.132950749947431
17.14,0.004283913772172209,-0.005527322847311755,5.873908717711445,0.0,0.0,15.0,9.12609396159596
17.150000000000002,0.0042950610440383,-0.005541706941269978,5.880769526461842,0.0,0.0,15.0,9.119233168834546
17.16,0.004306212798158382,-0.0055560968366799995,5.887634339687075,0.0,0.0,15.0,9.112368371665564
17.17,0.004317368803448872,-0.005570492235471162,5.894503157385917,0.0,0.0,15.0,9.105499570090165
17.18,0.004328528828935938,-0.00558489283970239,5.901375979558217,0.0,0.0,15.0,9.098626764108419
17.19,0.004339692643762761,-0.005599298351571772,5.908252806209163,0.0,0.0,15.0,9.091749953715063
17.2,0.004350860017185693,-0.005613708473411845,5.915133637341466,0.0,0.0,15.0,9.084869138907298
17.21,0.0043620307185802815,-0.0056281229076977305,5.922018472957776,0.0,0.0,15.0,9.07798431968239
17.22,0.004373204517442091,-0.0056425413570485175,5.928907313057758,0.0,0.0,15.0,9.071095496040583
17.23,0.004384381183398042,-0.005656963524242372,5.935800157643007,0.0,0.0,15.0,9.064202667980192
17.240000000000002,0.004395560486207265,-0.00567138911221803,5.942697006715229,0.0,0.0,15.0,9.057305835499413
17.25,0.004406742195764998,-0.005685817824080368,5.94959786027615,0.0,0.0,15.0,9.050404998596425
17.26,0.0044179260821067354,-0.005700249363106175,5.95650271832752,0.0,0.0,15.0,9.043500157269374
17.27,0.00442911191541223,-0.005714683432749886,5.963411580871051,0.0,0.0,15.0,9.036591311516448
17.28,0.004440299466009697,-0.00572911973664952,5.970324447908459,0.0,0.0,15.0,9.029678461335816
17.29,0.0044514885043798556,-0.0057435579786324145,5.977241319441373,0.0,0.0,15.0,9.02276160672575
17.3,0.00446267880116016,-0.00575799786272125,5.984162195471358,0.0,0.0,15.0,9.015840747684562
17.31,0.004473870127149001,-0.005772439093140014,5.99108707599989,0.0,0.0,15.0,9.008915884210664
17.32,0.0044850622533099205,-0.005786881374319981,5.998015961028358,0.0,0.0,15.0,9.001987016302548
17.330000000000002,0.004496254950775869,-0.005801324410905748,6.004948850558027,0.0,0.0,15.0,8.995054143958827
17.34,0.0045074479908533875,-0.00581576790776115,6.011885744589991,0.0,0.0,15.0,8.98811726717828
17.35,0.004518641145026367,-0.005830211569974644,6.01882664312483,0.0,0.0,15.0,8.981176385960204
17.36,0.004529834184962218,-0.005844655102867788,6.0257715461635915,0.0,0.0,15.0,8.974231500303413
17.37,0.004541026882515109,-0.005859098211999871,6.032720453707235,0.0,0.0,15.0,8.967282610206817
17.38,0.004552219009730272,-0.005873540603173986,6.039673365756565,0.0,0.0,15.0,8.960329715669475
17.39,0.004563410338848453,-0.005887981982443175,6.046630282312303,0.0,0.0,15.0,8.953372816690525
17.400000000000002,0.004574600642310284,-0.005902422056116549,6.053591203375077,0.0,0.0,15.0,8.946411913269193
17.41,0.004585789692760649,-0.00591686053076529,6.06055612894542,0.0,0.0,15.0,8.939447005404807
17.42,0.004596977263053138,-0.005931297113228814,6.067525059023806,0.0,0.0,15.0,8.932478093096734
17.43,0.0046081631262543925,-0.005945731510620689,6.074497993610608,0.0,0.0,15.0,8.925505176344455
17.44,0.00461934705564862,-0.005960163430334835,6.0814749327061906,0.0,0.0,15.0,8.91852825514745
17.45,0.004630528824741961,-0.0059745925800514235,6.088455876310854,0.0,0.0,15.0,8.911547329505256
17.46,0.004641708207266937,-0.005989018667742922,6.095440824424879,0.0,0.0,15.0,8.904562399417433
17.47,0.004652884977186878,-0.006003441401680015,6.102429777048521,0.0,0.0,15.0,8.897573464883564
17.48,0.004664058908700378,-0.006017860490437602,6.109422734182055,0.0,0.0,15.0,8.890580525903204
17.490000000000002,0.004675229776245717,-0.006032275642900673,6.11641969582575,0.0,0.0,15.0,8.88358358247591
17.5,0.004686397354505253,-0.006046686568270162,6.123420661979902,0.0,0.0,15.0,8.876582634601219
17.51,0.0046975614184099216,-0.006061092976068849,6.1304256326448385,0.0,0.0,15.0,8.869577682278624
17.52,0.00470872174314358,-0.006075494576147099,6.137434607820921,0.0,0.0,15.0,8.862568725507582
17.53,0.004719878104147355,-0.006089891078688535,6.144447587508375,0.0,0.0,15.0,8.85555576428769
17.54,0.00473103027712395,-0.006104282194215672,6.151464571707111,0.0,0.0,15.0,8.848538798618844
17.55,0.004742178038042689,-0.006118667633596443,6.158485560417496,0.0,0.0,15.0,8.841517828500493
17.56,0.004753321163143581,-0.006133047108049439,6.165510553639943,0.0,0.0,15.0,8.83449285393203
17.57,0.004764459428941735,-0.006147420329149611,6.172539551374898,0.0,0.0,15.0,8.82746387491282
17.580000000000002,0.004775592612231767,-0.006161787008833903,6.179572553622845,0.0,0.0,15.0,8.820430891442173
17.59,0.0047867204900922085,-0.00617614685940686,6.18660956038428,0.0,0.0,15.0,8.813393903519396
17.6,0.004797842839889903,-0.0061904995935462654,6.193650571659732,0.0,0.0,15.0,8.806352911143756
17.61,0.004808959439284334,-0.006204844924308596,6.200695587449701,0.0,0.0,15.0,8.799307914314545
17.62,0.0048200700662321015,-0.006219182565134673,6.207744607754682,0.0,0.0,15.0,8.792258913031059
17.63,0.004831174498991253,-0.006233512229855138,6.214797632575123,0.0,0.0,15.0,8.785205907292635
17.64,0.004842272516125744,-0.006247833632696025,6.221854661911409,0.0,0.0,15.0,8.778148897098676
17.650000000000002,0.0048533638965098,-0.006262146488284244,6.228915695763821,0.0,0.0,15.0,8.771087882448677
17.66,0.00486444841933377,-0.006276450511654928,6.235980734131021,0.0,0.0,15.0,8.764022863343754
17.67,0.004875525864104347,-0.006290745418251518,6.243049777013601,0.0,0.0,15.0,8.756953839783096
17.68,0.004886596010650607,-0.006305030923933368,6.250122824413006,0.0,0.0,15.0,8.749880811765026
17.69,0.004897658639130322,-0.00631930674498362,6.257199876329947,0.0,0.0,15.0,8.742803779288597
17.7,0.004908713530028403,-0.006333572598106984,6.264280932767395,0.0,0.0,15.0,8.73572274235061
17.71,0.004919760464176205,-0.006347828200454339,6.27136599372302,0.0,0.0,15.0,8.728637700953156
17.72,0.0049307992227489985,-0.006362073269619241,6.27845505919304,0.0,0.0,15.0,8.72154865509978
17.73,0.004941829587270439,-0.006376307523643395,6.285548129172282,0.0,0.0,15.0,8.714455604795402
17.740000000000002,0.004952851339617541,-0.006390530681022789,6.2926452036540095,0.0,0.0,15.0,8.707358550046525
17.75,0.004963864262021684,-0.0064047424607087105,6.2997462826315065,0.0,0.0,15.0,8.700257490859606
17.76,0.004974868137076266,-0.006418942582117323,6.30685136609654,0.0,0.0,15.0,8.69315242724263
17.77,0.004985862747769886,-0.0064331307651721275,6.313960454027321,0.0,0.0,15.0,8.686043359217134
17.78,0.004996847877460867,-0.006447306730270828,6.321073546402209,0.0,0.0,15.0,8.678930286804492
17.79,0.0050078233098417215,-0.006461470198239229,6.3281906432157236,0.0,0.0,15.0,8.671813210009931
17.8,0.005018788829012351,-0.006475620890425248,6.335311744449355,0.0,0.0,15.0,8.664692128851692
17.81,0.005029744219411458,-0.006489758528610215,6.34243685010107,0.0,0.0,15.0,8.657567043331548
17.82,0.0050406892658182755,-0.006503882835010713,6.3495659601729795,0.0,0.0,15.0,8.650437953447112
17.830000000000002,0.005051623753353823,-0.006517993532280007,6.356699074693818,0.0,0.0,15.0,8.643304859169374
17.84,0.005062547467555499,-0.006532090343603802,6.363836193682296,0.0,0.0,15.0,8.636167760479356
17.85,0.005073460194275314,-0.006546172992568828,6.370977317192792,0.0,0.0,15.0,8.629026657322393
17.86,0.005084361719826805,-0.006560241203351843,6.378122445246857,0.0,0.0,15.0,8.62188154967666
17.87,0.005095251830929882,-0.006574294700648354,6.385271577860835,0.0,0.0,15.0,8.61473243752552
17.88,0.0051061303146575235,-0.006588333209603762,6.39242471506714,0.0,0.0,15.0,8.607579320836276
17.89,0.005116996958613816,-0.006602356456042738,6.399581856854778,0.0,0.0,15.0,8.600422199619631
17.900000000000002,0.005127851550901701,-0.006616364166427536,6.406743003184346,0.0,0.0,15.0,8.593261073914693
17.91,0.005138693879962988,-0.0066303560676517805,6.413908154044598,0.0,0.0,15.0,8.586095943732413
17.92,0.005149523734704266,-0.006644331887202678,6.421077309413224,0.0,0.0,15.0,8.578926809094805
17.93,0.005160340904501737,-0.006658291353167182,6.428250469255774,0.0,0.0,15.0,8.571753670036014
17.94,0.005171145179270306,-0.006672234194320918,6.435427633507076,0.0,0.0,15.0,8.564576526620908
17.95,0.005181936349472068,-0.006686160140138965,6.442608802072216,0.0,0.0,15.0,8.557395378944092
17.96,0.005192714205533328,-0.006700068920044022,6.449793975003201,0.0,0.0,15.0,8.550210226953247
17.97,0.005203478537681258,-0.006713960263195511,6.456983152536867,0.0,0.0,15.0,8.543021070411228
17.98,0.005214229137260922,-0.006727833900187335,6.464176334702421,0.0,0.0,15.0,8.535827909288512
17.990000000000002,0.005224965796560585,-0.006741689562822601,6.47137352138772,0.0,0.0,15.0,8.528630743696917
18.0,0.005235688308311665,-0.006755526983468792,6.47857471249083,0.0,0.0,15.0,8.521429573738063
18.01,0.005246396465622786,-0.006769345894972659,6.485779907938351,0.0,0.0,15.0,8.514224399485018
18.02,0.005257090062099512,-0.0067831460308146,6.492989107651239,0.0,0.0,15.0,8.507015221016502
18.03,0.0052677688913066656,-0.006796927124415325,6.500202311689231,0.0,0.0,15.0,8.49980203827245
18.04,0.005278432747325894,-0.006810688909854847,6.507419520101428,0.0,0.0,15.0,8.492584851203427
18.05,0.005289081424242265,-0.006824431121210544,6.514640733070448,0.0,0.0,15.0,8.48536365962648
18.06,0.005299714717086024,-0.006838153493771503,6.521865950633232,0.0,0.0,15.0,8.478138463504324
18.07,0.005310332421413714,-0.006851855763498621,6.529095172812701,0.0,0.0,15.0,8.470909262813699
18.080000000000002,0.005320934333761671,-0.006865537667609694,6.536328399506045,0.0,0.0,15.0,8.463676057657072
18.09,0.0053315202510133995,-0.006879198943763804,6.543565630643373,0.0,0.0,15.0,8.456438848103987
18.1,0.005342089970446024,-0.006892839330121634,6.550806866187959,0.0,0.0,15.0,8.449197634190824
18.11,0.005352643289760792,-0.006906458565385266,6.55805210612615,0.0,0.0,15.0,8.441952415930881
18.12,0.005363180007102638,-0.0069200563888239235,6.565301350459514,0.0,0.0,15.0,8.434703193322235
18.13,0.005373699921079701,-0.006933632540299796,6.572554599199127,0.0,0.0,15.0,8.427449966353455
18.14,0.005384202830808832,-0.006947186760327441,6.579811852356252,0.0,0.0,15.0,8.420192735012916
18.150000000000002,0.0053946885359435525,-0.006960718790110618,6.587073109935903,0.0,0.0,15.0,8.412931499295237
18.16,0.00540515683664623,-0.006974228371507223,6.594338371945923,0.0,0.0,15.0,8.40566625919222
18.17,0.0054156075335959385,-0.006987715247040338,6.601607638394901,0.0,0.0,15.0,8.3983970146949
18.18,0.005426040427990788,-0.007001179159902212,6.608880909292165,0.0,0.0,15.0,8.391123765793582
18.19,0.005436455321558498,-0.007014619853968953,6.616158184645129,0.0,0.0,15.0,8.383846512480474
18.2,0.005446852016561931,-0.00702803707380876,6.623439464458414,0.0,0.0,15.0,8.376565254750586
18.21,0.005457230315790582,-0.0070414305646721125,6.630724748737773,0.0,0.0,15.0,8.369279992597782
18.22,0.005467590022553221,-0.0070548000724834515,6.638014037493312,0.0,0.0,15.0,8.361990726011577
18.23,0.005477930940697852,-0.007068145343868155,6.645307330733087,0.0,0.0,15.0,8.354697454983532
18.240000000000002,0.005488252874604603,-0.007081466126144606,6.652604628466722,0.0,0.0,15.0,8.347400179503634
18.25,0.005498555629194849,-0.00709476216733728,6.659905930703364,0.0,0.0,15.0,8.340098899562353
18.26,0.0055088390099381134,-0.007108033216186975,6.667211237450625,0.0,0.0,15.0,8.332793615151678
18.27,0.005519102822830945,-0.007121279022124972,6.674520548718952,0.0,0.0,15.0,8.325484326260778
18.28,0.005529346874403483,-0.007134499335282914,6.681833864520424,0.0,0.0,15.0,8.318171032877169
18.29,0.005539570971819679,-0.007147693906623523,6.689151184842104,0.0,0.0,15.0,8.310853735013398
18.3,0.005549774922891254,-0.007160862487960086,6.696472509662236,0.0,0.0,15.0,8.303532432690814
18.31,0.005559958536258121,-0.007174004832190697,6.7037978389082955,0.0,0.0,15.0,8.296207125981542
18.32,0.005570121620935389,-0.007187120692715517,6.711127172546924,0.0,0.0,15.0,8.288877814918536
18.330000000000002,0.005580263986065022,-0.007200209823118207,6.718460510634247,0.0,0.0,15.0,8.281544499445257
18.34,0.005590385441450782,-0.007213271977857905,6.72579785321369,0.0,0.0,15.0,8.274207179517878
18.35,0.005600485797670311,-0.007226306912415726,6.733139200277041,0.0,0.0,15.0,8.266865855144191
18.36,0.0056105648659306485,-0.007239314383110152,6.740484551804443,0.0,0.0,15.0,8.259520526343639
18.37,0.005620622457993237,-0.007252294147001475,6.747833907776057,0.0,0.0,15.0,8.252171193135647
18.38,0.005630658386276029,-0.007265245962024142,6.755187268156043,0.0,0.0,15.0,8.244817855555631
18.39,0.005640672463512431,-0.007278169586546744,6.7625446329596395,0.0,0.0,15.0,8.237460513587937
18.400000000000002,0.005650664503010573,-0.007291064779705926,6.769906002202178,0.0,0.0,15.0,8.230099167216803
18.41,0.005660634318683884,-0.007303931301444786,6.777271375894501,0.0,0.0,15.0,8.22273381643096
18.42,0.005670581724967044,-0.007316768912402761,6.784640754063444,0.0,0.0,15.0,8.215364461203148
18.43,0.00568050653699628,-0.007329577374146211,6.7920141367097155,0.0,0.0,15.0,8.207991101532222
18.44,0.005690408570490789,-0.0073423564490128984,6.799391523835559,0.0,0.0,15.0,8.20061373741551
18.45,0.005700287641777677,-0.007355105900141336,6.806772915441212,0.0,0.0,15.0,8.193232368852339
18.46,0.005710143567787195,-0.007367825491461566,6.814158311526721,0.0,0.0,15.0,8.185846995842219
18.47,0.005719976166057096,-0.007380514987697703,6.821547712092111,0.0,0.0,15.0,8.17845761838469
18.48,0.005729785254738137,-0.0073931741543719325,6.828941117137408,0.0,0.0,15.0,8.171064236479285
18.490000000000002,0.005739570652599511,-0.007405802757808516,6.8363385266626455,0.0,0.0,15.0,8.163666850125523
18.5,0.005749332179034171,-0.0074184005651378076,6.84373994066784,0.0,0.0,15.0,8.156265459322944
18.51,0.0057590696540640585,-0.007430967344300291,6.85114535915301,0.0,0.0,15.0,8.148860064071076
18.52,0.005768782898345175,-0.007443502864050618,6.858554782118173,0.0,0.0,15.0,8.141450664369458
18.53,0.005778471733172439,-0.007456006893961616,6.865968209563348,0.0,0.0,15.0,8.134037260217612
18.54,0.005788135980484302,-0.0074684792044282106,6.873385641488525,0.0,0.0,15.0,8.1266198516151
18.55,0.005797775462867291,-0.007480919566671487,6.880807077893711,0.0,0.0,15.0,8.119198438561455
18.56,0.005807390003560199,-0.007493327752742568,6.888232518778873,0.0,0.0,15.0,8.111773021056248
18.57,0.005816979426458181,-0.007505703535526633,6.895661964143986,0.0,0.0,15.0,8.104343599099048
18.580000000000002,0.005826543556116614,-0.00751804668874683,6.903095413988987,0.0,0.0,15.0,8.096910172689457
18.59,0.005836082217754772,-0.007530356986968261,6.9105328683138065,0.0,0.0,15.0,8.089472741827075
18.6,0.005845595237259309,-0.007542634205601921,6.917974327118346,0.0,0.0,15.0,8.082031306511539
18.61,0.0058550824411875875,-0.007554878120908665,6.925419790402481,0.0,0.0,15.0,8.0745858667425
18.62,0.005864543656770826,-0.007567088510003155,6.932869258166047,0.0,0.0,15.0,8.067136422519656
18.63,0.005873978711917101,-0.007579265150857838,6.940322730408838,0.0,0.0,15.0,8.059682973842742
18.64,0.005883387435214265,-0.007591407822306953,6.947780207130633,0.0,0.0,15.0,8.0522255207115
18.650000000000002,0.005892769655932624,-0.0076035163040504465,6.955241688331154,0.0,0.0,15.0,8.044764063125744
18.66,0.005902125204027598,-0.007615590376657963,6.962707174010077,0.0,0.0,15.0,8.037298601085304
18.67,0.005911453910142248,-0.007627629821572834,6.970176664167038,0.0,0.0,15.0,8.029829134590077
18.68,0.005920755605609658,-0.0076396344211159825,6.977650158801594,0.0,0.0,15.0,8.02235566364002
18.69,0.005930030122455369,-0.007651603958489948,6.98512765791327,0.0,0.0,15.0,8.014878188235128
18.7,0.005939277293399602,-0.007663538217782782,6.992609161501514,0.0,0.0,15.0,8.007396708375468
18.71,0.00594849695185951,-0.007675436983971986,7.000094669565709,0.0,0.0,15.0,7.999911224061168
18.72,0.005957688931951391,-0.007687300042928445,7.0075841821051705,0.0,0.0,15.0,7.992421735292429
18.73,0.005966853068492809,-0.007699127181420286,7.015077699119136,0.0,0.0,15.0,7.984928242069521
18.740000000000002,0.005975989197004738,-0.0077109181871167845,7.022575220606765,0.0,0.0,15.0,7.9774307443927945
18.75,0.00598509715371368,-0.00772267284859219,7.030076746567134,0.0,0.0,15.0,7.969929242262681
18.76,0.005994176775553768,-0.007734390955329559,7.037582276999223,0.0,0.0,15.0,7.962423735679704
18.77,0.0060032279001688855,-0.007746072297724545,7.045091811901917,0.0,0.0,15.0,7.9549142246444875
18.78,0.006012250365914806,-0.007757716667089201,7.052605351274027,0.0,0.0,15.0,7.947400709157717
18.79,0.006021244011861271,-0.007769323855655659,7.060122895114235,0.0,0.0,15.0,7.9398831892202155
18.8,0.006030208677794186,-0.00778089365657986,7.067644443421127,0.0,0.0,15.0,7.932361664832896
18.81,0.0060391442042177865,-0.007792425863945226,7.0751699961931696,0.0,0.0,15.0,7.92483613599679
18.82,0.006048050432356866,-0.00780392027276631,7.08269955342874,0.0,0.0,15.0,7.917306602713017
18.830000000000002,0.006056927204158948,-0.007815376678992353,7.090233115126066,0.0,0.0,15.0,7.909773064982844
18.84,0.006065774362296588,-0.007826794879510865,7.097770681283257,0.0,0.0,15.0,7.902235522807656
18.85,0.006074591750169704,-0.007838174672151208,7.105312251898317,0.0,0.0,15.0,7.8946939761889405
18.86,0.006083379211907834,-0.007849515855687985,7.112857826969087,0.0,0.0,15.0,7.887148425128349
18.87,0.006092136592372562,-0.007860818229844593,7.1204074064933,0.0,0.0,15.0,7.879598869627638
18.88,0.006100863737159864,-0.00787208159529658,7.127960990468519,0.0,0.0,15.0,7.872045309688732
18.89,0.006109560492602592,-0.007883305753675098,7.135518578892192,0.0,0.0,15.0,7.864487745313671
18.900000000000002,0.006118226705772897,-0.007894490507570176,7.143080171761597,0.0,0.0,15.0,7.856926176504662
18.91,0.006126862224484715,-0.007905635660534097,7.1506457690738685,0.0,0.0,15.0,7.849360603264056
18.92,0.006135466897296317,-0.007916741017084703,7.158215370826,0.0,0.0,15.0,7.841791025594343
18.93,0.006144040573512799,-0.007927806382708588,7.165788977014808,0.0,0.0,15.0,7.834217443498189
18.94,0.006152583103188667,-0.007938831563864362,7.173366587636956,0.0,0.0,15.0,7.826639856978411
18.95,0.0061610943371303946,-0.007949816367985843,7.180948202688929,0.0,0.0,15.0,7.819058266038002
18.96,0.006169574126899032,-0.007960760603485228,7.188533822167062,0.0,0.0,15.0,7.811472670680109
18.97,0.006178022324794804,-0.007971664079733033,7.196123446069776,0.0,0.0,15.0,7.803883070905786
18.98,0.006186438783887166,-0.007982526607096599,7.203717074394094,0.0,0.0,15.0,7.796289466717488
18.990000000000002,0.006194823358009531,-0.007993347996933058,7.211314707136649,0.0,0.0,15.0,7.788691858118057
19.0,0.006203175901759121,-0.00800412806158879,7.218916344294009,0.0,0.0,15.0,7.7810902451103985
19.01,0.006211496270488363,-0.008014866614388032,7.226521985865757,0.0,0.0,15.0,7.773484627694405
19.02,0.006219784319935822,-0.008025563469156406,7.2341316318990545,0.0,0.0,15.0,7.765875005822385
19.03,0.006228039906916391,-0.008036218441110961,7.241745282400124,0.0,0.0,15.0,7.758261379487588
19.04,0.006236262889010894,-0.008046831346459097,7.2493629373746895,0.0,0.0,15.0,7.75064374868376
19.05,0.0062444531250492145,-0.008057402003020795,7.256984596769444,0.0,0.0,15.0,7.743022113463678
19.06,0.006252610474194258,-0.00806793022904538,7.264610260594038,0.0,0.0,15.0,7.73539647381716
19.07,0.006260734795859013,-0.008078415843102822,7.27223992892056,0.0,0.0,15.0,7.727766829671586
19.080000000000002,0.006268825951670107,-0.008088858666615234,7.279873601644304,0.0,0.0,15.0,7.720133181131128
19.09,0.006276883803914992,-0.00809925852185122,7.287511278677499,0.0,0.0,15.0,7.712495528283026
19.1,0.006284908215061777,-0.008109615231304032,7.295152960002099,0.0,0.0,15.0,7.704853871144792
19.11,0.006292899048133521,-0.008119928618172411,7.302798645632879,0.0,0.0,15.0,7.697208209701115
19.12,0.006300856167004513,-0.008130198506741206,7.310448335579798,0.0,0.0,15.0,7.689558543941498
19.13,0.006308779436339771,-0.008140424722302331,7.318102029855105,0.0,0.0,15.0,7.681904873853158
19.14,0.006316668721595845,-0.008150607091155624,7.3257597284730736,0.0,0.0,15.0,7.674247199421281
19.150000000000002,0.0063245238890482875,-0.00816074544064458,7.33342143144669,0.0,0.0,15.0,7.666585520632342
19.16,0.006332344805801745,-0.008170839599170289,7.341087138786459,0.0,0.0,15.0,7.658919837475301
19.17,0.006340131339774363,-0.00818088939617267,7.348756850502528,0.0,0.0,15.0,7.651250149939467
19.18,0.006347883359667422,-0.008190894662093042,7.356430566608806,0.0,0.0,15.0,7.643576458010393
19.19,0.0063556007349751895,-0.008200855228389039,7.364108287121655,0.0,0.0,15.0,7.635898761671173
19.2,0.0063632833360136,-0.008210770927573928,7.371790012056181,0.0,0.0,15.0,7.628217060906165
19.21,0.006370931033944689,-0.008220641593250758,7.379475741422991,0.0,0.0,15.0,7.620531355704215
19.22,0.006378543700557817,-0.008230467059832693,7.387165475254593,0.0,0.0,15.0,7.612841646032274
19.23,0.00638612120886251,-0.008240247163310638,7.394859213537702,0.0,0.0,15.0,7.605147931903087
19.240000000000002,0.006393663433157649,-0.008249981741345135,7.402556956203891,0.0,0.0,15.0,7.597450213384535
19.25,0.006401170249704765,-0.008259670634137772,7.410258703055424,0.0,0.0,15.0,7.589748490673817
19.26,0.006408641534168103,-0.008269313681130668,7.41796445405901,0.0,0.0,15.0,7.58204276380368
19.27,0.006416077160719889,-0.008278910719854343,7.425674209445512,0.0,0.0,15.0,7.574333032542714
19.28,0.006423477004349749,-0.008288461588909519,7.433387969440398,0.0,0.0,15.0,7.566619296664901
19.29,0.006430840943113024,-0.008297966130869909,7.441105734012765,0.0,0.0,15.0,7.5589015562006
19.3,0.0064381688577482945,-0.008307424191790315,7.4488275029263615,0.0,0.0,15.0,7.551179811385521
19.31,0.0064454606300029865,-0.008316835619047405,7.456553275926886,0.0,0.0,15.0,7.543454062473426
19.32,0.006452716136868391,-0.008326200253902115,7.464283053377398,0.0,0.0,15.0,7.535724309100704
19.330000000000002,0.006459935258801177,-0.008335517942108168,7.472016835345866,0.0,0.0,15.0,7.527990551198838
19.34,0.006467117879641196,-0.00834478853380616,7.479754621619302,0.0,0.0,15.0,7.520252788980274
19.35,0.00647426388287403,-0.008354011878701004,7.487496412116006,0.0,0.0,15.0,7.512511022526168
19.36,0.0064813731529393135,-0.008363187827749533,7.495242206740743,0.0,0.0,15.0,7.504765251931212
19.37,0.006488445573755807,-0.008372316231256569,7.502992005546888,0.0,0.0,15.0,7.497015477141481
19.38,0.006495481029222406,-0.008381396939520079,7.510745808682679,0.0,0.0,15.0,7.48926169800819
19.39,0.006502479404229441,-0.008390429804134574,7.518503616273226,0.0,0.0,15.0,7.481503914405679
19.400000000000002,0.006509440585583987,-0.008399414679183188,7.526265428325701,0.0,0.0,15.0,7.47374212632623
19.41,0.006516364461460614,-0.008408351420527057,7.534031244792817,0.0,0.0,15.0,7.465976333816583
19.42,0.006523250921181574,-0.008417239885519678,7.541801065595578,0.0,0.0,15.0,7.45820653695519
19.43,0.006530099854575425,-0.00842607993217714,7.54957489069237,0.0,0.0,15.0,7.45043273578312
19.44,0.006536911152105675,-0.008434871419341941,7.557352720065236,0.0,0.0,15.0,7.442654930317784
19.45,0.0065436847048331494,-0.008443614206632004,7.5651345537233805,0.0,0.0,15.0,7.4348731205494305
19.46,0.006550420404748313,-0.008452308154867154,7.572920391668538,0.0,0.0,15.0,7.427087306475779
19.47,0.006557118144634548,-0.008460953125890328,7.580710233909688,0.0,0.0,15.0,7.419297488087305
19.48,0.0065637778180853605,-0.008469548982587383,7.588504080461464,0.0,0.0,15.0,7.411503665368829
19.490000000000002,0.006570399319491899,-0.008478095588868695,7.596301931345837,0.0,0.0,15.0,7.4037058382978325
19.5,0.006576982544172058,-0.008486592809833417,7.6041037865784435,0.0,0.0,15.0,7.395904006858135
19.51,0.006583527388324939,-0.00849504051170858,7.611909646173683,0.0,0.0,15.0,7.388098171034792
19.52,0.00659003374901069,-0.008503438561821034,7.619719510147132,0.0,0.0,15.0,7.380288330811682
19.53,0.006596501524067441,-0.008511786828488323,7.627533378524814,0.0,0.0,15.0,7.372474486162235
19.54,0.0066029306125227095,-0.00852008518154766,7.6353512513006025,0.0,0.0,15.0,7.364656637092036
19.55,0.006609320914821126,-0.008528333492648092,7.6431731284133315,0.0,0.0,15.0,7.356834783661708
19.56,0.006615672332754945,-0.008536531635159291,7.6509990097547105,0.0,0.0,15.0,7.349008925979001
19.57,0.006621984767267187,-0.008544679481335832,7.658828895395342,0.0,0.0,15.0,7.341179063972768
19.580000000000002,0.006628258120305242,-0.008552776904707515,7.666662785393148,0.0,0.0,15.0,7.333345197584542
19.59,0.006634492295197922,-0.008560823780564832,7.674500679755013,0.0,0.0,15.0,7.325507326806901
19.6,0.006640687196203955,-0.00856881998537571,7.682342578483568,0.0,0.0,15.0,7.317665451636669
19.61,0.006646842728519182,-0.008576765396794426,7.690188481576513,0.0,0.0,15.0,7.309819572075607
19.62,0.006652958798259655,-0.008584659893639757,7.698038389028603,0.0,0.0,15.0,7.301969688128421
19.63,0.006659035312404473,-0.00859250335582166,7.705892300837565,0.0,0.0,15.0,7.294115799796842
19.64,0.006665072178937296,-0.00860029566452459,7.713750216989844,0.0,0.0,15.0,7.286257907093889
19.650000000000002,0.006671069306749428,-0.008608036702083531,7.721612137470525,0.0,0.0,15.0,7.278396010033937
19.66,0.006677026605615269,-0.00861572635195369,7.729478062265816,0.0,0.0,15.0,7.270530108630243
19.67,0.006682943986363083,-0.008623364498932458,7.737347991346014,0.0,0.0,15.0,7.262660202911974
19.68,0.0066888213602467154,-0.008630951028350563,7.745221924728396,0.0,0.0,15.0,7.254786292861313
19.69,0.006694658639475822,-0.008638485826758214,7.753099862423905,0.0,0.0,15.0,7.246908378466785
19.7,0.006700455737307996,-0.008645968782045948,7.7609818044280185,0.0,0.0,15.0,7.239026459732378
19.71,0.006706212567513273,-0.008653399782755932,7.768867750774147,0.0,0.0,15.0,7.231140536624146
19.72,0.006711929045102216,-0.008660778719023465,7.776757701460509,0.0,0.0,15.0,7.223250609143338
19.73,0.006717605085967667,-0.008668105482116934,7.784651656486864,0.0,0.0,15.0,7.215356677289661
19.740000000000002,0.006723240606896726,-0.008675379964455252,7.792549615853006,0.0,0.0,15.0,7.2074587410627915
19.75,0.006728835525571195,-0.00868260205961032,7.800451579558644,0.0,0.0,15.0,7.199556800462489
19.76,0.006734389760568018,-0.008689771662309314,7.808357547603469,0.0,0.0,15.0,7.191650855488534
19.77,0.0067399032313597345,-0.008696888668436749,7.816267519987106,0.0,0.0,15.0,7.183740906140775
19.78,0.006745375858314988,-0.008703952975036556,7.824181496709147,0.0,0.0,15.0,7.175826952419089
19.79,0.006750807562699071,-0.00871096448031397,7.832099477769121,0.0,0.0,15.0,7.167908994323423
19.8,0.006756198266674553,-0.008717923083637386,7.840021463166531,0.0,0.0,15.0,7.159987031853748
19.81,0.006761547893301891,-0.008724828685540044,7.847947452900818,0.0,0.0,15.0,7.1520610650101
19.82,0.006766856366540102,-0.008731681187721637,7.855877446971362,0.0,0.0,15.0,7.1441310937925735
19.830000000000002,0.006772123611247467,-0.008738480493049821,7.863811445377501,0.0,0.0,15.0,7.136197118201309
19.84,0.0067773495531822684,-0.0087452265055616,7.8717494481185195,0.0,0.0,15.0,7.128259138236505
19.85,0.006782534119003523,-0.008751919130464586,7.879691455193646,0.0,0.0,15.0,7.120317153898409
19.86,0.0067876772362717545,-0.008758558274138252,7.887637466602064,0.0,0.0,15.0,7.112371165187318
19.87,0.006792778833449764,-0.008765143844134935,7.8955874823428775,0.0,0.0,15.0,7.104421172103615
19.88,0.006797838839903431,-0.008771675749180908,7.903541502415158,0.0,0.0,15.0,7.09646717464771
19.89,0.0068028571859024695,-0.008778153899177223,7.911499526817888,0.0,0.0,15.0,7.088509172820107
19.900000000000002,0.006807833802621274,-0.008784578205200615,7.919461555550035,0.0,0.0,15.0,7.080547166621323
19.91,0.00681276862213966,-0.008790948579504167,7.927427588610474,0.0,0.0,15.0,7.0725811560519745
19.92,0.0068176615774436546,-0.008797264935518018,7.935397625998027,0.0,0.0,15.0,7.064611141112725
19.93,0.006822512602426276,-0.008803527187849967,7.943371667711464,0.0,0.0,15.0,7.0566371218042985
19.94,0.006827321631888285,-0.008809735252286,7.95134971374948,0.0,0.0,15.0,7.048659098127488
19.95,0.006832088601538932,-0.008815889045790804,7.959331764110724,0.0,0.0,15.0,7.0406770700831425
19.96,0.006836813447996677,-0.008821988486508161,7.967317818793775,0.0,0.0,15.0,7.032691037672174
19.97,0.006841496108789875,-0.00882803349376135,7.9753078777971425,0.0,0.0,15.0,7.024701000895573
19.98,0.006846136522357488,-0.008834023988053507,7.983301941119287,0.0,0.0,15.0,7.016706959754373
19.990000000000002,0.006850734628049719,-0.008839959891067898,7.991300008758606,0.0,0.0,15.0,7.008708914249681
20.0,0.00685529036612863,-0.008845841125668198,7.999302080713415,0.0,0.0,15.0,7.000706864382678
20.01,0.006859803677768789,-0.008851667615898758,8.00730815698199,0.010000000000001563,0.0,15.0,6.992698150518377
20.02,0.006864274715062437,-0.008857439293688874,8.015318385938329,0.019999999999999574,0.0,15.0,6.984699582037924
20.03,0.0068687079244935225,-0.00886315603572396,8.023333225175413,0.030000000000001137,0.0,15.0,6.976710750715505
20.04,0.006873123190661919,-0.008868817771677525,8.031352772575268,0.03999999999999915,0.0,15.0,6.968731608132876
20.05,0.006877562886022935,-0.008874424418973164,8.039376905140847,0.05000000000000071,0.0,15.0,6.9607623266908085
20.06,0.006882098586106692,-0.008879975934275683,8.047405446234992,0.05999999999999872,0.0,15.0,6.952803132152245
20.07,0.00688683079351477,-0.008885472272943253,8.05543827012588,0.07000000000000028,0.0,15.0,6.944854198885462
20.080000000000002,0.006891889583908598,-0.00889091339919336,8.063475331822413,0.08000000000000185,0.0,15.0,6.936915619811579
20.09,0.006897431741423203,-0.008896299222184953,8.07151664638993,0.08999999999999986,0.0,15.0,6.928987426907546
20.1,0.006903639285011779,-0.008901629683962428,8.079562243386073,0.10000000000000142,0.0,15.0,6.921069636592093
20.11,0.006910716032337336,-0.008906904729649702,8.08761215182597,0.10999999999999943,0.0,15.0,6.913162264622812
20.12,0.006918884154166286,-0.008912124307605494,8.09566639347256,0.120000000000001,0.0,15.0,6.905265332696841
20.13,0.006928381291360241,-0.008917288369146244,8.103724981034972,0.129999999999999,0.0,15.0,6.8973788701625285
20.14,0.006939454773569608,-0.00892239686834017,8.111787918442957,0.14000000000000057,0.0,15.0,6.889502913735522
20.150000000000002,0.00695236028454083,-0.008927449761318894,8.119855201980593,0.15000000000000213,0.0,15.0,6.881637506313516
20.16,0.006967357764182717,-0.00893244700585725,8.127926821505849,0.16000000000000014,0.0,15.0,6.87378269577806
20.17,0.006984708209402657,-0.008937388560880643,8.136002761678384,0.1700000000000017,0.0,15.0,6.865938533802836
20.18,0.007004670700432858,-0.008942274386006904,8.144083003061738,0.17999999999999972,0.0,15.0,6.858105074810215
20.19,0.007027499836609388,-0.008947104441211148,8.152167523055411,0.19000000000000128,0.0,15.0,6.850282375113524
20.2,0.007053442862184461,-0.008951878686253493,8.160256296780126,0.1999999999999993,0.0,15.0,6.842470492138002
20.21,0.00708273767779597,-0.008956597080421576,8.168349297764125,0.21000000000000085,0.0,15.0,6.834669483840424
20.22,0.0071156109318129225,-0.008961259582237285,8.17644649855336,0.21999999999999886,0.0,15.0,6.826879408220635
20.23,0.007152276390871657,-0.008965866149234851,8.184547871236845,0.23000000000000043,0.0,15.0,6.819100322926464
20.240000000000002,0.007192933587096055,-0.00897041673781009,8.192653387899687,0.240000000000002,0.0,15.0,6.811332284936761
20.25,0.007237766737632921,-0.008974911303131007,8.200763021014101,0.25,0.0,15.0,6.803575350309624
20.26,0.0072869439278844435,-0.008979349799103066,8.208876743775846,0.26000000000000156,0.0,15.0,6.7958295739858485
20.27,0.007340616505022299,-0.00898373217627416,8.216994530705994,0.2699999999999996,0.0,15.0,6.788095009327298
20.28,0.007398918937858148,-0.008988058388178235,8.225116359364879,0.28000000000000114,0.0,15.0,6.780371706531673
20.29,0.00746196842271101,-0.008992328386632978,8.2332422153261,0.28999999999999915,0.0,15.0,6.772659707803293
20.3,0.00752986522267064,-0.0089965421168449,8.24137209631695,0.3000000000000007,0.0,15.0,6.764959043331296
20.31,0.0076026927444871285,-0.009000699524908801,8.249506008446817,0.3099999999999987,0.0,15.0,6.7572697351832085
20.32,0.007680518068896409,-0.009004800555471083,8.257643961557285,0.3200000000000003,0.0,15.0,6.7495918020537875
20.330000000000002,0.007763392534691768,-0.009008845152184749,8.265785966627142,0.33000000000000185,0.0,15.0,6.741925261952825
20.34,0.007851352469522644,-0.009012833258132555,8.273932034438,0.33999999999999986,0.0,15.0,6.734270133620941
20.35,0.00794442003565555,-0.009016764816244867,8.282082174881866,0.3500000000000014,0.0,15.0,6.7266264372917615
20.36,0.008042604167574683,-0.009020639769716943,8.290236396606359,0.35999999999999943,0.0,15.0,6.718994195104578
20.37,0.008145901581945947,-0.009024458062419635,8.298394706844473,0.370000000000001,0.0,15.0,6.711373431320555
20.38,0.008254297841534345,-0.009028219639305265,8.30655711134917,0.379999999999999,0.0,15.0,6.70376417242235
20.39,0.008367768457432326,-0.009031924446789822,8.314723614391614,0.39000000000000057,0.0,15.0,6.696166447138579
20.400000000000002,0.008486280013140708,-0.009035572433113504,8.322894218799142,0.40000000000000213,0.0,15.0,6.688580286417519
20.41,0.008609791296152546,-0.009039163548673082,8.331068926019672,0.41000000000000014,0.0,15.0,6.681005723363915
20.42,0.008738254423601119,-0.009042697746321686,8.33924773620416,0.4200000000000017,0.0,15.0,6.673442793147964
20.43,0.008871615949685815,-0.00904617498163299,8.347430648301753,0.4299999999999997,0.0,15.0,6.665891532892616
20.44,0.009009817943799103,-0.009049595213127504,8.35561766016366,0.4400000000000013,0.0,15.0,6.658351981544037
20.45,0.00915279902952108,-0.009052958402459494,8.3638087686528,0.4499999999999993,0.0,15.0,6.6508241797290655
20.46,0.009300495375907249,-0.009056264514563948,8.372003969756998,0.46000000000000085,0.0,15.0,6.6433081696028795
20.47,0.009452841633745828,-0.009059513517763485,8.380203258703558,0.46999999999999886,0.0,15.0,6.635803994689973
20.48,0.009609771810705632,-0.009062705383835815,8.388406630073824,0.4800000000000004,0.0,15.0,6.628311699720874
20.490000000000002,0.009771220080496088,-0.009065840088043047,8.396614077916091,0.490000000000002,0.0,15.0,6.620831330467152
20.5,0.009937121522325327,-0.009068917609124632,8.404825595855694,0.5,0.0,15.0,6.613362933576882
20.51,0.010107412788046298,-0.00907193792925653,8.413041177201256,0.5100000000000016,0.0,15.0,6.605906556412486
20.52,0.010282032695421134,-0.009074901033979517,8.421260815045969,0.5199999999999996,0.0,15.0,6.598462246892947
20.53,0.010460922746911886,-0.009077806912099981,8.429484502363323,0.5300000000000011,0.0,15.0,6.59103005334182
20.54,0.010644027574302163,-0.009080655555566421,8.43771223209638,0.5399999999999991,0.0,15.0,6.583610024342689
20.55,0.010831295310284936,-0.009083446959325132,8.445943997240349,0.5500000000000007,0.0,15.0,6.576202208603022
20.56,0.011022677888882377,-0.009086181121158278,8.45417979091776,0.5599999999999987,0.0,15.0,6.568806654827734
20.57,0.01121813127722954,-0.009088858041507797,8.462419606446222,0.5700000000000003,0.0,15.0,6.561423411603048
20.580000000000002,0.011417616183048495,-0.009091477717377353,8.470663437836606,0.5800000000000018,0.0,15.0,6.554052526807955
20.59,0.011621095976963517,-0.00909404016569576,8.478911278400936,0.5899999999999999,0.0,15.0,6.546694049148161
20.6,0.011828540229600904,-0.00909654538505593,8.48716312458314,0.6000000000000014,0.0,15.0,6.539348024001785
20.61,0.012039921764514697,-0.009098993389543421,8.495418974593306,0.6099999999999994,0.0,15.0,6.532014495002662
20.62,0.012255218271275712,-0.0091013841862389,8.503678829836185,0.620000000000001,0.0,15.0,6.52469350244371
20.63,0.012474411453377925,-0.009103717785954965,8.511942692783647,0.629999999999999,0.0,15.0,6.517385085439627
20.64,0.012697487070905806,-0.009105994200208923,8.520210566337505,0.6400000000000006,0.0,15.0,6.510089282526135
20.650000000000002,0.012924434759511614,-0.009108213441044311,8.528482453405742,0.6500000000000021,0.0,15.0,6.502806132067597
20.66,0.01315524782123389,-0.009110375520870203,8.536758356683888,0.6600000000000001,0.0,15.0,6.495535672464504
20.67,0.013389922991690336,-0.009112480452321983,8.545038278542966,0.6700000000000017,0.0,15.0,6.4882779422589785
20.68,0.013628460188123763,-0.009114528248144063,8.553322220974925,0.6799999999999997,0.0,15.0,6.48103298018704
20.69,0.013870862242620255,-0.009116518921094713,8.561610185570538,0.6900000000000013,0.0,15.0,6.473800825202365
20.7,0.014117134624694884,-0.009118452483872018,8.569902173516503,0.6999999999999993,0.0,15.0,6.466581516484496
20.71,0.014367285157210013,-0.00912032894906051,8.578198185604553,0.7100000000000009,0.0,15.0,6.459375093438401
20.72,0.014621323729350117,-0.009122148329097647,8.586498222248355,0.7199999999999989,0.0,15.0,6.452181595689242
20.73,0.01487926201013369,-0.00912391063625921,8.594802283505825,0.7300000000000004,0.0,15.0,6.44500106307444
20.740000000000002,0.015141113165650701,-0.009125615882662499,8.603110369105071,0.740000000000002,0.0,15.0,6.437833535634409
20.75,0.015406891582920116,-0.009127264080286085,8.611422478472933,0.75,0.0,15.0,6.430679053602689
20.76,0.015676612602949044,-0.009128855241004827,8.619738610765188,0.7600000000000016,0.0,15.0,6.423537657396022
20.77,0.015950292265260752,-0.009130389376638704,8.628058764897709,0.7699999999999996,0.0,15.0,6.416409387604716
20.78,0.016227947065843434,-0.009131866499013973,8.636382939578134,0.7800000000000011,0.0,15.0,6.40929428498343
20.79,0.016509593730154624,-0.009133286620035085,8.64471113333737,0.7899999999999991,0.0,15.0,6.4021923904426625
20.8,0.01679524900251481,-0.009134649751765752,8.653043344560741,0.8000000000000007,0.0,15.0,6.395103745040875
20.81,0.01708492945291993,-0.009135955906517577,8.661379571518223,0.8099999999999987,0.0,15.0,6.38802838997742
20.82,0.017378651302023863,-0.009137205096944613,8.669719812393598,0.8200000000000003,0.0,15.0,6.380966366586247
20.830000000000002,0.01767643026476899,-0.009138397336142285,8.678064065312201,0.8300000000000018,0.0,15.0,6.373917716330371
20.84,0.017978281412892486,-0.00913953263774912,8.686412328367105,0.8399999999999999,0.0,15.0,6.366882480797068
20.85,0.018284219056299025,-0.009140611016049831,8.694764599643477,0.8500000000000014,0.0,15.0,6.359860701693837
20.86,0.018594256643077865,-0.009141632486078336,8.703120877241048,0.8599999999999994,0.0,15.0,6.352852420844992
20.87,0.018908406677749158,-0.009142597063719405,8.711481159294586,0.870000000000001,0.0,15.0,6.345857680188853
20.88,0.01922668065714517,-0.00914350476580776,8.719845443992217,0.879999999999999,0.0,15.0,6.338876521775545
20.89,0.01954908909303126,-0.009144355609200438,8.728213729663674,0.8900000000000006,0.0,15.0,6.331908987684324
20.900000000000002,0.019875641376190717,-0.00914514961260213,8.736586014705088,0.9000000000000021,0.0,15.0,6.324955120124751
20.91,0.020206345761706598,-0.00914588679562295,8.744962297873313,0.9100000000000001,0.0,15.0,6.318014961156259
20.92,0.020541209021242523,-0.009146567186730596,8.753342578064053,0.9200000000000017,0.0,15.0,6.311088552966732
20.93,0.02088023748337309,-0.009147190805767287,8.761726855672203,0.9299999999999997,0.0,15.0,6.304175936388463
20.94,0.0212234361292131,-0.009147757679807871,8.770115131213979,0.9400000000000013,0.0,15.0,6.297277152398313
20.95,0.02157080889817553,-0.009148267839035114,8.778507405375327,0.9499999999999993,0.0,15.0,6.290392242035793
20.96,0.02192235873019827,-0.00914872131686125,8.786903678878613,0.9600000000000009,0.0,15.0,6.28352124653718
20.97,0.02227808761617151,-0.009149118149938823,8.79530395241366,0.9699999999999989,0.0,15.0,6.276664207404195
20.98,0.022637996655044415,-0.009149458378099162,8.80370822660207,0.9800000000000004,0.0,15.0,6.269821166438173
20.990000000000002,0.023002086116298556,-0.009149742044241498,8.812116501978997,0.990000000000002,0.0,15.0,6.262992165755564
21.0,0.023370355506611283,-0.00914996919418794,8.820528778984887,1.0,0.0,15.0,6.2561772477922615
21.01,0.02374280363959165,-0.009150139876514862,8.828945057962857,1.0100000000000016,0.0,15.0,6.249376455301241
21.02,0.02411942870754666,-0.00915025414236866,8.837365339159579,1.0199999999999996,0.0,15.0,6.242589831345672
21.03,0.024500228354302274,-0.009150312045271902,8.845789622728487,1.0300000000000011,0.0,15.0,6.235817419288866
21.04,0.02488519974816358,-0.009150313640924767,8.85421790873444,1.0399999999999991,0.0,15.0,6.229059262782023
21.05,0.025274339654184085,-0.009150258987005657,8.862650197159539,1.0500000000000007,0.0,15.0,6.222315405750222
21.06,0.025667644504977483,-0.009150148142974282,8.871086487909626,1.0599999999999987,0.0,15.0,6.215585892377233
21.07,0.026065110469391833,-0.009149981169879858,8.879526780821326,1.0700000000000003,0.0,15.0,6.20887076708946
21.080000000000002,0.026466733518442892,-0.009149758130176667,8.887971075669396,1.0800000000000018,0.0,15.0,6.2021700745393185
21.09,0.026872509487985103,-0.009149479087548767,8.89641937217426,1.0899999999999999,0.0,15.0,6.195483859588338
21.1,0.027282434137680212,-0.009149144106745407,8.904871670009614,1.1000000000000014,0.0,15.0,6.188812167290171
21.11,0.027696503205895617,-0.009148753253428246,8.913327968809924,1.1099999999999994,0.0,15.0,6.182155042873833
21.12,0.028114712460253103,-0.009148306594031333,8.921788268177835,1.120000000000001,0.0,15.0,6.175512531727216
21.13,0.028537057743607992,-0.009147804195634464,8.930252567691285,1.129999999999999,0.0,15.0,6.168884679381188
21.14,0.028963535015320507,-0.009147246125850368,8.93872086691038,1.1400000000000006,0.0,15.0,6.162271531494291
21.150000000000002,0.029394140387738764,-0.00914663245272589,8.947193165383855,1.1500000000000021,0.0,15.0,6.155673133838287
21.16,0.029828870157878586,-0.00914596324465724,8.955669462655193,1.1600000000000001,0.0,15.0,6.1490895322845365
21.17,0.030267720834338666,-0.009145238570319146,8.964149758268249,1.1700000000000017,0.0,15.0,6.142520772791404
21.18,0.030710689159543083,-0.009144458498607597,8.972634051772427,1.1799999999999997,0.0,15.0,6.135966901392692
21.19,0.031157772127447362,-0.009143623098595765,8.981122342727364,1.1900000000000013,0.0,15.0,6.129427964187174
21.2,0.031608967068834974,-0.009142732438520065,8.989614630776655,1.1999999999999993,0.0,15.0,6.122904007247251
21.21,0.032064271542504394,-0.00914178658728708,8.998110915541595,1.2100000000000009,0.0,15.0,6.1163950767408455
21.22,0.032523683162001764,-0.009140785617133844,9.006611196503457,1.2199999999999989,0.0,15.0,6.109901219077978
21.23,0.03298720023301447,-0.00913972959438541,9.01511547366792,1.2300000000000004,0.0,15.0,6.103422480132947
21.240000000000002,0.03345482084089661,-0.009138618591356814,9.02362374672564,1.240000000000002,0.0,15.0,6.09695890624199
21.25,0.03392654381657085,-0.009137452672927353,9.032136015960804,1.25,0.0,15.0,6.09051054312095
21.26,0.03440236807919628,-0.009136231904925001,9.040652281543897,1.2600000000000016,0.0,15.0,6.084077436684321
21.27,0.03488229280562414,-0.009134956351676335,9.049172543662985,1.2699999999999996,0.0,15.0,6.077659632880662
21.28,0.0353663174179961,-0.00913362607609433,9.057696802501251,1.2800000000000011,0.0,15.0,6.07125717771425
21.29,0.03585444156962583,-0.009132241139848351,9.066225058225385,1.2899999999999991,0.0,15.0,6.064870117256528
21.3,0.03634666512946683,-0.009130801603586276,9.074757310979749,1.3000000000000007,0.0,15.0,6.05849849765231
21.31,0.03684298816544886,-0.009129307527188933,9.083293560883595,1.3099999999999987,0.0,15.0,6.052142365123357
21.32,0.03734341092696384,-0.00912775897004311,9.09183380803011,1.3200000000000003,0.0,15.0,6.0458017659705225
21.330000000000002,0.03784793382676323,-0.009126155991322955,9.100378052486505,1.3300000000000018,0.0,15.0,6.039476746575143
21.34,0.03835655742251906,-0.009124498650272178,9.108926294294795,1.3399999999999999,0.0,15.0,6.033167353400023
21.35,0.038869282398283626,-0.00912278700648115,9.117478533473056,1.3500000000000014,0.0,15.0,6.0268736329901476
21.36,0.039386109546060914,-0.009121021120154364,9.126034770016899,1.3599999999999994,0.0,15.0,6.02059563197335
21.37,0.0399070397476964,-0.009119201052364606,9.134595003901289,1.370000000000001,0.0,15.0,6.014333397060749
21.38,0.040432073957256016,-0.009117326865291178,9.143159235082388,1.379999999999999,0.0,15.0,6.008086975047244
21.39,0.040961213184058466,-0.009115398622440003,9.151727463499585,1.3900000000000006,0.0,15.0,6.001856412811862
21.400000000000002,0.041494458476496736,-0.009113416388844092,9.160299689077483,1.4000000000000021,0.0,15.0,5.995641757318135
21.41,0.04203181090677028,-0.009111380231243384,9.16887591172801,1.4100000000000001,0.0,15.0,5.989443055614317
21.42,0.042573271556621516,-0.009109290218243239,9.177456131352418,1.4200000000000017,0.0,15.0,5.983260354833647
21.43,0.04311884150415896,-0.009107146420451389,9.1860403478433,1.4299999999999997,0.0,15.0,5.977093702194466
21.44,0.04366852181182457,-0.009104948910593363,9.194628561086514,1.4400000000000013,0.0,15.0,5.970943145000318
21.45,0.044222313515546514,-0.00910269776360673,9.203220770963046,1.4499999999999993,0.0,15.0,5.9648087306399376
21.46,0.04478021761510746,-0.009100393056714676,9.211816977350788,1.4600000000000009,0.0,15.0,5.958690506587157
21.47,0.04534223506572655,-0.009098034869479795,9.220417180126152,1.4699999999999989,0.0,15.0,5.952588520400763
21.48,0.045908366770859965,-0.009095623283838918,9.229021379165628,1.4800000000000004,0.0,15.0,5.9465028197242225
21.490000000000002,0.046478613787268266,-0.009093158381406952,9.237629574551928,1.490000000000002,0.0,15.0,5.940433452035422
21.5,0.04705297664588203,-0.009090640251869746,9.2462417659234,1.5,0.0,15.0,5.934380465441868
21.51,0.047631456216023126,-0.009088068982600696,9.254857953312866,1.5100000000000016,0.0,15.0,5.928343907657444
21.52,0.048214053315093305,-0.009085444663088575,9.263478136781258,1.5199999999999996,0.0,15.0,5.922323826451112
21.53,0.04880076834847839,-0.00908276738862567,9.272102316081456,1.5300000000000011,0.0,15.0,5.91632027006212
21.54,0.04939160129466337,-0.009080037263233356,9.280730490637858,1.5399999999999991,0.0,15.0,5.910333287225609
21.55,0.04998655291982713,-0.009077254381210025,9.289362660749896,1.5500000000000007,0.0,15.0,5.9043629257021415
21.56,0.05058562357927526,-0.009074418844134692,9.297998826416803,1.5599999999999987,0.0,15.0,5.898409233714381
21.57,0.051188813673314036,-0.009071530754495707,9.3066389877702,1.5700000000000003,0.0,15.0,5.892472259413671
21.580000000000002,0.05179612334073896,-0.009068590220072992,9.315283144762363,1.5800000000000018,0.0,15.0,5.886552051259538
21.59,0.052407552828332954,-0.0090655973490416,9.323931297514601,1.5899999999999999,0.0,15.0,5.880648657587777
21.6,0.053023102242160024,-0.009062552252946622,9.332583446068115,1.6000000000000014,0.0,15.0,5.8747621269146695
21.61,0.05364277163221217,-0.009059455045497499,9.341239590459905,1.6099999999999994,0.0,15.0,5.868892507841387
21.62,0.05426656099655835,-0.009056305842360727,9.349899730721567,1.620000000000001,0.0,15.0,5.863039849053498
21.63,0.05489447028573267,-0.009053104760946005,9.35856386687872,1.629999999999999,0.0,15.0,5.857204199319727
21.64,0.055526499407296856,-0.009049851920192462,9.367231998950855,1.6400000000000006,0.0,15.0,5.8513856074902
21.650000000000002,0.05616264823050603,-0.009046547440359848,9.37590412695139,1.6500000000000021,0.0,15.0,5.845584122494397
21.66,0.05680291659102099,-0.009043191442828311,9.384580250887883,1.6600000000000001,0.0,15.0,5.839799793338889
21.67,0.05744730429560662,-0.00903978404990951,9.393260370762361,1.6700000000000017,0.0,15.0,5.834032669104879
21.68,0.058095811126765096,-0.009036325384671121,9.401944486571676,1.6799999999999997,0.0,15.0,5.828282798945695
21.69,0.05874843684726041,-0.009032815570776193,9.41063259830796,1.6900000000000013,0.0,15.0,5.8225502320841365
21.7,0.05940518120448458,-0.0090292547323384,9.419324705959047,1.6999999999999993,0.0,15.0,5.816835017809838
21.71,0.06006604393463796,-0.009025642993793728,9.428020809508988,1.7100000000000009,0.0,15.0,5.811137205476552
21.72,0.06073102476668335,-0.00902198047978904,9.436720908938504,1.7199999999999989,0.0,15.0,5.805456844499459
21.73,0.06140012342456129,-0.00901826731510726,9.445425004224067,1.7300000000000004,0.0,15.0,5.7997939843542845
21.740000000000002,0.06207334003091027,-0.009014503619706639,9.454133095726883,1.740000000000002,0.0,15.0,5.794148674086853
21.75,0.06275067380952935,-0.009010689524392398,9.46284518293088,1.75,0.0,15.0,5.7885209638946336
21.76,0.06343212457209205,-0.009006825152833676,9.47156126588413,1.7600000000000016,0.0,15.0,5.782910903317289
21.77,0.06411769216675804,-0.009002910628414289,9.480281344662133,1.7699999999999996,0.0,15.0,5.77731854190706
21.78,0.06480737637479451,-0.008998946075221163,9.48900541926546,1.7800000000000011,0.0,15.0,5.771743929355689
21.79,0.06550117694407831,-0.00899493161815366,9.497733489651909,1.7899999999999991,0.0,15.0,5.766187115452831
21.8,0.06619909357216597,-0.008990867382651495,9.506465555718675,1.8000000000000007,0.0,15.0,5.760648150107034
21.81,0.06690112622883954,-0.008986753490755625,9.515201617614856,1.8099999999999987,0.0,15.0,5.755127082949192
21.82,0.06760727435794829,-0.008982590070978841,9.523941674966347,1.8200000000000003,0.0,15.0,5.749623964310879
21.830000000000002,0.06831753823214719,-0.008978377242212496,9.532685728190792,1.8300000000000018,0.0,15.0,5.744138843559321
21.84,0.06903191722173142,-0.008974115134882183,9.541433776816808,1.8399999999999999,0.0,15.0,5.738671771223565
21.85,0.06975041149242107,-0.00896980387021317,9.550185821131182,1.8500000000000014,0.0,15.0,5.733222796905985
21.86,0.0704730207145428,-0.008965443575985317,9.55894186092516,1.8599999999999994,0.0,15.0,5.727791970869893
21.87,0.0711997452484423,-0.008961034372430302,9.567701896644975,1.870000000000001,0.0,15.0,5.7223793425764695
21.88,0.07193058464534398,-0.008956576390392504,9.57646592793603,1.879999999999999,0.0,15.0,5.716984962534042
21.89,0.07266553873127247,-0.008952069758259979,9.58523395469536,1.8900000000000006,0.0,15.0,5.711608880959192
21.900000000000002,0.07340460766763564,-0.008947514601375488,9.594005977130697,1.9000000000000021,0.0,15.0,5.70625114769811
21.91,0.07414779135947382,-0.008942911049238505,9.602781995186296,1.9100000000000001,0.0,15.0,5.700911812957077
21.92,0.07489508974622944,-0.008938259232103597,9.611562008825805,1.9200000000000017,0.0,15.0,5.695590926940775
21.93,0.0756465028955425,-0.008933559279882892,9.620346018124096,1.9299999999999997,0.0,15.0,5.690288539733131
21.94,0.0764020307902574,-0.008928811324755311,9.629134023061248,1.9400000000000013,0.0,15.0,5.685004701559412
21.95,0.0771616733937208,-0.008924015500404373,9.637926023586916,1.9499999999999993,0.0,15.0,5.679739462702887
21.96,0.07792543073503484,-0.008919171941033742,9.646722019704214,1.9600000000000009,0.0,15.0,5.674492873395979
21.97,0.07869330298602867,-0.008914280780448673,9.655522011545596,1.9699999999999989,0.0,15.0,5.669264983721026
21.98,0.07946529028348888,-0.008909342154187873,9.664325999201429,1.9800000000000004,0.0,15.0,5.664055843828932
21.990000000000002,0.0802413925475013,-0.008904356201584683,9.67313398254472,1.990000000000002,0.0,15.0,5.658865504164078
22.0,0.08102160976331398,-0.008899323062472151,9.681945961506049,2.0,0.0,15.0,5.6536940151097825
22.01,0.08180594201890376,-0.00889424287673191,9.6907619361112,2.0100000000000016,0.0,15.0,5.6485414269380785
22.02,0.08259438941445761,-0.008889115785306162,9.699581906394357,2.0199999999999996,0.0,15.0,5.643407789920011
22.03,0.08338695205604449,-0.008883941930219543,9.708405872393095,2.030000000000001,0.0,15.0,5.6382931543308175
22.04,0.08418363005478428,-0.008878721454556367,9.717233834148502,2.039999999999999,0.0,15.0,5.633197570448394
22.05,0.08498442347009959,-0.008873454503027728,9.726065791651072,2.0500000000000007,0.0,15.0,5.628121088622116
22.06,0.08578933217542506,-0.008868141223420058,9.734901744711161,2.0599999999999987,0.0,15.0,5.623063759439927
22.07,0.08659835638533749,-0.008862781760579645,9.743741693471607,2.0700000000000003,0.0,15.0,5.618025633062082
22.080000000000002,0.0874114963599823,-0.00885737625980423,9.752585638121344,2.080000000000002,0.0,15.0,5.613006759589994
22.09,0.08822875199150655,-0.008851924871323734,9.761433578494582,2.09,0.0,15.0,5.608007189586287
22.1,0.08905012327058458,-0.008846427745008106,9.770285514524382,2.1000000000000014,0.0,15.0,5.603026973484548
22.11,0.08987561026133063,-0.008840885030637046,9.779141446218684,2.1099999999999994,0.0,15.0,5.598066161618375
22.12,0.09070521301789533,-0.008835296878773925,9.788001373579664,2.120000000000001,0.0,15.0,5.593124804324605
22.13,0.09153893160834599,-0.00882966344046193,9.796865296627246,2.129999999999999,0.0,15.0,5.588202951910998
22.14,0.09237676609847241,-0.008823984867374048,9.805733215383542,2.1400000000000006,0.0,15.0,5.583300654674804
22.150000000000002,0.09321871653546912,-0.008818261311951387,9.81460512985716,2.150000000000002,0.0,15.0,5.5784179629215895
22.16,0.09406478294563136,-0.008812492927398271,9.82348104004099,2.16,0.0,15.0,5.573554926966468
22.17,0.09491496532344877,-0.00880667986777637,9.83236094590164,2.1700000000000017,0.0,15.0,5.568711597146281
22.18,0.09576926363718061,-0.008800822287929708,9.841244847384766,2.1799999999999997,0.0,15.0,5.563888023810927
22.19,0.09662767792393538,-0.008794920342446277,9.850132744507293,2.1900000000000013,0.0,15.0,5.559084257200457
22.2,0.09749020821850964,-0.008788974186429972,9.85902463728814,2.1999999999999993,0.0,15.0,5.554300347533848
22.21,0.09835685458183162,-0.008782983975199127,9.867920525775672,2.210000000000001,0.0,15.0,5.549536344970966
22.22,0.09922761702362284,-0.008776949865121533,9.876820409972375,2.219999999999999,0.0,15.0,5.544792299709689
22.23,0.10010249554920254,-0.008770872013120322,9.88572428988007,2.2300000000000004,0.0,15.0,5.540068261924606
22.240000000000002,0.10098149016002535,-0.008764750576682318,9.894632165500154,2.240000000000002,0.0,15.0,5.535364281764693
22.25,0.10186460085408344,-0.008758585713872289,9.903544036833672,2.25,0.0,15.0,5.530680409351196
22.26,0.10275182762630442,-0.008752377583350473,9.912459903881471,2.2600000000000016,0.0,15.0,5.526016694775429
22.27,0.10364317046893284,-0.00874612634439293,9.921379766644206,2.2699999999999996,0.0,15.0,5.52137318809667
22.28,0.1045386293719073,-0.00873983215691405,9.930303625122486,2.280000000000001,0.0,15.0,5.516749939339956
22.29,0.10543820432320707,-0.008733495181490872,9.939231479316836,2.289999999999999,0.0,15.0,5.512146998493995
22.3,0.10634189530919175,-0.008727115579388359,9.948163329227803,2.3000000000000007,0.0,15.0,5.507564415508975
22.31,0.10724970231490942,-0.008720693512585285,9.957099174855907,2.3099999999999987,0.0,15.0,5.50300224029448
22.32,0.1081616253425707,-0.008714229143613349,9.966039016219343,2.3200000000000003,0.0,15.0,5.498460522693849
22.330000000000002,0.10907766438897144,-0.008707722635819943,9.974982853331772,2.330000000000002,0.0,15.0,5.4939393125114835
22.34,0.1099978194473683,-0.008701174153374854,9.98393068620391,2.34,0.0,15.0,5.489438659508631
22.35,0.1109220905239139,-0.008694583861128513,9.992882514859255,2.3500000000000014,0.0,15.0,5.484958613380277
22.36,0.11185047757091528,-0.008687951925310702,10.001838339269069,2.3599999999999994,0.0,15.0,5.480499223839682
22.37,0.11278298054808579,-0.008681278512924818,10.010798159411637,2.370000000000001,0.0,15.0,5.476060540537359
22.38,0.11371959941652016,-0.008674563791827308,10.019761975266245,2.379999999999999,0.0,15.0,5.471642613066917
22.39,0.11466033414782752,-0.008667807930652045,10.028729786821874,2.3900000000000006,0.0,15.0,5.4672454909512425
22.400000000000002,0.1156051847215375,-0.008661011098849548,10.037701594074555,2.400000000000002,0.0,15.0,5.462869223643798
22.41,0.1165541511195648,-0.008654173466751444,10.046677397021842,2.41,0.0,15.0,5.458513860533801
22.42,0.11750723332923106,-0.008647295205546211,10.055657195665669,2.4200000000000017,0.0,15.0,5.4541794509401935
22.43,0.11846443134296629,-0.008640376487284832,10.06464099001194,2.4299999999999997,0.0,15.0,5.449866044109962
22.44,0.11942574515433828,-0.008633417484920245,10.073628780066631,2.4400000000000013,0.0,15.0,5.445573689221161
22.45,0.1203911747518958,-0.008626418372362289,10.08262056582973,2.4499999999999993,0.0,15.0,5.441302435388839
22.46,0.12136072012764416,-0.008619379324383865,10.091616347303441,2.460000000000001,0.0,15.0,5.4370523316518335
22.47,0.12233438127460848,-0.008612300516636081,10.100616124489806,2.469999999999999,0.0,15.0,5.432823426973745
22.48,0.12331215818683605,-0.008605182125635179,10.109619897390678,2.4800000000000004,0.0,15.0,5.42861577024075
22.490000000000002,0.12429405085939457,-0.008598024328747346,10.118627666007708,2.490000000000002,0.0,15.0,5.424429410259385
22.5,0.1252800592883721,-0.008590827304171478,10.12763943034244,2.5,0.0,15.0,5.420264395754229
22.51,0.1262701834705141,-0.008583591230924134,10.13665519039591,2.5100000000000016,0.0,15.0,5.416120775366181
22.52,0.1272644234033658,-0.008576316288817653,10.145674946168866,2.5199999999999996,0.0,15.0,5.411998597649943
22.53,0.12826277908622308,-0.008569002658428434,10.154698697662731,2.530000000000001,0.0,15.0,5.407897911070478
22.54,0.12926525051928348,-0.00856165052108394,10.163726444878838,2.539999999999999,0.0,15.0,5.403818764001785
22.55,0.13027183770272738,-0.0085542600588498,10.172758187817596,2.5500000000000007,0.0,15.0,5.3997612047257935
22.56,0.13128254063684364,-0.008546831454505304,10.181793926478695,2.5599999999999987,0.0,15.0,5.39572528142982
22.57,0.13229735932386114,-0.008539364891501035,10.190833660862959,2.5700000000000003,0.0,15.0,5.391711042201812
22.580000000000002,0.13331629376735493,-0.008531860553942667,10.199877390971833,2.580000000000002,0.0,15.0,5.387718535028737
22.59,0.1343393439715629,-0.008524318626576233,10.208925116806805,2.59,0.0,15.0,5.383747807795119
22.6,0.1353665099413179,-0.00851673929476751,10.217976838369399,2.6000000000000014,0.0,15.0,5.379798908280735
22.61,0.1363977916819776,-0.008509122744482428,10.227032555661237,2.6099999999999994,0.0,15.0,5.375871884158268
22.62,0.13743318919934433,-0.00850146916226864,10.236092268683974,2.620000000000001,0.0,15.0,5.371966782991073
22.63,0.13847270249909707,-0.008493778735243254,10.245155977438877,2.629999999999999,0.0,15.0,5.368083652231455
22.64,0.13951633158661522,-0.008486051651077815,10.254223681926698,2.6400000000000006,0.0,15.0,5.364222539218528
22.650000000000002,0.1405640764682577,-0.008478288097969642,10.263295382148975,2.650000000000002,0.0,15.0,5.360383491174107
22.66,0.14161593714776824,-0.008470488264662665,10.272371078104676,2.66,0.0,15.0,5.356566555204994
22.67,0.14267191363557105,-0.008462652340349536,10.281450769799175,2.6700000000000017,0.0,15.0,5.3527717782883215
22.68,0.14373200594132604,-0.008454780514727324,10.290534457237209,2.6799999999999997,0.0,15.0,5.348999207278871
22.69,0.1447962140708499,-0.00844687297801563,10.299622140419835,2.6900000000000013,0.0,15.0,5.345248888910843
22.7,0.14586453802583008,-0.008438929920950154,10.308713819344234,2.6999999999999993,0.0,15.0,5.34152086979579
22.71,0.14693697780652934,-0.008430951534752219,10.317809494006397,2.710000000000001,0.0,15.0,5.337815196416596
22.72,0.1480135334058702,-0.008422938011173236,10.326909164395406,2.719999999999999,0.0,15.0,5.334131915132933
22.73,0.14909420480576008,-0.008414889542519961,10.3360128304899,2.7300000000000004,0.0,15.0,5.330471072183777
22.740000000000002,0.1501789919811768,-0.008406806321615152,10.345120492262046,2.740000000000002,0.0,15.0,5.3268327136795754
22.75,0.15126789491084716,-0.00839868854170501,10.354232149687968,2.75,0.0,15.0,5.323216885585557
22.76,0.15236091362130022,-0.008390536396092954,10.36334780279052,2.7600000000000016,0.0,15.0,5.319623633660418
22.77,0.15345804812267244,-0.008382350078681445,10.372467451576938,2.7699999999999996,0.0,15.0,5.316053003539533
22.78,0.15455929849486325,-0.008374129783253097,10.381591096122538,2.780000000000001,0.0,15.0,5.312505040617283
22.79,0.15566466475836244,-0.008365875704558828,10.390718736445303,2.789999999999999,0.0,15.0,5.308979790217265
22.8,0.1567741469412016,-0.008357588037756842,10.399850372570837,2.8000000000000007,0.0,15.0,5.30547729750047
22.81,0.1578877450377062,-0.008349266978748625,10.408986004492386,2.8099999999999987,0.0,15.0,5.301997607518043
22.82,0.1590054590151638,-0.008340912724127151,10.418125632177276,2.8200000000000003,0.0,15.0,5.298540765200081
22.830000000000002,0.16012728885521474,-0.008332525470841613,10.427269255607067,2.830000000000002,0.0,15.0,5.295106815297751
22.84,0.16125323455489543,-0.008324105416174248,10.436416874778596,2.84,0.0,15.0,5.291695802379342
22.85,0.1623832961172812,-0.008315652757829283,10.445568489694839,2.8500000000000014,0.0,15.0,5.2883077708403805
22.86,0.1635174735355927,-0.008307167694064026,10.454724100349456,2.8599999999999994,0.0,15.0,5.284942764922533
22.87,0.16465576680187924,-0.008298650423621413,10.463883706735242,2.870000000000001,0.0,15.0,5.281600828699496
22.88,0.16579817589641732,-0.00829010114581341,10.47304730883377,2.879999999999999,0.0,15.0,5.278282006088855
22.89,0.16694470077183937,-0.008281520060645385,10.482214906600056,2.8900000000000006,0.0,15.0,5.274986340871019
22.900000000000002,0.16809534135939652,-0.008272907368761292,10.49138649996852,2.900000000000002,0.0,15.0,5.271713876678503
22.91,0.16925009763268234,-0.008264263270962956,10.500562088914895,2.91,0.0,15.0,5.268464656907529
22.92,0.17040896962598695,-0.00825558796806166,10.509741673474016,2.9200000000000017,0.0,15.0,5.265238724690635
22.93,0.1715719574059446,-0.008246881661099041,10.518925253712341,2.9299999999999997,0.0,15.0,5.262036122932207
22.94,0.17273906110873388,-0.008238144551046735,10.528112829763934,2.9400000000000013,0.0,15.0,5.2588568942557234
22.95,0.17391028075254045,-0.00822937684032929,10.537304401648381,2.9499999999999993,0.0,15.0,5.255701081254672
22.96,0.17508561638497264,-0.008220578731655782,10.546499969413956,2.960000000000001,0.0,15.0,5.252568726291019
22.97,0.17626506792573188,-0.008211750429155994,10.555699532984885,2.969999999999999,0.0,15.0,5.249459871705649
22.98,0.17744863532456034,-0.008202892137203998,10.564903092314639,2.9800000000000004,0.0,15.0,5.246374559602454
22.990000000000002,0.17863631854024306,-0.00819400406057335,10.574110647365563,2.990000000000002,0.0,15.0,5.243312831874175
23.0,0.17982811756576667,-0.008185086404255717,10.583322198133267,3.0,0.0,15.0,5.240274730165819
23.01,0.1810240323900551,-0.008176139373736438,10.592537744609448,3.0100000000000016,0.0,15.0,5.2372602959240115
23.02,0.1822240630065466,-0.00816716317492833,10.601757286790205,3.0199999999999996,0.0,15.0,5.2342695703829065
23.03,0.18342820941669336,-0.008158158014143213,10.610980824679414,3.030000000000001,0.0,15.0,5.231302594556984
23.04,0.18463647162145413,-0.008149124098148606,10.620208358280477,3.039999999999999,0.0,15.0,5.228359409250108
23.05,0.18584884960483924,-0.008140061634277577,10.629439887580359,3.0500000000000007,0.0,15.0,5.22544005507545
23.06,0.1870653433486481,-0.008130970830323532,10.638675412563806,3.0599999999999987,0.0,15.0,5.222544572433111
23.07,0.1882859528212537,-0.008121851894593237,10.647914933202573,3.0700000000000003,0.0,15.0,5.219673001522861
23.080000000000002,0.18951067804232513,-0.008112705035460395,10.657158449518114,3.080000000000002,0.0,15.0,5.216825382253679
23.09,0.1907395190270157,-0.008103530461752276,10.666405961527472,3.09,0.0,15.0,5.214001754317146
23.1,0.19197247578599813,-0.008094328382741921,10.675657469243301,3.1000000000000014,0.0,15.0,5.211202157184985
23.11,0.19320954837891563,-0.008085099007782265,10.684912972725739,3.1099999999999994,0.0,15.0,5.208426630033729
23.12,0.19445073681031716,-0.00807584254700762,10.694172471981394,3.120000000000001,0.0,15.0,5.205675211884176
23.13,0.1956960410890956,-0.008066559210920303,10.70343596702104,3.129999999999999,0.0,15.0,5.202947941517975
23.14,0.196945461229846,-0.008057249210376741,10.71270345786096,3.1400000000000006,0.0,15.0,5.200244857473331
23.150000000000002,0.1981989972098577,-0.0080479127568571,10.721974944481142,3.150000000000002,0.0,15.0,5.197565998101397
23.16,0.19945664901190227,-0.008038550062178195,10.731250426866906,3.16,0.0,15.0,5.194911401505411
23.17,0.20071841662378043,-0.008029161338491398,10.740529905008348,3.1700000000000017,0.0,15.0,5.1922811055389895
23.18,0.20198430003424409,-0.008019746798303144,10.749813378896505,3.1799999999999997,0.0,15.0,5.1896751478091945
23.19,0.2032542992376194,-0.008010306654440724,10.759100848527769,3.1900000000000013,0.0,15.0,5.187093565667883
23.2,0.20452841423322216,-0.008000841120051363,10.76839231390334,3.1999999999999993,0.0,15.0,5.184536396210088
23.21,0.20580664501894197,-0.007991350408636435,10.777687775022972,3.210000000000001,0.0,15.0,5.1820036762804556
23.22,0.20708899159407756,-0.007981834734028496,10.786987231887789,3.219999999999999,0.0,15.0,5.1794954424669415
23.23,0.20837545395911847,-0.007972294310387408,10.796290684500038,3.2300000000000004,0.0,15.0,5.177011731098791
23.240000000000002,0.2096660321155473,-0.007962729352196373,10.805598132862874,3.240000000000002,0.0,15.0,5.1745525782444695
23.25,0.21096072606565353,-0.007953140074257983,10.814909576980227,3.25,0.0,15.0,5.172118019709552
23.26,0.21225953581236326,-0.0079435266916902,10.824225016856609,3.2600000000000016,0.0,15.0,5.1697080910346545
23.27,0.21356246135868157,-0.007933889419924787,10.83354445249658,3.2699999999999996,0.0,15.0,5.1673228274938605
23.28,0.2148695027031078,-0.007924228474729981,10.842867883900315,3.280000000000001,0.0,15.0,5.164962264098729
23.29,0.21618065984660054,-0.007914544072161482,10.852195311070336,3.289999999999999,0.0,15.0,5.16262643558643
23.3,0.217495932790074,-0.007904836428573885,10.861526734009104,3.3000000000000007,0.0,15.0,5.160315376420908
23.31,0.21881532153439237,-0.007895105760615868,10.870862152719006,3.3099999999999987,0.0,15.0,5.158029120790596
23.32,0.2201388260803713,-0.00788535228522552,10.880201567202377,3.3200000000000003,0.0,15.0,5.155767702606159
23.330000000000002,0.22146644642876964,-0.007875576219625733,10.88954497746145,3.330000000000002,0.0,15.0,5.153531155498275
23.34,0.22279818258029563,-0.007865777781319635,10.898892383498389,3.34,0.0,15.0,5.151319512815366
23.35,0.22413403453560066,-0.007855957188086097,10.908243785315276,3.3500000000000014,0.0,15.0,5.149132807621404
23.36,0.22547400229528067,-0.007846114657975327,10.917599182914131,3.3599999999999994,0.0,15.0,5.146971072693663
23.37,0.2268180858598759,-0.007836250409304468,10.926958576296887,3.370000000000001,0.0,15.0,5.144834340520552
23.38,0.22816628522986784,-0.007826364660653236,10.936321965465368,3.379999999999999,0.0,15.0,5.142722643299436
23.39,0.22951860040569041,-0.00781645763085956,10.945689350421368,3.3900000000000006,0.0,15.0,5.140636012934412
23.400000000000002,0.23087503138771628,-0.007806529539015339,10.955060731166553,3.400000000000002,0.0,15.0,5.138574481034222
23.41,0.23223557817620327,-0.007796580604462556,10.96443610770247,3.41,0.0,15.0,5.136538078910137
23.42,0.23360024077117678,-0.0077866110467897315,10.973815480030401,3.4200000000000017,0.0,15.0,5.134526837574027
23.43,0.2349690191727927,-0.007776621085825248,10.9831988481517,3.4299999999999997,0.0,15.0,5.13254078773574
23.44,0.23634191338128188,-0.007766610941633474,10.992586212067797,3.4400000000000013,0.0,15.0,5.130579959801051
23.45,0.23771892339682504,-0.007756580834511354,11.001977571779992,3.4499999999999993,0.0,15.0,5.128644383869806
23.46,0.2391000492195678,-0.007746530984984038,11.011372927289536,3.460000000000001,0.0,15.0,5.12673408973379
23.47,0.24048529084962078,-0.0077364616138006085,11.020772278597603,3.469999999999999,0.0,15.0,5.124849106874686
23.48,0.24187464828705962,-0.007726372941929827,11.030175625705285,3.4800000000000004,0.0,15.0,5.122989464462066
23.490000000000002,0.24326812153193494,-0.007716265190555748,11.039582968613592,3.490000000000002,0.0,15.0,5.121155191351342
23.5,0.2446657105842745,-0.007706138581073414,11.048994307323474,3.5,0.0,15.0,5.1193463160817645
23.51,0.24606741544408803,-0.00769599333508447,11.0584096418358,3.5100000000000016,0.0,15.0,5.117562866874451
23.52,0.2474732361113748,-0.007685829674392777,11.0678289721514,3.5199999999999996,0.0,15.0,5.115804871630373
23.53,0.24888317258612352,-0.007675647821000021,11.077252298271034,3.530000000000001,0.0,15.0,5.114072357928451
23.54,0.2502972248683176,-0.007665447997101297,11.086679620195383,3.539999999999999,0.0,15.0,5.112365353023612
23.55,0.2517153929579408,-0.007655230425080616,11.096110937925078,3.5500000000000007,0.0,15.0,5.110683883844869
23.56,0.2531376768549859,-0.0076449953275064255,11.105546251460717,3.5599999999999987,0.0,15.0,5.109027976993398
23.57,0.25456407655945573,-0.0076347429271271215,11.114985560802843,3.5700000000000003,0.0,15.0,5.1073976587407035
23.580000000000002,0.25599459207136266,-0.007624473446866548,11.124428865951941,3.580000000000002,0.0,15.0,5.105792955026745
23.59,0.2574292233907384,-0.007614187109819417,11.133876166908445,3.59,0.0,15.0,5.104213891458109
23.6,0.2588679705176417,-0.007603884139246723,11.143327463672785,3.6000000000000014,0.0,15.0,5.102660493306165
23.61,0.2603108334521527,-0.007593564758571206,11.152782756245324,3.6099999999999994,0.0,15.0,5.1011327855053015
23.62,0.26175781219438427,-0.00758322919137269,11.162242044626423,3.620000000000001,0.0,15.0,5.099630792651131
23.63,0.2632089067444809,-0.007572877661383511,11.171705328816383,3.629999999999999,0.0,15.0,5.098154538998758
23.64,0.264664117102468,-0.0075625103924846756,11.181172608815352,3.6400000000000006,0.0,15.0,5.096704048461246
23.650000000000002,0.2661234432683863,-0.007552127608700463,11.190643884623428,3.650000000000002,0.0,15.0,5.095279344607724
23.66,0.26758688524245416,-0.007541729534192882,11.200119156240811,3.66,0.0,15.0,5.0938804506615005
23.67,0.2690544430248079,-0.007531316393258406,11.209598423667572,3.6700000000000017,0.0,15.0,5.092507389498741
23.68,0.2705261166157201,-0.007520888410322082,11.219081686903877,3.6799999999999997,0.0,15.0,5.091160183646513
23.69,0.2720019060155293,-0.007510445809933245,11.228568945949865,3.6900000000000013,0.0,15.0,5.08983885528132
23.7,0.2734818112246196,-0.007499988816760892,11.238060200805693,3.6999999999999993,0.0,15.0,5.088543426227476
23.71,0.27496583224342414,-0.007489517655588963,11.247555451471511,3.710000000000001,0.0,15.0,5.087273917955569
23.72,0.2764539690724198,-0.007479032551311635,11.257054697947439,3.719999999999999,0.0,15.0,5.086030351580919
23.73,0.27794622171213784,-0.007468533728928528,11.266557940233636,3.7300000000000004,0.0,15.0,5.084812747862017
23.740000000000002,0.2794425901631499,-0.007458021413540046,11.276065178330226,3.740000000000002,0.0,15.0,5.08362112719908
23.75,0.2809430744260765,-0.007447495830342589,11.285576412237322,3.75,0.0,15.0,5.082455509632554
23.76,0.2824476745015921,-0.00743695720462373,11.295091641955118,3.7600000000000016,0.0,15.0,5.081315914841616
23.77,0.28395639039041065,-0.0074264057617575915,11.304610867483728,3.7699999999999996,0.0,15.0,5.080202362142846
23.78,0.28546922209142434,-0.007415841727206736,11.31413408882151,3.780000000000001,0.0,15.0,5.079114870491362
23.79,0.2869861696060072,-0.007405265326502429,11.323661305969159,3.789999999999999,0.0,15.0,5.078053458473486
23.8,0.2885072329368845,-0.007394676785243545,11.333192518928682,3.8000000000000007,0.0,15.0,5.077018144306944
23.81,0.29003241208629815,-0.007384076329098164,11.342727727701572,3.8099999999999987,0.0,15.0,5.076008945842111
23.82,0.29156170705588835,-0.007373464183798999,11.352266932288735,3.8200000000000003,0.0,15.0,5.075025880560873
23.830000000000002,0.2930951178465493,-0.007362840575138899,11.361810132690279,3.830000000000002,0.0,15.0,5.074068965575595
23.84,0.29463264445830073,-0.007352205728966206,11.371357328905482,3.84,0.0,15.0,5.0731382176279975
23.85,0.29617428689013586,-0.007341559871180185,11.380908520932612,3.8500000000000014,0.0,15.0,5.0722336530881895
23.86,0.297720045139868,-0.007330903227726409,11.390463708768749,3.8599999999999994,0.0,15.0,5.071355287953693
23.87,0.29926991920800616,-0.007320236024582086,11.400022892413592,3.870000000000001,0.0,15.0,5.070503137842877
23.88,0.3008239090875401,-0.0073095584877768405,11.409586071859536,3.879999999999999,0.0,15.0,5.069677218008037
23.89,0.30238201476890625,-0.007298870843374148,11.419153247096498,3.8900000000000006,0.0,15.0,5.068877543327394
23.900000000000002,0.3039442362418984,-0.00728817331746159,11.428724418113715,3.900000000000002,0.0,15.0,5.068104128301371
23.91,0.30551057349275756,-0.007277466136152663,11.438299584897031,3.91,0.0,15.0,5.0673569870555335
23.92,0.3070810264992793,-0.007266749525592229,11.447878747424072,3.9200000000000017,0.0,15.0,5.06663613334644
23.93,0.3086555952749399,-0.0072560237118528435,11.457461905707104,3.9299999999999997,0.0,15.0,5.065941580499122
23.94,0.31023427982910623,-0.007245288921024985,11.467049059754423,3.9400000000000013,0.0,15.0,5.065273341461583
23.95,0.3118170801565458,-0.007234545379233096,11.476640209560136,3.9499999999999993,0.0,15.0,5.064631428818481
23.96,0.31340399629941457,-0.0072237933124974915,11.48623535516439,3.960000000000001,0.0,15.0,5.064015854703817
23.97,0.3149950282975241,-0.0072130329468458885,11.495834496605067,3.969999999999999,0.0,15.0,5.0634266308693725
23.98,0.316590176148582,-0.007202264508386241,11.505437633879156,3.9800000000000004,0.0,15.0,5.062863768739313
23.990000000000002,0.3181894398690597,-0.007191488223174951,11.515044767001918,3.990000000000002,0.0,15.0,5.06232727932447
24.0,0.31979281946624066,-0.0071807043172721656,11.524655895979699,4.0,0.0,15.0,5.061817173260549
24.01,0.3214003149142462,-0.0071699130167790165,11.534271020786667,4.010000000000002,0.0,15.0,5.061333460840778
24.02,0.32301192620028973,-0.007159114547726715,11.543890141409733,4.02,0.0,15.0,5.060876151950691
24.03,0.3246276533095043,-0.00714830913611287,11.553513257833758,4.030000000000001,0.0,15.0,5.060445256088619
24.04,0.32624749624097876,-0.007137497007866171,11.563140370057216,4.039999999999999,0.0,15.0,5.060040782342607
24.05,0.3278714550011603,-0.007126678388854799,11.572771478085725,4.050000000000001,0.0,15.0,5.059662739399015
24.060000000000002,0.32949952958980855,-0.007115853504907156,11.582406581918423,4.060000000000002,0.0,15.0,5.05931113556147
24.07,0.33113172000307783,-0.007105022581801432,11.592045681550996,4.07,0.0,15.0,5.058985978745963
24.080000000000002,0.3327680262356261,-0.007094185845257529,11.601688776977703,4.080000000000002,0.0,15.0,5.058687276477383
24.09,0.3344084482834036,-0.007083343520928926,11.61133586819408,4.09,0.0,15.0,5.058415035885101
24.1,0.33605298611332424,-0.007072495834438644,11.620986955167526,4.100000000000001,0.0,15.0,5.058169263744719
24.11,0.337701639688899,-0.007061643011341323,11.630642037862152,4.109999999999999,0.0,15.0,5.0579499664418925
24.12,0.33935440894458235,-0.0070507852771380134,11.640301116213912,4.120000000000001,0.0,15.0,5.057757150007628
24.13,0.34101129389467955,-0.007039922857141296,11.64996419023633,4.129999999999999,0.0,15.0,5.057590819966204
24.14,0.34267229457158205,-0.007029055976562469,11.659631259960596,4.140000000000001,0.0,15.0,5.05745098142084
24.150000000000002,0.3443374109930992,-0.007018184860540527,11.66930232540374,4.150000000000002,0.0,15.0,5.057337639098896
24.16,0.34600664329175745,-0.007007309733948554,11.678977386694283,4.16,0.0,15.0,5.057250797171546
24.17,0.34767999148461864,-0.006996430821765798,11.688656443848597,4.170000000000002,0.0,15.0,5.057190459574041
24.18,0.34935745560494963,-0.006985548348867195,11.698339496898866,4.18,0.0,15.0,5.057156629822053
24.19,0.35103903566235,-0.006974662540051198,11.70802654585433,4.190000000000001,0.0,15.0,5.0571493110670165
24.2,0.3527247315934507,-0.006963773620064875,11.717717590653427,4.199999999999999,0.0,15.0,5.057168506164458
24.21,0.3544145433611868,-0.006952881813519888,11.727412631260195,4.210000000000001,0.0,15.0,5.0572142175357335
24.22,0.3561084709357145,-0.006941987344885433,11.737111667645722,4.219999999999999,0.0,15.0,5.057286447194454
24.23,0.35780651431068816,-0.006931090438483918,11.746814699804018,4.23,0.0,15.0,5.057385196723761
24.240000000000002,0.3595086734816851,-0.006920191318504158,11.756521727730984,4.240000000000002,0.0,15.0,5.057510467306318
24.25,0.36121494844495533,-0.006909290208997189,11.766232751423216,4.25,0.0,15.0,5.0576622597260315
24.26,0.3629253392004357,-0.006898387333870349,11.77594777088097,4.260000000000002,0.0,15.0,5.057840574363851
24.27,0.36463984575586794,-0.006887482916882373,11.785666786112099,4.27,0.0,15.0,5.058045411192114
24.28,0.36635846810460737,-0.006876577181650301,11.795389797110527,4.280000000000001,0.0,15.0,5.0582767698054605
24.29,0.3680812062335581,-0.006865670351635392,11.80511680386396,4.289999999999999,0.0,15.0,5.058534649409869
24.3,0.3698080601295146,-0.006854762650134493,11.814847806360039,4.300000000000001,0.0,15.0,5.058819048814
24.310000000000002,0.3715390297646068,-0.006843854300288441,11.824582804572213,4.310000000000002,0.0,15.0,5.059129966449537
24.32,0.3732741151560227,-0.0068329455250528,11.834321798517674,4.32,0.0,15.0,5.059467400288532
24.330000000000002,0.37501331631854723,-0.006822036547207575,11.84406478821136,4.330000000000002,0.0,15.0,5.059831347909502
24.34,0.3767566332540261,-0.0068111275893565386,11.853811773655625,4.34,0.0,15.0,5.060221806512335
24.35,0.3785040660114158,-0.006800218873921128,11.863562754898602,4.350000000000001,0.0,15.0,5.060638772835287
24.36,0.38025561461923857,-0.006789310623147658,11.873317731968578,4.359999999999999,0.0,15.0,5.061082243249021
24.37,0.3820112790746546,-0.0067784030590932525,11.88307670486344,4.370000000000001,0.0,15.0,5.061552213772052
24.38,0.38377105938987804,-0.00676749640362427,11.892839673595724,4.379999999999999,0.0,15.0,5.062048680006761
24.39,0.38553495556777784,-0.006756590878408273,11.902606638168917,4.390000000000001,0.0,15.0,5.062571637173653
24.400000000000002,0.38730296758288774,-0.0067456867049002335,11.912377598559,4.400000000000002,0.0,15.0,5.063121080138072
24.41,0.3890750954241835,-0.006734784104348789,11.92215255475601,4.41,0.0,15.0,5.063697003351398
24.42,0.39085133908129543,-0.006723883297789409,11.93193150675064,4.420000000000002,0.0,15.0,5.064299400870667
24.43,0.3926316985445158,-0.006712984506040407,11.941714454534257,4.43,0.0,15.0,5.064928266359082
24.44,0.3944161738133807,-0.006702087949704494,11.95150139810721,4.440000000000001,0.0,15.0,5.065583593074736
24.45,0.3962047648859949,-0.006691193849159924,11.96129233746847,4.449999999999999,0.0,15.0,5.066265373885973
24.46,0.39799747176108924,-0.006680302424557602,11.971087272617623,4.460000000000001,0.0,15.0,5.066973601269178
24.47,0.3997942944386063,-0.006669413895817708,11.980886203555446,4.469999999999999,0.0,15.0,5.067708267308614
24.48,0.40159523291954174,-0.006658528482625839,11.990689130283764,4.48,0.0,15.0,5.068469363697334
24.490000000000002,0.4034002872057794,-0.006647646404429138,12.00049605280523,4.490000000000002,0.0,15.0,5.069256881738145
24.5,0.4052094572999527,-0.006636767880432273,12.010306971123265,4.5,0.0,15.0,5.070070812344516
24.51,0.4070227432052891,-0.006625893129593444,12.020121885241842,4.510000000000002,0.0,15.0,5.070911146041612
24.52,0.40884014492293025,-0.00661502237061867,12.02994079516291,4.52,0.0,15.0,5.07177787297076
24.53,0.4106616624522053,-0.006604155821956407,12.03976370088665,4.530000000000001,0.0,15.0,5.072670982889927
24.54,0.41248729579407273,-0.0065932937017955775,12.049590602414826,4.539999999999999,0.0,15.0,5.073590465169816
24.55,0.41431704494944593,-0.006582436228060721,12.059421499749142,4.550000000000001,0.0,15.0,5.074536308797088
24.560000000000002,0.4161509099191873,-0.00657158361840774,12.069256392891223,4.560000000000002,0.0,15.0,5.0755085023752855
24.57,0.4179888907041133,-0.006560736090219648,12.07909528184264,4.57,0.0,15.0,5.076507034125771
24.580000000000002,0.41983098730499174,-0.006549893860602333,12.08893816660493,4.580000000000002,0.0,15.0,5.0775318918886985
24.59,0.4216771997225339,-0.006539057146380367,12.098785047179497,4.59,0.0,15.0,5.078583063124065
24.6,0.4235275279573488,-0.006528226164092732,12.108635923567647,4.600000000000001,0.0,15.0,5.079660534912784
24.61,0.4253819720099005,-0.006517401129988561,12.118490795770528,4.609999999999999,0.0,15.0,5.080764293957789
24.62,0.42724053188075545,-0.006506582260022921,12.12834966378934,4.620000000000001,0.0,15.0,5.08189432658483
24.63,0.42910320757043535,-0.006495769769852579,12.138212527625198,4.629999999999999,0.0,15.0,5.083050618743754
24.64,0.4309699990794172,-0.006484963874831777,12.148079387279164,4.640000000000001,0.0,15.0,5.084233156009662
24.650000000000002,0.4328409064081289,-0.0064741647900080695,12.157950242752207,4.650000000000002,0.0,15.0,5.085441923584085
24.66,0.43471592955695365,-0.006463372730118091,12.167825094045192,4.66,0.0,15.0,5.086676906296186
24.67,0.4365950685260935,-0.006452587909583307,12.177703941158782,4.670000000000002,0.0,15.0,5.087938088604165
24.68,0.43847832331570835,-0.006441810542505899,12.187586784093538,4.68,0.0,15.0,5.08922545459632
24.69,0.44036569392609887,-0.006431040842664602,12.197473622850145,4.690000000000001,0.0,15.0,5.09053898799206
24.7,0.44225718035752354,-0.006420279023510591,12.207364457429158,4.699999999999999,0.0,15.0,5.09187867214349
24.71,0.4441527826102097,-0.006409525298163289,12.21725928783108,4.710000000000001,0.0,15.0,5.093244490036696
24.72,0.4460525006843484,-0.006398779879406331,12.227158114056323,4.719999999999999,0.0,15.0,5.094636424293115
24.73,0.44795633458009937,-0.006388042979683463,12.237060936105193,4.73,0.0,15.0,5.096054457170933
24.740000000000002,0.44986428429759323,-0.0063773148110945034,12.246967753977913,4.740000000000002,0.0,15.0,5.0974985705664535
24.75,0.45177634983694553,-0.006366595585391237,12.256878567674665,4.75,0.0,15.0,5.098968746015507
24.76,0.45369253119824926,-0.006355885513973452,12.26679337719554,4.760000000000002,0.0,15.0,5.100464964694942
24.77,0.4556128283815653,-0.0063451848078849415,12.2767121825405,4.77,0.0,15.0,5.101987207424112
24.78,0.4575372413869384,-0.006334493677809429,12.286634983709478,4.780000000000001,0.0,15.0,5.10353545466633
24.79,0.45946577021446766,-0.0063238123340667385,12.296561780702378,4.789999999999999,0.0,15.0,5.105109686530319
24.8,0.46139841486423394,-0.006313140986608764,12.306492573519025,4.800000000000001,0.0,15.0,5.106709882771868
24.810000000000002,0.4633351753362539,-0.0063024798450154965,12.31642736215912,4.810000000000002,0.0,15.0,5.108336022795446
24.82,0.46527605163058905,-0.006291829118491157,12.326366146622336,4.82,0.0,15.0,5.109988085655663
24.830000000000002,0.46722104374730683,-0.006281189015860301,12.336308926908298,4.830000000000002,0.0,15.0,5.111666050058947
24.84,0.4691701516864884,-0.006270559745563909,12.34625570301659,4.84,0.0,15.0,5.113369894365145
24.85,0.47112337544823335,-0.006259941515655517,12.356206474946744,4.850000000000001,0.0,15.0,5.11509959658922
24.86,0.47308071503265786,-0.006249334533797372,12.366161242698228,4.859999999999999,0.0,15.0,5.116855134402911
24.87,0.475042170439905,-0.0062387390072565566,12.376120006270503,4.870000000000001,0.0,15.0,5.118636485136437
24.88,0.47700774167014703,-0.006228155142901153,12.386082765662982,4.879999999999999,0.0,15.0,5.12044362578021
24.89,0.47897742872358673,-0.006217583147196418,12.396049520875048,4.890000000000001,0.0,15.0,5.122276532986602
24.900000000000002,0.480951231600462,-0.006207023226200961,12.406020271906064,4.900000000000002,0.0,15.0,5.1241351830716875
24.91,0.4829291503010294,-0.006196475585562905,12.415995018755355,4.91,0.0,15.0,5.12601955201706
24.92,0.48491118482526885,-0.006185940430515557,12.425973761421936,4.920000000000002,0.0,15.0,5.127929615472054
24.93,0.48689733517348827,-0.006175417965874556,12.435956499905037,4.93,0.0,15.0,5.129865348754754
24.94,0.4888876013460462,-0.006164908396033558,12.445943234203956,4.940000000000001,0.0,15.0,5.131826726854196
24.95,0.4908819833433329,-0.006154411924960542,12.455933964317914,4.949999999999999,0.0,15.0,5.133813724432295
24.96,0.4928804811657894,-0.006143928756193907,12.465928690246164,4.960000000000001,0.0,15.0,5.13582631582569
24.97,0.4948830948139039,-0.006133459092838726,12.475927411987962,4.969999999999999,0.0,15.0,5.137864475047644
24.98,0.4968898242882076,-0.006123003137562962,12.485930129542545,4.98,0.0,15.0,5.139928175790009
24.990000000000002,0.4989006695891945,-0.006112561092593493,12.495936842909087,4.990000000000002,0.0,15.0,5.14201739142524
25.0,0.5009156307173609,-0.006102133159712377,12.505947552086711,5.0,0.0,15.0,5.144132095008324
25.01,0.5029347076733848,-0.006091719540253416,12.515962257074714,5.010000000000002,0.0,15.0,5.146272259278508
25.02,0.5049579004579958,-0.006081320435098131,12.525980957872383,5.02,0.0,15.0,5.14843785666147
25.03,0.5069852090719729,-0.006070936044671955,12.536003654479032,5.030000000000001,0.0,15.0,5.150628859271348
25.04,0.5090166335161412,-0.0060605665689404615,12.546030346893994,5.039999999999999,0.0,15.0,5.152845238912744
25.05,0.5110521737887885,-0.006050212207397387,12.556061035114121,5.050000000000001,0.0,15.0,5.155086967086269
25.060000000000002,0.5130918298927062,-0.006039873159083805,12.566095719140613,5.060000000000002,0.0,15.0,5.157354014981123
25.07,0.5151356018309595,-0.0060295496225703585,12.576134398974926,5.07,0.0,15.0,5.159646353482874
25.080000000000002,0.5171834896058343,-0.0060192417959497755,12.586177074617732,5.080000000000002,0.0,15.0,5.161963953176971
25.09,0.5192354932186416,-0.0060089498768321325,12.596223746068777,5.09,0.0,15.0,5.164306784351069
25.1,0.521291612669498,-0.0059986740623400965,12.606274413326613,5.100000000000001,0.0,15.0,5.1666748169974905
25.11,0.5233518479571103,-0.005988414549103964,12.616329076388448,5.109999999999999,0.0,15.0,5.16906802081559
25.12,0.5254161990785303,-0.0059781715332566905,12.62638773524985,5.120000000000001,0.0,15.0,5.17148636521428
25.13,0.5274846660339151,-0.0059679452104493946,12.63645038990945,5.129999999999999,0.0,15.0,5.173929819307772
25.14,0.5295572488121194,-0.005957735775788243,12.646517040354897,5.140000000000001,0.0,15.0,5.1763983519370225
25.150000000000002,0.5316339474007235,-0.005947543423870547,12.6565876865726,5.150000000000002,0.0,15.0,5.178891931658487
25.16,0.533714761786366,-0.005937368348782204,12.666662328548076,5.16,0.0,15.0,5.181410526745876
25.17,0.535799691938812,-0.005927210744025684,12.6767409662505,5.170000000000002,0.0,15.0,5.183954105213537
25.18,0.5378887378689355,-0.005917070802763665,12.68682359968896,5.18,0.0,15.0,5.1865226347415945
25.19,0.5399818995881626,-0.005906948717647471,12.696910228873119,5.190000000000001,0.0,15.0,5.189116082732217
25.2,0.542079177096687,-0.005896844680761696,12.707000853801762,5.199999999999999,0.0,15.0,5.191734416327487
25.21,0.5441805704547219,-0.005886758883931344,12.717095474531979,5.210000000000001,0.0,15.0,5.194377602317218
25.22,0.5462860796778171,-0.005876691518268402,12.727194091077521,5.219999999999999,0.0,15.0,5.197045607280109
25.23,0.5483957047803292,-0.005866642774354285,12.737296703451014,5.23,0.0,15.0,5.199738397528318
25.240000000000002,0.5505094457838541,-0.005856612842281774,12.747403311672171,5.240000000000002,0.0,15.0,5.202455939098567
25.25,0.5526273026574202,-0.00584660191136579,12.757513915709708,5.25,0.0,15.0,5.205198197833491
25.26,0.5547492753857044,-0.005836610170441487,12.767628515547589,5.260000000000002,0.0,15.0,5.207965139293648
25.27,0.5568753639477025,-0.005826637807772662,12.777747111164224,5.27,0.0,15.0,5.210756728788074
25.28,0.5590055683447147,-0.005816685011175502,12.787869702559808,5.280000000000001,0.0,15.0,5.213572931339656
25.29,0.5611398885831612,-0.005806751967935849,12.797996289739498,5.289999999999999,0.0,15.0,5.216413711710249
25.3,0.5632783246620974,-0.005796838864748914,12.808126872701347,5.300000000000001,0.0,15.0,5.219279034419477
25.310000000000002,0.5654208765748562,-0.0057869458877225265,12.818261451437936,5.310000000000002,0.0,15.0,5.222168863744847
25.32,0.5675675443191828,-0.005777073222423553,12.828400025946161,5.32,0.0,15.0,5.225083163710799
25.330000000000002,0.569718327855452,-0.005767221053671701,12.838542596186697,5.330000000000002,0.0,15.0,5.2280218981459265
25.34,0.5718732271336219,-0.0057573895656627076,12.848689162110164,5.34,0.0,15.0,5.230985030649774
25.35,0.5740322420717827,-0.005747578941840166,12.85883972363633,5.350000000000001,0.0,15.0,5.233972524623275
25.36,0.576195372712611,-0.005737789365699963,12.868994280806003,5.359999999999999,0.0,15.0,5.2369843430662035
25.37,0.5783626190698113,-0.005728021020017114,12.879152833631968,5.370000000000001,0.0,15.0,5.240020448781058
25.38,0.5805339813050245,-0.005718274087703862,12.889315382270675,5.379999999999999,0.0,15.0,5.243080804144212
25.39,0.5827094594590532,-0.00570854875052544,12.899481926761352,5.390000000000001,0.0,15.0,5.246165371459949
25.400000000000002,0.584889053583921,-0.0056988451897490595,12.909652467154126,5.400000000000002,0.0,15.0,5.2492741127900056
25.41,0.5870727636373916,-0.005689163585560502,12.919827003407715,5.41,0.0,15.0,5.252406990093427
25.42,0.5892605895535785,-0.005679504117422991,12.930005535457957,5.420000000000002,0.0,15.0,5.255563965136566
25.43,0.5914525312811657,-0.005669866964286183,12.940188063254892,5.43,0.0,15.0,5.258744999445634
25.44,0.5936485888093033,-0.005660252304701776,12.950374586787946,5.440000000000001,0.0,15.0,5.261950054275592
25.45,0.5958487621313098,-0.005650660316640078,12.960565106050685,5.449999999999999,0.0,15.0,5.265179090659899
25.46,0.5980530512447111,-0.00564109117748703,12.970759621040857,5.460000000000001,0.0,15.0,5.268432069412947
25.47,0.6002614561574042,-0.005631545064076328,12.980958131766329,5.469999999999999,0.0,15.0,5.271708951124533
25.48,0.6024739768604039,-0.00562202215253684,12.991160638218672,5.48,0.0,15.0,5.275009696197635
25.490000000000002,0.604690613328902,-0.005612522618287631,13.001367140374148,5.490000000000002,0.0,15.0,5.278334264849386
25.5,0.6069113655267125,-0.005603046636055252,13.011577638198037,5.5,0.0,15.0,5.281682617107674
25.51,0.6091362334632296,-0.005593594380212147,13.021792131699959,5.510000000000002,0.0,15.0,5.285054712739999
25.52,0.6113652171527306,-0.0055841660245166715,13.0320106208943,5.52,0.0,15.0,5.288450511308684
25.53,0.6135983166415412,-0.005574761742282922,13.042233105826622,5.530000000000001,0.0,15.0,5.291869972138361
25.54,0.6158355319909555,-0.0055653817062866,13.052459586557031,5.539999999999999,0.0,15.0,5.295313054340595
25.55,0.6180768632040323,-0.005556026088332737,13.062690063089159,5.550000000000001,0.0,15.0,5.298779716910562
25.560000000000002,0.620322310295142,-0.005546695059655075,13.072924535437656,5.560000000000002,0.0,15.0,5.302269918639771
25.57,0.6225718732242319,-0.005537388790517677,13.08316300356437,5.57,0.0,15.0,5.305783618202968
25.580000000000002,0.6248255519682461,-0.005528107450635741,13.093405467447731,5.580000000000002,0.0,15.0,5.309320774068658
25.59,0.6270833465077383,-0.0055188512090945194,13.103651927069699,5.59,0.0,15.0,5.312881344518806
25.6,0.629345256838911,-0.005509620234422079,13.113902382427465,5.600000000000001,0.0,15.0,5.3164652876359275
25.61,0.6316112829573325,-0.00550041469448822,13.124156833517661,5.609999999999999,0.0,15.0,5.320072561326398
25.62,0.6338814248629255,-0.005491234756533164,13.134415280341175,5.620000000000001,0.0,15.0,5.323703123316572
25.63,0.6361556825596664,-0.005482080587163999,13.14467772290287,5.629999999999999,0.0,15.0,5.327356931155594
25.64,0.6384340560545813,-0.005472952352346877,13.154944161210587,5.640000000000001,0.0,15.0,5.3310339422191815
25.650000000000002,0.640716545345942,-0.005463850217332032,13.165214595263729,5.650000000000002,0.0,15.0,5.3347341137270705
25.66,0.6430031504353892,-0.005454774346722537,13.17548902506497,5.66,0.0,15.0,5.338457402730004
25.67,0.6452938713245617,-0.005445724904452445,13.185767450617004,5.670000000000002,0.0,15.0,5.342203766116469
25.68,0.6475887080147904,-0.005436702053782598,13.196049871922245,5.68,0.0,15.0,5.345973160615493
25.69,0.6498876605074785,-0.0054277059572998675,13.206336288983215,5.690000000000001,0.0,15.0,5.349765542798606
25.7,0.6521907288041718,-0.005418736776914895,13.216626701802552,5.699999999999999,0.0,15.0,5.353580869082156
25.71,0.6544979129063927,-0.005409794673858519,13.226921110382907,5.710000000000001,0.0,15.0,5.35741909572996
25.72,0.6568092128148896,-0.0054008798086750106,13.237219514726165,5.719999999999999,0.0,15.0,5.361280178856644
25.73,0.65912462853033,-0.005391992341223031,13.247521914834143,5.73,0.0,15.0,5.365164074429193
25.740000000000002,0.661444160053827,-0.005383132430675825,13.257828310709064,5.740000000000002,0.0,15.0,5.369070738268681
25.75,0.6637678073859823,-0.0053743002355132186,13.268138702352665,5.75,0.0,15.0,5.3730001260538724
25.76,0.6660955705274098,-0.005365495913521664,13.278453089766689,5.760000000000002,0.0,15.0,5.376952193322975
25.77,0.6684274494792335,-0.005356719621794523,13.288771472953322,5.77,0.0,15.0,5.380926895475389
25.78,0.6707634442424748,-0.005347971516725776,13.299093851914664,5.780000000000001,0.0,15.0,5.384924187774873
25.79,0.6731035548180371,-0.005339251754007418,13.309420226652657,5.789999999999999,0.0,15.0,5.388944025351929
25.8,0.6754477812067234,-0.005330560488626753,13.319750597169115,5.800000000000001,0.0,15.0,5.392986363206175
25.810000000000002,0.6777961234092309,-0.005321897874863761,13.330084963465705,5.810000000000002,0.0,15.0,5.3970511562087
25.82,0.6801485814261602,-0.005313264066288439,13.340423325543977,5.82,0.0,15.0,5.401138359104409
25.830000000000002,0.6825051552580175,-0.0053046592157581516,13.350765683405353,5.830000000000002,0.0,15.0,5.405247926514391
25.84,0.6848658449052134,-0.005296083475415024,13.3611120370511,5.84,0.0,15.0,5.409379812938246
25.85,0.6872306503680724,-0.005287536996683309,13.371462386482362,5.850000000000001,0.0,15.0,5.413533972756438
25.86,0.6895995716468256,-0.00527901993026683,13.381816731700127,5.859999999999999,0.0,15.0,5.417710360232611
25.87,0.6919726087416247,-0.005270532426146378,13.392175072705246,5.870000000000001,0.0,15.0,5.4219089295159195
25.88,0.694349761652542,-0.0052620746335771944,13.402537409498455,5.879999999999999,0.0,15.0,5.426129634643314
25.89,0.6967310303790687,-0.00525364670108305,13.412903742079834,5.890000000000001,0.0,15.0,5.430372429542517
25.900000000000002,0.6991164149195137,-0.0052452487764495966,13.423274070448251,5.900000000000002,0.0,15.0,5.4346372680350274
25.91,0.701505915275161,-0.005236881006750802,13.433648394605372,5.91,0.0,15.0,5.438924103833279
25.92,0.7038995314467749,-0.005228543538322103,13.44402671455233,5.920000000000002,0.0,15.0,5.443232890547266
25.93,0.7062972634346689,-0.005220236516758714,13.454409030289685,5.93,0.0,15.0,5.447563581686723
25.94,0.7086991112388061,-0.005211960086913885,13.464795341817604,5.940000000000001,0.0,15.0,5.451916130663287
25.95,0.7111050748588662,-0.005203714392897201,13.47518564913587,5.949999999999999,0.0,15.0,5.456290490792641
25.96,0.7135151542943271,-0.005195499578072828,13.485579952244008,5.960000000000001,0.0,15.0,5.46068661529669
25.97,0.7159293495445014,-0.005187315785057867,13.49597825114127,5.969999999999999,0.0,15.0,5.465104457305733
25.98,0.7183476606086088,-0.005179163155720561,13.506380545826747,5.98,0.0,15.0,5.469543969860623
25.990000000000002,0.7207700874857962,-0.0051710418311785985,13.516786836299334,5.990000000000002,0.0,15.0,5.474005105914958
26.0,0.7231966301751898,-0.005162951951797287,13.527197122557848,6.0,0.0,15.0,5.478487818337211
26.01,0.7256272886759049,-0.005154893657187784,13.537611404600963,6.010000000000002,0.0,15.0,5.482992059912961
26.02,0.7280620629870622,-0.0051468670862052646,13.548029682427277,6.02,0.0,15.0,5.487517783347019
26.03,0.7305009531077954,-0.005138872376947082,13.558451956035288,6.030000000000001,0.0,15.0,5.492064941265643
26.04,0.7329439590372504,-0.00513090966675091,13.568878225423417,6.039999999999999,0.0,15.0,5.4966334862186725
26.05,0.7353910807744909,-0.005122979092192112,13.57930849058989,6.050000000000001,0.0,15.0,5.501223370681843
26.060000000000002,0.737842318318667,-0.00511508078908328,13.589742751532926,6.060000000000002,0.0,15.0,5.505834547058697
26.07,0.7402976716690525,-0.005107214892472781,13.600181008250727,6.07,0.0,15.0,5.510466967682706
26.080000000000002,0.7427571408248759,-0.0050993815366415386,13.610623260741397,6.080000000000002,0.0,15.0,5.515120584819591
26.09,0.7452207257850706,-0.0050915808550995,13.621069509002625,6.09,0.0,15.0,5.519795350669745
26.1,0.7476884265486845,-0.0050838129805869225,13.631519753032125,6.100000000000001,0.0,15.0,5.524491217369849
26.11,0.7501602431147223,-0.00507607804507155,13.641973992827436,6.109999999999999,0.0,15.0,5.529208136995152
26.12,0.7526361754821704,-0.005068376179746902,13.652432228386031,6.120000000000001,0.0,15.0,5.533946061561535
26.13,0.7551162236500014,-0.005060707515030769,13.662894459705226,6.129999999999999,0.0,15.0,5.538704943027561
26.14,0.7576003876172175,-0.005053072180563717,13.6733606867823,6.140000000000001,0.0,15.0,5.5434847332965145
26.150000000000002,0.7600886673828933,-0.005045470305207767,13.683830909614485,6.150000000000002,0.0,15.0,5.548285384218368
26.16,0.7625810629462426,-0.005037902017045172,13.694305128199092,6.16,0.0,15.0,5.553106847591755
26.17,0.7650775743067011,-0.00503036744337737,13.704783342533538,6.170000000000002,0.0,15.0,5.557949075165907
26.18,0.7675782014640182,-0.00502286671072407,13.715265552615469,6.18,0.0,15.0,5.562812018642541
26.19,0.7700829444183783,-0.0050153999448225035,13.725751758442845,6.190000000000001,0.0,15.0,5.567695629677746
26.2,0.7725918031705438,-0.0050079672706268025,13.736241960014157,6.199999999999999,0.0,15.0,5.57259985988377
26.21,0.7751047777220046,-0.00500056881230761,13.746736157328492,6.210000000000001,0.0,15.0,5.577524660830859
26.22,0.7776218680704051,-0.004993204693213,13.75723435038115,6.219999999999999,0.0,15.0,5.582469984054651
26.23,0.7801430742154558,-0.004985875035913927,13.767736539169375,6.23,0.0,15.0,5.587435781051082
26.240000000000002,0.7826683961572195,-0.004978579962188793,13.778242723690669,6.240000000000002,0.0,15.0,5.592422003280374
26.25,0.7851978338958954,-0.004971319593019831,13.788752903942624,6.25,0.0,15.0,5.597428602169217
26.26,0.7877313874318393,-0.004964094048591255,13.799267079922949,6.260000000000002,0.0,15.0,5.602455529112673
26.27,0.7902690567655664,-0.004956903448287432,13.809785251629421,6.27,0.0,15.0,5.607502735476066
26.28,0.7928108418977732,-0.004949747910691006,13.820307419059981,6.280000000000001,0.0,15.0,5.612570172596859
26.29,0.7953567428293487,-0.0049426275535810514,13.830833582212701,6.289999999999999,0.0,15.0,5.617657791786503
26.3,0.7979067595613871,-0.004935542493931201,13.841363741085829,6.300000000000001,0.0,15.0,5.62276554433231
26.310000000000002,0.800460892095214,-0.004928492847907756,13.85189789567779,6.310000000000002,0.0,15.0,5.6278933814992556
26.32,0.803019140432396,-0.004921478730867841,13.862436045987268,6.32,0.0,15.0,5.633041254531808
26.330000000000002,0.8055815045746711,-0.0049145002573567345,13.872978192013038,6.330000000000002,0.0,15.0,5.638209114655863
26.34,0.8081479845224439,-0.004907557541094078,13.883524333752586,6.34,0.0,15.0,5.64339691308229
26.35,0.8107185802786607,-0.004900650695002041,13.89407447120589,6.350000000000001,0.0,15.0,5.648604601004203
26.36,0.8132932918445293,-0.004893779831169771,13.904628604371206,6.359999999999999,0.0,15.0,5.653832129603753
26.37,0.8158721192229768,-0.004886945060878497,13.915186733248468,6.370000000000001,0.0,15.0,5.6590794500498784
26.38,0.8184550624156809,-0.00488014649457588,13.925748857836432,6.379999999999999,0.0,15.0,5.664346513503503
26.39,0.8210421214256195,-0.0048733842418943124,13.936314978135085,6.390000000000001,0.0,15.0,5.669633271116343
26.400000000000002,0.8236332962559146,-0.004866658411639666,13.946885094144598,6.400000000000003,0.0,15.0,5.674939674033957
26.41,0.8262285869094945,-0.004859969111786491,13.957459205864984,6.409999999999999,0.0,15.0,5.68026567339787
26.42,0.8288279933861772,-0.004853316449450937,13.968037313293244,6.420000000000002,0.0,15.0,5.6856112203506886
26.43,0.831431515696366,-0.004846700531007766,13.978619416436706,6.43,0.0,15.0,5.690976266021852
26.44,0.8340391538455313,-0.0048401214619514165,13.98920551529797,6.44,0.0,15.0,5.696360761547388
26.45,0.8366509078291224,-0.004833579346848497,13.999795609869901,6.45,0.0,15.0,5.701764658077396
26.46,0.8392667776368419,-0.004827074289373069,14.010389700139886,6.460000000000001,0.0,15.0,5.707187906772683
26.47,0.8418867632289747,-0.004820606392089845,14.020987786066776,6.469999999999999,0.0,15.0,5.712630458833622
26.48,0.8445108645441118,-0.0048141757565192895,14.03158986758844,6.480000000000001,0.0,15.0,5.718092265492658
26.490000000000002,0.8471390816040224,-0.004807782484087718,14.042195944723533,6.490000000000002,0.0,15.0,5.723573277895302
26.5,0.8497714144664644,-0.004801426675702767,14.052806017525738,6.5,0.0,15.0,5.729073447156519
26.51,0.8524078632246481,-0.00479510843175263,14.063420086083234,6.5100000000000025,0.0,15.0,5.734592724363217
26.52,0.8550484279135728,-0.00478882785126221,14.07403815042775,6.519999999999999,0.0,15.0,5.74013106068319
26.53,0.8576931084736559,-0.004782585031541079,14.084660210499274,6.530000000000001,0.0,15.0,5.7456884074077745
26.54,0.8603419048616932,-0.0047763800691891616,14.095286266253774,6.539999999999999,0.0,15.0,5.75126471582605
26.55,0.8629948170941636,-0.00477021306049537,14.10591631770522,6.55,0.0,15.0,5.756859937177235
26.560000000000002,0.865651845164354,-0.004764084100677567,14.116550364845136,6.560000000000002,0.0,15.0,5.762474022746891
26.57,0.8683129890317555,-0.004757993283785614,14.127188407632351,6.57,0.0,15.0,5.768106923880263
26.580000000000002,0.8709782485211393,-0.004751940701761107,14.137830445894943,6.580000000000001,0.0,15.0,5.77375859209795
26.59,0.873647623616531,-0.004745926447146575,14.14847647961576,6.590000000000001,0.0,15.0,5.779428978763416
26.6,0.8763211145349317,-0.004739950613764485,14.159126509003942,6.600000000000001,0.0,15.0,5.785118035002431
26.61,0.8789987214886044,-0.004734013294559369,14.16978053426417,6.609999999999999,0.0,15.0,5.790825711974745
26.62,0.8816804444119455,-0.004728114579056478,14.18043855533142,6.620000000000002,0.0,15.0,5.796551961183392
26.63,0.8843662831411809,-0.00472225455500232,14.191100572045494,6.629999999999998,0.0,15.0,5.802296734271532
26.64,0.8870562376446433,-0.004716433310508759,14.201766584374628,6.640000000000001,0.0,15.0,5.808059982764257
26.650000000000002,0.8897503079257923,-0.004710650933153359,14.212436592321284,6.650000000000003,0.0,15.0,5.813841658179879
26.66,0.8924484941306347,-0.004704907510986255,14.223110596026343,6.659999999999999,0.0,15.0,5.819641711911241
26.67,0.8951507949252124,-0.004699203117966197,14.23378859263731,6.670000000000002,0.0,15.0,5.825460097248593
26.68,0.8978572113388289,-0.004693537847814722,14.24447057669856,6.68,0.0,15.0,5.831296765492055
26.69,0.9005677437260519,-0.004687911787570914,14.255156534011634,6.69,0.0,15.0,5.837151669721093
26.7,0.9032824277783238,-0.004682325361714465,14.265846473908184,6.7,0.0,15.0,5.843024724930351
26.71,0.9060012873826879,-0.004676778882768805,14.276540380728663,6.710000000000001,0.0,15.0,5.848915860998547
26.72,0.9087242639130222,-0.004671271870692991,14.287238146383288,6.719999999999999,0.0,15.0,5.85482510085359
26.73,0.9114512576574124,-0.0046658034437714576,14.297939608713596,6.730000000000001,0.0,15.0,5.8607525139483165
26.740000000000002,0.914182366553894,-0.004660374617079795,14.308644769267723,6.740000000000002,0.0,15.0,5.866697953050256
26.75,0.9169175895011729,-0.004654985454288485,14.319353517992809,6.75,0.0,15.0,5.872661382203911
26.76,0.9196569260869718,-0.0046496360240923075,14.330065725126678,6.7600000000000025,0.0,15.0,5.878642766214759
26.77,0.922400375582601,-0.004644326390432916,14.340781234902392,6.769999999999999,0.0,15.0,5.884642072166406
26.78,0.9251479372400129,-0.004639056615435477,14.351499868807831,6.780000000000001,0.0,15.0,5.890659268520582
26.79,0.9278996102500428,-0.004633826759037597,14.362221433603535,6.789999999999999,0.0,15.0,5.896694324077835
26.8,0.9306553937602032,-0.004628636879205767,14.372945726525252,6.8,0.0,15.0,5.9027472072720935
26.810000000000002,0.9334152869009809,-0.004623487032210735,14.38367253906283,6.810000000000002,0.0,15.0,5.908817885666024
26.82,0.9361792887857848,-0.00461837727265064,14.394401659208787,6.82,0.0,15.0,5.914906325673388
26.830000000000002,0.9389473985177372,-0.004613307653536889,14.405132872859795,6.830000000000001,0.0,15.0,5.921012492385951
26.84,0.9417196151936275,-0.004608278226353452,14.415865964666429,6.840000000000001,0.0,15.0,5.92713634947391
26.85,0.9444959379063033,-0.004603289041102126,14.426600718554154,6.850000000000001,0.0,15.0,5.933277859129621
26.86,0.947276365746107,-0.004598340146340877,14.437336918046569,6.859999999999999,0.0,15.0,5.939436982037102
26.87,0.9500608978017966,-0.004593431589219129,14.44807434646909,6.870000000000002,0.0,15.0,5.945613677356995
26.88,0.9528495331611196,-0.004588563415512302,14.45881278707963,6.879999999999998,0.0,15.0,5.95180790272091
26.89,0.9556422709112044,-0.0045837356696566914,14.469552023154387,6.890000000000001,0.0,15.0,5.9580196142315796
26.900000000000002,0.9584391101388205,-0.004578948394785307,14.480291838045746,6.900000000000003,0.0,15.0,5.964248766466594
26.91,0.9612400499305793,-0.004574201632764717,14.491032015222592,6.909999999999999,0.0,15.0,5.970495312484457
26.92,0.964045089373087,-0.00456949542423286,14.501772338299423,6.920000000000002,0.0,15.0,5.9767592038322
26.93,0.96685422755306,-0.004564829808637594,14.512512591058094,6.93,0.0,15.0,5.983040390553943
26.94,0.9696674635574363,-0.004560204824275585,14.5232525574647,6.94,0.0,15.0,5.989338821200274
26.95,0.9724847964734675,-0.004555620508331283,14.533992021683202,6.95,0.0,15.0,5.995654442838077
26.96,0.9753062253888154,-0.004551076896915505,14.544730768086671,6.960000000000001,0.0,15.0,6.001987201060808
26.97,0.9781317493916196,-0.004546574025103397,14.555468581266819,6.969999999999999,0.0,15.0,6.008337039999089
26.98,0.9809613675705935,-0.004542111926971334,14.56620524604248,6.980000000000001,0.0,15.0,6.014703902331545
26.990000000000002,0.9837950790150822,-0.004537690635632519,14.576940547466968,6.990000000000002,0.0,15.0,6.021087729295872
27.0,0.986632882815151,-0.004533310183270944,14.587674270834894,7.0,0.0,15.0,6.027488460700093
27.01,0.9894747780616575,-0.004528970601173555,14.598406201688357,7.0100000000000025,0.0,15.0,6.033906034933991
27.02,0.9923207638463074,-0.004524671919760381,14.609136125822726,7.019999999999999,0.0,15.0,6.040340388980674
27.03,0.9951708383334794,-0.004520414159212382,14.619863829239891,7.030000000000001,0.0,15.0,6.046791459358011
27.04,0.9980250025718348,-0.004516197368021818,14.630589098073122,7.039999999999999,0.0,15.0,6.053259178330973
27.05,1.0008832537945842,-0.004512021555496796,14.641311728591546,7.05,0.0,15.0,6.059743480016897
27.060000000000002,1.003745591961516,-0.004507886757533336,14.652031525317591,7.060000000000002,0.0,15.0,6.066244294067081
27.07,1.0066120169773647,-0.004503793008791309,14.662748307710979,7.07,0.0,15.0,6.072761548156373
27.080000000000002,1.0094825275623416,-0.00449974033119715,14.673461912019977,7.080000000000001,0.0,15.0,6.079295169156997
27.09,1.0123571230841173,-0.004495728752603651,14.684172185146148,7.090000000000001,0.0,15.0,6.0858450817892775
27.1,1.0152358029158894,-0.004491758300321292,14.694878985018683,7.100000000000001,0.0,15.0,6.092411209348276
27.11,1.0181185664640693,-0.004487829001468956,14.705582189577148,7.109999999999999,0.0,15.0,6.098993473349771
27.12,1.0210054132123592,-0.004483940883530636,14.716281697297623,7.120000000000002,0.0,15.0,6.1055917936494195
27.13,1.0238963429411236,-0.004480093976683502,14.726977423099276,7.129999999999998,0.0,15.0,6.112206088597414
27.14,1.0267913553467072,-0.004476288310078224,14.737669297711792,7.140000000000001,0.0,15.0,6.118836275598802
27.150000000000002,1.0296904502060402,-0.004472523913636648,14.74835727109722,7.150000000000003,0.0,15.0,6.1254822709545875
27.16,1.032593627365969,-0.004468800818044154,14.759041309552202,7.159999999999999,0.0,15.0,6.13214399016194
27.17,1.035500886720276,-0.004465119054593449,14.769721390335322,7.170000000000002,0.0,15.0,6.138821348287228
27.18,1.0384122281943688,-0.004461478655084071,14.780397498064623,7.18,0.0,15.0,6.145514260209679
27.19,1.0413276517354402,-0.004457879651757485,14.791069622386436,7.19,0.0,15.0,6.152222640777393
27.2,1.0442471573057015,-0.004454322077245527,14.801737756362327,7.2,0.0,15.0,6.15894640491183
27.21,1.0471707448776872,-0.0044508059645236315,14.812401895342937,7.210000000000001,0.0,15.0,6.165685467678035
27.22,1.0500984144311065,-0.004447331346865442,14.823062036212772,7.219999999999999,0.0,15.0,6.172439744330504
27.23,1.0530301659507522,-0.004443898257795028,14.833718176884181,7.230000000000001,0.0,15.0,6.179209150343178
27.240000000000002,1.055965999425088,-0.004440506731034802,14.844370315958262,7.240000000000002,0.0,15.0,6.185993601429081
27.25,1.0589059149180646,-0.004437156801204331,14.855018452425751,7.25,0.0,15.0,6.192793013482207
27.26,1.0618499125740068,-0.004433848503727941,14.865662585516448,7.2600000000000025,0.0,15.0,6.199607302579862
27.27,1.0647979921323538,-0.004430581869974001,14.87630271508109,7.269999999999999,0.0,15.0,6.20643638546281
27.28,1.067750153433929,-0.004427356932349707,14.886938841030673,7.280000000000001,0.0,15.0,6.213280179045291
27.29,1.0707063967425903,-0.004424173727193408,14.897570962961192,7.289999999999999,0.0,15.0,6.220138600100515
27.3,1.0736667220224432,-0.004421032287622244,14.908199080819857,7.3,0.0,15.0,6.227011565971237
27.310000000000002,1.0766311292092676,-0.004417932646137866,14.91882319461539,7.310000000000002,0.0,15.0,6.233898994305592
27.32,1.0795996182911833,-0.00441487483537578,14.929443304325254,7.32,0.0,15.0,6.240800802978405
27.330000000000002,1.0825721892710602,-0.004411858887648187,14.940059409924809,7.330000000000001,0.0,15.0,6.247716910128596
27.34,1.0855488421635027,-0.004408884834842007,14.950671511385625,7.340000000000001,0.0,15.0,6.254647234162513
27.35,1.0885295769748704,-0.004405952708143878,14.961279608692413,7.350000000000001,0.0,15.0,6.261591693774099
27.36,1.0915143937105045,-0.004403062538044616,14.97188370183414,7.359999999999999,0.0,15.0,6.2685502079381035
27.37,1.094503292374882,-0.0044002143542762875,14.98248379080277,7.370000000000002,0.0,15.0,6.275522695910256
27.38,1.0974962729722224,-0.004397408185756445,14.993079875591967,7.379999999999998,0.0,15.0,6.282509077226906
27.39,1.1004933355067048,-0.00439464406053254,15.003671956196328,7.390000000000001,0.0,15.0,6.289509271705091
27.400000000000002,1.103494479982561,-0.004391922005729077,15.014260032611016,7.400000000000003,0.0,15.0,6.296523199442618
27.41,1.1064997064040776,-0.004389242047498777,15.02484410483144,7.409999999999999,0.0,15.0,6.303550780818259
27.42,1.10950901477559,-0.004386604210978297,15.035424172853109,7.420000000000002,0.0,15.0,6.3105919364919645
27.43,1.1125224051014777,-0.004384008520248857,15.046000236671548,7.43,0.0,15.0,6.317646587404946
27.44,1.1155398773861438,-0.004381454998301933,15.056572296282184,7.44,0.0,15.0,6.324714654779884
27.45,1.118561431633999,-0.004378943667010102,15.06714035168026,7.45,0.0,15.0,6.3317960601210075
27.46,1.1215870678494737,-0.004376474547103046,15.07770440286082,7.460000000000001,0.0,15.0,6.338890725214189
27.47,1.1246167860370369,-0.00437404765814864,15.088264449818624,7.469999999999999,0.0,15.0,6.345998572126977
27.48,1.1276505862012258,-0.004371663018539088,15.098820492548073,7.480000000000001,0.0,15.0,6.353119523208629
27.490000000000002,1.1306884683467144,-0.004369320645481935,15.109372531043126,7.490000000000002,0.0,15.0,6.360253501090044
27.5,1.133730432477482,-0.004367020554986485,15.119920565298068,7.5,0.0,15.0,6.367400428684635
27.51,1.136776478598265,-0.004364762761877153,15.130464595306123,7.5100000000000025,0.0,15.0,6.3745602291868515
27.52,1.139826606714714,-0.004362547279798021,15.14100462105924,7.519999999999999,0.0,15.0,6.381732826071951
27.53,1.142880816833345,-0.004360374121218632,15.151540642548154,7.530000000000001,0.0,15.0,6.38891814309605
27.54,1.1459391089460151,-0.004358243297282438,15.1620726597776,7.539999999999999,0.0,15.0,6.396116104311904
27.55,1.1490014830530895,-0.004356154818059308,15.172600672743622,7.55,0.0,15.0,6.403326634045221
27.560000000000002,1.1520679391539428,-0.00435410869246197,15.183124681442877,7.560000000000002,0.0,15.0,6.410549656904226
27.57,1.1551384772467865,-0.0043521049282613045,15.193644685872789,7.57,0.0,15.0,6.417785097779743
27.580000000000002,1.1582130973284825,-0.004350143532103139,15.204160686031797,7.580000000000001,0.0,15.0,6.425032881845289
27.59,1.1612917993942817,-0.0043482245095261066,15.214672681919549,7.590000000000001,0.0,15.0,6.432292934557174
27.6,1.164374583437565,-0.0043463478649801044,15.225180673537277,7.600000000000001,0.0,15.0,6.43956518165465
27.61,1.1674614494580542,-0.004344513601934159,15.23568466087965,7.609999999999999,0.0,15.0,6.446849549151237
27.62,1.170552397452039,-0.004342721722797523,15.246184643944444,7.620000000000002,0.0,15.0,6.454145963344622
27.63,1.1736474274159905,-0.004340972228980217,15.256680622729018,7.629999999999998,0.0,15.0,6.4614543508127165
27.64,1.176746539347793,-0.0043392651209287975,15.267172597229088,7.640000000000001,0.0,15.0,6.4687746384121825
27.650000000000002,1.1798497333124243,-0.004337600398830864,15.277660567374358,7.650000000000003,0.0,15.0,6.4761067532097725
27.66,1.1829570093839006,-0.004335978062034312,15.288144533085465,7.659999999999999,0.0,15.0,6.483450622542129
27.67,1.1860683674399055,-0.004334398106936424,15.298624494475503,7.670000000000002,0.0,15.0,6.4908061742299115
27.68,1.1891838074303211,-0.004332860529792733,15.309100451586588,7.68,0.0,15.0,6.498173336298143
27.69,1.192303329370478,-0.004331365326666024,15.319572404396585,7.69,0.0,15.0,6.505552036982518
27.7,1.1954269332786716,-0.004329912492795712,15.330040352880317,7.7,0.0,15.0,6.512942204794087
27.71,1.1985546191739858,-0.004328502022592407,15.34050429701183,7.710000000000001,0.0,15.0,6.520343768521237
27.72,1.2016863870835794,-0.004327133909727278,15.35096423675721,7.719999999999999,0.0,15.0,6.527756657221678
27.73,1.2048222370136157,-0.004325808146846767,15.36142017210316,7.730000000000001,0.0,15.0,6.535180800252676
27.740000000000002,1.2079621689632372,-0.0043245247257318485,15.371872103043263,7.740000000000002,0.0,15.0,6.5426161272560845
27.75,1.2111061829266927,-0.004323283637328563,15.382320029575991,7.75,0.0,15.0,6.550062568155813
27.76,1.2142542790648607,-0.004322084873534171,15.392763951536452,7.7600000000000025,0.0,15.0,6.5575200529761934
27.77,1.2174064573450047,-0.004320928423464737,15.403203868949813,7.769999999999999,0.0,15.0,6.564988512221667
27.78,1.2205627173891,-0.004319814271908037,15.413639782180276,7.780000000000001,0.0,15.0,6.57246787703853
27.79,1.2237230593941635,-0.004318742408856621,15.424071691028368,7.789999999999999,0.0,15.0,6.579958078240285
27.8,1.2268874833232224,-0.004317712821129965,15.434499595524784,7.8,0.0,15.0,6.587459047162884
27.810000000000002,1.2300559894286873,-0.004316725497806186,15.444923495417099,7.810000000000002,0.0,15.0,6.594970715109091
27.82,1.2332285773385576,-0.0043157804207371005,15.455343391066238,7.82,0.0,15.0,6.602493014319498
27.830000000000002,1.2364052473745824,-0.0043148775782584185,15.465759282153552,7.830000000000001,0.0,15.0,6.610025876570391
27.84,1.239585999243249,-0.004314016951558209,15.476171168964868,7.840000000000001,0.0,15.0,6.617569234566525
27.85,1.2427708331221223,-0.004313198525960878,15.48657905132509,7.850000000000001,0.0,15.0,6.625123020783214
27.86,1.2459597488714085,-0.004312422282735097,15.49698292937158,7.859999999999999,0.0,15.0,6.632687168306814
27.87,1.249152746426507,-0.004311688203177073,15.507382803169426,7.870000000000002,0.0,15.0,6.64026161041558
27.88,1.2523498257327788,-0.0043109962679618525,15.517778672775393,7.879999999999998,0.0,15.0,6.647846280648657
27.89,1.2555509871132946,-0.004310346460921514,15.528170537876974,7.890000000000001,0.0,15.0,6.6554411124103
27.900000000000002,1.2587562302790678,-0.004309738758765577,15.538558398763112,7.900000000000003,0.0,15.0,6.66304604003181
27.91,1.2619655554140115,-0.004309173142289606,15.548942255259512,7.909999999999999,0.0,15.0,6.670660997606181
27.92,1.265178962518163,-0.00430864958961996,15.559322107372658,7.920000000000002,0.0,15.0,6.678285919692861
27.93,1.2683964515915964,-0.004308168078095819,15.569697955109216,7.93,0.0,15.0,6.685920741119749
27.94,1.2716180226344271,-0.00430772858426316,15.58006979847597,7.94,0.0,15.0,6.69356539698265
27.95,1.274843675646794,-0.004307331083868897,15.590437637479715,7.95,0.0,15.0,6.701219822644702
27.96,1.2780734106288667,-0.0043069755518552804,15.600801472127273,7.960000000000001,0.0,15.0,6.708883953735796
27.97,1.2813072275808357,-0.004306661962354604,15.611161302425442,7.969999999999999,0.0,15.0,6.716557726151988
27.98,1.2845451265029104,-0.004306390288684285,15.621517128380988,7.980000000000001,0.0,15.0,6.724241076054919
27.990000000000002,1.2877871073953215,-0.004306160503342364,15.631868950000658,7.990000000000002,0.0,15.0,6.731933939871188
28.0,1.291033170258298,-0.0043059725780034445,15.642216767291115,8.0,0.0,15.0,6.739636254291779
28.01,1.2942833150920907,-0.004305826483515096,15.65256058025898,8.010000000000002,0.0,15.0,6.747347956271422
28.02,1.2975375418969501,-0.004305722189894736,15.662900388910801,8.02,0.0,15.0,6.7550689830279715
28.03,1.3007958506731294,-0.004305659666327013,15.673236193253075,8.030000000000001,0.0,15.0,6.7627992720417955
28.04,1.304058241420884,-0.0043056388811616615,15.683567993292202,8.04,0.0,15.0,6.770538761055106
28.05,1.3073247141404636,-0.004305659801911844,15.693895789034512,8.05,0.0,15.0,6.778287388071352
28.060000000000002,1.310595268832117,-0.0043057223952529785,15.704219580486255,8.060000000000002,0.0,15.0,6.786045091354539
28.07,1.3138699054960823,-0.004305826627022014,15.714539367653565,8.07,0.0,15.0,6.793811809428578
28.080000000000002,1.3171486241325927,-0.004305972462217164,15.724855150542515,8.080000000000002,0.0,15.0,6.8015874810766475
28.09,1.3204314247418698,-0.004306159864998056,15.735166929159076,8.09,0.0,15.0,6.809372045340479
28.1,1.3237183073241257,-0.004306388798686279,15.745474703509103,8.100000000000001,0.0,15.0,6.817165441519716
28.11,1.3270092718795548,-0.004306659225766316,15.755778473598333,8.11,0.0,15.0,6.824967609171214
28.12,1.330304318408349,-0.004306971107886826,15.76607823943244,8.120000000000001,0.0,15.0,6.832778488108359
28.13,1.3336034469106743,-0.004307324405862238,15.776374001016935,8.129999999999999,0.0,15.0,6.840598018400368
28.14,1.3369066573866875,-0.004307719079674646,15.786665758357225,8.14,0.0,15.0,6.848426140371596
28.150000000000002,1.340213949836532,-0.004308155088475959,15.796953511458614,8.150000000000002,0.0,15.0,6.8562627946008226
28.16,1.3435253242603344,-0.004308632390590289,15.807237260326264,8.16,0.0,15.0,6.86410792192054
28.17,1.3468407806582106,-0.004309150943516549,15.817517004965227,8.170000000000002,0.0,15.0,6.871961463416254
28.18,1.3501603190302518,-0.004309710703931203,15.82779274538039,8.18,0.0,15.0,6.879823360425739
28.19,1.3534839393765425,-0.004310311627691185,15.838064481576533,8.190000000000001,0.0,15.0,6.8876935545383375
28.2,1.3568116416971494,-0.004310953669836928,15.848332213558274,8.2,0.0,15.0,6.895571987594204
28.21,1.360143425992129,-0.0043116367845954795,15.858595941330119,8.21,0.0,15.0,6.9034586016835915
28.22,1.3634792922615224,-0.004312360925383702,15.868855664896413,8.219999999999999,0.0,15.0,6.911353339146095
28.23,1.3668192405053576,-0.0043131260448115005,15.879111384261353,8.23,0.0,15.0,6.919256142569926
28.240000000000002,1.3701632707236477,-0.004313932094685086,15.88936309942897,8.240000000000002,0.0,15.0,6.927166954791147
28.25,1.3735113829163987,-0.004314779026010239,15.899610810403166,8.25,0.0,15.0,6.9350857188929265
28.26,1.3768635770836057,-0.004315666788995568,15.909854517187679,8.260000000000002,0.0,15.0,6.943012378204792
28.27,1.3802198532252494,-0.004316595333055723,15.920094219786069,8.27,0.0,15.0,6.950946876301854
28.28,1.3835802113413127,-0.004317564606814591,15.93032991820178,8.280000000000001,0.0,15.0,6.958889157004056
28.29,1.3869446514317534,-0.004318574558108403,15.94056161243803,8.29,0.0,15.0,6.966839164375398
28.3,1.3903131734965384,-0.004319625133988821,15.950789302497926,8.3,0.0,15.0,6.974796842723182
28.310000000000002,1.393685777535616,-0.004320716280725901,15.961012988384367,8.310000000000002,0.0,15.0,6.982762136597221
28.32,1.3970624635489368,-0.004321847943811029,15.971232670100106,8.32,0.0,15.0,6.990734990789062
28.330000000000002,1.4004432315364432,-0.004323020067959717,15.98144834764771,8.330000000000002,0.0,15.0,6.998715350331234
28.34,1.403828081498073,-0.004324232597114363,15.991660021029583,8.34,0.0,15.0,7.006703160496429
28.35,1.4072170134337607,-0.004325485474446885,16.001867690247934,8.350000000000001,0.0,15.0,7.014698366796749
28.36,1.4106100273434363,-0.004326778642361274,16.012071355304798,8.36,0.0,15.0,7.022700914982889
28.37,1.414007123227032,-0.0043281120424960694,16.022271016202044,8.370000000000001,0.0,15.0,7.030710751043375
28.38,1.4174083010844731,-0.004329485615726723,16.03246667294134,8.379999999999999,0.0,15.0,7.038727821203747
28.39,1.4208135609156924,-0.004330899302167895,16.0426583255242,8.39,0.0,15.0,7.046752071925783
28.400000000000002,1.4242229027206126,-0.004332353041175657,16.05284597395193,8.400000000000002,0.0,15.0,7.054783449906689
28.41,1.4276363264991627,-0.004333846771349622,16.06302961822566,8.41,0.0,15.0,7.0628219020783005
28.42,1.431053832251274,-0.004335380430535006,16.073209258346335,8.420000000000002,0.0,15.0,7.070867375606291
28.43,1.4344754199768674,-0.004336953955824604,16.08338489431468,8.43,0.0,15.0,7.078919817889355
28.44,1.4379010896758775,-0.004338567283560729,16.093556526131298,8.440000000000001,0.0,15.0,7.086979176558423
28.45,1.441330841348233,-0.004340220349337073,16.103724153796556,8.45,0.0,15.0,7.095045399475826
28.46,1.4447646749938687,-0.0043419130880005385,16.113887777310648,8.46,0.0,15.0,7.103118434734508
28.47,1.4482025906127185,-0.00434364543365301,16.124047396673582,8.469999999999999,0.0,15.0,7.111198230657211
28.48,1.4516445882047162,-0.0043454173196531085,16.134203011885145,8.48,0.0,15.0,7.1192847357956595
28.490000000000002,1.4550906677698014,-0.004347228678617894,16.14435462294497,8.490000000000002,0.0,15.0,7.127377898929751
28.5,1.4585408293079176,-0.004349079442424575,16.154502229852508,8.5,0.0,15.0,7.135477669066734
28.51,1.461995072819005,-0.004350969542212172,16.16464583260699,8.510000000000002,0.0,15.0,7.1435839954404114
28.52,1.4654533983030118,-0.004352898908383191,16.174785431207475,8.52,0.0,15.0,7.15169682751029
28.53,1.4689158057598857,-0.004354867470605279,16.184921025652834,8.530000000000001,0.0,15.0,7.159816114960805
28.54,1.4723822951895742,-0.004356875157812904,16.195052615941734,8.54,0.0,15.0,7.1679418077004575
28.55,1.4758528665920319,-0.004358921898209011,16.205180202072675,8.55,0.0,15.0,7.176073855861033
28.560000000000002,1.4793275199672096,-0.004361007619266711,16.21530378404396,8.560000000000002,0.0,15.0,7.184212209796755
28.57,1.4828062553150687,-0.004363132247730978,16.225423361853714,8.57,0.0,15.0,7.192356820083463
28.580000000000002,1.4862890726355618,-0.004365295709620363,16.23553893549985,8.580000000000002,0.0,15.0,7.200507637517816
28.59,1.4897759719286492,-0.004367497930228739,16.245650504980134,8.59,0.0,15.0,7.208664613116439
28.6,1.493266953194298,-0.004369738834127066,16.255758070292142,8.600000000000001,0.0,15.0,7.216827698115122
28.61,1.4967620164324635,-0.004372018345165179,16.265861631433264,8.61,0.0,15.0,7.224996843967977
28.62,1.5002611616431165,-0.004374336386473628,16.2759611884007,8.620000000000001,0.0,15.0,7.233172002346632
28.63,1.5037643888262144,-0.004376692880465519,16.28605674119147,8.629999999999999,0.0,15.0,7.24135312513939
28.64,1.5072716979817302,-0.004379087748838422,16.296148289802453,8.64,0.0,15.0,7.2495401644504165
28.650000000000002,1.5107830891096254,-0.0043815209125762904,16.306235834230307,8.650000000000002,0.0,15.0,7.257733072598908
28.66,1.5142985622098684,-0.004383992291951425,16.316319374471558,8.66,0.0,15.0,7.265931802118264
28.67,1.5178181172824288,-0.004386501806526481,16.326398910522535,8.670000000000002,0.0,15.0,7.274136305755271
28.68,1.5213417543272725,-0.0043890493751564934,16.336474442379398,8.68,0.0,15.0,7.282346536469263
28.69,1.5248694733441714,-0.004391634915988979,16.346545970038367,8.690000000000001,0.0,15.0,7.290562447431546
28.7,1.528401274381576,-0.004394258346916997,16.356613493447707,8.7,0.0,15.0,7.298783991967608
28.71,1.53193715745006,-0.004396919584772241,16.36667701259272,8.71,0.0,15.0,7.307011123657014
28.72,1.5354771225602704,-0.004399618545691545,16.376736527458487,8.719999999999999,0.0,15.0,7.315243796288449
28.73,1.5390211696627203,-0.00440235514456664,16.386792038088952,8.73,0.0,15.0,7.323481963929224
28.740000000000002,1.5425692987235196,-0.004405129295743373,16.396843544512624,8.740000000000002,0.0,15.0,7.3317255808362045
28.75,1.546121509733046,-0.004407940913101888,16.406891046734103,8.75,0.0,15.0,7.339974601444787
28.76,1.549677802685262,-0.004410789909868386,16.416934544754334,8.760000000000002,0.0,15.0,7.348228980392177
28.77,1.5532381777273288,-0.004413676199983065,16.426974038423875,8.77,0.0,15.0,7.35648867234129
28.78,1.556802634803537,-0.004416599694860074,16.43700952779222,8.780000000000001,0.0,15.0,7.364753632396648
28.79,1.5603711738010135,-0.004419560304716445,16.44704101296488,8.79,0.0,15.0,7.37302381593353
28.8,1.5639437947294104,-0.004422557940210849,16.457068493927107,8.8,0.0,15.0,7.3812991783864685
28.810000000000002,1.5675204976143329,-0.004425592511465252,16.467091970648475,8.810000000000002,0.0,15.0,7.389579675373078
28.82,1.5711012824712247,-0.00442866392783783,16.477111443108505,8.82,0.0,15.0,7.397865262723876
28.830000000000002,1.5746861493159974,-0.004431772098017207,16.487126911286268,8.830000000000002,0.0,15.0,7.406155896469025
28.84,1.578275098167217,-0.004434916930025489,16.497138375158166,8.84,0.0,15.0,7.414451532834897
28.85,1.5818681290202672,-0.004438098331046288,16.507145834723424,8.850000000000001,0.0,15.0,7.42275212827374
28.86,1.5854652418742983,-0.004441316207635059,16.517149289977517,8.86,0.0,15.0,7.431057639431138
28.87,1.589066436749552,-0.004444570465872916,16.527148740895285,8.870000000000001,0.0,15.0,7.439368023124785
28.88,1.5926717137466986,-0.004447861011892449,16.537144187372657,8.879999999999999,0.0,15.0,7.447683236273451
28.89,1.5962810728279242,-0.004451187749929888,16.547135629441517,8.89,0.0,15.0,7.456003236154606
28.900000000000002,1.599894513996131,-0.00445455058390921,16.55712306709399,8.900000000000002,0.0,15.0,7.46432798019225
28.91,1.6035120370155937,-0.0044579494149942145,16.567106500556488,8.91,0.0,15.0,7.472657426286542
28.92,1.6071336419173081,-0.004461384146086866,16.577085929794144,8.920000000000002,0.0,15.0,7.480991532215552
28.93,1.6107593287322977,-0.004464854679428916,16.58706135477243,8.93,0.0,15.0,7.489330255949372
28.94,1.6143890974951411,-0.004468360916646212,16.597032775453854,8.940000000000001,0.0,15.0,7.497673555645191
28.95,1.6180229482368074,-0.004471902758678015,16.607000191804794,8.95,0.0,15.0,7.506021389654909
28.96,1.6216608809862656,-0.004475480105791815,16.616963603794073,8.96,0.0,15.0,7.5143737165225
28.97,1.6253028957686033,-0.004479092857562745,16.62692301139476,8.969999999999999,0.0,15.0,7.522730494985425
28.98,1.628948992596211,-0.0044827409128137905,16.636878414592736,8.98,0.0,15.0,7.531091683984334
28.990000000000002,1.632599171274719,-0.004486424167945172,16.64682981357713,8.990000000000002,0.0,15.0,7.5394572428932705
29.0,1.6362534319224462,-0.004490142521422426,16.65677720823068,9.0,0.0,15.0,7.547827130901082
29.01,1.639911774766575,-0.004493895871970832,16.666720598329697,9.010000000000002,0.0,15.0,7.556201307252277
29.02,1.6435741996562014,-0.0044976841144186925,16.676659984021708,9.02,0.0,15.0,7.564579731826462
29.03,1.6472407065438106,-0.004501507143880581,16.686595365353107,9.030000000000001,0.0,15.0,7.572962364564537
29.04,1.6509112950397342,-0.004505364851924533,16.69652674270614,9.04,0.0,15.0,7.581349165999474
29.05,1.654585965613629,-0.004509257136909263,16.706454115620435,9.05,0.0,15.0,7.58974009582125
29.060000000000002,1.6582647184339039,-0.004513183893942834,16.71637748393136,9.060000000000002,0.0,15.0,7.598135114260327
29.07,1.6619475531857753,-0.004517145013373498,16.72629684794851,9.07,0.0,15.0,7.60653418230578
29.080000000000002,1.665634469825819,-0.004521140387259936,16.736212207715667,9.080000000000002,0.0,15.0,7.614937260803034
29.09,1.6693254682220093,-0.004525169906291606,16.74612356336371,9.09,0.0,15.0,7.623344310883194
29.1,1.673020548615656,-0.0045292334636914166,16.756030914657618,9.100000000000001,0.0,15.0,7.631755293408872
29.11,1.6767197111062435,-0.004533330950890105,16.765934261501705,9.11,0.0,15.0,7.6401701695899105
29.12,1.6804229555267118,-0.004537462256503244,16.775833604061898,9.120000000000001,0.0,15.0,7.648588901132882
29.13,1.6841302818545,-0.004541627269760515,16.785728942362606,9.129999999999999,0.0,15.0,7.657011449747601
29.14,1.6878416901165014,-0.004545825879705825,16.79562027637988,9.14,0.0,15.0,7.665437777260029
29.150000000000002,1.6915571803245708,-0.004550057974671813,16.80550760610476,9.150000000000002,0.0,15.0,7.673867845688882
29.16,1.6952767524938788,-0.0045543234424374746,16.81539093152519,9.16,0.0,15.0,7.682301617222813
29.17,1.6990004066324855,-0.004558622170138628,16.825270252636308,9.170000000000002,0.0,15.0,7.690739054232219
29.18,1.7027281427483663,-0.004562954044334747,16.835145569433553,9.18,0.0,15.0,7.699180119260005
29.19,1.706459960853591,-0.004567318951049213,16.845016881908457,9.190000000000001,0.0,15.0,7.7076247750157805
29.2,1.7101958609585615,-0.004571716775720768,16.85488419005438,9.2,0.0,15.0,7.7160729843820315
29.21,1.713935843072275,-0.004576147403208855,16.8647474938663,9.21,0.0,15.0,7.72452471041308
29.22,1.71767990720216,-0.004580610717793308,16.8746067933408,9.219999999999999,0.0,15.0,7.732979916334465
29.23,1.72142805336177,-0.004585106603247427,16.8844620884687,9.23,0.0,15.0,7.741438565532959
29.240000000000002,1.7251802815316823,-0.004589634942506649,16.894313379273285,9.240000000000002,0.0,15.0,7.749900621603024
29.25,1.7289365916498323,-0.004594195617619586,16.904160665819862,9.25,0.0,15.0,7.758366048357912
29.26,1.7326969836387691,-0.004598788509989681,16.914003948188945,9.260000000000002,0.0,15.0,7.766834809796043
29.27,1.7364614575603627,-0.00460341350158,16.923843226324532,9.27,0.0,15.0,7.775306869912864
29.28,1.7402300134581536,-0.004608070473667238,16.93367850018876,9.280000000000001,0.0,15.0,7.78378219289074
29.29,1.7440026513267846,-0.004612759306602574,16.94350976979186,9.29,0.0,15.0,7.792260743135333
29.3,1.7477793711448377,-0.004617479880080345,16.953337035159905,9.3,0.0,15.0,7.800742485235184
29.310000000000002,1.7515601728914156,-0.004622232073271036,16.963160296318513,9.310000000000002,0.0,15.0,7.809227383940873
29.32,1.755345056531851,-0.004627015764714575,16.97297955330691,9.32,0.0,15.0,7.817715404181654
29.330000000000002,1.759134022082421,-0.004631830832820427,16.982794806114338,9.330000000000002,0.0,15.0,7.826206510986073
29.34,1.7629270695570127,-0.004636677155454913,16.992606054732438,9.34,0.0,15.0,7.83470066954592
29.35,1.766724198966694,-0.004641554609940213,17.002413299155595,9.350000000000001,0.0,15.0,7.843197845216054
29.36,1.77052541033391,-0.004646463073165092,17.01221653936702,9.36,0.0,15.0,7.851698003496348
29.37,1.7743307036578115,-0.00465140242131756,17.022015775372733,9.370000000000001,0.0,15.0,7.86020111007321
29.38,1.77814007893945,-0.004656372530083736,17.031811007176856,9.379999999999999,0.0,15.0,7.868707130788187
29.39,1.7819535361793482,-0.004661373274627963,17.041602234783973,9.39,0.0,15.0,7.877216031640217
29.400000000000002,1.7857710753782303,-0.00466640452960008,17.0513894581984,9.400000000000002,0.0,15.0,7.8857277787839966
29.41,1.7895926965383748,-0.004671466169140435,17.061172677422796,9.41,0.0,15.0,7.8942423385276
29.42,1.7934183996625355,-0.004676558066875437,17.07095189245929,9.420000000000002,0.0,15.0,7.902759677333107
29.43,1.7972481847517763,-0.004681680095914352,17.080727103311574,9.43,0.0,15.0,7.911279761818498
29.44,1.8010820518070578,-0.004686832128854574,17.090498309983335,9.440000000000001,0.0,15.0,7.919802558755039
29.45,1.804920000829221,-0.004692014037783159,17.100265512478227,9.45,0.0,15.0,7.92832803506655
29.46,1.8087620318190079,-0.004697225694278448,17.11002871079988,9.46,0.0,15.0,7.936856157828705
29.47,1.812608144777061,-0.004702466969411806,17.119787904951913,9.469999999999999,0.0,15.0,7.945386894268309
29.48,1.8164583397039227,-0.004707737733749517,17.12954309493788,9.48,0.0,15.0,7.953920211762608
29.490000000000002,1.8203126166000507,-0.004713037857354856,17.13929428076131,9.490000000000002,0.0,15.0,7.962456077838564
29.5,1.8241709754658109,-0.0047183672097903225,17.14904146242563,9.5,0.0,15.0,7.970994460172149
29.51,1.8280334163014953,-0.0047237256601201025,17.158784639934197,9.510000000000002,0.0,15.0,7.979535326587659
29.52,1.8318999391073156,-0.0047291130769126465,17.16852381329029,9.52,0.0,15.0,7.988078645056998
29.53,1.8357705438834262,-0.0047345293282434996,17.17825898249708,9.530000000000001,0.0,15.0,7.9966243836989825
29.54,1.83964523062992,-0.004739974281698239,17.187990147557613,9.54,0.0,15.0,8.005172510778634
29.55,1.8435239993468486,-0.004745447804375625,17.197717308474818,9.55,0.0,15.0,8.013722994706498
29.560000000000002,1.847406850034215,-0.004750949762890854,17.207440465251473,9.560000000000002,0.0,15.0,8.022275804037934
29.57,1.8512937826919962,-0.004756480023379003,17.21715961789022,9.57,0.0,15.0,8.030830907472437
29.580000000000002,1.8551847973201454,-0.004762038451498562,17.22687476639355,9.580000000000002,0.0,15.0,8.039388273852953
29.59,1.8590798939185966,-0.004767624912435093,17.236585910763747,9.59,0.0,15.0,8.047947872165171
29.6,1.8629790724872852,-0.0047732392709049914,17.24629305100294,9.600000000000001,0.0,15.0,8.05650967153686
29.61,1.8668823330261435,-0.004778881391159352,17.255996187113045,9.61,0.0,15.0,8.06507364123717
29.62,1.8707896755351174,-0.0047845511369878505,17.265695319095794,9.620000000000001,0.0,15.0,8.07363975067598
29.63,1.8747011000141731,-0.004790248371722771,17.27539044695271,9.629999999999999,0.0,15.0,8.082207969403193
29.64,1.8786166064632925,-0.004795972958242969,17.285081570685055,9.64,0.0,15.0,8.090778267108082
29.650000000000002,1.882536194882497,-0.004801724758977982,17.294768690293907,9.650000000000002,0.0,15.0,8.099350613618626
29.66,1.8864598652718556,-0.00480750363591208,17.304451805780094,9.66,0.0,15.0,8.107924978900803
29.67,1.890387617631469,-0.0048133094505883375,17.314130917144194,9.670000000000002,0.0,15.0,8.116501333058
29.68,1.8943194519614905,-0.004819142064112716,17.32380602438654,9.68,0.0,15.0,8.125079646330283
29.69,1.8982553682621406,-0.0048250013371581475,17.333477127507248,9.690000000000001,0.0,15.0,8.133659889093787
29.7,1.9021953665336906,-0.004830887129968545,17.34314422650616,9.7,0.0,15.0,8.142242031860036
29.71,1.9061394467764763,-0.004836799302362819,17.352807321382837,9.71,0.0,15.0,8.15082604527531
29.72,1.9100876089908974,-0.004842737713738836,17.3624664121366,9.719999999999999,0.0,15.0,8.159411900119986
29.73,1.9140398531774352,-0.004848702223077365,17.372121498766546,9.73,0.0,15.0,8.167999567307916
29.740000000000002,1.9179961793366296,-0.0048546926889458985,17.381772581271445,9.740000000000002,0.0,15.0,8.176589017885755
29.75,1.9219565874690994,-0.0048607089695025,17.39141965964987,9.75,0.0,15.0,8.185180223032356
29.76,1.9259210775755318,-0.004866750922499513,17.401062733900112,9.760000000000002,0.0,15.0,8.193773154058134
29.77,1.9298896496566924,-0.004872818405287283,17.41070180402021,9.77,0.0,15.0,8.202367782404405
29.78,1.9338623037156866,-0.004878911274818539,17.42033687000573,9.780000000000001,0.0,15.0,8.210964079639984
29.79,1.937839039753356,-0.004885029387650343,17.429967931854286,9.79,0.0,15.0,8.219562017466247
29.8,1.9418198577704802,-0.004891172599948925,17.439594989563357,9.8,0.0,15.0,8.2281615677138
29.810000000000002,1.9458047577675301,-0.0048973407674905815,17.44921804313056,9.810000000000002,0.0,15.0,8.23676270234215
29.82,1.9497937397447291,-0.004903533745665408,17.458837092553598,9.82,0.0,15.0,8.245365393439025
29.830000000000002,1.9537868037012323,-0.004909751389474632,17.468452137831065,9.830000000000002,0.0,15.0,8.2539696132208
29.84,1.9577839496371947,-0.004915993553548497,17.478063178960387,9.84,0.0,15.0,8.26257533402927
29.85,1.9617851775528712,-0.004922260092142726,17.48767021593877,9.850000000000001,0.0,15.0,8.2711825283322
29.86,1.9657904874484595,-0.0049285508591404344,17.497273248763292,9.86,0.0,15.0,8.279791168722891
29.87,1.969799879324102,-0.004934865708055018,17.50687227743095,9.870000000000001,0.0,15.0,8.288401227919586
29.88,1.9738133531783897,-0.00494120449202535,17.51646730194013,9.879999999999999,0.0,15.0,8.297012678766738
29.89,1.977830909046218,-0.004947567064038011,17.52605832225343,9.89,0.0,15.0,8.305625494187062
29.900000000000002,1.9818525469251507,-0.004953953276497089,17.535645338369978,9.900000000000002,0.0,15.0,8.314239647272998
29.91,1.9858782668282995,-0.004960362981537778,17.54522835027351,9.91,0.0,15.0,8.322855111220008
29.92,1.9899080687664372,-0.00496679603092444,17.55480735795001,9.920000000000002,0.0,15.0,8.331471859348383
29.93,1.9939419527088704,-0.004973252275832464,17.564382361425984,9.93,0.0,15.0,8.340089865151645
29.94,1.9979799186394536,-0.004979731567172615,17.57395336071364,9.940000000000001,0.0,15.0,8.348709102225909
29.95,2.002021966541166,-0.0049862337555044425,17.583520355825932,9.95,0.0,15.0,8.357329544288543
29.96,2.006068096455099,-0.004992758691368929,17.593083346718796,9.96,0.0,15.0,8.36595116510365
29.97,2.010118308418662,-0.0049993062249306325,17.602642333351724,9.969999999999999,0.0,15.0,8.374573938558845
29.98,2.0141726023899333,-0.005005876205567741,17.61219731576201,9.98,0.0,15.0,8.383197838759742
29.990000000000002,2.018230978306208,-0.005012468482183995,17.621748294007357,9.990000000000002,0.0,15.0,8.391822839956024
30.0,2.0222934361457843,-0.0050190829036038795,17.63129526810527,10.0,0.0,15.0,8.400448916463276
30.01,2.0263599759052626,-0.0050257193184148055,17.64083823805538,10.0,0.010000000000001563,15.0,8.399594490549052
30.02,2.030430596874052,-0.0050323773794455386,17.650377345164248,10.0,0.019999999999999574,15.0,8.39875962049864
30.03,2.034505302899542,-0.005039052737341693,17.659913014156558,10.0,0.030000000000001137,15.0,8.397944435850459
30.04,2.0385840938146442,-0.005045726722960189,17.669445337912276,10.0,0.03999999999999915,15.0,8.397148966218163
30.05,2.0426669706705693,-0.005052359811156313,17.678974198527015,10.0,0.05000000000000071,15.0,8.3963731728855
30.060000000000002,2.0467539313324323,-0.005058885376205351,17.68849943309789,10.0,0.060000000000002274,15.0,8.395617004670365
30.07,2.05084497500744,-0.005065209878522456,17.698020925017172,10.0,0.07000000000000028,15.0,8.394880422550942
30.080000000000002,2.054940099470986,-0.005071212388101004,17.70753863549067,10.0,0.08000000000000185,15.0,8.394163412565065
30.09,2.0590393070019677,-0.005076747079197967,17.71705257408156,10.0,0.08999999999999986,15.0,8.393465970973981
30.1,2.063142597729408,-0.005081644691549842,17.726562768310405,10.0,0.10000000000000142,15.0,8.39278810083783
30.11,2.06724997178539,-0.0050857156788665595,17.73606924525088,10.0,0.10999999999999943,15.0,8.39212980398301
30.12,2.0713614292771116,-0.00508875340423148,17.74557202523974,10.0,0.120000000000001,15.0,8.39149107889426
30.13,2.0754769702777165,-0.005090537463808489,17.755071120191722,10.0,0.129999999999999,15.0,8.390871920082297
30.14,2.0795965948194497,-0.005090835981865394,17.764566533837844,10.0,0.14000000000000057,15.0,8.39027231807751
30.150000000000002,2.0837203029147258,-0.005089412061200269,17.774058262749893,10.0,0.15000000000000213,15.0,8.389692259752378
30.16,2.0878480945423186,-0.005086023729763133,17.7835462975502,10.0,0.16000000000000014,15.0,8.389131728663816
30.17,2.0919799696633308,-0.005080428748175763,17.79303062407661,10.0,0.1700000000000017,15.0,8.388590705462175
30.18,2.0961159282060926,-0.005072384878310655,17.802511224236877,10.0,0.17999999999999972,15.0,8.388069168168302
30.19,2.100255970088771,-0.00506165503518559,17.811988077059013,10.0,0.19000000000000128,15.0,8.387567092602314
30.2,2.104400095216356,-0.005048008691935437,17.821461159419687,10.0,0.1999999999999993,15.0,8.387084452680913
30.21,2.1085483034836314,-0.005031223922851351,17.83093044670298,10.0,0.21000000000000085,15.0,8.386621220717123
30.22,2.112700594777714,-0.0050110891870817536,17.840395913366415,10.0,0.21999999999999886,15.0,8.386177367701308
30.23,2.1168569689802474,-0.004987404852016101,17.84985753342895,10.0,0.23000000000000043,15.0,8.385752863565447
30.240000000000002,2.1210174259692818,-0.004959984458963603,17.85931528089256,10.0,0.240000000000002,15.0,8.385347677431842
30.25,2.1251819656209405,-0.00492865573690009,17.868769130106358,10.0,0.25,15.0,8.384961777846616
30.26,2.129350587810952,-0.004893261372820036,17.878219056080095,10.0,0.26000000000000156,15.0,8.384595132998081
30.27,2.1335232926263448,-0.004853659457858511,17.887665034646044,10.0,0.2699999999999996,15.0,8.384247710682635
30.28,2.1377000796175865,-0.004809723989742183,17.897107045065585,10.0,0.28000000000000114,15.0,8.383919480022042
30.29,2.1418809487221915,-0.0047613451433454294,17.906545073481915,10.0,0.28999999999999915,15.0,8.38361041191848
30.3,2.1460659000148974,-0.004708428460016427,17.915979116795928,10.0,0.3000000000000007,15.0,8.383320480744688
30.310000000000002,2.1502549334787613,-0.004650895328510045,17.925409180429945,10.0,0.3100000000000023,15.0,8.38304966394983
30.32,2.154448049116745,-0.004588682357276553,17.934835273485984,10.0,0.3200000000000003,15.0,8.38279794037886
30.330000000000002,2.158645246937893,-0.004521740835780976,17.944257406234613,10.0,0.33000000000000185,15.0,8.382565289493954
30.34,2.1628465269512174,-0.004450036063120219,17.953675588823,10.0,0.33999999999999986,15.0,8.382351690991818
30.35,2.1670518891629706,-0.004373546570419432,17.963089830602957,10.0,0.3500000000000014,15.0,8.382157124618754
30.36,2.171261333575512,-0.004292263257413557,17.97250013978498,10.0,0.35999999999999943,15.0,8.381981570085967
30.37,2.1754748601870904,-0.004206188460921592,17.98190652327005,10.0,0.370000000000001,15.0,8.381825007035589
30.38,2.179692468991769,-0.004115334971989051,17.99130898658301,10.0,0.379999999999999,15.0,8.381687415032665
30.39,2.1839141599798175,-0.00401972501649981,18.000707533866418,10.0,0.39000000000000057,15.0,8.381568773569107
30.400000000000002,2.1881399331381837,-0.003919389214100327,18.010102167912816,10.0,0.40000000000000213,15.0,8.381469062073
30.41,2.192369788450997,-0.0038143655288853323,18.019492890222246,10.0,0.41000000000000014,15.0,8.381388259919325
30.42,2.1966037259001023,-0.0037046982243203043,18.028879701077276,10.0,0.4200000000000017,15.0,8.381326346440133
30.43,2.20084174546557,-0.0035904368338396304,18.03826259963003,10.0,0.4299999999999997,15.0,8.381283300932914
30.44,2.2050838471262257,-0.003471635157450906,18.04764158399788,10.0,0.4400000000000013,15.0,8.381259102666784
30.45,2.2093300308601154,-0.0033483502935438003,18.057016651364677,10.0,0.4499999999999993,15.0,8.381253730886138
30.46,2.2135802966449654,-0.0032206417139474396,18.066387798085493,10.0,0.46000000000000085,15.0,8.381267164811835
30.47,2.217834644458579,-0.003088570389131354,18.07575501979298,10.0,0.46999999999999886,15.0,8.381299383639966
30.48,2.222093074279206,-0.0029521979693065722,18.08511831150378,10.0,0.4800000000000004,15.0,8.381350366538486
30.490000000000002,2.2263555860858424,-0.0028115860260740206,18.09447766772365,10.0,0.490000000000002,15.0,8.38142009264186
30.5,2.2306221798585044,-0.002666795358192606,18.103833082550082,10.0,0.5,15.0,8.381508541044067
30.51,2.23489285557844,-0.0025178853640164148,18.113184549771482,10.0,0.5100000000000016,15.0,8.381615690790207
30.52,2.2391676132282763,-0.002364913482179575,18.12253206296188,10.0,0.5199999999999996,15.0,8.381741520867076
30.53,2.243446452792141,-0.00220793470119912,18.131875615570625,10.0,0.5300000000000011,15.0,8.38188601019291
30.54,2.247729374255729,-0.0020470011378292225,18.14121520100628,10.0,0.5399999999999991,15.0,8.38204913760668
30.55,2.252016377606327,-0.0018821616832305661,18.1505508127143,10.0,0.5500000000000007,15.0,8.382230881857136
30.560000000000002,2.2563074628327997,-0.0017134617153268202,18.159882444248,10.0,0.5600000000000023,15.0,8.382431221591856
30.57,2.260602629925548,-0.0015409428751024194,18.169210089332665,10.0,0.5700000000000003,15.0,8.38265013534657
30.580000000000002,2.2649018791309006,-0.0013646426597881858,18.178533741676212,10.0,0.5800000000000018,15.0,8.382887601189807
30.59,2.269205209935051,-0.001184595297690857,18.1878533961931,10.0,0.5899999999999999,15.0,8.38314359816367
30.6,2.2735126228634392,-0.001000829983601813,18.197169048172977,10.0,0.6000000000000014,15.0,8.38341810416771
30.61,2.27782411737997,-0.0008133727928683284,18.206480696415152,10.0,0.6099999999999994,15.0,8.383711099208039
30.62,2.2821396937820495,-0.0006222450645082435,18.21578834151114,10.0,0.620000000000001,15.0,8.384022562872937
30.63,2.2864593520976233,-0.000427464436872192,18.225091985665877,10.0,0.629999999999999,15.0,8.38435247534148
30.64,2.2907830923580597,-0.00022904474190060185,18.234391631564876,10.0,0.6400000000000006,15.0,8.384700816674401
30.650000000000002,2.2951109145959516,-2.699616882234669e-05,18.24368728194148,10.0,0.6500000000000021,15.0,8.385067566642238
30.66,2.299442818843956,0.0001786745451809053,18.25297893935322,10.0,0.6600000000000001,15.0,8.385452704634048
30.67,2.3037788051340606,0.000387963901644042,18.262266606066632,10.0,0.6700000000000017,15.0,8.385856209609667
30.68,2.3081188734971176,0.000600871409011847,18.27155028400029,10.0,0.6799999999999997,15.0,8.3862780600767
30.69,2.3124630239624926,0.0008173993364010439,18.280829974700566,10.0,0.6900000000000013,15.0,8.38671823408269
30.7,2.316811256557808,0.0010375524568269874,18.29010567933664,10.0,0.6999999999999993,15.0,8.387176709217208
30.71,2.321163571308757,0.0012613377836057143,18.299377398707477,10.0,0.7100000000000009,15.0,8.387653462620978
30.72,2.325519968238946,0.0014887643034240394,18.308645133256437,10.0,0.7199999999999989,15.0,8.388148471000193
30.73,2.3298804473698036,0.0017198427093373734,18.317908883091324,10.0,0.7300000000000004,15.0,8.388661710644891
30.740000000000002,2.3342450087205164,0.00195458513670102,18.327168648007977,10.0,0.740000000000002,15.0,8.3891931574505
30.75,2.3386136523079797,0.0021930049047648188,18.336424427516413,10.0,0.75,15.0,8.389742786941877
30.76,2.3429863781468305,0.0024351162663781762,18.345676220868707,10.0,0.7600000000000016,15.0,8.39031057429924
30.77,2.347363186249427,0.002680934167957363,18.35492402708779,10.0,0.7699999999999996,15.0,8.390896494385498
30.78,2.3517440766259514,0.002930474021587337,18.364167844996885,10.0,0.7800000000000011,15.0,8.39150052177449
30.79,2.356129049284455,0.003183751490823899,18.37340767324885,10.0,0.7899999999999991,15.0,8.392122630779726
30.8,2.36051810423096,0.0034407822914917555,18.38264351035524,10.0,0.8000000000000007,15.0,8.392762795483245
30.810000000000002,2.3649112414695788,0.0037015820084890104,18.391875354714603,10.0,0.8100000000000023,15.0,8.393420989764158
30.82,2.369308461002628,0.003966165929346066,18.401103204639842,10.0,0.8200000000000003,15.0,8.394097187326672
30.830000000000002,2.3737097628307775,0.004234548895037022,18.410327058384315,10.0,0.8300000000000018,15.0,8.394791361727187
30.84,2.378115146953191,0.00450674516829902,18.41954691416651,10.0,0.8399999999999999,15.0,8.395503486400285
30.85,2.3825246133676776,0.004782768319501302,18.428762770193043,10.0,0.8500000000000014,15.0,8.39623353468332
30.86,2.3869381620708388,0.005062631129897685,18.43797462467997,10.0,0.8599999999999994,15.0,8.396981479839482
30.87,2.3913557930582376,0.0053463455119174665,18.447182475872257,10.0,0.870000000000001,15.0,8.397747295079128
30.88,2.395777506324548,0.005633922445978728,18.456386322061274,10.0,0.879999999999999,15.0,8.398530953579273
30.89,2.4002033019900137,0.005925372059949119,18.465586161475184,10.0,0.8900000000000006,15.0,8.399332428321856
30.900000000000002,2.404633179987421,0.006220703264129854,18.474781992623292,10.0,0.9000000000000021,15.0,8.400151692563698
30.91,2.4090671403837858,0.0065199240919692186,18.48397381413767,10.0,0.9100000000000001,15.0,8.400988719452073
30.92,2.4135051827030063,0.006823041059770042,18.49316162571202,10.0,0.9200000000000017,15.0,8.40184348310301
30.93,2.417947307271801,0.007130060355698942,18.502345426967217,10.0,0.9299999999999997,15.0,8.402715956796598
30.94,2.4223935140844253,0.007440986867528606,18.511525218324405,10.0,0.9400000000000013,15.0,8.403606114478038
30.95,2.4268438031327197,0.007755824500075459,18.52070100040666,10.0,0.9499999999999993,15.0,8.404513930185212
30.96,2.4312981744054296,0.008074576212708108,18.52987277389341,10.0,0.9600000000000009,15.0,8.405439377991204
30.970000000000002,2.435756627888025,0.008397244064806984,18.539040539445374,10.0,0.9700000000000024,15.0,8.40638243197393
30.98,2.4402191635628143,0.008723829267730935,18.54820429766547,10.0,0.9800000000000004,15.0,8.407343066199154
30.990000000000002,2.4446857814091962,0.009054332242059046,18.557364049078753,10.0,0.990000000000002,15.0,8.408321254710208
31.0,2.4491564814040148,0.00938875267899087,18.566519794122858,10.0,1.0,15.0,8.409316971521054
31.01,2.4536312635219497,0.009727089604859003,18.575671533144455,10.0,1.0100000000000016,15.0,8.410330190611027
31.02,2.458110127735939,0.010069341447772894,18.58481926639941,10.0,1.0199999999999996,15.0,8.411360885920384
31.03,2.462593074017606,0.010415506105468549,18.59396299405526,10.0,1.0300000000000011,15.0,8.412409031346264
31.04,2.4670801023376554,0.010765581013502237,18.60310271619526,10.0,1.0399999999999991,15.0,8.413474600738828
31.05,2.4715712126663005,0.01111956321299711,18.61223843282353,10.0,1.0500000000000007,15.0,8.41455756789749
31.060000000000002,2.4760664049736305,0.011477449417211913,18.62137014387102,10.0,1.0600000000000023,15.0,8.415657906567226
31.07,2.480565679229967,0.011839236076280738,18.63049784920187,10.0,1.0700000000000003,15.0,8.416775590434934
31.080000000000002,2.485069035406198,0.01220491943954459,18.639621548620315,10.0,1.0800000000000018,15.0,8.417910593125896
31.09,2.4895764734740693,0.012574495614966276,18.6487412418776,10.0,1.0899999999999999,15.0,8.419062888200328
31.1,2.494087993406446,0.012947960625201626,18.65785692867908,10.0,1.1000000000000014,15.0,8.420232449150067
31.11,2.498603595177558,0.013325310459967285,18.666968608691313,10.0,1.1099999999999994,15.0,8.421419249395454
31.12,2.5031232787631854,0.013706541124418487,18.67607628154896,10.0,1.120000000000001,15.0,8.422623262282373
31.13,2.5076470441408243,0.014091648683320489,18.685179946861528,10.0,1.129999999999999,15.0,8.423844461079534
31.14,2.512174891289829,0.014480629300862824,18.69427960421989,10.0,1.1400000000000006,15.0,8.425082818975996
31.150000000000002,2.51670682019152,0.014873479276025458,18.70337525320245,10.0,1.1500000000000021,15.0,8.42633830907894
31.16,2.5212428308292436,0.015270195073464903,18.712466893380924,10.0,1.1600000000000001,15.0,8.427610904411733
31.17,2.525782923188426,0.015670773349943358,18.72155452432579,10.0,1.1700000000000017,15.0,8.428900577912282
31.18,2.5303270972566,0.01607521097637163,18.730638145611223,10.0,1.1799999999999997,15.0,8.43020730243167
31.19,2.5348753530233976,0.016483505055579835,18.739717756819662,10.0,1.1900000000000013,15.0,8.431531050733103
31.2,2.5394276905530915,0.01689565300260361,18.74879335747419,10.0,1.1999999999999993,15.0,8.432871795385765
31.21,2.5439841096942715,0.01731165228802727,18.757864947333296,10.0,1.2100000000000009,15.0,8.434229509187885
31.220000000000002,2.5485446107605343,0.01773150107659631,18.766932525751756,10.0,1.2200000000000024,15.0,8.435604164189778
31.23,2.5531091934714505,0.018155197231990022,18.775996092774584,10.0,1.2300000000000004,15.0,8.436995733257437
31.240000000000002,2.5576778576508055,0.01858273897997235,18.78505564850378,10.0,1.240000000000002,15.0,8.43840418908037
31.25,2.562250603515089,0.019014125176357595,18.79411119279959,10.0,1.25,15.0,8.439829503743196
31.26,2.5668274310729,0.019449354730213798,18.803162725808296,10.0,1.2600000000000016,15.0,8.44127164957432
31.27,2.5714083403361476,0.019888426795872702,18.812210247703366,10.0,1.2699999999999996,15.0,8.442730598815812
31.28,2.5759933313197907,0.020331340761877877,18.821253758659278,10.0,1.2800000000000011,15.0,8.444206323612814
31.29,2.580582404041472,0.020778096238232104,18.830293258837933,10.0,1.2899999999999991,15.0,8.445698796008948
31.3,2.5851755585211573,0.021228693042235527,18.839328748381735,10.0,1.3000000000000007,15.0,8.44720798794495
31.310000000000002,2.589772794780722,0.021683131183179435,18.848360227410172,10.0,1.3100000000000023,15.0,8.448733871259194
31.32,2.5943741128435627,0.022141410846164073,18.857387696018492,10.0,1.3200000000000003,15.0,8.450276417689354
31.330000000000002,2.598979512734198,0.022603532375285753,18.866411154277472,10.0,1.3300000000000018,15.0,8.451835598874776
31.34,2.6035889944778607,0.023069496256431895,18.87543060223396,10.0,1.3399999999999999,15.0,8.4534113863594
31.35,2.6082025581001367,0.02353930309991055,18.88444603991191,10.0,1.3500000000000014,15.0,8.45500375159499
31.36,2.612820203626592,0.02401295362311886,18.893457467313723,10.0,1.3599999999999994,15.0,8.456612665944638
31.37,2.617441931082466,0.02449044863344611,18.90246488442185,10.0,1.370000000000001,15.0,8.458238100686435
31.38,2.6220677404923514,0.02497178901157915,18.911468291200475,10.0,1.379999999999999,15.0,8.45988002701722
31.39,2.6266976318799213,0.02545697569536941,18.920467687597395,10.0,1.3900000000000006,15.0,8.461538416056436
31.400000000000002,2.6313316052676967,0.02594600966439584,18.92946307354591,10.0,1.4000000000000021,15.0,8.463213238849935
31.41,2.6359696606768197,0.026438891925339054,18.93845444896671,10.0,1.4100000000000001,15.0,8.464904466373778
31.42,2.640611798126898,0.026935623498270393,18.947441813769863,10.0,1.4200000000000017,15.0,8.46661206953796
31.43,2.6452580176358316,0.027436205403925648,18.956425167856615,10.0,1.4299999999999997,15.0,8.468336019190016
31.44,2.6499083192197066,0.027940638652036408,18.96540451112128,10.0,1.4400000000000013,15.0,8.470076286118509
31.45,2.6545627028927083,0.028448924230756845,18.974379843453015,10.0,1.4499999999999993,15.0,8.471832841056367
31.46,2.659221168667057,0.02896106309721688,18.98335116473747,10.0,1.4600000000000009,15.0,8.473605654684023
31.470000000000002,2.663883716552971,0.0294770561692158,18.99231847485839,10.0,1.4700000000000024,15.0,8.475394697632387
31.48,2.6685503465586633,0.029996904318053904,19.001281773699084,10.0,1.4800000000000004,15.0,8.477199940485585
31.490000000000002,2.673221058690356,0.030520608362492315,19.0102410611438,10.0,1.490000000000002,15.0,8.479021353783516
31.5,2.6778958529523047,0.031048169063810967,19.019196337078967,10.0,1.5,15.0,8.480858908024164
31.51,2.682574729346876,0.03157958712193552,19.028147601394274,10.0,1.5100000000000016,15.0,8.482712573665687
31.52,2.68725768817839,0.03211486346015078,19.03709485368501,10.0,1.5199999999999996,15.0,8.484582320673908
31.53,2.691944728969039,0.03265399819696522,19.046038094320576,10.0,1.5300000000000011,15.0,8.486468120145872
31.54,2.696635851808726,0.03319699192303146,19.054977323132277,10.0,1.5399999999999991,15.0,8.48836994230061
31.55,2.701331056722344,0.033743845100652724,19.063912540053657,10.0,1.5500000000000007,15.0,8.49028775743445
31.560000000000002,2.7060303437555238,0.03429455814721374,19.07284374503885,10.0,1.5600000000000023,15.0,8.492221535794767
31.57,2.7107337129019404,0.03484913136614384,19.08177093811881,10.0,1.5700000000000003,15.0,8.494171247682905
31.580000000000002,2.7154411641544596,0.03540756499746396,19.090694119335307,10.0,1.5800000000000018,15.0,8.49613686337072
31.59,2.7201526975053025,0.0359698592203449,19.099613288732517,10.0,1.5899999999999999,15.0,8.498118353096949
31.6,2.7248683129462488,0.03653601415616491,19.108528446352768,10.0,1.6000000000000014,15.0,8.500115687065332
31.61,2.7295880104688095,0.037106029871968024,19.117439592234305,10.0,1.6099999999999994,15.0,8.502128835443662
31.62,2.7343117900644045,0.03767990638425203,19.12634672641011,10.0,1.620000000000001,15.0,8.50415776836323
31.63,2.7390396517245126,0.038257643663008364,19.13524984890741,10.0,1.629999999999999,15.0,8.506202455918556
31.64,2.7437715954408493,0.03883924163595482,19.144148959747508,10.0,1.6400000000000006,15.0,8.508262868167174
31.650000000000002,2.7485076212054635,0.039424700192886776,19.1530440589458,10.0,1.6500000000000021,15.0,8.510338975129546
31.66,2.7532477290108894,0.0400140191901007,19.161935146511983,10.0,1.6600000000000001,15.0,8.512430746788967
31.67,2.757991918850238,0.04060719845482405,19.170822222450358,10.0,1.6700000000000017,15.0,8.514538153091536
31.68,2.762740190717283,0.041204237789605455,19.179705286760118,10.0,1.6799999999999997,15.0,8.516661163946123
31.69,2.767492544606544,0.041805136976621395,19.188584339435792,10.0,1.6900000000000013,15.0,8.51879974922438
31.7,2.7722489805133494,0.042409895781852974,19.197459380467684,10.0,1.6999999999999993,15.0,8.52095387876078
31.71,2.7770094984338622,0.04301851395909703,19.206330409842263,10.0,1.7100000000000009,15.0,8.52312352235268
31.720000000000002,2.7817740983651293,0.04363099125378499,19.215197427542655,10.0,1.7200000000000024,15.0,8.525308649760403
31.73,2.7865427803050973,0.04424732740657612,19.224060433549123,10.0,1.7300000000000004,15.0,8.52750923070738
31.740000000000002,2.7913155442526003,0.04486752215670437,19.23291942783945,10.0,1.740000000000002,15.0,8.529725234880313
31.75,2.796092390207381,0.04549157524506682,19.241774410389496,10.0,1.75,15.0,8.53195663192938
31.76,2.800873318170062,0.04611948641703218,19.250625381173542,10.0,1.7600000000000016,15.0,8.534203391468466
31.77,2.805658328369613,0.04675125563996354,19.25947233994135,10.0,1.7699999999999996,15.0,8.536465482728866
31.78,2.8104474203533405,0.04738688224545949,19.268315287116007,10.0,1.7800000000000011,15.0,8.538742875947678
31.79,2.8152405943518457,0.04802636622137356,19.277154222459586,10.0,1.7899999999999991,15.0,8.541035540292137
31.8,2.820037850368892,0.04866970735342527,19.285989145967108,10.0,1.8000000000000007,15.0,8.543343445245823
31.810000000000002,2.824839188408694,0.049316905441557535,19.294820057638667,10.0,1.8100000000000023,15.0,8.545666560260523
31.82,2.8296446084756828,0.049967960301005504,19.303646957477007,10.0,1.8200000000000003,15.0,8.548004854755519
31.830000000000002,2.8344541105742955,0.05062287176311224,19.31246984548632,10.0,1.8300000000000018,15.0,8.55035829811751
31.84,2.8392676947087283,0.05128163967589294,19.321288721671525,10.0,1.8399999999999999,15.0,8.552726859700837
31.85,2.844085360882752,0.05194426390437452,19.330103586037907,10.0,1.8500000000000014,15.0,8.555110508827882
31.86,2.8489071090995064,0.05261074433071275,19.338914438590876,10.0,1.8599999999999994,15.0,8.557509214789588
31.87,2.853732939361372,0.0532810808541152,19.34772127933589,10.0,1.870000000000001,15.0,8.559922946846038
31.88,2.8585628516698303,0.053955273390574265,19.35652410827831,10.0,1.879999999999999,15.0,8.562351674227026
31.89,2.8633968460253616,0.054633321872435525,19.365322925423378,10.0,1.8900000000000006,15.0,8.56479536613273
31.900000000000002,2.8682349224274004,0.055315226247820044,19.374117730776202,10.0,1.9000000000000021,15.0,8.56725399173434
31.91,2.873077080874276,0.05600098647991105,19.382908524341683,10.0,1.9100000000000001,15.0,8.569727520174721
31.92,2.877923321363228,0.05669060254613391,19.39169530612454,10.0,1.9200000000000017,15.0,8.572215920569079
31.93,2.8827736438904106,0.05738407443723838,19.400478076129296,10.0,1.9299999999999997,15.0,8.574719162005648
31.94,2.887628048450943,0.05808140215630651,19.409256834360267,10.0,1.9400000000000013,15.0,8.577237213546356
31.95,2.892486535038972,0.05878258571770095,19.41803158082155,10.0,1.9499999999999993,15.0,8.579770044227496
31.96,2.8973491036477657,0.059487625145972785,19.426802315517037,10.0,1.9600000000000009,15.0,8.582317623060423
31.970000000000002,2.9022157542698115,0.06019652047474168,19.43556903845043,10.0,1.9700000000000024,15.0,8.584879919032213
31.98,2.90708648689692,0.06090927174556234,19.444331749625196,10.0,1.9800000000000004,15.0,8.587456901106345
31.990000000000002,2.9119613015203645,0.06162587900679709,19.453090449044588,10.0,1.990000000000002,15.0,8.590048538223362
32.0,2.9168401981310046,0.062346342312501024,19.461845136711673,10.0,2.0,15.0,8.592654799301563
32.01,2.921723176719436,0.06307066172133441,19.47059581262931,10.0,2.009999999999998,15.0,8.595275653237637
32.02,2.9266102372761145,0.06379883729550975,19.479342476800124,10.0,2.020000000000003,15.0,8.59791106890734
32.03,2.9315013797915013,0.06453086909978614,19.488085129226565,10.0,2.030000000000001,15.0,8.600561015166146
32.04,2.9363966042561946,0.06526675720051611,19.49682376991086,10.0,2.039999999999999,15.0,8.603225460849908
32.05,2.941295910661061,0.06600650166475218,19.505558398855054,10.0,2.049999999999997,15.0,8.6059043747755
32.06,2.9461992989973558,0.06675010255941959,19.514289016060964,10.0,2.0600000000000023,15.0,8.608597725741454
32.07,2.9511067692568234,0.06749755995055491,19.523015621530224,10.0,2.0700000000000003,15.0,8.611305482528616
32.08,2.956018321431826,0.06824887390262406,19.53173821526428,10.0,2.0799999999999983,15.0,8.614027613900761
32.09,2.9609339555154053,0.06900404447790584,19.54045679726434,10.0,2.0900000000000034,15.0,8.616764088605226
32.1,2.965853671501376,0.06976307173595749,19.549171367531468,10.0,2.1000000000000014,15.0,8.619514875373545
32.11,2.970777469384381,0.07052595573315158,19.55788192606646,10.0,2.1099999999999994,15.0,8.622279942922042
32.12,2.975705349159941,0.07129269652228948,19.566588472869984,10.0,2.1199999999999974,15.0,8.62505925995249
32.13,2.980637310824504,0.07206329415228813,19.57529100794248,10.0,2.1300000000000026,15.0,8.627852795152668
32.14,2.985573354375433,0.07283774866793119,19.58398953128417,10.0,2.1400000000000006,15.0,8.630660517196992
32.15,2.990513479811067,0.07361606010970127,19.59268404289514,10.0,2.1499999999999986,15.0,8.633482394747114
32.160000000000004,2.9954576871306635,0.07439822851365875,19.601374542775215,10.0,2.1600000000000037,15.0,8.63631839645249
32.17,3.000405976334407,0.07518425391139408,19.610061030924044,10.0,2.1700000000000017,15.0,8.639168490950984
32.18,3.005358347423371,0.0759741363300298,19.61874350734107,10.0,2.1799999999999997,15.0,8.642032646869447
32.19,3.010314800399502,0.07676787579227874,19.627421972025562,10.0,2.1899999999999977,15.0,8.644910832824284
32.2,3.0152753352655357,0.07756547231654098,19.636096424976586,10.0,2.200000000000003,15.0,8.647803017422032
32.21,3.020239952024965,0.07836692591704976,19.644766866193,10.0,2.210000000000001,15.0,8.650709169259889
32.22,3.0252086506819547,0.07917223660404779,19.653433295673455,10.0,2.219999999999999,15.0,8.653629256926314
32.230000000000004,3.030181431241288,0.07998140438400128,19.662095713416438,10.0,2.230000000000004,15.0,8.65656324900155
32.24,3.0351582937082853,0.08079442925983538,19.670754119420206,10.0,2.240000000000002,15.0,8.659511114058153
32.25,3.0401392380887113,0.08161131123119103,19.679408513682827,10.0,2.25,15.0,8.66247282066156
32.26,3.0451242643887078,0.08243205029470302,19.68805889620216,10.0,2.259999999999998,15.0,8.665448337370586
32.27,3.050113372614711,0.08325664644428711,19.696705266975908,10.0,2.270000000000003,15.0,8.668437632737989
32.28,3.0551065627733633,0.08408509967143481,19.705347626001533,10.0,2.280000000000001,15.0,8.671440675310931
32.29,3.0601038348714136,0.08491740996551106,19.71398597327631,10.0,2.289999999999999,15.0,8.674457433631538
32.3,3.0651051889156764,0.08575357731405765,19.722620308797328,10.0,2.299999999999997,15.0,8.67748787623738
32.31,3.070110624912932,0.08659360170308796,19.731250632561487,10.0,2.3100000000000023,15.0,8.680531971661976
32.32,3.075120142869826,0.08743748311737011,19.739876944565452,10.0,2.3200000000000003,15.0,8.683589688435287
32.33,3.080133742792869,0.0882852215407193,19.74849924480576,10.0,2.3299999999999983,15.0,8.686660995084212
32.34,3.085151424688307,0.089136816956254,19.757117533278716,10.0,2.3400000000000034,15.0,8.689745860133065
32.35,3.0901731885620904,0.08999226934665579,19.765731809980434,10.0,2.3500000000000014,15.0,8.692844252104052
32.36,3.095199034419815,0.09085157869440541,19.77434207490683,10.0,2.3599999999999994,15.0,8.695956139517746
32.37,3.1002289622667054,0.09171474498200857,19.78294832805367,10.0,2.3699999999999974,15.0,8.699081490893564
32.38,3.105262972107542,0.09258176819219295,19.7915505694165,10.0,2.3800000000000026,15.0,8.702220274750212
32.39,3.110301063946639,0.09345264830809258,19.80014879899069,10.0,2.3900000000000006,15.0,8.705372459606178
32.4,3.115343237787827,0.09432738531341343,19.808743016771448,10.0,2.3999999999999986,15.0,8.708538013980167
32.410000000000004,3.1203894936344345,0.09520597919257513,19.817333222753785,10.0,2.4100000000000037,15.0,8.711716906391567
32.42,3.125439831489271,0.09608842993083361,19.825919416932532,10.0,2.4200000000000017,15.0,8.714909105360883
32.43,3.130494251354631,0.09697473751438593,19.834501599302367,10.0,2.4299999999999997,15.0,8.718114579410218
32.44,3.1355527532322878,0.09786490193045216,19.84307976985779,10.0,2.4399999999999977,15.0,8.721333297063692
32.45,3.140615337123511,0.09875892316734218,19.851653928593137,10.0,2.450000000000003,15.0,8.724565226847904
32.46,3.1456820030290644,0.09965680121449934,19.86022407550256,10.0,2.460000000000001,15.0,8.72781033729236
32.47,3.1507527509492324,0.10055853606253155,19.868790210580084,10.0,2.469999999999999,15.0,8.731068596929937
32.480000000000004,3.15582758088385,0.10146412770322559,19.877352333819548,10.0,2.480000000000004,15.0,8.734339974297303
32.49,3.160906492832321,0.10237357612954505,19.88591044521467,10.0,2.490000000000002,15.0,8.737624437935366
32.5,3.1659894867936527,0.10328688133561478,19.894464544758986,10.0,2.5,15.0,8.740921956389705
32.51,3.171076562766479,0.10420404331669207,19.903014632445892,10.0,2.509999999999998,15.0,8.74423249821101
32.52,3.1761677207491084,0.1051250620691303,19.91156070826869,10.0,2.520000000000003,15.0,8.747556031955549
32.53,3.1812629607395557,0.10604993759032949,19.920102772220492,10.0,2.530000000000001,15.0,8.750892526185538
32.54,3.1863622827355718,0.10697866987867759,19.928640824294288,10.0,2.539999999999999,15.0,8.75424194946964
32.55,3.1914656867347087,0.10791125893349215,19.937174864482973,10.0,2.549999999999997,15.0,8.757604270383375
32.56,3.196573172734322,0.10884770475494433,19.94570489277929,10.0,2.5600000000000023,15.0,8.760979457509556
32.57,3.2016847407316273,0.10978800734398751,19.95423090917586,10.0,2.5700000000000003,15.0,8.764367479438727
32.58,3.2068003907237594,0.11073216670228526,19.962752913665224,10.0,2.5799999999999983,15.0,8.767768304769596
32.59,3.211920122707787,0.11168018283212723,19.971270906239795,10.0,2.5900000000000034,15.0,8.77118190210947
32.6,3.217043936680732,0.11263205573634728,19.97978488689187,10.0,2.6000000000000014,15.0,8.774608240074693
32.61,3.2221718326396416,0.1135877854182504,19.988294855613667,10.0,2.6099999999999994,15.0,8.778047287291075
32.62,3.2273038105816045,0.11454737188153163,19.99680081239733,10.0,2.6199999999999974,15.0,8.781499012394342
32.63,3.2324398705037614,0.11551081513019504,20.00530275723488,10.0,2.6300000000000026,15.0,8.784963384030549
32.64,3.237580012403368,0.11647811516848675,20.013800690118273,10.0,2.6400000000000006,15.0,8.78844037085651
32.65,3.242724236277783,0.11744927200081726,20.02229461103938,10.0,2.6499999999999986,15.0,8.791929941540257
32.660000000000004,3.2478725421245276,0.11842428563170228,20.030784519990036,10.0,2.6600000000000037,15.0,8.795432064761457
32.67,3.2530249299412537,0.11940315606569003,20.03927041696195,10.0,2.6700000000000017,15.0,8.798946709211835
32.68,3.25818139972582,0.12038588330731491,20.047752301946836,10.0,2.6799999999999997,15.0,8.802473843595616
32.69,3.263341951476251,0.12137246736103459,20.056230174936307,10.0,2.6899999999999977,15.0,8.806013436629947
32.7,3.268506585190783,0.12236290823118902,20.064704035921952,10.0,2.700000000000003,15.0,8.809565457045334
32.71,3.2736753008678443,0.12335720592195365,20.073173884895294,10.0,2.710000000000001,15.0,8.813129873586044
32.72,3.2788480986005504,0.12435536052656566,20.081639721754975,10.0,2.719999999999999,15.0,8.816706654858752
32.730000000000004,3.284024978409406,0.12535737206921518,20.09010154647132,10.0,2.730000000000004,15.0,8.820295769601648
32.74,3.289205940336927,0.12636324059443796,20.098559358994187,10.0,2.740000000000002,15.0,8.82389718653342
32.75,3.294390983852719,0.12737296560502245,20.107013159839926,10.0,2.75,15.0,8.827510875312095
32.76,3.299580109326455,0.12838654745364317,20.115462948645522,10.0,2.759999999999998,15.0,8.8311368041675
32.77,3.304773316757884,0.12940398614298326,20.123908725415237,10.0,2.770000000000003,15.0,8.834774941942845
32.78,3.309970606146943,0.13042528167542872,20.132350490155186,10.0,2.780000000000001,15.0,8.838425257499145
32.79,3.3151719774937694,0.13145043405307077,20.140788242872482,10.0,2.789999999999999,15.0,8.842087719715131
32.8,3.3203774307986507,0.1324794432777019,20.149221983574805,10.0,2.799999999999997,15.0,8.84576229748743
32.81,3.32558696606204,0.13351230935082664,20.15765171227016,10.0,2.8100000000000023,15.0,8.849448959730813
32.82,3.330800583284496,0.13454903227366274,20.166077428966727,10.0,2.8200000000000003,15.0,8.853147675378526
32.83,3.336018282466699,0.1355896120471589,20.174499133672793,10.0,2.8299999999999983,15.0,8.856858413382634
32.84,3.341240063609428,0.13663404867200435,20.182916826396706,10.0,2.8400000000000034,15.0,8.860581142714388
32.85,3.3464659267135133,0.13768234214864083,20.191330507146805,10.0,2.8500000000000014,15.0,8.864315832364596
32.86,3.3516958717798593,0.13873449247728387,20.19974017593145,10.0,2.8599999999999994,15.0,8.868062451344006
32.87,3.356929898809408,0.13979049965793572,20.20814583275894,10.0,2.8699999999999974,15.0,8.871820968683641
32.88,3.3621680078031244,0.14085036369040418,20.216547477637597,10.0,2.8800000000000026,15.0,8.875591353435247
32.89,3.3674101987619833,0.14191408457432056,20.224945110575625,10.0,2.8900000000000006,15.0,8.879373574671565
32.9,3.3726564716869727,0.14298166230916137,20.23333873158123,10.0,2.8999999999999986,15.0,8.883167601486777
32.910000000000004,3.3779068265790477,0.14405309689426105,20.241728340662522,10.0,2.9100000000000037,15.0,8.886973402996842
32.92,3.3831612634391512,0.14512838832883593,20.25011393782753,10.0,2.9200000000000017,15.0,8.890790948339838
32.93,3.3884197822681945,0.14620753661200112,20.258495523084225,10.0,2.9299999999999997,15.0,8.894620206676349
32.94,3.3936823830670586,0.1472905417427906,20.266873096440506,10.0,2.9399999999999977,15.0,8.89846114718981
32.95,3.3989490658365713,0.14837740372017139,20.27524665790416,10.0,2.950000000000003,15.0,8.902313739086857
32.96,3.404219830577493,0.14946812254305827,20.28361620748286,10.0,2.960000000000001,15.0,8.906177951597668
32.97,3.409494677290561,0.1505626982103398,20.29198174518424,10.0,2.969999999999999,15.0,8.910053753976328
32.980000000000004,3.414773605976442,0.151661130720884,20.300343271015773,10.0,2.980000000000004,15.0,8.913941115501144
32.99,3.4200566166357307,0.1527634200735529,20.308700784984836,10.0,2.990000000000002,15.0,8.917840005475012
33.0,3.4253437092689802,0.15386956626722192,20.317054287098696,10.0,3.0,15.0,8.921750393225734
33.01,3.430634883876679,0.1549795693007864,20.325403777364503,10.0,3.009999999999998,15.0,8.925672248106357
33.02,3.43593014045925,0.15609342917317268,20.333749255789282,10.0,3.020000000000003,15.0,8.929605539495524
33.03,3.441229479017045,0.15721114588334525,20.3420907223799,10.0,3.030000000000001,15.0,8.93355023679776
33.04,3.446532899550378,0.15833271943032245,20.35042817714311,10.0,3.039999999999999,15.0,8.937506309443835
33.05,3.4518404020595064,0.15945814981317835,20.358761620085538,10.0,3.049999999999997,15.0,8.941473726891077
33.06,3.4571519865446207,0.16058743703104608,20.367091051213638,10.0,3.0600000000000023,15.0,8.945452458623697
33.07,3.4624676530058727,0.1617205810831282,20.375416470533732,10.0,3.0700000000000003,15.0,8.949442474153088
33.08,3.4677874014433576,0.16285758196869485,20.383737878051967,10.0,3.0799999999999983,15.0,8.953443743018166
33.09,3.4731112318571418,0.16399843968709277,20.392055273774364,10.0,3.0900000000000034,15.0,8.957456234785685
33.1,3.4784391442472335,0.16514315423773854,20.400368657706746,10.0,3.1000000000000014,15.0,8.961479919050522
33.11,3.483771138613636,0.1662917256201307,20.408678029854816,10.0,3.1099999999999994,15.0,8.965514765436021
33.12,3.489107214956294,0.16744415383383704,20.416983390224065,10.0,3.1199999999999974,15.0,8.96956074359428
33.13,3.494447373275136,0.16860043887850118,20.425284738819826,10.0,3.1300000000000026,15.0,8.973617823206464
33.14,3.4997916135700606,0.1697605807538375,20.433582075647255,10.0,3.1400000000000006,15.0,8.977685973983109
33.15,3.505139935840963,0.1709245794596345,20.441875400711346,10.0,3.1499999999999986,15.0,8.981765165664427
33.160000000000004,3.5104923400876937,0.17209243499574098,20.45016471401686,10.0,3.1600000000000037,15.0,8.985855368020603
33.17,3.515848826310109,0.1732641473620732,20.458450015568417,10.0,3.1700000000000017,15.0,8.98995655085209
33.18,3.521209394508045,0.17443971655860488,20.466731305370406,10.0,3.1799999999999997,15.0,8.994068683989909
33.19,3.5265740446813494,0.1756191425853692,20.47500858342707,10.0,3.1899999999999977,15.0,8.998191737295945
33.2,3.5319427768298355,0.17680242544244396,20.4832818497424,10.0,3.200000000000003,15.0,9.002325680663242
33.21,3.537315590953338,0.17798956512995812,20.491551104320223,10.0,3.210000000000001,15.0,9.006470484016273
33.22,3.5426924870516774,0.17918056164807972,20.499816347164153,10.0,3.219999999999999,15.0,9.01062611731126
33.230000000000004,3.548073465124689,0.18037541499701537,20.508077578277604,10.0,3.230000000000004,15.0,9.014792550536438
33.24,3.5534585251721884,0.1815741251769989,20.516334797663752,10.0,3.240000000000002,15.0,9.018969753712337
33.25,3.5588476671940232,0.1827766921882965,20.524588005325597,10.0,3.25,15.0,9.023157696892076
33.26,3.5642408911900327,0.1839831160311939,20.532837201265927,10.0,3.259999999999998,15.0,9.027356350161647
33.27,3.5696381971600695,0.18519339670599583,20.541082385487304,10.0,3.270000000000003,15.0,9.031565683640173
33.28,3.575039585103982,0.18640753421301687,20.549323557992057,10.0,3.280000000000001,15.0,9.03578566748019
33.29,3.5804450550216362,0.1876255285525836,20.557560718782327,10.0,3.289999999999999,15.0,9.04001627186794
33.3,3.5858546069129105,0.18884737972502777,20.565793867860016,10.0,3.299999999999997,15.0,9.044257467023609
33.31,3.5912682407776866,0.19007308773068138,20.574023005226817,10.0,3.3100000000000023,15.0,9.048509223201625
33.32,3.596685956615846,0.19130265256987186,20.582248130884164,10.0,3.3200000000000003,15.0,9.0527715106909
33.33,3.602107754427302,0.192536074242927,20.590469244833322,10.0,3.3299999999999983,15.0,9.057044299815116
33.34,3.607533634211953,0.19377335275016033,20.598686347075283,10.0,3.3400000000000034,15.0,9.06132756093298
33.35,3.612963595969714,0.19501448809187785,20.60689943761084,10.0,3.3500000000000014,15.0,9.065621264438473
33.36,3.6183976397005146,0.19625948026837298,20.615108516440554,10.0,3.3599999999999994,15.0,9.06992538076113
33.37,3.6238357654042836,0.19750832927992237,20.623313583564745,10.0,3.3699999999999974,15.0,9.074239880366267
33.38,3.6292779730809697,0.19876103512679025,20.631514638983536,10.0,3.3800000000000026,15.0,9.078564733755263
33.39,3.634724262730501,0.20001759780921607,20.639711682696777,10.0,3.3900000000000006,15.0,9.082899911465786
33.4,3.640174634352844,0.2012780173274285,20.64790471470414,10.0,3.3999999999999986,15.0,9.08724538407206
33.410000000000004,3.6456290879479423,0.20254229368163024,20.65609373500502,10.0,3.4100000000000037,15.0,9.091601122185105
33.42,3.6510876235157568,0.20381042687200673,20.66427874359859,10.0,3.4200000000000017,15.0,9.095967096452958
33.43,3.6565502410562543,0.20508241689872428,20.672459740483824,10.0,3.4299999999999997,15.0,9.100343277560965
33.44,3.662016940569402,0.20635826376192815,20.68063672565945,10.0,3.4399999999999977,15.0,9.104729636231982
33.45,3.6674877220551725,0.20763796746174443,20.688809699123993,10.0,3.450000000000003,15.0,9.109126143226629
33.46,3.6729625855135315,0.2089215279982776,20.696978660875697,10.0,3.460000000000001,15.0,9.113532769343497
33.47,3.6784415309444554,0.21020894537161527,20.705143610912632,10.0,3.469999999999999,15.0,9.117949485419423
33.480000000000004,3.6839245583479174,0.21150021958182583,20.713304549232614,10.0,3.480000000000004,15.0,9.122376262329697
33.49,3.689411667723888,0.21279535062896016,20.721461475833244,10.0,3.490000000000002,15.0,9.126813070988279
33.5,3.694902859072353,0.21409433851305618,20.729614390711912,10.0,3.5,15.0,9.131259882348054
33.51,3.700398132393271,0.21539718323412999,20.737763293865758,10.0,3.509999999999998,15.0,9.135716667401033
33.52,3.7058974876866326,0.2167038847921916,20.74590818529174,10.0,3.520000000000003,15.0,9.140183397178586
33.53,3.711400924952397,0.2180144431872304,20.75404906498657,10.0,3.530000000000001,15.0,9.14466004275166
33.54,3.7169084441905396,0.21932885841922825,20.762185932946757,10.0,3.539999999999999,15.0,9.149146575230992
33.55,3.7224200454010252,0.22064713048815543,20.77031878916858,10.0,3.549999999999997,15.0,9.153642965767322
33.56,3.727935728583827,0.2219692593939736,20.778447633648117,10.0,3.5600000000000023,15.0,9.158149185551611
33.57,3.7334554937389126,0.2232952451366372,20.78657246638126,10.0,3.5700000000000003,15.0,9.162665205815268
33.58,3.7389793408662335,0.22462508771608966,20.79469328736364,10.0,3.5799999999999983,15.0,9.167190997830321
33.59,3.74450726996577,0.2259587871322761,20.802810096590733,10.0,3.5900000000000034,15.0,9.171726532909657
33.6,3.7500392810374747,0.22729634338513116,20.810922894057803,10.0,3.6000000000000014,15.0,9.176271782407222
33.61,3.755575374081301,0.22863775647458648,20.81903167975989,10.0,3.6099999999999994,15.0,9.1808267177182
33.62,3.7611155490972186,0.22998302640057625,20.827136453691885,10.0,3.6199999999999974,15.0,9.185391310279249
33.63,3.7666598060851793,0.231332153163029,20.83523721584844,10.0,3.6300000000000026,15.0,9.189965531568667
33.64,3.77220814504513,0.23268513676187197,20.84333396622403,10.0,3.6400000000000006,15.0,9.194549353106607
33.65,3.777760565977028,0.23404197719703573,20.85142670481295,10.0,3.6499999999999986,15.0,9.19914274645527
33.660000000000004,3.7833170688808297,0.23540267446845178,20.859515431609342,10.0,3.6600000000000037,15.0,9.203745683219104
33.67,3.7888776537564657,0.2367672285760473,20.867600146607096,10.0,3.6700000000000017,15.0,9.208358135044966
33.68,3.794442320603901,0.2381356395197606,20.875680849799988,10.0,3.6799999999999997,15.0,9.212980073622337
33.69,3.8000110694230775,0.23950790729952723,20.883757541181605,10.0,3.6899999999999977,15.0,9.217611470683511
33.7,3.805583900213941,0.24088403191528654,20.89183022074537,10.0,3.700000000000003,15.0,9.22225229800377
33.71,3.811160812976437,0.24226401336698186,20.899898888484532,10.0,3.710000000000001,15.0,9.226902527401553
33.72,3.816741807710513,0.24364785165456052,20.907963544392207,10.0,3.719999999999999,15.0,9.231562130738672
33.730000000000004,3.822326884416112,0.24503554677797276,20.91602418846133,10.0,3.730000000000004,15.0,9.236231079920456
33.74,3.8279160430931785,0.24642709873717367,20.924080820684694,10.0,3.740000000000002,15.0,9.240909346895942
33.75,3.8335092837416482,0.24782250753211904,20.932133441054933,10.0,3.75,15.0,9.245596903658049
33.76,3.839106606361467,0.24922177316277194,20.94018204956456,10.0,3.759999999999998,15.0,9.250293722243757
33.77,3.844708010952595,0.2506248956291033,20.948226646205978,10.0,3.770000000000003,15.0,9.254999774734284
33.78,3.8503134975149598,0.25203187493107826,20.95626723097139,10.0,3.780000000000001,15.0,9.259715033255215
33.79,3.8559230660485087,0.2534427110686716,20.964303803852932,10.0,3.789999999999999,15.0,9.264439469976724
33.8,3.861536716553182,0.2548574040418594,20.972336364842587,10.0,3.799999999999997,15.0,9.269173057113706
33.81,3.867154449028941,0.2562759538506254,20.980364913932252,10.0,3.8100000000000023,15.0,9.27391576692595
33.82,3.8727762634757013,0.25769836049494615,20.988389451113655,10.0,3.8200000000000003,15.0,9.278667571718284
33.83,3.878402159893428,0.2591246239748116,20.996409976378494,10.0,3.8299999999999983,15.0,9.283428443840778
33.84,3.8840321382820644,0.2605547442902087,21.004426489718313,10.0,3.8400000000000034,15.0,9.288198355688847
33.85,3.8896661986415504,0.2619887214411261,21.012438991124576,10.0,3.8500000000000014,15.0,9.292977279703443
33.86,3.895304340971829,0.2634265554275542,21.02044748058865,10.0,3.8599999999999994,15.0,9.2977651883712
33.87,3.9009465652728617,0.26486824624948946,21.028451958101854,10.0,3.8699999999999974,15.0,9.30256205422459
33.88,3.906592871544588,0.2663137939069234,21.03645242365539,10.0,3.8800000000000026,15.0,9.307367849842063
33.89,3.9122432597869565,0.2677631983998506,21.044448877240395,10.0,3.8900000000000006,15.0,9.312182547848195
33.9,3.9178977299999107,0.2692164597282645,21.052441318847936,10.0,3.8999999999999986,15.0,9.317006120913849
33.910000000000004,3.9235562821834122,0.27067357789216323,21.06042974846904,10.0,3.9100000000000037,15.0,9.321838541756312
33.92,3.929218916337404,0.2721345528915397,21.068414166094673,10.0,3.9200000000000017,15.0,9.32667978313944
33.93,3.9348856324618344,0.27359938472638823,21.07639457171573,10.0,3.9299999999999997,15.0,9.331529817873783
33.94,3.94055643055666,0.2750680733967032,21.084370965323085,10.0,3.9399999999999977,15.0,9.336388618816752
33.95,3.946231310696302,0.27654061897283905,21.092343346834355,10.0,3.950000000000003,15.0,9.341256158749053
33.96,3.951910272731781,0.2780170213140677,21.100311716387104,10.0,3.960000000000001,15.0,9.346132410869753
33.97,3.9575933168346,0.2794972805824711,21.10827607380601,10.0,3.969999999999999,15.0,9.351017347894347
33.980000000000004,3.9632804428105834,0.28098139659462057,21.11623641927997,10.0,3.980000000000004,15.0,9.35591094319623
33.99,3.9689716507568296,0.2824693694422787,21.124192752716606,10.0,3.990000000000002,15.0,9.36081316971582
34.0,3.9746669406733535,0.2839611991254894,21.132145074121674,10.0,4.0,15.0,9.365724000604233
34.01,3.980366312560172,0.28545688564429944,21.140093383502386,10.0,4.009999999999998,15.0,9.370643409061335
34.02,3.986069766417329,0.2869564289987631,21.148037680866796,10.0,4.020000000000003,15.0,9.375571368335446
34.03,3.991777302244847,0.28845982918892793,21.155977966223375,10.0,4.030000000000001,15.0,9.380507851723213
34.04,3.9974889200427643,0.28996708621484396,21.16391423958088,10.0,4.039999999999999,15.0,9.38545283256963
34.05,4.003204619811111,0.2914782000765576,21.171846500948206,10.0,4.049999999999997,15.0,9.390406284268064
34.06,4.00892440154993,0.2929931707741158,21.17977475033432,10.0,4.060000000000002,15.0,9.395368180260311
34.07,4.014648265259254,0.29451199830756075,21.187698987748227,10.0,4.07,15.0,9.400338494036694
34.08,4.020376210939122,0.29603468267693367,21.195619213198942,10.0,4.079999999999998,15.0,9.405317199136162
34.09,4.026108238589587,0.2975612238822777,21.203535426695485,10.0,4.090000000000003,15.0,9.410304269146373
34.1,4.031844348210672,0.2990916219236251,21.21144762824678,10.0,4.100000000000001,15.0,9.415299677703766
34.11,4.037584539802428,0.3006258768010127,21.219355817861757,10.0,4.109999999999999,15.0,9.420303398493699
34.12,4.043328813364896,0.3021639885144729,21.22725999554926,10.0,4.119999999999997,15.0,9.425315405250519
34.13,4.049077168898126,0.30370595706403763,21.235160161318095,10.0,4.130000000000003,15.0,9.430335671757666
34.14,4.0548296064021505,0.30525178244973145,21.24305631517694,10.0,4.140000000000001,15.0,9.435364171847743
34.15,4.060586125877014,0.30680146467158115,21.250948457134438,10.0,4.149999999999999,15.0,9.44040087940266
34.160000000000004,4.066346727322782,0.3083550037296149,21.258836587199166,10.0,4.160000000000004,15.0,9.445445768353693
34.17,4.072111410739476,0.3099123996238477,21.26672070537954,10.0,4.170000000000002,15.0,9.450498812681557
34.18,4.0778801761271515,0.3114736523543032,21.27460081168393,10.0,4.18,15.0,9.455559986416528
34.19,4.083653023485866,0.3130387619210008,21.28247690612058,10.0,4.189999999999998,15.0,9.460629263638511
34.2,4.089429952815663,0.31460772832395634,21.290348988697627,10.0,4.200000000000003,15.0,9.465706618477137
34.21,4.095210964116587,0.3161805515631831,21.298217059423088,10.0,4.210000000000001,15.0,9.470792025111827
34.22,4.100996057388695,0.31775723163869624,21.30608111830485,10.0,4.219999999999999,15.0,9.475885457771888
34.230000000000004,4.1067852326320295,0.3193377685505052,21.313941165350684,10.0,4.230000000000004,15.0,9.48098689073661
34.24,4.112578489846639,0.3209221622986185,21.321797200568216,10.0,4.240000000000002,15.0,9.486096298335305
34.25,4.1183758290325825,0.3225104128830487,21.329649223964946,10.0,4.25,15.0,9.491213654947416
34.26,4.124177250189907,0.3241025203038009,21.33749723554822,10.0,4.259999999999998,15.0,9.496338935002585
34.27,4.129982753318676,0.32569848456088424,21.34534123532525,10.0,4.270000000000003,15.0,9.50147211298073
34.28,4.135792338418928,0.32729830565430096,21.353181223303082,10.0,4.280000000000001,15.0,9.506613163412107
34.29,4.141606005490718,0.32890198358405487,21.361017199488597,10.0,4.289999999999999,15.0,9.51176206087739
34.300000000000004,4.147423754534101,0.3305095183501491,21.36884916388852,10.0,4.300000000000004,15.0,9.51691878000774
34.31,4.153245585549119,0.3321209099525826,21.376677116509413,10.0,4.310000000000002,15.0,9.52208329548488
34.32,4.15907149853584,0.33373615839136095,21.384501057357674,10.0,4.32,15.0,9.52725558204114
34.33,4.164901493494308,0.33535526366647994,21.392320986439497,10.0,4.329999999999998,15.0,9.532435614459553
34.34,4.170735570424581,0.3369782257779407,21.400136903760927,10.0,4.340000000000003,15.0,9.5376233675739
34.35,4.176573729326706,0.3386050447257384,21.407948809327788,10.0,4.350000000000001,15.0,9.54281881626876
34.36,4.182415970200724,0.3402357205098669,21.41575670314573,10.0,4.359999999999999,15.0,9.548021935479607
34.37,4.188262293046708,0.3418702531303275,21.42356058522023,10.0,4.369999999999997,15.0,9.553232700192845
34.38,4.194112697864706,0.3435086425871143,21.43136045555656,10.0,4.380000000000003,15.0,9.558451085445878
34.39,4.1999671846547635,0.3451508888802176,21.43915631415977,10.0,4.390000000000001,15.0,9.563677066327143
34.4,4.205825753416928,0.3467969920096318,21.44694816103471,10.0,4.399999999999999,15.0,9.568910617976192
34.410000000000004,4.211688404151257,0.3484469519753487,21.454735996186045,10.0,4.410000000000004,15.0,9.57415171558375
34.42,4.217555136857795,0.35010076877735824,21.462519819618194,10.0,4.420000000000002,15.0,9.579400334391726
34.43,4.223425951536601,0.35175844241565285,21.47029963133543,10.0,4.43,15.0,9.584656449693343
34.44,4.2293008481877274,0.35341997289022253,21.478075431341733,10.0,4.439999999999998,15.0,9.58992003683309
34.45,4.235179826811215,0.35508536020105264,21.485847219640878,10.0,4.450000000000003,15.0,9.59519107120684
34.46,4.241062887407106,0.3567546043481289,21.493614996236428,10.0,4.460000000000001,15.0,9.60046952826187
34.47,4.246950029975452,0.3584277053314377,21.501378761131722,10.0,4.469999999999999,15.0,9.605755383496927
34.480000000000004,4.252841254516318,0.3601046631509692,21.509138514329905,10.0,4.480000000000004,15.0,9.61104861246227
34.49,4.258736561029726,0.3617854778066997,21.516894255833826,10.0,4.490000000000002,15.0,9.616349190759681
34.5,4.264635949515734,0.3634701492986166,21.524645985646142,10.0,4.5,15.0,9.621657094042543
34.51,4.270539419974398,0.3651586776267034,21.532393703769277,10.0,4.509999999999998,15.0,9.626972298015872
34.52,4.276446972405755,0.3668510627909397,21.540137410205393,10.0,4.520000000000003,15.0,9.632294778436348
34.53,4.282358606809841,0.3685473047913019,21.547877104956424,10.0,4.530000000000001,15.0,9.63762451111236
34.54,4.288274323186705,0.3702474036277705,21.55561278802408,10.0,4.539999999999999,15.0,9.64296147190406
34.550000000000004,4.294194121536395,0.3719513593003236,21.563344459409816,10.0,4.550000000000004,15.0,9.648305636723363
34.56,4.300118001858942,0.3736591718089349,21.57107211911485,10.0,4.560000000000002,15.0,9.653656981534018
34.57,4.306045964154396,0.37537084115358277,21.57879576714014,10.0,4.57,15.0,9.659015482351608
34.58,4.311978008422805,0.377086367334242,21.586515403486434,10.0,4.579999999999998,15.0,9.66438111524362
34.59,4.317914134664191,0.3788057503508819,21.59423102815419,10.0,4.590000000000003,15.0,9.669753856329452
34.6,4.323854342878604,0.3805289902034765,21.601942641143673,10.0,4.600000000000001,15.0,9.675133681780448
34.61,4.329798633066085,0.38225608689199775,21.609650242454865,10.0,4.609999999999999,15.0,9.680520567819928
34.62,4.335747005226657,0.38398704041640974,21.617353832087485,10.0,4.619999999999997,15.0,9.685914490723208
34.63,4.341699459360375,0.38572185077668786,21.62505341004106,10.0,4.630000000000003,15.0,9.691315426817653
34.64,4.347655995467268,0.38746051797279774,21.632748976314836,10.0,4.640000000000001,15.0,9.696723352482673
34.65,4.353616613547356,0.38920304200470063,21.640440530907778,10.0,4.649999999999999,15.0,9.702138244149749
34.660000000000004,4.35958131360069,0.39094942287236656,21.64812807381868,10.0,4.660000000000004,15.0,9.707560078302498
34.67,4.365550095627299,0.3926996605757595,21.655811605046058,10.0,4.670000000000002,15.0,9.712988831476647
34.68,4.371522959627208,0.3944537551148398,21.66349112458816,10.0,4.68,15.0,9.718424480260065
34.69,4.377499905600457,0.3962117064895739,21.671166632443022,10.0,4.689999999999998,15.0,9.723867001292808
34.7,4.38348093354707,0.3979735146999193,21.678838128608405,10.0,4.700000000000003,15.0,9.729316371267105
34.71,4.3894660434670705,0.39973917974583534,21.686505613081852,10.0,4.710000000000001,15.0,9.7347725669274
34.72,4.3954552353604965,0.4015087016272851,21.69416908586066,10.0,4.719999999999999,15.0,9.740235565070359
34.730000000000004,4.401448509227368,0.40328208034422464,21.701828546941897,10.0,4.730000000000004,15.0,9.745705342544902
34.74,4.407445865067708,0.4050593158966111,21.70948399632237,10.0,4.740000000000002,15.0,9.751181876252183
34.75,4.413447302881537,0.40684040828440016,21.71713543399866,10.0,4.75,15.0,9.756665143145641
34.76,4.419452822668894,0.40862535750755136,21.724782859967135,10.0,4.759999999999998,15.0,9.762155120230993
34.77,4.425462424429783,0.4104141635660161,21.732426274223887,10.0,4.770000000000003,15.0,9.76765178456625
34.78,4.431476108164226,0.4122068264597487,21.740065676764814,10.0,4.780000000000001,15.0,9.773155113261724
34.79,4.437493873872247,0.4140033461887038,21.74770106758558,10.0,4.789999999999999,15.0,9.778665083480057
34.800000000000004,4.443515721553865,0.41580372275283534,21.75533244668163,10.0,4.800000000000004,15.0,9.78418167243621
34.81,4.449541651209097,0.4176079561520945,21.762959814048173,10.0,4.810000000000002,15.0,9.789704857397465
34.82,4.455571662837958,0.41941604638643376,21.770583169680204,10.0,4.82,15.0,9.79523461568346
34.83,4.461605756440459,0.42122799345580303,21.778202513572502,10.0,4.829999999999998,15.0,9.80077092466617
34.84,4.467643932016611,0.4230437973601527,21.78581784571963,10.0,4.840000000000003,15.0,9.806313761769928
34.85,4.473686189566428,0.4248634580994336,21.79342916611595,10.0,4.850000000000001,15.0,9.811863104471414
34.86,4.479732529089913,0.4266869756735932,21.80103647475561,10.0,4.859999999999999,15.0,9.817418930299674
34.87,4.485782950587084,0.42851435008258343,21.808639771632564,10.0,4.869999999999997,15.0,9.822981216836114
34.88,4.491837454057955,0.43034558132635525,21.81623905674058,10.0,4.880000000000003,15.0,9.828549941714515
34.89,4.497896039502516,0.43218066940485245,21.823834330073197,10.0,4.890000000000001,15.0,9.834125082620995
34.9,4.503958706920774,0.4340196143180245,21.83142559162378,10.0,4.899999999999999,15.0,9.839706617294054
34.910000000000004,4.510025456312738,0.4358624160658207,21.83901284138551,10.0,4.910000000000004,15.0,9.845294523524549
34.92,4.516096287678402,0.43770907464818587,21.84659607935137,10.0,4.920000000000002,15.0,9.850888779155687
34.93,4.5221712010177795,0.43955959006507334,21.854175305514215,10.0,4.93,15.0,9.856489362083055
34.94,4.528250196330857,0.44141396231642605,21.861750519866654,10.0,4.939999999999998,15.0,9.862096250254565
34.95,4.5343332736176425,0.44327219140219404,21.86932172240119,10.0,4.950000000000003,15.0,9.867709421670506
34.96,4.540420432878123,0.4451342773223223,21.87688891311012,10.0,4.960000000000001,15.0,9.87332885438348
34.97,4.5465116741122955,0.44700022007675855,21.884452091985583,10.0,4.969999999999999,15.0,9.87895452649843
34.980000000000004,4.552606997320154,0.44887001966545026,21.892011259019608,10.0,4.980000000000004,15.0,9.884586416172656
34.99,4.5587064025017,0.4507436760883476,21.899566414204035,10.0,4.990000000000002,15.0,9.890224501615737
35.0,4.564809889656907,0.45262118934539236,21.90711755753055,10.0,5.0,15.0,9.895868761089583
35.01,4.570917458785783,0.4545025594365382,21.91466468899075,10.0,5.009999999999998,15.0,9.901519172908408
35.02,4.577029109888307,0.4563877863617303,21.922207808576044,10.0,5.020000000000003,15.0,9.907175715438703
35.03,4.583144842964464,0.4582768701209158,21.92974691627774,10.0,5.030000000000001,15.0,9.91283836709924
35.04,4.589264658014241,0.4601698107140438,21.93728201208703,10.0,5.039999999999999,15.0,9.918507106361071
35.050000000000004,4.595388555037626,0.4620666081410631,21.944813095994974,10.0,5.050000000000004,15.0,9.92418191174748
35.06,4.601516534034584,0.46396726240191694,21.95234016799251,10.0,5.060000000000002,15.0,9.929862761833995
35.07,4.6076485950051165,0.4658717734965611,21.95986322807051,10.0,5.07,15.0,9.935549635248373
35.08,4.613784737949195,0.46778014142494184,21.96738227621972,10.0,5.079999999999998,15.0,9.941242510670577
35.09,4.619924962866807,0.46969236618701127,21.97489731243079,10.0,5.090000000000003,15.0,9.946941366832752
35.1,4.626069269757922,0.4716084477827173,21.9824083366943,10.0,5.100000000000001,15.0,9.952646182519226
35.11,4.632217658622517,0.4735283862120112,21.989915349000725,10.0,5.109999999999999,15.0,9.958356936566476
35.12,4.638370129460565,0.4754521814748428,21.997418349340478,10.0,5.119999999999997,15.0,9.964073607863117
35.13,4.644526682272043,0.4773798335711642,22.00491733770391,10.0,5.130000000000003,15.0,9.969796175349886
35.14,4.650687317056923,0.4793113425009289,22.01241231408131,10.0,5.140000000000001,15.0,9.975524618019612
35.15,4.65685203381517,0.48124670826408644,22.019903278462873,10.0,5.149999999999999,15.0,9.981258914917186
35.160000000000004,4.663020832546768,0.4831859308605943,22.027390230838805,10.0,5.160000000000004,15.0,9.986999045139575
35.17,4.669193713251668,0.4851290102904012,22.034873171199223,10.0,5.170000000000002,15.0,9.992744987835762
35.18,4.675370676062126,0.4870759466784477,22.042352099404265,10.0,5.18,15.0,9.998496721986099
35.19,4.68155172092767,0.4890267399770247,22.049827015494774,10.0,5.189999999999998,15.0,10.004254226928582
35.2,4.687736847552354,0.49098138990650125,22.05729791975661,10.0,5.200000000000003,15.0,10.0100174824653
35.21,4.69392605615028,0.4929398966691676,22.064764811980144,10.0,5.210000000000001,15.0,10.015786467603494
35.22,4.700119346721479,0.4949022602650409,22.072227692170312,10.0,5.219999999999999,15.0,10.021561161762422
35.230000000000004,4.706316719265999,0.4968684806941515,22.07968656033425,10.0,5.230000000000004,15.0,10.027341544414782
35.24,4.71251817378386,0.49883855795652604,22.08714141648021,10.0,5.240000000000002,15.0,10.033127595085935
35.25,4.71872371027511,0.5008124920522008,22.094592260617144,10.0,5.25,15.0,10.038919293353564
35.26,4.724933328739787,0.5027902829812119,22.10203909275435,10.0,5.259999999999998,15.0,10.044716618847406
35.27,4.731147029177936,0.5047719307435986,22.109481912901355,10.0,5.270000000000003,15.0,10.050519551249137
35.28,4.737364811589588,0.5067574353393973,22.116920721067785,10.0,5.280000000000001,15.0,10.05632807029222
35.29,4.743586675974781,0.5087467967686484,22.12435551726335,10.0,5.289999999999999,15.0,10.062142155761896
35.300000000000004,4.7498126223335655,0.5107400150313975,22.131786301497783,10.0,5.300000000000004,15.0,10.067961787495069
35.31,4.756042650665973,0.512737090127684,22.13921307378078,10.0,5.310000000000002,15.0,10.073786945380242
35.32,4.762276760972044,0.5147380220575504,22.146635834122026,10.0,5.32,15.0,10.079617609357506
35.33,4.7685149532518025,0.5167428108210368,22.154054582531135,10.0,5.329999999999998,15.0,10.085453759418446
35.34,4.774757227505293,0.51875145641819,22.16146931901772,10.0,5.340000000000003,15.0,10.091295375606148
35.35,4.781003583732541,0.5207639588490517,22.168880043591262,10.0,5.350000000000001,15.0,10.097142438015071
35.36,4.787254021933589,0.522780318113668,22.176286756261224,10.0,5.359999999999999,15.0,10.102994926791078
35.37,4.79350854210846,0.5248005342120817,22.183689457036937,10.0,5.369999999999997,15.0,10.10885282213134
35.38,4.799767144257192,0.5268246071443403,22.191088145927697,10.0,5.380000000000003,15.0,10.11471610428432
35.39,4.806029828379802,0.5288525369104838,22.198482822942648,10.0,5.390000000000001,15.0,10.120584753549686
35.4,4.812296594476329,0.5308843235105635,22.20587348809086,10.0,5.399999999999999,15.0,10.12645875027829
35.410000000000004,4.818567442546794,0.5329199669446215,22.213260141381273,10.0,5.410000000000004,15.0,10.132338074872125
35.42,4.82484237259121,0.5349594672127012,22.220642782822715,10.0,5.420000000000002,15.0,10.138222707784239
35.43,4.831121384609604,0.5370028243148492,22.228021412423892,10.0,5.43,15.0,10.144112629518723
35.44,4.837404478601994,0.5390500382511116,22.235396030193385,10.0,5.439999999999998,15.0,10.15000782063065
35.45,4.84369165456842,0.54110110902154,22.24276663613966,10.0,5.450000000000003,15.0,10.155908261726017
35.46,4.849982912508883,0.5431560366261762,22.250133230271015,10.0,5.460000000000001,15.0,10.161813933461689
35.47,4.8562782524234,0.5452148210650657,22.25749581259558,10.0,5.469999999999999,15.0,10.167724816545341
35.480000000000004,4.8625776743119955,0.5472774623382582,22.264854383121392,10.0,5.480000000000004,15.0,10.173640891735454
35.49,4.868881178174686,0.5493439604458011,22.27220894185629,10.0,5.490000000000002,15.0,10.179562139841183
35.5,4.87518876401147,0.5514143153877372,22.279559488807955,10.0,5.5,15.0,10.185488541722368
35.51,4.881500431822354,0.5534885271641118,22.286906023983896,10.0,5.509999999999998,15.0,10.191420078289449
35.52,4.88781618160736,0.5555665957749756,22.294248547391458,10.0,5.520000000000003,15.0,10.197356730503412
35.53,4.894136013366492,0.5576485212203739,22.301587059037807,10.0,5.530000000000001,15.0,10.203298479375743
35.54,4.900459927099757,0.5597343035003552,22.30892155892994,10.0,5.539999999999999,15.0,10.209245305968377
35.550000000000004,4.9067879228071645,0.561823942614967,22.316252047074634,10.0,5.550000000000004,15.0,10.215197191393619
35.56,4.913120000488702,0.5639174385642508,22.323578523478485,10.0,5.560000000000002,15.0,10.221154116814098
35.57,4.919456160144378,0.5660147913482555,22.330900988147903,10.0,5.57,15.0,10.227116063442727
35.58,4.925796401774202,0.5681160009670311,22.3382194410891,10.0,5.579999999999998,15.0,10.233083012542622
35.59,4.932140725378163,0.5702210674206201,22.34553388230806,10.0,5.590000000000003,15.0,10.23905494542705
35.6,4.938489130956251,0.5723299907090672,22.352844311810554,10.0,5.600000000000001,15.0,10.245031843459362
35.61,4.944841618508468,0.574442770832421,22.36015072960217,10.0,5.609999999999999,15.0,10.251013688052968
35.62,4.9511981880348,0.5765594077907241,22.367453135688258,10.0,5.619999999999997,15.0,10.257000460671241
35.63,4.957558839535251,0.5786799015840275,22.37475153007395,10.0,5.630000000000003,15.0,10.262992142827468
35.64,4.963923573009796,0.5808042522123695,22.38204591276413,10.0,5.640000000000001,15.0,10.268988716084777
35.65,4.970292388458423,0.5829324596757958,22.38933628376348,10.0,5.649999999999999,15.0,10.274990162056113
35.660000000000004,4.976665285881137,0.5850645239743563,22.39662264307645,10.0,5.660000000000004,15.0,10.280996462404145
35.67,4.983042265277903,0.587200445108089,22.403904990707236,10.0,5.670000000000002,15.0,10.28700759884121
35.68,4.989423326648716,0.5893402230770416,22.41118332665982,10.0,5.68,15.0,10.293023553129268
35.69,4.9958084699935466,0.5914838578812536,22.418457650937906,10.0,5.689999999999998,15.0,10.299044307079804
35.7,5.002197695312378,0.593631349520769,22.42572796354499,10.0,5.700000000000003,15.0,10.305069842553811
35.71,5.008591002605189,0.5957826979956289,22.432994264484293,10.0,5.710000000000001,15.0,10.311100141461683
35.72,5.0149883918719595,0.5979379033058765,22.440256553758807,10.0,5.719999999999999,15.0,10.317135185763187
35.730000000000004,5.021389863112673,0.6000969654515561,22.44751483137128,10.0,5.730000000000004,15.0,10.323174957467387
35.74,5.027795416327282,0.6022598844327014,22.45476909732416,10.0,5.740000000000002,15.0,10.329219438632562
35.75,5.0342050515157615,0.6044266602493525,22.462019351619663,10.0,5.75,15.0,10.335268611366159
35.76,5.04061876867809,0.6065972929015522,22.469265594259774,10.0,5.759999999999998,15.0,10.341322457824745
35.77,5.047036567814246,0.6087717823893406,22.4765078252462,10.0,5.770000000000003,15.0,10.347380960213915
35.78,5.05345844892418,0.6109501287127502,22.48374604458038,10.0,5.780000000000001,15.0,10.35344410078824
35.79,5.059884412007861,0.6131323318718206,22.490980252263476,10.0,5.789999999999999,15.0,10.359511861851173
35.800000000000004,5.066314457065258,0.6153183918665884,22.49821044829643,10.0,5.800000000000004,15.0,10.36558422575505
35.81,5.072748584096321,0.6175083086970847,22.50543663267989,10.0,5.810000000000002,15.0,10.371661174900956
35.82,5.079186793101033,0.619702082363352,22.51265880541425,10.0,5.82,15.0,10.377742691738684
35.83,5.085629084079337,0.6218997128654176,22.519876966499623,10.0,5.829999999999998,15.0,10.38382875876667
35.84,5.092075457031201,0.6241012002033162,22.527091115935885,10.0,5.840000000000003,15.0,10.38991935853195
35.85,5.098525911956582,0.6263065443770822,22.53430125372262,10.0,5.850000000000001,15.0,10.396014473630029
35.86,5.1049804488554384,0.6285157453867467,22.54150737985915,10.0,5.859999999999999,15.0,10.402114086704872
35.87,5.111439067727726,0.6307288032323384,22.548709494344553,10.0,5.869999999999997,15.0,10.40821818044883
35.88,5.1179017685734,0.6329457179138888,22.555907597177608,10.0,5.880000000000003,15.0,10.414326737602545
35.89,5.124368551392407,0.6351664894314222,22.56310168835685,10.0,5.890000000000001,15.0,10.420439740954894
35.9,5.130839416184701,0.6373911177849678,22.57029176788054,10.0,5.899999999999999,15.0,10.426557173342932
35.910000000000004,5.137314362950237,0.639619602974554,22.577477835746688,10.0,5.910000000000004,15.0,10.432679017651818
35.92,5.143793391688949,0.6418519450002004,22.58465989195302,10.0,5.920000000000002,15.0,10.438805256814733
35.93,5.150276502400802,0.6440881438619357,22.59183793649703,10.0,5.93,15.0,10.444935873812833
35.94,5.156763695085731,0.6463281995597803,22.599011969375915,10.0,5.939999999999998,15.0,10.451070851675155
35.95,5.163254969743696,0.6485721120937595,22.606181990586645,10.0,5.950000000000003,15.0,10.45721017347857
35.96,5.169750326374632,0.650819881463892,22.613348000125914,10.0,5.960000000000001,15.0,10.463353822347704
35.97,5.176249764978491,0.6530715076701994,22.620509997990187,10.0,5.969999999999999,15.0,10.46950178145488
35.980000000000004,5.1827532855552105,0.6553269907126987,22.627667984175634,10.0,5.980000000000004,15.0,10.475654034020016
35.99,5.18926088810473,0.6575863305914046,22.634821958678195,10.0,5.990000000000002,15.0,10.481810563310582
36.0,5.195772572627008,0.6598495273063405,22.641971921493592,10.0,6.0,15.0,10.487971352641544
36.01,5.202288339121975,0.6621165808575186,22.64911787261726,10.0,6.009999999999998,15.0,10.494136385375255
36.02,5.20880818758957,0.6643874912449512,22.656259812044393,10.0,6.020000000000003,15.0,10.500305644921406
36.03,5.21533211802973,0.66666225846865,22.663397739769948,10.0,6.030000000000001,15.0,10.506479114736946
36.04,5.221860130442399,0.6689408825286285,22.67053165578865,10.0,6.039999999999999,15.0,10.512656778326022
36.050000000000004,5.228392224827524,0.6712233634249001,22.677661560095004,10.0,6.050000000000004,15.0,10.518838619239913
36.06,5.234928401185022,0.6735097011574664,22.684787452683256,10.0,6.060000000000002,15.0,10.525024621076945
36.07,5.241468659514851,0.6757998957263427,22.69190933354746,10.0,6.07,15.0,10.531214767482423
36.08,5.248012999816948,0.6780939471315358,22.699027202681407,10.0,6.079999999999998,15.0,10.537409042148546
36.09,5.254561422091238,0.6803918553730463,22.70614106007869,10.0,6.090000000000003,15.0,10.543607428814378
36.1,5.26111392633766,0.6826936204508799,22.71325090573267,10.0,6.100000000000001,15.0,10.549809911265717
36.11,5.267670512556152,0.6849992423650406,22.720356739636525,10.0,6.109999999999999,15.0,10.556016473335077
36.12,5.27423118074664,0.6873087211155268,22.727458561783177,10.0,6.119999999999997,15.0,10.562227098901575
36.13,5.280795930909072,0.6896220567023426,22.734556372165397,10.0,6.130000000000003,15.0,10.568441771890896
36.14,5.2873647630433736,0.6919392491254853,22.741650170775724,10.0,6.140000000000001,15.0,10.57466047627518
36.15,5.293937677149475,0.6942602983849505,22.748739957606514,10.0,6.149999999999999,15.0,10.580883196072987
36.160000000000004,5.300514673227337,0.6965852044807443,22.755825732649953,10.0,6.160000000000004,15.0,10.587109915349208
36.17,5.307095751276869,0.698913967412853,22.762907495898,10.0,6.170000000000002,15.0,10.59334061821497
36.18,5.313680911298002,0.7012465871812705,22.769985247342447,10.0,6.18,15.0,10.599575288827609
36.19,5.320270153290692,0.7035830637859962,22.777058986974936,10.0,6.189999999999998,15.0,10.605813911390554
36.2,5.326863477254862,0.7059233972270185,22.784128714786927,10.0,6.200000000000003,15.0,10.612056470153297
36.21,5.333460883190448,0.708267587504329,22.79119443076971,10.0,6.210000000000001,15.0,10.61830294941127
36.22,5.3400623710973845,0.7106156346179152,22.798256134914418,10.0,6.219999999999999,15.0,10.62455333350581
36.230000000000004,5.346667940975607,0.7129675385677666,22.805313827212032,10.0,6.230000000000004,15.0,10.630807606824074
36.24,5.353277592825047,0.7153232993538687,22.812367507653377,10.0,6.240000000000002,15.0,10.637065753798943
36.25,5.359891326645642,0.7176829169762077,22.81941717622916,10.0,6.25,15.0,10.643327758908997
36.26,5.366509142437318,0.720046391434765,22.826462832929927,10.0,6.259999999999998,15.0,10.6495936066784
36.27,5.373131040200029,0.722413722729531,22.833504477746136,10.0,6.270000000000003,15.0,10.655863281676847
36.28,5.379757019933688,0.7247849108604787,22.84054211066806,10.0,6.280000000000001,15.0,10.662136768519462
36.29,5.386387081638243,0.7271599558275927,22.847575731685907,10.0,6.289999999999999,15.0,10.66841405186676
36.300000000000004,5.393021225313628,0.7295388576308516,22.854605340789757,10.0,6.300000000000004,15.0,10.67469511642456
36.31,5.399659450959791,0.7319216162702388,22.861630937969597,10.0,6.310000000000002,15.0,10.680979946943891
36.32,5.406301758576657,0.734308231745726,22.868652523215278,10.0,6.32,15.0,10.687268528220933
36.33,5.412948148164165,0.7366987040572905,22.875670096516608,10.0,6.329999999999998,15.0,10.693560845096963
36.34,5.419598619722257,0.7390930332049086,22.882683657863286,10.0,6.340000000000003,15.0,10.69985688245824
36.35,5.426253173250882,0.7414912191885563,22.889693207244946,10.0,6.350000000000001,15.0,10.706156625235955
36.36,5.4329118087499655,0.7438932620082019,22.89669874465113,10.0,6.359999999999999,15.0,10.712460058406151
36.37,5.439574526219458,0.746299161663821,22.903700270071344,10.0,6.369999999999997,15.0,10.71876716698965
36.38,5.446241325659294,0.7487089181553825,22.910697783495007,10.0,6.380000000000003,15.0,10.72507793605197
36.39,5.452912207069418,0.7511225314828556,22.917691284911495,10.0,6.390000000000001,15.0,10.731392350703244
36.4,5.459587170523183,0.753540001715565,22.924680774238013,10.0,6.399999999999999,15.0,10.737710395977418
36.410000000000004,5.466266215873735,0.7559613287147765,22.931666251608547,10.0,6.410000000000004,15.0,10.744032057315478
36.42,5.472949343397441,0.7583865127416449,22.938647716743514,10.0,6.420000000000002,15.0,10.750357319508426
36.43,5.479636552688234,0.7608155534125085,22.945625170039666,10.0,6.43,15.0,10.75668616851815
36.44,5.486327843949161,0.7632484509192246,22.952598611300893,10.0,6.439999999999998,15.0,10.76301858935329
36.45,5.493023217180235,0.7656852052618217,22.95956804053384,10.0,6.450000000000003,15.0,10.769354567402981
36.46,5.499722672381473,0.7681258164403363,22.966533457746873,10.0,6.460000000000001,15.0,10.775694088101735
36.47,5.506426209552931,0.7705702844548161,22.973494862949334,10.0,6.469999999999999,15.0,10.782037136928794
36.480000000000004,5.513133828694638,0.7730186093053023,22.98045225615107,10.0,6.480000000000004,15.0,10.788383699407747
36.49,5.519845529806617,0.7754707909918305,22.987405637362244,10.0,6.490000000000002,15.0,10.794733761106267
36.5,5.526561312888931,0.7779268295144509,22.994355006593207,10.0,6.5,15.0,10.80108730763595
36.51,5.5332811779416105,0.7803867248732013,23.001300363854376,10.0,6.509999999999998,15.0,10.807444324652156
36.52,5.540005124964723,0.7828504770681298,23.008241709156238,10.0,6.520000000000003,15.0,10.813804797853898
36.53,5.546733153958294,0.7853180860992697,23.015179042509278,10.0,6.530000000000001,15.0,10.820168712983747
36.54,5.553465264922373,0.7877895519666599,23.022112363923927,10.0,6.539999999999999,15.0,10.826536055827686
36.550000000000004,5.560201457857026,0.7902648746703449,23.029041673410624,10.0,6.550000000000004,15.0,10.832906812215068
36.56,5.566941732762277,0.7927440542103519,23.03596697097971,10.0,6.560000000000002,15.0,10.83928096801848
36.57,5.573686089638192,0.7952270905867206,23.04288825664149,10.0,6.57,15.0,10.845658509153676
36.58,5.580434528484827,0.7977139837994872,23.049805530406196,10.0,6.579999999999998,15.0,10.852039421579489
36.59,5.58718704930222,0.8002047338486786,23.056718792283935,10.0,6.590000000000003,15.0,10.858423691297713
36.6,5.593943652090429,0.8026993407343266,23.06362804228476,10.0,6.600000000000001,15.0,10.864811304353038
36.61,5.600704336849507,0.8051978044564609,23.070533280418598,10.0,6.609999999999999,15.0,10.87120224683296
36.62,5.607469103579514,0.8077001250151116,23.077434506695294,10.0,6.619999999999997,15.0,10.877596504867688
36.63,5.6142379522805115,0.8102063024103061,23.08433172112456,10.0,6.630000000000003,15.0,10.88399406463005
36.64,5.621010882952541,0.812716336642065,23.091224923715966,10.0,6.640000000000001,15.0,10.890394912335402
36.65,5.627787895595662,0.8152302277104114,23.098114114478967,10.0,6.649999999999999,15.0,10.89679903424155
36.660000000000004,5.634568990209943,0.8177479756153727,23.104999293422917,10.0,6.660000000000004,15.0,10.90320641664868
36.67,5.6413541667954314,0.820269580356965,23.111880460556975,10.0,6.670000000000002,15.0,10.909617045899214
36.68,5.648143425352196,0.8227950419352106,23.11875761589017,10.0,6.68,15.0,10.916030908377767
36.69,5.6549367658802865,0.8253243603501227,23.125630759431385,10.0,6.689999999999998,15.0,10.922447990511056
36.7,5.661734188379763,0.8278575356017187,23.13249989118933,10.0,6.700000000000003,15.0,10.928868278767798
36.71,5.6685356928506785,0.8303945676900104,23.139365011172558,10.0,6.710000000000001,15.0,10.935291759658622
36.72,5.675341279293097,0.8329354566150112,23.146226119389432,10.0,6.719999999999999,15.0,10.941718419735977
36.730000000000004,5.6821509477070915,0.8354802023767378,23.153083215848177,10.0,6.730000000000004,15.0,10.948148245594076
36.74,5.688964698092705,0.8380288049751927,23.159936300556776,10.0,6.740000000000002,15.0,10.954581223868747
36.75,5.695782530450005,0.8405812644103882,23.166785373523073,10.0,6.75,15.0,10.961017341237413
36.76,5.702604444779052,0.8431375806823296,23.17363043475469,10.0,6.759999999999998,15.0,10.96745658441895
36.77,5.709430441079921,0.8456977537910289,23.180471484259073,10.0,6.770000000000003,15.0,10.97389894017364
36.78,5.716260519352648,0.8482617837364792,23.187308522043416,10.0,6.780000000000001,15.0,10.980344395303034
36.79,5.723094679597297,0.8508296705186843,23.19414154811473,10.0,6.789999999999999,15.0,10.986792936649902
36.800000000000004,5.729932921813947,0.8534014141376521,23.20097056247984,10.0,6.800000000000004,15.0,10.99324455109816
36.81,5.736775246002639,0.8559770145933749,23.207795565145304,10.0,6.810000000000002,15.0,10.999699225572726
36.82,5.74362165216344,0.8585564718858526,23.214616556117484,10.0,6.82,15.0,11.00615694703948
36.83,5.7504721402964165,0.8611397860150841,23.221433535402504,10.0,6.829999999999998,15.0,11.012617702505153
36.84,5.757326710401621,0.8637269569810613,23.228246503006247,10.0,6.840000000000003,15.0,11.019081479017249
36.85,5.764185362479094,0.8663179847837704,23.235055458934347,10.0,6.850000000000001,15.0,11.025548263663941
36.86,5.771048096528927,0.8689128694232159,23.241860403192256,10.0,6.859999999999999,15.0,11.032018043574022
36.87,5.777914912551159,0.8715116108993815,23.248661335785105,10.0,6.869999999999997,15.0,11.038490805916762
36.88,5.784785810545862,0.8741142092122602,23.255458256717837,10.0,6.880000000000003,15.0,11.044966537901884
36.89,5.791660790513084,0.8767206643618369,23.26225116599511,10.0,6.890000000000001,15.0,11.051445226779412
36.9,5.798539852452875,0.8793309763480947,23.269040063621322,10.0,6.899999999999999,15.0,11.057926859839633
36.910000000000004,5.805422996365313,0.8819451451710255,23.275824949600636,10.0,6.910000000000004,15.0,11.064411424412983
36.92,5.81231022225043,0.8845631708306038,23.282605823936926,10.0,6.920000000000002,15.0,11.070898907869969
36.93,5.819201530108288,0.8871850533268141,23.289382686633804,10.0,6.93,15.0,11.077389297621078
36.94,5.826096919938956,0.8898107926596414,23.296155537694652,10.0,6.939999999999998,15.0,11.083882581116711
36.95,5.832996391742472,0.8924403888290597,23.302924377122537,10.0,6.950000000000003,15.0,11.090378745847069
36.96,5.8398999455188925,0.8950738418350479,23.309689204920275,10.0,6.960000000000001,15.0,11.09687777934207
36.97,5.846807581268268,0.8977111516775806,23.316450021090404,10.0,6.969999999999999,15.0,11.103379669171279
36.980000000000004,5.853719298990662,0.9003523183566378,23.323206825635186,10.0,6.980000000000004,15.0,11.109884402943813
36.99,5.860635098686118,0.9029973418721893,23.329959618556593,10.0,6.990000000000002,15.0,11.116391968308236
37.0,5.867554980354682,0.9056462222242058,23.336708399856334,10.0,7.0,15.0,11.122902352952517
37.01,5.874478943996409,0.9082989594126618,23.343453169535827,10.0,7.009999999999998,15.0,11.129415544603903
37.02,5.881406989611356,0.9109555534375278,23.35019392759621,10.0,7.020000000000003,15.0,11.135931531028852
37.03,5.88833911719954,0.9136160042987619,23.356930674038313,10.0,7.030000000000001,15.0,11.142450300032941
37.04,5.895275326761027,0.9162803119963366,23.363663408862706,10.0,7.039999999999999,15.0,11.148971839460776
37.050000000000004,5.902215618295868,0.9189484765302215,23.370392132069696,10.0,7.050000000000004,15.0,11.155496137195948
37.06,5.909159991804097,0.9216204979003769,23.377116843659255,10.0,7.060000000000002,15.0,11.162023181160873
37.07,5.916108447285762,0.9242963761067664,23.383837543631106,10.0,7.07,15.0,11.16855295931678
37.08,5.9230609847409035,0.9269761111493513,23.39055423198465,10.0,7.079999999999998,15.0,11.175085459663567
37.09,5.9300176041695645,0.929659703028094,23.39726690871904,10.0,7.090000000000003,15.0,11.181620670239775
37.1,5.936978305571794,0.9323471517429558,23.40397557383311,10.0,7.100000000000001,15.0,11.18815857912244
37.11,5.943943088947607,0.9350384572938863,23.41068022732543,10.0,7.109999999999999,15.0,11.194699174427077
37.12,5.950911954297043,0.9377336196808449,23.417380869194258,10.0,7.119999999999997,15.0,11.201242444307532
37.13,5.957884901620165,0.9404326389037967,23.4240774994376,10.0,7.130000000000003,15.0,11.207788376955934
37.14,5.964861930916993,0.9431355149626911,23.430770118053157,10.0,7.140000000000001,15.0,11.214336960602607
37.15,5.971843042187557,0.94584224785748,23.437458725038358,10.0,7.149999999999999,15.0,11.220888183515992
37.160000000000004,5.97882823543189,0.9485528375881174,23.444143320390324,10.0,7.160000000000004,15.0,11.227442034002536
37.17,5.985817510650027,0.9512672841545556,23.450823904105953,10.0,7.170000000000002,15.0,11.233998500406656
37.18,5.992810867841997,0.953985587556746,23.4575004761818,10.0,7.18,15.0,11.240557571110594
37.19,5.999808307007828,0.9567077477946387,23.46417303661419,10.0,7.189999999999998,15.0,11.247119234534399
37.2,6.0068098281475555,0.9594337648681848,23.47084158539915,10.0,7.200000000000003,15.0,11.253683479135791
37.21,6.013815431261198,0.9621636387773306,23.477506122532446,10.0,7.210000000000001,15.0,11.260250293410115
37.22,6.02082511634878,0.9648973695220228,23.484166648009563,10.0,7.219999999999999,15.0,11.266819665890237
37.230000000000004,6.0278388834103245,0.9676349571022091,23.490823161825737,10.0,7.230000000000004,15.0,11.273391585146488
37.24,6.034856732445853,0.970376401517834,23.497475663975923,10.0,7.240000000000002,15.0,11.279966039786535
37.25,6.041878663455387,0.9731217027688435,23.504124154454814,10.0,7.25,15.0,11.286543018455342
37.26,6.048904676438947,0.9758708608551836,23.510768633256873,10.0,7.259999999999998,15.0,11.293122509835092
37.27,6.055934771396544,0.9786238757767952,23.51740910037627,10.0,7.270000000000003,15.0,11.299704502645065
37.28,6.062968948328198,0.9813807475336234,23.524045555806946,10.0,7.280000000000001,15.0,11.306288985641586
37.29,6.07000720723392,0.9841414761256094,23.530677999542608,10.0,7.289999999999999,15.0,11.312875947617957
37.300000000000004,6.077049548113731,0.9869060615526981,23.537306431576674,10.0,7.300000000000004,15.0,11.319465377404326
37.31,6.084095970967628,0.9896745038148265,23.54393085190237,10.0,7.310000000000002,15.0,11.326057263867666
37.32,6.091146475795638,0.9924468029119412,23.550551260512673,10.0,7.32,15.0,11.332651595911658
37.33,6.0982010625977425,0.9952229588439743,23.557167657400306,10.0,7.329999999999998,15.0,11.339248362476619
37.34,6.1052597313739785,0.9980029716108763,23.563780042557795,10.0,7.340000000000003,15.0,11.345847552539423
37.35,6.112322482124332,1.000786841212582,23.570388415977423,10.0,7.350000000000001,15.0,11.352449155113414
37.36,6.119389314848815,1.0035745676490315,23.576992777651277,10.0,7.359999999999999,15.0,11.359053159248349
37.37,6.126460229547419,1.0063661509201618,23.583593127571195,10.0,7.369999999999997,15.0,11.365659554030287
37.38,6.1335352262201654,1.0091615910259213,23.590189465728873,10.0,7.380000000000003,15.0,11.372268328581551
37.39,6.140614304867029,1.0119608879662378,23.596781792115728,10.0,7.390000000000001,15.0,11.378879472060593
37.4,6.147697465488012,1.0147640417410548,23.60337010672303,10.0,7.399999999999999,15.0,11.385492973661965
37.410000000000004,6.154784708083124,1.017571052350314,23.609954409541857,10.0,7.410000000000004,15.0,11.392108822616223
37.42,6.161876032652354,1.0203819197939537,23.61653470056308,10.0,7.420000000000002,15.0,11.398727008189828
37.43,6.16897143919568,1.0231966440719067,23.623110979777397,10.0,7.43,15.0,11.405347519685114
37.44,6.1760709277131,1.0260152251841148,23.62968324717534,10.0,7.439999999999998,15.0,11.411970346440164
37.45,6.183174498204611,1.0288376631305194,23.636251502747264,10.0,7.450000000000003,15.0,11.418595477828749
37.46,6.190282150670185,1.031663957911054,23.642815746483365,10.0,7.460000000000001,15.0,11.42522290326026
37.47,6.197393885109819,1.0344941095256628,23.64937597837371,10.0,7.469999999999999,15.0,11.431852612179629
37.480000000000004,6.204509701523505,1.037328117974286,23.655932198408177,10.0,7.480000000000004,15.0,11.438484594067234
37.49,6.211629599911202,1.0401659832568557,23.66248440657652,10.0,7.490000000000002,15.0,11.44511883843883
37.5,6.218753580272908,1.0430077053733173,23.66903260286835,10.0,7.5,15.0,11.45175533484547
37.51,6.2258816426086145,1.0458532843236144,23.67557678727316,10.0,7.509999999999998,15.0,11.458394072873448
37.52,6.2330137869182725,1.0487027201076784,23.682116959780306,10.0,7.520000000000003,15.0,11.4650350421442
37.53,6.240150013201866,1.051556012725452,23.688653120379044,10.0,7.530000000000001,15.0,11.471678232314233
37.54,6.247290321459378,1.05441316217688,23.695185269058502,10.0,7.539999999999999,15.0,11.478323633075037
37.550000000000004,6.254434711690789,1.0572741684619065,23.701713405807737,10.0,7.550000000000004,15.0,11.48497123415305
37.56,6.261583183896053,1.0601390315804673,23.708237530615683,10.0,7.560000000000002,15.0,11.491621025309529
37.57,6.268735738075151,1.0630077515325074,23.71475764347119,10.0,7.57,15.0,11.498272996340502
37.58,6.2758923742280475,1.0658803283179696,23.721273744363053,10.0,7.579999999999998,15.0,11.504927137076702
37.59,6.283053092354724,1.0687567619368026,23.727785833279967,10.0,7.590000000000003,15.0,11.511583437383464
37.6,6.290217892455139,1.0716370523889485,23.73429391021057,10.0,7.600000000000001,15.0,11.51824188716066
37.61,6.297386774529245,1.0745211996743467,23.740797975143426,10.0,7.609999999999999,15.0,11.524902476342627
37.62,6.304559738577012,1.0774092037929464,23.747298028067068,10.0,7.619999999999997,15.0,11.531565194898098
37.63,6.311736784742311,1.0803010648806606,23.753794068828615,10.0,7.630000000000003,15.0,11.53823003259969
37.64,6.318917912946645,1.0831967828633096,23.76028609749495,10.0,7.640000000000001,15.0,11.544896979611488
37.65,6.326103122915218,1.0860963574812368,23.76677411433021,10.0,7.649999999999999,15.0,11.55156602644917
37.660000000000004,6.333292414857389,1.0889997889322387,23.77325811912949,10.0,7.660000000000004,15.0,11.558237162892379
37.67,6.340485788773173,1.0919070772163302,23.779738111898446,10.0,7.670000000000002,15.0,11.564910379093728
37.68,6.347683244662615,1.0948182223335405,23.786214092645324,10.0,7.68,15.0,11.571585665241729
37.69,6.354884782525751,1.0977332242839029,23.79268606137971,10.0,7.689999999999998,15.0,11.578263011559795
37.7,6.36209040236265,1.1006520830674655,23.799154018112006,10.0,7.700000000000003,15.0,11.584942408305722
37.71,6.369300104173334,1.1035747986842621,23.80561796285301,10.0,7.710000000000001,15.0,11.591623845771354
37.72,6.376513887957863,1.1065013711343419,23.8120778956138,10.0,7.719999999999999,15.0,11.598307314282351
37.730000000000004,6.383731753716275,1.1094318004177464,23.818533816405587,10.0,7.730000000000004,15.0,11.604992804198059
37.74,6.3909537014486295,1.1123660865345268,23.824985725239646,10.0,7.740000000000002,15.0,11.611680305911309
37.75,6.398179731154952,1.1153042294847253,23.831433622127257,10.0,7.75,15.0,11.61836980984837
37.76,6.405409842835297,1.118246229268394,23.837877507079714,10.0,7.759999999999998,15.0,11.625061306468812
37.77,6.412644036489703,1.1211920858855793,23.844317380108286,10.0,7.770000000000003,15.0,11.631754786265441
37.78,6.419882312118219,1.124141799336334,23.850753241224165,10.0,7.780000000000001,15.0,11.638450239764135
37.79,6.4271246697208735,1.1270953696207058,23.857185090438488,10.0,7.789999999999999,15.0,11.645147657523834
37.800000000000004,6.434371109297721,1.1300527967387484,23.863612927762333,10.0,7.800000000000004,15.0,11.651847030136421
37.81,6.44162163084877,1.1330140806905042,23.870036753206644,10.0,7.810000000000002,15.0,11.658548348226606
37.82,6.448876234374086,1.1359792214760358,23.876456566782327,10.0,7.82,15.0,11.665251602451889
37.83,6.456134919873681,1.1389482190953852,23.882872368500134,10.0,7.829999999999998,15.0,11.671956783502443
37.84,6.463397687347597,1.141921073548609,23.889284158370728,10.0,7.840000000000003,15.0,11.678663882101043
37.85,6.470664536795864,1.1448977848357593,23.895691936404646,10.0,7.850000000000001,15.0,11.685372889002961
37.86,6.477935468218513,1.147878352956888,23.9020957026123,10.0,7.859999999999999,15.0,11.692083794995922
37.87,6.4852104816155665,1.1508627779120473,23.90849545700396,10.0,7.869999999999997,15.0,11.698796590899981
37.88,6.492489576987072,1.1538510597012979,23.91489119958975,10.0,7.880000000000003,15.0,11.705511267567449
37.89,6.499772754333022,1.156843198324681,23.921282930379636,10.0,7.890000000000001,15.0,11.712227815882814
37.9,6.5070600136534615,1.1598391937822587,23.927670649383465,10.0,7.899999999999999,15.0,11.718946226762682
37.910000000000004,6.514351354948398,1.16283904607408,23.934054356610876,10.0,7.910000000000004,15.0,11.725666491155648
37.92,6.52164677821786,1.1658427552002015,23.94043405207136,10.0,7.920000000000002,15.0,11.732388600042233
37.93,6.528946283461851,1.1688503211606716,23.94680973577421,10.0,7.93,15.0,11.739112544434805
37.94,6.5362498706804,1.1718617439555497,23.95318140772857,10.0,7.939999999999998,15.0,11.745838315377515
37.95,6.543557539873517,1.1748770235848875,23.959549067943374,10.0,7.950000000000003,15.0,11.752565903946177
37.96,6.550869291041214,1.177896160048741,23.965912716427365,10.0,7.960000000000001,15.0,11.759295301248203
37.97,6.558185124183507,1.180919153347164,23.97227235318908,10.0,7.969999999999999,15.0,11.766026498422532
37.980000000000004,6.5655050393004055,1.1839460034802138,23.978627978236865,10.0,7.980000000000004,15.0,11.772759486639544
37.99,6.572829036391901,1.1869767104479365,23.98497959157882,10.0,7.990000000000002,15.0,11.779494257100946
38.0,6.58015711545802,1.1900112742503968,23.99132719322287,10.0,8.0,15.0,11.786230801039753
38.01,6.587489276498743,1.1930496948876377,23.997670783176662,10.0,8.009999999999998,15.0,11.792969109720143
38.02,6.594825519514074,1.1960919723597154,24.004010361447662,10.0,8.020000000000003,15.0,11.799709174437437
38.03,6.602165844504017,1.199138106666684,24.01034592804308,10.0,8.030000000000001,15.0,11.806450986517957
38.04,6.609510251468577,1.2021880978086001,24.016677482969886,10.0,8.04,15.0,11.813194537318989
38.050000000000004,6.616858740407743,1.2052419457855164,24.023005026234816,10.0,8.050000000000004,15.0,11.8199398182287
38.06,6.6242113113215035,1.2082996505974843,24.029328557844348,10.0,8.060000000000002,15.0,11.826686820666037
38.07,6.631567964209863,1.211361212244559,24.03564807780471,10.0,8.07,15.0,11.833435536080662
38.08,6.638928699072795,1.2144266307267892,24.041963586121863,10.0,8.079999999999998,15.0,11.840185955952876
38.09,6.646293515910297,1.217495906044229,24.04827508280152,10.0,8.090000000000003,15.0,11.84693807179353
38.1,6.653662414722342,1.220569038196927,24.05458256784911,10.0,8.100000000000001,15.0,11.853691875143948
38.11,6.661035395508922,1.2236460271849359,24.060886041269807,10.0,8.11,15.0,11.860447357575856
38.12,6.6684124582700255,1.2267268730083103,24.0671855030685,10.0,8.119999999999997,15.0,11.867204510691291
38.13,6.675793603005636,1.2298115756671015,24.07348095324983,10.0,8.130000000000003,15.0,11.873963326122558
38.14,6.683178829715703,1.232900135161346,24.07977239181809,10.0,8.14,15.0,11.880723795532083
38.15,6.690568138400229,1.235992551491108,24.08605981877736,10.0,8.149999999999999,15.0,11.887485910612414
38.160000000000004,6.69796152905918,1.2390888246564304,24.092343234131405,10.0,8.160000000000004,15.0,11.894249663086104
38.17,6.705359001692523,1.2421889546573595,24.098622637883693,10.0,8.170000000000002,15.0,11.901015044705623
38.18,6.712760556300228,1.2452929414939418,24.104898030037404,10.0,8.18,15.0,11.907782047253315
38.19,6.720166192882283,1.2484007851662324,24.111169410595426,10.0,8.189999999999998,15.0,11.91455066254128
38.2,6.727575911438647,1.2515124856742728,24.11743677956035,10.0,8.200000000000003,15.0,11.921320882411353
38.21,6.734989711969265,1.2546280430181018,24.123700136934456,10.0,8.21,15.0,11.928092698734973
38.22,6.742407594474129,1.257747457197775,24.12995948271975,10.0,8.219999999999999,15.0,11.93486610341315
38.230000000000004,6.749829558953178,1.2608707282133256,24.136214816917896,10.0,8.230000000000004,15.0,11.94164108837636
38.24,6.757255605406395,1.2639978560648066,24.142466139530292,10.0,8.240000000000002,15.0,11.948417645584481
38.25,6.764685733833715,1.2671288407522494,24.148713450557985,10.0,8.25,15.0,11.955195767026723
38.26,6.772119944235101,1.2702636822756992,24.154956750001766,10.0,8.259999999999998,15.0,11.961975444721569
38.27,6.779558236610528,1.2734023806352042,24.1611960378621,10.0,8.270000000000003,15.0,11.96875667071666
38.28,6.78700061095993,1.2765449358307932,24.167431314139126,10.0,8.280000000000001,15.0,11.975539437088743
38.29,6.794447067283253,1.2796913478625023,24.17366257883268,10.0,8.29,15.0,11.98232373594362
38.300000000000004,6.801897605580466,1.2828416167303776,24.179889831942305,10.0,8.300000000000004,15.0,11.98910955941603
38.31,6.809352225851503,1.285995742434448,24.186113073467226,10.0,8.310000000000002,15.0,11.995896899669622
38.32,6.816810928096328,1.289153724974755,24.192332303406356,10.0,8.32,15.0,12.002685748896843
38.33,6.824273712314877,1.2923155643513284,24.1985475217583,10.0,8.329999999999998,15.0,12.009476099318888
38.34,6.831740578507105,1.2954812605642048,24.204758728521362,10.0,8.340000000000003,15.0,12.016267943185639
38.35,6.83921152667294,1.2986508136134083,24.210965923693518,10.0,8.350000000000001,15.0,12.023061272775552
38.36,6.846686556812326,1.3018242234989716,24.217169107272447,10.0,8.36,15.0,12.029856080395623
38.37,6.854165668925215,1.3050014902209273,24.22336827925554,10.0,8.369999999999997,15.0,12.036652358381316
38.38,6.861648863011549,1.3081826137793044,24.229563439639872,10.0,8.380000000000003,15.0,12.04345009909648
38.39,6.869136139071249,1.3113675941741216,24.2357545884222,10.0,8.39,15.0,12.050249294933266
38.4,6.876627497104266,1.3145564314054108,24.241941725599016,10.0,8.399999999999999,15.0,12.057049938312096
38.410000000000004,6.8841229371105435,1.317749125473198,24.248124851166477,10.0,8.410000000000004,15.0,12.063852021681543
38.42,6.891622459089996,1.3209456763774985,24.25430396512045,10.0,8.420000000000002,15.0,12.070655537518299
38.43,6.89912606304257,1.324146084118338,24.260479067456526,10.0,8.43,15.0,12.077460478327101
38.44,6.906633748968186,1.3273503486957317,24.266650158169984,10.0,8.439999999999998,15.0,12.084266836640653
38.45,6.914145516866801,1.3305584701097086,24.272817237255847,10.0,8.450000000000003,15.0,12.091074605019566
38.46,6.921661366738324,1.3337704483602761,24.278980304708796,10.0,8.46,15.0,12.097883776052257
38.47,6.929181298582694,1.3369862834474546,24.285139360523285,10.0,8.469999999999999,15.0,12.104694342354943
38.480000000000004,6.936705312399854,1.3402059753712647,24.291294404693467,10.0,8.480000000000004,15.0,12.111506296571523
38.49,6.944233408189713,1.34342952413171,24.29744543721319,10.0,8.490000000000002,15.0,12.11831963137351
38.5,6.951765585952209,1.3466569297288074,24.303592458076068,10.0,8.5,15.0,12.125134339459999
38.51,6.959301845687269,1.3498881921625654,24.30973546727543,10.0,8.509999999999998,15.0,12.13195041355758
38.52,6.966842187394812,1.3531233114329912,24.315874464804352,10.0,8.520000000000003,15.0,12.138767846420283
38.53,6.974386611074776,1.3563622875400958,24.32200945065563,10.0,8.530000000000001,15.0,12.145586630829467
38.54,6.981935116727079,1.3596051204838826,24.32814042482182,10.0,8.54,15.0,12.152406759593816
38.550000000000004,6.9894877043516574,1.3628518102643614,24.334267387295235,10.0,8.550000000000004,15.0,12.159228225549251
38.56,6.997044373948432,1.3661023568815327,24.340390338067916,10.0,8.560000000000002,15.0,12.166051021558832
38.57,7.00460512551731,1.369356760335392,24.34650927713166,10.0,8.57,15.0,12.172875140512735
38.58,7.0121699590582365,1.3726150206259478,24.352624204478065,10.0,8.579999999999998,15.0,12.179700575328184
38.59,7.019738874571129,1.3758771377531958,24.35873512009845,10.0,8.590000000000003,15.0,12.18652731894935
38.6,7.027311872055904,1.3791431117171313,24.364842023983943,10.0,8.600000000000001,15.0,12.193355364347322
38.61,7.034888951512499,1.3824129425177554,24.370944916125445,10.0,8.61,15.0,12.200184704520044
38.62,7.042470112940825,1.3856866301550579,24.377043796513632,10.0,8.619999999999997,15.0,12.207015332492226
38.63,7.050055356340816,1.3889641746290349,24.383138665138976,10.0,8.630000000000003,15.0,12.213847241315301
38.64,7.05764468171238,1.3922455759396735,24.38922952199175,10.0,8.64,15.0,12.22068042406735
38.65,7.065238089055461,1.3955308340869708,24.395316367062033,10.0,8.649999999999999,15.0,12.227514873853044
38.660000000000004,7.0728355783699755,1.3988199490709134,24.401399200339693,10.0,8.660000000000004,15.0,12.23435058380358
38.67,7.08043714965583,1.4021129208914804,24.407478021814434,10.0,8.670000000000002,15.0,12.241187547076631
38.68,7.088042802912967,1.4054097495486677,24.41355283147578,10.0,8.68,15.0,12.248025756856254
38.69,7.095652538141306,1.4087104350424566,24.41962362931307,10.0,8.689999999999998,15.0,12.254865206352852
38.7,7.103266355340774,1.4120149773728308,24.425690415315493,10.0,8.700000000000003,15.0,12.261705888803117
38.71,7.110884254511291,1.4153233765397695,24.431753189472083,10.0,8.71,15.0,12.26854779746995
38.72,7.118506235652776,1.4186356325432525,24.437811951771707,10.0,8.719999999999999,15.0,12.275390925642403
38.730000000000004,7.126132298765161,1.4219517453832602,24.443866702203113,10.0,8.730000000000004,15.0,12.282235266635645
38.74,7.13376244384838,1.4252717150597736,24.449917440754895,10.0,8.740000000000002,15.0,12.289080813790841
38.75,7.141396670902341,1.4285955415727614,24.455964167415516,10.0,8.75,15.0,12.295927560475164
38.76,7.149034979926979,1.4319232249222025,24.462006882173338,10.0,8.759999999999998,15.0,12.302775500081685
38.77,7.156677370922225,1.435254765108071,24.46804558501659,10.0,8.770000000000003,15.0,12.309624626029333
38.78,7.164323843888008,1.438590162130339,24.4740802759334,10.0,8.780000000000001,15.0,12.316474931762814
38.79,7.171974398824248,1.4419294159889742,24.480110954911794,10.0,8.79,15.0,12.323326410752586
38.800000000000004,7.179629035730889,1.4452725266839528,24.486137621939736,10.0,8.800000000000004,15.0,12.330179056494787
38.81,7.187287754607844,1.4486194942152355,24.49216027700506,10.0,8.810000000000002,15.0,12.337032862511137
38.82,7.19495055545505,1.4519703185827912,24.498178920095558,10.0,8.82,15.0,12.343887822348943
38.83,7.20261743827244,1.4553249997865867,24.504193551198945,10.0,8.829999999999998,15.0,12.350743929580991
38.84,7.210288403059957,1.4586835378265917,24.51020417030289,10.0,8.840000000000003,15.0,12.357601177805526
38.85,7.2179634498833805,1.4620459327649906,24.51621077733024,10.0,8.850000000000001,15.0,12.3644595605443
38.86,7.22564257861093,1.4654121844772927,24.522213372398465,10.0,8.86,15.0,12.371319071650268
38.87,7.233325789505962,1.468782293212342,24.528211955239446,10.0,8.869999999999997,15.0,12.378179704393043
38.88,7.241013082173376,1.472156258596859,24.534206526238616,10.0,8.880000000000003,15.0,12.385041453089901
38.89,7.248704456810697,1.4755340808174982,24.540197085205676,10.0,8.89,15.0,12.391904311172638
38.9,7.256399913417964,1.4789157598743021,24.54618363214832,10.0,8.899999999999999,15.0,12.398768272406393
38.910000000000004,7.264099451995218,1.4823012957673187,24.55216616707628,10.0,8.910000000000004,15.0,12.405633330582905
38.92,7.271803072542486,1.4856906884965924,24.55814469000036,10.0,8.920000000000002,15.0,12.412499479519708
38.93,7.279510775059822,1.489083938062175,24.564119200932026,10.0,8.93,15.0,12.419366713059752
38.94,7.2872225595472635,1.4924810444641137,24.57008969988309,10.0,8.939999999999998,15.0,12.42623502507111
38.95,7.2949384260048715,1.4958820077024622,24.57605618686557,10.0,8.950000000000003,15.0,12.433104409446795
38.96,7.302658374432681,1.4992868277772635,24.582018661891585,10.0,8.96,15.0,12.439974860104606
38.97,7.310382404830761,1.502695504688572,24.58797712497333,10.0,8.969999999999999,15.0,12.446846370987073
38.980000000000004,7.318110517199163,1.5061080384364331,24.59393157612297,10.0,8.980000000000004,15.0,12.453718936061295
38.99,7.325842711537924,1.509524429020884,24.59988201535265,10.0,8.990000000000002,15.0,12.460592549318893
39.0,7.333578987847113,1.5129446764419723,24.605828442674493,10.0,9.0,15.0,12.467467204775929
39.01,7.34131934612679,1.5163687806997421,24.611770858100552,10.0,9.009999999999998,15.0,12.47434289647283
39.02,7.349063786377011,1.5197967417942342,24.61770926164279,10.0,9.020000000000003,15.0,12.481219618474299
39.03,7.356812308597825,1.5232285597254822,24.623643653313092,10.0,9.030000000000001,15.0,12.488097364869258
39.04,7.364564912789303,1.5266642344935268,24.629574033123234,10.0,9.04,15.0,12.494976129770766
39.050000000000004,7.37232159895151,1.5301037660984051,24.63550040108489,10.0,9.050000000000004,15.0,12.501855907315973
39.06,7.380082367084505,1.533547154540151,24.64142275720962,10.0,9.060000000000002,15.0,12.508736691666021
39.07,7.3878472171883445,1.5369943998187932,24.64734110150885,10.0,9.07,15.0,12.515618477006004
39.08,7.395616149263106,1.5404455019343672,24.65325543399388,10.0,9.079999999999998,15.0,12.522501257544883
39.09,7.403389163308851,1.5439004608869007,24.659165754675843,10.0,9.090000000000003,15.0,12.529385027515415
39.1,7.4111662593256264,1.5473592766764133,24.665072063565734,10.0,9.100000000000001,15.0,12.536269781174093
39.11,7.418947437313525,1.5508219493029392,24.670974360674418,10.0,9.11,15.0,12.543155512801098
39.12,7.42673269727259,1.5542884787664946,24.676872646012548,10.0,9.119999999999997,15.0,12.550042216700199
39.13,7.434522039202909,1.557758865067108,24.68276691959064,10.0,9.130000000000003,15.0,12.556929887198711
39.14,7.442315463104532,1.561233108204791,24.68865718141901,10.0,9.14,15.0,12.563818518647409
39.15,7.450112968977543,1.5647112081795693,24.694543431507817,10.0,9.149999999999999,15.0,12.570708105420495
39.160000000000004,7.457914556822014,1.568193164991461,24.700425669866977,10.0,9.160000000000004,15.0,12.577598641915475
39.17,7.465720226637995,1.5716789786404717,24.706303896506228,10.0,9.170000000000002,15.0,12.584490122553152
39.18,7.473529978425571,1.575168649126621,24.712178111435115,10.0,9.18,15.0,12.591382541777541
39.19,7.481343812184806,1.5786621764499176,24.71804831466295,10.0,9.189999999999998,15.0,12.598275894055792
39.2,7.489161727915783,1.5821595606103767,24.723914506198863,10.0,9.200000000000003,15.0,12.605170173878156
39.21,7.496983725618555,1.585660801607998,24.72977668605168,10.0,9.21,15.0,12.612065375757847
39.22,7.504809805293187,1.5891658994427846,24.735634854230053,10.0,9.219999999999999,15.0,12.618961494231087
39.230000000000004,7.512639966939772,1.5926748541147535,24.741489010742413,10.0,9.230000000000004,15.0,12.625858523856971
39.24,7.520474210558354,1.5961876656238934,24.747339155596894,10.0,9.240000000000002,15.0,12.632756459217399
39.25,7.528312536149016,1.5997043339702106,24.7531852888014,10.0,9.25,15.0,12.63965529491704
39.26,7.53615494371183,1.603224859153705,24.759027410363593,10.0,9.259999999999998,15.0,12.646555025583266
39.27,7.544001433246873,1.606749241174377,24.76486552029086,10.0,9.270000000000003,15.0,12.653455645866083
39.28,7.551852004754198,1.6102774800322142,24.77069961859032,10.0,9.280000000000001,15.0,12.66035715043806
39.29,7.559706658233878,1.6138095757272135,24.776529705268832,10.0,9.29,15.0,12.667259533994287
39.300000000000004,7.567565393686,1.6173455282593752,24.782355780332974,10.0,9.300000000000004,15.0,12.674162791252295
39.31,7.575428211110606,1.6208853376286767,24.788177843789025,10.0,9.310000000000002,15.0,12.681066916951997
39.32,7.583295110507779,1.6244290038351143,24.79399589564302,10.0,9.32,15.0,12.687971905855647
39.33,7.591166091877567,1.6279765268786661,24.79980993590066,10.0,9.329999999999998,15.0,12.694877752747749
39.34,7.5990411552200765,1.6315279067593353,24.805619964567402,10.0,9.340000000000003,15.0,12.701784452435017
39.35,7.6069203005353305,1.6350831434770863,24.811425981648345,10.0,9.350000000000001,15.0,12.708691999746296
39.36,7.61480352782342,1.6386422370319123,24.817227987148332,10.0,9.36,15.0,12.715600389532522
39.37,7.622690837084402,1.6422051874237904,24.82302598107189,10.0,9.369999999999997,15.0,12.722509616666656
39.38,7.630582228318347,1.6457719946527014,24.828819963423225,10.0,9.380000000000003,15.0,12.729419676043612
39.39,7.638477701525298,1.6493426587186135,24.834609934206245,10.0,9.39,15.0,12.736330562580214
39.4,7.646377256705338,1.65291717962151,24.840395893424553,10.0,9.399999999999999,15.0,12.743242271215134
39.410000000000004,7.65428089385852,1.656495557361362,24.84617784108141,10.0,9.410000000000004,15.0,12.750154796908816
39.42,7.662188612984902,1.660077791938141,24.85195577717978,10.0,9.420000000000002,15.0,12.757068134643442
39.43,7.670100414084551,1.6636638833518205,24.857729701722295,10.0,9.43,15.0,12.763982279422862
39.44,7.678016297157523,1.6672538316023668,24.863499614711262,10.0,9.439999999999998,15.0,12.770897226272528
39.45,7.685936262203885,1.670847636689752,24.86926551614867,10.0,9.450000000000003,15.0,12.777812970239454
39.46,7.693860309223674,1.674445298613934,24.875027406036164,10.0,9.46,15.0,12.784729506392145
39.47,7.701788438216959,1.6780468173748815,24.880785284375076,10.0,9.469999999999999,15.0,12.791646829820545
39.480000000000004,7.709720649183803,1.6816521929725607,24.8865391511664,10.0,9.480000000000004,15.0,12.79856493563598
39.49,7.717656942124239,1.6852614254069243,24.892289006410795,10.0,9.490000000000002,15.0,12.805483818971103
39.5,7.725597317038333,1.6888745146779378,24.8980348501086,10.0,9.5,15.0,12.812403474979838
39.51,7.73354177392613,1.6924914607855586,24.90377668225982,10.0,9.509999999999998,15.0,12.81932389883733
39.52,7.74149031278769,1.6961122637297446,24.90951450286412,10.0,9.520000000000003,15.0,12.826245085739876
39.53,7.749442933623051,1.699736923510449,24.91524831192083,10.0,9.530000000000001,15.0,12.83316703090487
39.54,7.757399636432266,1.703365440127627,24.92097810942895,10.0,9.54,15.0,12.840089729570764
39.550000000000004,7.765360421215381,1.706997813581232,24.92670389538715,10.0,9.550000000000004,15.0,12.847013176997008
39.56,7.773325287972425,1.710634043871207,24.93242566979374,10.0,9.560000000000002,15.0,12.85393736846397
39.57,7.781294236703468,1.7142741309975154,24.938143432646765,10.0,9.57,15.0,12.860862299272943
39.58,7.789267267408543,1.7179180749601002,24.94385718394386,10.0,9.579999999999998,15.0,12.86778796474601
39.59,7.797244380087687,1.7215658757589087,24.94956692368238,10.0,9.590000000000003,15.0,12.874714360226072
39.6,7.805225574740938,1.7252175333938864,24.955272651859335,10.0,9.600000000000001,15.0,12.881641481076732
39.61,7.813210851368334,1.7288730478649785,24.960974368471412,10.0,9.61,15.0,12.888569322682276
39.62,7.821200209969908,1.732532419172127,24.96667207351496,10.0,9.619999999999997,15.0,12.89549788044761
39.63,7.829193650545717,1.7361956473152835,24.972365766986044,10.0,9.630000000000003,15.0,12.902427149798228
39.64,7.837191173095764,1.7398627322943772,24.978055448880333,10.0,9.64,15.0,12.90935712618009
39.65,7.845192777620086,1.7435336741093523,24.98374111919325,10.0,9.649999999999999,15.0,12.916287805059683
39.660000000000004,7.853198464118746,1.7472084727601624,24.98942277791989,10.0,9.660000000000004,15.0,12.923219181923887
39.67,7.861208232591724,1.7508871282467258,24.995100425054993,10.0,9.670000000000002,15.0,12.930151252279934
39.68,7.869222083039072,1.7545696405689897,25.00077406059302,10.0,9.68,15.0,12.937084011655381
39.69,7.87724001546082,1.758256009726893,25.006443684528133,10.0,9.689999999999998,15.0,12.944017455598058
39.7,7.885262029856986,1.761946235720372,25.012109296854163,10.0,9.700000000000003,15.0,12.950951579675996
39.71,7.893288126227592,1.7656403185493594,25.017770897564663,10.0,9.71,15.0,12.957886379477392
39.72,7.901318304572639,1.7693382582137829,25.023428486652875,10.0,9.719999999999999,15.0,12.96482185061057
39.730000000000004,7.909352564892174,1.77304005471359,25.029082064111783,10.0,9.730000000000004,15.0,12.97175798870392
39.74,7.917390907186191,1.7767457080487026,25.034731629934022,10.0,9.740000000000002,15.0,12.978694789405823
39.75,7.925433331454717,1.7804552182190585,25.040377184112,10.0,9.75,15.0,12.985632248384663
39.76,7.933479837697762,1.7841685852245897,25.046018726637822,10.0,9.759999999999998,15.0,12.99257036132873
39.77,7.94153042591534,1.7878858090652268,25.051656257503325,10.0,9.770000000000003,15.0,12.999509123946195
39.78,7.9495850961074535,1.7916068897408992,25.057289776700074,10.0,9.780000000000001,15.0,13.006448531965042
39.79,7.957643848274119,1.7953318272515413,25.062919284219376,10.0,9.79,15.0,13.013388581133043
39.800000000000004,7.965706682415325,1.7990606215970752,25.068544780052257,10.0,9.800000000000004,15.0,13.020329267217702
39.81,7.973773598531084,1.8027932727774345,25.074166264189515,10.0,9.810000000000002,15.0,13.027270586006193
39.82,7.981844596621405,1.8065297807925524,25.07978373662172,10.0,9.82,15.0,13.034212533305363
39.83,7.9899196766862834,1.810270145642355,25.085397197339155,10.0,9.829999999999998,15.0,13.041155104941613
39.84,7.997998838725724,1.814014367326776,25.091006646331902,10.0,9.840000000000003,15.0,13.04809829676092
39.85,8.00608208273971,1.8177624458457349,25.09661208358979,10.0,9.850000000000001,15.0,13.055042104628734
39.86,8.01416940872824,1.821514381199166,25.102213509102448,10.0,9.86,15.0,13.061986524429987
39.87,8.0222608166913,1.8252701733869936,25.10781092285926,10.0,9.869999999999997,15.0,13.068931552068992
39.88,8.030356306628919,1.8290298224091612,25.113404324849466,10.0,9.880000000000003,15.0,13.075877183469467
39.89,8.038455878541038,1.8327933282655788,25.118993715062008,10.0,9.89,15.0,13.082823414574404
39.9,8.046559532427663,1.836560690956184,25.124579093485703,10.0,9.899999999999999,15.0,13.089770241346102
39.910000000000004,8.05466726828878,1.840331910480902,25.130160460109163,10.0,9.910000000000004,15.0,13.09671765976609
39.92,8.062779086124367,1.844106986839663,25.13573781492082,10.0,9.920000000000002,15.0,13.103665665835075
39.93,8.070894985934405,1.8478859200323954,25.141311157908913,10.0,9.93,15.0,13.110614255572903
39.94,8.079014967718885,1.8516687100590334,25.146880489061548,10.0,9.939999999999998,15.0,13.117563425018536
39.95,8.087139031477788,1.8554553569195074,25.152445808366657,10.0,9.950000000000003,15.0,13.124513170229994
39.96,8.095267177211074,1.8592458606137416,25.15800711581202,10.0,9.96,15.0,13.131463487284298
39.97,8.103399404918719,1.8630402211416661,25.16356441138526,10.0,9.969999999999999,15.0,13.13841437227744
39.980000000000004,8.11153571460071,1.8668384385032188,25.169117695073897,10.0,9.980000000000004,15.0,13.14536582132436
39.99,8.119676106257003,1.8706405126983243,25.174666966865296,10.0,9.990000000000002,15.0,13.152317830558856
40.0,8.127820579887578,1.8744464437269184,25.18021222674673,10.0,10.0,15.0,13.159270396133602
40.01,8.13596913549238,1.8782562315889237,25.185753474705326,10.0,10.0,15.0,13.160049648501817
40.02,8.144121773071413,1.8820698762842922,25.191290710728154,10.0,10.0,15.0,13.160831274554525
40.03,8.152278492624614,1.8858873778129428,25.19682393480216,10.0,10.0,15.0,13.161615279733226
40.04,8.16043929415196,1.889708736174819,25.202353146914195,10.0,10.0,15.0,13.162401669487569
40.050000000000004,8.168604177653402,1.8935339513698517,25.207878347051075,10.0,10.0,15.0,13.163190449275437
40.06,8.176773143128893,1.8973630233979761,25.2133995351995,10.0,10.0,15.0,13.16398162456283
40.07,8.1849461905784,1.9011959522591289,25.21891671134616,10.0,10.0,15.0,13.164775200823962
40.08,8.193123320153932,1.9050327380969125,25.22442987532829,10.0,10.0,15.0,13.165571183315976
40.09,8.201304531755566,1.9088733808169056,25.229939027232064,10.0,10.0,15.0,13.166369577678656
40.1,8.209489825126884,1.9127178801768154,25.235444167302486,10.0,10.0,15.0,13.167170389795311
40.11,8.217679200472135,1.9165662363696025,25.240945295339657,10.0,10.0,15.0,13.167973624881277
40.12,8.225872657791344,1.920418449395287,25.246442411350102,10.0,10.0,15.0,13.168779288467041
40.13,8.234070197084568,1.9242745192539052,25.251935515343348,10.0,10.0,15.0,13.169587386093573
40.14,8.24227181835184,1.9281344459454923,25.25742460733053,10.0,10.0,15.0,13.170397923311267
40.15,8.250477521593222,1.9319982294700988,25.262909687323713,10.0,10.0,15.0,13.171210905679368
40.160000000000004,8.25868730680878,1.9358658698277766,25.268390755335464,10.0,10.0,15.0,13.172026338765658
40.17,8.26690117399854,1.9397373670185665,25.273867811378633,10.0,10.0,15.0,13.172844228146266
40.18,8.275119123162566,1.9436127210425262,25.279340855466252,10.0,10.0,15.0,13.173664579405571
40.19,8.283341154300919,1.9474919318997106,25.28480988761143,10.0,10.0,15.0,13.174487398136103
40.2,8.291567267413656,1.9513749995901781,25.290274907827307,10.0,10.0,15.0,13.17531268993851
40.21,8.299797462500816,1.95526192411398,25.295735916126993,10.0,10.0,15.0,13.176140460421491
40.22,8.308031739562443,1.9591527054711713,25.30119291252359,10.0,10.0,15.0,13.176970715201803
40.230000000000004,8.316270098598595,1.963047343661814,25.306645897030116,10.0,10.0,15.0,13.17780345990417
40.24,8.324512539609307,1.9669458386859595,25.312094869659514,10.0,10.0,15.0,13.17863870016131
40.25,8.33275906259463,1.9708481905436712,25.317539830424657,10.0,10.0,15.0,13.179476441613886
40.26,8.341009667554609,1.9747543992350105,25.32298077933831,10.0,10.0,15.0,13.1803166899105
40.27,8.349264354489293,1.978664464760037,25.328417716413103,10.0,10.0,15.0,13.18115945070763
40.28,8.357523123398702,1.9825783871188032,25.333850641661563,10.0,10.0,15.0,13.182004729669671
40.29,8.365785974282883,1.9864961663113734,25.339279555096095,10.0,10.0,15.0,13.182852532468873
40.300000000000004,8.374052907141879,1.9904178023378134,25.34470445672894,10.0,10.0,15.0,13.183702864785312
40.31,8.382323921975715,1.9943432951981794,25.350125346572206,10.0,10.0,15.0,13.184555732306903
40.32,8.39059901878441,1.9982726448925263,25.355542224637823,10.0,10.0,15.0,13.185411140729355
40.33,8.398878197568017,2.0022058514209236,25.360955090937576,10.0,10.0,15.0,13.186269095756163
40.34,8.407161458326552,2.0061429147834318,25.36636394548307,10.0,10.0,15.0,13.187129603098576
40.35,8.415448801060053,2.010083834980115,25.371768788285713,10.0,10.0,15.0,13.187992668475584
40.36,8.423740225768535,2.0140286120110327,25.377169619356756,10.0,10.0,15.0,13.188858297613919
40.37,8.432035732452025,2.01797724587625,25.38256643870723,10.0,10.0,15.0,13.189726496247989
40.38,8.440335321110538,2.0219297365758253,25.38795924634794,10.0,10.0,15.0,13.190597270119884
40.39,8.448638991744108,2.025886084109827,25.393348042289517,10.0,10.0,15.0,13.191470624979361
40.4,8.456946744352724,2.0298462884783097,25.398732826542346,10.0,10.0,15.0,13.192346566583824
40.410000000000004,8.465258578936405,2.0338103496813393,25.404113599116595,10.0,10.0,15.0,13.193225100698287
40.42,8.473574495495171,2.037778267718979,25.40949036002219,10.0,10.0,15.0,13.194106233095363
40.43,8.481894494029033,2.04175004259129,25.41486310926884,10.0,10.0,15.0,13.194989969555268
40.44,8.490218574537996,2.0457256742983363,25.420231846865985,10.0,10.0,15.0,13.195876315865759
40.45,8.49854673702208,2.049705162840189,25.425596572822812,10.0,10.0,15.0,13.196765277822127
40.46,8.50687898148126,2.0536885082168945,25.43095728714824,10.0,10.0,15.0,13.197656861227209
40.47,8.515215307915552,2.057675710428526,25.436313989850948,10.0,10.0,15.0,13.198551071891336
40.480000000000004,8.523555716324962,2.0616667694751474,25.44166668093932,10.0,10.0,15.0,13.199447915632312
40.49,8.531900206709476,2.0656616853568113,25.447015360421464,10.0,10.0,15.0,13.200347398275419
40.5,8.540248779069096,2.069660458073587,25.452360028305222,10.0,10.0,15.0,13.201249525653383
40.51,8.548601433403787,2.0736630876255244,25.4577006845981,10.0,10.0,15.0,13.202154303606337
40.52,8.55695816971358,2.077669574012703,25.46303732930739,10.0,10.0,15.0,13.203061737981852
40.53,8.565318987998426,2.0816799172351668,25.468369962439997,10.0,10.0,15.0,13.203971834634862
40.54,8.573683888258335,2.0856941172929875,25.473698584002573,10.0,10.0,15.0,13.204884599427674
40.550000000000004,8.582052870493284,2.0897121741862215,25.479023194001446,10.0,10.0,15.0,13.205800038229956
40.56,8.590425934703251,2.0937340879149278,25.48434379244263,10.0,10.0,15.0,13.206718156918694
40.57,8.598803080888214,2.0977598584791646,25.489660379331813,10.0,10.0,15.0,13.207638961378192
40.58,8.607184309048165,2.1017894858789967,25.49497295467439,10.0,10.0,15.0,13.208562457500063
40.59,8.615569619183061,2.1058229701144753,25.50028151847539,10.0,10.0,15.0,13.209488651183172
40.6,8.623959011292866,2.1098603111856526,25.505586070739525,10.0,10.0,15.0,13.210417548333657
40.61,8.632352485377561,2.113901509092592,25.510886611471182,10.0,10.0,15.0,13.211349154864887
40.62,8.64075004143712,2.117946563835349,25.516183140674407,10.0,10.0,15.0,13.212283476697463
40.63,8.649151679471508,2.121995475413981,25.521475658352912,10.0,10.0,15.0,13.213220519759188
40.64,8.657557399480675,2.126048243828536,25.526764164510052,10.0,10.0,15.0,13.21416028998505
40.65,8.665967201464591,2.1301048690790707,25.53204865914884,10.0,10.0,15.0,13.215102793317197
40.660000000000004,8.674381085423216,2.1341653511656364,25.537329142271954,10.0,10.0,15.0,13.216048035704953
40.67,8.682799051356504,2.1382296900882847,25.542605613881705,10.0,10.0,15.0,13.216996023104747
40.68,8.691221099264414,2.142297885847066,25.54787807398006,10.0,10.0,15.0,13.217946761480142
40.69,8.699647229146903,2.146369938442034,25.553146522568625,10.0,10.0,15.0,13.218900256801795
40.7,8.708077441003928,2.1504458478732364,25.55841095964867,10.0,10.0,15.0,13.219856515047454
40.71,8.716511734835418,2.154525614140713,25.563671385221078,10.0,10.0,15.0,13.220815542201922
40.72,8.724950110641332,2.158609237244517,25.568927799286406,10.0,10.0,15.0,13.22177734425707
40.730000000000004,8.733392568421626,2.1626967171846956,25.574180201844822,10.0,10.0,15.0,13.222741927211773
40.74,8.741839108176228,2.166788053961288,25.579428592896154,10.0,10.0,15.0,13.223709297071947
40.75,8.750289729905075,2.170883247574331,25.584672972439858,10.0,10.0,15.0,13.224679459850503
40.76,8.758744433608129,2.1749822980238793,25.589913340475054,10.0,10.0,15.0,13.225652421567336
40.77,8.767203219285333,2.1790852053099736,25.595149697000487,10.0,10.0,15.0,13.226628188249313
40.78,8.7756660869366,2.1831919694326403,25.60038204201453,10.0,10.0,15.0,13.227606765930247
40.79,8.784133036561874,2.1873025903919254,25.605610375515226,10.0,10.0,15.0,13.2285881606509
40.800000000000004,8.792604068161115,2.191417068187873,25.610834697500245,10.0,10.0,15.0,13.229572378458945
40.81,8.801079181734213,2.1955354028205,25.616055007966885,10.0,10.0,15.0,13.230559425408968
40.82,8.809558377281133,2.199657594289859,25.62127130691212,10.0,10.0,15.0,13.231549307562442
40.83,8.818041654801796,2.203783642595971,25.626483594332548,10.0,10.0,15.0,13.23254203098772
40.84,8.826529014296124,2.2079135477388685,25.63169187022444,10.0,10.0,15.0,13.233537601760036
40.85,8.835020455764038,2.2120473097185793,25.636896134583672,10.0,10.0,15.0,13.234536025961427
40.86,8.84351597920548,2.2161849285351356,25.64209638740581,10.0,10.0,15.0,13.235537309680799
40.87,8.852015584620371,2.220326404188565,25.647292628686078,10.0,10.0,15.0,13.23654145901387
40.88,8.860519272008627,2.224471736678888,25.652484858419328,10.0,10.0,15.0,13.23754848006315
40.89,8.869027041370163,2.228620926006122,25.65767307660009,10.0,10.0,15.0,13.238558378937954
40.9,8.877538892704914,2.232773972170295,25.662857283222568,10.0,10.0,15.0,13.239571161754368
40.910000000000004,8.886054826012812,2.2369308751714367,25.66803747828062,10.0,10.0,15.0,13.24058683463523
40.92,8.894574841293757,2.241091635009553,25.67321366176777,10.0,10.0,15.0,13.241605403710142
40.93,8.903098938547659,2.2452562516846606,25.678385833677225,10.0,10.0,15.0,13.242626875115434
40.94,8.911627117774465,2.249424725196784,25.683553994001883,10.0,10.0,15.0,13.243651254994163
40.95,8.920159378974091,2.2535970555459395,25.68871814273431,10.0,10.0,15.0,13.244678549496086
40.96,8.928695722146418,2.257773242732123,25.693878279866745,10.0,10.0,15.0,13.245708764777662
40.97,8.937236147291383,2.2619532867553533,25.699034405391153,10.0,10.0,15.0,13.246741907002036
40.980000000000004,8.945780654408912,2.2661371876156453,25.70418651929917,10.0,10.0,15.0,13.24777798233901
40.99,8.954329243498892,2.2703249453129954,25.709334621582137,10.0,10.0,15.0,13.248816996965047
41.0,8.962881914561242,2.274516559847409,25.7144787122311,10.0,10.0,15.0,13.249858957063257
41.01,8.971438667595882,2.2787120312188938,25.719618791236847,10.0,10.0,15.0,13.250903868823398
41.02,8.979999502602736,2.2829113594274597,25.724754858589858,10.0,10.0,15.0,13.25195173844182
41.03,8.988564419581703,2.2871145444730976,25.729886914280346,10.0,10.0,15.0,13.253002572121503
41.04,8.997133418532695,2.291321586355806,25.735014958298247,10.0,10.0,15.0,13.254056376072006
41.050000000000004,9.005706499455618,2.2955324850755825,25.74013899063323,10.0,10.0,15.0,13.255113156509475
41.06,9.01428366235039,2.299747240632425,25.745259011274737,10.0,10.0,15.0,13.256172919656647
41.07,9.022864907216926,2.303965853026325,25.750375020211926,10.0,10.0,15.0,13.257235671742793
41.08,9.031450234055127,2.308188322257273,25.755487017433726,10.0,10.0,15.0,13.258301419003743
41.09,9.040039642864919,2.3124146483252694,25.76059500292884,10.0,10.0,15.0,13.25937016768187
41.1,9.048633133646197,2.3166448312302865,25.765698976685723,10.0,10.0,15.0,13.260441924026068
41.11,9.057230706398881,2.320878870972321,25.77079893869262,10.0,10.0,15.0,13.261516694291743
41.12,9.065832361122862,2.325116767551349,25.775894888937547,10.0,10.0,15.0,13.2625944847408
41.13,9.074438097818087,2.3293585209673706,25.780986827408352,10.0,10.0,15.0,13.263675301641657
41.14,9.08304791648443,2.3336041312203495,25.786074754092635,10.0,10.0,15.0,13.26475915126919
41.15,9.091661817121834,2.3378535983102786,25.791158668977832,10.0,10.0,15.0,13.265846039904751
41.160000000000004,9.100279799730194,2.3421069222371322,25.796238572051195,10.0,10.0,15.0,13.26693597383616
41.17,9.108901864309418,2.3463641030008797,25.801314463299786,10.0,10.0,15.0,13.268028959357675
41.18,9.117528010859436,2.3506251406015095,25.806386342710535,10.0,10.0,15.0,13.269125002770007
41.19,9.12615823938015,2.354890035038988,25.811454210270174,10.0,10.0,15.0,13.270224110380278
41.2,9.134792549871477,2.3591587863132895,25.816518065965308,10.0,10.0,15.0,13.271326288502035
41.21,9.143430942333334,2.363431394424384,25.821577909782388,10.0,10.0,15.0,13.272431543455223
41.22,9.152073416765626,2.367707859372239,25.826633741707745,10.0,10.0,15.0,13.273539881566201
41.230000000000004,9.160719973168282,2.3719881811568237,25.831685561727582,10.0,10.0,15.0,13.274651309167696
41.24,9.1693706115412,2.376272359778098,25.836733369827982,10.0,10.0,15.0,13.275765832598818
41.25,9.17802533188432,2.380560395236036,25.841777165994937,10.0,10.0,15.0,13.276883458205045
41.26,9.186684134197549,2.384852287530592,25.84681695021432,10.0,10.0,15.0,13.278004192338196
41.27,9.195347018480813,2.3891480366617386,25.851852722471946,10.0,10.0,15.0,13.279128041356456
41.28,9.204013984734022,2.393447642629425,25.856884482753532,10.0,10.0,15.0,13.280255011624336
41.29,9.212685032957108,2.3977511054336174,25.861912231044716,10.0,10.0,15.0,13.28138510951265
41.300000000000004,9.221360163210008,2.402058425130974,25.86693596727212,10.0,10.0,15.0,13.282518341314345
41.31,9.23003937537262,2.406369601608047,25.871955691539704,10.0,10.0,15.0,13.283654713581706
41.32,9.238722669661469,2.4106846350694484,25.876971403623745,10.0,10.0,15.0,13.284794232403716
41.33,9.247410045763385,2.415003525219296,25.88198310382857,10.0,10.0,15.0,13.285936904624531
41.34,9.256101503834953,2.4193262722055575,25.88699079200465,10.0,10.0,15.0,13.28708273644232
41.35,9.264797043876182,2.4236528760282705,25.891994468160835,10.0,10.0,15.0,13.28823173428482
41.36,9.273496665887109,2.4279833366874835,25.89699413230839,10.0,10.0,15.0,13.289383904588018
41.37,9.282200369867802,2.432317654183264,25.901989784459893,10.0,10.0,15.0,13.290539253795238
41.38,9.29090815581831,2.4366558285156676,25.906981424628647,10.0,10.0,15.0,13.291697788356661
41.39,9.29962002373867,2.440997859684747,25.91196905282839,10.0,10.0,15.0,13.292859514729061
41.4,9.308335973628955,2.4453437476905613,25.91695266907307,10.0,10.0,15.0,13.294024439375592
41.410000000000004,9.317056005489228,2.4496934925331746,25.921932273376807,10.0,10.0,15.0,13.295192568765753
41.42,9.325780119319518,2.454047094212625,25.926907865753744,10.0,10.0,15.0,13.296363909375254
41.43,9.334508314649558,2.458404552285268,25.931879447135632,10.0,10.0,15.0,13.297538468715501
41.44,9.343240598791327,2.462765873672375,25.936847013357774,10.0,10.0,15.0,13.298716245553425
41.45,9.35197695812262,2.4671310455754853,25.941810586126014,10.0,10.0,15.0,13.29989727215951
41.46,9.360717424567591,2.4715000984291065,25.946770149043104,10.0,10.0,15.0,13.301081522762937
41.47,9.369462043960132,2.475873076272878,25.951725678665536,10.0,10.0,15.0,13.302268957553984
41.480000000000004,9.378210644645804,2.4802498182905817,25.956677366177868,10.0,10.0,15.0,13.303459839615595
41.49,9.386963323813369,2.4846304189744983,25.961625145509938,10.0,10.0,15.0,13.30465406301228
41.5,9.395720087223824,2.4890148882071115,25.966569037666133,10.0,10.0,15.0,13.305851645815713
41.51,9.404480904062105,2.49340320356696,25.971509093747482,10.0,10.0,15.0,13.307052650832533
41.52,9.41324577618828,2.4977953767424177,25.97644532777564,10.0,10.0,15.0,13.308257089567965
41.53,9.422014688850865,2.502191407582929,25.981377759156597,10.0,10.0,15.0,13.309464985405183
41.54,9.43078762246598,2.506591296139092,25.98630640034731,10.0,10.0,15.0,13.310676356074046
41.550000000000004,9.439564551448207,2.5109950424451393,25.99123125898857,10.0,10.0,15.0,13.311891215557699
41.56,9.448345443285184,2.51540264651782,25.996152339235532,10.0,10.0,15.0,13.313109575203374
41.57,9.45713025768243,2.5198141083637617,26.001069643132666,10.0,10.0,15.0,13.314331444860942
41.58,9.465918945800304,2.5242294279832107,26.005983171540215,10.0,10.0,15.0,13.315556833648142
41.59,9.474711449606199,2.5286486053723296,26.01089292475374,10.0,10.0,15.0,13.316785750456887
41.6,9.483507701353235,2.5330716405236227,26.015798902906255,10.0,10.0,15.0,13.318018204274413
41.61,9.492307623190813,2.5374985334296283,26.020701106213604,10.0,10.0,15.0,13.31925420436643
41.62,9.50111112691073,2.541929284082034,26.02559953510434,10.0,10.0,15.0,13.32049376036108
41.63,9.509918113828476,2.5463638924780385,26.030494190250803,10.0,10.0,15.0,13.321736882241193
41.64,9.518728474803286,2.5508023586487725,26.035385072537917,10.0,10.0,15.0,13.322983580267243
41.65,9.52754209026224,2.555244682570474,26.04027218309826,10.0,10.0,15.0,13.324233865020615
41.660000000000004,9.536358830475853,2.5596908642255687,26.04515552320641,10.0,10.0,15.0,13.325487747237746
41.67,9.545178555866352,2.5641409036018388,26.050035094236996,10.0,10.0,15.0,13.326745237731542
41.68,9.554001117399885,2.568594800691678,26.054910897612046,10.0,10.0,15.0,13.328006347302244
41.69,9.562826357051527,2.5730525554914774,26.05978293474673,10.0,10.0,15.0,13.32927108664594
41.7,9.571654108332094,2.577514168001092,26.064651206999006,10.0,10.0,15.0,13.330539466266092
41.71,9.580484196865795,2.5819796382233866,26.069515715626316,10.0,10.0,15.0,13.331811496391245
41.72,9.589316441008233,2.586448966163886,26.074376461750795,10.0,10.0,15.0,13.333087186900816
41.730000000000004,9.598150652494466,2.5909221518304295,26.079233446333458,10.0,10.0,15.0,13.334366547259814
41.74,9.606986637107672,2.595399195232962,26.084086670157273,10.0,10.0,15.0,13.335649586462848
41.75,9.615824195359009,2.599880096383276,26.0889361338184,10.0,10.0,15.0,13.336936312987302
41.76,9.624663123170285,2.604364855294786,26.093781837724677,10.0,10.0,15.0,13.338226734755152
41.77,9.633503212551828,2.608853471982356,26.098623782100322,10.0,10.0,15.0,13.339520859102848
41.78,9.642344252268103,2.6133459464620605,26.103461966995575,10.0,10.0,15.0,13.34081869275838
41.79,9.65118602848506,2.6178422787510462,26.108296392300307,10.0,10.0,15.0,13.34212024182482
41.800000000000004,9.660028325393206,2.6223424688672865,26.113127057760238,10.0,10.0,15.0,13.343425511769343
41.81,9.668870925801759,2.626846516829374,26.117953962994708,10.0,10.0,15.0,13.344734507416783
41.82,9.677713611699874,2.631354422656396,26.122777107515454,10.0,10.0,15.0,13.346047232947246
41.83,9.686556164781031,2.6358661863676924,26.12759649074491,10.0,10.0,15.0,13.347363691896536
41.84,9.695398366928153,2.6403818079826618,26.132412112033883,10.0,10.0,15.0,13.348683887159112
41.85,9.70424000065755,2.6449012875206175,26.137223970677955,10.0,10.0,15.0,13.35000782099286
41.86,9.713080849519924,2.6494246250006284,26.142032065932057,10.0,10.0,15.0,13.351335495025115
41.87,9.721920698447825,2.653951820488997,26.146836397004044,10.0,10.0,15.0,13.352666910217703
41.88,9.730759334876046,2.6584828718176885,26.151636964434733,10.0,10.0,15.0,13.354002069256158
41.89,9.739596546025856,2.663017783069836,26.15643375950825,10.0,10.0,15.0,13.35534096310111
41.9,9.74843212347267,2.667556552290978,26.16122677387851,10.0,10.0,15.0,13.356683585691995
41.910000000000004,9.757265860755766,2.672099180004159,26.166015990610333,10.0,10.0,15.0,13.358029921834135
41.92,9.766097554570726,2.67664566593021,26.17080138788367,10.0,10.0,15.0,13.359379952073386
41.93,9.774927005520269,2.6811960089523543,26.175582939201412,10.0,10.0,15.0,13.36073365287957
41.94,9.783754018145736,2.685750209417404,26.180360616692475,10.0,10.0,15.0,13.36209099815571
41.95,9.792578401221146,2.690308269700895,26.185134394003796,10.0,10.0,15.0,13.36345196135975
41.96,9.801399971530337,2.6948701849893184,26.18990425911872,10.0,10.0,15.0,13.364816531240129
41.97,9.810218548960727,2.6994359578520286,26.194670202633183,10.0,10.0,15.0,13.366184694159578
41.980000000000004,9.819033961364712,2.7040055882841876,26.19943222152946,10.0,10.0,15.0,13.367556442654731
41.99,9.82784604427455,2.708579076267945,26.20419031432167,10.0,10.0,15.0,13.368931770005002
42.0,9.836654641666364,2.713156421789482,26.208944478459284,10.0,10.0,15.0,13.370310668065267
42.01,9.845459606736924,2.7177376248322695,26.213694708780917,10.0,10.0,15.0,13.371693125990987
42.02,9.85426080259728,2.722322685373236,26.2184409974471,10.0,10.0,15.0,13.373079130203879
42.03,9.863058102852413,2.7269116033822076,26.223183334451292,10.0,10.0,15.0,13.37446866484482
42.04,9.871851392054229,2.731504378823068,26.22792170824149,10.0,10.0,15.0,13.375861712322955
42.050000000000004,9.88064056577713,2.736101011993191,26.232656106038707,10.0,10.0,15.0,13.37725825343269
42.06,9.889425531511558,2.7407015025440424,26.237386516553453,10.0,10.0,15.0,13.378658270195302
42.07,9.898206208274825,2.74530585005261,26.242112933049984,10.0,10.0,15.0,13.3800617481671
42.08,9.906982526050674,2.749914054897802,26.246835355070694,10.0,10.0,15.0,13.381468677461996
42.09,9.91575442633183,2.754526117089987,26.25155378737866,10.0,10.0,15.0,13.382879052539064
42.1,9.924521861600605,2.759142036643045,26.256268236829957,10.0,10.0,15.0,13.384292869417981
42.11,9.933284794945031,2.763761813566708,26.26097871091338,10.0,10.0,15.0,13.385710124495649
42.12,9.94204319958476,2.768385447863178,26.265685216972074,10.0,10.0,15.0,13.387130813930764
42.13,9.95079705832237,2.7730129395257284,26.270387761781187,10.0,10.0,15.0,13.388554933324189
42.14,9.959546362933192,2.77764428853838,26.275086351319175,10.0,10.0,15.0,13.389982477559041
42.15,9.968291113505543,2.7822794948762044,26.27978099064931,10.0,10.0,15.0,13.391413440730622
42.160000000000004,9.977031317742865,2.78691855850592,26.284471683867213,10.0,10.0,15.0,13.39284781612902
42.17,9.985766990238295,2.7915614793867087,26.28915843408992,10.0,10.0,15.0,13.394285596253798
42.18,9.99449815173233,2.796208257471291,26.29384124347264,10.0,10.0,15.0,13.395726772848976
42.19,10.003224828362766,2.800858892706914,26.298520113244443,10.0,10.0,15.0,13.397171336951107
42.2,10.011947050916387,2.8055133850365164,26.30319504375768,10.0,10.0,15.0,13.398619278945965
42.21,10.020664854090299,2.8101717343998005,26.307866034547096,10.0,10.0,15.0,13.40007058863057
42.22,10.029378275770695,2.8148339407343728,26.312533084395977,10.0,10.0,15.0,13.401525255278354
42.230000000000004,10.038087356335405,2.8195000039767586,26.317196191407035,10.0,10.0,15.0,13.40298326770575
42.24,10.046792137986513,2.8241699240634346,26.32185535307654,10.0,10.0,15.0,13.404444614338969
42.25,10.055492664117805,2.828843700931757,26.326510566369922,10.0,10.0,15.0,13.405909283279763
42.26,10.064188978721464,2.833521334520838,26.331161827797914,10.0,10.0,15.0,13.40737726236947
42.27,10.072881125837428,2.8382028247723143,26.33580913349197,10.0,10.0,15.0,13.408848539250586
42.28,10.081569149048114,2.8428881716310332,26.340452479278152,10.0,10.0,15.0,13.41032310142531
42.29,10.090253091020545,2.847577375045696,26.345091860748695,10.0,10.0,15.0,13.411800936310652
42.300000000000004,10.098932993096915,2.852270434969301,26.34972727333047,10.0,10.0,15.0,13.413282031289677
42.31,10.10760889493446,2.856967351359568,26.354358712349942,10.0,10.0,15.0,13.414766373758775
42.32,10.11628083419457,2.861668124179284,26.35898617309407,10.0,10.0,15.0,13.416253951170624
42.33,10.12494884628038,2.8663727533964956,26.36360965086667,10.0,10.0,15.0,13.41774475107277
42.34,10.133612964122033,2.8710812389846496,26.368229141040167,10.0,10.0,15.0,13.419238761141893
42.35,10.14227321800791,2.8757935809226423,26.372844639102272,10.0,10.0,15.0,13.420735969213561
42.36,10.150929635403106,2.8805097792718213,26.37745614061466,10.0,10.0,15.0,13.422236363195864
42.37,10.159582240943433,2.885229834028546,26.38206364148829,10.0,10.0,15.0,13.423739931372019
42.38,10.168231056304997,2.8899537452625665,26.38666713839871,10.0,10.0,15.0,13.425246662668824
42.39,10.176876100900753,2.8946815125102727,26.391266630184493,10.0,10.0,15.0,13.42675654816486
42.4,10.18551739035758,2.899413136110291,26.39586211683871,10.0,10.0,15.0,13.42826957950159
42.410000000000004,10.194154937825708,2.904148616093141,26.40045359981162,10.0,10.0,15.0,13.429785749736764
42.42,10.202788753715279,2.908887952496162,26.40504108098725,10.0,10.0,15.0,13.431305052298317
42.43,10.211418845809165,2.913631145361448,26.409624562330226,10.0,10.0,15.0,13.432827480678958
42.44,10.220045219395626,2.9183781947344527,26.41420404570348,10.0,10.0,15.0,13.43435302827587
42.45,10.228667877417836,2.923129100662911,26.41877953277415,10.0,10.0,15.0,13.435881688305711
42.46,10.237286820637081,2.927883863195862,26.423351024966298,10.0,10.0,15.0,13.437413453760069
42.47,10.24590204780698,2.932642482382851,26.42791852343998,10.0,10.0,15.0,13.43894831738399
42.480000000000004,10.254513555855608,2.9374049582731327,26.432482029085392,10.0,10.0,15.0,13.440486271668137
42.49,10.26312134007309,2.942171290914964,26.43704154252635,10.0,10.0,15.0,13.442027308849672
42.5,10.271725394302061,2.946941480354991,26.441597064129954,10.0,10.0,15.0,13.443571420919103
42.51,10.280325711128581,2.9517155266376633,26.44614859402017,10.0,10.0,15.0,13.445118599631252
42.52,10.288922282071397,2.9564934298047483,26.450696132094297,10.0,10.0,15.0,13.446668836519338
42.53,10.297515097767462,2.9612751898948724,26.455239678041373,10.0,10.0,15.0,13.448222122911357
42.54,10.306104148152045,2.966060806943163,26.45977923136189,10.0,10.0,15.0,13.449778449948171
42.550000000000004,10.314689422631824,2.9708502809809865,26.464314791388404,10.0,10.0,15.0,13.451337808602844
42.56,10.323270910249462,2.9756436120356904,26.46884635730643,10.0,10.0,15.0,13.452900189700713
42.57,10.331848599838661,2.9804408001304554,26.47337392817555,10.0,10.0,15.0,13.454465583940022
42.58,10.340422480168657,2.9852418452842038,26.477897502950245,10.0,10.0,15.0,13.456033981912627
42.59,10.348992540077399,2.9900467475115526,26.482417080500284,10.0,10.0,15.0,13.457605374124615
42.6,10.357558768592842,2.9948555068228395,26.486932659630412,10.0,10.0,15.0,13.45917975101647
42.61,10.366121155042013,2.999668123224204,26.491444239099284,10.0,10.0,15.0,13.460757102982758
42.62,10.374679689147523,3.004484596717687,26.495951817637224,10.0,10.0,15.0,13.462337420390872
42.63,10.383234361111603,3.0093049273014167,26.500455393963037,10.0,10.0,15.0,13.463920693598963
42.64,10.391785161687585,3.01412911496977,26.504954966799396,10.0,10.0,15.0,13.46550691297263
42.65,10.400332082239306,3.0189571597136378,26.509450534887055,10.0,10.0,15.0,13.467096068900506
42.660000000000004,10.408875114788493,3.0237890615206626,26.513942096997635,10.0,10.0,15.0,13.468688151808488
42.67,10.417414252050738,3.0286248203755117,26.51842965194499,10.0,10.0,15.0,13.470283152172602
42.68,10.425949487122724,3.0334644366117915,26.52291319823816,10.0,10.0,15.0,13.471881060032558
42.69,10.434480814636157,3.0383079097161994,26.527392735407055,10.0,10.0,15.0,13.473481866782702
42.7,10.443008229431022,3.0431552397436805,26.531868262745945,10.0,10.0,15.0,13.475085563326735
42.71,10.451531727240708,3.048006426597053,26.536339780200066,10.0,10.0,15.0,13.476692141232853
42.72,10.460051304283065,3.0528614704019192,26.54080728786955,10.0,10.0,15.0,13.478301592105057
42.730000000000004,10.468566957632444,3.0577203711418393,26.54527078618068,10.0,10.0,15.0,13.479913907932833
42.74,10.477078685044377,3.062583128802149,26.549730275615914,10.0,10.0,15.0,13.481529080782458
42.75,10.485586484924152,3.0674497433701244,26.554185756652593,10.0,10.0,15.0,13.483147102745473
42.76,10.49409035629053,3.0723202148351243,26.55863722973093,10.0,10.0,15.0,13.484767965911882
42.77,10.502590298735488,3.07719454318869,26.563084695237634,10.0,10.0,15.0,13.486391662356477
42.78,10.511086312380892,3.0820727284246234,26.567528153497864,10.0,10.0,15.0,13.488018184131986
42.79,10.519578397832822,3.08695477053906,26.571967604772063,10.0,10.0,15.0,13.489647523266175
42.800000000000004,10.528066556134167,3.0918406695304337,26.576403049255525,10.0,10.0,15.0,13.49127967176108
42.81,10.536550788716227,3.0967304253994308,26.580834487079965,10.0,10.0,15.0,13.492914621593757
42.82,10.545031097350078,3.1016240381489766,26.585261918316245,10.0,10.0,15.0,13.494552364717817
42.83,10.553507484098029,3.1065215077841284,26.5896853429779,10.0,10.0,15.0,13.496192893065516
42.84,10.561979951265851,3.111422834311958,26.594104761025278,10.0,10.0,15.0,13.497836198550214
42.85,10.570448501356216,3.11632801774143,26.598520172370083,10.0,10.0,15.0,13.499482273069102
42.86,10.578913137023843,3.121237058083265,26.602931576880238,10.0,10.0,15.0,13.501131108506067
42.87,10.587373861032567,3.12614995534977,26.6073389743848,10.0,10.0,15.0,13.502782696734576
42.88,10.595830676214815,3.1310667095546827,26.611742364679074,10.0,10.0,15.0,13.504437029620647
42.89,10.604283585433674,3.1359873207130087,26.616141747529653,10.0,10.0,15.0,13.50609409902576
42.9,10.612732591547712,3.1409117888408313,26.620537122679384,10.0,10.0,15.0,13.50775389680968
42.910000000000004,10.62117769737887,3.145840113955153,26.624928489852252,10.0,10.0,15.0,13.50941641483324
42.92,10.629618905683332,3.1507722960736806,26.62931584875802,10.0,10.0,15.0,13.511081644960928
42.93,10.638056219125717,3.155708335214705,26.63369919909673,10.0,10.0,15.0,13.512749579063408
42.94,10.64648964025633,3.1606482313968813,26.63807854056286,10.0,10.0,15.0,13.51442020901981
42.95,10.654919171491688,3.1655919846391027,26.6424538728493,10.0,10.0,15.0,13.516093526719924
42.96,10.663344815098139,3.170539594960313,26.64682519565091,10.0,10.0,15.0,13.517769524066138
42.97,10.671766572968851,3.1754910625857304,26.651192508453786,10.0,10.0,15.0,13.519448192676178
42.980000000000004,10.680184447395977,3.1804463871783963,26.655555811344673,10.0,10.0,15.0,13.521129525006337
42.99,10.68859844003062,3.185405568848928,26.659915103997395,10.0,10.0,15.0,13.5228135129164
43.0,10.697008552377106,3.190368607672221,26.6642703862073,10.0,10.0,15.0,13.52450014839792
43.01,10.705414785807601,3.1953355036645634,26.668621657898516,10.0,10.0,15.0,13.526189423592378
43.02,10.713817141459087,3.200306256886506,26.67296891898315,10.0,10.0,15.0,13.52788133061213
43.03,10.72221562042199,3.205280867253546,26.67731216954181,10.0,10.0,15.0,13.52957586180075
43.04,10.730610223410205,3.2102593348721165,26.681651409476977,10.0,10.0,15.0,13.531273009247068
43.050000000000004,10.739000951171725,3.2152416596305287,26.68598663895051,10.0,10.0,15.0,13.532972765389562
43.06,10.7473878041217,3.220227841575866,26.690317857989495,10.0,10.0,15.0,13.534675122466773
43.07,10.755770782569662,3.2252178806936347,26.694645066690807,10.0,10.0,15.0,13.536380072816176
43.08,10.764149886674842,3.2302117769629843,26.698968265148093,10.0,10.0,15.0,13.53808760878057
43.09,10.772525116457006,3.2352095303571375,26.70328745344416,10.0,10.0,15.0,13.539797722701449
43.1,10.780896471807868,3.2402111408439116,26.707602631647305,10.0,10.0,15.0,13.541510406915753
43.11,10.789263952503157,3.245216608386416,26.71191379980981,10.0,10.0,15.0,13.54322565375454
43.12,10.797627558214774,3.2502259329436765,26.716220957967554,10.0,10.0,15.0,13.544943455542658
43.13,10.805987288523237,3.2552391144713537,26.720524106140363,10.0,10.0,15.0,13.546663804599108
43.14,10.814343142930058,3.260256152922438,26.724823244332715,10.0,10.0,15.0,13.548386693237754
43.15,10.822695120870076,3.2652770482479854,26.729118372534778,10.0,10.0,15.0,13.550112113768346
43.160000000000004,10.831043221723379,3.2703018003977538,26.733409490723524,10.0,10.0,15.0,13.5518400584977
43.17,10.839387444826972,3.275330409320867,26.73769659886398,10.0,10.0,15.0,13.553570519730984
43.18,10.847727789485916,3.2803628749664293,26.741979696910615,10.0,10.0,15.0,13.55530348977319
43.19,10.856064254983878,3.2853991972840877,26.746258784808642,10.0,10.0,15.0,13.557038960930536
43.2,10.864396840593075,3.2904393762245414,26.75053386249539,10.0,10.0,15.0,13.558776925511985
43.21,10.872725545583481,3.2954834117400007,26.754804929901645,10.0,10.0,15.0,13.560517375830743
43.22,10.8810503692314,3.300531303784653,26.759071986952982,10.0,10.0,15.0,13.562260304205731
43.230000000000004,10.889371310515887,3.305583052625751,26.76333503324861,10.0,10.0,15.0,13.564005702509652
43.24,10.897688369370346,3.310638657600907,26.767594069363103,10.0,10.0,15.0,13.56575356399326
43.25,10.906001544821757,3.315698118983133,26.77184909492471,10.0,10.0,15.0,13.567503880576735
43.26,10.914310836240407,3.3207614367380978,26.776100109902895,10.0,10.0,15.0,13.569256644661364
43.27,10.922616243033344,3.3258286108353885,26.78034711427714,10.0,10.0,15.0,13.571011848668846
43.28,10.93091776464804,3.330899641248922,26.784590108032404,10.0,10.0,15.0,13.572769485037542
43.29,10.93921540057534,3.3359745279573976,26.78882909115679,10.0,10.0,15.0,13.574529546220566
43.300000000000004,10.947509150351673,3.3410532709446445,26.79306406364016,10.0,10.0,15.0,13.576292024684726
43.31,10.955799013560538,3.3461358701999147,26.797295025473424,10.0,10.0,15.0,13.578056912910018
43.32,10.964084989833399,3.3512223257180844,26.80152197664807,10.0,10.0,15.0,13.579824203389345
43.33,10.972367078849876,3.356312637499748,26.805744917155852,10.0,10.0,15.0,13.581593888628383
43.34,10.980645280337493,3.361406805551253,26.80996384698867,10.0,10.0,15.0,13.583365961145596
43.35,10.988919594070769,3.3665048298845774,26.81417876613839,10.0,10.0,15.0,13.585140413472248
43.36,10.997190019869972,3.3716067105172085,26.818389674596833,10.0,10.0,15.0,13.586917238152509
43.37,11.005456557599357,3.376712447471848,26.822596572355682,10.0,10.0,15.0,13.588696427743548
43.38,11.013719207165128,3.3818220407761084,26.82679945940643,10.0,10.0,15.0,13.590477974815627
43.39,11.021977968513022,3.3869354904620974,26.83099833574042,10.0,10.0,15.0,13.592261871952307
43.4,11.030232841625748,3.3920527965659266,26.83519320134884,10.0,10.0,15.0,13.594048111750608
43.410000000000004,11.038483826520007,3.3971739591273344,26.839384056222606,10.0,10.0,15.0,13.595836686821002
43.42,11.046730923243505,3.4022989781890507,26.84357090035236,10.0,10.0,15.0,13.59762758978759
43.43,11.054974131871909,3.407427853796265,26.847753733728542,10.0,10.0,15.0,13.599420813288294
43.44,11.063213452505602,3.412560585996011,26.85193255634131,10.0,10.0,15.0,13.601216349974923
43.45,11.071448885266564,3.417697174836607,26.856107368180602,10.0,10.0,15.0,13.603014192513339
43.46,11.079680430295074,3.4228376203670083,26.86027816923607,10.0,10.0,15.0,13.604814333583512
43.47,11.087908087746671,3.4279819226362727,26.86444495949713,10.0,10.0,15.0,13.606616765879648
43.480000000000004,11.096131857789018,3.433130081692953,26.868607738952893,10.0,10.0,15.0,13.608421482110206
43.49,11.104351740598997,3.4382820975845614,26.872766507592203,10.0,10.0,15.0,13.610228474998003
43.5,11.112567736359932,3.4434379703570928,26.87692126540365,10.0,10.0,15.0,13.612037737280248
43.51,11.12077984525888,3.448597700054513,26.881072012375537,10.0,10.0,15.0,13.613849261708564
43.52,11.128988067484174,3.453761286718331,26.88521874849589,10.0,10.0,15.0,13.615663041048993
43.53,11.137192403223121,3.4589287303872225,26.889361473752455,10.0,10.0,15.0,13.617479068081995
43.54,11.145392852659946,3.4641000310966965,26.893500188132712,10.0,10.0,15.0,13.619297335602434
43.550000000000004,11.153589415973878,3.4692751888788176,26.897634891623866,10.0,10.0,15.0,13.621117836419536
43.56,11.161782093337509,3.474454203761964,26.901765584212832,10.0,10.0,15.0,13.62294056335682
43.57,11.169970884915305,3.479637075770664,26.90589226588628,10.0,10.0,15.0,13.624765509252068
43.58,11.178155790862405,3.484823804925472,26.91001493663062,10.0,10.0,15.0,13.626592666957244
43.59,11.186336811323553,3.490014391242905,26.91413359643198,10.0,10.0,15.0,13.628422029338358
43.6,11.19451394643228,3.495208834735412,26.91824824527625,10.0,10.0,15.0,13.630253589275434
43.61,11.202687196310304,3.5004071354114314,26.92235888314907,10.0,10.0,15.0,13.632087339662364
43.62,11.210856561067091,3.505609293275471,26.92646551003586,10.0,10.0,15.0,13.633923273406818
43.63,11.219022040799539,3.510815308328201,26.930568125921788,10.0,10.0,15.0,13.635761383430102
43.64,11.227183635591933,3.5160251805666416,26.9346667307918,10.0,10.0,15.0,13.637601662667052
43.65,11.235341345516018,3.5212389099843713,26.938761324630658,10.0,10.0,15.0,13.639444104065921
43.660000000000004,11.243495170631192,3.526456496571746,26.94285190742289,10.0,10.0,15.0,13.64128870058822
43.67,11.251645110984775,3.531677940316135,26.946938479152852,10.0,10.0,15.0,13.64313544520863
43.68,11.259791166612553,3.5369032412022414,26.95102103980471,10.0,10.0,15.0,13.644984330914857
43.69,11.267933337539283,3.5421323992123845,26.95509958936248,10.0,10.0,15.0,13.646835350707534
43.7,11.276071623565388,3.547365414539198,26.959174127589197,10.0,10.0,15.0,13.648688497286196
43.71,11.284206025123243,3.552602286736347,26.96324465491149,10.0,10.0,15.0,13.650543764305823
43.72,11.29233654192946,3.557843016057998,26.96731117102993,10.0,10.0,15.0,13.652401144400082
43.730000000000004,11.30046317410181,3.563087602350811,26.971373676070414,10.0,10.0,15.0,13.654260630818369
43.74,11.308585921555377,3.5683360456547963,26.975432169959564,10.0,10.0,15.0,13.656122216537854
43.75,11.316704784263989,3.57358834594496,26.97948665269327,10.0,10.0,15.0,13.65798589464546
43.76,11.324819762195961,3.5788445031963736,26.983537124268324,10.0,10.0,15.0,13.65985165824115
43.77,11.332930855314954,3.5841045173845325,26.987583584681776,10.0,10.0,15.0,13.661719500437277
43.78,11.341038063580749,3.5893683884856586,26.991626033930544,10.0,10.0,15.0,13.663589414358153
43.79,11.349141386878962,3.5946361165476675,26.99566447193793,10.0,10.0,15.0,13.66546139303533
43.800000000000004,11.357240825306324,3.5999077014080036,26.999698898848212,10.0,10.0,15.0,13.667335429826611
43.81,11.36533637852893,3.6051831433317103,27.00372931436459,10.0,10.0,15.0,13.669211517472368
43.82,11.373428046930075,3.61046244187248,27.00775571893489,10.0,10.0,15.0,13.671089649783953
43.83,11.381515830245851,3.6157455972284946,27.01177811234448,10.0,10.0,15.0,13.672969819637764
43.84,11.389599728428362,3.621032609385776,27.01579649460563,10.0,10.0,15.0,13.674852020243026
43.85,11.39767974143052,3.62632347833232,27.01981086573263,10.0,10.0,15.0,13.676736244822713
43.86,11.40575586920658,3.6316182040581144,27.023821225740775,10.0,10.0,15.0,13.67862248661272
43.87,11.41382811171248,3.6369167865550374,27.02782757464588,10.0,10.0,15.0,13.680510738861518
43.88,11.421896468906205,3.642219225816775,27.031829912463945,10.0,10.0,15.0,13.682400994829962
43.89,11.429960940748064,3.6475255218387006,27.035828239211103,10.0,10.0,15.0,13.684293247791324
43.9,11.438021527200945,3.6528356746177715,27.039822554903456,10.0,10.0,15.0,13.686187491031246
43.910000000000004,11.446078228230533,3.6581496841524026,27.043812859557093,10.0,10.0,15.0,13.68808371784785
43.92,11.454131043805386,3.6634675504422805,27.04779915318801,10.0,10.0,15.0,13.689981921551766
43.93,11.462179973897129,3.6687892734882914,27.051781435812124,10.0,10.0,15.0,13.691882095466221
43.94,11.47022501848047,3.6741148532923344,27.05575970744522,10.0,10.0,15.0,13.693784232927076
43.95,11.478266177533214,3.6794442898571833,27.059733968102954,10.0,10.0,15.0,13.695688327282928
43.96,11.486303451036298,3.684777583186369,27.063704217800844,10.0,10.0,15.0,13.69759437189515
43.97,11.494336838973714,3.6901147332840334,27.06767045655424,10.0,10.0,15.0,13.699502360137947
43.980000000000004,11.502366341332454,3.6954557401548027,27.07163268437833,10.0,10.0,15.0,13.701412285398424
43.99,11.510391958102355,3.7008006038036494,27.075590901288113,10.0,10.0,15.0,13.703324141076608
44.0,11.518413689276084,3.7061493242358314,27.079545107298404,10.0,10.0,15.0,13.705237920585505
44.01,11.526431534848905,3.711501901456744,27.0834953024238,10.0,10.0,15.0,13.7071536173511
44.02,11.534445494818566,3.716858335471852,27.087441486678706,10.0,10.0,15.0,13.709071224812426
44.03,11.54245556918506,3.722218626286563,27.091383660077284,10.0,10.0,15.0,13.710990736421541
44.04,11.550461757950535,3.727582773906229,27.095321822633483,10.0,10.0,15.0,13.71291214564356
44.050000000000004,11.558464061119013,3.732950778336001,27.099255974360982,10.0,10.0,15.0,13.714835445956645
44.06,11.566462478696254,3.738322639580833,27.103186115273232,10.0,10.0,15.0,13.71676063085202
44.07,11.574457010689498,3.7436983576454024,27.107112245383398,10.0,10.0,15.0,13.718687693833939
44.08,11.58244765710733,3.749077932534101,27.11103436470439,10.0,10.0,15.0,13.720616628419705
44.09,11.59043441795941,3.7544613642509774,27.114952473248824,10.0,10.0,15.0,13.722547428139626
44.1,11.598417293256311,3.7598486527997355,27.11886657102902,10.0,10.0,15.0,13.724480086537005
44.11,11.606396283009328,3.7652397981837162,27.122776658057006,10.0,10.0,15.0,13.726414597168127
44.12,11.614371387230321,3.7706348004059143,27.126682734344502,10.0,10.0,15.0,13.728350953602217
44.13,11.622342605931468,3.7760336594689305,27.1305847999029,10.0,10.0,15.0,13.730289149421417
44.14,11.630309939125171,3.7814363753750206,27.134482854743265,10.0,10.0,15.0,13.732229178220758
44.15,11.638273386823856,3.786842948126086,27.138376898876338,10.0,10.0,15.0,13.73417103360813
44.160000000000004,11.64623294903987,3.792253377723695,27.14226693231249,10.0,10.0,15.0,13.736114709204228
44.17,11.654188625785318,3.797667664169096,27.146152955061762,10.0,10.0,15.0,13.738060198642556
44.18,11.662140417071983,3.803085807463252,27.150034967133834,10.0,10.0,15.0,13.740007495569369
44.19,11.670088322911196,3.808507807606849,27.15391296853802,10.0,10.0,15.0,13.741956593643655
44.2,11.678032343313745,3.8139336646003184,27.15778695928324,10.0,10.0,15.0,13.743907486537076
44.21,11.685972478289814,3.8193633784438767,27.161656939378062,10.0,10.0,15.0,13.74586016793398
44.22,11.693908727848902,3.8247969491375335,27.165522908830635,10.0,10.0,15.0,13.747814631531325
44.230000000000004,11.701841091999814,3.830234376681152,27.169384867648745,10.0,10.0,15.0,13.749770871038702
44.24,11.709769570750566,3.835675661074432,27.173242815839767,10.0,10.0,15.0,13.751728880178275
44.25,11.71769416410837,3.8411208023169428,27.177096753410666,10.0,10.0,15.0,13.753688652684763
44.26,11.725614872079667,3.846569800408187,27.18094668036801,10.0,10.0,15.0,13.755650182305432
44.27,11.733531694670079,3.852022655347585,27.184792596717948,10.0,10.0,15.0,13.757613462800066
44.28,11.741444631884393,3.8574793671344905,27.188634502466197,10.0,10.0,15.0,13.759578487940932
44.29,11.749353683726616,3.862939935768228,27.19247239761806,10.0,10.0,15.0,13.761545251512807
44.300000000000004,11.7572588502,3.8684043612481296,27.196306282178433,10.0,10.0,15.0,13.76351374731294
44.31,11.765160131307026,3.873872643573507,27.20013615615175,10.0,10.0,15.0,13.765483969151033
44.32,11.773057527049463,3.879344782743687,27.20396201954202,10.0,10.0,15.0,13.767455910849245
44.33,11.780951037428418,3.8848207787580336,27.207783872352817,10.0,10.0,15.0,13.769429566242183
44.34,11.78884066244436,3.890300631615935,27.21160171458728,10.0,10.0,15.0,13.77140492917691
44.35,11.796726402097152,3.895784341316812,27.215415546248096,10.0,10.0,15.0,13.77338199351291
44.36,11.80460825638618,3.901271907860172,27.219225367337508,10.0,10.0,15.0,13.775360753122117
44.37,11.812486225310291,3.9067633312455405,27.223031177857337,10.0,10.0,15.0,13.77734120188892
44.38,11.82036030886792,3.9122586114725078,27.226832977808925,10.0,10.0,15.0,13.77932333371012
44.39,11.828230507057118,3.9177577485407142,27.230630767193162,10.0,10.0,15.0,13.781307142494969
44.4,11.83609681987563,3.9232607424498696,27.23442454601051,10.0,10.0,15.0,13.783292622165167
44.410000000000004,11.843959247320928,3.9287675931997414,27.238214314260976,10.0,10.0,15.0,13.785279766654874
44.42,11.851817789390255,3.934278300790132,27.24200007194411,10.0,10.0,15.0,13.787268569910692
44.43,11.859672446080681,3.9397928652209,27.245781819059015,10.0,10.0,15.0,13.789259025891694
44.44,11.867523217389182,3.945311286491962,27.24955955560433,10.0,10.0,15.0,13.791251128569394
44.45,11.875370103312651,3.9508335646032715,27.253333281578275,10.0,10.0,15.0,13.793244871927818
44.46,11.8832131038479,3.9563596995547887,27.257102996978574,10.0,10.0,15.0,13.79524024996343
44.47,11.891052218991803,3.9618896913465305,27.26086870180255,10.0,10.0,15.0,13.797237256685213
44.480000000000004,11.89888744874126,3.967423539978537,27.264630396047046,10.0,10.0,15.0,13.799235886114612
44.49,11.906718793093232,3.972961245450853,27.268388079708473,10.0,10.0,15.0,13.801236132285585
44.5,11.914546252044797,3.978502807763547,27.272141752782783,10.0,10.0,15.0,13.80323798924458
44.51,11.922369825593172,3.9840482269166992,27.27589141526552,10.0,10.0,15.0,13.805241451050572
44.52,11.930189513735725,3.9895975029103905,27.27963706715176,10.0,10.0,15.0,13.807246511775034
44.53,11.938005316469942,3.995150635744679,27.28337870843615,10.0,10.0,15.0,13.809253165501957
44.54,11.94581723379357,4.000707625419642,27.28711633911291,10.0,10.0,15.0,13.811261406327864
44.550000000000004,11.95362526570451,4.006268471935333,27.290849959175816,10.0,10.0,15.0,13.813271228361788
44.56,11.961429412200875,4.011833175291792,27.294579568618243,10.0,10.0,15.0,13.815282625725317
44.57,11.969229673281001,4.017401735489052,27.298305167433117,10.0,10.0,15.0,13.817295592552542
44.58,11.977026048943442,4.022974152527122,27.302026755612964,10.0,10.0,15.0,13.819310122990112
44.59,11.98481853918694,4.028550426405979,27.305744333149885,10.0,10.0,15.0,13.821326211197206
44.6,11.992607144010483,4.034130557125594,27.309457900035586,10.0,10.0,15.0,13.823343851345545
44.61,12.000391863413242,4.039714544685906,27.313167456261347,10.0,10.0,15.0,13.825363037619379
44.62,12.008172697394595,4.045302389086826,27.316873001818063,10.0,10.0,15.0,13.827383764215517
44.63,12.015949645954134,4.050894090328261,27.320574536696256,10.0,10.0,15.0,13.829406025343316
44.64,12.023722709091597,4.056489648410059,27.324272060886006,10.0,10.0,15.0,13.831429815224643
44.65,12.031491886806936,4.062089063332086,27.327965574377057,10.0,10.0,15.0,13.833455128093945
44.660000000000004,12.03925717910024,4.06769233509417,27.331655077158775,10.0,10.0,15.0,13.835481958198207
44.67,12.047018585971717,4.073299463696099,27.335340569220126,10.0,10.0,15.0,13.837510299796943
44.68,12.05477610742176,4.078910449137677,27.33902205054974,10.0,10.0,15.0,13.839540147162225
44.69,12.062529743450865,4.084525291418681,27.342699521135888,10.0,10.0,15.0,13.841571494578671
44.7,12.070279494059633,4.090143990538874,27.346372980966496,10.0,10.0,15.0,13.843604336343448
44.71,12.078025359248727,4.095766546497998,27.350042430029124,10.0,10.0,15.0,13.845638666766247
44.72,12.085767339018934,4.101392959295811,27.353707868311034,10.0,10.0,15.0,13.847674480169337
44.730000000000004,12.09350543337107,4.107023228932046,27.35736929579914,10.0,10.0,15.0,13.849711770887508
44.74,12.101239642306005,4.112657355406425,27.36102671248003,10.0,10.0,15.0,13.851750533268104
44.75,12.108969965824668,4.118295338718697,27.364680118340008,10.0,10.0,15.0,13.853790761671023
44.76,12.116696403927987,4.123937178868594,27.368329513365065,10.0,10.0,15.0,13.85583245046871
44.77,12.124418956616903,4.129582875855851,27.371974897540913,10.0,10.0,15.0,13.857875594046174
44.78,12.132137623892369,4.135232429680214,27.37561627085296,10.0,10.0,15.0,13.859920186800952
44.79,12.139852405755322,4.14088584034143,27.37925363328635,10.0,10.0,15.0,13.861966223143154
44.800000000000004,12.147563302206699,4.146543107839273,27.38288698482597,10.0,10.0,15.0,13.864013697495443
44.81,12.155270313247403,4.152204232173515,27.38651632545645,10.0,10.0,15.0,13.866062604293049
44.82,12.162973438878282,4.157869213343929,27.390141655162168,10.0,10.0,15.0,13.868112937983753
44.83,12.17067267910017,4.163538051350325,27.393762973927274,10.0,10.0,15.0,13.870164693027913
44.84,12.178368033913868,4.169210746192522,27.397380281735682,10.0,10.0,15.0,13.872217863898449
44.85,12.186059503320072,4.174887297870326,27.400993578571107,10.0,10.0,15.0,13.87427244508087
44.86,12.193747087319494,4.1805677063835995,27.404602864417058,10.0,10.0,15.0,13.87632843107326
44.87,12.201430785912752,4.186251971732194,27.408208139256832,10.0,10.0,15.0,13.878385816386276
44.88,12.209110599100429,4.191940093915991,27.41180940307358,10.0,10.0,15.0,13.88044459554319
44.89,12.216786526883029,4.197632072934876,27.415406655850244,10.0,10.0,15.0,13.882504763079849
44.9,12.224458569261008,4.203327908788755,27.418999897569627,10.0,10.0,15.0,13.884566313544708
44.910000000000004,12.232126726234785,4.209027601477567,27.422589128214376,10.0,10.0,15.0,13.886629241498827
44.92,12.239790997804675,4.2147311510012155,27.42617434776699,10.0,10.0,15.0,13.888693541515883
44.93,12.247451383970985,4.2204385573596666,27.429755556209855,10.0,10.0,15.0,13.890759208182168
44.94,12.255107884733949,4.22614982055288,27.433332753525246,10.0,10.0,15.0,13.892826236096615
44.95,12.262760500093753,4.231864940580827,27.436905939695315,10.0,10.0,15.0,13.894894619870772
44.96,12.270409230050523,4.237583917443474,27.440475114702114,10.0,10.0,15.0,13.89696435412883
44.97,12.278054074604382,4.243306751140831,27.444040278527662,10.0,10.0,15.0,13.899035433507649
44.980000000000004,12.285695033471349,4.2490334419548255,27.447601430860768,10.0,10.0,15.0,13.901107852230936
44.99,12.29333210678964,4.254763989748276,27.45115857182781,10.0,10.0,15.0,13.903181605169607
45.0,12.300965295134871,4.26049839394981,27.454711702013345,10.0,10.0,15.0,13.905256687869374
45.01,12.308594598077073,4.26623665498619,27.45826082097449,10.0,10.0,15.0,13.90733309439026
45.02,12.316220015616075,4.271978772857542,27.461805928719905,10.0,10.0,15.0,13.909410819456506
45.03,12.32384154775165,4.277724747563987,27.465347025262364,10.0,10.0,15.0,13.911489857808748
45.04,12.331459194483582,4.283474579105675,27.468884110616877,10.0,10.0,15.0,13.913570204202339
45.050000000000004,12.339072955811602,4.289228267482746,27.47241718479969,10.0,10.0,15.0,13.915651853406434
45.06,12.346682831735437,4.294985812695336,27.475946247827768,10.0,10.0,15.0,13.917734800203554
45.07,12.354288822254802,4.300747214743574,27.479471299718476,10.0,10.0,15.0,13.919819039389276
45.08,12.36189092736942,4.306512473627604,27.482992340489414,10.0,10.0,15.0,13.921904565772078
45.09,12.369489147079,4.312281589347544,27.486509370158274,10.0,10.0,15.0,13.923991374173227
45.1,12.377083481383249,4.318054561903512,27.490022388742787,10.0,10.0,15.0,13.926079459426715
45.11,12.38467393028189,4.3238313912956325,27.493531396260696,10.0,10.0,15.0,13.928168816379227
45.12,12.392260493774652,4.329612077524015,27.497036392729665,10.0,10.0,15.0,13.93025943989006
45.13,12.39984317186125,4.335396620588764,27.500537378167305,10.0,10.0,15.0,13.932351324831146
45.14,12.407421964541408,4.341185020489972,27.504034352591088,10.0,10.0,15.0,13.93444446608696
45.15,12.414996871814886,4.346977277227744,27.507527316018393,10.0,10.0,15.0,13.936538858554567
45.160000000000004,12.422567893681428,4.352773390802168,27.511016268466456,10.0,10.0,15.0,13.938634497143557
45.17,12.43013503014081,4.3585733612133355,27.514501209952375,10.0,10.0,15.0,13.940731376776068
45.18,12.437698281192798,4.364377188461326,27.517982140493057,10.0,10.0,15.0,13.942829492386705
45.19,12.445257646837193,4.370184872546233,27.521459060105247,10.0,10.0,15.0,13.944928838922586
45.2,12.452813127073805,4.375996413468131,27.52493196880549,10.0,10.0,15.0,13.947029411343287
45.21,12.460364721902435,4.381811811227091,27.528400866610145,10.0,10.0,15.0,13.949131204620855
45.22,12.46791243132292,4.387631065823193,27.531865753535328,10.0,10.0,15.0,13.951234213739754
45.230000000000004,12.475456255335109,4.393454177256515,27.535326629596966,10.0,10.0,15.0,13.953338433696898
45.24,12.482996193938847,4.399281145527122,27.53878349481073,10.0,10.0,15.0,13.955443859501594
45.25,12.490532247134007,4.405111970635093,27.542236349192052,10.0,10.0,15.0,13.957550486175556
45.26,12.498064414920464,4.410946652580492,27.5456851927561,10.0,10.0,15.0,13.95965830875286
45.27,12.505592697298127,4.416785191363404,27.54913002551779,10.0,10.0,15.0,13.96176732227997
45.28,12.513117094266867,4.422627586983881,27.552570847491737,10.0,10.0,15.0,13.963877521815672
45.29,12.520637605826616,4.428473839442009,27.556007658692284,10.0,10.0,15.0,13.965988902431102
45.300000000000004,12.528154231977293,4.434323948737863,27.559440459133487,10.0,10.0,15.0,13.968101459209723
45.31,12.535666972718817,4.44017791487151,27.56286924882908,10.0,10.0,15.0,13.970215187247293
45.32,12.543175828051135,4.4460357378430295,27.566294027792484,10.0,10.0,15.0,13.972330081651858
45.33,12.550680797974168,4.451897417652483,27.5697147960368,10.0,10.0,15.0,13.974446137543762
45.34,12.558181882487874,4.457762954299953,27.57313155357478,10.0,10.0,15.0,13.976563350055583
45.35,12.565679081592195,4.463632347785513,27.57654430041885,10.0,10.0,15.0,13.97868171433217
45.36,12.573172395287095,4.469505598109239,27.57995303658108,10.0,10.0,15.0,13.980801225530607
45.37,12.580661823572525,4.475382705271213,27.583357762073184,10.0,10.0,15.0,13.982921878820198
45.38,12.588147366448446,4.481263669271509,27.586758476906486,10.0,10.0,15.0,13.98504366938244
45.39,12.595629023914809,4.487148490110197,27.59015518109196,10.0,10.0,15.0,13.987166592411056
45.4,12.60310679597158,4.493037167787361,27.593547874640187,10.0,10.0,15.0,13.98929064311194
45.410000000000004,12.610580682618728,4.498929702303086,27.596936557561353,10.0,10.0,15.0,13.991415816703146
45.42,12.618050683856202,4.504826093657445,27.600321229865266,10.0,10.0,15.0,13.993542108414916
45.43,12.625516799683966,4.510726341850516,27.603701891561304,10.0,10.0,15.0,13.995669513489613
45.44,12.632979030101994,4.516630446882392,27.607078542658435,10.0,10.0,15.0,13.99779802718173
45.45,12.640437375110226,4.522538408753139,27.610451183165225,10.0,10.0,15.0,13.999927644757912
45.46,12.647891834708611,4.5284502274628355,27.613819813089805,10.0,10.0,15.0,14.00205836149689
45.47,12.655342408897104,4.53436590301156,27.617184432439874,10.0,10.0,15.0,14.004190172689503
45.480000000000004,12.66278909767567,4.540285435399403,27.620545041222705,10.0,10.0,15.0,14.006323073638683
45.49,12.670231901044234,4.546208824626423,27.623901639445116,10.0,10.0,15.0,14.008457059659428
45.5,12.677670819002756,4.552136070692712,27.627254227113497,10.0,10.0,15.0,14.010592126078826
45.51,12.685105851551175,4.558067173598345,27.630602804233778,10.0,10.0,15.0,14.012728268236005
45.52,12.692536998689423,4.564002133343392,27.63394737081142,10.0,10.0,15.0,14.014865481482133
45.53,12.69996426041744,4.56994094992793,27.637287926851457,10.0,10.0,15.0,14.017003761180442
45.54,12.70738763673517,4.575883623352039,27.64062447235843,10.0,10.0,15.0,14.019143102706167
45.550000000000004,12.714807127642535,4.581830153615782,27.643957007336425,10.0,10.0,15.0,14.02128350144657
45.56,12.722222733139455,4.587780540719228,27.64728553178906,10.0,10.0,15.0,14.023424952800923
45.57,12.729634453225856,4.593734784662453,27.65061004571947,10.0,10.0,15.0,14.025567452180493
45.58,12.737042287901687,4.599692885445531,27.653930549130337,10.0,10.0,15.0,14.027710995008547
45.59,12.744446237166848,4.605654843068518,27.657247042023837,10.0,10.0,15.0,14.029855576720331
45.6,12.751846301021269,4.611620657531486,27.660559524401677,10.0,10.0,15.0,14.032001192763056
45.61,12.759242479464865,4.61759032883449,27.663867996265093,10.0,10.0,15.0,14.034147838595926
45.62,12.766634772497559,4.623563856977601,27.667172457614832,10.0,10.0,15.0,14.036295509690083
45.63,12.774023180119277,4.62954124196088,27.67047290845115,10.0,10.0,15.0,14.038444201528625
45.64,12.781407702329915,4.635522483784371,27.673769348773803,10.0,10.0,15.0,14.040593909606585
45.65,12.788788339129407,4.641507582448143,27.6770617785821,10.0,10.0,15.0,14.04274462943096
45.660000000000004,12.796165090517688,4.647496537952262,27.68035019787485,10.0,10.0,15.0,14.04489635652067
45.67,12.803537956494653,4.653489350296758,27.68363460665037,10.0,10.0,15.0,14.047049086406556
45.68,12.810906937060228,4.659486019481691,27.68691500490648,10.0,10.0,15.0,14.049202814631371
45.69,12.818272032214338,4.665486545507113,27.690191392640543,10.0,10.0,15.0,14.051357536749796
45.7,12.825633241956906,4.671490928373072,27.69346376984942,10.0,10.0,15.0,14.053513248328413
45.71,12.832990566287863,4.677499168079622,27.6967321365295,10.0,10.0,15.0,14.055669944945711
45.72,12.840344005207111,4.683511264626785,27.69999649267668,10.0,10.0,15.0,14.057827622192065
45.730000000000004,12.847693558714603,4.689527218014624,27.7032568382864,10.0,10.0,15.0,14.05998627566977
45.74,12.855039226810268,4.695547028243176,27.706513173353624,10.0,10.0,15.0,14.062145900993006
45.75,12.862381009494024,4.701570695312473,27.7097654978728,10.0,10.0,15.0,14.064306493787791
45.76,12.869718906765817,4.707598219222554,27.71301381183797,10.0,10.0,15.0,14.066468049692093
45.77,12.877052918625585,4.71362959997346,27.716258115242674,10.0,10.0,15.0,14.068630564355718
45.78,12.884383045073273,4.719664837565216,27.71949840807999,10.0,10.0,15.0,14.070794033440356
45.79,12.891709286108828,4.725703931997862,27.722734690342545,10.0,10.0,15.0,14.072958452619565
45.800000000000004,12.899031641732192,4.7317468832714225,27.725966962022504,10.0,10.0,15.0,14.075123817578769
45.81,12.906350111943299,4.7377936913859084,27.729195223111592,10.0,10.0,15.0,14.077290124015267
45.82,12.91366469674212,4.743844356341362,27.732419473601087,10.0,10.0,15.0,14.079457367638218
45.83,12.920975396128615,4.749898878137806,27.735639713481817,10.0,10.0,15.0,14.081625544168634
45.84,12.928282210102749,4.755957256775265,27.738855942744202,10.0,10.0,15.0,14.083794649339413
45.85,12.935585138664475,4.7620194922537475,27.74206816137821,10.0,10.0,15.0,14.08596467889529
45.86,12.94288418181376,4.768085584573273,27.7452763693734,10.0,10.0,15.0,14.088135628592863
45.87,12.950179339550578,4.774155533733857,27.748480566718882,10.0,10.0,15.0,14.090307494200564
45.88,12.957470611874916,4.780229339735521,27.75168075340342,10.0,10.0,15.0,14.092480271498728
45.89,12.964757998786725,4.786307002578261,27.75487692941531,10.0,10.0,15.0,14.094653956279496
45.9,12.972041500285997,4.7923885222620894,27.758069094742503,10.0,10.0,15.0,14.096828544346904
45.910000000000004,12.979321116372715,4.798473898787014,27.761257249372527,10.0,10.0,15.0,14.099004031516808
45.92,12.986596847046862,4.804563132153039,27.764441393292543,10.0,10.0,15.0,14.10118041361693
45.93,12.993868692308428,4.810656222360161,27.767621526489346,10.0,10.0,15.0,14.103357686486861
45.94,13.001136652157415,4.816753169408388,27.770797648949358,10.0,10.0,15.0,14.105535845978027
45.95,13.008400726593806,4.822853973297707,27.773969760658648,10.0,10.0,15.0,14.107714887953719
45.96,13.01566091561761,4.828958634028122,27.777137861602945,10.0,10.0,15.0,14.109894808289091
45.97,13.022917219228825,4.835067151599621,27.780301951767633,10.0,10.0,15.0,14.112075602871144
45.980000000000004,13.030169637427461,4.8411795260122,27.783462031137763,10.0,10.0,15.0,14.114257267598738
45.99,13.037418170213515,4.847295757265841,27.78661809969808,10.0,10.0,15.0,14.116439798382608
46.0,13.044662817586998,4.853415845360525,27.789770157433004,10.0,10.0,15.0,14.118623191145332
46.01,13.051903579547924,4.859539790296243,27.792918204326664,10.0,10.0,15.0,14.120807441821363
46.02,13.059140456096317,4.865667592072977,27.796062240362904,10.0,10.0,15.0,14.122992546357029
46.03,13.06637344723218,4.871799250690694,27.799202265525278,10.0,10.0,15.0,14.125178500710513
46.04,13.073602552955544,4.877934766149382,27.802338279797087,10.0,10.0,15.0,14.127365300851887
46.050000000000004,13.080827773266437,4.8840741384490185,27.80547028316135,10.0,10.0,15.0,14.129552942763064
46.06,13.088049108164862,4.890217367589559,27.808598275600847,10.0,10.0,15.0,14.131741422437864
46.07,13.095266557650858,4.896364453570978,27.811722257098136,10.0,10.0,15.0,14.133930735881982
46.08,13.102480121724463,4.902515396393255,27.814842227635538,10.0,10.0,15.0,14.13612087911299
46.09,13.109689800385713,4.908670196056353,27.817958187195156,10.0,10.0,15.0,14.138311848160344
46.1,13.116895593634618,4.91482885256022,27.821070135758905,10.0,10.0,15.0,14.140503639065399
46.11,13.124097501471235,4.920991365904826,27.824178073308488,10.0,10.0,15.0,14.14269624788139
46.12,13.131295523895597,4.927157736090132,27.827281999825445,10.0,10.0,15.0,14.144889670673457
46.13,13.138489660907743,4.933327963116091,27.83038191529114,10.0,10.0,15.0,14.147083903518636
46.14,13.145679912507715,4.939502046982658,27.833477819686795,10.0,10.0,15.0,14.149278942505875
46.15,13.152866278695566,4.9456799876897835,27.836569712993473,10.0,10.0,15.0,14.151474783736022
46.160000000000004,13.160048759471335,4.951861785237416,27.839657595192115,10.0,10.0,15.0,14.153671423321839
46.17,13.16722735483507,4.9580474396255045,27.842741466263547,10.0,10.0,15.0,14.155868857388008
46.18,13.17440206478683,4.964236950853996,27.845821326188474,10.0,10.0,15.0,14.158067082071119
46.19,13.181572889326654,4.9704303189228325,27.848897174947528,10.0,10.0,15.0,14.160266093519697
46.2,13.188739828388671,4.976627543897421,27.851969012453168,10.0,10.0,15.0,14.162465887794355
46.21,13.195902882104807,4.982828625646772,27.8550368388226,10.0,10.0,15.0,14.164666461267677
46.22,13.203062050311365,4.989033564333383,27.85810065387198,10.0,10.0,15.0,14.166867809880392
46.230000000000004,13.210217333203966,4.995242359763121,27.861160457798192,10.0,10.0,15.0,14.169069930138123
46.24,13.217368730684738,5.001455012033059,27.864216250505926,10.0,10.0,15.0,14.171272818123928
46.25,13.224516242753657,5.007671521143284,27.867268032007082,10.0,10.0,15.0,14.17347647008656
46.26,13.231659869410615,5.013891887093845,27.87031580231677,10.0,10.0,15.0,14.175680882289655
46.27,13.238799610655564,5.020116109884832,27.873359561451945,10.0,10.0,15.0,14.177886051010475
46.28,13.245935466488419,5.026344189516316,27.87639930943055,10.0,10.0,15.0,14.180091972539143
46.29,13.253067436909088,5.032576125988371,27.87943504627113,10.0,10.0,15.0,14.182298643178262
46.300000000000004,13.260195521917506,5.038811919301082,27.88246677199253,10.0,10.0,15.0,14.184506059242654
46.31,13.267319721513578,5.045051569454509,27.885494486613798,10.0,10.0,15.0,14.186714217059262
46.32,13.274440035697246,5.0512950764487385,27.88851819015405,10.0,10.0,15.0,14.188923112967004
46.33,13.281556464468427,5.057542440283836,27.891537882632413,10.0,10.0,15.0,14.191132743316741
46.34,13.288669007827059,5.06379366095988,27.894553564067987,10.0,10.0,15.0,14.19334310447121
46.35,13.29577766577307,5.070048738476937,27.89756523447977,10.0,10.0,15.0,14.195554192804966
46.36,13.302882438306394,5.076307672835071,27.900572893886704,10.0,10.0,15.0,14.1977660047044
46.37,13.309983325426966,5.082570464034339,27.903576542307572,10.0,10.0,15.0,14.199978536567661
46.38,13.317080327134732,5.088837112074814,27.90657617976105,10.0,10.0,15.0,14.20219178480467
46.39,13.324173443429634,5.095107616956547,27.909571806265635,10.0,10.0,15.0,14.204405745837068
46.4,13.331262674311606,5.101381978679585,27.912563421839668,10.0,10.0,15.0,14.206620416098215
46.410000000000004,13.338348019780618,5.107660197244002,27.9155510265013,10.0,10.0,15.0,14.20883579203316
46.42,13.345429479836602,5.113942272649831,27.91853462026848,10.0,10.0,15.0,14.211051870098617
46.43,13.352507054479535,5.120228204897133,27.92151420315896,10.0,10.0,15.0,14.21326864676297
46.44,13.35958074370936,5.126517993985949,27.924489775190242,10.0,10.0,15.0,14.215486118506204
46.45,13.366650547526042,5.132811639916314,27.9274613363796,10.0,10.0,15.0,14.217704281819938
46.46,13.373716465929547,5.139109142688275,27.930428886744092,10.0,10.0,15.0,14.2199231332074
46.47,13.380778498919835,5.145410502301861,27.93339242630046,10.0,10.0,15.0,14.222142669183356
46.480000000000004,13.387836646496892,5.151715718757115,27.93635195506523,10.0,10.0,15.0,14.224362886274173
46.49,13.394890908660683,5.158024792054062,27.939307473054612,10.0,10.0,15.0,14.22658378101774
46.5,13.401941285411176,5.164337722192727,27.942258980284535,10.0,10.0,15.0,14.228805349963466
46.51,13.40898777674836,5.170654509173141,27.945206476770604,10.0,10.0,15.0,14.231027589672259
46.52,13.41603038267223,5.176975152995337,27.948149962528152,10.0,10.0,15.0,14.23325049671655
46.53,13.423069103182756,5.183299653659319,27.951089437572147,10.0,10.0,15.0,14.235474067680208
46.54,13.430103938279938,5.189628011165113,27.954024901917247,10.0,10.0,15.0,14.237698299158575
46.550000000000004,13.437134887963769,5.195960225512733,27.956956355577752,10.0,10.0,15.0,14.239923187758425
46.56,13.444161952234227,5.2022962967021815,27.959883798567585,10.0,10.0,15.0,14.242148730097929
46.57,13.45118513109133,5.208636224733482,27.962807230900346,10.0,10.0,15.0,14.244374922806701
46.58,13.458204424535083,5.214980009606635,27.96572665258924,10.0,10.0,15.0,14.246601762525726
46.59,13.465219832565493,5.2213276513216496,27.96864206364709,10.0,10.0,15.0,14.24882924590736
46.6,13.472231355182542,5.227679149878509,27.97155346408632,10.0,10.0,15.0,14.251057369615312
46.61,13.47923899238626,5.234034505277225,27.974460853918973,10.0,10.0,15.0,14.253286130324646
46.62,13.486242744176666,5.240393717517791,27.977364233156653,10.0,10.0,15.0,14.255515524721726
46.63,13.493242610553773,5.246756786600206,27.98026360181058,10.0,10.0,15.0,14.257745549504254
46.64,13.50023859151761,5.253123712524459,27.983158959891526,10.0,10.0,15.0,14.259976201381205
46.65,13.507230687068173,5.259494495290527,27.986050307409826,10.0,10.0,15.0,14.262207477072838
46.660000000000004,13.514218897205513,5.265869134898401,27.988937644375394,10.0,10.0,15.0,14.264439373310687
46.67,13.521203221929655,5.272247631348064,27.991820970797683,10.0,10.0,15.0,14.266671886837527
46.68,13.528183661240613,5.278629984639483,27.994700286685703,10.0,10.0,15.0,14.268905014407379
46.69,13.535160215138449,5.285016194772659,27.997575592047994,10.0,10.0,15.0,14.271138752785482
46.7,13.542132883623195,5.291406261747555,28.000446886892632,10.0,10.0,15.0,14.273373098748285
46.71,13.54910166669488,5.29780018556413,28.003314171227217,10.0,10.0,15.0,14.275608049083433
46.72,13.556066564353557,5.3041979662223735,28.006177445058885,10.0,10.0,15.0,14.277843600589756
46.730000000000004,13.563027576599263,5.310599603722236,28.00903670839426,10.0,10.0,15.0,14.280079750077245
46.74,13.569984703432052,5.317005098063685,28.01189196123951,10.0,10.0,15.0,14.282316494367072
46.75,13.576937944851977,5.323414449246681,28.01474320360029,10.0,10.0,15.0,14.284553830291536
46.76,13.583887300859095,5.329827657271188,28.017590435481765,10.0,10.0,15.0,14.286791754694072
46.77,13.59083277145347,5.3362447221371685,28.020433656888613,10.0,10.0,15.0,14.289030264429265
46.78,13.597774356635139,5.342665643844554,28.023272867824975,10.0,10.0,15.0,14.291269356362765
46.79,13.60471205640419,5.349090422393319,28.0261080682945,10.0,10.0,15.0,14.293509027371353
46.800000000000004,13.61164587076068,5.355519057783407,28.028939258300333,10.0,10.0,15.0,14.295749274342896
46.81,13.618575799704669,5.3619515500147505,28.03176643784509,10.0,10.0,15.0,14.297990094176333
46.82,13.62550184323623,5.368387899087301,28.03458960693088,10.0,10.0,15.0,14.300231483781678
46.83,13.632424001355437,5.374828105000999,28.0374087655593,10.0,10.0,15.0,14.30247344008001
46.84,13.63934227406237,5.38127216775579,28.040223913731413,10.0,10.0,15.0,14.304715960003449
46.85,13.646256661357114,5.387720087351613,28.043035051447777,10.0,10.0,15.0,14.306959040495164
46.86,13.653167163239734,5.394171863788391,28.045842178708412,10.0,10.0,15.0,14.309202678509346
46.87,13.66007377971031,5.400627497066053,28.0486452955128,10.0,10.0,15.0,14.311446871011194
46.88,13.666976510768945,5.407086987184551,28.051444401859953,10.0,10.0,15.0,14.313691614976976
46.89,13.673875356415715,5.41355033414379,28.05423949774831,10.0,10.0,15.0,14.315936907393915
46.9,13.680770316650705,5.4200175379437,28.0570305831758,10.0,10.0,15.0,14.31818274526025
46.910000000000004,13.687661391474021,5.426488598584219,28.05981765813985,10.0,10.0,15.0,14.320429125585228
46.92,13.694548580885733,5.432963516065244,28.06260072263733,10.0,10.0,15.0,14.322676045389048
46.93,13.701431884885961,5.439442290386717,28.065379776664617,10.0,10.0,15.0,14.32492350170291
46.94,13.708311303474787,5.445924921548545,28.068154820217565,10.0,10.0,15.0,14.327171491568986
46.95,13.715186836652324,5.452411409550651,28.070925853291506,10.0,10.0,15.0,14.329420012040407
46.96,13.72205848441866,5.458901754392941,28.073692875881264,10.0,10.0,15.0,14.331669060181266
46.97,13.728926246773904,5.4653959560753265,28.07645588798115,10.0,10.0,15.0,14.333918633066613
46.980000000000004,13.735790123718168,5.471894014597727,28.079214889584968,10.0,10.0,15.0,14.336168727782441
46.99,13.74265011525154,5.478395929960035,28.081969880686007,10.0,10.0,15.0,14.338419341425684
47.0,13.74950622137414,5.484901702162167,28.084720861277066,10.0,10.0,15.0,14.340670471104227
47.01,13.756358442086087,5.491411331204034,28.087467831350462,10.0,10.0,15.0,14.342922113936893
47.02,13.76320677738748,5.497924817085533,28.09021079089799,10.0,10.0,15.0,14.34517426705342
47.03,13.770051227278435,5.504442159806567,28.09294973991099,10.0,10.0,15.0,14.34742692759449
47.04,13.776891791759066,5.510963359367038,28.09568467838028,10.0,10.0,15.0,14.349680092711694
47.050000000000004,13.783728470829482,5.517488415766839,28.098415606296236,10.0,10.0,15.0,14.351933759567554
47.06,13.79056126448981,5.524017329005878,28.101142523648754,10.0,10.0,15.0,14.354187925335516
47.07,13.797390172740164,5.53055009908405,28.10386543042725,10.0,10.0,15.0,14.356442587199917
47.08,13.804215195580653,5.53708672600124,28.10658432662069,10.0,10.0,15.0,14.358697742356032
47.09,13.811036333011415,5.543627209757363,28.109299212217607,10.0,10.0,15.0,14.360953388010048
47.1,13.81785358503255,5.5501715503522915,28.112010087206066,10.0,10.0,15.0,14.363209521379044
47.11,13.824666951644193,5.5567197477859365,28.114716951573694,10.0,10.0,15.0,14.36546613969102
47.12,13.831476432846458,5.563271802058179,28.117419805307698,10.0,10.0,15.0,14.367723240184873
47.13,13.838282028639465,5.569827713168915,28.120118648394868,10.0,10.0,15.0,14.36998082011043
47.14,13.845083739023343,5.5763874811180285,28.12281348082156,10.0,10.0,15.0,14.372238876728394
47.15,13.85188156399822,5.582951105905422,28.125504302573745,10.0,10.0,15.0,14.3744974073104
47.160000000000004,13.858675503564212,5.589518587530976,28.128191113636976,10.0,10.0,15.0,14.37675640913896
47.17,13.865465557721436,5.596089925994576,28.13087391399643,10.0,10.0,15.0,14.37901587950751
47.18,13.872251726470036,5.602665121296124,28.133552703636916,10.0,10.0,15.0,14.381275815720397
47.19,13.879034009810107,5.609244173435489,28.136227482542857,10.0,10.0,15.0,14.383536215092864
47.2,13.8858124077418,5.615827082412578,28.13889825069832,10.0,10.0,15.0,14.385797074951059
47.21,13.892586920265227,5.622413848227267,28.141565008087028,10.0,10.0,15.0,14.388058392632056
47.22,13.899357547380516,5.629004470879449,28.144227754692363,10.0,10.0,15.0,14.39032016548382
47.230000000000004,13.906124289087785,5.635598950369009,28.146886490497373,10.0,10.0,15.0,14.392582390865233
47.24,13.91288714538717,5.642197286695839,28.149541215484795,10.0,10.0,15.0,14.394845066146097
47.25,13.91964611627878,5.648799479859819,28.152191929637056,10.0,10.0,15.0,14.39710818870712
47.26,13.926401201762749,5.655405529860848,28.15483863293628,10.0,10.0,15.0,14.399371755939928
47.27,13.933152401839195,5.66201543669881,28.157481325364316,10.0,10.0,15.0,14.40163576524707
47.28,13.939899716508238,5.66862920037359,28.160120006902734,10.0,10.0,15.0,14.403900214042016
47.29,13.946643145770006,5.675246820885086,28.162754677532856,10.0,10.0,15.0,14.40616509974917
47.300000000000004,13.953382689624608,5.681868298233181,28.16538533723574,10.0,10.0,15.0,14.40843041980385
47.31,13.96011834807216,5.688493632417757,28.168011985992205,10.0,10.0,15.0,14.410696171652305
47.32,13.966850121112792,5.6951228234387195,28.17063462378286,10.0,10.0,15.0,14.412962352751729
47.33,13.973578008746614,5.701755871295948,28.173253250588097,10.0,10.0,15.0,14.415228960570255
47.34,13.980302010973745,5.708392775989344,28.175867866388092,10.0,10.0,15.0,14.417495992586936
47.35,13.987022127794296,5.715033537518797,28.178478471162848,10.0,10.0,15.0,14.419763446291784
47.36,13.993738359208391,5.7216781558842005,28.181085064892205,10.0,10.0,15.0,14.422031319185772
47.37,14.000450705216128,5.72832663108544,28.183687647555818,10.0,10.0,15.0,14.4242996087808
47.38,14.007159165817637,5.734978963122433,28.186286219133216,10.0,10.0,15.0,14.426568312599745
47.39,14.013863741013003,5.741635151995058,28.188880779603778,10.0,10.0,15.0,14.42883742817643
47.4,14.020564430802345,5.748295197703218,28.19147132894676,10.0,10.0,15.0,14.431106953055643
47.410000000000004,14.027261235185781,5.75495910024682,28.194057867141332,10.0,10.0,15.0,14.433376884793159
47.42,14.033954154163398,5.761626859625756,28.19664039416655,10.0,10.0,15.0,14.435647220955707
47.43,14.04064318752909,5.768298476044643,28.199218909788634,10.0,10.0,15.0,14.437917958808784
47.44,14.047328335484384,5.77497394930341,28.20179341419652,10.0,10.0,15.0,14.440189096248089
47.45,14.054009598245132,5.781653279187842,28.20436390760144,10.0,10.0,15.0,14.442460631208863
47.46,14.060686975600325,5.788336465907354,28.206930389786343,10.0,10.0,15.0,14.444732561002226
47.47,14.067360467549936,5.795023509461984,28.20949286076116,10.0,10.0,15.0,14.447004883278245
47.480000000000004,14.074030074093935,5.801714409851797,28.212051320540695,10.0,10.0,15.0,14.449277595702458
47.49,14.08069579523223,5.808409167076838,28.214605769142352,10.0,10.0,15.0,14.451550695953769
47.5,14.087357630964771,5.815107781137192,28.217156206585,10.0,10.0,15.0,14.453824181723423
47.51,14.094015581291481,5.82181025203293,28.21970263288836,10.0,10.0,15.0,14.456098050714445
47.52,14.100669646212285,5.828516579764144,28.222245048072605,10.0,10.0,15.0,14.458372300641242
47.53,14.107319825727089,5.8352267643308995,28.22478345215818,10.0,10.0,15.0,14.460646929229457
47.54,14.11396611983581,5.841940805733291,28.227317845165665,10.0,10.0,15.0,14.462921934215814
47.550000000000004,14.120608528538368,5.848658703971401,28.229848227115696,10.0,10.0,15.0,14.465197313348057
47.56,14.12724705183466,5.855380459045313,28.23237459802886,10.0,10.0,15.0,14.467473064384835
47.57,14.133881689724603,5.862106070955126,28.234896957925717,10.0,10.0,15.0,14.469749185095717
47.58,14.140512442208104,5.8688355397009175,28.23741530682673,10.0,10.0,15.0,14.472025673261118
47.59,14.14713930928508,5.875568865282801,28.239929644752237,10.0,10.0,15.0,14.47430252667227
47.6,14.15376229095541,5.882306047700838,28.24243997172243,10.0,10.0,15.0,14.476579743131186
47.61,14.160381387219019,5.889047086955139,28.244946287757358,10.0,10.0,15.0,14.478857320450668
47.62,14.1669965980758,5.89579198304579,28.247448592876875,10.0,10.0,15.0,14.48113525645424
47.63,14.173607923525664,5.902540735972894,28.249946887100666,10.0,10.0,15.0,14.483413548976166
47.64,14.180215363568498,5.9092933457365335,28.25244117044819,10.0,10.0,15.0,14.485692195861395
47.65,14.186818918204203,5.9160498123368095,28.25493144293869,10.0,10.0,15.0,14.487971194965553
47.660000000000004,14.193418587432694,5.9228101357738305,28.257417704591187,10.0,10.0,15.0,14.49025054415494
47.67,14.200014371253856,5.929574316047674,28.25989995542444,10.0,10.0,15.0,14.492530241306477
47.68,14.20660626966758,5.9363423531584365,28.262378195456936,10.0,10.0,15.0,14.494810284307693
47.69,14.21319428267377,5.94311424710623,28.26485242470691,10.0,10.0,15.0,14.497090671056734
47.7,14.219778410272328,5.949889997891147,28.267322643192315,10.0,10.0,15.0,14.499371399462328
47.71,14.226358652463137,5.956669605513283,28.269788850930777,10.0,10.0,15.0,14.501652467443732
47.72,14.23293500924609,5.963453069972731,28.27225104793964,10.0,10.0,15.0,14.503933872930773
47.730000000000004,14.239507480621082,5.970240391269595,28.27470923423592,10.0,10.0,15.0,14.50621561386379
47.74,14.246076066588003,5.977031569403966,28.277163409836284,10.0,10.0,15.0,14.508497688193605
47.75,14.25264076714675,5.983826604375947,28.279613574757068,10.0,10.0,15.0,14.510780093881554
47.76,14.259201582297202,5.99062549618563,28.282059729014243,10.0,10.0,15.0,14.513062828899406
47.77,14.265758512039266,5.997428244833125,28.28450187262342,10.0,10.0,15.0,14.5153458912294
47.78,14.272311556372822,6.00423485031852,28.286940005599835,10.0,10.0,15.0,14.517629278864204
47.79,14.278860715297764,6.01104531264192,28.289374127958332,10.0,10.0,15.0,14.519912989806887
47.800000000000004,14.285405988813993,6.017859631803427,28.291804239713358,10.0,10.0,15.0,14.522197022070923
47.81,14.291947376921389,6.024677807803131,28.294230340878936,10.0,10.0,15.0,14.524481373680143
47.82,14.298484879619842,6.031499840641132,28.29665243146869,10.0,10.0,15.0,14.526766042668754
47.83,14.305018496909247,6.038325730317528,28.29907051149582,10.0,10.0,15.0,14.529051027081314
47.84,14.311548228789496,6.045155476832422,28.301484580973078,10.0,10.0,15.0,14.531336324972695
47.85,14.318074075260462,6.0519890801858915,28.30389463991275,10.0,10.0,15.0,14.53362193440806
47.86,14.324596036322053,6.0588265403780515,28.306300688326708,10.0,10.0,15.0,14.53590785346291
47.870000000000005,14.331114111974166,6.0656678574090055,28.30870272622635,10.0,10.0,15.0,14.538194080223
47.88,14.337628302216674,6.072513031278824,28.311100753622586,10.0,10.0,15.0,14.54048061278435
47.89,14.344138607049471,6.079362061987611,28.313494770525853,10.0,10.0,15.0,14.54276744925322
47.9,14.350645026472463,6.086214949535473,28.31588477694612,10.0,10.0,15.0,14.545054587746126
47.910000000000004,14.357147560485538,6.093071693922494,28.318270772892845,10.0,10.0,15.0,14.547342026389787
47.92,14.363646209088575,6.099932295148755,28.320652758374994,10.0,10.0,15.0,14.54962976332113
47.93,14.370140972281478,6.1067967532143586,28.32303073340101,10.0,10.0,15.0,14.55191779668726
47.94,14.37663185006415,6.113665068119398,28.32540469797886,10.0,10.0,15.0,14.554206124645496
47.95,14.383118842436478,6.120537239863964,28.327774652115963,10.0,10.0,15.0,14.55649474536328
47.96,14.38960194939836,6.127413268448141,28.33014059581921,10.0,10.0,15.0,14.558783657018216
47.97,14.396081170949682,6.134293153872007,28.33250252909498,10.0,10.0,15.0,14.561072857798056
47.980000000000004,14.402556507090361,6.141176896135665,28.334860451949123,10.0,10.0,15.0,14.563362345900675
47.99,14.409027957820292,6.148064495239195,28.337214364386934,10.0,10.0,15.0,14.56565211953406
48.0,14.415495523139372,6.154955951182675,28.339564266413177,10.0,10.0,15.0,14.567942176916295
48.01,14.421959203047507,6.161851263966195,28.34191015803206,10.0,10.0,15.0,14.570232516275556
48.02,14.428418997544606,6.16875043358984,28.344252039247248,10.0,10.0,15.0,14.572523135850098
48.03,14.434874906630558,6.175653460053671,28.34658991006184,10.0,10.0,15.0,14.574814033888233
48.04,14.441326930305271,6.1825603433577765,28.348923770478404,10.0,10.0,15.0,14.577105208648351
48.050000000000004,14.447775068568664,6.1894710835022355,28.351253620498937,10.0,10.0,15.0,14.579396658398887
48.06,14.454219321420634,6.196385680487111,28.353579460124877,10.0,10.0,15.0,14.581688381418298
48.07,14.460659688861107,6.203304134312494,28.355901289357103,10.0,10.0,15.0,14.583980375995086
48.08,14.46709617088999,6.210226444978444,28.35821910819592,10.0,10.0,15.0,14.586272640427758
48.09,14.4735287675072,6.217152612485045,28.360532916641088,10.0,10.0,15.0,14.588565173024838
48.1,14.479957478712645,6.224082636832343,28.362842714691784,10.0,10.0,15.0,14.59085797210485
48.11,14.486382304506247,6.231016518020413,28.365148502346635,10.0,10.0,15.0,14.593151035996312
48.120000000000005,14.492803244887936,6.237954256049329,28.367450279603702,10.0,10.0,15.0,14.595444363037736
48.13,14.499220299857615,6.244895850919132,28.36974804646047,10.0,10.0,15.0,14.59773795157759
48.14,14.505633469415223,6.251841302629897,28.372041802913873,10.0,10.0,15.0,14.600031799974339
48.15,14.512042753560678,6.258790611181668,28.374331548960278,10.0,10.0,15.0,14.60232590659639
48.160000000000004,14.518448152293926,6.265743776574525,28.376617284595504,10.0,10.0,15.0,14.604620269822131
48.17,14.524849665614875,6.272700798808494,28.3788990098148,10.0,10.0,15.0,14.606914888039887
48.18,14.531247293523473,6.279661677883642,28.38117672461286,10.0,10.0,15.0,14.60920975964793
48.19,14.537641036019648,6.2866264138000085,28.383450428983846,10.0,10.0,15.0,14.611504883054488
48.2,14.544030893103352,6.293595006557652,28.385720122921338,10.0,10.0,15.0,14.613800256677703
48.21,14.550416864774512,6.300567456156605,28.387985806418392,10.0,10.0,15.0,14.616095878945657
48.22,14.55679895103306,6.307543762596899,28.390247479467508,10.0,10.0,15.0,14.618391748296357
48.230000000000004,14.563177151878964,6.314523925878595,28.392505142060667,10.0,10.0,15.0,14.620687863177743
48.24,14.569551467312165,6.321507946001719,28.39475879418931,10.0,10.0,15.0,14.62298422204767
48.25,14.57592189733261,6.328495822966304,28.39700843584434,10.0,10.0,15.0,14.6252808233739
48.26,14.582288441940252,6.335487556772387,28.399254067016148,10.0,10.0,15.0,14.627577665634117
48.27,14.588651101135047,6.342483147419991,28.401495687694613,10.0,10.0,15.0,14.629874747315917
48.28,14.595009874916961,6.349482594909148,28.40373329786908,10.0,10.0,15.0,14.632172066916791
48.29,14.601364763285952,6.3564858992398845,28.40596689752841,10.0,10.0,15.0,14.634469622944142
48.300000000000004,14.607715766241979,6.363493060412217,28.408196486660962,10.0,10.0,15.0,14.636767413915287
48.31,14.614062883785003,6.370504078426156,28.410422065254597,10.0,10.0,15.0,14.639065438357427
48.32,14.620406115915003,6.377518953281725,28.412643633296703,10.0,10.0,15.0,14.641363694807682
48.33,14.626745462631954,6.384537684978947,28.414861190774186,10.0,10.0,15.0,14.643662181813065
48.34,14.63308092393583,6.391560273517827,28.417074737673477,10.0,10.0,15.0,14.64596089793048
48.35,14.639412499826603,6.39858671889837,28.419284273980562,10.0,10.0,15.0,14.648259841726748
48.36,14.645740190304254,6.405617021120577,28.421489799680966,10.0,10.0,15.0,14.65055901177858
48.370000000000005,14.652063995368776,6.412651180184466,28.423691314759783,10.0,10.0,15.0,14.652858406672593
48.38,14.65838391502014,6.419689196090018,28.425888819201642,10.0,10.0,15.0,14.655158025005278
48.39,14.664699949258347,6.4267310688372445,28.42808231299079,10.0,10.0,15.0,14.657457865383066
48.4,14.67101209808339,6.433776798426139,28.430271796111043,10.0,10.0,15.0,14.659757926422278
48.410000000000004,14.677320361495275,6.440826384856706,28.43245726854581,10.0,10.0,15.0,14.662058206749135
48.42,14.683624739493988,6.447879828128918,28.43463873027812,10.0,10.0,15.0,14.664358704999767
48.43,14.689925232079519,6.454937128242761,28.436816181290595,10.0,10.0,15.0,14.6666594198202
48.44,14.6962218392519,6.46199828519824,28.43898962156551,10.0,10.0,15.0,14.668960349866389
48.45,14.702514561011117,6.469063298995323,28.44115905108477,10.0,10.0,15.0,14.671261493804186
48.46,14.708803397357181,6.4761321696339795,28.443324469829914,10.0,10.0,15.0,14.673562850309356
48.47,14.715088348290111,6.483204897114194,28.445485877782183,10.0,10.0,15.0,14.675864418067608
48.480000000000004,14.721369413809922,6.490281481435944,28.44764327492246,10.0,10.0,15.0,14.678166195774544
48.49,14.72764659391663,6.497361922599191,28.449796661231314,10.0,10.0,15.0,14.680468182135696
48.5,14.733919888610268,6.504446220603923,28.451946036689055,10.0,10.0,15.0,14.682770375866552
48.51,14.740189297890849,6.511534375450092,28.45409140127566,10.0,10.0,15.0,14.6850727756925
48.52,14.746454821758407,6.518626387137661,28.45623275497084,10.0,10.0,15.0,14.687375380348865
48.53,14.752716460212968,6.525722255666588,28.458370097754045,10.0,10.0,15.0,14.689678188580917
48.54,14.758974213254568,6.5328219810368475,28.460503429604504,10.0,10.0,15.0,14.6919811991439
48.550000000000004,14.76522808088325,6.539925563248393,28.462632750501175,10.0,10.0,15.0,14.694284410802966
48.56,14.771478063099051,6.547033002301173,28.464758060422803,10.0,10.0,15.0,14.696587822333235
48.57,14.77772415990202,6.554144298195142,28.46687935934792,10.0,10.0,15.0,14.698891432519787
48.58,14.78396637129218,6.5612594509302395,28.468996647254873,10.0,10.0,15.0,14.701195240157654
48.59,14.790204697269594,6.5683784605064215,28.47110992412183,10.0,10.0,15.0,14.70349924405186
48.6,14.796439137834312,6.57550132692363,28.47321918992679,10.0,10.0,15.0,14.70580344301739
48.61,14.802669692986381,6.582628050181805,28.475324444647583,10.0,10.0,15.0,14.70810783587919
48.620000000000005,14.808896362725859,6.589758630280886,28.477425688261924,10.0,10.0,15.0,14.710412421472217
48.63,14.815119147052803,6.596893067220808,28.479522920747396,10.0,10.0,15.0,14.712717198641409
48.64,14.821338045967273,6.60403136100151,28.48161614208147,10.0,10.0,15.0,14.715022166241697
48.65,14.827553059378989,6.611173511712628,28.483705352148256,10.0,10.0,15.0,14.717327323002268
48.660000000000004,14.833764187468717,6.618319519174697,28.48579055111222,10.0,10.0,15.0,14.719632668070137
48.67,14.839971430064198,6.6254693835587215,28.487871738778136,10.0,10.0,15.0,14.721938200076346
48.68,14.84617478732934,6.63262310470198,28.489948915309103,10.0,10.0,15.0,14.724243918177352
48.69,14.852374259182147,6.639780682685868,28.492022080626878,10.0,10.0,15.0,14.726549821181735
48.7,14.858569845622556,6.646942117510463,28.494091234745174,10.0,10.0,15.0,14.728855908037954
48.71,14.864761546650474,6.6541074091758325,28.496156377681526,10.0,10.0,15.0,14.731162177708008
48.72,14.870949362265812,6.661276557682066,28.4982175094556,10.0,10.0,15.0,14.733468629165868
48.730000000000004,14.877133292468487,6.668449563029261,28.500274630088246,10.0,10.0,15.0,14.735775261396626
48.74,14.883313337258409,6.675626425217505,28.502327739600997,10.0,10.0,15.0,14.738082073396
48.75,14.889489496635479,6.682807144246879,28.504376838015787,10.0,10.0,15.0,14.740389064170099
48.76,14.895661770599608,6.689991720117479,28.50642192535473,10.0,10.0,15.0,14.742696232735188
48.77,14.901830159150721,6.697180152829398,28.508463001640056,10.0,10.0,15.0,14.745003578117636
48.78,14.907994662288724,6.704372442382707,28.510500066894007,10.0,10.0,15.0,14.74731109935381
48.79,14.914155280013532,6.7115685887774905,28.512533121138766,10.0,10.0,15.0,14.74961879549
48.800000000000004,14.920312012325084,6.718768592013844,28.514562164396448,10.0,10.0,15.0,14.75192666558241
48.81,14.926464859223286,6.725972452091825,28.516587196689063,10.0,10.0,15.0,14.754234708697101
48.82,14.932613820708081,6.733180169011522,28.518608218038455,10.0,10.0,15.0,14.75654292390995
48.83,14.938758896779397,6.7403917427729985,28.520625228466333,10.0,10.0,15.0,14.758851310306653
48.84,14.944900087437167,6.747607173376327,28.522638227994204,10.0,10.0,15.0,14.761159866982657
48.85,14.95103739268133,6.754826460821569,28.524647216643395,10.0,10.0,15.0,14.763468593043186
48.86,14.957170812511812,6.76204960510877,28.526652194435005,10.0,10.0,15.0,14.765777487603172
48.870000000000005,14.963300346928579,6.7692766062380105,28.528653161389904,10.0,10.0,15.0,14.768086549787261
48.88,14.969425995931573,6.776507464209343,28.53065011752873,10.0,10.0,15.0,14.77039577872979
48.89,14.975547759520747,6.783742179022815,28.532643062871838,10.0,10.0,15.0,14.772705173574748
48.9,14.98166563769606,6.790980750678487,28.53463199743933,10.0,10.0,15.0,14.775014733475775
48.910000000000004,14.987779630457466,6.7982231791763965,28.53661692125101,10.0,10.0,15.0,14.777324457596135
48.92,14.993889737804926,6.805469464516575,28.538597834326378,10.0,10.0,15.0,14.779634345108686
48.93,14.99999595973841,6.812719606699077,28.54057473668462,10.0,10.0,15.0,14.78194439519587
48.94,15.006098296257893,6.81997360572394,28.542547628344597,10.0,10.0,15.0,14.784254607049705
48.95,15.012196747363333,6.827231461591185,28.544516509324833,10.0,10.0,15.0,14.78656497987174
48.96,15.018291313054723,6.834493174300855,28.546481379643488,10.0,10.0,15.0,14.78887551287305
48.97,15.024381993332039,6.841758743852968,28.54844223931837,10.0,10.0,15.0,14.791186205274226
48.980000000000004,15.03046878819527,6.8490281702475535,28.550399088366902,10.0,10.0,15.0,14.793497056305343
48.99,15.036551697644393,6.856301453484618,28.552351926806104,10.0,10.0,15.0,14.795808065205923
49.0,15.042630721679407,6.863578593564186,28.554300754652623,10.0,10.0,15.0,14.798119231224975
49.01,15.048705860300304,6.870859590486276,28.55624557192267,10.0,10.0,15.0,14.80043055362091
49.02,15.054777113507106,6.878144444250915,28.558186378632048,10.0,10.0,15.0,14.802742031661575
49.03,15.060844481299783,6.885433154858086,28.560123174796107,10.0,10.0,15.0,14.805053664624191
49.04,15.066907963678352,6.892725722307792,28.56205596042977,10.0,10.0,15.0,14.80736545179538
49.050000000000004,15.072967560642828,6.9000221466000475,28.563984735547486,10.0,10.0,15.0,14.809677392471107
49.06,15.079023272193218,6.907322427734843,28.565909500163254,10.0,10.0,15.0,14.811989485956701
49.07,15.085075098329545,6.914626565712175,28.567830254290584,10.0,10.0,15.0,14.814301731566802
49.08,15.091123039051812,6.921934560532024,28.569746997942506,10.0,10.0,15.0,14.816614128625373
49.09,15.097167094360064,6.9292464121943995,28.57165973113157,10.0,10.0,15.0,14.818926676465683
49.1,15.103207264254312,6.936562120699273,28.573568453869807,10.0,10.0,15.0,14.821239374430267
49.11,15.109243548734593,6.943881686046628,28.57547316616873,10.0,10.0,15.0,14.823552221870928
49.120000000000005,15.115275947800944,6.951205108236447,28.577373868039356,10.0,10.0,15.0,14.825865218148731
49.13,15.121304461453397,6.9585323872687095,28.57927055949215,10.0,10.0,15.0,14.828178362633967
49.14,15.127329089691994,6.965863523143387,28.581163240537055,10.0,10.0,15.0,14.830491654706144
49.15,15.13334983251678,6.973198515860444,28.58305191118348,10.0,10.0,15.0,14.832805093754004
49.160000000000004,15.139366689927801,6.9805373654198535,28.584936571440263,10.0,10.0,15.0,14.835118679175446
49.17,15.145379661925107,6.987880071821572,28.5868172213157,10.0,10.0,15.0,14.83743241037758
49.18,15.151388748508747,6.995226635065561,28.588693860817518,10.0,10.0,15.0,14.83974628677666
49.19,15.157393949678779,7.002577055151776,28.59056648995289,10.0,10.0,15.0,14.842060307798118
49.2,15.163395265435271,7.009931332080186,28.592435108728402,10.0,10.0,15.0,14.844374472876506
49.21,15.169392695778274,7.017289465850725,28.594299717150076,10.0,10.0,15.0,14.84668878145553
49.22,15.175386240707867,7.024651456463357,28.59616031522333,10.0,10.0,15.0,14.849003232987988
49.230000000000004,15.181375900224118,7.032017303918027,28.59801690295301,10.0,10.0,15.0,14.8513178269358
49.24,15.187361674327091,7.039387008214665,28.599869480343376,10.0,10.0,15.0,14.853632562769986
49.25,15.193343563016873,7.046760569353228,28.60171804739809,10.0,10.0,15.0,14.855947439970654
49.26,15.199321566293532,7.054137987333646,28.603562604120217,10.0,10.0,15.0,14.858262458026973
49.27,15.205295684157162,7.061519262155858,28.605403150512213,10.0,10.0,15.0,14.860577616437187
49.28,15.211265916607834,7.068904393819784,28.607239686575934,10.0,10.0,15.0,14.862892914708583
49.29,15.217232263645643,7.076293382325356,28.609072212312636,10.0,10.0,15.0,14.86520835235751
49.300000000000004,15.223194725270684,7.083686227672515,28.61090072772297,10.0,10.0,15.0,14.867523928909351
49.31,15.229153301483048,7.0910829298611775,28.612725232806987,10.0,10.0,15.0,14.869839643898523
49.32,15.235107992282826,7.0984834888912625,28.614545727564114,10.0,10.0,15.0,14.872155496868448
49.33,15.241058797670116,7.105887904762679,28.616362211993174,10.0,10.0,15.0,14.874471487371572
49.34,15.247005717645033,7.11329617747537,28.618174686092388,10.0,10.0,15.0,14.87678761496935
49.35,15.252948752207661,7.120708307029219,28.61998314985936,10.0,10.0,15.0,14.879103879232227
49.36,15.258887901358108,7.128124293424144,28.621787603291104,10.0,10.0,15.0,14.881420279739649
49.370000000000005,15.264823165096503,7.135544136660071,28.623588046384008,10.0,10.0,15.0,14.883736816080043
49.38,15.270754543422942,7.1429678367368945,28.625384479133864,10.0,10.0,15.0,14.886053487850816
49.39,15.276682036337549,7.150395393654519,28.62717690153586,10.0,10.0,15.0,14.888370294658355
49.4,15.282605643840423,7.157826807412842,28.628965313584597,10.0,10.0,15.0,14.890687236118012
49.410000000000004,15.2885253659317,7.1652620780117795,28.630749715274064,10.0,10.0,15.0,14.89300431185411
49.42,15.294441202611495,7.172701205451217,28.632530106597653,10.0,10.0,15.0,14.89532152149992
49.43,15.300353153879916,7.180144189731042,28.634306487548184,10.0,10.0,15.0,14.897638864697683
49.44,15.306261219737102,7.1875910308511575,28.63607885811787,10.0,10.0,15.0,14.899956341098582
49.45,15.31216540018318,7.195041728811463,28.637847218298354,10.0,10.0,15.0,14.902273950362758
49.46,15.318065695218257,7.2024962836118265,28.6396115680807,10.0,10.0,15.0,14.90459169215929
49.47,15.32396210484248,7.209954695252153,28.6413719074554,10.0,10.0,15.0,14.906909566166211
49.480000000000004,15.329854629055982,7.217416963732333,28.643128236412387,10.0,10.0,15.0,14.909227572070494
49.49,15.335743267858888,7.224883089052238,28.644880554941018,10.0,10.0,15.0,14.911545709568045
49.5,15.341628021251328,7.232353071211753,28.646628863030106,10.0,10.0,15.0,14.913863978363715
49.51,15.347508889233444,7.239826910210771,28.648373160667912,10.0,10.0,15.0,14.916182378171284
49.52,15.353385871805378,7.247304606049163,28.65011344784215,10.0,10.0,15.0,14.91850090871347
49.53,15.359258968967254,7.254786158726806,28.65184972454001,10.0,10.0,15.0,14.920819569721933
49.54,15.365128180719221,7.262271568243585,28.653581990748165,10.0,10.0,15.0,14.923138360937275
49.550000000000004,15.370993507061424,7.269760834599375,28.655310246452764,10.0,10.0,15.0,14.925457282109026
49.56,15.376854947993989,7.277253957794044,28.657034491639433,10.0,10.0,15.0,14.927776332995641
49.57,15.382712503517059,7.28475093782747,28.65875472629331,10.0,10.0,15.0,14.930095513364524
49.58,15.388566173630771,7.292251774699525,28.660470950399024,10.0,10.0,15.0,14.932414822992003
49.59,15.394415958335292,7.299756468410105,28.66218316394077,10.0,10.0,15.0,14.934734261663387
49.6,15.400261857630746,7.30726501895905,28.66389136690222,10.0,10.0,15.0,14.937053829172877
49.61,15.406103871517288,7.314777426346256,28.66559555926661,10.0,10.0,15.0,14.939373525323647
49.620000000000005,15.411941999995058,7.322293690571586,28.667295741016716,10.0,10.0,15.0,14.94169334992781
49.63,15.41777624306419,7.329813811634903,28.66899191213487,10.0,10.0,15.0,14.94401330280641
49.64,15.423606600724833,7.337337789536077,28.670684072602985,10.0,10.0,15.0,14.946333383789467
49.65,15.429433072977133,7.3448656242749815,28.67237222240254,10.0,10.0,15.0,14.94865359271594
49.660000000000004,15.435255659821243,7.352397315851493,28.674056361514634,10.0,10.0,15.0,14.950973929433763
49.67,15.441074361257293,7.359932864265471,28.67573648991995,10.0,10.0,15.0,14.953294393799816
49.68,15.446889177285435,7.367472269516793,28.677412607598793,10.0,10.0,15.0,14.955614985679949
49.69,15.452700107905807,7.375015531605322,28.679084714531097,10.0,10.0,15.0,14.957935704948982
49.7,15.45850715311856,7.382562650530933,28.68075281069645,10.0,10.0,15.0,14.960256551490719
49.71,15.464310312923837,7.390113626293499,28.68241689607408,10.0,10.0,15.0,14.962577525197927
49.72,15.47010958732177,7.3976684588928805,28.684076970642888,10.0,10.0,15.0,14.964898625972364
49.730000000000004,15.47590497631251,7.405227148328956,28.685733034381457,10.0,10.0,15.0,14.967219853724774
49.74,15.481696479896195,7.41278969460159,28.68738508726808,10.0,10.0,15.0,14.969541208374913
49.75,15.487484098072958,7.420356097710654,28.689033129280737,10.0,10.0,15.0,14.971862689851514
49.76,15.493267830842944,7.427926357656023,28.690677160397154,10.0,10.0,15.0,14.974184298092329
49.77,15.499047678206294,7.435500474437579,28.692317180594774,10.0,10.0,15.0,14.976506033044114
49.78,15.504823640163133,7.4430784480551795,28.69395318985081,10.0,10.0,15.0,14.978827894662652
49.79,15.51059571671361,7.45066027850871,28.69558518814223,10.0,10.0,15.0,14.981149882912742
49.800000000000004,15.516363907857846,7.458245965798044,28.697213175445793,10.0,10.0,15.0,14.98347199776822
49.81,15.522128213595977,7.465835509923056,28.698837151738047,10.0,10.0,15.0,14.985794239211954
49.82,15.527888633928136,7.473428910883628,28.700457116995363,10.0,10.0,15.0,14.988116607235861
49.83,15.533645168854447,7.481026168679632,28.702073071193944,10.0,10.0,15.0,14.99043910184092
49.84,15.539397818375038,7.48862728331095,28.70368501430981,10.0,10.0,15.0,14.992761723037138
49.85,15.545146582490043,7.496232254777473,28.705292946318863,10.0,10.0,15.0,14.995084470843613
49.86,15.550891461199573,7.503841083079073,28.706896867196868,10.0,10.0,15.0,14.9974073452885
49.870000000000005,15.556632454503758,7.511453768215636,28.708496776919493,10.0,10.0,15.0,14.999730346409054
49.88,15.562369562159788,7.519070310428205,28.710092675211673,10.0,10.0,15.0,15.002053473892607
49.89,15.568102784445578,7.5266907094409,28.711684562337954,10.0,10.0,15.0,15.004376728207458
49.9,15.573832121534371,7.534314965081752,28.713272438463502,10.0,10.0,15.0,15.006700109684036
49.910000000000004,15.579557573218128,7.541943077557284,28.714856303374173,10.0,10.0,15.0,15.009023618111426
49.92,15.58527913949681,7.549575046867515,28.71643615708134,10.0,10.0,15.0,15.011347253605216
49.93,15.59099682037037,7.5572108730125205,28.718011999602126,10.0,10.0,15.0,15.013671016295374
49.94,15.59671061583873,7.564850555992375,28.719583830956733,10.0,10.0,15.0,15.015994906323789
49.95,15.602420525901818,7.572494095807171,28.72115165116707,10.0,10.0,15.0,15.018318923843035
49.96,15.608126550559527,7.580141492456976,28.722715460256033,10.0,10.0,15.0,15.020643069015687
49.97,15.613828689811774,7.587792745941893,28.724275258247083,10.0,10.0,15.0,15.022967342013938
49.980000000000004,15.619526943658467,7.595447856262023,28.72583104516397,10.0,10.0,15.0,15.02529174301935
49.99,15.625221312099502,7.603106823417455,28.727382821030634,10.0,10.0,15.0,15.027616272222732
50.0,15.63091179518512,7.610769647358303,28.728930585923003,10.0,10.0,15.0,15.029940929898276
