time,x,y,z,x_ref,y_ref,z_ref,roll,pitch,yaw,u1,u2,u3,u4
0.0,-41.0,-26.0,0.430016275273,-41.0,-26.0,0.430016275273,-0.0,-0.0,-0.0,0.0,0.0,0.0,0.0
0.01,-41.0,-26.0,0.4300012861676281,-41.0,-26.0,0.4300164853239652,6.062281333809045e-17,-4.113810996568886e-17,4.729230578918489e-15,0.0008825544001468925,-0.0008825544000972458,0.0008825544001456999,-0.0008825544001059164
0.02,-41.0,-26.0,0.4299590204478033,-41.0,-26.0,0.43001794727029496,9.577082525266567e-17,-8.431694703290185e-17,8.974636271866704e-15,0.0033033400179273732,-0.003303340017842798,0.0033033400179277752,-0.003303340017855669
0.03,-41.0,-26.0,0.4298992825200559,-41.0,-26.0,0.4300218899546788,-1.4612236098055869e-15,-2.2025166167101096e-15,4.4561964581741696e-14,0.006650549348234548,-0.006650549347947801,0.006650549348554533,-0.006650549348031044
0.04,-41.0,-26.0,0.42982407105800285,-41.0,-26.0,0.43002951722496435,-3.4498861527064035e-15,-4.794911485171912e-15,8.674908107409163e-14,0.01080094299259183,-0.010800942992078327,0.010800942993217023,-0.010800942992217087
0.05,-41.0,-26.0,0.4297335991586768,-41.0,-26.0,0.4300420081030415,-5.3145916481634655e-15,-7.024185983374992e-15,1.277723689057846e-13,0.015741389435184563,-0.015741389434447813,0.015741389436021373,-0.015741389434605915
0.06,-41.0,-26.0,0.4296279503529735,-41.0,-26.0,0.4300605169537263,-5.986874143459664e-15,-8.308007732336811e-15,1.5833986200111455e-13,0.021466996829789742,-0.021466996828834115,0.021466996830642168,-0.02146699682902297
0.07,-41.0,-26.0,0.42950740124353265,-41.0,-26.0,0.4300861736536454,2.133025354282104e-14,-3.3871656588173956e-14,1.9039643761548385e-13,0.027962543354452397,-0.02796254335107474,0.02796254335536937,-0.02796254335572731
0.08,-41.0,-26.0,0.4293724581940429,-41.0,-26.0,0.43012008376011945,1.8416448450806916e-14,-3.451734988083785e-14,2.2070013731872566e-13,0.035201446639433684,-0.035201446636465517,0.03520144664040707,-0.03520144663994926
0.09,-41.0,-26.0,0.4292238356766631,-41.0,-26.0,0.4301633286800479,6.198301601083171e-14,-7.395394857938153e-14,2.532083545453792e-13,0.04314803229173102,-0.043148032285450034,0.043148032292693046,-0.04314803229510108
0.1,-41.0,-26.0,0.42906242548254697,-41.0,-26.0,0.43021696583879276,1.1250970756987927e-13,-1.2094027074207737e-13,2.8634735329913674e-13,0.05176003116830528,-0.051760031158736806,0.05176003116931666,-0.05176003117455668
0.11,-41.0,-26.0,0.4288892704780945,-41.0,-26.0,0.43028202884906247,1.5910884236334132e-13,-1.5880979824081018e-13,3.204254982405003e-13,0.06099061650597566,-0.06099061649389285,0.06099061650642871,-0.0609906165137128
0.12,-41.0,-26.0,0.4287055395084625,-41.0,-26.0,0.43035952767979624,2.0157521028899774e-13,-1.9025828326004695e-13,3.516347672971528e-13,0.0707900126087412,-0.07079001259478673,0.07079001260844753,-0.07079001261718798
0.13,-41.0,-26.0,0.428512511984727,-41.0,-26.0,0.430450448825048,2.374885990838893e-13,-2.1557341318597634e-13,3.837554006768173e-13,0.08110665323856164,-0.0811066532233961,0.08110665323758236,-0.08110665324709969
0.14,-41.0,-26.0,0.4283115623983083,-41.0,-26.0,0.43055575547287056,2.677687405385043e-13,-2.409311648168331e-13,4.0739439690234094e-13,0.09188813047054442,-0.09188813045472784,0.09188813046940007,-0.09188813047928555
0.15,-41.0,-26.0,0.4281041448074874,-41.0,-26.0,0.43067638767419947,2.8041228285618095e-13,-2.441509206155492e-13,4.614224409609893e-13,0.10308190314762451,-0.10308190313214813,0.10308190314570714,-0.10308190315440066
0.16,-41.0,-26.0,0.42789178288021923,-41.0,-26.0,0.43081326251173735,3.042685265645462e-13,-2.657212070267289e-13,4.68428278986295e-13,0.11463582605703208,-0.11463582604125594,0.11463582605526387,-0.11463582606430284
0.17,-41.0,-26.0,0.4276760592824176,-41.0,-26.0,0.4309672742688378,3.1162797926379466e-13,-2.648097269182534e-13,5.061713693892396e-13,0.12649857835353917,-0.12649857833836514,0.1264985783511292,-0.12649857835899608
0.18,-41.0,-26.0,0.42745860655583257,-41.0,-26.0,0.4311392945983895,3.036292715378476e-13,-2.4514810869196974e-13,5.699032731094554e-13,0.13861998892542496,-0.13861998891148575,0.13861998892208444,-0.1386199889277001
0.19,-41.0,-26.000000000000004,0.4272410982918393,-41.0,-26.0,0.4313301726917002,3.081211858542014e-13,-2.5352801926593755e-13,5.791165342806082e-13,0.15095130891430592,-0.150951308900116,0.1509513089110191,-0.15095130891690572
0.2,-41.0,-26.000000000000007,0.4270252421635234,-41.0,-26.0,0.431540735447381,2.938635887854063e-13,-2.372140330975926e-13,6.28042150754837e-13,0.1634453928374384,-0.1634453928240071,0.16344539283332515,-0.16344539283768156
0.21,-41.0,-26.00000000000001,0.42681277144528373,-41.0,-26.0,0.4317717876402301,2.6012713485104833e-13,-1.9024993900803748e-13,7.242904380454235e-13,0.17605688824166127,-0.17605688823008744,0.1760568882359587,-0.17605688823684076
0.22,-41.0,-26.000000000000014,0.4266054391010668,-41.0,-26.0,0.4320241120901172,2.134771398143805e-13,-1.3209030593755021e-13,8.475842308878583e-13,0.18874234179167923,-0.18874234178239943,0.18874234178499702,-0.1887423417815833
0.23,-41.0,-26.000000000000018,0.42640501113550133,-41.0,-26.0,0.43229846983086734,1.6804988133057744e-13,-8.946079780505825e-14,9.56476992354705e-13,0.20146029822349992,-0.20146029821607653,0.20146029821749273,-0.20146029821060524
0.24,-41.0,-26.00000000000002,0.4262132596608301,-41.0,-26.0,0.4325956002791451,1.262810819981816e-13,-6.431206504925657e-14,1.0508148733384977e-12,0.21417138454100315,-0.21417138453493711,0.2141713845368483,-0.21417138452729884
0.25,-41.0,-26.000000000000025,0.42603195866616234,-41.0,-26.0,0.43291622140333846,8.712641297064501e-14,-4.595326808346884e-14,1.1421754381486864e-12,0.22683834174847933,-0.22683834174338513,0.2268383417462057,-0.2268383417344334
0.26,-41.0,-26.00000000000003,0.42586287798757494,-41.0,-26.0,0.4332610298924432,5.1081225108748555e-14,-1.793503451721529e-14,1.2315213662843749e-12,0.2394260655504954,-0.23942606554603002,0.2394260655486946,-0.23942606553506934
0.27,-41.0,-26.000000000000032,0.4257077775435306,-41.0,-26.0,0.43363070132494663,1.610253849603101e-14,6.900943347788421e-15,1.3252983080506844e-12,0.2519016282636089,-0.25190162825954576,0.25190162826240636,-0.2519016282470763
0.28,-41.0,-26.000000000000036,0.425568402279915,-41.0,-26.0,0.43402589033771183,-1.9572390686493187e-14,1.6071165945629254e-14,1.4282138982844586e-12,0.26423452714907564,-0.2642345271452938,0.2642345271497711,-0.2642345271327003
0.29,-41.00000000000001,-26.00000000000004,0.42544647813529257,-41.0,-26.0,0.43444723079486175,-5.2166634043637993e-14,2.51342596558124e-14,1.5272126984203088e-12,0.2763964336040965,-0.2763964336003306,0.2763964336076027,-0.2763964335891429
0.3,-41.00000000000001,-26.000000000000043,0.42534371023236184,-41.0,-26.0,0.43489533595666313,-8.154544712092735e-14,2.9506546573886516e-14,1.626254302344416e-12,0.28836068646197427,-0.2883606864579499,0.2883606864664987,-0.288360686446929
0.31,-41.000000000000014,-26.000000000000046,0.4252617810132051,-41.0,-26.0,0.4353707986484108,-1.0650219647519614e-13,3.102633147153824e-14,1.7254577503141587e-12,0.3001023890641726,-0.30010238905956227,0.30010238907054415,-0.3001023890501922
0.32,-41.00000000000002,-26.000000000000046,0.42520233272466806,-41.0,-26.0,0.4358741914293114,-1.2670941663807036e-13,2.939454599021288e-14,1.8277952292327147e-12,0.3116000553411714,-0.311600055336359,0.31160005534963314,-0.31160005532805807
0.33,-41.00000000000003,-26.00000000000005,0.4251669885561811,-41.0,-26.0,0.4364060667613678,-1.423055841045571e-13,2.397028945682394e-14,1.935742041824733e-12,0.32283283429563553,-0.32283283428959725,0.3228328343051983,-0.3228328342833207
0.34,-41.00000000000003,-26.000000000000053,0.4251573325339408,-41.0,-26.0,0.43696695717826295,-1.5389296763274282e-13,1.6745345124847427e-14,2.045924889154661e-12,0.3337820893317991,-0.3337820893243398,0.3337820893407187,-0.3337820893186983
0.35000000000000003,-41.000000000000036,-26.000000000000057,0.4251748833363202,-41.0,-26.0,0.437557375454244,-1.617823657036548e-13,6.561055103292101e-15,2.1603463245997707e-12,0.3444334125861236,-0.3444334125770674,0.34443341259570304,-0.3444334125736487
0.36,-41.00000000000004,-26.000000000000057,0.4252211579661123,-41.0,-26.0,0.4381778147730065,-1.659941581314767e-13,-5.4910560748716425e-15,2.2787316699578585e-12,0.35477105594173686,-0.35477105593164576,0.35477105595252073,-0.35477105592981223
0.37,-41.00000000000004,-26.00000000000006,0.42529760586914195,-41.0,-26.0,0.4388287488965781,-1.6556002876464282e-13,-1.551281318297693e-14,2.3997833730817145e-12,0.3647828591192169,-0.3647828591071471,0.3647828591284829,-0.36478285910602565
0.38,-41.00000000000005,-26.00000000000006,0.42540563434655887,-41.0,-26.0,0.43951063233420307,-1.5811153055618297e-13,-2.1289651546953935e-14,2.526029713740425e-12,0.3744580622529369,-0.374458062239238,0.3744580622620806,-0.3744580622394465
0.39,-41.00000000000005,-26.000000000000064,0.42554663602742804,-41.0,-26.0,0.44022390051122606,-1.4139704868826484e-13,-2.030981559306488e-14,2.659471105430382e-12,0.38378576905197304,-0.38378576903541894,0.38378576905784934,-0.383785769036154
0.4,-41.00000000000006,-26.000000000000064,0.4257218706762199,-41.0,-26.0,0.4409689699379763,-1.2184602207457248e-13,-1.7585279804661185e-14,2.7932274139292012e-12,0.3927615580438687,-0.3927615580252064,0.3927615580486028,-0.392761558027109
0.41000000000000003,-41.00000000000006,-26.000000000000068,0.4259326813451625,-41.0,-26.0,0.4417462383786517,-1.0016384305946684e-13,-1.3061756919363803e-14,2.926381718525882e-12,0.4013750325492539,-0.4013750325278732,0.40137503255079765,-0.40137503253014284
0.42,-41.000000000000064,-26.000000000000068,0.42618019597351314,-41.0,-26.0,0.44255608502020255,-7.736506680533995e-14,-7.31761866781114e-15,3.059958804519136e-12,0.40962612512445706,-0.4096261251011901,0.4096261251250938,-0.40962612510444785
0.43,-41.000000000000064,-26.00000000000007,0.4264656943526629,-41.0,-26.0,0.4433988706412163,-5.5221179884256384e-14,-1.330699070357557e-15,3.1924090127092577e-12,0.41750574508546395,-0.4175057450598493,0.41750574508342253,-0.41750574506327554
0.44,-41.000000000000064,-26.00000000000007,0.42679016024995503,-41.0,-26.0,0.4442749377808009,-3.382985686325535e-14,7.620102346681654e-15,3.323571705777426e-12,0.4250179895963025,-0.4250179895692484,0.4250179895923222,-0.42501798957179204
0.45,-41.00000000000007,-26.000000000000075,0.4271547933527175,-41.0,-26.0,0.44518461090746936,-1.453139388573344e-14,1.923758318250977e-14,3.4526712077270487e-12,0.43215565243702453,-0.43215565240808146,0.43215565243195214,-0.43215565241152537
0.46,-41.00000000000007,-26.000000000000075,0.4275605671838694,-41.0,-26.0,0.44612819658802344,2.4562007036568296e-15,3.77423628531856e-14,3.578131674125867e-12,0.43892051186594105,-0.4389205118360771,0.43892051185889686,-0.4389205118376655
0.47000000000000003,-41.00000000000008,-26.000000000000078,0.4280084433773425,-41.0,-26.0,0.4471059836564381,1.6970802925650607e-14,6.761609468864421e-14,3.698310127150343e-12,0.4453138308795773,-0.4453138308482976,0.4453138308708126,-0.445313830849356
0.48,-41.00000000000008,-26.000000000000078,0.4284993731075231,-41.0,-26.0,0.44811824338274525,2.88764193262e-14,1.129756026684596e-13,3.811734627278046e-12,0.4513362665858919,-0.4513362665541133,0.45133626657393844,-0.45133626655144554
0.49,-41.00000000000008,-26.00000000000008,0.42903415979118603,-41.0,-26.0,0.44916522964191796,3.7894530763707654e-14,1.595790193940992e-13,3.92446053719093e-12,0.45699245663208,-0.45699245659927795,0.4569924566165086,-0.4569924565935079
0.5,-41.000000000000085,-26.000000000000085,0.42961361721457986,-41.0,-26.0,0.45024717908275463,4.427345945062379e-14,2.0781141481533042e-13,4.03685211721792e-12,0.46228655504682387,-0.46228655501314053,0.4622865550293479,-0.4622865550056927
0.51,-41.000000000000085,-26.000000000000085,0.43023847186732,-41.0,-26.0,0.4513643112967628,4.831515432493986e-14,2.521728479082579e-13,4.15147809040021e-12,0.4672247636971563,-0.4672247636634034,0.4672247636777449,-0.4672247636525739
0.52,-41.000000000000085,-26.00000000000009,0.430909255659338,-41.0,-26.0,0.4525168289870433,5.039071854725372e-14,2.995527396482468e-13,4.259795020152214e-12,0.4718162904633612,-0.47181629042891593,0.4718162904416273,-0.47181629041565176
0.53,-41.00000000000009,-26.00000000000009,0.43162679590924025,-41.0,-26.0,0.45370491813717456,5.060914084805368e-14,3.442092547990022e-13,4.365389630432952e-12,0.4760620258487513,-0.47606202581438267,0.4760620258275949,-0.4760620258000728
0.54,-41.00000000000009,-26.000000000000092,0.43239179566712016,-41.0,-26.0,0.4549287481800964,4.9170663633669487e-14,3.841071855379586e-13,4.468275131849484e-12,0.47996518379747,-0.47996518376247654,0.4799651837756186,-0.4799651837472769
0.55,-41.00000000000009,-26.000000000000092,0.43320458342022317,-41.0,-26.0,0.4561884721669941,4.6161070816083465e-14,4.15441371547628e-13,4.571180233592784e-12,0.4835389208033436,-0.48353892076841976,0.4835389207819788,-0.48353892075211513
0.56,-41.00000000000009,-26.000000000000096,0.4340659404636453,-41.0,-26.0,0.45748422693618257,4.1804514821659145e-14,4.3654634252341606e-13,4.6735508871432704e-12,0.4867822833409406,-0.48678228330531226,0.48678228332006623,-0.4867822832894515
0.5700000000000001,-41.00000000000009,-26.0000000000001,0.4349767684097077,-41.0,-26.0,0.45881613328199056,3.647173654906083e-14,4.680656559508516e-13,4.752479320942605e-12,0.48971063711738055,-0.4897106370813104,0.4897106370960281,-0.48971063706480783
0.58,-41.00000000000009,-26.000000000000103,0.4359369361985192,-41.0,-26.0,0.4601842961236443,3.012785930434199e-14,5.109311755651339e-13,4.8074221739440456e-12,0.4923306936434036,-0.4923306936071684,0.49233069362056303,-0.4923306935888784
0.59,-41.00000000000009,-26.000000000000103,0.4369463748640448,-41.0,-26.0,0.46158880467415203,2.313298179059202e-14,5.662975181683238e-13,4.838393286203129e-12,0.49464534733449683,-0.4946453472990472,0.4946453473098794,-0.49464534727718756
0.6,-41.00000000000009,-26.000000000000103,0.4380056154914921,-41.0,-26.0,0.46302973260918784,-4.7728732979971784e-14,6.610896952936165e-13,4.8390488139110774e-12,0.4966642580323762,-0.49666425800256514,0.49666425800816766,-0.49666425797005703
0.61,-41.00000000000009,-26.000000000000103,0.4391173091687744,-41.0,-26.0,0.46450713823597567,-1.0753087824593085e-13,7.43087068617459e-13,4.834804085321523e-12,0.4982945401239745,-0.4982945400979532,0.49829454010042,-0.49829454005871926
0.62,-41.00000000000009,-26.000000000000103,0.44027810726555494,-41.0,-26.0,0.4660210646621735,-1.5446960929250017e-13,7.993399926580986e-13,4.831802716323034e-12,0.49972402487242545,-0.49972402484863937,0.4997240248505795,-0.4997240248067471
0.63,-41.00000000000009,-26.000000000000103,0.4414888655966871,-41.0,-26.0,0.4675715399647575,-1.9537031713291485e-13,8.381622651497939e-13,4.828584103761425e-12,0.5009202205525806,-0.5009202205302616,0.5009202205330747,-0.500920220487832
0.64,-41.00000000000009,-26.000000000000103,0.4427505241293639,-41.0,-26.0,0.46915857735890576,-2.408628167748052e-13,8.578015782519358e-13,4.825898229411841e-12,0.501854646476617,-0.5018546464559359,0.5018546464608926,-0.5018546464140246
0.65,-41.00000000000009,-26.000000000000103,0.44406383270719385,-41.0,-26.0,0.4707821753668827,-3.000565918497373e-13,8.415082215275583e-13,4.824896540871325e-12,0.5025085254138759,-0.5025085253956902,0.5025085254053703,-0.5025085253559665
0.66,-41.00000000000009,-26.000000000000103,0.44542764185161177,-41.0,-26.0,0.4724423179869231,-3.7103987510034213e-13,7.884409887838804e-13,4.826433309058566e-12,0.5029477745673087,-0.5029477745520976,0.5029477745685296,-0.5029477745160549
0.67,-41.00000000000009,-26.000000000000103,0.44684265020241765,-41.0,-26.0,0.474138974862116,-3.999088937287118e-13,7.27354509870754e-13,4.822166420954547e-12,0.5031498782148132,-0.5031498781989912,0.5031498782213373,-0.503149878169485
0.68,-41.00000000000009,-26.000000000000103,0.44831028629012415,-41.0,-26.0,0.47587210144928865,-3.1447564942290743e-13,5.20715672572112e-13,4.800953251000944e-12,0.5030625156681622,-0.5030625156437598,0.5030625156834245,-0.503062515640464
0.6900000000000001,-41.00000000000009,-26.000000000000103,0.4498277241258726,-41.0,-26.0,0.47764163918789115,-2.1463657481664553e-13,3.028713939309373e-13,4.7791242474306045e-12,0.5028216476849676,-0.5028216476525316,0.5028216477069507,-0.5028216476723191
0.7000000000000001,-41.00000000000009,-26.000000000000103,0.451396324248827,-41.0,-26.0,0.47944751566887994,-9.19221005834987e-14,7.928442321758308e-14,4.755550399661789e-12,0.5023686354663103,-0.502368635425602,0.5023686354925015,-0.5023686354664486
0.71,-41.00000000000009,-26.000000000000103,0.45301660549989503,-41.0,-26.0,0.481289644803602,-7.640850203108877e-14,-6.459656282423456e-14,4.748612824104489e-12,0.5016854200758499,-0.5016854200362307,0.5016854201065429,-0.5016854200793869
0.72,-41.00000000000009,-26.000000000000103,0.45468795343443114,-41.0,-26.0,0.4831679269926791,-9.17646646880182e-14,-1.876119622383593e-13,4.7395107825825376e-12,0.5008069181523092,-0.5008069181156473,0.5008069181875207,-0.5008069181574485
0.73,-41.00000000000009,-26.000000000000103,0.4564095439192094,-41.0,-26.0,0.4850822492948917,-1.776352413792897e-13,-4.475199542324015e-13,4.789942186837968e-12,0.49976789219715073,-0.4997678921676197,0.49976789225393475,-0.4997678922156867
0.74,-41.00000000000009,-26.000000000000103,0.4581818708248609,-41.0,-26.0,0.48703248559606305,-2.9175125184636427e-13,-7.3404120185005e-13,4.862743145193149e-12,0.49854630197827965,-0.4985463019563738,0.4985463020570929,-0.4985463020098721
0.75,-41.00000000000009,-26.000000000000103,0.46000754334502225,-41.0,-26.0,0.4890184967779434,-4.198392157961919e-13,-1.0018558735505839e-12,4.948693234617611e-12,0.49703034419705916,-0.4970303441822509,0.49703034429354465,-0.49703034423775116
0.76,-41.00000000000009,-26.000000000000103,0.46188102846003093,-41.0,-26.0,0.49104013088709375,-5.385649557139252e-13,-1.2370687514725992e-12,5.037984288828566e-12,0.49546610991570844,-0.4954661099061309,0.49546611002400404,-0.49546610996153456
0.77,-41.00000000000009,-26.000000000000103,0.4638043704505699,-41.0,-26.0,0.49309722330377015,-6.385688284150329e-13,-1.4264704684714497e-12,5.102901789936996e-12,0.49375116016577836,-0.49375116015947573,0.4937511602793463,-0.49375116021267285
0.78,-41.00000000000009,-26.000000000000103,0.4657787058127325,-41.0,-26.0,0.4951895969108079,-7.225906977537141e-13,-1.5654724479250806e-12,5.160931532213907e-12,0.49183197100632176,-0.49183197100179554,0.4918319711197471,-0.49183197105050924
0.79,-41.00000000000009,-26.000000000000103,0.4678022564203311,-41.0,-26.0,0.4973170622625052,-7.90397278941023e-13,-1.6592560009010205e-12,5.2256838609127e-12,0.4897855923273356,-0.48978559232320157,0.4897855924366747,-0.4897855923661369
0.8,-41.00000000000009,-26.000000000000103,0.46987455969530717,-41.0,-26.0,0.4994794177535077,-8.355958881368026e-13,-1.7181101721265603e-12,5.284706599022376e-12,0.48762104512453996,-0.487621045119324,0.4876210452269215,-0.4876210451566694
0.81,-41.00000000000009,-26.000000000000103,0.47199568648888907,-41.0,-26.0,0.501676449787692,-8.635057698272643e-13,-1.7405895484629941e-12,5.344006682868676e-12,0.48532567146516414,-0.4853256714579574,0.48532567155843503,-0.48532567148936795
0.8200000000000001,-41.00000000000009,-26.000000000000103,0.474165489367897,-41.0,-26.0,0.5039079329470504,-8.748303063181966e-13,-1.734306177031333e-12,5.3726363566845765e-12,0.4828969735520156,-0.48289697354238215,0.48289697363502915,-0.4828969735681493
0.8300000000000001,-41.00000000000009,-26.000000000000092,0.4763836214939905,-41.0,-26.0,0.5061736301605742,-8.710397387996588e-13,-1.6993445354529506e-12,5.38997938951626e-12,0.48034023472299975,-0.4803402347124226,0.48034023479670174,-0.4803402347306762
0.84,-41.00000000000009,-26.000000000000085,0.4786497151374969,-41.0,-26.0,0.5084732928731386,-8.619292565535149e-13,-1.643897818150112e-12,5.3998933647733806e-12,0.4776606568089412,-0.47766065679640096,0.4776606568725113,-0.4776606568084442
0.85,-41.00000000000011,-26.000000000000075,0.4809633797675916,-41.0,-26.0,0.5108066612143861,-8.459736370586648e-13,-1.5738567459628271e-12,5.394524509735532e-12,0.47486344629066785,-0.47486344627673094,0.4748634463475587,-0.47486344628511257
0.86,-41.000000000000114,-26.000000000000068,0.48332424816795183,-41.0,-26.0,0.5131734641676109,-8.257952189278355e-13,-1.4938295139779078e-12,5.3664297871396e-12,0.4719515633315115,-0.4719515633155411,0.4719515633797249,-0.4719515633198953
0.87,-41.00000000000013,-26.000000000000057,0.48573182308262924,-41.0,-26.0,0.5155734197386428,-7.98944998893728e-13,-1.4043922279629326e-12,5.337245495106807e-12,0.46893347896869425,-0.46893347895118215,0.4689334790104232,-0.46893347895266774
0.88,-41.00000000000014,-26.000000000000046,0.4881857544006486,-41.0,-26.0,0.5180062351247312,-8.212145555726718e-13,-1.3673121302218381e-12,5.390918411477791e-12,0.46580925934255224,-0.4658092593262234,0.4658092593859545,-0.46580925932603656
0.89,-41.000000000000156,-26.000000000000036,0.4906855473770254,-41.0,-26.0,0.5204716068834296,-8.126831828723033e-13,-1.2980578298943035e-12,5.4178924251549734e-12,0.4625852892453172,-0.4625852892280832,0.46258528928531484,-0.46258528922582487
0.9,-41.00000000000017,-26.00000000000002,0.4932307500417016,-41.0,-26.0,0.5229692211014791,-7.959017695942754e-13,-1.2215138654099022e-12,5.4476293769070644e-12,0.4592648433911418,-0.4592648433729981,0.4592648434273622,-0.45926484336826967
0.91,-41.000000000000185,-26.000000000000007,0.4958209009261557,-41.0,-26.0,0.5254987535636931,-7.746116672436368e-13,-1.1416219712974504e-12,5.483856350031023e-12,0.45585086104060574,-0.4558508610212195,0.4558508610727625,-0.45585086101430805
0.92,-41.0000000000002,-25.999999999999993,0.4984554737504692,-41.0,-26.0,0.5280598699218407,-7.456738975716474e-13,-1.053177491904329e-12,5.5203126432643065e-12,0.4523485151420417,-0.45234851512089164,0.45234851516915914,-0.45234851511188506
0.93,-41.00000000000022,-25.99999999999998,0.5011340349435526,-41.0,-26.0,0.530652225863531,-7.052780265642426e-13,-9.518161244658167e-13,5.550963027936093e-12,0.44875786018916247,-0.44875786016559444,0.4487578602110999,-0.44875786015578306
0.9400000000000001,-41.000000000000234,-25.999999999999968,0.5038568947986128,-41.0,-26.0,0.5332754672810976,-6.568956808404474e-13,-8.419717131451298e-13,5.5798447152496555e-12,0.4450470237568808,-0.4450470237299314,0.44504702377081945,-0.44504702371846677
0.9500000000000001,-41.000000000000234,-25.999999999999943,0.5066221128274386,-41.0,-26.0,0.5359292304404819,-6.008718478536739e-13,-7.274262197098227e-13,5.605981319067175e-12,0.44128223152861884,-0.44128223150067836,0.44128223153514357,-0.44128223148341394
0.96,-41.000000000000256,-25.999999999999922,0.5094297822343541,-41.0,-26.0,0.5386131421501179,-5.374092284494704e-13,-6.376586723094084e-13,5.644065910560783e-12,0.43743723821329655,-0.43743723818268243,0.43743723821811586,-0.43743723816847546
0.97,-41.000000000000256,-25.999999999999908,0.5122804038500375,-41.0,-26.0,0.5413268199298157,-4.639979532158008e-13,-5.601019949583798e-13,5.677074786220655e-12,0.43347292891075573,-0.433472928876027,0.4334729289088332,-0.4334729288628328
0.98,-41.00000000000026,-25.999999999999883,0.5151711591220275,-41.0,-26.0,0.5440698721796459,-3.736516634187635e-13,-5.068473101298117e-13,5.722925369011508e-12,0.4294870063816,-0.42948700634352455,0.42948700637744663,-0.42948700633408676
0.99,-41.000000000000284,-25.99999999999986,0.5181026607130288,-41.0,-26.0,0.5468418983488237,-2.9734629223073253e-13,-4.3291504907317967e-13,5.74827882193764e-12,0.4254292770849002,-0.4254292770440876,0.4254292770795344,-0.42542927703860167
1.0,-41.000000000000306,-25.99999999999984,0.5210751024138645,-41.0,-26.0,0.5496424891045926,-2.2419188857209838e-13,-3.5372119387231405e-13,5.763689834770741e-12,0.421270895842646,-0.42127089579974925,0.42127089583527527,-0.4212708957962838
1.01,-41.00000000000031,-25.999999999999822,0.5240872118629878,-41.0,-26.0,0.5524712265011089,-1.44868835358207e-13,-2.894618327113814e-13,5.779873116042984e-12,0.417043686612661,-0.4170436865667865,0.4170436866004963,-0.4170436865642967
1.02,-41.00000000000035,-25.9999999999998,0.5271388517694293,-41.0,-26.0,0.5553276841483255,-6.571395711808077e-14,-2.156418405404403e-13,5.782877272416351e-12,0.4127343060612171,-0.4127343060132468,0.41273430604937866,-0.41273430601532024
1.03,-41.00000000000036,-25.999999999999783,0.5302274920679249,-41.0,-26.0,0.5582114273808757,1.4056480346518913e-14,-1.347955201517312e-13,5.775063337910984e-12,0.40842118085352475,-0.4084211808031491,0.4084211808365749,-0.4084211808051272
1.04,-41.0000000000004,-25.999999999999762,0.5333538036001247,-41.0,-26.0,0.5611220134269583,8.973951521057116e-14,-5.457380204371139e-14,5.765946514507815e-12,0.4040493536577831,-0.40404935360590893,0.40404935364018596,-0.404049353610429
1.05,-41.00000000000041,-25.999999999999744,0.5365195086573874,-41.0,-26.0,0.5640589915772207,1.6577609249446084e-13,3.281593967785622e-14,5.752732330704685e-12,0.3995246139125847,-0.39952461385885757,0.39952461388917354,-0.3995246138615031
1.06,-41.00000000000044,-25.999999999999726,0.5397204718020028,-41.0,-26.0,0.5670219033536428,2.2636890854586077e-13,1.2982788722451622e-13,5.738395991794698e-12,0.39500273645831335,-0.3950027364038144,0.3950027364319209,-0.3950027364052546
1.07,-41.00000000000045,-25.99999999999971,0.5429562831986556,-41.0,-26.0,0.5700102826784219,2.581159652105104e-13,2.4413387559724243e-13,5.716309116119072e-12,0.39046656683732,-0.39046656678448877,0.39046656680544123,-0.39046656677745906
1.08,-41.00000000000049,-25.999999999999687,0.5462272590333802,-41.0,-26.0,0.5730236560428564,2.6877864262103454e-13,3.5237223571395916e-13,5.692213530789027e-12,0.38587586654205075,-0.3858758664924227,0.3858758665139304,-0.38587586648310995
1.09,-41.000000000000504,-25.999999999999673,0.5495339630024632,-41.0,-26.0,0.5760615426762298,2.450905007973346e-13,4.748584444678344e-13,5.648989815755572e-12,0.3811822875354572,-0.3811822874897568,0.3811822875046169,-0.3811822874705628
1.1,-41.00000000000054,-25.99999999999965,0.5528735083066784,-41.0,-26.0,0.5791234547146946,2.1785250832345054e-13,5.958135264100649e-13,5.599907067484172e-12,0.3764835040705662,-0.3764835040301412,0.3764835040430409,-0.3764835040044705
1.11,-41.00000000000055,-25.99999999999962,0.556246770237958,-41.0,-26.0,0.5822088973701569,1.864672902364823e-13,6.958723075462013e-13,5.5505631515766595e-12,0.37171336819289613,-0.3717133681575614,0.3717133681655007,-0.37171336812256295
1.12,-41.00000000000056,-25.999999999999595,0.5596524488300894,-41.0,-26.0,0.5853173690991598,1.5821130746083895e-13,7.758071281109793e-13,5.499805753594285e-12,0.3668993036438115,-0.36689930361174056,0.3668993036182439,-0.36689930357277084
1.1300000000000001,-41.00000000000059,-25.999999999999574,0.5630910718825894,-41.0,-26.0,0.588448361771768,1.3572067637604286e-13,8.287164440340296e-13,5.442043752511624e-12,0.36199624516970585,-0.3619962451391947,0.36199624514937945,-0.3619962451031813
1.1400000000000001,-41.00000000000059,-25.99999999999956,0.5665594482805858,-41.0,-26.0,0.5916013608404516,1.2069470860239044e-13,8.655392133224831e-13,5.38274372068018e-12,0.3571069717041427,-0.35710697167354,0.3571069716822425,-0.3571069716369756
1.1500000000000001,-41.00000000000061,-25.999999999999538,0.5700582308460609,-41.0,-26.0,0.5947758455089703,1.0648293141034086e-13,8.831107275331418e-13,5.322959401459834e-12,0.35217370776127366,-0.35217370773197004,0.3521737077451838,-0.3521737076994497
1.16,-41.000000000000625,-25.999999999999517,0.5735888081133849,-41.0,-26.0,0.5979712889012574,7.862350025787412e-14,8.722044608673563e-13,5.268297724660163e-12,0.3471136589567477,-0.34711365892960927,0.3471136589471306,-0.34711365889995544
1.17,-41.000000000000625,-25.9999999999995,0.5771473195195508,-41.0,-26.0,0.6011871582303038,4.8758244371061224e-14,8.576901166483313e-13,5.214529838548953e-12,0.3420636750678769,-0.3420636750420093,0.3420636750604231,-0.34206367501269097
1.18,-41.000000000000625,-25.99999999999948,0.5807337374963778,-41.0,-26.0,0.6044229149670423,2.4466307100183405e-14,8.217502638631758e-13,5.1585349503817364e-12,0.33699096305741166,-0.3369909630327914,0.33699096305397047,-0.33699096300574516
1.19,-41.000000000000625,-25.99999999999946,0.5843477597285122,-41.0,-26.0,0.6076780150092311,-6.158761562042264e-15,8.00303491193463e-13,5.096849969087803e-12,0.3318775546950015,-0.3318775546725951,0.33187755469463603,-0.33187755464505936
1.2,-41.000000000000625,-25.99999999999944,0.5879903309434479,-41.0,-26.0,0.6109519088503389,-4.441720470750377e-14,7.959377964954611e-13,5.031865732156908e-12,0.32666052093080594,-0.3266605209108325,0.3266605209323092,-0.32666052088120806
1.21,-41.000000000000625,-25.99999999999942,0.591657156970736,-41.0,-26.0,0.6142440417484276,-8.173950504368629e-14,7.811779297639815e-13,4.978677889911253e-12,0.3214864748977499,-0.32148647487912707,0.3214864749012053,-0.32148647484944193
1.22,-41.000000000000625,-25.9999999999994,0.595349431265252,-41.0,-26.0,0.6175538538950379,-1.5489248768082962e-13,7.564374194301856e-13,4.9785136137889425e-12,0.3162728171262817,-0.3162728171118185,0.31627281713578764,-0.3162728170795929
1.23,-41.000000000000625,-25.99999999999938,0.5990673744062515,-41.0,-26.0,0.6208807805840718,-1.9743807836243963e-13,7.245535103836649e-13,4.929356798446969e-12,0.31098274889664806,-0.3109827488840374,0.31098274890975935,-0.31098274885242777
1.24,-41.000000000000625,-25.99999999999936,0.6028092127206218,-41.0,-26.0,0.624224252380678,-2.3296566189894286e-13,7.036037936813844e-13,4.886011417333787e-12,0.3056640030434787,-0.30566400303124946,0.3056640030574877,-0.30566400300037394
1.25,-41.000000000000625,-25.999999999999343,0.6065735216071493,-41.0,-26.0,0.627583695290135,-2.589334431895968e-13,6.929276973940031e-13,4.841798279306548e-12,0.3003407027115387,-0.30034070269946234,0.300340702725299,-0.30034070266865254
1.26,-41.000000000000625,-25.999999999999325,0.6103602921263651,-41.0,-26.0,0.630958530926736,-2.763135950106472e-13,6.764701301156915e-13,4.803995111269121e-12,0.29498278367180797,-0.29498278365918285,0.2949827836852956,-0.29498278362970154
1.27,-41.000000000000625,-25.999999999999307,0.6141692617161845,-41.0,-26.0,0.6343481766826722,-2.9398418954965437e-13,6.674462179623047e-13,4.747714597473819e-12,0.2895723581026464,-0.28957235809006965,0.289572358115608,-0.2895723580608186
1.28,-41.000000000000625,-25.999999999999286,0.6179990094492175,-41.0,-26.0,0.6377520458969173,-2.994250386713698e-13,6.538595367479291e-13,4.693039215352223e-12,0.2841387829508014,-0.2841387829379287,0.2841387829634493,-0.2841387829097557
1.29,-41.000000000000625,-25.999999999999265,0.6218487681769371,-41.0,-26.0,0.6411695480241111,-2.9417395498201554e-13,6.315399245463852e-13,4.6465246922768474e-12,0.27868138324960035,-0.278681383235857,0.2786813832622236,-0.27868138321003477
1.3,-41.000000000000625,-25.999999999999243,0.6257184952248265,-41.0,-26.0,0.6446000888034449,-2.822152410755351e-13,5.944082368861916e-13,4.6431154130346255e-12,0.27317401534851504,-0.2731740153333582,0.2731740153620143,-0.27317401531109636
1.31,-41.000000000000625,-25.99999999999922,0.629607109659499,-41.0,-26.0,0.6480430704275437,-2.7246417716905605e-13,5.546324409155091e-13,4.640280690541876e-12,0.26763080073040213,-0.2676308007149442,0.267630800745767,-0.26763080069506423
1.32,-41.000000000000625,-25.999999999999197,0.6335131940718582,-41.0,-26.0,0.6514978917113515,-2.7001125408882697e-13,5.086681651506788e-13,4.641086052738749e-12,0.262078833010264,-0.26207883299416906,0.26207883302734886,-0.26207883297717754
1.33,-41.000000000000625,-25.99999999999918,0.6374361454264921,-41.0,-26.0,0.6549639482610152,-2.684994854958913e-13,4.620808499573024e-13,4.715930059518727e-12,0.25650957467700664,-0.256509574659225,0.2565095746951436,-0.25650957464520635
1.34,-41.000000000000625,-25.999999999999154,0.6413758709009738,-41.0,-26.0,0.6584406326427679,-2.572113728919191e-13,4.166334447378733e-13,4.839093693314306e-12,0.25089892924189905,-0.2508989292227096,0.25089892926132906,-0.2508989292106456
1.35,-41.000000000000625,-25.999999999999126,0.6453313230265838,-41.0,-26.0,0.6619273345518143,-2.2270480726756594e-13,3.7928945592924793e-13,4.957133183284663e-12,0.24525892646725658,-0.24525892644580488,0.24525892648608705,-0.24525892643577368
1.36,-41.000000000000625,-25.99999999999911,0.6493012234470062,-41.0,-26.0,0.6654234409812136,-1.6835406660235775e-13,3.6030910453628023e-13,5.0841114931975206e-12,0.23960994523170173,-0.23960994520463622,0.2396099452450515,-0.2396099451984063
1.37,-41.000000000000625,-25.99999999999909,0.653284861672688,-41.0,-26.0,0.6689283363907641,-1.732294131857267e-13,3.228620846705222e-13,5.068877573467006e-12,0.23394766706835338,-0.2339476670427266,0.23394766708391693,-0.23394766703665967
1.3800000000000001,-41.000000000000625,-25.99999999999907,0.6572820027559021,-41.0,-26.0,0.6724414028758872,-3.109315483550537e-13,2.5252802679305767e-13,4.804933337756516e-12,0.22825347069884522,-0.2282534706868996,0.22825347072932745,-0.22825347067350515
1.3900000000000001,-41.000000000000625,-25.999999999999048,0.661291448743187,-41.0,-26.0,0.6759620203365114,-4.3470439852935983e-13,1.8760150461238102e-13,4.5811979362281144e-12,0.2225441770249933,-0.22254417702326076,0.22254417706645876,-0.22254417700434156
1.4000000000000001,-41.000000000000625,-25.999999999999023,0.6653130837086252,-41.0,-26.0,0.6794895666459566,-5.384457968510049e-13,1.2853690101997123e-13,4.35276849125153e-12,0.21679850356854496,-0.21679850357458144,0.21679850361774708,-0.21679850355156668
1.41,-41.000000000000625,-25.999999999998998,0.6693455164241172,-41.0,-26.0,0.6830234178198173,-6.264881458665182e-13,7.474258083179445e-14,4.12953377558443e-12,0.21104081471746386,-0.21104081472898678,0.2110408147716496,-0.21104081470339126
1.42,-41.000000000000625,-25.999999999998973,0.6733871694106884,-41.0,-26.0,0.6865629481848483,-6.97096043355554e-13,2.6065617941915285e-14,3.910958047039529e-12,0.20529385905565264,-0.2052938590707352,0.20529385911251521,-0.20529385904389372
1.43,-41.000000000000625,-25.99999999999895,0.677438186766391,-41.0,-26.0,0.6901075305478471,-7.423879767413369e-13,-1.7521760916258097e-14,3.701496395186269e-12,0.1995274032347559,-0.19952740325125473,0.19952740329191793,-0.1995274032248165
1.44,-41.000000000000625,-25.999999999998924,0.6814983442070369,-41.0,-26.0,0.6936565363645391,-7.265119405450121e-13,-5.646706210524999e-14,3.5104564597738457e-12,0.19372967673497574,-0.19372967674871763,0.1937296767881976,-0.1937296767264096
1.45,-41.000000000000625,-25.999999999998895,0.6855659418709793,-41.0,-26.0,0.6972093359084607,-6.935869282417282e-13,-8.804813221194817e-14,3.3207826138295957e-12,0.18793162174514852,-0.18793162175625372,0.18793162179410494,-0.18793162173748684
1.46,-41.000000000000625,-25.999999999998874,0.689639623263298,-41.0,-26.0,0.7007652984398444,-6.504629169078893e-13,-1.1324947960853326e-13,3.132715833140583e-12,0.18214344573644395,-0.1821434457434763,0.18214344577939073,-0.18214344572935537
1.47,-41.000000000000625,-25.99999999999885,0.6937194856522786,-41.0,-26.0,0.704323792374502,-5.863214802025775e-13,-1.4662563735475257e-13,2.9323798057878905e-12,0.17634535816053193,-0.17634535816378674,0.176345358198682,-0.17634535815516963
1.48,-41.000000000000625,-25.99999999999882,0.6978037745818805,-41.0,-26.0,0.7078841854527098,-5.098425042909318e-13,-1.793447792940615e-13,2.7278046514165274e-12,0.17055525337144598,-0.1705552533714385,0.17055525340532485,-0.17055525336789434
1.49,-41.000000000000625,-25.999999999998792,0.7018927880780208,-41.0,-26.0,0.7114458449080905,-4.0952223530142596e-13,-2.292974967057552e-13,2.5247544298491564e-12,0.1647554616396479,-0.16475546163546043,0.16475546166984187,-0.16475546163937074
1.5,-41.000000000000625,-25.999999999998767,0.7059851530122407,-41.0,-26.0,0.7150081376365001,-3.0402816655475794e-13,-2.7158428187983345e-13,2.3229567260995142e-12,0.15895808575902107,-0.15895808575036857,0.15895808578440385,-0.15895808576115472
1.51,-41.000000000000625,-25.99999999999874,0.7100801437262748,-41.0,-26.0,0.7185704303649094,-1.9861947515623199e-13,-3.05648171840836e-13,2.1197227192224227e-12,0.15316748436041455,-0.1531674843487933,0.1531674843817336,-0.15316748436423916
1.52,-41.00000000000063,-25.999999999998714,0.7141769342778039,-41.0,-26.0,0.7221320898202903,-9.416962670267132e-14,-3.300087095674827e-13,1.9214554729563727e-12,0.14740045316285738,-0.14740045314815853,0.14740045318055228,-0.14740045316884193
1.53,-41.00000000000065,-25.999999999998682,0.7182743361935375,-41.0,-26.0,0.7256924828984979,1.1525332158144642e-14,-3.442834182675321e-13,1.7245768566608993e-12,0.14164551092022754,-0.14164551090408645,0.14164551093613365,-0.1416455109285587
1.54,-41.000000000000654,-25.99999999999865,0.7223716714831505,-41.0,-26.0,0.7292509768331557,1.179678554811767e-13,-3.4914062052040594e-13,1.529036001267196e-12,0.13589462208831857,-0.13589462207079953,0.13589462210039924,-0.13589462209688316
1.55,-41.000000000000654,-25.999999999998625,0.7264682499887661,-41.0,-26.0,0.7328069393645393,2.213021268359938e-13,-3.4562492932495504e-13,1.3347371194020362e-12,0.1301449986711326,-0.13014499865128631,0.13014499867664026,-0.13014499867812224
1.56,-41.000000000000654,-25.999999999998597,0.7305633121958482,-41.0,-26.0,0.7363597389084611,3.1644172232928614e-13,-3.3434056039395367e-13,1.1417933329636965e-12,0.1244002004542419,-0.12440020043354334,0.12440020045463078,-0.12440020045962412
1.57,-41.000000000000654,-25.99999999999857,0.7346561113570599,-41.0,-26.0,0.7399087447251529,4.017054580383979e-13,-3.161760723340006e-13,9.501964878372889e-13,0.11865871807851867,-0.11865871805781003,0.1186587180747703,-0.11865871808242087
1.58,-41.000000000000654,-25.999999999998543,0.7387457149276473,-41.0,-26.0,0.7434533270881518,4.783982072670355e-13,-2.925473464555573e-13,7.600043203462189e-13,0.11293443832314727,-0.11293443830237265,0.11293443831542363,-0.1129344383257746
1.59,-41.000000000000654,-25.999999999998515,0.7428317531264249,-41.0,-26.0,0.7469928574531827,5.492916338866192e-13,-2.657693007494449e-13,5.707932847483645e-13,0.10719343694513525,-0.10719343692532665,0.10719343693473657,-0.1071934369467494
1.6,-41.000000000000654,-25.999999999998487,0.74691345430601,-41.0,-26.0,0.7505267086270435,6.292766192312362e-13,-2.438557024584573e-13,3.780775828398077e-13,0.10144381957036379,-0.10144381955053026,0.10144381955717306,-0.1014438195719141
1.61,-41.000000000000654,-25.999999999998458,0.7509894854304535,-41.0,-26.0,0.7540542549364886,7.13181752569877e-13,-2.2300432651833132e-13,2.0462268768264306e-13,0.09572592624367311,-0.09572592622337385,0.09572592622781194,-0.09572592624536995
1.62,-41.000000000000654,-25.999999999998426,0.755059999502267,-41.0,-26.0,0.7575748723971129,7.908062202686825e-13,-2.0345021312093004e-13,3.7675144984277725e-14,0.08997532548364423,-0.08997532546396193,0.08997532546650254,-0.08997532548571117
1.6300000000000001,-41.000000000000654,-25.9999999999984,0.7591237748404699,-41.0,-26.0,0.7610879388822359,8.549063061336482e-13,-1.8083231155411667e-13,-1.2883641196837902e-13,0.08422873826080253,-0.08422873824142575,0.08422873824191889,-0.08422873826311465
1.6400000000000001,-41.000000000000654,-25.999999999998376,0.7631799339611717,-41.0,-26.0,0.7645928342917866,9.046663827206019e-13,-1.5527641657162036e-13,-2.971948577411412e-13,0.07849421611971832,-0.07849421610161962,0.07849421609989966,-0.0784942161221714
1.6500000000000001,-41.00000000000066,-25.999999999998355,0.7672276638346129,-41.0,-26.0,0.7680889407211857,9.277184158326956e-13,-1.2466271463997968e-13,-4.841756496635235e-13,0.07277460296060127,-0.07277460294510765,0.07277460294208307,-0.07277460296445701
1.6600000000000001,-41.00000000000066,-25.99999999999833,0.7712656544375395,-41.0,-26.0,0.7715756426302322,9.413100369343034e-13,-9.277977749378614e-14,-6.680440419463929e-13,0.06710343256515006,-0.06710343255310058,0.06710343254710535,-0.0671034325686681
1.67,-41.00000000000066,-25.999999999998312,0.7752938074386719,-41.0,-26.0,0.7750523270119849,9.389166957750158e-13,-6.556399851178899e-14,-8.853653039611337e-13,0.06143614293289508,-0.06143614292410235,0.061436142915524,-0.06143614293706198
1.68,-41.00000000000066,-25.999999999998284,0.7793112085661048,-41.0,-26.0,0.7785183835616484,9.209616432693237e-13,-4.2609943179122694e-14,-1.172156634909283e-12,0.055785506591897537,-0.05578550658978948,0.05578550657849683,-0.055785506597797005
1.69,-41.00000000000066,-25.999999999998263,0.7833169719602968,-41.0,-26.0,0.7819732048454562,8.813775147496191e-13,-9.561843802663548e-15,-1.4721125444320665e-12,0.05015958429077394,-0.050159584294999456,0.05015958428011675,-0.05015958429764309
1.7,-41.00000000000066,-25.99999999999824,0.7873103723467036,-41.0,-26.0,0.785416186469555,8.301069003578128e-13,1.0575592367092984e-14,-1.7942098734412191e-12,0.044555365499898636,-0.04455536551071567,0.044555365493496,-0.04455536550926809
1.71,-41.00000000000066,-25.999999999998224,0.7912906620114258,-41.0,-26.0,0.7888467272488888,7.769614802993751e-13,2.3014089726309713e-14,-2.1427985208131866e-12,0.03897476355474674,-0.038974763571301266,0.038974763552040576,-0.038974763567283854
1.72,-41.00000000000066,-25.99999999999821,0.7952569881702124,-41.0,-26.0,0.792264229376083,7.243096342750649e-13,3.439633998018363e-14,-2.5128976473717327e-12,0.033424262713904584,-0.03342426273522282,0.03342426271367478,-0.033424262729631865
1.73,-41.00000000000066,-25.999999999998188,0.7992086889094372,-41.0,-26.0,0.7956680985903279,6.766275254485935e-13,5.902222174580866e-14,-2.895580422062807e-12,0.027897926680351515,-0.02789792670726028,0.02789792668209768,-0.027897926698048782
1.74,-41.00000000000066,-25.999999999998177,0.8031449946784109,-41.0,-26.0,0.7990577443462641,6.442065848582717e-13,6.692090715379117e-14,-3.3203408939471084e-12,0.022399762527352894,-0.02239976255713731,0.022399762529567307,-0.02239976254890459
1.75,-41.00000000000066,-25.99999999999817,0.8070651102426666,-41.0,-26.0,0.802432579982865,6.114808464160895e-13,7.698167125479913e-14,-3.743129451508188e-12,0.01693404297146848,-0.016934043003557366,0.016934042973238896,-0.016934042996359262
1.76,-41.00000000000066,-25.99999999999815,0.8109671195900583,-41.0,-26.0,0.8057920228923221,5.81479424159444e-13,1.1591657668294812e-13,-4.191915178230783e-12,0.01156255752194588,-0.011562557559412621,0.011562557523528794,-0.011562557547747002
1.77,-41.00000000000066,-25.99999999999813,0.8148529802275098,-41.0,-26.0,0.8091354946889281,5.516257944662354e-13,1.7546331807014128e-13,-4.670025502863409e-12,0.006138495758834254,-0.0061384958010143095,0.0061384957579394515,-0.006138495784370713
1.78,-41.00000000000066,-25.999999999998114,0.818720354726177,-41.0,-26.0,0.8124624213779621,5.196551130222238e-13,2.2493696309138422e-13,-5.1619525434727486e-12,0.0007569118018078225,-0.0007569118485840226,0.00075691179980948,-0.0007569118287128666
1.79,-41.00000000000066,-25.99999999999811,0.8225678067237086,-41.0,-26.0,0.8157722335245723,4.914313695824531e-13,2.704458888162794e-13,-5.652467215475083e-12,-0.004545757747436566,0.004545757698657048,-0.004545757752420542,0.004545757718577348
1.8,-41.00000000000066,-25.999999999998103,0.8263958210728173,-41.0,-26.0,0.8190643664226611,4.680634794799185e-13,3.1310779596431843e-13,-6.147959065664466e-12,-0.009834248688070585,0.009834248636532667,-0.009834248694907021,0.009834248656839274
1.81,-41.00000000000066,-25.99999999999809,0.830202065982242,-41.0,-26.0,0.8223382602637689,4.419150074968506e-13,3.541012424566679e-13,-6.645059333937636e-12,-0.01502254202255978,0.015022541966277277,-0.01502254202903593,0.015022541988751158
1.82,-41.00000000000066,-25.99999999999808,0.8339884885455272,-41.0,-26.0,0.8255933603059579,4.100250100020357e-13,3.9277890708896197e-13,-7.1395353403581435e-12,-0.020251860972106555,0.02025186091220099,-0.020251860979062866,0.020251860935512175
1.83,-41.00000000000066,-25.999999999998074,0.8377529926522533,-41.0,-26.0,0.8288291170426962,3.828949829373025e-13,4.21421946580065e-13,-7.63239656430153e-12,-0.02544111778343895,0.025441117719746362,-0.02544111778983107,0.02544111774321971
1.84,-41.00000000000066,-25.999999999998067,0.8414940407067009,-41.0,-26.0,0.8320449863717425,3.7931062973196054e-13,4.2398957433243324e-13,-8.14278533994183e-12,-0.030545188972369144,0.03054518890662603,-0.030545188978045434,0.03054518892631702
1.85,-41.00000000000066,-25.999999999998067,0.8452115657128528,-41.0,-26.0,0.8352404297640298,3.787337944673023e-13,4.1362124521247695e-13,-8.657046436840318e-12,-0.03560147726477092,0.03560147719775114,-0.03560147726999156,0.03560147721232389
1.86,-41.00000000000066,-25.999999999998067,0.8489057025777611,-41.0,-26.0,0.8384149144325483,3.8466386987423217e-13,3.979454047528619e-13,-9.169930405419483e-12,-0.040648069624612954,0.040648069556127035,-0.04064806962937178,0.040648069565997084
1.87,-41.00000000000066,-25.999999999998057,0.8525748850878172,-41.0,-26.0,0.8415679135012322,3.84578461063679e-13,3.799666169145913e-13,-9.672260965363255e-12,-0.04563550723165693,0.04563550715887807,-0.045635507233422704,0.045635507167371
1.8800000000000001,-41.00000000000066,-25.999999999998053,0.8562166648508132,-41.0,-26.0,0.8446989061738404,3.7550446069179804e-13,3.667939308134541e-13,-1.0156092785972754e-11,-0.050474157414709765,0.05047415733853808,-0.05047415741513711,0.050474157345825874
1.8900000000000001,-41.00000000000066,-25.999999999998053,0.85983382938136,-41.0,-26.0,0.8478073779028434,3.6862778109519095e-13,3.527680073408338e-13,-1.0634568327378814e-11,-0.055347958241050516,0.0553479581622611,-0.0553479582410609,0.05534795816777239
1.9000000000000001,-41.00000000000066,-25.999999999998053,0.8634246051489995,-41.0,-26.0,0.8508928205583055,3.709482615642499e-13,3.373517796055945e-13,-1.1101449990266938e-11,-0.06018887769288619,0.06018887761196921,-0.060188877692976275,0.060188877615395195
1.9100000000000001,-41.00000000000066,-25.999999999998053,0.8669868605073691,-41.0,-26.0,0.8539547325967702,3.8749374178129286e-13,3.203082767210688e-13,-1.1540155280535394e-11,-0.06492049630011423,0.06492049621802694,-0.06492049630105588,0.0649204962186929
1.92,-41.00000000000066,-25.999999999998053,0.870521995998603,-41.0,-26.0,0.8569926192301436,4.112432468045986e-13,2.9387264325896753e-13,-1.1965830380082971e-11,-0.0696486526483147,0.06964865256523332,-0.06964865264954771,0.06964865256237955
1.93,-41.00000000000066,-25.999999999998053,0.8740277952282001,-41.0,-26.0,0.8600059925945781,4.3856265356963595e-13,2.684632654805502e-13,-1.2386942840055832e-11,-0.07428777196991264,0.0742877718857309,-0.07428777197171439,0.07428777187985215
1.94,-41.00000000000066,-25.999999999998053,0.8775028429433106,-41.0,-26.0,0.8629943719193571,4.5144873377859085e-13,2.506313069391609e-13,-1.2809370130189479e-11,-0.07880257069394361,0.07880257060707714,-0.07880257069564757,0.07880257060058145
1.95,-41.00000000000066,-25.999999999998053,0.8809495781329987,-41.0,-26.0,0.8659572836957794,4.0265821459132913e-13,2.3293480388275706e-13,-1.3258868304249804e-11,-0.08334761766808155,0.08334761757380704,-0.08334761766522672,0.08334761757115305
1.96,-41.00000000000066,-25.999999999998053,0.8843657105186311,-41.0,-26.0,0.8688942618460416,3.606660388414656e-13,2.1575377825315284e-13,-1.3702454255181167e-11,-0.08783040261501068,0.08783040251454384,-0.08783040260882315,0.08783040251463863
1.97,-41.00000000000066,-25.999999999998053,0.8877502971591149,-41.0,-26.0,0.8718048478921243,3.4062685059121637e-13,2.0240186236731306e-13,-1.4151227717421206e-11,-0.09223247661566626,0.0922324765111221,-0.09223247660864128,0.09223247651213207
1.98,-41.00000000000066,-25.999999999998053,0.8911028947144726,-41.0,-26.0,0.8746885911246748,3.373825913542504e-13,1.9243082362262108e-13,-1.460023018940587e-11,-0.0965632283795642,0.09656322827225484,-0.09656322837323637,0.09656322827309534
1.99,-41.00000000000066,-25.999999999998053,0.8944233860177192,-41.0,-26.0,0.8775450487718912,3.351473017252894e-13,1.84906096237876e-13,-1.5045095667053766e-11,-0.10084333260556075,0.1008433324954814,-0.10084333259999749,0.10084333249631065
2.0,-41.00000000000066,-25.999999999998053,0.8977103011297424,-41.0,-26.0,0.8803737861684073,3.5361320085169374e-13,1.9865254757076282e-13,-1.5466265898697942e-11,-0.10502719046861901,0.10502719035738785,-0.1050271904669157,0.1050271903584978
2.0100000000000002,-41.00000000000066,-25.999999999998053,0.9009640985705685,-41.0,-26.0,0.8831743769241762,3.693951402829058e-13,2.1513955827119892e-13,-1.5864282626714513e-11,-0.10916563573113654,0.10916563561841724,-0.10916563573253807,0.10916563562010409
2.02,-41.00000000000066,-25.999999999998053,0.9041832277841222,-41.0,-26.0,0.8859464030933539,3.8588332587215883e-13,2.2846248180008504e-13,-1.625677247973635e-11,-0.11320633504811548,0.11320633493374317,-0.11320633505176277,0.11320633493552625
2.0300000000000002,-41.00000000000066,-25.999999999998053,0.9073674398738899,-41.0,-26.0,0.8886894553431844,3.987856280428876e-13,2.318163390377448e-13,-1.664652045343621e-11,-0.11716752434798515,0.11716752423151258,-0.11716752435230726,0.11716752423270746
2.04,-41.00000000000066,-25.999999999998053,0.910517000190751,-41.0,-26.0,0.8914031331228822,4.125954551463698e-13,2.189674567339089e-13,-1.7039697833865443e-11,-0.12108500058993346,0.12108500047128085,-0.12108500059360808,0.12108500047062809
2.05,-41.00000000000066,-25.999999999998053,0.9136305504135137,-41.0,-26.0,0.8940870448325182,4.2275222226622494e-13,2.259268311715261e-13,-1.7421886784846387e-11,-0.12491490998094568,0.12491490985986803,-0.12491490998556407,0.12491490985962425
2.06,-41.00000000000066,-25.999999999998053,0.9167074538692666,-41.0,-26.0,0.8967408079919026,4.3711688415912255e-13,2.5607441994400166e-13,-1.7788767198464985e-11,-0.1286528110014542,0.12865281087838853,-0.12865281100924408,0.1286528108801579
2.07,-41.00000000000066,-25.999999999998053,0.9197474023355593,-41.0,-26.0,0.899364049409469,4.56564527368194e-13,3.083897666806854e-13,-1.8135500876507553e-11,-0.13230609752652242,0.13230609740192112,-0.13230609753907863,0.13230609740671412
2.08,-41.00000000000066,-25.999999999998053,0.9227490477292584,-41.0,-26.0,0.9019564053511593,4.624459172152074e-13,3.700666497470104e-13,-1.8482197393666e-11,-0.135836729889683,0.13583672976237218,-0.13583672990604354,0.1358367297715136
2.09,-41.00000000000066,-25.999999999998053,0.9257131686911517,-41.0,-26.0,0.9045175217093069,4.602694862935794e-13,4.323979370901673e-13,-1.882522827165012e-11,-0.13930417424238364,0.13930417411190207,-0.13930417426129357,0.13930417412508714
2.1,-41.00000000000066,-25.999999999998053,0.928640042387708,-41.0,-26.0,0.9070470541715208,4.4967331767138863e-13,4.829829913707213e-13,-1.916159789634116e-11,-0.14274450732903893,0.14274450719494539,-0.1427445073485061,0.14274450721115825
2.11,-41.00000000000066,-25.999999999998053,0.931528289109924,-41.0,-26.0,0.9095446683895703,4.3625294992032194e-13,5.216323331026234e-13,-1.949407917883594e-11,-0.14610598938253125,0.1461059892448873,-0.1461059894013362,0.14610598926282017
2.12,-41.00000000000066,-25.999999999998053,0.9343773098748736,-41.0,-26.0,0.9120100401482688,4.2103203233318467e-13,5.520418454748982e-13,-1.982206228788778e-11,-0.14938014464241703,0.14938014450134182,-0.1493801446599565,0.149380144520206
2.13,-41.00000000000066,-25.999999999998053,0.937186073546237,-41.0,-26.0,0.9144428555343572,4.038827800016368e-13,5.89089399957467e-13,-2.014845129363813e-11,-0.15253709280607297,0.15253709266161836,-0.15253709282321443,0.15253709268218596
2.14,-41.00000000000066,-25.999999999998053,0.939955332832128,-41.0,-26.0,0.9168428111053892,3.972719632322683e-13,6.371851217938019e-13,-2.045547290638426e-11,-0.15563621506667427,0.15563621491995105,-0.15563621508530506,0.15563621494222213
2.15,-41.00000000000066,-25.999999999998053,0.942683784801916,-41.0,-26.0,0.9192096140586139,3.919332245882383e-13,6.783504532869161e-13,-2.0745609927029676e-11,-0.15863008813717713,0.1586300879884073,-0.15863008815661703,0.1586300880115357
2.16,-41.00000000000066,-25.999999999998053,0.945370903612622,-41.0,-26.0,0.9215429823998614,4.1363923993493024e-13,7.305705604203851e-13,-2.1031645875930602e-11,-0.16151435347393447,0.16151435332517644,-0.1615143534972256,0.16151435334809877
2.17,-41.00000000000066,-25.999999999998053,0.9480164381783489,-41.0,-26.0,0.9238426451124259,4.740594899713545e-13,7.742492663052538e-13,-2.130914670285518e-11,-0.16429599095222144,0.1642959908059826,-0.1642959909808098,0.1642959908252495
2.18,-41.00000000000066,-25.999999999998053,0.9506211797525911,-41.0,-26.0,0.9261083423259496,5.26307238599471e-13,8.086153849834962e-13,-2.158635051095718e-11,-0.1670294866090569,0.16702948646383625,-0.16702948664073541,0.1670294864802057
2.19,-41.00000000000066,-25.999999999998053,0.9531838461152073,-41.0,-26.0,0.9283398254853079,5.27648133814298e-13,8.528363139309281e-13,-2.1872219496335677e-11,-0.16966645379516282,0.1696664536467399,-0.16966645382672832,0.16966645366526914
2.2,-41.00000000000066,-25.999999999998053,0.9557033688239146,-41.0,-26.0,0.9305368575194926,5.26160814081673e-13,8.819037400275143e-13,-2.2152430317503823e-11,-0.1721719994867048,0.1721719993351859,-0.1721719995168639,0.17217199935447047
2.21,-41.00000000000066,-25.999999999998053,0.9581806267438367,-41.0,-26.0,0.9326992130104949,5.092968972526908e-13,8.965795220591528e-13,-2.2406526241935745e-11,-0.1746056635652096,0.17460566340993755,-0.17460566359204532,0.17460566342984374
2.22,-41.00000000000066,-25.999999999998053,0.9606139887569427,-41.0,-26.0,0.9348266783621924,4.924163989153133e-13,8.941882341005579e-13,-2.2654836707283876e-11,-0.17690403669673313,0.17690403653813713,-0.1769040367196162,0.17690403655723708
2.23,-41.00000000000066,-25.999999999998053,0.9630049123759954,-41.0,-26.0,0.93691905196923,4.794579894692644e-13,8.78139879733201e-13,-2.2916000443851082e-11,-0.17915057199081777,0.1791505718293323,-0.17915057200971063,0.17915057184644956
2.24,-41.00000000000066,-25.999999999998053,0.9653521268621603,-41.0,-26.0,0.9389761443859064,4.624537822327923e-13,8.559166196249821e-13,-2.316536315051134e-11,-0.18129475470026934,0.18129475453587585,-0.18129475471520035,0.18129475455128324
2.25,-41.00000000000066,-25.999999999998053,0.9676545703552526,-41.0,-26.0,0.9409977784950566,4.5114683523305846e-13,8.232776598208648e-13,-2.34277134955192e-11,-0.1832981156428623,0.1832981154760497,-0.1832981156541781,0.18329811548885747
2.2600000000000002,-41.00000000000066,-25.999999999998053,0.9699130850063494,-41.0,-26.0,0.9429837896769369,4.334526802258166e-13,8.047740197900363e-13,-2.369769023179057e-11,-0.1852182044045178,0.1852182042347525,-0.18521820441377246,0.1852182042474494
2.27,-41.00000000000066,-25.999999999998053,0.9721274572037543,-41.0,-26.0,0.9449340259781082,3.8371849209862306e-13,8.641134001934851e-13,-2.3986759381852888e-11,-0.1870514804017297,0.18705148022667872,-0.1870514804134485,0.1870514802481325
2.2800000000000002,-41.00000000000066,-25.999999999998053,0.9742965188376387,-41.0,-26.0,0.9468483482803209,3.6637994059410837e-13,8.416514402102735e-13,-2.4255360359202595e-11,-0.18875174421722396,0.18875174404001618,-0.18875174422607457,0.18875174405905473
2.29,-41.00000000000066,-25.999999999998053,0.9764201475624417,-41.0,-26.0,0.9487266304693982,3.6818611049752846e-13,7.888236433275964e-13,-2.4520539388820623e-11,-0.19032823326801904,0.19032823309003383,-0.1903282332734239,0.19032823310338248
2.3000000000000003,-41.00000000000066,-25.999999999998053,0.9784994532161004,-41.0,-26.0,0.9505687596041204,3.6418373098515297e-13,7.380465805714198e-13,-2.477840346177118e-11,-0.19183984721015163,0.19183984703077395,-0.19183984721250158,0.1918398470401848
2.31,-41.00000000000066,-25.999999999998053,0.9805333225339207,-41.0,-26.0,0.952374636085109,3.5890411988630516e-13,6.88050683030135e-13,-2.503223289835066e-11,-0.19323987620547897,0.19323987602448547,-0.1932398762052688,0.1932398760309655
2.32,-41.00000000000066,-25.999999999998053,0.9825206980583617,-41.0,-26.0,0.9541441738237116,3.1275451717094295e-13,6.70896252019896e-13,-2.5253276370000707e-11,-0.19448626584373213,0.19448626565833174,-0.1944862658412094,0.19448626566829538
2.33,-41.00000000000066,-25.999999999998053,0.9844629273385386,-41.0,-26.0,0.955877300410884,2.699628385326735e-13,6.895243602583686e-13,-2.547271314459715e-11,-0.1956532966258731,0.19565329643672694,-0.19565329662467532,0.1956532964524608
2.34,-41.00000000000066,-25.999999999998053,0.9863593992303434,-41.0,-26.0,0.9575739572860767,2.2815466731614755e-13,7.206086361309391e-13,-2.569137397800654e-11,-0.19671504761181172,0.19671504741932122,-0.19671504761250924,0.19671504744056467
2.35,-41.000000000000654,-25.999999999998064,0.9882097681250043,-41.0,-26.0,0.9592340999061173,1.9150943683545127e-13,7.535082699862706e-13,-2.590844678854584e-11,-0.1976599177027024,0.1976599175094783,-0.19765991770844388,0.19765991753415696
2.36,-41.00000000000065,-25.999999999998067,0.9900137120637913,-41.0,-26.0,0.9608576979140939,2.076484792309748e-13,7.029101643637675e-13,-2.6123098980180945e-11,-0.19847781777059825,0.19847781757858846,-0.19847781777486478,0.19847781759630967
2.37,-41.00000000000064,-25.99999999999807,0.9917715064180255,-41.0,-26.0,0.9624447353082428,2.2826331570485244e-13,6.479459695165811e-13,-2.6336431818691495e-11,-0.1991861424330997,0.1991861422422119,-0.19918614243656005,0.1991861422538355
2.38,-41.00000000000061,-25.99999999999809,0.9934828619431385,-41.0,-26.0,0.9639952106108263,1.6126579452732591e-13,6.653933766612735e-13,-2.6529775455955008e-11,-0.1997739372157625,0.19977393702125126,-0.19977393722409367,0.19977393704230048
2.39,-41.00000000000059,-25.9999999999981,0.9951476993216768,-41.0,-26.0,0.9655091370370248,8.302184721848983e-14,6.911834697792109e-13,-2.671184163158863e-11,-0.20024001054558407,0.20024001034544367,-0.20024001055372212,0.20024001037503056
2.4,-41.00000000000058,-25.999999999998103,0.996765387562807,-41.0,-26.0,0.9669865426638125,-7.957809833014039e-14,7.914301773747228e-13,-2.6898896612108352e-11,-0.20055728436641426,0.2005572841536329,-0.2005572843704168,0.20055728420170615
2.41,-41.000000000000576,-25.999999999998103,0.9983370224000412,-41.0,-26.0,0.9684274705988479,-2.3507893368996665e-13,9.889375445552157e-13,-2.7083908526721374e-11,-0.20077900844010785,0.20077900821663114,-0.20077900844903607,0.20077900828837475
2.42,-41.00000000000057,-25.999999999998103,0.9998619085634914,-41.0,-26.0,0.9698319791493557,-4.068051763607399e-13,1.0678076771737385e-12,-2.7267738178136992e-11,-0.20087080225682893,0.200870802022899,-0.20087080225737444,0.200870802104525
2.43,-41.00000000000057,-25.999999999998103,1.001339466879686,-41.0,-26.0,0.9712001419910091,-4.26951155088366e-13,9.542816253576772e-13,-2.7449456091607053e-11,-0.20080716437919688,0.20080716414765007,-0.20080716436697701,0.20080716420913194
2.44,-41.00000000000056,-25.999999999998103,1.0027711099495336,-41.0,-26.0,0.9725320483368172,-7.601837650318345e-13,1.0249147131852079e-12,-2.763263405074258e-11,-0.20065225028599687,0.20065225003191678,-0.20065225025810074,0.2006522501201442
2.45,-41.00000000000052,-25.999999999998103,1.004156124627489,-41.0,-26.0,0.9738278031060056,-1.1257760301219264e-12,1.1385836860793834e-12,-2.7804667113861117e-11,-0.20036860184858518,0.20036860157407868,-0.20036860181477104,0.20036860169479084
2.46,-41.000000000000504,-25.999999999998103,1.005493577097123,-41.0,-26.0,0.9750875270929038,-8.438853687860509e-13,7.804131305429443e-13,-2.7993251713562972e-11,-0.19990983522579447,0.19990983498170914,-0.19990983518756508,0.19990983503439255
2.47,-41.00000000000049,-25.999999999998103,1.0067835051271206,-41.0,-26.0,0.9763113571358256,-5.281926716915746e-13,3.3516283269326207e-13,-2.8187555700275493e-11,-0.19928203501182037,0.19928203479407183,-0.1992820349655978,0.19928203478322928
2.48,-41.000000000000476,-25.999999999998103,1.008028937108226,-41.0,-26.0,0.977499446285957,-2.051918866929041e-13,-8.186279154080303e-14,-2.8385297897244934e-11,-0.19861679595559478,0.1986167957599692,-0.19861679590699455,0.19861679569960095
2.49,-41.00000000000044,-25.999999999998103,1.0092280079169076,-41.0,-26.0,0.978651963976237,1.232062836282598e-13,-4.630144705670449e-13,-2.8579618528663384e-11,-0.1978170273136188,0.19781702713662513,-0.1978170272702347,0.19781702704138698
2.5,-41.00000000000041,-25.999999999998103,1.0103808257080173,-41.0,-26.0,0.9797690961902452,5.034127186484611e-13,-7.639452371649403e-13,-2.8787856628540964e-11,-0.19688152765312045,0.19688152749536564,-0.1968815276226381,0.1968815273714914
2.5100000000000002,-41.00000000000039,-25.999999999998114,1.0114875184103835,-41.0,-26.0,0.9808510456310818,6.484587995674748e-13,-1.0618720467556068e-12,-2.8975944989681256e-11,-0.19580921626144396,0.19580921610428703,-0.1958092162244825,0.19580921597007578
2.52,-41.00000000000038,-25.999999999998117,1.0125475249407785,-41.0,-26.0,0.9818980318902545,6.841158390785024e-13,-1.3211387785846074e-12,-2.9149218822591555e-11,-0.19456631593269444,0.19456631576710612,-0.19456631588288467,0.19456631563450524
2.5300000000000002,-41.00000000000037,-25.999999999998117,1.0135603254351548,-41.0,-26.0,0.9829102916165617,7.22021082582488e-13,-1.5469583832234665e-12,-2.933386974834105e-11,-0.19312727510309444,0.19312727493056686,-0.19312727504429322,0.19312727480021386
2.54,-41.00000000000037,-25.999999999998117,1.0145296152774608,-41.0,-26.0,0.9838880786849764,7.430538485228937e-13,-1.716248079334352e-12,-2.9523687235148056e-11,-0.1916497542123277,0.19164975403304288,-0.1916497541484883,0.19164975390843095
2.5500000000000003,-41.00000000000037,-25.999999999998117,1.0154534907532153,-41.0,-26.0,0.9848316643655312,7.560299207092842e-13,-1.840552840221621e-12,-2.9706400294097135e-11,-0.19003014455297124,0.19003014436782928,-0.1900301444881617,0.19003014425136222
2.56,-41.00000000000034,-25.99999999999813,1.0163321691952487,-41.0,-26.0,0.9857413374921992,7.132802051770979e-13,-1.8734075559323523e-12,-2.992203095125892e-11,-0.18826717118124087,0.18826717098941617,-0.188267171126392,0.18826717089306785
2.57,-41.00000000000032,-25.999999999998142,1.017165889525006,-41.0,-26.0,0.9866174046317838,6.791511879267872e-13,-1.888068602729378e-12,-3.0121553618032615e-11,-0.18635967214736915,0.18635967194976993,-0.18635967209920468,0.18635967186879104
2.58,-41.0000000000003,-25.999999999998153,1.017954913422935,-41.0,-26.0,0.9874601902527972,6.426521253619579e-13,-1.8610551088200857e-12,-3.032474412146017e-11,-0.18430670137722446,0.1843067011743806,-0.18430670133690055,0.18430670110880745
2.59,-41.00000000000029,-25.999999999998156,1.0186984358985074,-41.0,-26.0,0.9882700368943486,5.92733388079863e-13,-1.805715015933044e-12,-3.052498694501189e-11,-0.18205840780700697,0.18205840759737615,-0.18205840776997764,0.1820584075458148
2.6,-41.00000000000029,-25.999999999998163,1.019397070273775,-41.0,-26.0,0.9890473053350235,4.896782778184957e-13,-1.7163153544137546e-12,-3.070646552759978e-11,-0.1796360554828284,0.17963605526423967,-0.17963605544678193,0.17963605522906692
2.61,-41.00000000000029,-25.999999999998163,1.0200537906016034,-41.0,-26.0,0.9897923747617735,3.886448329421446e-13,-1.617015475912668e-12,-3.089029439260997e-11,-0.17715252314210353,0.17715252291487546,-0.17715252310669335,0.17715252289503927
2.62,-41.00000000000029,-25.99999999999818,1.0206670021721371,-41.0,-26.0,0.9905056429387967,2.945084814770274e-13,-1.5070860158718995e-12,-3.1075073736776e-11,-0.17451543321887647,0.1745154329878105,-0.17451543318851007,0.17451543297809138
2.63,-41.00000000000029,-25.999999999998185,1.0212363239502789,-41.0,-26.0,0.9911875263764219,1.7584681586292424e-13,-1.3574656072700144e-12,-3.123481622271985e-11,-0.171692920271407,0.1716929200325227,-0.17169292024396085,0.17169292003920014
2.64,-41.00000000000029,-25.99999999999819,1.0217637912067188,-41.0,-26.0,0.9918384604999937,6.520183478124393e-14,-1.1912796391808035e-12,-3.139068384069856e-11,-0.16875715506021485,0.1687571548157055,-0.16875715503769892,0.16875715483643064
2.65,-41.00000000000029,-25.999999999998213,1.0222489635330811,-41.0,-26.0,0.9924588998187567,-3.474897854131085e-14,-1.0121258914286407e-12,-3.1544020159356606e-11,-0.16566763650891003,0.16566763626244507,-0.16566763649454735,0.16566763629311182
2.66,-41.00000000000029,-25.99999999999822,1.0226898262026856,-41.0,-26.0,0.9930493180947373,-1.3392798333694577e-13,-8.323440864093036e-13,-3.16914204117687e-11,-0.16231828880257926,0.16231828855146724,-0.1623182887922075,0.1623182885933745
2.67,-41.00000000000029,-25.999999999998227,1.0230909785285236,-41.0,-26.0,0.9936102085116322,-2.2554392102599814e-13,-6.622041576722481e-13,-3.184605275810216e-11,-0.15889856534931382,0.1588985650942639,-0.1588985653419451,0.1588985651448345
2.68,-41.00000000000029,-25.99999999999823,1.0234518952252138,-41.0,-26.0,0.994142083843688,-2.9560756787841917e-13,-4.93062670235808e-13,-3.201128057185557e-11,-0.15535363102817057,0.1553536307705107,-0.15535363102449953,0.15535363082759304
2.69,-41.00000000000029,-25.99999999999824,1.023771730906213,-41.0,-26.0,0.9946454766245888,-3.229865340676846e-13,-3.2774025365577714e-13,-3.2160372896135994e-11,-0.15162341165173066,0.15162341139586097,-0.15162341165522983,0.1516234114544349
2.7,-41.00000000000029,-25.99999999999825,1.024049876031512,-41.0,-26.0,0.9951209393163367,-3.2470006177302305e-13,-1.6693575093323824e-13,-3.230310154832728e-11,-0.14766527107825736,0.14766527082468556,-0.14766527108869693,0.14766527088360182
2.71,-41.00000000000029,-25.99999999999825,1.0242909102503461,-41.0,-26.0,0.9955690444781385,-3.1687146309256134e-13,-2.6970380759154223e-14,-3.2452766361690095e-11,-0.14365178196014222,0.14365178170764512,-0.14365178197443204,0.14365178176611473
2.72,-41.00000000000029,-25.999999999998263,1.0244930604488949,-41.0,-26.0,0.9959903849352886,-2.9354988975320165e-13,9.444712543373294e-14,-3.2590423220635034e-11,-0.13947537327003826,0.1394753730220529,-0.1394753732901672,0.13947537307540805
2.73,-41.00000000000029,-25.999999999998277,1.0246565549979236,-41.0,-26.0,0.9963855739480535,-2.798127208362816e-13,1.6725927455527803e-13,-3.278723814104146e-11,-0.13512052758856785,0.13512052734222546,-0.13512052760846494,0.13512052738901537
2.74,-41.00000000000029,-25.99999999999828,1.0247817659068919,-41.0,-26.0,0.996755245380557,-2.60663933835235e-13,2.0326055508234765e-13,-3.301765276514512e-11,-0.13058059190495266,0.1305805916581133,-0.13058059192088572,0.13058059169836472
2.75,-41.00000000000029,-25.99999999999828,1.0248701257559991,-41.0,-26.0,0.9971000538696619,-2.3339482296867063e-13,2.327046066194864e-13,-3.3243084282161204e-11,-0.12588707178235295,0.12588707153492915,-0.1258870717951179,0.12588707156980541
2.7600000000000002,-41.00000000000029,-25.99999999999828,1.0249226041031183,-41.0,-26.0,0.9974206749938548,-1.9334313844851202e-13,2.531613112140867e-13,-3.346648129282842e-11,-0.1210533942236836,0.12105339397671923,-0.12105339423469479,0.12105339400565136
2.77,-41.00000000000029,-25.99999999999828,1.0249377888348505,-41.0,-26.0,0.9977178054421321,-1.482831314294502e-13,2.624616147062414e-13,-3.368761182745764e-11,-0.11599176301911827,0.11599176277283323,-0.11599176302874172,0.11599176279583455
2.7800000000000002,-41.00000000000029,-25.99999999999828,1.024919422642619,-41.0,-26.0,0.9979921631828825,-1.0318535480644717e-13,2.4714892678816284e-13,-3.3913920389760697e-11,-0.11082965953427093,0.11082965928844758,-0.1108296595411886,0.11082965930456877
2.79,-41.00000000000029,-25.99999999999828,1.0248663636033755,-41.0,-26.0,0.99824448763277,-5.407931195490437e-14,2.2834199973768616e-13,-3.413754934851341e-11,-0.10548522422234648,0.10548522397712683,-0.10548522422753041,0.10548522398713113
2.8000000000000003,-41.00000000000029,-25.99999999999828,1.0247785032400392,-41.0,-26.0,0.9984755398256192,-8.923844325279267e-15,2.206787249883341e-13,-3.434658259571958e-11,-0.09992759359562303,0.0999275933506307,-0.09992759360048226,0.09992759335695992
2.81,-41.00000000000029,-25.999999999998288,1.0246591087756345,-41.0,-26.0,0.9986861025813001,3.3572264702662464e-14,2.1281905362444269e-13,-3.45596738938317e-11,-0.0942559957954499,0.09425599555161898,-0.09425599580143337,0.09425599555376477
2.82,-41.00000000000029,-25.999999999998295,1.024507458482693,-41.0,-26.0,0.9988769806746108,7.52940845017345e-14,2.0421393936772937e-13,-3.4775804692323176e-11,-0.08840608079567068,0.08840608055244513,-0.08840608080252223,0.08840608055121453
2.83,-41.00000000000029,-25.99999999999831,1.0243222276667654,-41.0,-26.0,0.9990490010041623,1.1323470611568956e-13,1.862491572475364e-13,-3.49728861614302e-11,-0.08229804219068237,0.08229804194890752,-0.08229804219860967,0.0822980419431569
2.84,-41.00000000000029,-25.999999999998316,1.0241084499577797,-41.0,-26.0,0.9992030127612627,1.492449494331598e-13,1.9496450854420372e-13,-3.52101993841978e-11,-0.07609774720899364,0.07609774696601082,-0.07609774721843143,0.07609774696072216
2.85,-41.00000000000029,-25.99999999999833,1.0238654150612734,-41.0,-26.0,0.9993398875988002,1.955260627318342e-13,1.9019973468662503e-13,-3.5454267585466804e-11,-0.06973598344815869,0.06973598320625059,-0.06973598345998387,0.06973598319765094
2.86,-41.00000000000029,-25.99999999999833,1.0235922481476465,-41.0,-26.0,0.999460519800129,2.714433728823926e-13,1.656802348131438e-13,-3.571550762952714e-11,-0.06314809998950255,0.06314809974753122,-0.0631481000012104,0.06314809973512392
2.87,-41.00000000000029,-25.999999999998334,1.0232919571302725,-41.0,-26.0,0.999565826447952,3.296901824575799e-13,1.5506343859563158e-13,-3.596114195231332e-11,-0.05641335742021682,0.05641335717764232,-0.05641335743272178,0.056413357163760856
2.88,-41.00000000000029,-25.99999999999834,1.0229650117367657,-41.0,-26.0,0.9996567475932037,3.678267833470646e-13,1.8937494755268143e-13,-3.615375581034928e-11,-0.049511615465207326,0.04951161522177032,-0.049511615481781276,0.04951161521119346
2.89,-41.00000000000029,-25.999999999998355,1.02261190682716,-41.0,-26.0,0.9997342464239379,4.045772462752194e-13,2.4649503541181205e-13,-3.630845944268101e-11,-0.04242564487431371,0.04242564463162491,-0.04242564489732809,0.04242564462410934
2.9,-41.00000000000029,-25.99999999999836,1.0222329059777735,-41.0,-26.0,0.9997993094342076,4.320164183231773e-13,3.133824512094611e-13,-3.6477200414669084e-11,-0.03513137132385709,0.035131371078887426,-0.03513137135042404,0.03513137107723296
2.91,-41.00000000000029,-25.999999999998376,1.0218311168301395,-41.0,-26.0,0.999852946592952,4.510912242958291e-13,3.8476692701628125e-13,-3.665584432451587e-11,-0.027699162756193003,0.027699162510897664,-0.02769916278791653,0.027699162512566954
2.92,-41.00000000000029,-25.999999999998398,1.0214063224161838,-41.0,-26.0,0.9998961915128802,4.607399906259731e-13,4.605681201060781e-13,-3.6843013718292495e-11,-0.02008318841482323,0.020083188168757395,-0.020083188451080678,0.020083188173830122
2.93,-41.00000000000029,-25.999999999998415,1.020958834458602,-41.0,-26.0,0.9999301016193539,4.629144112615877e-13,5.363455471482843e-13,-3.70480526500448e-11,-0.012261078358430218,0.012261078109997032,-0.012261078397049296,0.012261078119167079
2.94,-41.00000000000029,-25.99999999999843,1.0204884760429769,-41.0,-26.0,0.9999557583192729,4.585077642605057e-13,5.988155852466984e-13,-3.726473698155387e-11,-0.004203267198928597,0.0042032669469309865,-0.004203267237196513,0.004203266959696962
2.95,-41.000000000000284,-25.999999999998447,1.0199980436284226,-41.0,-26.0,0.9999742671699582,4.4738117191640975e-13,6.45377422432234e-13,-3.747760297501403e-11,0.004031989534978056,-0.004031989789720158,0.004031989496686968,-0.00403198977452207
2.96,-41.000000000000284,-25.99999999999847,1.0194912035009658,-41.0,-26.0,0.9999867580480352,4.25254906810272e-13,6.846296057884326e-13,-3.7726210108810826e-11,0.012387832824841355,-0.01238783308288667,0.01238783278861751,-0.012387833066874118
2.97,-41.000000000000284,-25.999999999998483,1.0189656130328635,-41.0,-26.0,0.9999943853183212,3.95333947503269e-13,7.13185099976777e-13,-3.7997679254913047e-11,0.020954291011011685,-0.020954291274167057,0.020954290979020865,-0.020954291256225513
2.98,-41.00000000000028,-25.9999999999985,1.018425173588966,-41.0,-26.0,0.9999983280027057,3.718953273153258e-13,7.331785787905128e-13,-3.82913241523676e-11,0.029669553360221628,-0.02966955362691145,0.02966955332968377,-0.029669553607727047
2.99,-41.000000000000256,-25.99999999999852,1.0178706098452996,-41.0,-26.0,0.9999997899490349,3.450438926933597e-13,7.431691599174742e-13,-3.857842285999882e-11,0.03855539414709248,-0.03855539441734134,0.03855539411643461,-0.03855539439510371
3.0,-41.000000000000234,-25.999999999998533,1.0173004769231455,-41.0,-26.0,1.0,-1.0494774268857867e-11,1.1829821945839708e-11,-3.8829942078179246e-11,0.04765582093847128,-0.04765588864912344,0.04765582073684843,-0.0476557535785975
3.0100000000000002,-40.99999999999888,-25.999999999997197,1.016719027401313,-40.99999929663792,-25.999999296637917,1.0,-2.4126505335321067e-09,2.403859667208885e-09,-3.90839328415038e-11,0.05689296795519321,-0.05676563377744154,0.05689293615285565,-0.057020270886548194
3.02,-40.999999999962895,-25.999999999959204,1.0161266651630945,-40.99999440297604,-25.999994402976046,1.0,-6.673928049305106e-08,6.29908923419555e-08,-3.9337534058752185e-11,0.06620703512900207,-0.0652752542092597,0.06620649499088929,-0.06713827647011292
3.0300000000000002,-40.99999999961144,-25.999999999583956,1.0155242024046434,-40.999981210578206,-25.999981210578206,1.0,-5.917436705754955e-07,5.541118112221693e-07,-3.939103756863545e-11,0.0755384308526014,-0.07270852301749313,0.07553435768741083,-0.07836426608181855
3.04,-40.999999997850935,-25.99999999776835,1.0149128012926858,-40.99995569973542,-25.999955699735423,1.0,-2.5311989530243458e-06,2.473273322413982e-06,-3.6664298608090026e-11,0.08483494453377802,-0.07881221823910972,0.08480984590516799,-0.09083257270756726
3.0500000000000003,-40.999999991400344,-25.99999999139952,1.0142936910194198,-40.999913938829536,-25.999913938829536,1.0,-7.524880085047242e-06,7.763841228747738e-06,-1.191179880035687e-11,0.09405855337935522,-0.0835226723501533,0.0939547034740232,-0.1044905845562321
3.06,-40.99999997445853,-25.99999997499676,1.0136686811577356,-40.999852083696794,-25.999852083696798,1.0,-1.745650206876895e-05,1.8369203117181457e-05,1.1401298707118514e-10,0.1031788923707235,-0.08670968541491693,0.10292567859362274,-0.11939488330908353
3.0700000000000003,-40.99999993503559,-25.99999993666897,1.0130386646164258,-40.999766376991474,-25.999766376991477,1.0,-3.5947829363201224e-05,3.6942565384903594e-05,6.161104415324672e-10,0.11211607631673212,-0.08860073993572026,0.11170758351776136,-0.13522290859006514
3.08,-40.99999985252936,-25.99999985494347,1.0124048477417538,-40.99965314754947,-25.99965314754947,1.0,-6.761841521345939e-05,6.648821267316859e-05,2.2534217820484217e-09,0.12078052375721585,-0.08942369622772395,0.12030913694954279,-0.1516659238818768
3.09,-40.99999969258919,-25.999999693591672,1.011768445099212,-40.9995088097519,-25.999508809751905,1.0,-0.00011658137891588722,0.00011178388923527813,6.659244890088893e-09,0.1291890677652291,-0.08944477274598275,0.12863799805045087,-0.1683821745479885
3.1,-40.999999413478086,-25.999999409813107,1.0111307143136372,-40.99932986288873,-25.99932986288873,1.0,-0.00018396046194560343,0.00017794346740527205,1.645976346640185e-08,0.13749895329075376,-0.0885833384431558,0.13651258123612825,-0.1854279058946059
3.11,-40.99999894396316,-25.99999893295732,1.0104926954833673,-40.99911289052234,-25.999112890522337,1.0,-0.0002734845624319687,0.0002718298530161389,3.635783553192165e-08,0.1457827784327148,-0.08730162099509955,0.14379352329314937,-0.20227404536764482
3.12,-40.999998189530395,-25.99999817032805,1.0098554785805784,-40.998854559851154,-25.998854559851154,1.0,-0.00039202058031118596,0.00039597909819160624,7.500301907297335e-08,0.15379735178714848,-0.08579134636087574,0.15068293478676867,-0.2186876388638361
3.13,-40.99999702853566,-25.999996999549435,1.0092200978131314,-40.998551621073254,-25.998551621073254,1.0,-0.0005493998127671353,0.0005496460972829887,1.4775089158530828e-07,0.1610979886711014,-0.08420315662252903,0.15759207137658637,-0.23448435427372816
3.14,-40.999995309293645,-25.999995262439924,1.008587537700711,-40.99820090674995,-25.99820090674995,1.0,-0.0007529208984503023,0.0007351501924018767,2.7675776514093833e-07,0.16755771470288183,-0.08273255944872618,0.16462134316426766,-0.24944175127345172
3.15,-40.99999284237082,-25.999992758125213,1.0079587464737645,-40.99779933116942,-25.997799331169414,1.0,-0.0010013616922938699,0.000961900575849118,4.862591927678051e-07,0.17369782604806233,-0.08155904278524301,0.17122893781607335,-0.2633594429526534
3.16,-40.99998939637974,-25.999989244647963,1.0073346143250046,-40.99734388971027,-25.99734388971027,1.0,-0.0012888664754800146,0.001242866375610882,8.00665064378736e-07,0.1802526075154546,-0.08082752417757277,0.1766662035989785,-0.2760777765157157
3.17,-40.99998468979257,-25.99998443612924,1.0067159785397441,-40.996831658205195,-25.996831658205195,1.0,-0.0016175328179161895,0.0015839946500924129,1.2568183880629915e-06,0.18719982735390783,-0.08065969271088436,0.18094667110368434,-0.2874657760777045
3.18,-40.99997838985017,-25.99997799890636,1.0061036229841314,-40.996259792304535,-25.99625979230454,1.0,-0.002001602246597327,0.0019765828662377492,1.922286180599189e-06,0.1934459170841038,-0.08099467122356824,0.18516053846342478,-0.2975798262425869
3.19,-40.99997011437055,-25.999969542484322,1.0054982773524828,-40.9956255268399,-25.995625526839905,1.0,-0.0024581794187722135,0.002408714738043124,2.8965596992969617e-06,0.19789125738446844,-0.081798981571997,0.19040899395696603,-0.306453335728854
3.2,-40.99995943291164,-25.999958612261633,1.0049006168912045,-40.99492617518778,-25.99492617518778,1.0,-0.0029900936833660735,0.002883477416732729,4.2742329501640914e-06,0.20084458162674657,-0.08320371554351508,0.19638905257086559,-0.3139595155360646
3.21,-40.99994586352555,-25.99994469125204,1.0043112628710331,-40.994159128633115,-25.994159128633115,1.0,-0.003579253665522168,0.0034198234270360235,6.098943800904653e-06,0.20400341747163786,-0.08524084961692446,0.20141230692773882,-0.3200750576211977
3.22,-40.99992886244701,-25.999927204793167,1.0037307822732642,-40.99332185573294,-25.99332185573294,1.0,-0.004207648278518419,0.004037091255580381,8.39506758973117e-06,0.2087167383277394,-0.08795670996539376,0.2041422964684215,-0.32476599847256393
3.23,-40.99990781790064,-25.999905524920944,1.0031596885950318,-40.99241190167997,-25.992411901679972,1.0,-0.004881453458318866,0.0047324607912608155,1.1268097163609367e-05,0.2142099513338615,-0.0913204114151907,0.20537007108072447,-0.32807797582857157
3.24,-40.999882055344244,-25.99987896733415,1.0025984433365256,-40.991426887666215,-25.99142688766621,1.0,-0.005626752714053666,0.005478569710844157,1.4946512978037852e-05,0.21808866897886187,-0.09501356862945493,0.20751035473432594,-0.33034583734647155
3.25,-40.99985084503844,-25.99984677847677,1.002047455992875,-40.99036451024655,-25.990364510246547,1.0,-0.006465298341625017,0.006254387226907426,1.970390338295018e-05,0.2189185866558579,-0.09895711240936136,0.21202058180755654,-0.33166735222418453
3.2600000000000002,-40.99981340929156,-25.99980813087936,1.0015070859829298,-40.98922254070236,-25.98922254070236,1.0,-0.00738644489233426,0.007070642994136708,2.5659837320755347e-05,0.2181245978907302,-0.10328726089037193,0.21749961298863602,-0.33192871293241005
3.27,-40.99976891820957,-25.999762131580006,1.0009776440835871,-40.98799882440513,-25.987998824405135,1.0,-0.008351217245091518,0.007959249520937439,3.2704351740640314e-05,0.21878173525774822,-0.10797206806573678,0.22089598840127833,-0.3311882146813422
3.2800000000000002,-40.99971647562561,-25.999707834555597,1.0004593933534105,-40.98669128018005,-25.986691280180047,1.0,-0.00933639398231663,0.008941671413583787,4.076124207552607e-05,0.22228024758113915,-0.11308831019149479,0.22084519527188906,-0.329396514306599
3.29,-40.999655115309785,-25.999644249845872,0.9999525510600827,-40.98529789966959,-25.98529789966959,1.0,-0.010359896806778386,0.009999412517468408,5.007989550539432e-05,0.22649797787488685,-0.11847059813920488,0.21949958770439246,-0.326744686430151
3.3000000000000003,-40.99958381194483,-25.99957033723818,0.9994572903620809,-40.98381674669715,-25.983816746697155,1.0,-0.011460909778333373,0.011086851383225804,6.119715645701995e-05,0.22783577510910175,-0.12364888046304928,0.22049207053653674,-0.3237271257093778
3.31,-40.9995014963914,-25.999484990841157,0.9989737422044599,-40.98224595663065,-25.982245956630653,1.0,-0.012659077649673093,0.012183239121173958,7.455975764439669e-05,0.2252601749677831,-0.12866572160054388,0.22488953000400339,-0.3203276734376803
3.3200000000000003,-40.99940706436219,-25.999387037203128,0.9985019971443807,-40.98058373574611,-25.98058373574611,1.0,-0.013924430772120322,0.013313458039945165,9.005141522082277e-05,0.2217327619750778,-0.13369721955974714,0.22975911877093155,-0.3164026345030895
3.33,-40.99929936753757,-25.99927525043465,0.9980421072364155,-40.97882836059127,-25.97882836059127,1.0,-0.01520280546885717,0.01452095219929516,0.00010711799716512407,0.22126380802728635,-0.13875834548103602,0.23111611513690752,-0.3119735485753614
3.34,-40.99917719646494,-25.999148370663328,0.9975940877995797,-40.97697817734921,-25.976978177349206,1.0,-0.016477110011777738,0.015822345909130196,0.00012557054922652676,0.2245041753411791,-0.1440174118793378,0.22833945629153685,-0.3069049524973917
3.35,-40.999039280323764,-25.999005112993938,0.9971579193676442,-40.97503160120192,-25.975031601201923,1.0,-0.017781337146794755,0.017180222013639123,0.0001459953101544426,0.22778453517480063,-0.1491422532788359,0.225135609485819,-0.30155479165777077
3.36,-40.99888430331848,-25.998844155573263,0.9967335497514721,-40.97298711569395,-25.972987115693947,1.0,-0.01916322055888804,0.018538444971670624,0.00016936505874292935,0.22693339208538155,-0.1536379577416018,0.22571613996666826,-0.296440738891499
3.37,-40.99871092383199,-25.998664121627538,0.9963208961431579,-40.97084327209595,-25.970843272095948,1.0,-0.020632978944829888,0.019885796864805867,0.000196130012387407,0.22197968039550947,-0.15772472490492828,0.23008647734371585,-0.2913706690336751
3.38,-40.99851778168421,-25.998463582174914,0.9959198471457017,-40.96859868876834,-25.96859868876834,1.0,-0.02214151134052927,0.021263077734898925,0.00022555808509774208,0.2173400394382432,-0.16161781548017934,0.23385313161975907,-0.2861679548156707
3.39,-40.99830348257203,-25.998241075938488,0.9955302646918466,-40.96625205052487,-25.966252050524872,1.0,-0.02363053163672937,0.022719801722715153,0.0002565071256340571,0.2171920574924176,-0.16547317226739425,0.23285844638764366,-0.28071762500086883
3.4,-40.99806657954039,-25.997995129701856,0.9951519856734689,-40.963802107996244,-25.963802107996244,1.0,-0.02509737336995064,0.024261184884283363,0.0002888833473631439,0.22089293045954678,-0.16948624818958305,0.22777522951432802,-0.2748541064489429
3.41,-40.99780557743673,-25.997724263433202,0.9947848239213032,-40.961247676993715,-25.961247676993715,1.0,-0.02659103674245944,0.0258318852786328,0.00032387025727577715,0.22346231678700268,-0.17310556802548277,0.22362470498920894,-0.2691466455544696
3.42,-40.99751895367657,-25.997426971399456,0.9944285723773236,-40.95858763787269,-25.95858763787269,1.0,-0.028160493548121633,0.027375152911321584,0.000362880791981784,0.2209465888282804,-0.17592214049174618,0.22440156323209057,-0.26402035469441154
3.43,-40.99720517833734,-25.997101704638517,0.9940830050174826,-40.95582093489634,-25.955820934896337,1.0,-0.02980133959474682,0.028895122279121718,0.0004060490808561966,0.21479825064081115,-0.17831558251821145,0.22868081421212227,-0.2591236659860561
3.44,-40.99686271668557,-25.996746878477566,0.9937478787849017,-40.95294657559919,-25.952946575599192,1.0,-0.031450294061276626,0.030446026377928034,0.0004517364626106592,0.2104491465255131,-0.18054673880337851,0.23104137520155288,-0.25423875736239787
3.45,-40.996490007252966,-25.99636089484265,0.9934229351416598,-40.949963630150755,-25.949963630150755,1.0,-0.0330550201333635,0.03207667760413226,0.0004983473911188834,0.2115284149585917,-0.182925854398363,0.22786610639648913,-0.2490953131380052
3.46,-40.996085444677746,-25.995942161898558,0.9931079014864754,-40.9468712307191,-25.9468712307191,1.0,-0.034630361457416284,0.03377623016959433,0.0005462390646740604,0.2158845661308021,-0.185532923679006,0.22133655464908272,-0.2436333411191011
3.47,-40.995647389492554,-25.995489092629615,0.9928024931084038,-40.94366857083447,-25.94366857083447,1.0,-0.036235359986122394,0.03547627174139814,0.0005973676813280853,0.21775939650175036,-0.1876080005836193,0.21725376679126016,-0.23861797608307636
3.48,-40.99517419134488,-25.99500008059753,0.9925064149997369,-40.94035490475289,-25.94035490475289,1.0,-0.03791357957047758,0.037127773223793646,0.0006534233158617124,0.2140409166844342,-0.188914898209107,0.21876717945337604,-0.23429385101832723
3.49,-40.994664208025966,-25.994473485283606,0.9922193633961895,-40.936929546819776,-25.936929546819773,1.0,-0.039643771311028794,0.03875217226257477,0.0007138447899940346,0.20766105136485102,-0.1899450708343824,0.2229594966187009,-0.23019859049843222
3.5,-40.99411580110523,-25.993907644536176,0.9919410274810471,-40.93339187083352,-25.933391870833518,1.0,-0.04135498603520951,0.04041234549647057,0.0007759946045215217,0.20449771331860128,-0.19100187416190878,0.2239484448023613,-0.22607463713787396
3.5100000000000002,-40.993527309667975,-25.993300897863275,0.9916710904751382,-40.92974130940911,-25.929741309409106,1.0,-0.04300773461846025,0.042149797146362376,0.0008381830507503124,0.20710427174704457,-0.1924871863622903,0.2191863836381666,-0.22155360721946407
3.52,-40.99289703740696,-25.99265160294974,0.9914092307888895,-40.92597735334173,-25.925977353341725,1.0,-0.0446331499705087,0.043935896889203366,0.000901550102690682,0.21190967496044882,-0.1942387602121172,0.21227578118986232,-0.21680336778878598
3.5300000000000002,-40.99222326729199,-25.991958127043105,0.9911551237633527,-40.92209955097036,-25.922099550970355,1.0,-0.046294514438513366,0.04569573417701713,0.000968832272725564,0.21297012539695576,-0.19537766147020852,0.20920361221796402,-0.21269441549976947
3.54,-40.99150428593083,-25.991218820164185,0.9909084428623918,-40.91810750754138,-25.91810750754138,1.0,-0.04802463563632143,0.04739401384665604,0.0010416705576866254,0.2084347931073823,-0.19589145236508151,0.21185022000564316,-0.20924213394351857
3.5500000000000003,-40.99073839942128,-25.99043200576152,0.9906688608858074,-40.91400088457219,-25.91400088457219,1.0,-0.049786221374702476,0.049067814093475944,0.0011184830776111694,0.2024930361477466,-0.19631926196623037,0.2160242744837181,-0.20593955567832892
3.56,-40.989923921995576,-25.989595996862693,0.9904360513042126,-40.909779399214784,-25.90977939921478,1.0,-0.05150731602975401,0.050783194515939434,0.0011957719022358995,0.20092300525629353,-0.19700977997539357,0.21592914057686793,-0.20248435775373116
3.5700000000000003,-40.989059148159825,-25.988709119331602,0.9902096888386549,-40.905442823619374,-25.905442823619374,1.0,-0.05316449086527714,0.05256934141962665,0.0012721851805115936,0.20491771772236245,-0.1983540631645347,0.21037491605182762,-0.19850808792683283
3.58,-40.988142345750745,-25.98776972403477,0.9899894504686385,-40.900990984298005,-25.900990984298005,1.0,-0.054801716451752774,0.054381032433113936,0.0013498420108817796,0.20977487946007217,-0.19989709458677193,0.204097967454659,-0.19445526972232938
3.59,-40.98717177432115,-25.986776171814572,0.9897750167285319,-40.89642376148812,-25.896423761488123,1.0,-0.05648116974157744,0.056143865403603076,0.0014320896535314192,0.2099080223368267,-0.20077614433385751,0.2027263373454555,-0.19116844650759116
3.6,-40.98614570947302,-25.985726807142367,0.989566072266641,-40.891741088516206,-25.89174108851621,1.0,-0.058221664542753765,0.05783942384637811,0.0015201176149377076,0.20490996722241953,-0.20121089773149098,0.20668513347202377,-0.18842931999766466
3.61,-40.98506245408836,-25.984619954959232,0.9893623068552005,-40.88694295116138,-25.88694295116138,1.0,-0.05997210320822599,0.05951733890957512,0.0016111024251402489,0.19990145750330623,-0.20172784410972153,0.21083358041751973,-0.1857486737449808
3.62,-40.9839203203229,-25.983453939878924,0.9891634162781914,-40.882029387018974,-25.882029387018978,1.0,-0.06166569015549885,0.06124123745908875,0.0017010283387951497,0.20006287209670712,-0.20271066343060867,0.20996261469062177,-0.1827867027998255
3.63,-40.98271760344379,-25.98222710822146,0.9889691025155978,-40.87700048486418,-25.877000484864183,1.0,-0.06329576476311656,0.06302483412757356,0.001789282150342835,0.20513848467295434,-0.20444043795315475,0.2043326360583157,-0.17927096305081897
3.64,-40.98145258122053,-25.980937835138832,0.9887790746552759,-40.87185638401563,-25.871856384015626,1.0,-0.06491507500277556,0.06480955967834137,0.0018789986566093188,0.20967722930657715,-0.20619683594948793,0.1994320648307221,-0.17589585264682248
3.65,-40.98012353497729,-25.979584504431475,0.9885930496050135,-40.86659727369897,-25.866597273698975,1.0,-0.0665800054904581,0.06652822489332469,0.0019738105019849457,0.20891544426298292,-0.20727164834259687,0.20006204984820142,-0.17334165702097776
3.66,-40.978728772517776,-25.978165485511976,0.9884107522364632,-40.861223392410544,-25.861223392410547,1.0,-0.06829368688770923,0.06817991801190014,0.002074036593616168,0.20388298622698783,-0.2080672858433504,0.20519616800992826,-0.1712103877647352
3.67,-40.9772666335169,-25.976679136342536,0.9882319162618359,-40.855735027280915,-25.855735027280918,1.0,-0.06999571048639884,0.06982227919934887,0.002175630250956856,0.20018878224875286,-0.20906754518001353,0.20918888344368497,-0.16906097307956963
3.68,-40.9757354670062,-25.975123824107488,0.9880562846646189,-40.85013251343851,-25.850132513438513,1.0,-0.0716292449572946,0.07151186308121747,0.0022745230523206006,0.20204881446212739,-0.21067348280182344,0.20779082451443034,-0.1665301943842835
3.69,-40.97413360896307,-25.973497945444386,0.9878836096515836,-40.84441623337323,-25.844416233373227,1.0,-0.07320342845932533,0.07324556042716396,0.002371143418313705,0.20782585684263133,-0.21297773771104808,0.2026490228377412,-0.16351855015229136
3.7,-40.97245938778263,-25.971799927864584,0.9877136534509464,-40.83858661630002,-25.838586616300017,1.0,-0.07477518571668743,0.07495677382448426,0.002469486640827777,0.21178915145901445,-0.21508905662303862,0.19953413765800077,-0.16087878758971336
3.71,-40.97071114641885,-25.97002820666388,0.9875461884498847,-40.83264413752251,-25.832644137522507,1.0,-0.0763914296117901,0.07659065532121252,0.0025730530505690442,0.21032183165147106,-0.21654293831182808,0.20209357620936663,-0.15904482297066114
3.72,-40.968887262804216,-25.96818120687562,0.9873809971780756,-40.82658931779659,-25.826589317796593,1.0,-0.07803981919382835,0.07816242674367559,0.0026809736446210615,0.20572698599298148,-0.21785615697202712,0.20801165119950352,-0.15751112194179154
3.73,-40.96698614897859,-25.966257351424847,0.9872178730912627,-40.82042272269405,-25.820422722694047,1.0,-0.07965584828095255,0.07973298174283071,0.00278821768159211,0.20364294607943378,-0.21945591503809872,0.21160063252890857,-0.15589714210723807
3.74,-40.965006226042206,-25.964255082127387,0.9870566204928531,-40.81414496196613,-25.814144961966132,1.0,-0.08119659471539568,0.08134773892481303,0.002891220661414324,0.20704638378752224,-0.2217347170609494,0.20985207289011057,-0.15383816864238362
3.75,-40.96294590756344,-25.962172876865758,0.9868970544827597,-40.80775668890718,-25.80775668890718,1.0,-0.08268441783800215,0.08298760522024465,0.0029915773040799696,0.21314550323214249,-0.22455467529622702,0.20557460963533686,-0.15145012191018675
3.7600000000000002,-40.960803609773535,-25.960009245472783,0.9867390015599341,-40.801258599718224,-25.801258599718224,1.0,-0.08417589077162296,0.0845840351099951,0.0030938294476498896,0.21640389823331885,-0.22697293729036502,0.20434501527720592,-0.14962917446285015
3.77,-40.95857777360226,-25.957762705940453,0.9865822993047215,-40.79465143287058,-25.79465143287058,1.0,-0.08570570201563649,0.0860979312145804,0.0032008915043777084,0.21454045075514752,-0.2288030315945637,0.20846500808788673,-0.1485338572182758
3.7800000000000002,-40.956266881338294,-25.955431772406726,0.9864267964086105,-40.78793596846947,-25.787935968469466,1.0,-0.0872482069722593,0.08755744248734722,0.003310590090520912,0.21081805309998955,-0.23060009818596092,0.21464352363565234,-0.1476288954037275
3.79,-40.95386944999144,-25.95301496678608,0.9862723532502725,-40.7811130276176,-25.7811130276176,1.0,-0.08874079400215673,0.0890218927219595,0.0034174045171796374,0.2104570842401495,-0.23274821072083868,0.21760399361941918,-0.14657707027419997
3.8000000000000003,-40.95138400626736,-25.950510838991082,0.9861188414575506,-40.7741834717788,-25.774183471778798,1.0,-0.09015631067866739,0.09052285605334488,0.003518755600512616,0.21507988857317747,-0.23558382051568466,0.21569926202689854,-0.14505654849249744
3.81,-40.94880907642013,-25.947917980022705,0.9859661439116568,-40.76714820214159,-25.767148202141595,1.0,-0.09152642309347896,0.092028135003319,0.0036173044712592777,0.22110163538870284,-0.2387368403780042,0.2125377069544126,-0.14340285762249327
3.8200000000000003,-40.946143199524414,-25.945235013291384,0.9858141551193299,-40.76000815898282,-25.760008158982824,1.0,-0.09290313410218047,0.09347345956736501,0.003717705552501598,0.22361455751082543,-0.24133826051939644,0.2130647777185395,-0.14243546804549412
3.83,-40.94338494825158,-25.942460572275607,0.98566278058976,-40.75276432103124,-25.752764321031243,1.0,-0.09430757206254682,0.0948366531548887,0.0038219041072652267,0.2216922223605747,-0.24345953470421047,0.21821528543620403,-0.14206202647304214
3.84,-40.94053294102373,-25.93959329451238,0.9855119370276454,-40.74541770483113,-25.745417704831127,1.0,-0.0957043189235251,0.09615465844028304,0.003926536594398684,0.21916960850006306,-0.24563093840076342,0.22411303063393087,-0.14178027776682486
3.85,-40.93758583033672,-25.93663183525829,0.9853615525594233,-40.73796936410588,-25.737969364105876,1.0,-0.09703846981133223,0.09748051340675569,0.0040262518176368885,0.22043801965304533,-0.24820486545684933,0.22631099455183668,-0.14127964507390356
3.86,-40.93454228051097,-25.933574885566035,0.9852115661061596,-40.73042038912161,-25.730420389121615,1.0,-0.0982983039257159,0.0988309269103676,0.004119748602364607,0.22582717692109316,-0.2514087886551154,0.22446485154946247,-0.1403328360069155
3.87,-40.93140096362821,-25.930421180868777,0.98506192751557,-40.7227719060508,-25.722771906050802,1.0,-0.09952034674147164,0.10016497781708757,0.004210461918081518,0.23138591123165786,-0.2546847412754039,0.22255380268960756,-0.13945481122330033
3.88,-40.928160574324416,-25.927169488890836,0.9849125975781309,-40.71502507633583,-25.715025076335827,1.0,-0.10074833634165276,0.10142823745348738,0.004302662456697948,0.2331910776120732,-0.25734323780449553,0.2245322880193322,-0.13928826143029197
3.89,-40.92481984822408,-25.923818590867487,0.9847635473476167,-40.70718109605262,-25.707181096052622,1.0,-0.1019899626463919,0.10261443485310344,0.004397088179917892,0.23152670576942208,-0.2596478675087977,0.2301115160756378,-0.13955849089772482
3.9,-40.921377568810335,-25.920367280733398,0.9846147583974717,-40.69924119527426,-25.69924119527426,1.0,-0.10320536994866363,0.10376406338079192,0.004489616224719302,0.23032358866118507,-0.2620669361325664,0.2353116915621987,-0.13982989318494218
3.91,-40.917832553225985,-25.916814378968642,0.9844662227266684,-40.69120663743457,-25.69120663743457,1.0,-0.10435138154146832,0.10492033796494592,0.004575683488095847,0.23288984892554557,-0.26491820753334316,0.23677592212394227,-0.13981677527048836
3.92,-40.91418363415905,-25.913158747827413,0.984317942087212,-40.68307871869171,-25.68307871869171,1.0,-0.10542935340593676,0.10608589272090165,0.004655295397242963,0.23847781428060355,-0.26827645077015844,0.23524804602453203,-0.13943124705880672
3.93,-40.910429660921636,-25.90939929545396,0.9841699281965154,-40.674858767291816,-25.67485876729182,1.0,-0.1064758913985188,0.10721671689736804,0.0047321974826074345,0.24323689153507705,-0.2714820651280556,0.23460736565071458,-0.139286929057602
3.94,-40.90656951412855,-25.905534962005827,0.9840222023479849,-40.66654814293258,-25.666548142932577,1.0,-0.10752390252456588,0.1082722882405836,0.004809826841521445,0.24444127283559344,-0.27409621278591256,0.23760141502044693,-0.13978342678451264
3.95,-40.902602120738074,-25.9015647060187,0.9838747948872448,-40.65814823612683,-25.658148236126827,1.0,-0.10856973114718178,0.10925901041171762,0.004887737753978082,0.24327526318699985,-0.2764866043017542,0.24302943272824995,-0.1405518438205114
3.96,-40.898526456203115,-25.897487507312793,0.9837277454578273,-40.64966046756619,-25.649660467566193,1.0,-0.10957446021482274,0.11021585801891608,0.004961632360016688,0.24332070346293827,-0.27903469976490436,0.24725923914041092,-0.14124320100279292
3.97,-40.89434152938328,-25.89330237963578,0.9835811025246209,-40.64108628748465,-25.641086287484647,1.0,-0.11050891128978897,0.11117362938124085,0.005028220757084192,0.24668048172475482,-0.28200061467342397,0.2481509986031107,-0.14161634905924106
3.98,-40.890046370152376,-25.889008382318835,0.9834349228771251,-40.63242717502216,-25.63242717502216,1.0,-0.11138336846320095,0.11212370783347177,0.005088543659662499,0.25189476475359907,-0.2852921990555478,0.24716914351562302,-0.14174081218367068
3.99,-40.885640033746085,-25.88460462060916,0.9832892717481215,-40.623684637588255,-25.62368463758825,1.0,-0.1122300630456848,0.11302543055271769,0.005146114921413523,0.2556634560799848,-0.2882770427800097,0.2476387547615188,-0.1422058926580494
4.0,-40.881121613778596,-25.880090232476473,0.9831442221806681,-40.61486021022566,-25.614860210225654,1.0,-0.11307022215854057,0.11385345547549415,0.005203261020422024,0.2564580581194026,-0.2907681434996294,0.2510989713373554,-0.14316984185508463
4.01,-40.87649025341951,-25.8754643801048,0.9829998547022826,-40.605955454973866,-25.605955454973866,1.0,-0.11389244712502049,0.11462207697096347,0.005258635575101318,0.25594426424535666,-0.29314380642606125,0.2558596848122961,-0.14426070785469003
4.0200000000000005,-40.87174514372371,-25.870726254663424,0.9828562573915356,-40.59697196023278,-25.59697196023278,1.0,-0.11466404133591024,0.11536394873304488,0.0053084499368395615,0.2569695358491496,-0.2956900236916248,0.25902875922475166,-0.14521910554290396
4.03,-40.86688551031139,-25.86587508673882,0.9827135252320357,-40.58791134012628,-25.587911340126283,1.0,-0.1153693279953975,0.11609696740239575,0.005350845270045144,0.2605194996172546,-0.29858032485025443,0.25959702668190543,-0.14587708349147555
4.04,-40.861910606369904,-25.86091015446251,0.9825717598050071,-40.57877523386586,-25.57877523386586,1.0,-0.11602272541927702,0.11680586247810341,0.0053874317478964685,0.2648657907809081,-0.30159735832439716,0.25930178059671494,-0.146425228882055
4.05,-40.85681971828399,-25.855830780925338,0.9824310691590924,-40.569565305114196,-25.569565305114196,1.0,-0.11664856061679411,0.11745894251776859,0.005420987374350226,0.26760234696502244,-0.3042516753600074,0.2605664224266059,-0.1473179281159644
4.0600000000000005,-40.85161217593359,-25.850636323866087,0.982291567150461,-40.560283241348785,-25.560283241348785,1.0,-0.11725707634244095,0.11804479938451727,0.005452664035104537,0.26821918754969076,-0.30655159495618073,0.2639009671236255,-0.1485293206831047
4.07,-40.84628735955789,-25.84532617146235,0.9821533732386647,-40.55093075322552,-25.550930753225522,1.0,-0.1178340701349367,0.11857978429200904,0.0054807503251670464,0.2683766802228138,-0.3088046655965363,0.26761854126455475,-0.14976105819548602
4.08,-40.84084469661274,-25.839899747342415,0.9820166123606432,-40.54150957394233,-25.541509573942328,1.0,-0.11835687270463463,0.11908666726089583,0.005502536896097749,0.2699453960599143,-0.311197400417253,0.26981516455198445,-0.15084292431976243
4.09,-40.83528365181709,-25.834356518058595,0.981881414269797,-40.53202145860273,-25.532021458602724,1.0,-0.11882063728090754,0.11957191724008694,0.00551742741617656,0.2730534529249164,-0.3137976590204038,0.27035099186915457,-0.15170195799936126
4.1,-40.82960372433145,-25.828695997624813,0.9817479132970095,-40.52246818357947,-25.52246818357947,1.0,-0.11923866265654577,0.12001987056412296,0.005526986584173084,0.2762049591787035,-0.31635959102809674,0.2707298441487861,-0.15255952990312266
4.11,-40.823804452639045,-25.822917744404997,0.9816162480138959,-40.512851545878135,-25.512851545878135,1.0,-0.11962552197151136,0.12041130489487104,0.005532935097813859,0.27803624651594194,-0.3186069808286085,0.27232300556884825,-0.15366799375894158
4.12,-40.81788542145709,-25.817021354549126,0.9814865606698991,-40.503173362500725,-25.50317336250073,1.0,-0.11998306390854625,0.12074491638445041,0.005535473023774713,0.2787012030216696,-0.3206456606179658,0.2749690550455209,-0.15491317558004908
4.13,-40.81184626530214,-25.81100646079522,0.9813589970331524,-40.493435469809285,-25.493435469809285,1.0,-0.12029942652265747,0.12103353310795499,0.005533159618550067,0.2794085473897704,-0.32265818719115696,0.277437174649306,-0.15611908754223458
4.14,-40.805686665107444,-25.804872735865803,0.9812337060294342,-40.48363972288948,-25.483639722889478,1.0,-0.1205637403281566,0.12128799201323434,0.005524686027224054,0.2809784739150818,-0.324722440625547,0.27888802071192853,-0.15721183661968896
4.15,-40.79940634333509,-25.79861989689118,0.9811108392513256,-40.473787994914225,-25.473787994914222,1.0,-0.12077742049385332,0.12150716099518073,0.005510235940929347,0.2831027550385659,-0.326817935807581,0.2796254252629967,-0.15820155988771245
4.16,-40.79300506220937,-25.792247706325387,0.9809905515899656,-40.463882176507276,-25.463882176507276,1.0,-0.120948346172357,0.12168119070598912,0.005490776391809806,0.2849407850405784,-0.32878955403364407,0.2804923276094322,-0.1592266383443221
4.17,-40.78648263076893,-25.785755974519013,0.9808729970261012,-40.45392417510685,-25.45392417510685,1.0,-0.12108087224068849,0.12180442960278655,0.0054668457437505496,0.28614154408856296,-0.330584219041352,0.28183751553459785,-0.16032869006266592
4.18,-40.779838900325096,-25.779144549850923,0.9807583339256417,-40.443915914329196,-25.443915914329192,1.0,-0.12117269752036085,0.12187975325304026,0.005438179277717176,0.28703177196488044,-0.3322799798951735,0.2833244267326667,-0.16142602286103147
4.19,-40.77307377190546,-25.77241332409776,0.9806467208727685,-40.43385933333223,-25.433859333332226,1.0,-0.12121927621174568,0.12191148210640793,0.005404249783799836,0.28799976705607233,-0.33391202260164904,0.28455327339572184,-0.16248205325834514
4.2,-40.76618719376184,-25.76556223158578,0.9805383175353735,-40.42375638617912,-25.423756386179125,1.0,-0.12122042145420753,0.12189901752946611,0.005365069765333395,0.28898038762709244,-0.3354479943397728,0.2855833691191314,-0.16352256204615934
4.21,-40.759179161183795,-25.758591250816995,0.9804332862611502,-40.41360904120192,-25.413609041201923,1.0,-0.1211783819861178,0.12183941832478609,0.005320951889337712,0.28973992750409466,-0.33684583616891706,0.2866453804375465,-0.164580613949926
4.22,-40.75204971342818,-25.751500404421236,0.980331781649264,-40.40341928036513,-25.403419280365124,1.0,-0.12109247676223167,0.12173391684798308,0.005271854050325798,0.29038382897797954,-0.3381630639498162,0.2876278278878399,-0.16559380493463688
4.23,-40.74479893490284,-25.74428976049336,0.9802339661737425,-40.393189098629314,-25.393189098629314,1.0,-0.12095873173755044,0.12158764897773289,0.005217344743318859,0.2912832899168134,-0.339471911814131,0.28814997966235373,-0.16648848473826316
4.24,-40.73742695509209,-25.73695943450656,0.9801399987540932,-40.382920503314736,-25.382920503314736,1.0,-0.12077565501291672,0.12140153967641351,0.005157305140832986,0.2924496142451967,-0.34073584493839326,0.2881946945321804,-0.16729687698803497
4.25,-40.729933949051386,-25.729509586770323,0.9800500373021467,-40.37261551346493,-25.37261551346493,1.0,-0.1205493787721446,0.12116806881134883,0.0050925436043653596,0.2932508270430207,-0.34183850249008035,0.28839688530752955,-0.16812285019897244
4.26,-40.7223201411569,-25.721940420343795,0.979964238354496,-40.3622761592103,-25.362276159210303,1.0,-0.12028689165169895,0.12087807607436557,0.005023963323022387,0.2930899223343556,-0.34265412238187665,0.28935685698176816,-0.1690799063265599
4.2700000000000005,-40.71458580759936,-25.714252180366607,0.9798827567505524,-40.35190448113176,-25.35190448113176,1.0,-0.11998614439333075,0.12053335118573057,0.004951373226163367,0.292300962058825,-0.34323601380941393,0.29073352370495387,-0.17011341072932507
4.28,-40.70673127202792,-25.70644515478508,0.9798057451472765,-40.3415025296243,-25.3415025296243,1.0,-0.11963653800336681,0.12014894291358433,0.0048735712009496425,0.29202809447954975,-0.3438797051524278,0.29136726605642344,-0.17093560388498363
4.29,-40.698756902230336,-25.698519680660297,0.9797333537023449,-40.331072364260606,-25.331072364260606,1.0,-0.11922874283823613,0.11973616694612244,0.004789539818833296,0.29295313490287517,-0.34467977324366605,0.29056403821177545,-0.17145709153094935
4.3,-40.69066310640542,-25.690476145261876,0.9796657297145592,-40.320616053154666,-25.320616053154666,1.0,-0.11876791803355541,0.11928744457840414,0.004700011311286583,0.2942773630842783,-0.3454186292251177,0.2891273540953442,-0.17188428550835622
4.3100000000000005,-40.682450336855794,-25.682314981721092,0.9796030172536203,-40.310135672325366,-25.310135672325366,1.0,-0.11827143883670206,0.11878274230695028,0.0046071523495451894,0.29439407224201564,-0.3458404489983847,0.28868117756572437,-0.17245005122174134
4.32,-40.67411909945984,-25.674036664813503,0.9795453570228465,-40.299633305060105,-25.299633305060105,1.0,-0.11774826867340496,0.11820929400438708,0.004512091884001907,0.2926669817579462,-0.3457708704384816,0.28986792563772673,-0.17331755611567135
4.33,-40.66566995508185,-25.66564170760446,0.9794928859383984,-40.289111041278396,-25.289111041278392,1.0,-0.11718775375328583,0.11758029418605973,0.004413640504175232,0.2904210184304146,-0.34548889367969926,0.29134755674723134,-0.17421853399239823
4.34,-40.65710351259144,-25.65713066658047,0.9794457366570541,-40.278570976895445,-25.27857097689545,1.0,-0.11656975196438749,0.11692433541481889,0.004309545530822396,0.2896954705983064,-0.34550517590333607,0.29105790697559786,-0.17466153955488994
4.3500000000000005,-40.64842041999976,-25.648504150186447,0.9794040374654865,-40.268015213185805,-25.26801521318581,1.0,-0.11588479677445371,0.11625143699295269,0.004198863899141314,0.29090192536659565,-0.34577886956206705,0.2885788671517645,-0.17469295447721817
4.36,-40.639621361318916,-25.639762819543844,0.9793679117262324,-40.25744585614694,-25.257445856146937,1.0,-0.11514919224499821,0.11554120783418592,0.0040836548416497125,0.2921290979465583,-0.3459072921274674,0.2858413712292477,-0.17469356267130043
4.37,-40.63070706543234,-25.63090738101537,0.9793374776585578,-40.246865015862824,-25.24686501586282,1.0,-0.11438959201360184,0.11476255970504871,0.003967105046957727,0.29104809660563863,-0.34551030825041756,0.2852022793974163,-0.17501400212007517
4.38,-40.6216783183991,-25.621938578210234,0.9793128483886604,-40.23627480586758,-25.236274805867577,1.0,-0.11361098097732708,0.11390602356054981,0.003849844747473012,0.28754650575640583,-0.3444630175902413,0.2867764026854515,-0.17577589666908194
4.39,-40.61253596314219,-25.612857189880618,0.9792941313274247,-40.22567734250906,-25.225677342509062,1.0,-0.11279155788535242,0.11300093283002978,0.0037294732609005105,0.28417031394436704,-0.34336737737556955,0.2879932164425303,-0.17640167557835218
4.4,-40.60328088742335,-25.60366403940837,0.9792814279530272,-40.21507474431246,-25.215074744312457,1.0,-0.11190413403433709,0.1120851113509082,0.003603083960896402,0.283465860806471,-0.34281753573064533,0.2862803314781083,-0.17632380885387844
4.41,-40.593914011992474,-25.594360005550108,0.9792748336814845,-40.2044691313439,-25.2044691313439,1.0,-0.11094476959092982,0.11116033914410946,0.0034704636135812626,0.285043010392819,-0.34254426778042724,0.2820292000328848,-0.17581146200034697
4.42,-40.58443628923592,-25.584946019676007,0.9792744372638875,-40.193862624574066,-25.193862624574063,1.0,-0.10994345426031496,0.11019119935297285,0.003335146220027563,0.28577634433600657,-0.3419814394098776,0.27840063188430064,-0.17539740753499122
4.43,-40.57484871866353,-25.575423055373413,0.9792803208104737,-40.18325734524178,-25.183257345241778,1.0,-0.1089315522849348,0.10913959257594122,0.003200685821520691,0.2830585500571347,-0.3406536829044449,0.2780342163247865,-0.17552746302871625
4.44,-40.565152360731496,-25.565792118070384,0.9792925598303291,-40.172655414217616,-25.172655414217616,1.0,-0.10790472664664941,0.1080066655484732,0.003066649938331402,0.2778189123028537,-0.33861660718314385,0.2799944195808057,-0.1761556363020963
4.45,-40.55534833133681,-25.556054245463592,0.9793112226216507,-40.16205895136752,-25.16205895136752,1.0,-0.10682955843194708,0.1068393711571483,0.0029295303882407348,0.27380399826446145,-0.33681313268408386,0.28050226709814796,-0.17637551616610053
4.46,-40.545437785782944,-25.54621052248205,0.9793363702826234,-40.15147007491638,-25.151470074916382,1.0,-0.10567577644640075,0.10567831698589385,0.00278632004339314,0.2735497731383726,-0.3357576914702747,0.2769979618702181,-0.1757012728693177
4.47,-40.53542190463479,-25.536262091697612,0.9793680564684543,-40.14089090081168,-25.140890900811673,1.0,-0.10445048257347456,0.10451116203870693,0.002638060147895579,0.27542777179402395,-0.3349148348892464,0.2711256787355934,-0.1746580991819351
4.48,-40.52530189748114,-25.526210146418435,0.9794063268142145,-40.13032354208702,-25.13032354208702,1.0,-0.10319753058748586,0.10328750016983367,0.0024895471254766217,0.2752081117758625,-0.3335900496776043,0.2671638029581973,-0.1738982213151189
4.49,-40.51507902450754,-25.51605591635117,0.9794512193539108,-40.11977010822583,-25.119770108225826,1.0,-0.10194665259934058,0.10196847162923632,0.0023439169984081705,0.2705841719994702,-0.33126896833066927,0.2674480892457461,-0.17391370346418328
4.5,-40.5047546089389,-25.505800656993323,0.979502764323875,-40.10923270452488,-25.109232704524878,1.0,-0.10068051736304506,0.1005720947268444,0.002199421159542167,0.26388942264491566,-0.3283207370860754,0.269628255468685,-0.17435966300337263
4.51,-40.49433002557018,-25.49544565481567,0.9795609837316056,-40.09871343145793,-25.098713431457934,1.0,-0.09935527259208447,0.09916129097090415,0.00205178137888149,0.25983580734156436,-0.3259611109070741,0.2689556090036907,-0.17406522849890277
4.5200000000000005,-40.48380668041799,-25.484992246741083,0.9796258915900636,-40.08821438403934,-25.08821438403934,1.0,-0.0979428505848429,0.09777150238756338,0.0018985111175800408,0.2603528762863042,-0.3244596949331588,0.2634846294517869,-0.17278547968525887
4.53,-40.47318599691824,-25.474441827888583,0.9796974934323871,-40.07773765118763,-25.07773765118763,1.0,-0.09646591801757788,0.09637240302670738,0.001742166101066894,0.26230871237267717,-0.32304093935208117,0.25637911263419993,-0.17127346570522517
4.54,-40.462469426836364,-25.46379583961547,0.9797757860399381,-40.06728531508914,-25.067285315089137,1.0,-0.09497902679089937,0.09490150594851762,0.0015881998918825418,0.2607245501464476,-0.3209137761195484,0.25267320779519176,-0.17027492936023103
4.55,-40.451658476653485,-25.45305575247665,0.9798607580318306,-40.05685945056158,-25.056859450561582,1.0,-0.09350409551034568,0.09332615841096487,0.0014387048031280726,0.2541593377821945,-0.317613455081973,0.25382820537821277,-0.17024495108760562
4.5600000000000005,-40.44075471554437,-25.442223056743156,0.9799523894734972,-40.04646212441769,-25.046462124417683,1.0,-0.09200894080501107,0.09168550150271967,0.0012906772069209154,0.24652143244851424,-0.313921265638575,0.2559093380087834,-0.1704397970929296
4.57,-40.42975975773326,-25.43129927416979,0.9800506517642044,-40.03609539482878,-25.036095394828777,1.0,-0.09044222263126422,0.09005327585582812,0.0011395889869089606,0.24303993922626993,-0.31116881255076556,0.2536513182528438,-0.16957576120639467
4.58,-40.41867523864287,-25.420285980066414,0.980155507939328,-40.025761310688395,-25.025761310688395,1.0,-0.08878392370007546,0.08845219149734132,0.000984004470889067,0.24448748520304317,-0.30927477795544556,0.2462778444958372,-0.16775002951675624
4.59,-40.407502804372044,-25.409184806018846,0.980266912018429,-40.01546191097589,-25.015461910975883,1.0,-0.08707446696708097,0.08683291141017863,0.0008278634077834477,0.24620325380056102,-0.3072904724253833,0.2384957617555686,-0.16587806471713365
4.6000000000000005,-40.396244130733436,-25.397997423427896,0.9803848091584646,-40.00519922412001,-25.00519922412001,1.0,-0.08537384686619082,0.08512552512270614,0.0006765230266458559,0.2429518275063593,-0.3043546339329174,0.2355953095131048,-0.1647796474867284
4.61,-40.38490095195629,-25.386725524551505,0.9805091361813748,-39.99497526736255,-24.994975267362552,1.0,-0.08369091141847254,0.08331064903207784,0.0005306843769944076,0.23464797303234963,-0.30017053566862956,0.23767004907702155,-0.16475691784795382
4.62,-40.373475061758036,-25.37537081620865,0.9806398211583446,-39.98479204612192,-24.984792046121918,1.0,-0.0819788589975907,0.08144946830903892,0.00038644154328899583,0.22669814157670976,-0.2959487519499875,0.23928100747190037,-0.1646460570777387
4.63,-40.36196829039673,-25.36393503856912,0.9807767836483958,-39.97465155335674,-24.974651553356743,1.0,-0.08018305653803409,0.07961921013974986,0.00023958314984106206,0.2242935116541085,-0.2929446553516497,0.23520634776549418,-0.1632369956364549
4.64,-40.35038247877662,-25.35241998739464,0.980919934868153,-39.96455576892949,-24.964555768929493,1.0,-0.07829677539001373,0.07782446284760108,9.000353724617585e-05,0.2266551668743231,-0.2907064490989655,0.22623545259550373,-0.16098608192590794
4.65,-40.338719473422486,-25.34082751058741,0.9810691770732769,-39.95450665897006,-24.954506658970065,1.0,-0.07637816209943234,0.07599786228315371,-5.741542892065431e-05,0.22775131755804984,-0.28818256614800575,0.2184553622685735,-0.1589051544562752
4.66,-40.32698115398672,-25.32915948749494,0.9812244041278744,-39.9445061752394,-24.944506175239397,1.0,-0.07448594870208826,0.07406826189231636,-0.00019814103155758005,0.22267567820699563,-0.2844750240099866,0.2168196266176695,-0.15786081207870964
4.67,-40.315169460619686,-25.317417809448223,0.9813855017972809,-39.934556254493074,-24.934556254493078,1.0,-0.07261243621786662,0.07203527924109623,-0.00033286185844130144,0.2130244668739232,-0.27957101241102966,0.21972870043668047,-0.15788536665395014
4.68,-40.30328638754055,-25.30560437880817,0.9815523474543241,-39.92465881784493,-24.92465881784493,1.0,-0.07069782904630832,0.069980425624351,-0.00046588124541645774,0.20544861477813053,-0.2750571092294435,0.2204976679440915,-0.15744276401824595
4.69,-40.29133395491604,-25.2937211342621,0.9817248106575742,-39.91481577013064,-24.914815770130637,1.0,-0.06868932465496536,0.06797617390693354,-0.0006005870585426204,0.2045020342626482,-0.27192807123105556,0.21455158030801547,-0.1555760507691903
4.7,-40.279314183220336,-25.28177007042176,0.9819027530386735,-39.90502899927134,-24.905028999271334,1.0,-0.0665977617461028,0.06600569661786784,-0.000735768543917362,0.20762631994131717,-0.2694089491078262,0.204472398079388,-0.1530536576391321
4.71,-40.26722909588869,-25.26975322768417,0.9820860279687254,-39.89530037563721,-24.895300375637213,1.0,-0.06449597149265555,0.06398692467403849,-0.0008663052636613955,0.20778399719000998,-0.2663981579148328,0.19735486007182085,-0.15093728936545475
4.72,-40.255080753745304,-25.25767266846741,0.9822744813337893,-39.88563175141113,-24.885631751411132,1.0,-0.0624350290269385,0.06185387097334076,-0.00098895868931375,0.20093968709623555,-0.2620099166572659,0.19726968933202343,-0.1500949400985651
4.73,-40.2428712781298,-25.245530458569004,0.9824679515660553,-39.876024959952204,-24.876024959952208,1.0,-0.06038914228171049,0.05962903916425311,-0.001105499793898743,0.1905144862629734,-0.25661179690290065,0.20078380128338685,-0.15018876977704754
4.74,-40.230602836760866,-25.23332867318497,0.9826662696608993,-39.86648181515944,-24.86648181515944,1.0,-0.05828870454388307,0.05740934544692515,-0.0012200451032087342,0.18396550855890348,-0.25203146658529973,0.2004096909190838,-0.14943943879867425
4.75,-40.21827761181062,-25.221069427067782,0.9828692598798434,-39.857004110835284,-24.857004110835287,1.0,-0.05608790518459852,0.05525519390957419,-0.0013348484538161492,0.1846942387995451,-0.2488805988987164,0.19273648829908008,-0.14726264775429926
4.76,-40.2058977764944,-25.20875488908687,0.9830767394214931,-39.847593620049295,-24.8475936200493,1.0,-0.05381762347647352,0.05312753428420215,-0.0014477134552586279,0.18833208939806229,-0.24615187514719972,0.18216541964366706,-0.1446512200967282
4.7700000000000005,-40.19346550682788,-25.196387265797437,0.9832885184966446,-39.838252094501705,-24.8382520945017,1.0,-0.0515604341273103,0.05093422363249604,-0.0015540183390606113,0.18731229720474168,-0.24272578594089267,0.17631523255399256,-0.14269097606882486
4.78,-40.18098302051917,-25.183968775618716,0.9835044010591102,-39.82898126388701,-24.82898126388701,1.0,-0.04935425538272827,0.048620632757208494,-0.001651969550880278,0.17893318528335686,-0.2377960987718306,0.17790975275415366,-0.1421843016297814
4.79,-40.168452593422394,-25.171501632684528,0.983724184676545,-39.81978283525762,-24.81978283525762,1.0,-0.04715548483265645,0.04623370760065844,-0.0017439029770318218,0.168397117434071,-0.23216457357785536,0.18173072063390405,-0.14236370511523827
4.8,-40.15587653823732,-25.15898806079059,0.9839476609377643,-39.81065849238743,-24.810658492387432,1.0,-0.044888826375861536,0.04387892355522525,-0.0018332186743110345,0.16343051685156595,-0.22772146257867168,0.18002919290532812,-0.14137982434629
4.8100000000000005,-40.14325717035394,-25.146430325927717,0.9841746160512926,-39.801609895135435,-24.801609895135435,1.0,-0.042520249118247026,0.04159893016813279,-0.0019209760858659322,0.16589076037374728,-0.22464531974664947,0.17094964432210036,-0.13907052351867222
4.82,-40.13059678872688,-25.13383074416329,0.9844048304874,-39.79263867880933,-24.792638678809332,1.0,-0.040100988993575094,0.03933377452677515,-0.0020045710662013965,0.1697491645285358,-0.2217958799585254,0.16055630967231188,-0.13655880504069368
4.83,-40.11789769707661,-25.121191659903467,0.9846380794335337,-39.78374645352912,-24.78374645352912,1.0,-0.03771727293187568,0.03698660211806469,-0.0020804841736763854,0.16743417076870276,-0.21805046876989206,0.15646166161358346,-0.13494466082349096
4.84,-40.105162244279654,-25.108515419016744,0.9848741332795019,-39.7749348035907,-24.7749348035907,1.0,-0.03538999328259836,0.03451932439677192,-0.0021481866262708224,0.15790432663980916,-0.21276068750031307,0.1597179228129883,-0.1348838225121693
4.8500000000000005,-40.09239283280687,-25.095804356887452,0.9851127575012071,-39.7662052868295,-24.766205286829507,1.0,-0.03305948586879501,0.03200250328027582,-0.0022099713181212123,0.14793352039513116,-0.2071606814772836,0.1635367650650245,-0.13517462530714944
4.86,-40.079591891115996,-25.08306082035578,0.9853537134191787,-39.75755943398407,-24.757559433984074,1.0,-0.0306493189890353,0.02954255320504031,-0.002268146813420788,0.14496571870593167,-0.20302107157750354,0.16046221280716128,-0.13407629900491747
4.87,-40.06676183895979,-25.070287199855503,0.9855967585353436,-39.74899874805966,-24.748998748059662,1.0,-0.028141270936954493,0.027160758679129888,-0.0023227792373599165,0.149068587158442,-0.20010870636962794,0.15043685706735985,-0.1318293547653193
4.88,-40.05390507445217,-25.057485929768646,0.9858416463663268,-39.74052470369186,-24.740524703691857,1.0,-0.02560508294740691,0.024779266880388853,-0.002371554376047794,0.1528544901094371,-0.1972352558885799,0.1408797369116578,-0.12960819528236942
4.89,-40.04102400390221,-25.044659462737854,0.9860881271042055,-39.732138746510174,-24.732138746510174,1.0,-0.023124303055283995,0.022302038627605613,-0.0024123989987683814,0.14925651579259525,-0.19328238144240265,0.1388844500144902,-0.1285216982530323
4.9,-40.028121080776536,-25.03181024270852,0.9863359477713259,-39.72384229250166,-24.723842292501658,1.0,-0.0207006797089715,0.019711510686799404,-0.0024456099330939524,0.1390757876651517,-0.18784498522375867,0.14365340789381528,-0.1289884179079381
4.91,-40.01519880538084,-25.0189406987952,0.9865848523232725,-39.715636727374495,-24.715636727374495,1.0,-0.018261598050828012,0.01709845100161104,-0.0024728469723605782,0.1302944308752058,-0.18252387003296103,0.14719645896072028,-0.12943235679832701
4.92,-40.00225969269684,-25.00605327413342,0.9868345825554564,-39.707523405921606,-24.707523405921606,1.0,-0.0157339632441583,0.014563143467329991,-0.0024951657701662647,0.12958120123658523,-0.17882233624979155,0.14284391779262273,-0.12836755255478627
4.93,-39.989306238406144,-24.993150455158656,0.9870848781966222,-39.69950365138426,-24.699503651384262,1.0,-0.013118048635821283,0.012103977841727431,-0.002512077324795407,0.1351268395202331,-0.17616081905062367,0.13241879484016353,-0.12637589538859054
4.94,-39.97634091366981,-24.980234764534675,0.9873354770633401,-39.69157875481567,-24.691578754815673,1.0,-0.01049870339553758,0.009629053339200357,-0.0025222209907539463,0.13857166653479178,-0.17336065811453222,0.12430154917602317,-0.12463102714100995
4.95,-39.96336620225317,-24.96730873250634,0.9875861157050944,-39.683749974444616,-24.683749974444616,1.0,-0.007950753677108962,0.007048692045378426,-0.0025250033845844438,0.13382231639027195,-0.1693235826912773,0.12459786328942166,-0.12423425568309496
4.96,-39.950384634944456,-24.954374871315803,0.9878365292764347,-39.676018535039006,-24.67601853503901,1.0,-0.005456646093066229,0.004368054015651353,-0.0025209534401572017,0.1235373533349806,-0.16396243483213244,0.13065089079708983,-0.1252860555575405
4.97,-39.93739878107939,-24.94143567582394,0.9880864519698097,-39.66838562726954,-24.66838562726954,1.0,-0.0029344448943478094,0.0016932144342579729,-0.002510634579594023,0.11647500435757215,-0.1591355725307993,0.13370440101529008,-0.12594073625679808
4.98,-39.92441121315769,-24.928493657633258,0.9883356178560145,-39.66085240707325,-24.660852407073254,1.0,-0.00031868386645963055,-0.0008878498406364575,-0.0024939152220670655,0.11811128415054431,-0.15597621199624537,0.12829100264167234,-0.12507061938498307
4.99,-39.91142447507854,-24.915551369392595,0.9885837608528806,-39.65341999501717,-24.653419995017163,1.0,0.0023705673991132464,-0.003399309506805727,-0.0024703477985678983,0.12481997416061927,-0.1536532357891662,0.11804798337302405,-0.12350948331605163
5.0,-39.89844108553395,-24.902611391026802,0.9888306152286676,-39.64608947566187,-24.646089475661867,1.0,0.0050383553725517356,-0.0059425026133174364,-0.0024400301489065843,0.1277215929201586,-0.15101902691093178,0.11186025601167397,-0.12241275574545142
5.01,-39.88546358005757,-24.889676299416386,0.989075916006876,-39.638861896925114,-24.638861896925118,1.0,0.007623205902555518,-0.008596005992642167,-0.0024035791320864337,0.1220538092348333,-0.14702691791094943,0.11449079862427389,-0.12283918274491198
5.0200000000000005,-39.87249453907433,-24.876748645208384,0.9893193987149781,-39.63173826944546,-24.631738269445457,1.0,0.010160942721214115,-0.011331211471675073,-0.0023611354059589135,0.11223368620341928,-0.14195940894597425,0.12152793230447458,-0.1245132071776918
5.03,-39.859536571928956,-24.863830960882673,0.9895608001530193,-39.62471956594582,-24.624719565945817,1.0,0.012738648269277628,-0.014032684747974908,-0.002311880762518999,0.107314286633591,-0.13780284516970642,0.12393247223855224,-0.12544641046064692
5.04,-39.84659227965698,-24.850925797965928,0.98979985898606,-39.61780672059711,-24.61780672059711,1.0,0.015410345004796214,-0.016629610614676816,-0.002254782571895326,0.11126206766234893,-0.1352664111323061,0.1177526695570437,-0.1249261132458317
5.05,-39.83366422692337,-24.838035744836674,0.9900363157649766,-39.61100062838183,-24.611000628381834,1.0,0.018136332772167495,-0.019167095766928245,-0.0021900850148998978,0.11880301267204235,-0.13335920495801096,0.10826451586120013,-0.12395192474798085
5.0600000000000005,-39.820754954451054,-24.82516340724528,0.9902699136894518,-39.60430214445769,-24.60430214445769,1.0,0.02081716200409185,-0.02175107260357359,-0.0021195953948214678,0.12101519984888977,-0.13097060652607972,0.10437785734695001,-0.12365658038664437
5.07,-39.80786702339476,-24.812311377396266,0.9905003986215357,-39.59771208352118,-24.59771208352118,1.0,0.023408174947039662,-0.024444926823723415,-0.0020446431426226147,0.1147272604251753,-0.12714966119078336,0.1092577957149369,-0.12500676638266606
5.08,-39.79500303566587,-24.799482214349513,0.9907275189297173,-39.5912312191712,-24.5912312191712,1.0,0.025961329032094173,-0.027197266936490126,-0.0019644233150608614,0.10591158754464586,-0.12257756669146855,0.11694570522776057,-0.1273164994795316
5.09,-39.78216561134297,-24.78667845978015,0.9909510264678015,-39.584860283272654,-24.584860283272654,1.0,0.02856447544413836,-0.029889922659027537,-0.0018766715105829254,0.1034195472547986,-0.11922360956954799,0.11861577092963337,-0.12859927332625276
5.1000000000000005,-39.769357351026926,-24.773902675678812,0.991170676843258,-39.578599965320066,-24.578599965320066,1.0,0.031256988152763725,-0.03247262041739128,-0.001779927528964197,0.10950088884816228,-0.11736876549164374,0.11203401625028153,-0.12856602815836873
5.11,-39.756580813132175,-24.761157454695276,0.9913862296567773,-39.57245091180117,-24.572450911801166,1.0,0.03398152764323669,-0.03500835576025321,-0.0016757145640667233,0.11753169312741285,-0.11594148933830956,0.10381169577886612,-0.12830802652031492
5.12,-39.74383853445692,-24.748445396653853,0.991597449338179,-39.5664137255605,-24.566413725560505,1.0,0.036639918968256295,-0.03760291269605945,-0.0015674969250396838,0.11899293469585648,-0.11385922210035973,0.10243904072493445,-0.128942916104998
5.13,-39.731133074479416,-24.735769077804417,0.9918041047552346,-39.56048896516305,-24.560488965163053,1.0,0.03920624646027745,-0.0403011057582267,-0.0014566883506107397,0.11246176558222096,-0.11033637353984296,0.10933154612698781,-0.13126933602392526
5.14,-39.71846702709373,-24.723131036021815,0.9920059693283105,-39.55467714425781,-24.554677144257806,1.0,0.0417452298335693,-0.04303137554165218,-0.0013411372668972134,0.10513625997665689,-0.10643915491785712,0.11731641174740652,-0.1342009243029046
5.15,-39.70584299309211,-24.710533793356014,0.9922028220251852,-39.5489787309414,-24.548978730941403,1.0,0.044341362560973555,-0.04567928899324554,-0.0012172924066768222,0.10521235628671566,-0.10398099848745809,0.11823270573619865,-0.13589362384113018
5.16,-39.69326354321167,-24.697979891865327,0.992394447345153,-39.543394147121695,-24.5433941471217,1.0,0.04701721051125145,-0.04821688870380415,-0.0010838558880758348,0.11313906040191415,-0.10284488824765005,0.1116423993768585,-0.13645718515263622
5.17,-39.680731201950586,-24.68547189649099,0.9925806358782704,-39.537923767881395,-24.537923767881395,1.0,0.04970072341694679,-0.05072159519685947,-0.0009440598165399781,0.12128637362746783,-0.10193690563202445,0.10514436040469544,-0.1370196276889977
5.18,-39.668248475461034,-24.673012368713373,0.9927611849923156,-39.532567920841636,-24.532567920841636,1.0,0.05230075910272574,-0.053294112678028825,-0.0008026729341114361,0.12197846373498278,-0.10020117512508162,0.10637252610105247,-0.13868086793586662
5.19,-39.655817893051804,-24.66060383705086,0.9929358981280798,-39.52732688552561,-24.527326885525607,1.0,0.05481066257753924,-0.05595829942876283,-0.0006605398344109809,0.11558607753474844,-0.09709305501121859,0.1149535879995279,-0.14198965546870826
5.2,-39.64344201019407,-24.64824878807358,0.993104585291888,-39.522200892722154,-24.52220089272215,1.0,0.057304030720184314,-0.05862631798217309,-0.0005139706849596287,0.11013613164344525,-0.09401305257598788,0.12289850530532923,-0.14550848833363458
5.21,-39.63112337761483,-24.635949694376865,0.9932670638498043,-39.51719012384935,-24.517190123849353,1.0,0.059858045506304317,-0.061193596697567694,-0.00035849442355114885,0.11275928553108727,-0.09249791046164635,0.1231170763651912,-0.14766026048196224
5.22,-39.618864506210755,-24.623709046395213,0.9934231583667316,-39.512294710318166,-24.512294710318166,1.0,0.06247732113355498,-0.06365481982840533,-0.000193601622543983,0.12213132309653804,-0.0920896943737434,0.11693377267766461,-0.1489020574943967
5.23,-39.60666785832173,-24.61152934831659,0.9935727014869724,-39.50751473289599,-24.507514732895995,1.0,0.0650793267262584,-0.06609762348215172,-2.4411280530240965e-05,0.13003131663307646,-0.09170877920447913,0.1125186530926471,-0.15036294219606106
5.24,-39.59453588142532,-24.599413090134163,0.9937155342476054,-39.50285022107032,-24.502850221070315,1.0,0.06758505164164888,-0.06861291133713775,0.000143609637084199,0.13000616402693566,-0.0903382750680777,0.11627572574836723,-0.15310663519882464
5.25,-39.58247104435992,-24.587362720456948,0.9938515052795659,-39.498301152412274,-24.498301152412274,1.0,0.07000612849302523,-0.07120239930505418,0.0003107502420341586,0.12414733161840269,-0.08774992761134182,0.12612061292896584,-0.15735144161461126
5.26,-39.57047583218134,-24.57538064394543,0.9939804716516681,-39.49386745194029,-24.493867451940286,1.0,0.07242073404174018,-0.07376710508805732,0.0004821896112088371,0.12085700785611485,-0.08558961123388659,0.13370045858157734,-0.1613985466922684
5.2700000000000005,-39.55855271329506,-24.563469252862536,0.9941022992985294,-39.489548991483645,-24.489548991483645,1.0,0.07489510589461995,-0.07621782682988774,0.0006627766750424447,0.12585281443363833,-0.0850203370634133,0.13333813146399434,-0.16404005488321058
5.28,-39.54670410763146,-24.551630953059743,0.9942168628877079,-39.485345589046126,-24.485345589046123,1.0,0.0774160986697201,-0.078570675668808,0.0008516772724500428,0.13618993370575938,-0.08531762645560703,0.1279629974086271,-0.16601079754296794
5.29,-39.5349323857064,-24.53986815394831,0.9943240469429729,-39.48125700816958,-24.481257008169578,1.0,0.0798958580978157,-0.0809187756126175,0.0010420163817699837,0.14351482999204562,-0.08543632415199195,0.12585972316670677,-0.16841879118103856
5.3,-39.523239906170765,-24.528183240164484,0.9944237456129527,-39.47728295729756,-24.47728295729756,1.0,0.0822715117500977,-0.08333888511561076,0.001228391043808214,0.14289709207975018,-0.08443402286030863,0.13190962434010461,-0.1722487441052064
5.3100000000000005,-39.51162904470082,-24.51657854771426,0.994515862049061,-39.47342308913891,-24.47342308913891,1.0,0.08457067265208279,-0.08581078822770363,0.001412604085350479,0.1379578158732984,-0.08245832586838053,0.1425113236519883,-0.17732593694670754
5.32,-39.500102181799804,-24.50505636799481,0.9946003094494926,-39.46967700003136,-24.469677000031364,1.0,0.08687158566155834,-0.08823061660676954,0.0016010295673235097,0.13698148458500944,-0.08127317633676723,0.14943778953184936,-0.18182077494083662
5.33,-39.48866166938051,-24.493618980647256,0.9946770110538633,-39.466044229305155,-24.46604422930515,1.0,0.08922654437468537,-0.0905289190652329,0.0017982445845859184,0.14402259649624838,-0.0816063249654922,0.14866889462286748,-0.18496219059371372
5.34,-39.477309803603724,-24.482268672503423,0.9947459002126575,-39.462524258646624,-24.46252425864662,1.0,0.09160612667155096,-0.09274065299963277,0.002001681358860408,0.15478092527999504,-0.08255113004193868,0.14447052514673034,-0.1876814926858664
5.3500000000000005,-39.466048831584665,-24.471007723007006,0.99480692154633,-39.459116511461815,-24.459116511461815,1.0,0.0939230982028072,-0.09495911242510076,0.0022031839258916668,0.16126153035138527,-0.08310845688525825,0.14475571708261792,-0.19104911465964225
5.36,-39.45488099017492,-24.45983837668222,0.9948600301753271,-39.455820352240096,-24.455820352240092,1.0,0.09613324209750512,-0.0972432367144165,0.0023981995487876956,0.1602496292249996,-0.08247004136731095,0.15269736776491485,-0.19590389589764343
5.37,-39.44380852627896,-24.44876282354463,0.9949051914784207,-39.452635085917734,-24.452635085917734,1.0,0.09827661703752093,-0.0995528622731187,0.0025901611262923803,0.1565790837390854,-0.0811821681482506,0.16349439793970286,-0.2016548416058306
5.38,-39.43283367914467,-24.4377832092554,0.9949423820975491,-39.44955995724153,-24.449559957241533,1.0,0.10042703651071032,-0.10178627284008838,0.002786123428582619,0.15791431210214102,-0.08097168713866595,0.1695427625200341,-0.20650198927312277
5.39,-39.421958647877524,-24.426901666835228,0.9949715895385264,-39.44659415013241,-24.44659415013241,1.0,0.10262092552298416,-0.1038964555689713,0.002989744499084683,0.1665329514337176,-0.08211193122208618,0.1685872456576706,-0.21013616897102147
5.4,-39.41118556968744,-24.416120328169754,0.9949928126324842,-39.443736787049005,-24.443736787049005,1.0,0.1048151286680773,-0.10593365344510343,0.0031965623493380633,0.17712613902013394,-0.08360017931189603,0.16588265576354308,-0.2135999887065492
5.41,-39.400516534501726,-24.405441306199712,0.9950060623411023,-39.44098692835131,-24.440986928351307,1.0,0.10692943721767746,-0.1079853698527304,0.0033979423012560983,0.1825718353649057,-0.08450124219110056,0.16846403527525633,-0.21790057777141691
5.42,-39.38995362127228,-24.394866669474688,0.9950113607033352,-39.43834357166422,-24.43834357166422,1.0,0.10893899299816583,-0.1100900384296174,0.0035908419232798926,0.18142727994014807,-0.08422102117335556,0.17774526662277046,-0.22364525212477498
5.43,-39.379498909421976,-24.38439842775424,0.9950087410142819,-39.4358056512412,-24.4358056512412,1.0,0.11089167119899015,-0.11219172460556452,0.003780123257131699,0.17929210635392065,-0.08366766017884045,0.18817007927000481,-0.22986621324989057
5.44,-39.36915445761268,-24.374038546863257,0.9949982485604429,-39.43337203732784,-24.433372037327842,1.0,0.11285269680559397,-0.11419810250081852,0.00397285199351904,0.1827425745224891,-0.08436443676688729,0.19321914385645841,-0.2349661987415986
5.45,-39.35892227340414,-24.36378897696119,0.9949799400188932,-39.43104153552549,-24.431041535525488,1.0,0.11484156580582525,-0.11608548092360037,0.004171181589963514,0.1923017771274203,-0.08616757470276593,0.19237491589948275,-0.23906578672153256
5.46,-39.348804298542326,-24.353651656877123,0.994953884190266,-39.42881288615483,-24.42881288615483,1.0,0.11680642154280277,-0.11791346992616906,0.004369048851491385,0.2021811635388207,-0.08806436180609648,0.19135569642952835,-0.24322953833937053
5.47,-39.33880242861669,-24.343628495151584,0.9949201623680762,-39.42668476361952,-24.42668476361952,1.0,0.11867936889719667,-0.11975855739366291,0.004558269881768752,0.20653369155142132,-0.08920678274685867,0.19592534706112663,-0.2483694642969076
5.48,-39.32891854485024,-24.33372134746253,0.9948788671750357,-39.42465577576976,-24.424655775769757,1.0,0.12045358858882879,-0.12163778193755387,0.004737695876665837,0.2055753402617614,-0.08928653066215347,0.205855080395753,-0.25478699459527493
5.49,-39.31915451710744,-24.323932007679293,0.9948301031373512,-39.422724463265915,-24.42272446326592,1.0,0.12217968234246579,-0.12348532426018054,0.004913139150529981,0.20514469695003712,-0.08947872300047577,0.2153553117501127,-0.26123770141762925
5.5,-39.30951218100506,-24.314262226046885,0.9947739868982356,-39.420889298942136,-24.420889298942136,1.0,0.12391055290738699,-0.1252252369061368,0.0050909163660463295,0.21032398447436768,-0.09094551675840121,0.21939046555717004,-0.2664918248151795
5.51,-39.2999933115173,-24.304713731626816,0.9947106466634318,-39.419148687169915,-24.419148687169915,1.0,0.12564970907369485,-0.12685521124574758,0.005271370551721546,0.22011695783290786,-0.09321589637824776,0.21894342663437896,-0.2710122758899829
5.5200000000000005,-39.290599615142106,-24.29528823068862,0.9946402231164495,-39.41750096322174,-24.41750096322174,1.0,0.1273422425490305,-0.12843788406100456,0.005447448342903685,0.22880774182679106,-0.09534430031303304,0.21965012493837582,-0.2758023897291095
5.53,-39.28133275289745,-24.285987388240866,0.9945628691413657,-39.415944392634664,-24.41594439263466,1.0,0.12893687311310298,-0.13003364767796408,0.005612378087735882,0.23215012051853612,-0.0966185004330381,0.225686373361643,-0.2816220105982117
5.54,-39.272194364714494,-24.276812809179663,0.9944787489105689,-39.414477170573925,-24.414477170573925,1.0,0.13044133547653006,-0.13163953887065774,0.00576688529769097,0.23170859494888335,-0.09706074779313184,0.2354901643182058,-0.2884232042056506
5.55,-39.263186065709,-24.267766034834214,0.9943880385580454,-39.413097421196554,-24.413097421196557,1.0,0.13190343793759446,-0.13318817260248092,0.005916990805704998,0.23294590298423035,-0.09793252628804358,0.24364637748358095,-0.2948731203084495
5.5600000000000005,-39.254309423950254,-24.258848561694037,0.9942909258701036,-39.41180319701497,-24.41180319701497,1.0,0.13336141412834987,-0.13462464467835178,0.006067603437558786,0.23924077378131148,-0.09994627851566706,0.24680715229892503,-0.30020422030291816
5.57,-39.245565938940224,-24.250061857047594,0.9941876099892912,-39.410592478260575,-24.410592478260575,1.0,0.13480536197866172,-0.1359636491242799,0.006217280632968049,0.24848406868921855,-0.10243863961254604,0.24705062039959944,-0.305086233062535
5.58,-39.2369570406515,-24.241407353204128,0.9940783021794914,-39.409463172247385,-24.409463172247385,1.0,0.13618423335247676,-0.13726321933489227,0.006358977246845575,0.2556524318402254,-0.10460455534846588,0.2493204717632637,-0.31037864525358105
5.59,-39.2284841120483,-24.232886431079415,0.993963225071631,-39.4084131127356,-24.408413112735605,1.0,0.1374651869546967,-0.13856433164677343,0.006488025924480229,0.2582133357797804,-0.10592435040232212,0.2560977710869201,-0.31662695303524235
5.6000000000000005,-39.220148505044534,-24.224500405810925,0.9938426121254634,-39.40744005929524,-24.407440059295244,1.0,0.1386651729302055,-0.1398485807641362,0.006606564604616289,0.2585657193725955,-0.10672049186547022,0.26499662928628825,-0.3234696952400012
5.61,-39.211951532497054,-24.216250527682078,0.9937167080997973,-39.406541696669734,-24.406541696669734,1.0,0.13982407837511351,-0.1410561186973024,0.00671997083537318,0.26120218370339676,-0.10812368689606283,0.2715630565126586,-0.32971119034511537
5.62,-39.203894448580314,-24.208137998685665,0.9935857683824135,-39.405715634139504,-24.405715634139504,1.0,0.14096454395336672,-0.14215495010372156,0.0068312899598472225,0.2678035225080877,-0.11039466699606737,0.27412814941533736,-0.33505217869913695
5.63,-39.19597843368305,-24.200163981411116,0.9934500589297194,-39.40495940488561,-24.404959404885613,1.0,0.14206839555960177,-0.14316919171810505,0.0069378364768661665,0.2757784419128304,-0.11284694334730277,0.27524072166371605,-0.34019469636814326
5.64,-39.18820459754022,-24.19232959138441,0.9933098567160974,-39.404270465353335,-24.404270465353335,1.0,0.14309489648646276,-0.14414520124714506,0.007033690937673829,0.2813188445474305,-0.11486950481662578,0.27864025162882394,-0.34579104727271875
5.65,-39.18057399814992,-24.184635883834307,0.9931654487533329,-39.40364619461577,-24.40364619461577,1.0,0.14402848982352237,-0.14510377161734558,0.007116503921009419,0.2834647016871865,-0.11618497484033696,0.28525579335484313,-0.35212206698874443
5.66,-39.173087650014345,-24.17708384452943,0.9930171317859202,-39.403083893737445,-24.403083893737445,1.0,0.14488865972048035,-0.14601905659434927,0.007188972258537885,0.2847556769861811,-0.1172846337287326,0.29256324061147415,-0.3586532333240013
5.67,-39.16574651459525,-24.16967439235813,0.9928652124005547,-39.40258078513792,-24.402580785137925,1.0,0.14570332175793183,-0.1468471344307311,0.007255045983189203,0.28825198310017236,-0.11896571909326165,0.2975255359816789,-0.3645362759585528
5.68,-39.15855148548611,-24.162408391890345,0.9927100061871468,-39.402134011955404,-24.402134011955404,1.0,0.14648105119632204,-0.14757633384601307,0.007315885782365722,0.29425140824081686,-0.1211470639210302,0.29983893379936827,-0.3698303912929906
5.69,-39.15150337885562,-24.15528665640344,0.9925518378825989,-39.40174063741032,-24.40174063741032,1.0,0.14720194712256227,-0.14823126711440654,0.007368490133991028,0.30038948335115634,-0.12328162373138934,0.3018236099780171,-0.3750988669156872
5.7,-39.14460293904494,-24.148309941141452,0.9923910412308866,-39.40139764416896,-24.40139764416896,1.0,0.14784057043095775,-0.14884051902919382,0.007409048901310385,0.30444489649857237,-0.12500638655798524,0.3056525016813274,-0.3807249190848623
5.71,-39.13785085024656,-24.141478934082404,0.9922279581460011,-39.401101933707054,-24.40110193370705,1.0,0.14839416268974845,-0.14940795447691166,0.007437114918194165,0.3065722501622343,-0.1262772627358868,0.3111562764181097,-0.38673922942856853
5.72,-39.13124773868482,-24.134794250342374,0.9920629384957328,-39.400850325673375,-24.400850325673378,1.0,0.1488781520559933,-0.14991026843561034,0.007454948754105183,0.3087193553971198,-0.1275419769719799,0.3163963394683008,-0.39265675169976555
5.73,-39.1247941655453,-24.128256435701406,0.9918963395947361,-39.40063955725338,-24.400639557253378,1.0,0.14930589521372087,-0.1503253104719097,0.0074645105304361045,0.3122747661099875,-0.1291429168013647,0.31998796143097746,-0.39810326962502635
5.74,-39.11849061766317,-24.121865972443796,0.9917285255933285,-39.400466282532754,-24.40046628253275,1.0,0.14967584573515672,-0.15065474239772336,0.007465543847869332,0.3167579272647826,-0.13086864503758894,0.32239373508256786,-0.40328036204554607
5.75,-39.112337502744815,-24.115623279263783,0.9915598674496231,-39.400327071861064,-24.400327071861064,1.0,0.14997451020558022,-0.1509134864622047,0.007456021908555574,0.3207935367202447,-0.13244388574295346,0.3249556058165349,-0.40846897426790113
5.76,-39.1063351526612,-24.109528707580562,0.9913907424357774,-39.40021841121534,-24.400218411215345,1.0,0.15019314213367274,-0.15110963281857753,0.007434657065528679,0.3237759633162316,-0.13378399344190461,0.3282546468880547,-0.41375080746987225
5.7700000000000005,-39.1004838272839,-24.10358253662688,0.9912215335112263,-39.40013670156369,-24.400136701563692,1.0,0.1503346966201509,-0.15123755740654024,0.007401938846390695,0.3262449997642032,-0.1349796602619901,0.3317435479341713,-0.419015452639756
5.78,-39.09478371405059,-24.097784969956706,0.9910526288185093,-39.400078258228895,-24.40007825822889,1.0,0.15040426511095786,-0.1512880988673902,0.007358685387790835,0.32883912203333765,-0.13616158169244558,0.3347784782641931,-0.4241106619878376
5.79,-39.089234926375646,-24.09213613633805,0.9908844208937947,-39.40003931025199,-24.400039310251994,1.0,0.15040083971916077,-0.15126116557156963,0.007304806384444931,0.33143955182403534,-0.13726055140134458,0.33746388748262707,-0.42909348462140423
5.8,-39.08383750031468,-24.086636089626275,0.9907173062218301,-39.400015999755944,-24.400015999755944,1.0,0.15031965054554472,-0.15116086938038867,0.007239665999896059,0.3336423832097879,-0.1381879069815376,0.3401847563710626,-0.4340454706333736
5.8100000000000005,-39.07859139140912,-24.08128480866459,0.9905516848137305,-39.40000438130917,-24.400004381309166,1.0,0.1501607630995868,-0.1509837054451028,0.007163380059676404,0.33564741978857104,-0.13902595706207038,0.3427300211109657,-0.43887000197503595
5.82,-39.073496472034904,-24.076082198220885,0.9903879596857794,-39.400000421289185,-24.400000421289185,1.0,0.1499294475428828,-0.15071879833094445,0.007076859087604443,0.3381212151564724,-0.1399578170613242,0.3444290690999098,-0.4433629458437566
5.83,-39.068552527435784,-24.07102808692105,0.9902265362856243,-39.39999999686214,-24.399999998117284,1.0,0.14962595538274168,-0.15036253745079753,0.006980266141843112,0.34107332072843133,-0.14098833117872545,0.3452608354223242,-0.44750645622103125
5.84,-39.06375925891833,-24.066122225303907,0.9900678214560219,-39.39999875652818,-24.399999253916903,1.0,0.14924061121331378,-0.14992931343520496,0.006872301960026319,0.3433159394462641,-0.14173655765793836,0.34638863317383156,-0.4516821388005336
5.8500000000000005,-39.05911628835985,-24.061364279944655,0.9899122228189013,-39.399991987041766,-24.399995192225056,1.0,0.1487612970549899,-0.14943501596974737,0.006751351574339676,0.3436726293339405,-0.1420067591524789,0.3489631881539664,-0.4560883668411167
5.86,-39.05462316035551,-24.056753830302185,0.9897601481224046,-39.39997501022094,-24.399985006132567,1.0,0.1481892895037169,-0.14887338805122668,0.006617839444097494,0.34268390206177507,-0.14213072258855003,0.35243854073016895,-0.4603765089331097
5.87,-39.05027933613773,-24.05229037199996,0.9896120043891637,-39.39994324606297,-24.399965947637778,1.0,0.14754299284004108,-0.1482168157401245,0.006474727127622442,0.3423487723189995,-0.14265257173006934,0.35483292589711507,-0.46396377611501566
5.88,-39.04608418095117,-24.047973322249746,0.9894681975235046,-39.39989221206067,-24.399935327236403,1.0,0.14683531385355073,-0.14744221684088255,0.006324119250650059,0.34384501607834866,-0.1439995641354696,0.3549755936235016,-0.4663953252490546
5.89,-39.042036958296244,-24.04380202223321,0.989329131164157,-39.399817522518866,-24.39989051351132,1.0,0.14605620044706272,-0.14656212131839363,0.006164740122544355,0.34571285288891607,-0.14582553810520338,0.3543017908657279,-0.46802230467014916
5.9,-39.038136838767954,-24.039775731933936,0.9891952053039716,-39.399714887870715,-24.39982893272243,1.0,0.1451812196521941,-0.14561803026278655,0.00599329411849351,0.3450410201549331,-0.14719279264212953,0.35568236539784687,-0.46980448440496664
5.91,-39.034382912404375,-24.03589361927838,0.9890668157898572,-39.39958011399411,-24.399748068396466,1.0,0.14419588746361697,-0.144629884905183,0.005808048452382904,0.3408634344412905,-0.14797858157478067,0.3600609861230128,-0.47186986019045457
5.92,-39.03077419144096,-24.032154757416265,0.988944353705669,-39.39940910152806,-24.399645460916837,1.0,0.14311880243738037,-0.14356921235339914,0.00561208593877592,0.3357430460281104,-0.14894274153084647,0.3648978943900379,-0.47341954139150727
5.93,-39.02730960025463,-24.02855813846984,0.9888282028155845,-39.39919784518905,-24.39951870711343,1.0,0.14198661093124132,-0.14238439299874942,0.005410975649470657,0.3333607092970676,-0.15097806107501827,0.3665553654592279,-0.4735032009579066
5.94,-39.02398795482052,-24.02510268514067,0.9887187390511335,-39.39894243308744,-24.399365459852465,1.0,0.14081043536876295,-0.14105330350803882,0.005206525633597003,0.3343891195947504,-0.15443196225644934,0.36436571654918976,-0.4717554407649392
5.95,-39.020807951219304,-24.021787247341486,0.9886163311488994,-39.39863904604384,-24.399183427626305,1.0,0.13956507366666127,-0.13961853231086563,0.004995444249899364,0.33522340594436506,-0.15814657747420213,0.3618931404711895,-0.4693635204224068
5.96,-39.017768193077785,-24.01861060013746,0.9885213367249626,-39.39828395690549,-24.398970374143293,1.0,0.13821573799603012,-0.13814541755351756,0.004773288930664932,0.3317311056815234,-0.16067006576136833,0.36322408551288377,-0.4678158663656523
5.97,-39.0148672094435,-24.015571428277593,0.9884341026727647,-39.397873529862615,-24.398724117917567,1.0,0.13675614574022132,-0.13664356060786412,0.004539730459319494,0.32414371254903473,-0.16225185863704994,0.36812354385981827,-0.46685888389742114
5.98,-39.01210345786009,-24.01266833050164,0.9883549633073202,-39.39740421976485,-24.39844253185891,1.0,0.1352270275073432,-0.13505520541656307,0.004300828670835148,0.3172840457033278,-0.16421022738247448,0.3718239515247479,-0.465113373330317
5.99,-39.00947529907926,-24.009899835845573,0.9882842393156631,-39.3968725714376,-24.398123542862557,1.0,0.13367353245765162,-0.13331211248601105,0.004062981882214129,0.31554433831682605,-0.16781379987916945,0.3699864986536674,-0.46125366197076834
6.0,-39.00698097178485,-24.007264418847207,0.9882222363976586,-39.396275218998376,-24.397765131399026,1.0,0.1320934986316976,-0.1314107268902702,0.003826083485752604,0.31783344699654553,-0.17298424350319408,0.3636931864787897,-0.4553657754414012
6.01,-39.00461860091522,-24.004760502383615,0.98816924307112,-39.39560888517325,-24.397365331103952,1.0,0.1304458324087589,-0.12943113014782487,0.003585018369390839,0.31826679402430036,-0.17753799706362372,0.3587773610033147,-0.4496855314925109
6.0200000000000005,-39.00238622679295,-24.002386440581077,0.9881255304101063,-39.39487038061319,-24.396922228367913,1.0,0.1286929845238784,-0.12744958335723663,0.0033354433509155752,0.3125673636925703,-0.1799030420283501,0.3594788307966507,-0.4458254829011163
6.03,-39.00028183189617,-24.000140506782966,0.9880913514124078,-39.39405660321044,-24.39643396192626,1.0,0.12684527609884433,-0.12545070896659058,0.003079310110818175,0.30310152151793235,-0.1810346656659561,0.3634562277568309,-0.44281093235369423
6.04,-38.99830333684394,-23.998020904346284,0.9880669389047597,-39.39316453741489,-24.395898722448933,1.0,0.12496152946417129,-0.12334708808049508,0.0028244825000458985,0.2966074673413439,-0.1829231487532813,0.3640487625804577,-0.43858231239533096
6.05,-38.99644856358609,-23.996025786762406,0.9880525048370731,-39.39219125355051,-24.395314752130304,1.0,0.12308170216023435,-0.12106777498921976,0.0025760788131984074,0.2969501001117651,-0.18704870461138423,0.3574380805910715,-0.43162347166471293
6.0600000000000005,-38.994715213158734,-23.99415327333042,0.9880482386899602,-39.39113390713165,-24.394680344278992,1.0,0.12118472458035524,-0.11864237997169819,0.0023316365682999095,0.3005770119361951,-0.19246657183983573,0.3471528346019238,-0.42291617490908084
6.07,-38.99310088619572,-23.992401445235778,0.9880543062443193,-39.389989738179494,-24.393993842907697,1.0,0.11921785766242755,-0.11618437706884265,0.0020851909362965427,0.2999520309751195,-0.19607690104933934,0.3406793157678985,-0.41562610303186104
6.08,-38.991603122224745,-23.990768322985833,0.9880708503351165,-39.388756070538385,-24.393253642323028,1.0,0.11714953687357474,-0.11376163356451455,0.0018336598316570191,0.291951387014433,-0.19673984928152227,0.3411249670921585,-0.41092769573981086
6.09,-38.99021942658049,-23.989251858718006,0.9880979896390043,-39.38743031119222,-24.39245818671533,1.0,0.11501055426509965,-0.11132434429970145,0.0015811956869798034,0.28148371430166286,-0.19629828789494952,0.34363411054726745,-0.40694582368735566
6.1000000000000005,-38.988947253891986,-23.987849952817772,0.9881358172509453,-39.386009949580846,-24.391605969748507,1.0,0.11286895197842944,-0.10876253123839007,0.0013357415295286593,0.2763366995502623,-0.19732505529640337,0.3405030665694671,-0.4010469030802621
6.11,-38.98778396279166,-23.986560475576226,0.9881844006778441,-39.38449255691643,-24.390695534149856,1.0,0.11074943463278451,-0.10601856823225272,0.0011000039563669396,0.278748715814366,-0.20110962812684607,0.32952434678093934,-0.39193621535649503
6.12,-38.986726802462776,-23.98538127993591,0.9882437806858881,-39.38287578549982,-24.389725471299894,1.0,0.1086122609645223,-0.10316288000931571,0.0008697670437009302,0.2825918222317378,-0.20552238717647137,0.31679478309701653,-0.3818026065199301
6.13,-38.985772945642765,-23.98431018879435,0.9883139716289249,-39.38115736803696,-24.388694420822173,1.0,0.1063998071239404,-0.10032761387577388,0.0006393989146464395,0.27979298994087515,-0.20702111110479982,0.31035004756354534,-0.3742560011455831
6.140000000000001,-38.98491953351069,-23.98334497029515,0.9883949623946704,-39.379335116955225,-24.387601070173137,1.0,0.10409357844932832,-0.09755508895955628,0.0004076655634370212,0.26935692524279486,-0.20533806825805,0.3111943215116466,-0.3695874714771048
6.15,-38.9841636966295,-23.98248333702061,0.9884867149894615,-39.377406923719846,-24.38644415423191,1.0,0.10174432025641816,-0.09476006328112088,0.00018010336257209074,0.25851970559030174,-0.2031388510156708,0.31216329936052106,-0.3650939750781596
6.16,-38.98350252330567,-23.981722966816964,0.9885891644716757,-39.37537075815026,-24.385222454890155,1.0,0.09941964515399071,-0.0918222346834857,-3.6692289883766216e-05,0.2550540397817063,-0.20330568276238264,0.3055608699274039,-0.3578529942580962
6.17,-38.98293301165433,-23.98106152440341,0.9887022195663042,-39.373224667736494,-24.383934800641896,1.0,0.09712431526668037,-0.08871128204258508,-0.00024243558116769648,0.2588513382391839,-0.20647129234412526,0.29151066428700656,-0.3472548012695297
6.18,-38.98245206882048,-23.980496668604285,0.988825762412082,-39.37096677695555,-24.38258006617333,1.0,0.09480387441469125,-0.0855365781543801,-0.0004420115382551842,0.26165198888054564,-0.20933277459831806,0.2782429106886357,-0.33667143932420474
6.19,-38.98205655365022,-23.980026031421968,0.9889596500882347,-39.368595286587784,-24.38115717195267,1.0,0.0924022711132421,-0.08243090572225437,-0.000639865372720756,0.25597075340604053,-0.2085028702695903,0.27322361666418005,-0.3295504445592613
6.2,-38.98174332286153,-23.97964719504172,0.9891037151243548,-39.36610847303327,-24.379665083819962,1.0,0.08991876361260082,-0.07940085284647183,-0.0008354325959698517,0.24341346819206108,-0.204769471376599,0.2748776309294246,-0.3251154348407454
6.21,-38.981509240791745,-23.97935769873819,0.989257764623354,-39.36350468762822,-24.378102812576934,1.0,0.08742032171640561,-0.07633166983377737,-0.0010229316241977258,0.2329142131127603,-0.20139158179323163,0.27434818071519834,-0.32007361481064395
6.22,-38.98135113383526,-23.979155062344958,0.9894215814805144,-39.36078235596132,-24.37646941357679,1.0,0.08496617298446557,-0.07310641852533818,-0.0011978566743627776,0.23125546848677686,-0.20120702485033737,0.26491330561268467,-0.3115711669789901
6.23,-38.981265746389816,-23.979036806589388,0.9895949252661095,-39.35793997719011,-24.374763986314065,1.0,0.08254067788717045,-0.06973086634051286,-0.0013616398910172988,0.23571257245806848,-0.20385627755172903,0.2493016697069908,-0.30000895000412414
6.24,-38.98124975365923,-23.979000453210393,0.9897775329582651,-39.354976123357396,-24.37298567401444,1.0,0.08007967877969563,-0.06634433858520954,-0.0015188187622422677,0.23665141345993423,-0.20516869768154003,0.23712635572463805,-0.28962463465528354
6.25,-38.981299810597775,-23.979043497904794,0.9899691209321881,-39.35188943870762,-24.371133663224573,1.0,0.07753416440214968,-0.0630640055987819,-0.0016722565147189374,0.22808638738954112,-0.20242805668707753,0.2343719275972228,-0.28318173446496253
6.26,-38.98141259535848,-23.97916339235999,0.99016938502217,-39.34867863900322,-24.369207183401933,1.0,0.07492331608787785,-0.05985814635342737,-0.0018201546390395433,0.2142247682551748,-0.19741102272353628,0.23687471152842726,-0.27890653263860127
6.2700000000000005,-38.98158480459854,-23.97935755817244,0.9903780006385557,-39.345342510841014,-24.367205506504607,1.0,0.07232459999731052,-0.056592294304471054,-0.001957576872843767,0.20488325083737935,-0.19368761910574867,0.23488781702788536,-0.2732060899266093
6.28,-38.98181309818503,-23.97962341162368,0.9905946246005399,-39.34187991096859,-24.365127946581158,1.0,0.06978320867598847,-0.05316502850354294,-0.0020821790287966174,0.20512427983690115,-0.19372558865134742,0.22339046345749453,-0.2636178734601177
6.29,-38.98209406429309,-23.979958381542595,0.9908188960268101,-39.3382897656007,-24.36297385936042,1.0,0.06726515543816829,-0.04962085910521961,-0.002196150989413952,0.20973048643037784,-0.19604945157901937,0.2075993928314896,-0.25166474842768616
6.3,-38.98242424432968,-23.980359901617238,0.9910504378715664,-39.334571069735595,-24.360742641841355,1.0,0.06470153934535036,-0.046116339893466356,-0.002302956169378357,0.2085598820927117,-0.19607846083803238,0.19764724847307896,-0.24198319689467668
6.3100000000000005,-38.98280018518281,-23.98082538011171,0.9912888588281608,-39.330722886471435,-24.35843373188286,1.0,0.062054703693755375,-0.042741501024772505,-0.002403921375974349,0.19771436679645635,-0.1920775420159946,0.19744513773591346,-0.2363410125943987
6.32,-38.983218476187574,-23.98135218892781,0.9915337532558218,-39.32674434632268,-24.356046607793605,1.0,0.05936338886706924,-0.03942956742373603,-0.0024968836008630443,0.1836586969887511,-0.18659769056983744,0.2005734428859569,-0.23218728869293087
6.33,-38.98367572943271,-23.981937682874676,0.9917847022176326,-39.32263464653643,-24.353580787921857,1.0,0.056708944367322794,-0.036037125217353,-0.0025785259516230116,0.17627574445494518,-0.18326501382576102,0.1972020418510773,-0.22588778966289544
6.34,-38.98416852009752,-23.982579224713355,0.9920412751655827,-39.31839305040885,-24.35103583024531,1.0,0.05411930220871639,-0.03248718792772421,-0.0026482287996171636,0.1784777098233232,-0.18393194032163251,0.18444368864614796,-0.21560891216969025
6.3500000000000005,-38.984693363625645,-23.983274199338055,0.9923030307785786,-39.3140188866015,-24.3484113319609,1.0,0.05154546507915889,-0.028860695782323954,-0.0027080177632393494,0.18294654835438975,-0.18606421244705043,0.16961718177945015,-0.20392706760412346
6.36,-38.98524675057951,-23.984019998384177,0.9925695190998729,-39.30951154845777,-24.345706929074662,1.0,0.04891844144289074,-0.025317600914956214,-0.0027598991036831004,0.1798725159247415,-0.18515323372597875,0.16253497062337036,-0.19538986163960065
6.37,-38.9858251990879,-23.984813989873984,0.9928402829832903,-39.304870493319214,-24.342922295991524,1.0,0.046214939242332796,-0.02191479950054527,-0.0028040630323548695,0.16769841728156112,-0.18053384968636413,0.16477450423595144,-0.19068258152175602
6.38,-38.986425282485925,-23.985653514864207,0.9931148582862179,-39.30009524184193,-24.34005714510516,1.0,0.043490599760195606,-0.018557200016549216,-0.00283890389716362,0.15459647818170114,-0.17527249784392718,0.16819927818074382,-0.18674228374444723
6.390000000000001,-38.98704359638485,-23.986535910054567,0.993392775320269,-39.29518537731299,-24.337111226387794,1.0,0.040824131550295545,-0.015102488171334397,-0.002863044910184178,0.1498025157785322,-0.1728496850255661,0.1636046677490771,-0.18009515252328104
6.4,-38.987676699825215,-23.987458532238183,0.9936735598994849,-39.29014054496676,-24.334084326980054,1.0,0.038225231425937846,-0.011503555374275628,-0.0028768587171055186,0.15392694916856575,-0.17433981873515678,0.15039381062495125,-0.16968973862001127
6.41,-38.98832110553479,-23.988418767639978,0.9939567342996282,-39.2849604513013,-24.33097627078078,1.0,0.03563406206392987,-0.007871112051534162,-0.002881481854232673,0.15814006316578744,-0.17635902482638216,0.13740307664456425,-0.15893837677017897
6.42,-38.98897332147135,-23.989414010031226,0.9942418196128652,-39.27964486339477,-24.32778691803686,1.0,0.03298549170120099,-0.004356644349187709,-0.0028774169412649066,0.15363355727742598,-0.17485454573476422,0.1334534490783082,-0.15191451904277792
6.43,-38.98962990121731,-23.99044163284467,0.99452833674022,-39.274193608221765,-24.32451616493306,1.0,0.030271955566003952,-0.000982663745966058,-0.002864340193902149,0.14116081255674534,-0.17016610229984044,0.1378111359770023,-0.14829049276519748
6.44,-38.99028746079862,-23.991498992683297,0.9948158069644482,-39.26860657196972,-24.32116394318183,1.0,0.027561920496555332,0.002366442243522306,-0.0028419429600989063,0.12999110766209448,-0.16564281190169558,0.1412249513316551,-0.1447290686466828
6.45,-38.99094263505386,-23.992583453749216,0.9951037532799465,-39.262883699355285,-24.31773021961317,1.0,0.0249259307760919,0.00582327756013404,-0.00281064917001317,0.1281553222706208,-0.16445732364439997,0.13567421313470723,-0.13807562141281787
6.46,-38.99159202409556,-23.993692410792953,0.9953917006468204,-39.25702499294071,-24.314214995764427,1.0,0.02235635081565714,0.009403019241329047,-0.002771017138339011,0.13404213286899125,-0.1668268433692308,0.12277882994125625,-0.12813097589419234
6.47,-38.992232195955225,-23.994823292836443,0.9956791772289807,-39.251030512450214,-24.31061830747013,1.0,0.01978677892607977,0.012973817618969985,-0.002722855853274428,0.13795451012724963,-0.16879431774316367,0.11225078736258166,-0.11886214368407881
6.48,-38.99285973202172,-23.995973536526396,0.9959657166214675,-39.24490037408637,-24.30694022445182,1.0,0.017159155583319083,0.016401938835869594,-0.0026653876210956527,0.13257032592122228,-0.167033921837624,0.11143113712352866,-0.11359893694169808
6.49,-38.99347127346895,-23.997140562552882,0.996250858515184,-39.23863474984648,-24.30318084990789,1.0,0.014481665252277846,0.019697358268704432,-0.0025984578629903135,0.12073722752528816,-0.1627397624771814,0.11748368944463158,-0.11115676884928238
6.5,-38.994063526533054,-23.998321784921647,0.9965341496149949,-39.23223386683897,-24.29934032010338,1.0,0.011830688105555038,0.02298802832070246,-0.0025234816160922507,0.11219943725688852,-0.1593414869138708,0.12066033810187887,-0.1081289183088171
6.51,-38.994633211432,-23.999514635877627,0.9968151443149595,-39.22569800659973,-24.295418803959837,1.0,0.009264585634819068,0.026390061574690475,-0.002442192584895086,0.11339980360161919,-0.15957465011006727,0.11451185651463013,-0.10180336908061392
6.5200000000000005,-38.995177017685755,-24.00071658653131,0.9970934043706853,-39.21902750440855,-24.291416502645127,1.0,0.0067607520441149045,0.02988744140364762,-0.002354630386629521,0.12076048253082156,-0.16279130644367173,0.1026255610286435,-0.09283413646177628
6.53,-38.995691617285274,-24.00192514471928,0.9973685004421162,-39.21222274860545,-24.28733364916327,1.0,0.004250213463889788,0.03333676061512558,-0.002259134129749366,0.12435154695471579,-0.1647739249842788,0.09495489230498036,-0.08542897636602095
6.54,-38.99617371159211,-24.00313782571206,0.9976400139206021,-39.20528417990708,-24.28317050794425,1.0,0.0016843760443009232,0.036628291642711114,-0.0021540592891065636,0.11862594648696208,-0.16307294525033345,0.09706741280237696,-0.08202864610049232
6.55,-38.99662007231042,-24.00435213401487,0.9979075374855986,-39.19821229072312,-24.27892737443387,1.0,-0.0009139136028110316,0.039800481214934014,-0.0020400393332567213,0.10818472401025445,-0.15954351808727293,0.10435944977518066,-0.08079037476236195
6.5600000000000005,-38.99702753517655,-24.005565577015783,0.9981706761149491,-39.191007624472604,-24.27460457468356,1.0,-0.0034656410923426272,0.04298560272067046,-0.0019202681365155646,0.10266252119246541,-0.1575321625024415,0.10717035265482124,-0.07840140261216931
6.57,-38.99739294564868,-24.0067756893129,0.9984290468509717,-39.18367077490036,-24.270202464940215,1.0,-0.005926809194657373,0.046278573137585766,-0.001797117253271477,0.10671160351838677,-0.15923596808225832,0.10083138264670245,-0.07268710332719934
6.58,-38.997713124656606,-24.0079800504437,0.9986822782270529,-39.176202385393346,-24.26572143123601,1.0,-0.008331936327657549,0.04963523756893728,-0.0016696162334426318,0.11515354125778665,-0.16320923848627422,0.09053555227672633,-0.06508310072116025
6.59,-38.997984890056124,-24.00917627715101,0.9989300119995981,-39.16860314829706,-24.261161888978236,1.0,-0.010749008200080644,0.052909867793817934,-0.0015347484602540298,0.11839227517857007,-0.1652703367643541,0.08590946356814183,-0.05974325868339203
6.6000000000000005,-38.998205103182656,-24.01036199347043,0.9991719044610318,-39.16087380423189,-24.256524282539132,1.0,-0.013215479554530965,0.056020472346085606,-0.001390520602412055,0.11278989818288862,-0.1639025353857658,0.09060825909562184,-0.05816795932033156
6.61,-38.998370702826755,-24.011534818504547,0.9994076270542429,-39.15301514140951,-24.251809084845707,1.0,-0.015695975429512645,0.05902841204447591,-0.001238804108296079,0.10426840983955687,-0.16141017147625647,0.09868957981135183,-0.05807225670682255
6.62,-38.99847868851828,-24.012692382871894,0.9996368671652368,-39.14502799494928,-24.247016796969564,1.0,-0.018113694610347876,0.06206317950807126,-0.0010842925864360386,0.10185771950319086,-0.16092818813678758,0.10107881779892045,-0.05636305945298195
6.63,-38.998526066785814,-24.013832351774596,0.9998593269937796,-39.13691324619457,-24.242147947716738,1.0,-0.020439689260452774,0.065195485595649,-0.0009293030533550387,0.10835852666221502,-0.1640373628324447,0.09495558500281832,-0.051474959496287484
6.640000000000001,-38.998509827812505,-24.014952439337407,1.0000747230427147,-39.12867182202918,-24.23720309321751,1.0,-0.02271703311024345,0.068357660838414,-0.0007716133612193536,0.11741717917636832,-0.16861757912043931,0.08669543019385681,-0.04550060338191894
6.65,-38.99842697294683,-24.016050395915308,1.0002827878499712,-39.12030469419374,-24.232182816516247,1.0,-0.025009662581277927,0.07141036920268418,-0.0006071655204572832,0.12026703013460714,-0.17080194015304295,0.0850997131798643,-0.04226504896622389
6.66,-38.998274559182846,-24.017123979566122,1.0004832708077147,-39.11181287860203,-24.22708772716122,1.0,-0.027343004664441138,0.07430059327419297,-0.00043415679351485977,0.11516215381312603,-0.16997544981303167,0.09192387010624517,-0.04236503716180659
6.67,-38.99804972507937,-24.018170949676982,1.0006759389274584,-39.1031974346574,-24.22191846079444,1.0,-0.029671975289157097,0.0771063786731116,-0.0002559148497987506,0.10888192006921799,-0.16868866639792263,0.10034946964851538,-0.043278653401245815
6.68,-38.99774966548016,-24.01918908484658,1.000860577121423,-39.09445946456915,-24.21667567874149,1.0,-0.031926122062345026,0.07994820534263875,-7.810979166126108e-05,0.10944409168893429,-0.16975450111063006,0.10230130710232808,-0.04223839931735164
6.69,-38.99737158151696,-24.02017620425503,1.001036986386553,-39.08560011266887,-24.211360067601323,1.0,-0.034091162400290226,0.08287108949231013,9.759778294166534e-05,0.1178465322664105,-0.17409081467227983,0.09676473499844572,-0.03833007364514686
6.7,-38.996912668057305,-24.021130178109935,1.0012049835817902,-39.07662056472688,-24.20597233883613,1.0,-0.03621521215153682,0.08578990069453177,0.00027467320250976744,0.1270383290378207,-0.1790820169456398,0.09081998797219565,-0.034125827742841675
6.71,-38.99637014483332,-24.022048911076194,1.0013644029341615,-39.06752204726857,-24.200513228361142,1.0,-0.03835571216866994,0.08857931261883044,0.0004577726660692294,0.12947545777736771,-0.1814121589861325,0.09204635395587601,-0.032890952034615145
6.72,-38.99574129741169,-24.022930316813962,1.001515096514279,-39.058305826890766,-24.194983496134462,1.0,-0.040525863352553336,0.0912143590936976,0.0006480219978325017,0.12516383641853998,-0.18126574902514664,0.10043618683055121,-0.034425963573533155
6.73,-38.99502349441554,-24.023772316850525,1.0016569351181686,-39.048973209578165,-24.1893839257469,1.0,-0.042674179242182635,0.09378316926150727,0.0008406732921258063,0.12126545714121491,-0.18124936973847494,0.10877141320709915,-0.03616222843474276
6.74,-38.99421415604876,-24.024572858790854,1.001789807843161,-39.039525540019646,-24.183715324011786,1.0,-0.044739869019504754,0.09639185602346961,0.0010297451032376726,0.12446892502584829,-0.18375822142943762,0.11030054932032782,-0.03574804813093177
6.75,-38.993310710517264,-24.025329935635327,1.0019136199254532,-39.02996420092471,-24.177978520554824,1.0,-0.04672192632791482,0.09905987997070856,0.0012146582600508036,0.13413079702335223,-0.18904071722289106,0.10565761211342238,-0.03292436052192278
6.76,-38.99231059126944,-24.026041591904054,1.0020282928495658,-39.02029061233981,-24.172174367403883,1.0,-0.0486701654047664,0.10169203544583767,0.001399899517844006,0.14300405026572688,-0.19422086618067133,0.1021247143885943,-0.030511269540142244
6.7700000000000005,-38.991211269367255,-24.026705904755744,1.0021337654972196,-39.010506230964765,-24.166303738578858,1.0,-0.050633634143678156,0.1041829257948634,0.0015902206423898705,0.14504379661901717,-0.1967005694249764,0.10577869838374135,-0.031053169159704797
6.78,-38.990010289830025,-24.027320962667517,1.002229994454973,-39.00061254946913,-24.16036752968148,1.0,-0.052613765697071005,0.10653282420851781,0.0017856971477349514,0.1417640894611638,-0.19730429197952454,0.11509035189997197,-0.033718010532387876
6.79,-38.98870527991522,-24.0278848687304,1.0023169548707431,-38.990611095808575,-24.154366657485145,1.0,-0.05455637629804222,0.1088330106165801,0.0019804509485460697,0.14022626694569956,-0.1985152100219782,0.12292939526162372,-0.03606767315872139
6.8,-38.987293914414515,-24.028395758191778,1.002394639277681,-38.98050343254124,-24.14830205952474,1.0,-0.056412752179464745,0.11117100031115035,0.002168892780659833,0.14558027302369247,-0.20224005571027642,0.1240850993177296,-0.03623149939317721
6.8100000000000005,-38.9857738805069,-24.028851815360625,1.002463055465664,-38.97029115614416,-24.142174693686492,1.0,-0.0581929191118056,0.1135427840348818,0.002351715410577869,0.15581412238819753,-0.20810758704980528,0.12056960602018038,-0.03455553083365212
6.82,-38.98414288289214,-24.029251275394056,1.0025222268427183,-38.9599758963296,-24.13598553779776,1.0,-0.059945412451955817,0.11585082153236012,0.002534059002803357,0.16396590273425377,-0.2132360907906698,0.11938281905297904,-0.033857988864406885
6.83,-38.98239867563969,-24.029592404518834,1.002572193155562,-38.94955931536148,-24.12973558921689,1.0,-0.06170946854342302,0.11801394251573472,0.002720263781179684,0.1656576428638327,-0.21584522128545797,0.12492766700371492,-0.0358681470657362
6.84,-38.980539092592124,-24.029873483698598,1.002613010792808,-38.93904310737171,-24.123425864423027,1.0,-0.06347605614467006,0.12005297302297989,0.0029091660316854493,0.163560425817999,-0.2171923425804555,0.13450413792258575,-0.039330761065108105
6.8500000000000005,-38.97856204735785,-24.030092815107405,1.0026447534105924,-38.92842899767659,-24.117057398605954,1.0,-0.0651921107305598,0.12205567605809961,0.0030942607424297684,0.16419006675810577,-0.21948583785809134,0.14152066360996007,-0.04208556891482257
6.86,-38.97646549836617,-24.03024873839438,1.0026675101269023,-38.91771874209319,-24.110631245255917,1.0,-0.06682228906630996,0.12408799599334924,0.0032709682409164335,0.1710598058367767,-0.2240923192060224,0.14241183593213297,-0.042790096287697255
6.87,-38.974247423258916,-24.03033964469139,1.0026813837181303,-38.90691412625574,-24.104148475753444,1.0,-0.06838479490905448,0.12612647008843705,0.003441200025564626,0.1811588318123908,-0.23013295308380294,0.14019812250200575,-0.042285464641842546
6.88,-38.97190582988232,-24.030363974529262,1.00268649113163,-38.896016964931974,-24.097610178959187,1.0,-0.06992422765162298,0.12807926954271684,0.003610286563208209,0.18827091655474476,-0.23498930071055646,0.14113301446409976,-0.04312459412381406
6.890000000000001,-38.96943878566819,-24.030320198411903,1.0026829637010326,-38.88502910133955,-24.091017460803727,1.0,-0.07146916975829515,0.12989149989462734,0.0037817100042511127,0.18970908599597636,-0.23770454267503915,0.14791847809916142,-0.0462207714639466
6.9,-38.96684444085768,-24.03020680600422,1.0026709475569318,-38.873952406462394,-24.084371443877433,1.0,-0.07300230564849229,0.13159809178099363,0.003953111289798422,0.18885515735808034,-0.2397258294052058,0.15713183407059503,-0.05013874959324546
6.91,-38.96412102212894,-24.03002231440182,1.002650603873405,-38.86278877836711,-24.077673267020266,1.0,-0.07447535078335589,0.13327712276942186,0.004117999487328472,0.19129172368951425,-0.2428642819929307,0.16311505324840736,-0.05311340948465093
6.92,-38.96126680018575,-24.029765282612733,1.0026221066617225,-38.85154014151935,-24.07092408491161,1.0,-0.07586628695202736,0.1349719016385792,0.0042732183229228045,0.19894483733965646,-0.24793637343613198,0.16390293019337474,-0.05433799179819901
6.93,-38.95828007374991,-24.02943432238189,1.0025856414784375,-38.84020844610018,-24.064125067660104,1.0,-0.0771982537514649,0.13664556473831596,0.0044216246386682995,0.2082664340462835,-0.2537423074861338,0.16306054328586173,-0.054966060245990656
6.94,-38.9551591836488,-24.029028092735555,1.002541405794527,-38.82879566732245,-24.05727740039347,1.0,-0.07850969798163068,0.1382197874661345,0.004568246681293062,0.21417374479347306,-0.2581750965612976,0.16570347918237732,-0.05704262594641685
6.95,-38.9519025381536,-24.028545282741593,1.0024896089154667,-38.81730380474724,-24.050382282848346,1.0,-0.07981863281739238,0.1396645781121843,0.004715423439591183,0.21550311875100797,-0.2609840479812132,0.17299900396901952,-0.060785624899887036
6.96,-38.948508628964554,-24.027984605568623,1.00243047245269,-38.80573488160015,-24.04344092896009,1.0,-0.08110218060912569,0.14102178887416497,0.0048598538678296995,0.21587310573436028,-0.2635643400508809,0.18127945526793976,-0.06481969618141623
6.97,-38.944976020129545,-24.027344807444898,1.002364230023645,-38.794090944087735,-24.036454566452644,1.0,-0.0823201144077182,0.14235426347318414,0.004995748398935261,0.21961533107476247,-0.26723400851114565,0.18614539130120367,-0.06786521465624629
6.98,-38.94130332153259,-24.026624680010872,1.0022911250895046,-38.78237406071387,-24.02942443642832,1.0,-0.08346234010026363,0.1436839037595603,0.005121507578290328,0.22728156417332596,-0.2723079039635541,0.18702048086692713,-0.06960280723303996
6.99,-38.937489180959965,-24.025823067442428,1.002211410087034,-38.77058632159613,-24.022351792957675,1.0,-0.08455347108759123,0.14496864389384784,0.005240481080952719,0.23532090739662637,-0.27752868209326687,0.18747629561532755,-0.07124047624131699
7.0,-38.933532298518614,-24.024938859287765,1.0021253465247402,-38.758729837782155,-24.01523790266929,1.0,-0.0856243888945238,0.14614924862168463,0.005356982480745405,0.24001364382161705,-0.2814596495394168,0.19125806672474382,-0.07416105350869145
7.01,-38.92943144681795,-24.02397097616461,1.0020332047375902,-38.746806740566065,-24.00808404433964,1.0,-0.08668341932276817,0.14721649466203116,0.005472110163727602,0.24140188334545695,-0.2843467554869533,0.19831625121303365,-0.07809795952659393
7.0200000000000005,-38.92518548025245,-24.022918367926117,1.0019352643195438,-38.734819180804806,-24.000891508482884,1.0,-0.0877055341008883,0.1482112228771995,0.005582094520132937,0.24283846247183338,-0.28730233354389423,0.20524620293601412,-0.08196271958298776
7.03,-38.92079332188312,-24.021780022159152,1.0018318133152366,-38.72276932823454,-23.993661596940726,1.0,-0.08866069500067489,0.14917745548538838,0.005682405009773127,0.24724984207883516,-0.2911138606607242,0.2090670200247392,-0.08499458682546251
7.04,-38.91625394478913,-24.020554974063334,1.001723146437806,-38.71065937078703,-23.986395622472216,1.0,-0.08954807808991341,0.15011980204463432,0.00577282074845357,0.2541921713536812,-0.29572502476154205,0.210211189225996,-0.08723408957155229
7.05,-38.91156636986977,-24.019242310304225,1.0016095644857412,-38.698491513906,-23.979094908343598,1.0,-0.09039086345062994,0.15099945758248265,0.005856707367399371,0.26060224608589266,-0.30009792348424763,0.21176243474230633,-0.08967204650199784
7.0600000000000005,-38.906729678495445,-24.017841161131212,1.001491374061241,-38.686267979863544,-23.97176078791813,1.0,-0.09121141222068928,0.15177954839635355,0.00593733569038058,0.26421101276458786,-0.30352279697011986,0.21600601638110395,-0.0929760146595599
7.07,-38.901743026263496,-24.01635068992423,1.0013688872926028,-38.673991007076495,-23.964394604245896,1.0,-0.0920101647325007,0.15246450931728653,0.006014691735383461,0.26578805939703876,-0.3064403959415504,0.2221562462952032,-0.09669586139214831
7.08,-38.89660564665704,-24.014770093918308,1.001242422021112,-38.66166284942278,-23.956997709653667,1.0,-0.0927638397656166,0.1530865626197205,0.006085176961867915,0.26796272488646156,-0.30950918492398827,0.22753605959380074,-0.1001957523389913
7.09,-38.89131684039901,-24.013098611602384,1.0011123008666187,-38.64928577555783,-23.949571465334696,1.0,-0.09345296078346764,0.15367013503359025,0.006145779810368007,0.27231146370978776,-0.3130161447102791,0.23053064240717186,-0.10320250189093472
7.1000000000000005,-38.885875964008115,-24.011335530027555,1.0009788499132042,-38.63686206823095,-23.942117240938565,1.0,-0.09408270966240001,0.15420917663223624,0.006197260702791856,0.27788516462408064,-0.3167457889678063,0.23208752869867394,-0.10590933460074048
7.11,-38.88028243082262,-24.00948018599056,1.0008423981648384,-38.62439402360168,-23.93463641416101,1.0,-0.09467235162519688,0.15467641645332286,0.0062425412662139215,0.2825375189158867,-0.3201410306045634,0.2343698440502166,-0.10883342468394491
7.12,-38.874535719199926,-24.007531958220333,1.000703276911903,-38.61188395055622,-23.92713037033373,1.0,-0.09523578090737837,0.1550564433776893,0.006283719164875536,0.2852911013042919,-0.3231111566444914,0.23836177739474795,-0.11203640537280929
7.13,-38.86863538055909,-24.005490261450774,1.0005618194921455,-38.59933417002375,-23.91960050201425,1.0,-0.09576823448128198,0.15535874542659364,0.00632002077918153,0.28710384748165035,-0.32598061948051604,0.24308487933727263,-0.11519274941214708
7.140000000000001,-38.862581039437494,-24.003354548063083,1.000418361186742,-38.58674701429287,-23.91204820857572,1.0,-0.09625131948357393,0.15560097380265103,0.006348585278957661,0.28955388306482444,-0.32884319008547575,0.24692319724685924,-0.11822557038277204
7.15,-38.85637238785885,-24.001124313921824,1.000273238444457,-38.57412482632791,-23.904474895796746,1.0,-0.09667515018059596,0.1557898565061788,0.006367895207790766,0.29310133444455355,-0.3315905271608896,0.24939418342518066,-0.12124542843743341
7.16,-38.85000918047669,-23.998799103101852,1.000126788043407,-38.561469959085386,-23.896881975451233,1.0,-0.09704721212449871,0.15591756973572649,0.00637913667683359,0.2968711013240073,-0.33413213861195445,0.2513763293385808,-0.1243200450457927
7.17,-38.84349123512498,-23.99637850712508,0.9999793463341472,-38.54878477483032,-23.88927086489819,1.0,-0.09738114706635399,0.15597484770753095,0.006384443612511099,0.2999015106200612,-0.3365705982267573,0.2538421179161301,-0.12731754778412008
7.18,-38.83681843559128,-23.993862159177862,0.9998312484479566,-38.53607164445264,-23.881642986671586,1.0,-0.09768346298863392,0.15596235415926873,0.006384832682107059,0.30211322587071865,-0.33916544257283965,0.25687003568633804,-0.12996171995032368
7.19,-38.82999073397795,-23.991249731009457,0.9996828279653384,-38.523332946783576,-23.873999768070146,1.0,-0.09794766646426577,0.15588533745355998,0.0063793073221010905,0.30409537467458997,-0.3418415698106621,0.25985172374954996,-0.132330283057346
7.2,-38.82300815208105,-23.988540935086625,0.9995344166962846,-38.51057106791201,-23.866342640747206,1.0,-0.09816231629905128,0.15574357906984226,0.006366129714494598,0.30624675652512057,-0.3441159082619619,0.26236421348672645,-0.13491473311592883
7.21,-38.81587078112855,-23.985735527933013,0.999386344354998,-38.497788400500866,-23.85867304030052,1.0,-0.09832461338939048,0.15553152941305506,0.006344930417936019,0.3083492482718849,-0.3456856457168303,0.26461592249906735,-0.13801267984575089
7.22,-38.80857878103643,-23.982833312564445,0.9992389379539218,-38.484987343103505,-23.8509924058621,1.0,-0.09844106949792014,0.1552492627009331,0.00631678872259437,0.31015052830958456,-0.3468939225844737,0.2668630690043541,-0.14126305809360007
7.23,-38.801132378095645,-23.979834137527778,0.9990925207543999,-38.472170299480084,-23.84330217968805,1.0,-0.09851903950413311,0.15490779728718773,0.006282903119674711,0.3118892771089392,-0.34851123670152323,0.26887124132995316,-0.14387809199750706
7.24,-38.79353186146282,-23.976737893422026,0.9989474114300955,-38.45933967791394,-23.835603806748363,1.0,-0.09855963297507614,0.1545154320015688,0.006243500390227847,0.3138445305159837,-0.3507930980523278,0.2703564179576942,-0.14559534369887778
7.25,-38.785777582529626,-23.97354451180376,0.9988039235589291,-38.44649789052798,-23.827898734316786,1.0,-0.09855809729754952,0.1540649983379497,0.006197915466118146,0.31577530778567964,-0.35306083267578897,0.271547158569806,-0.14709509011357463
7.26,-38.77786995892677,-23.970253965671333,0.9986623656754127,-38.43364735260104,-23.820188411560625,1.0,-0.09851055884140104,0.15353843371672513,0.006145641472209118,0.3169968605532943,-0.35434422211301714,0.2731185623219287,-0.14934735596631826
7.2700000000000005,-38.769809482588116,-23.966866271861694,0.9985230413750309,-38.420790481884296,-23.812474289130577,1.0,-0.09841783776921594,0.15292609965260132,0.006086906716364969,0.31718138009469254,-0.3544221516888771,0.27539636420974595,-0.15256633949583337
7.28,-38.76159671839578,-23.9633814912373,0.9983862486786383,-38.40792969791761,-23.804757818750566,1.0,-0.09828303347015559,0.15224471918084523,0.00602228888544434,0.31712861376343354,-0.35433905534174487,0.27758209167574716,-0.1556982581536615
7.29,-38.75323229602457,-23.959799728218425,0.9982522788287612,-38.39506742134593,-23.797040452807554,1.0,-0.0981074429999884,0.15152293182213467,0.005952087760876293,0.3180246165194928,-0.35534312043246624,0.2784884846784575,-0.15748915165202998
7.3,-38.74471690161269,-23.956121130280017,0.9981214153365537,-38.38220607323564,-23.789323643941387,1.0,-0.09788957915796609,0.15076641754700185,0.005876186134217289,0.3198975108290377,-0.35731253643976374,0.2780829289218932,-0.15805954787040405
7.3100000000000005,-38.73605127629378,-23.952345886749743,0.9979939334841021,-38.36934807439101,-23.781608844634604,1.0,-0.09762942911562165,0.14995019764621223,0.00579470039116246,0.32140212530643486,-0.35889211245241365,0.27770914380477857,-0.15876152228353507
7.32,-38.72723622801253,-23.948474228643967,0.9978701007925996,-38.356495844670484,-23.77389750680229,1.0,-0.09732939680858682,0.14904189193622058,0.0057081140926112045,0.3210942579403591,-0.3588014490358221,0.27881368625763536,-0.16086953839561186
7.33,-38.718272642934025,-23.94450642832892,0.9977501775862238,-38.343651802303114,-23.76619108138187,1.0,-0.09699034313644835,0.1480381036048466,0.005616681728403149,0.3191587022473959,-0.35724210945340235,0.28121209987084667,-0.16417889663756768
7.34,-38.709161481161324,-23.940442799367553,0.9976344160227024,-38.33081836320495,-23.758491017922967,1.0,-0.0966105627306359,0.14697744694559875,0.0055202847356916355,0.31763385758782214,-0.35607914056388074,0.28286336349043556,-0.16682530829869419
7.3500000000000005,-38.69990376222267,-23.936283697956565,0.9975230588808315,-38.317997940295356,-23.750798764177215,1.0,-0.09618650797872591,0.14589888333841441,0.005418547848261811,0.3181691359759752,-0.35668575316253726,0.2821139467632088,-0.16743894411395005
7.36,-38.690500552718035,-23.932029523930545,0.9974163384828957,-38.30519294281348,-23.743115765688085,1.0,-0.09571745849893826,0.14479581148621673,0.005311524637075457,0.3199903698959994,-0.3582735542736146,0.2797389284534365,-0.16680782081536527
7.37,-38.680952975626425,-23.92768072170856,0.9973144775575845,-38.29240577563454,-23.735443465380722,1.0,-0.09520990073606805,0.14362303750364333,0.005200310677105413,0.32058965218344276,-0.3588431676742042,0.2782572087730826,-0.16692211149360003
7.38,-38.67126220236728,-23.923237767120202,0.9972176856620215,-38.27963883858628,-23.727783303151767,1.0,-0.09466963376060601,0.14234174703821456,0.005085879223495222,0.3183135573740702,-0.35709856423384845,0.27933156786448143,-0.16907109285746913
7.390000000000001,-38.66142950576227,-23.918701182343632,0.99712616695399,-38.26689452576529,-23.720136715459173,1.0,-0.09409471551208895,0.1409643982992447,0.0049680928674486835,0.3143707051376627,-0.3539699151766269,0.28175242123074573,-0.17232890710969173
7.4,-38.65145622274012,-23.914071525267108,0.9970401140766614,-38.25417522485344,-23.712505134912064,1.0,-0.09347825684148058,0.13955190789080524,0.004846140592573379,0.31194562920217783,-0.3520629853133712,0.28232913016845895,-0.17410014638562998
7.41,-38.64134374044873,-23.9093493960559,0.9969597082525403,-38.24148331643421,-23.704889989860526,1.0,-0.09281395242324608,0.1381432994645404,0.004719330901550956,0.31253941423692755,-0.35245264398517345,0.2795570896874356,-0.17331882246934466
7.42,-38.63109348243581,-23.904535438248057,0.9968851180996194,-38.2288211733091,-23.69729270398546,1.0,-0.09210514588625206,0.1367122591877019,0.004588327632112072,0.31417748515218336,-0.3535251226820533,0.27542101822434356,-0.17159521470326117
7.43,-38.62070691817905,-23.899630335450297,0.9968164998339,-38.216191159814,-23.6897146958884,1.0,-0.09136473266875424,0.1351955536473759,0.004455071173579471,0.3134053381063939,-0.35280213434099655,0.2733970298886415,-0.17139379912901864
7.44,-38.61018559001481,-23.89463480791442,0.9967539990696372,-38.20359563113557,-23.682157378681342,1.0,-0.090598620007458,0.13355617497729635,0.004320500691446639,0.3089189679313239,-0.3492492766093397,0.2748003092923361,-0.17374626023744016
7.45,-38.5995311222021,-23.88954960983222,0.9966977509921082,-38.19103693262762,-23.674622159576572,1.0,-0.08980002046880753,0.13183110275057713,0.004183853660044894,0.30333995299403227,-0.3447925762246438,0.27700499890201485,-0.17673990990364208
7.46,-38.58874520264053,-23.884375531557154,0.9966478791355238,-38.17851739912748,-23.667110439476488,1.0,-0.08895742009558084,0.13009876609271145,0.004043797158789603,0.3006385846766194,-0.3425003065049447,0.2760329358666048,-0.1773242484909262
7.47,-38.57782955728842,-23.879113405524965,0.9966044942215759,-38.16603935427239,-23.659623612563436,1.0,-0.08806452794174155,0.12838743696286797,0.0038997409304495803,0.3015531120517643,-0.3427624654156034,0.27114665891393797,-0.17511944480989777
7.48,-38.566785938211616,-23.87376410611414,0.9965676929762264,-38.15360510981589,-23.652163065889535,1.0,-0.0871313529794088,0.12664695844952062,0.0037532021488903143,0.30272204160944427,-0.34312340626421234,0.2657287053617202,-0.1725723021653086
7.49,-38.555616143114555,-23.868328544632902,0.9965375591615222,-38.14121696494418,-23.644730178966505,1.0,-0.08617535105604679,0.12480131672793017,0.003606568526207395,0.30016261995363025,-0.3408555026153897,0.2637896799972674,-0.17239572295379985
7.5,-38.54432204654382,-23.86280766469952,0.9965141655356867,-38.12887720559249,-23.637326323355495,1.0,-0.08519919067663127,0.12282638158969493,0.003460299727316143,0.29353842218049725,-0.33555544572022383,0.26567468112150977,-0.17499790743510418
7.51,-38.532905601268794,-23.85720243934735,0.9964975736931343,-38.116588103761494,-23.629952862256896,1.0,-0.08419058410121703,0.12078675396216218,0.0033130311800393026,0.28693838347254585,-0.330183379106864,0.2672874072410244,-0.17744013489547744
7.5200000000000005,-38.52136881358529,-23.85151387647324,0.9964878328614145,-38.104351916833664,-23.6226111501002,1.0,-0.08313469968289172,0.11876961666196106,0.0031631813454356056,0.284574330989129,-0.32785778901560014,0.2644087761357906,-0.17662595170122136
7.53,-38.50971371365103,-23.845743025381893,0.996484978760527,-38.09217088688966,-23.615302532133796,1.0,-0.08202834893699085,0.11678307560346017,0.0030106333613083426,0.2859137785804372,-0.32801252184059393,0.25757932963754027,-0.17312919806700144
7.54,-38.49794234944574,-23.839890974466417,0.9964890327099303,-38.080047240024705,-23.608028344014823,1.0,-0.08088938084061596,0.1147530625182477,0.002857715363435326,0.2862787214365928,-0.3274699552243038,0.25150781639626973,-0.17011359574535867
7.55,-38.486056817010706,-23.833958844764037,0.996500003461343,-38.06798318566494,-23.600789911398966,1.0,-0.07973677245795723,0.11259859697685538,0.002706759930950085,0.28169986666751634,-0.32353105484906136,0.250192341387867,-0.17026683527615089
7.5600000000000005,-38.47405929165757,-23.82794778430058,0.9965178889285383,-38.05598091588387,-23.593588549530324,1.0,-0.07856754941406939,0.11031747814710913,0.002557534353135278,0.27326333880049053,-0.3167135681358803,0.25255078854260044,-0.17308485429901832
7.57,-38.4619520203827,-23.821858966622525,0.9965426757103195,-38.04404260471867,-23.586425562831202,1.0,-0.0773640211224386,0.10800167363084029,0.0024082330423876516,0.2663823279733017,-0.3109156111963049,0.25316086067653626,-0.1746967023988945
7.58,-38.449737289676285,-23.815693599250963,0.9965743381794029,-38.0321704074866,-23.579302244491963,1.0,-0.07611012184722357,0.10573541836648918,0.0022573554089201668,0.2648486279023737,-0.3088246547186091,0.24822672623411646,-0.17243756341249084
7.59,-38.43741739578792,-23.809452929546268,0.9966128372285722,-38.0203664601014,-23.572219876060842,1.0,-0.07480864746537402,0.10350076829450014,0.00210548168859615,0.26656127760567333,-0.3088260724200359,0.23986598366946135,-0.16792488522680069
7.6000000000000005,-38.424994647478215,-23.803138239912958,0.9966581199644237,-38.00863287838962,-23.565179727033772,1.0,-0.07348482471389235,0.10120289834648873,0.001955456137630245,0.2657977452978712,-0.3072134265595738,0.2338379945438051,-0.1648485931614651
7.61,-38.412471405846404,-23.796750840149265,0.99671012206541,-37.99697175740705,-23.558183054444232,1.0,-0.07215568696005543,0.09876508163121721,0.0018091160988854213,0.25918433676784314,-0.30161886375656805,0.2335416384859405,-0.16557196920204326
7.62,-38.399850111159,-23.79029206121018,0.996768769006947,-37.985385170755066,-23.551231102453038,1.0,-0.07081130415666216,0.096213934323944,0.001665554104766722,0.24950538200772285,-0.29368802954095574,0.23619188505057565,-0.16847072979745592
7.63,-38.38713326525194,-23.783763256454495,0.9968339755234771,-37.97387516989703,-23.544325101938213,1.0,-0.06942954199605396,0.09366308016155307,0.001522791064558096,0.24308516922481185,-0.2879506329842872,0.23545568077419538,-0.16904479992929394
7.640000000000001,-38.3743233936904,-23.777165812562554,0.9969056449567659,-37.96244378347464,-23.537466270084785,1.0,-0.06799546092948253,0.09118300054446615,0.0013796842249630152,0.24271450099627964,-0.28627177169062024,0.22854328437492152,-0.16544926607805902
7.65,-38.36142301873267,-23.77050115341114,0.9969836679567543,-37.95109301662436,-23.53065580997462,1.0,-0.06652010498362364,0.08872679447236222,0.001237533237277871,0.244610598760764,-0.28602163062106933,0.21926198810075836,-0.16031135088317727
7.66,-38.34843467370604,-23.763770732706295,0.9970679229956403,-37.93982485029376,-23.523894910176256,1.0,-0.06503408068905922,0.08618510694460563,0.0010992516575043694,0.242461532795062,-0.28322589460734504,0.2139616672122779,-0.15758987752043044
7.67,-38.335360949114126,-23.756976025559002,0.9971582787393682,-37.92864124055789,-23.51718474433473,1.0,-0.0635493511273906,0.08349469640268117,0.0009659300917119223,0.23401134289976364,-0.2761360986196592,0.21491713528135992,-0.15903691132307868
7.68,-38.32220451135508,-23.750118522437344,0.9972545947093612,-37.91754411793568,-23.51052647076141,1.0,-0.06204882890593544,0.08071419797781433,0.0008361876133026616,0.22378451688742806,-0.2675887415060488,0.21760005104921398,-0.16184216405488983
7.69,-38.308968075492835,-23.743199733926268,0.9973567210001266,-37.906535386706324,-23.503921232023792,1.0,-0.06050737501331582,0.07796954316162695,0.0007081525769407197,0.2184560430112773,-0.26231837641587163,0.2153289910380879,-0.1612998940727688
7.7,-38.29565436429934,-23.736221203094416,0.9974644976958894,-37.895616924225635,-23.497370154535382,1.0,-0.058913764085380044,0.07530891887341357,0.0005812220744545695,0.21937277001005348,-0.2611208072617107,0.20676411043073117,-0.15662986102307974
7.71,-38.28226608659387,-23.72918450623557,0.9975777538199603,-37.88479058024245,-23.49087434814547,1.0,-0.05728827311620388,0.07265758511890359,0.00045720422173508646,0.22119347755309224,-0.26051433952431413,0.1972761159196899,-0.1513072920532475
7.72,-38.26880596403463,-23.72209124361493,0.9976963084862316,-37.87405817621499,-23.484434905728993,1.0,-0.05566386559852465,0.06989904000803795,0.00033863525479965555,0.21752650920610464,-0.2565062692032082,0.19329093576862882,-0.14931382226209172
7.73,-38.2552767794982,-23.71494303039704,0.9978199728807605,-37.86342150462724,-23.478052902776344,1.0,-0.054045175737357544,0.06699164419197919,0.0002258392443714867,0.20763482449170562,-0.24821718089476152,0.19555765993605528,-0.1515397958941781
7.74,-38.24168138514208,-23.707741491818425,0.9979485505489485,-37.85288232830535,-23.47172939698321,1.0,-0.052408647565011554,0.06402511847234663,0.00011726184475596272,0.1975992423310597,-0.2395788576499077,0.19799080237050928,-0.15408085241735656
7.75,-38.22802266721372,-23.700488271801348,0.9980818374915867,-37.84244237973399,-23.465465427840396,1.0,-0.050727914198348475,0.06112725602812163,1.138028121646096e-05,0.193858820458377,-0.23509487872269913,0.1941486864372342,-0.1524586047278732
7.76,-38.214303503949225,-23.693185045257685,0.9982196215796104,-37.83210336037274,-23.459262016223644,1.0,-0.04899782767335297,0.058318284846832345,-9.184148674818488e-05,0.1960431293666287,-0.2343863473520601,0.1844140289363847,-0.14706224355436204
7.7700000000000005,-38.200526752156385,-23.68583351535868,0.9983616819262292,-37.82186693997247,-23.453120163983485,1.0,-0.04724764009820537,0.05549917055463457,-0.00019045007378333818,0.19752851506716695,-0.23333723723001404,0.175440732653602,-0.14200031033823707
7.78,-38.18669528576369,-23.67843540286055,0.9985077903969964,-37.81173475589172,-23.447040853535032,1.0,-0.04550922835925359,0.052554509447962236,-0.00028260731693537984,0.1923706414565897,-0.22818661658972925,0.17320031990112414,-0.14102918018371516
7.79,-38.172812041952184,-23.67099243678867,0.9986577128968492,-37.80170841241306,-23.441025047447837,1.0,-0.043778776899934056,0.04947010387020299,-0.0003685717896410215,0.18158003349784707,-0.21909743019774375,0.1766889431729487,-0.14400149454525685
7.8,-38.15888001774995,-23.66350635179986,0.9988112096142483,-37.791789480059506,-23.435073688035704,1.0,-0.04202750210860144,0.04636235633600655,-0.0004497588280207393,0.17244303673682457,-0.21087089127031858,0.17861711065898758,-0.14614110266798083
7.8100000000000005,-38.14490222874942,-23.65597890039238,0.9989680354685252,-37.78197949491088,-23.429187696946524,1.0,-0.040229778560149504,0.043350626148654946,-0.0005271846299235135,0.17061530975518038,-0.20738797501906048,0.17333100721102812,-0.143586725199067
7.82,-38.130881668116864,-23.64841186363985,0.9991279395372319,-37.77227995792016,-23.423367974752097,1.0,-0.03838840466021203,0.040424772945227734,-0.0006004575317107409,0.17392459410863073,-0.20713109743639757,0.16301830193599431,-0.13786189801683435
7.83,-38.11682130364841,-23.640807045097255,0.9992906649588766,-37.762692334229925,-23.417615400537954,1.0,-0.03653997654448582,0.03746716755226622,-0.0006679044080725787,0.17486686396034204,-0.205592246934316,0.1552094445733383,-0.13346946341967425
7.84,-38.10272412559529,-23.633166259380115,0.99945595032333,-37.75321805248868,-23.411930831493205,1.0,-0.0347122088898427,0.03437114495264901,-0.0007284978010721535,0.16839801147181527,-0.1994615380671177,0.15496734270298745,-0.13372138707034326
7.8500000000000005,-38.08859318696007,-23.625491322885534,0.9996235302772591,-37.743858504167235,-23.406315102500344,1.0,-0.032892738625972924,0.031153228740149575,-0.0007827714412894918,0.15733350331613266,-0.19002955357167745,0.1594803848137794,-0.13734367235873085
7.86,-38.074431588962796,-23.617784054237152,0.9997931360177779,-37.73461504287514,-23.400769025725086,1.0,-0.03104913451881573,0.027949346984969523,-0.0008317360833899003,0.14970104950788735,-0.18264491793541535,0.1607210552083194,-0.13900746465962135
7.87,-38.06024243569693,-23.6100462892452,0.9999644959676323,-37.72548898367701,-23.395293390206206,1.0,-0.02915853770042603,0.024861695782218522,-0.0008758576088516868,0.1499316228434831,-0.18027582289411817,0.1542642915060445,-0.13575807495460676
7.88,-38.04602879664223,-23.60227988879541,1.0001373353340643,-37.7164816024089,-23.38988896144534,1.0,-0.027232669139683124,0.021850505144928013,-0.0009145989419944131,0.15414654737570793,-0.18040789461506468,0.14400394863371424,-0.1301137429113844
7.890000000000001,-38.03179371504603,-23.594486730101522,1.0003113764272331,-37.707594134994736,-23.384556480996842,1.0,-0.02531304327859852,0.018785948174559232,-0.0009469290192952285,0.15440201466972484,-0.17836798439094023,0.13790267343551252,-0.12674743903162858
7.9,-38.017540262039574,-23.586668694840334,1.0004863395490644,-37.69882777676264,-23.379296666057584,1.0,-0.023420740627901986,0.01557696741943915,-0.0009725424900118141,0.14692058416416368,-0.17148948879109857,0.13974900101030638,-0.1283328165626181
7.91,-38.00327156816783,-23.578827660451996,1.0006619431093549,-37.690183681761354,-23.37411020905681,1.0,-0.021535624190428114,0.012271345648991214,-0.0009919012553708483,0.13621764733903766,-0.16218009777255726,0.14503143303133964,-0.13247596845112125
7.92,-37.98899079908359,-23.570965504211685,1.0008379045505547,-37.68166296207657,-23.368997777245944,1.0,-0.01962334176801475,0.009015914837163366,-0.0010054326654938153,0.13055439723561726,-0.15597257449466442,0.14549330691967408,-0.13365666883474556
7.930000000000001,-37.97470110806921,-23.56308411968869,1.001013941122837,-37.673266687147375,-23.363960012288427,1.0,-0.01766560432802993,0.005889410352347563,-0.001013135404006199,0.1328401816823677,-0.15475200502609174,0.13823376662337003,-0.12999770917461853
7.94,-37.96040560400593,-23.555185421159454,1.0011897696830612,-37.66499588308256,-23.358997529849535,1.0,-0.015683280234049437,0.002824849476180979,-0.0010146816915988335,0.13768622798879018,-0.15518996693317544,0.12865270116155653,-0.12483219948303215
7.95,-37.94610737160757,-23.547271332774372,1.001365107212989,-37.65685153197705,-23.354110919186226,1.0,-0.013719772844910532,-0.000312654140142347,-0.0010099057946991255,0.13718209894216674,-0.15266995681140555,0.12466954622329997,-0.1227828364671917
7.96,-37.931809527910474,-23.539343776641438,1.0015396709332394,-37.64883457122824,-23.349300742736947,1.0,-0.011787985059111777,-0.003593008132234198,-0.0009989738919152357,0.12906446383043624,-0.14532389361795192,0.12855325442377272,-0.12572671304467029
7.97,-37.917515243278565,-23.531404665318256,1.0017131782603141,-37.64094589285245,-23.34456753571147,1.0,-0.009861347743111313,-0.006939199128210993,-0.000981966807782362,0.11931258837256231,-0.13657354479517214,0.13433094753195635,-0.13024982566489146
7.98,-37.903227709189046,-23.523455909623472,1.0018853481926662,-37.6331863428012,-23.33991180568072,1.0,-0.007905345816677989,-0.0102025296152607,-0.0009586551357859,0.11592054005673198,-0.1317746180906297,0.1340174822844614,-0.13100096214052068
7.99,-37.88895009039463,-23.515499435217667,1.0020559021007633,-37.62555672027768,-23.33533403216661,1.0,-0.0059077476060298345,-0.013331557075290225,-0.0009287653010552129,0.12012096083068974,-0.131670318502256,0.12638891065425736,-0.12724082206733614
8.0,-37.874685500077696,-23.50753718335048,1.002224563855321,-37.618057777053075,-23.330834666231844,1.0,-0.003897837381349403,-0.01641635015466917,-0.0008925384607899005,0.125314744229571,-0.13233057395245013,0.11804773673575787,-0.12290791758493112
