time,x,y,z,x_ref,y_ref,z_ref,roll,pitch,yaw,u1,u2,u3,u4,z_ref_rate,yaw_ref
0.0,-41.0,-26.0,1.28,-41.0,-26.0,1.28,-0.0,-0.0,-0.0,0.0,0.0,0.0,0.0,0.0,0.0
0.05,-41.0,-26.0,1.279717590227098,-41.0,-26.0,1.2800451466049383,3.8677184939693145e-15,-7.253084510560605e-15,7.833270148276757e-14,0.017135522523250832,-0.01713552252233654,0.01713552252352363,-0.017135522523109816,0.002685956790123456,0.0
0.1,-41.0,-26.0,1.279052937539187,-41.0,-26.0,1.2803520987654322,4.603253992773114e-14,6.051566864326835e-14,1.4727542181904683e-13,0.0600110310084779,-0.0600110310048096,0.060011031001449076,-0.060011031002961825,0.010382716049382715,0.0
0.15000000000000002,-41.0,-26.0,1.278131561385494,-41.0,-26.0,1.281158125,8.156181971580513e-14,1.0373724354382603e-13,2.1738319907209753e-13,0.12542722125847702,-0.12542722125387198,0.1254272212518399,-0.1254272212532447,0.022562500000000006,0.0
0.2,-41.0,-26.0,1.2771688403227741,-41.0,-26.0,1.2826745679012346,7.367690689538655e-14,7.01397769922001e-14,3.637384263257305e-13,0.20675867830840386,-0.20675867830437536,0.20675867830662767,-0.20675867830537561,0.03871604938271604,0.0
0.25,-41.0,-26.0,1.276444048113844,-41.0,-26.0,1.2850877700617285,5.26729896284188e-14,-6.471673838424287e-15,4.821335054208462e-13,0.2963734782432158,-0.29637347823941984,0.2963734782468256,-0.2963734782437135,0.05835262345679011,0.0
0.30000000000000004,-41.0,-26.000000000000004,1.2762687307243896,-41.0,-26.0,1.28856,1.7866024039038454e-14,-3.216553655019836e-14,6.515905790022038e-13,0.3871744846272759,-0.3871744846226601,0.3871744846293534,-0.3871744846245981,0.081,0.0
0.35000000000000003,-41.0,-26.000000000000014,1.2769611517110966,-41.0,-26.0,1.2932303780864198,2.8397084197051596e-14,-8.092593070621711e-15,7.645206465499449e-13,0.47330144738857577,-0.47330144738095115,0.4733014473863243,-0.473301447383251,0.10620447530864198,0.0
0.4,-40.99999999999999,-26.00000000000002,1.2788253967582446,-41.0,-26.0,1.2992158024691358,-8.21457057557871e-14,2.197393219868304e-13,1.5178646539401327e-12,0.5504153632391681,-0.5504153632328531,0.5504153632281922,-0.5504153632114136,0.13353086419753082,0.0
0.45,-40.999999999999986,-26.00000000000003,1.2821347982244056,-41.0,-26.0,1.306611875,-1.63734696732605e-13,2.6502941918731576e-13,2.395611451355252e-12,0.6157521336543809,-0.6157521336434529,0.6157521336529833,-0.6157521336289348,0.16256249999999997,0.0
0.5,-40.999999999999964,-26.00000000000003,1.2871234058729983,-41.0,-26.0,1.315493827160494,-2.102869147616555e-13,-3.4533126643251536e-13,2.1267135178639003e-12,0.6678415575858548,-0.6678415575790682,0.6678415576250583,-0.6678415576036525,0.19290123456790118,0.0
0.55,-40.99999999999996,-26.00000000000003,1.2939865355503557,-41.0,-26.0,1.3259174459876544,-2.4332835763796797e-13,-8.169927573290719e-13,1.1623008932208768e-12,0.7060985910190072,-0.7060985910186165,0.7060985910643319,-0.7060985910509209,0.22416743827160493,0.0
0.6000000000000001,-40.99999999999996,-26.00000000000003,1.3028489413776905,-41.0,-26.0,1.33792,-1.007363387111675e-13,-6.857819855830775e-13,2.3396141916197205e-13,0.7317130992069814,-0.7317130992024854,0.731713099213283,-0.7317130992161558,0.256,0.0
0.65,-40.99999999999996,-26.00000000000003,1.3138099930627238,-41.0,-26.0,1.3515211651234569,1.4507459105373576e-13,-2.910333997576163e-13,-7.724516214968733e-13,0.7454003113818878,-0.7454003113759888,0.7454003113582155,-0.7454003113763816,0.2880563271604938,0.0
0.7000000000000001,-40.99999999999996,-26.00000000000003,1.3269176563732585,-41.0,-26.0,1.366723950617284,2.2210215934603585e-13,1.974587989591347e-13,-1.8756942211727303e-12,0.7486233516103524,-0.7486233516144516,0.7486233515714971,-0.7486233515947915,0.3200123456790124,0.0
0.75,-40.99999999999996,-26.00000000000003,1.3421850585553274,-41.0,-26.0,1.383515625,-5.041534290349207e-13,-3.095690850463615e-13,-2.5712192764540135e-12,0.7427905929295735,-0.7427905929836154,0.7427905929750205,-0.7427905929569618,0.35156249999999994,0.0
0.8,-40.99999999999996,-26.00000000000003,1.359591693493134,-41.0,-26.0,1.4018686419753086,-1.119982720690783e-12,6.210375431145704e-13,-2.9378975713529825e-12,0.7292950343221656,-0.7292950343910949,0.7292950343235072,-0.7292950342954145,0.3824197530864196,0.0
0.8500000000000001,-40.99999999999996,-26.000000000000007,1.3790920044189239,-41.0,-26.0,1.4217415663580248,-1.0694022522077749e-12,9.103206281687812e-13,-3.285323638608031e-12,0.7093286526711681,-0.7093286527230342,0.7093286526652143,-0.7093286526593621,0.4123155864197531,0.0
0.9,-40.99999999999996,-25.999999999999936,1.4006084221370696,-41.0,-26.0,1.4430800000000001,-6.341100108436736e-13,7.432300081571776e-13,-3.577943890379256e-12,0.6842138625910826,-0.6842138626232611,0.6842138625890665,-0.6842138626071078,0.4409999999999999,0.0
0.9500000000000001,-40.99999999999996,-25.99999999999983,1.4240538823359348,-41.0,-26.0,1.4658175077160494,-2.3065719933994667e-13,4.568333334421546e-13,-3.539125133182846e-12,0.654664356960116,-0.654664356981834,0.6546643569607462,-0.6546643569882862,0.46824151234567896,0.0
1.0,-40.99999999999996,-25.99999999999971,1.4493193316124604,-41.0,-26.0,1.4898765432098764,1.2810895429067386e-13,1.5636588111981434e-13,-3.420073720619433e-12,0.6215255185844616,-0.621525518599659,0.6215255185872842,-0.6215255186198826,0.4938271604938271,0.0
1.05,-40.99999999999996,-25.99999999999959,1.4762897170784193,-41.0,-26.0,1.5151693750000002,1.7668889587214092e-13,8.1043583258673e-14,-3.2476934491397885e-12,0.5851823241267791,-0.5851823241499694,0.5851823241310579,-0.5851823241534364,0.5175624999999999,0.0
1.1,-40.99999999999996,-25.999999999999485,1.5048351611141726,-41.0,-26.0,1.541599012345679,8.265667089479828e-14,3.0938928329793324e-13,-3.212403040374117e-12,0.5460565117320361,-0.5460565117656995,0.5460565117235208,-0.5460565117355383,0.5392716049382715,0.0
1.1500000000000001,-40.99999999999996,-25.999999999999375,1.5348101389739255,-41.0,-26.0,1.5690601311728396,-5.91815145928899e-14,8.729965913457673e-13,-3.18305556869021e-12,0.5047649575505665,-0.504764957588054,0.504764957523349,-0.5047649575310527,0.5587970679012344,0.0
1.2000000000000002,-40.99999999999995,-25.999999999999268,1.566067736484438,-41.0,-26.0,1.5974400000000002,-3.1336532548382966e-13,1.2058707455373434e-12,-3.002065859739341e-12,0.46151680612597934,-0.4615168061729447,0.4615168061100496,-0.46151680610543705,0.576,0.0
1.25,-40.9999999999999,-25.999999999999165,1.598459324430668,-41.0,-26.0,1.6266194058641976,-2.6377405348725716e-13,9.092152612035286e-13,-2.705958687627715e-12,0.416332788858749,-0.41633278889242803,0.41633278886172914,-0.41633278886605835,0.5907600308641974,0.0
1.3,-40.999999999999794,-25.999999999999044,1.631822584499117,-41.0,-26.0,1.6564735802469135,4.542475522827926e-14,3.586193899472588e-13,-2.229564908684719e-12,0.3696052213189577,-0.3696052213343363,0.3696052213282038,-0.36960522134376256,0.6029753086419752,0.0
1.35,-40.99999999999967,-25.99999999999895,1.6659919833624142,-41.0,-26.0,1.686873125,4.2888045317996035e-13,-1.93011853822103e-13,-1.6926798162445379e-12,0.3216320034571207,-0.3216320034540878,0.32163200346390197,-0.32163200349041887,0.6125624999999999,0.0
1.4000000000000001,-40.99999999999954,-25.99999999999885,1.7007945796536097,-41.0,-26.0,1.717684938271605,7.1248725336337e-13,-5.334174026769764e-13,-1.13621693215466e-12,0.2727515307464308,-0.27275153073576286,0.27275153074562564,-0.2727515307720524,0.6194567901234567,0.0
1.4500000000000002,-40.999999999999446,-25.999999999998764,1.7360633854892737,-41.0,-26.0,1.7487731404320987,8.821628689458503e-13,-6.327949888239632e-13,-5.909846615336382e-13,0.22305792363422325,-0.2230579236216216,0.22305792362692808,-0.22305792364782875,0.6236118827160491,0.0
1.5,-40.99999999999936,-25.999999999998714,1.7716233700843305,-41.0,-26.0,1.7799999999999998,8.611906224118918e-13,-4.208836910126433e-13,-2.2517029242658471e-13,0.1729827997129561,-0.1729827997027309,0.17298279969366026,-0.1729827997073337,0.6249999999999999,0.0
1.55,-40.99999999999929,-25.99999999999868,1.8072877207362643,-41.0,-26.0,1.8112268595679013,7.48214772416797e-13,-2.177456368119261e-13,9.74149951579655e-14,0.1231684931317392,-0.12316849312634144,0.1231684931144383,-0.1231684931187405,0.6236118827160491,0.0
1.6,-40.99999999999923,-25.99999999999868,1.8428891480344396,-41.0,-26.0,1.842315061728395,6.051345042071617e-13,-1.0880355028052556e-13,3.094513792721983e-13,0.07316476324296298,-0.07316476323897023,0.0731647632289961,-0.07316476322911095,0.6194567901234569,0.0
1.6500000000000001,-40.99999999999922,-25.99999999999868,1.8782587057980042,-41.0,-26.0,1.873126875,3.4645997414894127e-13,-6.695547722652007e-14,8.412481706297404e-14,0.02341761943625126,-0.023417619446145743,0.023417619440718827,-0.023417619430787972,0.6125624999999999,0.0
1.7000000000000002,-40.99999999999922,-25.99999999999868,1.9132285171332195,-41.0,-26.0,1.9035264197530866,2.177482670496077e-14,-9.251469101087878e-14,-8.216135308314887e-14,-0.02590968717600712,0.025909687156134863,-0.025909687156057314,0.025909687174086878,0.602975308641975,0.0
1.75,-40.99999999999921,-25.99999999999868,1.9476259002443155,-41.0,-26.0,1.9333805941358024,5.187669049697859e-14,-2.490251611715315e-13,-3.5022699638975164e-13,-0.07418265548215006,0.07418265547406866,-0.07418265546726385,0.07418265546960573,0.5907600308641974,0.0
1.8,-40.99999999999921,-25.99999999999868,1.9812877265954119,-41.0,-26.0,1.9625599999999999,3.949860555534929e-13,-4.376554757099299e-13,-9.156453700552662e-13,-0.12118127522396824,0.12118127523074373,-0.12118127522257524,0.12118127520176708,0.576,0.0
1.85,-40.99999999999921,-25.99999999999868,2.014053915034566,-41.0,-26.0,1.9909398688271605,5.858481745355e-13,-5.041111010485693e-13,-1.3798580947913467e-12,-0.16653779723213327,0.16653779723712717,-0.16653779723651427,0.16653779721150982,0.5587970679012343,0.0
1.9000000000000001,-40.99999999999921,-25.99999999999868,2.0457693754191,-41.0,-26.0,2.018400987654321,6.188707517418064e-13,-3.621878712261409e-13,-1.835860362119387e-12,-0.20985124719381879,0.2098512471905428,-0.20985124720519213,0.20985124718208,0.5392716049382713,0.0
1.9500000000000002,-40.99999999999921,-25.99999999999869,2.076288418446014,-41.0,-26.0,2.044830625,4.743530544181124e-13,-1.7792004916168382e-13,-2.5129267147443147e-12,-0.25081749906604334,0.25081749904873035,-0.2508174990745962,0.25081749905552947,0.5175625,0.0
2.0,-40.99999999999921,-25.999999999998707,2.1054735490531225,-41.0,-26.0,2.070123456790123,4.638874833645098e-13,-1.9830514102938303e-14,-3.1112860223398056e-12,-0.2891368655702198,0.28913686555166374,-0.2891368655852139,0.2891368655593315,0.4938271604938274,0.0
2.0500000000000003,-40.99999999999921,-25.999999999998757,2.133191880017419,-41.0,-26.0,2.0941824922839505,4.142386939313966e-13,-4.393396747079634e-14,-3.280924740676047e-12,-0.32430916972903634,0.32430916971033025,-0.32430916973608265,0.3243091697089015,0.4682415123456784,0.0
2.1,-40.99999999999921,-25.999999999998824,2.159328540334851,-41.0,-26.0,2.1169199999999995,2.3069187326921456e-13,-2.641567860441594e-14,-3.45850212856282e-12,-0.35624562323279224,0.35624562320574193,-0.35624562323276654,0.3562456232113391,0.4409999999999993,0.0
2.15,-40.99999999999921,-25.999999999998927,2.1837784257778314,-41.0,-26.0,2.138258433641975,6.591126554804349e-14,-3.905233750206102e-14,-3.476349222460528e-12,-0.38468804770629306,0.38468804767884945,-0.38468804770554166,0.384688047684272,0.41231558641975263,0.0
2.2,-40.99999999999921,-25.99999999999903,2.2064422630797274,-41.0,-26.0,2.1581313580246917,-1.246229556584324e-13,5.6893622934503855e-15,-3.5917538043282348e-12,-0.4090716032869142,0.4090716032538652,-0.4090716032847144,0.40907160326692754,0.3824197530864196,0.0
2.25,-40.99999999999921,-25.99999999999911,2.2272377819534417,-41.0,-26.0,2.176484375,-2.25491024218173e-13,-3.3472749628478704e-14,-3.839898141279261e-12,-0.42908857386612476,0.429088573829623,-0.4290885738578147,0.42908857383953275,0.35156249999999994,0.0
2.3000000000000003,-40.99999999999921,-25.999999999999194,2.246104300317584,-41.0,-26.0,2.193276049382716,-2.629756330758795e-13,1.533543146685582e-14,-4.17202854715042e-12,-0.4447248915485286,0.44472489151240674,-0.44472489154776934,0.4447248915242668,0.32001234567901227,0.0
2.35,-40.99999999999921,-25.999999999999243,2.2629849660344887,-41.0,-26.0,2.208478834876543,-5.609186448674831e-13,6.193125187671615e-14,-4.530433319195777e-12,-0.45539918284879216,0.4553991827901645,-0.4553991828286767,0.4553991828226767,0.2880563271604941,0.0
2.4000000000000004,-40.99999999999921,-25.99999999999928,2.2778471207750686,-41.0,-26.0,2.22208,-9.441366516817266e-13,-1.9276796969783615e-13,-4.892369191373014e-12,-0.46094758526354934,0.460947585191213,-0.46094758521251583,0.46094758521507934,0.2559999999999991,0.0
2.45,-40.99999999999921,-25.999999999999286,2.2906709977246793,-41.0,-26.0,2.234082554012345,-5.000794963896613e-13,-6.395867713647011e-13,-5.287742116468199e-12,-0.46100406745109135,0.4610040674116756,-0.46100406741516026,0.4610040673791625,0.22416743827160404,0.0
2.5,-40.99999999999921,-25.99999999999929,2.301456292174096,-41.0,-26.0,2.2445061728395057,-1.0872555144868551e-13,-1.2929327833540106e-12,-5.733387672839167e-12,-0.45526522437116035,0.45526522434031164,-0.45526522433455646,0.4552652242836784,0.19290123456790093,0.0
2.5500000000000003,-40.99999999999921,-25.99999999999929,2.3102214571839834,-41.0,-26.0,2.2533881250000007,1.1309706141427456e-13,-1.022176258770159e-12,-6.341326583592133e-12,-0.44341803106204797,0.4434180310277679,-0.4434180310576957,0.4434180310014113,0.16256249999999933,0.0
2.6,-40.99999999999921,-25.99999999999929,2.3170077135862894,-41.0,-26.0,2.260784197530864,1.9777301075254846e-13,-1.228786155670734e-12,-6.950052957446217e-12,-0.42527412889930366,0.4252741288567608,-0.42527412888025135,0.4252741288236635,0.13353086419753038,0.0
2.6500000000000004,-40.999999999999226,-25.9999999999993,2.321872046539683,-41.0,-26.0,2.2667696219135802,2.043506478541321e-13,-1.1471823935801193e-12,-7.567138275812887e-12,-0.4004135623827394,0.40041356233267245,-0.4004135623701509,0.4004135623125471,0.10620447530864148,0.0
2.7,-40.99999999999926,-25.999999999999307,2.3249029196695843,-41.0,-26.0,2.2714399999999992,9.796886911816625e-14,-1.0494153031754956e-12,-8.174707863111704e-12,-0.3688179252331542,0.36881792517059037,-0.36881792521248863,0.3688179251588161,0.08100000000000018,0.0
2.75,-40.999999999999325,-25.999999999999307,2.326201589037214,-41.0,-26.0,2.274912229938272,-1.2642130837497555e-13,-7.851233176255665e-13,-8.443420592891446e-12,-0.3300295055298635,0.3300295054559458,-0.33002950550760646,0.3300295054622012,0.05835262345679077,0.0
2.8000000000000003,-40.999999999999424,-25.99999999999931,2.325896052697401,-41.0,-26.0,2.2773254320987655,-2.6263103592466543e-13,-5.31005350645218e-13,-8.617378350748563e-12,-0.28374504731747546,0.28374504724217864,-0.28374504730085326,0.28374504725434946,0.03871604938271592,0.0
2.85,-40.99999999999958,-25.999999999999314,2.3241496244935327,-41.0,-26.0,2.2788418749999995,-2.14138281685556e-13,-2.451452940874214e-13,-8.75516572900397e-12,-0.2300857856798394,0.2300857856116023,-0.23008578567223342,0.23008578561657395,0.022562500000000853,0.0
2.9000000000000004,-40.99999999999977,-25.999999999999314,2.3211395925409724,-41.0,-26.0,2.279647901234567,-1.9678324440551407e-14,2.632278600065776e-13,-9.032185971162615e-12,-0.1686426392234566,0.16864263916417957,-0.1686426392461666,0.1686426391771387,0.010382716049382127,0.0
2.95,-40.99999999999992,-25.99999999999932,2.317068795379412,-41.0,-26.0,2.279954853395061,3.250862452669375e-13,8.633044835897514e-13,-9.21621303606449e-12,-0.09910105775438094,0.09910105770688649,-0.09910105780785716,0.09910105772468084,0.0026859567901233042,0.0
3.0,-41.00000000000004,-25.99999999999935,2.312185417811697,-41.0,-26.0,2.28,-9.287722526993171e-13,3.815776084138814e-12,-9.135485515932941e-12,-0.02170205996010909,0.02170204512532983,-0.021702069927547325,0.021702084633047954,0.0,0.0
3.0500000000000003,-40.99999994169522,-25.99999996419001,2.3067581518111133,-40.99934651848116,-25.999607911088695,2.2798758385114204,-3.3192019015420894e-05,5.553243840858354e-05,8.884104204488547e-10,0.03577411147901335,0.012638807024052963,0.06740441209235891,-0.11581731420893028,-0.007325822226396677,0.0
3.1,-40.999995722017395,-25.9999974187706,2.301018144824359,-40.99502944021178,-25.997017664127068,2.2790555936402384,-0.0008253048025854078,0.0013183724949604157,5.536670413083964e-07,0.01673425701478312,0.19892226804330182,0.15430146692821134,-0.3699482246663426,-0.02736770554481536,0.0
3.1500000000000004,-40.99994756322125,-25.9999681107354,2.2950838020426834,-40.98406922936615,-25.990441537619688,2.276973153579568,-0.004403759596705162,0.007069379065371461,1.566872172536015e-05,-0.05488153237484447,0.442870651808391,0.18477491527832599,-0.5724974432859089,-0.0573710643702006,0.0
3.2,-40.99970701703646,-25.999820380022015,2.2888940324651688,-40.964185137648634,-25.978511082589183,2.2731951761532407,-0.012832202497954682,0.020729384547884686,0.0001310036539934633,-0.14181259657913145,0.6090976612785306,0.12908806153330102,-0.5942211914736577,-0.09477969905896405,0.0
3.25,-40.9989466158812,-25.999350115060473,2.2822042372135107,-40.933742997467,-25.960245798480198,2.2674111695187293,-0.02705822417348339,0.04368324565786718,0.0005738718833021882,-0.22966371790575493,0.6642599582938211,0.003495550937695574,-0.4289641164399034,-0.13723579590898585,0.0
3.3000000000000003,-40.997137867106666,-25.998226199778003,2.2746191039405175,-40.89170301510567,-25.935021809063404,2.259423572870077,-0.04666701897672419,0.07493233399700089,0.001685574256969635,-0.3245197459197542,0.6453903993498666,-0.14396522019304994,-0.1508165887354225,-0.18257992715961432,0.0
3.35,-40.99358110968415,-25.996011115188338,2.2656489519345677,-40.83756756389907,-25.90254053833944,2.249137837140823,-0.07022351381557375,0.11223175393632692,0.0037758401236545358,-0.42409429258945375,0.5971237061680023,-0.27209768956705793,0.1562399922383525,-0.22885105099166425,0.0
3.4000000000000004,-40.987461364685586,-25.992201270781603,2.2547719557666257,-40.771328977404885,-25.862797386442928,2.2365525057069275,-0.09582333262707494,0.1531822881205352,0.006961913716637988,-0.5015668346385662,0.5350409403674312,-0.3695352268182685,0.43965574832034954,-0.2742865115274202,0.0
3.45,-40.97790411592235,-25.986268730149916,2.2414921794524734,-40.693417342577376,-25.816050405546427,2.221749295089702,-0.12153327535948363,0.1954746694681069,0.011089547280288251,-0.521770407440871,0.4573633051982755,-0.4423770250264287,0.6694580865942974,-0.3173220388306325,0.0
3.5,-40.96402004557741,-25.97769131665203,2.2254045351102136,-40.604648292940695,-25.762788975764416,2.2048831756587317,-0.1457554841674206,0.2330001368815575,0.015760340554589577,0.3243481338843648,-0.42867784681057763,-1.2827339854612194,1.6153322593455288,-0.3565917489065212,0.0
3.5500000000000003,-40.94502920135614,-25.965962138240783,2.206305583069973,-40.50617080176214,-25.70370248105728,2.1861724523348056,-0.16737515899531458,0.24984600068403978,0.0202865253214229,0.25368176881260673,-0.3516395235709534,-1.1092507887655159,1.4974257927416272,-0.3909281437017733,0.0
3.6,-40.920534268986195,-25.95061237128163,2.1841378646939167,-40.39941497522548,-25.63964898513529,2.165888845292841,-0.18578706917784849,0.24747341522333005,0.02401783571658256,-0.09919233524429105,0.013345465616004804,-0.5629354334040254,0.9891805901335361,-0.4193621111045434,0.0
3.6500000000000004,-40.89050712809248,-25.931207596663818,2.159050022112397,-40.286039845604265,-25.57162390736256,2.1443475706648107,-0.20066214778898733,0.23616237675374682,0.02665682530657086,-0.3253570552408515,0.2333030281168298,-0.06757508601183448,0.5353494458510063,-0.44112292494445515,0.0
3.7,-40.85508510614122,-25.90734069960217,2.1314170819136575,-40.16788116443511,-25.500728698661064,2.1218974212426702,-0.21177791000710455,0.22426632983033845,0.028191009811417526,-0.33903724608125535,0.21775582830831058,0.2681929463051335,0.24934605894341005,-0.4556382449925982,0.0
3.75,-40.81440911749931,-25.878648962751846,2.1017504062785872,-40.04689919569096,-25.42813951741458,2.098910847181283,-0.21876513267343337,0.2158608294168148,0.028678669014085844,-0.19522783840360847,0.03351155237714848,0.47723504715575804,0.08698754005189085,-0.46253411696153196,0.0
3.8000000000000003,-40.76854209015376,-25.844840026850665,2.0706287219616186,-39.92512650895447,-25.35507590537268,2.0757740367013486,-0.2211388249293878,0.21150642820363452,0.028147083886167962,0.023217463843110187,-0.22542207730075658,0.6245194825740351,-0.027756282200342097,-0.4616349725052824,0.0
3.85,-40.71745491090449,-25.8057184050148,2.0386722881167354,-39.804615772591205,-25.28276946355472,2.052876996792328,-0.2183613967102489,0.20995732559590496,0.02657067870653063,0.2534443188972174,-0.48638378941074734,0.7579180273404976,-0.1530611707573828,-0.4529636292193442,0.0
3.9000000000000004,-40.661051487288944,-25.761211327054358,2.0065319717465235,-39.687387546923006,-25.212432528153805,2.0306036339153715,-0.21005055169799217,0.20972898496027864,0.023922147165011853,0.4656780007434726,-0.7124534710040482,0.8936525183018602,-0.31271156158072877,-0.43674129064067907,0.0
3.95,-40.59920406104769,-25.711390188457546,1.9748762124151729,-39.57537807740128,-25.14522684644077,2.0093218347062436,-0.19617958203542635,0.20984158821147944,0.02023277452969431,0.6530729428931468,-0.896657941780227,1.0260983895451044,-0.5007342359157045,-0.41338754624771734,0.0
4.0,-40.53178130521433,-25.656484146533835,1.9443715178436682,-39.470387087780274,-25.082232252668163,1.9893735466782516,-0.1770811389001076,0.20987396607358913,0.015606083497241808,0.8169790549776526,-1.04554370062053,1.1428015647111343,-0.6979679253324065,-0.3835203714603571,0.0
4.05,-40.45866457310556,-25.59688440681348,1.9156568361255288,-39.374025573290375,-25.024415343974223,1.9710648589251707,-0.15334402542749323,0.20974560195469077,0.010198427462437869,0.9579943298768345,-1.1660434785142848,1.2340179440192185,-0.8860979910936564,-0.3479561276399633,0.0
4.1000000000000005,-40.379754864570714,-25.533139073166865,1.8893148707368665,-39.28766359381142,-24.972598156286857,1.9546560828241706,-0.12570077013126701,0.20951185688459042,0.004191698892882222,1.074731070651676,-1.2606904166714674,1.2945568451868814,-1.0534479860987953,-0.3077095620893699,0.0
4.15,-40.294974810049816,-25.465938933262162,1.8658442009854221,-39.21237806704602,-24.927426840227614,1.9403518327387437,-0.09496594347826931,0.20924633448524435,-0.002223143813098173,1.1653445728369598,-1.3286038860059999,1.322658028434406,-1.1946141039994695,-0.2639938080528792,0.0
4.2,-40.20426880781309,-25.396094836832788,1.8456359339751456,-39.14890056169279,-24.889340337015675,1.9282911067216302,-0.062027362250873415,0.20892673364989695,-0.008849130838130131,1.691323431571643,-1.8309326939277168,0.8562006443693725,-0.8450403092372906,-0.21822038471625918,0.0
4.25,-40.10762995763458,-25.324504656312453,1.829013305683426,-39.09756509061971,-24.858539054371825,1.9185373672177444,-0.028076283313003013,0.19548206504252735,-0.015290741991386988,2.4991848079532546,-2.628476070706776,0.046449003311074995,-0.13547419287494383,-0.17199919720674772,0.0
4.3,-40.005463639857,-25.252113198159165,1.8162938008783462,-39.05825590403739,-24.834953542422433,1.9110686217671038,0.005684212337038544,0.149714483166177,-0.0205046492787505,2.111730092369864,-2.2355944931569507,0.36569808278466365,-0.5307814770133794,-0.12713853659305,0.0
4.3500000000000005,-39.89906539135918,-25.179876702618206,1.8075702179315647,-39.03035528267238,-24.81821316960343,1.905767503707752,0.03840261334862155,0.08034976133286567,-0.02348618441275558,1.436928401279045,-1.5252748899772302,0.9137987903135794,-1.1525733592466674,-0.08564507988533845,0.0
4.4,-39.79039036877489,-25.10872197810778,1.8027574139590892,-39.01269133094046,-24.80761479856428,1.9024113528786881,0.06966370516041334,0.004361282364751972,-0.023942793518974128,0.9324009481684129,-0.9277533915141141,1.2384728457782375,-1.5734936724758177,-0.049723890035253356,0.0
4.45,-39.6815668546998,-25.03951794798164,1.8015632170173261,-39.003485770119966,-24.802091462071978,1.9006622963227926,0.09874777379914645,-0.06559406795333984,-0.022210788552321864,0.6642010626289846,-0.5140366620833727,1.2792383463491144,-1.7339989270988767,-0.021778415935904984,0.0
4.5,-39.57451947782566,-24.973033489308254,1.803443690596172,-39.00030173152503,-24.800181038915014,1.9000573289897544,0.12420667160714724,-0.12329903124086118,-0.01907417896922378,0.5328092608190473,-0.2179687569888289,1.1443318634148527,-1.7204713718038454,-0.004410492421869167,0.0
4.55,-39.470776483536135,-24.90988698171541,1.807670682858363,-38.99999091288095,-24.79999848548016,1.8999999621370038,0.1441489729338865,-0.1667633610765883,-0.015584997177657819,0.42809957801458287,0.03651871432478471,0.9483378918762772,-1.6280145023496422,-9.839876104372518e-06,0.0
4.6000000000000005,-39.3714182795508,-24.850504544695685,1.8134444099216989,-38.998675935509624,-24.79977932258494,1.8999944830646234,0.1567733724658136,-0.1955466920973466,-0.012810207205002283,0.26910576648152296,0.24873387577626727,0.7965958304395915,-1.4945137419804377,-0.00026374195812174113,0.0
4.65,-39.27709389013119,-24.795104008643012,1.820020526768848,-38.99248869535407,-24.798748115892344,1.8999687028973085,0.1614937498360669,-0.20930615534371486,-0.011422432432289565,0.0631850081291011,0.34872161940746466,0.7295303802356728,-1.3058874943329952,-0.0008108970651280348,0.0
4.7,-39.18805576316522,-24.743719294920442,1.8268267361199442,-38.97829665049503,-24.796382775082506,1.8999095693770625,0.15973411470083448,-0.20794626130969673,-0.011363909750637547,-0.10809542573630704,0.3392765143762814,0.6874899505839048,-1.0845808529332492,-0.0015876414270128401,0.0
4.75,-39.10419209399089,-24.696255059113323,1.8335042593332338,-38.95370415369486,-24.79228402561581,1.8998071006403952,0.15388635133040202,-0.19220231803322166,-0.01208611937297204,-0.1889896407931393,0.26289951522564325,0.6155529148076765,-0.865742270225735,-0.002534823033622886,0.0
4.800000000000001,-39.025064185054966,-24.65254467676846,1.8398855916191212,-38.916998311277965,-24.786166385212994,1.8996541596303247,0.14598492535495894,-0.1639498792699719,-0.013015939879215229,-0.1747280341356076,0.15775882171274785,0.4967384617157499,-0.6679478088670197,-0.003597801634762063,0.0
4.8500000000000005,-38.94995554498945,-24.612390106108425,1.8459368735598027,-38.8670948420114,-24.777849140335235,1.8994462285083809,0.1371838497414718,-0.126029471666632,-0.013790388083596443,-0.09890480694906689,0.05022560119568564,0.3476550791280124,-0.49646623890764197,-0.0047264487401913495,0.0
4.9,-38.87793206718184,-24.57557898790241,1.8516905593887285,-38.803483935985334,-24.767247322664222,1.8991811830666054,0.12786777888748568,-0.08165415862410835,-0.014240910064741126,-0.00581460063145664,-0.04364071565375463,0.19774274546163517,-0.35073241401002475,-0.005875147619628918,0.0
4.95,-38.80790865520404,-24.54188588781416,1.8571868335116328,-38.726176113493565,-24.75436268558226,1.8988590671395564,0.1180085974719095,-0.033852762230561016,-0.014288710937955898,0.0713155246839923,-0.11818922525465604,0.07150248974749553,-0.22670428576506418,-0.007002793302750071,0.0
5.0,-38.738716796614206,-24.511068129996843,1.8624343592909645,-38.63564808391406,-24.739274680652343,1.8984818670163084,0.1075233729194333,0.01482149011105754,-0.013873767378870912,0.11991434290347622,-0.17739816919521598,-0.020240110231549237,-0.1177299170213347,-0.008072792579187256,0.0
5.050000000000001,-38.66916784713543,-24.48286433400654,1.8673937090944746,-38.53278860458944,-24.72213143409824,1.898053285852456,0.0965126994056293,0.062330510504235166,-0.012955311370330945,0.14772323656720676,-0.23109506513755468,-0.08157519343445337,-0.016963838007150803,-0.00905306399853007,0.0
5.1000000000000005,-38.598107838821875,-24.456999045451088,1.871981018458804,-38.418844339707526,-24.703140723284587,1.8975785180821145,0.08532206106123827,0.10699801714734983,-0.011554082468378834,0.1735925602694761,-0.2877902300482137,-0.12514522995448565,0.07759727532802138,-0.009916037870325214,0.0
5.15,-38.524461636355056,-24.433192690364937,1.8760858645813547,-38.29536571918181,-24.68256095319697,1.8970640238299241,0.07442075957117392,0.14730459282045585,-0.00977569508152488,0.21251094418307545,-0.34882274989736073,-0.15999667479652566,0.15975373308883448,-0.010638656264076578,0.0
5.2,-38.44726662962581,-24.411173857082865,1.8795962479383597,-38.16415279753201,-24.660692132922,1.89651730332305,0.06422009986324413,0.1818301968175909,-0.007782192023987999,0.26606415534164396,-0.4097537500568047,-0.18399844192197043,0.21899096332925025,-0.011202373009245177,0.0
5.25,-38.36569791885472,-24.390690735598792,1.8824242303334888,-38.02720111276458,-24.63786685212743,1.8959466713031856,0.054998587655535634,0.20936365823641775,-0.005744769750082595,0.3255607222724152,-0.4657856259998626,-0.18804278694545556,0.24776983037202754,-0.011593153695249173,0.0
5.300000000000001,-38.279087864234015,-24.371519615439702,1.8845273290062634,-37.88664754525318,-24.614441257542197,1.8953610314385547,0.04695346068940725,0.2290424463954651,-0.003821591473755144,0.3835572639116761,-0.5155882136594567,-0.16807488872932363,0.24610866090459926,-0.011801475671463876,0.0
5.3500000000000005,-38.18694273007793,-24.353469833559064,1.8859238478477722,-37.744716176619264,-24.590786029436543,1.8947696507359135,0.04023449806260454,0.23999156754736428,-0.00214798971832778,0.5596005683500666,-0.6813346925102407,-0.25084078272401833,0.3416104410225441,-0.011822328047221713,0.0
5.4,-38.0889715211062,-24.336385761585337,1.886705056598403,-37.60366414861252,-24.567277358102086,1.894181933952552,0.03491947723332227,0.24010101155586458,-0.0008242517944702917,0.4482333442935504,-0.5579621501167601,-0.04163645893203457,0.13858382187625304,-0.011655211691812285,0.0
5.45,-37.98512923827825,-24.32014563420016,1.887011507130189,-37.46572752199145,-24.544287920331907,1.8936071980082976,0.030992228921050247,0.23259674473370098,0.00011293710387610618,0.4096335641853024,-0.5073848871612004,0.08860997059442655,0.009226912898920858,-0.011304139234482324,0.0
5.5,-37.87555989950483,-24.304660434426154,1.8870263198068824,-37.333067135403816,-24.522177855900633,1.8930544463975159,0.028378168726556484,0.21948446235426275,0.0006898541391958901,0.564557890223807,-0.6528463114862297,0.00864928060006679,0.0876944989678268,-0.0107776350644357,0.0
5.550000000000001,-37.76056162323455,-24.289872070850755,1.8869518622366495,-37.207714464267205,-24.501285744044534,1.8925321436011133,0.02699908496363992,0.19812902146156292,0.0009522114455257777,0.615473448639231,-0.6977748606203369,0.007355277435539043,0.08669581805400367,-0.010088735330833445,0.0
5.6000000000000005,-37.64064080148327,-24.27575179150315,1.8869820758455629,-37.09151747964955,-24.48191957994159,1.8920479894985398,0.026793651040348036,0.16778426523261628,0.000961179795606619,0.5883354392038382,-0.6670726915571636,0.053420668149821854,0.037335013831126945,-0.009254987942793703,0.0
5.65,-37.516536219611,-24.262298998692955,1.8872827242324244,-36.9860865071496,-24.4643477511916,1.89160869377979,0.027700755327703143,0.12932739654893016,0.0008004123813997764,0.5218585320549345,-0.5969591528636878,0.10651479550720092,-0.021382129990450888,-0.008298452569391788,0.0
5.7,-37.38920167110546,-24.24953944714427,1.887968222314732,-36.89274008577746,-24.448790014296243,1.891219750357406,0.02963772276854797,0.0842943433372262,0.0005731217252697798,0.4435130094922046,-0.5120598418924918,0.14195494922483173,-0.06618268431294136,-0.007245700639660166,0.0
5.75,-37.25976602699697,-24.237522483049165,1.8890804922103077,-36.81245082683512,-24.435408471139183,1.8908852117784796,0.032488089874503884,0.03427149084110058,0.0003900527481648142,0.3640676431792366,-0.4206080973809717,0.15645146220143102,-0.09478439214734391,-0.0061278153425883925,0.0
5.800000000000001,-37.129484702196024,-24.226317231183735,1.8905770214818178,-36.745791272796914,-24.42429854546615,1.8906074636366537,0.036089393936916216,-0.019255180775974295,0.00035295373429237255,0.2830368017188253,-0.3206450795356086,0.1620772235580141,-0.11934181432700056,-0.004980391627123222,0.0
5.8500000000000005,-36.99969018884493,-24.216007780384082,1.8923319858301835,-36.69287975619011,-24.415479959365015,1.8903869989841253,0.04022073837804413,-0.07478165399288293,0.0005347458724252298,0.19746810265959508,-0.20976169386815233,0.1759929965070164,-0.15550239109923183,-0.00384353620216853,0.0
5.9,-36.871745309185684,-24.206687540201393,1.8941503581402384,-36.653326258475374,-24.408887709745894,1.8902221927436473,0.04460509600257594,-0.13063282154050712,0.0009595786810640239,0.10842142736495945,-0.09150212044771988,0.21190354002023354,-0.21423532163988973,-0.0027618675365853455,0.0
5.95,-36.747000620912274,-24.1984530103857,1.8957924857080601,-36.6261782689273,-24.404363044821213,1.8901090761205304,0.04893373279906773,-0.18488781465772225,0.0015920894758153865,0.02365878829079915,0.02399315518845968,0.27519003550307497,-0.29915298547651004,-0.0017845158591917995,0.0
6.0,-36.626755769487836,-24.19139738138657,1.897008575515995,-36.609866643514906,-24.401644440585816,1.8900411110146453,0.05287821448687315,-0.23469889812778627,0.002337760135172108,-0.7310200482706761,0.8101711136477292,1.049292976045156,-1.0943575287474545,-0.0009651231587632707,0.0
6.050000000000001,-36.51218739877547,-24.185608735985927,1.8976658925828023,-36.60215146378218,-24.400358577297027,1.8900089644324256,0.0560508442279215,-0.26344484281927144,0.00302274529120322,-0.909868767145763,1.0200943610655937,1.2831211279992762,-1.3500903324109232,-0.0003618431840321379,0.0
6.1000000000000005,-36.40400513642793,-24.18115998758609,1.8977265349933108,-36.60006789572858,-24.40001131595476,1.890000282898869,0.057988137460437475,-0.26429200443289425,0.0034121373980418646,-0.31933902177703954,0.4570260621372388,0.7722923322264887,-0.8620100799702044,-3.7341443688030435e-05,0.0
6.15,-36.302274000886314,-24.178097697291143,1.8972117526162293,-36.599906384407156,-24.39990638440715,1.889970745127235,0.05833150356114323,-0.24961581302540697,0.0033778100726130165,0.26892930473822707,-0.0937573302589153,0.2713077594382856,-0.399774406923688,-0.003169482583631061,0.0
6.2,-36.20669527343234,-24.176438961314204,1.896296312170221,-36.59799966882968,-24.397999668829677,1.8893748965092743,0.05647221770022937,-0.23239866312991708,0.002826779874545722,0.6187266214646212,-0.28948874139784186,-0.0644723540897642,-0.22664723645417123,-0.023573112926446278,0.0
6.25,-36.116875128261505,-24.176141351195522,1.8951066558168967,-36.59153768217411,-24.39153768217411,1.8873555256794097,0.0504259659302054,-0.2196331791665255,0.00140626347130582,0.7013109022699316,-0.17242220873392783,-0.2725241386753515,-0.23975153582957726,-0.05946082838981792,0.0
6.300000000000001,-36.03246550797413,-24.17704664710187,1.8935329617559042,-36.57834707465497,-24.378347074654968,1.8832334608296784,0.0376487212657081,-0.2126181814610813,-0.0013197522411919397,0.5606438776815676,0.06747837151436942,-0.402503721233003,-0.2494881212324826,-0.1070793100997495,0.0
6.3500000000000005,-35.95320286157642,-24.17882830261463,1.8912075345554706,-36.556831997563286,-24.356831997563283,1.8765099992385266,0.016727027671546237,-0.20971625206174918,-0.005561078778694715,0.2799797808401818,0.2939664599606535,-0.5044447157380901,-0.15500760503665012,-0.16296311347389308,0.0
6.4,-35.87888746075697,-24.180978738035382,1.8875708097601898,-36.52592804337993,-24.32592804337992,1.866852513556226,-0.012028672900860623,-0.20882173262942297,-0.011207576196874609,-0.06344214290259276,0.4519935814879297,-0.6039496528433344,0.049246004414207345,-0.22393466822155447,0.0
6.45,-35.80935353011513,-24.182843347317252,1.8819618728101157,-36.485056185888936,-24.285056185888934,1.8540800580902919,-0.046787632330310906,-0.20854643296462536,-0.017856130469777704,-0.4121699046088348,0.5412848350142345,-0.702733718186676,0.3135947418535283,-0.2871042783436899,0.0
6.5,-35.74445537810435,-24.183679587061853,1.8737059163186394,-36.43407672029088,-24.234076720290883,1.838148975090901,-0.0848170843879491,-0.20833401183360548,-0.024925699998810776,-0.720293133559335,0.58703727505282,-0.7956611299516637,0.5698732994134151,-0.3498701221329069,0.0
6.550000000000001,-35.68406858004613,-24.18271377535759,1.8621915285444908,-36.373243203316186,-24.173243203316183,1.8191385010363073,-0.12334407331552333,-0.20639491976298227,-0.031826567658476516,-1.69860084827187,1.3622453960934957,-0.13102936252216055,0.012465177519539933,-0.40991825217346534,0.0
6.6000000000000005,-35.62803890601954,-24.1791742374962,1.8469857831659962,-36.30315639333844,-24.103156393338438,1.797236372918262,-0.16006471900306463,-0.18860065803908196,-0.037810444143716836,-1.9339227989725771,1.4875123651884241,-0.09672679325470085,0.006604520698085203,-0.4652225953412728,0.0
6.65,-35.57594401866607,-24.17231987440734,1.8278231539912368,-36.22471819048777,-24.02471819048777,1.7727244345274287,-0.19384193753555512,-0.15158641282031354,-0.04212178222030703,-1.612161315347509,1.1056589468466305,-0.4914515960946412,0.40405283229677147,-0.5140449528038917,0.0
6.7,-35.527011869664314,-24.16145277530559,1.8045878747065034,-36.13908557676417,-23.939085576764164,1.7459642427388014,-0.22419803302204308,-0.10384761236805234,-0.04444617121203705,-1.5751659312492607,0.2690674447259027,-0.4675188534394419,1.149619990938679,-0.5549350000205344,0.0
6.75,-35.480272756681444,-24.145917726897018,1.7773968326498686,-36.047624556150794,-23.84762455615079,1.7173826737971227,-0.24333881524311016,-0.05492618875079702,-0.044406868083237884,-1.4959232799929159,-0.3525219742755118,-0.35764041265983104,1.5849836157570634,-0.5867302867420647,0.0
6.800000000000001,-35.43472273264067,-24.12524122376574,1.746569515113428,-35.95186409472736,-23.75186409472736,1.6874575296023,-0.24467573274881346,-0.011571236617319326,-0.04291896040242154,-0.9639006508282193,-0.3223611550559222,-0.5950357691631454,1.280404009210365,-0.6085562370109974,0.0
6.8500000000000005,-35.38943910717398,-24.099267723936308,1.7125500536752034,-35.853450060783445,-23.65345006078344,1.6567031439948252,-0.23449471454306325,0.023767689575379978,-0.04147730550557367,-0.36372163628907084,-0.16636552733452248,-0.8198438568124575,0.7658420180097176,-0.6198261491614985,0.0
6.9,-35.343637662600585,-24.068059996865586,1.6759471091106874,-35.75409916493181,-23.554099164931806,1.6256559890411892,-0.22147286291273396,0.05029682524410758,-0.04046866731155082,0.10747510774487068,-0.13628652452932966,-0.8560288938211249,0.31190292902609773,-0.6202411958193853,0.0
6.95,-35.29668751014459,-24.031737897392684,1.637501389246317,-35.655552900221764,-23.455552900221765,1.5948602813193014,-0.211564524815134,0.06810887536882461,-0.039583426724980886,0.40936559246781346,-0.27799998293194367,-0.6827583670434976,-0.010239185530473982,-0.6097904239021261,0.0
7.0,-35.24811917447033,-23.99035809378741,1.5980187437555018,-35.5595314822525,-23.3595314822525,1.5648535882039059,-0.20692548725102275,0.07762708682349177,-0.03848448647002967,0.5912834125166322,-0.5444610611160405,-0.3673914853849524,-0.2254290916978106,-0.5887507546188414,0.0
7.050000000000001,-35.19763753261587,-23.943861894799227,1.558330494088096,-35.4676877892864,-23.2676877892864,1.5361524341519999,-0.20658057937935215,0.0791789683830878,-0.037121723060200396,0.7273296941414928,-0.8524663193698385,-0.0016747602392759853,-0.3996374668571843,-0.5576869834703011,0.0
7.1000000000000005,-35.14513699980207,-23.892087144411967,1.5192775508139016,-35.38156130236241,-23.181561302362404,1.5092379069882516,-0.20827601063386858,0.07307496784783074,-0.035655369699876295,0.867543197360596,-1.1298342129269474,0.346488010498611,-0.5900298514352639,-0.5174517802489293,0.0
7.15,-35.09071348106778,-23.83481700979159,1.4816951221049541,-35.30253204540933,-23.10253204540933,1.484541264190415,-0.21008191635635964,0.059897536083045315,-0.034248777204034846,1.025366400867968,-1.344178715719806,0.646217392001755,-0.8137537808496688,-0.46918568903879787,0.0
7.2,-35.03466786377325,-23.771832751085,1.446388118388717,-35.23177452535921,-23.031774525359204,1.4624295391747513,-0.21104350666829644,0.040554549806557254,-0.03296104130525865,1.100247155174871,-1.5848086636640877,0.9819762151909532,-0.9658980206526835,-0.4143171282156318,0.0
7.25,-34.97749752910729,-23.702958097510855,1.414116177790268,-35.17021167226061,-22.970211672260614,1.4431911475814416,-0.20508649935975404,0.01588125036760872,-0.031901303990859796,0.44979875837495475,-2.4603501348548824,1.979076234277232,-0.42250749498265705,-0.3545623904468079,0.0
7.300000000000001,-34.91988299298676,-23.628266912822813,1.3856282821915933,-35.11846877939203,-22.918468779392033,1.4270214935600096,-0.17614456445654175,-0.013175789453715349,-0.03073280190158927,0.589037440856693,-2.434608679879471,2.1044385322954504,-0.695464791363285,-0.29192564269135163,0.0
7.3500000000000005,-34.86266284352546,-23.548499624672093,1.361540504192491,-35.07682744337515,-22.87682744337515,1.414008576054734,-0.12504279235829208,-0.04466281605269552,-0.028136631816755953,1.0499396346064322,-2.015147962022034,1.821554800849794,-1.2527645702710601,-0.22869892619994328,0.0
7.4,-34.80676609336751,-23.465082244878715,1.342278915787731,-35.04517950428823,-22.84517950428823,1.404118595090071,-0.06299947790425786,-0.07638849506105327,-0.023432272800052067,1.4831230523238006,-1.5665828092585339,1.4760758885442598,-1.7188124756305667,-0.16746215651491236,0.0
7.45,-34.753133257551,-23.379804686405976,1.3280334637036193,-35.02298098577941,-22.82298098577941,1.3971815580560656,-0.0016223995806778923,-0.10677067740483112,-0.017095172888733794,1.7097227038345095,-1.240439851655017,1.242307850795548,-1.9468178010748,-0.11108312347023923,0.0
7.5,-34.70265136878655,-23.2944598830305,1.3186920686321484,-35.009206035180085,-22.809206035180082,1.3928768859937755,0.05191106729143193,-0.13484357375029118,-0.01017087411179402,1.7063781136680685,-1.024691756073992,1.1454517271289415,-1.965835148515446,-0.06271749119155678,0.0
7.550000000000001,-34.656106075925194,-23.21059532322214,1.3138501148711772,-35.00230086361819,-22.802300863618193,1.3907190198806847,0.09511460821938045,-0.1596319340985878,-0.0036009074470315897,1.5419743209591592,-0.8425724990847208,1.1237428093624444,-1.8718144907375243,-0.02580879809614439,0.0
7.6000000000000005,-34.61414260332964,-23.129412499905307,1.312887144293426,-35.00013768613159,-22.800137686131585,1.3900430269161201,0.12820504641678523,-0.17971340891465235,0.002008236401177968,1.3031219914354164,-0.6237916285852037,1.0946112107329111,-1.7463224525536507,-0.004088456892942578,0.0
7.65,-34.57722427065703,-23.051766406668314,1.3150461607847053,-34.99996763218582,-22.79996763218582,1.3900014160918703,0.1519061453529603,-0.19324035814620477,0.006255577567068891,1.0445314378135366,-0.330651337016978,0.999631982628998,-1.6284685231304508,0.00022500352680616416,0.0
7.7,-34.54558806275916,-22.97819663399694,1.3194939351272783,-34.99848689548432,-22.798486895484317,1.390066198322561,0.16612411189977705,-0.19816509626586273,0.008758397167433206,0.8062080580380795,0.00031123274593092276,0.8458443548353141,-1.5343233905915672,0.0028186059677322017,0.0
7.75,-34.51921989841384,-22.908960637768093,1.3254419570275173,-34.992608248650846,-22.79260824865085,1.3903233891215252,0.16993470230357005,-0.1926473066403504,0.009188873842604499,0.6146121809770633,0.24506231256060673,0.6799147648782949,-1.417693762937021,0.00782046422490269,0.0
7.800000000000001,-34.497850736009816,-22.84405846032059,1.3322825062155261,-34.9799166529032,-22.779916652903204,1.3908786464354848,0.1628595457135418,-0.17587587674312094,0.007611176110459955,0.472553234669147,0.33521431662244416,0.5303412512636204,-1.2398619494523837,0.014647933751424709,0.0
7.8500000000000005,-34.48096223275512,-22.78324768884184,1.3396322038150459,-34.95863706591258,-22.75863706591258,1.3918096283663246,0.14571418441041864,-0.14849637325235232,0.004649355838876201,0.37936919892311116,0.2910474461981286,0.4020104258337477,-1.015501390766841,0.022763665300699055,0.0
7.9,-34.4678098414899,-22.726065220252213,1.3473041008884408,-34.92758267574614,-22.727582675746138,1.3931682579361064,0.12027295019156628,-0.11241697783171653,0.0012576622014287807,0.325710370153833,0.16981459330014664,0.29433226238432586,-0.7782729311531611,0.03167560492642096,0.0
7.95,-34.45746378608842,-22.671861592969236,1.3552407028027296,-34.88610313480949,-22.68610313480949,1.3949829878520847,0.08866661072385097,-0.0702733581841583,-0.001607734138460863,0.28971825020300124,0.02310118554166002,0.2145507966320755,-0.5524707562278959,0.04093699398257963,0.0
8.0,-34.44886271226352,-22.619845568138754,1.3634361355829,-34.83403279378924,-22.63403279378924,1.3972610652717208,0.05308552587828599,-0.024772965206607798,-0.0032110144213271085,0.2530060897698539,-0.11933470624334264,0.16849561592497464,-0.34600677616764275,0.050146369123458386,0.0
8.05,-34.44087314249603,-22.56913510097931,1.3718710621921153,-34.771638935595504,-22.571638935595505,1.3999907965676965,0.01566211291777631,0.021707506474477528,-0.0031560274156269804,0.2134586901084931,-0.2483818390566682,0.1509890044869733,-0.15591682045131813,0.058947562303634723,0.0
8.1,-34.43234753676773,-22.518810435737734,1.3804747194913798,-34.69957000930442,-22.499570009304428,1.4031438120929312,-0.021579234639965306,0.06714427062179597,-0.0014204227232617935,0.18103845429426518,-0.36282502301122316,0.14996331452511286,0.018567969636399756,0.0670297007779797,0.0
8.15,-34.42217489964041,-22.467964875932598,1.3891169783299084,-34.6188038641007,-22.418803864100695,1.4066773309455944,-0.056784674973746015,0.10977776519830647,0.001682732780295825,0.16631847693679191,-0.45901055347249875,0.15580913613551506,0.1682033002362463,0.07412720710165942,0.0
8.200000000000001,-34.40932058060946,-22.415749114920885,1.397624398988445,-34.53059598322008,-22.33059598322008,1.4105364257341215,-0.08837724973862619,0.14813659025226766,0.005604966198515231,0.17448125590174968,-0.5326860918891405,0.16471055909554294,0.2795643987718553,0.08001979913013325,0.0
8.25,-34.39285529106688,-22.36140644303541,1.4058101015448148,-34.43642771789193,-22.236427717891935,1.4146562873422277,-0.11516792484430856,0.18110975008986385,0.009701398974512379,0.20524777490866286,-0.5878720463535465,0.1765804383238167,0.3480862895841967,0.08453249001915476,0.0
8.3,-34.37197594666904,-22.304298176835996,1.4135072323464573,-34.33795452128172,-22.137954521281724,1.4189644896939244,-0.13635892003606434,0.207888316141731,0.013357890266093193,0.2531197813702569,-0.6377602063284041,0.19351136520752935,0.3821583826795719,0.08753558822477209,0.0
8.35,-34.34602201399688,-22.24392050882631,1.4205980304175612,-34.236954182433564,-22.036954182433565,1.4233832545185314,-0.15138623995398365,0.22779521221188606,0.016053960918487757,0.3080257952962003,-0.6920310234122187,0.2184261823338393,0.3918924965952208,0.0889446975033269,0.0
8.4,-34.31449083828464,-22.179914611296493,1.4270358908302208,-34.1352750602127,-21.9352750602127,1.4278317161156944,-0.1597744254527233,0.23951546257354195,0.017381792518236818,0.5255886790415476,-0.9126635024877392,0.08456151493859093,0.5451111741120183,0.08872071691145529,0.0
8.450000000000001,-34.277076056608,-22.11207198724052,1.432862795158899,-34.034784317248075,-21.83478431724808,1.4322281861203965,-0.161120946683321,0.23997262982432593,0.017077085589347233,0.39689030799702335,-0.7818017693786663,0.2860666189988689,0.3351435529635765,0.08686984080608735,0.0
8.5,-34.23372862473857,-22.04034314086995,1.4381833026933073,-33.93731615387483,-21.737316153874833,1.4364924182679761,-0.1555428223967367,0.23268169415154033,0.015192348344331448,0.18770051267710464,-0.5698510278548042,0.5441266092971894,0.04641913395024305,0.0834435588444473,0.0
8.55,-34.18458883372898,-21.964839154031548,1.4431502180815903,-33.844620042076805,-21.644620042076806,1.4405478731591397,-0.14342229337804704,0.22309391508510798,0.011972994354265923,0.31731921613443254,-0.7057350512475439,0.42836307919350347,0.12250624327429743,0.07853865598405323,0.0
8.6,-34.1298828840404,-21.885834493238452,1.4479256481335099,-33.7583089594291,-21.558308959429105,1.4443239830249766,-0.1250063482754317,0.2091851695639638,0.0076742247462696644,0.4548946815726717,-0.8501990591339549,0.2622817820891489,0.23493361301062865,0.07229721248271773,0.0
8.65,-34.06996096419065,-21.803766819869427,1.4526541951670593,-33.67980762304057,-21.479807623040568,1.447758416491975,-0.10076717583781847,0.18712412213405677,0.002718918819482382,0.43093571880907,-0.8337593463648879,0.21401033080786389,0.22178319262634935,0.064906603898547,0.0
8.700000000000001,-34.00538074636441,-21.71922822994498,1.4574442681399162,-33.61030072349634,-21.410300723496338,1.4507993433470352,-0.07126228022973301,0.15674618202407753,-0.0023343082944175353,0.32325852275763245,-0.7234729002177765,0.20984949853186338,0.15388139097198142,0.05659950108994143,0.0
8.75,-33.93691196448314,-21.63294794989383,1.462346988540386,-33.55068115880035,-21.350681158800352,1.4534076993024845,-0.03716552470052425,0.11979727519843204,-0.006867985302289649,0.20150821367223035,-0.5686094629965612,0.18959894464611257,0.07943706980883994,0.047653870215596174,0.0
8.8,-33.86548918824318,-21.545767572619933,1.4673346384379409,-33.50149826831787,-21.30149826831787,1.4555594507610932,0.0006053845345214608,0.07841442531619852,-0.010291501015188432,0.10113894242196989,-0.3896041257639447,0.13260510757875826,0.012065351992097822,0.03839297273449922,0.0
8.85,-33.79214931061332,-21.45860966965535,1.472288084310688,-33.462906066718,-21.262906066718,1.4572478595810876,0.04080787996865147,0.03451884275098272,-0.012143656303533208,0.02735456539851399,-0.1917563439842835,0.05277347564350157,-0.05579905117321238,0.029185365405934322,0.0
8.9,-33.71797298613998,-21.372441124022785,1.4770018968623033,-33.43461147791621,-21.234611477916207,1.458485747841166,0.08188943720879237,-0.010121487109339399,-0.012192194743889587,-0.02570972581094582,0.016165569454621213,-0.023076584872776258,-0.13335327155316276,0.020444900289477225,0.0
8.950000000000001,-33.644036703439575,-21.288233883105086,1.4812084292585894,-33.41582256901685,-21.215822569016854,1.4593077626055126,0.12211266248497288,-0.05371212382915402,-0.010496155152849747,-0.05803861664341299,0.21628928212115706,-0.07532363606068619,-0.22361663229393414,0.012630724744999452,0.0
9.0,-33.5713753502575,-21.206926134453465,1.4846166134471557,-33.40519678425571,-21.205196784255712,1.4597726406888125,0.15968350694302053,-0.0944680234090893,-0.007405450019420051,-0.06226639612228266,0.3933159605202504,-0.09591749270519909,-0.33208971139115284,0.006247281432666327,0.0
9.05,-33.500951926919065,-21.129385658554853,1.4869594533877633,-33.40078917894247,-21.20078917894247,1.4599654734212668,0.19275219505853847,-0.1307097072865195,-0.0035183241523889376,-0.033743771680901424,0.5476997953686595,-0.08058196142416252,-0.4768044069552343,0.0018443083129363331,0.0
9.1,-33.43362940694222,-21.05637495384289,1.488044577995106,-33.400000653403275,-21.20000065340328,1.4599999714136065,0.21924668162528918,-0.16067278794570822,0.0003584340506704332,0.024642009319493063,0.6877886377959539,-0.025785055289694714,-0.6780013237165388,1.6838646562922546e-05,0.0
9.15,-33.370138586461245,-20.988515611120683,1.4878035981633098,-33.39953908613297,-21.199846362044322,1.4600460913867033,0.23666416633953882,-0.18219222908829702,0.0032454405422265593,0.19649334251821315,0.893800368713306,-0.02030833736747506,-1.024286301306213,0.003035921076094228,0.0
9.200000000000001,-33.31103745676439,-20.926245254061243,1.4863489502383767,-33.39584902194814,-21.19861634064938,1.460415097805186,0.24089597311345898,-0.19281341706792887,0.0038933464781937595,0.16527883513877617,0.783895176977867,0.24313733489267197,-1.1424784211463135,0.012727933944174768,0.0
9.25,-33.2566515139855,-20.869746499253274,1.4839924489146195,-33.38591535551013,-21.195305118503377,1.4614084644489869,0.23320933799428673,-0.1906575290943297,0.0023202074761070773,-0.028001925336252453,0.33779597466562167,0.705919850246451,-0.9910085576868715,0.027797631446741477,0.0
9.3,-33.2070144592513,-20.818968016280202,1.481232427502882,-33.367361031058515,-21.18912034368617,1.4632638968941485,0.2213354030679368,-0.1751829470068355,0.00012436996903870755,0.05405132789917888,0.017007754045957557,0.9093893759012153,-0.9852227349008098,0.04701239016912798,0.0
9.35,-33.16183234805808,-20.773758071536665,1.4786963800424349,-33.33840352032131,-21.1794678401071,1.4661596479678691,0.20840802389079496,-0.14747464198103735,-0.0019111218644446957,0.3590290277896948,-0.15763478328533997,0.872156166012892,-1.1044495343467264,0.0692267235722037,0.0
9.4,-33.120478487993836,-20.73391234324881,1.47703752528155,-33.29781125407721,-21.165937084692406,1.4702188745922786,0.19278639196524402,-0.11002366332959419,-0.0038063256736749498,0.6089077242872827,-0.3721961892233463,0.8395797241390002,-1.132047704409004,0.09338228199237929,0.0
9.450000000000001,-33.08203151215704,-20.699128305453332,1.4768508570331451,-33.24486005371784,-21.148286684572614,1.4755139946282159,0.17387925529382628,-0.06584377613267198,-0.0053001952549031365,0.7794410033538473,-0.5825086228595411,0.8169468645638833,-1.089013900949095,0.11850785264160126,0.0
9.5,-33.045346146822645,-20.668977429278478,1.4786006545091537,-33.17928956280994,-21.12642985426998,1.4820710437190054,0.1521110013240685,-0.017868287158763943,-0.006010789496710217,0.8710048959119537,-0.7571947725324175,0.7984015011806176,-0.995578268440013,0.1437193596073542,0.0
9.55,-33.009141541533495,-20.642913891910595,1.482569373505449,-33.10125967865765,-21.10041989288588,1.4898740321342352,0.12848111732697842,0.03133674921372867,-0.005648500929703608,0.8996590381101761,-0.8817270673125708,0.7741397709256861,-0.8686213237659548,0.1682198638526637,0.0
9.600000000000001,-32.972091511023486,-20.620309439180254,1.4888394122155506,-33.01130698386468,-21.070435661288226,1.4988693016135322,0.10417433940843905,0.07963882398217387,-0.004130588698101832,0.8871077200014867,-0.9556131987618939,0.7371958785960657,-0.722531206726257,0.1912995632160909,0.0
9.65,-32.932903694033236,-20.60049972691117,1.4973087871693325,-32.910301177896606,-21.036767059298867,1.5089698822103392,0.08031446473444942,0.1253024798775748,-0.0015898661590684224,0.8541866806746167,-0.9861496618344845,0.6857268731564989,-0.5710960295857284,0.21233579241173536,0.0
9.700000000000001,-32.89038008354178,-20.582828928306636,1.5077324468139537,-32.79940150864305,-20.999800502881016,1.5200598491356947,0.05783256126437162,0.16693057766314032,0.0016819407826921522,0.817540324733975,-0.9832929577491138,0.6220423230753398,-0.4274829691515083,0.23079302302923718,0.0
9.75,-32.84345751600161,-20.566684253430743,1.5197762732250713,-32.680013203979954,-20.96000440132665,1.5319986796020049,0.03740046487307762,0.20340664278935228,0.005317973736081739,0.7879490051833801,-0.9570257589729922,0.5508538431662613,-0.30231542499613184,0.24622286353377174,0.0
9.8,-32.79123147834288,-20.551517575181226,1.5330719801113637,-32.55374390333174,-20.917914634443914,1.5446256096668256,0.01941711248787367,0.23361194999843243,0.00895755231447815,1.1145936155767944,-1.261718716026155,0.13290817839512184,0.1438941777542311,0.2582640592660552,0.0
9.850000000000001,-32.73298852161596,-20.536856150207594,1.547298423059319,-32.42236008923364,-20.874120029744546,1.5577639910766354,0.004104988027271341,0.24938236357797178,0.012245872925984265,1.1934198044369317,-1.2999688358257226,-0.027979472162704383,0.308992048442167,0.2666424924423403,0.0
9.9,-32.668378241707686,-20.522305479484903,1.5621999752216005,-32.287743518893855,-20.829247839631286,1.5712256481106142,-0.008609854570731205,0.24719805774486908,0.01488482578967826,0.7955208015963282,-0.8693818728569038,0.2908197152747826,-0.006858883234805824,0.27117118215441854,0.0
9.950000000000001,-32.59748155062308,-20.50754617791183,1.5775769219826876,-32.151847655755795,-20.783949218585263,1.5848152344244206,-0.018751253347344756,0.23586815202633962,0.01673798163230298,0.41642040658069057,-0.4734092814166404,0.5851780493580088,-0.29302327759761193,0.2717502843696198,0.0
10.0,-32.52060296870835,-20.49232725639323,1.5933041702474993,-32.016654101060325,-20.73888470035344,1.5983345898939672,-0.02643729996620897,0.2240725578572192,0.01786037243188489,0.2109133935869666,-0.2662134505958669,0.6894738034880277,-0.383669806519066,0.26836709193081265,0.0
10.05,-32.43806979541955,-20.47646047804417,1.609256781207796,-31.884129025408,-20.694709675136,1.6115870974591997,-0.031720956679452954,0.21587035203426783,0.01835356895510077,0.1381936519903636,-0.2026339806580293,0.6387661470778071,-0.31696666418713926,0.2610960345564024,0.0
10.100000000000001,-32.350134079481734,-20.459820421647667,1.6252593965378908,-31.756179600321282,-20.65205986677376,1.6243820399678714,-0.03448863206286677,0.2115614460213698,0.0182735298431905,0.1152928890201802,-0.19037084359332113,0.5174335866847951,-0.1860754572280925,0.2500986788403343,0.0
10.15,-32.25695885338506,-20.44234687550599,1.6410869506128232,-31.634610429806784,-20.611536809935593,1.6365389570193214,-0.03459734945185475,0.20987929679132447,0.017642354288492163,0.08999015384737902,-0.1684801403815619,0.3837029545947366,-0.05779209186789852,0.23562372825209119,0.0
10.200000000000001,-32.158644556037814,-20.4240456622511,1.656485084198522,-31.521079981917474,-20.573693327305822,1.6478920018082528,-0.032052929540351584,0.20939586971054233,0.016491207619700726,0.36458544816873745,-0.4377933967526355,-0.056922110090856626,0.36132813492967325,0.21800702313669343,0.0
10.25,-32.05527685990821,-20.40498518820252,1.6712143247760458,-31.417057020314942,-20.539019006771646,1.6582942979685056,-0.026962329424662295,0.2013540013937217,0.014876972085699474,0.7757689531838059,-0.833705424818695,-0.6356570996970026,0.9020496892135432,0.19767154071470125,0.0
10.3,-31.947121526565763,-20.385291461489164,1.6851066466120812,-31.323777035831608,-20.507925678610533,1.667622296416839,-0.019716734381167215,0.1741801123811684,0.013008317078244878,0.5997414865738196,-0.6499129188337623,-0.6276571622781081,0.860468338242418,0.17512739508221148,0.0
10.350000000000001,-31.83486259618738,-20.365141517845,1.6980093699224459,-31.24219867803296,-20.48073289267765,1.675780132196704,-0.01059585187190901,0.12993917559548593,0.011173340032105792,0.24446562231980268,-0.28558429727497286,-0.4374234620680791,0.636294763003576,0.1509718372108599,0.0
10.4,-31.719565379260487,-20.344751332296994,1.709785922106139,-31.172960186779783,-20.45765339559326,1.6827039813220217,-6.7583682661264165e-06,0.07549537672985884,0.009697699903479733,-0.062061461814915286,0.042203348335295376,-0.28786179211935525,0.44581726042532976,0.12588925494782205,0.0
10.450000000000001,-31.60251683598116,-20.32436441950524,1.7202987617247902,-31.116335823790386,-20.43877860793013,1.6883664176209612,0.011601849864753088,0.01688615491584794,0.008827286608989357,-0.26472991961147196,0.28055453020563303,-0.22636532605096693,0.33753252201848627,0.10065117301580762,0.0
10.5,-31.48508062015516,-20.30424324563594,1.7293766465798968,-31.07219230420285,-20.424064101400948,1.692780769579715,0.02375487144868763,-0.04196324569686648,0.0086729307958643,-0.3884315467693926,0.4470768709983117,-0.21582349385618926,0.28305653641906037,0.07611625301306944,0.0
10.55,-31.368602095676344,-20.28466097345104,1.736811616191128,-31.039945228137228,-20.41331507604574,1.6960054771862774,0.035988344124419064,-0.09871291127795327,0.009212041036769312,-0.466768794562258,0.5663770628297199,-0.2071993023131501,0.2417779719271927,0.05323029341339468,0.0
10.600000000000001,-31.25435948851292,-20.26589235000383,1.7423861685856727,-31.01851551225781,-20.40617183741927,1.6981484487742189,0.047950697133302446,-0.15178459617772957,0.010337217942509046,-0.5092984720049527,0.6538140625078844,-0.17517466097258813,0.18082623239039472,0.033026229566111176,0.0
10.65,-31.143543510772716,-20.248203656780714,1.7459137186070108,-31.006285821335325,-20.40209527377844,1.6993714178664676,0.059245034782923554,-0.1998393272993542,0.011883582623873477,-0.50852235001638,0.7170680184244463,-0.11396858645555175,0.07698231061660454,0.016624133696085588,0.0
10.700000000000001,-31.03724780780095,-20.231842061590903,1.7472837439910098,-31.0010569998092,-20.400352333269733,1.69989430001908,0.069119790433349,-0.24087111760478266,0.013561642808429978,-1.0178539249327945,1.3075987999649823,0.5375838430775393,-0.632867904166915,0.005231214903718512,0.0
10.75,-30.936430077156096,-20.217028602401882,1.7465727077619517,-31.000004503349757,-20.400001501116584,1.6999995496650242,0.0763111901083597,-0.26257208445230157,0.01483705493323257,-0.9847012101260564,1.3364537722922667,0.7199377844522048,-0.860661891764336,0.00014181916495443033,0.0
10.8,-30.841664977605387,-20.203939538538137,1.7440122504431206,-30.99966567970525,-20.399888559901747,1.7000487550429848,0.07995955717342419,-0.2608684857542475,0.015233156377428978,-0.354456125167673,0.736340220012917,0.37049065759532507,-0.5378421543461389,0.0035666311357149213,0.0
10.850000000000001,-30.753040668236963,-20.19269003055833,1.7399877181481773,-30.996438956662757,-20.39881298555425,1.7005193188200143,0.07992961117044856,-0.2463486141040149,0.014683380964804897,0.2861885791149918,0.11931491006885497,0.07077369109050857,-0.27111342395063304,0.016727764384585914,0.0
10.9,-30.67038445523951,-20.18332772197083,1.7351192163894247,-30.987292300510564,-20.395764100170187,1.701853206175543,0.0759246987834956,-0.23036048870892936,0.013237041994581743,0.7041273396994637,-0.2985283771831546,0.025680669694328667,-0.24735818241067173,0.03779351051693265,0.0
10.950000000000001,-30.593484188253434,-20.175811201948722,1.7301491511002607,-30.969823284576176,-20.389941094858724,1.7044007709993076,0.06784488561789294,-0.21886224919985153,0.011006813515806914,0.9014198726042231,-0.5357699542309757,0.19737387854291172,-0.4108504679683848,0.06498945554277527,0.0
11.0,-30.522207595886186,-20.169991332148882,1.725815884809567,-30.942216606333698,-20.380738868777897,1.708426744909669,0.05600283119478228,-0.21269046999270275,0.008134459536726969,0.971887384996222,-0.6850765229355447,0.4623187798860471,-0.6374553258842539,0.09666512259703745,0.0
11.05,-30.45652750319586,-20.165608073075965,1.722788919215641,-30.903201594675263,-20.367733864891754,1.7141164341098574,0.041131289740668306,-0.2100826796232808,0.0047883793201823725,0.6052735718291755,-0.4203645820570461,1.110077839545134,-1.2302948508287372,0.13129397193955392,0.0
11.100000000000001,-30.39646402091266,-20.162304142267605,1.72166748745075,-30.852009717182515,-20.350669905727504,1.7215819162442163,0.024225172143534434,-0.1989590479943656,0.0012256988692365095,0.1075383094245912,-0.026138891901562822,1.8196995033226593,-1.8860621602445777,0.1674734009550631,0.0
11.15,-30.341776055557617,-20.1596504123726,1.7230150884822493,-30.78833208739806,-20.329444029132688,1.7308682372544493,0.006405686079762906,-0.16507254724105208,-0.0020098158588523155,0.33147446545826664,-0.33519936319117627,1.7260208199297853,-1.7514492062915343,0.20392474415321016,0.0
11.200000000000001,-30.291596137109376,-20.15717362284104,1.7272489873313241,-30.712276972096923,-20.304092324032307,1.7419596082358655,-0.011342281966263582,-0.11235132961121894,-0.00435737804192579,0.7418001883079945,-0.8022301260954809,1.3623964129219281,-1.3621939433944101,0.23949327316855093,0.0
11.25,-30.24451047901109,-20.154387804481026,1.734628748083517,-30.62432729855801,-20.274775766186004,1.7547856022936235,-0.028542607631321458,-0.0514609656846855,-0.005579484328119768,1.0356840610763396,-1.1385368200661876,1.0350455372982328,-1.0078432613596489,0.2731481967605433,0.0
11.3,-30.198853158212046,-20.150817414999885,1.7452214243821493,-30.525298161835575,-20.24176605394519,1.7692273513989785,-0.04488774685697012,0.008658059806692424,-0.005714906248185091,1.1421951666528554,-1.2829709038839172,0.8256580806080002,-0.7613457739467963,0.3039826608135571,0.0
11.350000000000001,-30.152972072556473,-20.14601705506966,1.758866101819985,-30.416294332030677,-20.205431444010223,1.7851237432455263,-0.05999844326450434,0.06310968906939195,-0.004974431075884455,1.1142322586416675,-1.2855000843093851,0.700935194557957,-0.5954324076623371,0.3312137483368653,0.0
11.4,-30.10539037271835,-20.139589571376,1.7752089227106485,-30.298667761562644,-20.166222587187548,1.8022776181054478,-0.07344311875862428,0.11006275664305731,-0.0036600959484519202,1.026003835258546,-1.2150760608659124,0.6098422918890725,-0.46851857926729434,0.35418247946464826,0.0
11.450000000000001,-30.0548698191858,-20.13119981352363,1.7937814367762477,-30.17397509244051,-20.124658364146836,1.8204619656857588,-0.0848316237302479,0.14916939637399707,-0.0020957034499395027,0.9264309594645322,-1.1206589411189807,0.5235312507085164,-0.35606897179108576,0.3723538114559957,0.0
11.5,-30.000416864746295,-20.120582423704704,1.8140772575426687,-30.043935163534524,-20.081311721178174,1.8394261219845482,-0.09387649039248412,0.18049305774697263,-0.0005761164980828704,0.8345535376569153,-1.0265116019369722,0.436046650990736,-0.2507507376338966,0.38531663869490146,0.0
11.55,-29.941268566396875,-20.10754385903958,1.8356073745545936,-29.910386517847556,-20.036795505949186,1.8589019661472315,-0.10039104959410167,0.20407323710289973,0.0006585283235323016,0.7519718524722054,-0.9397774995552883,0.35108576494081656,-0.15381295630262082,0.3927837926902689,0.0
11.600000000000001,-29.87687784498008,-20.091960224325494,1.857932566110454,-29.775244909786593,-19.9917483032622,1.8786101173227887,-0.10426509597809695,0.2198804019690061,0.001432474452054653,0.6756134467765883,-0.8593604310285466,0.2703977470244626,-0.06734793912589598,0.3945920420759061,0.0
11.65,-29.80690385583385,-20.07377311479764,1.8806771074626498,-29.640460812434192,-19.946820270811397,1.8982661315200136,-0.10546558733984816,0.2278772642506171,0.0016437351010389434,0.6027125465424628,-0.7817528693677751,0.19095486229887404,0.009516709714029292,0.3907020926105295,0.0
11.700000000000001,-29.731206652462994,-20.052985367222153,1.9035285470275993,-29.507976924819932,-19.90265897493998,1.9175866984637602,-0.10405704635484744,0.22804356985195748,0.0012747691184521453,0.5282659974518717,-0.7025859406048234,0.10994379139209687,0.07997521685375164,0.38119858717776167,0.0
11.75,-29.64984328805542,-20.029657735518626,1.9262277349346286,-29.379685679191883,-19.859895226397295,1.9362958384511835,-0.10018759654510226,0.22040732444186506,0.0003881062652804333,0.44284304487104886,-0.6164704167626895,0.029161448994207723,0.14720885192716535,0.36629010578613325,0.0
11.8,-29.56306234668807,-20.003906603203642,1.9485527883208476,-29.25738674828806,-19.81912891609602,1.9541310992079912,-0.09402282865266276,0.20513819286605406,-0.000898981294054489,0.3368445139589298,-0.5180880884450929,-0.04756468175196267,0.21341105925442533,0.34630916556908015,0.0
11.850000000000001,-29.471294593398476,-19.975902120401354,1.9703002174541453,-29.14274455260789,-19.780914850869298,1.9708497527446824,-0.08566800657124163,0.18265056764864637,-0.0024432843301778902,0.208592841545782,-0.40385527214064515,-0.12126375446186259,0.27972544662045695,0.3217122207849463,0.0
11.9,-29.37513816334101,-19.945865747000433,1.9912664276907703,-29.03724576768368,-19.745748589227894,1.986234992212797,-0.07515662338751555,0.15362749381828172,-0.004082392660111683,0.06842627424688427,-0.2731872505810306,-0.20101031663050142,0.34646837387261087,0.29307966281698367,0.0
11.950000000000001,-29.2753378176006,-19.91406641867977,2.0112324172818306,-28.942156831352037,-19.714052277117347,2.0001021287611613,-0.06256221846375423,0.11890782601675427,-0.005617516313732544,-0.06853388448366962,-0.1282252391893042,-0.29605709521274215,0.41258707728851385,0.26111582017334783,0.0
12.0,-29.172759131428215,-19.88081480369317,2.029954127120857,-28.858481451025394,-19.68616048367513,2.01230478839213,-0.048137453475971655,0.07930624765466573,-0.006814679572365596,-0.19657170679594388,0.02928381783828249,-0.40167595793066974,0.47267497078322,0.22664895848710684,0.0
12.05,-29.068359482328674,-19.84645554047358,2.047160171155035,-28.78691811096341,-19.662306036987804,2.022741108817836,-0.03234882371158915,0.035616070843938655,-0.007450017859681326,-0.3240218079180206,0.19747597311361198,-0.4954347929426257,0.5177123415506253,0.19063128051622746,0.0
12.100000000000001,-28.963158258705413,-19.811357826409775,2.062557723253533,-28.727817579544464,-19.642605859848157,2.0313599363164325,-0.015725163247650404,-0.011122816687389243,-0.007372275693986944,-0.45701502871474764,0.3676039385456321,-0.5549674628781278,0.5422667706725992,0.1541389261435918,0.0
12.15,-28.858208577155125,-19.775905141501536,2.075846346826987,-28.681140416537115,-19.62704680551237,2.0381670225883375,0.00137556380438413,-0.05948699489334673,-0.0065182170712598355,-0.5812831782874849,0.5255859935825097,-0.5775418550408368,0.544051924867797,0.11837197237698655,0.0
12.200000000000001,-28.754572207907785,-19.740484947808522,2.0867386905317016,-28.646414480371536,-19.61547149345718,2.0432312216124844,0.018763538005070794,-0.10787835539971613,-0.004875148696795692,-0.6671971599522024,0.6626040424820872,-0.5759750135876487,0.5150872956911028,0.08465443334910032,0.0
12.25,-28.653298530836867,-19.705478977161903,2.0949864518327495,-28.622692435411007,-19.607564145137005,2.0466906865025614,0.03604904094001865,-0.15478598521309705,-0.002494503220879954,-0.697042848492521,0.7761111720193035,-0.5527041440870133,0.4420116320956242,0.05443426031753514,0.0
12.3,-28.55540697407076,-19.671254335267633,2.1004099749891503,-28.608509259223357,-19.60283641974112,2.04875906636326,0.052371578409245924,-0.19878205332895607,0.0004105427893555483,-0.6830188097384162,0.8608984563703851,-0.4838763105384748,0.3153726837720071,0.02928334166479602,0.0
12.350000000000001,-28.46187084616387,-19.63815532316179,2.1029335496097206,-28.601839749852434,-19.60061324995081,2.04973170314652,0.06668245866047734,-0.23744100228233114,0.003443901390716558,-1.2018288379622672,1.4592308482500354,0.2134998651278041,-0.41935664271474665,0.010897502898297317,0.0
12.4,-28.37356818163659,-19.60649973105493,2.1026830057875743,-28.600056033089547,-19.600018677696518,2.0499918285077743,0.0782001693206732,-0.25796943015837603,0.006106383484161286,-1.1425942005237373,1.4474200295890984,0.4232086817281153,-0.6406707395862226,0.0010965066503601532,0.0
12.450000000000001,-28.291045965749007,-19.576565209226317,2.0999569175791897,-28.59987426401451,-19.6,2.049977996202539,0.0865583339006052,-0.2565280917022868,0.007983805339722797,-0.5038266742993125,0.8535418767052638,0.12986820834661783,-0.36782322029243636,-0.0023539735851340563,0.0
12.5,-28.214419893660843,-19.548575033419535,2.0952091481242054,-28.59737320202697,-19.6,2.049540310354719,0.09108687939249886,-0.24339915375669893,0.008805481144038124,0.07025988298518301,0.254237344469136,-0.11205607915051913,-0.09074536978293496,-0.017277128753617477,0.0
12.55,-28.14354179937792,-19.52268251277272,2.088997883809488,-28.58891809787954,-19.6,2.048060667128919,0.09215931093274894,-0.22884683368493325,0.008744768142493154,0.34197280548559783,-0.11286243936659007,-0.15764836599137655,0.04874127761893607,-0.04358352901183339,0.0
12.600000000000001,-28.078173058303722,-19.498957371241406,2.0817717492188237,-28.57163226814836,-19.6,2.0450356469259625,0.0910458700804631,-0.21813704519412633,0.008197473819165834,0.36192917881448733,-0.2338725524008694,-0.09271457460180353,0.0775567774266104,-0.07867483411871404,0.0
12.65,-28.018095585305538,-19.477396125233817,2.0737401764782746,-28.54335452721729,-19.6,2.0400870422630253,0.08900297717857314,-0.2121797799188523,0.007481797596547664,0.2505909821735692,-0.18885624333854492,-0.03042886556615128,0.07246690457874484,-0.12014089966120857,0.0
12.700000000000001,-27.963148090891806,-19.4579487245479,2.064867583116505,-28.502585417041352,-19.6,2.032952447982236,0.08678092159430786,-0.2085737537249108,0.006760826617384789,-0.6041904638463798,0.6371683985316464,0.6733486272597387,-0.6117514028951592,-0.16575977705428893,0.0
12.75,-27.913158871064027,-19.440548504677047,2.0549909365536045,-28.448433436910143,-19.6,2.023475851459275,0.0846875966980558,-0.19084718013361776,0.006108036772837803,-1.03371090861146,1.0639176481046806,0.8863461014237947,-0.8304542053774208,-0.2134977135409392,0.0
12.8,-27.867632567350036,-19.425126610079253,2.043898328338241,-28.380561273211264,-19.6,2.0115982228119704,0.08271258430902027,-0.14993098364195645,0.005553703286737564,-0.86808790043886,0.9124947051757079,0.47249531088198227,-0.43804499993817525,-0.2615091521921682,0.0
12.850000000000001,-27.825562760894837,-19.411610427179713,2.0313001970009803,-28.299132029193732,-19.6,1.9973481051089026,0.0806091616803765,-0.09234260513491514,0.005096526710536041,-0.581974767212236,0.6341823815188554,-0.05879586648747388,0.07928933537279208,-0.3081367319069961,0.0
12.9,-27.78559555910114,-19.399928635857744,2.0169085085728207,-28.20475545473142,-19.6,1.980832204577998,0.07833511934279319,-0.02778475238418906,0.004777221946705965,-0.37992357080139944,0.4319361911326839,-0.47378734124037114,0.49013024745223643,-0.3519112874124682,0.0
12.950000000000001,-27.746258245479382,-19.390010356019687,2.0004542790584994,-28.098434176086467,-19.6,1.9622259808151314,0.07587297836886472,0.03612486296383756,0.004621710405049156,-0.2837546471828815,0.33178325610021553,-0.7263920813310222,0.7446945025977677,-0.39155184926364267,0.0
13.0,-27.706125644105693,-19.381782589139505,1.9816871188413352,-27.981509925672718,-19.6,1.9417642369927253,0.07326016192921647,0.09497493196328734,0.0046315150644174454,-0.2360608694562928,0.2846813486690145,-0.8530595508896699,0.8710780966649643,-0.4259656438435966,0.0
13.05,-27.66390613274799,-19.37517122334512,1.9604059589019454,-27.855609771819115,-19.6,1.919731710068345,0.0704641752227027,0.1465189221231163,0.004796995807259019,-0.18350231582334509,0.23901278102406842,-0.8913978866422007,0.9049132588585816,-0.45424809336342903,0.0
13.100000000000001,-27.618467365383655,-19.37010415147923,1.9365064495608828,-27.722592348533166,-19.6,1.8964536609933038,0.06735485138325736,0.18961270130152366,0.005130504087268343,-0.1088217401610676,0.1669312059499235,-0.8506832848332273,0.8662752447901512,-0.4756828158622526,0.0
13.15,-27.568832111039846,-19.3665140613037,1.910020849164631,-27.584494085264318,-19.6,1.8722864649212556,0.06394474877216308,0.22385905742351522,0.005630052221581766,-0.004390687192162623,0.05664860527653748,-0.7399094060800748,0.7684324303145429,-0.4897416252072014,0.0
13.200000000000001,-27.514168382221467,-19.364340194664663,1.8811448731557618,-27.443475436667427,-19.6,1.8476082014167996,0.06042292751647903,0.24841360848762406,0.006238770302526467,0.5226258647745154,-0.47464168074814894,-0.9630708043725635,1.0045132505433232,-0.4960845310934259,0.0
13.25,-27.4538185217965,-19.36353060081923,1.8502811204276632,-27.301767112366154,-19.6,1.822809244664077,0.05698916755134755,0.2562462155167292,0.006860424854792259,0.589890169521728,-0.5312814314908625,-0.6605277371495022,0.6999652371581413,-0.49455973904409545,0.0
13.3,-27.38745116690985,-19.36403790225464,1.8179763117512733,-27.161616306716386,-19.6,1.7982828536753677,0.05347156612884806,0.24870079161661512,0.007477697429858027,0.4085181402135598,-0.33783655283087916,-0.06787454179223756,0.10373216000628505,-0.48520365041039726,0.0
13.350000000000001,-27.31505741893961,-19.365816280051902,1.784914036818114,-27.025232928569682,-19.6,1.7744157624996946,0.04975260788453626,0.23499480416646526,0.008082378958683765,0.32441073641580537,-0.24897425178402993,0.4412414748469356,-0.4017093864237386,-0.4682408623715377,0.0
13.4,-27.23677506613617,-19.368816171507124,1.7518776480215958,-26.894735831036673,-19.6,1.7515787704314174,0.045827499049727105,0.22272089648784277,0.00866403285989845,0.41797411370916004,-0.3420341455494471,0.7583786235833292,-0.7111804907150803,-0.4440841679347393,0.0
13.450000000000001,-27.15273779294424,-19.37297650043727,1.7196429584831545,-26.772099041250492,-19.6,1.730117332218836,0.04170770432565127,0.21485555435133896,0.00922828535580838,0.829445177031991,-0.7552954935245231,0.7231469137338071,-0.6662039250112863,-0.4133345559352457,0.0
13.5,-27.063017426000936,-19.37822233631875,1.6889190010179553,-26.659097990130217,-19.6,1.7103421482727879,0.03746984028872856,0.2048404340000086,0.00976616367441763,1.5250278881937445,-1.4533970582003566,0.35726752216613417,-0.2902216118283862,-0.3767812110363171,0.0
13.55,-26.96778651262482,-19.384469613879546,1.6603817228454287,-26.557255742144257,-19.6,1.692519754875245,0.03335078614864963,0.1799825461312424,0.010193573518309787,1.6792636794688534,-1.6025524233496338,0.4739981689432332,-0.40614841861684636,-0.3354015137292307,0.0
13.600000000000001,-26.867627355365883,-19.391628852312667,1.6346497587461613,-26.467789225073812,-19.6,1.676863114387917,0.02935939604926356,0.13906325529875274,0.010453901120252197,1.5869511164667385,-1.502077491012315,0.7683637957746303,-0.7052520679284733,-0.2903610403332846,0.0
13.65,-26.763604060714908,-19.399605072601624,1.6122451715184354,-26.391555459776267,-19.6,1.663522205460847,0.025372710554159458,0.08703135769458681,0.010523210872207322,1.441468088956712,-1.3547592139828606,1.0405630340321312,-0.9785454515828709,-0.24301356299579113,0.0
13.700000000000001,-26.657138495132752,-19.408296006832796,1.5935491719318018,-26.32899778994864,-19.6,1.6525746132410122,0.021333806974873904,0.0296316592066731,0.010379341865779474,1.3144605323028333,-1.2350133589289225,1.2178700298770022,-1.1508145489410486,-0.1949010496920851,0.0
13.75,-26.549841105477753,-19.417591560182903,1.5787487470774617,-26.28009211189099,-19.6,1.6440161195809235,0.017285084168106497,-0.028878782315695867,0.010010697716176324,1.2056109364587264,-1.1397535338036622,1.3069741698322817,-1.2316759003849123,-0.14775366422552047,0.0
13.8,-26.443366483946875,-19.427376792724438,1.5678163837736179,-26.244293104269847,-19.6,1.6377512932472233,0.013328601502152577,-0.08579399783069565,0.009430778912136553,1.0939330044861821,-1.0436156470839477,1.3411541562238005,-1.258576410086584,-0.10348976622746153,0.0
13.850000000000001,-26.339309923860704,-19.437537295714183,1.5605294994185281,-26.22048045788162,-19.6,1.6335840801292838,0.009573784087438237,-0.13923150994845196,0.008679630179227248,0.9640978214714993,-0.9278714767034069,1.3495607388177386,-1.2634856960286365,-0.06421591115729984,0.0
13.9,-26.239135499441378,-19.447964588912544,1.5565121861786004,-26.206905105416052,-19.6,1.6312083934478088,0.0061008517315234,-0.1874848563199002,0.007813746345306656,0.8115001171524122,-0.7862354865499293,1.3474666850181336,-1.262566829767394,-0.032226850302440414,0.0
13.950000000000001,-26.144120432031794,-19.45855990058332,1.5552824806825625,-26.20113545121961,-19.6,1.6301987039634318,0.002949326023036429,-0.22869655063346672,0.006893118684339991,0.4798311337285077,-0.46201782104156197,1.4952009697472886,-1.4157079808862647,-0.010005530778307195,0.0
14.0,-26.055298627218846,-19.469235899071414,1.5563257641227874,-26.200003601058935,-19.6,1.6300006301853136,0.00011505600034484657,-0.2552178587794538,0.005974268808948151,-0.08399177519424561,0.09719692869053853,1.8381395571417034,-1.7668339128578685,-0.00022309552834161094,0.0
14.05,-25.973265115521528,-19.479916007577827,1.559147840283772,-26.199662150531786,-19.599831075265893,1.6298944220411833,-0.002449644212345008,-0.25773513561311123,0.0051170673139103616,0.1808574058651491,-0.14633721159361457,1.2914898715209489,-1.2533367508435067,-0.00748466801376243,0.0
14.100000000000001,-25.897976215905985,-19.490532483327613,1.5631827731618517,-26.196618821717202,-19.5983094108586,1.6289433817866252,-0.005149339127898608,-0.24551776568161635,0.004271291786035658,0.5197708376056633,-0.3755248434485827,0.5816787527053009,-0.6652183524336588,-0.03319456631747004,0.0
14.15,-25.828982817480952,-19.501015215586747,1.5678305625701432,-26.18833278331432,-19.59416639165716,1.6263539947857244,-0.009385399373395163,-0.2304908138276303,0.0031395263003324383,0.5974656251745019,-0.3362832356692648,0.04464354381159147,-0.26188179441970577,-0.07217966981592236,0.0
14.200000000000001,-25.76573976034893,-19.51126126556574,1.5724055585268957,-26.1730690849391,-19.58653454246955,1.6215840890434687,-0.0167164354930157,-0.21909268761245376,0.001429676474455268,0.40485883918391596,-0.10777945570497013,-0.2805066694888546,0.0019698458722116063,-0.11966128678026737,0.0
14.25,-25.707779934043874,-19.521105111810694,1.5761195983542629,-26.149816644231244,-19.574908322115625,1.6143177013222643,-0.027719275347761148,-0.2125759756084275,-0.000925641604195693,0.006317069500528627,0.2300799928878079,-0.40896252894220564,0.15676997705234896,-0.17136975864265924,0.0
14.3,-25.654756212330213,-19.530311643040648,1.5781578603641415,-26.118206801548425,-19.559103400774216,1.604439625483883,-0.041780695146320684,-0.2059399817113449,-0.003761377209287108,-0.9106364720672061,1.0280849887894243,0.025167384628472123,-0.19879824525788736,-0.22354445999626515,0.0
14.350000000000001,-25.60633238720902,-19.538590618125735,1.5778156002503059,-26.078431874660527,-19.539215937330265,1.5920099608314153,-0.057531740669751336,-0.18693833678340874,-0.006654522254887495,-1.1490586812697199,1.1401072380575057,-0.13142892247964688,0.04417734049398192,-0.2729337985952525,0.0
14.4,-25.561976140163058,-19.54562381064787,1.5745514280690838,-26.03116371344389,-19.515581856721948,1.5772386604512156,-0.0735913638417751,-0.15541071622568897,-0.009114636602159748,-1.0709930905163705,0.9484985971538809,-0.48550472319800936,0.47868544330694857,-0.31679521535480326,0.0
14.450000000000001,-25.52094939599285,-19.551089789593707,1.5680174224865413,-25.977472254575538,-19.48873612728777,1.560460079554856,-0.08878524176626008,-0.1175407151622853,-0.010825958142233172,-0.9230962457644073,0.6990291373487106,-0.772852150406368,0.8450010525198989,-0.35289518435110123,0.0
14.5,-25.482426153096046,-19.554679535219222,1.5580820764393553,-25.918744076227437,-19.45937203811372,1.542107523821074,-0.10204052810107876,-0.07942260642891924,-0.011717652546404179,-0.7796220658963602,0.47255753431659775,-0.9147520309869293,1.0582943728104761,-0.3795092128213389,0.0
14.55,-25.44560358132483,-19.556107628410253,1.5448141196804146,-25.856600952760704,-19.428300476380354,1.5226877977377204,-0.11246500077574288,-0.04544796803440923,-0.011936276979330071,-0.63003429575901,0.27311760471835034,-0.9267403646792094,1.1173557949187056,-0.3954218411637187,0.0
14.600000000000001,-25.40977518828524,-19.555122037995766,1.5284651337991588,-25.792818409419883,-19.396409204709943,1.5027557529437137,-0.11964830120147789,-0.018380997523344694,-0.0117391729575376,-0.4672214924355852,0.08415182187775616,-0.8280342912539775,1.0472457839489846,-0.3999266429374477,0.0
14.65,-25.374370479126593,-19.551513924006784,1.5094616478626521,-25.729244277027146,-19.364622138513575,1.4828888365709836,-0.12333145553752442,0.0005268605714910284,-0.011357422361703656,-0.29225917728926554,-0.11016490133993839,-0.6357782830576074,0.8789817721702445,-0.3928262248627412,0.0
14.700000000000001,-25.338973742294367,-19.545129508013243,1.4883966940142273,-25.667717246676563,-19.333858623338283,1.4636616395864264,-0.1230970450810275,0.011199689237517602,-0.010955781191824119,-0.09342906770597043,-0.31547131975285886,-0.3858777196405958,0.6403904337839506,-0.3744322268208225,0.0
14.75,-25.303333652067263,-19.53588481180601,1.466010482570105,-25.609985424428324,-19.304992712214162,1.4456204451338517,-0.11869561236094972,0.014079797396477864,-0.010619807571710911,0.13681008382156054,-0.5286628782870886,-0.11521736242449435,0.35674432842256876,-0.3455653218539227,0.0
14.8,-25.26737070448778,-19.523781781192767,1.443155513719675,-25.557624886002976,-19.278812443001488,1.4292577768759307,-0.11026641695795854,0.0096873451885995,-0.010337494436013823,0.3836047223063582,-0.7380784266889973,0.15847829857507878,0.049291780943220176,-0.30755521616527753,0.0
14.850000000000001,-25.231183309400873,-19.508923045888565,1.4207462666331423,-25.511958231475678,-19.25597911573784,1.4149869473361496,-0.0982132544146605,-0.0013309136056540642,-0.010013857993201031,0.6207954416816367,-0.9263011499247676,0.42788922658086836,-0.26448314120049654,-0.2622406491191343,0.0
14.9,-25.195048580189958,-19.491521767665404,1.3996964097037188,-25.473973139970415,-19.23698656998521,1.4031166062407554,-0.0830657996190586,-0.01802535273475149,-0.009507727536630596,0.8275640309532866,-1.0753085944499772,0.6818192777457377,-0.5686289453168827,-0.21196939324074263,0.0
14.950000000000001,-25.15941190474213,-19.47190300650281,1.3808495490388313,-25.444240924354265,-19.222120462177134,1.3938252888607086,-0.06548526135993905,-0.03910443122142138,-0.008672981537309464,0.9909771892092338,-1.1697555359724565,0.904693014178512,-0.8480538703366661,-0.15959825421636326,0.0
15.0,-25.124859714949263,-19.450492990651437,1.3649101162080166,-25.42283508593162,-19.21141754296581,1.3871359643536314,-0.046311756592532546,-0.06297049029163106,-0.0074046985778481855,1.1023743870382083,-1.1982734013521086,1.081442063326328,-1.0891109743424086,-0.10849307089326729,0.0
15.05,-25.092073081878105,-19.427794647706193,1.3523830094150533,-25.40924986913842,-19.20462493456921,1.3828905841057566,-0.026568452307175024,-0.08776062192317897,-0.005685871026779082,1.1543224569656376,-1.1533641604364102,1.2006471572146897,-1.2804211668462369,-0.06252871527972456,0.0
15.100000000000001,-25.061763304574608,-19.40435026384148,1.343528624675788,-25.40231881623641,-19.201159408118205,1.3807246300738787,-0.0074357818762849194,-0.11139164682116334,-0.0036214189971856712,1.1392944432393686,-1.030314844827075,1.2547283388573136,-1.413267931946702,-0.02608909254502036,0.0
15.15,-25.034594433554652,-19.38069471697597,1.338336725955543,-25.40013332200737,-19.200066661003685,1.3800416631273034,0.009790653443407784,-0.13160405811106404,-0.0014462118201387013,1.0491456178176002,-0.8255599876032844,1.23837550142903,-1.481209811636414,-0.004067141019441355,0.0
15.200000000000001,-25.011099873450224,-19.357304722831362,1.336517792447738,-25.399967918832512,-19.19997433506601,1.379997433506601,0.023741058930958143,-0.14600464620391654,0.0005006008789932694,0.8762789822811938,-0.5357644247259392,1.1469728212394683,-1.4801884794427296,-0.0003890404305108104,0.0
15.25,-24.99160268740251,-19.334550389838775,1.3375167388588676,-25.398638736008873,-19.1989109888071,1.3798910988807098,0.03297426267649066,-0.15216207579365806,0.0018333142116829589,0.66441209394901,-0.1979558592883066,0.9727391507435004,-1.4144856344402685,-0.004588359501287767,0.0
15.3,-24.97616095635667,-19.312655939141553,1.3406075960890524,-25.393416832455827,-19.194733465964664,1.3794733465964661,0.035965831570023594,-0.14820404278485697,0.002214507123606625,0.4622457652905603,0.09024084266365873,0.7379492844935938,-1.2619953751416098,-0.012704579824421847,0.0
15.350000000000001,-24.96455340043888,-19.2916732869576,1.3450316835337466,-25.38211307149101,-19.18569045719281,1.3785690457192807,0.031733871240706576,-0.13361082989938605,0.001564106166879864,0.27534533841843006,0.2741658403698803,0.4882948066258311,-1.0198227917632259,-0.02391835453876853,0.0
15.4,-24.956302831116925,-19.271474015183202,1.350085505563934,-25.363033123982785,-19.170426499186227,1.3770426499186226,0.0204397424886136,-0.10925355484044261,0.0001830104172716372,0.11022468408209152,0.3599669284475454,0.25111403374853114,-0.7229681238146121,-0.03746564634311706,0.0
15.450000000000001,-24.950726424115448,-19.251764966508404,1.3551586205365973,-25.334942899875294,-19.147954319900236,1.3747954319900235,0.003158959847822242,-0.07699912412549577,-0.0013845839243785047,-0.025035525660052182,0.3812464667215263,0.0390484655614417,-0.4178564313280443,-0.05263772749618798,0.0
15.5,-24.946994891571983,-19.232121365518466,1.3597382698915614,-25.29703397971351,-19.11762718377081,1.3717627183770809,-0.018688096950514443,-0.03919021658742746,-0.0025749296665005333,-0.1335600897102762,0.370670593686918,-0.13320306677694757,-0.1412341481859102,-0.06878117981663402,0.0
15.55,-24.94418722935419,-19.212026238497547,1.3633977442491412,-25.24888904616826,-19.079111236934608,1.3679111236934607,-0.04368288955331049,0.0019219790786755048,-0.002945415480259049,-0.22456920407565778,0.34513326403784517,-0.2503464051132591,0.08948645430548219,-0.08529789468304212,0.0
15.600000000000001,-24.94133515594542,-19.19090746282316,1.3657821073003709,-25.190447315561276,-19.03235785244902,1.3632357852449022,-0.07043993707919007,0.04454118644561467,-0.0022348332666086313,-0.29664589843456934,0.30458516786099626,-0.3107557451621949,0.27452370746615157,-0.10164507303392928,0.0
15.65,-24.93745650926211,-19.168168491583888,1.3665990040259333,-25.121969969390236,-18.97757597551219,1.357757597551219,-0.09755618667934501,0.08727826221203244,-0.0003983282333872621,-0.3331847550392897,0.24375288082926994,-0.33019232244459973,0.41870364416015693,-0.11733522536774736,0.0
15.700000000000001,-24.931579421176334,-19.143212325901604,1.3656167039451104,-25.044005585853814,-18.915204468683054,1.3515204468683053,-0.12372793765470527,0.12886917242370027,0.002392649293602101,-0.3177276802266205,0.1638270023443953,-0.32660665780305354,0.5196878507044086,-0.1319361717428789,0.0
15.75,-24.922759967692617,-19.11545994806397,1.3626681624445096,-24.957355571376716,-18.845884457101373,1.3445884457101374,-0.14799623950667617,0.16805312221872462,0.0058260723800976156,-0.2510408903785222,0.0685203315709152,-0.3030878627954465,0.5730240011745855,-0.14507104177763888,0.0
15.8,-24.910096110541588,-19.084364821631393,1.3576586885862427,-24.863039592134708,-18.77043167370777,1.3370431673707768,-0.16976269802131203,0.20367109729573238,0.009548389377697326,-0.14990361477006447,-0.04480396796205005,-0.24893113629447972,0.5825485056431354,-0.1564182746502763,0.0
15.850000000000001,-24.892740633942772,-19.049424640927597,1.3505770141305051,-24.762261005579692,-18.689808804463755,1.3289808804463754,-0.18845466435628228,0.2340671111978355,0.013175049493277365,0.42859134541845434,-0.6380332303824797,-0.6161034069359234,1.0141591061852648,-0.16571161909897072,0.0
15.9,-24.8699455642846,-19.010184419408176,1.3415475015756986,-24.65637229196471,-18.60509783357177,1.3205097833571768,-0.2032249552970698,0.2493620322567593,0.01618225703743744,0.5795763674116958,-0.8019452649039576,-0.5173277107054608,0.9689115346282089,-0.17274013342183564,0.0
15.950000000000001,-24.84126484559432,-18.96625426429709,1.3308045108616933,-24.546840485869016,-18.517472388695214,1.3117472388695213,-0.21326740925105298,0.2473497531975606,0.018034972913997558,0.34308696900290203,-0.5627215707141906,-0.012735846529163902,0.48560431068751264,-0.17734818547691605,0.0
16.0,-24.8066290103914,-18.91732312784923,1.318684464258961,-24.43521260772311,-18.42817008617849,1.3028170086178488,-0.21854347821603884,0.23631199554939245,0.01863617696611035,0.14313115953569,-0.3657031790751119,0.4546791748775599,0.02796777391703914,-0.1794354526821895,0.0
16.05,-24.7661775101909,-18.86316307998373,1.305636062522958,-24.32308109533376,-18.338464876267007,1.2938464876267006,-0.21909587210390116,0.22450883999769428,0.018101140317412136,0.10072928888256882,-0.3442357775672682,0.7432609861892221,-0.2480866422418775,-0.17895692201556648,0.0
16.1,-24.72008646592205,-18.803654832604074,1.292136628168575,-24.212049235409076,-18.24963938832726,1.284963938832726,-0.21476421320657377,0.21618281771526912,0.016533705408394113,0.1822150287606894,-0.4565934593970531,0.8706435055904227,-0.3670639042556927,-0.17592289001488928,0.0
16.150000000000002,-24.668475355242624,-18.738813739302707,1.2786254379568818,-24.103696595083534,-18.162957276066827,1.2762957276066826,-0.20529449724300977,0.21182914140564418,0.01397771803195177,0.31127274723185683,-0.6121325122597419,0.9047242912331515,-0.41090823672312937,-0.17039896277793312,0.0
16.2,-24.61138919997803,-18.66880524554216,1.2654836479122065,-23.99954445344303,-18.079635562754426,1.2679635562754425,-0.19055023862019183,0.2101430705863052,0.010456105567678111,0.4296863693295619,-0.742689276399577,0.9013363138415221,-0.44524115761568683,-0.1625060559624061,0.0
16.25,-24.548823049655514,-18.5939498770718,1.2530340008115142,-23.901021233049892,-18.000816986439915,1.2600816986439913,-0.17067277848076653,0.20966883951983256,0.006025678542633402,0.5133740216951745,-0.8221213207083873,0.8859611046372693,-0.4968166872868762,-0.15242039478594702,0.0
16.3,-24.480754375882665,-18.51471839974466,1.241542295524615,-23.80942793146796,-17.92754234517437,1.252754234517437,-0.1461119007499286,0.20949874007608607,0.0008030086794810612,0.5622254633779061,-0.854616601925231,0.8624587768821463,-0.5635073773613057,-0.1403735140261287,0.0
16.35,-24.407164866319107,-18.431718235828647,1.2312165998013298,-23.725903552787614,-17.860722842230093,1.2460722842230092,-0.11754391947159076,0.2092024288796287,-0.005046521071116892,0.9108366942079408,-1.1815692526440815,0.501549804373556,-0.3068617813390404,-0.12665225802045554,0.0
16.400000000000002,-24.32806827555971,-18.345670715501793,1.2222312510015545,-23.65139053915081,-17.80111243132065,1.2401112431320649,-0.08583065582236768,0.20025090280028507,-0.011228246833551971,1.413376939487094,-1.667073912706744,-0.04624977474247424,0.13705125474089722,-0.11159878066636582,0.0
16.45,-24.24372592418346,-18.257383422848424,1.2147684726292582,-23.586600202276127,-17.749280161820906,1.2349280161820904,-0.05206606634845955,0.17052017641276243,-0.016968631617195445,1.2301477744371616,-1.4826291600881878,0.06265168095199766,-0.05225678333092801,-0.09561054542122926,0.0
16.5,-24.154922094239012,-18.16773064692663,1.2089448067983832,-23.531978154983804,-17.705582523987047,1.2305582523987044,-0.016987545901289536,0.12346627746012882,-0.021414810615381162,0.8454307005942694,-1.092837786781616,0.35158025663900055,-0.4060327570275652,-0.07914032530234648,0.0
16.55,-24.062885347069262,-18.07762940089945,1.2048111421695165,-23.487669742720797,-17.67013579417664,1.2270135794176638,0.018955391093235744,0.06819887250471515,-0.02402129532419147,0.5317896483369933,-0.7443520572107732,0.555045130397669,-0.6780090563174673,-0.0626962028869526,0.0
16.6,-23.96905673491744,-17.98802179032948,1.2023235393966725,-23.45348547508581,-17.64278838006865,1.224278838006865,0.055256710401329574,0.012239782820431939,-0.024595302535457015,0.3599002920134091,-0.4971067610021944,0.611095611614642,-0.81507315319189,-0.046841570312215045,0.0
16.650000000000002,-23.874892774312684,-17.899851318799954,1.201306969964477,-23.42886645735433,-17.623093165883468,1.2223093165883465,0.09110744413655535,-0.04025452653782756,-0.02323546709994126,0.299373335024027,-0.32317674951441566,0.5626790339046975,-0.8595715160380012,-0.03219512927523335,0.0
16.7,-23.78174890344799,-17.814028767060723,1.2014696943229057,-23.412849822003686,-17.61027985760295,1.221027985760295,0.12530920827124545,-0.08760083847492019,-0.020279941496829282,0.29732252003523985,-0.18028695917815019,0.4759537769900828,-0.8719459449309441,-0.01943089103303962,0.0
16.75,-23.690830671157432,-17.73139500822404,1.202453432115135,-23.404034160238083,-17.603227328190467,1.2203227328190467,0.15636127199304176,-0.12916425512199822,-0.016275083042199864,0.3126026684634362,-0.043532657098519445,0.4010284467311551,-0.8936398951267817,-0.009278176402597016,0.0
16.8,-23.603179953456355,-17.652687422182428,1.2038891129087235,-23.400544953513638,-17.600435962810913,1.2200435962810912,0.18264364691111154,-0.1643699348777722,-0.011928992968788287,0.3214678990464841,0.09178753972627152,0.36282790315460584,-0.940321688656699,-0.002521615760802628,0.0
16.85,-23.519668038975723,-17.578512125072383,1.2054430867837873,-23.400000005063436,-17.600000004050752,1.220000000405075,0.20260842294994122,-0.19229442450042025,-0.008027600368462232,0.3123295820873212,0.2211989484010909,0.3652355216494244,-1.0107524624900033,-1.1490444862747001e-06,0.0
16.900000000000002,-23.440980488279948,-17.50932097221807,1.2068517941282335,-23.399327263325677,-17.6,1.2201177289180059,0.21496641493571464,-0.21158579346782408,-0.0053063269761803086,0.2585587208382566,0.31507675886538755,0.44232247175276806,-1.0929183689291573,0.007102545028189673,0.0
16.95,-23.367596445359933,-17.445401286354063,1.2079833526319423,-23.394706943592407,-17.6,1.2209262848713287,0.21950030835363407,-0.22030905434541115,-0.0041569083815139515,0.15039449860101728,0.2828740560544895,0.6555418636874015,-1.152572923408374,0.027169726569670767,0.0
17.0,-23.299764395597602,-17.386897906092173,1.2089395549749336,-23.382825042092943,-17.6,1.2230056176337347,0.2180114414886994,-0.21627631151606339,-0.004312212784492246,0.10747099716397968,0.10951185929244434,0.8988927719117962,-1.183056402346725,0.05749814483112618,0.0
17.05,-23.237456505265587,-17.33386063165271,1.2100880507164948,-23.36111407739582,-17.6,1.2268050364557317,0.2132077161078006,-0.19850439297719383,-0.005116704985037739,0.20359010012142442,-0.15580368425455626,1.0766529361536619,-1.2021289267258424,0.09556906236425505,0.0
17.1,-23.180320903149376,-17.286294878947892,1.2120120459896768,-23.327699322222212,-17.6,1.2326526186111124,0.20727865936071502,-0.1679403624725866,-0.005989084924100785,0.4191382532129182,-0.44687412504140145,1.1672118978591361,-1.2275922947831022,0.13905193754877587,0.0
17.150000000000002,-23.127661702588906,-17.244192479898707,1.2154110621087981,-23.281345033209387,-17.6,1.240764619188357,0.20125297093507624,-0.12699031312731507,-0.006644692003187124,0.6877234430225225,-0.7151691878013162,1.190888222607718,-1.25905283111105,0.18580442459242524,0.0
17.2,-23.078461003398868,-17.207533108994927,1.2209838120942833,-23.221400680674105,-17.6,1.2512548808820314,0.1951230281310825,-0.07876198722274595,-0.007025095153546493,0.9432440996744952,-0.9386087366949201,1.1745975997216704,-1.2790623101194707,0.23387237353095455,0.0
17.25,-23.03144222280044,-17.176263245352573,1.2293193913324638,-23.147747178376044,-17.6,1.264144243784192,0.1883906718270476,-0.02648137365250253,-0.007116047164053131,1.1422651473299925,-1.1118276488280063,1.1368738186113805,-1.2677181090234115,0.2814898302281438,0.0
17.3,-22.98516336474836,-17.150269460346372,1.240817905404055,-23.06074311328124,-17.6,1.2793699551757824,0.18060005160718237,0.02687522412468954,-0.006848103229505584,1.2680158053907669,-1.2357169264924903,1.085947844752083,-1.214267073230424,0.3270790363757807,0.0
17.35,-22.938122914291682,-17.12936214805881,1.2556527092011491,-22.9611709753255,-17.6,1.296795079318037,0.1716244171510855,0.0787578888436722,-0.006121610703404826,1.324840305827236,-1.3123553522434042,1.0227709335556503,-1.1203626776447295,0.36925042949367487,0.0
17.400000000000002,-22.88886059979282,-17.113277341428493,1.2737744012776528,-22.85018338717782,-17.6,1.3162179072438809,0.1616863834862009,0.1270818919786074,-0.004883078702328924,1.3287747343120215,-1.3440582931580674,0.9453158239220965,-0.997035062988177,0.40680264292965396,0.0
17.45,-22.83603994281171,-17.101694404452044,1.2949466004385537,-22.729249334003832,-17.6,1.3373813665493293,0.15120937573847995,0.17019548848455196,-0.0031708821656821875,1.2982993767787023,-1.3342109129818838,0.8523026569770675,-0.8588390158838812,0.43872250585956185,0.0
17.5,-22.778506854146517,-17.094261451450496,1.3187988591665192,-22.60010039322917,-17.6,1.359982431184895,0.1406297693888616,0.20682844698049876,-0.0011020559815451084,1.2480009297022574,-1.288088800366097,0.7451221710875332,-0.7182581195570718,0.46418504328726706,0.0
17.55,-22.715325120873086,-17.090619944223995,1.3448832165829336,-22.46467696430297,-17.6,1.3836815312469801,0.13025947103001603,0.23587669058263389,0.0011769612329092802,1.4772851401943663,-1.504333034574926,0.336348132379176,-0.2906685816350811,0.48255347604464954,0.0
17.6,-22.645810146885196,-17.0904266992076,1.372754372867909,-22.32507449846124,-17.6,1.4081119627692824,0.12022714082122422,0.25015074643555457,0.00351538604046117,1.4719932850755946,-1.4752669320799618,0.14377716468045423,-0.08941722687982542,0.4933792207916096,0.0
17.650000000000002,-22.56968267491754,-17.093361977615466,1.4019928057681692,-22.18348972849031,-17.6,1.4328892975141956,0.1105857584640433,0.24688311832445936,0.005725973880771608,0.9989540335152542,-0.9769218991988011,0.3986036519024834,-0.3389667492489737,0.49640189001606627,0.0
17.7,-22.487111619024205,-17.099128798219184,1.432198002962651,-22.04216689849024,-17.6,1.4576207927642075,0.10132878494247864,0.23515658727354954,0.007692903682964863,0.5564426330354393,-0.509842411985125,0.5988839827095531,-0.5365493485126169,0.4915492920339569,0.0
17.75,-22.398485492922443,-17.107451184015105,1.4630043168700628,-21.903343993638234,-17.6,1.4819148011133088,0.09226579905593614,0.2234269051859195,0.009438287337457947,0.28546341945095327,-0.22215108881254064,0.599296247883856,-0.5292524411387763,0.4789374309892358,0.0
17.8,-22.30420429514895,-17.118062337164083,1.494014746948809,-21.769198969952093,-17.6,1.5053901802583833,0.08325916185936766,0.2154157797443648,0.011021802524964128,0.13609203521110802,-0.06777771057872073,0.4515394050720154,-0.36408095365172244,0.45887050685387687,0.0
17.85,-22.20458468351782,-17.13069995981816,1.524766949578923,-21.641795984053626,-17.6,1.5276857027906154,0.07435710351859293,0.21123901937099912,0.012474409631251326,0.027578146323231967,0.03902850137943964,0.24526444522417215,-0.13538721681374302,0.4318409154278716,0.0
17.900000000000002,-22.099854142548818,-17.14510996495372,1.5547530069510918,-21.52303162293206,-17.6,1.5484694659868894,0.06577231617374116,0.20706512017346465,0.013780862643321437,0.5432885938024135,-0.4723044957569117,-0.5906523349881232,0.7147259487861932,0.398529248339229,0.0
17.95,-21.990258355797113,-17.161055756889823,1.5834967475042627,-21.414581133707486,-17.6,1.5674483016011895,0.05765591766170842,0.18944851694782264,0.014866560030780244,0.5211354386056917,-0.4349868571289983,-0.8859397679493963,1.010032226217706,0.35980429304398154,0.0
18.0,-21.876314040712867,-17.17832248319398,1.6105701118905922,-21.31784465339425,-17.6,1.584377185656006,0.0499696475192242,0.1543646965115604,0.015634261966164565,0.18789295365115888,-0.09013034661118202,-0.8611223967866615,0.9842018714860499,0.31672303282616787,0.0
18.05,-21.75889425437511,-17.196714933931172,1.6355742287854866,-21.233893438664417,-17.6,1.5990686482337273,0.04272271367436467,0.10620129410026845,0.01600369721415516,-0.18579533210143118,0.29355496958519456,-0.7791195832454602,0.8971157946275857,0.2705306467978559,0.0
18.1,-21.639125755275117,-17.216053714745108,1.6581465058959945,-21.163416095611158,-17.6,1.6114021832680472,0.035736651096090324,0.05059407502904023,0.015970856373040555,-0.48356755386664985,0.5964023108448007,-0.7465875933712878,0.8587592475757428,0.22266050989912908,0.0
18.150000000000002,-21.518260192940257,-17.236169846785728,1.6779442028768163,-21.106664809512203,-17.6,1.621333658335364,0.028799639625278234,-0.00839325633752762,0.015545869431748094,-0.7052529129614042,0.8087893467960954,-0.7503217436278005,0.8656118984418923,0.17473419289808687,0.0
18.2,-21.39757841381514,-17.25690218341562,1.6946358444487701,-21.06340157459325,-17.6,1.6289047244461814,0.021908253365767166,-0.06814028231594574,0.014731834606078641,-0.8823114189054756,0.9620169753411204,-0.7414604348309825,0.8689823594512222,0.12856146239085134,0.0
18.25,-21.278335170098003,-17.278097918269395,1.7079171491580902,-21.03284442379137,-17.6,1.6342522258365102,0.015252649889167665,-0.12648085026717623,0.013568485335364146,-1.020007404178402,1.0730547306528844,-0.6947152642990512,0.8324134939227562,0.08614028080155563,0.0
18.3,-21.161733825447122,-17.299614208160857,1.7175444761952796,-21.013613658518473,-17.6,1.6376176097592674,0.009011148346211488,-0.18130622906541144,0.012142072222986775,-1.0969392852426403,1.1315105938346706,-0.6113046252726004,0.7474078168528837,0.049656806382355916,0.0
18.35,-21.048917036407225,-17.32131915565076,1.7233764244937002,-21.00367807842469,-17.6,1.6393563362756791,0.0032191971649867673,-0.23072104560650614,0.010543594604046993,-1.5640716991135395,1.5884640113966262,-0.022617383185233028,0.14656743949995893,0.02148539321342564,0.0
18.400000000000002,-20.940952457864057,-17.343091269496885,1.7254865336148832,-21.000301211161826,-17.6,1.63994728804668,-0.0022734626474146293,-0.2635142851256716,0.00883681014067792,-1.8835512228295386,1.892592374762756,0.5396910229702039,-0.4242030797212004,0.0041885912029591835,0.0
18.45,-20.838623448327386,-17.364815987913904,1.724192204084665,-20.999989400797794,-17.5999964669326,1.640001457390303,-0.007345653870629368,-0.2692010783533627,0.007199614721339487,-1.2693144767811042,1.2655518517987554,0.2894197003086143,-0.18382085055461617,0.00034301305704480695,0.0
18.5,-20.74220725206003,-17.386383398468087,1.7199713184050214,-20.998781146892068,-17.59959371563069,1.6401675923023404,-0.011809674920619974,-0.2563130925907065,0.00579827427753082,-0.4440521647843417,0.48936940628067366,-0.06233418996343869,0.09966510813451253,0.007863656271714186,0.0
18.55,-20.651641844697505,-17.407685060034936,1.7136010948486762,-20.993245651212202,-17.59774855040407,1.640928722958322,-0.016381607830405206,-0.2382025025037005,0.00449025557166796,0.2218136565685105,-0.0698916354309641,-0.19563486983371597,0.10794755278660212,0.023842211482776116,0.0
18.6,-20.56675674398415,-17.428598190412984,1.7060600407748139,-20.980628151675297,-17.5935427172251,1.6426636291446464,-0.02243848792575383,-0.22343579984349715,0.002971399926112349,0.6268060944467658,-0.3929862882958539,-0.0672972334250789,-0.12448112680957327,0.04653362388106765,0.0
18.650000000000002,-20.48742161982216,-17.448955690391784,1.6983451795635935,-20.958787094062494,-17.5862623646875,1.6456667745664069,-0.031182963757045015,-0.21456995441865406,0.0010057909788808237,0.8302172114480997,-0.5902005019064157,0.21733791332846977,-0.44420375332428785,0.07431030502357319,0.0
18.7,-20.413605556149555,-17.468515944280146,1.691361497888282,-20.926151416976726,-17.57538380565891,1.6501541801657,-0.042979577173866024,-0.21057876604284803,-0.0014665290712014484,0.925814513716833,-0.7543354600626162,0.5353750702593709,-0.729597000263424,0.10566213283342218,0.0
18.75,-20.345363832352877,-17.486950489989454,1.685872313245484,-20.88167783680048,-17.560559278933496,1.6562692974399338,-0.05726628775963121,-0.20936864054840135,-0.00433102875882775,0.9794022706598512,-0.9170300731634395,0.8064813506660742,-0.9325143396706665,0.13919645159989832,0.0
18.8,-20.282786205634984,-17.503855625575206,1.6824895306301788,-20.824808132653583,-17.54160271088453,1.664088881760132,-0.07291720561871168,-0.2048216934058342,-0.007346149820241719,0.08911782472646346,-0.1369961828952453,1.9278395441584875,-1.9860016243751064,0.17363807197842598,0.0
18.85,-20.225796042740054,-17.518777837376692,1.6817535348907657,-20.755426431350948,-17.518475477116983,1.6736288656892446,-0.08854652368498178,-0.17740295178708038,-0.010021749390754687,0.1564487458469188,-0.2802796999475321,1.9938525222667853,-2.0126176912523213,0.20782927099057918,0.0
18.900000000000002,-20.173691832058296,-17.53125895116212,1.684045595264477,-20.673816492360338,-17.49127216412011,1.6848502323004537,-0.10319312623712915,-0.12623612592595718,-0.011853740930092204,0.628160230775046,-0.7895845636479175,1.5620812688658365,-1.567241250504298,0.24072979202407896,0.0
18.95,-20.125094236745475,-17.540871632132617,1.6895620404214906,-20.580618992760147,-17.460206330920048,1.69766488849548,-0.11653683000772443,-0.06323487100764746,-0.012677273393008084,1.028554991750123,-1.2118801441264937,1.11760352650063,-1.1109270359328738,0.2714168448327921,0.0
19.0,-20.078270726802938,-17.547237301283108,1.6983276873917212,-20.476788812197135,-17.425596270732377,1.711941538322894,-0.12847852782308167,0.00010371442059440875,-0.012601599637880146,1.2055454679451683,-1.410415427383938,0.8252436996334264,-0.7952212183832329,0.29908510553673884,0.0
19.05,-20.031469814104824,-17.55004261442354,1.7101530711992956,-20.363552317844228,-17.387850772614744,1.7275115562964185,-0.13883798485255863,0.057048320079498886,-0.011871831862808643,1.1978943881893962,-1.425373611227935,0.6665426893355942,-0.6037417371274961,0.3230467166220802,0.0
19.1,-19.983133888457555,-17.549049504159434,1.7246565294049583,-20.242364649358265,-17.347454883119422,1.7441748607132386,-0.14729628115866003,0.10508110026605962,-0.010787970323595165,1.0953081730876304,-1.3417790675839754,0.5761083841076662,-0.4798090498959007,0.34273128694112726,0.0
19.150000000000002,-19.93198307399434,-17.544096922047892,1.741346422187742,-20.114867003837755,-17.30495566794592,1.7617057869723087,-0.15349513632175502,0.14395759335051558,-0.009656317002383848,0.9677550798138141,-1.2255510015626223,0.5049509772001017,-0.3825095525138885,0.35768589171233783,0.0
19.200000000000003,-19.877018959016677,-17.535097465841915,1.7597050667637297,-19.982843920780653,-17.260947973593552,1.77985896089266,-0.15716087654977073,0.17415513527613777,-0.008745425954994602,0.8503766056934436,-1.1109001340894769,0.4310549051050054,-0.2942743760381729,0.3675750725203173,0.0
19.25,-19.817499759170612,-17.522031594252773,1.7792458862795897,-19.84818056704214,-17.216060189014048,1.798375172031706,-0.15816578015063548,0.19612146766717967,-0.008251046584739411,0.752929685033179,-1.0094360149645685,0.3493733397896177,-0.21078476768561838,0.3721808373158187,0.0
19.3,-19.752915478286692,-17.504941196699665,1.7995428564908986,-19.71282002179232,-17.170940007264107,1.816987247003556,-0.1565241755142051,0.2100749151199441,-0.008278868194527713,0.6714027162286154,-0.9210670890956467,0.261981077352131,-0.13159155213633061,0.3714026604157426,0.0
19.35,-19.682971459760186,-17.483924029086467,1.820239434230247,-19.578720561474086,-17.12624018715803,1.835425922797313,-0.15235416571069874,0.21604801163267914,-0.008845120287062538,0.5943275159841728,-0.8401044627547285,0.17432154406286693,-0.05651592935859817,0.3652574825031365,0.0
19.400000000000002,-19.60757892012179,-17.459129954234783,1.8410437336032364,-19.44781294476081,-17.08260431492027,1.8534257200953888,-0.1458062403367815,0.21403891073887335,-0.00989565067427497,0.5083188801436385,-0.7585577206527018,0.09212760809568518,0.014946183266020124,0.35387971062719487,0.0
19.450000000000003,-19.52684822390881,-17.43075910680891,1.8617150019341113,-19.321957697514126,-17.040652565838045,1.8707308165918075,-0.13698661474415436,0.20417901308718062,-0.011333071757489871,0.4046931280755124,-0.6685131870834284,0.01686209592014009,0.08351486602787273,0.3375212182032605,0.0
19.5,-19.441080838004503,-17.399061219112095,1.882045241211408,-19.20290239774172,-17.000967465913906,1.8871009203105134,-0.1259263227322615,0.18683500458445576,-0.013031836724969647,0.28455833645484857,-0.5641266927004902,-0.0576712661200948,0.15014592334681628,0.3165513450128241,0.0
19.55,-19.350757160668632,-17.36433484696905,1.9018392702836018,-19.092238960555036,-16.964079653518347,1.9023171429236825,-0.11264216687663788,0.16259648955906403,-0.014829282693993315,0.1572719815962426,-0.4429392379060546,-0.142357846644363,0.21608324564040146,0.2914568972035201,0.0
19.6,-19.256518819744315,-17.326925237677568,1.9208962760188302,-18.99136092312711,-16.93045364104237,1.9161878730700224,-0.09725543314334231,0.13215227059797002,-0.016512320976781007,0.031066161873539472,-0.3046922854587927,-0.24242863651764804,0.2810099937628967,0.26284214728913463,0.0
19.650000000000002,-19.15914543119765,-17.287219929262804,1.938995631095797,-18.901420729650294,-16.900473576550098,1.9285546496730848,-0.08007645164089107,0.0961899888111413,-0.017832191219102827,-0.09619293411470953,-0.1494553918266249,-0.348032448675762,0.3408335770100356,0.23142883414959897,0.0
19.700000000000003,-19.059527014152447,-17.2456417661086,1.9558892476554428,-18.82328701629402,-16.87442900543134,1.9392980352595723,-0.061564989430427326,0.055503678481531316,-0.018555555652663997,-0.2329769873769369,0.019052223167277005,-0.43895178818408964,0.39087008404512935,0.19805616303099252,0.0
19.75,-18.95863410284413,-17.20263966439402,1.9713019276778052,-18.75750189616259,-16.8525006320542,1.9483434892776441,-0.04214971158014263,0.011193216141584661,-0.01851691334234461,-0.3776110926682465,0.19013972413792068,-0.5023003506986603,0.42946346356346865,0.1636808055455442,0.0
19.8,-18.85748792221026,-17.15867791187462,1.984940142313526,-18.704238244252902,-16.834746081417634,1.955667241415226,-0.022060069221823464,-0.035353497333800527,-0.01762104618268507,-0.5089701092776352,0.35278465452938734,-0.5429505720641876,0.4524650830870822,0.129376899671623,0.0
19.85,-18.757132765344974,-17.114225092876406,1.9965086260459595,-18.663256982412253,-16.821085660804084,1.9613021649183153,-0.001463392819055777,-0.08269780912343454,-0.0158126099932072,-0.5999254252475172,0.5031001634889642,-0.5710688696314092,0.4474588242585231,0.09633604975375176,0.0
19.900000000000002,-18.65861209416528,-17.06974350559912,2.0057333777637574,-18.63386436429609,-16.81128812143203,1.9653436499092876,0.019159350065747274,-0.1295109340899488,-0.013110365678884949,-0.6424003123916746,0.6400796647242242,-0.5786619842579077,0.39920255710272445,0.06586732650260121,0.0
19.950000000000003,-18.56294858395948,-17.025679480775164,2.0123893448257775,-18.614869260325754,-16.804956420108585,1.9679554767052088,0.03888732432344609,-0.17442920102327555,-0.009702244551579442,-0.6527765039946944,0.7546078789353127,-0.5363498719491436,0.301086953413383,0.03939726699498526,0.0
20.0,-18.471126588497775,-16.982454630772708,2.0163312086427427,-18.60454044264629,-16.801513480882097,1.9693756891361354,0.05674209722258825,-0.21574754392414208,-0.005947658158963109,-0.6456589453551511,0.8285089474518355,-0.42089532891250675,0.1571683416824023,0.018469874673870144,0.0
20.05,-18.38407267417416,-16.940459169027136,2.017544405009545,-18.600563870084144,-16.800187956694714,1.9699224678634302,0.07211597057438157,-0.24780812826207438,-0.0022559590832366967,-1.2488992804154342,1.4885089599797807,0.3979605012797413,-0.6677430878063848,0.004746619348362622,0.0
20.1,-18.302543530598115,-16.90004829008185,2.016230484804658,-18.599999972517885,-16.799999990839297,1.970000000572544,0.08469723365135354,-0.25796859472289263,0.0009292295273547999,-0.8485558595391769,1.1550228479244127,0.29828130894697247,-0.5919493583040392,9.95585894903444e-07,0.0
20.150000000000002,-18.226885592298444,-16.861526855300486,2.012730122491907,-18.59929162500349,-16.799763875001165,1.9700147578124272,0.09337340828326032,-0.25045650833145283,0.0030504939770106443,-0.1775141645208985,0.5401897279937208,-0.007839449284366223,-0.31420160793003493,0.0008422104419830759,0.0
20.200000000000003,-18.157088483487346,-16.82513713210779,2.0075803760589683,-18.594859383166856,-16.798286461055618,1.970107096184024,0.09745186634622287,-0.2362056412305552,0.00391741370952505,0.34274920391536984,0.0411930896035336,-0.15284524193627924,-0.1799489901345069,0.003056517555418399,0.0
20.25,-18.092986536120467,-16.791037831781445,2.0014474767939556,-18.583744014697725,-16.794581338232575,1.970338666360464,0.09681047749242204,-0.22327139372270768,0.0036477102763504687,0.6208938831234156,-0.2554477284857024,-0.09262766418434645,-0.2264024048081815,0.006366850439015296,0.0
20.3,-18.034412280237248,-16.759277023878152,1.9949761993749164,-18.563628990918527,-16.787876330306176,1.970757729355864,0.0916557746251304,-0.21490168957027792,0.0024326044903279745,0.7159761129914328,-0.40500130867081385,0.08492536959469482,-0.3668260840723892,0.010514689219392486,0.0
20.35,-17.981267853089967,-16.7297792074626,1.9887015671962038,-18.532795974911245,-16.77759865830375,1.9714000838560157,0.08253908981595313,-0.21086505032072622,0.00046861169800324317,0.5269570050987337,-0.29550451770100156,0.46967010907436785,-0.6994754776452405,0.015260060636971542,0.0
20.400000000000002,-17.93351428184445,-16.702353166844354,1.9830410835403378,-18.490080309644288,-16.76336010321476,1.9722899935490774,0.07031807916040037,-0.20256594573062187,-0.002013793854854815,-0.2158663748946983,0.3583379131416349,1.3312452314197816,-1.5064476561203803,0.020381538045977796,0.0
20.450000000000003,-17.89095354391881,-16.676717443110558,1.9783693731559302,-18.434826506099355,-16.744942168699787,1.9734411144562634,0.056143245664661556,-0.1731054742612405,-0.004555926255043144,-0.14618755339722345,0.2191574484243466,1.3052373553900494,-1.4453418773407813,0.025676241414440082,0.0
20.5,-17.85285396425296,-16.65252312975916,1.974947421228549,-18.36684373139832,-16.72228124379944,1.974857422262535,0.04084096480236978,-0.12342312059283818,-0.006631060101411879,0.19878996329618726,-0.17932025374353044,0.9381756216773688,-1.0520119138698845,0.030959837324190477,0.0
20.55,-17.81794696340125,-16.629381131466765,1.9729139082143563,-18.28636129693007,-16.695453765643357,1.9765341396472902,0.02503249180808984,-0.06283890044316462,-0.007851527406727258,0.4862451062510965,-0.5143345752359711,0.5763059252959133,-0.6577946293666146,0.03606653897086564,0.0
20.6,-17.784670259690284,-16.606884158358987,1.9722855250812643,-18.193984146477437,-16.664661382159146,1.9784586636150534,0.00912299784749607,-0.00033118800132798715,-0.00806934981753098,0.6144527866092553,-0.6942802931332219,0.33730685735976024,-0.36861865485525885,0.04084910616390474,0.0
20.650000000000002,-17.751413010039975,-16.584622835829087,1.9729280999227117,-18.090648344344007,-16.630216114781337,1.9806114928261664,-0.0064401374911548055,0.05842207425375294,-0.007332954047162966,0.6131794450984658,-0.7490571350627687,0.21206114928084088,-0.17607152672483592,0.045178845326550754,0.0
20.700000000000003,-17.716678428893946,-16.562203164156617,1.9745741481899137,-17.977576563481037,-16.592525521160347,1.9829671549274783,-0.021022639237532552,0.11079984551056055,-0.005851487764987941,0.5551735211337374,-0.7373101893148051,0.1501645777657276,-0.046821022483385655,0.048945609495850285,0.0
20.75,-17.67915830757121,-16.53926382869543,1.9768843838921009,-17.856233573614297,-16.55207785787143,1.9854951338830356,-0.03397890289370993,0.1559134444287784,-0.003944085937779562,0.5000147301117651,-0.7044258712455533,0.11060141131815357,0.04143695626887431,0.05205779832265326,0.0
20.8,-17.637749404165227,-16.515489680725572,1.9795157433989203,-17.728281729370945,-16.50942724312365,1.988160797304772,-0.04486367388165765,0.1935079571894825,-0.001946140493893902,0.47447737120146316,-0.6766228079445299,0.07796730767689267,0.09890851657565161,0.054442358071613774,0.0
20.85,-17.591545521119752,-16.490619906500278,1.9821736010114908,-17.595536458406425,-16.465178819468807,1.9909263237831996,-0.05346983476642098,0.22341108962357514,-0.00013418171702958475,0.47821550787481715,-0.6664498463005116,0.056029687211368265,0.13111540932931476,0.05604478162118877,0.0
20.900000000000002,-17.53982697333556,-16.464451256796288,1.9846467980966553,-17.459921749531304,-16.419973916510436,1.9937516302180978,-0.05970831212226596,0.24458171209813837,0.0012870351306164388,0.8319805913914761,-1.0092599518337333,-0.2801216410841415,0.475060360036911,0.05682910846363905,0.0
20.950000000000003,-17.482087570300987,-16.436836767200607,1.9868516045980629,-17.32342564083817,-16.374475213612723,1.9965952991492049,-0.06346862278922227,0.25045969088112213,0.0021497047817237123,0.7239807936120549,-0.8988343361536337,-0.13173638741921812,0.33542104253971583,0.05677792470502886,0.0
21.0,-17.418164256555002,-16.407686962431683,1.9887927719542358,-17.188055707828493,-16.3293519026095,1.9994155060869063,-0.06455533031012282,0.24319219954377555,0.002339431520117023,0.4037234518324095,-0.5720578629795359,0.23678395476045727,-0.03772522916906318,0.055892363065226096,0.0
21.05,-17.34819977143387,-16.376969238391272,1.9905592604030908,-17.055794551539474,-16.28526485051316,2.0021709468429276,-0.06312809508911511,0.2311334595522093,0.0019339795914015679,0.18286450098880025,-0.34660790487217685,0.4986240643984141,-0.31032832381970665,0.054192102877902076,0.0
21.1,-17.272457548413254,-16.344708302542628,1.9922888546950408,-16.928555286670967,-16.242851762223655,2.0048217648610214,-0.059348032076584505,0.2205615175182326,0.001042752026639841,0.11028264619793993,-0.27696009569313884,0.5919067560085316,-0.4133657987276931,0.051715370090531745,0.0
21.150000000000002,-17.191180345276322,-16.310990101722737,1.9940927482609387,-16.808137029712302,-16.202712343237433,2.0073304785476602,-0.0532491482325975,0.21381894452163347,-0.00027585847179173445,0.32345941766472786,-0.49605666647237745,0.37329975273923566,-0.20739851786549923,0.04851893726439347,0.0
21.200000000000003,-17.104545516518925,-16.275962489841906,1.9960291866534776,-16.69618038706919,-16.1653934623564,2.009662908602725,-0.04487766720761404,0.2051362574229515,-0.0019736848747731357,0.7753729464983108,-0.9502847193914006,-0.10947799222024185,0.2538354287978694,0.04467812357456943,0.0
21.25,-17.012799474269787,-16.239830713722593,1.9981506065643515,-16.59412294319058,-16.13137431439686,2.0117891053501964,-0.034539211059788404,0.18354588095832303,-0.003867138603062559,0.7720164842631626,-0.9549294004319642,-0.1608454674805403,0.2869779873809881,0.040286794809945244,0.0
21.3,-16.916489887987357,-16.202851729288618,2.0005024851952977,-16.503154748695515,-16.101051582898506,2.0136842760688434,-0.022388168750072237,0.14802686673967425,-0.005705553479630959,0.5747536491053479,-0.7611774483073265,-0.03989091302697716,0.14448929876902822,0.035457363373209656,0.0
21.35,-16.816506170201055,-16.16532746009049,2.003108945059521,-16.424173808500036,-16.074724602833346,2.015329712322916,-0.008606960213848587,0.1025682204072255,-0.007200280124301902,0.3666427359598129,-0.5367562714637427,0.07440791949501267,-0.006132201024062436,0.030320788280855458,0.0
21.400000000000002,-16.71398492229465,-16.127596895390226,2.005955288529468,-16.357741569944032,-16.052580523314678,2.0167137172928324,0.006474867985245613,0.051605421972784844,-0.008082612993168313,0.21338005588311082,-0.34231552730039233,0.12324911107896537,-0.10746651640336678,0.02502657516317867,0.0
21.450000000000003,-16.610194768695294,-16.090026986348924,2.008961494824443,-16.30403841091812,-16.034679470306042,2.0178325331058726,0.022372020673123518,-0.0015658675848236178,-0.008172073801726654,0.11005272942199895,-0.1797292192816165,0.12234030348997725,-0.1659567266972199,0.019742776264279265,0.0
21.5,-16.506445082288447,-16.05300081515953,2.0119737593245737,-16.262819127990518,-16.02093970933017,2.0186912681668643,0.038478986605731326,-0.054730688671106184,-0.007418446960399056,0.03198844771192093,-0.03852353749779777,0.1100643695596488,-0.2052357320950188,0.014655990442060701,0.0
21.55,-16.404025536806138,-16.016903515117214,2.0147800556114714,-16.23336842453389,-16.011122808177962,2.019304824488877,0.05418931176434585,-0.10622963117545538,-0.005905321874427917,-0.03588230938998972,0.08591918384338465,0.1156467022424814,-0.24553313769644636,0.0099713631682291,0.0
21.6,-16.304168128671666,-15.98210755843115,2.01714080955745,-16.214456398852263,-16.00481879961742,2.019698825023911,0.06898844717206923,-0.1545521900005912,-0.0038132137224793704,-0.09207329160850974,0.19501154016072147,0.14976944489951594,-0.30318758156476916,0.005912586528295233,0.0
21.650000000000002,-16.20802034849591,-15.9489587683755,2.018825403821927,-16.20429403230787,-16.001431344102624,2.019910540993586,0.08237782599357639,-0.19812305871858676,-0.0013897270525483228,-0.12681559044573484,0.29086513072108144,0.21087943065680217,-0.39196279531868405,0.0027218992215730002,0.0
21.700000000000003,-16.116620506561837,-15.917763645885755,2.0196495366081852,-16.20048867744802,-16.000162892482674,2.019989819219833,0.09368854620110713,-0.235048388763449,0.0010307122022002798,-0.4774249635958471,0.7152130276861075,0.6387415906589117,-0.8605309721881998,0.0006600865611795387,0.0
21.75,-16.03085606251542,-15.888781714723192,2.0195529153900655,-16.199999392562564,-15.999999757025027,2.0199999878512513,0.10198539633949488,-0.2560553068416059,0.0029785882496072397,-0.5920046915421799,0.9022935531375571,0.872392083998119,-1.1406559245563817,-8.30219798796358e-06,0.0
21.8,-15.951264575569711,-15.862212266576728,2.0186058815459287,-16.198901027067038,-15.999560410826815,2.0199780205413407,0.10620799322376438,-0.2557105841727862,0.003927371061014831,-0.09160684660043039,0.4595904224208011,0.5113120484627175,-0.8259341018526606,-0.0011883201826045084,0.0
21.85,-15.877904237836635,-15.838172338111299,2.0169628520255953,-16.192649650622087,-15.997059860248834,2.019852993012442,0.10581145679711633,-0.24311696086855938,0.003699240327627314,0.42289491450393407,0.007644135893369597,0.12783736072034974,-0.5101640148798874,-0.004059212592975681,0.0
21.900000000000002,-15.81054732447795,-15.816679591307336,2.0148898657730734,-16.17754049998735,-15.991016199994942,2.019550809999747,0.10004500208332975,-0.22868542074721204,0.0022589612400626437,0.7021672214911773,-0.24906420421188477,-0.05494209017946225,-0.37158829642550073,-0.008208567133923502,0.0
21.950000000000003,-15.74890142720731,-15.797619028337987,2.012662813732675,-16.1508583979301,-15.980343359172041,2.019017167958602,0.08850007460998151,-0.2180898167475255,-0.0003133708589186897,0.5038898963024934,-0.10125389156525888,0.19016248549747433,-0.6031426285625825,-0.013257127294518719,0.0
22.0,-15.69271913743464,-15.78072429510332,2.0104898139292846,-16.110794863764628,-15.96431794550585,2.0182158972752924,0.07169534708844877,-0.20481419648686922,-0.0037660272718383005,-0.2552470299491034,0.5450864287071735,0.9448169202574435,-1.2935518429197765,-0.01885879234808039,0.0
22.05,-15.641644849610508,-15.765594063788841,2.0085640390201,-16.056365223891596,-15.942546089556638,2.0171273044778317,0.05096223127871294,-0.17296264604921063,-0.00747308782918211,-0.3236812721109512,0.47759618224044376,0.9608462649056795,-1.2244342181733765,-0.024700617352177545,0.0
22.1,-15.59487807938911,-15.751722833679871,2.0070168940232014,-15.987325722337452,-15.91493028893498,2.0157465144467492,0.027949264400040624,-0.12214291330868493,-0.010547009459568572,-0.11197031896300957,0.13258047129497974,0.659743293897621,-0.8306702413310297,-0.030502813148626743,0.0
22.150000000000002,-15.551145324959743,-15.738544322693741,2.0058903629239966,-15.904090631293785,-15.881636252517515,2.014081812625876,0.004172564958849328,-0.059958549727888805,-0.012297102261784985,0.11027406246614893,-0.20582695675118684,0.32627919698334135,-0.40265193366449575,-0.036018746363493614,0.0
22.200000000000003,-15.508898588003845,-15.725472147430422,2.0051344401244244,-15.807649361656711,-15.843059744662686,2.0121529872331343,-0.01928140672429199,0.0050889641565218715,-0.012480124170545047,0.24036630349282753,-0.43672286096742635,0.07943580401508382,-0.05508614120438576,-0.04103493940709258,0.0
22.25,-15.466534426915565,-15.71193178813864,2.004588030432571,-15.699483573566255,-15.799793429426503,2.0099896714713252,-0.041408816339842766,0.06670449131793925,-0.011243101228326202,0.28405498483972547,-0.5593522513419742,-0.06796889237853285,0.19006750518985985,-0.04537107047398648,0.0
22.3,-15.422553069178255,-15.697388749153369,2.003996871795409,-15.5814842869457,-15.75259371477828,2.007629685738914,-0.061249627319973785,0.12121878269269828,-0.009013279861692512,0.28856454469950477,-0.6093910898539144,-0.14469173480517397,0.3437276079148278,-0.04887997354298775,0.0
22.35,-15.375644398344933,-15.681371566790453,2.003072052691906,-15.455868992041013,-15.702347596816406,2.0051173798408204,-0.07808705319111105,0.16682071528263642,-0.006332257645744064,0.2934415038730227,-0.6307179535484599,-0.17619369234338825,0.42815719193030044,-0.051447638377156706,0.0
22.400000000000002,-15.324720057184111,-15.663487385272276,2.001558292651827,-15.325098759960191,-15.650039503984075,2.0025019751992037,-0.09141262357105635,0.20263950088312752,-0.00372034789408665,0.31609484023835016,-0.6577327225097405,-0.17346444475058959,0.46456415974578286,-0.05299321052380255,0.0
22.450000000000003,-15.268919552904022,-15.64343031946317,1.9992881173023593,-15.191795353212642,-15.596718141285058,1.9998359070642528,-0.10074564932594594,0.22814588337642422,-0.0016388086651820117,0.36007952647588015,-0.7022692546618319,-0.14282774529587486,0.46168332439149395,-0.0534689913144834,0.0
22.5,-15.207611308889186,-15.620984700118312,1.996213479793989,-15.058658336248584,-15.543463334499434,1.9971731667249717,-0.10568658580115728,0.24297421215971302,-0.0004486834091367215,0.4307456685657386,-0.7650015306024373,-0.10079052706787692,0.42656675348303486,-0.052860437865006084,0.0
22.55,-15.140399185012967,-15.596025559724511,1.99241695970294,-14.928382185998377,-15.49135287439935,1.9945676437199675,-0.10614167787390744,0.2464624711977228,-0.00032020563669572013,0.47801495645740366,-0.7942095316202316,-0.014196642579465929,0.322129087895073,-0.05118616307542594,0.0
22.6,-15.067143366912397,-15.568519456436702,1.9880966623478098,-14.803573402411958,-15.441429360964783,1.9920714680482392,-0.10239747925869518,0.23912952747224311,-0.0011854904553002259,0.5503052685366963,-0.8507514805835992,0.04974731054363363,0.22920900218004298,-0.04849793563004727,0.0
22.650000000000002,-14.987963271717787,-15.53852539355478,1.9835411847244737,-14.686667618998182,-15.394667047599272,1.9897333523799636,-0.0948171940249897,0.22153983320334056,-0.002832482135110386,0.6111416959655551,-0.9091365585576807,0.10879632471089223,0.1442483435588197,-0.04488067999742302,0.0
22.700000000000003,-14.903239192656429,-15.506197344976473,1.9790896143284453,-14.579846713364216,-15.351938685345687,1.9875969342672843,-0.0836872371239311,0.19377094006994494,-0.004974538095133077,0.6224020249150862,-0.9300003219494198,0.18504696708170776,0.04797601634434834,-0.04045247643035479,0.0
22.75,-14.813623180630671,-15.471786430174369,1.9750804614333004,-14.484955917754913,-15.313982367101966,1.9856991183550983,-0.06919808717254271,0.15667189316306196,-0.007272577746114747,0.5932345787548572,-0.9064848733877482,0.25877968771303417,-0.051317666201816214,-0.035364560965893375,0.0
22.8,-14.72002735610788,-15.435639501791366,1.9718024697067873,-14.403420929592174,-15.28136837183687,1.9840684185918436,-0.051609613087001176,0.11167646454094954,-0.009325381363768618,0.540297420836996,-0.8358793854935114,0.31026398241874054,-0.14785504203947009,-0.02980132542533738,0.0
22.85,-14.623588302433452,-15.39819171808835,1.9694500487237967,-14.336165022014352,-15.25446600880574,1.982723300440287,-0.03138900674760033,0.06056480321890494,-0.010703176537772736,0.47574252684287277,-0.7183337678959874,0.33259284221778707,-0.24082102854189058,-0.02398031741423467,0.0
22.900000000000002,-14.525611951168036,-15.359951129302651,1.9680922384114101,-14.28352615441563,-15.233410461766251,1.9816705230883127,-0.009255960103178385,0.005339128998008782,-0.01103290340597243,0.40369889126996206,-0.5573028153297493,0.33422675527629186,-0.33420479030559314,-0.018152240322381972,0.0
22.950000000000003,-14.427506126881829,-15.32147518616977,1.9676622295805348,-14.24517408298537,-15.218069633194148,1.9809034816597073,0.013832340017027564,-0.05176271676350822,-0.010099828553877411,0.3241626242081425,-0.36242465990265926,0.33250246983015597,-0.43288845799497344,-0.012600953323824764,0.0
23.0,-14.330708787374908,-15.283341115537908,1.9679701861261518,-14.220027471247521,-15.208010988499009,1.9804005494249504,0.03672935973054766,-0.10822888469496965,-0.007928192447708475,0.23826195863119806,-0.15095895232305712,0.3447272546278946,-0.5387848762936209,-0.007643471376857255,0.0
23.05,-14.236618598846757,-15.246113346288947,1.9687372022253038,-14.206171000599984,-15.202468400239992,1.9801234200119997,0.05818709155175151,-0.16131829100757877,-0.004809787721950532,0.15003893766067583,0.05768275811980905,0.38254683299434106,-0.652786443217626,-0.0036299652240215255,0.0
23.1,-14.146531010466955,-15.210311232769651,1.969644411063566,-14.200772480853985,-15.200308992341593,1.9800154496170796,0.07695877754874716,-0.20815801210050996,-0.0012638063664008863,0.06460592924107622,0.25282133169787036,0.45053214659720714,-0.7815606991385187,-0.0009437613921094545,0.0
23.150000000000002,-14.061578822428682,-15.176379612315166,1.9703930156772285,-14.199999954602093,-15.199999990920418,1.9799999954602094,0.09181792165018728,-0.24507879102523913,0.0020429669411189027,-0.43151110801534887,0.8547475874708996,0.9630609063156896,-1.3555947726409592,-7.756814712304214e-06,0.0
23.200000000000003,-13.98264403104024,-15.14466678341476,1.9708121472819666,-14.19889957741438,-15.199779915482875,1.979889957741438,0.10147372599649619,-0.26085685436879763,0.00434390437049929,-0.32644726804169855,0.8370729466015681,0.8812486022936459,-1.3317545967923952,-0.006251531216237546,0.0
23.25,-13.910114531368544,-15.115390849886584,1.9707926069528323,-14.192112493052646,-15.198422498610528,1.9792112493052647,0.10455124445703583,-0.255515197442677,0.004967906077247545,0.13849590286688407,0.34850195060158384,0.39933738172203914,-0.8204481131223391,-0.022317982644913414,0.0
23.3,-13.843865824422148,-15.08861814008161,1.970254651928792,-14.175364529732406,-15.19507290594648,1.9775364529732407,0.10146482201182087,-0.24068385113272847,0.0040599932597361055,0.436071766316508,-0.062230673435788475,0.024824916205594905,-0.3473290903864992,-0.04569391932384842,0.0
23.35,-13.783526942591859,-15.064274687358381,1.9691510259544338,-14.145584898848416,-15.189116979769683,1.9745584898848416,0.09375431370530707,-0.22417559558321426,0.002186153534984312,-0.23032062955753096,0.46943201462090633,0.5526800140259297,-0.7669080141131016,-0.07407900031296295,0.0
23.400000000000002,-13.728627288307154,-15.042173723325876,1.9674142268779489,-14.100799769556271,-15.180159953911254,1.9700799769556272,0.08301015850668171,-0.19596816354759403,-8.59285125913086e-05,-0.5983168544030832,0.7193687717694652,0.731188664325406,-0.8581718310514781,-0.10538573550899336,0.0
23.450000000000003,-13.678421271919351,-15.022052421627668,1.9649440151924735,-14.040025843353993,-15.168005168670797,1.9640025843353992,0.07078795295334095,-0.1497782170107153,-0.002146738918840239,-0.5695033126391309,0.6222895655073852,0.48127565463377725,-0.5668177692875123,-0.13773948564549113,0.0
23.5,-13.631759266644913,-15.003605067522482,1.9615770505401204,-13.963163928663628,-15.152632785732726,1.9563163928663627,0.057827623821793905,-0.08953923288654243,-0.003598894009417081,-0.4040054647039664,0.418761882893595,0.08785040607847468,-0.1534454754629057,-0.16947846229282068,0.0
23.55,-13.587193075985093,-14.986509341788164,1.9571020177867882,-13.870892515412821,-15.134178503082564,1.947089251541282,0.04452129638438121,-0.02250336561132997,-0.004217972014683904,-0.2599180776891512,0.23859314316549896,-0.2645055906328997,0.22814894287307003,-0.19915372785816846,0.0
23.6,-13.543152964753503,-14.970442121155061,1.9512677330872636,-13.764561349616436,-15.112912269923287,1.9364561349616438,0.031194741691267885,0.0447637918278837,-0.0039324835516464825,-0.17785374123240982,0.10773029861897854,-0.5085727682889012,0.526265549010172,-0.22552919558552897,0.0
23.650000000000002,-13.498099053128792,-14.95509020348474,1.9437996756875906,-13.646085007958133,-15.089217001591626,1.9246085007958134,0.01833584149288066,0.1075024815107423,-0.0028291268012639427,-0.1334268304053695,0.005918142900209977,-0.6442476846469432,0.7355294965193617,-0.24758162955571428,0.0
23.700000000000003,-13.450618850423488,-14.940160584132517,1.9344433972500963,-13.51783647237196,-15.063567294474392,1.9117836472371958,0.006713858888720125,0.16258531991888914,-0.0011826896234094766,-0.07942848996226526,-0.0869568215600045,-0.7006054715612549,0.8539626991810607,-0.26450064468635165,0.0
23.75,-13.399475889086487,-14.925390649941171,1.9230227650741711,-13.382540704623954,-15.036508140924791,1.8982540704623956,-0.003075794570817564,0.20796398902204905,0.000630403785329178,0.014582642043857286,-0.18573443141985058,-0.6995235289595154,0.882323057793698,-0.2756887067318827,0.0
23.8,-13.343628872511134,-14.910556568848724,1.909493349708954,-13.243168220893706,-15.00863364417874,1.8843168220893707,-0.010877824801069183,0.24222769367448127,0.002307753017858014,0.3179552746600377,-0.4791685082956762,-0.8119953700411887,1.0070412883581268,-0.2807611322835665,0.0
23.85,-13.28224501509817,-14.895478629752878,1.8940069736653606,-13.102828666355995,-14.980565733271199,1.8702828666355995,-0.01660230670260367,0.2601407726222205,0.003620470878602572,0.6330746209530838,-0.7933972147566872,-0.8553396155400377,1.066642227507183,-0.2795460887694749,0.0
23.900000000000002,-13.21481185707353,-14.880024820094707,1.8769156531974762,-12.964664389762357,-14.952932877952472,1.8564664389762358,-0.019746717295762523,0.25798976222034115,0.004285744028302342,0.40422955553668666,-0.5559364122585424,-0.29926829668412896,0.510186297060855,-0.27208459445449545,0.0
23.950000000000003,-13.141230401978982,-14.864114829045972,1.8587088869020412,-12.831744018022675,-14.926348803604535,1.8431744018022675,-0.020332250660276604,0.24455908964012074,0.004280005123117627,0.19181282464666502,-0.3243494961509713,0.2692677123232531,-0.07848087161458722,-0.25863051844033086,0.0
24.0,-13.061650751207441,-14.847719712686317,1.8400317928720755,-12.70695603078679,-14.901391206157358,1.8306956030786792,-0.018762037820828362,0.22964007123161975,0.0037713191972865855,0.1706213910025639,-0.2938462106710724,0.6451049130948735,-0.47112211748834987,-0.2396505806655007,0.0
24.05,-12.97628100373728,-14.830863522508217,1.8215799639694588,-12.592902335026052,-14.87858046700521,1.8192902335026053,-0.015125896759773681,0.215566409724117,0.002853611819853472,0.9722208978531877,-1.090441418064732,0.16997235837229602,-0.013907457933791056,-0.21582435190533564,0.0
24.1,-12.88537626611725,-14.81362568081951,1.8040394942143403,-12.491791839614965,-14.858358367922994,1.8091791839614966,-0.009597393242558386,0.1901050209650619,0.001660334156019402,1.2918637465047391,-1.4047153440994644,0.12787420359176493,0.006290828467470644,-0.18804425377198497,0.0
24.150000000000002,-12.789499740113767,-14.796141366240866,1.7880675539039883,-12.40533402991275,-14.841066805982551,1.8005334029912752,-0.002463289550555856,0.14794423441912027,0.00042162942355966854,1.2761102853761948,-1.3870185842269434,0.3560520742506346,-0.24051721070583526,-0.1574155587144119,0.0
24.200000000000003,-12.6896895401382,-14.778598440265224,1.7742261892939417,-12.33463254234494,-14.826926508468988,1.7934632542344942,0.006064958413068175,0.09197386158646731,-0.00060399377343309,1.1328625918844013,-1.2331352697378248,0.6371632520135855,-0.5456253453363746,-0.12525639001839542,0.0
24.25,-12.587403109194844,-14.761228909680055,1.7629292016565101,-12.280078738984981,-14.816015747796998,1.7880078738984981,0.015654988859893252,0.027844357116769143,-0.0011617096095932887,0.9766850195954692,-1.0481279838265265,0.8548905696089997,-0.7988734680738305,-0.09309772180653163,0.0
24.3,-12.484361334937757,-14.744295278404747,1.7543833325858798,-12.2412452821358,-14.808249056427162,1.7841245282135803,0.025858508936180614,-0.03902948752778619,-0.0010823246716224985,0.8384966334033075,-0.8594114172620614,0.9851377224364511,-0.9775043074983641,-0.06268337903822384,0.0
24.35,-12.382376464781336,-14.728072134758907,1.7485567772998292,-12.21677970891144,-14.80335594178229,1.781677970891144,0.036108271741457046,-0.10426958341741706,-0.000338472209290432,0.7100803432445375,-0.6601116170461714,1.0496799202276805,-1.101753177805573,-0.035970037509699196,0.0
24.400000000000002,-12.283201917222184,-14.712824399616252,1.745196517712282,-12.204298005818613,-14.800859601163724,1.7804298005818615,0.04567099266589257,-0.16426628833870077,0.0009226386595031228,0.5740280472457411,-0.44055125496231207,1.080905531250005,-1.1985110485978423,-0.015127223853996438,0.0
24.450000000000003,-12.188412673204386,-14.698784721044643,1.7438842526538432,-12.20027818333831,-14.800055636667663,1.7800278183338312,0.05364890716519148,-0.21567591361488425,0.002368425529465935,0.4140907762967021,-0.19874110657664512,1.1049074176459517,-1.2844578495303398,-0.002537315540969313,0.0
24.5,-12.099309423542554,-14.686133060372272,1.7441185941672657,-12.199973775650983,-14.799973775650985,1.7800026224349015,0.05904879346524224,-0.2536046301363476,0.0035196558258101217,-0.25083894246526794,0.5317720140781967,1.6028646598294811,-1.833053931576039,0.00044645712018668085,0.0
24.55,-12.016784553555638,-14.674982770047555,1.745451626214872,-12.198574075960481,-14.798574075960483,1.7801425924039518,0.0608312667714801,-0.2659149281039556,0.00384177668522763,-0.053542645393506616,0.4524322177616529,1.2362332021728992,-1.5821298957743832,0.006186308630193861,0.0
24.6,-11.94108076884675,-14.665355596462934,1.747480525538903,-12.192869812367826,-14.792869812367828,1.7807130187632174,0.0575507511555605,-0.2565926860987884,0.0028737483505260355,0.5308147525516558,0.042965573102185295,0.531595183062717,-1.06877920361386,0.017435504525244876,0.0
24.650000000000002,-11.871932763534303,-14.657151518565785,1.7500071924333649,-12.180441583817673,-14.780441583817675,1.7819558416182326,0.04686416838141312,-0.239524636849424,0.00021127284313798752,0.9382500508861078,-0.26865733887215765,0.06146353845807989,-0.7345425280574556,0.03287004259293478,0.0
24.700000000000003,-11.808916398380317,-14.650097266843245,1.7530613942791704,-12.159506366856423,-14.759506366856424,1.7840493633143577,0.027333605050195102,-0.22466559922872004,-0.00417621190679138,0.8555137412069209,-0.24371183559961296,0.12235380889729941,-0.8012273762625044,0.05126841463868897,0.0
24.75,-11.751655740547275,-14.643705082231246,1.756766364717173,-12.128866268623309,-14.72886626862331,1.787113373137669,-0.0005438020071120824,-0.2096373844653915,-0.009913024278802763,0.26474132659973115,0.15930427684613724,0.7133729928603461,-1.2858018648752942,0.07151160648576177,0.0
24.8,-11.699754715089526,-14.637277168323296,1.7613026589879792,-12.087857279841472,-14.687857279841474,1.7912142720158528,-0.03467140692779011,-0.18290531170580898,-0.01609987245113874,0.1521998559204636,0.025223408579985174,0.8326937268457577,-1.2441687224418532,0.09258309797524228,0.0
24.85,-11.652546569925342,-14.629950597185971,1.7668696341442338,-12.036298027809055,-14.636298027809056,1.7963701972190944,-0.07214117746365438,-0.14349419576034353,-0.021504446773337522,0.25777296644162817,-0.3183562696088711,0.7298319965696636,-0.9761015110736024,0.11356886296604564,0.0
24.900000000000002,-11.609040400437381,-14.620765037013673,1.773625632220615,-11.974438529390289,-14.57443852939029,1.802556147060971,-0.11030638955254804,-0.09643097946950407,-0.025212200537470586,0.39195959912272815,-0.6481176646495179,0.5878098725781666,-0.6867658295439591,0.1336573693349187,0.0
24.950000000000003,-11.568038506265603,-14.608732035037066,1.7816431591793789,-11.90290894400657,-14.502908944006572,1.8097091055993428,-0.14717973103358098,-0.047603991997259766,-0.02690654215667745,0.4704131056168298,-0.8770760453001603,0.4885366019090695,-0.4576218773843708,0.1521395789764387,0.0
25.0,-11.52828526644377,-14.592897297438117,1.790874003771986,-11.822668326627555,-14.422668326627557,1.8177331673372443,-0.1812107171341361,-0.0013363404118633467,-0.02676127342950648,0.4849419001433882,-1.0014996996648295,0.4431468098557918,-0.29857453054749394,0.1684089478030123,0.0
25.05,-11.488583452520947,-14.57239246155882,1.8011531442899655,-11.734953380762223,-14.334953380762224,1.8265046619237777,-0.2111034116034888,0.03999171540810383,-0.025246982020022606,0.46213423757673944,-1.0523885341685937,0.4316151618222916,-0.19196250632679274,0.1819614257448798,0.0
25.1,-11.447863087795007,-14.546474022544318,1.812242538844009,-11.64122721144999,-14.24122721144999,1.8358772788550008,-0.23456416352383413,0.07529595356322781,-0.02304771812437068,0.015137580924784011,-1.4786931989193388,0.8459652620296543,0.2963358686694637,0.19239545675010825,0.0
25.150000000000002,-11.405213394525317,-14.5145953817571,1.8239198851558582,-11.54312807825178,-14.14312807825178,1.8456871921748221,-0.24260683540569816,0.1040812649219319,-0.021565522726986346,0.08478648024975288,-1.3820850534134557,0.7378125366130697,0.2548501162685559,0.19941197878459643,0.0
25.200000000000003,-11.359903523438309,-14.47658720239247,1.835987595723433,-11.442418148241103,-14.042418148241103,1.8557581851758898,-0.2359979079190927,0.12599462825446323,-0.0215599874630082,0.42934448788185037,-1.01586508804463,0.3435574676885422,-0.06574385767408181,0.20281442383207357,0.0
25.25,-11.311387304141967,-14.432634495208829,1.8483062673360715,-11.340932248995161,-13.940932248995162,1.8659067751004839,-0.22345423966595382,0.14090997405402308,-0.022421362719763298,0.7066457392781234,-0.708181877074999,0.004305613835111521,-0.3247903575521275,0.20250871789409902,0.0
25.3,-11.259298137745995,-14.383064632932276,1.8607931362029235,-11.240526621585895,-13.840526621585894,1.8759473378414104,-0.2126772329008105,0.14879083311629906,-0.023133155276045696,0.8003118245366283,-0.5652750051941666,-0.16577284562475714,-0.3997247922216701,0.19850328099006287,0.0
25.35,-11.203453933749186,-14.328168189347736,1.8733573744971785,-11.143027673571114,-13.743027673571113,1.8856972326428887,-0.20699891517017252,0.1494515151160812,-0.02312469873966098,0.7370282910495543,-0.5478442724844904,-0.19503083726370113,-0.3221694415084761,0.1909090271571848,0.0
25.400000000000002,-11.143863439691518,-14.268119768517067,1.885866464046855,-11.050180731985549,-13.65018073198555,1.894981926801445,-0.20598469783881176,0.14268357390288325,-0.022438279903194275,0.5912239050457531,-0.5668213623557464,-0.15773304422313458,-0.1836311465979464,0.17993936445051578,0.0
25.450000000000003,-11.080724903312019,-14.202985119243626,1.8981538695353708,-10.963598796331956,-13.563598796331956,1.9036401203668043,-0.207530731734265,0.1286110256876002,-0.021427029867458907,0.4269856759967155,-0.5571307591862491,-0.11594543579365052,-0.05651672154097048,0.16591019494293663,0.0
25.5,-11.014414887666234,-14.132772328700844,1.9100417411027035,-10.884711291572192,-13.484711291572193,1.9115288708427807,-0.20722821797900523,0.10774829690412005,-0.020680804131730766,-0.33940713621564467,-1.1122401473725088,0.5150177506936267,0.6430524814853639,0.14923991472515996,0.0
25.55,-10.945468414531273,-14.057558431793783,1.9214016714420492,-10.814712821118286,-13.414712821118286,1.9185287178881714,-0.1915820122161027,0.08085474738102472,-0.021347883861225103,-0.5913636719581448,-1.1303709062426346,0.6110997938809419,0.8044371079483705,0.13044941390572515,0.0
25.6,-10.874564972133738,-13.977763499155667,1.9321344989751403,-10.754511919823557,-13.354511919823556,1.9245488080176443,-0.1565430794231217,0.04875391117417514,-0.022760632564813005,-0.49483638347004844,-0.7753927012202815,0.346026841310195,0.5975426484338984,0.1101620766110051,0.0
25.650000000000002,-10.802498445979449,-13.8942487895765,1.9421273599606248,-10.70467980697367,-13.30467980697367,1.9295320193026329,-0.10771743322200594,0.012816281738289617,-0.02337856450242515,-0.310030293385683,-0.31493505827946516,-0.00356603762543084,0.29617843101193597,0.08910378098520229,0.0
25.700000000000003,-10.730130759762723,-13.80818446829361,1.9512486892686065,-10.665399139277739,-13.265399139277738,1.9334600860722262,-0.05308082704955389,-0.025239611065178073,-0.022193833091015826,-0.18103943521052585,0.08198238591841611,-0.27868986688361147,0.06646314712619411,0.06810289919034972,0.0
25.75,-10.658352028062954,-13.720864685768518,1.959321668243873,-10.636412763859395,-13.236412763859395,1.9363587236140605,0.001166010883542544,-0.06375248546550191,-0.01904604023099242,-0.1390950046611314,0.35857166175006183,-0.4337178477139013,-0.04932455463886004,0.048090297406311704,0.0
25.8,-10.588048836579558,-13.633558920134455,1.9661137415496843,-10.616972471247887,-13.216972471247887,1.9383027528752113,0.051475307663934336,-0.10132211365485184,-0.014320223032177407,-0.1514730693015413,0.5314307466521411,-0.48494071664635613,-0.09061130819691293,0.03009933583077856,0.0
25.85,-10.520079559135924,-13.547425024857768,1.9713668733077818,-10.605787748369156,-13.205787748369156,1.9394212251630842,0.09623699648239341,-0.13681247782603498,-0.008609861389687916,-0.17632864957421407,0.6502164464716271,-0.4572503765185978,-0.13212521717726483,0.015265868679276462,0.0
25.900000000000002,-10.455254324649164,-13.463476201551435,1.97485398540239,-10.600974531536924,-13.200974531536925,1.9399025468463074,0.1346633514429201,-0.1688997051883345,-0.0025704988370557967,-0.18379628990581126,0.7594971075391023,-0.3670257936882141,-0.24055337043325326,0.004828244185158389,0.0
25.950000000000003,-10.394313967507959,-13.382577439139212,1.976439916875153,-10.600003959443779,-13.200003959443778,1.939999604055622,0.16582831029509315,-0.1955788795851979,0.003059118408802419,-0.15160907893910966,0.8678874748466004,-0.23027623815590345,-0.44085673132144076,0.0001273045996106847,0.0
26.0,-10.337901501689942,-13.305445952310242,1.9761367180448355,-10.599682188829064,-13.199682188829064,1.9400496579954587,0.18820633626789374,-0.21426854313302446,0.007417418864791961,-0.06430907708794203,0.9468500816666572,-0.06325481482836043,-0.7159082855802181,0.003609154702026612,0.0
26.05,-10.286521120817373,-13.232638475108823,1.9741545488538697,-10.596661527247901,-13.196661527247901,1.9405216363675153,0.1998353694005835,-0.2224236982346346,0.00962861291912328,0.0782031846909284,0.9171460041381478,0.12748519359630012,-0.9923167221807709,0.016702425723788016,0.0
26.1,-10.240481491200029,-13.164517848100493,1.970937903336304,-10.58818667766159,-13.188186677661589,1.9418458316153764,0.1993390976219824,-0.21835121613840533,0.009189451589773254,0.25681354496230396,0.7239771337629799,0.3327455819788148,-1.1930242722868363,0.03735680331275698,0.0
26.150000000000002,-10.19982944499227,-13.101205588939358,1.9671538111768023,-10.57215708138941,-13.17215708138941,1.9443504560329046,0.1867806164324941,-0.20166461251530307,0.00631054322681077,0.4524248044629541,0.39361168527185086,0.5302063482311759,-1.2982248913612053,0.06360478466341471,0.0
26.200000000000003,-10.164298508755692,-13.04254468009616,1.9636298569643937,-10.54707661081699,-13.14707661081699,1.948269279559845,0.16361366915011039,-0.17346602357290666,0.0018670874274530843,0.6438464620550145,-0.008468107871150155,0.6976032612182069,-1.3167882129886088,0.09363617841657454,0.0
26.25,-10.133294628551434,-12.98809118285158,1.9612505314006288,-10.512003229733494,-13.112003229733494,1.9537494953541412,0.13232525917397134,-0.1361993319321889,-0.0029151933488740407,0.8055971806921114,-0.40693096791078787,0.8234725947424765,-1.270253988134388,0.12579810465937954,0.0
26.3,-10.10592790513151,-12.937140050871562,1.9608295711921293,-10.466498653668776,-13.066498653668775,1.9608595853642536,0.09576067582690476,-0.09296977640244974,-0.006895993747584374,0.9179223118692436,-0.7430704763838547,0.9033660859703232,-1.1781742253501724,0.15859499492531193,0.0
26.35,-10.081085327048424,-12.888781057337876,1.962990256433381,-10.410578010230568,-13.010578010230567,1.9695971859014736,0.05651898173234235,-0.0468785619454326,-0.009324802579471162,0.9720767563267533,-0.9898588415173751,0.9379546606923211,-1.05013174705166,0.190688592194179,0.0
26.400000000000002,-10.057528535379317,-12.841975430053933,1.9680870347398032,-10.344659499441653,-12.944659499441652,1.979896953212242,0.01678024344073958,-0.0006436534262235883,-0.009908165243643326,0.970921386901912,-1.146263012067877,0.9322425766178115,-0.8917824585852241,0.22089795089212255,0.0
26.450000000000003,-10.033995093184213,-12.795640639094286,1.9761857362703592,-10.269514054077028,-12.86951405407703,1.991638429050464,-0.021616569261125203,0.04353924747032493,-0.008744603124267857,0.9264767161762818,-1.2244191767701769,0.893963371186664,-0.7125981351559739,0.24819943689161644,0.0
26.5,-10.009284669471082,-12.748730084866548,1.9870979342450508,-10.186215000001104,-12.786215000001103,2.0046539062498274,-0.05708848613765677,0.08398732265803642,-0.006221139418897964,0.8548491682893611,-1.240285298924847,0.8322275497426974,-0.5273923989590961,0.27172672751146487,0.0
26.55,-9.982320586291703,-12.700297247511529,2.00045018498517,-10.09608771650483,-12.69608771650483,2.0187362942961204,-0.08829591497108763,0.11946396712646318,-0.00290086481370391,0.7713516768347337,-1.20974786719565,0.7559536244707177,-0.3522810342505984,0.2907708115168095,0.0
26.6,-9.952186664318694,-12.649539241378193,2.0157650004841803,-10.00065929664292,-12.60065929664292,2.0336469848995438,-0.11418392382979434,0.14910854054497333,0.0005917255225471957,0.687822147327965,-1.1486675774581319,0.6718906186867308,-0.1984497440663473,0.30477998911911847,0.0
26.650000000000002,-9.918145261454162,-12.5958203987777,2.0325347682360104,-9.901608207571002,-12.501608207571001,2.049123717567031,-0.13402635749793454,0.17235097188980897,0.003677117916441679,0.6111121765225516,-1.073304007196748,0.583964931827434,-0.06813753776982989,0.3133598719761939,0.0
26.700000000000003,-9.879644088687234,-12.538680449161882,2.0502775705323057,-9.800713950882791,-12.40071395088279,2.0648884451745637,-0.1474098067761202,0.18879270079402607,0.005898546576822078,0.541630861468988,-0.9972845446125141,0.49478978117030337,0.0433032602849468,0.31627338319217024,0.0
26.75,-9.83631796814308,-12.477833242902168,2.068571122679238,-9.699806722947272,-12.299806722947272,2.0806551995394886,-0.1541318022500034,0.19809863544044132,0.006954633407142473,0.473563750080934,-0.9249953617751265,0.40695131061179496,0.13963841153756557,0.3134407573175143,0.0
26.8,-9.787988929240536,-12.413161237497013,2.087066046984952,-9.60071707524585,-12.200717075245848,2.096137956992836,-0.15410863774381475,0.20000887176375673,0.006704915000289239,0.3986815164186432,-0.8497423635909394,0.3215586398852223,0.2195307313354738,0.30493954034902426,0.0
26.85,-9.734665213951862,-12.344708990096855,2.1054823348451577,-9.505225574709556,-12.105225574709555,2.111058503951632,-0.14738499071103459,0.1944533065450821,0.005178783420727884,0.31096134013822996,-0.7604624397611788,0.23645415195958747,0.28056693565273033,0.2910045897298307,0.0
26.900000000000002,-9.676537776799918,-12.272676586556997,2.1235937978552326,-9.415012464056208,-12.015012464056207,2.1251543024912176,-0.13421263538817588,0.18164236264772607,0.002584993643726161,0.2077546518519731,-0.6512666219215139,0.1478622148691255,0.3262616398790079,0.2720280743493962,0.0
26.950000000000003,-9.61397221679957,-12.197412248399647,2.1412054870239556,-9.331607322127574,-11.931607322127574,2.1381863559175662,-0.11507039122813734,0.16206488839373884,-0.0007114914757649227,0.08880100756737797,-0.5255099062044445,0.05354392626251048,0.3677203733144395,0.24855947454351546,0.0
27.0,-9.547494436195885,-12.119402436757671,2.1581289708993854,-9.256338724226568,-11.856338724226568,2.149947074339599,-0.09053694322653007,0.1364122859082697,-0.004257777706503736,-0.042362630733243783,-0.3895532081346257,-0.04746223317427392,0.4151632212140033,0.22130558209431767,0.0
27.05,-9.477769369136546,-12.039257772842674,2.1741601444220704,-9.190283902454388,-11.790283902454387,2.160268140241502,-0.06112507076530084,0.10547084582676608,-0.007581438623114215,-0.175869065755819,-0.24077308466289538,-0.15697870031544947,0.46439565964785534,0.1911305002302582,0.0
27.1,-9.405573630663612,-11.957693938587463,2.1890637883979776,-9.134218406047728,-11.734218406047727,2.1690283740550425,-0.027364664468719112,0.0700886797592417,-0.010209487613400582,-0.29859124048754604,-0.06654714590212851,-0.27453713503686217,0.4955394269116177,0.15905564362612942,0.0
27.150000000000002,-9.331764266630294,-11.875507780301476,2.202568227796631,-9.088565761715937,-11.688565761715937,2.1761615997318846,0.009864255501544334,0.03127273946297422,-0.011688819655270096,-0.4025748623021289,0.13957064154043164,-0.3895882586175803,0.48981479529012384,0.12625973840305477,0.0
27.200000000000003,-9.257246608280344,-11.793549850587087,2.214372103094133,-9.053347133978185,-11.653347133978185,2.1816645103159087,0.04918557197020423,-0.009660853111604147,-0.011682700239401942,-0.4856084813009957,0.3628109370656247,-0.4829522496630005,0.44520144727630434,0.09407882212848956,0.0
27.25,-9.182944159131472,-11.712695411184855,2.2241635872139476,-9.028130985500647,-11.628130985500647,2.185604533515524,0.08898516578007616,-0.051038261304079825,-0.010083115782503036,-0.5386011271281334,0.5713265351333698,-0.542192667733356,0.37321476006897747,0.06400624381622269,0.0
27.3,-9.109772447448098,-11.633816163960947,2.2316507045835716,-9.011982737433666,-11.611982737433665,2.1881276972759895,0.12770669083846722,-0.09109588546196132,-0.007037737684505061,-0.5426634668930745,0.7405498832428457,-0.5668025423429905,0.2764735420760066,0.037692663926370565,0.0
27.35,-9.038617199132469,-11.557754106187724,2.2366003191594452,-9.003414429748943,-11.603414429748943,2.1894664953517275,0.16375482558972687,-0.12834246666693375,-0.0029288465233350976,-0.48972147295185037,0.8733509703309541,-0.5493976556162392,0.13096295376551503,0.016946054365385294,0.0
27.400000000000002,-8.970315136026107,-11.485296948522528,2.238883169722801,-9.000334381576698,-11.600334381576697,2.189947752878641,0.19517173171831792,-0.16132528423549375,0.0016110348850622938,-0.3914054886867393,0.9841393263589546,-0.4688638526738187,-0.09617958585094144,0.003731698486052612,0.0
27.450000000000003,-8.90563320933496,-11.417152688225338,2.2385226301963694,-8.999995316296571,-11.599996877531048,2.1900002732160333,0.2195456276834623,-0.18796971971590082,0.0056970742402547014,-0.2559578775354563,1.0638246506535654,-0.3153648098768227,-0.40992342364199197,9.50041573016251e-05,0.0
27.5,-8.845239243986217,-11.353919042338358,2.2357438321991268,-8.998610115346814,-11.59907341023121,2.190081076604769,0.23421661718643103,-0.2055639949873918,0.008299925245215363,-0.10989660455197092,1.0969252895061534,-0.08044998642652201,-0.7911816857900693,0.004043453993974026,0.0
27.55,-8.789650214375959,-11.296038239877497,2.231002801039378,-8.991728804828448,-11.59448586988563,2.190482486385007,0.23687596080180073,-0.21105094431176616,0.00854167290929771,0.01864108723087199,1.0153921431280652,0.216852757858653,-1.1365980867497298,0.0126687209814058,0.0
27.6,-8.73914147223255,-11.243732693248141,2.2249671905841324,-8.975966565721198,-11.583977710480799,2.19140195033293,0.22684944980206234,-0.20180172990599274,0.006225619981109764,0.1591815904185872,0.7565723633023309,0.49542276460894735,-1.3330001932535074,0.02453883674622815,0.0
27.650000000000002,-8.693638424179957,-11.19694657733729,2.218454683800176,-8.94910489648836,-11.56606993099224,2.192968881038179,0.20544818959595051,-0.1770127362173178,0.0020603590169348232,0.3325678215151242,0.3552171709482146,0.6887391147884164,-1.357593336555175,0.03836436220015446,0.0
27.700000000000003,-8.652647869365184,-11.15532415640165,2.2123375879056746,-8.909969445118152,-11.539979630078767,2.195251782368108,0.1753022998750838,-0.13861687298090256,-0.002652823734279238,0.5172652090403314,-0.10206305235752977,0.7832491675101668,-1.2433150069417844,0.052998387539980166,0.0
27.75,-8.61527065402642,-11.118234806045955,2.2074210930705327,-8.85830784116508,-11.505538560776719,2.1982653759320367,0.13972548960388081,-0.09079788341176624,-0.0065474494678465535,0.6703681780839654,-0.5216692688422272,0.8012186610103657,-1.045113880044923,0.06743653224758184,0.0
27.8,-8.5802967069349,-11.084837231280481,2.2043186164085067,-8.79466752779128,-11.463111685194185,2.2019777275455086,0.10194512248977011,-0.038559551507057685,-0.00870265423469936,0.7626447667535916,-0.8443426382977947,0.7679632566927924,-0.8070675818474838,0.08081694508992113,0.0
27.85,-8.5463523645675,-11.054168090894875,2.2033637741369874,-8.720273593807896,-11.413515729205264,2.206317373694539,0.06465525826650546,0.013418617278433942,-0.00884476664255788,0.7892040490767596,-1.0552806478556263,0.7007286344762074,-0.5538754266150607,0.09242030411903872,0.0
27.900000000000002,-8.512057558026893,-11.025238646155179,2.2045898063659863,-8.63690660571643,-11.357937737144287,2.2111804479998747,0.03002964888767625,0.061321015694915854,-0.00725726871575118,0.763432017124148,-1.1664749886509624,0.6104945150276704,-0.3026349030589175,0.10166981667205839,0.0
27.950000000000003,-8.476156509234283,-10.997122988646241,2.207776684286004,-8.546780439750096,-11.297853626500064,2.216437807681244,-0.00016552405298277706,0.10230511777372099,-0.004581082615421792,0.7052557888332851,-1.1975666528259408,0.5064780359877592,-0.07195450621742194,0.108131219371186,0.0
28.0,-8.437604793245042,-10.969025131849397,2.2125398659078432,-8.452420113915192,-11.234946742610129,2.2219421600216136,-0.02455507353079251,0.1344277438179598,-0.0015987881557972398,0.6325121691229383,-1.1675896677333768,0.3974844922856411,0.11993115733533255,0.11151277812370931,0.0
28.05,-8.395614974585257,-10.940319798382125,2.2184275672650595,-8.356539620032427,-11.171026413354952,2.2275351888314416,-0.0422369673178561,0.15652912870619484,0.0009676561415530982,0.5577869654512702,-1.0965553390055351,0.29029856947733845,0.26417101740309457,0.1116652881219988,0.0
28.1,-8.349673244160956,-10.910569244614964,2.225001478572274,-8.26191975577832,-11.107946503852213,2.233054680912931,-0.05284767419129835,0.1680552504576117,0.002614129696893701,0.48652774872287186,-1.006909784011208,0.19009292692453394,0.3662955464370441,0.10858207384350631,0.0
28.150000000000002,-8.299540151390346,-10.879522893073307,2.231888606742134,-8.171285956726532,-11.047523971151023,2.2383416525242854,-0.056438124095670915,0.16881128198525222,0.0031155288884962503,0.41597854862797445,-0.914063818510988,0.10247868659917492,0.43641551696368375,0.10239898905076593,0.0
28.200000000000003,-8.2452439251253,-10.847107367014493,2.238802413276535,-8.087186128389233,-10.991457418926156,2.2432474758439613,-0.05324169945859438,0.15885096524469913,0.0025008664002441126,0.3399109973885805,-0.8153000306010716,0.031229019510916334,0.47505709211415165,0.09339441679139393,0.0
28.25,-8.187069061324811,-10.813412573267984,2.2455379131383566,-8.01186847825846,-10.941245652172308,2.247641005434923,-0.043632330236560296,0.13860819480901143,0.0010241353190315696,0.25563638901924535,-0.6957864511655089,-0.025213443685636133,0.4752285174676416,0.08198926939808955,0.0
28.3,-8.125538744577321,-10.77867635909785,2.251948760533643,-7.94715934784746,-10.898106231898307,2.251415704708898,-0.02828927666028834,0.10904543564588097,-0.0008602938561292988,0.1636073035412914,-0.5459401404088378,-0.06962219442863057,0.4359983869138634,0.06874698848863134,0.0
28.35,-8.061388256468858,-10.743267308887322,2.2579157917204045,-7.894341044732079,-10.862894029821387,2.2544967723906284,-0.008245817893916938,0.07166568566840097,-0.0025901369980983685,0.06451590736394491,-0.36945618572707895,-0.10063047667529013,0.36687458793940225,0.054373544965882835,0.0
28.400000000000002,-7.995527436406428,-10.707663716577962,2.2633167381592485,-7.854029674592093,-10.836019783061396,2.256848268982128,0.015304117309876103,0.028458898926861015,-0.0036425377390625867,-0.03586139623863038,-0.17646924769146916,-0.11686443856108536,0.2779543569952516,0.03971743901778857,0.0
28.450000000000003,-7.92899241246276,-10.672426862050346,2.2680060451907367,-7.8260529732525805,-10.817368648835055,2.2584802432269324,0.041160575030948464,-0.01820972021937343,-0.0036415753784575285,-0.1227090705880033,0.0293563838938231,-0.12131685800681537,0.1658107082664826,0.025769700117375186,0.0
28.5,-7.862888993401512,-10.638167702620777,2.2718117451894537,-7.809328138725273,-10.806218759150182,2.2594558585743587,0.06794164728506773,-0.06573322803772991,-0.0024192795407680817,-0.18176797542564177,0.25454962207467935,-0.11317225865022017,0.01058656471827811,0.013663887022751705,0.0
28.55,-7.798331406760063,-10.605507426723795,2.2745531721218075,-7.8017396632499185,-10.801159775499947,2.2598985196437544,0.09373129244762653,-0.11122084042035557,-0.0001117257968234805,-0.2116450696613507,0.5037046847661062,-0.07849458335692502,-0.21003168760807087,0.0046760877771077946,0.0
28.6,-7.736379085023345,-10.575033122498528,2.2760794087664173,-7.800017165335635,-10.800011443557091,2.2599989986887543,0.11596095387594399,-0.15123627783562782,0.002732511660178098,-0.21871125025752514,0.7633422120904196,0.000574024882431079,-0.502188301216806,0.00022491970871692281,0.0
28.650000000000002,-7.67797060930172,-10.547249556515837,2.2763244336752435,-7.799762906642292,-10.799762906642293,2.2600222275022848,0.13157678556299882,-0.18169403569455528,0.0051618746854405284,-0.19626973524151514,0.9885667265761204,0.12136887457453516,-0.8387911561629765,0.0017929553652605533,0.0
28.700000000000003,-7.62384923587015,-10.52252587529744,2.275367850937281,-7.797036340205471,-10.797036340205471,2.260277843105737,0.13747842890986614,-0.198622930580857,0.006060553147348127,-0.09881176119084495,1.0497467681964574,0.2292117577265444,-1.0967061685408734,0.00931730438632207,0.0
28.75,-7.574479606113322,-10.501034291242277,2.2734701074417702,-7.788992934774016,-10.788992934774017,2.2610319123649356,0.13168396345003763,-0.20006815963926794,0.0047104811472484754,0.054249285375468026,0.8935323627294565,0.31892052100043955,-1.2067273390213507,0.021522126615732964,0.0
28.8,-7.529982927663881,-10.482692993232503,2.2710645497073614,-7.773462243891252,-10.773462243891254,2.262487914635195,0.11409632121023325,-0.1865089129107175,0.001229993093405675,0.22104857456373556,0.5818718600606889,0.4017301532084087,-1.1962932017946835,0.037201688685448285,0.0
28.85,-7.490117367250118,-10.467137477861195,2.2687106581276035,-7.7488912167590005,-10.748891216759,2.2647914484288436,0.08621569833313535,-0.1602118277246364,-0.0035214796025403792,0.3704371234444205,0.20089129437661268,0.4789010596296648,-1.1084686807899513,0.05524649024415979,0.0
28.900000000000002,-7.454304808274647,-10.453731410067133,2.267010248743136,-7.714292873961979,-10.71429287396198,2.2680350430660643,0.05071092072174969,-0.12451552236343677,-0.008323380992318446,0.48285195263539565,-0.1712496696613799,0.5463583786945637,-0.9810610941989449,0.07464326395729914,0.0
28.950000000000003,-7.421692993376227,-10.441613501422195,2.266503947399821,-7.669194983192214,-10.669194983192215,2.2722629703257295,0.010650720517618523,-0.0829488513716318,-0.012079447179106523,0.5540540813648585,-0.4820040337662914,0.5949715865099041,-0.8390362995410863,0.09447497550703733,0.0
29.0,-7.391239303061845,-10.429768354369457,2.2675798235751565,-7.6135887349734475,-10.613588734973447,2.2774760560962393,-0.031222822506885493,-0.038676826321009994,-0.01413107117279934,0.5891484741972319,-0.7120925612658899,0.6182132134227789,-0.6922574113947633,0.11392082359228321,0.0
29.05,-7.361801685277734,-10.417106769720956,2.2704220370304027,-7.547877418385526,-10.547877418385527,2.283636492026357,-0.07272474403065815,0.0056797784341366935,-0.014293304911391495,0.5958823135930781,-0.8656393349881368,0.6178504401235887,-0.5444298362705355,0.1322562399286889,0.0
29.1,-7.3322226815977904,-10.402542367009167,2.275008746906474,-7.4728250967888314,-10.472825096788831,2.290672647176047,-0.11213272961993224,0.048051674470434035,-0.012750924833948804,0.5824376627813109,-0.956915010806141,0.60242018924921,-0.40104209674006697,0.14885288924864176,0.0
29.150000000000002,-7.301396889761313,-10.385055202484399,2.2811503548169676,-7.3895052835486705,-10.38950528354867,2.298483879667312,-0.148033722777448,0.08686807303911181,-0.009935689899132084,0.5576590533793608,-1.002461636096887,0.5818088378961884,-0.27039744309015223,0.16317866930126962,0.0
29.200000000000003,-7.268318854400945,-10.363738120110694,2.288550174905745,-7.299249617759685,-10.299249617759685,2.3069453483350295,-0.1792375415322883,0.12098634176813625,-0.006420479253913738,0.5315606871591925,-1.01871803430458,0.5618874901170223,-0.15978174034545223,0.17479771085243964,0.0
29.25,-7.232113942439463,-10.33782617377508,2.2968695469610925,-7.203596539970264,-10.203596539970265,2.315912824377788,-0.20477481880684173,0.14959327062477495,-0.002824041400286892,0.5138016160631395,-1.0216750201683096,0.5428102829089154,-0.07136323392633126,0.18337037768475759,0.0
29.3,-7.192057549090006,-10.306712548897538,2.3057842104195427,-7.104239967906922,-10.104239967906922,2.325227503008726,-0.22392261339380376,0.17205638562849862,0.0002772179525499477,0.5090612380818224,-1.0239181489061697,0.5224451887847413,-0.0027938272251032403,0.1886532665975704,0.0
29.35,-7.147587496348112,-10.269956406044201,2.315028192867673,-7.002977972198746,-10.002977972198746,2.3347208151063676,-0.23513183795256648,0.18781974235355986,0.0022247150109297193,0.3073888491626945,-1.2367625844974321,0.7044713510932918,0.2539936655669697,0.19049920740696222,0.0
29.400000000000002,-7.09831379197886,-10.227319030874567,2.3244281793403228,-6.901661452101773,-9.901661452101774,2.344219238865459,-0.2345628752153175,0.19631288045820447,0.002033591130037345,0.47894904577061814,-1.0678097843548489,0.5027953627719379,0.10857547363600695,0.18885726294575703,0.0
29.450000000000003,-7.044035088367397,-10.178828081601354,2.3338876773030646,-6.802142811223405,-9.802142811223405,2.3535491114478058,-0.22598439293300945,0.19715613223088735,0.00032353581307853556,0.7179817306325152,-0.7929483086789719,0.21750045591154163,-0.14511365687353986,0.18377272906351808,0.0
29.5,-6.984742987988433,-10.12469428987968,2.34337836409503,-6.7062246332468165,-9.706224633246816,2.362541440633111,-0.2161343263567573,0.19043276436288412,-0.0015410070340507193,0.8387493879973562,-0.5954740221506929,0.031293193826241045,-0.30112689123013203,0.17538713462654887,0.0
29.55,-6.920623471221047,-10.065163892586321,2.3528915606633163,-6.615608357655342,-9.615608357655342,2.3710367164698116,-0.2074993939927517,0.17640379554390626,-0.003027266704677239,0.4202826695324067,-0.8943845945043641,0.35833283589248477,0.07048677938985881,0.16393824151788983,0.0
29.6,-6.852052337860686,-10.00048294102294,2.3624039142757485,-6.531842955456912,-9.531842955456911,2.3788897229259147,-0.19338541921317468,0.1555296611381185,-0.0051983199613618095,0.17926080238670322,-0.9687006977819224,0.46949062987002604,0.2432420062229142,0.14976004463732226,0.0
29.650000000000002,-6.779581779831674,-9.931029015980233,2.371884549880629,-6.456273604908439,-9.456273604908437,2.385974349539834,-0.16982516267513045,0.12853474319255648,-0.008269270184718043,0.07256760628792913,-0.8717795188453911,0.40732909398655204,0.27085191149961474,0.13328277190136684,0.0
29.700000000000003,-6.703920847247818,-9.857409803796182,2.3812787599032927,-6.389990367240226,-9.389990367240225,2.392188403071229,-0.13698994132991965,0.09615698432662655,-0.011566107231331325,0.028911970719704527,-0.6738835741170401,0.25230464158330707,0.22587974931390203,0.11503288424328253,0.0
29.75,-6.625904993736764,-9.780455592089863,2.3904868441687626,-6.33377686238038,-9.333776862380379,2.3974584191518393,-0.09717721149481934,0.05930063139244751,-0.014166622801034527,-0.007200960384676214,-0.42698576706661084,0.07475812453265007,0.15838030753238305,0.09563307561307009,0.0
29.8,-6.5464588005131645,-9.701154842421222,2.3993448381757903,-6.288058944679198,-9.288058944679198,2.401744473936325,-0.053288937441074706,0.019179339180506825,-0.015335664590030154,-0.06220719821900027,-0.16648314450752177,-0.08021519024349195,0.09449749262821201,0.07580227297746389,0.0
29.85,-6.466556625429679,-9.620576535016715,2.4076172588069435,-6.252853378633598,-9.252853378633597,2.4050449957531,-0.007925205565269888,-0.022699387582184802,-0.014707179069248223,-0.13474732710400322,0.08233346011530096,-0.19292096599466474,0.04267644244490901,0.0563556363199432,0.0
29.900000000000002,-6.387185549554062,-9.539803236952423,2.4150101607784493,-6.227716514611512,-9.227716514611512,2.407401576755171,0.03693805549959467,-0.06463808504840937,-0.012271984850640674,-0.20201579386462842,0.3015526151439661,-0.2645569440706475,-0.001305031732790174,0.03820455864072399,0.0
29.950000000000003,-6.309313715760083,-9.459882473408962,2.4212036601600015,-6.211692964576287,-9.211692964576287,2.408903784570973,0.07979950238578484,-0.10496314752741658,-0.008290374932647561,-0.23549574291065067,0.4843680773553016,-0.30379862757375214,-0.05448031372810663,0.02235666595676274,0.0
30.0,-6.233864638607988,-9.381793959969293,2.4258970451053226,-6.203264277811101,-9.203264277811101,2.4096939739552092,0.1192277423862316,-0.14220706700109453,-0.0032404317249856646,-0.2227643856507886,0.639188784943238,-0.30762511236537365,-0.1475105705171596,0.009915817301753841,0.0
30.05,-6.161695149981293,-9.306425849005866,2.4288592910362015,-6.200297616643365,-9.200297616643363,2.4099720984396846,0.1535030450732534,-0.17491303367369385,0.002176154315411691,-0.17289555425713415,0.7799993767218343,-0.2584681372454511,-0.3127324897815755,0.002082104726130239,0.0
30.1,-6.093572230370375,-9.234552549984075,2.429980174674683,-6.199994517938212,-9.19999451793821,2.410000205577317,0.1805113553393995,-0.2011096714595083,0.007043489809133868,-0.09531756816594888,0.9045134854040897,-0.14720762160812956,-0.5604281432833496,5.938750275354543e-05,0.0
30.150000000000002,-6.030141908082717,-9.16680739665317,2.4293177726279853,-6.198967576400055,-9.198967576400054,2.410038715884998,0.19783570985648075,-0.2181909378059786,0.010323755300144002,0.009610847919916066,0.9779030051606779,0.007921076690633577,-0.8516820250163466,0.0018840557972418905,0.0
30.200000000000003,-5.9718798831961415,-9.103641637908273,2.4271231611415867,-6.194014149567885,-9.194014149567884,2.4102244693912045,0.20321006711630826,-0.2236709481058005,0.011111508862725989,0.13250672496479315,0.9177042403815585,0.17663663983342487,-1.0765874930264359,0.005861513114010704,0.0
30.25,-5.919022660682444,-9.045269296407776,2.4238245361446396,-6.182605628247727,-9.182605628247726,2.4106522889407103,0.19575808228232372,-0.2163374125428532,0.009127600225830453,0.2565480512667762,0.7012155085954317,0.3360684255216661,-1.1752167003758096,0.011485570061954675,0.0
30.3,-5.871505396883849,-8.991621876971887,2.419983210707364,-6.162862422983768,-9.162862422983766,2.4113926591381087,0.1765384454053011,-0.19652964002425677,0.0049509190816052215,0.3731072926134114,0.3876230748330807,0.46178385171584885,-1.1638550843099753,0.018288886424935816,0.0
30.35,-5.828934450897504,-8.942336249540396,2.4162241868943415,-6.1335021651584025,-9.1335021651584,2.41249366880656,0.14783046386575754,-0.16596346089351566,-0.0002869505716979205,0.4730428574376735,0.05098562460197964,0.538549735987775,-1.0758743281363166,0.025842971161781025,0.0
30.400000000000002,-5.790606586034733,-8.89678002024941,2.413144492838244,-6.09378790809228,-9.09378790809228,2.41398295344654,0.11240526999581787,-0.12740393652695162,-0.0053420250943842,0.5399678055473024,-0.25130035742421863,0.5692668051930981,-0.9386531987490477,0.03375818240628355,0.0
30.450000000000003,-5.7555705830736965,-8.854106347595764,2.411218228086739,-6.043476328144348,-9.043476328144347,2.415869637694587,0.07301731317060291,-0.08399534463169496,-0.009213969679220672,0.5631132291561725,-0.486844567940348,0.5640309629063703,-0.7711794318798527,0.041683727467202766,0.0
30.5,-5.722715731726898,-8.813326121121666,2.4107263371208165,-5.9827659258119015,-8.9827659258119,2.418146277782054,0.032071701667378834,-0.038670440171045,-0.011333491187564973,0.5453814059696229,-0.649030999695461,0.5317195224597017,-0.584912574015734,0.049307662828263515,0.0
30.55,-5.690866955489155,-8.773385422520787,2.4117311628830107,-5.91224522683061,-8.91224522683061,2.420790803993852,-0.008439070393652048,0.0060980456675712716,-0.011568075770005952,0.49964813614821846,-0.7473403872566831,0.48057335439566823,-0.3902766064634475,0.05635689414815834,0.0
30.6,-5.658868578300141,-8.733237850186255,2.4140977676231206,-5.8328409832745916,-8.832840983274592,2.423768463127203,-0.04686158417117575,0.048321598734087666,-0.010132395567425416,0.44069107060174323,-0.7964685434616512,0.4211584490436291,-0.20123214817605084,0.06259717626054415,0.0
30.650000000000002,-5.625646527311768,-8.691904114695753,2.417548822602282,-5.745766374656439,-8.745766374656437,2.427033760950384,-0.08180093497990619,0.08646144718968084,-0.007474929234210694,0.3801508415917528,-0.810956128886523,0.3659057429091506,-0.03362065054023,0.06783311317404447,0.0
30.700000000000003,-5.590247683402759,-8.648515194637378,2.421734012971265,-5.652469209027268,-8.652469209027267,2.4305324046614776,-0.11206813024050086,0.11940817624633568,-0.004172094134572104,0.3274900515762661,-0.8047817836121016,0.32375415914888794,0.1002558117300365,0.07190815807224891,0.0
30.75,-5.551861294674695,-8.602339369616843,2.4262970384265494,-5.554580124076774,-8.554580124076773,2.434203245347121,-0.1366855119038476,0.146438263142234,-0.0008339130861633344,0.2923998894116911,-0.7929633085213106,0.29527117647737944,0.19694414865382848,0.07470461331371289,0.0
30.8,-5.509829694761796,-8.552796437056106,2.4309291538153865,-5.4538607882332455,-8.453860788233245,2.4379802204412533,-0.15493474717813172,0.16705947521904438,0.0019841918434755908,0.281474939743475,-0.7894696091149707,0.27556574216106916,0.26131989668315053,0.07614363043195854,0.0
30.85,-5.46365488253917,-8.499463699989837,2.4354041970077036,-5.352152101763651,-8.35215210176365,2.4417942961838635,-0.16635803734929216,0.18080267035748582,0.003850359725055324,0.2914413236848179,-0.7991928675302183,0.2622159475605582,0.2983024551279547,0.07618521013547337,0.0
30.900000000000002,-5.413005147939912,-8.442078071104813,2.439594412448617,-5.2513223978736585,-8.251322397873658,2.445575410079738,-0.1707069057091232,0.18718868483149415,0.004495011416905637,0.309363205097385,-0.8139445653593802,0.2571341605458326,0.3072464596217339,0.07482820230771108,0.0
30.950000000000003,-5.357722987358333,-8.380537368066435,2.4434688665591775,-5.1532156438076875,-8.153215643807687,2.449254413357212,-0.16792280685756542,0.18591178681700968,0.0038329335456446603,0.32122897679867624,-0.8199013223183156,0.26057249651446335,0.2870778650803151,0.07211030600709159,0.0
31.0,-5.297832969907133,-8.314902035450336,2.4470774280102656,-5.05959964194896,-8.05959964194896,2.452765013426914,-0.15816787397729223,0.17700736218188118,0.001975756408659558,0.3188232905452213,-0.8085051483648915,0.26703418683880775,0.24465055412842118,0.06810806946700099,0.0
31.05,-5.233546621688633,-8.245396632673414,2.4505238537173355,-4.97211423091952,-7.972114230919519,2.456045716340518,-0.14182615025678583,0.1608497468267436,-0.0007831639186360536,0.2997616032874683,-0.7795608339985272,0.267746049549789,0.1951843742744106,0.06293689009579072,0.0
31.1,-5.1652609997399335,-8.172409040821654,2.453932022616531,-4.892219486680316,-7.892219486680316,2.459041769249488,-0.11941178850363963,0.13803098557426613,-0.004021793185829363,0.26506360634062487,-0.7340045284240845,0.25494400161989406,0.1523597488717935,0.05675101447677888,0.0
31.150000000000002,-5.093548327381949,-8.096484745358044,2.4574100060960267,-4.821143923631226,-7.821143923631226,2.461707102863829,-0.09147506648450508,0.10926013932185845,-0.007249932903988615,0.2180856118035355,-0.6652019326316122,0.22418881458843623,0.11741013319909663,0.04974353836824967,0.0
31.200000000000003,-5.019135482619248,-8.018313719568019,2.4610172448467216,-4.759832695711101,-7.7598326957111,2.464006273910834,-0.05865726251392323,0.07537550263670142,-0.009948994116054537,0.16368200845393022,-0.5604887257563351,0.17592086562362724,0.07943270889221349,0.042146406703453064,0.0
31.25,-4.942874103841788,-7.938708469880017,2.4647401960019995,-4.708895797497821,-7.70889579749782,2.465916407593832,-0.021863318896513977,0.03743770441748064,-0.01161779878062999,0.10663772358954875,-0.412607340564886,0.11682252878854517,0.026520003167309777,0.034230413590605774,0.0
31.3,-4.865703989567808,-7.858573482495281,2.4684809817837614,-4.668556265308318,-7.668556265308318,2.467429140050938,0.017649198158056875,-0.003203895295034217,-0.011858562668014754,0.051727955727791194,-0.22860936065945364,0.05822257996879615,-0.04500664720962398,0.026305202312888635,0.0
31.35,-4.788613659771532,-7.778868129084714,2.472061685402219,-4.638598378298658,-7.638598378298658,2.4685525608138006,0.05835474520115837,-0.04492177437861148,-0.010475391795945735,0.007248920582233816,-0.028675821226669444,0.01000219392135044,-0.13070771538674741,0.01871926532845067,0.0
31.400000000000002,-4.712601858480609,-7.700566300129569,2.475244367873185,-4.618315859564053,-7.618315859564053,2.4693131552663483,0.09859829633292076,-0.08592614501640974,-0.007532022410133015,-0.013465231724918425,0.16389996727463746,-0.023765079921586274,-0.22602042050544968,0.011859944270406297,0.0
31.450000000000003,-4.638642389324646,-7.624616041090003,2.477764388037854,-4.6064600772389195,-7.6064600772389195,2.469757747103541,0.13661545914823842,-0.12446272906083901,-0.0033632753348108355,3.921830312769714e-05,0.3347347510749058,-0.03958119585862918,-0.3356084547560704,0.006153429946835269,0.0
31.5,-4.567652391680357,-7.551901152866278,2.4793729433371006,-4.601188245596925,-7.601188245596925,2.4699554407901156,0.17044862743105296,-0.15892030903044058,0.0014306776883299143,0.04383432391435499,0.48407518530214877,-0.025477160392812115,-0.4764248295234318,0.0020647623407849193,0.0
31.55,-4.50046156707823,-7.4832046536950205,2.4798841491917765,-4.600011626151033,-7.600011626151033,2.4699995640193366,0.19792175296157782,-0.18762328817982665,0.006016356716760322,0.10250902475303508,0.6199905425755878,0.03417549253378155,-0.6685258382475425,9.783061026627982e-05,0.0
31.6,-4.437777515174903,-7.419171946215789,2.479221710668236,-4.5997658393635845,-7.5997658393635845,2.469964875904538,0.21670232750990492,-0.20842550008051255,0.009417663238469067,0.16398627494717355,0.7428981683357886,0.13566819605602431,-0.9101227080773874,-0.002835668754292346,0.0
31.650000000000002,-4.380137224473217,-7.360266146833348,2.4774426183327556,-4.5970684027300015,-7.5970684027300015,2.4695602604095006,0.2244482238920689,-0.21873785275681754,0.010687876462606478,0.21056810888889588,0.8095870456184873,0.2355145748420322,-1.1096989989150852,-0.014753220847836623,0.0
31.700000000000003,-4.327834177783742,-7.30670602556121,2.474696079809431,-4.589105862845843,-7.589105862845843,2.4683658794268766,0.2196095686310307,-0.21659901374654322,0.009284401872605595,0.229944499859482,0.7556711750048675,0.29600657227597954,-1.1594506465553993,-0.034096282398939984,0.0
31.75,-4.28085111308651,-7.258414488316714,2.4711678974892797,-4.573724645942554,-7.573724645942554,2.466058696891383,0.20255074871441306,-0.20178965531976267,0.005486371111840475,0.21745766790628662,0.5993159945109814,0.3006698177779762,-1.050904406773725,-0.05896050652834856,0.0
31.8,-4.238837330623527,-7.2150104944891105,2.467034997373158,-4.54938073112013,-7.54938073112013,2.46240710966802,0.1753856413367013,-0.17573858498078487,0.0003008040219705143,0.17779125515116767,0.4131682873670117,0.24475233677426766,-0.8414253612385263,-0.08759292290399145,0.0
31.85,-4.201140231335631,-7.175847321414181,2.4624192238847127,-4.515089191498067,-7.515089191498067,2.45726337872471,0.14079837947343066,-0.140922994333612,-0.005050426445905708,0.11194738838919752,0.2537628336995388,0.14106140994825486,-0.5846392620088688,-0.11839193774096994,0.0
31.900000000000002,-4.166877920464849,-7.140079900627985,2.4573441214568783,-4.470373735366293,-7.470373735366293,2.450556060304944,0.10133769284641313,-0.10026471837560068,-0.009518759786872758,0.016465077086163266,0.14020137489098566,0.01669059872789619,-0.30993517041625324,-0.14990733380156437,0.0
31.950000000000003,-4.135030231328758,-7.106741558643323,2.451710394658315,-4.415216247336115,-7.415216247336115,2.4422824371004173,0.05932658287065494,-0.05655438113044789,-0.01239541179318807,-0.09954594024510977,0.06661287837370236,-0.10692438463681983,-0.0332237655568246,-0.18084027039523246,0.0
32.0,-4.104526091581223,-7.0748158396293945,2.4453019655887798,-4.350006329491163,-7.350006329491163,2.4325009494236745,0.016861382571660092,-0.012187456677941076,-0.013372380001012213,-0.21135397329308364,0.019094754185402518,-0.22122155420342166,0.2297736237704503,-0.21004328337860745,0.0
32.050000000000004,-4.074312450250194,-7.043295301008853,2.437821682214045,-4.275490842538305,-7.275490842538305,2.421323626380746,-0.024304652844962523,0.030769559951901636,-0.012518324825373253,-0.29742690584379616,-0.01319208125173671,-0.3165544508461825,0.45739844034765187,-0.2365202851555079,0.0
32.1,-4.043399555377679,-7.011224319323017,2.4289454050336876,-4.192723446958645,-7.192723446958645,2.408908517043797,-0.06284051720622313,0.07056979192269847,-0.010169619519379851,-0.3533112799221588,-0.03941701480918941,-0.37227047702133503,0.6288308855256028,-0.2594265646769165,0.0
32.15,-4.010885234517175,-6.977726836073459,2.418380517650832,-4.103014144158395,-7.103014144158395,2.3954521216237596,-0.09765233454103131,0.10598442696217335,-0.0068126117261163525,-0.3785951079541652,-0.07419153254975908,-0.3723059556439806,0.7354984493467275,-0.2780687874410049,0.0
32.2,-3.9759650298966203,-6.942022632196936,2.405917964881264,-4.007878817619847,-7.007878817619847,2.381181822642977,-0.1276586981924552,0.1363488275246324,-0.0030218947308051397,-0.3592291306651657,-0.13820709506419893,-0.3242963040958339,0.7839176963919287,-0.2919049954931196,0.0
32.25,-3.9379360649932234,-6.903436822005254,2.391471700012981,-3.9089887740523537,-6.908988774052354,2.366348316107853,-0.1518410944922903,0.16114205307455107,0.0005969832228794611,-0.2800073755248807,-0.2452412857365458,-0.24713742161351093,0.7833632445881815,-0.30054460742577915,0.0
32.300000000000004,-3.896201591952036,-6.861406852956785,2.375103295002067,-3.8081202845431763,-6.808120284543176,2.3512180426814764,-0.16940409432281728,0.17958582089808997,0.0034942499414656416,-0.14806194555803276,-0.38814460263742057,-0.14615305477769347,0.7317087468144511,-0.30374841837868577,0.0
32.35,-3.8502808849766272,-6.815490346987622,2.35703160166763,-3.7071041257085366,-6.707104125708537,2.3360656188562805,-0.17982512833772715,0.19085683087089164,0.005252490949591669,0.012969676291116783,-0.5469000744785228,-0.01690736473832155,0.6225690480994416,-0.3014286000387158,0.0
32.4,-3.7998261026194133,-6.765376019044326,2.3376280574458725,-3.6077751208444577,-6.607775120844458,2.3211662681266687,-0.18284933465253309,0.1944839853326308,0.005637036664672486,0.183735928171957,-0.7070657346264173,0.13628853145554382,0.4621482234901427,-0.2936487006399246,0.0
32.45,-3.744644862967059,-6.710898287052174,2.317397905413728,-3.511921681077751,-6.511921681077752,2.3067882521616627,-0.17850331838869185,0.19037530666239216,0.004627128707357634,0.35267656606978065,-0.864158680618744,0.2993973649815644,0.2715521622700879,-0.28062364496354236,0.0
32.5,-3.6847249122589982,-6.652054261095299,2.296948105753718,-3.421235346516992,-6.421235346516992,2.293185301977549,-0.16701469216212547,0.1786182594782186,0.002403198147434774,0.5086449131823885,-1.0113300919251373,0.45845946094027307,0.07180453489420241,-0.26271973433798196,0.0
32.550000000000004,-3.620256191542465,-6.5890208130023975,2.2769426938364528,-3.3372603274033725,-6.3372603274033725,2.280589049110506,-0.14872139083196045,0.15944945529427,-0.0006903927508956193,0.6402863688899056,-1.1320440543683277,0.6026303875933904,-0.12652132939025051,-0.24045464663882515,0.0
32.6,-3.551643864505036,-6.522167426045834,2.2580481702650497,-3.261343045261742,-6.261343045261742,2.2692014567892613,-0.12410892740516166,0.1333940902293694,-0.004175199814789321,0.7402274555725915,-1.206967997645493,0.7224861425893918,-0.3193082022302607,-0.2144974362888431,0.0
32.65,-3.4795067403112987,-6.452059836754266,2.24087419848856,-3.194581674051462,-6.194581674051462,2.2591872511077193,-0.0938948070101642,0.10134431813842469,-0.0074830513996505124,0.8066769334465691,-1.2233552089249542,0.8104377238586642,-0.5020662051863816,-0.18566853425797408,0.0
32.7,-3.4046579946929216,-6.379449775922583,2.2259169235055154,-3.1377756813173905,-6.1377756813173905,2.2506663521976087,-0.05906383674678198,0.06452489393890269,-0.010034101249871372,0.8422608977656089,-1.1785081169770395,0.8627827641164467,-0.6684384467810971,-0.15493974806333352,0.0
32.75,-3.3280685050791505,-6.305248012564848,2.2135136230437706,-3.0913753693408346,-6.091375369340835,2.2437063054011253,-0.0208495870387701,0.024404208706434092,-0.011334620591071104,0.8524106794870613,-1.078228878613545,0.8807525740589914,-0.8126057285573258,-0.12343426176922502,0.0
32.800000000000004,-3.2508167627552034,-6.230481153218518,2.20381647588625,-3.0554314162904506,-6.055431416290451,2.2383147124435676,0.01930360218064177,-0.01739389943788946,-0.01106842758443845,0.8442645972163276,-0.9337305598155271,0.8696033984194588,-0.9316747797745774,-0.09242663598711623,0.0
32.85,-3.174031698484849,-6.156236123279681,2.196789898640789,-3.029544417373227,-6.029544417373227,2.234431662605984,0.059776189611987295,-0.059164643861529385,-0.009163336124695163,0.8253607792439897,-0.7582654687360034,0.8367538090885006,-1.0267656505926204,-0.0633428078756649,0.0
32.9,-3.0988349302209066,-6.083598550327435,2.192231006581871,-3.012814425985392,-6.0128144259853915,2.2319221638978086,0.09879680949264076,-0.09918059488056591,-0.005824547908290027,0.801424465544598,-0.5639822201695256,0.7901896790611119,-1.1027183329906372,-0.03776009114069782,0.0
32.95,-3.0262868811175956,-6.013591444173264,2.1898079811727573,-3.003790494863366,-6.003790494863366,2.2305685742295047,0.134455720586714,-0.13572613508939127,-0.0015339374767700305,0.7733244744424459,-0.359278032208713,0.7377338774358013,-1.1668700969023622,-0.01740717603521696,0.0
33.0,-2.957337834047623,-5.947118664609902,2.1891080296046943,-3.000420217234716,-6.000420217234716,2.2300630325852073,0.16473351943874906,-0.16709610339666855,0.002988069254168644,0.7348041125345912,-0.1463284693338167,0.6862776910265844,-1.2279132176379977,-0.004164129359411143,0.0
33.050000000000004,-2.8927818282552833,-5.884914734274813,2.189685757550048,-2.999999266132597,-5.999999266132598,2.230000050453384,0.18756438412526896,-0.1915245960516895,0.006867152687520864,0.6742074807420565,0.08015844120776727,0.6384380723743439,-1.294309821220634,2.856680363979066e-05,0.0
33.1,-2.833210238843282,-5.827500502299043,2.1911064866184993,-2.9992038050420318,-5.999203805042032,2.23005473840336,0.20090350280047997,-0.20703539194558218,0.009206825680595714,0.5938776395341692,0.30641670320103487,0.5986245727831316,-1.371330383136998,0.002912960154440988,0.0
33.15,-2.7789709431071006,-5.775150835069431,2.1930163967745724,-2.99478450742929,-5.99478450742929,2.230358565114236,0.20292157245786335,-0.21150059123055165,0.009289025032589552,0.5221933725007627,0.43850767139374425,0.5760672547621389,-1.4120571759808445,0.009832836527919359,0.0
33.2,-2.7301393965529335,-5.727878279873154,2.1952338653209345,-2.984149764291863,-5.984149764291863,2.231089703704934,0.192782638436685,-0.2035362326239273,0.00691553092262595,0.47783854356792776,0.4069217339071952,0.5628222855053422,-1.3593407642581932,0.019855976126501012,0.0
33.25,-2.6864991547470085,-5.68542668650836,2.19777525038378,-2.9653601523180955,-5.9653601523180955,2.232381489528131,0.1713686445047809,-0.18344853123930735,0.002641696240368163,0.46324098372593714,0.23412999433808535,0.5478463421975164,-1.2180466128757708,0.03212108809793064,0.0
33.300000000000004,-2.6475454072084097,-5.647283632753298,2.2008157911990067,-2.9370768491996606,-5.937076849199661,2.2343259666175235,0.14100972545435458,-0.15312535878981717,-0.0024288662746812066,0.47044191596401036,-0.0013800975477067379,0.5226173025586542,-1.034213087163048,0.04583781053528234,0.0
33.35,-2.612517451482143,-5.6127139664829775,2.2046099864514765,-2.8985100489440767,-5.898510048944076,2.2369774341350945,0.10446149154930677,-0.11532119939600052,-0.007133828907590055,0.4838409353992595,-0.2276233809188949,0.48594060157817154,-0.8473371203857691,0.060286710476946025,0.0
33.4,-2.5804556914593535,-5.58080896140173,2.209398741925002,-2.8493673771871735,-5.849367377187174,2.240355992818382,0.06417196711990795,-0.07300280693275091,-0.010597150299217255,0.48334762431277645,-0.4087564674761244,0.44648591871017307,-0.6708163989495828,0.07481928390664072,0.0
33.45,-2.550273966671842,-5.55054523438532,2.2153318863764784,-2.7898023065055915,-5.7898023065055915,2.2444510914277407,0.022194045493336118,-0.028886309563737143,-0.01232195371885051,0.45616137221063924,-0.5396577786094685,0.4143830584633859,-0.5012437541661678,0.08885795575340859,0.0
33.5,-2.520835297963766,-5.520847858683214,2.2224256425335267,-2.720362571729304,-5.7203625717293045,2.2492250731936103,-0.01963520108660401,0.014799845390506862,-0.012174938970710094,0.40602900883876814,-0.630339787112225,0.3916976807061724,-0.3331420095296359,0.10189607989160902,0.0
33.550000000000004,-2.4910198246740913,-5.490651557522085,2.230559726480946,-2.641938585254049,-5.641938585254049,2.2546167222637843,-0.05958649140053403,0.056316324628451625,-0.010346973585803481,0.3504721167341297,-0.6939008663473488,0.37191277867685113,-0.16728586310374782,0.11349793914093216,0.0
33.6,-2.459777972666308,-5.458954157001886,2.2395062063118933,-2.5557118523538973,-5.555711852353897,2.2605448101506695,-0.09608368657829,0.09426661823935575,-0.007285274587685295,0.3084568783432574,-0.7402027574699324,0.3479262845309355,-0.011952939351396297,0.1232987452663843,0.0
33.65,-2.4261674031665823,-5.424858262489727,2.2489761835026876,-2.463103386493673,-5.463103386493673,2.26691164217856,-0.12781487739174738,0.12745339457490787,-0.0035874943191916402,0.2883900748739634,-0.7742116378789263,0.32042136738608984,0.12047458483068563,0.1310046389783002,0.0
33.7,-2.389376626083532,-5.387599910617981,2.2586703161345008,-2.3657221246414712,-5.365722124641471,2.2736066039308986,-0.15377628887774908,0.15485310015912826,0.00011412049959431238,0.28632453871938596,-0.7972553362750308,0.29744472883881606,0.21863298560157324,0.1363926899323363,0.0
33.75,-2.3487401261531984,-5.346565697597878,2.2683226150231897,-2.2653133425812,-5.265313342581201,2.2805097076975422,-0.17323454471971303,0.17569614529336444,0.0032434513105606233,0.2943919875143694,-0.8100969368113837,0.28516307938016855,0.2772796425008915,0.13931089672947033,0.0
33.800000000000004,-2.303749562159486,-5.301301608541961,2.2777313014673615,-2.163707070224972,-5.163707070224972,2.2874951389220333,-0.185716238916896,0.18951809176092926,0.005349321836964382,0.3080020622310323,-0.81667123090401,0.28116615015012714,0.3013951858609495,0.1396781869160055,0.0
33.85,-2.2540639398935203,-5.25151708681245,2.286774294609569,-2.062766506925711,-5.062766506925711,2.2944348026488575,-0.19102160914273306,0.19606512068449639,0.006158029077194931,0.3235664969294952,-0.8225768703181877,0.278293257289086,0.30382996644971666,0.137484416983567,0.0
33.9,-2.199519545062953,-5.197087093185407,2.295409526259424,-1.9643364367895408,-4.964336436789541,2.301201869970719,-0.18916014519123803,0.19514219631348453,0.005589049837191227,0.3329275054224014,-0.8263378210752774,0.2722173950435221,0.2947371692523795,0.13279037236910357,0.0
33.95,-2.140138443869661,-5.138053560155403,2.303661895446051,-1.8701916439883284,-4.870191643988329,2.3076743244758022,-0.1802629362060488,0.18662384417609165,0.0037423887847333973,0.3245388495164819,-0.815465500410876,0.262421044279558,0.27523758655230873,0.12572776745488623,0.0
34.0,-2.0761329502641592,-5.074626079385545,2.3115997321587587,-1.7819853280722087,-4.781985328072209,2.3137385086950357,-0.1645897829436332,0.1706387181069243,0.000887354779334936,0.2903770150588807,-0.7749805520004137,0.24754300403127058,0.2435478433385587,0.11649924556851139,0.0
34.050000000000004,-2.0079029939279156,-5.007180201341283,2.3193045155320684,-1.7011975192819868,-4.701197519281987,2.3192926705493635,-0.14259317164131874,0.14770485635082758,-0.0025552973935268567,0.23031877795836378,-0.6983650035024435,0.22302294785656998,0.20374821627607945,0.10537837898289522,0.0
34.1,-1.9360240600020155,-4.936250865516507,2.326838399230508,-1.6290834938617342,-4.629083493861734,2.3242505097970056,-0.11493492504587721,0.11870757368907325,-0.006062224355677311,0.15177543502506008,-0.5907584670579293,0.18276061875991007,0.16701970150077577,0.09270966891628149,0.0
34.15,-1.8612249707551183,-4.862518619426029,2.334214708873531,-1.5666221893711878,-4.566622189371188,2.328544724480731,-0.08241476961420861,0.08475611638808078,-0.009084250778432707,0.06712354983174842,-0.46208001442240143,0.12201465574861711,0.14326383101070336,0.07890854553223381,0.0
34.2,-1.784356764444126,-4.786787404306556,2.341376612848576,-1.514464619998296,-4.5144646199982965,2.332130557375117,-0.045893946070244336,0.04700842673810675,-0.011117964347790919,-0.010278847214209547,-0.31578341072259275,0.04088155860075057,0.12928983805404262,0.06446136793963694,0.0
34.25,-1.7063556889368692,-4.709954363938199,2.348188287886072,-1.472882291871717,-4.472882291871717,2.3349893424338193,-0.006366294233629559,0.006597611347049673,-0.011755808736196029,-0.0718219310658165,-0.14605306367737236,-0.05118728058701243,0.10661588662089386,0.04992542419270618,0.0
34.300000000000004,-1.6282043075878236,-4.632973756150684,2.3544410837290832,-1.4417156183732636,-4.441715618373264,2.337132051236838,0.034847610927846086,-0.035256859286933936,-0.010748169636279685,-0.11698347647552232,0.05068496103736864,-0.13417612585584665,0.05434893812599273,0.03592893129097117,0.0
34.35,-1.5508945202434388,-4.556818054695177,2.359874793175046,-1.4203223354504524,-4.420322335450453,2.3386028394377814,0.07604734553865203,-0.07705631773847069,-0.008091002046445204,-0.1477371189479507,0.26333714925775104,-0.18608523144475458,-0.036699477800966274,0.023171035179292924,0.0
34.4,-1.4753948325118107,-4.482439347767801,2.3642117914664054,-1.4075259169289476,-4.4075259169289485,2.3394825932111347,0.11533575775917569,-0.11695086763683366,-0.004076809720788311,-0.15734400706891472,0.4680499860331434,-0.19711182166370222,-0.16372451465275129,0.012421810747849694,0.0
34.45,-1.4026218664480543,-4.410733079040179,2.3672002195870685,-1.4015639898250807,-4.401563989825081,2.3398924756995254,0.15074590995927797,-0.15289874549220106,0.0007239704138378793,-0.1306523821594025,0.6411517793082284,-0.17162519974029683,-0.32218036643960113,0.004522261832144101,0.0
34.5,-1.3334135464427568,-4.342504180566787,2.3686618890741933,-1.400036749658342,-4.400036749658343,2.339997473460989,0.18013880206114685,-0.18294437753333276,0.0055013007104024285,-0.06272009648604945,0.7713614519285101,-0.11132679814003918,-0.5155410437914916,0.00038432121300461,0.0
34.550000000000004,-1.2684991806032166,-4.27843323242713,2.368540726171605,-1.3998642396530758,-4.399864239653076,2.339988969471812,0.20117876962682116,-0.2052540516884947,0.009276682187524844,0.028904480422928425,0.8658156226347211,-0.007769394011102604,-0.7555305409942539,-0.0010767997033874332,0.0
34.6,-1.2084578072355194,-4.219036222793404,2.3669368042382404,-1.3976177853286595,-4.39761778532866,2.3398064450579534,0.2115403843095375,-0.21771644207877666,0.01107457138068441,0.11095273156721158,0.9129801362233119,0.12340483126853358,-0.9950130687526628,-0.00701675402429157,0.0
34.65,-1.1536520968495494,-4.164607374759742,2.3640848352776187,-1.390367241496045,-4.390367241496046,2.3392173383715535,0.20949367275480535,-0.21811099821672922,0.010247398623624782,0.17164942963058627,0.848534773840967,0.2422591827651479,-1.1260080167924367,-0.01715683786282792,0.0
34.7,-1.1041560431615411,-4.115162652123678,2.360303911431066,-1.3758576484442804,-4.375857648444281,2.338038433936098,0.19485525614721091,-0.20547396684401434,0.006873572325275774,0.21438457020662421,0.6553360190153845,0.3145202689833138,-1.0979149334696952,-0.030439349483594755,0.0
34.75,-1.0597148370155216,-4.070416325248271,2.355946229306524,-1.3524592077040078,-4.352459207704008,2.3361373106259506,0.16938327130889363,-0.18087670391479405,0.0018450056190526213,0.23901493799300194,0.3933419693035724,0.32738776734144753,-0.9441250284723177,-0.04589021658683163,0.0
34.800000000000004,-1.0197560436917847,-4.029802262293873,2.351338287850659,-1.3191158177793556,-4.319115817779356,2.3334281601945723,0.1359899314170183,-0.14684845702307806,-0.003554320104369032,0.2430152676769584,0.14594276118882527,0.2844981499545934,-0.7310922033608853,-0.06261899630843343,0.0
34.85,-0.9834466540017669,-3.9925297330141345,2.34671817509619,-1.2752936098798755,-4.275293609879876,2.3298676058027397,0.09752928394262483,-0.10649344367544446,-0.008191278656423414,0.218912116497346,-0.03780937967949216,0.20514638515136913,-0.5049168860133484,-0.0798188752199332,0.0
34.9,-0.9497779001480083,-3.957655982330596,2.3421867472867275,-1.2209294836524216,-4.220929483652422,2.325450520546759,0.056301753223603083,-0.06283822576433201,-0.011322261085752168,0.15932745183056626,-0.1533472981630249,0.11744943053193468,-0.2819135231138624,-0.09676666932851857,0.0
34.95,-0.9176565885875414,-3.924160910905474,2.337690828192117,-1.1563796429130673,-4.156379642913068,2.3202058459866866,0.014222493421695464,-0.018422790626865436,-0.0125962456297864,0.07126991822668322,-0.22151523250375388,0.041585942031170324,-0.0644342980615635,-0.11282282407702421,0.0
35.0,-0.8859849201304187,-3.8910138600236874,2.3330433658899596,-1.0823681313790492,-4.08236813137905,2.3141924106745475,-0.026930861890236375,0.02479333307338795,-0.012014108598987275,-0.019889990500517457,-0.2676934609601541,-0.018646935440068596,0.14338595305069876,-0.1274314143439252,0.0
35.050000000000004,-0.8537188913529761,-3.8572268710286934,2.327971616436108,-0.9999353684006083,-3.9999353684006085,2.3074947486825494,-0.06550567951932007,0.0652470347536255,-0.009879632612315758,-0.08496510084138018,-0.3092752015264665,-0.06643135125727431,0.32860942795589887,-0.14012014444335255,0.0
35.1,-0.8199042927777069,-3.821892724202717,2.322178036414232,-0.9103866846929842,-3.9103866846929844,2.300218918131305,-0.1001268671471826,0.10156550624348548,-0.006704009847825394,-0.1104166630133992,-0.3538172363421477,-0.09632790786274437,0.47267605190750084,-0.15050034812507687,0.0
35.15,-0.7836955155470999,-3.784209250341031,2.3153996934293546,-0.8152408580682439,-3.815240858068244,2.2924883197180446,-0.1297318786216017,0.13257932311664425,-0.0030854300136706277,-0.10027442015164872,-0.4043046158109425,-0.09427908483677921,0.560350651823561,-0.15826698857452173,0.0
35.2,-0.7443647351983167,-3.7434935773555336,2.307456781969849,-0.716178649167224,-3.716178649167224,2.284439515244837,-0.1534403228110089,0.15747947580790966,0.0003754017589903251,-0.059662305780275815,-0.4649273226756445,-0.05456186179145034,0.5871444522771558,-0.16319865841275627,0.0
35.25,-0.7013084233819755,-3.6991907834325084,2.2982857256541163,-0.6149913371914848,-3.614991337191485,2.2762180461468082,-0.17053331062752022,0.17580998197391556,0.003139326966562107,0.013693053969650038,-0.543612462471806,0.012475052602459513,0.5618590067920877,-0.16515757969649517,0.0
35.300000000000004,-0.6540561191086725,-3.6508808705629,2.2879557298903506,-0.5135292556351215,-3.5135292556351216,2.2679742520203536,-0.18054192240331535,0.18718603131486047,0.004800107780147021,0.11767588098861001,-0.6442856842456633,0.09405415131596881,0.4979541232592989,-0.1640896039181023,0.0
35.35,-0.6022838394169242,-3.598286667194934,2.2766693262156066,-0.4136503280167867,-3.4136503280167867,2.2598590891513637,-0.18324188806425906,0.1911198778283724,0.005130702605156255,0.23627372797049437,-0.7566160894331613,0.1868039163922006,0.40160018784681906,-0.16002421200558845,0.0
35.4,-0.5458316690635933,-3.5412838534590136,2.264748018616666,-0.3171686036114991,-3.317168603611499,2.2520199490434343,-0.1786070528699401,0.1872353308871127,0.004099666477762541,0.3485282888385653,-0.8612503454256921,0.29029356336501594,0.27461151933414923,-0.15307451432261135,0.0
35.45,-0.4847224777893098,-3.479912723806513,2.2526044735660853,-0.225802793182599,-3.2258027931825985,2.244596476946086,-0.16681328660078576,0.1755380210389119,0.0018749317336201124,0.4409010897369625,-0.9428213955642435,0.3972981312933166,0.12488065752012667,-0.14343725066847496,0.0
35.5,-0.4191770598046329,-3.4143895258181924,2.240703302735724,-0.1411248047136926,-3.1411248047136926,2.2377163903829875,-0.14825716927799298,0.15645452658943332,-0.0011921072567857456,0.50914540515015,-0.9950452178776468,0.49448317762349653,-0.03126246158737439,-0.131392790278134,0.0
35.550000000000004,-0.3496206177247184,-3.3451138387177557,2.2295137009320145,-0.06450827914047519,-3.064508279140475,2.2314912976801637,-0.12352110095759071,0.13071309091563327,-0.004615961420899748,0.5540549051422299,-1.0158242344606254,0.5687687161666469,-0.1767774541810433,-0.11730513182218497,0.0
35.6,-0.27667646806424323,-3.272667869043991,2.2194589271513903,0.0029228739172630913,-2.9970771260827367,2.2260125164942224,-0.09331852477544116,0.09923557647425518,-0.00784509793862878,0.5786689852165017,-1.0009149092688514,0.6116001630983465,-0.3027476123886441,-0.10162190340687839,0.0
35.65,-0.20114491314439117,-3.1978039562279714,2.2108692909036383,0.060345940423814914,-2.939654059576185,2.221346892340565,-0.05850527246775893,0.06310508341969369,-0.01032749563451991,0.5872886539464051,-0.9433972918379353,0.6206173435994035,-0.41051509905157146,-0.08487436257410666,0.0
35.7,-0.12396804224097477,-3.121418208345033,2.2039459998430133,0.10729086619559491,-2.892709133804405,2.217532617121608,-0.0201578020775871,0.02357575277247354,-0.011579068237354917,0.5842902055095174,-0.8385269377029282,0.6003814605498791,-0.5072608173433532,-0.0676773963014091,0.0
35.75,-0.04618410098378829,-3.0445108528025284,2.198742206696691,0.14369172116922546,-2.8563082788307743,2.2145750476550004,0.020360842376908307,-0.01792342631762852,-0.01126650693260602,0.5727323973636869,-0.6885759708634529,0.5618972752095546,-0.6004151972340059,-0.05072952100197868,0.0
35.800000000000004,0.03112314896648867,-2.9681366693206126,2.1951647246169212,0.16993816366966996,-2.83006183633033,2.2124425242018395,0.06141128710312127,-0.05980299765030534,-0.009291172942211242,0.554333721479121,-0.5037504170454222,0.5195702344632179,-0.6948690009864563,-0.03481288252464727,0.0
35.85,0.10687474911665701,-2.8933506259341546,2.192995881267234,0.18692690467827466,-2.813073095321725,2.21106218899489,0.10115998230090348,-0.10033204659929892,-0.00584150991715864,0.5314470608082857,-0.29907962300353785,0.4856473259046773,-0.7932312314604116,-0.020793256153901898,0.0
35.9,0.1800431951411372,-2.8211538184319487,2.191931165415261,0.1961131721009024,-2.803886827899097,2.2103158047668017,0.1376666399341638,-0.1376592773389428,-0.0013932933477881389,0.5087539052788601,-0.08958730008416382,0.46516963034149894,-0.8972178480201687,-0.009620046609871409,0.0
35.95,0.24969511910532477,-2.752443098611484,2.1916258671445497,0.19956217503599105,-2.8004378249640087,2.2100355732783257,0.16890247090033744,-0.16984789177638795,0.0033322564854247516,0.4908254757856219,0.11346158583829496,0.4557539635729588,-1.0080435633399625,-0.002326288048332104,0.0
36.0,0.3150326433779395,-2.6879651678719365,2.1917431808376886,0.2000005542660428,-2.799999445733957,2.210000090068232,0.19272290074175197,-0.19493101715584174,0.007438306612297175,0.4752721907761014,0.3057321094879706,0.45282696945215606,-1.1269698329242595,5.5716055612597874e-05,0.0
36.050000000000004,0.37543712549889985,-2.628274065992695,2.1919996673326914,0.20076518672295315,-2.799234813277047,2.2101243428424797,0.2069268565876665,-0.21093278111696967,0.009974616985606028,0.46260983670767086,0.46793938692319426,0.4661650775368279,-1.2581104857643992,0.006672791369514064,0.0
36.1,0.4305099041630444,-2.5736980827069904,2.1922412455603326,0.20507238020775137,-2.7949276197922486,2.2108242617837597,0.20961706639525518,-0.21593086672175066,0.010177359323621711,0.4694502504447602,0.5153252972036324,0.5181903026974803,-1.3657799386588734,0.022708861467911595,0.0
36.15,0.4801055878833016,-2.524318851011152,2.1925383589040246,0.21548388589802825,-2.7845161141019714,2.2125161314584294,0.20001942941543707,-0.2085874948696266,0.007838438632958624,0.5072565330275978,0.39740465142565606,0.5999989948226386,-1.4036286284734514,0.04600451978574903,0.0
36.2,0.5243634224029566,-2.479954539780249,2.1932048479538033,0.2339221301971407,-2.766077869802859,2.2155123461570354,0.17896296087625166,-0.18894491270026184,0.003496258114815383,0.5791979938078311,0.13712567943777054,0.685431333981161,-1.3628061020155213,0.07456356185554582,0.0
36.25,0.5637213423239313,-2.440157464807281,2.1947420388211945,0.2617204307642222,-2.7382795692357775,2.220029569999186,0.14865835981788675,-0.15870116979160412,-0.0017499102243777034,0.6722108177028782,-0.19302765436620417,0.7544782113480724,-1.2669470095224729,0.1065529853073802,0.0
36.300000000000004,0.5989000982839618,-2.40423331222341,2.1977341122816765,0.29967321254422624,-2.7003267874557735,2.2261968970384367,0.11193441522831013,-0.12064027289426253,-0.006685119280117281,0.763635264751654,-0.5143481256767878,0.797694056429814,-1.1462133103343999,0.1403029898689187,0.0
36.35,0.6308556755475169,-2.371281649634524,2.202725029454914,0.3480862237979163,-2.6519137762020835,2.2340640113671615,0.07145641193179918,-0.0778583814951093,-0.010371409002465044,0.8307555056286873,-0.7760529462595562,0.8143518908050797,-1.0159324854822496,0.17430697736538112,0.0
36.4,0.6607063094215713,-2.340254364186782,2.2101114538532234,0.4068267521319223,-2.5931732478680773,2.2436093472214376,0.029428427798597213,-0.033240662938645256,-0.012292326298696973,0.8579178212747209,-0.9604983668629417,0.8097185380925276,-0.8772335919540113,0.20722155171957304,0.0
36.45,0.6896469859829945,-2.3100262335620894,2.2200782334422047,0.47537384052875237,-2.5246261594712474,2.2547482490859223,-0.012317533359628933,0.010795998500316161,-0.012325723694434064,0.8412222842737198,-1.0717061942553547,0.790571747494711,-0.7279833644038723,0.23786651895187091,0.0
36.5,0.7188667243388404,-2.279468925602159,2.2325856116806033,0.5528685033767795,-2.4471314966232205,2.2673411317987267,-0.05215644978162613,0.05236631103447459,-0.010668835989479345,0.7885230048417039,-1.123086128340406,0.7615768987439454,-0.5703411107370636,0.2652248871802098,0.0
36.550000000000004,0.7494804417257565,-2.2475186394624718,2.2474005063020877,0.6381639425003349,-2.361836057499665,2.2812016406563043,-0.0885969644110481,0.09006986824688674,-0.00775882762619069,0.7155597605038171,-1.1302422639675391,0.7236033424202286,-0.41140497926623665,0.2884428666201124,0.0
36.6,0.7824804508628758,-2.2132295802584605,2.264154533410848,0.7298757631896429,-2.270124236810357,2.296104811518317,-0.12032095541267337,0.12289280601413906,-0.004182862704682737,0.6401953910010731,-1.1081672352187044,0.6741954595610556,-0.2596050492565135,0.3068298695846588,0.0
36.65,0.8187063410023057,-2.175809685615886,2.2824099099689144,0.8264321902309233,-2.173567809769077,2.311795230912525,-0.14628133499743645,0.15007680658159273,-0.0005722805642483689,0.5756187775624598,-1.0697594162991009,0.6108014659921058,-0.12122612175081471,0.3198585104845108,0.0
36.7,0.8588283652476275,-2.134639544054315,2.301718397578199,0.9261242839363824,-2.0738757160636174,2.3279951961396623,-0.16577224107630298,0.17098506558332793,0.002502696361384282,0.5244393852367297,-1.0233016109840316,0.5352578952445273,-7.166636290312223e-05,0.3271646058278985,0.0
36.75,0.9033387702738551,-2.0892785629431208,2.321664619613048,1.0271561561741878,-1.972843843825812,2.3444128753783056,-0.1784121755028119,0.18504822102586704,0.0046090850602446215,0.4781498093111119,-0.9703178348495685,0.45468435936577184,0.10106762181348977,0.32854717422062096,0.0
36.800000000000004,0.9525469692052204,-2.039463472867026,2.3418907760003567,1.1276951863985913,-1.8723048136014087,2.3607504677897713,-0.18406000378660473,0.1918356146661004,0.005485547441746995,0.42377904760180574,-0.9068521392849309,0.3763430918709101,0.18059501492812058,0.323968436366051,0.0
36.85,1.0065767984319944,-1.9851034475094442,2.362103780683939,1.2259222376798358,-1.7740777623201642,2.3767123636229734,-0.18274531921594497,0.1911848945497807,0.005050507891672506,0.35280762174644686,-0.8288286977663024,0.3009137181582917,0.24134158036805908,0.31355381506513386,0.0
36.9,1.0653663084057583,-1.9262742371667465,2.3820680781567933,1.3200818727342778,-1.6799181272657222,2.3920133043193204,-0.17465408722432124,0.1832474147559989,0.0034006879310399295,0.26445504150175986,-0.7367647106433033,0.22168298876324027,0.29280911967890394,0.297591935216385,0.0
36.95,1.1286716822227227,-1.863211738778892,2.401588397478452,1.4085325699543654,-1.5914674300456346,2.4063865426175846,-0.1601077966101038,0.16838857328390283,0.0007921347118272366,0.16210761566960064,-0.633426021675389,0.13038343606266256,0.3463284771341363,0.27653462381588745,0.0
37.0,1.196077123982769,-1.796303931541682,2.4204870374326033,1.489796939438622,-1.5102030605613779,2.419592002658776,-0.13949739872872716,0.1470300188970326,-0.0024001595092393944,0.047786883535974406,-0.51458510810631,0.024422851668247786,0.403510542152133,0.2509969099573062,0.0
37.050000000000004,1.2670118627226021,-1.726079491855371,2.438580353865637,1.5626119390217568,-1.4373880609782432,2.4314244400910354,-0.11328376873116616,0.11964026541191791,-0.0057181209714239,-0.07915883924713168,-0.3670262547205127,-0.09064443326158583,0.45257237500735875,0.22175702483186363,0.0
37.1,1.3407741832576858,-1.6531915648785132,2.4556590039798833,1.6259790903045948,-1.3740209096954052,2.4417216021744967,-0.08212209138984898,0.08693444442474256,-0.008650941089055281,-0.21761459158619598,-0.18194813122378747,-0.20502892330749364,0.4808680070621476,0.18975640172836883,0.0
37.15,1.4165610420824433,-1.5783960117010125,2.4714760327287477,1.6792146946841724,-1.3207853053158276,2.450372387886178,-0.04693594666084837,0.050059309562048154,-0.01069751210298193,-0.35768110320395774,0.030928544321443374,-0.31224771576873894,0.48865638086366786,0.1560996760331914,0.0
37.2,1.493500670068152,-1.502524712432649,2.485745863878108,1.7220000493837215,-1.2779999506162785,2.457325008024855,-0.008814946135072882,0.010521546651388566,-0.011453470940275814,-0.4772273791457703,0.24651716393708895,-0.41410232489362125,0.48614701132801047,0.12205468523027019,0.0
37.25,1.570684857304838,-1.426455846494769,2.498155683159443,1.7544316634826855,-1.2455683365173145,2.4625951453159365,0.031111928556554404,-0.03017050925195635,-0.010670909455590774,-0.5509636620177594,0.44567133922987023,-0.5135448539269211,0.47328202858288626,0.08905246890113065,0.0
37.300000000000004,1.647197878151313,-1.3510837543831882,2.5083888974242234,1.7770714739467708,-1.2229285260532292,2.4662741145163505,0.0715607440756315,-0.07082024384310014,-0.008291399387901568,-0.5708128528423392,0.6312444689362192,-0.596399482679666,0.4254640863936333,0.05868726872485167,0.0
37.35,1.722140369297888,-1.277290383868396,2.5161589224631933,1.7909970616579383,-1.2090029383420617,2.468537022519415,0.11080825946188211,-0.11030655591810745,-0.004509436065787406,-0.5521629347568244,0.8117322268426574,-0.6276628773921211,0.3115893949081745,0.03271652847809852,0.0
37.4,1.794648643844995,-1.205918975194003,2.5212507878175305,1.7978518674444544,-1.2021481325555456,2.469650928459724,0.1467613311138496,-0.14698845735826743,0.00017476990705824475,-0.5068392371267039,0.9751525880747149,-0.5810517091724499,0.12179226037526769,0.013060894035098719,0.0
37.45,1.8639123320627602,-1.1377492801219724,2.5235679026379354,1.7998954081108844,-1.2001045918891156,2.469983003818019,0.17729243371461875,-0.17858407171600968,0.005009313606412174,-0.4191201996154729,1.093578392173178,-0.4643976256373807,-0.1347310046621018,0.0018042133676520456,0.0
37.5,1.9291954411554055,-1.0734718341223923,2.523181663021349,1.8000521579272957,-1.1999478420727043,2.4699990220388632,0.20014012919349766,-0.20269688614817327,0.009063755177777747,-0.27168662911479713,1.14535225878137,-0.29669908349073015,-0.4476985643052964,-0.00013229467369693358,0.0
37.550000000000004,1.9898692350213059,-1.0136546741271184,2.5203734955334376,1.8017339881164847,-1.1982660118835153,2.469967487722816,0.2128050323241246,-0.21721259044886526,0.011323304090410147,-0.09523665620233784,1.1228029894097444,-0.09363575860920942,-0.7770971004291602,-0.0013202285162515072,0.0
37.6,2.04547445027333,-0.9586867921638034,2.5156192934125703,1.8079962099255993,-1.1920037900744007,2.4698500710638953,0.21324992216683644,-0.22019986538458403,0.011014395007522073,0.0653961923788488,0.9897518611341587,0.12116624764602762,-1.0283177726426245,-0.0035244980994455634,0.0
37.65,2.095806015229046,-0.9087066052720705,2.5095256140766504,1.8212129742168655,-1.1787870257831345,2.469602256733434,0.2008856624865995,-0.21029321774970114,0.008040338598538765,0.20139437366137175,0.7313370892081672,0.3068369542307689,-1.1365775911193923,-0.006496286788952445,0.0
37.7,2.140980737859643,-0.8635521657436331,2.5027608858882764,1.8431208544299023,-1.1568791455700977,2.4691914839794395,0.1769345877460428,-0.18777691517200953,0.003125733977516172,0.3157805626596077,0.38654683862887135,0.4292666201989132,-1.0983213576498239,-0.01000622815214098,0.0
37.75,2.1814573525682874,-0.8227552672673784,2.495977393345267,1.8748707137862277,-1.1251292862137723,2.4685961741165086,0.14408781355640127,-0.15482060821191537,-0.002459367935459702,0.4026822686094874,0.03527047892460533,0.48014358638876403,-0.9612070294480879,-0.01384440595807349,0.0
37.800000000000004,2.2180014331225752,-0.7855797258934629,2.489724962385578,1.9170795724938041,-1.0829204275061959,2.4678047580157414,0.10548754213953722,-0.1146040502633005,-0.007444660276021564,0.4528259364681905,-0.2517421318754436,0.46939326788369873,-0.779660052974376,-0.017820354177509393,0.0
37.85,2.2516076624365264,-0.751089811164045,2.4843745928717804,1.9698824749515211,-1.0301175250484789,2.4668147035946593,0.06384621500076733,-0.07044302742078574,-0.010952481550083942,0.45786629403479484,-0.44528251284196796,0.4190756277947639,-0.5856895373229111,-0.02176305698290097,0.0
37.9,2.283401262682148,-0.7182320512421233,2.48007679542721,2.032984356953756,-0.9670156430462444,2.465631543307117,0.021259009168020628,-0.025255951170716284,-0.012570315430339414,0.4160568375706429,-0.5535215289591762,0.35540198086424896,-0.3910022597413601,-0.02552094874839724,0.0
37.95,2.314541794243466,-0.6859160532117993,2.4767672581033486,2.105711912894879,-0.8942880871051209,2.464267901633221,-0.0205618030792146,0.018674517397399552,-0.012270154244916367,0.33841856237961665,-0.6030115637535419,0.298182647464721,-0.20008257176878141,-0.028961914049842198,0.0
38.0,2.3461462079392352,-0.6530837545584568,2.474213825188564,2.1870654629737403,-0.8129345370262595,2.4627425225692425,-0.060038964484810456,0.059702737819598006,-0.010323059857299989,0.24942714561129758,-0.6225311737466844,0.2541279205830056,-0.01922165079090693,-0.031973287664773385,0.0
38.050000000000004,2.3792374991542258,-0.6187613957940802,2.4720869797631058,2.2757708203982623,-0.7242291796017375,2.4610792971175326,-0.09567967114622923,0.09665253622380283,-0.0072260955115944275,0.1790013735638451,-0.6345654029012595,0.2191764341494466,0.14138228041236622,-0.03446185457242524,0.0
38.1,2.4147161474340337,-0.5820934520439759,2.470034461995957,2.3703311585898685,-0.6296688414101314,2.45930629077644,-0.12620996309711888,0.12857150837644316,-0.003604480153751678,0.14769914952529367,-0.6524555926475439,0.18967984075763278,0.26959276714331687,-0.036353849953725675,0.0
38.15,2.453346660734123,-0.5423615127863296,2.4677456926948653,2.46907887838809,-0.5309211216119101,2.4574547710302235,-0.1507066381449429,0.15456955161435387,-9.029230246237793e-05,0.156318601089307,-0.6808970661144949,0.17168675752867274,0.35467775235820015,-0.03759495919129876,0.0
38.2,2.4957508667498898,-0.49899309946836184,2.4649984101949993,2.57022747525505,-0.42977252474495,2.4555582348389677,-0.1685611137403092,0.17386121648489386,0.002771126564314294,0.19136031903236905,-0.7184502042147293,0.17613954975313462,0.39049899436012847,-0.038150317869463275,0.0
38.25,2.5424016379470173,-0.45156567585808904,2.46168529540004,2.671923406479938,-0.3280765935200617,2.453651436128501,-0.1793650034550855,0.1859172500758649,0.004567881339986422,0.2400977245925266,-0.7618957272507356,0.20547095597795445,0.37873546969513644,-0.03800451177423281,0.0
38.300000000000004,2.5936138810290936,-0.3998099362132154,2.457821509454593,2.7722979583836325,-0.2277020416163673,2.451769413280307,-0.18290522944948018,0.19050501355700789,0.005058738734722216,0.29660082452795633,-0.8102768393617445,0.2500468129603015,0.3309004968781383,-0.03716157689331612,0.0
38.35,2.649532616964664,-0.34361450414934347,2.4535354450512954,2.8695191135231024,-0.13048088647689715,2.449946516621442,-0.1791940898421649,0.18754881660990716,0.004201309911310227,0.3549273349529842,-0.8613212443892413,0.2978479446083287,0.26231746082135315,-0.03564499941611734,0.0
38.400000000000006,2.7101203165954044,-0.28303219357775095,2.4490454147213963,2.9618434178960453,-0.03815658210395445,2.4482154359144492,-0.16841842805408366,0.1770270855423904,0.002145326881248471,0.4036833695864524,-0.9039699422671392,0.342642616836031,0.18181605426267095,-0.033497715733734904,0.0
38.45,2.7751472619616107,-0.21828629625982776,2.444625339108007,3.047667848145294,0.047667848145294345,2.4466062278472758,-0.15089933261720265,0.15908470713471726,-0.0007925730219003994,0.43041774707377217,-0.9205417216475292,0.38209640832553127,0.09101007862620325,-0.030782112438963356,0.0
38.5,2.8441892793742656,-0.14977397549871543,2.4405632294416284,3.1255816787634334,0.1255816787634334,2.4451453435231856,-0.1271223148206738,0.13421907814475256,-0.004158933771369061,0.4291133941296757,-0.8970984095820529,0.4124791192114827,-0.007936060813456103,-0.027580026326291477,0.0
38.550000000000004,2.9166364522393278,-0.07806315035297846,2.437117372036637,3.1944183492972726,0.19441834929727286,2.443854655950676,-0.09777643498032565,0.10333504628580491,-0.007412368718373368,0.40291846201628784,-0.8302449490806525,0.42745364977398986,-0.10769129837542474,-0.023992744391902687,0.0
38.6,2.9917144465752763,-0.0038795917029696304,2.434476171996181,3.253307331552344,0.2533073315523444,2.4427504875333934,-0.06375172792794154,0.0676607419037797,-0.009996666820316823,0.3622734602339675,-0.7261673641787327,0.42045194511342454,-0.1982779597726343,-0.020141003833677135,0.0
38.650000000000006,3.068517516439,0.0719175063805793,2.432727959682776,3.301725996797487,0.30172599679748724,2.4418426375600473,-0.026107679384090324,0.02860214524961419,-0.011422741298347723,0.3209518184639485,-0.5944464277428279,0.3880185710021718,-0.2738313912331504,-0.01616499205118787,0.0
38.7,3.1460498876369027,0.14837092426753481,2.4318460996115343,3.339551482969304,0.3395514829693038,2.4411334096943254,0.013932750782684156,-0.012392377302081226,-0.011341595167702485,0.29095705543090594,-0.44168100673044103,0.3332548219122507,-0.33831320273146154,-0.012224346645705039,0.0
38.75,3.223270825153951,0.22446897598403368,2.431692366389433,3.367112561876722,0.36711256187672237,2.440616639464811,0.05492337364622459,-0.05389223933764441,-0.009607640155315152,0.27722485667409835,-0.2702457811252881,0.2685403945446383,-0.4049803992151032,-0.008498155420192532,0.0
38.800000000000004,3.2991388587512067,0.29919307855041327,2.432038312956554,3.385241506405503,0.3852415064055035,2.4402767217548966,0.09512227593128234,-0.09443601666610459,-0.006339371489320437,0.27548406347635196,-0.08286202244978272,0.21441360194725353,-0.4893741136990237,-0.005184956379308911,0.0
38.85,3.3726523883614137,0.37156526619779084,2.4326012394704235,3.3953259577227506,0.3953259577227508,2.4400876382926984,0.13252352836125575,-0.13240807188529402,-0.0019569524784568346,0.27702661335494705,0.11288181615764856,0.19146398141406848,-0.6020211072394893,-0.002502737729409612,0.0
38.900000000000006,3.4428866163161005,0.44069301811704636,2.4330892995700992,3.3993607924814464,0.3993607924814464,2.440011985140973,0.16500520323415696,-0.1659228192279898,0.0028440166775259147,0.2785128660456291,0.30531165306270364,0.20794087136185885,-0.7462026588322763,-0.000688937878543146,0.0
38.95,3.5090295893871253,0.5058109735479618,2.4332495991688394,3.399999990024958,0.399999990024958,2.440000000187032,0.19042363682566443,-0.19280722029049208,0.00717983742112695,0.2862193041032956,0.48273400037014336,0.25402494028226924,-0.9191361201687791,-4.4543645445277177e-07,0.0
39.0,3.570422161630908,0.5663213892758538,2.4329134551611,3.400629994813849,0.40037799688830944,2.44,0.2065614035280467,-0.2107261445869115,0.010087337669240738,0.29100185477395485,0.6228235301226457,0.3279944714977355,-1.1009047162044436,0.0,0.0
39.050000000000004,3.6266070407650717,0.62183534268165,2.4320338801573276,3.404976726541495,0.402986035924897,2.44,0.2115948227909332,-0.21738847481801435,0.010776428050871168,0.2625396494319819,0.6525897521301218,0.44651638517571096,-1.2152148134219691,0.0,0.0
39.1,3.6773888274963746,0.6722069846476176,2.430704606341329,3.416143643300975,0.40968618598058515,2.44,0.2054270941626698,-0.21107274082408595,0.009113198704500088,0.2290451188665764,0.5467939426062952,0.5647292170588701,-1.2205543242352586,0.0,0.0
39.150000000000006,3.7228902598334996,0.7175415198892273,2.4291473153372154,3.4364978744294876,0.4218987246576927,2.44,0.18976062475459632,-0.19131357225199963,0.0057290862852682495,0.2256987818941627,0.3486125717794022,0.6311695952548773,-1.1336562728861568,0.0,0.0
39.2,3.763576851168186,0.7581715728395656,2.4276655754075365,3.4677259596286003,0.44063557577716034,2.44,0.16703347690886228,-0.15931488462873647,0.0016500695072791493,0.2587342871998386,0.11676159704740496,0.625958129636295,-0.9851914949220679,0.0,0.0
39.25,3.800234876061588,0.7946150715761314,2.4265738861722825,3.510889589526251,0.46653375371575073,2.44,0.1396283546233044,-0.11773924664156608,-0.0021071595188470326,0.307260038627142,-0.0994820402392056,0.5618902992677696,-0.8030296455731428,0.0,0.0
39.300000000000004,3.8339075659542763,0.8275283201898023,2.4261215951776114,3.5664813462387284,0.4998888077432372,2.44,0.10949609431321097,-0.06990481475134008,-0.004788086637377906,0.3469781891012633,-0.27055500282149897,0.4634239396239665,-0.6073368602828595,0.0,0.0
39.35,3.8658065029334536,0.8576607656606349,2.4264350968124813,3.634480443932625,0.5406882663595749,2.44,0.0780734603836662,-0.019065852680236788,-0.0059794165626045415,0.3642743303755785,-0.38839540362667596,0.35333596566412945,-0.4102715733634505,0.0,0.0
39.400000000000006,3.8972179349791287,0.8858122553268695,2.427493900964908,3.7144084693868766,0.5886450816321261,2.44,0.04642929458446587,0.03194248762634685,-0.005567559679049665,0.35631957441646056,-0.45937705219027214,0.2508935082447802,-0.22075723065810438,0.0,0.0
39.45,3.929420144533241,0.9127924379729285,2.429142576314165,3.8053851225546733,0.643231073532804,2.44,0.015480683445921285,0.08082574502940097,-0.0036696227148540128,0.3277815330314833,-0.4967533375042986,0.1714656742266897,-0.04744402950195828,0.0,0.0
39.5,3.963620808617112,0.9393835509997372,2.431129599153715,3.906183957125511,0.7037103742753067,2.44,-0.013832132045527658,0.12585063609253108,-0.0005872457983130882,0.29075435485587287,-0.5161336586677466,0.12215444495161758,0.10183992915847721,0.0,0.0
39.550000000000004,4.000915684835785,0.9663090609070603,2.4331595608281886,4.015288121087152,0.7691728726522911,2.44,-0.04049762643180789,0.16578032516838417,0.0032241342441202466,0.26473874140065234,-0.5329396055225706,0.09790589053951876,0.2218101303278861,0.0,0.0
39.6,4.042264429941087,0.9942102003686165,2.4349460777910528,4.13094609728755,0.8385676583725304,2.44,-0.06355502500945892,0.1996824799871537,0.0072144816710141895,0.268722296479465,-0.559464063536613,0.08709956344803838,0.3098524995408092,0.0,0.0
39.650000000000006,4.088476825028927,1.023630918882873,2.4362564377112337,4.251227443996951,0.9107364663981706,2.44,-0.08227006851612638,0.22668727434758937,0.01083892004254822,0.3079531341866262,-0.6001611118914388,0.08432333339498835,0.3631661408625185,0.0,0.0
39.7,4.140201998911064,1.055010631131646,2.436949970572617,4.374078535469736,0.9844471212818415,2.44,-0.09617972480467547,0.2443379464128188,0.013640934674854234,0.6777624951671459,-0.9564984788845727,-0.21339977223582068,0.6847316098748109,0.0,0.0
39.75,4.1978701890146946,1.0886829803162388,2.4370153763748785,4.4973783025065295,1.0584269815039176,2.44,-0.1049625048343136,0.24676543733666836,0.015256863420558476,0.5233260201736359,-0.776465057405282,0.03327563813066686,0.43307432637637294,0.0,0.0
39.800000000000004,4.261581848931999,1.1248700298225245,2.436531619386598,4.618993973016128,1.1313963838096766,2.44,-0.10881336144039892,0.23842401777040048,0.015627845795309892,0.25598057743794966,-0.49437897637790607,0.39781471639766397,0.05749788377129883,0.0,0.0
39.85,4.331191047975889,1.1636848412703606,2.43567194708748,4.7368368125774305,1.2021020875464583,2.44,-0.10797119335616563,0.22727173364344733,0.014888596149706284,0.10298726480258502,-0.3481400527781441,0.6365988607285958,-0.18557676577831128,0.0,0.0
39.900000000000006,4.406474042863392,1.2051288676746759,2.4346511211554605,4.848917865001544,1.2693507190009266,2.44,-0.1024510086197235,0.21832550873940787,0.013170961008478753,0.2005040917778288,-0.45870682305404864,0.599730826151604,-0.15999238855062126,0.0,0.0
39.95,4.487233007770123,1.2490852268209587,2.433660269585544,4.9534036928936285,1.3320422157361773,2.44,-0.09230184194186385,0.2089250883364751,0.010593915582027926,0.6927381112810707,-0.9558131003977819,0.13623606617361722,0.27207768575218955,0.0,0.0
40.0,4.573225003105791,1.2953186076088787,2.4328775419182005,5.048672118214997,1.389203270928998,2.44,-0.07772619943394864,0.1887489166077876,0.007389876471857868,0.7816659039037985,-1.0403563042753896,0.04123817462433213,0.3179994723054207,0.0,0.0
40.050000000000004,4.6639474451984375,1.3434788801822481,2.4324690798596,5.1333679628450435,1.440020777707026,2.44,-0.059106888720988404,0.1552540457205289,0.003998471700805125,0.6611627635756692,-0.8987660505641355,0.12112630307954528,0.17036351662082236,0.0,0.0
40.1,4.758564854798396,1.3931110957151287,2.4325641950124965,5.206458789143194,1.4838752734859164,2.44,-0.0371698907117975,0.1113117447164837,0.0009979272198173909,0.48609639294523155,-0.6855195320618672,0.22541723303971706,-0.012605077043958524,0.0,0.0
40.150000000000006,4.855976852569381,1.443672563740447,2.4332311968837073,5.267290640510975,1.5203743843065851,2.44,-0.012750229365295527,0.06112683073341536,-0.0010963300731520842,0.33166758767804466,-0.4790315984401669,0.28709636106702513,-0.15364837855999408,0.0,0.0
40.2,4.954924733394918,1.4945532891177626,2.4344476209148067,5.315643781953903,1.549386269172342,2.44,0.013369950580844963,0.00827673084625856,-0.001945169902378548,0.21985394001135103,-0.29926756757173323,0.2966481656895139,-0.24089899251097624,0.0,0.0
40.25,5.054087035224487,1.5451008160086015,2.4360878955518697,5.351788440643546,1.5710730643861273,2.44,0.040383643546219226,-0.044682294559200815,-0.0013987064988739224,0.14973193752092362,-0.13951942749712493,0.2710056066802999,-0.2953960390218187,0.0,0.0
40.300000000000004,5.152150492000741,1.5946491453395004,2.437937553100983,5.376540546479454,1.5859243278876725,2.44,0.06731277832134933,-0.0959443086401795,0.0004977121614529402,0.11090426193969952,0.013884823471588537,0.23744815867404057,-0.3486504323550631,0.0,0.0
40.35,5.247859545982053,1.642549569832376,2.4397274723854907,5.391317472651167,1.5947904835907,2.44,0.092919838622696,-0.14398403523245557,0.0034758643270373243,0.08833883836986386,0.17118637416092178,0.22519374725377694,-0.4290555035630622,0.0,0.0
40.400000000000006,5.340053088946966,1.6882011044796812,2.441178340759882,5.398193776200187,1.5989162657201121,2.44,0.1157389430876318,-0.18709055056743204,0.0070294705465615065,0.06988662932017314,0.3322182023657988,0.2547101298316907,-0.5520080969203571,0.0,0.0
40.45,5.427697279564049,1.7310791556587855,2.4420477510961005,5.3999569385819655,1.599974163149179,2.44,0.13418391519220577,-0.22310080356602222,0.010452111274128807,0.053985052400263356,0.48485162118510083,0.3280208710498812,-0.7158253321621736,0.0,0.0
40.5,5.509922038861181,1.7707616459892943,2.4421811734471053,5.400239566526279,1.6,2.4399784390126347,0.1466029948692628,-0.24822241119256136,0.01291889714311577,-0.2865077737497973,0.9285513659194637,0.7595573221795263,-1.2188139682773294,-0.0021121575626494356,0.0
40.550000000000004,5.586110117982632,1.8069529766195918,2.4415662223088646,5.4042125035945245,1.6,2.4396208746764927,0.15168128681165868,-0.2544062093494987,0.013699070144405922,-0.0767568324591903,0.6450504297244356,0.6215980073125793,-0.9996644844229341,-0.013716014835772039,0.0
40.6,5.656076740603023,1.8395215492780947,2.440228890750973,5.416945547303631,1.6,2.438474900742673,0.15047177531652287,-0.24591218822954528,0.012924168311124043,0.23828278144777854,0.1243857888160404,0.32235235454080424,-0.5076906924136096,-0.03324314915218849,0.0
40.650000000000006,5.720003472939851,1.868482418744368,2.4382189308237887,5.442184502871222,1.6,2.43620339474159,0.14554879375535382,-0.2302135553735521,0.0113326891324372,-0.26060484058110667,0.4223834887636716,0.7708270316055935,-0.7772466671539205,-0.0583672545098532,0.0
40.7,5.778301701827032,1.8939410285176956,2.4356029828742685,5.4824416987934,1.6,2.432580247108594,0.13946115280585686,-0.2009631440618586,0.00964961882032083,-0.4966066284792636,0.5415731828645207,0.8921172575198772,-0.8034378955650936,-0.0869741207133721,0.0
40.75,5.831722758217679,1.916042866022365,2.432396249950875,5.539113817848466,1.6,2.427479756393638,0.13355424267623917,-0.15462452554310258,0.008268928301486367,-0.44891536006236366,0.4554216478287567,0.6779665775557291,-0.5681353769190822,-0.11716163337402545,0.0
40.800000000000004,5.881425719519367,1.9349400741620266,2.428527366068691,5.612599728100626,1.6,2.4208660244709437,0.12829743799390345,-0.09474320461691804,0.007321199370609944,-0.28990390193325477,0.3016191101142849,0.3221590920277895,-0.2294751968072346,-0.14723977390975818,0.0
40.85,5.928872743810457,1.9507771163510368,2.4238409490238175,5.702418313903652,1.6,2.412782351748671,0.12361740882095025,-0.027614841546945025,0.006778713244028827,-0.1305287922441013,0.16638781865464514,-0.03765690123095614,0.0992759036402047,-0.17573061954516606,0.0
40.900000000000006,5.975664308042005,1.9636935961686994,2.4181051714687083,5.807326306904654,1.6,2.403340632378581,0.11910916447458182,0.04063137215590268,0.006573916128644748,-0.010524765666359515,0.07102078378173426,-0.33224494459156106,0.36669872779144597,-0.20136834331152498,0.0
40.95,6.023390897763406,1.9738313487867758,2.411036846279568,5.925436117047691,1.6,2.392710749465708,0.11441967308191293,0.1051227314343843,0.006681485848900692,0.07505673556129111,0.004861730956439492,-0.5373070808961655,0.5540608609847659,-0.22309921404675945,0.0
41.0,6.073529828131321,1.9813365563245113,2.4023520166948433,6.054333663577568,1.6,2.3811099702780187,0.10930697706134358,0.16243465643945307,0.0071101755310105765,0.14834899097691678,-0.05584866214729567,-0.6505909614240168,0.660867888789185,-0.24008159639546894,0.0
41.050000000000004,6.1273872056513286,1.9863561381204735,2.3918297434294806,6.191196206043497,1.6,2.368792341456085,0.10361205610232814,0.21035673810016864,0.007884501749042231,0.23344625120786477,-0.1425834614211957,-0.6807832821703621,0.7036027483419396,-0.2516859508089142,0.0
41.1,6.186070495410719,1.989031467311674,2.3793727658704213,6.332910175302741,1.6,2.356038084222753,0.09745198083406545,0.24703788860527068,0.008970881165731574,0.7057063328582898,-0.6287728498988929,-0.9999139502492123,1.0520375593707272,-0.25749483354501485,0.0
41.150000000000006,6.2504597572040925,1.9894878065652808,2.3650997273053105,6.476189004524448,1.6,2.3431429895927995,0.09132218621562267,0.2640232202374469,0.010178310649463947,0.8540846475790574,-0.7774610415828328,-0.9117688704059413,0.981113781579877,-0.2573028966683593,0.0
41.2,6.32103768371408,1.9878367146448999,2.3493091402958166,6.617690960193195,1.6,2.3304078135826125,0.08545000586131685,0.2593995936741396,0.011308830692254902,0.540658930176342,-0.43728818534275815,-0.30099810205655547,0.35892341160830005,-0.2511168880501982,0.0
41.25,6.397834426955599,1.984179511202319,2.332449396901102,6.754136973112835,1.6,2.3181276724198447,0.07935597265080337,0.2441580793815888,0.012393360683825523,0.29563712037969175,-0.17684360890737827,0.27684643283953203,-0.21946859790102985,-0.23915565136844635,0.0
41.300000000000004,6.480645685094625,1.9786114644215502,2.3151377059674365,6.882428469410131,1.6,2.306581437753088,0.07293470611547952,0.22862280984742592,0.013421559906463855,0.27168782783101975,-0.15487522190342184,0.6369881195923671,-0.5631888207034864,-0.22185012610767865,0.0
41.35,6.569238534364537,1.9712375413707564,2.2980338525041355,6.999765201538409,1.6,2.296021131861543,0.06630184207242154,0.21703953409600513,0.014376191560044415,0.9525201484988898,-0.8412705512619836,0.2690767038659987,-0.17620154238785046,-0.1998433475591418,0.0
41.400000000000006,6.663412720614216,1.9621788688784059,2.281766597984665,7.103763079281384,1.6,2.286661322864675,0.05951777215601567,0.19773565482628533,0.015237516362512927,1.495711254539334,-1.3916983013845778,-0.003497755630145781,0.1157659396881828,-0.1739904468207355,0.0
41.45,6.762745081622595,1.9515670816265258,2.26695805531799,7.192572000756729,1.6,2.278668519931894,0.0529578862042527,0.15926212533787862,0.015836227537765604,1.521632034611461,-1.414541525210668,0.17962878282477632,-0.06225913409972153,-0.14535865079703642,0.0
41.5,6.8662908253298305,1.9395429626832315,2.2541472425301627,7.264993683419881,1.6,2.2721505684922105,0.04666010167056803,0.10297258085738915,0.01607247332025864,1.3272787360789036,-1.2075513653968875,0.5089851544318782,-0.40145656180717115,-0.11522728219927329,0.0
41.550000000000004,6.972591007906343,1.9262581920305049,2.2437398246863625,7.3205994950676985,1.6,2.2671460454439067,0.040364692768362596,0.03567314026209407,0.015923497058379105,1.0913904115244213,-0.9658261168566379,0.8010075119882113,-0.7019611713858668,-0.08508775954533941,0.0
41.6,7.079851654659393,1.9118785845783164,2.235951152725308,7.359848284842145,1.6,2.2636136543642067,0.033947981063736546,-0.03554924505045787,0.015362078636098899,0.8743039575027025,-0.7564328053606775,0.9990035461320652,-0.9005818645370052,-0.05664359715980341,0.0
41.650000000000006,7.186155031310244,1.8965831630740448,2.2307592709097017,7.384204214234034,1.6,2.261421620718937,0.027463330499296355,-0.10511998990207423,0.014382357197263664,0.6728843630181509,-0.5740269176629582,1.1185708197862476,-1.0151332655824545,-0.03181040517388163,0.0
41.7,7.289642088474289,1.8805568559981483,2.2279117348890907,7.396254588086697,1.6,2.2603370870721973,0.021049975644914804,-0.1688031295243828,0.013027798024498502,0.4665681298023818,-0.39496545253564985,1.197153771442684,-1.085522800660697,-0.012715889525469747,0.0
41.75,7.388650691800375,1.8639799996898534,2.2269825440170226,7.399827685599709,1.6,2.260015508296026,0.014887171837751869,-0.22295129257526433,0.011395984697945952,0.23956640629487147,-0.20058833119808384,1.2646933108285119,-1.143296273422142,-0.0016998519591147837,0.0
41.800000000000004,7.481819331133573,1.8470188147320086,2.2274760952503203,7.400057620028549,1.6000576200285488,2.259990276620182,0.009154649793472785,-0.2605946833169918,0.009633561390882277,-0.5476875863218564,0.5619952149478229,1.863243454544403,-1.7419070815790414,-0.0012628835285531858,0.0
41.85,7.568271246785614,1.8298214952072749,2.2289525995155426,7.401762368700474,1.6017623687004743,2.259702600281795,0.0039421396595745,-0.26923256654943417,0.007935484897464623,-0.2016989894914878,0.3700704928709726,1.2891341866399821,-1.3455487147769423,-0.011924331333203798,0.0
41.900000000000006,7.647880287829613,1.8125295603292648,2.2309144394059923,7.408006196289947,1.6080061962899468,2.2586489543760715,-0.003015780286038745,-0.25699899572480717,0.005869519699993348,0.398292601967304,0.04844887958539629,0.42302490759945843,-0.7876651680615928,-0.031524760685148714,0.0
41.95,7.721044013475883,1.7953271848017536,2.232937090335701,7.421111010778034,1.6211110107780335,2.2564375169312068,-0.01537042509953024,-0.23867887126007764,0.0026947014998937213,0.70603490454257,-0.07926829866458432,-0.18811476882070902,-0.40359217268475245,-0.05788726186136101,0.0
42.0,7.788307461627947,1.7785168014625845,2.234645575064929,7.442778753856919,1.642778753856918,2.252781085286645,-0.035500083162453955,-0.22351391702703513,-0.0019025395991186952,0.6521744500866287,-0.03665644981110072,-0.4670267099403372,-0.18080103547592102,-0.08900397213488073,0.0
42.050000000000004,7.850147235652194,1.7625685781254068,2.2356112226229516,7.474141488928734,1.674141488928734,2.247488623743276,-0.06360995510167976,-0.21199712501077597,-0.007784273638968465,-0.21911416135536382,0.6627445821613924,0.06389175469288416,-0.6243150027425948,-0.12303607577480939,0.0
42.1,7.906975126585266,1.7481182264734136,2.235379019414761,7.5158114891043795,1.7158114891043792,2.240456811213636,-0.0979723204002902,-0.19154490516882214,-0.014285079337741906,-0.6351311836062946,0.8274404326231863,0.16047255317294476,-0.5608346455321429,-0.1583138040462927,0.0
42.150000000000006,7.959364871812636,1.7359250945898044,2.233537517526021,7.567931325202383,1.7679313252023825,2.2316615888720976,-0.13550292661057803,-0.15753073617032,-0.020193858375295595,-0.6884503776509507,0.6563706944865679,-0.05660228420646282,-0.19979299406680215,-0.19333643521055446,0.0
42.2,8.008157394500683,1.7268098458111458,2.22972177208937,7.630223953747689,1.8302239537476885,2.2211497078050773,-0.17388887706931427,-0.11401030957792867,-0.024587691943197026,-0.6278408516527564,0.4123895657567861,-0.31649268697808985,0.18541053020761444,-0.22677229452485792,0.0
42.25,8.054371142097963,1.7216052511231545,2.223635179467685,7.702042804970539,1.9020428049705387,2.2090302766612213,-0.211358495883904,-0.06688398159365994,-0.027034597232246806,-0.7407671500700574,0.03110299870549804,-0.3173567599651328,0.6491949732435263,-0.25745875424254006,0.0
42.300000000000004,8.099075712067464,1.7211152952812094,2.2150740293926496,7.782421870805287,1.9824218708052863,2.195466309301608,-0.24043265097606048,-0.020937258772633815,-0.027373706730466647,-1.2674585476494165,-0.7001418235532147,0.18873884707138122,1.398575426864321,-0.2844022336129955,0.0
42.35,8.143296853963179,1.7259640281601705,2.203978597495087,7.87012579288919,2.0701257928891894,2.1806662724499493,-0.24913341973962996,0.020315843862391856,-0.02646916745082242,-0.9980905025129404,-0.5840536498123833,-0.0169803754742347,1.2308123420291937,-0.30677819888166613,0.0
42.400000000000006,8.187964645805028,1.736367823180989,2.1903716171014125,7.963699950561325,2.163699950561325,2.1648756333427763,-0.24105836142775922,0.055742365192580266,-0.025861783342495826,-0.4815268477143142,-0.2327518209502123,-0.39888210480385333,0.7497186512962928,-0.3239311632900669,0.0
42.45,8.233894699309253,1.752206591958313,2.1744313241698103,8.061520548861322,2.2615205488613226,2.148368407379652,-0.2262281080349392,0.08542459648958776,-0.025969259920936027,-0.009207039592058153,-0.0014839685278476011,-0.6778148624201438,0.32029728646541533,-0.33537468707576024,0.0
42.5,8.281791578524633,1.7732352882738909,2.1564939776715772,8.161844706528289,2.361844706528288,2.1314387057733515,-0.2133589053964454,0.10894679592884023,-0.02625645006465493,0.2922471864772952,0.00047179258970109217,-0.7397415534235442,0.07383640531760294,-0.3407913774723756,0.0
42.550000000000004,8.332241544467522,1.7992520986676275,2.1369744519567306,8.262860543999595,2.462860543999596,2.114392283200068,-0.2064149461964007,0.12563724610409704,-0.026101927019196655,0.43034470990356133,-0.1781671986453015,-0.6034472756985925,-0.018848668900129262,-0.3400328887095973,0.0
42.6,8.38569261965307,1.830181798182717,2.1163162565995877,8.362737271409681,2.5627372714096808,2.0975380854496164,-0.20501123814869365,0.13492039586821764,-0.025336721908483777,0.48715264829707894,-0.4331728312136752,-0.36200919601987613,-0.05017620803103512,-0.3331199220131702,0.0
42.650000000000006,8.442431634624906,1.8660795410946542,2.0949864308842376,8.459675276588962,2.6596752765889624,2.0811797970756123,-0.20669318800997993,0.13636756394715327,-0.024200021509043084,0.5382582239209396,-0.6719274002517863,-0.10319671406121965,-0.1050523002395558,-0.3202422256048951,0.0
42.7,8.502563778429106,1.9070852023492726,2.073481057966382,8.551956213062574,2.7519562130625745,2.0656073890456903,-0.20903975666835872,0.12994448240975348,-0.02302173702532894,0.6173466918946504,-0.8506295047056852,0.12623298888157938,-0.21884421838324455,-0.3017585947026369,0.0
42.75,8.56599846784728,1.9533664311685004,2.052320718812907,8.637993088049287,2.8379930880492874,2.0510886663916827,-0.21063713445369933,0.11609013144140348,-0.021996406921033915,0.7236410763612486,-0.9703451244796908,0.31404531769112926,-0.3795821466093316,-0.27819687152031586,0.0
42.800000000000004,8.632443974135471,2.005077134496416,2.0320330162661273,8.716380350460298,2.9163803504602988,2.0378608158598244,-0.2111444355860069,0.09553361197049194,-0.021145626111293305,0.8375686605980524,-1.0502273462160572,0.46768414610249914,-0.5557629688076364,-0.2502539452679069,0.0
42.85,8.701411576436628,2.0623392733058417,2.013124796199353,8.785943978898034,2.9859439788980335,2.0261219535609567,-0.21088533554009242,0.0691415352062958,-0.020399769166661672,0.9350940505007397,-1.1057122246882591,0.6007132481647427,-0.7203874822159441,-0.2187957521514568,0.0
42.900000000000006,8.77222978004549,2.1252419978280823,1.9960487573907304,8.845791569655058,3.0457915696550577,2.016022672620709,-0.21035181131048084,0.0379034303470848,-0.019691088600863476,0.9988786984062821,-1.1412361456064066,0.7225358900608279,-0.8603136676073047,-0.18485727537305346,0.0
42.95,8.844069284250951,2.193846662664124,1.9811750607665664,8.89536242471282,3.0953624247128197,2.007657590829712,-0.20816305158610074,0.0029540660656680044,-0.019007053488329862,0.18597190137766084,-1.9874315244817908,1.6708978157064993,-0.139793718117448,-0.14964254513086328,0.0
43.0,8.915975545840368,2.268105500084532,1.9688529485151762,8.934477639740557,3.134477639740558,2.001056898293781,-0.18584209347220232,-0.03462441939081927,-0.017880024508832422,-0.062480503900903095,-2.1803019877050347,1.9984576298578989,-0.008564132806959002,-0.11452463861909667,0.0
43.050000000000004,8.986907440619081,2.347425727563252,1.9593549308349016,8.963390192094094,3.163390192094095,1.9961779050841215,-0.13577982225605156,-0.0733361625710586,-0.014486161975883172,0.3365135464127942,-1.6334863537859565,1.62833217330846,-0.5311118729427515,-0.08104568002802329,0.0
43.1,9.05580579988792,2.4304527323400844,1.9527611294353413,8.982835028814662,3.1828350288146634,1.9928965888875256,-0.069126035275521,-0.11058059683078457,-0.007911127114016333,0.8542496544289456,-0.9294154755492734,1.0962030553767335,-1.122514083388379,-0.0509168405439843,0.0
43.150000000000006,9.121669301508662,2.5153784597624687,1.9489994332937006,8.994079154627768,3.1940791546277683,1.990999142656564,-0.001127220745519747,-0.14429672330445512,0.0008431630685958034,1.1858370573177002,-0.37402193992896837,0.7019637623973143,-1.4903010792228195,-0.02601833834936433,0.0
43.2,9.183612639576356,2.6003680761765753,1.947809905248521,8.998971719941991,3.1989717199419916,1.990173522259789,0.05703955975819495,-0.17324334292796378,0.009796977562238691,1.2387711470868004,-0.02154133388009072,0.5322327416235286,-1.6030616512058875,-0.008399438622620149,0.0
43.25,9.240910698424985,2.683880159201834,1.9487350942895965,8.99999410884784,3.1999941088478403,1.990000994131927,0.10033560984238109,-0.19615046839297315,0.017214093975975283,1.0778945017955024,0.19813929014165832,0.5223567114572507,-1.5532712498603005,-0.0002784535382587065,0.0
43.300000000000004,9.293033383218118,2.764811722951052,1.9511967693832233,9.000416881349565,3.2001667525398263,1.9900437725417044,0.12812618849361274,-0.21126072388083678,0.022105521287106786,0.8085260943666298,0.3679862858268683,0.582152338532197,-1.4503149169559741,0.003291498417843464,0.0
43.35,9.33967597284753,2.8424969306543897,1.9546258125585239,9.004623684502704,3.2018494738010816,1.990485486872784,0.14194875741194116,-0.2161882635146738,0.024204607633946947,0.49634337757280045,0.47229098976949657,0.7221422161398572,-1.356888328246612,0.015763876075887914,0.0
43.400000000000006,9.380785487833657,2.916623662428388,1.9586344340729847,9.016582012655041,3.2066328050620165,1.9917411113287793,0.14470280593293683,-0.20809660736655802,0.02393032019414453,0.2648925364376825,0.4575699105755704,0.8654594125245568,-1.2594156085942378,0.0354989960461912,0.0
43.45,9.416604665840529,2.987130576026503,1.9631053728168375,9.039265379103195,3.215706151641278,1.9941228648058356,0.139686297080407,-0.1852107081184847,0.022133046737737645,0.1933504531078487,0.32290632598508784,0.9342952697444699,-1.1463423164227278,0.06048848726554825,0.0
43.5,9.447713865231437,3.0541221618485044,1.9681701665297837,9.074731440992984,3.2298925763971935,1.9978468013042634,0.12958448020984623,-0.14809315784513574,0.019709510151182018,0.26844173218720935,0.10544981265630116,0.9171442684177035,-1.018356745025867,0.08889412496378037,0.0
43.550000000000004,9.475035827983469,3.117813771838486,1.974123629603147,9.124203021363721,3.2496812085454887,2.003041317243191,0.11625319580466548,-0.09951822480262175,0.017396187074875082,0.424768021009167,-0.1428259483851524,0.8451404676804325,-0.8838883939507188,0.11904783066372902,0.0
43.6,9.499792598868353,3.1785033494439685,1.9813124489038472,9.188149131192482,3.275259652476993,2.0097556587752106,0.10083161864066241,-0.04340082629653317,0.015701233145725167,0.5959905642102292,-0.37884712118601627,0.7533377896339803,-0.7482117539467292,0.1494516721812409,0.0
43.650000000000006,9.523422863152625,3.2365583651671046,1.9900284316795804,9.266365991438454,3.3065463965753814,2.0179684291010376,0.08400456568261352,0.01618852559328887,0.014923683856990173,0.7384933707278726,-0.5794888645130292,0.6645040510042075,-0.6096769990351625,0.17877786362519774,0.0
43.7,9.54747642241938,3.292404128992974,2.0004320653163488,9.358058055087152,3.3432232220348608,2.027596095784151,0.06636697149388475,0.07556607919492579,0.015188332759681997,0.8338475063960751,-0.7362514536282704,0.5889341304989925,-0.46707423819810956,0.2058687653974828,0.0
43.75,9.573505330305466,3.3465040241855712,2.012520433118915,9.461919029194796,3.384767611677919,2.038501498065454,0.04866842865212794,0.1316602788306029,0.01643773455224692,0.8825191463139708,-0.8472262611453177,0.5284659031607303,-0.3256247520360801,0.22973688419301036,0.0
43.800000000000004,9.602968523791048,3.3993302618470684,2.0261380776081293,9.576212896932574,3.4304851587730294,2.05050235417792,0.03184325240961972,0.18207618072658724,0.018417240441426917,0.8964522178681987,-0.9146778099654694,0.47910945198373944,-0.19477239137570257,0.24956487299971108,0.0
43.85,9.637159373733839,3.451330195021661,2.0410178238217376,9.698854939630875,3.4795419758523503,2.063379768661242,0.01687173872333937,0.22505722779272896,0.020711829644456517,0.9663947119876007,-1.020596003841796,0.3587969322888859,-0.007054601052166487,0.2647055310985255,0.0
43.900000000000006,9.677154037411167,3.5028950793311906,2.0568622891669497,9.82749275882371,3.5309971035294843,2.07688673967649,0.004618652735166422,0.25449476204303473,0.02282400300265572,1.493340834373242,-1.5630159967741135,-0.23061112724820937,0.6258929600837684,0.27468180406342246,0.0
43.95,9.723650893610197,3.5543355987080054,2.0734337161663796,9.959587298292861,3.583834919317145,2.0907566663207504,-0.004168667566889861,0.2598644964768656,0.02420543405111291,1.1034555274574507,-1.17196319527486,0.07773607265229704,0.33379826321785816,0.2791867837613819,0.0
44.0,9.776751967883397,3.605869658255204,2.090487500868478,10.092493866112306,3.6369975464449227,2.104711855941792,-0.009258764096003859,0.24866884306629822,0.024597801708660143,0.5707017716988291,-0.6302264175686149,0.5057598320143396,-0.09942668625729711,0.27808370835240637,0.0
44.050000000000004,9.836150335123811,3.657624418531549,2.107856630124215,10.223543156692456,3.689417262676982,2.118472031452708,-0.011053042096072758,0.23316592177116638,0.024139621677283653,0.2179638199660705,-0.282356982846357,0.7225472517587685,-0.3188071368816179,0.27140596228951375,0.0
44.1,9.901424361235225,3.709645380434715,2.1253978833653275,10.350122272824391,3.7400489091297566,2.1317628386465612,-0.009786280866375497,0.2208573567771456,0.022999124683419178,0.05555835083978311,-0.14431948749200685,0.7117393115606786,-0.30006609949822993,0.25935707631874366,0.0
44.150000000000006,9.972211638636654,3.7618993161592753,2.1429004270943817,10.469755747724289,3.787902299089716,2.1443243535110503,-0.0052841160653579996,0.2136911191025695,0.02122671545853314,-0.007660855020112489,-0.10800370317339136,0.5674136742988551,-0.15392909040888925,0.24231072747914761,0.0
44.2,10.04826105691368,3.8142733021128814,2.1600710258834086,10.580186567077575,3.8320746268310306,2.1559195895431458,0.0026700467308245894,0.210569132480748,0.01882586835944439,-0.04741945629128835,-0.07946173388924033,0.37600357440680127,0.014723619475230987,0.22081073910280508,0.0
44.25,10.129413450989947,3.866575858252881,2.1765631856866916,10.679457191083337,3.8717828764333344,2.1663430050637507,0.014002127531338598,0.2094224431869132,0.015834527996576878,0.36840781460564875,-0.486613681359511,-0.2801524676337389,0.6198587269073654,0.19557108081480562,0.0
44.300000000000004,10.215537777351035,3.918542289151923,2.1920498350675652,10.765990576498558,3.906396230599423,2.1754290105323486,0.02821289964667041,0.1981198718391413,0.012427052709772754,0.7846724433113486,-0.8888095198921665,-0.9338325323522698,1.2116145157108307,0.16747586853325488,0.0
44.35,10.306276374132123,3.9698432289677337,2.2062907114710515,10.838671198682391,3.935468479472956,2.183060475861651,0.044995676884919726,0.1639134112299797,0.008991839788842012,0.5418593905049902,-0.6165758939351637,-0.9182909592206929,1.119272147865721,0.1375793644692899,0.0
44.400000000000006,10.400781214391351,4.020100919989244,2.2190459680037753,10.896926073640522,3.9587704294562087,2.1891772377322547,0.06354065518031092,0.11002777707195652,0.006169574094884352,0.10890099087900473,-0.12817524740168484,-0.6888924435797441,0.7963746004138925,0.10710597712704871,0.0
44.45,10.497789939887701,4.068909220891678,2.2300970561406306,10.94080578006939,3.976322312027756,2.193784606907286,0.08262878837715197,0.04529836661458566,0.004498971283598276,-0.27380409338294537,0.31138708438706963,-0.4713285376605748,0.500575939207705,0.07745026130370505,0.0
44.5,10.595827216275014,4.115850917929233,2.239244416060261,10.971065481400549,3.98842619256022,2.196961875547058,0.10152839093697023,-0.022055317336434784,0.00412686944555137,-0.5272027906547827,0.6225139506696604,-0.330225897689639,0.298394482815519,0.05017691808943724,0.0
44.550000000000004,10.693379058115813,4.160513007917276,2.246284676163173,10.989245947844914,3.995698379137966,2.1988708245237163,0.1197051733295979,-0.08634637068199179,0.004932898799578099,-0.6512930468678524,0.8214092400132204,-0.24814716266987713,0.15380192314615715,0.02702079486744489,0.0
44.6,10.789007711528075,4.20250143099814,2.2510272331145837,10.99775457843707,3.999101831374828,2.1997642307358927,0.13645158707591054,-0.14416248300888826,0.006619418190940566,-0.6795506346940658,0.9598962396818154,-0.17257363612801352,-0.008486906133323868,0.00988688531395179,0.0
44.650000000000006,10.881414626216559,4.2414554243152525,2.253349849072368,10.999946423079573,3.9999785692318293,2.199994374423355,0.15051674453435604,-0.19292577003528497,0.008673005573452904,-0.6467067727296494,1.0704644292854912,-0.053229180399781084,-0.24357767734587266,0.0008503293981932446,0.0
44.7,10.969475943814583,4.277063155059854,2.253270007992028,11.00016203105909,4.000027005176515,2.200010802070606,0.1600344543048015,-0.2297711448625297,0.010307677516822449,-0.5753825605420664,1.131281518420897,0.13757301767359736,-0.5457567784293611,0.0010594184151601514,0.0
44.75,11.052279576352463,4.309081895737483,2.2510086711446156,11.002874597084864,4.000479099514144,2.2001916398056576,0.16327831368208878,-0.25168156631982896,0.01068914882957597,-0.4816648654430744,1.0408920148268388,0.3906896284461028,-0.8000665191865646,0.006972573164265627,0.0
44.800000000000004,11.129188737124693,4.337364757950348,2.2470065144211615,11.011689449216078,4.001948241536013,2.2007792966144053,0.1601981501175546,-0.2566423203082512,0.009541316514255873,-0.3399746403401298,0.7752796983067065,0.6387224956836498,-0.9433006620950165,0.01716234211006646,0.0
44.85,11.199918914953471,4.361876732128786,2.2418941504098657,11.029440836859928,4.004906806143321,2.2019627224573286,0.15229709804405211,-0.24449919488518748,0.007277506012139309,-0.1299619281717388,0.4169772348698306,0.8194268947123595,-1.0086290343217548,0.030645398050073394,0.0
44.900000000000006,11.264590662929796,4.382688259122123,2.2364336218874885,11.05825229525812,4.009708715876354,2.2038834863505414,0.14126161806354925,-0.21698127737546075,0.0045409780546190786,0.1282206984189621,0.047061498695697423,0.9127537267385174,-1.027811352339418,0.046509830412143585,0.0
44.95,11.32373824178061,4.39995776491028,2.231428510718494,11.09959020795962,4.01659836799327,2.2066393471973083,0.12840572738617073,-0.17723896576295595,0.0019035514358923642,0.3851681829772592,-0.27829210889363654,0.9343375685323267,-1.0162824766515142,0.06391514525446586,0.0
45.0,11.378270022270774,4.413915660498296,2.227616745595858,11.154317369293425,4.025719561548904,2.2102878246195616,0.11454615793800653,-0.12895683662430232,-0.00024464713990305205,0.5978406604548704,-0.5315039241363663,0.9056837976406679,-0.9755045641860783,0.08209226526557561,0.0
45.050000000000004,11.429388445390739,4.424854213749615,2.22557265367273,11.222746546841316,4.037124424473553,2.214849769789421,0.10005138026751575,-0.07567108663635287,-0.0016904621695210456,0.7440765542423315,-0.7097587685395051,0.8431311596389416,-0.8998120420098733,0.10034352976434857,0.0
45.1,11.478485143105726,4.433119639219443,2.2256435638289127,11.30469404391058,4.050782340651764,2.2203129362607052,0.08510288674169256,-0.02047320123385487,-0.0023303825642891365,0.8222445133414124,-0.8233058174201192,0.7579960069077417,-0.7871755398300967,0.11804269469999235,0.0
45.150000000000006,11.527030392996856,4.439100405595555,2.2279329781333725,11.39953326200683,4.066588877001139,2.2266355508004554,0.06994185036691962,0.03404200483524198,-0.0021376794493766197,0.8448693957529696,-0.8848919501602223,0.6590429227025941,-0.6457078661387018,0.13463493265206472,0.0
45.2,11.57647411844397,4.44320920190977,2.2323268847113007,11.506248263306672,4.084374710551112,2.233749884220445,0.05495480176069984,0.08573586234181595,-0.0011733213212597473,0.8306910979749031,-0.9051591579575661,0.5543976800348657,-0.49253889404129125,0.14963683283045348,0.0
45.25,11.628169224712277,4.445860747043501,2.238549348967748,11.62348733313055,4.103914555521758,2.2415658222087034,0.040611373630629714,0.13288722449827964,0.0004070131573751257,0.7982644754571582,-0.8934899043815621,0.45192412643841107,-0.3470071203268875,0.16263640107539365,0.0
45.300000000000004,11.683320217928115,4.44745017897901,2.2462302260826985,11.749616542415463,4.124936090402577,2.2499744361610308,0.02734174412022153,0.1741696085628178,0.0023805998915892366,0.7624075965389516,-0.8610536141124991,0.35828919249192065,-0.22260751610575674,0.17329305985745874,0.0
45.35,11.742953628589994,4.448336270802053,2.2549702128264917,11.882773310187664,4.147128885031277,2.258851554012511,0.015447324918123565,0.2086009401047868,0.004508802860944658,0.7326236475496428,-0.8216894720129891,0.27810649006659627,-0.12285480148133121,0.1813376482775581,0.0
45.400000000000006,11.807903358774382,4.4488314467349594,2.264393709481292,12.02091996603554,4.17015332767259,2.268061331069036,0.005098267572765348,0.23540305552125695,0.006577615428454999,0.9070430543893228,-0.9823663984753371,0.019320301884456617,0.1503930808745076,0.18657242206694574,0.0
45.45,11.87879580400353,4.44919806270369,2.2742070940583607,12.16189731258222,4.193649552097037,2.2774598208388146,-0.003619416133731282,0.2493990075781436,0.00840139267175342,1.0199268059587827,-1.0857176319429769,-0.15597660374886846,0.341042574589289,0.18887105358721218,0.0
45.5,11.95593987691931,4.449649562075757,2.284214181661389,12.30347818795846,4.217246364659744,2.2868985458638975,-0.010426664127011105,0.24711786743701417,0.009748738233519998,0.6773997110590737,-0.7251824893596107,0.13521481783456837,0.0500186423997995,0.18817863183029002,0.0
45.550000000000004,12.03926479823278,4.45035294600724,2.294287068784453,12.443421028275344,4.2405701713792245,2.2962280685516894,-0.015498946375570843,0.23612564892719778,0.010594071904410153,0.34293201748882773,-0.37135285100314364,0.41826601257733587,-0.24114271896311346,0.18451166241844996,0.0
45.6,12.128492721379612,4.4514344924653875,2.3043716490077104,12.579523430096977,4.263253905016163,2.305301562006465,-0.01916257154723207,0.22444685244124504,0.011037339255784148,0.16081823761723946,-0.1850222067494972,0.5371403944817826,-0.3582401398137235,0.17795806760430447,0.0
45.650000000000006,12.223320808866914,4.452983590792428,2.314417827791758,12.70967571291338,4.28494595215223,2.313978380860892,-0.021457111470039158,0.216110958690129,0.011135650691727771,0.10222159171575362,-0.1343297736787794,0.5138591611849241,-0.32562289052550564,0.16867718627080308,0.0
45.7,12.323512398550525,4.455053122543848,2.3243306326242665,12.831914481613085,4.3053190802688475,2.322127632107539,-0.022221056864800946,0.2095604090500655,0.01089731357104034,0.641940864118227,-0.6778700549000586,-0.12605810274832796,0.3148210138617939,0.15689977393123944,0.0
45.75,12.428841969226388,4.45765857507764,2.3340028313377195,12.944476188956031,4.324079364826005,2.329631745930402,-0.021537839313563838,0.19276958883016432,0.010374647290648388,0.758200810099303,-0.7984865804830474,-0.35843764795678545,0.5443397023975696,0.14292800272924336,0.0
45.800000000000004,12.538855644228565,4.4607783779216525,2.3433457640891118,13.04585069804625,4.340975116341042,2.3363900465364167,-0.019370893211575767,0.16065883714474813,0.009626171793772162,0.579848129534587,-0.6227089521030479,-0.3106885102869066,0.48896510502228396,0.1271354614387833,0.0
45.85,12.652744906699567,4.464355837496239,2.352267610853422,13.134834844804587,4.355805807467432,2.3423223229869725,-0.01572327767169652,0.1158259343935888,0.008781539283132432,0.3308009811432244,-0.3575115480682553,-0.20321368723690492,0.3538182699512885,0.10996715546417377,0.0
45.900000000000006,12.769408941854243,4.468305067744695,2.360665204399838,13.210586000441552,4.368431000073592,2.3473724000294367,-0.010954273022627838,0.06298690266389971,0.00805056556326553,0.11574144968642108,-0.11076097959636512,-0.13420733280929353,0.24329656753551265,0.09193950684006115,0.0
45.95,12.887570844438459,4.472517484785255,2.3684004019850433,13.272675633929968,4.378779272321662,2.3515117089286646,-0.005546130099773103,0.006213637259681339,0.007593054193038009,-0.04886630460880796,0.0842851990835132,-0.10985619400665433,0.18271951194527344,0.0736403542314413,0.0
46.0,13.005879669388325,4.476867714677712,2.3752839284296665,13.321142874477825,4.386857145746305,2.3547428582985215,0.0001295585871664604,-0.051632873168838134,0.00746419988237211,-0.17845597631861343,0.22970970956823358,-0.10072754707541762,0.15662656394473964,0.055728952933640594,0.0
46.050000000000004,13.12298133254249,4.481219530282168,2.381083352871437,13.356548074000965,4.392758012333495,2.3571032049333978,0.005919512096290369,-0.10854817422733389,0.007653786121361962,-0.28415569786791656,0.3397281094548111,-0.07944880158264554,0.13410605605667875,0.038935974872327576,0.0
46.1,13.237562715297706,4.485432213641106,2.385550644329508,13.380026369595859,4.39667106159931,2.3586684246397236,0.011816372852299443,-0.1628861879348398,0.008146262387585946,-0.36316380196775394,0.4320224913032361,-0.03250074361317146,0.08082313711802908,0.02406350860351666,0.0
46.150000000000006,13.348379863186674,4.489367419819547,2.3884595276539984,13.393341246012367,4.398890207668728,2.359556083067491,0.017667214853357698,-0.21293728893151304,0.008905471882441401,-0.4069352670819073,0.5161265033276395,0.04535693790103997,-0.026833809775332042,0.011985059313553603,0.0
46.2,13.45428123755678,4.492896107715561,2.3896686244934005,13.398938098126486,4.399823016354414,2.3599292065417656,0.022925915504000593,-0.25275695126986836,0.009773051333384127,-1.2040589767329495,1.3735501820283564,0.9487160338679838,-0.9784372181641839,0.0036455488191312366,0.0
46.25,13.554337264163431,4.495904634110434,2.389241577632564,13.399997793413121,4.39999963223552,2.359999852894208,0.02642113945515253,-0.2666283339903382,0.010308079921610798,-0.8743536526482393,1.0685786358567295,0.7867012468025959,-0.8344588227165254,6.13155672774483e-05,0.0
46.300000000000004,13.648156774080322,4.498308898762732,2.387326544818676,13.400453884453118,4.400075647408853,2.3599810881477867,0.02812673840837571,-0.2584483640907469,0.010374343819230497,-0.2001181804681862,0.405202318565036,0.3281701867076474,-0.38706227220261913,-0.0013067759236008718,0.0
46.35,13.735823554140572,4.500058549149745,2.384239705373492,13.404403218803306,4.400733869800551,2.359816532549862,0.028097794496277046,-0.2415213080226055,0.009998732953185166,0.3245683647176593,-0.09608889800346587,0.017857293891486097,-0.10615149696821433,-0.00574887842041101,0.0
46.400000000000006,13.817624365164201,4.501144394849387,2.38041751327238,13.41525984808012,4.402543308013354,2.3593641729966617,0.025963812917745997,-0.22606095293308295,0.009160209196850783,0.5642781018251123,-0.3267684143143158,-0.054037932052115906,-0.055443095706708884,-0.012714117113202464,0.0
46.45,13.89384954295814,4.501609635509966,2.376242972131756,13.435683180347214,4.405947196724536,2.358513200818866,0.021565710489592785,-0.2160863967260794,0.007891581000136115,0.5845723510769337,-0.3704904416561671,0.026123223391860198,-0.1302531393338795,-0.021596054637492167,0.0
46.5,13.964700991742552,4.501554827905637,2.3719598088789535,13.467631856547838,4.411271976091307,2.3571820059771733,0.015146601171236508,-0.21122530163655137,0.006278880635127558,0.5021286741161873,-0.33715833112847604,0.14230410592680934,-0.22013247039029724,-0.031833183157072883,0.0
46.550000000000004,14.030286219510842,4.50113300436301,2.367673735111821,13.512417665938758,4.41873627765646,2.355315930585885,0.0071883212352150455,-0.20947457605002082,0.004427439610662188,0.08237056087456018,0.02334784121793687,0.5421568563215247,-0.5867525504430682,-0.04290892436401112,0.0
46.6,14.090669839936366,4.500537442708841,2.3634161932268913,13.570759461524164,4.428459910254028,2.3528850224364932,-0.0018471468627612542,-0.1999348050744297,0.0024551915526017085,-0.7137746364083668,0.7566340534110859,1.2795415144064062,-1.2888053271727304,-0.05435162947864159,0.0
46.650000000000006,14.146131870067595,4.499986199754673,2.3592494020667383,13.642837075489647,4.440472845914941,2.3498817885212646,-0.011315137353953918,-0.16588521495649414,0.0006650019804653326,-0.6133809958431558,0.5975430582882558,1.090102089013825,-1.0652538902165185,-0.06573457924957819,0.0
46.7,14.197528575905434,4.499707506394322,2.3551632581150983,13.72834523463605,4.454724205772675,2.346318948556831,-0.020400167347268485,-0.11043464199931964,-0.0005898160426265068,-0.21148722350116445,0.17297457190982096,0.583078831895387,-0.5520349529098982,-0.0766759839537015,0.0
46.75,14.246223895113587,4.499925542056971,2.3511045739531315,13.826547475813479,4.471091245968913,2.3422271885077715,-0.029018406604019147,-0.04498049525120395,-0.001229363220731866,0.13085669232466288,-0.17619065878646767,0.13162667490763102,-0.10169422654382992,-0.08683898339616983,0.0
46.800000000000004,14.29381260860745,4.500853126906793,2.3469878829339863,13.936330061355195,4.4893883435592,2.3376529141102003,-0.03711191970182519,0.02036261148232217,-0.0012941108104197133,0.30812605558192907,-0.3589830803729783,-0.14746962153825713,0.18256792195855456,-0.09593164691041423,0.0
46.85,14.341878457727017,4.502685829379608,2.3426593333608157,14.056255894511489,4.5093759824185815,2.3326560043953544,-0.04463126219806809,0.07962653930000127,-0.0008942568352313982,0.3546568190199177,-0.4192708826218634,-0.27418806467309526,0.3286823682296684,-0.10370697335813468,0.0
46.900000000000006,14.391846975869104,4.505597398831483,2.337909269336719,14.184618434883728,4.530769739147288,2.327307565213178,-0.05141060836040088,0.13025840195497732,-0.00017573608748846524,0.34062131569488757,-0.43119623747277347,-0.3034736074462054,0.3937240829752681,-0.109962891129309,0.0
46.95,14.444926520409979,4.50973649312556,2.3325270380262264,14.319495613858138,4.553249268976356,2.3216876827559108,-0.05704322358194174,0.17155002401936048,0.0006606915455956786,0.32565151255583813,-0.4416315710042851,-0.28429780904974367,0.4112519162740226,-0.11454225814218404,0.0
47.0,14.502102426294696,4.515224315847398,2.3263571195198782,14.458803750039866,4.576467291673311,2.315883177081672,-0.061122759981176555,0.20347713959510905,0.001387323015309659,0.3426389476647008,-0.4671124393975421,-0.2466418468568775,0.3916528010105076,-0.11733286184328244,0.0
47.050000000000004,14.564149140597017,4.522153013379577,2.319335993466253,14.600351464686849,4.600058577447808,2.3099853556380476,-0.06351335653666111,0.22611366478366068,0.0018401108419710311,0.3957517055873675,-0.5112469388724938,-0.19926528426137635,0.3408159364119968,-0.11826741920739867,0.0
47.1,14.631639697587632,4.530584663870549,2.311507928071546,14.741893597143683,4.6236489328572805,2.30408776678568,-0.06432459399778458,0.2394556878061926,0.001958081746343931,0.47057180784487973,-0.5744952416477714,-0.13818045875212337,0.26899443896759034,-0.1173235767375999,0.0
47.150000000000006,14.704945323445772,4.5405505436672815,2.3030246765874347,14.881185120275685,4.646864186712614,2.2982839533218464,-0.06367373217881393,0.24322610017690022,0.0017362722924220723,0.5524415410821876,-0.6549799091369883,-0.06344712616626172,0.18921743803638788,-0.11452391046522645,0.0
47.2,14.784221433464108,4.5520499214580274,2.294130346877282,15.01603505590267,4.669339175983779,2.292665206004055,-0.06152589141001813,0.23758410687409723,0.0011749550893216212,0.6028945891920036,-0.7115469608890718,0.04634093987953789,0.07741698547194029,-0.10993592594989271,0.0
47.25,14.869399420200153,4.5650482119377624,2.285135868455333,15.144360390233008,4.690726731705501,2.2873183170736247,-0.05782880489479987,0.22320426951299713,0.000307041001749505,0.6744892838341803,-0.7867068602879608,0.12171076918520085,-0.006672790620671387,-0.10367205827948449,0.0
47.300000000000004,14.960185625208574,4.579475117267032,2.2763888423365963,15.264239989297492,4.710706664882915,2.2823233337792708,-0.052617513517428556,0.20012510668314917,-0.0007754031489159898,0.7194771919154769,-0.82596599972188,0.1959124360398661,-0.1018378044723158,-0.09588967207016018,0.0
47.35,15.056050828370056,4.59522256729366,2.26823439647162,15.373968514383225,4.728994752397204,2.277751311900699,-0.04607555356976228,0.16885495753015162,-0.0019191843041421724,0.7337094371731272,-0.8280268555389455,0.26311234313962617,-0.19715464261061766,-0.08679106146635439,0.0
47.400000000000006,15.156234546728072,4.612144186463565,2.2609782648976937,15.472110337467656,4.745351722911276,2.2736620692721807,-0.03845316259033073,0.13031767650277631,-0.0029544184476639856,0.7144739541454865,-0.7976665538306212,0.32141853960106104,-0.28073340992972173,-0.0766234501407697,0.0
47.45,15.259766923203193,4.630056832400049,2.2548526591309788,15.557553456652382,4.759592242775397,2.2701019393061506,-0.029969371128261615,0.08575958076599219,-0.0037346370073267137,0.6631663614788044,-0.7404522844693306,0.3705558660168325,-0.34607659661555906,-0.06567899129438763,0.0
47.5,15.365505789746322,4.648744815894455,2.2499904130277364,15.62956341159718,4.771593901932863,2.267101524516784,-0.02078178875139818,0.03665251714700837,-0.004147127088669233,0.5866937713460714,-0.6602797683016521,0.41027624989373396,-0.3945202146982238,-0.05429476765645753,0.0
47.550000000000004,15.472184564237734,4.6679669652513205,2.246411950654348,15.687837198953892,4.781306199825648,2.2646734500435874,-0.01102439792968329,-0.015379567115100681,-0.0041068341035788965,0.4959099415463577,-0.5594155052633267,0.4409967102561823,-0.4340660191905235,-0.04285279148450228,0.0
47.6,15.578465774017685,4.687466121470281,2.244027260231337,15.732557187800321,4.7887595313000535,2.2628101171749866,-0.0008771756345375221,-0.06859714292278862,-0.0035579459408806298,0.4024091929545188,-0.4401894623789959,0.46522691932098703,-0.47580820748352304,-0.031780004564322825,0.0
47.650000000000006,15.682995295839794,4.706980160363373,2.2426522312833717,15.764445035074225,4.794074172512371,2.2614814568719073,0.009367755446249747,-0.12115233346432014,-0.0024953937958908873,0.3150118908376172,-0.3071654183647551,0.48861835697151357,-0.5295683164874886,-0.02154827820998526,0.0
47.7,15.784453881587593,4.726253427452025,2.2420363554257254,15.784815601007185,4.797469266834531,2.2606326832913672,0.01926918586313543,-0.1710819327820342,-0.0009999756163981206,0.2369242215900253,-0.16859197162218842,0.5200629573202685,-0.6002872979510753,-0.012674413263836115,0.0
47.75,15.881604849846905,4.745047644925761,2.2418974611003146,15.795630864558573,4.799271810759762,2.2601820473100593,0.028262059947706687,-0.21629734151077956,0.0007375818689536256,0.16504144947775756,-0.03559659455538999,0.5699308560508678,-0.6868529426304537,-0.005720140096490227,0.0
47.800000000000004,15.97334080249363,4.763151133200807,2.2419792975564885,15.79955383884946,4.799925639808243,2.260018590047939,0.03569442536795135,-0.25077675744781674,0.0024129455773009597,-0.5724347498865643,0.742430926054634,1.3084910989340959,-1.4429220521742365,-0.001292118606836033,0.0
47.85,16.058837450052387,4.7803848666180775,2.242147254243296,15.80000139294489,4.800002321574816,2.259999918744881,0.04113685014802821,-0.260849293467379,0.003686863237117914,-0.2984990263048797,0.4809003121969079,1.0436306006631548,-1.173893383468765,-3.2733077894705e-05,0.0
47.900000000000006,16.13784121585577,4.796615280856867,2.242292327284426,15.800612070557676,4.801020117596124,2.2599642958841355,0.0445261447260379,-0.2517084794241109,0.00440318440392219,0.2742028450259953,0.02398929740744532,0.4768910725798816,-0.7141907320501544,-0.0018289233074995294,0.0
47.95,16.21055664324342,4.81176358199494,2.2424064092052305,15.803806177573946,4.806343629289908,2.259777972974853,0.04415331046126582,-0.23607283835733697,0.004165025046165038,0.7387278036181433,-0.17831021491378596,-0.0003545498833009697,-0.5041710702376003,-0.005969617582754358,0.0
48.0,16.277350957942573,4.825846443000169,2.2425573584000045,15.811364548434211,4.818940914057018,2.259337068008004,0.03669585336302951,-0.22276799294593663,0.002367441183021369,0.9246858242882926,-0.16062745949077958,-0.23400719885851093,-0.5019517758258493,-0.01192757661831472,0.0
48.050000000000004,16.338557256113543,4.839053294189608,2.242779996577518,15.8246327827638,4.841054637939665,2.2585630876721114,0.01946822512327683,-0.21456854227270658,-0.0013606919380110792,0.8631258855879402,-0.08779129772795724,-0.25958718061883745,-0.5428525720093225,-0.0192144917974257,0.0
48.1,16.39440284898117,4.851808659062082,2.2430302185638755,15.84455461451735,4.8742576908622475,2.257400980819821,-0.008007999879466118,-0.2105334522367312,-0.006974024233182004,0.667834885828489,-0.07139549373688447,-0.18278094534587996,-0.521792990346137,-0.027380985171917675,0.0
48.150000000000006,16.44501920726539,4.864779964571493,2.2431924285636597,15.871705281123331,4.919508801872219,2.2558171919344723,-0.043987936708731745,-0.2088443589031914,-0.014054018021759332,0.407589914006463,-0.10017112748691526,-0.056758995203799956,-0.45916172040313524,-0.03601660946221383,0.0
48.2,16.490484638881938,4.878831783340085,2.2431088192151276,15.906324892628533,4.977208154380887,2.2537977145966686,-0.08540828590044319,-0.20434722616115336,-0.021911148324159163,-0.4208935939087486,0.41924705206426127,0.639662626571154,-0.956327610202848,-0.04474984805732117,0.0
48.25,16.530963221204207,4.894952834063096,2.24264244139749,15.94835180084258,5.047253001404299,2.2513461449508494,-0.12847685631911573,-0.18489323321615556,-0.029346333729015427,-0.5189044767589944,0.2776866064788825,0.6244131519012109,-0.8032327455448093,-0.05324811501483894,0.0
48.300000000000004,16.5669461670544,4.914173600805108,2.241663476466625,15.997455968482443,5.129093280804071,2.248481735171857,-0.17041268670936713,-0.15103044402361016,-0.03521074902452472,-0.32256087677202283,-0.07265685015376666,0.34779938294601487,-0.45086195773423965,-0.06121775506095479,0.0
48.35,16.599254132517615,4.937505114781225,2.240058874903283,16.05307233831691,5.2217872305281805,2.2452374469315135,-0.20981466447426006,-0.11013789000477603,-0.03900474364185881,-0.14341260124396582,-0.40089495902975575,0.1284007467366654,-0.1320820629522143,-0.06840404359044142,0.0
48.400000000000006,16.6288706477464,4.96589953410952,2.23775951200045,16.11443420231114,5.3240570038519,2.2416580048651835,-0.24105174087175182,-0.06918353778341856,-0.0404022450112793,-0.7700003518770435,-1.3256054280118998,0.757773936364597,0.7733193068296172,-0.0745911866666644,0.0
48.45,16.65677821882624,5.000100563018414,2.2347814715063725,16.180606570771115,5.434344284618526,2.2377979500383516,-0.2505866554258665,-0.032728261070064435,-0.03950505180212632,-0.5275048747378787,-1.2008171284217917,0.5543570836513912,0.6232953819997173,-0.07960232102157398,0.0
48.5,16.68386521160404,5.040363071069782,2.2311448201351847,16.250519541488195,5.550865902480325,2.2337196934131884,-0.24201905855418862,-0.0020800142659199335,-0.03798912176199986,-0.038711599126284635,-0.7610526603912677,0.12612752260674176,0.14158161070675634,-0.08329951405571177,0.0
48.550000000000004,16.710888511915734,5.086519313422875,2.2269431320637634,16.3230016688836,5.671669448139328,2.2294915693151234,-0.22646108795669923,0.023420204838243374,-0.036800365653488175,0.3649381764169892,-0.4303888996322093,-0.2078596473549554,-0.2457260285017349,-0.08558376383820702,0.0
48.6,16.73848137213029,5.1382385533515995,2.222349831563972,16.396813333152874,5.794688888588121,2.2251858888994156,-0.2131483754992073,0.044117974787203314,-0.035911808513140006,0.5695105310300339,-0.3316166766620143,-0.34302346635725256,-0.4036287234729638,-0.08639499910677671,0.0
48.650000000000006,16.76715948898022,5.195232045118538,2.2175327655779635,16.47068010941048,5.917800182350803,2.220876993617722,-0.20610127027575584,0.05959780533871395,-0.03496810632457179,0.5948606266056415,-0.4027775012874915,-0.3023173145242316,-0.38575986364064413,-0.08571207926772718,0.0
48.7,16.797311914358517,5.257346743161062,2.2126114832925095,16.543326136834214,6.03887689472369,2.2166393086846705,-0.20486875055082923,0.06936844414551206,-0.0337804423696827,0.524080024733242,-0.5347711192974074,-0.1674226717502844,-0.30093671086231716,-0.0835527943959533,0.0
48.75,16.829188753025637,5.324562413547669,2.207670522571871,16.613507487809766,6.1558458130162785,2.21254539654443,-0.20682287360702217,0.07327554946155128,-0.03242295849130502,0.4433728320218102,-0.6478926392477554,-0.02263982578919732,-0.23266059329167,-0.07997386523493814,0.0
48.800000000000004,16.862894933277236,5.39693718999007,2.20278606542732,16.68004553707522,6.26674256179203,2.2086640103372788,-0.2093249780667379,0.07146973904363878,-0.031073658100207416,0.4007838427436548,-0.7073978102309517,0.08437687018820107,-0.2188010447416175,-0.07507094319675264,0.0
48.85,16.898392381636516,5.4745488098715915,2.1980425629790843,16.7418603308655,6.369767218109166,2.205058147366179,-0.21088740291401484,0.06434689516636094,-0.02984560744333508,0.40060437190196163,-0.7150415606089159,0.148182728584647,-0.25782743864942015,-0.06897861036205828,0.0
48.900000000000006,16.935509141564882,5.557458333446715,2.1935369245455063,16.798003956056974,6.46333992676162,2.2017831025633434,-0.21123773466178047,0.05250132202264595,-0.028744599836347952,0.42339975878154823,-0.691736649084914,0.1859723703034361,-0.3264050136399364,-0.06187037948010216,0.0
48.95,16.973952627402518,5.645699726781691,2.1893730894015957,16.847693909311857,6.546156515519759,2.1988845219568085,-0.21081065600957113,0.03663831537278113,-0.02772124435563382,0.44685649998247223,-0.6599665147057726,0.2172584914593205,-0.39846884986226505,-0.053958693968723534,0.0
49.0,17.01332507711476,5.73928162745889,2.1856659950446153,16.890346466222795,6.617244110371322,2.1963964561370037,-0.20558957691594737,0.017260710785298897,-0.026833516775732588,-0.595271210800381,-1.6638743923006505,1.303100198876538,0.5740935760207038,-0.04549492791434699,0.0
49.050000000000004,17.053135932025462,5.838048024301566,2.182631739337513,16.925610050457326,6.676016750762209,2.1943394137233225,-0.17551781151087265,-0.005099739533113715,-0.02599400457219235,-0.6742287088019965,-1.6566715886960544,1.401704481671176,0.5595643502217427,-0.03676938607198568,0.0
49.1,17.092810543701727,5.94124035040199,2.180451265444301,16.95339860290239,6.722331004837315,2.192718414830694,-0.11809727468515223,-0.02924025042372547,-0.024035292311128314,-0.22304990368370559,-1.1092596681360916,0.9483964057036137,0.044880953432123505,-0.028111303865244856,0.0
49.150000000000006,17.13172986724739,6.047414587263343,2.1791994475196814,16.973924950808847,6.756541584681413,2.1915210445361506,-0.045332574723617555,-0.053590573097836276,-0.02017034682874008,0.2941157733211359,-0.4929844224169311,0.4144744779558507,-0.49636939223920273,-0.01988884738631317,0.0
49.2,17.16927907339454,6.154744973928593,2.178872320657333,16.98773417693597,6.779556961559948,2.1907155063454016,0.028803062728259738,-0.07667814724250482,-0.014691976747471336,0.6389971240855745,-0.0432712888999186,0.04072354158942926,-0.8379996784088048,-0.012509113395972894,0.0
49.25,17.20488235452475,6.261373446356145,2.1793405253037696,16.995736988695946,6.792894981159909,2.190248675659403,0.0944954810322528,-0.09777598990961116,-0.008555658260251044,0.7528364732812143,0.20990617207629342,-0.10883739729779623,-0.9696436542045601,-0.006418129323591295,0.0
49.300000000000004,17.238023415306024,6.365663187136152,2.1803430517820446,16.9992430872984,6.798738478830663,2.190044153240927,0.1473631115079575,-0.11621428580700363,-0.0027289311905955697,0.7026826865347416,0.33641117517928687,-0.09065497650211174,-0.9845489566063089,-0.002100853267124466,0.0
49.35,17.268259378862325,6.4663157946460235,2.181558829267174,16.999994536894874,6.7999908948247905,2.190000318681132,0.18667432505216336,-0.13090304700056335,0.002108151548711075,0.6006294090686863,0.41670748067528696,-0.00747632595097425,-0.9807914545810903,-8.117399311896333e-05,0.0
49.400000000000006,17.29523900507737,6.562383933583313,2.182696138566401,17.0,6.800397672593008,2.189956918802424,0.2128436994062885,-0.1404468033500931,0.00550634453129627,0.5414724381465711,0.49892186301865205,0.04163944546453602,-1.0078284071824628,-0.0033208950259264987,0.0
49.45,17.31873314893779,6.653249279650403,2.1835400192109127,17.0,6.804566073562181,2.1895053420307637,0.2256955477188449,-0.1438142277751923,0.007105343324703387,0.5924133863935575,0.5504751046077836,-0.04482258361762148,-1.0038008661240065,-0.016143901872900036,0.0
49.5,17.3386656348927,6.738624150169375,2.183935906331649,17.0,6.816386900332814,2.188224752463945,0.22416084571628253,-0.14161248609240046,0.006650138957854014,0.6439004143985505,0.5330894153595889,-0.17991629203061876,-0.9113734610114284,-0.036042301032675285,0.0
49.550000000000004,17.355107167352447,6.818574992639516,2.1837639002443345,17.0,6.8385380872686,2.1858250405459017,0.20790238211737286,-0.13556921330763486,0.004228125371992451,0.5943579831551244,0.4465028626291853,-0.26524189780230306,-0.7253396815774553,-0.060513806329577105,0.0
49.6,17.368232078335073,6.8935254974874836,2.1829202036180786,17.0,6.872603751400686,2.182134593598259,0.17858775821093786,-0.1274646336050302,0.0003307042660226573,0.4372123066834669,0.31472805841901574,-0.2842861189749897,-0.47220401555535363,-0.08732082883164324,0.0
49.650000000000006,17.378267016292437,6.96421052586806,2.1812988576334487,17.0,6.919196360386348,2.1770870609581454,0.13967446762925062,-0.1187588859056376,-0.0043481998718975555,0.21505021088152665,0.17637409469066467,-0.2616969691375405,-0.19876347606475245,-0.11449047685064956,0.0
49.7,17.385451118917906,7.031585676839493,2.1787772178181717,17.0,6.978078900467589,2.170708119116011,0.09538401365217046,-0.11043154084819476,-0.00915113455907753,-0.028949616746827223,0.0638530804075228,-0.2185487428025934,0.04917295212103512,-0.1403145559420807,0.0
49.75,17.390012298422896,7.096717883805292,2.175212094259216,17.0,7.048287044429829,2.1631022368534354,0.04981381436555155,-0.10289775912010096,-0.013579815075575782,-0.26319577642181863,-0.013828215723767773,-0.16297984681181504,0.24546776858786962,-0.16334956890515692,0.0
49.800000000000004,17.39215626007071,7.16068263824787,2.1704519795158324,17.0,7.128251319560526,2.154439440380943,0.006515801687077704,-0.09610933824639403,-0.01730918880714387,-0.4618089117432803,-0.06827417401961067,-0.09870970623026698,0.3836586702885354,-0.1824167157828209,0.0
49.85,17.392063558569774,7.224483190842891,2.1643645668170755,17.0,7.215919275607787,2.144942078475823,-0.03162565694460418,-0.08977388207586307,-0.020156958534868485,-0.5999077516506152,-0.11772123473792073,-0.03255842784457397,0.46633783827829584,-0.19660189386173113,0.0
49.900000000000006,17.38989145460203,7.288995255963315,2.1568720623571513,17.0,7.308877652739079,2.134871587619933,-0.06249560636906069,-0.08363512427826308,-0.02205646179113499,-0.6627301859494015,-0.17560041985743066,0.03209354850248,0.4965586936944216,-0.2052556976722792,0.0
49.95,17.385778499848914,7.354932386076211,2.1479843165471877,17.0,7.404474549499784,2.1245152571375234,-0.08480182412617894,-0.07761976660317574,-0.02303356135762863,-0.6575026061035263,-0.24867838559931268,0.10556910926291499,0.47770692228253986,-0.20799341898857432,0.0
50.0,17.379850378948724,7.422823748232826,2.137821707444176,17.0,7.499941590771925,2.1141729943330416,-0.09782141833697491,-0.07170708429925932,-0.023168311942739876,-0.6032219481350939,-0.3390993035186448,0.2015591434998225,0.41614295231239384,-0.2046950468284535,0.0
50.050000000000004,17.372226103988606,7.4929966957187615,2.12662318752322,17.0,7.592516095732772,2.10414408962895,-0.10102468639669762,-0.06577899204385913,-0.02256067607419585,-0.5086074889025995,-0.44177439468858015,0.3161975086654536,0.3180303544796481,-0.1955052674534745,0.0
50.1,17.363023897556683,7.565559979469122,2.1147379082951234,17.0,7.679563245813439,2.0947139817035443,-0.09410821588417577,-0.0596809176021957,-0.02133269313516963,-0.3720549082202346,-0.5452838722529065,0.4297544623329715,0.18846046225208019,-0.18083346436892256,0.0
50.150000000000006,17.352366115658143,7.640388019266326,2.102600994076575,17.0,7.758698252657621,2.0861410226287576,-0.07729029057299028,-0.05335883441033612,-0.01964126563841879,-0.19805433090197377,-0.6380391565881921,0.5252681376961236,0.03514042563929787,-0.161353718323801,0.0
50.2,17.340382619155456,7.717110545918834,2.0906957461935773,17.0,7.827908526080137,2.0786432430079853,-0.051405593212568254,-0.046883144006895514,-0.01766833399700193,-0.0024345759962330904,-0.711361697773848,0.5964447322377302,-0.13104983529030867,-0.13800480731084608,0.0
50.25,17.327212260926476,7.795113852765642,2.0795063281765676,17.0,7.88567584202565,2.072385117113888,-0.0177937294099955,-0.040379022764045445,-0.015597070729062152,0.1961821099914685,-0.7581246772278442,0.6417759935303441,-0.2996811710731172,-0.11199020656650992,0.0
50.300000000000004,17.31300242820603,7.873559778102488,2.0694670068252954,17.0,7.931098510527274,2.067464328026212,0.021803066554395973,-0.03396534812741703,-0.013592022978742423,0.3854540466777161,-0.7708929632265789,0.6575449704754677,-0.4643940542532805,-0.08477808857096643,0.0
50.35,17.297906820634463,7.951426550529216,2.0609156742122203,17.0,7.964013543665198,2.0638985327696036,0.06523164951552922,-0.027731694359976005,-0.011787373982162433,0.5607826342913165,-0.7432206671050655,0.6373842587345683,-0.6224723491372918,-0.05810132304812568,0.0
50.400000000000006,17.282081990375545,8.027572024399477,2.0540595982018046,17.0,7.985118823525369,2.0616121274514185,0.10988962647444625,-0.02173547269676239,-0.010278117645440751,0.7219240795083199,-0.6721394108655925,0.5753660226532915,-0.7719682113562623,-0.03395747696560791,0.0
50.45,17.26568341327712,8.100815973731102,2.0489593333005276,17.0,7.996095270158101,2.0604230123995393,0.15274032921283898,-0.016010932604126577,-0.009112562573250134,0.8695336341539813,-0.5582075820465857,0.4678188854862373,-0.9099278070160015,-0.014608814534768016,0.0
50.5,17.248861826130238,8.170035674460248,2.0455326531122706,17.0,7.999729009536737,2.060029357300187,0.1903688736416536,-0.01058920851285027,-0.008288738309151486,1.0024290745781617,-0.40286019170099213,0.31336439266045574,-1.0322930756826338,-0.002582297210677419,0.0
50.550000000000004,17.23176033157758,8.2342686819344,2.043575290128426,16.999992243887473,8.00002326833758,2.0600008725626595,0.21903226962639472,-0.005523090530660341,-0.007755569379149403,1.1148964981806126,-0.20724662649203573,0.11353425085994873,-1.1329981191826475,0.00015888335493551527,0.0
50.6,17.214512216650167,8.292816597048134,2.042796682454891,16.999508054758802,8.001475835723587,2.0600553438396347,0.23482165807590244,-0.000951512494810121,-0.007416444725416633,1.190455265563887,-0.054455936470164334,-0.08859894308647853,-1.1541783106154653,0.00244890771618157,0.0
50.650000000000006,17.197236171513737,8.345330663531149,2.042901411423581,16.997472039694433,8.007583880916698,2.060284395534376,0.23494772634597735,0.002481854303893774,-0.007140261967391908,1.183174161113937,-0.033172610589092544,-0.20052397933737914,-1.0518956893920557,0.0070579744506090265,0.0
50.7,17.180019255454063,8.391854441445892,2.0436814992864667,16.992963213199022,8.021110360402933,2.06079163851511,0.21934051802393392,0.0036639067551696596,-0.006826465873563712,1.0842737576202504,-0.10909859769890629,-0.19387052985769349,-0.8787800473894656,0.013497985377162411,0.0
50.75,17.162889134785,8.432812743163533,2.045049837887361,16.985270119853777,8.044189640438676,2.06165711151645,0.19033533847709935,0.0016596307738987542,-0.006495756212798657,0.929227624290077,-0.21423795192958583,-0.10485344141706587,-0.7026836970028508,0.02131415333244734,0.0
50.800000000000004,17.145792253187793,8.468955043763781,2.0470197737173716,16.9738760294197,8.0783719117409,2.062938946690284,0.15132684820390674,-0.0038191607167805813,-0.006295597887256193,0.7567014643866845,-0.3008881438013272,0.016703895927840495,-0.5624339769856047,0.030085002170729413,0.0
50.85,17.12858903296046,8.501276105835823,2.049653313798915,16.95844413194088,8.12466760417736,2.064675035156651,0.10572252925220917,-0.012340490906320032,-0.006423109960423151,0.5905902348841101,-0.3549080787316133,0.13423960695037135,-0.4622293058776001,0.03942236676392965,0.0
50.900000000000006,17.111065619739232,8.530933198213438,2.053004391730586,16.938802732847723,8.183591801456826,2.066884692554631,0.05644170720243801,-0.02304541180815668,-0.007039323085699881,0.4401937400676351,-0.38320728708416496,0.2301550151524703,-0.3889111274888516,0.04897139300163331,0.0
50.95,17.09295533145023,8.559171554369513,2.0570773547429986,16.914930448060243,8.255208655819265,2.0695703245932227,0.005788632292791825,-0.03498588031783588,-0.008220098196708313,0.3056837011803322,-0.39853524682041036,0.3025641167965823,-0.3288593313714158,0.05841053779107964,0.0
51.0,17.073962437196798,8.587263212147484,2.06180878072623,16.886941399091302,8.339175802726093,2.0727190926022283,-0.04443497145097527,-0.04731007132609641,-0.009945343222450439,0.18569182812616375,-0.4110454371119575,0.3570416826141719,-0.27568651838436653,0.06745156905717109,0.0
51.050000000000004,17.053783300375326,8.616459593806535,2.06707066179702,16.855070408149878,8.43478877555037,2.076304579083139,-0.09274871578602256,-0.05932002143342195,-0.012109554806333803,0.08215557685827896,-0.4258238320366165,0.3995725488773482,-0.2306414627593974,0.07583956574246925,0.0
51.1,17.032122884796774,8.647955353065191,2.07268827450048,16.81965819324434,8.541025420266976,2.0802884532600117,-0.13787902735518118,-0.07047208848772615,-0.014542494519955035,-0.0008168105438592921,-0.4443156227405901,0.4350673833633981,-0.19883427175158674,0.08335291780719128,0.0
51.150000000000006,17.00870681463309,8.68286026416724,2.078465588203558,16.7811365632857,8.656590310142906,2.084622136630359,-0.17873965046041654,-0.08035286083548154,-0.01703668046484412,-0.06172964812997733,-0.467672275740969,0.4697887012069725,-0.18394085241535502,0.08980332622921804,0.0
51.2,16.983290245474844,8.722176558565756,2.0842123757293396,16.740013613190875,8.779959160427376,2.0892484685160264,-0.21441404635920494,-0.08863120221636071,-0.019374031738788364,-0.10366924254224297,-0.4987663976653439,0.5116009469735153,-0.18487724945582962,0.09503580300408575,0.0
51.25,16.955664357690974,8.766779557487638,2.089775701380759,16.696858918985953,8.909423243042136,2.09410337161408,-0.2424429820751495,-0.09506046848662085,-0.021190571590483275,-0.670345758355315,-1.0750482715041596,1.1057070248608272,0.3398446887668307,0.09892867114499256,0.0
51.300000000000004,16.92565778683853,8.817342408127752,2.095111992672146,16.65228873290945,9.043133801271646,2.0991175175476866,-0.25163841996324565,-0.0995797843471733,-0.021294868032296122,-0.5705594869570676,-0.9855528638934281,1.0593732924302923,0.1988631715833793,0.10139356468279524,0.0
51.35,16.893151119561907,8.874106599571002,2.1002353788199826,16.606951178515594,9.17914646445322,2.104217992416996,-0.24277627316184996,-0.10166784636079879,-0.01965742996421285,-0.10504851681322769,-0.5528935636754936,0.6606489813790003,-0.27539758641654954,0.10237542866600868,0.0
51.400000000000006,16.858088327067616,8.936894752576942,2.105232834762654,16.56151144577754,9.315465662667377,2.1093299623500266,-0.2267817482627873,-0.10078379059525726,-0.017370830120493022,0.3001173899240215,-0.20142231538337024,0.31312174094589046,-0.6531898911792804,0.10185251916080813,0.0
51.45,16.82048571574299,9.005356247785315,2.1102533863833397,16.5166369861907,9.450089041427896,2.114378339053546,-0.21322170790256612,-0.09683280229912099,-0.015436277440075044,0.4778148153948675,-0.06715948384385151,0.16306194401603924,-0.7905768981327912,0.09983640325102767,0.0
51.5,16.78043968711664,9.079176435590616,2.1154093541990244,16.472982707875943,9.581051876372172,2.1192894453639566,-0.20608905462596233,-0.09008379155499718,-0.014224261214370402,0.45460903790939555,-0.10013020136576883,0.17636008395377945,-0.7331990030211623,0.09637195903816066,0.0
51.550000000000004,16.73812257180842,9.158173015987188,2.120724116020652,16.431176170682882,9.706471487951356,2.123992680798176,-0.20471835888981887,-0.08090065203228569,-0.013589758228368637,0.3361438986423614,-0.19367382088190666,0.2526029395273676,-0.58975796058182,0.09153737564135893,0.0
51.6,16.693771068588518,9.242291428310114,2.1261431835483915,16.39180278129316,9.824591656120521,2.1284221871045195,-0.2064642372786269,-0.06960890271000916,-0.013221713090838787,0.21333284510394224,-0.26692154118581796,0.31165938796401976,-0.44757997128357324,0.08544415319743563,0.0
51.650000000000006,16.64767539490183,9.331548672677437,2.1315648811160246,16.355390988323663,9.933827035029006,2.132518513813588,-0.20882375366307404,-0.0564561692095228,-0.012886473857752623,0.08158067655786144,-0.3361318377757511,0.36883630955035845,-0.29847690891161066,0.0782371028608597,0.0
51.7,16.60017077843879,9.425969583689081,2.1368815879582908,16.322397477429842,10.032807567710474,2.1362302837891427,-0.20559992621659393,-0.0417263157132039,-0.01227796649691961,-0.7443086950725482,-1.0882843996189915,1.1180290037609337,0.5402225753662636,0.0700943468037635,0.0
51.75,16.5516280203536,9.525418293173544,2.1420649907468703,16.293192366408913,10.12042290077326,2.139515858778997,-0.18116218340383153,-0.02579641244708626,-0.011053122548468375,-0.7960231255850447,-1.046710423899157,1.0905815379984334,0.5964269721671079,0.061227318215935835,0.0
51.800000000000004,16.50245056512177,9.62927424958313,2.1470954120464314,16.268044400303165,10.195866799090508,2.142345004965894,-0.1344843703194328,-0.008581242598779973,-0.009899075829181085,-0.48270670323447395,-0.6501561396496861,0.6890051605282986,0.30378769638263997,0.05188076130482334,0.0
51.85,16.453067763497394,9.736394252000952,2.1519335493619,16.247106146503207,10.258681560490379,2.144700558518389,-0.07415519300739164,0.009880961779655143,-0.009599814691392762,-0.11907345864818702,-0.23622174327909207,0.22516160640132105,-0.007897298404032443,0.042332731295536635,0.0
51.900000000000006,16.403926568628485,9.8453156512177,2.1565198252355104,16.23039918985123,10.308802430446312,2.1465800911417365,-0.009799550709387258,0.028945313353103325,-0.010473506383212192,0.12654939591935632,0.04595278188164473,-0.12915694376936754,-0.19589303545539877,0.03289459443084029,0.0
51.95,16.355480905808175,9.954485614643719,2.1607335817458484,16.217799327744274,10.346602016767182,2.1479975756287693,0.05178232003738306,0.04785609172777191,-0.01239165898748453,0.22298545215147686,0.17870391386343926,-0.33080057357264453,-0.251640459778815,0.02391102797116328,0.0
52.0,16.30817849528033,10.062427966489945,2.164379309678999,16.209021765237477,10.372934704287562,2.1489850514107833,0.10739718172331165,0.06602561212512784,-0.015023205173921592,0.23006377368185482,0.20701579014046412,-0.42167610067890804,-0.23326636792049288,0.01576002019458946,0.0
52.050000000000004,16.262448565657355,10.167825140545427,2.167222424747338,16.203606310147364,10.389181069557905,2.1495942901084213,0.1562109953629369,0.082922579937883,-0.01802576184741381,0.22881018952522453,0.1876803830954677,-0.4647895262636556,-0.21121357354960463,0.008852870396862387,0.0
52.1,16.218692063315682,10.269534454783033,2.1690451890165177,16.200902568155083,10.397292295534752,2.149898461082553,0.1980583996359351,0.0979864303065357,-0.021076997335197526,0.27342078175483797,0.15641941285515493,-0.500685202163427,-0.2307150485071932,0.003634188891388242,0.0
52.150000000000006,16.17727291788154,10.366576589648925,2.1696953745701455,16.200055137909676,10.399834586270966,2.1499937969851612,0.23240259760656917,0.11062386391911495,-0.023825641776182245,0.5268878664752235,0.2649893955677487,-0.6847903328808145,-0.4461765384380446,0.0005818970092288451,0.0
52.2,16.138511024648448,10.458132894047797,2.169147470540805,16.199985045837803,10.400029908324397,2.14999925229189,0.25324696196325314,0.12030543161583654,-0.02530913327199522,1.0370728607383728,0.5519635380129697,-1.0621370615695755,-0.8836004808679001,-0.000121396957464484,0.0
52.25,16.102670021323334,10.543673955152157,2.167541475828123,16.199274732435843,10.401450535128316,2.149963736621792,0.2527334037934882,0.12629541778398448,-0.024326740685649263,0.8387871527067164,0.07805043727402827,-0.6849344758187937,-0.5702453538825247,-0.0015437088028864992,0.0
52.300000000000004,16.069920501082642,10.623134767227445,2.165096390075785,16.19648028870861,10.407039422582777,2.1498240144354304,0.23833466338784962,0.12701491059540918,-0.021670644798756026,0.491814761463061,-0.4826329299777251,-0.15151609886040432,-0.157464625488096,-0.004219396640322763,0.0
52.35,16.040310008759338,10.696771830848771,2.16213321459686,16.190552334458335,10.418895331083329,2.1495276167229167,0.22136286306479072,0.12153746306341018,-0.018829295453500455,0.2524357040032451,-0.8075470150891129,0.24449826857337745,0.04826821957946134,-0.007747255990105013,0.0
52.400000000000006,16.013734449393525,10.764918456761054,2.15899093071836,16.180822332640467,10.438355334719063,2.149041116632023,0.2094658257405767,0.11032060989394198,-0.01679517919956591,0.18043202605324682,-0.856886111322036,0.42053983343282153,0.018485321823742518,-0.01176680502544728,0.0
52.45,15.989934957803788,10.827818753431337,2.155919795554059,16.16696186671081,10.466076266578376,2.1483480933355406,0.2037991754344624,0.0947849992751971,-0.015612725793769544,0.680366310367357,-0.27361579760421695,-0.02941076640834539,-0.6003612652082578,-0.015958284572442104,0.0
52.5,15.968531144119751,10.885621156086348,2.153071512898695,16.148941917972632,10.502116164054737,2.1474470958986314,0.19248476860398242,0.07682224249788853,-0.014107776771325466,0.9228227576985893,0.0684985895561302,-0.2601164734838176,-0.9317364775235976,-0.02004265811006432,0.0
52.550000000000004,15.949071739449494,10.938613325354954,2.1505637480029756,16.126992142923775,10.54601571415245,2.1463496071461887,0.1675675507541655,0.05790911083794292,-0.011975869458100533,0.7428458482503556,0.005963868588394372,-0.09968352226509292,-0.8180750394672591,-0.02378161177016934,0.0
52.6,15.931074721008127,10.987412222410471,2.1484651435111637,16.101560150603806,10.596879698792385,2.14507800753019,0.13206122010797466,0.03906913691795848,-0.009877201360019502,0.3906065730214451,-0.19697256482332443,0.2040820952311922,-0.5373993094678802,-0.026977554337491532,0.0
52.650000000000006,15.914062675531024,11.032900698605163,2.146801444908412,16.0732707799411,10.653458440117799,2.143663538997055,0.09308169582517156,0.021326533979157476,-0.008373608912597636,0.051185871509986824,-0.36770713889143064,0.4711469692866624,-0.2745654970013282,-0.029473617249647845,0.0
52.7,15.897591184759447,11.076051865712136,2.145551411191964,16.04288537709999,10.714229245800022,2.142144268854999,0.05723226144668485,0.005678924375357757,-0.007588672267618886,-0.1869930043112653,-0.4429341146457084,0.6225859209805626,-0.10273633303776131,-0.031153654597134164,0.0
52.75,15.881271773540059,11.117761690372076,2.1446380868632478,16.011261072827853,10.77747785434429,2.1405630536413924,0.02863800050176016,-0.007044330150917971,-0.007320169529498081,-0.3126222303553541,-0.43474847423110585,0.6601292531037721,-0.019325096524162477,-0.03194224312332818,0.0
52.800000000000004,15.864789913060486,11.158742020352141,2.1439435754346983,15.979310059802264,10.841379880395472,2.138965502990113,0.008951127755629458,-0.016332248342847928,-0.007270792206275832,-0.3523566089075323,-0.38129502770249313,0.6234924519229583,0.004815712797858751,-0.03180468222448759,0.0
52.85,15.847916416459336,11.199480077662468,2.1433426855885447,15.947958869978098,10.904082260043804,2.1373979434989048,-0.0018987209212920349,-0.022000948887716525,-0.007205835572399332,-0.3423545980136645,-0.3150481912868274,0.5582366174127843,-0.004388720646916089,-0.03074699394975085,0.0
52.900000000000006,15.830512454336425,11.240244390794468,2.1427345157614464,15.918107651934642,10.963784696130716,2.135905382596732,-0.004872857941026118,-0.024022910638077145,-0.007008778951494427,-0.3111898069553091,-0.25786471897762003,0.49690752831149204,-0.027809495253365568,-0.028815923001136674,0.0
52.95,15.812530020736085,11.281110967838893,2.1420592669000857,15.890589448222737,11.018821103554526,2.1345294724111366,-0.001121486549108663,-0.02241574488984637,-0.006667917944132942,-0.2709896086101306,-0.22304504437750733,0.4505548375344955,-0.051123828936273596,-0.02609893673354517,0.0
53.0,15.794009271025557,11.321991110424467,2.141299656905453,15.866129472711874,11.067741054576251,2.1333064736355936,0.00839063793548338,-0.0173189091989837,-0.006240788957484207,-0.2207129654181782,-0.21352978056419247,0.41359881049505476,-0.06773140494369934,-0.022724225154756306,0.0
53.050000000000004,15.775073107484465,11.362653643736758,2.14047177872365,15.845304387937325,11.109391224125352,2.1322652193968663,0.022910391082252173,-0.00910394426053321,-0.005825888639963498,-0.15523074931243974,-0.22067064126671043,0.37472635749341754,-0.08145946719945008,-0.018860700925430258,0.0
53.1,15.755918759257254,11.40274294502596,2.139610558869664,15.828501582447267,11.14299683510547,2.131425079122363,0.04170688027685361,0.0016198969341899754,-0.005542863043718342,-0.07166012970445002,-0.22847637258763098,0.32477224232277446,-0.10362961621552047,-0.01471799935910948,0.0
53.150000000000006,15.73680589852244,11.4417978315065,2.138754052304546,15.815878448149885,11.168243103700233,2.130793922407494,0.06381524819143462,0.014108612214681788,-0.005508103567976549,0.029897941862579547,-0.22350302630247282,0.25859448658817846,-0.14398205235948858,-0.010546478422214822,0.0
53.2,15.71804098855273,11.47927643862868,2.1379301304811986,15.807321657660513,11.185356684678975,2.1303660828830253,0.087864536445022,0.02758201685893905,-0.005797302970464517,0.14915210206419618,-0.20275791621265124,0.17296437107197557,-0.20292314578581463,-0.006637218734049971,0.0
53.25,15.699957852078928,11.514590224052165,2.137148482883241,15.802406441648737,11.19518711670253,2.1301203220824365,0.11203862709410514,0.041206207963120835,-0.006402725988220201,0.28636106149026647,-0.17316064578590112,0.0659603122760768,-0.2715881686729825,-0.003322023566797427,0.0
53.300000000000004,15.682894584918971,11.54714778140987,2.1363998112156573,15.800355866185514,11.199288267628972,2.1300177933092757,0.13414603471560524,0.053990715804621336,-0.007203324913406272,0.4400911282381956,-0.14353048841617166,-0.06129207499870154,-0.33894585409022326,-0.0009734188455205456,0.0
53.35,15.667167016322894,11.576407423372116,2.135662525226459,15.80000011009031,11.199999779819382,2.1300000055045154,0.1517540778625216,0.06472337038787092,-0.007965392318708589,0.6069152597133105,-0.11548909449603662,-0.20543826600715692,-0.3998508321590261,-4.6531481644800815e-06,0.0
53.400000000000006,15.653038886899656,11.601936819225793,2.1349159273590987,15.8,11.200234620242247,2.1300469240484494,0.16230011977190661,0.07201041823592837,-0.0083801034100454,0.7515052870776203,-0.08675966687500741,-0.3236113081772226,-0.459754985023127,0.0029684210320108186,0.0
53.45,15.640691274346928,11.623474312899388,2.134169609816371,15.8,11.201964216387665,2.130392843277533,0.16364412301525294,0.07488753228756986,-0.008171323537949589,0.7702136637737511,-0.08253981961745005,-0.2855897857911014,-0.5164459691242507,0.011684836249659129,0.0
53.5,15.630204756703058,11.640973923200866,2.1335081621071703,15.8,11.206417481785495,2.1312834963570992,0.15543337082414554,0.07386767959589223,-0.007277612939548417,0.6884492483775752,-0.13166069762888466,-0.11070325035809081,-0.5468868454267114,0.024492002175396058,0.0
53.550000000000004,15.621569253318347,11.654612434147822,2.133105487695805,15.8,11.214424561564643,2.1328849123129285,0.13933851893657942,0.07040450948353236,-0.005878757514848012,0.5817606247357683,-0.23238008855831546,0.11285783274988545,-0.5430706330835242,0.0398767268595354,0.0
53.6,15.614713508610546,11.664756159450578,2.1332011863811875,15.8,11.226457664193028,2.1352915328386057,0.11812491617387176,0.06587077527651694,-0.004253178070126003,0.5000954964820157,-0.3543222166577108,0.31434618136473536,-0.5184209874948377,0.05648870896390651,0.0
53.650000000000006,15.609535718565368,11.671905022146072,2.1340537507057094,15.8,11.242671784130476,2.1385343568260953,0.09455765925564559,0.06113971550693645,-0.0026366645518083568,0.4558133336413411,-0.4625334575510528,0.4607698132056639,-0.49025970686699893,0.07314053776186992,0.0
53.7,15.605924816482274,11.676632848632012,2.135891080739865,15.8,11.26294542448158,2.1425890848963163,0.07075312684368558,0.05661350178687425,-0.0011703487231013417,0.43720809719597115,-0.5359090963039778,0.5482747930620749,-0.46581332052199,0.08880769313829931,0.0
53.75,15.603770939427829,11.679536021899665,2.1388735248477264,15.8,11.286921319648608,2.1473842639297214,0.0480537342315368,0.05238974466329662,8.480793285282349e-05,0.4246296445016221,-0.5700440860773085,0.5877112525588254,-0.4413779714303451,0.10262854558959793,0.0
53.800000000000004,15.60296819915553,11.681195084583935,2.143074439164483,15.8,11.31404715798436,2.152809431596872,0.027220791423989574,0.048427678701493955,0.00111444420344521,0.40155055579441645,-0.5713114535883748,0.5931327175464454,-0.40826973494286234,0.11390435622369047,0.0
53.85,15.60341382024415,11.682148128641057,2.148476200544183,15.8,11.343616304445051,2.1587232608890106,0.00871493802821145,0.044658093614373125,0.0019239255666895583,0.3596067873760236,-0.5493438358489862,0.5753332124233874,-0.35924161452072134,0.12209927676001915,0.0
53.900000000000006,15.605006636530307,11.682872301437992,2.1549772501636393,15.8,11.374808523243216,2.1649617046486433,-0.00709134681674185,0.04102725445908852,0.002524403075824194,0.2987242172211385,-0.5117103552270962,0.5400833697253143,-0.29231666342397267,0.12684034952955414,0.0
53.95,15.607646351019836,11.683770214922664,2.1624059194031915,15.8,11.40673070050055,2.17134614010011,-0.01982816483391228,0.037495970599532344,0.002929177911364346,0.22424154308609112,-0.46172064815305447,0.4895569156991624,-0.2115583950988651,0.12791750747478428,0.0
54.0,15.611233753233996,11.685159802993903,2.170537620241564,15.8,11.438457566900826,2.1776915133801653,-0.0291554474099591,0.034029091889252204,0.003155353796189626,0.1431473807750771,-0.39923898641331224,0.42498950679883574,-0.12511946853432876,0.12528357414972316,0.0
54.050000000000004,15.615671516367962,11.68726764238094,2.179112815240922,15.8,11.469072420342762,2.1838144840685523,-0.034844327634613904,0.03060263208938282,0.003226075246472407,0.06145589259256079,-0.3237214969339717,0.3485746417350948,-0.04144272283324124,0.11905426371990468,0.0
54.1,15.620865151573906,11.690226311541688,2.187853979744039,15.8,11.497707848592883,2.189541569718577,-0.036850839458408585,0.027224811505287515,0.0031706591147554132,-0.01655196377571011,-0.23762076237377183,0.26383383865106713,0.03453095569568021,0.1095081809623877,0.0
54.150000000000006,15.626723866086055,11.694076182083355,2.196480552963737,15.8,11.523586451938442,2.1947172903876884,-0.035328319441879405,0.023934348263252997,0.003021875596679171,-0.0878029671529984,-0.14690578685149808,0.1749716115788787,0.10195632643920612,0.09708682126574934,0.0
54.2,15.633161186032224,11.698771443620304,2.2047215931115467,15.8,11.546061565840255,2.1992123131680508,-0.030573781079699887,0.02076619505566739,0.0028119352052043936,-0.14916511152221998,-0.057592023906177264,0.08567762887789718,0.16047837817038813,0.08239457063009498,0.0
54.25,15.640095313347373,11.704189799265695,2.212326448330228,15.8,11.564657983585617,2.2029315967171232,-0.022970751117430747,0.017724789139351216,0.002569746970946103,-0.19613578202714171,0.028324318974636067,-0.0020063821383719677,0.20594397114242902,0.0661987056670479,0.0
54.300000000000004,15.647449271897452,11.710144981025811,2.219074054847611,15.8,11.57911267894117,2.205822535788234,-0.013029420750334142,0.014792978103313651,0.002320838896126287,-0.2240789100201801,0.1113516938205122,-0.08623362828228902,0.23170767749056925,0.04942939359975203,0.0
54.35,15.655150887513958,11.716401586084913,2.224781781587704,15.8,11.589415528805775,2.207883105761155,-0.0014732769232044603,0.011970369530570747,0.002087310191568947,-0.2300807512613776,0.18902727461863297,-0.16334120063988541,0.23396065946362163,0.033179692262881075,0.0
54.400000000000006,15.663132619793588,11.72269186102169,2.229314475550796,15.8,11.595850035863407,2.2091700071726814,0.010766538001373005,0.00928406746919399,0.0018857903544368885,-0.2128306289745012,0.25426856495596845,-0.2279290601004827,0.21330868697040078,0.0187055501026225,0.0
54.45,15.671331307765634,11.728734362326557,2.2325944283440773,15.8,11.599034051236027,2.2098068102472053,0.022638820365819313,0.006756384471075446,0.0017253195602375056,-0.1709777737445739,0.2995138711190182,-0.27458035655747953,0.1706715111997707,0.007425806176694032,0.0
54.5,15.679687807635796,11.734254700018033,2.2346125714817475,15.8,11.599960497136463,2.209992099427293,0.033063486898990864,0.0043727139016998965,0.001606821485008616,-0.10077160946546576,0.32284783290195196,-0.30038561345010295,0.101310233476126,0.0009221901543297694,0.0
54.550000000000004,15.688146530761273,11.73900894988178,2.2354409162745137,15.800072236016565,11.600072236016564,2.209995033773861,0.04087585337960989,0.0021061941480159463,0.0015243053592825953,-0.0009666611079293119,0.3360645373289941,-0.3027091464137488,-0.010542121760156065,-0.0006009832650805488,0.0
54.6,15.696655482970014,11.742811303327544,2.2352372706345127,15.801915164053396,11.601915164053395,2.209868332471329,0.04453982445113479,0.0002906298236476165,0.0014653054435805975,0.06843256831276723,0.4558332022558783,-0.252805091826534,-0.2504744792982677,-0.005157446832822735,0.0
54.650000000000006,15.705177464997082,11.745573621125759,2.234203441145174,15.808462465820808,11.608462465820807,2.2094182054748193,0.041655986518199586,0.0010078927183151092,0.0014146056600240567,0.07663026667284431,0.6327314542399195,-0.159968550065154,-0.5291731599142208,-0.013381291644308624,0.0
54.7,15.713738070066604,11.747362846860375,2.2325248406904135,15.822047991933362,11.62204799193336,2.2084842005545813,0.029895782109257286,0.007470095435353316,0.0014122594673230235,0.04349638245634274,0.7203959602491181,-0.06295626322242626,-0.6806612429117229,-0.02436766589297987,0.0
54.75,15.722498982202604,11.748455938046872,2.2303269639640972,15.844373311308239,11.644373311308238,2.206949334847559,0.008618148836135996,0.02198844855342666,0.0016697170548596568,-0.001603752075452769,0.6701064895321112,0.006939697624011976,-0.6509289121798054,-0.03728264671760465,0.0
54.800000000000004,15.731810082636468,11.749358759163437,2.227649195271717,15.876559295852756,11.676559295852755,2.204736548410123,-0.02096537093531691,0.04487071944867642,0.002579078229720331,-0.03451720363488331,0.5176588725472723,0.03619501796624569,-0.4806232935239252,-0.05136324020227545,0.0
54.85,15.742213822373962,11.75077754649118,2.2244390108225494,15.919197705151857,11.719197705151856,2.20180515777081,-0.05654839554639577,0.07446827818673778,0.004558045021437347,-0.053320613742216985,0.32706087953049295,0.04082535525036142,-0.2460466579011325,-0.0659173813764017,0.0
54.900000000000006,15.754407647106877,11.753556686798836,2.2205619707506576,15.97240277115565,11.77240277115565,2.198147309483049,-0.09539991799515327,0.10820510869550293,0.007851347007273628,-0.06372248248602963,0.1475525387147757,0.0469215258418233,-0.013969280175419041,-0.08032393421472404,0.0
54.95,15.76918660900076,11.75860565280827,2.215823197873462,16.035862782866868,11.835862782866869,2.193784433677903,-0.13488034754781256,0.14357893388928206,0.012413376170422716,-0.05982020999437361,-0.007123304237289685,0.06770744454994045,0.18154555686732887,-0.0940326916372982,0.0
55.0,15.787386359237129,11.766834103757448,2.2099994422159908,16.10889167102843,11.90889167102843,2.1887636976167952,-0.17270544656654885,0.17844253900445145,0.017905697717999,-0.027478273682831927,-0.1459670566513961,0.10416869209688906,0.32933191922043525,-0.10656437550950924,0.0
55.050000000000004,15.809836920528378,11.779104656887597,2.202879031700678,16.190480592810925,11.990480592810925,2.183154459244249,-0.20700375305583124,0.21094310221518042,0.02376999823846338,0.111560488158227,-0.34505665490593357,0.08707281672015826,0.4884877643429448,-0.11751063664206475,0.0
55.1,15.837325302300483,11.796206593271094,2.1943218847808925,16.279349516500087,12.079349516500088,2.1770447207406187,-0.2351093159195857,0.23574540098413793,0.02903254806077563,0.19095322423296957,-1.4233513011428482,0.17984002722568093,1.4659855955547378,-0.12653405479099092,0.0
55.150000000000006,15.870481501121947,11.818801955630539,2.1843739434762175,16.37399880618438,12.173998806184382,2.170537582074824,-0.24603294955622973,0.2436349381320556,0.030525560401331798,0.13724386340933992,-1.27663066551038,0.42035476055246146,1.144375722183998,-0.13336813865764255,0.0
55.2,15.909572273554563,11.84720326850721,2.173202018216753,16.472760806442412,12.272760806442413,2.163747694557084,-0.23959302914054817,0.23852281838890982,0.0279342140887638,0.28967005523660855,-0.6480138627895337,0.4567320737343724,0.2843907842122893,-0.13781732588869347,0.0
55.25,15.954564745337924,11.88135642611442,2.1611387344052537,16.573851427030526,12.373851427030525,2.1567977143916512,-0.22559431020346327,0.22843267832413006,0.023779065299595996,0.4921147697815199,-0.18274155379191276,0.441883808146647,-0.4253306218972957,-0.13975698307614348,0.0
55.300000000000004,16.005309734860145,11.92104203038033,2.148651386128543,16.67542172757027,12.475421727570271,2.149814756229544,-0.2132286761516455,0.21921284499922702,0.020251361345950597,0.6399714505725409,-0.05452401129227119,0.4682039300801311,-0.7715808915261393,-0.13913340575731414,0.0
55.35,16.061660891153775,11.966056993270136,2.1361882547467834,16.775609502235877,12.575609502235878,2.1429268467212834,-0.2066929307919626,0.21319661741132576,0.01815397808511345,0.7049007605831108,-0.17610592973876338,0.5527564883073687,-0.8236189858381314,-0.13596381841485095,0.0
55.400000000000006,16.123526735297304,12.016305616755018,2.1240910475283985,16.87259086444185,12.672590864441853,2.1362593780696226,-0.20555506032403256,0.21024689274055477,0.017261852321548803,0.7153163480802507,-0.3879457522644708,0.6633497407567309,-0.742514505147741,-0.13033637447672083,0.0
55.45,16.19087552309253,12.071800853270375,2.112596217702131,16.964631831530372,12.764631831530373,2.129931561582287,-0.20724411419030814,0.20926091763969068,0.01697663422938731,0.7152532846203256,-0.5713844180563492,0.7581624975840486,-0.6575006865811348,-0.1224101563162172,0.0
55.5,16.263715115304265,12.132614493134977,2.1018675355216168,17.0501399094589,12.8501399094589,2.1240528812247006,-0.20932848165608614,0.2091715377523435,0.01678160145593835,0.731344282050837,-0.6813556095995356,0.8154256151634723,-0.6247015342223389,-0.11241517525195366,0.0
55.550000000000004,16.342069679552466,12.198824203682417,2.0920269773513676,17.12771567748764,12.92771567748764,2.118719547172725,-0.21053394645512583,0.20867670358802795,0.016417055863959792,1.3064916811662777,-1.2674071512329554,0.2971597750674689,-0.10201988519572985,-0.10065237154786627,0.0
55.6,16.425921471932355,12.270488169180792,2.0832279943021836,17.196204372867015,12.996204372867016,2.114010949365393,-0.2067654336193163,0.19529254140848784,0.015083178004685466,0.8514247188690787,-2.358042134583407,0.784042879364645,0.9344953217314624,-0.08749361441321886,0.0
55.650000000000006,16.51493280132595,12.347513652542972,2.0757446737852505,17.254747475525253,13.054747475525254,2.109986111057639,-0.1827169988066897,0.16048474758213918,0.010390060694681472,0.5718233698282595,-2.1656529026747946,1.0380759422184678,0.6945794244979588,-0.0733817020025924,0.0
55.7,16.608202464015065,12.429300322930379,2.069844280983647,17.30283429275582,13.102834292755821,2.1066801423730372,-0.13713176637409658,0.10979015602824174,0.004021900596975241,0.5273021623220513,-1.469311831015069,1.0050674593127078,-0.01455074396042999,-0.05883036141589769,0.0
55.75,16.704390803432258,12.514680552346752,2.065741188323395,17.340353543904975,13.140353543904974,2.104100693856533,-0.07925209773500116,0.051997287830016,-0.000698596968374328,0.5888300484427607,-0.8018135371270837,0.8317310830336447,-0.6300052438250866,-0.04442424869836314,0.0
55.800000000000004,16.801963963784793,12.602146203163544,2.0635327059753568,17.367644945059265,13.167644945059264,2.1022244100271754,-0.018853547865866006,-0.005954013179099802,-0.0020463308817393667,0.6484887310132208,-0.3357348915914725,0.6378234923688335,-0.9726935009660993,-0.03081894884053981,0.0
55.85,16.899392247640534,12.69011562165667,2.063105747122155,17.385550793733014,13.185550793733015,2.1009933829308554,0.03739787194693327,-0.05992876688792466,-0.00017445333240889254,0.6573342786243712,-0.05011257426548715,0.48518998692177223,-1.083250702249613,-0.0187409757783094,0.0
55.900000000000006,16.995274144648516,12.777135419795831,2.0641331375026772,17.39546755355586,13.195467553555863,2.1003116056930344,0.08602435799125979,-0.1079742684878028,0.003816025966598422,0.6102337258687989,0.13203372319134887,0.39558870140687896,-1.071667778732829,-0.008987772392867289,0.0
55.95,17.08839361065812,12.861984996731831,2.0661557210006825,17.39939743896025,13.19939743896025,2.100041426071483,0.12567308204326266,-0.14912900581853406,0.008655849944028479,0.5245886888875574,0.279939223234296,0.3661767800333059,-1.0384902026120155,-0.0024277105107396646,0.0
56.0,17.177739314433335,12.94370415092663,2.068685244171834,17.399999999868932,13.199999999868934,2.1000000000090107,0.15589762494000675,-0.18237122394486166,0.013227890749464259,0.4259210323617576,0.43656240486330766,0.3771909220196963,-1.0468799857303752,-9.090377105593213e-08,0.0
56.050000000000004,17.262517102361322,13.02158709395891,2.071286298646358,17.40058275400455,13.20058275400455,2.0999708622997724,0.17618522032565848,-0.2061027108108877,0.01658325909313966,0.3397525320108425,0.6100188577839789,0.398831372924036,-1.1131798278382377,-0.0017283550794423737,0.0
56.1,17.342173540917802,13.095177937945419,2.0736310337130917,17.404462297941915,13.204462297941914,2.099776885102904,0.185520378363395,-0.21832286534221007,0.017910663359122767,0.284425485078158,0.7281129706729023,0.40494640685213845,-1.1681261980617799,-0.006475131899785506,0.0
56.150000000000006,17.416430724358282,13.16427979025041,2.075530022012283,17.414310199127566,13.214310199127569,2.0992844900436216,0.18301351645324732,-0.21772970664942728,0.016739454365292582,0.2556075326094809,0.7173870790630446,0.3881806115196097,-1.132258324982728,-0.013555176963753236,0.0
56.2,17.48531456465513,13.228964786513265,2.0769332722805447,17.432138669334762,13.232138669334763,2.0983930665332617,0.16904600631485708,-0.20462729189836149,0.013276051609118112,0.2324810548276347,0.58832530728001,0.35745045365522976,-1.0001665368726322,-0.02233499869703044,0.0
56.25,17.549154768698404,13.289564556083784,2.0779016801527384,17.459352292861706,13.259352292861708,2.097032385356915,0.14548745694232865,-0.18061991891998005,0.008388934295121607,0.20450827557975476,0.4003582892506957,0.31459419899718416,-0.8097491207446004,-0.032232833723836216,0.0
56.300000000000004,17.60855121311568,13.346635857664154,2.0785541100505474,17.4967997547301,13.296799754730102,2.095160012263495,0.11491097039182606,-0.14805123141077772,0.0031989514426007,0.17357978371848687,0.20433175771102796,0.25358912250597654,-0.5923266697194398,-0.04271864686692162,0.0
56.35,17.664314485597952,13.400909503181575,2.079003810277968,17.544825568883642,13.344825568883643,2.092758721555818,0.07990818366572973,-0.1097183420199869,-0.0013102464284262454,0.1407508341605977,0.030456486695934953,0.17504539215701628,-0.3669683000628954,-0.053314131147564434,0.0
56.400000000000006,17.717392640530694,13.453232286782645,2.079304546462694,17.603321806386596,13.403321806386597,2.0898339096806704,0.04278192187474961,-0.06850778946450369,-0.004493122082001227,0.10429743757023129,-0.10440607319937542,0.08870435107782002,-0.15051075012317283,-0.06359270778557968,0.0
56.45,17.76879692433679,13.504509131415027,2.07942250643235,17.671779823622277,13.47177982362228,2.086411008818886,0.0054083085074893575,-0.02700127052275491,-0.006085155773982461,0.06242771813314635,-0.1961611933210873,0.009513431019721841,0.042747098661737204,-0.07317952619930783,0.0
56.5,17.819536885946615,13.555650348981713,2.0792385853676576,17.749341990491637,13.549341990491639,2.0825329004754183,-0.030751209184920712,0.01275658947773315,-0.006135955205778735,0.01499075076727946,-0.25556713311013013,-0.04669496814861068,0.20674649348035112,-0.08175146400562504,0.0
56.550000000000004,17.870570609123565,13.607527089081877,2.078575174291502,17.834853418611768,13.634853418611769,2.0782573290694115,-0.06444670571768561,0.04927838510391705,-0.004910818038857178,-0.03281667620599446,-0.30264880165441965,-0.07012790202054978,0.3427296207257772,-0.08903712701993835,0.0
56.6,17.92277066848255,13.66093630917966,2.077236422531289,17.9269136895144,13.726913689514399,2.07365431552428,-0.09439604172007582,0.0814938918403346,-0.0028284572256809157,-0.06697488888644418,-0.3534993231562681,-0.06369823053783338,0.4500055131395433,-0.09481684925618283,0.0
56.650000000000006,17.976902570996852,13.716574897817903,2.075050881161498,18.02392858284451,13.82392858284451,2.0688035708577743,-0.11930135733716643,0.10857774573279898,-0.00041384859587586,-0.06912309345921552,-0.41353759057280925,-0.04083169797628433,0.5219197309744914,-0.09892269292682875,0.0
56.7,18.03361076089919,13.775021323988474,2.0719081567965456,18.124161804558764,13.924161804558764,2.063791909772062,-0.13813485789063623,0.1298005999672698,0.0017953458896067085,-0.030646118682555124,-0.4817617643002282,-0.01194566351712617,0.5519168936781291,-0.10123844844287476,0.0
56.75,18.093407525749235,13.83672261424756,2.067784552572098,18.22578671512413,14.02578671512413,2.0587106642437933,-0.1503303695972489,0.144465663402455,0.0033636960618564967,0.037769528429669685,-0.5561404956684122,0.02601049109676029,0.5397890059533712,-0.10169963441385284,0.0
56.800000000000004,18.1566615678194,13.901984370512054,2.0627553861488823,18.326938057716376,14.126938057716377,2.0536530971141813,-0.15564404803227347,0.15200042084480458,0.004012389293939795,0.11542660817144523,-0.6330709438788658,0.08162916434912171,0.4905433887840204,-0.10029349764782498,0.0
56.85,18.223585057226018,13.970961904053853,2.0569934687001896,18.425763686418552,14.225763686418553,2.0487118156790727,-0.15392996126529704,0.15211425380921256,0.0036170604149462758,0.18933076907516727,-0.7056235133464555,0.1528599981109599,0.410869675486684,-0.09705901315138553,0.0
56.900000000000006,18.294220224983594,14.043651657348253,2.050754423140058,18.520476294419623,14.320476294419626,2.0439761852790186,-0.14516280232516132,0.144840936988992,0.0022202810777142428,0.25797666409311043,-0.766764127138579,0.2253473791935659,0.3103308545262215,-0.09208688412965858,0.0
56.95,18.36842810308617,14.119883604904938,2.0443505259855326,18.6094051422129,14.4094051422129,2.039529742889355,-0.12956839554180094,0.13042129618943435,4.8461362707548826e-05,0.3207623646078593,-0.8102445158037369,0.2854623408227962,0.20016283094692244,-0.08551954198630177,0.0
57.0,18.445882847979494,14.199316585657025,2.038115794096149,18.69104778579464,14.491047785794644,2.0354476107102677,-0.10763281026621106,0.10921338515003326,-0.002514741662117319,0.37039399246445703,-0.8272276226007089,0.3299645378664915,0.08752182915584744,-0.07755114632350245,0.0
57.050000000000004,18.526074970581302,14.281439255614613,2.0323663065605433,18.76412180486257,14.564121804862571,2.0317939097568716,-0.08003835198840764,0.08177569651488435,-0.0049902205386351175,0.39736149035060475,-0.8079447647135231,0.36297299788600823,-0.025230073017899146,-0.0684275849419778,0.0
57.1,18.608325683117812,14.365579505396383,2.0273610158367195,18.82761653101435,14.62761653101435,2.0286191734492824,-0.04761433994718405,0.0490064789445834,-0.006875159404186538,0.3991255055510829,-0.7478143014926864,0.38754031394974064,-0.13624568666789139,-0.05844647384098105,0.0
57.150000000000006,18.691812695664275,14.450924334834774,2.023269027079981,18.88084477594621,14.680844775946207,2.0259577612026898,-0.011327323945281976,0.012153527287003892,-0.0077126230828355995,0.38374935131909677,-0.6500367447470364,0.40194439609560206,-0.24251445321778686,-0.04795715721829084,0.0
57.2,18.775605502247004,14.536550602337863,2.020148963973714,18.92349455965138,14.72349455965138,2.0238252720174312,0.02770396794061671,-0.027300627805437832,-0.007157220952397118,0.36645336852057964,-0.5228585859483218,0.40207610900612534,-0.3424096298433612,-0.03736070747022298,0.0
57.25,18.858706536966586,14.621464890861537,2.017944351946703,18.95568083861871,14.75568083861871,2.0222159580690646,0.06816423079491028,-0.06778882221283933,-0.005036961795754951,0.36191642674122276,-0.37494825462177805,0.387101045895771,-0.4390539921588351,-0.027109925191620185,0.0
57.300000000000004,18.940094073495843,14.704649117316459,2.0164962039215504,18.97799723403114,14.77799723403114,2.021100138298443,0.1084818625772355,-0.10774624390521272,-0.0014127939150975538,0.37718811891411685,-0.21309341745010002,0.36371812130724734,-0.5405666246585704,-0.017709339175856733,0.0
57.35,19.01876377836648,14.785108011620357,2.0155709515278035,18.991567759964244,14.791567759964245,2.0204216120017877,0.1467849420648883,-0.14559830299696702,0.0033710879415019468,0.40837536589084056,-0.04367592127406589,0.34626404909743946,-0.6561018798247112,-0.00971520641484175,0.0
57.400000000000006,19.093768039428973,14.86191542559349,2.0148994243932212,18.99809855158479,14.798098551584788,2.0200950724207605,0.18093776763592834,-0.17968477042199132,0.008672226641814081,0.4426121337948253,0.12563996830319774,0.3518000918122836,-0.7914917150338023,-0.0037355120990111884,0.0
57.45,19.16425475388786,14.934258209070908,2.0142212680989506,18.999929593349226,14.799929593349225,2.020003520332539,0.20869763999279942,-0.20816391855840577,0.013609350507901068,0.46570235342042415,0.288338732039698,0.39053780709165503,-0.9488659491964866,-0.0004299696173362762,0.0
57.5,19.229509252518316,15.001478404681304,2.0133289370630356,19.0000923149887,14.80005538899322,2.0200115393735874,0.22790279083719345,-0.22891248199163516,0.01720310154115807,0.4709912286325585,0.439977546142964,0.4594588313106659,-1.127843444802099,0.0013385284565921344,0.0
57.550000000000004,19.289001495044253,15.063113567114085,2.0121152370693296,19.002253374150584,14.80135202449035,2.020281671768823,0.2366119047665723,-0.23946740438402572,0.01856694960610391,0.47534468315769274,0.5381774319065316,0.5607718603476634,-1.3169911264458194,0.010884515371804801,0.0
57.6,19.34243294573256,15.118925991651711,2.010651968574255,19.009808097413284,14.80588485844797,2.0212260121766605,0.233816974710681,-0.23743721711566798,0.017260234642765267,0.43494425510586,0.41937137790530765,0.7525008926866457,-1.3716584001832681,0.027996292507315126,0.0
57.650000000000006,19.38978944177842,15.168913681508627,2.0092375488113414,19.025419161654398,14.815251496992639,2.0231773952067997,0.2209293525405079,-0.221714076252036,0.013774851315132664,0.49228563953512916,0.193675407887265,0.8789963341593526,-1.3802528199560449,0.05087823514427328,0.0
57.7,19.431386857028077,15.213294108095978,2.0083749017399057,19.05105807946448,14.830634847678688,2.02638225993306,0.20003883561443409,-0.1930592344376661,0.009069001707709258,0.6004659948576134,-0.10656053463110426,0.9580231186002099,-1.3323231504513715,0.0778701465663147,0.0
57.75,19.4678874356112,15.252484632285363,2.008684644594339,19.08805937034804,14.852835622208826,2.031007421293505,0.1735251319301576,-0.15370198082566086,0.004260764844874527,0.7318867547679513,-0.40406770115590784,0.984905074590099,-1.2577501888695086,0.10744725805958062,0.0
57.800000000000004,19.50027168151287,15.287077514868637,2.0107886716292525,19.13717473192456,14.882304839154736,2.03714684149057,0.14332986842599113,-0.10671685122279267,0.000264232190353557,0.8491643979968355,-0.6548302750176549,0.9705543888389343,-1.1623685371349706,0.13822022891271005,0.0
57.85,19.52976903293869,15.3178096463553,2.0151941827060065,19.19862721112944,14.919176326677666,2.04482840139118,0.1108932097895095,-0.05539493973388054,-0.002318112218410321,0.9226713686813446,-0.8437944956670997,0.9306222245689317,-1.0397326705528878,0.1689351464168248,0.0
57.900000000000006,19.557761451661897,15.345524779092711,2.0222089575600473,19.272165375415074,14.963299225249045,2.0540206719268843,0.07740762179937781,-0.002753177932425158,-0.003183822983592256,0.9421820983388522,-0.9718408873007642,0.8760322008270278,-0.8859125660656966,0.19847352586556044,0.0
57.95,19.585679745510426,15.371126755610378,2.0319053300452556,19.357117483951757,15.014270490371054,2.0646396854939697,0.044047501691609585,0.04868739119554406,-0.0023113623115091006,0.9164582033921874,-1.0456786854152649,0.8108390371768828,-0.7069492745859276,0.22585231055503166,0.0
58.0,19.614910811799806,15.39552681979078,2.0441331165072505,19.45244565882877,15.071467395297262,2.076555707353596,0.01202977089379399,0.0969220309185527,5.9008728263230314e-05,0.8647365941872327,-1.0733740690130682,0.7353080737416302,-0.5178093662609549,0.25022387178386235,0.0
58.050000000000004,19.646727048121413,15.419592229237885,2.0585685961915305,19.556800056255348,15.134080033753209,2.0896000070319185,-0.01748494410226345,0.1403924121637928,0.003479363198711997,0.8061551678363352,-1.0641901990760607,0.650622866473799,-0.3359155789617987,0.27087600885317087,0.0
58.1,19.68224059019083,15.44410399429781,2.074781102297408,19.668573037761618,15.201143822656972,2.1035716297202023,-0.04353382666439042,0.17789420652263765,0.007392060102678545,0.7520882393305843,-1.0290332902373653,0.5620007672335517,-0.17466235943930175,0.28723194906656324,0.0
58.150000000000006,19.722378331030413,15.46972854999456,2.0923000823979483,19.785953341399726,15.271572004839836,2.118244167674966,-0.06541625154963303,0.20849979700888743,0.011235133338372174,0.704601586435966,-0.9786035519034084,0.47761362140948305,-0.041127014718516985,0.2988503477301522,0.0
58.2,19.767870525610384,15.497003749305174,2.110670647875405,19.906980252944685,15.344188151766812,2.1333725316180856,-0.08266587436066195,0.23152820714985178,0.014517187495990656,0.6824665073075988,-0.9423798694621573,0.3817490136314169,0.08464730079545202,0.305425288152539,0.0
58.25,19.819243996236484,15.526336804429635,2.129500283434808,20.029597777095496,15.4177586662573,2.148699722136937,-0.09498785918308619,0.2444589491535778,0.016851879660979088,0.8627620113035303,-1.1033190648763582,0.09292946413474712,0.3848822254934514,0.3067862816448263,0.0
58.300000000000004,19.876763781477667,15.558008486726786,2.1484885727491743,20.151708808676116,15.49102528520567,2.1639636010845145,-0.10228423900271459,0.24369053403050045,0.01798691740792809,0.5715076636191447,-0.7936041586333793,0.2747929322983731,0.19877024930334664,0.3028982675206097,0.0
58.35,19.94037111640282,15.592176392581454,2.1673990742672955,20.271229303836368,15.562737582301821,2.178903662979546,-0.1047449579500076,0.23464038668747542,0.017922956077242327,0.23840930084313766,-0.4530034739617519,0.48772686484431005,-0.023676474580706763,0.2938616130959841,0.0
58.400000000000006,20.009808084051652,15.628884028219622,2.1860580706852866,20.386142451253097,15.631685470751858,2.193267806406637,-0.10263102144947801,0.22423745456865926,0.016818935897784302,0.02064065921676761,-0.240398245804202,0.5651500929454412,-0.11195134243294469,0.27991211368953633,0.0
58.45,20.08477694378519,15.668063995977011,2.204302063324355,20.494552843331004,15.696731705998602,2.2068191054163755,-0.09611712104655246,0.21495617450862597,0.01483243556414845,0.33119175351468544,-0.5631386278465718,0.08941953533953131,0.34791033715792075,0.2614209926223554,0.0
58.5,20.164977228402478,15.709540607999788,2.2219539384356857,20.594740647403782,15.756844388442268,2.2193425809254728,-0.08518251418800107,0.19894815122277149,0.012098112571485358,0.40191078050241336,-0.6375607287436148,-0.1708231297720241,0.5735291755983608,0.23889490121802204,0.0
58.550000000000004,20.249960672938357,15.753035756882094,2.238841832663995,20.685215776935046,15.811129466161027,2.2306519721168807,-0.07009202983414874,0.1718166834789503,0.008932559076175472,0.2606542178140945,-0.48757729933761706,-0.23933005026009924,0.5894067952580775,0.2129759188026106,0.0
58.6,20.3390288472932,15.79817793525142,2.2547898530284187,20.764772062719306,15.858863237631583,2.2405965078399133,-0.05143507553381291,0.13471954433595285,0.005814556418248567,0.05415114082024025,-0.2649713501844584,-0.2546777316718114,0.54608616812495,0.1844415527047026,0.0
58.650000000000006,20.431259364605676,15.844517110062037,2.2696086463481127,20.83254142408305,15.89952485444983,2.2490676780103813,-0.029793063403300506,0.09047350503532117,0.003221896017788658,-0.1364214476600895,-0.04497287652823545,-0.2865764427634,0.51387173449415,0.1542047382553606,0.0
58.7,20.525581236767128,15.891541416994516,2.2830815316995885,20.88804804008565,15.932828824051391,2.2560060050107063,-0.005746778242854583,0.04168800519014319,0.0015567188074845115,-0.2913300493248886,0.1654661966080216,-0.3395352921237191,0.4898304597716881,0.12331383878816074,0.0
58.75,20.620849701851313,15.938695258304417,2.2949580438453916,20.931262520720434,15.95875751243226,2.2614078150900543,0.01991465666608564,-0.009427651872915204,0.0011036715975460394,-0.4174572317706168,0.37458520922272653,-0.387950902633337,0.45076146095543246,0.09295264563916072,0.0
58.800000000000004,20.71590359189828,15.985399116830562,2.304964854470908,20.962656078115646,15.977593646869387,2.265332009764456,0.04621923196508557,-0.06075195328930028,0.0019677006917509145,-0.5145802618372229,0.574088014208854,-0.41184072095814717,0.3859510934317203,0.06444037814691767,0.0
58.85,20.809604529293274,16.031070287692295,2.3128330208539367,20.983254697735443,15.989952818641267,2.2679068372169304,0.07215377727250102,-0.11017828351734121,0.004053457935577994,-0.5649287406329035,0.7442818733711611,-0.40976472676171755,0.2942192198828039,0.039231683652494014,0.0
58.900000000000006,20.900863245622606,16.075143363149547,2.318335960545356,20.99469330958092,15.996815985748553,2.269336663697615,0.09655843429763246,-0.15583193640085938,0.007064763693900955,-0.5546821211259838,0.8724096375465388,-0.3796504526525565,0.16806455987500368,0.018916637499434806,0.0
58.95,20.988659625485774,16.117090039977867,2.321333047009076,20.999269959391082,15.999561975634649,2.2699087449238853,0.11794606160350853,-0.19613130626384825,0.010473443878997275,-0.49825070549966516,0.9614558958209712,-0.29682997551695445,-0.013313098622242947,0.005220743033794457,0.0
59.0,21.072063264849266,16.15643907651397,2.3218155393006503,20.99999997984385,15.99999998790631,2.269999997480481,0.13463533158434113,-0.22924664146001494,0.01354610334275215,-0.4202164448176509,1.017610633701342,-0.13360409278936164,-0.2696700234081721,4.9316041149617075e-06,0.0
59.050000000000004,21.150262703496786,16.19279678317976,2.3199620803980294,21.00106292732588,16.000531463662938,2.2699601402252796,0.14497454259640474,-0.2506778678048111,0.01546791003973156,-0.5894474549012909,1.3184491422653082,0.35539864317965825,-0.8664623114418974,-0.002414638349215743,0.0
59.1,21.222667461482057,16.22587755823953,2.316161047647614,21.008335941816725,16.004167970908362,2.269687402181873,0.14707417227484879,-0.25354533150620867,0.015427309469241783,-0.09949789844024665,0.9388451216166191,0.1869070769858499,-0.8128200571090347,-0.009098836880560741,0.0
59.150000000000006,21.289068567247185,16.255567745720093,2.3108837577278307,21.026666924670053,16.013333462335027,2.268999990324873,0.13951919347104902,-0.2433991327014994,0.013059734021255372,0.062323645967001295,0.7822535026442683,0.293948638323769,-0.9618438692406952,-0.01880308041821926,0.0
59.2,21.349582866636826,16.281969923117156,2.3046833335572643,21.05931570909732,16.02965785454866,2.2677756609088506,0.12206925864653004,-0.22074852709679507,0.008658328017167052,-0.10820206123891851,0.8189574806334692,0.6476884491561226,-1.2453585627664754,-0.03039739009319326,0.0
59.25,21.404680998036728,16.305432122053304,2.298121782543636,21.108116935123753,16.054058467561877,2.265945614932859,0.09633430076245744,-0.1803787889565033,0.0033167181115153765,-0.07380608496290808,0.5646480637367313,0.698766864785703,-1.1503583406457922,-0.042873954995130505,0.0
59.300000000000004,21.455313779528996,16.326535571762452,2.2916513162587964,21.173642940199876,16.086821470099938,2.2634883897425047,0.06488296025049864,-0.12394470548968113,-0.0014829832368271941,0.06230422024633919,0.17884578405094864,0.5589610546852808,-0.8243508299856595,-0.0553471321723211,0.0
59.35,21.502866206365805,16.34603231338039,2.2855571746407475,21.255366649813006,16.127683324906503,2.2604237506320124,0.0305789918123248,-0.0577089648545065,-0.004480819508685047,0.19341541498461087,-0.1974848063537779,0.35732210476715437,-0.41452721096272344,-0.06705344663169148,0.0
59.400000000000006,21.548982858912158,16.364763117621024,2.2799201701015575,21.351824468098823,16.17591223404941,2.2568065824462944,-0.0038053137578758145,0.011041400270728297,-0.0050966379639753,0.27331533112353534,-0.48723598583698646,0.1708369240722788,-0.02232288347747341,-0.07735159133881667,0.0
59.45,21.595364273631073,16.383575836545738,2.274615515245109,21.46077916845282,16.23038958422641,2.252720781183019,-0.03593496264283941,0.07616122507764517,-0.0035338675909335096,0.3124115375624255,-0.6792195105328436,0.02319073826264456,0.3027804642053545,-0.08572242721790725,0.0
59.5,21.643598486286912,16.40325549981482,2.26936781319005,21.57938278414191,16.289691392070957,2.2482731455946783,-0.0640161378951079,0.13312347894096022,-0.0005409132998780493,0.3365360315056335,-0.7978947868665496,-0.07988982029652389,0.5425320120516623,-0.09176898315182025,0.0
59.550000000000004,21.695052725717517,16.424473428924234,2.263847546269201,21.704339498915914,16.352169749457957,2.243587268790653,-0.0866523707678058,0.1788331535639002,0.002907178603813187,0.36240941258694637,-0.8727291323416504,-0.13213849822231494,0.690034390192953,-0.0952164559820531,0.0
59.6,21.750818501929263,16.447757262360106,2.257774267822438,21.83206853761902,16.41603426880951,2.2387974298392868,-0.10268221941302602,0.2114401807903378,0.005836747116635173,0.4041622282641229,-0.9259362726705722,-0.13779628037662445,0.7448455656236659,-0.09591221050874359,0.0
59.650000000000006,21.811687924811086,16.47347803045257,2.250997629781128,21.958867056801434,16.479433528400715,2.234042485369946,-0.11138575531360918,0.23004184372898293,0.007491419783858632,0.47440260678707813,-0.9770496441932484,-0.11350784770393041,0.7208924662039151,-0.09382577949067265,0.0
59.7,21.878139912025695,16.50184786989384,2.2435422428023633,22.08107303533076,16.54053651766538,2.2294597611750966,-0.11269692019531918,0.2341224272136609,0.007520542971790964,0.5646097631826028,-1.0352427970245377,-0.0660313663502235,0.6386229024714329,-0.08904886364526331,0.0
59.75,21.950324237514813,16.532922029362986,2.235613308808327,22.195228165003652,16.597614082501824,2.225178943812363,-0.10699576088146881,0.22337947746126552,0.0059906053536741555,0.6445772085566653,-1.0865005911440637,0.012192097217591291,0.5082633825157292,-0.08179533164857955,0.0
59.800000000000004,22.028042853547806,16.566600405172565,2.227565684275437,22.29824074115726,16.64912037057863,2.221315972206603,-0.094855643563253,0.19815837108439813,0.003295436913479746,0.6885364162997772,-1.1062352270257905,0.12151856356975677,0.3363886651110298,-0.07240122013532573,0.0
59.85,22.11073725479124,16.602627440044117,2.219842723298706,22.38754855328074,16.693774276640372,2.2179669292519724,-0.07699805215828627,0.15974966409766275,6.922278181554494e-05,0.6896895735144604,-1.0787966380164549,0.24588236096207727,0.13906897342455093,-0.06132473369885252,0.0
59.900000000000006,22.19749457069759,16.640593448483028,2.212895073403497,22.46128177562686,16.73064088781343,2.2152019334139927,-0.05427303157849069,0.11026449242649179,-0.002927823078869435,0.6546159665443703,-0.998621501834366,0.36310407918927545,-0.06314959971681422,-0.04914624489114611,0.0
59.95,22.287083307799747,16.679943364313292,2.207094081300512,22.51842585782341,16.759212928911705,2.2130590303316224,-0.027620820953957962,0.052411299829489125,-0.004947267271175317,0.5951441990813744,-0.8612145702431986,0.4560574926582879,-0.2593192982613626,-0.03656829422284144,0.0
60.0,22.3780233934086,16.719999419068607,2.2026582549766474,22.558984415484822,16.77949220774241,2.211538084419319,0.0018452336014645936,-0.010608623870584501,-0.005380054186725401,0.5238591923316397,-0.6605884363333461,0.5178971868753071,-0.4532093201962739,-0.02441559016320969,0.0
60.050000000000004,22.46868630918013,16.760001589191642,2.1996111165661074,22.584142120823653,16.79207106041183,2.210594670469113,0.03261110174375594,-0.07512833150734904,-0.003901399541200085,0.4490852774607372,-0.3958074073854291,0.5546761430621434,-0.6562908766004745,-0.013635009140164304,0.0
60.1,22.557413338062823,16.799164507943832,2.1977826286999127,22.59642759326209,16.798213796631046,2.2101339652526715,0.062554170329715,-0.13706218877525914,-0.000656403980884734,0.36799484546080286,-0.07684057069772443,0.5864886982140103,-0.8786974688638653,-0.005295595540264641,0.0
60.150000000000006,22.642637834625003,16.836744632568763,2.196855326250109,22.599876290043497,16.79993814502175,2.210004639123369,0.08896679508526129,-0.19194184266870862,0.003603358688772372,0.26566942576760466,0.2782801507857934,0.6408962182931048,-1.1264554149883714,-0.0005885617087072518,0.0
60.2,22.72300267371439,16.872109456296783,2.1964445464422626,22.600078979790656,16.800063183832524,2.209995656111514,0.1088429771111,-0.23480258946302204,0.007589490951162035,0.13518555404299204,0.6393194275523197,0.7269674194416682,-1.390147172723636,-0.0004860915031178512,0.0
60.25,22.797473213773173,16.90480120915777,2.196201370917317,22.601802316293373,16.801441853034696,2.2099008726038645,0.1193042172092969,-0.25926666362877065,0.009816922278408953,-0.12397671092389762,1.0088156391704928,0.941065455940548,-1.688599107265989,-0.003790586573355231,0.0
60.300000000000004,22.86547715572909,16.934589682512186,2.1958925355182988,22.60776444701254,16.80621155761003,2.2095729554143104,0.11874699006478752,-0.2604780430949155,0.009324914100634987,0.21187029352110398,0.6010661315134912,0.5530734212715545,-1.2411706518483283,-0.009714878065560425,0.0
60.35,22.92699267640213,16.96150332100152,2.1953704467892967,22.620089448702824,16.816071558962257,2.2088950803213447,0.10810132201761741,-0.24750385690911814,0.006380979683045555,0.36552823355820574,0.2678254182475872,0.33860368995511203,-0.8915806961430238,-0.017698712145481594,0.0
60.400000000000006,22.98234540405819,16.98579885545254,2.194637822677141,22.64040944958618,16.832327559668943,2.20777748027276,0.08958999404288678,-0.22674081340190316,0.001900776312152511,0.17974433665563616,0.25116315541860657,0.44796861729485604,-0.8615526049040243,-0.02722005587541052,0.0
60.45,23.032068873176012,17.00791770350497,2.1937794775469954,22.669899375621434,16.855919500497148,2.2061555343408212,0.06567999527994257,-0.19710834323192888,-0.0030901148674504445,0.10859722277489092,0.14917852974635837,0.42091692084955645,-0.7294382321659965,-0.03779509721417386,0.0
60.5,23.07691533839507,17.028436718404418,2.1928766293912716,22.709311696773863,16.88744935741909,2.2039878566774376,0.038341652901196725,-0.15972199667236503,-0.007728392635429866,0.09647458210226195,0.025796348865444796,0.31284279791553693,-0.548028186983558,-0.048978245017142076,0.0
60.550000000000004,23.1178264277058,17.04802051582827,2.1919655366783073,22.759011173284794,16.927208938627835,2.2012543854693365,0.008999866917462459,-0.11716696316997025,-0.011412132832360542,0.09227858532719889,-0.0801429180236386,0.18063844086744563,-0.35446362826773037,-0.060362129036225745,0.0
60.6,23.1558640999146,17.067383714029653,2.191009331430481,22.819009601941147,16.975207681552916,2.197954471893237,-0.021255506333988317,-0.07222075947821703,-0.013799843047818904,0.07448549617829238,-0.15531820264099933,0.05716087391771884,-0.16905751919552,-0.07157759991987026,0.0
60.650000000000006,23.192136930590518,17.087260857492353,2.1898898130926012,22.889000562345068,17.031200449876053,2.1941049690710215,-0.05153503377765804,-0.027229392822427333,-0.014780407810216337,0.042327416994366374,-0.20133044445388668,-0.041799953602521506,-0.003858834842629444,-0.08229372921306718,0.0
60.7,23.227740419512298,17.1083806774391,2.188421505992482,22.96839416318345,17.09471533054676,2.1897383210249104,-0.08107088308459909,0.016047267180706478,-0.014422134840118407,0.0012665439699751924,-0.22799747696480716,-0.1057525098529579,0.13392243763557915,-0.09221780935734172,0.0
60.75,23.26371644400231,17.131443356501524,2.186381828495154,23.056351788497576,17.16508143079806,2.1849006516326335,-0.1090941423507329,0.05640959906492857,-0.012923469466402389,-0.040026457060471754,-0.249972999791172,-0.12933235010173727,0.2421103000571997,-0.10109535369076336,0.0
60.800000000000004,23.301029230175526,17.157101048708398,2.183547948592671,23.15182084395268,17.241456675162144,2.1796498535826028,-0.13471513631196336,0.09309229428929794,-0.010592815993033524,-0.06578095201624555,-0.28181134342837766,-0.11864471042566214,0.321375300032093,-0.10871009644794087,0.0
60.85,23.340552241957806,17.185942125135877,2.179732274417243,23.253569503107478,17.32285560248598,2.174053677329089,-0.15697881016045295,0.12553840569945562,-0.007833371465307073,-0.05698841754289047,-0.332805690424434,-0.0889550222771317,0.37172653850420573,-0.11488399276001963,0.0
60.900000000000006,23.383060304183694,17.21847908395565,2.1748114572532944,23.36022145368384,17.408177162947073,2.1681878200473887,-0.17508072802514382,0.15315364915763938,-0.005086780188051851,-0.005367956923997025,-0.40434153511757465,-0.05094438164447032,0.3908387190266508,-0.11947721865468854,0.0
60.95,23.429222498698802,17.25513940431464,2.168746397079098,23.470290643836286,17.49623251506903,2.1621340145890042,-0.1885075145013558,0.17523864977600281,-0.0027526994855435606,0.07898126372426556,-0.49131644056190954,-0.0022179803562175082,0.3758623853785003,-0.12238817105617338,0.0
61.0,23.47959301067686,17.296258095921658,2.161592465312247,23.58221602842163,17.585772822737304,2.1559781184368103,-0.19696479613574858,0.1911415399225198,-0.0011428046912123162,0.177051743048994,-0.5857868434448825,0.06437045726937321,0.3265890305432829,-0.1235534677852416,0.0
61.050000000000004,23.534598793820464,17.342070550296764,2.153500085021352,23.69439631526855,17.675517052214836,2.14980820266023,-0.20025173102338184,0.20043783122582987,-0.00047145248600246237,0.2753510392009595,-0.6805516356863626,0.14750215754425614,0.24783217498037433,-0.12294794755919967,0.0
61.1,23.594524595663895,17.39270475224795,2.1447062234995142,23.805224711447103,17.764179769157682,2.1437126408704095,-0.19826190017707865,0.20295999351662855,-0.0008398846945232676,0.36886180464477136,-0.7714048696057207,0.2359663887544925,0.15031418267434005,-0.12058466999189403,0.0
61.150000000000006,23.659497084399028,17.448172724685588,2.135517579112736,23.913123669538432,17.850498935630743,2.1377781981753863,-0.1910292025986238,0.19868565420078013,-0.002217897950922197,0.45376666618388084,-0.8544457909893182,0.31768456319109273,0.046542464779006254,-0.11651491559371008,0.0
61.2,23.72947065426758,17.508361908174752,2.126286522236691,24.016579633904204,17.933263707123363,2.132088120135269,-0.17871465326253505,0.1876628451070738,-0.00444838821999664,0.5221904397768673,-0.9215627979570348,0.38659608746756413,-0.055368404791815706,-0.11082818577157487,0.0
61.25,23.804218092258058,17.573027915642353,2.1173813859900203,24.114177786956322,18.011342229565056,2.1267202217174024,-0.16157800635557845,0.1700715993204682,-0.007268132432045442,0.5644904883668996,-0.961436924808473,0.4418044036297476,-0.15244224350001045,-0.10365220282895346,0.0
61.300000000000004,23.883329077527033,17.641790728048214,2.109153518801565,24.204636795426435,18.083709436341145,2.1217449762515463,-0.13997106178750604,0.1463344798986444,-0.01033446945627508,0.575049121472134,-0.9650491244461923,0.4829789202664203,-0.24292799072657312,-0.09515290996584985,0.0
61.35,23.966218543976133,17.714136568832988,2.1019044293095455,24.286843556635503,18.1494748453084,2.1172236043850474,-0.11434129514667656,0.11715933133670356,-0.013258053425747254,0.5557505295949776,-0.9296949216470276,0.5076520363907759,-0.3235315750289629,-0.08553447127881203,0.0
61.400000000000006,24.052145448719944,17.789427193106125,2.0958570045009024,24.359887944763447,18.207910355810757,2.1132061630380106,-0.08523554080608445,0.08349416763922173,-0.01564164108398953,0.5155604501762981,-0.8592041283006787,0.5118050062536289,-0.38990762346309227,-0.07503927176092164,0.0
61.45,24.140240707545637,17.866917282698957,2.0911347866340075,24.423097557118663,18.25847804569493,2.109729634358474,-0.05330186021048617,0.04643231693183508,-0.01712229470293987,0.4674140168543509,-0.761319546440653,0.49242113537268634,-0.4393023888404873,-0.06394791730180645,0.0
61.5,24.229541490895453,17.945779208212738,2.087752425830827,24.476072460407654,18.30085796832612,2.1068160146775794,-0.019296078624270036,0.007108949650969429,-0.017413295920694665,0.42370204155027785,-0.6439744025349309,0.45071700893057576,-0.4735537965266571,-0.05257923468762992,0.0
61.550000000000004,24.319028248394275,18.025133099295424,2.085618751923005,24.518719937004583,18.334975949603663,2.104470403464748,0.01589772750875715,-0.033370848119603405,-0.016344043767604458,0.39166289989045733,-0.5126878930012508,0.3948636338803097,-0.5003350536212223,-0.041290271601093845,0.0
61.6,24.407660991125912,18.1040794252638,2.0845518535652303,24.551289231220856,18.36103138497668,2.102679092282853,0.05124042198357062,-0.07393153493464098,-0.013898138089896166,0.3709483555170877,-0.37116052527452076,0.34014641291028763,-0.5308141447683974,-0.030476296621445735,0.0
61.650000000000006,24.49441250220278,18.18173134872004,2.0843037131624054,24.574406295574722,18.379525036459775,2.1014076537433906,0.08554350935590979,-0.1134524173356534,-0.01024338870147139,0.3554864911269642,-0.2241855808578459,0.3047754648917307,-0.5748753607112294,-0.02057079922446706,0.0
61.7,24.57829786034097,18.257244895631043,2.084590818854582,24.58910853706083,18.39128682964866,2.1005990304616544,0.11754305532878985,-0.15066960103497004,-0.005734823025340013,0.33955142519671677,-0.07908155035183201,0.30188425403357155,-0.6378154134409917,-0.012045489782482766,0.0
61.75,24.658401479861173,18.329846149240485,2.085126931766912,24.596879563419837,18.397503650735867,2.1001716240119093,0.14600067667270952,-0.18412969245641772,-0.000877762289660745,0.3235403750873827,0.05685981017797964,0.3325544029429801,-0.7210874974564503,-0.005410299564355554,0.0
61.800000000000004,24.73390424173731,18.39885588374492,2.085654611218522,24.599683929407956,18.399747143526362,2.1000173838825624,0.16972297486633833,-0.21221179622476652,0.0037283304815952556,0.313886269081784,0.17941836280250784,0.38536530922050033,-0.8238809825526108,-0.0012133807354875628,0.0
61.85,24.804113996646947,18.463712978806143,2.085972858224826,24.600003210573266,18.400002140382178,2.099998662261139,0.187461135084125,-0.23316358986189933,0.007432042818619952,0.1826554142962672,0.42008830945357223,0.5761175728192687,-1.0745060252916128,-0.0005280294396528668,0.0
61.900000000000006,24.868510462455482,18.523998032071475,2.085961711960518,24.60132034189693,18.400880227931285,2.0994498575429468,0.19779499279347043,-0.2425308031912314,0.00956079051228526,0.19506741829059437,0.5284896418777988,0.5538056073949851,-1.1460792414745464,-0.027936165478483935,0.0
61.95,24.926875628940326,18.579486634295417,2.0854712654271204,24.608051536561447,18.40536769104096,2.0966451930993975,0.19917861109424478,-0.23941386418707808,0.009552919223356474,0.40862140627275484,0.40758075885579964,0.12358124417848032,-0.8117732292208142,-0.08896939389498551,0.0
62.0,24.979363276147286,18.630220540047915,2.0841363550521206,24.623606678137364,18.415737785424906,2.090163884109433,0.1905370117505108,-0.22828043179862273,0.00726175478163903,-0.07007770650737338,0.8594089255513453,0.15170131460195607,-0.8477434440765748,-0.17337860049647727,0.0
62.050000000000004,25.026420009413485,18.676523520636703,2.081361707222358,24.650226840471415,18.433484560314273,2.0790721498035776,0.17229894754194058,-0.2054556602918757,0.003169014162676403,-0.5117334528402981,1.144258946221443,-0.04320110694384133,-0.5543345591805382,-0.2719327374123072,0.0
62.1,25.068793204783386,18.718960555988126,2.0763524128725828,24.689106455645177,18.45940430376345,2.0628723101478426,0.14642858374788945,-0.16929625004642865,-0.0016543169027455082,-0.8543823774038365,1.2537015960038238,-0.43466893872378054,0.004215735286078326,-0.37641882309379426,0.0
62.150000000000006,25.107486605358595,18.758246818495135,2.0682047836871273,24.740515481933727,18.493676987955816,2.0414518825276144,0.11586407025368553,-0.12296869587037951,-0.005951459392171368,-1.1201894710377478,1.2851430339789784,-0.899380008244262,0.646608830851571,-0.47964194231432844,0.0
62.2,25.143629399813435,18.795147842240095,2.0560179881858454,24.80392157176423,18.535947714509486,2.015032678431571,0.08327760812865169,-0.0715179151096507,-0.008847035910443442,-1.3369710180607186,1.3074694638405577,-1.3157538141059493,1.2210951838908444,-0.5754252461692572,0.0
62.25,25.17834918187057,18.83040525763068,2.038996331646702,24.87811223967465,18.5854081597831,1.984119900135563,0.05033760059750621,-0.019306278876083043,-0.010004653380195658,-1.51185666454331,1.2952383701442387,-1.6002733843548942,1.679883680201372,-0.6586099520759873,0.0
62.300000000000004,25.212693218592584,18.864696400383746,2.0165387613526344,24.961317030272358,18.64087802018157,1.9494512373865183,0.01905206227065597,0.030467354639413528,-0.009471866494899327,-1.5948344166857087,1.203551847317421,-1.747436255395599,2.0111627706367816,-0.7250553437739331,0.0
62.35,25.24759881901625,18.898618825923705,1.9883151019037109,25.051329686192737,18.700886457461824,1.9119459640863596,-0.008376364928742585,0.07489505412395779,-0.007719205511480452,-1.5334624831164954,1.0361288625860827,-1.7785102913449236,2.1732318566068303,-0.7716387713244969,0.0
62.400000000000006,25.283894362918055,18.93268868358135,1.9543247603843639,25.145630316057918,18.76375354403861,1.8726540349758674,-0.031061446571459442,0.11127829265457613,-0.005389937707253095,-1.3575707855367962,0.7957093011553988,-1.6561717258825484,2.1468914316992644,-0.7962556511111272,0.0
62.45,25.32230903721461,18.967344177749272,1.9149353862310106,25.24150756243531,18.827671708290204,1.8327051823186218,-0.04807944984037087,0.13817435859083038,-0.0031291680259676997,-1.0826817629887038,0.4721345338419729,-1.3794429466388438,1.948459300771634,-0.7978194658392662,0.0
62.5,25.36347446194143,19.002943448302446,1.870900812706013,25.33618076979633,18.89078717986422,1.7932580125848634,-0.05819579599126206,0.15494198662798966,-0.0015692744028848224,-0.6843695911693174,0.06684358921158684,-1.0084402696808075,1.6037286602131167,-0.7762617645363858,0.0
62.550000000000004,25.407906266101406,19.03975158613031,1.8233562823068559,25.42692215247502,18.951281434983343,1.7554491031354091,-0.06101077864210984,0.16053928461201453,-0.0010774745453707231,-0.19848991107701486,-0.39159432551373097,-0.5600879050114076,1.1323160174974494,-0.7325321625519579,0.0
62.6,25.45595902486571,19.077916674936592,1.7737846814156675,25.511178962626637,19.00745264175109,1.7203420989055682,-0.0566237848599044,0.15429614821231977,-0.0017074306255898727,0.3152404327676356,-0.8623471090253467,-0.04084631395658367,0.559497035405413,-0.6685983415574883,0.0
62.650000000000006,25.507759152710975,19.117436533915352,1.7239475896180754,25.586695658186393,19.057797105457595,1.6888768090890036,-0.04538315496106789,0.13654246198865527,-0.003236841167005185,0.8218308585116536,-1.311913374723074,0.5090581711583841,-0.06953393187047519,-0.5874460495464692,0.0
62.7,25.563129381999463,19.158123066975076,1.675772044795889,25.65163607082799,19.101090713885327,1.6618183038216712,-0.028053613299580046,0.10828441185620331,-0.005191390495311419,1.2908385474253172,-1.707639246409382,1.0425280506934669,-0.703130699417321,-0.4930791008344478,0.0
62.75,25.62152777563211,19.199576236342892,1.6311935161417679,25.70470557392235,19.1364703826149,1.6397060108656871,-0.00574676115850109,0.07113610286270615,-0.006962789344384531,1.689636117748016,-2.0121199074228304,1.5196979670513489,-1.2978055505703667,-0.3905193760589531,0.0
62.800000000000004,25.682029160168717,19.241181440255712,1.5919683947656051,25.74527325049622,19.16351550033081,1.6228028122932425,0.020143091841946185,0.027440193415940187,-0.007963913384678365,1.992040051099284,-2.1920181301976207,1.9062839369012456,-1.8185804007909372,-0.28580682217952214,0.0
62.85,25.743371494164183,19.28214299785958,1.5594847616808336,25.77349406119078,19.18232937412719,1.6110441411705074,0.047905060321640526,-0.019785181075040435,-0.007785411540777111,2.1808179243454777,-2.2267908462950854,2.1755988484580766,-2.236929473310966,-0.18599945247775335,0.0
62.900000000000006,25.80407287424442,19.321559189530287,1.5346086800315915,25.790431012220367,19.193620674813577,1.6039870782415147,0.07548218664617322,-0.06707233269541274,-0.006338619692280295,2.2437178421713138,-2.109679679023161,2.31241996805685,-2.5316003976617,-0.09917334655720306,0.0
62.95,25.862603487422206,19.358531941680308,1.5175965419708322,25.79817732333102,19.198784882220682,1.6007594486120742,0.10051622714727224,-0.11074232041756002,-0.00394105145719661,2.1696630691005323,-1.8432631076946566,2.3115003850280025,-2.688813884507947,-0.03442265034349479,0.0
63.0,25.91758181359443,19.392292142448703,1.5080823103401975,25.799978595759217,19.199985730506143,1.6000089184336597,0.12048043624732013,-0.14708776773995202,-0.0012932533233989956,1.946242845717709,-1.430918227521849,2.1712290071034768,-2.7014146065707716,-0.0018595760842258916,0.0
63.050000000000004,25.967961555557213,19.4223161276371,1.5051229307500213,25.800265515382243,19.200044252563707,1.5999977873718148,0.13286614646886338,-0.17247578471142022,0.0006767333602241808,1.5630162998800357,-0.8992976607352681,1.9052790493581941,-2.5589673160358073,-0.00018380287482821356,0.0
63.1,26.013170422530077,19.44840228665991,1.5073306096395642,25.80349852381836,19.20058308730306,1.5999708456348471,0.13593329203680984,-0.18367237741792938,0.0011816163090212569,1.065885944929141,-0.45980633371184343,1.6154304339911492,-2.207912461107337,-0.000991875282384685,0.0
63.150000000000006,26.053142990160673,19.470657735811976,1.513195718664902,25.813214858879245,19.202202476479872,1.5998898761760063,0.13061735066150595,-0.1790704821341976,0.00020253877780948145,0.5807547801558013,-0.1993766635275327,1.3252401092751265,-1.7090876752246171,-0.002323668490029485,0.0
63.2,26.088259430233652,19.48940037958775,1.5213683363707609,25.832183489067287,19.205363914844547,1.5997318042577726,0.1200139434269166,-0.15931261662227772,-0.00154799966716169,0.2067745476050311,-0.060577351101439136,1.019281435964963,-1.192486108430676,-0.004056234127857531,0.0
63.25,26.11924215156161,19.505039738145484,1.5307707378663293,25.862462759796006,19.210410459966,1.5994794770017,0.1072383519615128,-0.12671840924308025,-0.003272148750456638,-0.025279896802185564,0.019781175841842358,0.7011648812757852,-0.7451060055609969,-0.006075646202816659,0.0
63.300000000000004,26.1470513282722,19.51799101663671,1.540598067063641,25.905454527651163,19.217575754608525,1.5991212122695737,0.09422208637668635,-0.08442510135457945,-0.004499012022373899,-0.13552556140483163,0.07189154332176301,0.39411848336752087,-0.39497572326652075,-0.008277001098707246,0.0
63.35,26.172799985687064,19.528636225670738,1.5502693443117967,25.96195829465187,19.226993049108643,1.598650347544568,0.08165789276819277,-0.03569620371355926,-0.0050812265749920075,-0.165335340352153,0.1036239914957219,0.12733879985887267,-0.13658253815213559,-0.010564417576181089,0.0
63.400000000000006,26.197690629391673,19.537319289793455,1.559368706255908,26.032225342511726,19.238704223751952,1.5980647888124024,0.06947364447107625,0.016513587155267018,-0.005020049145295869,-0.15464778717744454,0.11477946238112088,-0.07582843132159414,0.046686337567793765,-0.01285103677274361,0.0
63.45,26.22296785421852,19.544356665265596,1.5675949679593049,26.116012866899894,19.25266881114998,1.597366559442501,0.05735637127761562,0.06976795212403648,-0.004332918887789848,-0.12824790572921407,0.10151099868745664,-0.20597410794813084,0.1740142231734967,-0.015059022202751326,0.0
63.5,26.24988070538764,19.550049745149586,1.5747255503801882,26.21263811170225,19.26877301861704,1.596561349069148,0.045133572888554824,0.1221604641907807,-0.003029563398536891,-0.08986331076457837,0.056658656417463926,-0.2717762675120763,0.26506181521071737,-0.017119559757414124,0.0
63.550000000000004,26.279650610260866,19.554692023167366,1.5805954458121898,26.32103250328251,19.286838750547084,1.5956580624726457,0.03294500472108439,0.17209966165173501,-0.0011637746079234581,-0.028555890531447525,-0.024120104028401812,-0.29417578904807756,0.33348288947252863,-0.01897285770479416,0.0
63.6,26.313442733452415,19.558569354237836,1.5850892671973933,26.439795784743254,19.306632630790542,1.594668368460473,0.021165940373758983,0.21802145687915933,0.001122674628916961,0.19996050610041505,-0.2703315151656613,-0.42644427112346484,0.5156518154312992,-0.0205681466898052,0.0
63.650000000000006,26.352335127190557,19.561954401526204,1.5881757082346424,26.56725015018718,19.327875025031197,1.5936062487484401,0.010241113940864797,0.2522692308383567,0.0035940339820378035,0.9665295188771665,-1.0413406797534959,-1.0521517200254342,1.1801347413597516,-0.02186367973421437,0.0
63.7,26.397147286152517,19.56509899170269,1.5899675542054224,26.701494378978072,19.350249063163012,1.5924875468418496,0.0005728902554200315,0.2612045147354609,0.0058879171763395605,0.726356776375656,-0.7897640478914558,-0.6472922457756147,0.7950622407604198,-0.02282673223664032,0.0
63.75,26.4481582766719,19.568228310224235,1.590605600823342,26.84045797000204,19.373409661667008,1.5913295169166497,-0.007631377175597147,0.25160988546673674,0.007727596694927823,0.29690081750922165,-0.3444524788681919,-0.04402002339588555,0.20063751888497228,-0.0234336019725547,0.0
63.800000000000004,26.505229665128034,19.57153586898646,1.5903498423973235,26.98195527592857,19.396992545988095,1.5901503727005954,-0.014374335860915759,0.23600270365268627,0.009052551608554768,0.05044244194940162,-0.08957356787388537,0.3661021220280204,-0.1999927533810445,-0.023669609094281275,0.0
63.85,26.568070787881094,19.575184633174356,1.5895353845272562,27.1237396374716,19.420623272911936,1.5889688363544034,-0.019694024820177812,0.2226612590454906,0.00991746854890007,0.015444388264952758,-0.05527741743717973,0.5362108576838872,-0.3574793500760398,-0.023529096130996175,0.0
63.900000000000006,26.636417632288396,19.579306925974354,1.588455376931205,27.26355751765077,19.443926252941797,1.5878036873529102,-0.02356628101889523,0.21440521628705705,0.010388723456698437,0.0953893022616849,-0.13961646846223763,0.5544629706582993,-0.364711924187777,-0.023015427988727872,0.0
63.95,26.71010384703028,19.584001432633936,1.5873142696200275,27.399202636052348,19.46653377267539,1.5866733113662306,-0.025930569468809773,0.2105989974053053,0.010508931345670346,0.19816140981834512,-0.24596603949822726,0.5142365997916014,-0.31916608568821403,-0.022140991950357448,0.0
64.0,26.78905465183219,19.589329534943097,1.5862361762588912,27.528570103090516,19.488095017181752,1.5855952491409124,-0.026726065769047496,0.20941834575741772,0.01029804765914781,0.27481642679203666,-0.32329206408114464,0.4707747597788783,-0.2779650650683878,-0.020927197675618125,0.0
64.05,26.873249905872154,19.595312684487066,1.5852871170225873,27.649710554268392,19.508285092378067,1.5845857453810968,-0.02594246240083487,0.2093017742241494,0.009771931293496154,0.3149749143004492,-0.3608952203410196,0.442142602335753,-0.2592686623793198,-0.01940447720109557,0.0
64.10000000000001,26.96269033497625,19.60193222989824,1.584495450791208,27.760884284439197,19.526814047406535,1.5836592976296735,-0.023646532730505626,0.20940550726018503,0.008956138183652342,0.3287736527355526,-0.369146756876362,0.4253118001480185,-0.2594404334262731,-0.017612284940227253,0.0
64.15,27.05737900097241,19.60913173735451,1.5838673570045538,27.86061538206724,19.543435897011207,1.5828282051494398,-0.019979602236713703,0.20945217974794023,0.007889582914334413,0.3304495391855023,-0.36255344544455803,0.4117565186800666,-0.26913564784789834,-0.01559909768330465,0.0
64.2,27.157314173722888,19.616821312051048,1.5834042090873919,27.947745863489228,19.55795764391487,1.5821021178042565,-0.015129690075795996,0.20696463520370634,0.006621701666644132,1.2576801527552783,-1.2781912469941235,-0.5327908937900074,0.6459959816494412,-0.013422414597469968,0.0
64.25,27.2623936789436,19.62488354831654,1.583205663188574,28.021489807175247,19.570248301195875,1.5814875849402064,-0.00938748135134254,0.18312123696464633,0.005283000502814826,1.4250178819644783,-1.4361280725995038,-0.7298837903696035,0.8151087784567973,-0.011148757226718474,0.0
64.3,27.37200765140642,19.63317701378546,1.5833917079359747,28.081487487989914,19.580247914664987,1.5809876042667508,-0.0029649677331144314,0.1316591985186028,0.004097369205408745,0.9870159734673204,-0.9878599394102946,-0.33894066563794356,0.3978876446086451,-0.008853669491897701,0.0
64.35000000000001,27.48487601584915,19.641542597734443,1.5840085180881451,28.127859511453494,19.587976585242252,1.5806011707378875,0.003823652224263375,0.06272263268992084,0.0033008824924341484,0.4757127940308914,-0.4597885450972062,0.11111041451620213,-0.07928159427280013,-0.00662171769070681,0.0
64.4,27.59929872063628,19.649813134407985,1.5850662354140022,28.161260948002983,19.593543491333833,1.5803228254333086,0.010653275947484196,-0.011235978705176949,0.0030127375488176993,0.11164596820940648,-0.07321511177909312,0.4037902616583169,-0.3977242998593711,-0.004546490497699438,0.0
64.45,27.71345544277773,19.65782076462609,1.586485237378509,28.182935467253273,19.59715591120888,1.580142204439556,0.017286886863560724,-0.08152463031471771,0.0032098847496914865,-0.08989614849819605,0.15807421464307214,0.5331696663951129,-0.5535699091418649,-0.002730598964279609,0.0
64.5,27.825623680835633,19.665404662953925,1.5880691004361367,28.194769472258233,19.599128245376374,1.5800435877311814,0.023430119705006455,-0.14346888478093456,0.003771550584143817,-0.1816890950624831,0.28551408047649374,0.5670742751404488,-0.61514126331707,-0.0012856765187043474,0.0
64.55,27.934296457675593,19.67241965987313,1.5895501918213293,28.199346233771838,19.599891038961974,1.5800054480519015,0.028681395326381597,-0.194969308170569,0.004500741750339413,-0.21921908589168904,0.3600770224857427,0.5755568475470596,-0.6507992972659957,-0.0003323789660829681,0.0
64.60000000000001,28.038227865904968,19.678745088576914,1.5906637514064572,28.200000024838722,19.6,1.5800000032083352,0.032572551936358767,-0.23495620500147993,0.005148705543018534,-0.2449745128063643,0.41993438359428553,0.6091104370505561,-0.7101802189255847,6.033585498483055e-06,0.0
64.65,28.136450051163905,19.68429287799577,1.5912320909780224,28.200802045417614,19.6,1.5801035975331088,0.03465125243768349,-0.25964124227667557,0.005460471329564006,-0.6398838730149241,0.8275673266540762,1.06114907807233,-1.1716797295375623,0.0059228187907957456,0.0
64.7,28.22835757723071,19.689013965027392,1.591255172654706,28.20582906333959,19.6,1.5807529206813635,0.034702580741948104,-0.2619293452748183,0.005278480321229527,-0.24461067270639314,0.3913940793409152,0.7984283089779364,-0.8715946608811028,0.021482530209977813,0.0
64.75,28.31383083376025,19.692901099167294,1.5908927204694157,28.21841355995471,19.6,1.5823784181608167,0.03319854555876446,-0.24924504615785853,0.004719675970754006,0.2899454833492009,-0.21044090894661227,0.472032845750486,-0.48613765195516645,0.04464108860872691,0.0
64.8,28.39306597235828,19.695975247436614,1.5905367812097366,28.241124576388522,19.6,1.5853119244501843,0.031048371809310374,-0.23308399342195224,0.004050956188596613,0.38783332717260777,-0.360421427162148,0.630971082874338,-0.6020972113483456,0.07349813206132198,0.0
64.85000000000001,28.46635300732633,19.69827035352225,1.5907329102578405,28.275823346048615,19.6,1.5897938488646128,0.02885775498297009,-0.21324118116575633,0.0034312894235415435,0.13357131380616916,-0.13192783787290496,1.153138567252682,-1.1066926610055532,0.10629701595064839,0.0
64.9,28.534109255959766,19.699822388080168,1.592092414050068,28.32371892713112,19.6,1.5959803614211034,0.026910976394578894,-0.18074131952731157,0.0029343572041929437,0.25833628409997367,-0.2605909343892927,1.270331349535658,-1.2265189665090002,0.1414248129681594,0.0
64.95,28.597095005364235,19.70066491328939,1.5952127665387417,28.38542383512735,19.6,1.6039505787039499,0.0252416302428115,-0.1351783883580168,0.002571713937356611,0.5386674914504296,-0.5304059487180146,1.1759541579151493,-1.1474381776498794,0.17741231311393296,0.0
65.0,28.65645945861151,19.70083019668477,1.6006009834404025,28.461009675330285,19.6,1.6137137497301621,0.02368891600701011,-0.0810539133869938,0.0023147437598684886,0.8031657343553754,-0.7820012484743644,1.0220770790678142,-1.0099240547474404,0.21293402369663478,0.0
65.05,28.713629977049635,19.700353268347445,1.6086046751284162,28.550062775341154,19.6,1.6252164418148993,0.022091217470989504,-0.02379083483282785,0.0021479893235178604,0.9765499780080594,-0.9474983243399363,0.8778905585656845,-0.8759251788568058,0.24680816933352726,0.0
65.10000000000001,28.770152494355116,19.6992757378135,1.6193601919440646,28.65173981757602,19.6,1.6383497264369022,0.020359145085199672,0.03230588899723073,0.0020756909644373996,1.0545665130309525,-1.024568837122243,0.7549563628904653,-0.7549462274327056,0.2779966919504779,0.0
65.15,28.827547981048994,19.697646938962198,1.6327864647477026,28.764823471772193,19.6,1.6529563651039083,0.018485219001392585,0.08441668739851693,0.002106156692317999,1.0643596763484708,-1.0389574700094024,0.64306388274699,-0.6380234898199165,0.30560525078192474,0.0
65.2,28.88721098481997,19.695522141723043,1.6486235440689143,28.887778027494992,19.6,1.6688379952181032,0.016524946480538337,0.13080310050819702,0.002236200031709926,1.0360382817364222,-1.0179253880631434,0.5326759201741246,-0.518507630159902,0.3288832223709295,0.0
65.25,28.950350245549235,19.69295916310035,1.6664937999729106,29.018805026644156,19.6,1.685762315941537,0.014566772956469376,0.17031534142561794,0.002445095758263047,0.9899394268504549,-0.9784930112866101,0.4221899706855237,-0.3984146046218187,0.34722370056914137,0.0
65.3,29.017959455497817,19.69001492655132,1.6859643726821212,29.15589889596044,19.6,1.703470274061557,0.012696873871437937,0.2021056258081151,0.0026994385962856486,0.9354249180200244,-0.9271426304921647,0.3157087394757777,-0.28521517244994876,0.36016349653680635,0.0
65.35000000000001,29.09080545522639,19.68674299321061,1.7065982806255124,29.296902579532205,19.6,1.721683249856243,0.010966781168272148,0.2255441582458713,0.0029655255470867757,0.8746390608383023,-0.8646488940980981,0.21807595989351602,-0.18561530590964526,0.36738313874276834,0.0
65.4,29.169424885602428,19.68319237652518,1.7279895991936711,29.439563171301806,19.6,1.7401102429598165,0.009375495894391055,0.24013851942205178,0.003221701359451935,0.9318418520034484,-0.9164303855582135,0.006009042482663813,0.024526384744184497,0.3687068729644624,0.0
65.45,29.254117173192892,19.679407362886604,1.7497917739067192,29.581587547572394,19.6,1.7584550582281009,0.007880588002168695,0.24341059517649113,0.003459605141192216,0.7743877153727338,-0.7530726429321513,0.007664303782472074,0.020200705498809594,0.3641026622879275,0.0
65.5,29.34490189978761,19.675428066561203,1.7717074710139136,29.720697999514307,19.6,1.7764234916039314,0.006422770005176586,0.23698706289227195,0.003677677704683267,0.4338213477383967,-0.41127296536807234,0.1853406353568492,-0.15567439068066014,0.35368218710779664,0.0
65.55,29.441564078179237,19.671291512399023,1.7934760886058936,29.854687865671664,19.6,1.7937305159825898,0.005020954632731177,0.22614001131619205,0.003863005361739452,0.4742777816472738,-0.4525650557312973,-0.03105524382630081,0.06417178253207884,0.337700845127299,0.0
65.60000000000001,29.54376275551004,19.667032401307694,1.8148622315457859,29.98147716446895,19.6,1.810107467077239,0.0036938620779187847,0.20901297815226452,0.004007177071425388,0.4741795444364524,-0.4529579857202656,-0.22407595544227552,0.25971163982135836,0.31655775135825387,0.0
65.65,29.651009112478878,19.662683498075413,1.8356340835408167,30.099168226717424,19.6,1.8253092292843338,0.00250310211062055,0.18300899221497124,0.004092791344488448,0.36553347666739566,-0.33964698420685663,-0.3263837605735135,0.35848445986725197,0.29079573812109594,0.0
65.7,29.76261703907336,19.658275316369124,1.85555465238798,30.206101328121907,19.6,1.8391214215490792,0.0014122037624122754,0.14819317083043715,0.004126219742598903,0.19718798608660953,-0.1634559304357471,-0.3836794813481193,0.40829483875744116,0.26110135504484044,0.0
65.75,29.877710439257033,19.653836111727834,1.8743735315466266,30.300910321787168,19.6,1.8513675832308425,0.00030966301164501406,0.10606482656978913,0.004121685950676381,0.01252175754611995,0.023603869635116626,-0.4323600710572025,0.45447398420371093,0.22830486906710257,0.0
65.8,29.995262724663135,19.64939206354014,1.8918180427921085,30.38257827072453,19.6,1.8619163599685846,-0.000849484053147601,0.058397384321006475,0.004072198298313611,-0.16402316674909723,0.19209906638054397,-0.486062768282998,0.5155564276306929,0.19338026443409634,0.0
65.85000000000001,30.11414464342968,19.644967392312225,1.9075899927528612,30.450493080358427,19.6,1.8706886895462964,-0.0019694914985864593,0.006666070822676998,0.003960802824897409,-0.3276467084478555,0.34331325659776735,-0.5351190333694693,0.5754566401084811,0.15744524270062013,0.0
65.9,30.233168506961857,19.640584337312205,1.9213727234329732,30.504503131032894,19.6,1.8776649877584153,-0.0029050836313233696,-0.047800352198368194,0.0037945762959558527,-0.4815396228138414,0.4925922261521587,-0.5588601253949022,0.6014242610667031,0.12176122273010152,0.0
65.95,30.351124747259444,19.636263092996305,1.9328490061086203,30.54497291051824,19.6,1.8828923342752724,-0.0036376139244215662,-0.10336541964722247,0.003602791478461359,-0.6217484283390667,0.6400987788358197,-0.5422400656151247,0.5748141082237461,0.0877333406945331,0.0
66.0,30.466810721176284,19.632021869183657,1.9417277319684187,30.572838646517507,19.6,1.886491658508511,-0.004321623015785165,-0.15796200914277767,0.0033928764275935604,-0.7343497948068444,0.761051730005255,-0.4807649203809551,0.5021401590243212,0.05691045007451512,0.0
66.05,30.579053505276036,19.627877131977204,1.9477767370460495,30.58966393917306,19.6,1.8886649254765202,-0.005100752952504955,-0.20937534314492734,0.0031401717957186626,-0.8038480595227643,0.826414218127954,-0.3738794644694877,0.3958856917440817,0.030985121659243466,0.0
66.10000000000001,30.68673014073725,19.62384411213831,1.9508834868033393,30.597695393573126,19.6,1.8897023216698616,-0.005914433100366798,-0.2513522997495861,0.0028458610978185066,-1.686740979972805,1.6941975282669701,0.6451331695883442,-0.6122955505421888,0.011793643546506978,0.0
66.15,30.788892337586383,19.61993818522092,1.9511822007799726,30.599918252258355,19.6,1.889989440916704,-0.006468420552512486,-0.26762510285104224,0.0026024825270973295,-1.3650458612171512,1.3713272332373183,0.5553652806377711,-0.5247545737891268,0.001316021142707436,0.0
66.2,30.885087792247234,19.616173888156634,1.9489248650662303,30.60017118389629,19.6,1.890010698993518,-0.006951291613693138,-0.2607856084543693,0.0023858597638042396,-0.6343056464590504,0.643090040747195,0.15170621964269085,-0.1264999103848257,0.001215200937280227,0.0
66.25,30.97531963028654,19.612565970639416,1.9445908587919851,30.603967966722706,19.6,1.890247997920169,-0.007404246369048607,-0.24382751156944926,0.0021898836403286123,0.0007058208820919093,0.004808119864452842,-0.08362652478686244,0.10935175701438998,0.009442240559933581,0.0
66.3,31.059784825574315,19.609128789653294,1.9389047859806716,30.61686129596296,19.6,1.8910538309976848,-0.007702171484893828,-0.2276282761987839,0.0020438756342214953,0.39142180904206614,-0.38598894658101524,-0.048392607236189544,0.07212894857611551,0.02361054418181456,0.0
66.35000000000001,31.13868098439544,19.605875061894427,1.9326700995652757,30.64280087655556,19.6,1.8926750547847224,-0.007871261508939855,-0.2168593539830355,0.0019347277521714272,0.5865508871458567,-0.577988863230833,0.16368675233752014,-0.14461569561405682,0.04174578169480581,0.0
66.4,31.212113917723983,19.602815412229173,1.926639266713719,30.68423839465827,19.6,1.8952648996661416,-0.007991529777786447,-0.21149058654300448,0.001841006717880617,0.6835830451653038,-0.673392199157164,0.42188719990379575,-0.4057806690347868,0.06207723625517666,0.0
66.45,31.280090713177863,19.599958431800896,1.921455618563677,30.742290408259638,19.6,1.8988931505162272,-0.008090482173274125,-0.20879534568581593,0.0017555369905440487,-0.03980503300646676,0.048738190335735565,1.427508472605184,-1.4113866056350186,0.08303780428361475,0.0
66.5,31.3426170604905,19.597311516924243,1.9177100336203647,30.816901237790535,19.6,1.9035563273619083,-0.008069031758631648,-0.189173176613044,0.0016969360611526374,-0.43017445278246136,0.4428961872939141,2.0080861581516967,-1.9965543812068862,0.10326399546520604,0.0
66.55,31.400165526215325,19.59488049448502,1.915931346435864,30.907005856735648,19.6,1.9091878660459778,-0.00808185293445283,-0.1385548841608306,0.0016303960702492596,0.05520160068195623,-0.04227506452702845,1.605520156238945,-1.5951264649164443,0.12159593274943932,0.0
66.60000000000001,31.454043418856966,19.59266847624013,1.9163922584484676,31.01069278224505,19.6,1.9156682988903155,-0.00808224553051458,-0.06746181240348285,0.0015664413281466392,0.6863706621086365,-0.6769420606399297,0.954748008625371,-0.9418180643363379,0.13707735235021024,0.0
66.65,31.506118475265136,19.590675010426697,1.919176934259288,31.125366965745602,19.6,1.9228354353591,-0.007986474286520691,0.0074323421362622755,0.001509966906106705,1.1039438993286343,-1.0959556800351802,0.4273777904147001,-0.4138678822294623,0.1489556037458045,0.0
66.7,31.558365478514485,19.588895309797472,1.9241572318005904,31.24791268355265,19.6,1.9304945427220404,-0.007835999221051609,0.07365456838302728,0.0014511736320214576,1.256577695021323,-1.2516556093063156,0.09557748720704143,-0.0798768938537304,0.15668164967892462,0.0
66.75,31.61251015968226,19.58732067710125,1.9309757436285435,31.37485642748142,19.6,1.9384285267175885,-0.00760684693981776,0.12466427373589108,0.0013820800281741416,1.2255060622584224,-1.2231497895700814,-0.09253720096285416,0.10983232855797127,0.1599100661566711,0.0
66.8,31.669841716197205,19.585940073552656,1.9391326439606413,31.502529795458592,19.6,1.9464081122161618,-0.007273670361441856,0.15832698063981304,0.0012909303991393806,1.1041119460628082,-1.0990902120163302,-0.20191047981689583,0.2152485482812114,0.15849904245054755,0.0
66.85000000000001,31.731169032341008,19.584742026153013,1.9481058297269622,31.62723238213384,19.6,1.9542020238833648,-0.006913569945540265,0.17492277200862955,0.0011877591564702704,0.954904155065242,-0.9447747585559426,-0.2757184122165619,0.28244846870503215,0.1525103810964578,0.0
66.9,31.796850649816562,19.583715947864473,1.9574347134677994,31.745394669491223,19.6,1.9615871668432012,-0.006636613067711622,0.1756304168891744,0.0010985924459181672,0.8069624716281909,-0.7969090135068615,-0.3348711646411331,0.34040971411070475,0.14220949789471485,0.0
66.95,31.866844416547494,19.582852586132795,1.9667526019910975,31.853740917460904,19.6,1.9683588073413063,-0.0064425408818837284,0.16169132413769097,0.0010279572744088575,0.6633911919445679,-0.6599729018972869,-0.38287208812965856,0.39410956053187607,0.12806542191002976,0.0
67.0,31.94075501476418,19.582143783195693,1.9757802843087133,31.949452054530553,19.6,1.9743407534081594,-0.006211166441164988,0.13430898667205388,0.0009568926574373155,0.5127173938719487,-0.5142111403466665,-0.4123875519077313,0.4275759500114889,0.11075079547151773,0.0
67.05,32.017878529990725,19.58158191177949,1.984297794899505,32.03032856835689,19.6,1.9793955355223054,-0.005858181875683603,0.095045443561315,0.0008820670376511979,0.3440654947728059,-0.3411912836327647,-0.4153311374380726,0.4250587938785828,0.09114187417269691,0.0
67.10000000000001,32.09725051171715,19.58115935118287,1.9921091556948973,32.09495339637722,19.6,1.9834345872735764,-0.005452349696124337,0.04613676435738082,0.0008258211715559769,0.15651702211951624,-0.14382588395810803,-0.3885858770254118,0.38766586540644077,0.0703185268714825,0.0
67.15,32.17770287590016,19.580868220576875,1.999012505225905,32.14285481642091,19.6,1.9864284260263065,-0.005130080161270192,-0.009560191352746779,0.0007988441296557958,-0.04134324823036567,0.05815078747242036,-0.33210363942878973,0.32672188243824174,0.04956423569021036,0.0
67.2,32.25793055298747,19.580700354457782,2.0047854986327898,32.17466933732098,19.6,1.9884168335825612,-0.004931426956430011,-0.06880511692390583,0.0007845820615433126,-0.23855045007404097,0.24849473495176194,-0.2420597469976415,0.24337815432053445,0.03036609601560214,0.0
67.25,32.33656501784625,19.58064742984132,2.009192509376481,32.1923045895256,19.6,1.9895190368453497,-0.004758872549001838,-0.128076608644155,0.0007717364398543045,-0.42840284607909696,0.42674086121383625,-0.1057603571351302,0.11844921302855184,0.014414816498787052,0.0
67.3,32.41225075447093,19.580701181333666,2.0120161162022265,32.19910221570957,19.6,1.9899438884818483,-0.00447260979199547,-0.18339482539333252,0.0007806609908716815,-0.6075624176721199,0.6014365689552262,0.09455017656900752,-0.07736109556735885,0.003604719055297773,0.0
67.35000000000001,32.483723024810345,19.580853672591086,2.013111241145075,32.2000004280632,19.60000025683792,1.9900000449466357,-0.004043070025131923,-0.22998165453876826,0.000835528159869555,-0.87331873884047,0.8751316790709316,0.47476037048850245,-0.46469852976097287,3.176542542134442e-05,0.0
67.4,32.54989163427044,19.581097803599363,2.012503679639264,32.200853121946096,19.600511873167655,1.9900895778043397,-0.003701344458890644,-0.2587205810292536,0.0008884251041514549,-1.1128135687742882,1.183221603325852,0.9280232294878217,-0.9857368799121589,0.004864243128052249,0.0
67.45,32.61002154521903,19.58143048823213,2.0104431888217125,32.20575437746668,19.60345262648001,1.9906042096340013,-0.004446161822489986,-0.26201937422747706,0.0006670867473165229,-0.45044657395714904,0.6905681879580434,0.5604948865605774,-0.7917627648578522,0.016764967175176462,0.0
67.5,32.66389817869294,19.581875003164956,2.0073269549158432,32.21769233477411,19.610615400864464,1.9918576951512807,-0.008239852281288504,-0.2495153055842391,-0.000296849716489882,0.305789629832779,0.09448441642733585,0.1481471192602939,-0.5548383305267053,0.03416675285859941,0.0
67.55,32.711649106060904,19.582531715243046,2.0037682925485027,32.23893616894845,19.62336170136907,1.9940882977395873,-0.017271439295824854,-0.2315267319446855,-0.002389315220391746,0.23178551754760185,0.21392524208279778,0.5695891874798551,-1.0531529380980869,0.05561713159647175,0.0
67.60000000000001,32.7535785882181,19.583634415570288,2.0005018531788603,32.27109071672759,19.642654430036554,1.9974645252563965,-0.03227597455277267,-0.20375133422891964,-0.00547586904343407,0.2537012731372008,0.11173428388456208,0.8563164620617267,-1.3041100062373823,0.07977835093329651,0.0
67.65,32.79027115860154,19.58557817520939,1.99825087247097,32.31515110323396,19.669090661940377,2.0020908658395657,-0.052413442686964976,-0.1630049223939617,-0.008873427829477967,0.42858379297645804,-0.218982379331093,0.9231391943673553,-1.2621598163531724,0.1054273745399008,0.0
67.7,32.82269227443276,19.58890577204855,1.9976349519016325,32.371557368701474,19.702934421220885,2.0080135237136543,-0.07588894829688281,-0.11215621762865806,-0.011702705378251162,0.6248241627967527,-0.5900900854279991,0.8883310137682521,-1.089980270205511,0.13145588221347745,0.0
67.75,32.8521288981745,19.594260291698646,1.999102123059135,32.44024909520228,19.74414945712137,2.0152261549962396,-0.1006771765326372,-0.056242084014381556,-0.01331780274631139,0.7666980626750719,-0.8850707110054693,0.8269471048979676,-0.8953484889225541,0.15687026987755812,0.0
67.8,32.88005114902525,19.602322096595866,2.0028772457023423,32.520720033373664,19.792432020024197,2.0236756035042345,-0.12504211657850645,0.0001478706042185429,-0.013506342862639131,0.8379160817308018,-1.0702294897748015,0.7656903272253333,-0.7204568216279961,0.18079164958201954,0.0
67.85000000000001,32.9079675815296,19.613747882420114,2.0089520784523827,32.61207272914482,19.84724363748689,2.033267636560206,-0.14765806527200515,0.05374385519882519,-0.01242965988925322,0.8545638284873208,-1.1613463259016603,0.7069686013958416,-0.5709243226678691,0.20245584950308948,0.0
67.9,32.93731251879971,19.629123603780293,2.0171238581252022,32.71307315046365,19.907843890278187,2.0438726807986827,-0.16753892289511346,0.10246958393500726,-0.01047504784665449,0.8397568665272372,-1.1891845899444973,0.6490766818108816,-0.4429523775591936,0.2212134139433228,0.0
67.95,32.969374973833865,19.64893531237426,2.027063023956059,32.82220531402372,19.97332318841423,2.0553315579724902,-0.18394694001133757,0.14503364585529221,-0.008126977442985179,0.8113638908811023,-1.180896845611281,0.5930508698012855,-0.33485434121114,0.2365296033316384,0.0
68.0,33.005260956631744,19.673555796282834,2.038385446618731,32.93772591199098,20.04263554719459,2.067461220759053,-0.1963356560969983,0.18059725946350466,-0.00587637453764603,0.7803396705805483,-1.155220959744402,0.5405994567524576,-0.24707845711653487,0.2479843942232941,0.0
68.05,33.04587582547513,19.703241963262993,2.0507127157779252,33.05771893873066,20.114631363238395,2.080060488566719,-0.2043328234934352,0.20858339177511329,-0.0041546346066604215,0.7525093124454614,-1.1242222788418188,0.49094419527104344,-0.1783213706895242,0.2552724792998928,0.0
68.10000000000001,33.0919157977248,19.73813762409089,2.0637135630524615,33.18015031753408,20.188090190520448,2.092915783341078,-0.20773568656275446,0.2285586238428846,-0.003284264275863712,0.7285208310888482,-1.0946861993886023,0.4414954251982056,-0.1241099997489149,0.25820326736938276,0.0
68.15,33.14386233086392,19.778277654386233,2.0771263292792788,33.30292252734538,20.26175351640723,2.1058068653712647,-0.20648602953212697,0.23997346629478464,-0.003451008786471605,0.8140973552592724,-1.1786734300031743,0.279369512035876,0.032397642685259354,0.2567008833660558,0.0
68.2,33.20196752521112,19.82359239523276,2.0907709087780715,33.42392922948856,20.33435753769313,2.118512569096298,-0.20062302621332467,0.24064691513631192,-0.0046931195066710375,0.6411033952723524,-1.0129214987137143,0.36206254733311033,-0.06174563058475541,0.25080416835055164,0.0
68.25,33.26621832508457,19.873905691897413,2.10452470476024,33.54110989439413,20.40466593663648,2.130816538911384,-0.19021000770795168,0.23321521974859105,-0.00691360821191246,0.4572156101178786,-0.8428255956827113,0.43186246227574054,-0.14965331978619645,0.24066667950985488,0.0
68.3,33.336394801710256,19.928934772902632,2.118305051505121,33.65250442832606,20.471502656995636,2.1425129649742365,-0.175379041009402,0.2205366071486282,-0.009931355796889918,0.48691299906149166,-0.8900904527776042,0.2562250541658063,0.0009588906550056508,0.2265566901572939,0.0
68.35000000000001,33.41212814578958,19.988290305148272,2.132042803961693,33.756307800108544,20.53378468006513,2.153412319011397,-0.15631918746043175,0.2004560273262726,-0.013480505515389006,0.42000413723405716,-0.8374932297987319,0.1414654037436543,0.08046090909876141,0.20885718973253806,0.0
68.4,33.49286460851759,20.051479502561378,2.1456533434705234,33.85092466785277,20.590554800711665,2.1633470901245415,-0.1333530821935445,0.17242280140225386,-0.017175257848836386,0.2910142500756465,-0.7132416242845008,0.05516688267043934,0.12041459888414707,0.18806588380161643,0.0
68.45,33.577854400353054,20.117915678603683,2.1590191533805516,33.935024005683935,20.64101440341036,2.172177520596813,-0.1068855151568229,0.1372538200768796,-0.02056340022074564,0.14105410763524806,-0.5506283103869611,-0.03599051474779863,0.15264369189922616,0.16479519405688914,0.0
68.5,33.6661805042478,20.186931635954924,2.1719734491207894,34.0075937304679,20.68455623828074,2.1797973416991296,-0.0774025072169218,0.09623358073524735,-0.02318641407131839,-0.007851887771137905,-0.3626498987220645,-0.14079315718914043,0.18323082933044438,0.1397722583170672,0.0
68.55,33.75680573538081,20.257797246513046,2.1842900472376203,34.06799532853813,20.720797197122877,2.1861395094965035,-0.04557730077257805,0.05076897048755711,-0.024631554463296915,-0.15198017441112519,-0.15118273270084526,-0.24488903232679843,0.20164587577990473,0.11383893052720476,0.0
68.60000000000001,33.84862247848479,20.329741099619145,2.195685315914284,34.11601848242247,20.74961108945348,2.191181940654359,-0.012297045508889376,0.0024674177889223124,-0.024604379256539008,-0.29009180985623356,0.07385551841839971,-0.32825885216664974,0.20049328107523123,0.0879517807586959,0.0
68.65,33.940497110571776,20.401974685522617,2.2058343348739853,34.151935697569954,20.771161418541972,2.194953248244845,0.021500046583150783,-0.046813272524808894,-0.02299058594245218,-0.4080603965032036,0.29193859231261066,-0.3829326344361681,0.17946080879089576,0.06318209520930027,0.0
68.7,34.031306216586806,20.47371672041814,2.2143996536887403,34.17655692907772,20.785934157446633,2.1975384775531603,0.05493529875801265,-0.09515393454155176,-0.019859313027994888,-0.48049550397907503,0.48638226188526845,-0.4135462273629946,0.13315957279336366,0.04071587620310122,0.0
68.75,34.11996475984821,20.54421548795711,2.2210690982537944,34.191284208417784,20.79477052505067,2.199084841883867,0.08696222180428978,-0.1408012529245942,-0.015467070278749166,-0.49270308248058764,0.6527529215129149,-0.41751850633183807,0.04502305313019722,0.021853842190536432,0.0
68.8,34.205448601076164,20.612768413550537,2.2255988531515616,34.198166270163874,20.798899762098323,2.1998074583672063,0.11606572874345766,-0.18210814300047873,-0.0103254818127466,-0.4582766246836928,0.7898096043515384,-0.3699843020684004,-0.10224904315436001,0.008011427748385692,0.0
68.85000000000001,34.28681589476244,20.678739731656744,2.2278587833004813,34.19995317871825,20.799971907230955,2.1999950837654167,0.14043211386650892,-0.21715696327349324,-0.005208916716231128,-0.4030952384429055,0.8896119576084109,-0.24157336620248482,-0.31540106056458783,0.0007187835797754337,0.0
68.9,34.36323344964842,20.741577877124076,2.227879595089272,34.20012432687321,20.800062163436603,2.19998756731268,0.1584434851232488,-0.2430568525814529,-0.0009869945837735962,-0.5848613684246845,1.192171970689305,0.21601227003706813,-0.8374132136517543,-0.0012430416536872472,0.0
68.95,34.434035638844264,20.800834080401415,2.2259059092685725,34.202260266140655,20.801130133070327,2.1997739733859345,0.16881259240997057,-0.2524088094542278,0.001553707812637801,-0.33235293567125856,0.9840854340919939,0.26687737778069165,-0.9007306716215722,-0.008212810205473466,0.0
69.0,34.49888886298375,20.856207355360716,2.2223027634483343,34.20910905959988,20.80455452979994,2.1990890940400125,0.17090537315082518,-0.2463695118723185,0.002020160941536938,0.14858884720538085,0.43981912638702836,0.05313301450129693,-0.6202284603466162,-0.019819543571524954,0.0
69.05,34.55780891905345,20.907576378993493,2.2174872554050715,34.22259039160177,20.811295195800884,2.1977409608398237,0.1654033006190322,-0.23394950516104676,0.0006848207658444867,0.27816176490748,0.1672945297401551,0.12133124514435309,-0.5655990783656062,-0.034495197962148616,0.0
69.10000000000001,34.61100376237185,20.95499899758478,2.21188415558124,34.24388064725526,20.82194032362763,2.1956119352744743,0.15403579845380583,-0.21736641423531894,-0.0018179302689007406,0.041813039960559906,0.23072534187104593,0.4725589804874929,-0.7786855847422819,-0.05083462019917845,0.0
69.15,34.65883778619788,20.998689370580415,2.205858129790274,34.273494357733064,20.83674717886653,2.192650564226694,0.1389334617258234,-0.19191642968050848,-0.004751042988007014,0.017234729085029432,0.09777530331398032,0.5316887486111728,-0.7197900951108507,-0.0675955477159565,0.0
69.2,34.7019168298567,21.038975636556277,2.199678284817969,34.311365645577474,20.855682822788737,2.188863435442253,0.12197020773906724,-0.15802533981481318,-0.0074661325889630765,0.09753330488725936,-0.1051663028408294,0.41925343957409755,-0.520484738659592,-0.08369860855736116,0.0
69.25,34.74107257518172,21.07625339364469,2.1935102479707336,34.35692967000608,20.87846483500304,2.184307032999392,0.10454235702056648,-0.11940616076959233,-0.00955315154177535,0.18848242094746817,-0.28526151588185567,0.2490110462731233,-0.28810466933164924,-0.09822732137978875,0.0
69.3,34.777261897047936,21.11094678045677,2.1874177374575727,34.40920407221757,20.904602036108784,2.179079592778243,0.08761202972401787,-0.08034896705678306,-0.010863074919778894,0.24332496972759904,-0.4052161840976342,0.09003684956824849,-0.0806748529253045,-0.11042809545115786,0.0
69.35000000000001,34.811453320318286,21.143478301875895,2.181375228754208,34.466870420697475,20.933435210348737,2.173312957930253,0.071844498934682,-0.044285802365629214,-0.011439657628860261,0.25383442801529565,-0.4686218422818065,-0.02663019964228283,0.08175321268786648,-0.1197102306509117,0.0
69.4,34.84453800288816,21.174244284614755,2.175298378499656,34.52835565652388,20.96417782826194,2.1671644343476126,0.05780407936154451,-0.01344789844905255,-0.011432059779687842,0.23273539401668938,-0.4962095948952714,-0.09313979286329035,0.19727950287301596,-0.12564591747000806,0.0
69.45,34.87727426835786,21.20359453783741,2.16908610284965,34.591913538673275,20.995956769336637,2.160808646132673,0.0460891840721237,0.01096163179390389,-0.011038959396430785,0.20351372552030966,-0.5093867148800477,-0.11746213886142515,0.2692003868994262,-0.12797023701093582,0.0
69.5,34.910259479795315,21.231816354840277,2.1626616815562683,34.655706089326266,21.027853044663132,2.1544293910673735,0.03727566604781029,0.02839878308639401,-0.010472333551335035,0.19031393977570654,-0.5229892383543697,-0.11511931523185741,0.3009756627415116,-0.12658116098770292,0.0
69.55,34.943918588255116,21.25912321485681,2.1560031407719733,34.71788503917335,21.058942519586676,2.148211496082665,0.031739057269570235,0.03860216742763171,-0.009912908392035841,0.20431252472274652,-0.5424828412043692,-0.09579975352262271,0.29424401890573215,-0.1215395517258397,0.0
69.60000000000001,34.97850067965953,21.285648191975724,2.1491586551179607,34.77667327272068,21.08833663636034,2.142332672727932,0.02956555499042548,0.04144721585932741,-0.00946930762547257,0.2390891870764433,-0.5651035690120477,-0.057687575106840056,0.24951161166531158,-0.11306916216239603,0.0
69.65,35.01407906951012,21.311441625771973,2.1422468062165216,34.830446273595754,21.115223136797876,2.136955372640425,0.030623240633232435,0.037058612655570755,-0.009166317355536274,0.28101297404788583,-0.5845834075356359,0.003797616425037731,0.16937799979562246,-0.10155663584595176,0.0
69.7,35.050554218889914,21.336472555268326,2.1354438028511242,34.877813569853295,21.138906784926647,2.1322186430146703,0.034668348781335935,0.025942917361494993,-0.008957981104272926,0.3219726129054397,-0.5950679887523378,0.08510618642005913,0.06037873747183964,-0.08755150693660252,0.0
69.75,35.08766105019516,21.360633744318665,2.1289610189189103,34.917700179280956,21.158850089640477,2.1282299820719044,0.04135377574319609,0.008983716975630265,-0.008747660018725664,0.36136201324432793,-0.5923553983435048,0.1743946195984972,-0.06788916442605616,-0.07176620020596777,0.0
69.8,35.124983229775054,21.383750537283667,2.1230169671549266,34.94942805470506,21.17471402735253,2.125057194529494,0.05017521929046016,-0.012664165773225669,-0.008415106724458965,0.3988490236377542,-0.5722451985241799,0.2602637193327153,-0.20627164376287072,-0.055076031037189506,0.0
69.85000000000001,35.16197676271021,21.405594007289277,2.117808263456714,34.97279752929639,21.186398764648196,2.1227202470703608,0.060445709774954656,-0.03764472126260144,-0.007855759144794642,0.42854577089596846,-0.5286159748335102,0.33847730553323824,-0.3494048539539088,-0.03851920542492793,0.0
69.9,35.19800435057486,21.425898803343504,2.113484107800289,34.98816876187594,21.19408438093797,2.1211831238124064,0.07130884704372505,-0.06436077404305969,-0.007024661247323182,0.44033366268001334,-0.45505156771750777,0.4107944281094815,-0.4948721939921814,-0.023296819975379184,0.0
69.95,35.23238064761916,21.444385750195654,2.1101280604929866,34.99654318222067,21.198271591110334,2.120345681777933,0.081773231702133,-0.09089466211456627,-0.005970674522464088,0.4254073003841483,-0.34810641441525536,0.4789124976721628,-0.639902848882693,-0.010772861906247624,0.0
70.0,35.2644272652223,21.460788695877444,2.1077492912455567,34.999644936369286,21.199822468184642,2.1200355063630716,0.09075409699360806,-0.114994108044059,-0.004848223154629861,0.37999885562393987,-0.207528160508902,0.5397508221287624,-0.7802692267114122,-0.002474209046764693,0.0
70.05,35.2935354995147,21.474884583770944,2.106283198051258,35.00000157356342,21.20000262260569,2.1199998426436584,0.09709633147700797,-0.13412270276077876,-0.003901727734331869,0.3055157262307031,-0.033783606908861064,0.5841377376895187,-0.9112724528492007,-6.079989542360324e-05,0.0
70.10000000000001,35.319234376472544,21.486525466625288,2.105599361273789,35.00062042734121,21.20103404556868,2.119937957265879,0.09948946418860924,-0.14557979001889385,-0.0034357174710993093,0.25933624152076823,0.1759028356980819,0.5504128268412414,-1.0356486401444038,-0.003160433684419933,0.0
70.15,35.341257967389126,21.495673565584628,2.1055205508956227,35.00382891882298,21.206381531371633,2.119617108117702,0.09578187948599226,-0.14726186363062718,-0.003843703729564661,0.2947479228983689,0.3652155684551491,0.3912695806538686,-1.1086330064890355,-0.010263751859988877,0.0
70.2,35.359592513891684,21.50245033623775,2.1058519160651175,35.01140102926425,21.21900171544042,2.118859897073575,0.08311564811503967,-0.13878460557459296,-0.00547453262388741,0.3302817463857635,0.4561330927931529,0.19652552968468812,-1.065172532359428,-0.020470385349591603,0.0
70.25,35.37448197662397,21.507194365381174,2.106399088056065,35.024677167402054,21.24112861233676,2.1175322832597945,0.05981614983814527,-0.12129417023270876,-0.00823212573491679,0.29824678523970427,0.43481871811073103,0.04495288990993218,-0.900191678030771,-0.03294641315180796,0.0
70.3,35.38639309515241,21.510492062667545,2.1069672537551303,35.04459739349049,21.27432898915082,2.115540260650951,0.026443030261394794,-0.09664583820166978,-0.011476357636020871,0.19947404472840785,0.33436480336071805,-0.04959170233617227,-0.6515587652661106,-0.04692436233633685,0.0
70.35000000000001,35.39595767504513,21.51315973699129,2.1073485422466978,35.071734643336306,21.319557738893838,2.1128265356663696,-0.01466675294643431,-0.06699072696533755,-0.014336233598598508,0.07336795061026474,0.20242770128363738,-0.10950236974520869,-0.37164459102133707,-0.06170320804400027,0.0
70.4,35.403910301210246,21.51618593749906,2.1073087845043053,35.10632795233439,21.37721325389065,2.1093672047665613,-0.06047572643747581,-0.034603375853756564,-0.016091412908258895,-0.04745486700522855,0.08167088149524326,-0.14992506206080033,-0.11127215628535872,-0.07664837348672643,0.0
70.45,35.411033290062306,21.520656839929796,2.1065834909267687,35.148315679503426,21.44719279917238,2.1051684320496573,-0.10812214615878257,-0.0014977530536167349,-0.016363656371431508,-0.1499421278870614,-0.008146140004585578,-0.16736047535093884,0.09748896716906169,-0.09119172994757525,0.0
70.5,35.4181145118032,21.52768539462845,2.1048888263408077,35.197368731521394,21.528947885868988,2.1002631268478607,-0.155271306120448,0.030904414944297253,-0.015111779472948155,-0.2282066406418137,-0.07808254388491562,-0.15327492017326833,0.25113070745998517,-0.1048315967807214,0.0
70.55,35.4259190016629,21.53835622583378,2.101946623000895,35.25292378676112,21.621539644601874,2.0947076213238875,-0.1999951949057584,0.061689688225139164,-0.01255131865264564,-0.2723840619067934,-0.15387845417443075,-0.10681189863942625,0.36146539467221844,-0.11713274141145855,0.0
70.60000000000001,35.43517240004983,21.553688760342403,2.0975236944851763,35.31421651932591,21.72369419887652,2.0885783480674087,-0.23901165289323656,0.09013124439848351,-0.009219360623281953,-0.9616298498043039,-0.9426317622778195,0.654521683274309,1.1243297175010423,-0.127726379336202,0.0
70.65,35.446556506971156,21.57456034207348,2.0915438695524546,35.38031482308497,21.833858038474958,2.081968517691503,-0.25705859364872163,0.11526011945026574,-0.007126673071464968,-0.9149092258976408,-1.045250837035049,0.7277291788684002,1.131460552799946,-0.13631017412247723,0.0
70.7,35.46068624429482,21.60141479227496,2.0840375504171704,35.45015203570913,21.95025339284855,2.0749847964290873,-0.2516977991996287,0.1367164122692063,-0.0075645619464751535,-0.31829272466791286,-0.6546362241751094,0.2816830227944596,0.5781669407692955,-0.1426482374089382,0.0
70.75,35.47809497776762,21.634191833574246,2.075153510687645,35.522560162706284,22.070933604510465,2.067743983729372,-0.23459324027454417,0.15395598071756064,-0.009722340881092756,0.2788996954355383,-0.3061028901162878,-0.14104669159573335,0.022753740734357708,-0.14657112890535423,0.0
70.8,35.49923533745989,21.672577137247302,2.065211896188849,35.596303101456996,22.193838502428328,2.0603696898543005,-0.2175547877892925,0.1662847980399858,-0.012019019317233384,0.6395349288576943,-0.19059020268457472,-0.3150808226139221,-0.3093478523757699,-0.14797585639261393,0.0
70.85000000000001,35.524460771838385,21.716250402061004,2.054596850959356,35.6701098652501,22.316849775416827,2.05298901347499,-0.20707227671668368,0.1732950835984752,-0.013310041354332596,0.7591403774580275,-0.2864164200289363,-0.2484435368281198,-0.41386750973490505,-0.14682587572272385,0.0
70.9,35.55400100428229,21.765026965418528,2.043660687858298,35.74270780731811,22.43784634553019,2.0457292192681886,-0.20394340895589325,0.17476521066248377,-0.013359573910424393,0.7377907450636569,-0.48616305667076687,-0.050400120261674675,-0.3884404465926291,-0.14315109081881122,0.0
70.95,35.58794549673885,21.818884333739692,2.0327070973622554,35.81285584487299,22.554759741454976,2.0387144155127013,-0.20547261381431406,0.17058941348780154,-0.012624152159591145,0.6846436908232683,-0.6818880831410093,0.16312285457014164,-0.34182390571850996,-0.13704785367512148,0.0
71.0,35.626234721260985,21.877909787984272,2.0220084812611776,35.87937768314154,22.665629471902566,2.032062231685846,-0.20834458229443176,0.16081719906286104,-0.011708088817642246,0.6622888939501381,-0.8109314390495309,0.32448728848970376,-0.339697222718213,-0.12867896435701875,0.0
71.05,35.668657807970455,21.942226065907896,2.0118184969937065,35.94119503940106,22.768658399001765,2.025880496059894,-0.21044910354447716,0.14574353950867552,-0.010970849485919407,0.6788406506939195,-0.8639862730969543,0.4224446074649264,-0.39212795980641224,-0.1182736710009865,0.0
71.10000000000001,35.714857508825204,22.01193761314402,2.0023730563321553,35.99736086701486,22.86226811169144,2.0202639132985136,-0.21119396798872292,0.12589693955520834,-0.010472890954100218,0.7113264727421482,-0.8631677829999194,0.4784020714136157,-0.475362114086494,-0.1061276698146231,0.0
71.15,35.76434203403366,22.08711009876279,1.9938828126615593,36.04709257946781,22.945154299113014,2.015290742053219,-0.21093718860599603,0.1019741761106831,-0.010119643074092457,0.7333389157145267,-0.8352574752493219,0.518147533738963,-0.5603995435880876,-0.09260310507665707,0.0
71.2,35.81650233833018,22.167774158304844,1.9865206915449638,36.08980527440194,23.016342124003227,2.0110194725598065,-0.2101641507660401,0.07478783723030147,-0.009817916672369326,0.24613474567898141,-1.2812152621927209,1.0405121615122903,-0.1453145640219935,-0.07812856913692479,0.0
71.25,35.87063639307469,22.25391210076883,1.9804610580259991,36.12514495765198,23.075241596086627,2.0074855042348023,-0.19691888292935558,0.045189057597062036,-0.010188120849259888,-0.48862357049830685,-1.9358429417710656,1.774253393674897,0.5035514922714128,-0.06319910241638617,0.0
71.3,35.92596911595949,22.345157834250706,1.9759305735147796,36.15302176728092,23.12170294546819,2.0046978232719086,-0.15420059680343023,0.014022995402301489,-0.01099097379823357,-0.2901510069454585,-1.6135766778280058,1.5313434333194382,0.21450182509042737,-0.04837619340711831,0.0
71.35000000000001,35.98167155744667,22.440397693018202,1.9730205365138682,36.17364319761556,23.15607199602593,2.0026356802384444,-0.08783572409278838,-0.017553847206307864,-0.01042360275103179,0.22743178843908074,-0.9362259278207463,0.9417224229471299,-0.3789116538429578,-0.034287778672315694,0.0
71.4,36.03691375095198,22.537916230409724,1.9717086398475838,36.18754732328208,23.179245538803467,2.001245267671792,-0.012871858782660036,-0.048079093719163725,-0.00760876320905193,0.667601780793963,-0.31223634899500907,0.4134272333894724,-0.8705457534357439,-0.021628242846301295,0.0
71.45,36.09090944039834,22.63578813138723,1.9718581173923266,36.19563602324161,23.192726705402684,2.000436397675839,0.05742286204767452,-0.0762177126810269,-0.003056067122168733,0.8804450655287122,0.1066688799369,0.10156280735970413,-1.1242649676463632,-0.011158418634506366,0.0
71.5,36.14294885480728,22.732225735787004,1.9731793001591071,36.199208204825766,23.198680341376278,2.0000791795174235,0.11519780395703559,-0.10091366442119115,0.0020497702301818434,0.8814706126049948,0.3319893873858717,-0.0020173595517961607,-1.1762595235869862,-0.0037055868134856142,0.0
71.55,36.19242325848744,22.82578606950871,1.975269944210403,36.19999302777222,23.199988379620365,2.000000697222778,0.15772846910339608,-0.12124152208891353,0.00658710348262232,0.7593779214045829,0.44592310593481976,0.02239855609236252,-1.1317881081513252,-0.0001634762309106996,0.0
71.60000000000001,36.23884473167366,22.91543369535624,1.9777115416812012,36.2,23.200122507697937,1.9999724357679642,0.18531394067169862,-0.13606813739059742,0.009816238467888925,0.610728818246685,0.5164341981643096,0.07929327830943478,-1.0688044230456026,-0.002183318974156524,0.0
71.65,36.28186990310496,23.0005212727813,1.9801429069751804,36.2,23.201472427059855,1.9996687039115328,0.19924996952859306,-0.1443205424015029,0.011375636689301076,0.48767509065420245,0.4632316339880047,0.10465543995446491,-0.8990900687293853,-0.010942830245488531,0.0
71.7,36.32132028776103,23.080745438701463,1.9822753858423117,36.2,23.205351105328425,1.9987960013011041,0.20179321752937773,-0.14647069522232492,0.01133728372746754,0.3853634457547493,0.31328026937650283,0.09773658136989283,-0.6421167646997002,-0.024637536453438278,0.0
71.75,36.35716731911827,23.156079855160236,1.983889211470579,36.2,23.212658964477974,1.9971517329924555,0.1960978766574195,-0.14442175708821314,0.01013257825070668,0.2872446606536757,0.15792368534121473,0.07707471926290857,-0.3849957656141023,-0.0415313874833412,0.0
71.8,36.389484807730945,23.226690939410727,1.9848205720978045,36.2,23.223930998894897,1.9946155252486482,0.18538380881833685,-0.14023115966957045,0.008289655403519783,0.19047340157409398,0.05387330122803255,0.05130586978921137,-0.18332294916190742,-0.06007158515849533,0.0
71.85000000000001,36.41839802555578,23.29285956761449,1.984941596093011,36.2,23.23937749803054,1.9911400629431288,0.17215788334238272,-0.13535456961898845,0.006218896655594619,0.10099004022239505,0.010772687966759474,0.02242384074401218,-0.04959733493094327,-0.07888858324016662,0.0
71.9,36.4440470407214,23.354922658795722,1.9841473284931521,36.2,23.25892476905407,1.9867419269628344,0.15799090937922156,-0.13053355468016872,0.004158982803205859,0.02389684705162616,0.01028765447362988,-0.005585749174854529,0.028302057474863494,-0.09679608742756743,0.0
71.95,36.46656724683571,23.413235634718262,1.982355468549132,36.2,23.28225585950538,1.9814924316112894,0.1437232511497025,-0.12596837923346352,0.002222164241314182,-0.03928941541463654,0.02524634162539912,-0.02520778531890825,0.06989011210500254,-0.11279105535788908,0.0
72.0,36.48608287231556,23.468150336880637,1.9795146816187232,36.2,23.30885127994795,1.9755084620117105,0.12982378891260782,-0.12156155365735943,0.00045982398842715045,-0.0886513617678573,0.03162777900057763,-0.028656591584624955,0.09218380955812595,-0.12605369660628019,0.0
72.05,36.50270761838192,23.520001283257823,1.975615076946226,36.2,23.33802972662174,1.968943311510108,0.11671158920037808,-0.11713371177299332,-0.0010888581208089347,-0.12315902104356516,0.015754014983052685,-0.011537305974569569,0.10404959075586978,-0.13594747268585206,0.0
72.10000000000001,36.516547976196506,23.56909491337577,1.9706964436729406,36.2,23.368988804096066,1.9619775190783855,0.10491799990307403,-0.11255036902016803,-0.0023771910686244757,-0.13939118916425672,-0.023360425710098054,0.025357337066581664,0.10460219530191386,-0.14201909704767948,0.0
72.15,36.527706817764376,23.615699132769624,1.9648522552589482,36.2,23.400845747922446,1.9548097067174497,0.09503959313470203,-0.10774211947702789,-0.0033594125325205333,-0.1329718970987656,-0.07863432013348523,0.07729259543562353,0.08785802726273069,-0.1439985350807957,0.0
72.2,36.53628643417042,23.660032817858603,1.9582290032792038,36.2,23.432678147287554,1.9476474168603006,0.08759134610054453,-0.10267175522746373,-0.004008711230737488,-0.10116036782702284,-0.14233166457165453,0.13828188086886745,0.04975361719370694,-0.1417990041122021,0.0
72.25,36.54239099679905,23.70225623296349,1.9510211886727296,36.2,23.463564667666038,1.9406979497751415,0.08289364553789579,-0.09731541424674615,-0.004327589276111195,-0.044971040639101456,-0.21042575913048334,0.20357547668241205,-0.008018244682044096,-0.13551697340686022,0.0
72.3,36.54612858787688,23.742463605703293,1.9434625036290203,36.2,23.49262577347343,1.934159200968478,0.08105825516280687,-0.09167596212860138,-0.00434493712673807,0.030734242867376693,-0.2813140438415862,0.27033483186879725,-0.07980594087621945,-0.1254321641676947,0.0
72.35000000000001,36.54761291112191,23.780678954715462,1.935813974539772,36.2,23.51906445071903,1.928210498588219,0.08204233868242153,-0.08579528059998014,-0.0041060064487776285,0.11958348639622632,-0.35168261735998346,0.33594934008198013,-0.16059890159631313,-0.11200754953558849,0.0
72.4,36.54696460603769,23.816855772545967,1.9283496237879367,36.2,23.542206929658736,1.9230034408267849,0.08566009937133386,-0.07974164998315555,-0.003667196084178645,0.2151329831654151,-0.4155759450575584,0.3971883401667053,-0.2474617168072783,-0.09588935458939872,0.0
72.45,36.544312094675725,23.850881177363025,1.9213405468283034,36.2,23.561543407448003,1.9186527333241998,0.09155865132793353,-0.07357731187510791,-0.003093700796108385,0.3116774661109893,-0.46691956517197236,0.44987533326280144,-0.33747902773455346,-0.07790705634593446,0.0
72.5,36.53979182027579,23.882584839975248,1.9150383165077376,36.2,23.576768770794672,1.9152270265711993,0.09920530630200895,-0.06733890352230013,-0.002455356233573054,0.40447491689399484,-0.5019465931351568,0.48905331393847024,-0.425679427155975,-0.05907338375997037,0.0
72.55,36.533547855089445,23.911752819220826,1.9096586682109733,36.2,23.58782331861186,1.9127397533123314,0.10790190954040198,-0.06104868852411846,-0.0018203361020479164,0.4893107392953303,-0.5189847482560547,0.5096944687901165,-0.5054373739759602,-0.040584317724245,0.0
72.60000000000001,36.52573091493825,23.938146292207943,1.9053663486463308,36.2,23.594933484670854,1.9111399659490578,0.11681671463643924,-0.0547438898949474,-0.0012486549566306016,0.5618397640592531,-0.5163724627836471,0.5074805065160591,-0.5705822918454587,-0.02381909106945308,0.0
72.65,36.51649680375202,23.961524894285837,1.902261765286661,36.2,23.598652560253967,1.9103031739428578,0.12501140267453836,-0.04848516472477712,-0.0007876346826213793,0.6175958218565801,-0.49093090973000836,0.47874885352719604,-0.6168130648463062,-0.010340188564267952,0.0
72.7,36.50600445693741,23.981674144407943,1.9003697285407393,36.2,23.59990141680744,1.9100221812183262,0.13145631410499034,-0.042349763306003055,-0.00046950424632649336,0.6522918944827125,-0.4374028040909297,0.42000737968371094,-0.6420397174621006,-0.0018933469153098986,0.0
72.75,36.494413721115656,23.998436068001226,1.8996301233200177,36.20000887219936,23.600008872199364,1.9100039924897125,0.13502016262929745,-0.03641272108815441,-0.0003111286347998284,0.6617295792953269,-0.3496136366584598,0.3292611956731718,-0.6464612076032664,0.0007734096175305747,0.0
72.8,36.48188283252995,24.011740437838082,1.8998999346538843,36.200637905540326,23.600637905540328,1.9102870574931468,0.13445676868700096,-0.030632299643508578,-0.0003139747455538573,0.6312767046234693,-0.22609189633232535,0.2678688318849961,-0.6782839795496349,0.012788684588324344,0.0
72.85000000000001,36.46856777749722,24.021624988141046,1.90103654546021,36.20327644896776,23.603276448967762,1.9114744020354921,0.12860143711695388,-0.02417922737832816,-0.0004556336853959951,0.5731184707141163,-0.13062373311573783,0.2950994603075991,-0.7448353132832151,0.0363086415718031,0.0
72.9,36.45463978823139,24.028245909289417,1.9030152243853304,36.208997604391165,23.608997604391163,1.914048921976023,0.11695788962188539,-0.015536836826758297,-0.0006625031178385544,0.5313006030689137,-0.1372335335460636,0.386239608847165,-0.7903090125863704,0.06770083489290618,0.0
72.95,36.440322136427774,24.031885662812275,1.9059629283747137,36.21849122997147,23.618491229971468,1.9183210534871598,0.10010036270407228,-0.003634284453349728,-0.0007941991341265518,0.530060767031558,-0.25250656416056105,0.5022465654479542,-0.7912435393621411,0.10369932275251757,0.0
73.0,36.4259204688516,24.032948491465696,1.910125987016255,36.23210466277393,23.632104662773923,1.924447098248265,0.07947844088572158,0.0115642600048898,-0.0006821631606195323,0.5692884637333946,-0.432919037570182,0.61191455852547,-0.7574812414836744,0.1414046672274415,0.0
73.05,36.41182876682844,24.03193927891016,1.9158052217625898,36.24988344142098,23.64988344142098,1.9324475486394395,0.05688482164524995,0.02914619174924765,-0.00020370119666922882,0.6324555766516282,-0.6231281704382919,0.6963962540329492,-0.7074370591908751,0.1782839342704072,0.0
73.10000000000001,36.39850932194123,24.029428818646647,1.9232832020054262,36.27161202874516,23.67161202874516,1.9422254129353216,0.03400372859930088,0.04768548140408994,0.0006662885582425415,0.6961517780784362,-0.7806983162038661,0.7477504018846302,-0.6520943830602104,0.2121706937100783,0.0
73.15,36.386455114483,24.02601209534225,1.9327614472841708,36.29685453444194,23.69685453444194,1.953584540498872,0.012188489653009432,0.06570272559926267,0.00185270453525797,0.7391682605387455,-0.8839146854189688,0.7643008283826245,-0.59151961236944,0.24126501925101498,0.0
73.2,36.37614599911472,24.022266801723912,1.9443185436325587,36.32499543772264,23.72499543772264,1.966247946975187,-0.007573794999546519,0.08194519823181887,0.003212131176972883,0.7474695432415339,-0.9281697099281773,0.7470803886213463,-0.5193650700626758,0.26413348847373264,0.0
73.25,36.36800838139892,24.01871781005053,1.9578924157599933,36.3552803099673,23.755280309967297,1.979876139485283,-0.02459687747750761,0.0954772857988048,0.00457287009872531,0.7149907302994276,-0.9181487649641056,0.6982534044686683,-0.4293668089920073,0.2797091828346617,0.0
73.3,36.36238424450911,24.015810729486905,1.9732835926206191,36.386856537377554,23.78685653737755,1.9940854418198966,-0.03840568292695548,0.10566842968385738,0.005767544683068473,0.6426430594641366,-0.8613706902812127,0.6201564324921399,-0.3194702265023691,0.28729168766615787,0.0
73.35000000000001,36.35951162402715,24.0138952065433,1.990173044209173,36.418814043629524,23.818814043629523,2.008466319633284,-0.04867762750374964,0.11214713017811623,0.0066569313378312,0.5365253348036695,-0.7651153632682236,0.5148944683474116,-0.19243971319546427,0.28654709217650054,0.0
73.4,36.35951602655226,24.013217082495625,2.0081478690712085,36.45022601252668,23.850226012526672,2.0226017056370025,-0.05522830922854592,0.11474898513025081,0.007148191636237782,0.4054598654633168,-0.6359789781798189,0.3849807075280085,-0.054242221687605285,0.27750798944989685,0.0
73.45,36.36241098949005,24.013917817995353,2.0267295126159826,36.48018961065273,23.880189610652728,2.036085324793728,-0.058038651183836276,0.1134644424736919,0.0072089816860762,0.25744096035248143,-0.4806866388766293,0.23567530850941223,0.08819964105634734,0.2605734764464788,0.0
73.5,36.36810560609531,24.016039625639717,2.0454011929665796,36.50786671002453,23.907866710024532,2.0485400195110386,-0.05726615941930287,0.10840793214504452,0.006870319722110823,0.09750426814523928,-0.30677103132800615,0.07643621642724659,0.22843181997874618,0.23650915400230324,0.0
73.55,36.376416868807304,24.019534763938033,2.0636330286597993,36.53252461074492,23.932524610744917,2.059636074835213,-0.05320257965683062,0.09982850439260885,0.006213663138958151,-0.07042002309491854,-0.12263710150263787,-0.08127653927776055,0.36067965124287427,0.20644712682935262,0.0
73.60000000000001,36.38708510852894,24.024277800160643,2.0809049568593854,36.55357676365562,23.953576763655622,2.0691095436450295,-0.04617595104265714,0.08813871271587957,0.005347069617470628,-0.23766251691673254,0.06436318679204117,-0.23002035768822077,0.47769893876539954,0.17188600351552383,0.0
73.65,36.3997907949938,24.03007965001294,2.09672780579611,36.570623492990116,23.970623492990118,2.076780571845552,-0.03652883758697628,0.07391840449319449,0.004390704162418617,-0.38787623093408297,0.24860058344322444,-0.36927843791377535,0.5698566153592876,0.13469089652466934,0.0
73.7,36.41417194606525,24.03670256458286,2.11066422877172,36.583492719026545,23.98349271902654,2.082571723561943,-0.024776037604187513,0.05783394468325996,0.0034754178109821714,-0.5057956729837281,0.4238821685881834,-0.4965863421277179,0.6273693070580544,0.09709342219653672,0.0
73.75,36.42984107622337,24.0438754328334,2.122350268245305,36.59228068074055,23.99228068074055,2.0865263063332478,-0.011748496016684516,0.040550952486530886,0.002725184282059153,-0.5888611274980979,0.5820054633440495,-0.5960377831816424,0.6416866218291202,0.06169170074681127,0.0
73.8,36.4464013315731,24.051309338372224,2.131518732946582,36.59739265845821,23.997392658458207,2.088826696306193,0.001525921753914701,0.022848467451257192,0.002217485195054569,-0.6405576865150312,0.7123378879980453,-0.6454645744339154,0.6058007464108608,0.031450356267100785,0.0
73.85000000000001,36.46346195672437,24.058713466351023,2.138025122252578,36.59958369650886,23.999583696508857,2.0898126634289858,0.014092126350944912,0.005784628023499257,0.0019604150373105167,-0.6509577979562506,0.8052311659766042,-0.6364678363407407,0.5110204029353199,0.00970051672493338,0.0
73.9,36.48065395194881,24.065811883357455,2.1418765855764117,36.59999932587802,23.999999325878015,2.089999696645106,0.02501602202502707,-0.00936328104890809,0.0019047653924634934,-0.5971719687764017,0.8548329190546975,-0.5743798957625343,0.34483573177108995,0.00013981396378135266,0.0
73.95,36.497647581537414,24.072362727959895,2.1432619009838363,36.60040723722687,24.00024434233612,2.0898737564596703,0.03297997910451145,-0.021234819437087066,0.001951701490914277,-0.49409440502234075,0.882416776568399,-0.4621420073089224,0.10239845019254745,-0.008581752612331258,0.0
74.0,36.51417694894123,24.078185012416732,2.142514477178326,36.603848471731055,24.002309083038632,2.0888069737633734,0.036245834185302,-0.028086564498013267,0.001957804533408943,-0.44799034056533354,0.9589437590794677,-0.3280971312975819,-0.1546404137369105,-0.03708695569147052,0.0
74.05,36.530086148559185,24.083199609336468,2.1399278435952893,36.61322769410734,24.0079366164644,2.0858994148267267,0.03331092909961946,-0.027422443836056663,0.001805353503059388,-0.4802454494655558,1.0363826227053465,-0.23787821596814174,-0.29274458721754826,-0.08154063465143725,0.0
74.10000000000001,36.545393331163055,24.087469522518887,2.135609722298548,36.630799829101065,24.01847989746064,2.08045205297867,0.023735667628882424,-0.017122718413967824,0.001530723993313989,-0.55701825721089,1.0712359671685623,-0.24508515140882112,-0.24774283384622706,-0.13805546483793707,0.0
74.15,36.56033564081589,24.091214583602053,2.1294366970859455,36.65821631051255,24.03492978630753,2.0719529437411093,0.008063733601043302,0.003211458540936681,0.0013667421429057894,-0.6503928312316604,1.0664368022405275,-0.35461678433527877,-0.04192987789404223,-0.2030354831868252,0.0
74.2,36.57536628627095,24.094792087020227,2.121078170628088,36.696572075001946,24.057943245001166,2.060062656749397,-0.01258516805029023,0.03207659236101962,0.0016665901352871109,-0.7615505670161901,1.0491561655015316,-0.5193290124743158,0.256546858883666,-0.27317608822420475,0.0
74.25,36.59110857206005,24.098654285186175,2.1100582429332566,36.74645255589411,24.08787153353646,2.0445997076728273,-0.03668261744994606,0.06714107554574883,0.00277055284125807,-0.8884993145557346,1.038049859885097,-0.687206651967145,0.5795565071160474,-0.3454640400663645,0.0
74.3,36.608292857327285,24.103301197730392,2.0958308328705932,36.80798067698347,24.12478840619008,2.025525990135125,-0.0624862808478333,0.10618325831282022,0.004862949823672452,-0.9985305381174332,1.0262983384509183,-0.8392087847312084,0.8844000903311777,-0.4171774604197931,0.0
74.35000000000001,36.627700190620025,24.10924285835121,2.0778540738690374,36.88086384633895,24.168518307803364,2.002932207634928,-0.08834056372326032,0.14702987679650403,0.007894687280517012,-1.0516538018645405,1.0033551189317893,-0.9721406860938764,1.1372572580632863,-0.48588583258119866,0.0
74.4,36.650123867602154,24.11697622416337,2.0556568692579456,36.964440950108695,24.218664570065215,1.9770233054663044,-0.11317302186826346,0.1874519082773674,0.011657848782917087,-1.0388217104290058,0.9626831206940938,-1.062964914750064,1.3092250885818253,-0.5494500014374306,0.0
74.45,36.67634933384307,24.12697569453539,2.0288958247093913,37.05772934632515,24.274637607795086,1.9481039026392057,-0.13653439857353664,0.2247985985648297,0.0159172341859222,-0.4124368819343538,0.3202749675757126,-1.638695042051815,1.9605600900620523,-0.6060221734655984,0.0
74.5,36.70711845673115,24.13969940334445,1.997451200013172,37.15947185870975,24.335683115225848,1.9165637237999777,-0.15770980555129951,0.24720984521546735,0.020222248131825698,-0.2034013458406032,0.08807152228150938,-1.6662639442048612,2.070951291432657,-0.6540459167329922,0.0
74.55,36.742937603332535,24.155585948542583,1.9614174895509855,37.26818377047791,24.400910262286743,1.8828630311518484,-0.17538485041599985,0.2502776644724507,0.023783846355641448,-0.41698988386662283,0.3039876087087594,-1.1508984166564284,1.6015186261077485,-0.692256160897101,0.0
74.60000000000001,36.783980189921884,24.175049347358556,1.9210940984562281,37.38219981814386,24.469319890886315,1.8475180563754048,-0.18931260374873848,0.24115539502020822,0.026262116135937683,-0.6016576854437878,0.49577579948188477,-0.5589303409408828,1.0352839838987817,-0.7196791972056215,0.0
74.65,36.83022162469336,24.198490591683832,1.877044633969281,37.4997211853254,24.53983271119524,1.8110864325491256,-0.19952252827772118,0.22879755415428255,0.02765688823791345,-0.5979824135045365,0.4750757139865933,-0.07429074665855873,0.5859275919173477,-0.7356326784964273,0.0
74.7,36.8815926304189,24.226285310791617,1.8300360346225408,37.618862496549,24.6113174979294,1.7741526260698097,-0.2057411527927919,0.21888185437888746,0.028023766961230177,-0.40857253306804675,0.24429634639628212,0.2770446387771517,0.28041687910280505,-0.7397256191976189,0.0
74.75,36.93807561234498,24.258755566630164,1.7809547468049631,37.73769881105449,24.682619286632697,1.7373133685731068,-0.20735919076895198,0.21300554683156295,0.027363642000024672,-0.10819607615471583,-0.10023798560137664,0.5430579151919703,0.048835784992561804,-0.7318583953274863,0.0
74.8,36.99974027256117,24.296137472894873,1.7307585587869403,37.85431261660001,24.752587569960006,1.701163088853996,-0.20375694235794112,0.2104272070524069,0.025644375684254237,0.22948721327988242,-0.46371215410172484,0.7735998187273578,-0.18059481289587853,-0.7122227444945204,0.0
74.85000000000001,37.066733255512865,24.338548464408916,1.6804494258642158,37.96684082326688,24.820104493960127,1.6662793447872684,-0.1946313714539414,0.20974011864648798,0.0228613216018583,0.5583210332225959,-0.7946854621379522,0.9933943462590087,-0.4379990177253923,-0.6813017658974014,0.0
74.9,37.13924548391778,24.385958117010563,1.6310474453158674,38.073521757264345,24.884113054358604,1.633208255248054,-0.18007605454855422,0.20975228979693064,0.01907069337856816,0.8554710762959832,-1.0778281860686716,1.2058465531317297,-0.7183515095553388,-0.6398699203250389,0.0
74.95,37.21747822498048,24.438167287207243,1.583558942787708,38.172742154734664,24.9436452928408,1.602449932032254,-0.16051245503845196,0.20979706756389835,0.014392057765146037,1.112511621655941,-1.3149108452023825,1.4022193832364342,-1.0008960915824776,-0.5889930301565152,0.0
75.0,37.301618940049735,24.494799041935075,1.5389385718137807,38.26308415555784,24.997850493334703,1.5744439117770703,-0.1365834812342959,0.2096720323577668,0.008990630251057693,1.328254011477469,-1.5108751060838819,1.5694983811690773,-1.2641204606306433,-0.5300282793611232,0.0
75.05,37.39182834781654,24.555302593941803,1.4980485515312767,38.343372297156506,25.0460233782939,1.5495545878814845,-0.10907121742335724,0.20942146380596727,0.003056424467417578,1.5034042808854837,-1.6677239289113464,1.696514301784026,-1.4929241282852936,-0.4646242134983535,0.0
75.10000000000001,37.48822886208761,24.618971360932065,1.461636093220823,38.41272050830083,25.087632304980495,1.5280566424267434,-0.07886665040323891,0.2038029029218396,-0.003169061468788077,2.669431094595476,-2.81655889563023,0.7441758732018203,-0.6450934350537462,-0.3947207397178784,0.0
75.15,37.59070015566534,24.684979046853865,1.430406406720273,38.47057910291332,25.12234746174799,1.5101204780968724,-0.04709077704149944,0.17135081437766334,-0.00894341376391456,2.6621891873982015,-2.7963790093053165,0.866324503228584,-0.8597231490830699,-0.3225491267596304,0.0
75.2,37.69832920518337,24.752407303898774,1.4048781892577886,38.51678177387379,25.15006906432427,1.495797650099127,-0.014938933365270367,0.11265004867587633,-0.013141870469148645,2.1576711222830003,-2.276919955423377,1.3873175081601654,-1.4513848903223217,-0.25063200495367993,0.0
75.25,37.80938135400597,24.82029080921412,1.3853281109491054,38.55159258682416,25.17095555209449,1.4850062980845127,0.016976015240858042,0.04189407544526796,-0.0151140484051387,1.6921481460695218,-1.7653005749539814,1.7749129112476039,-1.909255887856632,-0.18178336622032304,0.0
75.3,37.9217272010794,24.887657690805533,1.371766178267971,38.57575297397335,25.18545178438401,1.4775165780682613,0.048187379269454246,-0.0280805851669057,-0.014799531075576355,1.4187347343596457,-1.3957043873265427,1.88234517020057,-2.1059661171119863,-0.11910856407004816,0.0
75.35000000000001,38.03326113510403,24.95357293463197,1.363862963398154,38.59052872790217,25.1943172367413,1.472936094350328,0.07772606869876773,-0.09029588778227592,-0.012575236918021803,1.2795518609103842,-1.1240080460085027,1.780646884962053,-2.104710207722809,-0.06600431360353466,0.0
75.4,38.142155573104276,25.017194997380578,1.3609790060579974,38.59775699536813,25.19865419722088,1.4706953314358793,0.10411824705503196,-0.1423462728127506,-0.009145336185411449,1.1716733898084652,-0.8775305733578873,1.5859997739966525,-2.001413163614836,-0.02615869151171272,0.0
75.45,38.246958113142796,25.07783099055616,1.3622658198318307,38.599893271110396,25.199935962666235,1.470033085955778,0.12576524667203234,-0.18374963626711435,-0.005393894966219068,1.025481795610945,-0.6100247056219341,1.3717125955284528,-1.8581278305259938,-0.003551136075650679,0.0
75.5,38.346606692554786,25.134978168142858,1.3667591844320675,38.60005835358037,25.200019451193455,1.4699997568600818,0.1412598249443958,-0.2141569579360077,-0.002210884270913291,0.812643635990765,-0.30322281753610403,1.1591825317095754,-1.698144389435158,-3.2488119365792334e-05,0.0
75.55,38.44042410622771,25.188346376792094,1.3734491973363572,38.60189866457723,25.20063288819241,1.4699920888975948,0.14956745076555694,-0.23271500644484,-0.0003301182305579868,0.5420402880243729,-0.01681291398617968,0.9845550910083516,-1.5164826960155258,-0.0003208358593253414,0.0
75.60000000000001,38.52809794269742,25.237848769487197,1.3814042897358434,38.60876389569391,25.202921298564636,1.469963483767942,0.15063110714390826,-0.23835199542931812,-7.117853752645723e-05,0.2765342040465508,0.16387118676604495,0.8508978392927082,-1.2973278798575765,-0.000860677731756319,0.0
75.65,38.60964983760867,25.283562581351116,1.389896962103959,38.62334470744952,25.207781569149837,1.469902730385627,0.14564993633444867,-0.23064233540753862,-0.0011951114636534336,0.08019657713031714,0.22996239380415778,0.7228292518161007,-1.0562557729005237,-0.0015980876917612277,0.0
75.7,38.6854038598404,25.32568041602423,1.3984419931614553,38.64770692463143,25.215902308210474,1.469801221147369,0.1363567337557025,-0.21035323788939111,-0.0031344654690294476,-0.02076066227568718,0.2141613188116429,0.5767261649168284,-0.8203841081593964,-0.002482852495617548,0.0
75.75,38.75594791814491,25.364468347606035,1.4067697091738036,38.68333608990939,25.227778696636463,1.4696527662920442,0.12423949656316635,-0.1794507131727548,-0.0053142758303267,-0.0405031905842646,0.1555671227357447,0.41438109699577896,-0.6089059284495061,-0.0034684717007771805,0.0
75.8,38.82208724735733,25.40023925871841,1.414765577185178,38.73118201744963,25.243727339149878,1.4694534082606265,0.11024911289108008,-0.1406121389440125,-0.0073068042924760435,-0.016199774623724406,0.08522539495888487,0.2552744724471909,-0.42992244768730903,-0.004512157665866562,0.0
75.85000000000001,38.88479294185049,25.433340150089535,1.4224011623986927,38.79170334652897,25.263901115509654,1.4692012360561293,0.09488975653667821,-0.09659184415483682,-0.008829903479821315,0.015502843662716037,0.020220313236760407,0.12017843770797758,-0.28119654853123127,-0.005574835550686969,0.0
75.9,38.945148423733755,25.464146774425426,1.4296741161871238,38.8649120951488,25.288304031716265,1.4688961996035466,0.07846411849767067,-0.049813392889647375,-0.00969558647509716,0.03378651713593264,-0.03673053689775878,0.019715715393511052,-0.1528075304120111,-0.006621143316213305,0.0
75.95,39.00429649959862,25.493058783407548,1.4365669097648188,38.95041821364935,25.316806071216448,1.4685399241097943,0.06132707821192605,-0.0022693191937774152,-0.009784922418005906,0.03788404614398086,-0.09151818273428382,-0.049077989098759475,-0.03346020766882138,-0.007619431724595927,0.0
76.0,39.06338987502352,25.520491289512258,1.4430270703053314,39.04747413832366,25.349158046107885,1.4681355244236514,0.04402137294441025,0.0443614690104502,-0.009069714658621887,0.041041373187481314,-0.14937064262100752,-0.0981981810711862,0.08124231526869725,-0.008541764339159421,0.0
76.05,39.12354777350446,25.546862160634557,1.4489666106811059,39.155019345031725,25.38500644834391,1.467687419395701,0.027214221492075558,0.08854913858106969,-0.007641532676937012,0.057839201681465224,-0.20944878669377925,-0.13850153055822656,0.18536592925629236,-0.00936391752440292,0.0
76.10000000000001,39.185820266478096,25.572576858524503,1.4542754094480277,39.271724902814604,25.4239083009382,1.4672011462382724,0.011506459551338845,0.12885568918765475,-0.005694010581566262,0.09284342129156864,-0.2678534397687888,-0.1706693045913389,0.268271650238549,-0.010065380446000279,0.0
76.15,39.25116040476447,25.59801355087011,1.4588422847868567,39.3960380275084,25.465346009169465,1.4666831748853817,-0.0026697519095236566,0.16400563049620098,-0.0034661333917787823,0.1395792904552461,-0.3232598742995546,-0.18582425119332976,0.3228878983799004,-0.010629355070799292,0.0
76.2,39.320402845650726,25.623510729031143,1.4625779006700148,39.52622663535852,25.50874221178617,1.4661407223526728,-0.014967654663522196,0.1929833977790547,-0.0012061996625145068,0.18988666478763477,-0.3770528081772015,-0.1761115631934302,0.3476211339418443,-0.011042756166822928,0.0
76.25,39.39424682511472,25.64935837965165,1.4654348334522391,39.66042389663367,25.55347463221122,1.4655815670973598,-0.025034491143736008,0.21508076968320083,0.0008366227314112093,0.24329234355371465,-0.43109088554594943,-0.1448584542213724,0.34483347979643103,-0.011296211303268478,0.0
76.3,39.47324132636127,25.675792592088854,1.4674216012168164,39.79667278923996,25.598890929746656,1.4650138633781669,-0.03257904683533091,0.2298263009245268,0.0024430307531219434,0.30444839647969046,-0.4868849021010214,-0.1038908497323264,0.3202076402324413,-0.01138406085050776,0.0
76.35000000000001,39.557770902972365,25.702992820092916,1.4686089300047762,39.93297065233508,25.64432355077836,1.4644459556152705,-0.03748441008481537,0.23680742968145066,0.003473500705888915,0.3967580615082735,-0.5681103536126569,-0.0862033610692368,0.30509330903173254,-0.011304357980087087,0.0
76.4,39.64804029279085,25.731080781269256,1.4691282616002928,40.067313739942165,25.68910457998072,1.463886192750241,-0.039802797956457296,0.23547752409080114,0.0038869915970542097,0.4186861908660654,-0.5794413461261143,-0.0011339743752174225,0.2145689805600223,-0.011058868664727403,0.0
76.45,39.744059738321845,25.760119818974974,1.4691586147843743,40.19774177456419,25.732580591521398,1.4633427426059824,-0.0396438174067463,0.22622105225080513,0.0037185792678577244,0.46941963370660067,-0.626251617424646,0.04137355644010213,0.1653872060283146,-0.010653071678324152,0.0
76.5,39.845643466999896,25.790114442388255,1.468911301051513,40.32238250079788,25.77412750026596,1.4628234062466754,-0.037085651215272866,0.2090318178786382,0.0030500715784603843,0.4895252349667496,-0.649086953372429,0.09101265687301228,0.1090201165486928,-0.010096158595947322,0.0
76.55,39.95240326643213,25.821009733652097,1.4686049972376167,40.43949623894784,25.813165412982613,1.4623354323377173,-0.03218302366238581,0.18427333686855302,0.002006140379059948,0.4837703717727647,-0.6469186440993954,0.13589899252209492,0.053261393887254926,-0.0094010337938414,0.0
76.60000000000001,40.06374897316156,25.852691505270904,1.4684406018325389,40.54752043864069,25.8491734795469,1.4618853315056637,-0.025031411926760744,0.15261652915317933,0.0007616222797641215,0.46159030216588237,-0.6222976463750154,0.1633041635747317,0.006358994732252765,-0.008584314449425227,0.0
76.65,40.17890085320316,25.884988042601492,1.4685763819378366,40.64511423243904,25.881704744146347,1.4614786906981707,-0.015811219750070115,0.11486137620060702,-0.000467141673039803,0.42760676769533057,-0.5755395309597416,0.16988882545375025,-0.02962923006532367,-0.00766633054129285,0.0
76.7,40.296912922314256,25.91767425088336,1.4691069385952504,40.73120298945576,25.910400996485254,1.4611199875439342,-0.004796707292167745,0.07188375545437048,-0.0014494176106878752,0.3797439875962625,-0.503876824665842,0.16367401333684678,-0.060172911491759296,-0.006671124849212169,0.0
76.75,40.416704933353785,25.950478678767197,1.4700495787715786,40.805022868967946,25.935007622989314,1.4608124047126336,0.007654996168870581,0.02472194787711154,-0.0019756847691361464,0.3148344683128196,-0.40648344259820934,0.15781677299832297,-0.09318059920760002,-0.005626452954125882,0.0
76.80000000000001,40.53709991930022,25.983093375974775,1.4713405609224433,40.86616537403108,25.955388458010358,1.4605576442748704,0.021133716075061745,-0.025333927806282144,-0.0018915043106508527,0.23551034692466793,-0.28909409494559624,0.16249006681243305,-0.13367359394466516,-0.004563783238150891,0.0
76.85000000000001,40.656863885732385,26.015186037528792,1.4728420226569356,40.914621905093036,25.971540635031012,1.4603557420621123,0.03521508661172249,-0.07675292177846492,-0.0011185523541911518,0.15283644048956016,-0.16311062391840278,0.18064641859718103,-0.18335776302465764,-0.0035182968845795318,0.0
76.9,40.7747446589589,26.046413557332986,1.4743587137905616,40.950828313608305,25.983609437869436,1.460204882026632,0.04946672236618612,-0.12785653396359692,0.0003389376656629195,0.08317467660534308,-0.04090834342073221,0.2094137964906496,-0.2435750363323184,-0.00252888787787782,0.0
76.95,40.8895080856213,26.07643602360557,1.4756623855379445,40.97570945565199,25.991903151883996,1.46010121060145,0.06338396065941214,-0.17693381392672566,0.0023842586061768255,0.03975961860223612,0.06830911271513976,0.2467102642997523,-0.31769707943900705,-0.0016381630036865834,0.0
77.0,40.999971377584146,26.104930416493094,1.4765211119209256,40.99072374553393,25.996907915177975,1.4600386510602752,0.07630719303982801,-0.22229136054508403,0.0048020357635585615,-0.2561736068605964,0.4400476613235741,0.5782824576675436,-0.6912498845071049,-0.0008924418488211503,0.0
77.05000000000001,41.10504361400032,26.13160025508367,1.4767741473969425,40.9979077094128,25.999302569804268,1.4600087178774466,0.08738973663920004,-0.2544635043507786,0.007209913581291524,-0.7573787853628255,1.0126739384407235,1.1534919222035587,-1.304772576133007,-0.0003417568012713076,0.0
77.10000000000001,41.203944408543634,26.15618520377757,1.4763954547655609,40.9999205389102,25.99997351297007,1.4600003310878742,0.09566268827288998,-0.26123191695913656,0.009033443206436885,-0.3251018650344901,0.6258880948329797,0.8182666736640003,-0.9910782195905956,-3.985305020184706e-05,0.0
77.15,41.29647102601497,26.178484498558642,1.475405557919508,41.0,26.0,1.459994101498317,0.10068089901735458,-0.25023352230606455,0.009961830471164172,0.2548898781309966,0.08043448506184925,0.3449814372668979,-0.5411173299442209,-0.0006974022692096104,0.0
77.2,41.38282739826528,26.198360508203713,1.4739666000334188,41.0,26.0,1.4598479650547658,0.10217940447232127,-0.23420822541129538,0.009964952830829347,0.5955840186340032,-0.2835021018678957,0.0868923216282541,-0.2609919263165589,-0.0059825330937566335,0.0
77.25,41.4633483837223,26.21575366797699,1.472295924215082,41.0,26.0,1.459316828618288,0.1005296083054646,-0.22128564786754043,0.009251084601029006,0.6493865117845811,-0.42363099027917567,0.06031274773908465,-0.15842955620983365,-0.01600945544146008,0.0
77.30000000000001,41.53833086000626,26.23068902259104,1.470524768113067,41.0,26.0,1.4581766402734593,0.09677910231288744,-0.21372244163777698,0.008133488749038145,0.5373306640248114,-0.4101205561397623,0.13506115545782263,-0.14986237115755893,-0.030259749302728345,0.0
77.35000000000001,41.60797561371963,26.243256362985246,1.468651549663519,41.0,26.0,1.456228806142373,0.09209695494461587,-0.21039121107839,0.006880987786785421,0.3804299779928771,-0.3270880896204871,0.1971629830637198,-0.1548731853476403,-0.0482335131864755,0.0
77.4,41.672401844463074,26.253579400436454,1.4665575659699888,41.0,26.0,1.4532992644587124,0.08733329258345628,-0.20937817005488107,0.0056636982437864814,0.2411658044855043,-0.22567584901563714,0.1992460539785596,-0.13541706809569642,-0.06944936412014587,0.0
77.45,41.7316846596684,26.26179092220712,1.4640407098259745,41.0,26.0,1.4492375596418265,0.08287139166414928,-0.2092648685246208,0.00455173321446275,0.13223425195157548,-0.1257017650926922,0.1458793796722262,-0.08816391211075963,-0.09344443764969879,0.0
77.5,41.78588403451464,26.26801963888482,1.4608505588046556,41.0,26.0,1.4439159163708029,0.07872762665486235,-0.20933754570065372,0.0035431311345846895,0.044887989922461825,-0.032568558549027626,0.06180502211692293,-0.02378520439156541,-0.11977438783961213,0.0
77.55000000000001,41.835057522565485,26.272386677964036,1.45671918811451,41.0,26.0,1.4372283136585404,0.07474158700871994,-0.20936751486759433,0.002602200801318556,-0.031271365923583865,0.05174556070745094,-0.02947418610088322,0.04614609369771146,-0.14801338727289046,0.0
77.60000000000001,41.87926167490907,26.27500713963632,1.4513851925651744,41.0,26.0,1.429089558925831,0.07073144706166203,-0.20934819397595317,0.0016903095298528507,-0.10152278904797365,0.12519007875901866,-0.11294400216387145,0.11349601610079775,-0.17775412705103252,0.0
77.65,41.918549027825,26.27599274927921,1.444610634612912,41.0,26.0,1.4194343620754224,0.06657965337218259,-0.2093224159288561,0.0007827856854915451,-0.16629051811934012,0.1855431161048441,-0.18165294661748002,0.1736888847007156,-0.20860781679407958,0.0
77.7,41.95296495588165,26.275453613686267,1.436191721982858,41.0,26.0,1.4082164095660992,0.062260403386261993,-0.20931385447631567,-0.00012595112438518904,-0.22323374631638965,0.23148000091353782,-0.2341466203427348,0.22422178028108936,-0.2402041846405835,0.0
77.75,41.982545850538244,26.273498640632234,1.4259646655286347,41.0,26.0,1.3954074384867556,0.05782995555047814,-0.209323769052019,-0.0010247007570346664,-0.26905511325056364,0.2636358978635386,-0.2720868503816387,0.2630151555224024,-0.2721914772476148,0.0
77.80000000000001,42.00731861556351,26.270235070325477,1.4138077871319759,41.0,26.0,1.3809963106304655,0.0533772425970783,-0.20934476667452998,-0.001895789641020647,-0.30118021544740864,0.28404885301337635,-0.2980501919343591,0.28831008525433377,-0.3042364597907712,0.0
77.85000000000001,42.027300979342165,26.26576775164749,1.3996409838466075,41.0,26.0,1.364988086568572,0.0489682029151261,-0.20936876743867008,-0.0027265833407939043,-0.31894865182431015,0.2945269725599036,-0.31389264789593524,0.2996826358019085,-0.3360244159641422,0.0
77.9,42.042502193670686,26.260198648017237,1.3834234331518813,41.0,26.0,1.3474030997247382,0.044616499881638724,-0.20938925361575011,-0.003515538002185562,-0.3240371618586828,0.29536161172423386,-0.31993701122764556,0.2988383194100808,-0.36725914798036285,0.0
77.95,42.05292386637073,26.25362669269695,1.3651502486620049,41.0,26.0,1.328276030449037,0.040307096814914595,-0.20940232319503155,-0.004267266304451482,-0.3192692329867745,0.2859869594426374,-0.3157751828088222,0.28864933773222634,-0.39766297657057764,0.0
78.0,42.058560813866286,26.24614803851893,1.344848624647747,41.0,26.0,1.307654980092021,0.036038348990848464,-0.2094073760464622,-0.0049836757115872135,-0.30677167523201115,0.2666794465445174,-0.3017812596928911,0.2712905527521174,-0.4269767409844494,0.0
78.05000000000001,42.05940188625436,26.237856405528206,1.3225738546737293,41.0,26.0,1.28560054507879,0.031838626787951206,-0.2094076331168444,-0.005660410355301975,-0.2872634763767244,0.23929072133152474,-0.27961586584903864,0.2473675199239439,-0.4549597989901675,0.0
78.10000000000001,42.05543077744037,26.228843410029018,1.298405478446583,41.0,26.0,1.2621848909830908,0.027743973773811034,-0.20940779378204827,-0.006291471746335925,-0.26090861784176156,0.20622049417920846,-0.2513125600979931,0.21679559677661925,-0.48139002687441595,0.0
78.15,42.046626720447954,26.219198751265207,1.2724436826952972,41.0,26.0,1.2374908266013542,0.023775996680978524,-0.20941076248745089,-0.006873846588415166,-0.22818436385990332,0.1692560200726742,-0.21839887715404077,0.17985851468240538,-0.5060638194424217,0.0
78.2,42.03296629436574,26.20901021662167,1.2448074858523015,41.0,26.0,1.2116108780267925,0.01993678099119775,-0.20830091663852396,-0.007407837467299732,-0.528981865204929,0.46768677978045153,0.1570613012848081,-0.2007834393920292,-0.5287960900179217,0.0
78.25,42.0144632163534,26.19836307451007,1.2156488885058616,41.0,26.0,1.1846463627234685,0.016265786679651735,-0.1994741132278849,-0.007872598428495815,-0.49450494945226064,0.4337661072563763,0.20299096368552194,-0.2537795930695582,-0.5494202704431713,0.0
78.30000000000001,41.99129216333541,26.187339363863035,1.185151650767396,41.0,26.0,1.1567064636003608,0.012734471654648685,-0.18219007268427223,-0.008248258524167065,-0.2868809372390334,0.2255314369980319,0.0773161837604485,-0.1327354121111845,-0.5677883110789499,0.0
78.35000000000001,41.963820996195324,26.176018236345925,1.1535241135130336,41.0,26.0,1.127907303085471,0.009303320599245875,-0.16029511699707244,-0.008525291025148006,-0.09646993220834313,0.03020438389034899,-0.03406156240114089,-0.020333915761862546,-0.5837706808045394,0.0
78.4,41.9325350776046,26.164477034452087,1.1209863909547777,41.0,26.0,1.0983710171998489,0.005985992032296073,-0.1375215668030277,-0.008699738024471906,0.020565885579662047,-0.09377677795606323,-0.07854258668661071,0.028620177555205295,-0.5972563670177565,0.0
78.45,41.89795230402606,26.15279200157136,1.087744766140124,41.0,26.0,1.0682248296316987,0.0028267521020626926,-0.116068758630682,-0.008776337709415364,0.07717369914950736,-0.15521381319673672,-0.07000718611313672,0.023823662270893803,-0.6081528756349307,0.0
78.5,41.860568712972274,26.14103784641927,1.0539777055201283,41.0,26.0,1.037600125810445,-0.00014168435703011402,-0.09671330652954536,-0.00876803288997511,0.1018713543319911,-0.18086724409358018,-0.03523801803592136,-0.009878579263403658,-0.6163862310909106,0.0
78.55000000000001,41.82083740934494,26.129286558125994,1.0198373565422363,41.0,26.0,1.0066315269807986,-0.0029103357369156375,-0.07936783026202394,-0.008690459819734276,0.11607264641471914,-0.1935302368061549,0.007546407916803735,-0.05312354738537993,-0.6219009763390636,0.0
78.60000000000001,41.77916900351011,26.117606179738694,0.9854582060777729,41.0,26.0,0.975455964276865,-0.005478962519149386,-0.0636182356165327,-0.008557279916442156,0.1307141392446656,-0.20643582780425754,0.0507892344095063,-0.09625794067018054,-0.6246601728512721,0.0
78.65,41.735940487555844,26.106059997468282,0.9509662492528185,41.0,26.0,0.9442117527961664,-0.007843237053371437,-0.049054276093356775,-0.008379291146329364,0.14977360740962564,-0.2247956480185802,0.09325747079617724,-0.1369611860958833,-0.6246454006179415,0.0
78.7,41.6915042216327,26.09470625374069,0.91648606789293,41.0,26.0,0.9130376656737506,-0.009992786964994019,-0.0353827041749376,-0.008165524962895429,0.17491240802634161,-0.24993712051991204,0.13504627498824515,-0.17577746551893406,-0.6218567581479938,0.0
78.75,41.64619387141071,26.083598228534054,0.8821453920751556,41.0,26.0,0.8820720081562561,-0.011916960446305223,-0.022439455984896235,-0.007924441750016975,0.20746065042433465,-0.28195496110700613,0.17555462306868871,-0.21345123590130546,-0.6163128624688705,0.0
78.80000000000001,41.60032720076051,26.072784467529313,0.8480774479047314,41.0,26.0,0.8514516916759778,-0.013614077479134986,-0.010178599871377128,-0.0076643648059796735,0.24753370810659112,-0.31998571791626107,0.21450151258194528,-0.250795955288231,-0.6080508491265273,0.0
78.85000000000001,41.55420672363443,26.062308998513334,0.8144215682499095,41.0,26.0,0.8213113079249762,-0.01509491696033237,0.0013655245166045514,-0.007392998307859421,0.293347348274551,-0.36226307277181435,0.252817637534954,-0.28883677175002,-0.5971263721854475,0.0
78.9,41.50811929421585,26.05221144341076,0.781322535328011,41.0,26.0,0.791782202929098,-0.01637840944889821,0.012128116568363134,-0.007116765671746188,0.34177693977296264,-0.40665230436568534,0.29230329788674525,-0.32847868571120165,-0.5836136042286248,0.0
78.95,41.46233530437515,26.04252702825812,0.7489290534492401,41.0,26.0,0.7629915511220865,-0.017481933941924516,0.022052283968741624,-0.006840659574484534,0.38975807856125144,-0.451250981787975,0.33441957686455176,-0.3700920232292721,-0.5676052363575738,0.0
79.0,41.41710781418305,26.033286541602436,0.7173916746584502,41.0,26.0,0.7350614294196464,-0.018412243016383605,0.031111835324552726,-0.006568727577076364,0.43549331349105136,-0.4947237892516251,0.37923387794036356,-0.41333755937952443,-0.5492124781923288,0.0
79.05000000000001,41.372671785412734,26.024516274049546,0.6868604319779311,41.0,26.0,0.7081078912935093,-0.019168060114698134,0.039308475464097874,-0.0063045786910472575,0.47854169209803843,-0.5363477166258567,0.425445523729016,-0.4572463286558863,-0.5285650578714346,0.0
79.10000000000001,41.32924338190875,26.016237997191517,0.6574823752872929,41.0,26.0,0.6822400408455401,-0.019745542563614223,0.04666467785378618,-0.0060515028835517225,0.5195014875065982,-0.5760017571258678,0.4707868603470197,-0.500317136827855,-0.5058112220519734,0.0
79.15,41.28701938678928,26.008468986716533,0.6293991513986474,41.0,26.0,0.6575591068817637,-0.020145711939391218,0.053203687055608226,-0.005812169956289286,0.5588502168821212,-0.6135924368500234,0.5132407106891093,-0.5411435957982484,-0.48111773590952883,0.0
79.2,41.24617670730363,26.001222107919794,0.6027447239334707,41.0,26.0,0.6341575169864704,-0.020376599032634134,0.058940574950660345,-0.005588338272406243,0.5963850452121037,-0.648735609358782,0.551632287444039,-0.5787591014285361,-0.45466988313820833,0.0
79.25,41.206872012551095,25.9945059468508,0.5776432863390911,41.0,26.0,0.612117971596282,-0.02045203747969683,0.06388465698905545,-0.005380771456683803,0.6311739898909257,-0.6807368190344674,0.5856891694936226,-0.612665119597037,-0.42667146595063765,0.0
79.30000000000001,41.1692415458361,25.988324977083842,0.5542073884273255,41.0,26.0,0.591512518074221,-0.020388152016098556,0.06804637116454261,-0.005189421688469608,0.6619925893278387,-0.7087916460464702,0.6155991717106831,-0.6426280538379753,-0.3973448050779517,0.0
79.35000000000001,41.13340112197687,25.98267975534229,0.532536274479919,41.0,26.0,0.5724016247838062,-0.02019911624477023,0.0714454875419396,-0.005013803717988117,0.6878344301717891,-0.7322027261955986,0.6414834556005948,-0.6684520987011695,-0.3669307397698322,0.0
79.4,41.09944634269209,25.977567132927618,0.5127144151165967,41.0,26.0,0.5548332551630933,-0.01989635462425292,0.07411161258914645,-0.004853205751945074,0.7080709654519745,-0.7504343787211852,0.6632164396101691,-0.6899082592390174,-0.3356886277944508,0.0
79.45,41.06745299782579,25.972980495252173,0.4948102087904113,41.0,26.0,0.5388419417987721,-0.019489003554480196,0.07608296319580066,-0.004706787077504745,0.722485500796652,-0.7631424857474192,0.6803704268221868,-0.7066849777755049,-0.30389634543850735,0.0
79.5,41.037477643564095,25.968910025424645,0.4788748304596369,41.0,26.0,0.5244478605002328,-0.018985292378981063,0.0774054503456715,-0.004573561775061661,0.7311937723276088,-0.770209443898696,0.6922745918292881,-0.7183321613555413,-0.2718502875072219,0.0
79.55000000000001,41.009558362049205,25.965342986564526,0.4649411823007692,41.0,26.0,0.511655904373641,-0.018394589767645218,0.0781270969161922,-0.0044522976526336034,0.7343137214936403,-0.7715868858461321,0.6983272260324289,-0.7243982273103713,-0.23986536732432032,0.0
79.60000000000001,40.98371570769651,25.962264010410312,0.45302296300365164,41.0,26.0,0.5004547578960198,-0.017728556959767737,0.07829446491427805,-0.004341470010951927,0.7317625034505743,-0.7672009475544229,0.6981815688831868,-0.7245063663299228,-0.2082750167320787,0.0
79.65,40.9599537411414,25.959655411351992,0.4431137774073968,41.0,26.0,0.49081597098930907,-0.017000249829574644,0.07795086479190344,-0.004239381799207795,0.7232216295757476,-0.7568750590287199,0.6917653441832246,-0.7184181537038801,-0.1774311860912601,0.0
79.7,40.93826118397647,25.957497513273672,0.4351863396309962,41.0,26.0,0.48269303309444933,-0.016222341708716215,0.07713929603185404,-0.0041443581801530235,0.7082822198567672,-0.7403825044176269,0.6791178652913199,-0.7059663619335366,-0.14770434428115697,0.0
79.75,40.91861265204593,25.955768940228875,0.42919167722626256,41.0,26.0,0.4760204472454519,-0.015406653232820137,0.07590309733591767,-0.004054832119169669,0.6865190996464355,-0.7174840863582593,0.660307330530581,-0.6870101880548657,-0.11948347869958219,0.0
79.80000000000001,40.9009699597432,25.954446939087628,0.42505840542265494,41.0,26.0,0.4707128041434744,-0.014561160977487407,0.07428858971602875,-0.003969605398521011,0.6577774118404569,-0.6879471642500353,0.6351286408530145,-0.66140573344277,-0.0931760952628569,0.0
79.85000000000001,40.8852834711472,25.953507672514338,0.4226920059816891,41.0,26.0,0.46666385623090223,-0.013691904933436704,0.07234352178708205,-0.00388770432272741,0.622053595759358,-0.6515786176536132,0.6032159986007238,-0.6289638604394031,-0.06920821840584367,0.0
79.9,40.87149347194741,25.95292651488958,0.42197413452393456,41.0,26.0,0.46374559176540586,-0.01280365389078973,0.07011598520025748,-0.003808331025481754,0.5795130800532298,-0.608225133423384,0.564017130551279,-0.5894414189103904,-0.048024391081902214,0.0
79.95,40.859531524567906,25.952678336238787,0.4227619259023777,41.0,26.0,0.4618073088940281,-0.011901143046371524,0.06765167208325641,-0.003730765529391112,0.5302934836693761,-0.5577492871285121,0.5169855270101715,-0.5425580244490278,-0.03008767476291771,0.0
80.0,40.84932182706097,25.95273775898539,0.4248873669916249,41.0,26.0,0.46067468972725667,-0.010992300010999023,0.0649909931117899,-0.0036541588218360504,0.4742387388599084,-0.5000131842323968,0.46183730113678834,-0.48799956119417953,-0.01587964943929377,0.0
80.05000000000001,40.84078248278947,25.95307939372785,0.4281565502012058,41.0,26.0,0.46014887441309416,-0.010088216165817055,0.06216682168490392,-0.003577581715217966,0.41079489641429534,-0.43475154555652734,0.39865802833479497,-0.42554878191524587,-0.005900413619948139,0.0
80.10000000000001,40.833826806772294,25.953678082310642,0.43234912968811534,41.0,26.0,0.4600055352111322,-0.009199590359004223,0.059208151222905465,-0.003500284973825829,0.33914273125218125,-0.361594500873364,0.32774893976525754,-0.35504495845349904,-0.0006685843323313397,0.0
80.1247,40.8309475197993,25.95406106725835,0.43468613656211796,41.0,26.0,0.46000000000001506,-0.008798521297599487,0.05767211443189869,-0.003459975463168581,0.29760785764618747,-0.32199284954212903,0.29282457506029813,-0.3176047503727363,-1.2863740996654284e-09,0.0
