time,x,y,z,x_ref,y_ref,z_ref,roll,pitch,yaw,u1,u2,u3,u4,z_ref_rate,yaw_ref
0.0,-41.0,-26.0,1.5,-41.0,-26.0,1.5,-0.0,-0.0,-0.0,0.0,0.0,0.0,0.0,0.0,0.0
0.05,-41.0,-26.0,1.4997174539633624,-41.0,-26.0,1.5000352143518518,2.5325446013923587e-15,-7.206465401165434e-15,-2.983566023140278e-14,0.01642227219054216,-0.016422272190615147,0.016422272190884313,-0.01642227219128455,0.0020950462962962954,0.0
0.1,-41.0,-26.0,1.4990494647358497,-41.0,-26.0,1.500274637037037,1.3729096844130844e-14,-3.4898437170740965e-14,-1.2450387800809825e-13,0.055789761932028024,-0.05578976193241905,0.05578976193329821,-0.05578976193488827,0.008098518518518517,0.0
0.15000000000000002,-41.0,-26.0,1.4981092055425704,-41.0,-26.0,1.5009033375,1.0588689200795982e-13,-7.086402786284336e-14,-1.189203678408757e-13,0.11399533993173648,-0.11399533992689148,0.11399533992928734,-0.11399533993570068,0.017598750000000003,0.0
0.2,-41.0,-26.0,1.4970870251870392,-41.0,-26.0,1.502086162962963,2.20924618689825e-13,-9.404896987218235e-14,-3.8008066701203396e-14,0.184600382770183,-0.1846003827616938,0.1846003827643848,-0.18460038277321386,0.03019851851851851,0.0
0.25,-41.0,-26.000000000000007,1.496224795361667,-41.0,-26.0,1.503968460648148,2.838137695968788e-13,-9.610177612886197e-14,4.6635288976436314e-14,0.2608031488090929,-0.26080314879910543,0.26080314880146044,-0.2608031488106732,0.04551504629629629,0.0
0.30000000000000004,-41.0,-26.00000000000002,1.4957868505313268,-41.0,-26.0,1.5066768,2.007727635440665e-13,-7.092642937277336e-14,2.1287100164293403e-13,0.33663272051332954,-0.33663272050878024,0.3366327205108248,-0.3366327205121272,0.06318,0.0
0.35000000000000003,-41.0,-26.000000000000043,1.496038117705659,-41.0,-26.0,1.5103196949074074,1.0017324353738071e-13,2.866234806390671e-15,6.73605611270757e-13,0.4074079843159876,-0.4074079843109646,0.4074079843123386,-0.40740798430699543,0.08283949074074075,0.0
0.4,-41.0,-26.000000000000068,1.49722744394904,-41.0,-26.0,1.514988325925926,-2.7792226674525483e-14,3.684916383306668e-14,1.0633656382142358e-12,0.46983112110601843,-0.4698311211021176,0.4698311211088175,-0.46983112109737485,0.10415407407407404,0.0
0.45,-41.000000000000014,-26.00000000000009,1.4995776954244173,-41.0,-26.0,1.5207572625,-2.2997975523052126e-13,-2.8762436487987913e-13,1.0100341639562788e-12,0.521888979156083,-0.5218889791615301,0.5218889791878002,-0.521888979169015,0.12679874999999996,0.0
0.5,-41.000000000000014,-26.00000000000009,1.5032751042582724,-41.0,-26.0,1.5276851851851851,-3.663424761226351e-13,-2.585455436483477e-13,4.892960518813424e-13,0.5626148664864552,-0.5626148664969555,0.5626148665052859,-0.5626148664892328,0.1504629629629629,0.0
0.55,-41.000000000000014,-26.00000000000009,1.5084606499009252,-41.0,-26.0,1.5358156078703704,-1.8423088475543088e-13,-4.5086223934069976e-14,-9.02713281665482e-16,0.5923717221836874,-0.5923717221828207,0.5923717221753563,-0.5923717221772026,0.17485060185185183,0.0
0.6000000000000001,-41.000000000000014,-26.00000000000009,1.5152451703509164,-41.0,-26.0,1.5451776,7.803100616120737e-14,-4.922430967273792e-14,-4.929162891807197e-13,0.6115648438983404,-0.6115648438904624,0.6115648438859063,-0.6115648439013412,0.19968,0.0
0.65,-41.000000000000014,-26.00000000000009,1.5236904713383255,-41.0,-26.0,1.5557865087962963,1.7715347185592554e-13,7.261042052153598e-14,-1.0162464696217702e-12,0.6215250107810284,-0.6215250107792492,0.621525010763919,-0.6215250107804895,0.22468393518518515,0.0
0.7000000000000001,-41.000000000000014,-26.00000000000009,1.5338379232183632,-41.0,-26.0,1.5676446814814815,4.792921908524621e-14,3.6924259397454216e-13,-1.472552591575893e-12,0.6231531883535801,-0.6231531883689523,0.6231531883327142,-0.6231531883383483,0.24960962962962963,0.0
0.75,-41.000000000000014,-26.00000000000009,1.5456930915518898,-41.0,-26.0,1.5807421875,5.5867789678161234e-14,-4.4947880883540646e-13,-1.9193752699732593e-12,0.617718603848079,-0.6177186038597361,0.6177186038881667,-0.6177186039038137,0.27421874999999996,0.0
0.8,-41.000000000000014,-26.00000000000009,1.5592356028469667,-41.0,-26.0,1.5950575407407408,3.8168150051668517e-13,-1.2808559795835622e-12,-2.338314071293004e-12,0.6064121054190255,-0.6064121054159165,0.6064121054627382,-0.6064121054989661,0.29828740740740733,0.0
0.8500000000000001,-41.000000000000014,-26.00000000000009,1.5744289234345583,-41.0,-26.0,1.6105584217592592,5.078072179221548e-13,-1.3335212991665262e-12,-2.757152698959938e-12,0.5900981145468982,-0.5900981145479526,0.590098114561448,-0.590098114599528,0.3216061574074074,0.0
0.9,-41.00000000000002,-26.00000000000009,1.5912110087734057,-41.0,-26.0,1.6272024,6.012365302729165e-13,-9.006536081664059e-13,-3.149939743869457e-12,0.5698003433818423,-0.5698003433863083,0.5698003433656355,-0.5698003434058666,0.3439799999999999,0.0
0.9500000000000001,-41.00000000000006,-26.000000000000096,1.6095117811875885,-41.0,-26.0,1.6449376560185185,6.522813272692746e-13,-3.8894018884567227e-13,-3.6166564287587233e-12,0.5461024847551673,-0.5461024847639196,0.5461024847245758,-0.5461024847673005,0.36522837962962956,0.0
1.0,-41.00000000000017,-26.000000000000167,1.6292430656751065,-41.0,-26.0,1.6637037037037037,4.100088941720706e-13,2.6512659371665944e-13,-3.98485068218205e-12,0.5196905067638296,-0.5196905067851092,0.5196905067301791,-0.5196905067653563,0.38518518518518513,0.0
1.05,-41.00000000000024,-26.000000000000238,1.6503182408931631,-41.0,-26.0,1.6834321125,2.575208308789955e-13,5.201561813829681e-13,-4.248106231747595e-12,0.49067939959572504,-0.49067939961979634,0.49067939957157536,-0.4906793996072827,0.40369874999999994,0.0
1.1,-41.00000000000028,-26.000000000000338,1.6726227763599997,-41.0,-26.0,1.7040472296296296,2.4598134788934956e-13,5.149608997158989e-13,-4.236891220695381e-12,0.45988347224172277,-0.45988347225950366,0.45988347221931414,-0.4598834722610958,0.42063185185185176,0.0
1.1500000000000001,-41.00000000000032,-26.000000000000433,1.6960535284223976,-41.0,-26.0,1.7254669023148148,9.095759511115982e-14,4.598521241441963e-13,-4.418767833110886e-12,0.4272304647827843,-0.42723046480992094,0.42723046477282184,-0.427230464808449,0.43586171296296283,0.0
1.2000000000000002,-41.00000000000032,-26.000000000000536,1.7204972590613166,-41.0,-26.0,1.7476032,-1.0348844836503724e-13,3.586616366518817e-13,-4.83267647016045e-12,0.3928802304416681,-0.3928802304780549,0.3928802304407218,-0.3928802304735139,0.44927999999999996,0.0
1.25,-41.00000000000032,-26.000000000000657,1.7458285829885998,-41.0,-26.0,1.770363136574074,-2.2700501459114296e-13,1.9966438889805871e-13,-5.3436711854573884e-12,0.3572173564085883,-0.35721735644644204,0.35721735641394037,-0.3572173564525938,0.4607928240740739,0.0
1.3,-41.00000000000032,-26.000000000000753,1.7719200211314279,-41.0,-26.0,1.7936493925925925,-2.48679848801656e-13,-4.4085107991808155e-14,-5.9175614177541185e-12,0.32047368358097333,-0.3204736836216107,0.3204736835915984,-0.32047368363549716,0.47032074074074065,0.0
1.35,-41.00000000000033,-26.000000000000828,1.7986457953010233,-41.0,-26.0,1.8173610375,-2.2581314362784452e-13,-1.1622192342134898e-13,-6.416000396879052e-12,0.2826916109966241,-0.2826916110393595,0.2826916110028484,-0.2826916110513809,0.4777987499999999,0.0
1.4000000000000001,-41.00000000000034,-26.000000000000906,1.825871146515249,-41.0,-26.0,1.841394251851852,-1.8322275217149761e-13,-1.9700213943889777e-13,-6.987503780099973e-12,0.24417240573056512,-0.24417240577412216,0.24417240573720686,-0.24417240579332286,0.48317629629629616,0.0
1.4500000000000002,-41.00000000000039,-26.00000000000098,1.8534594425235982,-41.0,-26.0,1.865643049537037,-4.590013283166876e-13,4.02865476109204e-14,-7.484415189503505e-12,0.20515796215821247,-0.2051579622213651,0.20515796216301094,-0.20515796220603014,0.48641726851851824,0.0
1.5,-41.00000000000049,-26.000000000001048,1.8812754749195284,-41.0,-26.0,1.89,-5.597940787637952e-13,2.6908991124773485e-13,-7.935854540133088e-12,0.165828241015928,-0.16582824108021252,0.16582824101934743,-0.16582824106760488,0.4874999999999999,0.0
1.55,-41.000000000000576,-26.000000000001094,1.9091792165470434,-41.0,-26.0,1.914356950462963,-3.878239564694105e-13,1.3251899601560294e-13,-8.356241892084742e-12,0.12651569110119001,-0.1265156911570484,0.1265156911086359,-0.1265156911714366,0.48641726851851824,0.0
1.6,-41.000000000000604,-26.00000000000111,1.9370337462468827,-41.0,-26.0,1.938605748148148,-2.705247778041687e-13,1.2072299819715286e-14,-8.85086105005465e-12,0.08731810874105976,-0.08731810880002919,0.08731810874539672,-0.08731810881224616,0.4831762962962963,0.0
1.6500000000000001,-41.000000000000625,-26.000000000001116,1.9647059289584292,-41.0,-26.0,1.9626389624999998,-1.860458456773411e-13,5.0463363213604166e-14,-9.274435084038394e-12,0.04836919546694679,-0.04836919552916556,0.048369195462089065,-0.048369195531506884,0.4777987499999999,0.0
1.7000000000000002,-41.000000000000625,-26.000000000001116,1.9920643238740494,-41.0,-26.0,1.9863506074074075,-1.4938802324941855e-13,3.9500574356035803e-14,-9.64371537347464e-12,0.009828714992735979,-0.009828715057623763,0.009828714990864044,-0.009828715062843366,0.4703207407407405,0.0
1.75,-41.000000000000625,-26.000000000001116,2.0189711936817396,-41.0,-26.0,2.009636863425926,-1.1295439694080124e-13,-7.427378448873141e-14,-1.001997673173311e-11,-0.02771550585658418,0.02771550578972382,-0.02771550585240756,0.027715505776980492,0.4607928240740739,0.0
1.8,-41.000000000000625,-26.000000000001116,2.045304245399434,-41.0,-26.0,2.0323968,-9.122737301829783e-14,-7.560546876596571e-14,-1.0383801800636051e-11,-0.06438534411454111,0.06438534404431227,-0.06438534411406209,0.06438534403678041,0.44927999999999996,0.0
1.85,-41.000000000000625,-26.000000000001116,2.0709351560000218,-41.0,-26.0,2.054533097685185,-1.5950647915642448e-13,6.78042658747641e-14,-1.0917746938714175e-11,-0.09968068351539261,0.0996806834372033,-0.09968068351989437,0.09968068344263997,0.4358617129629627,0.0
1.9000000000000001,-41.000000000000625,-26.000000000001116,2.095741623728201,-41.0,-26.0,2.07595277037037,-2.1447428649945156e-13,2.142466007116564e-13,-1.1393055456173805e-11,-0.13327567073235336,0.13327567064936324,-0.1332756707390323,0.13327567066006313,0.4206318518518516,0.0
1.9500000000000002,-41.000000000000625,-26.000000000001116,2.1196137587697432,-41.0,-26.0,2.0965678875,-3.166790931958043e-13,3.175589107775082e-13,-1.1721036536914945e-11,-0.16512977724402117,0.16512977715500754,-0.16512977724755828,0.165129777170389,0.40369875,0.0
2.0,-41.000000000000625,-26.000000000001116,2.1424394851973663,-41.0,-26.0,2.116296296296296,-3.784663848451439e-13,4.884027280874811e-13,-1.1627672247578981e-11,-0.1947679210062022,0.19476792091860287,-0.19476792101597382,0.19476792093935727,0.38518518518518535,0.0
2.0500000000000003,-41.000000000000625,-26.000000000001116,2.1641196767004027,-41.0,-26.0,2.1350623439814815,-1.7870695514379685e-13,2.1414819818343365e-13,-1.1104625443267383e-11,-0.2220741237586578,0.22207412368731733,-0.2220741237570385,0.22207412367209634,0.3652283796296292,0.0
2.1,-41.000000000000625,-26.000000000001116,2.1845617796170167,-41.0,-26.0,2.1527975999999995,-1.6625618280226973e-13,-6.39844018415111e-14,-1.0680375782238737e-11,-0.24677098918764243,0.24677098911564854,-0.24677098917420903,0.24677098909526507,0.34397999999999945,0.0
2.15,-41.000000000000625,-26.000000000001116,2.203682609277632,-41.0,-26.0,2.1694415782407406,-7.599844899558798e-14,-1.5512523450162696e-13,-1.0262380869592949e-11,-0.268625340462696,0.2686253403969705,-0.2686253404587997,0.26862534037911623,0.32160615740740706,0.0
2.2,-41.000000000000625,-26.000000000001116,2.2214075411029572,-41.0,-26.0,2.1849424592592595,-8.480727200033935e-14,1.5161494733892555e-14,-9.861459754680066e-12,-0.28736233210740314,0.287362332040347,-0.28736233211380535,0.2873623320409401,0.29828740740740733,0.0
2.25,-41.000000000000625,-26.000000000001116,2.2376758544296034,-41.0,-26.0,2.1992578125,-2.272591653243044e-13,1.187077387822913e-13,-9.528810877003951e-12,-0.30284333448921813,0.3028433344163029,-0.3028433344894966,0.30284333442701145,0.27421874999999996,0.0
2.3000000000000003,-41.000000000000625,-26.000000000001116,2.2524355676763377,-41.0,-26.0,2.2123553185185187,-2.5164549205570153e-13,3.128051870157182e-14,-9.338892759322381e-12,-0.31482639561291287,0.3148263955451697,-0.3148263956058818,0.31482639554052033,0.24960962962962954,0.0
2.35,-41.000000000000625,-26.000000000001116,2.2656441138668897,-41.0,-26.0,2.2242134912037033,-3.1319695127655696e-13,-3.0242443341385594e-13,-9.275890052886849e-12,-0.32295721510024333,0.32295721503126024,-0.3229572150721784,0.32295721500883895,0.2246839351851854,0.0
2.4000000000000004,-41.000000000000625,-26.00000000000111,2.277273033453034,-41.0,-26.0,2.2348224,-1.440840981611261e-13,-1.0462495132279325e-12,-9.190434304297394e-12,-0.32697366685150075,0.32697366679333695,-0.32697366679902795,0.32697366672633055,0.1996799999999993,0.0
2.45,-41.000000000000625,-26.000000000001098,2.2873115436337734,-41.0,-26.0,2.244184392129629,8.837471383591231e-13,-1.6334114040321038e-12,-9.03428104010296e-12,-0.32682009111536936,0.3268200911182574,-0.32682009112031685,0.32682009098909637,0.17485060185185114,0.0
2.5,-41.00000000000067,-26.000000000001098,2.295759508046445,-41.0,-26.0,2.2523148148148144,2.028825998207611e-12,-1.031980986952173e-12,-8.771235073299928e-12,-0.32221824319458214,0.3222182432255901,-0.3222182432830706,0.3222182431276832,0.15046296296296272,0.0
2.5500000000000003,-41.00000000000078,-26.000000000001098,2.3026349710087057,-41.0,-26.0,2.2592427375000006,2.2638389885708382e-12,-4.061951526803667e-14,-8.594162433913114e-12,-0.31304768820926493,0.3130476882193405,-0.31304768831018837,0.31304768817792095,0.12679874999999946,0.0
2.6,-41.000000000000846,-26.00000000000116,2.307966027945384,-41.0,-26.0,2.2650116740740738,1.6217728657849815e-12,5.344743332700111e-13,-8.500671657302421e-12,-0.29893652067947696,0.2989365206458705,-0.2989365207401815,0.2989365206527659,0.10415407407407369,0.0
2.6500000000000004,-41.000000000000924,-26.00000000000127,2.3117995385336756,-41.0,-26.0,2.2696803050925927,5.509844056731301e-13,7.971679849825576e-13,-8.383627762908829e-12,-0.27965088316195075,0.27965088308659214,-0.27965088317154474,0.2796508831277138,0.08283949074074036,0.0
2.7,-41.00000000000094,-26.000000000001407,2.314200273689392,-41.0,-26.0,2.2733231999999997,-4.58275532141512e-14,5.610875312438561e-13,-8.262040908994658e-12,-0.25502492016028505,0.25502492008897276,-0.2550249201466935,0.25502492010052286,0.06318000000000014,0.0
2.75,-41.000000000000945,-26.00000000000153,2.3152528305009388,-41.0,-26.0,2.276031539351852,-2.1564635874162008e-13,9.212888013780944e-14,-8.308631021101699e-12,-0.2249237513715298,0.22492375130971431,-0.22492375134663828,0.22492375128998154,0.0455150462962968,0.0
2.8000000000000003,-41.00000000000095,-26.000000000001652,2.3150583457085956,-41.0,-26.0,2.277913837037037,-3.162836799047259e-13,-2.0440693599212849e-13,-8.462446256135805e-12,-0.1891527903473822,0.18915279028807425,-0.18915279032507198,0.18915279026363108,0.030198518518518413,0.0
2.85,-41.00000000000095,-26.00000000000177,2.3137372242678778,-41.0,-26.0,2.2790966624999993,-3.7387605282300997e-13,-2.0335943847956896e-13,-8.614175760013785e-12,-0.14748653098805814,0.1474865309292792,-0.14748653098036052,0.1474865309163127,0.017598750000000662,0.0
2.9000000000000004,-41.00000000000096,-26.000000000001872,2.31143692574853,-41.0,-26.0,2.2797253629629624,-4.5163635440821693e-13,-7.805255827118301e-14,-8.933977685441591e-12,-0.09996180332709631,0.0999618032633013,-0.09996180332652659,0.09996180326283467,0.008098518518518059,0.0
2.95,-41.00000000000104,-26.000000000001965,2.3083116570120863,-41.0,-26.0,2.2799647856481475,-6.678551465138532e-13,1.3760059951217627e-13,-9.407340215600478e-12,-0.046121954268521094,0.04612195419372993,-0.04612195426365735,0.04612195420410149,0.002095046296296177,0.0
3.0,-41.0000000000011,-26.000000000002018,2.304549367797193,-41.0,-26.0,2.28,-4.0253447813296524e-11,6.919379295425645e-11,-1.034647277503788e-11,0.013980610584178425,-0.013980749490413056,0.013980516913545233,-0.013980378155905535,0.0,0.0
3.0500000000000003,-40.999999941314634,-25.999999964262503,2.3003636831455396,-40.99934651848116,-25.999607911088695,2.2798758385114204,-3.305500046078535e-05,5.5922045166772636e-05,8.837025650731452e-10,0.053092808625501434,-0.004669237811390059,0.08468111984966287,-0.13310467435223494,-0.007325822226396677,0.0
3.1,-40.99999571614754,-25.999997411712464,2.295925451408914,-40.99502944021178,-25.997017664127068,2.2790555936402384,-0.00082469934534002,0.001321275192181423,5.520811231100273e-07,0.01716354857862909,0.1985770935747333,0.15435656598612826,-0.3700874722889309,-0.02736770554481536,0.0
3.1500000000000004,-40.99994754582512,-25.999968102957723,2.2912944987023796,-40.98406922936615,-25.990441537619688,2.276973153579568,-0.004408658559240702,0.007062795274438045,1.5696141966609336e-05,-0.0690647175610582,0.4568061972709153,0.17131282055547792,-0.5587872950071686,-0.0573710643702006,0.0
3.2,-40.99970741890963,-25.9998206582348,2.2863613907872993,-40.964185137648634,-25.978511082589183,2.2731951761532407,-0.012841781553879434,0.020699868047279104,0.000131239180509371,-0.1677616620592347,0.6342525551939975,0.10660839003455996,-0.5709430009276351,-0.09477969905896405,0.0
3.25,-40.99894943387859,-25.99935196997784,2.2808461493301015,-40.933742997467,-25.960245798480198,2.2674111695187293,-0.027054282511013758,0.04364745038600929,0.0005739176316661712,-0.2624468849828351,0.6967612022684565,-0.025615850963954995,-0.3995675288289181,-0.13723579590898585,0.0
3.3000000000000003,-40.99714828727515,-25.99823295376879,2.274331260792725,-40.89170301510567,-25.935021809063404,2.259423572870077,-0.046634757098089154,0.07491626267424434,0.0016836215022591316,-0.3587250849285466,0.681123304336509,-0.17871785915655286,-0.11761934175875804,-0.18257992715961432,0.0
3.35,-40.99360868027774,-25.996028833145104,2.2663163042638903,-40.83756756389907,-25.90254053833944,2.249137837140823,-0.07017281188293355,0.11222771800979034,0.003770785159994589,-0.4574855595347638,0.6337767506942275,-0.30964539058351304,0.1904453492121626,-0.22885105099166425,0.0
3.4000000000000004,-40.98752020870851,-25.992238821244555,2.2562776159400957,-40.771328977404885,-25.862797386442928,2.2365525057069275,-0.09579106115131283,0.15317054179421388,0.006957633578542333,-0.5349702291611382,0.571611588179645,-0.4053438518440685,0.4722250888151833,-0.2742865115274202,0.0
3.45,-40.97801214572179,-25.986337165196026,2.2437235248730665,-40.693417342577376,-25.816050405546427,2.221749295089702,-0.12155863170501924,0.19547494537943305,0.011094901215005198,-0.5555490890011108,0.49211347234079206,-0.4736183451692826,0.6998134946095467,-0.3173220388306325,0.0
3.5,-40.964197542292084,-25.977802826896667,2.22825697710652,-40.604648292940695,-25.762788975764416,2.2048831756587317,-0.14584791232449132,0.23303510112738104,0.015781237599918865,0.29494516241053503,-0.4004744146208503,-1.3127809353551427,1.6469154324546214,-0.3565917489065212,0.0
3.5500000000000003,-40.945297393485276,-25.966128954321114,2.2096842069347398,-40.50617080176214,-25.70370248105728,2.1861724523348056,-0.167510564662427,0.24992486840470385,0.020318506008610262,0.22806384376963051,-0.3267505899915699,-1.1370017963048127,1.526389931432796,-0.3909281437017733,0.0
3.6,-40.92091317990794,-25.950845965511803,2.18795720457625,-40.39941497522548,-25.63964898513529,2.165888845292841,-0.1859692242425004,0.2475664075301207,0.024061474740625997,-0.1215043526693736,0.03575477220409773,-0.587815241978395,1.0145872523480106,-0.4193621111045434,0.0
3.6500000000000004,-40.89101402467825,-25.93151805974061,2.1632334523842567,-40.286039845604265,-25.57162390736256,2.1443475706648107,-0.20089950914334964,0.23625288883803158,0.026713295682478915,-0.34531611695529196,0.253485238389236,-0.08877846294583913,0.5571218894057678,-0.44112292494445515,0.0
3.7,-40.85573426484913,-25.907736265320544,2.1358964030902756,-40.16788116443511,-25.500728698661064,2.1218974212426702,-0.21206837509257168,0.22433922185058505,0.028258277612607494,-0.35689693036318787,0.23550991255078407,0.2505839898552144,0.2680055800263717,-0.4556382449925982,0.0
3.75,-40.815212523681154,-25.879135707460975,2.1064654862704595,-40.04689919569096,-25.42813951741458,2.098910847181283,-0.21909887543321963,0.21590245859876517,0.028753176271529166,-0.21107443650235924,0.049029250453510975,0.46284016258367733,0.1027620166443503,-0.46253411696153196,0.0
3.8000000000000003,-40.769510201188915,-25.845421590155436,2.075527131747473,-39.92512650895447,-25.35507590537268,2.0757740367013486,-0.22150346599488221,0.21151732197114514,0.02822541275617446,0.009570696017215052,-0.21180274539210786,0.6125975480088277,-0.014703859933381969,-0.4616349725052824,0.0
3.85,-40.718597040293155,-25.806395953945593,2.043708574445923,-39.804615772591205,-25.28276946355472,2.052876996792328,-0.2187538733486618,0.2099520082388772,0.02665189883087827,0.24206927859925176,-0.47485762043124424,0.7478340795503271,-0.1419856010183661,-0.4529636292193442,0.0
3.9000000000000004,-40.662375892480405,-25.76198353985139,2.0116667564798965,-39.687387546923006,-25.212432528153805,2.0306036339153715,-0.21047237314626296,0.20971968200722918,0.024006494164962658,0.4561655936241416,-0.7030977324908195,0.8852774235438229,-0.30298988041776165,-0.43674129064067907,0.0
3.95,-40.60071787126448,-25.712253281593004,1.9800755735149014,-39.57537807740128,-25.14522684644077,2.0093218347062436,-0.19662530862160268,0.20983395020363596,0.020319079720411803,0.6450430995565579,-0.8891382516608273,1.01928923415395,-0.49219473707332706,-0.41338754624771734,0.0
4.0,-40.533490519156054,-25.657432140417928,1.9496063486816115,-39.470387087780274,-25.082232252668163,1.9893735466782516,-0.17753950784477224,0.20986958920419865,0.015691972636385956,0.8101661066723616,-1.0394059061002965,1.137329354129045,-0.6906041318192531,-0.3835203714603571,0.0
4.05,-40.46057416482019,-25.59790952202326,1.9209022543844596,-39.374025573290375,-25.024415343974223,1.9710648589251707,-0.15380390609441,0.20974383583439257,0.010281582756497333,0.9522142635167681,-1.1609239019465278,1.2296144013766346,-0.8798547010146855,-0.3479561276399633,0.0
4.1000000000000005,-40.38186895588774,-25.534232159359043,1.8945497081260767,-39.28766359381142,-24.972598156286857,1.9546560828241706,-0.1261514487472211,0.20951207318578435,0.004269970225534785,1.0699242985389517,-1.256311965948581,1.2908721553999924,-1.048224960736764,-0.3077095620893699,0.0
4.15,-40.29729685413536,-25.467089914588346,1.8710505167030043,-39.21237806704602,-24.927426840227614,1.9403518327387437,-0.09539987332227559,0.20924791972281276,-0.002151153340658128,1.161408219871184,-1.324788064121332,1.3194352252789177,-1.1902503674995435,-0.2639938080528792,0.0
4.2,-40.206801719982565,-25.397293100857393,1.8507985241370855,-39.14890056169279,-24.889340337015675,1.9282911067216302,-0.062439820646965676,0.2089512891273912,-0.008784214598035273,1.6519900279241995,-1.7913882261887122,0.8894001882570004,-0.8775326668392007,-0.21822038471625918,0.0
4.25,-40.110373949519655,-25.32573953152823,1.8341162756339662,-39.09756509061971,-24.858539054371825,1.9185373672177444,-0.028460205956994382,0.19609084778416855,-0.01524304417848817,2.497374784375023,-2.625899017695208,0.043104341330075534,-0.1322534037242369,-0.17199919720674772,0.0
4.3,-40.00840348429088,-25.253374149744864,1.8213232464121494,-39.05825590403739,-24.834953542422433,1.9110686217671038,0.005326773466352341,0.15095491143157963,-0.020493848866631005,2.123611068767973,-2.247183924465527,0.3494485008597706,-0.5147302911006322,-0.12713853659305,0.0
4.3500000000000005,-39.902167915220275,-25.181153558347336,1.8125155085740108,-39.03035528267238,-24.81821316960343,1.905767503707752,0.038067535308335926,0.08187005595075238,-0.023523112195889668,1.4469988433834695,-1.5358113981654016,0.8998876884360316,-1.1387797408914466,-0.08564507988533845,0.0
4.4,-39.7936140030567,-25.110004865536084,1.8076097055690843,-39.01269133094046,-24.80761479856428,1.9024113528786881,0.06934266140210053,0.005846578015293999,-0.024024997406789265,0.9362734193144413,-0.9327350647681834,1.2311414119098703,-1.5662544243349852,-0.049723890035253356,0.0
4.45,-39.684870434703974,-25.04079731140081,1.8063172731445318,-39.003485770119966,-24.802091462071978,1.9006622963227926,0.09844066096795955,-0.06429623675279432,-0.02232852187422875,0.663304956216819,-0.5145182099663159,1.2767877274806672,-1.731839586032626,-0.021778415935904984,0.0
4.5,-39.57786695660101,-24.974300434576822,1.8080977886251657,-39.00030173152503,-24.800181038915014,1.9000573289897544,0.12391994427046715,-0.12221617227100764,-0.019214695555062646,0.5294865960773975,-0.21598825712863534,1.1440628311904881,-1.7208198545725997,-0.004410492421869167,0.0
4.55,-39.47413788345751,-24.911133575065236,1.812224688181109,-38.99999091288095,-24.79999848548016,1.8999999621370038,0.14389351117208984,-0.16585860157980037,-0.015735071277650472,0.42413099037334634,0.03944907161504374,0.9482067967207254,-1.6289229900648396,-9.839876104372518e-06,0.0
4.6000000000000005,-39.37476862315892,-24.851723946500865,1.8178980132875144,-38.998675935509624,-24.79977932258494,1.8999944830646234,0.1565574841991229,-0.1947684217353158,-0.012958200309024445,0.26546918350721194,0.2518320531724608,0.7955501315126082,-1.494975067279305,-0.00026374195812174113,0.0
4.65,-39.280411746542974,-24.796290417018888,1.824372333920793,-38.99248869535407,-24.798748115892344,1.8999687028973085,0.16131738001132273,-0.2086148616078226,-0.011560635601914794,0.06024362929357907,0.3515852631251152,0.7272993412393143,-1.305491677093688,-0.0008108970651280348,0.0
4.7,-39.19132219394001,-24.74486776064729,1.831074008195455,-38.97829665049503,-24.796382775082506,1.8999095693770625,0.15958889765932205,-0.20732433984946497,-0.011489624272607375,-0.11059624451805661,0.34177519991909316,0.6845241048724886,-1.0833620632466252,-0.0015876414270128401,0.0
4.75,-39.107390137947164,-24.6973612723092,1.837643024189985,-38.95370415369486,-24.79228402561581,1.8998071006403952,0.1537626110409538,-0.19165028142919083,-0.012199713068463368,-0.19164576286588275,0.26528037716911146,0.6127020186396204,-0.8642089615211095,-0.002534823033622886,0.0
4.800000000000001,-39.028178731202324,-24.653604798267306,1.843910972951739,-38.916998311277965,-24.786166385212994,1.8996541596303247,0.14587708415752604,-0.16346745185756906,-0.013118548008523506,-0.1777289460468301,0.1601578780735996,0.494467354544023,-0.6665240378534409,-0.003597801634762063,0.0
4.8500000000000005,-38.95297334543057,-24.61340069730905,1.8498435150318735,-38.8670948420114,-24.777849140335235,1.8994462285083809,0.13709017395809556,-0.12560907610699562,-0.013883168934838501,-0.10192331957504441,0.05242377642882168,0.34589612494235356,-0.4952040705265347,-0.0047264487401913495,0.0
4.9,-38.880841734661686,-24.576537028917745,1.8554730866777547,-38.803483935985334,-24.767247322664222,1.8991811830666054,0.12778959780189905,-0.08128615879794232,-0.014324909316008508,-0.008338680885285416,-0.041974121692856387,0.19619832817831134,-0.349526726180628,-0.005875147619628918,0.0
4.95,-38.81070060514026,-24.54278885023209,1.8608403033818974,-38.726176113493565,-24.75436268558226,1.8988590671395564,0.11794858443912903,-0.03353167215498285,-0.014365122566529004,0.06965198892950561,-0.11723003874669599,0.06995508478066201,-0.22554286152613548,-0.007002793302750071,0.0
5.0,-38.74138312090692,-24.511914054924073,1.8659546446588868,-38.63564808391406,-24.739274680652343,1.8984818670163084,0.1074833621737701,0.015095071315156769,-0.013944107190095135,0.11910489955523874,-0.17702743127471404,-0.021710630749974466,-0.1168262967989674,-0.008072792579187256,0.0
5.050000000000001,-38.67170212333462,-24.48365187662543,1.8707777814524478,-38.53278860458944,-24.72213143409824,1.898053285852456,0.09649184374494495,0.06255238282754016,-0.013021170789210942,0.14742400739210448,-0.23103119243082126,-0.08262298217860906,-0.016624282313283917,-0.00905306399853007,0.0
5.1000000000000005,-38.60050491513713,-24.457727467328585,1.8752271089926678,-38.418844339707526,-24.703140723284587,1.8975785180821145,0.08531686504580749,0.10716507943860114,-0.011616676315108364,0.17335895063265344,-0.2878174301191955,-0.12538191081574762,0.07719709732089958,-0.009916037870325214,0.0
5.15,-38.526717445274514,-24.433861802192574,1.879193508913596,-38.29536571918181,-24.68256095319697,1.8970640238299241,0.0744289242913466,0.14742149284812434,-0.009835954430092294,0.21229295208004,-0.3490129566296181,-0.1594735270995779,0.15877589540814813,-0.010638656264076578,0.0
5.2,-38.44937801200995,-24.411783945850587,1.8825662316725793,-38.16415279753201,-24.660692132922,1.89651730332305,0.06424149060333269,0.18190526956256908,-0.00784112810034523,0.266073238753623,-0.4102535612913716,-0.18306099767681597,0.21770254901243788,-0.011202373009245177,0.0
5.25,-38.367662496791844,-24.391242486305263,1.8852584612490852,-38.02720111276458,-24.63786685212743,1.8959466713031856,0.05503373293778307,0.2094033612088835,-0.005803426947844889,0.326046171468207,-0.466677529497999,-0.18709191798034822,0.24638840823892347,-0.011593153695249173,0.0
5.300000000000001,-38.28090397619999,-24.372014039782073,1.8872286642890148,-37.88664754525318,-24.614441257542197,1.8953610314385547,0.04700123201451647,0.22904849311609435,-0.0038804917834006545,0.3845017255750488,-0.5168032582130894,-0.16724365754346657,0.24470691667810882,-0.011801475671463876,0.0
5.3500000000000005,-38.188609416430644,-24.35390821386131,1.8884958932462008,-37.744716176619264,-24.590786029436543,1.8947696507359135,0.04029217362129585,0.23996215338844856,-0.0022069848830165344,0.5599935763796844,-0.681956660107091,-0.2492548655272942,0.3394111417075802,-0.011822328047221713,0.0
5.4,-38.09048850951978,-24.336769604910675,1.889151898810248,-37.60366414861252,-24.567277358102086,1.894181933952552,0.03498466548289514,0.2400500383539122,-0.0008829457647542001,0.4483965208940085,-0.5584101844514215,-0.03972914541569356,0.1361249029318607,-0.011655211691812285,0.0
5.45,-37.98649666561947,-24.320476640168135,1.889337522276334,-37.46572752199145,-24.544287920331907,1.8936071980082976,0.031063885909094837,0.2325435467555765,5.483554806176105e-05,0.4127942778218386,-0.5108938387078603,0.08752264693485506,0.009836315303811682,-0.011304139234482324,0.0
5.5,-37.87677815996654,-24.304940478243065,1.8892360793749066,-37.333067135403816,-24.522177855900633,1.8930544463975159,0.028456043327945234,0.21939346199785734,0.0006324569476994832,0.5661170803596242,-0.6547739657432311,0.009094431496875784,0.08680270276103824,-0.0107776350644357,0.0
5.550000000000001,-37.761632125182146,-24.290103189556785,1.8890499799264688,-37.207714464267205,-24.501285744044534,1.8925321436011133,0.027082739334894565,0.19798666663402806,0.0008956993260909511,0.6162993654369009,-0.6989541054883663,0.008415044682937904,0.08518725012751044,-0.010088735330833445,0.0
5.6000000000000005,-37.64156640169323,-24.27593616854103,1.8889731184544112,-37.09151747964955,-24.48191957994159,1.8920479894985398,0.026882046186165694,0.16759621010498252,0.0009059758148149864,0.5889598924163112,-0.6680398537628573,0.05453440305691759,0.03578090679980095,-0.009254987942793703,0.0
5.65,-37.5173210687935,-24.262438942763666,1.8891710756029145,-36.9860865071496,-24.4643477511916,1.89160869377979,0.027792717058053334,0.12910320899914307,0.0007470113693673886,0.5222947681803329,-0.5977482089508251,0.10766335402504845,-0.02293473692671466,-0.008298452569391788,0.0
5.7,-37.389850886042645,-24.249637366991127,1.8897579257866515,-36.89274008577746,-24.448790014296243,1.891219750357406,0.029732266798519282,0.08404144389521266,0.0005219530567593436,0.4436221589075088,-0.5125422300118551,0.14329798011059544,-0.06787726049711781,-0.007245700639660166,0.0
5.75,-37.26028544373711,-24.23758086124485,1.8907751460019018,-36.81245082683512,-24.435408471139183,1.8908852117784796,0.03258476061658289,0.03400213728806106,0.00034141975744701026,0.3640406779210258,-0.4209569840173669,0.15784407117239171,-0.09649001422871975,-0.0061278153425883925,0.0
5.800000000000001,-37.129880651544966,-24.226338602559277,1.8921797523264772,-36.745791272796914,-24.42429854546615,1.8906074636366537,0.03618824159833009,-0.01952730558509561,0.00030708257917394727,0.28326919425444064,-0.3212124338572456,0.16318903430526496,-0.12076879231077894,-0.004980391627123222,0.0
5.8500000000000005,-36.999969320395216,-24.215994713337423,1.8938454923948178,-36.69287975619011,-24.415479959365015,1.8903869989841253,0.040321485930731794,-0.07505132887496721,0.0004918261771100235,0.19813291451953077,-0.2106912276232827,0.17672572944920853,-0.15657914726762542,-0.00384353620216853,0.0
5.9,-36.8719145398901,-24.206642611353374,1.8955769979613293,-36.653326258475374,-24.408887709745894,1.8902221927436473,0.04470726848987782,-0.1309008133093183,0.0009197026428153053,0.10955280275990353,-0.09279576725328043,0.21229763237041188,-0.21503275671726296,-0.0027618675365853455,0.0
5.95,-36.747067122418215,-24.198378783867764,1.8971343824450129,-36.6261782689273,-24.404363044821213,1.8901090761205304,0.04903588660981851,-0.18515936180961856,0.001555041004635412,0.024992448560693825,0.022548356163906158,0.27557448916694005,-0.2999517803838597,-0.0017845158591917995,0.0
6.0,-36.62672696606223,-24.191296400883243,1.898267866876119,-36.609866643514906,-24.401644440585816,1.8900411110146453,0.052978587520639255,-0.234949158221429,0.002302930265072063,-0.7360477440516224,0.8150398252504029,1.056264971830099,-1.1016656899992838,-0.0009651231587632707,0.0
6.050000000000001,-36.51207006629232,-24.185483572948588,1.8988456992415783,-36.60215146378218,-24.400358577297027,1.8900089644324256,0.05614898354985835,-0.2635406651451046,0.002989317269722522,-0.9074555663865085,1.0174555952986166,1.2828082805443102,-1.3500297998563475,-0.0003618431840321379,0.0
6.1000000000000005,-36.40380258692031,-24.181013178245276,1.8988298373290127,-36.60006789572858,-24.40001131595476,1.890000282898869,0.05808489759864306,-0.2642459948229206,0.0033797586440984465,-0.31465238226307535,0.4521533071084688,0.7698366701306567,-0.859831561384681,-3.7341443688030435e-05,0.0
6.15,-36.30198640068512,-24.17793178928224,1.898242299070369,-36.599906384407156,-24.39990638440715,1.889970745127235,0.05842625461158979,-0.2495147127891221,0.00334623484939318,0.2727548776207777,-0.09772907944614595,0.2697512847249566,-0.3985225939490179,-0.003169482583631061,0.0
6.2,-36.20632147398317,-24.176256512126024,1.8972586613934384,-36.59799966882968,-24.397999668829677,1.8893748965092743,0.05656396892467611,-0.2323078518672509,0.002795968027888642,0.6208388616257206,-0.29174217786511936,-0.06440961669619111,-0.22700755288224866,-0.023573112926446278,0.0
6.25,-36.11641396381798,-24.17594484210496,1.8960052902746467,-36.59153768217411,-24.39153768217411,1.8873555256794097,0.05051159545241674,-0.2195758938909135,0.0013757996515219196,0.70209395503227,-0.17351741998669518,-0.2713120231534897,-0.24108601678015068,-0.05946082838981792,0.0
6.300000000000001,-36.03191638233826,-24.17683838672853,1.894371855846167,-36.57834707465497,-24.378347074654968,1.8832334608296784,0.03772533817056122,-0.2125899394500767,-0.0013503402827295694,0.5607994364835023,0.06663745361571943,-0.4008659710333635,-0.2508804974105719,-0.1070793100997495,0.0
6.3500000000000005,-35.95256577432134,-24.17861037014762,1.8919901619408475,-36.556831997563286,-24.356831997563283,1.8765099992385266,0.016799389280898514,-0.20970602038499567,-0.005590941254582707,0.2800991570527609,0.29310520861533995,-0.5029456481315744,-0.1561961382536382,-0.16296311347389308,0.0
6.4,-35.87816278851107,-24.18075296877206,1.8883002562666007,-36.52592804337993,-24.32592804337992,1.866852513556226,-0.011951850390084106,-0.20882025701445897,-0.011235147171028985,-0.06289663356730912,0.4513688970548362,-0.6030032332360151,0.04798690756698998,-0.22393466822155447,0.0
6.45,-35.80854180281864,-24.182611361979852,1.8826409527421721,-36.485056185888936,-24.285056185888934,1.8540800580902919,-0.04670530864444213,-0.20854783565606638,-0.017881351109293557,-0.41116398866599707,0.5409852422925169,-0.7023403183155751,0.3121461861425462,-0.2871042783436899,0.0
6.5,-35.74355714273517,-24.183442834435706,1.8743372596094774,-36.43407672029088,-24.234076720290883,1.838148975090901,-0.08474324070947625,-0.2083347224186312,-0.024951515553315894,-0.7193732839242108,0.5865362621945203,-0.7952755468483232,0.5687104090863839,-0.3498701221329069,0.0
6.550000000000001,-35.683084428428515,-24.182473533200348,1.862777374444941,-36.373243203316186,-24.173243203316183,1.8191385010363073,-0.12328868391297591,-0.2064797718344815,-0.031855883529370056,-1.6916578596760528,1.3545072731654706,-0.13674383311375293,0.01855035953784978,-0.40991825217346534,0.0
6.6000000000000005,-35.626971310611665,-24.178931670630664,1.8475273355183546,-36.30315639333844,-24.103156393338438,1.797236372918262,-0.16002129854397415,-0.18894047565416613,-0.03784818034216609,-1.9370892827457813,1.4891410783984298,-0.09233523799523666,0.003185677506459844,-0.4652225953412728,0.0
6.65,-35.57480033117725,-24.17207583945591,1.8283221356496584,-36.22471819048777,-24.02471819048777,1.7727244345274287,-0.19379553179381984,-0.15210576947070104,-0.04217158707951269,-1.616802166314335,1.10928426553328,-0.4855894015246912,0.3984711394820015,-0.5140449528038917,0.0
6.7,-35.52580320892095,-24.161207990674715,1.805045922400171,-36.13908557676417,-23.939085576764164,1.7459642427388014,-0.22414143109511475,-0.10443714316408889,-0.0445097288019829,-1.5759784623119912,0.273267523268276,-0.4654783957272311,1.1432751363126907,-0.5549350000205344,0.0
6.75,-35.479011822899466,-24.145672804204146,1.777815508309846,-36.047624556150794,-23.84762455615079,1.7173826737971227,-0.2433096289714982,-0.055503954437803295,-0.04448161198703155,-1.496445269869414,-0.3518504315371883,-0.3558512347944355,1.5819871268773182,-0.5867302867420647,0.0
6.800000000000001,-35.433422106473785,-24.124996181686978,1.7469509947223478,-35.95186409472736,-23.75186409472736,1.6874575296023,-0.24467833816163587,-0.012101993045932525,-0.04299277884427537,-0.9643598848336128,-0.32357527927008756,-0.5932354177475371,1.2792539726876022,-0.6085562370109974,0.0
6.8500000000000005,-35.388110335154586,-24.09902191725501,1.7128971662323116,-35.853450060783445,-23.65345006078344,1.6567031439948252,-0.2345066224421145,0.023299448516239392,-0.04154347323893412,-0.3636887461267252,-0.16784647379036155,-0.8185178737297197,0.7650547514763962,-0.6198261491614985,0.0
6.9,-35.34229103542215,-24.067812440727117,1.6762629892958092,-35.75409916493181,-23.554099164931806,1.6256559890411892,-0.22148646359686486,0.04989399306736608,-0.040526955824763074,0.10818286768235952,-0.13790415423933677,-0.8554592971345175,0.31143451229132346,-0.6202411958193853,0.0
6.95,-35.29533223319071,-24.031487539673517,1.637789210291887,-35.655552900221764,-23.455552900221765,1.5948602813193014,-0.2115755138376219,0.06775652581798966,-0.039636094051857605,0.41038894909666557,-0.27954841653306384,-0.6826736725300521,-0.010541124124126777,-0.6097904239021261,0.0
7.0,-35.24676365285969,-23.990103998923498,1.5982815164027302,-35.5595314822525,-23.3595314822525,1.5648535882039059,-0.20693177113448924,0.07730714677360397,-0.03853401135258361,0.592116571488863,-0.5455662328691955,-0.36734275576057973,-0.22591219350434483,-0.5887507546188414,0.0
7.050000000000001,-35.196289611964005,-23.943603322571732,1.5585709033713955,-35.4676877892864,-23.2676877892864,1.5361524341519999,-0.20658361031630293,0.07888379779241689,-0.03716954678747852,0.727765263525322,-0.8531433308757232,-0.0014722358845669359,-0.40028333016559425,-0.5576869834703011,0.0
7.1000000000000005,-35.14380410426736,-23.891823544714892,1.5194978645016028,-35.38156130236241,-23.181561302362404,1.5092379069882516,-0.20827738885034003,0.07280340936827114,-0.03570200081426305,0.8676799927012232,-1.1302816893463683,0.34675992242619946,-0.5906577387920023,-0.5174517802489293,0.0
7.15,-35.08940270758987,-23.83454795742882,1.4818971908149647,-35.30253204540933,-23.10253204540933,1.484541264190415,-0.21008175560852385,0.05965065013456739,-0.0342942242648256,1.0254537993162585,-1.3445354334095674,0.6463459802851986,-0.8142612563374402,-0.46918568903879787,0.0
7.2,-35.03338594968488,-23.771557917105316,1.4465733044858264,-35.23177452535921,-23.031774525359204,1.4624295391747513,-0.21104135190093865,0.0403336048618841,-0.033005066106339666,1.0975019399416766,-1.5880900846441364,0.9847998811457633,-0.9633221059116858,-0.4143171282156318,0.0
7.25,-34.97625076679252,-23.702677308509838,1.4142855715438978,-35.17021167226061,-22.970211672260614,1.4431911475814416,-0.20504643066293457,0.01568214228079048,-0.031943274111128524,0.44978540575693926,-2.4606602163242854,1.979082863261663,-0.42278587343252605,-0.3545623904468079,0.0
7.300000000000001,-34.91867715924096,-23.627980939147967,1.38578276919906,-35.11846877939203,-22.918468779392033,1.4270214935600096,-0.17605524411941706,-0.013355910299417474,-0.03076769178010824,0.590147648350922,-2.4332563342275932,2.103317846125327,-0.6972901673507708,-0.29192564269135163,0.0
7.3500000000000005,-34.86150310191496,-23.54821061565311,1.3616806893557372,-35.07682744337515,-22.87682744337515,1.414008576054734,-0.12493221604158823,-0.04481959327780075,-0.02816125904546011,1.0510033961979648,-2.013646698412445,1.8205411837474654,-1.2546499193014646,-0.22869892619994328,0.0
7.4,-34.80565687809731,-23.464793124002075,1.342405295351146,-35.04517950428823,-22.84517950428823,1.404118595090071,-0.062895128379077,-0.07651744819733271,-0.02344799813970732,1.4837083564062457,-1.5656996898900386,1.4756201570304064,-1.7200404260432192,-0.16746215651491236,0.0
7.45,-34.752078205280135,-23.379518371270912,1.3281464108481411,-35.02298098577941,-22.82298098577941,1.3971815580560656,-0.0015398995414912776,-0.1068708288463272,-0.017105710663138565,1.7098490832819233,-1.2402683183420882,1.2423931125259768,-1.9473533100002682,-0.11108312347023923,0.0
7.5,-34.70165334107668,-23.29417877548996,1.3187918531678242,-35.009206035180085,-22.809206035180082,1.3928768859937755,0.05196847052855763,-0.13491689755892147,-0.010179590871507167,1.7062657309406926,-1.0250986261503525,1.1458629376970715,-1.9658604152152648,-0.06271749119155678,0.0
7.550000000000001,-34.655167258852366,-23.210321194655393,1.3139370411739302,-35.00230086361819,-22.802300863618193,1.3907190198806847,0.09515186919110973,-0.15968173563272764,-0.00360961274852421,1.5418352721012112,-0.8433585489903797,1.1242702716405442,-1.8715522945842562,-0.02580879809614439,0.0
7.6000000000000005,-34.613264608108544,-23.129146636630406,1.312961682075629,-35.00013768613159,-22.800137686131585,1.3900430269161201,0.12823030228458923,-0.17974305855383585,0.0019991701525625,1.3030786197967856,-0.6247373851145128,1.0951242316014747,-1.745986707516594,-0.004088456892942578,0.0
7.65,-34.576408200081524,-23.05150981634445,1.3151089890873382,-34.99996763218582,-22.79996763218582,1.3900014160918703,0.15192853262032496,-0.19325310275968668,0.006246850390913033,1.0446791245749636,-0.3314683550370121,1.0000183143525332,-1.628318184927644,0.00022500352680616416,0.0
7.7,-34.544834567337084,-22.977950227061285,1.319545914457154,-34.99848689548432,-22.798486895484317,1.390066198322561,0.16615070924499978,-0.19816323627647056,0.008750947460349663,0.8066231360144532,-0.0001693209575749366,0.8460041387272121,-1.5345270858970532,0.0028186059677322017,0.0
7.75,-34.518529215108096,-22.908725324346893,1.3254840689948204,-34.992608248650846,-22.79260824865085,1.3903233891215252,0.1699642190583536,-0.19263176287288403,0.009182319529677284,0.6151957005271168,0.24486315948238035,0.6799119591180083,-1.41816742413235,0.00782046422490269,0.0
7.800000000000001,-34.497222702345915,-22.84383512355215,1.3323157991777608,-34.9799166529032,-22.779916652903204,1.3908786464354848,0.16288167874905402,-0.17584662068441811,0.0076037786244993015,0.47296245819199734,0.33493532805397197,0.5304747583918734,-1.2402305700021792,0.014647933751424709,0.0
7.8500000000000005,-34.48039628746333,-22.783037100612265,1.3396577392204927,-34.95863706591258,-22.75863706591258,1.3918096283663246,0.14572383285258436,-0.14845404510636445,0.004641068048076403,0.37937052854733644,0.29047881531645736,0.40248863410877056,-1.015534365854775,0.022763665300699055,0.0
7.9,-34.467305045150106,-22.725868009853542,1.3473228984028875,-34.92758267574614,-22.727582675746138,1.3931682579361064,0.12027427164445716,-0.11236060291173243,0.0012502870840990252,0.3255116364927312,0.1689976971368451,0.29494662135944005,-0.7779819970353741,0.03167560492642096,0.0
7.95,-34.45701884770541,-22.67167821611788,1.3552536859364634,-34.88610313480949,-22.68610313480949,1.3949829878520847,0.08866712601153894,-0.07020213818694694,-0.0016125687914426699,0.28977845979668804,0.022260821818325893,0.2148508853175105,-0.5520605231261838,0.04093699398257963,0.0
8.0,-34.448476019490776,-22.619676269545586,1.3634440861509887,-34.83403279378924,-22.63403279378924,1.3972610652717208,0.053090297906045,-0.024691345768520754,-0.0032128785253486393,0.25350731027579604,-0.11981309718211836,0.16830653644911248,-0.34586361548784855,0.050146369123458386,0.0
8.05,-34.44054281770967,-22.568979925723422,1.3718745878095968,-34.771638935595504,-22.571638935595505,1.3999907965676965,0.01567092278551597,0.021792524876262175,-0.0031552227788536626,0.21417354955282109,-0.24823747969466356,0.1505466621010559,-0.1563196629946744,0.058947562303634723,0.0
8.1,-34.43207150363702,-22.51866930465287,1.3804742401092556,-34.69957000930442,-22.499570009304428,1.4031438120929312,-0.02157341888523058,0.06723078611775644,-0.001416849524531246,0.18158282971868367,-0.36231424186211514,0.1496717562847836,0.017853580200022617,0.0670297007779797,0.0
8.15,-34.42195092152096,-22.467837635814753,1.3891127403293027,-34.6188038641007,-22.418803864100695,1.4066773309455944,-0.05679036146142219,0.10986919369922242,0.0016901070737063905,0.16649216949288675,-0.4586997221528118,0.15590269806426743,0.16772758139362826,0.07412720710165942,0.0
8.200000000000001,-34.409146280865826,-22.41563554370308,1.3976165093768689,-34.53059598322008,-22.33059598322008,1.4105364257341215,-0.08839676935370416,0.14823576919848838,0.0056170367027113585,0.174340726319329,-0.532937227338274,0.16516789042060637,0.27967306641086337,0.08001979913013325,0.0
8.25,-34.39272817077944,-22.361306250478112,1.4057985713666852,-34.43642771789193,-22.236427717891935,1.4146562873422277,-0.11519385954760192,0.18121481476730672,0.009717231141480815,0.20502278187183995,-0.5884678596523719,0.1771885256414439,0.3485325456009224,0.08453249001915476,0.0
8.3,-34.371893399681625,-22.304211023883052,1.4134920225164205,-34.33795452128172,-22.137954521281724,1.4189644896939244,-0.13638147745731988,0.20799582270661698,0.013375108880469905,0.253061542200561,-0.6382163688957566,0.19401683088152524,0.3824192027054034,0.08753558822477209,0.0
8.35,-34.34598133391728,-22.243846016294782,1.4205790954010675,-34.236954182433564,-22.036954182433565,1.4233832545185314,-0.15140266532116128,0.227904536360605,0.01607100193208439,0.3082816911643982,-0.6921814292128574,0.21867919233617236,0.3917752847560888,0.0889446975033269,0.0
8.4,-34.31448925251152,-22.179852337871985,1.4270133308315998,-34.1352750602127,-21.9352750602127,1.4278317161156944,-0.15979058343129965,0.23959788037113133,0.01739904868037138,0.5272489978058437,-0.9139863295294276,0.0834693844769702,0.546104828913152,0.08872071691145529,0.0
8.450000000000001,-34.277111437286635,-22.112021418389713,1.4328369798382634,-34.034784317248075,-21.83478431724808,1.4322281861203965,-0.16114209913662406,0.2399901565913516,0.01709509246768326,0.3961616258118091,-0.781025762500748,0.2874042302425586,0.3340120401374274,0.08686984080608735,0.0
8.5,-34.23380028908279,-22.04030370502815,1.4381547937495058,-33.93731615387483,-21.737316153874833,1.4364924182679761,-0.1555662923809127,0.23265694351075528,0.015210423260588631,0.18662776106241336,-0.5689070591284271,0.5458092983948528,0.04512429363087689,0.0834435588444473,0.0
8.55,-34.1846970994107,-21.96481020997072,1.443119824281099,-33.844620042076805,-21.644620042076806,1.4405478731591397,-0.1434449277537092,0.2230778842900825,0.011990669010338056,0.31468487381145605,-0.7031052395672308,0.43155733907876365,0.1195693995249863,0.07853865598405323,0.0
8.6,-34.130027786645556,-21.88581538084756,1.4478939930153225,-33.7583089594291,-21.558308959429105,1.4443239830249766,-0.12502342548542625,0.20924957765267466,0.0076897498635545665,0.4558783589822519,-0.850667674454741,0.261779202221705,0.235134558925365,0.07229721248271773,0.0
8.65,-34.07014077947256,-21.803756903156373,1.452621560475119,-33.67980762304057,-21.479807623040568,1.447758416491975,-0.10077974307094624,0.18725951890166354,0.002730803091093926,0.433143979758292,-0.834962414653821,0.2122129275354398,0.22272709764565762,0.064906603898547,0.0
8.700000000000001,-34.00559208720097,-21.719226909872006,1.4574106810023582,-33.61030072349634,-21.410300723496338,1.4507993433470352,-0.07127873935298584,0.1569120681274843,-0.0023262926032127543,0.32495412632120757,-0.724375085518906,0.20852992851156868,0.15450501650255735,0.05659950108994143,0.0
8.75,-33.93715065839838,-21.63295465260634,1.4623124124260691,-33.55068115880035,-21.350681158800352,1.4534076993024845,-0.037192548932696995,0.11996187657532398,-0.0068643125628431705,0.2020093962498919,-0.5691739955543667,0.18946210454632278,0.07968187472010224,0.047653870215596174,0.0
8.8,-33.86575103800461,-21.545781725420873,1.4672991736832008,-33.50149826831787,-21.30149826831787,1.4555594507610932,0.0005689997227854772,0.07856663702934932,-0.010293253697889897,0.10077606971782735,-0.3901841461254771,0.1333120129991477,0.012276190168289763,0.03839297273449922,0.0
8.85,-33.79243048938942,-21.458630690584435,1.472252050990153,-33.462906066718,-21.262906066718,1.4572478595810876,0.04077068308378725,0.034659548035146155,-0.012151465533230333,0.02691918137634114,-0.19250952951878783,0.05350424979264737,-0.05545115130712781,0.029185365405934322,0.0
8.9,-33.7182701343087,-21.372468428488755,1.4769658024823369,-33.43461147791621,-21.234611477916207,1.458485747841166,0.08186119939432379,-0.009992215427588581,-0.012205250661163175,-0.025683848866950396,0.015558034989350454,-0.02288183751944313,-0.13315160442894947,0.020444900289477225,0.0
8.950000000000001,-33.64434687086762,-21.288266899251184,1.481172885518266,-33.41582256901685,-21.215822569016854,1.4593077626055126,0.12209644321579805,-0.0535974570342908,-0.01051265573090784,-0.05761627666442157,0.2162894622925613,-0.07561563863001713,-0.22397824669304084,0.012630724744999452,0.0
9.0,-33.57169589345243,-21.206964319024127,1.4845822516333835,-33.40519678425571,-21.205196784255712,1.4597726406888125,0.15967223838252165,-0.09436687771585194,-0.007424286847307859,-0.06184351727570084,0.3938523469044135,-0.09631424455541673,-0.3329104738848381,0.006247281432666327,0.0
9.05,-33.50128041005762,-21.129428502912894,1.486926858376609,-33.40078917894247,-21.20078917894247,1.4599654734212668,0.19273423835063985,-0.130614822338902,-0.0035399382005240013,-0.03362370546995411,0.5480896581762302,-0.08079949789634891,-0.47739331981347943,0.0018443083129363331,0.0
9.1,-33.43396352442347,-21.056421972421333,1.4880142424130793,-33.400000653403275,-21.20000065340328,1.4599999714136065,0.21921851561853203,-0.16058011247257017,0.00033379995925331244,0.024390109256384962,0.6876264254041721,-0.025764134172624575,-0.6779540936366726,1.6838646562922546e-05,0.0
9.15,-33.3704761130292,-20.988566323275094,1.4877758856093612,-33.39953908613297,-21.199846362044322,1.4600460913867033,0.23663652233426188,-0.18210445063991687,0.003220175463629562,0.19544461359986187,0.89289001339583,-0.019600760457883837,-1.0233934841946892,0.003035921076094228,0.0
9.200000000000001,-33.3113762174522,-20.92629922891041,1.4863240213451185,-33.39584902194814,-21.19861634064938,1.460415097805186,0.24089000328234741,-0.19273208559361693,0.0038726596608232625,0.16510397791483772,0.784098769401989,0.242922310519275,-1.142576337720998,0.012727933944174768,0.0
9.25,-33.25698941171598,-20.869803581665256,1.4839703139087168,-33.38591535551013,-21.195305118503377,1.4614084644489869,0.23321714133324123,-0.19057937059185404,0.0023035598210373793,-0.02777328906774823,0.33827788430440686,0.7052660762716395,-0.9912913271040994,0.027797631446741477,0.0
9.3,-33.20734946843865,-20.819028301875328,1.4812128989395472,-33.367361031058515,-21.18912034368617,1.4632638968941485,0.22133916715067284,-0.1751125158603111,0.00010858295519758976,0.054457939635508046,0.017787319908480037,0.908522593199861,-0.9857680928951739,0.04701239016912798,0.0
9.35,-33.16216256561934,-20.773821657765275,1.4786791473298908,-33.33840352032131,-21.1794678401071,1.4661596479678691,0.20839085369025834,-0.14741361055044236,-0.001928512967401035,0.35826465237085703,-0.1577580831555112,0.8724366654832914,-1.1041016430641164,0.0692267235722037,0.0
9.4,-33.120802166082875,-20.733978972446348,1.4770222541767353,-33.29781125407721,-21.165937084692406,1.4702188745922786,0.192751865508802,-0.10996899552177747,-0.0038239187732432103,0.6077201547565061,-0.37272848386518087,0.8402956229118893,-1.1313032714892337,0.09338228199237929,0.0
9.450000000000001,-33.08234706948144,-20.699197294206172,1.4768372165077022,-33.24486005371784,-21.148286684572614,1.4755139946282159,0.17384089950783413,-0.06579258951318939,-0.005316055716552621,0.7785371010450569,-0.5830295768397338,0.8174203096523243,-1.0882897280008272,0.11850785264160126,0.0
9.5,-33.045652178053516,-20.669047861071697,1.478588306098752,-33.17928956280994,-21.12642985426998,1.4820710437190054,0.1520802075281249,-0.017820370784597143,-0.006024554175164795,0.8706894217792376,-0.7574524375421565,0.7983387405068376,-0.9951357364804692,0.1437193596073542,0.0
9.55,-33.00943682257638,-20.64298484993468,1.4825579599785363,-33.10125967865765,-21.10041989288588,1.4898740321342352,0.12846243499087545,0.03137960853331169,-0.005661022481042944,0.8998744131689865,-0.8816303344116546,0.7735995042924978,-0.8685702983051601,0.1682198638526637,0.0
9.600000000000001,-32.972375000506986,-20.620380148554993,1.488828569446073,-33.01130698386468,-21.070435661288226,1.4988693016135322,0.10416685277036734,0.07967464794849968,-0.00414281547038342,0.8876357331773517,-0.9551810003752538,0.736396637087564,-0.7228700772366449,0.1912995632160909,0.0
9.65,-32.933174528132426,-20.600569615150626,1.4972981736187299,-32.910301177896606,-21.036767059298867,1.5089698822103392,0.08031252914273744,0.1253310702850023,-0.0016019561274775447,0.8547405302474378,-0.9855987323546801,0.6849601805398399,-0.571614454531895,0.21233579241173536,0.0
9.700000000000001,-32.89063755462897,-20.582897600582413,1.5077217802010707,-32.79940150864305,-20.999800502881016,1.5200598491356947,0.05782810295402201,0.16695252043840136,0.0016709188117878509,0.8178481423995022,-0.9828973140644186,0.6215891845281769,-0.42789840628059483,0.23079302302923718,0.0
9.75,-32.84370105376221,-20.566751408316346,1.5197653585532895,-32.680013203979954,-20.96000440132665,1.5319986796020049,0.037389017978426545,0.20342306788635198,0.005309061981729586,0.7879079699030687,-0.9569593434935535,0.550821628024643,-0.30243830592382226,0.24622286353377174,0.0
9.8,-32.79146063240363,-20.55158294783383,1.5330607217524872,-32.55374390333174,-20.917914634443914,1.5446256096668256,0.01939973179049116,0.23362264152416687,0.008950832669120456,1.1146242639446873,-1.2623149460185425,0.13286761959933033,0.14440967360015208,0.2582640592660552,0.0
9.850000000000001,-32.73320299859747,-20.53691948719397,1.5472868481840338,-32.42236008923364,-20.874120029744546,1.5577639910766354,0.00409096352851936,0.2493845012713179,0.01223903202150022,1.193131860624074,-1.3001584593859257,-0.02767440809253019,0.30907271895272204,0.2666424924423403,0.0
9.9,-32.66857802245519,-20.522366550258752,1.5621881696978157,-32.287743518893855,-20.829247839631286,1.5712256481106142,-0.008618268791988818,0.24719373538612116,0.014876991168825866,0.7954635715926464,-0.8694166315785674,0.2908972241074373,-0.006956373062330379,0.27117118215441854,0.0
9.950000000000001,-32.59766678847936,-20.50760477721703,1.5775650410416375,-32.151847655755795,-20.783949218585263,1.5848152344244206,-0.01875858527902523,0.23585909991977996,0.016730238722715077,0.41637262410976494,-0.473419252049494,0.5852447306121693,-0.2931434670876032,0.2717502843696198,0.0
10.0,-32.52077387047908,-20.492383202355672,1.5932923917258988,-32.016654101060325,-20.73888470035344,1.5983345898939672,-0.026444321146646865,0.2240623355347542,0.017852935769622616,0.21076425085810224,-0.2661912504683238,0.6896317116695168,-0.3838061241380124,0.26836709193081265,0.0
10.05,-32.43822652390018,-20.476513617644642,1.6092452501243224,-31.884129025408,-20.694709675136,1.6115870974591997,-0.03172626288673236,0.215863626290569,0.018346168136471958,0.13808591814552973,-0.202621589585242,0.638865241532047,-0.3170750888251619,0.2610960345564024,0.0
10.100000000000001,-32.35027671080503,-20.459870635186455,1.6252482043051586,-31.756179600321282,-20.65205986677376,1.6243820399678714,-0.03449220896037973,0.21155957185037452,0.018266191710831173,0.11529744606542602,-0.19042568036897833,0.5174039691774175,-0.18609964266334056,0.2500986788403343,0.0
10.15,-32.25708742074564,-20.442394078829786,1.6410761464070835,-31.634610429806784,-20.611536809935593,1.6365389570193214,-0.03459981560991782,0.20987915557488807,0.017635214912025687,0.09000484138216364,-0.16854652376440576,0.3836513595672721,-0.05778987895490634,0.23562372825209119,0.0
10.200000000000001,-32.15875906180336,-20.42408979609509,1.6564746906497356,-31.521079981917474,-20.573693327305822,1.6478920018082528,-0.0320537271128818,0.2093948652411285,0.016484144494623997,0.36494939047551095,-0.4381578653023698,-0.05733227955076964,0.36163828739809956,0.21800702313669343,0.0
10.25,-32.05537732876492,-20.405026214830926,1.671204374023642,-31.417057020314942,-20.539019006771646,1.6582942979685056,-0.02695672855914201,0.20135038824083007,0.014869060388667001,0.7761561468044396,-0.8336797275485983,-0.6361078344135007,0.9019702709126214,0.19767154071470125,0.0
10.3,-31.947208123035278,-20.38532937624315,1.68509717256454,-31.323777035831608,-20.507925678610533,1.667622296416839,-0.019711579267524437,0.17416892581058854,0.013001123867421976,0.6001178450403961,-0.6498373746944286,-0.6281013980652843,0.8603524956472806,0.17512739508221148,0.0
10.350000000000001,-31.834935679367003,-20.365176328963706,1.6980003982272034,-31.24219867803296,-20.48073289267765,1.675780132196704,-0.010599463315517,0.12991266283047873,0.011168061492036424,0.24408599712307766,-0.285438357568289,-0.4371034409887625,0.6361341571444882,0.1509718372108599,0.0
10.4,-31.71962546037005,-20.344783052032554,1.7097774645950776,-31.172960186779783,-20.45765339559326,1.6827039813220217,-1.6361167636829953e-05,0.07546001539254511,0.009693228437369908,-0.06304771382551233,0.04235211831779323,-0.28693540894746405,0.445668703656668,0.12588925494782205,0.0
10.450000000000001,-31.60256450365768,-20.32439306916858,1.720290807229968,-31.116335823790386,-20.43877860793013,1.6883664176209612,0.01159589399789616,0.016854936026832905,0.008822684288931876,-0.26546877218332116,0.2805414711867884,-0.22569351280354422,0.33754847812464206,0.10065117301580762,0.0
10.5,-31.485116488729254,-20.304268867851235,1.7293691466605332,-31.07219230420285,-20.424064101400948,1.692780769579715,0.02376100773791539,-0.041984849079528985,0.00866889611903406,-0.38825662423690976,0.4469820377829533,-0.21606225285159106,0.28315767147496185,0.07611625301306944,0.0
10.55,-31.368626778068432,-20.28468364502283,1.7368044849259305,-31.039945228137228,-20.41331507604574,1.6960054771862774,0.036003793409485424,-0.09873006931408111,0.009209641096053059,-0.46589858849609916,0.5663641893558036,-0.20811329318367117,0.24180471899122863,0.05323029341339468,0.0
10.600000000000001,-31.254373586884263,-20.265912174059068,1.7423792942828986,-31.01851551225781,-20.40617183741927,1.6981484487742189,0.047962506482528054,-0.15180689748402468,0.010335419199433184,-0.5086476632806127,0.6538600651012973,-0.17585092321578236,0.18078705395302916,0.033026229566111176,0.0
10.65,-31.143547628794302,-20.248220738805443,1.7459069771870248,-31.006285821335325,-20.40209527377844,1.6993714178664676,0.0592460708309932,-0.19987076404457446,0.011880434273980596,-0.5087109236538373,0.7170879203772625,-0.11380033341095394,0.07693791359540172,0.016624133696085588,0.0
10.700000000000001,-31.037242551020835,-20.231856510519705,1.7472770266404978,-31.0010569998092,-20.400352333269733,1.69989430001908,0.06911632986128674,-0.24090345320413062,0.013557575250924367,-1.0191799918710087,1.3082156030397571,0.5388987608790535,-0.6335411475269815,0.005231214903718512,0.0
10.75,-30.936415971207573,-20.217040528472868,1.7465660209033722,-31.000004503349757,-20.400001501116584,1.6999995496650242,0.0763158919320248,-0.2625805042450739,0.014835121987540069,-0.9846462526303453,1.336262417555949,0.7199023269302066,-0.8605215698700374,0.00014181916495443033,0.0
10.8,-30.84164227069888,-20.203949089606738,1.7440055505809808,-30.99966567970525,-20.399888559901747,1.7000487550429848,0.07996473621214659,-0.26086450114979437,0.015231481654158104,-0.35409116202280905,0.7359780775269971,0.3701604574217853,-0.5375387122189628,0.0035666311357149213,0.0
10.850000000000001,-30.753009243254915,-20.19269732935747,1.7399810715483575,-30.996438956662757,-20.39881298555425,1.7005193188200143,0.07993182672603155,-0.2463432750217727,0.014681093428297294,0.28613428147392783,0.11911211729560672,0.07085914875306526,-0.27097802039096386,0.016727764384585914,0.0
10.9,-30.67034410262492,-20.18333290974091,1.7351127716727608,-30.987292300510564,-20.395764100170187,1.701853206175543,0.07592571325231776,-0.2303550967730244,0.013234659200560649,0.7038492173017529,-0.2986454244568361,0.025977867557919268,-0.24729979413854752,0.03779351051693265,0.0
10.950000000000001,-30.593434735273775,-20.17581439834233,1.7301429870789375,-30.969823284576176,-20.389941094858724,1.7044007709993076,0.0678467657710381,-0.21885903950339824,0.01100479533115845,0.9012021250931053,-0.5358227362147499,0.1976014594527052,-0.41083951009501873,0.06498945554277527,0.0
11.0,-30.522148958773094,-20.16999261986455,1.7258100576944262,-30.942216606333698,-20.380738868777897,1.708426744909669,0.05600763681437864,-0.21269040576512066,0.008133191766654248,0.9718195151180111,-0.6849904512583359,0.46239102195139636,-0.6375632105432466,0.09666512259703745,0.0
11.05,-30.45645967092447,-20.16560752956246,1.7227834473298371,-30.903201594675263,-20.367733864891754,1.7141164341098574,0.04113945402567672,-0.21008693296794592,0.00478790481412154,0.6064674361242107,-0.4212555825140405,1.108885865842173,-1.2294086541826905,0.13129397193955392,0.0
11.100000000000001,-30.39638712064943,-20.16230186429794,1.721662290773856,-30.852009717182515,-20.350669905727504,1.7215819162442163,0.024238394225894556,-0.19897834260610495,0.0012260807756208903,0.10797837108539077,-0.02590046983509997,1.8192701321846168,-1.8862987834356073,0.1674734009550631,0.0
11.15,-30.341690718377738,-20.15964654057799,1.7230100561266202,-30.78833208739806,-20.329444029132688,1.7308682372544493,0.006419422503164458,-0.1651106395168803,-0.002010135745743593,0.33172807935349535,-0.33472432250973405,1.725782046420533,-1.751937623159633,0.20392474415321016,0.0
11.200000000000001,-30.291503566370846,-20.157168314951218,1.727244022190096,-30.712276972096923,-20.304092324032307,1.7419596082358655,-0.011331205692723676,-0.11240320854655683,-0.004359193217592439,0.7418648400483635,-0.80177098258239,1.3623485763903953,-1.3626931974518532,0.23949327316855093,0.0
11.25,-30.244412147187823,-20.15438122056189,1.7346237745933308,-30.62432729855801,-20.274775766186004,1.7547856022936235,-0.028535212382176472,-0.05151639118175939,-0.005582582280506155,1.0356090449961384,-1.1382089041712127,1.0351425834893888,-1.0082370613553926,0.2731481967605433,0.0
11.3,-30.19875051261265,-20.150809727287363,1.7452164527126435,-30.525298161835575,-20.24176605394519,1.7692273513989785,-0.044883148894692276,0.008606535471522521,-0.005718547860901519,1.141982364535675,-1.2827998883848202,0.8258974192085882,-0.7615953092515686,0.3039826608135571,0.0
11.350000000000001,-30.152866353536908,-20.146008485240365,1.7588612452056436,-30.416294332030677,-20.205431444010223,1.7851237432455263,-0.059997172261992186,0.06306431181508634,-0.00497796090668702,1.1137667352116103,-1.2854769248848406,0.7014245028904555,-0.595527547745631,0.3312137483368653,0.0
11.4,-30.105282590006123,-20.139580357052818,1.775204348025862,-30.298667761562644,-20.166222587187548,1.8022776181054478,-0.07344361694422583,0.11002334175228946,-0.0036632431478890158,1.0253855168901698,-1.2151154338822479,0.6104712618831426,-0.4685292038579366,0.35418247946464826,0.0
11.450000000000001,-30.05476081920621,-20.131190157350716,1.793777310627133,-30.17397509244051,-20.124658364146836,1.8204619656857588,-0.0848307935480528,0.14913604026010907,-0.002098814577408775,0.9259230484940295,-1.1206807949455655,0.524024581469335,-0.35607051108876464,0.3723538114559957,0.0
11.5,-30.000307397010427,-20.1205724715666,1.814073715028254,-30.043935163534524,-20.081311721178174,1.8394261219845482,-0.09387245059068398,0.18046610272092617,-0.0005796746426698425,0.8343743749117862,-1.026503782581691,0.436177426640841,-0.25075762659833334,0.38531663869490146,0.0
11.55,-29.94115932014494,-20.10753370772371,1.8356045068585478,-29.910386517847556,-20.036795505949186,1.8589019661472315,-0.10038484387012514,0.204051668631253,0.0006545747004473288,0.7521156470150188,-0.9397782608034699,0.35086047105748874,-0.1537882974984005,0.3927837926902689,0.0
11.600000000000001,-29.876769457410514,-20.091949946852072,1.8579304173886504,-29.775244909786593,-19.9917483032622,1.8786101173227887,-0.10425902714376749,0.21986195065459604,0.0014286397742975375,0.6758590001719043,-0.8593901712201986,0.2700466095301326,-0.06727011589642762,0.3945920420759061,0.0
11.65,-29.806796906017514,-20.073762790707125,1.8806756775319926,-29.640460812434192,-19.946820270811397,1.8982661315200136,-0.10546231523481979,0.22785837604128206,0.0016407131137267732,0.6027507535826027,-0.7817631525406592,0.19079957224958627,0.009600514188301268,0.3907020926105295,0.0
11.700000000000001,-29.73110166553556,-20.05297507764154,1.9035277946197038,-29.507976924819932,-19.90265897493998,1.9175866984637602,-0.10405408067026838,0.22802567217949885,0.0012720729838430272,0.5281942033317861,-0.7025506632153161,0.10988984640367543,0.0800285204898286,0.38119858717776167,0.0
11.75,-29.649740726781715,-20.02964757048684,1.9262275931148944,-29.379685679191883,-19.859895226397295,1.9362958384511835,-0.10018266191233016,0.2203927392528176,0.00038525483868808737,0.4428715359328468,-0.616409034620929,0.02899976110606642,0.14724009671711688,0.36629010578613325,0.0
11.8,-29.562962634894717,-20.003896641995578,1.9485531542247247,-29.25738674828806,-19.81912891609602,1.9541310992079912,-0.09401601343869292,0.2051277700086511,-0.0009018919089740873,0.3371277866174484,-0.5180378738333591,-0.04798200861227091,0.2134495928789754,0.34630916556908015,0.0
11.850000000000001,-29.471198128121635,-19.97589240951961,1.9703009777301494,-29.14274455260789,-19.780914850869298,1.9708497527446824,-0.08566212861796682,0.18264168251920962,-0.0024456027191555917,0.20898801153656393,-0.4038334694629396,-0.12178274265178773,0.2797886496200415,0.3217122207849463,0.0
11.9,-29.37504530238109,-19.945856311863643,1.9912674671864314,-29.03724576768368,-19.745748589227894,1.986234992212797,-0.07515716052703145,0.153614466194982,-0.004083258462512965,0.06841978850426977,-0.2731601620459483,-0.20110436449334645,0.34652752388698305,0.29307966281698367,0.0
11.950000000000001,-29.275248880756795,-19.91405727434202,2.011233624027073,-28.942156831352037,-19.714052277117347,2.0001021287611613,-0.0625695286125795,0.11888966723755684,-0.005617330584468803,-0.069152661022467,-0.12814763735609444,-0.29551516007905904,0.4125917699549904,0.26111582017334783,0.0
12.0,-29.17267438473604,-19.880805974224934,2.0299553977628197,-28.858481451025394,-19.68616048367513,2.01230478839213,-0.04814479223483289,0.07929072737346134,-0.006814634623352078,-0.19733588531065055,0.029325937249090606,-0.4009738088431168,0.472699038536259,0.22664895848710684,0.0
12.05,-29.06827912320069,-19.84644707793403,2.047161415551088,-28.78691811096341,-19.662306036987804,2.022741108817836,-0.03234578428264449,0.035612422154318625,-0.007450687941157952,-0.3240749521084609,0.19742749947506377,-0.49543430091892005,0.5178043623533629,0.19063128051622746,0.0
12.100000000000001,-28.963082408320002,-19.81134982454048,2.0625588690770416,-28.727817579544464,-19.642605859848157,2.0313599363164325,-0.015710912764018963,-0.01111700972085637,-0.007372774672847489,-0.4562337029396426,0.3675920817339148,-0.5557850107562373,0.5423077355479172,0.1541389261435918,0.0
12.15,-28.858137300520937,-19.775897706282176,2.0758473414057215,-28.681140416537115,-19.62704680551237,2.0381670225883375,0.0013889411665442002,-0.05948302080993845,-0.0065181146499144575,-0.5804768790620904,0.5256923611576166,-0.5783646880635737,0.5439665271871711,0.11837197237698655,0.0
12.200000000000001,-28.754505548056628,-19.740478154560307,2.0867395001372833,-28.646414480371536,-19.61547149345718,2.0432312216124844,0.018763511973827415,-0.10788345862640551,-0.004875821351891901,-0.6672633972000374,0.6627040440110765,-0.5759197424739384,0.514990227335431,0.08465443334910032,0.0
12.25,-28.653236522030312,-19.7054728558783,2.094987060569592,-28.622692435411007,-19.607564145137005,2.0466906865025614,0.03603753651965427,-0.15479604695712887,-0.002496915437821903,-0.6979256952527799,0.7760796350848183,-0.5518394764930965,0.44202022764532434,0.05443426031753514,0.0
12.3,-28.555349639792464,-19.67124887688451,2.1004103835422563,-28.608509259223357,-19.60283641974112,2.04875906636326,0.052363700265295327,-0.19878599952957782,0.00040840170957909684,-0.6836465424722373,0.8607853954983125,-0.48325946450539314,0.31545682697120037,0.02928334166479602,0.0
12.350000000000001,-28.461818190660136,-19.638150502881853,2.1029337704919473,-28.601839749852434,-19.60061324995081,2.04973170314652,0.06668650776350282,-0.23743545931012322,0.0034444145557900397,-1.2015208774305859,1.4591871946507562,0.2132096023335141,-0.41932162538533363,0.010897502898297317,0.0
12.4,-28.373520181302155,-19.606495524012132,2.102683061267436,-28.600056033089547,-19.600018677696518,2.0499918285077743,0.07820318080650149,-0.2579676141050373,0.006106893602707076,-1.1423152832317363,1.4475407985097761,0.42295178531865785,-0.6407991164360881,0.0010965066503601532,0.0
12.450000000000001,-28.29100260508054,-19.576561567733762,2.0999568108414306,-28.59987426401451,-19.6,2.049977996202539,0.08655697356233039,-0.2565286034289537,0.007983267767122423,-0.5039272884742725,0.8536537248024936,0.12998239721943383,-0.36795558313412013,-0.0023539735851340563,0.0
12.5,-28.214381174747082,-19.54857194019692,2.09520891220719,-28.59737320202697,-19.6,2.049540310354719,0.09108811526487157,-0.24339613062581725,0.008805657395668146,0.07037865121305374,0.2542587958369816,-0.11215828474124882,-0.09077962494745774,-0.017277128753617477,0.0
12.55,-28.14350772536115,-19.52267997049285,2.088997565929618,-28.58891809787954,-19.6,2.048060667128919,0.09216098416792473,-0.2288459586995253,0.008745110735021202,0.34215326581349026,-0.11285632696487584,-0.15781341281027242,0.04872666046032445,-0.04358352901183339,0.0
12.600000000000001,-28.078143702578622,-19.498955364393403,2.0817713536337648,-28.57163226814836,-19.6,2.0450356469259625,0.09104559805452953,-0.21814004665338432,0.008197455279970813,0.36198823920240597,-0.2338461081656517,-0.09276197489532996,0.07751987861285757,-0.07867483411871404,0.0
12.65,-28.018071055090132,-19.47739461906979,2.073739698085276,-28.54335452721729,-19.6,2.0400870422630253,0.08900090862717876,-0.21218387621843873,0.007481473765087932,0.2505490742722977,-0.18884944046994828,-0.03037742904911469,0.07244617387670804,-0.12014089966120857,0.0
12.700000000000001,-27.963128480709624,-19.45794767653639,2.064867026811673,-28.502585417041352,-19.6,2.032952447982236,0.08677790635773312,-0.20857522558544975,0.006760387361420451,-0.6043995270280362,0.6372719950819326,0.6735665865107392,-0.6118708224654861,-0.16575977705428893,0.0
12.75,-27.913144189288705,-19.440547883563802,2.0549903336356543,-28.448433436910143,-19.6,2.023475851459275,0.08468099217876003,-0.1908504343804355,0.006107023157150381,-1.0342648021416514,1.0640411646868762,0.8869010042232948,-0.8305977522672847,-0.2134977135409392,0.0
12.8,-27.867622715563293,-19.425126371437774,2.0438977220530523,-28.380561273211264,-19.6,2.0115982228119704,0.08271011894029844,-0.14992445914045466,0.00555359863439296,-0.8683387148629902,0.9125824188792427,0.4727505689706601,-0.4381407184025779,-0.2615091521921682,0.0
12.850000000000001,-27.825557521639,-19.41161053085768,2.031299618172857,-28.299132029193732,-19.6,1.9973481051089026,0.08061229055396701,-0.09232215591344327,0.0050970489984594955,-0.5814597143646418,0.6339863670423779,-0.059305390342326736,0.0794887486759075,-0.3081367319069961,0.0
12.9,-27.7855946479602,-19.399929044495607,2.0169079780375014,-28.20475545473142,-19.6,1.980832204577998,0.07833737827461336,-0.02776321940329861,0.004777330696041407,-0.3792846046385705,0.4316487034267766,-0.47442904506390354,0.49042251359398453,-0.3519112874124682,0.0
12.950000000000001,-27.746261401424274,-19.390011008770724,2.0004538034168573,-28.098434176086467,-19.6,1.9622259808151314,0.07586970591012657,0.03613699895450035,0.004621568452383199,-0.28359596332830345,0.3316461113268563,-0.7265592777825707,0.7448374687041297,-0.39155184926364267,0.0
13.0,-27.706132632668524,-19.381783409406143,1.9816866834423845,-27.981509925672718,-19.6,1.9417642369927253,0.07325217312425893,0.09497710816501109,0.0046317896859958746,-0.23660284614077232,0.2848352812124605,-0.8525229653499345,0.8709348293931743,-0.4259656438435966,0.0
13.05,-27.663916703654195,-19.3751721522787,1.9604055304613583,-27.855609771819115,-19.6,1.919731710068345,0.0704588715075553,0.1465233294029143,0.004797224424508787,-0.18411312205099173,0.2392667625297087,-0.8907892776323962,0.9046684246663552,-0.45424809336342903,0.0
13.100000000000001,-27.618481221171432,-19.370105170882017,1.9365059793491994,-27.722592348533166,-19.6,1.8964536609933038,0.06735702071733429,0.18962854532960544,0.005129563348841822,-0.10878675513524894,0.16699478533272938,-0.8507243205406385,0.8662051889710067,-0.4756828158622526,0.0
13.15,-27.568848929491136,-19.366515179685805,1.9100202808895805,-27.584494085264318,-19.6,1.8722864649212556,0.06395012442634355,0.22388080176034475,0.0056283107606384004,-0.003843980857290763,0.05649042457622844,-0.7404613923069115,0.7685670302955444,-0.4897416252072014,0.0
13.200000000000001,-27.514187858809,-19.364341417281366,1.8811441642255706,-27.443475436667427,-19.6,1.8476082014167996,0.060424905199592774,0.2484274432360497,0.00623770041172149,0.523140969912832,-0.4749484628023114,-0.9635765604896558,1.0047918284906923,-0.4960845310934259,0.0
13.25,-27.453840420783827,-19.363531923020044,1.8502802781638599,-27.301767112366154,-19.6,1.822809244664077,0.05698810093689541,0.25624801488697446,0.006860078706888506,0.5897276240572127,-0.5311631412104267,-0.6603428394937718,0.6998199618431586,-0.49455973904409545,0.0
13.3,-27.387475418778145,-19.364039309364422,1.817975346976603,-27.161616306716386,-19.6,1.7982828536753677,0.053471591435715664,0.2487023013129802,0.007477017940776202,0.408557679496226,-0.33783831264392905,-0.06789119099083614,0.10370056289352818,-0.48520365041039726,0.0
13.350000000000001,-27.31508406282356,-19.36581776093672,1.7849130038794667,-27.025232928569682,-19.6,1.7744157624996946,0.04975241861838951,0.23499516477871024,0.008081681599849072,0.3245856953556383,-0.24911206585443363,0.44108727095147154,-0.4016031927582007,-0.4682408623715377,0.0
13.4,-27.236804192167288,-19.368817716076006,1.7518766154297962,-26.894735831036673,-19.6,1.7515787704314174,0.04582668280312964,0.22271896948239903,0.008663406650628723,0.4180615337064315,-0.34214736477917074,0.7583064987280029,-0.7110913033065197,-0.4440841679347393,0.0
13.450000000000001,-27.152769485893113,-19.37297810050111,1.719641983213625,-26.772099041250492,-19.6,1.730117332218836,0.041707215010668985,0.2148529690760663,0.009227523675323824,0.8289907753605984,-0.7548630030160409,0.723607327414432,-0.6666528425508563,-0.4133345559352457,0.0
13.5,-27.063051715669385,-19.378223981577356,1.6889181066027823,-26.659097990130217,-19.6,1.7103421482727879,0.037468804432029774,0.20484394986754886,0.009765467498019185,1.5249486620568393,-1.4533594483123324,0.3573463961989208,-0.2902683937191412,-0.3767812110363171,0.0
13.55,-26.96782319683428,-19.384471292365884,1.6603808783622158,-26.557255742144257,-19.6,1.692519754875245,0.03334788006906888,0.17998919009628014,0.010193198145590712,1.6789763470130976,-1.602457608613352,0.4742863231062379,-0.4062473160896814,-0.3354015137292307,0.0
13.600000000000001,-26.86766599591832,-19.391630547092916,1.6346489333114205,-26.467789225073812,-19.6,1.676863114387917,0.029356459206100288,0.13907118235280777,0.010453453749004612,1.5863995089225869,-1.5017563985634905,0.7689180431028467,-0.7055798910327807,-0.2903610403332846,0.0
13.65,-26.76364407051928,-19.399606774094785,1.6122443141147387,-26.391555459776267,-19.6,1.663522205460847,0.02537186828480232,0.08704345255746415,0.010522461199568347,1.4409977296756271,-1.3543941834795727,1.0410392049063064,-0.9789259804625223,-0.24301356299579113,0.0
13.700000000000001,-26.657179243240446,-19.40829772014622,1.5935482564244323,-26.32899778994864,-19.6,1.6525746132410122,0.021334601898887594,0.029643975705070363,0.010378521531929523,1.314062874585125,-1.234609413122688,1.2182786774684167,-1.151240921095876,-0.1949010496920851,0.0
13.75,-26.549882081285094,-19.417593288366483,1.578747788380315,-26.28009211189099,-19.6,1.6440161195809235,0.017286920301201214,-0.02886507694956445,0.010009980166956223,1.2055250570896008,-1.1395496877137021,1.3070742533568707,-1.2319040128221843,-0.14775366422552047,0.0
13.8,-26.44340731936082,-19.427378529412845,1.5678154274675906,-26.244293104269847,-19.6,1.6377512932472233,0.01333106175197708,-0.08577665197004941,0.009430243543003342,1.0942178168751053,-1.0437019477822753,1.3408829214495697,-1.2585104417622222,-0.10348976622746153,0.0
13.850000000000001,-26.339350329408944,-19.437539030890335,1.560528602169795,-26.22048045788162,-19.6,1.6335840801292838,0.00957626935420641,-0.13921069007634934,0.008679246176932586,0.9646904081859344,-0.9282369627277387,1.3489770496570388,-1.2631327496677442,-0.06421591115729984,0.0
13.9,-26.239175220208562,-19.447966313378064,1.5565114031522003,-26.206905105416052,-19.6,1.6312083934478088,0.006102680052325837,-0.1874635564217747,0.007813361638551734,0.8121946164394583,-0.7867424795406384,1.3467725430982156,-1.2620634502900756,-0.032226850302440414,0.0
13.950000000000001,-26.144159235608424,-19.45856160744058,1.5552818582446795,-26.20113545121961,-19.6,1.6301987039634318,0.0029499729742944367,-0.22867890679207217,0.006892529866738451,0.4806727116378733,-0.46276339740623884,1.4943482489464022,-1.4149579891610204,-0.010005530778307195,0.0
14.0,-26.055336303625754,-19.469237585217407,1.5563253136744921,-26.200003601058935,-19.6,1.6300006301853136,0.00011424095163776451,-0.2552130298706637,0.005973296822628463,-0.08390873882721017,0.09706526388672954,1.8380340485473963,-1.766694151916945,-0.00022309552834161094,0.0
14.05,-25.973301567467622,-19.479917668358624,1.5591475626525393,-26.199662150531786,-19.599831075265893,1.6298944220411833,-0.0024495535615828676,-0.2577370208720974,0.005116280512562318,0.18066316724308806,-0.146152261845222,1.2916575694306012,-1.2535069136455808,-0.00748466801376243,0.0
14.100000000000001,-25.898011515631794,-19.490534113636425,1.5631826426846782,-26.196618821717202,-19.5983094108586,1.6289433817866252,-0.005147972275892815,-0.24551902710723889,0.004270765825282465,0.519801504177466,-0.3754499984125954,0.5816234230027182,-0.6652747718988155,-0.03319456631747004,0.0
14.15,-25.82901701035786,-19.501016806795526,1.5678305082032724,-26.18833278331432,-19.59416639165716,1.6263539947857244,-0.009383065459824223,-0.23049143187655707,0.0031391387523343455,0.5977050496207872,-0.3363120534484827,0.04438528930741657,-0.2618367574578992,-0.07217966981592236,0.0
14.200000000000001,-25.765772956338292,-19.51126280684983,1.5724055206551704,-26.1730690849391,-19.58653454246955,1.6215840890434687,-0.01671443062741659,-0.21909517429201428,0.0014291227869941139,0.4050413755716944,-0.10773782525072195,-0.28070195202892,0.0019365800313075332,-0.11966128678026737,0.0
14.25,-25.707812220451693,-19.521106593013382,1.576119537871194,-26.149816644231244,-19.574908322115625,1.6143177013222643,-0.027720663432977154,-0.21257738800163947,-0.0009269706578327368,0.006167224169748298,0.23020919098672038,-0.408825086615382,0.1566352578848596,-0.17136975864265924,0.0
14.3,-25.654787618493184,-19.53031305438148,1.5781577653613306,-26.118206801548425,-19.559103400774216,1.604439625483883,-0.04178756374326748,-0.2059397040274016,-0.0037638343824664042,-0.9109154659084838,1.0278721281038727,0.025428260173413292,-0.1986069659738475,-0.22354445999626515,0.0
14.350000000000001,-25.60636285231156,-19.538591942316113,1.577815475420813,-26.078431874660527,-19.539215937330265,1.5920099608314153,-0.05753732985845488,-0.18693772662629435,-0.00665656793339424,-1.1495021117176607,1.1400516951201225,-0.1309984014498624,0.04421099213174351,-0.2729337985952525,0.0
14.4,-25.562005548510136,-19.545625030989232,1.5745512942738502,-26.03116371344389,-19.515581856721948,1.5772386604512156,-0.07358898813550753,-0.15539907168796194,-0.009115195867952142,-1.0707426025561306,0.9483556974248752,-0.4857547089439611,0.4788201807500557,-0.31679521535480326,0.0
14.450000000000001,-25.520977598405548,-19.55109089624777,1.5680173003142928,-25.977472254575538,-19.48873612728777,1.560460079554856,-0.08877854783166561,-0.11752370756714851,-0.010826090692861941,-0.9222874436723174,0.6987644361988503,-0.7736575447570158,0.8452642029756077,-0.35289518435110123,0.0
14.5,-25.48245300703965,-19.554680515816855,1.5580819856037202,-25.918744076227437,-19.45937203811372,1.542107523821074,-0.10204079786676165,-0.07941627433547098,-0.011718688637890076,-0.7793849378470004,0.4724572486288702,-0.9149962191153246,1.0583882115307053,-0.3795092128213389,0.0
14.55,-25.44562898289641,-19.556108444019358,1.5448140670584187,-25.856600952760704,-19.428300476380354,1.5226877977377204,-0.11247260201099714,-0.04545257066182466,-0.011937759975533275,-0.6305906846572775,0.27321365162273326,-0.9261977125283514,1.1172513604253111,-0.3954218411637187,0.0
14.600000000000001,-25.409799074338228,-19.555122639086548,1.528465111902469,-25.792818409419883,-19.396409204709943,1.5027557529437137,-0.11965280086727652,-0.018384502652985635,-0.011740514466386702,-0.4676979591619369,0.08430489248361761,-0.8275711489918406,1.0470865450154347,-0.3999266429374477,0.0
14.65,-25.374392807834184,-19.551514277897063,1.5094616459436354,-25.729244277027146,-19.364622138513575,1.4828888365709836,-0.12333111969153691,0.0005283531512369067,-0.011358816561636412,-0.2922774741677235,-0.11010635940645952,-0.6357732643124268,0.8789166206281276,-0.3928262248627412,0.0
14.700000000000001,-25.33899450231186,-19.5451295969095,1.4883967035111465,-25.667717246676563,-19.333858623338283,1.4636616395864264,-0.12309710026302116,0.011201718284656737,-0.01095729240017153,-0.09331116304104431,-0.3155521088521412,-0.3860088970043406,0.6404629128998559,-0.3744322268208225,0.0
14.75,-25.303352855128285,-19.535884631416035,1.4660104966737006,-25.609985424428324,-19.304992712214162,1.4456204451338517,-0.11869659185377088,0.014079768353638125,-0.010621401392783473,0.13678091723686553,-0.5287596821398033,-0.11520104647282209,0.35683143426659103,-0.3455653218539227,0.0
14.8,-25.267388354312736,-19.523781356461434,1.4431555327381351,-25.557624886002976,-19.278812443001488,1.4292577768759307,-0.1102650466769507,0.009687509942139266,-0.01033922470212028,0.38357538888495823,-0.7381045210594478,0.1584942193746233,0.04930678373731526,-0.30755521616527753,0.0
14.850000000000001,-25.23119937204014,-19.50892241063065,1.4207462602600929,-25.511958231475678,-19.25597911573784,1.4149869473361496,-0.0982053624705787,-0.0013276000444013814,-0.010015712768037555,0.621103602444391,-0.9262098382564996,0.4275683863535791,-0.26458817756548936,-0.2622406491191343,0.0
14.9,-25.195063015388772,-19.491521034171992,1.3996964257527424,-25.473973139970415,-19.23698656998521,1.4031166062407554,-0.08305213143516801,-0.018019033489123298,-0.009509558577222169,0.8281583900463849,-1.0751475718183343,0.6812107061647055,-0.5688012941364713,-0.21196939324074263,0.0
14.950000000000001,-25.15942463859704,-19.471902345166047,1.380849601065883,-25.444240924354265,-19.222120462177134,1.3938252888607086,-0.06547033130195519,-0.03909843618808449,-0.008674735714084019,0.9916289639559867,-1.1695592371387356,0.9040255689234151,-0.8482579053187558,-0.15959825421636326,0.0
15.0,-25.124870692802237,-19.450492591867484,1.3649102105247188,-25.42283508593162,-19.21141754296581,1.3871359643536314,-0.046300493536082996,-0.06296714503233534,-0.007406586121842841,1.1028453481930192,-1.1981303760029227,1.0809525282615937,-1.0892601683911345,-0.10849307089326729,0.0
15.05,-25.092082285753165,-19.42779467186741,1.3523831428061577,-25.40924986913842,-19.20462493456921,1.3828905841057566,-0.026563235353989887,-0.08776046943363026,-0.005688214969023415,1.1545231721390303,-1.1533118625587917,1.2004231470161695,-1.2804817920081655,-0.06252871527972456,0.0
15.100000000000001,-25.061770751602932,-19.40435081239498,1.3435287848628987,-25.40231881623641,-19.201159408118205,1.3807246300738787,-0.0074367423608794146,-0.11139447618552736,-0.0036244524216430805,1.1392060920049971,-1.0303550097105563,1.2547878104678551,-1.4132418644767843,-0.02608909254502036,0.0
15.15,-25.034600171681955,-19.380695829523454,1.3383368939022553,-25.40013332200737,-19.200066661003685,1.3800416631273034,0.009784950197463612,-0.13160893639093496,-0.001449939512460506,1.0488385228057835,-0.8256821052931005,1.2386492538078615,-1.4811093497109673,-0.004067141019441355,0.0
15.200000000000001,-25.0111039794447,-19.35730638091913,1.3365179481585492,-25.399967918832512,-19.19997433506601,1.379997433506601,0.02373332123819307,-0.1460103901690832,0.0004965118182154622,0.8759041858208633,-0.5359182546266541,1.1473137320064999,-1.4800620217808924,-0.0003890404305108104,0.0
15.25,-24.99160526772756,-19.334552520240006,1.337516861802063,-25.398638736008873,-19.1989109888071,1.3798910988807098,0.03296867640148988,-0.15216627503960137,0.0018295302785897281,0.6642560367007574,-0.19809531518723134,0.9728677162181154,-1.4143738645166257,-0.004588359501287767,0.0
15.3,-24.976162130683218,-19.31265844718569,1.3406076707998678,-25.393416832455827,-19.194733465964664,1.3794733465964661,0.0359641687508436,-0.14820578401903647,0.0022112996286557194,0.46240928698618067,0.09014353995837943,0.7377673355549612,-1.2619236057208747,-0.012704579824421847,0.0
15.350000000000001,-24.96455327113092,-19.291676099288704,1.345031702427445,-25.38211307149101,-19.18569045719281,1.3785690457192807,0.031732199917081184,-0.13361425634582302,0.0015608343272857158,0.275452236278442,0.27414044834048074,0.48817194521997626,-1.0198263809291028,-0.02391835453876853,0.0
15.4,-24.956301490164986,-19.271477090134354,1.3500854692199962,-25.363033123982785,-19.170426499186227,1.3770426499186226,0.020432404141984845,-0.1092628089788622,0.000179021806978278,0.10982148966707489,0.35996740710516545,0.2514964210185613,-0.7230065286219799,-0.03746564634311706,0.0
15.450000000000001,-24.95072397588405,-19.251768268629462,1.3551585349096287,-25.334942899875294,-19.147954319900236,1.3747954319900235,0.0031475509267963136,-0.07701101440041624,-0.001388816700539764,-0.025822563309448487,0.3812025372723035,0.03981303931622793,-0.41785416823466726,-0.05263772749618798,0.0
15.5,-24.94699145595142,-19.23212485074791,1.3597381438403842,-25.29703397971351,-19.11762718377081,1.3717627183770809,-0.01869555127374986,-0.03919705972219369,-0.0025787840894959803,-0.1340429192567105,0.37053862845506447,-0.13273876573624957,-0.1411402825729743,-0.06878117981663402,0.0
15.55,-24.94418292986111,-19.21202985328567,1.3633975887474772,-25.24888904616826,-19.079111236934608,1.3679111236934607,-0.04368005986532526,0.0019232441474137441,-0.002949244534654235,-0.2242484199164666,0.3450038494842169,-0.25068513222835254,0.08957942842145256,-0.08529789468304212,0.0
15.600000000000001,-24.941330104646546,-19.190911158437725,1.3657819358651755,-25.190447315561276,-19.03235785244902,1.3632357852449022,-0.07042974301811906,0.04454465046440833,-0.0022393640773651904,-0.2958137502508133,0.30462911123419273,-0.31161310189222996,0.27443855744606455,-0.10164507303392928,0.0
15.65,-24.937450799303157,-19.16817224256095,1.3665988325566292,-25.121969969390236,-18.97757597551219,1.357757597551219,-0.09754963435683128,0.0872760471019027,-0.0004031510690363744,-0.33268934210104434,0.24394775194140034,-0.3307180521818471,0.418466400695987,-0.11733522536774736,0.0
15.700000000000001,-24.93157312803479,-19.14321612916702,1.3656165486068248,-25.044005585853814,-18.915204468683054,1.3515204468683053,-0.12373272268272141,0.12886053532940075,0.0023889405088173823,-0.3180417960799407,0.16391737611498708,-0.3263152007519769,0.5195678309908356,-0.1319361717428789,0.0
15.75,-24.92275315570471,-19.115463807402094,1.3626680375980946,-24.957355571376716,-18.845884457101373,1.3445884457101374,-0.14800701876946512,0.1680434195447253,0.005823558202660969,-0.25180628149000317,0.06843309546005605,-0.30233549479739363,0.5730968537674677,-0.14507104177763888,0.0
15.8,-24.910088838744006,-19.08436873889911,1.3576586058249491,-24.863039592134708,-18.77043167370777,1.3370431673707768,-0.16976693263778378,0.20366601746090643,0.009544953081809544,-0.15033359638952615,-0.04486114371381311,-0.2485238243440296,0.5825873044013186,-0.1564182746502763,0.0
15.850000000000001,-24.892732956225604,-19.04942862410535,1.3505769824953855,-24.762261005579692,-18.689808804463755,1.3289808804463754,-0.18844950790385123,0.23406899372544795,0.013169540618725413,0.428776830233796,-0.6379673506236891,-0.6163336065069616,1.0140582380711562,-0.16571161909897072,0.0
15.9,-24.869937513902876,-19.010188481857465,1.3415475182234764,-24.65637229196471,-18.60509783357177,1.3205097833571768,-0.2032203193278024,0.24936229065438797,0.01617675493363395,0.579813675941741,-0.8018279107272209,-0.517613271404982,0.9687587344168537,-0.17274013342183564,0.0
15.950000000000001,-24.841256434766073,-18.96625840267906,1.3308045671771256,-24.546840485869016,-18.517472388695214,1.3117472388695213,-0.21326716729426543,0.24734769752971195,0.018030566460850373,0.3429894709517126,-0.5625703455837565,-0.012677377374776061,0.4854279124096569,-0.17734818547691605,0.0
16.0,-24.806620228523073,-18.91732732615659,1.3186845435206052,-24.43521260772311,-18.42817008617849,1.3028170086178488,-0.21854439657867067,0.23631393001265255,0.018632064920438566,0.14311932721135656,-0.3657274818034808,0.45465577496674414,0.02796878898908811,-0.1794354526821895,0.0
16.05,-24.766168329437193,-18.86316731606155,1.305636143855211,-24.32308109533376,-18.338464876267007,1.2938464876267006,-0.2190957331266576,0.22451288750108347,0.018096795821959524,0.10087744956296552,-0.3443383796656847,0.7430776643715595,-0.24801167241098399,-0.17895692201556648,0.0
16.1,-24.72007685802206,-18.803659082104346,1.2921366919036432,-24.212049235409076,-18.24963938832726,1.284963938832726,-0.21476235207978386,0.21618504031212382,0.016528996273449247,0.18238374907587018,-0.4565696170924842,0.8704390005380911,-0.36712190620071583,-0.17592289001488928,0.0
16.150000000000002,-24.668465301959234,-18.738817978558536,1.2786254730007738,-24.103696595083534,-18.162957276066827,1.2762957276066826,-0.20529249563829519,0.21182943396484696,0.0139729828927251,0.3113849160319426,-0.6120079361793345,0.9045784431961272,-0.4110703864768117,-0.17039896277793312,0.0
16.2,-24.611378695127534,-18.668809449021932,1.2654836513547274,-23.99954445344303,-18.079635562754426,1.2679635562754425,-0.190551271474927,0.21014329292315545,0.010452001562894345,0.42970934514029047,-0.742662801814364,0.9012869871189326,-0.445301878474039,-0.1625060559624061,0.0
16.25,-24.548812094670318,-18.593954010782895,1.2530339742141483,-23.901021233049892,-18.000816986439915,1.2600816986439913,-0.1706788852392483,0.20967008007794485,0.006022630192834835,0.5132682723185866,-0.8223386696667188,0.8860513884563959,-0.4966251274886777,-0.15242039478594702,0.0
16.3,-24.48074297389271,-18.514722415843966,1.2415422408791752,-23.80942793146796,-17.92754234517437,1.252754234517437,-0.14612222325285104,0.20950071208480614,0.0008008370546376314,0.5619905818325626,-0.8550497382279618,0.8626874454029212,-0.563092241206349,-0.1403735140261287,0.0
16.35,-24.407153012033895,-18.431722068811318,1.2312165200205736,-23.725903552787614,-17.860722842230093,1.2460722842230092,-0.11755498782721839,0.2092040431833027,-0.005048540831192602,0.9106572449752466,-1.1821722360481284,0.5017256625734001,-0.3062749694963526,-0.12665225802045554,0.0
16.400000000000002,-24.328055958222976,-18.3456743007746,1.2222311595798292,-23.65139053915081,-17.80111243132065,1.2401112431320649,-0.0858378702195564,0.20024672557337084,-0.011231096512964505,1.4129546898861745,-1.6672456674969247,-0.0458383872672351,0.1372012344765391,-0.11159878066636582,0.0
16.45,-24.24371320369349,-18.25738671784944,1.2147683806700131,-23.586600202276127,-17.749280161820906,1.2349280161820904,-0.05206734405449235,0.17051976682332298,-0.01697258967809711,1.2300988732457405,-1.482783034975999,0.06267824770628583,-0.052133428417162064,-0.09561054542122926,0.0
16.5,-24.154909074473057,-18.167733635591834,1.2089447333650343,-23.531978154983804,-17.705582523987047,1.2305582523987044,-0.016983075719135675,0.12347108377721855,-0.021419360440257093,0.8459208641476859,-1.0931292217100341,0.3510593586316207,-0.4057754301338207,-0.07914032530234648,0.0
16.55,-24.06287215357482,-18.077632081700365,1.2048111039974043,-23.487669742720797,-17.67013579417664,1.2270135794176638,0.018966001707424785,0.06820241876561604,-0.02402583506625609,0.5325759373944525,-0.744426356255744,0.5542240694887981,-0.6779668495822142,-0.0626962028869526,0.0
16.6,-23.969043495826085,-17.988024175478355,1.2023235413786255,-23.45348547508581,-17.64278838006865,1.224278838006865,0.055269612925237355,0.012238011698956051,-0.02459913390535296,0.36059862523725644,-0.49681798860322923,0.6103659849600723,-0.8153857682908597,-0.046841570312215045,0.0
16.650000000000002,-23.874879598535312,-17.89985343741112,1.2013070055598984,-23.42886645735433,-17.623093165883468,1.2223093165883465,0.09111485316012098,-0.04026132741465056,-0.02323876636150534,0.29961671347432317,-0.32277299579609986,0.5624084833324481,-0.8599930231347568,-0.03219512927523335,0.0
16.7,-23.78173587577743,-17.814030652217163,1.2014697497152276,-23.412849822003686,-17.61027985760295,1.221027985760295,0.12530636986799978,-0.08760989088873457,-0.020283773031835043,0.2969881397651418,-0.18010466766277172,0.4762568912397072,-0.8721510311810443,-0.01943089103303962,0.0
16.75,-23.690817859536534,-17.731396684029452,1.20245349116659,-23.404034160238083,-17.603227328190467,1.2203227328190467,0.15635124983036103,-0.12917271774164993,-0.01627998189199633,0.3119017205329663,-0.04365037454801696,0.40168933802424917,-0.893556875164786,-0.009278176402597016,0.0
16.8,-23.603167412967416,-17.65268890445421,1.2038891605521242,-23.400544953513638,-17.600435962810913,1.2200435962810912,0.1826347701504779,-0.16437589596469165,-0.011934095966548128,0.3208181089971625,0.09157578847637166,0.3634366513699782,-0.9401499572032714,-0.002521615760802628,0.0
16.85,-23.519655812986176,-17.578513429353368,1.2054431111325778,-23.400000005063436,-17.600000004050752,1.220000000405075,0.20260724946825687,-0.19229670392119005,-0.008031520383466117,0.3121044030203069,0.22112217982709054,0.3654322286734431,-1.0107078440249389,-1.1490444862747001e-06,0.0
16.900000000000002,-23.440968607412994,-17.509322128501953,1.2068517863831636,-23.399327263325677,-17.6,1.2201177289180059,0.214971457630045,-0.21158487734957918,-0.005309013493460285,0.258736243922828,0.31512804991781607,0.44213065416742514,-1.0929922188843992,0.007102545028189673,0.0
16.95,-23.3675849259229,-17.445402344540554,1.2079833074253365,-23.394706943592407,-17.6,1.2209262848713287,0.2195030824074083,-0.22030875346018672,-0.004160089241828025,0.15050605264140393,0.28287197328102953,0.6554143810118173,-1.152599020452353,0.027169726569670767,0.0
17.0,-23.299753255008234,-17.38689890967706,1.2089394682776113,-23.382825042092943,-17.6,1.2230056176337347,0.21800943408309828,-0.2162802635108446,-0.004316470029705083,0.10719796354669198,0.10950730940349973,0.8991416515658393,-1.1830917370260985,0.05749814483112618,0.0
17.05,-23.237445775714274,-17.33386160215475,1.210087927870718,-23.36111407739582,-17.6,1.2268050364557317,0.213204787274998,-0.19851006927636075,-0.005121146055639118,0.20316941419217427,-0.15574179120352905,1.0770486442407237,-1.2022333748969933,0.09556906236425505,0.0
17.1,-23.180310640709806,-17.286295805590314,1.2120118986313029,-23.327699322222212,-17.6,1.2326526186111124,0.20727929537177195,-0.16794183101232105,-0.005992889256375377,0.4190572109335561,-0.44682593016417926,1.1672742484060774,-1.2276762454575212,0.13905193754877587,0.0
17.150000000000002,-23.12765196678577,-17.244193340052224,1.2154109025598248,-23.281345033209387,-17.6,1.240764619188357,0.20125821548619025,-0.12698525089356344,-0.006647977452857615,0.6881405723170372,-0.7152278609026272,1.1904565642333869,-1.2590235584449858,0.18580442459242524,0.0
17.2,-23.078451833949593,-17.207533896866995,1.2209836494294681,-23.221400680674105,-17.6,1.2512548808820314,0.19513092414982802,-0.07875297554833864,-0.00702845208860013,0.9439733205244779,-0.9387564027293533,1.173852108487053,-1.2789432058469388,0.23387237353095455,0.0
17.25,-23.03143364436809,-17.176263971097164,1.2293192331064398,-23.147747178376044,-17.6,1.264144243784192,0.1883987883031344,-0.026472016379647863,-0.00711983142649597,1.1430660815775435,-1.1120021661705297,1.1360514054952833,-1.2675747142469471,0.2814898302281438,0.0
17.3,-22.985155392634677,-17.150270137727702,1.240817758025662,-23.06074311328124,-17.6,1.2793699551757824,0.18060693686389487,0.026882666638520403,-0.006852301481101689,1.2687164219111757,-1.235855380912535,1.0852204444096845,-1.214162455771768,0.3270790363757807,0.0
17.35,-22.938115546729335,-17.129362795638734,1.2556525764218325,-22.9611709753255,-17.6,1.296795079318037,0.17162856362863954,0.0787619077043131,-0.006125952283604465,1.325279551311184,-1.3124282569018788,1.022302128846105,-1.120324200215722,0.36925042949367487,0.0
17.400000000000002,-22.888853819283852,-17.113277980436,1.2737742834013452,-22.85018338717782,-17.6,1.3162179072438809,0.1616861530735747,0.12708146276562698,-0.0048870661700410895,1.3288307672405273,-1.3440753701297252,0.9452324333840657,-0.9970488019277338,0.40680264292965396,0.0
17.45,-22.83603373293141,-17.101695047291102,1.2949464967615587,-22.729249334003832,-17.6,1.3373813665493293,0.1512046006120081,0.17019138094543515,-0.0031741055579823764,1.2979898811582675,-1.3342175782037566,0.8525913559186501,-0.8588557662285815,0.43872250585956185,0.0
17.5,-22.77850120604902,-17.094262098829553,1.3187987700181358,-22.60010039322917,-17.6,1.359982431184895,0.14062215658086855,0.20682274777909432,-0.0011045456634273785,1.2474651596477342,-1.288119630034265,0.7456440187792921,-0.7182431180822124,0.46418504328726706,0.0
17.55,-22.715320029731867,-17.0906205895476,1.344883142807367,-22.46467696430297,-17.6,1.3836815312469801,0.1302518326781773,0.23587183916814938,0.0011746612201816882,1.4767426545896265,-1.5044082591315473,0.33687892765511074,-0.29060621774801043,0.48255347604464954,0.0
17.6,-22.64580562126047,-17.090427322844146,1.3727543145783692,-22.32507449846124,-17.6,1.4081119627692824,0.1202238517198823,0.25015120225051035,0.0035120624032254147,1.4718638292100603,-1.4754281118674248,0.14388532623077485,-0.08927776800011158,0.4933792207916096,0.0
17.650000000000002,-22.569678717580544,-17.093362560347742,1.4019927687456202,-22.18348972849031,-17.6,1.4328892975141956,0.11058465095918006,0.24688437822446685,0.005722051866813004,0.9990208996394594,-0.977069382285796,0.39850855364835513,-0.33884626744620194,0.49640189001606627,0.0
17.7,-22.487108236499488,-17.09912932052891,1.4321979891064236,-22.04216689849024,-17.6,1.4576207927642075,0.10132804775436877,0.23515354687340892,0.007688843724083756,0.5563326407969477,-0.5097905925579304,0.5989638359031956,-0.536628476476878,0.4915492920339569,0.0
17.75,-22.398482706067103,-17.10745163384536,1.463004329324111,-21.903343993638234,-17.6,1.4819148011133088,0.09226628921962984,0.2234202318998972,0.009433903324120875,0.28521861513797736,-0.2218965552604324,0.5995074095899529,-0.5295359767638881,0.4789374309892358,0.0
17.8,-22.30420215213244,-17.118062710667893,1.4940147946518674,-21.769198969952093,-17.6,1.5053901802583833,0.08326101046488864,0.21541073676724878,0.011017079794322725,0.13596553220465102,-0.06753187725108634,0.45162754903608604,-0.3643574206634067,0.45887050685387687,0.0
17.85,-22.204583232883344,-17.130700258224092,1.5247670369343063,-21.641795984053626,-17.6,1.5276857027906154,0.07435813554489648,0.21123764007525977,0.012469817820679428,0.027585370963244343,0.039098465663698734,0.24521834234501766,-0.135485243607473,0.4318409154278716,0.0
17.900000000000002,-22.099853408912836,-17.145110191261754,1.554753128975913,-21.52303162293206,-17.6,1.5484694659868894,0.06577152164701493,0.20706667079792743,0.013776618870962862,0.5432803781316465,-0.4723778322929565,-0.5906801961899527,0.7147754999042323,0.398529248339229,0.0
17.95,-21.990258354366908,-17.161055907436257,1.5834968913718706,-21.414581133707486,-17.6,1.5674483016011895,0.057657752532644636,0.18945920922699497,0.014861783047013051,0.5216203561120398,-0.435372537657157,-0.8864649199814347,1.0103889185292025,0.35980429304398154,0.0
18.0,-21.876314740230107,-17.17832256629946,1.610570269098455,-21.31784465339425,-17.6,1.584377185656006,0.04997016944559743,0.15437411820976088,0.01562972308314146,0.18837871750585,-0.09057274737467835,-0.8616456519043689,0.9846161582238027,0.31672303282616787,0.0
18.05,-21.7588955997868,-17.196714959071066,1.6355743882426073,-21.233893438664417,-17.6,1.5990686482337273,0.042719057893750634,0.10619589536974806,0.01599959990964013,-0.18618545825199773,0.293631476473145,-0.7787611337254657,0.8970144761588094,0.2705306467978559,0.0
18.1,-21.63912769634937,-17.216053687154126,1.6581466538745542,-21.163416095611158,-17.6,1.6114021832680472,0.035733478256095325,0.05057960100772565,0.015966509095080066,-0.4845176236781733,0.5970064653813395,-0.7456693983363577,0.85812639996673,0.22266050989912908,0.0
18.150000000000002,-21.51826271858476,-17.236169763399445,1.6779443335133677,-21.106664809512203,-17.6,1.621333658335364,0.028801326687803535,-0.008395749373553826,0.015541371862317237,-0.7055374343203509,0.8091223491044885,-0.7500691774665451,0.8652469028127925,0.17473419289808687,0.0
18.2,-21.39758151908324,-17.256902037458108,1.6946359584415387,-21.06340157459325,-17.6,1.6289047244461814,0.02191189580014796,-0.06812604434741636,0.014727592471871892,-0.8816444558507903,0.9616325695959802,-0.7421559693542807,0.8693362863309146,0.12856146239085134,0.0
18.25,-21.27833882996145,-17.27809770433363,1.7079172490922192,-21.03284442379137,-17.6,1.6342522258365102,0.01525284065879838,-0.12646758541424358,0.013564026735501097,-1.0193221843886326,1.0724256448200546,-0.6954302298954493,0.833010151690265,0.08614028080155563,0.0
18.3,-21.161737990059603,-17.299613923430563,1.7175445687562163,-21.013613658518473,-17.6,1.6376176097592674,0.009008331546729687,-0.18130884239873413,0.012137048483098167,-1.0971623928041152,1.131489207654519,-0.6111171556418358,0.7473915537634963,0.049656806382355916,0.0
18.35,-21.048921626314687,-17.321318805947545,1.723376523137768,-21.00367807842469,-17.6,1.6393563362756791,0.0032177553212415257,-0.23073198372468776,0.010538702995485268,-1.564802868116005,1.5889799941589184,-0.02192288357054438,0.14601551540710955,0.02148539321342564,0.0
18.400000000000002,-20.940957448478393,-17.343090861658524,1.7254866370385937,-21.000301211161826,-17.6,1.63994728804668,-0.0022714741485295137,-0.2635111534360211,0.008832744182773343,-1.8835680176157181,1.892700548118568,0.539677954276745,-0.4243377480974072,0.0041885912029591835,0.0
18.45,-20.838628746595703,-17.364815537643015,1.7241923308695808,-20.999989400797794,-17.5999964669326,1.640001457390303,-0.007347274048378802,-0.26920193090880157,0.007194568077633921,-1.2694395091478377,1.265509802836697,0.28950440346131834,-0.18381182922424033,0.00034301305704480695,0.0
18.5,-20.742212848047853,-17.3863829066486,1.7199715409625789,-20.998781146892068,-17.59959371563069,1.6401675923023404,-0.01181010712765962,-0.25631599310900854,0.00579352945044723,-0.44426976667207413,0.4894386035654917,-0.0621641075860309,0.0995737765961165,0.007863656271714186,0.0
18.55,-20.65164768346758,-17.407684581605437,1.7136013613516141,-20.993245651212202,-17.59774855040407,1.640928722958322,-0.01637621634765939,-0.2381943374042354,0.004486929875037371,0.22203427039536608,-0.06994356821948663,-0.1958917509951372,0.10798833496170226,0.023842211482776116,0.0
18.6,-20.56676263153133,-17.428597838778234,1.706060383831642,-20.980628151675297,-17.5935427172251,1.6426636291446464,-0.02243015820355401,-0.22342319118432266,0.002968724244102978,0.627216162060543,-0.3930616704445759,-0.06774160027129361,-0.124408056866183,0.04653362388106765,0.0
18.650000000000002,-20.487427312937122,-17.44895559879339,1.698345640024081,-20.958787094062494,-17.5862623646875,1.6456667745664069,-0.031174242060516534,-0.21455949842771146,0.001003215417358092,0.8305453745042407,-0.5901377387182773,0.2169704779604884,-0.44426108399031417,0.07431030502357319,0.0
18.7,-20.413610856261528,-17.46851623661446,1.6913620789113006,-20.926151416976726,-17.57538380565891,1.6501541801657,-0.042973584603892154,-0.2105723380474198,-0.0014696207198586161,0.9259456709981735,-0.7541742406141867,0.5351937530815423,-0.7297487212644356,0.10566213283342218,0.0
18.75,-20.345368516336165,-17.486951227618235,1.685873031351128,-20.88167783680048,-17.560559278933496,1.6562692974399338,-0.05726426711826112,-0.2093645494291335,-0.0043348786582039405,0.9794107004468688,-0.9169205777476085,0.8064130744369885,-0.932616079530641,0.13919645159989832,0.0
18.8,-20.282790156741548,-17.503856824612694,1.6824903507371956,-20.824808132653583,-17.54160271088453,1.664088881760132,-0.07291925419729009,-0.20481848398550728,-0.007350798988756652,0.08910626451707171,-0.13708453211708216,1.9277844149445,-1.9859118754155607,0.17363807197842598,0.0
18.85,-20.22579917169828,-17.518779489157463,1.6817544040245298,-20.755426431350948,-17.518475477116983,1.6736288656892446,-0.08855230904007201,-0.1774090735785153,-0.010027022517934817,0.1559951783957545,-0.28018888173005685,1.9942371859089234,-2.0127166779299324,0.20782927099057918,0.0
18.900000000000002,-20.17369412199282,-17.531261029991846,1.6840464675250495,-20.673816492360338,-17.49127216412011,1.6848502323004537,-0.10320002001909827,-0.12624681098934565,-0.011858922502265175,0.6274605448982711,-0.7893404506060688,1.5627182065395082,-1.5674987951421768,0.24072979202407896,0.0
18.95,-20.12509569579208,-17.540874112796477,1.68956286821753,-20.580618992760147,-17.460206330920048,1.69766488849548,-0.1165442321228272,-0.06324503242820607,-0.012682130376086953,1.0278188730274251,-1.2116714743455497,1.1182867343131269,-1.1111536005064917,0.2714168448327921,0.0
19.0,-20.078271372229157,-17.547240156558995,1.698328432415303,-20.476788812197135,-17.425596270732377,1.711941538322894,-0.12848534077030907,9.48909671293471e-05,-0.01260606666105404,1.2048661024193792,-1.4102513785823296,0.8258813240121207,-0.7954069872137669,0.29908510553673884,0.0
19.05,-20.0314696884964,-17.550045807890747,1.7101537092368726,-20.363552317844228,-17.387850772614744,1.7275115562964185,-0.1388415709543494,0.0570432061600386,-0.01187617961885182,1.1975029320299746,-1.4252712987413008,0.6669006960241599,-0.6038711222957638,0.3230467166220802,0.0
19.1,-19.983133049909316,-17.54905299603488,1.724657051369528,-20.242364649358265,-17.347454883119422,1.7441748607132386,-0.14729568033674992,0.10508117709386028,-0.010792674801253668,1.0953472889690379,-1.3417705855942477,0.5760380802745652,-0.47985297987964126,0.34273128694112726,0.0
19.150000000000002,-19.931981585605833,-17.54410067069978,1.7413468320555672,-20.114867003837755,-17.30495566794592,1.7617057869723087,-0.15349201355671352,0.1439619803446617,-0.009661490986341396,0.9681592953541542,-1.225665676291582,0.5045144083387681,-0.38243829332994617,0.35768589171233783,0.0
19.200000000000003,-19.877016882048746,-17.535101429344934,1.7597053771973403,-19.982843920780653,-17.260947973593552,1.77985896089266,-0.15715839420996985,0.17416014711627673,-0.008750643799822455,0.8508670002905974,-1.1110983705315662,0.4305327755248883,-0.29412200465407096,0.3675750725203173,0.0
19.25,-19.817497150478058,-17.52203573220195,1.7792461139420634,-19.84818056704214,-17.216060189014048,1.798375172031706,-0.1581652488104516,0.19612441560968458,-0.008255950607334363,0.7532740882595601,-1.0096395768587376,0.3490000776316099,-0.21062430108938068,0.3721808373158187,0.0
19.3,-19.752912375855736,-17.504945483027566,1.7995430192966144,-19.71282002179232,-17.170940007264107,1.816987247003556,-0.1565255562010903,0.21007407416300203,-0.00828336534285303,0.6714465800402929,-0.9211656572749395,0.26191162299832926,-0.13153084964196327,0.3714026604157426,0.0
19.35,-19.682967892670465,-17.483928440813422,1.8202395469590824,-19.578720561474086,-17.12624018715803,1.835425922797313,-0.15235486066038229,0.21604501749770288,-0.008849736539199134,0.594258704906074,-0.8400678914671014,0.17436253279538907,-0.05658978674020673,0.3652574825031365,0.0
19.400000000000002,-19.607574930459844,-17.4591344658103,1.8410438096559263,-19.44781294476081,-17.08260431492027,1.8534257200953888,-0.1458035951034883,0.2140374522804946,-0.009900953977684247,0.5084358313685603,-0.7584537791050324,0.09197475163709413,0.014800086394475734,0.35387971062719487,0.0
19.450000000000003,-19.526843859019067,-17.430763697432248,1.8617150536445193,-19.321957697514126,-17.040652565838045,1.8707308165918075,-0.13698293422450303,0.20417931395234648,-0.011338527761104483,0.4049841918529325,-0.668447466451734,0.016531161150253375,0.08340647208625113,0.3375212182032605,0.0
19.5,-19.441076151995507,-17.39906586734245,1.8820452789087507,-19.20290239774172,-17.000967465913906,1.8871009203105134,-0.1259254053163136,0.1868338642560109,-0.013036686957245925,0.2847531437723063,-0.5641185174683763,-0.057902695439338354,0.1501017493856821,0.3165513450128241,0.0
19.55,-19.35075221328631,-17.36433954661298,1.9018393031753704,-19.092238960555036,-16.964079653518347,1.9023171429236825,-0.11264779531343563,0.16259016564548273,-0.014833016163123856,0.15696539840356208,-0.442975361402149,-0.14207860928732416,0.21609605563639492,0.2914568972035201,0.0
19.6,-19.256513676223356,-17.32692998868245,1.9208963101423058,-18.99136092312711,-16.93045364104237,1.9161878730700224,-0.09726531466490665,0.13214292609829778,-0.016515637759398308,0.03035084991355877,-0.30475022536596286,-0.24173732335959983,0.2810509269296303,0.26284214728913463,0.0
19.650000000000002,-19.159140151863156,-17.287224730148036,1.9389956677869618,-18.901420729650294,-16.900473576550098,1.9285546496730848,-0.08008239323337363,0.09618514488631198,-0.017836233744179742,-0.09669872625952441,-0.1495611179645579,-0.34755763866523237,0.34091722247291,0.23142883414959897,0.0
19.700000000000003,-19.0595216474171,-17.245646617607836,1.9558892841326014,-18.82328701629402,-16.87442900543134,1.9392980352595723,-0.06156054566521913,0.05550684387397021,-0.01856040094944749,-0.23272362765021604,0.018979254785443378,-0.43924438884232253,0.3909133026913486,0.19805616303099252,0.0
19.75,-18.958628685607525,-17.202644564876046,1.9713019586703453,-18.75750189616259,-16.8525006320542,1.9483434892776441,-0.04213699401725684,0.0111995034932172,-0.018521633796583482,-0.3767625147743522,0.1902522032223659,-0.5031873362130543,0.42932140641299277,0.1636808055455442,0.0
19.8,-18.857482477557205,-17.158682871468873,1.9849401617907574,-18.704238244252902,-16.834746081417634,1.955667241415226,-0.02205225583272307,-0.03535241669745341,-0.017625328217940533,-0.5084241768161698,0.35298468104722913,-0.5435297227408311,0.4522391539219679,0.129376899671623,0.0
19.85,-18.757127310005266,-17.114230124167864,1.9965086279620081,-18.663256982412253,-16.821085660804084,1.9613021649183153,-0.001469367585728377,-0.08270428589247644,-0.015817703280355713,-0.6003018190872472,0.5031496227956325,-0.5707315052030901,0.4473755883662005,0.09633604975375176,0.0
19.900000000000002,-18.65860664367376,-17.069748614579847,2.005733356728387,-18.63386436429609,-16.81128812143203,1.9653436499092876,0.019146330016113027,-0.12951820661484015,-0.013116749036587008,-0.6432751317239422,0.6398791212794128,-0.5778377943107789,0.399355344283284,0.06586732650260121,0.0
19.950000000000003,-18.562943153146474,-17.025684661697497,2.0123892970495345,-18.614869260325754,-16.804956420108585,1.9679554767052088,0.03888295986952722,-0.17442984684383137,-0.00970779852262697,-0.6531117831750303,0.7544045064535309,-0.5360579447473072,0.3012474652067866,0.03939726699498526,0.0
20.0,-18.47112119113086,-16.982459875216634,2.0163311315054835,-18.60454044264629,-16.801513480882097,1.9693756891361354,0.056751587138035034,-0.21574273730473134,-0.00595047307367973,-0.6451195612034378,0.8286079732074351,-0.4214510192724982,0.15705124121235114,0.018469874673870144,0.0
20.05,-18.384067321828365,-16.94046447985582,2.017544305656756,-18.600563870084144,-16.800187956694714,1.9699224678634302,0.07212417184466761,-0.24780598218893443,-0.0022588200710440326,-1.248386118946915,1.4887463927045337,0.39743384418494976,-0.6679960764672436,0.004746619348362622,0.0
20.1,-18.30253822653224,-16.900053672757103,2.0162303620868074,-18.599999972517885,-16.799999990839297,1.970000000572544,0.0846963678774334,-0.2579689316769592,0.0009240145747153735,-0.848614047217974,1.1550475146535102,0.29830415898049534,-0.5920124052711159,9.95585894903444e-07,0.0
20.150000000000002,-18.226880334164207,-16.861532300457373,2.012729980916014,-18.59929162500349,-16.799763875001165,1.9700147578124272,0.09337376955935013,-0.2504522751026128,0.0030454814605252777,-0.17735684844119443,0.5400561238551651,-0.008030613072960657,-0.3141049722444265,0.0008422104419830759,0.0
20.200000000000003,-18.15708326052497,-16.825142624680872,2.0075802188281773,-18.594859383166856,-16.798286461055618,1.970107096184024,0.09745310340723924,-0.2362022896501055,0.003912507830886301,0.34299692355031547,0.041098409617227216,-0.15312479922242944,-0.17988926382163753,0.003056517555418399,0.0
20.25,-18.09298137034803,-16.791043343302956,2.001447303517932,-18.583744014697725,-16.794581338232575,1.970338666360464,0.09680972515212584,-0.2232734471327715,0.0036422480575621662,0.6209076857162715,-0.255415006763114,-0.09267746121843365,-0.22647463761234696,0.006366850439015296,0.0
20.3,-18.03440722081865,-16.75928250129671,1.9949759978636954,-18.563628990918527,-16.787876330306176,1.970757729355864,0.09165248929645528,-0.21490491223638913,0.0024265048241040523,0.7158661165812323,-0.40501851985876713,0.08499549599302017,-0.36685545214100557,0.010514689219392486,0.0
20.35,-17.981262990001948,-16.72978460546793,1.9887013289226543,-18.532795974911245,-16.77759865830375,1.9714000838560157,0.08253456448510234,-0.2108655494897797,0.00046216263144689587,0.5269162757227392,-0.29572010021945283,0.4696691916999006,-0.6993116447889373,0.015260060636971542,0.0
20.400000000000002,-17.933509668165847,-16.702358450150573,1.9830408107209156,-18.490080309644288,-16.76336010321476,1.9722899935490774,0.07031012280019777,-0.20256948504626007,-0.0020210006116691917,-0.2162245062515662,0.3581029010933189,1.3315551638514675,-1.5062730815042575,0.020381538045977796,0.0
20.450000000000003,-17.890949222707132,-16.676722585489866,1.9783690674613317,-18.434826506099355,-16.744942168699787,1.9734411144562634,0.05613718478877243,-0.1731096148097253,-0.0045626618221537895,-0.1466738133119585,0.2190554276169907,1.3056793153068749,-1.4452981283954656,0.025676241414440082,0.0
20.5,-17.852849961307165,-16.65252812516103,1.9749470922990946,-18.36684373139832,-16.72228124379944,1.974857422262535,0.04084115888690502,-0.12342078961987815,-0.0066367775744741305,0.19878162206845962,-0.17945398372601018,0.9381491651359427,-1.0519266706717323,0.030959837324190477,0.0
20.55,-17.817943282196143,-16.629385985953057,1.9729135638012743,-18.28636129693007,-16.695453765643357,1.9765341396472902,0.025037999640298746,-0.062832146854923,-0.007857001972656796,0.48667988913305826,-0.5144742493327128,0.5758388601754469,-0.657699814459807,0.03606653897086564,0.0
20.6,-17.784666894449742,-16.60688887032529,1.9722851765795553,-18.193984146477437,-16.664661382159146,1.9784586636150534,0.009131690524603567,-0.00032412396520092586,-0.008075329819252512,0.6151117377694192,-0.6942958926606025,0.33661061878980447,-0.36865072401346943,0.04084910616390474,0.0
20.650000000000002,-17.751409950213645,-16.584627386658248,1.9729277577314095,-18.090648344344007,-16.630216114781337,1.9806114928261664,-0.006433344664362386,0.05842609124776199,-0.007339559579847365,0.6137227301764576,-0.7489653577620263,0.21147334967959458,-0.17621536173998986,0.045178845326550754,0.0
20.700000000000003,-17.716675668222038,-16.56220751544876,1.9745738187568602,-17.977576563481037,-16.592525521160347,1.9829671549274783,-0.02102326509227281,0.11079895994979432,-0.005857865591941274,0.5552704771317941,-0.7372490001801186,0.1500233138796094,-0.04693139122596293,0.048945609495850285,0.0
20.75,-17.679155851104245,-16.539267929922115,1.9768840705122237,-17.856233573614297,-16.55207785787143,1.9854951338830356,-0.033987145446965863,0.15590884972520744,-0.003949443069472512,0.49961098442413854,-0.7044928831145348,0.1109695186656483,0.04146559891591728,0.05205779832265326,0.0
20.8,-17.637747261274978,-16.515493484658986,1.9795154478806571,-17.728281729370945,-16.50942724312365,1.988160797304772,-0.0448748004211609,0.19350192914406175,-0.0019508038317275233,0.47381145718819806,-0.6767606960453281,0.07860458584531602,0.09901664528550322,0.054442358071613774,0.0
20.85,-17.591543709595705,-16.490623362807384,1.9821733247694586,-17.595536458406425,-16.465178819468807,1.9909263237831996,-0.05347651847846746,0.22340693692717079,-0.00013966013354946012,0.477737982618747,-0.6665187047463124,0.056471756789930966,0.1311489804698693,0.05604478162118877,0.0
20.900000000000002,-17.539825509755726,-16.464454322133076,1.9846465433372318,-17.459921749531304,-16.419973916510436,1.9937516302180978,-0.05970822334999452,0.2445815421451207,0.0012798996047526613,0.8319404817969134,-1.009264227180286,-0.2801325965189139,0.47501507790246505,0.05682910846363905,0.0
20.950000000000003,-17.48208646208059,-16.436839418810447,1.9868513719988161,-17.32342564083817,-16.374475213612723,1.9965952991492049,-0.06346871038807109,0.2504588370805941,0.002142474431882216,0.7239742483348719,-0.8988288422499117,-0.13178304707382305,0.3353648595189854,0.05677792470502886,0.0
21.0,-17.41816351516806,-16.40768918747559,1.9887925608300454,-17.188055707828493,-16.3293519026095,1.9994155060869063,-0.06455761461345486,0.24318926829309487,0.002332630373651961,0.403490760463306,-0.5720465897730267,0.23696798515848805,-0.03778199452150727,0.055892363065226096,0.0
21.05,-17.348199384528034,-16.376971045736585,1.9905590624507579,-17.055794551539474,-16.28526485051316,2.0021709468429276,-0.06312819807257096,0.2311326263724488,0.0019265578669255576,0.18269605465532202,-0.34661921805031404,0.4987400989264068,-0.3103668281258851,0.054192102877902076,0.0
21.1,-17.27245750348674,-16.34470973689915,1.9922886697267577,-16.928555286670967,-16.242851762223655,2.0048217648610214,-0.0593450784047192,0.22056285376012247,0.001034562315254122,0.11030093865007662,-0.2769748211735289,0.5918297824337352,-0.41340772825578054,0.051715370090531745,0.0
21.150000000000002,-17.191180614724242,-16.310991221800016,1.9940925702300296,-16.808137029712302,-16.202712343237433,2.0073304785476602,-0.05324402966656461,0.2138198740745132,-0.0002845836284900271,0.32351523007714966,-0.49594795342404263,0.3731809305734537,-0.2075695185587263,0.04851893726439347,0.0
21.200000000000003,-17.104546068538408,-16.275963359229902,1.996029010984894,-16.69618038706919,-16.1653934623564,2.009662908602725,-0.04486926370333158,0.20513935155539154,-0.001983136984249751,0.7756470315145774,-0.9501324666490383,-0.10982122626707108,0.25361321617914384,0.04467812357456943,0.0
21.25,-17.01280027136873,-16.239831392245023,1.9981504280135332,-16.59412294319058,-16.13137431439686,2.0117891053501964,-0.034531872350663455,0.1835510064835804,-0.0038763374817819257,0.7724603194356133,-0.954888869322426,-0.16135662602528755,0.28686741274954963,0.040286794809945244,0.0
21.3,-16.91649089060373,-16.202852256369646,2.0005023027169555,-16.503154748695515,-16.101051582898506,2.0136842760688434,-0.022388163432113205,0.14802734993084984,-0.005713558706044592,0.5747950538002733,-0.7612033894429082,-0.03998824819968494,0.14445523357733614,0.035457363373209656,0.0
21.35,-16.81650734312568,-16.165327871723232,2.00310875757021,-16.424173808500036,-16.074724602833346,2.015329712322916,-0.008615361498605978,0.10256249142751402,-0.007207601449554093,0.3660127215773278,-0.5368245135216158,0.07499015079638006,-0.006116862663488529,0.030320788280855458,0.0
21.400000000000002,-16.71398623786447,-16.127597225956762,2.005955097241154,-16.357741569944032,-16.052580523314678,2.0167137172928324,0.00646359526913427,0.05159941306130793,-0.008090428493510722,0.21249377405929065,-0.34248605923469716,0.12408433983601852,-0.10735270196974656,0.02502657516317867,0.0
21.450000000000003,-16.610196200362783,-16.090027263639197,2.008961303583818,-16.30403841091812,-16.034679470306042,2.0178325331058726,0.02236658048290087,-0.0015661689966511062,-0.008180707528113949,0.10955595998233703,-0.1799568491431797,0.12277839778051655,-0.1657932183922121,0.019742776264279265,0.0
21.5,-16.506446600191133,-16.053001065062233,2.011973572571059,-16.262819127990518,-16.02093970933017,2.0186912681668643,0.03848448708258314,-0.05472489616262629,-0.007426964326189304,0.0322144892151086,-0.0386222068976861,0.10977992249437786,-0.20520007119649458,0.014655990442060701,0.0
21.55,-16.40402711086265,-16.0169037590699,2.014779878054272,-16.23336842453389,-16.011122808177962,2.019304824488877,0.054202200390446854,-0.10622192370218234,-0.005912878432091994,-0.035141422450874066,0.0860441461441179,0.11485621184646896,-0.24571099905962188,0.0099713631682291,0.0
21.6,-16.304169736182057,-15.982107801546862,2.017140646079313,-16.214456398852263,-16.00481879961742,2.019698825023911,0.06899733881364313,-0.15454734678060345,-0.0038207540805016383,-0.0914377011743282,0.1951631720922884,0.14908554530968793,-0.30338913865223216,0.005912586528295233,0.0
21.650000000000002,-16.20802198254588,-15.948958983620884,2.0188252588650215,-16.20429403230787,-16.001431344102624,2.019910540993586,0.08237574044167102,-0.1981232616627397,-0.0013990100960020785,-0.12675667586157457,0.29083459150390045,0.2107566343788334,-0.3919958852342599,0.0027218992215730002,0.0
21.700000000000003,-16.116622169750368,-15.917763791516213,2.0196494133329037,-16.20048867744802,-16.000162892482674,2.019989819219833,0.09367869783489602,-0.23505278436206567,0.0010194909695577443,-0.4779247708982852,0.7150218016809254,0.6391576934564327,-0.8604213831092689,0.0006600865611795387,0.0
21.75,-16.03085775900057,-15.888781757371207,2.019552811492191,-16.199999392562564,-15.999999757025027,2.0199999878512513,0.10198201436917562,-0.2560559402356366,0.002968682296650569,-0.5922399562536196,0.902159774701127,0.872552911914585,-1.1405938011376588,-8.30219798796358e-06,0.0
21.8,-15.951266298476863,-15.862212211779399,2.0186057931744656,-16.198901027067038,-15.999560410826815,2.0199780205413407,0.10620997692609646,-0.25570903063309225,0.0039187495797103535,-0.09147319948215638,0.4595468706993591,0.5111166337735057,-0.825949407739314,-0.0011883201826045084,0.0
21.85,-15.877905990452469,-15.838172205731457,2.0169627742108003,-16.192649650622087,-15.997059860248834,2.019852993012442,0.10580954850449248,-0.24312042516347784,0.0036895660386130707,0.42270217915807484,0.007647430981614717,0.1279596395275718,-0.510235442039867,-0.004059212592975681,0.0
21.900000000000002,-15.810549163120651,-15.816679369734821,2.0148897842132696,-16.17754049998735,-15.991016199994942,2.019550809999747,0.10003887588237301,-0.22869007506751038,0.002248262689691807,0.701816872505393,-0.2492021544698207,-0.054669476317852184,-0.3715288544903053,-0.008208567133923502,0.0
21.950000000000003,-15.748903435595146,-15.797618693358341,2.0126627082469497,-16.1508583979301,-15.980343359172041,2.019017167958602,0.08849558740921962,-0.2180908236007002,-0.00032375491079937455,0.5036958268231421,-0.10151559099791851,0.190283325124514,-0.6029603425498602,-0.013257127294518719,0.0
22.0,-15.692721366015816,-15.780723866764697,2.010489678799727,-16.110794863764628,-15.96431794550585,2.0182158972752924,0.07169293966449328,-0.204816071559579,-0.003776007230745171,-0.25549518625233747,0.5449011939180748,0.9449963137725986,-1.293445924886932,-0.01885879234808039,0.0
22.05,-15.641647329620177,-15.765593574389797,2.0085638774553765,-16.056365223891596,-15.942546089556638,2.0171273044778317,0.050968272829189816,-0.172958919189054,-0.00748153082812903,-0.32346271776303526,0.4775424647970594,0.960574143004561,-1.2244470397249767,-0.024700617352177545,0.0
22.1,-15.594880795382652,-15.751722333494333,2.007016712236707,-15.987325722337452,-15.91493028893498,2.0157465144467492,0.02796080611756572,-0.12213547492475639,-0.010555027917292376,-0.11130678163657803,0.13259563099452254,0.6590317056848919,-0.8307469610780719,-0.030502813148626743,0.0
22.150000000000002,-15.55114824034203,-15.738543858933758,2.00589017268643,-15.904090631293785,-15.881636252517515,2.014081812625876,0.00418450709596348,-0.05995658135547018,-0.012305693645689432,0.11079401438957612,-0.2055246835774494,0.3257059573267093,-0.4030196669856006,-0.036018746363493614,0.0
22.200000000000003,-15.50890168167905,-15.725471773471046,2.0051342549930573,-15.807649361656711,-15.843059744662686,2.0121529872331343,-0.01927372113314327,0.005085023115886511,-0.012489273776351712,0.24047190897087772,-0.4362877003812977,0.07926977510206211,-0.05559095019746231,-0.04103493940709258,0.0
22.25,-15.46653769392927,-15.711931574686668,2.0045878587235175,-15.699483573566255,-15.799793429426503,2.0099896714713252,-0.041411069294460985,0.06669921375620409,-0.011251844595271286,0.2836855750297421,-0.5592126226068374,-0.06765853124824052,0.1898627443236534,-0.04537107047398648,0.0
22.3,-15.422556505156257,-15.697388760953823,2.0039967193066777,-15.5814842869457,-15.75259371477828,2.007629685738914,-0.06125906214121467,0.12121575026582089,-0.009020811509772504,0.28792945660752867,-0.6096522902334258,-0.14410566917162307,0.3439366121074836,-0.04887997354298775,0.0
22.35,-15.37564798470451,-15.681371853390985,2.003071923466506,-15.455868992041013,-15.702347596816406,2.0051173798408204,-0.07809404408639217,0.16681988511165285,-0.006339601660568875,0.2929253225832277,-0.6310098262930585,-0.17572497204391677,0.42840095700047753,-0.051447638377156706,0.0
22.400000000000002,-15.324723767776923,-15.663487968425628,2.0015581859259655,-15.325098759960191,-15.650039503984075,2.0025019751992037,-0.09141122728483858,0.20264075213021898,-0.003729087264567962,0.31601531856436244,-0.6577633979505026,-0.17344625165590483,0.464534391582821,-0.05299321052380255,0.0
22.450000000000003,-15.268923361794318,-15.643431194160408,1.9992880272755544,-15.191795353212642,-15.596718141285058,1.9998359070642528,-0.10074066058202437,0.22814893819765938,-0.0016484307507030555,0.36032224295394355,-0.7021782884934016,-0.14314189083148565,0.4615218874366006,-0.0534689913144834,0.0
22.5,-15.207615191950808,-15.620985839958967,1.9962133980328947,-15.058658336248584,-15.543463334499434,1.9971731667249717,-0.1056857458037807,0.24297643798661472,-0.00045741981538365223,0.4309271821355066,-0.7650466114611276,-0.10103606043127003,0.4265474941024058,-0.052860437865006084,0.0
22.55,-15.140403125886225,-15.596026916965876,1.9924168799246025,-14.928382185998377,-15.49135287439935,1.9945676437199675,-0.10614583494227688,0.24646192720363397,-0.00032774024185980695,0.47787244462472234,-0.794301267850244,-0.014105982145372842,0.32216691420350996,-0.05118616307542594,0.0
22.6,-15.067147371705499,-15.568520959323843,1.9880965792241192,-14.803573402411958,-15.441429360964783,1.9920714680482392,-0.10239905627694895,0.23912893625370144,-0.0011936549865663073,0.5502233829625293,-0.8507409972582859,0.04977316286016978,0.2291384547425386,-0.04849793563004727,0.0
22.650000000000002,-14.98796734952158,-15.53852696876382,1.9835410947739074,-14.686667618998182,-15.394667047599272,1.9897333523799636,-0.09481176907916379,0.22154184183965775,-0.0028421848388876956,0.6114454464224792,-0.9089789328298532,0.10842311884733169,0.1440154643115188,-0.04488067999742302,0.0
22.700000000000003,-14.903243341055159,-15.506198938831446,1.9790895171307092,-14.579846713364216,-15.351938685345687,1.9875969342672843,-0.08367839484625457,0.19377477061740345,-0.0049847154065497685,0.6229648670122038,-0.9297705472196359,0.18440995523953033,0.0476650657441067,-0.04045247643035479,0.0
22.75,-14.81362738224451,-15.471788009385289,1.9750803579909413,-14.484955917754913,-15.313982367101966,1.9856991183550983,-0.06919363033864999,0.1566740464617079,-0.0072817074961599795,0.5936027385999785,-0.9063269748486378,0.2583469624210397,-0.05154778700131557,-0.035364560965893375,0.0
22.8,-14.720031586691997,-15.435641047556198,1.9718023622230592,-14.403420929592174,-15.28136837183687,1.9840684185918436,-0.05161407560353205,0.1116746674676408,-0.00933330026144105,0.5401195757446122,-0.8358810309508629,0.31038929832866274,-0.14791367934048932,-0.02980132542533738,0.0
22.85,-14.623592536834739,-15.398193223180963,1.96944994082605,-14.336165022014352,-15.25446600880574,1.982723300440287,-0.03140132177454464,0.06056090356510408,-0.010710872058748537,0.4750624839092595,-0.7185590565120412,0.3332233453710951,-0.24065253749047377,-0.02398031741423467,0.0
22.900000000000002,-14.525616165528529,-15.359952590242225,1.9680921350441543,-14.28352615441563,-15.233410461766251,1.9816705230883127,-0.009269845005616652,0.00533754737787794,-0.011041324402105947,0.40294247322877125,-0.5577403670019327,0.33492679039156165,-0.3338297704274997,-0.018152240322381972,0.0
22.950000000000003,-14.427510297550175,-15.321476600087621,1.9676621363843754,-14.24517408298537,-15.218069633194148,1.9809034816597073,0.013824760572009482,-0.05175999820300202,-0.010108767210264498,0.32378626829384716,-0.36288129415062237,0.33281618547797537,-0.4324989530823697,-0.012600953323824764,0.0
23.0,-14.33071289240129,-15.283342481582336,1.9679701083628083,-14.220027471247521,-15.208010988499009,1.9804005494249504,0.036733316905781556,-0.10822399496737856,-0.00793633763810589,0.23846099005093677,-0.1511110165633115,0.34447108799496895,-0.5386924354518358,-0.007643471376857255,0.0
23.05,-14.236622618922706,-15.246114671333837,1.968737143909775,-14.206171000599984,-15.202468400239992,1.9801234200119997,0.058200350855451825,-0.16131431301562718,-0.004816221092231585,0.15064800705804535,0.0579669647639276,0.3818958457691485,-0.653113006041021,-0.0036299652240215255,0.0
23.1,-14.146534930420309,-15.210312528648277,1.9696443749710795,-14.200772480853985,-15.200308992341593,1.9800154496170796,0.07697215832420355,-0.20815532182261584,-0.0012695948290040817,0.06525995838607562,0.2532464306155649,0.44984317518183115,-0.7820192863424932,-0.0009437613921094545,0.0
23.150000000000002,-14.061582629480904,-15.176380895317509,1.9703930034782724,-14.199999954602093,-15.199999990920418,1.9799999954602094,0.09182140561496913,-0.24507741989217824,0.0020352264633868924,-0.4312533168958901,0.8548540761611931,0.9627506259713854,-1.355750604221346,-7.756814712304214e-06,0.0
23.200000000000003,-13.982647712982844,-15.144668071163357,1.9708121544131174,-14.19889957741438,-15.199779915482875,1.979889957741438,0.10147219382735319,-0.26085647792328764,0.00433483643443839,-0.32655847206991906,0.836969554607617,0.8812923812269884,-1.3317150268797078,-0.006251531216237546,0.0
23.25,-13.91011808499223,-15.115392155149912,1.9707926303662884,-14.192112493052646,-15.198422498610528,1.9792112493052647,0.10455463500570557,-0.2555130434317197,0.004960068880394439,0.13865904721643146,0.34849657030190956,0.39911790961788357,-0.8204953962177559,-0.022317982644913414,0.0
23.3,-13.843869248848513,-15.088619465536738,1.9702546869876896,-14.175364529732406,-15.19507290594648,1.9775364529732407,0.10146883726312167,-0.2406828428867784,0.004052245037327331,0.436294763627151,-0.06213108821013408,0.024548392522308893,-0.3474791512933549,-0.04569391932384842,0.0
23.35,-13.783530250230873,-15.06427602391752,1.9691510686388214,-14.145584898848416,-15.189116979769683,1.9745584898848416,0.09375681525944578,-0.22417515386771847,0.002177988404319539,-0.2301668528714078,0.46951938502695556,0.5524696900950731,-0.7670496761837343,-0.07407900031296295,0.0
23.400000000000002,-13.728630485594431,-15.04217508951172,1.967414273431176,-14.100799769556271,-15.180159953911254,1.9700799769556272,0.08300460666149743,-0.19597037065570344,-9.573785864647217e-05,-0.5985884198515162,0.7192231379218547,0.7313884998107641,-0.8580966392906345,-0.10538573550899336,0.0
23.450000000000003,-13.678424359824087,-15.02205384251727,1.9649440615978793,-14.040025843353993,-15.168005168670797,1.9640025843353992,0.07077754561634063,-0.1497823017987997,-0.0021569820955388164,-0.5701901081972534,0.6220208600025303,0.4818855338935708,-0.5666260134272614,-0.13773948564549113,0.0
23.5,-13.631762239069499,-15.00360656275891,1.9615770970590227,-13.963163928663628,-15.152632785732726,1.9563163928663627,0.0578222350810165,-0.08953874004545254,-0.003608013144388854,-0.4043835874778214,0.41848719648029054,0.08816200200539921,-0.15323794101861588,-0.16947846229282068,0.0
23.55,-13.587195915316777,-14.986510921184948,1.957102063674434,-13.870892515412821,-15.134178503082564,1.947089251541282,0.04452426577273482,-0.022498353763967627,-0.004226583611735561,-0.25972100336348203,0.23843325932257997,-0.26476339938409854,0.22824711764372513,-0.19915372785816846,0.0
23.6,-13.54315565285996,-14.970443774127979,1.951267779858835,-13.764561349616436,-15.112912269923287,1.9364561349616438,0.031204570499252935,0.04476844350727428,-0.0039416741975967845,-0.17727887681613247,0.10787288979021148,-0.5092132233945367,0.5260564095395218,-0.22552919558552897,0.0
23.650000000000002,-13.498101582216233,-14.955091921067424,1.943799724382565,-13.646085007958133,-15.089217001591626,1.9246085007958134,0.018342935997142446,0.10750350142910219,-0.0028386536430850063,-0.13301688359612418,0.006157139775726406,-0.644727432584671,0.7352199872275933,-0.24758162955571428,0.0
23.700000000000003,-13.450621221861605,-14.940162374175545,1.934443447681799,-13.51783647237196,-15.063567294474392,1.9117836472371958,0.006708877122742604,0.1625822864470017,-0.0011905482956670725,-0.07967321826807483,-0.08700344049464548,-0.700415929821032,0.8539536039399807,-0.26450064468635165,0.0
23.75,-13.399478110720414,-14.925392522907206,1.9230228174437742,-13.382540704623954,-15.036508140924791,1.8982540704623956,-0.0030867590074593705,0.20795948394082553,0.0006241740508795413,0.013929078952510277,-0.18600345711104393,-0.6989086617442017,0.8825530602563822,-0.2756887067318827,0.0
23.8,-13.343630956989406,-14.91055852857945,1.9094934058040443,-13.243168220893706,-15.00863364417874,1.8843168220893707,-0.010881355478646965,0.2422249646543632,0.0023002541620633712,0.31758986734366923,-0.4792656551716573,-0.8116792392183929,1.007089313862031,-0.2807611322835665,0.0
23.85,-13.28224697816822,-14.895480679383063,1.8940070325306961,-13.102828666355995,-14.980565733271199,1.8702828666355995,-0.016599026253592344,0.26014099632462395,0.003611371939572869,0.6331775115440887,-0.7933439103851163,-0.8555084240449604,1.0665233657979898,-0.2795460887694749,0.0
23.900000000000002,-13.214813701496384,-14.880026978377824,1.8769157189380932,-12.964664389762357,-14.952932877952472,1.8564664389762358,-0.019749232010477714,0.2579869726559574,0.0042782342371381794,0.4040109546702312,-0.555948695145988,-0.29910239867969535,0.5101471650887002,-0.27208459445449545,0.0
23.950000000000003,-13.141232135409505,-14.864117096413054,1.8587089582778804,-12.831744018022675,-14.926348803604535,1.8431744018022675,-0.020336117623977034,0.2445563450924232,0.0042729046539476305,0.19147724980640612,-0.32439995566098007,0.26955477763319274,-0.07847720725575019,-0.25863051844033086,0.0
24.0,-13.06165237728221,-14.847722078733977,1.840031870330309,-12.70695603078679,-14.901391206157358,1.8306956030786792,-0.01876306493670655,0.2296393404982705,0.0037636216686329264,0.17049748478150262,-0.2938738627508716,0.6451740569200178,-0.4711470984373357,-0.2396505806655007,0.0
24.05,-12.97628253314571,-14.83086596258155,1.8215800476725017,-12.592902335026052,-14.87858046700521,1.8192902335026053,-0.015124269673241961,0.21556604369657226,0.002845435240487132,0.9722563723332014,-1.0903848471847821,0.16987669839920794,-0.014021633845177517,-0.21582435190533564,0.0
24.1,-12.885377729842162,-14.813628144937848,1.8040395847526816,-12.491791839614965,-14.858358367922994,1.8091791839614966,-0.009589090233252575,0.19010848729053365,0.0016510466337706713,1.2923635871183943,-1.4045615270310956,0.12730275361089616,0.006068458536349075,-0.18804425377198497,0.0
24.150000000000002,-12.789501160712376,-14.796143819655263,1.7880676521558097,-12.40533402991275,-14.841066805982551,1.8005334029912752,-0.0024521092375130054,0.1479498824610645,0.00041236074719917565,1.2768872449024653,-1.3868487687936544,0.355202638663861,-0.24075595442425518,-0.1574155587144119,0.0
24.200000000000003,-12.689690922731643,-14.778600880294858,1.7742262946498992,-12.33463254234494,-14.826926508468988,1.7934632542344942,0.006072164354699577,0.09197688616877106,-0.0006122047573808038,1.133400125665569,-1.2330038209411602,0.6365630770466475,-0.5458155270852685,-0.12525639001839542,0.0
24.25,-12.587404451318568,-14.761231348013881,1.7629293101384866,-12.280078738984981,-14.816015747796998,1.7880078738984981,0.015655360821002176,0.027843197322696942,-0.0011692258694283337,0.9767584574952893,-1.0480591659151492,0.8547617355222326,-0.7989940897634513,-0.09309772180653163,0.0
24.3,-12.48436262694423,-14.744297725991142,1.754383440349266,-12.2412452821358,-14.808249056427162,1.7841245282135803,0.02585186643495733,-0.03903378684517056,-0.001090052543496606,0.8381022057849445,-0.8594550306778908,0.9854757547295987,-0.9775142684254281,-0.06268337903822384,0.0
24.35,-12.382377688887328,-14.72807459777381,1.7485568821858453,-12.21677970891144,-14.80335594178229,1.781677970891144,0.036096640633038066,-0.10427538749958591,-0.0003471201988733496,0.7093398515108607,-0.6602839197294121,1.0503558079717434,-1.1016434448794619,-0.035970037509699196,0.0
24.400000000000002,-12.283203050958722,-14.712826883673353,1.7451966194870978,-12.204298005818613,-14.800859601163724,1.7804298005818615,0.045658676871865415,-0.1642719336006578,0.0009132013286450346,0.5731727993734981,-0.440785593253296,1.0816879883262365,-1.1983479380365445,-0.015127223853996438,0.0
24.450000000000003,-12.188413694665519,-14.69878723197445,1.743884352535756,-12.20027818333831,-14.800055636667663,1.7800278183338312,0.05364183417518964,-0.21567936101331722,0.0023595146830573837,0.4134715172074064,-0.19889404073734274,1.105457187540915,-1.2843728738672022,-0.002537315540969313,0.0
24.5,-12.099310312830365,-14.686135606124427,1.7441186912207762,-12.199973775650983,-14.799973775650985,1.7800026224349015,0.059050586818925076,-0.2536039971702003,0.0035127886602606974,-0.2509142840890466,0.5317915732446823,1.6028891650119619,-1.8331230436448342,0.00044645712018668085,0.0
24.55,-12.016785292127997,-14.674985367041769,1.7454517218705254,-12.198574075960481,-14.798574075960483,1.7801425924039518,0.06083211407199403,-0.26591412722048874,0.003834822813989468,-0.053491304281565455,0.4524305118057339,1.2361325508110574,-1.582175899769634,0.006186308630193861,0.0
24.6,-11.941081348137912,-14.665358245642231,1.7474806216651255,-12.192869812367826,-14.792869812367828,1.7807130187632174,0.0575448781264915,-0.25659382793200297,0.0028651746689541896,0.5305230389500962,0.042780732541733646,0.5318221952257516,-1.0686570043121382,0.017435504525244876,0.0
24.650000000000002,-11.871933182276912,-14.65715421174814,1.7500072886968572,-12.180441583817673,-14.780441583817675,1.7819558416182326,0.046856605983016275,-0.23952386486694743,0.0002024785519270702,0.9379347015680852,-0.2690241259818633,0.06171062970374974,-0.7342415590718752,0.03287004259293478,0.0
24.700000000000003,-11.808916639751027,-14.650099974834298,1.753061493252044,-12.159506366856423,-14.759506366856424,1.7840493633143577,0.027329396529119542,-0.2246627800978385,-0.004184046430087014,0.8554455256779385,-0.24408205381569403,0.122361525409588,-0.8009140488929949,0.05126841463868897,0.0
24.75,-11.751655772916045,-14.643707775224183,1.7567664671035568,-12.128866268623309,-14.72886626862331,1.787113373137669,-0.0005423994975589881,-0.2096372804428492,-0.009919505889138777,0.26475631603808725,0.15933271272501826,0.7133100371640073,-1.2858743006923032,0.07151160648576177,0.0
24.8,-11.699754500440232,-14.63727978255046,1.761302765048991,-12.087857279841472,-14.687857279841474,1.7912142720158528,-0.03466268991803584,-0.18290493230915672,-0.016104972038145506,0.1525600000955244,0.02558889169077283,0.8322993237071169,-1.2445642882165404,0.09258309797524228,0.0
24.85,-11.652546068573457,-14.629953066917098,1.7668697414979877,-12.036298027809055,-14.636298027809056,1.7963701972190944,-0.07213186896783458,-0.14349607776191953,-0.021509778903645898,0.25814776952425017,-0.31781212670921777,0.7294220146396964,-0.9766768833323958,0.11356886296604564,0.0
24.900000000000002,-11.609039582808862,-14.620767294634824,1.7736257359925196,-11.974438529390289,-14.57443852939029,1.802556147060971,-0.11030235150261322,-0.09643681784997263,-0.025218488690228805,0.3919753418895191,-0.6475594797430286,0.587750383877129,-0.6873647343691667,0.1336573693349187,0.0
24.950000000000003,-11.568037365387704,-14.60873402667597,1.7816432521294105,-11.90290894400657,-14.502908944006572,1.8097091055993428,-0.14718364067864173,-0.04760967524057383,-0.02691341113982901,0.4700865123726784,-0.8768313033484272,0.48881398622482924,-0.45791457741861047,0.1521395789764387,0.0
25.0,-11.528283816355199,-14.592898985864311,1.7908740787162065,-11.822668326627555,-14.422668326627557,1.8177331673372443,-0.1812215041136694,-0.0013379137170612535,-0.026767964843688548,0.48449510412656716,-1.001774803270149,0.44354647546885473,-0.2983477142745865,0.1684089478030123,0.0
25.05,-11.488581722561666,-14.572393820723775,1.8011531979681983,-11.734953380762223,-14.334953380762224,1.8265046619237777,-0.21111584651721466,0.03999341438535296,-0.02525313521790469,0.46175003739067516,-1.0530037719890273,0.43195826976405627,-0.19139170823497254,0.1819614257448798,0.0
25.1,-11.447861117346005,-14.546475041316363,1.8122425696469608,-11.64122721144999,-14.24122721144999,1.8358772788550008,-0.23457191499604124,0.07529562857559063,-0.02305372966360791,0.014846384512711475,-1.4791391162978669,0.8462181322036297,0.2967381997178117,0.19239545675010825,0.0
25.150000000000002,-11.405211219400986,-14.514596056799377,1.8239199035068705,-11.54312807825178,-14.14312807825178,1.8456871921748221,-0.2426067464467218,0.10407745466391503,-0.02157205264024253,0.08457420451347009,-1.3820295096105628,0.7379815589861862,0.2547466619920371,0.19941197878459643,0.0
25.200000000000003,-11.359901186375268,-14.476587536395222,1.8359876061657965,-11.442418148241103,-14.042418148241103,1.8557581851758898,-0.23599408368012859,0.1259955876118363,-0.021566922462649483,0.42950143847453737,-1.015810026127535,0.34335232188502623,-0.06585070522327235,0.20281442383207357,0.0
25.25,-11.31138484111472,-14.43263448074947,1.848306276347768,-11.340932248995161,-13.940932248995162,1.8659067751004839,-0.22345228228560357,0.14091319461920204,-0.022428007705427862,0.706922202259612,-0.7083128870921209,0.003982056999472128,-0.3247084684315115,0.20250871789409902,0.0
25.3,-11.259295612250865,-14.383064241104586,1.8607931463576426,-11.240526621585895,-13.840526621585894,1.8759473378414104,-0.21267994010656988,0.148787977331432,-0.023139025582635604,0.80027254501936,-0.5653725195004056,-0.1657748878358039,-0.39966939802311824,0.19850328099006287,0.0
25.35,-11.203451483376512,-14.32816735355586,1.8733573813924562,-11.143027673571114,-13.743027673571113,1.8856972326428887,-0.20700326841960018,0.14944431592662008,-0.023130226842140975,0.7368078373132074,-0.5478491843250066,-0.19484890798432936,-0.3222038754485514,0.1909090271571848,0.0
25.400000000000002,-11.143861228159745,-14.268118397467195,1.8858664657179776,-11.050180731985549,-13.65018073198555,1.894981926801445,-0.2059855859737644,0.14267799090199193,-0.022444242973425607,0.5911807065253433,-0.5667610603616692,-0.15773206128881942,-0.18373487959416088,0.17993936445051578,0.0
25.450000000000003,-11.080723066020104,-14.20298314708277,1.898153870191813,-10.963598796331956,-13.563598796331956,1.9036401203668043,-0.20752578335203067,0.12860922139540498,-0.021433673075508884,0.4272648392360445,-0.5569762982407178,-0.11627324527879343,-0.056720578582104414,0.16591019494293663,0.0
25.5,-11.014413504273323,-14.132769727513065,1.9100417524711022,-10.884711291572192,-13.484711291572193,1.9115288708427807,-0.2072209233004507,0.10774625896567791,-0.02068751757557815,-0.339134255763503,-1.111963343463227,0.5146940212552683,0.6427265674059561,0.14923991472515996,0.0
25.55,-10.945467518057445,-14.057555212231012,1.9214016958751665,-10.814712821118286,-13.414712821118286,1.9185287178881714,-0.19158047427015432,0.08085371499566019,-0.02135389229868164,-0.5913935591405182,-1.1302044152474562,0.6110843060606022,0.8042290423218623,0.13044941390572515,0.0
25.6,-10.87456456332389,-13.977759707729238,1.9321345379065695,-10.754511919823557,-13.354511919823556,1.9245488080176443,-0.1565490238265985,0.048760260657266796,-0.022766264884382506,-0.49495877771602476,-0.7758888197466967,0.3461074937340995,0.5980021828776836,0.1101620766110051,0.0
25.650000000000002,-10.80249852155392,-13.894244502143694,1.942127418693061,-10.70467980697367,-13.30467980697367,1.9295320193026329,-0.10771957714608385,0.012827019740719574,-0.023384521139302287,-0.3098399774720938,-0.3157030711630554,-0.0038018305691048804,0.2969080967752551,0.08910378098520229,0.0
25.700000000000003,-10.73013133148557,-13.808179790839903,1.951248768694121,-10.665399139277739,-13.265399139277738,1.9334600860722262,-0.05307315483419196,-0.025232991391670845,-0.022199671043932567,-0.18057189470554474,0.08164350285248634,-0.27920322430354605,0.06676506005735483,0.06810289919034972,0.0
25.75,-10.658353110525852,-13.720859728350032,1.9593217656772723,-10.636412763859395,-13.236412763859395,1.9363587236140605,0.0011789644313100669,-0.06375700783543796,-0.019051303352826773,-0.1388554996195634,0.35899144726233506,-0.433998385567031,-0.0497757516225375,0.048090297406311704,0.0
25.8,-10.588050437180803,-13.633553776322685,1.9661138501089255,-10.616972471247887,-13.216972471247887,1.9383027528752113,0.05148605618915094,-0.10133380893899696,-0.014325317992147396,-0.15169218665878126,0.5322945032871081,-0.4847601987331295,-0.09150457981398358,0.03009933583077856,0.0
25.85,-10.520081672576675,-13.547419765666426,1.9713669835108343,-10.605787748369156,-13.205787748369156,1.9394212251630842,0.09624017380087106,-0.13681766819954613,-0.008615707306555045,-0.1766413590241412,0.6506760581276179,-0.45698161399702864,-0.1326214654868763,0.015265868679276462,0.0
25.900000000000002,-10.455256927761049,-13.463470878329872,1.974854089692093,-10.600974531536924,-13.200974531536925,1.9399025468463074,0.13465892099123394,-0.1688921504297675,-0.0025775882337266422,-0.18384115644481974,0.7590823978385357,-0.36703529868552476,-0.24018793101886032,0.004828244185158389,0.0
25.950000000000003,-10.394317016206294,-13.382572085803952,1.976440011739299,-10.600003959443779,-13.200003959443778,1.939999604055622,0.16582215905732237,-0.19556779493643695,0.00305153842187611,-0.1515052902981771,0.8671189968976598,-0.2304388809229983,-0.44014378735159326,0.0001273045996106847,0.0
26.0,-10.337904940397735,-13.305440592535463,1.976136802943104,-10.599682188829064,-13.199682188829064,1.9400496579954587,0.18820458653533229,-0.21426385346095667,0.007410644692409365,-0.06430160560038434,0.946494480285297,-0.06331369898229089,-0.7156018970231574,0.003609154702026612,0.0
26.05,-10.286524891596228,-13.23263312938788,1.974154627696089,-10.596661527247901,-13.196661527247901,1.9405216363675153,0.19983738194692058,-0.22242302148769832,0.009622686666823066,0.0781548773314587,0.9172246450782158,0.12749085740767813,-0.9924359592596008,0.016702425723788016,0.0
26.1,-10.240485542277465,-13.164512546994047,1.9709379830708806,-10.58818667766159,-13.188186677661589,1.9418458316153764,0.19933667373578998,-0.2183467593284395,0.009182624749906115,0.25676412633513845,0.7237469364877135,0.33274376047219234,-1.19284200577663,0.03735680331275698,0.0
26.150000000000002,-10.199833716317192,-13.101200355285494,1.967153896478558,-10.57215708138941,-13.17215708138941,1.9443504560329046,0.1867736061552674,-0.2016567660012813,0.006302925962234508,0.45234665324429324,0.39298402048543024,0.5302240550241726,-1.2976527074930033,0.06360478466341471,0.0
26.200000000000003,-10.164302920995382,-13.042539510127618,1.963629951971878,-10.54707661081699,-13.14707661081699,1.948269279559845,0.16361000665736714,-0.17345846855405483,0.0018603604184454154,0.6438831177119339,-0.008973201219402926,0.6975130198765188,-1.3163300141830048,0.09363617841657454,0.0
26.25,-10.133299083095624,-12.988086048962371,1.961250644712083,-10.512003229733494,-13.112003229733494,1.9537494953541412,0.1323289013972972,-0.13619442090828882,-0.0029206660937153932,0.8058331053725496,-0.4070000466712417,0.8231938059502185,-1.2702183959252467,0.12579810465937954,0.0
26.3,-10.105932296342916,-12.937134918539854,1.9608297101150634,-10.466498653668776,-13.066498653668775,1.9608595853642536,0.09576900193646574,-0.0929690833897859,-0.006901071800846846,0.9181994638563291,-0.7427210679196351,0.9030485857719482,-1.1785514774189023,0.15859499492531193,0.0
26.35,-10.081089556417881,-12.88877589726959,1.962990420908841,-10.410578010230568,-13.010578010230567,1.9695971859014736,0.056527850124227896,-0.04688266756662319,-0.009330131552187091,0.9721834239143341,-0.9892323851497409,0.937804058863219,-1.050787469657017,0.190688592194179,0.0
26.400000000000002,-10.057532523024813,-12.841970226393709,1.968087216431996,-10.344659499441653,-12.944659499441652,1.979896953212242,0.0167866228855942,-0.0006508850914808638,-0.009913807643224345,0.9707800000160521,-1.1455583571535275,0.9323364771665797,-0.8925197818582901,0.22089795089212255,0.0
26.450000000000003,-10.033998783746634,-12.79563538985146,1.976185922117133,-10.269514054077028,-12.86951405407703,1.991638429050464,-0.021613901030224546,0.043532468388904726,-0.0087502801379193,0.9261855532213926,-1.2238623969409925,0.8942071177623436,-0.7131894513384509,0.24819943689161644,0.0
26.5,-10.009288033068259,-12.748724801107295,1.9870981113200932,-10.186215000001104,-12.786215000001103,2.0046539062498274,-0.05708963929048161,0.08398486734195247,-0.006226535289597068,0.8545890586419009,-1.2400904577778344,0.8324441686950694,-0.5276211228328369,0.27172672751146487,0.0
26.55,-9.982323611943041,-12.700291950830545,2.000450344365907,-10.09608771650483,-12.69608771650483,2.0187362942961204,-0.08830042433311505,0.1194672821507976,-0.0029057690690583843,0.7712351704238581,-1.2100077294772367,0.7560330051684481,-0.3520521823405567,0.2907708115168095,0.0
26.6,-9.952189351558793,-12.649533958333041,2.015765138659472,-10.00065929664292,-12.60065929664292,2.0336469848995438,-0.11418993112580596,0.14911479653832752,0.00058721694636852,0.6878166713703224,-1.1492187843353965,0.6718644711741636,-0.1979268199401788,0.30477998911911847,0.0
26.650000000000002,-9.91814762020786,-12.595815161524381,2.0325348867243944,-9.901608207571002,-12.501608207571001,2.049123717567031,-0.13403065707662112,0.17235522691693475,0.003672494965453533,0.6111094966201828,-1.073804084432962,0.5839364562875922,-0.06766678356562927,0.3133598719761939,0.0
26.700000000000003,-9.879646145888593,-12.538675302759742,2.0502776762138915,-9.800713950882791,-12.40071395088279,2.0648884451745637,-0.1474089431015309,0.18879147831656484,0.005893069563504885,0.5415839749036411,-0.9974023959111689,0.4947980861720666,0.04338459518817789,0.31627338319217024,0.0
26.75,-9.836319779046645,-12.477828256963702,2.0685712282949,-9.699806722947272,-12.299806722947272,2.0806551995394886,-0.15412747877189376,0.1980948340796685,0.00694851004305177,0.47352759233827896,-0.9248747492490802,0.40694177030248524,0.13947657089008603,0.3134407573175143,0.0
26.8,-9.787990566074726,-12.413156495457109,2.0870661690555905,-9.60071707524585,-12.200717075245848,2.096137956992836,-0.15410650744204774,0.2000076140874334,0.006699248279137405,0.39868657645599076,-0.8497791634102556,0.3215091993716637,0.21953202606329486,0.30493954034902426,0.0
26.85,-9.734666749152149,-12.34470456633014,2.1054824706122104,-9.505225574709556,-12.105225574709555,2.111058503951632,-0.14738849042925628,0.19445659745935273,0.005174235027209282,0.3109706912261894,-0.7608483042794981,0.23640836603849535,0.2809282699529161,0.2910045897298307,0.0
26.900000000000002,-9.676539208516212,-12.272672473435875,2.1235939602017324,-9.415012464056208,-12.015012464056207,2.1251543024912176,-0.1342168739612874,0.18164505837710404,0.0025805494405373407,0.2077123846141712,-0.6516457284111087,0.14786732836682961,0.3266188361795108,0.2720280743493962,0.0
26.950000000000003,-9.613973540718742,-12.197408430134871,2.141205663251616,-9.331607322127574,-11.931607322127574,2.1381863559175662,-0.1150677850505618,0.16206139340795306,-0.0007171064164265091,0.08874164910114732,-0.5253775422631618,0.053555592932783364,0.36755557252765725,0.24855947454351546,0.0
27.0,-9.547495669838078,-12.119398916925123,2.158129149189008,-9.256338724226568,-11.856338724226568,2.149947074339599,-0.0905261972231029,0.13640173339191347,-0.004264421731178365,-0.04242231857809081,-0.3887655032767846,-0.04745931740127257,0.4143322574562286,0.22130558209431767,0.0
27.05,-9.477770566199966,-12.039254592354515,2.174160317647947,-9.190283902454388,-11.790283902454387,2.160268140241502,-0.061115215104717534,0.10545953644084347,-0.0075876461479152104,-0.17599168764968573,-0.23991703124959926,-0.15690835429967318,0.4634987986373368,0.1911305002302582,0.0
27.1,-9.405574871413654,-11.957691166092562,2.189063952735143,-9.134218406047728,-11.734218406047727,2.1690283740550425,-0.02736517503861128,0.07008519377380326,-0.010214610841476224,-0.29878047413403275,-0.06642970640180001,-0.27438905536850855,0.4953904669832566,0.15905564362612942,0.0
27.150000000000002,-9.33176562673035,-11.875505479174258,2.2025683799035924,-9.088565761715937,-11.688565761715937,2.1761615997318846,0.009855311291061592,0.03127967252136121,-0.011693687254675057,-0.4026426731625373,0.13881071970051845,-0.3895580644532535,0.4905449568330192,0.12625973840305477,0.0
27.200000000000003,-9.257248132242307,-11.793548048833166,2.214372238989139,-9.053347133978185,-11.653347133978185,2.1816645103159087,0.04917957650736249,-0.00965100071991246,-0.011687872176494533,-0.4853973866503939,0.3619314713021167,-0.4832032505200375,0.44604699433216327,0.09407882212848956,0.0
27.25,-9.182945854831834,-11.71269409922141,2.224163703254552,-9.028130985500647,-11.628130985500647,2.185604533515524,0.08898895381709138,-0.05103769264851301,-0.010087978748244384,-0.5383623487190025,0.571275907612462,-0.5424680040278635,0.3732329886238992,0.06400624381622269,0.0
27.3,-9.109774302988628,-11.633815310849114,2.2316508000014648,-9.011982737433666,-11.611982737433665,2.1881276972759895,0.1277148413621513,-0.09110585803390661,-0.007041993772017772,-0.5427409589001458,0.7413597450914764,-0.566754691521365,0.275636820554263,0.037692663926370565,0.0
27.35,-9.038619197094356,-11.557753672666,2.236600398259009,-9.003414429748943,-11.603414429748943,2.1894664953517275,0.163757292334349,-0.12834887897730443,-0.0029334899317974617,-0.4899415603552588,0.8739895489675752,-0.5492096055788104,0.13029483386250484,0.016946054365385294,0.0
27.400000000000002,-8.970317254048467,-11.485296895992558,2.238883240728203,-9.000334381576698,-11.600334381576697,2.189947752878641,0.19516531583286692,-0.16131912422169803,0.0016050732415914342,-0.3914260148085269,0.9838482899421384,-0.46888808190486375,-0.09592965655056429,0.003731698486052612,0.0
27.450000000000003,-8.905635410745841,-11.417152976522688,2.238522701944459,-8.999995316296571,-11.599996877531048,2.1900002732160333,0.21953637129983533,-0.18796056354212715,0.00569042992448987,-0.2559124541473558,1.0631237986829067,-0.3154635102613527,-0.4092699385244301,9.50041573016251e-05,0.0
27.5,-8.845241482833009,-11.353919625398786,2.235743912060449,-8.998610115346814,-11.59907341023121,2.190081076604769,0.2342123555606086,-0.2055612871150441,0.008294155849725756,-0.10995623338100524,1.0966683039147895,-0.08043755090874949,-0.7909633126084296,0.004043453993974026,0.0
27.55,-8.789652447387832,-11.296039072581902,2.231002897096234,-8.991728804828448,-11.59448586988563,2.190482486385007,0.2368748571032176,-0.2110490425565657,0.008536581209342763,0.01864134239120968,1.0154101950478902,0.21681102348684606,-1.1366458850942813,0.0126687209814058,0.0
27.6,-8.73914363397248,-11.243733720546855,2.2249673445858993,-8.975966565721198,-11.583977710480799,2.19140195033293,0.22684298634172503,-0.2017955811914824,0.006219494455014369,0.15917583968184557,0.7562196332545661,0.4953740288759334,-1.3326823154300163,0.02453883674622815,0.0
27.650000000000002,-8.693640468900142,-11.196947754419599,2.218454867557012,-8.94910489648836,-11.56606993099224,2.192968881038179,0.2054396969016736,-0.17700527748007752,0.002054022529751036,0.33254093755942216,0.3545527860761437,0.6887064624291868,-1.3569668434901332,0.03836436220015446,0.0
27.700000000000003,-8.652649780124495,-11.155325457610047,2.2123377913087072,-8.909969445118152,-11.539979630078767,2.195251782368108,0.17530029784187107,-0.1386102952592899,-0.002657942475453522,0.5174486182785094,-0.10252463489034302,0.7830169896915018,-1.2428808604631432,0.052998387539980166,0.0
27.75,-8.615272426745713,-11.118236213819992,2.2074213025135103,-8.85830784116508,-11.505538560776719,2.1982653759320367,0.13973160217615868,-0.09079460921612406,-0.006551753980554909,0.6707903438460623,-0.521709127490497,0.8007570561574144,-1.0450944309061279,0.06743653224758184,0.0
27.8,-8.580298361114307,-11.084838740055627,2.2043188161568152,-8.79466752779128,-11.463111685194185,2.2019777275455086,0.10195478558623182,-0.03856173879538479,-0.008707177152354416,0.7630285357163666,-0.8440007026335189,0.7675405543972477,-0.8074333831774906,0.08081694508992113,0.0
27.85,-8.546353929955583,-11.054169702149853,2.2033639499675792,-8.720273593807896,-11.413515729205264,2.206317373694539,0.06466416300416836,0.013410941220560519,-0.008849801350348376,0.7893084735068875,-1.0546602087897485,0.700582938515592,-0.5545268458121002,0.09242030411903872,0.0
27.900000000000002,-8.512059058335876,-11.025240362640194,2.204589948694055,-8.63690660571643,-11.357937737144287,2.2111804479998747,0.03003529499563958,0.06131182864153705,-0.007262521630688902,0.7632786852090874,-1.1658072954112617,0.6106065162401887,-0.3033382306993051,0.10166981667205839,0.0
27.950000000000003,-8.47615795654875,-10.997124808717968,2.2077767881359445,-8.546780439750096,-11.297853626500064,2.216437807681244,-0.0001643369626740722,0.10230027637233108,-0.0045860957993310554,0.7050673068646466,-1.1971846442229328,0.5066289585317613,-0.07237227905043864,0.108131219371186,0.0
28.0,-8.437606189471982,-10.969027047491576,2.2125399297971304,-8.452420113915192,-11.234946742610129,2.2219421600216136,-0.024558475730952514,0.13442971879205773,-0.0016032136001818671,0.6324465424656255,-1.1676955082789413,0.3975194304681754,0.12000502157669624,0.11151277812370931,0.0
28.05,-8.395616316005702,-10.940321794751638,2.218427592736391,-8.356539620032427,-11.171026413354952,2.2275351888314416,-0.042241771180865514,0.15653349751884757,0.0009635404785504738,0.557804727434497,-1.0969083165465476,0.29025447675973953,0.26449423996489146,0.1116652881219988,0.0
28.1,-8.349674540716409,-10.91057131555468,2.225001468762777,-8.26191975577832,-11.107946503852213,2.233054680912931,-0.05284892764349152,0.16805634732776037,0.0026095054986762347,0.4865527599448734,-1.0070839415222617,0.190038250132385,0.3664353763204437,0.10858207384350631,0.0
28.150000000000002,-8.299541430962298,-10.879525050610605,2.2318885664635486,-8.171285956726532,-11.047523971151023,2.2383416525242854,-0.05643616901396148,0.16880999169612917,0.0031103907895593656,0.41601524653815436,-0.9139881658029849,0.10240740753973299,0.43630034610000346,0.10239898905076593,0.0
28.200000000000003,-8.245245212521738,-10.847109626641458,2.238802348739484,-8.087186128389233,-10.991457418926156,2.2432474758439613,-0.053242253394313724,0.15885185755325712,0.0024961660760117895,0.3399433471885558,-0.8153431303673919,0.03116517053869783,0.4750642247045628,0.09339441679139393,0.0
28.25,-8.187070365771254,-10.81341494711362,2.2455378290753463,-8.01186847825846,-10.941245652172308,2.247641005434923,-0.04363966501710546,0.13861280334490686,0.001020387968560825,0.2555676642083019,-0.69626297691149,-0.025167494824609143,0.47567841736037286,0.08198926939808955,0.0
28.3,-8.125540067903007,-10.778678853816874,2.251948661198449,-7.94715934784746,-10.898106231898307,2.251415704708898,-0.028297755741153074,0.10905035283024311,-0.0008641210678947276,0.16348639907418236,-0.5465875046692678,-0.0695241711570834,0.4366196819401478,0.06874698848863134,0.0
28.35,-8.061389610036361,-10.743269939958017,2.2579156800671645,-7.894341044732079,-10.862894029821387,2.2544967723906284,-0.008245394300504942,0.07166611170232028,-0.0025949284026518765,0.06452695257720406,-0.369688750833684,-0.10067329189439075,0.3670728217105744,0.054373544965882835,0.0
28.400000000000002,-7.995528844292197,-10.707666514788967,2.2633166157596274,-7.854029674592093,-10.836019783061396,2.256848268982128,0.015314265094297229,0.028453434608789532,-0.003647573967364715,-0.03571760831425272,-0.17599997046240365,-0.11704337750094176,0.2774478710911078,0.03971743901778857,0.0
28.450000000000003,-7.928993880660417,-10.672429835627602,2.268005913583359,-7.8260529732525805,-10.817368648835055,2.2584802432269324,0.041170865128850785,-0.018218022461116656,-0.0036460656269472974,-0.12266161731714054,0.03019464892630866,-0.12139495482097604,0.164940141890745,0.025769700117375186,0.0
28.5,-7.862890510857605,-10.638170823127652,2.27181160771839,-7.809328138725273,-10.806218759150182,2.2594558585743587,0.06794285463758967,-0.06573756017245,-0.002423786100378965,-0.18189507298361718,0.2550215100537846,-0.11307553032319742,0.010083205009241702,0.013663887022751705,0.0
28.55,-7.798332968859557,-10.605510653161025,2.2745530342539073,-7.8017396632499185,-10.801159775499947,2.2598985196437544,0.09372232468701035,-0.11121694959031954,-0.0001172545298121172,-0.21180001986409636,0.5033576603782406,-0.0783798179885063,-0.20972482851617252,0.0046760877771077946,0.0
28.6,-7.736380700841382,-10.575036423306631,2.2760792749479815,-7.800017165335635,-10.800011443557091,2.2599989986887543,0.11595044731398048,-0.15123078706124896,0.0027263649385570743,-0.21883544032373792,0.7626471953484006,0.0006503213276287667,-0.501539698082276,0.00022491970871692281,0.0
28.650000000000002,-7.677972315706137,-10.547252938383707,2.2763243010445104,-7.799762906642292,-10.799762906642293,2.2600222275022848,0.1315746202779349,-0.18169522989959339,0.005156812763387047,-0.19638548864383576,0.9883145747102471,0.12144474811643036,-0.8385770723842834,0.0017929553652605533,0.0
28.700000000000003,-7.62385109756672,-10.522529390344765,2.2753677116513966,-7.797036340205471,-10.797036340205471,2.260277843105737,0.1374834526387779,-0.19862678384858426,0.0060567760767498945,-0.0988050828002815,1.049947975358194,0.22917819552707536,-1.096933932931821,0.00931730438632207,0.0
28.75,-7.574481683840394,-10.501038004093274,2.2734699561054317,-7.788992934774016,-10.788992934774017,2.2610319123649356,0.13168315337620878,-0.2000647346926512,0.004705488338276476,0.054362003779463874,0.8932807590442468,0.3187723752775491,-1.2065129248747914,0.021522126615732964,0.0
28.8,-7.529985225043787,-10.482696916452722,2.2710643785547417,-7.773462243891252,-10.773462243891254,2.262487914635195,0.11408845304189545,-0.18649954162030188,0.001223655788403716,0.2211436270931058,0.5811245138122856,0.40158907799996063,-1.1955962860593448,0.037201688685448285,0.0
28.85,-7.4901198180595,-10.467141552419791,2.2687104705755026,-7.7488912167590005,-10.748891216759,2.2647914484288436,0.08621166582870408,-0.16020366101642577,-0.003527024941093968,0.370615235895687,0.20041021840017925,0.47868517939351196,-1.1080308767179554,0.05524649024415979,0.0
28.900000000000002,-7.454307311035794,-10.45373554263014,2.2670100631077297,-7.714292873961979,-10.71429287396198,2.2680350430660643,0.05071414141879762,-0.12451211112865913,-0.0083279144735045,0.4831336536090149,-0.17115998780459996,0.5460478891482659,-0.9811827476429504,0.07464326395729914,0.0
28.950000000000003,-7.4216954451413475,-10.44161759710956,2.2665037810933795,-7.669194983192214,-10.669194983192215,2.2722629703257295,0.010656681325450654,-0.08295199473441557,-0.012083936875201616,0.5541894123158044,-0.48145829512643434,0.5948060014167267,-0.8396111576197978,0.09447497550703733,0.0
29.0,-7.391241626641876,-10.429772339737248,2.2675796832169524,-7.6135887349734475,-10.613588734973447,2.2774760560962393,-0.03121946362201854,-0.03868482973348681,-0.014135976895587953,0.5889527958981154,-0.7114056578859098,0.6183724214921955,-0.6929758819779381,0.11392082359228321,0.0
29.05,-7.361803835201967,-10.41711060018091,2.27042191916961,-7.547877418385526,-10.547877418385527,2.283636492026357,-0.07272606003454136,0.005671529581281968,-0.014298372095679208,0.5954394467354358,-0.8651233702157121,0.6182538725870942,-0.544978557251926,0.1322562399286889,0.0
29.1,-7.3322246417204,-10.402546021778976,2.275008643771374,-7.4728250967888314,-10.472825096788831,2.290672647176047,-0.11213758242056655,0.04804852425976026,-0.012755799001052594,0.582039278670422,-0.9568059597876565,0.6027808211019231,-0.4011823677902645,0.14885288924864176,0.0
29.150000000000002,-7.301398663457736,-10.385058678659368,2.281150259607411,-7.3895052835486705,-10.38950528354867,2.298483879667312,-0.14804019039891184,0.08687222858635348,-0.009940272551673637,0.5575254843060378,-1.0028271615384732,0.5819081966322487,-0.2700607389872094,0.16317866930126962,0.0
29.200000000000003,-7.26832045250325,-10.363741423461223,2.2885500839582047,-7.299249617759685,-10.299249617759685,2.3069453483350295,-0.17924383308076472,0.12099454265229029,-0.006424905322355535,0.5316619832806158,-1.0193680569725128,0.5617545385109735,-0.15915920697359964,0.17479771085243964,0.0
29.25,-7.232115378731186,-10.337829311535632,2.296869459271261,-7.203596539970264,-10.203596539970265,2.315912824377788,-0.2047790636369076,0.1495993038110679,-0.0028286324389893563,0.5139315542728745,-1.022238091586264,0.5426480819255441,-0.07082908143901445,0.18337037768475759,0.0
29.3,-7.192058838244298,-10.306715525998628,2.3057841261257725,-7.104239967906922,-10.104239967906922,2.325227503008726,-0.22392368733963264,0.17205692670347297,0.00027214355509297823,0.5090708252740221,-1.0241212218648537,0.5223992605492389,-0.0026241498643591044,0.1886532665975704,0.0
29.35,-7.147588649677133,-10.269959222051492,2.3150281112872326,-7.002977972198746,-10.002977972198746,2.3347208151063676,-0.2351303373094225,0.187816976990329,0.0022191405828233825,0.3073119715242322,-1.2366543771735183,0.7045071629059367,0.25384700811336347,0.19049920740696222,0.0
29.400000000000002,-7.098314825680307,-10.227321680232942,2.324428098572224,-6.901661452101773,-9.901661452101774,2.344219238865459,-0.23456081653299174,0.19631402142543536,0.0020278586855622277,0.47906055403840564,-1.0677889913435514,0.5026410391190329,0.1085139836146557,0.18885726294575703,0.0
29.450000000000003,-7.04403600778588,-10.17883056138018,2.3338875960731,-6.802142811223405,-9.802142811223405,2.3535491114478058,-0.22598514107366943,0.19715947949887302,0.0003183280518735441,0.7181245763110866,-0.793158432432557,0.21731986016266128,-0.14493974273422436,0.18377272906351808,0.0
29.5,-6.984743796765513,-10.124696597249502,2.343378282483566,-6.7062246332468165,-9.706224633246816,2.362541440633111,-0.21613658832561072,0.19043365285618544,-0.001545947250423569,0.8387190077416519,-0.5956823951129702,0.03128918044655671,-0.3009516892916074,0.17538713462654887,0.0
29.55,-6.92062417810402,-10.065166025296943,2.3528914773468053,-6.615608357655342,-9.615608357655342,2.3710367164698116,-0.20749848635889015,0.176402224763593,-0.0030328135590229027,0.4202327886579454,-0.8943808725380372,0.3583434620668823,0.07044453002404605,0.16393824151788983,0.0
29.6,-6.852052940596702,-10.000484898262478,2.3624038301528976,-6.531842955456912,-9.531842955456911,2.3788897229259147,-0.19337963819693052,0.1555226928895996,-0.005204626373618962,0.17915526540426358,-0.9682429571228608,0.46954958023372023,0.24273824406856243,0.14976004463732226,0.0
29.650000000000002,-6.779582278254686,-9.931030795701147,2.371884464332902,-6.456273604908439,-9.456273604908437,2.385974349539834,-0.1698179147331924,0.12852413167003587,-0.008275637792947207,0.07233315806728224,-0.8709828042262563,0.4075156556558769,0.27000768008940734,0.13328277190136684,0.0
29.700000000000003,-6.703921246196671,-9.857411405476402,2.381278671702372,-6.389990367240226,-9.389990367240225,2.392188403071229,-0.13698876209920993,0.0961521023532237,-0.011571692567206075,0.028660734604623983,-0.6734594845938447,0.25251516726330303,0.22541490331979958,0.11503288424328253,0.0
29.75,-6.625905286268343,-9.7804570069587,2.3904867529764298,-6.33377686238038,-9.333776862380379,2.3974584191518393,-0.09718357314321907,0.05930678552464779,-0.014171754303653137,-0.007274500336459946,-0.42735027364765865,0.07479587573173906,0.1587085169049806,0.09563307561307009,0.0
29.8,-6.546458969967823,-9.701156055012568,2.399344744033799,-6.288058944679198,-9.288058944679198,2.401744473936325,-0.053296608397818766,0.01919321488674689,-0.015341052857090323,-0.061950377599673895,-0.16739422279395239,-0.0805095420976692,0.0953701509375979,0.07580227297746389,0.0
29.85,-6.466556657656174,-9.620577534194753,2.407617162335593,-6.252853378633598,-9.252853378633597,2.4050449957531,-0.007927280863064143,-0.022687915862694533,-0.014712774598721827,-0.13429257744491221,0.08157050789132156,-0.1934151731981623,0.04339886658728717,0.0563556363199432,0.0
29.900000000000002,-6.387185434717807,-9.53980402167764,2.41501006307472,-6.227716514611512,-9.227716514611512,2.407401576755171,0.03694288076773611,-0.06463937418968935,-0.012277240132582185,-0.20180754087149397,0.30159148468585684,-0.2648016250284696,-0.0013813728744791476,0.03820455864072399,0.0
29.950000000000003,-6.309313451671534,-9.459883050111092,2.421203561888958,-6.211692964576287,-9.211692964576287,2.408903784570973,0.07980704024798448,-0.10497658406797136,-0.008295193412414909,-0.23577664314297095,0.4851893028889812,-0.30354971332007674,-0.05533452178486617,0.02235666595676274,0.0
30.0,-6.233864232891752,-9.381794338920145,2.425896946330219,-6.203264277811101,-9.203264277811101,2.4096939739552092,0.11923246568260802,-0.14221849305942524,-0.003245424294761735,-0.22317703147898377,0.6399818020198813,-0.30724540497297204,-0.14833759548695047,0.009915817301753841,0.0
30.05,-6.161694612917678,-9.306426042446297,2.4288591915023487,-6.200297616643365,-9.200297616643363,2.4099720984396846,0.15350262522851482,-0.17491121385377037,0.0021703820646278215,-0.17293952883968333,0.7800168547918257,-0.2584640466661351,-0.3127910749183462,0.002082104726130239,0.0
30.1,-6.09357156821249,-9.234552572090175,2.429980073064186,-6.199994517938212,-9.19999451793821,2.410000205577317,0.18050761543993457,-0.20110074439071562,0.007037015191752342,-0.09509004246287156,0.9039340931281837,-0.1474819087030409,-0.5598970571877787,5.938750275354543e-05,0.0
30.150000000000002,-6.03014112318697,-9.166807260491943,2.4293176641765535,-6.198967576400055,-9.198967576400054,2.410038715884998,0.19783332905054085,-0.21818716789868942,0.010317469331704491,0.009694673862224723,0.9775143715203292,0.00779204188450594,-0.8513411380928044,0.0018840557972418905,0.0
30.200000000000003,-5.971878979337537,-9.10364135451662,2.427123042640748,-6.194014149567885,-9.194014149567884,2.4102244693912045,0.20321172150526762,-0.2236726717729151,0.011106076297804057,0.13246245404618312,0.9177829256050416,0.17664462966796263,-1.076706443468724,0.005861513114010704,0.0
30.25,-5.919021658456825,-9.045268891733466,2.423824407826279,-6.182605628247727,-9.182605628247726,2.4106522889407103,0.195757406799727,-0.21633519679193433,0.009121637330366344,0.25657682836848406,0.7010823624572279,0.33599961079699614,-1.1751285107084155,0.011485570061954675,0.0
30.3,-5.87150431992615,-8.991621377504075,2.4199830700870018,-6.162862422983768,-9.162862422983766,2.4113926591381087,0.17653423116514028,-0.19652403146350525,0.004944231443681299,0.37317822915518706,0.38709241545390083,0.46166593046802284,-1.1633775529504422,0.018288886424935816,0.0
30.35,-5.828933355127477,-8.942335690120437,2.4162240270569297,-6.1335021651584025,-9.1335021651584,2.41249366880656,0.14782928987399144,-0.16595782818985258,-0.00029307527444956297,0.47326728421647224,0.05043069547773327,0.5382837669095193,-1.0753693079635056,0.025842971161781025,0.0
30.400000000000002,-5.790605534485392,-8.896779439755262,2.413144308236664,-6.09378790809228,-9.09378790809228,2.41398295344654,0.11241078807796515,-0.1274004206065178,-0.005347309543615717,0.5403891244037609,-0.25151159701749226,0.5688137607525896,-0.9384847370653611,0.03375818240628355,0.0
30.450000000000003,-5.7555696090583455,-8.854105776253405,2.411218021124363,-6.043476328144348,-9.043476328144347,2.415869637694587,0.07302637757849241,-0.08399622322953645,-0.009219230721934934,0.5634986065368124,-0.4866246548324217,0.5636159922831395,-0.7714414991530342,0.041683727467202766,0.0
30.5,-5.722714834204955,-8.81332557300381,2.4107261177019783,-5.9827659258119015,-8.9827659258119,2.418146277782054,0.03207870437883393,-0.03867685684237408,-0.011339263176740059,0.5454266104825131,-0.6485095760366526,0.5316401595514937,-0.5854801530598608,0.049307662828263515,0.0
30.55,-5.690866116771328,-8.773384895661978,2.411730942607614,-5.91224522683061,-8.91224522683061,2.420790803993852,-0.008437380024817615,0.006088580599037321,-0.01157414248279139,0.4992938799354014,-0.7467743099181745,0.4808894227252189,-0.39089073140808844,0.05635689414815834,0.0
30.6,-5.658867783528431,-8.733237333497334,2.4140975553992505,-5.8328409832745916,-8.832840983274592,2.423768463127203,-0.046864535455259156,0.0483148380564823,-0.010138324816061446,0.44020748068149307,-0.7961484077982242,0.4216035460855572,-0.201597982920453,0.06259717626054415,0.0
30.650000000000002,-5.625645773186176,-8.69190359757041,2.417548624156196,-5.745766374656439,-8.745766374656437,2.427033760950384,-0.08180585615765781,0.08646216125695493,-0.0074806032976405855,0.3799005298546738,-0.8110753983469642,0.3661187987955258,-0.033543365384028356,0.06783311317404447,0.0
30.700000000000003,-5.590246977867755,-8.64851467462977,2.4217338325337683,-5.652469209027268,-8.652469209027267,2.4305324046614776,-0.11207295080493719,0.11941551925799353,-0.004177654537222591,0.3275832423418945,-0.8052972181178097,0.3236240625726807,0.10073182527834756,0.07190815807224891,0.0
30.75,-5.551860651165907,-8.602338853650679,2.4262968801406704,-5.554580124076774,-8.554580124076773,2.434203245347121,-0.1366888484325528,0.14644545671499679,-0.0008395892785366628,0.292606192235081,-0.7935276343659674,0.29502629235893973,0.19746954187426147,0.07470461331371289,0.0
30.8,-5.509829128300654,-8.552795936632583,2.430929021408664,-5.4538607882332455,-8.453860788233245,2.4379802204412533,-0.15493562784433157,0.1670609724687091,0.0019781577598911356,0.28153356074047714,-0.7897150444696399,0.27546437393810336,0.26152441419508815,0.07614363043195854,0.0
30.85,-5.463654406324916,-8.499463225193463,2.4354040920442928,-5.352152101763651,-8.35215210176365,2.4417942961838635,-0.16635705773934237,0.18080071512542134,0.0038439874983904553,0.29137895541139625,-0.7991493776933063,0.26223129654149946,0.29821564099412334,0.07618521013547337,0.0
30.900000000000002,-5.4130047600031075,-8.442077622952556,2.439594331907387,-5.2513223978736585,-8.251322397873658,2.445575410079738,-0.17070655848806948,0.1871888386760934,0.004488725642872183,0.3093386584479105,-0.8139257322975841,0.25711144631409316,0.30718493545680386,0.07482820230771108,0.0
30.950000000000003,-5.357722668971602,-8.380536935142093,2.4434688028440967,-5.1532156438076875,-8.153215643807687,2.449254413357212,-0.1679247933403748,0.1859152447157019,0.0038270554399658856,0.3212812251518136,-0.8201101612957056,0.26047685904581547,0.28724731644040374,0.07211030600709159,0.0
31.0,-5.297832699603518,-8.314901599944827,2.4470773727543653,-5.05959964194896,-8.05959964194896,2.452765013426914,-0.1581706322031677,0.17701007084131085,0.0019699817334908353,0.3188450144785401,-0.8087747063851494,0.26697132842048243,0.24488131656285295,0.06810806946700099,0.0
31.05,-5.233546375835122,-8.245396173487267,2.450523799799718,-4.97211423091952,-7.972114230919519,2.456045716340518,-0.14182547031524223,0.16084595936419932,-0.0007895494539896589,0.2996216821853072,-0.7794400027711634,0.2678405772889905,0.19501842829534438,0.06293689009579072,0.0
31.1,-5.165260764298563,-8.17240854383931,2.4539319658967047,-4.892219486680316,-7.892219486680316,2.459041769249488,-0.11940632837944641,0.1380202734282617,-0.004028843589122978,0.26476439419756553,-0.7333393270254691,0.2551923550732018,0.15164214689971722,0.05675101447677888,0.0
31.150000000000002,-5.093548106200963,-8.096484209760016,2.4574099462584726,-4.821143923631226,-7.821143923631226,2.461707102863829,-0.09146933954502899,0.10924917993186156,-0.007256876978783207,0.2177470922211191,-0.6644176567689414,0.2244775840484492,0.1165734905337742,0.04974353836824967,0.0
31.200000000000003,-5.019135294146613,-8.018313155264073,2.461017184667984,-4.759832695711101,-7.7598326957111,2.464006273910834,-0.05865700473323222,0.07537286922847496,-0.009955345240926254,0.16348030943941785,-0.5602363115791205,0.17607841748782008,0.07913334860954055,0.042146406703453064,0.0
31.25,-4.942873968084286,-7.938707888324249,2.464740139400147,-4.708895797497821,-7.70889579749782,2.465916407593832,-0.021868533166118826,0.03744592034304584,-0.011623941547263771,0.10672123142966881,-0.41311913901542435,0.11669690373568771,0.02698738809267072,0.034230413590605774,0.0
31.3,-4.865703923925239,-7.858572893680456,2.4684809320688035,-4.668556265308318,-7.668556265308318,2.467429140050938,0.01764373448857403,-0.003190398519508637,-0.0118649156499364,0.0521020806995908,-0.22952818450193685,0.0578040310358789,-0.04413369106866506,0.026305202312888635,0.0
31.35,-4.788613682205932,-7.778867544190824,2.472061643900907,-4.638598378298658,-7.638598378298658,2.4685525608138006,0.05835391726436148,-0.04491353245555568,-0.010481755538410808,0.007654678783346615,-0.0293187976148001,0.009551204049866466,-0.13011061839274685,0.01871926532845067,0.0
31.400000000000002,-4.712601992258925,-7.700565734991018,2.4752443331078147,-4.618315859564053,-7.618315859564053,2.4693131552663483,0.09860263640176685,-0.08593095583688413,-0.007537977219575832,-0.013411994624014226,0.16403506346360602,-0.023860068650801605,-0.22619762696687273,0.011859944270406297,0.0
31.450000000000003,-4.638642664467636,-7.624615515269746,2.4777643563420124,-4.6064600772389195,-7.6064600772389195,2.469757747103541,0.1366221372026716,-0.12447708537593104,-0.0033688167939220875,-0.00032004963213375093,0.3355262477975116,-0.039259341306971646,-0.33643817523895947,0.006153429946835269,0.0
31.5,-4.567652830687429,-7.5519006851003185,2.479372911372635,-4.601188245596925,-7.601188245596925,2.4699554407901156,0.17045375656232736,-0.1589310035399781,0.0014250483498517673,0.04345766961387726,0.48482694864024894,-0.025137679074377528,-0.47721545326330633,0.0020647623407849193,0.0
31.55,-4.500462170137426,-7.4832042563886985,2.4798841170668022,-4.600011626151033,-7.600011626151033,2.4699995640193366,0.19792260226872807,-0.18762177901974098,0.006010016227798925,0.10248338594783202,0.6200949993437268,0.034158193761708366,-0.6686753805086418,9.783061026627982e-05,0.0
31.6,-4.437778258145497,-7.419171621806501,2.4792216823242423,-4.5997658393635845,-7.5997658393635845,2.469964875904538,0.2166997200499861,-0.20841880410843844,0.009410583591587186,0.16411975182041505,0.7425571108342429,0.13548460385520433,-0.9098332588475168,-0.002835668754292346,0.0
31.650000000000002,-4.380138082863762,-7.3602658919631825,2.4774425976759615,-4.5970684027300015,-7.5970684027300015,2.4695602604095006,0.2244469336197515,-0.21873691118378646,0.010681016447167636,0.21053132241172517,0.8094587801042437,0.23550201366985452,-1.109620485117526,-0.014753220847836623,0.0
31.700000000000003,-4.327835148077253,-7.306705841954804,2.47469606883334,-4.589105862845843,-7.589105862845843,2.4683658794268766,0.21961150564498647,-0.21660238326437445,0.009278215955800107,0.2298079489717506,0.7559139464006747,0.29609978968685946,-1.159736207721306,-0.034096282398939984,0.0
31.75,-4.280852204072699,-7.258414388574186,2.4711678979396607,-4.573724645942554,-7.573724645942554,2.466058696891383,0.2025501630636381,-0.2017884748060576,0.005479641647983497,0.2174052435330101,0.5993176134403253,0.3006739705991653,-1.0509527899865212,-0.05896050652834856,0.0
31.8,-4.238838538687924,-7.215010490996303,2.4670350073588407,-4.54938073112013,-7.54938073112013,2.46240710966802,0.17538019934763036,-0.1757299488996149,0.000293236813353992,0.17786373762540048,0.4125999325813177,0.244622859485277,-0.8409120280812317,-0.08759292290399145,0.0
31.85,-4.201141531609409,-7.175847419305174,2.462419241681842,-4.515089191498067,-7.515089191498067,2.45726337872471,0.14079568680817459,-0.1409112970488273,-0.00505740048434424,0.11226323958563125,0.2530725737278908,0.14069315786652273,-0.5839992853717982,-0.11839193774096994,0.0
31.900000000000002,-4.166879270634731,-7.140080101008783,2.4573441488206504,-4.470373735366293,-7.470373735366293,2.450556060304944,0.10134317346953188,-0.1002564161065929,-0.009524777031328339,0.017003017647369306,0.13995384424223872,0.016109271322505697,-0.30972840553763403,-0.14990733380156437,0.0
31.950000000000003,-4.135031580258703,-7.106741860492179,2.4517104344651424,-4.415216247336115,-7.415216247336115,2.4422824371004173,0.0593354005596801,-0.05655504315785772,-0.012401464791392538,-0.09920557543513404,0.06696184137857963,-0.10730825402005045,-0.033612664712541984,-0.18084027039523246,0.0
32.0,-4.104527394474149,-7.074816237478758,2.445302018276982,-4.350006329491163,-7.350006329491163,2.4325009494236745,0.016864507791922934,-0.012196100396524369,-0.013378889390141202,-0.21160204277773145,0.019697685675911153,-0.22102175122302722,0.2291268226909073,-0.21004328337860745,0.0
32.050000000000004,-4.074313677314479,-7.043295782778736,2.4378217447834825,-4.275490842538305,-7.275490842538305,2.421323626380746,-0.024309471457714556,0.03076248054821153,-0.012524714418074534,-0.29801546125446976,-0.01289036333630078,-0.31601350396131034,0.4570536468545803,-0.2365202851555079,0.0
32.1,-4.043400689932491,-7.011224870245688,2.428945472706986,-4.192723446958645,-7.192723446958645,2.408908517043797,-0.06284747841041088,0.07057345598518304,-0.01017567811846687,-0.35355536163975576,-0.03972509848491579,-0.37207038769719336,0.6290988501261037,-0.2594265646769165,0.0
32.15,-4.0108862650032036,-6.97772744433502,2.418380586150532,-4.103014144158395,-7.103014144158395,2.3954521216237596,-0.09765633654307011,0.10599546968291829,-0.006818796693425796,-0.37830731853959293,-0.07486106014162591,-0.3726378859425833,0.7361266230138291,-0.2780687874410049,0.0
32.2,-3.975965948495823,-6.942023288822148,2.405918031271177,-4.007878817619847,-7.007878817619847,2.381181822642977,-0.12765913351427105,0.13635418379968328,-0.0030285192142054133,-0.3589451555705427,-0.1385970285039378,-0.3246277724105125,0.7842618399633121,-0.2919049954931196,0.0
32.25,-3.9379368737989346,-6.903437517872251,2.3914717621785595,-3.9089887740523537,-6.908988774052354,2.366348316107853,-0.1518394609158558,0.16113716848066345,0.0005899793792831341,-0.2801071528104247,-0.24506618014229736,-0.24708825873543266,0.7831383124709015,-0.30054460742577915,0.0
32.300000000000004,-3.896202302390976,-6.86140757755504,2.3751033510070103,-3.8081202845431763,-6.808120284543176,2.3512180426814764,-0.16940203363571527,0.17957852865444957,0.0034870849335468888,-0.1483166438792483,-0.3877499702440836,-0.14595027530395382,0.7312621851346677,-0.30374841837868577,0.0
32.35,-3.850281521918546,-6.8154910924779815,2.3570316521409023,-3.7071041257085366,-6.707104125708537,2.3360656188562805,-0.17982430222136242,0.19085399854971985,0.005245481578194586,0.012873482804931446,-0.5467481885993133,-0.016861449702218534,0.6223664492208623,-0.3014286000387158,0.0
32.4,-3.79982670290418,-6.765376784459579,2.3376280678041037,-3.6077751208444577,-6.607775120844458,2.3211662681266687,-0.18284999705525654,0.19448352055548912,0.005630267950495283,0.1837212401461177,-0.7071388571334545,0.13625885119391137,0.4621697283424655,-0.2936487006399246,0.0
32.45,-3.7446454269029243,-6.710899042321299,2.317397885692531,-3.511921681077751,-6.511921681077752,2.3067882521616627,-0.17850191496902681,0.19036981558579882,0.0046199397219816,0.3525213966109861,-0.8639655819534817,0.2995054522234813,0.27130337718455394,-0.28062364496354236,0.0
32.5,-3.684725485726829,-6.652055009035788,2.2969480963923035,-3.421235346516992,-6.421235346516992,2.293185301977549,-0.16701022239665528,0.17860802937023004,0.002395467159949958,0.5083766540179933,-1.0108043215922242,0.4586731542282659,0.07122090102075046,-0.26271973433798196,0.0
32.550000000000004,-3.6202568531537707,-6.589021577816397,2.276942710055964,-3.3372603274033725,-6.3372603274033725,2.280589049110506,-0.14871737731104548,0.15944163005354572,-0.0006979743767963261,0.6400702537229266,-1.1315705474088023,0.6027899438215336,-0.12704880718062928,-0.24045464663882515,0.0
32.6,-3.5516446869334977,-6.522168231313687,2.25804822135771,-3.261343045261742,-6.261343045261742,2.2692014567892613,-0.12410843416024443,0.13339266770175862,-0.004182194977719041,0.7401495156637514,-1.2068673070492195,0.7225100150682595,-0.3194551245467423,-0.2144974362888431,0.0
32.65,-3.479507794007955,-6.452060698832011,2.24087428685724,-3.194581674051462,-6.194581674051462,2.2591872511077193,-0.09389820016129177,0.10135032721801071,-0.00748960248741026,0.8067987517651329,-1.223761643053179,0.8102641030125766,-0.5016998846891985,-0.18566853425797408,0.0
32.7,-3.4046593411529367,-6.379450703806513,2.225917045092603,-3.1377756813173905,-6.1377756813173905,2.2506663521976087,-0.05906899144126403,0.06453634536791397,-0.010040627349026823,0.8425812542982246,-1.1792870154387496,0.8624099825870244,-0.6676983067151403,-0.15493974806333352,0.0
32.75,-3.328070184724127,-6.305249007723901,2.2135137685959387,-3.0913753693408346,-6.091375369340835,2.2437063054011253,-0.020853578438703564,0.02441696138521284,-0.01134136274442643,0.8528617170844546,-1.0790861330192225,0.8802470771393073,-0.8117892805229031,-0.12343426176922502,0.0
32.800000000000004,-3.250818792440368,-6.23048221283361,2.2038166339157454,-3.0554314162904506,-6.055431416290451,2.2383147124435676,0.019302379996883775,-0.017384428381563486,-0.011075294346328231,0.8447004885099361,-0.9343678669230836,0.8691125482796555,-0.9310803947497858,-0.09242663598711623,0.0
32.85,-3.174034073566262,-6.156237241565002,2.1967900586598326,-3.029544417373227,-6.029544417373227,2.234431662605984,0.05977761473132439,-0.05916237920736895,-0.009170126900033392,0.8255854082054532,-0.758466709123609,0.8364761271525649,-1.0266079056633168,-0.0633428078756649,0.0
32.9,-3.098837633218639,-6.083599720040099,2.1922311613426766,-3.012814425985392,-6.0128144259853915,2.2319221638978086,0.09879974964835703,-0.0991864588846062,-0.005831186391767957,0.8013119602515163,-0.5636985159764727,0.7902519879324605,-1.1030452192587037,-0.03776009114069782,0.0
32.95,-3.0262898844227815,-6.013592656538389,2.189808127695495,-3.003790494863366,-6.003790494863366,2.2305685742295047,0.13445941703944048,-0.1357373985225825,-0.0015404407652860781,0.7729242320008312,-0.35862079029627725,0.7380864617175069,-1.1675699277659481,-0.01740717603521696,0.0
33.0,-2.9573411064825357,-5.947119911238174,2.189108168746369,-3.000420217234716,-6.000420217234716,2.2300630325852073,0.16473735863354771,-0.167106283077852,0.0029816327339451964,0.7343804773712658,-0.14561447711906972,0.6866551563816925,-1.2286693043012327,-0.004164129359411143,0.0
33.050000000000004,-2.8927853383062665,-5.884916009900647,2.189685892654442,-2.999999266132597,-5.999999266132598,2.230000050453384,0.18756687903253538,-0.1915276416448426,0.0068604998543018185,0.6740263321996006,0.08054228848800782,0.6385714093686592,-1.294737372462595,2.856680363979066e-05,0.0
33.1,-2.833213953235636,-5.8275018039849416,2.191106622205114,-2.9992038050420318,-5.999203805042032,2.23005473840336,0.20090339361590903,-0.20703274479963998,0.009199644758556598,0.5938963267535656,0.3063942459683494,0.598552900723133,-1.3713559308737846,0.002912960154440988,0.0
33.15,-2.7789748290871255,-5.77515215696136,2.193016535354124,-2.99478450742929,-5.99478450742929,2.230358565114236,0.2029207429035488,-0.21149982553513985,0.009281663105867075,0.522147246434173,0.4384517382916657,0.5760577593121321,-1.4120508368824083,0.009832836527919359,0.0
33.2,-2.7301434232299138,-5.727879613866498,2.1952340074956487,-2.984149764291863,-5.984149764291863,2.231089703704934,0.1927843730397946,-0.20354129201670315,0.006908680422943411,0.4776124576889381,0.4072369322633316,0.5629969989221582,-1.3597005581284345,0.019855976126501012,0.0
33.25,-2.6865032906583135,-5.685428028529497,2.197775398139543,-2.9653601523180955,-5.9653601523180955,2.232381489528131,0.17137079786859075,-0.18345472356868878,0.0026349042599318993,0.46293369089957603,0.23461775230640003,0.5481030496065973,-1.218577347606777,0.03212108809793064,0.0
33.300000000000004,-2.6475496127462055,-5.647284980496565,2.2008159460100822,-2.9370768491996606,-5.937076849199661,2.2343259666175235,0.14100709955606536,-0.15312681044465107,-0.0024364234382525858,0.470122262756796,-0.0012302829462385034,0.5228789119230757,-1.0344123969519334,0.04583781053528234,0.0
33.35,-2.6125216811090524,-5.612715314673262,2.2046101472048774,-2.8985100489440767,-5.898510048944076,2.2369774341350945,0.10445451811800617,-0.1153156162599795,-0.007141749361241324,0.48363894019820464,-0.22800210026707335,0.48608011913615945,-0.8470117639101145,0.060286710476946025,0.0
33.4,-2.580459898404114,-5.5808103041540225,2.209398905460052,-2.8493673771871735,-5.849367377187174,2.240355992818382,0.0641665025429441,-0.07299178802943695,-0.010604623741249023,0.4834567318633148,-0.40942181483471407,0.44631797357565495,-0.6702008696244751,0.07481928390664072,0.0
33.45,-2.5502781073189436,-5.550546568474585,2.2153320481021406,-2.7898023065055915,-5.7898023065055915,2.2444510914277407,0.02219451466286109,-0.028874462236950914,-0.01232898715968732,0.4566089423989018,-0.5402274305139698,0.4138812595804636,-0.500720114270303,0.08885795575340859,0.0
33.5,-2.520839336214022,-5.520849184517935,2.2224257968276326,-2.720362571729304,-5.7203625717293045,2.2492250731936103,-0.019629799417668542,0.014806597408639502,-0.012182064160907445,0.4065369970039937,-0.6305379897141563,0.3911355581702691,-0.3329911574591896,0.10189607989160902,0.0
33.550000000000004,-2.4910237339158354,-5.4906528763141225,2.2305598674342932,-2.641938585254049,-5.641938585254049,2.2546167222637843,-0.059580510271135756,0.0563141180114182,-0.010354366234212707,0.35065344217100014,-0.693654751668109,0.3716756553313142,-0.16758287894935642,0.11349793914093216,0.0
33.6,-2.4597817359340275,-5.45895546681156,2.239506328552941,-2.5557118523538973,-5.555711852353897,2.2605448101506695,-0.09608025646752735,0.09425727843547275,-0.007292659922549896,0.3081856145948296,-0.7396605143731059,0.3481426165466377,-0.012547345927362064,0.1232987452663843,0.0
33.65,-2.4261710110826944,-5.424859556912516,2.248976282819797,-2.463103386493673,-5.463103386493673,2.26691164217856,-0.12781377859702647,0.12744391280005865,-0.003594702355704068,0.28794281714861225,-0.7736693965285962,0.3208163451694236,0.11988066562385308,0.1310046389783002,0.0
33.7,-2.389380073395295,-5.387601181201048,2.258670389823315,-2.3657221246414712,-5.365722124641471,2.2736066039308986,-0.15377629826608638,0.15485017498291753,0.0001070335968518332,0.28609026828666173,-0.797016074226899,0.29762890027191524,0.21834220256517323,0.1363926899323363,0.0
33.75,-2.3487434071989672,-5.346566936400461,2.268322662165171,-2.2653133425812,-5.265313342581201,2.2805097076975422,-0.17323568655024021,0.1757000884996512,0.0032365314386673103,0.2944585228033304,-0.8102523646553346,0.28504894017980753,0.2773843438301572,0.13931089672947033,0.0
33.800000000000004,-2.3037526694178956,-5.301302808115514,2.277731323024404,-2.163707070224972,-5.163707070224972,2.2874951389220333,-0.18571795687634823,0.18952260053519235,0.005342499616932586,0.308127695406007,-0.8169525370385995,0.2809947089514066,0.30162634841636177,0.1396781869160055,0.0
33.85,-2.2540668692479744,-5.251518240917598,2.286774292811668,-2.062766506925711,-5.062766506925711,2.2944348026488575,-0.19102223385867073,0.19606560464996453,0.006150988020808932,0.3235575057151854,-0.8226658998227973,0.2782550431905392,0.30386683480826115,0.137484416983567,0.0
33.9,-2.199522299148713,-5.197088200227717,2.295409504943104,-1.9643364367895408,-4.964336436789541,2.301201869970719,-0.1891594051909129,0.19514078268082327,0.005581724213629492,0.3328551795077321,-0.8262548709475688,0.2722398412399381,0.2945993542382877,0.13279037236910357,0.0
33.95,-2.140141030928387,-5.138054620808021,2.3036618588626387,-1.8701916439883284,-4.870191643988329,2.3076743244758022,-0.1802631879642171,0.18662696065127163,0.003735232415311328,0.3246189518198824,-0.8155852631105227,0.2622921410738364,0.27530400823316864,0.12572776745488623,0.0
34.0,-2.076135372408572,-5.074627092006169,2.3115996841201367,-1.7819853280722087,-4.781985328072209,2.3137385086950357,-0.16459243140525,0.17064707213221636,0.0008805928726786698,0.29063690716188034,-0.7754630960696811,0.24723771822233004,0.24398108461729412,0.11649924556851139,0.0
34.050000000000004,-2.0079052574264686,-5.007181162485367,2.319304459979694,-1.7011975192819868,-4.701197519281987,2.3192926705493635,-0.14259639987840944,0.14771260495137414,-0.0025620170167372567,0.23060539919583906,-0.6989735768260392,0.22269144760242715,0.2043088496662342,0.10537837898289522,0.0
34.1,-1.9360261852971006,-4.936251774723259,2.3268383414968996,-1.6290834938617342,-4.629083493861734,2.3242505097970056,-0.11493518235446723,0.11870740536345835,-0.006069365820794406,0.15186288871015796,-0.5909817512132304,0.18262393273206434,0.16719200824892727,0.09270966891628149,0.0
34.15,-1.861226980902211,-4.862519477750781,2.33421465323233,-1.5666221893711878,-4.566622189371188,2.328544724480731,-0.08241101466641301,0.08474520819003183,-0.009091730203330116,0.06685246803127429,-0.4616025332101952,0.12223224951240527,0.14273260928853107,0.07890854553223381,0.0
34.2,-1.7843586793033097,-4.7867882131433355,2.341376560841653,-1.514464619998296,-4.5144646199982965,2.332130557375117,-0.04589035261880835,0.04699316651894317,-0.011125300764001709,-0.010841472900538468,-0.31494898223330603,0.04139110773859897,0.12840322912530483,0.06446136793963694,0.0
34.25,-1.7063575233003196,-4.709955122638423,2.348188239135876,-1.472882291871717,-4.472882291871717,2.3349893424338193,-0.006367411425789182,0.006589800244582329,-0.011762984641807405,-0.07233232238848933,-0.14560597580935106,-0.05072868244403229,0.10611848613252448,0.04992542419270618,0.0
34.300000000000004,-1.6282060676008927,-4.63297446009927,2.354441037538186,-1.4417156183732636,-4.441715618373264,2.337132051236838,0.03484308487985057,-0.035250436986073094,-0.010755526822395936,-0.11701751893903525,0.0503408269864887,-0.13419556815824307,0.05464125551123239,0.03592893129097117,0.0
34.35,-1.5508961996647184,-4.556818697256777,2.359874749255711,-1.4203223354504524,-4.420322335450453,2.3386028394377814,0.07604396122503752,-0.07704091109197438,-0.008098457856772939,-0.14724089112102628,0.2624964216443295,-0.1866360821340444,-0.03591163168522116,0.023171035179292924,0.0
34.4,-1.4753964162013298,-4.482439923501536,2.3642117495997916,-1.4075259169289476,-4.4075259169289485,2.3394825932111347,0.11533498129481419,-0.11694018143973749,-0.0040840810662551115,-0.156830657210663,0.46738645129663237,-0.1976782164823818,-0.16311222619847607,0.012421810747849694,0.0
34.45,-1.4026233409408688,-4.410733585131204,2.367200179048725,-1.4015639898250807,-4.401563989825081,2.3398924756995254,0.1507468082031401,-0.1529021131698558,0.0007169164862619724,-0.13068467904926534,0.6411728146756076,-0.17164383649992387,-0.32225061824379186,0.004522261832144101,0.0
34.5,-1.333414905939363,-4.3425046150769395,2.368661849127519,-1.400036749658342,-4.400036749658343,2.339997473460989,0.18014146698198846,-0.18295608048084086,0.00549455994896981,-0.0631683076947765,0.7719489274375644,-0.11092636509805781,-0.5161748337524439,0.00038432121300461,0.0
34.550000000000004,-1.2685004238502136,-4.278433595167468,2.3685406874197685,-1.3998642396530758,-4.399864239653076,2.339988969471812,0.2011813338521377,-0.20525944201000892,0.009269961619192362,0.02865624632919095,0.8662309405885048,-0.007568237288593127,-0.7559916273216595,-0.0010767997033874332,0.0
34.6,-1.2084589169193842,-4.219036511867011,2.3669367684544906,-1.3976177853286595,-4.39761778532866,2.3398064450579534,0.2115398548958267,-0.2177132932474527,0.01106721602117133,0.11100227464260581,0.9128796678646118,0.12330252583430124,-0.9949637023120066,-0.00701675402429157,0.0
34.65,-1.1536530277349033,-4.164607575917579,2.3640848042387446,-1.390367241496045,-4.390367241496046,2.3392173383715535,0.20949263221352224,-0.21811119961765488,0.010239936806244177,0.1715632614140563,0.8485054696331901,0.2422909029173076,-1.126030773890693,-0.01715683786282792,0.0
34.7,-1.1041567443087865,-4.115162745355587,2.3603038902256155,-1.3758576484442804,-4.375857648444281,2.338038433936098,0.19485692686678135,-0.20547958317723275,0.006866710082690577,0.2141111852650584,0.6557160151055172,0.3147441222451047,-1.098340814627408,-0.030439349483594755,0.0
34.75,-1.0597152573580202,-4.070416302882605,2.355946224928977,-1.3524592077040078,-4.352459207704008,2.3361373106259506,0.16938341544270907,-0.1808819448638791,0.001837882448062538,0.23865172538314405,0.39373924896755674,0.32769840570939013,-0.9445691517810153,-0.04589021658683163,0.0
34.800000000000004,-1.0197561486164992,-4.029802123292924,2.3513383022462953,-1.3191158177793556,-4.319115817779356,2.3334281601945723,0.13598481273843047,-0.146847554927674,-0.0035621858456935606,0.2427126271088837,0.1458225077372008,0.28473979956601014,-0.731025390157247,-0.06261899630843343,0.0
34.85,-0.9834464344249658,-3.992529479791978,2.3467182027927866,-1.2752936098798755,-4.275293609879876,2.3298676058027397,0.09752353947854198,-0.1064862095559463,-0.0081990017833686,0.21889008698729,-0.038380984608954116,0.20510766031905323,-0.5043981665898564,-0.0798188752199332,0.0
34.9,-0.9497773687598744,-3.957655623999597,2.342186779629787,-1.2209294836524216,-4.220929483652422,2.325450520546759,0.05630229641340885,-0.06282863896821644,-0.011329360766678606,0.1597279290120411,-0.1539193972836138,0.11699460871334881,-0.2813891114319788,-0.09676666932851857,0.0
34.95,-0.9176557663093864,-3.9241604631849767,2.337690857857164,-1.1563796429130673,-4.156379642913068,2.3202058459866866,0.014229715079116984,-0.01841797054296901,-0.01260328718374094,0.07182624036619245,-0.22167164406731982,0.040977356503110574,-0.06432540872339464,-0.11282282407702421,0.0
35.0,-0.885983831346681,-3.891013341976842,2.33304338861035,-1.0823681313790492,-4.08236813137905,2.3141924106745475,-0.026923170429226158,0.02478838968396466,-0.012021508908156646,-0.019697208697676286,-0.26734954338091443,-0.018894253752314003,0.14299042538336348,-0.1274314143439252,0.0
35.050000000000004,-0.8537175619550008,-3.857226300298198,2.3279716307709823,-0.9999353684006083,-3.9999353684006085,2.3074947486825494,-0.06550279727856573,0.06523513765808159,-0.009887031265542506,-0.08533496372249036,-0.30869595776094994,-0.06611557043441021,0.3279777246827219,-0.14012014444335255,0.0
35.1,-0.8199027496570823,-3.821892113319654,2.3221780431060663,-0.9103866846929842,-3.9103866846929844,2.300218918131305,-0.10012774877602716,0.10155638306919,-0.006711112344465595,-0.11092327650919889,-0.35341678719191916,-0.09587222679699128,0.4722255986370102,-0.15050034812507687,0.0
35.15,-0.7836937835197841,-3.784208607919439,2.315399694748215,-0.8152408580682439,-3.815240858068244,2.2924883197180446,-0.1297334604686219,0.13258046838261472,-0.003092414967836881,-0.10038071863306125,-0.4043824512342898,-0.09422234853810757,0.5603797233976062,-0.15826698857452173,0.0
35.2,-0.744362830168229,-3.7434929082336192,2.307456780895594,-0.716178649167224,-3.716178649167224,2.284439515244837,-0.15344203114564373,0.15748738109146534,0.0003684525057105249,-0.05939403410601102,-0.4653878602733026,-0.05487946408812877,0.587556776787191,-0.16319865841275627,0.0
35.25,-0.7013063557289287,-3.6991900880961275,2.298285724863996,-0.6149913371914848,-3.614991337191485,2.2762180461468082,-0.1705348300968461,0.17581465964826684,0.0031323593409153315,0.013894289586577846,-0.5439953875476649,0.01222411409194396,0.5621939357671053,-0.16515757969649517,0.0
35.300000000000004,-0.6540539053577193,-3.650880147854843,2.287955731433465,-0.5135292556351215,-3.5135292556351216,2.2679742520203536,-0.18054224244224076,0.1871846979150088,0.004792931465648671,0.1176400487417171,-0.6443473570830547,0.0940381031123996,0.49796633022050574,-0.1640896039181023,0.0
35.35,-0.6022815034382807,-3.5982859177803146,2.2766693311250408,-0.4136503280167867,-3.4136503280167867,2.2598590891513637,-0.18324125313605769,0.19111837103390464,0.005123347874887889,0.23622827265534824,-0.7565879768720223,0.18679539661068106,0.4015212288267241,-0.16002421200558845,0.0
35.4,-0.5458292434385136,-3.5412830842666985,2.2647480295090867,-0.3171686036114991,-3.317168603611499,2.2520199490434343,-0.17860704837644417,0.18723724094685024,0.004092441654768782,0.34863345575152394,-0.8614169523714563,0.2901350738524868,0.27472887904428844,-0.15307451432261135,0.0
35.45,-0.48472001110175933,-3.479911947833852,2.25260449562509,-0.225802793182599,-3.2258027931825985,2.244596476946086,-0.1668146643985346,0.17554169528268532,0.0018679758894487582,0.4410947234601368,-0.9432075734657744,0.3970531273150363,0.1252210712208095,-0.14343725066847496,0.0
35.5,-0.4191745952645422,-3.4143887546713216,2.240703340586331,-0.1411248047136926,-3.1411248047136926,2.2377163903829875,-0.1482583628259892,0.15645435254592172,-0.0011990903571396127,0.5091874212977456,-0.9952868790250101,0.49438873446688636,-0.031065766967601105,-0.131392790278134,0.0
35.550000000000004,-0.34961817956711855,-3.3451130760849295,2.2295137539947407,-0.06450827914047519,-3.064508279140475,2.2314912976801637,-0.12351993079038129,0.13070466496814392,-0.004623260461843884,0.5537912459684147,-1.0155677982030848,0.5689762027142996,-0.17708140327569388,-0.11730513182218497,0.0
35.6,-0.27667407991963383,-3.27266711482989,2.219458990940413,0.0029228739172630913,-2.9970771260827367,2.2260125164942224,-0.09331565174547687,0.09922104828545339,-0.007852507652096568,0.5781423375343933,-1.0002201804511897,0.6120691317756847,-0.30349121681064506,-0.10162190340687839,0.0
35.65,-0.20114260413203056,-3.197803210120654,2.210869359657375,0.060345940423814914,-2.939654059576185,2.221346892340565,-0.058503505502262854,0.06309111748830627,-0.010334708943462828,0.5866779746548276,-0.9426636280162675,0.6211723224272669,-0.4112964138581212,-0.08487436257410666,0.0
35.7,-0.12396584235596804,-3.121417471427409,2.2039460679198597,0.10729086619559491,-2.892709133804405,2.217532617121608,-0.02015896481592468,0.023569088277934542,-0.011586122346174453,0.5838343080458294,-0.8381730833673308,0.6007838365796062,-0.5076614947054953,-0.0676773963014091,0.0
35.75,-0.046182032753394484,-3.044510126430853,2.198742269020463,0.14369172116922546,-2.8563082788307743,2.2145750476550004,0.020357751936831116,-0.017919658816254652,-0.011273626229248525,0.5726489102074586,-0.6887778865749294,0.5619274840386852,-0.6002615400680984,-0.05072952100197868,0.0
35.800000000000004,0.0311250740533517,-2.968135953927635,2.1951647770771685,0.16993816366966996,-2.83006183633033,2.2124425242018395,0.0614086842642797,-0.05979073544231208,-0.009298369120775028,0.5546923772809568,-0.5043892070865615,0.5191583112672641,-0.6942802041007824,-0.03481288252464727,0.0
35.85,0.10687652887916423,-2.893349921315754,2.192995921016742,0.18692690467827466,-2.813073095321725,2.21106218899489,0.10115884339425363,-0.10031739358103532,-0.005848632958864173,0.5320613483861234,-0.2998635802393733,0.4849811272276868,-0.7924975059463543,-0.020793256153901898,0.0
35.9,0.18004483549656705,-2.8211531238609435,2.1919311912159856,0.1961131721009024,-2.803886827899097,2.2103158047668017,0.13766592336061034,-0.1376498414331809,-0.0014003784616962273,0.5092268034313702,-0.09018507520762986,0.464645831833288,-0.8966705543818891,-0.009620046609871409,0.0
35.95,0.2496966324751824,-2.7524424123338735,2.191625879450446,0.19956217503599105,-2.8004378249640087,2.2100355732783257,0.1689017179592687,-0.16984830850746227,0.0033251383047556552,0.49084975595919755,0.11330674171076771,0.4556788506723717,-1.0079399506900206,-0.002326288048332104,0.0
36.0,0.31503404283647807,-2.687964487402654,2.191743181548475,0.2000005542660428,-2.799999445733957,2.210000090068232,0.1927234071757397,-0.19493804977285836,0.0074313961311390266,0.47496610021745084,0.3059998184529766,0.4530842349275375,-1.1272871260532247,5.5716055612597874e-05,0.0
36.050000000000004,0.37543842290657503,-2.6282733905783298,2.191999659528023,0.20076518672295315,-2.799234813277047,2.2101243428424797,0.20692854892139192,-0.21093709713445644,0.009967964171387582,0.4624036188187698,0.46822188091723305,0.46632503903803535,-1.2584399062036953,0.006672791369514064,0.0
36.1,0.43051111433357947,-2.573697416631931,2.1922412337983466,0.20507238020775137,-2.7949276197922486,2.2108242617837597,0.2096174647729863,-0.21592847514907645,0.010170450175873943,0.469518150331826,0.5152425870292477,0.518073524201491,-1.3657460009951508,0.022708861467911595,0.0
36.15,0.4801067281467899,-2.5243182026892064,2.192538343153409,0.21548388589802825,-2.7845161141019714,2.2125161314584294,0.20001922968389488,-0.20858599873623004,0.007831411089071077,0.5073249794024942,0.3972400143975,0.599879904709262,-1.4035140557103147,0.04600451978574903,0.0
36.2,0.5243645053307237,-2.4799539178171552,2.193204827362098,0.2339221301971407,-2.766077869802859,2.2155123461570354,0.17896535276340841,-0.18894951188044248,0.0034897491822974353,0.5790935553923054,0.13732231476433876,0.6854897673291447,-1.3630482432468365,0.07456356185554582,0.0
36.25,0.5637223846947974,-2.4401568848181094,2.1947420136334106,0.2617204307642222,-2.7382795692357775,2.220029569999186,0.14866193283267404,-0.15871044188447198,-0.0017562447107241624,0.6719073504878526,-0.19248704299701935,0.7547378408737564,-1.2675311002927003,0.1065529853073802,0.0
36.300000000000004,0.5989011204445049,-2.4042327905238188,2.197734083555035,0.29967321254422624,-2.7003267874557735,2.2261968970384367,0.11193474720909359,-0.12065007647823946,-0.00669191620715664,0.7631449677162748,-0.5138208953227538,0.7981364331892008,-1.1467880455156303,0.1403029898689187,0.0
36.35,0.6308566921843424,-2.3712811957432445,2.202724997566018,0.3480862237979163,-2.6519137762020835,2.2340640113671615,0.07145177149477394,-0.07786526762186864,-0.010378563563211131,0.8301696890569095,-0.7758207889671022,0.8148861203112409,-1.0162157484484369,0.17430697736538112,0.0
36.4,0.6607073219925597,-2.3402539798981787,2.210111418349818,0.4068267521319223,-2.5931732478680773,2.2436093472214376,0.0294211632534883,-0.033242154020512116,-0.012299340378675382,0.8574485647623468,-0.9606363488258531,0.8101372355760597,-0.8771457965731266,0.20722155171957304,0.0
36.45,0.6896479859530376,-2.3100259168186548,2.220078193806379,0.47537384052875237,-2.5246261594712474,2.2547482490859223,-0.012323592894111599,0.010800847501457232,-0.012332426525234603,0.841087358468858,-1.0721369227668718,0.7906591675401766,-0.7276000159757088,0.23786651895187091,0.0
36.5,0.7188677013896517,-2.2794686744326254,2.232585568040445,0.5528685033767795,-2.4471314966232205,2.2673411317987267,-0.0521591313047111,0.05237607831597528,-0.01067547322282935,0.7887841422107781,-1.1236687388275683,0.7612692142094383,-0.5698051377156769,0.2652248871802098,0.0
36.550000000000004,0.7494813883071262,-2.247518452790176,2.247400459350015,0.6381639425003349,-2.361836057499665,2.2812016406563043,-0.08859677837119259,0.09008044843328261,-0.007765638158629743,0.7160461505390571,-1.130807461650039,0.7230689153298849,-0.4108879938785831,0.2884428666201124,0.0
36.6,0.782481361701928,-2.2132294578582243,2.2641544839686447,0.7298757631896429,-2.270124236810357,2.296104811518317,-0.12031995996879181,0.12289931585579132,-0.004189786729922564,0.6405928636061006,-1.1085512418256633,0.6737487344710994,-0.25927043505214564,0.3068298695846588,0.0
36.65,0.8187072158308782,-2.1758096257599373,2.282409858427444,0.8264321902309233,-2.173567809769077,2.311795230912525,-0.1462809696724488,0.1500764262515531,-0.0005791302304082689,0.5756849683776797,-1.06984251120731,0.6106865289515266,-0.12119186989066044,0.3198585104845108,0.0
36.7,0.8588292073574836,-2.1346395405078398,2.3017183431032615,0.9261242839363824,-2.0738757160636174,2.3279951961396623,-0.16577235440286348,0.1709802469843377,0.0024959349929385617,0.5242337883598528,-1.0231436336246886,0.5354155873278021,-0.00027781854826369745,0.3271646058278985,0.0
36.75,0.9033395895224797,-2.089278603920489,2.3216645595318415,1.0271561561741878,-1.972843843825812,2.3444128753783056,-0.17841216703424423,0.18504429456642493,0.004602311274855377,0.4779324897414101,-0.9701243097556373,0.45485384184351285,0.10082533275615879,0.32854717422062096,0.0
36.800000000000004,0.9525477815290181,-2.0394635431104833,2.341890706442034,1.1276951863985913,-1.8723048136014087,2.3607504677897713,-0.18406034314651282,0.19183599951401636,0.005478842161676633,0.42373567276512936,-0.9068378547163269,0.37633964404829157,0.18053175247903086,0.323968436366051,0.0
36.85,1.0065776260865726,-1.9851035289626795,2.3621036975837595,1.2259222376798358,-1.7740777623201642,2.3767123636229734,-0.18274642062443563,0.19118612521655864,0.0050439524584876844,0.35281840820963534,-0.8289304754062101,0.3008583559288706,0.24139501928515933,0.31355381506513386,0.0
36.9,1.0653671625524717,-1.9262743145428438,2.3820679806809744,1.3200818727342778,-1.6799181272657222,2.3920133043193204,-0.17465490737304443,0.1832438567352002,0.0033940868025211187,0.2642909192826381,-0.7366967985239623,0.22180304223360858,0.29269209505786276,0.297591935216385,0.0
36.95,1.1286725602799237,-1.8632117996784054,2.4015882882864563,1.4085325699543654,-1.5914674300456346,2.4063865426175846,-0.16010684006352968,0.16837894539847711,0.0007852389566282854,0.16170133605450862,-0.6329896600438344,0.13074318235456991,0.34584008556934065,0.27653462381588745,0.0
37.0,1.1960780099808206,-1.7963039676050654,2.4204869212401876,1.489796939438622,-1.5102030605613779,2.419592002658776,-0.13949569868370537,0.14702113160652075,-0.002407120473179314,0.047377416512915715,-0.5140703386620853,0.024784720877905397,0.4029430805037082,0.2509969099573062,0.0
37.050000000000004,1.2670127200759893,-1.7260795010510823,2.438580236916135,1.5626119390217568,-1.4373880609782432,2.4314244400910354,-0.11328383486939576,0.11964112613996354,-0.00572476590940592,-0.07919652121711127,-0.3670120454645669,-0.09065217107043924,0.4525088352573243,0.22175702483186363,0.0
37.1,1.3407749587804896,-1.6531915476933388,2.4556588937034682,1.6259790903045948,-1.3740209096954052,2.4417216021744967,-0.08212351993229527,0.08694573549268099,-0.008657375078844055,-0.2171460773417951,-0.18257628051827382,-0.2055418228698084,0.4814497440780473,0.18975640172836883,0.0
37.15,1.4165616896878837,-1.578395968227226,2.4714759353198765,1.6792146946841724,-1.3207853053158276,2.450372387886178,-0.04693580458413962,0.05007038203456377,-0.010703992418053514,-0.3570542366378358,0.030228367856283522,-0.3129205600502329,0.48931071406681853,0.1560996760331914,0.0
37.2,1.4935011701137766,-1.5025246452780643,2.4857457816555444,1.7220000493837215,-1.2779999506162785,2.457325008024855,-0.008812417895755967,0.010519450274762282,-0.011459941502851166,-0.47708018287813686,0.24650177380210764,-0.4142964750227534,0.4861173720703596,0.12205468523027019,0.0
37.25,1.5706852119776071,-1.4264557601478525,2.498155614976602,1.7544316634826855,-1.2455683365173145,2.4625951453159365,0.03111346896275645,-0.03018482511207184,-0.010677351308129527,-0.5515340838694122,0.44634964317193004,-0.5130215156247447,0.47255958567279444,0.08905246890113065,0.0
37.300000000000004,1.6471981021590196,-1.351083650176096,2.5083888414538063,1.7770714739467708,-1.2229285260532292,2.4662741145163505,0.07155891716125573,-0.07082975035302307,-0.00829810616126478,-0.571493071370215,0.6317631549387159,-0.5957688318325414,0.42489919998396153,0.05868726872485167,0.0
37.35,1.7221404867474848,-1.27729025890614,2.516158878305805,1.7909970616579383,-1.2090029383420617,2.468537022519415,0.11080642286477865,-0.11029889114255396,-0.004516278069963521,-0.5521143813649568,0.8114787642729476,-0.6277625376717205,0.31179544570132645,0.03271652847809852,0.0
37.4,1.794648687462923,-1.2059188271724959,2.5212507558895765,1.7978518674444544,-1.2021481325555456,2.469650928459724,0.14676106289899887,-0.14697212910081442,0.00016809780998975992,-0.5061819644850476,0.9744244985361125,-0.5817586229111796,0.12247487658853673,0.013060894035098719,0.0
37.45,1.863912335420904,-1.1377491069809293,2.5235678829839183,1.7998954081108844,-1.2001045918891156,2.469983003818019,0.1772911359815651,-0.17857829226383923,0.005002492874725345,-0.41882654102952627,1.0931425724840278,-0.46474242114254655,-0.13434163834610674,0.0018042133676520456,0.0
37.5,1.929195407180897,-1.0734716318379356,2.5231816526751993,1.8000521579272957,-1.1999478420727043,2.4699990220388632,0.20013959999549366,-0.20270400557888987,0.009057078202298091,-0.2719828741199648,1.1455338519847795,-0.29645304008021,-0.4479257622776095,-0.00013229467369693358,0.0
37.550000000000004,1.98986914427283,-1.0136544394538671,2.5203734913009126,1.8017339881164847,-1.1982660118835153,2.469967487722816,0.21280616558057885,-0.2172167233122415,0.01131699868069542,-0.09542897340215284,1.1230296867835072,-0.09348966752163945,-0.7773662899624157,-0.0013202285162515072,0.0
37.6,2.0454743002213482,-0.9586865238607962,2.515619292099796,1.8079962099255993,-1.1920037900744007,2.4698500710638953,0.21324944911336297,-0.22019775265806274,0.011007771121603825,0.06546164386012931,0.9896270165232726,0.12105234906802853,-1.0282383774866108,-0.0035244980994455634,0.0
37.65,2.095805802148201,-0.9087062934375069,2.509525611492002,1.8212129742168655,-1.1787870257831345,2.469602256733434,0.20088520112695102,-0.21029682879545947,0.008033713743567624,0.2012968080289929,0.731352564743856,0.30688624707637485,-1.1366394184900004,-0.006496286788952445,0.0
37.7,2.140980409778171,-0.8635517986994808,2.502760877015553,1.8431208544299023,-1.1568791455700977,2.4691914839794395,0.17693606244188514,-0.18778923964017868,0.0031194237659314932,0.31540388406899483,0.38702445813311886,0.42959915190720693,-1.0988428024448627,-0.01000622815214098,0.0
37.75,2.1814568246232606,-0.8227548349296163,2.4959773716454796,1.8748707137862277,-1.1251292862137723,2.4685961741165086,0.14408797929532755,-0.15483318391473594,-0.0024659843242607793,0.40219802554805495,0.03579908371154783,0.48058253526862793,-0.9617828679743015,-0.01384440595807349,0.0
37.800000000000004,2.218000644724549,-0.7855792343257914,2.4897249215795236,1.9170795724938041,-1.0829204275061959,2.4678047580157414,0.1054827006442653,-0.1146100898511848,-0.007451833825896455,0.4523139898339696,-0.25162064859814104,0.46985557919867504,-0.7798356436669748,-0.017820354177509393,0.0
37.85,2.251606603301605,-0.7510892790586081,2.484374532564648,1.9698824749515211,-1.0301175250484789,2.4668147035946593,0.06383874973858783,-0.07044056398121884,-0.010959515935657305,0.4575181385939122,-0.44563831667123094,0.41937553408095746,-0.5853881842497155,-0.02176305698290097,0.0
37.9,2.283399956416316,-0.7182315018100521,2.480076720676307,2.032984356953756,-0.9670156430462444,2.465631543307117,0.021254789512987465,-0.025246488735156197,-0.012576787012933544,0.41611742769124466,-0.5541172397108871,0.35529831257683325,-0.3904562080463054,-0.02552094874839724,0.0
37.95,2.3145402780887796,-0.6859155081101881,2.4767671755267417,2.105711912894879,-0.8942880871051209,2.464267901633221,-0.02055993881422478,0.01868627701653655,-0.012276440487142357,0.3388901340996089,-0.6035354862039932,0.2976694997991468,-0.19960610879965113,-0.028961914049842198,0.0
38.0,2.346144518649289,-0.6530832295123635,2.4742137401855326,2.1870654629737403,-0.8129345370262595,2.4627425225692425,-0.060033743870713044,0.05971003355314111,-0.010329554292056847,0.24994484522109855,-0.6227545053125915,0.25356594195880744,-0.019047291110021625,-0.031973287664773385,0.0
38.050000000000004,2.3792356651597704,-0.6187608992013124,2.4720868955239474,2.2757708203982623,-0.7242291796017375,2.4610792971175326,-0.09567595889193126,0.09665082695254763,-0.007232583792812843,0.17911363941032124,-0.634422061544954,0.21901885083358888,0.14119010079251396,-0.03446185457242524,0.0
38.1,2.4147141874328995,-0.5820929856458106,2.470034379836238,2.3703311585898685,-0.6296688414101314,2.45930629077644,-0.12620938364036205,0.12856292943558265,-0.0036106223136955786,0.1473321498809364,-0.6520613937799069,0.19000404248918779,0.2691531280656251,-0.036353849953725675,0.0
38.15,2.453344586049227,-0.5423610749226071,2.4677456127373487,2.46907887838809,-0.5309211216119101,2.4574547710302235,-0.15070686894959634,0.15456178339707985,-9.626470100372886e-05,0.15586701646789153,-0.6805024477636734,0.17209696707122674,0.3542396248741267,-0.03759495919129876,0.0
38.2,2.4957486880455773,-0.4989926892312034,2.4649983318762527,2.57022747525505,-0.42977252474495,2.4555582348389677,-0.16856059426782802,0.17385992701366587,0.0027650687700167867,0.1912034543026753,-0.7182953795691263,0.17625414069535086,0.39029991687515675,-0.038150317869463275,0.0
38.25,2.542399370395209,-0.45156529386442346,2.461685217856983,2.671923406479938,-0.3280765935200617,2.453651436128501,-0.17936485328340748,0.18592030969916282,0.004561911421608145,0.2401705466551151,-0.7619893994440063,0.20535656475590242,0.37878548778207816,-0.03800451177423281,0.0
38.300000000000004,2.5936115407791354,-0.3998095820033666,2.457821432407424,2.7722979583836325,-0.2277020416163673,2.451769413280307,-0.18290570702141767,0.19050577144597333,0.005052910905484635,0.2965897593625073,-0.8103375950664217,0.25001772267829814,0.3309188033703053,-0.03716157689331612,0.0
38.35,2.64953021662586,-0.34361417344775325,2.4535353674116798,2.8695191135231024,-0.13048088647689715,2.449946516621442,-0.17919392597092731,0.18754575679545035,0.004195383344715462,0.35473914860102135,-0.861166280099491,0.29799526448176433,0.2621190955701525,-0.03564499941611734,0.0
38.400000000000006,2.710117861046692,-0.28303188368182414,2.449045336272231,2.9618434178960453,-0.03815658210395445,2.4482154359144492,-0.16841750951649195,0.17702531798363655,0.0021392849540876413,0.4035438507570415,-0.9037947269138711,0.34274015784018613,0.18159607127465222,-0.033497715733734904,0.0
38.45,2.775144749063846,-0.21828600327733003,2.4446252603646665,3.047667848145294,0.047667848145294345,2.4466062278472758,-0.150898677351133,0.1590902927108108,-0.000798541462268795,0.43059957758299605,-0.9206909337476896,0.3818731230128767,0.09111495130174374,-0.030782112438963356,0.0
38.5,2.8441867115333515,-0.14977369634194185,2.440563151794113,3.1255816787634334,0.1255816787634334,2.4451453435231856,-0.12712254237083326,0.13423132837007404,-0.004164744298193352,0.429619971332826,-0.8976421943082913,0.41193250459700864,-0.007435077647334032,-0.027580026326291477,0.0
38.550000000000004,2.9166338365984505,-0.07806288279240249,2.437117297260734,3.1944183492972726,0.19441834929727286,2.443854655950676,-0.09777682274726762,0.10334720599841907,-0.007418137814668994,0.4035013308413698,-0.8308975678569036,0.4268310934340914,-0.10708078401586041,-0.023992744391902687,0.0
38.6,2.9917117913166713,-0.003879334956820886,2.4344761019065078,3.253307331552344,0.2533073315523444,2.4427504875333934,-0.06375120853062886,0.06766499204453191,-0.01000248437575395,0.3625923762166144,-0.7264939257654079,0.4200926367752047,-0.1979936587903306,-0.020141003833677135,0.0
38.650000000000006,3.0685148298251264,0.07191775247567059,2.432727895551954,3.301725996797487,0.30172599679748724,2.4418426375600473,-0.02610658272846939,0.02859491711123864,-0.011428542369336735,0.32076211683503497,-0.5941981372577746,0.3881676634084896,-0.27412154541767053,-0.01616499205118787,0.0
38.7,3.1460471766841787,0.14837116118206256,2.4318460421882664,3.339551482969304,0.3395514829693038,2.4411334096943254,0.013932669369079756,-0.012407238945154867,-0.011347373659912521,0.29028824214913623,-0.4410214521731517,0.3338830015344785,-0.3390140830082725,-0.012224346645705039,0.0
38.75,3.2232680957051874,0.22446920735955114,2.4316923164840536,3.367112561876722,0.36711256187672237,2.440616639464811,0.05492142878708177,-0.05390518714522277,-0.0096135479144393,0.2764434501556333,-0.2696316114166292,0.2692797478327262,-0.4056367820223841,-0.008498155420192532,0.0
38.800000000000004,3.299136120071522,0.29919330906063124,2.4320382718257196,3.385241506405503,0.3852415064055035,2.4402767217548966,0.09512037097305198,-0.09443854665026861,-0.006345374035057068,0.2750936913059566,-0.08267070931574749,0.21476057751950478,-0.4896083748660663,-0.005184956379308911,0.0
38.85,3.372649652783188,0.3715654999974708,2.432601208592376,3.3953259577227506,0.3953259577227508,2.4400876382926984,0.13252372396940665,-0.13239881678513735,-0.0019627367026362526,0.27729180747970683,0.11257733344586959,0.19115694331420977,-0.6017572856376877,-0.002502737729409612,0.0
38.900000000000006,3.4428838979571164,0.4406932567892494,2.4330892801440744,3.3993607924814464,0.3993607924814464,2.440011985140973,0.16500609227198462,-0.16590900265389322,0.002838384482956227,0.27914201870622307,0.30472673439873316,0.20727112257237407,-0.7456563444468183,-0.000688937878543146,0.0
38.95,3.5090269064298347,0.5058112166444517,2.4332495915486607,3.399999990024958,0.399999990024958,2.440000000187032,0.19042267584025774,-0.1927983293060668,0.007173868531895353,0.2866288377837607,0.4822265999862419,0.2535714536103373,-0.918669945546887,-4.4543645445277177e-07,0.0
39.0,3.5704195449094644,0.5663216380166733,2.4329134599124607,3.400629994813849,0.40037799688830944,2.44,0.20656022788292383,-0.21072542313704673,0.010081272240134736,0.2909777923159632,0.622700798930321,0.32797304156439655,-1.1008240518618488,0.0,0.0
39.050000000000004,3.6266045254173047,0.621835597561961,2.432033899827119,3.404976726541495,0.402986035924897,2.44,0.2115953580396249,-0.21738743358759582,0.010770711066700259,0.2625087669388956,0.6526128999793789,0.44650458027151396,-1.2152762150618275,0.0,0.0
39.1,3.677386458890837,0.6722072421514993,2.430704645845356,3.416143643300975,0.40968618598058515,2.44,0.20542653705388683,-0.21106518111909556,0.00910726200160463,0.22926841708662893,0.5464944601019018,0.5644605850991611,-1.2202940538342162,0.0,0.0
39.150000000000006,3.7228880822420383,0.7175417783570713,2.429147375060123,3.4364978744294876,0.4218987246576927,2.44,0.1897596712615344,-0.19130689804810835,0.005723082427327324,0.2259560609417821,0.3482146431114316,0.630865206472296,-1.133297867768594,0.0,0.0
39.2,3.76357487076939,0.7581718335219588,2.427665651724696,3.4677259596286003,0.44063557577716034,2.44,0.1670362866961335,-0.1593147330741302,0.0016446822657693102,0.2589147478752494,0.11671423056772456,0.6257359173035526,-0.9851779145998456,0.0,0.0
39.25,3.8002330803029434,0.7946153277219143,2.4265739714962073,3.510889589526251,0.46653375371575073,2.44,0.13963374345579854,-0.11774575988586776,-0.0021123600640177292,0.3072444171874718,-0.09908079396568648,0.5618668830365299,-0.8034629143669334,0.0,0.0
39.300000000000004,3.833905945347157,0.8275285619584373,2.426121681910368,3.5664813462387284,0.4998888077432372,2.44,0.10949900515082082,-0.06991494810886119,-0.004793708486736156,0.34667001690305044,-0.2699904071841077,0.46369027129129314,-0.6079380033490249,0.0,0.0
39.35,3.8658050483163406,0.8576609851288095,2.426435179116819,3.634480443932625,0.5406882663595749,2.44,0.07807077825070928,-0.019074712851193457,-0.005985275655042655,0.3637397604739605,-0.38803529526328323,0.35382715996216135,-0.4106716823033015,0.0,0.0
39.400000000000006,3.8972166358738516,0.8858124487075625,2.427493975156521,3.7144084693868766,0.5886450816321261,2.44,0.04642313556145823,0.031939997152759685,-0.005573143857651197,0.35586915628751364,-0.45943094092148273,0.25130379779885725,-0.22074183999872443,0.0,0.0
39.45,3.9294189921639235,0.9127926037351849,2.429142640877966,3.8053851225546733,0.643231073532804,2.44,0.01547563036407901,0.08083176890184463,-0.00367497898806245,0.3277457113734904,-0.497198816254657,0.17146444115347503,-0.047035320064088504,0.0,0.0
39.5,3.963619800182236,0.9393836889725025,2.431129654342776,3.906183957125511,0.7037103742753067,2.44,-0.013833716147816737,0.12586143947531866,-0.0005928220728080749,0.2911388944391514,-0.5167417562627152,0.12173150069515631,0.10240906540760875,0.0,0.0
39.550000000000004,4.000914823606973,0.9663091726279154,2.4331596076262247,4.015288121087152,0.7691728726522911,2.44,-0.04049696168458923,0.165787667179152,0.003218223620219196,0.2651470281551792,-0.5333670992644977,0.09745616989240544,0.22219521784943094,0.0,0.0
39.6,4.042263720529712,0.9942102903353317,2.4349461169974354,4.13094609728755,0.8385676583725304,2.44,-0.06355396898236952,0.1996808338366284,0.007208455984176074,0.2687642006848247,-0.5594692036843676,0.08701500843186682,0.30981384056836847,0.0,0.0
39.650000000000006,4.088476265500101,1.0236309930668064,2.4362564700956217,4.251227443996951,0.9107364663981706,2.44,-0.08226895630875053,0.22667956795234884,0.010832851502678303,0.3076695359742525,-0.5998310965497959,0.08456384534213454,0.3627918683639517,0.0,0.0
39.7,4.140201578594402,1.0550106939972141,2.4369500006548077,4.374078535469736,0.9844471212818415,2.44,-0.09617984264176246,0.2443328569247059,0.013635140715777259,0.6774893081253713,-0.9562596813701825,-0.21316768078627887,0.6844513490717948,0.0,0.0
39.75,4.197869893561839,1.0886830330111181,2.4370154029340494,4.4973783025065295,1.0584269815039176,2.44,-0.104963906583779,0.246765413535604,0.015251388597255718,0.523243972903549,-0.7765553429880748,0.03332011448020944,0.43312676752729495,0.0,0.0
39.800000000000004,4.261581679717626,1.1248700790324913,2.4365316445131744,4.618993973016128,1.1313963838096766,2.44,-0.10881278815007193,0.23842375916950118,0.015621900576894795,0.2559686137987216,-0.494396375729617,0.3977846166111734,0.05747331782382076,0.0,0.0
39.85,4.331191019996478,1.1636848955094987,2.4356719663121673,4.7368368125774305,1.2021020875464583,2.44,-0.1079689079432176,0.22726901134686978,0.014882264531125573,0.10291480029739586,-0.34793290939417243,0.6366254984603728,-0.18583029986374655,0.0,0.0
39.900000000000006,4.406474173352548,1.2051289248405912,2.4346511302689144,4.848917865001544,1.2693507190009266,2.44,-0.10245074636837062,0.21832345964228123,0.01316507457978594,0.20037032299019292,-0.45858827890406506,0.5998234967490564,-0.16015386341760496,0.0,0.0
39.95,4.487233331376744,1.249085294577119,2.433660264192282,4.9534036928936285,1.3320422157361773,2.44,-0.09230043942099134,0.20892391165813032,0.01058777129744997,0.6926308127598231,-0.9556295219488029,0.13630063498756242,0.2718479640854159,0.0,0.0
40.0,4.573225547013537,1.2953186902083864,2.4328775180271838,5.048672118214997,1.389203270928998,2.44,-0.07772680931664379,0.18875413572174993,0.007384115437979619,0.7817857006700687,-1.040485732596106,0.041079394883268755,0.31808468298772874,0.0,0.0
40.050000000000004,4.66394822597396,1.3434789848351056,2.4324690386752943,5.1333679628450435,1.440020777707026,2.44,-0.05911268131750032,0.15526562433352237,0.003993501372122137,0.6614423192430403,-0.8994684111375902,0.12081609128377799,0.17102876739288972,0.0,0.0
40.1,4.758565873342648,1.393111233779973,2.4325641425421747,5.206458789143194,1.4838752734859164,2.44,-0.03717648674347249,0.11132335358589317,0.0009928163863596657,0.4864177435870515,-0.6864223625924006,0.22506467477478093,-0.011739785617691512,0.0,0.0
40.150000000000006,4.855978092773028,1.443672744462109,2.43323113948765,5.267290640510975,1.5203743843065851,2.44,-0.012751610623282481,0.06112943045232476,-0.0011020609666551958,0.3318460968240239,-0.4794501706926977,0.2868803474467584,-0.15327251794839314,0.0,0.0
40.2,4.954926137623108,1.4945535107454484,2.434447564440391,5.315643781953903,1.549386269172342,2.44,0.013375286574085326,0.00826616929914515,-0.0019509808979490874,0.21975725416920794,-0.29889471471577345,0.29670539771579363,-0.24131491022906526,0.0,0.0
40.25,5.0540885013543795,1.5451010564514378,2.4360878426435635,5.351788440643546,1.5710730643861273,2.44,0.04039147159574336,-0.0447000077226235,-0.0014040862623454745,0.14935938471138288,-0.13862029282351318,0.2713418040338067,-0.2963338166333698,0.0,0.0
40.300000000000004,5.152151930614863,1.5946493786550162,2.4379375016272595,5.376540546479454,1.5859243278876725,2.44,0.06731826953064449,-0.09595848014714053,0.0004925151178828306,0.11048226015303775,0.014717716920994772,0.237835573198791,-0.349519883959151,0.0,0.0
40.35,5.2478609005106325,1.6425497769383461,2.4397274181943613,5.391317472651167,1.5947904835907,2.44,0.09292063201881413,-0.14398601742872674,0.003470244548059758,0.08820966302832717,0.17139157895626667,0.22528508546473663,-0.4293011112781317,0.0,0.0
40.400000000000006,5.340054330555126,1.6882012744455548,2.4411782811083174,5.398193776200187,1.5989162657201121,2.44,0.11573535466368531,-0.1870819588370203,0.0070230572242135575,0.0700954536014326,0.3317275331380124,0.25445657292444346,-0.5515655702855189,0.0,0.0
40.45,5.4276983850839295,1.7310792799883885,2.4420476835378206,5.3999569385819655,1.599974163149179,2.44,0.13417840687946714,-0.22309141830784368,0.010445123494094412,0.054233975644103316,0.4841027109678247,0.32772165396092356,-0.7151310757696325,0.0,0.0
40.5,5.509922989542733,1.7707617180123578,2.442181099009973,5.400239566526279,1.6,2.4399784390126347,0.14660089359298953,-0.24822049728207626,0.012912580839635895,-0.28646572003696824,0.9282281092880427,0.7594706142934866,-1.2185400901752597,-0.0021121575626494356,0.0
40.550000000000004,5.586110905101576,1.8069529932506319,2.441566140190073,5.4042125035945245,1.6,2.4396208746764927,0.15168149030938297,-0.254406392212542,0.013693320119446224,-0.07677612718511939,0.6450664782482689,0.6215796170928302,-0.9997236649052327,-0.013716014835772039,0.0
40.6,5.656077373395505,1.8395215121157755,2.440228807071949,5.416945547303631,1.6,2.438474900742673,0.15046897590457195,-0.2459083940213914,0.012917674021950747,0.23830895945898423,0.12414138632946936,0.32228159514496235,-0.5074956705016354,-0.03324314915218849,0.0
40.650000000000006,5.720003970244027,1.8684823383344722,2.4382188556598905,5.442184502871222,1.6,2.43620339474159,0.14554377083249898,-0.23020824645969123,0.011325714110821233,-0.2605849265619812,0.4219408223074759,0.7707565439179914,-0.7768572208524464,-0.0583672545098532,0.0
40.7,5.778302076169013,1.8939409089070525,2.435602920855004,5.4824416987934,1.6,2.432580247108594,0.13945754549022704,-0.2009610913306263,0.009643063988715221,-0.4966753380232276,0.5412162530952609,0.892136773121091,-0.8031306288141855,-0.0869741207133721,0.0
40.75,5.8317230057682465,1.916042710159944,2.4323962032678024,5.539113817848466,1.6,2.427479756393638,0.1335590622682265,-0.15462828113679075,0.008263854473633954,-0.44891057139004253,0.45564088322864205,0.6779256811500942,-0.5683895269632875,-0.11716163337402545,0.0
40.800000000000004,5.881425823126382,1.9349398731980785,2.428527334329848,5.612599728100626,1.6,2.4208660244709437,0.12830564953683832,-0.09474886822147216,0.007316156326730303,-0.2898372124043329,0.3021482499978302,0.3220571863000251,-0.23003736035258937,-0.14723977390975818,0.0
40.85,5.928872698302544,1.9507768690648823,2.423840929896278,5.702418313903652,1.6,2.412782351748671,0.12362184296707625,-0.027619061341344387,0.006772963422812046,-0.13055399976774207,0.16682646381938482,-0.03767335238671517,0.09879817589917785,-0.17573061954516606,0.0
40.900000000000006,5.975664116417472,1.9636933083588377,2.4181051628117327,5.807326306904654,1.6,2.403340632378581,0.11910742822460718,0.040630763676775476,0.006568126645155715,-0.010641907351802149,0.07107751467881313,-0.3321703523363771,0.366602065798633,-0.20136834331152498,0.0
40.95,6.02339054796512,1.973831011136208,2.411036843746139,5.925436117047691,1.6,2.392710749465708,0.11441244270632607,0.10512716352470237,0.006676492245578234,0.07495236369356528,0.0043779903615629445,-0.5372376006898872,0.554511671054463,-0.22309921404675945,0.0
41.0,6.073529297619892,1.9813361464407722,2.402352017003886,6.054333663577568,1.6,2.3811099702780187,0.1093014296977524,0.1624386405804286,0.007105498261427643,0.14829786411435064,-0.05641317842757232,-0.6505701982829922,0.6614031072940524,-0.24008159639546894,0.0
41.050000000000004,6.127386468962729,1.9863556243916956,2.391829745149413,6.191196206043497,1.6,2.368792341456085,0.10361410827815229,0.21035514928389495,0.00787858815728321,0.23342513486637773,-0.1426479544861745,-0.6808028821823727,0.7036269347974199,-0.2516859508089142,0.0
41.1,6.186069545373976,1.989030831528292,2.379372768351675,6.332910175302741,1.6,2.356038084222753,0.09745858881328165,0.24703299649365124,0.00896374505405657,0.7057124273566483,-0.6283645141069674,-0.9999737654527773,1.0515755906755055,-0.25749483354501485,0.0
41.150000000000006,6.250458601146939,1.989487047713936,2.3650997296867895,6.476189004524448,1.6,2.3431429895927995,0.09132117715972703,0.26402227222280555,0.010173006181126504,0.8539755106347939,-0.7773874257794947,-0.9116981062703853,0.981001689085089,-0.2573028966683593,0.0
41.2,6.321036341819899,1.9878358614859133,2.3493091469852003,6.617690960193195,1.6,2.3304078135826125,0.08544731608984985,0.2593994142741533,0.011303959569588224,0.5405139214824891,-0.43738893501818393,-0.3008860705722397,0.3589914869699521,-0.2511168880501982,0.0
41.25,6.397832910511838,1.9841786060502635,2.3324494072701936,6.754136973112835,1.6,2.3181276724198447,0.07935833266505689,0.24415746303812802,0.012387230553360443,0.2956766592947796,-0.1766999550707844,0.27676148344899787,-0.21965711894422996,-0.23915565136844635,0.0
41.300000000000004,6.480644004956765,1.978610554973931,2.3151377205000885,6.882428469410131,1.6,2.306581437753088,0.07293868394574411,0.22862309766278535,0.013415083651124976,0.27186416089720983,-0.1546693461437636,0.6367620369873961,-0.5634435866445189,-0.22185012610767865,0.0
41.35,6.569236694332966,1.97123666093065,2.298033872089626,6.999765201538409,1.6,2.296021131861543,0.06630447672048292,0.2170405813195136,0.014370033596214091,0.9526807426615551,-0.8411646897313725,0.26886939770925294,-0.17635283458977896,-0.1998433475591418,0.0
41.400000000000006,6.663410726363706,1.9621780463922844,2.2817666233029925,7.103763079281384,1.6,2.286661322864675,0.05951978553833836,0.19773816693498036,0.015231527969473581,1.4959290361417232,-1.3916196598003794,-0.003761762724049364,0.11564277742865149,-0.1739904468207355,0.0
41.45,6.762742951217416,1.9515663313360723,2.266958081750055,7.192572000756729,1.6,2.278668519931894,0.05295195737558671,0.15926795991017179,0.015831600825557363,1.5217101431286864,-1.4148994899779548,0.17951747154204412,-0.06193325304218267,-0.14535865079703642,0.0
41.5,6.8662885855745905,1.9395422941946168,2.254147267472541,7.264993683419881,1.6,2.2721505684922105,0.04664599401786064,0.10297861430289798,0.016068378165924067,1.3270463963906793,-1.2083243937957313,0.5091909793320034,-0.40070975536510867,-0.11522728219927329,0.0
41.550000000000004,6.972588683629178,1.9262576177986166,2.2437398458894413,7.3205994950676985,1.6,2.2671460454439067,0.04034888295788678,0.03567579925021988,0.01591851385394982,1.0908946694639403,-0.9666138935721595,0.8014696426270815,-0.7012075087399576,-0.08508775954533941,0.0
41.6,7.079849265531551,1.9118781066484787,2.23595116889099,7.359848284842145,1.6,2.2636136543642067,0.03393559437368124,-0.03555082305634674,0.015356054789027084,0.8736789337227095,-0.7569695437904291,0.9995852169877457,-0.900089660177164,-0.05664359715980341,0.0
41.650000000000006,7.186152591902838,1.8965827738152323,2.230759282806662,7.384204214234034,1.6,2.261421620718937,0.027459097658816434,-0.10512437082742003,0.01437627092219264,0.672378064430424,-0.5741435583625922,1.1190320931542075,-1.0150631404299497,-0.03181040517388163,0.0
41.7,7.289639610583565,1.8805565375404054,2.2279117446384276,7.396254588086697,1.6,2.2603370870721973,0.02105577069646949,-0.1688078709123047,0.01302308080990714,0.4664073519938374,-0.3946378161721875,1.1972812615296238,-1.08588507313115,-0.012715889525469747,0.0
41.75,7.388648185530513,1.863979732348507,2.226982554430791,7.399827685599709,1.6,2.260015508296026,0.014900382493684925,-0.2229541367695124,0.011393209892640846,0.239822748760516,-0.1999717935573071,1.2644221902839252,-1.1439283753107943,-0.0016998519591147837,0.0
41.800000000000004,7.481816806348303,1.847018580616487,2.2274761062817636,7.400057620028549,1.6000576200285488,2.259990276620182,0.009164103360883665,-0.2605937390629183,0.009630309549591215,-0.547301570791912,0.5623649067619096,1.862840664449672,-1.7422940836896896,-0.0012628835285531858,0.0
41.85,7.5682687148508965,1.8298212691434794,2.2289526090506855,7.401762368700474,1.6017623687004743,2.259702600281795,0.003940714249640869,-0.26923098569194986,0.007929365692441915,-0.2017054126388318,0.36989413450910014,1.289096382607678,-1.3454171860310693,-0.011924331333203798,0.0
41.900000000000006,7.6478777452212965,1.8125293310283468,2.2309144484651835,7.408006196289947,1.6080061962899468,2.2586489543760715,-0.003015813597728881,-0.2569995359949326,0.005863735752433058,0.3982293312848979,0.048347927972714255,0.42304565121353555,-0.7876072857497843,-0.031524760685148714,0.0
41.95,7.721041452443269,1.795326937245041,2.2329370983317056,7.421111010778034,1.6211110107780335,2.2564375169312068,-0.015366734816934782,-0.23868313446962244,0.0026897812877105806,0.7059823983267134,-0.07903418373738899,-0.1880958609680302,-0.4038605640780676,-0.05788726186136101,0.0
42.0,7.7883048735898175,1.7785165248968184,2.234645581677155,7.442778753856919,1.642778753856918,2.252781085286645,-0.035498269716196615,-0.22352176611113087,-0.0019079372922673678,0.6518788480694524,-0.036254091594398574,-0.4667680711086084,-0.18124106935529077,-0.08900397213488073,0.0
42.050000000000004,7.8501446236648,1.7625682775825187,2.235611220599646,7.474141488928734,1.674141488928734,2.247488623743276,-0.06360927888796754,-0.2120014416531714,-0.007789906094495188,-0.2194006209930927,0.6630778254927452,0.06414011966389449,-0.624688503051976,-0.12303607577480939,0.0
42.1,7.906972516461028,1.7481179156842992,2.2353790184750784,7.5158114891043795,1.7158114891043792,2.240456811213636,-0.09797735782355221,-0.19154003466314082,-0.014291773589635156,-0.6352261840330217,0.827213184071913,0.1605200208642421,-0.5606563237556448,-0.1583138040462927,0.0
42.150000000000006,7.959362312456653,1.7359248011441377,2.2335375186184065,7.567931325202383,1.7679313252023825,2.2316615888720976,-0.13551074518597406,-0.15751989427500077,-0.02020079620402591,-0.6884000033613827,0.655655066678032,-0.05670447950637092,-0.19912969721504226,-0.19333643521055446,0.0
42.2,8.008154931190079,1.726809596686132,2.2297217758990366,7.630223953747689,1.8302239537476885,2.2211497078050773,-0.17388761872352737,-0.11399979936202706,-0.024593241746962813,-0.6273963376603471,0.4119110074678202,-0.3169770265108787,0.18584933477672766,-0.22677229452485792,0.0
42.25,8.054368812400774,1.7216050554087101,2.223635189697762,7.702042804970539,1.9020428049705387,2.2090302766612213,-0.2113503877194511,-0.06688309291370391,-0.027039749778037706,-0.74037225193051,0.03129704736116773,-0.31778761714539855,0.6489659262214611,-0.25745875424254006,0.0
42.300000000000004,8.09907354162248,1.7211151436354393,2.21507405422982,7.782421870805287,1.9824218708052863,2.195466309301608,-0.24042597500360913,-0.02094610592593384,-0.027379244263226132,-1.2676251235881129,-0.6994866844407162,0.1888646723358176,1.397882826921637,-0.2844022336129955,0.0
42.35,8.143294836572226,1.7259639179699418,2.203978635304665,7.87012579288919,2.0701257928891894,2.1806662724499493,-0.24912729433355496,0.02031545599441589,-0.026475008483169298,-0.997909367683003,-0.5836797299640156,-0.017205645998803365,1.2303986580679669,-0.30677819888166613,0.0
42.400000000000006,8.187962789574172,1.7363677505188755,2.190371661779096,7.963699950561325,2.163699950561325,2.1648756333427763,-0.24106337126386004,0.05574602540597533,-0.025867260876122615,-0.48150125954011,-0.2330728877090027,-0.39894857021614705,0.7500028003642276,-0.3239311632900669,0.0
42.45,8.233893009876427,1.752206557293504,2.174431378617006,8.061520548861322,2.2615205488613226,2.148368407379652,-0.22623750589275937,0.0854242760547238,-0.025974183458773305,-0.009588915557652733,-0.0018917470711002915,-0.6774683125500378,0.3206740897197171,-0.33537468707576024,0.0
42.5,8.281790046469911,1.7732352852950133,2.156494037442339,8.161844706528289,2.361844706528288,2.1314387057733515,-0.213361258837669,0.10894460099138058,-0.026261881562656717,0.29199044224422643,0.00035339539014234145,-0.739523954557337,0.073919906517386,-0.3407913774723756,0.0
42.550000000000004,8.332240145834762,1.7992520973921837,2.136974522370653,8.262860543999595,2.462860543999596,2.114392283200068,-0.20641152287895476,0.12563479528057928,-0.026108031591640962,0.4303240267605257,-0.17805453130458204,-0.6034725865447399,-0.019002153831134017,-0.3400328887095973,0.0
42.6,8.385691325403847,1.8301817676189511,2.116316344398428,8.362737271409681,2.5627372714096808,2.0975380854496164,-0.2050094742615699,0.13491822450450497,-0.0253426495950034,0.4871144119965215,-0.4330853430724337,-0.36201693155601666,-0.05030260608964926,-0.3331199220131702,0.0
42.650000000000006,8.442430421072459,1.866079474717658,2.094986533675244,8.459675276588962,2.6596752765889624,2.0811797970756123,-0.20669596479776695,0.13636729730020097,-0.024205355915067023,0.538144265941005,-0.672055633157409,-0.10312404293964417,-0.10495736170928127,-0.3202422256048951,0.0
42.7,8.502562639105973,1.9070851363051575,2.0734811632670738,8.551956213062574,2.7519562130625745,2.0656073890456903,-0.20904386793456128,0.12994530195981255,-0.023026927630813272,0.6172475244309951,-0.8508189631062198,0.1262927525815679,-0.21868777196372335,-0.3017585947026369,0.0
42.75,8.565997415856888,1.953366428889465,2.0523208084625657,8.637993088049287,2.8379930880492874,2.0510886663916827,-0.21063754841569712,0.11608821749853294,-0.02200207869047821,0.7235648824646056,-0.9702853055912605,0.3140799098114232,-0.3796812487811071,-0.27819687152031586,0.0
42.800000000000004,8.63244301823589,2.0050772465944102,2.0320330769853303,8.716380350460298,2.9163803504602988,2.0378608158598244,-0.21114154351918774,0.09552918821539641,-0.021151609059937498,0.837486647167587,-1.049892622499411,0.4677240598033538,-0.5561423527145035,-0.2502539452679069,0.0
42.85,8.701410739748649,2.062339552715753,2.0131248185537967,8.785943978898034,2.9859439788980335,2.0261219535609567,-0.21087988590257453,0.06913569384666188,-0.020405830886159087,0.9350238891502183,-1.1051393243439636,0.6007427873171606,-0.7210084061682361,-0.2187957521514568,0.0
42.900000000000006,8.772229083115768,2.1252424886528254,1.9960487377508986,8.845791569655058,3.0457915696550577,2.016022672620709,-0.21034650383098266,0.037899443434378094,-0.019696955423678452,0.9988765630903484,-1.1407094103756528,0.722501229534139,-0.8608885159186451,-0.18485727537305346,0.0
42.95,8.84406873767843,2.1938473959561833,1.9811750074822985,8.89536242471282,3.0953624247128197,2.007657590829712,-0.208161748215927,0.002952394413498782,-0.019012724318949594,0.18590916544521185,-1.9871784348226575,1.6709264429497321,-0.140093397265328,-0.14964254513086328,0.0
43.0,8.91597514764086,2.2681064925705057,1.9688528646709806,8.934477639740557,3.134477639740558,2.001056898293781,-0.18584363145044644,-0.03461996404884116,-0.017885817122358105,-0.06248909588380558,-2.180462724340111,1.998431521547265,-0.008451353659568728,-0.11452463861909667,0.0
43.050000000000004,8.986907185645348,2.3474269745050877,1.9593548311301823,8.963390192094094,3.163390192094095,1.9961779050841215,-0.13577897737782674,-0.07332484199483609,-0.01449189146441941,0.33693007968530897,-1.6340072627371924,1.6278802926061924,-0.5306378906831859,-0.08104568002802329,0.0
43.1,9.055805675768182,2.4304542092986527,1.9527610238105273,8.982835028814662,3.1828350288146634,1.9928965888875256,-0.06912051404977698,-0.11056865967378501,-0.007916311795439222,0.8549564278801493,-0.9298820563419277,1.0954644410608485,-1.1220883860826416,-0.0509168405439843,0.0
43.150000000000006,9.121669283550885,2.515380134170569,1.9489993284211726,8.994079154627768,3.1940791546277683,1.990999142656564,-0.0011194541835150274,-0.1442857247953204,0.0008385073234696162,1.186682682670591,-0.37437543102820525,0.7010904650613239,-1.4899819445653613,-0.02601833834936433,0.0
43.2,9.183612704949008,2.600369914104564,1.9478098063029947,8.998971719941991,3.1989717199419916,1.990173522259789,0.05704344199342608,-0.17323638053238927,0.00979188482731526,1.239367171275064,-0.0218753996833968,0.5316046949827776,-1.6027641739541116,-0.008399438622620149,0.0
43.25,9.240910830678557,2.6838821339962333,1.948735001004752,8.99999410884784,3.1999941088478403,1.990000994131927,0.10033451196310207,-0.19615140336290582,0.01720807104177295,1.0779206373353099,0.19796377886815542,0.5222892208774319,-1.5531403945274318,-0.0002784535382587065,0.0
43.300000000000004,9.293033569299455,2.7648138153144886,1.9511966780112022,9.000416881349565,3.2001667525398263,1.9900437725417044,0.12812467164423239,-0.21126638393038452,0.022099322159936357,0.808217827220454,0.3680662083742402,0.5824170822239599,-1.4504415857876807,0.003291498417843464,0.0
43.35,9.339676202887299,2.8424991208836117,1.9546257216439145,9.004623684502704,3.2018494738010816,1.990485486872784,0.14194782891885405,-0.21619017965606285,0.024198480218717646,0.49616021662382037,0.4722978675411693,0.7222827785616519,-1.3569413302859958,0.015763876075887914,0.0
43.400000000000006,9.38078575978404,2.916625928088426,1.9586343441479475,9.016582012655041,3.2066328050620165,1.9917411113287793,0.144699977811426,-0.20809314911578364,0.023923776873295312,0.2648940719964341,0.4572293214119305,0.8654113513185704,-1.2591251086506603,0.0354989960461912,0.0
43.45,9.416604985016722,2.987132898526203,1.9631052820965567,9.039265379103195,3.215706151641278,1.9941228648058356,0.1396847771375401,-0.1852088124129244,0.02212678930871791,0.19335285730014784,0.3226019156185469,0.9342484788705829,-1.1460861708205523,0.06048848726554825,0.0
43.5,9.44771423573773,3.0541245233010823,1.9681700747909514,9.074731440992984,3.2298925763971935,1.9978468013042634,0.1295886289926646,-0.14809625470354978,0.0197041451561303,0.26843738895632485,0.10559489457766613,0.9171129148645971,-1.0185417628336204,0.08889412496378037,0.0
43.550000000000004,9.475036258163168,3.117816153604955,1.9741235386919176,9.124203021363721,3.2496812085454887,2.003041317243191,0.11626095740799555,-0.09952464909461098,0.017390978558227712,0.42474977850576034,-0.14229794016107655,0.8451253549638708,-0.8844539373535308,0.11904783066372902,0.0
43.6,9.499793104837334,3.1785057366897607,1.9813123616465893,9.188149131192482,3.275259652476993,2.0097556587752106,0.10083793834994458,-0.04340871816018237,0.015695523009832294,0.5958464154052543,-0.37821562401007247,0.7534440204688166,-0.7488847927449167,0.1494516721812409,0.0
43.650000000000006,9.523423448875212,3.2365607448814577,1.9900283501997151,9.266365991438454,3.3065463965753814,2.0179684291010376,0.08400671302323867,0.016181501492819574,0.014917671106289294,0.7382233694880683,-0.5790341750238648,0.6647326465401997,-0.6101760016174362,0.17877786362519774,0.0
43.7,9.547477069510693,3.29240648190926,2.0004319905819345,9.358058055087152,3.3432232220348608,2.027596095784151,0.06636459148916588,0.07556352728255408,0.015182552201853765,0.8335860032065546,-0.7361798612849405,0.5891557768673187,-0.4671879568161247,0.2058687653974828,0.0
43.75,9.573506015262785,3.346506328684078,2.012520366482447,9.461919029194796,3.384767611677919,2.038501498065454,0.04866283586437036,0.1316639434879118,0.016432532939117214,0.8824100783158362,-0.8475970016186567,0.5285402645771771,-0.3252903267046303,0.22973688419301036,0.0
43.800000000000004,9.60296922810895,3.399332497743756,2.0261380214222853,9.576212896932574,3.4304851587730294,2.05050235417792,0.031836366903552155,0.18208381967886714,0.018412572959956627,0.8964994767601432,-0.9153514510990037,0.47903253929992057,-0.19412915245449808,0.24956487299971108,0.0
43.85,9.6371600863699,3.4513323475545037,2.04101778067162,9.698854939630875,3.4795419758523503,2.063379768661242,0.016866068824145222,0.22506345161441846,0.020707189502314503,0.9664473974802792,-1.0212202793280438,0.35871503018011935,-0.006459221962056116,0.2647055310985255,0.0
43.900000000000006,9.6771547533871,3.5028971449432866,2.05686225874892,9.82749275882371,3.5309971035294843,2.07688673967649,0.004618416931710918,0.25449485710191855,0.022818136955597236,1.4933394652669691,-1.5631636092097572,-0.23065053890066645,0.6260007082867051,0.27468180406342246,0.0
43.95,9.723651579969758,3.554337569617895,2.0734336948306606,9.959587298292861,3.583834919317145,2.0907566663207504,-0.004169311835348548,0.25986393474411895,0.02419962747162826,1.1034070267498888,-1.1719676171790354,0.07774232365047062,0.33376165751534614,0.2791867837613819,0.0
44.0,9.776752652418772,3.605871538008512,2.0904874890275096,10.092493866112306,3.6369975464449227,2.104711855941792,-0.009264394607212187,0.24866957716137178,0.024593198376487022,0.5705276851036972,-0.6304769341125931,0.5059028818535114,-0.09920589522590939,0.27808370835240637,0.0
44.050000000000004,9.836151012389278,3.657626219813417,2.1078566277780943,10.223543156692456,3.689417262676982,2.118472031452708,-0.011058840299995208,0.23316716584372815,0.024134959336173857,0.21778980184725993,-0.2826788706707387,0.7226905347414513,-0.31851444909500504,0.27140596228951375,0.0
44.1,9.901425035750979,3.709647124025589,2.125397887408068,10.350122272824391,3.7400489091297566,2.1317628386465612,-0.009788234559736009,0.22085849685470188,0.022993517964519313,0.05551318356234869,-0.14447004621801574,0.7117450976128922,-0.29995372132593767,0.25935707631874366,0.0
44.150000000000006,9.9722123276221,3.7619010177888907,2.1429004313275177,10.469755747724289,3.787902299089716,2.1443243535110503,-0.005283440486396983,0.21369054890981062,0.021220496213706315,-0.0076848628496377636,-0.10797063050761746,0.5673932424147463,-0.15400663610298893,0.24231072747914761,0.0
44.2,10.048261755397657,3.8142749534619163,2.1600710282412483,10.580186567077575,3.8320746268310306,2.1559195895431458,0.0026708767252181546,0.21056586109738937,0.018819585576759598,-0.04757898139147343,-0.07931961060299764,0.3761189978017677,0.0145365041560096,0.22081073910280508,0.0
44.25,10.129414179948977,3.8665774347810844,2.17656318408954,10.679457191083337,3.8717828764333344,2.1663430050637507,0.014003521408706246,0.20941838102745736,0.015828103097956285,0.36819578234834305,-0.4864171129761601,-0.27998484000425317,0.619615786075458,0.19557108081480562,0.0
44.300000000000004,10.215538534835495,3.9185437784369763,2.1920498287771895,10.765990576498558,3.906396230599423,2.1754290105323486,0.02821614711661571,0.1981207880492241,0.012420236478369834,0.7847684098029699,-0.8886544968072527,-0.9339777916866068,1.211407667988582,0.16747586853325488,0.0
44.35,10.306277155491934,3.9698446014707827,2.206290698461048,10.838671198682391,3.935468479472956,2.183060475861651,0.04498598294317948,0.16391952591272377,0.008987215587350713,0.5417757470549398,-0.6171920501343355,-0.9182357844153681,1.1198562207013938,0.1375793644692899,0.0
44.400000000000006,10.400782002844009,4.020102165912584,2.219045953508988,10.896926073640522,3.9587704294562087,2.1891772377322547,0.0635288684032626,0.11003231167545882,0.006164584178715424,0.1086378149580145,-0.1290100663213467,-0.6886590582960646,0.7971761558238246,0.10710597712704871,0.0
44.45,10.497790692099967,4.068910327455646,2.230097042060538,10.94080578006939,3.976322312027756,2.193784606907286,0.08263038041973342,0.04529670640274285,0.0044924770997668605,-0.27381674983126925,0.31122873317160993,-0.47136013973904467,0.5006871520696845,0.07745026130370505,0.0
44.5,10.595827860249866,4.115851854035358,2.2392444018925164,10.971065481400549,3.98842619256022,2.196961875547058,0.10154375586202562,-0.022065567996716797,0.004120602729517731,-0.5270078671008447,0.6232895010718158,-0.33046375365460195,0.297573398964842,0.05017691808943724,0.0
44.550000000000004,10.693379490692703,4.160513708285973,2.24628465737035,10.989245947844914,3.995698379137966,2.1988708245237163,0.11972081335988877,-0.0863574171799055,0.004927415334446596,-0.6511053953941193,0.8223758781758297,-0.24836923186312881,0.15279745519826377,0.02702079486744489,0.0
44.6,10.789007825865125,4.202501811439931,2.251027200380097,10.99775457843707,3.999101831374828,2.1997642307358927,0.13645363540606467,-0.14416420947381917,0.006612602062454384,-0.6794861697237795,0.9599827091292128,-0.1726822640859506,-0.008623256897603737,0.00988688531395179,0.0
44.650000000000006,10.881414339682303,4.241455406882434,2.2533497896313386,10.999946423079573,3.9999785692318293,2.199994374423355,0.1505067764896013,-0.19292180872246617,0.008663674121511273,-0.6468922983421953,1.0697116161259905,-0.05310985814395894,-0.24290053924033347,0.0008503293981932446,0.0
44.7,10.969475210669245,4.277062688867747,2.253269911796599,11.00016203105909,4.000027005176515,2.200010802070606,0.16002783896872788,-0.229770662009682,0.010298479077878054,-0.5756653485832485,1.1307616753324976,0.13779138806753957,-0.5453150959310661,0.0010594184151601514,0.0
44.75,11.052278375005324,4.309080947827702,2.251008537464962,11.002874597084864,4.000479099514144,2.2001916398056576,0.16328110618338032,-0.2516828563397113,0.010681975720241288,-0.4817041750957711,1.0409601859480915,0.390685956309485,-0.8001945898679778,0.006972573164265627,0.0
44.800000000000004,11.129187058292397,4.337363293503966,2.2470063531978726,11.011689449216078,4.001948241536013,2.2007792966144053,0.16019873454969397,-0.2566401847599932,0.009533460695083488,-0.33991568362192104,0.775231103066903,0.6386169174886747,-0.9433159552091515,0.01716234211006646,0.0
44.85,11.199916767640003,4.361874731968021,2.241893978181433,11.029440836859928,4.004906806143321,2.2019627224573286,0.15229104128748214,-0.2444951583274945,0.0072678832694021605,-0.13006488339476507,0.4165304949385539,0.8194654607558947,-1.008261797256586,0.030645398050073394,0.0
44.900000000000006,11.264588059228574,4.382685719279155,2.2364334546605096,11.05825229525812,4.009708715876354,2.2038834863505414,0.14125641439752992,-0.21697811220325705,0.004531561240039798,0.12808157956624855,0.04665395193465882,0.9128277856123265,-1.0274801595920335,0.046509830412143585,0.0
44.95,11.323735209684708,4.3999547020166085,2.23142836669685,11.09959020795962,4.01659836799327,2.2066393471973083,0.1284066957588327,-0.1772372478905912,0.0018952792909652724,0.3852042320777568,-0.27835542369541844,0.9342451823348983,-1.0162813577151109,0.06391514525446586,0.0
45.0,11.378266604681786,4.413912110434857,2.2276166415017964,11.154317369293425,4.025719561548904,2.2102878246195616,0.11455185118735385,-0.12895661971371458,-0.0002525447861073807,0.5980307920493962,-0.5312401048916612,0.905439136924371,-0.9758224083975956,0.08209226526557561,0.0
45.050000000000004,11.429384694203245,4.424850232934827,2.2255726017781305,11.222746546841316,4.037124424473553,2.214849769789421,0.1000584247196024,-0.07567262665998326,-0.0016987869060536768,0.7442775215678701,-0.7092848366542202,0.8428695363944436,-0.9003397906864654,0.10034352976434857,0.0
45.1,11.478481113635508,4.433115293713418,2.225643568564855,11.30469404391058,4.050782340651764,2.2203129362607052,0.0851076939160721,-0.020475554139779105,-0.0023393937148853787,0.8223308951502504,-0.8228144415579036,0.7578402361243098,-0.7877243508486037,0.11804269469999235,0.0
45.150000000000006,11.527026147747042,4.439095768009699,2.2279330365393335,11.39953326200683,4.066588877001139,2.2266355508004554,0.06994170605508081,0.03404076409763753,-0.002147051840959771,0.8447986804049482,-0.8845753594967994,0.6590390830797469,-0.6460839055636912,0.13463493265206472,0.0
45.2,11.576469726016319,4.443204350977036,2.232326986848243,11.506248263306672,4.084374710551112,2.233749884220445,0.05494891912124796,0.08573760845288124,-0.0011824437111135713,0.8305122414664086,-0.9051852916645159,0.5545036806841531,-0.492569729252197,0.14963683283045348,0.0
45.25,11.628164749908544,4.445855757078402,2.238549479748756,11.62348733313055,4.103914555521758,2.2415658222087034,0.040601015525373804,0.13289228332012315,0.0003985529800921519,0.7980525733278604,-0.8938957707091637,0.4520704550976697,-0.34665256611179834,0.16263640107539365,0.0
45.300000000000004,11.683315712905046,4.44744511255819,2.246230368578546,11.749616542415463,4.124936090402577,2.2499744361610308,0.027331001549603166,0.1741755165910688,0.002372485009889765,0.7622193568625277,-0.8616340524481603,0.3584179797755984,-0.22207572974624246,0.17329305985745874,0.0
45.35,11.742949127507746,4.448331169370446,2.2549703519999116,11.882773310187664,4.147128885031277,2.258851554012511,0.015440439381447131,0.20860456698217075,0.004500144770474035,0.7324773630560188,-0.8221286317607008,0.27819192345534516,-0.12247006277259698,0.1813376482775581,0.0
45.400000000000006,11.807898884229198,4.448826337359687,2.2643938344105132,12.02091996603554,4.17015332767259,2.268061331069036,0.00509731467179507,0.23540321311523438,0.006567656634791173,0.9069974920266415,-0.9824824522755089,0.019295633136054535,0.150441001257261,0.18657242206694574,0.0
45.45,11.878791374116755,4.44919297112057,2.2742072026863447,12.16189731258222,4.193649552097037,2.2774598208388146,-0.00361884473303158,0.24939722452692203,0.008390963157286423,1.0198682569238282,-1.085609221210779,-0.15599254667312862,0.34085892310314186,0.18887105358721218,0.0
45.5,11.95593549625021,4.449644510762155,2.2842142713655686,12.30347818795846,4.217246364659744,2.2868985458638975,-0.010431075094261062,0.2471157871374668,0.009739458747121656,0.6771517464893508,-0.7252485151122572,0.1353999849749961,0.05001886054718091,0.18817863183029002,0.0
45.550000000000004,12.039260461040312,4.4503479664011785,2.2942871424459845,12.443421028275344,4.2405701713792245,2.2962280685516894,-0.01550360069358082,0.23612357838016806,0.010584751879562789,0.3426502629740922,-0.3714642564491384,0.4184860820807146,-0.24109701105329173,0.18451166241844996,0.0
45.6,12.128488415631546,4.451429617233911,2.3043717124326903,12.579523430096977,4.263253905016163,2.305301562006465,-0.01916342208560624,0.2244455532547921,0.011027062917329642,0.16071385097845858,-0.18502818149898148,0.5371742153986273,-0.35830847329006754,0.17795806760430447,0.0
45.650000000000006,12.223316519631975,4.452978845773978,2.3144178872909316,12.70967571291338,4.28494595215223,2.313978380860892,-0.021455626229105077,0.2161106345632515,0.01112481100138706,0.10226433539710489,-0.13428905612014752,0.5137398642623646,-0.32574273403689313,0.16867718627080308,0.0
45.7,12.32350811553481,4.455048514570716,2.3243306917724773,12.831914481613085,4.3053190802688475,2.322127632107539,-0.02221760091771446,0.209560166932785,0.010886026714376619,0.6420204397231556,-0.6777533173881612,-0.1262185444935409,0.31462207302541034,0.15689977393123944,0.0
45.75,12.428837691452744,4.45765410837632,2.334002890796892,12.944476188956031,4.324079364826005,2.329631745930402,-0.02153138344281705,0.19277121897304852,0.010362792608623049,0.7584950231059842,-0.7982689104050091,-0.35881946304268336,0.5440338995294591,0.14292800272924336,0.0
45.800000000000004,12.538851387219765,4.460774049041183,2.3433458220117265,13.04585069804625,4.340975116341042,2.3363900465364167,-0.019373157291148194,0.16066295864599042,0.009615888824170405,0.5799808641553448,-0.6228768138442073,-0.31089521968916406,0.4890585437801777,0.1271354614387833,0.0
45.85,12.652740698026392,4.464351656300528,2.3522676653008814,13.134834844804587,4.355805807467432,2.3423223229869725,-0.01573760706620979,0.11582912231221122,0.008772515178427014,0.3304081473166136,-0.3581529871841872,-0.2028817218192429,0.3543980687730849,0.10996715546417377,0.0
45.900000000000006,12.76940481438034,4.468301056061819,2.360665252920006,13.210586000441552,4.368431000073592,2.3473724000294367,-0.010969591975648955,0.06298714520984015,0.008040780086987082,0.11506717874200201,-0.11141183219918216,-0.13359932654746381,0.24387976002625517,0.09193950684006115,0.0
45.95,12.887566829385122,4.47251366336504,2.368400443502925,13.272675633929968,4.378779272321662,2.3515117089286646,-0.005549260339225605,0.006211992741059144,0.007582233593222141,-0.04924219334215127,0.08413931624969329,-0.10955612158940164,0.18278760599120747,0.0736403542314413,0.0
46.0,13.005875792547526,4.47686409199169,2.375283964055869,13.321142874477825,4.386857145746305,2.3547428582985215,0.0001418247646653353,-0.05163447291158851,0.007453912337812805,-0.1782222732578726,0.23020719777297094,-0.10103259877449734,0.1560555653920372,0.055728952933640594,0.0
46.050000000000004,13.122977612657692,4.481216096078328,2.3810833849859177,13.356548074000965,4.392758012333495,2.3571032049333978,0.005936237138385137,-0.10854753744781483,0.007644639897214585,-0.28354128964014247,0.34040458199595147,-0.08012311034983219,0.1333677762474123,0.038935974872327576,0.0
46.1,13.237559164116133,4.485428949870394,2.3855506755212694,13.380026369595859,4.39667106159931,2.3586684246397236,0.011821411035841986,-0.16288295955544707,0.008136112869659396,-0.3627738844019893,0.4321730355916983,-0.03295806846737821,0.0806038562943076,0.02406350860351666,0.0
46.150000000000006,13.348376486080406,4.489364324005118,2.3884595597702956,13.393341246012367,4.398890207668728,2.359556083067491,0.01765624353581549,-0.2129349599083157,0.008892146843661177,-0.40719541466575976,0.5156223816483848,0.045520284862055525,-0.026427161071041462,0.011985059313553603,0.0
46.2,13.454278034641035,4.492893195483056,2.3896686596098777,13.398938098126486,4.399823016354414,2.3599292065417656,0.02291445776765065,-0.2527579305548055,0.009759089491937918,-1.204593915508785,1.3730436943795628,0.9491447830414212,-0.9780367472474858,0.0036455488191312366,0.0
46.25,13.55433422237393,4.49590193283058,2.389241617267202,13.399997793413121,4.39999963223552,2.359999852894208,0.026422129958088906,-0.26662845708202143,0.010297226240996592,-0.8743385707188833,1.06856980347058,0.7866091046519679,-0.8345261850975534,6.13155672774483e-05,0.0
46.300000000000004,13.648153887896479,4.49830640422921,2.387326591517087,13.400453884453118,4.400075647408853,2.3599810881477867,0.028125340666080523,-0.25844871874647957,0.010362837851177231,-0.20016309066772586,0.4051255612291522,0.3281327570049756,-0.38706621655346407,-0.0013067759236008718,0.0
46.35,13.735820813602444,4.500056254522185,2.3842397561630815,13.404403218803306,4.400733869800551,2.359816532549862,0.028090796356270497,-0.2415225622348199,0.009985812562084072,0.32421858079986776,-0.09638451367219582,0.01811064745017911,-0.10595074174032919,-0.00574887842041101,0.0
46.400000000000006,13.81762174371221,4.501142337684734,2.3804175552034015,13.41525984808012,4.402543308013354,2.3593641729966617,0.02595525869460302,-0.2260628899687702,0.009146911295309696,0.5639060949493817,-0.3270678715284675,-0.053763292882908605,-0.055241557735178755,-0.012714117113202464,0.0
46.45,13.893846998336922,4.501607931670665,2.3762429941317667,13.435683180347214,4.405947196724536,2.358513200818866,0.021560050281800264,-0.21608839202761299,0.00787886899962751,0.5844027329497897,-0.3706327746685115,0.026204223992388767,-0.13020327294632406,-0.021596054637492167,0.0
46.5,13.964698427479494,4.501553602691156,2.371959805555624,13.467631856547838,4.411271976091307,2.3571820059771733,0.015143780930947644,-0.21122763785675672,0.0062667012163813325,0.5020496838427605,-0.33716341840261804,0.14230097791002116,-0.22021637704140784,-0.031833183157072883,0.0
46.550000000000004,14.030283669549009,4.501132351120892,2.367673709747771,13.512417665938758,4.41873627765646,2.355315930585885,0.007187919005043826,-0.20947718095917553,0.00441568645698787,0.08226260564253052,0.02346548687966099,0.5421863699079408,-0.586956965025029,-0.04290892436401112,0.0
46.6,14.090667306055312,4.500537399436852,2.3634161508085954,13.570759461524164,4.428459910254028,2.3528850224364932,-0.0018396301262690287,-0.1999342856459312,0.002444934830959699,-0.7135223895983458,0.7569289393152062,1.2792242354307413,-1.2891739438017198,-0.05435162947864159,0.0
46.650000000000006,14.14612937602621,4.499986724150286,2.359249350791179,13.642837075489647,4.440472845914941,2.3498817885212646,-0.011313165593676974,-0.16588471243266015,0.0006535392408842896,-0.613327407856266,0.5976109749716393,1.089972182346464,-1.065405709730344,-0.06573457924957819,0.0
46.7,14.19752614749967,4.499708545405591,2.355163206557084,13.72834523463605,4.454724205772675,2.346318948556831,-0.02040530137046112,-0.11043527433506473,-0.0006021331201472307,-0.21185672446439097,0.1727675213537584,0.5833618229909162,-0.551920026078801,-0.0766759839537015,0.0
46.75,14.24622155780086,4.499927043952922,2.3511045300637203,13.826547475813479,4.471091245968913,2.3422271885077715,-0.029025613582945094,-0.04497852432180312,-0.0012414281479690321,0.13046711714207637,-0.17661253157101464,0.13193071255092337,-0.101360957538011,-0.08683898339616983,0.0
46.800000000000004,14.29381040253505,4.5008550631326685,2.3469878518245286,13.936330061355195,4.4893883435592,2.3376529141102003,-0.03711679665732493,0.020367211484743956,-0.001305885470533233,0.3079210215252822,-0.3594488786632095,-0.14734780223399516,0.1829498047347424,-0.09593164691041423,0.0
46.85,14.341876450341628,4.502688201528743,2.342659317623824,14.056255894511489,4.5093759824185815,2.3326560043953544,-0.044628766284471114,0.07963091872873755,-0.0009066194237851875,0.35472945089089003,-0.4193992396658124,-0.27434917133200065,0.32872349988749894,-0.10370697335813468,0.0
46.900000000000006,14.391845248142527,4.50560023874597,2.3379092650681534,14.184618434883728,4.530769739147288,2.327307565213178,-0.05140235597529406,0.13026171068428322,-0.00018937802763844262,0.3409421815130227,-0.43095939424802654,-0.3038950322703593,0.39338850158816174,-0.109962891129309,0.0
46.95,14.444925140961713,4.509739847568632,2.332527035307211,14.319495613858138,4.553249268976356,2.3216876827559108,-0.057036641277845745,0.17155249061098538,0.0006466181414128095,0.32596853940160253,-0.4413771579707026,-0.28471943308125736,0.4108933942390014,-0.11454225814218404,0.0
47.0,14.502101434632054,4.515228209930549,2.3263571102134075,14.458803750039866,4.576467291673311,2.315883177081672,-0.061122451205966266,0.20347840384277768,0.0013740552377896774,0.342683350343175,-0.4671258964455165,-0.24678143066898298,0.39156940003725627,-0.11733286184328244,0.0
47.050000000000004,14.56414854852036,4.522157430737217,2.3193359763580226,14.600351464686849,4.600058577447808,2.3099853556380476,-0.06351668280137339,0.2261133287900416,0.0018274691813875807,0.3955476580335922,-0.5114553284078314,-0.1991475858013349,0.34093484813501634,-0.11826741920739867,0.0
47.1,14.631639494992307,4.530589563425246,2.311507909302169,14.741893597143683,4.6236489328572805,2.30408776678568,-0.06432483784614122,0.23945394891599547,0.0019445798937034367,0.4703784617629588,-0.5746057171274961,-0.13807959466057157,0.2690095343545026,-0.1173235767375999,0.0
47.150000000000006,14.704945485962412,4.540555865522792,2.3030246655026523,14.881185120275685,4.646864186712614,2.2982839533218464,-0.063669898300925,0.24322485058930177,0.0017215905954811473,0.552404193995145,-0.6549476969330017,-0.06351377530964343,0.1890801527676883,-0.11452391046522645,0.0
47.2,14.784221935464249,4.552055594925542,2.2941303534442192,15.01603505590267,4.669339175983779,2.292665206004055,-0.06152390287405372,0.2375841771302445,0.0011605096430645683,0.6029023326225751,-0.7116460426816776,0.04622941383760189,0.07741416878043257,-0.10993592594989271,0.0
47.25,14.869400240166728,4.56505417362003,2.285135901200206,15.144360390233008,4.690726731705501,2.2873183170736247,-0.05783296063765703,0.22320413582775525,0.0002937636096401941,0.6742704755473647,-0.787024492333503,0.12183506940502359,-0.006444324705518867,-0.10367205827948449,0.0
47.300000000000004,14.960186738875942,4.579481319836121,2.27638890532975,15.264239989297492,4.710706664882915,2.2823233337792708,-0.0526260317112557,0.20012349713537578,-0.0007881148357630806,0.7190032735516512,-0.8264198563227192,0.1962968014924263,-0.10146508089548206,-0.09588967207016018,0.0
47.35,15.056052206944077,4.5952289874253935,2.2682344895193745,15.373968514383225,4.728994752397204,2.277751311900699,-0.04608237920237508,0.16885194451585403,-0.001932627235222208,0.7332061006552761,-0.828370478718954,0.2635190292239241,-0.19689708677340167,-0.08679106146635439,0.0
47.400000000000006,15.156236158680871,4.612150832232158,2.2609783839776836,15.472110337467656,4.745351722911276,2.2736620692721807,-0.03845130221220244,0.13031421913361912,-0.002969414191915571,0.7142721638958034,-0.7976422134145027,0.32150867063139343,-0.28085784175288286,-0.0766234501407697,0.0
47.45,15.259768735220936,4.630063714954377,2.2548527979743724,15.557553456652382,4.759592242775397,2.2701019393061506,-0.02995727626261528,0.08575671687313269,-0.0037505886393241045,0.6634015188498511,-0.740017532290737,0.37019974106544623,-0.34662086872265,-0.06567899129438763,0.0
47.5,15.36550776998791,4.648751921534614,2.249990564549542,15.62956341159718,4.771593901932863,2.267101524516784,-0.020764985523533352,0.03665116531717179,-0.0041628362355231345,0.5872233846164279,-0.6596724144047321,0.4096282487214668,-0.3952354782076872,-0.05429476765645753,0.0
47.550000000000004,15.472186684522974,4.667974253889422,2.2464121074693617,15.687837198953892,4.781306199825648,2.2646734500435874,-0.011011676712027582,-0.01537898004160359,-0.004121929603106247,0.49642437175443466,-0.5590036841957288,0.4403710486902348,-0.43458019989494145,-0.04285279148450228,0.0
47.6,15.578468010390507,4.687473540712883,2.2440274148898,15.732557187800321,4.7887595313000535,2.2628101171749866,-0.0008748507152665696,-0.06859537107124679,-0.0035733015046441018,0.40259998579231243,-0.44023301342416854,0.4649246819847107,-0.4758693177842884,-0.031780004564322825,0.0
47.650000000000006,15.682997627157647,4.706987654086013,2.242652376587706,15.764445035074225,4.794074172512371,2.2614814568719073,0.00935927477528212,-0.12115104144241842,-0.002512190930214463,0.31472904924993483,-0.30766920263521536,0.4887781284481799,-0.5291832453817719,-0.02154827820998526,0.0
47.7,15.784456288413654,4.726260941478059,2.242036484743294,15.784815601007185,4.797469266834531,2.2606326832913672,0.019256216011145324,-0.17108246591467552,-0.0010182354001097142,0.23630497560923897,-0.16928134213168589,0.5205459938897914,-0.5997324070596357,-0.012674413263836115,0.0
47.75,15.88160731331267,4.74505512807664,2.241897568573952,15.795630864558573,4.799271810759762,2.2601820473100593,0.028253933495847188,-0.21629969327410342,0.0007195219375122206,0.1644509664443224,-0.036078506102237506,0.5703866791149983,-0.6865066782177582,-0.005720140096490227,0.0
47.800000000000004,15.973343303687795,4.763158536977572,2.241979377839954,15.79955383884946,4.799925639808243,2.260018590047939,0.03569815353804311,-0.25077861007580526,0.0023973780891538166,-0.5725641918085282,0.7424336247322343,1.3085102156008677,-1.4430388557526423,-0.001292118606836033,0.0
47.85,16.058839989952844,4.780392123348538,2.2421473089206048,15.80000139294489,4.800002321574816,2.259999918744881,0.04113944219644927,-0.26085026205962897,0.0036709710014177343,-0.2985355729672643,0.480906726473752,1.0435576197599938,-1.1740147704638049,-3.2733077894705e-05,0.0
47.900000000000006,16.137843752732962,4.796622334807726,2.242292351942558,15.800612070557676,4.801020117596124,2.2599642958841355,0.04452739569112773,-0.2517068299566356,0.0043868614199183455,0.27412683752298506,0.023857679135449728,0.47685373596906927,-0.7141803093713242,-0.0018289233074995294,0.0
47.95,16.210559239784097,4.811770288215862,2.2424064112795277,15.803806177573946,4.806343629289908,2.259777972974853,0.044157503315401685,-0.23607035944913074,0.004149342119263482,0.7386449445148677,-0.17844083134716748,-0.0003819901383397273,-0.5041585588480013,-0.005969617582754358,0.0
48.0,16.27735368116122,4.825852604148228,2.2425573606664533,15.811364548434211,4.818940914057018,2.259337068008004,0.03670445304986094,-0.22276456822619461,0.0023527015083067543,0.924792620690575,-0.16067255428032529,-0.23421796603301698,-0.5020146255249327,-0.01192757661831472,0.0
48.050000000000004,16.338560184596755,4.8390587005448,2.2427800256609483,15.8246327827638,4.841054637939665,2.2585630876721114,0.019477180061400142,-0.21457011902226167,-0.0013754107497304018,0.863058386729179,-0.08758424217961569,-0.25962603688036134,-0.5431629819156121,-0.0192144917974257,0.0
48.1,16.3944060471622,4.851813137971703,2.2430302902775017,15.84455461451735,4.8742576908622475,2.257400980819821,-0.008001659476996024,-0.210541152116955,-0.006989322280664997,0.6674320057479612,-0.07092310129004636,-0.18249169062130405,-0.5223688583172523,-0.027380985171917675,0.0
48.150000000000006,16.445022712309182,4.864783412492229,2.243192543355139,15.871705281123331,4.919508801872219,2.2558171919344723,-0.04398500331687568,-0.20885083539362645,-0.014070034101721087,0.4072172539039788,-0.09981702303120035,-0.056507020531157165,-0.45962166900596746,-0.03601660946221383,0.0
48.2,16.490488464331868,4.878834173498211,2.243108964243533,15.906324892628533,4.977208154380887,2.2537977145966686,-0.08540965796940928,-0.20434595293868268,-0.021928075373970925,-0.42100137882729405,0.4192042353508732,0.6396430522775357,-0.956396639528221,-0.04474984805732117,0.0
48.25,16.530967370636482,4.894954182166139,2.2426426005899254,15.94835180084258,5.047253001404299,2.2513461449508494,-0.12848621579301645,-0.18488862069459586,-0.02936481494429919,-0.5190722791837875,0.277128299127735,0.6244402820935352,-0.8028013293509616,-0.05324811501483894,0.0
48.300000000000004,16.566950613451443,4.91417395811695,2.2416636280372915,15.997455968482443,5.129093280804071,2.248481735171857,-0.17042047027040766,-0.1510238861474393,-0.0352288602171413,-0.32254709280089955,-0.07334155770925932,0.347649853952988,-0.45030382209569364,-0.06121775506095479,0.0
48.35,16.599258837883475,4.93750453751002,2.240058997834303,16.05307233831691,5.2217872305281805,2.2452374469315135,-0.20981581541126004,-0.11013305204060019,-0.03902204224312805,-0.14323806137493578,-0.4014222210658766,0.12810179669546834,-0.13167659132559328,-0.06840404359044142,0.0
48.400000000000006,16.628875563502785,4.9658980800136545,2.237759598576074,16.11443420231114,5.3240570038519,2.2416580048651835,-0.24104920531639157,-0.06918913834074446,-0.04041942963240517,-0.7700198101362515,-1.3254881399602652,0.7576733017117078,0.773079155737195,-0.0745911866666644,0.0
48.45,16.656783260974677,5.000098275727571,2.234781512434509,16.180606570771115,5.434344284618526,2.2377979500383516,-0.25057664809264035,-0.03273378382510582,-0.039522120493246334,-0.5273286180609904,-1.2003300934931846,0.5540643310439832,0.6226841231865925,-0.07960232102157398,0.0
48.5,16.68387029765258,5.040359929721315,2.2311448128463836,16.250519541488195,5.550865902480325,2.2337196934131884,-0.242010484900631,-0.0020793568612871207,-0.038006456097233354,-0.03826601804865962,-0.7608963103984594,0.1255648100728813,0.1412964253755616,-0.08329951405571177,0.0
48.550000000000004,16.710893572738396,5.086515286837264,2.2269430957713374,16.3230016688836,5.671669448139328,2.2294915693151234,-0.22646072307260173,0.023420454469201425,-0.03681765954307221,0.36507241486078446,-0.43055469376591127,-0.20811123999850553,-0.24568885143411165,-0.08558376383820702,0.0
48.6,16.738486355745525,5.1382336196696565,2.222349786103931,16.396813333152874,5.794688888588121,2.2251858888994156,-0.2131521758895823,0.04411691463822261,-0.03592888324619745,0.5693372105836378,-0.33187209700377857,-0.34296727575386043,-0.4034981924416554,-0.08639499910677671,0.0
48.650000000000006,16.767164368612764,5.195226176622055,2.217532727966257,16.47068010941048,5.917800182350803,2.220876993617722,-0.20610391720577406,0.05959813759261646,-0.03498516065753881,0.5946999050754925,-0.4030412389224241,-0.3022757599663082,-0.3856181429403867,-0.08571207926772718,0.0
48.7,16.797316688553607,5.257339899865991,2.212611469413067,16.543326136834214,6.03887689472369,2.2166393086846705,-0.20486791384604056,0.06936932657379338,-0.03379769278272132,0.5240395754592378,-0.5349232123719135,-0.16750587668225317,-0.30090549605919215,-0.0835527943959533,0.0
48.75,16.82919343029251,5.32455454671594,2.2076705439542397,16.613507487809766,6.1558458130162785,2.21254539654443,-0.20682109166209225,0.0732756994014652,-0.03244027653594331,0.4433363387470241,-0.6479462206817049,-0.022730511737466097,-0.23272589602057775,-0.07997386523493814,0.0
48.800000000000004,16.862899521326273,5.396928260981414,2.202786124575547,16.68004553707522,6.26674256179203,2.2086640103372788,-0.20932586867619524,0.0714698658908715,-0.031090786024214185,0.4006665603239534,-0.7075180654827212,0.0843664773558028,-0.21879613054596328,-0.07507094319675264,0.0
48.85,16.898396878241662,5.4745388070612355,2.1980426532280526,16.7418603308655,6.369767218109166,2.205058147366179,-0.21089088916100152,0.06434789667964252,-0.02986257879566173,0.4004610867820675,-0.7152997868787061,0.1481988868176059,-0.2576823825544711,-0.06897861036205828,0.0
48.900000000000006,16.935513536844592,5.557447262411704,2.193537034567054,16.798003956056974,6.46333992676162,2.2017831025633434,-0.21124129799559388,0.052501911756531454,-0.028761610285279782,0.42325790028027593,-0.6920190778303289,0.18598714826153206,-0.32623632521333246,-0.06187037948010216,0.0
48.95,16.97395690457928,5.645687594476518,2.1893732081226527,16.847693909311857,6.546156515519759,2.1988845219568085,-0.2108113999633053,0.03663647018268396,-0.02773841849389976,0.4467162740219519,-0.6600664261486511,0.21727116566006632,-0.3984851000792484,-0.053958693968723534,0.0
49.0,17.01332921131723,5.739268443360151,2.1856661062552725,16.890346466222795,6.617244110371322,2.1963964561370037,-0.20558974699478633,0.017254964192079402,-0.026850697287497324,-0.5954078752329839,-1.6636501333019995,1.303111131149081,0.5737509119902132,-0.04549492791434699,0.0
49.050000000000004,17.053139922475843,5.838033825284683,2.182631812458773,16.925610050457326,6.676016750762209,2.1943394137233225,-0.1755254410031519,-0.005115515381432969,-0.026011147707086648,-0.6751306115620825,-1.6561873087352867,1.4024847991778748,0.5589580826278746,-0.03676938607198568,0.0
49.1,17.092814357008006,5.941225268363017,2.1804512920042485,16.95339860290239,6.722331004837315,2.192718414830694,-0.11810839773085022,-0.029251639925321177,-0.02405255038178518,-0.22393828500845858,-1.1089736213074324,0.949165208878695,0.04446850103197075,-0.028111303865244856,0.0
49.150000000000006,17.131733464620556,6.047398808556669,2.1791994227326037,16.973924950808847,6.756541584681413,2.1915210445361506,-0.04534122284126965,-0.05359206189688548,-0.02018748063513306,0.29379819389665096,-0.49303398459961667,0.414675830683207,-0.4964479741272566,-0.01988884738631317,0.0
49.2,17.169282414156914,6.154728698839182,2.178872243966516,16.98773417693597,6.779556961559948,2.1907155063454016,0.028800157271564795,-0.07667202657876755,-0.014708566463618858,0.6393173698136617,-0.043473812220156116,0.04029364283061021,-0.8379223784754669,-0.012509113395972894,0.0
49.25,17.20488538416453,6.261356861311593,2.179340410687988,16.995736988695946,6.792894981159909,2.190248675659403,0.09449678343749708,-0.0977629208724024,-0.008571686489750452,0.7537316656400064,0.20949864796550077,-0.10983682972975528,-0.9693563232018544,-0.006418129323591295,0.0
49.300000000000004,17.23802611497682,6.365646430277718,2.180342927287942,16.9992430872984,6.798738478830663,2.190044153240927,0.1473616553947641,-0.11620256243419584,-0.002745263374965798,0.7034304124766813,0.3359009465037044,-0.09151170243008355,-0.9841593580776475,-0.002100853267124466,0.0
49.35,17.268261780053088,6.466298961955578,2.1815587246835273,16.999994536894874,6.7999908948247905,2.190000318681132,0.18666845418598743,-0.1309001241256171,0.002091069480287309,0.6006990395232013,0.4164065288196838,-0.007665874185148469,-0.980614331116255,-8.117399311896333e-05,0.0
49.400000000000006,17.295241163009152,6.56236710134268,2.1826960786899283,17.0,6.800397672593008,2.189956918802424,0.21283750642799196,-0.14044966245607804,0.005488993043962811,0.5411211940899868,0.49891835139866103,0.04186366655458107,-1.007946797100257,-0.0033208950259264987,0.0
49.45,17.318735116571133,6.653232521503864,2.183540023460959,17.0,6.804566073562181,2.1895053420307637,0.22569152300081105,-0.14381409920114718,0.007088153030297224,0.5922176175576593,0.5504609241482076,-0.04475663534539942,-1.0039022359090986,-0.016143901872900036,0.0
49.5,17.338667460025423,6.738607540290744,2.183935985301662,17.0,6.816386900332814,2.188224752463945,0.22415832850400833,-0.14160805418272984,0.0066330682116774965,0.6440073612709032,0.5329043108043816,-0.18015547681876765,-0.9112983231784226,-0.036042301032675285,0.0
49.550000000000004,17.355108895768332,6.8185586034280625,2.1837640563520027,17.0,6.8385380872686,2.1858250405459017,0.2078989132187192,-0.13556838725414067,0.004210841478536935,0.5943393878611409,0.44638763728860914,-0.2653601389212143,-0.7253329517301685,-0.060513806329577105,0.0
49.6,17.368233746834992,6.89350940014445,2.182920431873734,17.0,6.872603751400686,2.182134593598259,0.17858130501813324,-0.127471188129914,0.0003129815996271325,0.43671510929019897,0.3148371802417963,-0.28393171286629204,-0.47242379281988045,-0.08732082883164324,0.0
49.650000000000006,17.378268650635952,6.964194790128968,2.181299145248045,17.0,6.919196360386348,2.1770870609581454,0.13966624934159697,-0.1187669809659371,-0.004366157325387173,0.21430567760956987,0.1765270594908021,-0.26109824390106007,-0.19902903517082376,-0.11449047685064956,0.0
49.7,17.385452732745033,7.031570376799878,2.1787775470776967,17.0,6.978078900467589,2.170708119116011,0.09537879393632978,-0.11043339201580667,-0.009168810114496748,-0.0293505956497703,0.0638430168083298,-0.21829026597706483,0.0490721594036084,-0.1403145559420807,0.0
49.75,17.390013893593867,7.096703097517327,2.1752124462632008,17.0,7.048287044429829,2.1631022368534354,0.04981432884782963,-0.10289196383331567,-0.013597057049802146,-0.2629621796835783,-0.014003865164331414,-0.16334962924943877,0.24553537001188733,-0.16334956890515692,0.0
49.800000000000004,17.392157825781002,7.160668444674285,2.170452334664377,17.0,7.128251319560526,2.154439440380943,0.006519059224101344,-0.096101663167244,-0.017326392872778564,-0.4612316049775165,-0.06849008349621405,-0.09941936689812192,0.3837653931197221,-0.1824167157828209,0.0
49.85,17.39206507635375,7.224469657877539,2.164364905061526,17.0,7.215919275607787,2.144942078475823,-0.03162562815641198,-0.08977152826708507,-0.020174657694885148,-0.5996195943626531,-0.11786730753288618,-0.03297985726507083,0.4663676537189333,-0.19660189386173113,0.0
49.900000000000006,17.38989291152474,7.288982426379011,2.1568723667874865,17.0,7.308877652739079,2.134871587619933,-0.06249939806916294,-0.08363859116801545,-0.02207458239036613,-0.6629638248197312,-0.17564686892163586,0.03219297862621359,0.49648134993487203,-0.2052556976722792,0.0
49.95,17.38577990705696,7.354920263267696,2.1479845776043027,17.0,7.404474549499784,2.1245152571375234,-0.08480366700389952,-0.07762332018710018,-0.02305155398522621,-0.6578632600085188,-0.24862928724405126,0.10579898364021717,0.47753167908937405,-0.20799341898857432,0.0
50.0,17.379851773780366,7.4228122986930245,2.1378219236831715,17.0,7.499941590771925,2.1141729943330416,-0.09781873660418175,-0.0717066171503728,-0.02318601703859541,-0.603308014686061,-0.33903673371813925,0.20151901314081988,0.4159548450915532,-0.2046950468284535,0.0
50.050000000000004,17.372227530911665,7.492985869995098,2.1266233624680484,17.0,7.592516095732772,2.10414408962895,-0.10102303342962272,-0.06577629917438463,-0.02257852734094583,-0.5085808086199439,-0.44186331142767005,0.31604471695228314,0.31799170681466105,-0.1955052674534745,0.0
50.1,17.363025390059462,7.565549736907018,2.114738048167736,17.0,7.679563245813439,2.0947139817035443,-0.09411223868457724,-0.05968047319856123,-0.021350964745998378,-0.37228959422509833,-0.5455309991293182,0.4298597527600896,0.1885760692918565,-0.18083346436892256,0.0
50.150000000000006,17.352367684771544,7.640378343737486,2.102601105009356,17.0,7.758698252657621,2.0861410226287576,-0.07729490296940458,-0.05336216122706373,-0.01965960799010876,-0.19849316519858162,-0.6381943939087713,0.525576804161799,0.03516350820361147,-0.161353718323801,0.0
50.2,17.34038425646237,7.717101412736126,2.090695831400456,17.0,7.827908526080137,2.0786432430079853,-0.05140440096736319,-0.04688771817418045,-0.01768642395182688,-0.0027746521766529586,-0.7112710476975573,0.5966567200572866,-0.13127032542859374,-0.13800480731084608,0.0
50.25,17.32721394242671,7.79510523049457,2.0795063896246213,17.0,7.88567584202565,2.072385117113888,-0.017785667679934586,-0.04038148849990578,-0.015614913954203535,0.196231836370461,-0.757828698524526,0.6416006657176008,-0.3001043095394942,-0.11199020656650992,0.0
50.300000000000004,17.31300411061022,7.873551666492926,2.069467045987018,17.0,7.931098510527274,2.067464328026212,0.021813677542368903,-0.033963947053756334,-0.013609821851925753,0.38590912954898127,-0.7706038961326511,0.6569651243431107,-0.46480938795704607,-0.08477808857096643,0.0
50.35,17.297908447852947,7.951418990446089,2.0609156936991146,17.0,7.964013543665198,2.0638985327696036,0.06523908065239573,-0.02772736815390765,-0.011805295080905808,0.5613782981321364,-0.7431451834169787,0.6366628131735734,-0.622674960459382,-0.05810132304812568,0.0
50.400000000000006,17.282083504742435,8.027565076007077,2.0540596030003946,17.0,7.985118823525369,2.0616121274514185,0.10988948439332769,-0.021731325628467912,-0.010296212509423556,0.7222987201777114,-0.6723555136231919,0.57486358330181,-0.7718805912082215,-0.03395747696560791,0.0
50.45,17.26568476294438,8.100809703498976,2.048959330363699,17.0,7.996095270158101,2.0604230123995393,0.15273339475344108,-0.01600899900253643,-0.009130768438939374,0.8695279353210699,-0.5586142573844871,0.46769486838843755,-0.9096501243848271,-0.014608814534768016,0.0
50.5,17.248862983944363,8.170030122438732,2.045532648106572,17.0,7.999729009536737,2.060029357300187,0.19035974045197818,-0.010590412292733165,-0.008306975037908452,1.0020624301339365,-0.4032523226400344,0.3136000602484986,-1.0320295250382583,-0.002582297210677419,0.0
50.550000000000004,17.231761288933523,8.234263851579415,2.0435752824949582,16.999992243887473,8.00002326833758,2.0600008725626595,0.2190254662058132,-0.005525357856660254,-0.0077738062581288025,1.114446269798358,-0.20752224565699662,0.11385307832002323,-1.132850570667634,0.00015888335493551527,0.0
50.6,17.21451297214881,8.29281247989219,2.0427966676511637,16.999508054758802,8.001475835723587,2.0600553438396347,0.23482056447085198,-0.0009516581642181766,-0.007434702658707795,1.1902815126868993,-0.05459424312406347,-0.08855638441415625,-1.1541683656251682,0.00244890771618157,0.0
50.650000000000006,17.19723673300111,8.345327243192694,2.0429013838959085,16.997472039694433,8.007583880916698,2.060284395534376,0.23494965037904,0.002483488963838377,-0.00715857533683805,1.1832305699505485,-0.033253825738986276,-0.2007112135114657,-1.05194395168349,0.0070579744506090265,0.0
50.7,17.180019644022995,8.391851688448307,2.0436814545794473,16.992963213199022,8.021110360402933,2.06079163851511,0.21933827574671425,0.0036644838926111053,-0.006844801817123366,1.084135504364045,-0.10927403352526766,-0.19386229786700404,-0.8787351334258139,0.013497985377162411,0.0
50.75,17.162889382876656,8.432810622182542,2.045049770874031,16.985270119853777,8.044189640438676,2.06165711151645,0.19032700923044937,0.0016583753708403473,-0.006514100199964109,0.9287034906519818,-0.21458032174904113,-0.10445824578623236,-0.7024729584240608,0.02131415333244734,0.0
50.800000000000004,17.145792396552086,8.468953527934026,2.0470196808039955,16.9738760294197,8.0783719117409,2.062938946690284,0.15131656296211815,-0.003821762622398494,-0.006314007551090002,0.755988087017363,-0.3012701180368966,0.017288832015927513,-0.562185351293599,0.030085002170729413,0.0
50.85,17.1285890963444,8.501275202850632,2.0496531976575234,16.95844413194088,8.12466760417736,2.064675035156651,0.10572100561781245,-0.012342371451937407,-0.006441507985181611,0.5902205302162068,-0.3549980843323628,0.13448148347414976,-0.4622732331437206,0.03942236676392965,0.0
50.900000000000006,17.11106562853192,8.530932886998057,2.053004257303252,16.938802732847723,8.183591801456826,2.066884692554631,0.05645317185004389,-0.023045033496817618,-0.007057448313732255,0.44037429777982395,-0.3829111256054662,0.22984909869902553,-0.38933898628514746,0.04897139300163331,0.0
50.95,17.092955322976074,8.559171731630506,2.0570772050465247,16.914930448060243,8.255208655819265,2.0695703245932227,0.0058070278820785875,-0.034983050602354196,-0.008237868325569981,0.30622505294410846,-0.3980800238919573,0.3019005940566326,-0.32944300601818743,0.05841053779107964,0.0
51.0,17.07396245120177,8.587263737742504,2.061808622105061,16.886941399091302,8.339175802726093,2.0727190926022283,-0.04441930021752888,-0.04730574991932311,-0.009963055564102768,0.18628218187268375,-0.4107256260353138,0.3563295868207931,-0.2761334573315002,0.06745156905717109,0.0
51.050000000000004,17.0537833689743,8.616460339406236,2.0670705055043355,16.855070408149878,8.43478877555037,2.076304579083139,-0.09274129743708677,-0.05931582481815385,-0.012127629140812338,0.08248897638768937,-0.4258183348938307,0.3991132069493317,-0.23077592098405908,0.07583956574246925,0.0
51.1,17.032123034141584,8.647956188127498,2.0726881356930105,16.81965819324434,8.541025420266976,2.0802884532600117,-0.13788170292465543,-0.07046986877974064,-0.014561276855042427,-0.0009763999462978901,-0.44466882846102207,0.43509231462261355,-0.1986146748989649,0.08335291780719128,0.0
51.150000000000006,17.00870706314462,8.682861070782597,2.0784654826742965,16.7811365632857,8.656590310142906,2.084622136630359,-0.17874854239671314,-0.08035322747935775,-0.017056067646752434,-0.06227849364693061,-0.4681982520884126,0.4701943104239319,-0.18355172726178925,0.08980332622921804,0.0
51.2,16.983290600007262,8.722177265981697,2.084212312575602,16.740013613190875,8.779959160427376,2.0892484685160264,-0.2144205645887557,-0.0886331630097173,-0.01939334644705822,-0.10420107240274834,-0.49913264831781623,0.5119875729322545,-0.1846447813581401,0.09503580300408575,0.0
51.25,16.955664814474233,8.766780139794298,2.0897756750750065,16.696858918985953,8.909423243042136,2.09410337161408,-0.24244233431982654,-0.09506217010697633,-0.02120929093196753,-0.6705383888128285,-1.075097137850255,1.105759274801174,0.3397668369120638,0.09892867114499256,0.0
51.300000000000004,16.925658333132837,8.817342867776619,2.0951119948765555,16.65228873290945,9.043133801271646,2.0991175175476866,-0.2516394378160971,-0.09958153093768775,-0.021313767528111253,-0.5706825436080603,-0.9855815158258929,1.0593552776487893,0.1987649020217893,0.10139356468279524,0.0
51.35,16.893151710841614,8.874107007920099,2.1002353938829716,16.606951178515594,9.17914646445322,2.104217992416996,-0.24278303176320082,-0.10167054421486761,-0.019676925358872,-0.10541186015723092,-0.5531198830263345,0.6608667266194256,-0.2753046984824341,0.10237542866600868,0.0
51.400000000000006,16.858088940544842,8.93689511055015,2.1052328443054855,16.56151144577754,9.315465662667377,2.1093299623500266,-0.22678823398414333,-0.10078669445909401,-0.017390297999399486,0.2997456068599069,-0.2016611153653608,0.3133500595133454,-0.653086873011095,0.10185251916080813,0.0
51.45,16.820486308560742,9.00535661636436,2.110253364358123,16.5166369861907,9.450089041427896,2.114378339053546,-0.21322423025250423,-0.09683458383239965,-0.015455348190447802,0.4776759385970683,-0.06725681695989055,0.16306502256359662,-0.7906150806703356,0.09983640325102767,0.0
51.5,16.780440235688587,9.079176875171855,2.1154092843631878,16.472982707875943,9.581051876372172,2.1192894453639566,-0.2060891708753871,-0.09008597883675727,-0.014243129418142748,0.45452930556916704,-0.10009037757328715,0.17630968561258997,-0.733376191439667,0.09637195903816066,0.0
51.550000000000004,16.73812306816975,9.15817355725379,2.1207239986226125,16.431176170682882,9.706471487951356,2.123992680798176,-0.20471839257048255,-0.08090407100505395,-0.013608653127211844,0.33595329695265475,-0.1935726154558139,0.25266532273426306,-0.5899993646549286,0.09153737564135893,0.0
51.6,16.693771501546202,9.24229209223752,2.126143028994644,16.39180278129316,9.824591656120521,2.1284221871045195,-0.2064636579100266,-0.06961232054984826,-0.013240594263944003,0.21311308232323442,-0.2667954159807159,0.31175176676426564,-0.44784711545316946,0.08544415319743563,0.0
51.650000000000006,16.64767575820605,9.33154944172065,2.1315647022702593,16.355390988323663,9.933827035029006,2.132518513813588,-0.2088222291990523,-0.056456132411881244,-0.01290533360870086,0.08151778952728783,-0.33613569684700206,0.36877166688105223,-0.29861337914628705,0.0782371028608597,0.0
51.7,16.600171069273873,9.425970455882995,2.1368813997464704,16.322397477429842,10.032807567710474,2.1362302837891427,-0.205600627007539,-0.041720501450021145,-0.012296967367197525,-0.7441583942159402,-1.0885889971800897,1.1177487637051646,0.5403871653497582,0.0700943468037635,0.0
51.75,16.551628254568847,9.525419244462169,2.1420647989684043,16.293192366408913,10.12042290077326,2.139515858778997,-0.18117324349066272,-0.025791141338750986,-0.011072395868889433,-0.7962518746825209,-1.0475081462822633,1.0906766194502326,0.5970830704687021,0.061227318215935835,0.0
51.800000000000004,16.502450760159466,9.629275276411523,2.147095232483742,16.268044400303165,10.195866799090508,2.142345004965894,-0.1344944874168901,-0.008587101602780086,-0.009918159278700704,-0.4834468394791279,-0.650527683955325,0.6896115592871462,0.3040213134441085,0.05188076130482334,0.0
51.85,16.45306791692824,9.736395367213051,2.1519333878781253,16.247106146503207,10.258681560490379,2.144700558518389,-0.07415464213295814,0.009867635151779434,-0.009618886428695303,-0.11982027829174441,-0.23576334957466233,0.2257734544955593,-0.008491399246340986,0.042332731295536635,0.0
51.900000000000006,16.403926669799258,9.84531689999931,2.1565196799312685,16.23039918985123,10.308802430446312,2.1465800911417365,-0.009789713213592571,0.02893857849050998,-0.010493033343506878,0.12645098937269156,0.046698542067197424,-0.129198486202168,-0.19677774894894057,0.03289459443084029,0.0
51.95,16.355480978509394,9.954487078198342,2.160733449475704,16.217799327744274,10.346602016767182,2.1479975756287693,0.051792523308120814,0.047860393498859705,-0.012411650356947282,0.22348105022203912,0.1791335919146293,-0.3314409229234785,-0.252213410460177,0.02391102797116328,0.0
52.0,16.308178588838825,10.06242973015215,2.1643791900545133,16.209021765237477,10.372934704287562,2.1489850514107833,0.10739758312299337,0.06603649843813615,-0.0150429669449044,0.23057384155452665,0.20677049623181554,-0.42232911235065773,-0.23316211881474241,0.01576002019458946,0.0
52.050000000000004,16.262448732795033,10.167827268575559,2.1672223182633754,16.203606310147364,10.389181069557905,2.1495942901084213,0.15620116008445561,0.08293293131374935,-0.01804482439099105,0.22891067226349537,0.18691131538523198,-0.46502599593445026,-0.21057800977548363,0.008852870396862387,0.0
52.1,16.218692345464746,10.269536975093773,2.169045094874714,16.200902568155083,10.397292295534752,2.149898461082553,0.19804795326469818,0.0979910574493391,-0.021095898252586825,0.2731630224704167,0.1556950240803041,-0.5005605681361522,-0.2301209671572449,0.003634188891388242,0.0
52.150000000000006,16.177273339174757,10.366579481582088,2.169695286912184,16.200055137909676,10.399834586270966,2.1499937969851612,0.23240092171211368,0.11062196864639841,-0.023845365172921337,0.526634365903459,0.2648358967369622,-0.6846758702422414,-0.44616005723444097,0.0005818970092288451,0.0
52.2,16.13851159024556,10.458136100553588,2.169147378310898,16.199985045837803,10.400029908324397,2.14999925229189,0.25325209701489115,0.12030282984377706,-0.025329647614792093,1.0370107377203581,0.5521224338028481,-1.062220600218239,-0.8839053707352142,-0.000121396957464484,0.0
52.25,16.102670737215952,10.543677399675039,2.167541379616863,16.199274732435843,10.401450535128316,2.149963736621792,0.2527313262672213,0.1262953788840036,-0.024346366504140217,0.8385852130825691,0.07785924575569902,-0.6848700201811475,-0.5701933793515052,-0.0015437088028864992,0.0
52.300000000000004,16.06992137499447,10.62313842146379,2.1650962812659857,16.19648028870861,10.407039422582777,2.1498240144354304,0.23833026135100582,0.12701656328455846,-0.021689963907364322,0.4916046076432426,-0.48301387575672444,-0.15143925238447903,-0.1572211422709336,-0.004219396640322763,0.0
52.35,16.040311054893195,10.696775692627424,2.1621330979417794,16.190552334458335,10.418895331083329,2.1495276167229167,0.22136190615955578,0.12153714300874524,-0.01884905560184267,0.2523129883560376,-0.8077090029540428,0.24448364075606177,0.048288026482242286,-0.007747255990105013,0.0
52.400000000000006,16.013735675531514,10.764922534624478,2.1589908141400747,16.180822332640467,10.438355334719063,2.149041116632023,0.20946543041938026,0.11031689633706535,-0.016815007213267348,0.1802170756265264,-0.8568306338818049,0.42061578252410736,0.018286978188729985,-0.01176680502544728,0.0
52.45,15.989936367566367,10.827823062191467,2.1559196877648956,16.16696186671081,10.466076266578376,2.1483480933355406,0.20379865291958188,0.0947779682218105,-0.015632547735113824,0.6799348384898052,-0.2734288712292408,-0.029119174187307972,-0.6006899209181391,-0.015958284572442104,0.0
52.5,15.968532728033523,10.885625708949362,2.153071416960937,16.148941917972632,10.502116164054737,2.1474470958986314,0.19249084223667298,0.07681610185039141,-0.014128132061201826,0.9226406729049528,0.06895131492937068,-0.26007993534942697,-0.932334913191285,-0.02004265811006432,0.0
52.550000000000004,15.949073474188621,10.938618087743636,2.150563664685114,16.126992142923775,10.54601571415245,2.1463496071461887,0.16757387074884594,0.05790952993362874,-0.011996202365468051,0.7429856586336754,0.006153761130311575,-0.09996922379363388,-0.8184098511755424,-0.02378161177016934,0.0
52.6,15.93107656519233,10.987417121841615,2.148465068586776,16.101560150603806,10.596879698792385,2.14507800753019,0.13206012834306854,0.039075157840825055,-0.00989729807479492,0.39077036711704527,-0.19742996989876757,0.20377508635517924,-0.5370840844337545,-0.026977554337491532,0.0
52.650000000000006,15.914064573845454,11.03290565984759,2.146801370194671,16.0732707799411,10.653458440117799,2.143663538997055,0.09307382307324462,0.02133306249518656,-0.008393770598682482,0.05115273900286965,-0.3685763720463513,0.47103752070073024,-0.27383916920961426,-0.029473617249647845,0.0
52.7,15.897593098558463,11.076056855670611,2.145551336424908,16.04288537709999,10.714229245800022,2.142144268854999,0.05722430202809343,0.005682781682601836,-0.00760899221758283,-0.18716061853250232,-0.44367032112400073,0.6226099733771944,-0.10214486423831082,-0.031153654597134164,0.0
52.75,15.88127371095475,11.117766733473701,2.144638018894697,16.011261072827853,10.77747785434429,2.1405630536413924,0.02863572792730895,-0.00704554274336491,-0.007340491708560488,-0.31282747341798944,-0.43492616181333643,0.6601903221662369,-0.019291967042196045,-0.03194224312332818,0.0
52.800000000000004,15.86479190131776,11.158747161016418,2.143943519820388,15.979310059802264,10.841379880395472,2.138965502990113,0.00895231367730521,-0.01633548371136628,-0.007291007439634434,-0.3525397416926537,-0.38113047350665763,0.6235314800648879,0.004508249219707161,-0.03180468222448759,0.0
52.85,15.84791847943771,11.199485355940022,2.1433426445947115,15.947958869978098,10.904082260043804,2.1373979434989048,-0.001897814445063134,-0.022002490366813985,-0.007226011893091289,-0.3424727173786899,-0.3149449047168128,0.5582102027060708,-0.004633910517581552,-0.03074699394975085,0.0
52.900000000000006,15.830514599903736,11.240249826608746,2.142734488811914,15.918107651934642,10.963784696130716,2.135905382596732,-0.00487294226001207,-0.024022987590781874,-0.00702895983399697,-0.31126638856822664,-0.2579371368359338,0.49683897998099436,-0.027878709738700103,-0.028815923001136674,0.0
52.95,15.812532241561676,11.281116553065539,2.1420592513330816,15.890589448222737,11.018821103554526,2.1345294724111366,-0.0011206489472194846,-0.02241754717457531,-0.00668805788984243,-0.27110348778750565,-0.2230885310269239,0.45052354537660216,-0.05122145360868985,-0.02609893673354517,0.0
53.0,15.794011551477595,11.321996827031503,2.141299650193951,15.866129472711874,11.067741054576251,2.1333064736355936,0.008393773310962527,-0.01732321734436889,-0.0062608706145152486,-0.22087667948357775,-0.2133586551708651,0.41361804042284794,-0.06804330961950739,-0.022724225154756306,0.0
53.050000000000004,15.775075437514051,11.3626594776477,2.140471778126811,15.845304387937325,11.109391224125352,2.1322652193968663,0.022915182584329667,-0.009107835139607019,-0.005845962789517461,-0.1553415665906171,-0.22037525003602626,0.37469304490577154,-0.08189581939559037,-0.018860700925430258,0.0
53.1,15.755921131855313,11.402748880652945,2.1396105617660206,15.828501582447267,11.14299683510547,2.131425079122363,0.04171024204194775,0.0016206499285880724,-0.0055629624512822775,-0.0716193211433212,-0.22840266222413835,0.3245873393703978,-0.10384491903638254,-0.01471799935910948,0.0
53.150000000000006,15.736808303747285,11.441803844621166,2.1387540557299265,15.815878448149885,11.168243103700233,2.130793922407494,0.06381461771300513,0.014114658626730144,-0.0055281439376774705,0.030060427692869485,-0.22386833783364124,0.2582887545546234,-0.14375834376685154,-0.010546478422214822,0.0
53.2,15.718043412072882,11.47928249766209,2.1379301314633836,15.807321657660513,11.185356684678975,2.1303660828830253,0.08786054289843874,0.027588536429138475,-0.005817176624724225,0.14925041056366248,-0.2033845462425757,0.17272482416967824,-0.20243714392204956,-0.006637218734049971,0.0
53.25,15.699960274438135,11.514596295177794,2.1371484790191904,15.802406441648737,11.19518711670253,2.1301203220824365,0.11203450801887135,0.04120820524840495,-0.006422496232022674,0.28625793808584266,-0.17366456682913728,0.0659237821930252,-0.27122434878382373,-0.003322023566797427,0.0
53.300000000000004,15.682896994479634,11.547153843055284,2.1363998011657817,15.800355866185514,11.199288267628972,2.1300177933092757,0.13414491097524528,0.05398773008159019,-0.007223224560866021,0.43984017184445606,-0.14364073082130635,-0.06118145782610512,-0.3389772870942001,-0.0009734188455205456,0.0
53.35,15.667169420739246,11.576413475216192,2.135662509280201,15.80000011009031,11.199999779819382,2.1300000055045154,0.15175605688743737,0.06471887548811077,-0.007985529027311923,0.606682447720482,-0.11530345458580848,-0.2053478249446164,-0.40018070458198424,-4.6531481644800815e-06,0.0
53.400000000000006,15.65304129869769,11.601942867077351,2.1349159067794696,15.8,11.200234620242247,2.1300469240484494,0.16230119535509846,0.07200904134874707,-0.008400229033628524,0.7513732470482939,-0.08668883380497011,-0.32362156876287496,-0.45997013258032315,0.0029684210320108186,0.0
53.45,15.640693709107257,11.623480361437773,2.1341695862397456,15.8,11.201964216387665,2.130392843277533,0.16364326650038574,0.0748884234720394,-0.008191330838475584,0.7701236836017215,-0.08268628498823039,-0.2856408624965662,-0.5164424722861487,0.011684836249659129,0.0
53.5,15.63020722916608,11.640979971001332,2.1335081356144503,15.8,11.206417481785495,2.1312834963570992,0.15543443199126275,0.07386644483092485,-0.007297781943185768,0.6883377568971853,-0.13169581696646915,-0.11073402670589949,-0.5469958749311752,0.024492002175396058,0.0
53.550000000000004,15.62157177252821,11.65461847107556,2.1331054583514986,15.8,11.214424561564643,2.1328849123129285,0.13934271961208913,0.07040082613130602,-0.0058991535985837415,0.5816377017847503,-0.23216261237133706,0.11283644550973881,-0.5434344192186575,0.0398767268595354,0.0
53.6,15.614716093057803,11.664762180340231,2.133201154019116,15.8,11.226457664193028,2.1352915328386057,0.11813007365477823,0.06586782318936651,-0.0042736136691924696,0.5000302685376377,-0.3539983840675852,0.3142664119374242,-0.5188919344364007,0.05648870896390651,0.0
53.650000000000006,15.609538395363705,11.671911034945271,2.1340537162156714,15.8,11.242671784130476,2.1385343568260953,0.09456074709344278,0.061139736768252115,-0.0026569517768804253,0.45581927020287516,-0.4623757655512113,0.4606200137092077,-0.49056333406871977,0.07314053776186992,0.0
53.7,15.605927603779746,11.676638859163205,2.1358910452661455,15.8,11.26294542448158,2.1425890848963163,0.07075240146341988,0.05661655263951221,-0.0011904271485737518,0.4372345518783411,-0.5360716847291147,0.5481064122899262,-0.46579455232441225,0.08880769313829931,0.0
53.75,15.603773840942392,11.67954202474316,2.1388734898042405,15.8,11.286921319648608,2.1473842639297214,0.04804941110410049,0.052394416685184554,6.489626597208028e-05,0.42460784249346045,-0.5704955854503961,0.5875927789060182,-0.44106833219075403,0.10262854558959793,0.0
53.800000000000004,15.60297121539195,11.681201072673833,2.143074405626445,15.8,11.31404715798436,2.152809431596872,0.027215759120194534,0.048431461525569396,0.001094533920536025,0.4014654227914626,-0.5718105072097911,0.5930776105306909,-0.4079121527607258,0.11390435622369047,0.0
53.85,15.603416950597598,11.682154096375028,2.1484761696641996,15.8,11.343616304445051,2.1587232608890106,0.008712433462249522,0.044658923156066344,0.0019038648129441707,0.35948252683539605,-0.5496501696284669,0.5753157596473591,-0.3590778080785326,0.12209927676001915,0.0
53.900000000000006,15.605009871330171,11.68287823622448,2.1549772230123447,15.8,11.374808523243216,2.1649617046486433,-0.007090125720446936,0.04102474140586247,0.0025041542874162433,0.2985886540932915,-0.5117374694596296,0.5400753220617135,-0.2924335183425524,0.12684034952955414,0.0
53.95,15.607649665309056,11.683776089828983,2.16240589711472,15.8,11.40673070050055,2.17134614010011,-0.019824361473224708,0.03749149785063188,0.0029088015763213894,0.22411367521081438,-0.46155649253537095,0.4895397831995952,-0.2118674050658605,0.12791750747478428,0.0
54.0,15.611237105713275,11.68516557253605,2.1705376040690925,15.8,11.438457566900826,2.1776915133801653,-0.029151110968670364,0.03402472957294406,0.0031349335320283605,0.14304104209944496,-0.39906479430926534,0.42495023304094515,-0.12543855009628835,0.12528357414972316,0.0
54.050000000000004,15.61567485463992,11.687273244102824,2.179112806606771,15.8,11.469072420342762,2.1838144840685523,-0.03484130816336506,0.030600130739264857,0.0032056791385827008,0.06137986672315415,-0.3236946699839333,0.3485049997169632,-0.04161376335532896,0.11905426371990468,0.0
54.1,15.62086842861875,11.690231686519544,2.187853980036072,15.8,11.497707848592883,2.189541569718577,-0.036848579319330034,0.027223726871885658,0.003150273276546346,-0.016603600880198244,-0.23767864729101512,0.2637395871009935,0.03444510844900009,0.1095081809623877,0.0
54.150000000000006,15.626727045616942,11.694081281195215,2.196480562568892,15.8,11.523586451938442,2.1947172903876884,-0.03532542490567483,0.023933119620855384,0.003001468536378412,-0.08782329068898803,-0.14692312792657286,0.17484551420082245,0.10183003536887045,0.09708682126574934,0.0
54.2,15.633164232566545,11.698776234253401,2.204721614375009,15.8,11.546061565840255,2.1992123131680508,-0.030570281072263224,0.020765207401432777,0.0027915166923318233,-0.1491287696841927,-0.057558446362579105,0.0854943455318838,0.16030133670943963,0.08239457063009498,0.0
54.25,15.640098189327752,11.70419423302199,2.21232646081097,15.8,11.564657983585617,2.2029315967171232,-0.02296918892865915,0.017724551585283015,0.002549371340225378,-0.19613509314915,0.028272119260190312,-0.002152913565432027,0.2058523657973068,0.0661987056670479,0.0
54.300000000000004,15.647451960116868,11.710149056399668,2.2190740808154312,15.8,11.57911267894117,2.205822535788234,-0.013034053726578801,0.014793663636477595,0.0023005623120030054,-0.22424782802289478,0.11104666498451692,-0.0862100951417452,0.2318701796927689,0.04942939359975203,0.0
54.35,15.6551533700974,11.716405328438375,2.224781814367497,15.8,11.589415528805775,2.207883105761155,-0.0014787786471901273,0.01197039927259906,0.002067034203296593,-0.23030394498477708,0.1887293496177543,-0.1632633401325619,0.23411599919127865,0.033179692262881075,0.0
54.400000000000006,15.66313488416088,11.722695299944276,2.2293145100360623,15.8,11.595850035863407,2.2091700071726814,0.010765104755210178,0.00928254309813428,0.0018654616453026831,-0.21300419161782774,0.25417804610451955,-0.2279010531447903,0.2132559510402009,0.0187055501026225,0.0
54.45,15.671333343176455,11.728737504930276,2.2325944625089464,15.8,11.599034051236027,2.2098068102472053,0.022642826537387098,0.006754346822997561,0.0017049458850557295,-0.17100053037242102,0.299659389490065,-0.2747032684051405,0.17038205180572635,0.007425806176694032,0.0
54.5,15.679689606455648,11.734257532675729,2.2346126003293745,15.8,11.599960497136463,2.209992099427293,0.03306817311419801,0.004372142760104614,0.0015864471150325119,-0.10070370236593532,0.3229834262633914,-0.300598106390914,0.10102959763770908,0.0009221901543297694,0.0
54.550000000000004,15.68814808705498,11.739011433467292,2.235440940550445,15.800072236016565,11.600072236016564,2.209995033773861,0.04087788571233967,0.0021068466311260554,0.0015039381650370867,-0.0009448585510762331,0.33603372782142243,-0.30287536366298845,-0.010656350311109564,-0.0006009832650805488,0.0
54.6,15.69665679685178,11.742813403514575,2.235237290653479,15.801915164053396,11.601915164053395,2.209868332471329,0.044540041156425306,0.00029077132590541615,0.0014449327131110387,0.0683445797129612,0.4557307608526784,-0.25286145202558863,-0.25051719765250585,-0.005157446832822735,0.0
54.650000000000006,15.705178542544315,11.745575319713053,2.2342034556748094,15.808462465820808,11.608462465820807,2.2094182054748193,0.04165813833198027,0.0010082766307661641,0.0013942260533573285,0.07662094346491438,0.6327410790270498,-0.16010346298651862,-0.529328159213148,-0.013381291644308624,0.0
54.7,15.713738922989293,11.747364151482639,2.232524849227893,15.822047991933362,11.62204799193336,2.2084842005545813,0.029898683451647,0.007472125692429385,0.0013918532186000538,0.043658872242309577,0.7204291015469424,-0.06326306009857707,-0.6808402186447161,-0.02436766589297987,0.0
54.75,15.722499628215626,11.748456865645068,2.2303269675178377,15.844373311308239,11.644373311308238,2.206949334847559,0.00861414832942096,0.021989135354168902,0.0016493967068828617,-0.001716129551427803,0.6699486730422102,0.006908453520667546,-0.6509163106238356,-0.03728264671760465,0.0
54.800000000000004,15.731810545090129,11.74935934055472,2.227649191945111,15.876559295852756,11.676559295852755,2.204736548410123,-0.020976507351437468,0.044869126130474876,0.0025591517916485657,-0.03506950798813557,0.5173407794711753,0.03660753993267779,-0.4804470206683544,-0.05136324020227545,0.0
54.85,15.742214127707058,11.750777829753378,2.224438997370957,15.919197705151857,11.719197705151856,2.20180515777081,-0.056558280209437053,0.07446938823252572,0.004538350095500836,-0.05379573829196513,0.32666892378868717,0.04116370632328839,-0.24579448492486475,-0.0659173813764017,0.0
54.900000000000006,15.75440782627294,11.753556718600441,2.2205619435502477,15.97240277115565,11.77240277115565,2.198147309483049,-0.09540251460113215,0.10821068294605976,0.00783117810293091,-0.0637260786392699,0.1471902044278068,0.04678516828545536,-0.013751281461836372,-0.08032393421472404,0.0
54.95,15.769186693399316,11.75860547006002,2.215823153266005,16.035862782866868,11.835862782866869,2.193784433677903,-0.1348749596080921,0.1435847155300275,0.012392107655568875,-0.059440769657039205,-0.007229847105370779,0.06717865929306177,0.18149668757589138,-0.0940326916372982,0.0
55.0,15.78738637114449,11.766833733807376,2.209999377877447,16.10889167102843,11.90889167102843,2.1887636976167952,-0.1726967024150544,0.17844531312960826,0.01788359456478869,-0.027023297304562266,-0.14579769032023177,0.10355648689496932,0.328997576767302,-0.10656437550950924,0.0
55.050000000000004,15.80983687088615,11.779104105915373,2.2028789489170184,16.190480592810925,11.990480592810925,2.183154459244249,-0.20699970705470902,0.21094295953361417,0.023748599160348445,0.11174294504891971,-0.3449317320814431,0.08673930747045208,0.4882030334866412,-0.11751063664206475,0.0
55.1,15.837325200744425,11.796205851775902,2.1943217936123123,16.279349516500087,12.079349516500088,2.1770447207406187,-0.23511453958137493,0.23574421332932383,0.029013257873558927,0.190672576130824,-1.4235471529194408,0.17998896866632041,1.466042038982959,-0.12653405479099092,0.0
55.150000000000006,15.870481378122326,11.818801054676738,2.1843738459601214,16.37399880618438,12.173998806184382,2.170537582074824,-0.24603261730237086,0.24363366046239116,0.030505017785914988,0.13709468902195776,-1.2766761569311018,0.42036218887873655,1.144272796721066,-0.13336813865764255,0.0
55.2,15.909572098691237,11.847202186158556,2.173201923288745,16.472760806442412,12.272760806442413,2.163747694557084,-0.23958892817811475,0.23852433078537327,0.02791278394992579,0.28987095136022895,-0.6480250924967618,0.45637858596603487,0.284244885867252,-0.13781732588869347,0.0
55.25,15.954564474272315,11.881355132861465,2.161138656421785,16.573851427030526,12.373851427030525,2.1567977143916512,-0.2255952651022013,0.22843316283373655,0.02375884371113207,0.4921341597747442,-0.18291274407459834,0.44172076485278056,-0.42530424730002436,-0.13975698307614348,0.0
55.300000000000004,16.005309338747704,11.921040527464672,2.1486513313794924,16.67542172757027,12.475421727570271,2.149814756229544,-0.21323244166060154,0.21921102912632245,0.02023176964788315,0.6397454440469407,-0.05470846536026169,0.46829114849391135,-0.7715331332075714,-0.13913340575731414,0.0
55.35,16.06166034627542,11.966055292697074,2.136188221438941,16.775609502235877,12.575609502235878,2.1429268467212834,-0.20669523682098262,0.21319477652106847,0.018134072001948946,0.7046882001286809,-0.17620236764583197,0.5528266137900122,-0.8236611280509776,-0.13596381841485095,0.0
55.400000000000006,16.123526029840196,12.016303739978367,2.1240910284662275,16.87259086444185,12.672590864441853,2.1362593780696226,-0.2055562780301301,0.21024621591002637,0.017241716966523223,0.7151975894411643,-0.3880082914826639,0.6633235037742595,-0.742593226938749,-0.13033637447672083,0.0
55.45,16.190874645169043,12.07179883202932,2.1125961998890217,16.964631831530372,12.764631831530373,2.129931561582287,-0.2072456386669872,0.20926089621289848,0.016956558982773685,0.7151789056561444,-0.5714671909593035,0.7580930653385723,-0.657560185980744,-0.1224101563162172,0.0
55.5,16.263714062541798,12.132612375012767,2.1018675083159044,17.0501399094589,12.8501399094589,2.1240528812247006,-0.2093301803346014,0.20917158383023415,0.01676156307540662,0.7312673629980706,-0.6814517351141921,0.8153607661028356,-0.6247487632914074,-0.11241517525195366,0.0
55.550000000000004,16.342068452362273,12.19882202757151,2.0920269343067175,17.12771567748764,12.92771567748764,2.118719547172725,-0.2105346129652791,0.20867678839456733,0.016396809749631466,1.3064160357212335,-1.267459933069149,0.297093671580299,-0.10211345831181617,-0.10065237154786627,0.0
55.6,16.425920055958443,12.27048595394563,2.08322793110868,17.196204372867015,12.996204372867016,2.114010949365393,-0.20676145573835528,0.1953007764497257,0.015062035422704161,0.8518790039489956,-2.358276294253286,0.7834401357087741,0.9345736737259689,-0.08749361441321886,0.0
55.650000000000006,16.514931203788844,12.34751141107435,2.075744593070988,17.254747475525253,13.054747475525254,2.109986111057639,-0.1827115841844518,0.16049500417982482,0.010368876155143985,0.5725650840372816,-2.1659701369199156,1.0371849503898742,0.694738583694706,-0.0733817020025924,0.0
55.7,16.608200703404712,12.429298089663034,2.0698441863715686,17.30283429275582,13.102834292755821,2.1066801423730372,-0.13712810997172695,0.10978828988076,0.004001279369987819,0.5274920309438378,-1.4691665607380955,1.0047336710441646,-0.014849064219488506,-0.05883036141589769,0.0
55.75,16.704388873240887,12.514678372385909,2.0657410806643157,17.340353543904975,13.140353543904974,2.104100693856533,-0.079252382655831,0.05198733531478735,-0.0007186882408786596,0.5884600811498709,-0.8013612388521659,0.8319624299900444,-0.6306056101998426,-0.04442424869836314,0.0
55.800000000000004,16.80196185103611,12.602144123073995,2.063532592573223,17.367644945059265,13.167644945059264,2.1022244100271754,-0.018861804828178206,-0.00596439412983423,-0.0020663690052789823,0.6477264621204895,-0.33552772976869893,0.638447756446611,-0.9730472934319115,-0.03081894884053981,0.0
55.85,16.89938994256577,12.690113686983679,2.063105635318888,17.385550793733014,13.185550793733015,2.1009933829308554,0.037385330626953595,-0.05993757063863704,-0.00019514279014370593,0.6563628362491127,-0.050184624498570085,0.4860164669198601,-1.0833305056071165,-0.0187409757783094,0.0
55.900000000000006,16.995271647750034,12.77713366424151,2.0641330331306436,17.39546755355586,13.195467553555863,2.1003116056930344,0.08601691649326752,-0.10797962798499731,0.003795259136353459,0.6094759214954646,0.13197275157880445,0.3961988054380134,-1.071759376861919,-0.008987772392867289,0.0
55.95,17.08839093718358,12.861983434262036,2.0661556305717994,17.39939743896025,13.19939743896025,2.100041426071483,0.1256760016947489,-0.14912749755143892,0.008636275573163512,0.5244892649500563,0.27999195462858106,0.36613782787266846,-1.0386838680180133,-0.0024277105107396646,0.0
56.0,17.177736493601643,12.943702776642022,2.0686851741354815,17.399999999868932,13.199999999868934,2.1000000000090107,0.15590630018691798,-0.1823629498154184,0.013209438057056986,0.42642567771773293,0.43655753016830884,0.3765579014071098,-1.0470034374665294,-9.090377105593213e-08,0.0
56.050000000000004,17.262514174315818,13.021585893284115,2.0712862535748573,17.40058275400455,13.20058275400455,2.0999708622997724,0.17619036381373163,-0.2060939792424924,0.016564267747530833,0.3402506474665646,0.6098267002643079,0.3981998225850452,-1.1131184437523178,-0.0017283550794423737,0.0
56.1,17.342170552665664,13.095176896058993,2.0736310152087696,17.404462297941915,13.204462297941914,2.099776885102904,0.1855204993077922,-0.21831995578426028,0.017890602048438817,0.2844483303456047,0.7279463337684293,0.4047786994409204,-1.1680996024473294,-0.006475131899785506,0.0
56.150000000000006,17.41642772329351,13.164278889394348,2.0755300304111244,17.414310199127566,13.214310199127569,2.0992844900436216,0.1830151602351799,-0.2177287520859196,0.016719701730582535,0.25549141262788805,0.7173929313804979,0.38815288387822416,-1.1324015812924961,-0.013555176963753236,0.0
56.2,17.485311593991618,13.228964004111,2.0769333078009136,17.432138669334762,13.232138669334763,2.0983930665332617,0.16905060411891482,-0.20462128651094633,0.013256897872586316,0.23272175205475942,0.5882354111308177,0.3570711809059264,-1.0002074044401328,-0.02233499869703044,0.0
56.25,17.549151862625433,13.289563880179626,2.07790173982052,17.459352292861706,13.259352292861708,2.097032385356915,0.14549262825550632,-0.18061184924225465,0.00836978184588492,0.20499359533541367,0.4001379825349084,0.313970760206328,-0.809658410701589,-0.032232833723836216,0.0
56.300000000000004,17.60854839524579,13.346635287415783,2.078554188837484,17.4967997547301,13.296799754730102,2.095160012263495,0.11491566090339733,-0.14804893500874466,0.003179562764878987,0.17387093195108028,0.2043125282198709,0.25315806052025663,-0.5924389632013931,-0.04271864686692162,0.0
56.35,17.664311773506736,13.40090903475407,2.0790039031405736,17.544825568883642,13.344825568883643,2.092758721555818,0.0799099070492855,-0.10972343403759774,-0.0013301188508493067,0.14057780871206668,0.030696520924659687,0.17507432873917833,-0.3673446969985788,-0.053314131147564434,0.0
56.400000000000006,17.717390046205622,13.453231914500536,2.079304648118145,17.603321806386596,13.403321806386597,2.0898339096806704,0.04277817183966259,-0.06851521376634545,-0.004513414390228655,0.10374008695160315,-0.10421593730604904,0.08911390201203544,-0.15084199952154864,-0.06359270778557968,0.0
56.45,17.76879445253626,13.504508853847131,2.079422611472913,17.671779823622277,13.47177982362228,2.086411008818886,0.005401389680867114,-0.02700497363877963,-0.006105352779731863,0.06183542534935001,-0.19626129162732936,0.009959105214840992,0.04270590444082713,-0.07317952619930783,0.0
56.5,17.81953453949795,13.555650166005305,2.079238689466931,17.749341990491637,13.549341990491639,2.0825329004754183,-0.030754596988855857,0.012758970534850112,-0.006155901012066409,0.014768733443724244,-0.2558537047694485,-0.04661642472882106,0.20689346725197827,-0.08175146400562504,0.0
56.550000000000004,17.870568391786467,13.607526997964133,2.0785752747032618,17.834853418611768,13.634853418611769,2.0782573290694115,-0.06444308545754487,0.049284969999007375,-0.004930992927701532,-0.03252792244231267,-0.302895914543279,-0.07056137174863603,0.34283461503368334,-0.08903712701993835,0.0
56.6,17.922768579698225,13.6609363051687,2.077236517476744,17.9269136895144,13.726913689514399,2.07365431552428,-0.09438989773594982,0.08150054967349837,-0.002848993373680346,-0.06646918074508437,-0.35366776442872494,-0.06435177859806337,0.4500276761301355,-0.09481684925618283,0.0
56.650000000000006,17.976900606477365,13.716574976597242,2.075050969696445,18.02392858284451,13.82392858284451,2.0688035708577743,-0.11929956455613844,0.10858002405678226,-0.00043410905483230885,-0.06891039378095165,-0.4136799088468927,-0.041189759706548534,0.5219174726054616,-0.09892269292682875,0.0
56.7,18.03360891890117,13.775021481153479,2.071908239008526,18.124161804558764,13.924161804558764,2.063791909772062,-0.13813766815875803,0.1297980210592795,0.001775657191453239,-0.030886099381545684,-0.4818590053848554,-0.011845206959268328,0.5518749299465133,-0.10123844844287476,0.0
56.75,18.093405812387214,13.83672283993347,2.067784629015094,18.22578671512413,14.02578671512413,2.0587106642437933,-0.15033236889447493,0.14446226350939992,0.003343954158789517,0.03742124130845115,-0.5561489953439929,0.02621952621678969,0.5396583622748714,-0.10169963441385284,0.0
56.800000000000004,18.15665999287467,13.90198464960087,2.062755457243791,18.326938057716376,14.126938057716377,2.0536530971141813,-0.155643212699242,0.15199991357388995,0.003992231412900175,0.11530193828375765,-0.633079148651277,0.08161071885527901,0.4904084708586237,-0.10029349764782498,0.0
56.85,18.22358362549343,13.97096222555604,2.0569935346112724,18.425763686418552,14.225763686418553,2.0487118156790727,-0.15393053097041232,0.1521146592325058,0.003597100509119043,0.18927861563724585,-0.7057454691683089,0.15277033632676912,0.4108497197906316,-0.09705901315138553,0.0
56.900000000000006,18.294218926191345,14.043652024716321,2.0507544848114474,18.520476294419623,14.320476294419626,2.0439761852790186,-0.14516715352503076,0.14483750736697804,0.0022008580064303345,0.25766193761421763,-0.7668904204462236,0.22552513815577446,0.3103201247614976,-0.09208688412965858,0.0
56.95,18.368426925114008,14.119884026300978,2.0443505844491265,18.6094051422129,14.4094051422129,2.039529742889355,-0.1295732975032264,0.1304141185487955,2.9035588586204002e-05,0.3201608049107256,-0.8102136465434138,0.2859275863621436,0.1999958185143242,-0.08551954198630177,0.0
57.0,18.44588179137175,14.19931705492946,2.0381158501541763,18.69104778579464,14.491047785794644,2.0354476107102677,-0.10763423713631769,0.10920749644159206,-0.0025346883328727448,0.36985976654247343,-0.8270779560048778,0.3303579943497459,0.08723182274941038,-0.07755114632350245,0.0
57.050000000000004,18.526074039768915,14.281439761725816,2.032366360551635,18.76412180486257,14.564121804862571,2.0317939097568716,-0.08003383750153739,0.08177683037448547,-0.00501072441046999,0.397338134882876,-0.8078538367438948,0.3628501428311153,-0.025466594331628956,-0.0684275849419778,0.0
57.1,18.608324877384536,14.365580039267808,2.027361067805148,18.82761653101435,14.62761653101435,2.0286191734492824,-0.047605614426754234,0.049014486920046015,-0.006895697257916372,0.3996832192109448,-0.7478876903407055,0.3868354259381368,-0.1363187643612741,-0.05844647384098105,0.0
57.150000000000006,18.691812001229184,14.450924900134533,2.023269077267256,18.88084477594621,14.680844775946207,2.0259577612026898,-0.01131816862965368,0.012163923111277083,-0.00773279725784124,0.38458978599229804,-0.6502412421568418,0.40095984515142363,-0.24245328872709765,-0.04795715721829084,0.0
57.2,18.775604907907237,14.536551199318293,2.020149012387541,18.92349455965138,14.72349455965138,2.0238252720174312,0.02770950494476235,-0.02729373500933685,-0.007177147438907052,0.36707474037694715,-0.5230758357324324,0.4013132244968619,-0.3423330779267161,-0.03736070747022298,0.0
57.25,18.858706049170934,14.621465495743083,2.017944397560581,18.95568083861871,14.75568083861871,2.0222159580690646,0.0681633930763777,-0.06778935160562459,-0.005057271308958441,0.36191326861267525,-0.3750886555389185,0.38695974354555734,-0.43905739645791314,-0.027109925191620185,0.0
57.300000000000004,18.940093719766043,14.704649676736814,2.0164962448058033,18.97799723403114,14.77799723403114,2.021100138298443,0.10847553517857274,-0.10775355862051758,-0.001434012820108964,0.3765155899375779,-0.21313316271055677,0.3642380660765982,-0.540679292267696,-0.017709339175856733,0.0
57.35,19.01876359800727,14.785108460205022,2.015570985001721,18.991567759964244,14.791567759964245,2.0204216120017877,0.14677789960545018,-0.14560811247973282,0.0033492309022797088,0.40740956148828206,-0.0436117489460906,0.3470712480732877,-0.6563253031415927,-0.00971520641484175,0.0
57.400000000000006,19.093768065409467,14.861915711929358,2.0148994481110662,18.99809855158479,14.798098551584788,2.0200950724207605,0.18093590545829363,-0.1796909689793447,0.008650852411640826,0.4419467688989427,0.12577873384181654,0.3523115299225989,-0.7917860355491602,-0.0037355120990111884,0.0
57.45,19.164255004135292,14.934258307017314,2.0142212813709888,18.999929593349226,14.799929593349225,2.020003520332539,0.2087019194369259,-0.2081628344115827,0.013589102785918485,0.4656818215612409,0.2884271949469536,0.39041631459715637,-0.9490988841316765,-0.0004299696173362762,0.0
57.5,19.229509738206826,15.001478307268863,2.013328941559184,19.0000923149887,14.80005538899322,2.0200115393735874,0.22790768662309646,-0.22890656400442647,0.017183025824379458,0.47134088412092784,0.43988127384242054,0.4589705904888109,-1.1278884929671242,0.0013385284565921344,0.0
57.550000000000004,19.28900223658078,15.063113270571188,2.012115236339588,19.002253374150584,14.80135202449035,2.020281671768823,0.23661204511469636,-0.23946466034602237,0.018545724902650218,0.47541636195348624,0.5379817536064808,0.5605512304141997,-1.3169467121499163,0.010884515371804801,0.0
57.6,19.342433969059243,15.118925500044227,2.0106519650245898,19.009808097413284,14.80588485844797,2.0212260121766605,0.2338162415006496,-0.23743960854202523,0.017238725387756,0.434696922523761,0.4193949347714704,0.7525954612482639,-1.3718364946186261,0.027996292507315126,0.0
57.650000000000006,19.38979076062852,15.168912988719848,2.009237545915873,19.025419161654398,14.815251496992639,2.0231773952067997,0.22093081713883275,-0.22171430955495483,0.013753784030972513,0.49215566611643113,0.1937264875924244,0.8789770698985642,-1.380454072835346,0.05087823514427328,0.0
57.7,19.43138848169649,15.21329320448794,2.0083749006551472,19.05105807946448,14.830634847678688,2.02638225993306,0.20004111664781024,-0.19305313412814692,0.009048001668228459,0.6006803947256867,-0.10677773646286359,0.9576601108748993,-1.3322547698108158,0.0778701465663147,0.0
57.75,19.467889377039057,15.252483509669062,2.0086846437314594,19.08805937034804,14.852835622208826,2.031007421293505,0.17352767768244098,-0.15369307627868148,0.004239657076187419,0.7323004574154974,-0.40446664246621167,0.9843418671790426,-1.257500794260435,0.10744725805958062,0.0
57.800000000000004,19.50027394571179,15.287076170519871,2.010788670064127,19.13717473192456,14.882304839154736,2.03714684149057,0.14333391781186233,-0.10671029881541165,0.0002430918845741412,0.849600293798355,-0.6551199542644103,0.9699690919531835,-1.1622283818153805,0.13822022891271005,0.0
57.85,19.529771612385932,15.317808083889975,2.0151941804634093,19.19862721112944,14.919176326677666,2.04482840139118,0.1108987831903369,-0.055392863571966454,-0.0023394774858125295,0.923019817519148,-0.8438362795576695,0.9301227746198504,-1.0398420753628743,0.1689351464168248,0.0
57.900000000000006,19.55776432823752,15.345523008486886,2.022208955370578,19.272165375415074,14.963299225249045,2.0540206719268843,0.07741254666042302,-0.002755967597283588,-0.0032056135319497034,0.9423275779987509,-0.9716653776875132,0.8757319828325293,-0.8862429023365305,0.19847352586556044,0.0
57.95,19.58568288984475,15.371124793900472,2.0319053295249994,19.357117483951757,15.014270490371054,2.0646396854939697,0.044049067374878986,0.04868068922921255,-0.00233338563336948,0.9163079077293532,-1.0454249662539317,0.8108321847665513,-0.7073598622015737,0.22585231055503166,0.0
58.0,19.614914188569433,15.39552468783426,2.0441331200135386,19.45244565882877,15.071467395297262,2.076555707353596,0.012026859700197182,0.09691289471525168,3.721299012275351e-05,0.8642704010152404,-1.0731573622348738,0.7356188970835288,-0.5181804922949128,0.25022387178386235,0.0
58.050000000000004,19.64673062043876,15.419589950590181,2.0585686065386875,19.556800056255348,15.134080033753209,2.0896000070319185,-0.017490287697607857,0.14038296348266593,0.003457926295453573,0.8055132074754237,-1.0640377530618284,0.6511127933366226,-0.33621815657356124,0.27087600885317087,0.0
58.1,19.682244320535148,15.444101594014453,2.074781122207807,19.668573037761618,15.201143822656972,2.1035716297202023,-0.04353760501178252,0.17788737928666434,0.007370449530979754,0.7515590432904868,-1.0289282259020713,0.562376520962322,-0.17491782576969783,0.28723194906656324,0.0
58.150000000000006,19.722382182034707,15.469726052342535,2.0923001139318544,19.785953341399726,15.271572004839836,2.118244167674966,-0.06541631764522711,0.2084980792451563,0.011212768419750638,0.7044293343329968,-0.9785806218845059,0.4776252017871958,-0.041306405184431516,0.2988503477301522,0.0
58.2,19.767874461670786,15.4970011772336,2.1106706921309795,19.906980252944685,15.344188151766812,2.1333725316180856,-0.08266404841362192,0.2315308783604163,0.01449428445367208,0.6825646365062752,-0.9424462490745233,0.38148436934615804,0.08455242463601353,0.305425288152539,0.0
58.25,19.819247977022485,15.526334182941296,2.1295003363584932,20.029597777095496,15.4177586662573,2.148699722136937,-0.09498699382602042,0.24446006033286127,0.016829090708660375,0.8628719050609155,-1.1034308384864235,0.092653687591258,0.38483335544787245,0.3067862816448263,0.0
58.300000000000004,19.876767765738492,15.558005853186804,2.148488633704636,20.151708808676116,15.49102528520567,2.1639636010845145,-0.10228403342315075,0.24368808287379468,0.017964231960799194,0.5714214824626119,-0.7935510766177755,0.2747140140375114,0.1985574065219623,0.3028982675206097,0.0
58.35,19.94037507134456,15.592173787802858,2.1673991397981567,20.271229303836368,15.562737582301821,2.178903662979546,-0.10474549516739044,0.23463977411891282,0.01790041169594222,0.23833646364847444,-0.4530117268630008,0.48763615047997483,-0.023826876061345537,0.2938616130959841,0.0
58.400000000000006,20.00981199386104,15.628881489534317,2.1860581363268405,20.386142451253097,15.631685470751858,2.193267806406637,-0.10263104855767163,0.22423939945401575,0.01679624746188683,0.020684963651822486,-0.24051859959541277,0.5649419136872478,-0.11199091204188005,0.27991211368953633,0.0
58.45,20.084780796836892,15.668061545291234,2.204302123727299,20.494552843331004,15.696731705998602,2.2068191054163755,-0.0961152762908662,0.21495979997734613,0.014809322365727625,0.3313995894602297,-0.5633125542335651,0.08904500696665957,0.34792010096777143,0.2614209926223554,0.0
58.5,20.16498099616966,15.709538243149899,2.221953993724946,20.594740647403782,15.756844388442268,2.2193425809254728,-0.08518342153572557,0.1989532030011685,0.012075559349437288,0.40215972450616944,-0.6379865169057963,-0.17123313947236943,0.5737955546619269,0.23889490121802204,0.0
58.550000000000004,20.249964323302788,15.753033474630936,2.2388418877369154,20.685215776935046,15.811129466161027,2.2306519721168807,-0.07009598407612773,0.1718127672991719,0.008910511333404819,0.26043442686347057,-0.48781485734964614,-0.23926625538942659,0.5894903685060671,0.2129759188026106,0.0
58.6,20.339032332443207,15.798175743006471,2.2547899108676503,20.764772062719306,15.858863237631583,2.2405965078399133,-0.05143778406439479,0.1347029850817291,0.005792218717711465,0.053341079848465645,-0.2645450096379911,-0.2540267224363028,0.5455036900157928,0.1844415527047026,0.0
58.650000000000006,20.431262614531274,15.844515027619977,2.2696087078216984,20.83254142408305,15.89952485444983,2.2490676780103813,-0.029793365864704487,0.09045718808789747,0.0031992727811414315,-0.13724118976016145,-0.04431841893805863,-0.2859192373318032,0.5130584129997999,0.1542047382553606,0.0
58.7,20.525584175215013,15.891539470957184,2.2830815976861616,20.88804804008565,15.932828824051391,2.2560060050107063,-0.005746069206098923,0.041686899016891904,0.0015341109170791314,-0.29147198060123536,0.16555740161948407,-0.3395563879843715,0.4895804995631554,0.12331383878816074,0.0
58.75,20.62085227687671,15.938693474595429,2.2949581134032546,20.931262520720434,15.95875751243226,2.2614078150900543,0.019915712844442723,-0.009413676358812816,0.0010811506219730988,-0.41683861495252567,0.3739576603965587,-0.3887318624636987,0.4512311380408461,0.09295264563916072,0.0
58.800000000000004,20.715905795383296,15.98539751290487,2.3049649246736053,20.962656078115646,15.977593646869387,2.265332009764456,0.0462189047307711,-0.06073829685202919,0.0019451502770738251,-0.5139170978740564,0.5733061630616957,-0.4126661040519036,0.3865748681145954,0.06444037814691767,0.0
58.85,20.809606384144455,16.031068871676325,2.3128330889309026,20.983254697735443,15.989952818641267,2.2679068372169304,0.07215104995723666,-0.11017969593163195,0.004030560724348894,-0.5650482963364903,0.7440525784312748,-0.40981013348710776,0.2942870776980205,0.039231683652494014,0.0
58.900000000000006,20.900864785099138,16.075142138911758,2.318336025689375,20.99469330958092,15.996815985748553,2.269336663697615,0.09655662138581929,-0.1558459784199162,0.007041781059373489,-0.555521401998037,0.8729043435688577,-0.37897694825714434,0.1674070902635163,0.018916637499434806,0.0
58.95,20.988660873398562,16.11708901146128,2.3213331110792175,20.999269959391082,15.999561975634649,2.2699087449238853,0.11794847255452329,-0.19613979531324102,0.010451149626170117,-0.4988120740319636,0.9620022523554403,-0.2964280098468472,-0.014015860943899783,0.005220743033794457,0.0
59.0,21.07206423282503,16.156438243028294,2.321815603974703,20.99999997984385,15.99999998790631,2.269999997480481,0.13463865561493354,-0.22924076949975244,0.013524082584658769,-0.420026079886762,1.017544423613133,-0.13395059402869458,-0.2697566140553732,4.9316041149617075e-06,0.0
59.050000000000004,21.150263411369075,16.19279613760312,2.3199621489745597,21.00106292732588,16.000531463662938,2.2699601402252796,0.14497463176876565,-0.2506715139437661,0.015445124195475243,-0.5892309655169534,1.3180894841044026,0.35501848435253464,-0.8662619876496218,-0.002414638349215743,0.0
59.1,21.222667940002328,16.22587709803017,2.3161611105764854,21.008335941816725,16.004167970908362,2.269687402181873,0.14707526722951164,-0.2535465626406145,0.015404732918209646,-0.099649542838883,0.938877856388201,0.18689687474389877,-0.8130114967359838,-0.009098836880560741,0.0
59.150000000000006,21.289068833434666,16.25556744830941,2.310883816918837,21.026666924670053,16.013333462335027,2.268999990324873,0.1395218740623335,-0.24339778149089095,0.013037516016104861,0.06226156883197975,0.7822898530791146,0.29385200904843334,-0.9620360793143254,-0.01880308041821926,0.0
59.2,21.34958295746279,16.281969757676286,2.304683394097655,21.05931570909732,16.02965785454866,2.2677756609088506,0.12207101662044391,-0.22073839273764936,0.008635881528869956,-0.10792352092587931,0.8185893041104082,0.6472489852841663,-1.245147804809976,-0.03039739009319326,0.0
59.25,21.404680984528046,16.305432052105374,2.298121843810023,21.108116935123753,16.054058467561877,2.265945614932859,0.09633591414909733,-0.18036829424999523,0.003294241982580601,-0.07347917393703884,0.5641392451611756,0.6982775685569962,-1.150007885686013,-0.042873954995130505,0.0
59.300000000000004,21.45531372783309,16.32653556675927,2.291651377708129,21.173642940199876,16.086821470099938,2.2634883897425047,0.06489216827469613,-0.12394056647805911,-0.0015045108901327953,0.06266277420947064,0.17889138599730647,0.5584490430436417,-0.824545775081144,-0.0553471321723211,0.0
59.35,21.502866164554185,16.34603233589893,2.285557238019574,21.255366649813006,16.127683324906503,2.2604237506320124,0.030591229863088584,-0.057707119545764275,-0.0045027655813839355,0.19383588779825026,-0.1971356057650699,0.35674504251493283,-0.41502853398356804,-0.06705344663169148,0.0
59.400000000000006,21.54898288273801,16.36476314733654,2.279920234344717,21.351824468098823,16.17591223404941,2.2568065824462944,-0.003801842905161274,0.01104059907633505,-0.005119459012738268,0.2733566748973346,-0.4870096200986273,0.17063087676448124,-0.022709440429665606,-0.07735159133881667,0.0
59.45,21.595364414475746,16.383575905808726,2.274615577588918,21.46077916845282,16.23038958422641,2.252720781183019,-0.0359415765739349,0.07615676322392098,-0.003556357759920323,0.3119004241646415,-0.6791837227678869,0.023540073668791656,0.30258697409606616,-0.08572242721790725,0.0
59.5,21.643598770023353,16.403255680368797,2.2693678680190628,21.57938278414191,16.289691392070957,2.2482731455946783,-0.06402322921578509,0.13312020926740384,-0.0005631975160342435,0.33600790453183244,-0.797933229896863,-0.07952034034144362,0.542414606858236,-0.09176898315182025,0.0
59.550000000000004,21.695053149403957,16.424473792939615,2.263847586409975,21.704339498915914,16.352169749457957,2.243587268790653,-0.08665474654776313,0.17883724326477557,0.00288413977505614,0.36241304341529323,-0.8729624757660529,-0.1323060824843627,0.6901044181921049,-0.0952164559820531,0.0
59.6,21.750819049248246,16.447757857516514,2.257774290119492,21.83206853761902,16.41603426880951,2.2387974298392868,-0.1026834631564174,0.21144715351520138,0.005813362511539767,0.40444086791895767,-0.926373909136218,-0.13824073534242137,0.7451159558458766,-0.09591221050874359,0.0
59.650000000000006,21.81168857038307,16.473478880343848,2.250997637548118,21.958867056801434,16.479433528400715,2.234042485369946,-0.11138718107097781,0.2300427372309645,0.0074679952498502445,0.47441751961054374,-0.9773136968830376,-0.11368755283873161,0.720989518404467,-0.09382577949067265,0.0
59.7,21.878140621949484,16.50184898070073,2.2435422415193815,22.08107303533076,16.54053651766538,2.2294597611750966,-0.1126959340782932,0.23411991850973182,0.007496489574237872,0.5644735367265796,-1.035231742033038,-0.06606526361252302,0.6384400842595881,-0.08904886364526331,0.0
59.75,21.950324965472394,16.53292339164165,2.235613305602686,22.195228165003652,16.597614082501824,2.225178943812363,-0.10699372912258065,0.22338156413934798,0.005966258353907295,0.6446735265416235,-1.0866243986438653,0.011921930526499924,0.5082130994203099,-0.08179533164857955,0.0
59.800000000000004,22.028043529886965,16.56660200505822,2.2275656875154404,22.29824074115726,16.64912037057863,2.221315972206603,-0.09485679009340947,0.19816683442658103,0.0032717276266109813,0.688909060400112,-1.1068563792063026,0.1209766929571224,0.33684251609977534,-0.07240122013532573,0.0
59.85,22.11073780315016,16.602629271581122,2.2198427438766526,22.38754855328074,16.693774276640372,2.2179669292519724,-0.07700207995536999,0.15975751992016582,4.591801610131511e-05,0.6900027295801481,-1.0796067034906425,0.24540252202686225,0.1397175016520022,-0.06132473369885252,0.0
59.900000000000006,22.197494940897382,16.640595516227183,2.212895116932375,22.46128177562686,16.73064088781343,2.2152019334139927,-0.05427572918567517,0.11026385321820703,-0.0029514962982152585,0.6545755357513288,-0.9990089892989829,0.36297309292459085,-0.06292525267681898,-0.04914624489114611,0.0
59.95,22.28708347938232,16.679945675927154,2.207094144483263,22.51842585782341,16.759212928911705,2.2130590303316224,-0.027620342924038806,0.052400865987368754,-0.004971311678871552,0.5946970457259242,-0.860939953290836,0.45632887160837027,-0.259759807435828,-0.03656829422284144,0.0
60.0,22.37802336152431,16.720001978122156,2.2026583294127766,22.558984415484822,16.77949220774241,2.211538084419319,0.0018468796215566625,-0.010624293229062902,-0.005404129777899797,0.5231215693779201,-0.65990753896202,0.5184589514854171,-0.45405646759229923,-0.02441559016320969,0.0
60.050000000000004,22.468686066160533,16.760004391033096,2.1996111934824367,22.584142120823653,16.79207106041183,2.210594670469113,0.03261223678898365,-0.07514174234571269,-0.003925506510214476,0.4483288609846411,-0.3951600640405173,0.5552574205969281,-0.6571053368628466,-0.013635009140164304,0.0
60.1,22.55741286891702,16.79916753933762,2.1977827006581534,22.59642759326209,16.798213796631046,2.2101339652526715,0.06255630695525934,-0.13706662785151325,-0.000680424739208743,0.3676220907943291,-0.07653119670141795,0.5866882411199066,-0.8791742478510771,-0.005295595540264641,0.0
60.150000000000006,22.64263711902052,16.836747868738943,2.1968553867442813,22.599876290043497,16.79993814502175,2.210004639123369,0.08897021448453755,-0.19193349013428765,0.0035795862684337982,0.2659531146656201,0.2780397237382459,0.6404431216235342,-1.1263810177294071,-0.0005885617087072518,0.0
60.2,22.723001714833035,16.872112861594466,2.196444589560183,22.600078979790656,16.800063183832524,2.209995656111514,0.10884388569557531,-0.23478871090977108,0.007565162037666911,0.1357112180473249,0.6386592389460313,0.7262690315936586,-1.3896586930285753,-0.0004860915031178512,0.0
60.25,22.7974720576509,16.904804748092612,2.1962013942970144,22.601802316293373,16.801441853034696,2.2099008726038645,0.11930375238961267,-0.25926125979720016,0.009792119183404231,-0.12387714354383661,1.008397191413596,0.9407889211334328,-1.6883584437797754,-0.003790586573355231,0.0
60.300000000000004,22.865475855257067,16.93459331843473,2.195892539004267,22.60776444701254,16.80621155761003,2.2095729554143104,0.11874981002925537,-0.2604775120579612,0.009300879341342794,0.21174632774004387,0.6011114254179976,0.5530282257587675,-1.241387581294697,-0.009714878065560425,0.0
60.35,22.926991288751612,16.961507004149546,2.1953704401392002,22.620089448702824,16.816071558962257,2.2088950803213447,0.10810466991244422,-0.24749985410269099,0.00635701472719638,0.36554091963064406,0.26778078609198586,0.33842241314185084,-0.8917064980361636,-0.017698712145481594,0.0
60.400000000000006,22.98234396587171,16.9858025429783,2.1946378159426296,22.64040944958618,16.832327559668943,2.20777748027276,0.08959233192533411,-0.22673189790921922,0.0018764952688503562,0.18003650996839088,0.2507920446860354,0.4475044917937381,-0.8613533093304435,-0.02722005587541052,0.0
60.45,23.032067406431953,17.007921362296397,2.1937794729352826,22.669899375621434,16.855919500497148,2.2061555343408212,0.06568202357035254,-0.19709968056133528,-0.003114548404613385,0.10895922294695493,0.14870902370841055,0.42038080868811545,-0.7291411991838027,-0.03779509721417386,0.0
60.5,23.07691386419128,17.028440318536006,2.19287662709051,22.709311696773863,16.88744935741909,2.2039878566774376,0.03834515469635181,-0.15971979688277232,-0.007752676583071789,0.09664086589006102,0.025646457267574363,0.31250352087531746,-0.5480487968728012,-0.048978245017142076,0.0
60.550000000000004,23.117824964124274,17.048024026936407,2.19196553739598,22.759011173284794,16.927208938627835,2.2012543854693365,0.009003365430210599,-0.11717195384803676,-0.011436558503640238,0.09211673774433653,-0.07992297852299654,0.18062605237282395,-0.3548547070174395,-0.060362129036225745,0.0
60.6,23.15586265972301,17.067387106160908,2.191009335144995,22.819009601941147,16.975207681552916,2.197954471893237,-0.021255211870484216,-0.07222897412751514,-0.01382464527463502,0.07400295137465324,-0.15500345015767641,0.05746555805084641,-0.169546640344432,-0.07157759991987026,0.0
60.650000000000006,23.19213552122144,17.087264105493745,2.189889818875887,22.889000562345068,17.031200449876053,2.1941049690710215,-0.05153762172562293,-0.027234555161076215,-0.014805287536557044,0.041796667460495415,-0.20122094294027915,-0.04144797568022225,-0.004143495018213983,-0.08229372921306718,0.0
60.7,23.227739047076827,17.108383761623767,2.1884215127880617,22.96839416318345,17.09471533054676,2.1897383210249104,-0.08107260395260603,0.01604954637169238,-0.014446914878028764,0.0010740787412820973,-0.22819899319482345,-0.10573772048596625,0.13394978999261437,-0.09221780935734172,0.0
60.75,23.26371511402973,17.131446262088197,2.186381835521417,23.056351788497576,17.16508143079806,2.1849006516326335,-0.10909284239473233,0.05641789331946778,-0.012948383838048352,-0.03976050580467266,-0.250385527406466,-0.1297769026910847,0.24234752434049098,-0.10109535369076336,0.0
60.800000000000004,23.301027941596175,17.157103764485406,2.18354795521699,23.15182084395268,17.241456675162144,2.1796498535826028,-0.13471308424876932,0.09310013837992716,-0.010617913525323801,-0.06538437680616627,-0.28223979340696276,-0.11922154416524572,0.32162655048694677,-0.10871009644794087,0.0
60.85,23.34055099185276,17.18594464447864,2.179732279916869,23.253569503107478,17.32285560248598,2.174053677329089,-0.15697916085501495,0.12553948842001145,-0.007858292718202929,-0.056937866935412695,-0.3330403770633953,-0.08918419158600194,0.3717854187392012,-0.11488399276001963,0.0
60.900000000000006,23.38305909630309,17.218481405821304,2.1748114599747863,23.36022145368384,17.408177162947073,2.1681878200473887,-0.17508273831757473,0.1531485465129388,-0.005111468279157953,-0.005733003912455542,-0.4043110837570052,-0.050755273521826044,0.39063470705920056,-0.11947721865468854,0.0
60.95,23.429221350109206,17.25514153037527,2.168746393348771,23.470290643836286,17.49623251506903,2.1621340145890042,-0.18850798918155642,0.17523340839166826,-0.0027776376307285158,0.07856948520938906,-0.4911436270006363,-0.0019836211320511943,0.3755135693562028,-0.12238817105617338,0.0
61.0,23.47959194731367,17.296260026153703,2.161592450175489,23.58221602842163,17.585772822737304,2.1559781184368103,-0.19696328689541687,0.1911407205184446,-0.001168151946376064,0.17689224542046172,-0.5856969551586984,0.06434943901682227,0.326318472493574,-0.1235534677852416,0.0
61.050000000000004,23.534597843045454,17.34207228144843,2.153500054197352,23.69439631526855,17.675517052214836,2.14980820266023,-0.20025130253811946,0.20043982625147705,-0.0004966444101483194,0.2753285205432264,-0.6806556962167608,0.14734627574431836,0.24775589802192027,-0.12294794755919967,0.0
61.1,23.59452377136531,17.39270628556805,2.1447061760950814,23.805224711447103,17.764179769157682,2.1437126408704095,-0.1982640066109838,0.202958323556796,-0.000864608864671046,0.36865071902833935,-0.771504500087632,0.2360041389070601,0.15023712237013723,-0.12058466999189403,0.0
61.150000000000006,23.659496357962308,17.448174074804275,2.1355175190949813,23.913123669538432,17.850498935630743,2.1377781981753863,-0.19103151815212926,0.19867878006274928,-0.0022426139630041205,0.4533429633098897,-0.8543675790041824,0.31793553732071633,0.04628782914378371,-0.11651491559371008,0.0
61.2,23.729469961282295,17.50836309835713,2.1262864584359247,24.016579633904204,17.933263707123363,2.132088120135269,-0.1787146496167695,0.18765653391217413,-0.004473576068884344,0.5218462006527133,-0.921399241766261,0.3867627812522064,-0.05571194771736343,-0.11082818577157487,0.0
61.25,23.804217370248978,17.573028970787906,2.117381326751362,24.114177786956322,18.011342229565056,2.1267202217174024,-0.1615752298864132,0.17007183762796532,-0.0072938036843526255,0.5645163967921931,-0.9614017839783076,0.4415950921394203,-0.1526611611720845,-0.10365220282895346,0.0
61.300000000000004,23.883328291582544,17.641791674313705,2.109153467559065,24.204636795426435,18.083709436341145,2.1217449762515463,-0.13996644904026312,0.14634338127520213,-0.010360372729532424,0.5755382490273,-0.9652981852182501,0.4823030405611743,-0.24286430025218914,-0.09515290996584985,0.0
61.35,23.966217698377097,17.714137421804647,2.1019043845845635,24.286843556635503,18.1494748453084,2.1172236043850474,-0.11433756963685672,0.1171722424960434,-0.013283756611393768,0.5564340473787079,-0.9301792436881233,0.5067832313581244,-0.3232303973614534,-0.08553447127881203,0.0
61.400000000000006,24.052144562548722,17.789427962466647,2.095856963038141,24.359887944763447,18.207910355810757,2.1132061630380106,-0.08523510042317982,0.08350365275320702,-0.015666966305808515,0.5160508463105202,-0.8597298824014545,0.5111330811729184,-0.38956135187671526,-0.07503927176092164,0.0
61.45,24.140239789568263,17.8669179790367,2.0911347461760266,24.423097557118663,18.25847804569493,2.109729634358474,-0.05330499229744068,0.04643359495696194,-0.01714747310600821,0.46743016745411037,-0.7616607443110246,0.49222541717350116,-0.4391391213335743,-0.06394791730180645,0.0
61.5,24.229540551588517,17.945779835474145,2.087752385526818,24.476072460407654,18.30085796832612,2.1068160146775794,-0.019301710263028987,0.007101355676391434,-0.017438661361170647,0.42313660147327037,-0.6439919507494065,0.45110175730594704,-0.4737156604806977,-0.05257923468762992,0.0
61.550000000000004,24.319027309259894,18.02513365194352,2.0856187118733547,24.518719937004583,18.334975949603663,2.104470403464748,0.015891574965488087,-0.03338347825631228,-0.016369772027215106,0.3907107019709291,-0.5124394326482524,0.39563201126035313,-0.5007662286732979,-0.041290271601093845,0.0
61.6,24.407660073184246,18.104079897234875,2.084551814524995,24.551289231220856,18.36103138497668,2.102679092282853,0.05123688585671677,-0.0739419106215509,-0.013924027726687396,0.3700831602069181,-0.3708535037458299,0.3408260823712612,-0.5313055510791892,-0.030476296621445735,0.0
61.650000000000006,24.494411618673265,18.181731738713882,2.0843036760234988,24.574406295574722,18.379525036459775,2.1014076537433906,0.0855452903568087,-0.1134544466533028,-0.010268874635597022,0.3551778039257082,-0.22401794584611612,0.3049021047252497,-0.5752237307079032,-0.02057079922446706,0.0
61.7,24.578297016861985,18.257245206770897,2.0845907842261093,24.58910853706083,18.39128682964866,2.1005990304616544,0.11754939272106069,-0.15066252139560146,-0.005759564325400109,0.33991744586148376,-0.07915297517117165,0.3013434268082195,-0.6379172794765771,-0.012045489782482766,0.0
61.75,24.658400678179856,18.329846386798593,2.085126899759858,24.596879563419837,18.397503650735867,2.1001716240119093,0.14600673660174818,-0.18411810351300167,-0.0009023283432396845,0.32423751016422026,0.0565335762550373,0.33168501186115207,-0.7209318479345923,-0.005410299564355554,0.0
61.800000000000004,24.733903488111444,18.398856052085936,2.0856545817657577,24.599683929407956,18.399747143526362,2.1000173838825624,0.16972394467168808,-0.21220312936938765,0.0037028493670504103,0.31434032550810975,0.17896643619774033,0.384731062201232,-0.8236074489892188,-0.0012133807354875628,0.0
61.85,24.80411330278183,18.46371308252579,2.0859728314319654,24.600003210573266,18.400002140382178,2.099998662261139,0.18745806662192321,-0.23316226729139847,0.007405605090483913,0.18259130763439813,0.4197794751026477,0.5759920347832392,-1.0743849086955453,-0.0005280294396528668,0.0
61.900000000000006,24.868509840737413,18.52399807919046,2.0859616849205516,24.60132034189693,18.400880227931285,2.0994498575429468,0.19779326084083737,-0.2425317785219796,0.009534607210658783,0.19485444726465928,0.5283936351688494,0.5538309938042241,-1.1461693627856626,-0.027936165478483935,0.0
61.95,24.926875086038944,18.579486626797507,2.0854712401991202,24.608051536561447,18.40536769104096,2.0966451930993975,0.1991791847523062,-0.2394108723269602,0.009527267753207577,0.40867301714519494,0.40740114458165577,0.12334694787653311,-0.811774744832464,-0.08896939389498551,0.0
62.0,24.979362822152897,18.63022047683304,2.0841363327828395,24.623606678137364,18.415737785424906,2.090163884109433,0.19053802315739246,-0.22827468690842107,0.007236182652650104,-0.0698356961801988,0.8591032702525128,0.15127765511803837,-0.8476175788130752,-0.17337860049647727,0.0
62.050000000000004,25.026419669121562,18.67652339318773,2.081361686704976,24.650226840471415,18.433484560314273,2.0790721498035776,0.1722983406293742,-0.20545695079287413,0.003143077076770444,-0.511831219360237,1.1441424221384668,-0.04328865169413587,-0.5544015167445348,-0.2719327374123072,0.0
62.1,25.0687929964241,18.718960352310912,2.0763523922651825,24.689106455645177,18.45940430376345,2.0628723101478426,0.14642807067239916,-0.1693041277384093,-0.0016801883062139765,-0.8548763905575729,1.2539657057087832,-0.43435971149274977,0.0037682243538481597,-0.37641882309379426,0.0
62.150000000000006,25.10748654283019,18.758246511362834,2.0682047639947108,24.740515481933727,18.493676987955816,2.0414518825276144,0.11585931487085838,-0.12296991171893193,-0.005977766139163897,-1.120651253235712,1.2850198441204697,-0.8991072722056694,0.6465442779533441,-0.47964194231432844,0.0
62.2,25.143629502271633,18.795147412016725,2.056017966991808,24.80392157176423,18.535947714509486,2.015032678431571,0.08327509420752945,-0.07151080552341069,-0.008872894584661858,-1.3369626768034388,1.3069270703415454,-1.315947473798977,1.221453220841049,-0.5754252461692572,0.0
62.25,25.178349464832824,18.830404692481906,2.0389963085118215,24.87811223967465,18.5854081597831,1.984119900135563,0.05034474548719305,-0.01930146321268412,-0.01003022853015009,-1.5114452426143477,1.295114598969244,-1.6008666084028793,1.6798262393106331,-0.6586099520759873,0.0
62.300000000000004,25.212693699889794,18.86469568400439,2.0165387377396176,24.961317030272358,18.64087802018157,1.9494512373865183,0.019053276857240772,0.030462075930482866,-0.009497682025876742,-1.5950341531102619,1.2037602375287277,-1.747420612764801,2.0107709691670914,-0.7250553437739331,0.0
62.35,25.247599514699527,18.898617957720738,1.9883150783570382,25.051329686192737,18.700886457461824,1.9119459640863596,-0.008380605132546248,0.0748885295940657,-0.007744654233011816,-1.5341093887099149,1.036250855708337,-1.778043895878397,2.1729301996641435,-0.7716387713244969,0.0
62.400000000000006,25.283895278636688,18.932687671300414,1.954324735332148,25.145630316057918,18.76375354403861,1.8726540349758674,-0.03105847418055896,0.11128372411623849,-0.0054160857381251645,-1.3574101749550644,0.7955640769418317,-1.6565187920999866,2.146850765208247,-0.7962556511111272,0.0
62.45,25.322310172237703,18.96734302112146,1.9149353590647207,25.24150756243531,18.827671708290204,1.8327051823186218,-0.048078558595475475,0.13818026685538032,-0.0031552191315217335,-1.0823392370684348,0.4717711732785279,-1.3799715864749258,1.9486366567697568,-0.7978194658392662,0.0
62.5,25.36347579936486,19.00294215325008,1.8709007884374875,25.33618076979633,18.89078717986422,1.7932580125848634,-0.05819818693806901,0.15493886430578757,-0.0015948697102445893,-0.6845924232990941,0.06672998463875524,-1.008398859788952,1.603661303004403,-0.7762617645363858,0.0
62.550000000000004,25.407907748411095,19.039750156496474,1.8233561244878413,25.42692215247502,18.951281434983343,1.7554491031354091,-0.06101100356606467,0.16053549509263737,-0.001103434353355622,-0.19866715511413546,-0.3916141240688513,-0.5600804472073524,1.132136712677581,-0.7325321625519579,0.0
62.6,25.45596062788399,19.07791513914621,1.773784520854976,25.511178962626637,19.00745264175109,1.7203420989055682,-0.056623568430750455,0.15429966368554696,-0.0017334712091539163,0.3154512499803005,-0.8626570525772903,-0.041233698193475665,0.559612495437009,-0.6685983415574883,0.0
62.650000000000006,25.507760856426227,19.117434898440923,1.7239474465174152,25.586695658186393,19.057797105457595,1.6888768090890036,-0.04538706701381595,0.136542319908414,-0.0032623056110618423,0.8217687584123126,-1.3122522919198643,0.5089441631547734,-0.06937935713020538,-0.5874460495464692,0.0
62.7,25.563131157282843,19.158121352594794,1.6757719316355377,25.65163607082799,19.101090713885327,1.6618183038216712,-0.02805842427636423,0.10828068767115051,-0.005216939539900663,1.2905422270455926,-1.7078326825133376,1.0426439798725116,-0.7031183148517051,-0.4930791008344478,0.0
62.75,25.621529665500876,19.199574439507277,1.631193434640514,25.70470557392235,19.1364703826149,1.6397060108656871,-0.005748358322204158,0.07113329278252692,-0.006989052267456879,1.6892851128469863,-2.0121301232366036,1.519860619094087,-1.2979795312338145,-0.3905193760589531,0.0
62.800000000000004,25.682031364219505,19.241179466533474,1.5919683357499141,25.74527325049622,19.16351550033081,1.6228028122932425,0.020144280371652633,0.027440280140631036,-0.007990938669901087,1.9916407556391884,-2.191930474716553,1.906488479482086,-1.8188572618710444,-0.28580682217952214,0.0
62.85,25.743374349894403,19.282140673009927,1.5594847137785381,25.77349406119078,19.18232937412719,1.6110441411705074,0.04790553231844528,-0.019787181949440596,-0.007813106267278467,2.180176390403185,-2.226592606946126,2.176041054771886,-2.237322458240065,-0.18599945247775335,0.0
62.900000000000006,25.804076684032243,19.32155635381827,1.5346086372168455,25.790431012220367,19.193620674813577,1.6039870782415147,0.07547950896616554,-0.06707992612093278,-0.006366970154839949,2.2428501010575013,-2.1094235231196583,2.313083907830171,-2.5320571794592945,-0.09917334655720306,0.0
62.95,25.862608391437462,19.358528526536023,1.5175965054368759,25.79817732333102,19.198784882220682,1.6007594486120742,0.10051096815552736,-0.11075395650108939,-0.003969960263574045,2.1687481118757543,-1.8430237794996152,2.3122073382424717,-2.6892585117452596,-0.03442265034349479,0.0
63.0,25.917587808608708,19.392288170033186,1.5080822806441287,25.799978595759217,19.199985730506143,1.6000089184336597,0.12047476896274861,-0.147100796164503,-0.0013223903616112523,1.9454285842298478,-1.4306952745874422,2.171833667650658,-2.7018445701404645,-0.0018595760842258916,0.0
63.050000000000004,25.967968553234495,19.422311671142875,1.5051229031653077,25.800265515382243,19.200044252563707,1.5999977873718148,0.13286285317232738,-0.1724863043662113,0.0006479011570071658,1.56249915447408,-0.8991187845793949,1.9055900952545985,-2.5593506728786957,-0.00018380287482821356,0.0
63.1,26.013178306673016,19.448397423354198,1.5073305748065233,25.80349852381836,19.20058308730306,1.5999708456348471,0.13593271497252948,-0.1836763977760655,0.0011532198701480654,1.0658105177455177,-0.4598123034266661,1.6153051840375705,-2.2081077254976034,-0.000991875282384685,0.0
63.150000000000006,26.053151657556043,19.47065252007531,1.5131956651991603,25.813214858879245,19.202202476479872,1.5998898761760063,0.13061619743093986,-0.17907008831840046,0.00017394900575311287,0.5809042839636586,-0.19964068789165235,1.324890086406344,-1.7090281253253263,-0.002323668490029485,0.0
63.2,26.08826879165537,19.489394845701543,1.5213682531476294,25.832183489067287,19.205363914844547,1.5997318042577726,0.1200106466236215,-0.15931534851494994,-0.0015770344071405625,0.20673719965879223,-0.06086767875922372,1.0191159452241787,-1.1924067113104742,-0.004056234127857531,0.0
63.25,26.119252123957843,19.505033902167213,1.5307706201442906,25.862462759796006,19.210410459966,1.5994794770017,0.10723506529173124,-0.12672797739343095,-0.0033011771442600893,-0.025704735744573548,0.01979025323940209,0.701388271392703,-0.7453283807865586,-0.006075646202816659,0.0
63.300000000000004,26.147061850198313,19.51798487571553,1.5405979152025076,25.905454527651163,19.217575754608525,1.5991212122695737,0.09422088005569507,-0.08443853422022468,-0.004527793559512587,-0.1361807930753876,0.07224165047261893,0.39457585151067703,-0.3955381833804827,-0.008277001098707246,0.0
63.35,26.172811008590564,19.528629773861073,1.550269165477371,25.96195829465187,19.226993049108643,1.598650347544568,0.08165922658596884,-0.03570457096601145,-0.005109919846936069,-0.16576360864398004,0.10395639909691273,0.12757079303284474,-0.13712644034092808,-0.010564417576181089,0.0
63.400000000000006,26.197702116433916,19.537312527824746,1.5593685111461824,26.032225342511726,19.238704223751952,1.5980647888124024,0.06947575062331639,0.016516104061624775,-0.005048919804225824,-0.15454859450405214,0.11469787877171689,-0.07612576781927541,0.04655566189456094,-0.01285103677274361,0.0
63.45,26.222979772617816,19.544349607908018,1.5675947698398707,26.116012866899894,19.25266881114998,1.597366559442501,0.057356836436314285,0.06977761648866672,-0.004361939270884262,-0.12775544845289716,0.10097712250501376,-0.20666743044260918,0.17433581697122222,-0.015059022202751326,0.0
63.5,26.2498930070111,19.5500424244653,1.5747253646941584,26.21263811170225,19.26877301861704,1.596561349069148,0.04513091053341885,0.12216621849732737,-0.0030584213674837942,-0.0895013820478576,0.056061871701153176,-0.2723397701533556,0.265449783502787,-0.017119559757414124,0.0
63.550000000000004,26.2796632226545,19.554684484566017,1.5805952901021774,26.32103250328251,19.286838750547084,1.5956580624726457,0.032939583396890036,0.17209381782304273,-0.0011922275122063807,-0.02876762945209721,-0.024356365721398487,-0.2941644710300686,0.3335171188925592,-0.01897285770479416,0.0
63.6,26.313455566951593,19.55856165041042,1.5850891596079468,26.439795784743254,19.306632630790542,1.594668368460473,0.02116066284037696,0.21800692213733402,0.0010942588096858922,0.1991309581480485,-0.2699800832973166,-0.42581744827847,0.5151029128994301,-0.0205681466898052,0.0
63.650000000000006,26.35234809309142,19.561946587335648,1.5881756695047495,26.56725015018718,19.327875025031197,1.5936062487484401,0.010238301070586075,0.2522606213210695,0.003565032085998262,0.9660042452010849,-1.0411202036740796,-1.0518383664984168,1.1797161396210918,-0.02186367973421437,0.0
63.7,26.397160347907725,19.565091120169527,1.5899675716599224,26.701494378978072,19.350249063163012,1.5924875468418496,0.0005696010614463919,0.26120448747938657,0.005858970984290627,0.7262461801784372,-0.7899694791358611,-0.647395198158325,0.7950717462723644,-0.02282673223664032,0.0
63.75,26.448171413061477,19.56822044880985,1.5906056763447747,26.84045797000204,19.373409661667008,1.5913295169166497,-0.0076331826903684435,0.2516075349845787,0.007698232227835031,0.2966928270497578,-0.3444494981127581,-0.0440306742025605,0.20043607922066115,-0.0234336019725547,0.0
63.800000000000004,26.50524291955445,19.571528073006817,1.590349933933316,26.98195527592857,19.396992545988095,1.5901503727005954,-0.014370933827159866,0.23599725669912977,0.00902191750720017,0.05021910578269018,-0.0891818200718863,0.36609724142254263,-0.2005964635026628,-0.023669609094281275,0.0
63.85,26.56808412812899,19.575176907432372,1.589535500602704,27.1237396374716,19.420623272911936,1.5889688363544034,-0.01968732282699638,0.2226560909226092,0.00988608424661639,0.015373838070949386,-0.05493305970709317,0.5360488118852975,-0.3580414925965565,-0.023529096130996175,0.0
63.900000000000006,26.63643096503212,19.57929917725077,1.5884555263507512,27.26355751765077,19.443926252941797,1.5878036873529102,-0.02356139259842985,0.21440178303886223,0.010357722187933929,0.09536865933848815,-0.13958570903173262,0.554254724525613,-0.36495440317298933,-0.023015427988727872,0.0
63.95,26.710117051511777,19.583993554271444,1.5873144711565366,27.399202636052348,19.46653377267539,1.5866733113662306,-0.02592798891622001,0.21059604437030802,0.010478403610758677,0.19808277323666446,-0.2460785824504218,0.5140886007027927,-0.3192585612073833,-0.022140991950357448,0.0
64.0,26.789067635604592,19.589321450943785,1.5862364284430772,27.528570103090516,19.488095017181752,1.5855952491409124,-0.026725815913875774,0.2094169532550481,0.01026798239078146,0.2747098393429118,-0.323461952277883,0.47065557455522755,-0.27799478869546856,-0.020927197675618125,0.0
64.05,26.873262849059106,19.595304423246883,1.5852874175605287,27.649710554268392,19.508285092378067,1.5845857453810968,-0.025945318280647448,0.20930258788898765,0.009742464210989807,0.31486646226802695,-0.3611131099607283,0.4420275423268798,-0.25924548380072654,-0.01940447720109557,0.0
64.10000000000001,26.962706449421663,19.6019242148025,1.584495870914374,27.760884284439197,19.526814047406535,1.5836592976296735,-0.023651269862743816,0.20940706683669383,0.008927022444234193,0.3286277269423503,-0.3693624306766909,0.42523004971941697,-0.2594106548084976,-0.017612284940227253,0.0
64.15,27.05739488263076,19.609123655515216,1.583867748000871,27.86061538206724,19.543435897011207,1.5828282051494398,-0.019986662471631715,0.2094530391278851,0.007860881865006088,0.3302248790086398,-0.36278640408762486,0.4117648285875726,-0.269093825713941,-0.01559909768330465,0.0
64.2,27.15732983071553,19.616813295156266,1.5834045430605659,27.947745863489228,19.55795764391487,1.5821021178042565,-0.015135480427768876,0.2069608406742412,0.006592675197240271,1.2573627174997044,-1.2782524828851987,-0.5326849574208419,0.6458565634713016,-0.013422414597469968,0.0
64.25,27.26240912099188,19.624875721456714,1.583205939605072,28.021489807175247,19.570248301195875,1.5814875849402064,-0.009385680168058512,0.18311394657082736,0.00525249423941997,1.424695646738877,-1.4356552207686075,-0.7297818576276806,0.8144181451685063,-0.011148757226718474,0.0
64.3,27.372022840353132,19.633169448625278,1.5833919175936784,28.081487487989914,19.580247914664987,1.5809876042667508,-0.0029641508532613063,0.13166188014992045,0.0040671960481632324,0.9871442877511608,-0.9878976084660129,-0.33928244483052306,0.3977069130074975,-0.008853669491897701,0.0
64.35000000000001,27.484890892882667,19.641535347628544,1.5840086735264751,28.127859511453494,19.587976585242252,1.5806011707378875,0.0038210499358204714,0.06273122840971376,0.0032710981889762856,0.4760754394416318,-0.460389840202235,0.11054019497908692,-0.07889586024821164,-0.00662171769070681,0.0
64.4,27.599313212960695,19.649806234032695,1.5850663464967982,28.161260948002983,19.593543491333833,1.5803228254333086,0.010648821626192845,-0.011226536855450777,0.002982819087949333,0.11201018661221901,-0.07403549237265317,0.40321783447284143,-0.3971206581945512,-0.004546490497699438,0.0
64.45,27.713469495938774,19.657814234672394,1.5864853090687479,28.182935467253273,19.59715591120888,1.580142204439556,0.017282173414636937,-0.08152243515326787,0.0031796598896409968,-0.0898426428164869,0.15746168036891478,0.53290499946341,-0.5531771589276714,-0.002730598964279609,0.0
64.5,27.82563724901346,19.665398510769077,1.5880691342193254,28.194769472258233,19.599128245376374,1.5800435877311814,0.023427576093420912,-0.1434763555059326,0.003741344382232966,-0.18208347479872122,0.28544073067474274,0.5672572976690146,-0.615288430396358,-0.0012856765187043474,0.0
64.55,27.934309538808595,19.672413887682772,1.5895501909284773,28.199346233771838,19.599891038961974,1.5800054480519015,0.0286831624466557,-0.1949805708045098,0.004471245757398067,-0.21981175648358342,0.3605325540114721,0.5759446218939079,-0.6514693060683803,-0.0003323789660829681,0.0
64.60000000000001,28.03824049466232,19.678739698297402,1.5906637252682616,28.200000024838722,19.6,1.5800000032083352,0.03257763136730292,-0.2349636360479889,0.005120067237110312,-0.24534268071528864,0.4204809507616366,0.6092817368291142,-0.7109322975645521,6.033585498483055e-06,0.0
64.65,28.136462228237317,19.684287861821968,1.5912320540902658,28.200802045417614,19.6,1.5801035975331088,0.034653631278677446,-0.25964017264784,0.005431266247959044,-0.6398955835717655,0.8275810848161734,1.060957934856879,-1.1719021967120693,0.0059228187907957456,0.0
64.7,28.228369290197463,19.68900930630363,1.5912551272381719,28.20582906333959,19.6,1.5807529206813635,0.0347031556117985,-0.26193210952112006,0.005248788159546173,-0.24478831527894807,0.3913361306344627,0.7983963428384344,-0.8717502992897552,0.021482530209977813,0.0
64.75,28.313842049583304,19.69289676693814,1.5908926680164976,28.21841355995471,19.6,1.5823784181608167,0.03320145810131279,-0.24925118365138577,0.004690554842357403,0.2896440727991703,-0.21023289947741086,0.47212894850219744,-0.4865539663869911,0.04464108860872691,0.0
64.8,28.393076668994286,19.695971200877956,1.5905367177274268,28.241124576388522,19.6,1.5853119244501843,0.031052112614223318,-0.2330878313786715,0.004021994729576705,0.38766559358236263,-0.3602587603619287,0.630935514657288,-0.6024662903489687,0.07349813206132198,0.0
64.85000000000001,28.46636317368252,19.69826655899276,1.5907328364494318,28.275823346048615,19.6,1.5897938488646128,0.028862579637500975,-0.21324299619035483,0.003402500272073447,0.1335136807474091,-0.13175154646957687,1.1529952499294842,-1.1070733775627735,0.10629701595064839,0.0
64.9,28.53411885191284,19.699818812157503,1.5920923285922643,28.32371892713112,19.6,1.5959803614211034,0.02691404048494309,-0.18073649985537843,0.0029051171851197702,0.25856076924797033,-0.26077482205399516,1.269902702626084,-1.226543282605225,0.1414248129681594,0.0
64.95,28.597103983844775,19.70066152729473,1.595212665554451,28.38542383512735,19.6,1.6039505787039499,0.025240651756791493,-0.13516751581353117,0.0025418147730892986,0.5390645527735245,-0.5310645818668802,1.175347341145541,-1.146994482347523,0.17741231311393296,0.0
65.0,28.656467783993946,19.70082697485762,1.6006008650884425,28.461009675330285,19.6,1.6137137497301621,0.0236855754546801,-0.08104509802005341,0.002284762694564642,0.8034378535908414,-0.78276230357363,1.0215945775674091,-1.0093798786134645,0.21293402369663478,0.0
65.05,28.713637586544824,19.70035017375393,1.6086045413806331,28.550062775341154,19.6,1.6252164418148993,0.022086671078584013,-0.023786174239309146,0.0021182514538414755,0.976621369768232,-0.9482099285038157,0.8776111162890983,-0.875428891303411,0.24680816933352726,0.0
65.10000000000001,28.770159327026995,19.69927273206169,1.6193600473932872,28.65173981757602,19.6,1.6383497264369022,0.020355126797888378,0.032304180368419776,0.0020462706395122858,1.054351719662838,-1.024990447705062,0.7549661191156445,-0.7547368270082186,0.2779966919504779,0.0
65.15,28.827553989024743,19.697643990576278,1.6327863154851194,28.764823471772193,19.6,1.6529563651039083,0.018482759416367837,0.08441068424543957,0.0020768488071004508,1.0639447731951772,-1.0390620136451998,0.6432745790841206,-0.638129301076301,0.30560525078192474,0.0
65.2,28.887216176837622,19.69551924297532,1.6486233961230736,28.887778027494992,19.6,1.6688379952181032,0.016525027374342416,0.13079531344098064,0.0022066481113852746,1.0355247056164987,-1.017685466400431,0.5329823497066201,-0.5189593402106593,0.3288832223709295,0.0
65.25,28.95035468439742,19.69295633124888,1.66649365255307,29.018805026644156,19.6,1.685762315941537,0.014569137579105648,0.1703092940790269,0.002415086994605165,0.9895090391589354,-0.978089797391988,0.422408365455014,-0.3990338641160089,0.34722370056914137,0.0
65.3,29.017963232172733,19.690012194380955,1.6859642176292826,29.15589889596044,19.6,1.703470274061557,0.012699702118701892,0.20210450631451155,0.0026691871565714463,0.9352026127450099,-0.9268374638193994,0.31571680924162016,-0.28573994203739483,0.36016349653680635,0.0
65.35000000000001,29.09080866448087,19.68674039780407,1.7065981063367288,29.296902579532205,19.6,1.721683249856243,0.010968243059953855,0.22554758937611025,0.002935463084579127,0.8746124990690872,-0.8646159637205355,0.21789127196556482,-0.18586793356242812,0.36738313874276834,0.0
65.4,29.169427602487744,19.68318994733881,1.7279893976569316,29.439563171301806,19.6,1.7401102429598165,0.009374959512094147,0.24014353991742368,0.0031920703322294757,0.9318962148937443,-0.9166514259175168,0.005749479741719028,0.02453023838573621,0.3687068729644624,0.0
65.45,29.254119457224515,19.679405121796204,1.7497915450872803,29.581587547572394,19.6,1.7584550582281009,0.007880446111347755,0.2434108634649361,0.0034298773611309333,0.7742588388689566,-0.7531373716075724,0.007589109710826198,0.020046883089436182,0.3641026622879275,0.0
65.5,29.344903778263703,19.675426029268976,1.7717072189367538,29.720697999514307,19.6,1.7764234916039314,0.00642456432491473,0.23698501829012045,0.0036474860238702445,0.43365788958613144,-0.41115692313760444,0.1852962265804008,-0.15601392033175399,0.35368218710779664,0.0
65.55,29.441565555985758,19.671289686733566,1.7934758255061385,29.854687865671664,19.6,1.7937305159825898,0.0050230416610008224,0.22613969366656536,0.003832759818904906,0.4742096261975106,-0.45251323058128723,-0.031196214617126617,0.06389637085257711,0.337700845127299,0.0
65.60000000000001,29.543763822095602,19.667030789917185,1.8148619695196575,29.98147716446895,19.6,1.810107467077239,0.0036938171632459305,0.20901845477845776,0.003977403541619352,0.4743118189931579,-0.45324060821215484,-0.22441459176376718,0.25977595266420195,0.31655775135825387,0.0
65.65,29.651009770227052,19.662682101918485,1.8356338318308694,30.099168226717424,19.6,1.8253092292843338,0.0024979834997278056,0.18301883799028218,0.0040639422976922876,0.36571490280444674,-0.3403745744205976,-0.3267641869181306,0.35900397043381815,0.29079573812109594,0.0
65.7,29.76261730855786,19.658274142326796,1.85555441728335,30.206101328121907,19.6,1.8391214215490792,0.0014046201093509756,0.14819837775272546,0.004097564027784117,0.1970900120984574,-0.16417313412263973,-0.38377922488393806,0.4088079730528524,0.26110135504484044,0.0
65.75,29.877710347797816,19.65383517377389,1.8743733157540912,30.300910321787168,19.6,1.8513675832308425,0.0003068723468848923,0.10605810027167512,0.004092209083568188,0.012009824223420396,0.023590474527982574,-0.43205421169234337,0.45427716653546124,0.22830486906710257,0.0
65.8,29.99526229233144,19.6493913761426,1.8918178465778483,30.38257827072453,19.6,1.8619163599685846,-0.0008439194929039883,0.05838428096761163,0.00404211654065895,-0.16460846906008902,0.19282979544542006,-0.4856904527301878,0.514610127888768,0.19338026443409634,0.0
65.85000000000001,30.114143881167696,19.644966964674282,1.9075898159272362,30.450493080358427,19.6,1.8706886895462964,-0.001961269202106608,0.00666178980189817,0.003931033569632908,-0.3277723213949877,0.34392002957902645,-0.5352044136271508,0.5746373408721315,0.15744524270062013,0.0
65.9,30.23316742785178,19.640584174698162,1.9213725666010335,30.504503131032894,19.6,1.8776649877584153,-0.0029038616261801617,-0.047789811557147704,0.0037649564356296485,-0.4811884764602974,0.4922697265050341,-0.5594208250766192,0.6015365240475247,0.12176122273010152,0.0
65.95,30.35112337051619,19.636263199708356,1.9328488709320066,30.54497291051824,19.6,1.8828923342752724,-0.0036448578275397603,-0.10335258062388797,0.003572319522369433,-0.621499432900445,0.6391286310457626,-0.5427068550668833,0.5755667878433758,0.0877333406945331,0.0
66.0,30.466809045946743,19.632022238830654,1.9417276176667244,30.572838646517507,19.6,1.886491658508511,-0.004328290576252953,-0.15796180111474153,0.003361975025591827,-0.7346218955608123,0.7604484432942458,-0.48071625454689265,0.5025210382117162,0.05691045007451512,0.0
66.05,30.579051510926753,19.62787774529025,1.94777663945936,30.58966393917306,19.6,1.8886649254765202,-0.005097797075937873,-0.20938826906930208,0.0031108184290225918,-0.804452382163763,0.8268227551083598,-0.37348525898143076,0.39526796387881885,0.030985121659243466,0.0
66.10000000000001,30.68672781696053,19.623844943967885,1.9508833825013456,30.597695393573126,19.6,1.8897023216698616,-0.005906301406499938,-0.2513591587144717,0.00281789663796037,-1.6869613045095324,1.6947747536064772,0.6451603027579842,-0.6130696519711518,0.011793643546506978,0.0
66.15,30.788889706474393,19.619939201067442,1.9511821091084733,30.599918252258355,19.6,1.889989440916704,-0.006467963446527623,-0.2676224110440284,0.0025726001578582664,-1.365043605139958,1.3711096618796166,0.555152591190289,-0.5247506398406325,0.001316021142707436,0.0
66.2,30.88508486268183,19.616175073294166,1.9489247700797094,30.60017118389629,19.6,1.890010698993518,-0.0069497228465455405,-0.2607889388154758,0.002356241586251232,-0.6345629028381553,0.6431329736944134,0.1517549022516228,-0.12675619399935606,0.001215200937280227,0.0
66.25,30.97531641955222,19.612567301850213,1.9445907719109712,30.603967966722706,19.6,1.890247997920169,-0.0073995703754853965,-0.24383136745086806,0.0021610006458801317,0.0004902766997541136,0.005102568910648003,-0.08361265095999809,0.10885215968168305,0.009442240559933581,0.0
66.3,31.059781348691292,19.609130240042976,1.9389047243504873,30.61686129596296,19.6,1.8910538309976848,-0.007698320204275886,-0.22762957432816658,0.002014743273407335,0.3913437856962739,-0.3858665246496086,-0.04851962137522206,0.07180102172347261,0.02361054418181456,0.0
66.35000000000001,31.13867720477165,19.605876592842325,1.9326700400579762,30.64280087655556,19.6,1.8926750547847224,-0.007869195618271149,-0.2168606341554111,0.0019051681574987975,0.5864890379773576,-0.5780579114009737,0.16354004518573118,-0.14475736748048512,0.04174578169480581,0.0
66.4,31.212109824164493,19.60281697192586,1.926639179110236,30.68423839465827,19.6,1.8952648996661416,-0.007989822431986347,-0.21149373293009152,0.001811346274671905,0.683473544686761,-0.6734789897056006,0.42179117766210744,-0.40591028703407256,0.06207723625517666,0.0
66.45,31.280086138936056,19.599959969038913,1.9214554926466496,30.742290408259638,19.6,1.8988931505162272,-0.008089325133678224,-0.20879706649429083,0.0017257417540535995,-0.03992080304787571,0.048618215660722,1.427420010061553,-1.41148660956144,0.08303780428361475,0.0
66.5,31.342611905097908,19.597312973506686,1.9177098783752513,30.816901237790535,19.6,1.9035563273619083,-0.008073980271619997,-0.18917051092850115,0.0016659850265517623,-0.4302740728499499,0.4422723800501991,2.0079714230843306,-1.9961619728551074,0.10326399546520604,0.0
66.55,31.40015978610347,19.594881845294733,1.9159311593686577,30.907005856735648,19.6,1.9091878660459778,-0.008084229713833695,-0.1385575322238506,0.001600104081405162,0.054847439088004935,-0.042486035753664275,1.6056667669910056,-1.5951421191513488,0.12159593274943932,0.0
66.60000000000001,31.45403714475627,19.592669687138198,1.9163920608235006,31.01069278224505,19.6,1.9156682988903155,-0.008080488116314708,-0.06746640381840126,0.0015366815019540743,0.685965298743729,-0.6767642063712558,0.9549501916342258,-0.9422160714213124,0.13707735235021024,0.0
66.65,31.506111718848153,19.590676043844297,1.9191767522047292,31.125366965745602,19.6,1.9228354353591,-0.007980324790567796,0.0074247936983353,0.0014801897823911994,1.1034873122043418,-1.0953733692497163,0.4276279512861704,-0.4146666616780766,0.1489556037458045,0.0
66.7,31.55835839848828,19.58889610119564,1.9241570530669816,31.24791268355265,19.6,1.9304945427220404,-0.00782313892497368,0.07364127039604622,0.0014208375850972342,1.256176998370202,-1.250673385403214,0.09576653691791571,-0.08108065656967754,0.15668164967892462,0.0
66.75,31.612502577717013,19.587321086265806,1.9309755650469465,31.37485642748142,19.6,1.9384285267175885,-0.00759466309429004,0.1246558297414532,0.0013515349474946573,1.225425605432938,-1.2225622643611767,-0.0926707563342353,0.10902077968221022,0.1599100661566711,0.0
66.8,31.669833457566234,19.585939951894954,1.9391324706749304,31.502529795458592,19.6,1.9464081122161618,-0.007268941683148632,0.1583267285243392,0.0012613819100851457,1.1042196477723787,-1.0992031603067012,-0.2022242440990165,0.21514617066025268,0.15849904245054755,0.0
66.85000000000001,31.731159976471297,19.58474128789479,1.948105681901691,31.62723238213384,19.6,1.9542020238833648,-0.006914715354217366,0.17492419949387902,0.001159247465389032,0.9548869356970475,-0.9451287300768636,-0.275900422808197,0.2825980342597814,0.1525103810964578,0.0
66.9,31.79684076043251,19.583714585899077,1.9574346048404971,31.745394669491223,19.6,1.9615871668432012,-0.006637834338167653,0.17563001647447815,0.0010701286298938145,0.8067826536647202,-0.796991322678789,-0.3348935972899973,0.34028974757602554,0.14220949789471485,0.0
66.95,31.86683373853223,19.582850656075223,1.9667525309810114,31.853740917460904,19.6,1.9683588073413063,-0.006442042577737454,0.16169391146249076,0.0009992545418131302,0.6633220512224166,-0.6598652291686038,-0.38301038121569453,0.3937975266996704,0.12806542191002976,0.0
67.0,31.94074364138199,19.58214137090693,1.9757802368899895,31.949452054530553,19.6,1.9743407534081594,-0.006213884029250637,0.1343211144687307,0.0009287595840964537,0.5129630404802163,-0.5145338441775787,-0.4128359526717587,0.4276985574440458,0.11075079547151773,0.0
67.05,32.0178665860088,19.58157911222587,1.9842977568368307,32.03032856835689,19.6,1.9793955355223054,-0.005868252611887641,0.09506406064655623,0.0008547117190132879,0.34437738376769234,-0.3421358175160723,-0.4158369106308045,0.42580951988856386,0.09114187417269691,0.0
67.10000000000001,32.097238149321825,19.581156263382898,1.9921091185942634,32.09495339637722,19.6,1.9834345872735764,-0.005465247194411829,0.04614971493779369,0.0007983069075126674,0.15648584774538288,-0.14477139892867624,-0.3887479205529806,0.3884154607174848,0.0703185268714825,0.0
67.15,32.1776902499799,19.580864937461275,1.9990124667628915,32.14285481642091,19.6,1.9864284260263065,-0.005137043816709841,-0.009560658740206278,0.000770862288749614,-0.04182195343822959,0.05799017959411945,-0.331821753629575,0.326681233439285,0.04956423569021036,0.0
67.2,32.257917801627336,19.580696953564157,2.004785462651107,32.17466933732098,19.6,1.9884168335825612,-0.00492805824573977,-0.06881504197379723,0.0007570699023073431,-0.2391472556062387,0.24923323711365178,-0.24165583438833485,0.24244213261862488,0.03036609601560214,0.0
67.25,32.33655223844743,19.580643961396614,2.0091924853078784,32.1923045895256,19.6,1.9895190368453497,-0.004750554236188009,-0.1280815803577146,0.0007452126556432992,-0.42861093812550144,0.42755999422636026,-0.10573642419071308,0.1174428837402848,0.014414816498787052,0.0
67.3,32.41223801507032,19.580697674698058,2.0120161176341465,32.19910221570957,19.6,1.9899438884818483,-0.004469545113850167,-0.1833860108818859,0.0007537754391462462,-0.6072744132843718,0.6014269675847622,0.09407403934551731,-0.07753913914717422,0.003604719055297773,0.0
67.35000000000001,32.483710389033185,19.580850152593587,2.0131112810332117,32.2000004280632,19.60000025683792,1.9900000449466357,-0.004048522014899707,-0.22996765117681162,0.000806905953365422,-0.872913883893325,0.8742846299646473,0.47414876584569754,-0.46405286650478583,3.176542542134442e-05,0.0
67.4,32.549879155629945,19.581094289552922,2.012503759269967,32.200853121946096,19.600511873167655,1.9900895778043397,-0.0037049242523097565,-0.2587189946193759,0.0008601208371148508,-1.1129256043875353,1.1828558154558066,0.9279271059179596,-0.9855701447184398,0.004864243128052249,0.0
67.45,32.61000920736591,19.581426977381795,2.010443308728467,32.20575437746668,19.60345262648001,1.9906042096340013,-0.004443783495767004,-0.26202183033232995,0.0006403415452485443,-0.4505651824488649,0.6906814867302881,0.5604186071157119,-0.7920594034747729,0.016764967175176462,0.0
67.5,32.66388593944143,19.581871471743654,2.007327103375189,32.21769233477411,19.610615400864464,1.9918576951512807,-0.008237290807077557,-0.24951447500676407,-0.00032355445006312624,0.3058741530661734,0.0944059770741579,0.1478682323291691,-0.5549428389943665,0.03416675285859941,0.0
67.55,32.711636885104355,19.582528127964075,2.003768447627055,32.23893616894845,19.62336170136907,1.9940882977395873,-0.01726964756990159,-0.23152294690975686,-0.002416241073755465,0.23200037086326097,0.21362716040536278,0.5691794619259449,-1.0530419486360776,0.05561713159647175,0.0
67.60000000000001,32.75356629325612,19.58363072412409,2.0005019968422664,32.27109071672759,19.642654430036554,1.9974645252563965,-0.03227714495447529,-0.20374598120180626,-0.005503440893986909,0.2539273676911674,0.11117901337882319,0.8558919195942742,-1.303750305276517,0.07977835093329651,0.0
67.65,32.79025875561349,19.585574349124933,1.99825099464427,32.31515110323396,19.669090661940377,2.0020908658395657,-0.052414524809701164,-0.16300345597549473,-0.008900892660439391,0.42857707697349745,-0.2193004166923448,0.9229507582714865,-1.2620386798935934,0.1054273745399008,0.0
67.7,32.822679795208614,19.58890179736356,1.9976350575241606,32.371557368701474,19.702934421220885,2.0080135237136543,-0.07588883613673408,-0.11215842124528097,-0.011729891761685258,0.6246047519785025,-0.590057671661039,0.8883591232655871,-1.090207690591094,0.13145588221347745,0.0
67.75,32.85211642994191,19.594256167763866,1.999102223885476,32.44024909520228,19.74414945712137,2.0152261549962396,-0.10067765352984494,-0.05624665319280056,-0.01334492242707186,0.7662664135454056,-0.8848284717283039,0.827187605031581,-0.8957847052216461,0.15687026987755812,0.0
67.8,32.88003879975911,19.602317836026515,2.0028773497838497,32.520720033373664,19.792432020024197,2.0236756035042345,-0.12504339354950164,0.0001420761181757046,-0.013533345494165211,0.8373510711978525,-1.0699020455927002,0.766064031241932,-0.7209764935555365,0.18079164958201954,0.0
67.85000000000001,32.907955444899635,19.61374350683961,2.008952185207258,32.61207272914482,19.84724363748689,2.033267636560206,-0.14765865107666742,0.05373980799756026,-0.012456580319036372,0.8540786280725391,-1.1610448805425184,0.7072625648045764,-0.571416937543869,0.20245584950308948,0.0
67.9,32.937300667755885,19.62911914053106,2.0171239604807245,32.71307315046365,19.907843890278187,2.0438726807986827,-0.1675377727050257,0.10247025050087367,-0.010502108835210883,0.8395684801556751,-1.1890264133888804,0.6490727030184054,-0.44330357645479257,0.2212134139433228,0.0
67.95,32.96936346047081,19.64893079171517,2.027063112416207,32.82220531402372,19.97332318841423,2.0553315579724902,-0.1839452743200129,0.14504048662578659,-0.008154186201365644,0.8115418988396479,-1.181026089088526,0.592679831991867,-0.33492099734153524,0.2365296033316384,0.0
68.0,33.00524982298539,19.673551249738402,2.038385512391101,32.93772591199098,20.04263554719459,2.067461220759053,-0.19633604456799345,0.18060764542751906,-0.005903305556263337,0.7806887682491734,-1.1556464799715265,0.5400609615589216,-0.24684824252082604,0.2479843942232941,0.0
68.05,33.04586510759984,19.703237423913713,2.050712752075439,33.05771893873066,20.114631363238395,2.080060488566719,-0.20433612707323145,0.20859137478436662,-0.004180967579741768,0.752711330098152,-1.1247353702078615,0.49055997101810567,-0.17799963505271432,0.2552724792998928,0.0
68.10000000000001,33.091905517179654,19.738133124861832,2.0637135670057263,33.18015031753408,20.188090190520448,2.092915783341078,-0.20773985588188915,0.22856053511195717,-0.0033103338108057467,0.7284252396684294,-1.0950188948307957,0.4414132297991441,-0.12396696151876929,0.25820326736938276,0.0
68.15,33.14385249071703,19.778273226550674,2.0771263034355405,33.30292252734538,20.26175351640723,2.1058068653712647,-0.20648753784589513,0.23997020338320876,-0.003477651336389423,0.8138659421095603,-1.1787139145905385,0.27941914642335874,0.03224299870762892,0.2567008833660558,0.0
68.2,33.20195809102685,19.823588065472336,2.0907708640865486,33.42392922948856,20.33435753769313,2.118512569096298,-0.20062129618487431,0.24064534412760072,-0.004720513267815983,0.6410618998582969,-1.012889501362297,0.36191455059720784,-0.0619797325327745,0.25080416835055164,0.0
68.25,33.266209243782825,19.873901484626973,2.104524659161602,33.54110989439413,20.40466593663648,2.130816538911384,-0.19020756288044294,0.23321727783344173,-0.00694111401943876,0.45738834773683,-0.8429179939328384,0.43149684196566457,-0.14976303247489026,0.24066667950985488,0.0
68.3,33.33638601632175,19.928930712215035,2.118305019748096,33.65250442832606,20.471502656995636,2.1425129649742365,-0.1753791340161297,0.22054172540207445,-0.009958222849091094,0.4871985789010887,-0.890444716261432,0.25574959841614436,0.0011185266534765037,0.2265566901572939,0.0
68.35000000000001,33.41211962559102,19.9882864140825,2.1320427947006504,33.756307800108544,20.53378468006513,2.153412319011397,-0.15632398179412815,0.2004581813784585,-0.013506380799595447,0.4200006119755857,-0.8379285141831276,0.14128634739932033,0.08071304643228949,0.20885718973253806,0.0
68.4,33.49285634722715,20.05147580478745,2.1456533582231176,33.85092466785277,20.590554800711665,2.1633470901245415,-0.13336012538207717,0.17241634121674362,-0.017200838269477933,0.2904669109498845,-0.7133687560660051,0.055533663955854046,0.12036354794658469,0.18806588380161643,0.0
68.45,33.57784640364514,20.117912199019877,2.1590191881004035,33.935024005683935,20.64101440341036,2.172177520596813,-0.10689105420501112,0.13724193797011375,-0.020589413280631744,0.14018097406983684,-0.5503700760092354,-0.03530218526735293,0.1522043442425646,0.16479519405688914,0.0
68.5,33.66617278190035,20.18692840062069,2.171973497934795,34.0075937304679,20.68455623828074,2.1797973416991296,-0.07740402616833832,0.096226636197976,-0.023213044342633285,-0.008465923314079443,-0.36236934057922954,-0.14036968686007023,0.18276342333749546,0.1397722583170672,0.0
68.55,33.756798304053895,20.25779427340422,2.184290105880283,34.06799532853813,20.720797197122877,2.1861395094965035,-0.0455737268659885,0.05077397997748514,-0.024658546556230447,-0.15188630503238948,-0.1512283150516129,-0.24517668601069528,0.20150086912852763,0.11383893052720476,0.0
68.60000000000001,33.84861536815982,20.329738390675743,2.1956853824519764,34.11601848242247,20.74961108945348,2.191181940654359,-0.012290612313456146,0.0024799165177811894,-0.024631233596752827,-0.28944280313202175,0.07351646666975459,-0.3291001956775372,0.20064273951910022,0.0879517807586959,0.0
68.65,33.940490349085,20.401972236145976,2.2058344089938413,34.151935697569954,20.771161418541972,2.194953248244845,0.021503693365176595,-0.04680422451502814,-0.023017261097483997,-0.4075098872769494,0.2915583846408608,-0.3836733759938221,0.1796534008304821,0.06318209520930027,0.0
68.7,34.031299817492716,20.47371452610021,2.214399735331918,34.17655692907772,20.785934157446633,2.1975384775531603,0.05493156852701351,-0.09515620666972278,-0.019886529955513765,-0.4806999054384795,0.4861825446682716,-0.41353669432908025,0.13316713721529183,0.04071587620310122,0.0
68.75,34.11995872709614,20.544213546905628,2.22106918677338,34.191284208417784,20.79477052505067,2.199084841883867,0.08695467506788508,-0.14081256384208063,-0.015495057626233405,-0.4936036010302239,0.6528327960892145,-0.4168206345642228,0.04474334224576432,0.021853842190536432,0.0
68.8,34.20544293646937,20.612766728041304,2.225598947603898,34.198166270163874,20.798899762098323,2.1998074583672063,0.1160640376940492,-0.18211668486885343,-0.010352784197434631,-0.45899282440978845,0.7900616445342625,-0.3694655871962021,-0.10269575261641956,0.008011427748385692,0.0
68.85000000000001,34.2868106026874,20.678738300777212,2.2278588831178365,34.19995317871825,20.799971907230955,2.1999950837654167,0.14043880039403056,-0.21715441944964364,-0.005234480706457421,-0.40297108128624937,0.8897460686134743,-0.24187846149240178,-0.3157132728091838,0.0007187835797754337,0.0
68.9,34.36322853888441,20.74157669012559,2.227879698009517,34.20012432687321,20.800062163436603,2.19998756731268,0.15844956228541227,-0.24304922926076683,-0.0010125473156093884,-0.5843801671515831,1.1920114428496678,0.21535194777070227,-0.8374291996544265,-0.0012430416536872472,0.0
68.95,34.43403113466269,20.800833116018396,2.2259060058357583,34.202260266140655,20.801130133070327,2.1997739733859345,0.1688150727249441,-0.25240788369146927,0.0015272439342200047,-0.3323374865654228,0.9840266982452965,0.26667435106625664,-0.9008585650702527,-0.008212810205473466,0.0
69.0,34.49888477527916,20.85620657480684,2.2223028536786678,34.20910905959988,20.80455452979994,2.1990890940400125,0.17090900946562762,-0.24636874078042942,0.0019939227299702227,0.14854940519138582,0.43983906197883677,0.05298672616447814,-0.6204342437817005,-0.019819543571524954,0.0
69.05,34.557805272264396,20.907575733777378,2.2174873434692106,34.22259039160177,20.811295195800884,2.1977409608398237,0.1654082492385956,-0.23394577317646978,0.0006588309182276434,0.27832551995887106,0.16721192044085775,0.1209847783777635,-0.5657004235304179,-0.034495197962148616,0.0
69.10000000000001,34.61100056533154,20.954998446594608,2.211884233312161,34.24388064725526,20.82194032362763,2.1956119352744743,0.15403970643117973,-0.21735981639477045,-0.0018442370677099612,0.042155241193743365,0.23046943921301,0.47203280255200825,-0.7786157440233263,-0.05083462019917845,0.0
69.15,34.658835036410736,20.998688888846026,2.205858194376728,34.273494357733064,20.83674717886653,2.192650564226694,0.1389335259140903,-0.19191192961003947,-0.004778208085306588,0.017445204054064134,0.09739592850610468,0.5312874150152997,-0.7196047283206797,-0.0675955477159565,0.0
69.2,34.7019145155058,21.038975209019767,2.199678334576884,34.311365645577474,20.855682822788737,2.188863435442253,0.12196712175179804,-0.15802818728069762,-0.007493823659485374,0.09729857271428188,-0.10537153482685568,0.41929266432836454,-0.5204793081603057,-0.08369860855736116,0.0
69.25,34.74107067470868,21.076253007739417,2.1935102837185987,34.35692967000608,20.87846483500304,2.184307032999392,0.1045380438986346,-0.11941529708811813,-0.009580892266919735,0.18786197389195844,-0.285215205004019,0.2494355547165166,-0.28835192485817107,-0.09822732137978875,0.0
69.3,34.777260377502984,21.110946429405534,2.1874177602390303,34.40920407221757,20.904602036108784,2.179079592778243,0.08760914192996247,-0.08035889099756038,-0.010890571305046559,0.2426483348258972,-0.40503332480708876,0.09051997583080547,-0.08105660291396584,-0.11042809545115786,0.0
69.35000000000001,34.81145214475236,21.143477988695057,2.181375240626146,34.466870420697475,20.933435210348737,2.173312957930253,0.07184561144064007,-0.044290939727438715,-0.011466931074232833,0.2534947041165009,-0.46845010132363496,-0.026481583024065593,0.08138501039453991,-0.1197102306509117,0.0
69.4,34.84453713522326,21.17424401829153,2.17529838345421,34.52835565652388,20.96417782826194,2.1671644343476126,0.05780827244654487,-0.013446086021127159,-0.011459408798030174,0.2328711325144623,-0.49621387457201427,-0.09346726837393494,0.19708724633460573,-0.12564591747000806,0.0
69.45,34.87727367464766,21.203594328787638,2.1690861058660533,34.591913538673275,20.995956769336637,2.160808646132673,0.046092256989031286,0.010966538997154614,-0.011066488199054774,0.20383918811872137,-0.5096044634475532,-0.11798140183394536,0.269220566077044,-0.12797023701093582,0.0
69.5,34.91025912101298,21.23181621703046,2.1626616877676192,34.655706089326266,21.027853044663132,2.1544293910673735,0.037274707267521356,0.028400045497392917,-0.010499892157365258,0.19038965300506927,-0.5232450701930627,-0.11538978324793608,0.3010344319959379,-0.12658116098770292,0.0
69.55,34.94391840632731,21.25912317522372,2.1560031539594062,34.71788503917335,21.058942519586676,2.148211496082665,0.03173629419182901,0.03859904123116812,-0.009940465085952971,0.2041242319785426,-0.5426333661778078,-0.09580681333269628,0.2941984705729309,-0.1215395517258397,0.0
69.60000000000001,34.97850060172871,21.285648282816744,2.149158678300941,34.77667327272068,21.08833663636034,2.142332672727932,0.029564450574449497,0.04144446352405194,-0.009496983396357815,0.2389430743209243,-0.5651890615699474,-0.057738516156227354,0.2494009058399865,-0.11306916216239603,0.0
69.65,35.014079029083945,21.31144187310699,2.142246841399256,34.830446273595754,21.115223136797876,2.136955372640425,0.03062369118762308,0.037059482349712326,-0.009194097114185902,0.28108245701413515,-0.5847549123253253,0.003529485780356334,0.1693531228577992,-0.10155663584595176,0.0
69.7,35.05055416944335,21.336472972225604,2.1354438510027878,34.877813569853295,21.138906784926647,2.1322186430146703,0.03466754607266613,0.025945644725372367,-0.008985757601584685,0.3220831970054717,-0.5953815586478362,0.08479653426765515,0.06049662180684806,-0.08755150693660252,0.0
69.75,35.08766097587867,21.360634328185036,2.1289610793886062,34.917700179280956,21.158850089640477,2.1282299820719044,0.041350278257770774,0.008983648371355698,-0.008775480098051267,0.3611988251400934,-0.5926587745428142,0.1743581752820117,-0.06778130951883382,-0.07176620020596777,0.0
69.8,35.124983147323306,21.383751271360225,2.1230170377758073,34.94942805470506,21.17471402735253,2.125057194529494,0.05017114406450074,-0.012669148796936853,-0.008443097527769903,0.39832916930836415,-0.5723269432168216,0.2605823560440343,-0.20638672185342904,-0.055076031037189506,0.0
69.85000000000001,35.161976710628366,21.405594863798584,2.11780834093367,34.97279752929639,21.186398764648196,2.1227202470703608,0.06044432445279598,-0.0376513679722593,-0.007883866212611054,0.4279315449574407,-0.5284657838212978,0.33888931906427533,-0.3497530784286247,-0.03851920542492793,0.0
69.9,35.19800437839556,21.425899749135798,2.113484189300027,34.98816876187594,21.19408438093797,2.1211831238124064,0.07131197648008639,-0.06436364362855669,-0.007052633340833876,0.43999647742260267,-0.4548368814186395,0.41093088456087884,-0.49528390526684124,-0.023296819975379184,0.0
69.95,35.232380808923324,21.444386751601954,2.1101281444849147,34.99654318222067,21.198271591110334,2.120345681777933,0.08177950346263493,-0.09089179742009115,-0.005998372355572118,0.4254813918107099,-0.3480002969591857,0.47864074297614206,-0.640203368447738,-0.010772861906247624,0.0
70.0,35.264427602521614,21.46078972604678,2.107749377025463,34.999644936369286,21.199822468184642,2.1200355063630716,0.0907597017124977,-0.11498747026921531,-0.004875908464358183,0.3803266287289453,-0.207639746873317,0.5392262827675743,-0.7803514331002327,-0.002474209046764693,0.0
70.05,35.29353603888044,21.47488562635741,2.1062832848882254,35.00000157356342,21.20000262260569,2.1199998426436584,0.0970984420166139,-0.134116250278173,-0.003929832044628027,0.3057938208092543,-0.0340761574060795,0.5836595491282048,-0.9111772227465129,-6.079989542360324e-05,0.0
70.10000000000001,35.31923514552555,21.486526505140844,2.1055994438349193,35.00062042734121,21.20103404556868,2.119937957265879,0.09948934023408945,-0.1455767279015201,-0.0034642013663660344,0.25933832074109053,0.1756478698586571,0.5502073903461419,-1.0355954931617002,-0.003160433684419933,0.0
70.15,35.341259019920365,21.495674569551692,2.1055206315844295,35.00382891882298,21.206381531371633,2.119617108117702,0.09578440196693443,-0.14726160543697314,-0.003871859320636175,0.2946293678082854,0.3652002923648201,0.3911872099307365,-1.1088171971142469,-0.010263751859988877,0.0
70.2,35.35959389806664,21.502451257942592,2.105851996054735,35.01140102926425,21.21900171544042,2.118859897073575,0.08312436667224465,-0.13878158814997707,-0.005501859800770923,0.330489004113357,0.4562576718387349,0.19612492123658765,-1.0654888484925347,-0.020470385349591603,0.0
70.25,35.37448373747629,21.50719513559773,2.1063991696526787,35.024677167402054,21.24112861233676,2.1175322832597945,0.059826650455771666,-0.12128779504652694,-0.008259365861371442,0.2987476455034446,0.4348493174735613,0.04425980483495989,-0.900412362362994,-0.03294641315180796,0.0
70.3,35.38639526952872,21.510492610350386,2.1069673384701497,35.04459739349049,21.27432898915082,2.115540260650951,0.026447711269936995,-0.0966424437181298,-0.011504408942914076,0.19972946191016056,0.33427960280889363,-0.05004661987319553,-0.6516702919408268,-0.04692436233633685,0.0
70.35000000000001,35.39596028199229,21.513160020288673,2.1073486292686385,35.071734643336306,21.319557738893838,2.1128265356663696,-0.014670447344148293,-0.06699296336244401,-0.01436500160695638,0.07307605163759429,0.2022762631370872,-0.1094167560949506,-0.37169632843326494,-0.06170320804400027,0.0
70.4,35.40391334109508,21.516185943352795,2.1073088717555235,35.10632795233439,21.37721325389065,2.1093672047665613,-0.060484342799645895,-0.03460690575136662,-0.016120269044159113,-0.04804463922764758,0.08139045651630916,-0.14954252485488898,-0.11119593608697124,-0.07664837348672643,0.0
70.45,35.41103675250574,21.52065657200771,2.1065835762331293,35.148315679503426,21.44719279917238,2.1051684320496573,-0.10812911297152726,-0.0014990534502810201,-0.01639229918679932,-0.1503998559920039,-0.00849845436943969,-0.16710762324023082,0.09763903037369726,-0.09119172994757525,0.0
70.5,35.41811837816798,21.527684868875298,2.1048889074553774,35.197368731521394,21.528947885868988,2.1002631268478607,-0.15527049356654926,0.030904728980078667,-0.015140560053285656,-0.22826871758279352,-0.07824088388227962,-0.15341815909334744,0.25108570674495323,-0.1048315967807214,0.0
70.55,35.42592324455146,21.538355462989035,2.1019466975531147,35.25292378676112,21.621539644601874,2.0947076213238875,-0.19998716884224968,0.061690414930767226,-0.01258072629176945,-0.2720756060937307,-0.15375332130426198,-0.10733086280228851,0.36113089735704995,-0.11713274141145855,0.0
70.60000000000001,35.43517698403824,21.553687779786575,2.097523764849103,35.31421651932591,21.72369419887652,2.0885783480674087,-0.23900476960299427,0.0901331958014816,-0.009249059455649349,-0.961242419249149,-0.9425706100764876,0.6539206095919806,1.124056091602227,-0.127726379336202,0.0
70.65,35.44656137195804,21.57455913447105,2.0915439276918204,35.38031482308497,21.833858038474958,2.081968517691503,-0.2570636052957336,0.1152596640657731,-0.0071552710580062556,-0.9149941374017874,-1.0456541682320493,0.7276116845204159,1.131661016025857,-0.13631017412247723,0.0
70.7,35.460691334529976,21.60141338725052,2.084037609448257,35.45015203570913,21.95025339284855,2.0749847964290873,-0.25169886107815337,0.13670535500512054,-0.007593572642428457,-0.3188229425279201,-0.6544854181808477,0.2820079273388245,0.5778116980093135,-0.1426482374089382,0.0
70.75,35.47810020626533,21.6341902281246,2.07515357604047,35.522560162706284,22.070933604510465,2.067743983729372,-0.23458818968972434,0.15394764118334056,-0.009752274777911013,0.27865402147607465,-0.3057106729791417,-0.14101630186347416,0.022148946834302657,-0.14657112890535423,0.0
70.8,35.49924063698035,21.672575336131096,2.0652119744547917,35.596303101456996,22.193838502428328,2.0603696898543005,-0.21755093907768594,0.16628173048581685,-0.01204876917036485,0.6395233050958578,-0.1904313116732596,-0.3152849882650512,-0.3097174594596897,-0.14797585639261393,0.0
70.85000000000001,35.52446606551328,21.71624840296597,2.054596953097702,35.6701098652501,22.316849775416827,2.05298901347499,-0.20707109921722708,0.17329338138204453,-0.013339272980383815,0.7591242787248995,-0.2865137780424839,-0.24863992307223956,-0.41397390753050467,-0.14682587572272385,0.0
70.9,35.55400620146764,21.765024746360293,2.043660827522364,35.74270780731811,22.43784634553019,2.0457292192681886,-0.20394275666213005,0.174761786646329,-0.013388660332691045,0.7376647151440205,-0.48625574515441916,-0.05048728914420045,-0.3885472236297427,-0.14315109081881122,0.0
70.95,35.587950516620445,21.818881867421734,2.032707283336217,35.81285584487299,22.554759741454976,2.0387144155127013,-0.20547183660851845,0.1705850408614677,-0.012653228989402115,0.6844245047172924,-0.6818872787523872,0.16312637524533766,-0.34202165615454894,-0.13704785367512148,0.0
71.0,35.62623951855255,21.877907057276378,2.0220087101450694,35.87937768314154,22.665629471902566,2.032062231685846,-0.2083433034540107,0.1608149322919872,-0.01173721369487391,0.6621064354671058,-0.8109059914986126,0.32445188656633606,-0.339918927992069,-0.12867896435701875,0.0
71.05,35.66866238325165,21.94222306935197,2.011818752802773,35.94119503940106,22.768658399001765,2.025880496059894,-0.21044634257643458,0.1457451910057034,-0.011000140430801112,0.6788359831621228,-0.8639874375658516,0.42222978478093554,-0.39232528457078175,-0.1182736710009865,0.0
71.10000000000001,35.71486189092641,22.011934359418586,2.002373316761837,35.99736086701486,22.86226811169144,2.0202639132985136,-0.21118966595952202,0.12590316620493755,-0.010502289853437322,0.7115961865902252,-0.8632732667995031,0.47791336783927596,-0.4754584992253863,-0.1061276698146231,0.0
71.15,35.7643462658469,22.087106595644666,1.9938830570429769,36.04709257946781,22.945154299113014,2.015290742053219,-0.21093333607878514,0.10198353459297664,-0.010148864709207974,0.7337792183446258,-0.8355251024356031,0.5174924902757226,-0.5603352289042961,-0.09260310507665707,0.0
71.2,35.81650646371633,22.167770408601886,1.9865209059592945,36.08980527440194,23.016342124003227,2.0110194725598065,-0.21016339426045996,0.07479647704275255,-0.009846777276708405,0.24654728693121086,-1.2815788300648734,1.0398911272250722,-0.14515382310589087,-0.07812856913692479,0.0
71.25,35.87064044434728,22.253908123335556,1.9804612258919543,36.12514495765198,23.075241596086627,2.0074855042348023,-0.19691872157964385,0.04519330077145557,-0.01021690422399048,-0.4884034994697728,-1.9360331694160375,1.773828691003733,0.503536303073054,-0.06319910241638617,0.0
71.3,35.925973089348155,22.345153640924487,1.9759306843376538,36.15302176728092,23.12170294546819,2.0046978232719086,-0.1542089925937563,0.014022717392993558,-0.011019540484258667,-0.2904210909443734,-1.613924066640187,1.5314142864288378,0.21464292021423836,-0.04837619340711831,0.0
71.35000000000001,35.98167540299926,22.440393335046437,1.9730206000044737,36.17364319761556,23.15607199602593,2.0026356802384444,-0.08784666374067011,-0.017556307562399523,-0.010452269475298976,0.2269423369311181,-0.9366478913155951,0.9420129299453424,-0.3786983669683852,-0.034287778672315694,0.0
71.4,36.03691738476477,22.537911760295323,1.9717086610169583,36.18754732328208,23.179245538803467,2.001245267671792,-0.01288244366235816,-0.048080268752891314,-0.007637442655509487,0.6671953033337698,-0.3127699212958266,0.41363450041890637,-0.8702222392393038,-0.021628242846301295,0.0
71.45,36.0909127820254,22.63578360021776,1.9718581012298413,36.19563602324161,23.192726705402684,2.000436397675839,0.05741477710038446,-0.07622098796179178,-0.0030846133814603402,0.8800134260429456,0.10625550891664748,0.10179555792907502,-1.124061607503247,-0.011158418634506366,0.0
71.5,36.14295184639839,22.732221190362637,1.9731792526663634,36.199208204825766,23.198680341376278,2.0000791795174235,0.11519908879460244,-0.10092001987951524,0.002022055480885528,0.8811601423214674,0.3321191743640639,-0.0018990917962236065,-1.176592370452179,-0.0037055868134856142,0.0
71.55,36.19242587309671,22.825781539034196,1.9752698765888754,36.19999302777222,23.199988379620365,2.000000697222778,0.15773801792883194,-0.12124462031552294,0.006560421668591715,0.7594757929579894,0.4463814656250693,0.02211773361409608,-1.1324388086253832,-0.0001634762309106996,0.0
71.60000000000001,36.23884697910866,22.915429194520115,1.9777114668726197,36.2,23.200122507697937,1.9999724357679642,0.18532131612844988,-0.13606505503120048,0.0097893905463879,0.6110471581021755,0.5166290090445829,0.07879017618604423,-1.0691905035550429,-0.002183318974156524,0.0
71.65,36.281871827344204,23.000516815921642,1.9801428377640848,36.2,23.201472427059855,1.9996687039115328,0.1992502591809838,-0.14431637851035423,0.011347799139805145,0.4877644589631407,0.46307711034069704,0.10437030559487609,-0.8991339885464409,-0.010942830245488531,0.0
71.7,36.32132194443781,23.08074104389749,1.9822753317722601,36.2,23.205351105328425,1.9987960013011041,0.20179102016205946,-0.14646911685505798,0.011309063208320723,0.385200760008253,0.31312112380066026,0.09769756181755651,-0.6421580453059372,-0.024637536453438278,0.0
71.75,36.35716876047663,23.156075566058327,1.983889183980235,36.2,23.212658964477974,1.9971517329924555,0.1960972397906663,-0.1444209689506888,0.01010459491092104,0.28712568433432584,0.1579127602427714,0.07699247378558344,-0.3851802200691596,-0.0415313874833412,0.0
71.8,36.389486073031414,23.226686819029137,1.9848205862319128,36.2,23.223930998894897,1.9946155252486482,0.18538409134952807,-0.14022931402041677,0.008261815900691293,0.19049437480574438,0.05389290623624757,0.05108299679097103,-0.1835331559049268,-0.06007158515849533,0.0
71.85000000000001,36.41839914904986,23.292855703376514,1.9849416556745267,36.2,23.23937749803054,1.9911400629431288,0.17215706726583824,-0.13535175422012702,0.006190914888448407,0.10105833426578407,0.010685251219244626,0.022150150051643582,-0.049699413228205216,-0.07888858324016662,0.0
71.9,36.44404804055699,23.354919103755744,1.9841474308433766,36.2,23.25892476905407,1.9867419269628344,0.1579872232566751,-0.1305309543950512,0.004130626832347863,0.023831178546004354,0.010011394394596182,-0.005731100481466255,0.028385915808436687,-0.09679608742756743,0.0
71.95,36.46656813354449,23.41323240628622,1.982355601419085,36.2,23.28225585950538,1.9814924316112894,0.14371854579130391,-0.12596770741887442,0.0021936862308142885,-0.03953032543007549,0.02492321951458867,-0.025179998336631298,0.0700186877278808,-0.11279105535788908,0.0
72.0,36.48608365250218,23.468147433025003,1.9795148291276397,36.2,23.30885127994795,1.9755084620117105,0.12982096704419846,-0.12156305447591947,0.00043158854403006444,-0.08896205687982192,0.031444625184682384,-0.028556037733922707,0.09217305748229539,-0.12605369660628019,0.0
72.05,36.50270829906119,23.519998709250626,1.9756152265546647,36.2,23.33802972662174,1.968943311510108,0.11671297639643875,-0.11713574102419877,-0.0011165881767432556,-0.12334398906194954,0.015795335869554304,-0.011555956793089607,0.10381769303947086,-0.13594747268585206,0.0
72.10000000000001,36.5165485644081,23.56909267820272,1.9706965863743169,36.2,23.368988804096066,1.9619775190783855,0.10492191917904643,-0.11255073579481549,-0.002404641340274516,-0.13938762788723447,-0.023254231272224583,0.025154816417470534,0.1043068224832919,-0.14201909704767948,0.0
72.15,36.5277073189837,23.615697238238607,1.9648523833592046,36.2,23.400845747922446,1.9548097067174497,0.0950425101362336,-0.10774060007604946,-0.003386990264752272,-0.13289467378238065,-0.07865464689004925,0.0770170548963092,0.08768658743883521,-0.1439985350807957,0.0
72.2,36.53628685273335,23.66003125443378,1.9582291108179173,36.2,23.432678147287554,1.9476474168603006,0.08759115997904691,-0.10267011591119841,-0.004036626333476071,-0.10118900850148996,-0.14251251751823985,0.1381105016038507,0.04973792388820268,-0.1417990041122021,0.0
72.25,36.5423913343194,23.702254985889546,1.9510212633409785,36.2,23.463564667666038,1.9406979497751415,0.08289178518026671,-0.09731593684016615,-0.004355669461331134,-0.04517904637269965,-0.21060618687295293,0.20358409837956223,-0.00803850997038219,-0.13551697340686022,0.0
72.3,36.54612884656851,23.742462668632744,1.9434625505788277,36.2,23.49262577347343,1.934159200968478,0.08105862925665373,-0.0916776916193957,-0.004372803216268983,0.030534161326215475,-0.2813581167790898,0.2703381308421398,-0.07996152893414793,-0.1254321641676947,0.0
72.35000000000001,36.54761309351469,23.78067830350071,1.9358139967291406,36.2,23.51906445071903,1.928210498588219,0.08204481157913848,-0.085796055530435,-0.0041336947913775185,0.11947043012834274,-0.3516649237704321,0.3358676245230363,-0.16081504362538535,-0.11200754953558849,0.0
72.4,36.546964719845306,23.816855373858424,1.9283496223143775,36.2,23.542206929658736,1.9230034408267849,0.08566246189428263,-0.07974063974705885,-0.003694905827255053,0.2151048155045846,-0.4156259104448991,0.3970220247351676,-0.24761054972129798,-0.09588935458939872,0.0
72.45,36.54431213312595,23.850881002464394,1.9213405227214728,36.2,23.561543407448003,1.9186527333241998,0.09155927047041426,-0.07357554793809247,-0.0031215455572843657,0.3116814117373347,-0.4671158436317408,0.44967606027742696,-0.3374829977607687,-0.07790705634593446,0.0
72.5,36.539791753589036,23.882584866720702,1.915038270340811,36.2,23.576768770794672,1.9152270265711993,0.09920392408410054,-0.06733696443198155,-0.002483332395128969,0.40444791440936745,-0.5022666478487323,0.4888840609029769,-0.4255611542786257,-0.05907338375997037,0.0
72.55,36.53354765827564,23.911753029990006,1.9096586018060262,36.2,23.58782331861186,1.9127397533123314,0.10790028789350847,-0.061048734326440555,-0.0018483129254208079,0.48917465629446344,-0.5192420953967564,0.5096343653318894,-0.5053821299038771,-0.040584317724245,0.0
72.60000000000001,36.52573057192439,23.938146666786725,1.9053662639302478,36.2,23.594933484670854,1.9111399659490578,0.11681606505732922,-0.05474590482422755,-0.001276569943630485,0.5616187158165198,-0.5164861645861694,0.507506004211199,-0.5706702780971398,-0.02381909106945308,0.0
72.65,36.5164963111847,23.96152541355667,1.9022616656629503,36.2,23.598652560253967,1.9103031739428578,0.12501253655441547,-0.04848789246878544,-0.0008154613514201504,0.6173768630846035,-0.4909051724548063,0.47877302565197405,-0.6170395499254466,-0.010340188564267952,0.0
72.7,36.50600382213868,23.981674785129666,1.9003696169528819,36.2,23.59990141680744,1.9100221812183262,0.13145811423268838,-0.04235135810431343,-0.0004973128346450897,0.6521220397344818,-0.43736512389073856,0.41998248697052043,-0.6422777545663945,-0.0018933469153098986,0.0
72.75,36.494412968675476,23.998436805778198,1.8996300031364568,36.20000887219936,23.600008872199364,1.9100039924897125,0.13502127543887307,-0.03641243909957056,-0.00033897820238283676,0.661591044355535,-0.34964951073320527,0.32920436157738775,-0.6466257246722132,0.0007734096175305747,0.0
72.8,36.48188200145595,24.011741254638498,1.8998998091513455,36.200637905540326,23.600637905540328,1.9102870574931468,0.1344576456420142,-0.030631985076217172,-0.00034183936927519227,0.6311315588589419,-0.2261413041497079,0.2678181538167935,-0.6784347531034501,0.012788684588324344,0.0
72.85000000000001,36.46856689770964,24.021625874418866,1.9010364177282006,36.20327644896776,23.603276448967762,1.9114744020354921,0.12860417716873476,-0.02417948694885116,-0.0004834568253987751,0.5730330615300423,-0.1305834198227721,0.2949890537862898,-0.7450750005266169,0.0363086415718031,0.0
72.9,36.45463887673056,24.028246864037865,1.9030150976665174,36.208997604391165,23.608997604391163,1.914048921976023,0.1169630290240193,-0.015535692597017934,-0.0006903104141164862,0.5313988491157793,-0.137136638839378,0.38594532154907013,-0.7906046129617953,0.06770083489290618,0.0
72.95,36.440321208924146,24.031886694381406,1.9059628055701345,36.21849122997147,23.618491229971468,1.9183210534871598,0.1001042720146417,-0.0036306837504192714,-0.0008220805722751662,0.5302806963439073,-0.2525268494013315,0.501829451093087,-0.7914221191330737,0.10369932275251757,0.0
73.0,36.42591954737833,24.032949626364942,1.910125870763585,36.23210466277393,23.632104662773923,1.924447098248265,0.0794774259306745,0.011568700716939844,-0.0007100686607662845,0.5694117889160839,-0.4331518292620127,0.6115931754519928,-0.7574471068018143,0.1414046672274415,0.0
73.05,36.41182787772546,24.031940557615137,1.9158051143926789,36.24988344142098,23.64988344142098,1.9324475486394395,0.05687883746885618,0.029149238749119896,-0.0002314613853057512,0.6323377934279388,-0.6235132289524143,0.6963166421103031,-0.7072488753995658,0.1782839342704072,0.0
73.10000000000001,36.39850848965988,24.02943026906784,1.9232831038403735,36.27161202874516,23.67161202874516,1.9422254129353216,0.03399681129314851,0.04768603781365055,0.0006387079856507715,0.6958284241455439,-0.7810828592632697,0.7478778391462237,-0.6519045438493827,0.2121706937100783,0.0
73.15,36.38645435722463,24.02601369470072,1.932761355501029,36.29685453444194,23.69685453444194,1.953584540498872,0.012183964155798581,0.06570088629616835,0.00182515751406748,0.7387434872666173,-0.8841800096877723,0.7645304620078497,-0.5914482785181951,0.24126501925101498,0.0
73.2,36.376145327856534,24.022268484125007,1.9443184546454626,36.32499543772264,23.72499543772264,1.966247946975187,-0.007574021802388216,0.08194201008495355,0.0031843816396870213,0.7470869211547599,-0.9282492611696923,0.7472666780992928,-0.5194813190644466,0.26413348847373264,0.0
73.25,36.36800780024092,24.018719493929222,1.9578923278954017,36.3552803099673,23.755280309967297,1.979876139485283,-0.024593248536528185,0.0954744324869274,0.0045448085087311865,0.7147592094410242,-0.9180863520894815,0.6982859993106991,-0.4296282276744934,0.2797091828346617,0.0
73.3,36.362383752482586,24.015812346325006,1.9732835060975424,36.386856537377554,23.78685653737755,1.9940854418198966,-0.038401330810236674,0.10566680391241645,0.005739375957095066,0.6425428349621063,-0.8612889136306714,0.6200563492785811,-0.31975266075311093,0.28729168766615787,0.0
73.35000000000001,36.359511212526904,24.013896732388897,1.9901729609979928,36.418814043629524,23.818814043629523,2.008466319633284,-0.048675490928153035,0.11214645410743436,0.006628957819472834,0.5364728280579583,-0.7651121229959632,0.5147476165671383,-0.19264248211403556,0.28654709217650054,0.0
73.4,36.359515679185776,24.01321854060786,2.008147790595961,36.45022601252668,23.850226012526672,2.0226017056370025,-0.05522906477135622,0.11474856643365358,0.007120514469053025,0.405371495137701,-0.6360639758495433,0.3848718209542351,-0.054354291379940634,0.27750798944989685,0.0
73.45,36.36241069365965,24.013919251163973,2.026729438882163,36.48018961065273,23.880189610652728,2.036085324793728,-0.058038716582625154,0.11346381108506146,0.007181210574434576,0.2573480854451493,-0.48073657879791143,0.23557029215271522,0.08805202860517872,0.2605734764464788,0.0
73.5,36.368105352630984,24.016041043639145,2.0454011229675637,36.50786671002453,23.907866710024532,2.0485400195110386,-0.05726304827296396,0.1084075254014402,0.006842194980675993,0.09748725833542055,-0.3067445137642312,0.0762527188093573,0.22820510444198383,0.23650915400230324,0.0
73.55,36.376416652311356,24.01953615279041,2.063632989112501,36.53252461074492,23.932524610744917,2.059636074835213,-0.0531994941714493,0.09982775602771758,0.006185571153364796,-0.07040865829980522,-0.12262540116418921,-0.08148979942755497,0.36046947895406245,0.20644712682935262,0.0
73.60000000000001,36.38708484034605,24.024279166875015,2.08090492120212,36.55357676365562,23.953576763655622,2.0691095436450295,-0.046178528647722955,0.08813660844947005,0.005319577330379477,-0.23772110488475287,0.06418028685249477,-0.23015868238300208,0.47768753515458995,0.17188600351552383,0.0
73.65,36.39979034409117,24.03008107212403,2.096727778431392,36.570623492990116,23.970623492990118,2.076780571845552,-0.03653869431166356,0.07391299663318633,0.004363842308298997,-0.3882162882582811,0.24825116877603892,-0.36913019015699244,0.5700172073821738,0.13469089652466934,0.0
73.7,36.41417117227566,24.036704154573034,2.110664213606446,36.583492719026545,23.98349271902654,2.082571723561943,-0.024787053795551125,0.057824845631903134,0.0034485991120510417,-0.506410892456914,0.4236526332817809,-0.4961628542182574,0.6274111352249925,0.09709342219653672,0.0
73.75,36.42983987300821,24.043877290555393,2.1223502655811997,36.59228068074055,23.99228068074055,2.0865263063332478,-0.011751278033461682,0.04054372136681001,0.0026979310173602207,-0.5892703838178796,0.5820726351630034,-0.5958244505931127,0.6414283398999983,0.06169170074681127,0.0
73.8,36.44639964444844,24.05131151505853,2.1315187401674973,36.59739265845821,23.997392658458207,2.088826696306193,0.0015328949242712341,0.022848704057146008,0.002189990094034993,-0.6403854114609195,0.7125292748963751,-0.6458351270238606,0.6054160359696378,0.031450356267100785,0.0
73.85000000000001,36.46345978059663,24.058715957210858,2.1380251354102504,36.59958369650886,23.999583696508857,2.0898126634289858,0.014099100832707732,0.005791044411067597,0.0019330246115907628,-0.6505251838560511,0.8051713280230396,-0.6370974535286688,0.5108877007430676,0.00970051672493338,0.0
73.9,36.480651318876454,24.065814648251934,2.1418766004728127,36.59999932587802,23.999999325878015,2.089999696645106,0.025015993000754896,-0.009358068706346924,0.001877367425553455,-0.5970927708967697,0.8545123790355619,-0.57465553071885,0.3449633850882393,0.00013981396378135266,0.0
73.95,36.497644544609706,24.072365718046374,2.1432619111456463,36.60040723722687,24.00024434233612,2.0898737564596703,0.03297833670689665,-0.021234185724916272,0.0019242175503471337,-0.49438616474133107,0.8822198178315142,-0.4620466178739128,0.10240084145858747,-0.008581752612331258,0.0
74.0,36.51417356252085,24.078188179620035,2.142514481579057,36.603848471731055,24.002309083038632,2.0888069737633734,0.03624801686407964,-0.028085385075442393,0.0019303979286150784,-0.4481535430110076,0.9589146759689986,-0.3281289456614685,-0.15480582234185908,-0.03708695569147052,0.0
74.05,36.53008246414288,24.083202912486705,2.1399278432647444,36.61322769410734,24.0079366164644,2.0858994148267267,0.033311725683538726,-0.027418527900457006,0.0017779209509478583,-0.48025469746996596,1.036201695582203,-0.23806383542627563,-0.2927584568413084,-0.08154063465143725,0.0
74.10000000000001,36.545389401095086,24.087472930763923,2.135609716447391,36.630799829101065,24.01847989746064,2.08045205297867,0.023731024006796695,-0.01712235949060421,0.001503228379526251,-0.5573642184621841,1.0709483409961458,-0.24493452751493533,-0.2476509549421297,-0.13805546483793707,0.0
74.15,36.56033151176132,24.09121806514986,2.129436684426244,36.65821631051255,24.03492978630753,2.0719529437411093,0.008062205083021553,0.003208123712233639,0.0013394382317672496,-0.6509082549191282,1.0664129837514844,-0.35429477692839584,-0.04210048625596963,-0.2030354831868252,0.0
74.2,36.57536200099156,24.094795586320593,2.121078153829574,36.696572075001946,24.057943245001166,2.060062656749397,-0.012576780400769922,0.032078420109803885,0.0016392028431860702,-0.761533113262082,1.0493132571188855,-0.5195405263820123,0.2561945901001971,-0.27317608822420475,0.0
74.25,36.59110418393585,24.098657715593124,2.1100582228601352,36.74645255589411,24.08787153353646,2.0445997076728273,-0.03667109519508083,0.06714906711149969,0.002742839498207891,-0.8880068522720467,1.0380471457841134,-0.6878966715709737,0.5793607931765127,-0.3454640400663645,0.0
74.3,36.608288423970215,24.103304476287075,2.0958308084494974,36.80798067698347,24.12478840619008,2.025525990135125,-0.06248289482848821,0.1061882288599748,0.004835748615464015,-0.9983499097230283,1.026121801743379,-0.8395831432956441,0.8843818888174387,-0.4171774604197931,0.0
74.35000000000001,36.62769576107865,24.109245945637653,2.077854042185893,36.88086384633895,24.168518307803364,2.002932207634928,-0.08834782004587213,0.1470276339572223,0.007868933863790497,-1.0521754893935358,1.0031178301441375,-0.9717992996712221,1.1373124098906315,-0.48588583258119866,0.0
74.4,36.650119474767116,24.11697912628433,2.055656826588424,36.964440950108695,24.218664570065215,1.9770233054663044,-0.11317862247107166,0.187447847004497,0.011632081286721788,-1.03944916714306,0.9626041697704264,-1.0625160473744866,1.3091223476045069,-0.5494500014374306,0.0
74.45,36.676345000409846,24.1269784323104,2.028895769112841,37.05772934632515,24.274637607795086,1.9481039026392057,-0.13653001342476864,0.22480013773818197,0.01588935185812924,-0.41240617838036986,0.32034209822633875,-1.638923291897842,1.9602911374405956,-0.6060221734655984,0.0
74.5,36.70711420645916,24.1397020088483,1.997451111964299,37.15947185870975,24.335683115225848,1.9165637237999777,-0.1577053251509094,0.24721235932399035,0.02019408305102099,-0.20314691889989733,0.08810911672620447,-1.6667187151638807,2.070704742815395,-0.6540459167329922,0.0
74.55,36.742933421700435,24.155588450564817,1.9614173793906553,37.26818377047791,24.400910262286743,1.8828630311518484,-0.17538492732244382,0.25027880823757254,0.023756718722341412,-0.4169680911423089,0.3039158688898116,-1.151110064123734,1.601390671201238,-0.692256160897101,0.0
74.60000000000001,36.7839760549513,24.175051777691223,1.921093969541072,37.38219981814386,24.469319890886315,1.8475180563754048,-0.18931662797112306,0.24116021183641492,0.0262358707773287,-0.6015855118176776,0.49534005779433143,-0.5591834052478397,1.0355284742959139,-0.7196791972056215,0.0
74.65,36.830217523566034,24.198492984544938,1.8770444902190713,37.4997211853254,24.53983271119524,1.8110864325491256,-0.1995277323031868,0.2287986616366984,0.027630818719616954,-0.5981051831220605,0.47468198751302776,-0.07434624893255098,0.5861329001453779,-0.7356326784964273,0.0
74.7,36.88158853839812,24.22628770064583,1.8300358829591439,37.618862496549,24.6113174979294,1.7741526260698097,-0.20574261036910105,0.21887769367592658,0.02799678159488911,-0.4088199629121114,0.24426686344108484,0.27710554618032246,0.28025055801469606,-0.7397256191976189,0.0
74.75,36.93807147499082,24.258757966002054,1.7809546034642683,37.73769881105449,24.682619286632697,1.7373133685731068,-0.20735907025989347,0.2130011644884287,0.02733626377630056,-0.10839935138736001,-0.1002352154190016,0.5430698069356723,0.04863590413441432,-0.7318583953274863,0.0
74.8,36.99973602102293,24.29613987279136,1.730758444284802,37.85431261660001,24.752587569960006,1.701163088853996,-0.20375779701712432,0.21042423091486684,0.02561717015296778,0.22930515225532777,-0.4638276173302286,0.773589484914689,-0.1806717733309896,-0.7122227444945204,0.0
74.85000000000001,37.0667288324201,24.338550833347778,1.680449355790971,37.96684082326688,24.820104493960127,1.6662793447872684,-0.19462730054124855,0.209736353673453,0.022833097781762044,0.5581963211492034,-0.7946340181110638,0.9933157352294537,-0.4382474160298322,-0.6813017658974014,0.0
74.9,37.13924084078551,24.385960307803,1.6310474439239349,38.073521757264345,24.884113054358604,1.633208255248054,-0.1800638691597409,0.20974745572635037,0.019040841881496764,0.8554232876059363,-1.077536830738584,1.2056747606125482,-0.7188472589254,-0.6398699203250389,0.0
74.95,37.217473315456395,24.438169013215795,1.5835590448459838,38.172742154734664,24.9436452928408,1.602449932032254,-0.16049642779804738,0.2097924906142465,0.014361477838158361,1.1125154081584414,-1.3145257483695585,1.4019842027413913,-1.0014850305366432,-0.5889930301565152,0.0
75.0,37.30161371934156,24.494800001172493,1.5389388016772672,38.26308415555784,24.997850493334703,1.5744439117770703,-0.1365685300447093,0.20966892008374344,0.008960319371332256,1.3283151788522243,-1.5105168674183131,1.569200046801381,-1.2646754238713882,-0.5300282793611232,0.0
75.05,37.391822771617754,24.555302576228314,1.4980489034023328,38.343372297156506,25.0460233782939,1.5495545878814845,-0.10905931253209347,0.20942026095827593,0.003026753604948149,1.5035513215316245,-1.667419341594418,1.696128813509887,-1.4934186254283233,-0.4646242134983535,0.0
75.10000000000001,37.48822290384649,24.618970288698968,1.4616365364608805,38.41272050830083,25.087632304980495,1.5280566424267434,-0.07885824495532577,0.2038096048685934,-0.0031979857110118245,2.6698722509663004,-2.8165196097224285,0.7434996309078052,-0.6453183686316553,-0.3947207397178784,0.0
75.15,37.59069382408578,24.684976929408275,1.4304068897889155,38.47057910291332,25.12234746174799,1.5101204780968724,-0.047090010402786805,0.17136329983654353,-0.008970733707704263,2.6627761880539094,-2.796856389959709,0.8655195733821526,-0.8594219376516246,-0.3225491267596304,0.0
75.2,37.69832254521029,24.752404245483735,1.4048786683180974,38.51678177387379,25.15006906432427,1.495797650099127,-0.01494164247977703,0.1126604658842171,-0.013168588204392599,2.1580831209253075,-2.27740198581171,1.3866988702323229,-1.4510788470220934,-0.25063200495367993,0.0
75.25,37.80937442854546,24.820286968322627,1.385328547670257,38.55159258682416,25.17095555209449,1.4850062980845127,0.016972503558643683,0.041901997587431065,-0.015140621239505873,1.6924531671529666,-1.7656567248268709,1.7744092000937606,-1.9090804283755678,-0.18178336622032304,0.0
75.3,37.921720078147004,24.88765324453057,1.3717665552424803,38.57575297397335,25.18545178438401,1.4775165780682613,0.0481828851701629,-0.028073709784555853,-0.01482606313831123,1.4189817124622508,-1.3960461342928936,1.8819057683702571,-2.1058092427953436,-0.11910856407004816,0.0
75.35000000000001,38.03325388297804,24.95356803593931,1.36386328243167,38.59052872790217,25.1943172367413,1.472936094350328,0.07771944891556253,-0.09029088320631751,-0.012602046376220461,1.279631032432428,-1.1243918980565586,1.7803764461966587,-2.104516208556836,-0.06600431360353466,0.0
75.4,38.14214825314784,25.01718975409969,1.3609792803912595,38.59775699536813,25.19865419722088,1.4706953314358793,0.10410930814601166,-0.1423442460856541,-0.009172758220968242,1.1714812464106328,-0.8779348398883873,1.5859959002653452,-2.001205256645811,-0.02615869151171272,0.0
75.45,38.24695078613352,25.077825467750777,1.3622660660115478,38.599893271110396,25.199935962666235,1.470033085955778,0.12575551272156452,-0.18375171730824388,-0.005421856794315366,1.0249879812053202,-0.6103222683661427,1.3720040266792286,-1.8580315745629283,-0.003551136075650679,0.0
75.5,38.34659941773004,25.134972406363307,1.3667594180534084,38.60005835358037,25.200019451193455,1.4699997568600818,0.1412528027516716,-0.21416165710079205,-0.002238615869047473,0.8120390309150923,-0.3032986782144995,1.1595844102755208,-1.6982669219590383,-3.2488119365792334e-05,0.0
75.55,38.440416938619876,25.188340405933246,1.3734494311276628,38.60189866457723,25.20063288819241,1.4699920888975948,0.14956514547505537,-0.23271801220452543,-0.0003569176932059619,0.5416409377641707,-0.01673800359000943,0.9847583487429156,-1.5167454293516762,-0.0003208358593253414,0.0
75.60000000000001,38.52809091789161,25.237842624142562,1.3814045398787473,38.60876389569391,25.202921298564636,1.469963483767942,0.150629560006932,-0.23835069789793836,-9.78033159479685e-05,0.27644947775611306,0.163800868484552,0.8507875293575553,-1.2974400349908113,-0.000860677731756319,0.0
75.65,38.60964295971802,25.28355631485117,1.3898972285426292,38.62334470744952,25.207781569149837,1.469902730385627,0.14564464927117515,-0.23064020143800534,-0.0012226067373683972,0.08011141820795964,0.22966309177942257,0.7227112695292126,-1.0561451026881588,-0.0015980876917612277,0.0
75.7,38.68539714681413,25.325674103604793,1.3984422641770244,38.64770692463143,25.215902308210474,1.469801221147369,0.13634824403152035,-0.21035716085642683,-0.003162597240611871,-0.021232842068241053,0.21395509846389227,0.5769881672720646,-0.8203724984394828,-0.002482852495617548,0.0
75.75,38.755941370490206,25.364462059935768,1.4067699821034472,38.68333608990939,25.227778696636463,1.4696527662920442,0.12423300687798967,-0.1794592965101085,-0.0053418781352070725,-0.04119600747701391,0.15565837644426228,0.4148676101297839,-0.6091876564313059,-0.0034684717007771805,0.0
75.8,38.822080869154746,25.400233049668376,1.4147658471526894,38.73118201744963,25.243727339149878,1.4694534082606265,0.11024874766463902,-0.14061737472155145,-0.0073333511293403545,-0.016627612486713017,0.08546948413618682,0.25550570750477963,-0.4303479107391649,-0.004512157665866562,0.0
75.85000000000001,38.8847867641481,25.43333404182308,1.4224014223531702,38.79170334652897,25.263901115509654,1.4692012360561293,0.0948945818288334,-0.09658881168552212,-0.00885594118140759,0.015584184593483291,0.02033580758698378,0.11990601885378416,-0.2814893779793739,-0.005574835550686969,0.0
75.9,38.94514249921143,25.464140763423256,1.429674358637024,38.8649120951488,25.288304031716265,1.4688961996035466,0.078470593986069,-0.04980355647986594,-0.009721735512169757,0.03428226703955381,-0.03688148860006926,0.019029105620822648,-0.15283589491260563,-0.006621143316213305,0.0
75.95,39.004290887642554,25.49305285255463,1.43656712695033,38.95041821364935,25.316806071216448,1.4685399241097943,0.06133088190579538,-0.0022590167219024805,-0.009811340588376639,0.03838591945741268,-0.09185079093079693,-0.04977196306497185,-0.033310967474302754,-0.007619431724595927,0.0
76.0,39.06338463079385,25.520485420886185,1.4430272548739518,39.04747413832366,25.349158046107885,1.4681355244236514,0.044019405397122534,0.04436591641979458,-0.009096019250318728,0.041117879398576446,-0.14971410413135874,-0.09846445286933367,0.08140153822648558,-0.008541764339159421,0.0
76.05,39.12354293962726,25.546856347528347,1.4489667567411324,39.155019345031725,25.38500644834391,1.467687419395701,0.02720742685916883,0.0885457006424927,-0.007667306356940749,0.05736244680367919,-0.20964813653623907,-0.13820797198546886,0.18538433831581919,-0.00936391752440292,0.0
76.10000000000001,39.18581586856521,25.572571110242762,1.4542755136645973,39.271724902814604,25.4239083009382,1.4672011462382724,0.011500606588674848,0.12884804945695263,-0.005719636668975721,0.0921377945387705,-0.2678134010382353,-0.17014345495629943,0.26805115470341967,-0.010065380446000279,0.0
76.15,39.25115645610792,25.5980078867935,1.458842346336117,39.3960380275084,25.465346009169465,1.4666831748853817,-0.0026697311614973353,0.16400006317519555,-0.0034925536535637476,0.13914216031315196,-0.32304393778402757,-0.1855727031943591,0.32248333583567074,-0.010629355070799292,0.0
76.2,39.32039934940545,25.62350517294581,1.462577921318823,39.52622663535852,25.50874221178617,1.4661407223526728,-0.014962867121347041,0.1929844503936838,-0.0012335992049734821,0.18997530061386855,-0.37692621931493786,-0.17639461035755646,0.34729545183403243,-0.011042756166822928,0.0
76.25,39.3942437860811,25.649352949335725,1.4654348164737672,39.66042389663367,25.55347463221122,1.4655815670973598,-0.025030274581160788,0.2150865669252813,0.0008091986625385198,0.2436416209800633,-0.4312183536697397,-0.14540251511343222,0.344760501593078,-0.011296211303268478,0.0
76.3,39.4732387614255,25.675787294285,1.4674215497707124,39.79667278923996,25.598890929746656,1.4650138633781669,-0.03257890057839907,0.2298301707239542,0.002416447697656023,0.3045905374426307,-0.487117906727541,-0.10421969136519875,0.3202476576122402,-0.01138406085050776,0.0
76.35000000000001,39.55776882383172,25.702987668757274,1.4686088472622743,39.93297065233508,25.64432355077836,1.4644459556152705,-0.03748652291523318,0.23680738632021367,0.003447419057857326,0.39661756324306807,-0.5682469610893923,-0.08624450109858695,0.3050416623899044,-0.011304357980087087,0.0
76.4,39.64803869267087,25.73107580879692,1.4691281520524764,40.067313739942165,25.68910457998072,1.463886192750241,-0.03980373481504482,0.23547835136145515,0.0038606034662385927,0.4186542008173949,-0.5795786261373738,-0.0012866672907981963,0.21451505277141975,-0.011058868664727403,0.0
76.45,39.744058609982496,25.760115065845394,1.4691584848486428,40.19774177456419,25.732580591521398,1.4633427426059824,-0.039644164510814005,0.2262249643190797,0.0036920297431489854,0.4695783710621025,-0.6264932738600324,0.04102780197285588,0.16543606030809616,-0.010653071678324152,0.0
76.5,39.84564279781068,25.790109946635816,1.4689111574818574,40.32238250079788,25.77412750026596,1.4628234062466754,-0.037088675496775365,0.2090364808554745,0.0030240702587549166,0.4896881189738469,-0.6495174253845004,0.0906671182312102,0.10926338820632163,-0.010096158595947322,0.0
76.55,39.952403037918316,25.821005526805603,1.4686048472185207,40.43949623894784,25.813165412982613,1.4623354323377173,-0.03218999547594324,0.1842726574276213,0.0019808040554230824,0.48356796259411544,-0.6473349137981006,0.13592480941883706,0.053498230452613205,-0.0094010337938414,0.0
76.60000000000001,40.06374915658274,25.852687613969437,1.4684404521474785,40.54752043864069,25.8491734795469,1.4618853315056637,-0.02503958441141228,0.15260640568911057,0.0007362797565668385,0.46086464695473206,-0.622374500149006,0.16385308396878606,0.006258312810624667,-0.008584314449425227,0.0
76.65,40.1789013893653,25.884984497405878,1.4685762392763584,40.64511423243904,25.881704744146347,1.4614786906981707,-0.015816222527586105,0.11484480984542295,-0.0004930945216630127,0.42665060061891796,-0.5751967830022695,0.1706615926157879,-0.030153844420327813,-0.00766633054129285,0.0
76.7,40.296913706127874,25.917671093399086,1.4691068091055748,40.73120298945576,25.910400996485254,1.4611199875439342,-0.004795537852890329,0.07187065689576336,-0.0014759284002141494,0.3791464011174958,-0.5034041358149866,0.16408123940454966,-0.06083194542896858,-0.006671124849212169,0.0
76.75,40.416705844353906,25.950475953041284,1.4700494650831684,40.805022868967946,25.935007622989314,1.4608124047126336,0.0076613953590525235,0.024719571910810763,-0.0020021515364120964,0.31493652194664634,-0.40623876316156865,0.15752319362651873,-0.09361082559790551,-0.005626452954125882,0.0
76.80000000000001,40.5371008582427,25.983091116269506,1.471340460468449,40.86616537403108,25.955388458010358,1.4605576442748704,0.02114105602395904,-0.02532587457484976,-0.0019175347495182977,0.2361788185933398,-0.28927018948820105,0.1616337086492143,-0.13367866344426352,-0.004563783238150891,0.0
76.85000000000001,40.65686479346822,26.01518425865768,1.4728419291329025,40.914621905093036,25.971540635031012,1.4603557420621123,0.03521806765627769,-0.07674122503332348,-0.0011445063372235052,0.15356091199638736,-0.163661334828061,0.17973553294236772,-0.18298735612076272,-0.0035182968845795318,0.0
76.9,40.77474551599985,26.046412254062503,1.4743586204147883,40.950828313608305,25.983609437869436,1.460204882026632,0.049462695415951406,-0.12785047656754236,0.00031219944372340826,0.08336979255150337,-0.04154173688063795,0.20902596404643625,-0.2431297420563301,-0.00252888787787782,0.0
76.95,40.88950889365566,26.076435179806403,1.4756622870132057,40.97570945565199,25.991903151883996,1.46010121060145,0.06337596114908467,-0.1769386989587938,0.002356518585579852,0.03921082030061715,0.06797783780634034,0.24705724730407375,-0.3175648036593949,-0.0016381630036865834,0.0
77.0,40.99997214203758,26.10493001252138,1.4765210048019553,40.99072374553393,25.996907915177975,1.4600386510602752,0.07630208783693013,-0.22230351241535828,0.004774454163904072,-0.25710044530355447,0.4402017203883458,0.5790084642816612,-0.6916036981926265,-0.0008924418488211503,0.0
77.05000000000001,41.10504433622087,26.13160027405959,1.4767740209597966,40.9979077094128,25.999302569804268,1.4600087178774466,0.08739159189751544,-0.2544682904508602,0.007183856353531498,-0.757777938959254,1.0128661919945074,1.1537061729992237,-1.3051521529238712,-0.0003417568012713076,0.0
77.10000000000001,41.20394509756633,26.156185609927995,1.4763953104913232,40.9999205389102,25.99997351297007,1.4600003310878742,0.09566346526690848,-0.2612320780393185,0.009007098684067674,-0.3252160347339519,0.6257686692098023,0.8181951419215874,-0.9911485448726101,-3.985305020184706e-05,0.0
77.15,41.29647169412458,26.178485254040055,1.475405403957141,41.0,26.0,1.4599953991686874,0.100681246391989,-0.25023746417069354,0.009935348357029715,0.2547040431303842,0.0802981571025877,0.3452292274960682,-0.5414222190065853,-0.000543973769983496,0.0
77.2,41.38282782043093,26.19836147588773,1.4739673360713876,41.0,26.0,1.4598814127427173,0.10218154298450045,-0.23421186765077742,0.009938873509660238,0.5973320473547576,-0.2854393336448011,0.08905863455060292,-0.2633411026080087,-0.004666375813130174,0.0
77.25,41.46334673334378,26.21575399246921,1.4723054143164631,41.0,26.0,1.4594671263222647,0.10053177032492919,-0.2212871646048402,0.00922497880757349,0.6566169319455348,-0.43093082959341933,0.06769995104381954,-0.1661187739525608,-0.01248737524433886,0.0
77.30000000000001,41.53832124933523,26.230686050885296,1.4705692439741989,41.0,26.0,1.4585777794132981,0.09677849561015574,-0.2137249327560264,0.008106767432835494,0.5537200219440177,-0.42644311549381436,0.15144398825149857,-0.16669240148737707,-0.023602604456128107,0.0
77.35000000000001,41.60794553361562,26.243244636965915,1.4687881574054356,41.0,26.0,1.4570584687910508,0.09209067405269138,-0.21039826531309133,0.006853078095074087,0.40916678586932587,-0.35546457254302233,0.22572737551262553,-0.18419524514886973,-0.037622140285450884,0.0
77.4,41.672329949190704,26.25355006053404,1.4668849894566334,41.0,26.0,1.4547734262777956,0.08731629562714045,-0.20938973418054735,0.005633609226599719,0.2845521351318939,-0.2683080483157032,0.24211953452011928,-0.17947344680341817,-0.05417050401371377,0.0
77.45,41.73153922469481,26.26173159451121,1.4647063198049455,41.0,26.0,1.4516052965206248,0.08283330281609161,-0.20927753153389655,0.004517421503088967,0.19139916775740262,-0.1839076083958308,0.20414355586773536,-0.1478789276789455,-0.07288666136676504,0.0
77.5,41.78562226753783,26.2679147764689,1.4620536934202728,41.0,26.0,1.4474544147692263,0.07865382321683188,-0.20934776725704568,0.0035017595162392654,0.11977064289197176,-0.10664416634157267,0.13563287587199482,-0.09901778026379288,-0.09342402251489745,0.0
77.55000000000001,41.83462568449095,26.272218272190077,1.458710871869704,41.0,26.0,1.4422380846536615,0.07461792997985882,-0.20937403523578296,0.0025511305419184177,0.05835019543133179,-0.037455986023699435,0.05924910987006415,-0.043738557155445786,-0.11545044207285454,0.0
77.60000000000001,41.87859579769474,26.274755637137755,1.454465033136611,41.0,26.0,1.4358898559621482,0.07054773022139574,-0.20935169295637582,0.0016278116404938835,0.0013012140209550018,0.022451936888750197,-0.010775669708586283,0.010335436645407722,-0.13864821909980535,0.0
77.65,41.91757606134935,26.275638162013365,1.4491215137448645,41.0,26.0,1.4283588024188294,0.06632689014694226,-0.2093240841199708,0.0007074846976817614,-0.05216404307111268,0.07135760037344872,-0.06804787755582041,0.059058350220426784,-0.16271409709938206,0.0
77.7,41.9516041440807,26.27497662883308,1.4425132385740658,41.0,26.0,1.4196087994615574,0.061931911553362806,-0.2093145786070096,-0.00021488534254030726,-0.09992078552478262,0.10818976507841603,-0.11144972608986266,0.10023434312096734,-0.1873592640196551,0.0
77.75,41.980710256570575,26.272881598489818,1.4345057931640546,41.0,26.0,1.4096178020196695,0.05741945512719606,-0.20932379701533343,-0.001128018000829238,-0.13895011734787122,0.1334843172671112,-0.14261834294129108,0.13213083213746615,-0.21230935225313952,0.0
77.80000000000001,42.00491671063686,26.26946272026513,1.4249992450442208,41.0,26.0,1.3983771222917631,0.05287795171694372,-0.20934387478594707,-0.0020144054891832732,-0.16695025636472058,0.14899512184785124,-0.16387891956446632,0.15328185337687306,-0.2373044386368015,0.0
77.85000000000001,42.024238231188804,26.264827817557084,1.4139276919530803,41.0,26.0,1.385890707523486,0.04837979893425598,-0.2093672462085815,-0.0028601287396778294,-0.18311984117163896,0.15660816174626793,-0.17706401663337204,0.16304084290253398,-0.26209904445203086,0.0
77.9,42.0386826021904,26.259082196017683,1.4012572793809162,41.0,26.0,1.3721744177852957,0.043954434164892135,-0.20938824720136467,-0.003660406970189002,-0.1884771593973029,0.1571131258847653,-0.1828530140177074,0.1623732564387438,-0.286462135424683,0.0
77.95,42.04825141199574,26.25232842391231,1.3869832857735522,41.0,26.0,1.3572553037502488,0.039591260067188855,-0.20940272326813417,-0.004418939956600432,-0.18541505635204084,0.1500485153514414,-0.18091459343086122,0.1537164679528181,-0.3101771217250505,0.0
78.0,42.05294078254255,26.244666370971338,1.3711268106046608,41.0,26.0,1.3411708844717762,0.035280493494971726,-0.2094090876210169,-0.005139368807558827,-0.17613887961874386,0.1351395136102223,-0.17117483061443967,0.13939676692083414,-0.3330418579678705,0.0
78.05000000000001,42.052742106101284,26.236193422985053,1.3537313666015016,41.0,26.0,1.323968425161456,0.031036677226029905,-0.20940915005339303,-0.0058203083681154,-0.16174815572691098,0.11329761982855038,-0.15454312602014378,0.12053004709523504,-0.3548686432123306,0.0
78.10000000000001,42.04764264962559,26.227004678851547,1.3348595947525888,41.0,26.0,1.305704214966811,0.02689273385704296,-0.2094073219562061,-0.006456530393328762,-0.14244878989001708,0.08641346501054392,-0.13262061782925866,0.09712968828376717,-0.3754842209620444,0.0
78.15,42.03762620199609,26.217193037597614,1.314590278006182,41.0,26.0,1.2864428447490563,0.02288177432333635,-0.2094071079660789,-0.007042759178397992,-0.19537078581534556,0.13355185201481157,-0.029876812097443264,-0.008167599602609973,-0.3947297791650889,0.0
78.2,42.022678694289425,26.20684900280064,1.2930203736607868,41.0,26.0,1.2662564848608981,0.019028487900454433,-0.20656322513431793,-0.007572396978752996,-0.47179206447473565,0.4071201443393745,0.30310346245192,-0.34578767484870476,-0.4124609502139789,0.0
78.25,42.00286029026967,26.196059891055587,1.2702815268315484,41.0,26.0,1.2452241629243055,0.015383529656063643,-0.19463209106068902,-0.00801544728845814,-0.36165515802995485,0.298976388223469,0.2527618471289127,-0.3036212283559302,-0.42854781094567357,0.0
78.30000000000001,41.97842447693362,26.184909377120988,1.246531200660624,41.0,26.0,1.2234310416082814,0.011891693529519833,-0.17508569744256383,-0.008359335085201983,-0.14729090025129632,0.08637990607294925,0.09732033596075153,-0.1547114695277952,-0.44287488264158087,0.0
78.35000000000001,41.949802648934224,26.173478114124354,1.22194806117241,41.0,26.0,1.2009676964066673,0.008482607559608304,-0.15232129891667068,-0.008605315268752887,0.01659379069133244,-0.08091304767116853,-0.012795412575683358,-0.04462684328381289,-0.4553411310275407,0.0
78.4,41.91751388460838,26.161844930440868,1.1967124470526835,41.0,26.0,1.177929393415882,0.005155956898117915,-0.1297765091861958,-0.00875465438932779,0.09623235766212787,-0.16843599631263972,-0.0464561747170098,-0.005211858836106226,-0.46585996627385007,0.0
78.45,41.8820854408465,26.15008724482969,1.1709824036597758,41.0,26.0,1.154415367112725,0.0019773390438277516,-0.10905370068798734,-0.00881012075889221,0.11875143986530975,-0.1984100778203099,-0.030437927102150014,-0.014595411198365271,-0.4743592429952459,0.0
78.5,41.84400934618593,26.13828028261736,1.1448858781976263,41.0,26.0,1.1305280981321473,-0.0009864899571493074,-0.09045532360501546,-0.008781470477465901,0.1195030835116331,-0.20224868289097397,0.0026207232168103806,-0.04419317076048147,-0.4807812602509102,0.0
78.55000000000001,41.80373022781746,26.12649577237922,1.1185263331460975,41.0,26.0,1.106372591045023,-0.0037070093053279502,-0.07368638331958971,-0.008683624172223367,0.12029870258756,-0.20134059491860457,0.03455724921076608,-0.07647800068569338,-0.48508276154446955,0.0
78.60000000000001,41.76165033797093,26.114800835415068,1.091992733502532,41.0,26.0,1.0820556521359548,-0.006193853876976091,-0.0583263889449988,-0.008532087712994381,0.12856811052462028,-0.20552489120438305,0.06136285501570482,-0.10526080478096994,-0.48723493482399216,0.0
78.65,41.71813957468429,26.103257401916704,1.0653686422413033,41.0,26.0,1.05768516718101,-0.008471056581588183,-0.044049267111210176,-0.008339700629507054,0.14357053450314716,-0.2169668337683193,0.0863497206461489,-0.13113260691638404,-0.4872234124819943,0.0
78.7,41.67354394504355,26.091922133017505,1.0387387969451451,41.0,26.0,1.0333693792255254,-0.010553303461505494,-0.030659123566623193,-0.008116014391234638,0.16271354555679443,-0.2345263370331494,0.11363098980770148,-0.15688344864999348,-0.4850482713554351,0.0
78.75,41.62819063168236,26.08084663939774,1.012193128889667,41.0,26.0,1.0092161663618797,-0.012437953728083281,-0.018046033340345557,-0.007868563592694085,0.18533328941398397,-0.2570402375106446,0.14438480187451636,-0.1842881249846791,-0.48072403272571895,0.0
78.80000000000001,41.582390180441564,26.07007777258105,0.9858286598698872,41.0,26.0,0.9853323195072627,-0.014112580615575363,-0.006152920829201288,-0.007604339951346615,0.21278513086834644,-0.28423320876720304,0.1769299569047135,-0.2133895474270938,-0.47427966231869123,0.0
78.85000000000001,41.53643694659125,26.059657847552117,0.9597497934996906,41.0,26.0,0.9618228201814815,-0.015570246764546028,0.005025166060820441,-0.0073303182782057125,0.24597992413429887,-0.31569275005236724,0.20940352103929988,-0.2437477251493862,-0.465758570304649,0.0
78.9,41.49060873627326,26.049624761221164,0.9340674691295789,41.0,26.0,0.9387901182846965,-0.016817109624465733,0.015452532216479862,-0.007052925455033836,0.28392034435126645,-0.350250181382742,0.24144116992198517,-0.2752649500980142,-0.45521861129832736,0.0
78.95,41.44516620828891,26.040012013034655,0.9088975665687707,41.0,26.0,0.9163334098752275,-0.017870221999353134,0.025078127012510353,-0.006777352890873998,0.3239864356371552,-0.3862383445061824,0.27408119965931127,-0.30810308050153973,-0.4427320843589075,0.0
79.0,41.40035225363136,26.03084867888462,0.884358868188708,41.0,26.0,0.8945479149473242,-0.018747761365880626,0.033861525039413094,-0.00650744771677896,0.3633509583822846,-0.42206214477073334,0.3084963658216219,-0.34225645858839093,-0.42838573299001637,0.0
79.05000000000001,41.35639141786741,26.022159398332136,0.8605708166136007,41.0,26.0,0.8735241552089372,-0.019459588542789976,0.041787137620956184,-0.006246224836562805,0.4002168240434941,-0.45650615642571835,0.3448595800586902,-0.3773565748940415,-0.41228074513971896,0.0
79.10000000000001,41.31348940802014,26.013964394267322,0.8376512445303358,41.0,26.0,0.8533472318595213,-0.02000671810396912,0.04886683885133709,-0.005996363744151163,0.4342061666663356,-0.48894540514970364,0.3820230518112996,-0.4125394245490822,-0.3945327532005392,0.0
79.15,41.27183270600896,26.006279530268785,0.8157141977186969,41.0,26.0,0.8340961033677757,-0.020388143129050348,0.055128031969857515,-0.005760219543240527,0.4658329808192926,-0.5192378392809748,0.4180889246772337,-0.4465976418977793,-0.3752718340094324,0.0
79.2,41.231588259501606,25.999116423354977,0.794867928250053,41.0,26.0,0.815842863249447,-0.020605694608202534,0.06060165819204128,-0.005539597096075598,0.49574632533844176,-0.5474072356956772,0.451188496677961,-0.4783159878437818,-0.35464250884780246,0.0
79.25,41.1929033123667,25.99248258453596,0.7752130935172067,41.0,26.0,0.7986520178451,-0.020668450099578944,0.06530965777844223,-0.005335390592553832,0.5238303297129527,-0.5731856797688368,0.4803890576784937,-0.5069284033056721,-0.3328037434414973,0.0
79.30000000000001,41.15590537591728,25.98638159497647,0.7568411715634524,41.0,26.0,0.7825797640978924,-0.02059064398211193,0.06926748316262478,-0.005147598523767396,0.5492920595895572,-0.5960225590744103,0.505597592086323,-0.5320998971099223,-0.30992894796080234,0.0
79.35000000000001,41.12070235401755,25.98081330449968,0.7398330782861748,41.0,26.0,0.7676732673313689,-0.020388285282282148,0.07249187750183216,-0.00497555714600033,0.5710687173076611,-0.6152848341361626,0.5271361669715088,-0.5537122887365381,-0.28620597702046907,0.0
79.4,41.08738284224745,25.975774052134252,0.724257970442656,41.0,26.0,0.7539699390272129,-0.02007471110052452,0.07500808589002798,-0.004818358502962117,0.5883704503831516,-0.6304409568607036,0.545175719693436,-0.5716643334404558,-0.2618371296796716,0.0
79.45,41.05601661406848,25.97125689712548,0.7101722033024357,41.0,26.0,0.7414967146030423,-0.019660034432103318,0.07685048447977087,-0.004675032286006858,0.6007890001406254,-0.6410997905125649,0.5596055469587508,-0.5858142750739003,-0.23703914944203572,0.0
79.5,41.02665525080354,25.967251871232335,0.6976184094330037,41.0,26.0,0.7302693311901817,-0.019152488745723333,0.07805999677885118,-0.004544551994316235,0.6082886962751962,-0.6470397611451026,0.5700227602107901,-0.5959316142435478,-0.21204322425563304,0.0
79.55000000000001,40.999332893190356,25.963746253568893,0.6866246850985153,41.0,26.0,0.72029160541144,-0.018559884573968153,0.07868320613822245,-0.004425784702100422,0.6111042647365882,-0.6482427015105623,0.5758171394340046,-0.6016445737515856,-0.18709498651296982,0.0
79.60000000000001,40.97406714053322,25.960724848766738,0.6772038529388397,41.0,26.0,0.7115547111588955,-0.017892098791300673,0.07876695890360792,-0.004317337329109428,0.6093617088761616,-0.6447372067696244,0.5765363101847563,-0.6025794457245417,-0.16245451305102138,0.0
79.65,40.95086006676067,25.958170274148294,0.6693527819851244,41.0,26.0,0.7040364573716611,-0.017161254658470595,0.07835424168386057,-0.004217583229565244,0.6028915519219146,-0.6364497056043982,0.5720593414330862,-0.598496390541435,-0.13839632515118286,0.0
79.7,40.9296993115107,25.956063247623042,0.6630517540603441,41.0,26.0,0.6977005658136706,-0.016380840292103026,0.07748541215260275,-0.004124781165742941,0.5912842081835858,-0.6232463133524957,0.5625294331863309,-0.5892371539161678,-0.11520938853930243,0.0
79.75,40.910559244999114,25.954382891276612,0.6582638817922613,41.0,26.0,0.6924959488514526,-0.015562632571011004,0.07620130411459253,-0.004037369031771214,0.5741652331384982,-0.6049358738258169,0.5480642196859372,-0.5747132283577742,-0.0931971133856741,0.0
79.80000000000001,40.8934021697473,25.953107000321186,0.6549345148503773,41.0,26.0,0.68835598723191,-0.014715538218413328,0.07454477642419649,-0.003954078530328466,0.5512921328332976,-0.5813375844440116,0.5286532285085743,-0.5548340447624704,-0.07267735430502838,0.0
79.85000000000001,40.878179574794906,25.95221232749746,0.6529907043331522,41.0,26.0,0.6851978078601039,-0.013844271215796797,0.07256107393116307,-0.0038740418417388444,0.5227571708687916,-0.5522657073287078,0.5039438960195599,-0.5295140762048565,-0.053982410356558055,0.0
79.9,40.864833387322506,25.951674845743387,0.652340663000901,41.0,26.0,0.6829215615770167,-0.012952112844927673,0.07029675717539335,-0.003796564346361398,0.48882153873600054,-0.5176146583105063,0.4734041853674347,-0.4985798996348548,-0.03745902504388372,0.0
79.95,40.853297228545195,25.951470003259736,0.6528732414629768,41.0,26.0,0.681409700937342,-0.012043955291667886,0.06779613783327744,-0.0037209049685819223,0.4497150066108614,-0.4773307258094278,0.43651905114814593,-0.46179095626707867,-0.02346838631507581,0.0
80.0,40.84349763970697,25.9515729781677,0.6544574100360268,41.0,26.0,0.6805262579872603,-0.011127167184696165,0.06509845426828363,-0.003646239591081035,0.4054192329984826,-0.43133592940243054,0.3930029142786016,-0.41891005500353923,-0.01238612656264914,0.0
80.05000000000001,40.83535528735071,25.951958899508213,0.656941746522083,41.0,26.0,0.6801161220422135,-0.010212991001910733,0.062234835060100836,-0.003571610056463514,0.3553903891530727,-0.37943265343827964,0.3430732001945002,-0.36979340398227983,-0.004602322623559548,0.0
80.10000000000001,40.82878611983047,25.952603052896546,0.6601539230443847,41.0,26.0,0.6800043174646832,-0.00931355760297602,0.059231885874286745,-0.0034961659390950785,0.2988302352426987,-0.3213438083524066,0.28717307589055285,-0.3143488814742139,-0.0005214957792184449,0.0
80.1247,40.82609471429615,25.95300905203857,0.6619507323038146,41.0,26.0,0.6800000000000118,-0.008907639964019064,0.057673306939443954,-0.0034566901682107428,0.26537867976651835,-0.28993387805108417,0.26035478674765367,-0.2849177145808647,-1.0033717977390341e-09,0.0
