0 0 1 0 0 0.336582 0 0 0 0 0 -3.6324 -0 0 0 -0 0 0 0 0 0 0 0 0 0 0 0 0 0 1 10000 10000 10000 10000
0 0 1 0 0 0.317855 0 0 0 0 0 -3.68297 -0 0 0 -0 0 0 0 0 0 0 0 0 0 0 0 0 0 1 20000 20000 20000 20000
0 0 1 0 0 0.300703 0 0 0 0 0 -3.62299 -0 0 0 -0 0 0 0 0 0 0 0 0 0 0 0 0 0 1 23846.3 23846.3 23846.3 23846.3
0 0 1 0 0 0.282356 0 0 0 0 0 -3.50932 -0 0 0 -0 0 0 0 0 0 0 0 0 0 0 0 0 0 1 23708.7 23708.7 23708.7 23708.7
0 0 1 0 0 0.264238 0 0 0 0 0 -3.39535 -0 0 0 -0 0 0 0 0 0 0 0 0 0 0 0 0 0 1 23569 23569 23569 23569
0 0 1 0 0 0.247034 0 0 0 0 0 -3.2854 -0 0 0 -0 0 0 0 0 0 0 0 0 0 0 0 0 0 1 23432.6 23432.6 23432.6 23432.6
0 0 1 0 0 0.231645 0 0 0 0 0 -3.18546 -0 0 0 -0 0 0 0 0 0 0 0 0 0 0 0 0 0 1 23307.2 23307.2 23307.2 23307.2
0 0 1 0 0 0.215355 0 0 0 0 0 -3.07804 -0 0 0 -0 0 0 0 0 0 0 0 0 0 0 0 0 0 1 23170.9 23170.9 23170.9 23170.9
0 0 1 0 0 0.199702 0 0 0 0 0 -2.97306 -0 0 0 -0 0 0 0 0 0 0 0 0 0 0 0 0 0 1 23036 23036 23036 23036
0 0 1 0 0 0.18448 0 0 0 0 0 -2.86917 -0 0 0 -0 0 0 0 0 0 0 0 0 0 0 0 0 0 1 22900.9 22900.9 22900.9 22900.9
0 0 1 0 0 0.169865 0 0 0 0 0 -2.7676 -0 0 0 -0 0 0 0 0 0 0 0 0 0 0 0 0 0 1 22767.2 22767.2 22767.2 22767.2
0 0 1 0 0 0.156901 0 0 0 0 0 -2.67583 -0 0 0 -0 0 0 0 0 0 0 0 0 0 0 0 0 0 1 22644.9 22644.9 22644.9 22644.9
0 0 1 0 0 0.143261 0 0 0 0 0 -2.57756 -0 0 0 -0 0 0 0 0 0 0 0 0 0 0 0 0 0 1 22512.4 22512.4 22512.4 22512.4
0 0 1 0 0 0.130091 0 0 0 0 0 -2.4808 -0 0 0 -0 0 0 0 0 0 0 0 0 0 0 0 0 0 1 22380.4 22380.4 22380.4 22380.4
0 0 1 0 0 0.118476 0 0 0 0 0 -2.3937 -0 0 0 -0 0 0 0 0 0 0 0 0 0 0 0 0 0 1 22260.1 22260.1 22260.1 22260.1
0 0 1 0 0 0.105079 0 0 0 0 0 -2.2913 -0 0 0 -0 0 0 0 0 0 0 0 0 0 0 0 0 0 1 22116.9 22116.9 22116.9 22116.9
0 0 1 0 0 0.0945076 0 0 0 0 0 -2.20854 -0 0 0 -0 0 0 0 0 0 0 0 0 0 0 0 0 0 1 21999.7 21999.7 21999.7 21999.7
0 0 1 0 0 0.0832443 0 0 0 0 0 -2.11856 -0 0 0 -0 0 0 0 0 0 0 0 0 0 0 0 0 0 1 21870.8 21870.8 21870.8 21870.8
0 0 1 0 0 0.0733161 0 0 0 0 0 -2.03738 -0 0 0 -0 0 0 0 0 0 0 0 0 0 0 0 0 0 1 21753 21753 21753 21753
0 0 1 0 0 0.0629349 0 0 0 0 0 -1.9506 -0 0 0 -0 0 0 0 0 0 0 0 0 0 0 0 0 0 1 21625.7 21625.7 21625.7 21625.7
0 0 1 0 0 0.0529704 0 0 0 0 0 -1.86519 -0 0 0 -0 0 0 0 0 0 0 0 0 0 0 0 0 0 1 21498.8 21498.8 21498.8 21498.8
0 0 1 0 0 0.0432693 0 0 0 0 0 -1.77986 -0 0 0 -0 0 0 0 0 0 0 0 0 0 0 0 0 0 1 21370.3 21370.3 21370.3 21370.3
0 0 1 0 0 0.0350685 0 0 0 0 0 -1.7057 -0 0 0 -0 0 0 0 0 0 0 0 0 0 0 0 0 0 1 21257.2 21257.2 21257.2 21257.2
0 0 1 0 0 0.0263659 0 0 0 0 0 -1.62497 -0 0 0 -0 0 0 0 0 0 0 0 0 0 0 0 0 0 1 21132.7 21132.7 21132.7 21132.7
0 0 1 0 0 0.0180391 0 0 0 0 0 -1.54543 -0 0 0 -0 0 0 0 0 0 0 0 0 0 0 0 0 0 1 21008.5 21008.5 21008.5 21008.5
0 0 1 0 0 0.0103341 0 0 0 0 0 -1.46952 -0 0 0 -0 0 0 0 0 0 0 0 0 0 0 0 0 0 1 20888.3 20888.3 20888.3 20888.3
0 0 1 0 0 0.00330164 0 0 0 0 0 -1.39802 -0 0 0 -0 0 0 0 0 0 0 0 0 0 0 0 0 0 1 20773.8 20773.8 20773.8 20773.8
0 0 1 0 0 -0.0038233 0 0 0 0 0 -1.32326 -0 0 0 -0 0 0 0 0 0 0 0 0 0 0 0 0 0 1 20652.5 20652.5 20652.5 20652.5
0 0 1 0 0 -0.0105837 0 0 0 0 0 -1.24978 -0 0 0 -0 0 0 0 0 0 0 0 0 0 0 0 0 0 1 20531.7 20531.7 20531.7 20531.7
0 0 1 0 0 -0.0169826 0 0 0 0 0 -1.17757 -0 0 0 -0 0 0 0 0 0 0 0 0 0 0 0 0 0 1 20411.5 20411.5 20411.5 20411.5
0 0 1 0 0 -0.0224902 0 0 0 0 0 -1.11292 -0 0 0 -0 0 0 0 0 0 0 0 0 0 0 0 0 0 1 20302.4 20302.4 20302.4 20302.4
0 0 1 0 0 -0.0281712 0 0 0 0 0 -1.04365 -0 0 0 -0 0 0 0 0 0 0 0 0 0 0 0 0 0 1 20184.1 20184.1 20184.1 20184.1
0 0 1 0 0 -0.0334931 0 0 0 0 0 -0.975831 -0 0 0 -0 0 0 0 0 0 0 0 0 0 0 0 0 0 1 20066.7 20066.7 20066.7 20066.7
0 0 1 0 0 -0.0384838 0 0 0 0 0 -0.909185 -0 0 0 -0 0 0 0 0 0 0 0 0 0 0 0 0 0 1 19949.8 19949.8 19949.8 19949.8
0 0 1 0 0 -0.0427275 0 0 0 0 0 -0.849599 -0 0 0 -0 0 0 0 0 0 0 0 0 0 0 0 0 0 1 19843.9 19843.9 19843.9 19843.9
0 0 1 0 0 -0.0470694 0 0 0 0 0 -0.785579 -0 0 0 -0 0 0 0 0 0 0 0 0 0 0 0 0 0 1 19728.7 19728.7 19728.7 19728.7
0 0 1 0 0 -0.0515998 0 0 0 0 0 -0.714828 -0 0 0 -0 0 0 0 0 0 0 0 0 0 0 0 0 0 1 19599.6 19599.6 19599.6 19599.6
0 0 1 0 0 -0.0547872 0 0 0 0 0 -0.661408 -0 0 0 -0 0 0 0 0 0 0 0 0 0 0 0 0 0 1 19500.7 19500.7 19500.7 19500.7
0 0 1 0 0 -0.0578852 0 0 0 0 0 -0.606321 -0 0 0 -0 0 0 0 0 0 0 0 0 0 0 0 0 0 1 19397.5 19397.5 19397.5 19397.5
0 0 1 0 0 -0.0609696 0 0 0 0 0 -0.54765 -0 0 0 -0 0 0 0 0 0 0 0 0 0 0 0 0 0 1 19286.1 19286.1 19286.1 19286.1
0 0 1 0 0 -0.0637674 0 0 0 0 0 -0.48998 -0 0 0 -0 0 0 0 0 0 0 0 0 0 0 0 0 0 1 19175.1 19175.1 19175.1 19175.1
0 0 1 0 0 -0.0662758 0 0 0 0 0 -0.433427 -0 0 0 -0 0 0 0 0 0 0 0 0 0 0 0 0 0 1 19064.7 19064.7 19064.7 19064.7
0 0 1 0 0 -0.0682995 0 0 0 0 0 -0.382968 -0 0 0 -0 0 0 0 0 0 0 0 0 0 0 0 0 0 1 18964.9 18964.9 18964.9 18964.9
0 0 1 0 0 -0.0702572 0 0 0 0 0 -0.328823 -0 0 0 -0 0 0 0 0 0 0 0 0 0 0 0 0 0 1 18856.3 18856.3 18856.3 18856.3
0 0 1 0 0 -0.0719391 0 0 0 0 0 -0.275839 -0 0 0 -0 0 0 0 0 0 0 0 0 0 0 0 0 0 1 18748.6 18748.6 18748.6 18748.6
0 0 1 0 0 -0.0733075 0 0 0 0 0 -0.225589 -0 0 0 -0 0 0 0 0 0 0 0 0 0 0 0 0 0 1 18645 18645 18645 18645
0 0 1 0 0 -0.0743948 0 0 0 0 0 -0.177828 -0 0 0 -0 0 0 0 0 0 0 0 0 0 0 0 0 0 1 18545.1 18545.1 18545.1 18545.1
0 0 1 0 0 -0.0753008 0 0 0 0 0 -0.128414 -0 0 0 -0 0 0 0 0 0 0 0 0 0 0 0 0 0 1 18440.3 18440.3 18440.3 18440.3
0 0 1 0 0 -0.0759577 0 0 0 0 0 -0.0799243 -0 0 0 -0 0 0 0 0 0 0 0 0 0 0 0 0 0 1 18336 18336 18336 18336
0 0 1 0 0 -0.0763657 0 0 0 0 0 -0.0326486 -0 0 0 -0 0 0 0 0 0 0 0 0 0 0 0 0 0 1 18232.8 18232.8 18232.8 18232.8
0 0 1 0 0 -0.0765183 0 0 0 0 0 0.00961846 -0 0 0 -0 0 0 0 0 0 0 0 0 0 0 0 0 0 1 18139.1 18139.1 18139.1 18139.1
0 0 1 0 0 -0.0764688 0 0 0 0 0 0.0551586 -0 0 0 -0 0 0 0 0 0 0 0 0 0 0 0 0 0 1 18036.9 18036.9 18036.9 18036.9
0 0 1 0 0 -0.0761892 0 0 0 0 0 0.0989754 -0 0 0 -0 0 0 0 0 0 0 0 0 0 0 0 0 0 1 17936.9 17936.9 17936.9 17936.9
0 0 1 0 0 -0.0756833 0 0 0 0 0 0.142112 -0 0 0 -0 0 0 0 0 0 0 0 0 0 0 0 0 0 1 17837.1 17837.1 17837.1 17837.1
0 0 1 0 0 -0.0750197 0 0 0 0 0 0.180582 -0 0 0 -0 0 0 0 0 0 0 0 0 0 0 0 0 0 1 17746.7 17746.7 17746.7 17746.7
0 0 1 0 0 -0.0740944 0 0 0 0 0 0.221855 -0 0 0 -0 0 0 0 0 0 0 0 0 0 0 0 0 0 1 17648.3 17648.3 17648.3 17648.3
0 0 1 0 0 -0.0729626 0 0 0 0 0 0.261939 -0 0 0 -0 0 0 0 0 0 0 0 0 0 0 0 0 0 1 17551.3 17551.3 17551.3 17551.3
0 0 1 0 0 -0.0716272 0 0 0 0 0 0.30101 -0 0 0 -0 0 0 0 0 0 0 0 0 0 0 0 0 0 1 17455.2 17455.2 17455.2 17455.2
0 0 1 0 0 -0.0702107 0 0 0 0 0 0.336177 -0 0 0 -0 0 0 0 0 0 0 0 0 0 0 0 0 0 1 17367.4 17367.4 17367.4 17367.4
0 0 1 0 0 -0.0684966 0 0 0 0 0 0.373397 -0 0 0 -0 0 0 0 0 0 0 0 0 0 0 0 0 0 1 17273.1 17273.1 17273.1 17273.1
0 0 1 0 0 -0.0665925 0 0 0 0 0 0.409675 -0 0 0 -0 0 0 0 0 0 0 0 0 0 0 0 0 0 1 17179.6 17179.6 17179.6 17179.6
0 0 1 0 0 -0.0645346 0 0 0 0 0 0.444494 -0 0 0 -0 0 0 0 0 0 0 0 0 0 0 0 0 0 1 17088.5 17088.5 17088.5 17088.5
0 0 1 0 0 -0.0624176 0 0 0 0 0 0.476662 -0 0 0 -0 0 0 0 0 0 0 0 0 0 0 0 0 0 1 17002.9 17002.9 17002.9 17002.9
0 0 1 0 0 -0.0600374 0 0 0 0 0 0.509564 -0 0 0 -0 0 0 0 0 0 0 0 0 0 0 0 0 0 1 16914 16914 16914 16914
0 0 1 0 0 -0.0573878 0 0 0 0 0 0.542935 -0 0 0 -0 0 0 0 0 0 0 0 0 0 0 0 0 0 1 16822.4 16822.4 16822.4 16822.4
0 0 1 0 0 -0.0546865 0 0 0 0 0 0.573993 -0 0 0 -0 0 0 0 0 0 0 0 0 0 0 0 0 0 1 16735.6 16735.6 16735.6 16735.6
0 0 1 0 0 -0.0519127 0 0 0 0 0 0.603362 -0 0 0 -0 0 0 0 0 0 0 0 0 0 0 0 0 0 1 16652.1 16652.1 16652.1 16652.1
0 0 1 0 0 -0.0488394 0 0 0 0 0 0.633512 -0 0 0 -0 0 0 0 0 0 0 0 0 0 0 0 0 0 1 16565.1 16565.1 16565.1 16565.1
0 0 1 0 0 -0.0456023 0 0 0 0 0 0.66292 -0 0 0 -0 0 0 0 0 0 0 0 0 0 0 0 0 0 1 16478.6 16478.6 16478.6 16478.6
0 0 1 0 0 -0.0422141 0 0 0 0 0 0.691506 -0 0 0 -0 0 0 0 0 0 0 0 0 0 0 0 0 0 1 16393.1 16393.1 16393.1 16393.1
0 0 1 0 0 -0.038965 0 0 0 0 0 0.717037 -0 0 0 -0 0 0 0 0 0 0 0 0 0 0 0 0 0 1 16315.3 16315.3 16315.3 16315.3
0 0 1 0 0 -0.0353174 0 0 0 0 0 0.743944 -0 0 0 -0 0 0 0 0 0 0 0 0 0 0 0 0 0 1 16231.9 16231.9 16231.9 16231.9
0 0 1 0 0 -0.0315232 0 0 0 0 0 0.770135 -0 0 0 -0 0 0 0 0 0 0 0 0 0 0 0 0 0 1 16149.3 16149.3 16149.3 16149.3
0 0 1 0 0 -0.0275842 0 0 0 0 0 0.795625 -0 0 0 -0 0 0 0 0 0 0 0 0 0 0 0 0 0 1 16067.3 16067.3 16067.3 16067.3
0 0 1 0 0 -0.0238731 0 0 0 0 0 0.818171 -0 0 0 -0 0 0 0 0 0 0 0 0 0 0 0 0 0 1 15993.4 15993.4 15993.4 15993.4
0 0 1 0 0 -0.0196459 0 0 0 0 0 0.842451 -0 0 0 -0 0 0 0 0 0 0 0 0 0 0 0 0 0 1 15912.4 15912.4 15912.4 15912.4
0 0 1 0 0 -0.0153844 0 0 0 0 0 0.865481 -0 0 0 -0 0 0 0 0 0 0 0 0 0 0 0 0 0 1 15834 15834 15834 15834
0 0 1 0 0 -0.010961 0 0 0 0 0 0.888028 -0 0 0 -0 0 0 0 0 0 0 0 0 0 0 0 0 0 1 15755.7 15755.7 15755.7 15755.7
0 0 1 0 0 -0.0068177 0 0 0 0 0 0.907957 -0 0 0 -0 0 0 0 0 0 0 0 0 0 0 0 0 0 1 15685.1 15685.1 15685.1 15685.1
0 0 1 0 0 -0.00217825 0 0 0 0 0 0.929139 -0 0 0 -0 0 0 0 0 0 0 0 0 0 0 0 0 0 1 15608.6 15608.6 15608.6 15608.6
0 0 1 0 0 0.00258632 0 0 0 0 0 0.949699 -0 0 0 -0 0 0 0 0 0 0 0 0 0 0 0 0 0 1 15532.8 15532.8 15532.8 15532.8
0 0 1 0 0 0.00742809 0 0 0 0 0 0.969458 -0 0 0 -0 0 0 0 0 0 0 0 0 0 0 0 0 0 1 15458.3 15458.3 15458.3 15458.3
0 0 1 0 0 0.0119599 0 0 0 0 0 0.986963 -0 0 0 -0 0 0 0 0 0 0 0 0 0 0 0 0 0 1 15390.9 15390.9 15390.9 15390.9
0 0 1 0 0 0.0169489 0 0 0 0 0 1.0053 -0 0 0 -0 0 0 0 0 0 0 0 0 0 0 0 0 0 1 15318.8 15318.8 15318.8 15318.8
0 0 1 0 0 0.0221433 0 0 0 0 0 1.02339 -0 0 0 -0 0 0 0 0 0 0 0 0 0 0 0 0 0 1 15246 15246 15246 15246
0 0 1 0 0 0.027377 0 0 0 0 0 1.04065 -0 0 0 -0 0 0 0 0 0 0 0 0 0 0 0 0 0 1 15174.9 15174.9 15174.9 15174.9
0 0 1 0 0 0.0329319 0 0 0 0 0 1.05801 -0 0 0 -0 0 0 0 0 0 0 0 0 0 0 0 0 0 1 15101.7 15101.7 15101.7 15101.7
0 0 1 0 0 0.037617 0 0 0 0 0 1.07185 -0 0 0 -0 0 0 0 0 0 0 0 0 0 0 0 0 0 1 15041.8 15041.8 15041.8 15041.8
0 0 1 0 0 0.0431024 0 0 0 0 0 1.08733 -0 0 0 -0 0 0 0 0 0 0 0 0 0 0 0 0 0 1 14973.4 14973.4 14973.4 14973.4
0 0 1 0 0 0.0486468 0 0 0 0 0 1.10216 -0 0 0 -0 0 0 0 0 0 0 0 0 0 0 0 0 0 1 14906.1 14906.1 14906.1 14906.1
0 0 1 0 0 0.0542889 0 0 0 0 0 1.11646 -0 0 0 -0 0 0 0 0 0 0 0 0 0 0 0 0 0 1 14839.5 14839.5 14839.5 14839.5
0 0 1 0 0 0.0595123 0 0 0 0 0 1.129 -0 0 0 -0 0 0 0 0 0 0 0 0 0 0 0 0 0 1 14779.4 14779.4 14779.4 14779.4
0 0 1 0 0 0.0652778 0 0 0 0 0 1.14218 -0 0 0 -0 0 0 0 0 0 0 0 0 0 0 0 0 0 1 14714.7 14714.7 14714.7 14714.7
0 0 1 0 0 0.0711078 0 0 0 0 0 1.1548 -0 0 0 -0 0 0 0 0 0 0 0 0 0 0 0 0 0 1 14650.9 14650.9 14650.9 14650.9
0 0 1 0 0 0.0764967 0 0 0 0 0 1.16584 -0 0 0 -0 0 0 0 0 0 0 0 0 0 0 0 0 0 1 14593.5 14593.5 14593.5 14593.5
0 0 1 0 0 0.0825069 0 0 0 0 0 1.17754 -0 0 0 -0 0 0 0 0 0 0 0 0 0 0 0 0 0 1 14530.8 14530.8 14530.8 14530.8
0 0 1 0 0 0.088499 0 0 0 0 0 1.18857 -0 0 0 -0 0 0 0 0 0 0 0 0 0 0 0 0 0 1 14469.9 14469.9 14469.9 14469.9
0 0 1 0 0 0.0945703 0 0 0 0 0 1.19913 -0 0 0 -0 0 0 0 0 0 0 0 0 0 0 0 0 0 1 14409.6 14409.6 14409.6 14409.6
0 0 1 0 0 0.100796 0 0 0 0 0 1.20934 -0 0 0 -0 0 0 0 0 0 0 0 0 0 0 0 0 0 1 14349.2 14349.2 14349.2 14349.2
0 0 1 0 0 0.106322 0 0 0 0 0 1.21789 -0 0 0 -0 0 0 0 0 0 0 0 0 0 0 0 0 0 1 14296.9 14296.9 14296.9 14296.9
0 0 1 0 0 0.112577 0 0 0 0 0 1.22705 -0 0 0 -0 0 0 0 0 0 0 0 0 0 0 0 0 0 1 14238.9 14238.9 14238.9 14238.9
0 0 1 0 0 0.11882 0 0 0 0 0 1.23565 -0 0 0 -0 0 0 0 0 0 0 0 0 0 0 0 0 0 1 14182.4 14182.4 14182.4 14182.4
0 0 1 0 0 0.124603 0 0 0 0 0 1.24314 -0 0 0 -0 0 0 0 0 0 0 0 0 0 0 0 0 0 1 14131.2 14131.2 14131.2 14131.2
0 0 1 0 0 0.130948 0 0 0 0 0 1.25088 -0 0 0 -0 0 0 0 0 0 0 0 0 0 0 0 0 0 1 14076.1 14076.1 14076.1 14076.1
0 0 1 0 0 0.137348 0 0 0 0 0 1.25819 -0 0 0 -0 0 0 0 0 0 0 0 0 0 0 0 0 0 1 14021.9 14021.9 14021.9 14021.9
0 0 1 0 0 0.143768 0 0 0 0 0 1.26505 -0 0 0 -0 0 0 0 0 0 0 0 0 0 0 0 0 0 1 13968.6 13968.6 13968.6 13968.6
0 0 1 0 0 0.149701 0 0 0 0 0 1.27095 -0 0 0 -0 0 0 0 0 0 0 0 0 0 0 0 0 0 1 13920.4 13920.4 13920.4 13920.4
0 0 1 0 0 0.156188 0 0 0 0 0 1.27698 -0 0 0 -0 0 0 0 0 0 0 0 0 0 0 0 0 0 1 13868.8 13868.8 13868.8 13868.8
0 0 1 0 0 0.162703 0 0 0 0 0 1.28259 -0 0 0 -0 0 0 0 0 0 0 0 0 0 0 0 0 0 1 13818.1 13818.1 13818.1 13818.1
0 0 1 0 0 0.169273 0 0 0 0 0 1.28782 -0 0 0 -0 0 0 0 0 0 0 0 0 0 0 0 0 0 1 13768 13768 13768 13768
0 0 1 0 0 0.175886 0 0 0 0 0 1.29266 -0 0 0 -0 0 0 0 0 0 0 0 0 0 0 0 0 0 1 13718.7 13718.7 13718.7 13718.7
0 0 1 0 0 0.181881 0 0 0 0 0 1.29668 -0 0 0 -0 0 0 0 0 0 0 0 0 0 0 0 0 0 1 13674.9 13674.9 13674.9 13674.9
0 0 1 0 0 0.188528 0 0 0 0 0 1.30076 -0 0 0 -0 0 0 0 0 0 0 0 0 0 0 0 0 0 1 13627.3 13627.3 13627.3 13627.3
0 0 1 0 0 0.195002 0 0 0 0 0 1.30437 -0 0 0 -0 0 0 0 0 0 0 0 0 0 0 0 0 0 1 13581.9 13581.9 13581.9 13581.9
0 0 1 0 0 0.201812 0 0 0 0 0 1.30778 -0 0 0 -0 0 0 0 0 0 0 0 0 0 0 0 0 0 1 13535.1 13535.1 13535.1 13535.1
0 0 1 0 0 0.207989 0 0 0 0 0 1.31053 -0 0 0 -0 0 0 0 0 0 0 0 0 0 0 0 0 0 1 13493.5 13493.5 13493.5 13493.5
0 0 1 0 0 0.214625 0 0 0 0 0 1.31315 -0 0 0 -0 0 0 0 0 0 0 0 0 0 0 0 0 0 1 13449.7 13449.7 13449.7 13449.7
0 0 1 0 0 0.221379 0 0 0 0 0 1.31547 -0 0 0 -0 0 0 0 0 0 0 0 0 0 0 0 0 0 1 13406.1 13406.1 13406.1 13406.1
0 0 1 0 0 0.22749 0 0 0 0 0 1.31726 -0 0 0 -0 0 0 0 0 0 0 0 0 0 0 0 0 0 1 13367.4 13367.4 13367.4 13367.4
0 0 1 0 0 0.234819 0 0 0 0 0 1.31907 -0 0 0 -0 0 0 0 0 0 0 0 0 0 0 0 0 0 1 13321.9 13321.9 13321.9 13321.9
0 0 1 0 0 0.240936 0 0 0 0 0 1.32026 -0 0 0 -0 0 0 0 0 0 0 0 0 0 0 0 0 0 1 13284.7 13284.7 13284.7 13284.7
0 0 1 0 0 0.247687 0 0 0 0 0 1.32129 -0 0 0 -0 0 0 0 0 0 0 0 0 0 0 0 0 0 1 13244.5 13244.5 13244.5 13244.5
0 0 1 0 0 0.253887 0 0 0 0 0 1.32195 -0 0 0 -0 0 0 0 0 0 0 0 0 0 0 0 0 0 1 13208.4 13208.4 13208.4 13208.4
0 0 1 0 0 0.260616 0 0 0 0 0 1.32239 -0 0 0 -0 0 0 0 0 0 0 0 0 0 0 0 0 0 1 13169.8 13169.8 13169.8 13169.8
0 0 1 0 0 0.267411 0 0 0 0 0 1.32253 -0 0 0 -0 0 0 0 0 0 0 0 0 0 0 0 0 0 1 13131.7 13131.7 13131.7 13131.7
0 0 1 0 0 0.274136 0 0 0 0 0 1.32239 -0 0 0 -0 0 0 0 0 0 0 0 0 0 0 0 0 0 1 13094.8 13094.8 13094.8 13094.8
0 0 1 0 0 0.280326 0 0 0 0 0 1.322 -0 0 0 -0 0 0 0 0 0 0 0 0 0 0 0 0 0 1 13061.5 13061.5 13061.5 13061.5
0 0 1 0 0 0.287071 0 0 0 0 0 1.32132 -0 0 0 -0 0 0 0 0 0 0 0 0 0 0 0 0 0 1 13026 13026 13026 13026
0 0 1 0 0 0.29402 0 0 0 0 0 1.32035 -0 0 0 -0 0 0 0 0 0 0 0 0 0 0 0 0 0 1 12990.1 12990.1 12990.1 12990.1
0 0 1 0 0 0.300572 0 0 0 0 0 1.31917 -0 0 0 -0 0 0 0 0 0 0 0 0 0 0 0 0 0 1 12957 12957 12957 12957
0 0 1 0 0 0.306749 0 0 0 0 0 1.31782 -0 0 0 -0 0 0 0 0 0 0 0 0 0 0 0 0 0 1 12926.4 12926.4 12926.4 12926.4
0 0 1 0 0 0.313462 0 0 0 0 0 1.31613 -0 0 0 -0 0 0 0 0 0 0 0 0 0 0 0 0 0 1 12893.8 12893.8 12893.8 12893.8
0 0 1 0 0 0.320193 0 0 0 0 0 1.31419 -0 0 0 -0 0 0 0 0 0 0 0 0 0 0 0 0 0 1 12861.9 12861.9 12861.9 12861.9
0 0 1 0 0 0.326743 0 0 0 0 0 1.31207 -0 0 0 -0 0 0 0 0 0 0 0 0 0 0 0 0 0 1 12831.4 12831.4 12831.4 12831.4
0 0 1 0 0 0.333066 0 0 0 0 0 1.3098 -0 0 0 -0 0 0 0 0 0 0 0 0 0 0 0 0 0 1 12802.7 12802.7 12802.7 12802.7
0 0 1 0 0 0.339725 0 0 0 0 0 1.30719 -0 0 0 -0 0 0 0 0 0 0 0 0 0 0 0 0 0 1 12773 12773 12773 12773
0 0 1 0 0 0.346395 0 0 0 0 0 1.30436 -0 0 0 -0 0 0 0 0 0 0 0 0 0 0 0 0 0 1 12743.9 12743.9 12743.9 12743.9
0 0 1 0 0 0.353049 0 0 0 0 0 1.30131 -0 0 0 -0 0 0 0 0 0 0 0 0 0 0 0 0 0 1 12715.5 12715.5 12715.5 12715.5
0 0 1 0 0 0.35917 0 0 0 0 0 1.29831 -0 0 0 -0 0 0 0 0 0 0 0 0 0 0 0 0 0 1 12690 12690 12690 12690
0 0 1 0 0 0.365786 0 0 0 0 0 1.29487 -0 0 0 -0 0 0 0 0 0 0 0 0 0 0 0 0 0 1 12663 12663 12663 12663
0 0 1 0 0 0.372392 0 0 0 0 0 1.29122 -0 0 0 -0 0 0 0 0 0 0 0 0 0 0 0 0 0 1 12636.6 12636.6 12636.6 12636.6
0 0 1 0 0 0.379068 0 0 0 0 0 1.28733 -0 0 0 -0 0 0 0 0 0 0 0 0 0 0 0 0 0 1 12610.6 12610.6 12610.6 12610.6
0 0 1 0 0 0.385019 0 0 0 0 0 1.28368 -0 0 0 -0 0 0 0 0 0 0 0 0 0 0 0 0 0 1 12587.9 12587.9 12587.9 12587.9
0 0 1 0 0 0.39158 0 0 0 0 0 1.27948 -0 0 0 -0 0 0 0 0 0 0 0 0 0 0 0 0 0 1 12563.4 12563.4 12563.4 12563.4
0 0 1 0 0 0.398139 0 0 0 0 0 1.27509 -0 0 0 -0 0 0 0 0 0 0 0 0 0 0 0 0 0 1 12539.6 12539.6 12539.6 12539.6
0 0 1 0 0 0.404604 0 0 0 0 0 1.27058 -0 0 0 -0 0 0 0 0 0 0 0 0 0 0 0 0 0 1 12516.6 12516.6 12516.6 12516.6
0 0 1 0 0 0.410566 0 0 0 0 0 1.26624 -0 0 0 -0 0 0 0 0 0 0 0 0 0 0 0 0 0 1 12495.9 12495.9 12495.9 12495.9
0 0 1 0 0 0.41703 0 0 0 0 0 1.26138 -0 0 0 -0 0 0 0 0 0 0 0 0 0 0 0 0 0 1 12474 12474 12474 12474
0 0 1 0 0 0.423453 0 0 0 0 0 1.25637 -0 0 0 -0 0 0 0 0 0 0 0 0 0 0 0 0 0 1 12452.7 12452.7 12452.7 12452.7
0 0 1 0 0 0.42991 0 0 0 0 0 1.25116 -0 0 0 -0 0 0 0 0 0 0 0 0 0 0 0 0 0 1 12431.9 12431.9 12431.9 12431.9
0 0 1 0 0 0.435765 0 0 0 0 0 1.24628 -0 0 0 -0 0 0 0 0 0 0 0 0 0 0 0 0 0 1 12413.5 12413.5 12413.5 12413.5
0 0 1 0 0 0.442119 0 0 0 0 0 1.24083 -0 0 0 -0 0 0 0 0 0 0 0 0 0 0 0 0 0 1 12394 12394 12394 12394
0 0 1 0 0 0.448441 0 0 0 0 0 1.23524 -0 0 0 -0 0 0 0 0 0 0 0 0 0 0 0 0 0 1 12375.1 12375.1 12375.1 12375.1
0 0 1 0 0 0.454776 0 0 0 0 0 1.22948 -0 0 0 -0 0 0 0 0 0 0 0 0 0 0 0 0 0 1 12356.6 12356.6 12356.6 12356.6
0 0 1 0 0 0.46053 0 0 0 0 0 1.2241 -0 0 0 -0 0 0 0 0 0 0 0 0 0 0 0 0 0 1 12340.3 12340.3 12340.3 12340.3
0 0 1 0 0 0.466745 0 0 0 0 0 1.21816 -0 0 0 -0 0 0 0 0 0 0 0 0 0 0 0 0 0 1 12323.2 12323.2 12323.2 12323.2
0 0 1 0 0 0.47298 0 0 0 0 0 1.21203 -0 0 0 -0 0 0 0 0 0 0 0 0 0 0 0 0 0 1 12306.4 12306.4 12306.4 12306.4
0 0 1 0 0 0.479195 0 0 0 0 0 1.20578 -0 0 0 -0 0 0 0 0 0 0 0 0 0 0 0 0 0 1 12290.2 12290.2 12290.2 12290.2
0 0 1 0 0 0.484863 0 0 0 0 0 1.19995 -0 0 0 -0 0 0 0 0 0 0 0 0 0 0 0 0 0 1 12275.9 12275.9 12275.9 12275.9
0 0 1 0 0 0.490926 0 0 0 0 0 1.19357 -0 0 0 -0 0 0 0 0 0 0 0 0 0 0 0 0 0 1 12261 12261 12261 12261
0 0 1 0 0 0.497031 0 0 0 0 0 1.18701 -0 0 0 -0 0 0 0 0 0 0 0 0 0 0 0 0 0 1 12246.4 12246.4 12246.4 12246.4
0 0 1 0 0 0.503101 0 0 0 0 0 1.18035 -0 0 0 -0 0 0 0 0 0 0 0 0 0 0 0 0 0 1 12232.3 12232.3 12232.3 12232.3
0 0 1 0 0 0.50863 0 0 0 0 0 1.17415 -0 0 0 -0 0 0 0 0 0 0 0 0 0 0 0 0 0 1 12219.9 12219.9 12219.9 12219.9
0 0 1 0 0 0.514625 0 0 0 0 0 1.16731 -0 0 0 -0 0 0 0 0 0 0 0 0 0 0 0 0 0 1 12206.8 12206.8 12206.8 12206.8
0 0 1 0 0 0.520585 0 0 0 0 0 1.16038 -0 0 0 -0 0 0 0 0 0 0 0 0 0 0 0 0 0 1 12194.3 12194.3 12194.3 12194.3
0 0 1 0 0 0.526509 0 0 0 0 0 1.15336 -0 0 0 -0 0 0 0 0 0 0 0 0 0 0 0 0 0 1 12182.2 12182.2 12182.2 12182.2
0 0 1 0 0 0.531893 0 0 0 0 0 1.14686 -0 0 0 -0 0 0 0 0 0 0 0 0 0 0 0 0 0 1 12171.6 12171.6 12171.6 12171.6
0 0 1 0 0 0.53768 0 0 0 0 0 1.13977 -0 0 0 -0 0 0 0 0 0 0 0 0 0 0 0 0 0 1 12160.6 12160.6 12160.6 12160.6
0 0 1 0 0 0.543523 0 0 0 0 0 1.13248 -0 0 0 -0 0 0 0 0 0 0 0 0 0 0 0 0 0 1 12149.9 12149.9 12149.9 12149.9
0 0 1 0 0 0.549368 0 0 0 0 0 1.12507 -0 0 0 -0 0 0 0 0 0 0 0 0 0 0 0 0 0 1 12139.6 12139.6 12139.6 12139.6
0 0 1 0 0 0.554606 0 0 0 0 0 1.11831 -0 0 0 -0 0 0 0 0 0 0 0 0 0 0 0 0 0 1 12130.7 12130.7 12130.7 12130.7
0 0 1 0 0 0.560318 0 0 0 0 0 1.11084 -0 0 0 -0 0 0 0 0 0 0 0 0 0 0 0 0 0 1 12121.4 12121.4 12121.4 12121.4
0 0 1 0 0 0.566075 0 0 0 0 0 1.10319 -0 0 0 -0 0 0 0 0 0 0 0 0 0 0 0 0 0 1 12112.4 12112.4 12112.4 12112.4
0 0 1 0 0 0.571643 0 0 0 0 0 1.09568 -0 0 0 -0 0 0 0 0 0 0 0 0 0 0 0 0 0 1 12104 12104 12104 12104
0 0 1 0 0 0.576776 0 0 0 0 0 1.08866 -0 0 0 -0 0 0 0 0 0 0 0 0 0 0 0 0 0 1 12096.6 12096.6 12096.6 12096.6
0 0 1 0 0 0.582307 0 0 0 0 0 1.08099 -0 0 0 -0 0 0 0 0 0 0 0 0 0 0 0 0 0 1 12089 12089 12089 12089
0 0 1 0 0 0.587849 0 0 0 0 0 1.0732 -0 0 0 -0 0 0 0 0 0 0 0 0 0 0 0 0 0 1 12081.8 12081.8 12081.8 12081.8
0 0 1 0 0 0.59332 0 0 0 0 0 1.0654 -0 0 0 -0 0 0 0 0 0 0 0 0 0 0 0 0 0 1 12075 12075 12075 12075
0 0 1 0 0 0.59829 0 0 0 0 0 1.05822 -0 0 0 -0 0 0 0 0 0 0 0 0 0 0 0 0 0 1 12069.1 12069.1 12069.1 12069.1
0 0 1 0 0 0.603718 0 0 0 0 0 1.05028 -0 0 0 -0 0 0 0 0 0 0 0 0 0 0 0 0 0 1 12063 12063 12063 12063
0 0 1 0 0 0.609131 0 0 0 0 0 1.04226 -0 0 0 -0 0 0 0 0 0 0 0 0 0 0 0 0 0 1 12057.2 12057.2 12057.2 12057.2
0 0 1 0 0 0.615411 0 0 0 0 0 1.03284 -0 0 0 -0 0 0 0 0 0 0 0 0 0 0 0 0 0 1 12051 12051 12051 12051
0 0 1 0 0 0.619264 0 0 0 0 0 1.02697 -0 0 0 -0 0 0 0 0 0 0 0 0 0 0 0 0 0 1 12047.4 12047.4 12047.4 12047.4
0 0 1 0 0 0.624553 0 0 0 0 0 1.01885 -0 0 0 -0 0 0 0 0 0 0 0 0 0 0 0 0 0 1 12042.8 12042.8 12042.8 12042.8
0 0 1 0 0 0.629751 0 0 0 0 0 1.01081 -0 0 0 -0 0 0 0 0 0 0 0 0 0 0 0 0 0 1 12038.4 12038.4 12038.4 12038.4
0 0 1 0 0 0.634866 0 0 0 0 0 1.00276 -0 0 0 -0 0 0 0 0 0 0 0 0 0 0 0 0 0 1 12034.5 12034.5 12034.5 12034.5
0 0 1 0 0 0.63953 0 0 0 0 0 0.995346 -0 0 0 -0 0 0 0 0 0 0 0 0 0 0 0 0 0 1 12031.3 12031.3 12031.3 12031.3
0 0 1 0 0 0.644623 0 0 0 0 0 0.987163 -0 0 0 -0 0 0 0 0 0 0 0 0 0 0 0 0 0 1 12028 12028 12028 12028
0 0 1 0 0 0.649672 0 0 0 0 0 0.978963 -0 0 0 -0 0 0 0 0 0 0 0 0 0 0 0 0 0 1 12025.1 12025.1 12025.1 12025.1
0 0 1 0 0 0.654742 0 0 0 0 0 0.970636 -0 0 0 -0 0 0 0 0 0 0 0 0 0 0 0 0 0 1 12022.4 12022.4 12022.4 12022.4
0 0 1 0 0 0.659212 0 0 0 0 0 0.963216 -0 0 0 -0 0 0 0 0 0 0 0 0 0 0 0 0 0 1 12020.4 12020.4 12020.4 12020.4
0 0 1 0 0 0.664121 0 0 0 0 0 0.954992 -0 0 0 -0 0 0 0 0 0 0 0 0 0 0 0 0 0 1 12018.4 12018.4 12018.4 12018.4
0 0 1 0 0 0.668999 0 0 0 0 0 0.946733 -0 0 0 -0 0 0 0 0 0 0 0 0 0 0 0 0 0 1 12016.7 12016.7 12016.7 12016.7
0 0 1 0 0 0.673833 0 0 0 0 0 0.938466 -0 0 0 -0 0 0 0 0 0 0 0 0 0 0 0 0 0 1 12015.2 12015.2 12015.2 12015.2
0 0 1 0 0 0.678237 0 0 0 0 0 0.930859 -0 0 0 -0 0 0 0 0 0 0 0 0 0 0 0 0 0 1 12014.2 12014.2 12014.2 12014.2
0 0 1 0 0 0.682993 0 0 0 0 0 0.922571 -0 0 0 -0 0 0 0 0 0 0 0 0 0 0 0 0 0 1 12013.3 12013.3 12013.3 12013.3
0 0 1 0 0 0.68772 0 0 0 0 0 0.914252 -0 0 0 -0 0 0 0 0 0 0 0 0 0 0 0 0 0 1 12012.7 12012.7 12012.7 12012.7
0 0 1 0 0 0.692368 0 0 0 0 0 0.905993 -0 0 0 -0 0 0 0 0 0 0 0 0 0 0 0 0 0 1 12012.4 12012.4 12012.4 12012.4
0 0 1 0 0 0.696599 0 0 0 0 0 0.898405 -0 0 0 -0 0 0 0 0 0 0 0 0 0 0 0 0 0 1 12012.4 12012.4 12012.4 12012.4
0 0 1 0 0 0.701233 0 0 0 0 0 0.890025 -0 0 0 -0 0 0 0 0 0 0 0 0 0 0 0 0 0 1 12012.6 12012.6 12012.6 12012.6
0 0 1 0 0 0.705771 0 0 0 0 0 0.881742 -0 0 0 -0 0 0 0 0 0 0 0 0 0 0 0 0 0 1 12013 12013 12013 12013
0 0 1 0 0 0.710242 0 0 0 0 0 0.873506 -0 0 0 -0 0 0 0 0 0 0 0 0 0 0 0 0 0 1 12013.7 12013.7 12013.7 12013.7
0 0 1 0 0 0.714697 0 0 0 0 0 0.865229 -0 0 0 -0 0 0 0 0 0 0 0 0 0 0 0 0 0 1 12014.6 12014.6 12014.6 12014.6
0 0 1 0 0 0.718748 0 0 0 0 0 0.857635 -0 0 0 -0 0 0 0 0 0 0 0 0 0 0 0 0 0 1 12015.7 12015.7 12015.7 12015.7
0 0 1 0 0 0.723125 0 0 0 0 0 0.849364 -0 0 0 -0 0 0 0 0 0 0 0 0 0 0 0 0 0 1 12017 12017 12017 12017
0 0 1 0 0 0.727476 0 0 0 0 0 0.841074 -0 0 0 -0 0 0 0 0 0 0 0 0 0 0 0 0 0 1 12018.6 12018.6 12018.6 12018.6
0 0 1 0 0 0.731394 0 0 0 0 0 0.833545 -0 0 0 -0 0 0 0 0 0 0 0 0 0 0 0 0 0 1 12020.3 12020.3 12020.3 12020.3
0 0 1 0 0 0.735658 0 0 0 0 0 0.825287 -0 0 0 -0 0 0 0 0 0 0 0 0 0 0 0 0 0 1 12022.3 12022.3 12022.3 12022.3
0 0 1 0 0 0.739884 0 0 0 0 0 0.817036 -0 0 0 -0 0 0 0 0 0 0 0 0 0 0 0 0 0 1 12024.5 12024.5 12024.5 12024.5
0 0 1 0 0 0.743811 0 0 0 0 0 0.809307 -0 0 0 -0 0 0 0 0 0 0 0 0 0 0 0 0 0 1 12026.8 12026.8 12026.8 12026.8
0 0 1 0 0 0.747852 0 0 0 0 0 0.80129 -0 0 0 -0 0 0 0 0 0 0 0 0 0 0 0 0 0 1 12029.3 12029.3 12029.3 12029.3
0 0 1 0 0 0.751913 0 0 0 0 0 0.793173 -0 0 0 -0 0 0 0 0 0 0 0 0 0 0 0 0 0 1 12032.1 12032.1 12032.1 12032.1
0 0 1 0 0 0.755828 0 0 0 0 0 0.785284 -0 0 0 -0 0 0 0 0 0 0 0 0 0 0 0 0 0 1 12035 12035 12035 12035
0 0 1 0 0 0.759816 0 0 0 0 0 0.777191 -0 0 0 -0 0 0 0 0 0 0 0 0 0 0 0 0 0 1 12038.1 12038.1 12038.1 12038.1
0 0 1 0 0 0.763647 0 0 0 0 0 0.769354 -0 0 0 -0 0 0 0 0 0 0 0 0 0 0 0 0 0 1 12041.3 12041.3 12041.3 12041.3
0 0 1 0 0 0.767541 0 0 0 0 0 0.761329 -0 0 0 -0 0 0 0 0 0 0 0 0 0 0 0 0 0 1 12044.7 12044.7 12044.7 12044.7
0 0 1 0 0 0.771455 0 0 0 0 0 0.753201 -0 0 0 -0 0 0 0 0 0 0 0 0 0 0 0 0 0 1 12048.4 12048.4 12048.4 12048.4
0 0 1 0 0 0.775074 0 0 0 0 0 0.745631 -0 0 0 -0 0 0 0 0 0 0 0 0 0 0 0 0 0 1 12052 12052 12052 12052
0 0 1 0 0 0.778793 0 0 0 0 0 0.737796 -0 0 0 -0 0 0 0 0 0 0 0 0 0 0 0 0 0 1 12055.9 12055.9 12055.9 12055.9
0 0 1 0 0 0.782525 0 0 0 0 0 0.729878 -0 0 0 -0 0 0 0 0 0 0 0 0 0 0 0 0 0 1 12060 12060 12060 12060
0 0 1 0 0 0.786213 0 0 0 0 0 0.721996 -0 0 0 -0 0 0 0 0 0 0 0 0 0 0 0 0 0 1 12064.2 12064.2 12064.2 12064.2
0 0 1 0 0 0.789742 0 0 0 0 0 0.714401 -0 0 0 -0 0 0 0 0 0 0 0 0 0 0 0 0 0 1 12068.4 12068.4 12068.4 12068.4
0 0 1 0 0 0.793306 0 0 0 0 0 0.706677 -0 0 0 -0 0 0 0 0 0 0 0 0 0 0 0 0 0 1 12072.8 12072.8 12072.8 12072.8
0 0 1 0 0 0.796903 0 0 0 0 0 0.698826 -0 0 0 -0 0 0 0 0 0 0 0 0 0 0 0 0 0 1 12077.5 12077.5 12077.5 12077.5
0 0 1 0 0 0.800516 0 0 0 0 0 0.690885 -0 0 0 -0 0 0 0 0 0 0 0 0 0 0 0 0 0 1 12082.4 12082.4 12082.4 12082.4
0 0 1 0 0 0.804041 0 0 0 0 0 0.683082 -0 0 0 -0 0 0 0 0 0 0 0 0 0 0 0 0 0 1 12087.3 12087.3 12087.3 12087.3
0 0 1 0 0 0.807201 0 0 0 0 0 0.676041 -0 0 0 -0 0 0 0 0 0 0 0 0 0 0 0 0 0 1 12091.9 12091.9 12091.9 12091.9
0 0 1 0 0 0.810661 0 0 0 0 0 0.66828 -0 0 0 -0 0 0 0 0 0 0 0 0 0 0 0 0 0 1 12097 12097 12097 12097
0 0 1 0 0 0.814032 0 0 0 0 0 0.660668 -0 0 0 -0 0 0 0 0 0 0 0 0 0 0 0 0 0 1 12102.3 12102.3 12102.3 12102.3
0 0 1 0 0 0.817442 0 0 0 0 0 0.652915 -0 0 0 -0 0 0 0 0 0 0 0 0 0 0 0 0 0 1 12107.7 12107.7 12107.7 12107.7
0 0 1 0 0 0.820511 0 0 0 0 0 0.645891 -0 0 0 -0 0 0 0 0 0 0 0 0 0 0 0 0 0 1 12112.7 12112.7 12112.7 12112.7
0 0 1 0 0 0.823788 0 0 0 0 0 0.638344 -0 0 0 -0 0 0 0 0 0 0 0 0 0 0 0 0 0 1 12118.3 12118.3 12118.3 12118.3
0 0 1 0 0 0.827054 0 0 0 0 0 0.630773 -0 0 0 -0 0 0 0 0 0 0 0 0 0 0 0 0 0 1 12124 12124 12124 12124
0 0 1 0 0 0.830275 0 0 0 0 0 0.623255 -0 0 0 -0 0 0 0 0 0 0 0 0 0 0 0 0 0 1 12129.8 12129.8 12129.8 12129.8
0 0 1 0 0 0.833178 0 0 0 0 0 0.616435 -0 0 0 -0 0 0 0 0 0 0 0 0 0 0 0 0 0 1 12135.1 12135.1 12135.1 12135.1
0 0 1 0 0 0.836328 0 0 0 0 0 0.608992 -0 0 0 -0 0 0 0 0 0 0 0 0 0 0 0 0 0 1 12141.1 12141.1 12141.1 12141.1
0 0 1 0 0 0.839435 0 0 0 0 0 0.601601 -0 0 0 -0 0 0 0 0 0 0 0 0 0 0 0 0 0 1 12147.1 12147.1 12147.1 12147.1
0 0 1 0 0 0.842496 0 0 0 0 0 0.594274 -0 0 0 -0 0 0 0 0 0 0 0 0 0 0 0 0 0 1 12153.2 12153.2 12153.2 12153.2
0 0 1 0 0 0.845347 0 0 0 0 0 0.587404 -0 0 0 -0 0 0 0 0 0 0 0 0 0 0 0 0 0 1 12159.1 12159.1 12159.1 12159.1
0 0 1 0 0 0.8483 0 0 0 0 0 0.580247 -0 0 0 -0 0 0 0 0 0 0 0 0 0 0 0 0 0 1 12165.2 12165.2 12165.2 12165.2
0 0 1 0 0 0.851262 0 0 0 0 0 0.573022 -0 0 0 -0 0 0 0 0 0 0 0 0 0 0 0 0 0 1 12171.6 12171.6 12171.6 12171.6
0 0 1 0 0 0.854213 0 0 0 0 0 0.565781 -0 0 0 -0 0 0 0 0 0 0 0 0 0 0 0 0 0 1 12178 12178 12178 12178
0 0 1 0 0 0.856859 0 0 0 0 0 0.559245 -0 0 0 -0 0 0 0 0 0 0 0 0 0 0 0 0 0 1 12184 12184 12184 12184
0 0 1 0 0 0.859703 0 0 0 0 0 0.55218 -0 0 0 -0 0 0 0 0 0 0 0 0 0 0 0 0 0 1 12190.5 12190.5 12190.5 12190.5
0 0 1 0 0 0.862495 0 0 0 0 0 0.545198 -0 0 0 -0 0 0 0 0 0 0 0 0 0 0 0 0 0 1 12197 12197 12197 12197
0 0 1 0 0 0.865311 0 0 0 0 0 0.538115 -0 0 0 -0 0 0 0 0 0 0 0 0 0 0 0 0 0 1 12203.7 12203.7 12203.7 12203.7
0 0 1 0 0 0.867847 0 0 0 0 0 0.531696 -0 0 0 -0 0 0 0 0 0 0 0 0 0 0 0 0 0 1 12209.9 12209.9 12209.9 12209.9
0 0 1 0 0 0.870537 0 0 0 0 0 0.524849 -0 0 0 -0 0 0 0 0 0 0 0 0 0 0 0 0 0 1 12216.6 12216.6 12216.6 12216.6
0 0 1 0 0 0.873217 0 0 0 0 0 0.517985 -0 0 0 -0 0 0 0 0 0 0 0 0 0 0 0 0 0 1 12223.4 12223.4 12223.4 12223.4
0 0 1 0 0 0.875878 0 0 0 0 0 0.511128 -0 0 0 -0 0 0 0 0 0 0 0 0 0 0 0 0 0 1 12230.3 12230.3 12230.3 12230.3
0 0 1 0 0 0.878254 0 0 0 0 0 0.504969 -0 0 0 -0 0 0 0 0 0 0 0 0 0 0 0 0 0 1 12236.5 12236.5 12236.5 12236.5
0 0 1 0 0 0.88084 0 0 0 0 0 0.498226 -0 0 0 -0 0 0 0 0 0 0 0 0 0 0 0 0 0 1 12243.5 12243.5 12243.5 12243.5
0 0 1 0 0 0.88338 0 0 0 0 0 0.491563 -0 0 0 -0 0 0 0 0 0 0 0 0 0 0 0 0 0 1 12250.4 12250.4 12250.4 12250.4
0 0 1 0 0 0.885894 0 0 0 0 0 0.484929 -0 0 0 -0 0 0 0 0 0 0 0 0 0 0 0 0 0 1 12257.4 12257.4 12257.4 12257.4
0 0 1 0 0 0.888162 0 0 0 0 0 0.478906 -0 0 0 -0 0 0 0 0 0 0 0 0 0 0 0 0 0 1 12263.9 12263.9 12263.9 12263.9
0 0 1 0 0 0.890607 0 0 0 0 0 0.47238 -0 0 0 -0 0 0 0 0 0 0 0 0 0 0 0 0 0 1 12270.9 12270.9 12270.9 12270.9
0 0 1 0 0 0.893015 0 0 0 0 0 0.46591 -0 0 0 -0 0 0 0 0 0 0 0 0 0 0 0 0 0 1 12278 12278 12278 12278
0 0 1 0 0 0.895403 0 0 0 0 0 0.45946 -0 0 0 -0 0 0 0 0 0 0 0 0 0 0 0 0 0 1 12285.1 12285.1 12285.1 12285.1
0 0 1 0 0 0.897545 0 0 0 0 0 0.453636 -0 0 0 -0 0 0 0 0 0 0 0 0 0 0 0 0 0 1 12291.6 12291.6 12291.6 12291.6
0 0 1 0 0 0.899853 0 0 0 0 0 0.447329 -0 0 0 -0 0 0 0 0 0 0 0 0 0 0 0 0 0 1 12298.8 12298.8 12298.8 12298.8
0 0 1 0 0 0.902169 0 0 0 0 0 0.440959 -0 0 0 -0 0 0 0 0 0 0 0 0 0 0 0 0 0 1 12306 12306 12306 12306
0 0 1 0 0 0.904399 0 0 0 0 0 0.434792 -0 0 0 -0 0 0 0 0 0 0 0 0 0 0 0 0 0 1 12313.2 12313.2 12313.2 12313.2
0 0 1 0 0 0.906622 0 0 0 0 0 0.428607 -0 0 0 -0 0 0 0 0 0 0 0 0 0 0 0 0 0 1 12320.4 12320.4 12320.4 12320.4
0 0 1 0 0 0.908628 0 0 0 0 0 0.422992 -0 0 0 -0 0 0 0 0 0 0 0 0 0 0 0 0 0 1 12327 12327 12327 12327
0 0 1 0 0 0.910787 0 0 0 0 0 0.416916 -0 0 0 -0 0 0 0 0 0 0 0 0 0 0 0 0 0 1 12334.2 12334.2 12334.2 12334.2
0 0 1 0 0 0.912923 0 0 0 0 0 0.410867 -0 0 0 -0 0 0 0 0 0 0 0 0 0 0 0 0 0 1 12341.5 12341.5 12341.5 12341.5
0 0 1 0 0 0.914839 0 0 0 0 0 0.405409 -0 0 0 -0 0 0 0 0 0 0 0 0 0 0 0 0 0 1 12348.1 12348.1 12348.1 12348.1
0 0 1 0 0 0.916928 0 0 0 0 0 0.399426 -0 0 0 -0 0 0 0 0 0 0 0 0 0 0 0 0 0 1 12355.4 12355.4 12355.4 12355.4
0 0 1 0 0 0.918959 0 0 0 0 0 0.393578 -0 0 0 -0 0 0 0 0 0 0 0 0 0 0 0 0 0 1 12362.6 12362.6 12362.6 12362.6
0 0 1 0 0 0.920939 0 0 0 0 0 0.387838 -0 0 0 -0 0 0 0 0 0 0 0 0 0 0 0 0 0 1 12369.8 12369.8 12369.8 12369.8
0 0 1 0 0 0.922953 0 0 0 0 0 0.381966 -0 0 0 -0 0 0 0 0 0 0 0 0 0 0 0 0 0 1 12377.2 12377.2 12377.2 12377.2
0 0 1 0 0 0.924751 0 0 0 0 0 0.376693 -0 0 0 -0 0 0 0 0 0 0 0 0 0 0 0 0 0 1 12383.8 12383.8 12383.8 12383.8
0 0 1 0 0 0.926663 0 0 0 0 0 0.371056 -0 0 0 -0 0 0 0 0 0 0 0 0 0 0 0 0 0 1 12391.1 12391.1 12391.1 12391.1
0 0 1 0 0 0.928495 0 0 0 0 0 0.365623 -0 0 0 -0 0 0 0 0 0 0 0 0 0 0 0 0 0 1 12398.1 12398.1 12398.1 12398.1
0 0 1 0 0 0.930432 0 0 0 0 0 0.359842 -0 0 0 -0 0 0 0 0 0 0 0 0 0 0 0 0 0 1 12405.6 12405.6 12405.6 12405.6
0 0 1 0 0 0.93212 0 0 0 0 0 0.354774 -0 0 0 -0 0 0 0 0 0 0 0 0 0 0 0 0 0 1 12412.2 12412.2 12412.2 12412.2
0 0 1 0 0 0.933922 0 0 0 0 0 0.349335 -0 0 0 -0 0 0 0 0 0 0 0 0 0 0 0 0 0 1 12419.4 12419.4 12419.4 12419.4
0 0 1 0 0 0.935638 0 0 0 0 0 0.344125 -0 0 0 -0 0 0 0 0 0 0 0 0 0 0 0 0 0 1 12426.4 12426.4 12426.4 12426.4
0 0 1 0 0 0.935638 0 0 0 0 0 0.344125 -0 0 0 -0 0 0 0 0 0 0 0 0 0 0 0 0 0 1 12426.4 12426.4 12426.4 12426.4
0 0 1 0 0 1.05455 0 0 0 0 0 -0.0191898 -0 0 0 -0 0 0 0 0 0 0 0 0 0 0 0 0 0 1 12905.4 12905.4 12905.4 12905.4
0 0 1 0 0 1.05445 0 0 0 0 0 -0.0247947 -0 0 0 -0 0 0 0 0 0 0 0 0 0 0 0 0 0 1 12923.6 12923.6 12923.6 12923.6
0 0 1 0 0 1.05432 0 0 0 0 0 -0.026534 -0 0 0 -0 0 0 0 0 0 0 0 0 0 0 0 0 0 1 12929.8 12929.8 12929.8 12929.8
0 0 1 0 0 1.05419 0 0 0 0 0 -0.0281394 -0 0 0 -0 0 0 0 0 0 0 0 0 0 0 0 0 0 1 12935.5 12935.5 12935.5 12935.5
0 0 1 0 0 1.05405 0 0 0 0 0 -0.0297744 -0 0 0 -0 0 0 0 0 0 0 0 0 0 0 0 0 0 1 12941.4 12941.4 12941.4 12941.4
0 0 1 0 0 1.0539 0 0 0 0 0 -0.0313696 -0 0 0 -0 0 0 0 0 0 0 0 0 0 0 0 0 0 1 12947.3 12947.3 12947.3 12947.3
0 0 1 0 0 1.05372 0 0 0 0 0 -0.0330915 -0 0 0 -0 0 0 0 0 0 0 0 0 0 0 0 0 0 1 12953.7 12953.7 12953.7 12953.7
0 0 1 0 0 1.05358 0 0 0 0 0 -0.0343896 -0 0 0 -0 0 0 0 0 0 0 0 0 0 0 0 0 0 1 12958.5 12958.5 12958.5 12958.5
0 0 1 0 0 1.05341 0 0 0 0 0 -0.03581 -0 0 0 -0 0 0 0 0 0 0 0 0 0 0 0 0 0 1 12963.9 12963.9 12963.9 12963.9
0 0 1 0 0 1.05323 0 0 0 0 0 -0.0372291 -0 0 0 -0 0 0 0 0 0 0 0 0 0 0 0 0 0 1 12969.4 12969.4 12969.4 12969.4
0 0 1 0 0 1.05304 0 0 0 0 0 -0.0386761 -0 0 0 -0 0 0 0 0 0 0 0 0 0 0 0 0 0 1 12975 12975 12975 12975
0 0 1 0 0 1.05286 0 0 0 0 0 -0.0399457 -0 0 0 -0 0 0 0 0 0 0 0 0 0 0 0 0 0 1 12980 12980 12980 12980
0 0 1 0 0 1.05265 0 0 0 0 0 -0.0412648 -0 0 0 -0 0 0 0 0 0 0 0 0 0 0 0 0 0 1 12985.2 12985.2 12985.2 12985.2
0 0 1 0 0 1.05245 0 0 0 0 0 -0.042506 -0 0 0 -0 0 0 0 0 0 0 0 0 0 0 0 0 0 1 12990.2 12990.2 12990.2 12990.2
0 0 1 0 0 1.05223 0 0 0 0 0 -0.0437664 -0 0 0 -0 0 0 0 0 0 0 0 0 0 0 0 0 0 1 12995.4 12995.4 12995.4 12995.4
0 0 1 0 0 1.052 0 0 0 0 0 -0.0449836 -0 0 0 -0 0 0 0 0 0 0 0 0 0 0 0 0 0 1 13000.5 13000.5 13000.5 13000.5
0 0 1 0 0 1.05179 0 0 0 0 0 -0.0460638 -0 0 0 -0 0 0 0 0 0 0 0 0 0 0 0 0 0 1 13005 13005 13005 13005
0 0 1 0 0 1.05156 0 0 0 0 0 -0.0471776 -0 0 0 -0 0 0 0 0 0 0 0 0 0 0 0 0 0 1 13009.8 13009.8 13009.8 13009.8
0 0 1 0 0 1.05132 0 0 0 0 0 -0.0482411 -0 0 0 -0 0 0 0 0 0 0 0 0 0 0 0 0 0 1 13014.5 13014.5 13014.5 13014.5
0 0 1 0 0 1.05108 0 0 0 0 0 -0.0492643 -0 0 0 -0 0 0 0 0 0 0 0 0 0 0 0 0 0 1 13019 13019 13019 13019
0 0 1 0 0 1.05084 0 0 0 0 0 -0.0502483 -0 0 0 -0 0 0 0 0 0 0 0 0 0 0 0 0 0 1 13023.4 13023.4 13023.4 13023.4
0 0 1 0 0 1.05058 0 0 0 0 0 -0.0512224 -0 0 0 -0 0 0 0 0 0 0 0 0 0 0 0 0 0 1 13027.9 13027.9 13027.9 13027.9
0 0 1 0 0 1.05032 0 0 0 0 0 -0.0521507 -0 0 0 -0 0 0 0 0 0 0 0 0 0 0 0 0 0 1 13032.2 13032.2 13032.2 13032.2
0 0 1 0 0 1.05007 0 0 0 0 0 -0.0530364 -0 0 0 -0 0 0 0 0 0 0 0 0 0 0 0 0 0 1 13036.4 13036.4 13036.4 13036.4
0 0 1 0 0 1.04981 0 0 0 0 0 -0.0539003 -0 0 0 -0 0 0 0 0 0 0 0 0 0 0 0 0 0 1 13040.5 13040.5 13040.5 13040.5
0 0 1 0 0 1.04953 0 0 0 0 0 -0.0547452 -0 0 0 -0 0 0 0 0 0 0 0 0 0 0 0 0 0 1 13044.7 13044.7 13044.7 13044.7
0 0 1 0 0 1.04925 0 0 0 0 0 -0.0555486 -0 0 0 -0 0 0 0 0 0 0 0 0 0 0 0 0 0 1 13048.8 13048.8 13048.8 13048.8
0 0 1 0 0 1.04894 0 0 0 0 0 -0.0563827 -0 0 0 -0 0 0 0 0 0 0 0 0 0 0 0 0 0 1 13053.1 13053.1 13053.1 13053.1
0 0 1 0 0 1.0487 0 0 0 0 0 -0.0570254 -0 0 0 -0 0 0 0 0 0 0 0 0 0 0 0 0 0 1 13056.4 13056.4 13056.4 13056.4
0 0 1 0 0 1.04841 0 0 0 0 0 -0.0577484 -0 0 0 -0 0 0 0 0 0 0 0 0 0 0 0 0 0 1 13060.3 13060.3 13060.3 13060.3
0 0 1 0 0 1.04812 0 0 0 0 0 -0.0584362 -0 0 0 -0 0 0 0 0 0 0 0 0 0 0 0 0 0 1 13064.1 13064.1 13064.1 13064.1
0 0 1 0 0 1.04782 0 0 0 0 0 -0.0590962 -0 0 0 -0 0 0 0 0 0 0 0 0 0 0 0 0 0 1 13067.8 13067.8 13067.8 13067.8
0 0 1 0 0 1.04754 0 0 0 0 0 -0.0596713 -0 0 0 -0 0 0 0 0 0 0 0 0 0 0 0 0 0 1 13071.1 13071.1 13071.1 13071.1
0 0 1 0 0 1.04724 0 0 0 0 0 -0.0602735 -0 0 0 -0 0 0 0 0 0 0 0 0 0 0 0 0 0 1 13074.7 13074.7 13074.7 13074.7
0 0 1 0 0 1.04693 0 0 0 0 0 -0.0608494 -0 0 0 -0 0 0 0 0 0 0 0 0 0 0 0 0 0 1 13078.2 13078.2 13078.2 13078.2
0 0 1 0 0 1.04662 0 0 0 0 0 -0.0614055 -0 0 0 -0 0 0 0 0 0 0 0 0 0 0 0 0 0 1 13081.6 13081.6 13081.6 13081.6
0 0 1 0 0 1.04633 0 0 0 0 0 -0.0618809 -0 0 0 -0 0 0 0 0 0 0 0 0 0 0 0 0 0 1 13084.7 13084.7 13084.7 13084.7
0 0 1 0 0 1.04601 0 0 0 0 0 -0.062387 -0 0 0 -0 0 0 0 0 0 0 0 0 0 0 0 0 0 1 13088 13088 13088 13088
0 0 1 0 0 1.0457 0 0 0 0 0 -0.0628641 -0 0 0 -0 0 0 0 0 0 0 0 0 0 0 0 0 0 1 13091.3 13091.3 13091.3 13091.3
0 0 1 0 0 1.0454 0 0 0 0 0 -0.0633022 -0 0 0 -0 0 0 0 0 0 0 0 0 0 0 0 0 0 1 13094.3 13094.3 13094.3 13094.3
0 0 1 0 0 1.04508 0 0 0 0 0 -0.0637514 -0 0 0 -0 0 0 0 0 0 0 0 0 0 0 0 0 0 1 13097.5 13097.5 13097.5 13097.5
0 0 1 0 0 1.04475 0 0 0 0 0 -0.0641604 -0 0 0 -0 0 0 0 0 0 0 0 0 0 0 0 0 0 1 13100.5 13100.5 13100.5 13100.5
0 0 1 0 0 1.04443 0 0 0 0 0 -0.0645392 -0 0 0 -0 0 0 0 0 0 0 0 0 0 0 0 0 0 1 13103.5 13103.5 13103.5 13103.5
0 0 1 0 0 1.04411 0 0 0 0 0 -0.0648798 -0 0 0 -0 0 0 0 0 0 0 0 0 0 0 0 0 0 1 13106.3 13106.3 13106.3 13106.3
0 0 1 0 0 1.04379 0 0 0 0 0 -0.0652253 -0 0 0 -0 0 0 0 0 0 0 0 0 0 0 0 0 0 1 13109.2 13109.2 13109.2 13109.2
0 0 1 0 0 1.04346 0 0 0 0 0 -0.0655643 -0 0 0 -0 0 0 0 0 0 0 0 0 0 0 0 0 0 1 13112.1 13112.1 13112.1 13112.1
0 0 1 0 0 1.04314 0 0 0 0 0 -0.0658635 -0 0 0 -0 0 0 0 0 0 0 0 0 0 0 0 0 0 1 13114.7 13114.7 13114.7 13114.7
0 0 1 0 0 1.04281 0 0 0 0 0 -0.0661599 -0 0 0 -0 0 0 0 0 0 0 0 0 0 0 0 0 0 1 13117.5 13117.5 13117.5 13117.5
0 0 1 0 0 1.04248 0 0 0 0 0 -0.0664243 -0 0 0 -0 0 0 0 0 0 0 0 0 0 0 0 0 0 1 13120.2 13120.2 13120.2 13120.2
0 0 1 0 0 1.04214 0 0 0 0 0 -0.0666577 -0 0 0 -0 0 0 0 0 0 0 0 0 0 0 0 0 0 1 13122.8 13122.8 13122.8 13122.8
0 0 1 0 0 1.0418 0 0 0 0 0 -0.0668894 -0 0 0 -0 0 0 0 0 0 0 0 0 0 0 0 0 0 1 13125.4 13125.4 13125.4 13125.4
0 0 1 0 0 1.04146 0 0 0 0 0 -0.0671024 -0 0 0 -0 0 0 0 0 0 0 0 0 0 0 0 0 0 1 13127.9 13127.9 13127.9 13127.9
0 0 1 0 0 1.04114 0 0 0 0 0 -0.0672809 -0 0 0 -0 0 0 0 0 0 0 0 0 0 0 0 0 0 1 13130.2 13130.2 13130.2 13130.2
0 0 1 0 0 1.23959 0 0 0 0 0 0.0228801 -0 0 0 -0 0 0 0 0 0 0 0 0 0 0 0 0 0 1 11669.4 11669.4 11669.4 11669.4
0 0 1 0 0 1.23971 0 0 0 0 0 0.0227127 -0 0 0 -0 0 0 0 0 0 0 0 0 0 0 0 0 0 1 11669.2 11669.2 11669.2 11669.2
0 0 1 0 0 1.23982 0 0 0 0 0 0.0124623 -0 0 0 -0 0 0 0 0 0 0 0 0 0 0 0 0 0 1 11704.1 11704.1 11704.1 11704.1
0 0 1 0 0 1.23989 0 0 0 0 0 0.00169524 -0 0 0 -0 0 0 0 0 0 0 0 0 0 0 0 0 0 1 11740.9 11740.9 11740.9 11740.9
0 0 1 0 0 1.2399 0 0 0 0 0 -0.00877294 -0 0 0 -0 0 0 0 0 0 0 0 0 0 0 0 0 0 1 11777 11777 11777 11777
0 0 1 0 0 1.23985 0 0 0 0 0 -0.0187785 -0 0 0 -0 0 0 0 0 0 0 0 0 0 0 0 0 0 1 11811.6 11811.6 11811.6 11811.6
0 0 1 0 0 1.23976 0 0 0 0 0 -0.0279119 -0 0 0 -0 0 0 0 0 0 0 0 0 0 0 0 0 0 1 11843.5 11843.5 11843.5 11843.5
0 0 1 0 0 1.23962 0 0 0 0 0 -0.0376094 -0 0 0 -0 0 0 0 0 0 0 0 0 0 0 0 0 0 1 11877.5 11877.5 11877.5 11877.5
0 0 1 0 0 1.23943 0 0 0 0 0 -0.0470111 -0 0 0 -0 0 0 0 0 0 0 0 0 0 0 0 0 0 1 11910.7 11910.7 11910.7 11910.7
0 0 1 0 0 1.23918 0 0 0 0 0 -0.056413 -0 0 0 -0 0 0 0 0 0 0 0 0 0 0 0 0 0 1 11944.2 11944.2 11944.2 11944.2
0 0 1 0 0 1.23892 0 0 0 0 0 -0.0645812 -0 0 0 -0 0 0 0 0 0 0 0 0 0 0 0 0 0 1 11973.5 11973.5 11973.5 11973.5
0 0 1 0 0 1.23859 0 0 0 0 0 -0.0733541 -0 0 0 -0 0 0 0 0 0 0 0 0 0 0 0 0 0 1 12005.2 12005.2 12005.2 12005.2
0 0 1 0 0 1.23822 0 0 0 0 0 -0.0819229 -0 0 0 -0 0 0 0 0 0 0 0 0 0 0 0 0 0 1 12036.3 12036.3 12036.3 12036.3
0 0 1 0 0 1.23781 0 0 0 0 0 -0.0901624 -0 0 0 -0 0 0 0 0 0 0 0 0 0 0 0 0 0 1 12066.6 12066.6 12066.6 12066.6
0 0 1 0 0 1.23738 0 0 0 0 0 -0.0976278 -0 0 0 -0 0 0 0 0 0 0 0 0 0 0 0 0 0 1 12094.2 12094.2 12094.2 12094.2
0 0 1 0 0 1.23688 0 0 0 0 0 -0.105561 -0 0 0 -0 0 0 0 0 0 0 0 0 0 0 0 0 0 1 12123.7 12123.7 12123.7 12123.7
0 0 1 0 0 1.23634 0 0 0 0 0 -0.113329 -0 0 0 -0 0 0 0 0 0 0 0 0 0 0 0 0 0 1 12152.9 12152.9 12152.9 12152.9
0 0 1 0 0 1.23581 0 0 0 0 0 -0.120251 -0 0 0 -0 0 0 0 0 0 0 0 0 0 0 0 0 0 1 12179.2 12179.2 12179.2 12179.2
0 0 1 0 0 1.23519 0 0 0 0 0 -0.127603 -0 0 0 -0 0 0 0 0 0 0 0 0 0 0 0 0 0 1 12207.3 12207.3 12207.3 12207.3
0 0 1 0 0 1.23455 0 0 0 0 0 -0.134674 -0 0 0 -0 0 0 0 0 0 0 0 0 0 0 0 0 0 1 12234.6 12234.6 12234.6 12234.6
0 0 1 0 0 1.23386 0 0 0 0 0 -0.14161 -0 0 0 -0 0 0 0 0 0 0 0 0 0 0 0 0 0 1 12261.7 12261.7 12261.7 12261.7
0 0 1 0 0 1.23315 0 0 0 0 0 -0.148222 -0 0 0 -0 0 0 0 0 0 0 0 0 0 0 0 0 0 1 12287.8 12287.8 12287.8 12287.8
0 0 1 0 0 1.23245 0 0 0 0 0 -0.154267 -0 0 0 -0 0 0 0 0 0 0 0 0 0 0 0 0 0 1 12311.8 12311.8 12311.8 12311.8
0 0 1 0 0 1.23165 0 0 0 0 0 -0.160694 -0 0 0 -0 0 0 0 0 0 0 0 0 0 0 0 0 0 1 12337.7 12337.7 12337.7 12337.7
0 0 1 0 0 1.23083 0 0 0 0 0 -0.166866 -0 0 0 -0 0 0 0 0 0 0 0 0 0 0 0 0 0 1 12362.8 12362.8 12362.8 12362.8
0 0 1 0 0 1.23005 0 0 0 0 0 -0.17241 -0 0 0 -0 0 0 0 0 0 0 0 0 0 0 0 0 0 1 12385.6 12385.6 12385.6 12385.6
0 0 1 0 0 1.22917 0 0 0 0 0 -0.178181 -0 0 0 -0 0 0 0 0 0 0 0 0 0 0 0 0 0 1 12409.6 12409.6 12409.6 12409.6
0 0 1 0 0 1.22828 0 0 0 0 0 -0.183715 -0 0 0 -0 0 0 0 0 0 0 0 0 0 0 0 0 0 1 12432.9 12432.9 12432.9 12432.9
0 0 1 0 0 1.22736 0 0 0 0 0 -0.189128 -0 0 0 -0 0 0 0 0 0 0 0 0 0 0 0 0 0 1 12455.9 12455.9 12455.9 12455.9
0 0 1 0 0 1.22643 0 0 0 0 0 -0.194229 -0 0 0 -0 0 0 0 0 0 0 0 0 0 0 0 0 0 1 12477.9 12477.9 12477.9 12477.9
0 0 1 0 0 1.22544 0 0 0 0 0 -0.199364 -0 0 0 -0 0 0 0 0 0 0 0 0 0 0 0 0 0 1 12500.3 12500.3 12500.3 12500.3
0 0 1 0 0 1.22443 0 0 0 0 0 -0.204347 -0 0 0 -0 0 0 0 0 0 0 0 0 0 0 0 0 0 1 12522.4 12522.4 12522.4 12522.4
0 0 1 0 0 1.22339 0 0 0 0 0 -0.209149 -0 0 0 -0 0 0 0 0 0 0 0 0 0 0 0 0 0 1 12544 12544 12544 12544
0 0 1 0 0 1.2224 0 0 0 0 0 -0.213486 -0 0 0 -0 0 0 0 0 0 0 0 0 0 0 0 0 0 1 12563.7 12563.7 12563.7 12563.7
0 0 1 0 0 1.22132 0 0 0 0 0 -0.217973 -0 0 0 -0 0 0 0 0 0 0 0 0 0 0 0 0 0 1 12584.5 12584.5 12584.5 12584.5
0 0 1 0 0 1.2202 0 0 0 0 0 -0.222346 -0 0 0 -0 0 0 0 0 0 0 0 0 0 0 0 0 0 1 12605 12605 12605 12605
0 0 1 0 0 1.21909 0 0 0 0 0 -0.226482 -0 0 0 -0 0 0 0 0 0 0 0 0 0 0 0 0 0 1 12624.7 12624.7 12624.7 12624.7
0 0 1 0 0 1.21798 0 0 0 0 0 -0.230406 -0 0 0 -0 0 0 0 0 0 0 0 0 0 0 0 0 0 1 12643.7 12643.7 12643.7 12643.7
0 0 1 0 0 1.21683 0 0 0 0 0 -0.234227 -0 0 0 -0 0 0 0 0 0 0 0 0 0 0 0 0 0 1 12662.6 12662.6 12662.6 12662.6
0 0 1 0 0 1.21564 0 0 0 0 0 -0.238004 -0 0 0 -0 0 0 0 0 0 0 0 0 0 0 0 0 0 1 12681.5 12681.5 12681.5 12681.5
0 0 1 0 0 1.21447 0 0 0 0 0 -0.241512 -0 0 0 -0 0 0 0 0 0 0 0 0 0 0 0 0 0 1 12699.4 12699.4 12699.4 12699.4
0 0 1 0 0 1.21319 0 0 0 0 0 -0.245173 -0 0 0 -0 0 0 0 0 0 0 0 0 0 0 0 0 0 1 12718.5 12718.5 12718.5 12718.5
0 0 1 0 0 1.21205 0 0 0 0 0 -0.248245 -0 0 0 -0 0 0 0 0 0 0 0 0 0 0 0 0 0 1 12734.8 12734.8 12734.8 12734.8
0 0 1 0 0 1.21076 0 0 0 0 0 -0.251527 -0 0 0 -0 0 0 0 0 0 0 0 0 0 0 0 0 0 1 12752.6 12752.6 12752.6 12752.6
0 0 1 0 0 1.20955 0 0 0 0 0 -0.25447 -0 0 0 -0 0 0 0 0 0 0 0 0 0 0 0 0 0 1 12768.8 12768.8 12768.8 12768.8
0 0 1 0 0 1.20819 0 0 0 0 0 -0.25761 -0 0 0 -0 0 0 0 0 0 0 0 0 0 0 0 0 0 1 12786.6 12786.6 12786.6 12786.6
0 0 1 0 0 1.207 0 0 0 0 0 -0.260199 -0 0 0 -0 0 0 0 0 0 0 0 0 0 0 0 0 0 1 12801.6 12801.6 12801.6 12801.6
0 0 1 0 0 1.20565 0 0 0 0 0 -0.262971 -0 0 0 -0 0 0 0 0 0 0 0 0 0 0 0 0 0 1 12818 12818 12818 12818
0 0 1 0 0 1.20437 0 0 0 0 0 -0.265476 -0 0 0 -0 0 0 0 0 0 0 0 0 0 0 0 0 0 1 12833.2 12833.2 12833.2 12833.2
0 0 1 0 0 1.20296 0 0 0 0 0 -0.26809 -0 0 0 -0 0 0 0 0 0 0 0 0 0 0 0 0 0 1 12849.5 12849.5 12849.5 12849.5
0 0 1 0 0 1.2017 0 0 0 0 0 -0.270285 -0 0 0 -0 0 0 0 0 0 0 0 0 0 0 0 0 0 1 12863.5 12863.5 12863.5 12863.5
0 0 1 0 0 1.20031 0 0 0 0 0 -0.272564 -0 0 0 -0 0 0 0 0 0 0 0 0 0 0 0 0 0 1 12878.5 12878.5 12878.5 12878.5
0 0 1 0 0 1.19893 0 0 0 0 0 -0.274712 -0 0 0 -0 0 0 0 0 0 0 0 0 0 0 0 0 0 1 12893.1 12893.1 12893.1 12893.1
0 0 1 0 0 1.19752 0 0 0 0 0 -0.276779 -0 0 0 -0 0 0 0 0 0 0 0 0 0 0 0 0 0 1 12907.6 12907.6 12907.6 12907.6
0 0 1 0 0 1.19623 0 0 0 0 0 -0.278547 -0 0 0 -0 0 0 0 0 0 0 0 0 0 0 0 0 0 1 12920.4 12920.4 12920.4 12920.4
0 0 1 0 0 1.19483 0 0 0 0 0 -0.280352 -0 0 0 -0 0 0 0 0 0 0 0 0 0 0 0 0 0 1 12933.9 12933.9 12933.9 12933.9
0 0 1 0 0 1.19338 0 0 0 0 0 -0.282114 -0 0 0 -0 0 0 0 0 0 0 0 0 0 0 0 0 0 1 12947.6 12947.6 12947.6 12947.6
0 0 1 0 0 1.19168 0 0 0 0 0 -0.284051 -0 0 0 -0 0 0 0 0 0 0 0 0 0 0 0 0 0 1 12963.3 12963.3 12963.3 12963.3
0 0 1 0 0 1.19062 0 0 0 0 0 -0.285173 -0 0 0 -0 0 0 0 0 0 0 0 0 0 0 0 0 0 1 12972.7 12972.7 12972.7 12972.7
0 0 1 0 0 1.18915 0 0 0 0 0 -0.286607 -0 0 0 -0 0 0 0 0 0 0 0 0 0 0 0 0 0 1 12985.5 12985.5 12985.5 12985.5
0 0 1 0 0 1.18769 0 0 0 0 0 -0.287952 -0 0 0 -0 0 0 0 0 0 0 0 0 0 0 0 0 0 1 12997.9 12997.9 12997.9 12997.9
0 0 1 0 0 1.18623 0 0 0 0 0 -0.289192 -0 0 0 -0 0 0 0 0 0 0 0 0 0 0 0 0 0 1 13009.9 13009.9 13009.9 13009.9
0 0 1 0 0 1.18486 0 0 0 0 0 -0.290266 -0 0 0 -0 0 0 0 0 0 0 0 0 0 0 0 0 0 1 13020.9 13020.9 13020.9 13020.9
0 0 1 0 0 1.18338 0 0 0 0 0 -0.291328 -0 0 0 -0 0 0 0 0 0 0 0 0 0 0 0 0 0 1 13032.5 13032.5 13032.5 13032.5
0 0 1 0 0 1.18194 0 0 0 0 0 -0.292286 -0 0 0 -0 0 0 0 0 0 0 0 0 0 0 0 0 0 1 13043.5 13043.5 13043.5 13043.5
0 0 1 0 0 1.18047 0 0 0 0 0 -0.293169 -0 0 0 -0 0 0 0 0 0 0 0 0 0 0 0 0 0 1 13054.5 13054.5 13054.5 13054.5
0 0 1 0 0 1.17903 0 0 0 0 0 -0.293947 -0 0 0 -0 0 0 0 0 0 0 0 0 0 0 0 0 0 1 13064.9 13064.9 13064.9 13064.9
0 0 1 0 0 1.17754 0 0 0 0 0 -0.294674 -0 0 0 -0 0 0 0 0 0 0 0 0 0 0 0 0 0 1 13075.5 13075.5 13075.5 13075.5
0 0 1 0 0 1.17609 0 0 0 0 0 -0.295303 -0 0 0 -0 0 0 0 0 0 0 0 0 0 0 0 0 0 1 13085.5 13085.5 13085.5 13085.5
0 0 1 0 0 1.17461 0 0 0 0 0 -0.295864 -0 0 0 -0 0 0 0 0 0 0 0 0 0 0 0 0 0 1 13095.5 13095.5 13095.5 13095.5
0 0 1 0 0 1.17314 0 0 0 0 0 -0.296348 -0 0 0 -0 0 0 0 0 0 0 0 0 0 0 0 0 0 1 13105.2 13105.2 13105.2 13105.2
0 0 1 0 0 1.17162 0 0 0 0 0 -0.296768 -0 0 0 -0 0 0 0 0 0 0 0 0 0 0 0 0 0 1 13114.9 13114.9 13114.9 13114.9
0 0 1 0 0 1.17009 0 0 0 0 0 -0.297118 -0 0 0 -0 0 0 0 0 0 0 0 0 0 0 0 0 0 1 13124.5 13124.5 13124.5 13124.5
0 0 1 0 0 1.1687 0 0 0 0 0 -0.297369 -0 0 0 -0 0 0 0 0 0 0 0 0 0 0 0 0 0 1 13133 13133 13133 13133
0 0 1 0 0 1.16719 0 0 0 0 0 -0.297567 -0 0 0 -0 0 0 0 0 0 0 0 0 0 0 0 0 0 1 13142 13142 13142 13142
0 0 1 0 0 1.16572 0 0 0 0 0 -0.297698 -0 0 0 -0 0 0 0 0 0 0 0 0 0 0 0 0 0 1 13150.5 13150.5 13150.5 13150.5
0 0 1 0 0 1.16422 0 0 0 0 0 -0.297765 -0 0 0 -0 0 0 0 0 0 0 0 0 0 0 0 0 0 1 13159 13159 13159 13159
0 0 1 0 0 1.16272 0 0 0 0 0 -0.297767 -0 0 0 -0 0 0 0 0 0 0 0 0 0 0 0 0 0 1 13167.3 13167.3 13167.3 13167.3
0 0 1 0 0 1.16113 0 0 0 0 0 -0.2977 -0 0 0 -0 0 0 0 0 0 0 0 0 0 0 0 0 0 1 13175.9 13175.9 13175.9 13175.9
0 0 1 0 0 1.15975 0 0 0 0 0 -0.297585 -0 0 0 -0 0 0 0 0 0 0 0 0 0 0 0 0 0 1 13183.2 13183.2 13183.2 13183.2
0 0 1 0 0 1.15821 0 0 0 0 0 -0.297391 -0 0 0 -0 0 0 0 0 0 0 0 0 0 0 0 0 0 1 13191.1 13191.1 13191.1 13191.1
0 0 1 0 0 1.1568 0 0 0 0 0 -0.297162 -0 0 0 -0 0 0 0 0 0 0 0 0 0 0 0 0 0 1 13198.2 13198.2 13198.2 13198.2
0 0 1 0 0 1.15527 0 0 0 0 0 -0.29685 -0 0 0 -0 0 0 0 0 0 0 0 0 0 0 0 0 0 1 13205.7 13205.7 13205.7 13205.7
0 0 1 0 0 1.15378 0 0 0 0 0 -0.296496 -0 0 0 -0 0 0 0 0 0 0 0 0 0 0 0 0 0 1 13212.8 13212.8 13212.8 13212.8
0 0 1 0 0 1.15226 0 0 0 0 0 -0.296073 -0 0 0 -0 0 0 0 0 0 0 0 0 0 0 0 0 0 1 13219.9 13219.9 13219.9 13219.9
0 0 1 0 0 1.15075 0 0 0 0 0 -0.295602 -0 0 0 -0 0 0 0 0 0 0 0 0 0 0 0 0 0 1 13226.7 13226.7 13226.7 13226.7
0 0 1 0 0 1.14937 0 0 0 0 0 -0.29512 -0 0 0 -0 0 0 0 0 0 0 0 0 0 0 0 0 0 1 13232.9 13232.9 13232.9 13232.9
0 0 1 0 0 1.14786 0 0 0 0 0 -0.294536 -0 0 0 -0 0 0 0 0 0 0 0 0 0 0 0 0 0 1 13239.4 13239.4 13239.4 13239.4
0 0 1 0 0 1.14634 0 0 0 0 0 -0.293902 -0 0 0 -0 0 0 0 0 0 0 0 0 0 0 0 0 0 1 13245.8 13245.8 13245.8 13245.8
0 0 1 0 0 1.14496 0 0 0 0 0 -0.29328 -0 0 0 -0 0 0 0 0 0 0 0 0 0 0 0 0 0 1 13251.5 13251.5 13251.5 13251.5
0 0 1 0 0 1.1434 0 0 0 0 0 -0.292524 -0 0 0 -0 0 0 0 0 0 0 0 0 0 0 0 0 0 1 13257.7 13257.7 13257.7 13257.7
0 0 1 0 0 1.14199 0 0 0 0 0 -0.291794 -0 0 0 -0 0 0 0 0 0 0 0 0 0 0 0 0 0 1 13263.3 13263.3 13263.3 13263.3
0 0 1 0 0 1.1405 0 0 0 0 0 -0.290975 -0 0 0 -0 0 0 0 0 0 0 0 0 0 0 0 0 0 1 13269 13269 13269 13269
0 0 1 0 0 1.139 0 0 0 0 0 -0.290109 -0 0 0 -0 0 0 0 0 0 0 0 0 0 0 0 0 0 1 13274.5 13274.5 13274.5 13274.5
0 0 1 0 0 1.13764 0 0 0 0 0 -0.289278 -0 0 0 -0 0 0 0 0 0 0 0 0 0 0 0 0 0 1 13279.5 13279.5 13279.5 13279.5
0 0 1 0 0 1.13617 0 0 0 0 0 -0.288335 -0 0 0 -0 0 0 0 0 0 0 0 0 0 0 0 0 0 1 13284.7 13284.7 13284.7 13284.7
0 0 1 0 0 1.13471 0 0 0 0 0 -0.287353 -0 0 0 -0 0 0 0 0 0 0 0 0 0 0 0 0 0 1 13289.7 13289.7 13289.7 13289.7
0 0 1 0 0 1.13323 0 0 0 0 0 -0.286322 -0 0 0 -0 0 0 0 0 0 0 0 0 0 0 0 0 0 1 13294.6 13294.6 13294.6 13294.6
0 0 1 0 0 1.1319 0 0 0 0 0 -0.285354 -0 0 0 -0 0 0 0 0 0 0 0 0 0 0 0 0 0 1 13299 13299 13299 13299
0 0 1 0 0 1.13042 0 0 0 0 0 -0.284236 -0 0 0 -0 0 0 0 0 0 0 0 0 0 0 0 0 0 1 13303.7 13303.7 13303.7 13303.7
0 0 1 0 0 1.12899 0 0 0 0 0 -0.283113 -0 0 0 -0 0 0 0 0 0 0 0 0 0 0 0 0 0 1 13308.1 13308.1 13308.1 13308.1
0 0 1 0 0 1.12622 0 0 0 0 0 -0.280868 -0 0 0 -0 0 0 0 0 0 0 0 0 0 0 0 0 0 1 13316.4 13316.4 13316.4 13316.4
0 0 1 0 0 1.12622 0 0 0 0 0 -0.280868 -0 0 0 -0 0 0 0 0 0 0 0 0 0 0 0 0 0 1 13316.4 13316.4 13316.4 13316.4
0 0 1 0 0 1.12478 0 0 0 0 0 -0.279593 -0 0 0 -0 0 0 0 0 0 0 0 0 0 0 0 0 0 1 13320.4 13320.4 13320.4 13320.4
0 0 1 0 0 1.12335 0 0 0 0 0 -0.278315 -0 0 0 -0 0 0 0 0 0 0 0 0 0 0 0 0 0 1 13324.4 13324.4 13324.4 13324.4
0 0 1 0 0 1.12193 0 0 0 0 0 -0.277015 -0 0 0 -0 0 0 0 0 0 0 0 0 0 0 0 0 0 1 13328.2 13328.2 13328.2 13328.2
0 0 1 0 0 1.12064 0 0 0 0 0 -0.275801 -0 0 0 -0 0 0 0 0 0 0 0 0 0 0 0 0 0 1 13331.5 13331.5 13331.5 13331.5
0 0 1 0 0 1.11922 0 0 0 0 0 -0.274436 -0 0 0 -0 0 0 0 0 0 0 0 0 0 0 0 0 0 1 13335.1 13335.1 13335.1 13335.1
0 0 1 0 0 1.11787 0 0 0 0 0 -0.273094 -0 0 0 -0 0 0 0 0 0 0 0 0 0 0 0 0 0 1 13338.4 13338.4 13338.4 13338.4
0 0 1 0 0 1.11654 0 0 0 0 0 -0.271745 -0 0 0 -0 0 0 0 0 0 0 0 0 0 0 0 0 0 1 13341.6 13341.6 13341.6 13341.6
0 0 1 0 0 1.11517 0 0 0 0 0 -0.270323 -0 0 0 -0 0 0 0 0 0 0 0 0 0 0 0 0 0 1 13344.7 13344.7 13344.7 13344.7
0 0 1 0 0 1.11378 0 0 0 0 0 -0.268854 -0 0 0 -0 0 0 0 0 0 0 0 0 0 0 0 0 0 1 13347.8 13347.8 13347.8 13347.8
0 0 1 0 0 1.11244 0 0 0 0 0 -0.267395 -0 0 0 -0 0 0 0 0 0 0 0 0 0 0 0 0 0 1 13350.8 13350.8 13350.8 13350.8
0 0 1 0 0 1.11103 0 0 0 0 0 -0.265842 -0 0 0 -0 0 0 0 0 0 0 0 0 0 0 0 0 0 1 13353.7 13353.7 13353.7 13353.7
0 0 1 0 0 1.10978 0 0 0 0 0 -0.264428 -0 0 0 -0 0 0 0 0 0 0 0 0 0 0 0 0 0 1 13356.2 13356.2 13356.2 13356.2
0 0 1 0 0 1.10844 0 0 0 0 0 -0.262876 -0 0 0 -0 0 0 0 0 0 0 0 0 0 0 0 0 0 1 13358.8 13358.8 13358.8 13358.8
0 0 1 0 0 1.10714 0 0 0 0 0 -0.261345 -0 0 0 -0 0 0 0 0 0 0 0 0 0 0 0 0 0 1 13361.3 13361.3 13361.3 13361.3
0 0 1 0 0 1.10577 0 0 0 0 0 -0.259707 -0 0 0 -0 0 0 0 0 0 0 0 0 0 0 0 0 0 1 13363.8 13363.8 13363.8 13363.8
0 0 1 0 0 1.10455 0 0 0 0 0 -0.258226 -0 0 0 -0 0 0 0 0 0 0 0 0 0 0 0 0 0 1 13365.9 13365.9 13365.9 13365.9
0 0 1 0 0 1.10324 0 0 0 0 0 -0.2566 -0 0 0 -0 0 0 0 0 0 0 0 0 0 0 0 0 0 1 13368.1 13368.1 13368.1 13368.1
0 0 1 0 0 1.10198 0 0 0 0 0 -0.255005 -0 0 0 -0 0 0 0 0 0 0 0 0 0 0 0 0 0 1 13370.2 13370.2 13370.2 13370.2
0 0 1 0 0 1.10063 0 0 0 0 0 -0.253272 -0 0 0 -0 0 0 0 0 0 0 0 0 0 0 0 0 0 1 13372.3 13372.3 13372.3 13372.3
0 0 1 0 0 1.09944 0 0 0 0 0 -0.25173 -0 0 0 -0 0 0 0 0 0 0 0 0 0 0 0 0 0 1 13374.1 13374.1 13374.1 13374.1
0 0 1 0 0 1.09815 0 0 0 0 0 -0.250022 -0 0 0 -0 0 0 0 0 0 0 0 0 0 0 0 0 0 1 13375.9 13375.9 13375.9 13375.9
0 0 1 0 0 1.09687 0 0 0 0 0 -0.248302 -0 0 0 -0 0 0 0 0 0 0 0 0 0 0 0 0 0 1 13377.7 13377.7 13377.7 13377.7
0 0 1 0 0 1.09561 0 0 0 0 0 -0.246583 -0 0 0 -0 0 0 0 0 0 0 0 0 0 0 0 0 0 1 13379.3 13379.3 13379.3 13379.3
0 0 1 0 0 1.09446 0 0 0 0 0 -0.24498 -0 0 0 -0 0 0 0 0 0 0 0 0 0 0 0 0 0 1 13380.8 13380.8 13380.8 13380.8
0 0 1 0 0 1.09321 0 0 0 0 0 -0.243232 -0 0 0 -0 0 0 0 0 0 0 0 0 0 0 0 0 0 1 13382.2 13382.2 13382.2 13382.2
0 0 1 0 0 1.09196 0 0 0 0 0 -0.241451 -0 0 0 -0 0 0 0 0 0 0 0 0 0 0 0 0 0 1 13383.7 13383.7 13383.7 13383.7
0 0 1 0 0 1.09073 0 0 0 0 0 -0.239681 -0 0 0 -0 0 0 0 0 0 0 0 0 0 0 0 0 0 1 13385 13385 13385 13385
0 0 1 0 0 1.08961 0 0 0 0 0 -0.238041 -0 0 0 -0 0 0 0 0 0 0 0 0 0 0 0 0 0 1 13386.1 13386.1 13386.1 13386.1
0 0 1 0 0 1.08839 0 0 0 0 0 -0.236229 -0 0 0 -0 0 0 0 0 0 0 0 0 0 0 0 0 0 1 13387.3 13387.3 13387.3 13387.3
0 0 1 0 0 1.08718 0 0 0 0 0 -0.234417 -0 0 0 -0 0 0 0 0 0 0 0 0 0 0 0 0 0 1 13388.4 13388.4 13388.4 13388.4
0 0 1 0 0 1.086 0 0 0 0 0 -0.232616 -0 0 0 -0 0 0 0 0 0 0 0 0 0 0 0 0 0 1 13389.4 13389.4 13389.4 13389.4
0 0 1 0 0 1.08489 0 0 0 0 0 -0.230914 -0 0 0 -0 0 0 0 0 0 0 0 0 0 0 0 0 0 1 13390.2 13390.2 13390.2 13390.2
0 0 1 0 0 1.08373 0 0 0 0 0 -0.229117 -0 0 0 -0 0 0 0 0 0 0 0 0 0 0 0 0 0 1 13391.1 13391.1 13391.1 13391.1
0 0 1 0 0 1.08254 0 0 0 0 0 -0.227239 -0 0 0 -0 0 0 0 0 0 0 0 0 0 0 0 0 0 1 13391.9 13391.9 13391.9 13391.9
0 0 1 0 0 1.08136 0 0 0 0 0 -0.225364 -0 0 0 -0 0 0 0 0 0 0 0 0 0 0 0 0 0 1 13392.6 13392.6 13392.6 13392.6
0 0 1 0 0 1.08033 0 0 0 0 0 -0.223708 -0 0 0 -0 0 0 0 0 0 0 0 0 0 0 0 0 0 1 13393.2 13393.2 13393.2 13393.2
0 0 1 0 0 1.07919 0 0 0 0 0 -0.221849 -0 0 0 -0 0 0 0 0 0 0 0 0 0 0 0 0 0 1 13393.8 13393.8 13393.8 13393.8
0 0 1 0 0 1.07806 0 0 0 0 0 -0.21998 -0 0 0 -0 0 0 0 0 0 0 0 0 0 0 0 0 0 1 13394.3 13394.3 13394.3 13394.3
0 0 1 0 0 1.07697 0 0 0 0 0 -0.218177 -0 0 0 -0 0 0 0 0 0 0 0 0 0 0 0 0 0 1 13394.7 13394.7 13394.7 13394.7
0 0 1 0 0 1.07592 0 0 0 0 0 -0.216402 -0 0 0 -0 0 0 0 0 0 0 0 0 0 0 0 0 0 1 13395.1 13395.1 13395.1 13395.1
0 0 1 0 0 1.07484 0 0 0 0 0 -0.21457 -0 0 0 -0 0 0 0 0 0 0 0 0 0 0 0 0 0 1 13395.4 13395.4 13395.4 13395.4
0 0 1 0 0 1.07377 0 0 0 0 0 -0.21274 -0 0 0 -0 0 0 0 0 0 0 0 0 0 0 0 0 0 1 13395.7 13395.7 13395.7 13395.7
0 0 1 0 0 1.07265 0 0 0 0 0 -0.210795 -0 0 0 -0 0 0 0 0 0 0 0 0 0 0 0 0 0 1 13395.9 13395.9 13395.9 13395.9
0 0 1 0 0 1.07164 0 0 0 0 0 -0.209034 -0 0 0 -0 0 0 0 0 0 0 0 0 0 0 0 0 0 1 13396.1 13396.1 13396.1 13396.1
0 0 1 0 0 1.07057 0 0 0 0 0 -0.207137 -0 0 0 -0 0 0 0 0 0 0 0 0 0 0 0 0 0 1 13396.2 13396.2 13396.2 13396.2
0 0 1 0 0 1.06952 0 0 0 0 0 -0.205268 -0 0 0 -0 0 0 0 0 0 0 0 0 0 0 0 0 0 1 13396.2 13396.2 13396.2 13396.2
0 0 1 0 0 1.06849 0 0 0 0 0 -0.203423 -0 0 0 -0 0 0 0 0 0 0 0 0 0 0 0 0 0 1 13396.2 13396.2 13396.2 13396.2
0 0 1 0 0 1.06752 0 0 0 0 0 -0.201662 -0 0 0 -0 0 0 0 0 0 0 0 0 0 0 0 0 0 1 13396.1 13396.1 13396.1 13396.1
0 0 1 0 0 1.06649 0 0 0 0 0 -0.199759 -0 0 0 -0 0 0 0 0 0 0 0 0 0 0 0 0 0 1 13396 13396 13396 13396
0 0 1 0 0 1.06548 0 0 0 0 0 -0.197896 -0 0 0 -0 0 0 0 0 0 0 0 0 0 0 0 0 0 1 13395.9 13395.9 13395.9 13395.9
0 0 1 0 0 1.0645 0 0 0 0 0 -0.196069 -0 0 0 -0 0 0 0 0 0 0 0 0 0 0 0 0 0 1 13395.7 13395.7 13395.7 13395.7
0 0 1 0 0 1.06354 0 0 0 0 0 -0.194264 -0 0 0 -0 0 0 0 0 0 0 0 0 0 0 0 0 0 1 13395.4 13395.4 13395.4 13395.4
0 0 1 0 0 1.06255 0 0 0 0 0 -0.192384 -0 0 0 -0 0 0 0 0 0 0 0 0 0 0 0 0 0 1 13395.1 13395.1 13395.1 13395.1
0 0 1 0 0 1.06156 0 0 0 0 0 -0.190495 -0 0 0 -0 0 0 0 0 0 0 0 0 0 0 0 0 0 1 13394.8 13394.8 13394.8 13394.8
0 0 1 0 0 1.06064 0 0 0 0 0 -0.188714 -0 0 0 -0 0 0 0 0 0 0 0 0 0 0 0 0 0 1 13394.4 13394.4 13394.4 13394.4
0 0 1 0 0 1.05971 0 0 0 0 0 -0.186893 -0 0 0 -0 0 0 0 0 0 0 0 0 0 0 0 0 0 1 13394 13394 13394 13394
0 0 1 0 0 1.05876 0 0 0 0 0 -0.185041 -0 0 0 -0 0 0 0 0 0 0 0 0 0 0 0 0 0 1 13393.5 13393.5 13393.5 13393.5
0 0 1 0 0 1.05781 0 0 0 0 0 -0.183158 -0 0 0 -0 0 0 0 0 0 0 0 0 0 0 0 0 0 1 13393 13393 13393 13393
0 0 1 0 0 1.05685 0 0 0 0 0 -0.181229 -0 0 0 -0 0 0 0 0 0 0 0 0 0 0 0 0 0 1 13392.4 13392.4 13392.4 13392.4
0 0 1 0 0 1.05603 0 0 0 0 0 -0.179596 -0 0 0 -0 0 0 0 0 0 0 0 0 0 0 0 0 0 1 13391.8 13391.8 13391.8 13391.8
0 0 1 0 0 1.05513 0 0 0 0 0 -0.177773 -0 0 0 -0 0 0 0 0 0 0 0 0 0 0 0 0 0 1 13391.2 13391.2 13391.2 13391.2
0 0 1 0 0 1.0542 0 0 0 0 0 -0.175876 -0 0 0 -0 0 0 0 0 0 0 0 0 0 0 0 0 0 1 13390.5 13390.5 13390.5 13390.5
0 0 1 0 0 1.05338 0 0 0 0 0 -0.174178 -0 0 0 -0 0 0 0 0 0 0 0 0 0 0 0 0 0 1 13389.9 13389.9 13389.9 13389.9
0 0 1 0 0 1.0525 0 0 0 0 0 -0.172348 -0 0 0 -0 0 0 0 0 0 0 0 0 0 0 0 0 0 1 13389.1 13389.1 13389.1 13389.1
0 0 1 0 0 1.05163 0 0 0 0 0 -0.170542 -0 0 0 -0 0 0 0 0 0 0 0 0 0 0 0 0 0 1 13388.4 13388.4 13388.4 13388.4
0 0 1 0 0 1.05074 0 0 0 0 0 -0.16866 -0 0 0 -0 0 0 0 0 0 0 0 0 0 0 0 0 0 1 13387.5 13387.5 13387.5 13387.5
0 0 1 0 0 1.04989 0 0 0 0 0 -0.166865 -0 0 0 -0 0 0 0 0 0 0 0 0 0 0 0 0 0 1 13386.7 13386.7 13386.7 13386.7
0 0 1 0 0 1.04911 0 0 0 0 0 -0.165195 -0 0 0 -0 0 0 0 0 0 0 0 0 0 0 0 0 0 1 13385.9 13385.9 13385.9 13385.9
0 0 1 0 0 1.04826 0 0 0 0 0 -0.163371 -0 0 0 -0 0 0 0 0 0 0 0 0 0 0 0 0 0 1 13385 13385 13385 13385
0 0 1 0 0 1.04742 0 0 0 0 0 -0.161555 -0 0 0 -0 0 0 0 0 0 0 0 0 0 0 0 0 0 1 13384.1 13384.1 13384.1 13384.1
0 0 1 0 0 1.04666 0 0 0 0 0 -0.159887 -0 0 0 -0 0 0 0 0 0 0 0 0 0 0 0 0 0 1 13383.2 13383.2 13383.2 13383.2
0 0 1 0 0 1.04585 0 0 0 0 0 -0.158119 -0 0 0 -0 0 0 0 0 0 0 0 0 0 0 0 0 0 1 13382.2 13382.2 13382.2 13382.2
0 0 1 0 0 1.04505 0 0 0 0 0 -0.156343 -0 0 0 -0 0 0 0 0 0 0 0 0 0 0 0 0 0 1 13381.2 13381.2 13381.2 13381.2
0 0 1 0 0 1.04425 0 0 0 0 0 -0.154546 -0 0 0 -0 0 0 0 0 0 0 0 0 0 0 0 0 0 1 13380.1 13380.1 13380.1 13380.1
0 0 1 0 0 1.04346 0 0 0 0 0 -0.152778 -0 0 0 -0 0 0 0 0 0 0 0 0 0 0 0 0 0 1 13379.1 13379.1 13379.1 13379.1
0 0 1 0 0 1.04274 0 0 0 0 0 -0.151166 -0 0 0 -0 0 0 0 0 0 0 0 0 0 0 0 0 0 1 13378.1 13378.1 13378.1 13378.1
0 0 1 0 0 1.04197 0 0 0 0 0 -0.14941 -0 0 0 -0 0 0 0 0 0 0 0 0 0 0 0 0 0 1 13376.9 13376.9 13376.9 13376.9
0 0 1 0 0 1.04121 0 0 0 0 0 -0.147664 -0 0 0 -0 0 0 0 0 0 0 0 0 0 0 0 0 0 1 13375.8 13375.8 13375.8 13375.8
0 0 1 0 0 1.04045 0 0 0 0 0 -0.145927 -0 0 0 -0 0 0 0 0 0 0 0 0 0 0 0 0 0 1 13374.6 13374.6 13374.6 13374.6
0 0 1 0 0 1.03967 0 0 0 0 0 -0.144103 -0 0 0 -0 0 0 0 0 0 0 0 0 0 0 0 0 0 1 13373.4 13373.4 13373.4 13373.4
0 0 1 0 0 1.03904 0 0 0 0 0 -0.142629 -0 0 0 -0 0 0 0 0 0 0 0 0 0 0 0 0 0 1 13372.4 13372.4 13372.4 13372.4
0 0 1 0 0 1.03831 0 0 0 0 0 -0.140908 -0 0 0 -0 0 0 0 0 0 0 0 0 0 0 0 0 0 1 13371.1 13371.1 13371.1 13371.1
0 0 1 0 0 1.03759 0 0 0 0 0 -0.139204 -0 0 0 -0 0 0 0 0 0 0 0 0 0 0 0 0 0 1 13369.9 13369.9 13369.9 13369.9
0 0 1 0 0 1.03693 0 0 0 0 0 -0.13765 -0 0 0 -0 0 0 0 0 0 0 0 0 0 0 0 0 0 1 13368.7 13368.7 13368.7 13368.7
0 0 1 0 0 1.03623 0 0 0 0 0 -0.135965 -0 0 0 -0 0 0 0 0 0 0 0 0 0 0 0 0 0 1 13367.5 13367.5 13367.5 13367.5
0 0 1 0 0 1.03554 0 0 0 0 0 -0.134291 -0 0 0 -0 0 0 0 0 0 0 0 0 0 0 0 0 0 1 13366.2 13366.2 13366.2 13366.2
0 0 1 0 0 1.03484 0 0 0 0 0 -0.132599 -0 0 0 -0 0 0 0 0 0 0 0 0 0 0 0 0 0 1 13364.8 13364.8 13364.8 13364.8
0 0 1 0 0 1.03423 0 0 0 0 0 -0.131105 -0 0 0 -0 0 0 0 0 0 0 0 0 0 0 0 0 0 1 13363.6 13363.6 13363.6 13363.6
0 0 1 0 0 1.03357 0 0 0 0 0 -0.129494 -0 0 0 -0 0 0 0 0 0 0 0 0 0 0 0 0 0 1 13362.3 13362.3 13362.3 13362.3
0 0 1 0 0 1.0329 0 0 0 0 0 -0.127833 -0 0 0 -0 0 0 0 0 0 0 0 0 0 0 0 0 0 1 13360.9 13360.9 13360.9 13360.9
0 0 1 0 0 1.03228 0 0 0 0 0 -0.12629 -0 0 0 -0 0 0 0 0 0 0 0 0 0 0 0 0 0 1 13359.6 13359.6 13359.6 13359.6
0 0 1 0 0 1.03166 0 0 0 0 0 -0.124729 -0 0 0 -0 0 0 0 0 0 0 0 0 0 0 0 0 0 1 13358.3 13358.3 13358.3 13358.3
0 0 1 0 0 1.03102 0 0 0 0 0 -0.123124 -0 0 0 -0 0 0 0 0 0 0 0 0 0 0 0 0 0 1 13356.9 13356.9 13356.9 13356.9
0 0 1 0 0 1.03039 0 0 0 0 0 -0.121521 -0 0 0 -0 0 0 0 0 0 0 0 0 0 0 0 0 0 1 13355.5 13355.5 13355.5 13355.5
0 0 1 0 0 1.02976 0 0 0 0 0 -0.11992 -0 0 0 -0 0 0 0 0 0 0 0 0 0 0 0 0 0 1 13354.1 13354.1 13354.1 13354.1
0 0 1 0 0 1.02921 0 0 0 0 0 -0.11851 -0 0 0 -0 0 0 0 0 0 0 0 0 0 0 0 0 0 1 13352.8 13352.8 13352.8 13352.8
0 0 1 0 0 1.0286 0 0 0 0 0 -0.116944 -0 0 0 -0 0 0 0 0 0 0 0 0 0 0 0 0 0 1 13351.3 13351.3 13351.3 13351.3
0 0 1 0 0 1.02801 0 0 0 0 0 -0.115396 -0 0 0 -0 0 0 0 0 0 0 0 0 0 0 0 0 0 1 13349.9 13349.9 13349.9 13349.9
0 0 1 0 0 1.02741 0 0 0 0 0 -0.11385 -0 0 0 -0 0 0 0 0 0 0 0 0 0 0 0 0 0 1 13348.4 13348.4 13348.4 13348.4
0 0 1 0 0 1.02689 0 0 0 0 0 -0.112462 -0 0 0 -0 0 0 0 0 0 0 0 0 0 0 0 0 0 1 13347.1 13347.1 13347.1 13347.1
0 0 1 0 0 1.02631 0 0 0 0 0 -0.110945 -0 0 0 -0 0 0 0 0 0 0 0 0 0 0 0 0 0 1 13345.6 13345.6 13345.6 13345.6
0 0 1 0 0 1.02574 0 0 0 0 0 -0.109432 -0 0 0 -0 0 0 0 0 0 0 0 0 0 0 0 0 0 1 13344.1 13344.1 13344.1 13344.1
0 0 1 0 0 1.02519 0 0 0 0 0 -0.10795 -0 0 0 -0 0 0 0 0 0 0 0 0 0 0 0 0 0 1 13342.6 13342.6 13342.6 13342.6
0 0 1 0 0 1.02468 0 0 0 0 0 -0.106581 -0 0 0 -0 0 0 0 0 0 0 0 0 0 0 0 0 0 1 13341.3 13341.3 13341.3 13341.3
0 0 1 0 0 1.02414 0 0 0 0 0 -0.105111 -0 0 0 -0 0 0 0 0 0 0 0 0 0 0 0 0 0 1 13339.8 13339.8 13339.8 13339.8
0 0 1 0 0 1.0236 0 0 0 0 0 -0.103644 -0 0 0 -0 0 0 0 0 0 0 0 0 0 0 0 0 0 1 13338.2 13338.2 13338.2 13338.2
0 0 1 0 0 1.02307 0 0 0 0 0 -0.102192 -0 0 0 -0 0 0 0 0 0 0 0 0 0 0 0 0 0 1 13336.7 13336.7 13336.7 13336.7
0 0 1 0 0 1.02258 0 0 0 0 0 -0.100855 -0 0 0 -0 0 0 0 0 0 0 0 0 0 0 0 0 0 1 13335.3 13335.3 13335.3 13335.3
0 0 1 0 0 1.02207 0 0 0 0 0 -0.0994433 -0 0 0 -0 0 0 0 0 0 0 0 0 0 0 0 0 0 1 13333.8 13333.8 13333.8 13333.8
0 0 1 0 0 1.02157 0 0 0 0 0 -0.0980312 -0 0 0 -0 0 0 0 0 0 0 0 0 0 0 0 0 0 1 13332.3 13332.3 13332.3 13332.3
0 0 1 0 0 1.02106 0 0 0 0 0 -0.0966134 -0 0 0 -0 0 0 0 0 0 0 0 0 0 0 0 0 0 1 13330.7 13330.7 13330.7 13330.7
0 0 1 0 0 1.02061 0 0 0 0 0 -0.0953476 -0 0 0 -0 0 0 0 0 0 0 0 0 0 0 0 0 0 1 13329.3 13329.3 13329.3 13329.3
0 0 1 0 0 1.02013 0 0 0 0 0 -0.0939669 -0 0 0 -0 0 0 0 0 0 0 0 0 0 0 0 0 0 1 13327.8 13327.8 13327.8 13327.8
0 0 1 0 0 1.01965 0 0 0 0 0 -0.0925955 -0 0 0 -0 0 0 0 0 0 0 0 0 0 0 0 0 0 1 13326.2 13326.2 13326.2 13326.2
0 0 1 0 0 1.01917 0 0 0 0 0 -0.0912227 -0 0 0 -0 0 0 0 0 0 0 0 0 0 0 0 0 0 1 13324.7 13324.7 13324.7 13324.7
0 0 1 0 0 1.01875 0 0 0 0 0 -0.0900044 -0 0 0 -0 0 0 0 0 0 0 0 0 0 0 0 0 0 1 13323.3 13323.3 13323.3 13323.3
0 0 1 0 0 1.01828 0 0 0 0 0 -0.0886525 -0 0 0 -0 0 0 0 0 0 0 0 0 0 0 0 0 0 1 13321.7 13321.7 13321.7 13321.7
0 0 1 0 0 1.01783 0 0 0 0 0 -0.0873209 -0 0 0 -0 0 0 0 0 0 0 0 0 0 0 0 0 0 1 13320.1 13320.1 13320.1 13320.1
0 0 1 0 0 1.01741 0 0 0 0 0 -0.0860975 -0 0 0 -0 0 0 0 0 0 0 0 0 0 0 0 0 0 1 13318.7 13318.7 13318.7 13318.7
0 0 1 0 0 1.01699 0 0 0 0 0 -0.0848491 -0 0 0 -0 0 0 0 0 0 0 0 0 0 0 0 0 0 1 13317.2 13317.2 13317.2 13317.2
0 0 1 0 0 1.01655 0 0 0 0 0 -0.0835611 -0 0 0 -0 0 0 0 0 0 0 0 0 0 0 0 0 0 1 13315.7 13315.7 13315.7 13315.7
0 0 1 0 0 1.01615 0 0 0 0 0 -0.0823523 -0 0 0 -0 0 0 0 0 0 0 0 0 0 0 0 0 0 1 13314.2 13314.2 13314.2 13314.2
0 0 1 0 0 1.01574 0 0 0 0 0 -0.0811104 -0 0 0 -0 0 0 0 0 0 0 0 0 0 0 0 0 0 1 13312.7 13312.7 13312.7 13312.7
0 0 1 0 0 1.01532 0 0 0 0 0 -0.0798637 -0 0 0 -0 0 0 0 0 0 0 0 0 0 0 0 0 0 1 13311.1 13311.1 13311.1 13311.1
0 0 1 0 0 1.01492 0 0 0 0 0 -0.0786345 -0 0 0 -0 0 0 0 0 0 0 0 0 0 0 0 0 0 1 13309.6 13309.6 13309.6 13309.6
0 0 1 0 0 1.01452 0 0 0 0 0 -0.0773982 -0 0 0 -0 0 0 0 0 0 0 0 0 0 0 0 0 0 1 13308 13308 13308 13308
0 0 1 0 0 1.01412 0 0 0 0 0 -0.0761734 -0 0 0 -0 0 0 0 0 0 0 0 0 0 0 0 0 0 1 13306.5 13306.5 13306.5 13306.5
0 0 1 0 0 1.01376 0 0 0 0 0 -0.0750748 -0 0 0 -0 0 0 0 0 0 0 0 0 0 0 0 0 0 1 13305.1 13305.1 13305.1 13305.1
0 0 1 0 0 1.01338 0 0 0 0 0 -0.0738853 -0 0 0 -0 0 0 0 0 0 0 0 0 0 0 0 0 0 1 13303.5 13303.5 13303.5 13303.5
0 0 1 0 0 1.01302 0 0 0 0 0 -0.0727432 -0 0 0 -0 0 0 0 0 0 0 0 0 0 0 0 0 0 1 13302 13302 13302 13302
0 0 1 0 0 1.01266 0 0 0 0 0 -0.0716094 -0 0 0 -0 0 0 0 0 0 0 0 0 0 0 0 0 0 1 13300.6 13300.6 13300.6 13300.6
0 0 1 0 0 1.0123 0 0 0 0 0 -0.0704729 -0 0 0 -0 0 0 0 0 0 0 0 0 0 0 0 0 0 1 13299.1 13299.1 13299.1 13299.1
0 0 1 0 0 1.01194 0 0 0 0 0 -0.0693405 -0 0 0 -0 0 0 0 0 0 0 0 0 0 0 0 0 0 1 13297.6 13297.6 13297.6 13297.6
0 0 1 0 0 1.01159 0 0 0 0 0 -0.0681915 -0 0 0 -0 0 0 0 0 0 0 0 0 0 0 0 0 0 1 13296 13296 13296 13296
0 0 1 0 0 1.01127 0 0 0 0 0 -0.0671554 -0 0 0 -0 0 0 0 0 0 0 0 0 0 0 0 0 0 1 13294.6 13294.6 13294.6 13294.6
0 0 1 0 0 1.01092 0 0 0 0 0 -0.0660488 -0 0 0 -0 0 0 0 0 0 0 0 0 0 0 0 0 0 1 13293.1 13293.1 13293.1 13293.1
0 0 1 0 0 1.0106 0 0 0 0 0 -0.0649771 -0 0 0 -0 0 0 0 0 0 0 0 0 0 0 0 0 0 1 13291.6 13291.6 13291.6 13291.6
0 0 1 0 0 1.01025 0 0 0 0 0 -0.0638537 -0 0 0 -0 0 0 0 0 0 0 0 0 0 0 0 0 0 1 13290.1 13290.1 13290.1 13290.1
0 0 1 0 0 1.00993 0 0 0 0 0 -0.0627768 -0 0 0 -0 0 0 0 0 0 0 0 0 0 0 0 0 0 1 13288.6 13288.6 13288.6 13288.6
0 0 1 0 0 1.00963 0 0 0 0 0 -0.0617922 -0 0 0 -0 0 0 0 0 0 0 0 0 0 0 0 0 0 1 13287.2 13287.2 13287.2 13287.2
0 0 1 0 0 1.00932 0 0 0 0 0 -0.0607409 -0 0 0 -0 0 0 0 0 0 0 0 0 0 0 0 0 0 1 13285.7 13285.7 13285.7 13285.7
0 0 1 0 0 1.00901 0 0 0 0 0 -0.0596943 -0 0 0 -0 0 0 0 0 0 0 0 0 0 0 0 0 0 1 13284.2 13284.2 13284.2 13284.2
0 0 1 0 0 1.0087 0 0 0 0 0 -0.0586651 -0 0 0 -0 0 0 0 0 0 0 0 0 0 0 0 0 0 1 13282.7 13282.7 13282.7 13282.7
0 0 1 0 0 1.00843 0 0 0 0 0 -0.0577233 -0 0 0 -0 0 0 0 0 0 0 0 0 0 0 0 0 0 1 13281.4 13281.4 13281.4 13281.4
0 0 1 0 0 1.00813 0 0 0 0 0 -0.0567103 -0 0 0 -0 0 0 0 0 0 0 0 0 0 0 0 0 0 1 13279.9 13279.9 13279.9 13279.9
0 0 1 0 0 1.00784 0 0 0 0 0 -0.0557129 -0 0 0 -0 0 0 0 0 0 0 0 0 0 0 0 0 0 1 13278.5 13278.5 13278.5 13278.5
0 0 1 0 0 1.00756 0 0 0 0 0 -0.0547196 -0 0 0 -0 0 0 0 0 0 0 0 0 0 0 0 0 0 1 13277 13277 13277 13277
0 0 1 0 0 1.0073 0 0 0 0 0 -0.0538318 -0 0 0 -0 0 0 0 0 0 0 0 0 0 0 0 0 0 1 13275.7 13275.7 13275.7 13275.7
0 0 1 0 0 1.00703 0 0 0 0 0 -0.0528666 -0 0 0 -0 0 0 0 0 0 0 0 0 0 0 0 0 0 1 13274.2 13274.2 13274.2 13274.2
0 0 1 0 0 1.00676 0 0 0 0 0 -0.0519096 -0 0 0 -0 0 0 0 0 0 0 0 0 0 0 0 0 0 1 13272.8 13272.8 13272.8 13272.8
0 0 1 0 0 1.00649 0 0 0 0 0 -0.0509653 -0 0 0 -0 0 0 0 0 0 0 0 0 0 0 0 0 0 1 13271.4 13271.4 13271.4 13271.4
0 0 1 0 0 1.00626 0 0 0 0 0 -0.050106 -0 0 0 -0 0 0 0 0 0 0 0 0 0 0 0 0 0 1 13270 13270 13270 13270
0 0 1 0 0 1.006 0 0 0 0 0 -0.0491797 -0 0 0 -0 0 0 0 0 0 0 0 0 0 0 0 0 0 1 13268.6 13268.6 13268.6 13268.6
0 0 1 0 0 1.00575 0 0 0 0 0 -0.0482733 -0 0 0 -0 0 0 0 0 0 0 0 0 0 0 0 0 0 1 13267.2 13267.2 13267.2 13267.2
0 0 1 0 0 1.0055 0 0 0 0 0 -0.0473725 -0 0 0 -0 0 0 0 0 0 0 0 0 0 0 0 0 0 1 13265.8 13265.8 13265.8 13265.8
0 0 1 0 0 1.00528 0 0 0 0 0 -0.0465519 -0 0 0 -0 0 0 0 0 0 0 0 0 0 0 0 0 0 1 13264.5 13264.5 13264.5 13264.5
0 0 1 0 0 1.00504 0 0 0 0 0 -0.0456711 -0 0 0 -0 0 0 0 0 0 0 0 0 0 0 0 0 0 1 13263.1 13263.1 13263.1 13263.1
0 0 1 0 0 1.00481 0 0 0 0 0 -0.0448005 -0 0 0 -0 0 0 0 0 0 0 0 0 0 0 0 0 0 1 13261.8 13261.8 13261.8 13261.8
0 0 1 0 0 1.00458 0 0 0 0 0 -0.0439426 -0 0 0 -0 0 0 0 0 0 0 0 0 0 0 0 0 0 1 13260.4 13260.4 13260.4 13260.4
0 0 1 0 0 1.00438 0 0 0 0 0 -0.043165 -0 0 0 -0 0 0 0 0 0 0 0 0 0 0 0 0 0 1 13259.2 13259.2 13259.2 13259.2
0 0 1 0 0 1.00415 0 0 0 0 0 -0.0423224 -0 0 0 -0 0 0 0 0 0 0 0 0 0 0 0 0 0 1 13257.8 13257.8 13257.8 13257.8
0 0 1 0 0 1.00394 0 0 0 0 0 -0.0414925 -0 0 0 -0 0 0 0 0 0 0 0 0 0 0 0 0 0 1 13256.4 13256.4 13256.4 13256.4
0 0 1 0 0 1.0037 0 0 0 0 0 -0.0405909 -0 0 0 -0 0 0 0 0 0 0 0 0 0 0 0 0 0 1 13255 13255 13255 13255
0 0 1 0 0 1.00354 0 0 0 0 0 -0.0399421 -0 0 0 -0 0 0 0 0 0 0 0 0 0 0 0 0 0 1 13253.9 13253.9 13253.9 13253.9
0 0 1 0 0 1.00333 0 0 0 0 0 -0.0391353 -0 0 0 -0 0 0 0 0 0 0 0 0 0 0 0 0 0 1 13252.6 13252.6 13252.6 13252.6
0 0 1 0 0 1.00313 0 0 0 0 0 -0.0383491 -0 0 0 -0 0 0 0 0 0 0 0 0 0 0 0 0 0 1 13251.3 13251.3 13251.3 13251.3
0 0 1 0 0 1.00294 0 0 0 0 0 -0.0375733 -0 0 0 -0 0 0 0 0 0 0 0 0 0 0 0 0 0 1 13250 13250 13250 13250
0 0 1 0 0 1.00276 0 0 0 0 0 -0.036866 -0 0 0 -0 0 0 0 0 0 0 0 0 0 0 0 0 0 1 13248.8 13248.8 13248.8 13248.8
0 0 1 0 0 1.00257 0 0 0 0 0 -0.0361095 -0 0 0 -0 0 0 0 0 0 0 0 0 0 0 0 0 0 1 13247.5 13247.5 13247.5 13247.5
0 0 1 0 0 1.00239 0 0 0 0 0 -0.0353605 -0 0 0 -0 0 0 0 0 0 0 0 0 0 0 0 0 0 1 13246.2 13246.2 13246.2 13246.2
0 0 1 0 0 1.00221 0 0 0 0 0 -0.0346108 -0 0 0 -0 0 0 0 0 0 0 0 0 0 0 0 0 0 1 13244.9 13244.9 13244.9 13244.9
0 0 1 0 0 1.00205 0 0 0 0 0 -0.0339502 -0 0 0 -0 0 0 0 0 0 0 0 0 0 0 0 0 0 1 13243.8 13243.8 13243.8 13243.8
0 0 1 0 0 1.00187 0 0 0 0 0 -0.0332318 -0 0 0 -0 0 0 0 0 0 0 0 0 0 0 0 0 0 1 13242.5 13242.5 13242.5 13242.5
0 0 1 0 0 1.0017 0 0 0 0 0 -0.0325221 -0 0 0 -0 0 0 0 0 0 0 0 0 0 0 0 0 0 1 13241.3 13241.3 13241.3 13241.3
0 0 1 0 0 1.00154 0 0 0 0 0 -0.0318094 -0 0 0 -0 0 0 0 0 0 0 0 0 0 0 0 0 0 1 13240 13240 13240 13240
0 0 1 0 0 1.00139 0 0 0 0 0 -0.0311774 -0 0 0 -0 0 0 0 0 0 0 0 0 0 0 0 0 0 1 13238.9 13238.9 13238.9 13238.9
0 0 1 0 0 1.00123 0 0 0 0 0 -0.0305 -0 0 0 -0 0 0 0 0 0 0 0 0 0 0 0 0 0 1 13237.7 13237.7 13237.7 13237.7
0 0 1 0 0 1.00107 0 0 0 0 0 -0.0298226 -0 0 0 -0 0 0 0 0 0 0 0 0 0 0 0 0 0 1 13236.5 13236.5 13236.5 13236.5
0 0 1 0 0 1.00092 0 0 0 0 0 -0.0291596 -0 0 0 -0 0 0 0 0 0 0 0 0 0 0 0 0 0 1 13235.3 13235.3 13235.3 13235.3
0 0 1 0 0 1.00078 0 0 0 0 0 -0.0285591 -0 0 0 -0 0 0 0 0 0 0 0 0 0 0 0 0 0 1 13234.2 13234.2 13234.2 13234.2
0 0 1 0 0 1.00064 0 0 0 0 0 -0.0279121 -0 0 0 -0 0 0 0 0 0 0 0 0 0 0 0 0 0 1 13233 13233 13233 13233
0 0 1 0 0 1.0005 0 0 0 0 0 -0.0272765 -0 0 0 -0 0 0 0 0 0 0 0 0 0 0 0 0 0 1 13231.9 13231.9 13231.9 13231.9
0 0 1 0 0 1.00036 0 0 0 0 0 -0.0266418 -0 0 0 -0 0 0 0 0 0 0 0 0 0 0 0 0 0 1 13230.7 13230.7 13230.7 13230.7
0 0 1 0 0 1.00021 0 0 0 0 0 -0.0259999 -0 0 0 -0 0 0 0 0 0 0 0 0 0 0 0 0 0 1 13229.5 13229.5 13229.5 13229.5
0 0 1 0 0 1.0001 0 0 0 0 0 -0.0254664 -0 0 0 -0 0 0 0 0 0 0 0 0 0 0 0 0 0 1 13228.5 13228.5 13228.5 13228.5
0 0 1 0 0 0.999966 0 0 0 0 0 -0.0248554 -0 0 0 -0 0 0 0 0 0 0 0 0 0 0 0 0 0 1 13227.4 13227.4 13227.4 13227.4
0 0 1 0 0 0.999842 0 0 0 0 0 -0.024273 -0 0 0 -0 0 0 0 0 0 0 0 0 0 0 0 0 0 1 13226.3 13226.3 13226.3 13226.3
0 0 1 0 0 0.999727 0 0 0 0 0 -0.0237332 -0 0 0 -0 0 0 0 0 0 0 0 0 0 0 0 0 0 1 13225.2 13225.2 13225.2 13225.2
0 0 1 0 0 0.999606 0 0 0 0 0 -0.0231574 -0 0 0 -0 0 0 0 0 0 0 0 0 0 0 0 0 0 1 13224.1 13224.1 13224.1 13224.1
0 0 1 0 0 0.999492 0 0 0 0 0 -0.0226061 -0 0 0 -0 0 0 0 0 0 0 0 0 0 0 0 0 0 1 13223.1 13223.1 13223.1 13223.1
0 0 1 0 0 0.999372 0 0 0 0 0 -0.0220258 -0 0 0 -0 0 0 0 0 0 0 0 0 0 0 0 0 0 1 13221.9 13221.9 13221.9 13221.9
0 0 1 0 0 0.999269 0 0 0 0 0 -0.0215172 -0 0 0 -0 0 0 0 0 0 0 0 0 0 0 0 0 0 1 13221 13221 13221 13221
0 0 1 0 0 0.999159 0 0 0 0 0 -0.0209722 -0 0 0 -0 0 0 0 0 0 0 0 0 0 0 0 0 0 1 13219.9 13219.9 13219.9 13219.9
0 0 1 0 0 0.999053 0 0 0 0 0 -0.0204436 -0 0 0 -0 0 0 0 0 0 0 0 0 0 0 0 0 0 1 13218.9 13218.9 13218.9 13218.9
0 0 1 0 0 0.99895 0 0 0 0 0 -0.0199195 -0 0 0 -0 0 0 0 0 0 0 0 0 0 0 0 0 0 1 13217.8 13217.8 13217.8 13217.8
0 0 1 0 0 0.998854 0 0 0 0 0 -0.0194334 -0 0 0 -0 0 0 0 0 0 0 0 0 0 0 0 0 0 1 13216.9 13216.9 13216.9 13216.9
0 0 1 0 0 0.998756 0 0 0 0 0 -0.0189235 -0 0 0 -0 0 0 0 0 0 0 0 0 0 0 0 0 0 1 13215.8 13215.8 13215.8 13215.8
0 0 1 0 0 0.99866 0 0 0 0 0 -0.0184242 -0 0 0 -0 0 0 0 0 0 0 0 0 0 0 0 0 0 1 13214.8 13214.8 13214.8 13214.8
0 0 1 0 0 0.998573 0 0 0 0 0 -0.0179649 -0 0 0 -0 0 0 0 0 0 0 0 0 0 0 0 0 0 1 13213.9 13213.9 13213.9 13213.9
0 0 1 0 0 0.998481 0 0 0 0 0 -0.0174733 -0 0 0 -0 0 0 0 0 0 0 0 0 0 0 0 0 0 1 13212.9 13212.9 13212.9 13212.9
0 0 1 0 0 0.998392 0 0 0 0 0 -0.0169937 -0 0 0 -0 0 0 0 0 0 0 0 0 0 0 0 0 0 1 13211.9 13211.9 13211.9 13211.9
0 0 1 0 0 0.998307 0 0 0 0 0 -0.0165269 -0 0 0 -0 0 0 0 0 0 0 0 0 0 0 0 0 0 1 13211 13211 13211 13211
0 0 1 0 0 0.998221 0 0 0 0 0 -0.0160524 -0 0 0 -0 0 0 0 0 0 0 0 0 0 0 0 0 0 1 13210 13210 13210 13210
0 0 1 0 0 0.998145 0 0 0 0 0 -0.0156268 -0 0 0 -0 0 0 0 0 0 0 0 0 0 0 0 0 0 1 13209.1 13209.1 13209.1 13209.1
0 0 1 0 0 0.998065 0 0 0 0 0 -0.0151736 -0 0 0 -0 0 0 0 0 0 0 0 0 0 0 0 0 0 1 13208.1 13208.1 13208.1 13208.1
0 0 1 0 0 0.997989 0 0 0 0 0 -0.0147335 -0 0 0 -0 0 0 0 0 0 0 0 0 0 0 0 0 0 1 13207.2 13207.2 13207.2 13207.2
0 0 1 0 0 0.997913 0 0 0 0 0 -0.0142944 -0 0 0 -0 0 0 0 0 0 0 0 0 0 0 0 0 0 1 13206.3 13206.3 13206.3 13206.3
0 0 1 0 0 0.997847 0 0 0 0 0 -0.0139002 -0 0 0 -0 0 0 0 0 0 0 0 0 0 0 0 0 0 1 13205.4 13205.4 13205.4 13205.4
0 0 1 0 0 0.997776 0 0 0 0 0 -0.0134772 -0 0 0 -0 0 0 0 0 0 0 0 0 0 0 0 0 0 1 13204.5 13204.5 13204.5 13204.5
0 0 1 0 0 0.997707 0 0 0 0 0 -0.0130579 -0 0 0 -0 0 0 0 0 0 0 0 0 0 0 0 0 0 1 13203.6 13203.6 13203.6 13203.6
0 0 1 0 0 0.99764 0 0 0 0 0 -0.0126485 -0 0 0 -0 0 0 0 0 0 0 0 0 0 0 0 0 0 1 13202.7 13202.7 13202.7 13202.7
0 0 1 0 0 0.99758 0 0 0 0 0 -0.0122757 -0 0 0 -0 0 0 0 0 0 0 0 0 0 0 0 0 0 1 13201.9 13201.9 13201.9 13201.9
0 0 1 0 0 0.997518 0 0 0 0 0 -0.0118811 -0 0 0 -0 0 0 0 0 0 0 0 0 0 0 0 0 0 1 13201 13201 13201 13201
0 0 1 0 0 0.997457 0 0 0 0 0 -0.0114885 -0 0 0 -0 0 0 0 0 0 0 0 0 0 0 0 0 0 1 13200.2 13200.2 13200.2 13200.2
0 0 1 0 0 0.997399 0 0 0 0 0 -0.011107 -0 0 0 -0 0 0 0 0 0 0 0 0 0 0 0 0 0 1 13199.3 13199.3 13199.3 13199.3
0 0 1 0 0 0.997347 0 0 0 0 0 -0.0107599 -0 0 0 -0 0 0 0 0 0 0 0 0 0 0 0 0 0 1 13198.5 13198.5 13198.5 13198.5
0 0 1 0 0 0.997292 0 0 0 0 0 -0.0103915 -0 0 0 -0 0 0 0 0 0 0 0 0 0 0 0 0 0 1 13197.7 13197.7 13197.7 13197.7
0 0 1 0 0 0.997239 0 0 0 0 0 -0.0100244 -0 0 0 -0 0 0 0 0 0 0 0 0 0 0 0 0 0 1 13196.9 13196.9 13196.9 13196.9
0 0 1 0 0 0.997187 0 0 0 0 0 -0.00966441 -0 0 0 -0 0 0 0 0 0 0 0 0 0 0 0 0 0 1 13196.1 13196.1 13196.1 13196.1
0 0 1 0 0 0.997142 0 0 0 0 0 -0.0093453 -0 0 0 -0 0 0 0 0 0 0 0 0 0 0 0 0 0 1 13195.3 13195.3 13195.3 13195.3
0 0 1 0 0 0.997094 0 0 0 0 0 -0.00899683 -0 0 0 -0 0 0 0 0 0 0 0 0 0 0 0 0 0 1 13194.5 13194.5 13194.5 13194.5
0 0 1 0 0 0.997048 0 0 0 0 0 -0.00865401 -0 0 0 -0 0 0 0 0 0 0 0 0 0 0 0 0 0 1 13193.7 13193.7 13193.7 13193.7
0 0 1 0 0 0.997004 0 0 0 0 0 -0.00831977 -0 0 0 -0 0 0 0 0 0 0 0 0 0 0 0 0 0 1 13192.9 13192.9 13192.9 13192.9
0 0 1 0 0 0.996965 0 0 0 0 0 -0.00802341 -0 0 0 -0 0 0 0 0 0 0 0 0 0 0 0 0 0 1 13192.2 13192.2 13192.2 13192.2
0 0 1 0 0 0.996924 0 0 0 0 0 -0.00770099 -0 0 0 -0 0 0 0 0 0 0 0 0 0 0 0 0 0 1 13191.5 13191.5 13191.5 13191.5
0 0 1 0 0 0.996885 0 0 0 0 0 -0.00738494 -0 0 0 -0 0 0 0 0 0 0 0 0 0 0 0 0 0 1 13190.7 13190.7 13190.7 13190.7
0 0 1 0 0 0.996847 0 0 0 0 0 -0.00707512 -0 0 0 -0 0 0 0 0 0 0 0 0 0 0 0 0 0 1 13190 13190 13190 13190
0 0 1 0 0 0.996814 0 0 0 0 0 -0.00679274 -0 0 0 -0 0 0 0 0 0 0 0 0 0 0 0 0 0 1 13189.3 13189.3 13189.3 13189.3
0 0 1 0 0 0.996779 0 0 0 0 0 -0.00649426 -0 0 0 -0 0 0 0 0 0 0 0 0 0 0 0 0 0 1 13188.6 13188.6 13188.6 13188.6
0 0 1 0 0 0.996748 0 0 0 0 0 -0.00621221 -0 0 0 -0 0 0 0 0 0 0 0 0 0 0 0 0 0 1 13187.9 13187.9 13187.9 13187.9
0 0 1 0 0 0.996715 0 0 0 0 0 -0.00591395 -0 0 0 -0 0 0 0 0 0 0 0 0 0 0 0 0 0 1 13187.1 13187.1 13187.1 13187.1
0 0 1 0 0 0.996687 0 0 0 0 0 -0.00565406 -0 0 0 -0 0 0 0 0 0 0 0 0 0 0 0 0 0 1 13186.5 13186.5 13186.5 13186.5
0 0 1 0 0 0.996658 0 0 0 0 0 -0.00537553 -0 0 0 -0 0 0 0 0 0 0 0 0 0 0 0 0 0 1 13185.8 13185.8 13185.8 13185.8
0 0 1 0 0 0.99663 0 0 0 0 0 -0.00510088 -0 0 0 -0 0 0 0 0 0 0 0 0 0 0 0 0 0 1 13185.1 13185.1 13185.1 13185.1
0 0 1 0 0 0.996605 0 0 0 0 0 -0.00483755 -0 0 0 -0 0 0 0 0 0 0 0 0 0 0 0 0 0 1 13184.4 13184.4 13184.4 13184.4
0 0 1 0 0 0.996581 0 0 0 0 0 -0.00457977 -0 0 0 -0 0 0 0 0 0 0 0 0 0 0 0 0 0 1 13183.8 13183.8 13183.8 13183.8
0 0 1 0 0 0.996559 0 0 0 0 0 -0.00433824 -0 0 0 -0 0 0 0 0 0 0 0 0 0 0 0 0 0 1 13183.2 13183.2 13183.2 13183.2
0 0 1 0 0 0.996536 0 0 0 0 0 -0.00408714 -0 0 0 -0 0 0 0 0 0 0 0 0 0 0 0 0 0 1 13182.5 13182.5 13182.5 13182.5
0 0 1 0 0 0.996516 0 0 0 0 0 -0.00384321 -0 0 0 -0 0 0 0 0 0 0 0 0 0 0 0 0 0 1 13181.9 13181.9 13181.9 13181.9
0 0 1 0 0 0.996498 0 0 0 0 0 -0.00361851 -0 0 0 -0 0 0 0 0 0 0 0 0 0 0 0 0 0 1 13181.3 13181.3 13181.3 13181.3
0 0 1 0 0 0.996479 0 0 0 0 0 -0.00338007 -0 0 0 -0 0 0 0 0 0 0 0 0 0 0 0 0 0 1 13180.6 13180.6 13180.6 13180.6
0 0 1 0 0 0.996462 0 0 0 0 0 -0.00314758 -0 0 0 -0 0 0 0 0 0 0 0 0 0 0 0 0 0 1 13180 13180 13180 13180
0 0 1 0 0 0.996446 0 0 0 0 0 -0.00292604 -0 0 0 -0 0 0 0 0 0 0 0 0 0 0 0 0 0 1 13179.4 13179.4 13179.4 13179.4
0 0 1 0 0 0.996432 0 0 0 0 0 -0.00271384 -0 0 0 -0 0 0 0 0 0 0 0 0 0 0 0 0 0 1 13178.9 13178.9 13178.9 13178.9
0 0 1 0 0 0.996418 0 0 0 0 0 -0.00249483 -0 0 0 -0 0 0 0 0 0 0 0 0 0 0 0 0 0 1 13178.3 13178.3 13178.3 13178.3
0 0 1 0 0 0.996403 0 0 0 0 0 -0.00224752 -0 0 0 -0 0 0 0 0 0 0 0 0 0 0 0 0 0 1 13177.6 13177.6 13177.6 13177.6
0 0 1 0 0 0.996394 0 0 0 0 0 -0.00208121 -0 0 0 -0 0 0 0 0 0 0 0 0 0 0 0 0 0 1 13177.1 13177.1 13177.1 13177.1
0 0 1 0 0 0.996384 0 0 0 0 0 -0.00188482 -0 0 0 -0 0 0 0 0 0 0 0 0 0 0 0 0 0 1 13176.6 13176.6 13176.6 13176.6
0 0 1 0 0 0.996375 0 0 0 0 0 -0.00168353 -0 0 0 -0 0 0 0 0 0 0 0 0 0 0 0 0 0 1 13176 13176 13176 13176
0 0 1 0 0 0.996366 0 0 0 0 0 -0.00149635 -0 0 0 -0 0 0 0 0 0 0 0 0 0 0 0 0 0 1 13175.5 13175.5 13175.5 13175.5
0 0 1 0 0 0.996359 0 0 0 0 0 -0.00130498 -0 0 0 -0 0 0 0 0 0 0 0 0 0 0 0 0 0 1 13174.9 13174.9 13174.9 13174.9
0 0 1 0 0 0.996352 0 0 0 0 0 -0.00112148 -0 0 0 -0 0 0 0 0 0 0 0 0 0 0 0 0 0 1 13174.4 13174.4 13174.4 13174.4
0 0 1 0 0 0.996347 0 0 0 0 0 -0.000938696 -0 0 0 -0 0 0 0 0 0 0 0 0 0 0 0 0 0 1 13173.9 13173.9 13173.9 13173.9
0 0 1 0 0 0.996342 0 0 0 0 0 -0.000756808 -0 0 0 -0 0 0 0 0 0 0 0 0 0 0 0 0 0 1 13173.3 13173.3 13173.3 13173.3
0 0 1 0 0 0.996338 0 0 0 0 0 -0.000590541 -0 0 0 -0 0 0 0 0 0 0 0 0 0 0 0 0 0 1 13172.8 13172.8 13172.8 13172.8
0 0 1 0 0 0.996335 0 0 0 0 0 -0.000419549 -0 0 0 -0 0 0 0 0 0 0 0 0 0 0 0 0 0 1 13172.3 13172.3 13172.3 13172.3
0 0 1 0 0 0.996333 0 0 0 0 0 -0.000256051 -0 0 0 -0 0 0 0 0 0 0 0 0 0 0 0 0 0 1 13171.8 13171.8 13171.8 13171.8
0 0 1 0 0 0.996332 0 0 0 0 0 -8.92791e-05 -0 0 0 -0 0 0 0 0 0 0 0 0 0 0 0 0 0 1 13171.3 13171.3 13171.3 13171.3
0 0 1 0 0 0.996331 0 0 0 0 0 5.87897e-05 -0 0 0 -0 0 0 0 0 0 0 0 0 0 0 0 0 0 1 13170.9 13170.9 13170.9 13170.9
0 0 1 0 0 0.996332 0 0 0 0 0 0.000213803 -0 0 0 -0 0 0 0 0 0 0 0 0 0 0 0 0 0 1 13170.4 13170.4 13170.4 13170.4
0 0 1 0 0 0.996333 0 0 0 0 0 0.000363796 -0 0 0 -0 0 0 0 0 0 0 0 0 0 0 0 0 0 1 13169.9 13169.9 13169.9 13169.9
0 0 1 0 0 0.996335 0 0 0 0 0 0.000517695 -0 0 0 -0 0 0 0 0 0 0 0 0 0 0 0 0 0 1 13169.5 13169.5 13169.5 13169.5
0 0 1 0 0 0.996337 0 0 0 0 0 0.000657396 -0 0 0 -0 0 0 0 0 0 0 0 0 0 0 0 0 0 1 13169 13169 13169 13169
0 0 1 0 0 0.99634 0 0 0 0 0 0.000793636 -0 0 0 -0 0 0 0 0 0 0 0 0 0 0 0 0 0 1 13168.6 13168.6 13168.6 13168.6
0 0 1 0 0 0.996344 0 0 0 0 0 0.000934049 -0 0 0 -0 0 0 0 0 0 0 0 0 0 0 0 0 0 1 13168.1 13168.1 13168.1 13168.1
0 0 1 0 0 0.996349 0 0 0 0 0 0.00106866 -0 0 0 -0 0 0 0 0 0 0 0 0 0 0 0 0 0 1 13167.7 13167.7 13167.7 13167.7
0 0 1 0 0 0.996355 0 0 0 0 0 0.00121507 -0 0 0 -0 0 0 0 0 0 0 0 0 0 0 0 0 0 1 13167.2 13167.2 13167.2 13167.2
0 0 1 0 0 0.99636 0 0 0 0 0 0.00132003 -0 0 0 -0 0 0 0 0 0 0 0 0 0 0 0 0 0 1 13166.8 13166.8 13166.8 13166.8
0 0 1 0 0 0.996367 0 0 0 0 0 0.00144511 -0 0 0 -0 0 0 0 0 0 0 0 0 0 0 0 0 0 1 13166.4 13166.4 13166.4 13166.4
0 0 1 0 0 0.996374 0 0 0 0 0 0.00156809 -0 0 0 -0 0 0 0 0 0 0 0 0 0 0 0 0 0 1 13166 13166 13166 13166
0 0 1 0 0 0.996382 0 0 0 0 0 0.00168827 -0 0 0 -0 0 0 0 0 0 0 0 0 0 0 0 0 0 1 13165.6 13165.6 13165.6 13165.6
0 0 1 0 0 0.99639 0 0 0 0 0 0.00179415 -0 0 0 -0 0 0 0 0 0 0 0 0 0 0 0 0 0 1 13165.2 13165.2 13165.2 13165.2
0 0 1 0 0 0.996399 0 0 0 0 0 0.00190561 -0 0 0 -0 0 0 0 0 0 0 0 0 0 0 0 0 0 1 13164.8 13164.8 13164.8 13164.8
0 0 1 0 0 0.996409 0 0 0 0 0 0.00201749 -0 0 0 -0 0 0 0 0 0 0 0 0 0 0 0 0 0 1 13164.4 13164.4 13164.4 13164.4
0 0 1 0 0 0.996419 0 0 0 0 0 0.00212431 -0 0 0 -0 0 0 0 0 0 0 0 0 0 0 0 0 0 1 13164 13164 13164 13164
0 0 1 0 0 0.996429 0 0 0 0 0 0.00221972 -0 0 0 -0 0 0 0 0 0 0 0 0 0 0 0 0 0 1 13163.7 13163.7 13163.7 13163.7
0 0 1 0 0 0.996441 0 0 0 0 0 0.00232009 -0 0 0 -0 0 0 0 0 0 0 0 0 0 0 0 0 0 1 13163.3 13163.3 13163.3 13163.3
0 0 1 0 0 0.996453 0 0 0 0 0 0.00242001 -0 0 0 -0 0 0 0 0 0 0 0 0 0 0 0 0 0 1 13162.9 13162.9 13162.9 13162.9
0 0 1 0 0 0.996465 0 0 0 0 0 0.00251479 -0 0 0 -0 0 0 0 0 0 0 0 0 0 0 0 0 0 1 13162.6 13162.6 13162.6 13162.6
0 0 1 0 0 0.996477 0 0 0 0 0 0.00260059 -0 0 0 -0 0 0 0 0 0 0 0 0 0 0 0 0 0 1 13162.2 13162.2 13162.2 13162.2
0 0 1 0 0 0.99649 0 0 0 0 0 0.00269056 -0 0 0 -0 0 0 0 0 0 0 0 0 0 0 0 0 0 1 13161.9 13161.9 13161.9 13161.9
0 0 1 0 0 0.996503 0 0 0 0 0 0.00277692 -0 0 0 -0 0 0 0 0 0 0 0 0 0 0 0 0 0 1 13161.6 13161.6 13161.6 13161.6
0 0 1 0 0 0.996518 0 0 0 0 0 0.00286279 -0 0 0 -0 0 0 0 0 0 0 0 0 0 0 0 0 0 1 13161.2 13161.2 13161.2 13161.2
0 0 1 0 0 0.996531 0 0 0 0 0 0.00293931 -0 0 0 -0 0 0 0 0 0 0 0 0 0 0 0 0 0 1 13160.9 13160.9 13160.9 13160.9
0 0 1 0 0 0.996546 0 0 0 0 0 0.00301845 -0 0 0 -0 0 0 0 0 0 0 0 0 0 0 0 0 0 1 13160.6 13160.6 13160.6 13160.6
0 0 1 0 0 0.996561 0 0 0 0 0 0.00309402 -0 0 0 -0 0 0 0 0 0 0 0 0 0 0 0 0 0 1 13160.3 13160.3 13160.3 13160.3
0 0 1 0 0 0.996577 0 0 0 0 0 0.00317034 -0 0 0 -0 0 0 0 0 0 0 0 0 0 0 0 0 0 1 13159.9 13159.9 13159.9 13159.9
0 0 1 0 0 0.996593 0 0 0 0 0 0.00324168 -0 0 0 -0 0 0 0 0 0 0 0 0 0 0 0 0 0 1 13159.6 13159.6 13159.6 13159.6
0 0 1 0 0 0.996609 0 0 0 0 0 0.00330706 -0 0 0 -0 0 0 0 0 0 0 0 0 0 0 0 0 0 1 13159.3 13159.3 13159.3 13159.3
0 0 1 0 0 0.996625 0 0 0 0 0 0.00337278 -0 0 0 -0 0 0 0 0 0 0 0 0 0 0 0 0 0 1 13159 13159 13159 13159
0 0 1 0 0 0.996643 0 0 0 0 0 0.00344029 -0 0 0 -0 0 0 0 0 0 0 0 0 0 0 0 0 0 1 13158.7 13158.7 13158.7 13158.7
0 0 1 0 0 0.996659 0 0 0 0 0 0.00349802 -0 0 0 -0 0 0 0 0 0 0 0 0 0 0 0 0 0 1 13158.5 13158.5 13158.5 13158.5
0 0 1 0 0 0.996677 0 0 0 0 0 0.00355955 -0 0 0 -0 0 0 0 0 0 0 0 0 0 0 0 0 0 1 13158.2 13158.2 13158.2 13158.2
0 0 1 0 0 0.996694 0 0 0 0 0 0.00361498 -0 0 0 -0 0 0 0 0 0 0 0 0 0 0 0 0 0 1 13157.9 13157.9 13157.9 13157.9
0 0 1 0 0 0.996714 0 0 0 0 0 0.00367481 -0 0 0 -0 0 0 0 0 0 0 0 0 0 0 0 0 0 1 13157.6 13157.6 13157.6 13157.6
0 0 1 0 0 0.996731 0 0 0 0 0 0.00372418 -0 0 0 -0 0 0 0 0 0 0 0 0 0 0 0 0 0 1 13157.4 13157.4 13157.4 13157.4
0 0 1 0 0 0.99675 0 0 0 0 0 0.00377696 -0 0 0 -0 0 0 0 0 0 0 0 0 0 0 0 0 0 1 13157.1 13157.1 13157.1 13157.1
0 0 1 0 0 0.996769 0 0 0 0 0 0.00382691 -0 0 0 -0 0 0 0 0 0 0 0 0 0 0 0 0 0 1 13156.9 13156.9 13156.9 13156.9
0 0 1 0 0 0.996787 0 0 0 0 0 0.00387213 -0 0 0 -0 0 0 0 0 0 0 0 0 0 0 0 0 0 1 13156.6 13156.6 13156.6 13156.6
0 0 1 0 0 0.996807 0 0 0 0 0 0.00391809 -0 0 0 -0 0 0 0 0 0 0 0 0 0 0 0 0 0 1 13156.4 13156.4 13156.4 13156.4
0 0 1 0 0 0.996827 0 0 0 0 0 0.00396235 -0 0 0 -0 0 0 0 0 0 0 0 0 0 0 0 0 0 1 13156.1 13156.1 13156.1 13156.1
0 0 1 0 0 0.996846 0 0 0 0 0 0.00400431 -0 0 0 -0 0 0 0 0 0 0 0 0 0 0 0 0 0 1 13155.9 13155.9 13155.9 13155.9
0 0 1 0 0 0.996868 0 0 0 0 0 0.00404678 -0 0 0 -0 0 0 0 0 0 0 0 0 0 0 0 0 0 1 13155.6 13155.6 13155.6 13155.6
0 0 1 0 0 0.996887 0 0 0 0 0 0.00408248 -0 0 0 -0 0 0 0 0 0 0 0 0 0 0 0 0 0 1 13155.4 13155.4 13155.4 13155.4
0 0 1 0 0 0.996907 0 0 0 0 0 0.0041194 -0 0 0 -0 0 0 0 0 0 0 0 0 0 0 0 0 0 1 13155.2 13155.2 13155.2 13155.2
0 0 1 0 0 0.996928 0 0 0 0 0 0.00415519 -0 0 0 -0 0 0 0 0 0 0 0 0 0 0 0 0 0 1 13155 13155 13155 13155
0 0 1 0 0 0.99695 0 0 0 0 0 0.00418873 -0 0 0 -0 0 0 0 0 0 0 0 0 0 0 0 0 0 1 13154.7 13154.7 13154.7 13154.7
0 0 1 0 0 0.996969 0 0 0 0 0 0.00421826 -0 0 0 -0 0 0 0 0 0 0 0 0 0 0 0 0 0 1 13154.5 13154.5 13154.5 13154.5
0 0 1 0 0 0.996991 0 0 0 0 0 0.0042485 -0 0 0 -0 0 0 0 0 0 0 0 0 0 0 0 0 0 1 13154.3 13154.3 13154.3 13154.3
0 0 1 0 0 0.997012 0 0 0 0 0 0.00427641 -0 0 0 -0 0 0 0 0 0 0 0 0 0 0 0 0 0 1 13154.1 13154.1 13154.1 13154.1
0 0 1 0 0 0.997034 0 0 0 0 0 0.00430419 -0 0 0 -0 0 0 0 0 0 0 0 0 0 0 0 0 0 1 13153.9 13153.9 13153.9 13153.9
0 0 1 0 0 0.997054 0 0 0 0 0 0.00432795 -0 0 0 -0 0 0 0 0 0 0 0 0 0 0 0 0 0 1 13153.7 13153.7 13153.7 13153.7
0 0 1 0 0 0.997077 0 0 0 0 0 0.0043523 -0 0 0 -0 0 0 0 0 0 0 0 0 0 0 0 0 0 1 13153.5 13153.5 13153.5 13153.5
0 0 1 0 0 0.997099 0 0 0 0 0 0.00437477 -0 0 0 -0 0 0 0 0 0 0 0 0 0 0 0 0 0 1 13153.3 13153.3 13153.3 13153.3
0 0 1 0 0 0.997121 0 0 0 0 0 0.00439626 -0 0 0 -0 0 0 0 0 0 0 0 0 0 0 0 0 0 1 13153.1 13153.1 13153.1 13153.1
0 0 1 0 0 0.997142 0 0 0 0 0 0.00441413 -0 0 0 -0 0 0 0 0 0 0 0 0 0 0 0 0 0 1 13153 13153 13153 13153
0 0 1 0 0 0.997164 0 0 0 0 0 0.00443227 -0 0 0 -0 0 0 0 0 0 0 0 0 0 0 0 0 0 1 13152.8 13152.8 13152.8 13152.8
0 0 1 0 0 0.997186 0 0 0 0 0 0.00444871 -0 0 0 -0 0 0 0 0 0 0 0 0 0 0 0 0 0 1 13152.6 13152.6 13152.6 13152.6
0 0 1 0 0 0.99721 0 0 0 0 0 0.00446476 -0 0 0 -0 0 0 0 0 0 0 0 0 0 0 0 0 0 1 13152.4 13152.4 13152.4 13152.4
0 0 1 0 0 0.997231 0 0 0 0 0 0.00447796 -0 0 0 -0 0 0 0 0 0 0 0 0 0 0 0 0 0 1 13152.3 13152.3 13152.3 13152.3
0 0 1 0 0 0.997253 0 0 0 0 0 0.00449064 -0 0 0 -0 0 0 0 0 0 0 0 0 0 0 0 0 0 1 13152.1 13152.1 13152.1 13152.1
0 0 1 0 0 0.997276 0 0 0 0 0 0.0045023 -0 0 0 -0 0 0 0 0 0 0 0 0 0 0 0 0 0 1 13152 13152 13152 13152
0 0 1 0 0 0.9973 0 0 0 0 0 0.00451316 -0 0 0 -0 0 0 0 0 0 0 0 0 0 0 0 0 0 1 13151.8 13151.8 13151.8 13151.8
0 0 1 0 0 0.997321 0 0 0 0 0 0.00452144 -0 0 0 -0 0 0 0 0 0 0 0 0 0 0 0 0 0 1 13151.7 13151.7 13151.7 13151.7
0 0 1 0 0 0.997343 0 0 0 0 0 0.00452925 -0 0 0 -0 0 0 0 0 0 0 0 0 0 0 0 0 0 1 13151.5 13151.5 13151.5 13151.5
0 0 1 0 0 0.997366 0 0 0 0 0 0.00453606 -0 0 0 -0 0 0 0 0 0 0 0 0 0 0 0 0 0 1 13151.4 13151.4 13151.4 13151.4
0 0 1 0 0 0.997389 0 0 0 0 0 0.00454166 -0 0 0 -0 0 0 0 0 0 0 0 0 0 0 0 0 0 1 13151.2 13151.2 13151.2 13151.2
0 0 1 0 0 0.997411 0 0 0 0 0 0.00454612 -0 0 0 -0 0 0 0 0 0 0 0 0 0 0 0 0 0 1 13151.1 13151.1 13151.1 13151.1
0 0 1 0 0 0.997434 0 0 0 0 0 0.00454968 -0 0 0 -0 0 0 0 0 0 0 0 0 0 0 0 0 0 1 13150.9 13150.9 13150.9 13150.9
0 0 1 0 0 0.997457 0 0 0 0 0 0.00455208 -0 0 0 -0 0 0 0 0 0 0 0 0 0 0 0 0 0 1 13150.8 13150.8 13150.8 13150.8
0 0 1 0 0 0.997481 0 0 0 0 0 0.00455354 -0 0 0 -0 0 0 0 0 0 0 0 0 0 0 0 0 0 1 13150.7 13150.7 13150.7 13150.7
0 0 1 0 0 0.997502 0 0 0 0 0 0.00455393 -0 0 0 -0 0 0 0 0 0 0 0 0 0 0 0 0 0 1 13150.6 13150.6 13150.6 13150.6
0 0 1 0 0 0.997525 0 0 0 0 0 0.00455332 -0 0 0 -0 0 0 0 0 0 0 0 0 0 0 0 0 0 1 13150.4 13150.4 13150.4 13150.4
0 0 1 0 0 0.997548 0 0 0 0 0 0.0045518 -0 0 0 -0 0 0 0 0 0 0 0 0 0 0 0 0 0 1 13150.3 13150.3 13150.3 13150.3
0 0 1 0 0 0.997572 0 0 0 0 0 0.00454925 -0 0 0 -0 0 0 0 0 0 0 0 0 0 0 0 0 0 1 13150.2 13150.2 13150.2 13150.2
0 0 1 0 0 0.997593 0 0 0 0 0 0.00454615 -0 0 0 -0 0 0 0 0 0 0 0 0 0 0 0 0 0 1 13150.1 13150.1 13150.1 13150.1
0 0 1 0 0 0.997616 0 0 0 0 0 0.00454172 -0 0 0 -0 0 0 0 0 0 0 0 0 0 0 0 0 0 1 13150 13150 13150 13150
0 0 1 0 0 0.997639 0 0 0 0 0 0.00453664 -0 0 0 -0 0 0 0 0 0 0 0 0 0 0 0 0 0 1 13149.8 13149.8 13149.8 13149.8
0 0 1 0 0 0.997663 0 0 0 0 0 0.00453045 -0 0 0 -0 0 0 0 0 0 0 0 0 0 0 0 0 0 1 13149.7 13149.7 13149.7 13149.7
0 0 1 0 0 0.997684 0 0 0 0 0 0.00452412 -0 0 0 -0 0 0 0 0 0 0 0 0 0 0 0 0 0 1 13149.6 13149.6 13149.6 13149.6
0 0 1 0 0 0.997707 0 0 0 0 0 0.00451637 -0 0 0 -0 0 0 0 0 0 0 0 0 0 0 0 0 0 1 13149.5 13149.5 13149.5 13149.5
0 0 1 0 0 0.99773 0 0 0 0 0 0.0045078 -0 0 0 -0 0 0 0 0 0 0 0 0 0 0 0 0 0 1 13149.4 13149.4 13149.4 13149.4
0 0 1 0 0 0.997753 0 0 0 0 0 0.0044985 -0 0 0 -0 0 0 0 0 0 0 0 0 0 0 0 0 0 1 13149.3 13149.3 13149.3 13149.3
0 0 1 0 0 0.997774 0 0 0 0 0 0.00448926 -0 0 0 -0 0 0 0 0 0 0 0 0 0 0 0 0 0 1 13149.2 13149.2 13149.2 13149.2
0 0 1 0 0 0.997797 0 0 0 0 0 0.00447834 -0 0 0 -0 0 0 0 0 0 0 0 0 0 0 0 0 0 1 13149.1 13149.1 13149.1 13149.1
0 0 1 0 0 0.997819 0 0 0 0 0 0.00446739 -0 0 0 -0 0 0 0 0 0 0 0 0 0 0 0 0 0 1 13149.1 13149.1 13149.1 13149.1
0 0 1 0 0 0.997843 0 0 0 0 0 0.00445472 -0 0 0 -0 0 0 0 0 0 0 0 0 0 0 0 0 0 1 13149 13149 13149 13149
0 0 1 0 0 0.997864 0 0 0 0 0 0.00444282 -0 0 0 -0 0 0 0 0 0 0 0 0 0 0 0 0 0 1 13148.9 13148.9 13148.9 13148.9
0 0 1 0 0 0.997886 0 0 0 0 0 0.00442924 -0 0 0 -0 0 0 0 0 0 0 0 0 0 0 0 0 0 1 13148.8 13148.8 13148.8 13148.8
0 0 1 0 0 0.997912 0 0 0 0 0 0.00441296 -0 0 0 -0 0 0 0 0 0 0 0 0 0 0 0 0 0 1 13148.7 13148.7 13148.7 13148.7
0 0 1 0 0 0.997931 0 0 0 0 0 0.00440049 -0 0 0 -0 0 0 0 0 0 0 0 0 0 0 0 0 0 1 13148.6 13148.6 13148.6 13148.6
0 0 1 0 0 0.997952 0 0 0 0 0 0.0043862 -0 0 0 -0 0 0 0 0 0 0 0 0 0 0 0 0 0 1 13148.6 13148.6 13148.6 13148.6
0 0 1 0 0 0.997975 0 0 0 0 0 0.0043699 -0 0 0 -0 0 0 0 0 0 0 0 0 0 0 0 0 0 1 13148.5 13148.5 13148.5 13148.5
0 0 1 0 0 0.997997 0 0 0 0 0 0.00435345 -0 0 0 -0 0 0 0 0 0 0 0 0 0 0 0 0 0 1 13148.4 13148.4 13148.4 13148.4
0 0 1 0 0 0.998019 0 0 0 0 0 0.00433641 -0 0 0 -0 0 0 0 0 0 0 0 0 0 0 0 0 0 1 13148.4 13148.4 13148.4 13148.4
0 0 1 0 0 0.99804 0 0 0 0 0 0.00431988 -0 0 0 -0 0 0 0 0 0 0 0 0 0 0 0 0 0 1 13148.3 13148.3 13148.3 13148.3
0 0 1 0 0 0.998061 0 0 0 0 0 0.00430181 -0 0 0 -0 0 0 0 0 0 0 0 0 0 0 0 0 0 1 13148.2 13148.2 13148.2 13148.2
0 0 1 0 0 0.998084 0 0 0 0 0 0.00428289 -0 0 0 -0 0 0 0 0 0 0 0 0 0 0 0 0 0 1 13148.2 13148.2 13148.2 13148.2
0 0 1 0 0 0.998105 0 0 0 0 0 0.0042641 -0 0 0 -0 0 0 0 0 0 0 0 0 0 0 0 0 0 1 13148.1 13148.1 13148.1 13148.1
0 0 1 0 0 0.998125 0 0 0 0 0 0.00424579 -0 0 0 -0 0 0 0 0 0 0 0 0 0 0 0 0 0 1 13148 13148 13148 13148
0 0 1 0 0 0.998147 0 0 0 0 0 0.00422552 -0 0 0 -0 0 0 0 0 0 0 0 0 0 0 0 0 0 1 13148 13148 13148 13148
0 0 1 0 0 0.998169 0 0 0 0 0 0.00420493 -0 0 0 -0 0 0 0 0 0 0 0 0 0 0 0 0 0 1 13147.9 13147.9 13147.9 13147.9
0 0 1 0 0 0.99819 0 0 0 0 0 0.00418403 -0 0 0 -0 0 0 0 0 0 0 0 0 0 0 0 0 0 1 13147.9 13147.9 13147.9 13147.9
0 0 1 0 0 0.99821 0 0 0 0 0 0.0041641 -0 0 0 -0 0 0 0 0 0 0 0 0 0 0 0 0 0 1 13147.8 13147.8 13147.8 13147.8
0 0 1 0 0 0.998231 0 0 0 0 0 0.00414227 -0 0 0 -0 0 0 0 0 0 0 0 0 0 0 0 0 0 1 13147.8 13147.8 13147.8 13147.8
0 0 1 0 0 0.998252 0 0 0 0 0 0.00412 -0 0 0 -0 0 0 0 0 0 0 0 0 0 0 0 0 0 1 13147.7 13147.7 13147.7 13147.7
0 0 1 0 0 0.998273 0 0 0 0 0 0.00409745 -0 0 0 -0 0 0 0 0 0 0 0 0 0 0 0 0 0 1 13147.7 13147.7 13147.7 13147.7
0 0 1 0 0 0.998292 0 0 0 0 0 0.00407651 -0 0 0 -0 0 0 0 0 0 0 0 0 0 0 0 0 0 1 13147.6 13147.6 13147.6 13147.6
0 0 1 0 0 0.998313 0 0 0 0 0 0.00405305 -0 0 0 -0 0 0 0 0 0 0 0 0 0 0 0 0 0 1 13147.6 13147.6 13147.6 13147.6
0 0 1 0 0 0.998334 0 0 0 0 0 0.00402939 -0 0 0 -0 0 0 0 0 0 0 0 0 0 0 0 0 0 1 13147.6 13147.6 13147.6 13147.6
0 0 1 0 0 0.998357 0 0 0 0 0 0.0040022 -0 0 0 -0 0 0 0 0 0 0 0 0 0 0 0 0 0 1 13147.5 13147.5 13147.5 13147.5
0 0 1 0 0 0.998373 0 0 0 0 0 0.00398311 -0 0 0 -0 0 0 0 0 0 0 0 0 0 0 0 0 0 1 13147.5 13147.5 13147.5 13147.5
0 0 1 0 0 0.998393 0 0 0 0 0 0.0039585 -0 0 0 -0 0 0 0 0 0 0 0 0 0 0 0 0 0 1 13147.4 13147.4 13147.4 13147.4
0 0 1 0 0 0.998414 0 0 0 0 0 0.00393344 -0 0 0 -0 0 0 0 0 0 0 0 0 0 0 0 0 0 1 13147.4 13147.4 13147.4 13147.4
0 0 1 0 0 0.998433 0 0 0 0 0 0.00390867 -0 0 0 -0 0 0 0 0 0 0 0 0 0 0 0 0 0 1 13147.4 13147.4 13147.4 13147.4
0 0 1 0 0 0.998452 0 0 0 0 0 0.0038852 -0 0 0 -0 0 0 0 0 0 0 0 0 0 0 0 0 0 1 13147.3 13147.3 13147.3 13147.3
0 0 1 0 0 0.998472 0 0 0 0 0 0.00385945 -0 0 0 -0 0 0 0 0 0 0 0 0 0 0 0 0 0 1 13147.3 13147.3 13147.3 13147.3
0 0 1 0 0 0.998491 0 0 0 0 0 0.00383363 -0 0 0 -0 0 0 0 0 0 0 0 0 0 0 0 0 0 1 13147.3 13147.3 13147.3 13147.3
0 0 1 0 0 0.99851 0 0 0 0 0 0.00380812 -0 0 0 -0 0 0 0 0 0 0 0 0 0 0 0 0 0 1 13147.3 13147.3 13147.3 13147.3
0 0 1 0 0 0.998529 0 0 0 0 0 0.00378327 -0 0 0 -0 0 0 0 0 0 0 0 0 0 0 0 0 0 1 13147.2 13147.2 13147.2 13147.2
0 0 1 0 0 0.998548 0 0 0 0 0 0.00375647 -0 0 0 -0 0 0 0 0 0 0 0 0 0 0 0 0 0 1 13147.2 13147.2 13147.2 13147.2
0 0 1 0 0 0.998567 0 0 0 0 0 0.00372977 -0 0 0 -0 0 0 0 0 0 0 0 0 0 0 0 0 0 1 13147.2 13147.2 13147.2 13147.2
0 0 1 0 0 0.998586 0 0 0 0 0 0.00370298 -0 0 0 -0 0 0 0 0 0 0 0 0 0 0 0 0 0 1 13147.2 13147.2 13147.2 13147.2
0 0 1 0 0 0.998604 0 0 0 0 0 0.00367807 -0 0 0 -0 0 0 0 0 0 0 0 0 0 0 0 0 0 1 13147.1 13147.1 13147.1 13147.1
0 0 1 0 0 0.998623 0 0 0 0 0 0.00365047 -0 0 0 -0 0 0 0 0 0 0 0 0 0 0 0 0 0 1 13147.1 13147.1 13147.1 13147.1
0 0 1 0 0 0.998641 0 0 0 0 0 0.00362318 -0 0 0 -0 0 0 0 0 0 0 0 0 0 0 0 0 0 1 13147.1 13147.1 13147.1 13147.1
0 0 1 0 0 0.99866 0 0 0 0 0 0.00359543 -0 0 0 -0 0 0 0 0 0 0 0 0 0 0 0 0 0 1 13147.1 13147.1 13147.1 13147.1
0 0 1 0 0 0.998677 0 0 0 0 0 0.00356998 -0 0 0 -0 0 0 0 0 0 0 0 0 0 0 0 0 0 1 13147.1 13147.1 13147.1 13147.1
0 0 1 0 0 0.998695 0 0 0 0 0 0.00354239 -0 0 0 -0 0 0 0 0 0 0 0 0 0 0 0 0 0 1 13147.1 13147.1 13147.1 13147.1
0 0 1 0 0 0.998713 0 0 0 0 0 0.00351413 -0 0 0 -0 0 0 0 0 0 0 0 0 0 0 0 0 0 1 13147 13147 13147 13147
0 0 1 0 0 0.998731 0 0 0 0 0 0.00348597 -0 0 0 -0 0 0 0 0 0 0 0 0 0 0 0 0 0 1 13147 13147 13147 13147
0 0 1 0 0 0.998747 0 0 0 0 0 0.00346018 -0 0 0 -0 0 0 0 0 0 0 0 0 0 0 0 0 0 1 13147 13147 13147 13147
0 0 1 0 0 0.998764 0 0 0 0 0 0.00343265 -0 0 0 -0 0 0 0 0 0 0 0 0 0 0 0 0 0 1 13147 13147 13147 13147
0 0 1 0 0 0.998782 0 0 0 0 0 0.0034045 -0 0 0 -0 0 0 0 0 0 0 0 0 0 0 0 0 0 1 13147 13147 13147 13147
0 0 1 0 0 0.9988 0 0 0 0 0 0.00337503 -0 0 0 -0 0 0 0 0 0 0 0 0 0 0 0 0 0 1 13147 13147 13147 13147
0 0 1 0 0 0.998815 0 0 0 0 0 0.00334894 -0 0 0 -0 0 0 0 0 0 0 0 0 0 0 0 0 0 1 13147 13147 13147 13147
0 0 1 0 0 0.998833 0 0 0 0 0 0.00332031 -0 0 0 -0 0 0 0 0 0 0 0 0 0 0 0 0 0 1 13147 13147 13147 13147
0 0 1 0 0 0.99885 0 0 0 0 0 0.00329156 -0 0 0 -0 0 0 0 0 0 0 0 0 0 0 0 0 0 1 13147 13147 13147 13147
0 0 1 0 0 0.998866 0 0 0 0 0 0.00326303 -0 0 0 -0 0 0 0 0 0 0 0 0 0 0 0 0 0 1 13147 13147 13147 13147
0 0 1 0 0 0.998882 0 0 0 0 0 0.00323664 -0 0 0 -0 0 0 0 0 0 0 0 0 0 0 0 0 0 1 13147 13147 13147 13147
0 0 1 0 0 0.998898 0 0 0 0 0 0.00320772 -0 0 0 -0 0 0 0 0 0 0 0 0 0 0 0 0 0 1 13147 13147 13147 13147
0 0 1 0 0 0.998914 0 0 0 0 0 0.00317986 -0 0 0 -0 0 0 0 0 0 0 0 0 0 0 0 0 0 1 13147 13147 13147 13147
0 0 1 0 0 0.998931 0 0 0 0 0 0.00315005 -0 0 0 -0 0 0 0 0 0 0 0 0 0 0 0 0 0 1 13147 13147 13147 13147
0 0 1 0 0 0.998945 0 0 0 0 0 0.00312381 -0 0 0 -0 0 0 0 0 0 0 0 0 0 0 0 0 0 1 13147 13147 13147 13147
0 0 1 0 0 0.998961 0 0 0 0 0 0.00309538 -0 0 0 -0 0 0 0 0 0 0 0 0 0 0 0 0 0 1 13147 13147 13147 13147
0 0 1 0 0 0.998977 0 0 0 0 0 0.00306544 -0 0 0 -0 0 0 0 0 0 0 0 0 0 0 0 0 0 1 13147 13147 13147 13147
0 0 1 0 0 0.998993 0 0 0 0 0 0.00303728 -0 0 0 -0 0 0 0 0 0 0 0 0 0 0 0 0 0 1 13147 13147 13147 13147
0 0 1 0 0 0.999007 0 0 0 0 0 0.00301063 -0 0 0 -0 0 0 0 0 0 0 0 0 0 0 0 0 0 1 13147 13147 13147 13147
0 0 1 0 0 0.999022 0 0 0 0 0 0.0029819 -0 0 0 -0 0 0 0 0 0 0 0 0 0 0 0 0 0 1 13147 13147 13147 13147
0 0 1 0 0 0.999038 0 0 0 0 0 0.00295295 -0 0 0 -0 0 0 0 0 0 0 0 0 0 0 0 0 0 1 13147 13147 13147 13147
0 0 1 0 0 0.999053 0 0 0 0 0 0.00292418 -0 0 0 -0 0 0 0 0 0 0 0 0 0 0 0 0 0 1 13147 13147 13147 13147
0 0 1 0 0 0.999067 0 0 0 0 0 0.00289758 -0 0 0 -0 0 0 0 0 0 0 0 0 0 0 0 0 0 1 13147 13147 13147 13147
0 0 1 0 0 0.999081 0 0 0 0 0 0.00286901 -0 0 0 -0 0 0 0 0 0 0 0 0 0 0 0 0 0 1 13147 13147 13147 13147
0 0 1 0 0 0.999096 0 0 0 0 0 0.00284037 -0 0 0 -0 0 0 0 0 0 0 0 0 0 0 0 0 0 1 13147 13147 13147 13147
0 0 1 0 0 0.99911 0 0 0 0 0 0.00281203 -0 0 0 -0 0 0 0 0 0 0 0 0 0 0 0 0 0 1 13147 13147 13147 13147
0 0 1 0 0 0.999124 0 0 0 0 0 0.00278567 -0 0 0 -0 0 0 0 0 0 0 0 0 0 0 0 0 0 1 13147 13147 13147 13147
0 0 1 0 0 0.999138 0 0 0 0 0 0.00275721 -0 0 0 -0 0 0 0 0 0 0 0 0 0 0 0 0 0 1 13147 13147 13147 13147
0 0 1 0 0 0.999152 0 0 0 0 0 0.00272874 -0 0 0 -0 0 0 0 0 0 0 0 0 0 0 0 0 0 1 13147 13147 13147 13147
0 0 1 0 0 0.999165 0 0 0 0 0 0.00270132 -0 0 0 -0 0 0 0 0 0 0 0 0 0 0 0 0 0 1 13147 13147 13147 13147
0 0 1 0 0 0.999178 0 0 0 0 0 0.00267465 -0 0 0 -0 0 0 0 0 0 0 0 0 0 0 0 0 0 1 13147.1 13147.1 13147.1 13147.1
0 0 1 0 0 0.999192 0 0 0 0 0 0.00264628 -0 0 0 -0 0 0 0 0 0 0 0 0 0 0 0 0 0 1 13147.1 13147.1 13147.1 13147.1
0 0 1 0 0 0.999206 0 0 0 0 0 0.00261796 -0 0 0 -0 0 0 0 0 0 0 0 0 0 0 0 0 0 1 13147.1 13147.1 13147.1 13147.1
0 0 1 0 0 0.999219 0 0 0 0 0 0.00258993 -0 0 0 -0 0 0 0 0 0 0 0 0 0 0 0 0 0 1 13147.1 13147.1 13147.1 13147.1
0 0 1 0 0 0.999231 0 0 0 0 0 0.00256425 -0 0 0 -0 0 0 0 0 0 0 0 0 0 0 0 0 0 1 13147.1 13147.1 13147.1 13147.1
0 0 1 0 0 0.999244 0 0 0 0 0 0.00253663 -0 0 0 -0 0 0 0 0 0 0 0 0 0 0 0 0 0 1 13147.1 13147.1 13147.1 13147.1
0 0 1 0 0 0.999257 0 0 0 0 0 0.00250869 -0 0 0 -0 0 0 0 0 0 0 0 0 0 0 0 0 0 1 13147.1 13147.1 13147.1 13147.1
0 0 1 0 0 0.99927 0 0 0 0 0 0.00248192 -0 0 0 -0 0 0 0 0 0 0 0 0 0 0 0 0 0 1 13147.1 13147.1 13147.1 13147.1
0 0 1 0 0 0.999282 0 0 0 0 0 0.00245589 -0 0 0 -0 0 0 0 0 0 0 0 0 0 0 0 0 0 1 13147.2 13147.2 13147.2 13147.2
0 0 1 0 0 0.999294 0 0 0 0 0 0.00242842 -0 0 0 -0 0 0 0 0 0 0 0 0 0 0 0 0 0 1 13147.2 13147.2 13147.2 13147.2
0 0 1 0 0 0.999307 0 0 0 0 0 0.00240092 -0 0 0 -0 0 0 0 0 0 0 0 0 0 0 0 0 0 1 13147.2 13147.2 13147.2 13147.2
0 0 1 0 0 0.999319 0 0 0 0 0 0.00237373 -0 0 0 -0 0 0 0 0 0 0 0 0 0 0 0 0 0 1 13147.2 13147.2 13147.2 13147.2
0 0 1 0 0 0.99933 0 0 0 0 0 0.00234876 -0 0 0 -0 0 0 0 0 0 0 0 0 0 0 0 0 0 1 13147.2 13147.2 13147.2 13147.2
0 0 1 0 0 0.999342 0 0 0 0 0 0.00232202 -0 0 0 -0 0 0 0 0 0 0 0 0 0 0 0 0 0 1 13147.2 13147.2 13147.2 13147.2
0 0 1 0 0 0.999353 0 0 0 0 0 0.00229653 -0 0 0 -0 0 0 0 0 0 0 0 0 0 0 0 0 0 1 13147.3 13147.3 13147.3 13147.3
0 0 1 0 0 0.999365 0 0 0 0 0 0.00226826 -0 0 0 -0 0 0 0 0 0 0 0 0 0 0 0 0 0 1 13147.3 13147.3 13147.3 13147.3
0 0 1 0 0 0.999376 0 0 0 0 0 0.00224377 -0 0 0 -0 0 0 0 0 0 0 0 0 0 0 0 0 0 1 13147.3 13147.3 13147.3 13147.3
0 0 1 0 0 0.999387 0 0 0 0 0 0.0022174 -0 0 0 -0 0 0 0 0 0 0 0 0 0 0 0 0 0 1 13147.3 13147.3 13147.3 13147.3
0 0 1 0 0 0.999399 0 0 0 0 0 0.00219092 -0 0 0 -0 0 0 0 0 0 0 0 0 0 0 0 0 0 1 13147.3 13147.3 13147.3 13147.3
0 0 1 0 0 0.99941 0 0 0 0 0 0.0021655 -0 0 0 -0 0 0 0 0 0 0 0 0 0 0 0 0 0 1 13147.3 13147.3 13147.3 13147.3
0 0 1 0 0 0.99942 0 0 0 0 0 0.00214089 -0 0 0 -0 0 0 0 0 0 0 0 0 0 0 0 0 0 1 13147.4 13147.4 13147.4 13147.4
0 0 1 0 0 0.999431 0 0 0 0 0 0.00211481 -0 0 0 -0 0 0 0 0 0 0 0 0 0 0 0 0 0 1 13147.4 13147.4 13147.4 13147.4
0 0 1 0 0 0.999442 0 0 0 0 0 0.00208915 -0 0 0 -0 0 0 0 0 0 0 0 0 0 0 0 0 0 1 13147.4 13147.4 13147.4 13147.4
0 0 1 0 0 0.999453 0 0 0 0 0 0.00206345 -0 0 0 -0 0 0 0 0 0 0 0 0 0 0 0 0 0 1 13147.4 13147.4 13147.4 13147.4
0 0 1 0 0 0.999462 0 0 0 0 0 0.00203996 -0 0 0 -0 0 0 0 0 0 0 0 0 0 0 0 0 0 1 13147.4 13147.4 13147.4 13147.4
0 0 1 0 0 0.999473 0 0 0 0 0 0.00201481 -0 0 0 -0 0 0 0 0 0 0 0 0 0 0 0 0 0 1 13147.5 13147.5 13147.5 13147.5
0 0 1 0 0 0.999483 0 0 0 0 0 0.00198926 -0 0 0 -0 0 0 0 0 0 0 0 0 0 0 0 0 0 1 13147.5 13147.5 13147.5 13147.5
0 0 1 0 0 0.999493 0 0 0 0 0 0.00196432 -0 0 0 -0 0 0 0 0 0 0 0 0 0 0 0 0 0 1 13147.5 13147.5 13147.5 13147.5
0 0 1 0 0 0.999502 0 0 0 0 0 0.00194159 -0 0 0 -0 0 0 0 0 0 0 0 0 0 0 0 0 0 1 13147.5 13147.5 13147.5 13147.5
0 0 1 0 0 0.999512 0 0 0 0 0 0.0019166 -0 0 0 -0 0 0 0 0 0 0 0 0 0 0 0 0 0 1 13147.5 13147.5 13147.5 13147.5
0 0 1 0 0 0.999522 0 0 0 0 0 0.00189206 -0 0 0 -0 0 0 0 0 0 0 0 0 0 0 0 0 0 1 13147.6 13147.6 13147.6 13147.6
0 0 1 0 0 0.999532 0 0 0 0 0 0.00186769 -0 0 0 -0 0 0 0 0 0 0 0 0 0 0 0 0 0 1 13147.6 13147.6 13147.6 13147.6
0 0 1 0 0 0.99954 0 0 0 0 0 0.00184544 -0 0 0 -0 0 0 0 0 0 0 0 0 0 0 0 0 0 1 13147.6 13147.6 13147.6 13147.6
0 0 1 0 0 0.99955 0 0 0 0 0 0.00182129 -0 0 0 -0 0 0 0 0 0 0 0 0 0 0 0 0 0 1 13147.6 13147.6 13147.6 13147.6
0 0 1 0 0 0.99956 0 0 0 0 0 0.00179421 -0 0 0 -0 0 0 0 0 0 0 0 0 0 0 0 0 0 1 13147.7 13147.7 13147.7 13147.7
0 0 1 0 0 0.999568 0 0 0 0 0 0.00177371 -0 0 0 -0 0 0 0 0 0 0 0 0 0 0 0 0 0 1 13147.7 13147.7 13147.7 13147.7
0 0 1 0 0 0.999577 0 0 0 0 0 0.00175191 -0 0 0 -0 0 0 0 0 0 0 0 0 0 0 0 0 0 1 13147.7 13147.7 13147.7 13147.7
0 0 1 0 0 0.999586 0 0 0 0 0 0.00172853 -0 0 0 -0 0 0 0 0 0 0 0 0 0 0 0 0 0 1 13147.7 13147.7 13147.7 13147.7
0 0 1 0 0 0.999594 0 0 0 0 0 0.00170526 -0 0 0 -0 0 0 0 0 0 0 0 0 0 0 0 0 0 1 13147.7 13147.7 13147.7 13147.7
0 0 1 0 0 0.999603 0 0 0 0 0 0.00168314 -0 0 0 -0 0 0 0 0 0 0 0 0 0 0 0 0 0 1 13147.8 13147.8 13147.8 13147.8
0 0 1 0 0 0.999611 0 0 0 0 0 0.00166118 -0 0 0 -0 0 0 0 0 0 0 0 0 0 0 0 0 0 1 13147.8 13147.8 13147.8 13147.8
0 0 1 0 0 0.999619 0 0 0 0 0 0.00163848 -0 0 0 -0 0 0 0 0 0 0 0 0 0 0 0 0 0 1 13147.8 13147.8 13147.8 13147.8
0 0 1 0 0 0.999628 0 0 0 0 0 0.00161579 -0 0 0 -0 0 0 0 0 0 0 0 0 0 0 0 0 0 1 13147.8 13147.8 13147.8 13147.8
0 0 1 0 0 0.999636 0 0 0 0 0 0.0015934 -0 0 0 -0 0 0 0 0 0 0 0 0 0 0 0 0 0 1 13147.9 13147.9 13147.9 13147.9
0 0 1 0 0 0.999644 0 0 0 0 0 0.00157292 -0 0 0 -0 0 0 0 0 0 0 0 0 0 0 0 0 0 1 13147.9 13147.9 13147.9 13147.9
0 0 1 0 0 0.999651 0 0 0 0 0 0.00155126 -0 0 0 -0 0 0 0 0 0 0 0 0 0 0 0 0 0 1 13147.9 13147.9 13147.9 13147.9
0 0 1 0 0 0.999659 0 0 0 0 0 0.00152907 -0 0 0 -0 0 0 0 0 0 0 0 0 0 0 0 0 0 1 13147.9 13147.9 13147.9 13147.9
0 0 1 0 0 0.999667 0 0 0 0 0 0.0015071 -0 0 0 -0 0 0 0 0 0 0 0 0 0 0 0 0 0 1 13147.9 13147.9 13147.9 13147.9
0 0 1 0 0 0.999674 0 0 0 0 0 0.00148756 -0 0 0 -0 0 0 0 0 0 0 0 0 0 0 0 0 0 1 13148 13148 13148 13148
0 0 1 0 0 0.999682 0 0 0 0 0 0.00146622 -0 0 0 -0 0 0 0 0 0 0 0 0 0 0 0 0 0 1 13148 13148 13148 13148
0 0 1 0 0 0.999689 0 0 0 0 0 0.00144506 -0 0 0 -0 0 0 0 0 0 0 0 0 0 0 0 0 0 1 13148 13148 13148 13148
0 0 1 0 0 0.999697 0 0 0 0 0 0.00142405 -0 0 0 -0 0 0 0 0 0 0 0 0 0 0 0 0 0 1 13148 13148 13148 13148
0 0 1 0 0 0.999703 0 0 0 0 0 0.00140487 -0 0 0 -0 0 0 0 0 0 0 0 0 0 0 0 0 0 1 13148.1 13148.1 13148.1 13148.1
0 0 1 0 0 0.999711 0 0 0 0 0 0.00138421 -0 0 0 -0 0 0 0 0 0 0 0 0 0 0 0 0 0 1 13148.1 13148.1 13148.1 13148.1
0 0 1 0 0 0.999718 0 0 0 0 0 0.00136376 -0 0 0 -0 0 0 0 0 0 0 0 0 0 0 0 0 0 1 13148.1 13148.1 13148.1 13148.1
0 0 1 0 0 0.999725 0 0 0 0 0 0.00134143 -0 0 0 -0 0 0 0 0 0 0 0 0 0 0 0 0 0 1 13148.1 13148.1 13148.1 13148.1
0 0 1 0 0 0.999731 0 0 0 0 0 0.001325 -0 0 0 -0 0 0 0 0 0 0 0 0 0 0 0 0 0 1 13148.2 13148.2 13148.2 13148.2
0 0 1 0 0 0.999738 0 0 0 0 0 0.00130524 -0 0 0 -0 0 0 0 0 0 0 0 0 0 0 0 0 0 1 13148.2 13148.2 13148.2 13148.2
0 0 1 0 0 0.999744 0 0 0 0 0 0.00128549 -0 0 0 -0 0 0 0 0 0 0 0 0 0 0 0 0 0 1 13148.2 13148.2 13148.2 13148.2
0 0 1 0 0 0.999751 0 0 0 0 0 0.00126673 -0 0 0 -0 0 0 0 0 0 0 0 0 0 0 0 0 0 1 13148.2 13148.2 13148.2 13148.2
0 0 1 0 0 0.999757 0 0 0 0 0 0.00124788 -0 0 0 -0 0 0 0 0 0 0 0 0 0 0 0 0 0 1 13148.3 13148.3 13148.3 13148.3
0 0 1 0 0 0.999763 0 0 0 0 0 0.00122888 -0 0 0 -0 0 0 0 0 0 0 0 0 0 0 0 0 0 1 13148.3 13148.3 13148.3 13148.3
0 0 1 0 0 0.99977 0 0 0 0 0 0.00120961 -0 0 0 -0 0 0 0 0 0 0 0 0 0 0 0 0 0 1 13148.3 13148.3 13148.3 13148.3
0 0 1 0 0 0.999775 0 0 0 0 0 0.00119227 -0 0 0 -0 0 0 0 0 0 0 0 0 0 0 0 0 0 1 13148.3 13148.3 13148.3 13148.3
0 0 1 0 0 0.999781 0 0 0 0 0 0.00117376 -0 0 0 -0 0 0 0 0 0 0 0 0 0 0 0 0 0 1 13148.3 13148.3 13148.3 13148.3
0 0 1 0 0 0.999787 0 0 0 0 0 0.00115565 -0 0 0 -0 0 0 0 0 0 0 0 0 0 0 0 0 0 1 13148.4 13148.4 13148.4 13148.4
0 0 1 0 0 0.999793 0 0 0 0 0 0.00113762 -0 0 0 -0 0 0 0 0 0 0 0 0 0 0 0 0 0 1 13148.4 13148.4 13148.4 13148.4
0 0 1 0 0 0.999799 0 0 0 0 0 0.00112005 -0 0 0 -0 0 0 0 0 0 0 0 0 0 0 0 0 0 1 13148.4 13148.4 13148.4 13148.4
0 0 1 0 0 0.999804 0 0 0 0 0 0.00110207 -0 0 0 -0 0 0 0 0 0 0 0 0 0 0 0 0 0 1 13148.4 13148.4 13148.4 13148.4
0 0 1 0 0 0.99981 0 0 0 0 0 0.00108479 -0 0 0 -0 0 0 0 0 0 0 0 0 0 0 0 0 0 1 13148.5 13148.5 13148.5 13148.5
0 0 1 0 0 0.999815 0 0 0 0 0 0.00106765 -0 0 0 -0 0 0 0 0 0 0 0 0 0 0 0 0 0 1 13148.5 13148.5 13148.5 13148.5
0 0 1 0 0 0.99982 0 0 0 0 0 0.00105067 -0 0 0 -0 0 0 0 0 0 0 0 0 0 0 0 0 0 1 13148.5 13148.5 13148.5 13148.5
0 0 1 0 0 0.999826 0 0 0 0 0 0.00103358 -0 0 0 -0 0 0 0 0 0 0 0 0 0 0 0 0 0 1 13148.5 13148.5 13148.5 13148.5
0 0 1 0 0 0.999831 0 0 0 0 0 0.00101689 -0 0 0 -0 0 0 0 0 0 0 0 0 0 0 0 0 0 1 13148.6 13148.6 13148.6 13148.6
0 0 1 0 0 0.999836 0 0 0 0 0 0.00100038 -0 0 0 -0 0 0 0 0 0 0 0 0 0 0 0 0 0 1 13148.6 13148.6 13148.6 13148.6
0 0 1 0 0 0.999841 0 0 0 0 0 0.00098395 -0 0 0 -0 0 0 0 0 0 0 0 0 0 0 0 0 0 1 13148.6 13148.6 13148.6 13148.6
0 0 1 0 0 0.999846 0 0 0 0 0 0.000967516 -0 0 0 -0 0 0 0 0 0 0 0 0 0 0 0 0 0 1 13148.6 13148.6 13148.6 13148.6
0 0 1 0 0 0.999851 0 0 0 0 0 0.000951391 -0 0 0 -0 0 0 0 0 0 0 0 0 0 0 0 0 0 1 13148.6 13148.6 13148.6 13148.6
0 0 1 0 0 0.999855 0 0 0 0 0 0.000935688 -0 0 0 -0 0 0 0 0 0 0 0 0 0 0 0 0 0 1 13148.7 13148.7 13148.7 13148.7
0 0 1 0 0 0.99986 0 0 0 0 0 0.000919991 -0 0 0 -0 0 0 0 0 0 0 0 0 0 0 0 0 0 1 13148.7 13148.7 13148.7 13148.7
0 0 1 0 0 0.999865 0 0 0 0 0 0.00090439 -0 0 0 -0 0 0 0 0 0 0 0 0 0 0 0 0 0 1 13148.7 13148.7 13148.7 13148.7
0 0 1 0 0 0.999869 0 0 0 0 0 0.000889054 -0 0 0 -0 0 0 0 0 0 0 0 0 0 0 0 0 0 1 13148.7 13148.7 13148.7 13148.7
0 0 1 0 0 0.999874 0 0 0 0 0 0.000873898 -0 0 0 -0 0 0 0 0 0 0 0 0 0 0 0 0 0 1 13148.8 13148.8 13148.8 13148.8
0 0 1 0 0 0.999878 0 0 0 0 0 0.000858938 -0 0 0 -0 0 0 0 0 0 0 0 0 0 0 0 0 0 1 13148.8 13148.8 13148.8 13148.8
0 0 1 0 0 0.999882 0 0 0 0 0 0.000843764 -0 0 0 -0 0 0 0 0 0 0 0 0 0 0 0 0 0 1 13148.8 13148.8 13148.8 13148.8
0 0 1 0 0 0.999887 0 0 0 0 0 0.000829067 -0 0 0 -0 0 0 0 0 0 0 0 0 0 0 0 0 0 1 13148.8 13148.8 13148.8 13148.8
0 0 1 0 0 0.999891 0 0 0 0 0 0.000814692 -0 0 0 -0 0 0 0 0 0 0 0 0 0 0 0 0 0 1 13148.8 13148.8 13148.8 13148.8
0 0 1 0 0 0.999895 0 0 0 0 0 0.000800298 -0 0 0 -0 0 0 0 0 0 0 0 0 0 0 0 0 0 1 13148.9 13148.9 13148.9 13148.9
0 0 1 0 0 0.999899 0 0 0 0 0 0.000785952 -0 0 0 -0 0 0 0 0 0 0 0 0 0 0 0 0 0 1 13148.9 13148.9 13148.9 13148.9
0 0 1 0 0 0.999903 0 0 0 0 0 0.000771941 -0 0 0 -0 0 0 0 0 0 0 0 0 0 0 0 0 0 1 13148.9 13148.9 13148.9 13148.9
0 0 1 0 0 0.999907 0 0 0 0 0 0.000758131 -0 0 0 -0 0 0 0 0 0 0 0 0 0 0 0 0 0 1 13148.9 13148.9 13148.9 13148.9
0 0 1 0 0 0.99991 0 0 0 0 0 0.000744545 -0 0 0 -0 0 0 0 0 0 0 0 0 0 0 0 0 0 1 13149 13149 13149 13149
0 0 1 0 0 0.999914 0 0 0 0 0 0.000730765 -0 0 0 -0 0 0 0 0 0 0 0 0 0 0 0 0 0 1 13149 13149 13149 13149
0 0 1 0 0 0.999918 0 0 0 0 0 0.000717451 -0 0 0 -0 0 0 0 0 0 0 0 0 0 0 0 0 0 1 13149 13149 13149 13149
0 0 1 0 0 0.999921 0 0 0 0 0 0.000704183 -0 0 0 -0 0 0 0 0 0 0 0 0 0 0 0 0 0 1 13149 13149 13149 13149
0 0 1 0 0 0.999925 0 0 0 0 0 0.00069106 -0 0 0 -0 0 0 0 0 0 0 0 0 0 0 0 0 0 1 13149 13149 13149 13149
0 0 1 0 0 0.999928 0 0 0 0 0 0.000677771 -0 0 0 -0 0 0 0 0 0 0 0 0 0 0 0 0 0 1 13149.1 13149.1 13149.1 13149.1
0 0 1 0 0 0.999932 0 0 0 0 0 0.000665237 -0 0 0 -0 0 0 0 0 0 0 0 0 0 0 0 0 0 1 13149.1 13149.1 13149.1 13149.1
0 0 1 0 0 0.999935 0 0 0 0 0 0.000652049 -0 0 0 -0 0 0 0 0 0 0 0 0 0 0 0 0 0 1 13149.1 13149.1 13149.1 13149.1
0 0 1 0 0 0.999938 0 0 0 0 0 0.000640139 -0 0 0 -0 0 0 0 0 0 0 0 0 0 0 0 0 0 1 13149.1 13149.1 13149.1 13149.1
0 0 1 0 0 0.999941 0 0 0 0 0 0.000627893 -0 0 0 -0 0 0 0 0 0 0 0 0 0 0 0 0 0 1 13149.1 13149.1 13149.1 13149.1
0 0 1 0 0 0.999945 0 0 0 0 0 0.000615469 -0 0 0 -0 0 0 0 0 0 0 0 0 0 0 0 0 0 1 13149.2 13149.2 13149.2 13149.2
0 0 1 0 0 0.999948 0 0 0 0 0 0.000603109 -0 0 0 -0 0 0 0 0 0 0 0 0 0 0 0 0 0 1 13149.2 13149.2 13149.2 13149.2
0 0 1 0 0 0.999951 0 0 0 0 0 0.000591068 -0 0 0 -0 0 0 0 0 0 0 0 0 0 0 0 0 0 1 13149.2 13149.2 13149.2 13149.2
0 0 1 0 0 0.999954 0 0 0 0 0 0.000580072 -0 0 0 -0 0 0 0 0 0 0 0 0 0 0 0 0 0 1 13149.2 13149.2 13149.2 13149.2
0 0 1 0 0 0.999957 0 0 0 0 0 0.000568259 -0 0 0 -0 0 0 0 0 0 0 0 0 0 0 0 0 0 1 13149.2 13149.2 13149.2 13149.2
0 0 1 0 0 0.99996 0 0 0 0 0 0.000556579 -0 0 0 -0 0 0 0 0 0 0 0 0 0 0 0 0 0 1 13149.3 13149.3 13149.3 13149.3
0 0 1 0 0 0.999962 0 0 0 0 0 0.000545319 -0 0 0 -0 0 0 0 0 0 0 0 0 0 0 0 0 0 1 13149.3 13149.3 13149.3 13149.3
0 0 1 0 0 0.999965 0 0 0 0 0 0.000534651 -0 0 0 -0 0 0 0 0 0 0 0 0 0 0 0 0 0 1 13149.3 13149.3 13149.3 13149.3
0 0 1 0 0 0.999968 0 0 0 0 0 0.000523438 -0 0 0 -0 0 0 0 0 0 0 0 0 0 0 0 0 0 1 13149.3 13149.3 13149.3 13149.3
0 0 1 0 0 0.99997 0 0 0 0 0 0.000512338 -0 0 0 -0 0 0 0 0 0 0 0 0 0 0 0 0 0 1 13149.3 13149.3 13149.3 13149.3
0 0 1 0 0 0.999973 0 0 0 0 0 0.000501449 -0 0 0 -0 0 0 0 0 0 0 0 0 0 0 0 0 0 1 13149.4 13149.4 13149.4 13149.4
0 0 1 0 0 0.999975 0 0 0 0 0 0.000491447 -0 0 0 -0 0 0 0 0 0 0 0 0 0 0 0 0 0 1 13149.4 13149.4 13149.4 13149.4
0 0 1 0 0 0.999978 0 0 0 0 0 0.000480888 -0 0 0 -0 0 0 0 0 0 0 0 0 0 0 0 0 0 1 13149.4 13149.4 13149.4 13149.4
0 0 1 0 0 0.99998 0 0 0 0 0 0.000470279 -0 0 0 -0 0 0 0 0 0 0 0 0 0 0 0 0 0 1 13149.4 13149.4 13149.4 13149.4
0 0 1 0 0 0.999983 0 0 0 0 0 0.000459953 -0 0 0 -0 0 0 0 0 0 0 0 0 0 0 0 0 0 1 13149.4 13149.4 13149.4 13149.4
0 0 1 0 0 0.999985 0 0 0 0 0 0.000450645 -0 0 0 -0 0 0 0 0 0 0 0 0 0 0 0 0 0 1 13149.4 13149.4 13149.4 13149.4
0 0 1 0 0 0.999987 0 0 0 0 0 0.000440523 -0 0 0 -0 0 0 0 0 0 0 0 0 0 0 0 0 0 1 13149.5 13149.5 13149.5 13149.5
0 0 1 0 0 0.999989 0 0 0 0 0 0.0004306 -0 0 0 -0 0 0 0 0 0 0 0 0 0 0 0 0 0 1 13149.5 13149.5 13149.5 13149.5
0 0 1 0 0 0.999991 0 0 0 0 0 0.000421401 -0 0 0 -0 0 0 0 0 0 0 0 0 0 0 0 0 0 1 13149.5 13149.5 13149.5 13149.5
0 0 1 0 0 0.999994 0 0 0 0 0 0.000411958 -0 0 0 -0 0 0 0 0 0 0 0 0 0 0 0 0 0 1 13149.5 13149.5 13149.5 13149.5
0 0 1 0 0 0.999996 0 0 0 0 0 0.00040233 -0 0 0 -0 0 0 0 0 0 0 0 0 0 0 0 0 0 1 13149.5 13149.5 13149.5 13149.5
0 0 1 0 0 0.999998 0 0 0 0 0 0.000392999 -0 0 0 -0 0 0 0 0 0 0 0 0 0 0 0 0 0 1 13149.6 13149.6 13149.6 13149.6
0 0 1 0 0 1 0 0 0 0 0 0.00038374 -0 0 0 -0 0 0 0 0 0 0 0 0 0 0 0 0 0 1 13149.6 13149.6 13149.6 13149.6
0 0 1 0 0 1 0 0 0 0 0 0.000375328 -0 0 0 -0 0 0 0 0 0 0 0 0 0 0 0 0 0 1 13149.6 13149.6 13149.6 13149.6
0 0 1 0 0 1 0 0 0 0 0 0.000366162 -0 0 0 -0 0 0 0 0 0 0 0 0 0 0 0 0 0 1 13149.6 13149.6 13149.6 13149.6
0 0 1 0 0 1.00001 0 0 0 0 0 0.000357374 -0 0 0 -0 0 0 0 0 0 0 0 0 0 0 0 0 0 1 13149.6 13149.6 13149.6 13149.6
0 0 1 0 0 1.00001 0 0 0 0 0 0.000349137 -0 0 0 -0 0 0 0 0 0 0 0 0 0 0 0 0 0 1 13149.6 13149.6 13149.6 13149.6
0 0 1 0 0 1.00001 0 0 0 0 0 0.000340804 -0 0 0 -0 0 0 0 0 0 0 0 0 0 0 0 0 0 1 13149.7 13149.7 13149.7 13149.7
0 0 1 0 0 1.00001 0 0 0 0 0 0.000332314 -0 0 0 -0 0 0 0 0 0 0 0 0 0 0 0 0 0 1 13149.7 13149.7 13149.7 13149.7
0 0 1 0 0 1.00001 0 0 0 0 0 0.000323909 -0 0 0 -0 0 0 0 0 0 0 0 0 0 0 0 0 0 1 13149.7 13149.7 13149.7 13149.7
0 0 1 0 0 1.00001 0 0 0 0 0 0.000315685 -0 0 0 -0 0 0 0 0 0 0 0 0 0 0 0 0 0 1 13149.7 13149.7 13149.7 13149.7
0 0 1 0 0 1.00002 0 0 0 0 0 0.000308234 -0 0 0 -0 0 0 0 0 0 0 0 0 0 0 0 0 0 1 13149.7 13149.7 13149.7 13149.7
0 0 1 0 0 1.00002 0 0 0 0 0 0.000300288 -0 0 0 -0 0 0 0 0 0 0 0 0 0 0 0 0 0 1 13149.7 13149.7 13149.7 13149.7
0 0 1 0 0 1.00002 0 0 0 0 0 0.000292294 -0 0 0 -0 0 0 0 0 0 0 0 0 0 0 0 0 0 1 13149.7 13149.7 13149.7 13149.7
0 0 1 0 0 1.00002 0 0 0 0 0 0.000284603 -0 0 0 -0 0 0 0 0 0 0 0 0 0 0 0 0 0 1 13149.8 13149.8 13149.8 13149.8
0 0 1 0 0 1.00002 0 0 0 0 0 0.000277595 -0 0 0 -0 0 0 0 0 0 0 0 0 0 0 0 0 0 1 13149.8 13149.8 13149.8 13149.8
0 0 1 0 0 1.00002 0 0 0 0 0 0.000270072 -0 0 0 -0 0 0 0 0 0 0 0 0 0 0 0 0 0 1 13149.8 13149.8 13149.8 13149.8
0 0 1 0 0 1.00002 0 0 0 0 0 0.000261718 -0 0 0 -0 0 0 0 0 0 0 0 0 0 0 0 0 0 1 13149.8 13149.8 13149.8 13149.8
0 0 1 0 0 1.00003 0 0 0 0 0 0.00025584 -0 0 0 -0 0 0 0 0 0 0 0 0 0 0 0 0 0 1 13149.8 13149.8 13149.8 13149.8
0 0 1 0 0 1.00003 0 0 0 0 0 0.000248784 -0 0 0 -0 0 0 0 0 0 0 0 0 0 0 0 0 0 1 13149.8 13149.8 13149.8 13149.8
0 0 1 0 0 1.00003 0 0 0 0 0 0.000241699 -0 0 0 -0 0 0 0 0 0 0 0 0 0 0 0 0 0 1 13149.9 13149.9 13149.9 13149.9
0 0 1 0 0 1.00003 0 0 0 0 0 0.000234741 -0 0 0 -0 0 0 0 0 0 0 0 0 0 0 0 0 0 1 13149.9 13149.9 13149.9 13149.9
0 0 1 0 0 1.00003 0 0 0 0 0 0.000227847 -0 0 0 -0 0 0 0 0 0 0 0 0 0 0 0 0 0 1 13149.9 13149.9 13149.9 13149.9
0 0 1 0 0 1.00003 0 0 0 0 0 0.000221651 -0 0 0 -0 0 0 0 0 0 0 0 0 0 0 0 0 0 1 13149.9 13149.9 13149.9 13149.9
0 0 1 0 0 1.00003 0 0 0 0 0 0.000215081 -0 0 0 -0 0 0 0 0 0 0 0 0 0 0 0 0 0 1 13149.9 13149.9 13149.9 13149.9
0 0 1 0 0 1.00003 0 0 0 0 0 0.000208527 -0 0 0 -0 0 0 0 0 0 0 0 0 0 0 0 0 0 1 13149.9 13149.9 13149.9 13149.9
0 0 1 0 0 1.00003 0 0 0 0 0 0.000202467 -0 0 0 -0 0 0 0 0 0 0 0 0 0 0 0 0 0 1 13149.9 13149.9 13149.9 13149.9
0 0 1 0 0 1.00004 0 0 0 0 0 0.000196276 -0 0 0 -0 0 0 0 0 0 0 0 0 0 0 0 0 0 1 13149.9 13149.9 13149.9 13149.9
0 0 1 0 0 1.00004 0 0 0 0 0 0.000190127 -0 0 0 -0 0 0 0 0 0 0 0 0 0 0 0 0 0 1 13150 13150 13150 13150
0 0 1 0 0 1.00004 0 0 0 0 0 0.000183926 -0 0 0 -0 0 0 0 0 0 0 0 0 0 0 0 0 0 1 13150 13150 13150 13150
0 0 1 0 0 1.00004 0 0 0 0 0 0.000177986 -0 0 0 -0 0 0 0 0 0 0 0 0 0 0 0 0 0 1 13150 13150 13150 13150
0 0 1 0 0 1.00004 0 0 0 0 0 0.000172577 -0 0 0 -0 0 0 0 0 0 0 0 0 0 0 0 0 0 1 13150 13150 13150 13150
0 0 1 0 0 1.00004 0 0 0 0 0 0.000166719 -0 0 0 -0 0 0 0 0 0 0 0 0 0 0 0 0 0 1 13150 13150 13150 13150
0 0 1 0 0 1.00004 0 0 0 0 0 0.000160994 -0 0 0 -0 0 0 0 0 0 0 0 0 0 0 0 0 0 1 13150 13150 13150 13150
0 0 1 0 0 1.00004 0 0 0 0 0 0.00015538 -0 0 0 -0 0 0 0 0 0 0 0 0 0 0 0 0 0 1 13150 13150 13150 13150
0 0 1 0 0 1.00004 0 0 0 0 0 0.000150335 -0 0 0 -0 0 0 0 0 0 0 0 0 0 0 0 0 0 1 13150.1 13150.1 13150.1 13150.1
0 0 1 0 0 1.00004 0 0 0 0 0 0.000144963 -0 0 0 -0 0 0 0 0 0 0 0 0 0 0 0 0 0 1 13150.1 13150.1 13150.1 13150.1
0 0 1 0 0 1.00004 0 0 0 0 0 0.000139563 -0 0 0 -0 0 0 0 0 0 0 0 0 0 0 0 0 0 1 13150.1 13150.1 13150.1 13150.1
0 0 1 0 0 1.00004 0 0 0 0 0 0.000134127 -0 0 0 -0 0 0 0 0 0 0 0 0 0 0 0 0 0 1 13150.1 13150.1 13150.1 13150.1
0 0 1 0 0 1.00005 0 0 0 0 0 0.000129636 -0 0 0 -0 0 0 0 0 0 0 0 0 0 0 0 0 0 1 13150.1 13150.1 13150.1 13150.1
0 0 1 0 0 1.00005 0 0 0 0 0 0.000124613 -0 0 0 -0 0 0 0 0 0 0 0 0 0 0 0 0 0 1 13150.1 13150.1 13150.1 13150.1
0 0 1 0 0 1.00005 0 0 0 0 0 0.000119581 -0 0 0 -0 0 0 0 0 0 0 0 0 0 0 0 0 0 1 13150.1 13150.1 13150.1 13150.1
0 0 1 0 0 1.00005 0 0 0 0 0 0.000114818 -0 0 0 -0 0 0 0 0 0 0 0 0 0 0 0 0 0 1 13150.1 13150.1 13150.1 13150.1
0 0 1 0 0 1.00005 0 0 0 0 0 0.000110376 -0 0 0 -0 0 0 0 0 0 0 0 0 0 0 0 0 0 1 13150.1 13150.1 13150.1 13150.1
0 0 1 0 0 1.00005 0 0 0 0 0 0.000105676 -0 0 0 -0 0 0 0 0 0 0 0 0 0 0 0 0 0 1 13150.2 13150.2 13150.2 13150.2
0 0 1 0 0 1.00005 0 0 0 0 0 0.000101083 -0 0 0 -0 0 0 0 0 0 0 0 0 0 0 0 0 0 1 13150.2 13150.2 13150.2 13150.2
0 0 1 0 0 1.00005 0 0 0 0 0 9.68571e-05 -0 0 0 -0 0 0 0 0 0 0 0 0 0 0 0 0 0 1 13150.2 13150.2 13150.2 13150.2
0 0 1 0 0 1.00005 0 0 0 0 0 9.24119e-05 -0 0 0 -0 0 0 0 0 0 0 0 0 0 0 0 0 0 1 13150.2 13150.2 13150.2 13150.2
0 0 1 0 0 1.00005 0 0 0 0 0 8.81014e-05 -0 0 0 -0 0 0 0 0 0 0 0 0 0 0 0 0 0 1 13150.2 13150.2 13150.2 13150.2
0 0 1 0 0 1.00005 0 0 0 0 0 8.38069e-05 -0 0 0 -0 0 0 0 0 0 0 0 0 0 0 0 0 0 1 13150.2 13150.2 13150.2 13150.2
0 0 1 0 0 1.00005 0 0 0 0 0 7.96019e-05 -0 0 0 -0 0 0 0 0 0 0 0 0 0 0 0 0 0 1 13150.2 13150.2 13150.2 13150.2
0 0 1 0 0 1.00005 0 0 0 0 0 7.58186e-05 -0 0 0 -0 0 0 0 0 0 0 0 0 0 0 0 0 0 1 13150.2 13150.2 13150.2 13150.2
0 0 1 0 0 1.00005 0 0 0 0 0 7.18083e-05 -0 0 0 -0 0 0 0 0 0 0 0 0 0 0 0 0 0 1 13150.2 13150.2 13150.2 13150.2
0 0 1 0 0 1.00005 0 0 0 0 0 6.78411e-05 -0 0 0 -0 0 0 0 0 0 0 0 0 0 0 0 0 0 1 13150.3 13150.3 13150.3 13150.3
0 0 1 0 0 1.00005 0 0 0 0 0 6.39375e-05 -0 0 0 -0 0 0 0 0 0 0 0 0 0 0 0 0 0 1 13150.3 13150.3 13150.3 13150.3
0 0 1 0 0 1.00005 0 0 0 0 0 6.0458e-05 -0 0 0 -0 0 0 0 0 0 0 0 0 0 0 0 0 0 1 13150.3 13150.3 13150.3 13150.3
0 0 1 0 0 1.00005 0 0 0 0 0 5.67354e-05 -0 0 0 -0 0 0 0 0 0 0 0 0 0 0 0 0 0 1 13150.3 13150.3 13150.3 13150.3
0 0 1 0 0 1.00005 0 0 0 0 0 5.30664e-05 -0 0 0 -0 0 0 0 0 0 0 0 0 0 0 0 0 0 1 13150.3 13150.3 13150.3 13150.3
0 0 1 0 0 1.00005 0 0 0 0 0 4.93526e-05 -0 0 0 -0 0 0 0 0 0 0 0 0 0 0 0 0 0 1 13150.3 13150.3 13150.3 13150.3
0 0 1 0 0 1.00005 0 0 0 0 0 4.62792e-05 -0 0 0 -0 0 0 0 0 0 0 0 0 0 0 0 0 0 1 13150.3 13150.3 13150.3 13150.3
0 0 1 0 0 1.00005 0 0 0 0 0 4.28082e-05 -0 0 0 -0 0 0 0 0 0 0 0 0 0 0 0 0 0 1 13150.3 13150.3 13150.3 13150.3
0 0 1 0 0 1.00005 0 0 0 0 0 3.94378e-05 -0 0 0 -0 0 0 0 0 0 0 0 0 0 0 0 0 0 1 13150.3 13150.3 13150.3 13150.3
0 0 1 0 0 1.00005 0 0 0 0 0 3.61278e-05 -0 0 0 -0 0 0 0 0 0 0 0 0 0 0 0 0 0 1 13150.3 13150.3 13150.3 13150.3
0 0 1 0 0 1.00006 0 0 0 0 0 3.31519e-05 -0 0 0 -0 0 0 0 0 0 0 0 0 0 0 0 0 0 1 13150.3 13150.3 13150.3 13150.3
0 0 1 0 0 1.00006 0 0 0 0 0 2.99993e-05 -0 0 0 -0 0 0 0 0 0 0 0 0 0 0 0 0 0 1 13150.4 13150.4 13150.4 13150.4
0 0 1 0 0 1.00006 0 0 0 0 0 2.69009e-05 -0 0 0 -0 0 0 0 0 0 0 0 0 0 0 0 0 0 1 13150.4 13150.4 13150.4 13150.4
0 0 1 0 0 1.00006 0 0 0 0 0 2.39175e-05 -0 0 0 -0 0 0 0 0 0 0 0 0 0 0 0 0 0 1 13150.4 13150.4 13150.4 13150.4
0 0 1 0 0 1.00006 0 0 0 0 0 2.11526e-05 -0 0 0 -0 0 0 0 0 0 0 0 0 0 0 0 0 0 1 13150.4 13150.4 13150.4 13150.4
0 0 1 0 0 1.00006 0 0 0 0 0 1.82503e-05 -0 0 0 -0 0 0 0 0 0 0 0 0 0 0 0 0 0 1 13150.4 13150.4 13150.4 13150.4
0 0 1 0 0 1.00006 0 0 0 0 0 1.53672e-05 -0 0 0 -0 0 0 0 0 0 0 0 0 0 0 0 0 0 1 13150.4 13150.4 13150.4 13150.4
0 0 1 0 0 1.00006 0 0 0 0 0 1.25993e-05 -0 0 0 -0 0 0 0 0 0 0 0 0 0 0 0 0 0 1 13150.4 13150.4 13150.4 13150.4
0 0 1 0 0 1.00006 0 0 0 0 0 1.01294e-05 -0 0 0 -0 0 0 0 0 0 0 0 0 0 0 0 0 0 1 13150.4 13150.4 13150.4 13150.4
0 0 1 0 0 1.00006 0 0 0 0 0 7.46745e-06 -0 0 0 -0 0 0 0 0 0 0 0 0 0 0 0 0 0 1 13150.4 13150.4 13150.4 13150.4
0 0 1 0 0 1.00006 0 0 0 0 0 4.91104e-06 -0 0 0 -0 0 0 0 0 0 0 0 0 0 0 0 0 0 1 13150.4 13150.4 13150.4 13150.4
0 0 1 0 0 1.00006 0 0 0 0 0 2.30805e-06 -0 0 0 -0 0 0 0 0 0 0 0 0 0 0 0 0 0 1 13150.4 13150.4 13150.4 13150.4
0 0 1 0 0 1.00006 0 0 0 0 0 4.38631e-08 -0 0 0 -0 0 0 0 0 0 0 0 0 0 0 0 0 0 1 13150.4 13150.4 13150.4 13150.4
0 0 1 0 0 1.00006 0 0 0 0 0 -2.37299e-06 -0 0 0 -0 0 0 0 0 0 0 0 0 0 0 0 0 0 1 13150.4 13150.4 13150.4 13150.4
0 0 1 0 0 1.00006 0 0 0 0 0 -4.73833e-06 -0 0 0 -0 0 0 0 0 0 0 0 0 0 0 0 0 0 1 13150.5 13150.5 13150.5 13150.5
0 0 1 0 0 1.00006 0 0 0 0 0 -7.0517e-06 -0 0 0 -0 0 0 0 0 0 0 0 0 0 0 0 0 0 1 13150.5 13150.5 13150.5 13150.5
0 0 1 0 0 1.00006 0 0 0 0 0 -9.11764e-06 -0 0 0 -0 0 0 0 0 0 0 0 0 0 0 0 0 0 1 13150.5 13150.5 13150.5 13150.5
0 0 1 0 0 1.00006 0 0 0 0 0 -1.13145e-05 -0 0 0 -0 0 0 0 0 0 0 0 0 0 0 0 0 0 1 13150.5 13150.5 13150.5 13150.5
0 0 1 0 0 1.00006 0 0 0 0 0 -1.34794e-05 -0 0 0 -0 0 0 0 0 0 0 0 0 0 0 0 0 0 1 13150.5 13150.5 13150.5 13150.5
0 0 1 0 0 1.00006 0 0 0 0 0 -1.55665e-05 -0 0 0 -0 0 0 0 0 0 0 0 0 0 0 0 0 0 1 13150.5 13150.5 13150.5 13150.5
0 0 1 0 0 1.00006 0 0 0 0 0 -1.74473e-05 -0 0 0 -0 0 0 0 0 0 0 0 0 0 0 0 0 0 1 13150.5 13150.5 13150.5 13150.5
0 0 1 0 0 1.00006 0 0 0 0 0 -1.94333e-05 -0 0 0 -0 0 0 0 0 0 0 0 0 0 0 0 0 0 1 13150.5 13150.5 13150.5 13150.5
0 0 1 0 0 1.00006 0 0 0 0 0 -2.13779e-05 -0 0 0 -0 0 0 0 0 0 0 0 0 0 0 0 0 0 1 13150.5 13150.5 13150.5 13150.5
0 0 1 0 0 1.00006 0 0 0 0 0 -2.32763e-05 -0 0 0 -0 0 0 0 0 0 0 0 0 0 0 0 0 0 1 13150.5 13150.5 13150.5 13150.5
0 0 1 0 0 1.00006 0 0 0 0 0 -2.49557e-05 -0 0 0 -0 0 0 0 0 0 0 0 0 0 0 0 0 0 1 13150.5 13150.5 13150.5 13150.5
0 0 1 0 0 1.00006 0 0 0 0 0 -2.6759e-05 -0 0 0 -0 0 0 0 0 0 0 0 0 0 0 0 0 0 1 13150.5 13150.5 13150.5 13150.5
0 0 1 0 0 1.00006 0 0 0 0 0 -2.85002e-05 -0 0 0 -0 0 0 0 0 0 0 0 0 0 0 0 0 0 1 13150.5 13150.5 13150.5 13150.5
0 0 1 0 0 1.00005 0 0 0 0 0 -3.02126e-05 -0 0 0 -0 0 0 0 0 0 0 0 0 0 0 0 0 0 1 13150.5 13150.5 13150.5 13150.5
0 0 1 0 0 1.00005 0 0 0 0 0 -3.17394e-05 -0 0 0 -0 0 0 0 0 0 0 0 0 0 0 0 0 0 1 13150.5 13150.5 13150.5 13150.5
0 0 1 0 0 1.00005 0 0 0 0 0 -3.33379e-05 -0 0 0 -0 0 0 0 0 0 0 0 0 0 0 0 0 0 1 13150.6 13150.6 13150.6 13150.6
0 0 1 0 0 1.00005 0 0 0 0 0 -3.49062e-05 -0 0 0 -0 0 0 0 0 0 0 0 0 0 0 0 0 0 1 13150.6 13150.6 13150.6 13150.6
0 0 1 0 0 1.00005 0 0 0 0 0 -3.64482e-05 -0 0 0 -0 0 0 0 0 0 0 0 0 0 0 0 0 0 1 13150.6 13150.6 13150.6 13150.6
0 0 1 0 0 1.00005 0 0 0 0 0 -3.78022e-05 -0 0 0 -0 0 0 0 0 0 0 0 0 0 0 0 0 0 1 13150.6 13150.6 13150.6 13150.6
0 0 1 0 0 1.00005 0 0 0 0 0 -3.9235e-05 -0 0 0 -0 0 0 0 0 0 0 0 0 0 0 0 0 0 1 13150.6 13150.6 13150.6 13150.6
0 0 1 0 0 1.00005 0 0 0 0 0 -4.06481e-05 -0 0 0 -0 0 0 0 0 0 0 0 0 0 0 0 0 0 1 13150.6 13150.6 13150.6 13150.6
0 0 1 0 0 1.00005 0 0 0 0 0 -4.19998e-05 -0 0 0 -0 0 0 0 0 0 0 0 0 0 0 0 0 0 1 13150.6 13150.6 13150.6 13150.6
0 0 1 0 0 1.00005 0 0 0 0 0 -4.32056e-05 -0 0 0 -0 0 0 0 0 0 0 0 0 0 0 0 0 0 1 13150.6 13150.6 13150.6 13150.6
0 0 1 0 0 1.00005 0 0 0 0 0 -4.4475e-05 -0 0 0 -0 0 0 0 0 0 0 0 0 0 0 0 0 0 1 13150.6 13150.6 13150.6 13150.6
0 0 1 0 0 1.00005 0 0 0 0 0 -4.56605e-05 -0 0 0 -0 0 0 0 0 0 0 0 0 0 0 0 0 0 1 13150.6 13150.6 13150.6 13150.6
0 0 1 0 0 1.00005 0 0 0 0 0 -4.69026e-05 -0 0 0 -0 0 0 0 0 0 0 0 0 0 0 0 0 0 1 13150.6 13150.6 13150.6 13150.6
0 0 1 0 0 1.00005 0 0 0 0 0 -4.79726e-05 -0 0 0 -0 0 0 0 0 0 0 0 0 0 0 0 0 0 1 13150.6 13150.6 13150.6 13150.6
0 0 1 0 0 1.00005 0 0 0 0 0 -4.90851e-05 -0 0 0 -0 0 0 0 0 0 0 0 0 0 0 0 0 0 1 13150.6 13150.6 13150.6 13150.6
0 0 1 0 0 1.00005 0 0 0 0 0 -5.0119e-05 -0 0 0 -0 0 0 0 0 0 0 0 0 0 0 0 0 0 1 13150.6 13150.6 13150.6 13150.6
0 0 1 0 0 1.00005 0 0 0 0 0 -5.1232e-05 -0 0 0 -0 0 0 0 0 0 0 0 0 0 0 0 0 0 1 13150.6 13150.6 13150.6 13150.6
0 0 1 0 0 1.00005 0 0 0 0 0 -5.21559e-05 -0 0 0 -0 0 0 0 0 0 0 0 0 0 0 0 0 0 1 13150.6 13150.6 13150.6 13150.6
0 0 1 0 0 1.00005 0 0 0 0 0 -5.31389e-05 -0 0 0 -0 0 0 0 0 0 0 0 0 0 0 0 0 0 1 13150.6 13150.6 13150.6 13150.6
0 0 1 0 0 1.00005 0 0 0 0 0 -5.40891e-05 -0 0 0 -0 0 0 0 0 0 0 0 0 0 0 0 0 0 1 13150.6 13150.6 13150.6 13150.6
0 0 1 0 0 1.00005 0 0 0 0 0 -5.49978e-05 -0 0 0 -0 0 0 0 0 0 0 0 0 0 0 0 0 0 1 13150.6 13150.6 13150.6 13150.6
0 0 1 0 0 1.00005 0 0 0 0 0 -5.57983e-05 -0 0 0 -0 0 0 0 0 0 0 0 0 0 0 0 0 0 1 13150.6 13150.6 13150.6 13150.6
0 0 1 0 0 1.00005 0 0 0 0 0 -5.66409e-05 -0 0 0 -0 0 0 0 0 0 0 0 0 0 0 0 0 0 1 13150.6 13150.6 13150.6 13150.6
0 0 1 0 0 1.00005 0 0 0 0 0 -5.74708e-05 -0 0 0 -0 0 0 0 0 0 0 0 0 0 0 0 0 0 1 13150.7 13150.7 13150.7 13150.7
0 0 1 0 0 1.00005 0 0 0 0 0 -5.8236e-05 -0 0 0 -0 0 0 0 0 0 0 0 0 0 0 0 0 0 1 13150.7 13150.7 13150.7 13150.7
0 0 1 0 0 1.00005 0 0 0 0 0 -5.89249e-05 -0 0 0 -0 0 0 0 0 0 0 0 0 0 0 0 0 0 1 13150.7 13150.7 13150.7 13150.7
0 0 1 0 0 1.00005 0 0 0 0 0 -5.96563e-05 -0 0 0 -0 0 0 0 0 0 0 0 0 0 0 0 0 0 1 13150.7 13150.7 13150.7 13150.7
0 0 1 0 0 1.00005 0 0 0 0 0 -6.03519e-05 -0 0 0 -0 0 0 0 0 0 0 0 0 0 0 0 0 0 1 13150.7 13150.7 13150.7 13150.7
0 0 1 0 0 1.00005 0 0 0 0 0 -6.10146e-05 -0 0 0 -0 0 0 0 0 0 0 0 0 0 0 0 0 0 1 13150.7 13150.7 13150.7 13150.7
0 0 1 0 0 1.00005 0 0 0 0 0 -6.15912e-05 -0 0 0 -0 0 0 0 0 0 0 0 0 0 0 0 0 0 1 13150.7 13150.7 13150.7 13150.7
0 0 1 0 0 1.00005 0 0 0 0 0 -6.22008e-05 -0 0 0 -0 0 0 0 0 0 0 0 0 0 0 0 0 0 1 13150.7 13150.7 13150.7 13150.7
0 0 1 0 0 1.00005 0 0 0 0 0 -6.28943e-05 -0 0 0 -0 0 0 0 0 0 0 0 0 0 0 0 0 0 1 13150.7 13150.7 13150.7 13150.7
0 0 1 0 0 1.00005 0 0 0 0 0 -6.33354e-05 -0 0 0 -0 0 0 0 0 0 0 0 0 0 0 0 0 0 1 13150.7 13150.7 13150.7 13150.7
0 0 1 0 0 1.00005 0 0 0 0 0 -6.38181e-05 -0 0 0 -0 0 0 0 0 0 0 0 0 0 0 0 0 0 1 13150.7 13150.7 13150.7 13150.7
0 0 1 0 0 1.00005 0 0 0 0 0 -6.43201e-05 -0 0 0 -0 0 0 0 0 0 0 0 0 0 0 0 0 0 1 13150.7 13150.7 13150.7 13150.7
0 0 1 0 0 1.00005 0 0 0 0 0 -6.4799e-05 -0 0 0 -0 0 0 0 0 0 0 0 0 0 0 0 0 0 1 13150.7 13150.7 13150.7 13150.7
0 0 1 0 0 1.00005 0 0 0 0 0 -6.5243e-05 -0 0 0 -0 0 0 0 0 0 0 0 0 0 0 0 0 0 1 13150.7 13150.7 13150.7 13150.7
0 0 1 0 0 1.00005 0 0 0 0 0 -6.56375e-05 -0 0 0 -0 0 0 0 0 0 0 0 0 0 0 0 0 0 1 13150.7 13150.7 13150.7 13150.7
0 0 1 0 0 1.00005 0 0 0 0 0 -6.60419e-05 -0 0 0 -0 0 0 0 0 0 0 0 0 0 0 0 0 0 1 13150.7 13150.7 13150.7 13150.7
0 0 1 0 0 1.00004 0 0 0 0 0 -6.64245e-05 -0 0 0 -0 0 0 0 0 0 0 0 0 0 0 0 0 0 1 13150.7 13150.7 13150.7 13150.7
0 0 1 0 0 1.00004 0 0 0 0 0 -6.67744e-05 -0 0 0 -0 0 0 0 0 0 0 0 0 0 0 0 0 0 1 13150.7 13150.7 13150.7 13150.7
0 0 1 0 0 1.00004 0 0 0 0 0 -6.70787e-05 -0 0 0 -0 0 0 0 0 0 0 0 0 0 0 0 0 0 1 13150.7 13150.7 13150.7 13150.7
0 0 1 0 0 1.00004 0 0 0 0 0 -6.73857e-05 -0 0 0 -0 0 0 0 0 0 0 0 0 0 0 0 0 0 1 13150.7 13150.7 13150.7 13150.7
0 0 1 0 0 1.00004 0 0 0 0 0 -6.76757e-05 -0 0 0 -0 0 0 0 0 0 0 0 0 0 0 0 0 0 1 13150.7 13150.7 13150.7 13150.7
0 0 1 0 0 1.00004 0 0 0 0 0 -6.79465e-05 -0 0 0 -0 0 0 0 0 0 0 0 0 0 0 0 0 0 1 13150.7 13150.7 13150.7 13150.7
0 0 1 0 0 1.00004 0 0 0 0 0 -6.81752e-05 -0 0 0 -0 0 0 0 0 0 0 0 0 0 0 0 0 0 1 13150.7 13150.7 13150.7 13150.7
0 0 1 0 0 1.00004 0 0 0 0 0 -6.8399e-05 -0 0 0 -0 0 0 0 0 0 0 0 0 0 0 0 0 0 1 13150.7 13150.7 13150.7 13150.7
0 0 1 0 0 1.00004 0 0 0 0 0 -6.86027e-05 -0 0 0 -0 0 0 0 0 0 0 0 0 0 0 0 0 0 1 13150.7 13150.7 13150.7 13150.7
0 0 1 0 0 1.00004 0 0 0 0 0 -6.8791e-05 -0 0 0 -0 0 0 0 0 0 0 0 0 0 0 0 0 0 1 13150.7 13150.7 13150.7 13150.7
0 0 1 0 0 1.00004 0 0 0 0 0 -6.8943e-05 -0 0 0 -0 0 0 0 0 0 0 0 0 0 0 0 0 0 1 13150.7 13150.7 13150.7 13150.7
0 0 1 0 0 1.00004 0 0 0 0 0 -6.90934e-05 -0 0 0 -0 0 0 0 0 0 0 0 0 0 0 0 0 0 1 13150.7 13150.7 13150.7 13150.7
0 0 1 0 0 1.00004 0 0 0 0 0 -6.9222e-05 -0 0 0 -0 0 0 0 0 0 0 0 0 0 0 0 0 0 1 13150.7 13150.7 13150.7 13150.7
0 0 1 0 0 1.00004 0 0 0 0 0 -6.93511e-05 -0 0 0 -0 0 0 0 0 0 0 0 0 0 0 0 0 0 1 13150.7 13150.7 13150.7 13150.7
0 0 1 0 0 1.00004 0 0 0 0 0 -6.94228e-05 -0 0 0 -0 0 0 0 0 0 0 0 0 0 0 0 0 0 1 13150.7 13150.7 13150.7 13150.7
0 0 1 0 0 1.00004 0 0 0 0 0 -6.94996e-05 -0 0 0 -0 0 0 0 0 0 0 0 0 0 0 0 0 0 1 13150.7 13150.7 13150.7 13150.7
0 0 1 0 0 1.00004 0 0 0 0 0 -6.95613e-05 -0 0 0 -0 0 0 0 0 0 0 0 0 0 0 0 0 0 1 13150.7 13150.7 13150.7 13150.7
0 0 1 0 0 1.00004 0 0 0 0 0 -6.96089e-05 -0 0 0 -0 0 0 0 0 0 0 0 0 0 0 0 0 0 1 13150.8 13150.8 13150.8 13150.8
0 0 1 0 0 1.00004 0 0 0 0 0 -6.96312e-05 -0 0 0 -0 0 0 0 0 0 0 0 0 0 0 0 0 0 1 13150.8 13150.8 13150.8 13150.8
0 0 1 0 0 1.00004 0 0 0 0 0 -6.96408e-05 -0 0 0 -0 0 0 0 0 0 0 0 0 0 0 0 0 0 1 13150.8 13150.8 13150.8 13150.8
0 0 1 0 0 1.00004 0 0 0 0 0 -6.96356e-05 -0 0 0 -0 0 0 0 0 0 0 0 0 0 0 0 0 0 1 13150.8 13150.8 13150.8 13150.8
0 0 1 0 0 1.00004 0 0 0 0 0 -6.96155e-05 -0 0 0 -0 0 0 0 0 0 0 0 0 0 0 0 0 0 1 13150.8 13150.8 13150.8 13150.8
0 0 1 0 0 1.00004 0 0 0 0 0 -6.95829e-05 -0 0 0 -0 0 0 0 0 0 0 0 0 0 0 0 0 0 1 13150.8 13150.8 13150.8 13150.8
0 0 1 0 0 1.00004 0 0 0 0 0 -6.95338e-05 -0 0 0 -0 0 0 0 0 0 0 0 0 0 0 0 0 0 1 13150.8 13150.8 13150.8 13150.8
0 0 1 0 0 1.00004 0 0 0 0 0 -6.94769e-05 -0 0 0 -0 0 0 0 0 0 0 0 0 0 0 0 0 0 1 13150.8 13150.8 13150.8 13150.8
0 0 1 0 0 1.00004 0 0 0 0 0 -6.94034e-05 -0 0 0 -0 0 0 0 0 0 0 0 0 0 0 0 0 0 1 13150.8 13150.8 13150.8 13150.8
0 0 1 0 0 1.00004 0 0 0 0 0 -6.93245e-05 -0 0 0 -0 0 0 0 0 0 0 0 0 0 0 0 0 0 1 13150.8 13150.8 13150.8 13150.8
0 0 1 0 0 1.00004 0 0 0 0 0 -6.92229e-05 -0 0 0 -0 0 0 0 0 0 0 0 0 0 0 0 0 0 1 13150.8 13150.8 13150.8 13150.8
0 0 1 0 0 1.00004 0 0 0 0 0 -6.91133e-05 -0 0 0 -0 0 0 0 0 0 0 0 0 0 0 0 0 0 1 13150.8 13150.8 13150.8 13150.8
0 0 1 0 0 1.00003 0 0 0 0 0 -6.89893e-05 -0 0 0 -0 0 0 0 0 0 0 0 0 0 0 0 0 0 1 13150.8 13150.8 13150.8 13150.8
0 0 1 0 0 1.00003 0 0 0 0 0 -6.8862e-05 -0 0 0 -0 0 0 0 0 0 0 0 0 0 0 0 0 0 1 13150.8 13150.8 13150.8 13150.8
0 0 1 0 0 1.00003 0 0 0 0 0 -6.87151e-05 -0 0 0 -0 0 0 0 0 0 0 0 0 0 0 0 0 0 1 13150.8 13150.8 13150.8 13150.8
0 0 1 0 0 1.00003 0 0 0 0 0 -6.85536e-05 -0 0 0 -0 0 0 0 0 0 0 0 0 0 0 0 0 0 1 13150.8 13150.8 13150.8 13150.8
0 0 1 0 0 1.00003 0 0 0 0 0 -6.83849e-05 -0 0 0 -0 0 0 0 0 0 0 0 0 0 0 0 0 0 1 13150.8 13150.8 13150.8 13150.8
0 0 1 0 0 1.00003 0 0 0 0 0 -6.82151e-05 -0 0 0 -0 0 0 0 0 0 0 0 0 0 0 0 0 0 1 13150.8 13150.8 13150.8 13150.8
0 0 1 0 0 1.00003 0 0 0 0 0 -6.80255e-05 -0 0 0 -0 0 0 0 0 0 0 0 0 0 0 0 0 0 1 13150.8 13150.8 13150.8 13150.8
0 0 1 0 0 1.00003 0 0 0 0 0 -6.78195e-05 -0 0 0 -0 0 0 0 0 0 0 0 0 0 0 0 0 0 1 13150.8 13150.8 13150.8 13150.8
0 0 1 0 0 1.00003 0 0 0 0 0 -6.76078e-05 -0 0 0 -0 0 0 0 0 0 0 0 0 0 0 0 0 0 1 13150.8 13150.8 13150.8 13150.8
0 0 1 0 0 1.00003 0 0 0 0 0 -6.74011e-05 -0 0 0 -0 0 0 0 0 0 0 0 0 0 0 0 0 0 1 13150.8 13150.8 13150.8 13150.8
0 0 1 0 0 1.00003 0 0 0 0 0 -6.71665e-05 -0 0 0 -0 0 0 0 0 0 0 0 0 0 0 0 0 0 1 13150.8 13150.8 13150.8 13150.8
0 0 1 0 0 1.00003 0 0 0 0 0 -6.69233e-05 -0 0 0 -0 0 0 0 0 0 0 0 0 0 0 0 0 0 1 13150.8 13150.8 13150.8 13150.8
0 0 1 0 0 1.00003 0 0 0 0 0 -6.66734e-05 -0 0 0 -0 0 0 0 0 0 0 0 0 0 0 0 0 0 1 13150.8 13150.8 13150.8 13150.8
0 0 1 0 0 1.00003 0 0 0 0 0 -6.64377e-05 -0 0 0 -0 0 0 0 0 0 0 0 0 0 0 0 0 0 1 13150.8 13150.8 13150.8 13150.8
0 0 1 0 0 1.00003 0 0 0 0 0 -6.61705e-05 -0 0 0 -0 0 0 0 0 0 0 0 0 0 0 0 0 0 1 13150.8 13150.8 13150.8 13150.8
0 0 1 0 0 1.00003 0 0 0 0 0 -6.58984e-05 -0 0 0 -0 0 0 0 0 0 0 0 0 0 0 0 0 0 1 13150.8 13150.8 13150.8 13150.8
0 0 1 0 0 1.00003 0 0 0 0 0 -6.56182e-05 -0 0 0 -0 0 0 0 0 0 0 0 0 0 0 0 0 0 1 13150.8 13150.8 13150.8 13150.8
0 0 1 0 0 1.00003 0 0 0 0 0 -6.53545e-05 -0 0 0 -0 0 0 0 0 0 0 0 0 0 0 0 0 0 1 13150.8 13150.8 13150.8 13150.8
0 0 1 0 0 1.00003 0 0 0 0 0 -6.50587e-05 -0 0 0 -0 0 0 0 0 0 0 0 0 0 0 0 0 0 1 13150.8 13150.8 13150.8 13150.8
0 0 1 0 0 1.00003 0 0 0 0 0 -6.47562e-05 -0 0 0 -0 0 0 0 0 0 0 0 0 0 0 0 0 0 1 13150.8 13150.8 13150.8 13150.8
0 0 1 0 0 1.00003 0 0 0 0 0 -6.44361e-05 -0 0 0 -0 0 0 0 0 0 0 0 0 0 0 0 0 0 1 13150.8 13150.8 13150.8 13150.8
0 0 1 0 0 1.00003 0 0 0 0 0 -6.41549e-05 -0 0 0 -0 0 0 0 0 0 0 0 0 0 0 0 0 0 1 13150.8 13150.8 13150.8 13150.8
0 0 1 0 0 1.00003 0 0 0 0 0 -6.38281e-05 -0 0 0 -0 0 0 0 0 0 0 0 0 0 0 0 0 0 1 13150.8 13150.8 13150.8 13150.8
0 0 1 0 0 1.00003 0 0 0 0 0 -6.35078e-05 -0 0 0 -0 0 0 0 0 0 0 0 0 0 0 0 0 0 1 13150.8 13150.8 13150.8 13150.8
0 0 1 0 0 1.00003 0 0 0 0 0 -6.31536e-05 -0 0 0 -0 0 0 0 0 0 0 0 0 0 0 0 0 0 1 13150.8 13150.8 13150.8 13150.8
0 0 1 0 0 1.00003 0 0 0 0 0 -6.28399e-05 -0 0 0 -0 0 0 0 0 0 0 0 0 0 0 0 0 0 1 13150.8 13150.8 13150.8 13150.8
0 0 1 0 0 1.00003 0 0 0 0 0 -6.24886e-05 -0 0 0 -0 0 0 0 0 0 0 0 0 0 0 0 0 0 1 13150.8 13150.8 13150.8 13150.8
0 0 1 0 0 1.00003 0 0 0 0 0 -6.21376e-05 -0 0 0 -0 0 0 0 0 0 0 0 0 0 0 0 0 0 1 13150.8 13150.8 13150.8 13150.8
0 0 1 0 0 1.00003 0 0 0 0 0 -6.17741e-05 -0 0 0 -0 0 0 0 0 0 0 0 0 0 0 0 0 0 1 13150.8 13150.8 13150.8 13150.8
0 0 1 0 0 1.00003 0 0 0 0 0 -6.14363e-05 -0 0 0 -0 0 0 0 0 0 0 0 0 0 0 0 0 0 1 13150.8 13150.8 13150.8 13150.8
0 0 1 0 0 1.00002 0 0 0 0 0 -6.10718e-05 -0 0 0 -0 0 0 0 0 0 0 0 0 0 0 0 0 0 1 13150.8 13150.8 13150.8 13150.8
0 0 1 0 0 1.00002 0 0 0 0 0 -6.06955e-05 -0 0 0 -0 0 0 0 0 0 0 0 0 0 0 0 0 0 1 13150.8 13150.8 13150.8 13150.8
0 0 1 0 0 1.00002 0 0 0 0 0 -6.03169e-05 -0 0 0 -0 0 0 0 0 0 0 0 0 0 0 0 0 0 1 13150.8 13150.8 13150.8 13150.8
0 0 1 0 0 1.00002 0 0 0 0 0 -5.99582e-05 -0 0 0 -0 0 0 0 0 0 0 0 0 0 0 0 0 0 1 13150.8 13150.8 13150.8 13150.8
0 0 1 0 0 1.00002 0 0 0 0 0 -5.95805e-05 -0 0 0 -0 0 0 0 0 0 0 0 0 0 0 0 0 0 1 13150.8 13150.8 13150.8 13150.8
0 0 1 0 0 1.00002 0 0 0 0 0 -5.91882e-05 -0 0 0 -0 0 0 0 0 0 0 0 0 0 0 0 0 0 1 13150.8 13150.8 13150.8 13150.8
0 0 1 0 0 1.00002 0 0 0 0 0 -5.87973e-05 -0 0 0 -0 0 0 0 0 0 0 0 0 0 0 0 0 0 1 13150.8 13150.8 13150.8 13150.8
0 0 1 0 0 1.00002 0 0 0 0 0 -5.84309e-05 -0 0 0 -0 0 0 0 0 0 0 0 0 0 0 0 0 0 1 13150.8 13150.8 13150.8 13150.8
0 0 1 0 0 1.00002 0 0 0 0 0 -5.80321e-05 -0 0 0 -0 0 0 0 0 0 0 0 0 0 0 0 0 0 1 13150.8 13150.8 13150.8 13150.8
0 0 1 0 0 1.00002 0 0 0 0 0 -5.76232e-05 -0 0 0 -0 0 0 0 0 0 0 0 0 0 0 0 0 0 1 13150.8 13150.8 13150.8 13150.8
0 0 1 0 0 1.00002 0 0 0 0 0 -5.7218e-05 -0 0 0 -0 0 0 0 0 0 0 0 0 0 0 0 0 0 1 13150.8 13150.8 13150.8 13150.8
0 0 1 0 0 1.00002 0 0 0 0 0 -5.68377e-05 -0 0 0 -0 0 0 0 0 0 0 0 0 0 0 0 0 0 1 13150.8 13150.8 13150.8 13150.8
0 0 1 0 0 1.00002 0 0 0 0 0 -5.64216e-05 -0 0 0 -0 0 0 0 0 0 0 0 0 0 0 0 0 0 1 13150.8 13150.8 13150.8 13150.8
0 0 1 0 0 1.00002 0 0 0 0 0 -5.60089e-05 -0 0 0 -0 0 0 0 0 0 0 0 0 0 0 0 0 0 1 13150.8 13150.8 13150.8 13150.8
0 0 1 0 0 1.00002 0 0 0 0 0 -5.55832e-05 -0 0 0 -0 0 0 0 0 0 0 0 0 0 0 0 0 0 1 13150.8 13150.8 13150.8 13150.8
0 0 1 0 0 1.00002 0 0 0 0 0 -5.51965e-05 -0 0 0 -0 0 0 0 0 0 0 0 0 0 0 0 0 0 1 13150.8 13150.8 13150.8 13150.8
0 0 1 0 0 1.00002 0 0 0 0 0 -5.47221e-05 -0 0 0 -0 0 0 0 0 0 0 0 0 0 0 0 0 0 1 13150.8 13150.8 13150.8 13150.8
0 0 1 0 0 1.00002 0 0 0 0 0 -5.43455e-05 -0 0 0 -0 0 0 0 0 0 0 0 0 0 0 0 0 0 1 13150.8 13150.8 13150.8 13150.8
0 0 1 0 0 1.00002 0 0 0 0 0 -5.39196e-05 -0 0 0 -0 0 0 0 0 0 0 0 0 0 0 0 0 0 1 13150.8 13150.8 13150.8 13150.8
0 0 1 0 0 1.00002 0 0 0 0 0 -5.35254e-05 -0 0 0 -0 0 0 0 0 0 0 0 0 0 0 0 0 0 1 13150.8 13150.8 13150.8 13150.8
0 0 1 0 0 1.00002 0 0 0 0 0 -5.30989e-05 -0 0 0 -0 0 0 0 0 0 0 0 0 0 0 0 0 0 1 13150.8 13150.8 13150.8 13150.8
0 0 1 0 0 1.00002 0 0 0 0 0 -5.26679e-05 -0 0 0 -0 0 0 0 0 0 0 0 0 0 0 0 0 0 1 13150.8 13150.8 13150.8 13150.8
0 0 1 0 0 1.00002 0 0 0 0 0 -5.22331e-05 -0 0 0 -0 0 0 0 0 0 0 0 0 0 0 0 0 0 1 13150.8 13150.8 13150.8 13150.8
0 0 1 0 0 1.00002 0 0 0 0 0 -5.18331e-05 -0 0 0 -0 0 0 0 0 0 0 0 0 0 0 0 0 0 1 13150.8 13150.8 13150.8 13150.8
0 0 1 0 0 1.00002 0 0 0 0 0 -5.13906e-05 -0 0 0 -0 0 0 0 0 0 0 0 0 0 0 0 0 0 1 13150.8 13150.8 13150.8 13150.8
0 0 1 0 0 1.00002 0 0 0 0 0 -5.09595e-05 -0 0 0 -0 0 0 0 0 0 0 0 0 0 0 0 0 0 1 13150.8 13150.8 13150.8 13150.8
0 0 1 0 0 1.00002 0 0 0 0 0 -5.05167e-05 -0 0 0 -0 0 0 0 0 0 0 0 0 0 0 0 0 0 1 13150.8 13150.8 13150.8 13150.8
0 0 1 0 0 1.00002 0 0 0 0 0 -5.01235e-05 -0 0 0 -0 0 0 0 0 0 0 0 0 0 0 0 0 0 1 13150.8 13150.8 13150.8 13150.8
0 0 1 0 0 1.00002 0 0 0 0 0 -4.96855e-05 -0 0 0 -0 0 0 0 0 0 0 0 0 0 0 0 0 0 1 13150.8 13150.8 13150.8 13150.8
0 0 1 0 0 1.00002 0 0 0 0 0 -4.92263e-05 -0 0 0 -0 0 0 0 0 0 0 0 0 0 0 0 0 0 1 13150.8 13150.8 13150.8 13150.8
0 0 1 0 0 1.00002 0 0 0 0 0 -4.87932e-05 -0 0 0 -0 0 0 0 0 0 0 0 0 0 0 0 0 0 1 13150.8 13150.8 13150.8 13150.8
0 0 1 0 0 1.00002 0 0 0 0 0 -4.83815e-05 -0 0 0 -0 0 0 0 0 0 0 0 0 0 0 0 0 0 1 13150.8 13150.8 13150.8 13150.8
0 0 1 0 0 1.00002 0 0 0 0 0 -4.79427e-05 -0 0 0 -0 0 0 0 0 0 0 0 0 0 0 0 0 0 1 13150.8 13150.8 13150.8 13150.8
0 0 1 0 0 1.00002 0 0 0 0 0 -4.74995e-05 -0 0 0 -0 0 0 0 0 0 0 0 0 0 0 0 0 0 1 13150.8 13150.8 13150.8 13150.8
0 0 1 0 0 1.00002 0 0 0 0 0 -4.70557e-05 -0 0 0 -0 0 0 0 0 0 0 0 0 0 0 0 0 0 1 13150.8 13150.8 13150.8 13150.8
0 0 1 0 0 1.00002 0 0 0 0 0 -4.66513e-05 -0 0 0 -0 0 0 0 0 0 0 0 0 0 0 0 0 0 1 13150.8 13150.8 13150.8 13150.8
0 0 1 0 0 1.00002 0 0 0 0 0 -4.62051e-05 -0 0 0 -0 0 0 0 0 0 0 0 0 0 0 0 0 0 1 13150.8 13150.8 13150.8 13150.8
0 0 1 0 0 1.00002 0 0 0 0 0 -4.57194e-05 -0 0 0 -0 0 0 0 0 0 0 0 0 0 0 0 0 0 1 13150.8 13150.8 13150.8 13150.8
0 0 1 0 0 1.00001 0 0 0 0 0 -4.53215e-05 -0 0 0 -0 0 0 0 0 0 0 0 0 0 0 0 0 0 1 13150.8 13150.8 13150.8 13150.8
0 0 1 0 0 1.00001 0 0 0 0 0 -4.49128e-05 -0 0 0 -0 0 0 0 0 0 0 0 0 0 0 0 0 0 1 13150.8 13150.8 13150.8 13150.8
0 0 1 0 0 1.00001 0 0 0 0 0 -4.44793e-05 -0 0 0 -0 0 0 0 0 0 0 0 0 0 0 0 0 0 1 13150.8 13150.8 13150.8 13150.8
0 0 1 0 0 1.00001 0 0 0 0 0 -4.40437e-05 -0 0 0 -0 0 0 0 0 0 0 0 0 0 0 0 0 0 1 13150.8 13150.8 13150.8 13150.8
0 0 1 0 0 1.00001 0 0 0 0 0 -4.36065e-05 -0 0 0 -0 0 0 0 0 0 0 0 0 0 0 0 0 0 1 13150.8 13150.8 13150.8 13150.8
0 0 1 0 0 1.00001 0 0 0 0 0 -4.3207e-05 -0 0 0 -0 0 0 0 0 0 0 0 0 0 0 0 0 0 1 13150.8 13150.8 13150.8 13150.8
0 0 1 0 0 1.00001 0 0 0 0 0 -4.27697e-05 -0 0 0 -0 0 0 0 0 0 0 0 0 0 0 0 0 0 1 13150.8 13150.8 13150.8 13150.8
0 0 1 0 0 1.00001 0 0 0 0 0 -4.23334e-05 -0 0 0 -0 0 0 0 0 0 0 0 0 0 0 0 0 0 1 13150.8 13150.8 13150.8 13150.8
0 0 1 0 0 1.00001 0 0 0 0 0 -4.18969e-05 -0 0 0 -0 0 0 0 0 0 0 0 0 0 0 0 0 0 1 13150.8 13150.8 13150.8 13150.8
0 0 1 0 0 1.00001 0 0 0 0 0 -4.1497e-05 -0 0 0 -0 0 0 0 0 0 0 0 0 0 0 0 0 0 1 13150.8 13150.8 13150.8 13150.8
0 0 1 0 0 1.00001 0 0 0 0 0 -4.10616e-05 -0 0 0 -0 0 0 0 0 0 0 0 0 0 0 0 0 0 1 13150.8 13150.8 13150.8 13150.8
0 0 1 0 0 1.00001 0 0 0 0 0 -4.06294e-05 -0 0 0 -0 0 0 0 0 0 0 0 0 0 0 0 0 0 1 13150.8 13150.8 13150.8 13150.8
0 0 1 0 0 1.00001 0 0 0 0 0 -4.0199e-05 -0 0 0 -0 0 0 0 0 0 0 0 0 0 0 0 0 0 1 13150.8 13150.8 13150.8 13150.8
0 0 1 0 0 1.00001 0 0 0 0 0 -3.98074e-05 -0 0 0 -0 0 0 0 0 0 0 0 0 0 0 0 0 0 1 13150.8 13150.8 13150.8 13150.8
0 0 1 0 0 1.00001 0 0 0 0 0 -3.93773e-05 -0 0 0 -0 0 0 0 0 0 0 0 0 0 0 0 0 0 1 13150.8 13150.8 13150.8 13150.8
0 0 1 0 0 1.00001 0 0 0 0 0 -3.89479e-05 -0 0 0 -0 0 0 0 0 0 0 0 0 0 0 0 0 0 1 13150.8 13150.8 13150.8 13150.8
0 0 1 0 0 1.00001 0 0 0 0 0 -3.85201e-05 -0 0 0 -0 0 0 0 0 0 0 0 0 0 0 0 0 0 1 13150.8 13150.8 13150.8 13150.8
0 0 1 0 0 1.00001 0 0 0 0 0 -3.81334e-05 -0 0 0 -0 0 0 0 0 0 0 0 0 0 0 0 0 0 1 13150.8 13150.8 13150.8 13150.8
0 0 1 0 0 1.00001 0 0 0 0 0 -3.77109e-05 -0 0 0 -0 0 0 0 0 0 0 0 0 0 0 0 0 0 1 13150.8 13150.8 13150.8 13150.8
0 0 1 0 0 1.00001 0 0 0 0 0 -3.72887e-05 -0 0 0 -0 0 0 0 0 0 0 0 0 0 0 0 0 0 1 13150.8 13150.8 13150.8 13150.8
0 0 1 0 0 1.00001 0 0 0 0 0 -3.68253e-05 -0 0 0 -0 0 0 0 0 0 0 0 0 0 0 0 0 0 1 13150.8 13150.8 13150.8 13150.8
0 0 1 0 0 1.00001 0 0 0 0 0 -3.64882e-05 -0 0 0 -0 0 0 0 0 0 0 0 0 0 0 0 0 0 1 13150.8 13150.8 13150.8 13150.8
0 0 1 0 0 1.00001 0 0 0 0 0 -3.60729e-05 -0 0 0 -0 0 0 0 0 0 0 0 0 0 0 0 0 0 1 13150.8 13150.8 13150.8 13150.8
0 0 1 0 0 1.00001 0 0 0 0 0 -3.56586e-05 -0 0 0 -0 0 0 0 0 0 0 0 0 0 0 0 0 0 1 13150.8 13150.8 13150.8 13150.8
0 0 1 0 0 1.00001 0 0 0 0 0 -3.52443e-05 -0 0 0 -0 0 0 0 0 0 0 0 0 0 0 0 0 0 1 13150.8 13150.8 13150.8 13150.8
0 0 1 0 0 1.00001 0 0 0 0 0 -3.4871e-05 -0 0 0 -0 0 0 0 0 0 0 0 0 0 0 0 0 0 1 13150.8 13150.8 13150.8 13150.8
0 0 1 0 0 1.00001 0 0 0 0 0 -3.44623e-05 -0 0 0 -0 0 0 0 0 0 0 0 0 0 0 0 0 0 1 13150.8 13150.8 13150.8 13150.8
0 0 1 0 0 1.00001 0 0 0 0 0 -3.40567e-05 -0 0 0 -0 0 0 0 0 0 0 0 0 0 0 0 0 0 1 13150.8 13150.8 13150.8 13150.8
0 0 1 0 0 1.00001 0 0 0 0 0 -3.36473e-05 -0 0 0 -0 0 0 0 0 0 0 0 0 0 0 0 0 0 1 13150.8 13150.8 13150.8 13150.8
0 0 1 0 0 1.00001 0 0 0 0 0 -3.32782e-05 -0 0 0 -0 0 0 0 0 0 0 0 0 0 0 0 0 0 1 13150.8 13150.8 13150.8 13150.8
0 0 1 0 0 1.00001 0 0 0 0 0 -3.28805e-05 -0 0 0 -0 0 0 0 0 0 0 0 0 0 0 0 0 0 1 13150.8 13150.8 13150.8 13150.8
0 0 1 0 0 1.00001 0 0 0 0 0 -3.2484e-05 -0 0 0 -0 0 0 0 0 0 0 0 0 0 0 0 0 0 1 13150.8 13150.8 13150.8 13150.8
0 0 1 0 0 1.00001 0 0 0 0 0 -3.20918e-05 -0 0 0 -0 0 0 0 0 0 0 0 0 0 0 0 0 0 1 13150.8 13150.8 13150.8 13150.8
0 0 1 0 0 1.00001 0 0 0 0 0 -3.17326e-05 -0 0 0 -0 0 0 0 0 0 0 0 0 0 0 0 0 0 1 13150.8 13150.8 13150.8 13150.8
0 0 1 0 0 1.00001 0 0 0 0 0 -3.13417e-05 -0 0 0 -0 0 0 0 0 0 0 0 0 0 0 0 0 0 1 13150.8 13150.8 13150.8 13150.8
0 0 1 0 0 1.00001 0 0 0 0 0 -3.09482e-05 -0 0 0 -0 0 0 0 0 0 0 0 0 0 0 0 0 0 1 13150.8 13150.8 13150.8 13150.8
0 0 1 0 0 1.00001 0 0 0 0 0 -3.05639e-05 -0 0 0 -0 0 0 0 0 0 0 0 0 0 0 0 0 0 1 13150.8 13150.8 13150.8 13150.8
0 0 1 0 0 1.00001 0 0 0 0 0 -3.021e-05 -0 0 0 -0 0 0 0 0 0 0 0 0 0 0 0 0 0 1 13150.8 13150.8 13150.8 13150.8
0 0 1 0 0 1.00001 0 0 0 0 0 -2.98252e-05 -0 0 0 -0 0 0 0 0 0 0 0 0 0 0 0 0 0 1 13150.8 13150.8 13150.8 13150.8
0 0 1 0 0 1.00001 0 0 0 0 0 -2.94461e-05 -0 0 0 -0 0 0 0 0 0 0 0 0 0 0 0 0 0 1 13150.8 13150.8 13150.8 13150.8
0 0 1 0 0 1.00001 0 0 0 0 0 -2.90653e-05 -0 0 0 -0 0 0 0 0 0 0 0 0 0 0 0 0 0 1 13150.8 13150.8 13150.8 13150.8
0 0 1 0 0 1.00001 0 0 0 0 0 -2.87247e-05 -0 0 0 -0 0 0 0 0 0 0 0 0 0 0 0 0 0 1 13150.8 13150.8 13150.8 13150.8
0 0 1 0 0 1.00001 0 0 0 0 0 -2.83549e-05 -0 0 0 -0 0 0 0 0 0 0 0 0 0 0 0 0 0 1 13150.8 13150.8 13150.8 13150.8
0 0 1 0 0 1.00001 0 0 0 0 0 -2.7983e-05 -0 0 0 -0 0 0 0 0 0 0 0 0 0 0 0 0 0 1 13150.8 13150.8 13150.8 13150.8
0 0 1 0 0 1.00001 0 0 0 0 0 -2.76169e-05 -0 0 0 -0 0 0 0 0 0 0 0 0 0 0 0 0 0 1 13150.8 13150.8 13150.8 13150.8
0 0 1 0 0 1.00001 0 0 0 0 0 -2.72826e-05 -0 0 0 -0 0 0 0 0 0 0 0 0 0 0 0 0 0 1 13150.8 13150.8 13150.8 13150.8
0 0 1 0 0 1.00001 0 0 0 0 0 -2.69193e-05 -0 0 0 -0 0 0 0 0 0 0 0 0 0 0 0 0 0 1 13150.8 13150.8 13150.8 13150.8
0 0 1 0 0 1.00001 0 0 0 0 0 -2.65578e-05 -0 0 0 -0 0 0 0 0 0 0 0 0 0 0 0 0 0 1 13150.8 13150.8 13150.8 13150.8
0 0 1 0 0 1.00001 0 0 0 0 0 -2.62043e-05 -0 0 0 -0 0 0 0 0 0 0 0 0 0 0 0 0 0 1 13150.8 13150.8 13150.8 13150.8
0 0 1 0 0 1.00001 0 0 0 0 0 -2.58768e-05 -0 0 0 -0 0 0 0 0 0 0 0 0 0 0 0 0 0 1 13150.8 13150.8 13150.8 13150.8
0 0 1 0 0 1.00001 0 0 0 0 0 -2.55237e-05 -0 0 0 -0 0 0 0 0 0 0 0 0 0 0 0 0 0 1 13150.8 13150.8 13150.8 13150.8
0 0 1 0 0 1.00001 0 0 0 0 0 -2.51765e-05 -0 0 0 -0 0 0 0 0 0 0 0 0 0 0 0 0 0 1 13150.8 13150.8 13150.8 13150.8
0 0 1 0 0 1.00001 0 0 0 0 0 -2.48256e-05 -0 0 0 -0 0 0 0 0 0 0 0 0 0 0 0 0 0 1 13150.8 13150.8 13150.8 13150.8
0 0 1 0 0 1.00001 0 0 0 0 0 -2.45096e-05 -0 0 0 -0 0 0 0 0 0 0 0 0 0 0 0 0 0 1 13150.8 13150.8 13150.8 13150.8
0 0 1 0 0 1.00001 0 0 0 0 0 -2.41689e-05 -0 0 0 -0 0 0 0 0 0 0 0 0 0 0 0 0 0 1 13150.8 13150.8 13150.8 13150.8
0 0 1 0 0 1.00001 0 0 0 0 0 -2.38292e-05 -0 0 0 -0 0 0 0 0 0 0 0 0 0 0 0 0 0 1 13150.8 13150.8 13150.8 13150.8
0 0 1 0 0 1.00001 0 0 0 0 0 -2.34961e-05 -0 0 0 -0 0 0 0 0 0 0 0 0 0 0 0 0 0 1 13150.8 13150.8 13150.8 13150.8
0 0 1 0 0 1.00001 0 0 0 0 0 -2.31922e-05 -0 0 0 -0 0 0 0 0 0 0 0 0 0 0 0 0 0 1 13150.8 13150.8 13150.8 13150.8
0 0 1 0 0 1.00001 0 0 0 0 0 -2.28591e-05 -0 0 0 -0 0 0 0 0 0 0 0 0 0 0 0 0 0 1 13150.8 13150.8 13150.8 13150.8
0 0 1 0 0 1 0 0 0 0 0 -2.25355e-05 -0 0 0 -0 0 0 0 0 0 0 0 0 0 0 0 0 0 1 13150.8 13150.8 13150.8 13150.8
0 0 1 0 0 1 0 0 0 0 0 -2.22089e-05 -0 0 0 -0 0 0 0 0 0 0 0 0 0 0 0 0 0 1 13150.8 13150.8 13150.8 13150.8
0 0 1 0 0 1 0 0 0 0 0 -2.19122e-05 -0 0 0 -0 0 0 0 0 0 0 0 0 0 0 0 0 0 1 13150.8 13150.8 13150.8 13150.8
0 0 1 0 0 1 0 0 0 0 0 -2.16019e-05 -0 0 0 -0 0 0 0 0 0 0 0 0 0 0 0 0 0 1 13150.8 13150.8 13150.8 13150.8
0 0 1 0 0 1 0 0 0 0 0 -2.12755e-05 -0 0 0 -0 0 0 0 0 0 0 0 0 0 0 0 0 0 1 13150.8 13150.8 13150.8 13150.8
0 0 1 0 0 1 0 0 0 0 0 -2.09846e-05 -0 0 0 -0 0 0 0 0 0 0 0 0 0 0 0 0 0 1 13150.8 13150.8 13150.8 13150.8
0 0 1 0 0 1 0 0 0 0 0 -2.06521e-05 -0 0 0 -0 0 0 0 0 0 0 0 0 0 0 0 0 0 1 13150.8 13150.8 13150.8 13150.8
0 0 1 0 0 1 0 0 0 0 0 -2.03645e-05 -0 0 0 -0 0 0 0 0 0 0 0 0 0 0 0 0 0 1 13150.8 13150.8 13150.8 13150.8
0 0 1 0 0 1 0 0 0 0 0 -2.00613e-05 -0 0 0 -0 0 0 0 0 0 0 0 0 0 0 0 0 0 1 13150.8 13150.8 13150.8 13150.8
0 0 1 0 0 1 0 0 0 0 0 -1.97585e-05 -0 0 0 -0 0 0 0 0 0 0 0 0 0 0 0 0 0 1 13150.8 13150.8 13150.8 13150.8
0 0 1 0 0 1 0 0 0 0 0 -1.94819e-05 -0 0 0 -0 0 0 0 0 0 0 0 0 0 0 0 0 0 1 13150.8 13150.8 13150.8 13150.8
0 0 1 0 0 1 0 0 0 0 0 -1.91836e-05 -0 0 0 -0 0 0 0 0 0 0 0 0 0 0 0 0 0 1 13150.8 13150.8 13150.8 13150.8
0 0 1 0 0 1 0 0 0 0 0 -1.88893e-05 -0 0 0 -0 0 0 0 0 0 0 0 0 0 0 0 0 0 1 13150.8 13150.8 13150.8 13150.8
0 0 1 0 0 1 0 0 0 0 0 -1.85935e-05 -0 0 0 -0 0 0 0 0 0 0 0 0 0 0 0 0 0 1 13150.8 13150.8 13150.8 13150.8
0 0 1 0 0 1 0 0 0 0 0 -1.833e-05 -0 0 0 -0 0 0 0 0 0 0 0 0 0 0 0 0 0 1 13150.8 13150.8 13150.8 13150.8
0 0 1 0 0 1 0 0 0 0 0 -1.80443e-05 -0 0 0 -0 0 0 0 0 0 0 0 0 0 0 0 0 0 1 13150.8 13150.8 13150.8 13150.8
0 0 1 0 0 1 0 0 0 0 0 -1.77627e-05 -0 0 0 -0 0 0 0 0 0 0 0 0 0 0 0 0 0 1 13150.8 13150.8 13150.8 13150.8
0 0 1 0 0 1 0 0 0 0 0 -1.74816e-05 -0 0 0 -0 0 0 0 0 0 0 0 0 0 0 0 0 0 1 13150.8 13150.8 13150.8 13150.8
0 0 1 0 0 1 0 0 0 0 0 -1.72248e-05 -0 0 0 -0 0 0 0 0 0 0 0 0 0 0 0 0 0 1 13150.8 13150.8 13150.8 13150.8
0 0 1 0 0 1 0 0 0 0 0 -1.69519e-05 -0 0 0 -0 0 0 0 0 0 0 0 0 0 0 0 0 0 1 13150.8 13150.8 13150.8 13150.8
0 0 1 0 0 1 0 0 0 0 0 -1.66793e-05 -0 0 0 -0 0 0 0 0 0 0 0 0 0 0 0 0 0 1 13150.8 13150.8 13150.8 13150.8
0 0 1 0 0 1 0 0 0 0 0 -1.64052e-05 -0 0 0 -0 0 0 0 0 0 0 0 0 0 0 0 0 0 1 13150.8 13150.8 13150.8 13150.8
0 0 1 0 0 1 0 0 0 0 0 -1.61623e-05 -0 0 0 -0 0 0 0 0 0 0 0 0 0 0 0 0 0 1 13150.8 13150.8 13150.8 13150.8
0 0 1 0 0 1 0 0 0 0 0 -1.58643e-05 -0 0 0 -0 0 0 0 0 0 0 0 0 0 0 0 0 0 1 13150.8 13150.8 13150.8 13150.8
0 0 1 0 0 1 0 0 0 0 0 -1.56315e-05 -0 0 0 -0 0 0 0 0 0 0 0 0 0 0 0 0 0 1 13150.8 13150.8 13150.8 13150.8
0 0 1 0 0 1 0 0 0 0 0 -1.53743e-05 -0 0 0 -0 0 0 0 0 0 0 0 0 0 0 0 0 0 1 13150.8 13150.8 13150.8 13150.8
0 0 1 0 0 1 0 0 0 0 0 -1.51383e-05 -0 0 0 -0 0 0 0 0 0 0 0 0 0 0 0 0 0 1 13150.8 13150.8 13150.8 13150.8
0 0 1 0 0 1 0 0 0 0 0 -1.48856e-05 -0 0 0 -0 0 0 0 0 0 0 0 0 0 0 0 0 0 1 13150.8 13150.8 13150.8 13150.8
0 0 1 0 0 1 0 0 0 0 0 -1.46364e-05 -0 0 0 -0 0 0 0 0 0 0 0 0 0 0 0 0 0 1 13150.8 13150.8 13150.8 13150.8
0 0 1 0 0 1 0 0 0 0 0 -1.43841e-05 -0 0 0 -0 0 0 0 0 0 0 0 0 0 0 0 0 0 1 13150.8 13150.8 13150.8 13150.8
0 0 1 0 0 1 0 0 0 0 0 -1.4163e-05 -0 0 0 -0 0 0 0 0 0 0 0 0 0 0 0 0 0 1 13150.8 13150.8 13150.8 13150.8
0 0 1 0 0 1 0 0 0 0 0 -1.39179e-05 -0 0 0 -0 0 0 0 0 0 0 0 0 0 0 0 0 0 1 13150.8 13150.8 13150.8 13150.8
0 0 1 0 0 1 0 0 0 0 0 -1.36756e-05 -0 0 0 -0 0 0 0 0 0 0 0 0 0 0 0 0 0 1 13150.8 13150.8 13150.8 13150.8
0 0 1 0 0 1 0 0 0 0 0 -1.34399e-05 -0 0 0 -0 0 0 0 0 0 0 0 0 0 0 0 0 0 1 13150.8 13150.8 13150.8 13150.8
0 0 1 0 0 1 0 0 0 0 0 -1.32205e-05 -0 0 0 -0 0 0 0 0 0 0 0 0 0 0 0 0 0 1 13150.8 13150.8 13150.8 13150.8
0 0 1 0 0 1 0 0 0 0 0 -1.29898e-05 -0 0 0 -0 0 0 0 0 0 0 0 0 0 0 0 0 0 1 13150.8 13150.8 13150.8 13150.8
0 0 1 0 0 1 0 0 0 0 0 -1.27581e-05 -0 0 0 -0 0 0 0 0 0 0 0 0 0 0 0 0 0 1 13150.8 13150.8 13150.8 13150.8
0 0 1 0 0 1 0 0 0 0 0 -1.2531e-05 -0 0 0 -0 0 0 0 0 0 0 0 0 0 0 0 0 0 1 13150.8 13150.8 13150.8 13150.8
0 0 1 0 0 1 0 0 0 0 0 -1.23219e-05 -0 0 0 -0 0 0 0 0 0 0 0 0 0 0 0 0 0 1 13150.8 13150.8 13150.8 13150.8
0 0 1 0 0 1 0 0 0 0 0 -1.21001e-05 -0 0 0 -0 0 0 0 0 0 0 0 0 0 0 0 0 0 1 13150.8 13150.8 13150.8 13150.8
0 0 1 0 0 1 0 0 0 0 0 -1.18786e-05 -0 0 0 -0 0 0 0 0 0 0 0 0 0 0 0 0 0 1 13150.8 13150.8 13150.8 13150.8
0 0 1 0 0 1 0 0 0 0 0 -1.16606e-05 -0 0 0 -0 0 0 0 0 0 0 0 0 0 0 0 0 0 1 13150.8 13150.8 13150.8 13150.8
0 0 1 0 0 1 0 0 0 0 0 -1.1463e-05 -0 0 0 -0 0 0 0 0 0 0 0 0 0 0 0 0 0 1 13150.8 13150.8 13150.8 13150.8
0 0 1 0 0 1 0 0 0 0 0 -1.12473e-05 -0 0 0 -0 0 0 0 0 0 0 0 0 0 0 0 0 0 1 13150.8 13150.8 13150.8 13150.8
0 0 1 0 0 1 0 0 0 0 0 -1.10042e-05 -0 0 0 -0 0 0 0 0 0 0 0 0 0 0 0 0 0 1 13150.8 13150.8 13150.8 13150.8
0 0 1 0 0 1 0 0 0 0 0 -1.08297e-05 -0 0 0 -0 0 0 0 0 0 0 0 0 0 0 0 0 0 1 13150.8 13150.8 13150.8 13150.8
0 0 1 0 0 1 0 0 0 0 0 -1.06407e-05 -0 0 0 -0 0 0 0 0 0 0 0 0 0 0 0 0 0 1 13150.8 13150.8 13150.8 13150.8
0 0 1 0 0 1 0 0 0 0 0 -1.04348e-05 -0 0 0 -0 0 0 0 0 0 0 0 0 0 0 0 0 0 1 13150.8 13150.8 13150.8 13150.8
0 0 1 0 0 1 0 0 0 0 0 -1.02357e-05 -0 0 0 -0 0 0 0 0 0 0 0 0 0 0 0 0 0 1 13150.8 13150.8 13150.8 13150.8
0 0 1 0 0 1 0 0 0 0 0 -1.00334e-05 -0 0 0 -0 0 0 0 0 0 0 0 0 0 0 0 0 0 1 13150.8 13150.8 13150.8 13150.8
0 0 1 0 0 1 0 0 0 0 0 -9.85487e-06 -0 0 0 -0 0 0 0 0 0 0 0 0 0 0 0 0 0 1 13150.8 13150.8 13150.8 13150.8
0 0 1 0 0 1 0 0 0 0 0 -9.66281e-06 -0 0 0 -0 0 0 0 0 0 0 0 0 0 0 0 0 0 1 13150.8 13150.8 13150.8 13150.8
0 0 1 0 0 1 0 0 0 0 0 -9.47139e-06 -0 0 0 -0 0 0 0 0 0 0 0 0 0 0 0 0 0 1 13150.8 13150.8 13150.8 13150.8
0 0 1 0 0 1 0 0 0 0 0 -9.28081e-06 -0 0 0 -0 0 0 0 0 0 0 0 0 0 0 0 0 0 1 13150.8 13150.8 13150.8 13150.8
0 0 1 0 0 1 0 0 0 0 0 -9.11297e-06 -0 0 0 -0 0 0 0 0 0 0 0 0 0 0 0 0 0 1 13150.8 13150.8 13150.8 13150.8
0 0 1 0 0 1 0 0 0 0 0 -8.9312e-06 -0 0 0 -0 0 0 0 0 0 0 0 0 0 0 0 0 0 1 13150.8 13150.8 13150.8 13150.8
0 0 1 0 0 1 0 0 0 0 0 -8.74629e-06 -0 0 0 -0 0 0 0 0 0 0 0 0 0 0 0 0 0 1 13150.8 13150.8 13150.8 13150.8
0 0 1 0 0 1 0 0 0 0 0 -8.56718e-06 -0 0 0 -0 0 0 0 0 0 0 0 0 0 0 0 0 0 1 13150.8 13150.8 13150.8 13150.8
0 0 1 0 0 1 0 0 0 0 0 -8.40666e-06 -0 0 0 -0 0 0 0 0 0 0 0 0 0 0 0 0 0 1 13150.8 13150.8 13150.8 13150.8
0 0 1 0 0 1 0 0 0 0 0 -8.2304e-06 -0 0 0 -0 0 0 0 0 0 0 0 0 0 0 0 0 0 1 13150.8 13150.8 13150.8 13150.8
0 0 1 0 0 1 0 0 0 0 0 -8.06177e-06 -0 0 0 -0 0 0 0 0 0 0 0 0 0 0 0 0 0 1 13150.8 13150.8 13150.8 13150.8
0 0 1 0 0 1 0 0 0 0 0 -7.89336e-06 -0 0 0 -0 0 0 0 0 0 0 0 0 0 0 0 0 0 1 13150.8 13150.8 13150.8 13150.8
0 0 1 0 0 1 0 0 0 0 0 -7.73753e-06 -0 0 0 -0 0 0 0 0 0 0 0 0 0 0 0 0 0 1 13150.8 13150.8 13150.8 13150.8
0 0 1 0 0 1 0 0 0 0 0 -7.56767e-06 -0 0 0 -0 0 0 0 0 0 0 0 0 0 0 0 0 0 1 13150.8 13150.8 13150.8 13150.8
0 0 1 0 0 1 0 0 0 0 0 -7.4077e-06 -0 0 0 -0 0 0 0 0 0 0 0 0 0 0 0 0 0 1 13150.8 13150.8 13150.8 13150.8
0 0 1 0 0 1 0 0 0 0 0 -7.24708e-06 -0 0 0 -0 0 0 0 0 0 0 0 0 0 0 0 0 0 1 13150.8 13150.8 13150.8 13150.8
0 0 1 0 0 1 0 0 0 0 0 -7.09578e-06 -0 0 0 -0 0 0 0 0 0 0 0 0 0 0 0 0 0 1 13150.8 13150.8 13150.8 13150.8
0 0 1 0 0 1 0 0 0 0 0 -6.94436e-06 -0 0 0 -0 0 0 0 0 0 0 0 0 0 0 0 0 0 1 13150.8 13150.8 13150.8 13150.8
0 0 1 0 0 1 0 0 0 0 0 -6.78915e-06 -0 0 0 -0 0 0 0 0 0 0 0 0 0 0 0 0 0 1 13150.8 13150.8 13150.8 13150.8
0 0 1 0 0 1 0 0 0 0 0 -6.63732e-06 -0 0 0 -0 0 0 0 0 0 0 0 0 0 0 0 0 0 1 13150.8 13150.8 13150.8 13150.8
0 0 1 0 0 1 0 0 0 0 0 -6.49512e-06 -0 0 0 -0 0 0 0 0 0 0 0 0 0 0 0 0 0 1 13150.8 13150.8 13150.8 13150.8
0 0 1 0 0 1 0 0 0 0 0 -6.34726e-06 -0 0 0 -0 0 0 0 0 0 0 0 0 0 0 0 0 0 1 13150.8 13150.8 13150.8 13150.8
0 0 1 0 0 1 0 0 0 0 0 -6.20158e-06 -0 0 0 -0 0 0 0 0 0 0 0 0 0 0 0 0 0 1 13150.8 13150.8 13150.8 13150.8
0 0 1 0 0 1 0 0 0 0 0 -6.05532e-06 -0 0 0 -0 0 0 0 0 0 0 0 0 0 0 0 0 0 1 13150.8 13150.8 13150.8 13150.8
0 0 1 0 0 1 0 0 0 0 0 -5.92606e-06 -0 0 0 -0 0 0 0 0 0 0 0 0 0 0 0 0 0 1 13150.8 13150.8 13150.8 13150.8
0 0 1 0 0 1 0 0 0 0 0 -5.78965e-06 -0 0 0 -0 0 0 0 0 0 0 0 0 0 0 0 0 0 1 13150.8 13150.8 13150.8 13150.8
0 0 1 0 0 1 0 0 0 0 0 -5.64825e-06 -0 0 0 -0 0 0 0 0 0 0 0 0 0 0 0 0 0 1 13150.8 13150.8 13150.8 13150.8
0 0 1 0 0 1 0 0 0 0 0 -5.51099e-06 -0 0 0 -0 0 0 0 0 0 0 0 0 0 0 0 0 0 1 13150.8 13150.8 13150.8 13150.8
0 0 1 0 0 1 0 0 0 0 0 -5.39074e-06 -0 0 0 -0 0 0 0 0 0 0 0 0 0 0 0 0 0 1 13150.8 13150.8 13150.8 13150.8
0 0 1 0 0 1 0 0 0 0 0 -5.25888e-06 -0 0 0 -0 0 0 0 0 0 0 0 0 0 0 0 0 0 1 13150.8 13150.8 13150.8 13150.8
0 0 1 0 0 1 0 0 0 0 0 -5.12586e-06 -0 0 0 -0 0 0 0 0 0 0 0 0 0 0 0 0 0 1 13150.8 13150.8 13150.8 13150.8
0 0 1 0 0 1 0 0 0 0 0 -4.99519e-06 -0 0 0 -0 0 0 0 0 0 0 0 0 0 0 0 0 0 1 13150.8 13150.8 13150.8 13150.8
0 0 1 0 0 1 0 0 0 0 0 -4.88085e-06 -0 0 0 -0 0 0 0 0 0 0 0 0 0 0 0 0 0 1 13150.8 13150.8 13150.8 13150.8
0 0 1 0 0 1 0 0 0 0 0 -4.75631e-06 -0 0 0 -0 0 0 0 0 0 0 0 0 0 0 0 0 0 1 13150.8 13150.8 13150.8 13150.8
0 0 1 0 0 1 0 0 0 0 0 -4.6317e-06 -0 0 0 -0 0 0 0 0 0 0 0 0 0 0 0 0 0 1 13150.8 13150.8 13150.8 13150.8
0 0 1 0 0 1 0 0 0 0 0 -4.50753e-06 -0 0 0 -0 0 0 0 0 0 0 0 0 0 0 0 0 0 1 13150.8 13150.8 13150.8 13150.8
0 0 1 0 0 1 0 0 0 0 0 -4.40085e-06 -0 0 0 -0 0 0 0 0 0 0 0 0 0 0 0 0 0 1 13150.8 13150.8 13150.8 13150.8
0 0 1 0 0 1 0 0 0 0 0 -4.28473e-06 -0 0 0 -0 0 0 0 0 0 0 0 0 0 0 0 0 0 1 13150.8 13150.8 13150.8 13150.8
0 0 1 0 0 1 0 0 0 0 0 -4.1681e-06 -0 0 0 -0 0 0 0 0 0 0 0 0 0 0 0 0 0 1 13150.8 13150.8 13150.8 13150.8
0 0 1 0 0 1 0 0 0 0 0 -4.05108e-06 -0 0 0 -0 0 0 0 0 0 0 0 0 0 0 0 0 0 1 13150.8 13150.8 13150.8 13150.8
0 0 1 0 0 1 0 0 0 0 0 -3.95029e-06 -0 0 0 -0 0 0 0 0 0 0 0 0 0 0 0 0 0 1 13150.8 13150.8 13150.8 13150.8
0 0 1 0 0 1 0 0 0 0 0 -3.84097e-06 -0 0 0 -0 0 0 0 0 0 0 0 0 0 0 0 0 0 1 13150.8 13150.8 13150.8 13150.8
0 0 1 0 0 1 0 0 0 0 0 -3.73085e-06 -0 0 0 -0 0 0 0 0 0 0 0 0 0 0 0 0 0 1 13150.8 13150.8 13150.8 13150.8
0 0 1 0 0 1 0 0 0 0 0 -3.62235e-06 -0 0 0 -0 0 0 0 0 0 0 0 0 0 0 0 0 0 1 13150.8 13150.8 13150.8 13150.8
0 0 1 0 0 1 0 0 0 0 0 -3.52874e-06 -0 0 0 -0 0 0 0 0 0 0 0 0 0 0 0 0 0 1 13150.8 13150.8 13150.8 13150.8
0 0 1 0 0 1 0 0 0 0 0 -3.4293e-06 -0 0 0 -0 0 0 0 0 0 0 0 0 0 0 0 0 0 1 13150.8 13150.8 13150.8 13150.8
0 0 1 0 0 1 0 0 0 0 0 -3.3249e-06 -0 0 0 -0 0 0 0 0 0 0 0 0 0 0 0 0 0 1 13150.8 13150.8 13150.8 13150.8
0 0 1 0 0 0.999999 0 0 0 0 0 -3.22268e-06 -0 0 0 -0 0 0 0 0 0 0 0 0 0 0 0 0 0 1 13150.8 13150.8 13150.8 13150.8
0 0 1 0 0 0.999999 0 0 0 0 0 -3.12946e-06 -0 0 0 -0 0 0 0 0 0 0 0 0 0 0 0 0 0 1 13150.8 13150.8 13150.8 13150.8
0 0 1 0 0 0.999999 0 0 0 0 0 -3.03207e-06 -0 0 0 -0 0 0 0 0 0 0 0 0 0 0 0 0 0 1 13150.8 13150.8 13150.8 13150.8
0 0 1 0 0 0.999999 0 0 0 0 0 -2.9406e-06 -0 0 0 -0 0 0 0 0 0 0 0 0 0 0 0 0 0 1 13150.8 13150.8 13150.8 13150.8
0 0 1 0 0 0.999999 0 0 0 0 0 -2.84614e-06 -0 0 0 -0 0 0 0 0 0 0 0 0 0 0 0 0 0 1 13150.8 13150.8 13150.8 13150.8
0 0 1 0 0 0.999999 0 0 0 0 0 -2.75991e-06 -0 0 0 -0 0 0 0 0 0 0 0 0 0 0 0 0 0 1 13150.8 13150.8 13150.8 13150.8
0 0 1 0 0 0.999999 0 0 0 0 0 -2.66527e-06 -0 0 0 -0 0 0 0 0 0 0 0 0 0 0 0 0 0 1 13150.8 13150.8 13150.8 13150.8
0 0 1 0 0 0.999999 0 0 0 0 0 -2.57809e-06 -0 0 0 -0 0 0 0 0 0 0 0 0 0 0 0 0 0 1 13150.8 13150.8 13150.8 13150.8
0 0 1 0 0 0.999999 0 0 0 0 0 -2.49009e-06 -0 0 0 -0 0 0 0 0 0 0 0 0 0 0 0 0 0 1 13150.8 13150.8 13150.8 13150.8
0 0 1 0 0 0.999999 0 0 0 0 0 -2.41167e-06 -0 0 0 -0 0 0 0 0 0 0 0 0 0 0 0 0 0 1 13150.8 13150.8 13150.8 13150.8
0 0 1 0 0 0.999999 0 0 0 0 0 -2.32472e-06 -0 0 0 -0 0 0 0 0 0 0 0 0 0 0 0 0 0 1 13150.8 13150.8 13150.8 13150.8
0 0 1 0 0 0.999999 0 0 0 0 0 -2.23762e-06 -0 0 0 -0 0 0 0 0 0 0 0 0 0 0 0 0 0 1 13150.8 13150.8 13150.8 13150.8
0 0 1 0 0 0.999999 0 0 0 0 0 -2.15893e-06 -0 0 0 -0 0 0 0 0 0 0 0 0 0 0 0 0 0 1 13150.8 13150.8 13150.8 13150.8
0 0 1 0 0 0.999999 0 0 0 0 0 -2.08525e-06 -0 0 0 -0 0 0 0 0 0 0 0 0 0 0 0 0 0 1 13150.8 13150.8 13150.8 13150.8
0 0 1 0 0 0.999999 0 0 0 0 0 -2.00563e-06 -0 0 0 -0 0 0 0 0 0 0 0 0 0 0 0 0 0 1 13150.8 13150.8 13150.8 13150.8
0 0 1 0 0 0.999999 0 0 0 0 0 -1.92583e-06 -0 0 0 -0 0 0 0 0 0 0 0 0 0 0 0 0 0 1 13150.8 13150.8 13150.8 13150.8
0 0 1 0 0 0.999999 0 0 0 0 0 -1.84585e-06 -0 0 0 -0 0 0 0 0 0 0 0 0 0 0 0 0 0 1 13150.8 13150.8 13150.8 13150.8
0 0 1 0 0 0.999999 0 0 0 0 0 -1.77965e-06 -0 0 0 -0 0 0 0 0 0 0 0 0 0 0 0 0 0 1 13150.8 13150.8 13150.8 13150.8
0 0 1 0 0 0.999999 0 0 0 0 0 -1.7088e-06 -0 0 0 -0 0 0 0 0 0 0 0 0 0 0 0 0 0 1 13150.8 13150.8 13150.8 13150.8
0 0 1 0 0 0.999999 0 0 0 0 0 -1.63528e-06 -0 0 0 -0 0 0 0 0 0 0 0 0 0 0 0 0 0 1 13150.8 13150.8 13150.8 13150.8
0 0 1 0 0 0.999999 0 0 0 0 0 -1.56186e-06 -0 0 0 -0 0 0 0 0 0 0 0 0 0 0 0 0 0 1 13150.8 13150.8 13150.8 13150.8
0 0 1 0 0 0.999999 0 0 0 0 0 -1.49497e-06 -0 0 0 -0 0 0 0 0 0 0 0 0 0 0 0 0 0 1 13150.8 13150.8 13150.8 13150.8
0 0 1 0 0 0.999999 0 0 0 0 0 -1.43165e-06 -0 0 0 -0 0 0 0 0 0 0 0 0 0 0 0 0 0 1 13150.8 13150.8 13150.8 13150.8
0 0 1 0 0 0.999999 0 0 0 0 0 -1.36755e-06 -0 0 0 -0 0 0 0 0 0 0 0 0 0 0 0 0 0 1 13150.8 13150.8 13150.8 13150.8
0 0 1 0 0 0.999999 0 0 0 0 0 -1.30302e-06 -0 0 0 -0 0 0 0 0 0 0 0 0 0 0 0 0 0 1 13150.8 13150.8 13150.8 13150.8
0 0 1 0 0 0.999999 0 0 0 0 0 -1.24349e-06 -0 0 0 -0 0 0 0 0 0 0 0 0 0 0 0 0 0 1 13150.8 13150.8 13150.8 13150.8
0 0 1 0 0 0.999999 0 0 0 0 0 -1.17916e-06 -0 0 0 -0 0 0 0 0 0 0 0 0 0 0 0 0 0 1 13150.8 13150.8 13150.8 13150.8
0 0 1 0 0 0.999999 0 0 0 0 0 -1.11363e-06 -0 0 0 -0 0 0 0 0 0 0 0 0 0 0 0 0 0 1 13150.8 13150.8 13150.8 13150.8
0 0 1 0 0 0.999999 0 0 0 0 0 -1.0558e-06 -0 0 0 -0 0 0 0 0 0 0 0 0 0 0 0 0 0 1 13150.8 13150.8 13150.8 13150.8
0 0 1 0 0 0.999999 0 0 0 0 0 -1.00339e-06 -0 0 0 -0 0 0 0 0 0 0 0 0 0 0 0 0 0 1 13150.8 13150.8 13150.8 13150.8
0 0 1 0 0 0.999999 0 0 0 0 0 -9.39757e-07 -0 0 0 -0 0 0 0 0 0 0 0 0 0 0 0 0 0 1 13150.8 13150.8 13150.8 13150.8
0 0 1 0 0 0.999999 0 0 0 0 0 -8.89206e-07 -0 0 0 -0 0 0 0 0 0 0 0 0 0 0 0 0 0 1 13150.8 13150.8 13150.8 13150.8
0 0 1 0 0 0.999999 0 0 0 0 0 -8.32829e-07 -0 0 0 -0 0 0 0 0 0 0 0 0 0 0 0 0 0 1 13150.8 13150.8 13150.8 13150.8
0 0 1 0 0 0.999999 0 0 0 0 0 -7.79719e-07 -0 0 0 -0 0 0 0 0 0 0 0 0 0 0 0 0 0 1 13150.8 13150.8 13150.8 13150.8
0 0 1 0 0 0.999999 0 0 0 0 0 -7.22733e-07 -0 0 0 -0 0 0 0 0 0 0 0 0 0 0 0 0 0 1 13150.8 13150.8 13150.8 13150.8
0 0 1 0 0 0.999999 0 0 0 0 0 -6.7257e-07 -0 0 0 -0 0 0 0 0 0 0 0 0 0 0 0 0 0 1 13150.8 13150.8 13150.8 13150.8
0 0 1 0 0 0.999999 0 0 0 0 0 -6.22818e-07 -0 0 0 -0 0 0 0 0 0 0 0 0 0 0 0 0 0 1 13150.8 13150.8 13150.8 13150.8
0 0 1 0 0 0.999999 0 0 0 0 0 -5.76741e-07 -0 0 0 -0 0 0 0 0 0 0 0 0 0 0 0 0 0 1 13150.8 13150.8 13150.8 13150.8
0 0 1 0 0 0.999999 0 0 0 0 0 -5.27146e-07 -0 0 0 -0 0 0 0 0 0 0 0 0 0 0 0 0 0 1 13150.8 13150.8 13150.8 13150.8
0 0 1 0 0 0.999999 0 0 0 0 0 -4.77101e-07 -0 0 0 -0 0 0 0 0 0 0 0 0 0 0 0 0 0 1 13150.8 13150.8 13150.8 13150.8
0 0 1 0 0 0.999999 0 0 0 0 0 -4.27761e-07 -0 0 0 -0 0 0 0 0 0 0 0 0 0 0 0 0 0 1 13150.8 13150.8 13150.8 13150.8
0 0 1 0 0 0.999999 0 0 0 0 0 -3.81992e-07 -0 0 0 -0 0 0 0 0 0 0 0 0 0 0 0 0 0 1 13150.8 13150.8 13150.8 13150.8
0 0 1 0 0 0.999999 0 0 0 0 0 -3.39522e-07 -0 0 0 -0 0 0 0 0 0 0 0 0 0 0 0 0 0 1 13150.8 13150.8 13150.8 13150.8
0 0 1 0 0 0.999999 0 0 0 0 0 -2.97076e-07 -0 0 0 -0 0 0 0 0 0 0 0 0 0 0 0 0 0 1 13150.8 13150.8 13150.8 13150.8
0 0 1 0 0 0.999999 0 0 0 0 0 -2.5449e-07 -0 0 0 -0 0 0 0 0 0 0 0 0 0 0 0 0 0 1 13150.8 13150.8 13150.8 13150.8
0 0 1 0 0 0.999999 0 0 0 0 0 -2.15798e-07 -0 0 0 -0 0 0 0 0 0 0 0 0 0 0 0 0 0 1 13150.8 13150.8 13150.8 13150.8
0 0 1 0 0 0.999999 0 0 0 0 0 -1.73333e-07 -0 0 0 -0 0 0 0 0 0 0 0 0 0 0 0 0 0 1 13150.8 13150.8 13150.8 13150.8
0 0 1 0 0 0.999999 0 0 0 0 0 -1.30954e-07 -0 0 0 -0 0 0 0 0 0 0 0 0 0 0 0 0 0 1 13150.8 13150.8 13150.8 13150.8
0 0 1 0 0 0.999999 0 0 0 0 0 -8.86213e-08 -0 0 0 -0 0 0 0 0 0 0 0 0 0 0 0 0 0 1 13150.8 13150.8 13150.8 13150.8
0 0 1 0 0 0.999999 0 0 0 0 0 -4.97551e-08 -0 0 0 -0 0 0 0 0 0 0 0 0 0 0 0 0 0 1 13150.8 13150.8 13150.8 13150.8
0 0 1 0 0 0.999999 0 0 0 0 0 -1.48436e-08 -0 0 0 -0 0 0 0 0 0 0 0 0 0 0 0 0 0 1 13150.8 13150.8 13150.8 13150.8
0 0 1 0 0 0.999999 0 0 0 0 0 2.39476e-08 -0 0 0 -0 0 0 0 0 0 0 0 0 0 0 0 0 0 1 13150.8 13150.8 13150.8 13150.8
0 0 1 0 0 0.999999 0 0 0 0 0 5.49141e-08 -0 0 0 -0 0 0 0 0 0 0 0 0 0 0 0 0 0 1 13150.8 13150.8 13150.8 13150.8
0 0 1 0 0 0.999999 0 0 0 0 0 8.7041e-08 -0 0 0 -0 0 0 0 0 0 0 0 0 0 0 0 0 0 1 13150.8 13150.8 13150.8 13150.8
0 0 1 0 0 0.999999 0 0 0 0 0 1.21982e-07 -0 0 0 -0 0 0 0 0 0 0 0 0 0 0 0 0 0 1 13150.8 13150.8 13150.8 13150.8
0 0 1 0 0 0.999999 0 0 0 0 0 1.57043e-07 -0 0 0 -0 0 0 0 0 0 0 0 0 0 0 0 0 0 1 13150.8 13150.8 13150.8 13150.8
0 0 1 0 0 0.999999 0 0 0 0 0 1.92022e-07 -0 0 0 -0 0 0 0 0 0 0 0 0 0 0 0 0 0 1 13150.8 13150.8 13150.8 13150.8
0 0 1 0 0 0.999999 0 0 0 0 0 2.24055e-07 -0 0 0 -0 0 0 0 0 0 0 0 0 0 0 0 0 0 1 13150.8 13150.8 13150.8 13150.8
0 0 1 0 0 0.999999 0 0 0 0 0 2.58869e-07 -0 0 0 -0 0 0 0 0 0 0 0 0 0 0 0 0 0 1 13150.8 13150.8 13150.8 13150.8
0 0 1 0 0 0.999999 0 0 0 0 0 2.86571e-07 -0 0 0 -0 0 0 0 0 0 0 0 0 0 0 0 0 0 1 13150.8 13150.8 13150.8 13150.8
0 0 1 0 0 0.999999 0 0 0 0 0 3.13941e-07 -0 0 0 -0 0 0 0 0 0 0 0 0 0 0 0 0 0 1 13150.8 13150.8 13150.8 13150.8
0 0 1 0 0 0.999999 0 0 0 0 0 3.39173e-07 -0 0 0 -0 0 0 0 0 0 0 0 0 0 0 0 0 0 1 13150.8 13150.8 13150.8 13150.8
0 0 1 0 0 0.999999 0 0 0 0 0 3.66861e-07 -0 0 0 -0 0 0 0 0 0 0 0 0 0 0 0 0 0 1 13150.8 13150.8 13150.8 13150.8
0 0 1 0 0 0.999999 0 0 0 0 0 3.94326e-07 -0 0 0 -0 0 0 0 0 0 0 0 0 0 0 0 0 0 1 13150.8 13150.8 13150.8 13150.8
0 0 1 0 0 0.999999 0 0 0 0 0 4.22069e-07 -0 0 0 -0 0 0 0 0 0 0 0 0 0 0 0 0 0 1 13150.8 13150.8 13150.8 13150.8
0 0 1 0 0 0.999999 0 0 0 0 0 4.47269e-07 -0 0 0 -0 0 0 0 0 0 0 0 0 0 0 0 0 0 1 13150.8 13150.8 13150.8 13150.8
0 0 1 0 0 0.999999 0 0 0 0 0 4.74876e-07 -0 0 0 -0 0 0 0 0 0 0 0 0 0 0 0 0 0 1 13150.8 13150.8 13150.8 13150.8
0 0 1 0 0 0.999999 0 0 0 0 0 5.02323e-07 -0 0 0 -0 0 0 0 0 0 0 0 0 0 0 0 0 0 1 13150.8 13150.8 13150.8 13150.8
0 0 1 0 0 0.999999 0 0 0 0 0 5.2992e-07 -0 0 0 -0 0 0 0 0 0 0 0 0 0 0 0 0 0 1 13150.8 13150.8 13150.8 13150.8
0 0 1 0 0 0.999999 0 0 0 0 0 5.48267e-07 -0 0 0 -0 0 0 0 0 0 0 0 0 0 0 0 0 0 1 13150.8 13150.8 13150.8 13150.8
0 0 1 0 0 0.999999 0 0 0 0 0 5.68271e-07 -0 0 0 -0 0 0 0 0 0 0 0 0 0 0 0 0 0 1 13150.8 13150.8 13150.8 13150.8
0 0 1 0 0 0.999999 0 0 0 0 0 5.88371e-07 -0 0 0 -0 0 0 0 0 0 0 0 0 0 0 0 0 0 1 13150.8 13150.8 13150.8 13150.8
0 0 1 0 0 0.999999 0 0 0 0 0 6.08411e-07 -0 0 0 -0 0 0 0 0 0 0 0 0 0 0 0 0 0 1 13150.8 13150.8 13150.8 13150.8
0 0 1 0 0 0.999999 0 0 0 0 0 6.26894e-07 -0 0 0 -0 0 0 0 0 0 0 0 0 0 0 0 0 0 1 13150.8 13150.8 13150.8 13150.8
0 0 1 0 0 0.999999 0 0 0 0 0 6.46842e-07 -0 0 0 -0 0 0 0 0 0 0 0 0 0 0 0 0 0 1 13150.8 13150.8 13150.8 13150.8
0 0 1 0 0 0.999999 0 0 0 0 0 6.67107e-07 -0 0 0 -0 0 0 0 0 0 0 0 0 0 0 0 0 0 1 13150.8 13150.8 13150.8 13150.8
0 0 1 0 0 0.999999 0 0 0 0 0 6.87094e-07 -0 0 0 -0 0 0 0 0 0 0 0 0 0 0 0 0 0 1 13150.8 13150.8 13150.8 13150.8
0 0 1 0 0 0.999999 0 0 0 0 0 7.05586e-07 -0 0 0 -0 0 0 0 0 0 0 0 0 0 0 0 0 0 1 13150.8 13150.8 13150.8 13150.8
0 0 1 0 0 0.999999 0 0 0 0 0 7.25591e-07 -0 0 0 -0 0 0 0 0 0 0 0 0 0 0 0 0 0 1 13150.8 13150.8 13150.8 13150.8
0 0 1 0 0 0.999999 0 0 0 0 0 7.45725e-07 -0 0 0 -0 0 0 0 0 0 0 0 0 0 0 0 0 0 1 13150.8 13150.8 13150.8 13150.8
0 0 1 0 0 0.999999 0 0 0 0 0 7.65705e-07 -0 0 0 -0 0 0 0 0 0 0 0 0 0 0 0 0 0 1 13150.8 13150.8 13150.8 13150.8
0 0 1 0 0 0.999999 0 0 0 0 0 7.77352e-07 -0 0 0 -0 0 0 0 0 0 0 0 0 0 0 0 0 0 1 13150.8 13150.8 13150.8 13150.8
0 0 1 0 0 0.999999 0 0 0 0 0 7.89907e-07 -0 0 0 -0 0 0 0 0 0 0 0 0 0 0 0 0 0 1 13150.8 13150.8 13150.8 13150.8
0 0 1 0 0 0.999999 0 0 0 0 0 8.02578e-07 -0 0 0 -0 0 0 0 0 0 0 0 0 0 0 0 0 0 1 13150.8 13150.8 13150.8 13150.8
0 0 1 0 0 0.999999 0 0 0 0 0 8.15187e-07 -0 0 0 -0 0 0 0 0 0 0 0 0 0 0 0 0 0 1 13150.8 13150.8 13150.8 13150.8
0 0 1 0 0 0.999999 0 0 0 0 0 8.26902e-07 -0 0 0 -0 0 0 0 0 0 0 0 0 0 0 0 0 0 1 13150.8 13150.8 13150.8 13150.8
0 0 1 0 0 0.999999 0 0 0 0 0 8.39475e-07 -0 0 0 -0 0 0 0 0 0 0 0 0 0 0 0 0 0 1 13150.8 13150.8 13150.8 13150.8
0 0 1 0 0 0.999999 0 0 0 0 0 8.52188e-07 -0 0 0 -0 0 0 0 0 0 0 0 0 0 0 0 0 0 1 13150.8 13150.8 13150.8 13150.8
0 0 1 0 0 0.999999 0 0 0 0 0 8.64783e-07 -0 0 0 -0 0 0 0 0 0 0 0 0 0 0 0 0 0 1 13150.8 13150.8 13150.8 13150.8
0 0 1 0 0 0.999999 0 0 0 0 0 8.76341e-07 -0 0 0 -0 0 0 0 0 0 0 0 0 0 0 0 0 0 1 13150.8 13150.8 13150.8 13150.8
0 0 1 0 0 0.999999 0 0 0 0 0 8.88936e-07 -0 0 0 -0 0 0 0 0 0 0 0 0 0 0 0 0 0 1 13150.8 13150.8 13150.8 13150.8
0 0 1 0 0 0.999999 0 0 0 0 0 9.016e-07 -0 0 0 -0 0 0 0 0 0 0 0 0 0 0 0 0 0 1 13150.8 13150.8 13150.8 13150.8
0 0 1 0 0 0.999999 0 0 0 0 0 9.14292e-07 -0 0 0 -0 0 0 0 0 0 0 0 0 0 0 0 0 0 1 13150.8 13150.8 13150.8 13150.8
0 0 1 0 0 0.999999 0 0 0 0 0 9.25846e-07 -0 0 0 -0 0 0 0 0 0 0 0 0 0 0 0 0 0 1 13150.8 13150.8 13150.8 13150.8
0 0 1 0 0 0.999999 0 0 0 0 0 9.38587e-07 -0 0 0 -0 0 0 0 0 0 0 0 0 0 0 0 0 0 1 13150.8 13150.8 13150.8 13150.8
0 0 1 0 0 0.999999 0 0 0 0 0 9.51109e-07 -0 0 0 -0 0 0 0 0 0 0 0 0 0 0 0 0 0 1 13150.8 13150.8 13150.8 13150.8
0 0 1 0 0 0.999999 0 0 0 0 0 9.6374e-07 -0 0 0 -0 0 0 0 0 0 0 0 0 0 0 0 0 0 1 13150.8 13150.8 13150.8 13150.8
0 0 1 0 0 0.999999 0 0 0 0 0 9.68521e-07 -0 0 0 -0 0 0 0 0 0 0 0 0 0 0 0 0 0 1 13150.8 13150.8 13150.8 13150.8
0 0 1 0 0 0.999999 0 0 0 0 0 9.73748e-07 -0 0 0 -0 0 0 0 0 0 0 0 0 0 0 0 0 0 1 13150.8 13150.8 13150.8 13150.8
0 0 1 0 0 0.999999 0 0 0 0 0 9.7892e-07 -0 0 0 -0 0 0 0 0 0 0 0 0 0 0 0 0 0 1 13150.8 13150.8 13150.8 13150.8
0 0 1 0 0 0.999999 0 0 0 0 0 9.8404e-07 -0 0 0 -0 0 0 0 0 0 0 0 0 0 0 0 0 0 1 13150.8 13150.8 13150.8 13150.8
0 0 1 0 0 0.999999 0 0 0 0 0 9.88908e-07 -0 0 0 -0 0 0 0 0 0 0 0 0 0 0 0 0 0 1 13150.8 13150.8 13150.8 13150.8
0 0 1 0 0 0.999999 0 0 0 0 0 9.9415e-07 -0 0 0 -0 0 0 0 0 0 0 0 0 0 0 0 0 0 1 13150.8 13150.8 13150.8 13150.8
0 0 1 0 0 0.999999 0 0 0 0 0 9.99315e-07 -0 0 0 -0 0 0 0 0 0 0 0 0 0 0 0 0 0 1 13150.8 13150.8 13150.8 13150.8
0 0 1 0 0 0.999999 0 0 0 0 0 1.00454e-06 -0 0 0 -0 0 0 0 0 0 0 0 0 0 0 0 0 0 1 13150.8 13150.8 13150.8 13150.8
0 0 1 0 0 0.999999 0 0 0 0 0 1.00932e-06 -0 0 0 -0 0 0 0 0 0 0 0 0 0 0 0 0 0 1 13150.8 13150.8 13150.8 13150.8
0 0 1 0 0 0.999999 0 0 0 0 0 1.0145e-06 -0 0 0 -0 0 0 0 0 0 0 0 0 0 0 0 0 0 1 13150.8 13150.8 13150.8 13150.8
0 0 1 0 0 0.999999 0 0 0 0 0 1.01969e-06 -0 0 0 -0 0 0 0 0 0 0 0 0 0 0 0 0 0 1 13150.8 13150.8 13150.8 13150.8
0 0 1 0 0 0.999999 0 0 0 0 0 1.02489e-06 -0 0 0 -0 0 0 0 0 0 0 0 0 0 0 0 0 0 1 13150.8 13150.8 13150.8 13150.8
0 0 1 0 0 0.999999 0 0 0 0 0 1.02965e-06 -0 0 0 -0 0 0 0 0 0 0 0 0 0 0 0 0 0 1 13150.8 13150.8 13150.8 13150.8
0 0 1 0 0 0.999999 0 0 0 0 0 1.03489e-06 -0 0 0 -0 0 0 0 0 0 0 0 0 0 0 0 0 0 1 13150.8 13150.8 13150.8 13150.8
0 0 1 0 0 0.999999 0 0 0 0 0 1.04008e-06 -0 0 0 -0 0 0 0 0 0 0 0 0 0 0 0 0 0 1 13150.8 13150.8 13150.8 13150.8
0 0 1 0 0 0.999999 0 0 0 0 0 1.0453e-06 -0 0 0 -0 0 0 0 0 0 0 0 0 0 0 0 0 0 1 13150.8 13150.8 13150.8 13150.8
0 0 1 0 0 0.999999 0 0 0 0 0 1.05003e-06 -0 0 0 -0 0 0 0 0 0 0 0 0 0 0 0 0 0 1 13150.8 13150.8 13150.8 13150.8
0 0 1 0 0 0.999999 0 0 0 0 0 1.05526e-06 -0 0 0 -0 0 0 0 0 0 0 0 0 0 0 0 0 0 1 13150.8 13150.8 13150.8 13150.8
0 0 1 0 0 0.999999 0 0 0 0 0 1.06045e-06 -0 0 0 -0 0 0 0 0 0 0 0 0 0 0 0 0 0 1 13150.8 13150.8 13150.8 13150.8
0 0 1 0 0 0.999999 0 0 0 0 0 1.06567e-06 -0 0 0 -0 0 0 0 0 0 0 0 0 0 0 0 0 0 1 13150.8 13150.8 13150.8 13150.8
0 0 1 0 0 0.999999 0 0 0 0 0 1.07043e-06 -0 0 0 -0 0 0 0 0 0 0 0 0 0 0 0 0 0 1 13150.8 13150.8 13150.8 13150.8
0 0 1 0 0 0.999999 0 0 0 0 0 1.0682e-06 -0 0 0 -0 0 0 0 0 0 0 0 0 0 0 0 0 0 1 13150.8 13150.8 13150.8 13150.8
0 0 1 0 0 0.999999 0 0 0 0 0 1.06597e-06 -0 0 0 -0 0 0 0 0 0 0 0 0 0 0 0 0 0 1 13150.8 13150.8 13150.8 13150.8
0 0 1 0 0 0.999999 0 0 0 0 0 1.06376e-06 -0 0 0 -0 0 0 0 0 0 0 0 0 0 0 0 0 0 1 13150.8 13150.8 13150.8 13150.8
0 0 1 0 0 0.999999 0 0 0 0 0 1.06167e-06 -0 0 0 -0 0 0 0 0 0 0 0 0 0 0 0 0 0 1 13150.8 13150.8 13150.8 13150.8
0 0 1 0 0 0.999999 0 0 0 0 0 1.05944e-06 -0 0 0 -0 0 0 0 0 0 0 0 0 0 0 0 0 0 1 13150.8 13150.8 13150.8 13150.8
0 0 1 0 0 0.999999 0 0 0 0 0 1.05719e-06 -0 0 0 -0 0 0 0 0 0 0 0 0 0 0 0 0 0 1 13150.8 13150.8 13150.8 13150.8
0 0 1 0 0 0.999999 0 0 0 0 0 1.05496e-06 -0 0 0 -0 0 0 0 0 0 0 0 0 0 0 0 0 0 1 13150.8 13150.8 13150.8 13150.8
0 0 1 0 0 0.999999 0 0 0 0 0 1.05293e-06 -0 0 0 -0 0 0 0 0 0 0 0 0 0 0 0 0 0 1 13150.8 13150.8 13150.8 13150.8
0 0 1 0 0 0.999999 0 0 0 0 0 1.05069e-06 -0 0 0 -0 0 0 0 0 0 0 0 0 0 0 0 0 0 1 13150.8 13150.8 13150.8 13150.8
0 0 1 0 0 0.999999 0 0 0 0 0 1.04843e-06 -0 0 0 -0 0 0 0 0 0 0 0 0 0 0 0 0 0 1 13150.8 13150.8 13150.8 13150.8
0 0 1 0 0 0.999999 0 0 0 0 0 1.04621e-06 -0 0 0 -0 0 0 0 0 0 0 0 0 0 0 0 0 0 1 13150.8 13150.8 13150.8 13150.8
0 0 1 0 0 0.999999 0 0 0 0 0 1.04417e-06 -0 0 0 -0 0 0 0 0 0 0 0 0 0 0 0 0 0 1 13150.8 13150.8 13150.8 13150.8
0 0 1 0 0 0.999999 0 0 0 0 0 1.0419e-06 -0 0 0 -0 0 0 0 0 0 0 0 0 0 0 0 0 0 1 13150.8 13150.8 13150.8 13150.8
0 0 1 0 0 0.999999 0 0 0 0 0 1.03968e-06 -0 0 0 -0 0 0 0 0 0 0 0 0 0 0 0 0 0 1 13150.8 13150.8 13150.8 13150.8
0 0 1 0 0 0.999999 0 0 0 0 0 1.03745e-06 -0 0 0 -0 0 0 0 0 0 0 0 0 0 0 0 0 0 1 13150.8 13150.8 13150.8 13150.8
0 0 1 0 0 0.999999 0 0 0 0 0 1.0354e-06 -0 0 0 -0 0 0 0 0 0 0 0 0 0 0 0 0 0 1 13150.8 13150.8 13150.8 13150.8
0 0 1 0 0 0.999999 0 0 0 0 0 1.03295e-06 -0 0 0 -0 0 0 0 0 0 0 0 0 0 0 0 0 0 1 13150.8 13150.8 13150.8 13150.8
0 0 1 0 0 0.999999 0 0 0 0 0 1.03094e-06 -0 0 0 -0 0 0 0 0 0 0 0 0 0 0 0 0 0 1 13150.8 13150.8 13150.8 13150.8
0 0 1 0 0 0.999999 0 0 0 0 0 1.0287e-06 -0 0 0 -0 0 0 0 0 0 0 0 0 0 0 0 0 0 1 13150.8 13150.8 13150.8 13150.8
0 0 1 0 0 0.999999 0 0 0 0 0 1.02665e-06 -0 0 0 -0 0 0 0 0 0 0 0 0 0 0 0 0 0 1 13150.8 13150.8 13150.8 13150.8
0 0 1 0 0 0.999999 0 0 0 0 0 1.02441e-06 -0 0 0 -0 0 0 0 0 0 0 0 0 0 0 0 0 0 1 13150.8 13150.8 13150.8 13150.8
0 0 1 0 0 0.999999 0 0 0 0 0 1.02217e-06 -0 0 0 -0 0 0 0 0 0 0 0 0 0 0 0 0 0 1 13150.8 13150.8 13150.8 13150.8
0 0 1 0 0 0.999999 0 0 0 0 0 1.01999e-06 -0 0 0 -0 0 0 0 0 0 0 0 0 0 0 0 0 0 1 13150.8 13150.8 13150.8 13150.8
0 0 1 0 0 1 0 0 0 0 0 1.01787e-06 -0 0 0 -0 0 0 0 0 0 0 0 0 0 0 0 0 0 1 13150.8 13150.8 13150.8 13150.8
0 0 1 0 0 1 0 0 0 0 0 1.01566e-06 -0 0 0 -0 0 0 0 0 0 0 0 0 0 0 0 0 0 1 13150.8 13150.8 13150.8 13150.8
0 0 1 0 0 1 0 0 0 0 0 1.01341e-06 -0 0 0 -0 0 0 0 0 0 0 0 0 0 0 0 0 0 1 13150.8 13150.8 13150.8 13150.8
0 0 1 0 0 1 0 0 0 0 0 1.01118e-06 -0 0 0 -0 0 0 0 0 0 0 0 0 0 0 0 0 0 1 13150.8 13150.8 13150.8 13150.8
0 0 1 0 0 1 0 0 0 0 0 1.00913e-06 -0 0 0 -0 0 0 0 0 0 0 0 0 0 0 0 0 0 1 13150.8 13150.8 13150.8 13150.8
0 0 1 0 0 1 0 0 0 0 0 1.00687e-06 -0 0 0 -0 0 0 0 0 0 0 0 0 0 0 0 0 0 1 13150.8 13150.8 13150.8 13150.8
0 0 1 0 0 1 0 0 0 0 0 1.00465e-06 -0 0 0 -0 0 0 0 0 0 0 0 0 0 0 0 0 0 1 13150.8 13150.8 13150.8 13150.8
0 0 1 0 0 1 0 0 0 0 0 1.00242e-06 -0 0 0 -0 0 0 0 0 0 0 0 0 0 0 0 0 0 1 13150.8 13150.8 13150.8 13150.8
0 0 1 0 0 1 0 0 0 0 0 1.00037e-06 -0 0 0 -0 0 0 0 0 0 0 0 0 0 0 0 0 0 1 13150.8 13150.8 13150.8 13150.8
0 0 1 0 0 1 0 0 0 0 0 9.98133e-07 -0 0 0 -0 0 0 0 0 0 0 0 0 0 0 0 0 0 1 13150.8 13150.8 13150.8 13150.8
0 0 1 0 0 1 0 0 0 0 0 9.95902e-07 -0 0 0 -0 0 0 0 0 0 0 0 0 0 0 0 0 0 1 13150.8 13150.8 13150.8 13150.8
0 0 1 0 0 1 0 0 0 0 0 9.93645e-07 -0 0 0 -0 0 0 0 0 0 0 0 0 0 0 0 0 0 1 13150.8 13150.8 13150.8 13150.8
0 0 1 0 0 1 0 0 0 0 0 9.91618e-07 -0 0 0 -0 0 0 0 0 0 0 0 0 0 0 0 0 0 1 13150.8 13150.8 13150.8 13150.8
0 0 1 0 0 1 0 0 0 0 0 9.89365e-07 -0 0 0 -0 0 0 0 0 0 0 0 0 0 0 0 0 0 1 13150.8 13150.8 13150.8 13150.8
0 0 1 0 0 1 0 0 0 0 0 9.86876e-07 -0 0 0 -0 0 0 0 0 0 0 0 0 0 0 0 0 0 1 13150.8 13150.8 13150.8 13150.8
0 0 1 0 0 1 0 0 0 0 0 9.84914e-07 -0 0 0 -0 0 0 0 0 0 0 0 0 0 0 0 0 0 1 13150.8 13150.8 13150.8 13150.8
0 0 1 0 0 1 0 0 0 0 0 9.82848e-07 -0 0 0 -0 0 0 0 0 0 0 0 0 0 0 0 0 0 1 13150.8 13150.8 13150.8 13150.8
0 0 1 0 0 1 0 0 0 0 0 9.80613e-07 -0 0 0 -0 0 0 0 0 0 0 0 0 0 0 0 0 0 1 13150.8 13150.8 13150.8 13150.8
0 0 1 0 0 1 0 0 0 0 0 8.24529e-07 -0 0 0 -0 0 0 0 0 0 0 0 0 0 0 0 0 0 1 13150.8 13150.8 13150.8 13150.8
0 0 1 0 0 1 0 0 0 0 0 8.24529e-07 -0 0 0 -0 0 0 0 0 0 0 0 0 0 0 0 0 0 1 13150.8 13150.8 13150.8 13150.8
0 0 1 0 0 1 0 0 0 0 0 7.90686e-07 -0 0 0 -0 0 0 0 0 0 0 0 0 0 0 0 0 0 1 13150.8 13150.8 13150.8 13150.8
0 0 1 0 0 1 0 0 0 0 0 7.73533e-07 -0 0 0 -0 0 0 0 0 0 0 0 0 0 0 0 0 0 1 13150.8 13150.8 13150.8 13150.8
0 0 1 0 0 1 0 0 0 0 0 7.56463e-07 -0 0 0 -0 0 0 0 0 0 0 0 0 0 0 0 0 0 1 13150.8 13150.8 13150.8 13150.8
0 0 1 0 0 1 0 0 0 0 0 7.39326e-07 -0 0 0 -0 0 0 0 0 0 0 0 0 0 0 0 0 0 1 13150.8 13150.8 13150.8 13150.8
0 0 1 0 0 1 0 0 0 0 0 7.23743e-07 -0 0 0 -0 0 0 0 0 0 0 0 0 0 0 0 0 0 1 13150.8 13150.8 13150.8 13150.8
0 0 1 0 0 1 0 0 0 0 0 7.06585e-07 -0 0 0 -0 0 0 0 0 0 0 0 0 0 0 0 0 0 1 13150.8 13150.8 13150.8 13150.8
0 0 1 0 0 1 0 0 0 0 0 6.89432e-07 -0 0 0 -0 0 0 0 0 0 0 0 0 0 0 0 0 0 1 13150.8 13150.8 13150.8 13150.8
0 0 1 0 0 1 0 0 0 0 0 6.72323e-07 -0 0 0 -0 0 0 0 0 0 0 0 0 0 0 0 0 0 1 13150.8 13150.8 13150.8 13150.8
0 0 1 0 0 1 0 0 0 0 0 6.56461e-07 -0 0 0 -0 0 0 0 0 0 0 0 0 0 0 0 0 0 1 13150.8 13150.8 13150.8 13150.8
0 0 1 0 0 1 0 0 0 0 0 6.39403e-07 -0 0 0 -0 0 0 0 0 0 0 0 0 0 0 0 0 0 1 13150.8 13150.8 13150.8 13150.8
0 0 1 0 0 1 0 0 0 0 0 6.29701e-07 -0 0 0 -0 0 0 0 0 0 0 0 0 0 0 0 0 0 1 13150.8 13150.8 13150.8 13150.8
0 0 1 0 0 1 0 0 0 0 0 6.20094e-07 -0 0 0 -0 0 0 0 0 0 0 0 0 0 0 0 0 0 1 13150.8 13150.8 13150.8 13150.8
0 0 1 0 0 1 0 0 0 0 0 6.11289e-07 -0 0 0 -0 0 0 0 0 0 0 0 0 0 0 0 0 0 1 13150.8 13150.8 13150.8 13150.8
0 0 1 0 0 1 0 0 0 0 0 6.01599e-07 -0 0 0 -0 0 0 0 0 0 0 0 0 0 0 0 0 0 1 13150.8 13150.8 13150.8 13150.8
0 0 1 0 0 1 0 0 0 0 0 5.91937e-07 -0 0 0 -0 0 0 0 0 0 0 0 0 0 0 0 0 0 1 13150.8 13150.8 13150.8 13150.8
0 0 1 0 0 1 0 0 0 0 0 5.82772e-07 -0 0 0 -0 0 0 0 0 0 0 0 0 0 0 0 0 0 1 13150.8 13150.8 13150.8 13150.8
0 0 1 0 0 1 0 0 0 0 0 5.73361e-07 -0 0 0 -0 0 0 0 0 0 0 0 0 0 0 0 0 0 1 13150.8 13150.8 13150.8 13150.8
0 0 1 0 0 1 0 0 0 0 0 5.63696e-07 -0 0 0 -0 0 0 0 0 0 0 0 0 0 0 0 0 0 1 13150.8 13150.8 13150.8 13150.8
0 0 1 0 0 1 0 0 0 0 0 5.54028e-07 -0 0 0 -0 0 0 0 0 0 0 0 0 0 0 0 0 0 1 13150.8 13150.8 13150.8 13150.8
0 0 1 0 0 1 0 0 0 0 0 5.4426e-07 -0 0 0 -0 0 0 0 0 0 0 0 0 0 0 0 0 0 1 13150.8 13150.8 13150.8 13150.8
0 0 1 0 0 1 0 0 0 0 0 5.3548e-07 -0 0 0 -0 0 0 0 0 0 0 0 0 0 0 0 0 0 1 13150.8 13150.8 13150.8 13150.8
0 0 1 0 0 1 0 0 0 0 0 5.25791e-07 -0 0 0 -0 0 0 0 0 0 0 0 0 0 0 0 0 0 1 13150.8 13150.8 13150.8 13150.8
0 0 1 0 0 1 0 0 0 0 0 5.16012e-07 -0 0 0 -0 0 0 0 0 0 0 0 0 0 0 0 0 0 1 13150.8 13150.8 13150.8 13150.8
0 0 1 0 0 1 0 0 0 0 0 5.16012e-07 -0 0 0 -0 0 0 0 0 0 0 0 0 0 0 0 0 0 1 13150.8 13150.8 13150.8 13150.8
0 0 1 0 0 1 0 0 0 0 0 4.97559e-07 -0 0 0 -0 0 0 0 0 0 0 0 0 0 0 0 0 0 1 13150.8 13150.8 13150.8 13150.8
0 0 1 0 0 1 0 0 0 0 0 4.87896e-07 -0 0 0 -0 0 0 0 0 0 0 0 0 0 0 0 0 0 1 13150.8 13150.8 13150.8 13150.8
0 0 1 0 0 1 0 0 0 0 0 4.78222e-07 -0 0 0 -0 0 0 0 0 0 0 0 0 0 0 0 0 0 1 13150.8 13150.8 13150.8 13150.8
0 0 1 0 0 1 0 0 0 0 0 4.68524e-07 -0 0 0 -0 0 0 0 0 0 0 0 0 0 0 0 0 0 1 13150.8 13150.8 13150.8 13150.8
0 0 1 0 0 1 0 0 0 0 0 4.59714e-07 -0 0 0 -0 0 0 0 0 0 0 0 0 0 0 0 0 0 1 13150.8 13150.8 13150.8 13150.8
0 0 1 0 0 1 0 0 0 0 0 4.49906e-07 -0 0 0 -0 0 0 0 0 0 0 0 0 0 0 0 0 0 1 13150.8 13150.8 13150.8 13150.8
0 0 1 0 0 1 0 0 0 0 0 4.40286e-07 -0 0 0 -0 0 0 0 0 0 0 0 0 0 0 0 0 0 1 13150.8 13150.8 13150.8 13150.8
0 0 1 0 0 1 0 0 0 0 0 4.30609e-07 -0 0 0 -0 0 0 0 0 0 0 0 0 0 0 0 0 0 1 13150.8 13150.8 13150.8 13150.8
0 0 1 0 0 1 0 0 0 0 0 4.21701e-07 -0 0 0 -0 0 0 0 0 0 0 0 0 0 0 0 0 0 1 13150.8 13150.8 13150.8 13150.8
0 0 1 0 0 1 0 0 0 0 0 4.1209e-07 -0 0 0 -0 0 0 0 0 0 0 0 0 0 0 0 0 0 1 13150.8 13150.8 13150.8 13150.8
0 0 1 0 0 1 0 0 0 0 0 4.02348e-07 -0 0 0 -0 0 0 0 0 0 0 0 0 0 0 0 0 0 1 13150.8 13150.8 13150.8 13150.8
0 0 1 0 0 1 0 0 0 0 0 3.93368e-07 -0 0 0 -0 0 0 0 0 0 0 0 0 0 0 0 0 0 1 13150.8 13150.8 13150.8 13150.8
0 0 1 0 0 1 0 0 0 0 0 3.83835e-07 -0 0 0 -0 0 0 0 0 0 0 0 0 0 0 0 0 0 1 13150.8 13150.8 13150.8 13150.8
0 0 1 0 0 1 0 0 0 0 0 3.7419e-07 -0 0 0 -0 0 0 0 0 0 0 0 0 0 0 0 0 0 1 13150.8 13150.8 13150.8 13150.8
0 0 1 0 0 1 0 0 0 0 0 3.6445e-07 -0 0 0 -0 0 0 0 0 0 0 0 0 0 0 0 0 0 1 13150.8 13150.8 13150.8 13150.8
0 0 1 0 0 1 0 0 0 0 0 3.6445e-07 -0 0 0 -0 0 0 0 0 0 0 0 0 0 0 0 0 0 1 13150.8 13150.8 13150.8 13150.8
0 0 1 0 0 1 0 0 0 0 0 3.46004e-07 -0 0 0 -0 0 0 0 0 0 0 0 0 0 0 0 0 0 1 13150.8 13150.8 13150.8 13150.8
0 0 1 0 0 1 0 0 0 0 0 3.36319e-07 -0 0 0 -0 0 0 0 0 0 0 0 0 0 0 0 0 0 1 13150.8 13150.8 13150.8 13150.8
0 0 1 0 0 1 0 0 0 0 0 3.26652e-07 -0 0 0 -0 0 0 0 0 0 0 0 0 0 0 0 0 0 1 13150.8 13150.8 13150.8 13150.8
0 0 1 0 0 1 0 0 0 0 0 3.16847e-07 -0 0 0 -0 0 0 0 0 0 0 0 0 0 0 0 0 0 1 13150.8 13150.8 13150.8 13150.8
0 0 1 0 0 1 0 0 0 0 0 3.08083e-07 -0 0 0 -0 0 0 0 0 0 0 0 0 0 0 0 0 0 1 13150.8 13150.8 13150.8 13150.8
0 0 1 0 0 1 0 0 0 0 0 2.98211e-07 -0 0 0 -0 0 0 0 0 0 0 0 0 0 0 0 0 0 1 13150.8 13150.8 13150.8 13150.8
0 0 1 0 0 1 0 0 0 0 0 2.88709e-07 -0 0 0 -0 0 0 0 0 0 0 0 0 0 0 0 0 0 1 13150.8 13150.8 13150.8 13150.8
0 0 1 0 0 1 0 0 0 0 0 2.78938e-07 -0 0 0 -0 0 0 0 0 0 0 0 0 0 0 0 0 0 1 13150.8 13150.8 13150.8 13150.8
0 0 1 0 0 1 0 0 0 0 0 2.70173e-07 -0 0 0 -0 0 0 0 0 0 0 0 0 0 0 0 0 0 1 13150.8 13150.8 13150.8 13150.8
0 0 1 0 0 1 0 0 0 0 0 2.60479e-07 -0 0 0 -0 0 0 0 0 0 0 0 0 0 0 0 0 0 1 13150.8 13150.8 13150.8 13150.8
0 0 1 0 0 1 0 0 0 0 0 2.50905e-07 -0 0 0 -0 0 0 0 0 0 0 0 0 0 0 0 0 0 1 13150.8 13150.8 13150.8 13150.8
0 0 1 0 0 1 0 0 0 0 0 2.41136e-07 -0 0 0 -0 0 0 0 0 0 0 0 0 0 0 0 0 0 1 13150.8 13150.8 13150.8 13150.8
0 0 1 0 0 1 0 0 0 0 0 2.32307e-07 -0 0 0 -0 0 0 0 0 0 0 0 0 0 0 0 0 0 1 13150.8 13150.8 13150.8 13150.8
0 0 1 0 0 1 0 0 0 0 0 2.22625e-07 -0 0 0 -0 0 0 0 0 0 0 0 0 0 0 0 0 0 1 13150.8 13150.8 13150.8 13150.8
0 0 1 0 0 1 0 0 0 0 0 2.12954e-07 -0 0 0 -0 0 0 0 0 0 0 0 0 0 0 0 0 0 1 13150.8 13150.8 13150.8 13150.8
0 0 1 0 0 1 0 0 0 0 0 2.03233e-07 -0 0 0 -0 0 0 0 0 0 0 0 0 0 0 0 0 0 1 13150.8 13150.8 13150.8 13150.8
0 0 1 0 0 1 0 0 0 0 0 1.94382e-07 -0 0 0 -0 0 0 0 0 0 0 0 0 0 0 0 0 0 1 13150.8 13150.8 13150.8 13150.8
0 0 1 0 0 1 0 0 0 0 0 1.84721e-07 -0 0 0 -0 0 0 0 0 0 0 0 0 0 0 0 0 0 1 13150.8 13150.8 13150.8 13150.8
0 0 1 0 0 1 0 0 0 0 0 1.74911e-07 -0 0 0 -0 0 0 0 0 0 0 0 0 0 0 0 0 0 1 13150.8 13150.8 13150.8 13150.8
0 0 1 0 0 1 0 0 0 0 0 1.65322e-07 -0 0 0 -0 0 0 0 0 0 0 0 0 0 0 0 0 0 1 13150.8 13150.8 13150.8 13150.8
0 0 1 0 0 1 0 0 0 0 0 1.65322e-07 -0 0 0 -0 0 0 0 0 0 0 0 0 0 0 0 0 0 1 13150.8 13150.8 13150.8 13150.8
0 0 1 0 0 1 0 0 0 0 0 1.46842e-07 -0 0 0 -0 0 0 0 0 0 0 0 0 0 0 0 0 0 1 13150.8 13150.8 13150.8 13150.8
0 0 1 0 0 1 0 0 0 0 0 1.37533e-07 -0 0 0 -0 0 0 0 0 0 0 0 0 0 0 0 0 0 1 13150.8 13150.8 13150.8 13150.8
0 0 1 0 0 1 0 0 0 0 0 1.35304e-07 -0 0 0 -0 0 0 0 0 0 0 0 0 0 0 0 0 0 1 13150.8 13150.8 13150.8 13150.8
0 0 1 0 0 1 0 0 0 0 0 1.3311e-07 -0 0 0 -0 0 0 0 0 0 0 0 0 0 0 0 0 0 1 13150.8 13150.8 13150.8 13150.8
0 0 1 0 0 1 0 0 0 0 0 1.30902e-07 -0 0 0 -0 0 0 0 0 0 0 0 0 0 0 0 0 0 1 13150.8 13150.8 13150.8 13150.8
0 0 1 0 0 1 0 0 0 0 0 1.28678e-07 -0 0 0 -0 0 0 0 0 0 0 0 0 0 0 0 0 0 1 13150.8 13150.8 13150.8 13150.8
0 0 1 0 0 1 0 0 0 0 0 1.26426e-07 -0 0 0 -0 0 0 0 0 0 0 0 0 0 0 0 0 0 1 13150.8 13150.8 13150.8 13150.8
0 0 1 0 0 1 0 0 0 0 0 1.2435e-07 -0 0 0 -0 0 0 0 0 0 0 0 0 0 0 0 0 0 1 13150.8 13150.8 13150.8 13150.8
0 0 1 0 0 1 0 0 0 0 0 1.22154e-07 -0 0 0 -0 0 0 0 0 0 0 0 0 0 0 0 0 0 1 13150.8 13150.8 13150.8 13150.8
0 0 1 0 0 1 0 0 0 0 0 1.19913e-07 -0 0 0 -0 0 0 0 0 0 0 0 0 0 0 0 0 0 1 13150.8 13150.8 13150.8 13150.8
0 0 1 0 0 1 0 0 0 0 0 1.17661e-07 -0 0 0 -0 0 0 0 0 0 0 0 0 0 0 0 0 0 1 13150.8 13150.8 13150.8 13150.8
0 0 1 0 0 1 0 0 0 0 0 1.15609e-07 -0 0 0 -0 0 0 0 0 0 0 0 0 0 0 0 0 0 1 13150.8 13150.8 13150.8 13150.8
0 0 1 0 0 1 0 0 0 0 0 1.13392e-07 -0 0 0 -0 0 0 0 0 0 0 0 0 0 0 0 0 0 1 13150.8 13150.8 13150.8 13150.8
0 0 1 0 0 1 0 0 0 0 0 1.11158e-07 -0 0 0 -0 0 0 0 0 0 0 0 0 0 0 0 0 0 1 13150.8 13150.8 13150.8 13150.8
0 0 1 0 0 1 0 0 0 0 0 1.08916e-07 -0 0 0 -0 0 0 0 0 0 0 0 0 0 0 0 0 0 1 13150.8 13150.8 13150.8 13150.8
0 0 1 0 0 1 0 0 0 0 0 1.06873e-07 -0 0 0 -0 0 0 0 0 0 0 0 0 0 0 0 0 0 1 13150.8 13150.8 13150.8 13150.8
0 0 1 0 0 1 0 0 0 0 0 1.04626e-07 -0 0 0 -0 0 0 0 0 0 0 0 0 0 0 0 0 0 1 13150.8 13150.8 13150.8 13150.8
0 0 1 0 0 1 0 0 0 0 0 1.02357e-07 -0 0 0 -0 0 0 0 0 0 0 0 0 0 0 0 0 0 1 13150.8 13150.8 13150.8 13150.8
0 0 1 0 0 1 0 0 0 0 0 1.00126e-07 -0 0 0 -0 0 0 0 0 0 0 0 0 0 0 0 0 0 1 13150.8 13150.8 13150.8 13150.8
0 0 1 0 0 1 0 0 0 0 0 9.80817e-08 -0 0 0 -0 0 0 0 0 0 0 0 0 0 0 0 0 0 1 13150.8 13150.8 13150.8 13150.8
0 0 1 0 0 1 0 0 0 0 0 9.58624e-08 -0 0 0 -0 0 0 0 0 0 0 0 0 0 0 0 0 0 1 13150.8 13150.8 13150.8 13150.8
0 0 1 0 0 1 0 0 0 0 0 9.36184e-08 -0 0 0 -0 0 0 0 0 0 0 0 0 0 0 0 0 0 1 13150.8 13150.8 13150.8 13150.8
0 0 1 0 0 1 0 0 0 0 0 9.36184e-08 -0 0 0 -0 0 0 0 0 0 0 0 0 0 0 0 0 0 1 13150.8 13150.8 13150.8 13150.8
0 0 1 0 0 1 0 0 0 0 0 8.93267e-08 -0 0 0 -0 0 0 0 0 0 0 0 0 0 0 0 0 0 1 13150.8 13150.8 13150.8 13150.8
0 0 1 0 0 1 0 0 0 0 0 8.71135e-08 -0 0 0 -0 0 0 0 0 0 0 0 0 0 0 0 0 0 1 13150.8 13150.8 13150.8 13150.8
0 0 1 0 0 1 0 0 0 0 0 8.48597e-08 -0 0 0 -0 0 0 0 0 0 0 0 0 0 0 0 0 0 1 13150.8 13150.8 13150.8 13150.8
0 0 1 0 0 1 0 0 0 0 0 8.26027e-08 -0 0 0 -0 0 0 0 0 0 0 0 0 0 0 0 0 0 1 13150.8 13150.8 13150.8 13150.8
0 0 1 0 0 1 0 0 0 0 0 8.05599e-08 -0 0 0 -0 0 0 0 0 0 0 0 0 0 0 0 0 0 1 13150.8 13150.8 13150.8 13150.8
0 0 1 0 0 1 0 0 0 0 0 7.83284e-08 -0 0 0 -0 0 0 0 0 0 0 0 0 0 0 0 0 0 1 13150.8 13150.8 13150.8 13150.8
0 0 1 0 0 1 0 0 0 0 0 7.60965e-08 -0 0 0 -0 0 0 0 0 0 0 0 0 0 0 0 0 0 1 13150.8 13150.8 13150.8 13150.8
0 0 1 0 0 1 0 0 0 0 0 7.60965e-08 -0 0 0 -0 0 0 0 0 0 0 0 0 0 0 0 0 0 1 13150.8 13150.8 13150.8 13150.8
0 0 1 0 0 1 0 0 0 0 0 7.18133e-08 -0 0 0 -0 0 0 0 0 0 0 0 0 0 0 0 0 0 1 13150.8 13150.8 13150.8 13150.8
0 0 1 0 0 1 0 0 0 0 0 6.95828e-08 -0 0 0 -0 0 0 0 0 0 0 0 0 0 0 0 0 0 1 13150.8 13150.8 13150.8 13150.8
0 0 1 0 0 1 0 0 0 0 0 6.73577e-08 -0 0 0 -0 0 0 0 0 0 0 0 0 0 0 0 0 0 1 13150.8 13150.8 13150.8 13150.8
0 0 1 0 0 1 0 0 0 0 0 6.5142e-08 -0 0 0 -0 0 0 0 0 0 0 0 0 0 0 0 0 0 1 13150.8 13150.8 13150.8 13150.8
0 0 1 0 0 1 0 0 0 0 0 6.30819e-08 -0 0 0 -0 0 0 0 0 0 0 0 0 0 0 0 0 0 1 13150.8 13150.8 13150.8 13150.8
0 0 1 0 0 1 0 0 0 0 0 6.08497e-08 -0 0 0 -0 0 0 0 0 0 0 0 0 0 0 0 0 0 1 13150.8 13150.8 13150.8 13150.8
0 0 1 0 0 1 0 0 0 0 0 5.86089e-08 -0 0 0 -0 0 0 0 0 0 0 0 0 0 0 0 0 0 1 13150.8 13150.8 13150.8 13150.8
0 0 1 0 0 1 0 0 0 0 0 5.63593e-08 -0 0 0 -0 0 0 0 0 0 0 0 0 0 0 0 0 0 1 13150.8 13150.8 13150.8 13150.8
0 0 1 0 0 1 0 0 0 0 0 5.43195e-08 -0 0 0 -0 0 0 0 0 0 0 0 0 0 0 0 0 0 1 13150.8 13150.8 13150.8 13150.8
0 0 1 0 0 1 0 0 0 0 0 5.20734e-08 -0 0 0 -0 0 0 0 0 0 0 0 0 0 0 0 0 0 1 13150.8 13150.8 13150.8 13150.8
0 0 1 0 0 1 0 0 0 0 0 4.98527e-08 -0 0 0 -0 0 0 0 0 0 0 0 0 0 0 0 0 0 1 13150.8 13150.8 13150.8 13150.8
0 0 1 0 0 1 0 0 0 0 0 4.76017e-08 -0 0 0 -0 0 0 0 0 0 0 0 0 0 0 0 0 0 1 13150.8 13150.8 13150.8 13150.8
0 0 1 0 0 1 0 0 0 0 0 4.55699e-08 -0 0 0 -0 0 0 0 0 0 0 0 0 0 0 0 0 0 1 13150.8 13150.8 13150.8 13150.8
0 0 1 0 0 1 0 0 0 0 0 4.33262e-08 -0 0 0 -0 0 0 0 0 0 0 0 0 0 0 0 0 0 1 13150.8 13150.8 13150.8 13150.8
0 0 1 0 0 1 0 0 0 0 0 4.10853e-08 -0 0 0 -0 0 0 0 0 0 0 0 0 0 0 0 0 0 1 13150.8 13150.8 13150.8 13150.8
0 0 1 0 0 1 0 0 0 0 0 3.88414e-08 -0 0 0 -0 0 0 0 0 0 0 0 0 0 0 0 0 0 1 13150.8 13150.8 13150.8 13150.8
0 0 1 0 0 1 0 0 0 0 0 3.6795e-08 -0 0 0 -0 0 0 0 0 0 0 0 0 0 0 0 0 0 1 13150.8 13150.8 13150.8 13150.8
0 0 1 0 0 1 0 0 0 0 0 3.45746e-08 -0 0 0 -0 0 0 0 0 0 0 0 0 0 0 0 0 0 1 13150.8 13150.8 13150.8 13150.8
0 0 1 0 0 1 0 0 0 0 0 3.23341e-08 -0 0 0 -0 0 0 0 0 0 0 0 0 0 0 0 0 0 1 13150.8 13150.8 13150.8 13150.8
0 0 1 0 0 1 0 0 0 0 0 2.80481e-08 -0 0 0 -0 0 0 0 0 0 0 0 0 0 0 0 0 0 1 13150.8 13150.8 13150.8 13150.8
0 0 1 0 0 1 0 0 0 0 0 2.58149e-08 -0 0 0 -0 0 0 0 0 0 0 0 0 0 0 0 0 0 1 13150.8 13150.8 13150.8 13150.8
0 0 1 0 0 1 0 0 0 0 0 2.35765e-08 -0 0 0 -0 0 0 0 0 0 0 0 0 0 0 0 0 0 1 13150.8 13150.8 13150.8 13150.8
0 0 1 0 0 1 0 0 0 0 0 2.13735e-08 -0 0 0 -0 0 0 0 0 0 0 0 0 0 0 0 0 0 1 13150.8 13150.8 13150.8 13150.8
0 0 1 0 0 1 0 0 0 0 0 1.92815e-08 -0 0 0 -0 0 0 0 0 0 0 0 0 0 0 0 0 0 1 13150.8 13150.8 13150.8 13150.8
0 0 1 0 0 1 0 0 0 0 0 1.70564e-08 -0 0 0 -0 0 0 0 0 0 0 0 0 0 0 0 0 0 1 13150.8 13150.8 13150.8 13150.8
0 0 1 0 0 1 0 0 0 0 0 1.4809e-08 -0 0 0 -0 0 0 0 0 0 0 0 0 0 0 0 0 0 1 13150.8 13150.8 13150.8 13150.8
0 0 1 0 0 1 0 0 0 0 0 1.2573e-08 -0 0 0 -0 0 0 0 0 0 0 0 0 0 0 0 0 0 1 13150.8 13150.8 13150.8 13150.8
0 0 1 0 0 1 0 0 0 0 0 1.04996e-08 -0 0 0 -0 0 0 0 0 0 0 0 0 0 0 0 0 0 1 13150.8 13150.8 13150.8 13150.8
0 0 1 0 0 1 0 0 0 0 0 8.28908e-09 -0 0 0 -0 0 0 0 0 0 0 0 0 0 0 0 0 0 1 13150.8 13150.8 13150.8 13150.8
0 0 1 0 0 1 0 0 0 0 0 8.28908e-09 -0 0 0 -0 0 0 0 0 0 0 0 0 0 0 0 0 0 1 13150.8 13150.8 13150.8 13150.8
0 0 1 0 0 1 0 0 0 0 0 3.94586e-09 -0 0 0 -0 0 0 0 0 0 0 0 0 0 0 0 0 0 1 13150.8 13150.8 13150.8 13150.8
0 0 1 0 0 1 0 0 0 0 0 1.77783e-09 -0 0 0 -0 0 0 0 0 0 0 0 0 0 0 0 0 0 1 13150.8 13150.8 13150.8 13150.8
0 0 1 0 0 1 0 0 0 0 0 -4.61714e-10 -0 0 0 -0 0 0 0 0 0 0 0 0 0 0 0 0 0 1 13150.8 13150.8 13150.8 13150.8
0 0 1 0 0 1 0 0 0 0 0 -2.70768e-09 -0 0 0 -0 0 0 0 0 0 0 0 0 0 0 0 0 0 1 13150.8 13150.8 13150.8 13150.8
0 0 1 0 0 1 0 0 0 0 0 -4.93646e-09 -0 0 0 -0 0 0 0 0 0 0 0 0 0 0 0 0 0 1 13150.8 13150.8 13150.8 13150.8
0 0 1 0 0 1 0 0 0 0 0 -7.0003e-09 -0 0 0 -0 0 0 0 0 0 0 0 0 0 0 0 0 0 1 13150.8 13150.8 13150.8 13150.8
0 0 1 0 0 1 0 0 0 0 0 -9.21594e-09 -0 0 0 -0 0 0 0 0 0 0 0 0 0 0 0 0 0 1 13150.8 13150.8 13150.8 13150.8
0 0 1 0 0 1 0 0 0 0 0 -1.13844e-08 -0 0 0 -0 0 0 0 0 0 0 0 0 0 0 0 0 0 1 13150.8 13150.8 13150.8 13150.8
0 0 1 0 0 1 0 0 0 0 0 -1.35421e-08 -0 0 0 -0 0 0 0 0 0 0 0 0 0 0 0 0 0 1 13150.8 13150.8 13150.8 13150.8
0 0 1 0 0 1 0 0 0 0 0 -1.57459e-08 -0 0 0 -0 0 0 0 0 0 0 0 0 0 0 0 0 0 1 13150.8 13150.8 13150.8 13150.8
0 0 1 0 0 1 0 0 0 0 0 -1.79824e-08 -0 0 0 -0 0 0 0 0 0 0 0 0 0 0 0 0 0 1 13150.8 13150.8 13150.8 13150.8
0 0 1 0 0 1 0 0 0 0 0 -2.01188e-08 -0 0 0 -0 0 0 0 0 0 0 0 0 0 0 0 0 0 1 13150.8 13150.8 13150.8 13150.8
0 0 1 0 0 1 0 0 0 0 0 -2.24638e-08 -0 0 0 -0 0 0 0 0 0 0 0 0 0 0 0 0 0 1 13150.8 13150.8 13150.8 13150.8
0 0 1 0 0 1 0 0 0 0 0 -2.45048e-08 -0 0 0 -0 0 0 0 0 0 0 0 0 0 0 0 0 0 1 13150.8 13150.8 13150.8 13150.8
0 0 1 0 0 1 0 0 0 0 0 -2.67378e-08 -0 0 0 -0 0 0 0 0 0 0 0 0 0 0 0 0 0 1 13150.8 13150.8 13150.8 13150.8
0 0 1 0 0 1 0 0 0 0 0 -2.89783e-08 -0 0 0 -0 0 0 0 0 0 0 0 0 0 0 0 0 0 1 13150.8 13150.8 13150.8 13150.8
0 0 1 0 0 1 0 0 0 0 0 -3.12264e-08 -0 0 0 -0 0 0 0 0 0 0 0 0 0 0 0 0 0 1 13150.8 13150.8 13150.8 13150.8
0 0 1 0 0 1 0 0 0 0 0 -3.32561e-08 -0 0 0 -0 0 0 0 0 0 0 0 0 0 0 0 0 0 1 13150.8 13150.8 13150.8 13150.8
0 0 1 0 0 1 0 0 0 0 0 -3.54933e-08 -0 0 0 -0 0 0 0 0 0 0 0 0 0 0 0 0 0 1 13150.8 13150.8 13150.8 13150.8
0 0 1 0 0 1 0 0 0 0 0 -3.77333e-08 -0 0 0 -0 0 0 0 0 0 0 0 0 0 0 0 0 0 1 13150.8 13150.8 13150.8 13150.8
0 0 1 0 0 1 0 0 0 0 0 -3.77333e-08 -0 0 0 -0 0 0 0 0 0 0 0 0 0 0 0 0 0 1 13150.8 13150.8 13150.8 13150.8
0 0 1 0 0 1 0 0 0 0 0 -4.56773e-08 -0 0 0 -0 0 0 0 0 0 0 0 0 0 0 0 0 0 1 13150.8 13150.8 13150.8 13150.8
0 0 1 0 0 1 0 0 0 0 0 -4.80015e-08 -0 0 0 -0 0 0 0 0 0 0 0 0 0 0 0 0 0 1 13150.8 13150.8 13150.8 13150.8
0 0 1 0 0 1 0 0 0 0 0 -5.02371e-08 -0 0 0 -0 0 0 0 0 0 0 0 0 0 0 0 0 0 1 13150.8 13150.8 13150.8 13150.8
0 0 1 0 0 1 0 0 0 0 0 -5.24755e-08 -0 0 0 -0 0 0 0 0 0 0 0 0 0 0 0 0 0 1 13150.8 13150.8 13150.8 13150.8
0 0 1 0 0 1 0 0 0 0 0 -5.45187e-08 -0 0 0 -0 0 0 0 0 0 0 0 0 0 0 0 0 0 1 13150.8 13150.8 13150.8 13150.8
0 0 1 0 0 1 0 0 0 0 0 -5.67505e-08 -0 0 0 -0 0 0 0 0 0 0 0 0 0 0 0 0 0 1 13150.8 13150.8 13150.8 13150.8
0 0 1 0 0 1 0 0 0 0 0 -5.89967e-08 -0 0 0 -0 0 0 0 0 0 0 0 0 0 0 0 0 0 1 13150.8 13150.8 13150.8 13150.8
0 0 1 0 0 1 0 0 0 0 0 -6.12529e-08 -0 0 0 -0 0 0 0 0 0 0 0 0 0 0 0 0 0 1 13150.8 13150.8 13150.8 13150.8
0 0 1 0 0 1 0 0 0 0 0 -6.32832e-08 -0 0 0 -0 0 0 0 0 0 0 0 0 0 0 0 0 0 1 13150.8 13150.8 13150.8 13150.8
0 0 1 0 0 1 0 0 0 0 0 -6.55316e-08 -0 0 0 -0 0 0 0 0 0 0 0 0 0 0 0 0 0 1 13150.8 13150.8 13150.8 13150.8
0 0 1 0 0 1 0 0 0 0 0 -6.77738e-08 -0 0 0 -0 0 0 0 0 0 0 0 0 0 0 0 0 0 1 13150.8 13150.8 13150.8 13150.8
0 0 1 0 0 1 0 0 0 0 0 -6.99062e-08 -0 0 0 -0 0 0 0 0 0 0 0 0 0 0 0 0 0 1 13150.8 13150.8 13150.8 13150.8
0 0 1 0 0 1 0 0 0 0 0 -7.20347e-08 -0 0 0 -0 0 0 0 0 0 0 0 0 0 0 0 0 0 1 13150.8 13150.8 13150.8 13150.8
0 0 1 0 0 1 0 0 0 0 0 -7.42671e-08 -0 0 0 -0 0 0 0 0 0 0 0 0 0 0 0 0 0 1 13150.8 13150.8 13150.8 13150.8
0 0 1 0 0 1 0 0 0 0 0 -7.6519e-08 -0 0 0 -0 0 0 0 0 0 0 0 0 0 0 0 0 0 1 13150.8 13150.8 13150.8 13150.8
0 0 1 0 0 1 0 0 0 0 0 -7.866e-08 -0 0 0 -0 0 0 0 0 0 0 0 0 0 0 0 0 0 1 13150.8 13150.8 13150.8 13150.8
0 0 1 0 0 1 0 0 0 0 0 -8.07887e-08 -0 0 0 -0 0 0 0 0 0 0 0 0 0 0 0 0 0 1 13150.8 13150.8 13150.8 13150.8
0 0 1 0 0 1 0 0 0 0 0 -8.30234e-08 -0 0 0 -0 0 0 0 0 0 0 0 0 0 0 0 0 0 1 13150.8 13150.8 13150.8 13150.8
0 0 1 0 0 1 0 0 0 0 0 -8.52657e-08 -0 0 0 -0 0 0 0 0 0 0 0 0 0 0 0 0 0 1 13150.8 13150.8 13150.8 13150.8
0 0 1 0 0 1 0 0 0 0 0 -8.7497e-08 -0 0 0 -0 0 0 0 0 0 0 0 0 0 0 0 0 0 1 13150.8 13150.8 13150.8 13150.8
0 0 1 0 0 1 0 0 0 0 0 -9.07766e-08 -0 0 0 -0 0 0 0 0 0 0 0 0 0 0 0 0 0 1 13150.8 13150.8 13150.8 13150.8
0 0 1 0 0 1 0 0 0 0 0 -9.17815e-08 -0 0 0 -0 0 0 0 0 0 0 0 0 0 0 0 0 0 1 13150.8 13150.8 13150.8 13150.8
0 0 1 0 0 1 0 0 0 0 0 -9.40213e-08 -0 0 0 -0 0 0 0 0 0 0 0 0 0 0 0 0 0 1 13150.8 13150.8 13150.8 13150.8
0 0 1 0 0 1 0 0 0 0 0 -9.62543e-08 -0 0 0 -0 0 0 0 0 0 0 0 0 0 0 0 0 0 1 13150.8 13150.8 13150.8 13150.8
0 0 1 0 0 1 0 0 0 0 0 -9.83102e-08 -0 0 0 -0 0 0 0 0 0 0 0 0 0 0 0 0 0 1 13150.8 13150.8 13150.8 13150.8
0 0 1 0 0 1 0 0 0 0 0 -1.00555e-07 -0 0 0 -0 0 0 0 0 0 0 0 0 0 0 0 0 0 1 13150.8 13150.8 13150.8 13150.8
0 0 1 0 0 1 0 0 0 0 0 -1.02778e-07 -0 0 0 -0 0 0 0 0 0 0 0 0 0 0 0 0 0 1 13150.8 13150.8 13150.8 13150.8
0 0 1 0 0 1 0 0 0 0 0 -1.0494e-07 -0 0 0 -0 0 0 0 0 0 0 0 0 0 0 0 0 0 1 13150.8 13150.8 13150.8 13150.8
0 0 1 0 0 1 0 0 0 0 0 -1.07065e-07 -0 0 0 -0 0 0 0 0 0 0 0 0 0 0 0 0 0 1 13150.8 13150.8 13150.8 13150.8
0 0 1 0 0 1 0 0 0 0 0 -1.09309e-07 -0 0 0 -0 0 0 0 0 0 0 0 0 0 0 0 0 0 1 13150.8 13150.8 13150.8 13150.8
0 0 1 0 0 1 0 0 0 0 0 -1.11539e-07 -0 0 0 -0 0 0 0 0 0 0 0 0 0 0 0 0 0 1 13150.8 13150.8 13150.8 13150.8
0 0 1 0 0 1 0 0 0 0 0 -1.13698e-07 -0 0 0 -0 0 0 0 0 0 0 0 0 0 0 0 0 0 1 13150.8 13150.8 13150.8 13150.8
0 0 1 0 0 1 0 0 0 0 0 -1.15834e-07 -0 0 0 -0 0 0 0 0 0 0 0 0 0 0 0 0 0 1 13150.8 13150.8 13150.8 13150.8
0 0 1 0 0 1 0 0 0 0 0 -1.18066e-07 -0 0 0 -0 0 0 0 0 0 0 0 0 0 0 0 0 0 1 13150.8 13150.8 13150.8 13150.8
0 0 1 0 0 1 0 0 0 0 0 -1.20301e-07 -0 0 0 -0 0 0 0 0 0 0 0 0 0 0 0 0 0 1 13150.8 13150.8 13150.8 13150.8
0 0 1 0 0 1 0 0 0 0 0 -1.22532e-07 -0 0 0 -0 0 0 0 0 0 0 0 0 0 0 0 0 0 1 13150.8 13150.8 13150.8 13150.8
0 0 1 0 0 1 0 0 0 0 0 -1.24582e-07 -0 0 0 -0 0 0 0 0 0 0 0 0 0 0 0 0 0 1 13150.8 13150.8 13150.8 13150.8
0 0 1 0 0 1 0 0 0 0 0 -1.2682e-07 -0 0 0 -0 0 0 0 0 0 0 0 0 0 0 0 0 0 1 13150.8 13150.8 13150.8 13150.8
0 0 1 0 0 1 0 0 0 0 0 -1.29048e-07 -0 0 0 -0 0 0 0 0 0 0 0 0 0 0 0 0 0 1 13150.8 13150.8 13150.8 13150.8
0 0 1 0 0 1 0 0 0 0 0 -1.31338e-07 -0 0 0 -0 0 0 0 0 0 0 0 0 0 0 0 0 0 1 13150.8 13150.8 13150.8 13150.8
0 0 1 0 0 1 0 0 0 0 0 -1.3334e-07 -0 0 0 -0 0 0 0 0 0 0 0 0 0 0 0 0 0 1 13150.8 13150.8 13150.8 13150.8
0 0 1 0 0 1 0 0 0 0 0 -1.35577e-07 -0 0 0 -0 0 0 0 0 0 0 0 0 0 0 0 0 0 1 13150.8 13150.8 13150.8 13150.8
0 0 1 0 0 1 0 0 0 0 0 -1.3781e-07 -0 0 0 -0 0 0 0 0 0 0 0 0 0 0 0 0 0 1 13150.8 13150.8 13150.8 13150.8
0 0 1 0 0 1 0 0 0 0 0 -1.39957e-07 -0 0 0 -0 0 0 0 0 0 0 0 0 0 0 0 0 0 1 13150.8 13150.8 13150.8 13150.8
0 0 1 0 0 1 0 0 0 0 0 -1.4214e-07 -0 0 0 -0 0 0 0 0 0 0 0 0 0 0 0 0 0 1 13150.8 13150.8 13150.8 13150.8
0 0 1 0 0 1 0 0 0 0 0 -1.44337e-07 -0 0 0 -0 0 0 0 0 0 0 0 0 0 0 0 0 0 1 13150.8 13150.8 13150.8 13150.8
0 0 1 0 0 1 0 0 0 0 0 -1.46576e-07 -0 0 0 -0 0 0 0 0 0 0 0 0 0 0 0 0 0 1 13150.8 13150.8 13150.8 13150.8
0 0 1 0 0 1 0 0 0 0 0 -1.4881e-07 -0 0 0 -0 0 0 0 0 0 0 0 0 0 0 0 0 0 1 13150.8 13150.8 13150.8 13150.8
0 0 1 0 0 1 0 0 0 0 0 -1.50881e-07 -0 0 0 -0 0 0 0 0 0 0 0 0 0 0 0 0 0 1 13150.8 13150.8 13150.8 13150.8
0 0 1 0 0 1 0 0 0 0 0 -1.53059e-07 -0 0 0 -0 0 0 0 0 0 0 0 0 0 0 0 0 0 1 13150.8 13150.8 13150.8 13150.8
0 0 1 0 0 1 0 0 0 0 0 -1.55318e-07 -0 0 0 -0 0 0 0 0 0 0 0 0 0 0 0 0 0 1 13150.8 13150.8 13150.8 13150.8
0 0 1 0 0 1 0 0 0 0 0 -1.57472e-07 -0 0 0 -0 0 0 0 0 0 0 0 0 0 0 0 0 0 1 13150.8 13150.8 13150.8 13150.8
0 0 1 0 0 1 0 0 0 0 0 -1.59615e-07 -0 0 0 -0 0 0 0 0 0 0 0 0 0 0 0 0 0 1 13150.8 13150.8 13150.8 13150.8
0 0 1 0 0 1 0 0 0 0 0 -1.61854e-07 -0 0 0 -0 0 0 0 0 0 0 0 0 0 0 0 0 0 1 13150.8 13150.8 13150.8 13150.8
0 0 1 0 0 1 0 0 0 0 0 -1.64094e-07 -0 0 0 -0 0 0 0 0 0 0 0 0 0 0 0 0 0 1 13150.8 13150.8 13150.8 13150.8
0 0 1 0 0 1 0 0 0 0 0 -1.58896e-07 -0 0 0 -0 0 0 0 0 0 0 0 0 0 0 0 0 0 1 13150.8 13150.8 13150.8 13150.8
0 0 1 0 0 1 0 0 0 0 0 -1.54089e-07 -0 0 0 -0 0 0 0 0 0 0 0 0 0 0 0 0 0 1 13150.8 13150.8 13150.8 13150.8
0 0 1 0 0 1 0 0 0 0 0 -1.56311e-07 -0 0 0 -0 0 0 0 0 0 0 0 0 0 0 0 0 0 1 13150.8 13150.8 13150.8 13150.8
0 0 1 0 0 1 0 0 0 0 0 -1.58572e-07 -0 0 0 -0 0 0 0 0 0 0 0 0 0 0 0 0 0 1 13150.8 13150.8 13150.8 13150.8
0 0 1 0 0 1 0 0 0 0 0 -1.60709e-07 -0 0 0 -0 0 0 0 0 0 0 0 0 0 0 0 0 0 1 13150.8 13150.8 13150.8 13150.8
0 0 1 0 0 1 0 0 0 0 0 -1.55721e-07 -0 0 0 -0 0 0 0 0 0 0 0 0 0 0 0 0 0 1 13150.8 13150.8 13150.8 13150.8
0 0 1 0 0 1 0 0 0 0 0 -1.50661e-07 -0 0 0 -0 0 0 0 0 0 0 0 0 0 0 0 0 0 1 13150.8 13150.8 13150.8 13150.8
0 0 1 0 0 1 0 0 0 0 0 -1.52888e-07 -0 0 0 -0 0 0 0 0 0 0 0 0 0 0 0 0 0 1 13150.8 13150.8 13150.8 13150.8
0 0 1 0 0 1 0 0 0 0 0 -1.55105e-07 -0 0 0 -0 0 0 0 0 0 0 0 0 0 0 0 0 0 1 13150.8 13150.8 13150.8 13150.8
0 0 1 0 0 1 0 0 0 0 0 -1.50235e-07 -0 0 0 -0 0 0 0 0 0 0 0 0 0 0 0 0 0 1 13150.8 13150.8 13150.8 13150.8
0 0 1 0 0 1 0 0 0 0 0 -1.44916e-07 -0 0 0 -0 0 0 0 0 0 0 0 0 0 0 0 0 0 1 13150.8 13150.8 13150.8 13150.8
0 0 1 0 0 1 0 0 0 0 0 -1.47137e-07 -0 0 0 -0 0 0 0 0 0 0 0 0 0 0 0 0 0 1 13150.8 13150.8 13150.8 13150.8
0 0 1 0 0 1 0 0 0 0 0 -1.41931e-07 -0 0 0 -0 0 0 0 0 0 0 0 0 0 0 0 0 0 1 13150.8 13150.8 13150.8 13150.8
0 0 1 0 0 1 0 0 0 0 0 -1.37158e-07 -0 0 0 -0 0 0 0 0 0 0 0 0 0 0 0 0 0 1 13150.8 13150.8 13150.8 13150.8
0 0 1 0 0 1 0 0 0 0 0 -1.39376e-07 -0 0 0 -0 0 0 0 0 0 0 0 0 0 0 0 0 0 1 13150.8 13150.8 13150.8 13150.8
0 0 1 0 0 1 0 0 0 0 0 -1.41614e-07 -0 0 0 -0 0 0 0 0 0 0 0 0 0 0 0 0 0 1 13150.8 13150.8 13150.8 13150.8
0 0 1 0 0 1 0 0 0 0 0 -1.36396e-07 -0 0 0 -0 0 0 0 0 0 0 0 0 0 0 0 0 0 1 13150.8 13150.8 13150.8 13150.8
0 0 1 0 0 1 0 0 0 0 0 -1.31656e-07 -0 0 0 -0 0 0 0 0 0 0 0 0 0 0 0 0 0 1 13150.8 13150.8 13150.8 13150.8
0 0 1 0 0 1 0 0 0 0 0 -1.33892e-07 -0 0 0 -0 0 0 0 0 0 0 0 0 0 0 0 0 0 1 13150.8 13150.8 13150.8 13150.8
0 0 1 0 0 1 0 0 0 0 0 -1.3614e-07 -0 0 0 -0 0 0 0 0 0 0 0 0 0 0 0 0 0 1 13150.8 13150.8 13150.8 13150.8
0 0 1 0 0 1 0 0 0 0 0 -1.30845e-07 -0 0 0 -0 0 0 0 0 0 0 0 0 0 0 0 0 0 1 13150.8 13150.8 13150.8 13150.8
0 0 1 0 0 1 0 0 0 0 0 -1.26169e-07 -0 0 0 -0 0 0 0 0 0 0 0 0 0 0 0 0 0 1 13150.8 13150.8 13150.8 13150.8
0 0 1 0 0 1 0 0 0 0 0 -1.28386e-07 -0 0 0 -0 0 0 0 0 0 0 0 0 0 0 0 0 0 1 13150.8 13150.8 13150.8 13150.8
0 0 1 0 0 1 0 0 0 0 0 -1.30638e-07 -0 0 0 -0 0 0 0 0 0 0 0 0 0 0 0 0 0 1 13150.8 13150.8 13150.8 13150.8
0 0 1 0 0 1 0 0 0 0 0 -1.25415e-07 -0 0 0 -0 0 0 0 0 0 0 0 0 0 0 0 0 0 1 13150.8 13150.8 13150.8 13150.8
0 0 1 0 0 1 0 0 0 0 0 -1.20657e-07 -0 0 0 -0 0 0 0 0 0 0 0 0 0 0 0 0 0 1 13150.8 13150.8 13150.8 13150.8
0 0 1 0 0 1 0 0 0 0 0 -1.22869e-07 -0 0 0 -0 0 0 0 0 0 0 0 0 0 0 0 0 0 1 13150.8 13150.8 13150.8 13150.8
0 0 1 0 0 1 0 0 0 0 0 -1.25499e-07 -0 0 0 -0 0 0 0 0 0 0 0 0 0 0 0 0 0 1 13150.8 13150.8 13150.8 13150.8
0 0 1 0 0 1 0 0 0 0 0 -1.2733e-07 -0 0 0 -0 0 0 0 0 0 0 0 0 0 0 0 0 0 1 13150.8 13150.8 13150.8 13150.8
0 0 1 0 0 1 0 0 0 0 0 -1.22335e-07 -0 0 0 -0 0 0 0 0 0 0 0 0 0 0 0 0 0 1 13150.8 13150.8 13150.8 13150.8
0 0 1 0 0 1 0 0 0 0 0 -1.24508e-07 -0 0 0 -0 0 0 0 0 0 0 0 0 0 0 0 0 0 1 13150.8 13150.8 13150.8 13150.8
0 0 1 0 0 1 0 0 0 0 0 -1.19497e-07 -0 0 0 -0 0 0 0 0 0 0 0 0 0 0 0 0 0 1 13150.8 13150.8 13150.8 13150.8
0 0 1 0 0 1 0 0 0 0 0 -1.21742e-07 -0 0 0 -0 0 0 0 0 0 0 0 0 0 0 0 0 0 1 13150.8 13150.8 13150.8 13150.8
0 0 1 0 0 1 0 0 0 0 0 -1.16798e-07 -0 0 0 -0 0 0 0 0 0 0 0 0 0 0 0 0 0 1 13150.8 13150.8 13150.8 13150.8
0 0 1 0 0 1 0 0 0 0 0 -1.19033e-07 -0 0 0 -0 0 0 0 0 0 0 0 0 0 0 0 0 0 1 13150.8 13150.8 13150.8 13150.8
0 0 1 0 0 1 0 0 0 0 0 -1.13827e-07 -0 0 0 -0 0 0 0 0 0 0 0 0 0 0 0 0 0 1 13150.8 13150.8 13150.8 13150.8
0 0 1 0 0 1 0 0 0 0 0 -1.1607e-07 -0 0 0 -0 0 0 0 0 0 0 0 0 0 0 0 0 0 1 13150.8 13150.8 13150.8 13150.8
0 0 1 0 0 1 0 0 0 0 0 -1.11324e-07 -0 0 0 -0 0 0 0 0 0 0 0 0 0 0 0 0 0 1 13150.8 13150.8 13150.8 13150.8
0 0 1 0 0 1 0 0 0 0 0 -1.13575e-07 -0 0 0 -0 0 0 0 0 0 0 0 0 0 0 0 0 0 1 13150.8 13150.8 13150.8 13150.8
0 0 1 0 0 1 0 0 0 0 0 -1.08357e-07 -0 0 0 -0 0 0 0 0 0 0 0 0 0 0 0 0 0 1 13150.8 13150.8 13150.8 13150.8
0 0 1 0 0 1 0 0 0 0 0 -1.10606e-07 -0 0 0 -0 0 0 0 0 0 0 0 0 0 0 0 0 0 1 13150.8 13150.8 13150.8 13150.8
0 0 1 0 0 1 0 0 0 0 0 -1.12629e-07 -0 0 0 -0 0 0 0 0 0 0 0 0 0 0 0 0 0 1 13150.8 13150.8 13150.8 13150.8
0 0 1 0 0 1 0 0 0 0 0 -1.07472e-07 -0 0 0 -0 0 0 0 0 0 0 0 0 0 0 0 0 0 1 13150.8 13150.8 13150.8 13150.8
0 0 1 0 0 1 0 0 0 0 0 -1.09742e-07 -0 0 0 -0 0 0 0 0 0 0 0 0 0 0 0 0 0 1 13150.8 13150.8 13150.8 13150.8
0 0 1 0 0 1 0 0 0 0 0 -1.0456e-07 -0 0 0 -0 0 0 0 0 0 0 0 0 0 0 0 0 0 1 13150.8 13150.8 13150.8 13150.8
0 0 1 0 0 1 0 0 0 0 0 -9.98176e-08 -0 0 0 -0 0 0 0 0 0 0 0 0 0 0 0 0 0 1 13150.8 13150.8 13150.8 13150.8
0 0 1 0 0 1 0 0 0 0 0 -1.02067e-07 -0 0 0 -0 0 0 0 0 0 0 0 0 0 0 0 0 0 1 13150.8 13150.8 13150.8 13150.8
0 0 1 0 0 1 0 0 0 0 0 -1.04298e-07 -0 0 0 -0 0 0 0 0 0 0 0 0 0 0 0 0 0 1 13150.8 13150.8 13150.8 13150.8
0 0 1 0 0 1 0 0 0 0 0 -1.06785e-07 -0 0 0 -0 0 0 0 0 0 0 0 0 0 0 0 0 0 1 13150.8 13150.8 13150.8 13150.8
0 0 1 0 0 1 0 0 0 0 0 -1.02593e-07 -0 0 0 -0 0 0 0 0 0 0 0 0 0 0 0 0 0 1 13150.8 13150.8 13150.8 13150.8
0 0 1 0 0 1 0 0 0 0 0 -1.04837e-07 -0 0 0 -0 0 0 0 0 0 0 0 0 0 0 0 0 0 1 13150.8 13150.8 13150.8 13150.8
0 0 1 0 0 1 0 0 0 0 0 -9.96782e-08 -0 0 0 -0 0 0 0 0 0 0 0 0 0 0 0 0 0 1 13150.8 13150.8 13150.8 13150.8
0 0 1 0 0 1 0 0 0 0 0 -1.0184e-07 -0 0 0 -0 0 0 0 0 0 0 0 0 0 0 0 0 0 1 13150.8 13150.8 13150.8 13150.8
0 0 1 0 0 1 0 0 0 0 0 -1.03964e-07 -0 0 0 -0 0 0 0 0 0 0 0 0 0 0 0 0 0 1 13150.8 13150.8 13150.8 13150.8
0 0 1 0 0 1 0 0 0 0 0 -9.86917e-08 -0 0 0 -0 0 0 0 0 0 0 0 0 0 0 0 0 0 1 13150.8 13150.8 13150.8 13150.8
0 0 1 0 0 1 0 0 0 0 0 -9.35512e-08 -0 0 0 -0 0 0 0 0 0 0 0 0 0 0 0 0 0 1 13150.8 13150.8 13150.8 13150.8
0 0 1 0 0 1 0 0 0 0 0 -9.57989e-08 -0 0 0 -0 0 0 0 0 0 0 0 0 0 0 0 0 0 1 13150.8 13150.8 13150.8 13150.8
0 0 1 0 0 1 0 0 0 0 0 -9.78771e-08 -0 0 0 -0 0 0 0 0 0 0 0 0 0 0 0 0 0 1 13150.8 13150.8 13150.8 13150.8
0 0 1 0 0 1 0 0 0 0 0 -9.27669e-08 -0 0 0 -0 0 0 0 0 0 0 0 0 0 0 0 0 0 1 13150.8 13150.8 13150.8 13150.8
0 0 1 0 0 1 0 0 0 0 0 -9.50229e-08 -0 0 0 -0 0 0 0 0 0 0 0 0 0 0 0 0 0 1 13150.8 13150.8 13150.8 13150.8
0 0 1 0 0 1 0 0 0 0 0 -8.98404e-08 -0 0 0 -0 0 0 0 0 0 0 0 0 0 0 0 0 0 1 13150.8 13150.8 13150.8 13150.8
0 0 1 0 0 1 0 0 0 0 0 -8.51049e-08 -0 0 0 -0 0 0 0 0 0 0 0 0 0 0 0 0 0 1 13150.8 13150.8 13150.8 13150.8
0 0 1 0 0 1 0 0 0 0 0 -8.73377e-08 -0 0 0 -0 0 0 0 0 0 0 0 0 0 0 0 0 0 1 13150.8 13150.8 13150.8 13150.8
0 0 1 0 0 1 0 0 0 0 0 -8.95887e-08 -0 0 0 -0 0 0 0 0 0 0 0 0 0 0 0 0 0 1 13150.8 13150.8 13150.8 13150.8
0 0 1 0 0 1 0 0 0 0 0 -9.18269e-08 -0 0 0 -0 0 0 0 0 0 0 0 0 0 0 0 0 0 1 13150.8 13150.8 13150.8 13150.8
0 0 1 0 0 1 0 0 0 0 0 -8.70909e-08 -0 0 0 -0 0 0 0 0 0 0 0 0 0 0 0 0 0 1 13150.8 13150.8 13150.8 13150.8
0 0 1 0 0 1 0 0 0 0 0 -8.92892e-08 -0 0 0 -0 0 0 0 0 0 0 0 0 0 0 0 0 0 1 13150.8 13150.8 13150.8 13150.8
0 0 1 0 0 1 0 0 0 0 0 -8.39754e-08 -0 0 0 -0 0 0 0 0 0 0 0 0 0 0 0 0 0 1 13150.8 13150.8 13150.8 13150.8
0 0 1 0 0 1 0 0 0 0 0 -8.62153e-08 -0 0 0 -0 0 0 0 0 0 0 0 0 0 0 0 0 0 1 13150.8 13150.8 13150.8 13150.8
0 0 1 0 0 1 0 0 0 0 0 -8.82712e-08 -0 0 0 -0 0 0 0 0 0 0 0 0 0 0 0 0 0 1 13150.8 13150.8 13150.8 13150.8
0 0 1 0 0 1 0 0 0 0 0 -8.31057e-08 -0 0 0 -0 0 0 0 0 0 0 0 0 0 0 0 0 0 1 13150.8 13150.8 13150.8 13150.8
0 0 1 0 0 1 0 0 0 0 0 -8.53421e-08 -0 0 0 -0 0 0 0 0 0 0 0 0 0 0 0 0 0 1 13150.8 13150.8 13150.8 13150.8
0 0 1 0 0 1 0 0 0 0 0 -8.02965e-08 -0 0 0 -0 0 0 0 0 0 0 0 0 0 0 0 0 0 1 13150.8 13150.8 13150.8 13150.8
0 0 1 0 0 1 0 0 0 0 0 -8.24169e-08 -0 0 0 -0 0 0 0 0 0 0 0 0 0 0 0 0 0 1 13150.8 13150.8 13150.8 13150.8
0 0 1 0 0 1 0 0 0 0 0 -8.46518e-08 -0 0 0 -0 0 0 0 0 0 0 0 0 0 0 0 0 0 1 13150.8 13150.8 13150.8 13150.8
0 0 1 0 0 1 0 0 0 0 0 -7.96317e-08 -0 0 0 -0 0 0 0 0 0 0 0 0 0 0 0 0 0 1 13150.8 13150.8 13150.8 13150.8
0 0 1 0 0 1 0 0 0 0 0 -8.19477e-08 -0 0 0 -0 0 0 0 0 0 0 0 0 0 0 0 0 0 1 13150.8 13150.8 13150.8 13150.8
0 0 1 0 0 1 0 0 0 0 0 -7.71941e-08 -0 0 0 -0 0 0 0 0 0 0 0 0 0 0 0 0 0 1 13150.8 13150.8 13150.8 13150.8
0 0 1 0 0 1 0 0 0 0 0 -7.94344e-08 -0 0 0 -0 0 0 0 0 0 0 0 0 0 0 0 0 0 1 13150.8 13150.8 13150.8 13150.8
0 0 1 0 0 1 0 0 0 0 0 -7.42225e-08 -0 0 0 -0 0 0 0 0 0 0 0 0 0 0 0 0 0 1 13150.8 13150.8 13150.8 13150.8
0 0 1 0 0 1 0 0 0 0 0 -7.64594e-08 -0 0 0 -0 0 0 0 0 0 0 0 0 0 0 0 0 0 1 13150.8 13150.8 13150.8 13150.8
0 0 1 0 0 1 0 0 0 0 0 -7.85108e-08 -0 0 0 -0 0 0 0 0 0 0 0 0 0 0 0 0 0 1 13150.8 13150.8 13150.8 13150.8
0 0 1 0 0 1 0 0 0 0 0 -7.33688e-08 -0 0 0 -0 0 0 0 0 0 0 0 0 0 0 0 0 0 1 13150.8 13150.8 13150.8 13150.8
0 0 1 0 0 1 0 0 0 0 0 -7.55588e-08 -0 0 0 -0 0 0 0 0 0 0 0 0 0 0 0 0 0 1 13150.8 13150.8 13150.8 13150.8
0 0 1 0 0 1 0 0 0 0 0 -7.78773e-08 -0 0 0 -0 0 0 0 0 0 0 0 0 0 0 0 0 0 1 13150.8 13150.8 13150.8 13150.8
0 0 1 0 0 1 0 0 0 0 0 -7.99174e-08 -0 0 0 -0 0 0 0 0 0 0 0 0 0 0 0 0 0 1 13150.8 13150.8 13150.8 13150.8
0 0 1 0 0 1 0 0 0 0 0 -7.4714e-08 -0 0 0 -0 0 0 0 0 0 0 0 0 0 0 0 0 0 1 13150.8 13150.8 13150.8 13150.8
0 0 1 0 0 1 0 0 0 0 0 -6.95164e-08 -0 0 0 -0 0 0 0 0 0 0 0 0 0 0 0 0 0 1 13150.8 13150.8 13150.8 13150.8
0 0 1 0 0 1 0 0 0 0 0 -7.17656e-08 -0 0 0 -0 0 0 0 0 0 0 0 0 0 0 0 0 0 1 13150.8 13150.8 13150.8 13150.8
0 0 1 0 0 1 0 0 0 0 0 -7.38268e-08 -0 0 0 -0 0 0 0 0 0 0 0 0 0 0 0 0 0 1 13150.8 13150.8 13150.8 13150.8
0 0 1 0 0 1 0 0 0 0 0 -6.8644e-08 -0 0 0 -0 0 0 0 0 0 0 0 0 0 0 0 0 0 1 13150.8 13150.8 13150.8 13150.8
0 0 1 0 0 1 0 0 0 0 0 -7.07816e-08 -0 0 0 -0 0 0 0 0 0 0 0 0 0 0 0 0 0 1 13150.8 13150.8 13150.8 13150.8
0 0 1 0 0 1 0 0 0 0 0 -6.55623e-08 -0 0 0 -0 0 0 0 0 0 0 0 0 0 0 0 0 0 1 13150.8 13150.8 13150.8 13150.8
0 0 1 0 0 1 0 0 0 0 0 -6.05741e-08 -0 0 0 -0 0 0 0 0 0 0 0 0 0 0 0 0 0 1 13150.8 13150.8 13150.8 13150.8
0 0 1 0 0 1 0 0 0 0 0 -6.27917e-08 -0 0 0 -0 0 0 0 0 0 0 0 0 0 0 0 0 0 1 13150.8 13150.8 13150.8 13150.8
0 0 1 0 0 1 0 0 0 0 0 -6.4951e-08 -0 0 0 -0 0 0 0 0 0 0 0 0 0 0 0 0 0 1 13150.8 13150.8 13150.8 13150.8
0 0 1 0 0 1 0 0 0 0 0 -6.72746e-08 -0 0 0 -0 0 0 0 0 0 0 0 0 0 0 0 0 0 1 13150.8 13150.8 13150.8 13150.8
0 0 1 0 0 1 0 0 0 0 0 -6.93163e-08 -0 0 0 -0 0 0 0 0 0 0 0 0 0 0 0 0 0 1 13150.8 13150.8 13150.8 13150.8
0 0 1 0 0 1 0 0 0 0 0 -6.40177e-08 -0 0 0 -0 0 0 0 0 0 0 0 0 0 0 0 0 0 1 13150.8 13150.8 13150.8 13150.8
0 0 1 0 0 1 0 0 0 0 0 -6.61225e-08 -0 0 0 -0 0 0 0 0 0 0 0 0 0 0 0 0 0 1 13150.8 13150.8 13150.8 13150.8
0 0 1 0 0 1 0 0 0 0 0 -6.06997e-08 -0 0 0 -0 0 0 0 0 0 0 0 0 0 0 0 0 0 1 13150.8 13150.8 13150.8 13150.8
0 0 1 0 0 1 0 0 0 0 0 -5.59485e-08 -0 0 0 -0 0 0 0 0 0 0 0 0 0 0 0 0 0 1 13150.8 13150.8 13150.8 13150.8
0 0 1 0 0 1 0 0 0 0 0 -5.81565e-08 -0 0 0 -0 0 0 0 0 0 0 0 0 0 0 0 0 0 1 13150.8 13150.8 13150.8 13150.8
0 0 1 0 0 1 0 0 0 0 0 -6.04274e-08 -0 0 0 -0 0 0 0 0 0 0 0 0 0 0 0 0 0 1 13150.8 13150.8 13150.8 13150.8
0 0 1 0 0 1 0 0 0 0 0 -6.26644e-08 -0 0 0 -0 0 0 0 0 0 0 0 0 0 0 0 0 0 1 13150.8 13150.8 13150.8 13150.8
0 0 1 0 0 1 0 0 0 0 0 -6.47262e-08 -0 0 0 -0 0 0 0 0 0 0 0 0 0 0 0 0 0 1 13150.8 13150.8 13150.8 13150.8
0 0 1 0 0 1 0 0 0 0 0 -5.95396e-08 -0 0 0 -0 0 0 0 0 0 0 0 0 0 0 0 0 0 1 13150.8 13150.8 13150.8 13150.8
0 0 1 0 0 1 0 0 0 0 0 -6.16815e-08 -0 0 0 -0 0 0 0 0 0 0 0 0 0 0 0 0 0 1 13150.8 13150.8 13150.8 13150.8
0 0 1 0 0 1 0 0 0 0 0 -6.38107e-08 -0 0 0 -0 0 0 0 0 0 0 0 0 0 0 0 0 0 1 13150.8 13150.8 13150.8 13150.8
0 0 1 0 0 1 0 0 0 0 0 -5.8568e-08 -0 0 0 -0 0 0 0 0 0 0 0 0 0 0 0 0 0 1 13150.8 13150.8 13150.8 13150.8
0 0 1 0 0 1 0 0 0 0 0 -6.08017e-08 -0 0 0 -0 0 0 0 0 0 0 0 0 0 0 0 0 0 1 13150.8 13150.8 13150.8 13150.8
0 0 1 0 0 1 0 0 0 0 0 -5.55972e-08 -0 0 0 -0 0 0 0 0 0 0 0 0 0 0 0 0 0 1 13150.8 13150.8 13150.8 13150.8
0 0 1 0 0 1 0 0 0 0 0 -5.77647e-08 -0 0 0 -0 0 0 0 0 0 0 0 0 0 0 0 0 0 1 13150.8 13150.8 13150.8 13150.8
0 0 1 0 0 1 0 0 0 0 0 -5.98854e-08 -0 0 0 -0 0 0 0 0 0 0 0 0 0 0 0 0 0 1 13150.8 13150.8 13150.8 13150.8
0 0 1 0 0 1 0 0 0 0 0 -5.46695e-08 -0 0 0 -0 0 0 0 0 0 0 0 0 0 0 0 0 0 1 13150.8 13150.8 13150.8 13150.8
0 0 1 0 0 1 0 0 0 0 0 -5.6804e-08 -0 0 0 -0 0 0 0 0 0 0 0 0 0 0 0 0 0 1 13150.8 13150.8 13150.8 13150.8
0 0 1 0 0 1 0 0 0 0 0 -5.91475e-08 -0 0 0 -0 0 0 0 0 0 0 0 0 0 0 0 0 0 1 13150.8 13150.8 13150.8 13150.8
0 0 1 0 0 1 0 0 0 0 0 -6.11857e-08 -0 0 0 -0 0 0 0 0 0 0 0 0 0 0 0 0 0 1 13150.8 13150.8 13150.8 13150.8
0 0 1 0 0 1 0 0 0 0 0 -5.5961e-08 -0 0 0 -0 0 0 0 0 0 0 0 0 0 0 0 0 0 1 13150.8 13150.8 13150.8 13150.8
0 0 1 0 0 1 0 0 0 0 0 -5.09885e-08 -0 0 0 -0 0 0 0 0 0 0 0 0 0 0 0 0 0 1 13150.8 13150.8 13150.8 13150.8
0 0 1 0 0 1 0 0 0 0 0 -5.31313e-08 -0 0 0 -0 0 0 0 0 0 0 0 0 0 0 0 0 0 1 13150.8 13150.8 13150.8 13150.8
0 0 1 0 0 1 0 0 0 0 0 -5.53669e-08 -0 0 0 -0 0 0 0 0 0 0 0 0 0 0 0 0 0 1 13150.8 13150.8 13150.8 13150.8
0 0 1 0 0 1 0 0 0 0 0 -5.01466e-08 -0 0 0 -0 0 0 0 0 0 0 0 0 0 0 0 0 0 1 13150.8 13150.8 13150.8 13150.8
0 0 1 0 0 1 0 0 0 0 0 -4.49194e-08 -0 0 0 -0 0 0 0 0 0 0 0 0 0 0 0 0 0 1 13150.8 13150.8 13150.8 13150.8
0 0 1 0 0 1 0 0 0 0 0 -4.70573e-08 -0 0 0 -0 0 0 0 0 0 0 0 0 0 0 0 0 0 1 13150.8 13150.8 13150.8 13150.8
0 0 1 0 0 1 0 0 0 0 0 -4.91861e-08 -0 0 0 -0 0 0 0 0 0 0 0 0 0 0 0 0 0 1 13150.8 13150.8 13150.8 13150.8
0 0 1 0 0 1 0 0 0 0 0 -5.14395e-08 -0 0 0 -0 0 0 0 0 0 0 0 0 0 0 0 0 0 1 13150.8 13150.8 13150.8 13150.8
0 0 1 0 0 1 0 0 0 0 0 -5.36776e-08 -0 0 0 -0 0 0 0 0 0 0 0 0 0 0 0 0 0 1 13150.8 13150.8 13150.8 13150.8
0 0 1 0 0 1 0 0 0 0 0 -4.84886e-08 -0 0 0 -0 0 0 0 0 0 0 0 0 0 0 0 0 0 1 13150.8 13150.8 13150.8 13150.8
0 0 1 0 0 1 0 0 0 0 0 -4.36979e-08 -0 0 0 -0 0 0 0 0 0 0 0 0 0 0 0 0 0 1 13150.8 13150.8 13150.8 13150.8
0 0 1 0 0 1 0 0 0 0 0 -4.59257e-08 -0 0 0 -0 0 0 0 0 0 0 0 0 0 0 0 0 0 1 13150.8 13150.8 13150.8 13150.8
0 0 1 0 0 1 0 0 0 0 0 -4.84298e-08 -0 0 0 -0 0 0 0 0 0 0 0 0 0 0 0 0 0 1 13150.8 13150.8 13150.8 13150.8
0 0 1 0 0 1 0 0 0 0 0 -5.03041e-08 -0 0 0 -0 0 0 0 0 0 0 0 0 0 0 0 0 0 1 13150.8 13150.8 13150.8 13150.8
0 0 1 0 0 1 0 0 0 0 0 -5.2444e-08 -0 0 0 -0 0 0 0 0 0 0 0 0 0 0 0 0 0 1 13150.8 13150.8 13150.8 13150.8
0 0 1 0 0 1 0 0 0 0 0 -4.71331e-08 -0 0 0 -0 0 0 0 0 0 0 0 0 0 0 0 0 0 1 13150.8 13150.8 13150.8 13150.8
0 0 1 0 0 1 0 0 0 0 0 -4.93233e-08 -0 0 0 -0 0 0 0 0 0 0 0 0 0 0 0 0 0 1 13150.8 13150.8 13150.8 13150.8
0 0 1 0 0 1 0 0 0 0 0 -4.43202e-08 -0 0 0 -0 0 0 0 0 0 0 0 0 0 0 0 0 0 1 13150.8 13150.8 13150.8 13150.8
0 0 1 0 0 1 0 0 0 0 0 -3.93454e-08 -0 0 0 -0 0 0 0 0 0 0 0 0 0 0 0 0 0 1 13150.8 13150.8 13150.8 13150.8
0 0 1 0 0 1 0 0 0 0 0 -4.15797e-08 -0 0 0 -0 0 0 0 0 0 0 0 0 0 0 0 0 0 1 13150.8 13150.8 13150.8 13150.8
0 0 1 0 0 1 0 0 0 0 0 -4.38218e-08 -0 0 0 -0 0 0 0 0 0 0 0 0 0 0 0 0 0 1 13150.8 13150.8 13150.8 13150.8
0 0 1 0 0 1 0 0 0 0 0 -4.59634e-08 -0 0 0 -0 0 0 0 0 0 0 0 0 0 0 0 0 0 1 13150.8 13150.8 13150.8 13150.8
0 0 1 0 0 1 0 0 0 0 0 -4.80976e-08 -0 0 0 -0 0 0 0 0 0 0 0 0 0 0 0 0 0 1 13150.8 13150.8 13150.8 13150.8
0 0 1 0 0 1 0 0 0 0 0 -4.28939e-08 -0 0 0 -0 0 0 0 0 0 0 0 0 0 0 0 0 0 1 13150.8 13150.8 13150.8 13150.8
0 0 1 0 0 1 0 0 0 0 0 -4.51328e-08 -0 0 0 -0 0 0 0 0 0 0 0 0 0 0 0 0 0 1 13150.8 13150.8 13150.8 13150.8
0 0 1 0 0 1 0 0 0 0 0 -3.99427e-08 -0 0 0 -0 0 0 0 0 0 0 0 0 0 0 0 0 0 1 13150.8 13150.8 13150.8 13150.8
0 0 1 0 0 1 0 0 0 0 0 -3.51736e-08 -0 0 0 -0 0 0 0 0 0 0 0 0 0 0 0 0 0 1 13150.8 13150.8 13150.8 13150.8
0 0 1 0 0 1 0 0 0 0 0 -3.74068e-08 -0 0 0 -0 0 0 0 0 0 0 0 0 0 0 0 0 0 1 13150.8 13150.8 13150.8 13150.8
0 0 1 0 0 1 0 0 0 0 0 -3.96539e-08 -0 0 0 -0 0 0 0 0 0 0 0 0 0 0 0 0 0 1 13150.8 13150.8 13150.8 13150.8
0 0 1 0 0 1 0 0 0 0 0 -4.18753e-08 -0 0 0 -0 0 0 0 0 0 0 0 0 0 0 0 0 0 1 13150.8 13150.8 13150.8 13150.8
0 0 1 0 0 1 0 0 0 0 0 -4.39294e-08 -0 0 0 -0 0 0 0 0 0 0 0 0 0 0 0 0 0 1 13150.8 13150.8 13150.8 13150.8
0 0 1 0 0 1 0 0 0 0 0 -3.87074e-08 -0 0 0 -0 0 0 0 0 0 0 0 0 0 0 0 0 0 1 13150.8 13150.8 13150.8 13150.8
0 0 1 0 0 1 0 0 0 0 0 -4.09518e-08 -0 0 0 -0 0 0 0 0 0 0 0 0 0 0 0 0 0 1 13150.8 13150.8 13150.8 13150.8
0 0 1 0 0 1 0 0 0 0 0 -4.3412e-08 -0 0 0 -0 0 0 0 0 0 0 0 0 0 0 0 0 0 1 13150.8 13150.8 13150.8 13150.8
0 0 1 0 0 1 0 0 0 0 0 -3.91894e-08 -0 0 0 -0 0 0 0 0 0 0 0 0 0 0 0 0 0 1 13150.8 13150.8 13150.8 13150.8
0 0 1 0 0 1 0 0 0 0 0 -4.1421e-08 -0 0 0 -0 0 0 0 0 0 0 0 0 0 0 0 0 0 1 13150.8 13150.8 13150.8 13150.8
0 0 1 0 0 1 0 0 0 0 0 -3.6223e-08 -0 0 0 -0 0 0 0 0 0 0 0 0 0 0 0 0 0 1 13150.8 13150.8 13150.8 13150.8
0 0 1 0 0 1 0 0 0 0 0 -3.82928e-08 -0 0 0 -0 0 0 0 0 0 0 0 0 0 0 0 0 0 1 13150.8 13150.8 13150.8 13150.8
0 0 1 0 0 1 0 0 0 0 0 -4.05113e-08 -0 0 0 -0 0 0 0 0 0 0 0 0 0 0 0 0 0 1 13150.8 13150.8 13150.8 13150.8
0 0 1 0 0 1 0 0 0 0 0 -3.53268e-08 -0 0 0 -0 0 0 0 0 0 0 0 0 0 0 0 0 0 1 13150.8 13150.8 13150.8 13150.8
0 0 1 0 0 1 0 0 0 0 0 -3.75687e-08 -0 0 0 -0 0 0 0 0 0 0 0 0 0 0 0 0 0 1 13150.8 13150.8 13150.8 13150.8
0 0 1 0 0 1 0 0 0 0 0 -3.98329e-08 -0 0 0 -0 0 0 0 0 0 0 0 0 0 0 0 0 0 1 13150.8 13150.8 13150.8 13150.8
0 0 1 0 0 1 0 0 0 0 0 -4.18655e-08 -0 0 0 -0 0 0 0 0 0 0 0 0 0 0 0 0 0 1 13150.8 13150.8 13150.8 13150.8
0 0 1 0 0 1 0 0 0 0 0 -3.66855e-08 -0 0 0 -0 0 0 0 0 0 0 0 0 0 0 0 0 0 1 13150.8 13150.8 13150.8 13150.8
0 0 1 0 0 1 0 0 0 0 0 -3.8942e-08 -0 0 0 -0 0 0 0 0 0 0 0 0 0 0 0 0 0 1 13150.8 13150.8 13150.8 13150.8
0 0 1 0 0 1 0 0 0 0 0 -3.37719e-08 -0 0 0 -0 0 0 0 0 0 0 0 0 0 0 0 0 0 1 13150.8 13150.8 13150.8 13150.8
0 0 1 0 0 1 0 0 0 0 0 -2.89604e-08 -0 0 0 -0 0 0 0 0 0 0 0 0 0 0 0 0 0 1 13150.8 13150.8 13150.8 13150.8
0 0 1 0 0 1 0 0 0 0 0 -3.11688e-08 -0 0 0 -0 0 0 0 0 0 0 0 0 0 0 0 0 0 1 13150.8 13150.8 13150.8 13150.8
0 0 1 0 0 1 0 0 0 0 0 -3.34292e-08 -0 0 0 -0 0 0 0 0 0 0 0 0 0 0 0 0 0 1 13150.8 13150.8 13150.8 13150.8
0 0 1 0 0 1 0 0 0 0 0 -3.56568e-08 -0 0 0 -0 0 0 0 0 0 0 0 0 0 0 0 0 0 1 13150.8 13150.8 13150.8 13150.8
0 0 1 0 0 1 0 0 0 0 0 -3.7701e-08 -0 0 0 -0 0 0 0 0 0 0 0 0 0 0 0 0 0 1 13150.8 13150.8 13150.8 13150.8
0 0 1 0 0 1 0 0 0 0 0 -3.2461e-08 -0 0 0 -0 0 0 0 0 0 0 0 0 0 0 0 0 0 1 13150.8 13150.8 13150.8 13150.8
0 0 1 0 0 1 0 0 0 0 0 -3.46939e-08 -0 0 0 -0 0 0 0 0 0 0 0 0 0 0 0 0 0 1 13150.8 13150.8 13150.8 13150.8
0 0 1 0 0 1 0 0 0 0 0 -3.68459e-08 -0 0 0 -0 0 0 0 0 0 0 0 0 0 0 0 0 0 1 13150.8 13150.8 13150.8 13150.8
0 0 1 0 0 1 0 0 0 0 0 -3.90062e-08 -0 0 0 -0 0 0 0 0 0 0 0 0 0 0 0 0 0 1 13150.8 13150.8 13150.8 13150.8
0 0 1 0 0 1 0 0 0 0 0 -3.38481e-08 -0 0 0 -0 0 0 0 0 0 0 0 0 0 0 0 0 0 1 13150.8 13150.8 13150.8 13150.8
0 0 1 0 0 1 0 0 0 0 0 -3.6066e-08 -0 0 0 -0 0 0 0 0 0 0 0 0 0 0 0 0 0 1 13150.8 13150.8 13150.8 13150.8
0 0 1 0 0 1 0 0 0 0 0 -3.81237e-08 -0 0 0 -0 0 0 0 0 0 0 0 0 0 0 0 0 0 1 13150.8 13150.8 13150.8 13150.8
0 0 1 0 0 1 0 0 0 0 0 -3.29476e-08 -0 0 0 -0 0 0 0 0 0 0 0 0 0 0 0 0 0 1 13150.8 13150.8 13150.8 13150.8
0 0 1 0 0 1 0 0 0 0 0 -3.51809e-08 -0 0 0 -0 0 0 0 0 0 0 0 0 0 0 0 0 0 1 13150.8 13150.8 13150.8 13150.8
0 0 1 0 0 1 0 0 0 0 0 -2.99613e-08 -0 0 0 -0 0 0 0 0 0 0 0 0 0 0 0 0 0 1 13150.8 13150.8 13150.8 13150.8
0 0 1 0 0 1 0 0 0 0 0 -3.22048e-08 -0 0 0 -0 0 0 0 0 0 0 0 0 0 0 0 0 0 1 13150.8 13150.8 13150.8 13150.8
0 0 1 0 0 1 0 0 0 0 0 -3.424e-08 -0 0 0 -0 0 0 0 0 0 0 0 0 0 0 0 0 0 1 13150.8 13150.8 13150.8 13150.8
0 0 1 0 0 1 0 0 0 0 0 -2.89926e-08 -0 0 0 -0 0 0 0 0 0 0 0 0 0 0 0 0 0 1 13150.8 13150.8 13150.8 13150.8
0 0 1 0 0 1 0 0 0 0 0 -3.12299e-08 -0 0 0 -0 0 0 0 0 0 0 0 0 0 0 0 0 0 1 13150.8 13150.8 13150.8 13150.8
0 0 1 0 0 1 0 0 0 0 0 -3.34881e-08 -0 0 0 -0 0 0 0 0 0 0 0 0 0 0 0 0 0 1 13150.8 13150.8 13150.8 13150.8
0 0 1 0 0 1 0 0 0 0 0 -3.55137e-08 -0 0 0 -0 0 0 0 0 0 0 0 0 0 0 0 0 0 1 13150.8 13150.8 13150.8 13150.8
0 0 1 0 0 1 0 0 0 0 0 -3.03485e-08 -0 0 0 -0 0 0 0 0 0 0 0 0 0 0 0 0 0 1 13150.8 13150.8 13150.8 13150.8
0 0 1 0 0 1 0 0 0 0 0 -3.25952e-08 -0 0 0 -0 0 0 0 0 0 0 0 0 0 0 0 0 0 1 13150.8 13150.8 13150.8 13150.8
0 0 1 0 0 1 0 0 0 0 0 -2.74039e-08 -0 0 0 -0 0 0 0 0 0 0 0 0 0 0 0 0 0 1 13150.8 13150.8 13150.8 13150.8
0 0 1 0 0 1 0 0 0 0 0 -2.25862e-08 -0 0 0 -0 0 0 0 0 0 0 0 0 0 0 0 0 0 1 13150.8 13150.8 13150.8 13150.8
0 0 1 0 0 1 0 0 0 0 0 -2.47275e-08 -0 0 0 -0 0 0 0 0 0 0 0 0 0 0 0 0 0 1 13150.8 13150.8 13150.8 13150.8
0 0 1 0 0 1 0 0 0 0 0 -2.69491e-08 -0 0 0 -0 0 0 0 0 0 0 0 0 0 0 0 0 0 1 13150.8 13150.8 13150.8 13150.8
0 0 1 0 0 1 0 0 0 0 0 -2.9312e-08 -0 0 0 -0 0 0 0 0 0 0 0 0 0 0 0 0 0 1 13150.8 13150.8 13150.8 13150.8
0 0 1 0 0 1 0 0 0 0 0 -3.13473e-08 -0 0 0 -0 0 0 0 0 0 0 0 0 0 0 0 0 0 1 13150.8 13150.8 13150.8 13150.8
0 0 1 0 0 1 0 0 0 0 0 -2.63402e-08 -0 0 0 -0 0 0 0 0 0 0 0 0 0 0 0 0 0 1 13150.8 13150.8 13150.8 13150.8
0 0 1 0 0 1 0 0 0 0 0 -2.85332e-08 -0 0 0 -0 0 0 0 0 0 0 0 0 0 0 0 0 0 1 13150.8 13150.8 13150.8 13150.8
0 0 1 0 0 1 0 0 0 0 0 -2.3455e-08 -0 0 0 -0 0 0 0 0 0 0 0 0 0 0 0 0 0 1 13150.8 13150.8 13150.8 13150.8
0 0 1 0 0 1 0 0 0 0 0 -1.83408e-08 -0 0 0 -0 0 0 0 0 0 0 0 0 0 0 0 0 0 1 13150.8 13150.8 13150.8 13150.8
0 0 1 0 0 1 0 0 0 0 0 -2.05878e-08 -0 0 0 -0 0 0 0 0 0 0 0 0 0 0 0 0 0 1 13150.8 13150.8 13150.8 13150.8
0 0 1 0 0 1 0 0 0 0 0 -2.28223e-08 -0 0 0 -0 0 0 0 0 0 0 0 0 0 0 0 0 0 1 13150.8 13150.8 13150.8 13150.8
0 0 1 0 0 1 0 0 0 0 0 -2.4987e-08 -0 0 0 -0 0 0 0 0 0 0 0 0 0 0 0 0 0 1 13150.8 13150.8 13150.8 13150.8
0 0 1 0 0 1 0 0 0 0 0 -2.71269e-08 -0 0 0 -0 0 0 0 0 0 0 0 0 0 0 0 0 0 1 13150.8 13150.8 13150.8 13150.8
0 0 1 0 0 1 0 0 0 0 0 -2.93959e-08 -0 0 0 -0 0 0 0 0 0 0 0 0 0 0 0 0 0 1 13150.8 13150.8 13150.8 13150.8
0 0 1 0 0 1 0 0 0 0 0 -2.42792e-08 -0 0 0 -0 0 0 0 0 0 0 0 0 0 0 0 0 0 1 13150.8 13150.8 13150.8 13150.8
0 0 1 0 0 1 0 0 0 0 0 -2.65102e-08 -0 0 0 -0 0 0 0 0 0 0 0 0 0 0 0 0 0 1 13150.8 13150.8 13150.8 13150.8
0 0 1 0 0 1 0 0 0 0 0 -2.8572e-08 -0 0 0 -0 0 0 0 0 0 0 0 0 0 0 0 0 0 1 13150.8 13150.8 13150.8 13150.8
0 0 1 0 0 1 0 0 0 0 0 -2.34008e-08 -0 0 0 -0 0 0 0 0 0 0 0 0 0 0 0 0 0 1 13150.8 13150.8 13150.8 13150.8
0 0 1 0 0 1 0 0 0 0 0 -1.82016e-08 -0 0 0 -0 0 0 0 0 0 0 0 0 0 0 0 0 0 1 13150.8 13150.8 13150.8 13150.8
0 0 1 0 0 1 0 0 0 0 0 -2.0432e-08 -0 0 0 -0 0 0 0 0 0 0 0 0 0 0 0 0 0 1 13150.8 13150.8 13150.8 13150.8
0 0 1 0 0 1 0 0 0 0 0 -2.24931e-08 -0 0 0 -0 0 0 0 0 0 0 0 0 0 0 0 0 0 1 13150.8 13150.8 13150.8 13150.8
0 0 1 0 0 1 0 0 0 0 0 -2.47148e-08 -0 0 0 -0 0 0 0 0 0 0 0 0 0 0 0 0 0 1 13150.8 13150.8 13150.8 13150.8
0 0 1 0 0 1 0 0 0 0 0 -2.6952e-08 -0 0 0 -0 0 0 0 0 0 0 0 0 0 0 0 0 0 1 13150.8 13150.8 13150.8 13150.8
0 0 1 0 0 1 0 0 0 0 0 -2.17556e-08 -0 0 0 -0 0 0 0 0 0 0 0 0 0 0 0 0 0 1 13150.8 13150.8 13150.8 13150.8
0 0 1 0 0 1 0 0 0 0 0 -1.69857e-08 -0 0 0 -0 0 0 0 0 0 0 0 0 0 0 0 0 0 1 13150.8 13150.8 13150.8 13150.8
0 0 1 0 0 1 0 0 0 0 0 -1.92275e-08 -0 0 0 -0 0 0 0 0 0 0 0 0 0 0 0 0 0 1 13150.8 13150.8 13150.8 13150.8
0 0 1 0 0 1 0 0 0 0 0 -2.13496e-08 -0 0 0 -0 0 0 0 0 0 0 0 0 0 0 0 0 0 1 13150.8 13150.8 13150.8 13150.8
0 0 1 0 0 1 0 0 0 0 0 -2.35636e-08 -0 0 0 -0 0 0 0 0 0 0 0 0 0 0 0 0 0 1 13150.8 13150.8 13150.8 13150.8
0 0 1 0 0 1 0 0 0 0 0 -2.57668e-08 -0 0 0 -0 0 0 0 0 0 0 0 0 0 0 0 0 0 1 13150.8 13150.8 13150.8 13150.8
0 0 1 0 0 1 0 0 0 0 0 -2.80032e-08 -0 0 0 -0 0 0 0 0 0 0 0 0 0 0 0 0 0 1 13150.8 13150.8 13150.8 13150.8
0 0 1 0 0 1 0 0 0 0 0 -2.28233e-08 -0 0 0 -0 0 0 0 0 0 0 0 0 0 0 0 0 0 1 13150.8 13150.8 13150.8 13150.8
0 0 1 0 0 1 0 0 0 0 0 -2.50957e-08 -0 0 0 -0 0 0 0 0 0 0 0 0 0 0 0 0 0 1 13150.8 13150.8 13150.8 13150.8
0 0 1 0 0 1 0 0 0 0 0 -2.71148e-08 -0 0 0 -0 0 0 0 0 0 0 0 0 0 0 0 0 0 1 13150.8 13150.8 13150.8 13150.8
0 0 1 0 0 1 0 0 0 0 0 -2.18474e-08 -0 0 0 -0 0 0 0 0 0 0 0 0 0 0 0 0 0 1 13150.8 13150.8 13150.8 13150.8
0 0 1 0 0 1 0 0 0 0 0 -2.40614e-08 -0 0 0 -0 0 0 0 0 0 0 0 0 0 0 0 0 0 1 13150.8 13150.8 13150.8 13150.8
0 0 1 0 0 1 0 0 0 0 0 -2.61104e-08 -0 0 0 -0 0 0 0 0 0 0 0 0 0 0 0 0 0 1 13150.8 13150.8 13150.8 13150.8
0 0 1 0 0 1 0 0 0 0 0 -2.08926e-08 -0 0 0 -0 0 0 0 0 0 0 0 0 0 0 0 0 0 1 13150.8 13150.8 13150.8 13150.8
0 0 1 0 0 1 0 0 0 0 0 -2.31093e-08 -0 0 0 -0 0 0 0 0 0 0 0 0 0 0 0 0 0 1 13150.8 13150.8 13150.8 13150.8
0 0 1 0 0 1 0 0 0 0 0 -1.78942e-08 -0 0 0 -0 0 0 0 0 0 0 0 0 0 0 0 0 0 1 13150.8 13150.8 13150.8 13150.8
0 0 1 0 0 1 0 0 0 0 0 -1.30927e-08 -0 0 0 -0 0 0 0 0 0 0 0 0 0 0 0 0 0 1 13150.8 13150.8 13150.8 13150.8
0 0 1 0 0 1 0 0 0 0 0 -1.53239e-08 -0 0 0 -0 0 0 0 0 0 0 0 0 0 0 0 0 0 1 13150.8 13150.8 13150.8 13150.8
0 0 1 0 0 1 0 0 0 0 0 -1.75496e-08 -0 0 0 -0 0 0 0 0 0 0 0 0 0 0 0 0 0 1 13150.8 13150.8 13150.8 13150.8
0 0 1 0 0 1 0 0 0 0 0 -1.97933e-08 -0 0 0 -0 0 0 0 0 0 0 0 0 0 0 0 0 0 1 13150.8 13150.8 13150.8 13150.8
0 0 1 0 0 1 0 0 0 0 0 -2.20278e-08 -0 0 0 -0 0 0 0 0 0 0 0 0 0 0 0 0 0 1 13150.8 13150.8 13150.8 13150.8
0 0 1 0 0 1 0 0 0 0 0 -2.40806e-08 -0 0 0 -0 0 0 0 0 0 0 0 0 0 0 0 0 0 1 13150.8 13150.8 13150.8 13150.8
0 0 1 0 0 1 0 0 0 0 0 -1.89065e-08 -0 0 0 -0 0 0 0 0 0 0 0 0 0 0 0 0 0 1 13150.8 13150.8 13150.8 13150.8
0 0 1 0 0 1 0 0 0 0 0 -2.14021e-08 -0 0 0 -0 0 0 0 0 0 0 0 0 0 0 0 0 0 1 13150.8 13150.8 13150.8 13150.8
0 0 1 0 0 1 0 0 0 0 0 -2.32992e-08 -0 0 0 -0 0 0 0 0 0 0 0 0 0 0 0 0 0 1 13150.8 13150.8 13150.8 13150.8
0 0 1 0 0 1 0 0 0 0 0 -1.83514e-08 -0 0 0 -0 0 0 0 0 0 0 0 0 0 0 0 0 0 1 13150.8 13150.8 13150.8 13150.8
0 0 1 0 0 1 0 0 0 0 0 -2.05719e-08 -0 0 0 -0 0 0 0 0 0 0 0 0 0 0 0 0 0 1 13150.8 13150.8 13150.8 13150.8
0 0 1 0 0 1 0 0 0 0 0 -1.53147e-08 -0 0 0 -0 0 0 0 0 0 0 0 0 0 0 0 0 0 1 13150.8 13150.8 13150.8 13150.8
0 0 1 0 0 1 0 0 0 0 0 -1.02925e-08 -0 0 0 -0 0 0 0 0 0 0 0 0 0 0 0 0 0 1 13150.8 13150.8 13150.8 13150.8
0 0 1 0 0 1 0 0 0 0 0 -1.24186e-08 -0 0 0 -0 0 0 0 0 0 0 0 0 0 0 0 0 0 1 13150.8 13150.8 13150.8 13150.8
0 0 1 0 0 1 0 0 0 0 0 -1.46592e-08 -0 0 0 -0 0 0 0 0 0 0 0 0 0 0 0 0 0 1 13150.8 13150.8 13150.8 13150.8
0 0 1 0 0 1 0 0 0 0 0 -1.69e-08 -0 0 0 -0 0 0 0 0 0 0 0 0 0 0 0 0 0 1 13150.8 13150.8 13150.8 13150.8
0 0 1 0 0 1 0 0 0 0 0 -1.91289e-08 -0 0 0 -0 0 0 0 0 0 0 0 0 0 0 0 0 0 1 13150.8 13150.8 13150.8 13150.8
0 0 1 0 0 1 0 0 0 0 0 -2.11746e-08 -0 0 0 -0 0 0 0 0 0 0 0 0 0 0 0 0 0 1 13150.8 13150.8 13150.8 13150.8
0 0 1 0 0 1 0 0 0 0 0 -1.59654e-08 -0 0 0 -0 0 0 0 0 0 0 0 0 0 0 0 0 0 1 13150.8 13150.8 13150.8 13150.8
0 0 1 0 0 1 0 0 0 0 0 -1.07219e-08 -0 0 0 -0 0 0 0 0 0 0 0 0 0 0 0 0 0 1 13150.8 13150.8 13150.8 13150.8
0 0 1 0 0 1 0 0 0 0 0 -1.27816e-08 -0 0 0 -0 0 0 0 0 0 0 0 0 0 0 0 0 0 1 13150.8 13150.8 13150.8 13150.8
0 0 1 0 0 1 0 0 0 0 0 -1.49966e-08 -0 0 0 -0 0 0 0 0 0 0 0 0 0 0 0 0 0 1 13150.8 13150.8 13150.8 13150.8
0 0 1 0 0 1 0 0 0 0 0 -1.72102e-08 -0 0 0 -0 0 0 0 0 0 0 0 0 0 0 0 0 0 1 13150.8 13150.8 13150.8 13150.8
0 0 1 0 0 1 0 0 0 0 0 -1.94751e-08 -0 0 0 -0 0 0 0 0 0 0 0 0 0 0 0 0 0 1 13150.8 13150.8 13150.8 13150.8
0 0 1 0 0 1 0 0 0 0 0 -2.17089e-08 -0 0 0 -0 0 0 0 0 0 0 0 0 0 0 0 0 0 1 13150.8 13150.8 13150.8 13150.8
0 0 1 0 0 1 0 0 0 0 0 -1.69675e-08 -0 0 0 -0 0 0 0 0 0 0 0 0 0 0 0 0 0 1 13150.8 13150.8 13150.8 13150.8
0 0 1 0 0 1 0 0 0 0 0 -1.17817e-08 -0 0 0 -0 0 0 0 0 0 0 0 0 0 0 0 0 0 1 13150.8 13150.8 13150.8 13150.8
0 0 1 0 0 1 0 0 0 0 0 -1.3961e-08 -0 0 0 -0 0 0 0 0 0 0 0 0 0 0 0 0 0 1 13150.8 13150.8 13150.8 13150.8
0 0 1 0 0 1 0 0 0 0 0 -1.65401e-08 -0 0 0 -0 0 0 0 0 0 0 0 0 0 0 0 0 0 1 13150.8 13150.8 13150.8 13150.8
0 0 1 0 0 1 0 0 0 0 0 -1.83149e-08 -0 0 0 -0 0 0 0 0 0 0 0 0 0 0 0 0 0 1 13150.8 13150.8 13150.8 13150.8
0 0 1 0 0 1 0 0 0 0 0 -2.05541e-08 -0 0 0 -0 0 0 0 0 0 0 0 0 0 0 0 0 0 1 13150.8 13150.8 13150.8 13150.8
0 0 1 0 0 1 0 0 0 0 0 -1.53642e-08 -0 0 0 -0 0 0 0 0 0 0 0 0 0 0 0 0 0 1 13150.8 13150.8 13150.8 13150.8
0 0 1 0 0 1 0 0 0 0 0 -1.03514e-08 -0 0 0 -0 0 0 0 0 0 0 0 0 0 0 0 0 0 1 13150.8 13150.8 13150.8 13150.8
0 0 1 0 0 1 0 0 0 0 0 -1.25056e-08 -0 0 0 -0 0 0 0 0 0 0 0 0 0 0 0 0 0 1 13150.8 13150.8 13150.8 13150.8
0 0 1 0 0 1 0 0 0 0 0 -1.47255e-08 -0 0 0 -0 0 0 0 0 0 0 0 0 0 0 0 0 0 1 13150.8 13150.8 13150.8 13150.8
0 0 1 0 0 1 0 0 0 0 0 -1.6956e-08 -0 0 0 -0 0 0 0 0 0 0 0 0 0 0 0 0 0 1 13150.8 13150.8 13150.8 13150.8
0 0 1 0 0 1 0 0 0 0 0 -1.19264e-08 -0 0 0 -0 0 0 0 0 0 0 0 0 0 0 0 0 0 1 13150.8 13150.8 13150.8 13150.8
0 0 1 0 0 1 0 0 0 0 0 -6.93073e-09 -0 0 0 -0 0 0 0 0 0 0 0 0 0 0 0 0 0 1 13150.8 13150.8 13150.8 13150.8
0 0 1 0 0 1 0 0 0 0 0 -9.16403e-09 -0 0 0 -0 0 0 0 0 0 0 0 0 0 0 0 0 0 1 13150.8 13150.8 13150.8 13150.8
0 0 1 0 0 1 0 0 0 0 0 -1.13863e-08 -0 0 0 -0 0 0 0 0 0 0 0 0 0 0 0 0 0 1 13150.8 13150.8 13150.8 13150.8
0 0 1 0 0 1 0 0 0 0 0 -1.36823e-08 -0 0 0 -0 0 0 0 0 0 0 0 0 0 0 0 0 0 1 13150.8 13150.8 13150.8 13150.8
0 0 1 0 0 1 0 0 0 0 0 -1.56726e-08 -0 0 0 -0 0 0 0 0 0 0 0 0 0 0 0 0 0 1 13150.8 13150.8 13150.8 13150.8
0 0 1 0 0 1 0 0 0 0 0 -1.78579e-08 -0 0 0 -0 0 0 0 0 0 0 0 0 0 0 0 0 0 1 13150.8 13150.8 13150.8 13150.8
0 0 1 0 0 1 0 0 0 0 0 -1.24844e-08 -0 0 0 -0 0 0 0 0 0 0 0 0 0 0 0 0 0 1 13150.8 13150.8 13150.8 13150.8
0 0 1 0 0 1 0 0 0 0 0 -7.51801e-09 -0 0 0 -0 0 0 0 0 0 0 0 0 0 0 0 0 0 1 13150.8 13150.8 13150.8 13150.8
0 0 1 0 0 1 0 0 0 0 0 -9.64474e-09 -0 0 0 -0 0 0 0 0 0 0 0 0 0 0 0 0 0 1 13150.8 13150.8 13150.8 13150.8
0 0 1 0 0 1 0 0 0 0 0 -1.19106e-08 -0 0 0 -0 0 0 0 0 0 0 0 0 0 0 0 0 0 1 13150.8 13150.8 13150.8 13150.8
0 0 1 0 0 1 0 0 0 0 0 -1.40449e-08 -0 0 0 -0 0 0 0 0 0 0 0 0 0 0 0 0 0 1 13150.8 13150.8 13150.8 13150.8
0 0 1 0 0 1 0 0 0 0 0 -1.63638e-08 -0 0 0 -0 0 0 0 0 0 0 0 0 0 0 0 0 0 1 13150.8 13150.8 13150.8 13150.8
0 0 1 0 0 1 0 0 0 0 0 -1.83942e-08 -0 0 0 -0 0 0 0 0 0 0 0 0 0 0 0 0 0 1 13150.8 13150.8 13150.8 13150.8
0 0 1 0 0 1 0 0 0 0 0 -1.32029e-08 -0 0 0 -0 0 0 0 0 0 0 0 0 0 0 0 0 0 1 13150.8 13150.8 13150.8 13150.8
0 0 1 0 0 1 0 0 0 0 0 -8.1846e-09 -0 0 0 -0 0 0 0 0 0 0 0 0 0 0 0 0 0 1 13150.8 13150.8 13150.8 13150.8
0 0 1 0 0 1 0 0 0 0 0 -1.03412e-08 -0 0 0 -0 0 0 0 0 0 0 0 0 0 0 0 0 0 1 13150.8 13150.8 13150.8 13150.8
0 0 1 0 0 1 0 0 0 0 0 -1.25595e-08 -0 0 0 -0 0 0 0 0 0 0 0 0 0 0 0 0 0 1 13150.8 13150.8 13150.8 13150.8
0 0 1 0 0 1 0 0 0 0 0 -1.47994e-08 -0 0 0 -0 0 0 0 0 0 0 0 0 0 0 0 0 0 1 13150.8 13150.8 13150.8 13150.8
0 0 1 0 0 1 0 0 0 0 0 -1.70312e-08 -0 0 0 -0 0 0 0 0 0 0 0 0 0 0 0 0 0 1 13150.8 13150.8 13150.8 13150.8
0 0 1 0 0 1 0 0 0 0 0 -1.19531e-08 -0 0 0 -0 0 0 0 0 0 0 0 0 0 0 0 0 0 1 13150.8 13150.8 13150.8 13150.8
0 0 1 0 0 1 0 0 0 0 0 -7.04173e-09 -0 0 0 -0 0 0 0 0 0 0 0 0 0 0 0 0 0 1 13150.8 13150.8 13150.8 13150.8
0 0 1 0 0 1 0 0 0 0 0 -9.29245e-09 -0 0 0 -0 0 0 0 0 0 0 0 0 0 0 0 0 0 1 13150.8 13150.8 13150.8 13150.8
0 0 1 0 0 1 0 0 0 0 0 -1.15236e-08 -0 0 0 -0 0 0 0 0 0 0 0 0 0 0 0 0 0 1 13150.8 13150.8 13150.8 13150.8
0 0 1 0 0 1 0 0 0 0 0 -1.37879e-08 -0 0 0 -0 0 0 0 0 0 0 0 0 0 0 0 0 0 1 13150.8 13150.8 13150.8 13150.8
0 0 1 0 0 1 0 0 0 0 0 -1.58e-08 -0 0 0 -0 0 0 0 0 0 0 0 0 0 0 0 0 0 1 13150.8 13150.8 13150.8 13150.8
0 0 1 0 0 1 0 0 0 0 0 -1.05967e-08 -0 0 0 -0 0 0 0 0 0 0 0 0 0 0 0 0 0 1 13150.8 13150.8 13150.8 13150.8
0 0 1 0 0 1 0 0 0 0 0 -1.28508e-08 -0 0 0 -0 0 0 0 0 0 0 0 0 0 0 0 0 0 1 13150.8 13150.8 13150.8 13150.8
0 0 1 0 0 1 0 0 0 0 0 -1.49968e-08 -0 0 0 -0 0 0 0 0 0 0 0 0 0 0 0 0 0 1 13150.8 13150.8 13150.8 13150.8
0 0 1 0 0 1 0 0 0 0 0 -1.71363e-08 -0 0 0 -0 0 0 0 0 0 0 0 0 0 0 0 0 0 1 13150.8 13150.8 13150.8 13150.8
0 0 1 0 0 1 0 0 0 0 0 -1.19612e-08 -0 0 0 -0 0 0 0 0 0 0 0 0 0 0 0 0 0 1 13150.8 13150.8 13150.8 13150.8
0 0 1 0 0 1 0 0 0 0 0 -6.9834e-09 -0 0 0 -0 0 0 0 0 0 0 0 0 0 0 0 0 0 1 13150.8 13150.8 13150.8 13150.8
0 0 1 0 0 1 0 0 0 0 0 -9.25829e-09 -0 0 0 -0 0 0 0 0 0 0 0 0 0 0 0 0 0 1 13150.8 13150.8 13150.8 13150.8
0 0 1 0 0 1 0 0 0 0 0 -1.13751e-08 -0 0 0 -0 0 0 0 0 0 0 0 0 0 0 0 0 0 1 13150.8 13150.8 13150.8 13150.8
0 0 1 0 0 1 0 0 0 0 0 -1.35126e-08 -0 0 0 -0 0 0 0 0 0 0 0 0 0 0 0 0 0 1 13150.8 13150.8 13150.8 13150.8
0 0 1 0 0 1 0 0 0 0 0 -1.57244e-08 -0 0 0 -0 0 0 0 0 0 0 0 0 0 0 0 0 0 1 13150.8 13150.8 13150.8 13150.8
0 0 1 0 0 1 0 0 0 0 0 -1.0647e-08 -0 0 0 -0 0 0 0 0 0 0 0 0 0 0 0 0 0 1 13150.8 13150.8 13150.8 13150.8
0 0 1 0 0 1 0 0 0 0 0 -5.45366e-09 -0 0 0 -0 0 0 0 0 0 0 0 0 0 0 0 0 0 1 13150.8 13150.8 13150.8 13150.8
0 0 1 0 0 1 0 0 0 0 0 -7.69236e-09 -0 0 0 -0 0 0 0 0 0 0 0 0 0 0 0 0 0 1 13150.8 13150.8 13150.8 13150.8
0 0 1 0 0 1 0 0 0 0 0 -9.91826e-09 -0 0 0 -0 0 0 0 0 0 0 0 0 0 0 0 0 0 1 13150.8 13150.8 13150.8 13150.8
0 0 1 0 0 1 0 0 0 0 0 -1.19739e-08 -0 0 0 -0 0 0 0 0 0 0 0 0 0 0 0 0 0 1 13150.8 13150.8 13150.8 13150.8
0 0 1 0 0 1 0 0 0 0 0 -6.74475e-09 -0 0 0 -0 0 0 0 0 0 0 0 0 0 0 0 0 0 1 13150.8 13150.8 13150.8 13150.8
0 0 1 0 0 1 0 0 0 0 0 -8.96192e-09 -0 0 0 -0 0 0 0 0 0 0 0 0 0 0 0 0 0 1 13150.8 13150.8 13150.8 13150.8
0 0 1 0 0 1 0 0 0 0 0 -1.1184e-08 -0 0 0 -0 0 0 0 0 0 0 0 0 0 0 0 0 0 1 13150.8 13150.8 13150.8 13150.8
0 0 1 0 0 1 0 0 0 0 0 -1.32522e-08 -0 0 0 -0 0 0 0 0 0 0 0 0 0 0 0 0 0 1 13150.8 13150.8 13150.8 13150.8
0 0 1 0 0 1 0 0 0 0 0 -1.55226e-08 -0 0 0 -0 0 0 0 0 0 0 0 0 0 0 0 0 0 1 13150.8 13150.8 13150.8 13150.8
0 0 1 0 0 1 0 0 0 0 0 -1.04024e-08 -0 0 0 -0 0 0 0 0 0 0 0 0 0 0 0 0 0 1 13150.8 13150.8 13150.8 13150.8
0 0 1 0 0 1 0 0 0 0 0 -1.26269e-08 -0 0 0 -0 0 0 0 0 0 0 0 0 0 0 0 0 0 1 13150.8 13150.8 13150.8 13150.8
0 0 1 0 0 1 0 0 0 0 0 -7.8073e-09 -0 0 0 -0 0 0 0 0 0 0 0 0 0 0 0 0 0 1 13150.8 13150.8 13150.8 13150.8
0 0 1 0 0 1 0 0 0 0 0 -2.62073e-09 -0 0 0 -0 0 0 0 0 0 0 0 0 0 0 0 0 0 1 13150.8 13150.8 13150.8 13150.8
0 0 1 0 0 1 0 0 0 0 0 -4.84213e-09 -0 0 0 -0 0 0 0 0 0 0 0 0 0 0 0 0 0 1 13150.8 13150.8 13150.8 13150.8
0 0 1 0 0 1 0 0 0 0 0 -7.08572e-09 -0 0 0 -0 0 0 0 0 0 0 0 0 0 0 0 0 0 1 13150.8 13150.8 13150.8 13150.8
0 0 1 0 0 1 0 0 0 0 0 -9.16508e-09 -0 0 0 -0 0 0 0 0 0 0 0 0 0 0 0 0 0 1 13150.8 13150.8 13150.8 13150.8
0 0 1 0 0 1 0 0 0 0 0 -1.13975e-08 -0 0 0 -0 0 0 0 0 0 0 0 0 0 0 0 0 0 1 13150.8 13150.8 13150.8 13150.8
0 0 1 0 0 1 0 0 0 0 0 -6.40738e-09 -0 0 0 -0 0 0 0 0 0 0 0 0 0 0 0 0 0 1 13150.8 13150.8 13150.8 13150.8
0 0 1 0 0 1 0 0 0 0 0 -8.698e-09 -0 0 0 -0 0 0 0 0 0 0 0 0 0 0 0 0 0 1 13150.8 13150.8 13150.8 13150.8
0 0 1 0 0 1 0 0 0 0 0 -1.08704e-08 -0 0 0 -0 0 0 0 0 0 0 0 0 0 0 0 0 0 1 13150.8 13150.8 13150.8 13150.8
0 0 1 0 0 1 0 0 0 0 0 -1.30079e-08 -0 0 0 -0 0 0 0 0 0 0 0 0 0 0 0 0 0 1 13150.8 13150.8 13150.8 13150.8
0 0 1 0 0 1 0 0 0 0 0 -7.82844e-09 -0 0 0 -0 0 0 0 0 0 0 0 0 0 0 0 0 0 1 13150.8 13150.8 13150.8 13150.8
0 0 1 0 0 1 0 0 0 0 0 -1.00632e-08 -0 0 0 -0 0 0 0 0 0 0 0 0 0 0 0 0 0 1 13150.8 13150.8 13150.8 13150.8
0 0 1 0 0 1 0 0 0 0 0 -1.21698e-08 -0 0 0 -0 0 0 0 0 0 0 0 0 0 0 0 0 0 1 13150.8 13150.8 13150.8 13150.8
0 0 1 0 0 1 0 0 0 0 0 -7.07018e-09 -0 0 0 -0 0 0 0 0 0 0 0 0 0 0 0 0 0 1 13150.8 13150.8 13150.8 13150.8
0 0 1 0 0 1 0 0 0 0 0 -9.28344e-09 -0 0 0 -0 0 0 0 0 0 0 0 0 0 0 0 0 0 1 13150.8 13150.8 13150.8 13150.8
0 0 1 0 0 1 0 0 0 0 0 -1.15157e-08 -0 0 0 -0 0 0 0 0 0 0 0 0 0 0 0 0 0 1 13150.8 13150.8 13150.8 13150.8
0 0 1 0 0 1 0 0 0 0 0 -1.35971e-08 -0 0 0 -0 0 0 0 0 0 0 0 0 0 0 0 0 0 1 13150.8 13150.8 13150.8 13150.8
0 0 1 0 0 1 0 0 0 0 0 -8.39782e-09 -0 0 0 -0 0 0 0 0 0 0 0 0 0 0 0 0 0 1 13150.8 13150.8 13150.8 13150.8
0 0 1 0 0 1 0 0 0 0 0 -1.06209e-08 -0 0 0 -0 0 0 0 0 0 0 0 0 0 0 0 0 0 1 13150.8 13150.8 13150.8 13150.8
0 0 1 0 0 1 0 0 0 0 0 -5.43764e-09 -0 0 0 -0 0 0 0 0 0 0 0 0 0 0 0 0 0 1 13150.8 13150.8 13150.8 13150.8
0 0 1 0 0 1 0 0 0 0 0 -7.67018e-09 -0 0 0 -0 0 0 0 0 0 0 0 0 0 0 0 0 0 1 13150.8 13150.8 13150.8 13150.8
0 0 1 0 0 1 0 0 0 0 0 -9.7388e-09 -0 0 0 -0 0 0 0 0 0 0 0 0 0 0 0 0 0 1 13150.8 13150.8 13150.8 13150.8
0 0 1 0 0 1 0 0 0 0 0 -4.57727e-09 -0 0 0 -0 0 0 0 0 0 0 0 0 0 0 0 0 0 1 13150.8 13150.8 13150.8 13150.8
0 0 1 0 0 1 0 0 0 0 0 -6.81036e-09 -0 0 0 -0 0 0 0 0 0 0 0 0 0 0 0 0 0 1 13150.8 13150.8 13150.8 13150.8
0 0 1 0 0 1 0 0 0 0 0 -9.06021e-09 -0 0 0 -0 0 0 0 0 0 0 0 0 0 0 0 0 0 1 13150.8 13150.8 13150.8 13150.8
0 0 1 0 0 1 0 0 0 0 0 -1.10908e-08 -0 0 0 -0 0 0 0 0 0 0 0 0 0 0 0 0 0 1 13150.8 13150.8 13150.8 13150.8
0 0 1 0 0 1 0 0 0 0 0 -6.04474e-09 -0 0 0 -0 0 0 0 0 0 0 0 0 0 0 0 0 0 1 13150.8 13150.8 13150.8 13150.8
0 0 1 0 0 1 0 0 0 0 0 -8.63112e-09 -0 0 0 -0 0 0 0 0 0 0 0 0 0 0 0 0 0 1 13150.8 13150.8 13150.8 13150.8
0 0 1 0 0 1 0 0 0 0 0 -1.05321e-08 -0 0 0 -0 0 0 0 0 0 0 0 0 0 0 0 0 0 1 13150.8 13150.8 13150.8 13150.8
0 0 1 0 0 1 0 0 0 0 0 -5.60836e-09 -0 0 0 -0 0 0 0 0 0 0 0 0 0 0 0 0 0 1 13150.8 13150.8 13150.8 13150.8
0 0 1 0 0 1 0 0 0 0 0 -7.84147e-09 -0 0 0 -0 0 0 0 0 0 0 0 0 0 0 0 0 0 1 13150.8 13150.8 13150.8 13150.8
0 0 1 0 0 1 0 0 0 0 0 -1.00828e-08 -0 0 0 -0 0 0 0 0 0 0 0 0 0 0 0 0 0 1 13150.8 13150.8 13150.8 13150.8
0 0 1 0 0 1 0 0 0 0 0 -4.88356e-09 -0 0 0 -0 0 0 0 0 0 0 0 0 0 0 0 0 0 1 13150.8 13150.8 13150.8 13150.8
0 0 1 0 0 1 0 0 0 0 0 -6.92744e-09 -0 0 0 -0 0 0 0 0 0 0 0 0 0 0 0 0 0 1 13150.8 13150.8 13150.8 13150.8
0 0 1 0 0 1 0 0 0 0 0 -9.16333e-09 -0 0 0 -0 0 0 0 0 0 0 0 0 0 0 0 0 0 1 13150.8 13150.8 13150.8 13150.8
0 0 1 0 0 1 0 0 0 0 0 -3.94021e-09 -0 0 0 -0 0 0 0 0 0 0 0 0 0 0 0 0 0 1 13150.8 13150.8 13150.8 13150.8
0 0 1 0 0 1 0 0 0 0 0 -6.17969e-09 -0 0 0 -0 0 0 0 0 0 0 0 0 0 0 0 0 0 1 13150.8 13150.8 13150.8 13150.8
0 0 1 0 0 1 0 0 0 0 0 -8.21492e-09 -0 0 0 -0 0 0 0 0 0 0 0 0 0 0 0 0 0 1 13150.8 13150.8 13150.8 13150.8
0 0 1 0 0 1 0 0 0 0 0 -2.97014e-09 -0 0 0 -0 0 0 0 0 0 0 0 0 0 0 0 0 0 1 13150.8 13150.8 13150.8 13150.8
0 0 1 0 0 1 0 0 0 0 0 -5.19457e-09 -0 0 0 -0 0 0 0 0 0 0 0 0 0 0 0 0 0 1 13150.8 13150.8 13150.8 13150.8
0 0 1 0 0 1 0 0 0 0 0 -7.42647e-09 -0 0 0 -0 0 0 0 0 0 0 0 0 0 0 0 0 0 1 13150.8 13150.8 13150.8 13150.8
0 0 1 0 0 1 0 0 0 0 0 -9.47581e-09 -0 0 0 -0 0 0 0 0 0 0 0 0 0 0 0 0 0 1 13150.8 13150.8 13150.8 13150.8
0 0 1 0 0 1 0 0 0 0 0 -4.27098e-09 -0 0 0 -0 0 0 0 0 0 0 0 0 0 0 0 0 0 1 13150.8 13150.8 13150.8 13150.8
0 0 1 0 0 1 0 0 0 0 0 -6.4002e-09 -0 0 0 -0 0 0 0 0 0 0 0 0 0 0 0 0 0 1 13150.8 13150.8 13150.8 13150.8
0 0 1 0 0 1 0 0 0 0 0 -8.57712e-09 -0 0 0 -0 0 0 0 0 0 0 0 0 0 0 0 0 0 1 13150.8 13150.8 13150.8 13150.8
0 0 1 0 0 1 0 0 0 0 0 -1.08266e-08 -0 0 0 -0 0 0 0 0 0 0 0 0 0 0 0 0 0 1 13150.8 13150.8 13150.8 13150.8
0 0 1 0 0 1 0 0 0 0 0 -5.70013e-09 -0 0 0 -0 0 0 0 0 0 0 0 0 0 0 0 0 0 1 13150.8 13150.8 13150.8 13150.8
0 0 1 0 0 1 0 0 0 0 0 -7.93295e-09 -0 0 0 -0 0 0 0 0 0 0 0 0 0 0 0 0 0 1 13150.8 13150.8 13150.8 13150.8
0 0 1 0 0 1 0 0 0 0 0 -2.3068e-09 -0 0 0 -0 0 0 0 0 0 0 0 0 0 0 0 0 0 1 13150.8 13150.8 13150.8 13150.8
0 0 1 0 0 1 0 0 0 0 0 2.03096e-09 -0 0 0 -0 0 0 0 0 0 0 0 0 0 0 0 0 0 1 13150.8 13150.8 13150.8 13150.8
0 0 1 0 0 1 0 0 0 0 0 -2.08584e-10 -0 0 0 -0 0 0 0 0 0 0 0 0 0 0 0 0 0 1 13150.8 13150.8 13150.8 13150.8
0 0 1 0 0 1 0 0 0 0 0 -2.45434e-09 -0 0 0 -0 0 0 0 0 0 0 0 0 0 0 0 0 0 1 13150.8 13150.8 13150.8 13150.8
0 0 1 0 0 1 0 0 0 0 0 -4.60719e-09 -0 0 0 -0 0 0 0 0 0 0 0 0 0 0 0 0 0 1 13150.8 13150.8 13150.8 13150.8
0 0 1 0 0 1 0 0 0 0 0 -6.73351e-09 -0 0 0 -0 0 0 0 0 0 0 0 0 0 0 0 0 0 1 13150.8 13150.8 13150.8 13150.8
0 0 1 0 0 1 0 0 0 0 0 -8.96497e-09 -0 0 0 -0 0 0 0 0 0 0 0 0 0 0 0 0 0 1 13150.8 13150.8 13150.8 13150.8
0 0 1 0 0 1 0 0 0 0 0 -3.73155e-09 -0 0 0 -0 0 0 0 0 0 0 0 0 0 0 0 0 0 1 13150.8 13150.8 13150.8 13150.8
0 0 1 0 0 1 0 0 0 0 0 1.13115e-09 -0 0 0 -0 0 0 0 0 0 0 0 0 0 0 0 0 0 1 13150.8 13150.8 13150.8 13150.8
0 0 1 0 0 1 0 0 0 0 0 -1.06405e-09 -0 0 0 -0 0 0 0 0 0 0 0 0 0 0 0 0 0 1 13150.8 13150.8 13150.8 13150.8
0 0 1 0 0 1 0 0 0 0 0 -3.30115e-09 -0 0 0 -0 0 0 0 0 0 0 0 0 0 0 0 0 0 1 13150.8 13150.8 13150.8 13150.8
0 0 1 0 0 1 0 0 0 0 0 -5.52546e-09 -0 0 0 -0 0 0 0 0 0 0 0 0 0 0 0 0 0 1 13150.8 13150.8 13150.8 13150.8
0 0 1 0 0 1 0 0 0 0 0 -7.77059e-09 -0 0 0 -0 0 0 0 0 0 0 0 0 0 0 0 0 0 1 13150.8 13150.8 13150.8 13150.8
0 0 1 0 0 1 0 0 0 0 0 -9.81548e-09 -0 0 0 -0 0 0 0 0 0 0 0 0 0 0 0 0 0 1 13150.8 13150.8 13150.8 13150.8
0 0 1 0 0 1 0 0 0 0 0 -4.62132e-09 -0 0 0 -0 0 0 0 0 0 0 0 0 0 0 0 0 0 1 13150.8 13150.8 13150.8 13150.8
0 0 1 0 0 1 0 0 0 0 0 -6.85947e-09 -0 0 0 -0 0 0 0 0 0 0 0 0 0 0 0 0 0 1 13150.8 13150.8 13150.8 13150.8
0 0 1 0 0 1 0 0 0 0 0 -8.92361e-09 -0 0 0 -0 0 0 0 0 0 0 0 0 0 0 0 0 0 1 13150.8 13150.8 13150.8 13150.8
0 0 1 0 0 1 0 0 0 0 0 -1.11243e-08 -0 0 0 -0 0 0 0 0 0 0 0 0 0 0 0 0 0 1 13150.8 13150.8 13150.8 13150.8
0 0 1 0 0 1 0 0 0 0 0 -6.00259e-09 -0 0 0 -0 0 0 0 0 0 0 0 0 0 0 0 0 0 1 13150.8 13150.8 13150.8 13150.8
0 0 1 0 0 1 0 0 0 0 0 -8.20051e-09 -0 0 0 -0 0 0 0 0 0 0 0 0 0 0 0 0 0 1 13150.8 13150.8 13150.8 13150.8
0 0 1 0 0 1 0 0 0 0 0 -3.12938e-09 -0 0 0 -0 0 0 0 0 0 0 0 0 0 0 0 0 0 1 13150.8 13150.8 13150.8 13150.8
0 0 1 0 0 1 0 0 0 0 0 -5.37548e-09 -0 0 0 -0 0 0 0 0 0 0 0 0 0 0 0 0 0 1 13150.8 13150.8 13150.8 13150.8
0 0 1 0 0 1 0 0 0 0 0 -7.57353e-09 -0 0 0 -0 0 0 0 0 0 0 0 0 0 0 0 0 0 1 13150.8 13150.8 13150.8 13150.8
0 0 1 0 0 1 0 0 0 0 0 -2.33115e-09 -0 0 0 -0 0 0 0 0 0 0 0 0 0 0 0 0 0 1 13150.8 13150.8 13150.8 13150.8
0 0 1 0 0 1 0 0 0 0 0 -4.48005e-09 -0 0 0 -0 0 0 0 0 0 0 0 0 0 0 0 0 0 1 13150.8 13150.8 13150.8 13150.8
0 0 1 0 0 1 0 0 0 0 0 -6.61032e-09 -0 0 0 -0 0 0 0 0 0 0 0 0 0 0 0 0 0 1 13150.8 13150.8 13150.8 13150.8
0 0 1 0 0 1 0 0 0 0 0 -1.43688e-09 -0 0 0 -0 0 0 0 0 0 0 0 0 0 0 0 0 0 1 13150.8 13150.8 13150.8 13150.8
0 0 1 0 0 1 0 0 0 0 0 -3.6748e-09 -0 0 0 -0 0 0 0 0 0 0 0 0 0 0 0 0 0 1 13150.8 13150.8 13150.8 13150.8
0 0 1 0 0 1 0 0 0 0 0 -5.91088e-09 -0 0 0 -0 0 0 0 0 0 0 0 0 0 0 0 0 0 1 13150.8 13150.8 13150.8 13150.8
0 0 1 0 0 1 0 0 0 0 0 -7.97064e-09 -0 0 0 -0 0 0 0 0 0 0 0 0 0 0 0 0 0 1 13150.8 13150.8 13150.8 13150.8
0 0 1 0 0 1 0 0 0 0 0 -2.78e-09 -0 0 0 -0 0 0 0 0 0 0 0 0 0 0 0 0 0 1 13150.8 13150.8 13150.8 13150.8
0 0 1 0 0 1 0 0 0 0 0 -5.0274e-09 -0 0 0 -0 0 0 0 0 0 0 0 0 0 0 0 0 0 1 13150.8 13150.8 13150.8 13150.8
0 0 1 0 0 1 0 0 0 0 0 -7.26153e-09 -0 0 0 -0 0 0 0 0 0 0 0 0 0 0 0 0 0 1 13150.8 13150.8 13150.8 13150.8
0 0 1 0 0 1 0 0 0 0 0 -9.31022e-09 -0 0 0 -0 0 0 0 0 0 0 0 0 0 0 0 0 0 1 13150.8 13150.8 13150.8 13150.8
0 0 1 0 0 1 0 0 0 0 0 -4.10428e-09 -0 0 0 -0 0 0 0 0 0 0 0 0 0 0 0 0 0 1 13150.8 13150.8 13150.8 13150.8
0 0 1 0 0 1 0 0 0 0 0 -6.33701e-09 -0 0 0 -0 0 0 0 0 0 0 0 0 0 0 0 0 0 1 13150.8 13150.8 13150.8 13150.8
0 0 1 0 0 1 0 0 0 0 0 -1.12408e-09 -0 0 0 -0 0 0 0 0 0 0 0 0 0 0 0 0 0 1 13150.8 13150.8 13150.8 13150.8
0 0 1 0 0 1 0 0 0 0 0 3.63911e-09 -0 0 0 -0 0 0 0 0 0 0 0 0 0 0 0 0 0 1 13150.8 13150.8 13150.8 13150.8
0 0 1 0 0 1 0 0 0 0 0 1.40194e-09 -0 0 0 -0 0 0 0 0 0 0 0 0 0 0 0 0 0 1 13150.8 13150.8 13150.8 13150.8
0 0 1 0 0 1 0 0 0 0 0 -8.54401e-10 -0 0 0 -0 0 0 0 0 0 0 0 0 0 0 0 0 0 1 13150.8 13150.8 13150.8 13150.8
0 0 1 0 0 1 0 0 0 0 0 -3.06645e-09 -0 0 0 -0 0 0 0 0 0 0 0 0 0 0 0 0 0 1 13150.8 13150.8 13150.8 13150.8
0 0 1 0 0 1 0 0 0 0 0 -5.12494e-09 -0 0 0 -0 0 0 0 0 0 0 0 0 0 0 0 0 0 1 13150.8 13150.8 13150.8 13150.8
0 0 1 0 0 1 0 0 0 0 0 -7.35003e-09 -0 0 0 -0 0 0 0 0 0 0 0 0 0 0 0 0 0 1 13150.8 13150.8 13150.8 13150.8
0 0 1 0 0 1 0 0 0 0 0 -2.15183e-09 -0 0 0 -0 0 0 0 0 0 0 0 0 0 0 0 0 0 1 13150.8 13150.8 13150.8 13150.8
0 0 1 0 0 1 0 0 0 0 0 -4.31157e-09 -0 0 0 -0 0 0 0 0 0 0 0 0 0 0 0 0 0 1 13150.8 13150.8 13150.8 13150.8
0 0 1 0 0 1 0 0 0 0 0 -6.46227e-09 -0 0 0 -0 0 0 0 0 0 0 0 0 0 0 0 0 0 1 13150.8 13150.8 13150.8 13150.8
0 0 1 0 0 1 0 0 0 0 0 -1.26909e-09 -0 0 0 -0 0 0 0 0 0 0 0 0 0 0 0 0 0 1 13150.8 13150.8 13150.8 13150.8
0 0 1 0 0 1 0 0 0 0 0 -3.50231e-09 -0 0 0 -0 0 0 0 0 0 0 0 0 0 0 0 0 0 1 13150.8 13150.8 13150.8 13150.8
0 0 1 0 0 1 0 0 0 0 0 -5.74115e-09 -0 0 0 -0 0 0 0 0 0 0 0 0 0 0 0 0 0 1 13150.8 13150.8 13150.8 13150.8
0 0 1 0 0 1 0 0 0 0 0 -7.77821e-09 -0 0 0 -0 0 0 0 0 0 0 0 0 0 0 0 0 0 1 13150.8 13150.8 13150.8 13150.8
0 0 1 0 0 1 0 0 0 0 0 -2.57939e-09 -0 0 0 -0 0 0 0 0 0 0 0 0 0 0 0 0 0 1 13150.8 13150.8 13150.8 13150.8
0 0 1 0 0 1 0 0 0 0 0 -4.83964e-09 -0 0 0 -0 0 0 0 0 0 0 0 0 0 0 0 0 0 1 13150.8 13150.8 13150.8 13150.8
0 0 1 0 0 1 0 0 0 0 0 -7.06202e-09 -0 0 0 -0 0 0 0 0 0 0 0 0 0 0 0 0 0 1 13150.8 13150.8 13150.8 13150.8
0 0 1 0 0 1 0 0 0 0 0 -9.10162e-09 -0 0 0 -0 0 0 0 0 0 0 0 0 0 0 0 0 0 1 13150.8 13150.8 13150.8 13150.8
0 0 1 0 0 1 0 0 0 0 0 -3.91989e-09 -0 0 0 -0 0 0 0 0 0 0 0 0 0 0 0 0 0 1 13150.8 13150.8 13150.8 13150.8
0 0 1 0 0 1 0 0 0 0 0 -6.1597e-09 -0 0 0 -0 0 0 0 0 0 0 0 0 0 0 0 0 0 1 13150.8 13150.8 13150.8 13150.8
0 0 1 0 0 1 0 0 0 0 0 -9.43152e-10 -0 0 0 -0 0 0 0 0 0 0 0 0 0 0 0 0 0 1 13150.8 13150.8 13150.8 13150.8
0 0 1 0 0 1 0 0 0 0 0 3.79476e-09 -0 0 0 -0 0 0 0 0 0 0 0 0 0 0 0 0 0 1 13150.8 13150.8 13150.8 13150.8
0 0 1 0 0 1 0 0 0 0 0 1.54991e-09 -0 0 0 -0 0 0 0 0 0 0 0 0 0 0 0 0 0 1 13150.8 13150.8 13150.8 13150.8
0 0 1 0 0 1 0 0 0 0 0 -5.80056e-10 -0 0 0 -0 0 0 0 0 0 0 0 0 0 0 0 0 0 1 13150.8 13150.8 13150.8 13150.8
0 0 1 0 0 1 0 0 0 0 0 -2.74762e-09 -0 0 0 -0 0 0 0 0 0 0 0 0 0 0 0 0 0 1 13150.8 13150.8 13150.8 13150.8
0 0 1 0 0 1 0 0 0 0 0 -4.96078e-09 -0 0 0 -0 0 0 0 0 0 0 0 0 0 0 0 0 0 1 13150.8 13150.8 13150.8 13150.8
0 0 1 0 0 1 0 0 0 0 0 -7.46861e-09 -0 0 0 -0 0 0 0 0 0 0 0 0 0 0 0 0 0 1 13150.8 13150.8 13150.8 13150.8
0 0 1 0 0 1 0 0 0 0 0 -3.09516e-09 -0 0 0 -0 0 0 0 0 0 0 0 0 0 0 0 0 0 1 13150.8 13150.8 13150.8 13150.8
0 0 1 0 0 1 0 0 0 0 0 -5.34922e-09 -0 0 0 -0 0 0 0 0 0 0 0 0 0 0 0 0 0 1 13150.8 13150.8 13150.8 13150.8
0 0 1 0 0 1 0 0 0 0 0 -3.891e-10 -0 0 0 -0 0 0 0 0 0 0 0 0 0 0 0 0 0 1 13150.8 13150.8 13150.8 13150.8
0 0 1 0 0 1 0 0 0 0 0 -2.62304e-09 -0 0 0 -0 0 0 0 0 0 0 0 0 0 0 0 0 0 1 13150.8 13150.8 13150.8 13150.8
0 0 1 0 0 1 0 0 0 0 0 -4.87362e-09 -0 0 0 -0 0 0 0 0 0 0 0 0 0 0 0 0 0 1 13150.8 13150.8 13150.8 13150.8
0 0 1 0 0 1 0 0 0 0 0 -7.09859e-09 -0 0 0 -0 0 0 0 0 0 0 0 0 0 0 0 0 0 1 13150.8 13150.8 13150.8 13150.8
0 0 1 0 0 1 0 0 0 0 0 -2.28773e-09 -0 0 0 -0 0 0 0 0 0 0 0 0 0 0 0 0 0 1 13150.8 13150.8 13150.8 13150.8
0 0 1 0 0 1 0 0 0 0 0 -4.47736e-09 -0 0 0 -0 0 0 0 0 0 0 0 0 0 0 0 0 0 1 13150.8 13150.8 13150.8 13150.8
0 0 1 0 0 1 0 0 0 0 0 -6.75493e-09 -0 0 0 -0 0 0 0 0 0 0 0 0 0 0 0 0 0 1 13150.8 13150.8 13150.8 13150.8
0 0 1 0 0 1 0 0 0 0 0 -1.55288e-09 -0 0 0 -0 0 0 0 0 0 0 0 0 0 0 0 0 0 1 13150.8 13150.8 13150.8 13150.8
0 0 1 0 0 1 0 0 0 0 0 3.21412e-09 -0 0 0 -0 0 0 0 0 0 0 0 0 0 0 0 0 0 1 13150.8 13150.8 13150.8 13150.8
0 0 1 0 0 1 0 0 0 0 0 9.84441e-10 -0 0 0 -0 0 0 0 0 0 0 0 0 0 0 0 0 0 1 13150.8 13150.8 13150.8 13150.8
0 0 1 0 0 1 0 0 0 0 0 -1.26728e-09 -0 0 0 -0 0 0 0 0 0 0 0 0 0 0 0 0 0 1 13150.8 13150.8 13150.8 13150.8
0 0 1 0 0 1 0 0 0 0 0 -3.29547e-09 -0 0 0 -0 0 0 0 0 0 0 0 0 0 0 0 0 0 1 13150.8 13150.8 13150.8 13150.8
0 0 1 0 0 1 0 0 0 0 0 -5.71033e-09 -0 0 0 -0 0 0 0 0 0 0 0 0 0 0 0 0 0 1 13150.8 13150.8 13150.8 13150.8
0 0 1 0 0 1 0 0 0 0 0 -1.02101e-09 -0 0 0 -0 0 0 0 0 0 0 0 0 0 0 0 0 0 1 13150.8 13150.8 13150.8 13150.8
0 0 1 0 0 1 0 0 0 0 0 -3.21822e-09 -0 0 0 -0 0 0 0 0 0 0 0 0 0 0 0 0 0 1 13150.8 13150.8 13150.8 13150.8
0 0 1 0 0 1 0 0 0 0 0 -5.52972e-09 -0 0 0 -0 0 0 0 0 0 0 0 0 0 0 0 0 0 1 13150.8 13150.8 13150.8 13150.8
0 0 1 0 0 1 0 0 0 0 0 -7.58731e-09 -0 0 0 -0 0 0 0 0 0 0 0 0 0 0 0 0 0 1 13150.8 13150.8 13150.8 13150.8
0 0 1 0 0 1 0 0 0 0 0 -2.37346e-09 -0 0 0 -0 0 0 0 0 0 0 0 0 0 0 0 0 0 1 13150.8 13150.8 13150.8 13150.8
0 0 1 0 0 1 0 0 0 0 0 -4.84979e-09 -0 0 0 -0 0 0 0 0 0 0 0 0 0 0 0 0 0 1 13150.8 13150.8 13150.8 13150.8
0 0 1 0 0 1 0 0 0 0 0 -6.66732e-09 -0 0 0 -0 0 0 0 0 0 0 0 0 0 0 0 0 0 1 13150.8 13150.8 13150.8 13150.8
0 0 1 0 0 1 0 0 0 0 0 -1.51139e-09 -0 0 0 -0 0 0 0 0 0 0 0 0 0 0 0 0 0 1 13150.8 13150.8 13150.8 13150.8
0 0 1 0 0 1 0 0 0 0 0 -3.7128e-09 -0 0 0 -0 0 0 0 0 0 0 0 0 0 0 0 0 0 1 13150.8 13150.8 13150.8 13150.8
0 0 1 0 0 1 0 0 0 0 0 -5.94283e-09 -0 0 0 -0 0 0 0 0 0 0 0 0 0 0 0 0 0 1 13150.8 13150.8 13150.8 13150.8
0 0 1 0 0 1 0 0 0 0 0 -5.59168e-10 -0 0 0 -0 0 0 0 0 0 0 0 0 0 0 0 0 0 1 13150.8 13150.8 13150.8 13150.8
0 0 1 0 0 1 0 0 0 0 0 4.21135e-09 -0 0 0 -0 0 0 0 0 0 0 0 0 0 0 0 0 0 1 13150.8 13150.8 13150.8 13150.8
0 0 1 0 0 1 0 0 0 0 0 2.047e-09 -0 0 0 -0 0 0 0 0 0 0 0 0 0 0 0 0 0 1 13150.8 13150.8 13150.8 13150.8
0 0 1 0 0 1 0 0 0 0 0 -1.78657e-10 -0 0 0 -0 0 0 0 0 0 0 0 0 0 0 0 0 0 1 13150.8 13150.8 13150.8 13150.8
0 0 1 0 0 1 0 0 0 0 0 -2.4782e-09 -0 0 0 -0 0 0 0 0 0 0 0 0 0 0 0 0 0 1 13150.8 13150.8 13150.8 13150.8
0 0 1 0 0 1 0 0 0 0 0 -4.52651e-09 -0 0 0 -0 0 0 0 0 0 0 0 0 0 0 0 0 0 1 13150.8 13150.8 13150.8 13150.8
0 0 1 0 0 1 0 0 0 0 0 6.65718e-10 -0 0 0 -0 0 0 0 0 0 0 0 0 0 0 0 0 0 1 13150.8 13150.8 13150.8 13150.8
0 0 1 0 0 1 0 0 0 0 0 5.65809e-09 -0 0 0 -0 0 0 0 0 0 0 0 0 0 0 0 0 0 1 13150.8 13150.8 13150.8 13150.8
0 0 1 0 0 1 0 0 0 0 0 3.48475e-09 -0 0 0 -0 0 0 0 0 0 0 0 0 0 0 0 0 0 1 13150.8 13150.8 13150.8 13150.8
0 0 1 0 0 1 0 0 0 0 0 1.24639e-09 -0 0 0 -0 0 0 0 0 0 0 0 0 0 0 0 0 0 1 13150.8 13150.8 13150.8 13150.8
0 0 1 0 0 1 0 0 0 0 0 -9.12975e-10 -0 0 0 -0 0 0 0 0 0 0 0 0 0 0 0 0 0 1 13150.8 13150.8 13150.8 13150.8
0 0 1 0 0 1 0 0 0 0 0 -3.14099e-09 -0 0 0 -0 0 0 0 0 0 0 0 0 0 0 0 0 0 1 13150.8 13150.8 13150.8 13150.8
0 0 1 0 0 1 0 0 0 0 0 -5.43926e-09 -0 0 0 -0 0 0 0 0 0 0 0 0 0 0 0 0 0 1 13150.8 13150.8 13150.8 13150.8
0 0 1 0 0 1 0 0 0 0 0 -7.53514e-09 -0 0 0 -0 0 0 0 0 0 0 0 0 0 0 0 0 0 1 13150.8 13150.8 13150.8 13150.8
0 0 1 0 0 1 0 0 0 0 0 -2.56289e-09 -0 0 0 -0 0 0 0 0 0 0 0 0 0 0 0 0 0 1 13150.8 13150.8 13150.8 13150.8
0 0 1 0 0 1 0 0 0 0 0 2.57225e-09 -0 0 0 -0 0 0 0 0 0 0 0 0 0 0 0 0 0 1 13150.8 13150.8 13150.8 13150.8
0 0 1 0 0 1 0 0 0 0 0 -1.28922e-10 -0 0 0 -0 0 0 0 0 0 0 0 0 0 0 0 0 0 1 13150.8 13150.8 13150.8 13150.8
0 0 1 0 0 1 0 0 0 0 0 -1.78681e-09 -0 0 0 -0 0 0 0 0 0 0 0 0 0 0 0 0 0 1 13150.8 13150.8 13150.8 13150.8
0 0 1 0 0 1 0 0 0 0 0 -4.02373e-09 -0 0 0 -0 0 0 0 0 0 0 0 0 0 0 0 0 0 1 13150.8 13150.8 13150.8 13150.8
0 0 1 0 0 1 0 0 0 0 0 -6.25242e-09 -0 0 0 -0 0 0 0 0 0 0 0 0 0 0 0 0 0 1 13150.8 13150.8 13150.8 13150.8
0 0 1 0 0 1 0 0 0 0 0 -8.46063e-09 -0 0 0 -0 0 0 0 0 0 0 0 0 0 0 0 0 0 1 13150.8 13150.8 13150.8 13150.8
0 0 1 0 0 1 0 0 0 0 0 -3.62278e-09 -0 0 0 -0 0 0 0 0 0 0 0 0 0 0 0 0 0 1 13150.8 13150.8 13150.8 13150.8
0 0 1 0 0 1 0 0 0 0 0 1.4541e-09 -0 0 0 -0 0 0 0 0 0 0 0 0 0 0 0 0 0 1 13150.8 13150.8 13150.8 13150.8
0 0 1 0 0 1 0 0 0 0 0 -8.46054e-10 -0 0 0 -0 0 0 0 0 0 0 0 0 0 0 0 0 0 1 13150.8 13150.8 13150.8 13150.8
0 0 1 0 0 1 0 0 0 0 0 -3.09794e-09 -0 0 0 -0 0 0 0 0 0 0 0 0 0 0 0 0 0 1 13150.8 13150.8 13150.8 13150.8
0 0 1 0 0 1 0 0 0 0 0 -5.17136e-09 -0 0 0 -0 0 0 0 0 0 0 0 0 0 0 0 0 0 1 13150.8 13150.8 13150.8 13150.8
0 0 1 0 0 1 0 0 0 0 0 -7.3545e-09 -0 0 0 -0 0 0 0 0 0 0 0 0 0 0 0 0 0 1 13150.8 13150.8 13150.8 13150.8
0 0 1 0 0 1 0 0 0 0 0 -2.13041e-09 -0 0 0 -0 0 0 0 0 0 0 0 0 0 0 0 0 0 1 13150.8 13150.8 13150.8 13150.8
0 0 1 0 0 1 0 0 0 0 0 -4.36745e-09 -0 0 0 -0 0 0 0 0 0 0 0 0 0 0 0 0 0 1 13150.8 13150.8 13150.8 13150.8
0 0 1 0 0 1 0 0 0 0 0 -6.38429e-09 -0 0 0 -0 0 0 0 0 0 0 0 0 0 0 0 0 0 1 13150.8 13150.8 13150.8 13150.8
0 0 1 0 0 1 0 0 0 0 0 -1.10451e-09 -0 0 0 -0 0 0 0 0 0 0 0 0 0 0 0 0 0 1 13150.8 13150.8 13150.8 13150.8
0 0 1 0 0 1 0 0 0 0 0 4.09028e-09 -0 0 0 -0 0 0 0 0 0 0 0 0 0 0 0 0 0 1 13150.8 13150.8 13150.8 13150.8
0 0 1 0 0 1 0 0 0 0 0 1.83428e-09 -0 0 0 -0 0 0 0 0 0 0 0 0 0 0 0 0 0 1 13150.8 13150.8 13150.8 13150.8
0 0 1 0 0 1 0 0 0 0 0 -2.06535e-10 -0 0 0 -0 0 0 0 0 0 0 0 0 0 0 0 0 0 1 13150.8 13150.8 13150.8 13150.8
0 0 1 0 0 1 0 0 0 0 0 -2.48179e-09 -0 0 0 -0 0 0 0 0 0 0 0 0 0 0 0 0 0 1 13150.8 13150.8 13150.8 13150.8
0 0 1 0 0 1 0 0 0 0 0 -4.68805e-09 -0 0 0 -0 0 0 0 0 0 0 0 0 0 0 0 0 0 1 13150.8 13150.8 13150.8 13150.8
0 0 1 0 0 1 0 0 0 0 0 -6.91434e-09 -0 0 0 -0 0 0 0 0 0 0 0 0 0 0 0 0 0 1 13150.8 13150.8 13150.8 13150.8
0 0 1 0 0 1 0 0 0 0 0 -2.15743e-09 -0 0 0 -0 0 0 0 0 0 0 0 0 0 0 0 0 0 1 13150.8 13150.8 13150.8 13150.8
0 0 1 0 0 1 0 0 0 0 0 3.12591e-09 -0 0 0 -0 0 0 0 0 0 0 0 0 0 0 0 0 0 1 13150.8 13150.8 13150.8 13150.8
0 0 1 0 0 1 0 0 0 0 0 9.08695e-10 -0 0 0 -0 0 0 0 0 0 0 0 0 0 0 0 0 0 1 13150.8 13150.8 13150.8 13150.8
0 0 1 0 0 1 0 0 0 0 0 -1.25691e-09 -0 0 0 -0 0 0 0 0 0 0 0 0 0 0 0 0 0 1 13150.8 13150.8 13150.8 13150.8
0 0 1 0 0 1 0 0 0 0 0 -3.37406e-09 -0 0 0 -0 0 0 0 0 0 0 0 0 0 0 0 0 0 1 13150.8 13150.8 13150.8 13150.8
0 0 1 0 0 1 0 0 0 0 0 -5.56744e-09 -0 0 0 -0 0 0 0 0 0 0 0 0 0 0 0 0 0 1 13150.8 13150.8 13150.8 13150.8
0 0 1 0 0 1 0 0 0 0 0 -7.72432e-09 -0 0 0 -0 0 0 0 0 0 0 0 0 0 0 0 0 0 1 13150.8 13150.8 13150.8 13150.8
0 0 1 0 0 1 0 0 0 0 0 -2.64887e-09 -0 0 0 -0 0 0 0 0 0 0 0 0 0 0 0 0 0 1 13150.8 13150.8 13150.8 13150.8
0 0 1 0 0 1 0 0 0 0 0 2.54717e-09 -0 0 0 -0 0 0 0 0 0 0 0 0 0 0 0 0 0 1 13150.8 13150.8 13150.8 13150.8
0 0 1 0 0 1 0 0 0 0 0 3.31048e-10 -0 0 0 -0 0 0 0 0 0 0 0 0 0 0 0 0 0 1 13150.8 13150.8 13150.8 13150.8
0 0 1 0 0 1 0 0 0 0 0 -1.90607e-09 -0 0 0 -0 0 0 0 0 0 0 0 0 0 0 0 0 0 1 13150.8 13150.8 13150.8 13150.8
0 0 1 0 0 1 0 0 0 0 0 -3.97469e-09 -0 0 0 -0 0 0 0 0 0 0 0 0 0 0 0 0 0 1 13150.8 13150.8 13150.8 13150.8
0 0 1 0 0 1 0 0 0 0 0 -6.21291e-09 -0 0 0 -0 0 0 0 0 0 0 0 0 0 0 0 0 0 1 13150.8 13150.8 13150.8 13150.8
0 0 1 0 0 1 0 0 0 0 0 -1.03981e-09 -0 0 0 -0 0 0 0 0 0 0 0 0 0 0 0 0 0 1 13150.8 13150.8 13150.8 13150.8
0 0 1 0 0 1 0 0 0 0 0 -3.28189e-09 -0 0 0 -0 0 0 0 0 0 0 0 0 0 0 0 0 0 1 13150.8 13150.8 13150.8 13150.8
0 0 1 0 0 1 0 0 0 0 0 -5.33071e-09 -0 0 0 -0 0 0 0 0 0 0 0 0 0 0 0 0 0 1 13150.8 13150.8 13150.8 13150.8
0 0 1 0 0 1 0 0 0 0 0 -7.57821e-09 -0 0 0 -0 0 0 0 0 0 0 0 0 0 0 0 0 0 1 13150.8 13150.8 13150.8 13150.8
0 0 1 0 0 1 0 0 0 0 0 -2.42696e-09 -0 0 0 -0 0 0 0 0 0 0 0 0 0 0 0 0 0 1 13150.8 13150.8 13150.8 13150.8
0 0 1 0 0 1 0 0 0 0 0 -4.67063e-09 -0 0 0 -0 0 0 0 0 0 0 0 0 0 0 0 0 0 1 13150.8 13150.8 13150.8 13150.8
0 0 1 0 0 1 0 0 0 0 0 -6.745e-09 -0 0 0 -0 0 0 0 0 0 0 0 0 0 0 0 0 0 1 13150.8 13150.8 13150.8 13150.8
0 0 1 0 0 1 0 0 0 0 0 -1.50062e-09 -0 0 0 -0 0 0 0 0 0 0 0 0 0 0 0 0 0 1 13150.8 13150.8 13150.8 13150.8
0 0 1 0 0 1 0 0 0 0 0 -3.69218e-09 -0 0 0 -0 0 0 0 0 0 0 0 0 0 0 0 0 0 1 13150.8 13150.8 13150.8 13150.8
0 0 1 0 0 1 0 0 0 0 0 1.53941e-09 -0 0 0 -0 0 0 0 0 0 0 0 0 0 0 0 0 0 1 13150.8 13150.8 13150.8 13150.8
0 0 1 0 0 1 0 0 0 0 0 6.31197e-09 -0 0 0 -0 0 0 0 0 0 0 0 0 0 0 0 0 0 1 13150.8 13150.8 13150.8 13150.8
0 0 1 0 0 1 0 0 0 0 0 4.06847e-09 -0 0 0 -0 0 0 0 0 0 0 0 0 0 0 0 0 0 1 13150.8 13150.8 13150.8 13150.8
0 0 1 0 0 1 0 0 0 0 0 1.83198e-09 -0 0 0 -0 0 0 0 0 0 0 0 0 0 0 0 0 0 1 13150.8 13150.8 13150.8 13150.8
0 0 1 0 0 1 0 0 0 0 0 -3.90268e-10 -0 0 0 -0 0 0 0 0 0 0 0 0 0 0 0 0 0 1 13150.8 13150.8 13150.8 13150.8
0 0 1 0 0 1 0 0 0 0 0 -2.44492e-09 -0 0 0 -0 0 0 0 0 0 0 0 0 0 0 0 0 0 1 13150.8 13150.8 13150.8 13150.8
0 0 1 0 0 1 0 0 0 0 0 -4.68663e-09 -0 0 0 -0 0 0 0 0 0 0 0 0 0 0 0 0 0 1 13150.8 13150.8 13150.8 13150.8
0 0 1 0 0 1 0 0 0 0 0 -6.90412e-09 -0 0 0 -0 0 0 0 0 0 0 0 0 0 0 0 0 0 1 13150.8 13150.8 13150.8 13150.8
0 0 1 0 0 1 0 0 0 0 0 -1.69326e-09 -0 0 0 -0 0 0 0 0 0 0 0 0 0 0 0 0 0 1 13150.8 13150.8 13150.8 13150.8
0 0 1 0 0 1 0 0 0 0 0 3.11656e-09 -0 0 0 -0 0 0 0 0 0 0 0 0 0 0 0 0 0 1 13150.8 13150.8 13150.8 13150.8
0 0 1 0 0 1 0 0 0 0 0 8.68357e-10 -0 0 0 -0 0 0 0 0 0 0 0 0 0 0 0 0 0 1 13150.8 13150.8 13150.8 13150.8
0 0 1 0 0 1 0 0 0 0 0 -1.35149e-09 -0 0 0 -0 0 0 0 0 0 0 0 0 0 0 0 0 0 1 13150.8 13150.8 13150.8 13150.8
0 0 1 0 0 1 0 0 0 0 0 -3.58353e-09 -0 0 0 -0 0 0 0 0 0 0 0 0 0 0 0 0 0 1 13150.8 13150.8 13150.8 13150.8
0 0 1 0 0 1 0 0 0 0 0 -5.666e-09 -0 0 0 -0 0 0 0 0 0 0 0 0 0 0 0 0 0 1 13150.8 13150.8 13150.8 13150.8
0 0 1 0 0 1 0 0 0 0 0 -4.94864e-10 -0 0 0 -0 0 0 0 0 0 0 0 0 0 0 0 0 0 1 13150.8 13150.8 13150.8 13150.8
0 0 1 0 0 1 0 0 0 0 0 4.66253e-09 -0 0 0 -0 0 0 0 0 0 0 0 0 0 0 0 0 0 1 13150.8 13150.8 13150.8 13150.8
0 0 1 0 0 1 0 0 0 0 0 2.38637e-09 -0 0 0 -0 0 0 0 0 0 0 0 0 0 0 0 0 0 1 13150.8 13150.8 13150.8 13150.8
0 0 1 0 0 1 0 0 0 0 0 3.53083e-10 -0 0 0 -0 0 0 0 0 0 0 0 0 0 0 0 0 0 1 13150.8 13150.8 13150.8 13150.8
0 0 1 0 0 1 0 0 0 0 0 -1.90633e-09 -0 0 0 -0 0 0 0 0 0 0 0 0 0 0 0 0 0 1 13150.8 13150.8 13150.8 13150.8
0 0 1 0 0 1 0 0 0 0 0 -4.44012e-09 -0 0 0 -0 0 0 0 0 0 0 0 0 0 0 0 0 0 1 13150.8 13150.8 13150.8 13150.8
0 0 1 0 0 1 0 0 0 0 0 -6.33367e-09 -0 0 0 -0 0 0 0 0 0 0 0 0 0 0 0 0 0 1 13150.8 13150.8 13150.8 13150.8
0 0 1 0 0 1 0 0 0 0 0 -1.28526e-09 -0 0 0 -0 0 0 0 0 0 0 0 0 0 0 0 0 0 1 13150.8 13150.8 13150.8 13150.8
0 0 1 0 0 1 0 0 0 0 0 3.6089e-09 -0 0 0 -0 0 0 0 0 0 0 0 0 0 0 0 0 0 1 13150.8 13150.8 13150.8 13150.8
0 0 1 0 0 1 0 0 0 0 0 1.34913e-09 -0 0 0 -0 0 0 0 0 0 0 0 0 0 0 0 0 0 1 13150.8 13150.8 13150.8 13150.8
0 0 1 0 0 1 0 0 0 0 0 -8.71636e-10 -0 0 0 -0 0 0 0 0 0 0 0 0 0 0 0 0 0 1 13150.8 13150.8 13150.8 13150.8
0 0 1 0 0 1 0 0 0 0 0 -3.11267e-09 -0 0 0 -0 0 0 0 0 0 0 0 0 0 0 0 0 0 1 13150.8 13150.8 13150.8 13150.8
0 0 1 0 0 1 0 0 0 0 0 -5.15179e-09 -0 0 0 -0 0 0 0 0 0 0 0 0 0 0 0 0 0 1 13150.8 13150.8 13150.8 13150.8
0 0 1 0 0 1 0 0 0 0 0 -6.27825e-11 -0 0 0 -0 0 0 0 0 0 0 0 0 0 0 0 0 0 1 13150.8 13150.8 13150.8 13150.8
0 0 1 0 0 1 0 0 0 0 0 5.24682e-09 -0 0 0 -0 0 0 0 0 0 0 0 0 0 0 0 0 0 1 13150.8 13150.8 13150.8 13150.8
0 0 1 0 0 1 0 0 0 0 0 3.19969e-09 -0 0 0 -0 0 0 0 0 0 0 0 0 0 0 0 0 0 1 13150.8 13150.8 13150.8 13150.8
0 0 1 0 0 1 0 0 0 0 0 9.67389e-10 -0 0 0 -0 0 0 0 0 0 0 0 0 0 0 0 0 0 1 13150.8 13150.8 13150.8 13150.8
0 0 1 0 0 1 0 0 0 0 0 -1.23609e-09 -0 0 0 -0 0 0 0 0 0 0 0 0 0 0 0 0 0 1 13150.8 13150.8 13150.8 13150.8
0 0 1 0 0 1 0 0 0 0 0 -3.498e-09 -0 0 0 -0 0 0 0 0 0 0 0 0 0 0 0 0 0 1 13150.8 13150.8 13150.8 13150.8
0 0 1 0 0 1 0 0 0 0 0 -5.74271e-09 -0 0 0 -0 0 0 0 0 0 0 0 0 0 0 0 0 0 1 13150.8 13150.8 13150.8 13150.8
0 0 1 0 0 1 0 0 0 0 0 -9.80461e-10 -0 0 0 -0 0 0 0 0 0 0 0 0 0 0 0 0 0 1 13150.8 13150.8 13150.8 13150.8
0 0 1 0 0 1 0 0 0 0 0 4.17491e-09 -0 0 0 -0 0 0 0 0 0 0 0 0 0 0 0 0 0 1 13150.8 13150.8 13150.8 13150.8
0 0 1 0 0 1 0 0 0 0 0 -2.36753e-09 -0 0 0 -0 0 0 0 0 0 0 0 0 0 0 0 0 0 1 13150.8 13150.8 13150.8 13150.8
0 0 1 0 0 1 0 0 0 0 0 -4.61247e-09 -0 0 0 -0 0 0 0 0 0 0 0 0 0 0 0 0 0 1 13150.8 13150.8 13150.8 13150.8
0 0 1 0 0 1 0 0 0 0 0 -7.24756e-09 -0 0 0 -0 0 0 0 0 0 0 0 0 0 0 0 0 0 1 13150.8 13150.8 13150.8 13150.8
0 0 1 0 0 1 0 0 0 0 0 -3.15097e-09 -0 0 0 -0 0 0 0 0 0 0 0 0 0 0 0 0 0 1 13150.8 13150.8 13150.8 13150.8
0 0 1 0 0 1 0 0 0 0 0 1.78119e-09 -0 0 0 -0 0 0 0 0 0 0 0 0 0 0 0 0 0 1 13150.8 13150.8 13150.8 13150.8
0 0 1 0 0 1 0 0 0 0 0 7.00087e-09 -0 0 0 -0 0 0 0 0 0 0 0 0 0 0 0 0 0 1 13150.8 13150.8 13150.8 13150.8
0 0 1 0 0 1 0 0 0 0 0 4.7626e-09 -0 0 0 -0 0 0 0 0 0 0 0 0 0 0 0 0 0 1 13150.8 13150.8 13150.8 13150.8
0 0 1 0 0 1 0 0 0 0 0 2.49751e-09 -0 0 0 -0 0 0 0 0 0 0 0 0 0 0 0 0 0 1 13150.8 13150.8 13150.8 13150.8
0 0 1 0 0 1 0 0 0 0 0 4.87219e-10 -0 0 0 -0 0 0 0 0 0 0 0 0 0 0 0 0 0 1 13150.8 13150.8 13150.8 13150.8
0 0 1 0 0 1 0 0 0 0 0 -1.71861e-09 -0 0 0 -0 0 0 0 0 0 0 0 0 0 0 0 0 0 1 13150.8 13150.8 13150.8 13150.8
0 0 1 0 0 1 0 0 0 0 0 -3.98887e-09 -0 0 0 -0 0 0 0 0 0 0 0 0 0 0 0 0 0 1 13150.8 13150.8 13150.8 13150.8
0 0 1 0 0 1 0 0 0 0 0 -6.05114e-09 -0 0 0 -0 0 0 0 0 0 0 0 0 0 0 0 0 0 1 13150.8 13150.8 13150.8 13150.8
0 0 1 0 0 1 0 0 0 0 0 -7.76756e-10 -0 0 0 -0 0 0 0 0 0 0 0 0 0 0 0 0 0 1 13150.8 13150.8 13150.8 13150.8
0 0 1 0 0 1 0 0 0 0 0 4.36785e-09 -0 0 0 -0 0 0 0 0 0 0 0 0 0 0 0 0 0 1 13150.8 13150.8 13150.8 13150.8
0 0 1 0 0 1 0 0 0 0 0 2.15434e-09 -0 0 0 -0 0 0 0 0 0 0 0 0 0 0 0 0 0 1 13150.8 13150.8 13150.8 13150.8
0 0 1 0 0 1 0 0 0 0 0 -9.21305e-11 -0 0 0 -0 0 0 0 0 0 0 0 0 0 0 0 0 0 1 13150.8 13150.8 13150.8 13150.8
0 0 1 0 0 1 0 0 0 0 0 -2.13791e-09 -0 0 0 -0 0 0 0 0 0 0 0 0 0 0 0 0 0 1 13150.8 13150.8 13150.8 13150.8
0 0 1 0 0 1 0 0 0 0 0 -4.38053e-09 -0 0 0 -0 0 0 0 0 0 0 0 0 0 0 0 0 0 1 13150.8 13150.8 13150.8 13150.8
0 0 1 0 0 1 0 0 0 0 0 -6.61461e-09 -0 0 0 -0 0 0 0 0 0 0 0 0 0 0 0 0 0 1 13150.8 13150.8 13150.8 13150.8
0 0 1 0 0 1 0 0 0 0 0 -1.40075e-09 -0 0 0 -0 0 0 0 0 0 0 0 0 0 0 0 0 0 1 13150.8 13150.8 13150.8 13150.8
0 0 1 0 0 1 0 0 0 0 0 3.3515e-09 -0 0 0 -0 0 0 0 0 0 0 0 0 0 0 0 0 0 1 13150.8 13150.8 13150.8 13150.8
0 0 1 0 0 1 0 0 0 0 0 1.11305e-09 -0 0 0 -0 0 0 0 0 0 0 0 0 0 0 0 0 0 1 13150.8 13150.8 13150.8 13150.8
0 0 1 0 0 1 0 0 0 0 0 -1.12418e-09 -0 0 0 -0 0 0 0 0 0 0 0 0 0 0 0 0 0 1 13150.8 13150.8 13150.8 13150.8
0 0 1 0 0 1 0 0 0 0 0 -3.27188e-09 -0 0 0 -0 0 0 0 0 0 0 0 0 0 0 0 0 0 1 13150.8 13150.8 13150.8 13150.8
0 0 1 0 0 1 0 0 0 0 0 -5.40383e-09 -0 0 0 -0 0 0 0 0 0 0 0 0 0 0 0 0 0 1 13150.8 13150.8 13150.8 13150.8
0 0 1 0 0 1 0 0 0 0 0 -1.93158e-10 -0 0 0 -0 0 0 0 0 0 0 0 0 0 0 0 0 0 1 13150.8 13150.8 13150.8 13150.8
0 0 1 0 0 1 0 0 0 0 0 5.00308e-09 -0 0 0 -0 0 0 0 0 0 0 0 0 0 0 0 0 0 1 13150.8 13150.8 13150.8 13150.8
0 0 1 0 0 1 0 0 0 0 0 2.83961e-09 -0 0 0 -0 0 0 0 0 0 0 0 0 0 0 0 0 0 1 13150.8 13150.8 13150.8 13150.8
0 0 1 0 0 1 0 0 0 0 0 7.16509e-10 -0 0 0 -0 0 0 0 0 0 0 0 0 0 0 0 0 0 1 13150.8 13150.8 13150.8 13150.8
0 0 1 0 0 1 0 0 0 0 0 -1.51872e-09 -0 0 0 -0 0 0 0 0 0 0 0 0 0 0 0 0 0 1 13150.8 13150.8 13150.8 13150.8
0 0 1 0 0 1 0 0 0 0 0 -3.76118e-09 -0 0 0 -0 0 0 0 0 0 0 0 0 0 0 0 0 0 1 13150.8 13150.8 13150.8 13150.8
0 0 1 0 0 1 0 0 0 0 0 -5.82801e-09 -0 0 0 -0 0 0 0 0 0 0 0 0 0 0 0 0 0 1 13150.8 13150.8 13150.8 13150.8
0 0 1 0 0 1 0 0 0 0 0 -6.76214e-10 -0 0 0 -0 0 0 0 0 0 0 0 0 0 0 0 0 0 1 13150.8 13150.8 13150.8 13150.8
0 0 1 0 0 1 0 0 0 0 0 4.5297e-09 -0 0 0 -0 0 0 0 0 0 0 0 0 0 0 0 0 0 1 13150.8 13150.8 13150.8 13150.8
0 0 1 0 0 1 0 0 0 0 0 2.3183e-09 -0 0 0 -0 0 0 0 0 0 0 0 0 0 0 0 0 0 1 13150.8 13150.8 13150.8 13150.8
0 0 1 0 0 1 0 0 0 0 0 5.38979e-11 -0 0 0 -0 0 0 0 0 0 0 0 0 0 0 0 0 0 1 13150.8 13150.8 13150.8 13150.8
0 0 1 0 0 1 0 0 0 0 0 -1.99391e-09 -0 0 0 -0 0 0 0 0 0 0 0 0 0 0 0 0 0 1 13150.8 13150.8 13150.8 13150.8
0 0 1 0 0 1 0 0 0 0 0 -4.23128e-09 -0 0 0 -0 0 0 0 0 0 0 0 0 0 0 0 0 0 1 13150.8 13150.8 13150.8 13150.8
0 0 1 0 0 1 0 0 0 0 0 -6.4671e-09 -0 0 0 -0 0 0 0 0 0 0 0 0 0 0 0 0 0 1 13150.8 13150.8 13150.8 13150.8
0 0 1 0 0 1 0 0 0 0 0 -1.2531e-09 -0 0 0 -0 0 0 0 0 0 0 0 0 0 0 0 0 0 1 13150.8 13150.8 13150.8 13150.8
0 0 1 0 0 1 0 0 0 0 0 3.51767e-09 -0 0 0 -0 0 0 0 0 0 0 0 0 0 0 0 0 0 1 13150.8 13150.8 13150.8 13150.8
0 0 1 0 0 1 0 0 0 0 0 1.28469e-09 -0 0 0 -0 0 0 0 0 0 0 0 0 0 0 0 0 0 1 13150.8 13150.8 13150.8 13150.8
0 0 1 0 0 1 0 0 0 0 0 -9.48124e-10 -0 0 0 -0 0 0 0 0 0 0 0 0 0 0 0 0 0 1 13150.8 13150.8 13150.8 13150.8
0 0 1 0 0 1 0 0 0 0 0 -3.19238e-09 -0 0 0 -0 0 0 0 0 0 0 0 0 0 0 0 0 0 1 13150.8 13150.8 13150.8 13150.8
0 0 1 0 0 1 0 0 0 0 0 -5.23811e-09 -0 0 0 -0 0 0 0 0 0 0 0 0 0 0 0 0 0 1 13150.8 13150.8 13150.8 13150.8
0 0 1 0 0 1 0 0 0 0 0 -4.0974e-11 -0 0 0 -0 0 0 0 0 0 0 0 0 0 0 0 0 0 1 13150.8 13150.8 13150.8 13150.8
0 0 1 0 0 1 0 0 0 0 0 4.89159e-09 -0 0 0 -0 0 0 0 0 0 0 0 0 0 0 0 0 0 1 13150.8 13150.8 13150.8 13150.8
0 0 1 0 0 1 0 0 0 0 0 2.70866e-09 -0 0 0 -0 0 0 0 0 0 0 0 0 0 0 0 0 0 1 13150.8 13150.8 13150.8 13150.8
0 0 1 0 0 1 0 0 0 0 0 4.77585e-10 -0 0 0 -0 0 0 0 0 0 0 0 0 0 0 0 0 0 1 13150.8 13150.8 13150.8 13150.8
0 0 1 0 0 1 0 0 0 0 0 -1.79551e-09 -0 0 0 -0 0 0 0 0 0 0 0 0 0 0 0 0 0 1 13150.8 13150.8 13150.8 13150.8
0 0 1 0 0 1 0 0 0 0 0 -3.9913e-09 -0 0 0 -0 0 0 0 0 0 0 0 0 0 0 0 0 0 1 13150.8 13150.8 13150.8 13150.8
0 0 1 0 0 1 0 0 0 0 0 -6.07e-09 -0 0 0 -0 0 0 0 0 0 0 0 0 0 0 0 0 0 1 13150.8 13150.8 13150.8 13150.8
0 0 1 0 0 1 0 0 0 0 0 -9.05035e-10 -0 0 0 -0 0 0 0 0 0 0 0 0 0 0 0 0 0 1 13150.8 13150.8 13150.8 13150.8
0 0 1 0 0 1 0 0 0 0 0 -3.12285e-09 -0 0 0 -0 0 0 0 0 0 0 0 0 0 0 0 0 0 1 13150.8 13150.8 13150.8 13150.8
0 0 1 0 0 1 0 0 0 0 0 -5.35749e-09 -0 0 0 -0 0 0 0 0 0 0 0 0 0 0 0 0 0 1 13150.8 13150.8 13150.8 13150.8
0 0 1 0 0 1 0 0 0 0 0 -3.1281e-10 -0 0 0 -0 0 0 0 0 0 0 0 0 0 0 0 0 0 1 13150.8 13150.8 13150.8 13150.8
0 0 1 0 0 1 0 0 0 0 0 4.61128e-09 -0 0 0 -0 0 0 0 0 0 0 0 0 0 0 0 0 0 1 13150.8 13150.8 13150.8 13150.8
0 0 1 0 0 1 0 0 0 0 0 2.37362e-09 -0 0 0 -0 0 0 0 0 0 0 0 0 0 0 0 0 0 1 13150.8 13150.8 13150.8 13150.8
0 0 1 0 0 1 0 0 0 0 0 1.33884e-10 -0 0 0 -0 0 0 0 0 0 0 0 0 0 0 0 0 0 1 13150.8 13150.8 13150.8 13150.8
0 0 1 0 0 1 0 0 0 0 0 -2.15023e-09 -0 0 0 -0 0 0 0 0 0 0 0 0 0 0 0 0 0 1 13150.8 13150.8 13150.8 13150.8
0 0 1 0 0 1 0 0 0 0 0 -6.39929e-09 -0 0 0 -0 0 0 0 0 0 0 0 0 0 0 0 0 0 1 13150.8 13150.8 13150.8 13150.8
0 0 1 0 0 1 0 0 0 0 0 -6.39929e-09 -0 0 0 -0 0 0 0 0 0 0 0 0 0 0 0 0 0 1 13150.8 13150.8 13150.8 13150.8
0 0 1 0 0 1 0 0 0 0 0 -1.14139e-09 -0 0 0 -0 0 0 0 0 0 0 0 0 0 0 0 0 0 1 13150.8 13150.8 13150.8 13150.8
0 0 1 0 0 1 0 0 0 0 0 -3.36051e-09 -0 0 0 -0 0 0 0 0 0 0 0 0 0 0 0 0 0 1 13150.8 13150.8 13150.8 13150.8
0 0 1 0 0 1 0 0 0 0 0 -5.39768e-09 -0 0 0 -0 0 0 0 0 0 0 0 0 0 0 0 0 0 1 13150.8 13150.8 13150.8 13150.8
0 0 1 0 0 1 0 0 0 0 0 -3.51446e-10 -0 0 0 -0 0 0 0 0 0 0 0 0 0 0 0 0 0 1 13150.8 13150.8 13150.8 13150.8
0 0 1 0 0 1 0 0 0 0 0 -2.65571e-09 -0 0 0 -0 0 0 0 0 0 0 0 0 0 0 0 0 0 1 13150.8 13150.8 13150.8 13150.8
0 0 1 0 0 1 0 0 0 0 0 2.54735e-09 -0 0 0 -0 0 0 0 0 0 0 0 0 0 0 0 0 0 1 13150.8 13150.8 13150.8 13150.8
0 0 1 0 0 1 0 0 0 0 0 7.29219e-09 -0 0 0 -0 0 0 0 0 0 0 0 0 0 0 0 0 0 1 13150.8 13150.8 13150.8 13150.8
0 0 1 0 0 1 0 0 0 0 0 5.04883e-09 -0 0 0 -0 0 0 0 0 0 0 0 0 0 0 0 0 0 1 13150.8 13150.8 13150.8 13150.8
0 0 1 0 0 1 0 0 0 0 0 2.80335e-09 -0 0 0 -0 0 0 0 0 0 0 0 0 0 0 0 0 0 1 13150.8 13150.8 13150.8 13150.8
0 0 1 0 0 1 0 0 0 0 0 5.49461e-10 -0 0 0 -0 0 0 0 0 0 0 0 0 0 0 0 0 0 1 13150.8 13150.8 13150.8 13150.8
0 0 1 0 0 1 0 0 0 0 0 -1.48393e-09 -0 0 0 -0 0 0 0 0 0 0 0 0 0 0 0 0 0 1 13150.8 13150.8 13150.8 13150.8
0 0 1 0 0 1 0 0 0 0 0 -3.72112e-09 -0 0 0 -0 0 0 0 0 0 0 0 0 0 0 0 0 0 1 13150.8 13150.8 13150.8 13150.8
0 0 1 0 0 1 0 0 0 0 0 1.50386e-09 -0 0 0 -0 0 0 0 0 0 0 0 0 0 0 0 0 0 1 13150.8 13150.8 13150.8 13150.8
0 0 1 0 0 1 0 0 0 0 0 6.50499e-09 -0 0 0 -0 0 0 0 0 0 0 0 0 0 0 0 0 0 1 13150.8 13150.8 13150.8 13150.8
0 0 1 0 0 1 0 0 0 0 0 4.3671e-09 -0 0 0 -0 0 0 0 0 0 0 0 0 0 0 0 0 0 1 13150.8 13150.8 13150.8 13150.8
0 0 1 0 0 1 0 0 0 0 0 2.13495e-09 -0 0 0 -0 0 0 0 0 0 0 0 0 0 0 0 0 0 1 13150.8 13150.8 13150.8 13150.8
0 0 1 0 0 1 0 0 0 0 0 -8.79013e-11 -0 0 0 -0 0 0 0 0 0 0 0 0 0 0 0 0 0 1 13150.8 13150.8 13150.8 13150.8
0 0 1 0 0 1 0 0 0 0 0 -2.32592e-09 -0 0 0 -0 0 0 0 0 0 0 0 0 0 0 0 0 0 1 13150.8 13150.8 13150.8 13150.8
0 0 1 0 0 1 0 0 0 0 0 -4.3826e-09 -0 0 0 -0 0 0 0 0 0 0 0 0 0 0 0 0 0 1 13150.8 13150.8 13150.8 13150.8
0 0 1 0 0 1 0 0 0 0 0 8.04666e-10 -0 0 0 -0 0 0 0 0 0 0 0 0 0 0 0 0 0 1 13150.8 13150.8 13150.8 13150.8
0 0 1 0 0 1 0 0 0 0 0 -1.43759e-09 -0 0 0 -0 0 0 0 0 0 0 0 0 0 0 0 0 0 1 13150.8 13150.8 13150.8 13150.8
0 0 1 0 0 1 0 0 0 0 0 -3.71127e-09 -0 0 0 -0 0 0 0 0 0 0 0 0 0 0 0 0 0 1 13150.8 13150.8 13150.8 13150.8
0 0 1 0 0 1 0 0 0 0 0 -5.71596e-09 -0 0 0 -0 0 0 0 0 0 0 0 0 0 0 0 0 0 1 13150.8 13150.8 13150.8 13150.8
0 0 1 0 0 1 0 0 0 0 0 1.31061e-10 -0 0 0 -0 0 0 0 0 0 0 0 0 0 0 0 0 0 1 13150.8 13150.8 13150.8 13150.8
0 0 1 0 0 1 0 0 0 0 0 -1.82904e-09 -0 0 0 -0 0 0 0 0 0 0 0 0 0 0 0 0 0 1 13150.8 13150.8 13150.8 13150.8
0 0 1 0 0 1 0 0 0 0 0 -3.99766e-09 -0 0 0 -0 0 0 0 0 0 0 0 0 0 0 0 0 0 1 13150.8 13150.8 13150.8 13150.8
0 0 1 0 0 1 0 0 0 0 0 -6.12177e-09 -0 0 0 -0 0 0 0 0 0 0 0 0 0 0 0 0 0 1 13150.8 13150.8 13150.8 13150.8
0 0 1 0 0 1 0 0 0 0 0 -9.3317e-10 -0 0 0 -0 0 0 0 0 0 0 0 0 0 0 0 0 0 1 13150.8 13150.8 13150.8 13150.8
0 0 1 0 0 1 0 0 0 0 0 -3.16441e-09 -0 0 0 -0 0 0 0 0 0 0 0 0 0 0 0 0 0 1 13150.8 13150.8 13150.8 13150.8
0 0 1 0 0 1 0 0 0 0 0 2.06293e-09 -0 0 0 -0 0 0 0 0 0 0 0 0 0 0 0 0 0 1 13150.8 13150.8 13150.8 13150.8
0 0 1 0 0 1 0 0 0 0 0 6.80969e-09 -0 0 0 -0 0 0 0 0 0 0 0 0 0 0 0 0 0 1 13150.8 13150.8 13150.8 13150.8
0 0 1 0 0 1 0 0 0 0 0 4.62323e-09 -0 0 0 -0 0 0 0 0 0 0 0 0 0 0 0 0 0 1 13150.8 13150.8 13150.8 13150.8
0 0 1 0 0 1 0 0 0 0 0 2.32253e-09 -0 0 0 -0 0 0 0 0 0 0 0 0 0 0 0 0 0 1 13150.8 13150.8 13150.8 13150.8
0 0 1 0 0 1 0 0 0 0 0 9.03721e-11 -0 0 0 -0 0 0 0 0 0 0 0 0 0 0 0 0 0 1 13150.8 13150.8 13150.8 13150.8
0 0 1 0 0 1 0 0 0 0 0 -1.9412e-09 -0 0 0 -0 0 0 0 0 0 0 0 0 0 0 0 0 0 1 13150.8 13150.8 13150.8 13150.8
0 0 1 0 0 1 0 0 0 0 0 -4.19298e-09 -0 0 0 -0 0 0 0 0 0 0 0 0 0 0 0 0 0 1 13150.8 13150.8 13150.8 13150.8
0 0 1 0 0 1 0 0 0 0 0 1.00788e-09 -0 0 0 -0 0 0 0 0 0 0 0 0 0 0 0 0 0 1 13150.8 13150.8 13150.8 13150.8
0 0 1 0 0 1 0 0 0 0 0 -1.21839e-09 -0 0 0 -0 0 0 0 0 0 0 0 0 0 0 0 0 0 1 13150.8 13150.8 13150.8 13150.8
0 0 1 0 0 1 0 0 0 0 0 -3.27684e-09 -0 0 0 -0 0 0 0 0 0 0 0 0 0 0 0 0 0 1 13150.8 13150.8 13150.8 13150.8
0 0 1 0 0 1 0 0 0 0 0 1.90637e-09 -0 0 0 -0 0 0 0 0 0 0 0 0 0 0 0 0 0 1 13150.8 13150.8 13150.8 13150.8
0 0 1 0 0 1 0 0 0 0 0 -3.45322e-10 -0 0 0 -0 0 0 0 0 0 0 0 0 0 0 0 0 0 1 13150.8 13150.8 13150.8 13150.8
0 0 1 0 0 1 0 0 0 0 0 -2.57534e-09 -0 0 0 -0 0 0 0 0 0 0 0 0 0 0 0 0 0 1 13150.8 13150.8 13150.8 13150.8
0 0 1 0 0 1 0 0 0 0 0 -4.61552e-09 -0 0 0 -0 0 0 0 0 0 0 0 0 0 0 0 0 0 1 13150.8 13150.8 13150.8 13150.8
0 0 1 0 0 1 0 0 0 0 0 6.10464e-10 -0 0 0 -0 0 0 0 0 0 0 0 0 0 0 0 0 0 1 13150.8 13150.8 13150.8 13150.8
0 0 1 0 0 1 0 0 0 0 0 -1.85997e-09 -0 0 0 -0 0 0 0 0 0 0 0 0 0 0 0 0 0 1 13150.8 13150.8 13150.8 13150.8
0 0 1 0 0 1 0 0 0 0 0 -3.77728e-09 -0 0 0 -0 0 0 0 0 0 0 0 0 0 0 0 0 0 1 13150.8 13150.8 13150.8 13150.8
0 0 1 0 0 1 0 0 0 0 0 -5.89684e-09 -0 0 0 -0 0 0 0 0 0 0 0 0 0 0 0 0 0 1 13150.8 13150.8 13150.8 13150.8
0 0 1 0 0 1 0 0 0 0 0 -6.45894e-10 -0 0 0 -0 0 0 0 0 0 0 0 0 0 0 0 0 0 1 13150.8 13150.8 13150.8 13150.8
0 0 1 0 0 1 0 0 0 0 0 -2.87193e-09 -0 0 0 -0 0 0 0 0 0 0 0 0 0 0 0 0 0 1 13150.8 13150.8 13150.8 13150.8
0 0 1 0 0 1 0 0 0 0 0 2.34314e-09 -0 0 0 -0 0 0 0 0 0 0 0 0 0 0 0 0 0 1 13150.8 13150.8 13150.8 13150.8
0 0 1 0 0 1 0 0 0 0 0 7.09832e-09 -0 0 0 -0 0 0 0 0 0 0 0 0 0 0 0 0 0 1 13150.8 13150.8 13150.8 13150.8
0 0 1 0 0 1 0 0 0 0 0 4.85621e-09 -0 0 0 -0 0 0 0 0 0 0 0 0 0 0 0 0 0 1 13150.8 13150.8 13150.8 13150.8
0 0 1 0 0 1 0 0 0 0 0 2.62015e-09 -0 0 0 -0 0 0 0 0 0 0 0 0 0 0 0 0 0 1 13150.8 13150.8 13150.8 13150.8
0 0 1 0 0 1 0 0 0 0 0 3.90673e-10 -0 0 0 -0 0 0 0 0 0 0 0 0 0 0 0 0 0 1 13150.8 13150.8 13150.8 13150.8
0 0 1 0 0 1 0 0 0 0 0 -1.65289e-09 -0 0 0 -0 0 0 0 0 0 0 0 0 0 0 0 0 0 1 13150.8 13150.8 13150.8 13150.8
0 0 1 0 0 1 0 0 0 0 0 -3.90407e-09 -0 0 0 -0 0 0 0 0 0 0 0 0 0 0 0 0 0 1 13150.8 13150.8 13150.8 13150.8
0 0 1 0 0 1 0 0 0 0 0 1.30562e-09 -0 0 0 -0 0 0 0 0 0 0 0 0 0 0 0 0 0 1 13150.8 13150.8 13150.8 13150.8
0 0 1 0 0 1 0 0 0 0 0 -9.26635e-10 -0 0 0 -0 0 0 0 0 0 0 0 0 0 0 0 0 0 1 13150.8 13150.8 13150.8 13150.8
0 0 1 0 0 1 0 0 0 0 0 -3.00661e-09 -0 0 0 -0 0 0 0 0 0 0 0 0 0 0 0 0 0 1 13150.8 13150.8 13150.8 13150.8
0 0 1 0 0 1 0 0 0 0 0 -5.21793e-09 -0 0 0 -0 0 0 0 0 0 0 0 0 0 0 0 0 0 1 13150.8 13150.8 13150.8 13150.8
0 0 1 0 0 1 0 0 0 0 0 -7.07851e-12 -0 0 0 -0 0 0 0 0 0 0 0 0 0 0 0 0 0 1 13150.8 13150.8 13150.8 13150.8
0 0 1 0 0 1 0 0 0 0 0 -2.25878e-09 -0 0 0 -0 0 0 0 0 0 0 0 0 0 0 0 0 0 1 13150.8 13150.8 13150.8 13150.8
0 0 1 0 0 1 0 0 0 0 0 -4.28523e-09 -0 0 0 -0 0 0 0 0 0 0 0 0 0 0 0 0 0 1 13150.8 13150.8 13150.8 13150.8
0 0 1 0 0 1 0 0 0 0 0 9.07091e-10 -0 0 0 -0 0 0 0 0 0 0 0 0 0 0 0 0 0 1 13150.8 13150.8 13150.8 13150.8
0 0 1 0 0 1 0 0 0 0 0 6.09144e-09 -0 0 0 -0 0 0 0 0 0 0 0 0 0 0 0 0 0 1 13150.8 13150.8 13150.8 13150.8
0 0 1 0 0 1 0 0 0 0 0 3.91774e-09 -0 0 0 -0 0 0 0 0 0 0 0 0 0 0 0 0 0 1 13150.8 13150.8 13150.8 13150.8
0 0 1 0 0 1 0 0 0 0 0 1.78975e-09 -0 0 0 -0 0 0 0 0 0 0 0 0 0 0 0 0 0 1 13150.8 13150.8 13150.8 13150.8
0 0 1 0 0 1 0 0 0 0 0 -4.43446e-10 -0 0 0 -0 0 0 0 0 0 0 0 0 0 0 0 0 0 1 13150.8 13150.8 13150.8 13150.8
0 0 1 0 0 1 0 0 0 0 0 -2.68397e-09 -0 0 0 -0 0 0 0 0 0 0 0 0 0 0 0 0 0 1 13150.8 13150.8 13150.8 13150.8
0 0 1 0 0 1 0 0 0 0 0 -4.8651e-09 -0 0 0 -0 0 0 0 0 0 0 0 0 0 0 0 0 0 1 13150.8 13150.8 13150.8 13150.8
0 0 1 0 0 1 0 0 0 0 0 2.09317e-11 -0 0 0 -0 0 0 0 0 0 0 0 0 0 0 0 0 0 1 13150.8 13150.8 13150.8 13150.8
0 0 1 0 0 1 0 0 0 0 0 -2.2229e-09 -0 0 0 -0 0 0 0 0 0 0 0 0 0 0 0 0 0 1 13150.8 13150.8 13150.8 13150.8
0 0 1 0 0 1 0 0 0 0 0 2.96188e-09 -0 0 0 -0 0 0 0 0 0 0 0 0 0 0 0 0 0 1 13150.8 13150.8 13150.8 13150.8
0 0 1 0 0 1 0 0 0 0 0 7.26209e-10 -0 0 0 -0 0 0 0 0 0 0 0 0 0 0 0 0 0 1 13150.8 13150.8 13150.8 13150.8
0 0 1 0 0 1 0 0 0 0 0 -1.328e-09 -0 0 0 -0 0 0 0 0 0 0 0 0 0 0 0 0 0 1 13150.8 13150.8 13150.8 13150.8
0 0 1 0 0 1 0 0 0 0 0 -3.54841e-09 -0 0 0 -0 0 0 0 0 0 0 0 0 0 0 0 0 0 1 13150.8 13150.8 13150.8 13150.8
0 0 1 0 0 1 0 0 0 0 0 1.66874e-09 -0 0 0 -0 0 0 0 0 0 0 0 0 0 0 0 0 0 1 13150.8 13150.8 13150.8 13150.8
0 0 1 0 0 1 0 0 0 0 0 -5.87971e-10 -0 0 0 -0 0 0 0 0 0 0 0 0 0 0 0 0 0 1 13150.8 13150.8 13150.8 13150.8
0 0 1 0 0 1 0 0 0 0 0 -2.62442e-09 -0 0 0 -0 0 0 0 0 0 0 0 0 0 0 0 0 0 1 13150.8 13150.8 13150.8 13150.8
0 0 1 0 0 1 0 0 0 0 0 2.586e-09 -0 0 0 -0 0 0 0 0 0 0 0 0 0 0 0 0 0 1 13150.8 13150.8 13150.8 13150.8
0 0 1 0 0 1 0 0 0 0 0 7.88999e-09 -0 0 0 -0 0 0 0 0 0 0 0 0 0 0 0 0 0 1 13150.8 13150.8 13150.8 13150.8
0 0 1 0 0 1 0 0 0 0 0 5.74683e-09 -0 0 0 -0 0 0 0 0 0 0 0 0 0 0 0 0 0 1 13150.8 13150.8 13150.8 13150.8
0 0 1 0 0 1 0 0 0 0 0 3.61284e-09 -0 0 0 -0 0 0 0 0 0 0 0 0 0 0 0 0 0 1 13150.8 13150.8 13150.8 13150.8
0 0 1 0 0 1 0 0 0 0 0 1.39376e-09 -0 0 0 -0 0 0 0 0 0 0 0 0 0 0 0 0 0 1 13150.8 13150.8 13150.8 13150.8
0 0 1 0 0 1 0 0 0 0 0 -8.2974e-10 -0 0 0 -0 0 0 0 0 0 0 0 0 0 0 0 0 0 1 13150.8 13150.8 13150.8 13150.8
0 0 1 0 0 1 0 0 0 0 0 -3.05299e-09 -0 0 0 -0 0 0 0 0 0 0 0 0 0 0 0 0 0 1 13150.8 13150.8 13150.8 13150.8
0 0 1 0 0 1 0 0 0 0 0 -5.09539e-09 -0 0 0 -0 0 0 0 0 0 0 0 0 0 0 0 0 0 1 13150.8 13150.8 13150.8 13150.8
0 0 1 0 0 1 0 0 0 0 0 1.17236e-10 -0 0 0 -0 0 0 0 0 0 0 0 0 0 0 0 0 0 1 13150.8 13150.8 13150.8 13150.8
0 0 1 0 0 1 0 0 0 0 0 -2.06806e-09 -0 0 0 -0 0 0 0 0 0 0 0 0 0 0 0 0 0 1 13150.8 13150.8 13150.8 13150.8
0 0 1 0 0 1 0 0 0 0 0 -4.15922e-09 -0 0 0 -0 0 0 0 0 0 0 0 0 0 0 0 0 0 1 13150.8 13150.8 13150.8 13150.8
0 0 1 0 0 1 0 0 0 0 0 -6.42735e-09 -0 0 0 -0 0 0 0 0 0 0 0 0 0 0 0 0 0 1 13150.8 13150.8 13150.8 13150.8
0 0 1 0 0 1 0 0 0 0 0 -1.24561e-09 -0 0 0 -0 0 0 0 0 0 0 0 0 0 0 0 0 0 1 13150.8 13150.8 13150.8 13150.8
0 0 1 0 0 1 0 0 0 0 0 -3.49105e-09 -0 0 0 -0 0 0 0 0 0 0 0 0 0 0 0 0 0 1 13150.8 13150.8 13150.8 13150.8
0 0 1 0 0 1 0 0 0 0 0 1.71537e-09 -0 0 0 -0 0 0 0 0 0 0 0 0 0 0 0 0 0 1 13150.8 13150.8 13150.8 13150.8
0 0 1 0 0 1 0 0 0 0 0 6.46285e-09 -0 0 0 -0 0 0 0 0 0 0 0 0 0 0 0 0 0 1 13150.8 13150.8 13150.8 13150.8
0 0 1 0 0 1 0 0 0 0 0 4.22797e-09 -0 0 0 -0 0 0 0 0 0 0 0 0 0 0 0 0 0 1 13150.8 13150.8 13150.8 13150.8
0 0 1 0 0 1 0 0 0 0 0 1.98113e-09 -0 0 0 -0 0 0 0 0 0 0 0 0 0 0 0 0 0 1 13150.8 13150.8 13150.8 13150.8
0 0 1 0 0 1 0 0 0 0 0 -2.42212e-10 -0 0 0 -0 0 0 0 0 0 0 0 0 0 0 0 0 0 1 13150.8 13150.8 13150.8 13150.8
0 0 1 0 0 1 0 0 0 0 0 -2.2941e-09 -0 0 0 -0 0 0 0 0 0 0 0 0 0 0 0 0 0 1 13150.8 13150.8 13150.8 13150.8
0 0 1 0 0 1 0 0 0 0 0 2.91798e-09 -0 0 0 -0 0 0 0 0 0 0 0 0 0 0 0 0 0 1 13150.8 13150.8 13150.8 13150.8
0 0 1 0 0 1 0 0 0 0 0 6.84913e-10 -0 0 0 -0 0 0 0 0 0 0 0 0 0 0 0 0 0 1 13150.8 13150.8 13150.8 13150.8
0 0 1 0 0 1 0 0 0 0 0 -1.54098e-09 -0 0 0 -0 0 0 0 0 0 0 0 0 0 0 0 0 0 1 13150.8 13150.8 13150.8 13150.8
0 0 1 0 0 1 0 0 0 0 0 -3.58696e-09 -0 0 0 -0 0 0 0 0 0 0 0 0 0 0 0 0 0 1 13150.8 13150.8 13150.8 13150.8
0 0 1 0 0 1 0 0 0 0 0 1.63741e-09 -0 0 0 -0 0 0 0 0 0 0 0 0 0 0 0 0 0 1 13150.8 13150.8 13150.8 13150.8
0 0 1 0 0 1 0 0 0 0 0 -5.97029e-10 -0 0 0 -0 0 0 0 0 0 0 0 0 0 0 0 0 0 1 13150.8 13150.8 13150.8 13150.8
0 0 1 0 0 1 0 0 0 0 0 -2.8366e-09 -0 0 0 -0 0 0 0 0 0 0 0 0 0 0 0 0 0 1 13150.8 13150.8 13150.8 13150.8
0 0 1 0 0 1 0 0 0 0 0 -4.89163e-09 -0 0 0 -0 0 0 0 0 0 0 0 0 0 0 0 0 0 1 13150.8 13150.8 13150.8 13150.8
0 0 1 0 0 1 0 0 0 0 0 2.84766e-10 -0 0 0 -0 0 0 0 0 0 0 0 0 0 0 0 0 0 1 13150.8 13150.8 13150.8 13150.8
0 0 1 0 0 1 0 0 0 0 0 -1.96255e-09 -0 0 0 -0 0 0 0 0 0 0 0 0 0 0 0 0 0 1 13150.8 13150.8 13150.8 13150.8
0 0 1 0 0 1 0 0 0 0 0 -4.04253e-09 -0 0 0 -0 0 0 0 0 0 0 0 0 0 0 0 0 0 1 13150.8 13150.8 13150.8 13150.8
0 0 1 0 0 1 0 0 0 0 0 1.08602e-09 -0 0 0 -0 0 0 0 0 0 0 0 0 0 0 0 0 0 1 13150.8 13150.8 13150.8 13150.8
0 0 1 0 0 1 0 0 0 0 0 -1.15508e-09 -0 0 0 -0 0 0 0 0 0 0 0 0 0 0 0 0 0 1 13150.8 13150.8 13150.8 13150.8
0 0 1 0 0 1 0 0 0 0 0 -3.38541e-09 -0 0 0 -0 0 0 0 0 0 0 0 0 0 0 0 0 0 1 13150.8 13150.8 13150.8 13150.8
0 0 1 0 0 1 0 0 0 0 0 -5.635e-09 -0 0 0 -0 0 0 0 0 0 0 0 0 0 0 0 0 0 1 13150.8 13150.8 13150.8 13150.8
0 0 1 0 0 1 0 0 0 0 0 -8.50053e-10 -0 0 0 -0 0 0 0 0 0 0 0 0 0 0 0 0 0 1 13150.8 13150.8 13150.8 13150.8
0 0 1 0 0 1 0 0 0 0 0 -3.08024e-09 -0 0 0 -0 0 0 0 0 0 0 0 0 0 0 0 0 0 1 13150.8 13150.8 13150.8 13150.8
0 0 1 0 0 1 0 0 0 0 0 2.09758e-09 -0 0 0 -0 0 0 0 0 0 0 0 0 0 0 0 0 0 1 13150.8 13150.8 13150.8 13150.8
0 0 1 0 0 1 0 0 0 0 0 6.9615e-09 -0 0 0 -0 0 0 0 0 0 0 0 0 0 0 0 0 0 1 13150.8 13150.8 13150.8 13150.8
0 0 1 0 0 1 0 0 0 0 0 4.77215e-09 -0 0 0 -0 0 0 0 0 0 0 0 0 0 0 0 0 0 1 13150.8 13150.8 13150.8 13150.8
0 0 1 0 0 1 0 0 0 0 0 2.50824e-09 -0 0 0 -0 0 0 0 0 0 0 0 0 0 0 0 0 0 1 13150.8 13150.8 13150.8 13150.8
0 0 1 0 0 1 0 0 0 0 0 2.90437e-10 -0 0 0 -0 0 0 0 0 0 0 0 0 0 0 0 0 0 1 13150.8 13150.8 13150.8 13150.8
0 0 1 0 0 1 0 0 0 0 0 -1.94569e-09 -0 0 0 -0 0 0 0 0 0 0 0 0 0 0 0 0 0 1 13150.8 13150.8 13150.8 13150.8
0 0 1 0 0 1 0 0 0 0 0 -4.01173e-09 -0 0 0 -0 0 0 0 0 0 0 0 0 0 0 0 0 0 1 13150.8 13150.8 13150.8 13150.8
0 0 1 0 0 1 0 0 0 0 0 1.17739e-09 -0 0 0 -0 0 0 0 0 0 0 0 0 0 0 0 0 0 1 13150.8 13150.8 13150.8 13150.8
0 0 1 0 0 1 0 0 0 0 0 -1.05587e-09 -0 0 0 -0 0 0 0 0 0 0 0 0 0 0 0 0 0 1 13150.8 13150.8 13150.8 13150.8
0 0 1 0 0 1 0 0 0 0 0 -3.21307e-09 -0 0 0 -0 0 0 0 0 0 0 0 0 0 0 0 0 0 1 13150.8 13150.8 13150.8 13150.8
0 0 1 0 0 1 0 0 0 0 0 -5.33778e-09 -0 0 0 -0 0 0 0 0 0 0 0 0 0 0 0 0 0 1 13150.8 13150.8 13150.8 13150.8
0 0 1 0 0 1 0 0 0 0 0 5.17885e-10 -0 0 0 -0 0 0 0 0 0 0 0 0 0 0 0 0 0 1 13150.8 13150.8 13150.8 13150.8
0 0 1 0 0 1 0 0 0 0 0 -1.43884e-09 -0 0 0 -0 0 0 0 0 0 0 0 0 0 0 0 0 0 1 13150.8 13150.8 13150.8 13150.8
0 0 1 0 0 1 0 0 0 0 0 -3.59652e-09 -0 0 0 -0 0 0 0 0 0 0 0 0 0 0 0 0 0 1 13150.8 13150.8 13150.8 13150.8
0 0 1 0 0 1 0 0 0 0 0 -5.73655e-09 -0 0 0 -0 0 0 0 0 0 0 0 0 0 0 0 0 0 1 13150.8 13150.8 13150.8 13150.8
0 0 1 0 0 1 0 0 0 0 0 -5.88632e-10 -0 0 0 -0 0 0 0 0 0 0 0 0 0 0 0 0 0 1 13150.8 13150.8 13150.8 13150.8
0 0 1 0 0 1 0 0 0 0 0 -2.84708e-09 -0 0 0 -0 0 0 0 0 0 0 0 0 0 0 0 0 0 1 13150.8 13150.8 13150.8 13150.8
0 0 1 0 0 1 0 0 0 0 0 2.33438e-09 -0 0 0 -0 0 0 0 0 0 0 0 0 0 0 0 0 0 1 13150.8 13150.8 13150.8 13150.8
0 0 1 0 0 1 0 0 0 0 0 7.14111e-09 -0 0 0 -0 0 0 0 0 0 0 0 0 0 0 0 0 0 1 13150.8 13150.8 13150.8 13150.8
0 0 1 0 0 1 0 0 0 0 0 4.93764e-09 -0 0 0 -0 0 0 0 0 0 0 0 0 0 0 0 0 0 1 13150.8 13150.8 13150.8 13150.8
0 0 1 0 0 1 0 0 0 0 0 2.76504e-09 -0 0 0 -0 0 0 0 0 0 0 0 0 0 0 0 0 0 1 13150.8 13150.8 13150.8 13150.8
0 0 1 0 0 1 0 0 0 0 0 6.58926e-10 -0 0 0 -0 0 0 0 0 0 0 0 0 0 0 0 0 0 1 13150.8 13150.8 13150.8 13150.8
0 0 1 0 0 1 0 0 0 0 0 -1.59229e-09 -0 0 0 -0 0 0 0 0 0 0 0 0 0 0 0 0 0 1 13150.8 13150.8 13150.8 13150.8
0 0 1 0 0 1 0 0 0 0 0 -3.83992e-09 -0 0 0 -0 0 0 0 0 0 0 0 0 0 0 0 0 0 1 13150.8 13150.8 13150.8 13150.8
0 0 1 0 0 1 0 0 0 0 0 1.34689e-09 -0 0 0 -0 0 0 0 0 0 0 0 0 0 0 0 0 0 1 13150.8 13150.8 13150.8 13150.8
0 0 1 0 0 1 0 0 0 0 0 6.55287e-09 -0 0 0 -0 0 0 0 0 0 0 0 0 0 0 0 0 0 1 13150.8 13150.8 13150.8 13150.8
0 0 1 0 0 1 0 0 0 0 0 4.49616e-09 -0 0 0 -0 0 0 0 0 0 0 0 0 0 0 0 0 0 1 13150.8 13150.8 13150.8 13150.8
0 0 1 0 0 1 0 0 0 0 0 2.23991e-09 -0 0 0 -0 0 0 0 0 0 0 0 0 0 0 0 0 0 1 13150.8 13150.8 13150.8 13150.8
0 0 1 0 0 1 0 0 0 0 0 5.35681e-11 -0 0 0 -0 0 0 0 0 0 0 0 0 0 0 0 0 0 1 13150.8 13150.8 13150.8 13150.8
0 0 1 0 0 1 0 0 0 0 0 -2.22525e-09 -0 0 0 -0 0 0 0 0 0 0 0 0 0 0 0 0 0 1 13150.8 13150.8 13150.8 13150.8
0 0 1 0 0 1 0 0 0 0 0 -4.26418e-09 -0 0 0 -0 0 0 0 0 0 0 0 0 0 0 0 0 0 1 13150.8 13150.8 13150.8 13150.8
0 0 1 0 0 1 0 0 0 0 0 9.35641e-10 -0 0 0 -0 0 0 0 0 0 0 0 0 0 0 0 0 0 1 13150.8 13150.8 13150.8 13150.8
0 0 1 0 0 1 0 0 0 0 0 6.80721e-09 -0 0 0 -0 0 0 0 0 0 0 0 0 0 0 0 0 0 1 13150.8 13150.8 13150.8 13150.8
0 0 1 0 0 1 0 0 0 0 0 4.92081e-09 -0 0 0 -0 0 0 0 0 0 0 0 0 0 0 0 0 0 1 13150.8 13150.8 13150.8 13150.8
0 0 1 0 0 1 0 0 0 0 0 2.81859e-09 -0 0 0 -0 0 0 0 0 0 0 0 0 0 0 0 0 0 1 13150.8 13150.8 13150.8 13150.8
0 0 1 0 0 1 0 0 0 0 0 5.12022e-10 -0 0 0 -0 0 0 0 0 0 0 0 0 0 0 0 0 0 1 13150.8 13150.8 13150.8 13150.8
0 0 1 0 0 1 0 0 0 0 0 -1.66589e-09 -0 0 0 -0 0 0 0 0 0 0 0 0 0 0 0 0 0 1 13150.8 13150.8 13150.8 13150.8
0 0 1 0 0 1 0 0 0 0 0 -3.83726e-09 -0 0 0 -0 0 0 0 0 0 0 0 0 0 0 0 0 0 1 13150.8 13150.8 13150.8 13150.8
0 0 1 0 0 1 0 0 0 0 0 -5.9631e-09 -0 0 0 -0 0 0 0 0 0 0 0 0 0 0 0 0 0 1 13150.8 13150.8 13150.8 13150.8
0 0 1 0 0 1 0 0 0 0 0 -6.35375e-10 -0 0 0 -0 0 0 0 0 0 0 0 0 0 0 0 0 0 1 13150.8 13150.8 13150.8 13150.8
0 0 1 0 0 1 0 0 0 0 0 4.5218e-09 -0 0 0 -0 0 0 0 0 0 0 0 0 0 0 0 0 0 1 13150.8 13150.8 13150.8 13150.8
0 0 1 0 0 1 0 0 0 0 0 2.30888e-09 -0 0 0 -0 0 0 0 0 0 0 0 0 0 0 0 0 0 1 13150.8 13150.8 13150.8 13150.8
0 0 1 0 0 1 0 0 0 0 0 2.67015e-10 -0 0 0 -0 0 0 0 0 0 0 0 0 0 0 0 0 0 1 13150.8 13150.8 13150.8 13150.8
0 0 1 0 0 1 0 0 0 0 0 -1.97055e-09 -0 0 0 -0 0 0 0 0 0 0 0 0 0 0 0 0 0 1 13150.8 13150.8 13150.8 13150.8
0 0 1 0 0 1 0 0 0 0 0 -4.1837e-09 -0 0 0 -0 0 0 0 0 0 0 0 0 0 0 0 0 0 1 13150.8 13150.8 13150.8 13150.8
0 0 1 0 0 1 0 0 0 0 0 -6.4274e-09 -0 0 0 -0 0 0 0 0 0 0 0 0 0 0 0 0 0 1 13150.8 13150.8 13150.8 13150.8
0 0 1 0 0 1 0 0 0 0 0 -1.69592e-09 -0 0 0 -0 0 0 0 0 0 0 0 0 0 0 0 0 0 1 13150.8 13150.8 13150.8 13150.8
0 0 1 0 0 1 0 0 0 0 0 3.51805e-09 -0 0 0 -0 0 0 0 0 0 0 0 0 0 0 0 0 0 1 13150.8 13150.8 13150.8 13150.8
0 0 1 0 0 1 0 0 0 0 0 1.32969e-09 -0 0 0 -0 0 0 0 0 0 0 0 0 0 0 0 0 0 1 13150.8 13150.8 13150.8 13150.8
0 0 1 0 0 1 0 0 0 0 0 -9.69178e-10 -0 0 0 -0 0 0 0 0 0 0 0 0 0 0 0 0 0 1 13150.8 13150.8 13150.8 13150.8
0 0 1 0 0 1 0 0 0 0 0 -2.99584e-09 -0 0 0 -0 0 0 0 0 0 0 0 0 0 0 0 0 0 1 13150.8 13150.8 13150.8 13150.8
0 0 1 0 0 1 0 0 0 0 0 -5.246e-09 -0 0 0 -0 0 0 0 0 0 0 0 0 0 0 0 0 0 1 13150.8 13150.8 13150.8 13150.8
0 0 1 0 0 1 0 0 0 0 0 5.37988e-11 -0 0 0 -0 0 0 0 0 0 0 0 0 0 0 0 0 0 1 13150.8 13150.8 13150.8 13150.8
0 0 1 0 0 1 0 0 0 0 0 5.02323e-09 -0 0 0 -0 0 0 0 0 0 0 0 0 0 0 0 0 0 1 13150.8 13150.8 13150.8 13150.8
0 0 1 0 0 1 0 0 0 0 0 2.93173e-09 -0 0 0 -0 0 0 0 0 0 0 0 0 0 0 0 0 0 1 13150.8 13150.8 13150.8 13150.8
0 0 1 0 0 1 0 0 0 0 0 6.79426e-10 -0 0 0 -0 0 0 0 0 0 0 0 0 0 0 0 0 0 1 13150.8 13150.8 13150.8 13150.8
0 0 1 0 0 1 0 0 0 0 0 -1.5704e-09 -0 0 0 -0 0 0 0 0 0 0 0 0 0 0 0 0 0 1 13150.8 13150.8 13150.8 13150.8
0 0 1 0 0 1 0 0 0 0 0 -3.72172e-09 -0 0 0 -0 0 0 0 0 0 0 0 0 0 0 0 0 0 1 13150.8 13150.8 13150.8 13150.8
0 0 1 0 0 1 0 0 0 0 0 -5.8693e-09 -0 0 0 -0 0 0 0 0 0 0 0 0 0 0 0 0 0 1 13150.8 13150.8 13150.8 13150.8
0 0 1 0 0 1 0 0 0 0 0 -7.08083e-10 -0 0 0 -0 0 0 0 0 0 0 0 0 0 0 0 0 0 1 13150.8 13150.8 13150.8 13150.8
0 0 1 0 0 1 0 0 0 0 0 4.48391e-09 -0 0 0 -0 0 0 0 0 0 0 0 0 0 0 0 0 0 1 13150.8 13150.8 13150.8 13150.8
0 0 1 0 0 1 0 0 0 0 0 2.3273e-09 -0 0 0 -0 0 0 0 0 0 0 0 0 0 0 0 0 0 1 13150.8 13150.8 13150.8 13150.8
0 0 1 0 0 1 0 0 0 0 0 2.05902e-10 -0 0 0 -0 0 0 0 0 0 0 0 0 0 0 0 0 0 1 13150.8 13150.8 13150.8 13150.8
0 0 1 0 0 1 0 0 0 0 0 -2.03219e-09 -0 0 0 -0 0 0 0 0 0 0 0 0 0 0 0 0 0 1 13150.8 13150.8 13150.8 13150.8
0 0 1 0 0 1 0 0 0 0 0 -4.27725e-09 -0 0 0 -0 0 0 0 0 0 0 0 0 0 0 0 0 0 1 13150.8 13150.8 13150.8 13150.8
0 0 1 0 0 1 0 0 0 0 0 7.38356e-10 -0 0 0 -0 0 0 0 0 0 0 0 0 0 0 0 0 0 1 13150.8 13150.8 13150.8 13150.8
0 0 1 0 0 1 0 0 0 0 0 5.68011e-09 -0 0 0 -0 0 0 0 0 0 0 0 0 0 0 0 0 0 1 13150.8 13150.8 13150.8 13150.8
0 0 1 0 0 1 0 0 0 0 0 3.43333e-09 -0 0 0 -0 0 0 0 0 0 0 0 0 0 0 0 0 0 1 13150.8 13150.8 13150.8 13150.8
0 0 1 0 0 1 0 0 0 0 0 1.20439e-09 -0 0 0 -0 0 0 0 0 0 0 0 0 0 0 0 0 0 1 13150.8 13150.8 13150.8 13150.8
0 0 1 0 0 1 0 0 0 0 0 -1.03244e-09 -0 0 0 -0 0 0 0 0 0 0 0 0 0 0 0 0 0 1 13150.8 13150.8 13150.8 13150.8
0 0 1 0 0 1 0 0 0 0 0 -3.08139e-09 -0 0 0 -0 0 0 0 0 0 0 0 0 0 0 0 0 0 1 13150.8 13150.8 13150.8 13150.8
0 0 1 0 0 1 0 0 0 0 0 -5.31235e-09 -0 0 0 -0 0 0 0 0 0 0 0 0 0 0 0 0 0 1 13150.8 13150.8 13150.8 13150.8
0 0 1 0 0 1 0 0 0 0 0 -2.32416e-11 -0 0 0 -0 0 0 0 0 0 0 0 0 0 0 0 0 0 1 13150.8 13150.8 13150.8 13150.8
0 0 1 0 0 1 0 0 0 0 0 5.11736e-09 -0 0 0 -0 0 0 0 0 0 0 0 0 0 0 0 0 0 1 13150.8 13150.8 13150.8 13150.8
0 0 1 0 0 1 0 0 0 0 0 3.07853e-09 -0 0 0 -0 0 0 0 0 0 0 0 0 0 0 0 0 0 1 13150.8 13150.8 13150.8 13150.8
0 0 1 0 0 1 0 0 0 0 0 8.3583e-10 -0 0 0 -0 0 0 0 0 0 0 0 0 0 0 0 0 0 1 13150.8 13150.8 13150.8 13150.8
0 0 1 0 0 1 0 0 0 0 0 -1.38771e-09 -0 0 0 -0 0 0 0 0 0 0 0 0 0 0 0 0 0 1 13150.8 13150.8 13150.8 13150.8
0 0 1 0 0 1 0 0 0 0 0 -3.54741e-09 -0 0 0 -0 0 0 0 0 0 0 0 0 0 0 0 0 0 1 13150.8 13150.8 13150.8 13150.8
0 0 1 0 0 1 0 0 0 0 0 -5.69822e-09 -0 0 0 -0 0 0 0 0 0 0 0 0 0 0 0 0 0 1 13150.8 13150.8 13150.8 13150.8
0 0 1 0 0 1 0 0 0 0 0 -5.23173e-10 -0 0 0 -0 0 0 0 0 0 0 0 0 0 0 0 0 0 1 13150.8 13150.8 13150.8 13150.8
0 0 1 0 0 1 0 0 0 0 0 4.66714e-09 -0 0 0 -0 0 0 0 0 0 0 0 0 0 0 0 0 0 1 13150.8 13150.8 13150.8 13150.8
0 0 1 0 0 1 0 0 0 0 0 2.42528e-09 -0 0 0 -0 0 0 0 0 0 0 0 0 0 0 0 0 0 1 13150.8 13150.8 13150.8 13150.8
0 0 1 0 0 1 0 0 0 0 0 3.65569e-10 -0 0 0 -0 0 0 0 0 0 0 0 0 0 0 0 0 0 1 13150.8 13150.8 13150.8 13150.8
0 0 1 0 0 1 0 0 0 0 0 -1.85314e-09 -0 0 0 -0 0 0 0 0 0 0 0 0 0 0 0 0 0 1 13150.8 13150.8 13150.8 13150.8
0 0 1 0 0 1 0 0 0 0 0 -4.10115e-09 -0 0 0 -0 0 0 0 0 0 0 0 0 0 0 0 0 0 1 13150.8 13150.8 13150.8 13150.8
0 0 1 0 0 1 0 0 0 0 0 -6.35127e-09 -0 0 0 -0 0 0 0 0 0 0 0 0 0 0 0 0 0 1 13150.8 13150.8 13150.8 13150.8
0 0 1 0 0 1 0 0 0 0 0 -1.54235e-09 -0 0 0 -0 0 0 0 0 0 0 0 0 0 0 0 0 0 1 13150.8 13150.8 13150.8 13150.8
0 0 1 0 0 1 0 0 0 0 0 3.61955e-09 -0 0 0 -0 0 0 0 0 0 0 0 0 0 0 0 0 0 1 13150.8 13150.8 13150.8 13150.8
0 0 1 0 0 1 0 0 0 0 0 1.39761e-09 -0 0 0 -0 0 0 0 0 0 0 0 0 0 0 0 0 0 1 13150.8 13150.8 13150.8 13150.8
0 0 1 0 0 1 0 0 0 0 0 -7.62081e-10 -0 0 0 -0 0 0 0 0 0 0 0 0 0 0 0 0 0 1 13150.8 13150.8 13150.8 13150.8
0 0 1 0 0 1 0 0 0 0 0 -2.88022e-09 -0 0 0 -0 0 0 0 0 0 0 0 0 0 0 0 0 0 1 13150.8 13150.8 13150.8 13150.8
0 0 1 0 0 1 0 0 0 0 0 -5.11971e-09 -0 0 0 -0 0 0 0 0 0 0 0 0 0 0 0 0 0 1 13150.8 13150.8 13150.8 13150.8
0 0 1 0 0 1 0 0 0 0 0 9.08177e-11 -0 0 0 -0 0 0 0 0 0 0 0 0 0 0 0 0 0 1 13150.8 13150.8 13150.8 13150.8
0 0 1 0 0 1 0 0 0 0 0 5.30983e-09 -0 0 0 -0 0 0 0 0 0 0 0 0 0 0 0 0 0 1 13150.8 13150.8 13150.8 13150.8
0 0 1 0 0 1 0 0 0 0 0 3.26048e-09 -0 0 0 -0 0 0 0 0 0 0 0 0 0 0 0 0 0 1 13150.8 13150.8 13150.8 13150.8
0 0 1 0 0 1 0 0 0 0 0 1.01281e-09 -0 0 0 -0 0 0 0 0 0 0 0 0 0 0 0 0 0 1 13150.8 13150.8 13150.8 13150.8
0 0 1 0 0 1 0 0 0 0 0 -1.23137e-09 -0 0 0 -0 0 0 0 0 0 0 0 0 0 0 0 0 0 1 13150.8 13150.8 13150.8 13150.8
0 0 1 0 0 1 0 0 0 0 0 -3.37472e-09 -0 0 0 -0 0 0 0 0 0 0 0 0 0 0 0 0 0 1 13150.8 13150.8 13150.8 13150.8
0 0 1 0 0 1 0 0 0 0 0 -5.49325e-09 -0 0 0 -0 0 0 0 0 0 0 0 0 0 0 0 0 0 1 13150.8 13150.8 13150.8 13150.8
0 0 1 0 0 1 0 0 0 0 0 -2.83884e-10 -0 0 0 -0 0 0 0 0 0 0 0 0 0 0 0 0 0 1 13150.8 13150.8 13150.8 13150.8
0 0 1 0 0 1 0 0 0 0 0 4.92319e-09 -0 0 0 -0 0 0 0 0 0 0 0 0 0 0 0 0 0 1 13150.8 13150.8 13150.8 13150.8
0 0 1 0 0 1 0 0 0 0 0 2.6855e-09 -0 0 0 -0 0 0 0 0 0 0 0 0 0 0 0 0 0 1 13150.8 13150.8 13150.8 13150.8
0 0 1 0 0 1 0 0 0 0 0 6.39819e-10 -0 0 0 -0 0 0 0 0 0 0 0 0 0 0 0 0 0 1 13150.8 13150.8 13150.8 13150.8
0 0 1 0 0 1 0 0 0 0 0 -1.60022e-09 -0 0 0 -0 0 0 0 0 0 0 0 0 0 0 0 0 0 1 13150.8 13150.8 13150.8 13150.8
0 0 1 0 0 1 0 0 0 0 0 -3.84318e-09 -0 0 0 -0 0 0 0 0 0 0 0 0 0 0 0 0 0 1 13150.8 13150.8 13150.8 13150.8
0 0 1 0 0 1 0 0 0 0 0 -6.01839e-09 -0 0 0 -0 0 0 0 0 0 0 0 0 0 0 0 0 0 1 13150.8 13150.8 13150.8 13150.8
0 0 1 0 0 1 0 0 0 0 0 -1.12417e-09 -0 0 0 -0 0 0 0 0 0 0 0 0 0 0 0 0 0 1 13150.8 13150.8 13150.8 13150.8
0 0 1 0 0 1 0 0 0 0 0 4.06049e-09 -0 0 0 -0 0 0 0 0 0 0 0 0 0 0 0 0 0 1 13150.8 13150.8 13150.8 13150.8
0 0 1 0 0 1 0 0 0 0 0 1.81837e-09 -0 0 0 -0 0 0 0 0 0 0 0 0 0 0 0 0 0 1 13150.8 13150.8 13150.8 13150.8
0 0 1 0 0 1 0 0 0 0 0 -3.40779e-10 -0 0 0 -0 0 0 0 0 0 0 0 0 0 0 0 0 0 1 13150.8 13150.8 13150.8 13150.8
0 0 1 0 0 1 0 0 0 0 0 -2.47367e-09 -0 0 0 -0 0 0 0 0 0 0 0 0 0 0 0 0 0 1 13150.8 13150.8 13150.8 13150.8
0 0 1 0 0 1 0 0 0 0 0 -4.70011e-09 -0 0 0 -0 0 0 0 0 0 0 0 0 0 0 0 0 0 1 13150.8 13150.8 13150.8 13150.8
0 0 1 0 0 1 0 0 0 0 0 5.20899e-10 -0 0 0 -0 0 0 0 0 0 0 0 0 0 0 0 0 0 1 13150.8 13150.8 13150.8 13150.8
0 0 1 0 0 1 0 0 0 0 0 5.7324e-09 -0 0 0 -0 0 0 0 0 0 0 0 0 0 0 0 0 0 1 13150.8 13150.8 13150.8 13150.8
0 0 1 0 0 1 0 0 0 0 0 3.68675e-09 -0 0 0 -0 0 0 0 0 0 0 0 0 0 0 0 0 0 1 13150.8 13150.8 13150.8 13150.8
0 0 1 0 0 1 0 0 0 0 0 1.14538e-09 -0 0 0 -0 0 0 0 0 0 0 0 0 0 0 0 0 0 1 13150.8 13150.8 13150.8 13150.8
0 0 1 0 0 1 0 0 0 0 0 -7.7385e-10 -0 0 0 -0 0 0 0 0 0 0 0 0 0 0 0 0 0 1 13150.8 13150.8 13150.8 13150.8
0 0 1 0 0 1 0 0 0 0 0 -2.93248e-09 -0 0 0 -0 0 0 0 0 0 0 0 0 0 0 0 0 0 1 13150.8 13150.8 13150.8 13150.8
0 0 1 0 0 1 0 0 0 0 0 -5.04793e-09 -0 0 0 -0 0 0 0 0 0 0 0 0 0 0 0 0 0 1 13150.8 13150.8 13150.8 13150.8
0 0 1 0 0 1 0 0 0 0 0 2.02107e-10 -0 0 0 -0 0 0 0 0 0 0 0 0 0 0 0 0 0 1 13150.8 13150.8 13150.8 13150.8
0 0 1 0 0 1 0 0 0 0 0 5.40477e-09 -0 0 0 -0 0 0 0 0 0 0 0 0 0 0 0 0 0 1 13150.8 13150.8 13150.8 13150.8
0 0 1 0 0 1 0 0 0 0 0 3.24983e-09 -0 0 0 -0 0 0 0 0 0 0 0 0 0 0 0 0 0 1 13150.8 13150.8 13150.8 13150.8
0 0 1 0 0 1 0 0 0 0 0 1.1138e-09 -0 0 0 -0 0 0 0 0 0 0 0 0 0 0 0 0 0 1 13150.8 13150.8 13150.8 13150.8
0 0 1 0 0 1 0 0 0 0 0 -1.13617e-09 -0 0 0 -0 0 0 0 0 0 0 0 0 0 0 0 0 0 1 13150.8 13150.8 13150.8 13150.8
0 0 1 0 0 1 0 0 0 0 0 -3.35117e-09 -0 0 0 -0 0 0 0 0 0 0 0 0 0 0 0 0 0 1 13150.8 13150.8 13150.8 13150.8
0 0 1 0 0 1 0 0 0 0 0 -5.5884e-09 -0 0 0 -0 0 0 0 0 0 0 0 0 0 0 0 0 0 1 13150.8 13150.8 13150.8 13150.8
0 0 1 0 0 1 0 0 0 0 0 -8.26175e-10 -0 0 0 -0 0 0 0 0 0 0 0 0 0 0 0 0 0 1 13150.8 13150.8 13150.8 13150.8
0 0 1 0 0 1 0 0 0 0 0 4.3658e-09 -0 0 0 -0 0 0 0 0 0 0 0 0 0 0 0 0 0 1 13150.8 13150.8 13150.8 13150.8
0 0 1 0 0 1 0 0 0 0 0 2.09762e-09 -0 0 0 -0 0 0 0 0 0 0 0 0 0 0 0 0 0 1 13150.8 13150.8 13150.8 13150.8
0 0 1 0 0 1 0 0 0 0 0 -1.09228e-08 -0 0 0 -0 0 0 0 0 0 0 0 0 0 0 0 0 0 1 13150.8 13150.8 13150.8 13150.8
0 0 1 0 0 1 0 0 0 0 0 -1.31614e-08 -0 0 0 -0 0 0 0 0 0 0 0 0 0 0 0 0 0 1 13150.8 13150.8 13150.8 13150.8
0 0 1 0 0 1 0 0 0 0 0 -2.96904e-09 -0 0 0 -0 0 0 0 0 0 0 0 0 0 0 0 0 0 1 13150.8 13150.8 13150.8 13150.8
0 0 1 0 0 1 0 0 0 0 0 1.95005e-09 -0 0 0 -0 0 0 0 0 0 0 0 0 0 0 0 0 0 1 13150.8 13150.8 13150.8 13150.8
0 0 1 0 0 1 0 0 0 0 0 7.19247e-09 -0 0 0 -0 0 0 0 0 0 0 0 0 0 0 0 0 0 1 13150.8 13150.8 13150.8 13150.8
0 0 1 0 0 1 0 0 0 0 0 4.9436e-09 -0 0 0 -0 0 0 0 0 0 0 0 0 0 0 0 0 0 1 13150.8 13150.8 13150.8 13150.8
0 0 1 0 0 1 0 0 0 0 0 2.71171e-09 -0 0 0 -0 0 0 0 0 0 0 0 0 0 0 0 0 0 1 13150.8 13150.8 13150.8 13150.8
0 0 1 0 0 1 0 0 0 0 0 6.67717e-10 -0 0 0 -0 0 0 0 0 0 0 0 0 0 0 0 0 0 1 13150.8 13150.8 13150.8 13150.8
0 0 1 0 0 1 0 0 0 0 0 -1.56777e-09 -0 0 0 -0 0 0 0 0 0 0 0 0 0 0 0 0 0 1 13150.8 13150.8 13150.8 13150.8
0 0 1 0 0 1 0 0 0 0 0 -3.80829e-09 -0 0 0 -0 0 0 0 0 0 0 0 0 0 0 0 0 0 1 13150.8 13150.8 13150.8 13150.8
0 0 1 0 0 1 0 0 0 0 0 1.21855e-09 -0 0 0 -0 0 0 0 0 0 0 0 0 0 0 0 0 0 1 13150.8 13150.8 13150.8 13150.8
0 0 1 0 0 1 0 0 0 0 0 -9.05578e-10 -0 0 0 -0 0 0 0 0 0 0 0 0 0 0 0 0 0 1 13150.8 13150.8 13150.8 13150.8
0 0 1 0 0 1 0 0 0 0 0 -3.14401e-09 -0 0 0 -0 0 0 0 0 0 0 0 0 0 0 0 0 0 1 13150.8 13150.8 13150.8 13150.8
0 0 1 0 0 1 0 0 0 0 0 -5.3861e-09 -0 0 0 -0 0 0 0 0 0 0 0 0 0 0 0 0 0 1 13150.8 13150.8 13150.8 13150.8
0 0 1 0 0 1 0 0 0 0 0 -3.63678e-10 -0 0 0 -0 0 0 0 0 0 0 0 0 0 0 0 0 0 1 13150.8 13150.8 13150.8 13150.8
0 0 1 0 0 1 0 0 0 0 0 4.5833e-09 -0 0 0 -0 0 0 0 0 0 0 0 0 0 0 0 0 0 1 13150.8 13150.8 13150.8 13150.8
0 0 1 0 0 1 0 0 0 0 0 2.34583e-09 -0 0 0 -0 0 0 0 0 0 0 0 0 0 0 0 0 0 1 13150.8 13150.8 13150.8 13150.8
0 0 1 0 0 1 0 0 0 0 0 9.80244e-11 -0 0 0 -0 0 0 0 0 0 0 0 0 0 0 0 0 0 1 13150.8 13150.8 13150.8 13150.8
0 0 1 0 0 1 0 0 0 0 0 -2.12114e-09 -0 0 0 -0 0 0 0 0 0 0 0 0 0 0 0 0 0 1 13150.8 13150.8 13150.8 13150.8
0 0 1 0 0 1 0 0 0 0 0 -4.17632e-09 -0 0 0 -0 0 0 0 0 0 0 0 0 0 0 0 0 0 1 13150.8 13150.8 13150.8 13150.8
0 0 1 0 0 1 0 0 0 0 0 1.0077e-09 -0 0 0 -0 0 0 0 0 0 0 0 0 0 0 0 0 0 1 13150.8 13150.8 13150.8 13150.8
0 0 1 0 0 1 0 0 0 0 0 6.21797e-09 -0 0 0 -0 0 0 0 0 0 0 0 0 0 0 0 0 0 1 13150.8 13150.8 13150.8 13150.8
0 0 1 0 0 1 0 0 0 0 0 4.06913e-09 -0 0 0 -0 0 0 0 0 0 0 0 0 0 0 0 0 0 1 13150.8 13150.8 13150.8 13150.8
0 0 1 0 0 1 0 0 0 0 0 1.96813e-09 -0 0 0 -0 0 0 0 0 0 0 0 0 0 0 0 0 0 1 13150.8 13150.8 13150.8 13150.8
0 0 1 0 0 1 0 0 0 0 0 -3.19024e-10 -0 0 0 -0 0 0 0 0 0 0 0 0 0 0 0 0 0 1 13150.8 13150.8 13150.8 13150.8
0 0 1 0 0 1 0 0 0 0 0 -2.54951e-09 -0 0 0 -0 0 0 0 0 0 0 0 0 0 0 0 0 0 1 13150.8 13150.8 13150.8 13150.8
0 0 1 0 0 1 0 0 0 0 0 2.49157e-09 -0 0 0 -0 0 0 0 0 0 0 0 0 0 0 0 0 0 1 13150.8 13150.8 13150.8 13150.8
0 0 1 0 0 1 0 0 0 0 0 3.70325e-10 -0 0 0 -0 0 0 0 0 0 0 0 0 0 0 0 0 0 1 13150.8 13150.8 13150.8 13150.8
0 0 1 0 0 1 0 0 0 0 0 -1.86623e-09 -0 0 0 -0 0 0 0 0 0 0 0 0 0 0 0 0 0 1 13150.8 13150.8 13150.8 13150.8
0 0 1 0 0 1 0 0 0 0 0 3.35539e-09 -0 0 0 -0 0 0 0 0 0 0 0 0 0 0 0 0 0 1 13150.8 13150.8 13150.8 13150.8
0 0 1 0 0 1 0 0 0 0 0 1.18961e-09 -0 0 0 -0 0 0 0 0 0 0 0 0 0 0 0 0 0 1 13150.8 13150.8 13150.8 13150.8
0 0 1 0 0 1 0 0 0 0 0 -9.17927e-10 -0 0 0 -0 0 0 0 0 0 0 0 0 0 0 0 0 0 1 13150.8 13150.8 13150.8 13150.8
0 0 1 0 0 1 0 0 0 0 0 -3.14967e-09 -0 0 0 -0 0 0 0 0 0 0 0 0 0 0 0 0 0 1 13150.8 13150.8 13150.8 13150.8
0 0 1 0 0 1 0 0 0 0 0 2.06773e-09 -0 0 0 -0 0 0 0 0 0 0 0 0 0 0 0 0 0 1 13150.8 13150.8 13150.8 13150.8
0 0 1 0 0 1 0 0 0 0 0 -1.8917e-10 -0 0 0 -0 0 0 0 0 0 0 0 0 0 0 0 0 0 1 13150.8 13150.8 13150.8 13150.8
0 0 1 0 0 1 0 0 0 0 0 -2.22959e-09 -0 0 0 -0 0 0 0 0 0 0 0 0 0 0 0 0 0 1 13150.8 13150.8 13150.8 13150.8
0 0 1 0 0 1 0 0 0 0 0 2.91836e-09 -0 0 0 -0 0 0 0 0 0 0 0 0 0 0 0 0 0 1 13150.8 13150.8 13150.8 13150.8
0 0 1 0 0 1 0 0 0 0 0 6.74409e-10 -0 0 0 -0 0 0 0 0 0 0 0 0 0 0 0 0 0 1 13150.8 13150.8 13150.8 13150.8
0 0 1 0 0 1 0 0 0 0 0 -1.48006e-09 -0 0 0 -0 0 0 0 0 0 0 0 0 0 0 0 0 0 1 13150.8 13150.8 13150.8 13150.8
0 0 1 0 0 1 0 0 0 0 0 3.48713e-09 -0 0 0 -0 0 0 0 0 0 0 0 0 0 0 0 0 0 1 13150.8 13150.8 13150.8 13150.8
0 0 1 0 0 1 0 0 0 0 0 1.2608e-09 -0 0 0 -0 0 0 0 0 0 0 0 0 0 0 0 0 0 1 13150.8 13150.8 13150.8 13150.8
0 0 1 0 0 1 0 0 0 0 0 -9.88587e-10 -0 0 0 -0 0 0 0 0 0 0 0 0 0 0 0 0 0 1 13150.8 13150.8 13150.8 13150.8
0 0 1 0 0 1 0 0 0 0 0 -3.21867e-09 -0 0 0 -0 0 0 0 0 0 0 0 0 0 0 0 0 0 1 13150.8 13150.8 13150.8 13150.8
0 0 1 0 0 1 0 0 0 0 0 1.48038e-09 -0 0 0 -0 0 0 0 0 0 0 0 0 0 0 0 0 0 1 13150.8 13150.8 13150.8 13150.8
0 0 1 0 0 1 0 0 0 0 0 -7.77875e-10 -0 0 0 -0 0 0 0 0 0 0 0 0 0 0 0 0 0 1 13150.8 13150.8 13150.8 13150.8
0 0 1 0 0 1 0 0 0 0 0 -3.02879e-09 -0 0 0 -0 0 0 0 0 0 0 0 0 0 0 0 0 0 1 13150.8 13150.8 13150.8 13150.8
0 0 1 0 0 1 0 0 0 0 0 2.17907e-09 -0 0 0 -0 0 0 0 0 0 0 0 0 0 0 0 0 0 1 13150.8 13150.8 13150.8 13150.8
0 0 1 0 0 1 0 0 0 0 0 1.2697e-10 -0 0 0 -0 0 0 0 0 0 0 0 0 0 0 0 0 0 1 13150.8 13150.8 13150.8 13150.8
0 0 1 0 0 1 0 0 0 0 0 -2.16132e-09 -0 0 0 -0 0 0 0 0 0 0 0 0 0 0 0 0 0 1 13150.8 13150.8 13150.8 13150.8
0 0 1 0 0 1 0 0 0 0 0 -4.404e-09 -0 0 0 -0 0 0 0 0 0 0 0 0 0 0 0 0 0 1 13150.8 13150.8 13150.8 13150.8
0 0 1 0 0 1 0 0 0 0 0 6.51091e-10 -0 0 0 -0 0 0 0 0 0 0 0 0 0 0 0 0 0 1 13150.8 13150.8 13150.8 13150.8
0 0 1 0 0 1 0 0 0 0 0 -1.39124e-09 -0 0 0 -0 0 0 0 0 0 0 0 0 0 0 0 0 0 1 13150.8 13150.8 13150.8 13150.8
0 0 1 0 0 1 0 0 0 0 0 3.81111e-09 -0 0 0 -0 0 0 0 0 0 0 0 0 0 0 0 0 0 1 13150.8 13150.8 13150.8 13150.8
0 0 1 0 0 1 0 0 0 0 0 1.56444e-09 -0 0 0 -0 0 0 0 0 0 0 0 0 0 0 0 0 0 1 13150.8 13150.8 13150.8 13150.8
0 0 1 0 0 1 0 0 0 0 0 -5.33602e-10 -0 0 0 -0 0 0 0 0 0 0 0 0 0 0 0 0 0 1 13150.8 13150.8 13150.8 13150.8
0 0 1 0 0 1 0 0 0 0 0 -2.70506e-09 -0 0 0 -0 0 0 0 0 0 0 0 0 0 0 0 0 0 1 13150.8 13150.8 13150.8 13150.8
0 0 1 0 0 1 0 0 0 0 0 -4.96229e-09 -0 0 0 -0 0 0 0 0 0 0 0 0 0 0 0 0 0 1 13150.8 13150.8 13150.8 13150.8
0 0 1 0 0 1 0 0 0 0 0 2.68206e-10 -0 0 0 -0 0 0 0 0 0 0 0 0 0 0 0 0 0 1 13150.8 13150.8 13150.8 13150.8
0 0 1 0 0 1 0 0 0 0 0 -1.96073e-09 -0 0 0 -0 0 0 0 0 0 0 0 0 0 0 0 0 0 1 13150.8 13150.8 13150.8 13150.8
0 0 1 0 0 1 0 0 0 0 0 2.83818e-09 -0 0 0 -0 0 0 0 0 0 0 0 0 0 0 0 0 0 1 13150.8 13150.8 13150.8 13150.8
0 0 1 0 0 1 0 0 0 0 0 8.00292e-09 -0 0 0 -0 0 0 0 0 0 0 0 0 0 0 0 0 0 1 13150.8 13150.8 13150.8 13150.8
0 0 1 0 0 1 0 0 0 0 0 5.77857e-09 -0 0 0 -0 0 0 0 0 0 0 0 0 0 0 0 0 0 1 13150.8 13150.8 13150.8 13150.8
0 0 1 0 0 1 0 0 0 0 0 3.68849e-09 -0 0 0 -0 0 0 0 0 0 0 0 0 0 0 0 0 0 1 13150.8 13150.8 13150.8 13150.8
0 0 1 0 0 1 0 0 0 0 0 8.38612e-10 -0 0 0 -0 0 0 0 0 0 0 0 0 0 0 0 0 0 1 13150.8 13150.8 13150.8 13150.8
0 0 1 0 0 1 0 0 0 0 0 -7.44116e-10 -0 0 0 -0 0 0 0 0 0 0 0 0 0 0 0 0 0 1 13150.8 13150.8 13150.8 13150.8
0 0 1 0 0 1 0 0 0 0 0 -2.99198e-09 -0 0 0 -0 0 0 0 0 0 0 0 0 0 0 0 0 0 1 13150.8 13150.8 13150.8 13150.8
0 0 1 0 0 1 0 0 0 0 0 2.02308e-09 -0 0 0 -0 0 0 0 0 0 0 0 0 0 0 0 0 0 1 13150.8 13150.8 13150.8 13150.8
0 0 1 0 0 1 0 0 0 0 0 -1.06629e-10 -0 0 0 -0 0 0 0 0 0 0 0 0 0 0 0 0 0 1 13150.8 13150.8 13150.8 13150.8
0 0 1 0 0 1 0 0 0 0 0 -2.35605e-09 -0 0 0 -0 0 0 0 0 0 0 0 0 0 0 0 0 0 1 13150.8 13150.8 13150.8 13150.8
0 0 1 0 0 1 0 0 0 0 0 2.82945e-09 -0 0 0 -0 0 0 0 0 0 0 0 0 0 0 0 0 0 1 13150.8 13150.8 13150.8 13150.8
0 0 1 0 0 1 0 0 0 0 0 5.99563e-10 -0 0 0 -0 0 0 0 0 0 0 0 0 0 0 0 0 0 1 13150.8 13150.8 13150.8 13150.8
0 0 1 0 0 1 0 0 0 0 0 -1.45092e-09 -0 0 0 -0 0 0 0 0 0 0 0 0 0 0 0 0 0 1 13150.8 13150.8 13150.8 13150.8
0 0 1 0 0 1 0 0 0 0 0 -3.68672e-09 -0 0 0 -0 0 0 0 0 0 0 0 0 0 0 0 0 0 1 13150.8 13150.8 13150.8 13150.8
0 0 1 0 0 1 0 0 0 0 0 1.5335e-09 -0 0 0 -0 0 0 0 0 0 0 0 0 0 0 0 0 0 1 13150.8 13150.8 13150.8 13150.8
0 0 1 0 0 1 0 0 0 0 0 -5.76063e-10 -0 0 0 -0 0 0 0 0 0 0 0 0 0 0 0 0 0 1 13150.8 13150.8 13150.8 13150.8
0 0 1 0 0 1 0 0 0 0 0 -2.73872e-09 -0 0 0 -0 0 0 0 0 0 0 0 0 0 0 0 0 0 1 13150.8 13150.8 13150.8 13150.8
0 0 1 0 0 1 0 0 0 0 0 2.46788e-09 -0 0 0 -0 0 0 0 0 0 0 0 0 0 0 0 0 0 1 13150.8 13150.8 13150.8 13150.8
0 0 1 0 0 1 0 0 0 0 0 2.30351e-10 -0 0 0 -0 0 0 0 0 0 0 0 0 0 0 0 0 0 1 13150.8 13150.8 13150.8 13150.8
0 0 1 0 0 1 0 0 0 0 0 -2.00756e-09 -0 0 0 -0 0 0 0 0 0 0 0 0 0 0 0 0 0 1 13150.8 13150.8 13150.8 13150.8
0 0 1 0 0 1 0 0 0 0 0 2.74549e-09 -0 0 0 -0 0 0 0 0 0 0 0 0 0 0 0 0 0 1 13150.8 13150.8 13150.8 13150.8
0 0 1 0 0 1 0 0 0 0 0 5.05317e-10 -0 0 0 -0 0 0 0 0 0 0 0 0 0 0 0 0 0 1 13150.8 13150.8 13150.8 13150.8
0 0 1 0 0 1 0 0 0 0 0 -1.72929e-09 -0 0 0 -0 0 0 0 0 0 0 0 0 0 0 0 0 0 1 13150.8 13150.8 13150.8 13150.8
0 0 1 0 0 1 0 0 0 0 0 3.04837e-09 -0 0 0 -0 0 0 0 0 0 0 0 0 0 0 0 0 0 1 13150.8 13150.8 13150.8 13150.8
0 0 1 0 0 1 0 0 0 0 0 8.26886e-10 -0 0 0 -0 0 0 0 0 0 0 0 0 0 0 0 0 0 1 13150.8 13150.8 13150.8 13150.8
0 0 1 0 0 1 0 0 0 0 0 -4.52279e-08 -0 0 0 -0 0 0 0 0 0 0 0 0 0 0 0 0 0 1 13150.8 13150.8 13150.8 13150.8
0 0 1 0 0 1 0 0 0 0 0 -1.75167e-07 -0 0 0 -0 0 0 0 0 0 0 0 0 0 0 0 0 0 1 13150.8 13150.8 13150.8 13150.8
0 0 1 0 0 1 0 0 0 0 0 -1.69885e-07 -0 0 0 -0 0 0 0 0 0 0 0 0 0 0 0 0 0 1 13150.8 13150.8 13150.8 13150.8
0 0 1 0 0 1 0 0 0 0 0 -1.64699e-07 -0 0 0 -0 0 0 0 0 0 0 0 0 0 0 0 0 0 1 13150.8 13150.8 13150.8 13150.8
0 0 1 0 0 1 0 0 0 0 0 -1.59555e-07 -0 0 0 -0 0 0 0 0 0 0 0 0 0 0 0 0 0 1 13150.8 13150.8 13150.8 13150.8
0 0 1 0 0 1 0 0 0 0 0 -1.54342e-07 -0 0 0 -0 0 0 0 0 0 0 0 0 0 0 0 0 0 1 13150.8 13150.8 13150.8 13150.8
0 0 1 0 0 1 0 0 0 0 0 -1.49163e-07 -0 0 0 -0 0 0 0 0 0 0 0 0 0 0 0 0 0 1 13150.8 13150.8 13150.8 13150.8
0 0 1 0 0 1 0 0 0 0 0 -1.44344e-07 -0 0 0 -0 0 0 0 0 0 0 0 0 0 0 0 0 0 1 13150.8 13150.8 13150.8 13150.8
0 0 1 0 0 1 0 0 0 0 0 -1.39098e-07 -0 0 0 -0 0 0 0 0 0 0 0 0 0 0 0 0 0 1 13150.8 13150.8 13150.8 13150.8
0 0 1 0 0 1 0 0 0 0 0 -1.33938e-07 -0 0 0 -0 0 0 0 0 0 0 0 0 0 0 0 0 0 1 13150.8 13150.8 13150.8 13150.8
0 0 1 0 0 1 0 0 0 0 0 -1.28723e-07 -0 0 0 -0 0 0 0 0 0 0 0 0 0 0 0 0 0 1 13150.8 13150.8 13150.8 13150.8
0 0 1 0 0 1 0 0 0 0 0 -1.23983e-07 -0 0 0 -0 0 0 0 0 0 0 0 0 0 0 0 0 0 1 13150.8 13150.8 13150.8 13150.8
0 0 1 0 0 1 0 0 0 0 0 -1.1879e-07 -0 0 0 -0 0 0 0 0 0 0 0 0 0 0 0 0 0 1 13150.8 13150.8 13150.8 13150.8
0 0 1 0 0 1 0 0 0 0 0 -1.13576e-07 -0 0 0 -0 0 0 0 0 0 0 0 0 0 0 0 0 0 1 13150.8 13150.8 13150.8 13150.8
0 0 1 0 0 1 0 0 0 0 0 -1.0878e-07 -0 0 0 -0 0 0 0 0 0 0 0 0 0 0 0 0 0 1 13150.8 13150.8 13150.8 13150.8
0 0 1 0 0 1 0 0 0 0 0 -1.0354e-07 -0 0 0 -0 0 0 0 0 0 0 0 0 0 0 0 0 0 1 13150.8 13150.8 13150.8 13150.8
0 0 1 0 0 1 0 0 0 0 0 -9.841e-08 -0 0 0 -0 0 0 0 0 0 0 0 0 0 0 0 0 0 1 13150.8 13150.8 13150.8 13150.8
0 0 1 0 0 1 0 0 0 0 0 -9.31057e-08 -0 0 0 -0 0 0 0 0 0 0 0 0 0 0 0 0 0 1 13150.8 13150.8 13150.8 13150.8
0 0 1 0 0 1 0 0 0 0 0 -8.83448e-08 -0 0 0 -0 0 0 0 0 0 0 0 0 0 0 0 0 0 1 13150.8 13150.8 13150.8 13150.8
0 0 1 0 0 1 0 0 0 0 0 -8.31701e-08 -0 0 0 -0 0 0 0 0 0 0 0 0 0 0 0 0 0 1 13150.8 13150.8 13150.8 13150.8
0 0 1 0 0 1 0 0 0 0 0 -7.80325e-08 -0 0 0 -0 0 0 0 0 0 0 0 0 0 0 0 0 0 1 13150.8 13150.8 13150.8 13150.8
0 0 1 0 0 1 0 0 0 0 0 -7.28013e-08 -0 0 0 -0 0 0 0 0 0 0 0 0 0 0 0 0 0 1 13150.8 13150.8 13150.8 13150.8
0 0 1 0 0 1 0 0 0 0 0 -6.76011e-08 -0 0 0 -0 0 0 0 0 0 0 0 0 0 0 0 0 0 1 13150.8 13150.8 13150.8 13150.8
0 0 1 0 0 1 0 0 0 0 0 -6.28825e-08 -0 0 0 -0 0 0 0 0 0 0 0 0 0 0 0 0 0 1 13150.8 13150.8 13150.8 13150.8
0 0 1 0 0 1 0 0 0 0 0 -5.76774e-08 -0 0 0 -0 0 0 0 0 0 0 0 0 0 0 0 0 0 1 13150.8 13150.8 13150.8 13150.8
0 0 1 0 0 1 0 0 0 0 0 -5.24231e-08 -0 0 0 -0 0 0 0 0 0 0 0 0 0 0 0 0 0 1 13150.8 13150.8 13150.8 13150.8
0 0 1 0 0 1 0 0 0 0 0 -4.72457e-08 -0 0 0 -0 0 0 0 0 0 0 0 0 0 0 0 0 0 1 13150.8 13150.8 13150.8 13150.8
0 0 1 0 0 1 0 0 0 0 0 -4.24458e-08 -0 0 0 -0 0 0 0 0 0 0 0 0 0 0 0 0 0 1 13150.8 13150.8 13150.8 13150.8
0 0 1 0 0 1 0 0 0 0 0 -3.72592e-08 -0 0 0 -0 0 0 0 0 0 0 0 0 0 0 0 0 0 1 13150.8 13150.8 13150.8 13150.8
0 0 1 0 0 1 0 0 0 0 0 -3.20707e-08 -0 0 0 -0 0 0 0 0 0 0 0 0 0 0 0 0 0 1 13150.8 13150.8 13150.8 13150.8
0 0 1 0 0 1 0 0 0 0 0 -2.68694e-08 -0 0 0 -0 0 0 0 0 0 0 0 0 0 0 0 0 0 1 13150.8 13150.8 13150.8 13150.8
0 0 1 0 0 1 0 0 0 0 0 -2.21043e-08 -0 0 0 -0 0 0 0 0 0 0 0 0 0 0 0 0 0 1 13150.8 13150.8 13150.8 13150.8
0 0 1 0 0 1 0 0 0 0 0 -1.68802e-08 -0 0 0 -0 0 0 0 0 0 0 0 0 0 0 0 0 0 1 13150.8 13150.8 13150.8 13150.8
0 0 1 0 0 1 0 0 0 0 0 -1.15705e-08 -0 0 0 -0 0 0 0 0 0 0 0 0 0 0 0 0 0 1 13150.8 13150.8 13150.8 13150.8
0 0 1 0 0 1 0 0 0 0 0 -6.41456e-09 -0 0 0 -0 0 0 0 0 0 0 0 0 0 0 0 0 0 1 13150.8 13150.8 13150.8 13150.8
0 0 1 0 0 1 0 0 0 0 0 -1.66486e-09 -0 0 0 -0 0 0 0 0 0 0 0 0 0 0 0 0 0 1 13150.8 13150.8 13150.8 13150.8
0 0 1 0 0 1 0 0 0 0 0 3.49734e-09 -0 0 0 -0 0 0 0 0 0 0 0 0 0 0 0 0 0 1 13150.8 13150.8 13150.8 13150.8
0 0 1 0 0 1 0 0 0 0 0 8.72418e-09 -0 0 0 -0 0 0 0 0 0 0 0 0 0 0 0 0 0 1 13150.8 13150.8 13150.8 13150.8
0 0 1 0 0 1 0 0 0 0 0 1.39635e-08 -0 0 0 -0 0 0 0 0 0 0 0 0 0 0 0 0 0 1 13150.8 13150.8 13150.8 13150.8
0 0 1 0 0 1 0 0 0 0 0 1.86832e-08 -0 0 0 -0 0 0 0 0 0 0 0 0 0 0 0 0 0 1 13150.8 13150.8 13150.8 13150.8
0 0 1 0 0 1 0 0 0 0 0 2.3863e-08 -0 0 0 -0 0 0 0 0 0 0 0 0 0 0 0 0 0 1 13150.8 13150.8 13150.8 13150.8
0 0 1 0 0 1 0 0 0 0 0 2.91248e-08 -0 0 0 -0 0 0 0 0 0 0 0 0 0 0 0 0 0 1 13150.8 13150.8 13150.8 13150.8
0 0 1 0 0 1 0 0 0 0 0 3.40805e-08 -0 0 0 -0 0 0 0 0 0 0 0 0 0 0 0 0 0 1 13150.8 13150.8 13150.8 13150.8
0 0 1 0 0 1 0 0 0 0 0 3.90192e-08 -0 0 0 -0 0 0 0 0 0 0 0 0 0 0 0 0 0 1 13150.8 13150.8 13150.8 13150.8
0 0 1 0 0 1 0 0 0 0 0 4.42742e-08 -0 0 0 -0 0 0 0 0 0 0 0 0 0 0 0 0 0 1 13150.8 13150.8 13150.8 13150.8
0 0 1 0 0 1 0 0 0 0 0 4.94493e-08 -0 0 0 -0 0 0 0 0 0 0 0 0 0 0 0 0 0 1 13150.8 13150.8 13150.8 13150.8
0 0 1 0 0 1 0 0 0 0 0 5.4432e-08 -0 0 0 -0 0 0 0 0 0 0 0 0 0 0 0 0 0 1 13150.8 13150.8 13150.8 13150.8
0 0 1 0 0 1 0 0 0 0 0 5.94462e-08 -0 0 0 -0 0 0 0 0 0 0 0 0 0 0 0 0 0 1 13150.8 13150.8 13150.8 13150.8
0 0 1 0 0 1 0 0 0 0 0 5.7173e-08 -0 0 0 -0 0 0 0 0 0 0 0 0 0 0 0 0 0 1 13150.8 13150.8 13150.8 13150.8
0 0 1 0 0 1 0 0 0 0 0 5.49702e-08 -0 0 0 -0 0 0 0 0 0 0 0 0 0 0 0 0 0 1 13150.8 13150.8 13150.8 13150.8
0 0 1 0 0 1 0 0 0 0 0 5.27408e-08 -0 0 0 -0 0 0 0 0 0 0 0 0 0 0 0 0 0 1 13150.8 13150.8 13150.8 13150.8
0 0 1 0 0 1 0 0 0 0 0 5.06499e-08 -0 0 0 -0 0 0 0 0 0 0 0 0 0 0 0 0 0 1 13150.8 13150.8 13150.8 13150.8
0 0 1 0 0 1 0 0 0 0 0 4.84194e-08 -0 0 0 -0 0 0 0 0 0 0 0 0 0 0 0 0 0 1 13150.8 13150.8 13150.8 13150.8
0 0 1 0 0 1 0 0 0 0 0 4.62004e-08 -0 0 0 -0 0 0 0 0 0 0 0 0 0 0 0 0 0 1 13150.8 13150.8 13150.8 13150.8
0 0 1 0 0 1 0 0 0 0 0 5.13995e-08 -0 0 0 -0 0 0 0 0 0 0 0 0 0 0 0 0 0 1 13150.8 13150.8 13150.8 13150.8
0 0 1 0 0 1 0 0 0 0 0 5.61638e-08 -0 0 0 -0 0 0 0 0 0 0 0 0 0 0 0 0 0 1 13150.8 13150.8 13150.8 13150.8
0 0 1 0 0 1 0 0 0 0 0 5.39298e-08 -0 0 0 -0 0 0 0 0 0 0 0 0 0 0 0 0 0 1 13150.8 13150.8 13150.8 13150.8
0 0 1 0 0 1 0 0 0 0 0 5.17036e-08 -0 0 0 -0 0 0 0 0 0 0 0 0 0 0 0 0 0 1 13150.8 13150.8 13150.8 13150.8
0 0 1 0 0 1 0 0 0 0 0 4.94623e-08 -0 0 0 -0 0 0 0 0 0 0 0 0 0 0 0 0 0 1 13150.8 13150.8 13150.8 13150.8
0 0 1 0 0 1 0 0 0 0 0 4.74243e-08 -0 0 0 -0 0 0 0 0 0 0 0 0 0 0 0 0 0 1 13150.8 13150.8 13150.8 13150.8
0 0 1 0 0 1 0 0 0 0 0 4.52143e-08 -0 0 0 -0 0 0 0 0 0 0 0 0 0 0 0 0 0 1 13150.8 13150.8 13150.8 13150.8
0 0 1 0 0 1 0 0 0 0 0 4.29253e-08 -0 0 0 -0 0 0 0 0 0 0 0 0 0 0 0 0 0 1 13150.8 13150.8 13150.8 13150.8
0 0 1 0 0 1 0 0 0 0 0 4.87653e-08 -0 0 0 -0 0 0 0 0 0 0 0 0 0 0 0 0 0 1 13150.8 13150.8 13150.8 13150.8
0 0 1 0 0 1 0 0 0 0 0 5.28411e-08 -0 0 0 -0 0 0 0 0 0 0 0 0 0 0 0 0 0 1 13150.8 13150.8 13150.8 13150.8
0 0 1 0 0 1 0 0 0 0 0 5.05813e-08 -0 0 0 -0 0 0 0 0 0 0 0 0 0 0 0 0 0 1 13150.8 13150.8 13150.8 13150.8
0 0 1 0 0 1 0 0 0 0 0 4.83593e-08 -0 0 0 -0 0 0 0 0 0 0 0 0 0 0 0 0 0 1 13150.8 13150.8 13150.8 13150.8
0 0 1 0 0 1 0 0 0 0 0 4.61258e-08 -0 0 0 -0 0 0 0 0 0 0 0 0 0 0 0 0 0 1 13150.8 13150.8 13150.8 13150.8
0 0 1 0 0 1 0 0 0 0 0 4.40777e-08 -0 0 0 -0 0 0 0 0 0 0 0 0 0 0 0 0 0 1 13150.8 13150.8 13150.8 13150.8
0 0 1 0 0 1 0 0 0 0 0 4.18203e-08 -0 0 0 -0 0 0 0 0 0 0 0 0 0 0 0 0 0 1 13150.8 13150.8 13150.8 13150.8
0 0 1 0 0 1 0 0 0 0 0 3.96156e-08 -0 0 0 -0 0 0 0 0 0 0 0 0 0 0 0 0 0 1 13150.8 13150.8 13150.8 13150.8
0 0 1 0 0 1 0 0 0 0 0 4.4901e-08 -0 0 0 -0 0 0 0 0 0 0 0 0 0 0 0 0 0 1 13150.8 13150.8 13150.8 13150.8
0 0 1 0 0 1 0 0 0 0 0 4.96406e-08 -0 0 0 -0 0 0 0 0 0 0 0 0 0 0 0 0 0 1 13150.8 13150.8 13150.8 13150.8
0 0 1 0 0 1 0 0 0 0 0 4.74124e-08 -0 0 0 -0 0 0 0 0 0 0 0 0 0 0 0 0 0 1 13150.8 13150.8 13150.8 13150.8
0 0 1 0 0 1 0 0 0 0 0 4.51757e-08 -0 0 0 -0 0 0 0 0 0 0 0 0 0 0 0 0 0 1 13150.8 13150.8 13150.8 13150.8
0 0 1 0 0 1 0 0 0 0 0 4.29251e-08 -0 0 0 -0 0 0 0 0 0 0 0 0 0 0 0 0 0 1 13150.8 13150.8 13150.8 13150.8
0 0 1 0 0 1 0 0 0 0 0 4.08936e-08 -0 0 0 -0 0 0 0 0 0 0 0 0 0 0 0 0 0 1 13150.8 13150.8 13150.8 13150.8
0 0 1 0 0 1 0 0 0 0 0 3.86662e-08 -0 0 0 -0 0 0 0 0 0 0 0 0 0 0 0 0 0 1 13150.8 13150.8 13150.8 13150.8
0 0 1 0 0 1 0 0 0 0 0 3.6388e-08 -0 0 0 -0 0 0 0 0 0 0 0 0 0 0 0 0 0 1 13150.8 13150.8 13150.8 13150.8
0 0 1 0 0 1 0 0 0 0 0 4.15533e-08 -0 0 0 -0 0 0 0 0 0 0 0 0 0 0 0 0 0 1 13150.8 13150.8 13150.8 13150.8
0 0 1 0 0 1 0 0 0 0 0 4.62828e-08 -0 0 0 -0 0 0 0 0 0 0 0 0 0 0 0 0 0 1 13150.8 13150.8 13150.8 13150.8
0 0 1 0 0 1 0 0 0 0 0 4.40631e-08 -0 0 0 -0 0 0 0 0 0 0 0 0 0 0 0 0 0 1 13150.8 13150.8 13150.8 13150.8
0 0 1 0 0 1 0 0 0 0 0 4.18141e-08 -0 0 0 -0 0 0 0 0 0 0 0 0 0 0 0 0 0 1 13150.8 13150.8 13150.8 13150.8
0 0 1 0 0 1 0 0 0 0 0 3.9653e-08 -0 0 0 -0 0 0 0 0 0 0 0 0 0 0 0 0 0 1 13150.8 13150.8 13150.8 13150.8
0 0 1 0 0 1 0 0 0 0 0 3.72032e-08 -0 0 0 -0 0 0 0 0 0 0 0 0 0 0 0 0 0 1 13150.8 13150.8 13150.8 13150.8
0 0 1 0 0 1 0 0 0 0 0 3.52855e-08 -0 0 0 -0 0 0 0 0 0 0 0 0 0 0 0 0 0 1 13150.8 13150.8 13150.8 13150.8
0 0 1 0 0 1 0 0 0 0 0 3.30576e-08 -0 0 0 -0 0 0 0 0 0 0 0 0 0 0 0 0 0 1 13150.8 13150.8 13150.8 13150.8
0 0 1 0 0 1 0 0 0 0 0 3.80039e-08 -0 0 0 -0 0 0 0 0 0 0 0 0 0 0 0 0 0 1 13150.8 13150.8 13150.8 13150.8
0 0 1 0 0 1 0 0 0 0 0 4.30287e-08 -0 0 0 -0 0 0 0 0 0 0 0 0 0 0 0 0 0 1 13150.8 13150.8 13150.8 13150.8
0 0 1 0 0 1 0 0 0 0 0 4.07915e-08 -0 0 0 -0 0 0 0 0 0 0 0 0 0 0 0 0 0 1 13150.8 13150.8 13150.8 13150.8
0 0 1 0 0 1 0 0 0 0 0 3.85551e-08 -0 0 0 -0 0 0 0 0 0 0 0 0 0 0 0 0 0 1 13150.8 13150.8 13150.8 13150.8
0 0 1 0 0 1 0 0 0 0 0 3.63968e-08 -0 0 0 -0 0 0 0 0 0 0 0 0 0 0 0 0 0 1 13150.8 13150.8 13150.8 13150.8
0 0 1 0 0 1 0 0 0 0 0 3.42674e-08 -0 0 0 -0 0 0 0 0 0 0 0 0 0 0 0 0 0 1 13150.8 13150.8 13150.8 13150.8
0 0 1 0 0 1 0 0 0 0 0 3.20223e-08 -0 0 0 -0 0 0 0 0 0 0 0 0 0 0 0 0 0 1 13150.8 13150.8 13150.8 13150.8
0 0 1 0 0 1 0 0 0 0 0 2.97871e-08 -0 0 0 -0 0 0 0 0 0 0 0 0 0 0 0 0 0 1 13150.8 13150.8 13150.8 13150.8
0 0 1 0 0 1 0 0 0 0 0 3.50715e-08 -0 0 0 -0 0 0 0 0 0 0 0 0 0 0 0 0 0 1 13150.8 13150.8 13150.8 13150.8
0 0 1 0 0 1 0 0 0 0 0 3.98289e-08 -0 0 0 -0 0 0 0 0 0 0 0 0 0 0 0 0 0 1 13150.8 13150.8 13150.8 13150.8
0 0 1 0 0 1 0 0 0 0 0 3.76201e-08 -0 0 0 -0 0 0 0 0 0 0 0 0 0 0 0 0 0 1 13150.8 13150.8 13150.8 13150.8
0 0 1 0 0 1 0 0 0 0 0 3.53919e-08 -0 0 0 -0 0 0 0 0 0 0 0 0 0 0 0 0 0 1 13150.8 13150.8 13150.8 13150.8
0 0 1 0 0 1 0 0 0 0 0 3.32387e-08 -0 0 0 -0 0 0 0 0 0 0 0 0 0 0 0 0 0 1 13150.8 13150.8 13150.8 13150.8
0 0 1 0 0 1 0 0 0 0 0 3.10655e-08 -0 0 0 -0 0 0 0 0 0 0 0 0 0 0 0 0 0 1 13150.8 13150.8 13150.8 13150.8
0 0 1 0 0 1 0 0 0 0 0 2.88657e-08 -0 0 0 -0 0 0 0 0 0 0 0 0 0 0 0 0 0 1 13150.8 13150.8 13150.8 13150.8
0 0 1 0 0 1 0 0 0 0 0 3.40625e-08 -0 0 0 -0 0 0 0 0 0 0 0 0 0 0 0 0 0 1 13150.8 13150.8 13150.8 13150.8
0 0 1 0 0 1 0 0 0 0 0 3.89577e-08 -0 0 0 -0 0 0 0 0 0 0 0 0 0 0 0 0 0 1 13150.8 13150.8 13150.8 13150.8
0 0 1 0 0 1 0 0 0 0 0 3.67739e-08 -0 0 0 -0 0 0 0 0 0 0 0 0 0 0 0 0 0 1 13150.8 13150.8 13150.8 13150.8
0 0 1 0 0 1 0 0 0 0 0 3.4545e-08 -0 0 0 -0 0 0 0 0 0 0 0 0 0 0 0 0 0 1 13150.8 13150.8 13150.8 13150.8
0 0 1 0 0 1 0 0 0 0 0 3.22935e-08 -0 0 0 -0 0 0 0 0 0 0 0 0 0 0 0 0 0 1 13150.8 13150.8 13150.8 13150.8
0 0 1 0 0 1 0 0 0 0 0 3.01664e-08 -0 0 0 -0 0 0 0 0 0 0 0 0 0 0 0 0 0 1 13150.8 13150.8 13150.8 13150.8
0 0 1 0 0 1 0 0 0 0 0 2.80259e-08 -0 0 0 -0 0 0 0 0 0 0 0 0 0 0 0 0 0 1 13150.8 13150.8 13150.8 13150.8
0 0 1 0 0 1 0 0 0 0 0 2.5787e-08 -0 0 0 -0 0 0 0 0 0 0 0 0 0 0 0 0 0 1 13150.8 13150.8 13150.8 13150.8
0 0 1 0 0 1 0 0 0 0 0 3.11368e-08 -0 0 0 -0 0 0 0 0 0 0 0 0 0 0 0 0 0 1 13150.8 13150.8 13150.8 13150.8
0 0 1 0 0 1 0 0 0 0 0 3.59511e-08 -0 0 0 -0 0 0 0 0 0 0 0 0 0 0 0 0 0 1 13150.8 13150.8 13150.8 13150.8
0 0 1 0 0 1 0 0 0 0 0 3.37939e-08 -0 0 0 -0 0 0 0 0 0 0 0 0 0 0 0 0 0 1 13150.8 13150.8 13150.8 13150.8
0 0 1 0 0 1 0 0 0 0 0 3.15477e-08 -0 0 0 -0 0 0 0 0 0 0 0 0 0 0 0 0 0 1 13150.8 13150.8 13150.8 13150.8
0 0 1 0 0 1 0 0 0 0 0 2.93119e-08 -0 0 0 -0 0 0 0 0 0 0 0 0 0 0 0 0 0 1 13150.8 13150.8 13150.8 13150.8
0 0 1 0 0 1 0 0 0 0 0 2.50196e-08 -0 0 0 -0 0 0 0 0 0 0 0 0 0 0 0 0 0 1 13150.8 13150.8 13150.8 13150.8
0 0 1 0 0 1 0 0 0 0 0 2.50196e-08 -0 0 0 -0 0 0 0 0 0 0 0 0 0 0 0 0 0 1 13150.8 13150.8 13150.8 13150.8
0 0 1 0 0 1 0 0 0 0 0 2.27995e-08 -0 0 0 -0 0 0 0 0 0 0 0 0 0 0 0 0 0 1 13150.8 13150.8 13150.8 13150.8
0 0 1 0 0 1 0 0 0 0 0 2.8032e-08 -0 0 0 -0 0 0 0 0 0 0 0 0 0 0 0 0 0 1 13150.8 13150.8 13150.8 13150.8
0 0 1 0 0 1 0 0 0 0 0 3.29652e-08 -0 0 0 -0 0 0 0 0 0 0 0 0 0 0 0 0 0 1 13150.8 13150.8 13150.8 13150.8
0 0 1 0 0 1 0 0 0 0 0 3.0801e-08 -0 0 0 -0 0 0 0 0 0 0 0 0 0 0 0 0 0 1 13150.8 13150.8 13150.8 13150.8
0 0 1 0 0 1 0 0 0 0 0 2.85602e-08 -0 0 0 -0 0 0 0 0 0 0 0 0 0 0 0 0 0 1 13150.8 13150.8 13150.8 13150.8
0 0 1 0 0 1 0 0 0 0 0 2.63294e-08 -0 0 0 -0 0 0 0 0 0 0 0 0 0 0 0 0 0 1 13150.8 13150.8 13150.8 13150.8
0 0 1 0 0 1 0 0 0 0 0 2.42254e-08 -0 0 0 -0 0 0 0 0 0 0 0 0 0 0 0 0 0 1 13150.8 13150.8 13150.8 13150.8
0 0 1 0 0 1 0 0 0 0 0 2.20058e-08 -0 0 0 -0 0 0 0 0 0 0 0 0 0 0 0 0 0 1 13150.8 13150.8 13150.8 13150.8
0 0 1 0 0 1 0 0 0 0 0 2.71158e-08 -0 0 0 -0 0 0 0 0 0 0 0 0 0 0 0 0 0 1 13150.8 13150.8 13150.8 13150.8
0 0 1 0 0 1 0 0 0 0 0 3.21643e-08 -0 0 0 -0 0 0 0 0 0 0 0 0 0 0 0 0 0 1 13150.8 13150.8 13150.8 13150.8
0 0 1 0 0 1 0 0 0 0 0 2.9869e-08 -0 0 0 -0 0 0 0 0 0 0 0 0 0 0 0 0 0 1 13150.8 13150.8 13150.8 13150.8
0 0 1 0 0 1 0 0 0 0 0 2.78259e-08 -0 0 0 -0 0 0 0 0 0 0 0 0 0 0 0 0 0 1 13150.8 13150.8 13150.8 13150.8
0 0 1 0 0 1 0 0 0 0 0 2.55833e-08 -0 0 0 -0 0 0 0 0 0 0 0 0 0 0 0 0 0 1 13150.8 13150.8 13150.8 13150.8
0 0 1 0 0 1 0 0 0 0 0 2.33358e-08 -0 0 0 -0 0 0 0 0 0 0 0 0 0 0 0 0 0 1 13150.8 13150.8 13150.8 13150.8
0 0 1 0 0 1 0 0 0 0 0 2.12132e-08 -0 0 0 -0 0 0 0 0 0 0 0 0 0 0 0 0 0 1 13150.8 13150.8 13150.8 13150.8
0 0 1 0 0 1 0 0 0 0 0 1.90512e-08 -0 0 0 -0 0 0 0 0 0 0 0 0 0 0 0 0 0 1 13150.8 13150.8 13150.8 13150.8
0 0 1 0 0 1 0 0 0 0 0 2.42349e-08 -0 0 0 -0 0 0 0 0 0 0 0 0 0 0 0 0 0 1 13150.8 13150.8 13150.8 13150.8
0 0 1 0 0 1 0 0 0 0 0 2.94395e-08 -0 0 0 -0 0 0 0 0 0 0 0 0 0 0 0 0 0 1 13150.8 13150.8 13150.8 13150.8
0 0 1 0 0 1 0 0 0 0 0 2.73094e-08 -0 0 0 -0 0 0 0 0 0 0 0 0 0 0 0 0 0 1 13150.8 13150.8 13150.8 13150.8
0 0 1 0 0 1 0 0 0 0 0 2.50783e-08 -0 0 0 -0 0 0 0 0 0 0 0 0 0 0 0 0 0 1 13150.8 13150.8 13150.8 13150.8
0 0 1 0 0 1 0 0 0 0 0 2.29057e-08 -0 0 0 -0 0 0 0 0 0 0 0 0 0 0 0 0 0 1 13150.8 13150.8 13150.8 13150.8
0 0 1 0 0 1 0 0 0 0 0 2.06609e-08 -0 0 0 -0 0 0 0 0 0 0 0 0 0 0 0 0 0 1 13150.8 13150.8 13150.8 13150.8
0 0 1 0 0 1 0 0 0 0 0 1.85357e-08 -0 0 0 -0 0 0 0 0 0 0 0 0 0 0 0 0 0 1 13150.8 13150.8 13150.8 13150.8
0 0 1 0 0 1 0 0 0 0 0 2.87402e-08 -0 0 0 -0 0 0 0 0 0 0 0 0 0 0 0 0 0 1 13150.8 13150.8 13150.8 13150.8
0 0 1 0 0 1 0 0 0 0 0 2.87402e-08 -0 0 0 -0 0 0 0 0 0 0 0 0 0 0 0 0 0 1 13150.8 13150.8 13150.8 13150.8
0 0 1 0 0 1 0 0 0 0 0 2.64467e-08 -0 0 0 -0 0 0 0 0 0 0 0 0 0 0 0 0 0 1 13150.8 13150.8 13150.8 13150.8
0 0 1 0 0 1 0 0 0 0 0 2.44238e-08 -0 0 0 -0 0 0 0 0 0 0 0 0 0 0 0 0 0 1 13150.8 13150.8 13150.8 13150.8
0 0 1 0 0 1 0 0 0 0 0 2.22202e-08 -0 0 0 -0 0 0 0 0 0 0 0 0 0 0 0 0 0 1 13150.8 13150.8 13150.8 13150.8
0 0 1 0 0 1 0 0 0 0 0 1.99434e-08 -0 0 0 -0 0 0 0 0 0 0 0 0 0 0 0 0 0 1 13150.8 13150.8 13150.8 13150.8
0 0 1 0 0 1 0 0 0 0 0 1.77346e-08 -0 0 0 -0 0 0 0 0 0 0 0 0 0 0 0 0 0 1 13150.8 13150.8 13150.8 13150.8
0 0 1 0 0 1 0 0 0 0 0 2.26412e-08 -0 0 0 -0 0 0 0 0 0 0 0 0 0 0 0 0 0 1 13150.8 13150.8 13150.8 13150.8
0 0 1 0 0 1 0 0 0 0 0 2.76485e-08 -0 0 0 -0 0 0 0 0 0 0 0 0 0 0 0 0 0 1 13150.8 13150.8 13150.8 13150.8
0 0 1 0 0 1 0 0 0 0 0 2.54096e-08 -0 0 0 -0 0 0 0 0 0 0 0 0 0 0 0 0 0 1 13150.8 13150.8 13150.8 13150.8
0 0 1 0 0 1 0 0 0 0 0 2.31701e-08 -0 0 0 -0 0 0 0 0 0 0 0 0 0 0 0 0 0 1 13150.8 13150.8 13150.8 13150.8
0 0 1 0 0 1 0 0 0 0 0 2.09194e-08 -0 0 0 -0 0 0 0 0 0 0 0 0 0 0 0 0 0 1 13150.8 13150.8 13150.8 13150.8
0 0 1 0 0 1 0 0 0 0 0 1.88301e-08 -0 0 0 -0 0 0 0 0 0 0 0 0 0 0 0 0 0 1 13150.8 13150.8 13150.8 13150.8
0 0 1 0 0 1 0 0 0 0 0 1.66477e-08 -0 0 0 -0 0 0 0 0 0 0 0 0 0 0 0 0 0 1 13150.8 13150.8 13150.8 13150.8
0 0 1 0 0 1 0 0 0 0 0 1.44133e-08 -0 0 0 -0 0 0 0 0 0 0 0 0 0 0 0 0 0 1 13150.8 13150.8 13150.8 13150.8
0 0 1 0 0 1 0 0 0 0 0 1.93951e-08 -0 0 0 -0 0 0 0 0 0 0 0 0 0 0 0 0 0 1 13150.8 13150.8 13150.8 13150.8
0 0 1 0 0 1 0 0 0 0 0 2.43796e-08 -0 0 0 -0 0 0 0 0 0 0 0 0 0 0 0 0 0 1 13150.8 13150.8 13150.8 13150.8
0 0 1 0 0 1 0 0 0 0 0 2.21319e-08 -0 0 0 -0 0 0 0 0 0 0 0 0 0 0 0 0 0 1 13150.8 13150.8 13150.8 13150.8
0 0 1 0 0 1 0 0 0 0 0 1.98971e-08 -0 0 0 -0 0 0 0 0 0 0 0 0 0 0 0 0 0 1 13150.8 13150.8 13150.8 13150.8
0 0 1 0 0 1 0 0 0 0 0 1.77704e-08 -0 0 0 -0 0 0 0 0 0 0 0 0 0 0 0 0 0 1 13150.8 13150.8 13150.8 13150.8
0 0 1 0 0 1 0 0 0 0 0 1.56137e-08 -0 0 0 -0 0 0 0 0 0 0 0 0 0 0 0 0 0 1 13150.8 13150.8 13150.8 13150.8
0 0 1 0 0 1 0 0 0 0 0 1.33831e-08 -0 0 0 -0 0 0 0 0 0 0 0 0 0 0 0 0 0 1 13150.8 13150.8 13150.8 13150.8
0 0 1 0 0 1 0 0 0 0 0 1.86446e-08 -0 0 0 -0 0 0 0 0 0 0 0 0 0 0 0 0 0 1 13150.8 13150.8 13150.8 13150.8
0 0 1 0 0 1 0 0 0 0 0 2.34282e-08 -0 0 0 -0 0 0 0 0 0 0 0 0 0 0 0 0 0 1 13150.8 13150.8 13150.8 13150.8
0 0 1 0 0 1 0 0 0 0 0 2.11741e-08 -0 0 0 -0 0 0 0 0 0 0 0 0 0 0 0 0 0 1 13150.8 13150.8 13150.8 13150.8
0 0 1 0 0 1 0 0 0 0 0 1.89655e-08 -0 0 0 -0 0 0 0 0 0 0 0 0 0 0 0 0 0 1 13150.8 13150.8 13150.8 13150.8
0 0 1 0 0 1 0 0 0 0 0 1.67328e-08 -0 0 0 -0 0 0 0 0 0 0 0 0 0 0 0 0 0 1 13150.8 13150.8 13150.8 13150.8
0 0 1 0 0 1 0 0 0 0 0 1.42806e-08 -0 0 0 -0 0 0 0 0 0 0 0 0 0 0 0 0 0 1 13150.8 13150.8 13150.8 13150.8
0 0 1 0 0 1 0 0 0 0 0 1.2467e-08 -0 0 0 -0 0 0 0 0 0 0 0 0 0 0 0 0 0 1 13150.8 13150.8 13150.8 13150.8
0 0 1 0 0 1 0 0 0 0 0 1.77053e-08 -0 0 0 -0 0 0 0 0 0 0 0 0 0 0 0 0 0 1 13150.8 13150.8 13150.8 13150.8
0 0 1 0 0 1 0 0 0 0 0 2.29214e-08 -0 0 0 -0 0 0 0 0 0 0 0 0 0 0 0 0 0 1 13150.8 13150.8 13150.8 13150.8
0 0 1 0 0 1 0 0 0 0 0 2.08012e-08 -0 0 0 -0 0 0 0 0 0 0 0 0 0 0 0 0 0 1 13150.8 13150.8 13150.8 13150.8
0 0 1 0 0 1 0 0 0 0 0 1.86487e-08 -0 0 0 -0 0 0 0 0 0 0 0 0 0 0 0 0 0 1 13150.8 13150.8 13150.8 13150.8
0 0 1 0 0 1 0 0 0 0 0 1.64107e-08 -0 0 0 -0 0 0 0 0 0 0 0 0 0 0 0 0 0 1 13150.8 13150.8 13150.8 13150.8
0 0 1 0 0 1 0 0 0 0 0 1.41685e-08 -0 0 0 -0 0 0 0 0 0 0 0 0 0 0 0 0 0 1 13150.8 13150.8 13150.8 13150.8
0 0 1 0 0 1 0 0 0 0 0 1.2034e-08 -0 0 0 -0 0 0 0 0 0 0 0 0 0 0 0 0 0 1 13150.8 13150.8 13150.8 13150.8
0 0 1 0 0 1 0 0 0 0 0 1.70155e-08 -0 0 0 -0 0 0 0 0 0 0 0 0 0 0 0 0 0 1 13150.8 13150.8 13150.8 13150.8
0 0 1 0 0 1 0 0 0 0 0 2.22386e-08 -0 0 0 -0 0 0 0 0 0 0 0 0 0 0 0 0 0 1 13150.8 13150.8 13150.8 13150.8
0 0 1 0 0 1 0 0 0 0 0 1.99931e-08 -0 0 0 -0 0 0 0 0 0 0 0 0 0 0 0 0 0 1 13150.8 13150.8 13150.8 13150.8
0 0 1 0 0 1 0 0 0 0 0 1.7865e-08 -0 0 0 -0 0 0 0 0 0 0 0 0 0 0 0 0 0 1 13150.8 13150.8 13150.8 13150.8
0 0 1 0 0 1 0 0 0 0 0 1.56633e-08 -0 0 0 -0 0 0 0 0 0 0 0 0 0 0 0 0 0 1 13150.8 13150.8 13150.8 13150.8
0 0 1 0 0 1 0 0 0 0 0 1.34625e-08 -0 0 0 -0 0 0 0 0 0 0 0 0 0 0 0 0 0 1 13150.8 13150.8 13150.8 13150.8
0 0 1 0 0 1 0 0 0 0 0 1.12431e-08 -0 0 0 -0 0 0 0 0 0 0 0 0 0 0 0 0 0 1 13150.8 13150.8 13150.8 13150.8
0 0 1 0 0 1 0 0 0 0 0 9.17626e-09 -0 0 0 -0 0 0 0 0 0 0 0 0 0 0 0 0 0 1 13150.8 13150.8 13150.8 13150.8
0 0 1 0 0 1 0 0 0 0 0 1.43464e-08 -0 0 0 -0 0 0 0 0 0 0 0 0 0 0 0 0 0 1 13150.8 13150.8 13150.8 13150.8
0 0 1 0 0 1 0 0 0 0 0 1.95353e-08 -0 0 0 -0 0 0 0 0 0 0 0 0 0 0 0 0 0 1 13150.8 13150.8 13150.8 13150.8
0 0 1 0 0 1 0 0 0 0 0 2.47218e-08 -0 0 0 -0 0 0 0 0 0 0 0 0 0 0 0 0 0 1 13150.8 13150.8 13150.8 13150.8
0 0 1 0 0 1 0 0 0 0 0 2.23784e-08 -0 0 0 -0 0 0 0 0 0 0 0 0 0 0 0 0 0 1 13150.8 13150.8 13150.8 13150.8
0 0 1 0 0 1 0 0 0 0 0 1.951e-08 -0 0 0 -0 0 0 0 0 0 0 0 0 0 0 0 0 0 1 13150.8 13150.8 13150.8 13150.8
0 0 1 0 0 1 0 0 0 0 0 1.81915e-08 -0 0 0 -0 0 0 0 0 0 0 0 0 0 0 0 0 0 1 13150.8 13150.8 13150.8 13150.8
0 0 1 0 0 1 0 0 0 0 0 1.5958e-08 -0 0 0 -0 0 0 0 0 0 0 0 0 0 0 0 0 0 1 13150.8 13150.8 13150.8 13150.8
0 0 1 0 0 1 0 0 0 0 0 1.37221e-08 -0 0 0 -0 0 0 0 0 0 0 0 0 0 0 0 0 0 1 13150.8 13150.8 13150.8 13150.8
0 0 1 0 0 1 0 0 0 0 0 1.16753e-08 -0 0 0 -0 0 0 0 0 0 0 0 0 0 0 0 0 0 1 13150.8 13150.8 13150.8 13150.8
0 0 1 0 0 1 0 0 0 0 0 9.44049e-09 -0 0 0 -0 0 0 0 0 0 0 0 0 0 0 0 0 0 1 13150.8 13150.8 13150.8 13150.8
0 0 1 0 0 1 0 0 0 0 0 1.46531e-08 -0 0 0 -0 0 0 0 0 0 0 0 0 0 0 0 0 0 1 13150.8 13150.8 13150.8 13150.8
0 0 1 0 0 1 0 0 0 0 0 1.98684e-08 -0 0 0 -0 0 0 0 0 0 0 0 0 0 0 0 0 0 1 13150.8 13150.8 13150.8 13150.8
0 0 1 0 0 1 0 0 0 0 0 1.78253e-08 -0 0 0 -0 0 0 0 0 0 0 0 0 0 0 0 0 0 1 13150.8 13150.8 13150.8 13150.8
0 0 1 0 0 1 0 0 0 0 0 1.55911e-08 -0 0 0 -0 0 0 0 0 0 0 0 0 0 0 0 0 0 1 13150.8 13150.8 13150.8 13150.8
0 0 1 0 0 1 0 0 0 0 0 1.11101e-08 -0 0 0 -0 0 0 0 0 0 0 0 0 0 0 0 0 0 1 13150.8 13150.8 13150.8 13150.8
0 0 1 0 0 1 0 0 0 0 0 9.06967e-09 -0 0 0 -0 0 0 0 0 0 0 0 0 0 0 0 0 0 1 13150.8 13150.8 13150.8 13150.8
0 0 1 0 0 1 0 0 0 0 0 9.06967e-09 -0 0 0 -0 0 0 0 0 0 0 0 0 0 0 0 0 0 1 13150.8 13150.8 13150.8 13150.8
0 0 1 0 0 1 0 0 0 0 0 1.42857e-08 -0 0 0 -0 0 0 0 0 0 0 0 0 0 0 0 0 0 1 13150.8 13150.8 13150.8 13150.8
0 0 1 0 0 1 0 0 0 0 0 1.94887e-08 -0 0 0 -0 0 0 0 0 0 0 0 0 0 0 0 0 0 1 13150.8 13150.8 13150.8 13150.8
0 0 1 0 0 1 0 0 0 0 0 1.74424e-08 -0 0 0 -0 0 0 0 0 0 0 0 0 0 0 0 0 0 1 13150.8 13150.8 13150.8 13150.8
0 0 1 0 0 1 0 0 0 0 0 1.52052e-08 -0 0 0 -0 0 0 0 0 0 0 0 0 0 0 0 0 0 1 13150.8 13150.8 13150.8 13150.8
0 0 1 0 0 1 0 0 0 0 0 1.29684e-08 -0 0 0 -0 0 0 0 0 0 0 0 0 0 0 0 0 0 1 13150.8 13150.8 13150.8 13150.8
0 0 1 0 0 1 0 0 0 0 0 1.07295e-08 -0 0 0 -0 0 0 0 0 0 0 0 0 0 0 0 0 0 1 13150.8 13150.8 13150.8 13150.8
0 0 1 0 0 1 0 0 0 0 0 8.60044e-09 -0 0 0 -0 0 0 0 0 0 0 0 0 0 0 0 0 0 1 13150.8 13150.8 13150.8 13150.8
0 0 1 0 0 1 0 0 0 0 0 6.44612e-09 -0 0 0 -0 0 0 0 0 0 0 0 0 0 0 0 0 0 1 13150.8 13150.8 13150.8 13150.8
0 0 1 0 0 1 0 0 0 0 0 1.686e-08 -0 0 0 -0 0 0 0 0 0 0 0 0 0 0 0 0 0 1 13150.8 13150.8 13150.8 13150.8
0 0 1 0 0 1 0 0 0 0 0 1.686e-08 -0 0 0 -0 0 0 0 0 0 0 0 0 0 0 0 0 0 1 13150.8 13150.8 13150.8 13150.8
0 0 1 0 0 1 0 0 0 0 0 1.47307e-08 -0 0 0 -0 0 0 0 0 0 0 0 0 0 0 0 0 0 1 13150.8 13150.8 13150.8 13150.8
0 0 1 0 0 1 0 0 0 0 0 1.25819e-08 -0 0 0 -0 0 0 0 0 0 0 0 0 0 0 0 0 0 1 13150.8 13150.8 13150.8 13150.8
0 0 1 0 0 1 0 0 0 0 0 1.03444e-08 -0 0 0 -0 0 0 0 0 0 0 0 0 0 0 0 0 0 1 13150.8 13150.8 13150.8 13150.8
0 0 1 0 0 1 0 0 0 0 0 8.0935e-09 -0 0 0 -0 0 0 0 0 0 0 0 0 0 0 0 0 0 1 13150.8 13150.8 13150.8 13150.8
0 0 1 0 0 1 0 0 0 0 0 5.9633e-09 -0 0 0 -0 0 0 0 0 0 0 0 0 0 0 0 0 0 1 13150.8 13150.8 13150.8 13150.8
0 0 1 0 0 1 0 0 0 0 0 1.09689e-08 -0 0 0 -0 0 0 0 0 0 0 0 0 0 0 0 0 0 1 13150.8 13150.8 13150.8 13150.8
0 0 1 0 0 1 0 0 0 0 0 1.61659e-08 -0 0 0 -0 0 0 0 0 0 0 0 0 0 0 0 0 0 1 13150.8 13150.8 13150.8 13150.8
0 0 1 0 0 1 0 0 0 0 0 1.39175e-08 -0 0 0 -0 0 0 0 0 0 0 0 0 0 0 0 0 0 1 13150.8 13150.8 13150.8 13150.8
0 0 1 0 0 1 0 0 0 0 0 1.17986e-08 -0 0 0 -0 0 0 0 0 0 0 0 0 0 0 0 0 0 1 13150.8 13150.8 13150.8 13150.8
0 0 1 0 0 1 0 0 0 0 0 9.64588e-09 -0 0 0 -0 0 0 0 0 0 0 0 0 0 0 0 0 0 1 13150.8 13150.8 13150.8 13150.8
0 0 1 0 0 1 0 0 0 0 0 7.40796e-09 -0 0 0 -0 0 0 0 0 0 0 0 0 0 0 0 0 0 1 13150.8 13150.8 13150.8 13150.8
0 0 1 0 0 1 0 0 0 0 0 5.1743e-09 -0 0 0 -0 0 0 0 0 0 0 0 0 0 0 0 0 0 1 13150.8 13150.8 13150.8 13150.8
0 0 1 0 0 1 0 0 0 0 0 9.914e-09 -0 0 0 -0 0 0 0 0 0 0 0 0 0 0 0 0 0 1 13150.8 13150.8 13150.8 13150.8
0 0 1 0 0 1 0 0 0 0 0 1.51496e-08 -0 0 0 -0 0 0 0 0 0 0 0 0 0 0 0 0 0 1 13150.8 13150.8 13150.8 13150.8
0 0 1 0 0 1 0 0 0 0 0 1.29113e-08 -0 0 0 -0 0 0 0 0 0 0 0 0 0 0 0 0 0 1 13150.8 13150.8 13150.8 13150.8
0 0 1 0 0 1 0 0 0 0 0 1.06799e-08 -0 0 0 -0 0 0 0 0 0 0 0 0 0 0 0 0 0 1 13150.8 13150.8 13150.8 13150.8
0 0 1 0 0 1 0 0 0 0 0 8.43971e-09 -0 0 0 -0 0 0 0 0 0 0 0 0 0 0 0 0 0 1 13150.8 13150.8 13150.8 13150.8
0 0 1 0 0 1 0 0 0 0 0 6.39687e-09 -0 0 0 -0 0 0 0 0 0 0 0 0 0 0 0 0 0 1 13150.8 13150.8 13150.8 13150.8
0 0 1 0 0 1 0 0 0 0 0 4.15257e-09 -0 0 0 -0 0 0 0 0 0 0 0 0 0 0 0 0 0 1 13150.8 13150.8 13150.8 13150.8
0 0 1 0 0 1 0 0 0 0 0 9.3703e-09 -0 0 0 -0 0 0 0 0 0 0 0 0 0 0 0 0 0 1 13150.8 13150.8 13150.8 13150.8
0 0 1 0 0 1 0 0 0 0 0 1.45626e-08 -0 0 0 -0 0 0 0 0 0 0 0 0 0 0 0 0 0 1 13150.8 13150.8 13150.8 13150.8
0 0 1 0 0 1 0 0 0 0 0 1.25216e-08 -0 0 0 -0 0 0 0 0 0 0 0 0 0 0 0 0 0 1 13150.8 13150.8 13150.8 13150.8
0 0 1 0 0 1 0 0 0 0 0 1.02791e-08 -0 0 0 -0 0 0 0 0 0 0 0 0 0 0 0 0 0 1 13150.8 13150.8 13150.8 13150.8
0 0 1 0 0 1 0 0 0 0 0 8.03939e-09 -0 0 0 -0 0 0 0 0 0 0 0 0 0 0 0 0 0 1 13150.8 13150.8 13150.8 13150.8
0 0 1 0 0 1 0 0 0 0 0 5.90573e-09 -0 0 0 -0 0 0 0 0 0 0 0 0 0 0 0 0 0 1 13150.8 13150.8 13150.8 13150.8
0 0 1 0 0 1 0 0 0 0 0 3.75893e-09 -0 0 0 -0 0 0 0 0 0 0 0 0 0 0 0 0 0 1 13150.8 13150.8 13150.8 13150.8
0 0 1 0 0 1 0 0 0 0 0 8.97788e-09 -0 0 0 -0 0 0 0 0 0 0 0 0 0 0 0 0 0 1 13150.8 13150.8 13150.8 13150.8
0 0 1 0 0 1 0 0 0 0 0 1.41964e-08 -0 0 0 -0 0 0 0 0 0 0 0 0 0 0 0 0 0 1 13150.8 13150.8 13150.8 13150.8
0 0 1 0 0 1 0 0 0 0 0 1.20643e-08 -0 0 0 -0 0 0 0 0 0 0 0 0 0 0 0 0 0 1 13150.8 13150.8 13150.8 13150.8
0 0 1 0 0 1 0 0 0 0 0 9.92198e-09 -0 0 0 -0 0 0 0 0 0 0 0 0 0 0 0 0 0 1 13150.8 13150.8 13150.8 13150.8
0 0 1 0 0 1 0 0 0 0 0 7.68979e-09 -0 0 0 -0 0 0 0 0 0 0 0 0 0 0 0 0 0 1 13150.8 13150.8 13150.8 13150.8
0 0 1 0 0 1 0 0 0 0 0 5.44138e-09 -0 0 0 -0 0 0 0 0 0 0 0 0 0 0 0 0 0 1 13150.8 13150.8 13150.8 13150.8
0 0 1 0 0 1 0 0 0 0 0 3.37508e-09 -0 0 0 -0 0 0 0 0 0 0 0 0 0 0 0 0 0 1 13150.8 13150.8 13150.8 13150.8
0 0 1 0 0 1 0 0 0 0 0 8.51217e-09 -0 0 0 -0 0 0 0 0 0 0 0 0 0 0 0 0 0 1 13150.8 13150.8 13150.8 13150.8
0 0 1 0 0 1 0 0 0 0 0 1.37294e-08 -0 0 0 -0 0 0 0 0 0 0 0 0 0 0 0 0 0 1 13150.8 13150.8 13150.8 13150.8
0 0 1 0 0 1 0 0 0 0 0 1.14899e-08 -0 0 0 -0 0 0 0 0 0 0 0 0 0 0 0 0 0 1 13150.8 13150.8 13150.8 13150.8
0 0 1 0 0 1 0 0 0 0 0 9.24996e-09 -0 0 0 -0 0 0 0 0 0 0 0 0 0 0 0 0 0 1 13150.8 13150.8 13150.8 13150.8
0 0 1 0 0 1 0 0 0 0 0 7.21692e-09 -0 0 0 -0 0 0 0 0 0 0 0 0 0 0 0 0 0 1 13150.8 13150.8 13150.8 13150.8
0 0 1 0 0 1 0 0 0 0 0 4.97133e-09 -0 0 0 -0 0 0 0 0 0 0 0 0 0 0 0 0 0 1 13150.8 13150.8 13150.8 13150.8
0 0 1 0 0 1 0 0 0 0 0 2.73705e-09 -0 0 0 -0 0 0 0 0 0 0 0 0 0 0 0 0 0 1 13150.8 13150.8 13150.8 13150.8
0 0 1 0 0 1 0 0 0 0 0 7.69476e-09 -0 0 0 -0 0 0 0 0 0 0 0 0 0 0 0 0 0 1 13150.8 13150.8 13150.8 13150.8
0 0 1 0 0 1 0 0 0 0 0 1.27761e-08 -0 0 0 -0 0 0 0 0 0 0 0 0 0 0 0 0 0 1 13150.8 13150.8 13150.8 13150.8
0 0 1 0 0 1 0 0 0 0 0 1.0554e-08 -0 0 0 -0 0 0 0 0 0 0 0 0 0 0 0 0 0 1 13150.8 13150.8 13150.8 13150.8
0 0 1 0 0 1 0 0 0 0 0 8.32926e-09 -0 0 0 -0 0 0 0 0 0 0 0 0 0 0 0 0 0 1 13150.8 13150.8 13150.8 13150.8
0 0 1 0 0 1 0 0 0 0 0 6.09012e-09 -0 0 0 -0 0 0 0 0 0 0 0 0 0 0 0 0 0 1 13150.8 13150.8 13150.8 13150.8
0 0 1 0 0 1 0 0 0 0 0 4.04356e-09 -0 0 0 -0 0 0 0 0 0 0 0 0 0 0 0 0 0 1 13150.8 13150.8 13150.8 13150.8
0 0 1 0 0 1 0 0 0 0 0 9.25234e-09 -0 0 0 -0 0 0 0 0 0 0 0 0 0 0 0 0 0 1 13150.8 13150.8 13150.8 13150.8
0 0 1 0 0 1 0 0 0 0 0 1.44668e-08 -0 0 0 -0 0 0 0 0 0 0 0 0 0 0 0 0 0 1 13150.8 13150.8 13150.8 13150.8
0 0 1 0 0 1 0 0 0 0 0 1.22397e-08 -0 0 0 -0 0 0 0 0 0 0 0 0 0 0 0 0 0 1 13150.8 13150.8 13150.8 13150.8
0 0 1 0 0 1 0 0 0 0 0 1.01521e-08 -0 0 0 -0 0 0 0 0 0 0 0 0 0 0 0 0 0 1 13150.8 13150.8 13150.8 13150.8
0 0 1 0 0 1 0 0 0 0 0 7.93486e-09 -0 0 0 -0 0 0 0 0 0 0 0 0 0 0 0 0 0 1 13150.8 13150.8 13150.8 13150.8
0 0 1 0 0 1 0 0 0 0 0 5.70202e-09 -0 0 0 -0 0 0 0 0 0 0 0 0 0 0 0 0 0 1 13150.8 13150.8 13150.8 13150.8
0 0 1 0 0 1 0 0 0 0 0 3.44525e-09 -0 0 0 -0 0 0 0 0 0 0 0 0 0 0 0 0 0 1 13150.8 13150.8 13150.8 13150.8
0 0 1 0 0 1 0 0 0 0 0 1.42182e-09 -0 0 0 -0 0 0 0 0 0 0 0 0 0 0 0 0 0 1 13150.8 13150.8 13150.8 13150.8
0 0 1 0 0 1 0 0 0 0 0 6.62636e-09 -0 0 0 -0 0 0 0 0 0 0 0 0 0 0 0 0 0 1 13150.8 13150.8 13150.8 13150.8
0 0 1 0 0 1 0 0 0 0 0 1.18902e-08 -0 0 0 -0 0 0 0 0 0 0 0 0 0 0 0 0 0 1 13150.8 13150.8 13150.8 13150.8
0 0 1 0 0 1 0 0 0 0 0 9.68291e-09 -0 0 0 -0 0 0 0 0 0 0 0 0 0 0 0 0 0 1 13150.8 13150.8 13150.8 13150.8
0 0 1 0 0 1 0 0 0 0 0 7.63015e-09 -0 0 0 -0 0 0 0 0 0 0 0 0 0 0 0 0 0 1 13150.8 13150.8 13150.8 13150.8
0 0 1 0 0 1 0 0 0 0 0 5.39737e-09 -0 0 0 -0 0 0 0 0 0 0 0 0 0 0 0 0 0 1 13150.8 13150.8 13150.8 13150.8
0 0 1 0 0 1 0 0 0 0 0 3.15947e-09 -0 0 0 -0 0 0 0 0 0 0 0 0 0 0 0 0 0 1 13150.8 13150.8 13150.8 13150.8
0 0 1 0 0 1 0 0 0 0 0 6.29038e-10 -0 0 0 -0 0 0 0 0 0 0 0 0 0 0 0 0 0 1 13150.8 13150.8 13150.8 13150.8
0 0 1 0 0 1 0 0 0 0 0 4.68867e-09 -0 0 0 -0 0 0 0 0 0 0 0 0 0 0 0 0 0 1 13150.8 13150.8 13150.8 13150.8
0 0 1 0 0 1 0 0 0 0 0 9.93408e-09 -0 0 0 -0 0 0 0 0 0 0 0 0 0 0 0 0 0 1 13150.8 13150.8 13150.8 13150.8
0 0 1 0 0 1 0 0 0 0 0 1.51243e-08 -0 0 0 -0 0 0 0 0 0 0 0 0 0 0 0 0 0 1 13150.8 13150.8 13150.8 13150.8
0 0 1 0 0 1 0 0 0 0 0 1.28963e-08 -0 0 0 -0 0 0 0 0 0 0 0 0 0 0 0 0 0 1 13150.8 13150.8 13150.8 13150.8
0 0 1 0 0 1 0 0 0 0 0 1.08496e-08 -0 0 0 -0 0 0 0 0 0 0 0 0 0 0 0 0 0 1 13150.8 13150.8 13150.8 13150.8
0 0 1 0 0 1 0 0 0 0 0 8.59462e-09 -0 0 0 -0 0 0 0 0 0 0 0 0 0 0 0 0 0 1 13150.8 13150.8 13150.8 13150.8
0 0 1 0 0 1 0 0 0 0 0 6.36813e-09 -0 0 0 -0 0 0 0 0 0 0 0 0 0 0 0 0 0 1 13150.8 13150.8 13150.8 13150.8
0 0 1 0 0 1 0 0 0 0 0 4.14017e-09 -0 0 0 -0 0 0 0 0 0 0 0 0 0 0 0 0 0 1 13150.8 13150.8 13150.8 13150.8
0 0 1 0 0 1 0 0 0 0 0 2.07677e-09 -0 0 0 -0 0 0 0 0 0 0 0 0 0 0 0 0 0 1 13150.8 13150.8 13150.8 13150.8
0 0 1 0 0 1 0 0 0 0 0 7.28107e-09 -0 0 0 -0 0 0 0 0 0 0 0 0 0 0 0 0 0 1 13150.8 13150.8 13150.8 13150.8
0 0 1 0 0 1 0 0 0 0 0 1.24947e-08 -0 0 0 -0 0 0 0 0 0 0 0 0 0 0 0 0 0 1 13150.8 13150.8 13150.8 13150.8
0 0 1 0 0 1 0 0 0 0 0 1.03821e-08 -0 0 0 -0 0 0 0 0 0 0 0 0 0 0 0 0 0 1 13150.8 13150.8 13150.8 13150.8
0 0 1 0 0 1 0 0 0 0 0 8.22097e-09 -0 0 0 -0 0 0 0 0 0 0 0 0 0 0 0 0 0 1 13150.8 13150.8 13150.8 13150.8
0 0 1 0 0 1 0 0 0 0 0 5.98564e-09 -0 0 0 -0 0 0 0 0 0 0 0 0 0 0 0 0 0 1 13150.8 13150.8 13150.8 13150.8
0 0 1 0 0 1 0 0 0 0 0 3.74717e-09 -0 0 0 -0 0 0 0 0 0 0 0 0 0 0 0 0 0 1 13150.8 13150.8 13150.8 13150.8
0 0 1 0 0 1 0 0 0 0 0 1.52083e-09 -0 0 0 -0 0 0 0 0 0 0 0 0 0 0 0 0 0 1 13150.8 13150.8 13150.8 13150.8
0 0 1 0 0 1 0 0 0 0 0 6.2749e-09 -0 0 0 -0 0 0 0 0 0 0 0 0 0 0 0 0 0 1 13150.8 13150.8 13150.8 13150.8
0 0 1 0 0 1 0 0 0 0 0 1.14967e-08 -0 0 0 -0 0 0 0 0 0 0 0 0 0 0 0 0 0 1 13150.8 13150.8 13150.8 13150.8
0 0 1 0 0 1 0 0 0 0 0 9.25594e-09 -0 0 0 -0 0 0 0 0 0 0 0 0 0 0 0 0 0 1 13150.8 13150.8 13150.8 13150.8
0 0 1 0 0 1 0 0 0 0 0 7.01602e-09 -0 0 0 -0 0 0 0 0 0 0 0 0 0 0 0 0 0 1 13150.8 13150.8 13150.8 13150.8
0 0 1 0 0 1 0 0 0 0 0 4.73305e-09 -0 0 0 -0 0 0 0 0 0 0 0 0 0 0 0 0 0 1 13150.8 13150.8 13150.8 13150.8
0 0 1 0 0 1 0 0 0 0 0 2.72078e-09 -0 0 0 -0 0 0 0 0 0 0 0 0 0 0 0 0 0 1 13150.8 13150.8 13150.8 13150.8
0 0 1 0 0 1 0 0 0 0 0 4.84275e-10 -0 0 0 -0 0 0 0 0 0 0 0 0 0 0 0 0 0 1 13150.8 13150.8 13150.8 13150.8
0 0 1 0 0 1 0 0 0 0 0 5.4275e-09 -0 0 0 -0 0 0 0 0 0 0 0 0 0 0 0 0 0 1 13150.8 13150.8 13150.8 13150.8
0 0 1 0 0 1 0 0 0 0 0 1.04867e-08 -0 0 0 -0 0 0 0 0 0 0 0 0 0 0 0 0 0 1 13150.8 13150.8 13150.8 13150.8
0 0 1 0 0 1 0 0 0 0 0 8.27381e-09 -0 0 0 -0 0 0 0 0 0 0 0 0 0 0 0 0 0 1 13150.8 13150.8 13150.8 13150.8
0 0 1 0 0 1 0 0 0 0 0 6.00931e-09 -0 0 0 -0 0 0 0 0 0 0 0 0 0 0 0 0 0 1 13150.8 13150.8 13150.8 13150.8
0 0 1 0 0 1 0 0 0 0 0 3.89373e-09 -0 0 0 -0 0 0 0 0 0 0 0 0 0 0 0 0 0 1 13150.8 13150.8 13150.8 13150.8
0 0 1 0 0 1 0 0 0 0 0 1.74806e-09 -0 0 0 -0 0 0 0 0 0 0 0 0 0 0 0 0 0 1 13150.8 13150.8 13150.8 13150.8
0 0 1 0 0 1 0 0 0 0 0 -4.82806e-10 -0 0 0 -0 0 0 0 0 0 0 0 0 0 0 0 0 0 1 13150.8 13150.8 13150.8 13150.8
0 0 1 0 0 1 0 0 0 0 0 4.71429e-09 -0 0 0 -0 0 0 0 0 0 0 0 0 0 0 0 0 0 1 13150.8 13150.8 13150.8 13150.8
0 0 1 0 0 1 0 0 0 0 0 9.51829e-09 -0 0 0 -0 0 0 0 0 0 0 0 0 0 0 0 0 0 1 13150.8 13150.8 13150.8 13150.8
0 0 1 0 0 1 0 0 0 0 0 7.30393e-09 -0 0 0 -0 0 0 0 0 0 0 0 0 0 0 0 0 0 1 13150.8 13150.8 13150.8 13150.8
0 0 1 0 0 1 0 0 0 0 0 5.04797e-09 -0 0 0 -0 0 0 0 0 0 0 0 0 0 0 0 0 0 1 13150.8 13150.8 13150.8 13150.8
0 0 1 0 0 1 0 0 0 0 0 2.81908e-09 -0 0 0 -0 0 0 0 0 0 0 0 0 0 0 0 0 0 1 13150.8 13150.8 13150.8 13150.8
0 0 1 0 0 1 0 0 0 0 0 5.8771e-10 -0 0 0 -0 0 0 0 0 0 0 0 0 0 0 0 0 0 1 13150.8 13150.8 13150.8 13150.8
0 0 1 0 0 1 0 0 0 0 0 5.28856e-09 -0 0 0 -0 0 0 0 0 0 0 0 0 0 0 0 0 0 1 13150.8 13150.8 13150.8 13150.8
0 0 1 0 0 1 0 0 0 0 0 1.05945e-08 -0 0 0 -0 0 0 0 0 0 0 0 0 0 0 0 0 0 1 13150.8 13150.8 13150.8 13150.8
0 0 1 0 0 1 0 0 0 0 0 8.33181e-09 -0 0 0 -0 0 0 0 0 0 0 0 0 0 0 0 0 0 1 13150.8 13150.8 13150.8 13150.8
0 0 1 0 0 1 0 0 0 0 0 6.12985e-09 -0 0 0 -0 0 0 0 0 0 0 0 0 0 0 0 0 0 1 13150.8 13150.8 13150.8 13150.8
0 0 1 0 0 1 0 0 0 0 0 4.07798e-09 -0 0 0 -0 0 0 0 0 0 0 0 0 0 0 0 0 0 1 13150.8 13150.8 13150.8 13150.8
0 0 1 0 0 1 0 0 0 0 0 1.84422e-09 -0 0 0 -0 0 0 0 0 0 0 0 0 0 0 0 0 0 1 13150.8 13150.8 13150.8 13150.8
0 0 1 0 0 1 0 0 0 0 0 -3.89324e-10 -0 0 0 -0 0 0 0 0 0 0 0 0 0 0 0 0 0 1 13150.8 13150.8 13150.8 13150.8
0 0 1 0 0 1 0 0 0 0 0 4.86324e-09 -0 0 0 -0 0 0 0 0 0 0 0 0 0 0 0 0 0 1 13150.8 13150.8 13150.8 13150.8
0 0 1 0 0 1 0 0 0 0 0 9.602e-09 -0 0 0 -0 0 0 0 0 0 0 0 0 0 0 0 0 0 1 13150.8 13150.8 13150.8 13150.8
0 0 1 0 0 1 0 0 0 0 0 7.37992e-09 -0 0 0 -0 0 0 0 0 0 0 0 0 0 0 0 0 0 1 13150.8 13150.8 13150.8 13150.8
0 0 1 0 0 1 0 0 0 0 0 5.12816e-09 -0 0 0 -0 0 0 0 0 0 0 0 0 0 0 0 0 0 1 13150.8 13150.8 13150.8 13150.8
0 0 1 0 0 1 0 0 0 0 0 3.00176e-09 -0 0 0 -0 0 0 0 0 0 0 0 0 0 0 0 0 0 1 13150.8 13150.8 13150.8 13150.8
0 0 1 0 0 1 0 0 0 0 0 8.46917e-10 -0 0 0 -0 0 0 0 0 0 0 0 0 0 0 0 0 0 1 13150.8 13150.8 13150.8 13150.8
0 0 1 0 0 1 0 0 0 0 0 -1.38984e-09 -0 0 0 -0 0 0 0 0 0 0 0 0 0 0 0 0 0 1 13150.8 13150.8 13150.8 13150.8
0 0 1 0 0 1 0 0 0 0 0 3.8015e-09 -0 0 0 -0 0 0 0 0 0 0 0 0 0 0 0 0 0 1 13150.8 13150.8 13150.8 13150.8
0 0 1 0 0 1 0 0 0 0 0 9.01937e-09 -0 0 0 -0 0 0 0 0 0 0 0 0 0 0 0 0 0 1 13150.8 13150.8 13150.8 13150.8
0 0 1 0 0 1 0 0 0 0 0 6.97457e-09 -0 0 0 -0 0 0 0 0 0 0 0 0 0 0 0 0 0 1 13150.8 13150.8 13150.8 13150.8
0 0 1 0 0 1 0 0 0 0 0 4.74415e-09 -0 0 0 -0 0 0 0 0 0 0 0 0 0 0 0 0 0 1 13150.8 13150.8 13150.8 13150.8
0 0 1 0 0 1 0 0 0 0 0 2.44313e-09 -0 0 0 -0 0 0 0 0 0 0 0 0 0 0 0 0 0 1 13150.8 13150.8 13150.8 13150.8
0 0 1 0 0 1 0 0 0 0 0 3.47308e-10 -0 0 0 -0 0 0 0 0 0 0 0 0 0 0 0 0 0 1 13150.8 13150.8 13150.8 13150.8
0 0 1 0 0 1 0 0 0 0 0 -1.78712e-09 -0 0 0 -0 0 0 0 0 0 0 0 0 0 0 0 0 0 1 13150.8 13150.8 13150.8 13150.8
0 0 1 0 0 1 0 0 0 0 0 3.40288e-09 -0 0 0 -0 0 0 0 0 0 0 0 0 0 0 0 0 0 1 13150.8 13150.8 13150.8 13150.8
0 0 1 0 0 1 0 0 0 0 0 8.70164e-09 -0 0 0 -0 0 0 0 0 0 0 0 0 0 0 0 0 0 1 13150.8 13150.8 13150.8 13150.8
0 0 1 0 0 1 0 0 0 0 0 6.57144e-09 -0 0 0 -0 0 0 0 0 0 0 0 0 0 0 0 0 0 1 13150.8 13150.8 13150.8 13150.8
0 0 1 0 0 1 0 0 0 0 0 4.44799e-09 -0 0 0 -0 0 0 0 0 0 0 0 0 0 0 0 0 0 1 13150.8 13150.8 13150.8 13150.8
0 0 1 0 0 1 0 0 0 0 0 2.20759e-09 -0 0 0 -0 0 0 0 0 0 0 0 0 0 0 0 0 0 1 13150.8 13150.8 13150.8 13150.8
0 0 1 0 0 1 0 0 0 0 0 -1.05484e-11 -0 0 0 -0 0 0 0 0 0 0 0 0 0 0 0 0 0 1 13150.8 13150.8 13150.8 13150.8
0 0 1 0 0 1 0 0 0 0 0 -2.14575e-09 -0 0 0 -0 0 0 0 0 0 0 0 0 0 0 0 0 0 1 13150.8 13150.8 13150.8 13150.8
0 0 1 0 0 1 0 0 0 0 0 2.94125e-09 -0 0 0 -0 0 0 0 0 0 0 0 0 0 0 0 0 0 1 13150.8 13150.8 13150.8 13150.8
0 0 1 0 0 1 0 0 0 0 0 8.08029e-09 -0 0 0 -0 0 0 0 0 0 0 0 0 0 0 0 0 0 1 13150.8 13150.8 13150.8 13150.8
0 0 1 0 0 1 0 0 0 0 0 5.84208e-09 -0 0 0 -0 0 0 0 0 0 0 0 0 0 0 0 0 0 1 13150.8 13150.8 13150.8 13150.8
0 0 1 0 0 1 0 0 0 0 0 3.68008e-09 -0 0 0 -0 0 0 0 0 0 0 0 0 0 0 0 0 0 1 13150.8 13150.8 13150.8 13150.8
0 0 1 0 0 1 0 0 0 0 0 1.54395e-09 -0 0 0 -0 0 0 0 0 0 0 0 0 0 0 0 0 0 1 13150.8 13150.8 13150.8 13150.8
0 0 1 0 0 1 0 0 0 0 0 -6.75548e-10 -0 0 0 -0 0 0 0 0 0 0 0 0 0 0 0 0 0 1 13150.8 13150.8 13150.8 13150.8
0 0 1 0 0 1 0 0 0 0 0 4.5558e-09 -0 0 0 -0 0 0 0 0 0 0 0 0 0 0 0 0 0 1 13150.8 13150.8 13150.8 13150.8
0 0 1 0 0 1 0 0 0 0 0 9.74716e-09 -0 0 0 -0 0 0 0 0 0 0 0 0 0 0 0 0 0 1 13150.8 13150.8 13150.8 13150.8
0 0 1 0 0 1 0 0 0 0 0 7.68992e-09 -0 0 0 -0 0 0 0 0 0 0 0 0 0 0 0 0 0 1 13150.8 13150.8 13150.8 13150.8
0 0 1 0 0 1 0 0 0 0 0 5.46339e-09 -0 0 0 -0 0 0 0 0 0 0 0 0 0 0 0 0 0 1 13150.8 13150.8 13150.8 13150.8
0 0 1 0 0 1 0 0 0 0 0 3.22222e-09 -0 0 0 -0 0 0 0 0 0 0 0 0 0 0 0 0 0 1 13150.8 13150.8 13150.8 13150.8
0 0 1 0 0 1 0 0 0 0 0 1.09686e-09 -0 0 0 -0 0 0 0 0 0 0 0 0 0 0 0 0 0 1 13150.8 13150.8 13150.8 13150.8
0 0 1 0 0 1 0 0 0 0 0 -1.07173e-09 -0 0 0 -0 0 0 0 0 0 0 0 0 0 0 0 0 0 1 13150.8 13150.8 13150.8 13150.8
0 0 1 0 0 1 0 0 0 0 0 4.08644e-09 -0 0 0 -0 0 0 0 0 0 0 0 0 0 0 0 0 0 1 13150.8 13150.8 13150.8 13150.8
0 0 1 0 0 1 0 0 0 0 0 9.3105e-09 -0 0 0 -0 0 0 0 0 0 0 0 0 0 0 0 0 0 1 13150.8 13150.8 13150.8 13150.8
0 0 1 0 0 1 0 0 0 0 0 7.06914e-09 -0 0 0 -0 0 0 0 0 0 0 0 0 0 0 0 0 0 1 13150.8 13150.8 13150.8 13150.8
0 0 1 0 0 1 0 0 0 0 0 5.03092e-09 -0 0 0 -0 0 0 0 0 0 0 0 0 0 0 0 0 0 1 13150.8 13150.8 13150.8 13150.8
0 0 1 0 0 1 0 0 0 0 0 2.78409e-09 -0 0 0 -0 0 0 0 0 0 0 0 0 0 0 0 0 0 1 13150.8 13150.8 13150.8 13150.8
0 0 1 0 0 1 0 0 0 0 0 5.56823e-10 -0 0 0 -0 0 0 0 0 0 0 0 0 0 0 0 0 0 1 13150.8 13150.8 13150.8 13150.8
0 0 1 0 0 1 0 0 0 0 0 -1.57279e-09 -0 0 0 -0 0 0 0 0 0 0 0 0 0 0 0 0 0 1 13150.8 13150.8 13150.8 13150.8
0 0 1 0 0 1 0 0 0 0 0 3.53021e-09 -0 0 0 -0 0 0 0 0 0 0 0 0 0 0 0 0 0 1 13150.8 13150.8 13150.8 13150.8
0 0 1 0 0 1 0 0 0 0 0 8.67723e-09 -0 0 0 -0 0 0 0 0 0 0 0 0 0 0 0 0 0 1 13150.8 13150.8 13150.8 13150.8
0 0 1 0 0 1 0 0 0 0 0 6.4433e-09 -0 0 0 -0 0 0 0 0 0 0 0 0 0 0 0 0 0 1 13150.8 13150.8 13150.8 13150.8
0 0 1 0 0 1 0 0 0 0 0 4.21092e-09 -0 0 0 -0 0 0 0 0 0 0 0 0 0 0 0 0 0 1 13150.8 13150.8 13150.8 13150.8
0 0 1 0 0 1 0 0 0 0 0 2.1587e-09 -0 0 0 -0 0 0 0 0 0 0 0 0 0 0 0 0 0 1 13150.8 13150.8 13150.8 13150.8
0 0 1 0 0 1 0 0 0 0 0 -7.81742e-11 -0 0 0 -0 0 0 0 0 0 0 0 0 0 0 0 0 0 1 13150.8 13150.8 13150.8 13150.8
0 0 1 0 0 1 0 0 0 0 0 -2.32869e-09 -0 0 0 -0 0 0 0 0 0 0 0 0 0 0 0 0 0 1 13150.8 13150.8 13150.8 13150.8
0 0 1 0 0 1 0 0 0 0 0 2.63158e-09 -0 0 0 -0 0 0 0 0 0 0 0 0 0 0 0 0 0 1 13150.8 13150.8 13150.8 13150.8
0 0 1 0 0 1 0 0 0 0 0 7.62625e-09 -0 0 0 -0 0 0 0 0 0 0 0 0 0 0 0 0 0 1 13150.8 13150.8 13150.8 13150.8
0 0 1 0 0 1 0 0 0 0 0 5.39764e-09 -0 0 0 -0 0 0 0 0 0 0 0 0 0 0 0 0 0 1 13150.8 13150.8 13150.8 13150.8
0 0 1 0 0 1 0 0 0 0 0 3.16619e-09 -0 0 0 -0 0 0 0 0 0 0 0 0 0 0 0 0 0 1 13150.8 13150.8 13150.8 13150.8
0 0 1 0 0 1 0 0 0 0 0 1.01499e-09 -0 0 0 -0 0 0 0 0 0 0 0 0 0 0 0 0 0 1 13150.8 13150.8 13150.8 13150.8
0 0 1 0 0 1 0 0 0 0 0 -1.12085e-09 -0 0 0 -0 0 0 0 0 0 0 0 0 0 0 0 0 0 1 13150.8 13150.8 13150.8 13150.8
0 0 1 0 0 1 0 0 0 0 0 -3.34957e-09 -0 0 0 -0 0 0 0 0 0 0 0 0 0 0 0 0 0 1 13150.8 13150.8 13150.8 13150.8
0 0 1 0 0 1 0 0 0 0 0 1.90033e-09 -0 0 0 -0 0 0 0 0 0 0 0 0 0 0 0 0 0 1 13150.8 13150.8 13150.8 13150.8
0 0 1 0 0 1 0 0 0 0 0 6.83555e-09 -0 0 0 -0 0 0 0 0 0 0 0 0 0 0 0 0 0 1 13150.8 13150.8 13150.8 13150.8
0 0 1 0 0 1 0 0 0 0 0 4.68269e-09 -0 0 0 -0 0 0 0 0 0 0 0 0 0 0 0 0 0 1 13150.8 13150.8 13150.8 13150.8
0 0 1 0 0 1 0 0 0 0 0 2.43189e-09 -0 0 0 -0 0 0 0 0 0 0 0 0 0 0 0 0 0 1 13150.8 13150.8 13150.8 13150.8
0 0 1 0 0 1 0 0 0 0 0 2.0294e-10 -0 0 0 -0 0 0 0 0 0 0 0 0 0 0 0 0 0 1 13150.8 13150.8 13150.8 13150.8
0 0 1 0 0 1 0 0 0 0 0 -2.2289e-09 -0 0 0 -0 0 0 0 0 0 0 0 0 0 0 0 0 0 1 13150.8 13150.8 13150.8 13150.8
0 0 1 0 0 1 0 0 0 0 0 2.07704e-09 -0 0 0 -0 0 0 0 0 0 0 0 0 0 0 0 0 0 1 13150.8 13150.8 13150.8 13150.8
0 0 1 0 0 1 0 0 0 0 0 7.27863e-09 -0 0 0 -0 0 0 0 0 0 0 0 0 0 0 0 0 0 1 13150.8 13150.8 13150.8 13150.8
0 0 1 0 0 1 0 0 0 0 0 5.04366e-09 -0 0 0 -0 0 0 0 0 0 0 0 0 0 0 0 0 0 1 13150.8 13150.8 13150.8 13150.8
0 0 1 0 0 1 0 0 0 0 0 2.90455e-09 -0 0 0 -0 0 0 0 0 0 0 0 0 0 0 0 0 0 1 13150.8 13150.8 13150.8 13150.8
0 0 1 0 0 1 0 0 0 0 0 7.50417e-10 -0 0 0 -0 0 0 0 0 0 0 0 0 0 0 0 0 0 1 13150.8 13150.8 13150.8 13150.8
0 0 1 0 0 1 0 0 0 0 0 -1.49216e-09 -0 0 0 -0 0 0 0 0 0 0 0 0 0 0 0 0 0 1 13150.8 13150.8 13150.8 13150.8
0 0 1 0 0 1 0 0 0 0 0 -3.72444e-09 -0 0 0 -0 0 0 0 0 0 0 0 0 0 0 0 0 0 1 13150.8 13150.8 13150.8 13150.8
0 0 1 0 0 1 0 0 0 0 0 1.22703e-09 -0 0 0 -0 0 0 0 0 0 0 0 0 0 0 0 0 0 1 13150.8 13150.8 13150.8 13150.8
0 0 1 0 0 1 0 0 0 0 0 6.2976e-09 -0 0 0 -0 0 0 0 0 0 0 0 0 0 0 0 0 0 1 13150.8 13150.8 13150.8 13150.8
0 0 1 0 0 1 0 0 0 0 0 4.07419e-09 -0 0 0 -0 0 0 0 0 0 0 0 0 0 0 0 0 0 1 13150.8 13150.8 13150.8 13150.8
0 0 1 0 0 1 0 0 0 0 0 1.71558e-09 -0 0 0 -0 0 0 0 0 0 0 0 0 0 0 0 0 0 1 13150.8 13150.8 13150.8 13150.8
0 0 1 0 0 1 0 0 0 0 0 -3.67921e-10 -0 0 0 -0 0 0 0 0 0 0 0 0 0 0 0 0 0 1 13150.8 13150.8 13150.8 13150.8
0 0 1 0 0 1 0 0 0 0 0 -2.43274e-09 -0 0 0 -0 0 0 0 0 0 0 0 0 0 0 0 0 0 1 13150.8 13150.8 13150.8 13150.8
0 0 1 0 0 1 0 0 0 0 0 2.77376e-09 -0 0 0 -0 0 0 0 0 0 0 0 0 0 0 0 0 0 1 13150.8 13150.8 13150.8 13150.8
0 0 1 0 0 1 0 0 0 0 0 8.02085e-09 -0 0 0 -0 0 0 0 0 0 0 0 0 0 0 0 0 0 1 13150.8 13150.8 13150.8 13150.8
0 0 1 0 0 1 0 0 0 0 0 5.87523e-09 -0 0 0 -0 0 0 0 0 0 0 0 0 0 0 0 0 0 1 13150.8 13150.8 13150.8 13150.8
0 0 1 0 0 1 0 0 0 0 0 3.73642e-09 -0 0 0 -0 0 0 0 0 0 0 0 0 0 0 0 0 0 1 13150.8 13150.8 13150.8 13150.8
0 0 1 0 0 1 0 0 0 0 0 1.51761e-09 -0 0 0 -0 0 0 0 0 0 0 0 0 0 0 0 0 0 1 13150.8 13150.8 13150.8 13150.8
0 0 1 0 0 1 0 0 0 0 0 -7.25152e-10 -0 0 0 -0 0 0 0 0 0 0 0 0 0 0 0 0 0 1 13150.8 13150.8 13150.8 13150.8
0 0 1 0 0 1 0 0 0 0 0 -2.89286e-09 -0 0 0 -0 0 0 0 0 0 0 0 0 0 0 0 0 0 1 13150.8 13150.8 13150.8 13150.8
0 0 1 0 0 1 0 0 0 0 0 2.66457e-09 -0 0 0 -0 0 0 0 0 0 0 0 0 0 0 0 0 0 1 13150.8 13150.8 13150.8 13150.8
0 0 1 0 0 1 0 0 0 0 0 7.24579e-09 -0 0 0 -0 0 0 0 0 0 0 0 0 0 0 0 0 0 1 13150.8 13150.8 13150.8 13150.8
0 0 1 0 0 1 0 0 0 0 0 5.01807e-09 -0 0 0 -0 0 0 0 0 0 0 0 0 0 0 0 0 0 1 13150.8 13150.8 13150.8 13150.8
0 0 1 0 0 1 0 0 0 0 0 2.88954e-09 -0 0 0 -0 0 0 0 0 0 0 0 0 0 0 0 0 0 1 13150.8 13150.8 13150.8 13150.8
0 0 1 0 0 1 0 0 0 0 0 7.32623e-10 -0 0 0 -0 0 0 0 0 0 0 0 0 0 0 0 0 0 1 13150.8 13150.8 13150.8 13150.8
0 0 1 0 0 1 0 0 0 0 0 -1.49326e-09 -0 0 0 -0 0 0 0 0 0 0 0 0 0 0 0 0 0 1 13150.8 13150.8 13150.8 13150.8
0 0 1 0 0 1 0 0 0 0 0 -3.73587e-09 -0 0 0 -0 0 0 0 0 0 0 0 0 0 0 0 0 0 1 13150.8 13150.8 13150.8 13150.8
0 0 1 0 0 1 0 0 0 0 0 1.21987e-09 -0 0 0 -0 0 0 0 0 0 0 0 0 0 0 0 0 0 1 13150.8 13150.8 13150.8 13150.8
0 0 1 0 0 1 0 0 0 0 0 6.57481e-09 -0 0 0 -0 0 0 0 0 0 0 0 0 0 0 0 0 0 1 13150.8 13150.8 13150.8 13150.8
0 0 1 0 0 1 0 0 0 0 0 4.48663e-09 -0 0 0 -0 0 0 0 0 0 0 0 0 0 0 0 0 0 1 13150.8 13150.8 13150.8 13150.8
0 0 1 0 0 1 0 0 0 0 0 2.21608e-09 -0 0 0 -0 0 0 0 0 0 0 0 0 0 0 0 0 0 1 13150.8 13150.8 13150.8 13150.8
0 0 1 0 0 1 0 0 0 0 0 9.3842e-11 -0 0 0 -0 0 0 0 0 0 0 0 0 0 0 0 0 0 1 13150.8 13150.8 13150.8 13150.8
0 0 1 0 0 1 0 0 0 0 0 -2.04952e-09 -0 0 0 -0 0 0 0 0 0 0 0 0 0 0 0 0 0 1 13150.8 13150.8 13150.8 13150.8
0 0 1 0 0 1 0 0 0 0 0 3.14596e-09 -0 0 0 -0 0 0 0 0 0 0 0 0 0 0 0 0 0 1 13150.8 13150.8 13150.8 13150.8
0 0 1 0 0 1 0 0 0 0 0 8.3607e-09 -0 0 0 -0 0 0 0 0 0 0 0 0 0 0 0 0 0 1 13150.8 13150.8 13150.8 13150.8
0 0 1 0 0 1 0 0 0 0 0 6.22838e-09 -0 0 0 -0 0 0 0 0 0 0 0 0 0 0 0 0 0 1 13150.8 13150.8 13150.8 13150.8
0 0 1 0 0 1 0 0 0 0 0 4.07492e-09 -0 0 0 -0 0 0 0 0 0 0 0 0 0 0 0 0 0 1 13150.8 13150.8 13150.8 13150.8
0 0 1 0 0 1 0 0 0 0 0 1.84017e-09 -0 0 0 -0 0 0 0 0 0 0 0 0 0 0 0 0 0 1 13150.8 13150.8 13150.8 13150.8
0 0 1 0 0 1 0 0 0 0 0 -3.9842e-10 -0 0 0 -0 0 0 0 0 0 0 0 0 0 0 0 0 0 1 13150.8 13150.8 13150.8 13150.8
0 0 1 0 0 1 0 0 0 0 0 -2.64213e-09 -0 0 0 -0 0 0 0 0 0 0 0 0 0 0 0 0 0 1 13150.8 13150.8 13150.8 13150.8
0 0 1 0 0 1 0 0 0 0 0 2.09448e-09 -0 0 0 -0 0 0 0 0 0 0 0 0 0 0 0 0 0 1 13150.8 13150.8 13150.8 13150.8
0 0 1 0 0 1 0 0 0 0 0 7.3689e-09 -0 0 0 -0 0 0 0 0 0 0 0 0 0 0 0 0 0 1 13150.8 13150.8 13150.8 13150.8
0 0 1 0 0 1 0 0 0 0 0 5.14947e-09 -0 0 0 -0 0 0 0 0 0 0 0 0 0 0 0 0 0 1 13150.8 13150.8 13150.8 13150.8
0 0 1 0 0 1 0 0 0 0 0 2.92484e-09 -0 0 0 -0 0 0 0 0 0 0 0 0 0 0 0 0 0 1 13150.8 13150.8 13150.8 13150.8
0 0 1 0 0 1 0 0 0 0 0 8.87245e-10 -0 0 0 -0 0 0 0 0 0 0 0 0 0 0 0 0 0 1 13150.8 13150.8 13150.8 13150.8
0 0 1 0 0 1 0 0 0 0 0 -1.39098e-09 -0 0 0 -0 0 0 0 0 0 0 0 0 0 0 0 0 0 1 13150.8 13150.8 13150.8 13150.8
0 0 1 0 0 1 0 0 0 0 0 -3.61022e-09 -0 0 0 -0 0 0 0 0 0 0 0 0 0 0 0 0 0 1 13150.8 13150.8 13150.8 13150.8
0 0 1 0 0 1 0 0 0 0 0 1.54824e-09 -0 0 0 -0 0 0 0 0 0 0 0 0 0 0 0 0 0 1 13150.8 13150.8 13150.8 13150.8
0 0 1 0 0 1 0 0 0 0 0 6.31711e-09 -0 0 0 -0 0 0 0 0 0 0 0 0 0 0 0 0 0 1 13150.8 13150.8 13150.8 13150.8
0 0 1 0 0 1 0 0 0 0 0 1.82148e-09 -0 0 0 -0 0 0 0 0 0 0 0 0 0 0 0 0 0 1 13150.8 13150.8 13150.8 13150.8
0 0 1 0 0 1 0 0 0 0 0 1.82148e-09 -0 0 0 -0 0 0 0 0 0 0 0 0 0 0 0 0 0 1 13150.8 13150.8 13150.8 13150.8
0 0 1 0 0 1 0 0 0 0 0 -4.01688e-10 -0 0 0 -0 0 0 0 0 0 0 0 0 0 0 0 0 0 1 13150.8 13150.8 13150.8 13150.8
0 0 1 0 0 1 0 0 0 0 0 -2.44469e-09 -0 0 0 -0 0 0 0 0 0 0 0 0 0 0 0 0 0 1 13150.8 13150.8 13150.8 13150.8
0 0 1 0 0 1 0 0 0 0 0 2.74957e-09 -0 0 0 -0 0 0 0 0 0 0 0 0 0 0 0 0 0 1 13150.8 13150.8 13150.8 13150.8
0 0 1 0 0 1 0 0 0 0 0 7.96625e-09 -0 0 0 -0 0 0 0 0 0 0 0 0 0 0 0 0 0 1 13150.8 13150.8 13150.8 13150.8
0 0 1 0 0 1 0 0 0 0 0 5.73293e-09 -0 0 0 -0 0 0 0 0 0 0 0 0 0 0 0 0 0 1 13150.8 13150.8 13150.8 13150.8
0 0 1 0 0 1 0 0 0 0 0 3.68585e-09 -0 0 0 -0 0 0 0 0 0 0 0 0 0 0 0 0 0 1 13150.8 13150.8 13150.8 13150.8
0 0 1 0 0 1 0 0 0 0 0 1.45194e-09 -0 0 0 -0 0 0 0 0 0 0 0 0 0 0 0 0 0 1 13150.8 13150.8 13150.8 13150.8
0 0 1 0 0 1 0 0 0 0 0 -7.9099e-10 -0 0 0 -0 0 0 0 0 0 0 0 0 0 0 0 0 0 1 13150.8 13150.8 13150.8 13150.8
0 0 1 0 0 1 0 0 0 0 0 -3.02634e-09 -0 0 0 -0 0 0 0 0 0 0 0 0 0 0 0 0 0 1 13150.8 13150.8 13150.8 13150.8
0 0 1 0 0 1 0 0 0 0 0 1.72947e-09 -0 0 0 -0 0 0 0 0 0 0 0 0 0 0 0 0 0 1 13150.8 13150.8 13150.8 13150.8
0 0 1 0 0 1 0 0 0 0 0 6.93945e-09 -0 0 0 -0 0 0 0 0 0 0 0 0 0 0 0 0 0 1 13150.8 13150.8 13150.8 13150.8
0 0 1 0 0 1 0 0 0 0 0 4.70654e-09 -0 0 0 -0 0 0 0 0 0 0 0 0 0 0 0 0 0 1 13150.8 13150.8 13150.8 13150.8
0 0 1 0 0 1 0 0 0 0 0 2.57612e-09 -0 0 0 -0 0 0 0 0 0 0 0 0 0 0 0 0 0 1 13150.8 13150.8 13150.8 13150.8
0 0 1 0 0 1 0 0 0 0 0 4.24231e-10 -0 0 0 -0 0 0 0 0 0 0 0 0 0 0 0 0 0 1 13150.8 13150.8 13150.8 13150.8
0 0 1 0 0 1 0 0 0 0 0 -1.81998e-09 -0 0 0 -0 0 0 0 0 0 0 0 0 0 0 0 0 0 1 13150.8 13150.8 13150.8 13150.8
0 0 1 0 0 1 0 0 0 0 0 -4.05823e-09 -0 0 0 -0 0 0 0 0 0 0 0 0 0 0 0 0 0 1 13150.8 13150.8 13150.8 13150.8
0 0 1 0 0 1 0 0 0 0 0 1.1397e-09 -0 0 0 -0 0 0 0 0 0 0 0 0 0 0 0 0 0 1 13150.8 13150.8 13150.8 13150.8
0 0 1 0 0 1 0 0 0 0 0 5.93688e-09 -0 0 0 -0 0 0 0 0 0 0 0 0 0 0 0 0 0 1 13150.8 13150.8 13150.8 13150.8
0 0 1 0 0 1 0 0 0 0 0 3.70802e-09 -0 0 0 -0 0 0 0 0 0 0 0 0 0 0 0 0 0 1 13150.8 13150.8 13150.8 13150.8
0 0 1 0 0 1 0 0 0 0 0 1.47626e-09 -0 0 0 -0 0 0 0 0 0 0 0 0 0 0 0 0 0 1 13150.8 13150.8 13150.8 13150.8
0 0 1 0 0 1 0 0 0 0 0 -7.65322e-10 -0 0 0 -0 0 0 0 0 0 0 0 0 0 0 0 0 0 1 13150.8 13150.8 13150.8 13150.8
0 0 1 0 0 1 0 0 0 0 0 -2.80616e-09 -0 0 0 -0 0 0 0 0 0 0 0 0 0 0 0 0 0 1 13150.8 13150.8 13150.8 13150.8
0 0 1 0 0 1 0 0 0 0 0 2.2837e-09 -0 0 0 -0 0 0 0 0 0 0 0 0 0 0 0 0 0 1 13150.8 13150.8 13150.8 13150.8
0 0 1 0 0 1 0 0 0 0 0 7.60735e-09 -0 0 0 -0 0 0 0 0 0 0 0 0 0 0 0 0 0 1 13150.8 13150.8 13150.8 13150.8
0 0 1 0 0 1 0 0 0 0 0 5.36263e-09 -0 0 0 -0 0 0 0 0 0 0 0 0 0 0 0 0 0 1 13150.8 13150.8 13150.8 13150.8
0 0 1 0 0 1 0 0 0 0 0 3.35175e-09 -0 0 0 -0 0 0 0 0 0 0 0 0 0 0 0 0 0 1 13150.8 13150.8 13150.8 13150.8
0 0 1 0 0 1 0 0 0 0 0 1.08435e-09 -0 0 0 -0 0 0 0 0 0 0 0 0 0 0 0 0 0 1 13150.8 13150.8 13150.8 13150.8
0 0 1 0 0 1 0 0 0 0 0 -1.15431e-09 -0 0 0 -0 0 0 0 0 0 0 0 0 0 0 0 0 0 1 13150.8 13150.8 13150.8 13150.8
0 0 1 0 0 1 0 0 0 0 0 -3.38785e-09 -0 0 0 -0 0 0 0 0 0 0 0 0 0 0 0 0 0 1 13150.8 13150.8 13150.8 13150.8
0 0 1 0 0 1 0 0 0 0 0 1.38284e-09 -0 0 0 -0 0 0 0 0 0 0 0 0 0 0 0 0 0 1 13150.8 13150.8 13150.8 13150.8
0 0 1 0 0 1 0 0 0 0 0 6.58108e-09 -0 0 0 -0 0 0 0 0 0 0 0 0 0 0 0 0 0 1 13150.8 13150.8 13150.8 13150.8
0 0 1 0 0 1 0 0 0 0 0 3.9192e-09 -0 0 0 -0 0 0 0 0 0 0 0 0 0 0 0 0 0 1 13150.8 13150.8 13150.8 13150.8
0 0 1 0 0 1 0 0 0 0 0 2.20182e-09 -0 0 0 -0 0 0 0 0 0 0 0 0 0 0 0 0 0 1 13150.8 13150.8 13150.8 13150.8
0 0 1 0 0 1 0 0 0 0 0 5.9151e-11 -0 0 0 -0 0 0 0 0 0 0 0 0 0 0 0 0 0 1 13150.8 13150.8 13150.8 13150.8
0 0 1 0 0 1 0 0 0 0 0 -2.18989e-09 -0 0 0 -0 0 0 0 0 0 0 0 0 0 0 0 0 0 1 13150.8 13150.8 13150.8 13150.8
0 0 1 0 0 1 0 0 0 0 0 -4.42085e-09 -0 0 0 -0 0 0 0 0 0 0 0 0 0 0 0 0 0 1 13150.8 13150.8 13150.8 13150.8
0 0 1 0 0 1 0 0 0 0 0 7.93773e-10 -0 0 0 -0 0 0 0 0 0 0 0 0 0 0 0 0 0 1 13150.8 13150.8 13150.8 13150.8
0 0 1 0 0 1 0 0 0 0 0 5.66078e-09 -0 0 0 -0 0 0 0 0 0 0 0 0 0 0 0 0 0 1 13150.8 13150.8 13150.8 13150.8
0 0 1 0 0 1 0 0 0 0 0 3.46649e-09 -0 0 0 -0 0 0 0 0 0 0 0 0 0 0 0 0 0 1 13150.8 13150.8 13150.8 13150.8
0 0 1 0 0 1 0 0 0 0 0 1.22923e-09 -0 0 0 -0 0 0 0 0 0 0 0 0 0 0 0 0 0 1 13150.8 13150.8 13150.8 13150.8
0 0 1 0 0 1 0 0 0 0 0 -1.01373e-09 -0 0 0 -0 0 0 0 0 0 0 0 0 0 0 0 0 0 1 13150.8 13150.8 13150.8 13150.8
0 0 1 0 0 1 0 0 0 0 0 -3.05122e-09 -0 0 0 -0 0 0 0 0 0 0 0 0 0 0 0 0 0 1 13150.8 13150.8 13150.8 13150.8
0 0 1 0 0 1 0 0 0 0 0 2.00732e-09 -0 0 0 -0 0 0 0 0 0 0 0 0 0 0 0 0 0 1 13150.8 13150.8 13150.8 13150.8
0 0 1 0 0 1 0 0 0 0 0 7.45605e-09 -0 0 0 -0 0 0 0 0 0 0 0 0 0 0 0 0 0 1 13150.8 13150.8 13150.8 13150.8
0 0 1 0 0 1 0 0 0 0 0 5.24514e-09 -0 0 0 -0 0 0 0 0 0 0 0 0 0 0 0 0 0 1 13150.8 13150.8 13150.8 13150.8
0 0 1 0 0 1 0 0 0 0 0 3.20538e-09 -0 0 0 -0 0 0 0 0 0 0 0 0 0 0 0 0 0 1 13150.8 13150.8 13150.8 13150.8
0 0 1 0 0 1 0 0 0 0 0 9.70966e-10 -0 0 0 -0 0 0 0 0 0 0 0 0 0 0 0 0 0 1 13150.8 13150.8 13150.8 13150.8
0 0 1 0 0 1 0 0 0 0 0 -1.26432e-09 -0 0 0 -0 0 0 0 0 0 0 0 0 0 0 0 0 0 1 13150.8 13150.8 13150.8 13150.8
0 0 1 0 0 1 0 0 0 0 0 -3.49842e-09 -0 0 0 -0 0 0 0 0 0 0 0 0 0 0 0 0 0 1 13150.8 13150.8 13150.8 13150.8
0 0 1 0 0 1 0 0 0 0 0 1.28013e-09 -0 0 0 -0 0 0 0 0 0 0 0 0 0 0 0 0 0 1 13150.8 13150.8 13150.8 13150.8
0 0 1 0 0 1 0 0 0 0 0 6.47256e-09 -0 0 0 -0 0 0 0 0 0 0 0 0 0 0 0 0 0 1 13150.8 13150.8 13150.8 13150.8
0 0 1 0 0 1 0 0 0 0 0 4.19696e-09 -0 0 0 -0 0 0 0 0 0 0 0 0 0 0 0 0 0 1 13150.8 13150.8 13150.8 13150.8
0 0 1 0 0 1 0 0 0 0 0 -3.60694e-09 -0 0 0 -0 0 0 0 0 0 0 0 0 0 0 0 0 0 1 13150.8 13150.8 13150.8 13150.8
0 0 1 0 0 1 0 0 0 0 0 -1.0241e-08 -0 0 0 -0 0 0 0 0 0 0 0 0 0 0 0 0 0 1 13150.8 13150.8 13150.8 13150.8
0 0 1 0 0 1 0 0 0 0 0 -5.01304e-09 -0 0 0 -0 0 0 0 0 0 0 0 0 0 0 0 0 0 1 13150.8 13150.8 13150.8 13150.8
0 0 1 0 0 1 0 0 0 0 0 1.7477e-10 -0 0 0 -0 0 0 0 0 0 0 0 0 0 0 0 0 0 1 13150.8 13150.8 13150.8 13150.8
0 0 1 0 0 1 0 0 0 0 0 -2.09463e-09 -0 0 0 -0 0 0 0 0 0 0 0 0 0 0 0 0 0 1 13150.8 13150.8 13150.8 13150.8
0 0 1 0 0 1 0 0 0 0 0 -4.11281e-09 -0 0 0 -0 0 0 0 0 0 0 0 0 0 0 0 0 0 1 13150.8 13150.8 13150.8 13150.8
0 0 1 0 0 1 0 0 0 0 0 1.11914e-09 -0 0 0 -0 0 0 0 0 0 0 0 0 0 0 0 0 0 1 13150.8 13150.8 13150.8 13150.8
0 0 1 0 0 1 0 0 0 0 0 6.29096e-09 -0 0 0 -0 0 0 0 0 0 0 0 0 0 0 0 0 0 1 13150.8 13150.8 13150.8 13150.8
0 0 1 0 0 1 0 0 0 0 0 4.04398e-09 -0 0 0 -0 0 0 0 0 0 0 0 0 0 0 0 0 0 1 13150.8 13150.8 13150.8 13150.8
0 0 1 0 0 1 0 0 0 0 0 2.00595e-09 -0 0 0 -0 0 0 0 0 0 0 0 0 0 0 0 0 0 1 13150.8 13150.8 13150.8 13150.8
0 0 1 0 0 1 0 0 0 0 0 -2.28736e-10 -0 0 0 -0 0 0 0 0 0 0 0 0 0 0 0 0 0 1 13150.8 13150.8 13150.8 13150.8
0 0 1 0 0 1 0 0 0 0 0 -2.46977e-09 -0 0 0 -0 0 0 0 0 0 0 0 0 0 0 0 0 0 1 13150.8 13150.8 13150.8 13150.8
0 0 1 0 0 1 0 0 0 0 0 -4.71452e-09 -0 0 0 -0 0 0 0 0 0 0 0 0 0 0 0 0 0 1 13150.8 13150.8 13150.8 13150.8
0 0 1 0 0 1 0 0 0 0 0 4.5157e-11 -0 0 0 -0 0 0 0 0 0 0 0 0 0 0 0 0 0 1 13150.8 13150.8 13150.8 13150.8
0 0 1 0 0 1 0 0 0 0 0 5.24142e-09 -0 0 0 -0 0 0 0 0 0 0 0 0 0 0 0 0 0 1 13150.8 13150.8 13150.8 13150.8
0 0 1 0 0 1 0 0 0 0 0 3.00407e-09 -0 0 0 -0 0 0 0 0 0 0 0 0 0 0 0 0 0 1 13150.8 13150.8 13150.8 13150.8
0 0 1 0 0 1 0 0 0 0 0 -1.27787e-09 -0 0 0 -0 0 0 0 0 0 0 0 0 0 0 0 0 0 1 13150.8 13150.8 13150.8 13150.8
0 0 1 0 0 1 0 0 0 0 0 -1.27787e-09 -0 0 0 -0 0 0 0 0 0 0 0 0 0 0 0 0 0 1 13150.8 13150.8 13150.8 13150.8
0 0 1 0 0 1 0 0 0 0 0 -1.08872e-09 -0 0 0 -0 0 0 0 0 0 0 0 0 0 0 0 0 0 1 13150.8 13150.8 13150.8 13150.8
0 0 1 0 0 1 0 0 0 0 0 4.43713e-09 -0 0 0 -0 0 0 0 0 0 0 0 0 0 0 0 0 0 1 13150.8 13150.8 13150.8 13150.8
0 0 1 0 0 1 0 0 0 0 0 1.43963e-08 -0 0 0 -0 0 0 0 0 0 0 0 0 0 0 0 0 0 1 13150.8 13150.8 13150.8 13150.8
0 0 1 0 0 1 0 0 0 0 0 1.21529e-08 -0 0 0 -0 0 0 0 0 0 0 0 0 0 0 0 0 0 1 13150.8 13150.8 13150.8 13150.8
0 0 1 0 0 1 0 0 0 0 0 1.21529e-08 -0 0 0 -0 0 0 0 0 0 0 0 0 0 0 0 0 0 1 13150.8 13150.8 13150.8 13150.8
0 0 1 0 0 1 0 0 0 0 0 1.01125e-08 -0 0 0 -0 0 0 0 0 0 0 0 0 0 0 0 0 0 1 13150.8 13150.8 13150.8 13150.8
0 0 1 0 0 1 0 0 0 0 0 7.82532e-09 -0 0 0 -0 0 0 0 0 0 0 0 0 0 0 0 0 0 1 13150.8 13150.8 13150.8 13150.8
0 0 1 0 0 1 0 0 0 0 0 5.609e-09 -0 0 0 -0 0 0 0 0 0 0 0 0 0 0 0 0 0 1 13150.8 13150.8 13150.8 13150.8
0 0 1 0 0 1 0 0 0 0 0 3.38335e-09 -0 0 0 -0 0 0 0 0 0 0 0 0 0 0 0 0 0 1 13150.8 13150.8 13150.8 13150.8
0 0 1 0 0 1 0 0 0 0 0 1.35344e-09 -0 0 0 -0 0 0 0 0 0 0 0 0 0 0 0 0 0 1 13150.8 13150.8 13150.8 13150.8
0 0 1 0 0 1 0 0 0 0 0 -3.12618e-09 -0 0 0 -0 0 0 0 0 0 0 0 0 0 0 0 0 0 1 13150.8 13150.8 13150.8 13150.8
0 0 1 0 0 1 0 0 0 0 0 -5.38873e-09 -0 0 0 -0 0 0 0 0 0 0 0 0 0 0 0 0 0 1 13150.8 13150.8 13150.8 13150.8
0 0 1 0 0 1 0 0 0 0 0 -5.38873e-09 -0 0 0 -0 0 0 0 0 0 0 0 0 0 0 0 0 0 1 13150.8 13150.8 13150.8 13150.8
0 0 1 0 0 1 0 0 0 0 0 4.51334e-09 -0 0 0 -0 0 0 0 0 0 0 0 0 0 0 0 0 0 1 13150.8 13150.8 13150.8 13150.8
0 0 1 0 0 1 0 0 0 0 0 4.51334e-09 -0 0 0 -0 0 0 0 0 0 0 0 0 0 0 0 0 0 1 13150.8 13150.8 13150.8 13150.8
0 0 1 0 0 1 0 0 0 0 0 7.48264e-09 -0 0 0 -0 0 0 0 0 0 0 0 0 0 0 0 0 0 1 13150.8 13150.8 13150.8 13150.8
0 0 1 0 0 1 0 0 0 0 0 7.48264e-09 -0 0 0 -0 0 0 0 0 0 0 0 0 0 0 0 0 0 1 13150.8 13150.8 13150.8 13150.8
0 0 1 0 0 1 0 0 0 0 0 5.46821e-09 -0 0 0 -0 0 0 0 0 0 0 0 0 0 0 0 0 0 1 13150.8 13150.8 13150.8 13150.8
0 0 1 0 0 1 0 0 0 0 0 3.22287e-09 -0 0 0 -0 0 0 0 0 0 0 0 0 0 0 0 0 0 1 13150.8 13150.8 13150.8 13150.8
0 0 1 0 0 1 0 0 0 0 0 9.86635e-10 -0 0 0 -0 0 0 0 0 0 0 0 0 0 0 0 0 0 1 13150.8 13150.8 13150.8 13150.8
0 0 1 0 0 1 0 0 0 0 0 -1.14523e-09 -0 0 0 -0 0 0 0 0 0 0 0 0 0 0 0 0 0 1 13150.8 13150.8 13150.8 13150.8
0 0 1 0 0 1 0 0 0 0 0 -3.2923e-09 -0 0 0 -0 0 0 0 0 0 0 0 0 0 0 0 0 0 1 13150.8 13150.8 13150.8 13150.8
0 0 1 0 0 1 0 0 0 0 0 -5.52695e-09 -0 0 0 -0 0 0 0 0 0 0 0 0 0 0 0 0 0 1 13150.8 13150.8 13150.8 13150.8
0 0 1 0 0 1 0 0 0 0 0 -3.09199e-10 -0 0 0 -0 0 0 0 0 0 0 0 0 0 0 0 0 0 1 13150.8 13150.8 13150.8 13150.8
0 0 1 0 0 1 0 0 0 0 0 4.93634e-09 -0 0 0 -0 0 0 0 0 0 0 0 0 0 0 0 0 0 1 13150.8 13150.8 13150.8 13150.8
0 0 1 0 0 1 0 0 0 0 0 2.91001e-09 -0 0 0 -0 0 0 0 0 0 0 0 0 0 0 0 0 0 1 13150.8 13150.8 13150.8 13150.8
0 0 1 0 0 1 0 0 0 0 0 6.69982e-10 -0 0 0 -0 0 0 0 0 0 0 0 0 0 0 0 0 0 1 13150.8 13150.8 13150.8 13150.8
0 0 1 0 0 1 0 0 0 0 0 -1.56745e-09 -0 0 0 -0 0 0 0 0 0 0 0 0 0 0 0 0 0 1 13150.8 13150.8 13150.8 13150.8
0 0 1 0 0 1 0 0 0 0 0 -3.86299e-09 -0 0 0 -0 0 0 0 0 0 0 0 0 0 0 0 0 0 1 13150.8 13150.8 13150.8 13150.8
0 0 1 0 0 1 0 0 0 0 0 -5.88187e-09 -0 0 0 -0 0 0 0 0 0 0 0 0 0 0 0 0 0 1 13150.8 13150.8 13150.8 13150.8
0 0 1 0 0 1 0 0 0 0 0 -7.49261e-10 -0 0 0 -0 0 0 0 0 0 0 0 0 0 0 0 0 0 1 13150.8 13150.8 13150.8 13150.8
0 0 1 0 0 1 0 0 0 0 0 4.4634e-09 -0 0 0 -0 0 0 0 0 0 0 0 0 0 0 0 0 0 1 13150.8 13150.8 13150.8 13150.8
0 0 1 0 0 1 0 0 0 0 0 2.22068e-09 -0 0 0 -0 0 0 0 0 0 0 0 0 0 0 0 0 0 1 13150.8 13150.8 13150.8 13150.8
0 0 1 0 0 1 0 0 0 0 0 1.84891e-10 -0 0 0 -0 0 0 0 0 0 0 0 0 0 0 0 0 0 1 13150.8 13150.8 13150.8 13150.8
0 0 1 0 0 1 0 0 0 0 0 -2.05376e-09 -0 0 0 -0 0 0 0 0 0 0 0 0 0 0 0 0 0 1 13150.8 13150.8 13150.8 13150.8
0 0 1 0 0 1 0 0 0 0 0 -4.29365e-09 -0 0 0 -0 0 0 0 0 0 0 0 0 0 0 0 0 0 1 13150.8 13150.8 13150.8 13150.8
0 0 1 0 0 1 0 0 0 0 0 9.45267e-10 -0 0 0 -0 0 0 0 0 0 0 0 0 0 0 0 0 0 1 13150.8 13150.8 13150.8 13150.8
0 0 1 0 0 1 0 0 0 0 0 5.69329e-09 -0 0 0 -0 0 0 0 0 0 0 0 0 0 0 0 0 0 1 13150.8 13150.8 13150.8 13150.8
0 0 1 0 0 1 0 0 0 0 0 3.46037e-09 -0 0 0 -0 0 0 0 0 0 0 0 0 0 0 0 0 0 1 13150.8 13150.8 13150.8 13150.8
0 0 1 0 0 1 0 0 0 0 0 -9.91231e-10 -0 0 0 -0 0 0 0 0 0 0 0 0 0 0 0 0 0 1 13150.8 13150.8 13150.8 13150.8
0 0 1 0 0 1 0 0 0 0 0 -9.91231e-10 -0 0 0 -0 0 0 0 0 0 0 0 0 0 0 0 0 0 1 13150.8 13150.8 13150.8 13150.8
0 0 1 0 0 1 0 0 0 0 0 -3.05632e-09 -0 0 0 -0 0 0 0 0 0 0 0 0 0 0 0 0 0 1 13150.8 13150.8 13150.8 13150.8
0 0 1 0 0 1 0 0 0 0 0 -5.28797e-09 -0 0 0 -0 0 0 0 0 0 0 0 0 0 0 0 0 0 1 13150.8 13150.8 13150.8 13150.8
0 0 1 0 0 1 0 0 0 0 0 5.15821e-09 -0 0 0 -0 0 0 0 0 0 0 0 0 0 0 0 0 0 1 13150.8 13150.8 13150.8 13150.8
0 0 1 0 0 1 0 0 0 0 0 9.89258e-09 -0 0 0 -0 0 0 0 0 0 0 0 0 0 0 0 0 0 1 13150.8 13150.8 13150.8 13150.8
0 0 1 0 0 1 0 0 0 0 0 9.89258e-09 -0 0 0 -0 0 0 0 0 0 0 0 0 0 0 0 0 0 1 13150.8 13150.8 13150.8 13150.8
0 0 1 0 0 1 0 0 0 0 0 7.70017e-09 -0 0 0 -0 0 0 0 0 0 0 0 0 0 0 0 0 0 1 13150.8 13150.8 13150.8 13150.8
0 0 1 0 0 1 0 0 0 0 0 5.40361e-09 -0 0 0 -0 0 0 0 0 0 0 0 0 0 0 0 0 0 1 13150.8 13150.8 13150.8 13150.8
0 0 1 0 0 1 0 0 0 0 0 3.15813e-09 -0 0 0 -0 0 0 0 0 0 0 0 0 0 0 0 0 0 1 13150.8 13150.8 13150.8 13150.8
0 0 1 0 0 1 0 0 0 0 0 1.12938e-09 -0 0 0 -0 0 0 0 0 0 0 0 0 0 0 0 0 0 1 13150.8 13150.8 13150.8 13150.8
0 0 1 0 0 1 0 0 0 0 0 -1.10462e-09 -0 0 0 -0 0 0 0 0 0 0 0 0 0 0 0 0 0 1 13150.8 13150.8 13150.8 13150.8
0 0 1 0 0 1 0 0 0 0 0 -3.37686e-09 -0 0 0 -0 0 0 0 0 0 0 0 0 0 0 0 0 0 1 13150.8 13150.8 13150.8 13150.8
0 0 1 0 0 1 0 0 0 0 0 -5.60798e-09 -0 0 0 -0 0 0 0 0 0 0 0 0 0 0 0 0 0 1 13150.8 13150.8 13150.8 13150.8
0 0 1 0 0 1 0 0 0 0 0 -8.87539e-10 -0 0 0 -0 0 0 0 0 0 0 0 0 0 0 0 0 0 1 13150.8 13150.8 13150.8 13150.8
0 0 1 0 0 1 0 0 0 0 0 4.30981e-09 -0 0 0 -0 0 0 0 0 0 0 0 0 0 0 0 0 0 1 13150.8 13150.8 13150.8 13150.8
0 0 1 0 0 1 0 0 0 0 0 2.06846e-09 -0 0 0 -0 0 0 0 0 0 0 0 0 0 0 0 0 0 1 13150.8 13150.8 13150.8 13150.8
0 0 1 0 0 1 0 0 0 0 0 -1.85376e-10 -0 0 0 -0 0 0 0 0 0 0 0 0 0 0 0 0 0 1 13150.8 13150.8 13150.8 13150.8
0 0 1 0 0 1 0 0 0 0 0 -2.20875e-09 -0 0 0 -0 0 0 0 0 0 0 0 0 0 0 0 0 0 1 13150.8 13150.8 13150.8 13150.8
0 0 1 0 0 1 0 0 0 0 0 -4.44867e-09 -0 0 0 -0 0 0 0 0 0 0 0 0 0 0 0 0 0 1 13150.8 13150.8 13150.8 13150.8
0 0 1 0 0 1 0 0 0 0 0 7.48702e-10 -0 0 0 -0 0 0 0 0 0 0 0 0 0 0 0 0 0 1 13150.8 13150.8 13150.8 13150.8
0 0 1 0 0 1 0 0 0 0 0 7.0619e-09 -0 0 0 -0 0 0 0 0 0 0 0 0 0 0 0 0 0 1 13150.8 13150.8 13150.8 13150.8
0 0 1 0 0 1 0 0 0 0 0 5.47957e-09 -0 0 0 -0 0 0 0 0 0 0 0 0 0 0 0 0 0 1 13150.8 13150.8 13150.8 13150.8
0 0 1 0 0 1 0 0 0 0 0 3.20786e-09 -0 0 0 -0 0 0 0 0 0 0 0 0 0 0 0 0 0 1 13150.8 13150.8 13150.8 13150.8
0 0 1 0 0 1 0 0 0 0 0 9.90399e-10 -0 0 0 -0 0 0 0 0 0 0 0 0 0 0 0 0 0 1 13150.8 13150.8 13150.8 13150.8
0 0 1 0 0 1 0 0 0 0 0 -1.26074e-09 -0 0 0 -0 0 0 0 0 0 0 0 0 0 0 0 0 0 1 13150.8 13150.8 13150.8 13150.8
0 0 1 0 0 1 0 0 0 0 0 -3.28006e-09 -0 0 0 -0 0 0 0 0 0 0 0 0 0 0 0 0 0 1 13150.8 13150.8 13150.8 13150.8
0 0 1 0 0 1 0 0 0 0 0 -5.5177e-09 -0 0 0 -0 0 0 0 0 0 0 0 0 0 0 0 0 0 1 13150.8 13150.8 13150.8 13150.8
0 0 1 0 0 1 0 0 0 0 0 -3.28367e-10 -0 0 0 -0 0 0 0 0 0 0 0 0 0 0 0 0 0 1 13150.8 13150.8 13150.8 13150.8
0 0 1 0 0 1 0 0 0 0 0 4.91882e-09 -0 0 0 -0 0 0 0 0 0 0 0 0 0 0 0 0 0 1 13150.8 13150.8 13150.8 13150.8
0 0 1 0 0 1 0 0 0 0 0 2.8907e-09 -0 0 0 -0 0 0 0 0 0 0 0 0 0 0 0 0 0 1 13150.8 13150.8 13150.8 13150.8
0 0 1 0 0 1 0 0 0 0 0 6.50522e-10 -0 0 0 -0 0 0 0 0 0 0 0 0 0 0 0 0 0 1 13150.8 13150.8 13150.8 13150.8
0 0 1 0 0 1 0 0 0 0 0 -1.58771e-09 -0 0 0 -0 0 0 0 0 0 0 0 0 0 0 0 0 0 1 13150.8 13150.8 13150.8 13150.8
0 0 1 0 0 1 0 0 0 0 0 -3.82348e-09 -0 0 0 -0 0 0 0 0 0 0 0 0 0 0 0 0 0 1 13150.8 13150.8 13150.8 13150.8
0 0 1 0 0 1 0 0 0 0 0 -5.86374e-09 -0 0 0 -0 0 0 0 0 0 0 0 0 0 0 0 0 0 1 13150.8 13150.8 13150.8 13150.8
0 0 1 0 0 1 0 0 0 0 0 -6.45279e-10 -0 0 0 -0 0 0 0 0 0 0 0 0 0 0 0 0 0 1 13150.8 13150.8 13150.8 13150.8
0 0 1 0 0 1 0 0 0 0 0 4.54375e-09 -0 0 0 -0 0 0 0 0 0 0 0 0 0 0 0 0 0 1 13150.8 13150.8 13150.8 13150.8
0 0 1 0 0 1 0 0 0 0 0 2.29622e-09 -0 0 0 -0 0 0 0 0 0 0 0 0 0 0 0 0 0 1 13150.8 13150.8 13150.8 13150.8
0 0 1 0 0 1 0 0 0 0 0 2.52806e-10 -0 0 0 -0 0 0 0 0 0 0 0 0 0 0 0 0 0 1 13150.8 13150.8 13150.8 13150.8
0 0 1 0 0 1 0 0 0 0 0 -1.9983e-09 -0 0 0 -0 0 0 0 0 0 0 0 0 0 0 0 0 0 1 13150.8 13150.8 13150.8 13150.8
0 0 1 0 0 1 0 0 0 0 0 -4.22013e-09 -0 0 0 -0 0 0 0 0 0 0 0 0 0 0 0 0 0 1 13150.8 13150.8 13150.8 13150.8
0 0 1 0 0 1 0 0 0 0 0 9.91771e-10 -0 0 0 -0 0 0 0 0 0 0 0 0 0 0 0 0 0 1 13150.8 13150.8 13150.8 13150.8
0 0 1 0 0 1 0 0 0 0 0 6.38583e-09 -0 0 0 -0 0 0 0 0 0 0 0 0 0 0 0 0 0 1 13150.8 13150.8 13150.8 13150.8
0 0 1 0 0 1 0 0 0 0 0 4.41362e-09 -0 0 0 -0 0 0 0 0 0 0 0 0 0 0 0 0 0 1 13150.8 13150.8 13150.8 13150.8
0 0 1 0 0 1 0 0 0 0 0 2.178e-09 -0 0 0 -0 0 0 0 0 0 0 0 0 0 0 0 0 0 1 13150.8 13150.8 13150.8 13150.8
0 0 1 0 0 1 0 0 0 0 0 -8.17274e-11 -0 0 0 -0 0 0 0 0 0 0 0 0 0 0 0 0 0 1 13150.8 13150.8 13150.8 13150.8
0 0 1 0 0 1 0 0 0 0 0 -2.13916e-09 -0 0 0 -0 0 0 0 0 0 0 0 0 0 0 0 0 0 1 13150.8 13150.8 13150.8 13150.8
0 0 1 0 0 1 0 0 0 0 0 -4.3487e-09 -0 0 0 -0 0 0 0 0 0 0 0 0 0 0 0 0 0 1 13150.8 13150.8 13150.8 13150.8
0 0 1 0 0 1 0 0 0 0 0 8.72969e-10 -0 0 0 -0 0 0 0 0 0 0 0 0 0 0 0 0 0 1 13150.8 13150.8 13150.8 13150.8
0 0 1 0 0 1 0 0 0 0 0 6.15164e-09 -0 0 0 -0 0 0 0 0 0 0 0 0 0 0 0 0 0 1 13150.8 13150.8 13150.8 13150.8
0 0 1 0 0 1 0 0 0 0 0 4.14523e-09 -0 0 0 -0 0 0 0 0 0 0 0 0 0 0 0 0 0 1 13150.8 13150.8 13150.8 13150.8
0 0 1 0 0 1 0 0 0 0 0 1.92186e-09 -0 0 0 -0 0 0 0 0 0 0 0 0 0 0 0 0 0 1 13150.8 13150.8 13150.8 13150.8
0 0 1 0 0 1 0 0 0 0 0 -3.35556e-10 -0 0 0 -0 0 0 0 0 0 0 0 0 0 0 0 0 0 1 13150.8 13150.8 13150.8 13150.8
0 0 1 0 0 1 0 0 0 0 0 -2.59602e-09 -0 0 0 -0 0 0 0 0 0 0 0 0 0 0 0 0 0 1 13150.8 13150.8 13150.8 13150.8
0 0 1 0 0 1 0 0 0 0 0 -4.60432e-09 -0 0 0 -0 0 0 0 0 0 0 0 0 0 0 0 0 0 1 13150.8 13150.8 13150.8 13150.8
0 0 1 0 0 1 0 0 0 0 0 6.04863e-10 -0 0 0 -0 0 0 0 0 0 0 0 0 0 0 0 0 0 1 13150.8 13150.8 13150.8 13150.8
0 0 1 0 0 1 0 0 0 0 0 5.82443e-09 -0 0 0 -0 0 0 0 0 0 0 0 0 0 0 0 0 0 1 13150.8 13150.8 13150.8 13150.8
0 0 1 0 0 1 0 0 0 0 0 3.57712e-09 -0 0 0 -0 0 0 0 0 0 0 0 0 0 0 0 0 0 1 13150.8 13150.8 13150.8 13150.8
0 0 1 0 0 1 0 0 0 0 0 1.55009e-09 -0 0 0 -0 0 0 0 0 0 0 0 0 0 0 0 0 0 1 13150.8 13150.8 13150.8 13150.8
0 0 1 0 0 1 0 0 0 0 0 -7.05703e-10 -0 0 0 -0 0 0 0 0 0 0 0 0 0 0 0 0 0 1 13150.8 13150.8 13150.8 13150.8
0 0 1 0 0 1 0 0 0 0 0 -2.96959e-09 -0 0 0 -0 0 0 0 0 0 0 0 0 0 0 0 0 0 1 13150.8 13150.8 13150.8 13150.8
0 0 1 0 0 1 0 0 0 0 0 -5.21261e-09 -0 0 0 -0 0 0 0 0 0 0 0 0 0 0 0 0 0 1 13150.8 13150.8 13150.8 13150.8
0 0 1 0 0 1 0 0 0 0 0 -5.24047e-10 -0 0 0 -0 0 0 0 0 0 0 0 0 0 0 0 0 0 1 13150.8 13150.8 13150.8 13150.8
0 0 1 0 0 1 0 0 0 0 0 4.64775e-09 -0 0 0 -0 0 0 0 0 0 0 0 0 0 0 0 0 0 1 13150.8 13150.8 13150.8 13150.8
0 0 1 0 0 1 0 0 0 0 0 2.42437e-09 -0 0 0 -0 0 0 0 0 0 0 0 0 0 0 0 0 0 1 13150.8 13150.8 13150.8 13150.8
0 0 1 0 0 1 0 0 0 0 0 1.72841e-10 -0 0 0 -0 0 0 0 0 0 0 0 0 0 0 0 0 0 1 13150.8 13150.8 13150.8 13150.8
0 0 1 0 0 1 0 0 0 0 0 -1.86923e-09 -0 0 0 -0 0 0 0 0 0 0 0 0 0 0 0 0 0 1 13150.8 13150.8 13150.8 13150.8
0 0 1 0 0 1 0 0 0 0 0 -4.09686e-09 -0 0 0 -0 0 0 0 0 0 0 0 0 0 0 0 0 0 1 13150.8 13150.8 13150.8 13150.8
0 0 1 0 0 1 0 0 0 0 0 -6.35024e-09 -0 0 0 -0 0 0 0 0 0 0 0 0 0 0 0 0 0 1 13150.8 13150.8 13150.8 13150.8
0 0 1 0 0 1 0 0 0 0 0 -1.14506e-09 -0 0 0 -0 0 0 0 0 0 0 0 0 0 0 0 0 0 1 13150.8 13150.8 13150.8 13150.8
0 0 1 0 0 1 0 0 0 0 0 3.58952e-09 -0 0 0 -0 0 0 0 0 0 0 0 0 0 0 0 0 0 1 13150.8 13150.8 13150.8 13150.8
0 0 1 0 0 1 0 0 0 0 0 1.35343e-09 -0 0 0 -0 0 0 0 0 0 0 0 0 0 0 0 0 0 1 13150.8 13150.8 13150.8 13150.8
0 0 1 0 0 1 0 0 0 0 0 -8.88e-10 -0 0 0 -0 0 0 0 0 0 0 0 0 0 0 0 0 0 1 13150.8 13150.8 13150.8 13150.8
0 0 1 0 0 1 0 0 0 0 0 -3.13582e-09 -0 0 0 -0 0 0 0 0 0 0 0 0 0 0 0 0 0 1 13150.8 13150.8 13150.8 13150.8
0 0 1 0 0 1 0 0 0 0 0 -5.16931e-09 -0 0 0 -0 0 0 0 0 0 0 0 0 0 0 0 0 0 1 13150.8 13150.8 13150.8 13150.8
0 0 1 0 0 1 0 0 0 0 0 5.24725e-11 -0 0 0 -0 0 0 0 0 0 0 0 0 0 0 0 0 0 1 13150.8 13150.8 13150.8 13150.8
0 0 1 0 0 1 0 0 0 0 0 5.23458e-09 -0 0 0 -0 0 0 0 0 0 0 0 0 0 0 0 0 0 1 13150.8 13150.8 13150.8 13150.8
0 0 1 0 0 1 0 0 0 0 0 2.97932e-09 -0 0 0 -0 0 0 0 0 0 0 0 0 0 0 0 0 0 1 13150.8 13150.8 13150.8 13150.8
0 0 1 0 0 1 0 0 0 0 0 9.37696e-10 -0 0 0 -0 0 0 0 0 0 0 0 0 0 0 0 0 0 1 13150.8 13150.8 13150.8 13150.8
0 0 1 0 0 1 0 0 0 0 0 -1.28232e-09 -0 0 0 -0 0 0 0 0 0 0 0 0 0 0 0 0 0 1 13150.8 13150.8 13150.8 13150.8
0 0 1 0 0 1 0 0 0 0 0 -3.52163e-09 -0 0 0 -0 0 0 0 0 0 0 0 0 0 0 0 0 0 1 13150.8 13150.8 13150.8 13150.8
0 0 1 0 0 1 0 0 0 0 0 -5.77637e-09 -0 0 0 -0 0 0 0 0 0 0 0 0 0 0 0 0 0 1 13150.8 13150.8 13150.8 13150.8
0 0 1 0 0 1 0 0 0 0 0 -9.82087e-10 -0 0 0 -0 0 0 0 0 0 0 0 0 0 0 0 0 0 1 13150.8 13150.8 13150.8 13150.8
0 0 1 0 0 1 0 0 0 0 0 4.19477e-09 -0 0 0 -0 0 0 0 0 0 0 0 0 0 0 0 0 0 1 13150.8 13150.8 13150.8 13150.8
0 0 1 0 0 1 0 0 0 0 0 1.96589e-09 -0 0 0 -0 0 0 0 0 0 0 0 0 0 0 0 0 0 1 13150.8 13150.8 13150.8 13150.8
0 0 1 0 0 1 0 0 0 0 0 -2.84924e-10 -0 0 0 -0 0 0 0 0 0 0 0 0 0 0 0 0 0 1 13150.8 13150.8 13150.8 13150.8
0 0 1 0 0 1 0 0 0 0 0 -2.31816e-09 -0 0 0 -0 0 0 0 0 0 0 0 0 0 0 0 0 0 1 13150.8 13150.8 13150.8 13150.8
0 0 1 0 0 1 0 0 0 0 0 -4.54751e-09 -0 0 0 -0 0 0 0 0 0 0 0 0 0 0 0 0 0 1 13150.8 13150.8 13150.8 13150.8
0 0 1 0 0 1 0 0 0 0 0 6.50431e-10 -0 0 0 -0 0 0 0 0 0 0 0 0 0 0 0 0 0 1 13150.8 13150.8 13150.8 13150.8
0 0 1 0 0 1 0 0 0 0 0 5.88186e-09 -0 0 0 -0 0 0 0 0 0 0 0 0 0 0 0 0 0 1 13150.8 13150.8 13150.8 13150.8
0 0 1 0 0 1 0 0 0 0 0 3.84393e-09 -0 0 0 -0 0 0 0 0 0 0 0 0 0 0 0 0 0 1 13150.8 13150.8 13150.8 13150.8
0 0 1 0 0 1 0 0 0 0 0 1.60995e-09 -0 0 0 -0 0 0 0 0 0 0 0 0 0 0 0 0 0 1 13150.8 13150.8 13150.8 13150.8
0 0 1 0 0 1 0 0 0 0 0 -6.33669e-10 -0 0 0 -0 0 0 0 0 0 0 0 0 0 0 0 0 0 1 13150.8 13150.8 13150.8 13150.8
0 0 1 0 0 1 0 0 0 0 0 -2.87756e-09 -0 0 0 -0 0 0 0 0 0 0 0 0 0 0 0 0 0 1 13150.8 13150.8 13150.8 13150.8
0 0 1 0 0 1 0 0 0 0 0 -4.92181e-09 -0 0 0 -0 0 0 0 0 0 0 0 0 0 0 0 0 0 1 13150.8 13150.8 13150.8 13150.8
0 0 1 0 0 1 0 0 0 0 0 2.63118e-10 -0 0 0 -0 0 0 0 0 0 0 0 0 0 0 0 0 0 1 13150.8 13150.8 13150.8 13150.8
0 0 1 0 0 1 0 0 0 0 0 5.51138e-09 -0 0 0 -0 0 0 0 0 0 0 0 0 0 0 0 0 0 1 13150.8 13150.8 13150.8 13150.8
0 0 1 0 0 1 0 0 0 0 0 3.26861e-09 -0 0 0 -0 0 0 0 0 0 0 0 0 0 0 0 0 0 1 13150.8 13150.8 13150.8 13150.8
0 0 1 0 0 1 0 0 0 0 0 1.22828e-09 -0 0 0 -0 0 0 0 0 0 0 0 0 0 0 0 0 0 1 13150.8 13150.8 13150.8 13150.8
0 0 1 0 0 1 0 0 0 0 0 -9.94461e-10 -0 0 0 -0 0 0 0 0 0 0 0 0 0 0 0 0 0 1 13150.8 13150.8 13150.8 13150.8
0 0 1 0 0 1 0 0 0 0 0 -3.23867e-09 -0 0 0 -0 0 0 0 0 0 0 0 0 0 0 0 0 0 1 13150.8 13150.8 13150.8 13150.8
0 0 1 0 0 1 0 0 0 0 0 -5.49025e-09 -0 0 0 -0 0 0 0 0 0 0 0 0 0 0 0 0 0 1 13150.8 13150.8 13150.8 13150.8
0 0 1 0 0 1 0 0 0 0 0 -7.49064e-10 -0 0 0 -0 0 0 0 0 0 0 0 0 0 0 0 0 0 1 13150.8 13150.8 13150.8 13150.8
0 0 1 0 0 1 0 0 0 0 0 4.4448e-09 -0 0 0 -0 0 0 0 0 0 0 0 0 0 0 0 0 0 1 13150.8 13150.8 13150.8 13150.8
0 0 1 0 0 1 0 0 0 0 0 2.20318e-09 -0 0 0 -0 0 0 0 0 0 0 0 0 0 0 0 0 0 1 13150.8 13150.8 13150.8 13150.8
0 0 1 0 0 1 0 0 0 0 0 -3.57955e-11 -0 0 0 -0 0 0 0 0 0 0 0 0 0 0 0 0 0 1 13150.8 13150.8 13150.8 13150.8
0 0 1 0 0 1 0 0 0 0 0 -2.078e-09 -0 0 0 -0 0 0 0 0 0 0 0 0 0 0 0 0 0 1 13150.8 13150.8 13150.8 13150.8
0 0 1 0 0 1 0 0 0 0 0 -4.31676e-09 -0 0 0 -0 0 0 0 0 0 0 0 0 0 0 0 0 0 1 13150.8 13150.8 13150.8 13150.8
0 0 1 0 0 1 0 0 0 0 0 9.06853e-10 -0 0 0 -0 0 0 0 0 0 0 0 0 0 0 0 0 0 1 13150.8 13150.8 13150.8 13150.8
0 0 1 0 0 1 0 0 0 0 0 6.13735e-09 -0 0 0 -0 0 0 0 0 0 0 0 0 0 0 0 0 0 1 13150.8 13150.8 13150.8 13150.8
0 0 1 0 0 1 0 0 0 0 0 4.10998e-09 -0 0 0 -0 0 0 0 0 0 0 0 0 0 0 0 0 0 1 13150.8 13150.8 13150.8 13150.8
0 0 1 0 0 1 0 0 0 0 0 1.8614e-09 -0 0 0 -0 0 0 0 0 0 0 0 0 0 0 0 0 0 1 13150.8 13150.8 13150.8 13150.8
0 0 1 0 0 1 0 0 0 0 0 -3.61538e-10 -0 0 0 -0 0 0 0 0 0 0 0 0 0 0 0 0 0 1 13150.8 13150.8 13150.8 13150.8
0 0 1 0 0 1 0 0 0 0 0 -2.61127e-09 -0 0 0 -0 0 0 0 0 0 0 0 0 0 0 0 0 0 1 13150.8 13150.8 13150.8 13150.8
0 0 1 0 0 1 0 0 0 0 0 -4.66543e-09 -0 0 0 -0 0 0 0 0 0 0 0 0 0 0 0 0 0 1 13150.8 13150.8 13150.8 13150.8
0 0 1 0 0 1 0 0 0 0 0 4.82917e-10 -0 0 0 -0 0 0 0 0 0 0 0 0 0 0 0 0 0 1 13150.8 13150.8 13150.8 13150.8
0 0 1 0 0 1 0 0 0 0 0 5.70703e-09 -0 0 0 -0 0 0 0 0 0 0 0 0 0 0 0 0 0 1 13150.8 13150.8 13150.8 13150.8
0 0 1 0 0 1 0 0 0 0 0 3.44498e-09 -0 0 0 -0 0 0 0 0 0 0 0 0 0 0 0 0 0 1 13150.8 13150.8 13150.8 13150.8
0 0 1 0 0 1 0 0 0 0 0 1.41609e-09 -0 0 0 -0 0 0 0 0 0 0 0 0 0 0 0 0 0 1 13150.8 13150.8 13150.8 13150.8
0 0 1 0 0 1 0 0 0 0 0 -8.04051e-10 -0 0 0 -0 0 0 0 0 0 0 0 0 0 0 0 0 0 1 13150.8 13150.8 13150.8 13150.8
0 0 1 0 0 1 0 0 0 0 0 -3.05991e-09 -0 0 0 -0 0 0 0 0 0 0 0 0 0 0 0 0 0 1 13150.8 13150.8 13150.8 13150.8
0 0 1 0 0 1 0 0 0 0 0 -5.29715e-09 -0 0 0 -0 0 0 0 0 0 0 0 0 0 0 0 0 0 1 13150.8 13150.8 13150.8 13150.8
0 0 1 0 0 1 0 0 0 0 0 -5.14733e-10 -0 0 0 -0 0 0 0 0 0 0 0 0 0 0 0 0 0 1 13150.8 13150.8 13150.8 13150.8
0 0 1 0 0 1 0 0 0 0 0 4.65548e-09 -0 0 0 -0 0 0 0 0 0 0 0 0 0 0 0 0 0 1 13150.8 13150.8 13150.8 13150.8
0 0 1 0 0 1 0 0 0 0 0 2.40008e-09 -0 0 0 -0 0 0 0 0 0 0 0 0 0 0 0 0 0 1 13150.8 13150.8 13150.8 13150.8
0 0 1 0 0 1 0 0 0 0 0 -1.33088e-10 -0 0 0 -0 0 0 0 0 0 0 0 0 0 0 0 0 0 1 13150.8 13150.8 13150.8 13150.8
0 0 1 0 0 1 0 0 0 0 0 -1.85805e-09 -0 0 0 -0 0 0 0 0 0 0 0 0 0 0 0 0 0 1 13150.8 13150.8 13150.8 13150.8
0 0 1 0 0 1 0 0 0 0 0 -4.11915e-09 -0 0 0 -0 0 0 0 0 0 0 0 0 0 0 0 0 0 1 13150.8 13150.8 13150.8 13150.8
0 0 1 0 0 1 0 0 0 0 0 -6.34465e-09 -0 0 0 -0 0 0 0 0 0 0 0 0 0 0 0 0 0 1 13150.8 13150.8 13150.8 13150.8
0 0 1 0 0 1 0 0 0 0 0 -1.09078e-09 -0 0 0 -0 0 0 0 0 0 0 0 0 0 0 0 0 0 1 13150.8 13150.8 13150.8 13150.8
0 0 1 0 0 1 0 0 0 0 0 3.6312e-09 -0 0 0 -0 0 0 0 0 0 0 0 0 0 0 0 0 0 1 13150.8 13150.8 13150.8 13150.8
0 0 1 0 0 1 0 0 0 0 0 1.39324e-09 -0 0 0 -0 0 0 0 0 0 0 0 0 0 0 0 0 0 1 13150.8 13150.8 13150.8 13150.8
0 0 1 0 0 1 0 0 0 0 0 -8.64938e-10 -0 0 0 -0 0 0 0 0 0 0 0 0 0 0 0 0 0 1 13150.8 13150.8 13150.8 13150.8
0 0 1 0 0 1 0 0 0 0 0 -3.08723e-09 -0 0 0 -0 0 0 0 0 0 0 0 0 0 0 0 0 0 1 13150.8 13150.8 13150.8 13150.8
0 0 1 0 0 1 0 0 0 0 0 -5.12428e-09 -0 0 0 -0 0 0 0 0 0 0 0 0 0 0 0 0 0 1 13150.8 13150.8 13150.8 13150.8
0 0 1 0 0 1 0 0 0 0 0 1.05346e-10 -0 0 0 -0 0 0 0 0 0 0 0 0 0 0 0 0 0 1 13150.8 13150.8 13150.8 13150.8
0 0 1 0 0 1 0 0 0 0 0 5.37806e-09 -0 0 0 -0 0 0 0 0 0 0 0 0 0 0 0 0 0 1 13150.8 13150.8 13150.8 13150.8
0 0 1 0 0 1 0 0 0 0 0 3.16717e-09 -0 0 0 -0 0 0 0 0 0 0 0 0 0 0 0 0 0 1 13150.8 13150.8 13150.8 13150.8
0 0 1 0 0 1 0 0 0 0 0 1.12059e-09 -0 0 0 -0 0 0 0 0 0 0 0 0 0 0 0 0 0 1 13150.8 13150.8 13150.8 13150.8
0 0 1 0 0 1 0 0 0 0 0 -1.08733e-09 -0 0 0 -0 0 0 0 0 0 0 0 0 0 0 0 0 0 1 13150.8 13150.8 13150.8 13150.8
0 0 1 0 0 1 0 0 0 0 0 -3.34542e-09 -0 0 0 -0 0 0 0 0 0 0 0 0 0 0 0 0 0 1 13150.8 13150.8 13150.8 13150.8
0 0 1 0 0 1 0 0 0 0 0 -5.58117e-09 -0 0 0 -0 0 0 0 0 0 0 0 0 0 0 0 0 0 1 13150.8 13150.8 13150.8 13150.8
0 0 1 0 0 1 0 0 0 0 0 -6.2661e-10 -0 0 0 -0 0 0 0 0 0 0 0 0 0 0 0 0 0 1 13150.8 13150.8 13150.8 13150.8
0 0 1 0 0 1 0 0 0 0 0 4.36475e-09 -0 0 0 -0 0 0 0 0 0 0 0 0 0 0 0 0 0 1 13150.8 13150.8 13150.8 13150.8
0 0 1 0 0 1 0 0 0 0 0 2.12261e-09 -0 0 0 -0 0 0 0 0 0 0 0 0 0 0 0 0 0 1 13150.8 13150.8 13150.8 13150.8
0 0 1 0 0 1 0 0 0 0 0 -1.57888e-10 -0 0 0 -0 0 0 0 0 0 0 0 0 0 0 0 0 0 1 13150.8 13150.8 13150.8 13150.8
0 0 1 0 0 1 0 0 0 0 0 -2.40466e-09 -0 0 0 -0 0 0 0 0 0 0 0 0 0 0 0 0 0 1 13150.8 13150.8 13150.8 13150.8
0 0 1 0 0 1 0 0 0 0 0 -4.42822e-09 -0 0 0 -0 0 0 0 0 0 0 0 0 0 0 0 0 0 1 13150.8 13150.8 13150.8 13150.8
0 0 1 0 0 1 0 0 0 0 0 7.12015e-10 -0 0 0 -0 0 0 0 0 0 0 0 0 0 0 0 0 0 1 13150.8 13150.8 13150.8 13150.8
0 0 1 0 0 1 0 0 0 0 0 5.96067e-09 -0 0 0 -0 0 0 0 0 0 0 0 0 0 0 0 0 0 1 13150.8 13150.8 13150.8 13150.8
0 0 1 0 0 1 0 0 0 0 0 3.93124e-09 -0 0 0 -0 0 0 0 0 0 0 0 0 0 0 0 0 0 1 13150.8 13150.8 13150.8 13150.8
0 0 1 0 0 1 0 0 0 0 0 1.6749e-09 -0 0 0 -0 0 0 0 0 0 0 0 0 0 0 0 0 0 1 13150.8 13150.8 13150.8 13150.8
0 0 1 0 0 1 0 0 0 0 0 -5.41932e-10 -0 0 0 -0 0 0 0 0 0 0 0 0 0 0 0 0 0 1 13150.8 13150.8 13150.8 13150.8
0 0 1 0 0 1 0 0 0 0 0 -2.78357e-09 -0 0 0 -0 0 0 0 0 0 0 0 0 0 0 0 0 0 1 13150.8 13150.8 13150.8 13150.8
0 0 1 0 0 1 0 0 0 0 0 -4.81409e-09 -0 0 0 -0 0 0 0 0 0 0 0 0 0 0 0 0 0 1 13150.8 13150.8 13150.8 13150.8
0 0 1 0 0 1 0 0 0 0 0 4.31546e-10 -0 0 0 -0 0 0 0 0 0 0 0 0 0 0 0 0 0 1 13150.8 13150.8 13150.8 13150.8
0 0 1 0 0 1 0 0 0 0 0 5.54221e-09 -0 0 0 -0 0 0 0 0 0 0 0 0 0 0 0 0 0 1 13150.8 13150.8 13150.8 13150.8
0 0 1 0 0 1 0 0 0 0 0 3.26692e-09 -0 0 0 -0 0 0 0 0 0 0 0 0 0 0 0 0 0 1 13150.8 13150.8 13150.8 13150.8
0 0 1 0 0 1 0 0 0 0 0 1.20936e-09 -0 0 0 -0 0 0 0 0 0 0 0 0 0 0 0 0 0 1 13150.8 13150.8 13150.8 13150.8
0 0 1 0 0 1 0 0 0 0 0 -1.01228e-09 -0 0 0 -0 0 0 0 0 0 0 0 0 0 0 0 0 0 1 13150.8 13150.8 13150.8 13150.8
0 0 1 0 0 1 0 0 0 0 0 -3.24267e-09 -0 0 0 -0 0 0 0 0 0 0 0 0 0 0 0 0 0 1 13150.8 13150.8 13150.8 13150.8
0 0 1 0 0 1 0 0 0 0 0 -5.48741e-09 -0 0 0 -0 0 0 0 0 0 0 0 0 0 0 0 0 0 1 13150.8 13150.8 13150.8 13150.8
0 0 1 0 0 1 0 0 0 0 0 -7.12633e-10 -0 0 0 -0 0 0 0 0 0 0 0 0 0 0 0 0 0 1 13150.8 13150.8 13150.8 13150.8
0 0 1 0 0 1 0 0 0 0 0 4.4464e-09 -0 0 0 -0 0 0 0 0 0 0 0 0 0 0 0 0 0 1 13150.8 13150.8 13150.8 13150.8
0 0 1 0 0 1 0 0 0 0 0 2.17642e-09 -0 0 0 -0 0 0 0 0 0 0 0 0 0 0 0 0 0 1 13150.8 13150.8 13150.8 13150.8
0 0 1 0 0 1 0 0 0 0 0 -7.7013e-11 -0 0 0 -0 0 0 0 0 0 0 0 0 0 0 0 0 0 1 13150.8 13150.8 13150.8 13150.8
0 0 1 0 0 1 0 0 0 0 0 -2.1061e-09 -0 0 0 -0 0 0 0 0 0 0 0 0 0 0 0 0 0 1 13150.8 13150.8 13150.8 13150.8
0 0 1 0 0 1 0 0 0 0 0 -4.33275e-09 -0 0 0 -0 0 0 0 0 0 0 0 0 0 0 0 0 0 1 13150.8 13150.8 13150.8 13150.8
0 0 1 0 0 1 0 0 0 0 0 8.31087e-10 -0 0 0 -0 0 0 0 0 0 0 0 0 0 0 0 0 0 1 13150.8 13150.8 13150.8 13150.8
0 0 1 0 0 1 0 0 0 0 0 6.10661e-09 -0 0 0 -0 0 0 0 0 0 0 0 0 0 0 0 0 0 1 13150.8 13150.8 13150.8 13150.8
0 0 1 0 0 1 0 0 0 0 0 4.08916e-09 -0 0 0 -0 0 0 0 0 0 0 0 0 0 0 0 0 0 1 13150.8 13150.8 13150.8 13150.8
0 0 1 0 0 1 0 0 0 0 0 1.82107e-09 -0 0 0 -0 0 0 0 0 0 0 0 0 0 0 0 0 0 1 13150.8 13150.8 13150.8 13150.8
0 0 1 0 0 1 0 0 0 0 0 -4.29944e-10 -0 0 0 -0 0 0 0 0 0 0 0 0 0 0 0 0 0 1 13150.8 13150.8 13150.8 13150.8
0 0 1 0 0 1 0 0 0 0 0 -2.65021e-09 -0 0 0 -0 0 0 0 0 0 0 0 0 0 0 0 0 0 1 13150.8 13150.8 13150.8 13150.8
0 0 1 0 0 1 0 0 0 0 0 -4.67583e-09 -0 0 0 -0 0 0 0 0 0 0 0 0 0 0 0 0 0 1 13150.8 13150.8 13150.8 13150.8
0 0 1 0 0 1 0 0 0 0 0 5.62019e-10 -0 0 0 -0 0 0 0 0 0 0 0 0 0 0 0 0 0 1 13150.8 13150.8 13150.8 13150.8
0 0 1 0 0 1 0 0 0 0 0 5.83238e-09 -0 0 0 -0 0 0 0 0 0 0 0 0 0 0 0 0 0 1 13150.8 13150.8 13150.8 13150.8
0 0 1 0 0 1 0 0 0 0 0 3.61805e-09 -0 0 0 -0 0 0 0 0 0 0 0 0 0 0 0 0 0 1 13150.8 13150.8 13150.8 13150.8
0 0 1 0 0 1 0 0 0 0 0 1.57683e-09 -0 0 0 -0 0 0 0 0 0 0 0 0 0 0 0 0 0 1 13150.8 13150.8 13150.8 13150.8
0 0 1 0 0 1 0 0 0 0 0 -6.5037e-10 -0 0 0 -0 0 0 0 0 0 0 0 0 0 0 0 0 0 1 13150.8 13150.8 13150.8 13150.8
0 0 1 0 0 1 0 0 0 0 0 -2.90122e-09 -0 0 0 -0 0 0 0 0 0 0 0 0 0 0 0 0 0 1 13150.8 13150.8 13150.8 13150.8
0 0 1 0 0 1 0 0 0 0 0 -5.14938e-09 -0 0 0 -0 0 0 0 0 0 0 0 0 0 0 0 0 0 1 13150.8 13150.8 13150.8 13150.8
0 0 1 0 0 1 0 0 0 0 0 -2.75871e-10 -0 0 0 -0 0 0 0 0 0 0 0 0 0 0 0 0 0 1 13150.8 13150.8 13150.8 13150.8
0 0 1 0 0 1 0 0 0 0 0 4.79345e-09 -0 0 0 -0 0 0 0 0 0 0 0 0 0 0 0 0 0 1 13150.8 13150.8 13150.8 13150.8
0 0 1 0 0 1 0 0 0 0 0 2.54791e-09 -0 0 0 -0 0 0 0 0 0 0 0 0 0 0 0 0 0 1 13150.8 13150.8 13150.8 13150.8
0 0 1 0 0 1 0 0 0 0 0 3.15717e-10 -0 0 0 -0 0 0 0 0 0 0 0 0 0 0 0 0 0 1 13150.8 13150.8 13150.8 13150.8
0 0 1 0 0 1 0 0 0 0 0 -1.72992e-09 -0 0 0 -0 0 0 0 0 0 0 0 0 0 0 0 0 0 1 13150.8 13150.8 13150.8 13150.8
0 0 1 0 0 1 0 0 0 0 0 -3.94948e-09 -0 0 0 -0 0 0 0 0 0 0 0 0 0 0 0 0 0 1 13150.8 13150.8 13150.8 13150.8
0 0 1 0 0 1 0 0 0 0 0 -6.18694e-09 -0 0 0 -0 0 0 0 0 0 0 0 0 0 0 0 0 0 1 13150.8 13150.8 13150.8 13150.8
0 0 1 0 0 1 0 0 0 0 0 -8.61717e-10 -0 0 0 -0 0 0 0 0 0 0 0 0 0 0 0 0 0 1 13150.8 13150.8 13150.8 13150.8
0 0 1 0 0 1 0 0 0 0 0 3.77566e-09 -0 0 0 -0 0 0 0 0 0 0 0 0 0 0 0 0 0 1 13150.8 13150.8 13150.8 13150.8
0 0 1 0 0 1 0 0 0 0 0 1.53526e-09 -0 0 0 -0 0 0 0 0 0 0 0 0 0 0 0 0 0 1 13150.8 13150.8 13150.8 13150.8
0 0 1 0 0 1 0 0 0 0 0 -7.48323e-10 -0 0 0 -0 0 0 0 0 0 0 0 0 0 0 0 0 0 1 13150.8 13150.8 13150.8 13150.8
0 0 1 0 0 1 0 0 0 0 0 -2.96077e-09 -0 0 0 -0 0 0 0 0 0 0 0 0 0 0 0 0 0 1 13150.8 13150.8 13150.8 13150.8
0 0 1 0 0 1 0 0 0 0 0 -4.98867e-09 -0 0 0 -0 0 0 0 0 0 0 0 0 0 0 0 0 0 1 13150.8 13150.8 13150.8 13150.8
0 0 1 0 0 1 0 0 0 0 0 1.92943e-10 -0 0 0 -0 0 0 0 0 0 0 0 0 0 0 0 0 0 1 13150.8 13150.8 13150.8 13150.8
0 0 1 0 0 1 0 0 0 0 0 5.55716e-09 -0 0 0 -0 0 0 0 0 0 0 0 0 0 0 0 0 0 1 13150.8 13150.8 13150.8 13150.8
0 0 1 0 0 1 0 0 0 0 0 3.34304e-09 -0 0 0 -0 0 0 0 0 0 0 0 0 0 0 0 0 0 1 13150.8 13150.8 13150.8 13150.8
0 0 1 0 0 1 0 0 0 0 0 1.3198e-09 -0 0 0 -0 0 0 0 0 0 0 0 0 0 0 0 0 0 1 13150.8 13150.8 13150.8 13150.8
0 0 1 0 0 1 0 0 0 0 0 -9.10098e-10 -0 0 0 -0 0 0 0 0 0 0 0 0 0 0 0 0 0 1 13150.8 13150.8 13150.8 13150.8
0 0 1 0 0 1 0 0 0 0 0 -3.15935e-09 -0 0 0 -0 0 0 0 0 0 0 0 0 0 0 0 0 0 1 13150.8 13150.8 13150.8 13150.8
0 0 1 0 0 1 0 0 0 0 0 -5.41227e-09 -0 0 0 -0 0 0 0 0 0 0 0 0 0 0 0 0 0 1 13150.8 13150.8 13150.8 13150.8
0 0 1 0 0 1 0 0 0 0 0 -6.86373e-10 -0 0 0 -0 0 0 0 0 0 0 0 0 0 0 0 0 0 1 13150.8 13150.8 13150.8 13150.8
0 0 1 0 0 1 0 0 0 0 0 4.50942e-09 -0 0 0 -0 0 0 0 0 0 0 0 0 0 0 0 0 0 1 13150.8 13150.8 13150.8 13150.8
0 0 1 0 0 1 0 0 0 0 0 2.24573e-09 -0 0 0 -0 0 0 0 0 0 0 0 0 0 0 0 0 0 1 13150.8 13150.8 13150.8 13150.8
0 0 1 0 0 1 0 0 0 0 0 1.7205e-11 -0 0 0 -0 0 0 0 0 0 0 0 0 0 0 0 0 0 1 13150.8 13150.8 13150.8 13150.8
0 0 1 0 0 1 0 0 0 0 0 -2.00611e-09 -0 0 0 -0 0 0 0 0 0 0 0 0 0 0 0 0 0 1 13150.8 13150.8 13150.8 13150.8
0 0 1 0 0 1 0 0 0 0 0 -4.25906e-09 -0 0 0 -0 0 0 0 0 0 0 0 0 0 0 0 0 0 1 13150.8 13150.8 13150.8 13150.8
0 0 1 0 0 1 0 0 0 0 0 9.28749e-10 -0 0 0 -0 0 0 0 0 0 0 0 0 0 0 0 0 0 1 13150.8 13150.8 13150.8 13150.8
0 0 1 0 0 1 0 0 0 0 0 6.10603e-09 -0 0 0 -0 0 0 0 0 0 0 0 0 0 0 0 0 0 1 13150.8 13150.8 13150.8 13150.8
0 0 1 0 0 1 0 0 0 0 0 4.04818e-09 -0 0 0 -0 0 0 0 0 0 0 0 0 0 0 0 0 0 1 13150.8 13150.8 13150.8 13150.8
0 0 1 0 0 1 0 0 0 0 0 1.81447e-09 -0 0 0 -0 0 0 0 0 0 0 0 0 0 0 0 0 0 1 13150.8 13150.8 13150.8 13150.8
0 0 1 0 0 1 0 0 0 0 0 -4.27396e-10 -0 0 0 -0 0 0 0 0 0 0 0 0 0 0 0 0 0 1 13150.8 13150.8 13150.8 13150.8
0 0 1 0 0 1 0 0 0 0 0 -2.69399e-09 -0 0 0 -0 0 0 0 0 0 0 0 0 0 0 0 0 0 1 13150.8 13150.8 13150.8 13150.8
0 0 1 0 0 1 0 0 0 0 0 -4.74137e-09 -0 0 0 -0 0 0 0 0 0 0 0 0 0 0 0 0 0 1 13150.8 13150.8 13150.8 13150.8
0 0 1 0 0 1 0 0 0 0 0 3.9726e-10 -0 0 0 -0 0 0 0 0 0 0 0 0 0 0 0 0 0 1 13150.8 13150.8 13150.8 13150.8
0 0 1 0 0 1 0 0 0 0 0 5.59465e-09 -0 0 0 -0 0 0 0 0 0 0 0 0 0 0 0 0 0 1 13150.8 13150.8 13150.8 13150.8
0 0 1 0 0 1 0 0 0 0 0 3.34741e-09 -0 0 0 -0 0 0 0 0 0 0 0 0 0 0 0 0 0 1 13150.8 13150.8 13150.8 13150.8
0 0 1 0 0 1 0 0 0 0 0 1.30949e-09 -0 0 0 -0 0 0 0 0 0 0 0 0 0 0 0 0 0 1 13150.8 13150.8 13150.8 13150.8
0 0 1 0 0 1 0 0 0 0 0 -9.27199e-10 -0 0 0 -0 0 0 0 0 0 0 0 0 0 0 0 0 0 1 13150.8 13150.8 13150.8 13150.8
0 0 1 0 0 1 0 0 0 0 0 -3.16228e-09 -0 0 0 -0 0 0 0 0 0 0 0 0 0 0 0 0 0 1 13150.8 13150.8 13150.8 13150.8
0 0 1 0 0 1 0 0 0 0 0 -5.40883e-09 -0 0 0 -0 0 0 0 0 0 0 0 0 0 0 0 0 0 1 13150.8 13150.8 13150.8 13150.8
0 0 1 0 0 1 0 0 0 0 0 -6.51733e-10 -0 0 0 -0 0 0 0 0 0 0 0 0 0 0 0 0 0 1 13150.8 13150.8 13150.8 13150.8
0 0 1 0 0 1 0 0 0 0 0 4.52268e-09 -0 0 0 -0 0 0 0 0 0 0 0 0 0 0 0 0 0 1 13150.8 13150.8 13150.8 13150.8
0 0 1 0 0 1 0 0 0 0 0 2.28718e-09 -0 0 0 -0 0 0 0 0 0 0 0 0 0 0 0 0 0 1 13150.8 13150.8 13150.8 13150.8
0 0 1 0 0 1 0 0 0 0 0 -1.70852e-11 -0 0 0 -0 0 0 0 0 0 0 0 0 0 0 0 0 0 1 13150.8 13150.8 13150.8 13150.8
0 0 1 0 0 1 0 0 0 0 0 -2.00579e-09 -0 0 0 -0 0 0 0 0 0 0 0 0 0 0 0 0 0 1 13150.8 13150.8 13150.8 13150.8
0 0 1 0 0 1 0 0 0 0 0 -4.2431e-09 -0 0 0 -0 0 0 0 0 0 0 0 0 0 0 0 0 0 1 13150.8 13150.8 13150.8 13150.8
0 0 1 0 0 1 0 0 0 0 0 9.45217e-10 -0 0 0 -0 0 0 0 0 0 0 0 0 0 0 0 0 0 1 13150.8 13150.8 13150.8 13150.8
0 0 1 0 0 1 0 0 0 0 0 7.24818e-09 -0 0 0 -0 0 0 0 0 0 0 0 0 0 0 0 0 0 1 13150.8 13150.8 13150.8 13150.8
0 0 1 0 0 1 0 0 0 0 0 5.65446e-09 -0 0 0 -0 0 0 0 0 0 0 0 0 0 0 0 0 0 1 13150.8 13150.8 13150.8 13150.8
0 0 1 0 0 1 0 0 0 0 0 3.41675e-09 -0 0 0 -0 0 0 0 0 0 0 0 0 0 0 0 0 0 1 13150.8 13150.8 13150.8 13150.8
0 0 1 0 0 1 0 0 0 0 0 1.19494e-09 -0 0 0 -0 0 0 0 0 0 0 0 0 0 0 0 0 0 1 13150.8 13150.8 13150.8 13150.8
0 0 1 0 0 1 0 0 0 0 0 -1.04271e-09 -0 0 0 -0 0 0 0 0 0 0 0 0 0 0 0 0 0 1 13150.8 13150.8 13150.8 13150.8
0 0 1 0 0 1 0 0 0 0 0 -3.11125e-09 -0 0 0 -0 0 0 0 0 0 0 0 0 0 0 0 0 0 1 13150.8 13150.8 13150.8 13150.8
0 0 1 0 0 1 0 0 0 0 0 -5.33989e-09 -0 0 0 -0 0 0 0 0 0 0 0 0 0 0 0 0 0 1 13150.8 13150.8 13150.8 13150.8
0 0 1 0 0 1 0 0 0 0 0 4.74912e-09 -0 0 0 -0 0 0 0 0 0 0 0 0 0 0 0 0 0 1 13150.8 13150.8 13150.8 13150.8
0 0 1 0 0 1 0 0 0 0 0 4.74912e-09 -0 0 0 -0 0 0 0 0 0 0 0 0 0 0 0 0 0 1 13150.8 13150.8 13150.8 13150.8
0 0 1 0 0 1 0 0 0 0 0 2.54292e-09 -0 0 0 -0 0 0 0 0 0 0 0 0 0 0 0 0 0 1 13150.8 13150.8 13150.8 13150.8
0 0 1 0 0 1 0 0 0 0 0 3.40107e-10 -0 0 0 -0 0 0 0 0 0 0 0 0 0 0 0 0 0 1 13150.8 13150.8 13150.8 13150.8
0 0 1 0 0 1 0 0 0 0 0 -1.88676e-09 -0 0 0 -0 0 0 0 0 0 0 0 0 0 0 0 0 0 1 13150.8 13150.8 13150.8 13150.8
0 0 1 0 0 1 0 0 0 0 0 -4.13996e-09 -0 0 0 -0 0 0 0 0 0 0 0 0 0 0 0 0 0 1 13150.8 13150.8 13150.8 13150.8
0 0 1 0 0 1 0 0 0 0 0 -1.30369e-09 -0 0 0 -0 0 0 0 0 0 0 0 0 0 0 0 0 0 1 13150.8 13150.8 13150.8 13150.8
0 0 1 0 0 1 0 0 0 0 0 -1.30369e-09 -0 0 0 -0 0 0 0 0 0 0 0 0 0 0 0 0 0 1 13150.8 13150.8 13150.8 13150.8
0 0 1 0 0 1 0 0 0 0 0 -3.60738e-09 -0 0 0 -0 0 0 0 0 0 0 0 0 0 0 0 0 0 1 13150.8 13150.8 13150.8 13150.8
0 0 1 0 0 1 0 0 0 0 0 -5.84601e-09 -0 0 0 -0 0 0 0 0 0 0 0 0 0 0 0 0 0 1 13150.8 13150.8 13150.8 13150.8
0 0 1 0 0 1 0 0 0 0 0 -1.10193e-09 -0 0 0 -0 0 0 0 0 0 0 0 0 0 0 0 0 0 1 13150.8 13150.8 13150.8 13150.8
0 0 1 0 0 1 0 0 0 0 0 4.10624e-09 -0 0 0 -0 0 0 0 0 0 0 0 0 0 0 0 0 0 1 13150.8 13150.8 13150.8 13150.8
0 0 1 0 0 1 0 0 0 0 0 1.87686e-09 -0 0 0 -0 0 0 0 0 0 0 0 0 0 0 0 0 0 1 13150.8 13150.8 13150.8 13150.8
0 0 1 0 0 1 0 0 0 0 0 -3.8786e-10 -0 0 0 -0 0 0 0 0 0 0 0 0 0 0 0 0 0 1 13150.8 13150.8 13150.8 13150.8
0 0 1 0 0 1 0 0 0 0 0 -2.68341e-09 -0 0 0 -0 0 0 0 0 0 0 0 0 0 0 0 0 0 1 13150.8 13150.8 13150.8 13150.8
0 0 1 0 0 1 0 0 0 0 0 -4.63705e-09 -0 0 0 -0 0 0 0 0 0 0 0 0 0 0 0 0 0 1 13150.8 13150.8 13150.8 13150.8
0 0 1 0 0 1 0 0 0 0 0 5.82494e-10 -0 0 0 -0 0 0 0 0 0 0 0 0 0 0 0 0 0 1 13150.8 13150.8 13150.8 13150.8
0 0 1 0 0 1 0 0 0 0 0 5.84072e-09 -0 0 0 -0 0 0 0 0 0 0 0 0 0 0 0 0 0 1 13150.8 13150.8 13150.8 13150.8
0 0 1 0 0 1 0 0 0 0 0 3.81851e-09 -0 0 0 -0 0 0 0 0 0 0 0 0 0 0 0 0 0 1 13150.8 13150.8 13150.8 13150.8
0 0 1 0 0 1 0 0 0 0 0 1.58963e-09 -0 0 0 -0 0 0 0 0 0 0 0 0 0 0 0 0 0 1 13150.8 13150.8 13150.8 13150.8
0 0 1 0 0 1 0 0 0 0 0 -6.50943e-10 -0 0 0 -0 0 0 0 0 0 0 0 0 0 0 0 0 0 1 13150.8 13150.8 13150.8 13150.8
0 0 1 0 0 1 0 0 0 0 0 -2.90049e-09 -0 0 0 -0 0 0 0 0 0 0 0 0 0 0 0 0 0 1 13150.8 13150.8 13150.8 13150.8
0 0 1 0 0 1 0 0 0 0 0 -4.93221e-09 -0 0 0 -0 0 0 0 0 0 0 0 0 0 0 0 0 0 1 13150.8 13150.8 13150.8 13150.8
0 0 1 0 0 1 0 0 0 0 0 2.78876e-10 -0 0 0 -0 0 0 0 0 0 0 0 0 0 0 0 0 0 1 13150.8 13150.8 13150.8 13150.8
0 0 1 0 0 1 0 0 0 0 0 5.51465e-09 -0 0 0 -0 0 0 0 0 0 0 0 0 0 0 0 0 0 1 13150.8 13150.8 13150.8 13150.8
0 0 1 0 0 1 0 0 0 0 0 3.28381e-09 -0 0 0 -0 0 0 0 0 0 0 0 0 0 0 0 0 0 1 13150.8 13150.8 13150.8 13150.8
0 0 1 0 0 1 0 0 0 0 0 1.20597e-09 -0 0 0 -0 0 0 0 0 0 0 0 0 0 0 0 0 0 1 13150.8 13150.8 13150.8 13150.8
0 0 1 0 0 1 0 0 0 0 0 -1.016e-09 -0 0 0 -0 0 0 0 0 0 0 0 0 0 0 0 0 0 1 13150.8 13150.8 13150.8 13150.8
0 0 1 0 0 1 0 0 0 0 0 -3.23883e-09 -0 0 0 -0 0 0 0 0 0 0 0 0 0 0 0 0 0 1 13150.8 13150.8 13150.8 13150.8
0 0 1 0 0 1 0 0 0 0 0 -5.49197e-09 -0 0 0 -0 0 0 0 0 0 0 0 0 0 0 0 0 0 1 13150.8 13150.8 13150.8 13150.8
0 0 1 0 0 1 0 0 0 0 0 -7.52013e-10 -0 0 0 -0 0 0 0 0 0 0 0 0 0 0 0 0 0 1 13150.8 13150.8 13150.8 13150.8
0 0 1 0 0 1 0 0 0 0 0 4.43416e-09 -0 0 0 -0 0 0 0 0 0 0 0 0 0 0 0 0 0 1 13150.8 13150.8 13150.8 13150.8
0 0 1 0 0 1 0 0 0 0 0 2.17887e-09 -0 0 0 -0 0 0 0 0 0 0 0 0 0 0 0 0 0 1 13150.8 13150.8 13150.8 13150.8
0 0 1 0 0 1 0 0 0 0 0 -6.69402e-11 -0 0 0 -0 0 0 0 0 0 0 0 0 0 0 0 0 0 1 13150.8 13150.8 13150.8 13150.8
0 0 1 0 0 1 0 0 0 0 0 -2.08955e-09 -0 0 0 -0 0 0 0 0 0 0 0 0 0 0 0 0 0 1 13150.8 13150.8 13150.8 13150.8
0 0 1 0 0 1 0 0 0 0 0 7.82326e-10 -0 0 0 -0 0 0 0 0 0 0 0 0 0 0 0 0 0 1 13150.8 13150.8 13150.8 13150.8
0 0 1 0 0 1 0 0 0 0 0 -1.41996e-09 -0 0 0 -0 0 0 0 0 0 0 0 0 0 0 0 0 0 1 13150.8 13150.8 13150.8 13150.8
0 0 1 0 0 1 0 0 0 0 0 -1.41996e-09 -0 0 0 -0 0 0 0 0 0 0 0 0 0 0 0 0 0 1 13150.8 13150.8 13150.8 13150.8
0 0 1 0 0 1 0 0 0 0 0 -3.61251e-09 -0 0 0 -0 0 0 0 0 0 0 0 0 0 0 0 0 0 1 13150.8 13150.8 13150.8 13150.8
0 0 1 0 0 1 0 0 0 0 0 -5.8372e-09 -0 0 0 -0 0 0 0 0 0 0 0 0 0 0 0 0 0 1 13150.8 13150.8 13150.8 13150.8
0 0 1 0 0 1 0 0 0 0 0 -6.60457e-10 -0 0 0 -0 0 0 0 0 0 0 0 0 0 0 0 0 0 1 13150.8 13150.8 13150.8 13150.8
0 0 1 0 0 1 0 0 0 0 0 4.57295e-09 -0 0 0 -0 0 0 0 0 0 0 0 0 0 0 0 0 0 1 13150.8 13150.8 13150.8 13150.8
0 0 1 0 0 1 0 0 0 0 0 2.54525e-09 -0 0 0 -0 0 0 0 0 0 0 0 0 0 0 0 0 0 1 13150.8 13150.8 13150.8 13150.8
0 0 1 0 0 1 0 0 0 0 0 3.11601e-10 -0 0 0 -0 0 0 0 0 0 0 0 0 0 0 0 0 0 1 13150.8 13150.8 13150.8 13150.8
0 0 1 0 0 1 0 0 0 0 0 -4.0533e-09 -0 0 0 -0 0 0 0 0 0 0 0 0 0 0 0 0 0 1 13150.8 13150.8 13150.8 13150.8
0 0 1 0 0 1 0 0 0 0 0 -4.0533e-09 -0 0 0 -0 0 0 0 0 0 0 0 0 0 0 0 0 0 1 13150.8 13150.8 13150.8 13150.8
0 0 1 0 0 1 0 0 0 0 0 1.2997e-09 -0 0 0 -0 0 0 0 0 0 0 0 0 0 0 0 0 0 1 13150.8 13150.8 13150.8 13150.8
0 0 1 0 0 1 0 0 0 0 0 6.19659e-09 -0 0 0 -0 0 0 0 0 0 0 0 0 0 0 0 0 0 1 13150.8 13150.8 13150.8 13150.8
0 0 1 0 0 1 0 0 0 0 0 3.94889e-09 -0 0 0 -0 0 0 0 0 0 0 0 0 0 0 0 0 0 1 13150.8 13150.8 13150.8 13150.8
0 0 1 0 0 1 0 0 0 0 0 1.71985e-09 -0 0 0 -0 0 0 0 0 0 0 0 0 0 0 0 0 0 1 13150.8 13150.8 13150.8 13150.8
0 0 1 0 0 1 0 0 0 0 0 -3.34446e-10 -0 0 0 -0 0 0 0 0 0 0 0 0 0 0 0 0 0 1 13150.8 13150.8 13150.8 13150.8
0 0 1 0 0 1 0 0 0 0 0 -2.57139e-09 -0 0 0 -0 0 0 0 0 0 0 0 0 0 0 0 0 0 1 13150.8 13150.8 13150.8 13150.8
0 0 1 0 0 1 0 0 0 0 0 -4.8019e-09 -0 0 0 -0 0 0 0 0 0 0 0 0 0 0 0 0 0 1 13150.8 13150.8 13150.8 13150.8
0 0 1 0 0 1 0 0 0 0 0 4.16656e-10 -0 0 0 -0 0 0 0 0 0 0 0 0 0 0 0 0 0 1 13150.8 13150.8 13150.8 13150.8
0 0 1 0 0 1 0 0 0 0 0 5.14745e-09 -0 0 0 -0 0 0 0 0 0 0 0 0 0 0 0 0 0 1 13150.8 13150.8 13150.8 13150.8
0 0 1 0 0 1 0 0 0 0 0 2.90289e-09 -0 0 0 -0 0 0 0 0 0 0 0 0 0 0 0 0 0 1 13150.8 13150.8 13150.8 13150.8
0 0 1 0 0 1 0 0 0 0 0 6.72226e-10 -0 0 0 -0 0 0 0 0 0 0 0 0 0 0 0 0 0 1 13150.8 13150.8 13150.8 13150.8
0 0 1 0 0 1 0 0 0 0 0 -1.56664e-09 -0 0 0 -0 0 0 0 0 0 0 0 0 0 0 0 0 0 1 13150.8 13150.8 13150.8 13150.8
0 0 1 0 0 1 0 0 0 0 0 -3.60146e-09 -0 0 0 -0 0 0 0 0 0 0 0 0 0 0 0 0 0 1 13150.8 13150.8 13150.8 13150.8
0 0 1 0 0 1 0 0 0 0 0 -5.84247e-09 -0 0 0 -0 0 0 0 0 0 0 0 0 0 0 0 0 0 1 13150.8 13150.8 13150.8 13150.8
0 0 1 0 0 1 0 0 0 0 0 -5.55558e-10 -0 0 0 -0 0 0 0 0 0 0 0 0 0 0 0 0 0 1 13150.8 13150.8 13150.8 13150.8
0 0 1 0 0 1 0 0 0 0 0 4.61122e-09 -0 0 0 -0 0 0 0 0 0 0 0 0 0 0 0 0 0 1 13150.8 13150.8 13150.8 13150.8
0 0 1 0 0 1 0 0 0 0 0 2.56944e-09 -0 0 0 -0 0 0 0 0 0 0 0 0 0 0 0 0 0 1 13150.8 13150.8 13150.8 13150.8
0 0 1 0 0 1 0 0 0 0 0 -1.84976e-09 -0 0 0 -0 0 0 0 0 0 0 0 0 0 0 0 0 0 1 13150.8 13150.8 13150.8 13150.8
0 0 1 0 0 1 0 0 0 0 0 -1.84976e-09 -0 0 0 -0 0 0 0 0 0 0 0 0 0 0 0 0 0 1 13150.8 13150.8 13150.8 13150.8
0 0 1 0 0 1 0 0 0 0 0 3.51946e-09 -0 0 0 -0 0 0 0 0 0 0 0 0 0 0 0 0 0 1 13150.8 13150.8 13150.8 13150.8
0 0 1 0 0 1 0 0 0 0 0 8.23408e-09 -0 0 0 -0 0 0 0 0 0 0 0 0 0 0 0 0 0 1 13150.8 13150.8 13150.8 13150.8
0 0 1 0 0 1 0 0 0 0 0 5.99433e-09 -0 0 0 -0 0 0 0 0 0 0 0 0 0 0 0 0 0 1 13150.8 13150.8 13150.8 13150.8
0 0 1 0 0 1 0 0 0 0 0 3.75084e-09 -0 0 0 -0 0 0 0 0 0 0 0 0 0 0 0 0 0 1 13150.8 13150.8 13150.8 13150.8
0 0 1 0 0 1 0 0 0 0 0 1.51755e-09 -0 0 0 -0 0 0 0 0 0 0 0 0 0 0 0 0 0 1 13150.8 13150.8 13150.8 13150.8
0 0 1 0 0 1 0 0 0 0 0 -5.19417e-10 -0 0 0 -0 0 0 0 0 0 0 0 0 0 0 0 0 0 1 13150.8 13150.8 13150.8 13150.8
0 0 1 0 0 1 0 0 0 0 0 -2.75402e-09 -0 0 0 -0 0 0 0 0 0 0 0 0 0 0 0 0 0 1 13150.8 13150.8 13150.8 13150.8
0 0 1 0 0 1 0 0 0 0 0 -5.00462e-09 -0 0 0 -0 0 0 0 0 0 0 0 0 0 0 0 0 0 1 13150.8 13150.8 13150.8 13150.8
0 0 1 0 0 1 0 0 0 0 0 2.30665e-10 -0 0 0 -0 0 0 0 0 0 0 0 0 0 0 0 0 0 1 13150.8 13150.8 13150.8 13150.8
0 0 1 0 0 1 0 0 0 0 0 4.96592e-09 -0 0 0 -0 0 0 0 0 0 0 0 0 0 0 0 0 0 1 13150.8 13150.8 13150.8 13150.8
0 0 1 0 0 1 0 0 0 0 0 2.72049e-09 -0 0 0 -0 0 0 0 0 0 0 0 0 0 0 0 0 0 1 13150.8 13150.8 13150.8 13150.8
0 0 1 0 0 1 0 0 0 0 0 4.91028e-10 -0 0 0 -0 0 0 0 0 0 0 0 0 0 0 0 0 0 1 13150.8 13150.8 13150.8 13150.8
0 0 1 0 0 1 0 0 0 0 0 -1.77596e-09 -0 0 0 -0 0 0 0 0 0 0 0 0 0 0 0 0 0 1 13150.8 13150.8 13150.8 13150.8
0 0 1 0 0 1 0 0 0 0 0 -3.77441e-09 -0 0 0 -0 0 0 0 0 0 0 0 0 0 0 0 0 0 1 13150.8 13150.8 13150.8 13150.8
0 0 1 0 0 1 0 0 0 0 0 -6.00828e-09 -0 0 0 -0 0 0 0 0 0 0 0 0 0 0 0 0 0 1 13150.8 13150.8 13150.8 13150.8
0 0 1 0 0 1 0 0 0 0 0 -7.6301e-10 -0 0 0 -0 0 0 0 0 0 0 0 0 0 0 0 0 0 1 13150.8 13150.8 13150.8 13150.8
0 0 1 0 0 1 0 0 0 0 0 4.46671e-09 -0 0 0 -0 0 0 0 0 0 0 0 0 0 0 0 0 0 1 13150.8 13150.8 13150.8 13150.8
0 0 1 0 0 1 0 0 0 0 0 2.43841e-09 -0 0 0 -0 0 0 0 0 0 0 0 0 0 0 0 0 0 1 13150.8 13150.8 13150.8 13150.8
0 0 1 0 0 1 0 0 0 0 0 1.88632e-10 -0 0 0 -0 0 0 0 0 0 0 0 0 0 0 0 0 0 1 13150.8 13150.8 13150.8 13150.8
0 0 1 0 0 1 0 0 0 0 0 -2.04064e-09 -0 0 0 -0 0 0 0 0 0 0 0 0 0 0 0 0 0 1 13150.8 13150.8 13150.8 13150.8
0 0 1 0 0 1 0 0 0 0 0 -4.27455e-09 -0 0 0 -0 0 0 0 0 0 0 0 0 0 0 0 0 0 1 13150.8 13150.8 13150.8 13150.8
0 0 1 0 0 1 0 0 0 0 0 4.9467e-10 -0 0 0 -0 0 0 0 0 0 0 0 0 0 0 0 0 0 1 13150.8 13150.8 13150.8 13150.8
0 0 1 0 0 1 0 0 0 0 0 5.72132e-09 -0 0 0 -0 0 0 0 0 0 0 0 0 0 0 0 0 0 1 13150.8 13150.8 13150.8 13150.8
0 0 1 0 0 1 0 0 0 0 0 3.49462e-09 -0 0 0 -0 0 0 0 0 0 0 0 0 0 0 0 0 0 1 13150.8 13150.8 13150.8 13150.8
0 0 1 0 0 1 0 0 0 0 0 1.24405e-09 -0 0 0 -0 0 0 0 0 0 0 0 0 0 0 0 0 0 1 13150.8 13150.8 13150.8 13150.8
0 0 1 0 0 1 0 0 0 0 0 -7.83147e-10 -0 0 0 -0 0 0 0 0 0 0 0 0 0 0 0 0 0 1 13150.8 13150.8 13150.8 13150.8
0 0 1 0 0 1 0 0 0 0 0 -3.02812e-09 -0 0 0 -0 0 0 0 0 0 0 0 0 0 0 0 0 0 1 13150.8 13150.8 13150.8 13150.8
0 0 1 0 0 1 0 0 0 0 0 -5.26155e-09 -0 0 0 -0 0 0 0 0 0 0 0 0 0 0 0 0 0 1 13150.8 13150.8 13150.8 13150.8
0 0 1 0 0 1 0 0 0 0 0 -1.55622e-11 -0 0 0 -0 0 0 0 0 0 0 0 0 0 0 0 0 0 1 13150.8 13150.8 13150.8 13150.8
0 0 1 0 0 1 0 0 0 0 0 4.71911e-09 -0 0 0 -0 0 0 0 0 0 0 0 0 0 0 0 0 0 1 13150.8 13150.8 13150.8 13150.8
0 0 1 0 0 1 0 0 0 0 0 2.47902e-09 -0 0 0 -0 0 0 0 0 0 0 0 0 0 0 0 0 0 1 13150.8 13150.8 13150.8 13150.8
0 0 1 0 0 1 0 0 0 0 0 2.46394e-10 -0 0 0 -0 0 0 0 0 0 0 0 0 0 0 0 0 0 1 13150.8 13150.8 13150.8 13150.8
0 0 1 0 0 1 0 0 0 0 0 -2.27161e-09 -0 0 0 -0 0 0 0 0 0 0 0 0 0 0 0 0 0 1 13150.8 13150.8 13150.8 13150.8
0 0 1 0 0 1 0 0 0 0 0 -4.02666e-09 -0 0 0 -0 0 0 0 0 0 0 0 0 0 0 0 0 0 1 13150.8 13150.8 13150.8 13150.8
0 0 1 0 0 1 0 0 0 0 0 1.20661e-09 -0 0 0 -0 0 0 0 0 0 0 0 0 0 0 0 0 0 1 13150.8 13150.8 13150.8 13150.8
0 0 1 0 0 1 0 0 0 0 0 6.38673e-09 -0 0 0 -0 0 0 0 0 0 0 0 0 0 0 0 0 0 1 13150.8 13150.8 13150.8 13150.8
0 0 1 0 0 1 0 0 0 0 0 4.13618e-09 -0 0 0 -0 0 0 0 0 0 0 0 0 0 0 0 0 0 1 13150.8 13150.8 13150.8 13150.8
0 0 1 0 0 1 0 0 0 0 0 2.09317e-09 -0 0 0 -0 0 0 0 0 0 0 0 0 0 0 0 0 0 1 13150.8 13150.8 13150.8 13150.8
0 0 1 0 0 1 0 0 0 0 0 -1.40047e-10 -0 0 0 -0 0 0 0 0 0 0 0 0 0 0 0 0 0 1 13150.8 13150.8 13150.8 13150.8
0 0 1 0 0 1 0 0 0 0 0 -2.36531e-09 -0 0 0 -0 0 0 0 0 0 0 0 0 0 0 0 0 0 1 13150.8 13150.8 13150.8 13150.8
0 0 1 0 0 1 0 0 0 0 0 -4.627e-09 -0 0 0 -0 0 0 0 0 0 0 0 0 0 0 0 0 0 1 13150.8 13150.8 13150.8 13150.8
0 0 1 0 0 1 0 0 0 0 0 1.05309e-10 -0 0 0 -0 0 0 0 0 0 0 0 0 0 0 0 0 0 1 13150.8 13150.8 13150.8 13150.8
0 0 1 0 0 1 0 0 0 0 0 5.35332e-09 -0 0 0 -0 0 0 0 0 0 0 0 0 0 0 0 0 0 1 13150.8 13150.8 13150.8 13150.8
0 0 1 0 0 1 0 0 0 0 0 3.12332e-09 -0 0 0 -0 0 0 0 0 0 0 0 0 0 0 0 0 0 1 13150.8 13150.8 13150.8 13150.8
0 0 1 0 0 1 0 0 0 0 0 8.81726e-10 -0 0 0 -0 0 0 0 0 0 0 0 0 0 0 0 0 0 1 13150.8 13150.8 13150.8 13150.8
0 0 1 0 0 1 0 0 0 0 0 -1.15913e-09 -0 0 0 -0 0 0 0 0 0 0 0 0 0 0 0 0 0 1 13150.8 13150.8 13150.8 13150.8
0 0 1 0 0 1 0 0 0 0 0 -3.39845e-09 -0 0 0 -0 0 0 0 0 0 0 0 0 0 0 0 0 0 1 13150.8 13150.8 13150.8 13150.8
0 0 1 0 0 1 0 0 0 0 0 -5.61888e-09 -0 0 0 -0 0 0 0 0 0 0 0 0 0 0 0 0 0 1 13150.8 13150.8 13150.8 13150.8
0 0 1 0 0 1 0 0 0 0 0 -3.94267e-10 -0 0 0 -0 0 0 0 0 0 0 0 0 0 0 0 0 0 1 13150.8 13150.8 13150.8 13150.8
0 0 1 0 0 1 0 0 0 0 0 4.3955e-09 -0 0 0 -0 0 0 0 0 0 0 0 0 0 0 0 0 0 1 13150.8 13150.8 13150.8 13150.8
0 0 1 0 0 1 0 0 0 0 0 2.17566e-09 -0 0 0 -0 0 0 0 0 0 0 0 0 0 0 0 0 0 1 13150.8 13150.8 13150.8 13150.8
0 0 1 0 0 1 0 0 0 0 0 -7.41894e-11 -0 0 0 -0 0 0 0 0 0 0 0 0 0 0 0 0 0 1 13150.8 13150.8 13150.8 13150.8
0 0 1 0 0 1 0 0 0 0 0 -2.312e-09 -0 0 0 -0 0 0 0 0 0 0 0 0 0 0 0 0 0 1 13150.8 13150.8 13150.8 13150.8
0 0 1 0 0 1 0 0 0 0 0 -4.60433e-09 -0 0 0 -0 0 0 0 0 0 0 0 0 0 0 0 0 0 1 13150.8 13150.8 13150.8 13150.8
0 0 1 0 0 1 0 0 0 0 0 -2.42587e-12 -0 0 0 -0 0 0 0 0 0 0 0 0 0 0 0 0 0 1 13150.8 13150.8 13150.8 13150.8
0 0 1 0 0 1 0 0 0 0 0 5.23787e-09 -0 0 0 -0 0 0 0 0 0 0 0 0 0 0 0 0 0 1 13150.8 13150.8 13150.8 13150.8
0 0 1 0 0 1 0 0 0 0 0 2.98682e-09 -0 0 0 -0 0 0 0 0 0 0 0 0 0 0 0 0 0 1 13150.8 13150.8 13150.8 13150.8
0 0 1 0 0 1 0 0 0 0 0 9.67695e-10 -0 0 0 -0 0 0 0 0 0 0 0 0 0 0 0 0 0 1 13150.8 13150.8 13150.8 13150.8
0 0 1 0 0 1 0 0 0 0 0 -1.27612e-09 -0 0 0 -0 0 0 0 0 0 0 0 0 0 0 0 0 0 1 13150.8 13150.8 13150.8 13150.8
0 0 1 0 0 1 0 0 0 0 0 -3.49798e-09 -0 0 0 -0 0 0 0 0 0 0 0 0 0 0 0 0 0 1 13150.8 13150.8 13150.8 13150.8
0 0 1 0 0 1 0 0 0 0 0 -5.78246e-09 -0 0 0 -0 0 0 0 0 0 0 0 0 0 0 0 0 0 1 13150.8 13150.8 13150.8 13150.8
0 0 1 0 0 1 0 0 0 0 0 -1.08015e-09 -0 0 0 -0 0 0 0 0 0 0 0 0 0 0 0 0 0 1 13150.8 13150.8 13150.8 13150.8
0 0 1 0 0 1 0 0 0 0 0 4.15173e-09 -0 0 0 -0 0 0 0 0 0 0 0 0 0 0 0 0 0 1 13150.8 13150.8 13150.8 13150.8
0 0 1 0 0 1 0 0 0 0 0 1.92455e-09 -0 0 0 -0 0 0 0 0 0 0 0 0 0 0 0 0 0 1 13150.8 13150.8 13150.8 13150.8
0 0 1 0 0 1 0 0 0 0 0 -3.19255e-10 -0 0 0 -0 0 0 0 0 0 0 0 0 0 0 0 0 0 1 13150.8 13150.8 13150.8 13150.8
0 0 1 0 0 1 0 0 0 0 0 -2.35256e-09 -0 0 0 -0 0 0 0 0 0 0 0 0 0 0 0 0 0 1 13150.8 13150.8 13150.8 13150.8
0 0 1 0 0 1 0 0 0 0 0 -4.60464e-09 -0 0 0 -0 0 0 0 0 0 0 0 0 0 0 0 0 0 1 13150.8 13150.8 13150.8 13150.8
0 0 1 0 0 1 0 0 0 0 0 5.39092e-10 -0 0 0 -0 0 0 0 0 0 0 0 0 0 0 0 0 0 1 13150.8 13150.8 13150.8 13150.8
0 0 1 0 0 1 0 0 0 0 0 5.84245e-09 -0 0 0 -0 0 0 0 0 0 0 0 0 0 0 0 0 0 1 13150.8 13150.8 13150.8 13150.8
0 0 1 0 0 1 0 0 0 0 0 3.82275e-09 -0 0 0 -0 0 0 0 0 0 0 0 0 0 0 0 0 0 1 13150.8 13150.8 13150.8 13150.8
0 0 1 0 0 1 0 0 0 0 0 1.58398e-09 -0 0 0 -0 0 0 0 0 0 0 0 0 0 0 0 0 0 1 13150.8 13150.8 13150.8 13150.8
0 0 1 0 0 1 0 0 0 0 0 -6.53759e-10 -0 0 0 -0 0 0 0 0 0 0 0 0 0 0 0 0 0 1 13150.8 13150.8 13150.8 13150.8
0 0 1 0 0 1 0 0 0 0 0 -2.9063e-09 -0 0 0 -0 0 0 0 0 0 0 0 0 0 0 0 0 0 1 13150.8 13150.8 13150.8 13150.8
0 0 1 0 0 1 0 0 0 0 0 -4.93288e-09 -0 0 0 -0 0 0 0 0 0 0 0 0 0 0 0 0 0 1 13150.8 13150.8 13150.8 13150.8
0 0 1 0 0 1 0 0 0 0 0 2.68752e-10 -0 0 0 -0 0 0 0 0 0 0 0 0 0 0 0 0 0 1 13150.8 13150.8 13150.8 13150.8
0 0 1 0 0 1 0 0 0 0 0 5.46678e-09 -0 0 0 -0 0 0 0 0 0 0 0 0 0 0 0 0 0 1 13150.8 13150.8 13150.8 13150.8
0 0 1 0 0 1 0 0 0 0 0 3.22709e-09 -0 0 0 -0 0 0 0 0 0 0 0 0 0 0 0 0 0 1 13150.8 13150.8 13150.8 13150.8
0 0 1 0 0 1 0 0 0 0 0 1.17039e-09 -0 0 0 -0 0 0 0 0 0 0 0 0 0 0 0 0 0 1 13150.8 13150.8 13150.8 13150.8
0 0 1 0 0 1 0 0 0 0 0 -1.05373e-09 -0 0 0 -0 0 0 0 0 0 0 0 0 0 0 0 0 0 1 13150.8 13150.8 13150.8 13150.8
0 0 1 0 0 1 0 0 0 0 0 -3.28353e-09 -0 0 0 -0 0 0 0 0 0 0 0 0 0 0 0 0 0 1 13150.8 13150.8 13150.8 13150.8
0 0 1 0 0 1 0 0 0 0 0 -5.54068e-09 -0 0 0 -0 0 0 0 0 0 0 0 0 0 0 0 0 0 1 13150.8 13150.8 13150.8 13150.8
0 0 1 0 0 1 0 0 0 0 0 -7.90929e-10 -0 0 0 -0 0 0 0 0 0 0 0 0 0 0 0 0 0 1 13150.8 13150.8 13150.8 13150.8
0 0 1 0 0 1 0 0 0 0 0 4.38917e-09 -0 0 0 -0 0 0 0 0 0 0 0 0 0 0 0 0 0 1 13150.8 13150.8 13150.8 13150.8
0 0 1 0 0 1 0 0 0 0 0 2.13952e-09 -0 0 0 -0 0 0 0 0 0 0 0 0 0 0 0 0 0 1 13150.8 13150.8 13150.8 13150.8
0 0 1 0 0 1 0 0 0 0 0 -1.13209e-10 -0 0 0 -0 0 0 0 0 0 0 0 0 0 0 0 0 0 1 13150.8 13150.8 13150.8 13150.8
0 0 1 0 0 1 0 0 0 0 0 -2.14775e-09 -0 0 0 -0 0 0 0 0 0 0 0 0 0 0 0 0 0 1 13150.8 13150.8 13150.8 13150.8
0 0 1 0 0 1 0 0 0 0 0 -4.37978e-09 -0 0 0 -0 0 0 0 0 0 0 0 0 0 0 0 0 0 1 13150.8 13150.8 13150.8 13150.8
0 0 1 0 0 1 0 0 0 0 0 8.09253e-10 -0 0 0 -0 0 0 0 0 0 0 0 0 0 0 0 0 0 1 13150.8 13150.8 13150.8 13150.8
0 0 1 0 0 1 0 0 0 0 0 6.10467e-09 -0 0 0 -0 0 0 0 0 0 0 0 0 0 0 0 0 0 1 13150.8 13150.8 13150.8 13150.8
0 0 1 0 0 1 0 0 0 0 0 4.08176e-09 -0 0 0 -0 0 0 0 0 0 0 0 0 0 0 0 0 0 1 13150.8 13150.8 13150.8 13150.8
0 0 1 0 0 1 0 0 0 0 0 1.85032e-09 -0 0 0 -0 0 0 0 0 0 0 0 0 0 0 0 0 0 1 13150.8 13150.8 13150.8 13150.8
0 0 1 0 0 1 0 0 0 0 0 -3.86457e-10 -0 0 0 -0 0 0 0 0 0 0 0 0 0 0 0 0 0 1 13150.8 13150.8 13150.8 13150.8
0 0 1 0 0 1 0 0 0 0 0 -2.63759e-09 -0 0 0 -0 0 0 0 0 0 0 0 0 0 0 0 0 0 1 13150.8 13150.8 13150.8 13150.8
0 0 1 0 0 1 0 0 0 0 0 -4.67225e-09 -0 0 0 -0 0 0 0 0 0 0 0 0 0 0 0 0 0 1 13150.8 13150.8 13150.8 13150.8
0 0 1 0 0 1 0 0 0 0 0 5.7359e-10 -0 0 0 -0 0 0 0 0 0 0 0 0 0 0 0 0 0 1 13150.8 13150.8 13150.8 13150.8
0 0 1 0 0 1 0 0 0 0 0 5.61097e-09 -0 0 0 -0 0 0 0 0 0 0 0 0 0 0 0 0 0 1 13150.8 13150.8 13150.8 13150.8
0 0 1 0 0 1 0 0 0 0 0 3.29662e-09 -0 0 0 -0 0 0 0 0 0 0 0 0 0 0 0 0 0 1 13150.8 13150.8 13150.8 13150.8
0 0 1 0 0 1 0 0 0 0 0 1.27361e-09 -0 0 0 -0 0 0 0 0 0 0 0 0 0 0 0 0 0 1 13150.8 13150.8 13150.8 13150.8
0 0 1 0 0 1 0 0 0 0 0 -9.59368e-10 -0 0 0 -0 0 0 0 0 0 0 0 0 0 0 0 0 0 1 13150.8 13150.8 13150.8 13150.8
0 0 1 0 0 1 0 0 0 0 0 -3.20491e-09 -0 0 0 -0 0 0 0 0 0 0 0 0 0 0 0 0 0 1 13150.8 13150.8 13150.8 13150.8
0 0 1 0 0 1 0 0 0 0 0 -5.48559e-09 -0 0 0 -0 0 0 0 0 0 0 0 0 0 0 0 0 0 1 13150.8 13150.8 13150.8 13150.8
0 0 1 0 0 1 0 0 0 0 0 -8.07769e-10 -0 0 0 -0 0 0 0 0 0 0 0 0 0 0 0 0 0 1 13150.8 13150.8 13150.8 13150.8
0 0 1 0 0 1 0 0 0 0 0 4.42291e-09 -0 0 0 -0 0 0 0 0 0 0 0 0 0 0 0 0 0 1 13150.8 13150.8 13150.8 13150.8
0 0 1 0 0 1 0 0 0 0 0 2.18739e-09 -0 0 0 -0 0 0 0 0 0 0 0 0 0 0 0 0 0 1 13150.8 13150.8 13150.8 13150.8
0 0 1 0 0 1 0 0 0 0 0 -7.89677e-11 -0 0 0 -0 0 0 0 0 0 0 0 0 0 0 0 0 0 1 13150.8 13150.8 13150.8 13150.8
0 0 1 0 0 1 0 0 0 0 0 -2.09061e-09 -0 0 0 -0 0 0 0 0 0 0 0 0 0 0 0 0 0 1 13150.8 13150.8 13150.8 13150.8
0 0 1 0 0 1 0 0 0 0 0 -4.32157e-09 -0 0 0 -0 0 0 0 0 0 0 0 0 0 0 0 0 0 1 13150.8 13150.8 13150.8 13150.8
0 0 1 0 0 1 0 0 0 0 0 -6.55019e-09 -0 0 0 -0 0 0 0 0 0 0 0 0 0 0 0 0 0 1 13150.8 13150.8 13150.8 13150.8
0 0 1 0 0 1 0 0 0 0 0 -1.24897e-09 -0 0 0 -0 0 0 0 0 0 0 0 0 0 0 0 0 0 1 13150.8 13150.8 13150.8 13150.8
0 0 1 0 0 1 0 0 0 0 0 3.4222e-09 -0 0 0 -0 0 0 0 0 0 0 0 0 0 0 0 0 0 1 13150.8 13150.8 13150.8 13150.8
0 0 1 0 0 1 0 0 0 0 0 1.18888e-09 -0 0 0 -0 0 0 0 0 0 0 0 0 0 0 0 0 0 1 13150.8 13150.8 13150.8 13150.8
0 0 1 0 0 1 0 0 0 0 0 -1.04947e-09 -0 0 0 -0 0 0 0 0 0 0 0 0 0 0 0 0 0 1 13150.8 13150.8 13150.8 13150.8
0 0 1 0 0 1 0 0 0 0 0 -3.28479e-09 -0 0 0 -0 0 0 0 0 0 0 0 0 0 0 0 0 0 1 13150.8 13150.8 13150.8 13150.8
0 0 1 0 0 1 0 0 0 0 0 -5.35539e-09 -0 0 0 -0 0 0 0 0 0 0 0 0 0 0 0 0 0 1 13150.8 13150.8 13150.8 13150.8
0 0 1 0 0 1 0 0 0 0 0 -2.02012e-10 -0 0 0 -0 0 0 0 0 0 0 0 0 0 0 0 0 0 1 13150.8 13150.8 13150.8 13150.8
0 0 1 0 0 1 0 0 0 0 0 5.00002e-09 -0 0 0 -0 0 0 0 0 0 0 0 0 0 0 0 0 0 1 13150.8 13150.8 13150.8 13150.8
0 0 1 0 0 1 0 0 0 0 0 2.75993e-09 -0 0 0 -0 0 0 0 0 0 0 0 0 0 0 0 0 0 1 13150.8 13150.8 13150.8 13150.8
0 0 1 0 0 1 0 0 0 0 0 7.08489e-10 -0 0 0 -0 0 0 0 0 0 0 0 0 0 0 0 0 0 1 13150.8 13150.8 13150.8 13150.8
0 0 1 0 0 1 0 0 0 0 0 -1.51969e-09 -0 0 0 -0 0 0 0 0 0 0 0 0 0 0 0 0 0 1 13150.8 13150.8 13150.8 13150.8
0 0 1 0 0 1 0 0 0 0 0 -3.75942e-09 -0 0 0 -0 0 0 0 0 0 0 0 0 0 0 0 0 0 1 13150.8 13150.8 13150.8 13150.8
0 0 1 0 0 1 0 0 0 0 0 -6.00129e-09 -0 0 0 -0 0 0 0 0 0 0 0 0 0 0 0 0 0 1 13150.8 13150.8 13150.8 13150.8
0 0 1 0 0 1 0 0 0 0 0 -1.10625e-09 -0 0 0 -0 0 0 0 0 0 0 0 0 0 0 0 0 0 1 13150.8 13150.8 13150.8 13150.8
0 0 1 0 0 1 0 0 0 0 0 3.97722e-09 -0 0 0 -0 0 0 0 0 0 0 0 0 0 0 0 0 0 1 13150.8 13150.8 13150.8 13150.8
0 0 1 0 0 1 0 0 0 0 0 1.73759e-09 -0 0 0 -0 0 0 0 0 0 0 0 0 0 0 0 0 0 1 13150.8 13150.8 13150.8 13150.8
0 0 1 0 0 1 0 0 0 0 0 -5.36724e-10 -0 0 0 -0 0 0 0 0 0 0 0 0 0 0 0 0 0 1 13150.8 13150.8 13150.8 13150.8
0 0 1 0 0 1 0 0 0 0 0 -2.56323e-09 -0 0 0 -0 0 0 0 0 0 0 0 0 0 0 0 0 0 1 13150.8 13150.8 13150.8 13150.8
0 0 1 0 0 1 0 0 0 0 0 -4.78083e-09 -0 0 0 -0 0 0 0 0 0 0 0 0 0 0 0 0 0 1 13150.8 13150.8 13150.8 13150.8
0 0 1 0 0 1 0 0 0 0 0 4.16725e-10 -0 0 0 -0 0 0 0 0 0 0 0 0 0 0 0 0 0 1 13150.8 13150.8 13150.8 13150.8
0 0 1 0 0 1 0 0 0 0 0 5.67212e-09 -0 0 0 -0 0 0 0 0 0 0 0 0 0 0 0 0 0 1 13150.8 13150.8 13150.8 13150.8
0 0 1 0 0 1 0 0 0 0 0 3.64403e-09 -0 0 0 -0 0 0 0 0 0 0 0 0 0 0 0 0 0 1 13150.8 13150.8 13150.8 13150.8
0 0 1 0 0 1 0 0 0 0 0 1.41336e-09 -0 0 0 -0 0 0 0 0 0 0 0 0 0 0 0 0 0 1 13150.8 13150.8 13150.8 13150.8
0 0 1 0 0 1 0 0 0 0 0 -8.15899e-10 -0 0 0 -0 0 0 0 0 0 0 0 0 0 0 0 0 0 1 13150.8 13150.8 13150.8 13150.8
0 0 1 0 0 1 0 0 0 0 0 -3.10847e-09 -0 0 0 -0 0 0 0 0 0 0 0 0 0 0 0 0 0 1 13150.8 13150.8 13150.8 13150.8
0 0 1 0 0 1 0 0 0 0 0 -5.13667e-09 -0 0 0 -0 0 0 0 0 0 0 0 0 0 0 0 0 0 1 13150.8 13150.8 13150.8 13150.8
0 0 1 0 0 1 0 0 0 0 0 1.02004e-11 -0 0 0 -0 0 0 0 0 0 0 0 0 0 0 0 0 0 1 13150.8 13150.8 13150.8 13150.8
0 0 1 0 0 1 0 0 0 0 0 5.26603e-09 -0 0 0 -0 0 0 0 0 0 0 0 0 0 0 0 0 0 1 13150.8 13150.8 13150.8 13150.8
0 0 1 0 0 1 0 0 0 0 0 2.75163e-09 -0 0 0 -0 0 0 0 0 0 0 0 0 0 0 0 0 0 1 13150.8 13150.8 13150.8 13150.8
0 0 1 0 0 1 0 0 0 0 0 9.95305e-10 -0 0 0 -0 0 0 0 0 0 0 0 0 0 0 0 0 0 1 13150.8 13150.8 13150.8 13150.8
0 0 1 0 0 1 0 0 0 0 0 -1.24224e-09 -0 0 0 -0 0 0 0 0 0 0 0 0 0 0 0 0 0 1 13150.8 13150.8 13150.8 13150.8
0 0 1 0 0 1 0 0 0 0 0 -3.47125e-09 -0 0 0 -0 0 0 0 0 0 0 0 0 0 0 0 0 0 1 13150.8 13150.8 13150.8 13150.8
0 0 1 0 0 1 0 0 0 0 0 -5.7308e-09 -0 0 0 -0 0 0 0 0 0 0 0 0 0 0 0 0 0 1 13150.8 13150.8 13150.8 13150.8
0 0 1 0 0 1 0 0 0 0 0 -1.03619e-09 -0 0 0 -0 0 0 0 0 0 0 0 0 0 0 0 0 0 1 13150.8 13150.8 13150.8 13150.8
0 0 1 0 0 1 0 0 0 0 0 4.2272e-09 -0 0 0 -0 0 0 0 0 0 0 0 0 0 0 0 0 0 1 13150.8 13150.8 13150.8 13150.8
0 0 1 0 0 1 0 0 0 0 0 1.92972e-09 -0 0 0 -0 0 0 0 0 0 0 0 0 0 0 0 0 0 1 13150.8 13150.8 13150.8 13150.8
0 0 1 0 0 1 0 0 0 0 0 -3.23574e-10 -0 0 0 -0 0 0 0 0 0 0 0 0 0 0 0 0 0 1 13150.8 13150.8 13150.8 13150.8
0 0 1 0 0 1 0 0 0 0 0 -2.32573e-09 -0 0 0 -0 0 0 0 0 0 0 0 0 0 0 0 0 0 1 13150.8 13150.8 13150.8 13150.8
0 0 1 0 0 1 0 0 0 0 0 -4.5461e-09 -0 0 0 -0 0 0 0 0 0 0 0 0 0 0 0 0 0 1 13150.8 13150.8 13150.8 13150.8
0 0 1 0 0 1 0 0 0 0 0 6.7907e-10 -0 0 0 -0 0 0 0 0 0 0 0 0 0 0 0 0 0 1 13150.8 13150.8 13150.8 13150.8
0 0 1 0 0 1 0 0 0 0 0 5.8332e-09 -0 0 0 -0 0 0 0 0 0 0 0 0 0 0 0 0 0 1 13150.8 13150.8 13150.8 13150.8
0 0 1 0 0 1 0 0 0 0 0 3.80334e-09 -0 0 0 -0 0 0 0 0 0 0 0 0 0 0 0 0 0 1 13150.8 13150.8 13150.8 13150.8
0 0 1 0 0 1 0 0 0 0 0 1.56776e-09 -0 0 0 -0 0 0 0 0 0 0 0 0 0 0 0 0 0 1 13150.8 13150.8 13150.8 13150.8
0 0 1 0 0 1 0 0 0 0 0 -6.98801e-10 -0 0 0 -0 0 0 0 0 0 0 0 0 0 0 0 0 0 1 13150.8 13150.8 13150.8 13150.8
0 0 1 0 0 1 0 0 0 0 0 -2.90824e-09 -0 0 0 -0 0 0 0 0 0 0 0 0 0 0 0 0 0 1 13150.8 13150.8 13150.8 13150.8
0 0 1 0 0 1 0 0 0 0 0 -4.97052e-09 -0 0 0 -0 0 0 0 0 0 0 0 0 0 0 0 0 0 1 13150.8 13150.8 13150.8 13150.8
0 0 1 0 0 1 0 0 0 0 0 2.63946e-10 -0 0 0 -0 0 0 0 0 0 0 0 0 0 0 0 0 0 1 13150.8 13150.8 13150.8 13150.8
0 0 1 0 0 1 0 0 0 0 0 5.44893e-09 -0 0 0 -0 0 0 0 0 0 0 0 0 0 0 0 0 0 1 13150.8 13150.8 13150.8 13150.8
0 0 1 0 0 1 0 0 0 0 0 3.20758e-09 -0 0 0 -0 0 0 0 0 0 0 0 0 0 0 0 0 0 1 13150.8 13150.8 13150.8 13150.8
0 0 1 0 0 1 0 0 0 0 0 7.02301e-10 -0 0 0 -0 0 0 0 0 0 0 0 0 0 0 0 0 0 1 13150.8 13150.8 13150.8 13150.8
0 0 1 0 0 1 0 0 0 0 0 -1.0975e-09 -0 0 0 -0 0 0 0 0 0 0 0 0 0 0 0 0 0 1 13150.8 13150.8 13150.8 13150.8
0 0 1 0 0 1 0 0 0 0 0 -3.28752e-09 -0 0 0 -0 0 0 0 0 0 0 0 0 0 0 0 0 0 1 13150.8 13150.8 13150.8 13150.8
0 0 1 0 0 1 0 0 0 0 0 -5.53206e-09 -0 0 0 -0 0 0 0 0 0 0 0 0 0 0 0 0 0 1 13150.8 13150.8 13150.8 13150.8
0 0 1 0 0 1 0 0 0 0 0 -7.80886e-10 -0 0 0 -0 0 0 0 0 0 0 0 0 0 0 0 0 0 1 13150.8 13150.8 13150.8 13150.8
0 0 1 0 0 1 0 0 0 0 0 4.44592e-09 -0 0 0 -0 0 0 0 0 0 0 0 0 0 0 0 0 0 1 13150.8 13150.8 13150.8 13150.8
0 0 1 0 0 1 0 0 0 0 0 2.20855e-09 -0 0 0 -0 0 0 0 0 0 0 0 0 0 0 0 0 0 1 13150.8 13150.8 13150.8 13150.8
0 0 1 0 0 1 0 0 0 0 0 -2.56034e-11 -0 0 0 -0 0 0 0 0 0 0 0 0 0 0 0 0 0 1 13150.8 13150.8 13150.8 13150.8
0 0 1 0 0 1 0 0 0 0 0 -2.07948e-09 -0 0 0 -0 0 0 0 0 0 0 0 0 0 0 0 0 0 1 13150.8 13150.8 13150.8 13150.8
0 0 1 0 0 1 0 0 0 0 0 -4.30626e-09 -0 0 0 -0 0 0 0 0 0 0 0 0 0 0 0 0 0 1 13150.8 13150.8 13150.8 13150.8
0 0 1 0 0 1 0 0 0 0 0 9.07996e-10 -0 0 0 -0 0 0 0 0 0 0 0 0 0 0 0 0 0 1 13150.8 13150.8 13150.8 13150.8
0 0 1 0 0 1 0 0 0 0 0 6.15518e-09 -0 0 0 -0 0 0 0 0 0 0 0 0 0 0 0 0 0 1 13150.8 13150.8 13150.8 13150.8
0 0 1 0 0 1 0 0 0 0 0 4.12757e-09 -0 0 0 -0 0 0 0 0 0 0 0 0 0 0 0 0 0 1 13150.8 13150.8 13150.8 13150.8
0 0 1 0 0 1 0 0 0 0 0 1.88235e-09 -0 0 0 -0 0 0 0 0 0 0 0 0 0 0 0 0 0 1 13150.8 13150.8 13150.8 13150.8
0 0 1 0 0 1 0 0 0 0 0 -2.4431e-09 -0 0 0 -0 0 0 0 0 0 0 0 0 0 0 0 0 0 1 13150.8 13150.8 13150.8 13150.8
0 0 1 0 0 1 0 0 0 0 0 -2.4431e-09 -0 0 0 -0 0 0 0 0 0 0 0 0 0 0 0 0 0 1 13150.8 13150.8 13150.8 13150.8
0 0 1 0 0 1 0 0 0 0 0 2.68436e-09 -0 0 0 -0 0 0 0 0 0 0 0 0 0 0 0 0 0 1 13150.8 13150.8 13150.8 13150.8
0 0 1 0 0 1 0 0 0 0 0 5.47962e-09 -0 0 0 -0 0 0 0 0 0 0 0 0 0 0 0 0 0 1 13150.8 13150.8 13150.8 13150.8
0 0 1 0 0 1 0 0 0 0 0 3.30891e-09 -0 0 0 -0 0 0 0 0 0 0 0 0 0 0 0 0 0 1 13150.8 13150.8 13150.8 13150.8
0 0 1 0 0 1 0 0 0 0 0 3.30891e-09 -0 0 0 -0 0 0 0 0 0 0 0 0 0 0 0 0 0 1 13150.8 13150.8 13150.8 13150.8
0 0 1 0 0 1 0 0 0 0 0 1.11432e-09 -0 0 0 -0 0 0 0 0 0 0 0 0 0 0 0 0 0 1 13150.8 13150.8 13150.8 13150.8
0 0 1 0 0 1 0 0 0 0 0 -1.13432e-09 -0 0 0 -0 0 0 0 0 0 0 0 0 0 0 0 0 0 1 13150.8 13150.8 13150.8 13150.8
0 0 1 0 0 1 0 0 0 0 0 -3.36826e-09 -0 0 0 -0 0 0 0 0 0 0 0 0 0 0 0 0 0 1 13150.8 13150.8 13150.8 13150.8
0 0 1 0 0 1 0 0 0 0 0 -5.59165e-09 -0 0 0 -0 0 0 0 0 0 0 0 0 0 0 0 0 0 1 13150.8 13150.8 13150.8 13150.8
0 0 1 0 0 1 0 0 0 0 0 -8.76857e-10 -0 0 0 -0 0 0 0 0 0 0 0 0 0 0 0 0 0 1 13150.8 13150.8 13150.8 13150.8
0 0 1 0 0 1 0 0 0 0 0 4.32732e-09 -0 0 0 -0 0 0 0 0 0 0 0 0 0 0 0 0 0 1 13150.8 13150.8 13150.8 13150.8
0 0 1 0 0 1 0 0 0 0 0 -6.43435e-11 -0 0 0 -0 0 0 0 0 0 0 0 0 0 0 0 0 0 1 13150.8 13150.8 13150.8 13150.8
0 0 1 0 0 1 0 0 0 0 0 -6.43435e-11 -0 0 0 -0 0 0 0 0 0 0 0 0 0 0 0 0 0 1 13150.8 13150.8 13150.8 13150.8
0 0 1 0 0 1 0 0 0 0 0 -2.20991e-09 -0 0 0 -0 0 0 0 0 0 0 0 0 0 0 0 0 0 1 13150.8 13150.8 13150.8 13150.8
0 0 1 0 0 1 0 0 0 0 0 -4.42943e-09 -0 0 0 -0 0 0 0 0 0 0 0 0 0 0 0 0 0 1 13150.8 13150.8 13150.8 13150.8
0 0 1 0 0 1 0 0 0 0 0 5.73568e-09 -0 0 0 -0 0 0 0 0 0 0 0 0 0 0 0 0 0 1 13150.8 13150.8 13150.8 13150.8
0 0 1 0 0 1 0 0 0 0 0 5.73568e-09 -0 0 0 -0 0 0 0 0 0 0 0 0 0 0 0 0 0 1 13150.8 13150.8 13150.8 13150.8
0 0 1 0 0 1 0 0 0 0 0 3.34712e-09 -0 0 0 -0 0 0 0 0 0 0 0 0 0 0 0 0 0 1 13150.8 13150.8 13150.8 13150.8
0 0 1 0 0 1 0 0 0 0 0 1.32972e-09 -0 0 0 -0 0 0 0 0 0 0 0 0 0 0 0 0 0 1 13150.8 13150.8 13150.8 13150.8
0 0 1 0 0 1 0 0 0 0 0 -9.01548e-10 -0 0 0 -0 0 0 0 0 0 0 0 0 0 0 0 0 0 1 13150.8 13150.8 13150.8 13150.8
0 0 1 0 0 1 0 0 0 0 0 -3.15024e-09 -0 0 0 -0 0 0 0 0 0 0 0 0 0 0 0 0 0 1 13150.8 13150.8 13150.8 13150.8
0 0 1 0 0 1 0 0 0 0 0 -5.18427e-09 -0 0 0 -0 0 0 0 0 0 0 0 0 0 0 0 0 0 1 13150.8 13150.8 13150.8 13150.8
0 0 1 0 0 1 0 0 0 0 0 1.16125e-10 -0 0 0 -0 0 0 0 0 0 0 0 0 0 0 0 0 0 1 13150.8 13150.8 13150.8 13150.8
0 0 1 0 0 1 0 0 0 0 0 3.12688e-09 -0 0 0 -0 0 0 0 0 0 0 0 0 0 0 0 0 0 1 13150.8 13150.8 13150.8 13150.8
0 0 1 0 0 1 0 0 0 0 0 3.12688e-09 -0 0 0 -0 0 0 0 0 0 0 0 0 0 0 0 0 0 1 13150.8 13150.8 13150.8 13150.8
0 0 1 0 0 1 0 0 0 0 0 9.20183e-10 -0 0 0 -0 0 0 0 0 0 0 0 0 0 0 0 0 0 1 13150.8 13150.8 13150.8 13150.8
0 0 1 0 0 1 0 0 0 0 0 -1.28362e-09 -0 0 0 -0 0 0 0 0 0 0 0 0 0 0 0 0 0 1 13150.8 13150.8 13150.8 13150.8
0 0 1 0 0 1 0 0 0 0 0 -3.45342e-09 -0 0 0 -0 0 0 0 0 0 0 0 0 0 0 0 0 0 1 13150.8 13150.8 13150.8 13150.8
0 0 1 0 0 1 0 0 0 0 0 -5.80537e-09 -0 0 0 -0 0 0 0 0 0 0 0 0 0 0 0 0 0 1 13150.8 13150.8 13150.8 13150.8
0 0 1 0 0 1 0 0 0 0 0 -1.12547e-09 -0 0 0 -0 0 0 0 0 0 0 0 0 0 0 0 0 0 1 13150.8 13150.8 13150.8 13150.8
0 0 1 0 0 1 0 0 0 0 0 4.09121e-09 -0 0 0 -0 0 0 0 0 0 0 0 0 0 0 0 0 0 1 13150.8 13150.8 13150.8 13150.8
0 0 1 0 0 1 0 0 0 0 0 1.873e-09 -0 0 0 -0 0 0 0 0 0 0 0 0 0 0 0 0 0 1 13150.8 13150.8 13150.8 13150.8
0 0 1 0 0 1 0 0 0 0 0 -3.86157e-10 -0 0 0 -0 0 0 0 0 0 0 0 0 0 0 0 0 0 1 13150.8 13150.8 13150.8 13150.8
0 0 1 0 0 1 0 0 0 0 0 -2.40872e-09 -0 0 0 -0 0 0 0 0 0 0 0 0 0 0 0 0 0 1 13150.8 13150.8 13150.8 13150.8
0 0 1 0 0 1 0 0 0 0 0 -4.68449e-09 -0 0 0 -0 0 0 0 0 0 0 0 0 0 0 0 0 0 1 13150.8 13150.8 13150.8 13150.8
0 0 1 0 0 1 0 0 0 0 0 5.4117e-09 -0 0 0 -0 0 0 0 0 0 0 0 0 0 0 0 0 0 1 13150.8 13150.8 13150.8 13150.8
0 0 1 0 0 1 0 0 0 0 0 5.4117e-09 -0 0 0 -0 0 0 0 0 0 0 0 0 0 0 0 0 0 1 13150.8 13150.8 13150.8 13150.8
0 0 1 0 0 1 0 0 0 0 0 3.24275e-09 -0 0 0 -0 0 0 0 0 0 0 0 0 0 0 0 0 0 1 13150.8 13150.8 13150.8 13150.8
0 0 1 0 0 1 0 0 0 0 0 1.02949e-09 -0 0 0 -0 0 0 0 0 0 0 0 0 0 0 0 0 0 1 13150.8 13150.8 13150.8 13150.8
0 0 1 0 0 1 0 0 0 0 0 -1.21171e-09 -0 0 0 -0 0 0 0 0 0 0 0 0 0 0 0 0 0 1 13150.8 13150.8 13150.8 13150.8
0 0 1 0 0 1 0 0 0 0 0 -3.46725e-09 -0 0 0 -0 0 0 0 0 0 0 0 0 0 0 0 0 0 1 13150.8 13150.8 13150.8 13150.8
0 0 1 0 0 1 0 0 0 0 0 -5.50661e-09 -0 0 0 -0 0 0 0 0 0 0 0 0 0 0 0 0 0 1 13150.8 13150.8 13150.8 13150.8
0 0 1 0 0 1 0 0 0 0 0 -3.53556e-10 -0 0 0 -0 0 0 0 0 0 0 0 0 0 0 0 0 0 1 13150.8 13150.8 13150.8 13150.8
0 0 1 0 0 1 0 0 0 0 0 4.84873e-09 -0 0 0 -0 0 0 0 0 0 0 0 0 0 0 0 0 0 1 13150.8 13150.8 13150.8 13150.8
0 0 1 0 0 1 0 0 0 0 0 2.58603e-09 -0 0 0 -0 0 0 0 0 0 0 0 0 0 0 0 0 0 1 13150.8 13150.8 13150.8 13150.8
0 0 1 0 0 1 0 0 0 0 0 5.50966e-10 -0 0 0 -0 0 0 0 0 0 0 0 0 0 0 0 0 0 1 13150.8 13150.8 13150.8 13150.8
0 0 1 0 0 1 0 0 0 0 0 -1.67594e-09 -0 0 0 -0 0 0 0 0 0 0 0 0 0 0 0 0 0 1 13150.8 13150.8 13150.8 13150.8
0 0 1 0 0 1 0 0 0 0 0 -8.20522e-09 -0 0 0 -0 0 0 0 0 0 0 0 0 0 0 0 0 0 1 13150.8 13150.8 13150.8 13150.8
0 0 1 0 0 1 0 0 0 0 0 -3.01018e-09 -0 0 0 -0 0 0 0 0 0 0 0 0 0 0 0 0 0 1 13150.8 13150.8 13150.8 13150.8
0 0 1 0 0 1 0 0 0 0 0 2.20051e-09 -0 0 0 -0 0 0 0 0 0 0 0 0 0 0 0 0 0 1 13150.8 13150.8 13150.8 13150.8
0 0 1 0 0 1 0 0 0 0 0 -5.82255e-11 -0 0 0 -0 0 0 0 0 0 0 0 0 0 0 0 0 0 1 13150.8 13150.8 13150.8 13150.8
0 0 1 0 0 1 0 0 0 0 0 -2.08614e-09 -0 0 0 -0 0 0 0 0 0 0 0 0 0 0 0 0 0 1 13150.8 13150.8 13150.8 13150.8
0 0 1 0 0 1 0 0 0 0 0 -4.31917e-09 -0 0 0 -0 0 0 0 0 0 0 0 0 0 0 0 0 0 1 13150.8 13150.8 13150.8 13150.8
0 0 1 0 0 1 0 0 0 0 0 9.27621e-10 -0 0 0 -0 0 0 0 0 0 0 0 0 0 0 0 0 0 1 13150.8 13150.8 13150.8 13150.8
0 0 1 0 0 1 0 0 0 0 0 9.27621e-10 -0 0 0 -0 0 0 0 0 0 0 0 0 0 0 0 0 0 1 13150.8 13150.8 13150.8 13150.8
0 0 1 0 0 1 0 0 0 0 0 -3.3389e-09 -0 0 0 -0 0 0 0 0 0 0 0 0 0 0 0 0 0 1 13150.8 13150.8 13150.8 13150.8
0 0 1 0 0 1 0 0 0 0 0 -5.58152e-09 -0 0 0 -0 0 0 0 0 0 0 0 0 0 0 0 0 0 1 13150.8 13150.8 13150.8 13150.8
0 0 1 0 0 1 0 0 0 0 0 -3.66083e-10 -0 0 0 -0 0 0 0 0 0 0 0 0 0 0 0 0 0 1 13150.8 13150.8 13150.8 13150.8
0 0 1 0 0 1 0 0 0 0 0 -2.61154e-09 -0 0 0 -0 0 0 0 0 0 0 0 0 0 0 0 0 0 1 13150.8 13150.8 13150.8 13150.8
0 0 1 0 0 1 0 0 0 0 0 2.13165e-09 -0 0 0 -0 0 0 0 0 0 0 0 0 0 0 0 0 0 1 13150.8 13150.8 13150.8 13150.8
0 0 1 0 0 1 0 0 0 0 0 -9.18269e-11 -0 0 0 -0 0 0 0 0 0 0 0 0 0 0 0 0 0 1 13150.8 13150.8 13150.8 13150.8
0 0 1 0 0 1 0 0 0 0 0 -2.33257e-09 -0 0 0 -0 0 0 0 0 0 0 0 0 0 0 0 0 0 1 13150.8 13150.8 13150.8 13150.8
0 0 1 0 0 1 0 0 0 0 0 2.91545e-09 -0 0 0 -0 0 0 0 0 0 0 0 0 0 0 0 0 0 1 13150.8 13150.8 13150.8 13150.8
0 0 1 0 0 1 0 0 0 0 0 8.75558e-10 -0 0 0 -0 0 0 0 0 0 0 0 0 0 0 0 0 0 1 13150.8 13150.8 13150.8 13150.8
0 0 1 0 0 1 0 0 0 0 0 -1.34318e-09 -0 0 0 -0 0 0 0 0 0 0 0 0 0 0 0 0 0 1 13150.8 13150.8 13150.8 13150.8
0 0 1 0 0 1 0 0 0 0 0 -3.58928e-09 -0 0 0 -0 0 0 0 0 0 0 0 0 0 0 0 0 0 1 13150.8 13150.8 13150.8 13150.8
0 0 1 0 0 1 0 0 0 0 0 -3.58928e-09 -0 0 0 -0 0 0 0 0 0 0 0 0 0 0 0 0 0 1 13150.8 13150.8 13150.8 13150.8
0 0 1 0 0 1 0 0 0 0 0 -7.75245e-09 -0 0 0 -0 0 0 0 0 0 0 0 0 0 0 0 0 0 1 13150.8 13150.8 13150.8 13150.8
0 0 1 0 0 1 0 0 0 0 0 -2.62005e-09 -0 0 0 -0 0 0 0 0 0 0 0 0 0 0 0 0 0 1 13150.8 13150.8 13150.8 13150.8
0 0 1 0 0 1 0 0 0 0 0 2.6013e-09 -0 0 0 -0 0 0 0 0 0 0 0 0 0 0 0 0 0 1 13150.8 13150.8 13150.8 13150.8
0 0 1 0 0 1 0 0 0 0 0 3.3579e-10 -0 0 0 -0 0 0 0 0 0 0 0 0 0 0 0 0 0 1 13150.8 13150.8 13150.8 13150.8
0 0 1 0 0 1 0 0 0 0 0 -1.69533e-09 -0 0 0 -0 0 0 0 0 0 0 0 0 0 0 0 0 0 1 13150.8 13150.8 13150.8 13150.8
0 0 1 0 0 1 0 0 0 0 0 3.43999e-09 -0 0 0 -0 0 0 0 0 0 0 0 0 0 0 0 0 0 1 13150.8 13150.8 13150.8 13150.8
0 0 1 0 0 1 0 0 0 0 0 1.27306e-09 -0 0 0 -0 0 0 0 0 0 0 0 0 0 0 0 0 0 1 13150.8 13150.8 13150.8 13150.8
0 0 1 0 0 1 0 0 0 0 0 -9.15671e-10 -0 0 0 -0 0 0 0 0 0 0 0 0 0 0 0 0 0 1 13150.8 13150.8 13150.8 13150.8
0 0 1 0 0 1 0 0 0 0 0 -3.12461e-09 -0 0 0 -0 0 0 0 0 0 0 0 0 0 0 0 0 0 1 13150.8 13150.8 13150.8 13150.8
0 0 1 0 0 1 0 0 0 0 0 2.05224e-09 -0 0 0 -0 0 0 0 0 0 0 0 0 0 0 0 0 0 1 13150.8 13150.8 13150.8 13150.8
0 0 1 0 0 1 0 0 0 0 0 -1.70581e-10 -0 0 0 -0 0 0 0 0 0 0 0 0 0 0 0 0 0 1 13150.8 13150.8 13150.8 13150.8
0 0 1 0 0 1 0 0 0 0 0 -2.41793e-09 -0 0 0 -0 0 0 0 0 0 0 0 0 0 0 0 0 0 1 13150.8 13150.8 13150.8 13150.8
0 0 1 0 0 1 0 0 0 0 0 2.40723e-09 -0 0 0 -0 0 0 0 0 0 0 0 0 0 0 0 0 0 1 13150.8 13150.8 13150.8 13150.8
0 0 1 0 0 1 0 0 0 0 0 1.97501e-10 -0 0 0 -0 0 0 0 0 0 0 0 0 0 0 0 0 0 1 13150.8 13150.8 13150.8 13150.8
0 0 1 0 0 1 0 0 0 0 0 -2.03766e-09 -0 0 0 -0 0 0 0 0 0 0 0 0 0 0 0 0 0 1 13150.8 13150.8 13150.8 13150.8
0 0 1 0 0 1 0 0 0 0 0 3.27409e-09 -0 0 0 -0 0 0 0 0 0 0 0 0 0 0 0 0 0 1 13150.8 13150.8 13150.8 13150.8
0 0 1 0 0 1 0 0 0 0 0 1.27267e-09 -0 0 0 -0 0 0 0 0 0 0 0 0 0 0 0 0 0 1 13150.8 13150.8 13150.8 13150.8
0 0 1 0 0 1 0 0 0 0 0 -9.88032e-10 -0 0 0 -0 0 0 0 0 0 0 0 0 0 0 0 0 0 1 13150.8 13150.8 13150.8 13150.8
0 0 1 0 0 1 0 0 0 0 0 -3.2169e-09 -0 0 0 -0 0 0 0 0 0 0 0 0 0 0 0 0 0 1 13150.8 13150.8 13150.8 13150.8
0 0 1 0 0 1 0 0 0 0 0 1.98922e-09 -0 0 0 -0 0 0 0 0 0 0 0 0 0 0 0 0 0 1 13150.8 13150.8 13150.8 13150.8
0 0 1 0 0 1 0 0 0 0 0 -3.3868e-11 -0 0 0 -0 0 0 0 0 0 0 0 0 0 0 0 0 0 1 13150.8 13150.8 13150.8 13150.8
0 0 1 0 0 1 0 0 0 0 0 -2.30837e-09 -0 0 0 -0 0 0 0 0 0 0 0 0 0 0 0 0 0 1 13150.8 13150.8 13150.8 13150.8
0 0 1 0 0 1 0 0 0 0 0 2.83236e-09 -0 0 0 -0 0 0 0 0 0 0 0 0 0 0 0 0 0 1 13150.8 13150.8 13150.8 13150.8
0 0 1 0 0 1 0 0 0 0 0 5.80242e-10 -0 0 0 -0 0 0 0 0 0 0 0 0 0 0 0 0 0 1 13150.8 13150.8 13150.8 13150.8
0 0 1 0 0 1 0 0 0 0 0 -1.47414e-09 -0 0 0 -0 0 0 0 0 0 0 0 0 0 0 0 0 0 1 13150.8 13150.8 13150.8 13150.8
0 0 1 0 0 1 0 0 0 0 0 -3.68823e-09 -0 0 0 -0 0 0 0 0 0 0 0 0 0 0 0 0 0 1 13150.8 13150.8 13150.8 13150.8
0 0 1 0 0 1 0 0 0 0 0 1.50312e-09 -0 0 0 -0 0 0 0 0 0 0 0 0 0 0 0 0 0 1 13150.8 13150.8 13150.8 13150.8
0 0 1 0 0 1 0 0 0 0 0 -7.55081e-10 -0 0 0 -0 0 0 0 0 0 0 0 0 0 0 0 0 0 1 13150.8 13150.8 13150.8 13150.8
0 0 1 0 0 1 0 0 0 0 0 -2.77742e-09 -0 0 0 -0 0 0 0 0 0 0 0 0 0 0 0 0 0 1 13150.8 13150.8 13150.8 13150.8
0 0 1 0 0 1 0 0 0 0 0 2.43168e-09 -0 0 0 -0 0 0 0 0 0 0 0 0 0 0 0 0 0 1 13150.8 13150.8 13150.8 13150.8
0 0 1 0 0 1 0 0 0 0 0 1.52671e-10 -0 0 0 -0 0 0 0 0 0 0 0 0 0 0 0 0 0 1 13150.8 13150.8 13150.8 13150.8
0 0 1 0 0 1 0 0 0 0 0 -2.07803e-09 -0 0 0 -0 0 0 0 0 0 0 0 0 0 0 0 0 0 1 13150.8 13150.8 13150.8 13150.8
0 0 1 0 0 1 0 0 0 0 0 2.68618e-09 -0 0 0 -0 0 0 0 0 0 0 0 0 0 0 0 0 0 1 13150.8 13150.8 13150.8 13150.8
0 0 1 0 0 1 0 0 0 0 0 4.60919e-10 -0 0 0 -0 0 0 0 0 0 0 0 0 0 0 0 0 0 1 13150.8 13150.8 13150.8 13150.8
0 0 1 0 0 1 0 0 0 0 0 -1.76635e-09 -0 0 0 -0 0 0 0 0 0 0 0 0 0 0 0 0 0 1 13150.8 13150.8 13150.8 13150.8
0 0 1 0 0 1 0 0 0 0 0 3.46706e-09 -0 0 0 -0 0 0 0 0 0 0 0 0 0 0 0 0 0 1 13150.8 13150.8 13150.8 13150.8
0 0 1 0 0 1 0 0 0 0 0 1.4456e-09 -0 0 0 -0 0 0 0 0 0 0 0 0 0 0 0 0 0 1 13150.8 13150.8 13150.8 13150.8
0 0 1 0 0 1 0 0 0 0 0 -7.94093e-10 -0 0 0 -0 0 0 0 0 0 0 0 0 0 0 0 0 0 1 13150.8 13150.8 13150.8 13150.8
0 0 1 0 0 1 0 0 0 0 0 -3.03273e-09 -0 0 0 -0 0 0 0 0 0 0 0 0 0 0 0 0 0 1 13150.8 13150.8 13150.8 13150.8
0 0 1 0 0 1 0 0 0 0 0 2.19005e-09 -0 0 0 -0 0 0 0 0 0 0 0 0 0 0 0 0 0 1 13150.8 13150.8 13150.8 13150.8
0 0 1 0 0 1 0 0 0 0 0 1.53019e-10 -0 0 0 -0 0 0 0 0 0 0 0 0 0 0 0 0 0 1 13150.8 13150.8 13150.8 13150.8
0 0 1 0 0 1 0 0 0 0 0 -2.08437e-09 -0 0 0 -0 0 0 0 0 0 0 0 0 0 0 0 0 0 1 13150.8 13150.8 13150.8 13150.8
0 0 1 0 0 1 0 0 0 0 0 -4.32203e-09 -0 0 0 -0 0 0 0 0 0 0 0 0 0 0 0 0 0 1 13150.8 13150.8 13150.8 13150.8
0 0 1 0 0 1 0 0 0 0 0 1.01649e-09 -0 0 0 -0 0 0 0 0 0 0 0 0 0 0 0 0 0 1 13150.8 13150.8 13150.8 13150.8
0 0 1 0 0 1 0 0 0 0 0 -9.67229e-10 -0 0 0 -0 0 0 0 0 0 0 0 0 0 0 0 0 0 1 13150.8 13150.8 13150.8 13150.8
0 0 1 0 0 1 0 0 0 0 0 -3.21438e-09 -0 0 0 -0 0 0 0 0 0 0 0 0 0 0 0 0 0 1 13150.8 13150.8 13150.8 13150.8
0 0 1 0 0 1 0 0 0 0 0 1.99634e-09 -0 0 0 -0 0 0 0 0 0 0 0 0 0 0 0 0 0 1 13150.8 13150.8 13150.8 13150.8
0 0 1 0 0 1 0 0 0 0 0 -2.56158e-10 -0 0 0 -0 0 0 0 0 0 0 0 0 0 0 0 0 0 1 13150.8 13150.8 13150.8 13150.8
0 0 1 0 0 1 0 0 0 0 0 -2.28331e-09 -0 0 0 -0 0 0 0 0 0 0 0 0 0 0 0 0 0 1 13150.8 13150.8 13150.8 13150.8
0 0 1 0 0 1 0 0 0 0 0 2.92718e-09 -0 0 0 -0 0 0 0 0 0 0 0 0 0 0 0 0 0 1 13150.8 13150.8 13150.8 13150.8
0 0 1 0 0 1 0 0 0 0 0 6.86693e-10 -0 0 0 -0 0 0 0 0 0 0 0 0 0 0 0 0 0 1 13150.8 13150.8 13150.8 13150.8
0 0 1 0 0 1 0 0 0 0 0 -1.56843e-09 -0 0 0 -0 0 0 0 0 0 0 0 0 0 0 0 0 0 1 13150.8 13150.8 13150.8 13150.8
0 0 1 0 0 1 0 0 0 0 0 -3.59539e-09 -0 0 0 -0 0 0 0 0 0 0 0 0 0 0 0 0 0 1 13150.8 13150.8 13150.8 13150.8
0 0 1 0 0 1 0 0 0 0 0 1.6063e-09 -0 0 0 -0 0 0 0 0 0 0 0 0 0 0 0 0 0 1 13150.8 13150.8 13150.8 13150.8
0 0 1 0 0 1 0 0 0 0 0 -6.31082e-10 -0 0 0 -0 0 0 0 0 0 0 0 0 0 0 0 0 0 1 13150.8 13150.8 13150.8 13150.8
0 0 1 0 0 1 0 0 0 0 0 -2.89359e-09 -0 0 0 -0 0 0 0 0 0 0 0 0 0 0 0 0 0 1 13150.8 13150.8 13150.8 13150.8
0 0 1 0 0 1 0 0 0 0 0 1.82891e-09 -0 0 0 -0 0 0 0 0 0 0 0 0 0 0 0 0 0 1 13150.8 13150.8 13150.8 13150.8
0 0 1 0 0 1 0 0 0 0 0 -4.00826e-10 -0 0 0 -0 0 0 0 0 0 0 0 0 0 0 0 0 0 1 13150.8 13150.8 13150.8 13150.8
0 0 1 0 0 1 0 0 0 0 0 -2.67269e-09 -0 0 0 -0 0 0 0 0 0 0 0 0 0 0 0 0 0 1 13150.8 13150.8 13150.8 13150.8
0 0 1 0 0 1 0 0 0 0 0 2.48279e-09 -0 0 0 -0 0 0 0 0 0 0 0 0 0 0 0 0 0 1 13150.8 13150.8 13150.8 13150.8
0 0 1 0 0 1 0 0 0 0 0 4.48115e-10 -0 0 0 -0 0 0 0 0 0 0 0 0 0 0 0 0 0 1 13150.8 13150.8 13150.8 13150.8
0 0 1 0 0 1 0 0 0 0 0 -1.81206e-09 -0 0 0 -0 0 0 0 0 0 0 0 0 0 0 0 0 0 1 13150.8 13150.8 13150.8 13150.8
0 0 1 0 0 1 0 0 0 0 0 3.15897e-09 -0 0 0 -0 0 0 0 0 0 0 0 0 0 0 0 0 0 1 13150.8 13150.8 13150.8 13150.8
0 0 1 0 0 1 0 0 0 0 0 9.66574e-10 -0 0 0 -0 0 0 0 0 0 0 0 0 0 0 0 0 0 1 13150.8 13150.8 13150.8 13150.8
0 0 1 0 0 1 0 0 0 0 0 -1.19856e-09 -0 0 0 -0 0 0 0 0 0 0 0 0 0 0 0 0 0 1 13150.8 13150.8 13150.8 13150.8
0 0 1 0 0 1 0 0 0 0 0 -3.45291e-09 -0 0 0 -0 0 0 0 0 0 0 0 0 0 0 0 0 0 1 13150.8 13150.8 13150.8 13150.8
0 0 1 0 0 1 0 0 0 0 0 1.73488e-09 -0 0 0 -0 0 0 0 0 0 0 0 0 0 0 0 0 0 1 13150.8 13150.8 13150.8 13150.8
0 0 1 0 0 1 0 0 0 0 0 -5.01013e-10 -0 0 0 -0 0 0 0 0 0 0 0 0 0 0 0 0 0 1 13150.8 13150.8 13150.8 13150.8
0 0 1 0 0 1 0 0 0 0 0 -2.56145e-09 -0 0 0 -0 0 0 0 0 0 0 0 0 0 0 0 0 0 1 13150.8 13150.8 13150.8 13150.8
0 0 1 0 0 1 0 0 0 0 0 2.62391e-09 -0 0 0 -0 0 0 0 0 0 0 0 0 0 0 0 0 0 1 13150.8 13150.8 13150.8 13150.8
0 0 1 0 0 1 0 0 0 0 0 3.99072e-10 -0 0 0 -0 0 0 0 0 0 0 0 0 0 0 0 0 0 1 13150.8 13150.8 13150.8 13150.8
0 0 1 0 0 1 0 0 0 0 0 -1.88202e-09 -0 0 0 -0 0 0 0 0 0 0 0 0 0 0 0 0 0 1 13150.8 13150.8 13150.8 13150.8
0 0 1 0 0 1 0 0 0 0 0 2.86682e-09 -0 0 0 -0 0 0 0 0 0 0 0 0 0 0 0 0 0 1 13150.8 13150.8 13150.8 13150.8
0 0 1 0 0 1 0 0 0 0 0 6.52859e-10 -0 0 0 -0 0 0 0 0 0 0 0 0 0 0 0 0 0 1 13150.8 13150.8 13150.8 13150.8
0 0 1 0 0 1 0 0 0 0 0 -1.58049e-09 -0 0 0 -0 0 0 0 0 0 0 0 0 0 0 0 0 0 1 13150.8 13150.8 13150.8 13150.8
0 0 1 0 0 1 0 0 0 0 0 3.67845e-09 -0 0 0 -0 0 0 0 0 0 0 0 0 0 0 0 0 0 1 13150.8 13150.8 13150.8 13150.8
0 0 1 0 0 1 0 0 0 0 0 1.65326e-09 -0 0 0 -0 0 0 0 0 0 0 0 0 0 0 0 0 0 1 13150.8 13150.8 13150.8 13150.8
0 0 1 0 0 1 0 0 0 0 0 -5.74999e-10 -0 0 0 -0 0 0 0 0 0 0 0 0 0 0 0 0 0 1 13150.8 13150.8 13150.8 13150.8
0 0 1 0 0 1 0 0 0 0 0 -2.83294e-09 -0 0 0 -0 0 0 0 0 0 0 0 0 0 0 0 0 0 1 13150.8 13150.8 13150.8 13150.8
0 0 1 0 0 1 0 0 0 0 0 2.36874e-09 -0 0 0 -0 0 0 0 0 0 0 0 0 0 0 0 0 0 1 13150.8 13150.8 13150.8 13150.8
0 0 1 0 0 1 0 0 0 0 0 3.30895e-10 -0 0 0 -0 0 0 0 0 0 0 0 0 0 0 0 0 0 1 13150.8 13150.8 13150.8 13150.8
0 0 1 0 0 1 0 0 0 0 0 -1.92051e-09 -0 0 0 -0 0 0 0 0 0 0 0 0 0 0 0 0 0 1 13150.8 13150.8 13150.8 13150.8
0 0 1 0 0 1 0 0 0 0 0 -1.92051e-09 -0 0 0 -0 0 0 0 0 0 0 0 0 0 0 0 0 0 1 13150.8 13150.8 13150.8 13150.8
0 0 1 0 0 1 0 0 0 0 0 8.48084e-09 -0 0 0 -0 0 0 0 0 0 0 0 0 0 0 0 0 0 1 13150.8 13150.8 13150.8 13150.8
0 0 1 0 0 1 0 0 0 0 0 1.05191e-07 -0 0 0 -0 0 0 0 0 0 0 0 0 0 0 0 0 0 1 13150.8 13150.8 13150.8 13150.8
0 0 1 0 0 1 0 0 0 0 0 4.21376e-07 -0 0 0 -0 0 0 0 0 0 0 0 0 0 0 0 0 0 1 13150.8 13150.8 13150.8 13150.8
0 0 1 0 0 1 0 0 0 0 0 4.18993e-07 -0 0 0 -0 0 0 0 0 0 0 0 0 0 0 0 0 0 1 13150.8 13150.8 13150.8 13150.8
0 0 1 0 0 1 0 0 0 0 0 4.09415e-07 -0 0 0 -0 0 0 0 0 0 0 0 0 0 0 0 0 0 1 13150.8 13150.8 13150.8 13150.8
0 0 1 0 0 1 0 0 0 0 0 4.00351e-07 -0 0 0 -0 0 0 0 0 0 0 0 0 0 0 0 0 0 1 13150.8 13150.8 13150.8 13150.8
0 0 1 0 0 1 0 0 0 0 0 3.90958e-07 -0 0 0 -0 0 0 0 0 0 0 0 0 0 0 0 0 0 1 13150.8 13150.8 13150.8 13150.8
0 0 1 0 0 1 0 0 0 0 0 3.81325e-07 -0 0 0 -0 0 0 0 0 0 0 0 0 0 0 0 0 0 1 13150.8 13150.8 13150.8 13150.8
0 0 1 0 0 1 0 0 0 0 0 3.71542e-07 -0 0 0 -0 0 0 0 0 0 0 0 0 0 0 0 0 0 1 13150.8 13150.8 13150.8 13150.8
0 0 1 0 0 1 0 0 0 0 0 3.62453e-07 -0 0 0 -0 0 0 0 0 0 0 0 0 0 0 0 0 0 1 13150.8 13150.8 13150.8 13150.8
0 0 1 0 0 1 0 0 0 0 0 3.52998e-07 -0 0 0 -0 0 0 0 0 0 0 0 0 0 0 0 0 0 1 13150.8 13150.8 13150.8 13150.8
0 0 1 0 0 1 0 0 0 0 0 3.43246e-07 -0 0 0 -0 0 0 0 0 0 0 0 0 0 0 0 0 0 1 13150.8 13150.8 13150.8 13150.8
0 0 1 0 0 1 0 0 0 0 0 3.33579e-07 -0 0 0 -0 0 0 0 0 0 0 0 0 0 0 0 0 0 1 13150.8 13150.8 13150.8 13150.8
0 0 1 0 0 1 0 0 0 0 0 3.24619e-07 -0 0 0 -0 0 0 0 0 0 0 0 0 0 0 0 0 0 1 13150.8 13150.8 13150.8 13150.8
0 0 1 0 0 1 0 0 0 0 0 3.15203e-07 -0 0 0 -0 0 0 0 0 0 0 0 0 0 0 0 0 0 1 13150.8 13150.8 13150.8 13150.8
0 0 1 0 0 1 0 0 0 0 0 3.05412e-07 -0 0 0 -0 0 0 0 0 0 0 0 0 0 0 0 0 0 1 13150.8 13150.8 13150.8 13150.8
0 0 1 0 0 1 0 0 0 0 0 2.95746e-07 -0 0 0 -0 0 0 0 0 0 0 0 0 0 0 0 0 0 1 13150.8 13150.8 13150.8 13150.8
0 0 1 0 0 1 0 0 0 0 0 2.86681e-07 -0 0 0 -0 0 0 0 0 0 0 0 0 0 0 0 0 0 1 13150.8 13150.8 13150.8 13150.8
0 0 1 0 0 1 0 0 0 0 0 2.77282e-07 -0 0 0 -0 0 0 0 0 0 0 0 0 0 0 0 0 0 1 13150.8 13150.8 13150.8 13150.8
0 0 1 0 0 1 0 0 0 0 0 2.67505e-07 -0 0 0 -0 0 0 0 0 0 0 0 0 0 0 0 0 0 1 13150.8 13150.8 13150.8 13150.8
0 0 1 0 0 1 0 0 0 0 0 2.5821e-07 -0 0 0 -0 0 0 0 0 0 0 0 0 0 0 0 0 0 1 13150.8 13150.8 13150.8 13150.8
0 0 1 0 0 1 0 0 0 0 0 2.48215e-07 -0 0 0 -0 0 0 0 0 0 0 0 0 0 0 0 0 0 1 13150.8 13150.8 13150.8 13150.8
0 0 1 0 0 1 0 0 0 0 0 2.3938e-07 -0 0 0 -0 0 0 0 0 0 0 0 0 0 0 0 0 0 1 13150.8 13150.8 13150.8 13150.8
0 0 1 0 0 1 0 0 0 0 0 2.29715e-07 -0 0 0 -0 0 0 0 0 0 0 0 0 0 0 0 0 0 1 13150.8 13150.8 13150.8 13150.8
0 0 1 0 0 1 0 0 0 0 0 2.1998e-07 -0 0 0 -0 0 0 0 0 0 0 0 0 0 0 0 0 0 1 13150.8 13150.8 13150.8 13150.8
0 0 1 0 0 1 0 0 0 0 0 2.10931e-07 -0 0 0 -0 0 0 0 0 0 0 0 0 0 0 0 0 0 1 13150.8 13150.8 13150.8 13150.8
0 0 1 0 0 1 0 0 0 0 0 2.01509e-07 -0 0 0 -0 0 0 0 0 0 0 0 0 0 0 0 0 0 1 13150.8 13150.8 13150.8 13150.8
0 0 1 0 0 1 0 0 0 0 0 1.91818e-07 -0 0 0 -0 0 0 0 0 0 0 0 0 0 0 0 0 0 1 13150.8 13150.8 13150.8 13150.8
0 0 1 0 0 1 0 0 0 0 0 1.82133e-07 -0 0 0 -0 0 0 0 0 0 0 0 0 0 0 0 0 0 1 13150.8 13150.8 13150.8 13150.8
0 0 1 0 0 1 0 0 0 0 0 1.72974e-07 -0 0 0 -0 0 0 0 0 0 0 0 0 0 0 0 0 0 1 13150.8 13150.8 13150.8 13150.8
0 0 1 0 0 1 0 0 0 0 0 1.63593e-07 -0 0 0 -0 0 0 0 0 0 0 0 0 0 0 0 0 0 1 13150.8 13150.8 13150.8 13150.8
0 0 1 0 0 1 0 0 0 0 0 1.53882e-07 -0 0 0 -0 0 0 0 0 0 0 0 0 0 0 0 0 0 1 13150.8 13150.8 13150.8 13150.8
0 0 1 0 0 1 0 0 0 0 0 1.51644e-07 -0 0 0 -0 0 0 0 0 0 0 0 0 0 0 0 0 0 1 13150.8 13150.8 13150.8 13150.8
0 0 1 0 0 1 0 0 0 0 0 1.49397e-07 -0 0 0 -0 0 0 0 0 0 0 0 0 0 0 0 0 0 1 13150.8 13150.8 13150.8 13150.8
0 0 1 0 0 1 0 0 0 0 0 1.47353e-07 -0 0 0 -0 0 0 0 0 0 0 0 0 0 0 0 0 0 1 13150.8 13150.8 13150.8 13150.8
0 0 1 0 0 1 0 0 0 0 0 1.45118e-07 -0 0 0 -0 0 0 0 0 0 0 0 0 0 0 0 0 0 1 13150.8 13150.8 13150.8 13150.8
0 0 1 0 0 1 0 0 0 0 0 1.4287e-07 -0 0 0 -0 0 0 0 0 0 0 0 0 0 0 0 0 0 1 13150.8 13150.8 13150.8 13150.8
0 0 1 0 0 1 0 0 0 0 0 1.40651e-07 -0 0 0 -0 0 0 0 0 0 0 0 0 0 0 0 0 0 1 13150.8 13150.8 13150.8 13150.8
0 0 1 0 0 1 0 0 0 0 0 1.38606e-07 -0 0 0 -0 0 0 0 0 0 0 0 0 0 0 0 0 0 1 13150.8 13150.8 13150.8 13150.8
0 0 1 0 0 1 0 0 0 0 0 1.3635e-07 -0 0 0 -0 0 0 0 0 0 0 0 0 0 0 0 0 0 1 13150.8 13150.8 13150.8 13150.8
0 0 1 0 0 1 0 0 0 0 0 1.34126e-07 -0 0 0 -0 0 0 0 0 0 0 0 0 0 0 0 0 0 1 13150.8 13150.8 13150.8 13150.8
0 0 1 0 0 1 0 0 0 0 0 1.32016e-07 -0 0 0 -0 0 0 0 0 0 0 0 0 0 0 0 0 0 1 13150.8 13150.8 13150.8 13150.8
0 0 1 0 0 1 0 0 0 0 0 1.29833e-07 -0 0 0 -0 0 0 0 0 0 0 0 0 0 0 0 0 0 1 13150.8 13150.8 13150.8 13150.8
0 0 1 0 0 1 0 0 0 0 0 1.27686e-07 -0 0 0 -0 0 0 0 0 0 0 0 0 0 0 0 0 0 1 13150.8 13150.8 13150.8 13150.8
0 0 1 0 0 1 0 0 0 0 0 1.25488e-07 -0 0 0 -0 0 0 0 0 0 0 0 0 0 0 0 0 0 1 13150.8 13150.8 13150.8 13150.8
0 0 1 0 0 1 0 0 0 0 0 1.23257e-07 -0 0 0 -0 0 0 0 0 0 0 0 0 0 0 0 0 0 1 13150.8 13150.8 13150.8 13150.8
0 0 1 0 0 1 0 0 0 0 0 1.21026e-07 -0 0 0 -0 0 0 0 0 0 0 0 0 0 0 0 0 0 1 13150.8 13150.8 13150.8 13150.8
0 0 1 0 0 1 0 0 0 0 0 1.18839e-07 -0 0 0 -0 0 0 0 0 0 0 0 0 0 0 0 0 0 1 13150.8 13150.8 13150.8 13150.8
0 0 1 0 0 1 0 0 0 0 0 1.1657e-07 -0 0 0 -0 0 0 0 0 0 0 0 0 0 0 0 0 0 1 13150.8 13150.8 13150.8 13150.8
0 0 1 0 0 1 0 0 0 0 0 1.14373e-07 -0 0 0 -0 0 0 0 0 0 0 0 0 0 0 0 0 0 1 13150.8 13150.8 13150.8 13150.8
0 0 1 0 0 1 0 0 0 0 0 1.12346e-07 -0 0 0 -0 0 0 0 0 0 0 0 0 0 0 0 0 0 1 13150.8 13150.8 13150.8 13150.8
0 0 1 0 0 1 0 0 0 0 0 1.10097e-07 -0 0 0 -0 0 0 0 0 0 0 0 0 0 0 0 0 0 1 13150.8 13150.8 13150.8 13150.8
0 0 1 0 0 1 0 0 0 0 0 1.07819e-07 -0 0 0 -0 0 0 0 0 0 0 0 0 0 0 0 0 0 1 13150.8 13150.8 13150.8 13150.8
0 0 1 0 0 1 0 0 0 0 0 1.0561e-07 -0 0 0 -0 0 0 0 0 0 0 0 0 0 0 0 0 0 1 13150.8 13150.8 13150.8 13150.8
0 0 1 0 0 1 0 0 0 0 0 1.03563e-07 -0 0 0 -0 0 0 0 0 0 0 0 0 0 0 0 0 0 1 13150.8 13150.8 13150.8 13150.8
0 0 1 0 0 1 0 0 0 0 0 1.01314e-07 -0 0 0 -0 0 0 0 0 0 0 0 0 0 0 0 0 0 1 13150.8 13150.8 13150.8 13150.8
0 0 1 0 0 1 0 0 0 0 0 9.9065e-08 -0 0 0 -0 0 0 0 0 0 0 0 0 0 0 0 0 0 1 13150.8 13150.8 13150.8 13150.8
0 0 1 0 0 1 0 0 0 0 0 9.68509e-08 -0 0 0 -0 0 0 0 0 0 0 0 0 0 0 0 0 0 1 13150.8 13150.8 13150.8 13150.8
0 0 1 0 0 1 0 0 0 0 0 9.48069e-08 -0 0 0 -0 0 0 0 0 0 0 0 0 0 0 0 0 0 1 13150.8 13150.8 13150.8 13150.8
0 0 1 0 0 1 0 0 0 0 0 9.25531e-08 -0 0 0 -0 0 0 0 0 0 0 0 0 0 0 0 0 0 1 13150.8 13150.8 13150.8 13150.8
0 0 1 0 0 1 0 0 0 0 0 9.02994e-08 -0 0 0 -0 0 0 0 0 0 0 0 0 0 0 0 0 0 1 13150.8 13150.8 13150.8 13150.8
0 0 1 0 0 1 0 0 0 0 0 8.82339e-08 -0 0 0 -0 0 0 0 0 0 0 0 0 0 0 0 0 0 1 13150.8 13150.8 13150.8 13150.8
0 0 1 0 0 1 0 0 0 0 0 8.60477e-08 -0 0 0 -0 0 0 0 0 0 0 0 0 0 0 0 0 0 1 13150.8 13150.8 13150.8 13150.8
0 0 1 0 0 1 0 0 0 0 0 8.38191e-08 -0 0 0 -0 0 0 0 0 0 0 0 0 0 0 0 0 0 1 13150.8 13150.8 13150.8 13150.8
0 0 1 0 0 1 0 0 0 0 0 8.15199e-08 -0 0 0 -0 0 0 0 0 0 0 0 0 0 0 0 0 0 1 13150.8 13150.8 13150.8 13150.8
0 0 1 0 0 1 0 0 0 0 0 7.94779e-08 -0 0 0 -0 0 0 0 0 0 0 0 0 0 0 0 0 0 1 13150.8 13150.8 13150.8 13150.8
0 0 1 0 0 1 0 0 0 0 0 7.72561e-08 -0 0 0 -0 0 0 0 0 0 0 0 0 0 0 0 0 0 1 13150.8 13150.8 13150.8 13150.8
0 0 1 0 0 1 0 0 0 0 0 7.50417e-08 -0 0 0 -0 0 0 0 0 0 0 0 0 0 0 0 0 0 1 13150.8 13150.8 13150.8 13150.8
0 0 1 0 0 1 0 0 0 0 0 7.28061e-08 -0 0 0 -0 0 0 0 0 0 0 0 0 0 0 0 0 0 1 13150.8 13150.8 13150.8 13150.8
0 0 1 0 0 1 0 0 0 0 0 7.0567e-08 -0 0 0 -0 0 0 0 0 0 0 0 0 0 0 0 0 0 1 13150.8 13150.8 13150.8 13150.8
0 0 1 0 0 1 0 0 0 0 0 6.85542e-08 -0 0 0 -0 0 0 0 0 0 0 0 0 0 0 0 0 0 1 13150.8 13150.8 13150.8 13150.8
0 0 1 0 0 1 0 0 0 0 0 6.63028e-08 -0 0 0 -0 0 0 0 0 0 0 0 0 0 0 0 0 0 1 13150.8 13150.8 13150.8 13150.8
0 0 1 0 0 1 0 0 0 0 0 6.40649e-08 -0 0 0 -0 0 0 0 0 0 0 0 0 0 0 0 0 0 1 13150.8 13150.8 13150.8 13150.8
0 0 1 0 0 1 0 0 0 0 0 6.18323e-08 -0 0 0 -0 0 0 0 0 0 0 0 0 0 0 0 0 0 1 13150.8 13150.8 13150.8 13150.8
0 0 1 0 0 1 0 0 0 0 0 5.9755e-08 -0 0 0 -0 0 0 0 0 0 0 0 0 0 0 0 0 0 1 13150.8 13150.8 13150.8 13150.8
0 0 1 0 0 1 0 0 0 0 0 5.75316e-08 -0 0 0 -0 0 0 0 0 0 0 0 0 0 0 0 0 0 1 13150.8 13150.8 13150.8 13150.8
0 0 1 0 0 1 0 0 0 0 0 5.53014e-08 -0 0 0 -0 0 0 0 0 0 0 0 0 0 0 0 0 0 1 13150.8 13150.8 13150.8 13150.8
0 0 1 0 0 1 0 0 0 0 0 5.30491e-08 -0 0 0 -0 0 0 0 0 0 0 0 0 0 0 0 0 0 1 13150.8 13150.8 13150.8 13150.8
0 0 1 0 0 1 0 0 0 0 0 5.10131e-08 -0 0 0 -0 0 0 0 0 0 0 0 0 0 0 0 0 0 1 13150.8 13150.8 13150.8 13150.8
0 0 1 0 0 1 0 0 0 0 0 4.87838e-08 -0 0 0 -0 0 0 0 0 0 0 0 0 0 0 0 0 0 1 13150.8 13150.8 13150.8 13150.8
0 0 1 0 0 1 0 0 0 0 0 4.66289e-08 -0 0 0 -0 0 0 0 0 0 0 0 0 0 0 0 0 0 1 13150.8 13150.8 13150.8 13150.8
0 0 1 0 0 1 0 0 0 0 0 4.44649e-08 -0 0 0 -0 0 0 0 0 0 0 0 0 0 0 0 0 0 1 13150.8 13150.8 13150.8 13150.8
0 0 1 0 0 1 0 0 0 0 0 4.22912e-08 -0 0 0 -0 0 0 0 0 0 0 0 0 0 0 0 0 0 1 13150.8 13150.8 13150.8 13150.8
0 0 1 0 0 1 0 0 0 0 0 4.00198e-08 -0 0 0 -0 0 0 0 0 0 0 0 0 0 0 0 0 0 1 13150.8 13150.8 13150.8 13150.8
0 0 1 0 0 1 0 0 0 0 0 3.75202e-08 -0 0 0 -0 0 0 0 0 0 0 0 0 0 0 0 0 0 1 13150.8 13150.8 13150.8 13150.8
0 0 1 0 0 1 0 0 0 0 0 3.56959e-08 -0 0 0 -0 0 0 0 0 0 0 0 0 0 0 0 0 0 1 13150.8 13150.8 13150.8 13150.8
0 0 1 0 0 1 0 0 0 0 0 3.35084e-08 -0 0 0 -0 0 0 0 0 0 0 0 0 0 0 0 0 0 1 13150.8 13150.8 13150.8 13150.8
0 0 1 0 0 1 0 0 0 0 0 3.12487e-08 -0 0 0 -0 0 0 0 0 0 0 0 0 0 0 0 0 0 1 13150.8 13150.8 13150.8 13150.8
0 0 1 0 0 1 0 0 0 0 0 2.90202e-08 -0 0 0 -0 0 0 0 0 0 0 0 0 0 0 0 0 0 1 13150.8 13150.8 13150.8 13150.8
0 0 1 0 0 1 0 0 0 0 0 2.69054e-08 -0 0 0 -0 0 0 0 0 0 0 0 0 0 0 0 0 0 1 13150.8 13150.8 13150.8 13150.8
0 0 1 0 0 1 0 0 0 0 0 2.47392e-08 -0 0 0 -0 0 0 0 0 0 0 0 0 0 0 0 0 0 1 13150.8 13150.8 13150.8 13150.8
0 0 1 0 0 1 0 0 0 0 0 2.24846e-08 -0 0 0 -0 0 0 0 0 0 0 0 0 0 0 0 0 0 1 13150.8 13150.8 13150.8 13150.8
0 0 1 0 0 1 0 0 0 0 0 2.02656e-08 -0 0 0 -0 0 0 0 0 0 0 0 0 0 0 0 0 0 1 13150.8 13150.8 13150.8 13150.8
0 0 1 0 0 1 0 0 0 0 0 1.81395e-08 -0 0 0 -0 0 0 0 0 0 0 0 0 0 0 0 0 0 1 13150.8 13150.8 13150.8 13150.8
0 0 1 0 0 1 0 0 0 0 0 1.59691e-08 -0 0 0 -0 0 0 0 0 0 0 0 0 0 0 0 0 0 1 13150.8 13150.8 13150.8 13150.8
0 0 1 0 0 1 0 0 0 0 0 1.37422e-08 -0 0 0 -0 0 0 0 0 0 0 0 0 0 0 0 0 0 1 13150.8 13150.8 13150.8 13150.8
0 0 1 0 0 1 0 0 0 0 0 1.14918e-08 -0 0 0 -0 0 0 0 0 0 0 0 0 0 0 0 0 0 1 13150.8 13150.8 13150.8 13150.8
0 0 1 0 0 1 0 0 0 0 0 9.39582e-09 -0 0 0 -0 0 0 0 0 0 0 0 0 0 0 0 0 0 1 13150.8 13150.8 13150.8 13150.8
0 0 1 0 0 1 0 0 0 0 0 7.19306e-09 -0 0 0 -0 0 0 0 0 0 0 0 0 0 0 0 0 0 1 13150.8 13150.8 13150.8 13150.8
0 0 1 0 0 1 0 0 0 0 0 4.96763e-09 -0 0 0 -0 0 0 0 0 0 0 0 0 0 0 0 0 0 1 13150.8 13150.8 13150.8 13150.8
0 0 1 0 0 1 0 0 0 0 0 2.74115e-09 -0 0 0 -0 0 0 0 0 0 0 0 0 0 0 0 0 0 1 13150.8 13150.8 13150.8 13150.8
0 0 1 0 0 1 0 0 0 0 0 6.46236e-10 -0 0 0 -0 0 0 0 0 0 0 0 0 0 0 0 0 0 1 13150.8 13150.8 13150.8 13150.8
0 0 1 0 0 1 0 0 0 0 0 -1.54225e-09 -0 0 0 -0 0 0 0 0 0 0 0 0 0 0 0 0 0 1 13150.8 13150.8 13150.8 13150.8
0 0 1 0 0 1 0 0 0 0 0 -3.77464e-09 -0 0 0 -0 0 0 0 0 0 0 0 0 0 0 0 0 0 1 13150.8 13150.8 13150.8 13150.8
0 0 1 0 0 1 0 0 0 0 0 -6.01477e-09 -0 0 0 -0 0 0 0 0 0 0 0 0 0 0 0 0 0 1 13150.8 13150.8 13150.8 13150.8
0 0 1 0 0 1 0 0 0 0 0 -8.43952e-09 -0 0 0 -0 0 0 0 0 0 0 0 0 0 0 0 0 0 1 13150.8 13150.8 13150.8 13150.8
0 0 1 0 0 1 0 0 0 0 0 -1.03001e-08 -0 0 0 -0 0 0 0 0 0 0 0 0 0 0 0 0 0 1 13150.8 13150.8 13150.8 13150.8
0 0 1 0 0 1 0 0 0 0 0 -1.26411e-08 -0 0 0 -0 0 0 0 0 0 0 0 0 0 0 0 0 0 1 13150.8 13150.8 13150.8 13150.8
0 0 1 0 0 1 0 0 0 0 0 -1.47699e-08 -0 0 0 -0 0 0 0 0 0 0 0 0 0 0 0 0 0 1 13150.8 13150.8 13150.8 13150.8
0 0 1 0 0 1 0 0 0 0 0 -1.68677e-08 -0 0 0 -0 0 0 0 0 0 0 0 0 0 0 0 0 0 1 13150.8 13150.8 13150.8 13150.8
0 0 1 0 0 1 0 0 0 0 0 -1.90638e-08 -0 0 0 -0 0 0 0 0 0 0 0 0 0 0 0 0 0 1 13150.8 13150.8 13150.8 13150.8
0 0 1 0 0 1 0 0 0 0 0 -2.1291e-08 -0 0 0 -0 0 0 0 0 0 0 0 0 0 0 0 0 0 1 13150.8 13150.8 13150.8 13150.8
0 0 1 0 0 1 0 0 0 0 0 -2.56118e-08 -0 0 0 -0 0 0 0 0 0 0 0 0 0 0 0 0 0 1 13150.8 13150.8 13150.8 13150.8
0 0 1 0 0 1 0 0 0 0 0 -2.78075e-08 -0 0 0 -0 0 0 0 0 0 0 0 0 0 0 0 0 0 1 13150.8 13150.8 13150.8 13150.8
0 0 1 0 0 1 0 0 0 0 0 -3.00748e-08 -0 0 0 -0 0 0 0 0 0 0 0 0 0 0 0 0 0 1 13150.8 13150.8 13150.8 13150.8
0 0 1 0 0 1 0 0 0 0 0 -3.43789e-08 -0 0 0 -0 0 0 0 0 0 0 0 0 0 0 0 0 0 1 13150.8 13150.8 13150.8 13150.8
0 0 1 0 0 1 0 0 0 0 0 -3.66049e-08 -0 0 0 -0 0 0 0 0 0 0 0 0 0 0 0 0 0 1 13150.8 13150.8 13150.8 13150.8
0 0 1 0 0 1 0 0 0 0 0 -3.66049e-08 -0 0 0 -0 0 0 0 0 0 0 0 0 0 0 0 0 0 1 13150.8 13150.8 13150.8 13150.8
0 0 1 0 0 1 0 0 0 0 0 -4.10681e-08 -0 0 0 -0 0 0 0 0 0 0 0 0 0 0 0 0 0 1 13150.8 13150.8 13150.8 13150.8
0 0 1 0 0 1 0 0 0 0 0 -4.3145e-08 -0 0 0 -0 0 0 0 0 0 0 0 0 0 0 0 0 0 1 13150.8 13150.8 13150.8 13150.8
0 0 1 0 0 1 0 0 0 0 0 -4.53286e-08 -0 0 0 -0 0 0 0 0 0 0 0 0 0 0 0 0 0 1 13150.8 13150.8 13150.8 13150.8
0 0 1 0 0 1 0 0 0 0 0 -4.75645e-08 -0 0 0 -0 0 0 0 0 0 0 0 0 0 0 0 0 0 1 13150.8 13150.8 13150.8 13150.8
0 0 1 0 0 1 0 0 0 0 0 -4.9793e-08 -0 0 0 -0 0 0 0 0 0 0 0 0 0 0 0 0 0 1 13150.8 13150.8 13150.8 13150.8
0 0 1 0 0 1 0 0 0 0 0 -5.1893e-08 -0 0 0 -0 0 0 0 0 0 0 0 0 0 0 0 0 0 1 13150.8 13150.8 13150.8 13150.8
0 0 1 0 0 1 0 0 0 0 0 -5.40802e-08 -0 0 0 -0 0 0 0 0 0 0 0 0 0 0 0 0 0 1 13150.8 13150.8 13150.8 13150.8
0 0 1 0 0 1 0 0 0 0 0 -5.63164e-08 -0 0 0 -0 0 0 0 0 0 0 0 0 0 0 0 0 0 1 13150.8 13150.8 13150.8 13150.8
0 0 1 0 0 1 0 0 0 0 0 -5.85321e-08 -0 0 0 -0 0 0 0 0 0 0 0 0 0 0 0 0 0 1 13150.8 13150.8 13150.8 13150.8
0 0 1 0 0 1 0 0 0 0 0 -6.07962e-08 -0 0 0 -0 0 0 0 0 0 0 0 0 0 0 0 0 0 1 13150.8 13150.8 13150.8 13150.8
0 0 1 0 0 1 0 0 0 0 0 -6.50749e-08 -0 0 0 -0 0 0 0 0 0 0 0 0 0 0 0 0 0 1 13150.8 13150.8 13150.8 13150.8
0 0 1 0 0 1 0 0 0 0 0 -6.94012e-08 -0 0 0 -0 0 0 0 0 0 0 0 0 0 0 0 0 0 1 13150.8 13150.8 13150.8 13150.8
0 0 1 0 0 1 0 0 0 0 0 -6.94012e-08 -0 0 0 -0 0 0 0 0 0 0 0 0 0 0 0 0 0 1 13150.8 13150.8 13150.8 13150.8
0 0 1 0 0 1 0 0 0 0 0 -7.16015e-08 -0 0 0 -0 0 0 0 0 0 0 0 0 0 0 0 0 0 1 13150.8 13150.8 13150.8 13150.8
0 0 1 0 0 1 0 0 0 0 0 -7.38356e-08 -0 0 0 -0 0 0 0 0 0 0 0 0 0 0 0 0 0 1 13150.8 13150.8 13150.8 13150.8
0 0 1 0 0 1 0 0 0 0 0 -7.81649e-08 -0 0 0 -0 0 0 0 0 0 0 0 0 0 0 0 0 0 1 13150.8 13150.8 13150.8 13150.8
0 0 1 0 0 1 0 0 0 0 0 -8.03553e-08 -0 0 0 -0 0 0 0 0 0 0 0 0 0 0 0 0 0 1 13150.8 13150.8 13150.8 13150.8
0 0 1 0 0 1 0 0 0 0 0 -8.69228e-08 -0 0 0 -0 0 0 0 0 0 0 0 0 0 0 0 0 0 1 13150.8 13150.8 13150.8 13150.8
0 0 1 0 0 1 0 0 0 0 0 -8.91121e-08 -0 0 0 -0 0 0 0 0 0 0 0 0 0 0 0 0 0 1 13150.8 13150.8 13150.8 13150.8
0 0 1 0 0 1 0 0 0 0 0 -9.13698e-08 -0 0 0 -0 0 0 0 0 0 0 0 0 0 0 0 0 0 1 13150.8 13150.8 13150.8 13150.8
0 0 1 0 0 1 0 0 0 0 0 -9.35928e-08 -0 0 0 -0 0 0 0 0 0 0 0 0 0 0 0 0 0 1 13150.8 13150.8 13150.8 13150.8
0 0 1 0 0 1 0 0 0 0 0 -9.78729e-08 -0 0 0 -0 0 0 0 0 0 0 0 0 0 0 0 0 0 1 13150.8 13150.8 13150.8 13150.8
0 0 1 0 0 1 0 0 0 0 0 -9.78729e-08 -0 0 0 -0 0 0 0 0 0 0 0 0 0 0 0 0 0 1 13150.8 13150.8 13150.8 13150.8
0 0 1 0 0 1 0 0 0 0 0 -1.02313e-07 -0 0 0 -0 0 0 0 0 0 0 0 0 0 0 0 0 0 1 13150.8 13150.8 13150.8 13150.8
0 0 1 0 0 1 0 0 0 0 0 -1.02313e-07 -0 0 0 -0 0 0 0 0 0 0 0 0 0 0 0 0 0 1 13150.8 13150.8 13150.8 13150.8
0 0 1 0 0 1 0 0 0 0 0 -1.04447e-07 -0 0 0 -0 0 0 0 0 0 0 0 0 0 0 0 0 0 1 13150.8 13150.8 13150.8 13150.8
0 0 1 0 0 1 0 0 0 0 0 -1.06637e-07 -0 0 0 -0 0 0 0 0 0 0 0 0 0 0 0 0 0 1 13150.8 13150.8 13150.8 13150.8
0 0 1 0 0 1 0 0 0 0 0 -1.08876e-07 -0 0 0 -0 0 0 0 0 0 0 0 0 0 0 0 0 0 1 13150.8 13150.8 13150.8 13150.8
0 0 1 0 0 1 0 0 0 0 0 -1.11112e-07 -0 0 0 -0 0 0 0 0 0 0 0 0 0 0 0 0 0 1 13150.8 13150.8 13150.8 13150.8
0 0 1 0 0 1 0 0 0 0 0 -1.15391e-07 -0 0 0 -0 0 0 0 0 0 0 0 0 0 0 0 0 0 1 13150.8 13150.8 13150.8 13150.8
0 0 1 0 0 1 0 0 0 0 0 -1.1763e-07 -0 0 0 -0 0 0 0 0 0 0 0 0 0 0 0 0 0 1 13150.8 13150.8 13150.8 13150.8
0 0 1 0 0 1 0 0 0 0 0 -1.21973e-07 -0 0 0 -0 0 0 0 0 0 0 0 0 0 0 0 0 0 1 13150.8 13150.8 13150.8 13150.8
0 0 1 0 0 1 0 0 0 0 0 -1.24156e-07 -0 0 0 -0 0 0 0 0 0 0 0 0 0 0 0 0 0 1 13150.8 13150.8 13150.8 13150.8
0 0 1 0 0 1 0 0 0 0 0 -1.26391e-07 -0 0 0 -0 0 0 0 0 0 0 0 0 0 0 0 0 0 1 13150.8 13150.8 13150.8 13150.8
0 0 1 0 0 1 0 0 0 0 0 -1.28629e-07 -0 0 0 -0 0 0 0 0 0 0 0 0 0 0 0 0 0 1 13150.8 13150.8 13150.8 13150.8
0 0 1 0 0 1 0 0 0 0 0 -1.30721e-07 -0 0 0 -0 0 0 0 0 0 0 0 0 0 0 0 0 0 1 13150.8 13150.8 13150.8 13150.8
0 0 1 0 0 1 0 0 0 0 0 -1.32909e-07 -0 0 0 -0 0 0 0 0 0 0 0 0 0 0 0 0 0 1 13150.8 13150.8 13150.8 13150.8
0 0 1 0 0 1 0 0 0 0 0 -1.35145e-07 -0 0 0 -0 0 0 0 0 0 0 0 0 0 0 0 0 0 1 13150.8 13150.8 13150.8 13150.8
0 0 1 0 0 1 0 0 0 0 0 -1.37386e-07 -0 0 0 -0 0 0 0 0 0 0 0 0 0 0 0 0 0 1 13150.8 13150.8 13150.8 13150.8
0 0 1 0 0 1 0 0 0 0 0 -1.41726e-07 -0 0 0 -0 0 0 0 0 0 0 0 0 0 0 0 0 0 1 13150.8 13150.8 13150.8 13150.8
0 0 1 0 0 1 0 0 0 0 0 -1.41726e-07 -0 0 0 -0 0 0 0 0 0 0 0 0 0 0 0 0 0 1 13150.8 13150.8 13150.8 13150.8
0 0 1 0 0 1 0 0 0 0 0 -1.43917e-07 -0 0 0 -0 0 0 0 0 0 0 0 0 0 0 0 0 0 1 13150.8 13150.8 13150.8 13150.8
0 0 1 0 0 1 0 0 0 0 0 -1.48222e-07 -0 0 0 -0 0 0 0 0 0 0 0 0 0 0 0 0 0 1 13150.8 13150.8 13150.8 13150.8
0 0 1 0 0 1 0 0 0 0 0 -1.48222e-07 -0 0 0 -0 0 0 0 0 0 0 0 0 0 0 0 0 0 1 13150.8 13150.8 13150.8 13150.8
0 0 1 0 0 1 0 0 0 0 0 -1.50428e-07 -0 0 0 -0 0 0 0 0 0 0 0 0 0 0 0 0 0 1 13150.8 13150.8 13150.8 13150.8
0 0 1 0 0 1 0 0 0 0 0 -1.52665e-07 -0 0 0 -0 0 0 0 0 0 0 0 0 0 0 0 0 0 1 13150.8 13150.8 13150.8 13150.8
0 0 1 0 0 1 0 0 0 0 0 -1.54903e-07 -0 0 0 -0 0 0 0 0 0 0 0 0 0 0 0 0 0 1 13150.8 13150.8 13150.8 13150.8
0 0 1 0 0 1 0 0 0 0 0 -1.50019e-07 -0 0 0 -0 0 0 0 0 0 0 0 0 0 0 0 0 0 1 13150.8 13150.8 13150.8 13150.8
0 0 1 0 0 1 0 0 0 0 0 -1.44935e-07 -0 0 0 -0 0 0 0 0 0 0 0 0 0 0 0 0 0 1 13150.8 13150.8 13150.8 13150.8
0 0 1 0 0 1 0 0 0 0 0 -1.39723e-07 -0 0 0 -0 0 0 0 0 0 0 0 0 0 0 0 0 0 1 13150.8 13150.8 13150.8 13150.8
0 0 1 0 0 1 0 0 0 0 0 -1.4196e-07 -0 0 0 -0 0 0 0 0 0 0 0 0 0 0 0 0 0 1 13150.8 13150.8 13150.8 13150.8
0 0 1 0 0 1 0 0 0 0 0 -1.4405e-07 -0 0 0 -0 0 0 0 0 0 0 0 0 0 0 0 0 0 1 13150.8 13150.8 13150.8 13150.8
0 0 1 0 0 1 0 0 0 0 0 -1.46238e-07 -0 0 0 -0 0 0 0 0 0 0 0 0 0 0 0 0 0 1 13150.8 13150.8 13150.8 13150.8
0 0 1 0 0 1 0 0 0 0 0 -1.4101e-07 -0 0 0 -0 0 0 0 0 0 0 0 0 0 0 0 0 0 1 13150.8 13150.8 13150.8 13150.8
0 0 1 0 0 1 0 0 0 0 0 -1.35811e-07 -0 0 0 -0 0 0 0 0 0 0 0 0 0 0 0 0 0 1 13150.8 13150.8 13150.8 13150.8
0 0 1 0 0 1 0 0 0 0 0 -1.30935e-07 -0 0 0 -0 0 0 0 0 0 0 0 0 0 0 0 0 0 1 13150.8 13150.8 13150.8 13150.8
0 0 1 0 0 1 0 0 0 0 0 -1.35357e-07 -0 0 0 -0 0 0 0 0 0 0 0 0 0 0 0 0 0 1 13150.8 13150.8 13150.8 13150.8
0 0 1 0 0 1 0 0 0 0 0 -1.37602e-07 -0 0 0 -0 0 0 0 0 0 0 0 0 0 0 0 0 0 1 13150.8 13150.8 13150.8 13150.8
0 0 1 0 0 1 0 0 0 0 0 -1.37602e-07 -0 0 0 -0 0 0 0 0 0 0 0 0 0 0 0 0 0 1 13150.8 13150.8 13150.8 13150.8
0 0 1 0 0 1 0 0 0 0 0 -1.32758e-07 -0 0 0 -0 0 0 0 0 0 0 0 0 0 0 0 0 0 1 13150.8 13150.8 13150.8 13150.8
0 0 1 0 0 1 0 0 0 0 0 -1.27645e-07 -0 0 0 -0 0 0 0 0 0 0 0 0 0 0 0 0 0 1 13150.8 13150.8 13150.8 13150.8
0 0 1 0 0 1 0 0 0 0 0 -1.22449e-07 -0 0 0 -0 0 0 0 0 0 0 0 0 0 0 0 0 0 1 13150.8 13150.8 13150.8 13150.8
0 0 1 0 0 1 0 0 0 0 0 -1.25308e-07 -0 0 0 -0 0 0 0 0 0 0 0 0 0 0 0 0 0 1 13150.8 13150.8 13150.8 13150.8
0 0 1 0 0 1 0 0 0 0 0 -1.26781e-07 -0 0 0 -0 0 0 0 0 0 0 0 0 0 0 0 0 0 1 13150.8 13150.8 13150.8 13150.8
0 0 1 0 0 1 0 0 0 0 0 -1.21691e-07 -0 0 0 -0 0 0 0 0 0 0 0 0 0 0 0 0 0 1 13150.8 13150.8 13150.8 13150.8
0 0 1 0 0 1 0 0 0 0 0 -1.23929e-07 -0 0 0 -0 0 0 0 0 0 0 0 0 0 0 0 0 0 1 13150.8 13150.8 13150.8 13150.8
0 0 1 0 0 1 0 0 0 0 0 -1.2617e-07 -0 0 0 -0 0 0 0 0 0 0 0 0 0 0 0 0 0 1 13150.8 13150.8 13150.8 13150.8
0 0 1 0 0 1 0 0 0 0 0 -1.28267e-07 -0 0 0 -0 0 0 0 0 0 0 0 0 0 0 0 0 0 1 13150.8 13150.8 13150.8 13150.8
0 0 1 0 0 1 0 0 0 0 0 -1.23168e-07 -0 0 0 -0 0 0 0 0 0 0 0 0 0 0 0 0 0 1 13150.8 13150.8 13150.8 13150.8
0 0 1 0 0 1 0 0 0 0 0 -1.1797e-07 -0 0 0 -0 0 0 0 0 0 0 0 0 0 0 0 0 0 1 13150.8 13150.8 13150.8 13150.8
0 0 1 0 0 1 0 0 0 0 0 -1.20205e-07 -0 0 0 -0 0 0 0 0 0 0 0 0 0 0 0 0 0 1 13150.8 13150.8 13150.8 13150.8
0 0 1 0 0 1 0 0 0 0 0 -1.15329e-07 -0 0 0 -0 0 0 0 0 0 0 0 0 0 0 0 0 0 1 13150.8 13150.8 13150.8 13150.8
0 0 1 0 0 1 0 0 0 0 0 -1.17519e-07 -0 0 0 -0 0 0 0 0 0 0 0 0 0 0 0 0 0 1 13150.8 13150.8 13150.8 13150.8
0 0 1 0 0 1 0 0 0 0 0 -1.12329e-07 -0 0 0 -0 0 0 0 0 0 0 0 0 0 0 0 0 0 1 13150.8 13150.8 13150.8 13150.8
0 0 1 0 0 1 0 0 0 0 0 -1.14573e-07 -0 0 0 -0 0 0 0 0 0 0 0 0 0 0 0 0 0 1 13150.8 13150.8 13150.8 13150.8
0 0 1 0 0 1 0 0 0 0 0 -1.16666e-07 -0 0 0 -0 0 0 0 0 0 0 0 0 0 0 0 0 0 1 13150.8 13150.8 13150.8 13150.8
0 0 1 0 0 1 0 0 0 0 0 -1.18852e-07 -0 0 0 -0 0 0 0 0 0 0 0 0 0 0 0 0 0 1 13150.8 13150.8 13150.8 13150.8
0 0 1 0 0 1 0 0 0 0 0 -1.13619e-07 -0 0 0 -0 0 0 0 0 0 0 0 0 0 0 0 0 0 1 13150.8 13150.8 13150.8 13150.8
0 0 1 0 0 1 0 0 0 0 0 -1.08423e-07 -0 0 0 -0 0 0 0 0 0 0 0 0 0 0 0 0 0 1 13150.8 13150.8 13150.8 13150.8
0 0 1 0 0 1 0 0 0 0 0 -1.10513e-07 -0 0 0 -0 0 0 0 0 0 0 0 0 0 0 0 0 0 1 13150.8 13150.8 13150.8 13150.8
0 0 1 0 0 1 0 0 0 0 0 -1.0542e-07 -0 0 0 -0 0 0 0 0 0 0 0 0 0 0 0 0 0 1 13150.8 13150.8 13150.8 13150.8
0 0 1 0 0 1 0 0 0 0 0 -1.07658e-07 -0 0 0 -0 0 0 0 0 0 0 0 0 0 0 0 0 0 1 13150.8 13150.8 13150.8 13150.8
0 0 1 0 0 1 0 0 0 0 0 -1.02613e-07 -0 0 0 -0 0 0 0 0 0 0 0 0 0 0 0 0 0 1 13150.8 13150.8 13150.8 13150.8
0 0 1 0 0 1 0 0 0 0 0 -1.05455e-07 -0 0 0 -0 0 0 0 0 0 0 0 0 0 0 0 0 0 1 13150.8 13150.8 13150.8 13150.8
0 0 1 0 0 1 0 0 0 0 0 -1.07e-07 -0 0 0 -0 0 0 0 0 0 0 0 0 0 0 0 0 0 1 13150.8 13150.8 13150.8 13150.8
0 0 1 0 0 1 0 0 0 0 0 -1.0184e-07 -0 0 0 -0 0 0 0 0 0 0 0 0 0 0 0 0 0 1 13150.8 13150.8 13150.8 13150.8
0 0 1 0 0 1 0 0 0 0 0 -1.04075e-07 -0 0 0 -0 0 0 0 0 0 0 0 0 0 0 0 0 0 1 13150.8 13150.8 13150.8 13150.8
0 0 1 0 0 1 0 0 0 0 0 -9.92174e-08 -0 0 0 -0 0 0 0 0 0 0 0 0 0 0 0 0 0 1 13150.8 13150.8 13150.8 13150.8
0 0 1 0 0 1 0 0 0 0 0 -1.01423e-07 -0 0 0 -0 0 0 0 0 0 0 0 0 0 0 0 0 0 1 13150.8 13150.8 13150.8 13150.8
0 0 1 0 0 1 0 0 0 0 0 -9.62386e-08 -0 0 0 -0 0 0 0 0 0 0 0 0 0 0 0 0 0 1 13150.8 13150.8 13150.8 13150.8
0 0 1 0 0 1 0 0 0 0 0 -9.84695e-08 -0 0 0 -0 0 0 0 0 0 0 0 0 0 0 0 0 0 1 13150.8 13150.8 13150.8 13150.8
0 0 1 0 0 1 0 0 0 0 0 -1.00562e-07 -0 0 0 -0 0 0 0 0 0 0 0 0 0 0 0 0 0 1 13150.8 13150.8 13150.8 13150.8
0 0 1 0 0 1 0 0 0 0 0 -9.51e-08 -0 0 0 -0 0 0 0 0 0 0 0 0 0 0 0 0 0 1 13150.8 13150.8 13150.8 13150.8
0 0 1 0 0 1 0 0 0 0 0 -9.71832e-08 -0 0 0 -0 0 0 0 0 0 0 0 0 0 0 0 0 0 1 13150.8 13150.8 13150.8 13150.8
0 0 1 0 0 1 0 0 0 0 0 -9.19749e-08 -0 0 0 -0 0 0 0 0 0 0 0 0 0 0 0 0 0 1 13150.8 13150.8 13150.8 13150.8
0 0 1 0 0 1 0 0 0 0 0 -9.40671e-08 -0 0 0 -0 0 0 0 0 0 0 0 0 0 0 0 0 0 1 13150.8 13150.8 13150.8 13150.8
0 0 1 0 0 1 0 0 0 0 0 -9.62519e-08 -0 0 0 -0 0 0 0 0 0 0 0 0 0 0 0 0 0 1 13150.8 13150.8 13150.8 13150.8
0 0 1 0 0 1 0 0 0 0 0 -9.09608e-08 -0 0 0 -0 0 0 0 0 0 0 0 0 0 0 0 0 0 1 13150.8 13150.8 13150.8 13150.8
0 0 1 0 0 1 0 0 0 0 0 -9.31786e-08 -0 0 0 -0 0 0 0 0 0 0 0 0 0 0 0 0 0 1 13150.8 13150.8 13150.8 13150.8
0 0 1 0 0 1 0 0 0 0 0 -8.83317e-08 -0 0 0 -0 0 0 0 0 0 0 0 0 0 0 0 0 0 1 13150.8 13150.8 13150.8 13150.8
0 0 1 0 0 1 0 0 0 0 0 -9.05402e-08 -0 0 0 -0 0 0 0 0 0 0 0 0 0 0 0 0 0 1 13150.8 13150.8 13150.8 13150.8
0 0 1 0 0 1 0 0 0 0 0 -9.2758e-08 -0 0 0 -0 0 0 0 0 0 0 0 0 0 0 0 0 0 1 13150.8 13150.8 13150.8 13150.8
0 0 1 0 0 1 0 0 0 0 0 -8.77493e-08 -0 0 0 -0 0 0 0 0 0 0 0 0 0 0 0 0 0 1 13150.8 13150.8 13150.8 13150.8
0 0 1 0 0 1 0 0 0 0 0 -8.99276e-08 -0 0 0 -0 0 0 0 0 0 0 0 0 0 0 0 0 0 1 13150.8 13150.8 13150.8 13150.8
0 0 1 0 0 1 0 0 0 0 0 -8.48489e-08 -0 0 0 -0 0 0 0 0 0 0 0 0 0 0 0 0 0 1 13150.8 13150.8 13150.8 13150.8
0 0 1 0 0 1 0 0 0 0 0 -8.70946e-08 -0 0 0 -0 0 0 0 0 0 0 0 0 0 0 0 0 0 1 13150.8 13150.8 13150.8 13150.8
0 0 1 0 0 1 0 0 0 0 0 -8.18967e-08 -0 0 0 -0 0 0 0 0 0 0 0 0 0 0 0 0 0 1 13150.8 13150.8 13150.8 13150.8
0 0 1 0 0 1 0 0 0 0 0 -8.4168e-08 -0 0 0 -0 0 0 0 0 0 0 0 0 0 0 0 0 0 1 13150.8 13150.8 13150.8 13150.8
0 0 1 0 0 1 0 0 0 0 0 -8.61869e-08 -0 0 0 -0 0 0 0 0 0 0 0 0 0 0 0 0 0 1 13150.8 13150.8 13150.8 13150.8
0 0 1 0 0 1 0 0 0 0 0 -8.09606e-08 -0 0 0 -0 0 0 0 0 0 0 0 0 0 0 0 0 0 1 13150.8 13150.8 13150.8 13150.8
0 0 1 0 0 1 0 0 0 0 0 -8.31853e-08 -0 0 0 -0 0 0 0 0 0 0 0 0 0 0 0 0 0 1 13150.8 13150.8 13150.8 13150.8
0 0 1 0 0 1 0 0 0 0 0 -7.79858e-08 -0 0 0 -0 0 0 0 0 0 0 0 0 0 0 0 0 0 1 13150.8 13150.8 13150.8 13150.8
0 0 1 0 0 1 0 0 0 0 0 -8.00288e-08 -0 0 0 -0 0 0 0 0 0 0 0 0 0 0 0 0 0 1 13150.8 13150.8 13150.8 13150.8
0 0 1 0 0 1 0 0 0 0 0 -8.22677e-08 -0 0 0 -0 0 0 0 0 0 0 0 0 0 0 0 0 0 1 13150.8 13150.8 13150.8 13150.8
0 0 1 0 0 1 0 0 0 0 0 -7.70009e-08 -0 0 0 -0 0 0 0 0 0 0 0 0 0 0 0 0 0 1 13150.8 13150.8 13150.8 13150.8
0 0 1 0 0 1 0 0 0 0 0 -7.9213e-08 -0 0 0 -0 0 0 0 0 0 0 0 0 0 0 0 0 0 1 13150.8 13150.8 13150.8 13150.8
0 0 1 0 0 1 0 0 0 0 0 -8.1263e-08 -0 0 0 -0 0 0 0 0 0 0 0 0 0 0 0 0 0 1 13150.8 13150.8 13150.8 13150.8
0 0 1 0 0 1 0 0 0 0 0 -7.6018e-08 -0 0 0 -0 0 0 0 0 0 0 0 0 0 0 0 0 0 1 13150.8 13150.8 13150.8 13150.8
0 0 1 0 0 1 0 0 0 0 0 -7.82458e-08 -0 0 0 -0 0 0 0 0 0 0 0 0 0 0 0 0 0 1 13150.8 13150.8 13150.8 13150.8
0 0 1 0 0 1 0 0 0 0 0 -7.34115e-08 -0 0 0 -0 0 0 0 0 0 0 0 0 0 0 0 0 0 1 13150.8 13150.8 13150.8 13150.8
0 0 1 0 0 1 0 0 0 0 0 -6.8288e-08 -0 0 0 -0 0 0 0 0 0 0 0 0 0 0 0 0 0 1 13150.8 13150.8 13150.8 13150.8
0 0 1 0 0 1 0 0 0 0 0 -7.05462e-08 -0 0 0 -0 0 0 0 0 0 0 0 0 0 0 0 0 0 1 13150.8 13150.8 13150.8 13150.8
0 0 1 0 0 1 0 0 0 0 0 -7.27764e-08 -0 0 0 -0 0 0 0 0 0 0 0 0 0 0 0 0 0 1 13150.8 13150.8 13150.8 13150.8
0 0 1 0 0 1 0 0 0 0 0 -7.48782e-08 -0 0 0 -0 0 0 0 0 0 0 0 0 0 0 0 0 0 1 13150.8 13150.8 13150.8 13150.8
0 0 1 0 0 1 0 0 0 0 0 -6.98164e-08 -0 0 0 -0 0 0 0 0 0 0 0 0 0 0 0 0 0 1 13150.8 13150.8 13150.8 13150.8
0 0 1 0 0 1 0 0 0 0 0 -7.20525e-08 -0 0 0 -0 0 0 0 0 0 0 0 0 0 0 0 0 0 1 13150.8 13150.8 13150.8 13150.8
0 0 1 0 0 1 0 0 0 0 0 -7.42798e-08 -0 0 0 -0 0 0 0 0 0 0 0 0 0 0 0 0 0 1 13150.8 13150.8 13150.8 13150.8
0 0 1 0 0 1 0 0 0 0 0 -6.93503e-08 -0 0 0 -0 0 0 0 0 0 0 0 0 0 0 0 0 0 1 13150.8 13150.8 13150.8 13150.8
0 0 1 0 0 1 0 0 0 0 0 -7.15227e-08 -0 0 0 -0 0 0 0 0 0 0 0 0 0 0 0 0 0 1 13150.8 13150.8 13150.8 13150.8
0 0 1 0 0 1 0 0 0 0 0 -6.63153e-08 -0 0 0 -0 0 0 0 0 0 0 0 0 0 0 0 0 0 1 13150.8 13150.8 13150.8 13150.8
0 0 1 0 0 1 0 0 0 0 0 -6.85469e-08 -0 0 0 -0 0 0 0 0 0 0 0 0 0 0 0 0 0 1 13150.8 13150.8 13150.8 13150.8
0 0 1 0 0 1 0 0 0 0 0 -7.07974e-08 -0 0 0 -0 0 0 0 0 0 0 0 0 0 0 0 0 0 1 13150.8 13150.8 13150.8 13150.8
0 0 1 0 0 1 0 0 0 0 0 -6.60395e-08 -0 0 0 -0 0 0 0 0 0 0 0 0 0 0 0 0 0 1 13150.8 13150.8 13150.8 13150.8
0 0 1 0 0 1 0 0 0 0 0 -6.82607e-08 -0 0 0 -0 0 0 0 0 0 0 0 0 0 0 0 0 0 1 13150.8 13150.8 13150.8 13150.8
0 0 1 0 0 1 0 0 0 0 0 -6.30145e-08 -0 0 0 -0 0 0 0 0 0 0 0 0 0 0 0 0 0 1 13150.8 13150.8 13150.8 13150.8
0 0 1 0 0 1 0 0 0 0 0 -6.52478e-08 -0 0 0 -0 0 0 0 0 0 0 0 0 0 0 0 0 0 1 13150.8 13150.8 13150.8 13150.8
0 0 1 0 0 1 0 0 0 0 0 -6.72984e-08 -0 0 0 -0 0 0 0 0 0 0 0 0 0 0 0 0 0 1 13150.8 13150.8 13150.8 13150.8
0 0 1 0 0 1 0 0 0 0 0 -6.21249e-08 -0 0 0 -0 0 0 0 0 0 0 0 0 0 0 0 0 0 1 13150.8 13150.8 13150.8 13150.8
0 0 1 0 0 1 0 0 0 0 0 -6.43739e-08 -0 0 0 -0 0 0 0 0 0 0 0 0 0 0 0 0 0 1 13150.8 13150.8 13150.8 13150.8
0 0 1 0 0 1 0 0 0 0 0 -6.65989e-08 -0 0 0 -0 0 0 0 0 0 0 0 0 0 0 0 0 0 1 13150.8 13150.8 13150.8 13150.8
0 0 1 0 0 1 0 0 0 0 0 -6.18076e-08 -0 0 0 -0 0 0 0 0 0 0 0 0 0 0 0 0 0 1 13150.8 13150.8 13150.8 13150.8
0 0 1 0 0 1 0 0 0 0 0 -6.40325e-08 -0 0 0 -0 0 0 0 0 0 0 0 0 0 0 0 0 0 1 13150.8 13150.8 13150.8 13150.8
0 0 1 0 0 1 0 0 0 0 0 -5.90948e-08 -0 0 0 -0 0 0 0 0 0 0 0 0 0 0 0 0 0 1 13150.8 13150.8 13150.8 13150.8
0 0 1 0 0 1 0 0 0 0 0 -6.14448e-08 -0 0 0 -0 0 0 0 0 0 0 0 0 0 0 0 0 0 1 13150.8 13150.8 13150.8 13150.8
0 0 1 0 0 1 0 0 0 0 0 -6.35057e-08 -0 0 0 -0 0 0 0 0 0 0 0 0 0 0 0 0 0 1 13150.8 13150.8 13150.8 13150.8
0 0 1 0 0 1 0 0 0 0 0 -5.83356e-08 -0 0 0 -0 0 0 0 0 0 0 0 0 0 0 0 0 0 1 13150.8 13150.8 13150.8 13150.8
0 0 1 0 0 1 0 0 0 0 0 -6.05829e-08 -0 0 0 -0 0 0 0 0 0 0 0 0 0 0 0 0 0 1 13150.8 13150.8 13150.8 13150.8
0 0 1 0 0 1 0 0 0 0 0 -5.56988e-08 -0 0 0 -0 0 0 0 0 0 0 0 0 0 0 0 0 0 1 13150.8 13150.8 13150.8 13150.8
0 0 1 0 0 1 0 0 0 0 0 -5.78855e-08 -0 0 0 -0 0 0 0 0 0 0 0 0 0 0 0 0 0 1 13150.8 13150.8 13150.8 13150.8
0 0 1 0 0 1 0 0 0 0 0 -6.01265e-08 -0 0 0 -0 0 0 0 0 0 0 0 0 0 0 0 0 0 1 13150.8 13150.8 13150.8 13150.8
0 0 1 0 0 1 0 0 0 0 0 -5.49223e-08 -0 0 0 -0 0 0 0 0 0 0 0 0 0 0 0 0 0 1 13150.8 13150.8 13150.8 13150.8
0 0 1 0 0 1 0 0 0 0 0 -5.71598e-08 -0 0 0 -0 0 0 0 0 0 0 0 0 0 0 0 0 0 1 13150.8 13150.8 13150.8 13150.8
0 0 1 0 0 1 0 0 0 0 0 -5.92017e-08 -0 0 0 -0 0 0 0 0 0 0 0 0 0 0 0 0 0 1 13150.8 13150.8 13150.8 13150.8
0 0 1 0 0 1 0 0 0 0 0 -5.39924e-08 -0 0 0 -0 0 0 0 0 0 0 0 0 0 0 0 0 0 1 13150.8 13150.8 13150.8 13150.8
0 0 1 0 0 1 0 0 0 0 0 -5.62196e-08 -0 0 0 -0 0 0 0 0 0 0 0 0 0 0 0 0 0 1 13150.8 13150.8 13150.8 13150.8
0 0 1 0 0 1 0 0 0 0 0 -5.10065e-08 -0 0 0 -0 0 0 0 0 0 0 0 0 0 0 0 0 0 1 13150.8 13150.8 13150.8 13150.8
0 0 1 0 0 1 0 0 0 0 0 -5.30662e-08 -0 0 0 -0 0 0 0 0 0 0 0 0 0 0 0 0 0 1 13150.8 13150.8 13150.8 13150.8
0 0 1 0 0 1 0 0 0 0 0 -5.53035e-08 -0 0 0 -0 0 0 0 0 0 0 0 0 0 0 0 0 0 1 13150.8 13150.8 13150.8 13150.8
0 0 1 0 0 1 0 0 0 0 0 -5.01218e-08 -0 0 0 -0 0 0 0 0 0 0 0 0 0 0 0 0 0 1 13150.8 13150.8 13150.8 13150.8
0 0 1 0 0 1 0 0 0 0 0 -5.23617e-08 -0 0 0 -0 0 0 0 0 0 0 0 0 0 0 0 0 0 1 13150.8 13150.8 13150.8 13150.8
0 0 1 0 0 1 0 0 0 0 0 -5.44134e-08 -0 0 0 -0 0 0 0 0 0 0 0 0 0 0 0 0 0 1 13150.8 13150.8 13150.8 13150.8
0 0 1 0 0 1 0 0 0 0 0 -4.93845e-08 -0 0 0 -0 0 0 0 0 0 0 0 0 0 0 0 0 0 1 13150.8 13150.8 13150.8 13150.8
0 0 1 0 0 1 0 0 0 0 0 -5.15464e-08 -0 0 0 -0 0 0 0 0 0 0 0 0 0 0 0 0 0 1 13150.8 13150.8 13150.8 13150.8
0 0 1 0 0 1 0 0 0 0 0 -5.39418e-08 -0 0 0 -0 0 0 0 0 0 0 0 0 0 0 0 0 0 1 13150.8 13150.8 13150.8 13150.8
0 0 1 0 0 1 0 0 0 0 0 -4.91922e-08 -0 0 0 -0 0 0 0 0 0 0 0 0 0 0 0 0 0 1 13150.8 13150.8 13150.8 13150.8
0 0 1 0 0 1 0 0 0 0 0 -5.13917e-08 -0 0 0 -0 0 0 0 0 0 0 0 0 0 0 0 0 0 1 13150.8 13150.8 13150.8 13150.8
0 0 1 0 0 1 0 0 0 0 0 -4.55624e-08 -0 0 0 -0 0 0 0 0 0 0 0 0 0 0 0 0 0 1 13150.8 13150.8 13150.8 13150.8
0 0 1 0 0 1 0 0 0 0 0 -4.74182e-08 -0 0 0 -0 0 0 0 0 0 0 0 0 0 0 0 0 0 1 13150.8 13150.8 13150.8 13150.8
0 0 1 0 0 1 0 0 0 0 0 -4.96179e-08 -0 0 0 -0 0 0 0 0 0 0 0 0 0 0 0 0 0 1 13150.8 13150.8 13150.8 13150.8
0 0 1 0 0 1 0 0 0 0 0 -5.18067e-08 -0 0 0 -0 0 0 0 0 0 0 0 0 0 0 0 0 0 1 13150.8 13150.8 13150.8 13150.8
0 0 1 0 0 1 0 0 0 0 0 -4.64742e-08 -0 0 0 -0 0 0 0 0 0 0 0 0 0 0 0 0 0 1 13150.8 13150.8 13150.8 13150.8
0 0 1 0 0 1 0 0 0 0 0 -4.85584e-08 -0 0 0 -0 0 0 0 0 0 0 0 0 0 0 0 0 0 1 13150.8 13150.8 13150.8 13150.8
0 0 1 0 0 1 0 0 0 0 0 -4.3439e-08 -0 0 0 -0 0 0 0 0 0 0 0 0 0 0 0 0 0 1 13150.8 13150.8 13150.8 13150.8
0 0 1 0 0 1 0 0 0 0 0 -4.56777e-08 -0 0 0 -0 0 0 0 0 0 0 0 0 0 0 0 0 0 1 13150.8 13150.8 13150.8 13150.8
0 0 1 0 0 1 0 0 0 0 0 -4.79004e-08 -0 0 0 -0 0 0 0 0 0 0 0 0 0 0 0 0 0 1 13150.8 13150.8 13150.8 13150.8
0 0 1 0 0 1 0 0 0 0 0 -4.3024e-08 -0 0 0 -0 0 0 0 0 0 0 0 0 0 0 0 0 0 1 13150.8 13150.8 13150.8 13150.8
0 0 1 0 0 1 0 0 0 0 0 -4.52115e-08 -0 0 0 -0 0 0 0 0 0 0 0 0 0 0 0 0 0 1 13150.8 13150.8 13150.8 13150.8
0 0 1 0 0 1 0 0 0 0 0 -4.74438e-08 -0 0 0 -0 0 0 0 0 0 0 0 0 0 0 0 0 0 1 13150.8 13150.8 13150.8 13150.8
0 0 1 0 0 1 0 0 0 0 0 -4.2219e-08 -0 0 0 -0 0 0 0 0 0 0 0 0 0 0 0 0 0 1 13150.8 13150.8 13150.8 13150.8
0 0 1 0 0 1 0 0 0 0 0 -4.43049e-08 -0 0 0 -0 0 0 0 0 0 0 0 0 0 0 0 0 0 1 13150.8 13150.8 13150.8 13150.8
0 0 1 0 0 1 0 0 0 0 0 -4.64941e-08 -0 0 0 -0 0 0 0 0 0 0 0 0 0 0 0 0 0 1 13150.8 13150.8 13150.8 13150.8
0 0 1 0 0 1 0 0 0 0 0 -4.12518e-08 -0 0 0 -0 0 0 0 0 0 0 0 0 0 0 0 0 0 1 13150.8 13150.8 13150.8 13150.8
0 0 1 0 0 1 0 0 0 0 0 -4.34839e-08 -0 0 0 -0 0 0 0 0 0 0 0 0 0 0 0 0 0 1 13150.8 13150.8 13150.8 13150.8
0 0 1 0 0 1 0 0 0 0 0 -4.55779e-08 -0 0 0 -0 0 0 0 0 0 0 0 0 0 0 0 0 0 1 13150.8 13150.8 13150.8 13150.8
0 0 1 0 0 1 0 0 0 0 0 -4.04741e-08 -0 0 0 -0 0 0 0 0 0 0 0 0 0 0 0 0 0 1 13150.8 13150.8 13150.8 13150.8
0 0 1 0 0 1 0 0 0 0 0 -4.26696e-08 -0 0 0 -0 0 0 0 0 0 0 0 0 0 0 0 0 0 1 13150.8 13150.8 13150.8 13150.8
0 0 1 0 0 1 0 0 0 0 0 -4.49455e-08 -0 0 0 -0 0 0 0 0 0 0 0 0 0 0 0 0 0 1 13150.8 13150.8 13150.8 13150.8
0 0 1 0 0 1 0 0 0 0 0 -3.9499e-08 -0 0 0 -0 0 0 0 0 0 0 0 0 0 0 0 0 0 1 13150.8 13150.8 13150.8 13150.8
0 0 1 0 0 1 0 0 0 0 0 -4.14536e-08 -0 0 0 -0 0 0 0 0 0 0 0 0 0 0 0 0 0 1 13150.8 13150.8 13150.8 13150.8
0 0 1 0 0 1 0 0 0 0 0 -4.36142e-08 -0 0 0 -0 0 0 0 0 0 0 0 0 0 0 0 0 0 1 13150.8 13150.8 13150.8 13150.8
0 0 1 0 0 1 0 0 0 0 0 -3.82672e-08 -0 0 0 -0 0 0 0 0 0 0 0 0 0 0 0 0 0 1 13150.8 13150.8 13150.8 13150.8
0 0 1 0 0 1 0 0 0 0 0 -4.03585e-08 -0 0 0 -0 0 0 0 0 0 0 0 0 0 0 0 0 0 1 13150.8 13150.8 13150.8 13150.8
0 0 1 0 0 1 0 0 0 0 0 -4.25569e-08 -0 0 0 -0 0 0 0 0 0 0 0 0 0 0 0 0 0 1 13150.8 13150.8 13150.8 13150.8
0 0 1 0 0 1 0 0 0 0 0 -3.7367e-08 -0 0 0 -0 0 0 0 0 0 0 0 0 0 0 0 0 0 1 13150.8 13150.8 13150.8 13150.8
0 0 1 0 0 1 0 0 0 0 0 -3.96083e-08 -0 0 0 -0 0 0 0 0 0 0 0 0 0 0 0 0 0 1 13150.8 13150.8 13150.8 13150.8
0 0 1 0 0 1 0 0 0 0 0 -3.47355e-08 -0 0 0 -0 0 0 0 0 0 0 0 0 0 0 0 0 0 1 13150.8 13150.8 13150.8 13150.8
0 0 1 0 0 1 0 0 0 0 0 -3.6916e-08 -0 0 0 -0 0 0 0 0 0 0 0 0 0 0 0 0 0 1 13150.8 13150.8 13150.8 13150.8
0 0 1 0 0 1 0 0 0 0 0 -3.91756e-08 -0 0 0 -0 0 0 0 0 0 0 0 0 0 0 0 0 0 1 13150.8 13150.8 13150.8 13150.8
0 0 1 0 0 1 0 0 0 0 0 -3.39856e-08 -0 0 0 -0 0 0 0 0 0 0 0 0 0 0 0 0 0 1 13150.8 13150.8 13150.8 13150.8
0 0 1 0 0 1 0 0 0 0 0 -3.62193e-08 -0 0 0 -0 0 0 0 0 0 0 0 0 0 0 0 0 0 1 13150.8 13150.8 13150.8 13150.8
0 0 1 0 0 1 0 0 0 0 0 -3.82608e-08 -0 0 0 -0 0 0 0 0 0 0 0 0 0 0 0 0 0 1 13150.8 13150.8 13150.8 13150.8
0 0 1 0 0 1 0 0 0 0 0 -3.30483e-08 -0 0 0 -0 0 0 0 0 0 0 0 0 0 0 0 0 0 1 13150.8 13150.8 13150.8 13150.8
0 0 1 0 0 1 0 0 0 0 0 -3.52917e-08 -0 0 0 -0 0 0 0 0 0 0 0 0 0 0 0 0 0 1 13150.8 13150.8 13150.8 13150.8
0 0 1 0 0 1 0 0 0 0 0 -3.73801e-08 -0 0 0 -0 0 0 0 0 0 0 0 0 0 0 0 0 0 1 13150.8 13150.8 13150.8 13150.8
0 0 1 0 0 1 0 0 0 0 0 -3.2239e-08 -0 0 0 -0 0 0 0 0 0 0 0 0 0 0 0 0 0 1 13150.8 13150.8 13150.8 13150.8
0 0 1 0 0 1 0 0 0 0 0 -3.44023e-08 -0 0 0 -0 0 0 0 0 0 0 0 0 0 0 0 0 0 1 13150.8 13150.8 13150.8 13150.8
0 0 1 0 0 1 0 0 0 0 0 -3.66911e-08 -0 0 0 -0 0 0 0 0 0 0 0 0 0 0 0 0 0 1 13150.8 13150.8 13150.8 13150.8
0 0 1 0 0 1 0 0 0 0 0 -3.17851e-08 -0 0 0 -0 0 0 0 0 0 0 0 0 0 0 0 0 0 1 13150.8 13150.8 13150.8 13150.8
0 0 1 0 0 1 0 0 0 0 0 -3.39633e-08 -0 0 0 -0 0 0 0 0 0 0 0 0 0 0 0 0 0 1 13150.8 13150.8 13150.8 13150.8
0 0 1 0 0 1 0 0 0 0 0 -3.61397e-08 -0 0 0 -0 0 0 0 0 0 0 0 0 0 0 0 0 0 1 13150.8 13150.8 13150.8 13150.8
0 0 1 0 0 1 0 0 0 0 0 -3.08023e-08 -0 0 0 -0 0 0 0 0 0 0 0 0 0 0 0 0 0 1 13150.8 13150.8 13150.8 13150.8
0 0 1 0 0 1 0 0 0 0 0 -3.2907e-08 -0 0 0 -0 0 0 0 0 0 0 0 0 0 0 0 0 0 1 13150.8 13150.8 13150.8 13150.8
0 0 1 0 0 1 0 0 0 0 0 -3.51111e-08 -0 0 0 -0 0 0 0 0 0 0 0 0 0 0 0 0 0 1 13150.8 13150.8 13150.8 13150.8
0 0 1 0 0 1 0 0 0 0 0 -2.994e-08 -0 0 0 -0 0 0 0 0 0 0 0 0 0 0 0 0 0 1 13150.8 13150.8 13150.8 13150.8
0 0 1 0 0 1 0 0 0 0 0 -3.21729e-08 -0 0 0 -0 0 0 0 0 0 0 0 0 0 0 0 0 0 1 13150.8 13150.8 13150.8 13150.8
0 0 1 0 0 1 0 0 0 0 0 -3.44062e-08 -0 0 0 -0 0 0 0 0 0 0 0 0 0 0 0 0 0 1 13150.8 13150.8 13150.8 13150.8
0 0 1 0 0 1 0 0 0 0 0 -2.96218e-08 -0 0 0 -0 0 0 0 0 0 0 0 0 0 0 0 0 0 1 13150.8 13150.8 13150.8 13150.8
0 0 1 0 0 1 0 0 0 0 0 -3.18469e-08 -0 0 0 -0 0 0 0 0 0 0 0 0 0 0 0 0 0 1 13150.8 13150.8 13150.8 13150.8
0 0 1 0 0 1 0 0 0 0 0 -3.41107e-08 -0 0 0 -0 0 0 0 0 0 0 0 0 0 0 0 0 0 1 13150.8 13150.8 13150.8 13150.8
0 0 1 0 0 1 0 0 0 0 0 -2.92435e-08 -0 0 0 -0 0 0 0 0 0 0 0 0 0 0 0 0 0 1 13150.8 13150.8 13150.8 13150.8
0 0 1 0 0 1 0 0 0 0 0 -3.14185e-08 -0 0 0 -0 0 0 0 0 0 0 0 0 0 0 0 0 0 1 13150.8 13150.8 13150.8 13150.8
0 0 1 0 0 1 0 0 0 0 0 -3.36541e-08 -0 0 0 -0 0 0 0 0 0 0 0 0 0 0 0 0 0 1 13150.8 13150.8 13150.8 13150.8
0 0 1 0 0 1 0 0 0 0 0 -2.84422e-08 -0 0 0 -0 0 0 0 0 0 0 0 0 0 0 0 0 0 1 13150.8 13150.8 13150.8 13150.8
0 0 1 0 0 1 0 0 0 0 0 -3.05603e-08 -0 0 0 -0 0 0 0 0 0 0 0 0 0 0 0 0 0 1 13150.8 13150.8 13150.8 13150.8
0 0 1 0 0 1 0 0 0 0 0 -3.27238e-08 -0 0 0 -0 0 0 0 0 0 0 0 0 0 0 0 0 0 1 13150.8 13150.8 13150.8 13150.8
0 0 1 0 0 1 0 0 0 0 0 -2.76665e-08 -0 0 0 -0 0 0 0 0 0 0 0 0 0 0 0 0 0 1 13150.8 13150.8 13150.8 13150.8
0 0 1 0 0 1 0 0 0 0 0 -2.99931e-08 -0 0 0 -0 0 0 0 0 0 0 0 0 0 0 0 0 0 1 13150.8 13150.8 13150.8 13150.8
0 0 1 0 0 1 0 0 0 0 0 -2.51379e-08 -0 0 0 -0 0 0 0 0 0 0 0 0 0 0 0 0 0 1 13150.8 13150.8 13150.8 13150.8
0 0 1 0 0 1 0 0 0 0 0 -2.73201e-08 -0 0 0 -0 0 0 0 0 0 0 0 0 0 0 0 0 0 1 13150.8 13150.8 13150.8 13150.8
0 0 1 0 0 1 0 0 0 0 0 -2.9474e-08 -0 0 0 -0 0 0 0 0 0 0 0 0 0 0 0 0 0 1 13150.8 13150.8 13150.8 13150.8
0 0 1 0 0 1 0 0 0 0 0 -2.40974e-08 -0 0 0 -0 0 0 0 0 0 0 0 0 0 0 0 0 0 1 13150.8 13150.8 13150.8 13150.8
0 0 1 0 0 1 0 0 0 0 0 -2.62069e-08 -0 0 0 -0 0 0 0 0 0 0 0 0 0 0 0 0 0 1 13150.8 13150.8 13150.8 13150.8
0 0 1 0 0 1 0 0 0 0 0 -2.83931e-08 -0 0 0 -0 0 0 0 0 0 0 0 0 0 0 0 0 0 1 13150.8 13150.8 13150.8 13150.8
0 0 1 0 0 1 0 0 0 0 0 -2.31879e-08 -0 0 0 -0 0 0 0 0 0 0 0 0 0 0 0 0 0 1 13150.8 13150.8 13150.8 13150.8
0 0 1 0 0 1 0 0 0 0 0 -2.54144e-08 -0 0 0 -0 0 0 0 0 0 0 0 0 0 0 0 0 0 1 13150.8 13150.8 13150.8 13150.8
0 0 1 0 0 1 0 0 0 0 0 -2.75202e-08 -0 0 0 -0 0 0 0 0 0 0 0 0 0 0 0 0 0 1 13150.8 13150.8 13150.8 13150.8
0 0 1 0 0 1 0 0 0 0 0 -2.97e-08 -0 0 0 -0 0 0 0 0 0 0 0 0 0 0 0 0 0 1 13150.8 13150.8 13150.8 13150.8
0 0 1 0 0 1 0 0 0 0 0 -2.45909e-08 -0 0 0 -0 0 0 0 0 0 0 0 0 0 0 0 0 0 1 13150.8 13150.8 13150.8 13150.8
0 0 1 0 0 1 0 0 0 0 0 -2.68682e-08 -0 0 0 -0 0 0 0 0 0 0 0 0 0 0 0 0 0 1 13150.8 13150.8 13150.8 13150.8
0 0 1 0 0 1 0 0 0 0 0 -2.89612e-08 -0 0 0 -0 0 0 0 0 0 0 0 0 0 0 0 0 0 1 13150.8 13150.8 13150.8 13150.8
0 0 1 0 0 1 0 0 0 0 0 -2.38827e-08 -0 0 0 -0 0 0 0 0 0 0 0 0 0 0 0 0 0 1 13150.8 13150.8 13150.8 13150.8
0 0 1 0 0 1 0 0 0 0 0 -2.61321e-08 -0 0 0 -0 0 0 0 0 0 0 0 0 0 0 0 0 0 1 13150.8 13150.8 13150.8 13150.8
0 0 1 0 0 1 0 0 0 0 0 -2.83689e-08 -0 0 0 -0 0 0 0 0 0 0 0 0 0 0 0 0 0 1 13150.8 13150.8 13150.8 13150.8
0 0 1 0 0 1 0 0 0 0 0 -2.35035e-08 -0 0 0 -0 0 0 0 0 0 0 0 0 0 0 0 0 0 1 13150.8 13150.8 13150.8 13150.8
0 0 1 0 0 1 0 0 0 0 0 -2.56832e-08 -0 0 0 -0 0 0 0 0 0 0 0 0 0 0 0 0 0 1 13150.8 13150.8 13150.8 13150.8
0 0 1 0 0 1 0 0 0 0 0 -2.0626e-08 -0 0 0 -0 0 0 0 0 0 0 0 0 0 0 0 0 0 1 13150.8 13150.8 13150.8 13150.8
0 0 1 0 0 1 0 0 0 0 0 -2.29316e-08 -0 0 0 -0 0 0 0 0 0 0 0 0 0 0 0 0 0 1 13150.8 13150.8 13150.8 13150.8
0 0 1 0 0 1 0 0 0 0 0 -2.50411e-08 -0 0 0 -0 0 0 0 0 0 0 0 0 0 0 0 0 0 1 13150.8 13150.8 13150.8 13150.8
0 0 1 0 0 1 0 0 0 0 0 -1.99601e-08 -0 0 0 -0 0 0 0 0 0 0 0 0 0 0 0 0 0 1 13150.8 13150.8 13150.8 13150.8
0 0 1 0 0 1 0 0 0 0 0 -2.24425e-08 -0 0 0 -0 0 0 0 0 0 0 0 0 0 0 0 0 0 1 13150.8 13150.8 13150.8 13150.8
0 0 1 0 0 1 0 0 0 0 0 -2.44356e-08 -0 0 0 -0 0 0 0 0 0 0 0 0 0 0 0 0 0 1 13150.8 13150.8 13150.8 13150.8
0 0 1 0 0 1 0 0 0 0 0 -1.95739e-08 -0 0 0 -0 0 0 0 0 0 0 0 0 0 0 0 0 0 1 13150.8 13150.8 13150.8 13150.8
0 0 1 0 0 1 0 0 0 0 0 -2.17669e-08 -0 0 0 -0 0 0 0 0 0 0 0 0 0 0 0 0 0 1 13150.8 13150.8 13150.8 13150.8
0 0 1 0 0 1 0 0 0 0 0 -2.40012e-08 -0 0 0 -0 0 0 0 0 0 0 0 0 0 0 0 0 0 1 13150.8 13150.8 13150.8 13150.8
0 0 1 0 0 1 0 0 0 0 0 -1.88119e-08 -0 0 0 -0 0 0 0 0 0 0 0 0 0 0 0 0 0 1 13150.8 13150.8 13150.8 13150.8
0 0 1 0 0 1 0 0 0 0 0 -2.09158e-08 -0 0 0 -0 0 0 0 0 0 0 0 0 0 0 0 0 0 1 13150.8 13150.8 13150.8 13150.8
0 0 1 0 0 1 0 0 0 0 0 -2.30936e-08 -0 0 0 -0 0 0 0 0 0 0 0 0 0 0 0 0 0 1 13150.8 13150.8 13150.8 13150.8
0 0 1 0 0 1 0 0 0 0 0 -2.53465e-08 -0 0 0 -0 0 0 0 0 0 0 0 0 0 0 0 0 0 1 13150.8 13150.8 13150.8 13150.8
0 0 1 0 0 1 0 0 0 0 0 -2.01387e-08 -0 0 0 -0 0 0 0 0 0 0 0 0 0 0 0 0 0 1 13150.8 13150.8 13150.8 13150.8
0 0 1 0 0 1 0 0 0 0 0 -2.23912e-08 -0 0 0 -0 0 0 0 0 0 0 0 0 0 0 0 0 0 1 13150.8 13150.8 13150.8 13150.8
0 0 1 0 0 1 0 0 0 0 0 -2.44193e-08 -0 0 0 -0 0 0 0 0 0 0 0 0 0 0 0 0 0 1 13150.8 13150.8 13150.8 13150.8
0 0 1 0 0 1 0 0 0 0 0 -1.92134e-08 -0 0 0 -0 0 0 0 0 0 0 0 0 0 0 0 0 0 1 13150.8 13150.8 13150.8 13150.8
0 0 1 0 0 1 0 0 0 0 0 -2.146e-08 -0 0 0 -0 0 0 0 0 0 0 0 0 0 0 0 0 0 1 13150.8 13150.8 13150.8 13150.8
0 0 1 0 0 1 0 0 0 0 0 -2.36831e-08 -0 0 0 -0 0 0 0 0 0 0 0 0 0 0 0 0 0 1 13150.8 13150.8 13150.8 13150.8
0 0 1 0 0 1 0 0 0 0 0 -1.89406e-08 -0 0 0 -0 0 0 0 0 0 0 0 0 0 0 0 0 0 1 13150.8 13150.8 13150.8 13150.8
0 0 1 0 0 1 0 0 0 0 0 -2.11801e-08 -0 0 0 -0 0 0 0 0 0 0 0 0 0 0 0 0 0 1 13150.8 13150.8 13150.8 13150.8
0 0 1 0 0 1 0 0 0 0 0 -2.34722e-08 -0 0 0 -0 0 0 0 0 0 0 0 0 0 0 0 0 0 1 13150.8 13150.8 13150.8 13150.8
0 0 1 0 0 1 0 0 0 0 0 -1.86754e-08 -0 0 0 -0 0 0 0 0 0 0 0 0 0 0 0 0 0 1 13150.8 13150.8 13150.8 13150.8
0 0 1 0 0 1 0 0 0 0 0 -2.08491e-08 -0 0 0 -0 0 0 0 0 0 0 0 0 0 0 0 0 0 1 13150.8 13150.8 13150.8 13150.8
0 0 1 0 0 1 0 0 0 0 0 -1.56078e-08 -0 0 0 -0 0 0 0 0 0 0 0 0 0 0 0 0 0 1 13150.8 13150.8 13150.8 13150.8
0 0 1 0 0 1 0 0 0 0 0 -1.81049e-08 -0 0 0 -0 0 0 0 0 0 0 0 0 0 0 0 0 0 1 13150.8 13150.8 13150.8 13150.8
0 0 1 0 0 1 0 0 0 0 0 -1.99516e-08 -0 0 0 -0 0 0 0 0 0 0 0 0 0 0 0 0 0 1 13150.8 13150.8 13150.8 13150.8
0 0 1 0 0 1 0 0 0 0 0 -2.21235e-08 -0 0 0 -0 0 0 0 0 0 0 0 0 0 0 0 0 0 1 13150.8 13150.8 13150.8 13150.8
0 0 1 0 0 1 0 0 0 0 0 -1.67326e-08 -0 0 0 -0 0 0 0 0 0 0 0 0 0 0 0 0 0 1 13150.8 13150.8 13150.8 13150.8
0 0 1 0 0 1 0 0 0 0 0 -1.89233e-08 -0 0 0 -0 0 0 0 0 0 0 0 0 0 0 0 0 0 1 13150.8 13150.8 13150.8 13150.8
0 0 1 0 0 1 0 0 0 0 0 -2.10158e-08 -0 0 0 -0 0 0 0 0 0 0 0 0 0 0 0 0 0 1 13150.8 13150.8 13150.8 13150.8
0 0 1 0 0 1 0 0 0 0 0 -1.59767e-08 -0 0 0 -0 0 0 0 0 0 0 0 0 0 0 0 0 0 1 13150.8 13150.8 13150.8 13150.8
0 0 1 0 0 1 0 0 0 0 0 -1.823e-08 -0 0 0 -0 0 0 0 0 0 0 0 0 0 0 0 0 0 1 13150.8 13150.8 13150.8 13150.8
0 0 1 0 0 1 0 0 0 0 0 -2.05213e-08 -0 0 0 -0 0 0 0 0 0 0 0 0 0 0 0 0 0 1 13150.8 13150.8 13150.8 13150.8
0 0 1 0 0 1 0 0 0 0 0 -1.58313e-08 -0 0 0 -0 0 0 0 0 0 0 0 0 0 0 0 0 0 1 13150.8 13150.8 13150.8 13150.8
0 0 1 0 0 1 0 0 0 0 0 -1.80167e-08 -0 0 0 -0 0 0 0 0 0 0 0 0 0 0 0 0 0 1 13150.8 13150.8 13150.8 13150.8
0 0 1 0 0 1 0 0 0 0 0 -2.02467e-08 -0 0 0 -0 0 0 0 0 0 0 0 0 0 0 0 0 0 1 13150.8 13150.8 13150.8 13150.8
0 0 1 0 0 1 0 0 0 0 0 -1.49846e-08 -0 0 0 -0 0 0 0 0 0 0 0 0 0 0 0 0 0 1 13150.8 13150.8 13150.8 13150.8
0 0 1 0 0 1 0 0 0 0 0 -1.7094e-08 -0 0 0 -0 0 0 0 0 0 0 0 0 0 0 0 0 0 1 13150.8 13150.8 13150.8 13150.8
0 0 1 0 0 1 0 0 0 0 0 -1.92719e-08 -0 0 0 -0 0 0 0 0 0 0 0 0 0 0 0 0 0 1 13150.8 13150.8 13150.8 13150.8
0 0 1 0 0 1 0 0 0 0 0 -1.40553e-08 -0 0 0 -0 0 0 0 0 0 0 0 0 0 0 0 0 0 1 13150.8 13150.8 13150.8 13150.8
0 0 1 0 0 1 0 0 0 0 0 -1.627e-08 -0 0 0 -0 0 0 0 0 0 0 0 0 0 0 0 0 0 1 13150.8 13150.8 13150.8 13150.8
0 0 1 0 0 1 0 0 0 0 0 -1.8409e-08 -0 0 0 -0 0 0 0 0 0 0 0 0 0 0 0 0 0 1 13150.8 13150.8 13150.8 13150.8
0 0 1 0 0 1 0 0 0 0 0 -1.33722e-08 -0 0 0 -0 0 0 0 0 0 0 0 0 0 0 0 0 0 1 13150.8 13150.8 13150.8 13150.8
0 0 1 0 0 1 0 0 0 0 0 -1.56039e-08 -0 0 0 -0 0 0 0 0 0 0 0 0 0 0 0 0 0 1 13150.8 13150.8 13150.8 13150.8
0 0 1 0 0 1 0 0 0 0 0 -1.78201e-08 -0 0 0 -0 0 0 0 0 0 0 0 0 0 0 0 0 0 1 13150.8 13150.8 13150.8 13150.8
0 0 1 0 0 1 0 0 0 0 0 -1.29679e-08 -0 0 0 -0 0 0 0 0 0 0 0 0 0 0 0 0 0 1 13150.8 13150.8 13150.8 13150.8
0 0 1 0 0 1 0 0 0 0 0 -1.51749e-08 -0 0 0 -0 0 0 0 0 0 0 0 0 0 0 0 0 0 1 13150.8 13150.8 13150.8 13150.8
0 0 1 0 0 1 0 0 0 0 0 -1.74229e-08 -0 0 0 -0 0 0 0 0 0 0 0 0 0 0 0 0 0 1 13150.8 13150.8 13150.8 13150.8
0 0 1 0 0 1 0 0 0 0 0 -1.22573e-08 -0 0 0 -0 0 0 0 0 0 0 0 0 0 0 0 0 0 1 13150.8 13150.8 13150.8 13150.8
0 0 1 0 0 1 0 0 0 0 0 -1.43507e-08 -0 0 0 -0 0 0 0 0 0 0 0 0 0 0 0 0 0 1 13150.8 13150.8 13150.8 13150.8
0 0 1 0 0 1 0 0 0 0 0 -1.65277e-08 -0 0 0 -0 0 0 0 0 0 0 0 0 0 0 0 0 0 1 13150.8 13150.8 13150.8 13150.8
0 0 1 0 0 1 0 0 0 0 0 -1.12943e-08 -0 0 0 -0 0 0 0 0 0 0 0 0 0 0 0 0 0 1 13150.8 13150.8 13150.8 13150.8
0 0 1 0 0 1 0 0 0 0 0 -1.35263e-08 -0 0 0 -0 0 0 0 0 0 0 0 0 0 0 0 0 0 1 13150.8 13150.8 13150.8 13150.8
0 0 1 0 0 1 0 0 0 0 0 -1.56525e-08 -0 0 0 -0 0 0 0 0 0 0 0 0 0 0 0 0 0 1 13150.8 13150.8 13150.8 13150.8
0 0 1 0 0 1 0 0 0 0 0 -1.78412e-08 -0 0 0 -0 0 0 0 0 0 0 0 0 0 0 0 0 0 1 13150.8 13150.8 13150.8 13150.8
0 0 1 0 0 1 0 0 0 0 0 -1.26562e-08 -0 0 0 -0 0 0 0 0 0 0 0 0 0 0 0 0 0 1 13150.8 13150.8 13150.8 13150.8
0 0 1 0 0 1 0 0 0 0 0 -1.4897e-08 -0 0 0 -0 0 0 0 0 0 0 0 0 0 0 0 0 0 1 13150.8 13150.8 13150.8 13150.8
0 0 1 0 0 1 0 0 0 0 0 -1.69866e-08 -0 0 0 -0 0 0 0 0 0 0 0 0 0 0 0 0 0 1 13150.8 13150.8 13150.8 13150.8
0 0 1 0 0 1 0 0 0 0 0 -1.18895e-08 -0 0 0 -0 0 0 0 0 0 0 0 0 0 0 0 0 0 1 13150.8 13150.8 13150.8 13150.8
0 0 1 0 0 1 0 0 0 0 0 -1.41209e-08 -0 0 0 -0 0 0 0 0 0 0 0 0 0 0 0 0 0 1 13150.8 13150.8 13150.8 13150.8
0 0 1 0 0 1 0 0 0 0 0 -1.63573e-08 -0 0 0 -0 0 0 0 0 0 0 0 0 0 0 0 0 0 1 13150.8 13150.8 13150.8 13150.8
0 0 1 0 0 1 0 0 0 0 0 -1.14893e-08 -0 0 0 -0 0 0 0 0 0 0 0 0 0 0 0 0 0 1 13150.8 13150.8 13150.8 13150.8
0 0 1 0 0 1 0 0 0 0 0 -1.36707e-08 -0 0 0 -0 0 0 0 0 0 0 0 0 0 0 0 0 0 1 13150.8 13150.8 13150.8 13150.8
0 0 1 0 0 1 0 0 0 0 0 -1.59047e-08 -0 0 0 -0 0 0 0 0 0 0 0 0 0 0 0 0 0 1 13150.8 13150.8 13150.8 13150.8
0 0 1 0 0 1 0 0 0 0 0 -1.07016e-08 -0 0 0 -0 0 0 0 0 0 0 0 0 0 0 0 0 0 1 13150.8 13150.8 13150.8 13150.8
0 0 1 0 0 1 0 0 0 0 0 -5.7361e-09 -0 0 0 -0 0 0 0 0 0 0 0 0 0 0 0 0 0 1 13150.8 13150.8 13150.8 13150.8
0 0 1 0 0 1 0 0 0 0 0 -7.90338e-09 -0 0 0 -0 0 0 0 0 0 0 0 0 0 0 0 0 0 1 13150.8 13150.8 13150.8 13150.8
0 0 1 0 0 1 0 0 0 0 0 -1.014e-08 -0 0 0 -0 0 0 0 0 0 0 0 0 0 0 0 0 0 1 13150.8 13150.8 13150.8 13150.8
0 0 1 0 0 1 0 0 0 0 0 -1.23764e-08 -0 0 0 -0 0 0 0 0 0 0 0 0 0 0 0 0 0 1 13150.8 13150.8 13150.8 13150.8
0 0 1 0 0 1 0 0 0 0 0 -1.44732e-08 -0 0 0 -0 0 0 0 0 0 0 0 0 0 0 0 0 0 1 13150.8 13150.8 13150.8 13150.8
0 0 1 0 0 1 0 0 0 0 0 -9.39362e-09 -0 0 0 -0 0 0 0 0 0 0 0 0 0 0 0 0 0 1 13150.8 13150.8 13150.8 13150.8
0 0 1 0 0 1 0 0 0 0 0 -1.16558e-08 -0 0 0 -0 0 0 0 0 0 0 0 0 0 0 0 0 0 1 13150.8 13150.8 13150.8 13150.8
0 0 1 0 0 1 0 0 0 0 0 -1.38887e-08 -0 0 0 -0 0 0 0 0 0 0 0 0 0 0 0 0 0 1 13150.8 13150.8 13150.8 13150.8
0 0 1 0 0 1 0 0 0 0 0 -9.0332e-09 -0 0 0 -0 0 0 0 0 0 0 0 0 0 0 0 0 0 1 13150.8 13150.8 13150.8 13150.8
0 0 1 0 0 1 0 0 0 0 0 -1.12221e-08 -0 0 0 -0 0 0 0 0 0 0 0 0 0 0 0 0 0 1 13150.8 13150.8 13150.8 13150.8
0 0 1 0 0 1 0 0 0 0 0 -1.34592e-08 -0 0 0 -0 0 0 0 0 0 0 0 0 0 0 0 0 0 1 13150.8 13150.8 13150.8 13150.8
0 0 1 0 0 1 0 0 0 0 0 -1.56985e-08 -0 0 0 -0 0 0 0 0 0 0 0 0 0 0 0 0 0 1 13150.8 13150.8 13150.8 13150.8
0 0 1 0 0 1 0 0 0 0 0 -1.77445e-08 -0 0 0 -0 0 0 0 0 0 0 0 0 0 0 0 0 0 1 13150.8 13150.8 13150.8 13150.8
0 0 1 0 0 1 0 0 0 0 0 -1.25366e-08 -0 0 0 -0 0 0 0 0 0 0 0 0 0 0 0 0 0 1 13150.8 13150.8 13150.8 13150.8
0 0 1 0 0 1 0 0 0 0 0 -1.4762e-08 -0 0 0 -0 0 0 0 0 0 0 0 0 0 0 0 0 0 1 13150.8 13150.8 13150.8 13150.8
0 0 1 0 0 1 0 0 0 0 0 -9.53507e-09 -0 0 0 -0 0 0 0 0 0 0 0 0 0 0 0 0 0 1 13150.8 13150.8 13150.8 13150.8
0 0 1 0 0 1 0 0 0 0 0 -1.16272e-08 -0 0 0 -0 0 0 0 0 0 0 0 0 0 0 0 0 0 1 13150.8 13150.8 13150.8 13150.8
0 0 1 0 0 1 0 0 0 0 0 -1.38069e-08 -0 0 0 -0 0 0 0 0 0 0 0 0 0 0 0 0 0 1 13150.8 13150.8 13150.8 13150.8
0 0 1 0 0 1 0 0 0 0 0 -1.60486e-08 -0 0 0 -0 0 0 0 0 0 0 0 0 0 0 0 0 0 1 13150.8 13150.8 13150.8 13150.8
0 0 1 0 0 1 0 0 0 0 0 -1.08321e-08 -0 0 0 -0 0 0 0 0 0 0 0 0 0 0 0 0 0 1 13150.8 13150.8 13150.8 13150.8
0 0 1 0 0 1 0 0 0 0 0 -1.29273e-08 -0 0 0 -0 0 0 0 0 0 0 0 0 0 0 0 0 0 1 13150.8 13150.8 13150.8 13150.8
0 0 1 0 0 1 0 0 0 0 0 -1.51085e-08 -0 0 0 -0 0 0 0 0 0 0 0 0 0 0 0 0 0 1 13150.8 13150.8 13150.8 13150.8
0 0 1 0 0 1 0 0 0 0 0 -9.89744e-09 -0 0 0 -0 0 0 0 0 0 0 0 0 0 0 0 0 0 1 13150.8 13150.8 13150.8 13150.8
0 0 1 0 0 1 0 0 0 0 0 -1.21347e-08 -0 0 0 -0 0 0 0 0 0 0 0 0 0 0 0 0 0 1 13150.8 13150.8 13150.8 13150.8
0 0 1 0 0 1 0 0 0 0 0 -7.2568e-09 -0 0 0 -0 0 0 0 0 0 0 0 0 0 0 0 0 0 1 13150.8 13150.8 13150.8 13150.8
0 0 1 0 0 1 0 0 0 0 0 -9.44999e-09 -0 0 0 -0 0 0 0 0 0 0 0 0 0 0 0 0 0 1 13150.8 13150.8 13150.8 13150.8
0 0 1 0 0 1 0 0 0 0 0 -1.17096e-08 -0 0 0 -0 0 0 0 0 0 0 0 0 0 0 0 0 0 1 13150.8 13150.8 13150.8 13150.8
0 0 1 0 0 1 0 0 0 0 0 -1.39333e-08 -0 0 0 -0 0 0 0 0 0 0 0 0 0 0 0 0 0 1 13150.8 13150.8 13150.8 13150.8
0 0 1 0 0 1 0 0 0 0 0 -9.0747e-09 -0 0 0 -0 0 0 0 0 0 0 0 0 0 0 0 0 0 1 13150.8 13150.8 13150.8 13150.8
0 0 1 0 0 1 0 0 0 0 0 -1.12596e-08 -0 0 0 -0 0 0 0 0 0 0 0 0 0 0 0 0 0 1 13150.8 13150.8 13150.8 13150.8
0 0 1 0 0 1 0 0 0 0 0 -1.34898e-08 -0 0 0 -0 0 0 0 0 0 0 0 0 0 0 0 0 0 1 13150.8 13150.8 13150.8 13150.8
0 0 1 0 0 1 0 0 0 0 0 -8.28819e-09 -0 0 0 -0 0 0 0 0 0 0 0 0 0 0 0 0 0 1 13150.8 13150.8 13150.8 13150.8
0 0 1 0 0 1 0 0 0 0 0 -1.03924e-08 -0 0 0 -0 0 0 0 0 0 0 0 0 0 0 0 0 0 1 13150.8 13150.8 13150.8 13150.8
0 0 1 0 0 1 0 0 0 0 0 -1.25814e-08 -0 0 0 -0 0 0 0 0 0 0 0 0 0 0 0 0 0 1 13150.8 13150.8 13150.8 13150.8
0 0 1 0 0 1 0 0 0 0 0 -7.38249e-09 -0 0 0 -0 0 0 0 0 0 0 0 0 0 0 0 0 0 1 13150.8 13150.8 13150.8 13150.8
0 0 1 0 0 1 0 0 0 0 0 -9.62062e-09 -0 0 0 -0 0 0 0 0 0 0 0 0 0 0 0 0 0 1 13150.8 13150.8 13150.8 13150.8
0 0 1 0 0 1 0 0 0 0 0 -1.17127e-08 -0 0 0 -0 0 0 0 0 0 0 0 0 0 0 0 0 0 1 13150.8 13150.8 13150.8 13150.8
0 0 1 0 0 1 0 0 0 0 0 -1.39269e-08 -0 0 0 -0 0 0 0 0 0 0 0 0 0 0 0 0 0 1 13150.8 13150.8 13150.8 13150.8
0 0 1 0 0 1 0 0 0 0 0 -8.74278e-09 -0 0 0 -0 0 0 0 0 0 0 0 0 0 0 0 0 0 1 13150.8 13150.8 13150.8 13150.8
0 0 1 0 0 1 0 0 0 0 0 -1.09888e-08 -0 0 0 -0 0 0 0 0 0 0 0 0 0 0 0 0 0 1 13150.8 13150.8 13150.8 13150.8
0 0 1 0 0 1 0 0 0 0 0 -6.15437e-09 -0 0 0 -0 0 0 0 0 0 0 0 0 0 0 0 0 0 1 13150.8 13150.8 13150.8 13150.8
0 0 1 0 0 1 0 0 0 0 0 -8.34705e-09 -0 0 0 -0 0 0 0 0 0 0 0 0 0 0 0 0 0 1 13150.8 13150.8 13150.8 13150.8
0 0 1 0 0 1 0 0 0 0 0 -1.08488e-08 -0 0 0 -0 0 0 0 0 0 0 0 0 0 0 0 0 0 1 13150.8 13150.8 13150.8 13150.8
0 0 1 0 0 1 0 0 0 0 0 -6.2731e-09 -0 0 0 -0 0 0 0 0 0 0 0 0 0 0 0 0 0 1 13150.8 13150.8 13150.8 13150.8
0 0 1 0 0 1 0 0 0 0 0 -8.35594e-09 -0 0 0 -0 0 0 0 0 0 0 0 0 0 0 0 0 0 1 13150.8 13150.8 13150.8 13150.8
0 0 1 0 0 1 0 0 0 0 0 -1.05493e-08 -0 0 0 -0 0 0 0 0 0 0 0 0 0 0 0 0 0 1 13150.8 13150.8 13150.8 13150.8
0 0 1 0 0 1 0 0 0 0 0 -5.28225e-09 -0 0 0 -0 0 0 0 0 0 0 0 0 0 0 0 0 0 1 13150.8 13150.8 13150.8 13150.8
0 0 1 0 0 1 0 0 0 0 0 -7.51273e-09 -0 0 0 -0 0 0 0 0 0 0 0 0 0 0 0 0 0 1 13150.8 13150.8 13150.8 13150.8
0 0 1 0 0 1 0 0 0 0 0 -9.60841e-09 -0 0 0 -0 0 0 0 0 0 0 0 0 0 0 0 0 0 1 13150.8 13150.8 13150.8 13150.8
0 0 1 0 0 1 0 0 0 0 0 -1.17788e-08 -0 0 0 -0 0 0 0 0 0 0 0 0 0 0 0 0 0 1 13150.8 13150.8 13150.8 13150.8
0 0 1 0 0 1 0 0 0 0 0 -6.56818e-09 -0 0 0 -0 0 0 0 0 0 0 0 0 0 0 0 0 0 1 13150.8 13150.8 13150.8 13150.8
0 0 1 0 0 1 0 0 0 0 0 -8.82475e-09 -0 0 0 -0 0 0 0 0 0 0 0 0 0 0 0 0 0 1 13150.8 13150.8 13150.8 13150.8
0 0 1 0 0 1 0 0 0 0 0 -1.09051e-08 -0 0 0 -0 0 0 0 0 0 0 0 0 0 0 0 0 0 1 13150.8 13150.8 13150.8 13150.8
0 0 1 0 0 1 0 0 0 0 0 -5.82742e-09 -0 0 0 -0 0 0 0 0 0 0 0 0 0 0 0 0 0 1 13150.8 13150.8 13150.8 13150.8
0 0 1 0 0 1 0 0 0 0 0 -8.07213e-09 -0 0 0 -0 0 0 0 0 0 0 0 0 0 0 0 0 0 1 13150.8 13150.8 13150.8 13150.8
0 0 1 0 0 1 0 0 0 0 0 -1.03092e-08 -0 0 0 -0 0 0 0 0 0 0 0 0 0 0 0 0 0 1 13150.8 13150.8 13150.8 13150.8
0 0 1 0 0 1 0 0 0 0 0 -5.42241e-09 -0 0 0 -0 0 0 0 0 0 0 0 0 0 0 0 0 0 1 13150.8 13150.8 13150.8 13150.8
0 0 1 0 0 1 0 0 0 0 0 -7.60377e-09 -0 0 0 -0 0 0 0 0 0 0 0 0 0 0 0 0 0 1 13150.8 13150.8 13150.8 13150.8
0 0 1 0 0 1 0 0 0 0 0 -9.83894e-09 -0 0 0 -0 0 0 0 0 0 0 0 0 0 0 0 0 0 1 13150.8 13150.8 13150.8 13150.8
0 0 1 0 0 1 0 0 0 0 0 -4.61784e-09 -0 0 0 -0 0 0 0 0 0 0 0 0 0 0 0 0 0 1 13150.8 13150.8 13150.8 13150.8
0 0 1 0 0 1 0 0 0 0 0 -6.71358e-09 -0 0 0 -0 0 0 0 0 0 0 0 0 0 0 0 0 0 1 13150.8 13150.8 13150.8 13150.8
0 0 1 0 0 1 0 0 0 0 0 -8.91486e-09 -0 0 0 -0 0 0 0 0 0 0 0 0 0 0 0 0 0 1 13150.8 13150.8 13150.8 13150.8
0 0 1 0 0 1 0 0 0 0 0 -3.75373e-09 -0 0 0 -0 0 0 0 0 0 0 0 0 0 0 0 0 0 1 13150.8 13150.8 13150.8 13150.8
0 0 1 0 0 1 0 0 0 0 0 -6.32595e-09 -0 0 0 -0 0 0 0 0 0 0 0 0 0 0 0 0 0 1 13150.8 13150.8 13150.8 13150.8
0 0 1 0 0 1 0 0 0 0 0 -8.08732e-09 -0 0 0 -0 0 0 0 0 0 0 0 0 0 0 0 0 0 1 13150.8 13150.8 13150.8 13150.8
0 0 1 0 0 1 0 0 0 0 0 -1.02656e-08 -0 0 0 -0 0 0 0 0 0 0 0 0 0 0 0 0 0 1 13150.8 13150.8 13150.8 13150.8
0 0 1 0 0 1 0 0 0 0 0 -4.98114e-09 -0 0 0 -0 0 0 0 0 0 0 0 0 0 0 0 0 0 1 13150.8 13150.8 13150.8 13150.8
0 0 1 0 0 1 0 0 0 0 0 -7.20012e-09 -0 0 0 -0 0 0 0 0 0 0 0 0 0 0 0 0 0 1 13150.8 13150.8 13150.8 13150.8
0 0 1 0 0 1 0 0 0 0 0 -9.29302e-09 -0 0 0 -0 0 0 0 0 0 0 0 0 0 0 0 0 0 1 13150.8 13150.8 13150.8 13150.8
0 0 1 0 0 1 0 0 0 0 0 -4.179e-09 -0 0 0 -0 0 0 0 0 0 0 0 0 0 0 0 0 0 1 13150.8 13150.8 13150.8 13150.8
0 0 1 0 0 1 0 0 0 0 0 -6.41737e-09 -0 0 0 -0 0 0 0 0 0 0 0 0 0 0 0 0 0 1 13150.8 13150.8 13150.8 13150.8
0 0 1 0 0 1 0 0 0 0 0 -8.65005e-09 -0 0 0 -0 0 0 0 0 0 0 0 0 0 0 0 0 0 1 13150.8 13150.8 13150.8 13150.8
0 0 1 0 0 1 0 0 0 0 0 -3.77444e-09 -0 0 0 -0 0 0 0 0 0 0 0 0 0 0 0 0 0 1 13150.8 13150.8 13150.8 13150.8
0 0 1 0 0 1 0 0 0 0 0 -5.96274e-09 -0 0 0 -0 0 0 0 0 0 0 0 0 0 0 0 0 0 1 13150.8 13150.8 13150.8 13150.8
0 0 1 0 0 1 0 0 0 0 0 -8.19732e-09 -0 0 0 -0 0 0 0 0 0 0 0 0 0 0 0 0 0 1 13150.8 13150.8 13150.8 13150.8
0 0 1 0 0 1 0 0 0 0 0 -2.99291e-09 -0 0 0 -0 0 0 0 0 0 0 0 0 0 0 0 0 0 1 13150.8 13150.8 13150.8 13150.8
0 0 1 0 0 1 0 0 0 0 0 -5.08831e-09 -0 0 0 -0 0 0 0 0 0 0 0 0 0 0 0 0 0 1 13150.8 13150.8 13150.8 13150.8
0 0 1 0 0 1 0 0 0 0 0 -7.27829e-09 -0 0 0 -0 0 0 0 0 0 0 0 0 0 0 0 0 0 1 13150.8 13150.8 13150.8 13150.8
0 0 1 0 0 1 0 0 0 0 0 -9.5279e-09 -0 0 0 -0 0 0 0 0 0 0 0 0 0 0 0 0 0 1 13150.8 13150.8 13150.8 13150.8
0 0 1 0 0 1 0 0 0 0 0 -4.31935e-09 -0 0 0 -0 0 0 0 0 0 0 0 0 0 0 0 0 0 1 13150.8 13150.8 13150.8 13150.8
0 0 1 0 0 1 0 0 0 0 0 -6.40076e-09 -0 0 0 -0 0 0 0 0 0 0 0 0 0 0 0 0 0 1 13150.8 13150.8 13150.8 13150.8
0 0 1 0 0 1 0 0 0 0 0 -8.58673e-09 -0 0 0 -0 0 0 0 0 0 0 0 0 0 0 0 0 0 1 13150.8 13150.8 13150.8 13150.8
0 0 1 0 0 1 0 0 0 0 0 -3.35469e-09 -0 0 0 -0 0 0 0 0 0 0 0 0 0 0 0 0 0 1 13150.8 13150.8 13150.8 13150.8
0 0 1 0 0 1 0 0 0 0 0 -5.58306e-09 -0 0 0 -0 0 0 0 0 0 0 0 0 0 0 0 0 0 1 13150.8 13150.8 13150.8 13150.8
0 0 1 0 0 1 0 0 0 0 0 -7.6647e-09 -0 0 0 -0 0 0 0 0 0 0 0 0 0 0 0 0 0 1 13150.8 13150.8 13150.8 13150.8
0 0 1 0 0 1 0 0 0 0 0 -2.53644e-09 -0 0 0 -0 0 0 0 0 0 0 0 0 0 0 0 0 0 1 13150.8 13150.8 13150.8 13150.8
0 0 1 0 0 1 0 0 0 0 0 -4.773e-09 -0 0 0 -0 0 0 0 0 0 0 0 0 0 0 0 0 0 1 13150.8 13150.8 13150.8 13150.8
0 0 1 0 0 1 0 0 0 0 0 -7.00821e-09 -0 0 0 -0 0 0 0 0 0 0 0 0 0 0 0 0 0 1 13150.8 13150.8 13150.8 13150.8
0 0 1 0 0 1 0 0 0 0 0 -9.10654e-09 -0 0 0 -0 0 0 0 0 0 0 0 0 0 0 0 0 0 1 13150.8 13150.8 13150.8 13150.8
0 0 1 0 0 1 0 0 0 0 0 -4.03809e-09 -0 0 0 -0 0 0 0 0 0 0 0 0 0 0 0 0 0 1 13150.8 13150.8 13150.8 13150.8
0 0 1 0 0 1 0 0 0 0 0 -6.28739e-09 -0 0 0 -0 0 0 0 0 0 0 0 0 0 0 0 0 0 1 13150.8 13150.8 13150.8 13150.8
0 0 1 0 0 1 0 0 0 0 0 -8.52166e-09 -0 0 0 -0 0 0 0 0 0 0 0 0 0 0 0 0 0 1 13150.8 13150.8 13150.8 13150.8
0 0 1 0 0 1 0 0 0 0 0 -3.63405e-09 -0 0 0 -0 0 0 0 0 0 0 0 0 0 0 0 0 0 1 13150.8 13150.8 13150.8 13150.8
0 0 1 0 0 1 0 0 0 0 0 -5.8149e-09 -0 0 0 -0 0 0 0 0 0 0 0 0 0 0 0 0 0 1 13150.8 13150.8 13150.8 13150.8
0 0 1 0 0 1 0 0 0 0 0 -8.04382e-09 -0 0 0 -0 0 0 0 0 0 0 0 0 0 0 0 0 0 1 13150.8 13150.8 13150.8 13150.8
0 0 1 0 0 1 0 0 0 0 0 -2.82945e-09 -0 0 0 -0 0 0 0 0 0 0 0 0 0 0 0 0 0 1 13150.8 13150.8 13150.8 13150.8
0 0 1 0 0 1 0 0 0 0 0 -4.92242e-09 -0 0 0 -0 0 0 0 0 0 0 0 0 0 0 0 0 0 1 13150.8 13150.8 13150.8 13150.8
0 0 1 0 0 1 0 0 0 0 0 -7.10374e-09 -0 0 0 -0 0 0 0 0 0 0 0 0 0 0 0 0 0 1 13150.8 13150.8 13150.8 13150.8
0 0 1 0 0 1 0 0 0 0 0 -1.88768e-09 -0 0 0 -0 0 0 0 0 0 0 0 0 0 0 0 0 0 1 13150.8 13150.8 13150.8 13150.8
0 0 1 0 0 1 0 0 0 0 0 -4.15106e-09 -0 0 0 -0 0 0 0 0 0 0 0 0 0 0 0 0 0 1 13150.8 13150.8 13150.8 13150.8
0 0 1 0 0 1 0 0 0 0 0 -6.36011e-09 -0 0 0 -0 0 0 0 0 0 0 0 0 0 0 0 0 0 1 13150.8 13150.8 13150.8 13150.8
0 0 1 0 0 1 0 0 0 0 0 -8.4198e-09 -0 0 0 -0 0 0 0 0 0 0 0 0 0 0 0 0 0 1 13150.8 13150.8 13150.8 13150.8
0 0 1 0 0 1 0 0 0 0 0 -3.24495e-09 -0 0 0 -0 0 0 0 0 0 0 0 0 0 0 0 0 0 1 13150.8 13150.8 13150.8 13150.8
0 0 1 0 0 1 0 0 0 0 0 -5.49664e-09 -0 0 0 -0 0 0 0 0 0 0 0 0 0 0 0 0 0 1 13150.8 13150.8 13150.8 13150.8
0 0 1 0 0 1 0 0 0 0 0 -7.75525e-09 -0 0 0 -0 0 0 0 0 0 0 0 0 0 0 0 0 0 1 13150.8 13150.8 13150.8 13150.8
0 0 1 0 0 1 0 0 0 0 0 -3.00788e-09 -0 0 0 -0 0 0 0 0 0 0 0 0 0 0 0 0 0 1 13150.8 13150.8 13150.8 13150.8
0 0 1 0 0 1 0 0 0 0 0 -5.22463e-09 -0 0 0 -0 0 0 0 0 0 0 0 0 0 0 0 0 0 1 13150.8 13150.8 13150.8 13150.8
0 0 1 0 0 1 0 0 0 0 0 -7.46283e-09 -0 0 0 -0 0 0 0 0 0 0 0 0 0 0 0 0 0 1 13150.8 13150.8 13150.8 13150.8
0 0 1 0 0 1 0 0 0 0 0 -2.58452e-09 -0 0 0 -0 0 0 0 0 0 0 0 0 0 0 0 0 0 1 13150.8 13150.8 13150.8 13150.8
0 0 1 0 0 1 0 0 0 0 0 -4.74185e-09 -0 0 0 -0 0 0 0 0 0 0 0 0 0 0 0 0 0 1 13150.8 13150.8 13150.8 13150.8
0 0 1 0 0 1 0 0 0 0 0 -7.02122e-09 -0 0 0 -0 0 0 0 0 0 0 0 0 0 0 0 0 0 1 13150.8 13150.8 13150.8 13150.8
0 0 1 0 0 1 0 0 0 0 0 -1.84842e-09 -0 0 0 -0 0 0 0 0 0 0 0 0 0 0 0 0 0 1 13150.8 13150.8 13150.8 13150.8
0 0 1 0 0 1 0 0 0 0 0 -4.08982e-09 -0 0 0 -0 0 0 0 0 0 0 0 0 0 0 0 0 0 1 13150.8 13150.8 13150.8 13150.8
0 0 1 0 0 1 0 0 0 0 0 -6.14631e-09 -0 0 0 -0 0 0 0 0 0 0 0 0 0 0 0 0 0 1 13150.8 13150.8 13150.8 13150.8
0 0 1 0 0 1 0 0 0 0 0 -9.95708e-10 -0 0 0 -0 0 0 0 0 0 0 0 0 0 0 0 0 0 1 13150.8 13150.8 13150.8 13150.8
0 0 1 0 0 1 0 0 0 0 0 -3.24296e-09 -0 0 0 -0 0 0 0 0 0 0 0 0 0 0 0 0 0 1 13150.8 13150.8 13150.8 13150.8
0 0 1 0 0 1 0 0 0 0 0 -5.47765e-09 -0 0 0 -0 0 0 0 0 0 0 0 0 0 0 0 0 0 1 13150.8 13150.8 13150.8 13150.8
0 0 1 0 0 1 0 0 0 0 0 -7.52908e-09 -0 0 0 -0 0 0 0 0 0 0 0 0 0 0 0 0 0 1 13150.8 13150.8 13150.8 13150.8
0 0 1 0 0 1 0 0 0 0 0 -2.32224e-09 -0 0 0 -0 0 0 0 0 0 0 0 0 0 0 0 0 0 1 13150.8 13150.8 13150.8 13150.8
0 0 1 0 0 1 0 0 0 0 0 -4.44518e-09 -0 0 0 -0 0 0 0 0 0 0 0 0 0 0 0 0 0 1 13150.8 13150.8 13150.8 13150.8
0 0 1 0 0 1 0 0 0 0 0 -6.63749e-09 -0 0 0 -0 0 0 0 0 0 0 0 0 0 0 0 0 0 1 13150.8 13150.8 13150.8 13150.8
0 0 1 0 0 1 0 0 0 0 0 -1.47409e-09 -0 0 0 -0 0 0 0 0 0 0 0 0 0 0 0 0 0 1 13150.8 13150.8 13150.8 13150.8
0 0 1 0 0 1 0 0 0 0 0 -3.69888e-09 -0 0 0 -0 0 0 0 0 0 0 0 0 0 0 0 0 0 1 13150.8 13150.8 13150.8 13150.8
0 0 1 0 0 1 0 0 0 0 0 -5.88963e-09 -0 0 0 -0 0 0 0 0 0 0 0 0 0 0 0 0 0 1 13150.8 13150.8 13150.8 13150.8
0 0 1 0 0 1 0 0 0 0 0 -9.29588e-10 -0 0 0 -0 0 0 0 0 0 0 0 0 0 0 0 0 0 1 13150.8 13150.8 13150.8 13150.8
0 0 1 0 0 1 0 0 0 0 0 -3.11861e-09 -0 0 0 -0 0 0 0 0 0 0 0 0 0 0 0 0 0 1 13150.8 13150.8 13150.8 13150.8
0 0 1 0 0 1 0 0 0 0 0 -5.35516e-09 -0 0 0 -0 0 0 0 0 0 0 0 0 0 0 0 0 0 1 13150.8 13150.8 13150.8 13150.8
0 0 1 0 0 1 0 0 0 0 0 -7.59012e-09 -0 0 0 -0 0 0 0 0 0 0 0 0 0 0 0 0 0 1 13150.8 13150.8 13150.8 13150.8
0 0 1 0 0 1 0 0 0 0 0 -2.71774e-09 -0 0 0 -0 0 0 0 0 0 0 0 0 0 0 0 0 0 1 13150.8 13150.8 13150.8 13150.8
0 0 1 0 0 1 0 0 0 0 0 -4.92817e-09 -0 0 0 -0 0 0 0 0 0 0 0 0 0 0 0 0 0 1 13150.8 13150.8 13150.8 13150.8
0 0 1 0 0 1 0 0 0 0 0 -7.15482e-09 -0 0 0 -0 0 0 0 0 0 0 0 0 0 0 0 0 0 1 13150.8 13150.8 13150.8 13150.8
0 0 1 0 0 1 0 0 0 0 0 -1.95079e-09 -0 0 0 -0 0 0 0 0 0 0 0 0 0 0 0 0 0 1 13150.8 13150.8 13150.8 13150.8
0 0 1 0 0 1 0 0 0 0 0 -4.04233e-09 -0 0 0 -0 0 0 0 0 0 0 0 0 0 0 0 0 0 1 13150.8 13150.8 13150.8 13150.8
0 0 1 0 0 1 0 0 0 0 0 -6.25072e-09 -0 0 0 -0 0 0 0 0 0 0 0 0 0 0 0 0 0 1 13150.8 13150.8 13150.8 13150.8
0 0 1 0 0 1 0 0 0 0 0 -1.07939e-09 -0 0 0 -0 0 0 0 0 0 0 0 0 0 0 0 0 0 1 13150.8 13150.8 13150.8 13150.8
0 0 1 0 0 1 0 0 0 0 0 -3.3226e-09 -0 0 0 -0 0 0 0 0 0 0 0 0 0 0 0 0 0 1 13150.8 13150.8 13150.8 13150.8
0 0 1 0 0 1 0 0 0 0 0 -5.41516e-09 -0 0 0 -0 0 0 0 0 0 0 0 0 0 0 0 0 0 1 13150.8 13150.8 13150.8 13150.8
0 0 1 0 0 1 0 0 0 0 0 -3.18991e-10 -0 0 0 -0 0 0 0 0 0 0 0 0 0 0 0 0 0 1 13150.8 13150.8 13150.8 13150.8
0 0 1 0 0 1 0 0 0 0 0 -2.55962e-09 -0 0 0 -0 0 0 0 0 0 0 0 0 0 0 0 0 0 1 13150.8 13150.8 13150.8 13150.8
0 0 1 0 0 1 0 0 0 0 0 -4.78728e-09 -0 0 0 -0 0 0 0 0 0 0 0 0 0 0 0 0 0 1 13150.8 13150.8 13150.8 13150.8
0 0 1 0 0 1 0 0 0 0 0 -6.87172e-09 -0 0 0 -0 0 0 0 0 0 0 0 0 0 0 0 0 0 1 13150.8 13150.8 13150.8 13150.8
0 0 1 0 0 1 0 0 0 0 0 -1.76052e-09 -0 0 0 -0 0 0 0 0 0 0 0 0 0 0 0 0 0 1 13150.8 13150.8 13150.8 13150.8
0 0 1 0 0 1 0 0 0 0 0 -4.00278e-09 -0 0 0 -0 0 0 0 0 0 0 0 0 0 0 0 0 0 1 13150.8 13150.8 13150.8 13150.8
0 0 1 0 0 1 0 0 0 0 0 -6.23527e-09 -0 0 0 -0 0 0 0 0 0 0 0 0 0 0 0 0 0 1 13150.8 13150.8 13150.8 13150.8
0 0 1 0 0 1 0 0 0 0 0 -1.36957e-09 -0 0 0 -0 0 0 0 0 0 0 0 0 0 0 0 0 0 1 13150.8 13150.8 13150.8 13150.8
0 0 1 0 0 1 0 0 0 0 0 -3.57122e-09 -0 0 0 -0 0 0 0 0 0 0 0 0 0 0 0 0 0 1 13150.8 13150.8 13150.8 13150.8
0 0 1 0 0 1 0 0 0 0 0 -6.04208e-09 -0 0 0 -0 0 0 0 0 0 0 0 0 0 0 0 0 0 1 13150.8 13150.8 13150.8 13150.8
0 0 1 0 0 1 0 0 0 0 0 -1.40259e-09 -0 0 0 -0 0 0 0 0 0 0 0 0 0 0 0 0 0 1 13150.8 13150.8 13150.8 13150.8
0 0 1 0 0 1 0 0 0 0 0 -3.49352e-09 -0 0 0 -0 0 0 0 0 0 0 0 0 0 0 0 0 0 1 13150.8 13150.8 13150.8 13150.8
0 0 1 0 0 1 0 0 0 0 0 -5.68564e-09 -0 0 0 -0 0 0 0 0 0 0 0 0 0 0 0 0 0 1 13150.8 13150.8 13150.8 13150.8
0 0 1 0 0 1 0 0 0 0 0 -4.77613e-10 -0 0 0 -0 0 0 0 0 0 0 0 0 0 0 0 0 0 1 13150.8 13150.8 13150.8 13150.8
0 0 1 0 0 1 0 0 0 0 0 -2.71402e-09 -0 0 0 -0 0 0 0 0 0 0 0 0 0 0 0 0 0 1 13150.8 13150.8 13150.8 13150.8
0 0 1 0 0 1 0 0 0 0 0 -4.81675e-09 -0 0 0 -0 0 0 0 0 0 0 0 0 0 0 0 0 0 1 13150.8 13150.8 13150.8 13150.8
0 0 1 0 0 1 0 0 0 0 0 2.53063e-10 -0 0 0 -0 0 0 0 0 0 0 0 0 0 0 0 0 0 1 13150.8 13150.8 13150.8 13150.8
0 0 1 0 0 1 0 0 0 0 0 -1.99722e-09 -0 0 0 -0 0 0 0 0 0 0 0 0 0 0 0 0 0 1 13150.8 13150.8 13150.8 13150.8
0 0 1 0 0 1 0 0 0 0 0 -4.24103e-09 -0 0 0 -0 0 0 0 0 0 0 0 0 0 0 0 0 0 1 13150.8 13150.8 13150.8 13150.8
0 0 1 0 0 1 0 0 0 0 0 -6.32225e-09 -0 0 0 -0 0 0 0 0 0 0 0 0 0 0 0 0 0 1 13150.8 13150.8 13150.8 13150.8
0 0 1 0 0 1 0 0 0 0 0 -1.21854e-09 -0 0 0 -0 0 0 0 0 0 0 0 0 0 0 0 0 0 1 13150.8 13150.8 13150.8 13150.8
0 0 1 0 0 1 0 0 0 0 0 -3.45483e-09 -0 0 0 -0 0 0 0 0 0 0 0 0 0 0 0 0 0 1 13150.8 13150.8 13150.8 13150.8
0 0 1 0 0 1 0 0 0 0 0 -5.69108e-09 -0 0 0 -0 0 0 0 0 0 0 0 0 0 0 0 0 0 1 13150.8 13150.8 13150.8 13150.8
0 0 1 0 0 1 0 0 0 0 0 -8.56244e-10 -0 0 0 -0 0 0 0 0 0 0 0 0 0 0 0 0 0 1 13150.8 13150.8 13150.8 13150.8
0 0 1 0 0 1 0 0 0 0 0 -3.06596e-09 -0 0 0 -0 0 0 0 0 0 0 0 0 0 0 0 0 0 1 13150.8 13150.8 13150.8 13150.8
0 0 1 0 0 1 0 0 0 0 0 -5.30188e-09 -0 0 0 -0 0 0 0 0 0 0 0 0 0 0 0 0 0 1 13150.8 13150.8 13150.8 13150.8
0 0 1 0 0 1 0 0 0 0 0 -8.07267e-11 -0 0 0 -0 0 0 0 0 0 0 0 0 0 0 0 0 0 1 13150.8 13150.8 13150.8 13150.8
0 0 1 0 0 1 0 0 0 0 0 -2.16678e-09 -0 0 0 -0 0 0 0 0 0 0 0 0 0 0 0 0 0 1 13150.8 13150.8 13150.8 13150.8
0 0 1 0 0 1 0 0 0 0 0 -4.35513e-09 -0 0 0 -0 0 0 0 0 0 0 0 0 0 0 0 0 0 1 13150.8 13150.8 13150.8 13150.8
0 0 1 0 0 1 0 0 0 0 0 -6.59266e-09 -0 0 0 -0 0 0 0 0 0 0 0 0 0 0 0 0 0 1 13150.8 13150.8 13150.8 13150.8
0 0 1 0 0 1 0 0 0 0 0 -8.33078e-10 -0 0 0 -0 0 0 0 0 0 0 0 0 0 0 0 0 0 1 13150.8 13150.8 13150.8 13150.8
0 0 1 0 0 1 0 0 0 0 0 -2.68305e-09 -0 0 0 -0 0 0 0 0 0 0 0 0 0 0 0 0 0 1 13150.8 13150.8 13150.8 13150.8
0 0 1 0 0 1 0 0 0 0 0 -4.88443e-09 -0 0 0 -0 0 0 0 0 0 0 0 0 0 0 0 0 0 1 13150.8 13150.8 13150.8 13150.8
0 0 1 0 0 1 0 0 0 0 0 3.38624e-10 -0 0 0 -0 0 0 0 0 0 0 0 0 0 0 0 0 0 1 13150.8 13150.8 13150.8 13150.8
0 0 1 0 0 1 0 0 0 0 0 -1.88907e-09 -0 0 0 -0 0 0 0 0 0 0 0 0 0 0 0 0 0 1 13150.8 13150.8 13150.8 13150.8
0 0 1 0 0 1 0 0 0 0 0 -3.99054e-09 -0 0 0 -0 0 0 0 0 0 0 0 0 0 0 0 0 0 1 13150.8 13150.8 13150.8 13150.8
0 0 1 0 0 1 0 0 0 0 0 -6.16977e-09 -0 0 0 -0 0 0 0 0 0 0 0 0 0 0 0 0 0 1 13150.8 13150.8 13150.8 13150.8
0 0 1 0 0 1 0 0 0 0 0 -9.59572e-10 -0 0 0 -0 0 0 0 0 0 0 0 0 0 0 0 0 0 1 13150.8 13150.8 13150.8 13150.8
0 0 1 0 0 1 0 0 0 0 0 -3.1911e-09 -0 0 0 -0 0 0 0 0 0 0 0 0 0 0 0 0 0 1 13150.8 13150.8 13150.8 13150.8
0 0 1 0 0 1 0 0 0 0 0 -5.28644e-09 -0 0 0 -0 0 0 0 0 0 0 0 0 0 0 0 0 0 1 13150.8 13150.8 13150.8 13150.8
0 0 1 0 0 1 0 0 0 0 0 -1.75042e-10 -0 0 0 -0 0 0 0 0 0 0 0 0 0 0 0 0 0 1 13150.8 13150.8 13150.8 13150.8
0 0 1 0 0 1 0 0 0 0 0 -2.40424e-09 -0 0 0 -0 0 0 0 0 0 0 0 0 0 0 0 0 0 1 13150.8 13150.8 13150.8 13150.8
0 0 1 0 0 1 0 0 0 0 0 -4.65326e-09 -0 0 0 -0 0 0 0 0 0 0 0 0 0 0 0 0 0 1 13150.8 13150.8 13150.8 13150.8
0 0 1 0 0 1 0 0 0 0 0 1.703e-10 -0 0 0 -0 0 0 0 0 0 0 0 0 0 0 0 0 0 1 13150.8 13150.8 13150.8 13150.8
0 0 1 0 0 1 0 0 0 0 0 -2.04759e-09 -0 0 0 -0 0 0 0 0 0 0 0 0 0 0 0 0 0 1 13150.8 13150.8 13150.8 13150.8
0 0 1 0 0 1 0 0 0 0 0 -4.33602e-09 -0 0 0 -0 0 0 0 0 0 0 0 0 0 0 0 0 0 1 13150.8 13150.8 13150.8 13150.8
0 0 1 0 0 1 0 0 0 0 0 8.20961e-10 -0 0 0 -0 0 0 0 0 0 0 0 0 0 0 0 0 0 1 13150.8 13150.8 13150.8 13150.8
0 0 1 0 0 1 0 0 0 0 0 -1.27606e-09 -0 0 0 -0 0 0 0 0 0 0 0 0 0 0 0 0 0 1 13150.8 13150.8 13150.8 13150.8
0 0 1 0 0 1 0 0 0 0 0 -3.4657e-09 -0 0 0 -0 0 0 0 0 0 0 0 0 0 0 0 0 0 1 13150.8 13150.8 13150.8 13150.8
0 0 1 0 0 1 0 0 0 0 0 -5.68512e-09 -0 0 0 -0 0 0 0 0 0 0 0 0 0 0 0 0 0 1 13150.8 13150.8 13150.8 13150.8
0 0 1 0 0 1 0 0 0 0 0 -5.28479e-10 -0 0 0 -0 0 0 0 0 0 0 0 0 0 0 0 0 0 1 13150.8 13150.8 13150.8 13150.8
0 0 1 0 0 1 0 0 0 0 0 -2.62621e-09 -0 0 0 -0 0 0 0 0 0 0 0 0 0 0 0 0 0 1 13150.8 13150.8 13150.8 13150.8
0 0 1 0 0 1 0 0 0 0 0 -4.81831e-09 -0 0 0 -0 0 0 0 0 0 0 0 0 0 0 0 0 0 1 13150.8 13150.8 13150.8 13150.8
0 0 1 0 0 1 0 0 0 0 0 3.68051e-10 -0 0 0 -0 0 0 0 0 0 0 0 0 0 0 0 0 0 1 13150.8 13150.8 13150.8 13150.8
0 0 1 0 0 1 0 0 0 0 0 -1.87833e-09 -0 0 0 -0 0 0 0 0 0 0 0 0 0 0 0 0 0 1 13150.8 13150.8 13150.8 13150.8
0 0 1 0 0 1 0 0 0 0 0 -4.10647e-09 -0 0 0 -0 0 0 0 0 0 0 0 0 0 0 0 0 0 1 13150.8 13150.8 13150.8 13150.8
0 0 1 0 0 1 0 0 0 0 0 6.40855e-10 -0 0 0 -0 0 0 0 0 0 0 0 0 0 0 0 0 0 1 13150.8 13150.8 13150.8 13150.8
0 0 1 0 0 1 0 0 0 0 0 -1.60468e-09 -0 0 0 -0 0 0 0 0 0 0 0 0 0 0 0 0 0 1 13150.8 13150.8 13150.8 13150.8
0 0 1 0 0 1 0 0 0 0 0 -3.83601e-09 -0 0 0 -0 0 0 0 0 0 0 0 0 0 0 0 0 0 1 13150.8 13150.8 13150.8 13150.8
0 0 1 0 0 1 0 0 0 0 0 1.37178e-09 -0 0 0 -0 0 0 0 0 0 0 0 0 0 0 0 0 0 1 13150.8 13150.8 13150.8 13150.8
0 0 1 0 0 1 0 0 0 0 0 -6.68784e-10 -0 0 0 -0 0 0 0 0 0 0 0 0 0 0 0 0 0 1 13150.8 13150.8 13150.8 13150.8
0 0 1 0 0 1 0 0 0 0 0 -2.90903e-09 -0 0 0 -0 0 0 0 0 0 0 0 0 0 0 0 0 0 1 13150.8 13150.8 13150.8 13150.8
0 0 1 0 0 1 0 0 0 0 0 -5.14148e-09 -0 0 0 -0 0 0 0 0 0 0 0 0 0 0 0 0 0 1 13150.8 13150.8 13150.8 13150.8
0 0 1 0 0 1 0 0 0 0 0 1.51232e-10 -0 0 0 -0 0 0 0 0 0 0 0 0 0 0 0 0 0 1 13150.8 13150.8 13150.8 13150.8
0 0 1 0 0 1 0 0 0 0 0 -1.87339e-09 -0 0 0 -0 0 0 0 0 0 0 0 0 0 0 0 0 0 1 13150.8 13150.8 13150.8 13150.8
0 0 1 0 0 1 0 0 0 0 0 -4.10377e-09 -0 0 0 -0 0 0 0 0 0 0 0 0 0 0 0 0 0 1 13150.8 13150.8 13150.8 13150.8
0 0 1 0 0 1 0 0 0 0 0 1.07203e-09 -0 0 0 -0 0 0 0 0 0 0 0 0 0 0 0 0 0 1 13150.8 13150.8 13150.8 13150.8
0 0 1 0 0 1 0 0 0 0 0 -1.17521e-09 -0 0 0 -0 0 0 0 0 0 0 0 0 0 0 0 0 0 1 13150.8 13150.8 13150.8 13150.8
0 0 1 0 0 1 0 0 0 0 0 -3.21714e-09 -0 0 0 -0 0 0 0 0 0 0 0 0 0 0 0 0 0 1 13150.8 13150.8 13150.8 13150.8
0 0 1 0 0 1 0 0 0 0 0 -5.48923e-09 -0 0 0 -0 0 0 0 0 0 0 0 0 0 0 0 0 0 1 13150.8 13150.8 13150.8 13150.8
0 0 1 0 0 1 0 0 0 0 0 -3.3539e-10 -0 0 0 -0 0 0 0 0 0 0 0 0 0 0 0 0 0 1 13150.8 13150.8 13150.8 13150.8
0 0 1 0 0 1 0 0 0 0 0 -2.58616e-09 -0 0 0 -0 0 0 0 0 0 0 0 0 0 0 0 0 0 1 13150.8 13150.8 13150.8 13150.8
0 0 1 0 0 1 0 0 0 0 0 -4.63993e-09 -0 0 0 -0 0 0 0 0 0 0 0 0 0 0 0 0 0 1 13150.8 13150.8 13150.8 13150.8
0 0 1 0 0 1 0 0 0 0 0 5.25318e-10 -0 0 0 -0 0 0 0 0 0 0 0 0 0 0 0 0 0 1 13150.8 13150.8 13150.8 13150.8
0 0 1 0 0 1 0 0 0 0 0 -1.69823e-09 -0 0 0 -0 0 0 0 0 0 0 0 0 0 0 0 0 0 1 13150.8 13150.8 13150.8 13150.8
0 0 1 0 0 1 0 0 0 0 0 -3.80486e-09 -0 0 0 -0 0 0 0 0 0 0 0 0 0 0 0 0 0 1 13150.8 13150.8 13150.8 13150.8
0 0 1 0 0 1 0 0 0 0 0 1.30083e-09 -0 0 0 -0 0 0 0 0 0 0 0 0 0 0 0 0 0 1 13150.8 13150.8 13150.8 13150.8
0 0 1 0 0 1 0 0 0 0 0 -9.22867e-10 -0 0 0 -0 0 0 0 0 0 0 0 0 0 0 0 0 0 1 13150.8 13150.8 13150.8 13150.8
0 0 1 0 0 1 0 0 0 0 0 -3.15794e-09 -0 0 0 -0 0 0 0 0 0 0 0 0 0 0 0 0 0 1 13150.8 13150.8 13150.8 13150.8
0 0 1 0 0 1 0 0 0 0 0 -5.26809e-09 -0 0 0 -0 0 0 0 0 0 0 0 0 0 0 0 0 0 1 13150.8 13150.8 13150.8 13150.8
0 0 1 0 0 1 0 0 0 0 0 -1.86065e-10 -0 0 0 -0 0 0 0 0 0 0 0 0 0 0 0 0 0 1 13150.8 13150.8 13150.8 13150.8
0 0 1 0 0 1 0 0 0 0 0 -2.41366e-09 -0 0 0 -0 0 0 0 0 0 0 0 0 0 0 0 0 0 1 13150.8 13150.8 13150.8 13150.8
0 0 1 0 0 1 0 0 0 0 0 -4.65957e-09 -0 0 0 -0 0 0 0 0 0 0 0 0 0 0 0 0 0 1 13150.8 13150.8 13150.8 13150.8
0 0 1 0 0 1 0 0 0 0 0 5.39394e-10 -0 0 0 -0 0 0 0 0 0 0 0 0 0 0 0 0 0 1 13150.8 13150.8 13150.8 13150.8
0 0 1 0 0 1 0 0 0 0 0 -1.51417e-09 -0 0 0 -0 0 0 0 0 0 0 0 0 0 0 0 0 0 1 13150.8 13150.8 13150.8 13150.8
0 0 1 0 0 1 0 0 0 0 0 -3.73761e-09 -0 0 0 -0 0 0 0 0 0 0 0 0 0 0 0 0 0 1 13150.8 13150.8 13150.8 13150.8
0 0 1 0 0 1 0 0 0 0 0 1.49712e-09 -0 0 0 -0 0 0 0 0 0 0 0 0 0 0 0 0 0 1 13150.8 13150.8 13150.8 13150.8
0 0 1 0 0 1 0 0 0 0 0 -7.5393e-10 -0 0 0 -0 0 0 0 0 0 0 0 0 0 0 0 0 0 1 13150.8 13150.8 13150.8 13150.8
0 0 1 0 0 1 0 0 0 0 0 -2.79573e-09 -0 0 0 -0 0 0 0 0 0 0 0 0 0 0 0 0 0 1 13150.8 13150.8 13150.8 13150.8
0 0 1 0 0 1 0 0 0 0 0 -5.02085e-09 -0 0 0 -0 0 0 0 0 0 0 0 0 0 0 0 0 0 1 13150.8 13150.8 13150.8 13150.8
0 0 1 0 0 1 0 0 0 0 0 1.87677e-10 -0 0 0 -0 0 0 0 0 0 0 0 0 0 0 0 0 0 1 13150.8 13150.8 13150.8 13150.8
0 0 1 0 0 1 0 0 0 0 0 -2.05319e-09 -0 0 0 -0 0 0 0 0 0 0 0 0 0 0 0 0 0 1 13150.8 13150.8 13150.8 13150.8
0 0 1 0 0 1 0 0 0 0 0 -4.10363e-09 -0 0 0 -0 0 0 0 0 0 0 0 0 0 0 0 0 0 1 13150.8 13150.8 13150.8 13150.8
0 0 1 0 0 1 0 0 0 0 0 1.07844e-09 -0 0 0 -0 0 0 0 0 0 0 0 0 0 0 0 0 0 1 13150.8 13150.8 13150.8 13150.8
0 0 1 0 0 1 0 0 0 0 0 -1.17204e-09 -0 0 0 -0 0 0 0 0 0 0 0 0 0 0 0 0 0 1 13150.8 13150.8 13150.8 13150.8
0 0 1 0 0 1 0 0 0 0 0 -3.25902e-09 -0 0 0 -0 0 0 0 0 0 0 0 0 0 0 0 0 0 1 13150.8 13150.8 13150.8 13150.8
0 0 1 0 0 1 0 0 0 0 0 1.88381e-09 -0 0 0 -0 0 0 0 0 0 0 0 0 0 0 0 0 0 1 13150.8 13150.8 13150.8 13150.8
0 0 1 0 0 1 0 0 0 0 0 -3.69569e-10 -0 0 0 -0 0 0 0 0 0 0 0 0 0 0 0 0 0 1 13150.8 13150.8 13150.8 13150.8
0 0 1 0 0 1 0 0 0 0 0 -2.57373e-09 -0 0 0 -0 0 0 0 0 0 0 0 0 0 0 0 0 0 1 13150.8 13150.8 13150.8 13150.8
0 0 1 0 0 1 0 0 0 0 0 -4.80449e-09 -0 0 0 -0 0 0 0 0 0 0 0 0 0 0 0 0 0 1 13150.8 13150.8 13150.8 13150.8
0 0 1 0 0 1 0 0 0 0 0 -2.31739e-11 -0 0 0 -0 0 0 0 0 0 0 0 0 0 0 0 0 0 1 13150.8 13150.8 13150.8 13150.8
0 0 1 0 0 1 0 0 0 0 0 -2.25269e-09 -0 0 0 -0 0 0 0 0 0 0 0 0 0 0 0 0 0 1 13150.8 13150.8 13150.8 13150.8
0 0 1 0 0 1 0 0 0 0 0 -4.38557e-09 -0 0 0 -0 0 0 0 0 0 0 0 0 0 0 0 0 0 1 13150.8 13150.8 13150.8 13150.8
0 0 1 0 0 1 0 0 0 0 0 1.09491e-09 -0 0 0 -0 0 0 0 0 0 0 0 0 0 0 0 0 0 1 13150.8 13150.8 13150.8 13150.8
0 0 1 0 0 1 0 0 0 0 0 -9.62529e-10 -0 0 0 -0 0 0 0 0 0 0 0 0 0 0 0 0 0 1 13150.8 13150.8 13150.8 13150.8
0 0 1 0 0 1 0 0 0 0 0 -3.17527e-09 -0 0 0 -0 0 0 0 0 0 0 0 0 0 0 0 0 0 1 13150.8 13150.8 13150.8 13150.8
0 0 1 0 0 1 0 0 0 0 0 2.03331e-09 -0 0 0 -0 0 0 0 0 0 0 0 0 0 0 0 0 0 1 13150.8 13150.8 13150.8 13150.8
0 0 1 0 0 1 0 0 0 0 0 -2.01196e-10 -0 0 0 -0 0 0 0 0 0 0 0 0 0 0 0 0 0 1 13150.8 13150.8 13150.8 13150.8
0 0 1 0 0 1 0 0 0 0 0 -2.34031e-09 -0 0 0 -0 0 0 0 0 0 0 0 0 0 0 0 0 0 1 13150.8 13150.8 13150.8 13150.8
0 0 1 0 0 1 0 0 0 0 0 -4.5282e-09 -0 0 0 -0 0 0 0 0 0 0 0 0 0 0 0 0 0 1 13150.8 13150.8 13150.8 13150.8
0 0 1 0 0 1 0 0 0 0 0 6.1784e-10 -0 0 0 -0 0 0 0 0 0 0 0 0 0 0 0 0 0 1 13150.8 13150.8 13150.8 13150.8
0 0 1 0 0 1 0 0 0 0 0 -1.61821e-09 -0 0 0 -0 0 0 0 0 0 0 0 0 0 0 0 0 0 1 13150.8 13150.8 13150.8 13150.8
0 0 1 0 0 1 0 0 0 0 0 -3.66919e-09 -0 0 0 -0 0 0 0 0 0 0 0 0 0 0 0 0 0 1 13150.8 13150.8 13150.8 13150.8
0 0 1 0 0 1 0 0 0 0 0 2.2718e-09 -0 0 0 -0 0 0 0 0 0 0 0 0 0 0 0 0 0 1 13150.8 13150.8 13150.8 13150.8
0 0 1 0 0 1 0 0 0 0 0 3.54686e-10 -0 0 0 -0 0 0 0 0 0 0 0 0 0 0 0 0 0 1 13150.8 13150.8 13150.8 13150.8
0 0 1 0 0 1 0 0 0 0 0 -1.6639e-09 -0 0 0 -0 0 0 0 0 0 0 0 0 0 0 0 0 0 1 13150.8 13150.8 13150.8 13150.8
0 0 1 0 0 1 0 0 0 0 0 -3.9411e-09 -0 0 0 -0 0 0 0 0 0 0 0 0 0 0 0 0 0 1 13150.8 13150.8 13150.8 13150.8
0 0 1 0 0 1 0 0 0 0 0 1.20963e-09 -0 0 0 -0 0 0 0 0 0 0 0 0 0 0 0 0 0 1 13150.8 13150.8 13150.8 13150.8
0 0 1 0 0 1 0 0 0 0 0 -1.02725e-09 -0 0 0 -0 0 0 0 0 0 0 0 0 0 0 0 0 0 1 13150.8 13150.8 13150.8 13150.8
0 0 1 0 0 1 0 0 0 0 0 -3.26472e-09 -0 0 0 -0 0 0 0 0 0 0 0 0 0 0 0 0 0 1 13150.8 13150.8 13150.8 13150.8
0 0 1 0 0 1 0 0 0 0 0 1.50719e-09 -0 0 0 -0 0 0 0 0 0 0 0 0 0 0 0 0 0 1 13150.8 13150.8 13150.8 13150.8
0 0 1 0 0 1 0 0 0 0 0 -7.25299e-10 -0 0 0 -0 0 0 0 0 0 0 0 0 0 0 0 0 0 1 13150.8 13150.8 13150.8 13150.8
0 0 1 0 0 1 0 0 0 0 0 -2.95973e-09 -0 0 0 -0 0 0 0 0 0 0 0 0 0 0 0 0 0 1 13150.8 13150.8 13150.8 13150.8
0 0 1 0 0 1 0 0 0 0 0 2.25938e-09 -0 0 0 -0 0 0 0 0 0 0 0 0 0 0 0 0 0 1 13150.8 13150.8 13150.8 13150.8
0 0 1 0 0 1 0 0 0 0 0 2.13041e-10 -0 0 0 -0 0 0 0 0 0 0 0 0 0 0 0 0 0 1 13150.8 13150.8 13150.8 13150.8
0 0 1 0 0 1 0 0 0 0 0 -2.02036e-09 -0 0 0 -0 0 0 0 0 0 0 0 0 0 0 0 0 0 1 13150.8 13150.8 13150.8 13150.8
0 0 1 0 0 1 0 0 0 0 0 -4.26094e-09 -0 0 0 -0 0 0 0 0 0 0 0 0 0 0 0 0 0 1 13150.8 13150.8 13150.8 13150.8
0 0 1 0 0 1 0 0 0 0 0 9.46665e-10 -0 0 0 -0 0 0 0 0 0 0 0 0 0 0 0 0 0 1 13150.8 13150.8 13150.8 13150.8
0 0 1 0 0 1 0 0 0 0 0 -1.10597e-09 -0 0 0 -0 0 0 0 0 0 0 0 0 0 0 0 0 0 1 13150.8 13150.8 13150.8 13150.8
0 0 1 0 0 1 0 0 0 0 0 -3.33693e-09 -0 0 0 -0 0 0 0 0 0 0 0 0 0 0 0 0 0 1 13150.8 13150.8 13150.8 13150.8
0 0 1 0 0 1 0 0 0 0 0 1.87173e-09 -0 0 0 -0 0 0 0 0 0 0 0 0 0 0 0 0 0 1 13150.8 13150.8 13150.8 13150.8
0 0 1 0 0 1 0 0 0 0 0 -3.64704e-10 -0 0 0 -0 0 0 0 0 0 0 0 0 0 0 0 0 0 1 13150.8 13150.8 13150.8 13150.8
0 0 1 0 0 1 0 0 0 0 0 -2.43349e-09 -0 0 0 -0 0 0 0 0 0 0 0 0 0 0 0 0 0 1 13150.8 13150.8 13150.8 13150.8
0 0 1 0 0 1 0 0 0 0 0 -4.66182e-09 -0 0 0 -0 0 0 0 0 0 0 0 0 0 0 0 0 0 1 13150.8 13150.8 13150.8 13150.8
0 0 1 0 0 1 0 0 0 0 0 1.46262e-09 -0 0 0 -0 0 0 0 0 0 0 0 0 0 0 0 0 0 1 13150.8 13150.8 13150.8 13150.8
0 0 1 0 0 1 0 0 0 0 0 -2.197e-10 -0 0 0 -0 0 0 0 0 0 0 0 0 0 0 0 0 0 1 13150.8 13150.8 13150.8 13150.8
0 0 1 0 0 1 0 0 0 0 0 -2.40575e-09 -0 0 0 -0 0 0 0 0 0 0 0 0 0 0 0 0 0 1 13150.8 13150.8 13150.8 13150.8
0 0 1 0 0 1 0 0 0 0 0 -4.64213e-09 -0 0 0 -0 0 0 0 0 0 0 0 0 0 0 0 0 0 1 13150.8 13150.8 13150.8 13150.8
0 0 1 0 0 1 0 0 0 0 0 5.68713e-10 -0 0 0 -0 0 0 0 0 0 0 0 0 0 0 0 0 0 1 13150.8 13150.8 13150.8 13150.8
0 0 1 0 0 1 0 0 0 0 0 -1.70027e-09 -0 0 0 -0 0 0 0 0 0 0 0 0 0 0 0 0 0 1 13150.8 13150.8 13150.8 13150.8
0 0 1 0 0 1 0 0 0 0 0 -3.71779e-09 -0 0 0 -0 0 0 0 0 0 0 0 0 0 0 0 0 0 1 13150.8 13150.8 13150.8 13150.8
0 0 1 0 0 1 0 0 0 0 0 1.4931e-09 -0 0 0 -0 0 0 0 0 0 0 0 0 0 0 0 0 0 1 13150.8 13150.8 13150.8 13150.8
0 0 1 0 0 1 0 0 0 0 0 -7.4088e-10 -0 0 0 -0 0 0 0 0 0 0 0 0 0 0 0 0 0 1 13150.8 13150.8 13150.8 13150.8
0 0 1 0 0 1 0 0 0 0 0 -2.98164e-09 -0 0 0 -0 0 0 0 0 0 0 0 0 0 0 0 0 0 1 13150.8 13150.8 13150.8 13150.8
0 0 1 0 0 1 0 0 0 0 0 1.81196e-09 -0 0 0 -0 0 0 0 0 0 0 0 0 0 0 0 0 0 1 13150.8 13150.8 13150.8 13150.8
0 0 1 0 0 1 0 0 0 0 0 -4.25979e-10 -0 0 0 -0 0 0 0 0 0 0 0 0 0 0 0 0 0 1 13150.8 13150.8 13150.8 13150.8
0 0 1 0 0 1 0 0 0 0 0 -2.67664e-09 -0 0 0 -0 0 0 0 0 0 0 0 0 0 0 0 0 0 1 13150.8 13150.8 13150.8 13150.8
0 0 1 0 0 1 0 0 0 0 0 2.52394e-09 -0 0 0 -0 0 0 0 0 0 0 0 0 0 0 0 0 0 1 13150.8 13150.8 13150.8 13150.8
0 0 1 0 0 1 0 0 0 0 0 4.92577e-10 -0 0 0 -0 0 0 0 0 0 0 0 0 0 0 0 0 0 1 13150.8 13150.8 13150.8 13150.8
0 0 1 0 0 1 0 0 0 0 0 -1.74055e-09 -0 0 0 -0 0 0 0 0 0 0 0 0 0 0 0 0 0 1 13150.8 13150.8 13150.8 13150.8
0 0 1 0 0 1 0 0 0 0 0 -3.98485e-09 -0 0 0 -0 0 0 0 0 0 0 0 0 0 0 0 0 0 1 13150.8 13150.8 13150.8 13150.8
0 0 1 0 0 1 0 0 0 0 0 1.24039e-09 -0 0 0 -0 0 0 0 0 0 0 0 0 0 0 0 0 0 1 13150.8 13150.8 13150.8 13150.8
0 0 1 0 0 1 0 0 0 0 0 -7.93275e-10 -0 0 0 -0 0 0 0 0 0 0 0 0 0 0 0 0 0 1 13150.8 13150.8 13150.8 13150.8
0 0 1 0 0 1 0 0 0 0 0 -3.03143e-09 -0 0 0 -0 0 0 0 0 0 0 0 0 0 0 0 0 0 1 13150.8 13150.8 13150.8 13150.8
0 0 1 0 0 1 0 0 0 0 0 2.16724e-09 -0 0 0 -0 0 0 0 0 0 0 0 0 0 0 0 0 0 1 13150.8 13150.8 13150.8 13150.8
0 0 1 0 0 1 0 0 0 0 0 7.81139e-11 -0 0 0 -0 0 0 0 0 0 0 0 0 0 0 0 0 0 1 13150.8 13150.8 13150.8 13150.8
0 0 1 0 0 1 0 0 0 0 0 -2.09194e-09 -0 0 0 -0 0 0 0 0 0 0 0 0 0 0 0 0 0 1 13150.8 13150.8 13150.8 13150.8
0 0 1 0 0 1 0 0 0 0 0 -4.35103e-09 -0 0 0 -0 0 0 0 0 0 0 0 0 0 0 0 0 0 1 13150.8 13150.8 13150.8 13150.8
0 0 1 0 0 1 0 0 0 0 0 8.52433e-10 -0 0 0 -0 0 0 0 0 0 0 0 0 0 0 0 0 0 1 13150.8 13150.8 13150.8 13150.8
0 0 1 0 0 1 0 0 0 0 0 -1.386e-09 -0 0 0 -0 0 0 0 0 0 0 0 0 0 0 0 0 0 1 13150.8 13150.8 13150.8 13150.8
0 0 1 0 0 1 0 0 0 0 0 -3.42435e-09 -0 0 0 -0 0 0 0 0 0 0 0 0 0 0 0 0 0 1 13150.8 13150.8 13150.8 13150.8
0 0 1 0 0 1 0 0 0 0 0 -5.66754e-09 -0 0 0 -0 0 0 0 0 0 0 0 0 0 0 0 0 0 1 13150.8 13150.8 13150.8 13150.8
0 0 1 0 0 1 0 0 0 0 0 -4.57669e-10 -0 0 0 -0 0 0 0 0 0 0 0 0 0 0 0 0 0 1 13150.8 13150.8 13150.8 13150.8
0 0 1 0 0 1 0 0 0 0 0 -2.70752e-09 -0 0 0 -0 0 0 0 0 0 0 0 0 0 0 0 0 0 1 13150.8 13150.8 13150.8 13150.8
0 0 1 0 0 1 0 0 0 0 0 -4.72862e-09 -0 0 0 -0 0 0 0 0 0 0 0 0 0 0 0 0 0 1 13150.8 13150.8 13150.8 13150.8
0 0 1 0 0 1 0 0 0 0 0 5.28293e-10 -0 0 0 -0 0 0 0 0 0 0 0 0 0 0 0 0 0 1 13150.8 13150.8 13150.8 13150.8
0 0 1 0 0 1 0 0 0 0 0 -1.69787e-09 -0 0 0 -0 0 0 0 0 0 0 0 0 0 0 0 0 0 1 13150.8 13150.8 13150.8 13150.8
0 0 1 0 0 1 0 0 0 0 0 -3.94475e-09 -0 0 0 -0 0 0 0 0 0 0 0 0 0 0 0 0 0 1 13150.8 13150.8 13150.8 13150.8
0 0 1 0 0 1 0 0 0 0 0 -5.9836e-09 -0 0 0 -0 0 0 0 0 0 0 0 0 0 0 0 0 0 1 13150.8 13150.8 13150.8 13150.8
0 0 1 0 0 1 0 0 0 0 0 -7.51499e-10 -0 0 0 -0 0 0 0 0 0 0 0 0 0 0 0 0 0 1 13150.8 13150.8 13150.8 13150.8
0 0 1 0 0 1 0 0 0 0 0 -2.97446e-09 -0 0 0 -0 0 0 0 0 0 0 0 0 0 0 0 0 0 1 13150.8 13150.8 13150.8 13150.8
0 0 1 0 0 1 0 0 0 0 0 2.26943e-09 -0 0 0 -0 0 0 0 0 0 0 0 0 0 0 0 0 0 1 13150.8 13150.8 13150.8 13150.8
0 0 1 0 0 1 0 0 0 0 0 2.30027e-10 -0 0 0 -0 0 0 0 0 0 0 0 0 0 0 0 0 0 1 13150.8 13150.8 13150.8 13150.8
0 0 1 0 0 1 0 0 0 0 0 -2.01016e-09 -0 0 0 -0 0 0 0 0 0 0 0 0 0 0 0 0 0 1 13150.8 13150.8 13150.8 13150.8
0 0 1 0 0 1 0 0 0 0 0 -4.2447e-09 -0 0 0 -0 0 0 0 0 0 0 0 0 0 0 0 0 0 1 13150.8 13150.8 13150.8 13150.8
0 0 1 0 0 1 0 0 0 0 0 9.67293e-10 -0 0 0 -0 0 0 0 0 0 0 0 0 0 0 0 0 0 1 13150.8 13150.8 13150.8 13150.8
0 0 1 0 0 1 0 0 0 0 0 -1.03949e-09 -0 0 0 -0 0 0 0 0 0 0 0 0 0 0 0 0 0 1 13150.8 13150.8 13150.8 13150.8
0 0 1 0 0 1 0 0 0 0 0 -3.30419e-09 -0 0 0 -0 0 0 0 0 0 0 0 0 0 0 0 0 0 1 13150.8 13150.8 13150.8 13150.8
0 0 1 0 0 1 0 0 0 0 0 -5.54103e-09 -0 0 0 -0 0 0 0 0 0 0 0 0 0 0 0 0 0 1 13150.8 13150.8 13150.8 13150.8
0 0 1 0 0 1 0 0 0 0 0 -3.21905e-10 -0 0 0 -0 0 0 0 0 0 0 0 0 0 0 0 0 0 1 13150.8 13150.8 13150.8 13150.8
0 0 1 0 0 1 0 0 0 0 0 -2.37214e-09 -0 0 0 -0 0 0 0 0 0 0 0 0 0 0 0 0 0 1 13150.8 13150.8 13150.8 13150.8
0 0 1 0 0 1 0 0 0 0 0 2.81614e-09 -0 0 0 -0 0 0 0 0 0 0 0 0 0 0 0 0 0 1 13150.8 13150.8 13150.8 13150.8
0 0 1 0 0 1 0 0 0 0 0 5.74326e-10 -0 0 0 -0 0 0 0 0 0 0 0 0 0 0 0 0 0 1 13150.8 13150.8 13150.8 13150.8
0 0 1 0 0 1 0 0 0 0 0 -1.65511e-09 -0 0 0 -0 0 0 0 0 0 0 0 0 0 0 0 0 0 1 13150.8 13150.8 13150.8 13150.8
0 0 1 0 0 1 0 0 0 0 0 -3.70456e-09 -0 0 0 -0 0 0 0 0 0 0 0 0 0 0 0 0 0 1 13150.8 13150.8 13150.8 13150.8
0 0 1 0 0 1 0 0 0 0 0 -5.94318e-09 -0 0 0 -0 0 0 0 0 0 0 0 0 0 0 0 0 0 1 13150.8 13150.8 13150.8 13150.8
0 0 1 0 0 1 0 0 0 0 0 -8.89175e-10 -0 0 0 -0 0 0 0 0 0 0 0 0 0 0 0 0 0 1 13150.8 13150.8 13150.8 13150.8
0 0 1 0 0 1 0 0 0 0 0 4.47513e-09 -0 0 0 -0 0 0 0 0 0 0 0 0 0 0 0 0 0 1 13150.8 13150.8 13150.8 13150.8
0 0 1 0 0 1 0 0 0 0 0 1.93309e-10 -0 0 0 -0 0 0 0 0 0 0 0 0 0 0 0 0 0 1 13150.8 13150.8 13150.8 13150.8
0 0 1 0 0 1 0 0 0 0 0 1.93309e-10 -0 0 0 -0 0 0 0 0 0 0 0 0 0 0 0 0 0 1 13150.8 13150.8 13150.8 13150.8
0 0 1 0 0 1 0 0 0 0 0 -2.04359e-09 -0 0 0 -0 0 0 0 0 0 0 0 0 0 0 0 0 0 1 13150.8 13150.8 13150.8 13150.8
0 0 1 0 0 1 0 0 0 0 0 3.16315e-09 -0 0 0 -0 0 0 0 0 0 0 0 0 0 0 0 0 0 1 13150.8 13150.8 13150.8 13150.8
0 0 1 0 0 1 0 0 0 0 0 7.9303e-09 -0 0 0 -0 0 0 0 0 0 0 0 0 0 0 0 0 0 1 13150.8 13150.8 13150.8 13150.8
0 0 1 0 0 1 0 0 0 0 0 5.66406e-09 -0 0 0 -0 0 0 0 0 0 0 0 0 0 0 0 0 0 1 13150.8 13150.8 13150.8 13150.8
0 0 1 0 0 1 0 0 0 0 0 3.43827e-09 -0 0 0 -0 0 0 0 0 0 0 0 0 0 0 0 0 0 1 13150.8 13150.8 13150.8 13150.8
0 0 1 0 0 1 0 0 0 0 0 1.20931e-09 -0 0 0 -0 0 0 0 0 0 0 0 0 0 0 0 0 0 1 13150.8 13150.8 13150.8 13150.8
0 0 1 0 0 1 0 0 0 0 0 -9.03396e-10 -0 0 0 -0 0 0 0 0 0 0 0 0 0 0 0 0 0 1 13150.8 13150.8 13150.8 13150.8
0 0 1 0 0 1 0 0 0 0 0 -3.06973e-09 -0 0 0 -0 0 0 0 0 0 0 0 0 0 0 0 0 0 1 13150.8 13150.8 13150.8 13150.8
0 0 1 0 0 1 0 0 0 0 0 2.1338e-09 -0 0 0 -0 0 0 0 0 0 0 0 0 0 0 0 0 0 1 13150.8 13150.8 13150.8 13150.8
0 0 1 0 0 1 0 0 0 0 0 6.99522e-09 -0 0 0 -0 0 0 0 0 0 0 0 0 0 0 0 0 0 1 13150.8 13150.8 13150.8 13150.8
0 0 1 0 0 1 0 0 0 0 0 4.7964e-09 -0 0 0 -0 0 0 0 0 0 0 0 0 0 0 0 0 0 1 13150.8 13150.8 13150.8 13150.8
0 0 1 0 0 1 0 0 0 0 0 3.22085e-10 -0 0 0 -0 0 0 0 0 0 0 0 0 0 0 0 0 0 1 13150.8 13150.8 13150.8 13150.8
0 0 1 0 0 1 0 0 0 0 0 3.22085e-10 -0 0 0 -0 0 0 0 0 0 0 0 0 0 0 0 0 0 1 13150.8 13150.8 13150.8 13150.8
0 0 1 0 0 1 0 0 0 0 0 -1.76675e-09 -0 0 0 -0 0 0 0 0 0 0 0 0 0 0 0 0 0 1 13150.8 13150.8 13150.8 13150.8
0 0 1 0 0 1 0 0 0 0 0 -3.95889e-09 -0 0 0 -0 0 0 0 0 0 0 0 0 0 0 0 0 0 1 13150.8 13150.8 13150.8 13150.8
0 0 1 0 0 1 0 0 0 0 0 -6.19293e-09 -0 0 0 -0 0 0 0 0 0 0 0 0 0 0 0 0 0 1 13150.8 13150.8 13150.8 13150.8
0 0 1 0 0 1 0 0 0 0 0 -9.82686e-10 -0 0 0 -0 0 0 0 0 0 0 0 0 0 0 0 0 0 1 13150.8 13150.8 13150.8 13150.8
0 0 1 0 0 1 0 0 0 0 0 4.21678e-09 -0 0 0 -0 0 0 0 0 0 0 0 0 0 0 0 0 0 1 13150.8 13150.8 13150.8 13150.8
0 0 1 0 0 1 0 0 0 0 0 2.13322e-09 -0 0 0 -0 0 0 0 0 0 0 0 0 0 0 0 0 0 1 13150.8 13150.8 13150.8 13150.8
0 0 1 0 0 1 0 0 0 0 0 -7.89703e-11 -0 0 0 -0 0 0 0 0 0 0 0 0 0 0 0 0 0 1 13150.8 13150.8 13150.8 13150.8
0 0 1 0 0 1 0 0 0 0 0 -2.31152e-09 -0 0 0 -0 0 0 0 0 0 0 0 0 0 0 0 0 0 1 13150.8 13150.8 13150.8 13150.8
0 0 1 0 0 1 0 0 0 0 0 -4.54827e-09 -0 0 0 -0 0 0 0 0 0 0 0 0 0 0 0 0 0 1 13150.8 13150.8 13150.8 13150.8
0 0 1 0 0 1 0 0 0 0 0 2.09296e-10 -0 0 0 -0 0 0 0 0 0 0 0 0 0 0 0 0 0 1 13150.8 13150.8 13150.8 13150.8
0 0 1 0 0 1 0 0 0 0 0 5.40713e-09 -0 0 0 -0 0 0 0 0 0 0 0 0 0 0 0 0 0 1 13150.8 13150.8 13150.8 13150.8
0 0 1 0 0 1 0 0 0 0 0 3.1679e-09 -0 0 0 -0 0 0 0 0 0 0 0 0 0 0 0 0 0 1 13150.8 13150.8 13150.8 13150.8
0 0 1 0 0 1 0 0 0 0 0 9.30388e-10 -0 0 0 -0 0 0 0 0 0 0 0 0 0 0 0 0 0 1 13150.8 13150.8 13150.8 13150.8
0 0 1 0 0 1 0 0 0 0 0 -1.10972e-09 -0 0 0 -0 0 0 0 0 0 0 0 0 0 0 0 0 0 1 13150.8 13150.8 13150.8 13150.8
0 0 1 0 0 1 0 0 0 0 0 -3.88438e-09 -0 0 0 -0 0 0 0 0 0 0 0 0 0 0 0 0 0 1 13150.8 13150.8 13150.8 13150.8
0 0 1 0 0 1 0 0 0 0 0 -5.58002e-09 -0 0 0 -0 0 0 0 0 0 0 0 0 0 0 0 0 0 1 13150.8 13150.8 13150.8 13150.8
0 0 1 0 0 1 0 0 0 0 0 -6.86869e-10 -0 0 0 -0 0 0 0 0 0 0 0 0 0 0 0 0 0 1 13150.8 13150.8 13150.8 13150.8
0 0 1 0 0 1 0 0 0 0 0 4.45708e-09 -0 0 0 -0 0 0 0 0 0 0 0 0 0 0 0 0 0 1 13150.8 13150.8 13150.8 13150.8
0 0 1 0 0 1 0 0 0 0 0 2.23067e-09 -0 0 0 -0 0 0 0 0 0 0 0 0 0 0 0 0 0 1 13150.8 13150.8 13150.8 13150.8
0 0 1 0 0 1 0 0 0 0 0 -1.24908e-11 -0 0 0 -0 0 0 0 0 0 0 0 0 0 0 0 0 0 1 13150.8 13150.8 13150.8 13150.8
0 0 1 0 0 1 0 0 0 0 0 -2.23648e-09 -0 0 0 -0 0 0 0 0 0 0 0 0 0 0 0 0 0 1 13150.8 13150.8 13150.8 13150.8
0 0 1 0 0 1 0 0 0 0 0 -4.27936e-09 -0 0 0 -0 0 0 0 0 0 0 0 0 0 0 0 0 0 1 13150.8 13150.8 13150.8 13150.8
0 0 1 0 0 1 0 0 0 0 0 9.23396e-10 -0 0 0 -0 0 0 0 0 0 0 0 0 0 0 0 0 0 1 13150.8 13150.8 13150.8 13150.8
0 0 1 0 0 1 0 0 0 0 0 6.13085e-09 -0 0 0 -0 0 0 0 0 0 0 0 0 0 0 0 0 0 1 13150.8 13150.8 13150.8 13150.8
0 0 1 0 0 1 0 0 0 0 0 3.88581e-09 -0 0 0 -0 0 0 0 0 0 0 0 0 0 0 0 0 0 1 13150.8 13150.8 13150.8 13150.8
0 0 1 0 0 1 0 0 0 0 0 1.83148e-09 -0 0 0 -0 0 0 0 0 0 0 0 0 0 0 0 0 0 1 13150.8 13150.8 13150.8 13150.8
0 0 1 0 0 1 0 0 0 0 0 -3.97116e-10 -0 0 0 -0 0 0 0 0 0 0 0 0 0 0 0 0 0 1 13150.8 13150.8 13150.8 13150.8
0 0 1 0 0 1 0 0 0 0 0 -2.66326e-09 -0 0 0 -0 0 0 0 0 0 0 0 0 0 0 0 0 0 1 13150.8 13150.8 13150.8 13150.8
0 0 1 0 0 1 0 0 0 0 0 2.49765e-09 -0 0 0 -0 0 0 0 0 0 0 0 0 0 0 0 0 0 1 13150.8 13150.8 13150.8 13150.8
0 0 1 0 0 1 0 0 0 0 0 4.94103e-10 -0 0 0 -0 0 0 0 0 0 0 0 0 0 0 0 0 0 1 13150.8 13150.8 13150.8 13150.8
0 0 1 0 0 1 0 0 0 0 0 -1.77117e-09 -0 0 0 -0 0 0 0 0 0 0 0 0 0 0 0 0 0 1 13150.8 13150.8 13150.8 13150.8
0 0 1 0 0 1 0 0 0 0 0 -4.01095e-09 -0 0 0 -0 0 0 0 0 0 0 0 0 0 0 0 0 0 1 13150.8 13150.8 13150.8 13150.8
0 0 1 0 0 1 0 0 0 0 0 -6.24343e-09 -0 0 0 -0 0 0 0 0 0 0 0 0 0 0 0 0 0 1 13150.8 13150.8 13150.8 13150.8
0 0 1 0 0 1 0 0 0 0 0 -1.47871e-09 -0 0 0 -0 0 0 0 0 0 0 0 0 0 0 0 0 0 1 13150.8 13150.8 13150.8 13150.8
0 0 1 0 0 1 0 0 0 0 0 3.73408e-09 -0 0 0 -0 0 0 0 0 0 0 0 0 0 0 0 0 0 1 13150.8 13150.8 13150.8 13150.8
0 0 1 0 0 1 0 0 0 0 0 9.99343e-10 -0 0 0 -0 0 0 0 0 0 0 0 0 0 0 0 0 0 1 13150.8 13150.8 13150.8 13150.8
0 0 1 0 0 1 0 0 0 0 0 -5.9465e-10 -0 0 0 -0 0 0 0 0 0 0 0 0 0 0 0 0 0 1 13150.8 13150.8 13150.8 13150.8
0 0 1 0 0 1 0 0 0 0 0 -2.77803e-09 -0 0 0 -0 0 0 0 0 0 0 0 0 0 0 0 0 0 1 13150.8 13150.8 13150.8 13150.8
0 0 1 0 0 1 0 0 0 0 0 2.44954e-09 -0 0 0 -0 0 0 0 0 0 0 0 0 0 0 0 0 0 1 13150.8 13150.8 13150.8 13150.8
0 0 1 0 0 1 0 0 0 0 0 2.14831e-10 -0 0 0 -0 0 0 0 0 0 0 0 0 0 0 0 0 0 1 13150.8 13150.8 13150.8 13150.8
0 0 1 0 0 1 0 0 0 0 0 -1.88153e-09 -0 0 0 -0 0 0 0 0 0 0 0 0 0 0 0 0 0 1 13150.8 13150.8 13150.8 13150.8
0 0 1 0 0 1 0 0 0 0 0 -4.09463e-09 -0 0 0 -0 0 0 0 0 0 0 0 0 0 0 0 0 0 1 13150.8 13150.8 13150.8 13150.8
0 0 1 0 0 1 0 0 0 0 0 1.0847e-09 -0 0 0 -0 0 0 0 0 0 0 0 0 0 0 0 0 0 1 13150.8 13150.8 13150.8 13150.8
0 0 1 0 0 1 0 0 0 0 0 -1.16164e-09 -0 0 0 -0 0 0 0 0 0 0 0 0 0 0 0 0 0 1 13150.8 13150.8 13150.8 13150.8
0 0 1 0 0 1 0 0 0 0 0 -3.39606e-09 -0 0 0 -0 0 0 0 0 0 0 0 0 0 0 0 0 0 1 13150.8 13150.8 13150.8 13150.8
0 0 1 0 0 1 0 0 0 0 0 1.36201e-09 -0 0 0 -0 0 0 0 0 0 0 0 0 0 0 0 0 0 1 13150.8 13150.8 13150.8 13150.8
0 0 1 0 0 1 0 0 0 0 0 -8.65892e-10 -0 0 0 -0 0 0 0 0 0 0 0 0 0 0 0 0 0 1 13150.8 13150.8 13150.8 13150.8
0 0 1 0 0 1 0 0 0 0 0 -3.10653e-09 -0 0 0 -0 0 0 0 0 0 0 0 0 0 0 0 0 0 1 13150.8 13150.8 13150.8 13150.8
0 0 1 0 0 1 0 0 0 0 0 1.75293e-09 -0 0 0 -0 0 0 0 0 0 0 0 0 0 0 0 0 0 1 13150.8 13150.8 13150.8 13150.8
0 0 1 0 0 1 0 0 0 0 0 -4.54387e-10 -0 0 0 -0 0 0 0 0 0 0 0 0 0 0 0 0 0 1 13150.8 13150.8 13150.8 13150.8
0 0 1 0 0 1 0 0 0 0 0 -2.67733e-09 -0 0 0 -0 0 0 0 0 0 0 0 0 0 0 0 0 0 1 13150.8 13150.8 13150.8 13150.8
0 0 1 0 0 1 0 0 0 0 0 2.55244e-09 -0 0 0 -0 0 0 0 0 0 0 0 0 0 0 0 0 0 1 13150.8 13150.8 13150.8 13150.8
0 0 1 0 0 1 0 0 0 0 0 4.69018e-10 -0 0 0 -0 0 0 0 0 0 0 0 0 0 0 0 0 0 1 13150.8 13150.8 13150.8 13150.8
0 0 1 0 0 1 0 0 0 0 0 -1.7352e-09 -0 0 0 -0 0 0 0 0 0 0 0 0 0 0 0 0 0 1 13150.8 13150.8 13150.8 13150.8
0 0 1 0 0 1 0 0 0 0 0 -3.97329e-09 -0 0 0 -0 0 0 0 0 0 0 0 0 0 0 0 0 0 1 13150.8 13150.8 13150.8 13150.8
0 0 1 0 0 1 0 0 0 0 0 1.23149e-09 -0 0 0 -0 0 0 0 0 0 0 0 0 0 0 0 0 0 1 13150.8 13150.8 13150.8 13150.8
0 0 1 0 0 1 0 0 0 0 0 -8.27105e-10 -0 0 0 -0 0 0 0 0 0 0 0 0 0 0 0 0 0 1 13150.8 13150.8 13150.8 13150.8
0 0 1 0 0 1 0 0 0 0 0 -3.03178e-09 -0 0 0 -0 0 0 0 0 0 0 0 0 0 0 0 0 0 1 13150.8 13150.8 13150.8 13150.8
0 0 1 0 0 1 0 0 0 0 0 2.1976e-09 -0 0 0 -0 0 0 0 0 0 0 0 0 0 0 0 0 0 1 13150.8 13150.8 13150.8 13150.8
0 0 1 0 0 1 0 0 0 0 0 -3.95895e-11 -0 0 0 -0 0 0 0 0 0 0 0 0 0 0 0 0 0 1 13150.8 13150.8 13150.8 13150.8
0 0 1 0 0 1 0 0 0 0 0 -2.26766e-09 -0 0 0 -0 0 0 0 0 0 0 0 0 0 0 0 0 0 1 13150.8 13150.8 13150.8 13150.8
0 0 1 0 0 1 0 0 0 0 0 2.526e-09 -0 0 0 -0 0 0 0 0 0 0 0 0 0 0 0 0 0 1 13150.8 13150.8 13150.8 13150.8
0 0 1 0 0 1 0 0 0 0 0 2.70343e-10 -0 0 0 -0 0 0 0 0 0 0 0 0 0 0 0 0 0 1 13150.8 13150.8 13150.8 13150.8
0 0 1 0 0 1 0 0 0 0 0 -1.92802e-09 -0 0 0 -0 0 0 0 0 0 0 0 0 0 0 0 0 0 1 13150.8 13150.8 13150.8 13150.8
0 0 1 0 0 1 0 0 0 0 0 -4.18322e-09 -0 0 0 -0 0 0 0 0 0 0 0 0 0 0 0 0 0 1 13150.8 13150.8 13150.8 13150.8
0 0 1 0 0 1 0 0 0 0 0 -6.25323e-09 -0 0 0 -0 0 0 0 0 0 0 0 0 0 0 0 0 0 1 13150.8 13150.8 13150.8 13150.8
0 0 1 0 0 1 0 0 0 0 0 -1.12274e-09 -0 0 0 -0 0 0 0 0 0 0 0 0 0 0 0 0 0 1 13150.8 13150.8 13150.8 13150.8
0 0 1 0 0 1 0 0 0 0 0 -3.35575e-09 -0 0 0 -0 0 0 0 0 0 0 0 0 0 0 0 0 0 1 13150.8 13150.8 13150.8 13150.8
0 0 1 0 0 1 0 0 0 0 0 1.90182e-09 -0 0 0 -0 0 0 0 0 0 0 0 0 0 0 0 0 0 1 13150.8 13150.8 13150.8 13150.8
0 0 1 0 0 1 0 0 0 0 0 -1.30854e-10 -0 0 0 -0 0 0 0 0 0 0 0 0 0 0 0 0 0 1 13150.8 13150.8 13150.8 13150.8
0 0 1 0 0 1 0 0 0 0 0 -2.36834e-09 -0 0 0 -0 0 0 0 0 0 0 0 0 0 0 0 0 0 1 13150.8 13150.8 13150.8 13150.8
0 0 1 0 0 1 0 0 0 0 0 2.82583e-09 -0 0 0 -0 0 0 0 0 0 0 0 0 0 0 0 0 0 1 13150.8 13150.8 13150.8 13150.8
0 0 1 0 0 1 0 0 0 0 0 5.91524e-10 -0 0 0 -0 0 0 0 0 0 0 0 0 0 0 0 0 0 1 13150.8 13150.8 13150.8 13150.8
0 0 1 0 0 1 0 0 0 0 0 -1.45194e-09 -0 0 0 -0 0 0 0 0 0 0 0 0 0 0 0 0 0 1 13150.8 13150.8 13150.8 13150.8
0 0 1 0 0 1 0 0 0 0 0 -3.68943e-09 -0 0 0 -0 0 0 0 0 0 0 0 0 0 0 0 0 0 1 13150.8 13150.8 13150.8 13150.8
0 0 1 0 0 1 0 0 0 0 0 1.58194e-09 -0 0 0 -0 0 0 0 0 0 0 0 0 0 0 0 0 0 1 13150.8 13150.8 13150.8 13150.8
0 0 1 0 0 1 0 0 0 0 0 -4.67579e-10 -0 0 0 -0 0 0 0 0 0 0 0 0 0 0 0 0 0 1 13150.8 13150.8 13150.8 13150.8
0 0 1 0 0 1 0 0 0 0 0 -2.68442e-09 -0 0 0 -0 0 0 0 0 0 0 0 0 0 0 0 0 0 1 13150.8 13150.8 13150.8 13150.8
0 0 1 0 0 1 0 0 0 0 0 2.50884e-09 -0 0 0 -0 0 0 0 0 0 0 0 0 0 0 0 0 0 1 13150.8 13150.8 13150.8 13150.8
0 0 1 0 0 1 0 0 0 0 0 2.64513e-10 -0 0 0 -0 0 0 0 0 0 0 0 0 0 0 0 0 0 1 13150.8 13150.8 13150.8 13150.8
0 0 1 0 0 1 0 0 0 0 0 -1.81954e-09 -0 0 0 -0 0 0 0 0 0 0 0 0 0 0 0 0 0 1 13150.8 13150.8 13150.8 13150.8
0 0 1 0 0 1 0 0 0 0 0 3.27242e-09 -0 0 0 -0 0 0 0 0 0 0 0 0 0 0 0 0 0 1 13150.8 13150.8 13150.8 13150.8
0 0 1 0 0 1 0 0 0 0 0 1.03532e-09 -0 0 0 -0 0 0 0 0 0 0 0 0 0 0 0 0 0 1 13150.8 13150.8 13150.8 13150.8
0 0 1 0 0 1 0 0 0 0 0 -1.17063e-09 -0 0 0 -0 0 0 0 0 0 0 0 0 0 0 0 0 0 1 13150.8 13150.8 13150.8 13150.8
0 0 1 0 0 1 0 0 0 0 0 -3.44675e-09 -0 0 0 -0 0 0 0 0 0 0 0 0 0 0 0 0 0 1 13150.8 13150.8 13150.8 13150.8
0 0 1 0 0 1 0 0 0 0 0 1.31698e-09 -0 0 0 -0 0 0 0 0 0 0 0 0 0 0 0 0 0 1 13150.8 13150.8 13150.8 13150.8
0 0 1 0 0 1 0 0 0 0 0 -9.25981e-10 -0 0 0 -0 0 0 0 0 0 0 0 0 0 0 0 0 0 1 13150.8 13150.8 13150.8 13150.8
0 0 1 0 0 1 0 0 0 0 0 -3.14985e-09 -0 0 0 -0 0 0 0 0 0 0 0 0 0 0 0 0 0 1 13150.8 13150.8 13150.8 13150.8
0 0 1 0 0 1 0 0 0 0 0 2.0866e-09 -0 0 0 -0 0 0 0 0 0 0 0 0 0 0 0 0 0 1 13150.8 13150.8 13150.8 13150.8
0 0 1 0 0 1 0 0 0 0 0 4.876e-11 -0 0 0 -0 0 0 0 0 0 0 0 0 0 0 0 0 0 1 13150.8 13150.8 13150.8 13150.8
0 0 1 0 0 1 0 0 0 0 0 -2.18264e-09 -0 0 0 -0 0 0 0 0 0 0 0 0 0 0 0 0 0 1 13150.8 13150.8 13150.8 13150.8
0 0 1 0 0 1 0 0 0 0 0 3.01603e-09 -0 0 0 -0 0 0 0 0 0 0 0 0 0 0 0 0 0 1 13150.8 13150.8 13150.8 13150.8
0 0 1 0 0 1 0 0 0 0 0 7.51054e-10 -0 0 0 -0 0 0 0 0 0 0 0 0 0 0 0 0 0 1 13150.8 13150.8 13150.8 13150.8
0 0 1 0 0 1 0 0 0 0 0 -1.2867e-09 -0 0 0 -0 0 0 0 0 0 0 0 0 0 0 0 0 0 1 13150.8 13150.8 13150.8 13150.8
0 0 1 0 0 1 0 0 0 0 0 -3.51047e-09 -0 0 0 -0 0 0 0 0 0 0 0 0 0 0 0 0 0 1 13150.8 13150.8 13150.8 13150.8
0 0 1 0 0 1 0 0 0 0 0 1.70206e-09 -0 0 0 -0 0 0 0 0 0 0 0 0 0 0 0 0 0 1 13150.8 13150.8 13150.8 13150.8
0 0 1 0 0 1 0 0 0 0 0 -5.3359e-10 -0 0 0 -0 0 0 0 0 0 0 0 0 0 0 0 0 0 1 13150.8 13150.8 13150.8 13150.8
0 0 1 0 0 1 0 0 0 0 0 -2.82639e-09 -0 0 0 -0 0 0 0 0 0 0 0 0 0 0 0 0 0 1 13150.8 13150.8 13150.8 13150.8
0 0 1 0 0 1 0 0 0 0 0 1.78087e-09 -0 0 0 -0 0 0 0 0 0 0 0 0 0 0 0 0 0 1 13150.8 13150.8 13150.8 13150.8
0 0 1 0 0 1 0 0 0 0 0 -4.63476e-10 -0 0 0 -0 0 0 0 0 0 0 0 0 0 0 0 0 0 1 13150.8 13150.8 13150.8 13150.8
0 0 1 0 0 1 0 0 0 0 0 -2.52312e-09 -0 0 0 -0 0 0 0 0 0 0 0 0 0 0 0 0 0 1 13150.8 13150.8 13150.8 13150.8
0 0 1 0 0 1 0 0 0 0 0 2.63967e-09 -0 0 0 -0 0 0 0 0 0 0 0 0 0 0 0 0 0 1 13150.8 13150.8 13150.8 13150.8
0 0 1 0 0 1 0 0 0 0 0 3.89883e-10 -0 0 0 -0 0 0 0 0 0 0 0 0 0 0 0 0 0 1 13150.8 13150.8 13150.8 13150.8
0 0 1 0 0 1 0 0 0 0 0 -1.79825e-09 -0 0 0 -0 0 0 0 0 0 0 0 0 0 0 0 0 0 1 13150.8 13150.8 13150.8 13150.8
0 0 1 0 0 1 0 0 0 0 0 3.50293e-09 -0 0 0 -0 0 0 0 0 0 0 0 0 0 0 0 0 0 1 13150.8 13150.8 13150.8 13150.8
0 0 1 0 0 1 0 0 0 0 0 1.44086e-09 -0 0 0 -0 0 0 0 0 0 0 0 0 0 0 0 0 0 1 13150.8 13150.8 13150.8 13150.8
0 0 1 0 0 1 0 0 0 0 0 -7.787e-10 -0 0 0 -0 0 0 0 0 0 0 0 0 0 0 0 0 0 1 13150.8 13150.8 13150.8 13150.8
0 0 1 0 0 1 0 0 0 0 0 -3.03368e-09 -0 0 0 -0 0 0 0 0 0 0 0 0 0 0 0 0 0 1 13150.8 13150.8 13150.8 13150.8
0 0 1 0 0 1 0 0 0 0 0 2.15333e-09 -0 0 0 -0 0 0 0 0 0 0 0 0 0 0 0 0 0 1 13150.8 13150.8 13150.8 13150.8
0 0 1 0 0 1 0 0 0 0 0 9.88265e-11 -0 0 0 -0 0 0 0 0 0 0 0 0 0 0 0 0 0 1 13150.8 13150.8 13150.8 13150.8
0 0 1 0 0 1 0 0 0 0 0 -2.12536e-09 -0 0 0 -0 0 0 0 0 0 0 0 0 0 0 0 0 0 1 13150.8 13150.8 13150.8 13150.8
0 0 1 0 0 1 0 0 0 0 0 3.11449e-09 -0 0 0 -0 0 0 0 0 0 0 0 0 0 0 0 0 0 1 13150.8 13150.8 13150.8 13150.8
0 0 1 0 0 1 0 0 0 0 0 8.79154e-10 -0 0 0 -0 0 0 0 0 0 0 0 0 0 0 0 0 0 1 13150.8 13150.8 13150.8 13150.8
0 0 1 0 0 1 0 0 0 0 0 -1.15237e-09 -0 0 0 -0 0 0 0 0 0 0 0 0 0 0 0 0 0 1 13150.8 13150.8 13150.8 13150.8
0 0 1 0 0 1 0 0 0 0 0 -3.41807e-09 -0 0 0 -0 0 0 0 0 0 0 0 0 0 0 0 0 0 1 13150.8 13150.8 13150.8 13150.8
0 0 1 0 0 1 0 0 0 0 0 1.75661e-09 -0 0 0 -0 0 0 0 0 0 0 0 0 0 0 0 0 0 1 13150.8 13150.8 13150.8 13150.8
0 0 1 0 0 1 0 0 0 0 0 -4.80675e-10 -0 0 0 -0 0 0 0 0 0 0 0 0 0 0 0 0 0 1 13150.8 13150.8 13150.8 13150.8
0 0 1 0 0 1 0 0 0 0 0 -2.53267e-09 -0 0 0 -0 0 0 0 0 0 0 0 0 0 0 0 0 0 1 13150.8 13150.8 13150.8 13150.8
0 0 1 0 0 1 0 0 0 0 0 3.15984e-09 -0 0 0 -0 0 0 0 0 0 0 0 0 0 0 0 0 0 1 13150.8 13150.8 13150.8 13150.8
0 0 1 0 0 1 0 0 0 0 0 1.15684e-09 -0 0 0 -0 0 0 0 0 0 0 0 0 0 0 0 0 0 1 13150.8 13150.8 13150.8 13150.8
0 0 1 0 0 1 0 0 0 0 0 -9.46869e-10 -0 0 0 -0 0 0 0 0 0 0 0 0 0 0 0 0 0 1 13150.8 13150.8 13150.8 13150.8
0 0 1 0 0 1 0 0 0 0 0 -3.13548e-09 -0 0 0 -0 0 0 0 0 0 0 0 0 0 0 0 0 0 1 13150.8 13150.8 13150.8 13150.8
0 0 1 0 0 1 0 0 0 0 0 2.12813e-09 -0 0 0 -0 0 0 0 0 0 0 0 0 0 0 0 0 0 1 13150.8 13150.8 13150.8 13150.8
0 0 1 0 0 1 0 0 0 0 0 -4.66171e-11 -0 0 0 -0 0 0 0 0 0 0 0 0 0 0 0 0 0 1 13150.8 13150.8 13150.8 13150.8
0 0 1 0 0 1 0 0 0 0 0 -2.33422e-09 -0 0 0 -0 0 0 0 0 0 0 0 0 0 0 0 0 0 1 13150.8 13150.8 13150.8 13150.8
0 0 1 0 0 1 0 0 0 0 0 2.42651e-09 -0 0 0 -0 0 0 0 0 0 0 0 0 0 0 0 0 0 1 13150.8 13150.8 13150.8 13150.8
0 0 1 0 0 1 0 0 0 0 0 1.93137e-10 -0 0 0 -0 0 0 0 0 0 0 0 0 0 0 0 0 0 1 13150.8 13150.8 13150.8 13150.8
0 0 1 0 0 1 0 0 0 0 0 -2.05429e-09 -0 0 0 -0 0 0 0 0 0 0 0 0 0 0 0 0 0 1 13150.8 13150.8 13150.8 13150.8
0 0 1 0 0 1 0 0 0 0 0 3.126e-09 -0 0 0 -0 0 0 0 0 0 0 0 0 0 0 0 0 0 1 13150.8 13150.8 13150.8 13150.8
0 0 1 0 0 1 0 0 0 0 0 1.04754e-09 -0 0 0 -0 0 0 0 0 0 0 0 0 0 0 0 0 0 1 13150.8 13150.8 13150.8 13150.8
0 0 1 0 0 1 0 0 0 0 0 -1.15986e-09 -0 0 0 -0 0 0 0 0 0 0 0 0 0 0 0 0 0 1 13150.8 13150.8 13150.8 13150.8
0 0 1 0 0 1 0 0 0 0 0 -3.39996e-09 -0 0 0 -0 0 0 0 0 0 0 0 0 0 0 0 0 0 1 13150.8 13150.8 13150.8 13150.8
0 0 1 0 0 1 0 0 0 0 0 1.82031e-09 -0 0 0 -0 0 0 0 0 0 0 0 0 0 0 0 0 0 1 13150.8 13150.8 13150.8 13150.8
0 0 1 0 0 1 0 0 0 0 0 -2.29244e-10 -0 0 0 -0 0 0 0 0 0 0 0 0 0 0 0 0 0 1 13150.8 13150.8 13150.8 13150.8
0 0 1 0 0 1 0 0 0 0 0 -2.46089e-09 -0 0 0 -0 0 0 0 0 0 0 0 0 0 0 0 0 0 1 13150.8 13150.8 13150.8 13150.8
0 0 1 0 0 1 0 0 0 0 0 2.77043e-09 -0 0 0 -0 0 0 0 0 0 0 0 0 0 0 0 0 0 1 13150.8 13150.8 13150.8 13150.8
0 0 1 0 0 1 0 0 0 0 0 5.47906e-10 -0 0 0 -0 0 0 0 0 0 0 0 0 0 0 0 0 0 1 13150.8 13150.8 13150.8 13150.8
0 0 1 0 0 1 0 0 0 0 0 -1.506e-09 -0 0 0 -0 0 0 0 0 0 0 0 0 0 0 0 0 0 1 13150.8 13150.8 13150.8 13150.8
0 0 1 0 0 1 0 0 0 0 0 -3.7539e-09 -0 0 0 -0 0 0 0 0 0 0 0 0 0 0 0 0 0 1 13150.8 13150.8 13150.8 13150.8
0 0 1 0 0 1 0 0 0 0 0 1.40968e-09 -0 0 0 -0 0 0 0 0 0 0 0 0 0 0 0 0 0 1 13150.8 13150.8 13150.8 13150.8
0 0 1 0 0 1 0 0 0 0 0 -6.77712e-10 -0 0 0 -0 0 0 0 0 0 0 0 0 0 0 0 0 0 1 13150.8 13150.8 13150.8 13150.8
0 0 1 0 0 1 0 0 0 0 0 -2.86917e-09 -0 0 0 -0 0 0 0 0 0 0 0 0 0 0 0 0 0 1 13150.8 13150.8 13150.8 13150.8
0 0 1 0 0 1 0 0 0 0 0 2.33226e-09 -0 0 0 -0 0 0 0 0 0 0 0 0 0 0 0 0 0 1 13150.8 13150.8 13150.8 13150.8
0 0 1 0 0 1 0 0 0 0 0 1.50732e-10 -0 0 0 -0 0 0 0 0 0 0 0 0 0 0 0 0 0 1 13150.8 13150.8 13150.8 13150.8
0 0 1 0 0 1 0 0 0 0 0 -2.13838e-09 -0 0 0 -0 0 0 0 0 0 0 0 0 0 0 0 0 0 1 13150.8 13150.8 13150.8 13150.8
0 0 1 0 0 1 0 0 0 0 0 2.60725e-09 -0 0 0 -0 0 0 0 0 0 0 0 0 0 0 0 0 0 1 13150.8 13150.8 13150.8 13150.8
0 0 1 0 0 1 0 0 0 0 0 3.70126e-10 -0 0 0 -0 0 0 0 0 0 0 0 0 0 0 0 0 0 1 13150.8 13150.8 13150.8 13150.8
0 0 1 0 0 1 0 0 0 0 0 -1.88775e-09 -0 0 0 -0 0 0 0 0 0 0 0 0 0 0 0 0 0 1 13150.8 13150.8 13150.8 13150.8
0 0 1 0 0 1 0 0 0 0 0 3.29308e-09 -0 0 0 -0 0 0 0 0 0 0 0 0 0 0 0 0 0 1 13150.8 13150.8 13150.8 13150.8
0 0 1 0 0 1 0 0 0 0 0 1.24481e-09 -0 0 0 -0 0 0 0 0 0 0 0 0 0 0 0 0 0 1 13150.8 13150.8 13150.8 13150.8
0 0 1 0 0 1 0 0 0 0 0 -9.85422e-10 -0 0 0 -0 0 0 0 0 0 0 0 0 0 0 0 0 0 1 13150.8 13150.8 13150.8 13150.8
0 0 1 0 0 1 0 0 0 0 0 -3.22356e-09 -0 0 0 -0 0 0 0 0 0 0 0 0 0 0 0 0 0 1 13150.8 13150.8 13150.8 13150.8
0 0 1 0 0 1 0 0 0 0 0 1.98041e-09 -0 0 0 -0 0 0 0 0 0 0 0 0 0 0 0 0 0 1 13150.8 13150.8 13150.8 13150.8
0 0 1 0 0 1 0 0 0 0 0 -7.7367e-11 -0 0 0 -0 0 0 0 0 0 0 0 0 0 0 0 0 0 1 13150.8 13150.8 13150.8 13150.8
0 0 1 0 0 1 0 0 0 0 0 -2.31316e-09 -0 0 0 -0 0 0 0 0 0 0 0 0 0 0 0 0 0 1 13150.8 13150.8 13150.8 13150.8
0 0 1 0 0 1 0 0 0 0 0 2.88627e-09 -0 0 0 -0 0 0 0 0 0 0 0 0 0 0 0 0 0 1 13150.8 13150.8 13150.8 13150.8
0 0 1 0 0 1 0 0 0 0 0 6.42064e-10 -0 0 0 -0 0 0 0 0 0 0 0 0 0 0 0 0 0 1 13150.8 13150.8 13150.8 13150.8
0 0 1 0 0 1 0 0 0 0 0 -1.40839e-09 -0 0 0 -0 0 0 0 0 0 0 0 0 0 0 0 0 0 1 13150.8 13150.8 13150.8 13150.8
0 0 1 0 0 1 0 0 0 0 0 -3.64028e-09 -0 0 0 -0 0 0 0 0 0 0 0 0 0 0 0 0 0 1 13150.8 13150.8 13150.8 13150.8
0 0 1 0 0 1 0 0 0 0 0 1.55568e-09 -0 0 0 -0 0 0 0 0 0 0 0 0 0 0 0 0 0 1 13150.8 13150.8 13150.8 13150.8
0 0 1 0 0 1 0 0 0 0 0 -5.50685e-10 -0 0 0 -0 0 0 0 0 0 0 0 0 0 0 0 0 0 1 13150.8 13150.8 13150.8 13150.8
0 0 1 0 0 1 0 0 0 0 0 -2.72358e-09 -0 0 0 -0 0 0 0 0 0 0 0 0 0 0 0 0 0 1 13150.8 13150.8 13150.8 13150.8
0 0 1 0 0 1 0 0 0 0 0 2.49808e-09 -0 0 0 -0 0 0 0 0 0 0 0 0 0 0 0 0 0 1 13150.8 13150.8 13150.8 13150.8
0 0 1 0 0 1 0 0 0 0 0 3.28063e-10 -0 0 0 -0 0 0 0 0 0 0 0 0 0 0 0 0 0 1 13150.8 13150.8 13150.8 13150.8
0 0 1 0 0 1 0 0 0 0 0 -1.84917e-09 -0 0 0 -0 0 0 0 0 0 0 0 0 0 0 0 0 0 1 13150.8 13150.8 13150.8 13150.8
0 0 1 0 0 1 0 0 0 0 0 3.19796e-09 -0 0 0 -0 0 0 0 0 0 0 0 0 0 0 0 0 0 1 13150.8 13150.8 13150.8 13150.8
0 0 1 0 0 1 0 0 0 0 0 9.58768e-10 -0 0 0 -0 0 0 0 0 0 0 0 0 0 0 0 0 0 1 13150.8 13150.8 13150.8 13150.8
0 0 1 0 0 1 0 0 0 0 0 -1.29078e-09 -0 0 0 -0 0 0 0 0 0 0 0 0 0 0 0 0 0 1 13150.8 13150.8 13150.8 13150.8
0 0 1 0 0 1 0 0 0 0 0 -3.51482e-09 -0 0 0 -0 0 0 0 0 0 0 0 0 0 0 0 0 0 1 13150.8 13150.8 13150.8 13150.8
0 0 1 0 0 1 0 0 0 0 0 1.24654e-09 -0 0 0 -0 0 0 0 0 0 0 0 0 0 0 0 0 0 1 13150.8 13150.8 13150.8 13150.8
0 0 1 0 0 1 0 0 0 0 0 -1.0005e-09 -0 0 0 -0 0 0 0 0 0 0 0 0 0 0 0 0 0 1 13150.8 13150.8 13150.8 13150.8
0 0 1 0 0 1 0 0 0 0 0 -3.23292e-09 -0 0 0 -0 0 0 0 0 0 0 0 0 0 0 0 0 0 1 13150.8 13150.8 13150.8 13150.8
0 0 1 0 0 1 0 0 0 0 0 2.04313e-09 -0 0 0 -0 0 0 0 0 0 0 0 0 0 0 0 0 0 1 13150.8 13150.8 13150.8 13150.8
0 0 1 0 0 1 0 0 0 0 0 2.51328e-11 -0 0 0 -0 0 0 0 0 0 0 0 0 0 0 0 0 0 1 13150.8 13150.8 13150.8 13150.8
0 0 1 0 0 1 0 0 0 0 0 -2.21626e-09 -0 0 0 -0 0 0 0 0 0 0 0 0 0 0 0 0 0 1 13150.8 13150.8 13150.8 13150.8
0 0 1 0 0 1 0 0 0 0 0 2.98966e-09 -0 0 0 -0 0 0 0 0 0 0 0 0 0 0 0 0 0 1 13150.8 13150.8 13150.8 13150.8
0 0 1 0 0 1 0 0 0 0 0 7.64976e-10 -0 0 0 -0 0 0 0 0 0 0 0 0 0 0 0 0 0 1 13150.8 13150.8 13150.8 13150.8
0 0 1 0 0 1 0 0 0 0 0 -1.29764e-09 -0 0 0 -0 0 0 0 0 0 0 0 0 0 0 0 0 0 1 13150.8 13150.8 13150.8 13150.8
0 0 1 0 0 1 0 0 0 0 0 -3.52316e-09 -0 0 0 -0 0 0 0 0 0 0 0 0 0 0 0 0 0 1 13150.8 13150.8 13150.8 13150.8
0 0 1 0 0 1 0 0 0 0 0 1.74862e-09 -0 0 0 -0 0 0 0 0 0 0 0 0 0 0 0 0 0 1 13150.8 13150.8 13150.8 13150.8
0 0 1 0 0 1 0 0 0 0 0 -4.78279e-10 -0 0 0 -0 0 0 0 0 0 0 0 0 0 0 0 0 0 1 13150.8 13150.8 13150.8 13150.8
0 0 1 0 0 1 0 0 0 0 0 -2.51256e-09 -0 0 0 -0 0 0 0 0 0 0 0 0 0 0 0 0 0 1 13150.8 13150.8 13150.8 13150.8
0 0 1 0 0 1 0 0 0 0 0 2.79525e-09 -0 0 0 -0 0 0 0 0 0 0 0 0 0 0 0 0 0 1 13150.8 13150.8 13150.8 13150.8
0 0 1 0 0 1 0 0 0 0 0 6.70007e-10 -0 0 0 -0 0 0 0 0 0 0 0 0 0 0 0 0 0 1 13150.8 13150.8 13150.8 13150.8
0 0 1 0 0 1 0 0 0 0 0 -1.49476e-09 -0 0 0 -0 0 0 0 0 0 0 0 0 0 0 0 0 0 1 13150.8 13150.8 13150.8 13150.8
0 0 1 0 0 1 0 0 0 0 0 -3.68805e-09 -0 0 0 -0 0 0 0 0 0 0 0 0 0 0 0 0 0 1 13150.8 13150.8 13150.8 13150.8
0 0 1 0 0 1 0 0 0 0 0 1.55022e-09 -0 0 0 -0 0 0 0 0 0 0 0 0 0 0 0 0 0 1 13150.8 13150.8 13150.8 13150.8
0 0 1 0 0 1 0 0 0 0 0 -6.64131e-10 -0 0 0 -0 0 0 0 0 0 0 0 0 0 0 0 0 0 1 13150.8 13150.8 13150.8 13150.8
0 0 1 0 0 1 0 0 0 0 0 -2.89816e-09 -0 0 0 -0 0 0 0 0 0 0 0 0 0 0 0 0 0 1 13150.8 13150.8 13150.8 13150.8
0 0 1 0 0 1 0 0 0 0 0 1.86266e-09 -0 0 0 -0 0 0 0 0 0 0 0 0 0 0 0 0 0 1 13150.8 13150.8 13150.8 13150.8
0 0 1 0 0 1 0 0 0 0 0 -3.65924e-10 -0 0 0 -0 0 0 0 0 0 0 0 0 0 0 0 0 0 1 13150.8 13150.8 13150.8 13150.8
0 0 1 0 0 1 0 0 0 0 0 -2.6233e-09 -0 0 0 -0 0 0 0 0 0 0 0 0 0 0 0 0 0 1 13150.8 13150.8 13150.8 13150.8
0 0 1 0 0 1 0 0 0 0 0 2.63364e-09 -0 0 0 -0 0 0 0 0 0 0 0 0 0 0 0 0 0 1 13150.8 13150.8 13150.8 13150.8
0 0 1 0 0 1 0 0 0 0 0 5.96062e-10 -0 0 0 -0 0 0 0 0 0 0 0 0 0 0 0 0 0 1 13150.8 13150.8 13150.8 13150.8
0 0 1 0 0 1 0 0 0 0 0 -1.62307e-09 -0 0 0 -0 0 0 0 0 0 0 0 0 0 0 0 0 0 1 13150.8 13150.8 13150.8 13150.8
0 0 1 0 0 1 0 0 0 0 0 3.60442e-09 -0 0 0 -0 0 0 0 0 0 0 0 0 0 0 0 0 0 1 13150.8 13150.8 13150.8 13150.8
0 0 1 0 0 1 0 0 0 0 0 1.33663e-09 -0 0 0 -0 0 0 0 0 0 0 0 0 0 0 0 0 0 1 13150.8 13150.8 13150.8 13150.8
0 0 1 0 0 1 0 0 0 0 0 -6.86075e-10 -0 0 0 -0 0 0 0 0 0 0 0 0 0 0 0 0 0 1 13150.8 13150.8 13150.8 13150.8
0 0 1 0 0 1 0 0 0 0 0 -2.93027e-09 -0 0 0 -0 0 0 0 0 0 0 0 0 0 0 0 0 0 1 13150.8 13150.8 13150.8 13150.8
0 0 1 0 0 1 0 0 0 0 0 2.24641e-09 -0 0 0 -0 0 0 0 0 0 0 0 0 0 0 0 0 0 1 13150.8 13150.8 13150.8 13150.8
0 0 1 0 0 1 0 0 0 0 0 1.49431e-10 -0 0 0 -0 0 0 0 0 0 0 0 0 0 0 0 0 0 1 13150.8 13150.8 13150.8 13150.8
0 0 1 0 0 1 0 0 0 0 0 -2.27151e-09 -0 0 0 -0 0 0 0 0 0 0 0 0 0 0 0 0 0 1 13150.8 13150.8 13150.8 13150.8
0 0 1 0 0 1 0 0 0 0 0 2.38888e-09 -0 0 0 -0 0 0 0 0 0 0 0 0 0 0 0 0 0 1 13150.8 13150.8 13150.8 13150.8
0 0 1 0 0 1 0 0 0 0 0 2.40088e-10 -0 0 0 -0 0 0 0 0 0 0 0 0 0 0 0 0 0 1 13150.8 13150.8 13150.8 13150.8
0 0 1 0 0 1 0 0 0 0 0 -1.9367e-09 -0 0 0 -0 0 0 0 0 0 0 0 0 0 0 0 0 0 1 13150.8 13150.8 13150.8 13150.8
0 0 1 0 0 1 0 0 0 0 0 3.16954e-09 -0 0 0 -0 0 0 0 0 0 0 0 0 0 0 0 0 0 1 13150.8 13150.8 13150.8 13150.8
0 0 1 0 0 1 0 0 0 0 0 9.42574e-10 -0 0 0 -0 0 0 0 0 0 0 0 0 0 0 0 0 0 1 13150.8 13150.8 13150.8 13150.8
0 0 1 0 0 1 0 0 0 0 0 -1.28645e-09 -0 0 0 -0 0 0 0 0 0 0 0 0 0 0 0 0 0 1 13150.8 13150.8 13150.8 13150.8
0 0 1 0 0 1 0 0 0 0 0 -3.54921e-09 -0 0 0 -0 0 0 0 0 0 0 0 0 0 0 0 0 0 1 13150.8 13150.8 13150.8 13150.8
0 0 1 0 0 1 0 0 0 0 0 1.19762e-09 -0 0 0 -0 0 0 0 0 0 0 0 0 0 0 0 0 0 1 13150.8 13150.8 13150.8 13150.8
0 0 1 0 0 1 0 0 0 0 0 -1.03245e-09 -0 0 0 -0 0 0 0 0 0 0 0 0 0 0 0 0 0 1 13150.8 13150.8 13150.8 13150.8
0 0 1 0 0 1 0 0 0 0 0 -3.26973e-09 -0 0 0 -0 0 0 0 0 0 0 0 0 0 0 0 0 0 1 13150.8 13150.8 13150.8 13150.8
0 0 1 0 0 1 0 0 0 0 0 1.93548e-09 -0 0 0 -0 0 0 0 0 0 0 0 0 0 0 0 0 0 1 13150.8 13150.8 13150.8 13150.8
0 0 1 0 0 1 0 0 0 0 0 -1.34489e-10 -0 0 0 -0 0 0 0 0 0 0 0 0 0 0 0 0 0 1 13150.8 13150.8 13150.8 13150.8
0 0 1 0 0 1 0 0 0 0 0 -2.34709e-09 -0 0 0 -0 0 0 0 0 0 0 0 0 0 0 0 0 0 1 13150.8 13150.8 13150.8 13150.8
0 0 1 0 0 1 0 0 0 0 0 2.88907e-09 -0 0 0 -0 0 0 0 0 0 0 0 0 0 0 0 0 0 1 13150.8 13150.8 13150.8 13150.8
0 0 1 0 0 1 0 0 0 0 0 6.54768e-10 -0 0 0 -0 0 0 0 0 0 0 0 0 0 0 0 0 0 1 13150.8 13150.8 13150.8 13150.8
0 0 1 0 0 1 0 0 0 0 0 -1.34794e-09 -0 0 0 -0 0 0 0 0 0 0 0 0 0 0 0 0 0 1 13150.8 13150.8 13150.8 13150.8
0 0 1 0 0 1 0 0 0 0 0 -3.6212e-09 -0 0 0 -0 0 0 0 0 0 0 0 0 0 0 0 0 0 1 13150.8 13150.8 13150.8 13150.8
0 0 1 0 0 1 0 0 0 0 0 1.6516e-09 -0 0 0 -0 0 0 0 0 0 0 0 0 0 0 0 0 0 1 13150.8 13150.8 13150.8 13150.8
0 0 1 0 0 1 0 0 0 0 0 -5.75153e-10 -0 0 0 -0 0 0 0 0 0 0 0 0 0 0 0 0 0 1 13150.8 13150.8 13150.8 13150.8
0 0 1 0 0 1 0 0 0 0 0 -2.60983e-09 -0 0 0 -0 0 0 0 0 0 0 0 0 0 0 0 0 0 1 13150.8 13150.8 13150.8 13150.8
0 0 1 0 0 1 0 0 0 0 0 3.33883e-09 -0 0 0 -0 0 0 0 0 0 0 0 0 0 0 0 0 0 1 13150.8 13150.8 13150.8 13150.8
0 0 1 0 0 1 0 0 0 0 0 1.5325e-09 -0 0 0 -0 0 0 0 0 0 0 0 0 0 0 0 0 0 1 13150.8 13150.8 13150.8 13150.8
0 0 1 0 0 1 0 0 0 0 0 -6.77935e-10 -0 0 0 -0 0 0 0 0 0 0 0 0 0 0 0 0 0 1 13150.8 13150.8 13150.8 13150.8
0 0 1 0 0 1 0 0 0 0 0 -2.86148e-09 -0 0 0 -0 0 0 0 0 0 0 0 0 0 0 0 0 0 1 13150.8 13150.8 13150.8 13150.8
0 0 1 0 0 1 0 0 0 0 0 -5.10431e-09 -0 0 0 -0 0 0 0 0 0 0 0 0 0 0 0 0 0 1 13150.8 13150.8 13150.8 13150.8
0 0 1 0 0 1 0 0 0 0 0 1.04501e-10 -0 0 0 -0 0 0 0 0 0 0 0 0 0 0 0 0 0 1 13150.8 13150.8 13150.8 13150.8
0 0 1 0 0 1 0 0 0 0 0 5.34886e-09 -0 0 0 -0 0 0 0 0 0 0 0 0 0 0 0 0 0 1 13150.8 13150.8 13150.8 13150.8
0 0 1 0 0 1 0 0 0 0 0 3.31071e-09 -0 0 0 -0 0 0 0 0 0 0 0 0 0 0 0 0 0 1 13150.8 13150.8 13150.8 13150.8
0 0 1 0 0 1 0 0 0 0 0 1.08467e-09 -0 0 0 -0 0 0 0 0 0 0 0 0 0 0 0 0 0 1 13150.8 13150.8 13150.8 13150.8
0 0 1 0 0 1 0 0 0 0 0 -1.16283e-09 -0 0 0 -0 0 0 0 0 0 0 0 0 0 0 0 0 0 1 13150.8 13150.8 13150.8 13150.8
0 0 1 0 0 1 0 0 0 0 0 -3.39259e-09 -0 0 0 -0 0 0 0 0 0 0 0 0 0 0 0 0 0 1 13150.8 13150.8 13150.8 13150.8
0 0 1 0 0 1 0 0 0 0 0 1.36217e-09 -0 0 0 -0 0 0 0 0 0 0 0 0 0 0 0 0 0 1 13150.8 13150.8 13150.8 13150.8
0 0 1 0 0 1 0 0 0 0 0 -8.8991e-10 -0 0 0 -0 0 0 0 0 0 0 0 0 0 0 0 0 0 1 13150.8 13150.8 13150.8 13150.8
0 0 1 0 0 1 0 0 0 0 0 -3.12708e-09 -0 0 0 -0 0 0 0 0 0 0 0 0 0 0 0 0 0 1 13150.8 13150.8 13150.8 13150.8
0 0 1 0 0 1 0 0 0 0 0 2.05262e-09 -0 0 0 -0 0 0 0 0 0 0 0 0 0 0 0 0 0 1 13150.8 13150.8 13150.8 13150.8
0 0 1 0 0 1 0 0 0 0 0 1.82809e-12 -0 0 0 -0 0 0 0 0 0 0 0 0 0 0 0 0 0 1 13150.8 13150.8 13150.8 13150.8
0 0 1 0 0 1 0 0 0 0 0 -2.2267e-09 -0 0 0 -0 0 0 0 0 0 0 0 0 0 0 0 0 0 1 13150.8 13150.8 13150.8 13150.8
0 0 1 0 0 1 0 0 0 0 0 -4.47792e-09 -0 0 0 -0 0 0 0 0 0 0 0 0 0 0 0 0 0 1 13150.8 13150.8 13150.8 13150.8
0 0 1 0 0 1 0 0 0 0 0 7.23514e-10 -0 0 0 -0 0 0 0 0 0 0 0 0 0 0 0 0 0 1 13150.8 13150.8 13150.8 13150.8
0 0 1 0 0 1 0 0 0 0 0 -1.31401e-09 -0 0 0 -0 0 0 0 0 0 0 0 0 0 0 0 0 0 1 13150.8 13150.8 13150.8 13150.8
0 0 1 0 0 1 0 0 0 0 0 -3.5679e-09 -0 0 0 -0 0 0 0 0 0 0 0 0 0 0 0 0 0 1 13150.8 13150.8 13150.8 13150.8
0 0 1 0 0 1 0 0 0 0 0 1.316e-09 -0 0 0 -0 0 0 0 0 0 0 0 0 0 0 0 0 0 1 13150.8 13150.8 13150.8 13150.8
0 0 1 0 0 1 0 0 0 0 0 -9.11641e-10 -0 0 0 -0 0 0 0 0 0 0 0 0 0 0 0 0 0 1 13150.8 13150.8 13150.8 13150.8
0 0 1 0 0 1 0 0 0 0 0 -3.09409e-09 -0 0 0 -0 0 0 0 0 0 0 0 0 0 0 0 0 0 1 13150.8 13150.8 13150.8 13150.8
0 0 1 0 0 1 0 0 0 0 0 2.11224e-09 -0 0 0 -0 0 0 0 0 0 0 0 0 0 0 0 0 0 1 13150.8 13150.8 13150.8 13150.8
0 0 1 0 0 1 0 0 0 0 0 -1.40681e-10 -0 0 0 -0 0 0 0 0 0 0 0 0 0 0 0 0 0 1 13150.8 13150.8 13150.8 13150.8
0 0 1 0 0 1 0 0 0 0 0 -2.35952e-09 -0 0 0 -0 0 0 0 0 0 0 0 0 0 0 0 0 0 1 13150.8 13150.8 13150.8 13150.8
0 0 1 0 0 1 0 0 0 0 0 2.40821e-09 -0 0 0 -0 0 0 0 0 0 0 0 0 0 0 0 0 0 1 13150.8 13150.8 13150.8 13150.8
0 0 1 0 0 1 0 0 0 0 0 7.59855e-09 -0 0 0 -0 0 0 0 0 0 0 0 0 0 0 0 0 0 1 13150.8 13150.8 13150.8 13150.8
0 0 1 0 0 1 0 0 0 0 0 5.35762e-09 -0 0 0 -0 0 0 0 0 0 0 0 0 0 0 0 0 0 1 13150.8 13150.8 13150.8 13150.8
0 0 1 0 0 1 0 0 0 0 0 3.12192e-09 -0 0 0 -0 0 0 0 0 0 0 0 0 0 0 0 0 0 1 13150.8 13150.8 13150.8 13150.8
0 0 1 0 0 1 0 0 0 0 0 1.05644e-09 -0 0 0 -0 0 0 0 0 0 0 0 0 0 0 0 0 0 1 13150.8 13150.8 13150.8 13150.8
0 0 1 0 0 1 0 0 0 0 0 -1.17298e-09 -0 0 0 -0 0 0 0 0 0 0 0 0 0 0 0 0 0 1 13150.8 13150.8 13150.8 13150.8
0 0 1 0 0 1 0 0 0 0 0 -3.39698e-09 -0 0 0 -0 0 0 0 0 0 0 0 0 0 0 0 0 0 1 13150.8 13150.8 13150.8 13150.8
0 0 1 0 0 1 0 0 0 0 0 1.82923e-09 -0 0 0 -0 0 0 0 0 0 0 0 0 0 0 0 0 0 1 13150.8 13150.8 13150.8 13150.8
0 0 1 0 0 1 0 0 0 0 0 -2.11047e-10 -0 0 0 -0 0 0 0 0 0 0 0 0 0 0 0 0 0 1 13150.8 13150.8 13150.8 13150.8
0 0 1 0 0 1 0 0 0 0 0 -2.44866e-09 -0 0 0 -0 0 0 0 0 0 0 0 0 0 0 0 0 0 1 13150.8 13150.8 13150.8 13150.8
0 0 1 0 0 1 0 0 0 0 0 2.7796e-09 -0 0 0 -0 0 0 0 0 0 0 0 0 0 0 0 0 0 1 13150.8 13150.8 13150.8 13150.8
0 0 1 0 0 1 0 0 0 0 0 5.38812e-10 -0 0 0 -0 0 0 0 0 0 0 0 0 0 0 0 0 0 1 13150.8 13150.8 13150.8 13150.8
0 0 1 0 0 1 0 0 0 0 0 -1.49414e-09 -0 0 0 -0 0 0 0 0 0 0 0 0 0 0 0 0 0 1 13150.8 13150.8 13150.8 13150.8
0 0 1 0 0 1 0 0 0 0 0 -3.75272e-09 -0 0 0 -0 0 0 0 0 0 0 0 0 0 0 0 0 0 1 13150.8 13150.8 13150.8 13150.8
0 0 1 0 0 1 0 0 0 0 0 1.141e-09 -0 0 0 -0 0 0 0 0 0 0 0 0 0 0 0 0 0 1 13150.8 13150.8 13150.8 13150.8
0 0 1 0 0 1 0 0 0 0 0 -1.05747e-09 -0 0 0 -0 0 0 0 0 0 0 0 0 0 0 0 0 0 1 13150.8 13150.8 13150.8 13150.8
0 0 1 0 0 1 0 0 0 0 0 -3.25331e-09 -0 0 0 -0 0 0 0 0 0 0 0 0 0 0 0 0 0 1 13150.8 13150.8 13150.8 13150.8
0 0 1 0 0 1 0 0 0 0 0 1.95308e-09 -0 0 0 -0 0 0 0 0 0 0 0 0 0 0 0 0 0 1 13150.8 13150.8 13150.8 13150.8
0 0 1 0 0 1 0 0 0 0 0 -2.86818e-10 -0 0 0 -0 0 0 0 0 0 0 0 0 0 0 0 0 0 1 13150.8 13150.8 13150.8 13150.8
0 0 1 0 0 1 0 0 0 0 0 -2.38507e-09 -0 0 0 -0 0 0 0 0 0 0 0 0 0 0 0 0 0 1 13150.8 13150.8 13150.8 13150.8
0 0 1 0 0 1 0 0 0 0 0 2.68947e-09 -0 0 0 -0 0 0 0 0 0 0 0 0 0 0 0 0 0 1 13150.8 13150.8 13150.8 13150.8
0 0 1 0 0 1 0 0 0 0 0 4.39506e-10 -0 0 0 -0 0 0 0 0 0 0 0 0 0 0 0 0 0 1 13150.8 13150.8 13150.8 13150.8
0 0 1 0 0 1 0 0 0 0 0 -1.78591e-09 -0 0 0 -0 0 0 0 0 0 0 0 0 0 0 0 0 0 1 13150.8 13150.8 13150.8 13150.8
0 0 1 0 0 1 0 0 0 0 0 -3.88159e-09 -0 0 0 -0 0 0 0 0 0 0 0 0 0 0 0 0 0 1 13150.8 13150.8 13150.8 13150.8
0 0 1 0 0 1 0 0 0 0 0 1.23741e-09 -0 0 0 -0 0 0 0 0 0 0 0 0 0 0 0 0 0 1 13150.8 13150.8 13150.8 13150.8
0 0 1 0 0 1 0 0 0 0 0 6.41811e-09 -0 0 0 -0 0 0 0 0 0 0 0 0 0 0 0 0 0 1 13150.8 13150.8 13150.8 13150.8
0 0 1 0 0 1 0 0 0 0 0 4.11276e-09 -0 0 0 -0 0 0 0 0 0 0 0 0 0 0 0 0 0 1 13150.8 13150.8 13150.8 13150.8
0 0 1 0 0 1 0 0 0 0 0 2.09876e-09 -0 0 0 -0 0 0 0 0 0 0 0 0 0 0 0 0 0 1 13150.8 13150.8 13150.8 13150.8
0 0 1 0 0 1 0 0 0 0 0 -9.00504e-11 -0 0 0 -0 0 0 0 0 0 0 0 0 0 0 0 0 0 1 13150.8 13150.8 13150.8 13150.8
0 0 1 0 0 1 0 0 0 0 0 -2.3314e-09 -0 0 0 -0 0 0 0 0 0 0 0 0 0 0 0 0 0 1 13150.8 13150.8 13150.8 13150.8
0 0 1 0 0 1 0 0 0 0 0 -1.55748e-08 -0 0 0 -0 0 0 0 0 0 0 0 0 0 0 0 0 0 1 13150.8 13150.8 13150.8 13150.8
0 0 1 0 0 1 0 0 0 0 0 -1.0834e-08 -0 0 0 -0 0 0 0 0 0 0 0 0 0 0 0 0 0 1 13150.8 13150.8 13150.8 13150.8
0 0 1 0 0 1 0 0 0 0 0 -5.62932e-09 -0 0 0 -0 0 0 0 0 0 0 0 0 0 0 0 0 0 1 13150.8 13150.8 13150.8 13150.8
0 0 1 0 0 1 0 0 0 0 0 -4.23095e-10 -0 0 0 -0 0 0 0 0 0 0 0 0 0 0 0 0 0 1 13150.8 13150.8 13150.8 13150.8
0 0 1 0 0 1 0 0 0 0 0 4.78735e-09 -0 0 0 -0 0 0 0 0 0 0 0 0 0 0 0 0 0 1 13150.8 13150.8 13150.8 13150.8
0 0 1 0 0 1 0 0 0 0 0 2.74364e-09 -0 0 0 -0 0 0 0 0 0 0 0 0 0 0 0 0 0 1 13150.8 13150.8 13150.8 13150.8
0 0 1 0 0 1 0 0 0 0 0 5.0426e-10 -0 0 0 -0 0 0 0 0 0 0 0 0 0 0 0 0 0 1 13150.8 13150.8 13150.8 13150.8
0 0 1 0 0 1 0 0 0 0 0 -1.7349e-09 -0 0 0 -0 0 0 0 0 0 0 0 0 0 0 0 0 0 1 13150.8 13150.8 13150.8 13150.8
0 0 1 0 0 1 0 0 0 0 0 -3.97855e-09 -0 0 0 -0 0 0 0 0 0 0 0 0 0 0 0 0 0 1 13150.8 13150.8 13150.8 13150.8
0 0 1 0 0 1 0 0 0 0 0 7.66656e-10 -0 0 0 -0 0 0 0 0 0 0 0 0 0 0 0 0 0 1 13150.8 13150.8 13150.8 13150.8
0 0 1 0 0 1 0 0 0 0 0 5.99687e-09 -0 0 0 -0 0 0 0 0 0 0 0 0 0 0 0 0 0 1 13150.8 13150.8 13150.8 13150.8
0 0 1 0 0 1 0 0 0 0 0 3.77185e-09 -0 0 0 -0 0 0 0 0 0 0 0 0 0 0 0 0 0 1 13150.8 13150.8 13150.8 13150.8
0 0 1 0 0 1 0 0 0 0 0 1.53618e-09 -0 0 0 -0 0 0 0 0 0 0 0 0 0 0 0 0 0 1 13150.8 13150.8 13150.8 13150.8
0 0 1 0 0 1 0 0 0 0 0 -5.11627e-10 -0 0 0 -0 0 0 0 0 0 0 0 0 0 0 0 0 0 1 13150.8 13150.8 13150.8 13150.8
0 0 1 0 0 1 0 0 0 0 0 -2.75869e-09 -0 0 0 -0 0 0 0 0 0 0 0 0 0 0 0 0 0 1 13150.8 13150.8 13150.8 13150.8
0 0 1 0 0 1 0 0 0 0 0 -7.18706e-09 -0 0 0 -0 0 0 0 0 0 0 0 0 0 0 0 0 0 1 13150.8 13150.8 13150.8 13150.8
0 0 1 0 0 1 0 0 0 0 0 2.87213e-09 -0 0 0 -0 0 0 0 0 0 0 0 0 0 0 0 0 0 1 13150.8 13150.8 13150.8 13150.8
0 0 1 0 0 1 0 0 0 0 0 8.08555e-09 -0 0 0 -0 0 0 0 0 0 0 0 0 0 0 0 0 0 1 13150.8 13150.8 13150.8 13150.8
0 0 1 0 0 1 0 0 0 0 0 8.08555e-09 -0 0 0 -0 0 0 0 0 0 0 0 0 0 0 0 0 0 1 13150.8 13150.8 13150.8 13150.8
0 0 1 0 0 1 0 0 0 0 0 5.84727e-09 -0 0 0 -0 0 0 0 0 0 0 0 0 0 0 0 0 0 1 13150.8 13150.8 13150.8 13150.8
0 0 1 0 0 1 0 0 0 0 0 3.14728e-09 -0 0 0 -0 0 0 0 0 0 0 0 0 0 0 0 0 0 1 13150.8 13150.8 13150.8 13150.8
0 0 1 0 0 1 0 0 0 0 0 1.56708e-09 -0 0 0 -0 0 0 0 0 0 0 0 0 0 0 0 0 0 1 13150.8 13150.8 13150.8 13150.8
0 0 1 0 0 1 0 0 0 0 0 -6.70718e-10 -0 0 0 -0 0 0 0 0 0 0 0 0 0 0 0 0 0 1 13150.8 13150.8 13150.8 13150.8
0 0 1 0 0 1 0 0 0 0 0 -4.94952e-09 -0 0 0 -0 0 0 0 0 0 0 0 0 0 0 0 0 0 1 13150.8 13150.8 13150.8 13150.8
0 0 1 0 0 1 0 0 0 0 0 -7.1927e-09 -0 0 0 -0 0 0 0 0 0 0 0 0 0 0 0 0 0 1 13150.8 13150.8 13150.8 13150.8
0 0 1 0 0 1 0 0 0 0 0 -1.9817e-09 -0 0 0 -0 0 0 0 0 0 0 0 0 0 0 0 0 0 1 13150.8 13150.8 13150.8 13150.8
0 0 1 0 0 1 0 0 0 0 0 2.83059e-09 -0 0 0 -0 0 0 0 0 0 0 0 0 0 0 0 0 0 1 13150.8 13150.8 13150.8 13150.8
0 0 1 0 0 1 0 0 0 0 0 7.98244e-09 -0 0 0 -0 0 0 0 0 0 0 0 0 0 0 0 0 0 1 13150.8 13150.8 13150.8 13150.8
0 0 1 0 0 1 0 0 0 0 0 1.26649e-09 -0 0 0 -0 0 0 0 0 0 0 0 0 0 0 0 0 0 1 13150.8 13150.8 13150.8 13150.8
0 0 1 0 0 1 0 0 0 0 0 -7.81225e-10 -0 0 0 -0 0 0 0 0 0 0 0 0 0 0 0 0 0 1 13150.8 13150.8 13150.8 13150.8
0 0 1 0 0 1 0 0 0 0 0 -3.01815e-09 -0 0 0 -0 0 0 0 0 0 0 0 0 0 0 0 0 0 1 13150.8 13150.8 13150.8 13150.8
0 0 1 0 0 1 0 0 0 0 0 2.08034e-09 -0 0 0 -0 0 0 0 0 0 0 0 0 0 0 0 0 0 1 13150.8 13150.8 13150.8 13150.8
0 0 1 0 0 1 0 0 0 0 0 -2.34246e-10 -0 0 0 -0 0 0 0 0 0 0 0 0 0 0 0 0 0 1 13150.8 13150.8 13150.8 13150.8
0 0 1 0 0 1 0 0 0 0 0 -2.24591e-09 -0 0 0 -0 0 0 0 0 0 0 0 0 0 0 0 0 0 1 13150.8 13150.8 13150.8 13150.8
0 0 1 0 0 1 0 0 0 0 0 2.97545e-09 -0 0 0 -0 0 0 0 0 0 0 0 0 0 0 0 0 0 1 13150.8 13150.8 13150.8 13150.8
0 0 1 0 0 1 0 0 0 0 0 8.20533e-09 -0 0 0 -0 0 0 0 0 0 0 0 0 0 0 0 0 0 1 13150.8 13150.8 13150.8 13150.8
0 0 1 0 0 1 0 0 0 0 0 5.97788e-09 -0 0 0 -0 0 0 0 0 0 0 0 0 0 0 0 0 0 1 13150.8 13150.8 13150.8 13150.8
0 0 1 0 0 1 0 0 0 0 0 3.93479e-09 -0 0 0 -0 0 0 0 0 0 0 0 0 0 0 0 0 0 1 13150.8 13150.8 13150.8 13150.8
0 0 1 0 0 1 0 0 0 0 0 1.22619e-09 -0 0 0 -0 0 0 0 0 0 0 0 0 0 0 0 0 0 1 13150.8 13150.8 13150.8 13150.8
0 0 1 0 0 1 0 0 0 0 0 -6.17249e-10 -0 0 0 -0 0 0 0 0 0 0 0 0 0 0 0 0 0 1 13150.8 13150.8 13150.8 13150.8
0 0 1 0 0 1 0 0 0 0 0 -2.63817e-09 -0 0 0 -0 0 0 0 0 0 0 0 0 0 0 0 0 0 1 13150.8 13150.8 13150.8 13150.8
0 0 1 0 0 1 0 0 0 0 0 2.42945e-09 -0 0 0 -0 0 0 0 0 0 0 0 0 0 0 0 0 0 1 13150.8 13150.8 13150.8 13150.8
0 0 1 0 0 1 0 0 0 0 0 1.90969e-10 -0 0 0 -0 0 0 0 0 0 0 0 0 0 0 0 0 0 1 13150.8 13150.8 13150.8 13150.8
0 0 1 0 0 1 0 0 0 0 0 -2.0516e-09 -0 0 0 -0 0 0 0 0 0 0 0 0 0 0 0 0 0 1 13150.8 13150.8 13150.8 13150.8
0 0 1 0 0 1 0 0 0 0 0 3.14459e-09 -0 0 0 -0 0 0 0 0 0 0 0 0 0 0 0 0 0 1 13150.8 13150.8 13150.8 13150.8
0 0 1 0 0 1 0 0 0 0 0 1.09793e-09 -0 0 0 -0 0 0 0 0 0 0 0 0 0 0 0 0 0 1 13150.8 13150.8 13150.8 13150.8
0 0 1 0 0 1 0 0 0 0 0 -1.14009e-09 -0 0 0 -0 0 0 0 0 0 0 0 0 0 0 0 0 0 1 13150.8 13150.8 13150.8 13150.8
0 0 1 0 0 1 0 0 0 0 0 -3.38612e-09 -0 0 0 -0 0 0 0 0 0 0 0 0 0 0 0 0 0 1 13150.8 13150.8 13150.8 13150.8
0 0 1 0 0 1 0 0 0 0 0 1.86405e-09 -0 0 0 -0 0 0 0 0 0 0 0 0 0 0 0 0 0 1 13150.8 13150.8 13150.8 13150.8
0 0 1 0 0 1 0 0 0 0 0 -1.67927e-10 -0 0 0 -0 0 0 0 0 0 0 0 0 0 0 0 0 0 1 13150.8 13150.8 13150.8 13150.8
0 0 1 0 0 1 0 0 0 0 0 -2.39803e-09 -0 0 0 -0 0 0 0 0 0 0 0 0 0 0 0 0 0 1 13150.8 13150.8 13150.8 13150.8
0 0 1 0 0 1 0 0 0 0 0 2.6361e-09 -0 0 0 -0 0 0 0 0 0 0 0 0 0 0 0 0 0 1 13150.8 13150.8 13150.8 13150.8
0 0 1 0 0 1 0 0 0 0 0 3.30694e-10 -0 0 0 -0 0 0 0 0 0 0 0 0 0 0 0 0 0 1 13150.8 13150.8 13150.8 13150.8
0 0 1 0 0 1 0 0 0 0 0 -1.71905e-09 -0 0 0 -0 0 0 0 0 0 0 0 0 0 0 0 0 0 1 13150.8 13150.8 13150.8 13150.8
0 0 1 0 0 1 0 0 0 0 0 3.47963e-09 -0 0 0 -0 0 0 0 0 0 0 0 0 0 0 0 0 0 1 13150.8 13150.8 13150.8 13150.8
0 0 1 0 0 1 0 0 0 0 0 1.38883e-08 -0 0 0 -0 0 0 0 0 0 0 0 0 0 0 0 0 0 1 13150.8 13150.8 13150.8 13150.8
0 0 1 0 0 1 0 0 0 0 0 9.60002e-09 -0 0 0 -0 0 0 0 0 0 0 0 0 0 0 0 0 0 1 13150.8 13150.8 13150.8 13150.8
0 0 1 0 0 1 0 0 0 0 0 9.60002e-09 -0 0 0 -0 0 0 0 0 0 0 0 0 0 0 0 0 0 1 13150.8 13150.8 13150.8 13150.8
0 0 1 0 0 1 0 0 0 0 0 7.38328e-09 -0 0 0 -0 0 0 0 0 0 0 0 0 0 0 0 0 0 1 13150.8 13150.8 13150.8 13150.8
0 0 1 0 0 1 0 0 0 0 0 5.26786e-09 -0 0 0 -0 0 0 0 0 0 0 0 0 0 0 0 0 0 1 13150.8 13150.8 13150.8 13150.8
0 0 1 0 0 1 0 0 0 0 0 3.0834e-09 -0 0 0 -0 0 0 0 0 0 0 0 0 0 0 0 0 0 1 13150.8 13150.8 13150.8 13150.8
0 0 1 0 0 1 0 0 0 0 0 8.45722e-10 -0 0 0 -0 0 0 0 0 0 0 0 0 0 0 0 0 0 1 13150.8 13150.8 13150.8 13150.8
0 0 1 0 0 1 0 0 0 0 0 -1.38948e-09 -0 0 0 -0 0 0 0 0 0 0 0 0 0 0 0 0 0 1 13150.8 13150.8 13150.8 13150.8
0 0 1 0 0 1 0 0 0 0 0 -3.48661e-09 -0 0 0 -0 0 0 0 0 0 0 0 0 0 0 0 0 0 1 13150.8 13150.8 13150.8 13150.8
0 0 1 0 0 1 0 0 0 0 0 -5.67888e-09 -0 0 0 -0 0 0 0 0 0 0 0 0 0 0 0 0 0 1 13150.8 13150.8 13150.8 13150.8
0 0 1 0 0 1 0 0 0 0 0 -4.72759e-10 -0 0 0 -0 0 0 0 0 0 0 0 0 0 0 0 0 0 1 13150.8 13150.8 13150.8 13150.8
0 0 1 0 0 1 0 0 0 0 0 4.73246e-09 -0 0 0 -0 0 0 0 0 0 0 0 0 0 0 0 0 0 1 13150.8 13150.8 13150.8 13150.8
0 0 1 0 0 1 0 0 0 0 0 2.49012e-09 -0 0 0 -0 0 0 0 0 0 0 0 0 0 0 0 0 0 1 13150.8 13150.8 13150.8 13150.8
0 0 1 0 0 1 0 0 0 0 0 4.46075e-10 -0 0 0 -0 0 0 0 0 0 0 0 0 0 0 0 0 0 1 13150.8 13150.8 13150.8 13150.8
0 0 1 0 0 1 0 0 0 0 0 -1.78696e-09 -0 0 0 -0 0 0 0 0 0 0 0 0 0 0 0 0 0 1 13150.8 13150.8 13150.8 13150.8
0 0 1 0 0 1 0 0 0 0 0 -3.93183e-09 -0 0 0 -0 0 0 0 0 0 0 0 0 0 0 0 0 0 1 13150.8 13150.8 13150.8 13150.8
0 0 1 0 0 1 0 0 0 0 0 1.48919e-09 -0 0 0 -0 0 0 0 0 0 0 0 0 0 0 0 0 0 1 13150.8 13150.8 13150.8 13150.8
0 0 1 0 0 1 0 0 0 0 0 6.24433e-09 -0 0 0 -0 0 0 0 0 0 0 0 0 0 0 0 0 0 1 13150.8 13150.8 13150.8 13150.8
0 0 1 0 0 1 0 0 0 0 0 3.99648e-09 -0 0 0 -0 0 0 0 0 0 0 0 0 0 0 0 0 0 1 13150.8 13150.8 13150.8 13150.8
0 0 1 0 0 1 0 0 0 0 0 1.76974e-09 -0 0 0 -0 0 0 0 0 0 0 0 0 0 0 0 0 0 1 13150.8 13150.8 13150.8 13150.8
0 0 1 0 0 1 0 0 0 0 0 -4.71345e-10 -0 0 0 -0 0 0 0 0 0 0 0 0 0 0 0 0 0 1 13150.8 13150.8 13150.8 13150.8
0 0 1 0 0 1 0 0 0 0 0 -2.51799e-09 -0 0 0 -0 0 0 0 0 0 0 0 0 0 0 0 0 0 1 13150.8 13150.8 13150.8 13150.8
0 0 1 0 0 1 0 0 0 0 0 2.6882e-09 -0 0 0 -0 0 0 0 0 0 0 0 0 0 0 0 0 0 1 13150.8 13150.8 13150.8 13150.8
0 0 1 0 0 1 0 0 0 0 0 7.91589e-09 -0 0 0 -0 0 0 0 0 0 0 0 0 0 0 0 0 0 1 13150.8 13150.8 13150.8 13150.8
0 0 1 0 0 1 0 0 0 0 0 5.88989e-09 -0 0 0 -0 0 0 0 0 0 0 0 0 0 0 0 0 0 1 13150.8 13150.8 13150.8 13150.8
0 0 1 0 0 1 0 0 0 0 0 3.64402e-09 -0 0 0 -0 0 0 0 0 0 0 0 0 0 0 0 0 0 1 13150.8 13150.8 13150.8 13150.8
0 0 1 0 0 1 0 0 0 0 0 1.40594e-09 -0 0 0 -0 0 0 0 0 0 0 0 0 0 0 0 0 0 1 13150.8 13150.8 13150.8 13150.8
0 0 1 0 0 1 0 0 0 0 0 -1.5428e-07 -0 0 0 -0 0 0 0 0 0 0 0 0 0 0 0 0 0 1 13150.8 13150.8 13150.8 13150.8
0 0 1 0 0 1 0 0 0 0 0 -1.48745e-07 -0 0 0 -0 0 0 0 0 0 0 0 0 0 0 0 0 0 1 13150.8 13150.8 13150.8 13150.8
0 0 1 0 0 1 0 0 0 0 0 -1.43567e-07 -0 0 0 -0 0 0 0 0 0 0 0 0 0 0 0 0 0 1 13150.8 13150.8 13150.8 13150.8
0 0 1 0 0 1 0 0 0 0 0 -1.38771e-07 -0 0 0 -0 0 0 0 0 0 0 0 0 0 0 0 0 0 1 13150.8 13150.8 13150.8 13150.8
0 0 1 0 0 1 0 0 0 0 0 -1.33596e-07 -0 0 0 -0 0 0 0 0 0 0 0 0 0 0 0 0 0 1 13150.8 13150.8 13150.8 13150.8
0 0 1 0 0 1 0 0 0 0 0 -1.28371e-07 -0 0 0 -0 0 0 0 0 0 0 0 0 0 0 0 0 0 1 13150.8 13150.8 13150.8 13150.8
0 0 1 0 0 1 0 0 0 0 0 -1.23198e-07 -0 0 0 -0 0 0 0 0 0 0 0 0 0 0 0 0 0 1 13150.8 13150.8 13150.8 13150.8
0 0 1 0 0 1 0 0 0 0 0 -1.1837e-07 -0 0 0 -0 0 0 0 0 0 0 0 0 0 0 0 0 0 1 13150.8 13150.8 13150.8 13150.8
0 0 1 0 0 1 0 0 0 0 0 -1.13231e-07 -0 0 0 -0 0 0 0 0 0 0 0 0 0 0 0 0 0 1 13150.8 13150.8 13150.8 13150.8
0 0 1 0 0 1 0 0 0 0 0 -1.08013e-07 -0 0 0 -0 0 0 0 0 0 0 0 0 0 0 0 0 0 1 13150.8 13150.8 13150.8 13150.8
0 0 1 0 0 1 0 0 0 0 0 -1.0283e-07 -0 0 0 -0 0 0 0 0 0 0 0 0 0 0 0 0 0 1 13150.8 13150.8 13150.8 13150.8
0 0 1 0 0 1 0 0 0 0 0 -9.8061e-08 -0 0 0 -0 0 0 0 0 0 0 0 0 0 0 0 0 0 1 13150.8 13150.8 13150.8 13150.8
0 0 1 0 0 1 0 0 0 0 0 -9.28557e-08 -0 0 0 -0 0 0 0 0 0 0 0 0 0 0 0 0 0 1 13150.8 13150.8 13150.8 13150.8
0 0 1 0 0 1 0 0 0 0 0 -8.76413e-08 -0 0 0 -0 0 0 0 0 0 0 0 0 0 0 0 0 0 1 13150.8 13150.8 13150.8 13150.8
0 0 1 0 0 1 0 0 0 0 0 -8.245e-08 -0 0 0 -0 0 0 0 0 0 0 0 0 0 0 0 0 0 1 13150.8 13150.8 13150.8 13150.8
0 0 1 0 0 1 0 0 0 0 0 -7.76276e-08 -0 0 0 -0 0 0 0 0 0 0 0 0 0 0 0 0 0 1 13150.8 13150.8 13150.8 13150.8
0 0 1 0 0 1 0 0 0 0 0 -7.23947e-08 -0 0 0 -0 0 0 0 0 0 0 0 0 0 0 0 0 0 1 13150.8 13150.8 13150.8 13150.8
0 0 1 0 0 1 0 0 0 0 0 -6.71782e-08 -0 0 0 -0 0 0 0 0 0 0 0 0 0 0 0 0 0 1 13150.8 13150.8 13150.8 13150.8
0 0 1 0 0 1 0 0 0 0 0 -6.71782e-08 -0 0 0 -0 0 0 0 0 0 0 0 0 0 0 0 0 0 1 13150.8 13150.8 13150.8 13150.8
0 0 1 0 0 1 0 0 0 0 0 -5.72865e-08 -0 0 0 -0 0 0 0 0 0 0 0 0 0 0 0 0 0 1 13150.8 13150.8 13150.8 13150.8
0 0 1 0 0 1 0 0 0 0 0 -5.72865e-08 -0 0 0 -0 0 0 0 0 0 0 0 0 0 0 0 0 0 1 13150.8 13150.8 13150.8 13150.8
0 0 1 0 0 1 0 0 0 0 0 -4.68895e-08 -0 0 0 -0 0 0 0 0 0 0 0 0 0 0 0 0 0 1 13150.8 13150.8 13150.8 13150.8
0 0 1 0 0 1 0 0 0 0 0 -4.17726e-08 -0 0 0 -0 0 0 0 0 0 0 0 0 0 0 0 0 0 1 13150.8 13150.8 13150.8 13150.8
0 0 1 0 0 1 0 0 0 0 0 -3.6892e-08 -0 0 0 -0 0 0 0 0 0 0 0 0 0 0 0 0 0 1 13150.8 13150.8 13150.8 13150.8
0 0 1 0 0 1 0 0 0 0 0 -3.16905e-08 -0 0 0 -0 0 0 0 0 0 0 0 0 0 0 0 0 0 1 13150.8 13150.8 13150.8 13150.8
0 0 1 0 0 1 0 0 0 0 0 -2.64864e-08 -0 0 0 -0 0 0 0 0 0 0 0 0 0 0 0 0 0 1 13150.8 13150.8 13150.8 13150.8
0 0 1 0 0 1 0 0 0 0 0 -2.12838e-08 -0 0 0 -0 0 0 0 0 0 0 0 0 0 0 0 0 0 1 13150.8 13150.8 13150.8 13150.8
0 0 1 0 0 1 0 0 0 0 0 -1.64045e-08 -0 0 0 -0 0 0 0 0 0 0 0 0 0 0 0 0 0 1 13150.8 13150.8 13150.8 13150.8
0 0 1 0 0 1 0 0 0 0 0 -1.12435e-08 -0 0 0 -0 0 0 0 0 0 0 0 0 0 0 0 0 0 1 13150.8 13150.8 13150.8 13150.8
0 0 1 0 0 1 0 0 0 0 0 -6.11539e-09 -0 0 0 -0 0 0 0 0 0 0 0 0 0 0 0 0 0 1 13150.8 13150.8 13150.8 13150.8
0 0 1 0 0 1 0 0 0 0 0 -6.11539e-09 -0 0 0 -0 0 0 0 0 0 0 0 0 0 0 0 0 0 1 13150.8 13150.8 13150.8 13150.8
0 0 1 0 0 1 0 0 0 0 0 3.92299e-09 -0 0 0 -0 0 0 0 0 0 0 0 0 0 0 0 0 0 1 13150.8 13150.8 13150.8 13150.8
0 0 1 0 0 1 0 0 0 0 0 9.06085e-09 -0 0 0 -0 0 0 0 0 0 0 0 0 0 0 0 0 0 1 13150.8 13150.8 13150.8 13150.8
0 0 1 0 0 1 0 0 0 0 0 1.42753e-08 -0 0 0 -0 0 0 0 0 0 0 0 0 0 0 0 0 0 1 13150.8 13150.8 13150.8 13150.8
0 0 1 0 0 1 0 0 0 0 0 1.94845e-08 -0 0 0 -0 0 0 0 0 0 0 0 0 0 0 0 0 0 1 13150.8 13150.8 13150.8 13150.8
0 0 1 0 0 1 0 0 0 0 0 2.42388e-08 -0 0 0 -0 0 0 0 0 0 0 0 0 0 0 0 0 0 1 13150.8 13150.8 13150.8 13150.8
0 0 1 0 0 1 0 0 0 0 0 2.94454e-08 -0 0 0 -0 0 0 0 0 0 0 0 0 0 0 0 0 0 1 13150.8 13150.8 13150.8 13150.8
0 0 1 0 0 1 0 0 0 0 0 3.46865e-08 -0 0 0 -0 0 0 0 0 0 0 0 0 0 0 0 0 0 1 13150.8 13150.8 13150.8 13150.8
0 0 1 0 0 1 0 0 0 0 0 3.46865e-08 -0 0 0 -0 0 0 0 0 0 0 0 0 0 0 0 0 0 1 13150.8 13150.8 13150.8 13150.8
0 0 1 0 0 1 0 0 0 0 0 4.46694e-08 -0 0 0 -0 0 0 0 0 0 0 0 0 0 0 0 0 0 1 13150.8 13150.8 13150.8 13150.8
0 0 1 0 0 1 0 0 0 0 0 4.98765e-08 -0 0 0 -0 0 0 0 0 0 0 0 0 0 0 0 0 0 1 13150.8 13150.8 13150.8 13150.8
0 0 1 0 0 1 0 0 0 0 0 5.50309e-08 -0 0 0 -0 0 0 0 0 0 0 0 0 0 0 0 0 0 1 13150.8 13150.8 13150.8 13150.8
0 0 1 0 0 1 0 0 0 0 0 6.01667e-08 -0 0 0 -0 0 0 0 0 0 0 0 0 0 0 0 0 0 1 13150.8 13150.8 13150.8 13150.8
0 0 1 0 0 1 0 0 0 0 0 5.80416e-08 -0 0 0 -0 0 0 0 0 0 0 0 0 0 0 0 0 0 1 13150.8 13150.8 13150.8 13150.8
0 0 1 0 0 1 0 0 0 0 0 5.58125e-08 -0 0 0 -0 0 0 0 0 0 0 0 0 0 0 0 0 0 1 13150.8 13150.8 13150.8 13150.8
0 0 1 0 0 1 0 0 0 0 0 5.36068e-08 -0 0 0 -0 0 0 0 0 0 0 0 0 0 0 0 0 0 1 13150.8 13150.8 13150.8 13150.8
0 0 1 0 0 1 0 0 0 0 0 5.36068e-08 -0 0 0 -0 0 0 0 0 0 0 0 0 0 0 0 0 0 1 13150.8 13150.8 13150.8 13150.8
0 0 1 0 0 1 0 0 0 0 0 4.92812e-08 -0 0 0 -0 0 0 0 0 0 0 0 0 0 0 0 0 0 1 13150.8 13150.8 13150.8 13150.8
0 0 1 0 0 1 0 0 0 0 0 5.44438e-08 -0 0 0 -0 0 0 0 0 0 0 0 0 0 0 0 0 0 1 13150.8 13150.8 13150.8 13150.8
0 0 1 0 0 1 0 0 0 0 0 5.22308e-08 -0 0 0 -0 0 0 0 0 0 0 0 0 0 0 0 0 0 1 13150.8 13150.8 13150.8 13150.8
0 0 1 0 0 1 0 0 0 0 0 5.22308e-08 -0 0 0 -0 0 0 0 0 0 0 0 0 0 0 0 0 0 1 13150.8 13150.8 13150.8 13150.8
0 0 1 0 0 1 0 0 0 0 0 4.79238e-08 -0 0 0 -0 0 0 0 0 0 0 0 0 0 0 0 0 0 1 13150.8 13150.8 13150.8 13150.8
0 0 1 0 0 1 0 0 0 0 0 5.31822e-08 -0 0 0 -0 0 0 0 0 0 0 0 0 0 0 0 0 0 1 13150.8 13150.8 13150.8 13150.8
0 0 1 0 0 1 0 0 0 0 0 5.09826e-08 -0 0 0 -0 0 0 0 0 0 0 0 0 0 0 0 0 0 1 13150.8 13150.8 13150.8 13150.8
0 0 1 0 0 1 0 0 0 0 0 5.09826e-08 -0 0 0 -0 0 0 0 0 0 0 0 0 0 0 0 0 0 1 13150.8 13150.8 13150.8 13150.8
0 0 1 0 0 1 0 0 0 0 0 4.66907e-08 -0 0 0 -0 0 0 0 0 0 0 0 0 0 0 0 0 0 1 13150.8 13150.8 13150.8 13150.8
0 0 1 0 0 1 0 0 0 0 0 5.18659e-08 -0 0 0 -0 0 0 0 0 0 0 0 0 0 0 0 0 0 1 13150.8 13150.8 13150.8 13150.8
0 0 1 0 0 1 0 0 0 0 0 4.96248e-08 -0 0 0 -0 0 0 0 0 0 0 0 0 0 0 0 0 0 1 13150.8 13150.8 13150.8 13150.8
0 0 1 0 0 1 0 0 0 0 0 4.96248e-08 -0 0 0 -0 0 0 0 0 0 0 0 0 0 0 0 0 0 1 13150.8 13150.8 13150.8 13150.8
0 0 1 0 0 1 0 0 0 0 0 4.53476e-08 -0 0 0 -0 0 0 0 0 0 0 0 0 0 0 0 0 0 1 13150.8 13150.8 13150.8 13150.8
0 0 1 0 0 1 0 0 0 0 0 5.05719e-08 -0 0 0 -0 0 0 0 0 0 0 0 0 0 0 0 0 0 1 13150.8 13150.8 13150.8 13150.8
0 0 1 0 0 1 0 0 0 0 0 4.83e-08 -0 0 0 -0 0 0 0 0 0 0 0 0 0 0 0 0 0 1 13150.8 13150.8 13150.8 13150.8
0 0 1 0 0 1 0 0 0 0 0 4.61416e-08 -0 0 0 -0 0 0 0 0 0 0 0 0 0 0 0 0 0 1 13150.8 13150.8 13150.8 13150.8
0 0 1 0 0 1 0 0 0 0 0 4.40238e-08 -0 0 0 -0 0 0 0 0 0 0 0 0 0 0 0 0 0 1 13150.8 13150.8 13150.8 13150.8
0 0 1 0 0 1 0 0 0 0 0 4.91493e-08 -0 0 0 -0 0 0 0 0 0 0 0 0 0 0 0 0 0 1 13150.8 13150.8 13150.8 13150.8
0 0 1 0 0 1 0 0 0 0 0 4.6915e-08 -0 0 0 -0 0 0 0 0 0 0 0 0 0 0 0 0 0 1 13150.8 13150.8 13150.8 13150.8
0 0 1 0 0 1 0 0 0 0 0 4.46797e-08 -0 0 0 -0 0 0 0 0 0 0 0 0 0 0 0 0 0 1 13150.8 13150.8 13150.8 13150.8
0 0 1 0 0 1 0 0 0 0 0 4.2642e-08 -0 0 0 -0 0 0 0 0 0 0 0 0 0 0 0 0 0 1 13150.8 13150.8 13150.8 13150.8
0 0 1 0 0 1 0 0 0 0 0 4.7855e-08 -0 0 0 -0 0 0 0 0 0 0 0 0 0 0 0 0 0 1 13150.8 13150.8 13150.8 13150.8
0 0 1 0 0 1 0 0 0 0 0 4.56218e-08 -0 0 0 -0 0 0 0 0 0 0 0 0 0 0 0 0 0 1 13150.8 13150.8 13150.8 13150.8
0 0 1 0 0 1 0 0 0 0 0 4.33772e-08 -0 0 0 -0 0 0 0 0 0 0 0 0 0 0 0 0 0 1 13150.8 13150.8 13150.8 13150.8
0 0 1 0 0 1 0 0 0 0 0 4.1302e-08 -0 0 0 -0 0 0 0 0 0 0 0 0 0 0 0 0 0 1 13150.8 13150.8 13150.8 13150.8
0 0 1 0 0 1 0 0 0 0 0 4.64579e-08 -0 0 0 -0 0 0 0 0 0 0 0 0 0 0 0 0 0 1 13150.8 13150.8 13150.8 13150.8
0 0 1 0 0 1 0 0 0 0 0 4.42195e-08 -0 0 0 -0 0 0 0 0 0 0 0 0 0 0 0 0 0 1 13150.8 13150.8 13150.8 13150.8
0 0 1 0 0 1 0 0 0 0 0 4.42195e-08 -0 0 0 -0 0 0 0 0 0 0 0 0 0 0 0 0 0 1 13150.8 13150.8 13150.8 13150.8
0 0 1 0 0 1 0 0 0 0 0 3.99492e-08 -0 0 0 -0 0 0 0 0 0 0 0 0 0 0 0 0 0 1 13150.8 13150.8 13150.8 13150.8
0 0 1 0 0 1 0 0 0 0 0 4.51773e-08 -0 0 0 -0 0 0 0 0 0 0 0 0 0 0 0 0 0 1 13150.8 13150.8 13150.8 13150.8
0 0 1 0 0 1 0 0 0 0 0 4.29507e-08 -0 0 0 -0 0 0 0 0 0 0 0 0 0 0 0 0 0 1 13150.8 13150.8 13150.8 13150.8
0 0 1 0 0 1 0 0 0 0 0 4.07056e-08 -0 0 0 -0 0 0 0 0 0 0 0 0 0 0 0 0 0 1 13150.8 13150.8 13150.8 13150.8
0 0 1 0 0 1 0 0 0 0 0 3.86339e-08 -0 0 0 -0 0 0 0 0 0 0 0 0 0 0 0 0 0 1 13150.8 13150.8 13150.8 13150.8
0 0 1 0 0 1 0 0 0 0 0 3.63876e-08 -0 0 0 -0 0 0 0 0 0 0 0 0 0 0 0 0 0 1 13150.8 13150.8 13150.8 13150.8
0 0 1 0 0 1 0 0 0 0 0 4.15372e-08 -0 0 0 -0 0 0 0 0 0 0 0 0 0 0 0 0 0 1 13150.8 13150.8 13150.8 13150.8
0 0 1 0 0 1 0 0 0 0 0 4.15372e-08 -0 0 0 -0 0 0 0 0 0 0 0 0 0 0 0 0 0 1 13150.8 13150.8 13150.8 13150.8
0 0 1 0 0 1 0 0 0 0 0 3.72577e-08 -0 0 0 -0 0 0 0 0 0 0 0 0 0 0 0 0 0 1 13150.8 13150.8 13150.8 13150.8
0 0 1 0 0 1 0 0 0 0 0 3.50268e-08 -0 0 0 -0 0 0 0 0 0 0 0 0 0 0 0 0 0 1 13150.8 13150.8 13150.8 13150.8
0 0 1 0 0 1 0 0 0 0 0 4.02421e-08 -0 0 0 -0 0 0 0 0 0 0 0 0 0 0 0 0 0 1 13150.8 13150.8 13150.8 13150.8
0 0 1 0 0 1 0 0 0 0 0 4.02421e-08 -0 0 0 -0 0 0 0 0 0 0 0 0 0 0 0 0 0 1 13150.8 13150.8 13150.8 13150.8
0 0 1 0 0 1 0 0 0 0 0 3.59442e-08 -0 0 0 -0 0 0 0 0 0 0 0 0 0 0 0 0 0 1 13150.8 13150.8 13150.8 13150.8
0 0 1 0 0 1 0 0 0 0 0 3.37038e-08 -0 0 0 -0 0 0 0 0 0 0 0 0 0 0 0 0 0 1 13150.8 13150.8 13150.8 13150.8
0 0 1 0 0 1 0 0 0 0 0 3.88533e-08 -0 0 0 -0 0 0 0 0 0 0 0 0 0 0 0 0 0 1 13150.8 13150.8 13150.8 13150.8
0 0 1 0 0 1 0 0 0 0 0 3.88533e-08 -0 0 0 -0 0 0 0 0 0 0 0 0 0 0 0 0 0 1 13150.8 13150.8 13150.8 13150.8
0 0 1 0 0 1 0 0 0 0 0 3.45705e-08 -0 0 0 -0 0 0 0 0 0 0 0 0 0 0 0 0 0 1 13150.8 13150.8 13150.8 13150.8
0 0 1 0 0 1 0 0 0 0 0 3.23287e-08 -0 0 0 -0 0 0 0 0 0 0 0 0 0 0 0 0 0 1 13150.8 13150.8 13150.8 13150.8
0 0 1 0 0 1 0 0 0 0 0 3.76029e-08 -0 0 0 -0 0 0 0 0 0 0 0 0 0 0 0 0 0 1 13150.8 13150.8 13150.8 13150.8
0 0 1 0 0 1 0 0 0 0 0 3.53909e-08 -0 0 0 -0 0 0 0 0 0 0 0 0 0 0 0 0 0 1 13150.8 13150.8 13150.8 13150.8
0 0 1 0 0 1 0 0 0 0 0 3.33221e-08 -0 0 0 -0 0 0 0 0 0 0 0 0 0 0 0 0 0 1 13150.8 13150.8 13150.8 13150.8
0 0 1 0 0 1 0 0 0 0 0 3.11039e-08 -0 0 0 -0 0 0 0 0 0 0 0 0 0 0 0 0 0 1 13150.8 13150.8 13150.8 13150.8
0 0 1 0 0 1 0 0 0 0 0 3.63074e-08 -0 0 0 -0 0 0 0 0 0 0 0 0 0 0 0 0 0 1 13150.8 13150.8 13150.8 13150.8
0 0 1 0 0 1 0 0 0 0 0 3.63074e-08 -0 0 0 -0 0 0 0 0 0 0 0 0 0 0 0 0 0 1 13150.8 13150.8 13150.8 13150.8
0 0 1 0 0 1 0 0 0 0 0 3.19937e-08 -0 0 0 -0 0 0 0 0 0 0 0 0 0 0 0 0 0 1 13150.8 13150.8 13150.8 13150.8
0 0 1 0 0 1 0 0 0 0 0 3.71615e-08 -0 0 0 -0 0 0 0 0 0 0 0 0 0 0 0 0 0 1 13150.8 13150.8 13150.8 13150.8
0 0 1 0 0 1 0 0 0 0 0 3.48959e-08 -0 0 0 -0 0 0 0 0 0 0 0 0 0 0 0 0 0 1 13150.8 13150.8 13150.8 13150.8
0 0 1 0 0 1 0 0 0 0 0 3.48959e-08 -0 0 0 -0 0 0 0 0 0 0 0 0 0 0 0 0 0 1 13150.8 13150.8 13150.8 13150.8
0 0 1 0 0 1 0 0 0 0 0 3.26864e-08 -0 0 0 -0 0 0 0 0 0 0 0 0 0 0 0 0 0 1 13150.8 13150.8 13150.8 13150.8
0 0 1 0 0 1 0 0 0 0 0 2.84235e-08 -0 0 0 -0 0 0 0 0 0 0 0 0 0 0 0 0 0 1 13150.8 13150.8 13150.8 13150.8
0 0 1 0 0 1 0 0 0 0 0 3.36131e-08 -0 0 0 -0 0 0 0 0 0 0 0 0 0 0 0 0 0 1 13150.8 13150.8 13150.8 13150.8
0 0 1 0 0 1 0 0 0 0 0 3.14227e-08 -0 0 0 -0 0 0 0 0 0 0 0 0 0 0 0 0 0 1 13150.8 13150.8 13150.8 13150.8
0 0 1 0 0 1 0 0 0 0 0 2.92929e-08 -0 0 0 -0 0 0 0 0 0 0 0 0 0 0 0 0 0 1 13150.8 13150.8 13150.8 13150.8
0 0 1 0 0 1 0 0 0 0 0 3.44772e-08 -0 0 0 -0 0 0 0 0 0 0 0 0 0 0 0 0 0 1 13150.8 13150.8 13150.8 13150.8
0 0 1 0 0 1 0 0 0 0 0 3.22358e-08 -0 0 0 -0 0 0 0 0 0 0 0 0 0 0 0 0 0 1 13150.8 13150.8 13150.8 13150.8
0 0 1 0 0 1 0 0 0 0 0 3.22358e-08 -0 0 0 -0 0 0 0 0 0 0 0 0 0 0 0 0 0 1 13150.8 13150.8 13150.8 13150.8
0 0 1 0 0 1 0 0 0 0 0 2.796e-08 -0 0 0 -0 0 0 0 0 0 0 0 0 0 0 0 0 0 1 13150.8 13150.8 13150.8 13150.8
0 0 1 0 0 1 0 0 0 0 0 3.31664e-08 -0 0 0 -0 0 0 0 0 0 0 0 0 0 0 0 0 0 1 13150.8 13150.8 13150.8 13150.8
0 0 1 0 0 1 0 0 0 0 0 3.09201e-08 -0 0 0 -0 0 0 0 0 0 0 0 0 0 0 0 0 0 1 13150.8 13150.8 13150.8 13150.8
0 0 1 0 0 1 0 0 0 0 0 3.09201e-08 -0 0 0 -0 0 0 0 0 0 0 0 0 0 0 0 0 0 1 13150.8 13150.8 13150.8 13150.8
0 0 1 0 0 1 0 0 0 0 0 2.66486e-08 -0 0 0 -0 0 0 0 0 0 0 0 0 0 0 0 0 0 1 13150.8 13150.8 13150.8 13150.8
0 0 1 0 0 1 0 0 0 0 0 3.18517e-08 -0 0 0 -0 0 0 0 0 0 0 0 0 0 0 0 0 0 1 13150.8 13150.8 13150.8 13150.8
0 0 1 0 0 1 0 0 0 0 0 3.18517e-08 -0 0 0 -0 0 0 0 0 0 0 0 0 0 0 0 0 0 1 13150.8 13150.8 13150.8 13150.8
0 0 1 0 0 1 0 0 0 0 0 3.70678e-08 -0 0 0 -0 0 0 0 0 0 0 0 0 0 0 0 0 0 1 13150.8 13150.8 13150.8 13150.8
0 0 1 0 0 1 0 0 0 0 0 3.27716e-08 -0 0 0 -0 0 0 0 0 0 0 0 0 0 0 0 0 0 1 13150.8 13150.8 13150.8 13150.8
0 0 1 0 0 1 0 0 0 0 0 3.05433e-08 -0 0 0 -0 0 0 0 0 0 0 0 0 0 0 0 0 0 1 13150.8 13150.8 13150.8 13150.8
0 0 1 0 0 1 0 0 0 0 0 2.83122e-08 -0 0 0 -0 0 0 0 0 0 0 0 0 0 0 0 0 0 1 13150.8 13150.8 13150.8 13150.8
0 0 1 0 0 1 0 0 0 0 0 2.83122e-08 -0 0 0 -0 0 0 0 0 0 0 0 0 0 0 0 0 0 1 13150.8 13150.8 13150.8 13150.8
0 0 1 0 0 1 0 0 0 0 0 2.40105e-08 -0 0 0 -0 0 0 0 0 0 0 0 0 0 0 0 0 0 1 13150.8 13150.8 13150.8 13150.8
0 0 1 0 0 1 0 0 0 0 0 2.40105e-08 -0 0 0 -0 0 0 0 0 0 0 0 0 0 0 0 0 0 1 13150.8 13150.8 13150.8 13150.8
0 0 1 0 0 1 0 0 0 0 0 3.43431e-08 -0 0 0 -0 0 0 0 0 0 0 0 0 0 0 0 0 0 1 13150.8 13150.8 13150.8 13150.8
0 0 1 0 0 1 0 0 0 0 0 3.21389e-08 -0 0 0 -0 0 0 0 0 0 0 0 0 0 0 0 0 0 1 13150.8 13150.8 13150.8 13150.8
0 0 1 0 0 1 0 0 0 0 0 3.00507e-08 -0 0 0 -0 0 0 0 0 0 0 0 0 0 0 0 0 0 1 13150.8 13150.8 13150.8 13150.8
0 0 1 0 0 1 0 0 0 0 0 2.78055e-08 -0 0 0 -0 0 0 0 0 0 0 0 0 0 0 0 0 0 1 13150.8 13150.8 13150.8 13150.8
0 0 1 0 0 1 0 0 0 0 0 2.55561e-08 -0 0 0 -0 0 0 0 0 0 0 0 0 0 0 0 0 0 1 13150.8 13150.8 13150.8 13150.8
0 0 1 0 0 1 0 0 0 0 0 2.55561e-08 -0 0 0 -0 0 0 0 0 0 0 0 0 0 0 0 0 0 1 13150.8 13150.8 13150.8 13150.8
0 0 1 0 0 1 0 0 0 0 0 2.12601e-08 -0 0 0 -0 0 0 0 0 0 0 0 0 0 0 0 0 0 1 13150.8 13150.8 13150.8 13150.8
0 0 1 0 0 1 0 0 0 0 0 2.64023e-08 -0 0 0 -0 0 0 0 0 0 0 0 0 0 0 0 0 0 1 13150.8 13150.8 13150.8 13150.8
0 0 1 0 0 1 0 0 0 0 0 2.41583e-08 -0 0 0 -0 0 0 0 0 0 0 0 0 0 0 0 0 0 1 13150.8 13150.8 13150.8 13150.8
0 0 1 0 0 1 0 0 0 0 0 2.41583e-08 -0 0 0 -0 0 0 0 0 0 0 0 0 0 0 0 0 0 1 13150.8 13150.8 13150.8 13150.8
0 0 1 0 0 1 0 0 0 0 0 1.98755e-08 -0 0 0 -0 0 0 0 0 0 0 0 0 0 0 0 0 0 1 13150.8 13150.8 13150.8 13150.8
0 0 1 0 0 1 0 0 0 0 0 2.51015e-08 -0 0 0 -0 0 0 0 0 0 0 0 0 0 0 0 0 0 1 13150.8 13150.8 13150.8 13150.8
0 0 1 0 0 1 0 0 0 0 0 2.28666e-08 -0 0 0 -0 0 0 0 0 0 0 0 0 0 0 0 0 0 1 13150.8 13150.8 13150.8 13150.8
0 0 1 0 0 1 0 0 0 0 0 2.28666e-08 -0 0 0 -0 0 0 0 0 0 0 0 0 0 0 0 0 0 1 13150.8 13150.8 13150.8 13150.8
0 0 1 0 0 1 0 0 0 0 0 1.85557e-08 -0 0 0 -0 0 0 0 0 0 0 0 0 0 0 0 0 0 1 13150.8 13150.8 13150.8 13150.8
0 0 1 0 0 1 0 0 0 0 0 2.37139e-08 -0 0 0 -0 0 0 0 0 0 0 0 0 0 0 0 0 0 1 13150.8 13150.8 13150.8 13150.8
0 0 1 0 0 1 0 0 0 0 0 2.14486e-08 -0 0 0 -0 0 0 0 0 0 0 0 0 0 0 0 0 0 1 13150.8 13150.8 13150.8 13150.8
0 0 1 0 0 1 0 0 0 0 0 2.14486e-08 -0 0 0 -0 0 0 0 0 0 0 0 0 0 0 0 0 0 1 13150.8 13150.8 13150.8 13150.8
0 0 1 0 0 1 0 0 0 0 0 1.72025e-08 -0 0 0 -0 0 0 0 0 0 0 0 0 0 0 0 0 0 1 13150.8 13150.8 13150.8 13150.8
0 0 1 0 0 1 0 0 0 0 0 2.25032e-08 -0 0 0 -0 0 0 0 0 0 0 0 0 0 0 0 0 0 1 13150.8 13150.8 13150.8 13150.8
0 0 1 0 0 1 0 0 0 0 0 2.02976e-08 -0 0 0 -0 0 0 0 0 0 0 0 0 0 0 0 0 0 1 13150.8 13150.8 13150.8 13150.8
0 0 1 0 0 1 0 0 0 0 0 2.53913e-08 -0 0 0 -0 0 0 0 0 0 0 0 0 0 0 0 0 0 1 13150.8 13150.8 13150.8 13150.8
0 0 1 0 0 1 0 0 0 0 0 2.33165e-08 -0 0 0 -0 0 0 0 0 0 0 0 0 0 0 0 0 0 1 13150.8 13150.8 13150.8 13150.8
0 0 1 0 0 1 0 0 0 0 0 2.10677e-08 -0 0 0 -0 0 0 0 0 0 0 0 0 0 0 0 0 0 1 13150.8 13150.8 13150.8 13150.8
0 0 1 0 0 1 0 0 0 0 0 1.88361e-08 -0 0 0 -0 0 0 0 0 0 0 0 0 0 0 0 0 0 1 13150.8 13150.8 13150.8 13150.8
0 0 1 0 0 1 0 0 0 0 0 1.88361e-08 -0 0 0 -0 0 0 0 0 0 0 0 0 0 0 0 0 0 1 13150.8 13150.8 13150.8 13150.8
0 0 1 0 0 1 0 0 0 0 0 2.88368e-08 -0 0 0 -0 0 0 0 0 0 0 0 0 0 0 0 0 0 1 13150.8 13150.8 13150.8 13150.8
0 0 1 0 0 1 0 0 0 0 0 2.65883e-08 -0 0 0 -0 0 0 0 0 0 0 0 0 0 0 0 0 0 1 13150.8 13150.8 13150.8 13150.8
0 0 1 0 0 1 0 0 0 0 0 2.43653e-08 -0 0 0 -0 0 0 0 0 0 0 0 0 0 0 0 0 0 1 13150.8 13150.8 13150.8 13150.8
0 0 1 0 0 1 0 0 0 0 0 2.43653e-08 -0 0 0 -0 0 0 0 0 0 0 0 0 0 0 0 0 0 1 13150.8 13150.8 13150.8 13150.8
0 0 1 0 0 1 0 0 0 0 0 2.00711e-08 -0 0 0 -0 0 0 0 0 0 0 0 0 0 0 0 0 0 1 13150.8 13150.8 13150.8 13150.8
0 0 1 0 0 1 0 0 0 0 0 1.78526e-08 -0 0 0 -0 0 0 0 0 0 0 0 0 0 0 0 0 0 1 13150.8 13150.8 13150.8 13150.8
0 0 1 0 0 1 0 0 0 0 0 2.31105e-08 -0 0 0 -0 0 0 0 0 0 0 0 0 0 0 0 0 0 1 13150.8 13150.8 13150.8 13150.8
0 0 1 0 0 1 0 0 0 0 0 2.31105e-08 -0 0 0 -0 0 0 0 0 0 0 0 0 0 0 0 0 0 1 13150.8 13150.8 13150.8 13150.8
0 0 1 0 0 1 0 0 0 0 0 1.88349e-08 -0 0 0 -0 0 0 0 0 0 0 0 0 0 0 0 0 0 1 13150.8 13150.8 13150.8 13150.8
0 0 1 0 0 1 0 0 0 0 0 1.65951e-08 -0 0 0 -0 0 0 0 0 0 0 0 0 0 0 0 0 0 1 13150.8 13150.8 13150.8 13150.8
0 0 1 0 0 1 0 0 0 0 0 2.1795e-08 -0 0 0 -0 0 0 0 0 0 0 0 0 0 0 0 0 0 1 13150.8 13150.8 13150.8 13150.8
0 0 1 0 0 1 0 0 0 0 0 2.1795e-08 -0 0 0 -0 0 0 0 0 0 0 0 0 0 0 0 0 0 1 13150.8 13150.8 13150.8 13150.8
0 0 1 0 0 1 0 0 0 0 0 1.75152e-08 -0 0 0 -0 0 0 0 0 0 0 0 0 0 0 0 0 0 1 13150.8 13150.8 13150.8 13150.8
0 0 1 0 0 1 0 0 0 0 0 1.52876e-08 -0 0 0 -0 0 0 0 0 0 0 0 0 0 0 0 0 0 1 13150.8 13150.8 13150.8 13150.8
0 0 1 0 0 1 0 0 0 0 0 2.0537e-08 -0 0 0 -0 0 0 0 0 0 0 0 0 0 0 0 0 0 1 13150.8 13150.8 13150.8 13150.8
0 0 1 0 0 1 0 0 0 0 0 1.83623e-08 -0 0 0 -0 0 0 0 0 0 0 0 0 0 0 0 0 0 1 13150.8 13150.8 13150.8 13150.8
0 0 1 0 0 1 0 0 0 0 0 1.62952e-08 -0 0 0 -0 0 0 0 0 0 0 0 0 0 0 0 0 0 1 13150.8 13150.8 13150.8 13150.8
0 0 1 0 0 1 0 0 0 0 0 2.16547e-08 -0 0 0 -0 0 0 0 0 0 0 0 0 0 0 0 0 0 1 13150.8 13150.8 13150.8 13150.8
0 0 1 0 0 1 0 0 0 0 0 1.94432e-08 -0 0 0 -0 0 0 0 0 0 0 0 0 0 0 0 0 0 1 13150.8 13150.8 13150.8 13150.8
0 0 1 0 0 1 0 0 0 0 0 1.94432e-08 -0 0 0 -0 0 0 0 0 0 0 0 0 0 0 0 0 0 1 13150.8 13150.8 13150.8 13150.8
0 0 1 0 0 1 0 0 0 0 0 1.51801e-08 -0 0 0 -0 0 0 0 0 0 0 0 0 0 0 0 0 0 1 13150.8 13150.8 13150.8 13150.8
0 0 1 0 0 1 0 0 0 0 0 2.0407e-08 -0 0 0 -0 0 0 0 0 0 0 0 0 0 0 0 0 0 1 13150.8 13150.8 13150.8 13150.8
0 0 1 0 0 1 0 0 0 0 0 1.81555e-08 -0 0 0 -0 0 0 0 0 0 0 0 0 0 0 0 0 0 1 13150.8 13150.8 13150.8 13150.8
0 0 1 0 0 1 0 0 0 0 0 1.59352e-08 -0 0 0 -0 0 0 0 0 0 0 0 0 0 0 0 0 0 1 13150.8 13150.8 13150.8 13150.8
0 0 1 0 0 1 0 0 0 0 0 1.38812e-08 -0 0 0 -0 0 0 0 0 0 0 0 0 0 0 0 0 0 1 13150.8 13150.8 13150.8 13150.8
0 0 1 0 0 1 0 0 0 0 0 1.90911e-08 -0 0 0 -0 0 0 0 0 0 0 0 0 0 0 0 0 0 1 13150.8 13150.8 13150.8 13150.8
0 0 1 0 0 1 0 0 0 0 0 1.68679e-08 -0 0 0 -0 0 0 0 0 0 0 0 0 0 0 0 0 0 1 13150.8 13150.8 13150.8 13150.8
0 0 1 0 0 1 0 0 0 0 0 1.68679e-08 -0 0 0 -0 0 0 0 0 0 0 0 0 0 0 0 0 0 1 13150.8 13150.8 13150.8 13150.8
0 0 1 0 0 1 0 0 0 0 0 1.25614e-08 -0 0 0 -0 0 0 0 0 0 0 0 0 0 0 0 0 0 1 13150.8 13150.8 13150.8 13150.8
0 0 1 0 0 1 0 0 0 0 0 1.77401e-08 -0 0 0 -0 0 0 0 0 0 0 0 0 0 0 0 0 0 1 13150.8 13150.8 13150.8 13150.8
0 0 1 0 0 1 0 0 0 0 0 1.5502e-08 -0 0 0 -0 0 0 0 0 0 0 0 0 0 0 0 0 0 1 13150.8 13150.8 13150.8 13150.8
0 0 1 0 0 1 0 0 0 0 0 1.5502e-08 -0 0 0 -0 0 0 0 0 0 0 0 0 0 0 0 0 0 1 13150.8 13150.8 13150.8 13150.8
0 0 1 0 0 1 0 0 0 0 0 1.12263e-08 -0 0 0 -0 0 0 0 0 0 0 0 0 0 0 0 0 0 1 13150.8 13150.8 13150.8 13150.8
0 0 1 0 0 1 0 0 0 0 0 1.64174e-08 -0 0 0 -0 0 0 0 0 0 0 0 0 0 0 0 0 0 1 13150.8 13150.8 13150.8 13150.8
0 0 1 0 0 1 0 0 0 0 0 1.41848e-08 -0 0 0 -0 0 0 0 0 0 0 0 0 0 0 0 0 0 1 13150.8 13150.8 13150.8 13150.8
0 0 1 0 0 1 0 0 0 0 0 1.41848e-08 -0 0 0 -0 0 0 0 0 0 0 0 0 0 0 0 0 0 1 13150.8 13150.8 13150.8 13150.8
0 0 1 0 0 1 0 0 0 0 0 9.88197e-09 -0 0 0 -0 0 0 0 0 0 0 0 0 0 0 0 0 0 1 13150.8 13150.8 13150.8 13150.8
0 0 1 0 0 1 0 0 0 0 0 1.50391e-08 -0 0 0 -0 0 0 0 0 0 0 0 0 0 0 0 0 0 1 13150.8 13150.8 13150.8 13150.8
0 0 1 0 0 1 0 0 0 0 0 2.02968e-08 -0 0 0 -0 0 0 0 0 0 0 0 0 0 0 0 0 0 1 13150.8 13150.8 13150.8 13150.8
0 0 1 0 0 1 0 0 0 0 0 2.02968e-08 -0 0 0 -0 0 0 0 0 0 0 0 0 0 0 0 0 0 1 13150.8 13150.8 13150.8 13150.8
0 0 1 0 0 1 0 0 0 0 0 1.6022e-08 -0 0 0 -0 0 0 0 0 0 0 0 0 0 0 0 0 0 1 13150.8 13150.8 13150.8 13150.8
0 0 1 0 0 1 0 0 0 0 0 1.37796e-08 -0 0 0 -0 0 0 0 0 0 0 0 0 0 0 0 0 0 1 13150.8 13150.8 13150.8 13150.8
0 0 1 0 0 1 0 0 0 0 0 1.15374e-08 -0 0 0 -0 0 0 0 0 0 0 0 0 0 0 0 0 0 1 13150.8 13150.8 13150.8 13150.8
0 0 1 0 0 1 0 0 0 0 0 1.15374e-08 -0 0 0 -0 0 0 0 0 0 0 0 0 0 0 0 0 0 1 13150.8 13150.8 13150.8 13150.8
0 0 1 0 0 1 0 0 0 0 0 2.14862e-08 -0 0 0 -0 0 0 0 0 0 0 0 0 0 0 0 0 0 1 13150.8 13150.8 13150.8 13150.8
0 0 1 0 0 1 0 0 0 0 0 1.92532e-08 -0 0 0 -0 0 0 0 0 0 0 0 0 0 0 0 0 0 1 13150.8 13150.8 13150.8 13150.8
0 0 1 0 0 1 0 0 0 0 0 1.7001e-08 -0 0 0 -0 0 0 0 0 0 0 0 0 0 0 0 0 0 1 13150.8 13150.8 13150.8 13150.8
0 0 1 0 0 1 0 0 0 0 0 1.7001e-08 -0 0 0 -0 0 0 0 0 0 0 0 0 0 0 0 0 0 1 13150.8 13150.8 13150.8 13150.8
0 0 1 0 0 1 0 0 0 0 0 1.2732e-08 -0 0 0 -0 0 0 0 0 0 0 0 0 0 0 0 0 0 1 13150.8 13150.8 13150.8 13150.8
0 0 1 0 0 1 0 0 0 0 0 1.04901e-08 -0 0 0 -0 0 0 0 0 0 0 0 0 0 0 0 0 0 1 13150.8 13150.8 13150.8 13150.8
0 0 1 0 0 1 0 0 0 0 0 1.56977e-08 -0 0 0 -0 0 0 0 0 0 0 0 0 0 0 0 0 0 1 13150.8 13150.8 13150.8 13150.8
0 0 1 0 0 1 0 0 0 0 0 1.35091e-08 -0 0 0 -0 0 0 0 0 0 0 0 0 0 0 0 0 0 1 13150.8 13150.8 13150.8 13150.8
0 0 1 0 0 1 0 0 0 0 0 1.14194e-08 -0 0 0 -0 0 0 0 0 0 0 0 0 0 0 0 0 0 1 13150.8 13150.8 13150.8 13150.8
0 0 1 0 0 1 0 0 0 0 0 9.18198e-09 -0 0 0 -0 0 0 0 0 0 0 0 0 0 0 0 0 0 1 13150.8 13150.8 13150.8 13150.8
0 0 1 0 0 1 0 0 0 0 0 1.43707e-08 -0 0 0 -0 0 0 0 0 0 0 0 0 0 0 0 0 0 1 13150.8 13150.8 13150.8 13150.8
0 0 1 0 0 1 0 0 0 0 0 1.43707e-08 -0 0 0 -0 0 0 0 0 0 0 0 0 0 0 0 0 0 1 13150.8 13150.8 13150.8 13150.8
0 0 1 0 0 1 0 0 0 0 0 1.21226e-08 -0 0 0 -0 0 0 0 0 0 0 0 0 0 0 0 0 0 1 13150.8 13150.8 13150.8 13150.8
0 0 1 0 0 1 0 0 0 0 0 7.84473e-09 -0 0 0 -0 0 0 0 0 0 0 0 0 0 0 0 0 0 1 13150.8 13150.8 13150.8 13150.8
0 0 1 0 0 1 0 0 0 0 0 1.30867e-08 -0 0 0 -0 0 0 0 0 0 0 0 0 0 0 0 0 0 1 13150.8 13150.8 13150.8 13150.8
0 0 1 0 0 1 0 0 0 0 0 1.09101e-08 -0 0 0 -0 0 0 0 0 0 0 0 0 0 0 0 0 0 1 13150.8 13150.8 13150.8 13150.8
0 0 1 0 0 1 0 0 0 0 0 8.82284e-09 -0 0 0 -0 0 0 0 0 0 0 0 0 0 0 0 0 0 1 13150.8 13150.8 13150.8 13150.8
0 0 1 0 0 1 0 0 0 0 0 1.40606e-08 -0 0 0 -0 0 0 0 0 0 0 0 0 0 0 0 0 0 1 13150.8 13150.8 13150.8 13150.8
0 0 1 0 0 1 0 0 0 0 0 1.18332e-08 -0 0 0 -0 0 0 0 0 0 0 0 0 0 0 0 0 0 1 13150.8 13150.8 13150.8 13150.8
0 0 1 0 0 1 0 0 0 0 0 1.18332e-08 -0 0 0 -0 0 0 0 0 0 0 0 0 0 0 0 0 0 1 13150.8 13150.8 13150.8 13150.8
0 0 1 0 0 1 0 0 0 0 0 7.54526e-09 -0 0 0 -0 0 0 0 0 0 0 0 0 0 0 0 0 0 1 13150.8 13150.8 13150.8 13150.8
0 0 1 0 0 1 0 0 0 0 0 1.27573e-08 -0 0 0 -0 0 0 0 0 0 0 0 0 0 0 0 0 0 1 13150.8 13150.8 13150.8 13150.8
0 0 1 0 0 1 0 0 0 0 0 1.05325e-08 -0 0 0 -0 0 0 0 0 0 0 0 0 0 0 0 0 0 1 13150.8 13150.8 13150.8 13150.8
0 0 1 0 0 1 0 0 0 0 0 8.29046e-09 -0 0 0 -0 0 0 0 0 0 0 0 0 0 0 0 0 0 1 13150.8 13150.8 13150.8 13150.8
0 0 1 0 0 1 0 0 0 0 0 1.30833e-08 -0 0 0 -0 0 0 0 0 0 0 0 0 0 0 0 0 0 1 13150.8 13150.8 13150.8 13150.8
0 0 1 0 0 1 0 0 0 0 0 1.08549e-08 -0 0 0 -0 0 0 0 0 0 0 0 0 0 0 0 0 0 1 13150.8 13150.8 13150.8 13150.8
0 0 1 0 0 1 0 0 0 0 0 8.61681e-09 -0 0 0 -0 0 0 0 0 0 0 0 0 0 0 0 0 0 1 13150.8 13150.8 13150.8 13150.8
0 0 1 0 0 1 0 0 0 0 0 1.38059e-08 -0 0 0 -0 0 0 0 0 0 0 0 0 0 0 0 0 0 1 13150.8 13150.8 13150.8 13150.8
0 0 1 0 0 1 0 0 0 0 0 1.17434e-08 -0 0 0 -0 0 0 0 0 0 0 0 0 0 0 0 0 0 1 13150.8 13150.8 13150.8 13150.8
0 0 1 0 0 1 0 0 0 0 0 9.52345e-09 -0 0 0 -0 0 0 0 0 0 0 0 0 0 0 0 0 0 1 13150.8 13150.8 13150.8 13150.8
0 0 1 0 0 1 0 0 0 0 0 7.30845e-09 -0 0 0 -0 0 0 0 0 0 0 0 0 0 0 0 0 0 1 13150.8 13150.8 13150.8 13150.8
0 0 1 0 0 1 0 0 0 0 0 7.30845e-09 -0 0 0 -0 0 0 0 0 0 0 0 0 0 0 0 0 0 1 13150.8 13150.8 13150.8 13150.8
0 0 1 0 0 1 0 0 0 0 0 1.73268e-08 -0 0 0 -0 0 0 0 0 0 0 0 0 0 0 0 0 0 1 13150.8 13150.8 13150.8 13150.8
0 0 1 0 0 1 0 0 0 0 0 1.73268e-08 -0 0 0 -0 0 0 0 0 0 0 0 0 0 0 0 0 0 1 13150.8 13150.8 13150.8 13150.8
0 0 1 0 0 1 0 0 0 0 0 1.28572e-08 -0 0 0 -0 0 0 0 0 0 0 0 0 0 0 0 0 0 1 13150.8 13150.8 13150.8 13150.8
0 0 1 0 0 1 0 0 0 0 0 1.0671e-08 -0 0 0 -0 0 0 0 0 0 0 0 0 0 0 0 0 0 1 13150.8 13150.8 13150.8 13150.8
0 0 1 0 0 1 0 0 0 0 0 8.56236e-09 -0 0 0 -0 0 0 0 0 0 0 0 0 0 0 0 0 0 1 13150.8 13150.8 13150.8 13150.8
0 0 1 0 0 1 0 0 0 0 0 6.32509e-09 -0 0 0 -0 0 0 0 0 0 0 0 0 0 0 0 0 0 1 13150.8 13150.8 13150.8 13150.8
0 0 1 0 0 1 0 0 0 0 0 1.1539e-08 -0 0 0 -0 0 0 0 0 0 0 0 0 0 0 0 0 0 1 13150.8 13150.8 13150.8 13150.8
0 0 1 0 0 1 0 0 0 0 0 1.1539e-08 -0 0 0 -0 0 0 0 0 0 0 0 0 0 0 0 0 0 1 13150.8 13150.8 13150.8 13150.8
0 0 1 0 0 1 0 0 0 0 0 7.23988e-09 -0 0 0 -0 0 0 0 0 0 0 0 0 0 0 0 0 0 1 13150.8 13150.8 13150.8 13150.8
0 0 1 0 0 1 0 0 0 0 0 1.24203e-08 -0 0 0 -0 0 0 0 0 0 0 0 0 0 0 0 0 0 1 13150.8 13150.8 13150.8 13150.8
0 0 1 0 0 1 0 0 0 0 0 1.01907e-08 -0 0 0 -0 0 0 0 0 0 0 0 0 0 0 0 0 0 1 13150.8 13150.8 13150.8 13150.8
0 0 1 0 0 1 0 0 0 0 0 7.95145e-09 -0 0 0 -0 0 0 0 0 0 0 0 0 0 0 0 0 0 1 13150.8 13150.8 13150.8 13150.8
0 0 1 0 0 1 0 0 0 0 0 5.90848e-09 -0 0 0 -0 0 0 0 0 0 0 0 0 0 0 0 0 0 1 13150.8 13150.8 13150.8 13150.8
0 0 1 0 0 1 0 0 0 0 0 1.11288e-08 -0 0 0 -0 0 0 0 0 0 0 0 0 0 0 0 0 0 1 13150.8 13150.8 13150.8 13150.8
0 0 1 0 0 1 0 0 0 0 0 8.89767e-09 -0 0 0 -0 0 0 0 0 0 0 0 0 0 0 0 0 0 1 13150.8 13150.8 13150.8 13150.8
0 0 1 0 0 1 0 0 0 0 0 6.64718e-09 -0 0 0 -0 0 0 0 0 0 0 0 0 0 0 0 0 0 1 13150.8 13150.8 13150.8 13150.8
0 0 1 0 0 1 0 0 0 0 0 1.13792e-08 -0 0 0 -0 0 0 0 0 0 0 0 0 0 0 0 0 0 1 13150.8 13150.8 13150.8 13150.8
0 0 1 0 0 1 0 0 0 0 0 9.13349e-09 -0 0 0 -0 0 0 0 0 0 0 0 0 0 0 0 0 0 1 13150.8 13150.8 13150.8 13150.8
0 0 1 0 0 1 0 0 0 0 0 6.94411e-09 -0 0 0 -0 0 0 0 0 0 0 0 0 0 0 0 0 0 1 13150.8 13150.8 13150.8 13150.8
0 0 1 0 0 1 0 0 0 0 0 6.94411e-09 -0 0 0 -0 0 0 0 0 0 0 0 0 0 0 0 0 0 1 13150.8 13150.8 13150.8 13150.8
0 0 1 0 0 1 0 0 0 0 0 1.70528e-08 -0 0 0 -0 0 0 0 0 0 0 0 0 0 0 0 0 0 1 13150.8 13150.8 13150.8 13150.8
0 0 1 0 0 1 0 0 0 0 0 1.48239e-08 -0 0 0 -0 0 0 0 0 0 0 0 0 0 0 0 0 0 1 13150.8 13150.8 13150.8 13150.8
0 0 1 0 0 1 0 0 0 0 0 1.26018e-08 -0 0 0 -0 0 0 0 0 0 0 0 0 0 0 0 0 0 1 13150.8 13150.8 13150.8 13150.8
0 0 1 0 0 1 0 0 0 0 0 1.04219e-08 -0 0 0 -0 0 0 0 0 0 0 0 0 0 0 0 0 0 1 13150.8 13150.8 13150.8 13150.8
0 0 1 0 0 1 0 0 0 0 0 8.31757e-09 -0 0 0 -0 0 0 0 0 0 0 0 0 0 0 0 0 0 1 13150.8 13150.8 13150.8 13150.8
0 0 1 0 0 1 0 0 0 0 0 6.05582e-09 -0 0 0 -0 0 0 0 0 0 0 0 0 0 0 0 0 0 1 13150.8 13150.8 13150.8 13150.8
0 0 1 0 0 1 0 0 0 0 0 1.1218e-08 -0 0 0 -0 0 0 0 0 0 0 0 0 0 0 0 0 0 1 13150.8 13150.8 13150.8 13150.8
0 0 1 0 0 1 0 0 0 0 0 1.1218e-08 -0 0 0 -0 0 0 0 0 0 0 0 0 0 0 0 0 0 1 13150.8 13150.8 13150.8 13150.8
0 0 1 0 0 1 0 0 0 0 0 6.93694e-09 -0 0 0 -0 0 0 0 0 0 0 0 0 0 0 0 0 0 1 13150.8 13150.8 13150.8 13150.8
0 0 1 0 0 1 0 0 0 0 0 4.69797e-09 -0 0 0 -0 0 0 0 0 0 0 0 0 0 0 0 0 0 1 13150.8 13150.8 13150.8 13150.8
0 0 1 0 0 1 0 0 0 0 0 9.93015e-09 -0 0 0 -0 0 0 0 0 0 0 0 0 0 0 0 0 0 1 13150.8 13150.8 13150.8 13150.8
0 0 1 0 0 1 0 0 0 0 0 9.93015e-09 -0 0 0 -0 0 0 0 0 0 0 0 0 0 0 0 0 0 1 13150.8 13150.8 13150.8 13150.8
0 0 1 0 0 1 0 0 0 0 0 5.63022e-09 -0 0 0 -0 0 0 0 0 0 0 0 0 0 0 0 0 0 1 13150.8 13150.8 13150.8 13150.8
0 0 1 0 0 1 0 0 0 0 0 1.08212e-08 -0 0 0 -0 0 0 0 0 0 0 0 0 0 0 0 0 0 1 13150.8 13150.8 13150.8 13150.8
0 0 1 0 0 1 0 0 0 0 0 8.60637e-09 -0 0 0 -0 0 0 0 0 0 0 0 0 0 0 0 0 0 1 13150.8 13150.8 13150.8 13150.8
0 0 1 0 0 1 0 0 0 0 0 8.60637e-09 -0 0 0 -0 0 0 0 0 0 0 0 0 0 0 0 0 0 1 13150.8 13150.8 13150.8 13150.8
0 0 1 0 0 1 0 0 0 0 0 4.32042e-09 -0 0 0 -0 0 0 0 0 0 0 0 0 0 0 0 0 0 1 13150.8 13150.8 13150.8 13150.8
0 0 1 0 0 1 0 0 0 0 0 9.5889e-09 -0 0 0 -0 0 0 0 0 0 0 0 0 0 0 0 0 0 1 13150.8 13150.8 13150.8 13150.8
0 0 1 0 0 1 0 0 0 0 0 7.4374e-09 -0 0 0 -0 0 0 0 0 0 0 0 0 0 0 0 0 0 1 13150.8 13150.8 13150.8 13150.8
0 0 1 0 0 1 0 0 0 0 0 5.13833e-09 -0 0 0 -0 0 0 0 0 0 0 0 0 0 0 0 0 0 1 13150.8 13150.8 13150.8 13150.8
0 0 1 0 0 1 0 0 0 0 0 9.87604e-09 -0 0 0 -0 0 0 0 0 0 0 0 0 0 0 0 0 0 1 13150.8 13150.8 13150.8 13150.8
0 0 1 0 0 1 0 0 0 0 0 7.62486e-09 -0 0 0 -0 0 0 0 0 0 0 0 0 0 0 0 0 0 1 13150.8 13150.8 13150.8 13150.8
0 0 1 0 0 1 0 0 0 0 0 5.38638e-09 -0 0 0 -0 0 0 0 0 0 0 0 0 0 0 0 0 0 1 13150.8 13150.8 13150.8 13150.8
0 0 1 0 0 1 0 0 0 0 0 3.22215e-09 -0 0 0 -0 0 0 0 0 0 0 0 0 0 0 0 0 0 1 13150.8 13150.8 13150.8 13150.8
0 0 1 0 0 1 0 0 0 0 0 8.15136e-09 -0 0 0 -0 0 0 0 0 0 0 0 0 0 0 0 0 0 1 13150.8 13150.8 13150.8 13150.8
0 0 1 0 0 1 0 0 0 0 0 5.92016e-09 -0 0 0 -0 0 0 0 0 0 0 0 0 0 0 0 0 0 1 13150.8 13150.8 13150.8 13150.8
0 0 1 0 0 1 0 0 0 0 0 3.68718e-09 -0 0 0 -0 0 0 0 0 0 0 0 0 0 0 0 0 0 1 13150.8 13150.8 13150.8 13150.8
0 0 1 0 0 1 0 0 0 0 0 8.83388e-09 -0 0 0 -0 0 0 0 0 0 0 0 0 0 0 0 0 0 1 13150.8 13150.8 13150.8 13150.8
0 0 1 0 0 1 0 0 0 0 0 6.75863e-09 -0 0 0 -0 0 0 0 0 0 0 0 0 0 0 0 0 0 1 13150.8 13150.8 13150.8 13150.8
0 0 1 0 0 1 0 0 0 0 0 4.52233e-09 -0 0 0 -0 0 0 0 0 0 0 0 0 0 0 0 0 0 1 13150.8 13150.8 13150.8 13150.8
0 0 1 0 0 1 0 0 0 0 0 9.75115e-09 -0 0 0 -0 0 0 0 0 0 0 0 0 0 0 0 0 0 1 13150.8 13150.8 13150.8 13150.8
0 0 1 0 0 1 0 0 0 0 0 7.52083e-09 -0 0 0 -0 0 0 0 0 0 0 0 0 0 0 0 0 0 1 13150.8 13150.8 13150.8 13150.8
0 0 1 0 0 1 0 0 0 0 0 5.47782e-09 -0 0 0 -0 0 0 0 0 0 0 0 0 0 0 0 0 0 1 13150.8 13150.8 13150.8 13150.8
0 0 1 0 0 1 0 0 0 0 0 3.23132e-09 -0 0 0 -0 0 0 0 0 0 0 0 0 0 0 0 0 0 1 13150.8 13150.8 13150.8 13150.8
0 0 1 0 0 1 0 0 0 0 0 8.49573e-09 -0 0 0 -0 0 0 0 0 0 0 0 0 0 0 0 0 0 1 13150.8 13150.8 13150.8 13150.8
0 0 1 0 0 1 0 0 0 0 0 8.49573e-09 -0 0 0 -0 0 0 0 0 0 0 0 0 0 0 0 0 0 1 13150.8 13150.8 13150.8 13150.8
0 0 1 0 0 1 0 0 0 0 0 4.23556e-09 -0 0 0 -0 0 0 0 0 0 0 0 0 0 0 0 0 0 1 13150.8 13150.8 13150.8 13150.8
0 0 1 0 0 1 0 0 0 0 0 9.44793e-09 -0 0 0 -0 0 0 0 0 0 0 0 0 0 0 0 0 0 1 13150.8 13150.8 13150.8 13150.8
0 0 1 0 0 1 0 0 0 0 0 7.23515e-09 -0 0 0 -0 0 0 0 0 0 0 0 0 0 0 0 0 0 1 13150.8 13150.8 13150.8 13150.8
0 0 1 0 0 1 0 0 0 0 0 4.97822e-09 -0 0 0 -0 0 0 0 0 0 0 0 0 0 0 0 0 0 1 13150.8 13150.8 13150.8 13150.8
0 0 1 0 0 1 0 0 0 0 0 2.94529e-09 -0 0 0 -0 0 0 0 0 0 0 0 0 0 0 0 0 0 1 13150.8 13150.8 13150.8 13150.8
0 0 1 0 0 1 0 0 0 0 0 8.17262e-09 -0 0 0 -0 0 0 0 0 0 0 0 0 0 0 0 0 0 1 13150.8 13150.8 13150.8 13150.8
0 0 1 0 0 1 0 0 0 0 0 5.93218e-09 -0 0 0 -0 0 0 0 0 0 0 0 0 0 0 0 0 0 1 13150.8 13150.8 13150.8 13150.8
0 0 1 0 0 1 0 0 0 0 0 5.93218e-09 -0 0 0 -0 0 0 0 0 0 0 0 0 0 0 0 0 0 1 13150.8 13150.8 13150.8 13150.8
0 0 1 0 0 1 0 0 0 0 0 1.65e-09 -0 0 0 -0 0 0 0 0 0 0 0 0 0 0 0 0 0 1 13150.8 13150.8 13150.8 13150.8
0 0 1 0 0 1 0 0 0 0 0 6.84716e-09 -0 0 0 -0 0 0 0 0 0 0 0 0 0 0 0 0 0 1 13150.8 13150.8 13150.8 13150.8
0 0 1 0 0 1 0 0 0 0 0 4.59776e-09 -0 0 0 -0 0 0 0 0 0 0 0 0 0 0 0 0 0 1 13150.8 13150.8 13150.8 13150.8
0 0 1 0 0 1 0 0 0 0 0 4.59776e-09 -0 0 0 -0 0 0 0 0 0 0 0 0 0 0 0 0 0 1 13150.8 13150.8 13150.8 13150.8
0 0 1 0 0 1 0 0 0 0 0 3.24764e-10 -0 0 0 -0 0 0 0 0 0 0 0 0 0 0 0 0 0 1 13150.8 13150.8 13150.8 13150.8
0 0 1 0 0 1 0 0 0 0 0 5.566e-09 -0 0 0 -0 0 0 0 0 0 0 0 0 0 0 0 0 0 1 13150.8 13150.8 13150.8 13150.8
0 0 1 0 0 1 0 0 0 0 0 3.34101e-09 -0 0 0 -0 0 0 0 0 0 0 0 0 0 0 0 0 0 1 13150.8 13150.8 13150.8 13150.8
0 0 1 0 0 1 0 0 0 0 0 8.54474e-09 -0 0 0 -0 0 0 0 0 0 0 0 0 0 0 0 0 0 1 13150.8 13150.8 13150.8 13150.8
0 0 1 0 0 1 0 0 0 0 0 6.50221e-09 -0 0 0 -0 0 0 0 0 0 0 0 0 0 0 0 0 0 1 13150.8 13150.8 13150.8 13150.8
0 0 1 0 0 1 0 0 0 0 0 4.24675e-09 -0 0 0 -0 0 0 0 0 0 0 0 0 0 0 0 0 0 1 13150.8 13150.8 13150.8 13150.8
0 0 1 0 0 1 0 0 0 0 0 2.01743e-09 -0 0 0 -0 0 0 0 0 0 0 0 0 0 0 0 0 0 1 13150.8 13150.8 13150.8 13150.8
0 0 1 0 0 1 0 0 0 0 0 7.19718e-09 -0 0 0 -0 0 0 0 0 0 0 0 0 0 0 0 0 0 1 13150.8 13150.8 13150.8 13150.8
0 0 1 0 0 1 0 0 0 0 0 5.15244e-09 -0 0 0 -0 0 0 0 0 0 0 0 0 0 0 0 0 0 1 13150.8 13150.8 13150.8 13150.8
0 0 1 0 0 1 0 0 0 0 0 2.91723e-09 -0 0 0 -0 0 0 0 0 0 0 0 0 0 0 0 0 0 1 13150.8 13150.8 13150.8 13150.8
0 0 1 0 0 1 0 0 0 0 0 7.8534e-09 -0 0 0 -0 0 0 0 0 0 0 0 0 0 0 0 0 0 1 13150.8 13150.8 13150.8 13150.8
0 0 1 0 0 1 0 0 0 0 0 7.8534e-09 -0 0 0 -0 0 0 0 0 0 0 0 0 0 0 0 0 0 1 13150.8 13150.8 13150.8 13150.8
0 0 1 0 0 1 0 0 0 0 0 3.4248e-09 -0 0 0 -0 0 0 0 0 0 0 0 0 0 0 0 0 0 1 13150.8 13150.8 13150.8 13150.8
0 0 1 0 0 1 0 0 0 0 0 8.60786e-09 -0 0 0 -0 0 0 0 0 0 0 0 0 0 0 0 0 0 1 13150.8 13150.8 13150.8 13150.8
0 0 1 0 0 1 0 0 0 0 0 6.37057e-09 -0 0 0 -0 0 0 0 0 0 0 0 0 0 0 0 0 0 1 13150.8 13150.8 13150.8 13150.8
0 0 1 0 0 1 0 0 0 0 0 6.37057e-09 -0 0 0 -0 0 0 0 0 0 0 0 0 0 0 0 0 0 1 13150.8 13150.8 13150.8 13150.8
0 0 1 0 0 1 0 0 0 0 0 4.13311e-09 -0 0 0 -0 0 0 0 0 0 0 0 0 0 0 0 0 0 1 13150.8 13150.8 13150.8 13150.8
0 0 1 0 0 1 0 0 0 0 0 -1.39743e-10 -0 0 0 -0 0 0 0 0 0 0 0 0 0 0 0 0 0 1 13150.8 13150.8 13150.8 13150.8
0 0 1 0 0 1 0 0 0 0 0 5.06876e-09 -0 0 0 -0 0 0 0 0 0 0 0 0 0 0 0 0 0 1 13150.8 13150.8 13150.8 13150.8
0 0 1 0 0 1 0 0 0 0 0 2.87169e-09 -0 0 0 -0 0 0 0 0 0 0 0 0 0 0 0 0 0 1 13150.8 13150.8 13150.8 13150.8
0 0 1 0 0 1 0 0 0 0 0 7.71264e-09 -0 0 0 -0 0 0 0 0 0 0 0 0 0 0 0 0 0 1 13150.8 13150.8 13150.8 13150.8
0 0 1 0 0 1 0 0 0 0 0 5.44936e-09 -0 0 0 -0 0 0 0 0 0 0 0 0 0 0 0 0 0 1 13150.8 13150.8 13150.8 13150.8
0 0 1 0 0 1 0 0 0 0 0 3.23056e-09 -0 0 0 -0 0 0 0 0 0 0 0 0 0 0 0 0 0 1 13150.8 13150.8 13150.8 13150.8
0 0 1 0 0 1 0 0 0 0 0 3.23056e-09 -0 0 0 -0 0 0 0 0 0 0 0 0 0 0 0 0 0 1 13150.8 13150.8 13150.8 13150.8
0 0 1 0 0 1 0 0 0 0 0 -1.06566e-09 -0 0 0 -0 0 0 0 0 0 0 0 0 0 0 0 0 0 1 13150.8 13150.8 13150.8 13150.8
0 0 1 0 0 1 0 0 0 0 0 4.10274e-09 -0 0 0 -0 0 0 0 0 0 0 0 0 0 0 0 0 0 1 13150.8 13150.8 13150.8 13150.8
0 0 1 0 0 1 0 0 0 0 0 1.8607e-09 -0 0 0 -0 0 0 0 0 0 0 0 0 0 0 0 0 0 1 13150.8 13150.8 13150.8 13150.8
0 0 1 0 0 1 0 0 0 0 0 1.8607e-09 -0 0 0 -0 0 0 0 0 0 0 0 0 0 0 0 0 0 1 13150.8 13150.8 13150.8 13150.8
0 0 1 0 0 1 0 0 0 0 0 1.18328e-08 -0 0 0 -0 0 0 0 0 0 0 0 0 0 0 0 0 0 1 13150.8 13150.8 13150.8 13150.8
0 0 1 0 0 1 0 0 0 0 0 9.5996e-09 -0 0 0 -0 0 0 0 0 0 0 0 0 0 0 0 0 0 1 13150.8 13150.8 13150.8 13150.8
0 0 1 0 0 1 0 0 0 0 0 7.32828e-09 -0 0 0 -0 0 0 0 0 0 0 0 0 0 0 0 0 0 1 13150.8 13150.8 13150.8 13150.8
0 0 1 0 0 1 0 0 0 0 0 7.32828e-09 -0 0 0 -0 0 0 0 0 0 0 0 0 0 0 0 0 0 1 13150.8 13150.8 13150.8 13150.8
0 0 1 0 0 1 0 0 0 0 0 3.06139e-09 -0 0 0 -0 0 0 0 0 0 0 0 0 0 0 0 0 0 1 13150.8 13150.8 13150.8 13150.8
0 0 1 0 0 1 0 0 0 0 0 8.25093e-10 -0 0 0 -0 0 0 0 0 0 0 0 0 0 0 0 0 0 1 13150.8 13150.8 13150.8 13150.8
0 0 1 0 0 1 0 0 0 0 0 6.03177e-09 -0 0 0 -0 0 0 0 0 0 0 0 0 0 0 0 0 0 1 13150.8 13150.8 13150.8 13150.8
0 0 1 0 0 1 0 0 0 0 0 6.03177e-09 -0 0 0 -0 0 0 0 0 0 0 0 0 0 0 0 0 0 1 13150.8 13150.8 13150.8 13150.8
0 0 1 0 0 1 0 0 0 0 0 1.73399e-09 -0 0 0 -0 0 0 0 0 0 0 0 0 0 0 0 0 0 1 13150.8 13150.8 13150.8 13150.8
0 0 1 0 0 1 0 0 0 0 0 6.89739e-09 -0 0 0 -0 0 0 0 0 0 0 0 0 0 0 0 0 0 1 13150.8 13150.8 13150.8 13150.8
0 0 1 0 0 1 0 0 0 0 0 4.65393e-09 -0 0 0 -0 0 0 0 0 0 0 0 0 0 0 0 0 0 1 13150.8 13150.8 13150.8 13150.8
0 0 1 0 0 1 0 0 0 0 0 2.47771e-09 -0 0 0 -0 0 0 0 0 0 0 0 0 0 0 0 0 0 1 13150.8 13150.8 13150.8 13150.8
0 0 1 0 0 1 0 0 0 0 0 3.55534e-10 -0 0 0 -0 0 0 0 0 0 0 0 0 0 0 0 0 0 1 13150.8 13150.8 13150.8 13150.8
0 0 1 0 0 1 0 0 0 0 0 5.50315e-09 -0 0 0 -0 0 0 0 0 0 0 0 0 0 0 0 0 0 1 13150.8 13150.8 13150.8 13150.8
0 0 1 0 0 1 0 0 0 0 0 3.25217e-09 -0 0 0 -0 0 0 0 0 0 0 0 0 0 0 0 0 0 1 13150.8 13150.8 13150.8 13150.8
0 0 1 0 0 1 0 0 0 0 0 3.25217e-09 -0 0 0 -0 0 0 0 0 0 0 0 0 0 0 0 0 0 1 13150.8 13150.8 13150.8 13150.8
0 0 1 0 0 1 0 0 0 0 0 -1.0191e-09 -0 0 0 -0 0 0 0 0 0 0 0 0 0 0 0 0 0 1 13150.8 13150.8 13150.8 13150.8
0 0 1 0 0 1 0 0 0 0 0 4.24325e-09 -0 0 0 -0 0 0 0 0 0 0 0 0 0 0 0 0 0 1 13150.8 13150.8 13150.8 13150.8
0 0 1 0 0 1 0 0 0 0 0 2.01526e-09 -0 0 0 -0 0 0 0 0 0 0 0 0 0 0 0 0 0 1 13150.8 13150.8 13150.8 13150.8
0 0 1 0 0 1 0 0 0 0 0 2.01526e-09 -0 0 0 -0 0 0 0 0 0 0 0 0 0 0 0 0 0 1 13150.8 13150.8 13150.8 13150.8
0 0 1 0 0 1 0 0 0 0 0 1.19859e-08 -0 0 0 -0 0 0 0 0 0 0 0 0 0 0 0 0 0 1 13150.8 13150.8 13150.8 13150.8
0 0 1 0 0 1 0 0 0 0 0 9.75826e-09 -0 0 0 -0 0 0 0 0 0 0 0 0 0 0 0 0 0 1 13150.8 13150.8 13150.8 13150.8
0 0 1 0 0 1 0 0 0 0 0 7.51756e-09 -0 0 0 -0 0 0 0 0 0 0 0 0 0 0 0 0 0 1 13150.8 13150.8 13150.8 13150.8
0 0 1 0 0 1 0 0 0 0 0 7.51756e-09 -0 0 0 -0 0 0 0 0 0 0 0 0 0 0 0 0 0 1 13150.8 13150.8 13150.8 13150.8
0 0 1 0 0 1 0 0 0 0 0 3.23021e-09 -0 0 0 -0 0 0 0 0 0 0 0 0 0 0 0 0 0 1 13150.8 13150.8 13150.8 13150.8
0 0 1 0 0 1 0 0 0 0 0 9.76692e-10 -0 0 0 -0 0 0 0 0 0 0 0 0 0 0 0 0 0 1 13150.8 13150.8 13150.8 13150.8
0 0 1 0 0 1 0 0 0 0 0 6.14666e-09 -0 0 0 -0 0 0 0 0 0 0 0 0 0 0 0 0 0 1 13150.8 13150.8 13150.8 13150.8
0 0 1 0 0 1 0 0 0 0 0 6.14666e-09 -0 0 0 -0 0 0 0 0 0 0 0 0 0 0 0 0 0 1 13150.8 13150.8 13150.8 13150.8
0 0 1 0 0 1 0 0 0 0 0 1.86581e-09 -0 0 0 -0 0 0 0 0 0 0 0 0 0 0 0 0 0 1 13150.8 13150.8 13150.8 13150.8
0 0 1 0 0 1 0 0 0 0 0 -3.59193e-10 -0 0 0 -0 0 0 0 0 0 0 0 0 0 0 0 0 0 1 13150.8 13150.8 13150.8 13150.8
0 0 1 0 0 1 0 0 0 0 0 4.84055e-09 -0 0 0 -0 0 0 0 0 0 0 0 0 0 0 0 0 0 1 13150.8 13150.8 13150.8 13150.8
0 0 1 0 0 1 0 0 0 0 0 2.63156e-09 -0 0 0 -0 0 0 0 0 0 0 0 0 0 0 0 0 0 1 13150.8 13150.8 13150.8 13150.8
0 0 1 0 0 1 0 0 0 0 0 5.27343e-10 -0 0 0 -0 0 0 0 0 0 0 0 0 0 0 0 0 0 1 13150.8 13150.8 13150.8 13150.8
0 0 1 0 0 1 0 0 0 0 0 5.67973e-09 -0 0 0 -0 0 0 0 0 0 0 0 0 0 0 0 0 0 1 13150.8 13150.8 13150.8 13150.8
0 0 1 0 0 1 0 0 0 0 0 3.44572e-09 -0 0 0 -0 0 0 0 0 0 0 0 0 0 0 0 0 0 1 13150.8 13150.8 13150.8 13150.8
0 0 1 0 0 1 0 0 0 0 0 3.44572e-09 -0 0 0 -0 0 0 0 0 0 0 0 0 0 0 0 0 0 1 13150.8 13150.8 13150.8 13150.8
0 0 1 0 0 1 0 0 0 0 0 -8.48588e-10 -0 0 0 -0 0 0 0 0 0 0 0 0 0 0 0 0 0 1 13150.8 13150.8 13150.8 13150.8
0 0 1 0 0 1 0 0 0 0 0 4.41298e-09 -0 0 0 -0 0 0 0 0 0 0 0 0 0 0 0 0 0 1 13150.8 13150.8 13150.8 13150.8
0 0 1 0 0 1 0 0 0 0 0 2.18614e-09 -0 0 0 -0 0 0 0 0 0 0 0 0 0 0 0 0 0 1 13150.8 13150.8 13150.8 13150.8
0 0 1 0 0 1 0 0 0 0 0 2.18614e-09 -0 0 0 -0 0 0 0 0 0 0 0 0 0 0 0 0 0 1 13150.8 13150.8 13150.8 13150.8
0 0 1 0 0 1 0 0 0 0 0 -2.09152e-09 -0 0 0 -0 0 0 0 0 0 0 0 0 0 0 0 0 0 1 13150.8 13150.8 13150.8 13150.8
0 0 1 0 0 1 0 0 0 0 0 3.09662e-09 -0 0 0 -0 0 0 0 0 0 0 0 0 0 0 0 0 0 1 13150.8 13150.8 13150.8 13150.8
0 0 1 0 0 1 0 0 0 0 0 8.57052e-10 -0 0 0 -0 0 0 0 0 0 0 0 0 0 0 0 0 0 1 13150.8 13150.8 13150.8 13150.8
0 0 1 0 0 1 0 0 0 0 0 8.57052e-10 -0 0 0 -0 0 0 0 0 0 0 0 0 0 0 0 0 0 1 13150.8 13150.8 13150.8 13150.8
0 0 1 0 0 1 0 0 0 0 0 1.0851e-08 -0 0 0 -0 0 0 0 0 0 0 0 0 0 0 0 0 0 1 13150.8 13150.8 13150.8 13150.8
0 0 1 0 0 1 0 0 0 0 0 8.60577e-09 -0 0 0 -0 0 0 0 0 0 0 0 0 0 0 0 0 0 1 13150.8 13150.8 13150.8 13150.8
0 0 1 0 0 1 0 0 0 0 0 6.38637e-09 -0 0 0 -0 0 0 0 0 0 0 0 0 0 0 0 0 0 1 13150.8 13150.8 13150.8 13150.8
0 0 1 0 0 1 0 0 0 0 0 6.38637e-09 -0 0 0 -0 0 0 0 0 0 0 0 0 0 0 0 0 0 1 13150.8 13150.8 13150.8 13150.8
0 0 1 0 0 1 0 0 0 0 0 2.11013e-09 -0 0 0 -0 0 0 0 0 0 0 0 0 0 0 0 0 0 1 13150.8 13150.8 13150.8 13150.8
0 0 1 0 0 1 0 0 0 0 0 -1.28153e-10 -0 0 0 -0 0 0 0 0 0 0 0 0 0 0 0 0 0 1 13150.8 13150.8 13150.8 13150.8
0 0 1 0 0 1 0 0 0 0 0 5.0736e-09 -0 0 0 -0 0 0 0 0 0 0 0 0 0 0 0 0 0 1 13150.8 13150.8 13150.8 13150.8
0 0 1 0 0 1 0 0 0 0 0 2.89624e-09 -0 0 0 -0 0 0 0 0 0 0 0 0 0 0 0 0 0 1 13150.8 13150.8 13150.8 13150.8
0 0 1 0 0 1 0 0 0 0 0 7.95476e-10 -0 0 0 -0 0 0 0 0 0 0 0 0 0 0 0 0 0 1 13150.8 13150.8 13150.8 13150.8
0 0 1 0 0 1 0 0 0 0 0 5.99077e-09 -0 0 0 -0 0 0 0 0 0 0 0 0 0 0 0 0 0 1 13150.8 13150.8 13150.8 13150.8
0 0 1 0 0 1 0 0 0 0 0 3.73424e-09 -0 0 0 -0 0 0 0 0 0 0 0 0 0 0 0 0 0 1 13150.8 13150.8 13150.8 13150.8
0 0 1 0 0 1 0 0 0 0 0 3.73424e-09 -0 0 0 -0 0 0 0 0 0 0 0 0 0 0 0 0 0 1 13150.8 13150.8 13150.8 13150.8
0 0 1 0 0 1 0 0 0 0 0 -5.40422e-10 -0 0 0 -0 0 0 0 0 0 0 0 0 0 0 0 0 0 1 13150.8 13150.8 13150.8 13150.8
0 0 1 0 0 1 0 0 0 0 0 4.66091e-09 -0 0 0 -0 0 0 0 0 0 0 0 0 0 0 0 0 0 1 13150.8 13150.8 13150.8 13150.8
0 0 1 0 0 1 0 0 0 0 0 2.41957e-09 -0 0 0 -0 0 0 0 0 0 0 0 0 0 0 0 0 0 1 13150.8 13150.8 13150.8 13150.8
0 0 1 0 0 1 0 0 0 0 0 2.41957e-09 -0 0 0 -0 0 0 0 0 0 0 0 0 0 0 0 0 0 1 13150.8 13150.8 13150.8 13150.8
0 0 1 0 0 1 0 0 0 0 0 -1.86016e-09 -0 0 0 -0 0 0 0 0 0 0 0 0 0 0 0 0 0 1 13150.8 13150.8 13150.8 13150.8
0 0 1 0 0 1 0 0 0 0 0 3.34014e-09 -0 0 0 -0 0 0 0 0 0 0 0 0 0 0 0 0 0 1 13150.8 13150.8 13150.8 13150.8
0 0 1 0 0 1 0 0 0 0 0 1.10347e-09 -0 0 0 -0 0 0 0 0 0 0 0 0 0 0 0 0 0 1 13150.8 13150.8 13150.8 13150.8
0 0 1 0 0 1 0 0 0 0 0 1.10347e-09 -0 0 0 -0 0 0 0 0 0 0 0 0 0 0 0 0 0 1 13150.8 13150.8 13150.8 13150.8
0 0 1 0 0 1 0 0 0 0 0 -3.18418e-09 -0 0 0 -0 0 0 0 0 0 0 0 0 0 0 0 0 0 1 13150.8 13150.8 13150.8 13150.8
0 0 1 0 0 1 0 0 0 0 0 1.95387e-09 -0 0 0 -0 0 0 0 0 0 0 0 0 0 0 0 0 0 1 13150.8 13150.8 13150.8 13150.8
0 0 1 0 0 1 0 0 0 0 0 -3.14219e-10 -0 0 0 -0 0 0 0 0 0 0 0 0 0 0 0 0 0 1 13150.8 13150.8 13150.8 13150.8
0 0 1 0 0 1 0 0 0 0 0 -3.14219e-10 -0 0 0 -0 0 0 0 0 0 0 0 0 0 0 0 0 0 1 13150.8 13150.8 13150.8 13150.8
0 0 1 0 0 1 0 0 0 0 0 9.65879e-09 -0 0 0 -0 0 0 0 0 0 0 0 0 0 0 0 0 0 1 13150.8 13150.8 13150.8 13150.8
0 0 1 0 0 1 0 0 0 0 0 7.42513e-09 -0 0 0 -0 0 0 0 0 0 0 0 0 0 0 0 0 0 1 13150.8 13150.8 13150.8 13150.8
0 0 1 0 0 1 0 0 0 0 0 5.15894e-09 -0 0 0 -0 0 0 0 0 0 0 0 0 0 0 0 0 0 1 13150.8 13150.8 13150.8 13150.8
0 0 1 0 0 1 0 0 0 0 0 5.15894e-09 -0 0 0 -0 0 0 0 0 0 0 0 0 0 0 0 0 0 1 13150.8 13150.8 13150.8 13150.8
0 0 1 0 0 1 0 0 0 0 0 8.99928e-10 -0 0 0 -0 0 0 0 0 0 0 0 0 0 0 0 0 0 1 13150.8 13150.8 13150.8 13150.8
0 0 1 0 0 1 0 0 0 0 0 -1.3601e-09 -0 0 0 -0 0 0 0 0 0 0 0 0 0 0 0 0 0 1 13150.8 13150.8 13150.8 13150.8
0 0 1 0 0 1 0 0 0 0 0 3.81425e-09 -0 0 0 -0 0 0 0 0 0 0 0 0 0 0 0 0 0 1 13150.8 13150.8 13150.8 13150.8
0 0 1 0 0 1 0 0 0 0 0 1.57585e-09 -0 0 0 -0 0 0 0 0 0 0 0 0 0 0 0 0 0 1 13150.8 13150.8 13150.8 13150.8
0 0 1 0 0 1 0 0 0 0 0 -4.62401e-10 -0 0 0 -0 0 0 0 0 0 0 0 0 0 0 0 0 0 1 13150.8 13150.8 13150.8 13150.8
0 0 1 0 0 1 0 0 0 0 0 4.81077e-09 -0 0 0 -0 0 0 0 0 0 0 0 0 0 0 0 0 0 1 13150.8 13150.8 13150.8 13150.8
0 0 1 0 0 1 0 0 0 0 0 2.59216e-09 -0 0 0 -0 0 0 0 0 0 0 0 0 0 0 0 0 0 1 13150.8 13150.8 13150.8 13150.8
0 0 1 0 0 1 0 0 0 0 0 2.59216e-09 -0 0 0 -0 0 0 0 0 0 0 0 0 0 0 0 0 0 1 13150.8 13150.8 13150.8 13150.8
0 0 1 0 0 1 0 0 0 0 0 -1.71426e-09 -0 0 0 -0 0 0 0 0 0 0 0 0 0 0 0 0 0 1 13150.8 13150.8 13150.8 13150.8
0 0 1 0 0 1 0 0 0 0 0 3.43847e-09 -0 0 0 -0 0 0 0 0 0 0 0 0 0 0 0 0 0 1 13150.8 13150.8 13150.8 13150.8
0 0 1 0 0 1 0 0 0 0 0 1.17348e-09 -0 0 0 -0 0 0 0 0 0 0 0 0 0 0 0 0 0 1 13150.8 13150.8 13150.8 13150.8
0 0 1 0 0 1 0 0 0 0 0 1.17348e-09 -0 0 0 -0 0 0 0 0 0 0 0 0 0 0 0 0 0 1 13150.8 13150.8 13150.8 13150.8
0 0 1 0 0 1 0 0 0 0 0 -3.0682e-09 -0 0 0 -0 0 0 0 0 0 0 0 0 0 0 0 0 0 1 13150.8 13150.8 13150.8 13150.8
0 0 1 0 0 1 0 0 0 0 0 2.20783e-09 -0 0 0 -0 0 0 0 0 0 0 0 0 0 0 0 0 0 1 13150.8 13150.8 13150.8 13150.8
0 0 1 0 0 1 0 0 0 0 0 -1.06698e-11 -0 0 0 -0 0 0 0 0 0 0 0 0 0 0 0 0 0 1 13150.8 13150.8 13150.8 13150.8
0 0 1 0 0 1 0 0 0 0 0 -1.06698e-11 -0 0 0 -0 0 0 0 0 0 0 0 0 0 0 0 0 0 1 13150.8 13150.8 13150.8 13150.8
0 0 1 0 0 1 0 0 0 0 0 9.99478e-09 -0 0 0 -0 0 0 0 0 0 0 0 0 0 0 0 0 0 1 13150.8 13150.8 13150.8 13150.8
0 0 1 0 0 1 0 0 0 0 0 7.77172e-09 -0 0 0 -0 0 0 0 0 0 0 0 0 0 0 0 0 0 1 13150.8 13150.8 13150.8 13150.8
0 0 1 0 0 1 0 0 0 0 0 5.54463e-09 -0 0 0 -0 0 0 0 0 0 0 0 0 0 0 0 0 0 1 13150.8 13150.8 13150.8 13150.8
0 0 1 0 0 1 0 0 0 0 0 5.54463e-09 -0 0 0 -0 0 0 0 0 0 0 0 0 0 0 0 0 0 1 13150.8 13150.8 13150.8 13150.8
0 0 1 0 0 1 0 0 0 0 0 3.30331e-09 -0 0 0 -0 0 0 0 0 0 0 0 0 0 0 0 0 0 1 13150.8 13150.8 13150.8 13150.8
0 0 1 0 0 1 0 0 0 0 0 -9.90044e-10 -0 0 0 -0 0 0 0 0 0 0 0 0 0 0 0 0 0 1 13150.8 13150.8 13150.8 13150.8
0 0 1 0 0 1 0 0 0 0 0 4.24248e-09 -0 0 0 -0 0 0 0 0 0 0 0 0 0 0 0 0 0 1 13150.8 13150.8 13150.8 13150.8
0 0 1 0 0 1 0 0 0 0 0 2.07323e-09 -0 0 0 -0 0 0 0 0 0 0 0 0 0 0 0 0 0 1 13150.8 13150.8 13150.8 13150.8
0 0 1 0 0 1 0 0 0 0 0 -4.08741e-11 -0 0 0 -0 0 0 0 0 0 0 0 0 0 0 0 0 0 1 13150.8 13150.8 13150.8 13150.8
0 0 1 0 0 1 0 0 0 0 0 5.11841e-09 -0 0 0 -0 0 0 0 0 0 0 0 0 0 0 0 0 0 1 13150.8 13150.8 13150.8 13150.8
0 0 1 0 0 1 0 0 0 0 0 2.88387e-09 -0 0 0 -0 0 0 0 0 0 0 0 0 0 0 0 0 0 1 13150.8 13150.8 13150.8 13150.8
0 0 1 0 0 1 0 0 0 0 0 2.88387e-09 -0 0 0 -0 0 0 0 0 0 0 0 0 0 0 0 0 0 1 13150.8 13150.8 13150.8 13150.8
0 0 1 0 0 1 0 0 0 0 0 -1.38848e-09 -0 0 0 -0 0 0 0 0 0 0 0 0 0 0 0 0 0 1 13150.8 13150.8 13150.8 13150.8
0 0 1 0 0 1 0 0 0 0 0 3.82405e-09 -0 0 0 -0 0 0 0 0 0 0 0 0 0 0 0 0 0 1 13150.8 13150.8 13150.8 13150.8
0 0 1 0 0 1 0 0 0 0 0 1.58532e-09 -0 0 0 -0 0 0 0 0 0 0 0 0 0 0 0 0 0 1 13150.8 13150.8 13150.8 13150.8
0 0 1 0 0 1 0 0 0 0 0 -6.50349e-10 -0 0 0 -0 0 0 0 0 0 0 0 0 0 0 0 0 0 1 13150.8 13150.8 13150.8 13150.8
0 0 1 0 0 1 0 0 0 0 0 4.12032e-09 -0 0 0 -0 0 0 0 0 0 0 0 0 0 0 0 0 0 1 13150.8 13150.8 13150.8 13150.8
0 0 1 0 0 1 0 0 0 0 0 1.88975e-09 -0 0 0 -0 0 0 0 0 0 0 0 0 0 0 0 0 0 1 13150.8 13150.8 13150.8 13150.8
0 0 1 0 0 1 0 0 0 0 0 -3.48486e-10 -0 0 0 -0 0 0 0 0 0 0 0 0 0 0 0 0 0 1 13150.8 13150.8 13150.8 13150.8
0 0 1 0 0 1 0 0 0 0 0 -2.58828e-09 -0 0 0 -0 0 0 0 0 0 0 0 0 0 0 0 0 0 1 13150.8 13150.8 13150.8 13150.8
0 0 1 0 0 1 0 0 0 0 0 -4.62845e-09 -0 0 0 -0 0 0 0 0 0 0 0 0 0 0 0 0 0 1 13150.8 13150.8 13150.8 13150.8
0 0 1 0 0 1 0 0 0 0 0 5.89974e-10 -0 0 0 -0 0 0 0 0 0 0 0 0 0 0 0 0 0 1 13150.8 13150.8 13150.8 13150.8
0 0 1 0 0 1 0 0 0 0 0 -1.68005e-09 -0 0 0 -0 0 0 0 0 0 0 0 0 0 0 0 0 0 1 13150.8 13150.8 13150.8 13150.8
0 0 1 0 0 1 0 0 0 0 0 -3.90168e-09 -0 0 0 -0 0 0 0 0 0 0 0 0 0 0 0 0 0 1 13150.8 13150.8 13150.8 13150.8
0 0 1 0 0 1 0 0 0 0 0 8.43675e-10 -0 0 0 -0 0 0 0 0 0 0 0 0 0 0 0 0 0 1 13150.8 13150.8 13150.8 13150.8
0 0 1 0 0 1 0 0 0 0 0 6.02271e-09 -0 0 0 -0 0 0 0 0 0 0 0 0 0 0 0 0 0 1 13150.8 13150.8 13150.8 13150.8
0 0 1 0 0 1 0 0 0 0 0 3.77925e-09 -0 0 0 -0 0 0 0 0 0 0 0 0 0 0 0 0 0 1 13150.8 13150.8 13150.8 13150.8
0 0 1 0 0 1 0 0 0 0 0 1.54003e-09 -0 0 0 -0 0 0 0 0 0 0 0 0 0 0 0 0 0 1 13150.8 13150.8 13150.8 13150.8
0 0 1 0 0 1 0 0 0 0 0 -5.01673e-10 -0 0 0 -0 0 0 0 0 0 0 0 0 0 0 0 0 0 1 13150.8 13150.8 13150.8 13150.8
0 0 1 0 0 1 0 0 0 0 0 4.7079e-09 -0 0 0 -0 0 0 0 0 0 0 0 0 0 0 0 0 0 1 13150.8 13150.8 13150.8 13150.8
0 0 1 0 0 1 0 0 0 0 0 2.46872e-09 -0 0 0 -0 0 0 0 0 0 0 0 0 0 0 0 0 0 1 13150.8 13150.8 13150.8 13150.8
0 0 1 0 0 1 0 0 0 0 0 2.29722e-10 -0 0 0 -0 0 0 0 0 0 0 0 0 0 0 0 0 0 1 13150.8 13150.8 13150.8 13150.8
0 0 1 0 0 1 0 0 0 0 0 -1.81727e-09 -0 0 0 -0 0 0 0 0 0 0 0 0 0 0 0 0 0 1 13150.8 13150.8 13150.8 13150.8
0 0 1 0 0 1 0 0 0 0 0 3.36709e-09 -0 0 0 -0 0 0 0 0 0 0 0 0 0 0 0 0 0 1 13150.8 13150.8 13150.8 13150.8
0 0 1 0 0 1 0 0 0 0 0 1.12103e-09 -0 0 0 -0 0 0 0 0 0 0 0 0 0 0 0 0 0 1 13150.8 13150.8 13150.8 13150.8
0 0 1 0 0 1 0 0 0 0 0 -1.11057e-09 -0 0 0 -0 0 0 0 0 0 0 0 0 0 0 0 0 0 1 13150.8 13150.8 13150.8 13150.8
0 0 1 0 0 1 0 0 0 0 0 -3.15663e-09 -0 0 0 -0 0 0 0 0 0 0 0 0 0 0 0 0 0 1 13150.8 13150.8 13150.8 13150.8
0 0 1 0 0 1 0 0 0 0 0 2.05202e-09 -0 0 0 -0 0 0 0 0 0 0 0 0 0 0 0 0 0 1 13150.8 13150.8 13150.8 13150.8
0 0 1 0 0 1 0 0 0 0 0 -1.8911e-10 -0 0 0 -0 0 0 0 0 0 0 0 0 0 0 0 0 0 1 13150.8 13150.8 13150.8 13150.8
0 0 1 0 0 1 0 0 0 0 0 5.02416e-09 -0 0 0 -0 0 0 0 0 0 0 0 0 0 0 0 0 0 1 13150.8 13150.8 13150.8 13150.8
0 0 1 0 0 1 0 0 0 0 0 9.77017e-09 -0 0 0 -0 0 0 0 0 0 0 0 0 0 0 0 0 0 1 13150.8 13150.8 13150.8 13150.8
0 0 1 0 0 1 0 0 0 0 0 7.53098e-09 -0 0 0 -0 0 0 0 0 0 0 0 0 0 0 0 0 0 1 13150.8 13150.8 13150.8 13150.8
0 0 1 0 0 1 0 0 0 0 0 5.28833e-09 -0 0 0 -0 0 0 0 0 0 0 0 0 0 0 0 0 0 1 13150.8 13150.8 13150.8 13150.8
0 0 1 0 0 1 0 0 0 0 0 3.05292e-09 -0 0 0 -0 0 0 0 0 0 0 0 0 0 0 0 0 0 1 13150.8 13150.8 13150.8 13150.8
0 0 1 0 0 1 0 0 0 0 0 1.00662e-09 -0 0 0 -0 0 0 0 0 0 0 0 0 0 0 0 0 0 1 13150.8 13150.8 13150.8 13150.8
0 0 1 0 0 1 0 0 0 0 0 -1.24347e-09 -0 0 0 -0 0 0 0 0 0 0 0 0 0 0 0 0 0 1 13150.8 13150.8 13150.8 13150.8
0 0 1 0 0 1 0 0 0 0 0 3.78685e-09 -0 0 0 -0 0 0 0 0 0 0 0 0 0 0 0 0 0 1 13150.8 13150.8 13150.8 13150.8
0 0 1 0 0 1 0 0 0 0 0 9.12707e-09 -0 0 0 -0 0 0 0 0 0 0 0 0 0 0 0 0 0 1 13150.8 13150.8 13150.8 13150.8
0 0 1 0 0 1 0 0 0 0 0 7.07946e-09 -0 0 0 -0 0 0 0 0 0 0 0 0 0 0 0 0 0 1 13150.8 13150.8 13150.8 13150.8
0 0 1 0 0 1 0 0 0 0 0 4.84302e-09 -0 0 0 -0 0 0 0 0 0 0 0 0 0 0 0 0 0 1 13150.8 13150.8 13150.8 13150.8
0 0 1 0 0 1 0 0 0 0 0 2.60175e-09 -0 0 0 -0 0 0 0 0 0 0 0 0 0 0 0 0 0 1 13150.8 13150.8 13150.8 13150.8
0 0 1 0 0 1 0 0 0 0 0 2.60175e-09 -0 0 0 -0 0 0 0 0 0 0 0 0 0 0 0 0 0 1 13150.8 13150.8 13150.8 13150.8
0 0 1 0 0 1 0 0 0 0 0 -1.67261e-09 -0 0 0 -0 0 0 0 0 0 0 0 0 0 0 0 0 0 1 13150.8 13150.8 13150.8 13150.8
0 0 1 0 0 1 0 0 0 0 0 3.53994e-09 -0 0 0 -0 0 0 0 0 0 0 0 0 0 0 0 0 0 1 13150.8 13150.8 13150.8 13150.8
0 0 1 0 0 1 0 0 0 0 0 8.76828e-09 -0 0 0 -0 0 0 0 0 0 0 0 0 0 0 0 0 0 1 13150.8 13150.8 13150.8 13150.8
0 0 1 0 0 1 0 0 0 0 0 6.53242e-09 -0 0 0 -0 0 0 0 0 0 0 0 0 0 0 0 0 0 1 13150.8 13150.8 13150.8 13150.8
0 0 1 0 0 1 0 0 0 0 0 4.49129e-09 -0 0 0 -0 0 0 0 0 0 0 0 0 0 0 0 0 0 1 13150.8 13150.8 13150.8 13150.8
0 0 1 0 0 1 0 0 0 0 0 2.25658e-09 -0 0 0 -0 0 0 0 0 0 0 0 0 0 0 0 0 0 1 13150.8 13150.8 13150.8 13150.8
0 0 1 0 0 1 0 0 0 0 0 2.56626e-12 -0 0 0 -0 0 0 0 0 0 0 0 0 0 0 0 0 0 1 13150.8 13150.8 13150.8 13150.8
0 0 1 0 0 1 0 0 0 0 0 -2.23408e-09 -0 0 0 -0 0 0 0 0 0 0 0 0 0 0 0 0 0 1 13150.8 13150.8 13150.8 13150.8
0 0 1 0 0 1 0 0 0 0 0 2.50118e-09 -0 0 0 -0 0 0 0 0 0 0 0 0 0 0 0 0 0 1 13150.8 13150.8 13150.8 13150.8
0 0 1 0 0 1 0 0 0 0 0 2.67522e-10 -0 0 0 -0 0 0 0 0 0 0 0 0 0 0 0 0 0 1 13150.8 13150.8 13150.8 13150.8
0 0 1 0 0 1 0 0 0 0 0 -1.98115e-09 -0 0 0 -0 0 0 0 0 0 0 0 0 0 0 0 0 0 1 13150.8 13150.8 13150.8 13150.8
0 0 1 0 0 1 0 0 0 0 0 -1.98115e-09 -0 0 0 -0 0 0 0 0 0 0 0 0 0 0 0 0 0 1 13150.8 13150.8 13150.8 13150.8
0 0 1 0 0 1 0 0 0 0 0 7.9813e-09 -0 0 0 -0 0 0 0 0 0 0 0 0 0 0 0 0 0 1 13150.8 13150.8 13150.8 13150.8
0 0 1 0 0 1 0 0 0 0 0 5.7435e-09 -0 0 0 -0 0 0 0 0 0 0 0 0 0 0 0 0 0 1 13150.8 13150.8 13150.8 13150.8
0 0 1 0 0 1 0 0 0 0 0 3.49431e-09 -0 0 0 -0 0 0 0 0 0 0 0 0 0 0 0 0 0 1 13150.8 13150.8 13150.8 13150.8
0 0 1 0 0 1 0 0 0 0 0 1.32198e-09 -0 0 0 -0 0 0 0 0 0 0 0 0 0 0 0 0 0 1 13150.8 13150.8 13150.8 13150.8
0 0 1 0 0 1 0 0 0 0 0 -7.67621e-10 -0 0 0 -0 0 0 0 0 0 0 0 0 0 0 0 0 0 1 13150.8 13150.8 13150.8 13150.8
0 0 1 0 0 1 0 0 0 0 0 -3.01391e-09 -0 0 0 -0 0 0 0 0 0 0 0 0 0 0 0 0 0 1 13150.8 13150.8 13150.8 13150.8
0 0 1 0 0 1 0 0 0 0 0 2.23083e-09 -0 0 0 -0 0 0 0 0 0 0 0 0 0 0 0 0 0 1 13150.8 13150.8 13150.8 13150.8
0 0 1 0 0 1 0 0 0 0 0 2.23083e-09 -0 0 0 -0 0 0 0 0 0 0 0 0 0 0 0 0 0 1 13150.8 13150.8 13150.8 13150.8
0 0 1 0 0 1 0 0 0 0 0 -2.04018e-09 -0 0 0 -0 0 0 0 0 0 0 0 0 0 0 0 0 0 1 13150.8 13150.8 13150.8 13150.8
0 0 1 0 0 1 0 0 0 0 0 3.20752e-09 -0 0 0 -0 0 0 0 0 0 0 0 0 0 0 0 0 0 1 13150.8 13150.8 13150.8 13150.8
0 0 1 0 0 1 0 0 0 0 0 9.8852e-10 -0 0 0 -0 0 0 0 0 0 0 0 0 0 0 0 0 0 1 13150.8 13150.8 13150.8 13150.8
0 0 1 0 0 1 0 0 0 0 0 -1.24246e-09 -0 0 0 -0 0 0 0 0 0 0 0 0 0 0 0 0 0 1 13150.8 13150.8 13150.8 13150.8
0 0 1 0 0 1 0 0 0 0 0 3.53197e-09 -0 0 0 -0 0 0 0 0 0 0 0 0 0 0 0 0 0 1 13150.8 13150.8 13150.8 13150.8
0 0 1 0 0 1 0 0 0 0 0 1.31671e-09 -0 0 0 -0 0 0 0 0 0 0 0 0 0 0 0 0 0 1 13150.8 13150.8 13150.8 13150.8
0 0 1 0 0 1 0 0 0 0 0 -9.34019e-10 -0 0 0 -0 0 0 0 0 0 0 0 0 0 0 0 0 0 1 13150.8 13150.8 13150.8 13150.8
0 0 1 0 0 1 0 0 0 0 0 -9.34019e-10 -0 0 0 -0 0 0 0 0 0 0 0 0 0 0 0 0 0 1 13150.8 13150.8 13150.8 13150.8
0 0 1 0 0 1 0 0 0 0 0 -5.23349e-09 -0 0 0 -0 0 0 0 0 0 0 0 0 0 0 0 0 0 1 13150.8 13150.8 13150.8 13150.8
0 0 1 0 0 1 0 0 0 0 0 -3.47436e-11 -0 0 0 -0 0 0 0 0 0 0 0 0 0 0 0 0 0 1 13150.8 13150.8 13150.8 13150.8
0 0 1 0 0 1 0 0 0 0 0 -2.26671e-09 -0 0 0 -0 0 0 0 0 0 0 0 0 0 0 0 0 0 1 13150.8 13150.8 13150.8 13150.8
0 0 1 0 0 1 0 0 0 0 0 2.94405e-09 -0 0 0 -0 0 0 0 0 0 0 0 0 0 0 0 0 0 1 13150.8 13150.8 13150.8 13150.8
0 0 1 0 0 1 0 0 0 0 0 8.97593e-10 -0 0 0 -0 0 0 0 0 0 0 0 0 0 0 0 0 0 1 13150.8 13150.8 13150.8 13150.8
0 0 1 0 0 1 0 0 0 0 0 -1.34345e-09 -0 0 0 -0 0 0 0 0 0 0 0 0 0 0 0 0 0 1 13150.8 13150.8 13150.8 13150.8
0 0 1 0 0 1 0 0 0 0 0 3.83603e-09 -0 0 0 -0 0 0 0 0 0 0 0 0 0 0 0 0 0 1 13150.8 13150.8 13150.8 13150.8
0 0 1 0 0 1 0 0 0 0 0 3.83603e-09 -0 0 0 -0 0 0 0 0 0 0 0 0 0 0 0 0 0 1 13150.8 13150.8 13150.8 13150.8
0 0 1 0 0 1 0 0 0 0 0 -4.51309e-10 -0 0 0 -0 0 0 0 0 0 0 0 0 0 0 0 0 0 1 13150.8 13150.8 13150.8 13150.8
0 0 1 0 0 1 0 0 0 0 0 -2.69029e-09 -0 0 0 -0 0 0 0 0 0 0 0 0 0 0 0 0 0 1 13150.8 13150.8 13150.8 13150.8
0 0 1 0 0 1 0 0 0 0 0 2.5127e-09 -0 0 0 -0 0 0 0 0 0 0 0 0 0 0 0 0 0 1 13150.8 13150.8 13150.8 13150.8
0 0 1 0 0 1 0 0 0 0 0 2.5127e-09 -0 0 0 -0 0 0 0 0 0 0 0 0 0 0 0 0 0 1 13150.8 13150.8 13150.8 13150.8
0 0 1 0 0 1 0 0 0 0 0 -1.8462e-09 -0 0 0 -0 0 0 0 0 0 0 0 0 0 0 0 0 0 1 13150.8 13150.8 13150.8 13150.8
0 0 1 0 0 1 0 0 0 0 0 3.24683e-09 -0 0 0 -0 0 0 0 0 0 0 0 0 0 0 0 0 0 1 13150.8 13150.8 13150.8 13150.8
0 0 1 0 0 1 0 0 0 0 0 1.02308e-09 -0 0 0 -0 0 0 0 0 0 0 0 0 0 0 0 0 0 1 13150.8 13150.8 13150.8 13150.8
0 0 1 0 0 1 0 0 0 0 0 1.02308e-09 -0 0 0 -0 0 0 0 0 0 0 0 0 0 0 0 0 0 1 13150.8 13150.8 13150.8 13150.8
0 0 1 0 0 1 0 0 0 0 0 -3.26238e-09 -0 0 0 -0 0 0 0 0 0 0 0 0 0 0 0 0 0 1 13150.8 13150.8 13150.8 13150.8
0 0 1 0 0 1 0 0 0 0 0 1.92045e-09 -0 0 0 -0 0 0 0 0 0 0 0 0 0 0 0 0 0 1 13150.8 13150.8 13150.8 13150.8
0 0 1 0 0 1 0 0 0 0 0 -3.47743e-10 -0 0 0 -0 0 0 0 0 0 0 0 0 0 0 0 0 0 1 13150.8 13150.8 13150.8 13150.8
0 0 1 0 0 1 0 0 0 0 0 -3.47743e-10 -0 0 0 -0 0 0 0 0 0 0 0 0 0 0 0 0 0 1 13150.8 13150.8 13150.8 13150.8
0 0 1 0 0 1 0 0 0 0 0 -4.59782e-09 -0 0 0 -0 0 0 0 0 0 0 0 0 0 0 0 0 0 1 13150.8 13150.8 13150.8 13150.8
0 0 1 0 0 1 0 0 0 0 0 6.43664e-10 -0 0 0 -0 0 0 0 0 0 0 0 0 0 0 0 0 0 1 13150.8 13150.8 13150.8 13150.8
0 0 1 0 0 1 0 0 0 0 0 -1.57877e-09 -0 0 0 -0 0 0 0 0 0 0 0 0 0 0 0 0 0 1 13150.8 13150.8 13150.8 13150.8
0 0 1 0 0 1 0 0 0 0 0 -1.57877e-09 -0 0 0 -0 0 0 0 0 0 0 0 0 0 0 0 0 0 1 13150.8 13150.8 13150.8 13150.8
0 0 1 0 0 1 0 0 0 0 0 8.41424e-09 -0 0 0 -0 0 0 0 0 0 0 0 0 0 0 0 0 0 1 13150.8 13150.8 13150.8 13150.8
0 0 1 0 0 1 0 0 0 0 0 6.17417e-09 -0 0 0 -0 0 0 0 0 0 0 0 0 0 0 0 0 0 1 13150.8 13150.8 13150.8 13150.8
0 0 1 0 0 1 0 0 0 0 0 3.94812e-09 -0 0 0 -0 0 0 0 0 0 0 0 0 0 0 0 0 0 1 13150.8 13150.8 13150.8 13150.8
0 0 1 0 0 1 0 0 0 0 0 3.94812e-09 -0 0 0 -0 0 0 0 0 0 0 0 0 0 0 0 0 0 1 13150.8 13150.8 13150.8 13150.8
0 0 1 0 0 1 0 0 0 0 0 1.69813e-09 -0 0 0 -0 0 0 0 0 0 0 0 0 0 0 0 0 0 1 13150.8 13150.8 13150.8 13150.8
0 0 1 0 0 1 0 0 0 0 0 -2.58352e-09 -0 0 0 -0 0 0 0 0 0 0 0 0 0 0 0 0 0 1 13150.8 13150.8 13150.8 13150.8
0 0 1 0 0 1 0 0 0 0 0 2.60817e-09 -0 0 0 -0 0 0 0 0 0 0 0 0 0 0 0 0 0 1 13150.8 13150.8 13150.8 13150.8
0 0 1 0 0 1 0 0 0 0 0 4.27457e-10 -0 0 0 -0 0 0 0 0 0 0 0 0 0 0 0 0 0 1 13150.8 13150.8 13150.8 13150.8
0 0 1 0 0 1 0 0 0 0 0 -1.66114e-09 -0 0 0 -0 0 0 0 0 0 0 0 0 0 0 0 0 0 1 13150.8 13150.8 13150.8 13150.8
0 0 1 0 0 1 0 0 0 0 0 3.57336e-09 -0 0 0 -0 0 0 0 0 0 0 0 0 0 0 0 0 0 1 13150.8 13150.8 13150.8 13150.8
0 0 1 0 0 1 0 0 0 0 0 1.33112e-09 -0 0 0 -0 0 0 0 0 0 0 0 0 0 0 0 0 0 1 13150.8 13150.8 13150.8 13150.8
0 0 1 0 0 1 0 0 0 0 0 -8.88975e-10 -0 0 0 -0 0 0 0 0 0 0 0 0 0 0 0 0 0 1 13150.8 13150.8 13150.8 13150.8
0 0 1 0 0 1 0 0 0 0 0 -2.9432e-09 -0 0 0 -0 0 0 0 0 0 0 0 0 0 0 0 0 0 1 13150.8 13150.8 13150.8 13150.8
0 0 1 0 0 1 0 0 0 0 0 2.18227e-09 -0 0 0 -0 0 0 0 0 0 0 0 0 0 0 0 0 0 1 13150.8 13150.8 13150.8 13150.8
0 0 1 0 0 1 0 0 0 0 0 -8.03524e-11 -0 0 0 -0 0 0 0 0 0 0 0 0 0 0 0 0 0 1 13150.8 13150.8 13150.8 13150.8
0 0 1 0 0 1 0 0 0 0 0 -2.31734e-09 -0 0 0 -0 0 0 0 0 0 0 0 0 0 0 0 0 0 1 13150.8 13150.8 13150.8 13150.8
0 0 1 0 0 1 0 0 0 0 0 2.45208e-09 -0 0 0 -0 0 0 0 0 0 0 0 0 0 0 0 0 0 1 13150.8 13150.8 13150.8 13150.8
0 0 1 0 0 1 0 0 0 0 0 2.17566e-10 -0 0 0 -0 0 0 0 0 0 0 0 0 0 0 0 0 0 1 13150.8 13150.8 13150.8 13150.8
0 0 1 0 0 1 0 0 0 0 0 -2.01652e-09 -0 0 0 -0 0 0 0 0 0 0 0 0 0 0 0 0 0 1 13150.8 13150.8 13150.8 13150.8
0 0 1 0 0 1 0 0 0 0 0 3.2162e-09 -0 0 0 -0 0 0 0 0 0 0 0 0 0 0 0 0 0 1 13150.8 13150.8 13150.8 13150.8
0 0 1 0 0 1 0 0 0 0 0 1.17786e-09 -0 0 0 -0 0 0 0 0 0 0 0 0 0 0 0 0 0 1 13150.8 13150.8 13150.8 13150.8
0 0 1 0 0 1 0 0 0 0 0 -1.06506e-09 -0 0 0 -0 0 0 0 0 0 0 0 0 0 0 0 0 0 1 13150.8 13150.8 13150.8 13150.8
0 0 1 0 0 1 0 0 0 0 0 -3.30608e-09 -0 0 0 -0 0 0 0 0 0 0 0 0 0 0 0 0 0 1 13150.8 13150.8 13150.8 13150.8
0 0 1 0 0 1 0 0 0 0 0 -3.30608e-09 -0 0 0 -0 0 0 0 0 0 0 0 0 0 0 0 0 0 1 13150.8 13150.8 13150.8 13150.8
0 0 1 0 0 1 0 0 0 0 0 6.65262e-09 -0 0 0 -0 0 0 0 0 0 0 0 0 0 0 0 0 0 1 13150.8 13150.8 13150.8 13150.8
0 0 1 0 0 1 0 0 0 0 0 4.41998e-09 -0 0 0 -0 0 0 0 0 0 0 0 0 0 0 0 0 0 1 13150.8 13150.8 13150.8 13150.8
0 0 1 0 0 1 0 0 0 0 0 2.18628e-09 -0 0 0 -0 0 0 0 0 0 0 0 0 0 0 0 0 0 1 13150.8 13150.8 13150.8 13150.8
0 0 1 0 0 1 0 0 0 0 0 -1.47954e-11 -0 0 0 -0 0 0 0 0 0 0 0 0 0 0 0 0 0 1 13150.8 13150.8 13150.8 13150.8
0 0 1 0 0 1 0 0 0 0 0 -2.10485e-09 -0 0 0 -0 0 0 0 0 0 0 0 0 0 0 0 0 0 1 13150.8 13150.8 13150.8 13150.8
0 0 1 0 0 1 0 0 0 0 0 3.09993e-09 -0 0 0 -0 0 0 0 0 0 0 0 0 0 0 0 0 0 1 13150.8 13150.8 13150.8 13150.8
0 0 1 0 0 1 0 0 0 0 0 8.59917e-10 -0 0 0 -0 0 0 0 0 0 0 0 0 0 0 0 0 0 1 13150.8 13150.8 13150.8 13150.8
0 0 1 0 0 1 0 0 0 0 0 8.59917e-10 -0 0 0 -0 0 0 0 0 0 0 0 0 0 0 0 0 0 1 13150.8 13150.8 13150.8 13150.8
0 0 1 0 0 1 0 0 0 0 0 -3.42078e-09 -0 0 0 -0 0 0 0 0 0 0 0 0 0 0 0 0 0 1 13150.8 13150.8 13150.8 13150.8
0 0 1 0 0 1 0 0 0 0 0 1.71531e-09 -0 0 0 -0 0 0 0 0 0 0 0 0 0 0 0 0 0 1 13150.8 13150.8 13150.8 13150.8
0 0 1 0 0 1 0 0 0 0 0 -5.86253e-10 -0 0 0 -0 0 0 0 0 0 0 0 0 0 0 0 0 0 1 13150.8 13150.8 13150.8 13150.8
0 0 1 0 0 1 0 0 0 0 0 -2.79659e-09 -0 0 0 -0 0 0 0 0 0 0 0 0 0 0 0 0 0 1 13150.8 13150.8 13150.8 13150.8
0 0 1 0 0 1 0 0 0 0 0 1.98153e-09 -0 0 0 -0 0 0 0 0 0 0 0 0 0 0 0 0 0 1 13150.8 13150.8 13150.8 13150.8
0 0 1 0 0 1 0 0 0 0 0 -2.48252e-10 -0 0 0 -0 0 0 0 0 0 0 0 0 0 0 0 0 0 1 13150.8 13150.8 13150.8 13150.8
0 0 1 0 0 1 0 0 0 0 0 -2.49443e-09 -0 0 0 -0 0 0 0 0 0 0 0 0 0 0 0 0 0 1 13150.8 13150.8 13150.8 13150.8
0 0 1 0 0 1 0 0 0 0 0 -2.49443e-09 -0 0 0 -0 0 0 0 0 0 0 0 0 0 0 0 0 0 1 13150.8 13150.8 13150.8 13150.8
0 0 1 0 0 1 0 0 0 0 0 7.44359e-09 -0 0 0 -0 0 0 0 0 0 0 0 0 0 0 0 0 0 1 13150.8 13150.8 13150.8 13150.8
0 0 1 0 0 1 0 0 0 0 0 5.20426e-09 -0 0 0 -0 0 0 0 0 0 0 0 0 0 0 0 0 0 1 13150.8 13150.8 13150.8 13150.8
0 0 1 0 0 1 0 0 0 0 0 2.9614e-09 -0 0 0 -0 0 0 0 0 0 0 0 0 0 0 0 0 0 1 13150.8 13150.8 13150.8 13150.8
0 0 1 0 0 1 0 0 0 0 0 7.3329e-10 -0 0 0 -0 0 0 0 0 0 0 0 0 0 0 0 0 0 1 13150.8 13150.8 13150.8 13150.8
0 0 1 0 0 1 0 0 0 0 0 -1.32121e-09 -0 0 0 -0 0 0 0 0 0 0 0 0 0 0 0 0 0 1 13150.8 13150.8 13150.8 13150.8
0 0 1 0 0 1 0 0 0 0 0 -3.52104e-09 -0 0 0 -0 0 0 0 0 0 0 0 0 0 0 0 0 0 1 13150.8 13150.8 13150.8 13150.8
0 0 1 0 0 1 0 0 0 0 0 1.79481e-09 -0 0 0 -0 0 0 0 0 0 0 0 0 0 0 0 0 0 1 13150.8 13150.8 13150.8 13150.8
0 0 1 0 0 1 0 0 0 0 0 -3.64721e-10 -0 0 0 -0 0 0 0 0 0 0 0 0 0 0 0 0 0 1 13150.8 13150.8 13150.8 13150.8
0 0 1 0 0 1 0 0 0 0 0 -2.46915e-09 -0 0 0 -0 0 0 0 0 0 0 0 0 0 0 0 0 0 1 13150.8 13150.8 13150.8 13150.8
0 0 1 0 0 1 0 0 0 0 0 2.72498e-09 -0 0 0 -0 0 0 0 0 0 0 0 0 0 0 0 0 0 1 13150.8 13150.8 13150.8 13150.8
0 0 1 0 0 1 0 0 0 0 0 4.86145e-10 -0 0 0 -0 0 0 0 0 0 0 0 0 0 0 0 0 0 1 13150.8 13150.8 13150.8 13150.8
0 0 1 0 0 1 0 0 0 0 0 -1.75284e-09 -0 0 0 -0 0 0 0 0 0 0 0 0 0 0 0 0 0 1 13150.8 13150.8 13150.8 13150.8
0 0 1 0 0 1 0 0 0 0 0 3.00967e-09 -0 0 0 -0 0 0 0 0 0 0 0 0 0 0 0 0 0 1 13150.8 13150.8 13150.8 13150.8
0 0 1 0 0 1 0 0 0 0 0 8.25844e-10 -0 0 0 -0 0 0 0 0 0 0 0 0 0 0 0 0 0 1 13150.8 13150.8 13150.8 13150.8
0 0 1 0 0 1 0 0 0 0 0 -1.4697e-09 -0 0 0 -0 0 0 0 0 0 0 0 0 0 0 0 0 0 1 13150.8 13150.8 13150.8 13150.8
0 0 1 0 0 1 0 0 0 0 0 3.71898e-09 -0 0 0 -0 0 0 0 0 0 0 0 0 0 0 0 0 0 1 13150.8 13150.8 13150.8 13150.8
0 0 1 0 0 1 0 0 0 0 0 1.66937e-09 -0 0 0 -0 0 0 0 0 0 0 0 0 0 0 0 0 0 1 13150.8 13150.8 13150.8 13150.8
0 0 1 0 0 1 0 0 0 0 0 -5.60594e-10 -0 0 0 -0 0 0 0 0 0 0 0 0 0 0 0 0 0 1 13150.8 13150.8 13150.8 13150.8
0 0 1 0 0 1 0 0 0 0 0 -2.80983e-09 -0 0 0 -0 0 0 0 0 0 0 0 0 0 0 0 0 0 1 13150.8 13150.8 13150.8 13150.8
0 0 1 0 0 1 0 0 0 0 0 2.37548e-09 -0 0 0 -0 0 0 0 0 0 0 0 0 0 0 0 0 0 1 13150.8 13150.8 13150.8 13150.8
0 0 1 0 0 1 0 0 0 0 0 3.11017e-10 -0 0 0 -0 0 0 0 0 0 0 0 0 0 0 0 0 0 1 13150.8 13150.8 13150.8 13150.8
0 0 1 0 0 1 0 0 0 0 0 -1.91371e-09 -0 0 0 -0 0 0 0 0 0 0 0 0 0 0 0 0 0 1 13150.8 13150.8 13150.8 13150.8
0 0 1 0 0 1 0 0 0 0 0 3.33885e-09 -0 0 0 -0 0 0 0 0 0 0 0 0 0 0 0 0 0 1 13150.8 13150.8 13150.8 13150.8
0 0 1 0 0 1 0 0 0 0 0 3.33885e-09 -0 0 0 -0 0 0 0 0 0 0 0 0 0 0 0 0 0 1 13150.8 13150.8 13150.8 13150.8
0 0 1 0 0 1 0 0 0 0 0 -9.44218e-10 -0 0 0 -0 0 0 0 0 0 0 0 0 0 0 0 0 0 1 13150.8 13150.8 13150.8 13150.8
0 0 1 0 0 1 0 0 0 0 0 -3.16608e-09 -0 0 0 -0 0 0 0 0 0 0 0 0 0 0 0 0 0 1 13150.8 13150.8 13150.8 13150.8
0 0 1 0 0 1 0 0 0 0 0 2.06203e-09 -0 0 0 -0 0 0 0 0 0 0 0 0 0 0 0 0 0 1 13150.8 13150.8 13150.8 13150.8
0 0 1 0 0 1 0 0 0 0 0 -1.10966e-10 -0 0 0 -0 0 0 0 0 0 0 0 0 0 0 0 0 0 1 13150.8 13150.8 13150.8 13150.8
0 0 1 0 0 1 0 0 0 0 0 -2.22015e-09 -0 0 0 -0 0 0 0 0 0 0 0 0 0 0 0 0 0 1 13150.8 13150.8 13150.8 13150.8
0 0 1 0 0 1 0 0 0 0 0 2.96049e-09 -0 0 0 -0 0 0 0 0 0 0 0 0 0 0 0 0 0 1 13150.8 13150.8 13150.8 13150.8
0 0 1 0 0 1 0 0 0 0 0 6.9047e-10 -0 0 0 -0 0 0 0 0 0 0 0 0 0 0 0 0 0 1 13150.8 13150.8 13150.8 13150.8
0 0 1 0 0 1 0 0 0 0 0 6.9047e-10 -0 0 0 -0 0 0 0 0 0 0 0 0 0 0 0 0 0 1 13150.8 13150.8 13150.8 13150.8
0 0 1 0 0 1 0 0 0 0 0 -3.60659e-09 -0 0 0 -0 0 0 0 0 0 0 0 0 0 0 0 0 0 1 13150.8 13150.8 13150.8 13150.8
0 0 1 0 0 1 0 0 0 0 0 1.4303e-09 -0 0 0 -0 0 0 0 0 0 0 0 0 0 0 0 0 0 1 13150.8 13150.8 13150.8 13150.8
0 0 1 0 0 1 0 0 0 0 0 -8.41937e-10 -0 0 0 -0 0 0 0 0 0 0 0 0 0 0 0 0 0 1 13150.8 13150.8 13150.8 13150.8
0 0 1 0 0 1 0 0 0 0 0 -8.41937e-10 -0 0 0 -0 0 0 0 0 0 0 0 0 0 0 0 0 0 1 13150.8 13150.8 13150.8 13150.8
0 0 1 0 0 1 0 0 0 0 0 -5.13753e-09 -0 0 0 -0 0 0 0 0 0 0 0 0 0 0 0 0 0 1 13150.8 13150.8 13150.8 13150.8
0 0 1 0 0 1 0 0 0 0 0 5.25347e-11 -0 0 0 -0 0 0 0 0 0 0 0 0 0 0 0 0 0 1 13150.8 13150.8 13150.8 13150.8
0 0 1 0 0 1 0 0 0 0 0 -2.17965e-09 -0 0 0 -0 0 0 0 0 0 0 0 0 0 0 0 0 0 1 13150.8 13150.8 13150.8 13150.8
0 0 1 0 0 1 0 0 0 0 0 -2.17965e-09 -0 0 0 -0 0 0 0 0 0 0 0 0 0 0 0 0 0 1 13150.8 13150.8 13150.8 13150.8
0 0 1 0 0 1 0 0 0 0 0 7.89094e-09 -0 0 0 -0 0 0 0 0 0 0 0 0 0 0 0 0 0 1 13150.8 13150.8 13150.8 13150.8
0 0 1 0 0 1 0 0 0 0 0 5.70137e-09 -0 0 0 -0 0 0 0 0 0 0 0 0 0 0 0 0 0 1 13150.8 13150.8 13150.8 13150.8
0 0 1 0 0 1 0 0 0 0 0 3.45479e-09 -0 0 0 -0 0 0 0 0 0 0 0 0 0 0 0 0 0 1 13150.8 13150.8 13150.8 13150.8
0 0 1 0 0 1 0 0 0 0 0 3.45479e-09 -0 0 0 -0 0 0 0 0 0 0 0 0 0 0 0 0 0 1 13150.8 13150.8 13150.8 13150.8
0 0 1 0 0 1 0 0 0 0 0 -8.26198e-10 -0 0 0 -0 0 0 0 0 0 0 0 0 0 0 0 0 0 1 13150.8 13150.8 13150.8 13150.8
0 0 1 0 0 1 0 0 0 0 0 -3.05395e-09 -0 0 0 -0 0 0 0 0 0 0 0 0 0 0 0 0 0 1 13150.8 13150.8 13150.8 13150.8
0 0 1 0 0 1 0 0 0 0 0 2.18184e-09 -0 0 0 -0 0 0 0 0 0 0 0 0 0 0 0 0 0 1 13150.8 13150.8 13150.8 13150.8
0 0 1 0 0 1 0 0 0 0 0 2.18184e-09 -0 0 0 -0 0 0 0 0 0 0 0 0 0 0 0 0 0 1 13150.8 13150.8 13150.8 13150.8
0 0 1 0 0 1 0 0 0 0 0 -2.10893e-09 -0 0 0 -0 0 0 0 0 0 0 0 0 0 0 0 0 0 1 13150.8 13150.8 13150.8 13150.8
0 0 1 0 0 1 0 0 0 0 0 3.0886e-09 -0 0 0 -0 0 0 0 0 0 0 0 0 0 0 0 0 0 1 13150.8 13150.8 13150.8 13150.8
0 0 1 0 0 1 0 0 0 0 0 8.64376e-10 -0 0 0 -0 0 0 0 0 0 0 0 0 0 0 0 0 0 1 13150.8 13150.8 13150.8 13150.8
0 0 1 0 0 1 0 0 0 0 0 -1.31857e-09 -0 0 0 -0 0 0 0 0 0 0 0 0 0 0 0 0 0 1 13150.8 13150.8 13150.8 13150.8
0 0 1 0 0 1 0 0 0 0 0 -3.42014e-09 -0 0 0 -0 0 0 0 0 0 0 0 0 0 0 0 0 0 1 13150.8 13150.8 13150.8 13150.8
0 0 1 0 0 1 0 0 0 0 0 1.63104e-09 -0 0 0 -0 0 0 0 0 0 0 0 0 0 0 0 0 0 1 13150.8 13150.8 13150.8 13150.8
0 0 1 0 0 1 0 0 0 0 0 -6.74576e-10 -0 0 0 -0 0 0 0 0 0 0 0 0 0 0 0 0 0 1 13150.8 13150.8 13150.8 13150.8
0 0 1 0 0 1 0 0 0 0 0 -2.91072e-09 -0 0 0 -0 0 0 0 0 0 0 0 0 0 0 0 0 0 1 13150.8 13150.8 13150.8 13150.8
0 0 1 0 0 1 0 0 0 0 0 1.85402e-09 -0 0 0 -0 0 0 0 0 0 0 0 0 0 0 0 0 0 1 13150.8 13150.8 13150.8 13150.8
0 0 1 0 0 1 0 0 0 0 0 -3.83443e-10 -0 0 0 -0 0 0 0 0 0 0 0 0 0 0 0 0 0 1 13150.8 13150.8 13150.8 13150.8
0 0 1 0 0 1 0 0 0 0 0 -2.62603e-09 -0 0 0 -0 0 0 0 0 0 0 0 0 0 0 0 0 0 1 13150.8 13150.8 13150.8 13150.8
0 0 1 0 0 1 0 0 0 0 0 -2.62603e-09 -0 0 0 -0 0 0 0 0 0 0 0 0 0 0 0 0 0 1 13150.8 13150.8 13150.8 13150.8
0 0 1 0 0 1 0 0 0 0 0 7.36978e-09 -0 0 0 -0 0 0 0 0 0 0 0 0 0 0 0 0 0 1 13150.8 13150.8 13150.8 13150.8
0 0 1 0 0 1 0 0 0 0 0 5.13348e-09 -0 0 0 -0 0 0 0 0 0 0 0 0 0 0 0 0 0 1 13150.8 13150.8 13150.8 13150.8
0 0 1 0 0 1 0 0 0 0 0 2.90986e-09 -0 0 0 -0 0 0 0 0 0 0 0 0 0 0 0 0 0 1 13150.8 13150.8 13150.8 13150.8
0 0 1 0 0 1 0 0 0 0 0 2.90986e-09 -0 0 0 -0 0 0 0 0 0 0 0 0 0 0 0 0 0 1 13150.8 13150.8 13150.8 13150.8
0 0 1 0 0 1 0 0 0 0 0 -1.3808e-09 -0 0 0 -0 0 0 0 0 0 0 0 0 0 0 0 0 0 1 13150.8 13150.8 13150.8 13150.8
0 0 1 0 0 1 0 0 0 0 0 -3.61325e-09 -0 0 0 -0 0 0 0 0 0 0 0 0 0 0 0 0 0 1 13150.8 13150.8 13150.8 13150.8
0 0 1 0 0 1 0 0 0 0 0 1.60511e-09 -0 0 0 -0 0 0 0 0 0 0 0 0 0 0 0 0 0 1 13150.8 13150.8 13150.8 13150.8
0 0 1 0 0 1 0 0 0 0 0 -6.28496e-10 -0 0 0 -0 0 0 0 0 0 0 0 0 0 0 0 0 0 1 13150.8 13150.8 13150.8 13150.8
0 0 1 0 0 1 0 0 0 0 0 -6.28496e-10 -0 0 0 -0 0 0 0 0 0 0 0 0 0 0 0 0 0 1 13150.8 13150.8 13150.8 13150.8
0 0 1 0 0 1 0 0 0 0 0 -4.90882e-09 -0 0 0 -0 0 0 0 0 0 0 0 0 0 0 0 0 0 1 13150.8 13150.8 13150.8 13150.8
0 0 1 0 0 1 0 0 0 0 0 3.3357e-10 -0 0 0 -0 0 0 0 0 0 0 0 0 0 0 0 0 0 1 13150.8 13150.8 13150.8 13150.8
0 0 1 0 0 1 0 0 0 0 0 -1.84647e-09 -0 0 0 -0 0 0 0 0 0 0 0 0 0 0 0 0 0 1 13150.8 13150.8 13150.8 13150.8
0 0 1 0 0 1 0 0 0 0 0 3.03761e-09 -0 0 0 -0 0 0 0 0 0 0 0 0 0 0 0 0 0 1 13150.8 13150.8 13150.8 13150.8
0 0 1 0 0 1 0 0 0 0 0 8.81697e-10 -0 0 0 -0 0 0 0 0 0 0 0 0 0 0 0 0 0 1 13150.8 13150.8 13150.8 13150.8
0 0 1 0 0 1 0 0 0 0 0 -1.44408e-09 -0 0 0 -0 0 0 0 0 0 0 0 0 0 0 0 0 0 1 13150.8 13150.8 13150.8 13150.8
0 0 1 0 0 1 0 0 0 0 0 -1.44408e-09 -0 0 0 -0 0 0 0 0 0 0 0 0 0 0 0 0 0 1 13150.8 13150.8 13150.8 13150.8
0 0 1 0 0 1 0 0 0 0 0 -5.71888e-09 -0 0 0 -0 0 0 0 0 0 0 0 0 0 0 0 0 0 1 13150.8 13150.8 13150.8 13150.8
0 0 1 0 0 1 0 0 0 0 0 -5.22545e-10 -0 0 0 -0 0 0 0 0 0 0 0 0 0 0 0 0 0 1 13150.8 13150.8 13150.8 13150.8
0 0 1 0 0 1 0 0 0 0 0 -2.77675e-09 -0 0 0 -0 0 0 0 0 0 0 0 0 0 0 0 0 0 1 13150.8 13150.8 13150.8 13150.8
0 0 1 0 0 1 0 0 0 0 0 2.09005e-09 -0 0 0 -0 0 0 0 0 0 0 0 0 0 0 0 0 0 1 13150.8 13150.8 13150.8 13150.8
0 0 1 0 0 1 0 0 0 0 0 2.09005e-09 -0 0 0 -0 0 0 0 0 0 0 0 0 0 0 0 0 0 1 13150.8 13150.8 13150.8 13150.8
0 0 1 0 0 1 0 0 0 0 0 -2.31806e-09 -0 0 0 -0 0 0 0 0 0 0 0 0 0 0 0 0 0 1 13150.8 13150.8 13150.8 13150.8
0 0 1 0 0 1 0 0 0 0 0 3.04442e-09 -0 0 0 -0 0 0 0 0 0 0 0 0 0 0 0 0 0 1 13150.8 13150.8 13150.8 13150.8
0 0 1 0 0 1 0 0 0 0 0 3.04442e-09 -0 0 0 -0 0 0 0 0 0 0 0 0 0 0 0 0 0 1 13150.8 13150.8 13150.8 13150.8
0 0 1 0 0 1 0 0 0 0 0 -1.1814e-09 -0 0 0 -0 0 0 0 0 0 0 0 0 0 0 0 0 0 1 13150.8 13150.8 13150.8 13150.8
0 0 1 0 0 1 0 0 0 0 0 -3.40295e-09 -0 0 0 -0 0 0 0 0 0 0 0 0 0 0 0 0 0 1 13150.8 13150.8 13150.8 13150.8
0 0 1 0 0 1 0 0 0 0 0 1.93922e-09 -0 0 0 -0 0 0 0 0 0 0 0 0 0 0 0 0 0 1 13150.8 13150.8 13150.8 13150.8
0 0 1 0 0 1 0 0 0 0 0 1.93922e-09 -0 0 0 -0 0 0 0 0 0 0 0 0 0 0 0 0 0 1 13150.8 13150.8 13150.8 13150.8
0 0 1 0 0 1 0 0 0 0 0 -2.29508e-09 -0 0 0 -0 0 0 0 0 0 0 0 0 0 0 0 0 0 1 13150.8 13150.8 13150.8 13150.8
0 0 1 0 0 1 0 0 0 0 0 2.89324e-09 -0 0 0 -0 0 0 0 0 0 0 0 0 0 0 0 0 0 1 13150.8 13150.8 13150.8 13150.8
0 0 1 0 0 1 0 0 0 0 0 6.59397e-10 -0 0 0 -0 0 0 0 0 0 0 0 0 0 0 0 0 0 1 13150.8 13150.8 13150.8 13150.8
0 0 1 0 0 1 0 0 0 0 0 -1.5507e-09 -0 0 0 -0 0 0 0 0 0 0 0 0 0 0 0 0 0 1 13150.8 13150.8 13150.8 13150.8
0 0 1 0 0 1 0 0 0 0 0 3.30535e-09 -0 0 0 -0 0 0 0 0 0 0 0 0 0 0 0 0 0 1 13150.8 13150.8 13150.8 13150.8
0 0 1 0 0 1 0 0 0 0 0 1.07599e-09 -0 0 0 -0 0 0 0 0 0 0 0 0 0 0 0 0 0 1 13150.8 13150.8 13150.8 13150.8
0 0 1 0 0 1 0 0 0 0 0 -1.19239e-09 -0 0 0 -0 0 0 0 0 0 0 0 0 0 0 0 0 0 1 13150.8 13150.8 13150.8 13150.8
0 0 1 0 0 1 0 0 0 0 0 -3.40527e-09 -0 0 0 -0 0 0 0 0 0 0 0 0 0 0 0 0 0 1 13150.8 13150.8 13150.8 13150.8
0 0 1 0 0 1 0 0 0 0 0 1.33851e-09 -0 0 0 -0 0 0 0 0 0 0 0 0 0 0 0 0 0 1 13150.8 13150.8 13150.8 13150.8
0 0 1 0 0 1 0 0 0 0 0 -9.43491e-10 -0 0 0 -0 0 0 0 0 0 0 0 0 0 0 0 0 0 1 13150.8 13150.8 13150.8 13150.8
0 0 1 0 0 1 0 0 0 0 0 -3.15001e-09 -0 0 0 -0 0 0 0 0 0 0 0 0 0 0 0 0 0 1 13150.8 13150.8 13150.8 13150.8
0 0 1 0 0 1 0 0 0 0 0 -3.15001e-09 -0 0 0 -0 0 0 0 0 0 0 0 0 0 0 0 0 0 1 13150.8 13150.8 13150.8 13150.8
0 0 1 0 0 1 0 0 0 0 0 6.79662e-09 -0 0 0 -0 0 0 0 0 0 0 0 0 0 0 0 0 0 1 13150.8 13150.8 13150.8 13150.8
0 0 1 0 0 1 0 0 0 0 0 4.54888e-09 -0 0 0 -0 0 0 0 0 0 0 0 0 0 0 0 0 0 1 13150.8 13150.8 13150.8 13150.8
0 0 1 0 0 1 0 0 0 0 0 2.32012e-09 -0 0 0 -0 0 0 0 0 0 0 0 0 0 0 0 0 0 1 13150.8 13150.8 13150.8 13150.8
0 0 1 0 0 1 0 0 0 0 0 2.78427e-10 -0 0 0 -0 0 0 0 0 0 0 0 0 0 0 0 0 0 1 13150.8 13150.8 13150.8 13150.8
0 0 1 0 0 1 0 0 0 0 0 -1.95752e-09 -0 0 0 -0 0 0 0 0 0 0 0 0 0 0 0 0 0 1 13150.8 13150.8 13150.8 13150.8
0 0 1 0 0 1 0 0 0 0 0 3.26203e-09 -0 0 0 -0 0 0 0 0 0 0 0 0 0 0 0 0 0 1 13150.8 13150.8 13150.8 13150.8
0 0 1 0 0 1 0 0 0 0 0 1.00259e-09 -0 0 0 -0 0 0 0 0 0 0 0 0 0 0 0 0 0 1 13150.8 13150.8 13150.8 13150.8
0 0 1 0 0 1 0 0 0 0 0 -1.21554e-09 -0 0 0 -0 0 0 0 0 0 0 0 0 0 0 0 0 0 1 13150.8 13150.8 13150.8 13150.8
0 0 1 0 0 1 0 0 0 0 0 -3.2598e-09 -0 0 0 -0 0 0 0 0 0 0 0 0 0 0 0 0 0 1 13150.8 13150.8 13150.8 13150.8
0 0 1 0 0 1 0 0 0 0 0 2.00724e-09 -0 0 0 -0 0 0 0 0 0 0 0 0 0 0 0 0 0 1 13150.8 13150.8 13150.8 13150.8
0 0 1 0 0 1 0 0 0 0 0 -2.04061e-10 -0 0 0 -0 0 0 0 0 0 0 0 0 0 0 0 0 0 1 13150.8 13150.8 13150.8 13150.8
0 0 1 0 0 1 0 0 0 0 0 -2.40793e-09 -0 0 0 -0 0 0 0 0 0 0 0 0 0 0 0 0 0 1 13150.8 13150.8 13150.8 13150.8
0 0 1 0 0 1 0 0 0 0 0 2.44987e-09 -0 0 0 -0 0 0 0 0 0 0 0 0 0 0 0 0 0 1 13150.8 13150.8 13150.8 13150.8
0 0 1 0 0 1 0 0 0 0 0 2.12812e-10 -0 0 0 -0 0 0 0 0 0 0 0 0 0 0 0 0 0 1 13150.8 13150.8 13150.8 13150.8
0 0 1 0 0 1 0 0 0 0 0 -2.02387e-09 -0 0 0 -0 0 0 0 0 0 0 0 0 0 0 0 0 0 1 13150.8 13150.8 13150.8 13150.8
0 0 1 0 0 1 0 0 0 0 0 -2.02387e-09 -0 0 0 -0 0 0 0 0 0 0 0 0 0 0 0 0 0 1 13150.8 13150.8 13150.8 13150.8
0 0 1 0 0 1 0 0 0 0 0 7.95632e-09 -0 0 0 -0 0 0 0 0 0 0 0 0 0 0 0 0 0 1 13150.8 13150.8 13150.8 13150.8
0 0 1 0 0 1 0 0 0 0 0 5.72449e-09 -0 0 0 -0 0 0 0 0 0 0 0 0 0 0 0 0 0 1 13150.8 13150.8 13150.8 13150.8
0 0 1 0 0 1 0 0 0 0 0 3.47018e-09 -0 0 0 -0 0 0 0 0 0 0 0 0 0 0 0 0 0 1 13150.8 13150.8 13150.8 13150.8
0 0 1 0 0 1 0 0 0 0 0 3.47018e-09 -0 0 0 -0 0 0 0 0 0 0 0 0 0 0 0 0 0 1 13150.8 13150.8 13150.8 13150.8
0 0 1 0 0 1 0 0 0 0 0 -7.99009e-10 -0 0 0 -0 0 0 0 0 0 0 0 0 0 0 0 0 0 1 13150.8 13150.8 13150.8 13150.8
0 0 1 0 0 1 0 0 0 0 0 -3.04286e-09 -0 0 0 -0 0 0 0 0 0 0 0 0 0 0 0 0 0 1 13150.8 13150.8 13150.8 13150.8
0 0 1 0 0 1 0 0 0 0 0 2.14454e-09 -0 0 0 -0 0 0 0 0 0 0 0 0 0 0 0 0 0 1 13150.8 13150.8 13150.8 13150.8
0 0 1 0 0 1 0 0 0 0 0 1.08079e-10 -0 0 0 -0 0 0 0 0 0 0 0 0 0 0 0 0 0 1 13150.8 13150.8 13150.8 13150.8
0 0 1 0 0 1 0 0 0 0 0 -2.13348e-09 -0 0 0 -0 0 0 0 0 0 0 0 0 0 0 0 0 0 1 13150.8 13150.8 13150.8 13150.8
0 0 1 0 0 1 0 0 0 0 0 3.09351e-09 -0 0 0 -0 0 0 0 0 0 0 0 0 0 0 0 0 0 1 13150.8 13150.8 13150.8 13150.8
0 0 1 0 0 1 0 0 0 0 0 8.46444e-10 -0 0 0 -0 0 0 0 0 0 0 0 0 0 0 0 0 0 1 13150.8 13150.8 13150.8 13150.8
0 0 1 0 0 1 0 0 0 0 0 8.46444e-10 -0 0 0 -0 0 0 0 0 0 0 0 0 0 0 0 0 0 1 13150.8 13150.8 13150.8 13150.8
0 0 1 0 0 1 0 0 0 0 0 -3.43313e-09 -0 0 0 -0 0 0 0 0 0 0 0 0 0 0 0 0 0 1 13150.8 13150.8 13150.8 13150.8
0 0 1 0 0 1 0 0 0 0 0 1.80202e-09 -0 0 0 -0 0 0 0 0 0 0 0 0 0 0 0 0 0 1 13150.8 13150.8 13150.8 13150.8
0 0 1 0 0 1 0 0 0 0 0 1.80202e-09 -0 0 0 -0 0 0 0 0 0 0 0 0 0 0 0 0 0 1 13150.8 13150.8 13150.8 13150.8
0 0 1 0 0 1 0 0 0 0 0 -2.59696e-09 -0 0 0 -0 0 0 0 0 0 0 0 0 0 0 0 0 0 1 13150.8 13150.8 13150.8 13150.8
0 0 1 0 0 1 0 0 0 0 0 2.27712e-09 -0 0 0 -0 0 0 0 0 0 0 0 0 0 0 0 0 0 1 13150.8 13150.8 13150.8 13150.8
0 0 1 0 0 1 0 0 0 0 0 2.66182e-11 -0 0 0 -0 0 0 0 0 0 0 0 0 0 0 0 0 0 1 13150.8 13150.8 13150.8 13150.8
0 0 1 0 0 1 0 0 0 0 0 -2.19704e-09 -0 0 0 -0 0 0 0 0 0 0 0 0 0 0 0 0 0 1 13150.8 13150.8 13150.8 13150.8
0 0 1 0 0 1 0 0 0 0 0 2.92431e-09 -0 0 0 -0 0 0 0 0 0 0 0 0 0 0 0 0 0 1 13150.8 13150.8 13150.8 13150.8
0 0 1 0 0 1 0 0 0 0 0 8.45712e-10 -0 0 0 -0 0 0 0 0 0 0 0 0 0 0 0 0 0 1 13150.8 13150.8 13150.8 13150.8
0 0 1 0 0 1 0 0 0 0 0 -1.39627e-09 -0 0 0 -0 0 0 0 0 0 0 0 0 0 0 0 0 0 1 13150.8 13150.8 13150.8 13150.8
0 0 1 0 0 1 0 0 0 0 0 -3.6363e-09 -0 0 0 -0 0 0 0 0 0 0 0 0 0 0 0 0 0 1 13150.8 13150.8 13150.8 13150.8
0 0 1 0 0 1 0 0 0 0 0 -3.6363e-09 -0 0 0 -0 0 0 0 0 0 0 0 0 0 0 0 0 0 1 13150.8 13150.8 13150.8 13150.8
0 0 1 0 0 1 0 0 0 0 0 6.37155e-09 -0 0 0 -0 0 0 0 0 0 0 0 0 0 0 0 0 0 1 13150.8 13150.8 13150.8 13150.8
0 0 1 0 0 1 0 0 0 0 0 4.15489e-09 -0 0 0 -0 0 0 0 0 0 0 0 0 0 0 0 0 0 1 13150.8 13150.8 13150.8 13150.8
0 0 1 0 0 1 0 0 0 0 0 1.91256e-09 -0 0 0 -0 0 0 0 0 0 0 0 0 0 0 0 0 0 1 13150.8 13150.8 13150.8 13150.8
0 0 1 0 0 1 0 0 0 0 0 -1.51079e-10 -0 0 0 -0 0 0 0 0 0 0 0 0 0 0 0 0 0 1 13150.8 13150.8 13150.8 13150.8
0 0 1 0 0 1 0 0 0 0 0 -2.37445e-09 -0 0 0 -0 0 0 0 0 0 0 0 0 0 0 0 0 0 1 13150.8 13150.8 13150.8 13150.8
0 0 1 0 0 1 0 0 0 0 0 2.8322e-09 -0 0 0 -0 0 0 0 0 0 0 0 0 0 0 0 0 0 1 13150.8 13150.8 13150.8 13150.8
0 0 1 0 0 1 0 0 0 0 0 5.64538e-10 -0 0 0 -0 0 0 0 0 0 0 0 0 0 0 0 0 0 1 13150.8 13150.8 13150.8 13150.8
0 0 1 0 0 1 0 0 0 0 0 5.64538e-10 -0 0 0 -0 0 0 0 0 0 0 0 0 0 0 0 0 0 1 13150.8 13150.8 13150.8 13150.8
0 0 1 0 0 1 0 0 0 0 0 -3.68641e-09 -0 0 0 -0 0 0 0 0 0 0 0 0 0 0 0 0 0 1 13150.8 13150.8 13150.8 13150.8
0 0 1 0 0 1 0 0 0 0 0 1.51445e-09 -0 0 0 -0 0 0 0 0 0 0 0 0 0 0 0 0 0 1 13150.8 13150.8 13150.8 13150.8
0 0 1 0 0 1 0 0 0 0 0 -7.29718e-10 -0 0 0 -0 0 0 0 0 0 0 0 0 0 0 0 0 0 1 13150.8 13150.8 13150.8 13150.8
0 0 1 0 0 1 0 0 0 0 0 -7.29718e-10 -0 0 0 -0 0 0 0 0 0 0 0 0 0 0 0 0 0 1 13150.8 13150.8 13150.8 13150.8
0 0 1 0 0 1 0 0 0 0 0 -5.05229e-09 -0 0 0 -0 0 0 0 0 0 0 0 0 0 0 0 0 0 1 13150.8 13150.8 13150.8 13150.8
0 0 1 0 0 1 0 0 0 0 0 1.10432e-10 -0 0 0 -0 0 0 0 0 0 0 0 0 0 0 0 0 0 1 13150.8 13150.8 13150.8 13150.8
0 0 1 0 0 1 0 0 0 0 0 -2.11747e-09 -0 0 0 -0 0 0 0 0 0 0 0 0 0 0 0 0 0 1 13150.8 13150.8 13150.8 13150.8
0 0 1 0 0 1 0 0 0 0 0 -2.11747e-09 -0 0 0 -0 0 0 0 0 0 0 0 0 0 0 0 0 0 1 13150.8 13150.8 13150.8 13150.8
0 0 1 0 0 1 0 0 0 0 0 7.82618e-09 -0 0 0 -0 0 0 0 0 0 0 0 0 0 0 0 0 0 1 13150.8 13150.8 13150.8 13150.8
0 0 1 0 0 1 0 0 0 0 0 5.58949e-09 -0 0 0 -0 0 0 0 0 0 0 0 0 0 0 0 0 0 1 13150.8 13150.8 13150.8 13150.8
0 0 1 0 0 1 0 0 0 0 0 3.34646e-09 -0 0 0 -0 0 0 0 0 0 0 0 0 0 0 0 0 0 1 13150.8 13150.8 13150.8 13150.8
0 0 1 0 0 1 0 0 0 0 0 -3.13394e-09 -0 0 0 -0 0 0 0 0 0 0 0 0 0 0 0 0 0 1 13150.8 13150.8 13150.8 13150.8
0 0 1 0 0 1 0 0 0 0 0 2.15723e-09 -0 0 0 -0 0 0 0 0 0 0 0 0 0 0 0 0 0 1 13150.8 13150.8 13150.8 13150.8
0 0 1 0 0 1 0 0 0 0 0 -8.34353e-11 -0 0 0 -0 0 0 0 0 0 0 0 0 0 0 0 0 0 1 13150.8 13150.8 13150.8 13150.8
0 0 1 0 0 1 0 0 0 0 0 -2.1228e-09 -0 0 0 -0 0 0 0 0 0 0 0 0 0 0 0 0 0 1 13150.8 13150.8 13150.8 13150.8
0 0 1 0 0 1 0 0 0 0 0 -4.36311e-09 -0 0 0 -0 0 0 0 0 0 0 0 0 0 0 0 0 0 1 13150.8 13150.8 13150.8 13150.8
0 0 1 0 0 1 0 0 0 0 0 6.02672e-09 -0 0 0 -0 0 0 0 0 0 0 0 0 0 0 0 0 0 1 13150.8 13150.8 13150.8 13150.8
0 0 1 0 0 1 0 0 0 0 0 1.07721e-08 -0 0 0 -0 0 0 0 0 0 0 0 0 0 0 0 0 0 1 13150.8 13150.8 13150.8 13150.8
0 0 1 0 0 1 0 0 0 0 0 8.52739e-09 -0 0 0 -0 0 0 0 0 0 0 0 0 0 0 0 0 0 1 13150.8 13150.8 13150.8 13150.8
0 0 1 0 0 1 0 0 0 0 0 6.29138e-09 -0 0 0 -0 0 0 0 0 0 0 0 0 0 0 0 0 0 1 13150.8 13150.8 13150.8 13150.8
0 0 1 0 0 1 0 0 0 0 0 4.04496e-09 -0 0 0 -0 0 0 0 0 0 0 0 0 0 0 0 0 0 1 13150.8 13150.8 13150.8 13150.8
0 0 1 0 0 1 0 0 0 0 0 -6.24103e-10 -0 0 0 -0 0 0 0 0 0 0 0 0 0 0 0 0 0 1 13150.8 13150.8 13150.8 13150.8
0 0 1 0 0 1 0 0 0 0 0 -8.98659e-09 -0 0 0 -0 0 0 0 0 0 0 0 0 0 0 0 0 0 1 13150.8 13150.8 13150.8 13150.8
0 0 1 0 0 1 0 0 0 0 0 -1.12304e-08 -0 0 0 -0 0 0 0 0 0 0 0 0 0 0 0 0 0 1 13150.8 13150.8 13150.8 13150.8
0 0 1 0 0 1 0 0 0 0 0 -6.19853e-09 -0 0 0 -0 0 0 0 0 0 0 0 0 0 0 0 0 0 1 13150.8 13150.8 13150.8 13150.8
0 0 1 0 0 1 0 0 0 0 0 -1.34195e-09 -0 0 0 -0 0 0 0 0 0 0 0 0 0 0 0 0 0 1 13150.8 13150.8 13150.8 13150.8
0 0 1 0 0 1 0 0 0 0 0 1.42345e-08 -0 0 0 -0 0 0 0 0 0 0 0 0 0 0 0 0 0 1 13150.8 13150.8 13150.8 13150.8
0 0 1 0 0 1 0 0 0 0 0 9.95684e-09 -0 0 0 -0 0 0 0 0 0 0 0 0 0 0 0 0 0 1 13150.8 13150.8 13150.8 13150.8
0 0 1 0 0 1 0 0 0 0 0 7.66311e-09 -0 0 0 -0 0 0 0 0 0 0 0 0 0 0 0 0 0 1 13150.8 13150.8 13150.8 13150.8
0 0 1 0 0 1 0 0 0 0 0 5.42061e-09 -0 0 0 -0 0 0 0 0 0 0 0 0 0 0 0 0 0 1 13150.8 13150.8 13150.8 13150.8
0 0 1 0 0 1 0 0 0 0 0 3.37206e-09 -0 0 0 -0 0 0 0 0 0 0 0 0 0 0 0 0 0 1 13150.8 13150.8 13150.8 13150.8
0 0 1 0 0 1 0 0 0 0 0 1.14141e-09 -0 0 0 -0 0 0 0 0 0 0 0 0 0 0 0 0 0 1 13150.8 13150.8 13150.8 13150.8
0 0 1 0 0 1 0 0 0 0 0 -1.09943e-09 -0 0 0 -0 0 0 0 0 0 0 0 0 0 0 0 0 0 1 13150.8 13150.8 13150.8 13150.8
0 0 1 0 0 1 0 0 0 0 0 -3.36921e-09 -0 0 0 -0 0 0 0 0 0 0 0 0 0 0 0 0 0 1 13150.8 13150.8 13150.8 13150.8
0 0 1 0 0 1 0 0 0 0 0 -7.55097e-09 -0 0 0 -0 0 0 0 0 0 0 0 0 0 0 0 0 0 1 13150.8 13150.8 13150.8 13150.8
0 0 1 0 0 1 0 0 0 0 0 -7.55097e-09 -0 0 0 -0 0 0 0 0 0 0 0 0 0 0 0 0 0 1 13150.8 13150.8 13150.8 13150.8
0 0 1 0 0 1 0 0 0 0 0 -2.15875e-09 -0 0 0 -0 0 0 0 0 0 0 0 0 0 0 0 0 0 1 13150.8 13150.8 13150.8 13150.8
0 0 1 0 0 1 0 0 0 0 0 3.01521e-09 -0 0 0 -0 0 0 0 0 0 0 0 0 0 0 0 0 0 1 13150.8 13150.8 13150.8 13150.8
0 0 1 0 0 1 0 0 0 0 0 9.69004e-10 -0 0 0 -0 0 0 0 0 0 0 0 0 0 0 0 0 0 1 13150.8 13150.8 13150.8 13150.8
0 0 1 0 0 1 0 0 0 0 0 -1.27214e-09 -0 0 0 -0 0 0 0 0 0 0 0 0 0 0 0 0 0 1 13150.8 13150.8 13150.8 13150.8
0 0 1 0 0 1 0 0 0 0 0 -3.50712e-09 -0 0 0 -0 0 0 0 0 0 0 0 0 0 0 0 0 0 1 13150.8 13150.8 13150.8 13150.8
0 0 1 0 0 1 0 0 0 0 0 -5.74701e-09 -0 0 0 -0 0 0 0 0 0 0 0 0 0 0 0 0 0 1 13150.8 13150.8 13150.8 13150.8
0 0 1 0 0 1 0 0 0 0 0 -9.99025e-10 -0 0 0 -0 0 0 0 0 0 0 0 0 0 0 0 0 0 1 13150.8 13150.8 13150.8 13150.8
0 0 1 0 0 1 0 0 0 0 0 4.09899e-09 -0 0 0 -0 0 0 0 0 0 0 0 0 0 0 0 0 0 1 13150.8 13150.8 13150.8 13150.8
0 0 1 0 0 1 0 0 0 0 0 1.81642e-09 -0 0 0 -0 0 0 0 0 0 0 0 0 0 0 0 0 0 1 13150.8 13150.8 13150.8 13150.8
0 0 1 0 0 1 0 0 0 0 0 -4.23023e-10 -0 0 0 -0 0 0 0 0 0 0 0 0 0 0 0 0 0 1 13150.8 13150.8 13150.8 13150.8
0 0 1 0 0 1 0 0 0 0 0 -2.46837e-09 -0 0 0 -0 0 0 0 0 0 0 0 0 0 0 0 0 0 1 13150.8 13150.8 13150.8 13150.8
0 0 1 0 0 1 0 0 0 0 0 -4.70639e-09 -0 0 0 -0 0 0 0 0 0 0 0 0 0 0 0 0 0 1 13150.8 13150.8 13150.8 13150.8
0 0 1 0 0 1 0 0 0 0 0 5.05716e-10 -0 0 0 -0 0 0 0 0 0 0 0 0 0 0 0 0 0 1 13150.8 13150.8 13150.8 13150.8
0 0 1 0 0 1 0 0 0 0 0 5.70715e-09 -0 0 0 -0 0 0 0 0 0 0 0 0 0 0 0 0 0 1 13150.8 13150.8 13150.8 13150.8
0 0 1 0 0 1 0 0 0 0 0 3.66349e-09 -0 0 0 -0 0 0 0 0 0 0 0 0 0 0 0 0 0 1 13150.8 13150.8 13150.8 13150.8
0 0 1 0 0 1 0 0 0 0 0 1.42865e-09 -0 0 0 -0 0 0 0 0 0 0 0 0 0 0 0 0 0 1 13150.8 13150.8 13150.8 13150.8
0 0 1 0 0 1 0 0 0 0 0 -8.16297e-10 -0 0 0 -0 0 0 0 0 0 0 0 0 0 0 0 0 0 1 13150.8 13150.8 13150.8 13150.8
0 0 1 0 0 1 0 0 0 0 0 -5.10072e-09 -0 0 0 -0 0 0 0 0 0 0 0 0 0 0 0 0 0 1 13150.8 13150.8 13150.8 13150.8
0 0 1 0 0 1 0 0 0 0 0 -7.34562e-09 -0 0 0 -0 0 0 0 0 0 0 0 0 0 0 0 0 0 1 13150.8 13150.8 13150.8 13150.8
0 0 1 0 0 1 0 0 0 0 0 -2.15665e-09 -0 0 0 -0 0 0 0 0 0 0 0 0 0 0 0 0 0 1 13150.8 13150.8 13150.8 13150.8
0 0 1 0 0 1 0 0 0 0 0 3.05545e-09 -0 0 0 -0 0 0 0 0 0 0 0 0 0 0 0 0 0 1 13150.8 13150.8 13150.8 13150.8
0 0 1 0 0 1 0 0 0 0 0 1.30043e-08 -0 0 0 -0 0 0 0 0 0 0 0 0 0 0 0 0 0 1 13150.8 13150.8 13150.8 13150.8
0 0 1 0 0 1 0 0 0 0 0 1.82276e-08 -0 0 0 -0 0 0 0 0 0 0 0 0 0 0 0 0 0 1 13150.8 13150.8 13150.8 13150.8
0 0 1 0 0 1 0 0 0 0 0 1.39438e-08 -0 0 0 -0 0 0 0 0 0 0 0 0 0 0 0 0 0 1 13150.8 13150.8 13150.8 13150.8
0 0 1 0 0 1 0 0 0 0 0 1.17678e-08 -0 0 0 -0 0 0 0 0 0 0 0 0 0 0 0 0 0 1 13150.8 13150.8 13150.8 13150.8
0 0 1 0 0 1 0 0 0 0 0 1.17678e-08 -0 0 0 -0 0 0 0 0 0 0 0 0 0 0 0 0 0 1 13150.8 13150.8 13150.8 13150.8
0 0 1 0 0 1 0 0 0 0 0 9.47083e-09 -0 0 0 -0 0 0 0 0 0 0 0 0 0 0 0 0 0 1 13150.8 13150.8 13150.8 13150.8
0 0 1 0 0 1 0 0 0 0 0 5.18697e-09 -0 0 0 -0 0 0 0 0 0 0 0 0 0 0 0 0 0 1 13150.8 13150.8 13150.8 13150.8
0 0 1 0 0 1 0 0 0 0 0 5.18697e-09 -0 0 0 -0 0 0 0 0 0 0 0 0 0 0 0 0 0 1 13150.8 13150.8 13150.8 13150.8
0 0 1 0 0 1 0 0 0 0 0 2.94716e-09 -0 0 0 -0 0 0 0 0 0 0 0 0 0 0 0 0 0 1 13150.8 13150.8 13150.8 13150.8
0 0 1 0 0 1 0 0 0 0 0 7.13864e-10 -0 0 0 -0 0 0 0 0 0 0 0 0 0 0 0 0 0 1 13150.8 13150.8 13150.8 13150.8
0 0 1 0 0 1 0 0 0 0 0 -3.5679e-09 -0 0 0 -0 0 0 0 0 0 0 0 0 0 0 0 0 0 1 13150.8 13150.8 13150.8 13150.8
0 0 1 0 0 1 0 0 0 0 0 1.64519e-09 -0 0 0 -0 0 0 0 0 0 0 0 0 0 0 0 0 0 1 13150.8 13150.8 13150.8 13150.8
0 0 1 0 0 1 0 0 0 0 0 -5.88234e-10 -0 0 0 -0 0 0 0 0 0 0 0 0 0 0 0 0 0 1 13150.8 13150.8 13150.8 13150.8
0 0 1 0 0 1 0 0 0 0 0 -5.88234e-10 -0 0 0 -0 0 0 0 0 0 0 0 0 0 0 0 0 0 1 13150.8 13150.8 13150.8 13150.8
0 0 1 0 0 1 0 0 0 0 0 -4.87426e-09 -0 0 0 -0 0 0 0 0 0 0 0 0 0 0 0 0 0 1 13150.8 13150.8 13150.8 13150.8
0 0 1 0 0 1 0 0 0 0 0 3.39576e-10 -0 0 0 -0 0 0 0 0 0 0 0 0 0 0 0 0 0 1 13150.8 13150.8 13150.8 13150.8
0 0 1 0 0 1 0 0 0 0 0 3.39576e-10 -0 0 0 -0 0 0 0 0 0 0 0 0 0 0 0 0 0 1 13150.8 13150.8 13150.8 13150.8
0 0 1 0 0 1 0 0 0 0 0 -2.18736e-09 -0 0 0 -0 0 0 0 0 0 0 0 0 0 0 0 0 0 1 13150.8 13150.8 13150.8 13150.8
0 0 1 0 0 1 0 0 0 0 0 -6.1851e-09 -0 0 0 -0 0 0 0 0 0 0 0 0 0 0 0 0 0 1 13150.8 13150.8 13150.8 13150.8
0 0 1 0 0 1 0 0 0 0 0 -9.67213e-10 -0 0 0 -0 0 0 0 0 0 0 0 0 0 0 0 0 0 1 13150.8 13150.8 13150.8 13150.8
0 0 1 0 0 1 0 0 0 0 0 -9.67213e-10 -0 0 0 -0 0 0 0 0 0 0 0 0 0 0 0 0 0 1 13150.8 13150.8 13150.8 13150.8
0 0 1 0 0 1 0 0 0 0 0 -3.19974e-09 -0 0 0 -0 0 0 0 0 0 0 0 0 0 0 0 0 0 1 13150.8 13150.8 13150.8 13150.8
0 0 1 0 0 1 0 0 0 0 0 -6.76842e-10 -0 0 0 -0 0 0 0 0 0 0 0 0 0 0 0 0 0 1 13150.8 13150.8 13150.8 13150.8
0 0 1 0 0 1 0 0 0 0 0 -2.84177e-09 -0 0 0 -0 0 0 0 0 0 0 0 0 0 0 0 0 0 1 13150.8 13150.8 13150.8 13150.8
0 0 1 0 0 1 0 0 0 0 0 -2.84177e-09 -0 0 0 -0 0 0 0 0 0 0 0 0 0 0 0 0 0 1 13150.8 13150.8 13150.8 13150.8
0 0 1 0 0 1 0 0 0 0 0 2.53815e-09 -0 0 0 -0 0 0 0 0 0 0 0 0 0 0 0 0 0 1 13150.8 13150.8 13150.8 13150.8
0 0 1 0 0 1 0 0 0 0 0 5.70336e-09 -0 0 0 -0 0 0 0 0 0 0 0 0 0 0 0 0 0 1 13150.8 13150.8 13150.8 13150.8
0 0 1 0 0 1 0 0 0 0 0 3.46566e-09 -0 0 0 -0 0 0 0 0 0 0 0 0 0 0 0 0 0 1 13150.8 13150.8 13150.8 13150.8
0 0 1 0 0 1 0 0 0 0 0 1.22806e-09 -0 0 0 -0 0 0 0 0 0 0 0 0 0 0 0 0 0 1 13150.8 13150.8 13150.8 13150.8
0 0 1 0 0 1 0 0 0 0 0 1.22806e-09 -0 0 0 -0 0 0 0 0 0 0 0 0 0 0 0 0 0 1 13150.8 13150.8 13150.8 13150.8
0 0 1 0 0 1 0 0 0 0 0 -3.05106e-09 -0 0 0 -0 0 0 0 0 0 0 0 0 0 0 0 0 0 1 13150.8 13150.8 13150.8 13150.8
0 0 1 0 0 1 0 0 0 0 0 -3.05106e-09 -0 0 0 -0 0 0 0 0 0 0 0 0 0 0 0 0 0 1 13150.8 13150.8 13150.8 13150.8
0 0 1 0 0 1 0 0 0 0 0 7.45019e-09 -0 0 0 -0 0 0 0 0 0 0 0 0 0 0 0 0 0 1 13150.8 13150.8 13150.8 13150.8
0 0 1 0 0 1 0 0 0 0 0 7.45019e-09 -0 0 0 -0 0 0 0 0 0 0 0 0 0 0 0 0 0 1 13150.8 13150.8 13150.8 13150.8
0 0 1 0 0 1 0 0 0 0 0 3.20314e-09 -0 0 0 -0 0 0 0 0 0 0 0 0 0 0 0 0 0 1 13150.8 13150.8 13150.8 13150.8
0 0 1 0 0 1 0 0 0 0 0 9.49556e-10 -0 0 0 -0 0 0 0 0 0 0 0 0 0 0 0 0 0 1 13150.8 13150.8 13150.8 13150.8
0 0 1 0 0 1 0 0 0 0 0 -1.26687e-09 -0 0 0 -0 0 0 0 0 0 0 0 0 0 0 0 0 0 1 13150.8 13150.8 13150.8 13150.8
0 0 1 0 0 1 0 0 0 0 0 -1.26687e-09 -0 0 0 -0 0 0 0 0 0 0 0 0 0 0 0 0 0 1 13150.8 13150.8 13150.8 13150.8
0 0 1 0 0 1 0 0 0 0 0 -3.8536e-09 -0 0 0 -0 0 0 0 0 0 0 0 0 0 0 0 0 0 1 13150.8 13150.8 13150.8 13150.8
0 0 1 0 0 1 0 0 0 0 0 -5.64163e-09 -0 0 0 -0 0 0 0 0 0 0 0 0 0 0 0 0 0 1 13150.8 13150.8 13150.8 13150.8
0 0 1 0 0 1 0 0 0 0 0 -5.86237e-10 -0 0 0 -0 0 0 0 0 0 0 0 0 0 0 0 0 0 1 13150.8 13150.8 13150.8 13150.8
0 0 1 0 0 1 0 0 0 0 0 4.59861e-09 -0 0 0 -0 0 0 0 0 0 0 0 0 0 0 0 0 0 1 13150.8 13150.8 13150.8 13150.8
0 0 1 0 0 1 0 0 0 0 0 3.3746e-10 -0 0 0 -0 0 0 0 0 0 0 0 0 0 0 0 0 0 1 13150.8 13150.8 13150.8 13150.8
0 0 1 0 0 1 0 0 0 0 0 -1.86501e-09 -0 0 0 -0 0 0 0 0 0 0 0 0 0 0 0 0 0 1 13150.8 13150.8 13150.8 13150.8
0 0 1 0 0 1 0 0 0 0 0 -4.12933e-09 -0 0 0 -0 0 0 0 0 0 0 0 0 0 0 0 0 0 1 13150.8 13150.8 13150.8 13150.8
0 0 1 0 0 1 0 0 0 0 0 -4.12933e-09 -0 0 0 -0 0 0 0 0 0 0 0 0 0 0 0 0 0 1 13150.8 13150.8 13150.8 13150.8
0 0 1 0 0 1 0 0 0 0 0 5.9072e-09 -0 0 0 -0 0 0 0 0 0 0 0 0 0 0 0 0 0 1 13150.8 13150.8 13150.8 13150.8
0 0 1 0 0 1 0 0 0 0 0 3.68116e-09 -0 0 0 -0 0 0 0 0 0 0 0 0 0 0 0 0 0 1 13150.8 13150.8 13150.8 13150.8
0 0 1 0 0 1 0 0 0 0 0 3.68116e-09 -0 0 0 -0 0 0 0 0 0 0 0 0 0 0 0 0 0 1 13150.8 13150.8 13150.8 13150.8
0 0 1 0 0 1 0 0 0 0 0 1.37929e-09 -0 0 0 -0 0 0 0 0 0 0 0 0 0 0 0 0 0 1 13150.8 13150.8 13150.8 13150.8
0 0 1 0 0 1 0 0 0 0 0 -2.84056e-09 -0 0 0 -0 0 0 0 0 0 0 0 0 0 0 0 0 0 1 13150.8 13150.8 13150.8 13150.8
0 0 1 0 0 1 0 0 0 0 0 -5.07917e-09 -0 0 0 -0 0 0 0 0 0 0 0 0 0 0 0 0 0 1 13150.8 13150.8 13150.8 13150.8
0 0 1 0 0 1 0 0 0 0 0 -5.07917e-09 -0 0 0 -0 0 0 0 0 0 0 0 0 0 0 0 0 0 1 13150.8 13150.8 13150.8 13150.8
0 0 1 0 0 1 0 0 0 0 0 1.83131e-10 -0 0 0 -0 0 0 0 0 0 0 0 0 0 0 0 0 0 1 13150.8 13150.8 13150.8 13150.8
0 0 1 0 0 1 0 0 0 0 0 5.47659e-09 -0 0 0 -0 0 0 0 0 0 0 0 0 0 0 0 0 0 1 13150.8 13150.8 13150.8 13150.8
0 0 1 0 0 1 0 0 0 0 0 3.43591e-09 -0 0 0 -0 0 0 0 0 0 0 0 0 0 0 0 0 0 1 13150.8 13150.8 13150.8 13150.8
0 0 1 0 0 1 0 0 0 0 0 -1.01031e-09 -0 0 0 -0 0 0 0 0 0 0 0 0 0 0 0 0 0 1 13150.8 13150.8 13150.8 13150.8
0 0 1 0 0 1 0 0 0 0 0 -3.25583e-09 -0 0 0 -0 0 0 0 0 0 0 0 0 0 0 0 0 0 1 13150.8 13150.8 13150.8 13150.8
0 0 1 0 0 1 0 0 0 0 0 1.43123e-09 -0 0 0 -0 0 0 0 0 0 0 0 0 0 0 0 0 0 1 13150.8 13150.8 13150.8 13150.8
0 0 1 0 0 1 0 0 0 0 0 -8.08403e-10 -0 0 0 -0 0 0 0 0 0 0 0 0 0 0 0 0 0 1 13150.8 13150.8 13150.8 13150.8
0 0 1 0 0 1 0 0 0 0 0 -3.04656e-09 -0 0 0 -0 0 0 0 0 0 0 0 0 0 0 0 0 0 1 13150.8 13150.8 13150.8 13150.8
0 0 1 0 0 1 0 0 0 0 0 -3.04656e-09 -0 0 0 -0 0 0 0 0 0 0 0 0 0 0 0 0 0 1 13150.8 13150.8 13150.8 13150.8
0 0 1 0 0 1 0 0 0 0 0 6.94239e-09 -0 0 0 -0 0 0 0 0 0 0 0 0 0 0 0 0 0 1 13150.8 13150.8 13150.8 13150.8
0 0 1 0 0 1 0 0 0 0 0 4.70083e-09 -0 0 0 -0 0 0 0 0 0 0 0 0 0 0 0 0 0 1 13150.8 13150.8 13150.8 13150.8
0 0 1 0 0 1 0 0 0 0 0 2.5145e-09 -0 0 0 -0 0 0 0 0 0 0 0 0 0 0 0 0 0 1 13150.8 13150.8 13150.8 13150.8
0 0 1 0 0 1 0 0 0 0 0 2.5145e-09 -0 0 0 -0 0 0 0 0 0 0 0 0 0 0 0 0 0 1 13150.8 13150.8 13150.8 13150.8
0 0 1 0 0 1 0 0 0 0 0 -1.80952e-09 -0 0 0 -0 0 0 0 0 0 0 0 0 0 0 0 0 0 1 13150.8 13150.8 13150.8 13150.8
0 0 1 0 0 1 0 0 0 0 0 -4.04796e-09 -0 0 0 -0 0 0 0 0 0 0 0 0 0 0 0 0 0 1 13150.8 13150.8 13150.8 13150.8
0 0 1 0 0 1 0 0 0 0 0 1.13792e-09 -0 0 0 -0 0 0 0 0 0 0 0 0 0 0 0 0 0 1 13150.8 13150.8 13150.8 13150.8
0 0 1 0 0 1 0 0 0 0 0 1.13792e-09 -0 0 0 -0 0 0 0 0 0 0 0 0 0 0 0 0 0 1 13150.8 13150.8 13150.8 13150.8
0 0 1 0 0 1 0 0 0 0 0 -3.15834e-09 -0 0 0 -0 0 0 0 0 0 0 0 0 0 0 0 0 0 1 13150.8 13150.8 13150.8 13150.8
0 0 1 0 0 1 0 0 0 0 0 2.03203e-09 -0 0 0 -0 0 0 0 0 0 0 0 0 0 0 0 0 0 1 13150.8 13150.8 13150.8 13150.8
0 0 1 0 0 1 0 0 0 0 0 -1.97655e-10 -0 0 0 -0 0 0 0 0 0 0 0 0 0 0 0 0 0 1 13150.8 13150.8 13150.8 13150.8
0 0 1 0 0 1 0 0 0 0 0 -1.97655e-10 -0 0 0 -0 0 0 0 0 0 0 0 0 0 0 0 0 0 1 13150.8 13150.8 13150.8 13150.8
0 0 1 0 0 1 0 0 0 0 0 -2.45419e-09 -0 0 0 -0 0 0 0 0 0 0 0 0 0 0 0 0 0 1 13150.8 13150.8 13150.8 13150.8
0 0 1 0 0 1 0 0 0 0 0 -6.73436e-09 -0 0 0 -0 0 0 0 0 0 0 0 0 0 0 0 0 0 1 13150.8 13150.8 13150.8 13150.8
0 0 1 0 0 1 0 0 0 0 0 -1.56256e-09 -0 0 0 -0 0 0 0 0 0 0 0 0 0 0 0 0 0 1 13150.8 13150.8 13150.8 13150.8
0 0 1 0 0 1 0 0 0 0 0 -1.56256e-09 -0 0 0 -0 0 0 0 0 0 0 0 0 0 0 0 0 0 1 13150.8 13150.8 13150.8 13150.8
0 0 1 0 0 1 0 0 0 0 0 -5.84756e-09 -0 0 0 -0 0 0 0 0 0 0 0 0 0 0 0 0 0 1 13150.8 13150.8 13150.8 13150.8
0 0 1 0 0 1 0 0 0 0 0 -6.51045e-10 -0 0 0 -0 0 0 0 0 0 0 0 0 0 0 0 0 0 1 13150.8 13150.8 13150.8 13150.8
0 0 1 0 0 1 0 0 0 0 0 -2.89477e-09 -0 0 0 -0 0 0 0 0 0 0 0 0 0 0 0 0 0 1 13150.8 13150.8 13150.8 13150.8
0 0 1 0 0 1 0 0 0 0 0 -2.89477e-09 -0 0 0 -0 0 0 0 0 0 0 0 0 0 0 0 0 0 1 13150.8 13150.8 13150.8 13150.8
0 0 1 0 0 1 0 0 0 0 0 7.09369e-09 -0 0 0 -0 0 0 0 0 0 0 0 0 0 0 0 0 0 1 13150.8 13150.8 13150.8 13150.8
0 0 1 0 0 1 0 0 0 0 0 4.87532e-09 -0 0 0 -0 0 0 0 0 0 0 0 0 0 0 0 0 0 1 13150.8 13150.8 13150.8 13150.8
0 0 1 0 0 1 0 0 0 0 0 2.67529e-09 -0 0 0 -0 0 0 0 0 0 0 0 0 0 0 0 0 0 1 13150.8 13150.8 13150.8 13150.8
0 0 1 0 0 1 0 0 0 0 0 2.67529e-09 -0 0 0 -0 0 0 0 0 0 0 0 0 0 0 0 0 0 1 13150.8 13150.8 13150.8 13150.8
0 0 1 0 0 1 0 0 0 0 0 -1.64842e-09 -0 0 0 -0 0 0 0 0 0 0 0 0 0 0 0 0 0 1 13150.8 13150.8 13150.8 13150.8
0 0 1 0 0 1 0 0 0 0 0 -3.88826e-09 -0 0 0 -0 0 0 0 0 0 0 0 0 0 0 0 0 0 1 13150.8 13150.8 13150.8 13150.8
0 0 1 0 0 1 0 0 0 0 0 1.37095e-09 -0 0 0 -0 0 0 0 0 0 0 0 0 0 0 0 0 0 1 13150.8 13150.8 13150.8 13150.8
0 0 1 0 0 1 0 0 0 0 0 1.37095e-09 -0 0 0 -0 0 0 0 0 0 0 0 0 0 0 0 0 0 1 13150.8 13150.8 13150.8 13150.8
0 0 1 0 0 1 0 0 0 0 0 -2.88794e-09 -0 0 0 -0 0 0 0 0 0 0 0 0 0 0 0 0 0 1 13150.8 13150.8 13150.8 13150.8
0 0 1 0 0 1 0 0 0 0 0 -5.12819e-09 -0 0 0 -0 0 0 0 0 0 0 0 0 0 0 0 0 0 1 13150.8 13150.8 13150.8 13150.8
0 0 1 0 0 1 0 0 0 0 0 9.89008e-11 -0 0 0 -0 0 0 0 0 0 0 0 0 0 0 0 0 0 1 13150.8 13150.8 13150.8 13150.8
0 0 1 0 0 1 0 0 0 0 0 9.89008e-11 -0 0 0 -0 0 0 0 0 0 0 0 0 0 0 0 0 0 1 13150.8 13150.8 13150.8 13150.8
0 0 1 0 0 1 0 0 0 0 0 -4.17108e-09 -0 0 0 -0 0 0 0 0 0 0 0 0 0 0 0 0 0 1 13150.8 13150.8 13150.8 13150.8
0 0 1 0 0 1 0 0 0 0 0 1.05957e-09 -0 0 0 -0 0 0 0 0 0 0 0 0 0 0 0 0 0 1 13150.8 13150.8 13150.8 13150.8
0 0 1 0 0 1 0 0 0 0 0 -1.16605e-09 -0 0 0 -0 0 0 0 0 0 0 0 0 0 0 0 0 0 1 13150.8 13150.8 13150.8 13150.8
0 0 1 0 0 1 0 0 0 0 0 -1.16605e-09 -0 0 0 -0 0 0 0 0 0 0 0 0 0 0 0 0 0 1 13150.8 13150.8 13150.8 13150.8
0 0 1 0 0 1 0 0 0 0 0 -3.40199e-09 -0 0 0 -0 0 0 0 0 0 0 0 0 0 0 0 0 0 1 13150.8 13150.8 13150.8 13150.8
0 0 1 0 0 1 0 0 0 0 0 6.61705e-09 -0 0 0 -0 0 0 0 0 0 0 0 0 0 0 0 0 0 1 13150.8 13150.8 13150.8 13150.8
0 0 1 0 0 1 0 0 0 0 0 6.61705e-09 -0 0 0 -0 0 0 0 0 0 0 0 0 0 0 0 0 0 1 13150.8 13150.8 13150.8 13150.8
0 0 1 0 0 1 0 0 0 0 0 4.39112e-09 -0 0 0 -0 0 0 0 0 0 0 0 0 0 0 0 0 0 1 13150.8 13150.8 13150.8 13150.8
0 0 1 0 0 1 0 0 0 0 0 9.90584e-11 -0 0 0 -0 0 0 0 0 0 0 0 0 0 0 0 0 0 1 13150.8 13150.8 13150.8 13150.8
0 0 1 0 0 1 0 0 0 0 0 -2.13327e-09 -0 0 0 -0 0 0 0 0 0 0 0 0 0 0 0 0 0 1 13150.8 13150.8 13150.8 13150.8
0 0 1 0 0 1 0 0 0 0 0 -4.30884e-09 -0 0 0 -0 0 0 0 0 0 0 0 0 0 0 0 0 0 1 13150.8 13150.8 13150.8 13150.8
0 0 1 0 0 1 0 0 0 0 0 -4.30884e-09 -0 0 0 -0 0 0 0 0 0 0 0 0 0 0 0 0 0 1 13150.8 13150.8 13150.8 13150.8
0 0 1 0 0 1 0 0 0 0 0 5.80122e-09 -0 0 0 -0 0 0 0 0 0 0 0 0 0 0 0 0 0 1 13150.8 13150.8 13150.8 13150.8
0 0 1 0 0 1 0 0 0 0 0 3.56865e-09 -0 0 0 -0 0 0 0 0 0 0 0 0 0 0 0 0 0 1 13150.8 13150.8 13150.8 13150.8
0 0 1 0 0 1 0 0 0 0 0 1.31152e-09 -0 0 0 -0 0 0 0 0 0 0 0 0 0 0 0 0 0 1 13150.8 13150.8 13150.8 13150.8
0 0 1 0 0 1 0 0 0 0 0 1.31152e-09 -0 0 0 -0 0 0 0 0 0 0 0 0 0 0 0 0 0 1 13150.8 13150.8 13150.8 13150.8
0 0 1 0 0 1 0 0 0 0 0 -9.16288e-10 -0 0 0 -0 0 0 0 0 0 0 0 0 0 0 0 0 0 1 13150.8 13150.8 13150.8 13150.8
0 0 1 0 0 1 0 0 0 0 0 -5.20689e-09 -0 0 0 -0 0 0 0 0 0 0 0 0 0 0 0 0 0 1 13150.8 13150.8 13150.8 13150.8
0 0 1 0 0 1 0 0 0 0 0 -7.76453e-12 -0 0 0 -0 0 0 0 0 0 0 0 0 0 0 0 0 0 1 13150.8 13150.8 13150.8 13150.8
0 0 1 0 0 1 0 0 0 0 0 -7.76453e-12 -0 0 0 -0 0 0 0 0 0 0 0 0 0 0 0 0 0 1 13150.8 13150.8 13150.8 13150.8
0 0 1 0 0 1 0 0 0 0 0 -4.27853e-09 -0 0 0 -0 0 0 0 0 0 0 0 0 0 0 0 0 0 1 13150.8 13150.8 13150.8 13150.8
0 0 1 0 0 1 0 0 0 0 0 9.19061e-10 -0 0 0 -0 0 0 0 0 0 0 0 0 0 0 0 0 0 1 13150.8 13150.8 13150.8 13150.8
0 0 1 0 0 1 0 0 0 0 0 -1.33508e-09 -0 0 0 -0 0 0 0 0 0 0 0 0 0 0 0 0 0 1 13150.8 13150.8 13150.8 13150.8
0 0 1 0 0 1 0 0 0 0 0 -1.33508e-09 -0 0 0 -0 0 0 0 0 0 0 0 0 0 0 0 0 0 1 13150.8 13150.8 13150.8 13150.8
0 0 1 0 0 1 0 0 0 0 0 -5.61455e-09 -0 0 0 -0 0 0 0 0 0 0 0 0 0 0 0 0 0 1 13150.8 13150.8 13150.8 13150.8
0 0 1 0 0 1 0 0 0 0 0 -4.43927e-10 -0 0 0 -0 0 0 0 0 0 0 0 0 0 0 0 0 0 1 13150.8 13150.8 13150.8 13150.8
0 0 1 0 0 1 0 0 0 0 0 -4.43927e-10 -0 0 0 -0 0 0 0 0 0 0 0 0 0 0 0 0 0 1 13150.8 13150.8 13150.8 13150.8
0 0 1 0 0 1 0 0 0 0 0 -2.94698e-09 -0 0 0 -0 0 0 0 0 0 0 0 0 0 0 0 0 0 1 13150.8 13150.8 13150.8 13150.8
0 0 1 0 0 1 0 0 0 0 0 6.96696e-11 -0 0 0 -0 0 0 0 0 0 0 0 0 0 0 0 0 0 1 13150.8 13150.8 13150.8 13150.8
0 0 1 0 0 1 0 0 0 0 0 -2.16354e-09 -0 0 0 -0 0 0 0 0 0 0 0 0 0 0 0 0 0 1 13150.8 13150.8 13150.8 13150.8
0 0 1 0 0 1 0 0 0 0 0 -4.32562e-09 -0 0 0 -0 0 0 0 0 0 0 0 0 0 0 0 0 0 1 13150.8 13150.8 13150.8 13150.8
0 0 1 0 0 1 0 0 0 0 0 -4.32562e-09 -0 0 0 -0 0 0 0 0 0 0 0 0 0 0 0 0 0 1 13150.8 13150.8 13150.8 13150.8
0 0 1 0 0 1 0 0 0 0 0 5.78801e-09 -0 0 0 -0 0 0 0 0 0 0 0 0 0 0 0 0 0 1 13150.8 13150.8 13150.8 13150.8
0 0 1 0 0 1 0 0 0 0 0 3.55009e-09 -0 0 0 -0 0 0 0 0 0 0 0 0 0 0 0 0 0 1 13150.8 13150.8 13150.8 13150.8
0 0 1 0 0 1 0 0 0 0 0 1.31275e-09 -0 0 0 -0 0 0 0 0 0 0 0 0 0 0 0 0 0 1 13150.8 13150.8 13150.8 13150.8
0 0 1 0 0 1 0 0 0 0 0 1.31275e-09 -0 0 0 -0 0 0 0 0 0 0 0 0 0 0 0 0 0 1 13150.8 13150.8 13150.8 13150.8
0 0 1 0 0 1 0 0 0 0 0 -2.97496e-09 -0 0 0 -0 0 0 0 0 0 0 0 0 0 0 0 0 0 1 13150.8 13150.8 13150.8 13150.8
0 0 1 0 0 1 0 0 0 0 0 2.22309e-09 -0 0 0 -0 0 0 0 0 0 0 0 0 0 0 0 0 0 1 13150.8 13150.8 13150.8 13150.8
0 0 1 0 0 1 0 0 0 0 0 -2.11756e-11 -0 0 0 -0 0 0 0 0 0 0 0 0 0 0 0 0 0 1 13150.8 13150.8 13150.8 13150.8
0 0 1 0 0 1 0 0 0 0 0 -2.11756e-11 -0 0 0 -0 0 0 0 0 0 0 0 0 0 0 0 0 0 1 13150.8 13150.8 13150.8 13150.8
0 0 1 0 0 1 0 0 0 0 0 -4.31469e-09 -0 0 0 -0 0 0 0 0 0 0 0 0 0 0 0 0 0 1 13150.8 13150.8 13150.8 13150.8
0 0 1 0 0 1 0 0 0 0 0 8.58873e-10 -0 0 0 -0 0 0 0 0 0 0 0 0 0 0 0 0 0 1 13150.8 13150.8 13150.8 13150.8
0 0 1 0 0 1 0 0 0 0 0 8.58873e-10 -0 0 0 -0 0 0 0 0 0 0 0 0 0 0 0 0 0 1 13150.8 13150.8 13150.8 13150.8
0 0 1 0 0 1 0 0 0 0 0 -1.40847e-09 -0 0 0 -0 0 0 0 0 0 0 0 0 0 0 0 0 0 1 13150.8 13150.8 13150.8 13150.8
0 0 1 0 0 1 0 0 0 0 0 -5.67945e-09 -0 0 0 -0 0 0 0 0 0 0 0 0 0 0 0 0 0 1 13150.8 13150.8 13150.8 13150.8
0 0 1 0 0 1 0 0 0 0 0 -5.67945e-09 -0 0 0 -0 0 0 0 0 0 0 0 0 0 0 0 0 0 1 13150.8 13150.8 13150.8 13150.8
0 0 1 0 0 1 0 0 0 0 0 4.70622e-09 -0 0 0 -0 0 0 0 0 0 0 0 0 0 0 0 0 0 1 13150.8 13150.8 13150.8 13150.8
0 0 1 0 0 1 0 0 0 0 0 4.70622e-09 -0 0 0 -0 0 0 0 0 0 0 0 0 0 0 0 0 0 1 13150.8 13150.8 13150.8 13150.8
0 0 1 0 0 1 0 0 0 0 0 4.28162e-10 -0 0 0 -0 0 0 0 0 0 0 0 0 0 0 0 0 0 1 13150.8 13150.8 13150.8 13150.8
0 0 1 0 0 1 0 0 0 0 0 -1.81105e-09 -0 0 0 -0 0 0 0 0 0 0 0 0 0 0 0 0 0 1 13150.8 13150.8 13150.8 13150.8
0 0 1 0 0 1 0 0 0 0 0 -3.97708e-09 -0 0 0 -0 0 0 0 0 0 0 0 0 0 0 0 0 0 1 13150.8 13150.8 13150.8 13150.8
0 0 1 0 0 1 0 0 0 0 0 -3.97708e-09 -0 0 0 -0 0 0 0 0 0 0 0 0 0 0 0 0 0 1 13150.8 13150.8 13150.8 13150.8
0 0 1 0 0 1 0 0 0 0 0 6.18255e-09 -0 0 0 -0 0 0 0 0 0 0 0 0 0 0 0 0 0 1 13150.8 13150.8 13150.8 13150.8
0 0 1 0 0 1 0 0 0 0 0 3.95401e-09 -0 0 0 -0 0 0 0 0 0 0 0 0 0 0 0 0 0 1 13150.8 13150.8 13150.8 13150.8
0 0 1 0 0 1 0 0 0 0 0 1.69745e-09 -0 0 0 -0 0 0 0 0 0 0 0 0 0 0 0 0 0 1 13150.8 13150.8 13150.8 13150.8
0 0 1 0 0 1 0 0 0 0 0 1.69745e-09 -0 0 0 -0 0 0 0 0 0 0 0 0 0 0 0 0 0 1 13150.8 13150.8 13150.8 13150.8
0 0 1 0 0 1 0 0 0 0 0 -5.50164e-10 -0 0 0 -0 0 0 0 0 0 0 0 0 0 0 0 0 0 1 13150.8 13150.8 13150.8 13150.8
0 0 1 0 0 1 0 0 0 0 0 -4.80825e-09 -0 0 0 -0 0 0 0 0 0 0 0 0 0 0 0 0 0 1 13150.8 13150.8 13150.8 13150.8
0 0 1 0 0 1 0 0 0 0 0 4.19164e-10 -0 0 0 -0 0 0 0 0 0 0 0 0 0 0 0 0 0 1 13150.8 13150.8 13150.8 13150.8
0 0 1 0 0 1 0 0 0 0 0 4.19164e-10 -0 0 0 -0 0 0 0 0 0 0 0 0 0 0 0 0 0 1 13150.8 13150.8 13150.8 13150.8
0 0 1 0 0 1 0 0 0 0 0 -3.87649e-09 -0 0 0 -0 0 0 0 0 0 0 0 0 0 0 0 0 0 1 13150.8 13150.8 13150.8 13150.8
0 0 1 0 0 1 0 0 0 0 0 1.28027e-09 -0 0 0 -0 0 0 0 0 0 0 0 0 0 0 0 0 0 1 13150.8 13150.8 13150.8 13150.8
0 0 1 0 0 1 0 0 0 0 0 -9.47019e-10 -0 0 0 -0 0 0 0 0 0 0 0 0 0 0 0 0 0 1 13150.8 13150.8 13150.8 13150.8
0 0 1 0 0 1 0 0 0 0 0 -9.47019e-10 -0 0 0 -0 0 0 0 0 0 0 0 0 0 0 0 0 0 1 13150.8 13150.8 13150.8 13150.8
0 0 1 0 0 1 0 0 0 0 0 -3.17986e-09 -0 0 0 -0 0 0 0 0 0 0 0 0 0 0 0 0 0 1 13150.8 13150.8 13150.8 13150.8
0 0 1 0 0 1 0 0 0 0 0 -4.24359e-11 -0 0 0 -0 0 0 0 0 0 0 0 0 0 0 0 0 0 1 13150.8 13150.8 13150.8 13150.8
0 0 1 0 0 1 0 0 0 0 0 -2.28022e-09 -0 0 0 -0 0 0 0 0 0 0 0 0 0 0 0 0 0 1 13150.8 13150.8 13150.8 13150.8
0 0 1 0 0 1 0 0 0 0 0 -2.28022e-09 -0 0 0 -0 0 0 0 0 0 0 0 0 0 0 0 0 0 1 13150.8 13150.8 13150.8 13150.8
0 0 1 0 0 1 0 0 0 0 0 -6.56375e-09 -0 0 0 -0 0 0 0 0 0 0 0 0 0 0 0 0 0 1 13150.8 13150.8 13150.8 13150.8
0 0 1 0 0 1 0 0 0 0 0 -6.56375e-09 -0 0 0 -0 0 0 0 0 0 0 0 0 0 0 0 0 0 1 13150.8 13150.8 13150.8 13150.8
0 0 1 0 0 1 0 0 0 0 0 3.63872e-09 -0 0 0 -0 0 0 0 0 0 0 0 0 0 0 0 0 0 1 13150.8 13150.8 13150.8 13150.8
0 0 1 0 0 1 0 0 0 0 0 3.63872e-09 -0 0 0 -0 0 0 0 0 0 0 0 0 0 0 0 0 0 1 13150.8 13150.8 13150.8 13150.8
0 0 1 0 0 1 0 0 0 0 0 -7.42371e-10 -0 0 0 -0 0 0 0 0 0 0 0 0 0 0 0 0 0 1 13150.8 13150.8 13150.8 13150.8
0 0 1 0 0 1 0 0 0 0 0 -2.97968e-09 -0 0 0 -0 0 0 0 0 0 0 0 0 0 0 0 0 0 1 13150.8 13150.8 13150.8 13150.8
0 0 1 0 0 1 0 0 0 0 0 -2.97968e-09 -0 0 0 -0 0 0 0 0 0 0 0 0 0 0 0 0 0 1 13150.8 13150.8 13150.8 13150.8
0 0 1 0 0 1 0 0 0 0 0 2.29506e-09 -0 0 0 -0 0 0 0 0 0 0 0 0 0 0 0 0 0 1 13150.8 13150.8 13150.8 13150.8
0 0 1 0 0 1 0 0 0 0 0 7.45521e-09 -0 0 0 -0 0 0 0 0 0 0 0 0 0 0 0 0 0 1 13150.8 13150.8 13150.8 13150.8
0 0 1 0 0 1 0 0 0 0 0 5.42047e-09 -0 0 0 -0 0 0 0 0 0 0 0 0 0 0 0 0 0 1 13150.8 13150.8 13150.8 13150.8
0 0 1 0 0 1 0 0 0 0 0 3.16033e-09 -0 0 0 -0 0 0 0 0 0 0 0 0 0 0 0 0 0 1 13150.8 13150.8 13150.8 13150.8
0 0 1 0 0 1 0 0 0 0 0 9.49497e-10 -0 0 0 -0 0 0 0 0 0 0 0 0 0 0 0 0 0 1 13150.8 13150.8 13150.8 13150.8
0 0 1 0 0 1 0 0 0 0 0 -1.33397e-09 -0 0 0 -0 0 0 0 0 0 0 0 0 0 0 0 0 0 1 13150.8 13150.8 13150.8 13150.8
0 0 1 0 0 1 0 0 0 0 0 -3.36132e-09 -0 0 0 -0 0 0 0 0 0 0 0 0 0 0 0 0 0 1 13150.8 13150.8 13150.8 13150.8
0 0 1 0 0 1 0 0 0 0 0 -5.59702e-09 -0 0 0 -0 0 0 0 0 0 0 0 0 0 0 0 0 0 1 13150.8 13150.8 13150.8 13150.8
0 0 1 0 0 1 0 0 0 0 0 -3.60516e-10 -0 0 0 -0 0 0 0 0 0 0 0 0 0 0 0 0 0 1 13150.8 13150.8 13150.8 13150.8
0 0 1 0 0 1 0 0 0 0 0 2.85046e-09 -0 0 0 -0 0 0 0 0 0 0 0 0 0 0 0 0 0 1 13150.8 13150.8 13150.8 13150.8
0 0 1 0 0 1 0 0 0 0 0 6.05228e-10 -0 0 0 -0 0 0 0 0 0 0 0 0 0 0 0 0 0 1 13150.8 13150.8 13150.8 13150.8
0 0 1 0 0 1 0 0 0 0 0 -1.62015e-09 -0 0 0 -0 0 0 0 0 0 0 0 0 0 0 0 0 0 1 13150.8 13150.8 13150.8 13150.8
0 0 1 0 0 1 0 0 0 0 0 -1.62015e-09 -0 0 0 -0 0 0 0 0 0 0 0 0 0 0 0 0 0 1 13150.8 13150.8 13150.8 13150.8
0 0 1 0 0 1 0 0 0 0 0 -5.90969e-09 -0 0 0 -0 0 0 0 0 0 0 0 0 0 0 0 0 0 1 13150.8 13150.8 13150.8 13150.8
0 0 1 0 0 1 0 0 0 0 0 -7.09877e-10 -0 0 0 -0 0 0 0 0 0 0 0 0 0 0 0 0 0 1 13150.8 13150.8 13150.8 13150.8
0 0 1 0 0 1 0 0 0 0 0 -2.84319e-09 -0 0 0 -0 0 0 0 0 0 0 0 0 0 0 0 0 0 1 13150.8 13150.8 13150.8 13150.8
0 0 1 0 0 1 0 0 0 0 0 -2.84319e-09 -0 0 0 -0 0 0 0 0 0 0 0 0 0 0 0 0 0 1 13150.8 13150.8 13150.8 13150.8
0 0 1 0 0 1 0 0 0 0 0 7.34276e-09 -0 0 0 -0 0 0 0 0 0 0 0 0 0 0 0 0 0 1 13150.8 13150.8 13150.8 13150.8
0 0 1 0 0 1 0 0 0 0 0 5.09207e-09 -0 0 0 -0 0 0 0 0 0 0 0 0 0 0 0 0 0 1 13150.8 13150.8 13150.8 13150.8
0 0 1 0 0 1 0 0 0 0 0 5.09207e-09 -0 0 0 -0 0 0 0 0 0 0 0 0 0 0 0 0 0 1 13150.8 13150.8 13150.8 13150.8
0 0 1 0 0 1 0 0 0 0 0 2.86499e-09 -0 0 0 -0 0 0 0 0 0 0 0 0 0 0 0 0 0 1 13150.8 13150.8 13150.8 13150.8
0 0 1 0 0 1 0 0 0 0 0 6.27932e-10 -0 0 0 -0 0 0 0 0 0 0 0 0 0 0 0 0 0 1 13150.8 13150.8 13150.8 13150.8
0 0 1 0 0 1 0 0 0 0 0 -1.45198e-09 -0 0 0 -0 0 0 0 0 0 0 0 0 0 0 0 0 0 1 13150.8 13150.8 13150.8 13150.8
0 0 1 0 0 1 0 0 0 0 0 -3.68233e-09 -0 0 0 -0 0 0 0 0 0 0 0 0 0 0 0 0 0 1 13150.8 13150.8 13150.8 13150.8
0 0 1 0 0 1 0 0 0 0 0 -5.90743e-09 -0 0 0 -0 0 0 0 0 0 0 0 0 0 0 0 0 0 1 13150.8 13150.8 13150.8 13150.8
0 0 1 0 0 1 0 0 0 0 0 -6.84115e-10 -0 0 0 -0 0 0 0 0 0 0 0 0 0 0 0 0 0 1 13150.8 13150.8 13150.8 13150.8
0 0 1 0 0 1 0 0 0 0 0 1.87037e-09 -0 0 0 -0 0 0 0 0 0 0 0 0 0 0 0 0 0 1 13150.8 13150.8 13150.8 13150.8
0 0 1 0 0 1 0 0 0 0 0 -3.59531e-10 -0 0 0 -0 0 0 0 0 0 0 0 0 0 0 0 0 0 1 13150.8 13150.8 13150.8 13150.8
0 0 1 0 0 1 0 0 0 0 0 -3.59531e-10 -0 0 0 -0 0 0 0 0 0 0 0 0 0 0 0 0 0 1 13150.8 13150.8 13150.8 13150.8
0 0 1 0 0 1 0 0 0 0 0 -2.62646e-09 -0 0 0 -0 0 0 0 0 0 0 0 0 0 0 0 0 0 1 13150.8 13150.8 13150.8 13150.8
0 0 1 0 0 1 0 0 0 0 0 5.19739e-10 -0 0 0 -0 0 0 0 0 0 0 0 0 0 0 0 0 0 1 13150.8 13150.8 13150.8 13150.8
0 0 1 0 0 1 0 0 0 0 0 5.19739e-10 -0 0 0 -0 0 0 0 0 0 0 0 0 0 0 0 0 0 1 13150.8 13150.8 13150.8 13150.8
0 0 1 0 0 1 0 0 0 0 0 -1.77096e-09 -0 0 0 -0 0 0 0 0 0 0 0 0 0 0 0 0 0 1 13150.8 13150.8 13150.8 13150.8
0 0 1 0 0 1 0 0 0 0 0 -6.01211e-09 -0 0 0 -0 0 0 0 0 0 0 0 0 0 0 0 0 0 1 13150.8 13150.8 13150.8 13150.8
0 0 1 0 0 1 0 0 0 0 0 -9.83795e-10 -0 0 0 -0 0 0 0 0 0 0 0 0 0 0 0 0 0 1 13150.8 13150.8 13150.8 13150.8
0 0 1 0 0 1 0 0 0 0 0 -3.19638e-09 -0 0 0 -0 0 0 0 0 0 0 0 0 0 0 0 0 0 1 13150.8 13150.8 13150.8 13150.8
0 0 1 0 0 1 0 0 0 0 0 -3.19638e-09 -0 0 0 -0 0 0 0 0 0 0 0 0 0 0 0 0 0 1 13150.8 13150.8 13150.8 13150.8
0 0 1 0 0 1 0 0 0 0 0 2.11829e-09 -0 0 0 -0 0 0 0 0 0 0 0 0 0 0 0 0 0 1 13150.8 13150.8 13150.8 13150.8
0 0 1 0 0 1 0 0 0 0 0 4.77759e-09 -0 0 0 -0 0 0 0 0 0 0 0 0 0 0 0 0 0 1 13150.8 13150.8 13150.8 13150.8
0 0 1 0 0 1 0 0 0 0 0 2.53292e-09 -0 0 0 -0 0 0 0 0 0 0 0 0 0 0 0 0 0 1 13150.8 13150.8 13150.8 13150.8
0 0 1 0 0 1 0 0 0 0 0 2.53292e-09 -0 0 0 -0 0 0 0 0 0 0 0 0 0 0 0 0 0 1 13150.8 13150.8 13150.8 13150.8
0 0 1 0 0 1 0 0 0 0 0 -1.73931e-09 -0 0 0 -0 0 0 0 0 0 0 0 0 0 0 0 0 0 1 13150.8 13150.8 13150.8 13150.8
0 0 1 0 0 1 0 0 0 0 0 -3.98796e-09 -0 0 0 -0 0 0 0 0 0 0 0 0 0 0 0 0 0 1 13150.8 13150.8 13150.8 13150.8
0 0 1 0 0 1 0 0 0 0 0 -3.98796e-09 -0 0 0 -0 0 0 0 0 0 0 0 0 0 0 0 0 0 1 13150.8 13150.8 13150.8 13150.8
0 0 1 0 0 1 0 0 0 0 0 1.30646e-09 -0 0 0 -0 0 0 0 0 0 0 0 0 0 0 0 0 0 1 13150.8 13150.8 13150.8 13150.8
0 0 1 0 0 1 0 0 0 0 0 6.46715e-09 -0 0 0 -0 0 0 0 0 0 0 0 0 0 0 0 0 0 1 13150.8 13150.8 13150.8 13150.8
0 0 1 0 0 1 0 0 0 0 0 4.41471e-09 -0 0 0 -0 0 0 0 0 0 0 0 0 0 0 0 0 0 1 13150.8 13150.8 13150.8 13150.8
0 0 1 0 0 1 0 0 0 0 0 2.16586e-09 -0 0 0 -0 0 0 0 0 0 0 0 0 0 0 0 0 0 1 13150.8 13150.8 13150.8 13150.8
0 0 1 0 0 1 0 0 0 0 0 -5.92059e-11 -0 0 0 -0 0 0 0 0 0 0 0 0 0 0 0 0 0 1 13150.8 13150.8 13150.8 13150.8
0 0 1 0 0 1 0 0 0 0 0 -4.32289e-09 -0 0 0 -0 0 0 0 0 0 0 0 0 0 0 0 0 0 1 13150.8 13150.8 13150.8 13150.8
0 0 1 0 0 1 0 0 0 0 0 8.87954e-10 -0 0 0 -0 0 0 0 0 0 0 0 0 0 0 0 0 0 1 13150.8 13150.8 13150.8 13150.8
0 0 1 0 0 1 0 0 0 0 0 -1.34778e-09 -0 0 0 -0 0 0 0 0 0 0 0 0 0 0 0 0 0 1 13150.8 13150.8 13150.8 13150.8
0 0 1 0 0 1 0 0 0 0 0 -1.34778e-09 -0 0 0 -0 0 0 0 0 0 0 0 0 0 0 0 0 0 1 13150.8 13150.8 13150.8 13150.8
0 0 1 0 0 1 0 0 0 0 0 -3.60075e-09 -0 0 0 -0 0 0 0 0 0 0 0 0 0 0 0 0 0 1 13150.8 13150.8 13150.8 13150.8
0 0 1 0 0 1 0 0 0 0 0 -5.63824e-09 -0 0 0 -0 0 0 0 0 0 0 0 0 0 0 0 0 0 1 13150.8 13150.8 13150.8 13150.8
0 0 1 0 0 1 0 0 0 0 0 -4.05902e-10 -0 0 0 -0 0 0 0 0 0 0 0 0 0 0 0 0 0 1 13150.8 13150.8 13150.8 13150.8
0 0 1 0 0 1 0 0 0 0 0 5.50822e-09 -0 0 0 -0 0 0 0 0 0 0 0 0 0 0 0 0 0 1 13150.8 13150.8 13150.8 13150.8
0 0 1 0 0 1 0 0 0 0 0 1.54669e-09 -0 0 0 -0 0 0 0 0 0 0 0 0 0 0 0 0 0 1 13150.8 13150.8 13150.8 13150.8
0 0 1 0 0 1 0 0 0 0 0 -6.97921e-10 -0 0 0 -0 0 0 0 0 0 0 0 0 0 0 0 0 0 1 13150.8 13150.8 13150.8 13150.8
0 0 1 0 0 1 0 0 0 0 0 -2.93604e-09 -0 0 0 -0 0 0 0 0 0 0 0 0 0 0 0 0 0 1 13150.8 13150.8 13150.8 13150.8
0 0 1 0 0 1 0 0 0 0 0 -2.93604e-09 -0 0 0 -0 0 0 0 0 0 0 0 0 0 0 0 0 0 1 13150.8 13150.8 13150.8 13150.8
0 0 1 0 0 1 0 0 0 0 0 6.99779e-09 -0 0 0 -0 0 0 0 0 0 0 0 0 0 0 0 0 0 1 13150.8 13150.8 13150.8 13150.8
0 0 1 0 0 1 0 0 0 0 0 4.75725e-09 -0 0 0 -0 0 0 0 0 0 0 0 0 0 0 0 0 0 1 13150.8 13150.8 13150.8 13150.8
0 0 1 0 0 1 0 0 0 0 0 2.64667e-09 -0 0 0 -0 0 0 0 0 0 0 0 0 0 0 0 0 0 1 13150.8 13150.8 13150.8 13150.8
0 0 1 0 0 1 0 0 0 0 0 2.64667e-09 -0 0 0 -0 0 0 0 0 0 0 0 0 0 0 0 0 0 1 13150.8 13150.8 13150.8 13150.8
0 0 1 0 0 1 0 0 0 0 0 -1.07766e-07 -0 0 0 -0 0 0 0 0 0 0 0 0 0 0 0 0 0 1 13150.8 13150.8 13150.8 13150.8
0 0 1 0 0 1 0 0 0 0 0 -1.02372e-07 -0 0 0 -0 0 0 0 0 0 0 0 0 0 0 0 0 0 1 13150.8 13150.8 13150.8 13150.8
0 0 1 0 0 1 0 0 0 0 0 -9.71703e-08 -0 0 0 -0 0 0 0 0 0 0 0 0 0 0 0 0 0 1 13150.8 13150.8 13150.8 13150.8
0 0 1 0 0 1 0 0 0 0 0 -9.19285e-08 -0 0 0 -0 0 0 0 0 0 0 0 0 0 0 0 0 0 1 13150.8 13150.8 13150.8 13150.8
0 0 1 0 0 1 0 0 0 0 0 -8.72147e-08 -0 0 0 -0 0 0 0 0 0 0 0 0 0 0 0 0 0 1 13150.8 13150.8 13150.8 13150.8
0 0 1 0 0 1 0 0 0 0 0 -8.1948e-08 -0 0 0 -0 0 0 0 0 0 0 0 0 0 0 0 0 0 1 13150.8 13150.8 13150.8 13150.8
0 0 1 0 0 1 0 0 0 0 0 -7.67575e-08 -0 0 0 -0 0 0 0 0 0 0 0 0 0 0 0 0 0 1 13150.8 13150.8 13150.8 13150.8
0 0 1 0 0 1 0 0 0 0 0 -7.15565e-08 -0 0 0 -0 0 0 0 0 0 0 0 0 0 0 0 0 0 1 13150.8 13150.8 13150.8 13150.8
0 0 1 0 0 1 0 0 0 0 0 -6.68351e-08 -0 0 0 -0 0 0 0 0 0 0 0 0 0 0 0 0 0 1 13150.8 13150.8 13150.8 13150.8
0 0 1 0 0 1 0 0 0 0 0 -6.15989e-08 -0 0 0 -0 0 0 0 0 0 0 0 0 0 0 0 0 0 1 13150.8 13150.8 13150.8 13150.8
0 0 1 0 0 1 0 0 0 0 0 -5.63614e-08 -0 0 0 -0 0 0 0 0 0 0 0 0 0 0 0 0 0 1 13150.8 13150.8 13150.8 13150.8
0 0 1 0 0 1 0 0 0 0 0 -5.08916e-08 -0 0 0 -0 0 0 0 0 0 0 0 0 0 0 0 0 0 1 13150.8 13150.8 13150.8 13150.8
0 0 1 0 0 1 0 0 0 0 0 -4.64527e-08 -0 0 0 -0 0 0 0 0 0 0 0 0 0 0 0 0 0 1 13150.8 13150.8 13150.8 13150.8
0 0 1 0 0 1 0 0 0 0 0 -4.12456e-08 -0 0 0 -0 0 0 0 0 0 0 0 0 0 0 0 0 0 1 13150.8 13150.8 13150.8 13150.8
0 0 1 0 0 1 0 0 0 0 0 -3.60215e-08 -0 0 0 -0 0 0 0 0 0 0 0 0 0 0 0 0 0 1 13150.8 13150.8 13150.8 13150.8
0 0 1 0 0 1 0 0 0 0 0 -3.07795e-08 -0 0 0 -0 0 0 0 0 0 0 0 0 0 0 0 0 0 1 13150.8 13150.8 13150.8 13150.8
0 0 1 0 0 1 0 0 0 0 0 -2.60469e-08 -0 0 0 -0 0 0 0 0 0 0 0 0 0 0 0 0 0 1 13150.8 13150.8 13150.8 13150.8
0 0 1 0 0 1 0 0 0 0 0 -2.08512e-08 -0 0 0 -0 0 0 0 0 0 0 0 0 0 0 0 0 0 1 13150.8 13150.8 13150.8 13150.8
0 0 1 0 0 1 0 0 0 0 0 -1.56496e-08 -0 0 0 -0 0 0 0 0 0 0 0 0 0 0 0 0 0 1 13150.8 13150.8 13150.8 13150.8
0 0 1 0 0 1 0 0 0 0 0 -1.03988e-08 -0 0 0 -0 0 0 0 0 0 0 0 0 0 0 0 0 0 1 13150.8 13150.8 13150.8 13150.8
0 0 1 0 0 1 0 0 0 0 0 -5.67986e-09 -0 0 0 -0 0 0 0 0 0 0 0 0 0 0 0 0 0 1 13150.8 13150.8 13150.8 13150.8
0 0 1 0 0 1 0 0 0 0 0 -4.29153e-10 -0 0 0 -0 0 0 0 0 0 0 0 0 0 0 0 0 0 1 13150.8 13150.8 13150.8 13150.8
0 0 1 0 0 1 0 0 0 0 0 4.77025e-09 -0 0 0 -0 0 0 0 0 0 0 0 0 0 0 0 0 0 1 13150.8 13150.8 13150.8 13150.8
0 0 1 0 0 1 0 0 0 0 0 9.95844e-09 -0 0 0 -0 0 0 0 0 0 0 0 0 0 0 0 0 0 1 13150.8 13150.8 13150.8 13150.8
0 0 1 0 0 1 0 0 0 0 0 7.90515e-09 -0 0 0 -0 0 0 0 0 0 0 0 0 0 0 0 0 0 1 13150.8 13150.8 13150.8 13150.8
0 0 1 0 0 1 0 0 0 0 0 5.66915e-09 -0 0 0 -0 0 0 0 0 0 0 0 0 0 0 0 0 0 1 13150.8 13150.8 13150.8 13150.8
0 0 1 0 0 1 0 0 0 0 0 1.08756e-08 -0 0 0 -0 0 0 0 0 0 0 0 0 0 0 0 0 0 1 13150.8 13150.8 13150.8 13150.8
0 0 1 0 0 1 0 0 0 0 0 8.62114e-09 -0 0 0 -0 0 0 0 0 0 0 0 0 0 0 0 0 0 1 13150.8 13150.8 13150.8 13150.8
0 0 1 0 0 1 0 0 0 0 0 6.58616e-09 -0 0 0 -0 0 0 0 0 0 0 0 0 0 0 0 0 0 1 13150.8 13150.8 13150.8 13150.8
0 0 1 0 0 1 0 0 0 0 0 4.37288e-09 -0 0 0 -0 0 0 0 0 0 0 0 0 0 0 0 0 0 1 13150.8 13150.8 13150.8 13150.8
0 0 1 0 0 1 0 0 0 0 0 9.60012e-09 -0 0 0 -0 0 0 0 0 0 0 0 0 0 0 0 0 0 1 13150.8 13150.8 13150.8 13150.8
0 0 1 0 0 1 0 0 0 0 0 7.34665e-09 -0 0 0 -0 0 0 0 0 0 0 0 0 0 0 0 0 0 1 13150.8 13150.8 13150.8 13150.8
0 0 1 0 0 1 0 0 0 0 0 5.27626e-09 -0 0 0 -0 0 0 0 0 0 0 0 0 0 0 0 0 0 1 13150.8 13150.8 13150.8 13150.8
0 0 1 0 0 1 0 0 0 0 0 1.03931e-08 -0 0 0 -0 0 0 0 0 0 0 0 0 0 0 0 0 0 1 13150.8 13150.8 13150.8 13150.8
0 0 1 0 0 1 0 0 0 0 0 8.14725e-09 -0 0 0 -0 0 0 0 0 0 0 0 0 0 0 0 0 0 1 13150.8 13150.8 13150.8 13150.8
0 0 1 0 0 1 0 0 0 0 0 5.89605e-09 -0 0 0 -0 0 0 0 0 0 0 0 0 0 0 0 0 0 1 13150.8 13150.8 13150.8 13150.8
0 0 1 0 0 1 0 0 0 0 0 1.06219e-08 -0 0 0 -0 0 0 0 0 0 0 0 0 0 0 0 0 0 1 13150.8 13150.8 13150.8 13150.8
0 0 1 0 0 1 0 0 0 0 0 8.40096e-09 -0 0 0 -0 0 0 0 0 0 0 0 0 0 0 0 0 0 1 13150.8 13150.8 13150.8 13150.8
0 0 1 0 0 1 0 0 0 0 0 6.15036e-09 -0 0 0 -0 0 0 0 0 0 0 0 0 0 0 0 0 0 1 13150.8 13150.8 13150.8 13150.8
0 0 1 0 0 1 0 0 0 0 0 3.88976e-09 -0 0 0 -0 0 0 0 0 0 0 0 0 0 0 0 0 0 1 13150.8 13150.8 13150.8 13150.8
0 0 1 0 0 1 0 0 0 0 0 8.59958e-09 -0 0 0 -0 0 0 0 0 0 0 0 0 0 0 0 0 0 1 13150.8 13150.8 13150.8 13150.8
0 0 1 0 0 1 0 0 0 0 0 6.39675e-09 -0 0 0 -0 0 0 0 0 0 0 0 0 0 0 0 0 0 1 13150.8 13150.8 13150.8 13150.8
0 0 1 0 0 1 0 0 0 0 0 4.20024e-09 -0 0 0 -0 0 0 0 0 0 0 0 0 0 0 0 0 0 1 13150.8 13150.8 13150.8 13150.8
0 0 1 0 0 1 0 0 0 0 0 9.59604e-09 -0 0 0 -0 0 0 0 0 0 0 0 0 0 0 0 0 0 1 13150.8 13150.8 13150.8 13150.8
0 0 1 0 0 1 0 0 0 0 0 7.5448e-09 -0 0 0 -0 0 0 0 0 0 0 0 0 0 0 0 0 0 1 13150.8 13150.8 13150.8 13150.8
0 0 1 0 0 1 0 0 0 0 0 5.3185e-09 -0 0 0 -0 0 0 0 0 0 0 0 0 0 0 0 0 0 1 13150.8 13150.8 13150.8 13150.8
0 0 1 0 0 1 0 0 0 0 0 1.05516e-08 -0 0 0 -0 0 0 0 0 0 0 0 0 0 0 0 0 0 1 13150.8 13150.8 13150.8 13150.8
0 0 1 0 0 1 0 0 0 0 0 8.31159e-09 -0 0 0 -0 0 0 0 0 0 0 0 0 0 0 0 0 0 1 13150.8 13150.8 13150.8 13150.8
0 0 1 0 0 1 0 0 0 0 0 6.28248e-09 -0 0 0 -0 0 0 0 0 0 0 0 0 0 0 0 0 0 1 13150.8 13150.8 13150.8 13150.8
0 0 1 0 0 1 0 0 0 0 0 4.05437e-09 -0 0 0 -0 0 0 0 0 0 0 0 0 0 0 0 0 0 1 13150.8 13150.8 13150.8 13150.8
0 0 1 0 0 1 0 0 0 0 0 9.31879e-09 -0 0 0 -0 0 0 0 0 0 0 0 0 0 0 0 0 0 1 13150.8 13150.8 13150.8 13150.8
0 0 1 0 0 1 0 0 0 0 0 1.30442e-06 -0 0 0 -0 0 0 0 0 0 0 0 0 0 0 0 0 0 1 13150.7 13150.7 13150.7 13150.7
0 0 1 0 0 1 0 0 0 0 0 1.27985e-06 -0 0 0 -0 0 0 0 0 0 0 0 0 0 0 0 0 0 1 13150.7 13150.7 13150.7 13150.7
0 0 1 0 0 1 0 0 0 0 0 1.25528e-06 -0 0 0 -0 0 0 0 0 0 0 0 0 0 0 0 0 0 1 13150.7 13150.7 13150.7 13150.7
0 0 1 0 0 1 0 0 0 0 0 1.2318e-06 -0 0 0 -0 0 0 0 0 0 0 0 0 0 0 0 0 0 1 13150.7 13150.7 13150.7 13150.7
0 0 1 0 0 1 0 0 0 0 0 1.20791e-06 -0 0 0 -0 0 0 0 0 0 0 0 0 0 0 0 0 0 1 13150.7 13150.7 13150.7 13150.7
0 0 1 0 0 1 0 0 0 0 0 1.18364e-06 -0 0 0 -0 0 0 0 0 0 0 0 0 0 0 0 0 0 1 13150.7 13150.7 13150.7 13150.7
0 0 1 0 0 1 0 0 0 0 0 1.15901e-06 -0 0 0 -0 0 0 0 0 0 0 0 0 0 0 0 0 0 1 13150.7 13150.7 13150.7 13150.7
0 0 1 0 0 1 0 0 0 0 0 1.13625e-06 -0 0 0 -0 0 0 0 0 0 0 0 0 0 0 0 0 0 1 13150.7 13150.7 13150.7 13150.7
0 0 1 0 0 1 0 0 0 0 0 1.11177e-06 -0 0 0 -0 0 0 0 0 0 0 0 0 0 0 0 0 0 1 13150.7 13150.7 13150.7 13150.7
0 0 1 0 0 1 0 0 0 0 0 1.08733e-06 -0 0 0 -0 0 0 0 0 0 0 0 0 0 0 0 0 0 1 13150.7 13150.7 13150.7 13150.7
0 0 1 0 0 1 0 0 0 0 0 1.06252e-06 -0 0 0 -0 0 0 0 0 0 0 0 0 0 0 0 0 0 1 13150.7 13150.7 13150.7 13150.7
0 0 1 0 0 1 0 0 0 0 0 1.04032e-06 -0 0 0 -0 0 0 0 0 0 0 0 0 0 0 0 0 0 1 13150.7 13150.7 13150.7 13150.7
0 0 1 0 0 1 0 0 0 0 0 1.01604e-06 -0 0 0 -0 0 0 0 0 0 0 0 0 0 0 0 0 0 1 13150.7 13150.7 13150.7 13150.7
0 0 1 0 0 1 0 0 0 0 0 9.91491e-07 -0 0 0 -0 0 0 0 0 0 0 0 0 0 0 0 0 0 1 13150.7 13150.7 13150.7 13150.7
0 0 1 0 0 1 0 0 0 0 0 9.66577e-07 -0 0 0 -0 0 0 0 0 0 0 0 0 0 0 0 0 0 1 13150.7 13150.7 13150.7 13150.7
0 0 1 0 0 1 0 0 0 0 0 9.43361e-07 -0 0 0 -0 0 0 0 0 0 0 0 0 0 0 0 0 0 1 13150.7 13150.7 13150.7 13150.7
0 0 1 0 0 1 0 0 0 0 0 9.19795e-07 -0 0 0 -0 0 0 0 0 0 0 0 0 0 0 0 0 0 1 13150.7 13150.7 13150.7 13150.7
0 0 1 0 0 1 0 0 0 0 0 8.95169e-07 -0 0 0 -0 0 0 0 0 0 0 0 0 0 0 0 0 0 1 13150.7 13150.7 13150.7 13150.7
0 0 1 0 0 1 0 0 0 0 0 8.70608e-07 -0 0 0 -0 0 0 0 0 0 0 0 0 0 0 0 0 0 1 13150.7 13150.7 13150.7 13150.7
0 0 1 0 0 1 0 0 0 0 0 8.47967e-07 -0 0 0 -0 0 0 0 0 0 0 0 0 0 0 0 0 0 1 13150.7 13150.7 13150.7 13150.7
0 0 1 0 0 1 0 0 0 0 0 8.23593e-07 -0 0 0 -0 0 0 0 0 0 0 0 0 0 0 0 0 0 1 13150.7 13150.7 13150.7 13150.7
0 0 1 0 0 1 0 0 0 0 0 7.99044e-07 -0 0 0 -0 0 0 0 0 0 0 0 0 0 0 0 0 0 1 13150.7 13150.7 13150.7 13150.7
0 0 1 0 0 1 0 0 0 0 0 7.74475e-07 -0 0 0 -0 0 0 0 0 0 0 0 0 0 0 0 0 0 1 13150.7 13150.7 13150.7 13150.7
0 0 1 0 0 1 0 0 0 0 0 7.57609e-07 -0 0 0 -0 0 0 0 0 0 0 0 0 0 0 0 0 0 1 13150.7 13150.7 13150.7 13150.7
0 0 1 0 0 1 0 0 0 0 0 7.41642e-07 -0 0 0 -0 0 0 0 0 0 0 0 0 0 0 0 0 0 1 13150.7 13150.7 13150.7 13150.7
0 0 1 0 0 1 0 0 0 0 0 7.24526e-07 -0 0 0 -0 0 0 0 0 0 0 0 0 0 0 0 0 0 1 13150.7 13150.7 13150.7 13150.7
0 0 1 0 0 1 0 0 0 0 0 7.07406e-07 -0 0 0 -0 0 0 0 0 0 0 0 0 0 0 0 0 0 1 13150.7 13150.7 13150.7 13150.7
0 0 1 0 0 1 0 0 0 0 0 6.91218e-07 -0 0 0 -0 0 0 0 0 0 0 0 0 0 0 0 0 0 1 13150.7 13150.7 13150.7 13150.7
0 0 1 0 0 1 0 0 0 0 0 6.74634e-07 -0 0 0 -0 0 0 0 0 0 0 0 0 0 0 0 0 0 1 13150.7 13150.7 13150.7 13150.7
0 0 1 0 0 1 0 0 0 0 0 6.57488e-07 -0 0 0 -0 0 0 0 0 0 0 0 0 0 0 0 0 0 1 13150.7 13150.7 13150.7 13150.7
0 0 1 0 0 1 0 0 0 0 0 6.40263e-07 -0 0 0 -0 0 0 0 0 0 0 0 0 0 0 0 0 0 1 13150.7 13150.7 13150.7 13150.7
0 0 1 0 0 1 0 0 0 0 0 6.24135e-07 -0 0 0 -0 0 0 0 0 0 0 0 0 0 0 0 0 0 1 13150.7 13150.7 13150.7 13150.7
0 0 1 0 0 1 0 0 0 0 0 6.07646e-07 -0 0 0 -0 0 0 0 0 0 0 0 0 0 0 0 0 0 1 13150.7 13150.7 13150.7 13150.7
0 0 1 0 0 1 0 0 0 0 0 5.90542e-07 -0 0 0 -0 0 0 0 0 0 0 0 0 0 0 0 0 0 1 13150.7 13150.7 13150.7 13150.7
0 0 1 0 0 1 0 0 0 0 0 5.73407e-07 -0 0 0 -0 0 0 0 0 0 0 0 0 0 0 0 0 0 1 13150.7 13150.7 13150.7 13150.7
0 0 1 0 0 1 0 0 0 0 0 5.57269e-07 -0 0 0 -0 0 0 0 0 0 0 0 0 0 0 0 0 0 1 13150.7 13150.7 13150.7 13150.7
0 0 1 0 0 1 0 0 0 0 0 5.40609e-07 -0 0 0 -0 0 0 0 0 0 0 0 0 0 0 0 0 0 1 13150.8 13150.8 13150.8 13150.8
0 0 1 0 0 1 0 0 0 0 0 5.2343e-07 -0 0 0 -0 0 0 0 0 0 0 0 0 0 0 0 0 0 1 13150.8 13150.8 13150.8 13150.8
0 0 1 0 0 1 0 0 0 0 0 5.06418e-07 -0 0 0 -0 0 0 0 0 0 0 0 0 0 0 0 0 0 1 13150.8 13150.8 13150.8 13150.8
0 0 1 0 0 1 0 0 0 0 0 4.90131e-07 -0 0 0 -0 0 0 0 0 0 0 0 0 0 0 0 0 0 1 13150.8 13150.8 13150.8 13150.8
0 0 1 0 0 1 0 0 0 0 0 4.73515e-07 -0 0 0 -0 0 0 0 0 0 0 0 0 0 0 0 0 0 1 13150.8 13150.8 13150.8 13150.8
0 0 1 0 0 1 0 0 0 0 0 4.56394e-07 -0 0 0 -0 0 0 0 0 0 0 0 0 0 0 0 0 0 1 13150.8 13150.8 13150.8 13150.8
0 0 1 0 0 1 0 0 0 0 0 4.37272e-07 -0 0 0 -0 0 0 0 0 0 0 0 0 0 0 0 0 0 1 13150.8 13150.8 13150.8 13150.8
0 0 1 0 0 1 0 0 0 0 0 4.23176e-07 -0 0 0 -0 0 0 0 0 0 0 0 0 0 0 0 0 0 1 13150.8 13150.8 13150.8 13150.8
0 0 1 0 0 1 0 0 0 0 0 4.06094e-07 -0 0 0 -0 0 0 0 0 0 0 0 0 0 0 0 0 0 1 13150.8 13150.8 13150.8 13150.8
0 0 1 0 0 1 0 0 0 0 0 3.89411e-07 -0 0 0 -0 0 0 0 0 0 0 0 0 0 0 0 0 0 1 13150.8 13150.8 13150.8 13150.8
0 0 1 0 0 1 0 0 0 0 0 3.72279e-07 -0 0 0 -0 0 0 0 0 0 0 0 0 0 0 0 0 0 1 13150.8 13150.8 13150.8 13150.8
0 0 1 0 0 1 0 0 0 0 0 3.56147e-07 -0 0 0 -0 0 0 0 0 0 0 0 0 0 0 0 0 0 1 13150.8 13150.8 13150.8 13150.8
0 0 1 0 0 1 0 0 0 0 0 3.39527e-07 -0 0 0 -0 0 0 0 0 0 0 0 0 0 0 0 0 0 1 13150.8 13150.8 13150.8 13150.8
0 0 1 0 0 1 0 0 0 0 0 3.22388e-07 -0 0 0 -0 0 0 0 0 0 0 0 0 0 0 0 0 0 1 13150.8 13150.8 13150.8 13150.8
0 0 1 0 0 1 0 0 0 0 0 3.12696e-07 -0 0 0 -0 0 0 0 0 0 0 0 0 0 0 0 0 0 1 13150.8 13150.8 13150.8 13150.8
0 0 1 0 0 1 0 0 0 0 0 3.03552e-07 -0 0 0 -0 0 0 0 0 0 0 0 0 0 0 0 0 0 1 13150.8 13150.8 13150.8 13150.8
0 0 1 0 0 1 0 0 0 0 0 2.94166e-07 -0 0 0 -0 0 0 0 0 0 0 0 0 0 0 0 0 0 1 13150.8 13150.8 13150.8 13150.8
0 0 1 0 0 1 0 0 0 0 0 2.84469e-07 -0 0 0 -0 0 0 0 0 0 0 0 0 0 0 0 0 0 1 13150.8 13150.8 13150.8 13150.8
0 0 1 0 0 1 0 0 0 0 0 2.7481e-07 -0 0 0 -0 0 0 0 0 0 0 0 0 0 0 0 0 0 1 13150.8 13150.8 13150.8 13150.8
0 0 1 0 0 1 0 0 0 0 0 2.65654e-07 -0 0 0 -0 0 0 0 0 0 0 0 0 0 0 0 0 0 1 13150.8 13150.8 13150.8 13150.8
0 0 1 0 0 1 0 0 0 0 0 2.56258e-07 -0 0 0 -0 0 0 0 0 0 0 0 0 0 0 0 0 0 1 13150.8 13150.8 13150.8 13150.8
0 0 1 0 0 1 0 0 0 0 0 2.46587e-07 -0 0 0 -0 0 0 0 0 0 0 0 0 0 0 0 0 0 1 13150.8 13150.8 13150.8 13150.8
0 0 1 0 0 1 0 0 0 0 0 2.36841e-07 -0 0 0 -0 0 0 0 0 0 0 0 0 0 0 0 0 0 1 13150.8 13150.8 13150.8 13150.8
0 0 1 0 0 1 0 0 0 0 0 2.27834e-07 -0 0 0 -0 0 0 0 0 0 0 0 0 0 0 0 0 0 1 13150.8 13150.8 13150.8 13150.8
0 0 1 0 0 1 0 0 0 0 0 2.18372e-07 -0 0 0 -0 0 0 0 0 0 0 0 0 0 0 0 0 0 1 13150.8 13150.8 13150.8 13150.8
0 0 1 0 0 1 0 0 0 0 0 2.08702e-07 -0 0 0 -0 0 0 0 0 0 0 0 0 0 0 0 0 0 1 13150.8 13150.8 13150.8 13150.8
0 0 1 0 0 1 0 0 0 0 0 1.9903e-07 -0 0 0 -0 0 0 0 0 0 0 0 0 0 0 0 0 0 1 13150.8 13150.8 13150.8 13150.8
0 0 1 0 0 1 0 0 0 0 0 1.88831e-07 -0 0 0 -0 0 0 0 0 0 0 0 0 0 0 0 0 0 1 13150.8 13150.8 13150.8 13150.8
0 0 1 0 0 1 0 0 0 0 0 1.8051e-07 -0 0 0 -0 0 0 0 0 0 0 0 0 0 0 0 0 0 1 13150.8 13150.8 13150.8 13150.8
0 0 1 0 0 1 0 0 0 0 0 1.70843e-07 -0 0 0 -0 0 0 0 0 0 0 0 0 0 0 0 0 0 1 13150.8 13150.8 13150.8 13150.8
0 0 1 0 0 1 0 0 0 0 0 1.61129e-07 -0 0 0 -0 0 0 0 0 0 0 0 0 0 0 0 0 0 1 13150.8 13150.8 13150.8 13150.8
0 0 1 0 0 1 0 0 0 0 0 1.51931e-07 -0 0 0 -0 0 0 0 0 0 0 0 0 0 0 0 0 0 1 13150.8 13150.8 13150.8 13150.8
0 0 1 0 0 1 0 0 0 0 0 1.42382e-07 -0 0 0 -0 0 0 0 0 0 0 0 0 0 0 0 0 0 1 13150.8 13150.8 13150.8 13150.8
0 0 1 0 0 1 0 0 0 0 0 1.32867e-07 -0 0 0 -0 0 0 0 0 0 0 0 0 0 0 0 0 0 1 13150.8 13150.8 13150.8 13150.8
0 0 1 0 0 1 0 0 0 0 0 1.23146e-07 -0 0 0 -0 0 0 0 0 0 0 0 0 0 0 0 0 0 1 13150.8 13150.8 13150.8 13150.8
0 0 1 0 0 1 0 0 0 0 0 1.13507e-07 -0 0 0 -0 0 0 0 0 0 0 0 0 0 0 0 0 0 1 13150.8 13150.8 13150.8 13150.8
0 0 1 0 0 1 0 0 0 0 0 1.04681e-07 -0 0 0 -0 0 0 0 0 0 0 0 0 0 0 0 0 0 1 13150.8 13150.8 13150.8 13150.8
0 0 1 0 0 1 0 0 0 0 0 9.49651e-08 -0 0 0 -0 0 0 0 0 0 0 0 0 0 0 0 0 0 1 13150.8 13150.8 13150.8 13150.8
0 0 1 0 0 1 0 0 0 0 0 8.52985e-08 -0 0 0 -0 0 0 0 0 0 0 0 0 0 0 0 0 0 1 13150.8 13150.8 13150.8 13150.8
0 0 1 0 0 1 0 0 0 0 0 7.56486e-08 -0 0 0 -0 0 0 0 0 0 0 0 0 0 0 0 0 0 1 13150.8 13150.8 13150.8 13150.8
0 0 1 0 0 1 0 0 0 0 0 6.6756e-08 -0 0 0 -0 0 0 0 0 0 0 0 0 0 0 0 0 0 1 13150.8 13150.8 13150.8 13150.8
0 0 1 0 0 1 0 0 0 0 0 5.70084e-08 -0 0 0 -0 0 0 0 0 0 0 0 0 0 0 0 0 0 1 13150.8 13150.8 13150.8 13150.8
0 0 1 0 0 1 0 0 0 0 0 4.7363e-08 -0 0 0 -0 0 0 0 0 0 0 0 0 0 0 0 0 0 1 13150.8 13150.8 13150.8 13150.8
0 0 1 0 0 1 0 0 0 0 0 3.84566e-08 -0 0 0 -0 0 0 0 0 0 0 0 0 0 0 0 0 0 1 13150.8 13150.8 13150.8 13150.8
0 0 1 0 0 1 0 0 0 0 0 2.88646e-08 -0 0 0 -0 0 0 0 0 0 0 0 0 0 0 0 0 0 1 13150.8 13150.8 13150.8 13150.8
0 0 1 0 0 1 0 0 0 0 0 1.91268e-08 -0 0 0 -0 0 0 0 0 0 0 0 0 0 0 0 0 0 1 13150.8 13150.8 13150.8 13150.8
0 0 1 0 0 1 0 0 0 0 0 9.54612e-09 -0 0 0 -0 0 0 0 0 0 0 0 0 0 0 0 0 0 1 13150.8 13150.8 13150.8 13150.8
0 0 1 0 0 1 0 0 0 0 0 -1.72167e-10 -0 0 0 -0 0 0 0 0 0 0 0 0 0 0 0 0 0 1 13150.8 13150.8 13150.8 13150.8
0 0 1 0 0 1 0 0 0 0 0 -9.07448e-09 -0 0 0 -0 0 0 0 0 0 0 0 0 0 0 0 0 0 1 13150.8 13150.8 13150.8 13150.8
0 0 1 0 0 1 0 0 0 0 0 -1.87053e-08 -0 0 0 -0 0 0 0 0 0 0 0 0 0 0 0 0 0 1 13150.8 13150.8 13150.8 13150.8
0 0 1 0 0 1 0 0 0 0 0 -2.84131e-08 -0 0 0 -0 0 0 0 0 0 0 0 0 0 0 0 0 0 1 13150.8 13150.8 13150.8 13150.8
0 0 1 0 0 1 0 0 0 0 0 -3.75372e-08 -0 0 0 -0 0 0 0 0 0 0 0 0 0 0 0 0 0 1 13150.8 13150.8 13150.8 13150.8
0 0 1 0 0 1 0 0 0 0 0 -3.9699e-08 -0 0 0 -0 0 0 0 0 0 0 0 0 0 0 0 0 0 1 13150.8 13150.8 13150.8 13150.8
0 0 1 0 0 1 0 0 0 0 0 -4.19324e-08 -0 0 0 -0 0 0 0 0 0 0 0 0 0 0 0 0 0 1 13150.8 13150.8 13150.8 13150.8
0 0 1 0 0 1 0 0 0 0 0 -4.42104e-08 -0 0 0 -0 0 0 0 0 0 0 0 0 0 0 0 0 0 1 13150.8 13150.8 13150.8 13150.8
0 0 1 0 0 1 0 0 0 0 0 -4.64205e-08 -0 0 0 -0 0 0 0 0 0 0 0 0 0 0 0 0 0 1 13150.8 13150.8 13150.8 13150.8
0 0 1 0 0 1 0 0 0 0 0 -4.84665e-08 -0 0 0 -0 0 0 0 0 0 0 0 0 0 0 0 0 0 1 13150.8 13150.8 13150.8 13150.8
0 0 1 0 0 1 0 0 0 0 0 -5.0698e-08 -0 0 0 -0 0 0 0 0 0 0 0 0 0 0 0 0 0 1 13150.8 13150.8 13150.8 13150.8
0 0 1 0 0 1 0 0 0 0 0 -5.29395e-08 -0 0 0 -0 0 0 0 0 0 0 0 0 0 0 0 0 0 1 13150.8 13150.8 13150.8 13150.8
0 0 1 0 0 1 0 0 0 0 0 -5.51767e-08 -0 0 0 -0 0 0 0 0 0 0 0 0 0 0 0 0 0 1 13150.8 13150.8 13150.8 13150.8
0 0 1 0 0 1 0 0 0 0 0 -5.72311e-08 -0 0 0 -0 0 0 0 0 0 0 0 0 0 0 0 0 0 1 13150.8 13150.8 13150.8 13150.8
0 0 1 0 0 1 0 0 0 0 0 -5.94531e-08 -0 0 0 -0 0 0 0 0 0 0 0 0 0 0 0 0 0 1 13150.8 13150.8 13150.8 13150.8
0 0 1 0 0 1 0 0 0 0 0 -6.17123e-08 -0 0 0 -0 0 0 0 0 0 0 0 0 0 0 0 0 0 1 13150.8 13150.8 13150.8 13150.8
0 0 1 0 0 1 0 0 0 0 0 -6.39415e-08 -0 0 0 -0 0 0 0 0 0 0 0 0 0 0 0 0 0 1 13150.8 13150.8 13150.8 13150.8
0 0 1 0 0 1 0 0 0 0 0 -6.59843e-08 -0 0 0 -0 0 0 0 0 0 0 0 0 0 0 0 0 0 1 13150.8 13150.8 13150.8 13150.8
0 0 1 0 0 1 0 0 0 0 0 -6.82186e-08 -0 0 0 -0 0 0 0 0 0 0 0 0 0 0 0 0 0 1 13150.8 13150.8 13150.8 13150.8
0 0 1 0 0 1 0 0 0 0 0 -7.04552e-08 -0 0 0 -0 0 0 0 0 0 0 0 0 0 0 0 0 0 1 13150.8 13150.8 13150.8 13150.8
0 0 1 0 0 1 0 0 0 0 0 -7.27331e-08 -0 0 0 -0 0 0 0 0 0 0 0 0 0 0 0 0 0 1 13150.8 13150.8 13150.8 13150.8
0 0 1 0 0 1 0 0 0 0 0 -7.47714e-08 -0 0 0 -0 0 0 0 0 0 0 0 0 0 0 0 0 0 1 13150.8 13150.8 13150.8 13150.8
0 0 1 0 0 1 0 0 0 0 0 -7.69775e-08 -0 0 0 -0 0 0 0 0 0 0 0 0 0 0 0 0 0 1 13150.8 13150.8 13150.8 13150.8
0 0 1 0 0 1 0 0 0 0 0 -7.92569e-08 -0 0 0 -0 0 0 0 0 0 0 0 0 0 0 0 0 0 1 13150.8 13150.8 13150.8 13150.8
0 0 1 0 0 1 0 0 0 0 0 -8.13236e-08 -0 0 0 -0 0 0 0 0 0 0 0 0 0 0 0 0 0 1 13150.8 13150.8 13150.8 13150.8
0 0 1 0 0 1 0 0 0 0 0 -8.34974e-08 -0 0 0 -0 0 0 0 0 0 0 0 0 0 0 0 0 0 1 13150.8 13150.8 13150.8 13150.8
0 0 1 0 0 1 0 0 0 0 0 -8.57356e-08 -0 0 0 -0 0 0 0 0 0 0 0 0 0 0 0 0 0 1 13150.8 13150.8 13150.8 13150.8
0 0 1 0 0 1 0 0 0 0 0 -8.79772e-08 -0 0 0 -0 0 0 0 0 0 0 0 0 0 0 0 0 0 1 13150.8 13150.8 13150.8 13150.8
0 0 1 0 0 1 0 0 0 0 0 -9.02122e-08 -0 0 0 -0 0 0 0 0 0 0 0 0 0 0 0 0 0 1 13150.8 13150.8 13150.8 13150.8
0 0 1 0 0 1 0 0 0 0 0 -9.22457e-08 -0 0 0 -0 0 0 0 0 0 0 0 0 0 0 0 0 0 1 13150.8 13150.8 13150.8 13150.8
0 0 1 0 0 1 0 0 0 0 0 -9.44595e-08 -0 0 0 -0 0 0 0 0 0 0 0 0 0 0 0 0 0 1 13150.8 13150.8 13150.8 13150.8
0 0 1 0 0 1 0 0 0 0 0 -1.77215e-07 -0 0 0 -0 0 0 0 0 0 0 0 0 0 0 0 0 0 1 13150.8 13150.8 13150.8 13150.8
0 0 1 0 0 1 0 0 0 0 0 -1.77215e-07 -0 0 0 -0 0 0 0 0 0 0 0 0 0 0 0 0 0 1 13150.8 13150.8 13150.8 13150.8
0 0 1 0 0 1 0 0 0 0 0 -1.81677e-07 -0 0 0 -0 0 0 0 0 0 0 0 0 0 0 0 0 0 1 13150.8 13150.8 13150.8 13150.8
0 0 1 0 0 1 0 0 0 0 0 -1.83871e-07 -0 0 0 -0 0 0 0 0 0 0 0 0 0 0 0 0 0 1 13150.8 13150.8 13150.8 13150.8
0 0 1 0 0 1 0 0 0 0 0 -1.86095e-07 -0 0 0 -0 0 0 0 0 0 0 0 0 0 0 0 0 0 1 13150.8 13150.8 13150.8 13150.8
0 0 1 0 0 1 0 0 0 0 0 -1.88228e-07 -0 0 0 -0 0 0 0 0 0 0 0 0 0 0 0 0 0 1 13150.8 13150.8 13150.8 13150.8
0 0 1 0 0 1 0 0 0 0 0 -1.88228e-07 -0 0 0 -0 0 0 0 0 0 0 0 0 0 0 0 0 0 1 13150.8 13150.8 13150.8 13150.8
0 0 1 0 0 1 0 0 0 0 0 -1.90458e-07 -0 0 0 -0 0 0 0 0 0 0 0 0 0 0 0 0 0 1 13150.8 13150.8 13150.8 13150.8
0 0 1 0 0 1 0 0 0 0 0 -1.92701e-07 -0 0 0 -0 0 0 0 0 0 0 0 0 0 0 0 0 0 1 13150.8 13150.8 13150.8 13150.8
0 0 1 0 0 1 0 0 0 0 0 -1.94938e-07 -0 0 0 -0 0 0 0 0 0 0 0 0 0 0 0 0 0 1 13150.8 13150.8 13150.8 13150.8
0 0 1 0 0 1 0 0 0 0 0 -1.96985e-07 -0 0 0 -0 0 0 0 0 0 0 0 0 0 0 0 0 0 1 13150.8 13150.8 13150.8 13150.8
0 0 1 0 0 1 0 0 0 0 0 -1.99217e-07 -0 0 0 -0 0 0 0 0 0 0 0 0 0 0 0 0 0 1 13150.8 13150.8 13150.8 13150.8
0 0 1 0 0 1 0 0 0 0 0 -2.03695e-07 -0 0 0 -0 0 0 0 0 0 0 0 0 0 0 0 0 0 1 13150.8 13150.8 13150.8 13150.8
0 0 1 0 0 1 0 0 0 0 0 -2.03695e-07 -0 0 0 -0 0 0 0 0 0 0 0 0 0 0 0 0 0 1 13150.8 13150.8 13150.8 13150.8
0 0 1 0 0 1 0 0 0 0 0 -2.05933e-07 -0 0 0 -0 0 0 0 0 0 0 0 0 0 0 0 0 0 1 13150.8 13150.8 13150.8 13150.8
0 0 1 0 0 1 0 0 0 0 0 -2.07983e-07 -0 0 0 -0 0 0 0 0 0 0 0 0 0 0 0 0 0 1 13150.8 13150.8 13150.8 13150.8
0 0 1 0 0 1 0 0 0 0 0 -2.10226e-07 -0 0 0 -0 0 0 0 0 0 0 0 0 0 0 0 0 0 1 13150.8 13150.8 13150.8 13150.8
0 0 1 0 0 1 0 0 0 0 0 -2.12463e-07 -0 0 0 -0 0 0 0 0 0 0 0 0 0 0 0 0 0 1 13150.8 13150.8 13150.8 13150.8
0 0 1 0 0 1 0 0 0 0 0 -2.14508e-07 -0 0 0 -0 0 0 0 0 0 0 0 0 0 0 0 0 0 1 13150.8 13150.8 13150.8 13150.8
0 0 1 0 0 1 0 0 0 0 0 -2.16741e-07 -0 0 0 -0 0 0 0 0 0 0 0 0 0 0 0 0 0 1 13150.8 13150.8 13150.8 13150.8
0 0 1 0 0 1 0 0 0 0 0 -2.19004e-07 -0 0 0 -0 0 0 0 0 0 0 0 0 0 0 0 0 0 1 13150.8 13150.8 13150.8 13150.8
0 0 1 0 0 1 0 0 0 0 0 -2.21512e-07 -0 0 0 -0 0 0 0 0 0 0 0 0 0 0 0 0 0 1 13150.8 13150.8 13150.8 13150.8
0 0 1 0 0 1 0 0 0 0 0 -2.23265e-07 -0 0 0 -0 0 0 0 0 0 0 0 0 0 0 0 0 0 1 13150.8 13150.8 13150.8 13150.8
0 0 1 0 0 1 0 0 0 0 0 -2.27734e-07 -0 0 0 -0 0 0 0 0 0 0 0 0 0 0 0 0 0 1 13150.8 13150.8 13150.8 13150.8
0 0 1 0 0 1 0 0 0 0 0 -2.27734e-07 -0 0 0 -0 0 0 0 0 0 0 0 0 0 0 0 0 0 1 13150.8 13150.8 13150.8 13150.8
0 0 1 0 0 1 0 0 0 0 0 -2.29973e-07 -0 0 0 -0 0 0 0 0 0 0 0 0 0 0 0 0 0 1 13150.8 13150.8 13150.8 13150.8
0 0 1 0 0 1 0 0 0 0 0 -2.32039e-07 -0 0 0 -0 0 0 0 0 0 0 0 0 0 0 0 0 0 1 13150.8 13150.8 13150.8 13150.8
0 0 1 0 0 1 0 0 0 0 0 -2.34268e-07 -0 0 0 -0 0 0 0 0 0 0 0 0 0 0 0 0 0 1 13150.8 13150.8 13150.8 13150.8
0 0 1 0 0 1 0 0 0 0 0 -2.36502e-07 -0 0 0 -0 0 0 0 0 0 0 0 0 0 0 0 0 0 1 13150.8 13150.8 13150.8 13150.8
0 0 1 0 0 1 0 0 0 0 0 -2.40784e-07 -0 0 0 -0 0 0 0 0 0 0 0 0 0 0 0 0 0 1 13150.8 13150.8 13150.8 13150.8
0 0 1 0 0 1 0 0 0 0 0 -2.40784e-07 -0 0 0 -0 0 0 0 0 0 0 0 0 0 0 0 0 0 1 13150.8 13150.8 13150.8 13150.8
0 0 1 0 0 1 0 0 0 0 0 -2.43013e-07 -0 0 0 -0 0 0 0 0 0 0 0 0 0 0 0 0 0 1 13150.8 13150.8 13150.8 13150.8
0 0 1 0 0 1 0 0 0 0 0 -2.45279e-07 -0 0 0 -0 0 0 0 0 0 0 0 0 0 0 0 0 0 1 13150.8 13150.8 13150.8 13150.8
0 0 1 0 0 1 0 0 0 0 0 -2.40079e-07 -0 0 0 -0 0 0 0 0 0 0 0 0 0 0 0 0 0 1 13150.8 13150.8 13150.8 13150.8
0 0 1 0 0 1 0 0 0 0 0 -2.35374e-07 -0 0 0 -0 0 0 0 0 0 0 0 0 0 0 0 0 0 1 13150.8 13150.8 13150.8 13150.8
0 0 1 0 0 1 0 0 0 0 0 -2.30147e-07 -0 0 0 -0 0 0 0 0 0 0 0 0 0 0 0 0 0 1 13150.8 13150.8 13150.8 13150.8
0 0 1 0 0 1 0 0 0 0 0 -2.24915e-07 -0 0 0 -0 0 0 0 0 0 0 0 0 0 0 0 0 0 1 13150.8 13150.8 13150.8 13150.8
0 0 1 0 0 1 0 0 0 0 0 -2.27225e-07 -0 0 0 -0 0 0 0 0 0 0 0 0 0 0 0 0 0 1 13150.8 13150.8 13150.8 13150.8
0 0 1 0 0 1 0 0 0 0 0 -2.2919e-07 -0 0 0 -0 0 0 0 0 0 0 0 0 0 0 0 0 0 1 13150.8 13150.8 13150.8 13150.8
0 0 1 0 0 1 0 0 0 0 0 -2.31421e-07 -0 0 0 -0 0 0 0 0 0 0 0 0 0 0 0 0 0 1 13150.8 13150.8 13150.8 13150.8
0 0 1 0 0 1 0 0 0 0 0 -2.26216e-07 -0 0 0 -0 0 0 0 0 0 0 0 0 0 0 0 0 0 1 13150.8 13150.8 13150.8 13150.8
0 0 1 0 0 1 0 0 0 0 0 -2.21003e-07 -0 0 0 -0 0 0 0 0 0 0 0 0 0 0 0 0 0 1 13150.8 13150.8 13150.8 13150.8
0 0 1 0 0 1 0 0 0 0 0 -2.15135e-07 -0 0 0 -0 0 0 0 0 0 0 0 0 0 0 0 0 0 1 13150.8 13150.8 13150.8 13150.8
0 0 1 0 0 1 0 0 0 0 0 -2.11013e-07 -0 0 0 -0 0 0 0 0 0 0 0 0 0 0 0 0 0 1 13150.8 13150.8 13150.8 13150.8
0 0 1 0 0 1 0 0 0 0 0 -2.13259e-07 -0 0 0 -0 0 0 0 0 0 0 0 0 0 0 0 0 0 1 13150.8 13150.8 13150.8 13150.8
0 0 1 0 0 1 0 0 0 0 0 -2.15529e-07 -0 0 0 -0 0 0 0 0 0 0 0 0 0 0 0 0 0 1 13150.8 13150.8 13150.8 13150.8
0 0 1 0 0 1 0 0 0 0 0 -2.17532e-07 -0 0 0 -0 0 0 0 0 0 0 0 0 0 0 0 0 0 1 13150.8 13150.8 13150.8 13150.8
0 0 1 0 0 1 0 0 0 0 0 -2.12279e-07 -0 0 0 -0 0 0 0 0 0 0 0 0 0 0 0 0 0 1 13150.8 13150.8 13150.8 13150.8
0 0 1 0 0 1 0 0 0 0 0 -2.07088e-07 -0 0 0 -0 0 0 0 0 0 0 0 0 0 0 0 0 0 1 13150.8 13150.8 13150.8 13150.8
0 0 1 0 0 1 0 0 0 0 0 -2.0186e-07 -0 0 0 -0 0 0 0 0 0 0 0 0 0 0 0 0 0 1 13150.8 13150.8 13150.8 13150.8
0 0 1 0 0 1 0 0 0 0 0 -1.97131e-07 -0 0 0 -0 0 0 0 0 0 0 0 0 0 0 0 0 0 1 13150.8 13150.8 13150.8 13150.8
0 0 1 0 0 1 0 0 0 0 0 -1.99346e-07 -0 0 0 -0 0 0 0 0 0 0 0 0 0 0 0 0 0 1 13150.8 13150.8 13150.8 13150.8
0 0 1 0 0 1 0 0 0 0 0 -2.01584e-07 -0 0 0 -0 0 0 0 0 0 0 0 0 0 0 0 0 0 1 13150.8 13150.8 13150.8 13150.8
0 0 1 0 0 1 0 0 0 0 0 -1.99065e-07 -0 0 0 -0 0 0 0 0 0 0 0 0 0 0 0 0 0 1 13150.8 13150.8 13150.8 13150.8
0 0 1 0 0 1 0 0 0 0 0 -1.93893e-07 -0 0 0 -0 0 0 0 0 0 0 0 0 0 0 0 0 0 1 13150.8 13150.8 13150.8 13150.8
0 0 1 0 0 1 0 0 0 0 0 -1.88691e-07 -0 0 0 -0 0 0 0 0 0 0 0 0 0 0 0 0 0 1 13150.8 13150.8 13150.8 13150.8
0 0 1 0 0 1 0 0 0 0 0 -1.90815e-07 -0 0 0 -0 0 0 0 0 0 0 0 0 0 0 0 0 0 1 13150.8 13150.8 13150.8 13150.8
0 0 1 0 0 1 0 0 0 0 0 -1.8582e-07 -0 0 0 -0 0 0 0 0 0 0 0 0 0 0 0 0 0 1 13150.8 13150.8 13150.8 13150.8
0 0 1 0 0 1 0 0 0 0 0 -1.88066e-07 -0 0 0 -0 0 0 0 0 0 0 0 0 0 0 0 0 0 1 13150.8 13150.8 13150.8 13150.8
0 0 1 0 0 1 0 0 0 0 0 -1.88066e-07 -0 0 0 -0 0 0 0 0 0 0 0 0 0 0 0 0 0 1 13150.8 13150.8 13150.8 13150.8
0 0 1 0 0 1 0 0 0 0 0 -1.77635e-07 -0 0 0 -0 0 0 0 0 0 0 0 0 0 0 0 0 0 1 13150.8 13150.8 13150.8 13150.8
0 0 1 0 0 1 0 0 0 0 0 -1.77635e-07 -0 0 0 -0 0 0 0 0 0 0 0 0 0 0 0 0 0 1 13150.8 13150.8 13150.8 13150.8
0 0 1 0 0 1 0 0 0 0 0 -1.7987e-07 -0 0 0 -0 0 0 0 0 0 0 0 0 0 0 0 0 0 1 13150.8 13150.8 13150.8 13150.8
0 0 1 0 0 1 0 0 0 0 0 -1.81928e-07 -0 0 0 -0 0 0 0 0 0 0 0 0 0 0 0 0 0 1 13150.8 13150.8 13150.8 13150.8
0 0 1 0 0 1 0 0 0 0 0 -1.84195e-07 -0 0 0 -0 0 0 0 0 0 0 0 0 0 0 0 0 0 1 13150.8 13150.8 13150.8 13150.8
0 0 1 0 0 1 0 0 0 0 0 -1.7902e-07 -0 0 0 -0 0 0 0 0 0 0 0 0 0 0 0 0 0 1 13150.8 13150.8 13150.8 13150.8
0 0 1 0 0 1 0 0 0 0 0 -1.74267e-07 -0 0 0 -0 0 0 0 0 0 0 0 0 0 0 0 0 0 1 13150.8 13150.8 13150.8 13150.8
0 0 1 0 0 1 0 0 0 0 0 -1.69038e-07 -0 0 0 -0 0 0 0 0 0 0 0 0 0 0 0 0 0 1 13150.8 13150.8 13150.8 13150.8
0 0 1 0 0 1 0 0 0 0 0 -1.71272e-07 -0 0 0 -0 0 0 0 0 0 0 0 0 0 0 0 0 0 1 13150.8 13150.8 13150.8 13150.8
0 0 1 0 0 1 0 0 0 0 0 -1.73502e-07 -0 0 0 -0 0 0 0 0 0 0 0 0 0 0 0 0 0 1 13150.8 13150.8 13150.8 13150.8
0 0 1 0 0 1 0 0 0 0 0 -1.75542e-07 -0 0 0 -0 0 0 0 0 0 0 0 0 0 0 0 0 0 1 13150.8 13150.8 13150.8 13150.8
0 0 1 0 0 1 0 0 0 0 0 -1.70297e-07 -0 0 0 -0 0 0 0 0 0 0 0 0 0 0 0 0 0 1 13150.8 13150.8 13150.8 13150.8
0 0 1 0 0 1 0 0 0 0 0 -1.65071e-07 -0 0 0 -0 0 0 0 0 0 0 0 0 0 0 0 0 0 1 13150.8 13150.8 13150.8 13150.8
0 0 1 0 0 1 0 0 0 0 0 -1.59881e-07 -0 0 0 -0 0 0 0 0 0 0 0 0 0 0 0 0 0 1 13150.8 13150.8 13150.8 13150.8
0 0 1 0 0 1 0 0 0 0 0 -1.61914e-07 -0 0 0 -0 0 0 0 0 0 0 0 0 0 0 0 0 0 1 13150.8 13150.8 13150.8 13150.8
0 0 1 0 0 1 0 0 0 0 0 -1.64152e-07 -0 0 0 -0 0 0 0 0 0 0 0 0 0 0 0 0 0 1 13150.8 13150.8 13150.8 13150.8
0 0 1 0 0 1 0 0 0 0 0 -1.6639e-07 -0 0 0 -0 0 0 0 0 0 0 0 0 0 0 0 0 0 1 13150.8 13150.8 13150.8 13150.8
0 0 1 0 0 1 0 0 0 0 0 -1.61192e-07 -0 0 0 -0 0 0 0 0 0 0 0 0 0 0 0 0 0 1 13150.8 13150.8 13150.8 13150.8
0 0 1 0 0 1 0 0 0 0 0 -1.56448e-07 -0 0 0 -0 0 0 0 0 0 0 0 0 0 0 0 0 0 1 13150.8 13150.8 13150.8 13150.8
0 0 1 0 0 1 0 0 0 0 0 -1.51251e-07 -0 0 0 -0 0 0 0 0 0 0 0 0 0 0 0 0 0 1 13150.8 13150.8 13150.8 13150.8
0 0 1 0 0 1 0 0 0 0 0 -1.53505e-07 -0 0 0 -0 0 0 0 0 0 0 0 0 0 0 0 0 0 1 13150.8 13150.8 13150.8 13150.8
0 0 1 0 0 1 0 0 0 0 0 -1.55756e-07 -0 0 0 -0 0 0 0 0 0 0 0 0 0 0 0 0 0 1 13150.8 13150.8 13150.8 13150.8
0 0 1 0 0 1 0 0 0 0 0 -1.57767e-07 -0 0 0 -0 0 0 0 0 0 0 0 0 0 0 0 0 0 1 13150.8 13150.8 13150.8 13150.8
0 0 1 0 0 1 0 0 0 0 0 -1.52522e-07 -0 0 0 -0 0 0 0 0 0 0 0 0 0 0 0 0 0 1 13150.8 13150.8 13150.8 13150.8
0 0 1 0 0 1 0 0 0 0 0 -1.47336e-07 -0 0 0 -0 0 0 0 0 0 0 0 0 0 0 0 0 0 1 13150.8 13150.8 13150.8 13150.8
0 0 1 0 0 1 0 0 0 0 0 -1.42091e-07 -0 0 0 -0 0 0 0 0 0 0 0 0 0 0 0 0 0 1 13150.8 13150.8 13150.8 13150.8
0 0 1 0 0 1 0 0 0 0 0 -1.44129e-07 -0 0 0 -0 0 0 0 0 0 0 0 0 0 0 0 0 0 1 13150.8 13150.8 13150.8 13150.8
0 0 1 0 0 1 0 0 0 0 0 -1.46372e-07 -0 0 0 -0 0 0 0 0 0 0 0 0 0 0 0 0 0 1 13150.8 13150.8 13150.8 13150.8
0 0 1 0 0 1 0 0 0 0 0 -1.48616e-07 -0 0 0 -0 0 0 0 0 0 0 0 0 0 0 0 0 0 1 13150.8 13150.8 13150.8 13150.8
0 0 1 0 0 1 0 0 0 0 0 -1.43394e-07 -0 0 0 -0 0 0 0 0 0 0 0 0 0 0 0 0 0 1 13150.8 13150.8 13150.8 13150.8
0 0 1 0 0 1 0 0 0 0 0 -1.38673e-07 -0 0 0 -0 0 0 0 0 0 0 0 0 0 0 0 0 0 1 13150.8 13150.8 13150.8 13150.8
0 0 1 0 0 1 0 0 0 0 0 -1.33424e-07 -0 0 0 -0 0 0 0 0 0 0 0 0 0 0 0 0 0 1 13150.8 13150.8 13150.8 13150.8
0 0 1 0 0 1 0 0 0 0 0 -1.35648e-07 -0 0 0 -0 0 0 0 0 0 0 0 0 0 0 0 0 0 1 13150.8 13150.8 13150.8 13150.8
0 0 1 0 0 1 0 0 0 0 0 -1.3792e-07 -0 0 0 -0 0 0 0 0 0 0 0 0 0 0 0 0 0 1 13150.8 13150.8 13150.8 13150.8
0 0 1 0 0 1 0 0 0 0 0 -1.39923e-07 -0 0 0 -0 0 0 0 0 0 0 0 0 0 0 0 0 0 1 13150.8 13150.8 13150.8 13150.8
0 0 1 0 0 1 0 0 0 0 0 -1.3471e-07 -0 0 0 -0 0 0 0 0 0 0 0 0 0 0 0 0 0 1 13150.8 13150.8 13150.8 13150.8
0 0 1 0 0 1 0 0 0 0 0 -1.29512e-07 -0 0 0 -0 0 0 0 0 0 0 0 0 0 0 0 0 0 1 13150.8 13150.8 13150.8 13150.8
0 0 1 0 0 1 0 0 0 0 0 -1.31758e-07 -0 0 0 -0 0 0 0 0 0 0 0 0 0 0 0 0 0 1 13150.8 13150.8 13150.8 13150.8
0 0 1 0 0 1 0 0 0 0 0 -1.33795e-07 -0 0 0 -0 0 0 0 0 0 0 0 0 0 0 0 0 0 1 13150.8 13150.8 13150.8 13150.8
0 0 1 0 0 1 0 0 0 0 0 -1.31034e-07 -0 0 0 -0 0 0 0 0 0 0 0 0 0 0 0 0 0 1 13150.8 13150.8 13150.8 13150.8
0 0 1 0 0 1 0 0 0 0 0 -1.31034e-07 -0 0 0 -0 0 0 0 0 0 0 0 0 0 0 0 0 0 1 13150.8 13150.8 13150.8 13150.8
0 0 1 0 0 1 0 0 0 0 0 -1.25883e-07 -0 0 0 -0 0 0 0 0 0 0 0 0 0 0 0 0 0 1 13150.8 13150.8 13150.8 13150.8
0 0 1 0 0 1 0 0 0 0 0 -1.22493e-07 -0 0 0 -0 0 0 0 0 0 0 0 0 0 0 0 0 0 1 13150.8 13150.8 13150.8 13150.8
0 0 1 0 0 1 0 0 0 0 0 -1.22493e-07 -0 0 0 -0 0 0 0 0 0 0 0 0 0 0 0 0 0 1 13150.8 13150.8 13150.8 13150.8
0 0 1 0 0 1 0 0 0 0 0 -1.26924e-07 -0 0 0 -0 0 0 0 0 0 0 0 0 0 0 0 0 0 1 13150.8 13150.8 13150.8 13150.8
0 0 1 0 0 1 0 0 0 0 0 -1.26924e-07 -0 0 0 -0 0 0 0 0 0 0 0 0 0 0 0 0 0 1 13150.8 13150.8 13150.8 13150.8
0 0 1 0 0 1 0 0 0 0 0 -1.21506e-07 -0 0 0 -0 0 0 0 0 0 0 0 0 0 0 0 0 0 1 13150.8 13150.8 13150.8 13150.8
0 0 1 0 0 1 0 0 0 0 0 -1.19026e-07 -0 0 0 -0 0 0 0 0 0 0 0 0 0 0 0 0 0 1 13150.8 13150.8 13150.8 13150.8
0 0 1 0 0 1 0 0 0 0 0 -1.21235e-07 -0 0 0 -0 0 0 0 0 0 0 0 0 0 0 0 0 0 1 13150.8 13150.8 13150.8 13150.8
0 0 1 0 0 1 0 0 0 0 0 -1.21235e-07 -0 0 0 -0 0 0 0 0 0 0 0 0 0 0 0 0 0 1 13150.8 13150.8 13150.8 13150.8
0 0 1 0 0 1 0 0 0 0 0 -1.16176e-07 -0 0 0 -0 0 0 0 0 0 0 0 0 0 0 0 0 0 1 13150.8 13150.8 13150.8 13150.8
0 0 1 0 0 1 0 0 0 0 0 -1.11049e-07 -0 0 0 -0 0 0 0 0 0 0 0 0 0 0 0 0 0 1 13150.8 13150.8 13150.8 13150.8
0 0 1 0 0 1 0 0 0 0 0 -1.13305e-07 -0 0 0 -0 0 0 0 0 0 0 0 0 0 0 0 0 0 1 13150.8 13150.8 13150.8 13150.8
0 0 1 0 0 1 0 0 0 0 0 -1.15577e-07 -0 0 0 -0 0 0 0 0 0 0 0 0 0 0 0 0 0 1 13150.8 13150.8 13150.8 13150.8
0 0 1 0 0 1 0 0 0 0 0 -1.19798e-07 -0 0 0 -0 0 0 0 0 0 0 0 0 0 0 0 0 0 1 13150.8 13150.8 13150.8 13150.8
0 0 1 0 0 1 0 0 0 0 0 -1.19798e-07 -0 0 0 -0 0 0 0 0 0 0 0 0 0 0 0 0 0 1 13150.8 13150.8 13150.8 13150.8
0 0 1 0 0 1 0 0 0 0 0 -1.1461e-07 -0 0 0 -0 0 0 0 0 0 0 0 0 0 0 0 0 0 1 13150.8 13150.8 13150.8 13150.8
0 0 1 0 0 1 0 0 0 0 0 -1.04642e-07 -0 0 0 -0 0 0 0 0 0 0 0 0 0 0 0 0 0 1 13150.8 13150.8 13150.8 13150.8
0 0 1 0 0 1 0 0 0 0 0 -9.94249e-08 -0 0 0 -0 0 0 0 0 0 0 0 0 0 0 0 0 0 1 13150.8 13150.8 13150.8 13150.8
0 0 1 0 0 1 0 0 0 0 0 -1.01662e-07 -0 0 0 -0 0 0 0 0 0 0 0 0 0 0 0 0 0 1 13150.8 13150.8 13150.8 13150.8
0 0 1 0 0 1 0 0 0 0 0 -1.03906e-07 -0 0 0 -0 0 0 0 0 0 0 0 0 0 0 0 0 0 1 13150.8 13150.8 13150.8 13150.8
0 0 1 0 0 1 0 0 0 0 0 -1.05947e-07 -0 0 0 -0 0 0 0 0 0 0 0 0 0 0 0 0 0 1 13150.8 13150.8 13150.8 13150.8
0 0 1 0 0 1 0 0 0 0 0 -1.05947e-07 -0 0 0 -0 0 0 0 0 0 0 0 0 0 0 0 0 0 1 13150.8 13150.8 13150.8 13150.8
0 0 1 0 0 1 0 0 0 0 0 -1.0074e-07 -0 0 0 -0 0 0 0 0 0 0 0 0 0 0 0 0 0 1 13150.8 13150.8 13150.8 13150.8
0 0 1 0 0 1 0 0 0 0 0 -9.5515e-08 -0 0 0 -0 0 0 0 0 0 0 0 0 0 0 0 0 0 1 13150.8 13150.8 13150.8 13150.8
0 0 1 0 0 1 0 0 0 0 0 -9.97906e-08 -0 0 0 -0 0 0 0 0 0 0 0 0 0 0 0 0 0 1 13150.8 13150.8 13150.8 13150.8
0 0 1 0 0 1 0 0 0 0 0 -9.97906e-08 -0 0 0 -0 0 0 0 0 0 0 0 0 0 0 0 0 0 1 13150.8 13150.8 13150.8 13150.8
0 0 1 0 0 1 0 0 0 0 0 -1.02023e-07 -0 0 0 -0 0 0 0 0 0 0 0 0 0 0 0 0 0 1 13150.8 13150.8 13150.8 13150.8
0 0 1 0 0 1 0 0 0 0 0 -9.9366e-08 -0 0 0 -0 0 0 0 0 0 0 0 0 0 0 0 0 0 1 13150.8 13150.8 13150.8 13150.8
0 0 1 0 0 1 0 0 0 0 0 -9.9366e-08 -0 0 0 -0 0 0 0 0 0 0 0 0 0 0 0 0 0 1 13150.8 13150.8 13150.8 13150.8
0 0 1 0 0 1 0 0 0 0 0 -1.01547e-07 -0 0 0 -0 0 0 0 0 0 0 0 0 0 0 0 0 0 1 13150.8 13150.8 13150.8 13150.8
0 0 1 0 0 1 0 0 0 0 0 -1.0375e-07 -0 0 0 -0 0 0 0 0 0 0 0 0 0 0 0 0 0 1 13150.8 13150.8 13150.8 13150.8
0 0 1 0 0 1 0 0 0 0 0 -9.85403e-08 -0 0 0 -0 0 0 0 0 0 0 0 0 0 0 0 0 0 1 13150.8 13150.8 13150.8 13150.8
0 0 1 0 0 1 0 0 0 0 0 -9.33355e-08 -0 0 0 -0 0 0 0 0 0 0 0 0 0 0 0 0 0 1 13150.8 13150.8 13150.8 13150.8
0 0 1 0 0 1 0 0 0 0 0 -8.85525e-08 -0 0 0 -0 0 0 0 0 0 0 0 0 0 0 0 0 0 1 13150.8 13150.8 13150.8 13150.8
0 0 1 0 0 1 0 0 0 0 0 -9.07843e-08 -0 0 0 -0 0 0 0 0 0 0 0 0 0 0 0 0 0 1 13150.8 13150.8 13150.8 13150.8
0 0 1 0 0 1 0 0 0 0 0 -9.30083e-08 -0 0 0 -0 0 0 0 0 0 0 0 0 0 0 0 0 0 1 13150.8 13150.8 13150.8 13150.8
0 0 1 0 0 1 0 0 0 0 0 -9.72885e-08 -0 0 0 -0 0 0 0 0 0 0 0 0 0 0 0 0 0 1 13150.8 13150.8 13150.8 13150.8
0 0 1 0 0 1 0 0 0 0 0 -9.72885e-08 -0 0 0 -0 0 0 0 0 0 0 0 0 0 0 0 0 0 1 13150.8 13150.8 13150.8 13150.8
0 0 1 0 0 1 0 0 0 0 0 -9.20735e-08 -0 0 0 -0 0 0 0 0 0 0 0 0 0 0 0 0 0 1 13150.8 13150.8 13150.8 13150.8
0 0 1 0 0 1 0 0 0 0 0 -8.16544e-08 -0 0 0 -0 0 0 0 0 0 0 0 0 0 0 0 0 0 1 13150.8 13150.8 13150.8 13150.8
0 0 1 0 0 1 0 0 0 0 0 -8.16544e-08 -0 0 0 -0 0 0 0 0 0 0 0 0 0 0 0 0 0 1 13150.8 13150.8 13150.8 13150.8
0 0 1 0 0 1 0 0 0 0 0 -7.68992e-08 -0 0 0 -0 0 0 0 0 0 0 0 0 0 0 0 0 0 1 13150.8 13150.8 13150.8 13150.8
0 0 1 0 0 1 0 0 0 0 0 -8.13665e-08 -0 0 0 -0 0 0 0 0 0 0 0 0 0 0 0 0 0 1 13150.8 13150.8 13150.8 13150.8
0 0 1 0 0 1 0 0 0 0 0 -8.13665e-08 -0 0 0 -0 0 0 0 0 0 0 0 0 0 0 0 0 0 1 13150.8 13150.8 13150.8 13150.8
0 0 1 0 0 1 0 0 0 0 0 -8.56691e-08 -0 0 0 -0 0 0 0 0 0 0 0 0 0 0 0 0 0 1 13150.8 13150.8 13150.8 13150.8
0 0 1 0 0 1 0 0 0 0 0 -9.23675e-08 -0 0 0 -0 0 0 0 0 0 0 0 0 0 0 0 0 0 1 13150.8 13150.8 13150.8 13150.8
0 0 1 0 0 1 0 0 0 0 0 -8.75608e-08 -0 0 0 -0 0 0 0 0 0 0 0 0 0 0 0 0 0 1 13150.8 13150.8 13150.8 13150.8
0 0 1 0 0 1 0 0 0 0 0 -8.23711e-08 -0 0 0 -0 0 0 0 0 0 0 0 0 0 0 0 0 0 1 13150.8 13150.8 13150.8 13150.8
0 0 1 0 0 1 0 0 0 0 0 -7.71786e-08 -0 0 0 -0 0 0 0 0 0 0 0 0 0 0 0 0 0 1 13150.8 13150.8 13150.8 13150.8
0 0 1 0 0 1 0 0 0 0 0 -7.94144e-08 -0 0 0 -0 0 0 0 0 0 0 0 0 0 0 0 0 0 1 13150.8 13150.8 13150.8 13150.8
0 0 1 0 0 1 0 0 0 0 0 -8.14563e-08 -0 0 0 -0 0 0 0 0 0 0 0 0 0 0 0 0 0 1 13150.8 13150.8 13150.8 13150.8
0 0 1 0 0 1 0 0 0 0 0 -7.62489e-08 -0 0 0 -0 0 0 0 0 0 0 0 0 0 0 0 0 0 1 13150.8 13150.8 13150.8 13150.8
0 0 1 0 0 1 0 0 0 0 0 -7.10221e-08 -0 0 0 -0 0 0 0 0 0 0 0 0 0 0 0 0 0 1 13150.8 13150.8 13150.8 13150.8
0 0 1 0 0 1 0 0 0 0 0 -7.32557e-08 -0 0 0 -0 0 0 0 0 0 0 0 0 0 0 0 0 0 1 13150.8 13150.8 13150.8 13150.8
0 0 1 0 0 1 0 0 0 0 0 -7.52911e-08 -0 0 0 -0 0 0 0 0 0 0 0 0 0 0 0 0 0 1 13150.8 13150.8 13150.8 13150.8
0 0 1 0 0 1 0 0 0 0 0 -7.75381e-08 -0 0 0 -0 0 0 0 0 0 0 0 0 0 0 0 0 0 1 13150.8 13150.8 13150.8 13150.8
0 0 1 0 0 1 0 0 0 0 0 -7.23293e-08 -0 0 0 -0 0 0 0 0 0 0 0 0 0 0 0 0 0 1 13150.8 13150.8 13150.8 13150.8
0 0 1 0 0 1 0 0 0 0 0 -7.45664e-08 -0 0 0 -0 0 0 0 0 0 0 0 0 0 0 0 0 0 1 13150.8 13150.8 13150.8 13150.8
0 0 1 0 0 1 0 0 0 0 0 -7.66099e-08 -0 0 0 -0 0 0 0 0 0 0 0 0 0 0 0 0 0 1 13150.8 13150.8 13150.8 13150.8
0 0 1 0 0 1 0 0 0 0 0 -7.88582e-08 -0 0 0 -0 0 0 0 0 0 0 0 0 0 0 0 0 0 1 13150.8 13150.8 13150.8 13150.8
0 0 1 0 0 1 0 0 0 0 0 -7.36809e-08 -0 0 0 -0 0 0 0 0 0 0 0 0 0 0 0 0 0 1 13150.8 13150.8 13150.8 13150.8
0 0 1 0 0 1 0 0 0 0 0 -6.84654e-08 -0 0 0 -0 0 0 0 0 0 0 0 0 0 0 0 0 0 1 13150.8 13150.8 13150.8 13150.8
0 0 1 0 0 1 0 0 0 0 0 -7.05247e-08 -0 0 0 -0 0 0 0 0 0 0 0 0 0 0 0 0 0 1 13150.8 13150.8 13150.8 13150.8
0 0 1 0 0 1 0 0 0 0 0 -7.27427e-08 -0 0 0 -0 0 0 0 0 0 0 0 0 0 0 0 0 0 1 13150.8 13150.8 13150.8 13150.8
0 0 1 0 0 1 0 0 0 0 0 -6.75132e-08 -0 0 0 -0 0 0 0 0 0 0 0 0 0 0 0 0 0 1 13150.8 13150.8 13150.8 13150.8
0 0 1 0 0 1 0 0 0 0 0 -6.97497e-08 -0 0 0 -0 0 0 0 0 0 0 0 0 0 0 0 0 0 1 13150.8 13150.8 13150.8 13150.8
0 0 1 0 0 1 0 0 0 0 0 -6.49748e-08 -0 0 0 -0 0 0 0 0 0 0 0 0 0 0 0 0 0 1 13150.8 13150.8 13150.8 13150.8
0 0 1 0 0 1 0 0 0 0 0 -6.72297e-08 -0 0 0 -0 0 0 0 0 0 0 0 0 0 0 0 0 0 1 13150.8 13150.8 13150.8 13150.8
0 0 1 0 0 1 0 0 0 0 0 -6.94563e-08 -0 0 0 -0 0 0 0 0 0 0 0 0 0 0 0 0 0 1 13150.8 13150.8 13150.8 13150.8
0 0 1 0 0 1 0 0 0 0 0 -6.4254e-08 -0 0 0 -0 0 0 0 0 0 0 0 0 0 0 0 0 0 1 13150.8 13150.8 13150.8 13150.8
0 0 1 0 0 1 0 0 0 0 0 -6.62929e-08 -0 0 0 -0 0 0 0 0 0 0 0 0 0 0 0 0 0 1 13150.8 13150.8 13150.8 13150.8
0 0 1 0 0 1 0 0 0 0 0 -6.85264e-08 -0 0 0 -0 0 0 0 0 0 0 0 0 0 0 0 0 0 1 13150.8 13150.8 13150.8 13150.8
0 0 1 0 0 1 0 0 0 0 0 -6.33129e-08 -0 0 0 -0 0 0 0 0 0 0 0 0 0 0 0 0 0 1 13150.8 13150.8 13150.8 13150.8
0 0 1 0 0 1 0 0 0 0 0 -6.55458e-08 -0 0 0 -0 0 0 0 0 0 0 0 0 0 0 0 0 0 1 13150.8 13150.8 13150.8 13150.8
0 0 1 0 0 1 0 0 0 0 0 -6.08018e-08 -0 0 0 -0 0 0 0 0 0 0 0 0 0 0 0 0 0 1 13150.8 13150.8 13150.8 13150.8
0 0 1 0 0 1 0 0 0 0 0 -6.30455e-08 -0 0 0 -0 0 0 0 0 0 0 0 0 0 0 0 0 0 1 13150.8 13150.8 13150.8 13150.8
0 0 1 0 0 1 0 0 0 0 0 -6.52925e-08 -0 0 0 -0 0 0 0 0 0 0 0 0 0 0 0 0 0 1 13150.8 13150.8 13150.8 13150.8
0 0 1 0 0 1 0 0 0 0 0 -6.00958e-08 -0 0 0 -0 0 0 0 0 0 0 0 0 0 0 0 0 0 1 13150.8 13150.8 13150.8 13150.8
0 0 1 0 0 1 0 0 0 0 0 -6.21331e-08 -0 0 0 -0 0 0 0 0 0 0 0 0 0 0 0 0 0 1 13150.8 13150.8 13150.8 13150.8
0 0 1 0 0 1 0 0 0 0 0 -5.69125e-08 -0 0 0 -0 0 0 0 0 0 0 0 0 0 0 0 0 0 1 13150.8 13150.8 13150.8 13150.8
0 0 1 0 0 1 0 0 0 0 0 -5.91573e-08 -0 0 0 -0 0 0 0 0 0 0 0 0 0 0 0 0 0 1 13150.8 13150.8 13150.8 13150.8
0 0 1 0 0 1 0 0 0 0 0 -6.13849e-08 -0 0 0 -0 0 0 0 0 0 0 0 0 0 0 0 0 0 1 13150.8 13150.8 13150.8 13150.8
0 0 1 0 0 1 0 0 0 0 0 -5.65916e-08 -0 0 0 -0 0 0 0 0 0 0 0 0 0 0 0 0 0 1 13150.8 13150.8 13150.8 13150.8
0 0 1 0 0 1 0 0 0 0 0 -5.8816e-08 -0 0 0 -0 0 0 0 0 0 0 0 0 0 0 0 0 0 1 13150.8 13150.8 13150.8 13150.8
0 0 1 0 0 1 0 0 0 0 0 -6.10485e-08 -0 0 0 -0 0 0 0 0 0 0 0 0 0 0 0 0 0 1 13150.8 13150.8 13150.8 13150.8
0 0 1 0 0 1 0 0 0 0 0 -5.58436e-08 -0 0 0 -0 0 0 0 0 0 0 0 0 0 0 0 0 0 1 13150.8 13150.8 13150.8 13150.8
0 0 1 0 0 1 0 0 0 0 0 -5.78935e-08 -0 0 0 -0 0 0 0 0 0 0 0 0 0 0 0 0 0 1 13150.8 13150.8 13150.8 13150.8
0 0 1 0 0 1 0 0 0 0 0 -5.26835e-08 -0 0 0 -0 0 0 0 0 0 0 0 0 0 0 0 0 0 1 13150.8 13150.8 13150.8 13150.8
0 0 1 0 0 1 0 0 0 0 0 -5.49201e-08 -0 0 0 -0 0 0 0 0 0 0 0 0 0 0 0 0 0 1 13150.8 13150.8 13150.8 13150.8
0 0 1 0 0 1 0 0 0 0 0 -5.71599e-08 -0 0 0 -0 0 0 0 0 0 0 0 0 0 0 0 0 0 1 13150.8 13150.8 13150.8 13150.8
0 0 1 0 0 1 0 0 0 0 0 -5.23398e-08 -0 0 0 -0 0 0 0 0 0 0 0 0 0 0 0 0 0 1 13150.8 13150.8 13150.8 13150.8
0 0 1 0 0 1 0 0 0 0 0 -5.4561e-08 -0 0 0 -0 0 0 0 0 0 0 0 0 0 0 0 0 0 1 13150.8 13150.8 13150.8 13150.8
0 0 1 0 0 1 0 0 0 0 0 -5.67893e-08 -0 0 0 -0 0 0 0 0 0 0 0 0 0 0 0 0 0 1 13150.8 13150.8 13150.8 13150.8
0 0 1 0 0 1 0 0 0 0 0 -5.15734e-08 -0 0 0 -0 0 0 0 0 0 0 0 0 0 0 0 0 0 1 13150.8 13150.8 13150.8 13150.8
0 0 1 0 0 1 0 0 0 0 0 -5.36143e-08 -0 0 0 -0 0 0 0 0 0 0 0 0 0 0 0 0 0 1 13150.8 13150.8 13150.8 13150.8
0 0 1 0 0 1 0 0 0 0 0 -5.58524e-08 -0 0 0 -0 0 0 0 0 0 0 0 0 0 0 0 0 0 1 13150.8 13150.8 13150.8 13150.8
0 0 1 0 0 1 0 0 0 0 0 -5.06403e-08 -0 0 0 -0 0 0 0 0 0 0 0 0 0 0 0 0 0 1 13150.8 13150.8 13150.8 13150.8
0 0 1 0 0 1 0 0 0 0 0 -5.28782e-08 -0 0 0 -0 0 0 0 0 0 0 0 0 0 0 0 0 0 1 13150.8 13150.8 13150.8 13150.8
0 0 1 0 0 1 0 0 0 0 0 -4.81083e-08 -0 0 0 -0 0 0 0 0 0 0 0 0 0 0 0 0 0 1 13150.8 13150.8 13150.8 13150.8
0 0 1 0 0 1 0 0 0 0 0 -5.03443e-08 -0 0 0 -0 0 0 0 0 0 0 0 0 0 0 0 0 0 1 13150.8 13150.8 13150.8 13150.8
0 0 1 0 0 1 0 0 0 0 0 -5.26012e-08 -0 0 0 -0 0 0 0 0 0 0 0 0 0 0 0 0 0 1 13150.8 13150.8 13150.8 13150.8
0 0 1 0 0 1 0 0 0 0 0 -4.73553e-08 -0 0 0 -0 0 0 0 0 0 0 0 0 0 0 0 0 0 1 13150.8 13150.8 13150.8 13150.8
0 0 1 0 0 1 0 0 0 0 0 -4.93799e-08 -0 0 0 -0 0 0 0 0 0 0 0 0 0 0 0 0 0 1 13150.8 13150.8 13150.8 13150.8
0 0 1 0 0 1 0 0 0 0 0 -5.16034e-08 -0 0 0 -0 0 0 0 0 0 0 0 0 0 0 0 0 0 1 13150.8 13150.8 13150.8 13150.8
0 0 1 0 0 1 0 0 0 0 0 -4.5615e-08 -0 0 0 -0 0 0 0 0 0 0 0 0 0 0 0 0 0 1 13150.8 13150.8 13150.8 13150.8
0 0 1 0 0 1 0 0 0 0 0 -4.75318e-08 -0 0 0 -0 0 0 0 0 0 0 0 0 0 0 0 0 0 1 13150.8 13150.8 13150.8 13150.8
0 0 1 0 0 1 0 0 0 0 0 -4.95726e-08 -0 0 0 -0 0 0 0 0 0 0 0 0 0 0 0 0 0 1 13150.8 13150.8 13150.8 13150.8
0 0 1 0 0 1 0 0 0 0 0 -4.44174e-08 -0 0 0 -0 0 0 0 0 0 0 0 0 0 0 0 0 0 1 13150.8 13150.8 13150.8 13150.8
0 0 1 0 0 1 0 0 0 0 0 -4.66734e-08 -0 0 0 -0 0 0 0 0 0 0 0 0 0 0 0 0 0 1 13150.8 13150.8 13150.8 13150.8
0 0 1 0 0 1 0 0 0 0 0 -4.89047e-08 -0 0 0 -0 0 0 0 0 0 0 0 0 0 0 0 0 0 1 13150.8 13150.8 13150.8 13150.8
0 0 1 0 0 1 0 0 0 0 0 -4.41343e-08 -0 0 0 -0 0 0 0 0 0 0 0 0 0 0 0 0 0 1 13150.8 13150.8 13150.8 13150.8
0 0 1 0 0 1 0 0 0 0 0 -4.63938e-08 -0 0 0 -0 0 0 0 0 0 0 0 0 0 0 0 0 0 1 13150.8 13150.8 13150.8 13150.8
0 0 1 0 0 1 0 0 0 0 0 -4.12505e-08 -0 0 0 -0 0 0 0 0 0 0 0 0 0 0 0 0 0 1 13150.8 13150.8 13150.8 13150.8
0 0 1 0 0 1 0 0 0 0 0 -4.34805e-08 -0 0 0 -0 0 0 0 0 0 0 0 0 0 0 0 0 0 1 13150.8 13150.8 13150.8 13150.8
0 0 1 0 0 1 0 0 0 0 0 -4.55397e-08 -0 0 0 -0 0 0 0 0 0 0 0 0 0 0 0 0 0 1 13150.8 13150.8 13150.8 13150.8
0 0 1 0 0 1 0 0 0 0 0 -4.03446e-08 -0 0 0 -0 0 0 0 0 0 0 0 0 0 0 0 0 0 1 13150.8 13150.8 13150.8 13150.8
0 0 1 0 0 1 0 0 0 0 0 -4.25766e-08 -0 0 0 -0 0 0 0 0 0 0 0 0 0 0 0 0 0 1 13150.8 13150.8 13150.8 13150.8
0 0 1 0 0 1 0 0 0 0 0 -4.48107e-08 -0 0 0 -0 0 0 0 0 0 0 0 0 0 0 0 0 0 1 13150.8 13150.8 13150.8 13150.8
0 0 1 0 0 1 0 0 0 0 0 -4.00129e-08 -0 0 0 -0 0 0 0 0 0 0 0 0 0 0 0 0 0 1 13150.8 13150.8 13150.8 13150.8
0 0 1 0 0 1 0 0 0 0 0 -4.22364e-08 -0 0 0 -0 0 0 0 0 0 0 0 0 0 0 0 0 0 1 13150.8 13150.8 13150.8 13150.8
0 0 1 0 0 1 0 0 0 0 0 -4.44646e-08 -0 0 0 -0 0 0 0 0 0 0 0 0 0 0 0 0 0 1 13150.8 13150.8 13150.8 13150.8
0 0 1 0 0 1 0 0 0 0 0 -3.92284e-08 -0 0 0 -0 0 0 0 0 0 0 0 0 0 0 0 0 0 1 13150.8 13150.8 13150.8 13150.8
0 0 1 0 0 1 0 0 0 0 0 -4.12851e-08 -0 0 0 -0 0 0 0 0 0 0 0 0 0 0 0 0 0 1 13150.8 13150.8 13150.8 13150.8
0 0 1 0 0 1 0 0 0 0 0 -4.35e-08 -0 0 0 -0 0 0 0 0 0 0 0 0 0 0 0 0 0 1 13150.8 13150.8 13150.8 13150.8
0 0 1 0 0 1 0 0 0 0 0 -3.82243e-08 -0 0 0 -0 0 0 0 0 0 0 0 0 0 0 0 0 0 1 13150.8 13150.8 13150.8 13150.8
0 0 1 0 0 1 0 0 0 0 0 -3.82243e-08 -0 0 0 -0 0 0 0 0 0 0 0 0 0 0 0 0 0 1 13150.8 13150.8 13150.8 13150.8
0 0 1 0 0 1 0 0 0 0 0 -4.24851e-08 -0 0 0 -0 0 0 0 0 0 0 0 0 0 0 0 0 0 1 13150.8 13150.8 13150.8 13150.8
0 0 1 0 0 1 0 0 0 0 0 -3.73036e-08 -0 0 0 -0 0 0 0 0 0 0 0 0 0 0 0 0 0 1 13150.8 13150.8 13150.8 13150.8
0 0 1 0 0 1 0 0 0 0 0 -3.95476e-08 -0 0 0 -0 0 0 0 0 0 0 0 0 0 0 0 0 0 1 13150.8 13150.8 13150.8 13150.8
0 0 1 0 0 1 0 0 0 0 0 -4.17983e-08 -0 0 0 -0 0 0 0 0 0 0 0 0 0 0 0 0 0 1 13150.8 13150.8 13150.8 13150.8
0 0 1 0 0 1 0 0 0 0 0 -3.70508e-08 -0 0 0 -0 0 0 0 0 0 0 0 0 0 0 0 0 0 1 13150.8 13150.8 13150.8 13150.8
0 0 1 0 0 1 0 0 0 0 0 -3.92799e-08 -0 0 0 -0 0 0 0 0 0 0 0 0 0 0 0 0 0 1 13150.8 13150.8 13150.8 13150.8
0 0 1 0 0 1 0 0 0 0 0 -3.40727e-08 -0 0 0 -0 0 0 0 0 0 0 0 0 0 0 0 0 0 1 13150.8 13150.8 13150.8 13150.8
0 0 1 0 0 1 0 0 0 0 0 -3.63136e-08 -0 0 0 -0 0 0 0 0 0 0 0 0 0 0 0 0 0 1 13150.8 13150.8 13150.8 13150.8
0 0 1 0 0 1 0 0 0 0 0 -3.83648e-08 -0 0 0 -0 0 0 0 0 0 0 0 0 0 0 0 0 0 1 13150.8 13150.8 13150.8 13150.8
0 0 1 0 0 1 0 0 0 0 0 -3.31763e-08 -0 0 0 -0 0 0 0 0 0 0 0 0 0 0 0 0 0 1 13150.8 13150.8 13150.8 13150.8
0 0 1 0 0 1 0 0 0 0 0 -3.54297e-08 -0 0 0 -0 0 0 0 0 0 0 0 0 0 0 0 0 0 1 13150.8 13150.8 13150.8 13150.8
0 0 1 0 0 1 0 0 0 0 0 -3.76526e-08 -0 0 0 -0 0 0 0 0 0 0 0 0 0 0 0 0 0 1 13150.8 13150.8 13150.8 13150.8
0 0 1 0 0 1 0 0 0 0 0 -3.28844e-08 -0 0 0 -0 0 0 0 0 0 0 0 0 0 0 0 0 0 1 13150.8 13150.8 13150.8 13150.8
0 0 1 0 0 1 0 0 0 0 0 -3.51273e-08 -0 0 0 -0 0 0 0 0 0 0 0 0 0 0 0 0 0 1 13150.8 13150.8 13150.8 13150.8
0 0 1 0 0 1 0 0 0 0 0 -3.73656e-08 -0 0 0 -0 0 0 0 0 0 0 0 0 0 0 0 0 0 1 13150.8 13150.8 13150.8 13150.8
0 0 1 0 0 1 0 0 0 0 0 -3.21716e-08 -0 0 0 -0 0 0 0 0 0 0 0 0 0 0 0 0 0 1 13150.8 13150.8 13150.8 13150.8
0 0 1 0 0 1 0 0 0 0 0 -2.73439e-08 -0 0 0 -0 0 0 0 0 0 0 0 0 0 0 0 0 0 1 13150.8 13150.8 13150.8 13150.8
0 0 1 0 0 1 0 0 0 0 0 -2.95523e-08 -0 0 0 -0 0 0 0 0 0 0 0 0 0 0 0 0 0 1 13150.8 13150.8 13150.8 13150.8
0 0 1 0 0 1 0 0 0 0 0 -3.18011e-08 -0 0 0 -0 0 0 0 0 0 0 0 0 0 0 0 0 0 1 13150.8 13150.8 13150.8 13150.8
0 0 1 0 0 1 0 0 0 0 0 -3.40331e-08 -0 0 0 -0 0 0 0 0 0 0 0 0 0 0 0 0 0 1 13150.8 13150.8 13150.8 13150.8
0 0 1 0 0 1 0 0 0 0 0 -3.60933e-08 -0 0 0 -0 0 0 0 0 0 0 0 0 0 0 0 0 0 1 13150.8 13150.8 13150.8 13150.8
0 0 1 0 0 1 0 0 0 0 0 -3.09131e-08 -0 0 0 -0 0 0 0 0 0 0 0 0 0 0 0 0 0 1 13150.8 13150.8 13150.8 13150.8
0 0 1 0 0 1 0 0 0 0 0 -3.31362e-08 -0 0 0 -0 0 0 0 0 0 0 0 0 0 0 0 0 0 1 13150.8 13150.8 13150.8 13150.8
0 0 1 0 0 1 0 0 0 0 0 -3.53829e-08 -0 0 0 -0 0 0 0 0 0 0 0 0 0 0 0 0 0 1 13150.8 13150.8 13150.8 13150.8
0 0 1 0 0 1 0 0 0 0 0 -3.06347e-08 -0 0 0 -0 0 0 0 0 0 0 0 0 0 0 0 0 0 1 13150.8 13150.8 13150.8 13150.8
0 0 1 0 0 1 0 0 0 0 0 -3.28658e-08 -0 0 0 -0 0 0 0 0 0 0 0 0 0 0 0 0 0 1 13150.8 13150.8 13150.8 13150.8
0 0 1 0 0 1 0 0 0 0 0 -2.76646e-08 -0 0 0 -0 0 0 0 0 0 0 0 0 0 0 0 0 0 1 13150.8 13150.8 13150.8 13150.8
0 0 1 0 0 1 0 0 0 0 0 -2.99025e-08 -0 0 0 -0 0 0 0 0 0 0 0 0 0 0 0 0 0 1 13150.8 13150.8 13150.8 13150.8
0 0 1 0 0 1 0 0 0 0 0 -3.21454e-08 -0 0 0 -0 0 0 0 0 0 0 0 0 0 0 0 0 0 1 13150.8 13150.8 13150.8 13150.8
0 0 1 0 0 1 0 0 0 0 0 -2.73904e-08 -0 0 0 -0 0 0 0 0 0 0 0 0 0 0 0 0 0 1 13150.8 13150.8 13150.8 13150.8
0 0 1 0 0 1 0 0 0 0 0 -2.96256e-08 -0 0 0 -0 0 0 0 0 0 0 0 0 0 0 0 0 0 1 13150.8 13150.8 13150.8 13150.8
0 0 1 0 0 1 0 0 0 0 0 -3.18638e-08 -0 0 0 -0 0 0 0 0 0 0 0 0 0 0 0 0 0 1 13150.8 13150.8 13150.8 13150.8
0 0 1 0 0 1 0 0 0 0 0 -2.66386e-08 -0 0 0 -0 0 0 0 0 0 0 0 0 0 0 0 0 0 1 13150.8 13150.8 13150.8 13150.8
0 0 1 0 0 1 0 0 0 0 0 -2.86898e-08 -0 0 0 -0 0 0 0 0 0 0 0 0 0 0 0 0 0 1 13150.8 13150.8 13150.8 13150.8
0 0 1 0 0 1 0 0 0 0 0 -3.09224e-08 -0 0 0 -0 0 0 0 0 0 0 0 0 0 0 0 0 0 1 13150.8 13150.8 13150.8 13150.8
0 0 1 0 0 1 0 0 0 0 0 -2.57049e-08 -0 0 0 -0 0 0 0 0 0 0 0 0 0 0 0 0 0 1 13150.8 13150.8 13150.8 13150.8
0 0 1 0 0 1 0 0 0 0 0 -2.77491e-08 -0 0 0 -0 0 0 0 0 0 0 0 0 0 0 0 0 0 1 13150.8 13150.8 13150.8 13150.8
0 0 1 0 0 1 0 0 0 0 0 -2.99786e-08 -0 0 0 -0 0 0 0 0 0 0 0 0 0 0 0 0 0 1 13150.8 13150.8 13150.8 13150.8
0 0 1 0 0 1 0 0 0 0 0 -2.4755e-08 -0 0 0 -0 0 0 0 0 0 0 0 0 0 0 0 0 0 1 13150.8 13150.8 13150.8 13150.8
0 0 1 0 0 1 0 0 0 0 0 -2.69961e-08 -0 0 0 -0 0 0 0 0 0 0 0 0 0 0 0 0 0 1 13150.8 13150.8 13150.8 13150.8
0 0 1 0 0 1 0 0 0 0 0 -2.92386e-08 -0 0 0 -0 0 0 0 0 0 0 0 0 0 0 0 0 0 1 13150.8 13150.8 13150.8 13150.8
0 0 1 0 0 1 0 0 0 0 0 -2.4516e-08 -0 0 0 -0 0 0 0 0 0 0 0 0 0 0 0 0 0 1 13150.8 13150.8 13150.8 13150.8
0 0 1 0 0 1 0 0 0 0 0 -2.67563e-08 -0 0 0 -0 0 0 0 0 0 0 0 0 0 0 0 0 0 1 13150.8 13150.8 13150.8 13150.8
0 0 1 0 0 1 0 0 0 0 0 -2.90093e-08 -0 0 0 -0 0 0 0 0 0 0 0 0 0 0 0 0 0 1 13150.8 13150.8 13150.8 13150.8
0 0 1 0 0 1 0 0 0 0 0 -2.42702e-08 -0 0 0 -0 0 0 0 0 0 0 0 0 0 0 0 0 0 1 13150.8 13150.8 13150.8 13150.8
0 0 1 0 0 1 0 0 0 0 0 -2.65091e-08 -0 0 0 -0 0 0 0 0 0 0 0 0 0 0 0 0 0 1 13150.8 13150.8 13150.8 13150.8
0 0 1 0 0 1 0 0 0 0 0 -2.87549e-08 -0 0 0 -0 0 0 0 0 0 0 0 0 0 0 0 0 0 1 13150.8 13150.8 13150.8 13150.8
0 0 1 0 0 1 0 0 0 0 0 -2.3525e-08 -0 0 0 -0 0 0 0 0 0 0 0 0 0 0 0 0 0 1 13150.8 13150.8 13150.8 13150.8
0 0 1 0 0 1 0 0 0 0 0 -2.5548e-08 -0 0 0 -0 0 0 0 0 0 0 0 0 0 0 0 0 0 1 13150.8 13150.8 13150.8 13150.8
0 0 1 0 0 1 0 0 0 0 0 -2.78136e-08 -0 0 0 -0 0 0 0 0 0 0 0 0 0 0 0 0 0 1 13150.8 13150.8 13150.8 13150.8
0 0 1 0 0 1 0 0 0 0 0 -2.26689e-08 -0 0 0 -0 0 0 0 0 0 0 0 0 0 0 0 0 0 1 13150.8 13150.8 13150.8 13150.8
0 0 1 0 0 1 0 0 0 0 0 -2.49002e-08 -0 0 0 -0 0 0 0 0 0 0 0 0 0 0 0 0 0 1 13150.8 13150.8 13150.8 13150.8
0 0 1 0 0 1 0 0 0 0 0 -2.71515e-08 -0 0 0 -0 0 0 0 0 0 0 0 0 0 0 0 0 0 1 13150.8 13150.8 13150.8 13150.8
0 0 1 0 0 1 0 0 0 0 0 -2.23221e-08 -0 0 0 -0 0 0 0 0 0 0 0 0 0 0 0 0 0 1 13150.8 13150.8 13150.8 13150.8
0 0 1 0 0 1 0 0 0 0 0 -2.45388e-08 -0 0 0 -0 0 0 0 0 0 0 0 0 0 0 0 0 0 1 13150.8 13150.8 13150.8 13150.8
0 0 1 0 0 1 0 0 0 0 0 -2.67631e-08 -0 0 0 -0 0 0 0 0 0 0 0 0 0 0 0 0 0 1 13150.8 13150.8 13150.8 13150.8
0 0 1 0 0 1 0 0 0 0 0 -2.19755e-08 -0 0 0 -0 0 0 0 0 0 0 0 0 0 0 0 0 0 1 13150.8 13150.8 13150.8 13150.8
0 0 1 0 0 1 0 0 0 0 0 -2.42085e-08 -0 0 0 -0 0 0 0 0 0 0 0 0 0 0 0 0 0 1 13150.8 13150.8 13150.8 13150.8
0 0 1 0 0 1 0 0 0 0 0 -2.64544e-08 -0 0 0 -0 0 0 0 0 0 0 0 0 0 0 0 0 0 1 13150.8 13150.8 13150.8 13150.8
0 0 1 0 0 1 0 0 0 0 0 -2.12511e-08 -0 0 0 -0 0 0 0 0 0 0 0 0 0 0 0 0 0 1 13150.8 13150.8 13150.8 13150.8
0 0 1 0 0 1 0 0 0 0 0 -2.32928e-08 -0 0 0 -0 0 0 0 0 0 0 0 0 0 0 0 0 0 1 13150.8 13150.8 13150.8 13150.8
0 0 1 0 0 1 0 0 0 0 0 -2.55366e-08 -0 0 0 -0 0 0 0 0 0 0 0 0 0 0 0 0 0 1 13150.8 13150.8 13150.8 13150.8
0 0 1 0 0 1 0 0 0 0 0 -2.03474e-08 -0 0 0 -0 0 0 0 0 0 0 0 0 0 0 0 0 0 1 13150.8 13150.8 13150.8 13150.8
0 0 1 0 0 1 0 0 0 0 0 -2.25848e-08 -0 0 0 -0 0 0 0 0 0 0 0 0 0 0 0 0 0 1 13150.8 13150.8 13150.8 13150.8
0 0 1 0 0 1 0 0 0 0 0 -2.46237e-08 -0 0 0 -0 0 0 0 0 0 0 0 0 0 0 0 0 0 1 13150.8 13150.8 13150.8 13150.8
0 0 1 0 0 1 0 0 0 0 0 -1.94431e-08 -0 0 0 -0 0 0 0 0 0 0 0 0 0 0 0 0 0 1 13150.8 13150.8 13150.8 13150.8
0 0 1 0 0 1 0 0 0 0 0 -2.16883e-08 -0 0 0 -0 0 0 0 0 0 0 0 0 0 0 0 0 0 1 13150.8 13150.8 13150.8 13150.8
0 0 1 0 0 1 0 0 0 0 0 -2.39204e-08 -0 0 0 -0 0 0 0 0 0 0 0 0 0 0 0 0 0 1 13150.8 13150.8 13150.8 13150.8
0 0 1 0 0 1 0 0 0 0 0 -1.86937e-08 -0 0 0 -0 0 0 0 0 0 0 0 0 0 0 0 0 0 1 13150.8 13150.8 13150.8 13150.8
0 0 1 0 0 1 0 0 0 0 0 -2.07368e-08 -0 0 0 -0 0 0 0 0 0 0 0 0 0 0 0 0 0 1 13150.8 13150.8 13150.8 13150.8
0 0 1 0 0 1 0 0 0 0 0 -2.2969e-08 -0 0 0 -0 0 0 0 0 0 0 0 0 0 0 0 0 0 1 13150.8 13150.8 13150.8 13150.8
0 0 1 0 0 1 0 0 0 0 0 -1.77488e-08 -0 0 0 -0 0 0 0 0 0 0 0 0 0 0 0 0 0 1 13150.8 13150.8 13150.8 13150.8
0 0 1 0 0 1 0 0 0 0 0 -1.99981e-08 -0 0 0 -0 0 0 0 0 0 0 0 0 0 0 0 0 0 1 13150.8 13150.8 13150.8 13150.8
0 0 1 0 0 1 0 0 0 0 0 -2.20363e-08 -0 0 0 -0 0 0 0 0 0 0 0 0 0 0 0 0 0 1 13150.8 13150.8 13150.8 13150.8
0 0 1 0 0 1 0 0 0 0 0 -1.68376e-08 -0 0 0 -0 0 0 0 0 0 0 0 0 0 0 0 0 0 1 13150.8 13150.8 13150.8 13150.8
0 0 1 0 0 1 0 0 0 0 0 -1.90771e-08 -0 0 0 -0 0 0 0 0 0 0 0 0 0 0 0 0 0 1 13150.8 13150.8 13150.8 13150.8
0 0 1 0 0 1 0 0 0 0 0 -2.11268e-08 -0 0 0 -0 0 0 0 0 0 0 0 0 0 0 0 0 0 1 13150.8 13150.8 13150.8 13150.8
0 0 1 0 0 1 0 0 0 0 0 -1.59573e-08 -0 0 0 -0 0 0 0 0 0 0 0 0 0 0 0 0 0 1 13150.8 13150.8 13150.8 13150.8
0 0 1 0 0 1 0 0 0 0 0 -1.8206e-08 -0 0 0 -0 0 0 0 0 0 0 0 0 0 0 0 0 0 1 13150.8 13150.8 13150.8 13150.8
0 0 1 0 0 1 0 0 0 0 0 -2.04531e-08 -0 0 0 -0 0 0 0 0 0 0 0 0 0 0 0 0 0 1 13150.8 13150.8 13150.8 13150.8
0 0 1 0 0 1 0 0 0 0 0 -2.24948e-08 -0 0 0 -0 0 0 0 0 0 0 0 0 0 0 0 0 0 1 13150.8 13150.8 13150.8 13150.8
0 0 1 0 0 1 0 0 0 0 0 -1.72807e-08 -0 0 0 -0 0 0 0 0 0 0 0 0 0 0 0 0 0 1 13150.8 13150.8 13150.8 13150.8
0 0 1 0 0 1 0 0 0 0 0 -1.97305e-08 -0 0 0 -0 0 0 0 0 0 0 0 0 0 0 0 0 0 1 13150.8 13150.8 13150.8 13150.8
0 0 1 0 0 1 0 0 0 0 0 -2.17484e-08 -0 0 0 -0 0 0 0 0 0 0 0 0 0 0 0 0 0 1 13150.8 13150.8 13150.8 13150.8
0 0 1 0 0 1 0 0 0 0 0 -1.6974e-08 -0 0 0 -0 0 0 0 0 0 0 0 0 0 0 0 0 0 1 13150.8 13150.8 13150.8 13150.8
0 0 1 0 0 1 0 0 0 0 0 -1.92038e-08 -0 0 0 -0 0 0 0 0 0 0 0 0 0 0 0 0 0 1 13150.8 13150.8 13150.8 13150.8
0 0 1 0 0 1 0 0 0 0 0 -2.14487e-08 -0 0 0 -0 0 0 0 0 0 0 0 0 0 0 0 0 0 1 13150.8 13150.8 13150.8 13150.8
0 0 1 0 0 1 0 0 0 0 0 -1.62725e-08 -0 0 0 -0 0 0 0 0 0 0 0 0 0 0 0 0 0 1 13150.8 13150.8 13150.8 13150.8
0 0 1 0 0 1 0 0 0 0 0 -1.85185e-08 -0 0 0 -0 0 0 0 0 0 0 0 0 0 0 0 0 0 1 13150.8 13150.8 13150.8 13150.8
0 0 1 0 0 1 0 0 0 0 0 -2.05572e-08 -0 0 0 -0 0 0 0 0 0 0 0 0 0 0 0 0 0 1 13150.8 13150.8 13150.8 13150.8
0 0 1 0 0 1 0 0 0 0 0 -1.53434e-08 -0 0 0 -0 0 0 0 0 0 0 0 0 0 0 0 0 0 1 13150.8 13150.8 13150.8 13150.8
0 0 1 0 0 1 0 0 0 0 0 -1.76014e-08 -0 0 0 -0 0 0 0 0 0 0 0 0 0 0 0 0 0 1 13150.8 13150.8 13150.8 13150.8
0 0 1 0 0 1 0 0 0 0 0 -1.9626e-08 -0 0 0 -0 0 0 0 0 0 0 0 0 0 0 0 0 0 1 13150.8 13150.8 13150.8 13150.8
0 0 1 0 0 1 0 0 0 0 0 -1.4388e-08 -0 0 0 -0 0 0 0 0 0 0 0 0 0 0 0 0 0 1 13150.8 13150.8 13150.8 13150.8
0 0 1 0 0 1 0 0 0 0 0 -1.66207e-08 -0 0 0 -0 0 0 0 0 0 0 0 0 0 0 0 0 0 1 13150.8 13150.8 13150.8 13150.8
0 0 1 0 0 1 0 0 0 0 0 -1.88613e-08 -0 0 0 -0 0 0 0 0 0 0 0 0 0 0 0 0 0 1 13150.8 13150.8 13150.8 13150.8
0 0 1 0 0 1 0 0 0 0 0 -1.40816e-08 -0 0 0 -0 0 0 0 0 0 0 0 0 0 0 0 0 0 1 13150.8 13150.8 13150.8 13150.8
0 0 1 0 0 1 0 0 0 0 0 -1.63046e-08 -0 0 0 -0 0 0 0 0 0 0 0 0 0 0 0 0 0 1 13150.8 13150.8 13150.8 13150.8
0 0 1 0 0 1 0 0 0 0 0 -1.85428e-08 -0 0 0 -0 0 0 0 0 0 0 0 0 0 0 0 0 0 1 13150.8 13150.8 13150.8 13150.8
0 0 1 0 0 1 0 0 0 0 0 -1.33481e-08 -0 0 0 -0 0 0 0 0 0 0 0 0 0 0 0 0 0 1 13150.8 13150.8 13150.8 13150.8
0 0 1 0 0 1 0 0 0 0 0 -1.53972e-08 -0 0 0 -0 0 0 0 0 0 0 0 0 0 0 0 0 0 1 13150.8 13150.8 13150.8 13150.8
0 0 1 0 0 1 0 0 0 0 0 -1.76528e-08 -0 0 0 -0 0 0 0 0 0 0 0 0 0 0 0 0 0 1 13150.8 13150.8 13150.8 13150.8
0 0 1 0 0 1 0 0 0 0 0 -1.25554e-08 -0 0 0 -0 0 0 0 0 0 0 0 0 0 0 0 0 0 1 13150.8 13150.8 13150.8 13150.8
0 0 1 0 0 1 0 0 0 0 0 -1.25554e-08 -0 0 0 -0 0 0 0 0 0 0 0 0 0 0 0 0 0 1 13150.8 13150.8 13150.8 13150.8
0 0 1 0 0 1 0 0 0 0 0 -1.68724e-08 -0 0 0 -0 0 0 0 0 0 0 0 0 0 0 0 0 0 1 13150.8 13150.8 13150.8 13150.8
0 0 1 0 0 1 0 0 0 0 0 -1.17054e-08 -0 0 0 -0 0 0 0 0 0 0 0 0 0 0 0 0 0 1 13150.8 13150.8 13150.8 13150.8
0 0 1 0 0 1 0 0 0 0 0 -1.39478e-08 -0 0 0 -0 0 0 0 0 0 0 0 0 0 0 0 0 0 1 13150.8 13150.8 13150.8 13150.8
0 0 1 0 0 1 0 0 0 0 0 -1.61861e-08 -0 0 0 -0 0 0 0 0 0 0 0 0 0 0 0 0 0 1 13150.8 13150.8 13150.8 13150.8
0 0 1 0 0 1 0 0 0 0 0 -1.82583e-08 -0 0 0 -0 0 0 0 0 0 0 0 0 0 0 0 0 0 1 13150.8 13150.8 13150.8 13150.8
0 0 1 0 0 1 0 0 0 0 0 -1.31035e-08 -0 0 0 -0 0 0 0 0 0 0 0 0 0 0 0 0 0 1 13150.8 13150.8 13150.8 13150.8
0 0 1 0 0 1 0 0 0 0 0 -1.53378e-08 -0 0 0 -0 0 0 0 0 0 0 0 0 0 0 0 0 0 1 13150.8 13150.8 13150.8 13150.8
0 0 1 0 0 1 0 0 0 0 0 -1.7575e-08 -0 0 0 -0 0 0 0 0 0 0 0 0 0 0 0 0 0 1 13150.8 13150.8 13150.8 13150.8
0 0 1 0 0 1 0 0 0 0 0 -1.27787e-08 -0 0 0 -0 0 0 0 0 0 0 0 0 0 0 0 0 0 1 13150.8 13150.8 13150.8 13150.8
0 0 1 0 0 1 0 0 0 0 0 -1.5027e-08 -0 0 0 -0 0 0 0 0 0 0 0 0 0 0 0 0 0 1 13150.8 13150.8 13150.8 13150.8
0 0 1 0 0 1 0 0 0 0 0 -1.72486e-08 -0 0 0 -0 0 0 0 0 0 0 0 0 0 0 0 0 0 1 13150.8 13150.8 13150.8 13150.8
0 0 1 0 0 1 0 0 0 0 0 -1.19974e-08 -0 0 0 -0 0 0 0 0 0 0 0 0 0 0 0 0 0 1 13150.8 13150.8 13150.8 13150.8
0 0 1 0 0 1 0 0 0 0 0 -1.4019e-08 -0 0 0 -0 0 0 0 0 0 0 0 0 0 0 0 0 0 1 13150.8 13150.8 13150.8 13150.8
0 0 1 0 0 1 0 0 0 0 0 -1.62624e-08 -0 0 0 -0 0 0 0 0 0 0 0 0 0 0 0 0 0 1 13150.8 13150.8 13150.8 13150.8
0 0 1 0 0 1 0 0 0 0 0 -1.10727e-08 -0 0 0 -0 0 0 0 0 0 0 0 0 0 0 0 0 0 1 13150.8 13150.8 13150.8 13150.8
0 0 1 0 0 1 0 0 0 0 0 -1.33057e-08 -0 0 0 -0 0 0 0 0 0 0 0 0 0 0 0 0 0 1 13150.8 13150.8 13150.8 13150.8
0 0 1 0 0 1 0 0 0 0 0 -1.55391e-08 -0 0 0 -0 0 0 0 0 0 0 0 0 0 0 0 0 0 1 13150.8 13150.8 13150.8 13150.8
0 0 1 0 0 1 0 0 0 0 0 -1.08605e-08 -0 0 0 -0 0 0 0 0 0 0 0 0 0 0 0 0 0 1 13150.8 13150.8 13150.8 13150.8
0 0 1 0 0 1 0 0 0 0 0 -1.31296e-08 -0 0 0 -0 0 0 0 0 0 0 0 0 0 0 0 0 0 1 13150.8 13150.8 13150.8 13150.8
0 0 1 0 0 1 0 0 0 0 0 -1.52834e-08 -0 0 0 -0 0 0 0 0 0 0 0 0 0 0 0 0 0 1 13150.8 13150.8 13150.8 13150.8
0 0 1 0 0 1 0 0 0 0 0 -1.03103e-08 -0 0 0 -0 0 0 0 0 0 0 0 0 0 0 0 0 0 1 13150.8 13150.8 13150.8 13150.8
0 0 1 0 0 1 0 0 0 0 0 -1.25857e-08 -0 0 0 -0 0 0 0 0 0 0 0 0 0 0 0 0 0 1 13150.8 13150.8 13150.8 13150.8
0 0 1 0 0 1 0 0 0 0 0 -1.47972e-08 -0 0 0 -0 0 0 0 0 0 0 0 0 0 0 0 0 0 1 13150.8 13150.8 13150.8 13150.8
0 0 1 0 0 1 0 0 0 0 0 -9.53924e-09 -0 0 0 -0 0 0 0 0 0 0 0 0 0 0 0 0 0 1 13150.8 13150.8 13150.8 13150.8
0 0 1 0 0 1 0 0 0 0 0 -1.1558e-08 -0 0 0 -0 0 0 0 0 0 0 0 0 0 0 0 0 0 1 13150.8 13150.8 13150.8 13150.8
0 0 1 0 0 1 0 0 0 0 0 -1.38111e-08 -0 0 0 -0 0 0 0 0 0 0 0 0 0 0 0 0 0 1 13150.8 13150.8 13150.8 13150.8
0 0 1 0 0 1 0 0 0 0 0 -8.566e-09 -0 0 0 -0 0 0 0 0 0 0 0 0 0 0 0 0 0 1 13150.8 13150.8 13150.8 13150.8
0 0 1 0 0 1 0 0 0 0 0 -1.06659e-08 -0 0 0 -0 0 0 0 0 0 0 0 0 0 0 0 0 0 1 13150.8 13150.8 13150.8 13150.8
0 0 1 0 0 1 0 0 0 0 0 -1.28565e-08 -0 0 0 -0 0 0 0 0 0 0 0 0 0 0 0 0 0 1 13150.8 13150.8 13150.8 13150.8
0 0 1 0 0 1 0 0 0 0 0 -1.50788e-08 -0 0 0 -0 0 0 0 0 0 0 0 0 0 0 0 0 0 1 13150.8 13150.8 13150.8 13150.8
0 0 1 0 0 1 0 0 0 0 0 -9.82207e-09 -0 0 0 -0 0 0 0 0 0 0 0 0 0 0 0 0 0 1 13150.8 13150.8 13150.8 13150.8
0 0 1 0 0 1 0 0 0 0 0 -1.19148e-08 -0 0 0 -0 0 0 0 0 0 0 0 0 0 0 0 0 0 1 13150.8 13150.8 13150.8 13150.8
0 0 1 0 0 1 0 0 0 0 0 -1.40948e-08 -0 0 0 -0 0 0 0 0 0 0 0 0 0 0 0 0 0 1 13150.8 13150.8 13150.8 13150.8
0 0 1 0 0 1 0 0 0 0 0 -8.97055e-09 -0 0 0 -0 0 0 0 0 0 0 0 0 0 0 0 0 0 1 13150.8 13150.8 13150.8 13150.8
0 0 1 0 0 1 0 0 0 0 0 -1.12385e-08 -0 0 0 -0 0 0 0 0 0 0 0 0 0 0 0 0 0 1 13150.8 13150.8 13150.8 13150.8
0 0 1 0 0 1 0 0 0 0 0 -1.33495e-08 -0 0 0 -0 0 0 0 0 0 0 0 0 0 0 0 0 0 1 13150.8 13150.8 13150.8 13150.8
0 0 1 0 0 1 0 0 0 0 0 -8.27195e-09 -0 0 0 -0 0 0 0 0 0 0 0 0 0 0 0 0 0 1 13150.8 13150.8 13150.8 13150.8
0 0 1 0 0 1 0 0 0 0 0 -1.04853e-08 -0 0 0 -0 0 0 0 0 0 0 0 0 0 0 0 0 0 1 13150.8 13150.8 13150.8 13150.8
0 0 1 0 0 1 0 0 0 0 0 -1.26942e-08 -0 0 0 -0 0 0 0 0 0 0 0 0 0 0 0 0 0 1 13150.8 13150.8 13150.8 13150.8
0 0 1 0 0 1 0 0 0 0 0 -7.43014e-09 -0 0 0 -0 0 0 0 0 0 0 0 0 0 0 0 0 0 1 13150.8 13150.8 13150.8 13150.8
0 0 1 0 0 1 0 0 0 0 0 -9.46778e-09 -0 0 0 -0 0 0 0 0 0 0 0 0 0 0 0 0 0 1 13150.8 13150.8 13150.8 13150.8
0 0 1 0 0 1 0 0 0 0 0 -1.17035e-08 -0 0 0 -0 0 0 0 0 0 0 0 0 0 0 0 0 0 1 13150.8 13150.8 13150.8 13150.8
0 0 1 0 0 1 0 0 0 0 0 -1.39585e-08 -0 0 0 -0 0 0 0 0 0 0 0 0 0 0 0 0 0 1 13150.8 13150.8 13150.8 13150.8
0 0 1 0 0 1 0 0 0 0 0 -9.03399e-09 -0 0 0 -0 0 0 0 0 0 0 0 0 0 0 0 0 0 1 13150.8 13150.8 13150.8 13150.8
0 0 1 0 0 1 0 0 0 0 0 -1.12118e-08 -0 0 0 -0 0 0 0 0 0 0 0 0 0 0 0 0 0 1 13150.8 13150.8 13150.8 13150.8
0 0 1 0 0 1 0 0 0 0 0 -1.34482e-08 -0 0 0 -0 0 0 0 0 0 0 0 0 0 0 0 0 0 1 13150.8 13150.8 13150.8 13150.8
0 0 1 0 0 1 0 0 0 0 0 -8.25028e-09 -0 0 0 -0 0 0 0 0 0 0 0 0 0 0 0 0 0 1 13150.8 13150.8 13150.8 13150.8
0 0 1 0 0 1 0 0 0 0 0 -1.04919e-08 -0 0 0 -0 0 0 0 0 0 0 0 0 0 0 0 0 0 1 13150.8 13150.8 13150.8 13150.8
0 0 1 0 0 1 0 0 0 0 0 -1.25341e-08 -0 0 0 -0 0 0 0 0 0 0 0 0 0 0 0 0 0 1 13150.8 13150.8 13150.8 13150.8
0 0 1 0 0 1 0 0 0 0 0 -7.32783e-09 -0 0 0 -0 0 0 0 0 0 0 0 0 0 0 0 0 0 1 13150.8 13150.8 13150.8 13150.8
0 0 1 0 0 1 0 0 0 0 0 -9.55201e-09 -0 0 0 -0 0 0 0 0 0 0 0 0 0 0 0 0 0 1 13150.8 13150.8 13150.8 13150.8
0 0 1 0 0 1 0 0 0 0 0 -1.18005e-08 -0 0 0 -0 0 0 0 0 0 0 0 0 0 0 0 0 0 1 13150.8 13150.8 13150.8 13150.8
0 0 1 0 0 1 0 0 0 0 0 -7.03907e-09 -0 0 0 -0 0 0 0 0 0 0 0 0 0 0 0 0 0 1 13150.8 13150.8 13150.8 13150.8
0 0 1 0 0 1 0 0 0 0 0 -9.27042e-09 -0 0 0 -0 0 0 0 0 0 0 0 0 0 0 0 0 0 1 13150.8 13150.8 13150.8 13150.8
0 0 1 0 0 1 0 0 0 0 0 -1.15137e-08 -0 0 0 -0 0 0 0 0 0 0 0 0 0 0 0 0 0 1 13150.8 13150.8 13150.8 13150.8
0 0 1 0 0 1 0 0 0 0 0 -6.28242e-09 -0 0 0 -0 0 0 0 0 0 0 0 0 0 0 0 0 0 1 13150.8 13150.8 13150.8 13150.8
0 0 1 0 0 1 0 0 0 0 0 -8.31186e-09 -0 0 0 -0 0 0 0 0 0 0 0 0 0 0 0 0 0 1 13150.8 13150.8 13150.8 13150.8
0 0 1 0 0 1 0 0 0 0 0 -1.05539e-08 -0 0 0 -0 0 0 0 0 0 0 0 0 0 0 0 0 0 1 13150.8 13150.8 13150.8 13150.8
0 0 1 0 0 1 0 0 0 0 0 -5.33366e-09 -0 0 0 -0 0 0 0 0 0 0 0 0 0 0 0 0 0 1 13150.8 13150.8 13150.8 13150.8
0 0 1 0 0 1 0 0 0 0 0 -7.54647e-09 -0 0 0 -0 0 0 0 0 0 0 0 0 0 0 0 0 0 1 13150.8 13150.8 13150.8 13150.8
0 0 1 0 0 1 0 0 0 0 0 -9.60523e-09 -0 0 0 -0 0 0 0 0 0 0 0 0 0 0 0 0 0 1 13150.8 13150.8 13150.8 13150.8
0 0 1 0 0 1 0 0 0 0 0 -1.18425e-08 -0 0 0 -0 0 0 0 0 0 0 0 0 0 0 0 0 0 1 13150.8 13150.8 13150.8 13150.8
0 0 1 0 0 1 0 0 0 0 0 -6.56872e-09 -0 0 0 -0 0 0 0 0 0 0 0 0 0 0 0 0 0 1 13150.8 13150.8 13150.8 13150.8
0 0 1 0 0 1 0 0 0 0 0 -8.79685e-09 -0 0 0 -0 0 0 0 0 0 0 0 0 0 0 0 0 0 1 13150.8 13150.8 13150.8 13150.8
0 0 1 0 0 1 0 0 0 0 0 -1.08157e-08 -0 0 0 -0 0 0 0 0 0 0 0 0 0 0 0 0 0 1 13150.8 13150.8 13150.8 13150.8
0 0 1 0 0 1 0 0 0 0 0 -5.61803e-09 -0 0 0 -0 0 0 0 0 0 0 0 0 0 0 0 0 0 1 13150.8 13150.8 13150.8 13150.8
0 0 1 0 0 1 0 0 0 0 0 -7.9255e-09 -0 0 0 -0 0 0 0 0 0 0 0 0 0 0 0 0 0 1 13150.8 13150.8 13150.8 13150.8
0 0 1 0 0 1 0 0 0 0 0 -1.01026e-08 -0 0 0 -0 0 0 0 0 0 0 0 0 0 0 0 0 0 1 13150.8 13150.8 13150.8 13150.8
0 0 1 0 0 1 0 0 0 0 0 -5.19466e-09 -0 0 0 -0 0 0 0 0 0 0 0 0 0 0 0 0 0 1 13150.8 13150.8 13150.8 13150.8
0 0 1 0 0 1 0 0 0 0 0 -7.37292e-09 -0 0 0 -0 0 0 0 0 0 0 0 0 0 0 0 0 0 1 13150.8 13150.8 13150.8 13150.8
0 0 1 0 0 1 0 0 0 0 0 -9.61123e-09 -0 0 0 -0 0 0 0 0 0 0 0 0 0 0 0 0 0 1 13150.8 13150.8 13150.8 13150.8
0 0 1 0 0 1 0 0 0 0 0 -1.18369e-08 -0 0 0 -0 0 0 0 0 0 0 0 0 0 0 0 0 0 1 13150.8 13150.8 13150.8 13150.8
0 0 1 0 0 1 0 0 0 0 0 -7.0843e-09 -0 0 0 -0 0 0 0 0 0 0 0 0 0 0 0 0 0 1 13150.8 13150.8 13150.8 13150.8
0 0 1 0 0 1 0 0 0 0 0 -1.88662e-09 -0 0 0 -0 0 0 0 0 0 0 0 0 0 0 0 0 0 1 13150.8 13150.8 13150.8 13150.8
0 0 1 0 0 1 0 0 0 0 0 -4.12829e-09 -0 0 0 -0 0 0 0 0 0 0 0 0 0 0 0 0 0 1 13150.8 13150.8 13150.8 13150.8
0 0 1 0 0 1 0 0 0 0 0 -6.36785e-09 -0 0 0 -0 0 0 0 0 0 0 0 0 0 0 0 0 0 1 13150.8 13150.8 13150.8 13150.8
0 0 1 0 0 1 0 0 0 0 0 -1.06456e-08 -0 0 0 -0 0 0 0 0 0 0 0 0 0 0 0 0 0 1 13150.8 13150.8 13150.8 13150.8
0 0 1 0 0 1 0 0 0 0 0 -1.28877e-08 -0 0 0 -0 0 0 0 0 0 0 0 0 0 0 0 0 0 1 13150.8 13150.8 13150.8 13150.8
0 0 1 0 0 1 0 0 0 0 0 -7.76583e-09 -0 0 0 -0 0 0 0 0 0 0 0 0 0 0 0 0 0 1 13150.8 13150.8 13150.8 13150.8
0 0 1 0 0 1 0 0 0 0 0 2.26632e-09 -0 0 0 -0 0 0 0 0 0 0 0 0 0 0 0 0 0 1 13150.8 13150.8 13150.8 13150.8
0 0 1 0 0 1 0 0 0 0 0 -6.99493e-10 -0 0 0 -0 0 0 0 0 0 0 0 0 0 0 0 0 0 1 13150.8 13150.8 13150.8 13150.8
0 0 1 0 0 1 0 0 0 0 0 -2.19009e-09 -0 0 0 -0 0 0 0 0 0 0 0 0 0 0 0 0 0 1 13150.8 13150.8 13150.8 13150.8
0 0 1 0 0 1 0 0 0 0 0 -6.49299e-09 -0 0 0 -0 0 0 0 0 0 0 0 0 0 0 0 0 0 1 13150.8 13150.8 13150.8 13150.8
0 0 1 0 0 1 0 0 0 0 0 -6.49299e-09 -0 0 0 -0 0 0 0 0 0 0 0 0 0 0 0 0 0 1 13150.8 13150.8 13150.8 13150.8
0 0 1 0 0 1 0 0 0 0 0 -8.73178e-09 -0 0 0 -0 0 0 0 0 0 0 0 0 0 0 0 0 0 1 13150.8 13150.8 13150.8 13150.8
0 0 1 0 0 1 0 0 0 0 0 -1.09753e-08 -0 0 0 -0 0 0 0 0 0 0 0 0 0 0 0 0 0 1 13150.8 13150.8 13150.8 13150.8
0 0 1 0 0 1 0 0 0 0 0 -6.20991e-09 -0 0 0 -0 0 0 0 0 0 0 0 0 0 0 0 0 0 1 13150.8 13150.8 13150.8 13150.8
0 0 1 0 0 1 0 0 0 0 0 -1.00793e-09 -0 0 0 -0 0 0 0 0 0 0 0 0 0 0 0 0 0 1 13150.8 13150.8 13150.8 13150.8
0 0 1 0 0 1 0 0 0 0 0 -3.24877e-09 -0 0 0 -0 0 0 0 0 0 0 0 0 0 0 0 0 0 1 13150.8 13150.8 13150.8 13150.8
0 0 1 0 0 1 0 0 0 0 0 -5.48055e-09 -0 0 0 -0 0 0 0 0 0 0 0 0 0 0 0 0 0 1 13150.8 13150.8 13150.8 13150.8
0 0 1 0 0 1 0 0 0 0 0 -7.54667e-09 -0 0 0 -0 0 0 0 0 0 0 0 0 0 0 0 0 0 1 13150.8 13150.8 13150.8 13150.8
0 0 1 0 0 1 0 0 0 0 0 -9.75097e-09 -0 0 0 -0 0 0 0 0 0 0 0 0 0 0 0 0 0 1 13150.8 13150.8 13150.8 13150.8
0 0 1 0 0 1 0 0 0 0 0 -1.2011e-08 -0 0 0 -0 0 0 0 0 0 0 0 0 0 0 0 0 0 1 13150.8 13150.8 13150.8 13150.8
0 0 1 0 0 1 0 0 0 0 0 -6.7895e-09 -0 0 0 -0 0 0 0 0 0 0 0 0 0 0 0 0 0 1 13150.8 13150.8 13150.8 13150.8
0 0 1 0 0 1 0 0 0 0 0 -2.03201e-09 -0 0 0 -0 0 0 0 0 0 0 0 0 0 0 0 0 0 1 13150.8 13150.8 13150.8 13150.8
0 0 1 0 0 1 0 0 0 0 0 -4.26179e-09 -0 0 0 -0 0 0 0 0 0 0 0 0 0 0 0 0 0 1 13150.8 13150.8 13150.8 13150.8
0 0 1 0 0 1 0 0 0 0 0 -6.49124e-09 -0 0 0 -0 0 0 0 0 0 0 0 0 0 0 0 0 0 1 13150.8 13150.8 13150.8 13150.8
0 0 1 0 0 1 0 0 0 0 0 -8.67607e-09 -0 0 0 -0 0 0 0 0 0 0 0 0 0 0 0 0 0 1 13150.8 13150.8 13150.8 13150.8
0 0 1 0 0 1 0 0 0 0 0 -1.09979e-08 -0 0 0 -0 0 0 0 0 0 0 0 0 0 0 0 0 0 1 13150.8 13150.8 13150.8 13150.8
0 0 1 0 0 1 0 0 0 0 0 -7.77275e-09 -0 0 0 -0 0 0 0 0 0 0 0 0 0 0 0 0 0 1 13150.8 13150.8 13150.8 13150.8
0 0 1 0 0 1 0 0 0 0 0 -7.77275e-09 -0 0 0 -0 0 0 0 0 0 0 0 0 0 0 0 0 0 1 13150.8 13150.8 13150.8 13150.8
0 0 1 0 0 1 0 0 0 0 0 5.09554e-10 -0 0 0 -0 0 0 0 0 0 0 0 0 0 0 0 0 0 1 13150.8 13150.8 13150.8 13150.8
0 0 1 0 0 1 0 0 0 0 0 7.38038e-09 -0 0 0 -0 0 0 0 0 0 0 0 0 0 0 0 0 0 1 13150.8 13150.8 13150.8 13150.8
0 0 1 0 0 1 0 0 0 0 0 5.14052e-09 -0 0 0 -0 0 0 0 0 0 0 0 0 0 0 0 0 0 1 13150.8 13150.8 13150.8 13150.8
0 0 1 0 0 1 0 0 0 0 0 2.89727e-09 -0 0 0 -0 0 0 0 0 0 0 0 0 0 0 0 0 0 1 13150.8 13150.8 13150.8 13150.8
0 0 1 0 0 1 0 0 0 0 0 8.48819e-10 -0 0 0 -0 0 0 0 0 0 0 0 0 0 0 0 0 0 1 13150.8 13150.8 13150.8 13150.8
0 0 1 0 0 1 0 0 0 0 0 -1.38204e-09 -0 0 0 -0 0 0 0 0 0 0 0 0 0 0 0 0 0 1 13150.8 13150.8 13150.8 13150.8
0 0 1 0 0 1 0 0 0 0 0 -3.61876e-09 -0 0 0 -0 0 0 0 0 0 0 0 0 0 0 0 0 0 1 13150.8 13150.8 13150.8 13150.8
0 0 1 0 0 1 0 0 0 0 0 -3.61876e-09 -0 0 0 -0 0 0 0 0 0 0 0 0 0 0 0 0 0 1 13150.8 13150.8 13150.8 13150.8
0 0 1 0 0 1 0 0 0 0 0 -5.86073e-09 -0 0 0 -0 0 0 0 0 0 0 0 0 0 0 0 0 0 1 13150.8 13150.8 13150.8 13150.8
0 0 1 0 0 1 0 0 0 0 0 -1.01125e-08 -0 0 0 -0 0 0 0 0 0 0 0 0 0 0 0 0 0 1 13150.8 13150.8 13150.8 13150.8
0 0 1 0 0 1 0 0 0 0 0 -1.23789e-08 -0 0 0 -0 0 0 0 0 0 0 0 0 0 0 0 0 0 1 13150.8 13150.8 13150.8 13150.8
0 0 1 0 0 1 0 0 0 0 0 -2.41673e-09 -0 0 0 -0 0 0 0 0 0 0 0 0 0 0 0 0 0 1 13150.8 13150.8 13150.8 13150.8
0 0 1 0 0 1 0 0 0 0 0 2.80719e-09 -0 0 0 -0 0 0 0 0 0 0 0 0 0 0 0 0 0 1 13150.8 13150.8 13150.8 13150.8
0 0 1 0 0 1 0 0 0 0 0 5.75876e-10 -0 0 0 -0 0 0 0 0 0 0 0 0 0 0 0 0 0 1 13150.8 13150.8 13150.8 13150.8
0 0 1 0 0 1 0 0 0 0 0 5.75876e-10 -0 0 0 -0 0 0 0 0 0 0 0 0 0 0 0 0 0 1 13150.8 13150.8 13150.8 13150.8
0 0 1 0 0 1 0 0 0 0 0 -1.58678e-09 -0 0 0 -0 0 0 0 0 0 0 0 0 0 0 0 0 0 1 13150.8 13150.8 13150.8 13150.8
0 0 1 0 0 1 0 0 0 0 0 -3.91363e-09 -0 0 0 -0 0 0 0 0 0 0 0 0 0 0 0 0 0 1 13150.8 13150.8 13150.8 13150.8
0 0 1 0 0 1 0 0 0 0 0 -5.94753e-09 -0 0 0 -0 0 0 0 0 0 0 0 0 0 0 0 0 0 1 13150.8 13150.8 13150.8 13150.8
0 0 1 0 0 1 0 0 0 0 0 -8.18327e-09 -0 0 0 -0 0 0 0 0 0 0 0 0 0 0 0 0 0 1 13150.8 13150.8 13150.8 13150.8
0 0 1 0 0 1 0 0 0 0 0 -1.24608e-08 -0 0 0 -0 0 0 0 0 0 0 0 0 0 0 0 0 0 1 13150.8 13150.8 13150.8 13150.8
0 0 1 0 0 1 0 0 0 0 0 -7.22526e-09 -0 0 0 -0 0 0 0 0 0 0 0 0 0 0 0 0 0 1 13150.8 13150.8 13150.8 13150.8
0 0 1 0 0 1 0 0 0 0 0 -2.02609e-09 -0 0 0 -0 0 0 0 0 0 0 0 0 0 0 0 0 0 1 13150.8 13150.8 13150.8 13150.8
0 0 1 0 0 1 0 0 0 0 0 -2.02609e-09 -0 0 0 -0 0 0 0 0 0 0 0 0 0 0 0 0 0 1 13150.8 13150.8 13150.8 13150.8
0 0 1 0 0 1 0 0 0 0 0 -4.26931e-09 -0 0 0 -0 0 0 0 0 0 0 0 0 0 0 0 0 0 1 13150.8 13150.8 13150.8 13150.8
0 0 1 0 0 1 0 0 0 0 0 -8.55381e-09 -0 0 0 -0 0 0 0 0 0 0 0 0 0 0 0 0 0 1 13150.8 13150.8 13150.8 13150.8
0 0 1 0 0 1 0 0 0 0 0 -8.55381e-09 -0 0 0 -0 0 0 0 0 0 0 0 0 0 0 0 0 0 1 13150.8 13150.8 13150.8 13150.8
0 0 1 0 0 1 0 0 0 0 0 -3.3627e-09 -0 0 0 -0 0 0 0 0 0 0 0 0 0 0 0 0 0 1 13150.8 13150.8 13150.8 13150.8
0 0 1 0 0 1 0 0 0 0 0 1.84487e-09 -0 0 0 -0 0 0 0 0 0 0 0 0 0 0 0 0 0 1 13150.8 13150.8 13150.8 13150.8
0 0 1 0 0 1 0 0 0 0 0 -1.99381e-10 -0 0 0 -0 0 0 0 0 0 0 0 0 0 0 0 0 0 1 13150.8 13150.8 13150.8 13150.8
0 0 1 0 0 1 0 0 0 0 0 -2.40317e-09 -0 0 0 -0 0 0 0 0 0 0 0 0 0 0 0 0 0 1 13150.8 13150.8 13150.8 13150.8
0 0 1 0 0 1 0 0 0 0 0 -4.67182e-09 -0 0 0 -0 0 0 0 0 0 0 0 0 0 0 0 0 0 1 13150.8 13150.8 13150.8 13150.8
0 0 1 0 0 1 0 0 0 0 0 -6.91208e-09 -0 0 0 -0 0 0 0 0 0 0 0 0 0 0 0 0 0 1 13150.8 13150.8 13150.8 13150.8
0 0 1 0 0 1 0 0 0 0 0 -8.95912e-09 -0 0 0 -0 0 0 0 0 0 0 0 0 0 0 0 0 0 1 13150.8 13150.8 13150.8 13150.8
0 0 1 0 0 1 0 0 0 0 0 -3.76307e-09 -0 0 0 -0 0 0 0 0 0 0 0 0 0 0 0 0 0 1 13150.8 13150.8 13150.8 13150.8
0 0 1 0 0 1 0 0 0 0 0 1.27051e-09 -0 0 0 -0 0 0 0 0 0 0 0 0 0 0 0 0 0 1 13150.8 13150.8 13150.8 13150.8
0 0 1 0 0 1 0 0 0 0 0 -9.46697e-10 -0 0 0 -0 0 0 0 0 0 0 0 0 0 0 0 0 0 1 13150.8 13150.8 13150.8 13150.8
0 0 1 0 0 1 0 0 0 0 0 -3.28258e-09 -0 0 0 -0 0 0 0 0 0 0 0 0 0 0 0 0 0 1 13150.8 13150.8 13150.8 13150.8
0 0 1 0 0 1 0 0 0 0 0 -5.331e-09 -0 0 0 -0 0 0 0 0 0 0 0 0 0 0 0 0 0 1 13150.8 13150.8 13150.8 13150.8
0 0 1 0 0 1 0 0 0 0 0 -7.56941e-09 -0 0 0 -0 0 0 0 0 0 0 0 0 0 0 0 0 0 1 13150.8 13150.8 13150.8 13150.8
0 0 1 0 0 1 0 0 0 0 0 -1.18485e-08 -0 0 0 -0 0 0 0 0 0 0 0 0 0 0 0 0 0 1 13150.8 13150.8 13150.8 13150.8
0 0 1 0 0 1 0 0 0 0 0 -1.18485e-08 -0 0 0 -0 0 0 0 0 0 0 0 0 0 0 0 0 0 1 13150.8 13150.8 13150.8 13150.8
0 0 1 0 0 1 0 0 0 0 0 -6.64056e-09 -0 0 0 -0 0 0 0 0 0 0 0 0 0 0 0 0 0 1 13150.8 13150.8 13150.8 13150.8
0 0 1 0 0 1 0 0 0 0 0 -1.42843e-09 -0 0 0 -0 0 0 0 0 0 0 0 0 0 0 0 0 0 1 13150.8 13150.8 13150.8 13150.8
0 0 1 0 0 1 0 0 0 0 0 3.77136e-09 -0 0 0 -0 0 0 0 0 0 0 0 0 0 0 0 0 0 1 13150.8 13150.8 13150.8 13150.8
0 0 1 0 0 1 0 0 0 0 0 1.72619e-09 -0 0 0 -0 0 0 0 0 0 0 0 0 0 0 0 0 0 1 13150.8 13150.8 13150.8 13150.8
0 0 1 0 0 1 0 0 0 0 0 -5.0948e-10 -0 0 0 -0 0 0 0 0 0 0 0 0 0 0 0 0 0 1 13150.8 13150.8 13150.8 13150.8
0 0 1 0 0 1 0 0 0 0 0 -2.75568e-09 -0 0 0 -0 0 0 0 0 0 0 0 0 0 0 0 0 0 1 13150.8 13150.8 13150.8 13150.8
0 0 1 0 0 1 0 0 0 0 0 -7.03299e-09 -0 0 0 -0 0 0 0 0 0 0 0 0 0 0 0 0 0 1 13150.8 13150.8 13150.8 13150.8
0 0 1 0 0 1 0 0 0 0 0 -9.23335e-09 -0 0 0 -0 0 0 0 0 0 0 0 0 0 0 0 0 0 1 13150.8 13150.8 13150.8 13150.8
0 0 1 0 0 1 0 0 0 0 0 -9.23335e-09 -0 0 0 -0 0 0 0 0 0 0 0 0 0 0 0 0 0 1 13150.8 13150.8 13150.8 13150.8
0 0 1 0 0 1 0 0 0 0 0 -3.88791e-09 -0 0 0 -0 0 0 0 0 0 0 0 0 0 0 0 0 0 1 13150.8 13150.8 13150.8 13150.8
0 0 1 0 0 1 0 0 0 0 0 1.30601e-09 -0 0 0 -0 0 0 0 0 0 0 0 0 0 0 0 0 0 1 13150.8 13150.8 13150.8 13150.8
0 0 1 0 0 1 0 0 0 0 0 -7.27315e-10 -0 0 0 -0 0 0 0 0 0 0 0 0 0 0 0 0 0 1 13150.8 13150.8 13150.8 13150.8
0 0 1 0 0 1 0 0 0 0 0 -2.96304e-09 -0 0 0 -0 0 0 0 0 0 0 0 0 0 0 0 0 0 1 13150.8 13150.8 13150.8 13150.8
0 0 1 0 0 1 0 0 0 0 0 -5.14297e-09 -0 0 0 -0 0 0 0 0 0 0 0 0 0 0 0 0 0 1 13150.8 13150.8 13150.8 13150.8
0 0 1 0 0 1 0 0 0 0 0 -7.35034e-09 -0 0 0 -0 0 0 0 0 0 0 0 0 0 0 0 0 0 1 13150.8 13150.8 13150.8 13150.8
0 0 1 0 0 1 0 0 0 0 0 -9.68139e-09 -0 0 0 -0 0 0 0 0 0 0 0 0 0 0 0 0 0 1 13150.8 13150.8 13150.8 13150.8
0 0 1 0 0 1 0 0 0 0 0 -4.9459e-09 -0 0 0 -0 0 0 0 0 0 0 0 0 0 0 0 0 0 1 13150.8 13150.8 13150.8 13150.8
0 0 1 0 0 1 0 0 0 0 0 2.60457e-10 -0 0 0 -0 0 0 0 0 0 0 0 0 0 0 0 0 0 1 13150.8 13150.8 13150.8 13150.8
0 0 1 0 0 1 0 0 0 0 0 -1.97964e-09 -0 0 0 -0 0 0 0 0 0 0 0 0 0 0 0 0 0 1 13150.8 13150.8 13150.8 13150.8
0 0 1 0 0 1 0 0 0 0 0 -4.05358e-09 -0 0 0 -0 0 0 0 0 0 0 0 0 0 0 0 0 0 1 13150.8 13150.8 13150.8 13150.8
0 0 1 0 0 1 0 0 0 0 0 -6.58419e-09 -0 0 0 -0 0 0 0 0 0 0 0 0 0 0 0 0 0 1 13150.8 13150.8 13150.8 13150.8
0 0 1 0 0 1 0 0 0 0 0 -8.50655e-09 -0 0 0 -0 0 0 0 0 0 0 0 0 0 0 0 0 0 1 13150.8 13150.8 13150.8 13150.8
0 0 1 0 0 1 0 0 0 0 0 -3.53084e-09 -0 0 0 -0 0 0 0 0 0 0 0 0 0 0 0 0 0 1 13150.8 13150.8 13150.8 13150.8
0 0 1 0 0 1 0 0 0 0 0 1.8896e-09 -0 0 0 -0 0 0 0 0 0 0 0 0 0 0 0 0 0 1 13150.8 13150.8 13150.8 13150.8
0 0 1 0 0 1 0 0 0 0 0 -1.76509e-10 -0 0 0 -0 0 0 0 0 0 0 0 0 0 0 0 0 0 1 13150.8 13150.8 13150.8 13150.8
0 0 1 0 0 1 0 0 0 0 0 -2.39988e-09 -0 0 0 -0 0 0 0 0 0 0 0 0 0 0 0 0 0 1 13150.8 13150.8 13150.8 13150.8
0 0 1 0 0 1 0 0 0 0 0 -4.62114e-09 -0 0 0 -0 0 0 0 0 0 0 0 0 0 0 0 0 0 1 13150.8 13150.8 13150.8 13150.8
0 0 1 0 0 1 0 0 0 0 0 -6.90492e-09 -0 0 0 -0 0 0 0 0 0 0 0 0 0 0 0 0 0 1 13150.8 13150.8 13150.8 13150.8
0 0 1 0 0 1 0 0 0 0 0 -8.92006e-09 -0 0 0 -0 0 0 0 0 0 0 0 0 0 0 0 0 0 1 13150.8 13150.8 13150.8 13150.8
0 0 1 0 0 1 0 0 0 0 0 -3.82947e-09 -0 0 0 -0 0 0 0 0 0 0 0 0 0 0 0 0 0 1 13150.8 13150.8 13150.8 13150.8
0 0 1 0 0 1 0 0 0 0 0 1.31484e-09 -0 0 0 -0 0 0 0 0 0 0 0 0 0 0 0 0 0 1 13150.8 13150.8 13150.8 13150.8
0 0 1 0 0 1 0 0 0 0 0 -1.02288e-09 -0 0 0 -0 0 0 0 0 0 0 0 0 0 0 0 0 0 1 13150.8 13150.8 13150.8 13150.8
0 0 1 0 0 1 0 0 0 0 0 -3.06092e-09 -0 0 0 -0 0 0 0 0 0 0 0 0 0 0 0 0 0 1 13150.8 13150.8 13150.8 13150.8
0 0 1 0 0 1 0 0 0 0 0 -5.30154e-09 -0 0 0 -0 0 0 0 0 0 0 0 0 0 0 0 0 0 1 13150.8 13150.8 13150.8 13150.8
0 0 1 0 0 1 0 0 0 0 0 -7.52603e-09 -0 0 0 -0 0 0 0 0 0 0 0 0 0 0 0 0 0 1 13150.8 13150.8 13150.8 13150.8
0 0 1 0 0 1 0 0 0 0 0 -2.77276e-09 -0 0 0 -0 0 0 0 0 0 0 0 0 0 0 0 0 0 1 13150.8 13150.8 13150.8 13150.8
0 0 1 0 0 1 0 0 0 0 0 2.47367e-09 -0 0 0 -0 0 0 0 0 0 0 0 0 0 0 0 0 0 1 13150.8 13150.8 13150.8 13150.8
0 0 1 0 0 1 0 0 0 0 0 2.51044e-10 -0 0 0 -0 0 0 0 0 0 0 0 0 0 0 0 0 0 1 13150.8 13150.8 13150.8 13150.8
0 0 1 0 0 1 0 0 0 0 0 -1.87978e-09 -0 0 0 -0 0 0 0 0 0 0 0 0 0 0 0 0 0 1 13150.8 13150.8 13150.8 13150.8
0 0 1 0 0 1 0 0 0 0 0 -4.23018e-09 -0 0 0 -0 0 0 0 0 0 0 0 0 0 0 0 0 0 1 13150.8 13150.8 13150.8 13150.8
0 0 1 0 0 1 0 0 0 0 0 -6.26566e-09 -0 0 0 -0 0 0 0 0 0 0 0 0 0 0 0 0 0 1 13150.8 13150.8 13150.8 13150.8
0 0 1 0 0 1 0 0 0 0 0 -8.7519e-09 -0 0 0 -0 0 0 0 0 0 0 0 0 0 0 0 0 0 1 13150.8 13150.8 13150.8 13150.8
0 0 1 0 0 1 0 0 0 0 0 -4.11493e-09 -0 0 0 -0 0 0 0 0 0 0 0 0 0 0 0 0 0 1 13150.8 13150.8 13150.8 13150.8
0 0 1 0 0 1 0 0 0 0 0 6.48907e-10 -0 0 0 -0 0 0 0 0 0 0 0 0 0 0 0 0 0 1 13150.8 13150.8 13150.8 13150.8
0 0 1 0 0 1 0 0 0 0 0 -1.57729e-09 -0 0 0 -0 0 0 0 0 0 0 0 0 0 0 0 0 0 1 13150.8 13150.8 13150.8 13150.8
0 0 1 0 0 1 0 0 0 0 0 -3.81707e-09 -0 0 0 -0 0 0 0 0 0 0 0 0 0 0 0 0 0 1 13150.8 13150.8 13150.8 13150.8
0 0 1 0 0 1 0 0 0 0 0 -6.05672e-09 -0 0 0 -0 0 0 0 0 0 0 0 0 0 0 0 0 0 1 13150.8 13150.8 13150.8 13150.8
0 0 1 0 0 1 0 0 0 0 0 -8.10632e-09 -0 0 0 -0 0 0 0 0 0 0 0 0 0 0 0 0 0 1 13150.8 13150.8 13150.8 13150.8
0 0 1 0 0 1 0 0 0 0 0 -2.91649e-09 -0 0 0 -0 0 0 0 0 0 0 0 0 0 0 0 0 0 1 13150.8 13150.8 13150.8 13150.8
0 0 1 0 0 1 0 0 0 0 0 2.27567e-09 -0 0 0 -0 0 0 0 0 0 0 0 0 0 0 0 0 0 1 13150.8 13150.8 13150.8 13150.8
0 0 1 0 0 1 0 0 0 0 0 2.41392e-11 -0 0 0 -0 0 0 0 0 0 0 0 0 0 0 0 0 0 1 13150.8 13150.8 13150.8 13150.8
0 0 1 0 0 1 0 0 0 0 0 -2.21043e-09 -0 0 0 -0 0 0 0 0 0 0 0 0 0 0 0 0 0 1 13150.8 13150.8 13150.8 13150.8
0 0 1 0 0 1 0 0 0 0 0 -4.2603e-09 -0 0 0 -0 0 0 0 0 0 0 0 0 0 0 0 0 0 1 13150.8 13150.8 13150.8 13150.8
0 0 1 0 0 1 0 0 0 0 0 -6.49021e-09 -0 0 0 -0 0 0 0 0 0 0 0 0 0 0 0 0 0 1 13150.8 13150.8 13150.8 13150.8
0 0 1 0 0 1 0 0 0 0 0 -8.72276e-09 -0 0 0 -0 0 0 0 0 0 0 0 0 0 0 0 0 0 1 13150.8 13150.8 13150.8 13150.8
0 0 1 0 0 1 0 0 0 0 0 -3.93766e-09 -0 0 0 -0 0 0 0 0 0 0 0 0 0 0 0 0 0 1 13150.8 13150.8 13150.8 13150.8
0 0 1 0 0 1 0 0 0 0 0 1.27633e-09 -0 0 0 -0 0 0 0 0 0 0 0 0 0 0 0 0 0 1 13150.8 13150.8 13150.8 13150.8
0 0 1 0 0 1 0 0 0 0 0 -9.50752e-10 -0 0 0 -0 0 0 0 0 0 0 0 0 0 0 0 0 0 1 13150.8 13150.8 13150.8 13150.8
0 0 1 0 0 1 0 0 0 0 0 -3.07382e-09 -0 0 0 -0 0 0 0 0 0 0 0 0 0 0 0 0 0 1 13150.8 13150.8 13150.8 13150.8
0 0 1 0 0 1 0 0 0 0 0 -5.27556e-09 -0 0 0 -0 0 0 0 0 0 0 0 0 0 0 0 0 0 1 13150.8 13150.8 13150.8 13150.8
0 0 1 0 0 1 0 0 0 0 0 -7.4908e-09 -0 0 0 -0 0 0 0 0 0 0 0 0 0 0 0 0 0 1 13150.8 13150.8 13150.8 13150.8
0 0 1 0 0 1 0 0 0 0 0 -2.30679e-09 -0 0 0 -0 0 0 0 0 0 0 0 0 0 0 0 0 0 1 13150.8 13150.8 13150.8 13150.8
0 0 1 0 0 1 0 0 0 0 0 3.52543e-09 -0 0 0 -0 0 0 0 0 0 0 0 0 0 0 0 0 0 1 13150.8 13150.8 13150.8 13150.8
0 0 1 0 0 1 0 0 0 0 0 1.75872e-09 -0 0 0 -0 0 0 0 0 0 0 0 0 0 0 0 0 0 1 13150.8 13150.8 13150.8 13150.8
0 0 1 0 0 1 0 0 0 0 0 -4.99138e-10 -0 0 0 -0 0 0 0 0 0 0 0 0 0 0 0 0 0 1 13150.8 13150.8 13150.8 13150.8
0 0 1 0 0 1 0 0 0 0 0 -2.72902e-09 -0 0 0 -0 0 0 0 0 0 0 0 0 0 0 0 0 0 1 13150.8 13150.8 13150.8 13150.8
0 0 1 0 0 1 0 0 0 0 0 -4.95772e-09 -0 0 0 -0 0 0 0 0 0 0 0 0 0 0 0 0 0 1 13150.8 13150.8 13150.8 13150.8
0 0 1 0 0 1 0 0 0 0 0 -7.01127e-09 -0 0 0 -0 0 0 0 0 0 0 0 0 0 0 0 0 0 1 13150.8 13150.8 13150.8 13150.8
0 0 1 0 0 1 0 0 0 0 0 -1.83326e-09 -0 0 0 -0 0 0 0 0 0 0 0 0 0 0 0 0 0 1 13150.8 13150.8 13150.8 13150.8
0 0 1 0 0 1 0 0 0 0 0 3.25316e-09 -0 0 0 -0 0 0 0 0 0 0 0 0 0 0 0 0 0 1 13150.8 13150.8 13150.8 13150.8
0 0 1 0 0 1 0 0 0 0 0 1.06585e-09 -0 0 0 -0 0 0 0 0 0 0 0 0 0 0 0 0 0 1 13150.8 13150.8 13150.8 13150.8
0 0 1 0 0 1 0 0 0 0 0 -1.10308e-09 -0 0 0 -0 0 0 0 0 0 0 0 0 0 0 0 0 0 1 13150.8 13150.8 13150.8 13150.8
0 0 1 0 0 1 0 0 0 0 0 -3.3267e-09 -0 0 0 -0 0 0 0 0 0 0 0 0 0 0 0 0 0 1 13150.8 13150.8 13150.8 13150.8
0 0 1 0 0 1 0 0 0 0 0 -5.57506e-09 -0 0 0 -0 0 0 0 0 0 0 0 0 0 0 0 0 0 1 13150.8 13150.8 13150.8 13150.8
0 0 1 0 0 1 0 0 0 0 0 -7.74392e-09 -0 0 0 -0 0 0 0 0 0 0 0 0 0 0 0 0 0 1 13150.8 13150.8 13150.8 13150.8
0 0 1 0 0 1 0 0 0 0 0 -2.80167e-09 -0 0 0 -0 0 0 0 0 0 0 0 0 0 0 0 0 0 1 13150.8 13150.8 13150.8 13150.8
0 0 1 0 0 1 0 0 0 0 0 2.36674e-09 -0 0 0 -0 0 0 0 0 0 0 0 0 0 0 0 0 0 1 13150.8 13150.8 13150.8 13150.8
0 0 1 0 0 1 0 0 0 0 0 1.29306e-10 -0 0 0 -0 0 0 0 0 0 0 0 0 0 0 0 0 0 1 13150.8 13150.8 13150.8 13150.8
0 0 1 0 0 1 0 0 0 0 0 -2.09765e-09 -0 0 0 -0 0 0 0 0 0 0 0 0 0 0 0 0 0 1 13150.8 13150.8 13150.8 13150.8
0 0 1 0 0 1 0 0 0 0 0 -4.14878e-09 -0 0 0 -0 0 0 0 0 0 0 0 0 0 0 0 0 0 1 13150.8 13150.8 13150.8 13150.8
0 0 1 0 0 1 0 0 0 0 0 -6.38476e-09 -0 0 0 -0 0 0 0 0 0 0 0 0 0 0 0 0 0 1 13150.8 13150.8 13150.8 13150.8
0 0 1 0 0 1 0 0 0 0 0 -1.11497e-09 -0 0 0 -0 0 0 0 0 0 0 0 0 0 0 0 0 0 1 13150.8 13150.8 13150.8 13150.8
0 0 1 0 0 1 0 0 0 0 0 4.1015e-09 -0 0 0 -0 0 0 0 0 0 0 0 0 0 0 0 0 0 1 13150.8 13150.8 13150.8 13150.8
0 0 1 0 0 1 0 0 0 0 0 2.09071e-09 -0 0 0 -0 0 0 0 0 0 0 0 0 0 0 0 0 0 1 13150.8 13150.8 13150.8 13150.8
0 0 1 0 0 1 0 0 0 0 0 -1.39897e-10 -0 0 0 -0 0 0 0 0 0 0 0 0 0 0 0 0 0 1 13150.8 13150.8 13150.8 13150.8
0 0 1 0 0 1 0 0 0 0 0 -2.39284e-09 -0 0 0 -0 0 0 0 0 0 0 0 0 0 0 0 0 0 1 13150.8 13150.8 13150.8 13150.8
0 0 1 0 0 1 0 0 0 0 0 -4.62502e-09 -0 0 0 -0 0 0 0 0 0 0 0 0 0 0 0 0 0 1 13150.8 13150.8 13150.8 13150.8
0 0 1 0 0 1 0 0 0 0 0 -6.85616e-09 -0 0 0 -0 0 0 0 0 0 0 0 0 0 0 0 0 0 1 13150.8 13150.8 13150.8 13150.8
0 0 1 0 0 1 0 0 0 0 0 -2.09696e-09 -0 0 0 -0 0 0 0 0 0 0 0 0 0 0 0 0 0 1 13150.8 13150.8 13150.8 13150.8
0 0 1 0 0 1 0 0 0 0 0 3.10751e-09 -0 0 0 -0 0 0 0 0 0 0 0 0 0 0 0 0 0 1 13150.8 13150.8 13150.8 13150.8
0 0 1 0 0 1 0 0 0 0 0 8.28388e-10 -0 0 0 -0 0 0 0 0 0 0 0 0 0 0 0 0 0 1 13150.8 13150.8 13150.8 13150.8
0 0 1 0 0 1 0 0 0 0 0 -1.19109e-09 -0 0 0 -0 0 0 0 0 0 0 0 0 0 0 0 0 0 1 13150.8 13150.8 13150.8 13150.8
0 0 1 0 0 1 0 0 0 0 0 -3.41844e-09 -0 0 0 -0 0 0 0 0 0 0 0 0 0 0 0 0 0 1 13150.8 13150.8 13150.8 13150.8
0 0 1 0 0 1 0 0 0 0 0 -5.66958e-09 -0 0 0 -0 0 0 0 0 0 0 0 0 0 0 0 0 0 1 13150.8 13150.8 13150.8 13150.8
0 0 1 0 0 1 0 0 0 0 0 -7.89702e-09 -0 0 0 -0 0 0 0 0 0 0 0 0 0 0 0 0 0 1 13150.8 13150.8 13150.8 13150.8
0 0 1 0 0 1 0 0 0 0 0 -3.06756e-09 -0 0 0 -0 0 0 0 0 0 0 0 0 0 0 0 0 0 1 13150.8 13150.8 13150.8 13150.8
0 0 1 0 0 1 0 0 0 0 0 2.12657e-09 -0 0 0 -0 0 0 0 0 0 0 0 0 0 0 0 0 0 1 13150.8 13150.8 13150.8 13150.8
0 0 1 0 0 1 0 0 0 0 0 -9.86046e-11 -0 0 0 -0 0 0 0 0 0 0 0 0 0 0 0 0 0 1 13150.8 13150.8 13150.8 13150.8
0 0 1 0 0 1 0 0 0 0 0 -2.33507e-09 -0 0 0 -0 0 0 0 0 0 0 0 0 0 0 0 0 0 1 13150.8 13150.8 13150.8 13150.8
0 0 1 0 0 1 0 0 0 0 0 -4.38607e-09 -0 0 0 -0 0 0 0 0 0 0 0 0 0 0 0 0 0 1 13150.8 13150.8 13150.8 13150.8
0 0 1 0 0 1 0 0 0 0 0 -6.57394e-09 -0 0 0 -0 0 0 0 0 0 0 0 0 0 0 0 0 0 1 13150.8 13150.8 13150.8 13150.8
0 0 1 0 0 1 0 0 0 0 0 -1.45366e-09 -0 0 0 -0 0 0 0 0 0 0 0 0 0 0 0 0 0 1 13150.8 13150.8 13150.8 13150.8
0 0 1 0 0 1 0 0 0 0 0 3.6703e-09 -0 0 0 -0 0 0 0 0 0 0 0 0 0 0 0 0 0 1 13150.8 13150.8 13150.8 13150.8
0 0 1 0 0 1 0 0 0 0 0 1.51292e-09 -0 0 0 -0 0 0 0 0 0 0 0 0 0 0 0 0 0 1 13150.8 13150.8 13150.8 13150.8
0 0 1 0 0 1 0 0 0 0 0 -7.25434e-10 -0 0 0 -0 0 0 0 0 0 0 0 0 0 0 0 0 0 1 13150.8 13150.8 13150.8 13150.8
0 0 1 0 0 1 0 0 0 0 0 -2.96349e-09 -0 0 0 -0 0 0 0 0 0 0 0 0 0 0 0 0 0 1 13150.8 13150.8 13150.8 13150.8
0 0 1 0 0 1 0 0 0 0 0 -5.10213e-09 -0 0 0 -0 0 0 0 0 0 0 0 0 0 0 0 0 0 1 13150.8 13150.8 13150.8 13150.8
0 0 1 0 0 1 0 0 0 0 0 -7.44146e-09 -0 0 0 -0 0 0 0 0 0 0 0 0 0 0 0 0 0 1 13150.8 13150.8 13150.8 13150.8
0 0 1 0 0 1 0 0 0 0 0 -2.69641e-09 -0 0 0 -0 0 0 0 0 0 0 0 0 0 0 0 0 0 1 13150.8 13150.8 13150.8 13150.8
0 0 1 0 0 1 0 0 0 0 0 2.55808e-09 -0 0 0 -0 0 0 0 0 0 0 0 0 0 0 0 0 0 1 13150.8 13150.8 13150.8 13150.8
0 0 1 0 0 1 0 0 0 0 0 3.29814e-10 -0 0 0 -0 0 0 0 0 0 0 0 0 0 0 0 0 0 1 13150.8 13150.8 13150.8 13150.8
0 0 1 0 0 1 0 0 0 0 0 -1.72021e-09 -0 0 0 -0 0 0 0 0 0 0 0 0 0 0 0 0 0 1 13150.8 13150.8 13150.8 13150.8
0 0 1 0 0 1 0 0 0 0 0 -3.94896e-09 -0 0 0 -0 0 0 0 0 0 0 0 0 0 0 0 0 0 1 13150.8 13150.8 13150.8 13150.8
0 0 1 0 0 1 0 0 0 0 0 -6.18978e-09 -0 0 0 -0 0 0 0 0 0 0 0 0 0 0 0 0 0 1 13150.8 13150.8 13150.8 13150.8
0 0 1 0 0 1 0 0 0 0 0 -9.97789e-10 -0 0 0 -0 0 0 0 0 0 0 0 0 0 0 0 0 0 1 13150.8 13150.8 13150.8 13150.8
0 0 1 0 0 1 0 0 0 0 0 3.76564e-09 -0 0 0 -0 0 0 0 0 0 0 0 0 0 0 0 0 0 1 13150.8 13150.8 13150.8 13150.8
0 0 1 0 0 1 0 0 0 0 0 1.52606e-09 -0 0 0 -0 0 0 0 0 0 0 0 0 0 0 0 0 0 1 13150.8 13150.8 13150.8 13150.8
0 0 1 0 0 1 0 0 0 0 0 -7.05489e-10 -0 0 0 -0 0 0 0 0 0 0 0 0 0 0 0 0 0 1 13150.8 13150.8 13150.8 13150.8
0 0 1 0 0 1 0 0 0 0 0 -2.84654e-09 -0 0 0 -0 0 0 0 0 0 0 0 0 0 0 0 0 0 1 13150.8 13150.8 13150.8 13150.8
0 0 1 0 0 1 0 0 0 0 0 -5.18955e-09 -0 0 0 -0 0 0 0 0 0 0 0 0 0 0 0 0 0 1 13150.8 13150.8 13150.8 13150.8
0 0 1 0 0 1 0 0 0 0 0 -7.23364e-09 -0 0 0 -0 0 0 0 0 0 0 0 0 0 0 0 0 0 1 13150.8 13150.8 13150.8 13150.8
0 0 1 0 0 1 0 0 0 0 0 -2.03501e-09 -0 0 0 -0 0 0 0 0 0 0 0 0 0 0 0 0 0 1 13150.8 13150.8 13150.8 13150.8
0 0 1 0 0 1 0 0 0 0 0 3.18703e-09 -0 0 0 -0 0 0 0 0 0 0 0 0 0 0 0 0 0 1 13150.8 13150.8 13150.8 13150.8
0 0 1 0 0 1 0 0 0 0 0 9.33282e-10 -0 0 0 -0 0 0 0 0 0 0 0 0 0 0 0 0 0 1 13150.8 13150.8 13150.8 13150.8
0 0 1 0 0 1 0 0 0 0 0 -1.33854e-09 -0 0 0 -0 0 0 0 0 0 0 0 0 0 0 0 0 0 1 13150.8 13150.8 13150.8 13150.8
0 0 1 0 0 1 0 0 0 0 0 -3.34042e-09 -0 0 0 -0 0 0 0 0 0 0 0 0 0 0 0 0 0 1 13150.8 13150.8 13150.8 13150.8
0 0 1 0 0 1 0 0 0 0 0 -5.5725e-09 -0 0 0 -0 0 0 0 0 0 0 0 0 0 0 0 0 0 1 13150.8 13150.8 13150.8 13150.8
0 0 1 0 0 1 0 0 0 0 0 -8.52464e-10 -0 0 0 -0 0 0 0 0 0 0 0 0 0 0 0 0 0 1 13150.8 13150.8 13150.8 13150.8
0 0 1 0 0 1 0 0 0 0 0 4.34018e-09 -0 0 0 -0 0 0 0 0 0 0 0 0 0 0 0 0 0 1 13150.8 13150.8 13150.8 13150.8
0 0 1 0 0 1 0 0 0 0 0 2.09972e-09 -0 0 0 -0 0 0 0 0 0 0 0 0 0 0 0 0 0 1 13150.8 13150.8 13150.8 13150.8
0 0 1 0 0 1 0 0 0 0 0 -8.64979e-11 -0 0 0 -0 0 0 0 0 0 0 0 0 0 0 0 0 0 1 13150.8 13150.8 13150.8 13150.8
0 0 1 0 0 1 0 0 0 0 0 -2.4261e-09 -0 0 0 -0 0 0 0 0 0 0 0 0 0 0 0 0 0 1 13150.8 13150.8 13150.8 13150.8
0 0 1 0 0 1 0 0 0 0 0 -4.42212e-09 -0 0 0 -0 0 0 0 0 0 0 0 0 0 0 0 0 0 1 13150.8 13150.8 13150.8 13150.8
0 0 1 0 0 1 0 0 0 0 0 -6.65547e-09 -0 0 0 -0 0 0 0 0 0 0 0 0 0 0 0 0 0 1 13150.8 13150.8 13150.8 13150.8
0 0 1 0 0 1 0 0 0 0 0 -1.45866e-09 -0 0 0 -0 0 0 0 0 0 0 0 0 0 0 0 0 0 1 13150.8 13150.8 13150.8 13150.8
0 0 1 0 0 1 0 0 0 0 0 3.41776e-09 -0 0 0 -0 0 0 0 0 0 0 0 0 0 0 0 0 0 1 13150.8 13150.8 13150.8 13150.8
0 0 1 0 0 1 0 0 0 0 0 1.18321e-09 -0 0 0 -0 0 0 0 0 0 0 0 0 0 0 0 0 0 1 13150.8 13150.8 13150.8 13150.8
0 0 1 0 0 1 0 0 0 0 0 -1.02589e-09 -0 0 0 -0 0 0 0 0 0 0 0 0 0 0 0 0 0 1 13150.8 13150.8 13150.8 13150.8
0 0 1 0 0 1 0 0 0 0 0 -3.26248e-09 -0 0 0 -0 0 0 0 0 0 0 0 0 0 0 0 0 0 1 13150.8 13150.8 13150.8 13150.8
0 0 1 0 0 1 0 0 0 0 0 -5.55617e-09 -0 0 0 -0 0 0 0 0 0 0 0 0 0 0 0 0 0 1 13150.8 13150.8 13150.8 13150.8
0 0 1 0 0 1 0 0 0 0 0 -8.88336e-10 -0 0 0 -0 0 0 0 0 0 0 0 0 0 0 0 0 0 1 13150.8 13150.8 13150.8 13150.8
0 0 1 0 0 1 0 0 0 0 0 4.28733e-09 -0 0 0 -0 0 0 0 0 0 0 0 0 0 0 0 0 0 1 13150.8 13150.8 13150.8 13150.8
0 0 1 0 0 1 0 0 0 0 0 2.04793e-09 -0 0 0 -0 0 0 0 0 0 0 0 0 0 0 0 0 0 1 13150.8 13150.8 13150.8 13150.8
0 0 1 0 0 1 0 0 0 0 0 -4.25722e-11 -0 0 0 -0 0 0 0 0 0 0 0 0 0 0 0 0 0 1 13150.8 13150.8 13150.8 13150.8
0 0 1 0 0 1 0 0 0 0 0 -2.24132e-09 -0 0 0 -0 0 0 0 0 0 0 0 0 0 0 0 0 0 1 13150.8 13150.8 13150.8 13150.8
0 0 1 0 0 1 0 0 0 0 0 -4.73569e-09 -0 0 0 -0 0 0 0 0 0 0 0 0 0 0 0 0 0 1 13150.8 13150.8 13150.8 13150.8
0 0 1 0 0 1 0 0 0 0 0 -6.61433e-09 -0 0 0 -0 0 0 0 0 0 0 0 0 0 0 0 0 0 1 13150.8 13150.8 13150.8 13150.8
0 0 1 0 0 1 0 0 0 0 0 -1.56693e-09 -0 0 0 -0 0 0 0 0 0 0 0 0 0 0 0 0 0 1 13150.8 13150.8 13150.8 13150.8
0 0 1 0 0 1 0 0 0 0 0 3.61775e-09 -0 0 0 -0 0 0 0 0 0 0 0 0 0 0 0 0 0 1 13150.8 13150.8 13150.8 13150.8
0 0 1 0 0 1 0 0 0 0 0 1.39365e-09 -0 0 0 -0 0 0 0 0 0 0 0 0 0 0 0 0 0 1 13150.8 13150.8 13150.8 13150.8
0 0 1 0 0 1 0 0 0 0 0 -8.56282e-10 -0 0 0 -0 0 0 0 0 0 0 0 0 0 0 0 0 0 1 13150.8 13150.8 13150.8 13150.8
0 0 1 0 0 1 0 0 0 0 0 -2.89145e-09 -0 0 0 -0 0 0 0 0 0 0 0 0 0 0 0 0 0 1 13150.8 13150.8 13150.8 13150.8
0 0 1 0 0 1 0 0 0 0 0 -5.1079e-09 -0 0 0 -0 0 0 0 0 0 0 0 0 0 0 0 0 0 1 13150.8 13150.8 13150.8 13150.8
0 0 1 0 0 1 0 0 0 0 0 -8.50929e-11 -0 0 0 -0 0 0 0 0 0 0 0 0 0 0 0 0 0 1 13150.8 13150.8 13150.8 13150.8
0 0 1 0 0 1 0 0 0 0 0 5.30116e-09 -0 0 0 -0 0 0 0 0 0 0 0 0 0 0 0 0 0 1 13150.8 13150.8 13150.8 13150.8
0 0 1 0 0 1 0 0 0 0 0 3.22957e-09 -0 0 0 -0 0 0 0 0 0 0 0 0 0 0 0 0 0 1 13150.8 13150.8 13150.8 13150.8
0 0 1 0 0 1 0 0 0 0 0 9.74516e-10 -0 0 0 -0 0 0 0 0 0 0 0 0 0 0 0 0 0 1 13150.8 13150.8 13150.8 13150.8
0 0 1 0 0 1 0 0 0 0 0 -1.2353e-09 -0 0 0 -0 0 0 0 0 0 0 0 0 0 0 0 0 0 1 13150.8 13150.8 13150.8 13150.8
0 0 1 0 0 1 0 0 0 0 0 -3.47424e-09 -0 0 0 -0 0 0 0 0 0 0 0 0 0 0 0 0 0 1 13150.8 13150.8 13150.8 13150.8
0 0 1 0 0 1 0 0 0 0 0 -5.51539e-09 -0 0 0 -0 0 0 0 0 0 0 0 0 0 0 0 0 0 1 13150.8 13150.8 13150.8 13150.8
0 0 1 0 0 1 0 0 0 0 0 -2.89647e-10 -0 0 0 -0 0 0 0 0 0 0 0 0 0 0 0 0 0 1 13150.8 13150.8 13150.8 13150.8
0 0 1 0 0 1 0 0 0 0 0 4.78166e-09 -0 0 0 -0 0 0 0 0 0 0 0 0 0 0 0 0 0 1 13150.8 13150.8 13150.8 13150.8
0 0 1 0 0 1 0 0 0 0 0 2.47649e-09 -0 0 0 -0 0 0 0 0 0 0 0 0 0 0 0 0 0 1 13150.8 13150.8 13150.8 13150.8
0 0 1 0 0 1 0 0 0 0 0 4.27306e-10 -0 0 0 -0 0 0 0 0 0 0 0 0 0 0 0 0 0 1 13150.8 13150.8 13150.8 13150.8
0 0 1 0 0 1 0 0 0 0 0 -1.78344e-09 -0 0 0 -0 0 0 0 0 0 0 0 0 0 0 0 0 0 1 13150.8 13150.8 13150.8 13150.8
0 0 1 0 0 1 0 0 0 0 0 -4.0481e-09 -0 0 0 -0 0 0 0 0 0 0 0 0 0 0 0 0 0 1 13150.8 13150.8 13150.8 13150.8
0 0 1 0 0 1 0 0 0 0 0 -6.15658e-09 -0 0 0 -0 0 0 0 0 0 0 0 0 0 0 0 0 0 1 13150.8 13150.8 13150.8 13150.8
0 0 1 0 0 1 0 0 0 0 0 -1.13799e-09 -0 0 0 -0 0 0 0 0 0 0 0 0 0 0 0 0 0 1 13150.8 13150.8 13150.8 13150.8
0 0 1 0 0 1 0 0 0 0 0 4.05063e-09 -0 0 0 -0 0 0 0 0 0 0 0 0 0 0 0 0 0 1 13150.8 13150.8 13150.8 13150.8
0 0 1 0 0 1 0 0 0 0 0 1.81422e-09 -0 0 0 -0 0 0 0 0 0 0 0 0 0 0 0 0 0 1 13150.8 13150.8 13150.8 13150.8
0 0 1 0 0 1 0 0 0 0 0 -4.25702e-10 -0 0 0 -0 0 0 0 0 0 0 0 0 0 0 0 0 0 1 13150.8 13150.8 13150.8 13150.8
0 0 1 0 0 1 0 0 0 0 0 -2.50036e-09 -0 0 0 -0 0 0 0 0 0 0 0 0 0 0 0 0 0 1 13150.8 13150.8 13150.8 13150.8
0 0 1 0 0 1 0 0 0 0 0 -4.72701e-09 -0 0 0 -0 0 0 0 0 0 0 0 0 0 0 0 0 0 1 13150.8 13150.8 13150.8 13150.8
0 0 1 0 0 1 0 0 0 0 0 -6.96047e-09 -0 0 0 -0 0 0 0 0 0 0 0 0 0 0 0 0 0 1 13150.8 13150.8 13150.8 13150.8
0 0 1 0 0 1 0 0 0 0 0 -1.71498e-09 -0 0 0 -0 0 0 0 0 0 0 0 0 0 0 0 0 0 1 13150.8 13150.8 13150.8 13150.8
0 0 1 0 0 1 0 0 0 0 0 3.03343e-09 -0 0 0 -0 0 0 0 0 0 0 0 0 0 0 0 0 0 1 13150.8 13150.8 13150.8 13150.8
0 0 1 0 0 1 0 0 0 0 0 7.96921e-10 -0 0 0 -0 0 0 0 0 0 0 0 0 0 0 0 0 0 1 13150.8 13150.8 13150.8 13150.8
0 0 1 0 0 1 0 0 0 0 0 -1.42872e-09 -0 0 0 -0 0 0 0 0 0 0 0 0 0 0 0 0 0 1 13150.8 13150.8 13150.8 13150.8
0 0 1 0 0 1 0 0 0 0 0 -3.71162e-09 -0 0 0 -0 0 0 0 0 0 0 0 0 0 0 0 0 0 1 13150.8 13150.8 13150.8 13150.8
0 0 1 0 0 1 0 0 0 0 0 -5.71497e-09 -0 0 0 -0 0 0 0 0 0 0 0 0 0 0 0 0 0 1 13150.8 13150.8 13150.8 13150.8
0 0 1 0 0 1 0 0 0 0 0 -5.06326e-10 -0 0 0 -0 0 0 0 0 0 0 0 0 0 0 0 0 0 1 13150.8 13150.8 13150.8 13150.8
0 0 1 0 0 1 0 0 0 0 0 4.70615e-09 -0 0 0 -0 0 0 0 0 0 0 0 0 0 0 0 0 0 1 13150.8 13150.8 13150.8 13150.8
0 0 1 0 0 1 0 0 0 0 0 2.45529e-09 -0 0 0 -0 0 0 0 0 0 0 0 0 0 0 0 0 0 1 13150.8 13150.8 13150.8 13150.8
0 0 1 0 0 1 0 0 0 0 0 4.30554e-10 -0 0 0 -0 0 0 0 0 0 0 0 0 0 0 0 0 0 1 13150.8 13150.8 13150.8 13150.8
0 0 1 0 0 1 0 0 0 0 0 -1.83262e-09 -0 0 0 -0 0 0 0 0 0 0 0 0 0 0 0 0 0 1 13150.8 13150.8 13150.8 13150.8
0 0 1 0 0 1 0 0 0 0 0 -4.04642e-09 -0 0 0 -0 0 0 0 0 0 0 0 0 0 0 0 0 0 1 13150.8 13150.8 13150.8 13150.8
0 0 1 0 0 1 0 0 0 0 0 -6.30018e-09 -0 0 0 -0 0 0 0 0 0 0 0 0 0 0 0 0 0 1 13150.8 13150.8 13150.8 13150.8
0 0 1 0 0 1 0 0 0 0 0 -1.57924e-09 -0 0 0 -0 0 0 0 0 0 0 0 0 0 0 0 0 0 1 13150.8 13150.8 13150.8 13150.8
0 0 1 0 0 1 0 0 0 0 0 3.63064e-09 -0 0 0 -0 0 0 0 0 0 0 0 0 0 0 0 0 0 1 13150.8 13150.8 13150.8 13150.8
0 0 1 0 0 1 0 0 0 0 0 1.39325e-09 -0 0 0 -0 0 0 0 0 0 0 0 0 0 0 0 0 0 1 13150.8 13150.8 13150.8 13150.8
0 0 1 0 0 1 0 0 0 0 0 -8.95821e-10 -0 0 0 -0 0 0 0 0 0 0 0 0 0 0 0 0 0 1 13150.8 13150.8 13150.8 13150.8
0 0 1 0 0 1 0 0 0 0 0 -2.89631e-09 -0 0 0 -0 0 0 0 0 0 0 0 0 0 0 0 0 0 1 13150.8 13150.8 13150.8 13150.8
0 0 1 0 0 1 0 0 0 0 0 -5.11691e-09 -0 0 0 -0 0 0 0 0 0 0 0 0 0 0 0 0 0 1 13150.8 13150.8 13150.8 13150.8
0 0 1 0 0 1 0 0 0 0 0 1.77174e-10 -0 0 0 -0 0 0 0 0 0 0 0 0 0 0 0 0 0 1 13150.8 13150.8 13150.8 13150.8
0 0 1 0 0 1 0 0 0 0 0 5.333e-09 -0 0 0 -0 0 0 0 0 0 0 0 0 0 0 0 0 0 1 13150.8 13150.8 13150.8 13150.8
0 0 1 0 0 1 0 0 0 0 0 3.29162e-09 -0 0 0 -0 0 0 0 0 0 0 0 0 0 0 0 0 0 1 13150.8 13150.8 13150.8 13150.8
0 0 1 0 0 1 0 0 0 0 0 1.04793e-09 -0 0 0 -0 0 0 0 0 0 0 0 0 0 0 0 0 0 1 13150.8 13150.8 13150.8 13150.8
0 0 1 0 0 1 0 0 0 0 0 -1.18103e-09 -0 0 0 -0 0 0 0 0 0 0 0 0 0 0 0 0 0 1 13150.8 13150.8 13150.8 13150.8
0 0 1 0 0 1 0 0 0 0 0 -3.41307e-09 -0 0 0 -0 0 0 0 0 0 0 0 0 0 0 0 0 0 1 13150.8 13150.8 13150.8 13150.8
0 0 1 0 0 1 0 0 0 0 0 -5.4516e-09 -0 0 0 -0 0 0 0 0 0 0 0 0 0 0 0 0 0 1 13150.8 13150.8 13150.8 13150.8
0 0 1 0 0 1 0 0 0 0 0 -1.18986e-10 -0 0 0 -0 0 0 0 0 0 0 0 0 0 0 0 0 0 1 13150.8 13150.8 13150.8 13150.8
0 0 1 0 0 1 0 0 0 0 0 5.03269e-09 -0 0 0 -0 0 0 0 0 0 0 0 0 0 0 0 0 0 1 13150.8 13150.8 13150.8 13150.8
0 0 1 0 0 1 0 0 0 0 0 2.79868e-09 -0 0 0 -0 0 0 0 0 0 0 0 0 0 0 0 0 0 1 13150.8 13150.8 13150.8 13150.8
0 0 1 0 0 1 0 0 0 0 0 7.4633e-10 -0 0 0 -0 0 0 0 0 0 0 0 0 0 0 0 0 0 1 13150.8 13150.8 13150.8 13150.8
0 0 1 0 0 1 0 0 0 0 0 -1.49348e-09 -0 0 0 -0 0 0 0 0 0 0 0 0 0 0 0 0 0 1 13150.8 13150.8 13150.8 13150.8
0 0 1 0 0 1 0 0 0 0 0 -3.72791e-09 -0 0 0 -0 0 0 0 0 0 0 0 0 0 0 0 0 0 1 13150.8 13150.8 13150.8 13150.8
0 0 1 0 0 1 0 0 0 0 0 -5.97139e-09 -0 0 0 -0 0 0 0 0 0 0 0 0 0 0 0 0 0 1 13150.8 13150.8 13150.8 13150.8
0 0 1 0 0 1 0 0 0 0 0 -1.193e-09 -0 0 0 -0 0 0 0 0 0 0 0 0 0 0 0 0 0 1 13150.8 13150.8 13150.8 13150.8
0 0 1 0 0 1 0 0 0 0 0 4.0452e-09 -0 0 0 -0 0 0 0 0 0 0 0 0 0 0 0 0 0 1 13150.8 13150.8 13150.8 13150.8
0 0 1 0 0 1 0 0 0 0 0 1.83446e-09 -0 0 0 -0 0 0 0 0 0 0 0 0 0 0 0 0 0 1 13150.8 13150.8 13150.8 13150.8
0 0 1 0 0 1 0 0 0 0 0 -4.12123e-10 -0 0 0 -0 0 0 0 0 0 0 0 0 0 0 0 0 0 1 13150.8 13150.8 13150.8 13150.8
0 0 1 0 0 1 0 0 0 0 0 -2.45129e-09 -0 0 0 -0 0 0 0 0 0 0 0 0 0 0 0 0 0 1 13150.8 13150.8 13150.8 13150.8
0 0 1 0 0 1 0 0 0 0 0 -4.67089e-09 -0 0 0 -0 0 0 0 0 0 0 0 0 0 0 0 0 0 1 13150.8 13150.8 13150.8 13150.8
0 0 1 0 0 1 0 0 0 0 0 -6.91795e-09 -0 0 0 -0 0 0 0 0 0 0 0 0 0 0 0 0 0 1 13150.8 13150.8 13150.8 13150.8
0 0 1 0 0 1 0 0 0 0 0 -1.63817e-09 -0 0 0 -0 0 0 0 0 0 0 0 0 0 0 0 0 0 1 13150.8 13150.8 13150.8 13150.8
0 0 1 0 0 1 0 0 0 0 0 2.97502e-09 -0 0 0 -0 0 0 0 0 0 0 0 0 0 0 0 0 0 1 13150.8 13150.8 13150.8 13150.8
0 0 1 0 0 1 0 0 0 0 0 6.99445e-10 -0 0 0 -0 0 0 0 0 0 0 0 0 0 0 0 0 0 1 13150.8 13150.8 13150.8 13150.8
0 0 1 0 0 1 0 0 0 0 0 -1.53815e-09 -0 0 0 -0 0 0 0 0 0 0 0 0 0 0 0 0 0 1 13150.8 13150.8 13150.8 13150.8
0 0 1 0 0 1 0 0 0 0 0 -3.79885e-09 -0 0 0 -0 0 0 0 0 0 0 0 0 0 0 0 0 0 1 13150.8 13150.8 13150.8 13150.8
0 0 1 0 0 1 0 0 0 0 0 -5.80975e-09 -0 0 0 -0 0 0 0 0 0 0 0 0 0 0 0 0 0 1 13150.8 13150.8 13150.8 13150.8
0 0 1 0 0 1 0 0 0 0 0 -5.63781e-10 -0 0 0 -0 0 0 0 0 0 0 0 0 0 0 0 0 0 1 13150.8 13150.8 13150.8 13150.8
0 0 1 0 0 1 0 0 0 0 0 4.63538e-09 -0 0 0 -0 0 0 0 0 0 0 0 0 0 0 0 0 0 1 13150.8 13150.8 13150.8 13150.8
0 0 1 0 0 1 0 0 0 0 0 2.40409e-09 -0 0 0 -0 0 0 0 0 0 0 0 0 0 0 0 0 0 1 13150.8 13150.8 13150.8 13150.8
0 0 1 0 0 1 0 0 0 0 0 3.69535e-10 -0 0 0 -0 0 0 0 0 0 0 0 0 0 0 0 0 0 1 13150.8 13150.8 13150.8 13150.8
0 0 1 0 0 1 0 0 0 0 0 -1.88112e-09 -0 0 0 -0 0 0 0 0 0 0 0 0 0 0 0 0 0 1 13150.8 13150.8 13150.8 13150.8
0 0 1 0 0 1 0 0 0 0 0 -4.12061e-09 -0 0 0 -0 0 0 0 0 0 0 0 0 0 0 0 0 0 1 13150.8 13150.8 13150.8 13150.8
0 0 1 0 0 1 0 0 0 0 0 -6.36308e-09 -0 0 0 -0 0 0 0 0 0 0 0 0 0 0 0 0 0 1 13150.8 13150.8 13150.8 13150.8
0 0 1 0 0 1 0 0 0 0 0 -1.64737e-09 -0 0 0 -0 0 0 0 0 0 0 0 0 0 0 0 0 0 1 13150.8 13150.8 13150.8 13150.8
0 0 1 0 0 1 0 0 0 0 0 4.21941e-09 -0 0 0 -0 0 0 0 0 0 0 0 0 0 0 0 0 0 1 13150.8 13150.8 13150.8 13150.8
0 0 1 0 0 1 0 0 0 0 0 2.27148e-09 -0 0 0 -0 0 0 0 0 0 0 0 0 0 0 0 0 0 1 13150.8 13150.8 13150.8 13150.8
0 0 1 0 0 1 0 0 0 0 0 1.31028e-11 -0 0 0 -0 0 0 0 0 0 0 0 0 0 0 0 0 0 1 13150.8 13150.8 13150.8 13150.8
0 0 1 0 0 1 0 0 0 0 0 -2.03615e-09 -0 0 0 -0 0 0 0 0 0 0 0 0 0 0 0 0 0 1 13150.8 13150.8 13150.8 13150.8
0 0 1 0 0 1 0 0 0 0 0 -4.25209e-09 -0 0 0 -0 0 0 0 0 0 0 0 0 0 0 0 0 0 1 13150.8 13150.8 13150.8 13150.8
0 0 1 0 0 1 0 0 0 0 0 -6.51139e-09 -0 0 0 -0 0 0 0 0 0 0 0 0 0 0 0 0 0 1 13150.8 13150.8 13150.8 13150.8
0 0 1 0 0 1 0 0 0 0 0 -1.31136e-09 -0 0 0 -0 0 0 0 0 0 0 0 0 0 0 0 0 0 1 13150.8 13150.8 13150.8 13150.8
0 0 1 0 0 1 0 0 0 0 0 3.43151e-09 -0 0 0 -0 0 0 0 0 0 0 0 0 0 0 0 0 0 1 13150.8 13150.8 13150.8 13150.8
0 0 1 0 0 1 0 0 0 0 0 1.1948e-09 -0 0 0 -0 0 0 0 0 0 0 0 0 0 0 0 0 0 1 13150.8 13150.8 13150.8 13150.8
0 0 1 0 0 1 0 0 0 0 0 -1.05856e-09 -0 0 0 -0 0 0 0 0 0 0 0 0 0 0 0 0 0 1 13150.8 13150.8 13150.8 13150.8
0 0 1 0 0 1 0 0 0 0 0 -3.29013e-09 -0 0 0 -0 0 0 0 0 0 0 0 0 0 0 0 0 0 1 13150.8 13150.8 13150.8 13150.8
0 0 1 0 0 1 0 0 0 0 0 -5.32904e-09 -0 0 0 -0 0 0 0 0 0 0 0 0 0 0 0 0 0 1 13150.8 13150.8 13150.8 13150.8
0 0 1 0 0 1 0 0 0 0 0 -1.63607e-10 -0 0 0 -0 0 0 0 0 0 0 0 0 0 0 0 0 0 1 13150.8 13150.8 13150.8 13150.8
0 0 1 0 0 1 0 0 0 0 0 5.07195e-09 -0 0 0 -0 0 0 0 0 0 0 0 0 0 0 0 0 0 1 13150.8 13150.8 13150.8 13150.8
0 0 1 0 0 1 0 0 0 0 0 2.82495e-09 -0 0 0 -0 0 0 0 0 0 0 0 0 0 0 0 0 0 1 13150.8 13150.8 13150.8 13150.8
0 0 1 0 0 1 0 0 0 0 0 7.82494e-10 -0 0 0 -0 0 0 0 0 0 0 0 0 0 0 0 0 0 1 13150.8 13150.8 13150.8 13150.8
0 0 1 0 0 1 0 0 0 0 0 -1.47856e-09 -0 0 0 -0 0 0 0 0 0 0 0 0 0 0 0 0 0 1 13150.8 13150.8 13150.8 13150.8
0 0 1 0 0 1 0 0 0 0 0 -3.70219e-09 -0 0 0 -0 0 0 0 0 0 0 0 0 0 0 0 0 0 1 13150.8 13150.8 13150.8 13150.8
0 0 1 0 0 1 0 0 0 0 0 -5.9317e-09 -0 0 0 -0 0 0 0 0 0 0 0 0 0 0 0 0 0 1 13150.8 13150.8 13150.8 13150.8
0 0 1 0 0 1 0 0 0 0 0 -1.2087e-09 -0 0 0 -0 0 0 0 0 0 0 0 0 0 0 0 0 0 1 13150.8 13150.8 13150.8 13150.8
0 0 1 0 0 1 0 0 0 0 0 3.98621e-09 -0 0 0 -0 0 0 0 0 0 0 0 0 0 0 0 0 0 1 13150.8 13150.8 13150.8 13150.8
0 0 1 0 0 1 0 0 0 0 0 1.38339e-09 -0 0 0 -0 0 0 0 0 0 0 0 0 0 0 0 0 0 1 13150.8 13150.8 13150.8 13150.8
0 0 1 0 0 1 0 0 0 0 0 -5.21974e-10 -0 0 0 -0 0 0 0 0 0 0 0 0 0 0 0 0 0 1 13150.8 13150.8 13150.8 13150.8
0 0 1 0 0 1 0 0 0 0 0 -2.55003e-09 -0 0 0 -0 0 0 0 0 0 0 0 0 0 0 0 0 0 1 13150.8 13150.8 13150.8 13150.8
0 0 1 0 0 1 0 0 0 0 0 -4.80265e-09 -0 0 0 -0 0 0 0 0 0 0 0 0 0 0 0 0 0 1 13150.8 13150.8 13150.8 13150.8
0 0 1 0 0 1 0 0 0 0 0 3.48126e-10 -0 0 0 -0 0 0 0 0 0 0 0 0 0 0 0 0 0 1 13150.8 13150.8 13150.8 13150.8
0 0 1 0 0 1 0 0 0 0 0 5.56245e-09 -0 0 0 -0 0 0 0 0 0 0 0 0 0 0 0 0 0 1 13150.8 13150.8 13150.8 13150.8
0 0 1 0 0 1 0 0 0 0 0 3.51357e-09 -0 0 0 -0 0 0 0 0 0 0 0 0 0 0 0 0 0 1 13150.8 13150.8 13150.8 13150.8
0 0 1 0 0 1 0 0 0 0 0 1.25301e-09 -0 0 0 -0 0 0 0 0 0 0 0 0 0 0 0 0 0 1 13150.8 13150.8 13150.8 13150.8
0 0 1 0 0 1 0 0 0 0 0 -9.62394e-10 -0 0 0 -0 0 0 0 0 0 0 0 0 0 0 0 0 0 1 13150.8 13150.8 13150.8 13150.8
0 0 1 0 0 1 0 0 0 0 0 -3.31259e-09 -0 0 0 -0 0 0 0 0 0 0 0 0 0 0 0 0 0 1 13150.8 13150.8 13150.8 13150.8
0 0 1 0 0 1 0 0 0 0 0 -5.24206e-09 -0 0 0 -0 0 0 0 0 0 0 0 0 0 0 0 0 0 1 13150.8 13150.8 13150.8 13150.8
0 0 1 0 0 1 0 0 0 0 0 -1.82594e-11 -0 0 0 -0 0 0 0 0 0 0 0 0 0 0 0 0 0 1 13150.8 13150.8 13150.8 13150.8
0 0 1 0 0 1 0 0 0 0 0 5.17066e-09 -0 0 0 -0 0 0 0 0 0 0 0 0 0 0 0 0 0 1 13150.8 13150.8 13150.8 13150.8
0 0 1 0 0 1 0 0 0 0 0 2.93489e-09 -0 0 0 -0 0 0 0 0 0 0 0 0 0 0 0 0 0 1 13150.8 13150.8 13150.8 13150.8
0 0 1 0 0 1 0 0 0 0 0 8.91309e-10 -0 0 0 -0 0 0 0 0 0 0 0 0 0 0 0 0 0 1 13150.8 13150.8 13150.8 13150.8
0 0 1 0 0 1 0 0 0 0 0 -1.35554e-09 -0 0 0 -0 0 0 0 0 0 0 0 0 0 0 0 0 0 1 13150.8 13150.8 13150.8 13150.8
0 0 1 0 0 1 0 0 0 0 0 -3.58053e-09 -0 0 0 -0 0 0 0 0 0 0 0 0 0 0 0 0 0 1 13150.8 13150.8 13150.8 13150.8
0 0 1 0 0 1 0 0 0 0 0 -5.88571e-09 -0 0 0 -0 0 0 0 0 0 0 0 0 0 0 0 0 0 1 13150.8 13150.8 13150.8 13150.8
0 0 1 0 0 1 0 0 0 0 0 -1.2666e-09 -0 0 0 -0 0 0 0 0 0 0 0 0 0 0 0 0 0 1 13150.8 13150.8 13150.8 13150.8
0 0 1 0 0 1 0 0 0 0 0 3.93053e-09 -0 0 0 -0 0 0 0 0 0 0 0 0 0 0 0 0 0 1 13150.8 13150.8 13150.8 13150.8
0 0 1 0 0 1 0 0 0 0 0 1.67209e-09 -0 0 0 -0 0 0 0 0 0 0 0 0 0 0 0 0 0 1 13150.8 13150.8 13150.8 13150.8
0 0 1 0 0 1 0 0 0 0 0 -5.6136e-10 -0 0 0 -0 0 0 0 0 0 0 0 0 0 0 0 0 0 1 13150.8 13150.8 13150.8 13150.8
0 0 1 0 0 1 0 0 0 0 0 -2.593e-09 -0 0 0 -0 0 0 0 0 0 0 0 0 0 0 0 0 0 1 13150.8 13150.8 13150.8 13150.8
0 0 1 0 0 1 0 0 0 0 0 -4.83345e-09 -0 0 0 -0 0 0 0 0 0 0 0 0 0 0 0 0 0 1 13150.8 13150.8 13150.8 13150.8
0 0 1 0 0 1 0 0 0 0 0 3.51308e-10 -0 0 0 -0 0 0 0 0 0 0 0 0 0 0 0 0 0 1 13150.8 13150.8 13150.8 13150.8
0 0 1 0 0 1 0 0 0 0 0 5.60602e-09 -0 0 0 -0 0 0 0 0 0 0 0 0 0 0 0 0 0 1 13150.8 13150.8 13150.8 13150.8
0 0 1 0 0 1 0 0 0 0 0 3.55816e-09 -0 0 0 -0 0 0 0 0 0 0 0 0 0 0 0 0 0 1 13150.8 13150.8 13150.8 13150.8
0 0 1 0 0 1 0 0 0 0 0 1.33409e-09 -0 0 0 -0 0 0 0 0 0 0 0 0 0 0 0 0 0 1 13150.8 13150.8 13150.8 13150.8
0 0 1 0 0 1 0 0 0 0 0 -8.94583e-10 -0 0 0 -0 0 0 0 0 0 0 0 0 0 0 0 0 0 1 13150.8 13150.8 13150.8 13150.8
0 0 1 0 0 1 0 0 0 0 0 -3.1304e-09 -0 0 0 -0 0 0 0 0 0 0 0 0 0 0 0 0 0 1 13150.8 13150.8 13150.8 13150.8
0 0 1 0 0 1 0 0 0 0 0 -5.36747e-09 -0 0 0 -0 0 0 0 0 0 0 0 0 0 0 0 0 0 1 13150.8 13150.8 13150.8 13150.8
0 0 1 0 0 1 0 0 0 0 0 -6.43805e-10 -0 0 0 -0 0 0 0 0 0 0 0 0 0 0 0 0 0 1 13150.8 13150.8 13150.8 13150.8
0 0 1 0 0 1 0 0 0 0 0 4.6708e-09 -0 0 0 -0 0 0 0 0 0 0 0 0 0 0 0 0 0 1 13150.8 13150.8 13150.8 13150.8
0 0 1 0 0 1 0 0 0 0 0 2.44306e-09 -0 0 0 -0 0 0 0 0 0 0 0 0 0 0 0 0 0 1 13150.8 13150.8 13150.8 13150.8
0 0 1 0 0 1 0 0 0 0 0 4.00956e-10 -0 0 0 -0 0 0 0 0 0 0 0 0 0 0 0 0 0 1 13150.8 13150.8 13150.8 13150.8
0 0 1 0 0 1 0 0 0 0 0 -1.83877e-09 -0 0 0 -0 0 0 0 0 0 0 0 0 0 0 0 0 0 1 13150.8 13150.8 13150.8 13150.8
0 0 1 0 0 1 0 0 0 0 0 -4.06766e-09 -0 0 0 -0 0 0 0 0 0 0 0 0 0 0 0 0 0 1 13150.8 13150.8 13150.8 13150.8
0 0 1 0 0 1 0 0 0 0 0 -6.31716e-09 -0 0 0 -0 0 0 0 0 0 0 0 0 0 0 0 0 0 1 13150.8 13150.8 13150.8 13150.8
0 0 1 0 0 1 0 0 0 0 0 -1.5492e-09 -0 0 0 -0 0 0 0 0 0 0 0 0 0 0 0 0 0 1 13150.8 13150.8 13150.8 13150.8
0 0 1 0 0 1 0 0 0 0 0 3.59906e-09 -0 0 0 -0 0 0 0 0 0 0 0 0 0 0 0 0 0 1 13150.8 13150.8 13150.8 13150.8
0 0 1 0 0 1 0 0 0 0 0 1.34271e-09 -0 0 0 -0 0 0 0 0 0 0 0 0 0 0 0 0 0 1 13150.8 13150.8 13150.8 13150.8
0 0 1 0 0 1 0 0 0 0 0 -8.90551e-10 -0 0 0 -0 0 0 0 0 0 0 0 0 0 0 0 0 0 1 13150.8 13150.8 13150.8 13150.8
0 0 1 0 0 1 0 0 0 0 0 -2.91668e-09 -0 0 0 -0 0 0 0 0 0 0 0 0 0 0 0 0 0 1 13150.8 13150.8 13150.8 13150.8
0 0 1 0 0 1 0 0 0 0 0 -5.16123e-09 -0 0 0 -0 0 0 0 0 0 0 0 0 0 0 0 0 0 1 13150.8 13150.8 13150.8 13150.8
0 0 1 0 0 1 0 0 0 0 0 8.35389e-11 -0 0 0 -0 0 0 0 0 0 0 0 0 0 0 0 0 0 1 13150.8 13150.8 13150.8 13150.8
0 0 1 0 0 1 0 0 0 0 0 5.29254e-09 -0 0 0 -0 0 0 0 0 0 0 0 0 0 0 0 0 0 1 13150.8 13150.8 13150.8 13150.8
0 0 1 0 0 1 0 0 0 0 0 3.25821e-09 -0 0 0 -0 0 0 0 0 0 0 0 0 0 0 0 0 0 1 13150.8 13150.8 13150.8 13150.8
0 0 1 0 0 1 0 0 0 0 0 1.01984e-09 -0 0 0 -0 0 0 0 0 0 0 0 0 0 0 0 0 0 1 13150.8 13150.8 13150.8 13150.8
0 0 1 0 0 1 0 0 0 0 0 -1.22332e-09 -0 0 0 -0 0 0 0 0 0 0 0 0 0 0 0 0 0 1 13150.8 13150.8 13150.8 13150.8
0 0 1 0 0 1 0 0 0 0 0 -3.44192e-09 -0 0 0 -0 0 0 0 0 0 0 0 0 0 0 0 0 0 1 13150.8 13150.8 13150.8 13150.8
0 0 1 0 0 1 0 0 0 0 0 -5.67705e-09 -0 0 0 -0 0 0 0 0 0 0 0 0 0 0 0 0 0 1 13150.8 13150.8 13150.8 13150.8
0 0 1 0 0 1 0 0 0 0 0 -9.45042e-10 -0 0 0 -0 0 0 0 0 0 0 0 0 0 0 0 0 0 1 13150.8 13150.8 13150.8 13150.8
0 0 1 0 0 1 0 0 0 0 0 4.24366e-09 -0 0 0 -0 0 0 0 0 0 0 0 0 0 0 0 0 0 1 13150.8 13150.8 13150.8 13150.8
0 0 1 0 0 1 0 0 0 0 0 1.97819e-09 -0 0 0 -0 0 0 0 0 0 0 0 0 0 0 0 0 0 1 13150.8 13150.8 13150.8 13150.8
0 0 1 0 0 1 0 0 0 0 0 -2.67193e-10 -0 0 0 -0 0 0 0 0 0 0 0 0 0 0 0 0 0 1 13150.8 13150.8 13150.8 13150.8
0 0 1 0 0 1 0 0 0 0 0 -2.31594e-09 -0 0 0 -0 0 0 0 0 0 0 0 0 0 0 0 0 0 1 13150.8 13150.8 13150.8 13150.8
0 0 1 0 0 1 0 0 0 0 0 -4.54495e-09 -0 0 0 -0 0 0 0 0 0 0 0 0 0 0 0 0 0 1 13150.8 13150.8 13150.8 13150.8
0 0 1 0 0 1 0 0 0 0 0 6.55601e-10 -0 0 0 -0 0 0 0 0 0 0 0 0 0 0 0 0 0 1 13150.8 13150.8 13150.8 13150.8
0 0 1 0 0 1 0 0 0 0 0 5.42528e-09 -0 0 0 -0 0 0 0 0 0 0 0 0 0 0 0 0 0 1 13150.8 13150.8 13150.8 13150.8
0 0 1 0 0 1 0 0 0 0 0 3.18963e-09 -0 0 0 -0 0 0 0 0 0 0 0 0 0 0 0 0 0 1 13150.8 13150.8 13150.8 13150.8
0 0 1 0 0 1 0 0 0 0 0 9.55353e-10 -0 0 0 -0 0 0 0 0 0 0 0 0 0 0 0 0 0 1 13150.8 13150.8 13150.8 13150.8
0 0 1 0 0 1 0 0 0 0 0 -1.29286e-09 -0 0 0 -0 0 0 0 0 0 0 0 0 0 0 0 0 0 1 13150.8 13150.8 13150.8 13150.8
0 0 1 0 0 1 0 0 0 0 0 -3.3339e-09 -0 0 0 -0 0 0 0 0 0 0 0 0 0 0 0 0 0 1 13150.8 13150.8 13150.8 13150.8
0 0 1 0 0 1 0 0 0 0 0 -5.56672e-09 -0 0 0 -0 0 0 0 0 0 0 0 0 0 0 0 0 0 1 13150.8 13150.8 13150.8 13150.8
0 0 1 0 0 1 0 0 0 0 0 -3.27954e-10 -0 0 0 -0 0 0 0 0 0 0 0 0 0 0 0 0 0 1 13150.8 13150.8 13150.8 13150.8
0 0 1 0 0 1 0 0 0 0 0 4.84873e-09 -0 0 0 -0 0 0 0 0 0 0 0 0 0 0 0 0 0 1 13150.8 13150.8 13150.8 13150.8
0 0 1 0 0 1 0 0 0 0 0 2.80811e-09 -0 0 0 -0 0 0 0 0 0 0 0 0 0 0 0 0 0 1 13150.8 13150.8 13150.8 13150.8
0 0 1 0 0 1 0 0 0 0 0 5.44823e-10 -0 0 0 -0 0 0 0 0 0 0 0 0 0 0 0 0 0 1 13150.8 13150.8 13150.8 13150.8
0 0 1 0 0 1 0 0 0 0 0 -1.67329e-09 -0 0 0 -0 0 0 0 0 0 0 0 0 0 0 0 0 0 1 13150.8 13150.8 13150.8 13150.8
0 0 1 0 0 1 0 0 0 0 0 -3.92991e-09 -0 0 0 -0 0 0 0 0 0 0 0 0 0 0 0 0 0 1 13150.8 13150.8 13150.8 13150.8
0 0 1 0 0 1 0 0 0 0 0 -5.95575e-09 -0 0 0 -0 0 0 0 0 0 0 0 0 0 0 0 0 0 1 13150.8 13150.8 13150.8 13150.8
0 0 1 0 0 1 0 0 0 0 0 -8.48479e-10 -0 0 0 -0 0 0 0 0 0 0 0 0 0 0 0 0 0 1 13150.8 13150.8 13150.8 13150.8
0 0 1 0 0 1 0 0 0 0 0 4.45628e-09 -0 0 0 -0 0 0 0 0 0 0 0 0 0 0 0 0 0 1 13150.8 13150.8 13150.8 13150.8
0 0 1 0 0 1 0 0 0 0 0 2.22668e-09 -0 0 0 -0 0 0 0 0 0 0 0 0 0 0 0 0 0 1 13150.8 13150.8 13150.8 13150.8
0 0 1 0 0 1 0 0 0 0 0 -3.38433e-11 -0 0 0 -0 0 0 0 0 0 0 0 0 0 0 0 0 0 1 13150.8 13150.8 13150.8 13150.8
0 0 1 0 0 1 0 0 0 0 0 -2.06091e-09 -0 0 0 -0 0 0 0 0 0 0 0 0 0 0 0 0 0 1 13150.8 13150.8 13150.8 13150.8
0 0 1 0 0 1 0 0 0 0 0 -4.30116e-09 -0 0 0 -0 0 0 0 0 0 0 0 0 0 0 0 0 0 1 13150.8 13150.8 13150.8 13150.8
0 0 1 0 0 1 0 0 0 0 0 9.06976e-10 -0 0 0 -0 0 0 0 0 0 0 0 0 0 0 0 0 0 1 13150.8 13150.8 13150.8 13150.8
0 0 1 0 0 1 0 0 0 0 0 6.1112e-09 -0 0 0 -0 0 0 0 0 0 0 0 0 0 0 0 0 0 1 13150.8 13150.8 13150.8 13150.8
0 0 1 0 0 1 0 0 0 0 0 4.06463e-09 -0 0 0 -0 0 0 0 0 0 0 0 0 0 0 0 0 0 1 13150.8 13150.8 13150.8 13150.8
0 0 1 0 0 1 0 0 0 0 0 1.80808e-09 -0 0 0 -0 0 0 0 0 0 0 0 0 0 0 0 0 0 1 13150.8 13150.8 13150.8 13150.8
0 0 1 0 0 1 0 0 0 0 0 -4.06437e-10 -0 0 0 -0 0 0 0 0 0 0 0 0 0 0 0 0 0 1 13150.8 13150.8 13150.8 13150.8
0 0 1 0 0 1 0 0 0 0 0 -2.64859e-09 -0 0 0 -0 0 0 0 0 0 0 0 0 0 0 0 0 0 1 13150.8 13150.8 13150.8 13150.8
0 0 1 0 0 1 0 0 0 0 0 -4.92703e-09 -0 0 0 -0 0 0 0 0 0 0 0 0 0 0 0 0 0 1 13150.8 13150.8 13150.8 13150.8
0 0 1 0 0 1 0 0 0 0 0 -2.81746e-10 -0 0 0 -0 0 0 0 0 0 0 0 0 0 0 0 0 0 1 13150.8 13150.8 13150.8 13150.8
0 0 1 0 0 1 0 0 0 0 0 4.93646e-09 -0 0 0 -0 0 0 0 0 0 0 0 0 0 0 0 0 0 1 13150.8 13150.8 13150.8 13150.8
0 0 1 0 0 1 0 0 0 0 0 2.87131e-09 -0 0 0 -0 0 0 0 0 0 0 0 0 0 0 0 0 0 1 13150.8 13150.8 13150.8 13150.8
0 0 1 0 0 1 0 0 0 0 0 6.35685e-10 -0 0 0 -0 0 0 0 0 0 0 0 0 0 0 0 0 0 1 13150.8 13150.8 13150.8 13150.8
0 0 1 0 0 1 0 0 0 0 0 -1.61414e-09 -0 0 0 -0 0 0 0 0 0 0 0 0 0 0 0 0 0 1 13150.8 13150.8 13150.8 13150.8
0 0 1 0 0 1 0 0 0 0 0 -3.82103e-09 -0 0 0 -0 0 0 0 0 0 0 0 0 0 0 0 0 0 1 13150.8 13150.8 13150.8 13150.8
0 0 1 0 0 1 0 0 0 0 0 -6.06051e-09 -0 0 0 -0 0 0 0 0 0 0 0 0 0 0 0 0 0 1 13150.8 13150.8 13150.8 13150.8
0 0 1 0 0 1 0 0 0 0 0 -1.40385e-09 -0 0 0 -0 0 0 0 0 0 0 0 0 0 0 0 0 0 1 13150.8 13150.8 13150.8 13150.8
0 0 1 0 0 1 0 0 0 0 0 3.94724e-09 -0 0 0 -0 0 0 0 0 0 0 0 0 0 0 0 0 0 1 13150.8 13150.8 13150.8 13150.8
0 0 1 0 0 1 0 0 0 0 0 1.72157e-09 -0 0 0 -0 0 0 0 0 0 0 0 0 0 0 0 0 0 1 13150.8 13150.8 13150.8 13150.8
0 0 1 0 0 1 0 0 0 0 0 -5.2555e-10 -0 0 0 -0 0 0 0 0 0 0 0 0 0 0 0 0 0 1 13150.8 13150.8 13150.8 13150.8
0 0 1 0 0 1 0 0 0 0 0 -2.55598e-09 -0 0 0 -0 0 0 0 0 0 0 0 0 0 0 0 0 0 1 13150.8 13150.8 13150.8 13150.8
0 0 1 0 0 1 0 0 0 0 0 -4.79164e-09 -0 0 0 -0 0 0 0 0 0 0 0 0 0 0 0 0 0 1 13150.8 13150.8 13150.8 13150.8
0 0 1 0 0 1 0 0 0 0 0 4.52484e-10 -0 0 0 -0 0 0 0 0 0 0 0 0 0 0 0 0 0 1 13150.8 13150.8 13150.8 13150.8
0 0 1 0 0 1 0 0 0 0 0 5.20565e-09 -0 0 0 -0 0 0 0 0 0 0 0 0 0 0 0 0 0 1 13150.8 13150.8 13150.8 13150.8
0 0 1 0 0 1 0 0 0 0 0 2.96577e-09 -0 0 0 -0 0 0 0 0 0 0 0 0 0 0 0 0 0 1 13150.8 13150.8 13150.8 13150.8
0 0 1 0 0 1 0 0 0 0 0 7.27445e-10 -0 0 0 -0 0 0 0 0 0 0 0 0 0 0 0 0 0 1 13150.8 13150.8 13150.8 13150.8
0 0 1 0 0 1 0 0 0 0 0 -1.51838e-09 -0 0 0 -0 0 0 0 0 0 0 0 0 0 0 0 0 0 1 13150.8 13150.8 13150.8 13150.8
0 0 1 0 0 1 0 0 0 0 0 -3.55369e-09 -0 0 0 -0 0 0 0 0 0 0 0 0 0 0 0 0 0 1 13150.8 13150.8 13150.8 13150.8
0 0 1 0 0 1 0 0 0 0 0 -5.823e-09 -0 0 0 -0 0 0 0 0 0 0 0 0 0 0 0 0 0 1 13150.8 13150.8 13150.8 13150.8
0 0 1 0 0 1 0 0 0 0 0 -2.0832e-10 -0 0 0 -0 0 0 0 0 0 0 0 0 0 0 0 0 0 1 13150.8 13150.8 13150.8 13150.8
0 0 1 0 0 1 0 0 0 0 0 4.78307e-09 -0 0 0 -0 0 0 0 0 0 0 0 0 0 0 0 0 0 1 13150.8 13150.8 13150.8 13150.8
0 0 1 0 0 1 0 0 0 0 0 2.82776e-09 -0 0 0 -0 0 0 0 0 0 0 0 0 0 0 0 0 0 1 13150.8 13150.8 13150.8 13150.8
0 0 1 0 0 1 0 0 0 0 0 5.96872e-10 -0 0 0 -0 0 0 0 0 0 0 0 0 0 0 0 0 0 1 13150.8 13150.8 13150.8 13150.8
0 0 1 0 0 1 0 0 0 0 0 -1.6458e-09 -0 0 0 -0 0 0 0 0 0 0 0 0 0 0 0 0 0 1 13150.8 13150.8 13150.8 13150.8
0 0 1 0 0 1 0 0 0 0 0 -3.88137e-09 -0 0 0 -0 0 0 0 0 0 0 0 0 0 0 0 0 0 1 13150.8 13150.8 13150.8 13150.8
0 0 1 0 0 1 0 0 0 0 0 -5.89119e-09 -0 0 0 -0 0 0 0 0 0 0 0 0 0 0 0 0 0 1 13150.8 13150.8 13150.8 13150.8
0 0 1 0 0 1 0 0 0 0 0 -6.7956e-10 -0 0 0 -0 0 0 0 0 0 0 0 0 0 0 0 0 0 1 13150.8 13150.8 13150.8 13150.8
0 0 1 0 0 1 0 0 0 0 0 4.57238e-09 -0 0 0 -0 0 0 0 0 0 0 0 0 0 0 0 0 0 1 13150.8 13150.8 13150.8 13150.8
0 0 1 0 0 1 0 0 0 0 0 2.34983e-09 -0 0 0 -0 0 0 0 0 0 0 0 0 0 0 0 0 0 1 13150.8 13150.8 13150.8 13150.8
0 0 1 0 0 1 0 0 0 0 0 2.85947e-10 -0 0 0 -0 0 0 0 0 0 0 0 0 0 0 0 0 0 1 13150.8 13150.8 13150.8 13150.8
0 0 1 0 0 1 0 0 0 0 0 -1.92009e-09 -0 0 0 -0 0 0 0 0 0 0 0 0 0 0 0 0 0 1 13150.8 13150.8 13150.8 13150.8
0 0 1 0 0 1 0 0 0 0 0 -4.19165e-09 -0 0 0 -0 0 0 0 0 0 0 0 0 0 0 0 0 0 1 13150.8 13150.8 13150.8 13150.8
0 0 1 0 0 1 0 0 0 0 0 9.96587e-10 -0 0 0 -0 0 0 0 0 0 0 0 0 0 0 0 0 0 1 13150.8 13150.8 13150.8 13150.8
0 0 1 0 0 1 0 0 0 0 0 5.72822e-09 -0 0 0 -0 0 0 0 0 0 0 0 0 0 0 0 0 0 1 13150.8 13150.8 13150.8 13150.8
0 0 1 0 0 1 0 0 0 0 0 3.48656e-09 -0 0 0 -0 0 0 0 0 0 0 0 0 0 0 0 0 0 1 13150.8 13150.8 13150.8 13150.8
0 0 1 0 0 1 0 0 0 0 0 1.24713e-09 -0 0 0 -0 0 0 0 0 0 0 0 0 0 0 0 0 0 1 13150.8 13150.8 13150.8 13150.8
0 0 1 0 0 1 0 0 0 0 0 -1.02847e-09 -0 0 0 -0 0 0 0 0 0 0 0 0 0 0 0 0 0 1 13150.8 13150.8 13150.8 13150.8
0 0 1 0 0 1 0 0 0 0 0 -3.02473e-09 -0 0 0 -0 0 0 0 0 0 0 0 0 0 0 0 0 0 1 13150.8 13150.8 13150.8 13150.8
0 0 1 0 0 1 0 0 0 0 0 -5.26301e-09 -0 0 0 -0 0 0 0 0 0 0 0 0 0 0 0 0 0 1 13150.8 13150.8 13150.8 13150.8
0 0 1 0 0 1 0 0 0 0 0 1.4029e-11 -0 0 0 -0 0 0 0 0 0 0 0 0 0 0 0 0 0 1 13150.8 13150.8 13150.8 13150.8
0 0 1 0 0 1 0 0 0 0 0 5.16094e-09 -0 0 0 -0 0 0 0 0 0 0 0 0 0 0 0 0 0 1 13150.8 13150.8 13150.8 13150.8
0 0 1 0 0 1 0 0 0 0 0 3.11419e-09 -0 0 0 -0 0 0 0 0 0 0 0 0 0 0 0 0 0 1 13150.8 13150.8 13150.8 13150.8
0 0 1 0 0 1 0 0 0 0 0 8.5455e-10 -0 0 0 -0 0 0 0 0 0 0 0 0 0 0 0 0 0 1 13150.8 13150.8 13150.8 13150.8
0 0 1 0 0 1 0 0 0 0 0 -1.38151e-09 -0 0 0 -0 0 0 0 0 0 0 0 0 0 0 0 0 0 1 13150.8 13150.8 13150.8 13150.8
0 0 1 0 0 1 0 0 0 0 0 -3.61908e-09 -0 0 0 -0 0 0 0 0 0 0 0 0 0 0 0 0 0 1 13150.8 13150.8 13150.8 13150.8
0 0 1 0 0 1 0 0 0 0 0 -5.67879e-09 -0 0 0 -0 0 0 0 0 0 0 0 0 0 0 0 0 0 1 13150.8 13150.8 13150.8 13150.8
0 0 1 0 0 1 0 0 0 0 0 -5.71e-10 -0 0 0 -0 0 0 0 0 0 0 0 0 0 0 0 0 0 1 13150.8 13150.8 13150.8 13150.8
0 0 1 0 0 1 0 0 0 0 0 4.65144e-09 -0 0 0 -0 0 0 0 0 0 0 0 0 0 0 0 0 0 1 13150.8 13150.8 13150.8 13150.8
0 0 1 0 0 1 0 0 0 0 0 2.41883e-09 -0 0 0 -0 0 0 0 0 0 0 0 0 0 0 0 0 0 1 13150.8 13150.8 13150.8 13150.8
0 0 1 0 0 1 0 0 0 0 0 3.45515e-10 -0 0 0 -0 0 0 0 0 0 0 0 0 0 0 0 0 0 1 13150.8 13150.8 13150.8 13150.8
0 0 1 0 0 1 0 0 0 0 0 -1.87493e-09 -0 0 0 -0 0 0 0 0 0 0 0 0 0 0 0 0 0 1 13150.8 13150.8 13150.8 13150.8
0 0 1 0 0 1 0 0 0 0 0 -4.10746e-09 -0 0 0 -0 0 0 0 0 0 0 0 0 0 0 0 0 0 1 13150.8 13150.8 13150.8 13150.8
0 0 1 0 0 1 0 0 0 0 0 1.09737e-09 -0 0 0 -0 0 0 0 0 0 0 0 0 0 0 0 0 0 1 13150.8 13150.8 13150.8 13150.8
0 0 1 0 0 1 0 0 0 0 0 5.8492e-09 -0 0 0 -0 0 0 0 0 0 0 0 0 0 0 0 0 0 1 13150.8 13150.8 13150.8 13150.8
0 0 1 0 0 1 0 0 0 0 0 3.60844e-09 -0 0 0 -0 0 0 0 0 0 0 0 0 0 0 0 0 0 1 13150.8 13150.8 13150.8 13150.8
0 0 1 0 0 1 0 0 0 0 0 1.36491e-09 -0 0 0 -0 0 0 0 0 0 0 0 0 0 0 0 0 0 1 13150.8 13150.8 13150.8 13150.8
0 0 1 0 0 1 0 0 0 0 0 -8.94988e-10 -0 0 0 -0 0 0 0 0 0 0 0 0 0 0 0 0 0 1 13150.8 13150.8 13150.8 13150.8
0 0 1 0 0 1 0 0 0 0 0 -2.91955e-09 -0 0 0 -0 0 0 0 0 0 0 0 0 0 0 0 0 0 1 13150.8 13150.8 13150.8 13150.8
0 0 1 0 0 1 0 0 0 0 0 -5.12254e-09 -0 0 0 -0 0 0 0 0 0 0 0 0 0 0 0 0 0 1 13150.8 13150.8 13150.8 13150.8
0 0 1 0 0 1 0 0 0 0 0 1.68559e-10 -0 0 0 -0 0 0 0 0 0 0 0 0 0 0 0 0 0 1 13150.8 13150.8 13150.8 13150.8
0 0 1 0 0 1 0 0 0 0 0 5.38972e-09 -0 0 0 -0 0 0 0 0 0 0 0 0 0 0 0 0 0 1 13150.8 13150.8 13150.8 13150.8
0 0 1 0 0 1 0 0 0 0 0 3.3517e-09 -0 0 0 -0 0 0 0 0 0 0 0 0 0 0 0 0 0 1 13150.8 13150.8 13150.8 13150.8
0 0 1 0 0 1 0 0 0 0 0 1.1086e-09 -0 0 0 -0 0 0 0 0 0 0 0 0 0 0 0 0 0 1 13150.8 13150.8 13150.8 13150.8
0 0 1 0 0 1 0 0 0 0 0 -1.12179e-09 -0 0 0 -0 0 0 0 0 0 0 0 0 0 0 0 0 0 1 13150.8 13150.8 13150.8 13150.8
0 0 1 0 0 1 0 0 0 0 0 -3.37614e-09 -0 0 0 -0 0 0 0 0 0 0 0 0 0 0 0 0 0 1 13150.8 13150.8 13150.8 13150.8
0 0 1 0 0 1 0 0 0 0 0 -5.40527e-09 -0 0 0 -0 0 0 0 0 0 0 0 0 0 0 0 0 0 1 13150.8 13150.8 13150.8 13150.8
0 0 1 0 0 1 0 0 0 0 0 -2.02044e-10 -0 0 0 -0 0 0 0 0 0 0 0 0 0 0 0 0 0 1 13150.8 13150.8 13150.8 13150.8
0 0 1 0 0 1 0 0 0 0 0 5.04873e-09 -0 0 0 -0 0 0 0 0 0 0 0 0 0 0 0 0 0 1 13150.8 13150.8 13150.8 13150.8
0 0 1 0 0 1 0 0 0 0 0 2.82655e-09 -0 0 0 -0 0 0 0 0 0 0 0 0 0 0 0 0 0 1 13150.8 13150.8 13150.8 13150.8
0 0 1 0 0 1 0 0 0 0 0 7.84582e-10 -0 0 0 -0 0 0 0 0 0 0 0 0 0 0 0 0 0 1 13150.8 13150.8 13150.8 13150.8
0 0 1 0 0 1 0 0 0 0 0 -1.49436e-09 -0 0 0 -0 0 0 0 0 0 0 0 0 0 0 0 0 0 1 13150.8 13150.8 13150.8 13150.8
0 0 1 0 0 1 0 0 0 0 0 -3.69722e-09 -0 0 0 -0 0 0 0 0 0 0 0 0 0 0 0 0 0 1 13150.8 13150.8 13150.8 13150.8
0 0 1 0 0 1 0 0 0 0 0 -5.94547e-09 -0 0 0 -0 0 0 0 0 0 0 0 0 0 0 0 0 0 1 13150.8 13150.8 13150.8 13150.8
0 0 1 0 0 1 0 0 0 0 0 -1.17518e-09 -0 0 0 -0 0 0 0 0 0 0 0 0 0 0 0 0 0 1 13150.8 13150.8 13150.8 13150.8
0 0 1 0 0 1 0 0 0 0 0 4.01246e-09 -0 0 0 -0 0 0 0 0 0 0 0 0 0 0 0 0 0 1 13150.8 13150.8 13150.8 13150.8
0 0 1 0 0 1 0 0 0 0 0 1.77195e-09 -0 0 0 -0 0 0 0 0 0 0 0 0 0 0 0 0 0 1 13150.8 13150.8 13150.8 13150.8
0 0 1 0 0 1 0 0 0 0 0 -4.64979e-10 -0 0 0 -0 0 0 0 0 0 0 0 0 0 0 0 0 0 1 13150.8 13150.8 13150.8 13150.8
0 0 1 0 0 1 0 0 0 0 0 -2.50907e-09 -0 0 0 -0 0 0 0 0 0 0 0 0 0 0 0 0 0 1 13150.8 13150.8 13150.8 13150.8
0 0 1 0 0 1 0 0 0 0 0 -4.74661e-09 -0 0 0 -0 0 0 0 0 0 0 0 0 0 0 0 0 0 1 13150.8 13150.8 13150.8 13150.8
0 0 1 0 0 1 0 0 0 0 0 4.73321e-10 -0 0 0 -0 0 0 0 0 0 0 0 0 0 0 0 0 0 1 13150.8 13150.8 13150.8 13150.8
0 0 1 0 0 1 0 0 0 0 0 5.66097e-09 -0 0 0 -0 0 0 0 0 0 0 0 0 0 0 0 0 0 1 13150.8 13150.8 13150.8 13150.8
0 0 1 0 0 1 0 0 0 0 0 3.62152e-09 -0 0 0 -0 0 0 0 0 0 0 0 0 0 0 0 0 0 1 13150.8 13150.8 13150.8 13150.8
0 0 1 0 0 1 0 0 0 0 0 1.37803e-09 -0 0 0 -0 0 0 0 0 0 0 0 0 0 0 0 0 0 1 13150.8 13150.8 13150.8 13150.8
0 0 1 0 0 1 0 0 0 0 0 -8.49951e-10 -0 0 0 -0 0 0 0 0 0 0 0 0 0 0 0 0 0 1 13150.8 13150.8 13150.8 13150.8
0 0 1 0 0 1 0 0 0 0 0 -3.11694e-09 -0 0 0 -0 0 0 0 0 0 0 0 0 0 0 0 0 0 1 13150.8 13150.8 13150.8 13150.8
0 0 1 0 0 1 0 0 0 0 0 -5.13638e-09 -0 0 0 -0 0 0 0 0 0 0 0 0 0 0 0 0 0 1 13150.8 13150.8 13150.8 13150.8
0 0 1 0 0 1 0 0 0 0 0 1.03764e-10 -0 0 0 -0 0 0 0 0 0 0 0 0 0 0 0 0 0 1 13150.8 13150.8 13150.8 13150.8
0 0 1 0 0 1 0 0 0 0 0 5.30855e-09 -0 0 0 -0 0 0 0 0 0 0 0 0 0 0 0 0 0 1 13150.8 13150.8 13150.8 13150.8
0 0 1 0 0 1 0 0 0 0 0 3.0752e-09 -0 0 0 -0 0 0 0 0 0 0 0 0 0 0 0 0 0 1 13150.8 13150.8 13150.8 13150.8
0 0 1 0 0 1 0 0 0 0 0 1.02123e-09 -0 0 0 -0 0 0 0 0 0 0 0 0 0 0 0 0 0 1 13150.8 13150.8 13150.8 13150.8
0 0 1 0 0 1 0 0 0 0 0 -1.21302e-09 -0 0 0 -0 0 0 0 0 0 0 0 0 0 0 0 0 0 1 13150.8 13150.8 13150.8 13150.8
0 0 1 0 0 1 0 0 0 0 0 -3.49768e-09 -0 0 0 -0 0 0 0 0 0 0 0 0 0 0 0 0 0 1 13150.8 13150.8 13150.8 13150.8
0 0 1 0 0 1 0 0 0 0 0 -5.67144e-09 -0 0 0 -0 0 0 0 0 0 0 0 0 0 0 0 0 0 1 13150.8 13150.8 13150.8 13150.8
0 0 1 0 0 1 0 0 0 0 0 -4.59205e-10 -0 0 0 -0 0 0 0 0 0 0 0 0 0 0 0 0 0 1 13150.8 13150.8 13150.8 13150.8
0 0 1 0 0 1 0 0 0 0 0 4.29794e-09 -0 0 0 -0 0 0 0 0 0 0 0 0 0 0 0 0 0 1 13150.8 13150.8 13150.8 13150.8
0 0 1 0 0 1 0 0 0 0 0 2.05644e-09 -0 0 0 -0 0 0 0 0 0 0 0 0 0 0 0 0 0 1 13150.8 13150.8 13150.8 13150.8
0 0 1 0 0 1 0 0 0 0 0 -1.81398e-10 -0 0 0 -0 0 0 0 0 0 0 0 0 0 0 0 0 0 1 13150.8 13150.8 13150.8 13150.8
0 0 1 0 0 1 0 0 0 0 0 -2.46554e-09 -0 0 0 -0 0 0 0 0 0 0 0 0 0 0 0 0 0 1 13150.8 13150.8 13150.8 13150.8
0 0 1 0 0 1 0 0 0 0 0 -4.47435e-09 -0 0 0 -0 0 0 0 0 0 0 0 0 0 0 0 0 0 1 13150.8 13150.8 13150.8 13150.8
0 0 1 0 0 1 0 0 0 0 0 8.05801e-10 -0 0 0 -0 0 0 0 0 0 0 0 0 0 0 0 0 0 1 13150.8 13150.8 13150.8 13150.8
0 0 1 0 0 1 0 0 0 0 0 5.93218e-09 -0 0 0 -0 0 0 0 0 0 0 0 0 0 0 0 0 0 1 13150.8 13150.8 13150.8 13150.8
0 0 1 0 0 1 0 0 0 0 0 3.89687e-09 -0 0 0 -0 0 0 0 0 0 0 0 0 0 0 0 0 0 1 13150.8 13150.8 13150.8 13150.8
0 0 1 0 0 1 0 0 0 0 0 1.38849e-09 -0 0 0 -0 0 0 0 0 0 0 0 0 0 0 0 0 0 1 13150.8 13150.8 13150.8 13150.8
0 0 1 0 0 1 0 0 0 0 0 -5.67161e-10 -0 0 0 -0 0 0 0 0 0 0 0 0 0 0 0 0 0 1 13150.8 13150.8 13150.8 13150.8
0 0 1 0 0 1 0 0 0 0 0 -2.80751e-09 -0 0 0 -0 0 0 0 0 0 0 0 0 0 0 0 0 0 1 13150.8 13150.8 13150.8 13150.8
0 0 1 0 0 1 0 0 0 0 0 -4.88469e-09 -0 0 0 -0 0 0 0 0 0 0 0 0 0 0 0 0 0 1 13150.8 13150.8 13150.8 13150.8
0 0 1 0 0 1 0 0 0 0 0 2.70691e-10 -0 0 0 -0 0 0 0 0 0 0 0 0 0 0 0 0 0 1 13150.8 13150.8 13150.8 13150.8
0 0 1 0 0 1 0 0 0 0 0 5.46951e-09 -0 0 0 -0 0 0 0 0 0 0 0 0 0 0 0 0 0 1 13150.8 13150.8 13150.8 13150.8
0 0 1 0 0 1 0 0 0 0 0 3.17283e-09 -0 0 0 -0 0 0 0 0 0 0 0 0 0 0 0 0 0 1 13150.8 13150.8 13150.8 13150.8
0 0 1 0 0 1 0 0 0 0 0 1.17913e-09 -0 0 0 -0 0 0 0 0 0 0 0 0 0 0 0 0 0 1 13150.8 13150.8 13150.8 13150.8
0 0 1 0 0 1 0 0 0 0 0 -1.05185e-09 -0 0 0 -0 0 0 0 0 0 0 0 0 0 0 0 0 0 1 13150.8 13150.8 13150.8 13150.8
0 0 1 0 0 1 0 0 0 0 0 -3.33002e-09 -0 0 0 -0 0 0 0 0 0 0 0 0 0 0 0 0 0 1 13150.8 13150.8 13150.8 13150.8
0 0 1 0 0 1 0 0 0 0 0 -5.56049e-09 -0 0 0 -0 0 0 0 0 0 0 0 0 0 0 0 0 0 1 13150.8 13150.8 13150.8 13150.8
0 0 1 0 0 1 0 0 0 0 0 -8.35596e-10 -0 0 0 -0 0 0 0 0 0 0 0 0 0 0 0 0 0 1 13150.8 13150.8 13150.8 13150.8
0 0 1 0 0 1 0 0 0 0 0 4.34812e-09 -0 0 0 -0 0 0 0 0 0 0 0 0 0 0 0 0 0 1 13150.8 13150.8 13150.8 13150.8
0 0 1 0 0 1 0 0 0 0 0 2.0839e-09 -0 0 0 -0 0 0 0 0 0 0 0 0 0 0 0 0 0 1 13150.8 13150.8 13150.8 13150.8
0 0 1 0 0 1 0 0 0 0 0 -1.5289e-10 -0 0 0 -0 0 0 0 0 0 0 0 0 0 0 0 0 0 1 13150.8 13150.8 13150.8 13150.8
0 0 1 0 0 1 0 0 0 0 0 -2.17953e-09 -0 0 0 -0 0 0 0 0 0 0 0 0 0 0 0 0 0 1 13150.8 13150.8 13150.8 13150.8
0 0 1 0 0 1 0 0 0 0 0 -4.4149e-09 -0 0 0 -0 0 0 0 0 0 0 0 0 0 0 0 0 0 1 13150.8 13150.8 13150.8 13150.8
0 0 1 0 0 1 0 0 0 0 0 8.5305e-10 -0 0 0 -0 0 0 0 0 0 0 0 0 0 0 0 0 0 1 13150.8 13150.8 13150.8 13150.8
0 0 1 0 0 1 0 0 0 0 0 5.99831e-09 -0 0 0 -0 0 0 0 0 0 0 0 0 0 0 0 0 0 1 13150.8 13150.8 13150.8 13150.8
0 0 1 0 0 1 0 0 0 0 0 3.95579e-09 -0 0 0 -0 0 0 0 0 0 0 0 0 0 0 0 0 0 1 13150.8 13150.8 13150.8 13150.8
0 0 1 0 0 1 0 0 0 0 0 1.72493e-09 -0 0 0 -0 0 0 0 0 0 0 0 0 0 0 0 0 0 1 13150.8 13150.8 13150.8 13150.8
0 0 1 0 0 1 0 0 0 0 0 -8.77893e-10 -0 0 0 -0 0 0 0 0 0 0 0 0 0 0 0 0 0 1 13150.8 13150.8 13150.8 13150.8
0 0 1 0 0 1 0 0 0 0 0 -2.74601e-09 -0 0 0 -0 0 0 0 0 0 0 0 0 0 0 0 0 0 1 13150.8 13150.8 13150.8 13150.8
0 0 1 0 0 1 0 0 0 0 0 -5.0206e-09 -0 0 0 -0 0 0 0 0 0 0 0 0 0 0 0 0 0 1 13150.8 13150.8 13150.8 13150.8
0 0 1 0 0 1 0 0 0 0 0 -2.75432e-10 -0 0 0 -0 0 0 0 0 0 0 0 0 0 0 0 0 0 1 13150.8 13150.8 13150.8 13150.8
0 0 1 0 0 1 0 0 0 0 0 4.92265e-09 -0 0 0 -0 0 0 0 0 0 0 0 0 0 0 0 0 0 1 13150.8 13150.8 13150.8 13150.8
0 0 1 0 0 1 0 0 0 0 0 2.69113e-09 -0 0 0 -0 0 0 0 0 0 0 0 0 0 0 0 0 0 1 13150.8 13150.8 13150.8 13150.8
0 0 1 0 0 1 0 0 0 0 0 5.80039e-10 -0 0 0 -0 0 0 0 0 0 0 0 0 0 0 0 0 0 1 13150.8 13150.8 13150.8 13150.8
0 0 1 0 0 1 0 0 0 0 0 -1.57544e-09 -0 0 0 -0 0 0 0 0 0 0 0 0 0 0 0 0 0 1 13150.8 13150.8 13150.8 13150.8
0 0 1 0 0 1 0 0 0 0 0 -3.8131e-09 -0 0 0 -0 0 0 0 0 0 0 0 0 0 0 0 0 0 1 13150.8 13150.8 13150.8 13150.8
0 0 1 0 0 1 0 0 0 0 0 -6.10324e-09 -0 0 0 -0 0 0 0 0 0 0 0 0 0 0 0 0 0 1 13150.8 13150.8 13150.8 13150.8
0 0 1 0 0 1 0 0 0 0 0 -1.45383e-09 -0 0 0 -0 0 0 0 0 0 0 0 0 0 0 0 0 0 1 13150.8 13150.8 13150.8 13150.8
0 0 1 0 0 1 0 0 0 0 0 3.76252e-09 -0 0 0 -0 0 0 0 0 0 0 0 0 0 0 0 0 0 1 13150.8 13150.8 13150.8 13150.8
0 0 1 0 0 1 0 0 0 0 0 1.49357e-09 -0 0 0 -0 0 0 0 0 0 0 0 0 0 0 0 0 0 1 13150.8 13150.8 13150.8 13150.8
0 0 1 0 0 1 0 0 0 0 0 -6.14117e-10 -0 0 0 -0 0 0 0 0 0 0 0 0 0 0 0 0 0 1 13150.8 13150.8 13150.8 13150.8
0 0 1 0 0 1 0 0 0 0 0 -2.96963e-09 -0 0 0 -0 0 0 0 0 0 0 0 0 0 0 0 0 0 1 13150.8 13150.8 13150.8 13150.8
0 0 1 0 0 1 0 0 0 0 0 -5.01518e-09 -0 0 0 -0 0 0 0 0 0 0 0 0 0 0 0 0 0 1 13150.8 13150.8 13150.8 13150.8
0 0 1 0 0 1 0 0 0 0 0 1.72462e-10 -0 0 0 -0 0 0 0 0 0 0 0 0 0 0 0 0 0 1 13150.8 13150.8 13150.8 13150.8
0 0 1 0 0 1 0 0 0 0 0 5.36903e-09 -0 0 0 -0 0 0 0 0 0 0 0 0 0 0 0 0 0 1 13150.8 13150.8 13150.8 13150.8
0 0 1 0 0 1 0 0 0 0 0 3.32595e-09 -0 0 0 -0 0 0 0 0 0 0 0 0 0 0 0 0 0 1 13150.8 13150.8 13150.8 13150.8
0 0 1 0 0 1 0 0 0 0 0 1.06988e-09 -0 0 0 -0 0 0 0 0 0 0 0 0 0 0 0 0 0 1 13150.8 13150.8 13150.8 13150.8
0 0 1 0 0 1 0 0 0 0 0 -1.16476e-09 -0 0 0 -0 0 0 0 0 0 0 0 0 0 0 0 0 0 1 13150.8 13150.8 13150.8 13150.8
0 0 1 0 0 1 0 0 0 0 0 -3.38103e-09 -0 0 0 -0 0 0 0 0 0 0 0 0 0 0 0 0 0 1 13150.8 13150.8 13150.8 13150.8
0 0 1 0 0 1 0 0 0 0 0 -5.42764e-09 -0 0 0 -0 0 0 0 0 0 0 0 0 0 0 0 0 0 1 13150.8 13150.8 13150.8 13150.8
0 0 1 0 0 1 0 0 0 0 0 -2.29201e-10 -0 0 0 -0 0 0 0 0 0 0 0 0 0 0 0 0 0 1 13150.8 13150.8 13150.8 13150.8
0 0 1 0 0 1 0 0 0 0 0 4.99991e-09 -0 0 0 -0 0 0 0 0 0 0 0 0 0 0 0 0 0 1 13150.8 13150.8 13150.8 13150.8
0 0 1 0 0 1 0 0 0 0 0 2.76148e-09 -0 0 0 -0 0 0 0 0 0 0 0 0 0 0 0 0 0 1 13150.8 13150.8 13150.8 13150.8
0 0 1 0 0 1 0 0 0 0 0 7.24575e-10 -0 0 0 -0 0 0 0 0 0 0 0 0 0 0 0 0 0 1 13150.8 13150.8 13150.8 13150.8
0 0 1 0 0 1 0 0 0 0 0 -1.50678e-09 -0 0 0 -0 0 0 0 0 0 0 0 0 0 0 0 0 0 1 13150.8 13150.8 13150.8 13150.8
0 0 1 0 0 1 0 0 0 0 0 -3.76912e-09 -0 0 0 -0 0 0 0 0 0 0 0 0 0 0 0 0 0 1 13150.8 13150.8 13150.8 13150.8
0 0 1 0 0 1 0 0 0 0 0 -5.99797e-09 -0 0 0 -0 0 0 0 0 0 0 0 0 0 0 0 0 0 1 13150.8 13150.8 13150.8 13150.8
0 0 1 0 0 1 0 0 0 0 0 -1.21132e-09 -0 0 0 -0 0 0 0 0 0 0 0 0 0 0 0 0 0 1 13150.8 13150.8 13150.8 13150.8
0 0 1 0 0 1 0 0 0 0 0 4.01955e-09 -0 0 0 -0 0 0 0 0 0 0 0 0 0 0 0 0 0 1 13150.8 13150.8 13150.8 13150.8
0 0 1 0 0 1 0 0 0 0 0 1.77761e-09 -0 0 0 -0 0 0 0 0 0 0 0 0 0 0 0 0 0 1 13150.8 13150.8 13150.8 13150.8
0 0 1 0 0 1 0 0 0 0 0 -4.46958e-10 -0 0 0 -0 0 0 0 0 0 0 0 0 0 0 0 0 0 1 13150.8 13150.8 13150.8 13150.8
0 0 1 0 0 1 0 0 0 0 0 -3.01705e-09 -0 0 0 -0 0 0 0 0 0 0 0 0 0 0 0 0 0 1 13150.8 13150.8 13150.8 13150.8
0 0 1 0 0 1 0 0 0 0 0 -4.74201e-09 -0 0 0 -0 0 0 0 0 0 0 0 0 0 0 0 0 0 1 13150.8 13150.8 13150.8 13150.8
0 0 1 0 0 1 0 0 0 0 0 4.08687e-10 -0 0 0 -0 0 0 0 0 0 0 0 0 0 0 0 0 0 1 13150.8 13150.8 13150.8 13150.8
0 0 1 0 0 1 0 0 0 0 0 5.62129e-09 -0 0 0 -0 0 0 0 0 0 0 0 0 0 0 0 0 0 1 13150.8 13150.8 13150.8 13150.8
0 0 1 0 0 1 0 0 0 0 0 3.58148e-09 -0 0 0 -0 0 0 0 0 0 0 0 0 0 0 0 0 0 1 13150.8 13150.8 13150.8 13150.8
0 0 1 0 0 1 0 0 0 0 0 1.34136e-09 -0 0 0 -0 0 0 0 0 0 0 0 0 0 0 0 0 0 1 13150.8 13150.8 13150.8 13150.8
0 0 1 0 0 1 0 0 0 0 0 -8.95146e-10 -0 0 0 -0 0 0 0 0 0 0 0 0 0 0 0 0 0 1 13150.8 13150.8 13150.8 13150.8
0 0 1 0 0 1 0 0 0 0 0 -3.15046e-09 -0 0 0 -0 0 0 0 0 0 0 0 0 0 0 0 0 0 1 13150.8 13150.8 13150.8 13150.8
0 0 1 0 0 1 0 0 0 0 0 -5.19841e-09 -0 0 0 -0 0 0 0 0 0 0 0 0 0 0 0 0 0 1 13150.8 13150.8 13150.8 13150.8
0 0 1 0 0 1 0 0 0 0 0 -4.54004e-11 -0 0 0 -0 0 0 0 0 0 0 0 0 0 0 0 0 0 1 13150.8 13150.8 13150.8 13150.8
0 0 1 0 0 1 0 0 0 0 0 5.33816e-09 -0 0 0 -0 0 0 0 0 0 0 0 0 0 0 0 0 0 1 13150.8 13150.8 13150.8 13150.8
0 0 1 0 0 1 0 0 0 0 0 3.16632e-09 -0 0 0 -0 0 0 0 0 0 0 0 0 0 0 0 0 0 1 13150.8 13150.8 13150.8 13150.8
0 0 1 0 0 1 0 0 0 0 0 1.11241e-09 -0 0 0 -0 0 0 0 0 0 0 0 0 0 0 0 0 0 1 13150.8 13150.8 13150.8 13150.8
0 0 1 0 0 1 0 0 0 0 0 -1.11537e-09 -0 0 0 -0 0 0 0 0 0 0 0 0 0 0 0 0 0 1 13150.8 13150.8 13150.8 13150.8
0 0 1 0 0 1 0 0 0 0 0 -3.36154e-09 -0 0 0 -0 0 0 0 0 0 0 0 0 0 0 0 0 0 1 13150.8 13150.8 13150.8 13150.8
0 0 1 0 0 1 0 0 0 0 0 -5.60357e-09 -0 0 0 -0 0 0 0 0 0 0 0 0 0 0 0 0 0 1 13150.8 13150.8 13150.8 13150.8
0 0 1 0 0 1 0 0 0 0 0 -9.42735e-10 -0 0 0 -0 0 0 0 0 0 0 0 0 0 0 0 0 0 1 13150.8 13150.8 13150.8 13150.8
0 0 1 0 0 1 0 0 0 0 0 4.31996e-09 -0 0 0 -0 0 0 0 0 0 0 0 0 0 0 0 0 0 1 13150.8 13150.8 13150.8 13150.8
0 0 1 0 0 1 0 0 0 0 0 2.07265e-09 -0 0 0 -0 0 0 0 0 0 0 0 0 0 0 0 0 0 1 13150.8 13150.8 13150.8 13150.8
0 0 1 0 0 1 0 0 0 0 0 -1.56015e-10 -0 0 0 -0 0 0 0 0 0 0 0 0 0 0 0 0 0 1 13150.8 13150.8 13150.8 13150.8
0 0 1 0 0 1 0 0 0 0 0 -2.19648e-09 -0 0 0 -0 0 0 0 0 0 0 0 0 0 0 0 0 0 1 13150.8 13150.8 13150.8 13150.8
0 0 1 0 0 1 0 0 0 0 0 -4.44012e-09 -0 0 0 -0 0 0 0 0 0 0 0 0 0 0 0 0 0 1 13150.8 13150.8 13150.8 13150.8
0 0 1 0 0 1 0 0 0 0 0 7.52083e-10 -0 0 0 -0 0 0 0 0 0 0 0 0 0 0 0 0 0 1 13150.8 13150.8 13150.8 13150.8
0 0 1 0 0 1 0 0 0 0 0 1.06412e-08 -0 0 0 -0 0 0 0 0 0 0 0 0 0 0 0 0 0 1 13150.8 13150.8 13150.8 13150.8
0 0 1 0 0 1 0 0 0 0 0 8.35739e-09 -0 0 0 -0 0 0 0 0 0 0 0 0 0 0 0 0 0 1 13150.8 13150.8 13150.8 13150.8
0 0 1 0 0 1 0 0 0 0 0 8.35739e-09 -0 0 0 -0 0 0 0 0 0 0 0 0 0 0 0 0 0 1 13150.8 13150.8 13150.8 13150.8
0 0 1 0 0 1 0 0 0 0 0 6.13612e-09 -0 0 0 -0 0 0 0 0 0 0 0 0 0 0 0 0 0 1 13150.8 13150.8 13150.8 13150.8
0 0 1 0 0 1 0 0 0 0 0 3.92368e-09 -0 0 0 -0 0 0 0 0 0 0 0 0 0 0 0 0 0 1 13150.8 13150.8 13150.8 13150.8
0 0 1 0 0 1 0 0 0 0 0 3.97469e-10 -0 0 0 -0 0 0 0 0 0 0 0 0 0 0 0 0 0 1 13150.8 13150.8 13150.8 13150.8
0 0 1 0 0 1 0 0 0 0 0 -3.79248e-10 -0 0 0 -0 0 0 0 0 0 0 0 0 0 0 0 0 0 1 13150.8 13150.8 13150.8 13150.8
0 0 1 0 0 1 0 0 0 0 0 -2.62518e-09 -0 0 0 -0 0 0 0 0 0 0 0 0 0 0 0 0 0 1 13150.8 13150.8 13150.8 13150.8
0 0 1 0 0 1 0 0 0 0 0 -4.86051e-09 -0 0 0 -0 0 0 0 0 0 0 0 0 0 0 0 0 0 1 13150.8 13150.8 13150.8 13150.8
0 0 1 0 0 1 0 0 0 0 0 -9.5918e-11 -0 0 0 -0 0 0 0 0 0 0 0 0 0 0 0 0 0 1 13150.8 13150.8 13150.8 13150.8
0 0 1 0 0 1 0 0 0 0 0 5.10743e-09 -0 0 0 -0 0 0 0 0 0 0 0 0 0 0 0 0 0 1 13150.8 13150.8 13150.8 13150.8
0 0 1 0 0 1 0 0 0 0 0 2.84439e-09 -0 0 0 -0 0 0 0 0 0 0 0 0 0 0 0 0 0 1 13150.8 13150.8 13150.8 13150.8
0 0 1 0 0 1 0 0 0 0 0 6.13591e-10 -0 0 0 -0 0 0 0 0 0 0 0 0 0 0 0 0 0 1 13150.8 13150.8 13150.8 13150.8
0 0 1 0 0 1 0 0 0 0 0 -1.43219e-09 -0 0 0 -0 0 0 0 0 0 0 0 0 0 0 0 0 0 1 13150.8 13150.8 13150.8 13150.8
0 0 1 0 0 1 0 0 0 0 0 -3.66106e-09 -0 0 0 -0 0 0 0 0 0 0 0 0 0 0 0 0 0 1 13150.8 13150.8 13150.8 13150.8
0 0 1 0 0 1 0 0 0 0 0 -5.90837e-09 -0 0 0 -0 0 0 0 0 0 0 0 0 0 0 0 0 0 1 13150.8 13150.8 13150.8 13150.8
0 0 1 0 0 1 0 0 0 0 0 -7.11181e-10 -0 0 0 -0 0 0 0 0 0 0 0 0 0 0 0 0 0 1 13150.8 13150.8 13150.8 13150.8
0 0 1 0 0 1 0 0 0 0 0 4.01213e-09 -0 0 0 -0 0 0 0 0 0 0 0 0 0 0 0 0 0 1 13150.8 13150.8 13150.8 13150.8
0 0 1 0 0 1 0 0 0 0 0 1.78161e-09 -0 0 0 -0 0 0 0 0 0 0 0 0 0 0 0 0 0 1 13150.8 13150.8 13150.8 13150.8
0 0 1 0 0 1 0 0 0 0 0 -2.70103e-09 -0 0 0 -0 0 0 0 0 0 0 0 0 0 0 0 0 0 1 13150.8 13150.8 13150.8 13150.8
0 0 1 0 0 1 0 0 0 0 0 -4.73728e-09 -0 0 0 -0 0 0 0 0 0 0 0 0 0 0 0 0 0 1 13150.8 13150.8 13150.8 13150.8
0 0 1 0 0 1 0 0 0 0 0 4.64887e-10 -0 0 0 -0 0 0 0 0 0 0 0 0 0 0 0 0 0 1 13150.8 13150.8 13150.8 13150.8
0 0 1 0 0 1 0 0 0 0 0 5.67614e-09 -0 0 0 -0 0 0 0 0 0 0 0 0 0 0 0 0 0 1 13150.8 13150.8 13150.8 13150.8
0 0 1 0 0 1 0 0 0 0 0 3.45954e-09 -0 0 0 -0 0 0 0 0 0 0 0 0 0 0 0 0 0 1 13150.8 13150.8 13150.8 13150.8
0 0 1 0 0 1 0 0 0 0 0 1.19147e-09 -0 0 0 -0 0 0 0 0 0 0 0 0 0 0 0 0 0 1 13150.8 13150.8 13150.8 13150.8
0 0 1 0 0 1 0 0 0 0 0 -1.82924e-09 -0 0 0 -0 0 0 0 0 0 0 0 0 0 0 0 0 0 1 13150.8 13150.8 13150.8 13150.8
0 0 1 0 0 1 0 0 0 0 0 -3.08054e-09 -0 0 0 -0 0 0 0 0 0 0 0 0 0 0 0 0 0 1 13150.8 13150.8 13150.8 13150.8
0 0 1 0 0 1 0 0 0 0 0 -5.33588e-09 -0 0 0 -0 0 0 0 0 0 0 0 0 0 0 0 0 0 1 13150.8 13150.8 13150.8 13150.8
0 0 1 0 0 1 0 0 0 0 0 -6.01542e-10 -0 0 0 -0 0 0 0 0 0 0 0 0 0 0 0 0 0 1 13150.8 13150.8 13150.8 13150.8
0 0 1 0 0 1 0 0 0 0 0 4.60036e-09 -0 0 0 -0 0 0 0 0 0 0 0 0 0 0 0 0 0 1 13150.8 13150.8 13150.8 13150.8
0 0 1 0 0 1 0 0 0 0 0 2.35519e-09 -0 0 0 -0 0 0 0 0 0 0 0 0 0 0 0 0 0 1 13150.8 13150.8 13150.8 13150.8
0 0 1 0 0 1 0 0 0 0 0 1.15304e-10 -0 0 0 -0 0 0 0 0 0 0 0 0 0 0 0 0 0 1 13150.8 13150.8 13150.8 13150.8
0 0 1 0 0 1 0 0 0 0 0 -1.92125e-09 -0 0 0 -0 0 0 0 0 0 0 0 0 0 0 0 0 0 1 13150.8 13150.8 13150.8 13150.8
0 0 1 0 0 1 0 0 0 0 0 -4.1549e-09 -0 0 0 -0 0 0 0 0 0 0 0 0 0 0 0 0 0 1 13150.8 13150.8 13150.8 13150.8
0 0 1 0 0 1 0 0 0 0 0 -6.40186e-09 -0 0 0 -0 0 0 0 0 0 0 0 0 0 0 0 0 0 1 13150.8 13150.8 13150.8 13150.8
0 0 1 0 0 1 0 0 0 0 0 -1.17855e-09 -0 0 0 -0 0 0 0 0 0 0 0 0 0 0 0 0 0 1 13150.8 13150.8 13150.8 13150.8
0 0 1 0 0 1 0 0 0 0 0 3.55913e-09 -0 0 0 -0 0 0 0 0 0 0 0 0 0 0 0 0 0 1 13150.8 13150.8 13150.8 13150.8
0 0 1 0 0 1 0 0 0 0 0 1.31985e-09 -0 0 0 -0 0 0 0 0 0 0 0 0 0 0 0 0 0 1 13150.8 13150.8 13150.8 13150.8
0 0 1 0 0 1 0 0 0 0 0 -9.33831e-10 -0 0 0 -0 0 0 0 0 0 0 0 0 0 0 0 0 0 1 13150.8 13150.8 13150.8 13150.8
0 0 1 0 0 1 0 0 0 0 0 -3.15908e-09 -0 0 0 -0 0 0 0 0 0 0 0 0 0 0 0 0 0 1 13150.8 13150.8 13150.8 13150.8
0 0 1 0 0 1 0 0 0 0 0 -5.19764e-09 -0 0 0 -0 0 0 0 0 0 0 0 0 0 0 0 0 0 1 13150.8 13150.8 13150.8 13150.8
0 0 1 0 0 1 0 0 0 0 0 3.89744e-11 -0 0 0 -0 0 0 0 0 0 0 0 0 0 0 0 0 0 1 13150.8 13150.8 13150.8 13150.8
0 0 1 0 0 1 0 0 0 0 0 5.23312e-09 -0 0 0 -0 0 0 0 0 0 0 0 0 0 0 0 0 0 1 13150.8 13150.8 13150.8 13150.8
0 0 1 0 0 1 0 0 0 0 0 3.04011e-09 -0 0 0 -0 0 0 0 0 0 0 0 0 0 0 0 0 0 1 13150.8 13150.8 13150.8 13150.8
0 0 1 0 0 1 0 0 0 0 0 7.63923e-10 -0 0 0 -0 0 0 0 0 0 0 0 0 0 0 0 0 0 1 13150.8 13150.8 13150.8 13150.8
0 0 1 0 0 1 0 0 0 0 0 -1.29957e-09 -0 0 0 -0 0 0 0 0 0 0 0 0 0 0 0 0 0 1 13150.8 13150.8 13150.8 13150.8
0 0 1 0 0 1 0 0 0 0 0 -4.26578e-09 -0 0 0 -0 0 0 0 0 0 0 0 0 0 0 0 0 0 1 13150.8 13150.8 13150.8 13150.8
0 0 1 0 0 1 0 0 0 0 0 -5.73249e-09 -0 0 0 -0 0 0 0 0 0 0 0 0 0 0 0 0 0 1 13150.8 13150.8 13150.8 13150.8
0 0 1 0 0 1 0 0 0 0 0 -9.11747e-10 -0 0 0 -0 0 0 0 0 0 0 0 0 0 0 0 0 0 1 13150.8 13150.8 13150.8 13150.8
0 0 1 0 0 1 0 0 0 0 0 4.2988e-09 -0 0 0 -0 0 0 0 0 0 0 0 0 0 0 0 0 0 1 13150.8 13150.8 13150.8 13150.8
0 0 1 0 0 1 0 0 0 0 0 2.06507e-09 -0 0 0 -0 0 0 0 0 0 0 0 0 0 0 0 0 0 1 13150.8 13150.8 13150.8 13150.8
0 0 1 0 0 1 0 0 0 0 0 -1.75069e-10 -0 0 0 -0 0 0 0 0 0 0 0 0 0 0 0 0 0 1 13150.8 13150.8 13150.8 13150.8
0 0 1 0 0 1 0 0 0 0 0 -2.24429e-09 -0 0 0 -0 0 0 0 0 0 0 0 0 0 0 0 0 0 1 13150.8 13150.8 13150.8 13150.8
0 0 1 0 0 1 0 0 0 0 0 -4.46506e-09 -0 0 0 -0 0 0 0 0 0 0 0 0 0 0 0 0 0 1 13150.8 13150.8 13150.8 13150.8
0 0 1 0 0 1 0 0 0 0 0 7.28121e-10 -0 0 0 -0 0 0 0 0 0 0 0 0 0 0 0 0 0 1 13150.8 13150.8 13150.8 13150.8
0 0 1 0 0 1 0 0 0 0 0 5.63601e-09 -0 0 0 -0 0 0 0 0 0 0 0 0 0 0 0 0 0 1 13150.8 13150.8 13150.8 13150.8
0 0 1 0 0 1 0 0 0 0 0 3.21191e-09 -0 0 0 -0 0 0 0 0 0 0 0 0 0 0 0 0 0 1 13150.8 13150.8 13150.8 13150.8
0 0 1 0 0 1 0 0 0 0 0 1.2274e-09 -0 0 0 -0 0 0 0 0 0 0 0 0 0 0 0 0 0 1 13150.8 13150.8 13150.8 13150.8
0 0 1 0 0 1 0 0 0 0 0 -1.01043e-09 -0 0 0 -0 0 0 0 0 0 0 0 0 0 0 0 0 0 1 13150.8 13150.8 13150.8 13150.8
0 0 1 0 0 1 0 0 0 0 0 -3.25444e-09 -0 0 0 -0 0 0 0 0 0 0 0 0 0 0 0 0 0 1 13150.8 13150.8 13150.8 13150.8
0 0 1 0 0 1 0 0 0 0 0 -5.30372e-09 -0 0 0 -0 0 0 0 0 0 0 0 0 0 0 0 0 0 1 13150.8 13150.8 13150.8 13150.8
0 0 1 0 0 1 0 0 0 0 0 -1.24057e-10 -0 0 0 -0 0 0 0 0 0 0 0 0 0 0 0 0 0 1 13150.8 13150.8 13150.8 13150.8
0 0 1 0 0 1 0 0 0 0 0 5.09999e-09 -0 0 0 -0 0 0 0 0 0 0 0 0 0 0 0 0 0 1 13150.8 13150.8 13150.8 13150.8
0 0 1 0 0 1 0 0 0 0 0 2.8687e-09 -0 0 0 -0 0 0 0 0 0 0 0 0 0 0 0 0 0 1 13150.8 13150.8 13150.8 13150.8
0 0 1 0 0 1 0 0 0 0 0 8.24686e-10 -0 0 0 -0 0 0 0 0 0 0 0 0 0 0 0 0 0 1 13150.8 13150.8 13150.8 13150.8
0 0 1 0 0 1 0 0 0 0 0 -1.40912e-09 -0 0 0 -0 0 0 0 0 0 0 0 0 0 0 0 0 0 1 13150.8 13150.8 13150.8 13150.8
0 0 1 0 0 1 0 0 0 0 0 -3.6444e-09 -0 0 0 -0 0 0 0 0 0 0 0 0 0 0 0 0 0 1 13150.8 13150.8 13150.8 13150.8
0 0 1 0 0 1 0 0 0 0 0 -5.89328e-09 -0 0 0 -0 0 0 0 0 0 0 0 0 0 0 0 0 0 1 13150.8 13150.8 13150.8 13150.8
0 0 1 0 0 1 0 0 0 0 0 -1.11469e-09 -0 0 0 -0 0 0 0 0 0 0 0 0 0 0 0 0 0 1 13150.8 13150.8 13150.8 13150.8
0 0 1 0 0 1 0 0 0 0 0 4.06985e-09 -0 0 0 -0 0 0 0 0 0 0 0 0 0 0 0 0 0 1 13150.8 13150.8 13150.8 13150.8
0 0 1 0 0 1 0 0 0 0 0 1.84006e-09 -0 0 0 -0 0 0 0 0 0 0 0 0 0 0 0 0 0 1 13150.8 13150.8 13150.8 13150.8
0 0 1 0 0 1 0 0 0 0 0 -4.08422e-10 -0 0 0 -0 0 0 0 0 0 0 0 0 0 0 0 0 0 1 13150.8 13150.8 13150.8 13150.8
0 0 1 0 0 1 0 0 0 0 0 -2.47329e-09 -0 0 0 -0 0 0 0 0 0 0 0 0 0 0 0 0 0 1 13150.8 13150.8 13150.8 13150.8
0 0 1 0 0 1 0 0 0 0 0 -4.68373e-09 -0 0 0 -0 0 0 0 0 0 0 0 0 0 0 0 0 0 1 13150.8 13150.8 13150.8 13150.8
0 0 1 0 0 1 0 0 0 0 0 5.26289e-10 -0 0 0 -0 0 0 0 0 0 0 0 0 0 0 0 0 0 1 13150.8 13150.8 13150.8 13150.8
0 0 1 0 0 1 0 0 0 0 0 5.74561e-09 -0 0 0 -0 0 0 0 0 0 0 0 0 0 0 0 0 0 1 13150.8 13150.8 13150.8 13150.8
0 0 1 0 0 1 0 0 0 0 0 3.73476e-09 -0 0 0 -0 0 0 0 0 0 0 0 0 0 0 0 0 0 1 13150.8 13150.8 13150.8 13150.8
0 0 1 0 0 1 0 0 0 0 0 1.42988e-09 -0 0 0 -0 0 0 0 0 0 0 0 0 0 0 0 0 0 1 13150.8 13150.8 13150.8 13150.8
0 0 1 0 0 1 0 0 0 0 0 -7.91034e-10 -0 0 0 -0 0 0 0 0 0 0 0 0 0 0 0 0 0 1 13150.8 13150.8 13150.8 13150.8
0 0 1 0 0 1 0 0 0 0 0 -3.03471e-09 -0 0 0 -0 0 0 0 0 0 0 0 0 0 0 0 0 0 1 13150.8 13150.8 13150.8 13150.8
0 0 1 0 0 1 0 0 0 0 0 -5.07247e-09 -0 0 0 -0 0 0 0 0 0 0 0 0 0 0 0 0 0 1 13150.8 13150.8 13150.8 13150.8
0 0 1 0 0 1 0 0 0 0 0 1.14201e-10 -0 0 0 -0 0 0 0 0 0 0 0 0 0 0 0 0 0 1 13150.8 13150.8 13150.8 13150.8
0 0 1 0 0 1 0 0 0 0 0 5.31545e-09 -0 0 0 -0 0 0 0 0 0 0 0 0 0 0 0 0 0 1 13150.8 13150.8 13150.8 13150.8
0 0 1 0 0 1 0 0 0 0 0 3.10097e-09 -0 0 0 -0 0 0 0 0 0 0 0 0 0 0 0 0 0 1 13150.8 13150.8 13150.8 13150.8
0 0 1 0 0 1 0 0 0 0 0 8.18695e-10 -0 0 0 -0 0 0 0 0 0 0 0 0 0 0 0 0 0 1 13150.8 13150.8 13150.8 13150.8
0 0 1 0 0 1 0 0 0 0 0 -1.20866e-09 -0 0 0 -0 0 0 0 0 0 0 0 0 0 0 0 0 0 1 13150.8 13150.8 13150.8 13150.8
0 0 1 0 0 1 0 0 0 0 0 -3.44564e-09 -0 0 0 -0 0 0 0 0 0 0 0 0 0 0 0 0 0 1 13150.8 13150.8 13150.8 13150.8
0 0 1 0 0 1 0 0 0 0 0 -5.68148e-09 -0 0 0 -0 0 0 0 0 0 0 0 0 0 0 0 0 0 1 13150.8 13150.8 13150.8 13150.8
0 0 1 0 0 1 0 0 0 0 0 -9.36218e-10 -0 0 0 -0 0 0 0 0 0 0 0 0 0 0 0 0 0 1 13150.8 13150.8 13150.8 13150.8
0 0 1 0 0 1 0 0 0 0 0 4.26983e-09 -0 0 0 -0 0 0 0 0 0 0 0 0 0 0 0 0 0 1 13150.8 13150.8 13150.8 13150.8
0 0 1 0 0 1 0 0 0 0 0 2.00298e-09 -0 0 0 -0 0 0 0 0 0 0 0 0 0 0 0 0 0 1 13150.8 13150.8 13150.8 13150.8
0 0 1 0 0 1 0 0 0 0 0 -2.22012e-10 -0 0 0 -0 0 0 0 0 0 0 0 0 0 0 0 0 0 1 13150.8 13150.8 13150.8 13150.8
0 0 1 0 0 1 0 0 0 0 0 -2.26116e-09 -0 0 0 -0 0 0 0 0 0 0 0 0 0 0 0 0 0 1 13150.8 13150.8 13150.8 13150.8
0 0 1 0 0 1 0 0 0 0 0 -4.51014e-09 -0 0 0 -0 0 0 0 0 0 0 0 0 0 0 0 0 0 1 13150.8 13150.8 13150.8 13150.8
0 0 1 0 0 1 0 0 0 0 0 6.79877e-10 -0 0 0 -0 0 0 0 0 0 0 0 0 0 0 0 0 0 1 13150.8 13150.8 13150.8 13150.8
0 0 1 0 0 1 0 0 0 0 0 5.59151e-09 -0 0 0 -0 0 0 0 0 0 0 0 0 0 0 0 0 0 1 13150.8 13150.8 13150.8 13150.8
0 0 1 0 0 1 0 0 0 0 0 3.22463e-09 -0 0 0 -0 0 0 0 0 0 0 0 0 0 0 0 0 0 1 13150.8 13150.8 13150.8 13150.8
0 0 1 0 0 1 0 0 0 0 0 1.17633e-09 -0 0 0 -0 0 0 0 0 0 0 0 0 0 0 0 0 0 1 13150.8 13150.8 13150.8 13150.8
0 0 1 0 0 1 0 0 0 0 0 -1.04839e-09 -0 0 0 -0 0 0 0 0 0 0 0 0 0 0 0 0 0 1 13150.8 13150.8 13150.8 13150.8
0 0 1 0 0 1 0 0 0 0 0 -3.28606e-09 -0 0 0 -0 0 0 0 0 0 0 0 0 0 0 0 0 0 1 13150.8 13150.8 13150.8 13150.8
0 0 1 0 0 1 0 0 0 0 0 -5.33031e-09 -0 0 0 -0 0 0 0 0 0 0 0 0 0 0 0 0 0 1 13150.8 13150.8 13150.8 13150.8
0 0 1 0 0 1 0 0 0 0 0 -1.18047e-10 -0 0 0 -0 0 0 0 0 0 0 0 0 0 0 0 0 0 1 13150.8 13150.8 13150.8 13150.8
0 0 1 0 0 1 0 0 0 0 0 5.06999e-09 -0 0 0 -0 0 0 0 0 0 0 0 0 0 0 0 0 0 1 13150.8 13150.8 13150.8 13150.8
0 0 1 0 0 1 0 0 0 0 0 2.88894e-09 -0 0 0 -0 0 0 0 0 0 0 0 0 0 0 0 0 0 1 13150.8 13150.8 13150.8 13150.8
0 0 1 0 0 1 0 0 0 0 0 5.77561e-10 -0 0 0 -0 0 0 0 0 0 0 0 0 0 0 0 0 0 1 13150.8 13150.8 13150.8 13150.8
0 0 1 0 0 1 0 0 0 0 0 -1.45598e-09 -0 0 0 -0 0 0 0 0 0 0 0 0 0 0 0 0 0 1 13150.8 13150.8 13150.8 13150.8
0 0 1 0 0 1 0 0 0 0 0 -3.6949e-09 -0 0 0 -0 0 0 0 0 0 0 0 0 0 0 0 0 0 1 13150.8 13150.8 13150.8 13150.8
0 0 1 0 0 1 0 0 0 0 0 -5.94935e-09 -0 0 0 -0 0 0 0 0 0 0 0 0 0 0 0 0 0 1 13150.8 13150.8 13150.8 13150.8
0 0 1 0 0 1 0 0 0 0 0 -7.13741e-10 -0 0 0 -0 0 0 0 0 0 0 0 0 0 0 0 0 0 1 13150.8 13150.8 13150.8 13150.8
0 0 1 0 0 1 0 0 0 0 0 3.94531e-09 -0 0 0 -0 0 0 0 0 0 0 0 0 0 0 0 0 0 1 13150.8 13150.8 13150.8 13150.8
0 0 1 0 0 1 0 0 0 0 0 1.71071e-09 -0 0 0 -0 0 0 0 0 0 0 0 0 0 0 0 0 0 1 13150.8 13150.8 13150.8 13150.8
0 0 1 0 0 1 0 0 0 0 0 -5.53254e-10 -0 0 0 -0 0 0 0 0 0 0 0 0 0 0 0 0 0 1 13150.8 13150.8 13150.8 13150.8
0 0 1 0 0 1 0 0 0 0 0 -2.58801e-09 -0 0 0 -0 0 0 0 0 0 0 0 0 0 0 0 0 0 1 13150.8 13150.8 13150.8 13150.8
0 0 1 0 0 1 0 0 0 0 0 -4.8321e-09 -0 0 0 -0 0 0 0 0 0 0 0 0 0 0 0 0 0 1 13150.8 13150.8 13150.8 13150.8
0 0 1 0 0 1 0 0 0 0 0 3.59173e-10 -0 0 0 -0 0 0 0 0 0 0 0 0 0 0 0 0 0 1 13150.8 13150.8 13150.8 13150.8
0 0 1 0 0 1 0 0 0 0 0 5.24268e-09 -0 0 0 -0 0 0 0 0 0 0 0 0 0 0 0 0 0 1 13150.8 13150.8 13150.8 13150.8
0 0 1 0 0 1 0 0 0 0 0 2.87385e-09 -0 0 0 -0 0 0 0 0 0 0 0 0 0 0 0 0 0 1 13150.8 13150.8 13150.8 13150.8
0 0 1 0 0 1 0 0 0 0 0 8.26719e-10 -0 0 0 -0 0 0 0 0 0 0 0 0 0 0 0 0 0 1 13150.8 13150.8 13150.8 13150.8
0 0 1 0 0 1 0 0 0 0 0 -1.41594e-09 -0 0 0 -0 0 0 0 0 0 0 0 0 0 0 0 0 0 1 13150.8 13150.8 13150.8 13150.8
0 0 1 0 0 1 0 0 0 0 0 -3.65559e-09 -0 0 0 -0 0 0 0 0 0 0 0 0 0 0 0 0 0 1 13150.8 13150.8 13150.8 13150.8
0 0 1 0 0 1 0 0 0 0 0 -5.6911e-09 -0 0 0 -0 0 0 0 0 0 0 0 0 0 0 0 0 0 1 13150.8 13150.8 13150.8 13150.8
0 0 1 0 0 1 0 0 0 0 0 -4.87232e-10 -0 0 0 -0 0 0 0 0 0 0 0 0 0 0 0 0 0 1 13150.8 13150.8 13150.8 13150.8
0 0 1 0 0 1 0 0 0 0 0 4.75616e-09 -0 0 0 -0 0 0 0 0 0 0 0 0 0 0 0 0 0 1 13150.8 13150.8 13150.8 13150.8
0 0 1 0 0 1 0 0 0 0 0 2.61113e-09 -0 0 0 -0 0 0 0 0 0 0 0 0 0 0 0 0 0 1 13150.8 13150.8 13150.8 13150.8
0 0 1 0 0 1 0 0 0 0 0 2.93461e-10 -0 0 0 -0 0 0 0 0 0 0 0 0 0 0 0 0 0 1 13150.8 13150.8 13150.8 13150.8
0 0 1 0 0 1 0 0 0 0 0 -1.75838e-09 -0 0 0 -0 0 0 0 0 0 0 0 0 0 0 0 0 0 1 13150.8 13150.8 13150.8 13150.8
0 0 1 0 0 1 0 0 0 0 0 -3.99002e-09 -0 0 0 -0 0 0 0 0 0 0 0 0 0 0 0 0 0 1 13150.8 13150.8 13150.8 13150.8
0 0 1 0 0 1 0 0 0 0 0 -6.22737e-09 -0 0 0 -0 0 0 0 0 0 0 0 0 0 0 0 0 0 1 13150.8 13150.8 13150.8 13150.8
0 0 1 0 0 1 0 0 0 0 0 -1.45058e-09 -0 0 0 -0 0 0 0 0 0 0 0 0 0 0 0 0 0 1 13150.8 13150.8 13150.8 13150.8
0 0 1 0 0 1 0 0 0 0 0 4.338e-09 -0 0 0 -0 0 0 0 0 0 0 0 0 0 0 0 0 0 1 13150.8 13150.8 13150.8 13150.8
0 0 1 0 0 1 0 0 0 0 0 2.35298e-09 -0 0 0 -0 0 0 0 0 0 0 0 0 0 0 0 0 0 1 13150.8 13150.8 13150.8 13150.8
0 0 1 0 0 1 0 0 0 0 0 1.14386e-10 -0 0 0 -0 0 0 0 0 0 0 0 0 0 0 0 0 0 1 13150.8 13150.8 13150.8 13150.8
0 0 1 0 0 1 0 0 0 0 0 -2.13218e-09 -0 0 0 -0 0 0 0 0 0 0 0 0 0 0 0 0 0 1 13150.8 13150.8 13150.8 13150.8
0 0 1 0 0 1 0 0 0 0 0 -4.18334e-09 -0 0 0 -0 0 0 0 0 0 0 0 0 0 0 0 0 0 1 13150.8 13150.8 13150.8 13150.8
0 0 1 0 0 1 0 0 0 0 0 9.87145e-10 -0 0 0 -0 0 0 0 0 0 0 0 0 0 0 0 0 0 1 13150.8 13150.8 13150.8 13150.8
0 0 1 0 0 1 0 0 0 0 0 6.26035e-09 -0 0 0 -0 0 0 0 0 0 0 0 0 0 0 0 0 0 1 13150.8 13150.8 13150.8 13150.8
0 0 1 0 0 1 0 0 0 0 0 4.22526e-09 -0 0 0 -0 0 0 0 0 0 0 0 0 0 0 0 0 0 1 13150.8 13150.8 13150.8 13150.8
0 0 1 0 0 1 0 0 0 0 0 2.00041e-09 -0 0 0 -0 0 0 0 0 0 0 0 0 0 0 0 0 0 1 13150.8 13150.8 13150.8 13150.8
0 0 1 0 0 1 0 0 0 0 0 -2.52018e-10 -0 0 0 -0 0 0 0 0 0 0 0 0 0 0 0 0 0 1 13150.8 13150.8 13150.8 13150.8
0 0 1 0 0 1 0 0 0 0 0 -2.48413e-09 -0 0 0 -0 0 0 0 0 0 0 0 0 0 0 0 0 0 1 13150.8 13150.8 13150.8 13150.8
0 0 1 0 0 1 0 0 0 0 0 -4.516e-09 -0 0 0 -0 0 0 0 0 0 0 0 0 0 0 0 0 0 1 13150.8 13150.8 13150.8 13150.8
0 0 1 0 0 1 0 0 0 0 0 6.76544e-10 -0 0 0 -0 0 0 0 0 0 0 0 0 0 0 0 0 0 1 13150.8 13150.8 13150.8 13150.8
0 0 1 0 0 1 0 0 0 0 0 5.96091e-09 -0 0 0 -0 0 0 0 0 0 0 0 0 0 0 0 0 0 1 13150.8 13150.8 13150.8 13150.8
0 0 1 0 0 1 0 0 0 0 0 3.82101e-09 -0 0 0 -0 0 0 0 0 0 0 0 0 0 0 0 0 0 1 13150.8 13150.8 13150.8 13150.8
0 0 1 0 0 1 0 0 0 0 0 1.46308e-09 -0 0 0 -0 0 0 0 0 0 0 0 0 0 0 0 0 0 1 13150.8 13150.8 13150.8 13150.8
0 0 1 0 0 1 0 0 0 0 0 -5.39797e-10 -0 0 0 -0 0 0 0 0 0 0 0 0 0 0 0 0 0 1 13150.8 13150.8 13150.8 13150.8
0 0 1 0 0 1 0 0 0 0 0 -2.78041e-09 -0 0 0 -0 0 0 0 0 0 0 0 0 0 0 0 0 0 1 13150.8 13150.8 13150.8 13150.8
0 0 1 0 0 1 0 0 0 0 0 -5.03567e-09 -0 0 0 -0 0 0 0 0 0 0 0 0 0 0 0 0 0 1 13150.8 13150.8 13150.8 13150.8
0 0 1 0 0 1 0 0 0 0 0 -3.45172e-10 -0 0 0 -0 0 0 0 0 0 0 0 0 0 0 0 0 0 1 13150.8 13150.8 13150.8 13150.8
0 0 1 0 0 1 0 0 0 0 0 4.90651e-09 -0 0 0 -0 0 0 0 0 0 0 0 0 0 0 0 0 0 1 13150.8 13150.8 13150.8 13150.8
0 0 1 0 0 1 0 0 0 0 0 2.68246e-09 -0 0 0 -0 0 0 0 0 0 0 0 0 0 0 0 0 0 1 13150.8 13150.8 13150.8 13150.8
0 0 1 0 0 1 0 0 0 0 0 4.2546e-10 -0 0 0 -0 0 0 0 0 0 0 0 0 0 0 0 0 0 1 13150.8 13150.8 13150.8 13150.8
0 0 1 0 0 1 0 0 0 0 0 -1.6133e-09 -0 0 0 -0 0 0 0 0 0 0 0 0 0 0 0 0 0 1 13150.8 13150.8 13150.8 13150.8
0 0 1 0 0 1 0 0 0 0 0 -3.85777e-09 -0 0 0 -0 0 0 0 0 0 0 0 0 0 0 0 0 0 1 13150.8 13150.8 13150.8 13150.8
0 0 1 0 0 1 0 0 0 0 0 -6.09908e-09 -0 0 0 -0 0 0 0 0 0 0 0 0 0 0 0 0 0 1 13150.8 13150.8 13150.8 13150.8
0 0 1 0 0 1 0 0 0 0 0 -9.041e-10 -0 0 0 -0 0 0 0 0 0 0 0 0 0 0 0 0 0 1 13150.8 13150.8 13150.8 13150.8
0 0 1 0 0 1 0 0 0 0 0 3.86403e-09 -0 0 0 -0 0 0 0 0 0 0 0 0 0 0 0 0 0 1 13150.8 13150.8 13150.8 13150.8
0 0 1 0 0 1 0 0 0 0 0 1.63904e-09 -0 0 0 -0 0 0 0 0 0 0 0 0 0 0 0 0 0 1 13150.8 13150.8 13150.8 13150.8
0 0 1 0 0 1 0 0 0 0 0 -6.0396e-10 -0 0 0 -0 0 0 0 0 0 0 0 0 0 0 0 0 0 1 13150.8 13150.8 13150.8 13150.8
0 0 1 0 0 1 0 0 0 0 0 -2.83777e-09 -0 0 0 -0 0 0 0 0 0 0 0 0 0 0 0 0 0 1 13150.8 13150.8 13150.8 13150.8
0 0 1 0 0 1 0 0 0 0 0 -4.86928e-09 -0 0 0 -0 0 0 0 0 0 0 0 0 0 0 0 0 0 1 13150.8 13150.8 13150.8 13150.8
0 0 1 0 0 1 0 0 0 0 0 3.25987e-10 -0 0 0 -0 0 0 0 0 0 0 0 0 0 0 0 0 0 1 13150.8 13150.8 13150.8 13150.8
0 0 1 0 0 1 0 0 0 0 0 5.53421e-09 -0 0 0 -0 0 0 0 0 0 0 0 0 0 0 0 0 0 1 13150.8 13150.8 13150.8 13150.8
0 0 1 0 0 1 0 0 0 0 0 3.40364e-09 -0 0 0 -0 0 0 0 0 0 0 0 0 0 0 0 0 0 1 13150.8 13150.8 13150.8 13150.8
0 0 1 0 0 1 0 0 0 0 0 1.04812e-09 -0 0 0 -0 0 0 0 0 0 0 0 0 0 0 0 0 0 1 13150.8 13150.8 13150.8 13150.8
0 0 1 0 0 1 0 0 0 0 0 -9.97021e-10 -0 0 0 -0 0 0 0 0 0 0 0 0 0 0 0 0 0 1 13150.8 13150.8 13150.8 13150.8
0 0 1 0 0 1 0 0 0 0 0 -3.2326e-09 -0 0 0 -0 0 0 0 0 0 0 0 0 0 0 0 0 0 1 13150.8 13150.8 13150.8 13150.8
0 0 1 0 0 1 0 0 0 0 0 -5.47309e-09 -0 0 0 -0 0 0 0 0 0 0 0 0 0 0 0 0 0 1 13150.8 13150.8 13150.8 13150.8
0 0 1 0 0 1 0 0 0 0 0 -2.63822e-10 -0 0 0 -0 0 0 0 0 0 0 0 0 0 0 0 0 0 1 13150.8 13150.8 13150.8 13150.8
0 0 1 0 0 1 0 0 0 0 0 4.49913e-09 -0 0 0 -0 0 0 0 0 0 0 0 0 0 0 0 0 0 1 13150.8 13150.8 13150.8 13150.8
0 0 1 0 0 1 0 0 0 0 0 2.27054e-09 -0 0 0 -0 0 0 0 0 0 0 0 0 0 0 0 0 0 1 13150.8 13150.8 13150.8 13150.8
0 0 1 0 0 1 0 0 0 0 0 3.39801e-11 -0 0 0 -0 0 0 0 0 0 0 0 0 0 0 0 0 0 1 13150.8 13150.8 13150.8 13150.8
0 0 1 0 0 1 0 0 0 0 0 -2.02209e-09 -0 0 0 -0 0 0 0 0 0 0 0 0 0 0 0 0 0 1 13150.8 13150.8 13150.8 13150.8
0 0 1 0 0 1 0 0 0 0 0 -4.26269e-09 -0 0 0 -0 0 0 0 0 0 0 0 0 0 0 0 0 0 1 13150.8 13150.8 13150.8 13150.8
0 0 1 0 0 1 0 0 0 0 0 9.17508e-10 -0 0 0 -0 0 0 0 0 0 0 0 0 0 0 0 0 0 1 13150.8 13150.8 13150.8 13150.8
0 0 1 0 0 1 0 0 0 0 0 6.10782e-09 -0 0 0 -0 0 0 0 0 0 0 0 0 0 0 0 0 0 1 13150.8 13150.8 13150.8 13150.8
0 0 1 0 0 1 0 0 0 0 0 4.05431e-09 -0 0 0 -0 0 0 0 0 0 0 0 0 0 0 0 0 0 1 13150.8 13150.8 13150.8 13150.8
0 0 1 0 0 1 0 0 0 0 0 1.82213e-09 -0 0 0 -0 0 0 0 0 0 0 0 0 0 0 0 0 0 1 13150.8 13150.8 13150.8 13150.8
0 0 1 0 0 1 0 0 0 0 0 -4.35082e-10 -0 0 0 -0 0 0 0 0 0 0 0 0 0 0 0 0 0 1 13150.8 13150.8 13150.8 13150.8
0 0 1 0 0 1 0 0 0 0 0 -2.66063e-09 -0 0 0 -0 0 0 0 0 0 0 0 0 0 0 0 0 0 1 13150.8 13150.8 13150.8 13150.8
0 0 1 0 0 1 0 0 0 0 0 -4.89407e-09 -0 0 0 -0 0 0 0 0 0 0 0 0 0 0 0 0 0 1 13150.8 13150.8 13150.8 13150.8
0 0 1 0 0 1 0 0 0 0 0 -1.39372e-10 -0 0 0 -0 0 0 0 0 0 0 0 0 0 0 0 0 0 1 13150.8 13150.8 13150.8 13150.8
0 0 1 0 0 1 0 0 0 0 0 5.05466e-09 -0 0 0 -0 0 0 0 0 0 0 0 0 0 0 0 0 0 1 13150.8 13150.8 13150.8 13150.8
0 0 1 0 0 1 0 0 0 0 0 2.92536e-09 -0 0 0 -0 0 0 0 0 0 0 0 0 0 0 0 0 0 1 13150.8 13150.8 13150.8 13150.8
0 0 1 0 0 1 0 0 0 0 0 5.71441e-10 -0 0 0 -0 0 0 0 0 0 0 0 0 0 0 0 0 0 1 13150.8 13150.8 13150.8 13150.8
0 0 1 0 0 1 0 0 0 0 0 -1.49901e-09 -0 0 0 -0 0 0 0 0 0 0 0 0 0 0 0 0 0 1 13150.8 13150.8 13150.8 13150.8
0 0 1 0 0 1 0 0 0 0 0 -3.72615e-09 -0 0 0 -0 0 0 0 0 0 0 0 0 0 0 0 0 0 1 13150.8 13150.8 13150.8 13150.8
0 0 1 0 0 1 0 0 0 0 0 -5.94477e-09 -0 0 0 -0 0 0 0 0 0 0 0 0 0 0 0 0 0 1 13150.8 13150.8 13150.8 13150.8
0 0 1 0 0 1 0 0 0 0 0 -6.7622e-10 -0 0 0 -0 0 0 0 0 0 0 0 0 0 0 0 0 0 1 13150.8 13150.8 13150.8 13150.8
0 0 1 0 0 1 0 0 0 0 0 4.06583e-09 -0 0 0 -0 0 0 0 0 0 0 0 0 0 0 0 0 0 1 13150.8 13150.8 13150.8 13150.8
0 0 1 0 0 1 0 0 0 0 0 1.82744e-09 -0 0 0 -0 0 0 0 0 0 0 0 0 0 0 0 0 0 1 13150.8 13150.8 13150.8 13150.8
0 0 1 0 0 1 0 0 0 0 0 -4.10151e-10 -0 0 0 -0 0 0 0 0 0 0 0 0 0 0 0 0 0 1 13150.8 13150.8 13150.8 13150.8
0 0 1 0 0 1 0 0 0 0 0 -2.43679e-09 -0 0 0 -0 0 0 0 0 0 0 0 0 0 0 0 0 0 1 13150.8 13150.8 13150.8 13150.8
0 0 1 0 0 1 0 0 0 0 0 -4.67205e-09 -0 0 0 -0 0 0 0 0 0 0 0 0 0 0 0 0 0 1 13150.8 13150.8 13150.8 13150.8
0 0 1 0 0 1 0 0 0 0 0 5.77499e-10 -0 0 0 -0 0 0 0 0 0 0 0 0 0 0 0 0 0 1 13150.8 13150.8 13150.8 13150.8
0 0 1 0 0 1 0 0 0 0 0 5.78754e-09 -0 0 0 -0 0 0 0 0 0 0 0 0 0 0 0 0 0 1 13150.8 13150.8 13150.8 13150.8
0 0 1 0 0 1 0 0 0 0 0 3.75059e-09 -0 0 0 -0 0 0 0 0 0 0 0 0 0 0 0 0 0 1 13150.8 13150.8 13150.8 13150.8
0 0 1 0 0 1 0 0 0 0 0 1.51419e-09 -0 0 0 -0 0 0 0 0 0 0 0 0 0 0 0 0 0 1 13150.8 13150.8 13150.8 13150.8
0 0 1 0 0 1 0 0 0 0 0 -7.20575e-10 -0 0 0 -0 0 0 0 0 0 0 0 0 0 0 0 0 0 1 13150.8 13150.8 13150.8 13150.8
0 0 1 0 0 1 0 0 0 0 0 -2.97039e-09 -0 0 0 -0 0 0 0 0 0 0 0 0 0 0 0 0 0 1 13150.8 13150.8 13150.8 13150.8
0 0 1 0 0 1 0 0 0 0 0 -5.22966e-09 -0 0 0 -0 0 0 0 0 0 0 0 0 0 0 0 0 0 1 13150.8 13150.8 13150.8 13150.8
0 0 1 0 0 1 0 0 0 0 0 -5.2684e-10 -0 0 0 -0 0 0 0 0 0 0 0 0 0 0 0 0 0 1 13150.8 13150.8 13150.8 13150.8
0 0 1 0 0 1 0 0 0 0 0 4.71225e-09 -0 0 0 -0 0 0 0 0 0 0 0 0 0 0 0 0 0 1 13150.8 13150.8 13150.8 13150.8
0 0 1 0 0 1 0 0 0 0 0 2.63664e-09 -0 0 0 -0 0 0 0 0 0 0 0 0 0 0 0 0 0 1 13150.8 13150.8 13150.8 13150.8
0 0 1 0 0 1 0 0 0 0 0 1.95271e-10 -0 0 0 -0 0 0 0 0 0 0 0 0 0 0 0 0 0 1 13150.8 13150.8 13150.8 13150.8
0 0 1 0 0 1 0 0 0 0 0 -1.79982e-09 -0 0 0 -0 0 0 0 0 0 0 0 0 0 0 0 0 0 1 13150.8 13150.8 13150.8 13150.8
0 0 1 0 0 1 0 0 0 0 0 -4.0495e-09 -0 0 0 -0 0 0 0 0 0 0 0 0 0 0 0 0 0 1 13150.8 13150.8 13150.8 13150.8
0 0 1 0 0 1 0 0 0 0 0 -6.295e-09 -0 0 0 -0 0 0 0 0 0 0 0 0 0 0 0 0 0 1 13150.8 13150.8 13150.8 13150.8
0 0 1 0 0 1 0 0 0 0 0 -1.56762e-09 -0 0 0 -0 0 0 0 0 0 0 0 0 0 0 0 0 0 1 13150.8 13150.8 13150.8 13150.8
0 0 1 0 0 1 0 0 0 0 0 3.65622e-09 -0 0 0 -0 0 0 0 0 0 0 0 0 0 0 0 0 0 1 13150.8 13150.8 13150.8 13150.8
0 0 1 0 0 1 0 0 0 0 0 1.42872e-09 -0 0 0 -0 0 0 0 0 0 0 0 0 0 0 0 0 0 1 13150.8 13150.8 13150.8 13150.8
0 0 1 0 0 1 0 0 0 0 0 -8.21784e-10 -0 0 0 -0 0 0 0 0 0 0 0 0 0 0 0 0 0 1 13150.8 13150.8 13150.8 13150.8
0 0 1 0 0 1 0 0 0 0 0 -3.2651e-09 -0 0 0 -0 0 0 0 0 0 0 0 0 0 0 0 0 0 1 13150.8 13150.8 13150.8 13150.8
0 0 1 0 0 1 0 0 0 0 0 -5.08561e-09 -0 0 0 -0 0 0 0 0 0 0 0 0 0 0 0 0 0 1 13150.8 13150.8 13150.8 13150.8
0 0 1 0 0 1 0 0 0 0 0 1.16222e-10 -0 0 0 -0 0 0 0 0 0 0 0 0 0 0 0 0 0 1 13150.8 13150.8 13150.8 13150.8
0 0 1 0 0 1 0 0 0 0 0 5.35493e-09 -0 0 0 -0 0 0 0 0 0 0 0 0 0 0 0 0 0 1 13150.8 13150.8 13150.8 13150.8
0 0 1 0 0 1 0 0 0 0 0 3.30513e-09 -0 0 0 -0 0 0 0 0 0 0 0 0 0 0 0 0 0 1 13150.8 13150.8 13150.8 13150.8
0 0 1 0 0 1 0 0 0 0 0 1.07912e-09 -0 0 0 -0 0 0 0 0 0 0 0 0 0 0 0 0 0 1 13150.8 13150.8 13150.8 13150.8
0 0 1 0 0 1 0 0 0 0 0 -1.19277e-09 -0 0 0 -0 0 0 0 0 0 0 0 0 0 0 0 0 0 1 13150.8 13150.8 13150.8 13150.8
0 0 1 0 0 1 0 0 0 0 0 -3.38132e-09 -0 0 0 -0 0 0 0 0 0 0 0 0 0 0 0 0 0 1 13150.8 13150.8 13150.8 13150.8
0 0 1 0 0 1 0 0 0 0 0 -5.42823e-09 -0 0 0 -0 0 0 0 0 0 0 0 0 0 0 0 0 0 1 13150.8 13150.8 13150.8 13150.8
0 0 1 0 0 1 0 0 0 0 0 -1.57257e-10 -0 0 0 -0 0 0 0 0 0 0 0 0 0 0 0 0 0 1 13150.8 13150.8 13150.8 13150.8
0 0 1 0 0 1 0 0 0 0 0 5.00417e-09 -0 0 0 -0 0 0 0 0 0 0 0 0 0 0 0 0 0 1 13150.8 13150.8 13150.8 13150.8
0 0 1 0 0 1 0 0 0 0 0 2.75177e-09 -0 0 0 -0 0 0 0 0 0 0 0 0 0 0 0 0 0 1 13150.8 13150.8 13150.8 13150.8
0 0 1 0 0 1 0 0 0 0 0 6.91671e-10 -0 0 0 -0 0 0 0 0 0 0 0 0 0 0 0 0 0 1 13150.8 13150.8 13150.8 13150.8
0 0 1 0 0 1 0 0 0 0 0 -1.53167e-09 -0 0 0 -0 0 0 0 0 0 0 0 0 0 0 0 0 0 1 13150.8 13150.8 13150.8 13150.8
0 0 1 0 0 1 0 0 0 0 0 -3.7837e-09 -0 0 0 -0 0 0 0 0 0 0 0 0 0 0 0 0 0 1 13150.8 13150.8 13150.8 13150.8
0 0 1 0 0 1 0 0 0 0 0 -5.98816e-09 -0 0 0 -0 0 0 0 0 0 0 0 0 0 0 0 0 0 1 13150.8 13150.8 13150.8 13150.8
0 0 1 0 0 1 0 0 0 0 0 -7.25222e-10 -0 0 0 -0 0 0 0 0 0 0 0 0 0 0 0 0 0 1 13150.8 13150.8 13150.8 13150.8
0 0 1 0 0 1 0 0 0 0 0 4.02209e-09 -0 0 0 -0 0 0 0 0 0 0 0 0 0 0 0 0 0 1 13150.8 13150.8 13150.8 13150.8
0 0 1 0 0 1 0 0 0 0 0 1.80436e-09 -0 0 0 -0 0 0 0 0 0 0 0 0 0 0 0 0 0 1 13150.8 13150.8 13150.8 13150.8
0 0 1 0 0 1 0 0 0 0 0 -4.60286e-10 -0 0 0 -0 0 0 0 0 0 0 0 0 0 0 0 0 0 1 13150.8 13150.8 13150.8 13150.8
0 0 1 0 0 1 0 0 0 0 0 -2.47856e-09 -0 0 0 -0 0 0 0 0 0 0 0 0 0 0 0 0 0 1 13150.8 13150.8 13150.8 13150.8
0 0 1 0 0 1 0 0 0 0 0 -4.92958e-09 -0 0 0 -0 0 0 0 0 0 0 0 0 0 0 0 0 0 1 13150.8 13150.8 13150.8 13150.8
0 0 1 0 0 1 0 0 0 0 0 -1.88707e-10 -0 0 0 -0 0 0 0 0 0 0 0 0 0 0 0 0 0 1 13150.8 13150.8 13150.8 13150.8
0 0 1 0 0 1 0 0 0 0 0 5.00758e-09 -0 0 0 -0 0 0 0 0 0 0 0 0 0 0 0 0 0 1 13150.8 13150.8 13150.8 13150.8
0 0 1 0 0 1 0 0 0 0 0 2.95517e-09 -0 0 0 -0 0 0 0 0 0 0 0 0 0 0 0 0 0 1 13150.8 13150.8 13150.8 13150.8
0 0 1 0 0 1 0 0 0 0 0 7.29102e-10 -0 0 0 -0 0 0 0 0 0 0 0 0 0 0 0 0 0 1 13150.8 13150.8 13150.8 13150.8
0 0 1 0 0 1 0 0 0 0 0 -1.50449e-09 -0 0 0 -0 0 0 0 0 0 0 0 0 0 0 0 0 0 1 13150.8 13150.8 13150.8 13150.8
0 0 1 0 0 1 0 0 0 0 0 -3.75008e-09 -0 0 0 -0 0 0 0 0 0 0 0 0 0 0 0 0 0 1 13150.8 13150.8 13150.8 13150.8
0 0 1 0 0 1 0 0 0 0 0 -5.79353e-09 -0 0 0 -0 0 0 0 0 0 0 0 0 0 0 0 0 0 1 13150.8 13150.8 13150.8 13150.8
0 0 1 0 0 1 0 0 0 0 0 -4.9941e-10 -0 0 0 -0 0 0 0 0 0 0 0 0 0 0 0 0 0 1 13150.8 13150.8 13150.8 13150.8
0 0 1 0 0 1 0 0 0 0 0 4.69113e-09 -0 0 0 -0 0 0 0 0 0 0 0 0 0 0 0 0 0 1 13150.8 13150.8 13150.8 13150.8
0 0 1 0 0 1 0 0 0 0 0 2.46754e-09 -0 0 0 -0 0 0 0 0 0 0 0 0 0 0 0 0 0 1 13150.8 13150.8 13150.8 13150.8
0 0 1 0 0 1 0 0 0 0 0 4.36882e-10 -0 0 0 -0 0 0 0 0 0 0 0 0 0 0 0 0 0 1 13150.8 13150.8 13150.8 13150.8
0 0 1 0 0 1 0 0 0 0 0 -1.82624e-09 -0 0 0 -0 0 0 0 0 0 0 0 0 0 0 0 0 0 1 13150.8 13150.8 13150.8 13150.8
0 0 1 0 0 1 0 0 0 0 0 -4.04208e-09 -0 0 0 -0 0 0 0 0 0 0 0 0 0 0 0 0 0 1 13150.8 13150.8 13150.8 13150.8
0 0 1 0 0 1 0 0 0 0 0 1.16713e-09 -0 0 0 -0 0 0 0 0 0 0 0 0 0 0 0 0 0 1 13150.8 13150.8 13150.8 13150.8
0 0 1 0 0 1 0 0 0 0 0 5.92892e-09 -0 0 0 -0 0 0 0 0 0 0 0 0 0 0 0 0 0 1 13150.8 13150.8 13150.8 13150.8
0 0 1 0 0 1 0 0 0 0 0 3.62368e-09 -0 0 0 -0 0 0 0 0 0 0 0 0 0 0 0 0 0 1 13150.8 13150.8 13150.8 13150.8
0 0 1 0 0 1 0 0 0 0 0 1.45651e-09 -0 0 0 -0 0 0 0 0 0 0 0 0 0 0 0 0 0 1 13150.8 13150.8 13150.8 13150.8
0 0 1 0 0 1 0 0 0 0 0 -8.42822e-10 -0 0 0 -0 0 0 0 0 0 0 0 0 0 0 0 0 0 1 13150.8 13150.8 13150.8 13150.8
0 0 1 0 0 1 0 0 0 0 0 -2.83229e-09 -0 0 0 -0 0 0 0 0 0 0 0 0 0 0 0 0 0 1 13150.8 13150.8 13150.8 13150.8
0 0 1 0 0 1 0 0 0 0 0 -5.05927e-09 -0 0 0 -0 0 0 0 0 0 0 0 0 0 0 0 0 0 1 13150.8 13150.8 13150.8 13150.8
0 0 1 0 0 1 0 0 0 0 0 -3.681e-11 -0 0 0 -0 0 0 0 0 0 0 0 0 0 0 0 0 0 1 13150.8 13150.8 13150.8 13150.8
0 0 1 0 0 1 0 0 0 0 0 5.40072e-09 -0 0 0 -0 0 0 0 0 0 0 0 0 0 0 0 0 0 1 13150.8 13150.8 13150.8 13150.8
0 0 1 0 0 1 0 0 0 0 0 3.36593e-09 -0 0 0 -0 0 0 0 0 0 0 0 0 0 0 0 0 0 1 13150.8 13150.8 13150.8 13150.8
0 0 1 0 0 1 0 0 0 0 0 1.1237e-09 -0 0 0 -0 0 0 0 0 0 0 0 0 0 0 0 0 0 1 13150.8 13150.8 13150.8 13150.8
0 0 1 0 0 1 0 0 0 0 0 -1.10546e-09 -0 0 0 -0 0 0 0 0 0 0 0 0 0 0 0 0 0 1 13150.8 13150.8 13150.8 13150.8
0 0 1 0 0 1 0 0 0 0 0 -3.34547e-09 -0 0 0 -0 0 0 0 0 0 0 0 0 0 0 0 0 0 1 13150.8 13150.8 13150.8 13150.8
0 0 1 0 0 1 0 0 0 0 0 -5.3862e-09 -0 0 0 -0 0 0 0 0 0 0 0 0 0 0 0 0 0 1 13150.8 13150.8 13150.8 13150.8
0 0 1 0 0 1 0 0 0 0 0 -2.6411e-11 -0 0 0 -0 0 0 0 0 0 0 0 0 0 0 0 0 0 1 13150.8 13150.8 13150.8 13150.8
0 0 1 0 0 1 0 0 0 0 0 5.07198e-09 -0 0 0 -0 0 0 0 0 0 0 0 0 0 0 0 0 0 1 13150.8 13150.8 13150.8 13150.8
0 0 1 0 0 1 0 0 0 0 0 2.83718e-09 -0 0 0 -0 0 0 0 0 0 0 0 0 0 0 0 0 0 1 13150.8 13150.8 13150.8 13150.8
0 0 1 0 0 1 0 0 0 0 0 8.0208e-10 -0 0 0 -0 0 0 0 0 0 0 0 0 0 0 0 0 0 1 13150.8 13150.8 13150.8 13150.8
0 0 1 0 0 1 0 0 0 0 0 -1.43478e-09 -0 0 0 -0 0 0 0 0 0 0 0 0 0 0 0 0 0 1 13150.8 13150.8 13150.8 13150.8
0 0 1 0 0 1 0 0 0 0 0 -3.70779e-09 -0 0 0 -0 0 0 0 0 0 0 0 0 0 0 0 0 0 1 13150.8 13150.8 13150.8 13150.8
0 0 1 0 0 1 0 0 0 0 0 -5.91866e-09 -0 0 0 -0 0 0 0 0 0 0 0 0 0 0 0 0 0 1 13150.8 13150.8 13150.8 13150.8
0 0 1 0 0 1 0 0 0 0 0 -1.18598e-09 -0 0 0 -0 0 0 0 0 0 0 0 0 0 0 0 0 0 1 13150.8 13150.8 13150.8 13150.8
0 0 1 0 0 1 0 0 0 0 0 4.01703e-09 -0 0 0 -0 0 0 0 0 0 0 0 0 0 0 0 0 0 1 13150.8 13150.8 13150.8 13150.8
0 0 1 0 0 1 0 0 0 0 0 1.78202e-09 -0 0 0 -0 0 0 0 0 0 0 0 0 0 0 0 0 0 1 13150.8 13150.8 13150.8 13150.8
0 0 1 0 0 1 0 0 0 0 0 -4.55303e-10 -0 0 0 -0 0 0 0 0 0 0 0 0 0 0 0 0 0 1 13150.8 13150.8 13150.8 13150.8
0 0 1 0 0 1 0 0 0 0 0 -2.5033e-09 -0 0 0 -0 0 0 0 0 0 0 0 0 0 0 0 0 0 1 13150.8 13150.8 13150.8 13150.8
0 0 1 0 0 1 0 0 0 0 0 -4.7186e-09 -0 0 0 -0 0 0 0 0 0 0 0 0 0 0 0 0 0 1 13150.8 13150.8 13150.8 13150.8
0 0 1 0 0 1 0 0 0 0 0 5.44934e-10 -0 0 0 -0 0 0 0 0 0 0 0 0 0 0 0 0 0 1 13150.8 13150.8 13150.8 13150.8
0 0 1 0 0 1 0 0 0 0 0 5.73755e-09 -0 0 0 -0 0 0 0 0 0 0 0 0 0 0 0 0 0 1 13150.8 13150.8 13150.8 13150.8
0 0 1 0 0 1 0 0 0 0 0 3.68764e-09 -0 0 0 -0 0 0 0 0 0 0 0 0 0 0 0 0 0 1 13150.8 13150.8 13150.8 13150.8
0 0 1 0 0 1 0 0 0 0 0 1.45165e-09 -0 0 0 -0 0 0 0 0 0 0 0 0 0 0 0 0 0 1 13150.8 13150.8 13150.8 13150.8
0 0 1 0 0 1 0 0 0 0 0 -7.83822e-10 -0 0 0 -0 0 0 0 0 0 0 0 0 0 0 0 0 0 1 13150.8 13150.8 13150.8 13150.8
0 0 1 0 0 1 0 0 0 0 0 -3.03106e-09 -0 0 0 -0 0 0 0 0 0 0 0 0 0 0 0 0 0 1 13150.8 13150.8 13150.8 13150.8
0 0 1 0 0 1 0 0 0 0 0 -5.08049e-09 -0 0 0 -0 0 0 0 0 0 0 0 0 0 0 0 0 0 1 13150.8 13150.8 13150.8 13150.8
0 0 1 0 0 1 0 0 0 0 0 1.00055e-10 -0 0 0 -0 0 0 0 0 0 0 0 0 0 0 0 0 0 1 13150.8 13150.8 13150.8 13150.8
0 0 1 0 0 1 0 0 0 0 0 5.39481e-09 -0 0 0 -0 0 0 0 0 0 0 0 0 0 0 0 0 0 1 13150.8 13150.8 13150.8 13150.8
0 0 1 0 0 1 0 0 0 0 0 3.1689e-09 -0 0 0 -0 0 0 0 0 0 0 0 0 0 0 0 0 0 1 13150.8 13150.8 13150.8 13150.8
0 0 1 0 0 1 0 0 0 0 0 1.15139e-09 -0 0 0 -0 0 0 0 0 0 0 0 0 0 0 0 0 0 1 13150.8 13150.8 13150.8 13150.8
0 0 1 0 0 1 0 0 0 0 0 -1.08893e-09 -0 0 0 -0 0 0 0 0 0 0 0 0 0 0 0 0 0 1 13150.8 13150.8 13150.8 13150.8
0 0 1 0 0 1 0 0 0 0 0 -3.33021e-09 -0 0 0 -0 0 0 0 0 0 0 0 0 0 0 0 0 0 1 13150.8 13150.8 13150.8 13150.8
0 0 1 0 0 1 0 0 0 0 0 -5.57286e-09 -0 0 0 -0 0 0 0 0 0 0 0 0 0 0 0 0 0 1 13150.8 13150.8 13150.8 13150.8
0 0 1 0 0 1 0 0 0 0 0 -8.3708e-10 -0 0 0 -0 0 0 0 0 0 0 0 0 0 0 0 0 0 1 13150.8 13150.8 13150.8 13150.8
0 0 1 0 0 1 0 0 0 0 0 4.4078e-09 -0 0 0 -0 0 0 0 0 0 0 0 0 0 0 0 0 0 1 13150.8 13150.8 13150.8 13150.8
0 0 1 0 0 1 0 0 0 0 0 2.1688e-09 -0 0 0 -0 0 0 0 0 0 0 0 0 0 0 0 0 0 1 13150.8 13150.8 13150.8 13150.8
0 0 1 0 0 1 0 0 0 0 0 -6.53554e-11 -0 0 0 -0 0 0 0 0 0 0 0 0 0 0 0 0 0 1 13150.8 13150.8 13150.8 13150.8
0 0 1 0 0 1 0 0 0 0 0 -2.10129e-09 -0 0 0 -0 0 0 0 0 0 0 0 0 0 0 0 0 0 1 13150.8 13150.8 13150.8 13150.8
0 0 1 0 0 1 0 0 0 0 0 -4.33121e-09 -0 0 0 -0 0 0 0 0 0 0 0 0 0 0 0 0 0 1 13150.8 13150.8 13150.8 13150.8
0 0 1 0 0 1 0 0 0 0 0 8.70911e-10 -0 0 0 -0 0 0 0 0 0 0 0 0 0 0 0 0 0 1 13150.8 13150.8 13150.8 13150.8
0 0 1 0 0 1 0 0 0 0 0 6.12798e-09 -0 0 0 -0 0 0 0 0 0 0 0 0 0 0 0 0 0 1 13150.8 13150.8 13150.8 13150.8
0 0 1 0 0 1 0 0 0 0 0 4.10629e-09 -0 0 0 -0 0 0 0 0 0 0 0 0 0 0 0 0 0 1 13150.8 13150.8 13150.8 13150.8
0 0 1 0 0 1 0 0 0 0 0 -2.61258e-09 -0 0 0 -0 0 0 0 0 0 0 0 0 0 0 0 0 0 1 13150.8 13150.8 13150.8 13150.8
0 0 1 0 0 1 0 0 0 0 0 -4.65644e-09 -0 0 0 -0 0 0 0 0 0 0 0 0 0 0 0 0 0 1 13150.8 13150.8 13150.8 13150.8
0 0 1 0 0 1 0 0 0 0 0 5.50408e-10 -0 0 0 -0 0 0 0 0 0 0 0 0 0 0 0 0 0 1 13150.8 13150.8 13150.8 13150.8
0 0 1 0 0 1 0 0 0 0 0 5.77272e-09 -0 0 0 -0 0 0 0 0 0 0 0 0 0 0 0 0 0 1 13150.8 13150.8 13150.8 13150.8
0 0 1 0 0 1 0 0 0 0 0 3.53121e-09 -0 0 0 -0 0 0 0 0 0 0 0 0 0 0 0 0 0 1 13150.8 13150.8 13150.8 13150.8
0 0 1 0 0 1 0 0 0 0 0 1.4928e-09 -0 0 0 -0 0 0 0 0 0 0 0 0 0 0 0 0 0 1 13150.8 13150.8 13150.8 13150.8
0 0 1 0 0 1 0 0 0 0 0 -2.98903e-09 -0 0 0 -0 0 0 0 0 0 0 0 0 0 0 0 0 0 1 13150.8 13150.8 13150.8 13150.8
0 0 1 0 0 1 0 0 0 0 0 -5.22438e-09 -0 0 0 -0 0 0 0 0 0 0 0 0 0 0 0 0 0 1 13150.8 13150.8 13150.8 13150.8
0 0 1 0 0 1 0 0 0 0 0 -4.59326e-10 -0 0 0 -0 0 0 0 0 0 0 0 0 0 0 0 0 0 1 13150.8 13150.8 13150.8 13150.8
0 0 1 0 0 1 0 0 0 0 0 4.75894e-09 -0 0 0 -0 0 0 0 0 0 0 0 0 0 0 0 0 0 1 13150.8 13150.8 13150.8 13150.8
0 0 1 0 0 1 0 0 0 0 0 4.75894e-09 -0 0 0 -0 0 0 0 0 0 0 0 0 0 0 0 0 0 1 13150.8 13150.8 13150.8 13150.8
0 0 1 0 0 1 0 0 0 0 0 2.52556e-09 -0 0 0 -0 0 0 0 0 0 0 0 0 0 0 0 0 0 1 13150.8 13150.8 13150.8 13150.8
0 0 1 0 0 1 0 0 0 0 0 2.86563e-10 -0 0 0 -0 0 0 0 0 0 0 0 0 0 0 0 0 0 1 13150.8 13150.8 13150.8 13150.8
0 0 1 0 0 1 0 0 0 0 0 -1.75232e-09 -0 0 0 -0 0 0 0 0 0 0 0 0 0 0 0 0 0 1 13150.8 13150.8 13150.8 13150.8
0 0 1 0 0 1 0 0 0 0 0 -3.95411e-09 -0 0 0 -0 0 0 0 0 0 0 0 0 0 0 0 0 0 1 13150.8 13150.8 13150.8 13150.8
0 0 1 0 0 1 0 0 0 0 0 1.33754e-09 -0 0 0 -0 0 0 0 0 0 0 0 0 0 0 0 0 0 1 13150.8 13150.8 13150.8 13150.8
0 0 1 0 0 1 0 0 0 0 0 6.53451e-09 -0 0 0 -0 0 0 0 0 0 0 0 0 0 0 0 0 0 1 13150.8 13150.8 13150.8 13150.8
0 0 1 0 0 1 0 0 0 0 0 3.79231e-09 -0 0 0 -0 0 0 0 0 0 0 0 0 0 0 0 0 0 1 13150.8 13150.8 13150.8 13150.8
0 0 1 0 0 1 0 0 0 0 0 2.26213e-09 -0 0 0 -0 0 0 0 0 0 0 0 0 0 0 0 0 0 1 13150.8 13150.8 13150.8 13150.8
0 0 1 0 0 1 0 0 0 0 0 9.91098e-12 -0 0 0 -0 0 0 0 0 0 0 0 0 0 0 0 0 0 1 13150.8 13150.8 13150.8 13150.8
0 0 1 0 0 1 0 0 0 0 0 -2.22607e-09 -0 0 0 -0 0 0 0 0 0 0 0 0 0 0 0 0 0 1 13150.8 13150.8 13150.8 13150.8
0 0 1 0 0 1 0 0 0 0 0 -4.26994e-09 -0 0 0 -0 0 0 0 0 0 0 0 0 0 0 0 0 0 1 13150.8 13150.8 13150.8 13150.8
0 0 1 0 0 1 0 0 0 0 0 9.42784e-10 -0 0 0 -0 0 0 0 0 0 0 0 0 0 0 0 0 0 1 13150.8 13150.8 13150.8 13150.8
0 0 1 0 0 1 0 0 0 0 0 6.14328e-09 -0 0 0 -0 0 0 0 0 0 0 0 0 0 0 0 0 0 1 13150.8 13150.8 13150.8 13150.8
0 0 1 0 0 1 0 0 0 0 0 3.90253e-09 -0 0 0 -0 0 0 0 0 0 0 0 0 0 0 0 0 0 1 13150.8 13150.8 13150.8 13150.8
0 0 1 0 0 1 0 0 0 0 0 1.84101e-09 -0 0 0 -0 0 0 0 0 0 0 0 0 0 0 0 0 0 1 13150.8 13150.8 13150.8 13150.8
0 0 1 0 0 1 0 0 0 0 0 -3.85093e-10 -0 0 0 -0 0 0 0 0 0 0 0 0 0 0 0 0 0 1 13150.8 13150.8 13150.8 13150.8
0 0 1 0 0 1 0 0 0 0 0 -2.61591e-09 -0 0 0 -0 0 0 0 0 0 0 0 0 0 0 0 0 0 1 13150.8 13150.8 13150.8 13150.8
0 0 1 0 0 1 0 0 0 0 0 -4.87267e-09 -0 0 0 -0 0 0 0 0 0 0 0 0 0 0 0 0 0 1 13150.8 13150.8 13150.8 13150.8
0 0 1 0 0 1 0 0 0 0 0 -1.55297e-10 -0 0 0 -0 0 0 0 0 0 0 0 0 0 0 0 0 0 1 13150.8 13150.8 13150.8 13150.8
0 0 1 0 0 1 0 0 0 0 0 5.07205e-09 -0 0 0 -0 0 0 0 0 0 0 0 0 0 0 0 0 0 1 13150.8 13150.8 13150.8 13150.8
0 0 1 0 0 1 0 0 0 0 0 2.84161e-09 -0 0 0 -0 0 0 0 0 0 0 0 0 0 0 0 0 0 1 13150.8 13150.8 13150.8 13150.8
0 0 1 0 0 1 0 0 0 0 0 5.99538e-10 -0 0 0 -0 0 0 0 0 0 0 0 0 0 0 0 0 0 1 13150.8 13150.8 13150.8 13150.8
0 0 1 0 0 1 0 0 0 0 0 -1.43645e-09 -0 0 0 -0 0 0 0 0 0 0 0 0 0 0 0 0 0 1 13150.8 13150.8 13150.8 13150.8
0 0 1 0 0 1 0 0 0 0 0 -3.65566e-09 -0 0 0 -0 0 0 0 0 0 0 0 0 0 0 0 0 0 1 13150.8 13150.8 13150.8 13150.8
0 0 1 0 0 1 0 0 0 0 0 -5.93394e-09 -0 0 0 -0 0 0 0 0 0 0 0 0 0 0 0 0 0 1 13150.8 13150.8 13150.8 13150.8
0 0 1 0 0 1 0 0 0 0 0 -7.26334e-10 -0 0 0 -0 0 0 0 0 0 0 0 0 0 0 0 0 0 1 13150.8 13150.8 13150.8 13150.8
0 0 1 0 0 1 0 0 0 0 0 4.03602e-09 -0 0 0 -0 0 0 0 0 0 0 0 0 0 0 0 0 0 1 13150.8 13150.8 13150.8 13150.8
0 0 1 0 0 1 0 0 0 0 0 1.31711e-09 -0 0 0 -0 0 0 0 0 0 0 0 0 0 0 0 0 0 1 13150.8 13150.8 13150.8 13150.8
0 0 1 0 0 1 0 0 0 0 0 -4.18812e-10 -0 0 0 -0 0 0 0 0 0 0 0 0 0 0 0 0 0 1 13150.8 13150.8 13150.8 13150.8
0 0 1 0 0 1 0 0 0 0 0 -2.56809e-09 -0 0 0 -0 0 0 0 0 0 0 0 0 0 0 0 0 0 1 13150.8 13150.8 13150.8 13150.8
0 0 1 0 0 1 0 0 0 0 0 -4.70904e-09 -0 0 0 -0 0 0 0 0 0 0 0 0 0 0 0 0 0 1 13150.8 13150.8 13150.8 13150.8
0 0 1 0 0 1 0 0 0 0 0 4.23092e-10 -0 0 0 -0 0 0 0 0 0 0 0 0 0 0 0 0 0 1 13150.8 13150.8 13150.8 13150.8
0 0 1 0 0 1 0 0 0 0 0 5.56026e-09 -0 0 0 -0 0 0 0 0 0 0 0 0 0 0 0 0 0 1 13150.8 13150.8 13150.8 13150.8
0 0 1 0 0 1 0 0 0 0 0 3.26547e-09 -0 0 0 -0 0 0 0 0 0 0 0 0 0 0 0 0 0 1 13150.8 13150.8 13150.8 13150.8
0 0 1 0 0 1 0 0 0 0 0 1.21156e-09 -0 0 0 -0 0 0 0 0 0 0 0 0 0 0 0 0 0 1 13150.8 13150.8 13150.8 13150.8
0 0 1 0 0 1 0 0 0 0 0 -9.89022e-10 -0 0 0 -0 0 0 0 0 0 0 0 0 0 0 0 0 0 1 13150.8 13150.8 13150.8 13150.8
0 0 1 0 0 1 0 0 0 0 0 -3.27538e-09 -0 0 0 -0 0 0 0 0 0 0 0 0 0 0 0 0 0 1 13150.8 13150.8 13150.8 13150.8
0 0 1 0 0 1 0 0 0 0 0 -5.49842e-09 -0 0 0 -0 0 0 0 0 0 0 0 0 0 0 0 0 0 1 13150.8 13150.8 13150.8 13150.8
0 0 1 0 0 1 0 0 0 0 0 -7.27104e-10 -0 0 0 -0 0 0 0 0 0 0 0 0 0 0 0 0 0 1 13150.8 13150.8 13150.8 13150.8
0 0 1 0 0 1 0 0 0 0 0 4.42832e-09 -0 0 0 -0 0 0 0 0 0 0 0 0 0 0 0 0 0 1 13150.8 13150.8 13150.8 13150.8
0 0 1 0 0 1 0 0 0 0 0 2.17111e-09 -0 0 0 -0 0 0 0 0 0 0 0 0 0 0 0 0 0 1 13150.8 13150.8 13150.8 13150.8
0 0 1 0 0 1 0 0 0 0 0 1.72127e-11 -0 0 0 -0 0 0 0 0 0 0 0 0 0 0 0 0 0 1 13150.8 13150.8 13150.8 13150.8
0 0 1 0 0 1 0 0 0 0 0 -2.11028e-09 -0 0 0 -0 0 0 0 0 0 0 0 0 0 0 0 0 0 1 13150.8 13150.8 13150.8 13150.8
0 0 1 0 0 1 0 0 0 0 0 -4.35216e-09 -0 0 0 -0 0 0 0 0 0 0 0 0 0 0 0 0 0 1 13150.8 13150.8 13150.8 13150.8
0 0 1 0 0 1 0 0 0 0 0 9.01562e-10 -0 0 0 -0 0 0 0 0 0 0 0 0 0 0 0 0 0 1 13150.8 13150.8 13150.8 13150.8
0 0 1 0 0 1 0 0 0 0 0 6.05282e-09 -0 0 0 -0 0 0 0 0 0 0 0 0 0 0 0 0 0 1 13150.8 13150.8 13150.8 13150.8
0 0 1 0 0 1 0 0 0 0 0 4.00873e-09 -0 0 0 -0 0 0 0 0 0 0 0 0 0 0 0 0 0 1 13150.8 13150.8 13150.8 13150.8
0 0 1 0 0 1 0 0 0 0 0 1.77104e-09 -0 0 0 -0 0 0 0 0 0 0 0 0 0 0 0 0 0 1 13150.8 13150.8 13150.8 13150.8
0 0 1 0 0 1 0 0 0 0 0 -4.61013e-10 -0 0 0 -0 0 0 0 0 0 0 0 0 0 0 0 0 0 1 13150.8 13150.8 13150.8 13150.8
0 0 1 0 0 1 0 0 0 0 0 -2.6969e-09 -0 0 0 -0 0 0 0 0 0 0 0 0 0 0 0 0 0 1 13150.8 13150.8 13150.8 13150.8
0 0 1 0 0 1 0 0 0 0 0 -4.74787e-09 -0 0 0 -0 0 0 0 0 0 0 0 0 0 0 0 0 0 1 13150.8 13150.8 13150.8 13150.8
0 0 1 0 0 1 0 0 0 0 0 4.80844e-10 -0 0 0 -0 0 0 0 0 0 0 0 0 0 0 0 0 0 1 13150.8 13150.8 13150.8 13150.8
0 0 1 0 0 1 0 0 0 0 0 5.56765e-09 -0 0 0 -0 0 0 0 0 0 0 0 0 0 0 0 0 0 1 13150.8 13150.8 13150.8 13150.8
0 0 1 0 0 1 0 0 0 0 0 3.27769e-09 -0 0 0 -0 0 0 0 0 0 0 0 0 0 0 0 0 0 1 13150.8 13150.8 13150.8 13150.8
0 0 1 0 0 1 0 0 0 0 0 1.23666e-09 -0 0 0 -0 0 0 0 0 0 0 0 0 0 0 0 0 0 1 13150.8 13150.8 13150.8 13150.8
0 0 1 0 0 1 0 0 0 0 0 -9.97986e-10 -0 0 0 -0 0 0 0 0 0 0 0 0 0 0 0 0 0 1 13150.8 13150.8 13150.8 13150.8
0 0 1 0 0 1 0 0 0 0 0 -3.23036e-09 -0 0 0 -0 0 0 0 0 0 0 0 0 0 0 0 0 0 1 13150.8 13150.8 13150.8 13150.8
0 0 1 0 0 1 0 0 0 0 0 -5.4692e-09 -0 0 0 -0 0 0 0 0 0 0 0 0 0 0 0 0 0 1 13150.8 13150.8 13150.8 13150.8
0 0 1 0 0 1 0 0 0 0 0 -6.85359e-10 -0 0 0 -0 0 0 0 0 0 0 0 0 0 0 0 0 0 1 13150.8 13150.8 13150.8 13150.8
0 0 1 0 0 1 0 0 0 0 0 4.49104e-09 -0 0 0 -0 0 0 0 0 0 0 0 0 0 0 0 0 0 1 13150.8 13150.8 13150.8 13150.8
0 0 1 0 0 1 0 0 0 0 0 2.25192e-09 -0 0 0 -0 0 0 0 0 0 0 0 0 0 0 0 0 0 1 13150.8 13150.8 13150.8 13150.8
0 0 1 0 0 1 0 0 0 0 0 1.13661e-10 -0 0 0 -0 0 0 0 0 0 0 0 0 0 0 0 0 0 1 13150.8 13150.8 13150.8 13150.8
0 0 1 0 0 1 0 0 0 0 0 -2.03777e-09 -0 0 0 -0 0 0 0 0 0 0 0 0 0 0 0 0 0 1 13150.8 13150.8 13150.8 13150.8
0 0 1 0 0 1 0 0 0 0 0 -4.28275e-09 -0 0 0 -0 0 0 0 0 0 0 0 0 0 0 0 0 0 1 13150.8 13150.8 13150.8 13150.8
0 0 1 0 0 1 0 0 0 0 0 8.15514e-10 -0 0 0 -0 0 0 0 0 0 0 0 0 0 0 0 0 0 1 13150.8 13150.8 13150.8 13150.8
0 0 1 0 0 1 0 0 0 0 0 6.12267e-09 -0 0 0 -0 0 0 0 0 0 0 0 0 0 0 0 0 0 1 13150.8 13150.8 13150.8 13150.8
0 0 1 0 0 1 0 0 0 0 0 4.08318e-09 -0 0 0 -0 0 0 0 0 0 0 0 0 0 0 0 0 0 1 13150.8 13150.8 13150.8 13150.8
0 0 1 0 0 1 0 0 0 0 0 1.84276e-09 -0 0 0 -0 0 0 0 0 0 0 0 0 0 0 0 0 0 1 13150.8 13150.8 13150.8 13150.8
0 0 1 0 0 1 0 0 0 0 0 -4.07883e-10 -0 0 0 -0 0 0 0 0 0 0 0 0 0 0 0 0 0 1 13150.8 13150.8 13150.8 13150.8
0 0 1 0 0 1 0 0 0 0 0 -2.64119e-09 -0 0 0 -0 0 0 0 0 0 0 0 0 0 0 0 0 0 1 13150.8 13150.8 13150.8 13150.8
0 0 1 0 0 1 0 0 0 0 0 -4.67454e-09 -0 0 0 -0 0 0 0 0 0 0 0 0 0 0 0 0 0 1 13150.8 13150.8 13150.8 13150.8
0 0 1 0 0 1 0 0 0 0 0 5.44844e-10 -0 0 0 -0 0 0 0 0 0 0 0 0 0 0 0 0 0 1 13150.8 13150.8 13150.8 13150.8
0 0 1 0 0 1 0 0 0 0 0 5.73729e-09 -0 0 0 -0 0 0 0 0 0 0 0 0 0 0 0 0 0 1 13150.8 13150.8 13150.8 13150.8
0 0 1 0 0 1 0 0 0 0 0 3.49155e-09 -0 0 0 -0 0 0 0 0 0 0 0 0 0 0 0 0 0 1 13150.8 13150.8 13150.8 13150.8
0 0 1 0 0 1 0 0 0 0 0 1.43833e-09 -0 0 0 -0 0 0 0 0 0 0 0 0 0 0 0 0 0 1 13150.8 13150.8 13150.8 13150.8
0 0 1 0 0 1 0 0 0 0 0 -7.81517e-10 -0 0 0 -0 0 0 0 0 0 0 0 0 0 0 0 0 0 1 13150.8 13150.8 13150.8 13150.8
0 0 1 0 0 1 0 0 0 0 0 -3.03503e-09 -0 0 0 -0 0 0 0 0 0 0 0 0 0 0 0 0 0 1 13150.8 13150.8 13150.8 13150.8
0 0 1 0 0 1 0 0 0 0 0 -5.26991e-09 -0 0 0 -0 0 0 0 0 0 0 0 0 0 0 0 0 0 1 13150.8 13150.8 13150.8 13150.8
0 0 1 0 0 1 0 0 0 0 0 -5.19504e-10 -0 0 0 -0 0 0 0 0 0 0 0 0 0 0 0 0 0 1 13150.8 13150.8 13150.8 13150.8
0 0 1 0 0 1 0 0 0 0 0 4.69561e-09 -0 0 0 -0 0 0 0 0 0 0 0 0 0 0 0 0 0 1 13150.8 13150.8 13150.8 13150.8
0 0 1 0 0 1 0 0 0 0 0 2.46268e-09 -0 0 0 -0 0 0 0 0 0 0 0 0 0 0 0 0 0 1 13150.8 13150.8 13150.8 13150.8
0 0 1 0 0 1 0 0 0 0 0 2.3447e-10 -0 0 0 -0 0 0 0 0 0 0 0 0 0 0 0 0 0 1 13150.8 13150.8 13150.8 13150.8
0 0 1 0 0 1 0 0 0 0 0 -1.81785e-09 -0 0 0 -0 0 0 0 0 0 0 0 0 0 0 0 0 0 1 13150.8 13150.8 13150.8 13150.8
0 0 1 0 0 1 0 0 0 0 0 -4.0467e-09 -0 0 0 -0 0 0 0 0 0 0 0 0 0 0 0 0 0 1 13150.8 13150.8 13150.8 13150.8
0 0 1 0 0 1 0 0 0 0 0 -6.30139e-09 -0 0 0 -0 0 0 0 0 0 0 0 0 0 0 0 0 0 1 13150.8 13150.8 13150.8 13150.8
0 0 1 0 0 1 0 0 0 0 0 -1.11032e-09 -0 0 0 -0 0 0 0 0 0 0 0 0 0 0 0 0 0 1 13150.8 13150.8 13150.8 13150.8
0 0 1 0 0 1 0 0 0 0 0 3.64717e-09 -0 0 0 -0 0 0 0 0 0 0 0 0 0 0 0 0 0 1 13150.8 13150.8 13150.8 13150.8
0 0 1 0 0 1 0 0 0 0 0 1.40946e-09 -0 0 0 -0 0 0 0 0 0 0 0 0 0 0 0 0 0 1 13150.8 13150.8 13150.8 13150.8
0 0 1 0 0 1 0 0 0 0 0 -8.30369e-10 -0 0 0 -0 0 0 0 0 0 0 0 0 0 0 0 0 0 1 13150.8 13150.8 13150.8 13150.8
0 0 1 0 0 1 0 0 0 0 0 -3.06917e-09 -0 0 0 -0 0 0 0 0 0 0 0 0 0 0 0 0 0 1 13150.8 13150.8 13150.8 13150.8
0 0 1 0 0 1 0 0 0 0 0 -5.10899e-09 -0 0 0 -0 0 0 0 0 0 0 0 0 0 0 0 0 0 1 13150.8 13150.8 13150.8 13150.8
0 0 1 0 0 1 0 0 0 0 0 1.22152e-10 -0 0 0 -0 0 0 0 0 0 0 0 0 0 0 0 0 0 1 13150.8 13150.8 13150.8 13150.8
0 0 1 0 0 1 0 0 0 0 0 5.31847e-09 -0 0 0 -0 0 0 0 0 0 0 0 0 0 0 0 0 0 1 13150.8 13150.8 13150.8 13150.8
0 0 1 0 0 1 0 0 0 0 0 3.08746e-09 -0 0 0 -0 0 0 0 0 0 0 0 0 0 0 0 0 0 1 13150.8 13150.8 13150.8 13150.8
0 0 1 0 0 1 0 0 0 0 0 1.04807e-09 -0 0 0 -0 0 0 0 0 0 0 0 0 0 0 0 0 0 1 13150.8 13150.8 13150.8 13150.8
0 0 1 0 0 1 0 0 0 0 0 -1.1948e-09 -0 0 0 -0 0 0 0 0 0 0 0 0 0 0 0 0 0 1 13150.8 13150.8 13150.8 13150.8
0 0 1 0 0 1 0 0 0 0 0 -3.43096e-09 -0 0 0 -0 0 0 0 0 0 0 0 0 0 0 0 0 0 1 13150.8 13150.8 13150.8 13150.8
0 0 1 0 0 1 0 0 0 0 0 -5.68185e-09 -0 0 0 -0 0 0 0 0 0 0 0 0 0 0 0 0 0 1 13150.8 13150.8 13150.8 13150.8
0 0 1 0 0 1 0 0 0 0 0 -9.47251e-10 -0 0 0 -0 0 0 0 0 0 0 0 0 0 0 0 0 0 1 13150.8 13150.8 13150.8 13150.8
0 0 1 0 0 1 0 0 0 0 0 4.24137e-09 -0 0 0 -0 0 0 0 0 0 0 0 0 0 0 0 0 0 1 13150.8 13150.8 13150.8 13150.8
0 0 1 0 0 1 0 0 0 0 0 1.99986e-09 -0 0 0 -0 0 0 0 0 0 0 0 0 0 0 0 0 0 1 13150.8 13150.8 13150.8 13150.8
0 0 1 0 0 1 0 0 0 0 0 -2.50401e-10 -0 0 0 -0 0 0 0 0 0 0 0 0 0 0 0 0 0 1 13150.8 13150.8 13150.8 13150.8
0 0 1 0 0 1 0 0 0 0 0 -2.28384e-09 -0 0 0 -0 0 0 0 0 0 0 0 0 0 0 0 0 0 1 13150.8 13150.8 13150.8 13150.8
0 0 1 0 0 1 0 0 0 0 0 -4.52024e-09 -0 0 0 -0 0 0 0 0 0 0 0 0 0 0 0 0 0 1 13150.8 13150.8 13150.8 13150.8
0 0 1 0 0 1 0 0 0 0 0 6.82596e-10 -0 0 0 -0 0 0 0 0 0 0 0 0 0 0 0 0 0 1 13150.8 13150.8 13150.8 13150.8
0 0 1 0 0 1 0 0 0 0 0 5.97252e-09 -0 0 0 -0 0 0 0 0 0 0 0 0 0 0 0 0 0 1 13150.8 13150.8 13150.8 13150.8
0 0 1 0 0 1 0 0 0 0 0 3.95976e-09 -0 0 0 -0 0 0 0 0 0 0 0 0 0 0 0 0 0 1 13150.8 13150.8 13150.8 13150.8
0 0 1 0 0 1 0 0 0 0 0 1.73147e-09 -0 0 0 -0 0 0 0 0 0 0 0 0 0 0 0 0 0 1 13150.8 13150.8 13150.8 13150.8
0 0 1 0 0 1 0 0 0 0 0 -5.18536e-10 -0 0 0 -0 0 0 0 0 0 0 0 0 0 0 0 0 0 1 13150.8 13150.8 13150.8 13150.8
0 0 1 0 0 1 0 0 0 0 0 -2.74892e-09 -0 0 0 -0 0 0 0 0 0 0 0 0 0 0 0 0 0 1 13150.8 13150.8 13150.8 13150.8
0 0 1 0 0 1 0 0 0 0 0 -5.20665e-09 -0 0 0 -0 0 0 0 0 0 0 0 0 0 0 0 0 0 1 13150.8 13150.8 13150.8 13150.8
0 0 1 0 0 1 0 0 0 0 0 -9.56116e-10 -0 0 0 -0 0 0 0 0 0 0 0 0 0 0 0 0 0 1 13150.8 13150.8 13150.8 13150.8
0 0 1 0 0 1 0 0 0 0 0 4.24506e-09 -0 0 0 -0 0 0 0 0 0 0 0 0 0 0 0 0 0 1 13150.8 13150.8 13150.8 13150.8
0 0 1 0 0 1 0 0 0 0 0 1.99469e-09 -0 0 0 -0 0 0 0 0 0 0 0 0 0 0 0 0 0 1 13150.8 13150.8 13150.8 13150.8
0 0 1 0 0 1 0 0 0 0 0 -3.75078e-11 -0 0 0 -0 0 0 0 0 0 0 0 0 0 0 0 0 0 1 13150.8 13150.8 13150.8 13150.8
0 0 1 0 0 1 0 0 0 0 0 -2.29298e-09 -0 0 0 -0 0 0 0 0 0 0 0 0 0 0 0 0 0 1 13150.8 13150.8 13150.8 13150.8
0 0 1 0 0 1 0 0 0 0 0 -4.52822e-09 -0 0 0 -0 0 0 0 0 0 0 0 0 0 0 0 0 0 1 13150.8 13150.8 13150.8 13150.8
0 0 1 0 0 1 0 0 0 0 0 6.8316e-10 -0 0 0 -0 0 0 0 0 0 0 0 0 0 0 0 0 0 1 13150.8 13150.8 13150.8 13150.8
0 0 1 0 0 1 0 0 0 0 0 5.46334e-09 -0 0 0 -0 0 0 0 0 0 0 0 0 0 0 0 0 0 1 13150.8 13150.8 13150.8 13150.8
0 0 1 0 0 1 0 0 0 0 0 3.23606e-09 -0 0 0 -0 0 0 0 0 0 0 0 0 0 0 0 0 0 1 13150.8 13150.8 13150.8 13150.8
0 0 1 0 0 1 0 0 0 0 0 1.00171e-09 -0 0 0 -0 0 0 0 0 0 0 0 0 0 0 0 0 0 1 13150.8 13150.8 13150.8 13150.8
0 0 1 0 0 1 0 0 0 0 0 -1.23737e-09 -0 0 0 -0 0 0 0 0 0 0 0 0 0 0 0 0 0 1 13150.8 13150.8 13150.8 13150.8
0 0 1 0 0 1 0 0 0 0 0 -3.27958e-09 -0 0 0 -0 0 0 0 0 0 0 0 0 0 0 0 0 0 1 13150.8 13150.8 13150.8 13150.8
0 0 1 0 0 1 0 0 0 0 0 -5.5218e-09 -0 0 0 -0 0 0 0 0 0 0 0 0 0 0 0 0 0 1 13150.8 13150.8 13150.8 13150.8
0 0 1 0 0 1 0 0 0 0 0 -3.05396e-10 -0 0 0 -0 0 0 0 0 0 0 0 0 0 0 0 0 0 1 13150.8 13150.8 13150.8 13150.8
0 0 1 0 0 1 0 0 0 0 0 4.89248e-09 -0 0 0 -0 0 0 0 0 0 0 0 0 0 0 0 0 0 1 13150.8 13150.8 13150.8 13150.8
0 0 1 0 0 1 0 0 0 0 0 2.84481e-09 -0 0 0 -0 0 0 0 0 0 0 0 0 0 0 0 0 0 1 13150.8 13150.8 13150.8 13150.8
0 0 1 0 0 1 0 0 0 0 0 6.14997e-10 -0 0 0 -0 0 0 0 0 0 0 0 0 0 0 0 0 0 1 13150.8 13150.8 13150.8 13150.8
0 0 1 0 0 1 0 0 0 0 0 -1.63344e-09 -0 0 0 -0 0 0 0 0 0 0 0 0 0 0 0 0 0 1 13150.8 13150.8 13150.8 13150.8
0 0 1 0 0 1 0 0 0 0 0 -3.87368e-09 -0 0 0 -0 0 0 0 0 0 0 0 0 0 0 0 0 0 1 13150.8 13150.8 13150.8 13150.8
0 0 1 0 0 1 0 0 0 0 0 -5.89958e-09 -0 0 0 -0 0 0 0 0 0 0 0 0 0 0 0 0 0 1 13150.8 13150.8 13150.8 13150.8
0 0 1 0 0 1 0 0 0 0 0 -1.66989e-10 -0 0 0 -0 0 0 0 0 0 0 0 0 0 0 0 0 0 1 13150.8 13150.8 13150.8 13150.8
0 0 1 0 0 1 0 0 0 0 0 4.56157e-09 -0 0 0 -0 0 0 0 0 0 0 0 0 0 0 0 0 0 1 13150.8 13150.8 13150.8 13150.8
0 0 1 0 0 1 0 0 0 0 0 2.33801e-09 -0 0 0 -0 0 0 0 0 0 0 0 0 0 0 0 0 0 1 13150.8 13150.8 13150.8 13150.8
0 0 1 0 0 1 0 0 0 0 0 2.85618e-10 -0 0 0 -0 0 0 0 0 0 0 0 0 0 0 0 0 0 1 13150.8 13150.8 13150.8 13150.8
0 0 1 0 0 1 0 0 0 0 0 -1.93908e-09 -0 0 0 -0 0 0 0 0 0 0 0 0 0 0 0 0 0 1 13150.8 13150.8 13150.8 13150.8
0 0 1 0 0 1 0 0 0 0 0 -4.20528e-09 -0 0 0 -0 0 0 0 0 0 0 0 0 0 0 0 0 0 1 13150.8 13150.8 13150.8 13150.8
0 0 1 0 0 1 0 0 0 0 0 9.32276e-10 -0 0 0 -0 0 0 0 0 0 0 0 0 0 0 0 0 0 1 13150.8 13150.8 13150.8 13150.8
0 0 1 0 0 1 0 0 0 0 0 6.1339e-09 -0 0 0 -0 0 0 0 0 0 0 0 0 0 0 0 0 0 1 13150.8 13150.8 13150.8 13150.8
0 0 1 0 0 1 0 0 0 0 0 4.07229e-09 -0 0 0 -0 0 0 0 0 0 0 0 0 0 0 0 0 0 1 13150.8 13150.8 13150.8 13150.8
0 0 1 0 0 1 0 0 0 0 0 1.84701e-09 -0 0 0 -0 0 0 0 0 0 0 0 0 0 0 0 0 0 1 13150.8 13150.8 13150.8 13150.8
0 0 1 0 0 1 0 0 0 0 0 -3.88965e-10 -0 0 0 -0 0 0 0 0 0 0 0 0 0 0 0 0 0 1 13150.8 13150.8 13150.8 13150.8
0 0 1 0 0 1 0 0 0 0 0 -2.43541e-09 -0 0 0 -0 0 0 0 0 0 0 0 0 0 0 0 0 0 1 13150.8 13150.8 13150.8 13150.8
0 0 1 0 0 1 0 0 0 0 0 -4.67514e-09 -0 0 0 -0 0 0 0 0 0 0 0 0 0 0 0 0 0 1 13150.8 13150.8 13150.8 13150.8
0 0 1 0 0 1 0 0 0 0 0 5.28794e-10 -0 0 0 -0 0 0 0 0 0 0 0 0 0 0 0 0 0 1 13150.8 13150.8 13150.8 13150.8
0 0 1 0 0 1 0 0 0 0 0 5.59025e-09 -0 0 0 -0 0 0 0 0 0 0 0 0 0 0 0 0 0 1 13150.8 13150.8 13150.8 13150.8
0 0 1 0 0 1 0 0 0 0 0 3.28382e-09 -0 0 0 -0 0 0 0 0 0 0 0 0 0 0 0 0 0 1 13150.8 13150.8 13150.8 13150.8
0 0 1 0 0 1 0 0 0 0 0 1.2336e-09 -0 0 0 -0 0 0 0 0 0 0 0 0 0 0 0 0 0 1 13150.8 13150.8 13150.8 13150.8
0 0 1 0 0 1 0 0 0 0 0 -9.88049e-10 -0 0 0 -0 0 0 0 0 0 0 0 0 0 0 0 0 0 1 13150.8 13150.8 13150.8 13150.8
0 0 1 0 0 1 0 0 0 0 0 -3.2649e-09 -0 0 0 -0 0 0 0 0 0 0 0 0 0 0 0 0 0 1 13150.8 13150.8 13150.8 13150.8
0 0 1 0 0 1 0 0 0 0 0 -5.28593e-09 -0 0 0 -0 0 0 0 0 0 0 0 0 0 0 0 0 0 1 13150.8 13150.8 13150.8 13150.8
0 0 1 0 0 1 0 0 0 0 0 -4.46789e-11 -0 0 0 -0 0 0 0 0 0 0 0 0 0 0 0 0 0 1 13150.8 13150.8 13150.8 13150.8
0 0 1 0 0 1 0 0 0 0 0 5.12129e-09 -0 0 0 -0 0 0 0 0 0 0 0 0 0 0 0 0 0 1 13150.8 13150.8 13150.8 13150.8
0 0 1 0 0 1 0 0 0 0 0 2.86255e-09 -0 0 0 -0 0 0 0 0 0 0 0 0 0 0 0 0 0 1 13150.8 13150.8 13150.8 13150.8
0 0 1 0 0 1 0 0 0 0 0 8.36294e-10 -0 0 0 -0 0 0 0 0 0 0 0 0 0 0 0 0 0 1 13150.8 13150.8 13150.8 13150.8
0 0 1 0 0 1 0 0 0 0 0 -1.41385e-09 -0 0 0 -0 0 0 0 0 0 0 0 0 0 0 0 0 0 1 13150.8 13150.8 13150.8 13150.8
0 0 1 0 0 1 0 0 0 0 0 -3.68591e-09 -0 0 0 -0 0 0 0 0 0 0 0 0 0 0 0 0 0 1 13150.8 13150.8 13150.8 13150.8
0 0 1 0 0 1 0 0 0 0 0 -5.88714e-09 -0 0 0 -0 0 0 0 0 0 0 0 0 0 0 0 0 0 1 13150.8 13150.8 13150.8 13150.8
0 0 1 0 0 1 0 0 0 0 0 -1.15407e-09 -0 0 0 -0 0 0 0 0 0 0 0 0 0 0 0 0 0 1 13150.8 13150.8 13150.8 13150.8
0 0 1 0 0 1 0 0 0 0 0 4.09014e-09 -0 0 0 -0 0 0 0 0 0 0 0 0 0 0 0 0 0 1 13150.8 13150.8 13150.8 13150.8
0 0 1 0 0 1 0 0 0 0 0 1.8482e-09 -0 0 0 -0 0 0 0 0 0 0 0 0 0 0 0 0 0 1 13150.8 13150.8 13150.8 13150.8
0 0 1 0 0 1 0 0 0 0 0 -3.7449e-10 -0 0 0 -0 0 0 0 0 0 0 0 0 0 0 0 0 0 1 13150.8 13150.8 13150.8 13150.8
0 0 1 0 0 1 0 0 0 0 0 -2.42279e-09 -0 0 0 -0 0 0 0 0 0 0 0 0 0 0 0 0 0 1 13150.8 13150.8 13150.8 13150.8
0 0 1 0 0 1 0 0 0 0 0 -4.65718e-09 -0 0 0 -0 0 0 0 0 0 0 0 0 0 0 0 0 0 1 13150.8 13150.8 13150.8 13150.8
0 0 1 0 0 1 0 0 0 0 0 5.57656e-10 -0 0 0 -0 0 0 0 0 0 0 0 0 0 0 0 0 0 1 13150.8 13150.8 13150.8 13150.8
0 0 1 0 0 1 0 0 0 0 0 5.73962e-09 -0 0 0 -0 0 0 0 0 0 0 0 0 0 0 0 0 0 1 13150.8 13150.8 13150.8 13150.8
0 0 1 0 0 1 0 0 0 0 0 3.68243e-09 -0 0 0 -0 0 0 0 0 0 0 0 0 0 0 0 0 0 1 13150.8 13150.8 13150.8 13150.8
0 0 1 0 0 1 0 0 0 0 0 1.44821e-09 -0 0 0 -0 0 0 0 0 0 0 0 0 0 0 0 0 0 1 13150.8 13150.8 13150.8 13150.8
0 0 1 0 0 1 0 0 0 0 0 -7.84087e-10 -0 0 0 -0 0 0 0 0 0 0 0 0 0 0 0 0 0 1 13150.8 13150.8 13150.8 13150.8
0 0 1 0 0 1 0 0 0 0 0 -3.02758e-09 -0 0 0 -0 0 0 0 0 0 0 0 0 0 0 0 0 0 1 13150.8 13150.8 13150.8 13150.8
0 0 1 0 0 1 0 0 0 0 0 -5.06552e-09 -0 0 0 -0 0 0 0 0 0 0 0 0 0 0 0 0 0 1 13150.8 13150.8 13150.8 13150.8
0 0 1 0 0 1 0 0 0 0 0 1.72716e-10 -0 0 0 -0 0 0 0 0 0 0 0 0 0 0 0 0 0 1 13150.8 13150.8 13150.8 13150.8
0 0 1 0 0 1 0 0 0 0 0 5.37542e-09 -0 0 0 -0 0 0 0 0 0 0 0 0 0 0 0 0 0 1 13150.8 13150.8 13150.8 13150.8
0 0 1 0 0 1 0 0 0 0 0 3.12839e-09 -0 0 0 -0 0 0 0 0 0 0 0 0 0 0 0 0 0 1 13150.8 13150.8 13150.8 13150.8
0 0 1 0 0 1 0 0 0 0 0 1.10181e-09 -0 0 0 -0 0 0 0 0 0 0 0 0 0 0 0 0 0 1 13150.8 13150.8 13150.8 13150.8
0 0 1 0 0 1 0 0 0 0 0 -1.13998e-09 -0 0 0 -0 0 0 0 0 0 0 0 0 0 0 0 0 0 1 13150.8 13150.8 13150.8 13150.8
0 0 1 0 0 1 0 0 0 0 0 -3.37731e-09 -0 0 0 -0 0 0 0 0 0 0 0 0 0 0 0 0 0 1 13150.8 13150.8 13150.8 13150.8
0 0 1 0 0 1 0 0 0 0 0 -5.61316e-09 -0 0 0 -0 0 0 0 0 0 0 0 0 0 0 0 0 0 1 13150.8 13150.8 13150.8 13150.8
0 0 1 0 0 1 0 0 0 0 0 -7.77451e-10 -0 0 0 -0 0 0 0 0 0 0 0 0 0 0 0 0 0 1 13150.8 13150.8 13150.8 13150.8
0 0 1 0 0 1 0 0 0 0 0 4.37799e-09 -0 0 0 -0 0 0 0 0 0 0 0 0 0 0 0 0 0 1 13150.8 13150.8 13150.8 13150.8
0 0 1 0 0 1 0 0 0 0 0 2.13367e-09 -0 0 0 -0 0 0 0 0 0 0 0 0 0 0 0 0 0 1 13150.8 13150.8 13150.8 13150.8
0 0 1 0 0 1 0 0 0 0 0 -9.79481e-11 -0 0 0 -0 0 0 0 0 0 0 0 0 0 0 0 0 0 1 13150.8 13150.8 13150.8 13150.8
0 0 1 0 0 1 0 0 0 0 0 -2.13243e-09 -0 0 0 -0 0 0 0 0 0 0 0 0 0 0 0 0 0 1 13150.8 13150.8 13150.8 13150.8
0 0 1 0 0 1 0 0 0 0 0 -4.36473e-09 -0 0 0 -0 0 0 0 0 0 0 0 0 0 0 0 0 0 1 13150.8 13150.8 13150.8 13150.8
0 0 1 0 0 1 0 0 0 0 0 9.37973e-10 -0 0 0 -0 0 0 0 0 0 0 0 0 0 0 0 0 0 1 13150.8 13150.8 13150.8 13150.8
0 0 1 0 0 1 0 0 0 0 0 6.08943e-09 -0 0 0 -0 0 0 0 0 0 0 0 0 0 0 0 0 0 1 13150.8 13150.8 13150.8 13150.8
0 0 1 0 0 1 0 0 0 0 0 4.04665e-09 -0 0 0 -0 0 0 0 0 0 0 0 0 0 0 0 0 0 1 13150.8 13150.8 13150.8 13150.8
0 0 1 0 0 1 0 0 0 0 0 1.80247e-09 -0 0 0 -0 0 0 0 0 0 0 0 0 0 0 0 0 0 1 13150.8 13150.8 13150.8 13150.8
0 0 1 0 0 1 0 0 0 0 0 -4.16817e-10 -0 0 0 -0 0 0 0 0 0 0 0 0 0 0 0 0 0 1 13150.8 13150.8 13150.8 13150.8
0 0 1 0 0 1 0 0 0 0 0 -2.67615e-09 -0 0 0 -0 0 0 0 0 0 0 0 0 0 0 0 0 0 1 13150.8 13150.8 13150.8 13150.8
0 0 1 0 0 1 0 0 0 0 0 -4.72463e-09 -0 0 0 -0 0 0 0 0 0 0 0 0 0 0 0 0 0 1 13150.8 13150.8 13150.8 13150.8
0 0 1 0 0 1 0 0 0 0 0 4.40258e-10 -0 0 0 -0 0 0 0 0 0 0 0 0 0 0 0 0 0 1 13150.8 13150.8 13150.8 13150.8
0 0 1 0 0 1 0 0 0 0 0 5.66698e-09 -0 0 0 -0 0 0 0 0 0 0 0 0 0 0 0 0 0 1 13150.8 13150.8 13150.8 13150.8
0 0 1 0 0 1 0 0 0 0 0 3.42501e-09 -0 0 0 -0 0 0 0 0 0 0 0 0 0 0 0 0 0 1 13150.8 13150.8 13150.8 13150.8
0 0 1 0 0 1 0 0 0 0 0 1.39337e-09 -0 0 0 -0 0 0 0 0 0 0 0 0 0 0 0 0 0 1 13150.8 13150.8 13150.8 13150.8
0 0 1 0 0 1 0 0 0 0 0 -8.40344e-10 -0 0 0 -0 0 0 0 0 0 0 0 0 0 0 0 0 0 1 13150.8 13150.8 13150.8 13150.8
0 0 1 0 0 1 0 0 0 0 0 -3.10078e-09 -0 0 0 -0 0 0 0 0 0 0 0 0 0 0 0 0 0 1 13150.8 13150.8 13150.8 13150.8
0 0 1 0 0 1 0 0 0 0 0 -5.33543e-09 -0 0 0 -0 0 0 0 0 0 0 0 0 0 0 0 0 0 1 13150.8 13150.8 13150.8 13150.8
0 0 1 0 0 1 0 0 0 0 0 -5.86532e-10 -0 0 0 -0 0 0 0 0 0 0 0 0 0 0 0 0 0 1 13150.8 13150.8 13150.8 13150.8
0 0 1 0 0 1 0 0 0 0 0 4.59255e-09 -0 0 0 -0 0 0 0 0 0 0 0 0 0 0 0 0 0 1 13150.8 13150.8 13150.8 13150.8
0 0 1 0 0 1 0 0 0 0 0 2.33452e-09 -0 0 0 -0 0 0 0 0 0 0 0 0 0 0 0 0 0 1 13150.8 13150.8 13150.8 13150.8
0 0 1 0 0 1 0 0 0 0 0 4.55222e-11 -0 0 0 -0 0 0 0 0 0 0 0 0 0 0 0 0 0 1 13150.8 13150.8 13150.8 13150.8
0 0 1 0 0 1 0 0 0 0 0 -1.94513e-09 -0 0 0 -0 0 0 0 0 0 0 0 0 0 0 0 0 0 1 13150.8 13150.8 13150.8 13150.8
0 0 1 0 0 1 0 0 0 0 0 -4.18455e-09 -0 0 0 -0 0 0 0 0 0 0 0 0 0 0 0 0 0 1 13150.8 13150.8 13150.8 13150.8
0 0 1 0 0 1 0 0 0 0 0 1.08078e-09 -0 0 0 -0 0 0 0 0 0 0 0 0 0 0 0 0 0 1 13150.8 13150.8 13150.8 13150.8
0 0 1 0 0 1 0 0 0 0 0 6.2852e-09 -0 0 0 -0 0 0 0 0 0 0 0 0 0 0 0 0 0 1 13150.8 13150.8 13150.8 13150.8
0 0 1 0 0 1 0 0 0 0 0 4.24766e-09 -0 0 0 -0 0 0 0 0 0 0 0 0 0 0 0 0 0 1 13150.8 13150.8 13150.8 13150.8
0 0 1 0 0 1 0 0 0 0 0 2.04098e-09 -0 0 0 -0 0 0 0 0 0 0 0 0 0 0 0 0 0 1 13150.8 13150.8 13150.8 13150.8
0 0 1 0 0 1 0 0 0 0 0 -2.05504e-10 -0 0 0 -0 0 0 0 0 0 0 0 0 0 0 0 0 0 1 13150.8 13150.8 13150.8 13150.8
0 0 1 0 0 1 0 0 0 0 0 -2.44468e-09 -0 0 0 -0 0 0 0 0 0 0 0 0 0 0 0 0 0 1 13150.8 13150.8 13150.8 13150.8
0 0 1 0 0 1 0 0 0 0 0 -4.4795e-09 -0 0 0 -0 0 0 0 0 0 0 0 0 0 0 0 0 0 1 13150.8 13150.8 13150.8 13150.8
0 0 1 0 0 1 0 0 0 0 0 7.4784e-10 -0 0 0 -0 0 0 0 0 0 0 0 0 0 0 0 0 0 1 13150.8 13150.8 13150.8 13150.8
0 0 1 0 0 1 0 0 0 0 0 5.93564e-09 -0 0 0 -0 0 0 0 0 0 0 0 0 0 0 0 0 0 1 13150.8 13150.8 13150.8 13150.8
0 0 1 0 0 1 0 0 0 0 0 3.68604e-09 -0 0 0 -0 0 0 0 0 0 0 0 0 0 0 0 0 0 1 13150.8 13150.8 13150.8 13150.8
0 0 1 0 0 1 0 0 0 0 0 1.36772e-09 -0 0 0 -0 0 0 0 0 0 0 0 0 0 0 0 0 0 1 13150.8 13150.8 13150.8 13150.8
0 0 1 0 0 1 0 0 0 0 0 -6.04422e-10 -0 0 0 -0 0 0 0 0 0 0 0 0 0 0 0 0 0 1 13150.8 13150.8 13150.8 13150.8
0 0 1 0 0 1 0 0 0 0 0 -2.84496e-09 -0 0 0 -0 0 0 0 0 0 0 0 0 0 0 0 0 0 1 13150.8 13150.8 13150.8 13150.8
0 0 1 0 0 1 0 0 0 0 0 -5.06032e-09 -0 0 0 -0 0 0 0 0 0 0 0 0 0 0 0 0 0 1 13150.8 13150.8 13150.8 13150.8
0 0 1 0 0 1 0 0 0 0 0 -2.20642e-10 -0 0 0 -0 0 0 0 0 0 0 0 0 0 0 0 0 0 1 13150.8 13150.8 13150.8 13150.8
0 0 1 0 0 1 0 0 0 0 0 4.90945e-09 -0 0 0 -0 0 0 0 0 0 0 0 0 0 0 0 0 0 1 13150.8 13150.8 13150.8 13150.8
0 0 1 0 0 1 0 0 0 0 0 2.66196e-09 -0 0 0 -0 0 0 0 0 0 0 0 0 0 0 0 0 0 1 13150.8 13150.8 13150.8 13150.8
0 0 1 0 0 1 0 0 0 0 0 4.17542e-10 -0 0 0 -0 0 0 0 0 0 0 0 0 0 0 0 0 0 1 13150.8 13150.8 13150.8 13150.8
0 0 1 0 0 1 0 0 0 0 0 -1.64469e-09 -0 0 0 -0 0 0 0 0 0 0 0 0 0 0 0 0 0 1 13150.8 13150.8 13150.8 13150.8
0 0 1 0 0 1 0 0 0 0 0 -3.85884e-09 -0 0 0 -0 0 0 0 0 0 0 0 0 0 0 0 0 0 1 13150.8 13150.8 13150.8 13150.8
0 0 1 0 0 1 0 0 0 0 0 -6.10094e-09 -0 0 0 -0 0 0 0 0 0 0 0 0 0 0 0 0 0 1 13150.8 13150.8 13150.8 13150.8
0 0 1 0 0 1 0 0 0 0 0 -7.9761e-10 -0 0 0 -0 0 0 0 0 0 0 0 0 0 0 0 0 0 1 13150.8 13150.8 13150.8 13150.8
0 0 1 0 0 1 0 0 0 0 0 3.83422e-09 -0 0 0 -0 0 0 0 0 0 0 0 0 0 0 0 0 0 1 13150.8 13150.8 13150.8 13150.8
0 0 1 0 0 1 0 0 0 0 0 1.5964e-09 -0 0 0 -0 0 0 0 0 0 0 0 0 0 0 0 0 0 1 13150.8 13150.8 13150.8 13150.8
0 0 1 0 0 1 0 0 0 0 0 -6.60746e-10 -0 0 0 -0 0 0 0 0 0 0 0 0 0 0 0 0 0 1 13150.8 13150.8 13150.8 13150.8
0 0 1 0 0 1 0 0 0 0 0 -2.94122e-09 -0 0 0 -0 0 0 0 0 0 0 0 0 0 0 0 0 0 1 13150.8 13150.8 13150.8 13150.8
0 0 1 0 0 1 0 0 0 0 0 -4.92839e-09 -0 0 0 -0 0 0 0 0 0 0 0 0 0 0 0 0 0 1 13150.8 13150.8 13150.8 13150.8
0 0 1 0 0 1 0 0 0 0 0 2.87799e-10 -0 0 0 -0 0 0 0 0 0 0 0 0 0 0 0 0 0 1 13150.8 13150.8 13150.8 13150.8
0 0 1 0 0 1 0 0 0 0 0 5.50919e-09 -0 0 0 -0 0 0 0 0 0 0 0 0 0 0 0 0 0 1 13150.8 13150.8 13150.8 13150.8
0 0 1 0 0 1 0 0 0 0 0 3.27564e-09 -0 0 0 -0 0 0 0 0 0 0 0 0 0 0 0 0 0 1 13150.8 13150.8 13150.8 13150.8
0 0 1 0 0 1 0 0 0 0 0 1.19878e-09 -0 0 0 -0 0 0 0 0 0 0 0 0 0 0 0 0 0 1 13150.8 13150.8 13150.8 13150.8
0 0 1 0 0 1 0 0 0 0 0 -1.30637e-09 -0 0 0 -0 0 0 0 0 0 0 0 0 0 0 0 0 0 1 13150.8 13150.8 13150.8 13150.8
0 0 1 0 0 1 0 0 0 0 0 -3.2323e-09 -0 0 0 -0 0 0 0 0 0 0 0 0 0 0 0 0 0 1 13150.8 13150.8 13150.8 13150.8
0 0 1 0 0 1 0 0 0 0 0 -5.53018e-09 -0 0 0 -0 0 0 0 0 0 0 0 0 0 0 0 0 0 1 13150.8 13150.8 13150.8 13150.8
0 0 1 0 0 1 0 0 0 0 0 -8.97464e-10 -0 0 0 -0 0 0 0 0 0 0 0 0 0 0 0 0 0 1 13150.8 13150.8 13150.8 13150.8
0 0 1 0 0 1 0 0 0 0 0 4.2851e-09 -0 0 0 -0 0 0 0 0 0 0 0 0 0 0 0 0 0 1 13150.8 13150.8 13150.8 13150.8
0 0 1 0 0 1 0 0 0 0 0 2.04151e-09 -0 0 0 -0 0 0 0 0 0 0 0 0 0 0 0 0 0 1 13150.8 13150.8 13150.8 13150.8
0 0 1 0 0 1 0 0 0 0 0 -2.15323e-10 -0 0 0 -0 0 0 0 0 0 0 0 0 0 0 0 0 0 1 13150.8 13150.8 13150.8 13150.8
0 0 1 0 0 1 0 0 0 0 0 -2.24736e-09 -0 0 0 -0 0 0 0 0 0 0 0 0 0 0 0 0 0 1 13150.8 13150.8 13150.8 13150.8
0 0 1 0 0 1 0 0 0 0 0 -4.48106e-09 -0 0 0 -0 0 0 0 0 0 0 0 0 0 0 0 0 0 1 13150.8 13150.8 13150.8 13150.8
0 0 1 0 0 1 0 0 0 0 0 7.45796e-10 -0 0 0 -0 0 0 0 0 0 0 0 0 0 0 0 0 0 1 13150.8 13150.8 13150.8 13150.8
0 0 1 0 0 1 0 0 0 0 0 5.68218e-09 -0 0 0 -0 0 0 0 0 0 0 0 0 0 0 0 0 0 1 13150.8 13150.8 13150.8 13150.8
0 0 1 0 0 1 0 0 0 0 0 3.34112e-09 -0 0 0 -0 0 0 0 0 0 0 0 0 0 0 0 0 0 1 13150.8 13150.8 13150.8 13150.8
0 0 1 0 0 1 0 0 0 0 0 1.25593e-09 -0 0 0 -0 0 0 0 0 0 0 0 0 0 0 0 0 0 1 13150.8 13150.8 13150.8 13150.8
0 0 1 0 0 1 0 0 0 0 0 -9.51674e-10 -0 0 0 -0 0 0 0 0 0 0 0 0 0 0 0 0 0 1 13150.8 13150.8 13150.8 13150.8
0 0 1 0 0 1 0 0 0 0 0 -3.18525e-09 -0 0 0 -0 0 0 0 0 0 0 0 0 0 0 0 0 0 1 13150.8 13150.8 13150.8 13150.8
0 0 1 0 0 1 0 0 0 0 0 -5.21999e-09 -0 0 0 -0 0 0 0 0 0 0 0 0 0 0 0 0 0 1 13150.8 13150.8 13150.8 13150.8
0 0 1 0 0 1 0 0 0 0 0 4.98206e-11 -0 0 0 -0 0 0 0 0 0 0 0 0 0 0 0 0 0 1 13150.8 13150.8 13150.8 13150.8
0 0 1 0 0 1 0 0 0 0 0 5.23813e-09 -0 0 0 -0 0 0 0 0 0 0 0 0 0 0 0 0 0 1 13150.8 13150.8 13150.8 13150.8
0 0 1 0 0 1 0 0 0 0 0 3.00012e-09 -0 0 0 -0 0 0 0 0 0 0 0 0 0 0 0 0 0 1 13150.8 13150.8 13150.8 13150.8
0 0 1 0 0 1 0 0 0 0 0 9.63265e-10 -0 0 0 -0 0 0 0 0 0 0 0 0 0 0 0 0 0 1 13150.8 13150.8 13150.8 13150.8
0 0 1 0 0 1 0 0 0 0 0 -1.28786e-09 -0 0 0 -0 0 0 0 0 0 0 0 0 0 0 0 0 0 1 13150.8 13150.8 13150.8 13150.8
0 0 1 0 0 1 0 0 0 0 0 -3.50692e-09 -0 0 0 -0 0 0 0 0 0 0 0 0 0 0 0 0 0 1 13150.8 13150.8 13150.8 13150.8
0 0 1 0 0 1 0 0 0 0 0 -5.74606e-09 -0 0 0 -0 0 0 0 0 0 0 0 0 0 0 0 0 0 1 13150.8 13150.8 13150.8 13150.8
0 0 1 0 0 1 0 0 0 0 0 4.25341e-09 -0 0 0 -0 0 0 0 0 0 0 0 0 0 0 0 0 0 1 13150.8 13150.8 13150.8 13150.8
0 0 1 0 0 1 0 0 0 0 0 4.25341e-09 -0 0 0 -0 0 0 0 0 0 0 0 0 0 0 0 0 0 1 13150.8 13150.8 13150.8 13150.8
0 0 1 0 0 1 0 0 0 0 0 2.02402e-09 -0 0 0 -0 0 0 0 0 0 0 0 0 0 0 0 0 0 1 13150.8 13150.8 13150.8 13150.8
0 0 1 0 0 1 0 0 0 0 0 -2.07755e-10 -0 0 0 -0 0 0 0 0 0 0 0 0 0 0 0 0 0 1 13150.8 13150.8 13150.8 13150.8
0 0 1 0 0 1 0 0 0 0 0 -4.52884e-09 -0 0 0 -0 0 0 0 0 0 0 0 0 0 0 0 0 0 1 13150.8 13150.8 13150.8 13150.8
0 0 1 0 0 1 0 0 0 0 0 -6.72715e-09 -0 0 0 -0 0 0 0 0 0 0 0 0 0 0 0 0 0 1 13150.8 13150.8 13150.8 13150.8
0 0 1 0 0 1 0 0 0 0 0 -4.32035e-09 -0 0 0 -0 0 0 0 0 0 0 0 0 0 0 0 0 0 1 13150.8 13150.8 13150.8 13150.8
0 0 1 0 0 1 0 0 0 0 0 -4.32035e-09 -0 0 0 -0 0 0 0 0 0 0 0 0 0 0 0 0 0 1 13150.8 13150.8 13150.8 13150.8
0 0 1 0 0 1 0 0 0 0 0 1.00141e-09 -0 0 0 -0 0 0 0 0 0 0 0 0 0 0 0 0 0 1 13150.8 13150.8 13150.8 13150.8
0 0 1 0 0 1 0 0 0 0 0 6.16328e-09 -0 0 0 -0 0 0 0 0 0 0 0 0 0 0 0 0 0 1 13150.8 13150.8 13150.8 13150.8
0 0 1 0 0 1 0 0 0 0 0 3.86762e-09 -0 0 0 -0 0 0 0 0 0 0 0 0 0 0 0 0 0 1 13150.8 13150.8 13150.8 13150.8
0 0 1 0 0 1 0 0 0 0 0 1.87277e-09 -0 0 0 -0 0 0 0 0 0 0 0 0 0 0 0 0 0 1 13150.8 13150.8 13150.8 13150.8
0 0 1 0 0 1 0 0 0 0 0 -2.61102e-09 -0 0 0 -0 0 0 0 0 0 0 0 0 0 0 0 0 0 1 13150.8 13150.8 13150.8 13150.8
0 0 1 0 0 1 0 0 0 0 0 -4.85409e-09 -0 0 0 -0 0 0 0 0 0 0 0 0 0 0 0 0 0 1 13150.8 13150.8 13150.8 13150.8
0 0 1 0 0 1 0 0 0 0 0 -1.54977e-10 -0 0 0 -0 0 0 0 0 0 0 0 0 0 0 0 0 0 1 13150.8 13150.8 13150.8 13150.8
0 0 1 0 0 1 0 0 0 0 0 1.02781e-08 -0 0 0 -0 0 0 0 0 0 0 0 0 0 0 0 0 0 1 13150.8 13150.8 13150.8 13150.8
0 0 1 0 0 1 0 0 0 0 0 -5.83526e-09 -0 0 0 -0 0 0 0 0 0 0 0 0 0 0 0 0 0 1 13150.8 13150.8 13150.8 13150.8
0 0 1 0 0 1 0 0 0 0 0 -1.00994e-08 -0 0 0 -0 0 0 0 0 0 0 0 0 0 0 0 0 0 1 13150.8 13150.8 13150.8 13150.8
0 0 1 0 0 1 0 0 0 0 0 -4.87936e-09 -0 0 0 -0 0 0 0 0 0 0 0 0 0 0 0 0 0 1 13150.8 13150.8 13150.8 13150.8
0 0 1 0 0 1 0 0 0 0 0 2.99808e-10 -0 0 0 -0 0 0 0 0 0 0 0 0 0 0 0 0 0 1 13150.8 13150.8 13150.8 13150.8
0 0 1 0 0 1 0 0 0 0 0 1.03143e-08 -0 0 0 -0 0 0 0 0 0 0 0 0 0 0 0 0 0 1 13150.8 13150.8 13150.8 13150.8
0 0 1 0 0 1 0 0 0 0 0 3.59196e-09 -0 0 0 -0 0 0 0 0 0 0 0 0 0 0 0 0 0 1 13150.8 13150.8 13150.8 13150.8
0 0 1 0 0 1 0 0 0 0 0 1.56764e-09 -0 0 0 -0 0 0 0 0 0 0 0 0 0 0 0 0 0 1 13150.8 13150.8 13150.8 13150.8
0 0 1 0 0 1 0 0 0 0 0 -6.09224e-10 -0 0 0 -0 0 0 0 0 0 0 0 0 0 0 0 0 0 1 13150.8 13150.8 13150.8 13150.8
0 0 1 0 0 1 0 0 0 0 0 -2.92183e-09 -0 0 0 -0 0 0 0 0 0 0 0 0 0 0 0 0 0 1 13150.8 13150.8 13150.8 13150.8
0 0 1 0 0 1 0 0 0 0 0 -7.18107e-09 -0 0 0 -0 0 0 0 0 0 0 0 0 0 0 0 0 0 1 13150.8 13150.8 13150.8 13150.8
0 0 1 0 0 1 0 0 0 0 0 -7.18107e-09 -0 0 0 -0 0 0 0 0 0 0 0 0 0 0 0 0 0 1 13150.8 13150.8 13150.8 13150.8
0 0 1 0 0 1 0 0 0 0 0 3.15978e-09 -0 0 0 -0 0 0 0 0 0 0 0 0 0 0 0 0 0 1 13150.8 13150.8 13150.8 13150.8
0 0 1 0 0 1 0 0 0 0 0 8.32147e-09 -0 0 0 -0 0 0 0 0 0 0 0 0 0 0 0 0 0 1 13150.8 13150.8 13150.8 13150.8
0 0 1 0 0 1 0 0 0 0 0 6.20271e-09 -0 0 0 -0 0 0 0 0 0 0 0 0 0 0 0 0 0 1 13150.8 13150.8 13150.8 13150.8
0 0 1 0 0 1 0 0 0 0 0 3.97781e-09 -0 0 0 -0 0 0 0 0 0 0 0 0 0 0 0 0 0 1 13150.8 13150.8 13150.8 13150.8
0 0 1 0 0 1 0 0 0 0 0 1.71321e-09 -0 0 0 -0 0 0 0 0 0 0 0 0 0 0 0 0 0 1 13150.8 13150.8 13150.8 13150.8
0 0 1 0 0 1 0 0 0 0 0 -5.01216e-10 -0 0 0 -0 0 0 0 0 0 0 0 0 0 0 0 0 0 1 13150.8 13150.8 13150.8 13150.8
0 0 1 0 0 1 0 0 0 0 0 -2.53796e-09 -0 0 0 -0 0 0 0 0 0 0 0 0 0 0 0 0 0 1 13150.8 13150.8 13150.8 13150.8
0 0 1 0 0 1 0 0 0 0 0 -7.02518e-09 -0 0 0 -0 0 0 0 0 0 0 0 0 0 0 0 0 0 1 13150.8 13150.8 13150.8 13150.8
0 0 1 0 0 1 0 0 0 0 0 -1.83335e-09 -0 0 0 -0 0 0 0 0 0 0 0 0 0 0 0 0 0 1 13150.8 13150.8 13150.8 13150.8
0 0 1 0 0 1 0 0 0 0 0 8.1351e-09 -0 0 0 -0 0 0 0 0 0 0 0 0 0 0 0 0 0 1 13150.8 13150.8 13150.8 13150.8
0 0 1 0 0 1 0 0 0 0 0 3.66896e-09 -0 0 0 -0 0 0 0 0 0 0 0 0 0 0 0 0 0 1 13150.8 13150.8 13150.8 13150.8
0 0 1 0 0 1 0 0 0 0 0 -5.61436e-10 -0 0 0 -0 0 0 0 0 0 0 0 0 0 0 0 0 0 1 13150.8 13150.8 13150.8 13150.8
0 0 1 0 0 1 0 0 0 0 0 -2.86814e-09 -0 0 0 -0 0 0 0 0 0 0 0 0 0 0 0 0 0 1 13150.8 13150.8 13150.8 13150.8
0 0 1 0 0 1 0 0 0 0 0 -5.0952e-09 -0 0 0 -0 0 0 0 0 0 0 0 0 0 0 0 0 0 1 13150.8 13150.8 13150.8 13150.8
0 0 1 0 0 1 0 0 0 0 0 4.91694e-09 -0 0 0 -0 0 0 0 0 0 0 0 0 0 0 0 0 0 1 13150.8 13150.8 13150.8 13150.8
0 0 1 0 0 1 0 0 0 0 0 2.12253e-08 -0 0 0 -0 0 0 0 0 0 0 0 0 0 0 0 0 0 1 13150.8 13150.8 13150.8 13150.8
0 0 1 0 0 1 0 0 0 0 0 1.87953e-08 -0 0 0 -0 0 0 0 0 0 0 0 0 0 0 0 0 0 1 13150.8 13150.8 13150.8 13150.8
0 0 1 0 0 1 0 0 0 0 0 1.67727e-08 -0 0 0 -0 0 0 0 0 0 0 0 0 0 0 0 0 0 1 13150.8 13150.8 13150.8 13150.8
0 0 1 0 0 1 0 0 0 0 0 1.45478e-08 -0 0 0 -0 0 0 0 0 0 0 0 0 0 0 0 0 0 1 13150.8 13150.8 13150.8 13150.8
0 0 1 0 0 1 0 0 0 0 0 1.23109e-08 -0 0 0 -0 0 0 0 0 0 0 0 0 0 0 0 0 0 1 13150.8 13150.8 13150.8 13150.8
0 0 1 0 0 1 0 0 0 0 0 8.01527e-09 -0 0 0 -0 0 0 0 0 0 0 0 0 0 0 0 0 0 1 13150.8 13150.8 13150.8 13150.8
0 0 1 0 0 1 0 0 0 0 0 5.78642e-09 -0 0 0 -0 0 0 0 0 0 0 0 0 0 0 0 0 0 1 13150.8 13150.8 13150.8 13150.8
0 0 1 0 0 1 0 0 0 0 0 3.55144e-09 -0 0 0 -0 0 0 0 0 0 0 0 0 0 0 0 0 0 1 13150.8 13150.8 13150.8 13150.8
0 0 1 0 0 1 0 0 0 0 0 1.31289e-09 -0 0 0 -0 0 0 0 0 0 0 0 0 0 0 0 0 0 1 13150.8 13150.8 13150.8 13150.8
0 0 1 0 0 1 0 0 0 0 0 1.31289e-09 -0 0 0 -0 0 0 0 0 0 0 0 0 0 0 0 0 0 1 13150.8 13150.8 13150.8 13150.8
0 0 1 0 0 1 0 0 0 0 0 -7.23129e-10 -0 0 0 -0 0 0 0 0 0 0 0 0 0 0 0 0 0 1 13150.8 13150.8 13150.8 13150.8
0 0 1 0 0 1 0 0 0 0 0 -2.97097e-09 -0 0 0 -0 0 0 0 0 0 0 0 0 0 0 0 0 0 1 13150.8 13150.8 13150.8 13150.8
0 0 1 0 0 1 0 0 0 0 0 -5.24024e-09 -0 0 0 -0 0 0 0 0 0 0 0 0 0 0 0 0 0 1 13150.8 13150.8 13150.8 13150.8
0 0 1 0 0 1 0 0 0 0 0 -7.35642e-09 -0 0 0 -0 0 0 0 0 0 0 0 0 0 0 0 0 0 1 13150.8 13150.8 13150.8 13150.8
0 0 1 0 0 1 0 0 0 0 0 -1.96494e-09 -0 0 0 -0 0 0 0 0 0 0 0 0 0 0 0 0 0 1 13150.8 13150.8 13150.8 13150.8
0 0 1 0 0 1 0 0 0 0 0 2.83674e-09 -0 0 0 -0 0 0 0 0 0 0 0 0 0 0 0 0 0 1 13150.8 13150.8 13150.8 13150.8
0 0 1 0 0 1 0 0 0 0 0 6.14802e-10 -0 0 0 -0 0 0 0 0 0 0 0 0 0 0 0 0 0 1 13150.8 13150.8 13150.8 13150.8
0 0 1 0 0 1 0 0 0 0 0 -1.62419e-09 -0 0 0 -0 0 0 0 0 0 0 0 0 0 0 0 0 0 1 13150.8 13150.8 13150.8 13150.8
0 0 1 0 0 1 0 0 0 0 0 -3.66124e-09 -0 0 0 -0 0 0 0 0 0 0 0 0 0 0 0 0 0 1 13150.8 13150.8 13150.8 13150.8
0 0 1 0 0 1 0 0 0 0 0 -1.6743e-08 -0 0 0 -0 0 0 0 0 0 0 0 0 0 0 0 0 0 1 13150.8 13150.8 13150.8 13150.8
0 0 1 0 0 1 0 0 0 0 0 -1.15806e-08 -0 0 0 -0 0 0 0 0 0 0 0 0 0 0 0 0 0 1 13150.8 13150.8 13150.8 13150.8
0 0 1 0 0 1 0 0 0 0 0 -6.54241e-09 -0 0 0 -0 0 0 0 0 0 0 0 0 0 0 0 0 0 1 13150.8 13150.8 13150.8 13150.8
0 0 1 0 0 1 0 0 0 0 0 -1.62009e-09 -0 0 0 -0 0 0 0 0 0 0 0 0 0 0 0 0 0 1 13150.8 13150.8 13150.8 13150.8
0 0 1 0 0 1 0 0 0 0 0 -3.85971e-09 -0 0 0 -0 0 0 0 0 0 0 0 0 0 0 0 0 0 1 13150.8 13150.8 13150.8 13150.8
0 0 1 0 0 1 0 0 0 0 0 -6.12646e-09 -0 0 0 -0 0 0 0 0 0 0 0 0 0 0 0 0 0 1 13150.8 13150.8 13150.8 13150.8
0 0 1 0 0 1 0 0 0 0 0 -9.92902e-10 -0 0 0 -0 0 0 0 0 0 0 0 0 0 0 0 0 0 1 13150.8 13150.8 13150.8 13150.8
0 0 1 0 0 1 0 0 0 0 0 -3.03429e-09 -0 0 0 -0 0 0 0 0 0 0 0 0 0 0 0 0 0 1 13150.8 13150.8 13150.8 13150.8
0 0 1 0 0 1 0 0 0 0 0 2.18029e-09 -0 0 0 -0 0 0 0 0 0 0 0 0 0 0 0 0 0 1 13150.8 13150.8 13150.8 13150.8
0 0 1 0 0 1 0 0 0 0 0 4.76423e-11 -0 0 0 -0 0 0 0 0 0 0 0 0 0 0 0 0 0 1 13150.8 13150.8 13150.8 13150.8
0 0 1 0 0 1 0 0 0 0 0 -2.30589e-09 -0 0 0 -0 0 0 0 0 0 0 0 0 0 0 0 0 0 1 13150.8 13150.8 13150.8 13150.8
0 0 1 0 0 1 0 0 0 0 0 -4.34614e-09 -0 0 0 -0 0 0 0 0 0 0 0 0 0 0 0 0 0 1 13150.8 13150.8 13150.8 13150.8
0 0 1 0 0 1 0 0 0 0 0 8.74946e-10 -0 0 0 -0 0 0 0 0 0 0 0 0 0 0 0 0 0 1 13150.8 13150.8 13150.8 13150.8
0 0 1 0 0 1 0 0 0 0 0 -1.35858e-09 -0 0 0 -0 0 0 0 0 0 0 0 0 0 0 0 0 0 1 13150.8 13150.8 13150.8 13150.8
0 0 1 0 0 1 0 0 0 0 0 -3.58995e-09 -0 0 0 -0 0 0 0 0 0 0 0 0 0 0 0 0 0 1 13150.8 13150.8 13150.8 13150.8
0 0 1 0 0 1 0 0 0 0 0 1.15962e-09 -0 0 0 -0 0 0 0 0 0 0 0 0 0 0 0 0 0 1 13150.8 13150.8 13150.8 13150.8
0 0 1 0 0 1 0 0 0 0 0 -1.07831e-09 -0 0 0 -0 0 0 0 0 0 0 0 0 0 0 0 0 0 1 13150.8 13150.8 13150.8 13150.8
0 0 1 0 0 1 0 0 0 0 0 -3.33158e-09 -0 0 0 -0 0 0 0 0 0 0 0 0 0 0 0 0 0 1 13150.8 13150.8 13150.8 13150.8
0 0 1 0 0 1 0 0 0 0 0 -5.5593e-09 -0 0 0 -0 0 0 0 0 0 0 0 0 0 0 0 0 0 1 13150.8 13150.8 13150.8 13150.8
0 0 1 0 0 1 0 0 0 0 0 -8.28766e-10 -0 0 0 -0 0 0 0 0 0 0 0 0 0 0 0 0 0 1 13150.8 13150.8 13150.8 13150.8
0 0 1 0 0 1 0 0 0 0 0 -3.07916e-09 -0 0 0 -0 0 0 0 0 0 0 0 0 0 0 0 0 0 1 13150.8 13150.8 13150.8 13150.8
0 0 1 0 0 1 0 0 0 0 0 2.12913e-09 -0 0 0 -0 0 0 0 0 0 0 0 0 0 0 0 0 0 1 13150.8 13150.8 13150.8 13150.8
0 0 1 0 0 1 0 0 0 0 0 -1.03358e-10 -0 0 0 -0 0 0 0 0 0 0 0 0 0 0 0 0 0 1 13150.8 13150.8 13150.8 13150.8
0 0 1 0 0 1 0 0 0 0 0 -4.38718e-09 -0 0 0 -0 0 0 0 0 0 0 0 0 0 0 0 0 0 1 13150.8 13150.8 13150.8 13150.8
0 0 1 0 0 1 0 0 0 0 0 8.35268e-10 -0 0 0 -0 0 0 0 0 0 0 0 0 0 0 0 0 0 1 13150.8 13150.8 13150.8 13150.8
0 0 1 0 0 1 0 0 0 0 0 -1.39373e-09 -0 0 0 -0 0 0 0 0 0 0 0 0 0 0 0 0 0 1 13150.8 13150.8 13150.8 13150.8
0 0 1 0 0 1 0 0 0 0 0 -3.43732e-09 -0 0 0 -0 0 0 0 0 0 0 0 0 0 0 0 0 0 1 13150.8 13150.8 13150.8 13150.8
0 0 1 0 0 1 0 0 0 0 0 1.77685e-09 -0 0 0 -0 0 0 0 0 0 0 0 0 0 0 0 0 0 1 13150.8 13150.8 13150.8 13150.8
0 0 1 0 0 1 0 0 0 0 0 -3.43518e-10 -0 0 0 -0 0 0 0 0 0 0 0 0 0 0 0 0 0 1 13150.8 13150.8 13150.8 13150.8
0 0 1 0 0 1 0 0 0 0 0 -2.70006e-09 -0 0 0 -0 0 0 0 0 0 0 0 0 0 0 0 0 0 1 13150.8 13150.8 13150.8 13150.8
0 0 1 0 0 1 0 0 0 0 0 2.06454e-09 -0 0 0 -0 0 0 0 0 0 0 0 0 0 0 0 0 0 1 13150.8 13150.8 13150.8 13150.8
0 0 1 0 0 1 0 0 0 0 0 -1.61111e-10 -0 0 0 -0 0 0 0 0 0 0 0 0 0 0 0 0 0 1 13150.8 13150.8 13150.8 13150.8
0 0 1 0 0 1 0 0 0 0 0 -2.40231e-09 -0 0 0 -0 0 0 0 0 0 0 0 0 0 0 0 0 0 1 13150.8 13150.8 13150.8 13150.8
0 0 1 0 0 1 0 0 0 0 0 2.7951e-09 -0 0 0 -0 0 0 0 0 0 0 0 0 0 0 0 0 0 1 13150.8 13150.8 13150.8 13150.8
0 0 1 0 0 1 0 0 0 0 0 7.43325e-10 -0 0 0 -0 0 0 0 0 0 0 0 0 0 0 0 0 0 1 13150.8 13150.8 13150.8 13150.8
0 0 1 0 0 1 0 0 0 0 0 -1.54127e-09 -0 0 0 -0 0 0 0 0 0 0 0 0 0 0 0 0 0 1 13150.8 13150.8 13150.8 13150.8
0 0 1 0 0 1 0 0 0 0 0 -3.73276e-09 -0 0 0 -0 0 0 0 0 0 0 0 0 0 0 0 0 0 1 13150.8 13150.8 13150.8 13150.8
0 0 1 0 0 1 0 0 0 0 0 1.48567e-09 -0 0 0 -0 0 0 0 0 0 0 0 0 0 0 0 0 0 1 13150.8 13150.8 13150.8 13150.8
0 0 1 0 0 1 0 0 0 0 0 -5.55113e-10 -0 0 0 -0 0 0 0 0 0 0 0 0 0 0 0 0 0 1 13150.8 13150.8 13150.8 13150.8
0 0 1 0 0 1 0 0 0 0 0 -2.78722e-09 -0 0 0 -0 0 0 0 0 0 0 0 0 0 0 0 0 0 1 13150.8 13150.8 13150.8 13150.8
0 0 1 0 0 1 0 0 0 0 0 2.43816e-09 -0 0 0 -0 0 0 0 0 0 0 0 0 0 0 0 0 0 1 13150.8 13150.8 13150.8 13150.8
0 0 1 0 0 1 0 0 0 0 0 2.75496e-10 -0 0 0 -0 0 0 0 0 0 0 0 0 0 0 0 0 0 1 13150.8 13150.8 13150.8 13150.8
0 0 1 0 0 1 0 0 0 0 0 -1.8471e-09 -0 0 0 -0 0 0 0 0 0 0 0 0 0 0 0 0 0 1 13150.8 13150.8 13150.8 13150.8
0 0 1 0 0 1 0 0 0 0 0 -4.10905e-09 -0 0 0 -0 0 0 0 0 0 0 0 0 0 0 0 0 0 1 13150.8 13150.8 13150.8 13150.8
0 0 1 0 0 1 0 0 0 0 0 1.08989e-09 -0 0 0 -0 0 0 0 0 0 0 0 0 0 0 0 0 0 1 13150.8 13150.8 13150.8 13150.8
0 0 1 0 0 1 0 0 0 0 0 -1.12795e-09 -0 0 0 -0 0 0 0 0 0 0 0 0 0 0 0 0 0 1 13150.8 13150.8 13150.8 13150.8
0 0 1 0 0 1 0 0 0 0 0 -3.17282e-09 -0 0 0 -0 0 0 0 0 0 0 0 0 0 0 0 0 0 1 13150.8 13150.8 13150.8 13150.8
0 0 1 0 0 1 0 0 0 0 0 2.02483e-09 -0 0 0 -0 0 0 0 0 0 0 0 0 0 0 0 0 0 1 13150.8 13150.8 13150.8 13150.8
0 0 1 0 0 1 0 0 0 0 0 -1.13516e-10 -0 0 0 -0 0 0 0 0 0 0 0 0 0 0 0 0 0 1 13150.8 13150.8 13150.8 13150.8
0 0 1 0 0 1 0 0 0 0 0 -2.42212e-09 -0 0 0 -0 0 0 0 0 0 0 0 0 0 0 0 0 0 1 13150.8 13150.8 13150.8 13150.8
0 0 1 0 0 1 0 0 0 0 0 2.41195e-09 -0 0 0 -0 0 0 0 0 0 0 0 0 0 0 0 0 0 1 13150.8 13150.8 13150.8 13150.8
0 0 1 0 0 1 0 0 0 0 0 1.83192e-10 -0 0 0 -0 0 0 0 0 0 0 0 0 0 0 0 0 0 1 13150.8 13150.8 13150.8 13150.8
0 0 1 0 0 1 0 0 0 0 0 -2.06249e-09 -0 0 0 -0 0 0 0 0 0 0 0 0 0 0 0 0 0 1 13150.8 13150.8 13150.8 13150.8
0 0 1 0 0 1 0 0 0 0 0 3.1273e-09 -0 0 0 -0 0 0 0 0 0 0 0 0 0 0 0 0 0 1 13150.8 13150.8 13150.8 13150.8
0 0 1 0 0 1 0 0 0 0 0 1.10616e-09 -0 0 0 -0 0 0 0 0 0 0 0 0 0 0 0 0 0 1 13150.8 13150.8 13150.8 13150.8
0 0 1 0 0 1 0 0 0 0 0 -1.15577e-09 -0 0 0 -0 0 0 0 0 0 0 0 0 0 0 0 0 0 1 13150.8 13150.8 13150.8 13150.8
0 0 1 0 0 1 0 0 0 0 0 -3.39764e-09 -0 0 0 -0 0 0 0 0 0 0 0 0 0 0 0 0 0 1 13150.8 13150.8 13150.8 13150.8
0 0 1 0 0 1 0 0 0 0 0 1.87462e-09 -0 0 0 -0 0 0 0 0 0 0 0 0 0 0 0 0 0 1 13150.8 13150.8 13150.8 13150.8
0 0 1 0 0 1 0 0 0 0 0 -1.48878e-10 -0 0 0 -0 0 0 0 0 0 0 0 0 0 0 0 0 0 1 13150.8 13150.8 13150.8 13150.8
0 0 1 0 0 1 0 0 0 0 0 -2.70405e-09 -0 0 0 -0 0 0 0 0 0 0 0 0 0 0 0 0 0 1 13150.8 13150.8 13150.8 13150.8
0 0 1 0 0 1 0 0 0 0 0 1.79282e-09 -0 0 0 -0 0 0 0 0 0 0 0 0 0 0 0 0 0 1 13150.8 13150.8 13150.8 13150.8
0 0 1 0 0 1 0 0 0 0 0 -2.42951e-10 -0 0 0 -0 0 0 0 0 0 0 0 0 0 0 0 0 0 1 13150.8 13150.8 13150.8 13150.8
0 0 1 0 0 1 0 0 0 0 0 -2.49234e-09 -0 0 0 -0 0 0 0 0 0 0 0 0 0 0 0 0 0 1 13150.8 13150.8 13150.8 13150.8
0 0 1 0 0 1 0 0 0 0 0 2.7681e-09 -0 0 0 -0 0 0 0 0 0 0 0 0 0 0 0 0 0 1 13150.8 13150.8 13150.8 13150.8
0 0 1 0 0 1 0 0 0 0 0 5.5178e-10 -0 0 0 -0 0 0 0 0 0 0 0 0 0 0 0 0 0 1 13150.8 13150.8 13150.8 13150.8
0 0 1 0 0 1 0 0 0 0 0 -1.67894e-09 -0 0 0 -0 0 0 0 0 0 0 0 0 0 0 0 0 0 1 13150.8 13150.8 13150.8 13150.8
0 0 1 0 0 1 0 0 0 0 0 -3.72628e-09 -0 0 0 -0 0 0 0 0 0 0 0 0 0 0 0 0 0 1 13150.8 13150.8 13150.8 13150.8
0 0 1 0 0 1 0 0 0 0 0 1.45985e-09 -0 0 0 -0 0 0 0 0 0 0 0 0 0 0 0 0 0 1 13150.8 13150.8 13150.8 13150.8
0 0 1 0 0 1 0 0 0 0 0 -7.86449e-10 -0 0 0 -0 0 0 0 0 0 0 0 0 0 0 0 0 0 1 13150.8 13150.8 13150.8 13150.8
0 0 1 0 0 1 0 0 0 0 0 -3.01432e-09 -0 0 0 -0 0 0 0 0 0 0 0 0 0 0 0 0 0 1 13150.8 13150.8 13150.8 13150.8
0 0 1 0 0 1 0 0 0 0 0 1.79064e-09 -0 0 0 -0 0 0 0 0 0 0 0 0 0 0 0 0 0 1 13150.8 13150.8 13150.8 13150.8
0 0 1 0 0 1 0 0 0 0 0 -4.25296e-10 -0 0 0 -0 0 0 0 0 0 0 0 0 0 0 0 0 0 1 13150.8 13150.8 13150.8 13150.8
0 0 1 0 0 1 0 0 0 0 0 -2.65981e-09 -0 0 0 -0 0 0 0 0 0 0 0 0 0 0 0 0 0 1 13150.8 13150.8 13150.8 13150.8
0 0 1 0 0 1 0 0 0 0 0 2.57418e-09 -0 0 0 -0 0 0 0 0 0 0 0 0 0 0 0 0 0 1 13150.8 13150.8 13150.8 13150.8
0 0 1 0 0 1 0 0 0 0 0 5.30195e-10 -0 0 0 -0 0 0 0 0 0 0 0 0 0 0 0 0 0 1 13150.8 13150.8 13150.8 13150.8
0 0 1 0 0 1 0 0 0 0 0 -1.70502e-09 -0 0 0 -0 0 0 0 0 0 0 0 0 0 0 0 0 0 1 13150.8 13150.8 13150.8 13150.8
0 0 1 0 0 1 0 0 0 0 0 -3.9307e-09 -0 0 0 -0 0 0 0 0 0 0 0 0 0 0 0 0 0 1 13150.8 13150.8 13150.8 13150.8
0 0 1 0 0 1 0 0 0 0 0 1.29887e-09 -0 0 0 -0 0 0 0 0 0 0 0 0 0 0 0 0 0 1 13150.8 13150.8 13150.8 13150.8
0 0 1 0 0 1 0 0 0 0 0 -7.43015e-10 -0 0 0 -0 0 0 0 0 0 0 0 0 0 0 0 0 0 1 13150.8 13150.8 13150.8 13150.8
0 0 1 0 0 1 0 0 0 0 0 -2.98443e-09 -0 0 0 -0 0 0 0 0 0 0 0 0 0 0 0 0 0 1 13150.8 13150.8 13150.8 13150.8
0 0 1 0 0 1 0 0 0 0 0 2.87378e-09 -0 0 0 -0 0 0 0 0 0 0 0 0 0 0 0 0 0 1 13150.8 13150.8 13150.8 13150.8
0 0 1 0 0 1 0 0 0 0 0 1.12396e-09 -0 0 0 -0 0 0 0 0 0 0 0 0 0 0 0 0 0 1 13150.8 13150.8 13150.8 13150.8
0 0 1 0 0 1 0 0 0 0 0 -1.11895e-09 -0 0 0 -0 0 0 0 0 0 0 0 0 0 0 0 0 0 1 13150.8 13150.8 13150.8 13150.8
0 0 1 0 0 1 0 0 0 0 0 -3.36264e-09 -0 0 0 -0 0 0 0 0 0 0 0 0 0 0 0 0 0 1 13150.8 13150.8 13150.8 13150.8
0 0 1 0 0 1 0 0 0 0 0 1.84512e-09 -0 0 0 -0 0 0 0 0 0 0 0 0 0 0 0 0 0 1 13150.8 13150.8 13150.8 13150.8
0 0 1 0 0 1 0 0 0 0 0 -3.18175e-10 -0 0 0 -0 0 0 0 0 0 0 0 0 0 0 0 0 0 1 13150.8 13150.8 13150.8 13150.8
0 0 1 0 0 1 0 0 0 0 0 -2.44596e-09 -0 0 0 -0 0 0 0 0 0 0 0 0 0 0 0 0 0 1 13150.8 13150.8 13150.8 13150.8
0 0 1 0 0 1 0 0 0 0 0 2.71739e-09 -0 0 0 -0 0 0 0 0 0 0 0 0 0 0 0 0 0 1 13150.8 13150.8 13150.8 13150.8
0 0 1 0 0 1 0 0 0 0 0 3.86641e-10 -0 0 0 -0 0 0 0 0 0 0 0 0 0 0 0 0 0 1 13150.8 13150.8 13150.8 13150.8
0 0 1 0 0 1 0 0 0 0 0 -1.76939e-09 -0 0 0 -0 0 0 0 0 0 0 0 0 0 0 0 0 0 1 13150.8 13150.8 13150.8 13150.8
0 0 1 0 0 1 0 0 0 0 0 2.99498e-09 -0 0 0 -0 0 0 0 0 0 0 0 0 0 0 0 0 0 1 13150.8 13150.8 13150.8 13150.8
0 0 1 0 0 1 0 0 0 0 0 7.48761e-10 -0 0 0 -0 0 0 0 0 0 0 0 0 0 0 0 0 0 1 13150.8 13150.8 13150.8 13150.8
0 0 1 0 0 1 0 0 0 0 0 -1.477e-09 -0 0 0 -0 0 0 0 0 0 0 0 0 0 0 0 0 0 1 13150.8 13150.8 13150.8 13150.8
0 0 1 0 0 1 0 0 0 0 0 -3.72321e-09 -0 0 0 -0 0 0 0 0 0 0 0 0 0 0 0 0 0 1 13150.8 13150.8 13150.8 13150.8
0 0 1 0 0 1 0 0 0 0 0 1.02336e-09 -0 0 0 -0 0 0 0 0 0 0 0 0 0 0 0 0 0 1 13150.8 13150.8 13150.8 13150.8
0 0 1 0 0 1 0 0 0 0 0 -1.20954e-09 -0 0 0 -0 0 0 0 0 0 0 0 0 0 0 0 0 0 1 13150.8 13150.8 13150.8 13150.8
0 0 1 0 0 1 0 0 0 0 0 -3.44802e-09 -0 0 0 -0 0 0 0 0 0 0 0 0 0 0 0 0 0 1 13150.8 13150.8 13150.8 13150.8
0 0 1 0 0 1 0 0 0 0 0 1.81867e-09 -0 0 0 -0 0 0 0 0 0 0 0 0 0 0 0 0 0 1 13150.8 13150.8 13150.8 13150.8
0 0 1 0 0 1 0 0 0 0 0 -2.06203e-10 -0 0 0 -0 0 0 0 0 0 0 0 0 0 0 0 0 0 1 13150.8 13150.8 13150.8 13150.8
0 0 1 0 0 1 0 0 0 0 0 -2.43679e-09 -0 0 0 -0 0 0 0 0 0 0 0 0 0 0 0 0 0 1 13150.8 13150.8 13150.8 13150.8
0 0 1 0 0 1 0 0 0 0 0 2.81497e-09 -0 0 0 -0 0 0 0 0 0 0 0 0 0 0 0 0 0 1 13150.8 13150.8 13150.8 13150.8
0 0 1 0 0 1 0 0 0 0 0 7.70132e-10 -0 0 0 -0 0 0 0 0 0 0 0 0 0 0 0 0 0 1 13150.8 13150.8 13150.8 13150.8
0 0 1 0 0 1 0 0 0 0 0 -1.44602e-09 -0 0 0 -0 0 0 0 0 0 0 0 0 0 0 0 0 0 1 13150.8 13150.8 13150.8 13150.8
0 0 1 0 0 1 0 0 0 0 0 -3.6977e-09 -0 0 0 -0 0 0 0 0 0 0 0 0 0 0 0 0 0 1 13150.8 13150.8 13150.8 13150.8
0 0 1 0 0 1 0 0 0 0 0 1.5033e-09 -0 0 0 -0 0 0 0 0 0 0 0 0 0 0 0 0 0 1 13150.8 13150.8 13150.8 13150.8
0 0 1 0 0 1 0 0 0 0 0 -6.68941e-10 -0 0 0 -0 0 0 0 0 0 0 0 0 0 0 0 0 0 1 13150.8 13150.8 13150.8 13150.8
0 0 1 0 0 1 0 0 0 0 0 -2.77755e-09 -0 0 0 -0 0 0 0 0 0 0 0 0 0 0 0 0 0 1 13150.8 13150.8 13150.8 13150.8
0 0 1 0 0 1 0 0 0 0 0 2.43434e-09 -0 0 0 -0 0 0 0 0 0 0 0 0 0 0 0 0 0 1 13150.8 13150.8 13150.8 13150.8
0 0 1 0 0 1 0 0 0 0 0 1.98738e-10 -0 0 0 -0 0 0 0 0 0 0 0 0 0 0 0 0 0 1 13150.8 13150.8 13150.8 13150.8
0 0 1 0 0 1 0 0 0 0 0 -2.04273e-09 -0 0 0 -0 0 0 0 0 0 0 0 0 0 0 0 0 0 1 13150.8 13150.8 13150.8 13150.8
0 0 1 0 0 1 0 0 0 0 0 2.7142e-09 -0 0 0 -0 0 0 0 0 0 0 0 0 0 0 0 0 0 1 13150.8 13150.8 13150.8 13150.8
0 0 1 0 0 1 0 0 0 0 0 4.79223e-10 -0 0 0 -0 0 0 0 0 0 0 0 0 0 0 0 0 0 1 13150.8 13150.8 13150.8 13150.8
0 0 1 0 0 1 0 0 0 0 0 -1.76007e-09 -0 0 0 -0 0 0 0 0 0 0 0 0 0 0 0 0 0 1 13150.8 13150.8 13150.8 13150.8
0 0 1 0 0 1 0 0 0 0 0 3.42901e-09 -0 0 0 -0 0 0 0 0 0 0 0 0 0 0 0 0 0 1 13150.8 13150.8 13150.8 13150.8
0 0 1 0 0 1 0 0 0 0 0 1.38581e-09 -0 0 0 -0 0 0 0 0 0 0 0 0 0 0 0 0 0 1 13150.8 13150.8 13150.8 13150.8
0 0 1 0 0 1 0 0 0 0 0 -8.75148e-10 -0 0 0 -0 0 0 0 0 0 0 0 0 0 0 0 0 0 1 13150.8 13150.8 13150.8 13150.8
0 0 1 0 0 1 0 0 0 0 0 -3.09762e-09 -0 0 0 -0 0 0 0 0 0 0 0 0 0 0 0 0 0 1 13150.8 13150.8 13150.8 13150.8
0 0 1 0 0 1 0 0 0 0 0 2.10772e-09 -0 0 0 -0 0 0 0 0 0 0 0 0 0 0 0 0 0 1 13150.8 13150.8 13150.8 13150.8
0 0 1 0 0 1 0 0 0 0 0 6.52211e-11 -0 0 0 -0 0 0 0 0 0 0 0 0 0 0 0 0 0 1 13150.8 13150.8 13150.8 13150.8
0 0 1 0 0 1 0 0 0 0 0 -2.18816e-09 -0 0 0 -0 0 0 0 0 0 0 0 0 0 0 0 0 0 1 13150.8 13150.8 13150.8 13150.8
0 0 1 0 0 1 0 0 0 0 0 2.98562e-09 -0 0 0 -0 0 0 0 0 0 0 0 0 0 0 0 0 0 1 13150.8 13150.8 13150.8 13150.8
0 0 1 0 0 1 0 0 0 0 0 8.49876e-10 -0 0 0 -0 0 0 0 0 0 0 0 0 0 0 0 0 0 1 13150.8 13150.8 13150.8 13150.8
0 0 1 0 0 1 0 0 0 0 0 -1.32021e-09 -0 0 0 -0 0 0 0 0 0 0 0 0 0 0 0 0 0 1 13150.8 13150.8 13150.8 13150.8
0 0 1 0 0 1 0 0 0 0 0 -3.53355e-09 -0 0 0 -0 0 0 0 0 0 0 0 0 0 0 0 0 0 1 13150.8 13150.8 13150.8 13150.8
0 0 1 0 0 1 0 0 0 0 0 1.69894e-09 -0 0 0 -0 0 0 0 0 0 0 0 0 0 0 0 0 0 1 13150.8 13150.8 13150.8 13150.8
0 0 1 0 0 1 0 0 0 0 0 -3.65435e-10 -0 0 0 -0 0 0 0 0 0 0 0 0 0 0 0 0 0 1 13150.8 13150.8 13150.8 13150.8
0 0 1 0 0 1 0 0 0 0 0 -2.59311e-09 -0 0 0 -0 0 0 0 0 0 0 0 0 0 0 0 0 0 1 13150.8 13150.8 13150.8 13150.8
0 0 1 0 0 1 0 0 0 0 0 2.57772e-09 -0 0 0 -0 0 0 0 0 0 0 0 0 0 0 0 0 0 1 13150.8 13150.8 13150.8 13150.8
0 0 1 0 0 1 0 0 0 0 0 3.37395e-10 -0 0 0 -0 0 0 0 0 0 0 0 0 0 0 0 0 0 1 13150.8 13150.8 13150.8 13150.8
0 0 1 0 0 1 0 0 0 0 0 -1.8971e-09 -0 0 0 -0 0 0 0 0 0 0 0 0 0 0 0 0 0 1 13150.8 13150.8 13150.8 13150.8
0 0 1 0 0 1 0 0 0 0 0 2.87605e-09 -0 0 0 -0 0 0 0 0 0 0 0 0 0 0 0 0 0 1 13150.8 13150.8 13150.8 13150.8
0 0 1 0 0 1 0 0 0 0 0 6.67296e-10 -0 0 0 -0 0 0 0 0 0 0 0 0 0 0 0 0 0 1 13150.8 13150.8 13150.8 13150.8
0 0 1 0 0 1 0 0 0 0 0 -1.5939e-09 -0 0 0 -0 0 0 0 0 0 0 0 0 0 0 0 0 0 1 13150.8 13150.8 13150.8 13150.8
0 0 1 0 0 1 0 0 0 0 0 -3.66723e-09 -0 0 0 -0 0 0 0 0 0 0 0 0 0 0 0 0 0 1 13150.8 13150.8 13150.8 13150.8
0 0 1 0 0 1 0 0 0 0 0 1.54259e-09 -0 0 0 -0 0 0 0 0 0 0 0 0 0 0 0 0 0 1 13150.8 13150.8 13150.8 13150.8
0 0 1 0 0 1 0 0 0 0 0 -6.71902e-10 -0 0 0 -0 0 0 0 0 0 0 0 0 0 0 0 0 0 1 13150.8 13150.8 13150.8 13150.8
0 0 1 0 0 1 0 0 0 0 0 -2.91445e-09 -0 0 0 -0 0 0 0 0 0 0 0 0 0 0 0 0 0 1 13150.8 13150.8 13150.8 13150.8
0 0 1 0 0 1 0 0 0 0 0 1.90522e-09 -0 0 0 -0 0 0 0 0 0 0 0 0 0 0 0 0 0 1 13150.8 13150.8 13150.8 13150.8
0 0 1 0 0 1 0 0 0 0 0 -3.13352e-10 -0 0 0 -0 0 0 0 0 0 0 0 0 0 0 0 0 0 1 13150.8 13150.8 13150.8 13150.8
0 0 1 0 0 1 0 0 0 0 0 -2.52943e-09 -0 0 0 -0 0 0 0 0 0 0 0 0 0 0 0 0 0 1 13150.8 13150.8 13150.8 13150.8
0 0 1 0 0 1 0 0 0 0 0 2.69098e-09 -0 0 0 -0 0 0 0 0 0 0 0 0 0 0 0 0 0 1 13150.8 13150.8 13150.8 13150.8
0 0 1 0 0 1 0 0 0 0 0 4.47816e-10 -0 0 0 -0 0 0 0 0 0 0 0 0 0 0 0 0 0 1 13150.8 13150.8 13150.8 13150.8
0 0 1 0 0 1 0 0 0 0 0 -1.59262e-09 -0 0 0 -0 0 0 0 0 0 0 0 0 0 0 0 0 0 1 13150.8 13150.8 13150.8 13150.8
0 0 1 0 0 1 0 0 0 0 0 -3.83139e-09 -0 0 0 -0 0 0 0 0 0 0 0 0 0 0 0 0 0 1 13150.8 13150.8 13150.8 13150.8
0 0 1 0 0 1 0 0 0 0 0 1.39676e-09 -0 0 0 -0 0 0 0 0 0 0 0 0 0 0 0 0 0 1 13150.8 13150.8 13150.8 13150.8
0 0 1 0 0 1 0 0 0 0 0 -7.5615e-10 -0 0 0 -0 0 0 0 0 0 0 0 0 0 0 0 0 0 1 13150.8 13150.8 13150.8 13150.8
0 0 1 0 0 1 0 0 0 0 0 -2.90042e-09 -0 0 0 -0 0 0 0 0 0 0 0 0 0 0 0 0 0 1 13150.8 13150.8 13150.8 13150.8
0 0 1 0 0 1 0 0 0 0 0 2.16264e-09 -0 0 0 -0 0 0 0 0 0 0 0 0 0 0 0 0 0 1 13150.8 13150.8 13150.8 13150.8
0 0 1 0 0 1 0 0 0 0 0 -1.13437e-10 -0 0 0 -0 0 0 0 0 0 0 0 0 0 0 0 0 0 1 13150.8 13150.8 13150.8 13150.8
0 0 1 0 0 1 0 0 0 0 0 -2.3554e-09 -0 0 0 -0 0 0 0 0 0 0 0 0 0 0 0 0 0 1 13150.8 13150.8 13150.8 13150.8
0 0 1 0 0 1 0 0 0 0 0 2.40045e-09 -0 0 0 -0 0 0 0 0 0 0 0 0 0 0 0 0 0 1 13150.8 13150.8 13150.8 13150.8
0 0 1 0 0 1 0 0 0 0 0 1.90419e-10 -0 0 0 -0 0 0 0 0 0 0 0 0 0 0 0 0 0 1 13150.8 13150.8 13150.8 13150.8
0 0 1 0 0 1 0 0 0 0 0 -2.06672e-09 -0 0 0 -0 0 0 0 0 0 0 0 0 0 0 0 0 0 1 13150.8 13150.8 13150.8 13150.8
0 0 1 0 0 1 0 0 0 0 0 3.16814e-09 -0 0 0 -0 0 0 0 0 0 0 0 0 0 0 0 0 0 1 13150.8 13150.8 13150.8 13150.8
0 0 1 0 0 1 0 0 0 0 0 1.12937e-09 -0 0 0 -0 0 0 0 0 0 0 0 0 0 0 0 0 0 1 13150.8 13150.8 13150.8 13150.8
0 0 1 0 0 1 0 0 0 0 0 -1.07746e-09 -0 0 0 -0 0 0 0 0 0 0 0 0 0 0 0 0 0 1 13150.8 13150.8 13150.8 13150.8
0 0 1 0 0 1 0 0 0 0 0 -3.3452e-09 -0 0 0 -0 0 0 0 0 0 0 0 0 0 0 0 0 0 1 13150.8 13150.8 13150.8 13150.8
0 0 1 0 0 1 0 0 0 0 0 1.85655e-09 -0 0 0 -0 0 0 0 0 0 0 0 0 0 0 0 0 0 1 13150.8 13150.8 13150.8 13150.8
0 0 1 0 0 1 0 0 0 0 0 -1.85566e-10 -0 0 0 -0 0 0 0 0 0 0 0 0 0 0 0 0 0 1 13150.8 13150.8 13150.8 13150.8
0 0 1 0 0 1 0 0 0 0 0 -2.40331e-09 -0 0 0 -0 0 0 0 0 0 0 0 0 0 0 0 0 0 1 13150.8 13150.8 13150.8 13150.8
0 0 1 0 0 1 0 0 0 0 0 2.90822e-09 -0 0 0 -0 0 0 0 0 0 0 0 0 0 0 0 0 0 1 13150.8 13150.8 13150.8 13150.8
0 0 1 0 0 1 0 0 0 0 0 8.63742e-10 -0 0 0 -0 0 0 0 0 0 0 0 0 0 0 0 0 0 1 13150.8 13150.8 13150.8 13150.8
0 0 1 0 0 1 0 0 0 0 0 -1.35778e-09 -0 0 0 -0 0 0 0 0 0 0 0 0 0 0 0 0 0 1 13150.8 13150.8 13150.8 13150.8
0 0 1 0 0 1 0 0 0 0 0 -3.8137e-09 -0 0 0 -0 0 0 0 0 0 0 0 0 0 0 0 0 0 1 13150.8 13150.8 13150.8 13150.8
0 0 1 0 0 1 0 0 0 0 0 8.63209e-10 -0 0 0 -0 0 0 0 0 0 0 0 0 0 0 0 0 0 1 13150.8 13150.8 13150.8 13150.8
0 0 1 0 0 1 0 0 0 0 0 -1.30703e-09 -0 0 0 -0 0 0 0 0 0 0 0 0 0 0 0 0 0 1 13150.8 13150.8 13150.8 13150.8
0 0 1 0 0 1 0 0 0 0 0 -3.42679e-09 -0 0 0 -0 0 0 0 0 0 0 0 0 0 0 0 0 0 1 13150.8 13150.8 13150.8 13150.8
0 0 1 0 0 1 0 0 0 0 0 1.77218e-09 -0 0 0 -0 0 0 0 0 0 0 0 0 0 0 0 0 0 1 13150.8 13150.8 13150.8 13150.8
0 0 1 0 0 1 0 0 0 0 0 -4.7219e-10 -0 0 0 -0 0 0 0 0 0 0 0 0 0 0 0 0 0 1 13150.8 13150.8 13150.8 13150.8
0 0 1 0 0 1 0 0 0 0 0 -2.70405e-09 -0 0 0 -0 0 0 0 0 0 0 0 0 0 0 0 0 0 1 13150.8 13150.8 13150.8 13150.8
0 0 1 0 0 1 0 0 0 0 0 2.0596e-09 -0 0 0 -0 0 0 0 0 0 0 0 0 0 0 0 0 0 1 13150.8 13150.8 13150.8 13150.8
0 0 1 0 0 1 0 0 0 0 0 -1.82345e-10 -0 0 0 -0 0 0 0 0 0 0 0 0 0 0 0 0 0 1 13150.8 13150.8 13150.8 13150.8
0 0 1 0 0 1 0 0 0 0 0 -2.41225e-09 -0 0 0 -0 0 0 0 0 0 0 0 0 0 0 0 0 0 1 13150.8 13150.8 13150.8 13150.8
0 0 1 0 0 1 0 0 0 0 0 2.82911e-09 -0 0 0 -0 0 0 0 0 0 0 0 0 0 0 0 0 0 1 13150.8 13150.8 13150.8 13150.8
0 0 1 0 0 1 0 0 0 0 0 7.72539e-10 -0 0 0 -0 0 0 0 0 0 0 0 0 0 0 0 0 0 1 13150.8 13150.8 13150.8 13150.8
0 0 1 0 0 1 0 0 0 0 0 -1.45964e-09 -0 0 0 -0 0 0 0 0 0 0 0 0 0 0 0 0 0 1 13150.8 13150.8 13150.8 13150.8
0 0 1 0 0 1 0 0 0 0 0 -3.68114e-09 -0 0 0 -0 0 0 0 0 0 0 0 0 0 0 0 0 0 1 13150.8 13150.8 13150.8 13150.8
0 0 1 0 0 1 0 0 0 0 0 1.56388e-09 -0 0 0 -0 0 0 0 0 0 0 0 0 0 0 0 0 0 1 13150.8 13150.8 13150.8 13150.8
0 0 1 0 0 1 0 0 0 0 0 -4.65502e-10 -0 0 0 -0 0 0 0 0 0 0 0 0 0 0 0 0 0 1 13150.8 13150.8 13150.8 13150.8
0 0 1 0 0 1 0 0 0 0 0 -2.72345e-09 -0 0 0 -0 0 0 0 0 0 0 0 0 0 0 0 0 0 1 13150.8 13150.8 13150.8 13150.8
0 0 1 0 0 1 0 0 0 0 0 2.46447e-09 -0 0 0 -0 0 0 0 0 0 0 0 0 0 0 0 0 0 1 13150.8 13150.8 13150.8 13150.8
0 0 1 0 0 1 0 0 0 0 0 2.6248e-10 -0 0 0 -0 0 0 0 0 0 0 0 0 0 0 0 0 0 1 13150.8 13150.8 13150.8 13150.8
0 0 1 0 0 1 0 0 0 0 0 -1.82235e-09 -0 0 0 -0 0 0 0 0 0 0 0 0 0 0 0 0 0 1 13150.8 13150.8 13150.8 13150.8
0 0 1 0 0 1 0 0 0 0 0 3.40045e-09 -0 0 0 -0 0 0 0 0 0 0 0 0 0 0 0 0 0 1 13150.8 13150.8 13150.8 13150.8
0 0 1 0 0 1 0 0 0 0 0 9.16643e-10 -0 0 0 -0 0 0 0 0 0 0 0 0 0 0 0 0 0 1 13150.8 13150.8 13150.8 13150.8
0 0 1 0 0 1 0 0 0 0 0 -9.9147e-10 -0 0 0 -0 0 0 0 0 0 0 0 0 0 0 0 0 0 1 13150.8 13150.8 13150.8 13150.8
0 0 1 0 0 1 0 0 0 0 0 -3.11408e-09 -0 0 0 -0 0 0 0 0 0 0 0 0 0 0 0 0 0 1 13150.8 13150.8 13150.8 13150.8
0 0 1 0 0 1 0 0 0 0 0 2.10238e-09 -0 0 0 -0 0 0 0 0 0 0 0 0 0 0 0 0 0 1 13150.8 13150.8 13150.8 13150.8
0 0 1 0 0 1 0 0 0 0 0 -3.65081e-11 -0 0 0 -0 0 0 0 0 0 0 0 0 0 0 0 0 0 1 13150.8 13150.8 13150.8 13150.8
0 0 1 0 0 1 0 0 0 0 0 -2.28741e-09 -0 0 0 -0 0 0 0 0 0 0 0 0 0 0 0 0 0 1 13150.8 13150.8 13150.8 13150.8
0 0 1 0 0 1 0 0 0 0 0 2.63571e-09 -0 0 0 -0 0 0 0 0 0 0 0 0 0 0 0 0 0 1 13150.8 13150.8 13150.8 13150.8
0 0 1 0 0 1 0 0 0 0 0 4.01504e-10 -0 0 0 -0 0 0 0 0 0 0 0 0 0 0 0 0 0 1 13150.8 13150.8 13150.8 13150.8
0 0 1 0 0 1 0 0 0 0 0 -1.84678e-09 -0 0 0 -0 0 0 0 0 0 0 0 0 0 0 0 0 0 1 13150.8 13150.8 13150.8 13150.8
0 0 1 0 0 1 0 0 0 0 0 3.17742e-09 -0 0 0 -0 0 0 0 0 0 0 0 0 0 0 0 0 0 1 13150.8 13150.8 13150.8 13150.8
0 0 1 0 0 1 0 0 0 0 0 8.5099e-10 -0 0 0 -0 0 0 0 0 0 0 0 0 0 0 0 0 0 1 13150.8 13150.8 13150.8 13150.8
0 0 1 0 0 1 0 0 0 0 0 -1.19122e-09 -0 0 0 -0 0 0 0 0 0 0 0 0 0 0 0 0 0 1 13150.8 13150.8 13150.8 13150.8
0 0 1 0 0 1 0 0 0 0 0 -3.40845e-09 -0 0 0 -0 0 0 0 0 0 0 0 0 0 0 0 0 0 1 13150.8 13150.8 13150.8 13150.8
0 0 1 0 0 1 0 0 0 0 0 1.6689e-09 -0 0 0 -0 0 0 0 0 0 0 0 0 0 0 0 0 0 1 13150.8 13150.8 13150.8 13150.8
0 0 1 0 0 1 0 0 0 0 0 -4.3667e-10 -0 0 0 -0 0 0 0 0 0 0 0 0 0 0 0 0 0 1 13150.8 13150.8 13150.8 13150.8
0 0 1 0 0 1 0 0 0 0 0 -2.68876e-09 -0 0 0 -0 0 0 0 0 0 0 0 0 0 0 0 0 0 1 13150.8 13150.8 13150.8 13150.8
0 0 1 0 0 1 0 0 0 0 0 2.48539e-09 -0 0 0 -0 0 0 0 0 0 0 0 0 0 0 0 0 0 1 13150.8 13150.8 13150.8 13150.8
0 0 1 0 0 1 0 0 0 0 0 3.10742e-10 -0 0 0 -0 0 0 0 0 0 0 0 0 0 0 0 0 0 1 13150.8 13150.8 13150.8 13150.8
0 0 1 0 0 1 0 0 0 0 0 -1.82452e-09 -0 0 0 -0 0 0 0 0 0 0 0 0 0 0 0 0 0 1 13150.8 13150.8 13150.8 13150.8
0 0 1 0 0 1 0 0 0 0 0 3.31195e-09 -0 0 0 -0 0 0 0 0 0 0 0 0 0 0 0 0 0 1 13150.8 13150.8 13150.8 13150.8
0 0 1 0 0 1 0 0 0 0 0 1.06243e-09 -0 0 0 -0 0 0 0 0 0 0 0 0 0 0 0 0 0 1 13150.8 13150.8 13150.8 13150.8
0 0 1 0 0 1 0 0 0 0 0 -1.15625e-09 -0 0 0 -0 0 0 0 0 0 0 0 0 0 0 0 0 0 1 13150.8 13150.8 13150.8 13150.8
0 0 1 0 0 1 0 0 0 0 0 -3.21707e-09 -0 0 0 -0 0 0 0 0 0 0 0 0 0 0 0 0 0 1 13150.8 13150.8 13150.8 13150.8
0 0 1 0 0 1 0 0 0 0 0 1.98409e-09 -0 0 0 -0 0 0 0 0 0 0 0 0 0 0 0 0 0 1 13150.8 13150.8 13150.8 13150.8
0 0 1 0 0 1 0 0 0 0 0 -2.55562e-10 -0 0 0 -0 0 0 0 0 0 0 0 0 0 0 0 0 0 1 13150.8 13150.8 13150.8 13150.8
0 0 1 0 0 1 0 0 0 0 0 -2.49936e-09 -0 0 0 -0 0 0 0 0 0 0 0 0 0 0 0 0 0 1 13150.8 13150.8 13150.8 13150.8
0 0 1 0 0 1 0 0 0 0 0 2.26622e-09 -0 0 0 -0 0 0 0 0 0 0 0 0 0 0 0 0 0 1 13150.8 13150.8 13150.8 13150.8
0 0 1 0 0 1 0 0 0 0 0 3.9808e-11 -0 0 0 -0 0 0 0 0 0 0 0 0 0 0 0 0 0 1 13150.8 13150.8 13150.8 13150.8
0 0 1 0 0 1 0 0 0 0 0 -2.19191e-09 -0 0 0 -0 0 0 0 0 0 0 0 0 0 0 0 0 0 1 13150.8 13150.8 13150.8 13150.8
0 0 1 0 0 1 0 0 0 0 0 3.01738e-09 -0 0 0 -0 0 0 0 0 0 0 0 0 0 0 0 0 0 1 13150.8 13150.8 13150.8 13150.8
0 0 1 0 0 1 0 0 0 0 0 9.73946e-10 -0 0 0 -0 0 0 0 0 0 0 0 0 0 0 0 0 0 1 13150.8 13150.8 13150.8 13150.8
0 0 1 0 0 1 0 0 0 0 0 -1.20707e-09 -0 0 0 -0 0 0 0 0 0 0 0 0 0 0 0 0 0 1 13150.8 13150.8 13150.8 13150.8
0 0 1 0 0 1 0 0 0 0 0 -3.51242e-09 -0 0 0 -0 0 0 0 0 0 0 0 0 0 0 0 0 0 1 13150.8 13150.8 13150.8 13150.8
0 0 1 0 0 1 0 0 0 0 0 1.52915e-09 -0 0 0 -0 0 0 0 0 0 0 0 0 0 0 0 0 0 1 13150.8 13150.8 13150.8 13150.8
0 0 1 0 0 1 0 0 0 0 0 -5.93952e-10 -0 0 0 -0 0 0 0 0 0 0 0 0 0 0 0 0 0 1 13150.8 13150.8 13150.8 13150.8
0 0 1 0 0 1 0 0 0 0 0 -2.80869e-09 -0 0 0 -0 0 0 0 0 0 0 0 0 0 0 0 0 0 1 13150.8 13150.8 13150.8 13150.8
0 0 1 0 0 1 0 0 0 0 0 2.45206e-09 -0 0 0 -0 0 0 0 0 0 0 0 0 0 0 0 0 0 1 13150.8 13150.8 13150.8 13150.8
0 0 1 0 0 1 0 0 0 0 0 2.71385e-10 -0 0 0 -0 0 0 0 0 0 0 0 0 0 0 0 0 0 1 13150.8 13150.8 13150.8 13150.8
0 0 1 0 0 1 0 0 0 0 0 -1.82476e-09 -0 0 0 -0 0 0 0 0 0 0 0 0 0 0 0 0 0 1 13150.8 13150.8 13150.8 13150.8
0 0 1 0 0 1 0 0 0 0 0 3.40257e-09 -0 0 0 -0 0 0 0 0 0 0 0 0 0 0 0 0 0 1 13150.8 13150.8 13150.8 13150.8
0 0 1 0 0 1 0 0 0 0 0 1.16488e-09 -0 0 0 -0 0 0 0 0 0 0 0 0 0 0 0 0 0 1 13150.8 13150.8 13150.8 13150.8
0 0 1 0 0 1 0 0 0 0 0 -9.88962e-10 -0 0 0 -0 0 0 0 0 0 0 0 0 0 0 0 0 0 1 13150.8 13150.8 13150.8 13150.8
0 0 1 0 0 1 0 0 0 0 0 -3.09789e-09 -0 0 0 -0 0 0 0 0 0 0 0 0 0 0 0 0 0 1 13150.8 13150.8 13150.8 13150.8
0 0 1 0 0 1 0 0 0 0 0 2.14208e-09 -0 0 0 -0 0 0 0 0 0 0 0 0 0 0 0 0 0 1 13150.8 13150.8 13150.8 13150.8
0 0 1 0 0 1 0 0 0 0 0 -9.1632e-11 -0 0 0 -0 0 0 0 0 0 0 0 0 0 0 0 0 0 1 13150.8 13150.8 13150.8 13150.8
0 0 1 0 0 1 0 0 0 0 0 -2.25586e-09 -0 0 0 -0 0 0 0 0 0 0 0 0 0 0 0 0 0 1 13150.8 13150.8 13150.8 13150.8
0 0 1 0 0 1 0 0 0 0 0 2.65383e-09 -0 0 0 -0 0 0 0 0 0 0 0 0 0 0 0 0 0 1 13150.8 13150.8 13150.8 13150.8
0 0 1 0 0 1 0 0 0 0 0 3.8397e-10 -0 0 0 -0 0 0 0 0 0 0 0 0 0 0 0 0 0 1 13150.8 13150.8 13150.8 13150.8
0 0 1 0 0 1 0 0 0 0 0 -1.8444e-09 -0 0 0 -0 0 0 0 0 0 0 0 0 0 0 0 0 0 1 13150.8 13150.8 13150.8 13150.8
0 0 1 0 0 1 0 0 0 0 0 3.19841e-09 -0 0 0 -0 0 0 0 0 0 0 0 0 0 0 0 0 0 1 13150.8 13150.8 13150.8 13150.8
0 0 1 0 0 1 0 0 0 0 0 1.09899e-09 -0 0 0 -0 0 0 0 0 0 0 0 0 0 0 0 0 0 1 13150.8 13150.8 13150.8 13150.8
0 0 1 0 0 1 0 0 0 0 0 -1.14358e-09 -0 0 0 -0 0 0 0 0 0 0 0 0 0 0 0 0 0 1 13150.8 13150.8 13150.8 13150.8
0 0 1 0 0 1 0 0 0 0 0 -3.38248e-09 -0 0 0 -0 0 0 0 0 0 0 0 0 0 0 0 0 0 1 13150.8 13150.8 13150.8 13150.8
0 0 1 0 0 1 0 0 0 0 0 1.65719e-09 -0 0 0 -0 0 0 0 0 0 0 0 0 0 0 0 0 0 1 13150.8 13150.8 13150.8 13150.8
0 0 1 0 0 1 0 0 0 0 0 -4.72674e-10 -0 0 0 -0 0 0 0 0 0 0 0 0 0 0 0 0 0 1 13150.8 13150.8 13150.8 13150.8
0 0 1 0 0 1 0 0 0 0 0 -2.69686e-09 -0 0 0 -0 0 0 0 0 0 0 0 0 0 0 0 0 0 1 13150.8 13150.8 13150.8 13150.8
0 0 1 0 0 1 0 0 0 0 0 2.5213e-09 -0 0 0 -0 0 0 0 0 0 0 0 0 0 0 0 0 0 1 13150.8 13150.8 13150.8 13150.8
0 0 1 0 0 1 0 0 0 0 0 3.62996e-10 -0 0 0 -0 0 0 0 0 0 0 0 0 0 0 0 0 0 1 13150.8 13150.8 13150.8 13150.8
0 0 1 0 0 1 0 0 0 0 0 -1.75846e-09 -0 0 0 -0 0 0 0 0 0 0 0 0 0 0 0 0 0 1 13150.8 13150.8 13150.8 13150.8
0 0 1 0 0 1 0 0 0 0 0 3.43037e-09 -0 0 0 -0 0 0 0 0 0 0 0 0 0 0 0 0 0 1 13150.8 13150.8 13150.8 13150.8
0 0 1 0 0 1 0 0 0 0 0 1.19648e-09 -0 0 0 -0 0 0 0 0 0 0 0 0 0 0 0 0 0 1 13150.8 13150.8 13150.8 13150.8
0 0 1 0 0 1 0 0 0 0 0 -9.73131e-10 -0 0 0 -0 0 0 0 0 0 0 0 0 0 0 0 0 0 1 13150.8 13150.8 13150.8 13150.8
0 0 1 0 0 1 0 0 0 0 0 -3.08404e-09 -0 0 0 -0 0 0 0 0 0 0 0 0 0 0 0 0 0 1 13150.8 13150.8 13150.8 13150.8
