0
SECTION
2
ENTITIES
0
3DFACE
62
1
10
-0.009827
20
-0.009622
30
-0.061693
11
-0.009955
21
-0.009413
31
-0.061174
12
-0.019700
22
-0.015366
32
-0.061174
0
3DFACE
62
1
10
-0.009827
20
-0.009622
30
-0.061693
11
-0.019700
21
-0.015366
31
-0.061174
12
-0.019572
22
-0.015576
32
-0.061693
0
3DFACE
62
1
10
-0.009748
20
-0.009752
30
-0.062247
11
-0.019572
21
-0.015576
31
-0.061693
12
-0.019493
22
-0.015705
32
-0.062247
0
3DFACE
62
1
10
-0.009748
20
-0.009752
30
-0.062247
11
-0.009827
21
-0.009622
31
-0.061693
12
-0.019572
22
-0.015576
32
-0.061693
0
3DFACE
62
1
10
-0.009721
20
-0.009797
30
-0.062818
11
-0.019493
21
-0.015705
31
-0.062247
12
-0.019466
22
-0.015750
32
-0.062818
0
3DFACE
62
1
10
-0.009721
20
-0.009797
30
-0.062818
11
-0.009748
21
-0.009752
31
-0.062247
12
-0.019493
22
-0.015705
32
-0.062247
0
3DFACE
62
1
10
-0.009745
20
-0.009757
30
-0.063390
11
-0.019466
21
-0.015750
31
-0.062818
12
-0.019490
22
-0.015710
32
-0.063390
0
3DFACE
62
1
10
-0.009745
20
-0.009757
30
-0.063390
11
-0.009721
21
-0.009797
31
-0.062818
12
-0.019466
22
-0.015750
32
-0.062818
0
3DFACE
62
1
10
-0.009821
20
-0.009633
30
-0.063945
11
-0.019490
21
-0.015710
31
-0.063390
12
-0.019566
22
-0.015586
32
-0.063945
0
3DFACE
62
1
10
-0.009821
20
-0.009633
30
-0.063945
11
-0.009745
21
-0.009757
31
-0.063390
12
-0.019490
22
-0.015710
32
-0.063390
0
3DFACE
62
1
10
-0.009946
20
-0.009428
30
-0.064467
11
-0.019566
21
-0.015586
31
-0.063945
12
-0.019691
22
-0.015382
32
-0.064467
0
3DFACE
62
1
10
-0.009946
20
-0.009428
30
-0.064467
11
-0.009821
21
-0.009633
31
-0.063945
12
-0.019566
22
-0.015586
32
-0.063945
0
3DFACE
62
1
10
-0.010116
20
-0.009149
30
-0.064939
11
-0.019691
21
-0.015382
31
-0.064467
12
-0.019861
22
-0.015103
32
-0.064939
0
3DFACE
62
1
10
-0.010116
20
-0.009149
30
-0.064939
11
-0.019861
21
-0.015103
31
-0.064939
12
-0.020072
22
-0.014758
32
-0.065347
0
3DFACE
62
1
10
-0.010116
20
-0.009149
30
-0.064939
11
-0.009946
21
-0.009428
31
-0.064467
12
-0.019691
22
-0.015382
32
-0.064467
0
3DFACE
62
1
10
-0.010327
20
-0.008805
30
-0.065347
11
-0.010116
21
-0.009149
31
-0.064939
12
-0.020072
22
-0.014758
32
-0.065347
0
3DFACE
62
1
10
-0.010571
20
-0.008405
30
-0.065679
11
-0.020072
21
-0.014758
31
-0.065347
12
-0.020316
22
-0.014359
32
-0.065679
0
3DFACE
62
1
10
-0.010571
20
-0.008405
30
-0.065679
11
-0.010327
21
-0.008805
31
-0.065347
12
-0.020072
22
-0.014758
32
-0.065347
0
3DFACE
62
1
10
-0.010841
20
-0.007962
30
-0.065924
11
-0.020316
21
-0.014359
31
-0.065679
12
-0.020586
22
-0.013916
32
-0.065924
0
3DFACE
62
1
10
-0.010841
20
-0.007962
30
-0.065924
11
-0.010571
21
-0.008405
31
-0.065679
12
-0.020316
22
-0.014359
32
-0.065679
0
3DFACE
62
1
10
-0.011130
20
-0.007490
30
-0.066075
11
-0.020586
21
-0.013916
31
-0.065924
12
-0.020875
22
-0.013444
32
-0.066075
0
3DFACE
62
1
10
-0.011130
20
-0.007490
30
-0.066075
11
-0.020875
21
-0.013444
31
-0.066075
12
-0.021173
22
-0.012956
32
-0.066129
0
3DFACE
62
1
10
-0.011130
20
-0.007490
30
-0.066075
11
-0.010841
21
-0.007962
31
-0.065924
12
-0.020586
22
-0.013916
32
-0.065924
0
3DFACE
62
1
10
-0.011428
20
-0.007002
30
-0.066129
11
-0.011130
21
-0.007490
31
-0.066075
12
-0.021173
22
-0.012956
32
-0.066129
0
3DFACE
62
1
10
-0.011726
20
-0.006514
30
-0.066082
11
-0.021173
21
-0.012956
31
-0.066129
12
-0.021471
22
-0.012468
32
-0.066082
0
3DFACE
62
1
10
-0.011726
20
-0.006514
30
-0.066082
11
-0.011428
21
-0.007002
31
-0.066129
12
-0.021173
22
-0.012956
32
-0.066129
0
3DFACE
62
1
10
-0.012016
20
-0.006040
30
-0.065936
11
-0.021471
21
-0.012468
31
-0.066082
12
-0.021761
22
-0.011994
32
-0.065936
0
3DFACE
62
1
10
-0.012016
20
-0.006040
30
-0.065936
11
-0.021761
21
-0.011994
31
-0.065936
12
-0.022033
22
-0.011549
32
-0.065696
0
3DFACE
62
1
10
-0.012016
20
-0.006040
30
-0.065936
11
-0.011726
21
-0.006514
31
-0.066082
12
-0.021471
22
-0.012468
32
-0.066082
0
3DFACE
62
1
10
-0.012287
20
-0.005595
30
-0.065696
11
-0.012016
21
-0.006040
31
-0.065936
12
-0.022033
22
-0.011549
32
-0.065696
0
3DFACE
62
1
10
-0.012533
20
-0.005193
30
-0.065370
11
-0.012287
21
-0.005595
31
-0.065696
12
-0.022033
22
-0.011549
32
-0.065696
0
3DFACE
62
1
10
-0.012533
20
-0.005193
30
-0.065370
11
-0.022033
21
-0.011549
31
-0.065696
12
-0.022279
22
-0.011146
32
-0.065370
0
3DFACE
62
1
10
-0.012746
20
-0.004845
30
-0.064966
11
-0.012533
21
-0.005193
31
-0.065370
12
-0.022279
22
-0.011146
32
-0.065370
0
3DFACE
62
1
10
-0.012746
20
-0.004845
30
-0.064966
11
-0.022279
21
-0.011146
31
-0.065370
12
-0.022491
22
-0.010798
32
-0.064966
0
3DFACE
62
1
10
-0.012746
20
-0.004845
30
-0.064966
11
-0.022491
21
-0.010798
31
-0.064966
12
-0.022664
22
-0.010515
32
-0.064498
0
3DFACE
62
1
10
-0.012919
20
-0.004561
30
-0.064498
11
-0.012746
21
-0.004845
31
-0.064966
12
-0.022664
22
-0.010515
32
-0.064498
0
3DFACE
62
1
10
-0.031632
20
0.015448
30
-0.077344
11
-0.031528
21
0.015501
31
-0.077495
12
-0.034724
22
0.009226
32
-0.078021
0
3DFACE
62
1
10
-0.031687
20
0.015430
30
-0.077251
11
-0.031632
21
0.015448
31
-0.077344
12
-0.034724
22
0.009226
32
-0.078021
0
3DFACE
62
1
10
-0.031408
20
0.015586
30
-0.077639
11
-0.034724
21
0.009226
31
-0.078021
12
-0.031528
22
0.015501
32
-0.077495
0
3DFACE
62
1
10
-0.031785
20
0.015420
30
-0.077061
11
-0.031687
21
0.015430
31
-0.077251
12
-0.034724
22
0.009226
32
-0.078021
0
3DFACE
62
1
10
-0.031225
20
0.015752
30
-0.077818
11
-0.034724
21
0.009226
31
-0.078021
12
-0.031408
22
0.015586
32
-0.077639
0
3DFACE
62
1
10
-0.031851
20
0.015432
30
-0.076909
11
-0.031785
21
0.015420
31
-0.077061
12
-0.034724
22
0.009226
32
-0.078021
0
3DFACE
62
1
10
-0.031909
20
0.015459
30
-0.076755
11
-0.034724
21
0.009226
31
-0.078021
12
-0.035893
22
0.011139
32
-0.073280
0
3DFACE
62
1
10
-0.031909
20
0.015459
30
-0.076755
11
-0.031851
21
0.015432
31
-0.076909
12
-0.034724
22
0.009226
32
-0.078021
0
3DFACE
62
1
10
-0.031926
20
0.015613
30
-0.076529
11
-0.031909
21
0.015459
31
-0.076755
12
-0.035893
22
0.011139
32
-0.073280
0
3DFACE
62
1
10
-0.031917
20
0.015761
30
-0.076363
11
-0.031926
21
0.015613
31
-0.076529
12
-0.035893
22
0.011139
32
-0.073280
0
3DFACE
62
1
10
-0.028685
20
0.017777
30
-0.080447
11
-0.031225
21
0.015752
31
-0.077818
12
-0.030297
22
0.016736
32
-0.078554
0
3DFACE
62
1
10
-0.028685
20
0.017777
30
-0.080447
11
-0.034724
21
0.009226
31
-0.078021
12
-0.031225
22
0.015752
32
-0.077818
0
3DFACE
62
1
10
-0.028754
20
0.017889
30
-0.080220
11
-0.028685
21
0.017777
31
-0.080447
12
-0.030297
22
0.016736
32
-0.078554
0
3DFACE
62
1
10
-0.028821
20
0.018000
30
-0.079992
11
-0.028754
21
0.017889
31
-0.080220
12
-0.030297
22
0.016736
32
-0.078554
0
3DFACE
62
1
10
-0.028888
20
0.018109
30
-0.079764
11
-0.028821
21
0.018000
31
-0.079992
12
-0.030297
22
0.016736
32
-0.078554
0
3DFACE
62
1
10
-0.032946
20
0.017445
30
-0.070604
11
-0.032972
21
0.017325
31
-0.070789
12
-0.036615
22
0.012321
32
-0.068221
0
3DFACE
62
1
10
-0.031535
20
0.018763
30
-0.072760
11
-0.031742
21
0.016324
31
-0.076030
12
-0.032396
22
0.017669
32
-0.072102
0
3DFACE
62
1
10
-0.031535
20
0.018763
30
-0.072760
11
-0.030837
21
0.018097
31
-0.075744
12
-0.031742
22
0.016324
32
-0.076030
0
3DFACE
62
1
10
-0.032908
20
0.017564
30
-0.070467
11
-0.032946
21
0.017445
31
-0.070604
12
-0.036615
22
0.012321
32
-0.068221
0
3DFACE
62
1
10
-0.030058
20
0.020024
30
-0.074858
11
-0.029962
21
0.019867
31
-0.075348
12
-0.030837
22
0.018097
32
-0.075744
0
3DFACE
62
1
10
-0.030151
20
0.020175
30
-0.074364
11
-0.030837
21
0.018097
31
-0.075744
12
-0.031535
22
0.018763
32
-0.072760
0
3DFACE
62
1
10
-0.030151
20
0.020175
30
-0.074364
11
-0.030058
21
0.020024
31
-0.074858
12
-0.030837
22
0.018097
32
-0.075744
0
3DFACE
62
1
10
-0.030239
20
0.020320
30
-0.073869
11
-0.030151
21
0.020175
31
-0.074364
12
-0.031535
22
0.018763
32
-0.072760
0
3DFACE
62
1
10
-0.033244
20
0.018311
30
-0.065789
11
-0.032860
21
0.017684
31
-0.070361
12
-0.032908
22
0.017564
32
-0.070467
0
3DFACE
62
1
10
-0.033244
20
0.018311
30
-0.065789
11
-0.032802
21
0.017814
31
-0.070274
12
-0.032860
22
0.017684
32
-0.070361
0
3DFACE
62
1
10
-0.033319
20
0.018211
30
-0.065645
11
-0.032908
21
0.017564
31
-0.070467
12
-0.036615
22
0.012321
32
-0.068221
0
3DFACE
62
1
10
-0.033319
20
0.018211
30
-0.065645
11
-0.033244
21
0.018311
31
-0.065789
12
-0.032908
22
0.017564
32
-0.070467
0
3DFACE
62
1
10
-0.033357
20
0.018163
30
-0.065554
11
-0.033319
21
0.018211
31
-0.065645
12
-0.036615
22
0.012321
32
-0.068221
0
3DFACE
62
1
10
-0.033151
20
0.018439
30
-0.065919
11
-0.032735
21
0.017950
31
-0.070205
12
-0.032802
22
0.017814
32
-0.070274
0
3DFACE
62
1
10
-0.033151
20
0.018439
30
-0.065919
11
-0.032802
21
0.017814
31
-0.070274
12
-0.033244
22
0.018311
32
-0.065789
0
3DFACE
62
1
10
-0.033000
20
0.018657
30
-0.066070
11
-0.032735
21
0.017950
31
-0.070205
12
-0.033151
22
0.018439
32
-0.065919
0
3DFACE
62
1
10
-0.032198
20
0.019848
30
-0.066628
11
-0.031793
21
0.019663
31
-0.069732
12
-0.032735
22
0.017950
32
-0.070205
0
3DFACE
62
1
10
-0.032198
20
0.019848
30
-0.066628
11
-0.032735
21
0.017950
31
-0.070205
12
-0.033000
22
0.018657
32
-0.066070
0
3DFACE
62
1
10
-0.030919
20
0.021433
30
-0.068634
11
-0.030872
21
0.021356
31
-0.069149
12
-0.031793
22
0.019663
32
-0.069732
0
3DFACE
62
1
10
-0.030963
20
0.021504
30
-0.068116
11
-0.031793
21
0.019663
31
-0.069732
12
-0.032198
22
0.019848
32
-0.066628
0
3DFACE
62
1
10
-0.030963
20
0.021504
30
-0.068116
11
-0.030919
21
0.021433
31
-0.068634
12
-0.031793
22
0.019663
32
-0.069732
0
3DFACE
62
1
10
-0.031002
20
0.021569
30
-0.067598
11
-0.030963
21
0.021504
31
-0.068116
12
-0.032198
22
0.019848
32
-0.066628
0
3DFACE
62
1
10
-0.033368
20
0.018010
30
-0.059280
11
-0.033325
21
0.018112
31
-0.059464
12
-0.036868
22
0.012735
32
-0.062999
0
3DFACE
62
1
10
-0.033016
20
0.018683
30
-0.059928
11
-0.033154
21
0.018635
31
-0.064129
12
-0.033153
22
0.018443
32
-0.059800
0
3DFACE
62
1
10
-0.033389
20
0.017948
30
-0.059127
11
-0.036868
21
0.012735
31
-0.062999
12
-0.036645
22
0.012370
32
-0.057772
0
3DFACE
62
1
10
-0.033389
20
0.017948
30
-0.059127
11
-0.033368
21
0.018010
31
-0.059280
12
-0.036868
22
0.012735
32
-0.062999
0
3DFACE
62
1
10
-0.033400
20
0.017899
30
-0.058968
11
-0.033389
21
0.017948
31
-0.059127
12
-0.036645
22
0.012370
32
-0.057772
0
3DFACE
62
1
10
-0.032262
20
0.019953
30
-0.060366
11
-0.033154
21
0.018635
31
-0.064129
12
-0.033016
22
0.018683
32
-0.059928
0
3DFACE
62
1
10
-0.032262
20
0.019953
30
-0.060366
11
-0.032158
21
0.020260
31
-0.063486
12
-0.033154
22
0.018635
32
-0.064129
0
3DFACE
62
1
10
-0.031169
20
0.021843
30
-0.062212
11
-0.031172
21
0.021847
31
-0.062736
12
-0.032158
22
0.020260
32
-0.063486
0
3DFACE
62
1
10
-0.031162
20
0.021831
30
-0.061688
11
-0.032158
21
0.020260
31
-0.063486
12
-0.032262
22
0.019953
32
-0.060366
0
3DFACE
62
1
10
-0.031162
20
0.021831
30
-0.061688
11
-0.031169
21
0.021843
31
-0.062212
12
-0.032158
22
0.020260
32
-0.063486
0
3DFACE
62
1
10
-0.031151
20
0.021813
30
-0.061165
11
-0.031162
21
0.021831
31
-0.061688
12
-0.032262
22
0.019953
32
-0.060366
0
3DFACE
62
1
10
-0.032658
20
0.016811
30
-0.052766
11
-0.032739
21
0.016817
31
-0.053028
12
-0.035951
22
0.011235
32
-0.052698
0
3DFACE
62
1
10
-0.030800
20
0.021238
30
-0.055812
11
-0.030853
21
0.021324
31
-0.056326
12
-0.031918
22
0.019867
32
-0.057217
0
3DFACE
62
1
10
-0.030743
20
0.021145
30
-0.055300
11
-0.031918
21
0.019867
31
-0.057217
12
-0.031725
22
0.019074
32
-0.054189
0
3DFACE
62
1
10
-0.030743
20
0.021145
30
-0.055300
11
-0.030800
21
0.021238
31
-0.055812
12
-0.031918
22
0.019867
32
-0.057217
0
3DFACE
62
1
10
-0.030682
20
0.021045
30
-0.054789
11
-0.030743
21
0.021145
31
-0.055300
12
-0.031725
22
0.019074
32
-0.054189
0
3DFACE
62
1
10
-0.031415
20
0.014776
30
-0.047173
11
-0.031521
21
0.014823
31
-0.047422
12
-0.034809
22
0.009365
32
-0.047933
0
3DFACE
62
1
10
-0.031312
20
0.014770
30
-0.046976
11
-0.031415
21
0.014776
31
-0.047173
12
-0.034809
22
0.009365
32
-0.047933
0
3DFACE
62
1
10
-0.030605
20
0.017241
30
-0.048307
11
-0.031081
21
0.018498
31
-0.051140
12
-0.032229
22
0.017121
32
-0.052054
0
3DFACE
62
1
10
-0.030605
20
0.017241
30
-0.048307
11
-0.032229
21
0.017121
31
-0.052054
12
-0.031301
22
0.015876
32
-0.048147
0
3DFACE
62
1
10
-0.031214
20
0.014792
30
-0.046820
11
-0.031312
21
0.014770
31
-0.046976
12
-0.034809
22
0.009365
32
-0.047933
0
3DFACE
62
1
10
-0.029823
20
0.019640
30
-0.049651
11
-0.029925
21
0.019806
31
-0.050137
12
-0.031081
22
0.018498
32
-0.051140
0
3DFACE
62
1
10
-0.029718
20
0.019468
30
-0.049167
11
-0.031081
21
0.018498
31
-0.051140
12
-0.030605
22
0.017241
32
-0.048307
0
3DFACE
62
1
10
-0.029718
20
0.019468
30
-0.049167
11
-0.029823
21
0.019640
31
-0.049651
12
-0.031081
22
0.018498
32
-0.051140
0
3DFACE
62
1
10
-0.029609
20
0.019290
30
-0.048687
11
-0.029718
21
0.019468
31
-0.049167
12
-0.030605
22
0.017241
32
-0.048307
0
3DFACE
62
1
10
-0.029797
20
0.012668
30
-0.042815
11
-0.031119
21
0.014834
31
-0.046690
12
-0.031214
22
0.014792
32
-0.046820
0
3DFACE
62
1
10
-0.029797
20
0.012668
30
-0.042815
11
-0.031019
21
0.014896
31
-0.046571
12
-0.031119
22
0.014834
32
-0.046690
0
3DFACE
62
1
10
-0.029828
20
0.012496
30
-0.042740
11
-0.029797
21
0.012668
31
-0.042815
12
-0.031214
22
0.014792
32
-0.046820
0
3DFACE
62
1
10
-0.029742
20
0.012858
30
-0.042871
11
-0.031019
21
0.014896
31
-0.046571
12
-0.029797
22
0.012668
32
-0.042815
0
3DFACE
62
1
10
-0.029742
20
0.012858
30
-0.042871
11
-0.030917
21
0.014974
31
-0.046465
12
-0.031019
22
0.014896
32
-0.046571
0
3DFACE
62
1
10
-0.029629
20
0.013139
30
-0.042910
11
-0.030917
21
0.014974
31
-0.046465
12
-0.029742
22
0.012858
32
-0.042871
0
3DFACE
62
1
10
-0.028941
20
0.014517
30
-0.042919
11
-0.030917
21
0.014974
31
-0.046465
12
-0.029629
22
0.013139
32
-0.042910
0
3DFACE
62
1
10
-0.028941
20
0.014517
30
-0.042919
11
-0.029677
21
0.016199
31
-0.045461
12
-0.030917
22
0.014974
32
-0.046465
0
3DFACE
62
1
10
-0.028274
20
0.017103
30
-0.043939
11
-0.028420
21
0.017342
31
-0.044381
12
-0.029677
22
0.016199
32
-0.045461
0
3DFACE
62
1
10
-0.028124
20
0.016858
30
-0.043501
11
-0.029677
21
0.016199
31
-0.045461
12
-0.028941
22
0.014517
32
-0.042919
0
3DFACE
62
1
10
-0.028124
20
0.016858
30
-0.043501
11
-0.028274
21
0.017103
31
-0.043939
12
-0.029677
22
0.016199
32
-0.045461
0
3DFACE
62
1
10
-0.027971
20
0.016608
30
-0.043067
11
-0.028124
21
0.016858
31
-0.043501
12
-0.028941
22
0.014517
32
-0.042919
0
3DFACE
62
1
10
-0.027594
20
0.009343
30
-0.038345
11
-0.029205
21
0.011926
31
-0.041541
12
-0.027645
22
0.009146
32
-0.038316
0
3DFACE
62
1
10
-0.027594
20
0.009343
30
-0.038345
11
-0.029093
21
0.011987
31
-0.041434
12
-0.029205
22
0.011926
32
-0.041541
0
3DFACE
62
1
10
-0.027661
20
0.008668
30
-0.038134
11
-0.027674
21
0.008861
31
-0.038227
12
-0.031330
22
0.003670
32
-0.039892
0
3DFACE
62
1
10
-0.027483
20
0.009627
30
-0.038350
11
-0.029093
21
0.011987
31
-0.041434
12
-0.027594
22
0.009343
32
-0.038345
0
3DFACE
62
1
10
-0.027634
20
0.008528
30
-0.038050
11
-0.027661
21
0.008668
31
-0.038134
12
-0.031330
22
0.003670
32
-0.039892
0
3DFACE
62
1
10
-0.027594
20
0.008395
30
-0.037957
11
-0.027634
21
0.008528
31
-0.038050
12
-0.031330
22
0.003670
32
-0.039892
0
3DFACE
62
1
10
-0.026789
20
0.010995
30
-0.038209
11
-0.027753
21
0.013049
31
-0.040374
12
-0.029093
22
0.011987
32
-0.041434
0
3DFACE
62
1
10
-0.026789
20
0.010995
30
-0.038209
11
-0.029093
21
0.011987
31
-0.041434
12
-0.027483
22
0.009627
32
-0.038350
0
3DFACE
62
1
10
-0.026203
20
0.013714
30
-0.038870
11
-0.026389
21
0.014018
31
-0.039254
12
-0.027753
22
0.013049
32
-0.040374
0
3DFACE
62
1
10
-0.026014
20
0.013404
30
-0.038492
11
-0.027753
21
0.013049
31
-0.040374
12
-0.026789
22
0.010995
32
-0.038209
0
3DFACE
62
1
10
-0.026014
20
0.013404
30
-0.038492
11
-0.026203
21
0.013714
31
-0.038870
12
-0.027753
22
0.013049
32
-0.040374
0
3DFACE
62
1
10
-0.025822
20
0.013090
30
-0.038120
11
-0.026014
21
0.013404
31
-0.038492
12
-0.026789
22
0.010995
32
-0.038209
0
3DFACE
62
1
10
-0.025020
20
0.004181
30
-0.034421
11
-0.025067
21
0.004326
31
-0.034487
12
-0.029099
22
0.000018
32
-0.036860
0
3DFACE
62
1
10
-0.024853
20
0.004034
30
-0.034260
11
-0.025020
21
0.004181
31
-0.034421
12
-0.029099
22
0.000018
32
-0.036860
0
3DFACE
62
1
10
-0.024223
20
0.006794
30
-0.034338
11
-0.025374
21
0.009155
31
-0.036052
12
-0.026817
22
0.008263
32
-0.037132
0
3DFACE
62
1
10
-0.024223
20
0.006794
30
-0.034338
11
-0.026817
21
0.008263
31
-0.037132
12
-0.024938
22
0.005460
32
-0.034625
0
3DFACE
62
1
10
-0.023682
20
0.009587
30
-0.034618
11
-0.023902
21
0.009947
31
-0.034929
12
-0.025374
22
0.009155
32
-0.036052
0
3DFACE
62
1
10
-0.023460
20
0.009224
30
-0.034313
11
-0.023682
21
0.009587
31
-0.034618
12
-0.025374
22
0.009155
32
-0.036052
0
3DFACE
62
1
10
-0.023460
20
0.009224
30
-0.034313
11
-0.025374
21
0.009155
31
-0.036052
12
-0.024223
22
0.006794
32
-0.034338
0
3DFACE
62
1
10
-0.023236
20
0.008856
30
-0.034015
11
-0.023460
21
0.009224
31
-0.034313
12
-0.024223
22
0.006794
32
-0.034338
0
3DFACE
62
1
10
-0.021970
20
-0.000685
30
-0.031733
11
-0.022150
21
-0.000516
31
-0.031852
12
-0.026627
22
-0.004028
32
-0.034618
0
3DFACE
62
1
10
-0.021805
20
-0.000791
30
-0.031627
11
-0.021970
21
-0.000685
31
-0.031733
12
-0.026627
22
-0.004028
32
-0.034618
0
3DFACE
62
1
10
-0.021329
20
0.002058
30
-0.031438
11
-0.024168
21
0.003927
31
-0.033705
12
-0.022079
22
0.000780
32
-0.031860
0
3DFACE
62
1
10
-0.021329
20
0.002058
30
-0.031438
11
-0.022621
21
0.004649
31
-0.032642
12
-0.024168
22
0.003927
32
-0.033705
0
3DFACE
62
1
10
-0.020797
20
0.004864
30
-0.031327
11
-0.021042
21
0.005266
31
-0.031555
12
-0.022621
22
0.004649
32
-0.032642
0
3DFACE
62
1
10
-0.020549
20
0.004459
30
-0.031105
11
-0.022621
21
0.004649
31
-0.032642
12
-0.021329
22
0.002058
32
-0.031438
0
3DFACE
62
1
10
-0.020549
20
0.004459
30
-0.031105
11
-0.020797
21
0.004864
31
-0.031327
12
-0.022621
22
0.004649
32
-0.032642
0
3DFACE
62
1
10
-0.020300
20
0.004051
30
-0.030891
11
-0.020549
21
0.004459
31
-0.031105
12
-0.021329
22
0.002058
32
-0.031438
0
3DFACE
62
1
10
-0.019127
20
-0.004517
30
-0.030243
11
-0.021236
21
-0.000873
31
-0.031270
12
-0.021377
22
-0.000887
32
-0.031358
0
3DFACE
62
1
10
-0.019127
20
-0.004517
30
-0.030243
11
-0.021377
21
-0.000887
31
-0.031358
12
-0.019181
22
-0.004709
32
-0.030293
0
3DFACE
62
1
10
-0.019003
20
-0.004254
30
-0.030150
11
-0.021236
21
-0.000873
31
-0.031270
12
-0.019127
22
-0.004517
32
-0.030243
0
3DFACE
62
1
10
-0.018207
20
-0.003053
30
-0.029607
11
-0.019589
21
-0.000314
31
-0.030260
12
-0.021236
22
-0.000873
32
-0.031270
0
3DFACE
62
1
10
-0.018207
20
-0.003053
30
-0.029607
11
-0.021236
21
-0.000873
31
-0.031270
12
-0.019003
22
-0.004254
32
-0.030150
0
3DFACE
62
1
10
-0.017645
20
-0.000294
30
-0.029108
11
-0.017909
21
0.000137
31
-0.029246
12
-0.019589
22
-0.000314
32
-0.030260
0
3DFACE
62
1
10
-0.017381
20
-0.000727
30
-0.028978
11
-0.019589
21
-0.000314
31
-0.030260
12
-0.018207
22
-0.003053
32
-0.029607
0
3DFACE
62
1
10
-0.017381
20
-0.000727
30
-0.028978
11
-0.017645
21
-0.000294
31
-0.029108
12
-0.019589
22
-0.000314
32
-0.030260
0
3DFACE
62
1
10
-0.017115
20
-0.001162
30
-0.028855
11
-0.017381
21
-0.000727
31
-0.028978
12
-0.018207
22
-0.003053
32
-0.029607
0
3DFACE
62
1
10
-0.016010
20
-0.009899
30
-0.029748
11
-0.018418
21
-0.005955
31
-0.030057
12
-0.018565
22
-0.005913
32
-0.030125
0
3DFACE
62
1
10
-0.016010
20
-0.009899
30
-0.029748
11
-0.018269
21
-0.005974
31
-0.029985
12
-0.018418
22
-0.005955
32
-0.030057
0
3DFACE
62
1
10
-0.016037
20
-0.010078
30
-0.029807
11
-0.016010
21
-0.009899
31
-0.029748
12
-0.018565
22
-0.005913
32
-0.030125
0
3DFACE
62
1
10
-0.016039
20
-0.010184
30
-0.029836
11
-0.016037
21
-0.010078
31
-0.029807
12
-0.021267
22
-0.012802
32
-0.032748
0
3DFACE
62
1
10
-0.015950
20
-0.009716
30
-0.029674
11
-0.018269
21
-0.005974
31
-0.029985
12
-0.016010
22
-0.009899
32
-0.029748
0
3DFACE
62
1
10
-0.015950
20
-0.009716
30
-0.029674
11
-0.018120
21
-0.005973
31
-0.029911
12
-0.018269
22
-0.005974
32
-0.029985
0
3DFACE
62
1
10
-0.016017
20
-0.010392
30
-0.029883
11
-0.016039
21
-0.010184
31
-0.029836
12
-0.021267
22
-0.012802
32
-0.032748
0
3DFACE
62
1
10
-0.015816
20
-0.009470
30
-0.029554
11
-0.018120
21
-0.005973
31
-0.029911
12
-0.015950
22
-0.009716
32
-0.029674
0
3DFACE
62
1
10
-0.015978
20
-0.010551
30
-0.029911
11
-0.016017
21
-0.010392
31
-0.029883
12
-0.021267
22
-0.012802
32
-0.032748
0
3DFACE
62
1
10
-0.015924
20
-0.010707
30
-0.029932
11
-0.015978
21
-0.010551
31
-0.029911
12
-0.021267
22
-0.012802
32
-0.032748
0
3DFACE
62
1
10
-0.014963
20
-0.008363
30
-0.028907
11
-0.018120
21
-0.005973
31
-0.029911
12
-0.015816
22
-0.009470
32
-0.029554
0
3DFACE
62
1
10
-0.014963
20
-0.008363
30
-0.028907
11
-0.016380
21
-0.005567
31
-0.028987
12
-0.018120
22
-0.005973
32
-0.029911
0
3DFACE
62
1
10
-0.014335
20
-0.005713
30
-0.028038
11
-0.014607
21
-0.005268
31
-0.028081
12
-0.016380
22
-0.005567
32
-0.028987
0
3DFACE
62
1
10
-0.014062
20
-0.006159
30
-0.028003
11
-0.016380
21
-0.005567
31
-0.028987
12
-0.014963
22
-0.008363
32
-0.028907
0
3DFACE
62
1
10
-0.014062
20
-0.006159
30
-0.028003
11
-0.014335
21
-0.005713
31
-0.028038
12
-0.016380
22
-0.005567
32
-0.028987
0
3DFACE
62
1
10
-0.013790
20
-0.006605
30
-0.027976
11
-0.014062
21
-0.006159
31
-0.028003
12
-0.014963
22
-0.008363
32
-0.028907
0
3DFACE
62
1
10
-0.012830
20
-0.015704
30
-0.030595
11
-0.012864
21
-0.015551
31
-0.030539
12
-0.018542
22
-0.017262
32
-0.033176
0
3DFACE
62
1
10
-0.012779
20
-0.015855
30
-0.030646
11
-0.012830
21
-0.015704
31
-0.030595
12
-0.018542
22
-0.017262
32
-0.033176
0
3DFACE
62
1
10
-0.011707
20
-0.013693
30
-0.029363
11
-0.013104
21
-0.010929
31
-0.028868
12
-0.014928
22
-0.011199
32
-0.029672
0
3DFACE
62
1
10
-0.011707
20
-0.013693
30
-0.029363
11
-0.014928
21
-0.011199
31
-0.029672
12
-0.012627
22
-0.014692
32
-0.030090
0
3DFACE
62
1
10
-0.010978
20
-0.011207
30
-0.028154
11
-0.011250
21
-0.010763
31
-0.028100
12
-0.013104
22
-0.010929
32
-0.028868
0
3DFACE
62
1
10
-0.010707
20
-0.011651
30
-0.028215
11
-0.013104
21
-0.010929
31
-0.028868
12
-0.011707
22
-0.013693
32
-0.029363
0
3DFACE
62
1
10
-0.010707
20
-0.011651
30
-0.028215
11
-0.010978
21
-0.011207
31
-0.028154
12
-0.013104
22
-0.010929
32
-0.028868
0
3DFACE
62
1
10
-0.010437
20
-0.012094
30
-0.028284
11
-0.010707
21
-0.011651
31
-0.028215
12
-0.011707
22
-0.013693
32
-0.029363
0
3DFACE
62
1
10
-0.009757
20
-0.020802
30
-0.032456
11
-0.015897
21
-0.021592
31
-0.034506
12
-0.013413
22
-0.025658
32
-0.036697
0
3DFACE
62
1
10
-0.009567
20
-0.020987
30
-0.032528
11
-0.009757
21
-0.020802
31
-0.032456
12
-0.013413
22
-0.025658
32
-0.036697
0
3DFACE
62
1
10
-0.009389
20
-0.021114
30
-0.032568
11
-0.009567
21
-0.020987
31
-0.032528
12
-0.013413
22
-0.025658
32
-0.036697
0
3DFACE
62
1
10
-0.008550
20
-0.018861
30
-0.030958
11
-0.009872
21
-0.016219
31
-0.029904
12
-0.011767
22
-0.016373
32
-0.030563
0
3DFACE
62
1
10
-0.007690
20
-0.016590
30
-0.029450
11
-0.007952
21
-0.016161
31
-0.029301
12
-0.009872
22
-0.016219
32
-0.029904
0
3DFACE
62
1
10
-0.007429
20
-0.017016
30
-0.029606
11
-0.007690
21
-0.016590
31
-0.029450
12
-0.009872
22
-0.016219
32
-0.029904
0
3DFACE
62
1
10
-0.007429
20
-0.017016
30
-0.029606
11
-0.009872
21
-0.016219
31
-0.029904
12
-0.008550
22
-0.018861
32
-0.030958
0
3DFACE
62
1
10
-0.007170
20
-0.017441
30
-0.029769
11
-0.007429
21
-0.017016
31
-0.029606
12
-0.008550
22
-0.018861
32
-0.030958
0
3DFACE
62
1
10
-0.006669
20
-0.024443
30
-0.034452
11
-0.008745
21
-0.021320
31
-0.032552
12
-0.006847
22
-0.024617
32
-0.034629
0
3DFACE
62
1
10
-0.005600
20
-0.023690
30
-0.033639
11
-0.008745
21
-0.021320
31
-0.032552
12
-0.006669
22
-0.024443
32
-0.034452
0
3DFACE
62
1
10
-0.005600
20
-0.023690
30
-0.033639
11
-0.006795
21
-0.021257
31
-0.032063
12
-0.008745
22
-0.021320
32
-0.032552
0
3DFACE
62
1
10
-0.006446
20
-0.025751
30
-0.035541
11
-0.006606
21
-0.025670
31
-0.035495
12
-0.011165
22
-0.029338
32
-0.039682
0
3DFACE
62
1
10
-0.004582
20
-0.021677
30
-0.031883
11
-0.004825
21
-0.021279
31
-0.031645
12
-0.006795
22
-0.021257
32
-0.032063
0
3DFACE
62
1
10
-0.004341
20
-0.022072
30
-0.032128
11
-0.006795
21
-0.021257
31
-0.032063
12
-0.005600
22
-0.023690
32
-0.033639
0
3DFACE
62
1
10
-0.004341
20
-0.022072
30
-0.032128
11
-0.004582
21
-0.021677
31
-0.031883
12
-0.006795
22
-0.021257
32
-0.032063
0
3DFACE
62
1
10
-0.004101
20
-0.022464
30
-0.032380
11
-0.004341
21
-0.022072
31
-0.032128
12
-0.005600
22
-0.023690
32
-0.033639
0
3DFACE
62
1
10
-0.004403
20
-0.028899
30
-0.038451
11
-0.006291
21
-0.025806
31
-0.035567
12
-0.006446
22
-0.025751
32
-0.035541
0
3DFACE
62
1
10
-0.004403
20
-0.028899
30
-0.038451
11
-0.006129
21
-0.025846
31
-0.035577
12
-0.006291
22
-0.025806
32
-0.035567
0
3DFACE
62
1
10
-0.004469
20
-0.029013
30
-0.038588
11
-0.006446
21
-0.025751
31
-0.035541
12
-0.011165
22
-0.029338
32
-0.039682
0
3DFACE
62
1
10
-0.004469
20
-0.029013
30
-0.038588
11
-0.004403
21
-0.028899
31
-0.038451
12
-0.006446
22
-0.025751
32
-0.035541
0
3DFACE
62
1
10
-0.004494
20
-0.029082
30
-0.038670
11
-0.004469
21
-0.029013
31
-0.038588
12
-0.011165
22
-0.029338
32
-0.039682
0
3DFACE
62
1
10
-0.004300
20
-0.028786
30
-0.038313
11
-0.005965
21
-0.025870
31
-0.035573
12
-0.006129
22
-0.025846
32
-0.035577
0
3DFACE
62
1
10
-0.004300
20
-0.028786
30
-0.038313
11
-0.006129
21
-0.025846
31
-0.035577
12
-0.004403
22
-0.028899
32
-0.038451
0
3DFACE
62
1
10
-0.004513
20
-0.029221
30
-0.038832
11
-0.004494
21
-0.029082
31
-0.038670
12
-0.011165
22
-0.029338
32
-0.039682
0
3DFACE
62
1
10
-0.004105
20
-0.028641
30
-0.038130
11
-0.005965
21
-0.025870
31
-0.035573
12
-0.004300
22
-0.028786
32
-0.038313
0
3DFACE
62
1
10
-0.002956
20
-0.028017
30
-0.037315
11
-0.005965
21
-0.025870
31
-0.035573
12
-0.004105
22
-0.028641
32
-0.038130
0
3DFACE
62
1
10
-0.002956
20
-0.028017
30
-0.037315
11
-0.003976
21
-0.025870
31
-0.035269
12
-0.005965
22
-0.025870
32
-0.035573
0
3DFACE
62
1
10
-0.001760
20
-0.026297
30
-0.035370
11
-0.001976
21
-0.025943
31
-0.035050
12
-0.003976
22
-0.025870
32
-0.035269
0
3DFACE
62
1
10
-0.001546
20
-0.026647
30
-0.035696
11
-0.003976
21
-0.025870
31
-0.035269
12
-0.002956
22
-0.028017
32
-0.037315
0
3DFACE
62
1
10
-0.001546
20
-0.026647
30
-0.035696
11
-0.001760
21
-0.026297
31
-0.035370
12
-0.003976
22
-0.025870
32
-0.035269
0
3DFACE
62
1
10
-0.001335
20
-0.026992
30
-0.036028
11
-0.001546
21
-0.026647
31
-0.035696
12
-0.002956
22
-0.028017
32
-0.037315
0
3DFACE
62
1
10
-0.002420
20
-0.032744
30
-0.043532
11
-0.002414
21
-0.032657
31
-0.043391
12
-0.009221
22
-0.032520
32
-0.043371
0
3DFACE
62
1
10
-0.002408
20
-0.032831
30
-0.043674
11
-0.009221
21
-0.032520
31
-0.043371
12
-0.007640
22
-0.035107
32
-0.047651
0
3DFACE
62
1
10
-0.002408
20
-0.032831
30
-0.043674
11
-0.002420
21
-0.032744
31
-0.043532
12
-0.009221
22
-0.032520
32
-0.043371
0
3DFACE
62
1
10
-0.002258
20
-0.032950
30
-0.043870
11
-0.002408
21
-0.032831
31
-0.043674
12
-0.007640
22
-0.035107
32
-0.047651
0
3DFACE
62
1
10
-0.002107
20
-0.033034
30
-0.044010
11
-0.002258
21
-0.032950
31
-0.043870
12
-0.007640
22
-0.035107
32
-0.047651
0
3DFACE
62
1
10
-0.000710
20
-0.031694
30
-0.041859
11
-0.003521
21
-0.029870
31
-0.039523
12
-0.001936
22
-0.032191
32
-0.042648
0
3DFACE
62
1
10
-0.000710
20
-0.031694
30
-0.041859
11
-0.001513
21
-0.029902
31
-0.039414
12
-0.003521
22
-0.029870
32
-0.039523
0
3DFACE
62
1
10
-0.001961
20
-0.033092
30
-0.044109
11
-0.002107
21
-0.033034
31
-0.044010
12
-0.007640
22
-0.035107
32
-0.047651
0
3DFACE
62
1
10
-0.001815
20
-0.033133
30
-0.044179
11
-0.001961
21
-0.033092
31
-0.044109
12
-0.007640
22
-0.035107
32
-0.047651
0
3DFACE
62
1
10
0.000680
20
-0.030291
30
-0.039793
11
0.000498
21
-0.029993
31
-0.039402
12
-0.001513
22
-0.029902
32
-0.039414
0
3DFACE
62
1
10
-0.001659
20
-0.033162
30
-0.044231
11
-0.001815
21
-0.033133
31
-0.044179
12
-0.007640
22
-0.035107
32
-0.047651
0
3DFACE
62
1
10
-0.001498
20
-0.033182
30
-0.044266
11
-0.001659
21
-0.033162
31
-0.044231
12
-0.007640
22
-0.035107
32
-0.047651
0
3DFACE
62
1
10
0.000859
20
-0.030584
30
-0.040189
11
-0.001513
21
-0.029902
31
-0.039414
12
-0.000710
22
-0.031694
32
-0.041859
0
3DFACE
62
1
10
0.000859
20
-0.030584
30
-0.040189
11
0.000680
21
-0.030291
31
-0.039793
12
-0.001513
22
-0.029902
32
-0.039414
0
3DFACE
62
1
10
0.001035
20
-0.030871
30
-0.040590
11
0.000859
21
-0.030584
31
-0.040189
12
-0.000710
22
-0.031694
32
-0.041859
0
3DFACE
62
1
10
0.002585
20
-0.033409
30
-0.044775
11
0.002514
21
-0.033292
31
-0.044552
12
0.000511
22
-0.033215
32
-0.044357
0
3DFACE
62
1
10
0.002655
20
-0.033523
30
-0.045000
11
0.002585
21
-0.033409
31
-0.044775
12
0.000511
22
-0.033215
32
-0.044357
0
3DFACE
62
1
10
0.002724
20
-0.033637
30
-0.045225
11
0.000511
21
-0.033215
31
-0.044357
12
-0.001498
22
-0.033182
32
-0.044266
0
3DFACE
62
1
10
0.002724
20
-0.033637
30
-0.045225
11
-0.001498
21
-0.033182
31
-0.044266
12
-0.007640
22
-0.035107
32
-0.047651
0
3DFACE
62
1
10
0.002724
20
-0.033637
30
-0.045225
11
0.002655
21
-0.033523
31
-0.045000
12
0.000511
22
-0.033215
32
-0.044357
0
3DFACE
62
1
10
-0.033326
20
0.016155
30
-0.072045
11
-0.035893
21
0.011139
31
-0.073280
12
-0.036615
22
0.012321
32
-0.068221
0
3DFACE
62
1
10
-0.033326
20
0.016155
30
-0.072045
11
-0.032972
21
0.017325
31
-0.070789
12
-0.032978
22
0.017208
32
-0.071037
0
3DFACE
62
1
10
-0.033326
20
0.016155
30
-0.072045
11
-0.032396
21
0.017669
31
-0.072102
12
-0.031742
22
0.016324
32
-0.076030
0
3DFACE
62
1
10
-0.033326
20
0.016155
30
-0.072045
11
-0.036615
21
0.012321
31
-0.068221
12
-0.032972
22
0.017325
32
-0.070789
0
3DFACE
62
1
10
-0.033326
20
0.016155
30
-0.072045
11
-0.032563
21
0.017476
31
-0.071934
12
-0.032396
22
0.017669
32
-0.072102
0
3DFACE
62
1
10
-0.033326
20
0.016155
30
-0.072045
11
-0.032669
21
0.017369
31
-0.071794
12
-0.032563
22
0.017476
32
-0.071934
0
3DFACE
62
1
10
-0.033326
20
0.016155
30
-0.072045
11
-0.032758
21
0.017292
31
-0.071645
12
-0.032669
22
0.017369
32
-0.071794
0
3DFACE
62
1
10
-0.033326
20
0.016155
30
-0.072045
11
-0.032805
21
0.017259
31
-0.071551
12
-0.032758
22
0.017292
32
-0.071645
0
3DFACE
62
1
10
-0.033326
20
0.016155
30
-0.072045
11
-0.032884
21
0.017218
31
-0.071356
12
-0.032805
22
0.017259
32
-0.071551
0
3DFACE
62
1
10
-0.033326
20
0.016155
30
-0.072045
11
-0.032935
21
0.017206
31
-0.071198
12
-0.032884
22
0.017218
32
-0.071356
0
3DFACE
62
1
10
-0.033326
20
0.016155
30
-0.072045
11
-0.032978
21
0.017208
31
-0.071037
12
-0.032935
22
0.017206
32
-0.071198
0
3DFACE
62
1
10
-0.033326
20
0.016155
30
-0.072045
11
-0.031891
21
0.015900
31
-0.076243
12
-0.031917
22
0.015761
32
-0.076363
0
3DFACE
62
1
10
-0.033326
20
0.016155
30
-0.072045
11
-0.031853
21
0.016036
31
-0.076154
12
-0.031891
22
0.015900
32
-0.076243
0
3DFACE
62
1
10
-0.033326
20
0.016155
30
-0.072045
11
-0.031802
21
0.016179
31
-0.076083
12
-0.031853
22
0.016036
32
-0.076154
0
3DFACE
62
1
10
-0.033326
20
0.016155
30
-0.072045
11
-0.031742
21
0.016324
31
-0.076030
12
-0.031802
22
0.016179
32
-0.076083
0
3DFACE
62
1
10
-0.033326
20
0.016155
30
-0.072045
11
-0.031917
21
0.015761
31
-0.076363
12
-0.035893
22
0.011139
32
-0.073280
0
3DFACE
62
1
10
-0.034003
20
0.017263
30
-0.064320
11
-0.033450
21
0.018107
31
-0.064779
12
-0.033480
22
0.018030
32
-0.065040
0
3DFACE
62
1
10
-0.034003
20
0.017263
30
-0.064320
11
-0.033405
21
0.018197
31
-0.064580
12
-0.033450
22
0.018107
32
-0.064779
0
3DFACE
62
1
10
-0.034003
20
0.017263
30
-0.064320
11
-0.033353
21
0.018293
31
-0.064430
12
-0.033405
22
0.018197
32
-0.064580
0
3DFACE
62
1
10
-0.034003
20
0.017263
30
-0.064320
11
-0.036615
21
0.012321
31
-0.068221
12
-0.036868
22
0.012735
32
-0.062999
0
3DFACE
62
1
10
-0.034003
20
0.017263
30
-0.064320
11
-0.033295
21
0.018396
31
-0.064313
12
-0.033353
22
0.018293
32
-0.064430
0
3DFACE
62
1
10
-0.034003
20
0.017263
30
-0.064320
11
-0.033227
21
0.018511
31
-0.064212
12
-0.033295
22
0.018396
32
-0.064313
0
3DFACE
62
1
10
-0.034003
20
0.017263
30
-0.064320
11
-0.033154
21
0.018635
31
-0.064129
12
-0.033227
22
0.018511
32
-0.064212
0
3DFACE
62
1
10
-0.034003
20
0.017263
30
-0.064320
11
-0.033418
21
0.018092
31
-0.065361
12
-0.033357
22
0.018163
32
-0.065554
0
3DFACE
62
1
10
-0.034003
20
0.017263
30
-0.064320
11
-0.033453
21
0.018054
31
-0.065203
12
-0.033418
22
0.018092
32
-0.065361
0
3DFACE
62
1
10
-0.034003
20
0.017263
30
-0.064320
11
-0.033480
21
0.018030
31
-0.065040
12
-0.033453
22
0.018054
32
-0.065203
0
3DFACE
62
1
10
-0.034003
20
0.017263
30
-0.064320
11
-0.033357
21
0.018163
31
-0.065554
12
-0.036615
22
0.012321
32
-0.068221
0
3DFACE
62
1
10
-0.034003
20
0.017263
30
-0.064320
11
-0.033234
21
0.018295
31
-0.059683
12
-0.033153
22
0.018443
32
-0.059800
0
3DFACE
62
1
10
-0.034003
20
0.017263
30
-0.064320
11
-0.033296
21
0.018173
31
-0.059550
12
-0.033234
22
0.018295
32
-0.059683
0
3DFACE
62
1
10
-0.034003
20
0.017263
30
-0.064320
11
-0.033325
21
0.018112
31
-0.059464
12
-0.033296
22
0.018173
32
-0.059550
0
3DFACE
62
1
10
-0.034003
20
0.017263
30
-0.064320
11
-0.033153
21
0.018443
31
-0.059800
12
-0.033154
22
0.018635
32
-0.064129
0
3DFACE
62
1
10
-0.034003
20
0.017263
30
-0.064320
11
-0.036868
21
0.012735
31
-0.062999
12
-0.033325
22
0.018112
32
-0.059464
0
3DFACE
62
1
10
-0.033696
20
0.016761
30
-0.056509
11
-0.036645
21
0.012370
31
-0.057772
12
-0.035951
22
0.011235
32
-0.052698
0
3DFACE
62
1
10
-0.033696
20
0.016761
30
-0.056509
11
-0.033400
21
0.017899
31
-0.058968
12
-0.036645
22
0.012370
32
-0.057772
0
3DFACE
62
1
10
-0.033696
20
0.016761
30
-0.056509
11
-0.035951
21
0.011235
31
-0.052698
12
-0.032739
22
0.016817
32
-0.053028
0
3DFACE
62
1
10
-0.033696
20
0.016761
30
-0.056509
11
-0.031725
21
0.019074
31
-0.054189
12
-0.031918
22
0.019867
32
-0.057217
0
3DFACE
62
1
10
-0.033696
20
0.016761
30
-0.056509
11
-0.032443
21
0.017746
31
-0.053885
12
-0.031725
22
0.019074
32
-0.054189
0
3DFACE
62
1
10
-0.033696
20
0.016761
30
-0.056509
11
-0.032569
21
0.017487
31
-0.053784
12
-0.032443
22
0.017746
32
-0.053885
0
3DFACE
62
1
10
-0.033696
20
0.016761
30
-0.056509
11
-0.032640
21
0.017322
31
-0.053684
12
-0.032569
22
0.017487
32
-0.053784
0
3DFACE
62
1
10
-0.033696
20
0.016761
30
-0.056509
11
-0.032690
21
0.017180
31
-0.053567
12
-0.032640
22
0.017322
32
-0.053684
0
3DFACE
62
1
10
-0.033696
20
0.016761
30
-0.056509
11
-0.032711
21
0.017106
31
-0.053489
12
-0.032690
22
0.017180
32
-0.053567
0
3DFACE
62
1
10
-0.033696
20
0.016761
30
-0.056509
11
-0.032736
21
0.016977
31
-0.053320
12
-0.032711
22
0.017106
32
-0.053489
0
3DFACE
62
1
10
-0.033696
20
0.016761
30
-0.056509
11
-0.032743
21
0.016891
31
-0.053177
12
-0.032736
22
0.016977
32
-0.053320
0
3DFACE
62
1
10
-0.033696
20
0.016761
30
-0.056509
11
-0.032739
21
0.016817
31
-0.053028
12
-0.032743
22
0.016891
32
-0.053177
0
3DFACE
62
1
10
-0.033696
20
0.016761
30
-0.056509
11
-0.033344
21
0.017934
31
-0.058702
12
-0.033400
22
0.017899
32
-0.058968
0
3DFACE
62
1
10
-0.033696
20
0.016761
30
-0.056509
11
-0.033280
21
0.017992
31
-0.058497
12
-0.033344
22
0.017934
32
-0.058702
0
3DFACE
62
1
10
-0.033696
20
0.016761
30
-0.056509
11
-0.033213
21
0.018064
31
-0.058340
12
-0.033280
22
0.017992
32
-0.058497
0
3DFACE
62
1
10
-0.033696
20
0.016761
30
-0.056509
11
-0.033143
21
0.018147
31
-0.058213
12
-0.033213
22
0.018064
32
-0.058340
0
3DFACE
62
1
10
-0.033696
20
0.016761
30
-0.056509
11
-0.033065
21
0.018246
31
-0.058103
12
-0.033143
22
0.018147
32
-0.058213
0
3DFACE
62
1
10
-0.033696
20
0.016761
30
-0.056509
11
-0.032983
21
0.018356
31
-0.058009
12
-0.033065
22
0.018246
32
-0.058103
0
3DFACE
62
1
10
-0.033696
20
0.016761
30
-0.056509
11
-0.031918
21
0.019867
31
-0.057217
12
-0.032983
22
0.018356
32
-0.058009
0
3DFACE
62
1
10
-0.032424
20
0.014679
30
-0.049066
11
-0.035951
21
0.011235
31
-0.052698
12
-0.034809
22
0.009365
32
-0.047933
0
3DFACE
62
1
10
-0.032424
20
0.014679
30
-0.049066
11
-0.032658
21
0.016811
31
-0.052766
12
-0.035951
22
0.011235
32
-0.052698
0
3DFACE
62
1
10
-0.032424
20
0.014679
30
-0.049066
11
-0.031419
21
0.015604
31
-0.048076
12
-0.031301
22
0.015876
32
-0.048147
0
3DFACE
62
1
10
-0.032424
20
0.014679
30
-0.049066
11
-0.031481
21
0.015425
31
-0.047997
12
-0.031419
22
0.015604
32
-0.048076
0
3DFACE
62
1
10
-0.032424
20
0.014679
30
-0.049066
11
-0.031520
21
0.015266
31
-0.047899
12
-0.031481
22
0.015425
32
-0.047997
0
3DFACE
62
1
10
-0.032424
20
0.014679
30
-0.049066
11
-0.031535
21
0.015180
31
-0.047832
12
-0.031520
22
0.015266
32
-0.047899
0
3DFACE
62
1
10
-0.032424
20
0.014679
30
-0.049066
11
-0.031545
21
0.015026
31
-0.047684
12
-0.031535
22
0.015180
32
-0.047832
0
3DFACE
62
1
10
-0.032424
20
0.014679
30
-0.049066
11
-0.031538
21
0.014919
31
-0.047557
12
-0.031545
22
0.015026
32
-0.047684
0
3DFACE
62
1
10
-0.032424
20
0.014679
30
-0.049066
11
-0.031521
21
0.014823
31
-0.047422
12
-0.031538
22
0.014919
32
-0.047557
0
3DFACE
62
1
10
-0.032424
20
0.014679
30
-0.049066
11
-0.032574
21
0.016836
31
-0.052562
12
-0.032658
22
0.016811
32
-0.052766
0
3DFACE
62
1
10
-0.032424
20
0.014679
30
-0.049066
11
-0.032492
21
0.016883
31
-0.052402
12
-0.032574
22
0.016836
32
-0.052562
0
3DFACE
62
1
10
-0.032424
20
0.014679
30
-0.049066
11
-0.032409
21
0.016947
31
-0.052272
12
-0.032492
22
0.016883
32
-0.052402
0
3DFACE
62
1
10
-0.032424
20
0.014679
30
-0.049066
11
-0.032321
21
0.017027
31
-0.052155
12
-0.032409
22
0.016947
32
-0.052272
0
3DFACE
62
1
10
-0.032424
20
0.014679
30
-0.049066
11
-0.032229
21
0.017121
31
-0.052054
12
-0.032321
22
0.017027
32
-0.052155
0
3DFACE
62
1
10
-0.032424
20
0.014679
30
-0.049066
11
-0.031301
21
0.015876
31
-0.048147
12
-0.032229
22
0.017121
32
-0.052054
0
3DFACE
62
1
10
-0.032424
20
0.014679
30
-0.049066
11
-0.034809
21
0.009365
31
-0.047933
12
-0.031521
22
0.014823
32
-0.047422
0
3DFACE
62
1
10
-0.030260
20
0.011137
30
-0.042423
11
-0.034809
21
0.009365
31
-0.047933
12
-0.033253
22
0.006818
32
-0.043620
0
3DFACE
62
1
10
-0.030260
20
0.011137
30
-0.042423
11
-0.033253
21
0.006818
31
-0.043620
12
-0.031330
22
0.003670
32
-0.039892
0
3DFACE
62
1
10
-0.030260
20
0.011137
30
-0.042423
11
-0.027670
21
0.008964
31
-0.038266
12
-0.027645
22
0.009146
32
-0.038316
0
3DFACE
62
1
10
-0.030260
20
0.011137
30
-0.042423
11
-0.027674
21
0.008861
31
-0.038227
12
-0.027670
22
0.008964
32
-0.038266
0
3DFACE
62
1
10
-0.030260
20
0.011137
30
-0.042423
11
-0.027645
21
0.009146
31
-0.038316
12
-0.029205
22
0.011926
32
-0.041541
0
3DFACE
62
1
10
-0.030260
20
0.011137
30
-0.042423
11
-0.029657
21
0.011899
31
-0.042114
12
-0.029786
22
0.011983
32
-0.042340
0
3DFACE
62
1
10
-0.030260
20
0.011137
30
-0.042423
11
-0.029828
21
0.012496
31
-0.042740
12
-0.031214
22
0.014792
32
-0.046820
0
3DFACE
62
1
10
-0.030260
20
0.011137
30
-0.042423
11
-0.029536
21
0.011863
31
-0.041931
12
-0.029657
22
0.011899
32
-0.042114
0
3DFACE
62
1
10
-0.030260
20
0.011137
30
-0.042423
11
-0.029423
21
0.011861
31
-0.041783
12
-0.029536
22
0.011863
32
-0.041931
0
3DFACE
62
1
10
-0.030260
20
0.011137
30
-0.042423
11
-0.029316
21
0.011883
31
-0.041657
12
-0.029423
22
0.011861
32
-0.041783
0
3DFACE
62
1
10
-0.030260
20
0.011137
30
-0.042423
11
-0.029205
21
0.011926
31
-0.041541
12
-0.029316
22
0.011883
32
-0.041657
0
3DFACE
62
1
10
-0.030260
20
0.011137
30
-0.042423
11
-0.029837
21
0.012401
31
-0.042687
12
-0.029828
22
0.012496
32
-0.042740
0
3DFACE
62
1
10
-0.030260
20
0.011137
30
-0.042423
11
-0.029833
21
0.012225
31
-0.042564
12
-0.029837
22
0.012401
32
-0.042687
0
3DFACE
62
1
10
-0.030260
20
0.011137
30
-0.042423
11
-0.029815
21
0.012100
31
-0.042456
12
-0.029833
22
0.012225
32
-0.042564
0
3DFACE
62
1
10
-0.030260
20
0.011137
30
-0.042423
11
-0.029786
21
0.011983
31
-0.042340
12
-0.029815
22
0.012100
32
-0.042456
0
3DFACE
62
1
10
-0.030260
20
0.011137
30
-0.042423
11
-0.031330
21
0.003670
31
-0.039892
12
-0.027674
22
0.008861
32
-0.038227
0
3DFACE
62
1
10
-0.030260
20
0.011137
30
-0.042423
11
-0.031214
21
0.014792
31
-0.046820
12
-0.034809
22
0.009365
32
-0.047933
0
3DFACE
62
1
10
-0.027330
20
0.006341
30
-0.036967
11
-0.027445
21
0.008277
31
-0.037760
12
-0.027594
22
0.008395
32
-0.037957
0
3DFACE
62
1
10
-0.027330
20
0.006341
30
-0.036967
11
-0.027306
21
0.008214
31
-0.037597
12
-0.027445
22
0.008277
32
-0.037760
0
3DFACE
62
1
10
-0.027330
20
0.006341
30
-0.036967
11
-0.027181
21
0.008190
31
-0.037463
12
-0.027306
22
0.008214
32
-0.037597
0
3DFACE
62
1
10
-0.027330
20
0.006341
30
-0.036967
11
-0.027061
21
0.008193
31
-0.037346
12
-0.027181
22
0.008190
32
-0.037463
0
3DFACE
62
1
10
-0.027330
20
0.006341
30
-0.036967
11
-0.026939
21
0.008218
31
-0.037236
12
-0.027061
22
0.008193
32
-0.037346
0
3DFACE
62
1
10
-0.027330
20
0.006341
30
-0.036967
11
-0.029099
21
0.000018
31
-0.036860
12
-0.025067
22
0.004326
32
-0.034487
0
3DFACE
62
1
10
-0.027330
20
0.006341
30
-0.036967
11
-0.026817
21
0.008263
31
-0.037132
12
-0.026939
22
0.008218
32
-0.037236
0
3DFACE
62
1
10
-0.027330
20
0.006341
30
-0.036967
11
-0.031330
21
0.003670
31
-0.039892
12
-0.029099
22
0.000018
32
-0.036860
0
3DFACE
62
1
10
-0.027330
20
0.006341
30
-0.036967
11
-0.024938
21
0.005460
31
-0.034625
12
-0.026817
22
0.008263
32
-0.037132
0
3DFACE
62
1
10
-0.027330
20
0.006341
30
-0.036967
11
-0.027594
21
0.008395
31
-0.037957
12
-0.031330
22
0.003670
32
-0.039892
0
3DFACE
62
1
10
-0.027330
20
0.006341
30
-0.036967
11
-0.025049
21
0.005178
31
-0.034654
12
-0.024938
22
0.005460
32
-0.034625
0
3DFACE
62
1
10
-0.027330
20
0.006341
30
-0.036967
11
-0.025099
21
0.004978
31
-0.034651
12
-0.025049
22
0.005178
32
-0.034654
0
3DFACE
62
1
10
-0.027330
20
0.006341
30
-0.036967
11
-0.025121
21
0.004790
31
-0.034628
12
-0.025099
22
0.004978
32
-0.034651
0
3DFACE
62
1
10
-0.027330
20
0.006341
30
-0.036967
11
-0.025122
21
0.004683
31
-0.034606
12
-0.025121
22
0.004790
32
-0.034628
0
3DFACE
62
1
10
-0.027330
20
0.006341
30
-0.036967
11
-0.025101
21
0.004478
31
-0.034546
12
-0.025122
22
0.004683
32
-0.034606
0
3DFACE
62
1
10
-0.027330
20
0.006341
30
-0.036967
11
-0.025067
21
0.004326
31
-0.034487
12
-0.025101
22
0.004478
32
-0.034546
0
3DFACE
62
1
10
-0.023805
20
0.000571
30
-0.033014
11
-0.024853
21
0.004034
31
-0.034260
12
-0.029099
22
0.000018
32
-0.036860
0
3DFACE
62
1
10
-0.023805
20
0.000571
30
-0.033014
11
-0.029099
21
0.000018
31
-0.036860
12
-0.026627
22
-0.004028
32
-0.034618
0
3DFACE
62
1
10
-0.023805
20
0.000571
30
-0.033014
11
-0.026627
21
-0.004028
31
-0.034618
12
-0.022150
22
-0.000516
32
-0.031852
0
3DFACE
62
1
10
-0.023805
20
0.000571
30
-0.033014
11
-0.022079
21
0.000780
31
-0.031860
12
-0.024168
22
0.003927
32
-0.033705
0
3DFACE
62
1
10
-0.023805
20
0.000571
30
-0.033014
11
-0.022195
21
0.000505
31
-0.031922
12
-0.022079
22
0.000780
32
-0.031860
0
3DFACE
62
1
10
-0.023805
20
0.000571
30
-0.033014
11
-0.022245
21
0.000307
31
-0.031946
12
-0.022195
22
0.000505
32
-0.031922
0
3DFACE
62
1
10
-0.023805
20
0.000571
30
-0.033014
11
-0.022266
21
0.000118
31
-0.031951
12
-0.022245
22
0.000307
32
-0.031946
0
3DFACE
62
1
10
-0.023805
20
0.000571
30
-0.033014
11
-0.022266
21
0.000008
31
-0.031946
12
-0.022266
22
0.000118
32
-0.031951
0
3DFACE
62
1
10
-0.023805
20
0.000571
30
-0.033014
11
-0.022241
21
-0.000204
31
-0.031921
12
-0.022266
22
0.000008
32
-0.031946
0
3DFACE
62
1
10
-0.023805
20
0.000571
30
-0.033014
11
-0.022202
21
-0.000362
31
-0.031891
12
-0.022241
22
-0.000204
32
-0.031921
0
3DFACE
62
1
10
-0.023805
20
0.000571
30
-0.033014
11
-0.022150
21
-0.000516
31
-0.031852
12
-0.022202
22
-0.000362
32
-0.031891
0
3DFACE
62
1
10
-0.023805
20
0.000571
30
-0.033014
11
-0.024700
21
0.003948
31
-0.034123
12
-0.024853
22
0.004034
32
-0.034260
0
3DFACE
62
1
10
-0.023805
20
0.000571
30
-0.033014
11
-0.024562
21
0.003904
31
-0.034007
12
-0.024700
22
0.003948
32
-0.034123
0
3DFACE
62
1
10
-0.023805
20
0.000571
30
-0.033014
11
-0.024432
21
0.003889
31
-0.033904
12
-0.024562
22
0.003904
32
-0.034007
0
3DFACE
62
1
10
-0.023805
20
0.000571
30
-0.033014
11
-0.024300
21
0.003898
31
-0.033802
12
-0.024432
22
0.003889
32
-0.033904
0
3DFACE
62
1
10
-0.023805
20
0.000571
30
-0.033014
11
-0.024168
21
0.003927
31
-0.033705
12
-0.024300
22
0.003898
32
-0.033802
0
3DFACE
62
1
10
-0.019889
20
-0.005840
30
-0.030794
11
-0.026627
21
-0.004028
31
-0.034618
12
-0.023990
22
-0.008345
32
-0.033233
0
3DFACE
62
1
10
-0.019889
20
-0.005840
30
-0.030794
11
-0.016037
21
-0.010078
31
-0.029807
12
-0.018565
22
-0.005913
32
-0.030125
0
3DFACE
62
1
10
-0.019889
20
-0.005840
30
-0.030794
11
-0.023990
21
-0.008345
31
-0.033233
12
-0.021267
22
-0.012802
32
-0.032748
0
3DFACE
62
1
10
-0.019889
20
-0.005840
30
-0.030794
11
-0.018894
21
-0.005720
31
-0.030265
12
-0.019083
22
-0.005536
32
-0.030339
0
3DFACE
62
1
10
-0.019889
20
-0.005840
30
-0.030794
11
-0.018721
21
-0.005840
31
-0.030194
12
-0.018894
22
-0.005720
32
-0.030265
0
3DFACE
62
1
10
-0.019889
20
-0.005840
30
-0.030794
11
-0.018565
21
-0.005913
31
-0.030125
12
-0.018721
22
-0.005840
32
-0.030194
0
3DFACE
62
1
10
-0.019889
20
-0.005840
30
-0.030794
11
-0.019203
21
-0.004895
31
-0.030325
12
-0.019181
22
-0.004709
32
-0.030293
0
3DFACE
62
1
10
-0.019889
20
-0.005840
30
-0.030794
11
-0.021267
21
-0.012802
31
-0.032748
12
-0.016037
22
-0.010078
32
-0.029807
0
3DFACE
62
1
10
-0.019889
20
-0.005840
30
-0.030794
11
-0.019204
21
-0.005004
31
-0.030337
12
-0.019203
22
-0.004895
32
-0.030325
0
3DFACE
62
1
10
-0.019889
20
-0.005840
30
-0.030794
11
-0.021805
21
-0.000791
31
-0.031627
12
-0.026627
22
-0.004028
32
-0.034618
0
3DFACE
62
1
10
-0.019889
20
-0.005840
30
-0.030794
11
-0.019178
21
-0.005217
31
-0.030349
12
-0.019204
22
-0.005004
32
-0.030337
0
3DFACE
62
1
10
-0.019889
20
-0.005840
30
-0.030794
11
-0.019138
21
-0.005378
31
-0.030347
12
-0.019178
22
-0.005217
32
-0.030349
0
3DFACE
62
1
10
-0.019889
20
-0.005840
30
-0.030794
11
-0.019083
21
-0.005536
31
-0.030339
12
-0.019138
22
-0.005378
32
-0.030347
0
3DFACE
62
1
10
-0.019889
20
-0.005840
30
-0.030794
11
-0.021657
21
-0.000851
31
-0.031533
12
-0.021805
22
-0.000791
32
-0.031627
0
3DFACE
62
1
10
-0.019889
20
-0.005840
30
-0.030794
11
-0.021518
21
-0.000881
31
-0.031446
12
-0.021657
22
-0.000851
32
-0.031533
0
3DFACE
62
1
10
-0.019889
20
-0.005840
30
-0.030794
11
-0.021377
21
-0.000887
31
-0.031358
12
-0.021518
22
-0.000881
32
-0.031446
0
3DFACE
62
1
10
-0.019889
20
-0.005840
30
-0.030794
11
-0.019181
21
-0.004709
31
-0.030293
12
-0.021377
22
-0.000887
32
-0.031358
0
3DFACE
62
1
10
-0.015810
20
-0.012517
30
-0.030436
11
-0.012773
21
-0.014917
31
-0.030235
12
-0.012627
22
-0.014692
32
-0.030090
0
3DFACE
62
1
10
-0.015810
20
-0.012517
30
-0.030436
11
-0.021267
21
-0.012802
31
-0.032748
12
-0.018542
22
-0.017262
32
-0.033176
0
3DFACE
62
1
10
-0.015810
20
-0.012517
30
-0.030436
11
-0.012841
21
-0.015086
31
-0.030330
12
-0.012773
22
-0.014917
32
-0.030235
0
3DFACE
62
1
10
-0.015810
20
-0.012517
30
-0.030436
11
-0.012875
21
-0.015254
31
-0.030413
12
-0.012841
22
-0.015086
32
-0.030330
0
3DFACE
62
1
10
-0.015810
20
-0.012517
30
-0.030436
11
-0.012881
21
-0.015353
31
-0.030458
12
-0.012875
22
-0.015254
32
-0.030413
0
3DFACE
62
1
10
-0.015810
20
-0.012517
30
-0.030436
11
-0.012864
21
-0.015551
31
-0.030539
12
-0.012881
22
-0.015353
32
-0.030458
0
3DFACE
62
1
10
-0.015810
20
-0.012517
30
-0.030436
11
-0.015730
21
-0.010899
31
-0.029907
12
-0.015924
22
-0.010707
32
-0.029932
0
3DFACE
62
1
10
-0.015810
20
-0.012517
30
-0.030436
11
-0.015551
21
-0.011028
31
-0.029872
12
-0.015730
22
-0.010899
32
-0.029907
0
3DFACE
62
1
10
-0.015810
20
-0.012517
30
-0.030436
11
-0.015390
21
-0.011110
31
-0.029831
12
-0.015551
22
-0.011028
32
-0.029872
0
3DFACE
62
1
10
-0.015810
20
-0.012517
30
-0.030436
11
-0.015238
21
-0.011161
31
-0.029785
12
-0.015390
22
-0.011110
32
-0.029831
0
3DFACE
62
1
10
-0.015810
20
-0.012517
30
-0.030436
11
-0.015083
21
-0.011189
31
-0.029731
12
-0.015238
22
-0.011161
32
-0.029785
0
3DFACE
62
1
10
-0.015810
20
-0.012517
30
-0.030436
11
-0.014928
21
-0.011199
31
-0.029672
12
-0.015083
22
-0.011189
32
-0.029731
0
3DFACE
62
1
10
-0.015810
20
-0.012517
30
-0.030436
11
-0.012627
21
-0.014692
31
-0.030090
12
-0.014928
22
-0.011199
32
-0.029672
0
3DFACE
62
1
10
-0.015810
20
-0.012517
30
-0.030436
11
-0.015924
21
-0.010707
31
-0.029932
12
-0.021267
22
-0.012802
32
-0.032748
0
3DFACE
62
1
10
-0.015810
20
-0.012517
30
-0.030436
11
-0.018542
21
-0.017262
31
-0.033176
12
-0.012864
22
-0.015551
32
-0.030539
0
3DFACE
62
1
10
-0.011804
20
-0.019073
30
-0.031961
11
-0.012585
21
-0.016047
31
-0.030670
12
-0.012779
22
-0.015855
32
-0.030646
0
3DFACE
62
1
10
-0.011804
20
-0.019073
30
-0.031961
11
-0.012405
21
-0.016178
31
-0.030672
12
-0.012585
22
-0.016047
32
-0.030670
0
3DFACE
62
1
10
-0.011804
20
-0.019073
30
-0.031961
11
-0.012242
21
-0.016264
31
-0.030660
12
-0.012405
22
-0.016178
32
-0.030672
0
3DFACE
62
1
10
-0.011804
20
-0.019073
30
-0.031961
11
-0.012086
21
-0.016320
31
-0.030638
12
-0.012242
22
-0.016264
32
-0.030660
0
3DFACE
62
1
10
-0.011804
20
-0.019073
30
-0.031961
11
-0.011926
21
-0.016356
31
-0.030604
12
-0.012086
22
-0.016320
32
-0.030638
0
3DFACE
62
1
10
-0.011804
20
-0.019073
30
-0.031961
11
-0.011767
21
-0.016373
31
-0.030563
12
-0.011926
22
-0.016356
32
-0.030604
0
3DFACE
62
1
10
-0.011804
20
-0.019073
30
-0.031961
11
-0.018542
21
-0.017262
31
-0.033176
12
-0.015897
22
-0.021592
32
-0.034506
0
3DFACE
62
1
10
-0.011804
20
-0.019073
30
-0.031961
11
-0.015897
21
-0.021592
31
-0.034506
12
-0.009757
22
-0.020802
32
-0.032456
0
3DFACE
62
1
10
-0.011804
20
-0.019073
30
-0.031961
11
-0.008550
21
-0.018861
31
-0.030958
12
-0.011767
22
-0.016373
32
-0.030563
0
3DFACE
62
1
10
-0.011804
20
-0.019073
30
-0.031961
11
-0.012779
21
-0.015855
31
-0.030646
12
-0.018542
22
-0.017262
32
-0.033176
0
3DFACE
62
1
10
-0.011804
20
-0.019073
30
-0.031961
11
-0.009543
21
-0.019740
31
-0.031742
12
-0.008550
22
-0.018861
32
-0.030958
0
3DFACE
62
1
10
-0.011804
20
-0.019073
30
-0.031961
11
-0.009704
21
-0.019940
31
-0.031905
12
-0.009543
22
-0.019740
32
-0.031742
0
3DFACE
62
1
10
-0.011804
20
-0.019073
30
-0.031961
11
-0.009782
21
-0.020093
31
-0.032018
12
-0.009704
22
-0.019940
32
-0.031905
0
3DFACE
62
1
10
-0.011804
20
-0.019073
30
-0.031961
11
-0.009825
21
-0.020246
31
-0.032124
12
-0.009782
22
-0.020093
32
-0.032018
0
3DFACE
62
1
10
-0.011804
20
-0.019073
30
-0.031961
11
-0.009836
21
-0.020338
31
-0.032183
12
-0.009825
22
-0.020246
32
-0.032124
0
3DFACE
62
1
10
-0.011804
20
-0.019073
30
-0.031961
11
-0.009829
21
-0.020520
31
-0.032295
12
-0.009836
22
-0.020338
32
-0.032183
0
3DFACE
62
1
10
-0.011804
20
-0.019073
30
-0.031961
11
-0.009801
21
-0.020662
31
-0.032377
12
-0.009829
22
-0.020520
32
-0.032295
0
3DFACE
62
1
10
-0.011804
20
-0.019073
30
-0.031961
11
-0.009757
21
-0.020802
31
-0.032456
12
-0.009801
22
-0.020662
32
-0.032377
0
3DFACE
62
1
10
-0.008106
20
-0.025127
30
-0.035281
11
-0.013413
21
-0.025658
31
-0.036697
12
-0.011165
22
-0.029338
32
-0.039682
0
3DFACE
62
1
10
-0.008106
20
-0.025127
30
-0.035281
11
-0.009389
21
-0.021114
31
-0.032568
12
-0.013413
22
-0.025658
32
-0.036697
0
3DFACE
62
1
10
-0.008106
20
-0.025127
30
-0.035281
11
-0.011165
21
-0.029338
31
-0.039682
12
-0.006606
22
-0.025670
32
-0.035495
0
3DFACE
62
1
10
-0.008106
20
-0.025127
30
-0.035281
11
-0.006847
21
-0.024617
31
-0.034629
12
-0.008745
22
-0.021320
32
-0.032552
0
3DFACE
62
1
10
-0.008106
20
-0.025127
30
-0.035281
11
-0.006778
21
-0.025551
31
-0.035418
12
-0.006959
22
-0.025382
32
-0.035300
0
3DFACE
62
1
10
-0.008106
20
-0.025127
30
-0.035281
11
-0.006606
21
-0.025670
31
-0.035495
12
-0.006778
22
-0.025551
32
-0.035418
0
3DFACE
62
1
10
-0.008106
20
-0.025127
30
-0.035281
11
-0.006937
21
-0.024750
31
-0.034757
12
-0.006847
22
-0.024617
32
-0.034629
0
3DFACE
62
1
10
-0.008106
20
-0.025127
30
-0.035281
11
-0.006991
21
-0.024885
31
-0.034880
12
-0.006937
22
-0.024750
32
-0.034757
0
3DFACE
62
1
10
-0.008106
20
-0.025127
30
-0.035281
11
-0.007008
21
-0.024966
31
-0.034952
12
-0.006991
22
-0.024885
32
-0.034880
0
3DFACE
62
1
10
-0.008106
20
-0.025127
30
-0.035281
11
-0.007013
21
-0.025129
31
-0.035091
12
-0.007008
22
-0.024966
32
-0.034952
0
3DFACE
62
1
10
-0.008106
20
-0.025127
30
-0.035281
11
-0.006994
21
-0.025256
31
-0.035197
12
-0.007013
22
-0.025129
32
-0.035091
0
3DFACE
62
1
10
-0.008106
20
-0.025127
30
-0.035281
11
-0.006959
21
-0.025382
31
-0.035300
12
-0.006994
22
-0.025256
32
-0.035197
0
3DFACE
62
1
10
-0.008106
20
-0.025127
30
-0.035281
11
-0.009226
21
-0.021200
31
-0.032586
12
-0.009389
22
-0.021114
32
-0.032568
0
3DFACE
62
1
10
-0.008106
20
-0.025127
30
-0.035281
11
-0.009069
21
-0.021258
31
-0.032587
12
-0.009226
22
-0.021200
32
-0.032586
0
3DFACE
62
1
10
-0.008106
20
-0.025127
30
-0.035281
11
-0.008908
21
-0.021298
31
-0.032575
12
-0.009069
22
-0.021258
32
-0.032587
0
3DFACE
62
1
10
-0.008106
20
-0.025127
30
-0.035281
11
-0.008745
21
-0.021320
31
-0.032552
12
-0.008908
22
-0.021298
32
-0.032575
0
3DFACE
62
1
10
-0.004929
20
-0.030328
30
-0.040202
11
-0.004513
21
-0.029221
31
-0.038832
12
-0.011165
22
-0.029338
32
-0.039682
0
3DFACE
62
1
10
-0.004929
20
-0.030328
30
-0.040202
11
-0.011165
21
-0.029338
31
-0.039682
12
-0.009221
22
-0.032520
32
-0.043371
0
3DFACE
62
1
10
-0.004929
20
-0.030328
30
-0.040202
11
-0.002149
21
-0.032307
31
-0.042833
12
-0.001936
22
-0.032191
32
-0.042648
0
3DFACE
62
1
10
-0.004929
20
-0.030328
30
-0.040202
11
-0.002265
21
-0.032398
31
-0.042976
12
-0.002149
22
-0.032307
32
-0.042833
0
3DFACE
62
1
10
-0.004929
20
-0.030328
30
-0.040202
11
-0.002346
21
-0.032490
31
-0.043122
12
-0.002265
22
-0.032398
32
-0.042976
0
3DFACE
62
1
10
-0.004929
20
-0.030328
30
-0.040202
11
-0.002378
21
-0.032545
31
-0.043211
12
-0.002346
22
-0.032490
32
-0.043122
0
3DFACE
62
1
10
-0.004929
20
-0.030328
30
-0.040202
11
-0.002414
21
-0.032657
31
-0.043391
12
-0.002378
22
-0.032545
32
-0.043211
0
3DFACE
62
1
10
-0.004929
20
-0.030328
30
-0.040202
11
-0.009221
21
-0.032520
31
-0.043371
12
-0.002414
22
-0.032657
32
-0.043391
0
3DFACE
62
1
10
-0.004929
20
-0.030328
30
-0.040202
11
-0.004314
21
-0.029585
31
-0.039242
12
-0.004481
22
-0.029438
32
-0.039083
0
3DFACE
62
1
10
-0.004929
20
-0.030328
30
-0.040202
11
-0.004151
21
-0.029689
31
-0.039353
12
-0.004314
22
-0.029585
32
-0.039242
0
3DFACE
62
1
10
-0.004929
20
-0.030328
30
-0.040202
11
-0.003997
21
-0.029760
31
-0.039426
12
-0.004151
22
-0.029689
32
-0.039353
0
3DFACE
62
1
10
-0.004929
20
-0.030328
30
-0.040202
11
-0.003845
21
-0.029810
31
-0.039475
12
-0.003997
22
-0.029760
32
-0.039426
0
3DFACE
62
1
10
-0.004929
20
-0.030328
30
-0.040202
11
-0.003685
21
-0.029846
31
-0.039507
12
-0.003845
22
-0.029810
32
-0.039475
0
3DFACE
62
1
10
-0.004929
20
-0.030328
30
-0.040202
11
-0.001936
21
-0.032191
31
-0.042648
12
-0.003521
22
-0.029870
32
-0.039523
0
3DFACE
62
1
10
-0.004929
20
-0.030328
30
-0.040202
11
-0.003521
21
-0.029870
31
-0.039523
12
-0.003685
22
-0.029846
32
-0.039507
0
3DFACE
62
1
10
-0.004929
20
-0.030328
30
-0.040202
11
-0.004506
21
-0.029330
31
-0.038958
12
-0.004513
22
-0.029221
32
-0.038832
0
3DFACE
62
1
10
-0.004929
20
-0.030328
30
-0.040202
11
-0.004481
21
-0.029438
31
-0.039083
12
-0.004506
22
-0.029330
32
-0.038958
0
3DFACE
62
1
10
-0.022116
20
0.010825
30
-0.073031
11
-0.022075
21
0.010847
31
-0.073089
12
-0.022151
22
0.010551
32
-0.073270
0
3DFACE
62
1
10
-0.022025
20
0.010881
30
-0.073153
11
-0.022151
21
0.010551
31
-0.073270
12
-0.022075
22
0.010847
32
-0.073089
0
3DFACE
62
1
10
-0.022185
20
0.010800
30
-0.072921
11
-0.022116
21
0.010825
31
-0.073031
12
-0.022151
22
0.010551
32
-0.073270
0
3DFACE
62
1
10
-0.021955
20
0.010936
30
-0.073231
11
-0.022151
21
0.010551
31
-0.073270
12
-0.022025
22
0.010881
32
-0.073153
0
3DFACE
62
1
10
-0.021880
20
0.011004
30
-0.073303
11
-0.021986
21
0.010279
31
-0.073874
12
-0.022151
22
0.010551
32
-0.073270
0
3DFACE
62
1
10
-0.021880
20
0.011004
30
-0.073303
11
-0.022151
21
0.010551
31
-0.073270
12
-0.021955
22
0.010936
32
-0.073231
0
3DFACE
62
1
10
-0.022251
20
0.010794
30
-0.072791
11
-0.022185
21
0.010800
31
-0.072921
12
-0.022151
22
0.010551
32
-0.073270
0
3DFACE
62
1
10
-0.021797
20
0.011087
30
-0.073374
11
-0.021986
21
0.010279
31
-0.073874
12
-0.021880
22
0.011004
32
-0.073303
0
3DFACE
62
1
10
-0.022308
20
0.010807
30
-0.072657
11
-0.022251
21
0.010794
31
-0.072791
12
-0.022151
22
0.010551
32
-0.073270
0
3DFACE
62
1
10
-0.021092
20
0.011833
30
-0.073933
11
-0.021811
21
0.009993
31
-0.074468
12
-0.021986
22
0.010279
32
-0.073874
0
3DFACE
62
1
10
-0.021092
20
0.011833
30
-0.073933
11
-0.021986
21
0.010279
31
-0.073874
12
-0.021797
22
0.011087
32
-0.073374
0
3DFACE
62
1
10
-0.020080
20
0.012444
30
-0.075163
11
-0.021811
21
0.009993
31
-0.074468
12
-0.021092
22
0.011833
32
-0.073933
0
3DFACE
62
1
10
-0.020128
20
0.012522
30
-0.075005
11
-0.020080
21
0.012444
31
-0.075163
12
-0.021092
22
0.011833
32
-0.073933
0
3DFACE
62
1
10
-0.020175
20
0.012600
30
-0.074845
11
-0.020128
21
0.012522
31
-0.075005
12
-0.021092
22
0.011833
32
-0.073933
0
3DFACE
62
1
10
-0.020222
20
0.012676
30
-0.074686
11
-0.020175
21
0.012600
31
-0.074845
12
-0.021092
22
0.011833
32
-0.073933
0
3DFACE
62
1
10
0.002860
20
-0.033860
30
-0.045680
11
0.002049
21
-0.023778
31
-0.050986
12
0.002002
22
-0.023702
32
-0.050826
0
3DFACE
62
1
10
0.002860
20
-0.033860
30
-0.045680
11
0.002927
21
-0.033969
31
-0.045908
12
0.002049
22
-0.023778
32
-0.050986
0
3DFACE
62
1
10
0.002793
20
-0.033749
30
-0.045452
11
0.002002
21
-0.023702
31
-0.050826
12
0.001955
22
-0.023624
32
-0.050667
0
3DFACE
62
1
10
0.002793
20
-0.033749
30
-0.045452
11
0.002860
21
-0.033860
31
-0.045680
12
0.002002
22
-0.023702
32
-0.050826
0
3DFACE
62
1
10
0.002724
20
-0.033637
30
-0.045225
11
0.001955
21
-0.023624
31
-0.050667
12
0.001907
22
-0.023546
32
-0.050509
0
3DFACE
62
1
10
0.002724
20
-0.033637
30
-0.045225
11
0.002793
21
-0.033749
31
-0.045452
12
0.001955
22
-0.023624
32
-0.050667
0
3DFACE
62
1
10
-0.017381
20
-0.000727
30
-0.028978
11
-0.017115
21
-0.001162
31
-0.028855
12
-0.011981
22
-0.000813
32
-0.039049
0
3DFACE
62
1
10
-0.017381
20
-0.000727
30
-0.028978
11
-0.012167
21
-0.000509
31
-0.039135
12
-0.012352
22
-0.000206
32
-0.039227
0
3DFACE
62
1
10
-0.017381
20
-0.000727
30
-0.028978
11
-0.011981
21
-0.000813
31
-0.039049
12
-0.012167
22
-0.000509
32
-0.039135
0
3DFACE
62
1
10
-0.017645
20
-0.000294
30
-0.029108
11
-0.012352
21
-0.000206
31
-0.039227
12
-0.012536
22
0.000096
32
-0.039323
0
3DFACE
62
1
10
-0.017645
20
-0.000294
30
-0.029108
11
-0.017381
21
-0.000727
31
-0.028978
12
-0.012352
22
-0.000206
32
-0.039227
0
3DFACE
62
1
10
-0.017909
20
0.000137
30
-0.029246
11
-0.017645
21
-0.000294
31
-0.029108
12
-0.012536
22
0.000096
32
-0.039323
0
3DFACE
62
1
10
-0.014774
20
-0.001525
30
-0.040694
11
-0.014706
21
-0.000572
31
-0.040642
12
-0.014898
22
-0.000616
32
-0.040760
0
3DFACE
62
1
10
-0.014774
20
-0.001525
30
-0.040694
11
-0.014898
21
-0.000616
31
-0.040760
12
-0.015032
22
-0.000620
32
-0.040843
0
3DFACE
62
1
10
-0.014774
20
-0.001525
30
-0.040694
11
-0.015032
21
-0.000620
31
-0.040843
12
-0.015142
22
-0.000601
32
-0.040913
0
3DFACE
62
1
10
-0.014774
20
-0.001525
30
-0.040694
11
-0.015142
21
-0.000601
31
-0.040913
12
-0.015246
22
-0.000562
32
-0.040979
0
3DFACE
62
1
10
-0.014774
20
-0.001525
30
-0.040694
11
-0.015246
21
-0.000562
31
-0.040979
12
-0.015353
22
-0.000498
32
-0.041047
0
3DFACE
62
1
10
-0.014774
20
-0.001525
30
-0.040694
11
-0.015353
21
-0.000498
31
-0.041047
12
-0.015452
22
-0.000416
32
-0.041112
0
3DFACE
62
1
10
-0.013850
20
-0.000264
30
-0.040117
11
-0.014706
21
-0.000572
31
-0.040642
12
-0.014774
22
-0.001525
32
-0.040694
0
3DFACE
62
1
10
-0.014085
20
-0.002653
30
-0.040354
11
-0.013850
21
-0.000264
31
-0.040117
12
-0.014774
22
-0.001525
32
-0.040694
0
3DFACE
62
1
10
-0.013439
20
-0.003379
30
-0.040071
11
-0.013428
21
-0.003307
31
-0.040058
12
-0.014085
22
-0.002653
32
-0.040354
0
3DFACE
62
1
10
-0.013408
20
-0.003223
30
-0.040038
11
-0.014085
21
-0.002653
31
-0.040354
12
-0.013428
22
-0.003307
32
-0.040058
0
3DFACE
62
1
10
-0.013442
20
-0.003510
30
-0.040088
11
-0.013439
21
-0.003379
31
-0.040071
12
-0.014085
22
-0.002653
32
-0.040354
0
3DFACE
62
1
10
-0.013370
20
-0.003116
30
-0.040006
11
-0.014085
21
-0.002653
31
-0.040354
12
-0.013408
22
-0.003223
32
-0.040038
0
3DFACE
62
1
10
-0.013319
20
-0.003009
30
-0.039968
11
-0.014085
21
-0.002653
31
-0.040354
12
-0.013370
22
-0.003116
32
-0.040006
0
3DFACE
62
1
10
-0.013424
20
-0.003654
30
-0.040095
11
-0.013442
21
-0.003510
31
-0.040088
12
-0.014085
22
-0.002653
32
-0.040354
0
3DFACE
62
1
10
-0.013254
20
-0.002898
30
-0.039922
11
-0.014085
21
-0.002653
31
-0.040354
12
-0.013319
22
-0.003009
32
-0.039968
0
3DFACE
62
1
10
-0.013387
20
-0.003796
30
-0.040093
11
-0.013424
21
-0.003654
31
-0.040095
12
-0.014085
22
-0.002653
32
-0.040354
0
3DFACE
62
1
10
-0.012651
20
-0.001986
30
-0.039511
11
-0.013850
21
-0.000264
31
-0.040117
12
-0.014085
22
-0.002653
32
-0.040354
0
3DFACE
62
1
10
-0.012651
20
-0.001986
30
-0.039511
11
-0.014085
21
-0.002653
31
-0.040354
12
-0.013254
22
-0.002898
32
-0.039922
0
3DFACE
62
1
10
-0.012352
20
-0.000206
30
-0.039227
11
-0.012536
21
0.000096
31
-0.039323
12
-0.013850
22
-0.000264
32
-0.040117
0
3DFACE
62
1
10
-0.012352
20
-0.000206
30
-0.039227
11
-0.013850
21
-0.000264
31
-0.040117
12
-0.012651
22
-0.001986
32
-0.039511
0
3DFACE
62
1
10
-0.012167
20
-0.000509
30
-0.039135
11
-0.012352
21
-0.000206
31
-0.039227
12
-0.012651
22
-0.001986
32
-0.039511
0
3DFACE
62
1
10
-0.011981
20
-0.000813
30
-0.039049
11
-0.012167
21
-0.000509
31
-0.039135
12
-0.012651
22
-0.001986
32
-0.039511
0
3DFACE
62
1
10
-0.014062
20
-0.006159
30
-0.028003
11
-0.013790
21
-0.006605
31
-0.027976
12
-0.009653
22
-0.004624
32
-0.038434
0
3DFACE
62
1
10
-0.014062
20
-0.006159
30
-0.028003
11
-0.009653
21
-0.004624
31
-0.038434
12
-0.009844
22
-0.004311
32
-0.038453
0
3DFACE
62
1
10
-0.014335
20
-0.005713
30
-0.028038
11
-0.009844
21
-0.004311
31
-0.038453
12
-0.010034
22
-0.003999
32
-0.038478
0
3DFACE
62
1
10
-0.014335
20
-0.005713
30
-0.028038
11
-0.014062
21
-0.006159
31
-0.028003
12
-0.009844
22
-0.004311
32
-0.038453
0
3DFACE
62
1
10
-0.014607
20
-0.005268
30
-0.028081
11
-0.010034
21
-0.003999
31
-0.038478
12
-0.010225
22
-0.003687
32
-0.038508
0
3DFACE
62
1
10
-0.014607
20
-0.005268
30
-0.028081
11
-0.014335
21
-0.005713
31
-0.028038
12
-0.010034
22
-0.003999
32
-0.038478
0
3DFACE
62
1
10
-0.012596
20
-0.005090
30
-0.039895
11
-0.012517
21
-0.004156
31
-0.039701
12
-0.012719
22
-0.004183
32
-0.039806
0
3DFACE
62
1
10
-0.012596
20
-0.005090
30
-0.039895
11
-0.012719
21
-0.004183
31
-0.039806
12
-0.012860
22
-0.004174
32
-0.039875
0
3DFACE
62
1
10
-0.012596
20
-0.005090
30
-0.039895
11
-0.012860
21
-0.004174
31
-0.039875
12
-0.012977
22
-0.004146
32
-0.039930
0
3DFACE
62
1
10
-0.012596
20
-0.005090
30
-0.039895
11
-0.012977
21
-0.004146
31
-0.039930
12
-0.013086
22
-0.004098
32
-0.039978
0
3DFACE
62
1
10
-0.012596
20
-0.005090
30
-0.039895
11
-0.013086
21
-0.004098
31
-0.039978
12
-0.013199
22
-0.004025
32
-0.040026
0
3DFACE
62
1
10
-0.012596
20
-0.005090
30
-0.039895
11
-0.013199
21
-0.004025
31
-0.040026
12
-0.013302
22
-0.003934
32
-0.040067
0
3DFACE
62
1
10
-0.011611
20
-0.003928
30
-0.039218
11
-0.012517
21
-0.004156
31
-0.039701
12
-0.012596
22
-0.005090
32
-0.039895
0
3DFACE
62
1
10
-0.011887
20
-0.006252
30
-0.039803
11
-0.011611
21
-0.003928
31
-0.039218
12
-0.012596
22
-0.005090
32
-0.039895
0
3DFACE
62
1
10
-0.011222
20
-0.007009
30
-0.039701
11
-0.011209
21
-0.006939
31
-0.039678
12
-0.011887
22
-0.006252
32
-0.039803
0
3DFACE
62
1
10
-0.011187
20
-0.006859
30
-0.039647
11
-0.011887
21
-0.006252
31
-0.039803
12
-0.011209
22
-0.006939
32
-0.039678
0
3DFACE
62
1
10
-0.011227
20
-0.007135
30
-0.039738
11
-0.011222
21
-0.007009
31
-0.039701
12
-0.011887
22
-0.006252
32
-0.039803
0
3DFACE
62
1
10
-0.011145
20
-0.006758
30
-0.039603
11
-0.011887
21
-0.006252
31
-0.039803
12
-0.011187
22
-0.006859
32
-0.039647
0
3DFACE
62
1
10
-0.011090
20
-0.006659
30
-0.039554
11
-0.011887
21
-0.006252
31
-0.039803
12
-0.011145
22
-0.006758
32
-0.039603
0
3DFACE
62
1
10
-0.011211
20
-0.007277
30
-0.039769
11
-0.011227
21
-0.007135
31
-0.039738
12
-0.011887
22
-0.006252
32
-0.039803
0
3DFACE
62
1
10
-0.011019
20
-0.006555
30
-0.039497
11
-0.011887
21
-0.006252
31
-0.039803
12
-0.011090
22
-0.006659
32
-0.039554
0
3DFACE
62
1
10
-0.011175
20
-0.007416
30
-0.039793
11
-0.011211
21
-0.007277
31
-0.039769
12
-0.011887
22
-0.006252
32
-0.039803
0
3DFACE
62
1
10
-0.010373
20
-0.005714
30
-0.039007
11
-0.011611
21
-0.003928
31
-0.039218
12
-0.011887
22
-0.006252
32
-0.039803
0
3DFACE
62
1
10
-0.010373
20
-0.005714
30
-0.039007
11
-0.011887
21
-0.006252
31
-0.039803
12
-0.011019
22
-0.006555
32
-0.039497
0
3DFACE
62
1
10
-0.010034
20
-0.003999
30
-0.038478
11
-0.010225
21
-0.003687
31
-0.038508
12
-0.011611
22
-0.003928
32
-0.039218
0
3DFACE
62
1
10
-0.010034
20
-0.003999
30
-0.038478
11
-0.011611
21
-0.003928
31
-0.039218
12
-0.010373
22
-0.005714
32
-0.039007
0
3DFACE
62
1
10
-0.009844
20
-0.004311
30
-0.038453
11
-0.010034
21
-0.003999
31
-0.038478
12
-0.010373
22
-0.005714
32
-0.039007
0
3DFACE
62
1
10
-0.009653
20
-0.004624
30
-0.038434
11
-0.009844
21
-0.004311
31
-0.038453
12
-0.010373
22
-0.005714
32
-0.039007
0
3DFACE
62
1
10
-0.010707
20
-0.011651
30
-0.028215
11
-0.010437
21
-0.012094
31
-0.028284
12
-0.007306
22
-0.008466
32
-0.038650
0
3DFACE
62
1
10
-0.010707
20
-0.011651
30
-0.028215
11
-0.007306
21
-0.008466
31
-0.038650
12
-0.007495
22
-0.008156
32
-0.038601
0
3DFACE
62
1
10
-0.010978
20
-0.011207
30
-0.028154
11
-0.007495
21
-0.008156
31
-0.038601
12
-0.007685
22
-0.007845
32
-0.038558
0
3DFACE
62
1
10
-0.010978
20
-0.011207
30
-0.028154
11
-0.010707
21
-0.011651
31
-0.028215
12
-0.007495
22
-0.008156
32
-0.038601
0
3DFACE
62
1
10
-0.011250
20
-0.010763
30
-0.028100
11
-0.007685
21
-0.007845
31
-0.038558
12
-0.007875
22
-0.007534
32
-0.038521
0
3DFACE
62
1
10
-0.011250
20
-0.010763
30
-0.028100
11
-0.010978
21
-0.011207
31
-0.028154
12
-0.007685
22
-0.007845
32
-0.038558
0
3DFACE
62
1
10
-0.010379
20
-0.008719
30
-0.039877
11
-0.010274
21
-0.007827
31
-0.039548
12
-0.010485
22
-0.007838
32
-0.039635
0
3DFACE
62
1
10
-0.010379
20
-0.008719
30
-0.039877
11
-0.010485
21
-0.007838
31
-0.039635
12
-0.010632
22
-0.007820
32
-0.039689
0
3DFACE
62
1
10
-0.010379
20
-0.008719
30
-0.039877
11
-0.010632
21
-0.007820
31
-0.039689
12
-0.010754
22
-0.007785
32
-0.039727
0
3DFACE
62
1
10
-0.010379
20
-0.008719
30
-0.039877
11
-0.010754
21
-0.007785
31
-0.039727
12
-0.010867
22
-0.007730
32
-0.039757
0
3DFACE
62
1
10
-0.010379
20
-0.008719
30
-0.039877
11
-0.010867
21
-0.007730
31
-0.039757
12
-0.010983
22
-0.007651
32
-0.039781
0
3DFACE
62
1
10
-0.010379
20
-0.008719
30
-0.039877
11
-0.010983
21
-0.007651
31
-0.039781
12
-0.011089
22
-0.007557
32
-0.039797
0
3DFACE
62
1
10
-0.009325
20
-0.007670
30
-0.039124
11
-0.010274
21
-0.007827
31
-0.039548
12
-0.010379
22
-0.008719
32
-0.039877
0
3DFACE
62
1
10
-0.009673
20
-0.009876
30
-0.040037
11
-0.009325
21
-0.007670
31
-0.039124
12
-0.010379
22
-0.008719
32
-0.039877
0
3DFACE
62
1
10
-0.009007
20
-0.010634
30
-0.040119
11
-0.008992
21
-0.010569
31
-0.040086
12
-0.009673
22
-0.009876
32
-0.040037
0
3DFACE
62
1
10
-0.008966
20
-0.010495
30
-0.040046
11
-0.009673
21
-0.009876
31
-0.040037
12
-0.008992
22
-0.010569
32
-0.040086
0
3DFACE
62
1
10
-0.009017
20
-0.010754
30
-0.040174
11
-0.009007
21
-0.010634
31
-0.040119
12
-0.009673
22
-0.009876
32
-0.040037
0
3DFACE
62
1
10
-0.008919
20
-0.010402
30
-0.039991
11
-0.009673
21
-0.009876
31
-0.040037
12
-0.008966
22
-0.010495
32
-0.040046
0
3DFACE
62
1
10
-0.008859
20
-0.010311
30
-0.039932
11
-0.009673
21
-0.009876
31
-0.040037
12
-0.008919
22
-0.010402
32
-0.039991
0
3DFACE
62
1
10
-0.009005
20
-0.010888
30
-0.040229
11
-0.009017
21
-0.010754
31
-0.040174
12
-0.009673
22
-0.009876
32
-0.040037
0
3DFACE
62
1
10
-0.008782
20
-0.010217
30
-0.039867
11
-0.009673
21
-0.009876
31
-0.040037
12
-0.008859
22
-0.010311
32
-0.039932
0
3DFACE
62
1
10
-0.008972
20
-0.011022
30
-0.040278
11
-0.009005
21
-0.010888
31
-0.040229
12
-0.009673
22
-0.009876
32
-0.040037
0
3DFACE
62
1
10
-0.008085
20
-0.009458
30
-0.039315
11
-0.009325
21
-0.007670
31
-0.039124
12
-0.009673
22
-0.009876
32
-0.040037
0
3DFACE
62
1
10
-0.008085
20
-0.009458
30
-0.039315
11
-0.009673
21
-0.009876
31
-0.040037
12
-0.008782
22
-0.010217
32
-0.039867
0
3DFACE
62
1
10
-0.007685
20
-0.007845
30
-0.038558
11
-0.007875
21
-0.007534
31
-0.038521
12
-0.009325
22
-0.007670
32
-0.039124
0
3DFACE
62
1
10
-0.007685
20
-0.007845
30
-0.038558
11
-0.009325
21
-0.007670
31
-0.039124
12
-0.008085
22
-0.009458
32
-0.039315
0
3DFACE
62
1
10
-0.007495
20
-0.008156
30
-0.038601
11
-0.007685
21
-0.007845
31
-0.038558
12
-0.008085
22
-0.009458
32
-0.039315
0
3DFACE
62
1
10
-0.007306
20
-0.008466
30
-0.038650
11
-0.007495
21
-0.008156
31
-0.038601
12
-0.008085
22
-0.009458
32
-0.039315
0
3DFACE
62
1
10
-0.007429
20
-0.017016
30
-0.029606
11
-0.007170
21
-0.017441
31
-0.029769
12
-0.005019
22
-0.012209
32
-0.039689
0
3DFACE
62
1
10
-0.007429
20
-0.017016
30
-0.029606
11
-0.005019
21
-0.012209
31
-0.039689
12
-0.005201
22
-0.011911
32
-0.039575
0
3DFACE
62
1
10
-0.007690
20
-0.016590
30
-0.029450
11
-0.005201
21
-0.011911
31
-0.039575
12
-0.005383
22
-0.011613
32
-0.039466
0
3DFACE
62
1
10
-0.007690
20
-0.016590
30
-0.029450
11
-0.007429
21
-0.017016
31
-0.029606
12
-0.005201
22
-0.011911
32
-0.039575
0
3DFACE
62
1
10
-0.007952
20
-0.016161
30
-0.029301
11
-0.005383
21
-0.011613
31
-0.039466
12
-0.005566
22
-0.011313
32
-0.039362
0
3DFACE
62
1
10
-0.007952
20
-0.016161
30
-0.029301
11
-0.007690
21
-0.016590
31
-0.029450
12
-0.005383
22
-0.011613
32
-0.039466
0
3DFACE
62
1
10
-0.008198
20
-0.012290
30
-0.040641
11
-0.008055
21
-0.011460
31
-0.040187
12
-0.008274
22
-0.011458
32
-0.040255
0
3DFACE
62
1
10
-0.008198
20
-0.012290
30
-0.040641
11
-0.008274
21
-0.011458
31
-0.040255
12
-0.008425
22
-0.011433
32
-0.040291
0
3DFACE
62
1
10
-0.008198
20
-0.012290
30
-0.040641
11
-0.008425
21
-0.011433
31
-0.040291
12
-0.008549
22
-0.011393
32
-0.040311
0
3DFACE
62
1
10
-0.008198
20
-0.012290
30
-0.040641
11
-0.008549
21
-0.011393
31
-0.040311
12
-0.008665
22
-0.011335
32
-0.040321
0
3DFACE
62
1
10
-0.008198
20
-0.012290
30
-0.040641
11
-0.008665
21
-0.011335
31
-0.040321
12
-0.008782
22
-0.011255
32
-0.040321
0
3DFACE
62
1
10
-0.008198
20
-0.012290
30
-0.040641
11
-0.008782
21
-0.011255
31
-0.040321
12
-0.008888
22
-0.011160
32
-0.040312
0
3DFACE
62
1
10
-0.007068
20
-0.011364
30
-0.039837
11
-0.008055
21
-0.011460
31
-0.040187
12
-0.008198
22
-0.012290
32
-0.040641
0
3DFACE
62
1
10
-0.007519
20
-0.013402
30
-0.041047
11
-0.007068
21
-0.011364
31
-0.039837
12
-0.008198
22
-0.012290
32
-0.040641
0
3DFACE
62
1
10
-0.006869
20
-0.014133
30
-0.041311
11
-0.006851
21
-0.014073
31
-0.041270
12
-0.007519
22
-0.013402
32
-0.041047
0
3DFACE
62
1
10
-0.006820
20
-0.014006
30
-0.041221
11
-0.007519
21
-0.013402
31
-0.041047
12
-0.006851
22
-0.014073
32
-0.041270
0
3DFACE
62
1
10
-0.006886
20
-0.014242
30
-0.041383
11
-0.006869
21
-0.014133
31
-0.041311
12
-0.007519
22
-0.013402
32
-0.041047
0
3DFACE
62
1
10
-0.006768
20
-0.013923
30
-0.041156
11
-0.007519
21
-0.013402
31
-0.041047
12
-0.006820
22
-0.014006
32
-0.041221
0
3DFACE
62
1
10
-0.006702
20
-0.013841
30
-0.041090
11
-0.007519
21
-0.013402
31
-0.041047
12
-0.006768
22
-0.013923
32
-0.041156
0
3DFACE
62
1
10
-0.006880
20
-0.014366
30
-0.041459
11
-0.006886
21
-0.014242
31
-0.041383
12
-0.007519
22
-0.013402
32
-0.041047
0
3DFACE
62
1
10
-0.006619
20
-0.013759
30
-0.041018
11
-0.007519
21
-0.013402
31
-0.041047
12
-0.006702
22
-0.013841
32
-0.041090
0
3DFACE
62
1
10
-0.006853
20
-0.014491
30
-0.041530
11
-0.006880
21
-0.014366
31
-0.041459
12
-0.007519
22
-0.013402
32
-0.041047
0
3DFACE
62
1
10
-0.005866
20
-0.013091
30
-0.040424
11
-0.007068
21
-0.011364
31
-0.039837
12
-0.007519
22
-0.013402
32
-0.041047
0
3DFACE
62
1
10
-0.005866
20
-0.013091
30
-0.040424
11
-0.007519
21
-0.013402
31
-0.041047
12
-0.006619
22
-0.013759
32
-0.041018
0
3DFACE
62
1
10
-0.005383
20
-0.011613
30
-0.039466
11
-0.005566
21
-0.011313
31
-0.039362
12
-0.007068
22
-0.011364
32
-0.039837
0
3DFACE
62
1
10
-0.005383
20
-0.011613
30
-0.039466
11
-0.007068
21
-0.011364
31
-0.039837
12
-0.005866
22
-0.013091
32
-0.040424
0
3DFACE
62
1
10
-0.005201
20
-0.011911
30
-0.039575
11
-0.005383
21
-0.011613
31
-0.039466
12
-0.005866
22
-0.013091
32
-0.040424
0
3DFACE
62
1
10
-0.005019
20
-0.012209
30
-0.039689
11
-0.005201
21
-0.011911
31
-0.039575
12
-0.005866
22
-0.013091
32
-0.040424
0
3DFACE
62
1
10
-0.004341
20
-0.022072
30
-0.032128
11
-0.004101
21
-0.022464
31
-0.032380
12
-0.002871
22
-0.015725
32
-0.041517
0
3DFACE
62
1
10
-0.004341
20
-0.022072
30
-0.032128
11
-0.003039
21
-0.015451
31
-0.041341
12
-0.003207
22
-0.015174
32
-0.041169
0
3DFACE
62
1
10
-0.004341
20
-0.022072
30
-0.032128
11
-0.002871
21
-0.015725
31
-0.041517
12
-0.003039
22
-0.015451
32
-0.041341
0
3DFACE
62
1
10
-0.004582
20
-0.021677
30
-0.031883
11
-0.003207
21
-0.015174
31
-0.041169
12
-0.003378
22
-0.014896
32
-0.041002
0
3DFACE
62
1
10
-0.004582
20
-0.021677
30
-0.031883
11
-0.004341
21
-0.022072
31
-0.032128
12
-0.003207
22
-0.015174
32
-0.041169
0
3DFACE
62
1
10
-0.004825
20
-0.021279
30
-0.031645
11
-0.004582
21
-0.021677
31
-0.031883
12
-0.003378
22
-0.014896
32
-0.041002
0
3DFACE
62
1
10
-0.006127
20
-0.015680
30
-0.042160
11
-0.005935
21
-0.014930
31
-0.041598
12
-0.006159
22
-0.014920
32
-0.041644
0
3DFACE
62
1
10
-0.006127
20
-0.015680
30
-0.042160
11
-0.006159
21
-0.014920
31
-0.041644
12
-0.006313
22
-0.014891
32
-0.041660
0
3DFACE
62
1
10
-0.006127
20
-0.015680
30
-0.042160
11
-0.006313
21
-0.014891
31
-0.041660
12
-0.006438
22
-0.014849
32
-0.041662
0
3DFACE
62
1
10
-0.006127
20
-0.015680
30
-0.042160
11
-0.006438
21
-0.014849
31
-0.041662
12
-0.006554
22
-0.014791
32
-0.041651
0
3DFACE
62
1
10
-0.006127
20
-0.015680
30
-0.042160
11
-0.006554
21
-0.014791
31
-0.041651
12
-0.006670
22
-0.014712
32
-0.041628
0
3DFACE
62
1
10
-0.006127
20
-0.015680
30
-0.042160
11
-0.006670
21
-0.014712
31
-0.041628
12
-0.006774
22
-0.014620
32
-0.041594
0
3DFACE
62
1
10
-0.004919
20
-0.014883
30
-0.041333
11
-0.005935
21
-0.014930
31
-0.041598
12
-0.006127
22
-0.015680
32
-0.042160
0
3DFACE
62
1
10
-0.005498
20
-0.016709
30
-0.042800
11
-0.004919
21
-0.014883
31
-0.041333
12
-0.006127
22
-0.015680
32
-0.042160
0
3DFACE
62
1
10
-0.004883
20
-0.017385
30
-0.043235
11
-0.004860
21
-0.017333
31
-0.043187
12
-0.005498
22
-0.016709
32
-0.042800
0
3DFACE
62
1
10
-0.004824
20
-0.017274
30
-0.043132
11
-0.005498
21
-0.016709
31
-0.042800
12
-0.004860
22
-0.017333
32
-0.043187
0
3DFACE
62
1
10
-0.004907
20
-0.017482
30
-0.043321
11
-0.004883
21
-0.017385
31
-0.043235
12
-0.005498
22
-0.016709
32
-0.042800
0
3DFACE
62
1
10
-0.004765
20
-0.017201
30
-0.043060
11
-0.005498
21
-0.016709
31
-0.042800
12
-0.004824
22
-0.017274
32
-0.043132
0
3DFACE
62
1
10
-0.004693
20
-0.017130
30
-0.042989
11
-0.005498
21
-0.016709
31
-0.042800
12
-0.004765
22
-0.017201
32
-0.043060
0
3DFACE
62
1
10
-0.004909
20
-0.017592
30
-0.043416
11
-0.004907
21
-0.017482
31
-0.043321
12
-0.005498
22
-0.016709
32
-0.042800
0
3DFACE
62
1
10
-0.004602
20
-0.017059
30
-0.042913
11
-0.005498
21
-0.016709
31
-0.042800
12
-0.004693
22
-0.017130
32
-0.042989
0
3DFACE
62
1
10
-0.004890
20
-0.017704
30
-0.043509
11
-0.004909
21
-0.017592
31
-0.043416
12
-0.005498
22
-0.016709
32
-0.042800
0
3DFACE
62
1
10
-0.003791
20
-0.016487
30
-0.042297
11
-0.004919
21
-0.014883
31
-0.041333
12
-0.005498
22
-0.016709
32
-0.042800
0
3DFACE
62
1
10
-0.003791
20
-0.016487
30
-0.042297
11
-0.005498
21
-0.016709
31
-0.042800
12
-0.004602
22
-0.017059
32
-0.042913
0
3DFACE
62
1
10
-0.003207
20
-0.015174
30
-0.041169
11
-0.003378
21
-0.014896
31
-0.041002
12
-0.004919
22
-0.014883
32
-0.041333
0
3DFACE
62
1
10
-0.003207
20
-0.015174
30
-0.041169
11
-0.004919
21
-0.014883
31
-0.041333
12
-0.003791
22
-0.016487
32
-0.042297
0
3DFACE
62
1
10
-0.003039
20
-0.015451
30
-0.041341
11
-0.003207
21
-0.015174
31
-0.041169
12
-0.003791
22
-0.016487
32
-0.042297
0
3DFACE
62
1
10
-0.002871
20
-0.015725
30
-0.041517
11
-0.003039
21
-0.015451
31
-0.041341
12
-0.003791
22
-0.016487
32
-0.042297
0
3DFACE
62
1
10
-0.001546
20
-0.026647
30
-0.035696
11
-0.001335
21
-0.026992
31
-0.036028
12
-0.000935
22
-0.018894
32
-0.044071
0
3DFACE
62
1
10
-0.001546
20
-0.026647
30
-0.035696
11
-0.000935
21
-0.018894
31
-0.044071
12
-0.001082
22
-0.018653
32
-0.043838
0
3DFACE
62
1
10
-0.001760
20
-0.026297
30
-0.035370
11
-0.001082
21
-0.018653
31
-0.043838
12
-0.001232
22
-0.018408
32
-0.043610
0
3DFACE
62
1
10
-0.001760
20
-0.026297
30
-0.035370
11
-0.001546
21
-0.026647
31
-0.035696
12
-0.001082
22
-0.018653
32
-0.043838
0
3DFACE
62
1
10
-0.001976
20
-0.025943
30
-0.035050
11
-0.001232
21
-0.018408
31
-0.043610
12
-0.001383
22
-0.018160
32
-0.043386
0
3DFACE
62
1
10
-0.001976
20
-0.025943
30
-0.035050
11
-0.001760
21
-0.026297
31
-0.035370
12
-0.001232
22
-0.018408
32
-0.043610
0
3DFACE
62
1
10
-0.004237
20
-0.018774
30
-0.044384
11
-0.003986
21
-0.018120
31
-0.043732
12
-0.004213
22
-0.018105
32
-0.043754
0
3DFACE
62
1
10
-0.004237
20
-0.018774
30
-0.044384
11
-0.004213
21
-0.018105
31
-0.043754
12
-0.004368
22
-0.018074
32
-0.043751
0
3DFACE
62
1
10
-0.004237
20
-0.018774
30
-0.044384
11
-0.004368
21
-0.018074
31
-0.043751
12
-0.004492
22
-0.018034
32
-0.043734
0
3DFACE
62
1
10
-0.004237
20
-0.018774
30
-0.044384
11
-0.004492
21
-0.018034
31
-0.043734
12
-0.004606
22
-0.017979
32
-0.043704
0
3DFACE
62
1
10
-0.004237
20
-0.018774
30
-0.044384
11
-0.004606
21
-0.017979
31
-0.043704
12
-0.004719
22
-0.017906
32
-0.043657
0
3DFACE
62
1
10
-0.004237
20
-0.018774
30
-0.044384
11
-0.004719
21
-0.017906
31
-0.043657
12
-0.004818
22
-0.017821
32
-0.043599
0
3DFACE
62
1
10
-0.002949
20
-0.018107
30
-0.043562
11
-0.003986
21
-0.018120
31
-0.043732
12
-0.004237
22
-0.018774
32
-0.044384
0
3DFACE
62
1
10
-0.003680
20
-0.019685
30
-0.045234
11
-0.002949
21
-0.018107
31
-0.043562
12
-0.004237
22
-0.018774
32
-0.044384
0
3DFACE
62
1
10
-0.003114
20
-0.020280
30
-0.045827
11
-0.003086
21
-0.020235
31
-0.045774
12
-0.003680
22
-0.019685
32
-0.045234
0
3DFACE
62
1
10
-0.003045
20
-0.020186
30
-0.045714
11
-0.003680
21
-0.019685
31
-0.045234
12
-0.003086
22
-0.020235
32
-0.045774
0
3DFACE
62
1
10
-0.003147
20
-0.020362
30
-0.045925
11
-0.003114
21
-0.020280
31
-0.045827
12
-0.003680
22
-0.019685
32
-0.045234
0
3DFACE
62
1
10
-0.002979
20
-0.020124
30
-0.045637
11
-0.003680
21
-0.019685
31
-0.045234
12
-0.003045
22
-0.020186
32
-0.045714
0
3DFACE
62
1
10
-0.002899
20
-0.020066
30
-0.045563
11
-0.003680
21
-0.019685
31
-0.045234
12
-0.002979
22
-0.020124
32
-0.045637
0
3DFACE
62
1
10
-0.003160
20
-0.020457
30
-0.046035
11
-0.003147
21
-0.020362
31
-0.045925
12
-0.003680
22
-0.019685
32
-0.045234
0
3DFACE
62
1
10
-0.002802
20
-0.020006
30
-0.045487
11
-0.003680
21
-0.019685
31
-0.045234
12
-0.002899
22
-0.020066
32
-0.045563
0
3DFACE
62
1
10
-0.003150
20
-0.020552
30
-0.046146
11
-0.003160
21
-0.020457
31
-0.046035
12
-0.003680
22
-0.019685
32
-0.045234
0
3DFACE
62
1
10
-0.001931
20
-0.019532
30
-0.044868
11
-0.002949
21
-0.018107
31
-0.043562
12
-0.003680
22
-0.019685
32
-0.045234
0
3DFACE
62
1
10
-0.001931
20
-0.019532
30
-0.044868
11
-0.003680
21
-0.019685
31
-0.045234
12
-0.002802
22
-0.020006
32
-0.045487
0
3DFACE
62
1
10
-0.001232
20
-0.018408
30
-0.043610
11
-0.001383
21
-0.018160
31
-0.043386
12
-0.002949
22
-0.018107
32
-0.043562
0
3DFACE
62
1
10
-0.001232
20
-0.018408
30
-0.043610
11
-0.002949
21
-0.018107
31
-0.043562
12
-0.001931
22
-0.019532
32
-0.044868
0
3DFACE
62
1
10
-0.001082
20
-0.018653
30
-0.043838
11
-0.001232
21
-0.018408
31
-0.043610
12
-0.001931
22
-0.019532
32
-0.044868
0
3DFACE
62
1
10
-0.000935
20
-0.018894
30
-0.044071
11
-0.001082
21
-0.018653
31
-0.043838
12
-0.001931
22
-0.019532
32
-0.044868
0
3DFACE
62
1
10
0.000859
20
-0.030584
30
-0.040189
11
0.001035
21
-0.030871
31
-0.040590
12
0.000724
22
-0.021610
32
-0.047263
0
3DFACE
62
1
10
0.000859
20
-0.030584
30
-0.040189
11
0.000724
21
-0.021610
31
-0.047263
12
0.000601
22
-0.021408
32
-0.046983
0
3DFACE
62
1
10
0.000680
20
-0.030291
30
-0.039793
11
0.000601
21
-0.021408
31
-0.046983
12
0.000476
22
-0.021204
32
-0.046706
0
3DFACE
62
1
10
0.000680
20
-0.030291
30
-0.039793
11
0.000859
21
-0.030584
31
-0.040189
12
0.000601
22
-0.021408
32
-0.046983
0
3DFACE
62
1
10
0.000498
20
-0.029993
30
-0.039402
11
0.000476
21
-0.021204
31
-0.046706
12
0.000349
22
-0.020995
32
-0.046432
0
3DFACE
62
1
10
0.000498
20
-0.029993
30
-0.039402
11
0.000680
21
-0.030291
31
-0.039793
12
0.000476
22
-0.021204
32
-0.046706
0
3DFACE
62
1
10
-0.002592
20
-0.021466
30
-0.047236
11
-0.002275
21
-0.020921
31
-0.046517
12
-0.002503
22
-0.020904
32
-0.046514
0
3DFACE
62
1
10
-0.002592
20
-0.021466
30
-0.047236
11
-0.002503
21
-0.020904
31
-0.046514
12
-0.002657
22
-0.020876
32
-0.046492
0
3DFACE
62
1
10
-0.002592
20
-0.021466
30
-0.047236
11
-0.002657
21
-0.020876
31
-0.046492
12
-0.002778
22
-0.020839
32
-0.046457
0
3DFACE
62
1
10
-0.002592
20
-0.021466
30
-0.047236
11
-0.002778
21
-0.020839
31
-0.046457
12
-0.002888
22
-0.020791
32
-0.046407
0
3DFACE
62
1
10
-0.002592
20
-0.021466
30
-0.047236
11
-0.002888
21
-0.020791
31
-0.046407
12
-0.002995
22
-0.020727
32
-0.046339
0
3DFACE
62
1
10
-0.002592
20
-0.021466
30
-0.047236
11
-0.002995
21
-0.020727
31
-0.046339
12
-0.003088
22
-0.020653
32
-0.046260
0
3DFACE
62
1
10
-0.001226
20
-0.020927
30
-0.046447
11
-0.002275
21
-0.020921
31
-0.046517
12
-0.002592
22
-0.021466
32
-0.047236
0
3DFACE
62
1
10
-0.002126
20
-0.022229
30
-0.048268
11
-0.001226
21
-0.020927
31
-0.046447
12
-0.002592
22
-0.021466
32
-0.047236
0
3DFACE
62
1
10
-0.001624
20
-0.022719
30
-0.048998
11
-0.001591
21
-0.022683
31
-0.048942
12
-0.002126
22
-0.022229
32
-0.048268
0
3DFACE
62
1
10
-0.001544
20
-0.022643
30
-0.048879
11
-0.002126
21
-0.022229
31
-0.048268
12
-0.001591
22
-0.022683
32
-0.048942
0
3DFACE
62
1
10
-0.001667
20
-0.022785
30
-0.049104
11
-0.001624
21
-0.022719
31
-0.048998
12
-0.002126
22
-0.022229
32
-0.048268
0
3DFACE
62
1
10
-0.001470
20
-0.022594
30
-0.048800
11
-0.002126
21
-0.022229
31
-0.048268
12
-0.001544
22
-0.022643
32
-0.048879
0
3DFACE
62
1
10
-0.001383
20
-0.022547
30
-0.048726
11
-0.002126
21
-0.022229
31
-0.048268
12
-0.001470
22
-0.022594
32
-0.048800
0
3DFACE
62
1
10
-0.001690
20
-0.022861
30
-0.049226
11
-0.001667
21
-0.022785
31
-0.049104
12
-0.002126
22
-0.022229
32
-0.048268
0
3DFACE
62
1
10
-0.001278
20
-0.022500
30
-0.048651
11
-0.002126
21
-0.022229
31
-0.048268
12
-0.001383
22
-0.022547
32
-0.048726
0
3DFACE
62
1
10
-0.001693
20
-0.022938
30
-0.049351
11
-0.001690
21
-0.022861
31
-0.049226
12
-0.002126
22
-0.022229
32
-0.048268
0
3DFACE
62
1
10
-0.000349
20
-0.022122
30
-0.048052
11
-0.001226
21
-0.020927
31
-0.046447
12
-0.002126
22
-0.022229
32
-0.048268
0
3DFACE
62
1
10
-0.000349
20
-0.022122
30
-0.048052
11
-0.002126
21
-0.022229
31
-0.048268
12
-0.001278
22
-0.022500
32
-0.048651
0
3DFACE
62
1
10
0.000476
20
-0.021204
30
-0.046706
11
0.000349
21
-0.020995
31
-0.046432
12
-0.001226
22
-0.020927
32
-0.046447
0
3DFACE
62
1
10
0.000476
20
-0.021204
30
-0.046706
11
-0.001226
21
-0.020927
31
-0.046447
12
-0.000349
22
-0.022122
32
-0.048052
0
3DFACE
62
1
10
0.000601
20
-0.021408
30
-0.046983
11
0.000476
21
-0.021204
31
-0.046706
12
-0.000349
22
-0.022122
32
-0.048052
0
3DFACE
62
1
10
0.000724
20
-0.021610
30
-0.047263
11
0.000601
21
-0.021408
31
-0.046983
12
-0.000349
22
-0.022122
32
-0.048052
0
3DFACE
62
1
10
0.002655
20
-0.033523
30
-0.045000
11
0.002724
21
-0.033637
31
-0.045225
12
0.001907
22
-0.023546
32
-0.050509
0
3DFACE
62
1
10
0.002655
20
-0.033523
30
-0.045000
11
0.001907
21
-0.023546
31
-0.050509
12
0.001858
22
-0.023466
32
-0.050351
0
3DFACE
62
1
10
0.002585
20
-0.033409
30
-0.044775
11
0.001809
21
-0.023386
31
-0.050193
12
0.001760
22
-0.023304
32
-0.050037
0
3DFACE
62
1
10
0.002585
20
-0.033409
30
-0.044775
11
0.001858
21
-0.023466
31
-0.050351
12
0.001809
22
-0.023386
32
-0.050193
0
3DFACE
62
1
10
0.002585
20
-0.033409
30
-0.044775
11
0.002655
21
-0.033523
31
-0.045000
12
0.001858
22
-0.023466
32
-0.050351
0
3DFACE
62
1
10
0.002514
20
-0.033292
30
-0.044552
11
0.002585
21
-0.033409
31
-0.044775
12
0.001760
22
-0.023304
32
-0.050037
0
3DFACE
62
1
10
-0.001248
20
-0.023666
30
-0.050620
11
-0.000859
21
-0.023238
31
-0.049858
12
-0.001086
22
-0.023223
32
-0.049830
0
3DFACE
62
1
10
-0.001248
20
-0.023666
30
-0.050620
11
-0.001086
21
-0.023223
31
-0.049830
12
-0.001237
22
-0.023200
32
-0.049789
0
3DFACE
62
1
10
-0.001248
20
-0.023666
30
-0.050620
11
-0.001237
21
-0.023200
31
-0.049789
12
-0.001354
22
-0.023170
32
-0.049737
0
3DFACE
62
1
10
-0.001248
20
-0.023666
30
-0.050620
11
-0.001354
21
-0.023170
31
-0.049737
12
-0.001458
22
-0.023131
32
-0.049670
0
3DFACE
62
1
10
-0.001248
20
-0.023666
30
-0.050620
11
-0.001458
21
-0.023131
31
-0.049670
12
-0.001558
22
-0.023079
32
-0.049583
0
3DFACE
62
1
10
-0.001248
20
-0.023666
30
-0.050620
11
-0.001558
21
-0.023079
31
-0.049583
12
-0.001643
22
-0.023020
32
-0.049484
0
3DFACE
62
1
10
0.000191
20
-0.023247
30
-0.049890
11
-0.000859
21
-0.023238
31
-0.049858
12
-0.001248
22
-0.023666
32
-0.050620
0
3DFACE
62
1
10
-0.000889
20
-0.024254
30
-0.051798
11
0.000191
21
-0.023247
31
-0.049890
12
-0.001248
22
-0.023666
32
-0.050620
0
3DFACE
62
1
10
-0.000463
20
-0.024619
30
-0.052641
11
-0.000424
21
-0.024593
31
-0.052583
12
-0.000889
22
-0.024254
32
-0.051798
0
3DFACE
62
1
10
-0.000371
20
-0.024563
30
-0.052519
11
-0.000889
21
-0.024254
31
-0.051798
12
-0.000424
22
-0.024593
32
-0.052583
0
3DFACE
62
1
10
-0.000516
20
-0.024668
30
-0.052751
11
-0.000463
21
-0.024619
31
-0.052641
12
-0.000889
22
-0.024254
32
-0.051798
0
3DFACE
62
1
10
-0.000290
20
-0.024526
30
-0.052441
11
-0.000889
21
-0.024254
31
-0.051798
12
-0.000371
22
-0.024563
32
-0.052519
0
3DFACE
62
1
10
-0.000196
20
-0.024491
30
-0.052369
11
-0.000889
21
-0.024254
31
-0.051798
12
-0.000290
22
-0.024526
32
-0.052441
0
3DFACE
62
1
10
-0.000552
20
-0.024725
30
-0.052881
11
-0.000516
21
-0.024668
31
-0.052751
12
-0.000889
22
-0.024254
32
-0.051798
0
3DFACE
62
1
10
-0.000084
20
-0.024455
30
-0.052298
11
-0.000889
21
-0.024254
31
-0.051798
12
-0.000196
22
-0.024491
32
-0.052369
0
3DFACE
62
1
10
-0.000567
20
-0.024781
30
-0.053015
11
-0.000552
21
-0.024725
31
-0.052881
12
-0.000889
22
-0.024254
32
-0.051798
0
3DFACE
62
1
10
0.001809
20
-0.023386
30
-0.050193
11
0.001760
21
-0.023304
31
-0.050037
12
0.000191
22
-0.023247
32
-0.049890
0
3DFACE
62
1
10
0.000901
20
-0.024168
30
-0.051739
11
0.000191
21
-0.023247
31
-0.049890
12
-0.000889
22
-0.024254
32
-0.051798
0
3DFACE
62
1
10
0.000901
20
-0.024168
30
-0.051739
11
-0.000889
21
-0.024254
31
-0.051798
12
-0.000084
22
-0.024455
32
-0.052298
0
3DFACE
62
1
10
0.001858
20
-0.023466
30
-0.050351
11
0.001809
21
-0.023386
31
-0.050193
12
0.000191
22
-0.023247
32
-0.049890
0
3DFACE
62
1
10
0.001907
20
-0.023546
30
-0.050509
11
0.000191
21
-0.023247
31
-0.049890
12
0.000901
22
-0.024168
32
-0.051739
0
3DFACE
62
1
10
0.001907
20
-0.023546
30
-0.050509
11
0.001858
21
-0.023466
31
-0.050351
12
0.000191
22
-0.023247
32
-0.049890
0
3DFACE
62
1
10
0.001955
20
-0.023624
30
-0.050667
11
0.001907
21
-0.023546
31
-0.050509
12
0.000901
22
-0.024168
32
-0.051739
0
3DFACE
62
1
10
0.002002
20
-0.023702
30
-0.050826
11
0.001955
21
-0.023624
31
-0.050667
12
0.000901
22
-0.024168
32
-0.051739
0
3DFACE
62
1
10
0.002049
20
-0.023778
30
-0.050986
11
0.002002
21
-0.023702
31
-0.050826
12
0.000901
22
-0.024168
32
-0.051739
0
3DFACE
62
1
10
0.004189
20
-0.036035
30
-0.051308
11
0.004278
21
-0.036180
31
-0.051803
12
0.002994
22
-0.025326
32
-0.055113
0
3DFACE
62
1
10
0.004189
20
-0.036035
30
-0.051308
11
0.002933
21
-0.025225
31
-0.054766
12
0.002868
22
-0.025119
32
-0.054421
0
3DFACE
62
1
10
0.004189
20
-0.036035
30
-0.051308
11
0.002994
21
-0.025326
31
-0.055113
12
0.002933
22
-0.025225
32
-0.054766
0
3DFACE
62
1
10
0.004097
20
-0.035884
30
-0.050814
11
0.004189
21
-0.036035
31
-0.051308
12
0.002868
22
-0.025119
32
-0.054421
0
3DFACE
62
1
10
0.004001
20
-0.035727
30
-0.050324
11
0.002868
21
-0.025119
31
-0.054421
12
0.002801
22
-0.025009
32
-0.054078
0
3DFACE
62
1
10
0.004001
20
-0.035727
30
-0.050324
11
0.004097
21
-0.035884
31
-0.050814
12
0.002868
22
-0.025119
32
-0.054421
0
3DFACE
62
1
10
-0.000251
20
-0.025298
30
-0.054419
11
0.000212
21
-0.024991
31
-0.053640
12
-0.000011
22
-0.024983
32
-0.053589
0
3DFACE
62
1
10
-0.000251
20
-0.025298
30
-0.054419
11
-0.000011
21
-0.024983
31
-0.053589
12
-0.000157
22
-0.024968
32
-0.053530
0
3DFACE
62
1
10
-0.000251
20
-0.025298
30
-0.054419
11
-0.000157
21
-0.024968
31
-0.053530
12
-0.000269
22
-0.024947
32
-0.053463
0
3DFACE
62
1
10
-0.000251
20
-0.025298
30
-0.054419
11
-0.000269
21
-0.024947
31
-0.053463
12
-0.000366
22
-0.024920
32
-0.053382
0
3DFACE
62
1
10
-0.000251
20
-0.025298
30
-0.054419
11
-0.000366
21
-0.024920
31
-0.053382
12
-0.000456
22
-0.024883
32
-0.053279
0
3DFACE
62
1
10
-0.000251
20
-0.025298
30
-0.054419
11
-0.000456
21
-0.024883
31
-0.053279
12
-0.000530
22
-0.024840
32
-0.053164
0
3DFACE
62
1
10
0.001254
20
-0.024987
30
-0.053774
11
0.000212
21
-0.024991
31
-0.053640
12
-0.000251
22
-0.025298
32
-0.054419
0
3DFACE
62
1
10
-0.000011
20
-0.025691
30
-0.055704
11
0.001254
21
-0.024987
31
-0.053774
12
-0.000251
22
-0.025298
32
-0.054419
0
3DFACE
62
1
10
0.000329
20
-0.025916
30
-0.056631
11
0.000373
21
-0.025899
31
-0.056573
12
-0.000011
22
-0.025691
32
-0.055704
0
3DFACE
62
1
10
0.000433
20
-0.025879
30
-0.056511
11
-0.000011
21
-0.025691
31
-0.055704
12
0.000373
22
-0.025899
32
-0.056573
0
3DFACE
62
1
10
0.000266
20
-0.025948
30
-0.056742
11
0.000329
21
-0.025916
31
-0.056631
12
-0.000011
22
-0.025691
32
-0.055704
0
3DFACE
62
1
10
0.000521
20
-0.025854
30
-0.056436
11
-0.000011
21
-0.025691
31
-0.055704
12
0.000433
22
-0.025879
32
-0.056511
0
3DFACE
62
1
10
0.000622
20
-0.025830
30
-0.056369
11
-0.000011
21
-0.025691
31
-0.055704
12
0.000521
22
-0.025854
32
-0.056436
0
3DFACE
62
1
10
0.000217
20
-0.025983
30
-0.056874
11
0.000266
21
-0.025948
31
-0.056742
12
-0.000011
22
-0.025691
32
-0.055704
0
3DFACE
62
1
10
0.000741
20
-0.025805
30
-0.056304
11
-0.000011
21
-0.025691
31
-0.055704
12
0.000622
22
-0.025830
32
-0.056369
0
3DFACE
62
1
10
0.000189
20
-0.026018
30
-0.057014
11
0.000217
21
-0.025983
31
-0.056874
12
-0.000011
22
-0.025691
32
-0.055704
0
3DFACE
62
1
10
0.001777
20
-0.025602
30
-0.055804
11
0.001254
21
-0.024987
31
-0.053774
12
-0.000011
22
-0.025691
32
-0.055704
0
3DFACE
62
1
10
0.001777
20
-0.025602
30
-0.055804
11
-0.000011
21
-0.025691
31
-0.055704
12
0.000741
22
-0.025805
32
-0.056304
0
3DFACE
62
1
10
0.002868
20
-0.025119
30
-0.054421
11
0.002801
21
-0.025009
31
-0.054078
12
0.001254
22
-0.024987
32
-0.053774
0
3DFACE
62
1
10
0.002868
20
-0.025119
30
-0.054421
11
0.001254
21
-0.024987
31
-0.053774
12
0.001777
22
-0.025602
32
-0.055804
0
3DFACE
62
1
10
0.002933
20
-0.025225
30
-0.054766
11
0.002868
21
-0.025119
31
-0.054421
12
0.001777
22
-0.025602
32
-0.055804
0
3DFACE
62
1
10
0.002994
20
-0.025326
30
-0.055113
11
0.002933
21
-0.025225
31
-0.054766
12
0.001777
22
-0.025602
32
-0.055804
0
3DFACE
62
1
10
0.005001
20
-0.037364
30
-0.057556
11
0.005041
21
-0.037429
31
-0.058074
12
0.003529
22
-0.026200
32
-0.059503
0
3DFACE
62
1
10
0.005001
20
-0.037364
30
-0.057556
11
0.003529
21
-0.026200
31
-0.059503
12
0.003501
22
-0.026155
32
-0.059140
0
3DFACE
62
1
10
0.004958
20
-0.037294
30
-0.057038
11
0.003501
21
-0.026155
31
-0.059140
12
0.003471
22
-0.026105
32
-0.058778
0
3DFACE
62
1
10
0.004958
20
-0.037294
30
-0.057038
11
0.005001
21
-0.037364
31
-0.057556
12
0.003501
22
-0.026155
32
-0.059140
0
3DFACE
62
1
10
0.004911
20
-0.037216
30
-0.056523
11
0.003471
21
-0.026105
31
-0.058778
12
0.003438
22
-0.026051
32
-0.058417
0
3DFACE
62
1
10
0.004911
20
-0.037216
30
-0.056523
11
0.004958
21
-0.037294
31
-0.057038
12
0.003471
22
-0.026105
32
-0.058778
0
3DFACE
62
1
10
0.000365
20
-0.026306
30
-0.058505
11
0.000902
21
-0.026122
31
-0.057736
12
0.000685
22
-0.026123
32
-0.057663
0
3DFACE
62
1
10
0.000365
20
-0.026306
30
-0.058505
11
0.000685
21
-0.026123
31
-0.057663
12
0.000546
22
-0.026118
32
-0.057589
0
3DFACE
62
1
10
0.000365
20
-0.026306
30
-0.058505
11
0.000546
21
-0.026118
31
-0.057589
12
0.000441
22
-0.026110
32
-0.057509
0
3DFACE
62
1
10
0.000365
20
-0.026306
30
-0.058505
11
0.000441
21
-0.026110
31
-0.057509
12
0.000353
22
-0.026096
32
-0.057415
0
3DFACE
62
1
10
0.000365
20
-0.026306
30
-0.058505
11
0.000353
21
-0.026096
31
-0.057415
12
0.000273
22
-0.026077
32
-0.057299
0
3DFACE
62
1
10
0.000365
20
-0.026306
30
-0.058505
11
0.000273
21
-0.026077
31
-0.057299
12
0.000210
22
-0.026053
32
-0.057173
0
3DFACE
62
1
10
0.001927
20
-0.026089
30
-0.057967
11
0.000902
21
-0.026122
31
-0.057736
12
0.000365
22
-0.026306
32
-0.058505
0
3DFACE
62
1
10
0.000478
20
-0.026490
30
-0.059853
11
0.001927
21
-0.026089
31
-0.057967
12
0.000365
22
-0.026306
32
-0.058505
0
3DFACE
62
1
10
0.000726
20
-0.026565
30
-0.060831
11
0.000776
21
-0.026557
31
-0.060777
12
0.000478
22
-0.026490
32
-0.059853
0
3DFACE
62
1
10
0.000841
20
-0.026547
30
-0.060718
11
0.000478
21
-0.026490
31
-0.059853
12
0.000776
22
-0.026557
32
-0.060777
0
3DFACE
62
1
10
0.000652
20
-0.026580
30
-0.060940
11
0.000726
21
-0.026565
31
-0.060831
12
0.000478
22
-0.026490
32
-0.059853
0
3DFACE
62
1
10
0.000936
20
-0.026533
30
-0.060649
11
0.000478
21
-0.026490
31
-0.059853
12
0.000841
22
-0.026547
32
-0.060718
0
3DFACE
62
1
10
0.001043
20
-0.026519
30
-0.060589
11
0.000478
21
-0.026490
31
-0.059853
12
0.000936
22
-0.026533
32
-0.060649
0
3DFACE
62
1
10
0.000590
20
-0.026594
30
-0.061071
11
0.000652
21
-0.026580
31
-0.060940
12
0.000478
22
-0.026490
32
-0.059853
0
3DFACE
62
1
10
0.001167
20
-0.026504
30
-0.060532
11
0.000478
21
-0.026490
31
-0.059853
12
0.001043
22
-0.026519
32
-0.060589
0
3DFACE
62
1
10
0.000549
20
-0.026607
30
-0.061210
11
0.000590
21
-0.026594
31
-0.061071
12
0.000478
22
-0.026490
32
-0.059853
0
3DFACE
62
1
10
0.002248
20
-0.026373
30
-0.060108
11
0.001927
21
-0.026089
31
-0.057967
12
0.000478
22
-0.026490
32
-0.059853
0
3DFACE
62
1
10
0.002248
20
-0.026373
30
-0.060108
11
0.000478
21
-0.026490
31
-0.059853
12
0.001167
22
-0.026504
32
-0.060532
0
3DFACE
62
1
10
0.003471
20
-0.026105
30
-0.058778
11
0.003438
21
-0.026051
31
-0.058417
12
0.001927
22
-0.026089
32
-0.057967
0
3DFACE
62
1
10
0.003471
20
-0.026105
30
-0.058778
11
0.001927
21
-0.026089
31
-0.057967
12
0.002248
22
-0.026373
32
-0.060108
0
3DFACE
62
1
10
0.003501
20
-0.026155
30
-0.059140
11
0.003471
21
-0.026105
31
-0.058778
12
0.002248
22
-0.026373
32
-0.060108
0
3DFACE
62
1
10
0.003529
20
-0.026200
30
-0.059503
11
0.003501
21
-0.026155
31
-0.059140
12
0.002248
22
-0.026373
32
-0.060108
0
3DFACE
62
1
10
0.005201
20
-0.037691
30
-0.063984
11
0.005190
21
-0.037673
31
-0.064507
12
0.003633
22
-0.026371
32
-0.064006
0
3DFACE
62
1
10
0.005201
20
-0.037691
30
-0.063984
11
0.003633
21
-0.026371
31
-0.064006
12
0.003641
22
-0.026384
32
-0.063639
0
3DFACE
62
1
10
0.005208
20
-0.037703
30
-0.063460
11
0.003641
21
-0.026384
31
-0.063639
12
0.003646
22
-0.026392
32
-0.063273
0
3DFACE
62
1
10
0.005208
20
-0.037703
30
-0.063460
11
0.005201
21
-0.037691
31
-0.063984
12
0.003641
22
-0.026384
32
-0.063639
0
3DFACE
62
1
10
0.005211
20
-0.037707
30
-0.062936
11
0.003646
21
-0.026392
31
-0.063273
12
0.003648
22
-0.026395
32
-0.062906
0
3DFACE
62
1
10
0.005211
20
-0.037707
30
-0.062936
11
0.005208
21
-0.037703
31
-0.063460
12
0.003646
22
-0.026392
32
-0.063273
0
3DFACE
62
1
10
0.000579
20
-0.026656
30
-0.062739
11
0.001189
21
-0.026591
31
-0.062005
12
0.000980
22
-0.026605
32
-0.061913
0
3DFACE
62
1
10
0.000579
20
-0.026656
30
-0.062739
11
0.000980
21
-0.026605
31
-0.061913
12
0.000848
22
-0.026613
32
-0.061826
0
3DFACE
62
1
10
0.000579
20
-0.026656
30
-0.062739
11
0.000848
21
-0.026613
31
-0.061826
12
0.000752
22
-0.026618
32
-0.061736
0
3DFACE
62
1
10
0.000579
20
-0.026656
30
-0.062739
11
0.000752
21
-0.026618
31
-0.061736
12
0.000673
22
-0.026620
32
-0.061634
0
3DFACE
62
1
10
0.000579
20
-0.026656
30
-0.062739
11
0.000673
21
-0.026620
31
-0.061634
12
0.000605
22
-0.026619
32
-0.061509
0
3DFACE
62
1
10
0.000579
20
-0.026656
30
-0.062739
11
0.000605
21
-0.026619
31
-0.061509
12
0.000555
22
-0.026616
32
-0.061375
0
3DFACE
62
1
10
0.002187
20
-0.026514
30
-0.062325
11
0.001189
21
-0.026591
31
-0.062005
12
0.000579
22
-0.026656
32
-0.062739
0
3DFACE
62
1
10
0.000561
20
-0.026626
30
-0.064103
11
0.002187
21
-0.026514
31
-0.062325
12
0.000579
22
-0.026656
32
-0.062739
0
3DFACE
62
1
10
0.000713
20
-0.026545
30
-0.065101
11
0.000768
21
-0.026545
31
-0.065050
12
0.000561
22
-0.026626
32
-0.064103
0
3DFACE
62
1
10
0.000839
20
-0.026543
30
-0.064997
11
0.000561
21
-0.026626
31
-0.064103
12
0.000768
22
-0.026545
32
-0.065050
0
3DFACE
62
1
10
0.000629
20
-0.026543
30
-0.065202
11
0.000713
21
-0.026545
31
-0.065101
12
0.000561
22
-0.026626
32
-0.064103
0
3DFACE
62
1
10
0.000940
20
-0.026540
30
-0.064937
11
0.000561
21
-0.026626
31
-0.064103
12
0.000839
22
-0.026543
32
-0.064997
0
3DFACE
62
1
10
0.001053
20
-0.026535
30
-0.064885
11
0.000561
21
-0.026626
31
-0.064103
12
0.000940
22
-0.026540
32
-0.064937
0
3DFACE
62
1
10
0.000555
20
-0.026537
30
-0.065328
11
0.000629
21
-0.026543
31
-0.065202
12
0.000561
22
-0.026626
32
-0.064103
0
3DFACE
62
1
10
0.001182
20
-0.026527
30
-0.064839
11
0.000561
21
-0.026626
31
-0.064103
12
0.001053
22
-0.026535
32
-0.064885
0
3DFACE
62
1
10
0.000500
20
-0.026528
30
-0.065463
11
0.000555
21
-0.026537
31
-0.065328
12
0.000561
22
-0.026626
32
-0.064103
0
3DFACE
62
1
10
0.002300
20
-0.026457
30
-0.064506
11
0.002187
21
-0.026514
31
-0.062325
12
0.000561
22
-0.026626
32
-0.064103
0
3DFACE
62
1
10
0.002300
20
-0.026457
30
-0.064506
11
0.000561
21
-0.026626
31
-0.064103
12
0.001182
22
-0.026527
32
-0.064839
0
3DFACE
62
1
10
0.003646
20
-0.026392
30
-0.063273
11
0.003648
21
-0.026395
31
-0.062906
12
0.002187
22
-0.026514
32
-0.062325
0
3DFACE
62
1
10
0.003646
20
-0.026392
30
-0.063273
11
0.002187
21
-0.026514
31
-0.062325
12
0.002300
22
-0.026457
32
-0.064506
0
3DFACE
62
1
10
0.003641
20
-0.026384
30
-0.063639
11
0.003646
21
-0.026392
31
-0.063273
12
0.002300
22
-0.026457
32
-0.064506
0
3DFACE
62
1
10
0.003633
20
-0.026371
30
-0.064006
11
0.003641
21
-0.026384
31
-0.063639
12
0.002300
22
-0.026457
32
-0.064506
0
3DFACE
62
1
10
0.004782
20
-0.037005
30
-0.070372
11
0.004721
21
-0.036905
31
-0.070883
12
0.003304
22
-0.025833
32
-0.068469
0
3DFACE
62
1
10
0.004782
20
-0.037005
30
-0.070372
11
0.003347
21
-0.025903
31
-0.068111
12
0.003387
22
-0.025968
32
-0.067753
0
3DFACE
62
1
10
0.004782
20
-0.037005
30
-0.070372
11
0.003304
21
-0.025833
31
-0.068469
12
0.003347
22
-0.025903
32
-0.068111
0
3DFACE
62
1
10
0.004839
20
-0.037098
30
-0.069860
11
0.003387
21
-0.025968
31
-0.067753
12
0.003424
22
-0.026029
32
-0.067393
0
3DFACE
62
1
10
0.004839
20
-0.037098
30
-0.069860
11
0.004782
21
-0.037005
31
-0.070372
12
0.003387
22
-0.025968
32
-0.067753
0
3DFACE
62
1
10
0.004892
20
-0.037185
30
-0.069346
11
0.004839
21
-0.037098
31
-0.069860
12
0.003424
22
-0.026029
32
-0.067393
0
3DFACE
62
1
10
0.000383
20
-0.026336
30
-0.066975
11
0.001062
21
-0.026382
31
-0.066302
12
0.000862
22
-0.026413
32
-0.066194
0
3DFACE
62
1
10
0.000383
20
-0.026336
30
-0.066975
11
0.000862
21
-0.026413
31
-0.066194
12
0.000740
22
-0.026435
32
-0.066097
0
3DFACE
62
1
10
0.000383
20
-0.026336
30
-0.066975
11
0.000740
21
-0.026435
31
-0.066097
12
0.000652
22
-0.026454
32
-0.066001
0
3DFACE
62
1
10
0.000383
20
-0.026336
30
-0.066975
11
0.000652
21
-0.026454
31
-0.066001
12
0.000583
22
-0.026473
32
-0.065893
0
3DFACE
62
1
10
0.000383
20
-0.026336
30
-0.066975
11
0.000583
21
-0.026473
31
-0.065893
12
0.000527
22
-0.026493
32
-0.065763
0
3DFACE
62
1
10
0.000383
20
-0.026336
30
-0.066975
11
0.000527
21
-0.026493
31
-0.065763
12
0.000490
22
-0.026511
32
-0.065626
0
3DFACE
62
1
10
0.002025
20
-0.026249
30
-0.066701
11
0.001062
21
-0.026382
31
-0.066302
12
0.000383
22
-0.026336
32
-0.066975
0
3DFACE
62
1
10
0.000235
20
-0.026093
30
-0.068310
11
0.002025
21
-0.026249
31
-0.066701
12
0.000383
22
-0.026336
32
-0.066975
0
3DFACE
62
1
10
0.000292
20
-0.025855
30
-0.069293
11
0.000351
21
-0.025862
31
-0.069248
12
0.000235
22
-0.026093
32
-0.068310
0
3DFACE
62
1
10
0.000427
20
-0.025869
30
-0.069203
11
0.000235
21
-0.026093
31
-0.068310
12
0.000351
22
-0.025862
32
-0.069248
0
3DFACE
62
1
10
0.000198
20
-0.025838
30
-0.069384
11
0.000292
21
-0.025855
31
-0.069293
12
0.000235
22
-0.026093
32
-0.068310
0
3DFACE
62
1
10
0.000534
20
-0.025874
30
-0.069153
11
0.000235
21
-0.026093
31
-0.068310
12
0.000427
22
-0.025869
32
-0.069203
0
3DFACE
62
1
10
0.000650
20
-0.025876
30
-0.069112
11
0.000235
21
-0.026093
31
-0.068310
12
0.000534
22
-0.025874
32
-0.069153
0
3DFACE
62
1
10
0.000113
20
-0.025813
30
-0.069499
11
0.000198
21
-0.025838
31
-0.069384
12
0.000235
22
-0.026093
32
-0.068310
0
3DFACE
62
1
10
0.000784
20
-0.025875
30
-0.069078
11
0.000235
21
-0.026093
31
-0.068310
12
0.000650
22
-0.025876
32
-0.069112
0
3DFACE
62
1
10
0.000046
20
-0.025783
30
-0.069626
11
0.000113
21
-0.025813
31
-0.069499
12
0.000235
22
-0.026093
32
-0.068310
0
3DFACE
62
1
10
0.001929
20
-0.025850
30
-0.068846
11
0.002025
21
-0.026249
31
-0.066701
12
0.000235
22
-0.026093
32
-0.068310
0
3DFACE
62
1
10
0.001929
20
-0.025850
30
-0.068846
11
0.000235
21
-0.026093
31
-0.068310
12
0.000784
22
-0.025875
32
-0.069078
0
3DFACE
62
1
10
0.003387
20
-0.025968
30
-0.067753
11
0.003424
21
-0.026029
31
-0.067393
12
0.002025
22
-0.026249
32
-0.066701
0
3DFACE
62
1
10
0.003387
20
-0.025968
30
-0.067753
11
0.002025
21
-0.026249
31
-0.066701
12
0.001929
22
-0.025850
32
-0.068846
0
3DFACE
62
1
10
0.003347
20
-0.025903
30
-0.068111
11
0.003387
21
-0.025968
31
-0.067753
12
0.001929
22
-0.025850
32
-0.068846
0
3DFACE
62
1
10
0.003304
20
-0.025833
30
-0.068469
11
0.003347
21
-0.025903
31
-0.068111
12
0.001929
22
-0.025850
32
-0.068846
0
3DFACE
62
1
10
0.003757
20
-0.035328
30
-0.076505
11
0.003648
21
-0.035150
31
-0.076985
12
0.002554
22
-0.024605
32
-0.072740
0
3DFACE
62
1
10
0.003757
20
-0.035328
30
-0.076505
11
0.002554
21
-0.024605
31
-0.072740
12
0.002630
22
-0.024729
32
-0.072404
0
3DFACE
62
1
10
0.003862
20
-0.035500
30
-0.076021
11
0.002630
21
-0.024729
31
-0.072404
12
0.002704
22
-0.024850
32
-0.072066
0
3DFACE
62
1
10
0.003862
20
-0.035500
30
-0.076021
11
0.003757
21
-0.035328
31
-0.076505
12
0.002630
22
-0.024729
32
-0.072404
0
3DFACE
62
1
10
0.003964
20
-0.035666
30
-0.075535
11
0.002704
21
-0.024850
31
-0.072066
12
0.002775
22
-0.024966
32
-0.071725
0
3DFACE
62
1
10
0.003964
20
-0.035666
30
-0.075535
11
0.003862
21
-0.035500
31
-0.076021
12
0.002704
22
-0.024850
32
-0.072066
0
3DFACE
62
1
10
-0.000214
20
-0.025358
30
-0.071071
11
0.000525
21
-0.025504
31
-0.070482
12
0.000336
22
-0.025552
32
-0.070361
0
3DFACE
62
1
10
-0.000214
20
-0.025358
30
-0.071071
11
0.000336
21
-0.025552
31
-0.070361
12
0.000224
22
-0.025590
32
-0.070258
0
3DFACE
62
1
10
-0.000214
20
-0.025358
30
-0.071071
11
0.000224
21
-0.025590
31
-0.070258
12
0.000146
22
-0.025625
32
-0.070157
0
3DFACE
62
1
10
-0.000214
20
-0.025358
30
-0.071071
11
0.000146
21
-0.025625
31
-0.070157
12
0.000087
22
-0.025661
32
-0.070047
0
3DFACE
62
1
10
-0.000214
20
-0.025358
30
-0.071071
11
0.000087
21
-0.025661
31
-0.070047
12
0.000044
22
-0.025701
32
-0.069918
0
3DFACE
62
1
10
-0.000214
20
-0.025358
30
-0.071071
11
0.000044
21
-0.025701
31
-0.069918
12
0.000020
22
-0.025741
32
-0.069783
0
3DFACE
62
1
10
0.001447
20
-0.025302
30
-0.070945
11
0.000525
21
-0.025504
31
-0.070482
12
-0.000214
22
-0.025358
32
-0.071071
0
3DFACE
62
1
10
-0.000488
20
-0.024909
30
-0.072331
11
0.001447
21
-0.025302
31
-0.070945
12
-0.000214
22
-0.025358
32
-0.071071
0
3DFACE
62
1
10
-0.000524
20
-0.024520
30
-0.073265
11
-0.000460
21
-0.024534
31
-0.073228
12
-0.000488
22
-0.024909
32
-0.072331
0
3DFACE
62
1
10
-0.000381
20
-0.024547
30
-0.073191
11
-0.000488
21
-0.024909
31
-0.072331
12
-0.000460
22
-0.024534
32
-0.073228
0
3DFACE
62
1
10
-0.000626
20
-0.024489
30
-0.073343
11
-0.000524
21
-0.024520
31
-0.073265
12
-0.000488
22
-0.024909
32
-0.072331
0
3DFACE
62
1
10
-0.000270
20
-0.024559
30
-0.073153
11
-0.000488
21
-0.024909
31
-0.072331
12
-0.000381
22
-0.024547
32
-0.073191
0
3DFACE
62
1
10
-0.000150
20
-0.024566
30
-0.073125
11
-0.000488
21
-0.024909
31
-0.072331
12
-0.000270
22
-0.024559
32
-0.073153
0
3DFACE
62
1
10
-0.000722
20
-0.024447
30
-0.073444
11
-0.000626
21
-0.024489
31
-0.073343
12
-0.000488
22
-0.024909
32
-0.072331
0
3DFACE
62
1
10
-0.000014
20
-0.024570
30
-0.073104
11
-0.000488
21
-0.024909
31
-0.072331
12
-0.000150
22
-0.024566
32
-0.073125
0
3DFACE
62
1
10
-0.000800
20
-0.024398
30
-0.073557
11
-0.000722
21
-0.024447
31
-0.073444
12
-0.000488
22
-0.024909
32
-0.072331
0
3DFACE
62
1
10
0.001148
20
-0.024572
30
-0.072982
11
0.001447
21
-0.025302
31
-0.070945
12
-0.000488
22
-0.024909
32
-0.072331
0
3DFACE
62
1
10
0.001148
20
-0.024572
30
-0.072982
11
-0.000488
21
-0.024909
31
-0.072331
12
-0.000014
22
-0.024570
32
-0.073104
0
3DFACE
62
1
10
0.002704
20
-0.024850
30
-0.072066
11
0.002775
21
-0.024966
31
-0.071725
12
0.001447
22
-0.025302
32
-0.070945
0
3DFACE
62
1
10
0.002704
20
-0.024850
30
-0.072066
11
0.001447
21
-0.025302
31
-0.070945
12
0.001148
22
-0.024572
32
-0.072982
0
3DFACE
62
1
10
0.002630
20
-0.024729
30
-0.072404
11
0.002704
21
-0.024850
31
-0.072066
12
0.001148
22
-0.024572
32
-0.072982
0
3DFACE
62
1
10
0.002554
20
-0.024605
30
-0.072740
11
0.002630
21
-0.024729
31
-0.072404
12
0.001148
22
-0.024572
32
-0.072982
0
3DFACE
62
1
10
0.002163
20
-0.032718
30
-0.082171
11
0.002010
21
-0.032468
31
-0.082605
12
0.001407
22
-0.022727
32
-0.076674
0
3DFACE
62
1
10
0.002163
20
-0.032718
30
-0.082171
11
0.001407
21
-0.022727
31
-0.076674
12
0.001514
22
-0.022903
32
-0.076371
0
3DFACE
62
1
10
0.002313
20
-0.032963
30
-0.081733
11
0.001514
21
-0.022903
31
-0.076371
12
0.001619
22
-0.023074
32
-0.076064
0
3DFACE
62
1
10
0.002313
20
-0.032963
30
-0.081733
11
0.002163
21
-0.032718
31
-0.082171
12
0.001514
22
-0.022903
32
-0.076371
0
3DFACE
62
1
10
0.002459
20
-0.033202
30
-0.081291
11
0.001619
21
-0.023074
31
-0.076064
12
0.001721
22
-0.023241
32
-0.075754
0
3DFACE
62
1
10
0.002459
20
-0.033202
30
-0.081291
11
0.002313
21
-0.032963
31
-0.081733
12
0.001619
22
-0.023074
32
-0.076064
0
3DFACE
62
1
10
-0.001194
20
-0.023753
30
-0.074887
11
-0.000403
21
-0.023985
31
-0.074401
12
-0.000580
22
-0.024053
32
-0.074272
0
3DFACE
62
1
10
-0.001194
20
-0.023753
30
-0.074887
11
-0.000580
21
-0.024053
31
-0.074272
12
-0.000682
22
-0.024108
32
-0.074166
0
3DFACE
62
1
10
-0.001194
20
-0.023753
30
-0.074887
11
-0.000682
21
-0.024108
31
-0.074166
12
-0.000751
22
-0.024158
32
-0.074065
0
3DFACE
62
1
10
-0.001194
20
-0.023753
30
-0.074887
11
-0.000751
21
-0.024158
31
-0.074065
12
-0.000798
22
-0.024212
32
-0.073957
0
3DFACE
62
1
10
-0.001194
20
-0.023753
30
-0.074887
11
-0.000798
21
-0.024212
31
-0.073957
12
-0.000829
22
-0.024272
32
-0.073832
0
3DFACE
62
1
10
-0.001194
20
-0.023753
30
-0.074887
11
-0.000829
21
-0.024272
31
-0.073832
12
-0.000841
22
-0.024333
32
-0.073703
0
3DFACE
62
1
10
0.000472
20
-0.023706
30
-0.074913
11
-0.000403
21
-0.023985
31
-0.074401
12
-0.001194
22
-0.023753
32
-0.074887
0
3DFACE
62
1
10
-0.001584
20
-0.023115
30
-0.076028
11
0.000472
21
-0.023706
31
-0.074913
12
-0.001194
22
-0.023753
32
-0.074887
0
3DFACE
62
1
10
-0.001706
20
-0.022584
30
-0.076882
11
-0.001640
21
-0.022603
31
-0.076854
12
-0.001584
22
-0.023115
32
-0.076028
0
3DFACE
62
1
10
-0.001557
20
-0.022621
30
-0.076828
11
-0.001584
21
-0.023115
31
-0.076028
12
-0.001640
22
-0.022603
32
-0.076854
0
3DFACE
62
1
10
-0.001815
20
-0.022543
30
-0.076944
11
-0.001706
21
-0.022584
31
-0.076882
12
-0.001584
22
-0.023115
32
-0.076028
0
3DFACE
62
1
10
-0.001443
20
-0.022639
30
-0.076803
11
-0.001584
21
-0.023115
31
-0.076028
12
-0.001557
22
-0.022621
32
-0.076828
0
3DFACE
62
1
10
-0.001321
20
-0.022650
30
-0.076787
11
-0.001584
21
-0.023115
31
-0.076028
12
-0.001443
22
-0.022639
32
-0.076803
0
3DFACE
62
1
10
-0.001920
20
-0.022486
30
-0.077028
11
-0.001815
21
-0.022543
31
-0.076944
12
-0.001584
22
-0.023115
32
-0.076028
0
3DFACE
62
1
10
-0.001184
20
-0.022655
30
-0.076781
11
-0.001584
21
-0.023115
31
-0.076028
12
-0.001321
22
-0.022650
32
-0.076787
0
3DFACE
62
1
10
-0.002009
20
-0.022421
30
-0.077124
11
-0.001920
21
-0.022486
31
-0.077028
12
-0.001584
22
-0.023115
32
-0.076028
0
3DFACE
62
1
10
-0.000015
20
-0.022668
30
-0.076772
11
0.000472
21
-0.023706
31
-0.074913
12
-0.001584
22
-0.023115
32
-0.076028
0
3DFACE
62
1
10
-0.000015
20
-0.022668
30
-0.076772
11
-0.001584
21
-0.023115
31
-0.076028
12
-0.001184
22
-0.022655
32
-0.076781
0
3DFACE
62
1
10
0.001619
20
-0.023074
30
-0.076064
11
0.001721
21
-0.023241
31
-0.075754
12
0.000472
22
-0.023706
32
-0.074913
0
3DFACE
62
1
10
0.001619
20
-0.023074
30
-0.076064
11
0.000472
21
-0.023706
31
-0.074913
12
-0.000015
22
-0.022668
32
-0.076772
0
3DFACE
62
1
10
0.001514
20
-0.022903
30
-0.076371
11
0.001619
21
-0.023074
31
-0.076064
12
-0.000015
22
-0.022668
32
-0.076772
0
3DFACE
62
1
10
0.001407
20
-0.022727
30
-0.076674
11
0.001514
21
-0.022903
31
-0.076371
12
-0.000015
22
-0.022668
32
-0.076772
0
3DFACE
62
1
10
0.000053
20
-0.029264
30
-0.087180
11
-0.000139
21
-0.028950
31
-0.087552
12
-0.000097
22
-0.020265
32
-0.080137
0
3DFACE
62
1
10
0.000053
20
-0.029264
30
-0.087180
11
-0.000097
21
-0.020265
31
-0.080137
12
0.000037
22
-0.020485
32
-0.079876
0
3DFACE
62
1
10
0.000242
20
-0.029574
30
-0.086802
11
0.000037
21
-0.020485
31
-0.079876
12
0.000169
22
-0.020701
32
-0.079612
0
3DFACE
62
1
10
0.000242
20
-0.029574
30
-0.086802
11
0.000053
21
-0.029264
31
-0.087180
12
0.000037
22
-0.020485
32
-0.079876
0
3DFACE
62
1
10
0.000428
20
-0.029878
30
-0.086418
11
0.000169
21
-0.020701
31
-0.079612
12
0.000300
22
-0.020915
32
-0.079343
0
3DFACE
62
1
10
0.000428
20
-0.029878
30
-0.086418
11
0.000242
21
-0.029574
31
-0.086802
12
0.000169
22
-0.020701
32
-0.079612
0
3DFACE
62
1
10
-0.002523
20
-0.021578
30
-0.078292
11
-0.001691
21
-0.021877
31
-0.077926
12
-0.001855
22
-0.021966
32
-0.077793
0
3DFACE
62
1
10
-0.002523
20
-0.021578
30
-0.078292
11
-0.001855
21
-0.021966
31
-0.077793
12
-0.001947
22
-0.022037
32
-0.077687
0
3DFACE
62
1
10
-0.002523
20
-0.021578
30
-0.078292
11
-0.001947
21
-0.022037
31
-0.077687
12
-0.002006
22
-0.022104
32
-0.077590
0
3DFACE
62
1
10
-0.002523
20
-0.021578
30
-0.078292
11
-0.002006
21
-0.022104
31
-0.077590
12
-0.002043
22
-0.022174
32
-0.077487
0
3DFACE
62
1
10
-0.002523
20
-0.021578
30
-0.078292
11
-0.002043
21
-0.022174
31
-0.077487
12
-0.002063
22
-0.022253
32
-0.077371
0
3DFACE
62
1
10
-0.002523
20
-0.021578
30
-0.078292
11
-0.002063
21
-0.022253
31
-0.077371
12
-0.002062
22
-0.022333
32
-0.077253
0
3DFACE
62
1
10
-0.000867
20
-0.021515
30
-0.078470
11
-0.001691
21
-0.021877
31
-0.077926
12
-0.002523
22
-0.021578
32
-0.078292
0
3DFACE
62
1
10
-0.003016
20
-0.020772
30
-0.079277
11
-0.000867
21
-0.021515
31
-0.078470
12
-0.002523
22
-0.021578
32
-0.078292
0
3DFACE
62
1
10
-0.003215
20
-0.020115
30
-0.080021
11
-0.003146
21
-0.020138
31
-0.080003
12
-0.003016
22
-0.020772
32
-0.079277
0
3DFACE
62
1
10
-0.003062
20
-0.020159
30
-0.079987
11
-0.003016
21
-0.020772
31
-0.079277
12
-0.003146
22
-0.020138
32
-0.080003
0
3DFACE
62
1
10
-0.003329
20
-0.020065
30
-0.080065
11
-0.003215
21
-0.020115
31
-0.080021
12
-0.003016
22
-0.020772
32
-0.079277
0
3DFACE
62
1
10
-0.002946
20
-0.020179
30
-0.079976
11
-0.003016
21
-0.020772
31
-0.079277
12
-0.003062
22
-0.020159
32
-0.079987
0
3DFACE
62
1
10
-0.002823
20
-0.020191
30
-0.079975
11
-0.003016
21
-0.020772
31
-0.079277
12
-0.002946
22
-0.020179
32
-0.079976
0
3DFACE
62
1
10
-0.003441
20
-0.019996
30
-0.080128
11
-0.003329
21
-0.020065
31
-0.080065
12
-0.003016
22
-0.020772
32
-0.079277
0
3DFACE
62
1
10
-0.002686
20
-0.020197
30
-0.079982
11
-0.003016
21
-0.020772
31
-0.079277
12
-0.002823
22
-0.020191
32
-0.079975
0
3DFACE
62
1
10
-0.003538
20
-0.019918
30
-0.080204
11
-0.003441
21
-0.019996
31
-0.080128
12
-0.003016
22
-0.020772
32
-0.079277
0
3DFACE
62
1
10
-0.001522
20
-0.020202
30
-0.080088
11
-0.000867
21
-0.021515
31
-0.078470
12
-0.003016
22
-0.020772
32
-0.079277
0
3DFACE
62
1
10
-0.001522
20
-0.020202
30
-0.080088
11
-0.003016
21
-0.020772
31
-0.079277
12
-0.002686
22
-0.020197
32
-0.079982
0
3DFACE
62
1
10
0.000169
20
-0.020701
30
-0.079612
11
0.000300
21
-0.020915
31
-0.079343
12
-0.000867
22
-0.021515
32
-0.078470
0
3DFACE
62
1
10
0.000169
20
-0.020701
30
-0.079612
11
-0.000867
21
-0.021515
31
-0.078470
12
-0.001522
22
-0.020202
32
-0.080088
0
3DFACE
62
1
10
0.000037
20
-0.020485
30
-0.079876
11
0.000169
21
-0.020701
31
-0.079612
12
-0.001522
22
-0.020202
32
-0.080088
0
3DFACE
62
1
10
-0.000097
20
-0.020265
30
-0.080137
11
0.000037
21
-0.020485
31
-0.079876
12
-0.001522
22
-0.020202
32
-0.080088
0
3DFACE
62
1
10
-0.002501
20
-0.025084
30
-0.091359
11
-0.002725
21
-0.024716
31
-0.091657
12
-0.001908
22
-0.017302
32
-0.083011
0
3DFACE
62
1
10
-0.002501
20
-0.025084
30
-0.091359
11
-0.001908
21
-0.017302
31
-0.083011
12
-0.001751
22
-0.017559
32
-0.082802
0
3DFACE
62
1
10
-0.002279
20
-0.025447
30
-0.091054
11
-0.001751
21
-0.017559
31
-0.082802
12
-0.001595
22
-0.017813
32
-0.082589
0
3DFACE
62
1
10
-0.002279
20
-0.025447
30
-0.091054
11
-0.002501
21
-0.025084
31
-0.091359
12
-0.001751
22
-0.017559
32
-0.082802
0
3DFACE
62
1
10
-0.002059
20
-0.025807
30
-0.090743
11
-0.001595
21
-0.017813
31
-0.082589
12
-0.001442
22
-0.018065
32
-0.082371
0
3DFACE
62
1
10
-0.002059
20
-0.025807
30
-0.090743
11
-0.002279
21
-0.025447
31
-0.091054
12
-0.001595
22
-0.017813
32
-0.082589
0
3DFACE
62
1
10
-0.004156
20
-0.018906
30
-0.081170
11
-0.003294
21
-0.019252
31
-0.080938
12
-0.003445
22
-0.019362
32
-0.080805
0
3DFACE
62
1
10
-0.004156
20
-0.018906
30
-0.081170
11
-0.003445
21
-0.019362
31
-0.080805
12
-0.003528
22
-0.019450
32
-0.080704
0
3DFACE
62
1
10
-0.004156
20
-0.018906
30
-0.081170
11
-0.003528
21
-0.019450
31
-0.080704
12
-0.003577
22
-0.019532
32
-0.080612
0
3DFACE
62
1
10
-0.004156
20
-0.018906
30
-0.081170
11
-0.003577
21
-0.019532
31
-0.080612
12
-0.003605
22
-0.019617
32
-0.080519
0
3DFACE
62
1
10
-0.004156
20
-0.018906
30
-0.081170
11
-0.003605
21
-0.019617
31
-0.080519
12
-0.003614
22
-0.019714
32
-0.080415
0
3DFACE
62
1
10
-0.004156
20
-0.018906
30
-0.081170
11
-0.003614
21
-0.019714
31
-0.080415
12
-0.003603
22
-0.019812
32
-0.080312
0
3DFACE
62
1
10
-0.002524
20
-0.018803
30
-0.081494
11
-0.003294
21
-0.019252
31
-0.080938
12
-0.004156
22
-0.018906
32
-0.081170
0
3DFACE
62
1
10
-0.004734
20
-0.017960
30
-0.081965
11
-0.002524
21
-0.018803
31
-0.081494
12
-0.004156
22
-0.018906
32
-0.081170
0
3DFACE
62
1
10
-0.004998
20
-0.017195
30
-0.082574
11
-0.004929
21
-0.017220
31
-0.082566
12
-0.004734
22
-0.017960
32
-0.081965
0
3DFACE
62
1
10
-0.004843
20
-0.017243
30
-0.082563
11
-0.004734
21
-0.017960
31
-0.081965
12
-0.004929
22
-0.017220
32
-0.082566
0
3DFACE
62
1
10
-0.005116
20
-0.017140
30
-0.082599
11
-0.004998
21
-0.017195
31
-0.082574
12
-0.004734
22
-0.017960
32
-0.081965
0
3DFACE
62
1
10
-0.004727
20
-0.017263
30
-0.082566
11
-0.004734
21
-0.017960
31
-0.081965
12
-0.004843
22
-0.017243
32
-0.082563
0
3DFACE
62
1
10
-0.004604
20
-0.017275
30
-0.082579
11
-0.004734
21
-0.017960
31
-0.081965
12
-0.004727
22
-0.017263
32
-0.082566
0
3DFACE
62
1
10
-0.005233
20
-0.017063
30
-0.082640
11
-0.005116
21
-0.017140
31
-0.082599
12
-0.004734
22
-0.017960
32
-0.081965
0
3DFACE
62
1
10
-0.004469
20
-0.017278
30
-0.082600
11
-0.004734
21
-0.017960
31
-0.081965
12
-0.004604
22
-0.017275
32
-0.082579
0
3DFACE
62
1
10
-0.005336
20
-0.016974
30
-0.082692
11
-0.005233
21
-0.017063
31
-0.082640
12
-0.004734
22
-0.017960
32
-0.081965
0
3DFACE
62
1
10
-0.003320
20
-0.017258
30
-0.082816
11
-0.002524
21
-0.018803
31
-0.081494
12
-0.004734
22
-0.017960
32
-0.081965
0
3DFACE
62
1
10
-0.003320
20
-0.017258
30
-0.082816
11
-0.004734
21
-0.017960
31
-0.081965
12
-0.004469
22
-0.017278
32
-0.082600
0
3DFACE
62
1
10
-0.001595
20
-0.017813
30
-0.082589
11
-0.001442
21
-0.018065
31
-0.082371
12
-0.002524
22
-0.018803
32
-0.081494
0
3DFACE
62
1
10
-0.001595
20
-0.017813
30
-0.082589
11
-0.002524
21
-0.018803
31
-0.081494
12
-0.003320
22
-0.017258
32
-0.082816
0
3DFACE
62
1
10
-0.001751
20
-0.017559
30
-0.082802
11
-0.001595
21
-0.017813
31
-0.082589
12
-0.003320
22
-0.017258
32
-0.082816
0
3DFACE
62
1
10
-0.001908
20
-0.017302
30
-0.083011
11
-0.001751
21
-0.017559
31
-0.082802
12
-0.003320
22
-0.017258
32
-0.082816
0
3DFACE
62
1
10
-0.005412
20
-0.020319
30
-0.094567
11
-0.005661
21
-0.019911
31
-0.094781
12
-0.003963
22
-0.013938
32
-0.085198
0
3DFACE
62
1
10
-0.005412
20
-0.020319
30
-0.094567
11
-0.003963
21
-0.013938
31
-0.085198
12
-0.003788
22
-0.014223
32
-0.085048
0
3DFACE
62
1
10
-0.005164
20
-0.020724
30
-0.094345
11
-0.003788
21
-0.014223
31
-0.085048
12
-0.003615
22
-0.014507
32
-0.084893
0
3DFACE
62
1
10
-0.005164
20
-0.020724
30
-0.094345
11
-0.005412
21
-0.020319
31
-0.094567
12
-0.003788
22
-0.014223
32
-0.085048
0
3DFACE
62
1
10
-0.004919
20
-0.021126
30
-0.094117
11
-0.003615
21
-0.014507
31
-0.084893
12
-0.003443
22
-0.014788
32
-0.084732
0
3DFACE
62
1
10
-0.004919
20
-0.021126
30
-0.094117
11
-0.005164
21
-0.020724
31
-0.094345
12
-0.003615
22
-0.014507
32
-0.084893
0
3DFACE
62
1
10
-0.006036
20
-0.015829
30
-0.083425
11
-0.005159
21
-0.016200
31
-0.083333
12
-0.005297
22
-0.016331
32
-0.083205
0
3DFACE
62
1
10
-0.006036
20
-0.015829
30
-0.083425
11
-0.005297
21
-0.016331
31
-0.083205
12
-0.005370
22
-0.016434
32
-0.083111
0
3DFACE
62
1
10
-0.006036
20
-0.015829
30
-0.083425
11
-0.005370
21
-0.016434
31
-0.083111
12
-0.005412
22
-0.016529
32
-0.083030
0
3DFACE
62
1
10
-0.006036
20
-0.015829
30
-0.083425
11
-0.005412
21
-0.016529
31
-0.083030
12
-0.005431
22
-0.016628
32
-0.082949
0
3DFACE
62
1
10
-0.006036
20
-0.015829
30
-0.083425
11
-0.005431
21
-0.016628
31
-0.082949
12
-0.005431
22
-0.016740
32
-0.082861
0
3DFACE
62
1
10
-0.006036
20
-0.015829
30
-0.083425
11
-0.005431
21
-0.016740
31
-0.082861
12
-0.005410
22
-0.016853
32
-0.082775
0
3DFACE
62
1
10
-0.004442
20
-0.015663
30
-0.083883
11
-0.005159
21
-0.016200
31
-0.083333
12
-0.006036
22
-0.015829
32
-0.083425
0
3DFACE
62
1
10
-0.006681
20
-0.014773
30
-0.084002
11
-0.004442
21
-0.015663
31
-0.083883
12
-0.006036
22
-0.015829
32
-0.083425
0
3DFACE
62
1
10
-0.006996
20
-0.013925
30
-0.084456
11
-0.006926
21
-0.013950
31
-0.084459
12
-0.006681
22
-0.014773
32
-0.084002
0
3DFACE
62
1
10
-0.006841
20
-0.013972
30
-0.084467
11
-0.006681
21
-0.014773
31
-0.084002
12
-0.006926
22
-0.013950
32
-0.084459
0
3DFACE
62
1
10
-0.007115
20
-0.013867
30
-0.084460
11
-0.006996
21
-0.013925
31
-0.084456
12
-0.006681
22
-0.014773
32
-0.084002
0
3DFACE
62
1
10
-0.006726
20
-0.013991
30
-0.084485
11
-0.006681
21
-0.014773
31
-0.084002
12
-0.006841
22
-0.013972
32
-0.084467
0
3DFACE
62
1
10
-0.006605
20
-0.014000
30
-0.084510
11
-0.006681
21
-0.014773
31
-0.084002
12
-0.006726
22
-0.013991
32
-0.084485
0
3DFACE
62
1
10
-0.007235
20
-0.013786
30
-0.084477
11
-0.007115
21
-0.013867
31
-0.084460
12
-0.006681
22
-0.014773
32
-0.084002
0
3DFACE
62
1
10
-0.006472
20
-0.013999
30
-0.084545
11
-0.006681
21
-0.014773
31
-0.084002
12
-0.006605
22
-0.014000
32
-0.084510
0
3DFACE
62
1
10
-0.007342
20
-0.013691
30
-0.084505
11
-0.007235
21
-0.013786
31
-0.084477
12
-0.006681
22
-0.014773
32
-0.084002
0
3DFACE
62
1
10
-0.005350
20
-0.013936
30
-0.084864
11
-0.004442
21
-0.015663
31
-0.083883
12
-0.006681
22
-0.014773
32
-0.084002
0
3DFACE
62
1
10
-0.005350
20
-0.013936
30
-0.084864
11
-0.006681
21
-0.014773
31
-0.084002
12
-0.006472
22
-0.013999
32
-0.084545
0
3DFACE
62
1
10
-0.003615
20
-0.014507
30
-0.084893
11
-0.003443
21
-0.014788
31
-0.084732
12
-0.004442
22
-0.015663
32
-0.083883
0
3DFACE
62
1
10
-0.003615
20
-0.014507
30
-0.084893
11
-0.004442
21
-0.015663
31
-0.083883
12
-0.005350
22
-0.013936
32
-0.084864
0
3DFACE
62
1
10
-0.003788
20
-0.014223
30
-0.085048
11
-0.003615
21
-0.014507
31
-0.084893
12
-0.005350
22
-0.013936
32
-0.084864
0
3DFACE
62
1
10
-0.003963
20
-0.013938
30
-0.085198
11
-0.003788
21
-0.014223
31
-0.085048
12
-0.005350
22
-0.013936
32
-0.084864
0
3DFACE
62
1
10
-0.008580
20
-0.015133
30
-0.096694
11
-0.008846
21
-0.014698
31
-0.096817
12
-0.006192
22
-0.010289
32
-0.086623
0
3DFACE
62
1
10
-0.008580
20
-0.015133
30
-0.096694
11
-0.006192
21
-0.010289
31
-0.086623
12
-0.006006
22
-0.010593
32
-0.086537
0
3DFACE
62
1
10
-0.008316
20
-0.015566
30
-0.096564
11
-0.006006
21
-0.010593
31
-0.086537
12
-0.005821
22
-0.010896
32
-0.086445
0
3DFACE
62
1
10
-0.008316
20
-0.015566
30
-0.096564
11
-0.008580
21
-0.015133
31
-0.096694
12
-0.006006
22
-0.010593
32
-0.086537
0
3DFACE
62
1
10
-0.008052
20
-0.015997
30
-0.096426
11
-0.005821
21
-0.010896
31
-0.086445
12
-0.005637
22
-0.011198
32
-0.086349
0
3DFACE
62
1
10
-0.008052
20
-0.015997
30
-0.096426
11
-0.008316
21
-0.015566
31
-0.096564
12
-0.005821
22
-0.010896
32
-0.086445
0
3DFACE
62
1
10
-0.008100
20
-0.012450
30
-0.084978
11
-0.007221
21
-0.012824
31
-0.085030
12
-0.007348
22
-0.012974
32
-0.084912
0
3DFACE
62
1
10
-0.008100
20
-0.012450
30
-0.084978
11
-0.007348
21
-0.012974
31
-0.084912
12
-0.007412
22
-0.013092
32
-0.084829
0
3DFACE
62
1
10
-0.008100
20
-0.012450
30
-0.084978
11
-0.007412
21
-0.013092
31
-0.084829
12
-0.007446
22
-0.013199
32
-0.084759
0
3DFACE
62
1
10
-0.008100
20
-0.012450
30
-0.084978
11
-0.007446
21
-0.013199
31
-0.084759
12
-0.007459
22
-0.013309
32
-0.084693
0
3DFACE
62
1
10
-0.008100
20
-0.012450
30
-0.084978
11
-0.007459
21
-0.013309
31
-0.084693
12
-0.007451
22
-0.013434
32
-0.084625
0
3DFACE
62
1
10
-0.008100
20
-0.012450
30
-0.084978
11
-0.007451
21
-0.013434
31
-0.084625
12
-0.007423
22
-0.013558
32
-0.084560
0
3DFACE
62
1
10
-0.006556
20
-0.012203
30
-0.085555
11
-0.007221
21
-0.012824
31
-0.085030
12
-0.008100
22
-0.012450
32
-0.084978
0
3DFACE
62
1
10
-0.008789
20
-0.011322
30
-0.085318
11
-0.006556
21
-0.012203
31
-0.085555
12
-0.008100
22
-0.012450
32
-0.084978
0
3DFACE
62
1
10
-0.009141
20
-0.010415
30
-0.085601
11
-0.009071
21
-0.010439
31
-0.085614
12
-0.008789
22
-0.011322
32
-0.085318
0
3DFACE
62
1
10
-0.008988
20
-0.010459
30
-0.085634
11
-0.008789
21
-0.011322
31
-0.085318
12
-0.009071
22
-0.010439
32
-0.085614
0
3DFACE
62
1
10
-0.009258
20
-0.010358
30
-0.085584
11
-0.009141
21
-0.010415
31
-0.085601
12
-0.008789
22
-0.011322
32
-0.085318
0
3DFACE
62
1
10
-0.008875
20
-0.010474
30
-0.085666
11
-0.008789
21
-0.011322
31
-0.085318
12
-0.008988
22
-0.010459
32
-0.085634
0
3DFACE
62
1
10
-0.008757
20
-0.010478
30
-0.085704
11
-0.008789
21
-0.011322
31
-0.085318
12
-0.008875
22
-0.010474
32
-0.085666
0
3DFACE
62
1
10
-0.009379
20
-0.010276
30
-0.085577
11
-0.009258
21
-0.010358
31
-0.085584
12
-0.008789
22
-0.011322
32
-0.085318
0
3DFACE
62
1
10
-0.008628
20
-0.010470
30
-0.085750
11
-0.008789
21
-0.011322
31
-0.085318
12
-0.008757
22
-0.010478
32
-0.085704
0
3DFACE
62
1
10
-0.009487
20
-0.010179
30
-0.085579
11
-0.009379
21
-0.010276
31
-0.085577
12
-0.008789
22
-0.011322
32
-0.085318
0
3DFACE
62
1
10
-0.007541
20
-0.010350
30
-0.086161
11
-0.006556
21
-0.012203
31
-0.085555
12
-0.008789
22
-0.011322
32
-0.085318
0
3DFACE
62
1
10
-0.007541
20
-0.010350
30
-0.086161
11
-0.008789
21
-0.011322
31
-0.085318
12
-0.008628
22
-0.010470
32
-0.085750
0
3DFACE
62
1
10
-0.005821
20
-0.010896
30
-0.086445
11
-0.005637
21
-0.011198
31
-0.086349
12
-0.006556
22
-0.012203
32
-0.085555
0
3DFACE
62
1
10
-0.005821
20
-0.010896
30
-0.086445
11
-0.006556
21
-0.012203
31
-0.085555
12
-0.007541
22
-0.010350
32
-0.086161
0
3DFACE
62
1
10
-0.006006
20
-0.010593
30
-0.086537
11
-0.005821
21
-0.010896
31
-0.086445
12
-0.007541
22
-0.010350
32
-0.086161
0
3DFACE
62
1
10
-0.006192
20
-0.010289
30
-0.086623
11
-0.006006
21
-0.010593
31
-0.086537
12
-0.007541
22
-0.010350
32
-0.086161
0
3DFACE
62
1
10
-0.011899
20
-0.009701
30
-0.097669
11
-0.012171
21
-0.009255
31
-0.097696
12
-0.008520
22
-0.006478
32
-0.087238
0
3DFACE
62
1
10
-0.011899
20
-0.009701
30
-0.097669
11
-0.008520
21
-0.006478
31
-0.087238
12
-0.008329
22
-0.006791
32
-0.087219
0
3DFACE
62
1
10
-0.011626
20
-0.010147
30
-0.097634
11
-0.008329
21
-0.006791
31
-0.087219
12
-0.008138
22
-0.007103
32
-0.087194
0
3DFACE
62
1
10
-0.011626
20
-0.010147
30
-0.097634
11
-0.011899
21
-0.009701
31
-0.097669
12
-0.008329
22
-0.006791
32
-0.087219
0
3DFACE
62
1
10
-0.011354
20
-0.010592
30
-0.097591
11
-0.008138
21
-0.007103
31
-0.087194
12
-0.007948
22
-0.007415
32
-0.087164
0
3DFACE
62
1
10
-0.011354
20
-0.010592
30
-0.097591
11
-0.011626
21
-0.010147
31
-0.097634
12
-0.008138
22
-0.007103
32
-0.087194
0
3DFACE
62
1
10
-0.010278
20
-0.008885
30
-0.085777
11
-0.009411
21
-0.009240
31
-0.085971
12
-0.009527
22
-0.009408
32
-0.085866
0
3DFACE
62
1
10
-0.010278
20
-0.008885
30
-0.085777
11
-0.009527
21
-0.009408
31
-0.085866
12
-0.009584
22
-0.009537
32
-0.085797
0
3DFACE
62
1
10
-0.010278
20
-0.008885
30
-0.085777
11
-0.009584
21
-0.009537
31
-0.085797
12
-0.009612
22
-0.009654
32
-0.085742
0
3DFACE
62
1
10
-0.010278
20
-0.008885
30
-0.085777
11
-0.009612
21
-0.009654
31
-0.085742
12
-0.009619
22
-0.009773
32
-0.085694
0
3DFACE
62
1
10
-0.010278
20
-0.008885
30
-0.085777
11
-0.009619
21
-0.009773
31
-0.085694
12
-0.009605
22
-0.009907
32
-0.085646
0
3DFACE
62
1
10
-0.010278
20
-0.008885
30
-0.085777
11
-0.009605
21
-0.009907
31
-0.085646
12
-0.009572
22
-0.010040
32
-0.085605
0
3DFACE
62
1
10
-0.008794
20
-0.008539
30
-0.086454
11
-0.009411
21
-0.009240
31
-0.085971
12
-0.010278
22
-0.008885
32
-0.085777
0
3DFACE
62
1
10
-0.010988
20
-0.007723
30
-0.085869
11
-0.008794
21
-0.008539
31
-0.086454
12
-0.010278
22
-0.008885
32
-0.085777
0
3DFACE
62
1
10
-0.011358
20
-0.006786
30
-0.085971
11
-0.011290
21
-0.006806
31
-0.085994
12
-0.010988
22
-0.007723
32
-0.085869
0
3DFACE
62
1
10
-0.011209
20
-0.006823
30
-0.086025
11
-0.010988
21
-0.007723
31
-0.085869
12
-0.011290
22
-0.006806
32
-0.085994
0
3DFACE
62
1
10
-0.011473
20
-0.006733
30
-0.085934
11
-0.011358
21
-0.006786
31
-0.085971
12
-0.010988
22
-0.007723
32
-0.085869
0
3DFACE
62
1
10
-0.011100
20
-0.006832
30
-0.086069
11
-0.010988
21
-0.007723
31
-0.085869
12
-0.011209
22
-0.006823
32
-0.086025
0
3DFACE
62
1
10
-0.010986
20
-0.006828
30
-0.086118
11
-0.010988
21
-0.007723
31
-0.085869
12
-0.011100
22
-0.006832
32
-0.086069
0
3DFACE
62
1
10
-0.011592
20
-0.006654
30
-0.085903
11
-0.011473
21
-0.006733
31
-0.085934
12
-0.010988
22
-0.007723
32
-0.085869
0
3DFACE
62
1
10
-0.010862
20
-0.006813
30
-0.086175
11
-0.010988
21
-0.007723
31
-0.085869
12
-0.010986
22
-0.006828
32
-0.086118
0
3DFACE
62
1
10
-0.011699
20
-0.006558
30
-0.085879
11
-0.011592
21
-0.006654
31
-0.085903
12
-0.010988
22
-0.007723
32
-0.085869
0
3DFACE
62
1
10
-0.009819
20
-0.006621
30
-0.086665
11
-0.008794
21
-0.008539
31
-0.086454
12
-0.010988
22
-0.007723
32
-0.085869
0
3DFACE
62
1
10
-0.009819
20
-0.006621
30
-0.086665
11
-0.010988
21
-0.007723
31
-0.085869
12
-0.010862
22
-0.006813
32
-0.086175
0
3DFACE
62
1
10
-0.008138
20
-0.007103
30
-0.087194
11
-0.007948
21
-0.007415
31
-0.087164
12
-0.008794
22
-0.008539
32
-0.086454
0
3DFACE
62
1
10
-0.008138
20
-0.007103
30
-0.087194
11
-0.008794
21
-0.008539
31
-0.086454
12
-0.009819
22
-0.006621
32
-0.086665
0
3DFACE
62
1
10
-0.008329
20
-0.006791
30
-0.087219
11
-0.008138
21
-0.007103
31
-0.087194
12
-0.009819
22
-0.006621
32
-0.086665
0
3DFACE
62
1
10
-0.008520
20
-0.006478
30
-0.087238
11
-0.008329
21
-0.006791
31
-0.087219
12
-0.009819
22
-0.006621
32
-0.086665
0
3DFACE
62
1
10
-0.015254
20
-0.004209
30
-0.097457
11
-0.015524
21
-0.003766
31
-0.097388
12
-0.010867
22
-0.002636
32
-0.087022
0
3DFACE
62
1
10
-0.015254
20
-0.004209
30
-0.097457
11
-0.010678
21
-0.002946
31
-0.087071
12
-0.010488
22
-0.003257
32
-0.087114
0
3DFACE
62
1
10
-0.015254
20
-0.004209
30
-0.097457
11
-0.010867
21
-0.002636
31
-0.087022
12
-0.010678
22
-0.002946
32
-0.087071
0
3DFACE
62
1
10
-0.014983
20
-0.004653
30
-0.097518
11
-0.015254
21
-0.004209
31
-0.097457
12
-0.010488
22
-0.003257
32
-0.087114
0
3DFACE
62
1
10
-0.014711
20
-0.005097
30
-0.097572
11
-0.010488
21
-0.003257
31
-0.087114
12
-0.010298
22
-0.003568
32
-0.087151
0
3DFACE
62
1
10
-0.014711
20
-0.005097
30
-0.097572
11
-0.014983
21
-0.004653
31
-0.097518
12
-0.010488
22
-0.003257
32
-0.087114
0
3DFACE
62
1
10
-0.012495
20
-0.005255
30
-0.085795
11
-0.011654
21
-0.005569
31
-0.086124
12
-0.011760
22
-0.005752
32
-0.086037
0
3DFACE
62
1
10
-0.012495
20
-0.005255
30
-0.085795
11
-0.011760
21
-0.005752
31
-0.086037
12
-0.011811
22
-0.005891
32
-0.085983
0
3DFACE
62
1
10
-0.012495
20
-0.005255
30
-0.085795
11
-0.011811
21
-0.005891
31
-0.085983
12
-0.011835
22
-0.006015
32
-0.085945
0
3DFACE
62
1
10
-0.012495
20
-0.005255
30
-0.085795
11
-0.011835
21
-0.006015
31
-0.085945
12
-0.011838
22
-0.006141
32
-0.085915
0
3DFACE
62
1
10
-0.012495
20
-0.005255
30
-0.085795
11
-0.011838
21
-0.006141
31
-0.085915
12
-0.011821
22
-0.006280
32
-0.085891
0
3DFACE
62
1
10
-0.012495
20
-0.005255
30
-0.085795
11
-0.011821
21
-0.006280
31
-0.085891
12
-0.011785
22
-0.006418
32
-0.085875
0
3DFACE
62
1
10
-0.011081
20
-0.004796
30
-0.086548
11
-0.011654
21
-0.005569
31
-0.086124
12
-0.012495
22
-0.005255
32
-0.085795
0
3DFACE
62
1
10
-0.013202
20
-0.004099
30
-0.085635
11
-0.011081
21
-0.004796
31
-0.086548
12
-0.012495
22
-0.005255
32
-0.085795
0
3DFACE
62
1
10
-0.013573
20
-0.003160
30
-0.085553
11
-0.013508
21
-0.003176
31
-0.085586
12
-0.013202
22
-0.004099
32
-0.085635
0
3DFACE
62
1
10
-0.013430
20
-0.003187
30
-0.085626
11
-0.013202
21
-0.004099
31
-0.085635
12
-0.013508
22
-0.003176
32
-0.085586
0
3DFACE
62
1
10
-0.013684
20
-0.003114
30
-0.085498
11
-0.013573
21
-0.003160
31
-0.085553
12
-0.013202
22
-0.004099
32
-0.085635
0
3DFACE
62
1
10
-0.013326
20
-0.003188
30
-0.085681
11
-0.013202
21
-0.004099
31
-0.085635
12
-0.013430
22
-0.003187
32
-0.085626
0
3DFACE
62
1
10
-0.013218
20
-0.003176
30
-0.085740
11
-0.013202
21
-0.004099
31
-0.085635
12
-0.013326
22
-0.003188
32
-0.085681
0
3DFACE
62
1
10
-0.013798
20
-0.003042
30
-0.085443
11
-0.013684
21
-0.003114
31
-0.085498
12
-0.013202
22
-0.004099
32
-0.085635
0
3DFACE
62
1
10
-0.013099
20
-0.003151
30
-0.085805
11
-0.013202
21
-0.004099
31
-0.085635
12
-0.013218
22
-0.003176
32
-0.085740
0
3DFACE
62
1
10
-0.013902
20
-0.002952
30
-0.085394
11
-0.013798
21
-0.003042
31
-0.085443
12
-0.013202
22
-0.004099
32
-0.085635
0
3DFACE
62
1
10
-0.012106
20
-0.002877
30
-0.086357
11
-0.011081
21
-0.004796
31
-0.086548
12
-0.013202
22
-0.004099
32
-0.085635
0
3DFACE
62
1
10
-0.012106
20
-0.002877
30
-0.086357
11
-0.013202
21
-0.004099
31
-0.085635
12
-0.013099
22
-0.003151
32
-0.085805
0
3DFACE
62
1
10
-0.010488
20
-0.003257
30
-0.087114
11
-0.010298
21
-0.003568
31
-0.087151
12
-0.011081
22
-0.004796
32
-0.086548
0
3DFACE
62
1
10
-0.010488
20
-0.003257
30
-0.087114
11
-0.011081
21
-0.004796
31
-0.086548
12
-0.012106
22
-0.002877
32
-0.086357
0
3DFACE
62
1
10
-0.010678
20
-0.002946
30
-0.087071
11
-0.010488
21
-0.003257
31
-0.087114
12
-0.012106
22
-0.002877
32
-0.086357
0
3DFACE
62
1
10
-0.010867
20
-0.002636
30
-0.087022
11
-0.010678
21
-0.002946
31
-0.087071
12
-0.012106
22
-0.002877
32
-0.086357
0
3DFACE
62
1
10
-0.018532
20
0.001156
30
-0.096066
11
-0.018791
21
0.001581
31
-0.095903
12
-0.013154
22
0.001107
32
-0.085983
0
3DFACE
62
1
10
-0.018532
20
0.001156
30
-0.096066
11
-0.012972
21
0.000809
31
-0.086097
12
-0.012790
22
0.000511
32
-0.086206
0
3DFACE
62
1
10
-0.018532
20
0.001156
30
-0.096066
11
-0.013154
21
0.001107
31
-0.085983
12
-0.012972
22
0.000809
32
-0.086097
0
3DFACE
62
1
10
-0.018271
20
0.000730
30
-0.096222
11
-0.012790
21
0.000511
31
-0.086206
12
-0.012606
22
0.000211
32
-0.086310
0
3DFACE
62
1
10
-0.018271
20
0.000730
30
-0.096222
11
-0.018532
21
0.001156
31
-0.096066
12
-0.012790
22
0.000511
32
-0.086206
0
3DFACE
62
1
10
-0.018009
20
0.000301
30
-0.096371
11
-0.018271
21
0.000730
31
-0.096222
12
-0.012606
22
0.000211
32
-0.086310
0
3DFACE
62
1
10
-0.014677
20
-0.001685
30
-0.085031
11
-0.013873
21
-0.001936
31
-0.085485
12
-0.013972
22
-0.002132
32
-0.085417
0
3DFACE
62
1
10
-0.014677
20
-0.001685
30
-0.085031
11
-0.013972
21
-0.002132
31
-0.085417
12
-0.014019
22
-0.002278
32
-0.085381
0
3DFACE
62
1
10
-0.014677
20
-0.001685
30
-0.085031
11
-0.014019
21
-0.002278
31
-0.085381
12
-0.014039
22
-0.002406
32
-0.085361
0
3DFACE
62
1
10
-0.014677
20
-0.001685
30
-0.085031
11
-0.014039
21
-0.002406
31
-0.085361
12
-0.014041
22
-0.002536
32
-0.085351
0
3DFACE
62
1
10
-0.014677
20
-0.001685
30
-0.085031
11
-0.014041
21
-0.002536
31
-0.085351
12
-0.014022
22
-0.002677
32
-0.085351
0
3DFACE
62
1
10
-0.014677
20
-0.001685
30
-0.085031
11
-0.014022
21
-0.002677
31
-0.085351
12
-0.013986
22
-0.002815
32
-0.085360
0
3DFACE
62
1
10
-0.013337
20
-0.001102
30
-0.085835
11
-0.013873
21
-0.001936
31
-0.085485
12
-0.014677
22
-0.001685
32
-0.085031
0
3DFACE
62
1
10
-0.015356
20
-0.000573
30
-0.084625
11
-0.013337
21
-0.001102
31
-0.085835
12
-0.014677
22
-0.001685
32
-0.085031
0
3DFACE
62
1
10
-0.015710
20
0.000339
30
-0.084361
11
-0.015649
21
0.000328
31
-0.084402
12
-0.015356
22
-0.000573
32
-0.084625
0
3DFACE
62
1
10
-0.015575
20
0.000324
30
-0.084451
11
-0.015356
21
-0.000573
31
-0.084625
12
-0.015649
22
0.000328
32
-0.084402
0
3DFACE
62
1
10
-0.015815
20
0.000374
30
-0.084289
11
-0.015710
21
0.000339
31
-0.084361
12
-0.015356
22
-0.000573
32
-0.084625
0
3DFACE
62
1
10
-0.015477
20
0.000333
30
-0.084516
11
-0.015356
21
-0.000573
31
-0.084625
12
-0.015575
22
0.000324
32
-0.084451
0
3DFACE
62
1
10
-0.015374
20
0.000355
30
-0.084582
11
-0.015356
21
-0.000573
31
-0.084625
12
-0.015477
22
0.000333
32
-0.084516
0
3DFACE
62
1
10
-0.015923
20
0.000436
30
-0.084213
11
-0.015815
21
0.000374
31
-0.084289
12
-0.015356
22
-0.000573
32
-0.084625
0
3DFACE
62
1
10
-0.015263
20
0.000391
30
-0.084654
11
-0.015356
21
-0.000573
31
-0.084625
12
-0.015374
22
0.000355
32
-0.084582
0
3DFACE
62
1
10
-0.016021
20
0.000516
30
-0.084142
11
-0.015923
21
0.000436
31
-0.084213
12
-0.015356
22
-0.000573
32
-0.084625
0
3DFACE
62
1
10
-0.014325
20
0.000755
30
-0.085248
11
-0.013337
21
-0.001102
31
-0.085835
12
-0.015356
22
-0.000573
32
-0.084625
0
3DFACE
62
1
10
-0.014325
20
0.000755
30
-0.085248
11
-0.015356
21
-0.000573
31
-0.084625
12
-0.015263
22
0.000391
32
-0.084654
0
3DFACE
62
1
10
-0.012790
20
0.000511
30
-0.086206
11
-0.012606
21
0.000211
31
-0.086310
12
-0.013337
22
-0.001102
32
-0.085835
0
3DFACE
62
1
10
-0.012790
20
0.000511
30
-0.086206
11
-0.013337
21
-0.001102
31
-0.085835
12
-0.014325
22
0.000755
32
-0.085248
0
3DFACE
62
1
10
-0.012972
20
0.000809
30
-0.086097
11
-0.012790
21
0.000511
31
-0.086206
12
-0.014325
22
0.000755
32
-0.085248
0
3DFACE
62
1
10
-0.013154
20
0.001107
30
-0.085983
11
-0.012972
21
0.000809
31
-0.086097
12
-0.014325
22
0.000755
32
-0.085248
0
3DFACE
62
1
10
-0.021620
20
0.006212
30
-0.093544
11
-0.021860
21
0.006604
31
-0.093292
12
-0.015302
22
0.004623
32
-0.084155
0
3DFACE
62
1
10
-0.021620
20
0.006212
30
-0.093544
11
-0.015302
21
0.004623
31
-0.084155
12
-0.015134
22
0.004349
32
-0.084331
0
3DFACE
62
1
10
-0.021379
20
0.005817
30
-0.093789
11
-0.014965
21
0.004072
31
-0.084503
12
-0.014795
22
0.003794
32
-0.084670
0
3DFACE
62
1
10
-0.021379
20
0.005817
30
-0.093789
11
-0.015134
21
0.004349
31
-0.084331
12
-0.014965
22
0.004072
32
-0.084503
0
3DFACE
62
1
10
-0.021379
20
0.005817
30
-0.093789
11
-0.021620
21
0.006212
31
-0.093544
12
-0.015134
22
0.004349
32
-0.084331
0
3DFACE
62
1
10
-0.021136
20
0.005419
30
-0.094027
11
-0.021379
21
0.005817
31
-0.093789
12
-0.014795
22
0.003794
32
-0.084670
0
3DFACE
62
1
10
-0.016748
20
0.001705
30
-0.083512
11
-0.015993
21
0.001534
31
-0.084074
12
-0.016086
22
0.001330
32
-0.084028
0
3DFACE
62
1
10
-0.016748
20
0.001705
30
-0.083512
11
-0.016086
21
0.001330
31
-0.084028
12
-0.016131
22
0.001179
32
-0.084012
0
3DFACE
62
1
10
-0.016748
20
0.001705
30
-0.083512
11
-0.016131
21
0.001179
31
-0.084012
12
-0.016150
22
0.001049
32
-0.084010
0
3DFACE
62
1
10
-0.016748
20
0.001705
30
-0.083512
11
-0.016150
21
0.001049
31
-0.084010
12
-0.016152
22
0.000920
32
-0.084021
0
3DFACE
62
1
10
-0.016748
20
0.001705
30
-0.083512
11
-0.016152
21
0.000920
31
-0.084021
12
-0.016135
22
0.000781
32
-0.084044
0
3DFACE
62
1
10
-0.016748
20
0.001705
30
-0.083512
11
-0.016135
21
0.000781
31
-0.084044
12
-0.016100
22
0.000646
32
-0.084078
0
3DFACE
62
1
10
-0.015487
20
0.002417
30
-0.084339
11
-0.015993
21
0.001534
31
-0.084074
12
-0.016748
22
0.001705
32
-0.083512
0
3DFACE
62
1
10
-0.017376
20
0.002734
30
-0.082872
11
-0.015487
21
0.002417
31
-0.084339
12
-0.016748
22
0.001705
32
-0.083512
0
3DFACE
62
1
10
-0.017697
20
0.003591
30
-0.082437
11
-0.017640
21
0.003587
31
-0.082485
12
-0.017376
22
0.002734
32
-0.082872
0
3DFACE
62
1
10
-0.017571
20
0.003592
30
-0.082540
11
-0.017376
21
0.002734
31
-0.082872
12
-0.017640
22
0.003587
32
-0.082485
0
3DFACE
62
1
10
-0.017794
20
0.003614
30
-0.082350
11
-0.017697
21
0.003591
31
-0.082437
12
-0.017376
22
0.002734
32
-0.082872
0
3DFACE
62
1
10
-0.017479
20
0.003611
30
-0.082612
11
-0.017376
21
0.002734
31
-0.082872
12
-0.017571
22
0.003592
32
-0.082540
0
3DFACE
62
1
10
-0.017384
20
0.003644
30
-0.082683
11
-0.017376
21
0.002734
31
-0.082872
12
-0.017479
22
0.003611
32
-0.082612
0
3DFACE
62
1
10
-0.017894
20
0.003662
30
-0.082256
11
-0.017794
21
0.003614
31
-0.082350
12
-0.017376
22
0.002734
32
-0.082872
0
3DFACE
62
1
10
-0.017279
20
0.003691
30
-0.082759
11
-0.017376
21
0.002734
31
-0.082872
12
-0.017384
22
0.003644
32
-0.082683
0
3DFACE
62
1
10
-0.017984
20
0.003729
30
-0.082163
11
-0.017894
21
0.003662
31
-0.082256
12
-0.017376
22
0.002734
32
-0.082872
0
3DFACE
62
1
10
-0.016400
20
0.004152
30
-0.083375
11
-0.015487
21
0.002417
31
-0.084339
12
-0.017376
22
0.002734
32
-0.082872
0
3DFACE
62
1
10
-0.016400
20
0.004152
30
-0.083375
11
-0.017376
21
0.002734
31
-0.082872
12
-0.017279
22
0.003691
32
-0.082759
0
3DFACE
62
1
10
-0.014965
20
0.004072
30
-0.084503
11
-0.014795
21
0.003794
31
-0.084670
12
-0.015487
22
0.002417
32
-0.084339
0
3DFACE
62
1
10
-0.014965
20
0.004072
30
-0.084503
11
-0.015487
21
0.002417
31
-0.084339
12
-0.016400
22
0.004152
32
-0.083375
0
3DFACE
62
1
10
-0.015134
20
0.004349
30
-0.084331
11
-0.014965
21
0.004072
31
-0.084503
12
-0.016400
22
0.004152
32
-0.083375
0
3DFACE
62
1
10
-0.015302
20
0.004623
30
-0.084155
11
-0.015134
21
0.004349
31
-0.084331
12
-0.016400
22
0.004152
32
-0.083375
0
3DFACE
62
1
10
-0.024415
20
0.010787
30
-0.089976
11
-0.024626
21
0.011132
31
-0.089643
12
-0.017238
22
0.007792
32
-0.081601
0
3DFACE
62
1
10
-0.024415
20
0.010787
30
-0.089976
11
-0.017090
21
0.007551
31
-0.081834
12
-0.016941
22
0.007306
32
-0.082062
0
3DFACE
62
1
10
-0.024415
20
0.010787
30
-0.089976
11
-0.017238
21
0.007792
31
-0.081601
12
-0.017090
22
0.007551
32
-0.081834
0
3DFACE
62
1
10
-0.024201
20
0.010437
30
-0.090302
11
-0.016941
21
0.007306
31
-0.082062
12
-0.016789
22
0.007058
32
-0.082286
0
3DFACE
62
1
10
-0.024201
20
0.010437
30
-0.090302
11
-0.024415
21
0.010787
31
-0.089976
12
-0.016941
22
0.007306
32
-0.082062
0
3DFACE
62
1
10
-0.023985
20
0.010083
30
-0.090622
11
-0.024201
21
0.010437
31
-0.090302
12
-0.016789
22
0.007058
32
-0.082286
0
3DFACE
62
1
10
-0.018638
20
0.004799
30
-0.081288
11
-0.017942
21
0.004724
31
-0.081940
12
-0.018032
22
0.004515
32
-0.081918
0
3DFACE
62
1
10
-0.018638
20
0.004799
30
-0.081288
11
-0.018032
21
0.004515
31
-0.081918
12
-0.018076
22
0.004363
32
-0.081921
0
3DFACE
62
1
10
-0.018638
20
0.004799
30
-0.081288
11
-0.018076
21
0.004363
31
-0.081921
12
-0.018096
22
0.004234
32
-0.081938
0
3DFACE
62
1
10
-0.018638
20
0.004799
30
-0.081288
11
-0.018096
21
0.004234
31
-0.081938
12
-0.018099
22
0.004108
32
-0.081968
0
3DFACE
62
1
10
-0.018638
20
0.004799
30
-0.081288
11
-0.018099
21
0.004108
31
-0.081968
12
-0.018086
22
0.003974
32
-0.082015
0
3DFACE
62
1
10
-0.018638
20
0.004799
30
-0.081288
11
-0.018086
21
0.003974
31
-0.082015
12
-0.018056
22
0.003847
32
-0.082073
0
3DFACE
62
1
10
-0.017457
20
0.005641
30
-0.082110
11
-0.017942
21
0.004724
31
-0.081940
12
-0.018638
22
0.004799
32
-0.081288
0
3DFACE
62
1
10
-0.019195
20
0.005711
30
-0.080438
11
-0.017457
21
0.005641
31
-0.082110
12
-0.018638
22
0.004799
32
-0.081288
0
3DFACE
62
1
10
-0.019465
20
0.006485
30
-0.079845
11
-0.019413
21
0.006490
31
-0.079898
12
-0.019195
22
0.005711
32
-0.080438
0
3DFACE
62
1
10
-0.019350
20
0.006504
30
-0.079958
11
-0.019195
21
0.005711
31
-0.080438
12
-0.019413
22
0.006490
32
-0.079898
0
3DFACE
62
1
10
-0.019554
20
0.006494
30
-0.079747
11
-0.019465
21
0.006485
31
-0.079845
12
-0.019195
22
0.005711
32
-0.080438
0
3DFACE
62
1
10
-0.019266
20
0.006535
30
-0.080035
11
-0.019195
21
0.005711
31
-0.080438
12
-0.019350
22
0.006504
32
-0.079958
0
3DFACE
62
1
10
-0.019177
20
0.006579
30
-0.080109
11
-0.019195
21
0.005711
31
-0.080438
12
-0.019266
22
0.006535
32
-0.080035
0
3DFACE
62
1
10
-0.019643
20
0.006526
30
-0.079637
11
-0.019554
21
0.006494
31
-0.079747
12
-0.019195
22
0.005711
32
-0.080438
0
3DFACE
62
1
10
-0.019080
20
0.006639
30
-0.080185
11
-0.019195
21
0.005711
31
-0.080438
12
-0.019177
22
0.006579
32
-0.080109
0
3DFACE
62
1
10
-0.019724
20
0.006577
30
-0.079526
11
-0.019643
21
0.006526
31
-0.079637
12
-0.019195
22
0.005711
32
-0.080438
0
3DFACE
62
1
10
-0.018260
20
0.007197
30
-0.080804
11
-0.017457
21
0.005641
31
-0.082110
12
-0.019195
22
0.005711
32
-0.080438
0
3DFACE
62
1
10
-0.018260
20
0.007197
30
-0.080804
11
-0.019195
21
0.005711
31
-0.080438
12
-0.019080
22
0.006639
32
-0.080185
0
3DFACE
62
1
10
-0.016941
20
0.007306
30
-0.082062
11
-0.016789
21
0.007058
31
-0.082286
12
-0.017457
22
0.005641
32
-0.082110
0
3DFACE
62
1
10
-0.016941
20
0.007306
30
-0.082062
11
-0.017457
21
0.005641
31
-0.082110
12
-0.018260
22
0.007197
32
-0.080804
0
3DFACE
62
1
10
-0.017090
20
0.007551
30
-0.081834
11
-0.016941
21
0.007306
31
-0.082062
12
-0.018260
22
0.007197
32
-0.080804
0
3DFACE
62
1
10
-0.017238
20
0.007792
30
-0.081601
11
-0.017090
21
0.007551
31
-0.081834
12
-0.018260
22
0.007197
32
-0.080804
0
3DFACE
62
1
10
-0.026820
20
0.014724
30
-0.085483
11
-0.026996
21
0.015011
31
-0.085082
12
-0.018897
22
0.010508
32
-0.078409
0
3DFACE
62
1
10
-0.026820
20
0.014724
30
-0.085483
11
-0.018774
21
0.010306
31
-0.078689
12
-0.018649
22
0.010102
32
-0.078966
0
3DFACE
62
1
10
-0.026820
20
0.014724
30
-0.085483
11
-0.018897
21
0.010508
31
-0.078409
12
-0.018774
22
0.010306
32
-0.078689
0
3DFACE
62
1
10
-0.026641
20
0.014431
30
-0.085879
11
-0.018649
21
0.010102
31
-0.078966
12
-0.018522
22
0.009893
32
-0.079240
0
3DFACE
62
1
10
-0.026641
20
0.014431
30
-0.085879
11
-0.026820
21
0.014724
31
-0.085483
12
-0.018649
22
0.010102
32
-0.078966
0
3DFACE
62
1
10
-0.026459
20
0.014133
30
-0.086270
11
-0.026641
21
0.014431
31
-0.085879
12
-0.018522
22
0.009893
32
-0.079240
0
3DFACE
62
1
10
-0.020283
20
0.007492
30
-0.078436
11
-0.019653
21
0.007525
31
-0.079155
12
-0.019742
22
0.007314
32
-0.079158
0
3DFACE
62
1
10
-0.020283
20
0.007492
30
-0.078436
11
-0.019742
21
0.007314
31
-0.079158
12
-0.019787
22
0.007165
32
-0.079180
0
3DFACE
62
1
10
-0.020283
20
0.007492
30
-0.078436
11
-0.019787
21
0.007165
31
-0.079180
12
-0.019810
22
0.007040
32
-0.079215
0
3DFACE
62
1
10
-0.020283
20
0.007492
30
-0.078436
11
-0.019810
21
0.007040
31
-0.079215
12
-0.019817
22
0.006920
32
-0.079265
0
3DFACE
62
1
10
-0.020283
20
0.007492
30
-0.078436
11
-0.019817
21
0.006920
31
-0.079265
12
-0.019809
22
0.006795
32
-0.079333
0
3DFACE
62
1
10
-0.020283
20
0.007492
30
-0.078436
11
-0.019809
21
0.006795
31
-0.079333
12
-0.019786
22
0.006679
32
-0.079412
0
3DFACE
62
1
10
-0.019180
20
0.008461
30
-0.079225
11
-0.019653
21
0.007525
31
-0.079155
12
-0.020283
22
0.007492
32
-0.078436
0
3DFACE
62
1
10
-0.020749
20
0.008255
30
-0.077404
11
-0.019180
21
0.008461
31
-0.079225
12
-0.020283
22
0.007492
32
-0.078436
0
3DFACE
62
1
10
-0.020956
20
0.008925
30
-0.076674
11
-0.020909
21
0.008938
31
-0.076730
12
-0.020749
22
0.008255
32
-0.077404
0
3DFACE
62
1
10
-0.020852
20
0.008962
30
-0.076793
11
-0.020749
21
0.008255
31
-0.077404
12
-0.020909
22
0.008938
32
-0.076730
0
3DFACE
62
1
10
-0.021034
20
0.008917
30
-0.076568
11
-0.020956
21
0.008925
31
-0.076674
12
-0.020749
22
0.008255
32
-0.077404
0
3DFACE
62
1
10
-0.020774
20
0.009005
30
-0.076872
11
-0.020749
21
0.008255
31
-0.077404
12
-0.020852
22
0.008962
32
-0.076793
0
3DFACE
62
1
10
-0.020693
20
0.009060
30
-0.076946
11
-0.020749
21
0.008255
31
-0.077404
12
-0.020774
22
0.009005
32
-0.076872
0
3DFACE
62
1
10
-0.021113
20
0.008930
30
-0.076446
11
-0.021034
21
0.008917
31
-0.076568
12
-0.020749
22
0.008255
32
-0.077404
0
3DFACE
62
1
10
-0.020603
20
0.009132
30
-0.077021
11
-0.020749
21
0.008255
31
-0.077404
12
-0.020693
22
0.009060
32
-0.076946
0
3DFACE
62
1
10
-0.021182
20
0.008964
30
-0.076321
11
-0.021113
21
0.008930
31
-0.076446
12
-0.020749
22
0.008255
32
-0.077404
0
3DFACE
62
1
10
-0.019842
20
0.009786
30
-0.077620
11
-0.019180
21
0.008461
31
-0.079225
12
-0.020749
22
0.008255
32
-0.077404
0
3DFACE
62
1
10
-0.019842
20
0.009786
30
-0.077620
11
-0.020749
21
0.008255
31
-0.077404
12
-0.020603
22
0.009132
32
-0.077021
0
3DFACE
62
1
10
-0.018649
20
0.010102
30
-0.078966
11
-0.018522
21
0.009893
31
-0.079240
12
-0.019180
22
0.008461
32
-0.079225
0
3DFACE
62
1
10
-0.018649
20
0.010102
30
-0.078966
11
-0.019180
21
0.008461
31
-0.079225
12
-0.019842
22
0.009786
32
-0.077620
0
3DFACE
62
1
10
-0.018774
20
0.010306
30
-0.078689
11
-0.018649
21
0.010102
31
-0.078966
12
-0.019842
22
0.009786
32
-0.077620
0
3DFACE
62
1
10
-0.018897
20
0.010508
30
-0.078409
11
-0.018774
21
0.010306
31
-0.078689
12
-0.019842
22
0.009786
32
-0.077620
0
3DFACE
62
1
10
-0.028821
20
0.018000
30
-0.079992
11
-0.028888
21
0.018109
31
-0.079764
12
-0.020222
22
0.012676
32
-0.074686
0
3DFACE
62
1
10
-0.028821
20
0.018000
30
-0.079992
11
-0.020222
21
0.012676
31
-0.074686
12
-0.020175
22
0.012600
32
-0.074845
0
3DFACE
62
1
10
-0.028754
20
0.017889
30
-0.080220
11
-0.020175
21
0.012600
31
-0.074845
12
-0.020128
22
0.012522
32
-0.075005
0
3DFACE
62
1
10
-0.028754
20
0.017889
30
-0.080220
11
-0.028821
21
0.018000
31
-0.079992
12
-0.020175
22
0.012600
32
-0.074845
0
3DFACE
62
1
10
-0.028685
20
0.017777
30
-0.080447
11
-0.020128
21
0.012522
31
-0.075005
12
-0.020080
22
0.012444
32
-0.075163
0
3DFACE
62
1
10
-0.028685
20
0.017777
30
-0.080447
11
-0.028754
21
0.017889
31
-0.080220
12
-0.020128
22
0.012522
32
-0.075005
0
3DFACE
62
1
10
-0.028616
20
0.017663
30
-0.080672
11
-0.020080
21
0.012444
31
-0.075163
12
-0.020031
22
0.012364
32
-0.075321
0
3DFACE
62
1
10
-0.028616
20
0.017663
30
-0.080672
11
-0.028685
21
0.017777
31
-0.080447
12
-0.020080
22
0.012444
32
-0.075163
0
3DFACE
62
1
10
-0.028546
20
0.017548
30
-0.080897
11
-0.020031
21
0.012364
31
-0.075321
12
-0.019982
22
0.012284
32
-0.075479
0
3DFACE
62
1
10
-0.028546
20
0.017548
30
-0.080897
11
-0.028616
21
0.017663
31
-0.080672
12
-0.020031
22
0.012364
32
-0.075321
0
3DFACE
62
1
10
-0.028475
20
0.017432
30
-0.081120
11
-0.019982
21
0.012284
31
-0.075479
12
-0.019932
22
0.012202
32
-0.075635
0
3DFACE
62
1
10
-0.028475
20
0.017432
30
-0.081120
11
-0.028546
21
0.017548
31
-0.080897
12
-0.019982
22
0.012284
32
-0.075479
0
3DFACE
62
1
10
-0.021434
20
0.009376
30
-0.075625
11
-0.021234
21
0.009371
31
-0.075935
12
-0.021247
22
0.009260
32
-0.076001
0
3DFACE
62
1
10
-0.021434
20
0.009376
30
-0.075625
11
-0.021247
21
0.009260
31
-0.076001
12
-0.021246
22
0.009148
32
-0.076089
0
3DFACE
62
1
10
-0.021434
20
0.009376
30
-0.075625
11
-0.021246
21
0.009148
31
-0.076089
12
-0.021232
22
0.009045
32
-0.076188
0
3DFACE
62
1
10
-0.021207
20
0.009489
30
-0.075883
11
-0.021234
21
0.009371
31
-0.075935
12
-0.021434
22
0.009376
32
-0.075625
0
3DFACE
62
1
10
-0.021159
20
0.009633
30
-0.075842
11
-0.021207
21
0.009489
31
-0.075883
12
-0.021434
22
0.009376
32
-0.075625
0
3DFACE
62
1
10
-0.021068
20
0.009842
30
-0.075814
11
-0.021159
21
0.009633
31
-0.075842
12
-0.021434
22
0.009376
32
-0.075625
0
3DFACE
62
1
10
-0.021627
20
0.009692
30
-0.075052
11
-0.021068
21
0.009842
31
-0.075814
12
-0.021434
22
0.009376
32
-0.075625
0
3DFACE
62
1
10
-0.020597
20
0.010781
30
-0.075782
11
-0.021627
21
0.009692
31
-0.075052
12
-0.021811
22
0.009993
32
-0.074468
0
3DFACE
62
1
10
-0.020597
20
0.010781
30
-0.075782
11
-0.021068
21
0.009842
31
-0.075814
12
-0.021627
22
0.009692
32
-0.075052
0
3DFACE
62
1
10
-0.019982
20
0.012284
30
-0.075479
11
-0.019932
21
0.012202
31
-0.075635
12
-0.020597
22
0.010781
32
-0.075782
0
3DFACE
62
1
10
-0.020031
20
0.012364
30
-0.075321
11
-0.019982
21
0.012284
31
-0.075479
12
-0.020597
22
0.010781
32
-0.075782
0
3DFACE
62
1
10
-0.020080
20
0.012444
30
-0.075163
11
-0.020597
21
0.010781
31
-0.075782
12
-0.021811
22
0.009993
32
-0.074468
0
3DFACE
62
1
10
-0.020080
20
0.012444
30
-0.075163
11
-0.020031
21
0.012364
31
-0.075321
12
-0.020597
22
0.010781
32
-0.075782
0
3DFACE
62
1
10
-0.030151
20
0.020175
30
-0.074364
11
-0.030239
21
0.020320
31
-0.073869
12
-0.021167
22
0.014224
32
-0.070559
0
3DFACE
62
1
10
-0.030151
20
0.020175
30
-0.074364
11
-0.021167
21
0.014224
31
-0.070559
12
-0.021105
22
0.014123
32
-0.070906
0
3DFACE
62
1
10
-0.030058
20
0.020024
30
-0.074858
11
-0.021105
21
0.014123
31
-0.070906
12
-0.021041
22
0.014017
32
-0.071251
0
3DFACE
62
1
10
-0.030058
20
0.020024
30
-0.074858
11
-0.030151
21
0.020175
31
-0.074364
12
-0.021105
22
0.014123
32
-0.070906
0
3DFACE
62
1
10
-0.029962
20
0.019867
30
-0.075348
11
-0.021041
21
0.014017
31
-0.071251
12
-0.020974
22
0.013907
32
-0.071594
0
3DFACE
62
1
10
-0.029962
20
0.019867
30
-0.075348
11
-0.030058
21
0.020024
31
-0.074858
12
-0.021041
22
0.014017
32
-0.071251
0
3DFACE
62
1
10
-0.022623
20
0.011323
30
-0.071253
11
-0.022140
21
0.011595
31
-0.072032
12
-0.022234
22
0.011393
32
-0.072083
0
3DFACE
62
1
10
-0.022623
20
0.011323
30
-0.071253
11
-0.022234
21
0.011393
31
-0.072083
12
-0.022287
22
0.011256
32
-0.072142
0
3DFACE
62
1
10
-0.022623
20
0.011323
30
-0.071253
11
-0.022287
21
0.011256
31
-0.072142
12
-0.022320
22
0.011148
32
-0.072209
0
3DFACE
62
1
10
-0.022623
20
0.011323
30
-0.071253
11
-0.022320
21
0.011148
31
-0.072209
12
-0.022340
22
0.011049
32
-0.072290
0
3DFACE
62
1
10
-0.022623
20
0.011323
30
-0.071253
11
-0.022340
21
0.011049
31
-0.072290
12
-0.022348
22
0.010952
32
-0.072393
0
3DFACE
62
1
10
-0.022623
20
0.011323
30
-0.071253
11
-0.022348
21
0.010952
31
-0.072393
12
-0.022344
22
0.010866
32
-0.072508
0
3DFACE
62
1
10
-0.021660
20
0.012521
30
-0.071898
11
-0.022140
21
0.011595
31
-0.072032
12
-0.022623
22
0.011323
32
-0.071253
0
3DFACE
62
1
10
-0.022863
20
0.011716
30
-0.069968
11
-0.021660
21
0.012521
31
-0.071898
12
-0.022623
22
0.011323
32
-0.071253
0
3DFACE
62
1
10
-0.022909
20
0.012122
30
-0.069041
11
-0.022873
21
0.012153
31
-0.069099
12
-0.022863
22
0.011716
32
-0.069968
0
3DFACE
62
1
10
-0.022829
20
0.012197
30
-0.069161
11
-0.022863
21
0.011716
31
-0.069968
12
-0.022873
22
0.012153
32
-0.069099
0
3DFACE
62
1
10
-0.022966
20
0.012080
30
-0.068930
11
-0.022909
21
0.012122
31
-0.069041
12
-0.022863
22
0.011716
32
-0.069968
0
3DFACE
62
1
10
-0.022766
20
0.012264
30
-0.069236
11
-0.022863
21
0.011716
31
-0.069968
12
-0.022829
22
0.012197
32
-0.069161
0
3DFACE
62
1
10
-0.022698
20
0.012343
30
-0.069303
11
-0.022863
21
0.011716
31
-0.069968
12
-0.022766
22
0.012264
32
-0.069236
0
3DFACE
62
1
10
-0.023020
20
0.012052
30
-0.068798
11
-0.022966
21
0.012080
31
-0.068930
12
-0.022863
22
0.011716
32
-0.069968
0
3DFACE
62
1
10
-0.022622
20
0.012437
30
-0.069368
11
-0.022863
21
0.011716
31
-0.069968
12
-0.022698
22
0.012343
32
-0.069303
0
3DFACE
62
1
10
-0.023063
20
0.012044
30
-0.068658
11
-0.023020
21
0.012052
31
-0.068798
12
-0.022863
22
0.011716
32
-0.069968
0
3DFACE
62
1
10
-0.021968
20
0.013267
30
-0.069868
11
-0.021660
21
0.012521
31
-0.071898
12
-0.022863
22
0.011716
32
-0.069968
0
3DFACE
62
1
10
-0.021968
20
0.013267
30
-0.069868
11
-0.022863
21
0.011716
31
-0.069968
12
-0.022622
22
0.012437
32
-0.069368
0
3DFACE
62
1
10
-0.021041
20
0.014017
30
-0.071251
11
-0.020974
21
0.013907
31
-0.071594
12
-0.021660
22
0.012521
32
-0.071898
0
3DFACE
62
1
10
-0.021041
20
0.014017
30
-0.071251
11
-0.021660
21
0.012521
31
-0.071898
12
-0.021968
22
0.013267
32
-0.069868
0
3DFACE
62
1
10
-0.021105
20
0.014123
30
-0.070906
11
-0.021041
21
0.014017
31
-0.071251
12
-0.021968
22
0.013267
32
-0.069868
0
3DFACE
62
1
10
-0.021167
20
0.014224
30
-0.070559
11
-0.021105
21
0.014123
31
-0.070906
12
-0.021968
22
0.013267
32
-0.069868
0
3DFACE
62
1
10
-0.030963
20
0.021504
30
-0.068116
11
-0.031002
21
0.021569
31
-0.067598
12
-0.021701
22
0.015098
32
-0.066169
0
3DFACE
62
1
10
-0.030963
20
0.021504
30
-0.068116
11
-0.021701
21
0.015098
31
-0.066169
12
-0.021674
22
0.015053
32
-0.066532
0
3DFACE
62
1
10
-0.030919
20
0.021433
30
-0.068634
11
-0.021643
21
0.015003
31
-0.066894
12
-0.021610
22
0.014949
32
-0.067255
0
3DFACE
62
1
10
-0.030919
20
0.021433
30
-0.068634
11
-0.021674
21
0.015053
31
-0.066532
12
-0.021643
22
0.015003
32
-0.066894
0
3DFACE
62
1
10
-0.030919
20
0.021433
30
-0.068634
11
-0.030963
21
0.021504
31
-0.068116
12
-0.021674
22
0.015053
32
-0.066532
0
3DFACE
62
1
10
-0.030872
20
0.021356
30
-0.069149
11
-0.030919
21
0.021433
31
-0.068634
12
-0.021610
22
0.014949
32
-0.067255
0
3DFACE
62
1
10
-0.023239
20
0.012331
30
-0.067167
11
-0.022830
21
0.012726
31
-0.067936
12
-0.022931
22
0.012533
32
-0.068009
0
3DFACE
62
1
10
-0.023239
20
0.012331
30
-0.067167
11
-0.022931
21
0.012533
31
-0.068009
12
-0.022990
22
0.012407
32
-0.068083
0
3DFACE
62
1
10
-0.023239
20
0.012331
30
-0.067167
11
-0.022990
21
0.012407
31
-0.068083
12
-0.023030
22
0.012310
32
-0.068163
0
3DFACE
62
1
10
-0.023239
20
0.012331
30
-0.067167
11
-0.023030
21
0.012310
31
-0.068163
12
-0.023058
22
0.012225
32
-0.068256
0
3DFACE
62
1
10
-0.023239
20
0.012331
30
-0.067167
11
-0.023058
21
0.012225
31
-0.068256
12
-0.023077
22
0.012145
32
-0.068373
0
3DFACE
62
1
10
-0.023239
20
0.012331
30
-0.067167
11
-0.023077
21
0.012145
31
-0.068373
12
-0.023085
22
0.012079
32
-0.068499
0
3DFACE
62
1
10
-0.022333
20
0.013623
30
-0.067705
11
-0.022830
21
0.012726
31
-0.067936
12
-0.023239
22
0.012331
32
-0.067167
0
3DFACE
62
1
10
-0.023352
20
0.012516
30
-0.065819
11
-0.022333
21
0.013623
31
-0.067705
12
-0.023239
22
0.012331
32
-0.067167
0
3DFACE
62
1
10
-0.023305
20
0.012771
30
-0.064840
11
-0.023275
21
0.012811
31
-0.064895
12
-0.023352
22
0.012516
32
-0.065819
0
3DFACE
62
1
10
-0.023236
20
0.012865
30
-0.064954
11
-0.023352
21
0.012516
31
-0.065819
12
-0.023275
22
0.012811
32
-0.064895
0
3DFACE
62
1
10
-0.023352
20
0.012712
30
-0.064732
11
-0.023305
21
0.012771
31
-0.064840
12
-0.023352
22
0.012516
32
-0.065819
0
3DFACE
62
1
10
-0.023181
20
0.012943
30
-0.065023
11
-0.023352
21
0.012516
31
-0.065819
12
-0.023236
22
0.012865
32
-0.064954
0
3DFACE
62
1
10
-0.023119
20
0.013032
30
-0.065083
11
-0.023352
21
0.012516
31
-0.065819
12
-0.023181
22
0.012943
32
-0.065023
0
3DFACE
62
1
10
-0.023393
20
0.012663
30
-0.064601
11
-0.023352
21
0.012712
31
-0.064732
12
-0.023352
22
0.012516
32
-0.065819
0
3DFACE
62
1
10
-0.023049
20
0.013136
30
-0.065140
11
-0.023352
21
0.012516
31
-0.065819
12
-0.023119
22
0.013032
32
-0.065083
0
3DFACE
62
1
10
-0.023423
20
0.012633
30
-0.064462
11
-0.023393
21
0.012663
31
-0.064601
12
-0.023352
22
0.012516
32
-0.065819
0
3DFACE
62
1
10
-0.022440
20
0.014038
30
-0.065564
11
-0.022333
21
0.013623
31
-0.067705
12
-0.023352
22
0.012516
32
-0.065819
0
3DFACE
62
1
10
-0.022440
20
0.014038
30
-0.065564
11
-0.023352
21
0.012516
31
-0.065819
12
-0.023049
22
0.013136
32
-0.065140
0
3DFACE
62
1
10
-0.021643
20
0.015003
30
-0.066894
11
-0.021610
21
0.014949
31
-0.067255
12
-0.022333
22
0.013623
32
-0.067705
0
3DFACE
62
1
10
-0.021643
20
0.015003
30
-0.066894
11
-0.022333
21
0.013623
31
-0.067705
12
-0.022440
22
0.014038
32
-0.065564
0
3DFACE
62
1
10
-0.021674
20
0.015053
30
-0.066532
11
-0.021643
21
0.015003
31
-0.066894
12
-0.022440
22
0.014038
32
-0.065564
0
3DFACE
62
1
10
-0.021701
20
0.015098
30
-0.066169
11
-0.021674
21
0.015053
31
-0.066532
12
-0.022440
22
0.014038
32
-0.065564
0
3DFACE
62
1
10
-0.031162
20
0.021831
30
-0.061688
11
-0.031151
21
0.021813
31
-0.061165
12
-0.021806
22
0.015269
32
-0.061666
0
3DFACE
62
1
10
-0.031162
20
0.021831
30
-0.061688
11
-0.021806
21
0.015269
31
-0.061666
12
-0.021814
22
0.015282
32
-0.062033
0
3DFACE
62
1
10
-0.031169
20
0.021843
30
-0.062212
11
-0.021814
21
0.015282
31
-0.062033
12
-0.021818
22
0.015290
32
-0.062399
0
3DFACE
62
1
10
-0.031169
20
0.021843
30
-0.062212
11
-0.031162
21
0.021831
31
-0.061688
12
-0.021814
22
0.015282
32
-0.062033
0
3DFACE
62
1
10
-0.031172
20
0.021847
30
-0.062736
11
-0.021818
21
0.015290
31
-0.062399
12
-0.021820
22
0.015293
32
-0.062766
0
3DFACE
62
1
10
-0.031172
20
0.021847
30
-0.062736
11
-0.031169
21
0.021843
31
-0.062212
12
-0.021818
22
0.015290
32
-0.062399
0
3DFACE
62
1
10
-0.023453
20
0.012681
30
-0.062933
11
-0.023117
21
0.013195
31
-0.063667
12
-0.023225
22
0.013015
32
-0.063759
0
3DFACE
62
1
10
-0.023453
20
0.012681
30
-0.062933
11
-0.023225
21
0.013015
31
-0.063759
12
-0.023292
22
0.012902
32
-0.063846
0
3DFACE
62
1
10
-0.023453
20
0.012681
30
-0.062933
11
-0.023292
21
0.012902
31
-0.063846
12
-0.023340
22
0.012818
32
-0.063936
0
3DFACE
62
1
10
-0.023453
20
0.012681
30
-0.062933
11
-0.023340
21
0.012818
31
-0.063936
12
-0.023378
22
0.012749
32
-0.064038
0
3DFACE
62
1
10
-0.023453
20
0.012681
30
-0.062933
11
-0.023378
21
0.012749
31
-0.064038
12
-0.023409
22
0.012688
32
-0.064163
0
3DFACE
62
1
10
-0.023453
20
0.012681
30
-0.062933
11
-0.023409
21
0.012688
31
-0.064163
12
-0.023429
22
0.012642
32
-0.064297
0
3DFACE
62
1
10
-0.022593
20
0.014048
30
-0.063347
11
-0.023117
21
0.013195
31
-0.063667
12
-0.023453
22
0.012681
32
-0.062933
0
3DFACE
62
1
10
-0.023435
20
0.012652
30
-0.061569
11
-0.022593
21
0.014048
31
-0.063347
12
-0.023453
22
0.012681
32
-0.062933
0
3DFACE
62
1
10
-0.023293
20
0.012751
30
-0.060571
11
-0.023268
21
0.012799
31
-0.060622
12
-0.023435
22
0.012652
32
-0.061569
0
3DFACE
62
1
10
-0.023234
20
0.012861
30
-0.060675
11
-0.023435
21
0.012652
31
-0.061569
12
-0.023268
22
0.012799
32
-0.060622
0
3DFACE
62
1
10
-0.023329
20
0.012674
30
-0.060470
11
-0.023293
21
0.012751
31
-0.060571
12
-0.023435
22
0.012652
32
-0.061569
0
3DFACE
62
1
10
-0.023185
20
0.012950
30
-0.060735
11
-0.023435
21
0.012652
31
-0.061569
12
-0.023234
22
0.012861
32
-0.060675
0
3DFACE
62
1
10
-0.023129
20
0.013048
30
-0.060787
11
-0.023435
21
0.012652
31
-0.061569
12
-0.023185
22
0.012950
32
-0.060735
0
3DFACE
62
1
10
-0.023358
20
0.012606
30
-0.060344
11
-0.023329
21
0.012674
31
-0.060470
12
-0.023435
22
0.012652
32
-0.061569
0
3DFACE
62
1
10
-0.023063
20
0.013160
30
-0.060833
11
-0.023435
21
0.012652
31
-0.061569
12
-0.023129
22
0.013048
32
-0.060787
0
3DFACE
62
1
10
-0.023375
20
0.012553
30
-0.060209
11
-0.023358
21
0.012606
31
-0.060344
12
-0.023435
22
0.012652
32
-0.061569
0
3DFACE
62
1
10
-0.022491
20
0.014122
30
-0.061166
11
-0.022593
21
0.014048
31
-0.063347
12
-0.023435
22
0.012652
32
-0.061569
0
3DFACE
62
1
10
-0.022491
20
0.014122
30
-0.061166
11
-0.023435
21
0.012652
31
-0.061569
12
-0.023063
22
0.013160
32
-0.060833
0
3DFACE
62
1
10
-0.021818
20
0.015290
30
-0.062399
11
-0.021820
21
0.015293
31
-0.062766
12
-0.022593
22
0.014048
32
-0.063347
0
3DFACE
62
1
10
-0.021818
20
0.015290
30
-0.062399
11
-0.022593
21
0.014048
31
-0.063347
12
-0.022491
22
0.014122
32
-0.061166
0
3DFACE
62
1
10
-0.021814
20
0.015282
30
-0.062033
11
-0.021818
21
0.015290
31
-0.062399
12
-0.022491
22
0.014122
32
-0.061166
0
3DFACE
62
1
10
-0.021806
20
0.015269
30
-0.061666
11
-0.021814
21
0.015282
31
-0.062033
12
-0.022491
22
0.014122
32
-0.061166
0
3DFACE
62
1
10
-0.030743
20
0.021145
30
-0.055300
11
-0.030682
21
0.021045
31
-0.054789
12
-0.021477
22
0.014731
32
-0.057203
0
3DFACE
62
1
10
-0.030743
20
0.021145
30
-0.055300
11
-0.021477
21
0.014731
31
-0.057203
12
-0.021520
22
0.014801
32
-0.057561
0
3DFACE
62
1
10
-0.030800
20
0.021238
30
-0.055812
11
-0.021520
21
0.014801
31
-0.057561
12
-0.021560
22
0.014866
32
-0.057919
0
3DFACE
62
1
10
-0.030800
20
0.021238
30
-0.055812
11
-0.030743
21
0.021145
31
-0.055300
12
-0.021520
22
0.014801
32
-0.057561
0
3DFACE
62
1
10
-0.030853
20
0.021324
30
-0.056326
11
-0.021560
21
0.014866
31
-0.057919
12
-0.021597
22
0.014927
32
-0.058279
0
3DFACE
62
1
10
-0.030853
20
0.021324
30
-0.056326
11
-0.030800
21
0.021238
31
-0.055812
12
-0.021560
22
0.014866
32
-0.057919
0
3DFACE
62
1
10
-0.023258
20
0.012362
30
-0.058697
11
-0.022989
21
0.012986
31
-0.059370
12
-0.023108
22
0.012823
32
-0.059478
0
3DFACE
62
1
10
-0.023258
20
0.012362
30
-0.058697
11
-0.023108
21
0.012823
31
-0.059478
12
-0.023183
22
0.012724
32
-0.059575
0
3DFACE
62
1
10
-0.023258
20
0.012362
30
-0.058697
11
-0.023183
21
0.012724
31
-0.059575
12
-0.023240
22
0.012655
32
-0.059671
0
3DFACE
62
1
10
-0.023258
20
0.012362
30
-0.058697
11
-0.023240
21
0.012655
31
-0.059671
12
-0.023288
22
0.012602
32
-0.059779
0
3DFACE
62
1
10
-0.023258
20
0.012362
30
-0.058697
11
-0.023288
21
0.012602
31
-0.059779
12
-0.023332
22
0.012561
32
-0.059909
0
3DFACE
62
1
10
-0.023258
20
0.012362
30
-0.058697
11
-0.023332
21
0.012561
31
-0.059909
12
-0.023365
22
0.012537
32
-0.060046
0
3DFACE
62
1
10
-0.022431
20
0.013783
30
-0.058971
11
-0.022989
21
0.012986
31
-0.059370
12
-0.023258
22
0.012362
32
-0.058697
0
3DFACE
62
1
10
-0.023109
20
0.012119
30
-0.057362
11
-0.022431
21
0.013783
31
-0.058971
12
-0.023258
22
0.012362
32
-0.058697
0
3DFACE
62
1
10
-0.022871
20
0.012061
30
-0.056379
11
-0.022851
21
0.012117
31
-0.056424
12
-0.023109
22
0.012119
32
-0.057362
0
3DFACE
62
1
10
-0.022822
20
0.012187
30
-0.056469
11
-0.023109
21
0.012119
31
-0.057362
12
-0.022851
22
0.012117
32
-0.056424
0
3DFACE
62
1
10
-0.022899
20
0.011970
30
-0.056288
11
-0.022871
21
0.012061
31
-0.056379
12
-0.023109
22
0.012119
32
-0.057362
0
3DFACE
62
1
10
-0.022778
20
0.012284
30
-0.056519
11
-0.023109
21
0.012119
31
-0.057362
12
-0.022822
22
0.012187
32
-0.056469
0
3DFACE
62
1
10
-0.022727
20
0.012389
30
-0.056560
11
-0.023109
21
0.012119
31
-0.057362
12
-0.022778
22
0.012284
32
-0.056519
0
3DFACE
62
1
10
-0.022916
20
0.011882
30
-0.056173
11
-0.022899
21
0.011970
31
-0.056288
12
-0.023109
22
0.012119
32
-0.057362
0
3DFACE
62
1
10
-0.022665
20
0.012508
30
-0.056594
11
-0.023109
21
0.012119
31
-0.057362
12
-0.022727
22
0.012389
32
-0.056560
0
3DFACE
62
1
10
-0.022920
20
0.011809
30
-0.056046
11
-0.022916
21
0.011882
31
-0.056173
12
-0.023109
22
0.012119
32
-0.057362
0
3DFACE
62
1
10
-0.022120
20
0.013515
30
-0.056826
11
-0.022431
21
0.013783
31
-0.058971
12
-0.023109
22
0.012119
32
-0.057362
0
3DFACE
62
1
10
-0.022120
20
0.013515
30
-0.056826
11
-0.023109
21
0.012119
31
-0.057362
12
-0.022665
22
0.012508
32
-0.056594
0
3DFACE
62
1
10
-0.021560
20
0.014866
30
-0.057919
11
-0.021597
21
0.014927
31
-0.058279
12
-0.022431
22
0.013783
32
-0.058971
0
3DFACE
62
1
10
-0.021560
20
0.014866
30
-0.057919
11
-0.022431
21
0.013783
31
-0.058971
12
-0.022120
22
0.013515
32
-0.056826
0
3DFACE
62
1
10
-0.021520
20
0.014801
30
-0.057561
11
-0.021560
21
0.014866
31
-0.057919
12
-0.022120
22
0.013515
32
-0.056826
0
3DFACE
62
1
10
-0.021477
20
0.014731
30
-0.057203
11
-0.021520
21
0.014801
31
-0.057561
12
-0.022120
22
0.013515
32
-0.056826
0
3DFACE
62
1
10
-0.029718
20
0.019468
30
-0.049167
11
-0.029609
21
0.019290
31
-0.048687
12
-0.020727
22
0.013503
32
-0.052932
0
3DFACE
62
1
10
-0.029718
20
0.019468
30
-0.049167
11
-0.020727
21
0.013503
31
-0.052932
12
-0.020803
22
0.013627
32
-0.053268
0
3DFACE
62
1
10
-0.029823
20
0.019640
30
-0.049651
11
-0.020803
21
0.013627
31
-0.053268
12
-0.020876
22
0.013748
32
-0.053606
0
3DFACE
62
1
10
-0.029823
20
0.019640
30
-0.049651
11
-0.029718
21
0.019468
31
-0.049167
12
-0.020803
22
0.013627
32
-0.053268
0
3DFACE
62
1
10
-0.029925
20
0.019806
30
-0.050137
11
-0.020876
21
0.013748
31
-0.053606
12
-0.020947
22
0.013864
32
-0.053947
0
3DFACE
62
1
10
-0.029925
20
0.019806
30
-0.050137
11
-0.029823
21
0.019640
31
-0.049651
12
-0.020876
22
0.013748
32
-0.053606
0
3DFACE
62
1
10
-0.022660
20
0.011383
30
-0.054601
11
-0.022453
21
0.012108
31
-0.055190
12
-0.022582
22
0.011962
32
-0.055311
0
3DFACE
62
1
10
-0.022660
20
0.011383
30
-0.054601
11
-0.022582
21
0.011962
31
-0.055311
12
-0.022667
22
0.011879
32
-0.055414
0
3DFACE
62
1
10
-0.022660
20
0.011383
30
-0.054601
11
-0.022667
21
0.011879
31
-0.055414
12
-0.022734
22
0.011826
32
-0.055515
0
3DFACE
62
1
10
-0.022660
20
0.011383
30
-0.054601
11
-0.022734
21
0.011826
31
-0.055515
12
-0.022792
22
0.011790
32
-0.055624
0
3DFACE
62
1
10
-0.022660
20
0.011383
30
-0.054601
11
-0.022792
21
0.011790
31
-0.055624
12
-0.022848
22
0.011770
32
-0.055754
0
3DFACE
62
1
10
-0.022660
20
0.011383
30
-0.054601
11
-0.022848
21
0.011770
31
-0.055754
12
-0.022894
22
0.011767
32
-0.055889
0
3DFACE
62
1
10
-0.021853
20
0.012836
30
-0.054727
11
-0.022453
21
0.012108
31
-0.055190
12
-0.022660
22
0.011383
32
-0.054601
0
3DFACE
62
1
10
-0.022386
20
0.010935
30
-0.053341
11
-0.021853
21
0.012836
31
-0.054727
12
-0.022660
22
0.011383
32
-0.054601
0
3DFACE
62
1
10
-0.022056
20
0.010726
30
-0.052407
11
-0.022039
21
0.010788
31
-0.052444
12
-0.022386
22
0.010935
32
-0.053341
0
3DFACE
62
1
10
-0.022015
20
0.010865
30
-0.052481
11
-0.022386
21
0.010935
31
-0.053341
12
-0.022039
22
0.010788
32
-0.052444
0
3DFACE
62
1
10
-0.022075
20
0.010621
30
-0.052329
11
-0.022056
21
0.010726
31
-0.052407
12
-0.022386
22
0.010935
32
-0.053341
0
3DFACE
62
1
10
-0.021975
20
0.010969
30
-0.052519
11
-0.022386
21
0.010935
31
-0.053341
12
-0.022015
22
0.010865
32
-0.052481
0
3DFACE
62
1
10
-0.021927
20
0.011080
30
-0.052547
11
-0.022386
21
0.010935
31
-0.053341
12
-0.021975
22
0.010969
32
-0.052519
0
3DFACE
62
1
10
-0.022081
20
0.010516
30
-0.052228
11
-0.022075
21
0.010621
31
-0.052329
12
-0.022386
22
0.010935
32
-0.053341
0
3DFACE
62
1
10
-0.021868
20
0.011202
30
-0.052568
11
-0.022386
21
0.010935
31
-0.053341
12
-0.021927
22
0.011080
32
-0.052547
0
3DFACE
62
1
10
-0.022074
20
0.010424
30
-0.052115
11
-0.022081
21
0.010516
31
-0.052228
12
-0.022386
22
0.010935
32
-0.053341
0
3DFACE
62
1
10
-0.021339
20
0.012237
30
-0.052690
11
-0.021853
21
0.012836
31
-0.054727
12
-0.022386
22
0.010935
32
-0.053341
0
3DFACE
62
1
10
-0.021339
20
0.012237
30
-0.052690
11
-0.022386
21
0.010935
31
-0.053341
12
-0.021868
22
0.011202
32
-0.052568
0
3DFACE
62
1
10
-0.020876
20
0.013748
30
-0.053606
11
-0.020947
21
0.013864
31
-0.053947
12
-0.021853
22
0.012836
32
-0.054727
0
3DFACE
62
1
10
-0.020876
20
0.013748
30
-0.053606
11
-0.021853
21
0.012836
31
-0.054727
12
-0.021339
22
0.012237
32
-0.052690
0
3DFACE
62
1
10
-0.020803
20
0.013627
30
-0.053268
11
-0.020876
21
0.013748
31
-0.053606
12
-0.021339
22
0.012237
32
-0.052690
0
3DFACE
62
1
10
-0.020727
20
0.013503
30
-0.052932
11
-0.020803
21
0.013627
31
-0.053268
12
-0.021339
22
0.012237
32
-0.052690
0
3DFACE
62
1
10
-0.028124
20
0.016858
30
-0.043501
11
-0.027971
21
0.016608
31
-0.043067
12
-0.019580
22
0.011625
32
-0.048998
0
3DFACE
62
1
10
-0.028124
20
0.016858
30
-0.043501
11
-0.019580
21
0.011625
31
-0.048998
12
-0.019687
22
0.011801
32
-0.049301
0
3DFACE
62
1
10
-0.028274
20
0.017103
30
-0.043939
11
-0.019687
21
0.011801
31
-0.049301
12
-0.019791
22
0.011972
32
-0.049608
0
3DFACE
62
1
10
-0.028274
20
0.017103
30
-0.043939
11
-0.028124
21
0.016858
31
-0.043501
12
-0.019687
22
0.011801
32
-0.049301
0
3DFACE
62
1
10
-0.028420
20
0.017342
30
-0.044381
11
-0.019791
21
0.011972
31
-0.049608
12
-0.019894
22
0.012139
32
-0.049918
0
3DFACE
62
1
10
-0.028420
20
0.017342
30
-0.044381
11
-0.028274
21
0.017103
31
-0.043939
12
-0.019791
22
0.011972
32
-0.049608
0
3DFACE
62
1
10
-0.021680
20
0.009779
30
-0.050785
11
-0.021525
21
0.010589
31
-0.051271
12
-0.021666
22
0.010463
32
-0.051400
0
3DFACE
62
1
10
-0.021680
20
0.009779
30
-0.050785
11
-0.021666
21
0.010463
31
-0.051400
12
-0.021761
22
0.010396
32
-0.051506
0
3DFACE
62
1
10
-0.021680
20
0.009779
30
-0.050785
11
-0.021761
21
0.010396
31
-0.051506
12
-0.021838
22
0.010359
32
-0.051607
0
3DFACE
62
1
10
-0.021680
20
0.009779
30
-0.050785
11
-0.021838
21
0.010359
31
-0.051607
12
-0.021907
22
0.010341
32
-0.051715
0
3DFACE
62
1
10
-0.021680
20
0.009779
30
-0.050785
11
-0.021907
21
0.010341
31
-0.051715
12
-0.021975
22
0.010340
32
-0.051840
0
3DFACE
62
1
10
-0.021680
20
0.009779
30
-0.050785
11
-0.021975
21
0.010340
31
-0.051840
12
-0.022034
22
0.010358
32
-0.051969
0
3DFACE
62
1
10
-0.020877
20
0.011240
30
-0.050759
11
-0.021525
21
0.010589
31
-0.051271
12
-0.021680
22
0.009779
32
-0.050785
0
3DFACE
62
1
10
-0.021290
20
0.009141
30
-0.049644
11
-0.020877
21
0.011240
31
-0.050759
12
-0.021680
22
0.009779
32
-0.050785
0
3DFACE
62
1
10
-0.020873
20
0.008790
30
-0.048790
11
-0.020860
21
0.008858
31
-0.048818
12
-0.021290
22
0.009141
32
-0.049644
0
3DFACE
62
1
10
-0.020838
20
0.008939
30
-0.048844
11
-0.021290
21
0.009141
31
-0.049644
12
-0.020860
22
0.008858
32
-0.048818
0
3DFACE
62
1
10
-0.020886
20
0.008674
30
-0.048728
11
-0.020873
21
0.008790
31
-0.048790
12
-0.021290
22
0.009141
32
-0.049644
0
3DFACE
62
1
10
-0.020802
20
0.009049
30
-0.048869
11
-0.021290
21
0.009141
31
-0.049644
12
-0.020838
22
0.008939
32
-0.048844
0
3DFACE
62
1
10
-0.020756
20
0.009163
30
-0.048885
11
-0.021290
21
0.009141
31
-0.049644
12
-0.020802
22
0.009049
32
-0.048869
0
3DFACE
62
1
10
-0.020883
20
0.008555
30
-0.048644
11
-0.020886
21
0.008674
31
-0.048728
12
-0.021290
22
0.009141
32
-0.049644
0
3DFACE
62
1
10
-0.020698
20
0.009287
30
-0.048891
11
-0.021290
21
0.009141
31
-0.049644
12
-0.020756
22
0.009163
32
-0.048885
0
3DFACE
62
1
10
-0.020866
20
0.008446
30
-0.048548
11
-0.020883
21
0.008555
31
-0.048644
12
-0.021290
22
0.009141
32
-0.049644
0
3DFACE
62
1
10
-0.020176
20
0.010333
30
-0.048900
11
-0.020877
21
0.011240
31
-0.050759
12
-0.021290
22
0.009141
32
-0.049644
0
3DFACE
62
1
10
-0.020176
20
0.010333
30
-0.048900
11
-0.021290
21
0.009141
31
-0.049644
12
-0.020698
22
0.009287
32
-0.048891
0
3DFACE
62
1
10
-0.019791
20
0.011972
30
-0.049608
11
-0.019894
21
0.012139
31
-0.049918
12
-0.020877
22
0.011240
32
-0.050759
0
3DFACE
62
1
10
-0.019791
20
0.011972
30
-0.049608
11
-0.020877
21
0.011240
31
-0.050759
12
-0.020176
22
0.010333
32
-0.048900
0
3DFACE
62
1
10
-0.019687
20
0.011801
30
-0.049301
11
-0.019791
21
0.011972
31
-0.049608
12
-0.020176
22
0.010333
32
-0.048900
0
3DFACE
62
1
10
-0.019580
20
0.011625
30
-0.048998
11
-0.019687
21
0.011801
31
-0.049301
12
-0.020176
22
0.010333
32
-0.048900
0
3DFACE
62
1
10
-0.026014
20
0.013404
30
-0.038492
11
-0.025822
21
0.013090
31
-0.038120
12
-0.018075
22
0.009163
32
-0.045535
0
3DFACE
62
1
10
-0.026014
20
0.013404
30
-0.038492
11
-0.018075
21
0.009163
31
-0.045535
12
-0.018210
22
0.009383
32
-0.045796
0
3DFACE
62
1
10
-0.026203
20
0.013714
30
-0.038870
11
-0.018210
21
0.009383
31
-0.045796
12
-0.018342
22
0.009599
32
-0.046060
0
3DFACE
62
1
10
-0.026203
20
0.013714
30
-0.038870
11
-0.026014
21
0.013404
31
-0.038492
12
-0.018210
22
0.009383
32
-0.045796
0
3DFACE
62
1
10
-0.026389
20
0.014018
30
-0.039254
11
-0.018342
21
0.009599
31
-0.046060
12
-0.018472
22
0.009813
32
-0.046328
0
3DFACE
62
1
10
-0.026389
20
0.014018
30
-0.039254
11
-0.026203
21
0.013714
31
-0.038870
12
-0.018342
22
0.009599
32
-0.046060
0
3DFACE
62
1
10
-0.020351
20
0.007604
30
-0.047380
11
-0.020237
21
0.008481
31
-0.047746
12
-0.020391
22
0.008376
32
-0.047879
0
3DFACE
62
1
10
-0.020351
20
0.007604
30
-0.047380
11
-0.020391
21
0.008376
31
-0.047879
12
-0.020497
22
0.008326
32
-0.047984
0
3DFACE
62
1
10
-0.020351
20
0.007604
30
-0.047380
11
-0.020497
21
0.008326
31
-0.047984
12
-0.020583
22
0.008304
32
-0.048082
0
3DFACE
62
1
10
-0.020351
20
0.007604
30
-0.047380
11
-0.020583
21
0.008304
31
-0.048082
12
-0.020662
22
0.008303
32
-0.048185
0
3DFACE
62
1
10
-0.020351
20
0.007604
30
-0.047380
11
-0.020662
21
0.008303
31
-0.048185
12
-0.020741
22
0.008322
32
-0.048301
0
3DFACE
62
1
10
-0.020351
20
0.007604
30
-0.047380
11
-0.020741
21
0.008322
31
-0.048301
12
-0.020812
22
0.008359
32
-0.048419
0
3DFACE
62
1
10
-0.019539
20
0.009049
30
-0.047202
11
-0.020237
21
0.008481
31
-0.047746
12
-0.020351
22
0.007604
32
-0.047380
0
3DFACE
62
1
10
-0.019859
20
0.006798
30
-0.046395
11
-0.019539
21
0.009049
31
-0.047202
12
-0.020351
22
0.007604
32
-0.047380
0
3DFACE
62
1
10
-0.019365
20
0.006321
30
-0.045651
11
-0.019354
21
0.006392
31
-0.045669
12
-0.019859
22
0.006798
32
-0.046395
0
3DFACE
62
1
10
-0.019334
20
0.006477
30
-0.045685
11
-0.019859
21
0.006798
31
-0.046395
12
-0.019354
22
0.006392
32
-0.045669
0
3DFACE
62
1
10
-0.019372
20
0.006196
30
-0.045607
11
-0.019365
21
0.006321
31
-0.045651
12
-0.019859
22
0.006798
32
-0.046395
0
3DFACE
62
1
10
-0.019299
20
0.006589
30
-0.045696
11
-0.019859
21
0.006798
31
-0.046395
12
-0.019334
22
0.006477
32
-0.045685
0
3DFACE
62
1
10
-0.019254
20
0.006704
30
-0.045697
11
-0.019859
21
0.006798
31
-0.046395
12
-0.019299
22
0.006589
32
-0.045696
0
3DFACE
62
1
10
-0.019362
20
0.006066
30
-0.045544
11
-0.019372
21
0.006196
31
-0.045607
12
-0.019859
22
0.006798
32
-0.046395
0
3DFACE
62
1
10
-0.019196
20
0.006829
30
-0.045690
11
-0.019859
21
0.006798
31
-0.046395
12
-0.019254
22
0.006704
32
-0.045697
0
3DFACE
62
1
10
-0.019337
20
0.005943
30
-0.045468
11
-0.019362
21
0.006066
31
-0.045544
12
-0.019859
22
0.006798
32
-0.046395
0
3DFACE
62
1
10
-0.018669
20
0.007867
30
-0.045584
11
-0.019539
21
0.009049
31
-0.047202
12
-0.019859
22
0.006798
32
-0.046395
0
3DFACE
62
1
10
-0.018669
20
0.007867
30
-0.045584
11
-0.019859
21
0.006798
31
-0.046395
12
-0.019196
22
0.006829
32
-0.045690
0
3DFACE
62
1
10
-0.018342
20
0.009599
30
-0.046060
11
-0.018472
21
0.009813
31
-0.046328
12
-0.019539
22
0.009049
32
-0.047202
0
3DFACE
62
1
10
-0.018342
20
0.009599
30
-0.046060
11
-0.019539
21
0.009049
31
-0.047202
12
-0.018669
22
0.007867
32
-0.045584
0
3DFACE
62
1
10
-0.018210
20
0.009383
30
-0.045796
11
-0.018342
21
0.009599
31
-0.046060
12
-0.018669
22
0.007867
32
-0.045584
0
3DFACE
62
1
10
-0.018075
20
0.009163
30
-0.045535
11
-0.018210
21
0.009383
31
-0.045796
12
-0.018669
22
0.007867
32
-0.045584
0
3DFACE
62
1
10
-0.023460
20
0.009224
30
-0.034313
11
-0.023236
21
0.008856
31
-0.034015
12
-0.016265
22
0.006199
32
-0.042661
0
3DFACE
62
1
10
-0.023460
20
0.009224
30
-0.034313
11
-0.016265
21
0.006199
31
-0.042661
12
-0.016422
22
0.006457
32
-0.042870
0
3DFACE
62
1
10
-0.023682
20
0.009587
30
-0.034618
11
-0.016422
21
0.006457
31
-0.042870
12
-0.016577
22
0.006711
32
-0.043083
0
3DFACE
62
1
10
-0.023682
20
0.009587
30
-0.034618
11
-0.023460
21
0.009224
31
-0.034313
12
-0.016422
22
0.006457
32
-0.042870
0
3DFACE
62
1
10
-0.023902
20
0.009947
30
-0.034929
11
-0.016577
21
0.006711
31
-0.043083
12
-0.016731
22
0.006963
32
-0.043301
0
3DFACE
62
1
10
-0.023902
20
0.009947
30
-0.034929
11
-0.023682
21
0.009587
31
-0.034618
12
-0.016577
22
0.006711
32
-0.043083
0
3DFACE
62
1
10
-0.018719
20
0.004932
30
-0.044502
11
-0.018633
21
0.005856
31
-0.044734
12
-0.018800
22
0.005772
32
-0.044867
0
3DFACE
62
1
10
-0.018719
20
0.004932
30
-0.044502
11
-0.018800
21
0.005772
31
-0.044867
12
-0.018916
22
0.005739
32
-0.044968
0
3DFACE
62
1
10
-0.018719
20
0.004932
30
-0.044502
11
-0.018916
21
0.005739
31
-0.044968
12
-0.019011
22
0.005732
32
-0.045060
0
3DFACE
62
1
10
-0.018719
20
0.004932
30
-0.044502
11
-0.019011
21
0.005732
31
-0.045060
12
-0.019100
22
0.005746
32
-0.045153
0
3DFACE
62
1
10
-0.018719
20
0.004932
30
-0.044502
11
-0.019100
21
0.005746
31
-0.045153
12
-0.019190
22
0.005782
32
-0.045257
0
3DFACE
62
1
10
-0.018719
20
0.004932
30
-0.044502
11
-0.019190
21
0.005782
31
-0.045257
12
-0.019272
22
0.005837
32
-0.045360
0
3DFACE
62
1
10
-0.017882
20
0.006337
30
-0.044178
11
-0.018633
21
0.005856
31
-0.044734
12
-0.018719
22
0.004932
32
-0.044502
0
3DFACE
62
1
10
-0.018140
20
0.003985
30
-0.043707
11
-0.017882
21
0.006337
31
-0.044178
12
-0.018719
22
0.004932
32
-0.044502
0
3DFACE
62
1
10
-0.017581
20
0.003401
30
-0.043098
11
-0.017571
21
0.003474
31
-0.043105
12
-0.018140
22
0.003985
32
-0.043707
0
3DFACE
62
1
10
-0.017552
20
0.003561
30
-0.043109
11
-0.018140
21
0.003985
31
-0.043707
12
-0.017571
22
0.003474
32
-0.043105
0
3DFACE
62
1
10
-0.017585
20
0.003271
30
-0.043073
11
-0.017581
21
0.003401
31
-0.043098
12
-0.018140
22
0.003985
32
-0.043707
0
3DFACE
62
1
10
-0.017518
20
0.003674
30
-0.043106
11
-0.018140
21
0.003985
31
-0.043707
12
-0.017552
22
0.003561
32
-0.043109
0
3DFACE
62
1
10
-0.017472
20
0.003788
30
-0.043093
11
-0.018140
21
0.003985
31
-0.043707
12
-0.017518
22
0.003674
32
-0.043106
0
3DFACE
62
1
10
-0.017570
20
0.003132
30
-0.043032
11
-0.017585
21
0.003271
31
-0.043073
12
-0.018140
22
0.003985
32
-0.043707
0
3DFACE
62
1
10
-0.017413
20
0.003910
30
-0.043072
11
-0.018140
21
0.003985
31
-0.043707
12
-0.017472
22
0.003788
32
-0.043093
0
3DFACE
62
1
10
-0.017538
20
0.003000
30
-0.042980
11
-0.017570
21
0.003132
31
-0.043032
12
-0.018140
22
0.003985
32
-0.043707
0
3DFACE
62
1
10
-0.016871
20
0.004923
30
-0.042856
11
-0.017882
21
0.006337
31
-0.044178
12
-0.018140
22
0.003985
32
-0.043707
0
3DFACE
62
1
10
-0.016871
20
0.004923
30
-0.042856
11
-0.018140
21
0.003985
31
-0.043707
12
-0.017413
22
0.003910
32
-0.043072
0
3DFACE
62
1
10
-0.016577
20
0.006711
30
-0.043083
11
-0.016731
21
0.006963
31
-0.043301
12
-0.017882
22
0.006337
32
-0.044178
0
3DFACE
62
1
10
-0.016577
20
0.006711
30
-0.043083
11
-0.017882
21
0.006337
31
-0.044178
12
-0.016871
22
0.004923
32
-0.042856
0
3DFACE
62
1
10
-0.016422
20
0.006457
30
-0.042870
11
-0.016577
21
0.006711
31
-0.043083
12
-0.016871
22
0.004923
32
-0.042856
0
3DFACE
62
1
10
-0.016265
20
0.006199
30
-0.042661
11
-0.016422
21
0.006457
31
-0.042870
12
-0.016871
22
0.004923
32
-0.042856
0
3DFACE
62
1
10
-0.000693
20
-0.035196
30
-0.048328
11
-0.000598
21
-0.035127
31
-0.048177
12
-0.007640
22
-0.035107
32
-0.047651
0
3DFACE
62
1
10
-0.000734
20
-0.035237
30
-0.048421
11
-0.000693
21
-0.035196
31
-0.048328
12
-0.007640
22
-0.035107
32
-0.047651
0
3DFACE
62
1
10
-0.000468
20
-0.035060
30
-0.048033
11
-0.007640
21
-0.035107
31
-0.047651
12
-0.000598
22
-0.035127
32
-0.048177
0
3DFACE
62
1
10
-0.000788
20
-0.035320
30
-0.048611
11
-0.000734
21
-0.035237
31
-0.048421
12
-0.007640
22
-0.035107
32
-0.047651
0
3DFACE
62
1
10
-0.000237
20
-0.034972
30
-0.047854
11
-0.007640
21
-0.035107
31
-0.047651
12
-0.000468
22
-0.035060
32
-0.048033
0
3DFACE
62
1
10
-0.000807
20
-0.035384
30
-0.048763
11
-0.000788
21
-0.035320
31
-0.048611
12
-0.007640
22
-0.035107
32
-0.047651
0
3DFACE
62
1
10
-0.000810
20
-0.035447
30
-0.048917
11
-0.007640
21
-0.035107
31
-0.047651
12
-0.006471
22
-0.037021
32
-0.052392
0
3DFACE
62
1
10
-0.000810
20
-0.035447
30
-0.048917
11
-0.000807
21
-0.035384
31
-0.048763
12
-0.007640
22
-0.035107
32
-0.047651
0
3DFACE
62
1
10
-0.000680
20
-0.035533
30
-0.049143
11
-0.000810
21
-0.035447
31
-0.048917
12
-0.006471
22
-0.037021
32
-0.052392
0
3DFACE
62
1
10
-0.000544
20
-0.035592
30
-0.049309
11
-0.000680
21
-0.035533
31
-0.049143
12
-0.006471
22
-0.037021
32
-0.052392
0
3DFACE
62
1
10
0.002724
20
-0.033637
30
-0.045225
11
-0.000237
21
-0.034972
31
-0.047854
12
0.001063
22
-0.034595
32
-0.047118
0
3DFACE
62
1
10
0.002724
20
-0.033637
30
-0.045225
11
-0.007640
21
-0.035107
31
-0.047651
12
-0.000237
22
-0.034972
32
-0.047854
0
3DFACE
62
1
10
0.002793
20
-0.033749
30
-0.045452
11
0.002724
21
-0.033637
31
-0.045225
12
0.001063
22
-0.034595
32
-0.047118
0
3DFACE
62
1
10
0.002860
20
-0.033860
30
-0.045680
11
0.002793
21
-0.033749
31
-0.045452
12
0.001063
22
-0.034595
32
-0.047118
0
3DFACE
62
1
10
0.002927
20
-0.033969
30
-0.045908
11
0.002860
21
-0.033860
31
-0.045680
12
0.001063
22
-0.034595
32
-0.047118
0
3DFACE
62
1
10
0.000484
20
-0.037276
30
-0.055068
11
0.000365
21
-0.037245
31
-0.054883
12
-0.005749
22
-0.038202
32
-0.057451
0
3DFACE
62
1
10
0.002301
20
-0.036623
30
-0.052912
11
0.000036
21
-0.035693
31
-0.049642
12
0.000934
22
-0.036890
32
-0.053570
0
3DFACE
62
1
10
0.002301
20
-0.036623
30
-0.052912
11
0.002027
21
-0.035697
31
-0.049928
12
0.000036
22
-0.035693
32
-0.049642
0
3DFACE
62
1
10
0.000608
20
-0.037297
30
-0.055205
11
0.000484
21
-0.037276
31
-0.055068
12
-0.005749
22
-0.038202
32
-0.057451
0
3DFACE
62
1
10
0.004097
20
-0.035884
30
-0.050814
11
0.004001
21
-0.035727
31
-0.050324
12
0.002027
22
-0.035697
32
-0.049928
0
3DFACE
62
1
10
0.004189
20
-0.036035
30
-0.051308
11
0.002027
21
-0.035697
31
-0.049928
12
0.002301
22
-0.036623
32
-0.052912
0
3DFACE
62
1
10
0.004189
20
-0.036035
30
-0.051308
11
0.004097
21
-0.035884
31
-0.050814
12
0.002027
22
-0.035697
32
-0.049928
0
3DFACE
62
1
10
0.004278
20
-0.036180
30
-0.051803
11
0.004189
21
-0.036035
31
-0.051308
12
0.002301
22
-0.036623
32
-0.052912
0
3DFACE
62
1
10
0.001118
20
-0.037937
30
-0.059883
11
0.000737
21
-0.037309
31
-0.055311
12
0.000608
22
-0.037297
32
-0.055205
0
3DFACE
62
1
10
0.001118
20
-0.037937
30
-0.059883
11
0.000879
21
-0.037317
31
-0.055398
12
0.000737
22
-0.037309
32
-0.055311
0
3DFACE
62
1
10
0.000995
20
-0.037958
30
-0.060027
11
0.000608
21
-0.037297
31
-0.055205
12
-0.005749
22
-0.038202
32
-0.057451
0
3DFACE
62
1
10
0.000995
20
-0.037958
30
-0.060027
11
0.001118
21
-0.037937
31
-0.059883
12
0.000608
22
-0.037297
32
-0.055205
0
3DFACE
62
1
10
0.000936
20
-0.037970
30
-0.060118
11
0.000995
21
-0.037958
31
-0.060027
12
-0.005749
22
-0.038202
32
-0.057451
0
3DFACE
62
1
10
0.001275
20
-0.037913
30
-0.059753
11
0.001030
21
-0.037319
31
-0.055467
12
0.000879
22
-0.037317
32
-0.055398
0
3DFACE
62
1
10
0.001275
20
-0.037913
30
-0.059753
11
0.000879
21
-0.037317
31
-0.055398
12
0.001118
22
-0.037937
32
-0.059883
0
3DFACE
62
1
10
0.001538
20
-0.037878
30
-0.059602
11
0.001030
21
-0.037319
31
-0.055467
12
0.001275
22
-0.037913
32
-0.059753
0
3DFACE
62
1
10
0.002964
20
-0.037708
30
-0.059044
11
0.002984
21
-0.037263
31
-0.055940
12
0.001030
22
-0.037319
32
-0.055467
0
3DFACE
62
1
10
0.002964
20
-0.037708
30
-0.059044
11
0.001030
21
-0.037319
31
-0.055467
12
0.001538
22
-0.037878
32
-0.059602
0
3DFACE
62
1
10
0.004958
20
-0.037294
30
-0.057038
11
0.004911
21
-0.037216
31
-0.056523
12
0.002984
22
-0.037263
32
-0.055940
0
3DFACE
62
1
10
0.005001
20
-0.037364
30
-0.057556
11
0.002984
21
-0.037263
31
-0.055940
12
0.002964
22
-0.037708
32
-0.059044
0
3DFACE
62
1
10
0.005001
20
-0.037364
30
-0.057556
11
0.004958
21
-0.037294
31
-0.057038
12
0.002984
22
-0.037263
32
-0.055940
0
3DFACE
62
1
10
0.005041
20
-0.037429
30
-0.058074
11
0.005001
21
-0.037364
31
-0.057556
12
0.002964
22
-0.037708
32
-0.059044
0
3DFACE
62
1
10
0.000795
20
-0.037910
30
-0.066392
11
0.000904
21
-0.037918
31
-0.066208
12
-0.005496
22
-0.038617
32
-0.062673
0
3DFACE
62
1
10
0.001554
20
-0.037904
30
-0.065744
11
0.001448
21
-0.038004
31
-0.061543
12
0.001278
22
-0.037917
32
-0.065872
0
3DFACE
62
1
10
0.000730
20
-0.037900
30
-0.066545
11
-0.005496
21
-0.038617
31
-0.062673
12
-0.005720
22
-0.038251
32
-0.067900
0
3DFACE
62
1
10
0.000730
20
-0.037900
30
-0.066545
11
0.000795
21
-0.037910
31
-0.066392
12
-0.005496
22
-0.038617
32
-0.062673
0
3DFACE
62
1
10
0.000681
20
-0.037888
30
-0.066704
11
0.000730
21
-0.037900
31
-0.066545
12
-0.005720
22
-0.038251
32
-0.067900
0
3DFACE
62
1
10
0.003028
20
-0.037812
30
-0.065305
11
0.001448
21
-0.038004
31
-0.061543
12
0.001554
22
-0.037904
32
-0.065744
0
3DFACE
62
1
10
0.003028
20
-0.037812
30
-0.065305
11
0.003349
21
-0.037860
31
-0.062186
12
0.001448
22
-0.038004
32
-0.061543
0
3DFACE
62
1
10
0.005208
20
-0.037703
30
-0.063460
11
0.005211
21
-0.037707
31
-0.062936
12
0.003349
22
-0.037860
32
-0.062186
0
3DFACE
62
1
10
0.005201
20
-0.037691
30
-0.063984
11
0.003349
21
-0.037860
31
-0.062186
12
0.003028
22
-0.037812
32
-0.065305
0
3DFACE
62
1
10
0.005201
20
-0.037691
30
-0.063984
11
0.005208
21
-0.037703
31
-0.063460
12
0.003349
22
-0.037860
32
-0.062186
0
3DFACE
62
1
10
0.005190
20
-0.037673
30
-0.064507
11
0.005201
21
-0.037691
31
-0.063984
12
0.003028
22
-0.037812
32
-0.065305
0
3DFACE
62
1
10
0.000051
20
-0.036731
30
-0.072906
11
0.000020
21
-0.036806
31
-0.072644
12
-0.006413
22
-0.037116
32
-0.072974
0
3DFACE
62
1
10
0.004839
20
-0.037098
30
-0.069860
11
0.004892
21
-0.037185
31
-0.069346
12
0.003109
22
-0.037467
32
-0.068455
0
3DFACE
62
1
10
0.004782
20
-0.037005
30
-0.070372
11
0.003109
21
-0.037467
31
-0.068455
12
0.002491
22
-0.036933
32
-0.071483
0
3DFACE
62
1
10
0.004782
20
-0.037005
30
-0.070372
11
0.004839
21
-0.037098
31
-0.069860
12
0.003109
22
-0.037467
32
-0.068455
0
3DFACE
62
1
10
0.004721
20
-0.036905
30
-0.070883
11
0.004782
21
-0.037005
31
-0.070372
12
0.002491
22
-0.036933
32
-0.071483
0
3DFACE
62
1
10
-0.001192
20
-0.034696
30
-0.078499
11
-0.001198
21
-0.034812
31
-0.078250
12
-0.007555
22
-0.035246
32
-0.077739
0
3DFACE
62
1
10
-0.001150
20
-0.034601
30
-0.078696
11
-0.001192
21
-0.034696
31
-0.078499
12
-0.007555
22
-0.035246
32
-0.077739
0
3DFACE
62
1
10
0.001371
20
-0.035100
30
-0.077365
11
0.002272
21
-0.036098
31
-0.074532
12
0.000524
22
-0.036491
32
-0.073618
0
3DFACE
62
1
10
0.001371
20
-0.035100
30
-0.077365
11
0.000524
21
-0.036491
31
-0.073618
12
-0.000161
22
-0.035097
32
-0.077525
0
3DFACE
62
1
10
-0.001086
20
-0.034525
30
-0.078852
11
-0.001150
21
-0.034601
31
-0.078696
12
-0.007555
22
-0.035246
32
-0.077739
0
3DFACE
62
1
10
0.003862
20
-0.035500
30
-0.076021
11
0.003964
21
-0.035666
31
-0.075535
12
0.002272
22
-0.036098
32
-0.074532
0
3DFACE
62
1
10
0.003757
20
-0.035328
30
-0.076505
11
0.002272
21
-0.036098
31
-0.074532
12
0.001371
22
-0.035100
32
-0.077365
0
3DFACE
62
1
10
0.003757
20
-0.035328
30
-0.076505
11
0.003862
21
-0.035500
31
-0.076021
12
0.002272
22
-0.036098
32
-0.074532
0
3DFACE
62
1
10
0.003648
20
-0.035150
30
-0.076985
11
0.003757
21
-0.035328
31
-0.076505
12
0.001371
22
-0.035100
32
-0.077365
0
3DFACE
62
1
10
-0.002329
20
-0.032294
30
-0.082856
11
-0.001005
21
-0.034459
31
-0.078982
12
-0.001086
22
-0.034525
32
-0.078852
0
3DFACE
62
1
10
-0.002329
20
-0.032294
30
-0.082856
11
-0.000904
21
-0.034399
31
-0.079101
12
-0.001005
22
-0.034459
32
-0.078982
0
3DFACE
62
1
10
-0.002496
20
-0.032243
30
-0.082932
11
-0.002329
21
-0.032294
31
-0.082856
12
-0.001086
22
-0.034525
32
-0.078852
0
3DFACE
62
1
10
-0.002134
20
-0.032332
30
-0.082801
11
-0.000904
21
-0.034399
31
-0.079101
12
-0.002329
22
-0.032294
32
-0.082856
0
3DFACE
62
1
10
-0.002134
20
-0.032332
30
-0.082801
11
-0.000788
21
-0.034344
31
-0.079207
12
-0.000904
22
-0.034399
32
-0.079101
0
3DFACE
62
1
10
-0.001833
20
-0.032360
30
-0.082762
11
-0.000788
21
-0.034344
31
-0.079207
12
-0.002134
22
-0.032332
32
-0.082801
0
3DFACE
62
1
10
-0.000293
20
-0.032377
30
-0.082753
11
-0.000788
21
-0.034344
31
-0.079207
12
-0.001833
22
-0.032360
32
-0.082762
0
3DFACE
62
1
10
-0.000293
20
-0.032377
30
-0.082753
11
0.000868
21
-0.033799
31
-0.080211
12
-0.000788
22
-0.034344
32
-0.079207
0
3DFACE
62
1
10
0.002313
20
-0.032963
30
-0.081733
11
0.002459
21
-0.033202
31
-0.081291
12
0.000868
22
-0.033799
32
-0.080211
0
3DFACE
62
1
10
0.002163
20
-0.032718
30
-0.082171
11
0.000868
21
-0.033799
31
-0.080211
12
-0.000293
22
-0.032377
32
-0.082753
0
3DFACE
62
1
10
0.002163
20
-0.032718
30
-0.082171
11
0.002313
21
-0.032963
31
-0.081733
12
0.000868
22
-0.033799
32
-0.080211
0
3DFACE
62
1
10
0.002010
20
-0.032468
30
-0.082605
11
0.002163
21
-0.032718
31
-0.082171
12
-0.000293
22
-0.032377
32
-0.082753
0
3DFACE
62
1
10
-0.004282
20
-0.028816
30
-0.087327
11
-0.002718
21
-0.031429
31
-0.084131
12
-0.004480
22
-0.028772
32
-0.087356
0
3DFACE
62
1
10
-0.004282
20
-0.028816
30
-0.087327
11
-0.002613
21
-0.031357
31
-0.084238
12
-0.002718
22
-0.031429
32
-0.084131
0
3DFACE
62
1
10
-0.004912
20
-0.028568
30
-0.087538
11
-0.004747
21
-0.028668
31
-0.087445
12
-0.011034
22
-0.029551
32
-0.085780
0
3DFACE
62
1
10
-0.003978
20
-0.028848
30
-0.087322
11
-0.002613
21
-0.031357
31
-0.084238
12
-0.004282
22
-0.028816
32
-0.087327
0
3DFACE
62
1
10
-0.005025
20
-0.028480
30
-0.087622
11
-0.004912
21
-0.028568
31
-0.087538
12
-0.011034
22
-0.029551
32
-0.085780
0
3DFACE
62
1
10
-0.005125
20
-0.028384
30
-0.087715
11
-0.005025
21
-0.028480
31
-0.087622
12
-0.011034
22
-0.029551
32
-0.085780
0
3DFACE
62
1
10
-0.002445
20
-0.028854
30
-0.087463
11
-0.001057
21
-0.030649
31
-0.085298
12
-0.002613
22
-0.031357
32
-0.084238
0
3DFACE
62
1
10
-0.002445
20
-0.028854
30
-0.087463
11
-0.002613
21
-0.031357
31
-0.084238
12
-0.003978
22
-0.028848
32
-0.087322
0
3DFACE
62
1
10
0.000242
20
-0.029574
30
-0.086802
11
0.000428
21
-0.029878
31
-0.086418
12
-0.001057
22
-0.030649
32
-0.085298
0
3DFACE
62
1
10
0.000053
20
-0.029264
30
-0.087180
11
-0.001057
21
-0.030649
31
-0.085298
12
-0.002445
22
-0.028854
32
-0.087463
0
3DFACE
62
1
10
0.000053
20
-0.029264
30
-0.087180
11
0.000242
21
-0.029574
31
-0.086802
12
-0.001057
22
-0.030649
32
-0.085298
0
3DFACE
62
1
10
-0.000139
20
-0.028950
30
-0.087552
11
0.000053
21
-0.029264
31
-0.087180
12
-0.002445
22
-0.028854
32
-0.087463
0
3DFACE
62
1
10
-0.007700
20
-0.024170
30
-0.091251
11
-0.007592
21
-0.024278
31
-0.091184
12
-0.013266
22
-0.025899
32
-0.088812
0
3DFACE
62
1
10
-0.007754
20
-0.023954
30
-0.091412
11
-0.007700
21
-0.024170
31
-0.091251
12
-0.013266
22
-0.025899
32
-0.088812
0
3DFACE
62
1
10
-0.005011
20
-0.024654
30
-0.091334
11
-0.003436
21
-0.026755
31
-0.089620
12
-0.004888
22
-0.027632
32
-0.088540
0
3DFACE
62
1
10
-0.005011
20
-0.024654
30
-0.091334
11
-0.004888
21
-0.027632
31
-0.088540
12
-0.006524
22
-0.024681
32
-0.091047
0
3DFACE
62
1
10
-0.002279
20
-0.025447
30
-0.091054
11
-0.002059
21
-0.025807
31
-0.090743
12
-0.003436
22
-0.026755
32
-0.089620
0
3DFACE
62
1
10
-0.002501
20
-0.025084
30
-0.091359
11
-0.002279
21
-0.025447
31
-0.091054
12
-0.003436
22
-0.026755
32
-0.089620
0
3DFACE
62
1
10
-0.002501
20
-0.025084
30
-0.091359
11
-0.003436
21
-0.026755
31
-0.089620
12
-0.005011
22
-0.024654
32
-0.091334
0
3DFACE
62
1
10
-0.002725
20
-0.024716
30
-0.091657
11
-0.002501
21
-0.025084
31
-0.091359
12
-0.005011
22
-0.024654
32
-0.091334
0
3DFACE
62
1
10
-0.010637
20
-0.019235
30
-0.093939
11
-0.010569
21
-0.019473
31
-0.093820
12
-0.015738
22
-0.021853
32
-0.091054
0
3DFACE
62
1
10
-0.010656
20
-0.019041
30
-0.094045
11
-0.010637
21
-0.019235
31
-0.093939
12
-0.015738
22
-0.021853
32
-0.091054
0
3DFACE
62
1
10
-0.007905
20
-0.019917
30
-0.094234
11
-0.007537
21
-0.023296
31
-0.091967
12
-0.009383
22
-0.020001
32
-0.093812
0
3DFACE
62
1
10
-0.007905
20
-0.019917
30
-0.094234
11
-0.006188
21
-0.022250
31
-0.093030
12
-0.007537
22
-0.023296
32
-0.091967
0
3DFACE
62
1
10
-0.005164
20
-0.020724
30
-0.094345
11
-0.004919
21
-0.021126
31
-0.094117
12
-0.006188
22
-0.022250
32
-0.093030
0
3DFACE
62
1
10
-0.005412
20
-0.020319
30
-0.094567
11
-0.006188
21
-0.022250
31
-0.093030
12
-0.007905
22
-0.019917
32
-0.094234
0
3DFACE
62
1
10
-0.005412
20
-0.020319
30
-0.094567
11
-0.005164
21
-0.020724
31
-0.094345
12
-0.006188
22
-0.022250
32
-0.093030
0
3DFACE
62
1
10
-0.005661
20
-0.019911
30
-0.094781
11
-0.005412
21
-0.020319
31
-0.094567
12
-0.007905
22
-0.019917
32
-0.094234
0
3DFACE
62
1
10
-0.012749
20
-0.014956
30
-0.095429
11
-0.010469
21
-0.018496
31
-0.094402
12
-0.010546
22
-0.018615
32
-0.094314
0
3DFACE
62
1
10
-0.012749
20
-0.014956
30
-0.095429
11
-0.010546
21
-0.018615
31
-0.094314
12
-0.012945
22
-0.014917
32
-0.095379
0
3DFACE
62
1
10
-0.012459
20
-0.014967
30
-0.095522
11
-0.010469
21
-0.018496
31
-0.094402
12
-0.012749
22
-0.014956
32
-0.095429
0
3DFACE
62
1
10
-0.011027
20
-0.014807
30
-0.096065
11
-0.009220
21
-0.017286
31
-0.095412
12
-0.010469
22
-0.018496
32
-0.094402
0
3DFACE
62
1
10
-0.011027
20
-0.014807
30
-0.096065
11
-0.010469
21
-0.018496
31
-0.094402
12
-0.012459
22
-0.014967
32
-0.095522
0
3DFACE
62
1
10
-0.008316
20
-0.015566
30
-0.096564
11
-0.008052
21
-0.015997
31
-0.096426
12
-0.009220
22
-0.017286
32
-0.095412
0
3DFACE
62
1
10
-0.008580
20
-0.015133
30
-0.096694
11
-0.009220
21
-0.017286
31
-0.095412
12
-0.011027
22
-0.014807
32
-0.096065
0
3DFACE
62
1
10
-0.008580
20
-0.015133
30
-0.096694
11
-0.008316
21
-0.015566
31
-0.096564
12
-0.009220
22
-0.017286
32
-0.095412
0
3DFACE
62
1
10
-0.008846
20
-0.014698
30
-0.096817
11
-0.008580
21
-0.015133
31
-0.096694
12
-0.011027
22
-0.014807
32
-0.096065
0
3DFACE
62
1
10
-0.016115
20
-0.009727
30
-0.095924
11
-0.013705
21
-0.013670
31
-0.095615
12
-0.013735
22
-0.013819
32
-0.095547
0
3DFACE
62
1
10
-0.016115
20
-0.009727
30
-0.095924
11
-0.013654
21
-0.013528
31
-0.095687
12
-0.013705
22
-0.013670
32
-0.095615
0
3DFACE
62
1
10
-0.016287
20
-0.009669
30
-0.095865
11
-0.016115
21
-0.009727
31
-0.095924
12
-0.013735
22
-0.013819
32
-0.095547
0
3DFACE
62
1
10
-0.016382
20
-0.009623
30
-0.095836
11
-0.016287
21
-0.009669
31
-0.095865
12
-0.021097
22
-0.013080
32
-0.092924
0
3DFACE
62
1
10
-0.015925
20
-0.009757
30
-0.095998
11
-0.013654
21
-0.013528
31
-0.095687
12
-0.016115
22
-0.009727
32
-0.095924
0
3DFACE
62
1
10
-0.015925
20
-0.009757
30
-0.095998
11
-0.013585
21
-0.013397
31
-0.095761
12
-0.013654
22
-0.013528
32
-0.095687
0
3DFACE
62
1
10
-0.016557
20
-0.009508
30
-0.095789
11
-0.016382
21
-0.009623
31
-0.095836
12
-0.021097
22
-0.013080
32
-0.092924
0
3DFACE
62
1
10
-0.015646
20
-0.009750
30
-0.096118
11
-0.013585
21
-0.013397
31
-0.095761
12
-0.015925
22
-0.009757
32
-0.095998
0
3DFACE
62
1
10
-0.016681
20
-0.009401
30
-0.095761
11
-0.016557
21
-0.009508
31
-0.095789
12
-0.021097
22
-0.013080
32
-0.092924
0
3DFACE
62
1
10
-0.016795
20
-0.009281
30
-0.095740
11
-0.016681
21
-0.009401
31
-0.095761
12
-0.021097
22
-0.013080
32
-0.092924
0
3DFACE
62
1
10
-0.014271
20
-0.009496
30
-0.096765
11
-0.013585
21
-0.013397
31
-0.095761
12
-0.015646
22
-0.009750
32
-0.096118
0
3DFACE
62
1
10
-0.014271
20
-0.009496
30
-0.096765
11
-0.012429
21
-0.012033
31
-0.096685
12
-0.013585
22
-0.013397
32
-0.095761
0
3DFACE
62
1
10
-0.011626
20
-0.010147
30
-0.097634
11
-0.011354
21
-0.010592
31
-0.097591
12
-0.012429
22
-0.012033
32
-0.096685
0
3DFACE
62
1
10
-0.011899
20
-0.009701
30
-0.097669
11
-0.012429
21
-0.012033
31
-0.096685
12
-0.014271
22
-0.009496
32
-0.096765
0
3DFACE
62
1
10
-0.011899
20
-0.009701
30
-0.097669
11
-0.011626
21
-0.010147
31
-0.097634
12
-0.012429
22
-0.012033
32
-0.096685
0
3DFACE
62
1
10
-0.012171
20
-0.009255
30
-0.097696
11
-0.011899
21
-0.009701
31
-0.097669
12
-0.014271
22
-0.009496
32
-0.096765
0
3DFACE
62
1
10
-0.019829
20
-0.004248
30
-0.095077
11
-0.019709
21
-0.004348
31
-0.095133
12
-0.023822
22
-0.008619
32
-0.092496
0
3DFACE
62
1
10
-0.019940
20
-0.004134
30
-0.095026
11
-0.019829
21
-0.004248
31
-0.095077
12
-0.023822
22
-0.008619
32
-0.092496
0
3DFACE
62
1
10
-0.017527
20
-0.004166
30
-0.096309
11
-0.015705
21
-0.006671
31
-0.096804
12
-0.016778
22
-0.008171
32
-0.096000
0
3DFACE
62
1
10
-0.017527
20
-0.004166
30
-0.096309
11
-0.016778
21
-0.008171
31
-0.096000
12
-0.018835
22
-0.004529
32
-0.095582
0
3DFACE
62
1
10
-0.014983
20
-0.004653
30
-0.097518
11
-0.014711
21
-0.005097
31
-0.097572
12
-0.015705
22
-0.006671
32
-0.096804
0
3DFACE
62
1
10
-0.015254
20
-0.004209
30
-0.097457
11
-0.015705
21
-0.006671
31
-0.096804
12
-0.017527
22
-0.004166
32
-0.096309
0
3DFACE
62
1
10
-0.015254
20
-0.004209
30
-0.097457
11
-0.014983
21
-0.004653
31
-0.097518
12
-0.015705
22
-0.006671
32
-0.096804
0
3DFACE
62
1
10
-0.015524
20
-0.003766
30
-0.097388
11
-0.015254
21
-0.004209
31
-0.097457
12
-0.017527
22
-0.004166
32
-0.096309
0
3DFACE
62
1
10
-0.022962
20
0.000814
30
-0.093216
11
-0.026467
21
-0.004290
31
-0.091166
12
-0.028952
22
-0.000223
32
-0.088975
0
3DFACE
62
1
10
-0.023040
20
0.001067
30
-0.093144
11
-0.022962
21
0.000814
31
-0.093216
12
-0.028952
22
-0.000223
32
-0.088975
0
3DFACE
62
1
10
-0.023072
20
0.001283
30
-0.093104
11
-0.023040
21
0.001067
31
-0.093144
12
-0.028952
22
-0.000223
32
-0.088975
0
3DFACE
62
1
10
-0.020684
20
0.001001
30
-0.094714
11
-0.018937
21
-0.001381
31
-0.095768
12
-0.019939
22
-0.002996
32
-0.095109
0
3DFACE
62
1
10
-0.018271
20
0.000730
30
-0.096222
11
-0.018009
21
0.000301
31
-0.096371
12
-0.018937
22
-0.001381
32
-0.095768
0
3DFACE
62
1
10
-0.018532
20
0.001156
30
-0.096066
11
-0.018271
21
0.000730
31
-0.096222
12
-0.018937
22
-0.001381
32
-0.095768
0
3DFACE
62
1
10
-0.018532
20
0.001156
30
-0.096066
11
-0.018937
21
-0.001381
31
-0.095768
12
-0.020684
22
0.001001
32
-0.094714
0
3DFACE
62
1
10
-0.018791
20
0.001581
30
-0.095903
11
-0.018532
21
0.001156
31
-0.096066
12
-0.020684
22
0.001001
32
-0.094714
0
3DFACE
62
1
10
-0.024793
20
0.005222
30
-0.091220
11
-0.022961
21
0.001950
31
-0.093120
12
-0.025028
22
0.005143
32
-0.091043
0
3DFACE
62
1
10
-0.023634
20
0.005831
30
-0.092033
11
-0.022961
21
0.001950
31
-0.093120
12
-0.024793
22
0.005222
32
-0.091220
0
3DFACE
62
1
10
-0.023634
20
0.005831
30
-0.092033
11
-0.022015
21
0.003657
31
-0.093609
12
-0.022961
22
0.001950
32
-0.093120
0
3DFACE
62
1
10
-0.025854
20
0.006018
30
-0.090131
11
-0.025855
21
0.005838
31
-0.090177
12
-0.031200
22
0.003457
32
-0.085990
0
3DFACE
62
1
10
-0.021379
20
0.005817
30
-0.093789
11
-0.021136
21
0.005419
31
-0.094027
12
-0.022015
22
0.003657
32
-0.093609
0
3DFACE
62
1
10
-0.021620
20
0.006212
30
-0.093544
11
-0.022015
21
0.003657
31
-0.093609
12
-0.023634
22
0.005831
32
-0.092033
0
3DFACE
62
1
10
-0.021620
20
0.006212
30
-0.093544
11
-0.021379
21
0.005817
31
-0.093789
12
-0.022015
22
0.003657
32
-0.093609
0
3DFACE
62
1
10
-0.021860
20
0.006604
30
-0.093292
11
-0.021620
21
0.006212
31
-0.093544
12
-0.023634
22
0.005831
32
-0.092033
0
3DFACE
62
1
10
-0.027723
20
0.009273
30
-0.087221
11
-0.025833
21
0.006182
31
-0.090105
12
-0.025854
22
0.006018
32
-0.090131
0
3DFACE
62
1
10
-0.027723
20
0.009273
30
-0.087221
11
-0.025794
21
0.006344
31
-0.090095
12
-0.025833
22
0.006182
32
-0.090105
0
3DFACE
62
1
10
-0.027855
20
0.009266
30
-0.087084
11
-0.025854
21
0.006018
31
-0.090131
12
-0.031200
22
0.003457
32
-0.085990
0
3DFACE
62
1
10
-0.027855
20
0.009266
30
-0.087084
11
-0.027723
21
0.009273
31
-0.087221
12
-0.025854
22
0.006018
32
-0.090131
0
3DFACE
62
1
10
-0.027927
20
0.009276
30
-0.087002
11
-0.027855
21
0.009266
31
-0.087084
12
-0.031200
22
0.003457
32
-0.085990
0
3DFACE
62
1
10
-0.027576
20
0.009313
30
-0.087359
11
-0.025741
21
0.006501
31
-0.090099
12
-0.025794
22
0.006344
32
-0.090095
0
3DFACE
62
1
10
-0.027576
20
0.009313
30
-0.087359
11
-0.025794
21
0.006344
31
-0.090095
12
-0.027723
22
0.009273
32
-0.087221
0
3DFACE
62
1
10
-0.028060
20
0.009322
30
-0.086840
11
-0.027927
21
0.009276
31
-0.087002
12
-0.031200
22
0.003457
32
-0.085990
0
3DFACE
62
1
10
-0.027357
20
0.009421
30
-0.087542
11
-0.025741
21
0.006501
31
-0.090099
12
-0.027576
22
0.009313
32
-0.087359
0
3DFACE
62
1
10
-0.026278
20
0.010157
30
-0.088357
11
-0.025741
21
0.006501
31
-0.090099
12
-0.027357
22
0.009421
32
-0.087542
0
3DFACE
62
1
10
-0.026278
20
0.010157
30
-0.088357
11
-0.024833
21
0.008270
31
-0.090403
12
-0.025741
22
0.006501
32
-0.090099
0
3DFACE
62
1
10
-0.024201
20
0.010437
30
-0.090302
11
-0.023985
21
0.010083
31
-0.090622
12
-0.024833
22
0.008270
32
-0.090403
0
3DFACE
62
1
10
-0.024415
20
0.010787
30
-0.089976
11
-0.024833
21
0.008270
31
-0.090403
12
-0.026278
22
0.010157
32
-0.088357
0
3DFACE
62
1
10
-0.024415
20
0.010787
30
-0.089976
11
-0.024201
21
0.010437
31
-0.090302
12
-0.024833
22
0.008270
32
-0.090403
0
3DFACE
62
1
10
-0.024626
20
0.011132
30
-0.089643
11
-0.024415
21
0.010787
31
-0.089976
12
-0.026278
22
0.010157
32
-0.088357
0
3DFACE
62
1
10
-0.030239
20
0.012793
30
-0.082140
11
-0.030159
21
0.012757
31
-0.082281
12
-0.033144
22
0.006639
32
-0.082301
0
3DFACE
62
1
10
-0.030311
20
0.012843
30
-0.081998
11
-0.033144
21
0.006639
31
-0.082301
12
-0.034724
22
0.009226
32
-0.078021
0
3DFACE
62
1
10
-0.030311
20
0.012843
30
-0.081998
11
-0.030239
21
0.012793
31
-0.082140
12
-0.033144
22
0.006639
32
-0.082301
0
3DFACE
62
1
10
-0.030349
20
0.013030
30
-0.081802
11
-0.030311
21
0.012843
31
-0.081998
12
-0.034724
22
0.009226
32
-0.078021
0
3DFACE
62
1
10
-0.030354
20
0.013203
30
-0.081661
11
-0.030349
21
0.013030
31
-0.081802
12
-0.034724
22
0.009226
32
-0.078021
0
3DFACE
62
1
10
-0.028524
20
0.013834
30
-0.083813
11
-0.028184
21
0.010500
31
-0.086149
12
-0.029526
22
0.012971
32
-0.083024
0
3DFACE
62
1
10
-0.028524
20
0.013834
30
-0.083813
11
-0.027296
21
0.012302
31
-0.086258
12
-0.028184
22
0.010500
32
-0.086149
0
3DFACE
62
1
10
-0.030339
20
0.013359
30
-0.081563
11
-0.030354
21
0.013203
31
-0.081661
12
-0.034724
22
0.009226
32
-0.078021
0
3DFACE
62
1
10
-0.030308
20
0.013508
30
-0.081493
11
-0.030339
21
0.013359
31
-0.081563
12
-0.034724
22
0.009226
32
-0.078021
0
3DFACE
62
1
10
-0.026641
20
0.014431
30
-0.085879
11
-0.026459
21
0.014133
31
-0.086270
12
-0.027296
22
0.012302
32
-0.086258
0
3DFACE
62
1
10
-0.030264
20
0.013660
30
-0.081441
11
-0.030308
21
0.013508
31
-0.081493
12
-0.034724
22
0.009226
32
-0.078021
0
3DFACE
62
1
10
-0.030207
20
0.013812
30
-0.081406
11
-0.030264
21
0.013660
31
-0.081441
12
-0.034724
22
0.009226
32
-0.078021
0
3DFACE
62
1
10
-0.026820
20
0.014724
30
-0.085483
11
-0.027296
21
0.012302
31
-0.086258
12
-0.028524
22
0.013834
32
-0.083813
0
3DFACE
62
1
10
-0.026820
20
0.014724
30
-0.085483
11
-0.026641
21
0.014431
31
-0.085879
12
-0.027296
22
0.012302
32
-0.086258
0
3DFACE
62
1
10
-0.026996
20
0.015011
30
-0.085082
11
-0.026820
21
0.014724
31
-0.085483
12
-0.028524
22
0.013834
32
-0.083813
0
3DFACE
62
1
10
-0.028546
20
0.017548
30
-0.080897
11
-0.028475
21
0.017432
31
-0.081120
12
-0.029320
22
0.015615
32
-0.081315
0
3DFACE
62
1
10
-0.028616
20
0.017663
30
-0.080672
11
-0.028546
21
0.017548
31
-0.080897
12
-0.029320
22
0.015615
32
-0.081315
0
3DFACE
62
1
10
-0.028685
20
0.017777
30
-0.080447
11
-0.029320
21
0.015615
31
-0.081315
12
-0.030207
22
0.013812
32
-0.081406
0
3DFACE
62
1
10
-0.028685
20
0.017777
30
-0.080447
11
-0.030207
21
0.013812
31
-0.081406
12
-0.034724
22
0.009226
32
-0.078021
0
3DFACE
62
1
10
-0.028685
20
0.017777
30
-0.080447
11
-0.028616
21
0.017663
31
-0.080672
12
-0.029320
22
0.015615
32
-0.081315
0
3DFACE
62
1
10
-0.000837
20
-0.037025
30
-0.053627
11
-0.006471
21
-0.037021
31
-0.052392
12
-0.005749
22
-0.038202
32
-0.057451
0
3DFACE
62
1
10
-0.000837
20
-0.037025
30
-0.053627
11
0.000365
21
-0.037245
31
-0.054883
12
0.000259
22
-0.037196
32
-0.054635
0
3DFACE
62
1
10
-0.000837
20
-0.037025
30
-0.053627
11
0.000934
21
-0.036890
31
-0.053570
12
0.000036
22
-0.035693
32
-0.049642
0
3DFACE
62
1
10
-0.000837
20
-0.037025
30
-0.053627
11
-0.005749
21
-0.038202
31
-0.057451
12
0.000365
22
-0.037245
32
-0.054883
0
3DFACE
62
1
10
-0.000837
20
-0.037025
30
-0.053627
11
0.000687
21
-0.036950
31
-0.053738
12
0.000934
22
-0.036890
32
-0.053570
0
3DFACE
62
1
10
-0.000837
20
-0.037025
30
-0.053627
11
0.000543
21
-0.036995
31
-0.053878
12
0.000687
22
-0.036950
32
-0.053738
0
3DFACE
62
1
10
-0.000837
20
-0.037025
30
-0.053627
11
0.000434
21
-0.037039
31
-0.054027
12
0.000543
22
-0.036995
32
-0.053878
0
3DFACE
62
1
10
-0.000837
20
-0.037025
30
-0.053627
11
0.000383
21
-0.037066
31
-0.054121
12
0.000434
22
-0.037039
32
-0.054027
0
3DFACE
62
1
10
-0.000837
20
-0.037025
30
-0.053627
11
0.000311
21
-0.037118
31
-0.054316
12
0.000383
22
-0.037066
32
-0.054121
0
3DFACE
62
1
10
-0.000837
20
-0.037025
30
-0.053627
11
0.000277
21
-0.037158
31
-0.054474
12
0.000311
22
-0.037118
32
-0.054316
0
3DFACE
62
1
10
-0.000837
20
-0.037025
30
-0.053627
11
0.000259
21
-0.037196
31
-0.054635
12
0.000277
22
-0.037158
32
-0.054474
0
3DFACE
62
1
10
-0.000837
20
-0.037025
30
-0.053627
11
-0.000409
21
-0.035633
31
-0.049429
12
-0.000544
22
-0.035592
32
-0.049309
0
3DFACE
62
1
10
-0.000837
20
-0.037025
30
-0.053627
11
-0.000270
21
-0.035661
31
-0.049518
12
-0.000409
22
-0.035633
32
-0.049429
0
3DFACE
62
1
10
-0.000837
20
-0.037025
30
-0.053627
11
-0.000120
21
-0.035681
31
-0.049589
12
-0.000270
22
-0.035661
32
-0.049518
0
3DFACE
62
1
10
-0.000837
20
-0.037025
30
-0.053627
11
0.000036
21
-0.035693
31
-0.049642
12
-0.000120
22
-0.035681
32
-0.049589
0
3DFACE
62
1
10
-0.000837
20
-0.037025
30
-0.053627
11
-0.000544
21
-0.035592
31
-0.049309
12
-0.006471
22
-0.037021
32
-0.052392
0
3DFACE
62
1
10
-0.000160
20
-0.038133
30
-0.061352
11
0.000843
21
-0.038027
31
-0.060893
12
0.000761
22
-0.038019
32
-0.060632
0
3DFACE
62
1
10
-0.000160
20
-0.038133
30
-0.061352
11
0.000944
21
-0.038029
31
-0.061092
12
0.000843
22
-0.038027
32
-0.060893
0
3DFACE
62
1
10
-0.000160
20
-0.038133
30
-0.061352
11
0.001053
21
-0.038026
31
-0.061241
12
0.000944
22
-0.038029
32
-0.061092
0
3DFACE
62
1
10
-0.000160
20
-0.038133
30
-0.061352
11
-0.005749
21
-0.038202
31
-0.057451
12
-0.005496
22
-0.038617
32
-0.062673
0
3DFACE
62
1
10
-0.000160
20
-0.038133
30
-0.061352
11
0.001171
21
-0.038021
31
-0.061359
12
0.001053
22
-0.038026
32
-0.061241
0
3DFACE
62
1
10
-0.000160
20
-0.038133
30
-0.061352
11
0.001305
21
-0.038014
31
-0.061460
12
0.001171
22
-0.038021
32
-0.061359
0
3DFACE
62
1
10
-0.000160
20
-0.038133
30
-0.061352
11
0.001448
21
-0.038004
31
-0.061543
12
0.001305
22
-0.038014
32
-0.061460
0
3DFACE
62
1
10
-0.000160
20
-0.038133
30
-0.061352
11
0.000844
21
-0.037991
31
-0.060311
12
0.000936
22
-0.037970
32
-0.060118
0
3DFACE
62
1
10
-0.000160
20
-0.038133
30
-0.061352
11
0.000795
21
-0.038006
31
-0.060469
12
0.000844
22
-0.037991
32
-0.060311
0
3DFACE
62
1
10
-0.000160
20
-0.038133
30
-0.061352
11
0.000761
21
-0.038019
31
-0.060632
12
0.000795
22
-0.038006
32
-0.060469
0
3DFACE
62
1
10
-0.000160
20
-0.038133
30
-0.061352
11
0.000936
21
-0.037970
31
-0.060118
12
-0.005749
22
-0.038202
32
-0.057451
0
3DFACE
62
1
10
-0.000160
20
-0.038133
30
-0.061352
11
0.001109
21
-0.037921
31
-0.065989
12
0.001278
22
-0.037917
32
-0.065872
0
3DFACE
62
1
10
-0.000160
20
-0.038133
30
-0.061352
11
0.000972
21
-0.037920
31
-0.066122
12
0.001109
22
-0.037921
32
-0.065989
0
3DFACE
62
1
10
-0.000160
20
-0.038133
30
-0.061352
11
0.000904
21
-0.037918
31
-0.066208
12
0.000972
22
-0.037920
32
-0.066122
0
3DFACE
62
1
10
-0.000160
20
-0.038133
30
-0.061352
11
0.001278
21
-0.037917
31
-0.065872
12
0.001448
22
-0.038004
32
-0.061543
0
3DFACE
62
1
10
-0.000160
20
-0.038133
30
-0.061352
11
-0.005496
21
-0.038617
31
-0.062673
12
0.000904
22
-0.037918
32
-0.066208
0
3DFACE
62
1
10
-0.000467
20
-0.037632
30
-0.069163
11
-0.005720
21
-0.038251
31
-0.067900
12
-0.006413
22
-0.037116
32
-0.072974
0
3DFACE
62
1
10
-0.000467
20
-0.037632
30
-0.069163
11
0.000681
21
-0.037888
31
-0.066704
12
-0.005720
22
-0.038251
32
-0.067900
0
3DFACE
62
1
10
-0.000467
20
-0.037632
30
-0.069163
11
-0.006413
21
-0.037116
31
-0.072974
12
0.000020
22
-0.036806
32
-0.072644
0
3DFACE
62
1
10
-0.000467
20
-0.037632
30
-0.069163
11
0.002491
21
-0.036933
31
-0.071483
12
0.003109
22
-0.037467
32
-0.068455
0
3DFACE
62
1
10
-0.000467
20
-0.037632
30
-0.069163
11
0.000981
21
-0.036966
31
-0.071787
12
0.002491
22
-0.036933
32
-0.071483
0
3DFACE
62
1
10
-0.000467
20
-0.037632
30
-0.069163
11
0.000694
21
-0.036961
31
-0.071888
12
0.000981
22
-0.036966
32
-0.071787
0
3DFACE
62
1
10
-0.000467
20
-0.037632
30
-0.069163
11
0.000514
21
-0.036948
31
-0.071988
12
0.000694
22
-0.036961
32
-0.071888
0
3DFACE
62
1
10
-0.000467
20
-0.037632
30
-0.069163
11
0.000366
21
-0.036928
31
-0.072105
12
0.000514
22
-0.036948
32
-0.071988
0
3DFACE
62
1
10
-0.000467
20
-0.037632
30
-0.069163
11
0.000290
21
-0.036913
31
-0.072183
12
0.000366
22
-0.036928
32
-0.072105
0
3DFACE
62
1
10
-0.000467
20
-0.037632
30
-0.069163
11
0.000163
21
-0.036876
31
-0.072352
12
0.000290
22
-0.036913
32
-0.072183
0
3DFACE
62
1
10
-0.000467
20
-0.037632
30
-0.069163
11
0.000084
21
-0.036843
31
-0.072495
12
0.000163
22
-0.036876
32
-0.072352
0
3DFACE
62
1
10
-0.000467
20
-0.037632
30
-0.069163
11
0.000020
21
-0.036806
31
-0.072644
12
0.000084
22
-0.036843
32
-0.072495
0
3DFACE
62
1
10
-0.000467
20
-0.037632
30
-0.069163
11
0.000737
21
-0.037854
31
-0.066970
12
0.000681
22
-0.037888
32
-0.066704
0
3DFACE
62
1
10
-0.000467
20
-0.037632
30
-0.069163
11
0.000818
21
-0.037823
31
-0.067175
12
0.000737
22
-0.037854
32
-0.066970
0
3DFACE
62
1
10
-0.000467
20
-0.037632
30
-0.069163
11
0.000913
21
-0.037797
31
-0.067332
12
0.000818
22
-0.037823
32
-0.067175
0
3DFACE
62
1
10
-0.000467
20
-0.037632
30
-0.069163
11
0.001019
21
-0.037772
31
-0.067459
12
0.000913
22
-0.037797
32
-0.067332
0
3DFACE
62
1
10
-0.000467
20
-0.037632
30
-0.069163
11
0.001142
21
-0.037748
31
-0.067569
12
0.001019
22
-0.037772
32
-0.067459
0
3DFACE
62
1
10
-0.000467
20
-0.037632
30
-0.069163
11
0.001278
21
-0.037725
31
-0.067663
12
0.001142
22
-0.037748
32
-0.067569
0
3DFACE
62
1
10
-0.000467
20
-0.037632
30
-0.069163
11
0.003109
21
-0.037467
31
-0.068455
12
0.001278
22
-0.037725
32
-0.067663
0
3DFACE
62
1
10
-0.001739
20
-0.035549
30
-0.076606
11
-0.006413
21
-0.037116
31
-0.072974
12
-0.007555
22
-0.035246
32
-0.077739
0
3DFACE
62
1
10
-0.001739
20
-0.035549
30
-0.076606
11
0.000051
21
-0.036731
31
-0.072906
12
-0.006413
22
-0.037116
32
-0.072974
0
3DFACE
62
1
10
-0.001739
20
-0.035549
30
-0.076606
11
-0.000457
21
-0.035078
31
-0.077596
12
-0.000161
22
-0.035097
32
-0.077525
0
3DFACE
62
1
10
-0.001739
20
-0.035549
30
-0.076606
11
-0.000645
21
-0.035051
31
-0.077675
12
-0.000457
22
-0.035078
32
-0.077596
0
3DFACE
62
1
10
-0.001739
20
-0.035549
30
-0.076606
11
-0.000804
21
-0.035014
31
-0.077773
12
-0.000645
22
-0.035051
32
-0.077675
0
3DFACE
62
1
10
-0.001739
20
-0.035549
30
-0.076606
11
-0.000887
21
-0.034987
31
-0.077839
12
-0.000804
22
-0.035014
32
-0.077773
0
3DFACE
62
1
10
-0.001739
20
-0.035549
30
-0.076606
11
-0.001029
21
-0.034925
31
-0.077988
12
-0.000887
22
-0.034987
32
-0.077839
0
3DFACE
62
1
10
-0.001739
20
-0.035549
30
-0.076606
11
-0.001120
21
-0.034871
31
-0.078115
12
-0.001029
22
-0.034925
32
-0.077988
0
3DFACE
62
1
10
-0.001739
20
-0.035549
30
-0.076606
11
-0.001198
21
-0.034812
31
-0.078250
12
-0.001120
22
-0.034871
32
-0.078115
0
3DFACE
62
1
10
-0.001739
20
-0.035549
30
-0.076606
11
0.000112
21
-0.036668
31
-0.073110
12
0.000051
22
-0.036731
32
-0.072906
0
3DFACE
62
1
10
-0.001739
20
-0.035549
30
-0.076606
11
0.000192
21
-0.036616
31
-0.073270
12
0.000112
22
-0.036668
32
-0.073110
0
3DFACE
62
1
10
-0.001739
20
-0.035549
30
-0.076606
11
0.000286
21
-0.036571
31
-0.073400
12
0.000192
22
-0.036616
32
-0.073270
0
3DFACE
62
1
10
-0.001739
20
-0.035549
30
-0.076606
11
0.000398
21
-0.036529
31
-0.073517
12
0.000286
22
-0.036571
32
-0.073400
0
3DFACE
62
1
10
-0.001739
20
-0.035549
30
-0.076606
11
0.000524
21
-0.036491
31
-0.073618
12
0.000398
22
-0.036529
32
-0.073517
0
3DFACE
62
1
10
-0.001739
20
-0.035549
30
-0.076606
11
-0.000161
21
-0.035097
31
-0.077525
12
0.000524
22
-0.036491
32
-0.073618
0
3DFACE
62
1
10
-0.001739
20
-0.035549
30
-0.076606
11
-0.007555
21
-0.035246
31
-0.077739
12
-0.001198
22
-0.034812
32
-0.078250
0
3DFACE
62
1
10
-0.003903
20
-0.032007
30
-0.083249
11
-0.007555
21
-0.035246
31
-0.077739
12
-0.009112
22
-0.032699
32
-0.082052
0
3DFACE
62
1
10
-0.003903
20
-0.032007
30
-0.083249
11
-0.009112
21
-0.032699
31
-0.082052
12
-0.011034
22
-0.029551
32
-0.085780
0
3DFACE
62
1
10
-0.003903
20
-0.032007
30
-0.083249
11
-0.004654
21
-0.028711
31
-0.087406
12
-0.004480
22
-0.028772
32
-0.087356
0
3DFACE
62
1
10
-0.003903
20
-0.032007
30
-0.083249
11
-0.004747
21
-0.028668
31
-0.087445
12
-0.004654
22
-0.028711
32
-0.087406
0
3DFACE
62
1
10
-0.003903
20
-0.032007
30
-0.083249
11
-0.004480
21
-0.028772
31
-0.087356
12
-0.002718
22
-0.031429
32
-0.084131
0
3DFACE
62
1
10
-0.003903
20
-0.032007
30
-0.083249
11
-0.002496
21
-0.032243
31
-0.082932
12
-0.001086
22
-0.034525
32
-0.078852
0
3DFACE
62
1
10
-0.003903
20
-0.032007
30
-0.083249
11
-0.002950
21
-0.031819
31
-0.083558
12
-0.002933
22
-0.031972
32
-0.083332
0
3DFACE
62
1
10
-0.003903
20
-0.032007
30
-0.083249
11
-0.002926
21
-0.031694
31
-0.083741
12
-0.002950
22
-0.031819
32
-0.083558
0
3DFACE
62
1
10
-0.003903
20
-0.032007
30
-0.083249
11
-0.002877
21
-0.031593
31
-0.083889
12
-0.002926
22
-0.031694
32
-0.083741
0
3DFACE
62
1
10
-0.003903
20
-0.032007
30
-0.083249
11
-0.002808
21
-0.031508
31
-0.084015
12
-0.002877
22
-0.031593
32
-0.083889
0
3DFACE
62
1
10
-0.003903
20
-0.032007
30
-0.083249
11
-0.002718
21
-0.031429
31
-0.084131
12
-0.002808
22
-0.031508
32
-0.084015
0
3DFACE
62
1
10
-0.003903
20
-0.032007
30
-0.083249
11
-0.002585
21
-0.032207
31
-0.082985
12
-0.002496
22
-0.032243
32
-0.082932
0
3DFACE
62
1
10
-0.003903
20
-0.032007
30
-0.083249
11
-0.002740
21
-0.032124
31
-0.083108
12
-0.002585
22
-0.032207
32
-0.082985
0
3DFACE
62
1
10
-0.003903
20
-0.032007
30
-0.083249
11
-0.002843
21
-0.032051
31
-0.083216
12
-0.002740
22
-0.032124
32
-0.083108
0
3DFACE
62
1
10
-0.003903
20
-0.032007
30
-0.083249
11
-0.002933
21
-0.031972
31
-0.083332
12
-0.002843
22
-0.032051
32
-0.083216
0
3DFACE
62
1
10
-0.003903
20
-0.032007
30
-0.083249
11
-0.011034
21
-0.029551
31
-0.085780
12
-0.004747
22
-0.028668
32
-0.087445
0
3DFACE
62
1
10
-0.003903
20
-0.032007
30
-0.083249
11
-0.001086
21
-0.034525
31
-0.078852
12
-0.007555
22
-0.035246
32
-0.077739
0
3DFACE
62
1
10
-0.006832
20
-0.027212
30
-0.088705
11
-0.005162
21
-0.028197
31
-0.087912
12
-0.005125
22
-0.028384
32
-0.087715
0
3DFACE
62
1
10
-0.006832
20
-0.027212
30
-0.088705
11
-0.005155
21
-0.028045
31
-0.088075
12
-0.005162
22
-0.028197
32
-0.087912
0
3DFACE
62
1
10
-0.006832
20
-0.027212
30
-0.088705
11
-0.005119
21
-0.027922
31
-0.088209
12
-0.005155
22
-0.028045
32
-0.088075
0
3DFACE
62
1
10
-0.006832
20
-0.027212
30
-0.088705
11
-0.005062
21
-0.027817
31
-0.088326
12
-0.005119
22
-0.027922
32
-0.088209
0
3DFACE
62
1
10
-0.006832
20
-0.027212
30
-0.088705
11
-0.013266
21
-0.025899
31
-0.088812
12
-0.007592
22
-0.024278
32
-0.091184
0
3DFACE
62
1
10
-0.006832
20
-0.027212
30
-0.088705
11
-0.004984
21
-0.027720
31
-0.088436
12
-0.005062
22
-0.027817
32
-0.088326
0
3DFACE
62
1
10
-0.006832
20
-0.027212
30
-0.088705
11
-0.004888
21
-0.027632
31
-0.088540
12
-0.004984
22
-0.027720
32
-0.088436
0
3DFACE
62
1
10
-0.006832
20
-0.027212
30
-0.088705
11
-0.011034
21
-0.029551
31
-0.085780
12
-0.013266
22
-0.025899
32
-0.088812
0
3DFACE
62
1
10
-0.006832
20
-0.027212
30
-0.088705
11
-0.006524
21
-0.024681
31
-0.091047
12
-0.004888
22
-0.027632
32
-0.088540
0
3DFACE
62
1
10
-0.006832
20
-0.027212
30
-0.088705
11
-0.005125
21
-0.028384
31
-0.087715
12
-0.011034
22
-0.029551
32
-0.085780
0
3DFACE
62
1
10
-0.006832
20
-0.027212
30
-0.088705
11
-0.006826
21
-0.024651
31
-0.091018
12
-0.006524
22
-0.024681
32
-0.091047
0
3DFACE
62
1
10
-0.006832
20
-0.027212
30
-0.088705
11
-0.007026
21
-0.024604
31
-0.091021
12
-0.006826
22
-0.024651
32
-0.091018
0
3DFACE
62
1
10
-0.006832
20
-0.027212
30
-0.088705
11
-0.007204
21
-0.024538
31
-0.091044
12
-0.007026
22
-0.024604
32
-0.091021
0
3DFACE
62
1
10
-0.006832
20
-0.027212
30
-0.088705
11
-0.007300
21
-0.024490
31
-0.091066
12
-0.007204
22
-0.024538
32
-0.091044
0
3DFACE
62
1
10
-0.006832
20
-0.027212
30
-0.088705
11
-0.007472
21
-0.024378
31
-0.091126
12
-0.007300
22
-0.024490
32
-0.091066
0
3DFACE
62
1
10
-0.006832
20
-0.027212
30
-0.088705
11
-0.007592
21
-0.024278
31
-0.091184
12
-0.007472
22
-0.024378
32
-0.091126
0
3DFACE
62
1
10
-0.010358
20
-0.021441
30
-0.092658
11
-0.007754
21
-0.023954
31
-0.091412
12
-0.013266
22
-0.025899
32
-0.088812
0
3DFACE
62
1
10
-0.010358
20
-0.021441
30
-0.092658
11
-0.013266
21
-0.025899
31
-0.088812
12
-0.015738
22
-0.021853
32
-0.091054
0
3DFACE
62
1
10
-0.010358
20
-0.021441
30
-0.092658
11
-0.015738
21
-0.021853
31
-0.091054
12
-0.010569
22
-0.019473
32
-0.093820
0
3DFACE
62
1
10
-0.010358
20
-0.021441
30
-0.092658
11
-0.009383
21
-0.020001
31
-0.093812
12
-0.007537
22
-0.023296
32
-0.091967
0
3DFACE
62
1
10
-0.010358
20
-0.021441
30
-0.092658
11
-0.009681
21
-0.019978
31
-0.093750
12
-0.009383
22
-0.020001
32
-0.093812
0
3DFACE
62
1
10
-0.010358
20
-0.021441
30
-0.092658
11
-0.009880
21
-0.019933
31
-0.093726
12
-0.009681
22
-0.019978
32
-0.093750
0
3DFACE
62
1
10
-0.010358
20
-0.021441
30
-0.092658
11
-0.010058
21
-0.019865
31
-0.093721
12
-0.009880
22
-0.019933
32
-0.093726
0
3DFACE
62
1
10
-0.010358
20
-0.021441
30
-0.092658
11
-0.010156
21
-0.019815
31
-0.093726
12
-0.010058
22
-0.019865
32
-0.093721
0
3DFACE
62
1
10
-0.010358
20
-0.021441
30
-0.092658
11
-0.010332
21
-0.019696
31
-0.093751
12
-0.010156
22
-0.019815
32
-0.093726
0
3DFACE
62
1
10
-0.010358
20
-0.021441
30
-0.092658
11
-0.010456
21
-0.019589
31
-0.093781
12
-0.010332
22
-0.019696
32
-0.093751
0
3DFACE
62
1
10
-0.010358
20
-0.021441
30
-0.092658
11
-0.010569
21
-0.019473
31
-0.093820
12
-0.010456
22
-0.019589
32
-0.093781
0
3DFACE
62
1
10
-0.010358
20
-0.021441
30
-0.092658
11
-0.007762
21
-0.023779
31
-0.091549
12
-0.007754
22
-0.023954
32
-0.091412
0
3DFACE
62
1
10
-0.010358
20
-0.021441
30
-0.092658
11
-0.007738
21
-0.023636
31
-0.091665
12
-0.007762
22
-0.023779
32
-0.091549
0
3DFACE
62
1
10
-0.010358
20
-0.021441
30
-0.092658
11
-0.007691
21
-0.023514
31
-0.091768
12
-0.007738
22
-0.023636
32
-0.091665
0
3DFACE
62
1
10
-0.010358
20
-0.021441
30
-0.092658
11
-0.007623
21
-0.023400
31
-0.091870
12
-0.007691
22
-0.023514
32
-0.091768
0
3DFACE
62
1
10
-0.010358
20
-0.021441
30
-0.092658
11
-0.007537
21
-0.023296
31
-0.091967
12
-0.007623
22
-0.023400
32
-0.091870
0
3DFACE
62
1
10
-0.014274
20
-0.015031
30
-0.094878
11
-0.015738
21
-0.021853
31
-0.091054
12
-0.018375
22
-0.017536
32
-0.092439
0
3DFACE
62
1
10
-0.014274
20
-0.015031
30
-0.094878
11
-0.016287
21
-0.009669
31
-0.095865
12
-0.013735
22
-0.013819
32
-0.095547
0
3DFACE
62
1
10
-0.014274
20
-0.015031
30
-0.094878
11
-0.018375
21
-0.017536
31
-0.092439
12
-0.021097
22
-0.013080
32
-0.092924
0
3DFACE
62
1
10
-0.014274
20
-0.015031
30
-0.094878
11
-0.013713
21
-0.014200
31
-0.095407
12
-0.013636
22
-0.014453
32
-0.095333
0
3DFACE
62
1
10
-0.014274
20
-0.015031
30
-0.094878
11
-0.013741
21
-0.013992
31
-0.095478
12
-0.013713
22
-0.014200
32
-0.095407
0
3DFACE
62
1
10
-0.014274
20
-0.015031
30
-0.094878
11
-0.013735
21
-0.013819
31
-0.095547
12
-0.013741
22
-0.013992
32
-0.095478
0
3DFACE
62
1
10
-0.014274
20
-0.015031
30
-0.094878
11
-0.021097
21
-0.013080
31
-0.092924
12
-0.016287
22
-0.009669
32
-0.095865
0
3DFACE
62
1
10
-0.014274
20
-0.015031
30
-0.094878
11
-0.013121
21
-0.014852
31
-0.095347
12
-0.012945
22
-0.014917
32
-0.095379
0
3DFACE
62
1
10
-0.014274
20
-0.015031
30
-0.094878
11
-0.010656
21
-0.019041
31
-0.094045
12
-0.015738
22
-0.021853
32
-0.091054
0
3DFACE
62
1
10
-0.014274
20
-0.015031
30
-0.094878
11
-0.013218
21
-0.014802
31
-0.095335
12
-0.013121
22
-0.014852
32
-0.095347
0
3DFACE
62
1
10
-0.014274
20
-0.015031
30
-0.094878
11
-0.013395
21
-0.014683
31
-0.095323
12
-0.013218
22
-0.014802
32
-0.095335
0
3DFACE
62
1
10
-0.014274
20
-0.015031
30
-0.094878
11
-0.013521
21
-0.014573
31
-0.095325
12
-0.013395
22
-0.014683
32
-0.095323
0
3DFACE
62
1
10
-0.014274
20
-0.015031
30
-0.094878
11
-0.013636
21
-0.014453
31
-0.095333
12
-0.013521
22
-0.014573
32
-0.095325
0
3DFACE
62
1
10
-0.014274
20
-0.015031
30
-0.094878
11
-0.010643
21
-0.018881
31
-0.094139
12
-0.010656
22
-0.019041
32
-0.094045
0
3DFACE
62
1
10
-0.014274
20
-0.015031
30
-0.094878
11
-0.010605
21
-0.018744
31
-0.094226
12
-0.010643
22
-0.018881
32
-0.094139
0
3DFACE
62
1
10
-0.014274
20
-0.015031
30
-0.094878
11
-0.010546
21
-0.018615
31
-0.094314
12
-0.010605
22
-0.018744
32
-0.094226
0
3DFACE
62
1
10
-0.014274
20
-0.015031
30
-0.094878
11
-0.012945
21
-0.014917
31
-0.095379
12
-0.010546
22
-0.018615
32
-0.094314
0
3DFACE
62
1
10
-0.018353
20
-0.008354
30
-0.095236
11
-0.019102
21
-0.004557
31
-0.095437
12
-0.018835
22
-0.004529
32
-0.095582
0
3DFACE
62
1
10
-0.018353
20
-0.008354
30
-0.095236
11
-0.021097
21
-0.013080
31
-0.092924
12
-0.023822
22
-0.008619
32
-0.092496
0
3DFACE
62
1
10
-0.018353
20
-0.008354
30
-0.095236
11
-0.019284
21
-0.004540
31
-0.095342
12
-0.019102
22
-0.004557
32
-0.095437
0
3DFACE
62
1
10
-0.018353
20
-0.008354
30
-0.095236
11
-0.019449
21
-0.004494
31
-0.095259
12
-0.019284
22
-0.004540
32
-0.095342
0
3DFACE
62
1
10
-0.018353
20
-0.008354
30
-0.095236
11
-0.019540
21
-0.004453
31
-0.095214
12
-0.019449
22
-0.004494
32
-0.095259
0
3DFACE
62
1
10
-0.018353
20
-0.008354
30
-0.095236
11
-0.019709
21
-0.004348
31
-0.095133
12
-0.019540
22
-0.004453
32
-0.095214
0
3DFACE
62
1
10
-0.018353
20
-0.008354
30
-0.095236
11
-0.016877
21
-0.009021
31
-0.095765
12
-0.016795
22
-0.009281
32
-0.095740
0
3DFACE
62
1
10
-0.018353
20
-0.008354
30
-0.095236
11
-0.016910
21
-0.008804
31
-0.095800
12
-0.016877
22
-0.009021
32
-0.095765
0
3DFACE
62
1
10
-0.018353
20
-0.008354
30
-0.095236
11
-0.016910
21
-0.008623
31
-0.095841
12
-0.016910
22
-0.008804
32
-0.095800
0
3DFACE
62
1
10
-0.018353
20
-0.008354
30
-0.095236
11
-0.016885
21
-0.008464
31
-0.095887
12
-0.016910
22
-0.008623
32
-0.095841
0
3DFACE
62
1
10
-0.018353
20
-0.008354
30
-0.095236
11
-0.016840
21
-0.008313
31
-0.095941
12
-0.016885
22
-0.008464
32
-0.095887
0
3DFACE
62
1
10
-0.018353
20
-0.008354
30
-0.095236
11
-0.016778
21
-0.008171
31
-0.096000
12
-0.016840
22
-0.008313
32
-0.095941
0
3DFACE
62
1
10
-0.018353
20
-0.008354
30
-0.095236
11
-0.018835
21
-0.004529
31
-0.095582
12
-0.016778
22
-0.008171
32
-0.096000
0
3DFACE
62
1
10
-0.018353
20
-0.008354
30
-0.095236
11
-0.016795
21
-0.009281
31
-0.095740
12
-0.021097
22
-0.013080
32
-0.092924
0
3DFACE
62
1
10
-0.018353
20
-0.008354
30
-0.095236
11
-0.023822
21
-0.008619
31
-0.092496
12
-0.019709
22
-0.004348
32
-0.095133
0
3DFACE
62
1
10
-0.022358
20
-0.001798
30
-0.093711
11
-0.020022
21
-0.003873
31
-0.095002
12
-0.019940
22
-0.004134
32
-0.095026
0
3DFACE
62
1
10
-0.022358
20
-0.001798
30
-0.093711
11
-0.020056
21
-0.003654
31
-0.095000
12
-0.020022
22
-0.003873
32
-0.095002
0
3DFACE
62
1
10
-0.022358
20
-0.001798
30
-0.093711
11
-0.020058
21
-0.003469
31
-0.095011
12
-0.020056
22
-0.003654
32
-0.095000
0
3DFACE
62
1
10
-0.022358
20
-0.001798
30
-0.093711
11
-0.020037
21
-0.003305
31
-0.095034
12
-0.020058
22
-0.003469
32
-0.095011
0
3DFACE
62
1
10
-0.022358
20
-0.001798
30
-0.093711
11
-0.019996
21
-0.003146
31
-0.095068
12
-0.020037
22
-0.003305
32
-0.095034
0
3DFACE
62
1
10
-0.022358
20
-0.001798
30
-0.093711
11
-0.019939
21
-0.002996
31
-0.095109
12
-0.019996
22
-0.003146
32
-0.095068
0
3DFACE
62
1
10
-0.022358
20
-0.001798
30
-0.093711
11
-0.023822
21
-0.008619
31
-0.092496
12
-0.026467
22
-0.004290
32
-0.091166
0
3DFACE
62
1
10
-0.022358
20
-0.001798
30
-0.093711
11
-0.026467
21
-0.004290
31
-0.091166
12
-0.022962
22
0.000814
32
-0.093216
0
3DFACE
62
1
10
-0.022358
20
-0.001798
30
-0.093711
11
-0.020684
21
0.001001
31
-0.094714
12
-0.019939
22
-0.002996
32
-0.095109
0
3DFACE
62
1
10
-0.022358
20
-0.001798
30
-0.093711
11
-0.019940
21
-0.004134
31
-0.095026
12
-0.023822
22
-0.008619
32
-0.092496
0
3DFACE
62
1
10
-0.022358
20
-0.001798
30
-0.093711
11
-0.021919
21
0.000519
31
-0.093930
12
-0.020684
22
0.001001
32
-0.094714
0
3DFACE
62
1
10
-0.022358
20
-0.001798
30
-0.093711
11
-0.022171
21
0.000467
31
-0.093767
12
-0.021919
22
0.000519
32
-0.093930
0
3DFACE
62
1
10
-0.022358
20
-0.001798
30
-0.093711
11
-0.022343
21
0.000467
31
-0.093654
12
-0.022171
22
0.000467
32
-0.093767
0
3DFACE
62
1
10
-0.022358
20
-0.001798
30
-0.093711
11
-0.022499
21
0.000499
31
-0.093548
12
-0.022343
22
0.000467
32
-0.093654
0
3DFACE
62
1
10
-0.022358
20
-0.001798
30
-0.093711
11
-0.022585
21
0.000531
31
-0.093489
12
-0.022499
22
0.000499
32
-0.093548
0
3DFACE
62
1
10
-0.022358
20
-0.001798
30
-0.093711
11
-0.022744
21
0.000621
31
-0.093377
12
-0.022585
22
0.000531
32
-0.093489
0
3DFACE
62
1
10
-0.022358
20
-0.001798
30
-0.093711
11
-0.022858
21
0.000710
31
-0.093295
12
-0.022744
22
0.000621
32
-0.093377
0
3DFACE
62
1
10
-0.022358
20
-0.001798
30
-0.093711
11
-0.022962
21
0.000814
31
-0.093216
12
-0.022858
22
0.000710
32
-0.093295
0
3DFACE
62
1
10
-0.026057
20
0.004257
30
-0.090391
11
-0.028952
21
-0.000223
31
-0.088975
12
-0.031200
22
0.003457
32
-0.085990
0
3DFACE
62
1
10
-0.026057
20
0.004257
30
-0.090391
11
-0.023072
21
0.001283
31
-0.093104
12
-0.028952
22
-0.000223
32
-0.088975
0
3DFACE
62
1
10
-0.026057
20
0.004257
30
-0.090391
11
-0.031200
21
0.003457
31
-0.085990
12
-0.025855
22
0.005838
32
-0.090177
0
3DFACE
62
1
10
-0.026057
20
0.004257
30
-0.090391
11
-0.025028
21
0.005143
31
-0.091043
12
-0.022961
22
0.001950
32
-0.093120
0
3DFACE
62
1
10
-0.026057
20
0.004257
30
-0.090391
11
-0.025828
21
0.005631
31
-0.090254
12
-0.025760
22
0.005393
32
-0.090372
0
3DFACE
62
1
10
-0.026057
20
0.004257
30
-0.090391
11
-0.025855
21
0.005838
31
-0.090177
12
-0.025828
22
0.005631
32
-0.090254
0
3DFACE
62
1
10
-0.026057
20
0.004257
30
-0.090391
11
-0.025188
21
0.005124
31
-0.090915
12
-0.025028
22
0.005143
32
-0.091043
0
3DFACE
62
1
10
-0.026057
20
0.004257
30
-0.090391
11
-0.025333
21
0.005138
31
-0.090792
12
-0.025188
22
0.005124
32
-0.090915
0
3DFACE
62
1
10
-0.026057
20
0.004257
30
-0.090391
11
-0.025413
21
0.005160
31
-0.090720
12
-0.025333
22
0.005138
32
-0.090792
0
3DFACE
62
1
10
-0.026057
20
0.004257
30
-0.090391
11
-0.025560
21
0.005230
31
-0.090581
12
-0.025413
22
0.005160
32
-0.090720
0
3DFACE
62
1
10
-0.026057
20
0.004257
30
-0.090391
11
-0.025664
21
0.005304
31
-0.090475
12
-0.025560
22
0.005230
32
-0.090581
0
3DFACE
62
1
10
-0.026057
20
0.004257
30
-0.090391
11
-0.025760
21
0.005393
31
-0.090372
12
-0.025664
22
0.005304
32
-0.090475
0
3DFACE
62
1
10
-0.026057
20
0.004257
30
-0.090391
11
-0.023074
21
0.001468
31
-0.093086
12
-0.023072
22
0.001283
32
-0.093104
0
3DFACE
62
1
10
-0.026057
20
0.004257
30
-0.090391
11
-0.023054
21
0.001633
31
-0.093085
12
-0.023074
22
0.001468
32
-0.093086
0
3DFACE
62
1
10
-0.026057
20
0.004257
30
-0.090391
11
-0.023015
21
0.001795
31
-0.093097
12
-0.023054
22
0.001633
32
-0.093085
0
3DFACE
62
1
10
-0.026057
20
0.004257
30
-0.090391
11
-0.022961
21
0.001950
31
-0.093120
12
-0.023015
22
0.001795
32
-0.093097
0
3DFACE
62
1
10
-0.029234
20
0.009457
30
-0.085470
11
-0.028060
21
0.009322
31
-0.086840
12
-0.031200
22
0.003457
32
-0.085990
0
3DFACE
62
1
10
-0.029234
20
0.009457
30
-0.085470
11
-0.031200
21
0.003457
31
-0.085990
12
-0.033144
22
0.006639
32
-0.082301
0
3DFACE
62
1
10
-0.029234
20
0.009457
30
-0.085470
11
-0.029727
21
0.012834
31
-0.082839
12
-0.029526
22
0.012971
32
-0.083024
0
3DFACE
62
1
10
-0.029234
20
0.009457
30
-0.085470
11
-0.029860
21
0.012772
31
-0.082696
12
-0.029727
22
0.012834
32
-0.082839
0
3DFACE
62
1
10
-0.029234
20
0.009457
30
-0.085470
11
-0.029979
21
0.012742
31
-0.082550
12
-0.029860
22
0.012772
32
-0.082696
0
3DFACE
62
1
10
-0.029234
20
0.009457
30
-0.085470
11
-0.030043
21
0.012738
31
-0.082461
12
-0.029979
22
0.012742
32
-0.082550
0
3DFACE
62
1
10
-0.029234
20
0.009457
30
-0.085470
11
-0.030159
21
0.012757
31
-0.082281
12
-0.030043
22
0.012738
32
-0.082461
0
3DFACE
62
1
10
-0.029234
20
0.009457
30
-0.085470
11
-0.033144
21
0.006639
31
-0.082301
12
-0.030159
22
0.012757
32
-0.082281
0
3DFACE
62
1
10
-0.029234
20
0.009457
30
-0.085470
11
-0.028293
21
0.009665
31
-0.086430
12
-0.028238
22
0.009449
32
-0.086589
0
3DFACE
62
1
10
-0.029234
20
0.009457
30
-0.085470
11
-0.028310
21
0.009857
31
-0.086319
12
-0.028293
22
0.009665
32
-0.086430
0
3DFACE
62
1
10
-0.029234
20
0.009457
30
-0.085470
11
-0.028303
21
0.010027
31
-0.086246
12
-0.028310
22
0.009857
32
-0.086319
0
3DFACE
62
1
10
-0.029234
20
0.009457
30
-0.085470
11
-0.028279
21
0.010185
31
-0.086197
12
-0.028303
22
0.010027
32
-0.086246
0
3DFACE
62
1
10
-0.029234
20
0.009457
30
-0.085470
11
-0.029526
21
0.012971
31
-0.083024
12
-0.028184
22
0.010500
32
-0.086149
0
3DFACE
62
1
10
-0.029234
20
0.009457
30
-0.085470
11
-0.028238
21
0.010344
31
-0.086165
12
-0.028279
22
0.010185
32
-0.086197
0
3DFACE
62
1
10
-0.029234
20
0.009457
30
-0.085470
11
-0.028184
21
0.010500
31
-0.086149
12
-0.028238
22
0.010344
32
-0.086165
0
3DFACE
62
1
10
-0.029234
20
0.009457
30
-0.085470
11
-0.028153
21
0.009378
31
-0.086714
12
-0.028060
22
0.009322
32
-0.086840
0
3DFACE
62
1
10
-0.029234
20
0.009457
30
-0.085470
11
-0.028238
21
0.009449
31
-0.086589
12
-0.028153
22
0.009378
32
-0.086714
0
3DFACE
62
1
10
-0.020300
20
0.004051
30
-0.030891
11
-0.014210
21
0.002836
31
-0.040474
12
-0.014384
22
0.003121
32
-0.040624
0
3DFACE
62
1
10
-0.020549
20
0.004459
30
-0.031105
11
-0.014384
21
0.003121
31
-0.040624
12
-0.014558
22
0.003405
32
-0.040779
0
3DFACE
62
1
10
-0.020549
20
0.004459
30
-0.031105
11
-0.020300
21
0.004051
31
-0.030891
12
-0.014384
22
0.003121
32
-0.040624
0
3DFACE
62
1
10
-0.020797
20
0.004864
30
-0.031327
11
-0.020549
21
0.004459
31
-0.031105
12
-0.014558
22
0.003405
32
-0.040779
0
3DFACE
62
1
10
-0.021042
20
0.005266
30
-0.031555
11
-0.014558
21
0.003405
31
-0.040779
12
-0.014730
22
0.003686
32
-0.040939
0
3DFACE
62
1
10
-0.021042
20
0.005266
30
-0.031555
11
-0.020797
21
0.004864
31
-0.031327
12
-0.014558
22
0.003405
32
-0.040779
0
3DFACE
62
1
10
-0.016839
20
0.001854
30
-0.042247
11
-0.016769
21
0.002804
31
-0.042339
12
-0.016948
22
0.002741
32
-0.042467
0
3DFACE
62
1
10
-0.016839
20
0.001854
30
-0.042247
11
-0.016948
21
0.002741
31
-0.042467
12
-0.017073
22
0.002723
32
-0.042561
0
3DFACE
62
1
10
-0.016839
20
0.001854
30
-0.042247
11
-0.017073
21
0.002723
31
-0.042561
12
-0.017177
22
0.002729
32
-0.042642
0
3DFACE
62
1
10
-0.016839
20
0.001854
30
-0.042247
11
-0.017177
21
0.002729
31
-0.042642
12
-0.017274
22
0.002757
32
-0.042723
0
3DFACE
62
1
10
-0.016839
20
0.001854
30
-0.042247
11
-0.017274
21
0.002757
31
-0.042723
12
-0.017373
22
0.002809
32
-0.042811
0
3DFACE
62
1
10
-0.016839
20
0.001854
30
-0.042247
11
-0.017373
21
0.002809
31
-0.042811
12
-0.017464
22
0.002879
32
-0.042897
0
3DFACE
62
1
10
-0.015964
20
0.003197
30
-0.041789
11
-0.016769
21
0.002804
31
-0.042339
12
-0.016839
22
0.001854
32
-0.042247
0
3DFACE
62
1
10
-0.016194
20
0.000799
30
-0.041670
11
-0.015964
21
0.003197
31
-0.041789
12
-0.016839
22
0.001854
32
-0.042247
0
3DFACE
62
1
10
-0.015583
20
0.000131
30
-0.041216
11
-0.015573
21
0.000204
31
-0.041213
12
-0.016194
22
0.000799
32
-0.041670
0
3DFACE
62
1
10
-0.015555
20
0.000290
30
-0.041205
11
-0.016194
21
0.000799
31
-0.041670
12
-0.015573
22
0.000204
32
-0.041213
0
3DFACE
62
1
10
-0.015586
20
-0.000001
30
-0.041212
11
-0.015583
21
0.000131
31
-0.041216
12
-0.016194
22
0.000799
32
-0.041670
0
3DFACE
62
1
10
-0.015519
20
0.000402
30
-0.041187
11
-0.016194
21
0.000799
31
-0.041670
12
-0.015555
22
0.000290
32
-0.041205
0
3DFACE
62
1
10
-0.015471
20
0.000513
30
-0.041162
11
-0.016194
21
0.000799
31
-0.041670
12
-0.015519
22
0.000402
32
-0.041187
0
3DFACE
62
1
10
-0.015568
20
-0.000145
30
-0.041195
11
-0.015586
21
-0.000001
31
-0.041212
12
-0.016194
22
0.000799
32
-0.041670
0
3DFACE
62
1
10
-0.015409
20
0.000631
30
-0.041127
11
-0.016194
21
0.000799
31
-0.041670
12
-0.015471
22
0.000513
32
-0.041162
0
3DFACE
62
1
10
-0.015532
20
-0.000284
30
-0.041167
11
-0.015568
21
-0.000145
31
-0.041195
12
-0.016194
22
0.000799
32
-0.041670
0
3DFACE
62
1
10
-0.014841
20
0.001601
30
-0.040808
11
-0.015964
21
0.003197
31
-0.041789
12
-0.016194
22
0.000799
32
-0.041670
0
3DFACE
62
1
10
-0.014841
20
0.001601
30
-0.040808
11
-0.016194
21
0.000799
31
-0.041670
12
-0.015409
22
0.000631
32
-0.041127
0
3DFACE
62
1
10
-0.014558
20
0.003405
30
-0.040779
11
-0.014730
21
0.003686
31
-0.040939
12
-0.015964
22
0.003197
32
-0.041789
0
3DFACE
62
1
10
-0.014558
20
0.003405
30
-0.040779
11
-0.015964
21
0.003197
31
-0.041789
12
-0.014841
22
0.001601
32
-0.040808
0
3DFACE
62
1
10
-0.014384
20
0.003121
30
-0.040624
11
-0.014558
21
0.003405
31
-0.040779
12
-0.014841
22
0.001601
32
-0.040808
0
3DFACE
62
1
10
-0.014210
20
0.002836
30
-0.040474
11
-0.014384
21
0.003121
31
-0.040624
12
-0.014841
22
0.001601
32
-0.040808
0
3DFACE
62
1
10
0.000014
20
-0.025732
30
-0.069693
11
0.000235
21
-0.026093
31
-0.068310
12
0.000046
22
-0.025783
32
-0.069626
0
3DFACE
62
1
10
-0.000214
20
-0.025358
30
-0.071071
11
0.000014
21
-0.025732
31
-0.069693
12
0.000020
22
-0.025741
32
-0.069783
0
3DFACE
62
1
10
0.000476
20
-0.026488
30
-0.065540
11
0.000490
21
-0.026511
31
-0.065626
12
0.000383
22
-0.026336
32
-0.066975
0
3DFACE
62
1
10
0.000561
20
-0.026626
30
-0.064103
11
0.000500
21
-0.026528
31
-0.065463
12
0.000476
22
-0.026488
32
-0.065540
0
3DFACE
62
1
10
-0.000838
20
-0.024337
30
-0.073612
11
-0.000488
21
-0.024909
31
-0.072331
12
-0.000800
22
-0.024398
32
-0.073557
0
3DFACE
62
1
10
-0.001194
20
-0.023753
30
-0.074887
11
-0.000838
21
-0.024337
31
-0.073612
12
-0.000841
22
-0.024333
32
-0.073703
0
3DFACE
62
1
10
0.000532
20
-0.026580
30
-0.061295
11
0.000555
21
-0.026616
31
-0.061375
12
0.000579
22
-0.026656
32
-0.062739
0
3DFACE
62
1
10
0.000478
20
-0.026490
30
-0.059853
11
0.000549
21
-0.026607
31
-0.061210
12
0.000532
22
-0.026580
32
-0.061295
0
3DFACE
62
1
10
-0.002050
20
-0.022352
30
-0.077165
11
-0.001584
21
-0.023115
31
-0.076028
12
-0.002009
22
-0.022421
32
-0.077124
0
3DFACE
62
1
10
-0.002523
20
-0.021578
30
-0.078292
11
-0.002050
21
-0.022352
31
-0.077165
12
-0.002062
22
-0.022333
32
-0.077253
0
3DFACE
62
1
10
0.000181
20
-0.026005
30
-0.057103
11
0.000210
21
-0.026053
31
-0.057173
12
0.000365
22
-0.026306
32
-0.058505
0
3DFACE
62
1
10
-0.000011
20
-0.025691
30
-0.055704
11
0.000189
21
-0.026018
31
-0.057014
12
0.000181
22
-0.026005
32
-0.057103
0
3DFACE
62
1
10
-0.003583
20
-0.019844
30
-0.080229
11
-0.003016
21
-0.020772
31
-0.079277
12
-0.003538
22
-0.019918
32
-0.080204
0
3DFACE
62
1
10
-0.004156
20
-0.018906
30
-0.081170
11
-0.003583
21
-0.019844
31
-0.080229
12
-0.003603
22
-0.019812
32
-0.080312
0
3DFACE
62
1
10
-0.000566
20
-0.024782
30
-0.053105
11
-0.000530
21
-0.024840
31
-0.053164
12
-0.000251
22
-0.025298
32
-0.054419
0
3DFACE
62
1
10
-0.000889
20
-0.024254
30
-0.051798
11
-0.000567
21
-0.024781
31
-0.053015
12
-0.000566
22
-0.024782
32
-0.053105
0
3DFACE
62
1
10
-0.005383
20
-0.016897
30
-0.082702
11
-0.004734
21
-0.017960
31
-0.081965
12
-0.005336
22
-0.016974
32
-0.082692
0
3DFACE
62
1
10
-0.006036
20
-0.015829
30
-0.083425
11
-0.005383
21
-0.016897
31
-0.082702
12
-0.005410
22
-0.016853
32
-0.082775
0
3DFACE
62
1
10
-0.001683
20
-0.022953
30
-0.049439
11
-0.001643
21
-0.023020
31
-0.049484
12
-0.001248
22
-0.023666
32
-0.050620
0
3DFACE
62
1
10
-0.002126
20
-0.022229
30
-0.048268
11
-0.001693
21
-0.022938
31
-0.049351
12
-0.001683
22
-0.022953
32
-0.049439
0
3DFACE
62
1
10
-0.007389
20
-0.013614
30
-0.084497
11
-0.006681
21
-0.014773
31
-0.084002
12
-0.007342
22
-0.013691
32
-0.084505
0
3DFACE
62
1
10
-0.008100
20
-0.012450
30
-0.084978
11
-0.007389
21
-0.013614
31
-0.084497
12
-0.007423
22
-0.013558
32
-0.084560
0
3DFACE
62
1
10
-0.003133
20
-0.020580
30
-0.046230
11
-0.003088
21
-0.020653
31
-0.046260
12
-0.002592
22
-0.021466
32
-0.047236
0
3DFACE
62
1
10
-0.003680
20
-0.019685
30
-0.045234
11
-0.003150
21
-0.020552
31
-0.046146
12
-0.003133
22
-0.020580
32
-0.046230
0
3DFACE
62
1
10
-0.009533
20
-0.010104
30
-0.085555
11
-0.008789
21
-0.011322
31
-0.085318
12
-0.009487
22
-0.010179
32
-0.085579
0
3DFACE
62
1
10
-0.010278
20
-0.008885
30
-0.085777
11
-0.009533
21
-0.010104
31
-0.085555
12
-0.009572
22
-0.010040
32
-0.085605
0
3DFACE
62
1
10
-0.004865
20
-0.017745
30
-0.043585
11
-0.004818
21
-0.017821
31
-0.043599
12
-0.004237
22
-0.018774
32
-0.044384
0
3DFACE
62
1
10
-0.005498
20
-0.016709
30
-0.042800
11
-0.004890
21
-0.017704
31
-0.043509
12
-0.004865
22
-0.017745
32
-0.043585
0
3DFACE
62
1
10
-0.011742
20
-0.006489
30
-0.085840
11
-0.010988
21
-0.007723
31
-0.085869
12
-0.011699
22
-0.006558
32
-0.085879
0
3DFACE
62
1
10
-0.012495
20
-0.005255
30
-0.085795
11
-0.011742
21
-0.006489
31
-0.085840
12
-0.011785
22
-0.006418
32
-0.085875
0
3DFACE
62
1
10
-0.009745
20
-0.009757
30
-0.063390
11
0.000235
21
-0.026093
31
-0.068310
12
0.000014
22
-0.025732
32
-0.069693
0
3DFACE
62
1
10
-0.009745
20
-0.009757
30
-0.063390
11
0.000476
21
-0.026488
31
-0.065540
12
0.000383
22
-0.026336
32
-0.066975
0
3DFACE
62
1
10
-0.009745
20
-0.009757
30
-0.063390
11
0.000383
21
-0.026336
31
-0.066975
12
0.000235
22
-0.026093
32
-0.068310
0
3DFACE
62
1
10
-0.009821
20
-0.009633
30
-0.063945
11
0.000014
21
-0.025732
31
-0.069693
12
-0.000214
22
-0.025358
32
-0.071071
0
3DFACE
62
1
10
-0.009821
20
-0.009633
30
-0.063945
11
-0.009745
21
-0.009757
31
-0.063390
12
0.000014
22
-0.025732
32
-0.069693
0
3DFACE
62
1
10
-0.009821
20
-0.009633
30
-0.063945
11
-0.000214
21
-0.025358
31
-0.071071
12
-0.000488
22
-0.024909
32
-0.072331
0
3DFACE
62
1
10
-0.009946
20
-0.009428
30
-0.064467
11
-0.000488
21
-0.024909
31
-0.072331
12
-0.000838
22
-0.024337
32
-0.073612
0
3DFACE
62
1
10
-0.009946
20
-0.009428
30
-0.064467
11
-0.000838
21
-0.024337
31
-0.073612
12
-0.001194
22
-0.023753
32
-0.074887
0
3DFACE
62
1
10
-0.009946
20
-0.009428
30
-0.064467
11
-0.009821
21
-0.009633
31
-0.063945
12
-0.000488
22
-0.024909
32
-0.072331
0
3DFACE
62
1
10
-0.009946
20
-0.009428
30
-0.064467
11
-0.001194
21
-0.023753
31
-0.074887
12
-0.001584
22
-0.023115
32
-0.076028
0
3DFACE
62
1
10
-0.009721
20
-0.009797
30
-0.062818
11
0.000476
21
-0.026488
31
-0.065540
12
-0.009745
22
-0.009757
32
-0.063390
0
3DFACE
62
1
10
-0.009721
20
-0.009797
30
-0.062818
11
0.000561
21
-0.026626
31
-0.064103
12
0.000476
22
-0.026488
32
-0.065540
0
3DFACE
62
1
10
-0.009721
20
-0.009797
30
-0.062818
11
0.000532
21
-0.026580
31
-0.061295
12
0.000579
22
-0.026656
32
-0.062739
0
3DFACE
62
1
10
-0.009721
20
-0.009797
30
-0.062818
11
0.000579
21
-0.026656
31
-0.062739
12
0.000561
22
-0.026626
32
-0.064103
0
3DFACE
62
1
10
-0.006821
20
-0.014543
30
-0.041597
11
-0.006774
21
-0.014620
31
-0.041594
12
-0.006127
22
-0.015680
32
-0.042160
0
3DFACE
62
1
10
-0.010116
20
-0.009149
30
-0.064939
11
-0.009946
21
-0.009428
31
-0.064467
12
-0.001584
22
-0.023115
32
-0.076028
0
3DFACE
62
1
10
-0.010116
20
-0.009149
30
-0.064939
11
-0.001584
21
-0.023115
31
-0.076028
12
-0.002050
22
-0.022352
32
-0.077165
0
3DFACE
62
1
10
-0.010116
20
-0.009149
30
-0.064939
11
-0.002050
21
-0.022352
31
-0.077165
12
-0.002523
22
-0.021578
32
-0.078292
0
3DFACE
62
1
10
-0.010116
20
-0.009149
30
-0.064939
11
-0.002523
21
-0.021578
31
-0.078292
12
-0.003016
22
-0.020772
32
-0.079277
0
3DFACE
62
1
10
-0.009748
20
-0.009752
30
-0.062247
11
0.000365
21
-0.026306
31
-0.058505
12
0.000478
22
-0.026490
32
-0.059853
0
3DFACE
62
1
10
-0.009748
20
-0.009752
30
-0.062247
11
0.000478
21
-0.026490
31
-0.059853
12
0.000532
22
-0.026580
32
-0.061295
0
3DFACE
62
1
10
-0.009748
20
-0.009752
30
-0.062247
11
0.000181
21
-0.026005
31
-0.057103
12
0.000365
22
-0.026306
32
-0.058505
0
3DFACE
62
1
10
-0.009748
20
-0.009752
30
-0.062247
11
0.000532
21
-0.026580
31
-0.061295
12
-0.009721
22
-0.009797
32
-0.062818
0
3DFACE
62
1
10
-0.010327
20
-0.008805
30
-0.065347
11
-0.010116
21
-0.009149
31
-0.064939
12
-0.003016
22
-0.020772
32
-0.079277
0
3DFACE
62
1
10
-0.010327
20
-0.008805
30
-0.065347
11
-0.003016
21
-0.020772
31
-0.079277
12
-0.003583
22
-0.019844
32
-0.080229
0
3DFACE
62
1
10
-0.010327
20
-0.008805
30
-0.065347
11
-0.004156
21
-0.018906
31
-0.081170
12
-0.004734
22
-0.017960
32
-0.081965
0
3DFACE
62
1
10
-0.010327
20
-0.008805
30
-0.065347
11
-0.003583
21
-0.019844
31
-0.080229
12
-0.004156
22
-0.018906
32
-0.081170
0
3DFACE
62
1
10
-0.009827
20
-0.009622
30
-0.061693
11
-0.000251
21
-0.025298
31
-0.054419
12
-0.000011
22
-0.025691
32
-0.055704
0
3DFACE
62
1
10
-0.009827
20
-0.009622
30
-0.061693
11
-0.000011
21
-0.025691
31
-0.055704
12
0.000181
22
-0.026005
32
-0.057103
0
3DFACE
62
1
10
-0.009827
20
-0.009622
30
-0.061693
11
0.000181
21
-0.026005
31
-0.057103
12
-0.009748
22
-0.009752
32
-0.062247
0
3DFACE
62
1
10
-0.009827
20
-0.009622
30
-0.061693
11
-0.000566
21
-0.024782
31
-0.053105
12
-0.000251
22
-0.025298
32
-0.054419
0
3DFACE
62
1
10
-0.010571
20
-0.008405
30
-0.065679
11
-0.005383
21
-0.016897
31
-0.082702
12
-0.006036
22
-0.015829
32
-0.083425
0
3DFACE
62
1
10
-0.010571
20
-0.008405
30
-0.065679
11
-0.010327
21
-0.008805
31
-0.065347
12
-0.004734
22
-0.017960
32
-0.081965
0
3DFACE
62
1
10
-0.010571
20
-0.008405
30
-0.065679
11
-0.004734
21
-0.017960
31
-0.081965
12
-0.005383
22
-0.016897
32
-0.082702
0
3DFACE
62
1
10
-0.009955
20
-0.009413
30
-0.061174
11
-0.001248
21
-0.023666
31
-0.050620
12
-0.000889
22
-0.024254
32
-0.051798
0
3DFACE
62
1
10
-0.009955
20
-0.009413
30
-0.061174
11
-0.000566
21
-0.024782
31
-0.053105
12
-0.009827
22
-0.009622
32
-0.061693
0
3DFACE
62
1
10
-0.009955
20
-0.009413
30
-0.061174
11
-0.001683
21
-0.022953
31
-0.049439
12
-0.001248
22
-0.023666
32
-0.050620
0
3DFACE
62
1
10
-0.009955
20
-0.009413
30
-0.061174
11
-0.000889
21
-0.024254
31
-0.051798
12
-0.000566
22
-0.024782
32
-0.053105
0
3DFACE
62
1
10
-0.010841
20
-0.007962
30
-0.065924
11
-0.006681
21
-0.014773
31
-0.084002
12
-0.007389
22
-0.013614
32
-0.084497
0
3DFACE
62
1
10
-0.010841
20
-0.007962
30
-0.065924
11
-0.007389
21
-0.013614
31
-0.084497
12
-0.008100
22
-0.012450
32
-0.084978
0
3DFACE
62
1
10
-0.010841
20
-0.007962
30
-0.065924
11
-0.010571
21
-0.008405
31
-0.065679
12
-0.006036
22
-0.015829
32
-0.083425
0
3DFACE
62
1
10
-0.010841
20
-0.007962
30
-0.065924
11
-0.006036
21
-0.015829
31
-0.083425
12
-0.006681
22
-0.014773
32
-0.084002
0
3DFACE
62
1
10
-0.010128
20
-0.009130
30
-0.060706
11
-0.002126
21
-0.022229
31
-0.048268
12
-0.001683
22
-0.022953
32
-0.049439
0
3DFACE
62
1
10
-0.010128
20
-0.009130
30
-0.060706
11
-0.003133
21
-0.020580
31
-0.046230
12
-0.002592
22
-0.021466
32
-0.047236
0
3DFACE
62
1
10
-0.010128
20
-0.009130
30
-0.060706
11
-0.002592
21
-0.021466
31
-0.047236
12
-0.002126
22
-0.022229
32
-0.048268
0
3DFACE
62
1
10
-0.010128
20
-0.009130
30
-0.060706
11
-0.001683
21
-0.022953
31
-0.049439
12
-0.009955
22
-0.009413
32
-0.061174
0
3DFACE
62
1
10
-0.007519
20
-0.013402
30
-0.041047
11
-0.006853
21
-0.014491
31
-0.041530
12
-0.006821
22
-0.014543
32
-0.041597
0
3DFACE
62
1
10
-0.011130
20
-0.007490
30
-0.066075
11
-0.008789
21
-0.011322
31
-0.085318
12
-0.009533
22
-0.010104
32
-0.085555
0
3DFACE
62
1
10
-0.011130
20
-0.007490
30
-0.066075
11
-0.009533
21
-0.010104
31
-0.085555
12
-0.010278
22
-0.008885
32
-0.085777
0
3DFACE
62
1
10
-0.011130
20
-0.007490
30
-0.066075
11
-0.010841
21
-0.007962
31
-0.065924
12
-0.008100
22
-0.012450
32
-0.084978
0
3DFACE
62
1
10
-0.011130
20
-0.007490
30
-0.066075
11
-0.008100
21
-0.012450
31
-0.084978
12
-0.008789
22
-0.011322
32
-0.085318
0
3DFACE
62
1
10
-0.010341
20
-0.008782
30
-0.060302
11
-0.004237
21
-0.018774
31
-0.044384
12
-0.003680
22
-0.019685
32
-0.045234
0
3DFACE
62
1
10
-0.010341
20
-0.008782
30
-0.060302
11
-0.003680
21
-0.019685
31
-0.045234
12
-0.003133
22
-0.020580
32
-0.046230
0
3DFACE
62
1
10
-0.010341
20
-0.008782
30
-0.060302
11
-0.003133
21
-0.020580
31
-0.046230
12
-0.010128
22
-0.009130
32
-0.060706
0
3DFACE
62
1
10
-0.010341
20
-0.008782
30
-0.060302
11
-0.004865
21
-0.017745
31
-0.043585
12
-0.004237
22
-0.018774
32
-0.044384
0
3DFACE
62
1
10
-0.013940
20
-0.002890
30
-0.085341
11
-0.013202
21
-0.004099
31
-0.085635
12
-0.013902
22
-0.002952
32
-0.085394
0
3DFACE
62
1
10
-0.011428
20
-0.007002
30
-0.066129
11
-0.010988
21
-0.007723
31
-0.085869
12
-0.011742
22
-0.006489
32
-0.085840
0
3DFACE
62
1
10
-0.011428
20
-0.007002
30
-0.066129
11
-0.011742
21
-0.006489
31
-0.085840
12
-0.012495
22
-0.005255
32
-0.085795
0
3DFACE
62
1
10
-0.011428
20
-0.007002
30
-0.066129
11
-0.010278
21
-0.008885
31
-0.085777
12
-0.010988
22
-0.007723
32
-0.085869
0
3DFACE
62
1
10
-0.011428
20
-0.007002
30
-0.066129
11
-0.011130
21
-0.007490
31
-0.066075
12
-0.010278
22
-0.008885
32
-0.085777
0
3DFACE
62
1
10
-0.010587
20
-0.008379
30
-0.059976
11
-0.006127
21
-0.015680
31
-0.042160
12
-0.005498
22
-0.016709
32
-0.042800
0
3DFACE
62
1
10
-0.010587
20
-0.008379
30
-0.059976
11
-0.006821
21
-0.014543
31
-0.041597
12
-0.006127
22
-0.015680
32
-0.042160
0
3DFACE
62
1
10
-0.010587
20
-0.008379
30
-0.059976
11
-0.005498
21
-0.016709
31
-0.042800
12
-0.004865
22
-0.017745
32
-0.043585
0
3DFACE
62
1
10
-0.010587
20
-0.008379
30
-0.059976
11
-0.004865
21
-0.017745
31
-0.043585
12
-0.010341
22
-0.008782
32
-0.060302
0
3DFACE
62
1
10
-0.011726
20
-0.006514
30
-0.066082
11
-0.013202
21
-0.004099
31
-0.085635
12
-0.013940
22
-0.002890
32
-0.085341
0
3DFACE
62
1
10
-0.011726
20
-0.006514
30
-0.066082
11
-0.011428
21
-0.007002
31
-0.066129
12
-0.012495
22
-0.005255
32
-0.085795
0
3DFACE
62
1
10
-0.011726
20
-0.006514
30
-0.066082
11
-0.012495
21
-0.005255
31
-0.085795
12
-0.013202
22
-0.004099
32
-0.085635
0
3DFACE
62
1
10
-0.010859
20
-0.007934
30
-0.059736
11
-0.008198
21
-0.012290
31
-0.040641
12
-0.007519
22
-0.013402
32
-0.041047
0
3DFACE
62
1
10
-0.010859
20
-0.007934
30
-0.059736
11
-0.006821
21
-0.014543
31
-0.041597
12
-0.010587
22
-0.008379
32
-0.059976
0
3DFACE
62
1
10
-0.010859
20
-0.007934
30
-0.059736
11
-0.007519
21
-0.013402
31
-0.041047
12
-0.006821
22
-0.014543
32
-0.041597
0
3DFACE
62
1
10
-0.012016
20
-0.006040
30
-0.065936
11
-0.011726
21
-0.006514
31
-0.066082
12
-0.013940
22
-0.002890
32
-0.085341
0
3DFACE
62
1
10
-0.014677
20
-0.001685
30
-0.085031
11
-0.013940
21
-0.002890
31
-0.085341
12
-0.013986
22
-0.002815
32
-0.085360
0
3DFACE
62
1
10
-0.014677
20
-0.001685
30
-0.085031
11
-0.012016
21
-0.006040
31
-0.065936
12
-0.013940
22
-0.002890
32
-0.085341
0
3DFACE
62
1
10
-0.008934
20
-0.011084
30
-0.040331
11
-0.008198
21
-0.012290
31
-0.040641
12
-0.010859
22
-0.007934
32
-0.059736
0
3DFACE
62
1
10
-0.008934
20
-0.011084
30
-0.040331
11
-0.008888
21
-0.011160
31
-0.040312
12
-0.008198
22
-0.012290
32
-0.040641
0
3DFACE
62
1
10
-0.008934
20
-0.011084
30
-0.040331
11
-0.010859
21
-0.007934
31
-0.059736
12
-0.011148
22
-0.007460
32
-0.059590
0
3DFACE
62
1
10
-0.015356
20
-0.000573
30
-0.084625
11
-0.012016
21
-0.006040
31
-0.065936
12
-0.014677
22
-0.001685
32
-0.085031
0
3DFACE
62
1
10
-0.009673
20
-0.009876
30
-0.040037
11
-0.008972
21
-0.011022
31
-0.040278
12
-0.008934
22
-0.011084
32
-0.040331
0
3DFACE
62
1
10
-0.009673
20
-0.009876
30
-0.040037
11
-0.008934
21
-0.011084
31
-0.040331
12
-0.011148
22
-0.007460
32
-0.059590
0
3DFACE
62
1
10
-0.016053
20
0.000569
30
-0.084075
11
-0.015356
21
-0.000573
31
-0.084625
12
-0.016021
22
0.000516
32
-0.084142
0
3DFACE
62
1
10
-0.016053
20
0.000569
30
-0.084075
11
-0.012287
21
-0.005595
31
-0.065696
12
-0.012016
22
-0.006040
32
-0.065936
0
3DFACE
62
1
10
-0.016053
20
0.000569
30
-0.084075
11
-0.012016
21
-0.006040
31
-0.065936
12
-0.015356
22
-0.000573
32
-0.084625
0
3DFACE
62
1
10
-0.010379
20
-0.008719
30
-0.039877
11
-0.009673
21
-0.009876
31
-0.040037
12
-0.011148
22
-0.007460
32
-0.059590
0
3DFACE
62
1
10
-0.010379
20
-0.008719
30
-0.039877
11
-0.011148
21
-0.007460
31
-0.059590
12
-0.011447
22
-0.006972
32
-0.059543
0
3DFACE
62
1
10
-0.016748
20
0.001705
30
-0.083512
11
-0.016053
21
0.000569
31
-0.084075
12
-0.016100
22
0.000646
32
-0.084078
0
3DFACE
62
1
10
-0.016748
20
0.001705
30
-0.083512
11
-0.012287
21
-0.005595
31
-0.065696
12
-0.016053
22
0.000569
32
-0.084075
0
3DFACE
62
1
10
-0.011133
20
-0.007486
30
-0.039832
11
-0.011089
21
-0.007557
31
-0.039797
12
-0.010379
22
-0.008719
32
-0.039877
0
3DFACE
62
1
10
-0.011133
20
-0.007486
30
-0.039832
11
-0.010379
21
-0.008719
31
-0.039877
12
-0.011447
22
-0.006972
32
-0.059543
0
3DFACE
62
1
10
-0.017376
20
0.002734
30
-0.082872
11
-0.012287
21
-0.005595
31
-0.065696
12
-0.016748
22
0.001705
32
-0.083512
0
3DFACE
62
1
10
-0.011887
20
-0.006252
30
-0.039803
11
-0.011175
21
-0.007416
31
-0.039793
12
-0.011133
22
-0.007486
32
-0.039832
0
3DFACE
62
1
10
-0.011887
20
-0.006252
30
-0.039803
11
-0.011133
21
-0.007486
31
-0.039832
12
-0.011447
22
-0.006972
32
-0.059543
0
3DFACE
62
1
10
-0.018009
20
0.003771
30
-0.082087
11
-0.012533
21
-0.005193
31
-0.065370
12
-0.012287
22
-0.005595
32
-0.065696
0
3DFACE
62
1
10
-0.018009
20
0.003771
30
-0.082087
11
-0.017376
21
0.002734
31
-0.082872
12
-0.017984
22
0.003729
32
-0.082163
0
3DFACE
62
1
10
-0.018009
20
0.003771
30
-0.082087
11
-0.012287
21
-0.005595
31
-0.065696
12
-0.017376
22
0.002734
32
-0.082872
0
3DFACE
62
1
10
-0.012596
20
-0.005090
30
-0.039895
11
-0.011887
21
-0.006252
31
-0.039803
12
-0.011447
22
-0.006972
32
-0.059543
0
3DFACE
62
1
10
-0.012596
20
-0.005090
30
-0.039895
11
-0.011447
21
-0.006972
31
-0.059543
12
-0.011744
22
-0.006484
32
-0.059596
0
3DFACE
62
1
10
-0.018638
20
0.004799
30
-0.081288
11
-0.018009
21
0.003771
31
-0.082087
12
-0.018056
22
0.003847
32
-0.082073
0
3DFACE
62
1
10
-0.018638
20
0.004799
30
-0.081288
11
-0.012533
21
-0.005193
31
-0.065370
12
-0.018009
22
0.003771
32
-0.082087
0
3DFACE
62
1
10
-0.013342
20
-0.003870
30
-0.040117
11
-0.013302
21
-0.003934
31
-0.040067
12
-0.012596
22
-0.005090
32
-0.039895
0
3DFACE
62
1
10
-0.013342
20
-0.003870
30
-0.040117
11
-0.012596
21
-0.005090
31
-0.039895
12
-0.011744
22
-0.006484
32
-0.059596
0
3DFACE
62
1
10
-0.019195
20
0.005711
30
-0.080438
11
-0.012533
21
-0.005193
31
-0.065370
12
-0.018638
22
0.004799
32
-0.081288
0
3DFACE
62
1
10
-0.014085
20
-0.002653
30
-0.040354
11
-0.013387
21
-0.003796
31
-0.040093
12
-0.013342
22
-0.003870
32
-0.040117
0
3DFACE
62
1
10
-0.014085
20
-0.002653
30
-0.040354
11
-0.013342
21
-0.003870
31
-0.040117
12
-0.011744
22
-0.006484
32
-0.059596
0
3DFACE
62
1
10
-0.019742
20
0.006606
30
-0.079442
11
-0.012746
21
-0.004845
31
-0.064966
12
-0.012533
22
-0.005193
32
-0.065370
0
3DFACE
62
1
10
-0.019742
20
0.006606
30
-0.079442
11
-0.019195
21
0.005711
31
-0.080438
12
-0.019724
22
0.006577
32
-0.079526
0
3DFACE
62
1
10
-0.019742
20
0.006606
30
-0.079442
11
-0.012533
21
-0.005193
31
-0.065370
12
-0.019195
22
0.005711
32
-0.080438
0
3DFACE
62
1
10
-0.014774
20
-0.001525
30
-0.040694
11
-0.014085
21
-0.002653
31
-0.040354
12
-0.011744
22
-0.006484
32
-0.059596
0
3DFACE
62
1
10
-0.014774
20
-0.001525
30
-0.040694
11
-0.011744
21
-0.006484
31
-0.059596
12
-0.012033
22
-0.006012
32
-0.059748
0
3DFACE
62
1
10
-0.020283
20
0.007492
30
-0.078436
11
-0.012746
21
-0.004845
31
-0.064966
12
-0.019742
22
0.006606
32
-0.079442
0
3DFACE
62
1
10
-0.020283
20
0.007492
30
-0.078436
11
-0.019742
21
0.006606
31
-0.079442
12
-0.019786
22
0.006679
32
-0.079412
0
3DFACE
62
1
10
-0.015485
20
-0.000361
30
-0.041175
11
-0.015452
21
-0.000416
31
-0.041112
12
-0.014774
22
-0.001525
32
-0.040694
0
3DFACE
62
1
10
-0.015485
20
-0.000361
30
-0.041175
11
-0.014774
21
-0.001525
31
-0.040694
12
-0.012033
22
-0.006012
32
-0.059748
0
3DFACE
62
1
10
-0.020749
20
0.008255
30
-0.077404
11
-0.012746
21
-0.004845
31
-0.064966
12
-0.020283
22
0.007492
32
-0.078436
0
3DFACE
62
1
10
-0.016194
20
0.000799
30
-0.041670
11
-0.015532
21
-0.000284
31
-0.041167
12
-0.015485
22
-0.000361
32
-0.041175
0
3DFACE
62
1
10
-0.016194
20
0.000799
30
-0.041670
11
-0.015485
21
-0.000361
31
-0.041175
12
-0.012033
22
-0.006012
32
-0.059748
0
3DFACE
62
1
10
-0.021191
20
0.008979
30
-0.076233
11
-0.012919
21
-0.004561
31
-0.064498
12
-0.012746
22
-0.004845
32
-0.064966
0
3DFACE
62
1
10
-0.021191
20
0.008979
30
-0.076233
11
-0.020749
21
0.008255
31
-0.077404
12
-0.021182
22
0.008964
32
-0.076321
0
3DFACE
62
1
10
-0.021191
20
0.008979
30
-0.076233
11
-0.012746
21
-0.004845
31
-0.064966
12
-0.020749
22
0.008255
32
-0.077404
0
3DFACE
62
1
10
-0.016839
20
0.001854
30
-0.042247
11
-0.016194
21
0.000799
31
-0.041670
12
-0.012033
22
-0.006012
32
-0.059748
0
3DFACE
62
1
10
-0.016839
20
0.001854
30
-0.042247
11
-0.012033
21
-0.006012
31
-0.059748
12
-0.012304
22
-0.005569
32
-0.059993
0
3DFACE
62
1
10
-0.021434
20
0.009376
30
-0.075625
11
-0.021191
21
0.008979
31
-0.076233
12
-0.021232
22
0.009045
32
-0.076188
0
3DFACE
62
1
10
-0.021627
20
0.009692
30
-0.075052
11
-0.012919
21
-0.004561
31
-0.064498
12
-0.021191
22
0.008979
32
-0.076233
0
3DFACE
62
1
10
-0.021627
20
0.009692
30
-0.075052
11
-0.021191
21
0.008979
31
-0.076233
12
-0.021434
22
0.009376
32
-0.075625
0
3DFACE
62
1
10
-0.017492
20
0.002923
30
-0.042970
11
-0.016839
21
0.001854
31
-0.042247
12
-0.012304
22
-0.005569
32
-0.059993
0
3DFACE
62
1
10
-0.017492
20
0.002923
30
-0.042970
11
-0.017464
21
0.002879
31
-0.042897
12
-0.016839
22
0.001854
32
-0.042247
0
3DFACE
62
1
10
-0.021811
20
0.009993
30
-0.074468
11
-0.012919
21
-0.004561
31
-0.064498
12
-0.021627
22
0.009692
32
-0.075052
0
3DFACE
62
1
10
-0.021986
20
0.010279
30
-0.073874
11
-0.012919
21
-0.004561
31
-0.064498
12
-0.021811
22
0.009993
32
-0.074468
0
3DFACE
62
1
10
-0.018140
20
0.003985
30
-0.043707
11
-0.017492
21
0.002923
31
-0.042970
12
-0.012304
22
-0.005569
32
-0.059993
0
3DFACE
62
1
10
-0.018140
20
0.003985
30
-0.043707
11
-0.017538
21
0.003000
31
-0.042980
12
-0.017492
22
0.002923
32
-0.042970
0
3DFACE
62
1
10
-0.018140
20
0.003985
30
-0.043707
11
-0.012304
21
-0.005569
31
-0.059993
12
-0.012548
22
-0.005169
32
-0.060325
0
3DFACE
62
1
10
-0.022308
20
0.010807
30
-0.072567
11
-0.021986
21
0.010279
31
-0.073874
12
-0.022151
22
0.010551
32
-0.073270
0
3DFACE
62
1
10
-0.022308
20
0.010807
30
-0.072567
11
-0.022151
21
0.010551
31
-0.073270
12
-0.022308
22
0.010807
32
-0.072657
0
3DFACE
62
1
10
-0.022308
20
0.010807
30
-0.072567
11
-0.012919
21
-0.004561
31
-0.064498
12
-0.021986
22
0.010279
32
-0.073874
0
3DFACE
62
1
10
-0.022308
20
0.010807
30
-0.072567
11
-0.013047
21
-0.004352
31
-0.063979
12
-0.012919
22
-0.004561
32
-0.064498
0
3DFACE
62
1
10
-0.018719
20
0.004932
30
-0.044502
11
-0.018140
21
0.003985
31
-0.043707
12
-0.012548
22
-0.005169
32
-0.060325
0
3DFACE
62
1
10
-0.022623
20
0.011323
30
-0.071253
11
-0.022308
21
0.010807
31
-0.072567
12
-0.022344
22
0.010866
32
-0.072508
0
3DFACE
62
1
10
-0.022623
20
0.011323
30
-0.071253
11
-0.013047
21
-0.004352
31
-0.063979
12
-0.022308
22
0.010807
32
-0.072567
0
3DFACE
62
1
10
-0.019291
20
0.005869
30
-0.045443
11
-0.018719
21
0.004932
31
-0.044502
12
-0.012548
22
-0.005169
32
-0.060325
0
3DFACE
62
1
10
-0.019291
20
0.005869
30
-0.045443
11
-0.019272
21
0.005837
31
-0.045360
12
-0.018719
22
0.004932
32
-0.044502
0
3DFACE
62
1
10
-0.022863
20
0.011716
30
-0.069968
11
-0.013047
21
-0.004352
31
-0.063979
12
-0.022623
22
0.011323
32
-0.071253
0
3DFACE
62
1
10
-0.019859
20
0.006798
30
-0.046395
11
-0.019291
21
0.005869
31
-0.045443
12
-0.012548
22
-0.005169
32
-0.060325
0
3DFACE
62
1
10
-0.019859
20
0.006798
30
-0.046395
11
-0.019337
21
0.005943
31
-0.045468
12
-0.019291
22
0.005869
32
-0.045443
0
3DFACE
62
1
10
-0.019859
20
0.006798
30
-0.046395
11
-0.012548
21
-0.005169
31
-0.060325
12
-0.012758
22
-0.004825
32
-0.060733
0
3DFACE
62
1
10
-0.023055
20
0.012030
30
-0.068569
11
-0.022863
21
0.011716
31
-0.069968
12
-0.023063
22
0.012044
32
-0.068658
0
3DFACE
62
1
10
-0.023055
20
0.012030
30
-0.068569
11
-0.013047
21
-0.004352
31
-0.063979
12
-0.022863
22
0.011716
32
-0.069968
0
3DFACE
62
1
10
-0.023055
20
0.012030
30
-0.068569
11
-0.013126
21
-0.004223
31
-0.063425
12
-0.013047
22
-0.004352
32
-0.063979
0
3DFACE
62
1
10
-0.020351
20
0.007604
30
-0.047380
11
-0.019859
21
0.006798
31
-0.046395
12
-0.012758
22
-0.004825
32
-0.060733
0
3DFACE
62
1
10
-0.023239
20
0.012331
30
-0.067167
11
-0.023055
21
0.012030
31
-0.068569
12
-0.023085
22
0.012079
32
-0.068499
0
3DFACE
62
1
10
-0.023239
20
0.012331
30
-0.067167
11
-0.013126
21
-0.004223
31
-0.063425
12
-0.023055
22
0.012030
32
-0.068569
0
3DFACE
62
1
10
-0.020824
20
0.008378
30
-0.048507
11
-0.020351
21
0.007604
31
-0.047380
12
-0.012758
22
-0.004825
32
-0.060733
0
3DFACE
62
1
10
-0.020812
20
0.008359
30
-0.048419
11
-0.020351
21
0.007604
31
-0.047380
12
-0.020824
22
0.008378
32
-0.048507
0
3DFACE
62
1
10
-0.023352
20
0.012516
30
-0.065819
11
-0.013126
21
-0.004223
31
-0.063425
12
-0.023239
22
0.012331
32
-0.067167
0
3DFACE
62
1
10
-0.021290
20
0.009141
30
-0.049644
11
-0.020866
21
0.008446
31
-0.048548
12
-0.020824
22
0.008378
32
-0.048507
0
3DFACE
62
1
10
-0.021290
20
0.009141
30
-0.049644
11
-0.020824
21
0.008378
31
-0.048507
12
-0.012758
22
-0.004825
32
-0.060733
0
3DFACE
62
1
10
-0.021290
20
0.009141
30
-0.049644
11
-0.012758
21
-0.004825
31
-0.060733
12
-0.012928
22
-0.004546
32
-0.061205
0
3DFACE
62
1
10
-0.023407
20
0.012605
30
-0.064377
11
-0.013154
21
-0.004177
31
-0.062854
12
-0.013126
22
-0.004223
32
-0.063425
0
3DFACE
62
1
10
-0.023407
20
0.012605
30
-0.064377
11
-0.013126
21
-0.004223
31
-0.063425
12
-0.023352
22
0.012516
32
-0.065819
0
3DFACE
62
1
10
-0.023423
20
0.012633
30
-0.064462
11
-0.023407
21
0.012605
31
-0.064377
12
-0.023352
22
0.012516
32
-0.065819
0
3DFACE
62
1
10
-0.021680
20
0.009779
30
-0.050785
11
-0.021290
21
0.009141
31
-0.049644
12
-0.012928
22
-0.004546
32
-0.061205
0
3DFACE
62
1
10
-0.023453
20
0.012681
30
-0.062933
11
-0.023407
21
0.012605
31
-0.064377
12
-0.023429
22
0.012642
32
-0.064297
0
3DFACE
62
1
10
-0.023453
20
0.012681
30
-0.062933
11
-0.013154
21
-0.004177
31
-0.062854
12
-0.023407
22
0.012605
32
-0.064377
0
3DFACE
62
1
10
-0.022037
20
0.010363
30
-0.052059
11
-0.021680
21
0.009779
31
-0.050785
12
-0.012928
22
-0.004546
32
-0.061205
0
3DFACE
62
1
10
-0.022034
20
0.010358
30
-0.051969
11
-0.021680
21
0.009779
31
-0.050785
12
-0.022037
22
0.010363
32
-0.052059
0
3DFACE
62
1
10
-0.023435
20
0.012652
30
-0.061569
11
-0.013154
21
-0.004177
31
-0.062854
12
-0.023453
22
0.012681
32
-0.062933
0
3DFACE
62
1
10
-0.022386
20
0.010935
30
-0.053341
11
-0.022074
21
0.010424
31
-0.052115
12
-0.022037
22
0.010363
32
-0.052059
0
3DFACE
62
1
10
-0.022386
20
0.010935
30
-0.053341
11
-0.012928
21
-0.004546
31
-0.061205
12
-0.013053
22
-0.004342
32
-0.061727
0
3DFACE
62
1
10
-0.022386
20
0.010935
30
-0.053341
11
-0.022037
21
0.010363
31
-0.052059
12
-0.012928
22
-0.004546
32
-0.061205
0
3DFACE
62
1
10
-0.023350
20
0.012513
30
-0.060132
11
-0.013129
21
-0.004217
31
-0.062282
12
-0.013154
22
-0.004177
32
-0.062854
0
3DFACE
62
1
10
-0.023350
20
0.012513
30
-0.060132
11
-0.013154
21
-0.004177
31
-0.062854
12
-0.023435
22
0.012652
32
-0.061569
0
3DFACE
62
1
10
-0.023375
20
0.012553
30
-0.060209
11
-0.023350
21
0.012513
31
-0.060132
12
-0.023435
22
0.012652
32
-0.061569
0
3DFACE
62
1
10
-0.022660
20
0.011383
30
-0.054601
11
-0.022386
21
0.010935
31
-0.053341
12
-0.013053
22
-0.004342
32
-0.061727
0
3DFACE
62
1
10
-0.023258
20
0.012362
30
-0.058697
11
-0.023350
21
0.012513
31
-0.060132
12
-0.023365
22
0.012537
32
-0.060046
0
3DFACE
62
1
10
-0.023258
20
0.012362
30
-0.058697
11
-0.013129
21
-0.004217
31
-0.062282
12
-0.023350
22
0.012513
32
-0.060132
0
3DFACE
62
1
10
-0.022889
20
0.011757
30
-0.055979
11
-0.022660
21
0.011383
31
-0.054601
12
-0.013053
22
-0.004342
32
-0.061727
0
3DFACE
62
1
10
-0.022889
20
0.011757
30
-0.055979
11
-0.013053
21
-0.004342
31
-0.061727
12
-0.013129
22
-0.004217
32
-0.062282
0
3DFACE
62
1
10
-0.022894
20
0.011767
30
-0.055889
11
-0.022660
21
0.011383
31
-0.054601
12
-0.022889
22
0.011757
32
-0.055979
0
3DFACE
62
1
10
-0.023109
20
0.012119
30
-0.057362
11
-0.013129
21
-0.004217
31
-0.062282
12
-0.023258
22
0.012362
32
-0.058697
0
3DFACE
62
1
10
-0.023109
20
0.012119
30
-0.057362
11
-0.022889
21
0.011757
31
-0.055979
12
-0.013129
22
-0.004217
32
-0.062282
0
3DFACE
62
1
10
-0.023109
20
0.012119
30
-0.057362
11
-0.022920
21
0.011809
31
-0.056046
12
-0.022889
22
0.011757
32
-0.055979
0
3DFACE
62
1
10
-0.013047
20
-0.004352
30
-0.063979
11
-0.012919
21
-0.004561
31
-0.064498
12
-0.022664
22
-0.010515
32
-0.064498
0
3DFACE
62
1
10
-0.013047
20
-0.004352
30
-0.063979
11
-0.022664
21
-0.010515
31
-0.064498
12
-0.022792
22
-0.010306
32
-0.063979
0
3DFACE
62
1
10
-0.013126
20
-0.004223
30
-0.063425
11
-0.022792
21
-0.010306
31
-0.063979
12
-0.022871
22
-0.010176
32
-0.063425
0
3DFACE
62
1
10
-0.013126
20
-0.004223
30
-0.063425
11
-0.013047
21
-0.004352
31
-0.063979
12
-0.022792
22
-0.010306
32
-0.063979
0
3DFACE
62
1
10
-0.013154
20
-0.004177
30
-0.062854
11
-0.022871
21
-0.010176
31
-0.063425
12
-0.022899
22
-0.010131
32
-0.062854
0
3DFACE
62
1
10
-0.013154
20
-0.004177
30
-0.062854
11
-0.013126
21
-0.004223
31
-0.063425
12
-0.022871
22
-0.010176
32
-0.063425
0
3DFACE
62
1
10
-0.013129
20
-0.004217
30
-0.062282
11
-0.022899
21
-0.010131
31
-0.062854
12
-0.022874
22
-0.010171
32
-0.062282
0
3DFACE
62
1
10
-0.013129
20
-0.004217
30
-0.062282
11
-0.013154
21
-0.004177
31
-0.062854
12
-0.022899
22
-0.010131
32
-0.062854
0
3DFACE
62
1
10
-0.013053
20
-0.004342
30
-0.061727
11
-0.022874
21
-0.010171
31
-0.062282
12
-0.022798
22
-0.010295
32
-0.061727
0
3DFACE
62
1
10
-0.013053
20
-0.004342
30
-0.061727
11
-0.013129
21
-0.004217
31
-0.062282
12
-0.022874
22
-0.010171
32
-0.062282
0
3DFACE
62
1
10
-0.012928
20
-0.004546
30
-0.061205
11
-0.022798
21
-0.010295
31
-0.061727
12
-0.022674
22
-0.010500
32
-0.061205
0
3DFACE
62
1
10
-0.012928
20
-0.004546
30
-0.061205
11
-0.022674
21
-0.010500
31
-0.061205
12
-0.022503
22
-0.010778
32
-0.060733
0
3DFACE
62
1
10
-0.012928
20
-0.004546
30
-0.061205
11
-0.013053
21
-0.004342
31
-0.061727
12
-0.022798
22
-0.010295
32
-0.061727
0
3DFACE
62
1
10
-0.012758
20
-0.004825
30
-0.060733
11
-0.012928
21
-0.004546
31
-0.061205
12
-0.022503
22
-0.010778
32
-0.060733
0
3DFACE
62
1
10
-0.012548
20
-0.005169
30
-0.060325
11
-0.022503
21
-0.010778
31
-0.060733
12
-0.022293
22
-0.011123
32
-0.060325
0
3DFACE
62
1
10
-0.012548
20
-0.005169
30
-0.060325
11
-0.022293
21
-0.011123
31
-0.060325
12
-0.022049
22
-0.011523
32
-0.059993
0
3DFACE
62
1
10
-0.012548
20
-0.005169
30
-0.060325
11
-0.012758
21
-0.004825
31
-0.060733
12
-0.022503
22
-0.010778
32
-0.060733
0
3DFACE
62
1
10
-0.012304
20
-0.005569
30
-0.059993
11
-0.012548
21
-0.005169
31
-0.060325
12
-0.022049
22
-0.011523
32
-0.059993
0
3DFACE
62
1
10
-0.012033
20
-0.006012
30
-0.059748
11
-0.022049
21
-0.011523
31
-0.059993
12
-0.021778
22
-0.011965
32
-0.059748
0
3DFACE
62
1
10
-0.012033
20
-0.006012
30
-0.059748
11
-0.012304
21
-0.005569
31
-0.059993
12
-0.022049
22
-0.011523
32
-0.059993
0
3DFACE
62
1
10
-0.011744
20
-0.006484
30
-0.059596
11
-0.021778
21
-0.011965
31
-0.059748
12
-0.021490
22
-0.012438
32
-0.059596
0
3DFACE
62
1
10
-0.011744
20
-0.006484
30
-0.059596
11
-0.012033
21
-0.006012
31
-0.059748
12
-0.021778
22
-0.011965
32
-0.059748
0
3DFACE
62
1
10
-0.011447
20
-0.006972
30
-0.059543
11
-0.021490
21
-0.012438
31
-0.059596
12
-0.021192
22
-0.012925
32
-0.059543
0
3DFACE
62
1
10
-0.011447
20
-0.006972
30
-0.059543
11
-0.021192
21
-0.012925
31
-0.059543
12
-0.020893
22
-0.013414
32
-0.059590
0
3DFACE
62
1
10
-0.011447
20
-0.006972
30
-0.059543
11
-0.011744
21
-0.006484
31
-0.059596
12
-0.021490
22
-0.012438
32
-0.059596
0
3DFACE
62
1
10
-0.011148
20
-0.007460
30
-0.059590
11
-0.020893
21
-0.013414
31
-0.059590
12
-0.020604
22
-0.013887
32
-0.059736
0
3DFACE
62
1
10
-0.011148
20
-0.007460
30
-0.059590
11
-0.011447
21
-0.006972
31
-0.059543
12
-0.020893
22
-0.013414
32
-0.059590
0
3DFACE
62
1
10
-0.010859
20
-0.007934
30
-0.059736
11
-0.020604
21
-0.013887
31
-0.059736
12
-0.020332
22
-0.014332
32
-0.059976
0
3DFACE
62
1
10
-0.010859
20
-0.007934
30
-0.059736
11
-0.011148
21
-0.007460
31
-0.059590
12
-0.020604
22
-0.013887
32
-0.059736
0
3DFACE
62
1
10
-0.010587
20
-0.008379
30
-0.059976
11
-0.010859
21
-0.007934
31
-0.059736
12
-0.020332
22
-0.014332
32
-0.059976
0
3DFACE
62
1
10
-0.010341
20
-0.008782
30
-0.060302
11
-0.010587
21
-0.008379
31
-0.059976
12
-0.020332
22
-0.014332
32
-0.059976
0
3DFACE
62
1
10
-0.010341
20
-0.008782
30
-0.060302
11
-0.020332
21
-0.014332
31
-0.059976
12
-0.020086
22
-0.014735
32
-0.060302
0
3DFACE
62
1
10
-0.010341
20
-0.008782
30
-0.060302
11
-0.020086
21
-0.014735
31
-0.060302
12
-0.019873
22
-0.015083
32
-0.060706
0
3DFACE
62
1
10
-0.010128
20
-0.009130
30
-0.060706
11
-0.010341
21
-0.008782
31
-0.060302
12
-0.019873
22
-0.015083
32
-0.060706
0
3DFACE
62
1
10
-0.009955
20
-0.009413
30
-0.061174
11
-0.010128
21
-0.009130
31
-0.060706
12
-0.019873
22
-0.015083
32
-0.060706
0
3DFACE
62
1
10
-0.009955
20
-0.009413
30
-0.061174
11
-0.019873
21
-0.015083
31
-0.060706
12
-0.019700
22
-0.015366
32
-0.061174
0
3DFACE
62
1
10
-0.021761
20
-0.011994
30
-0.065936
11
-0.026467
21
-0.004290
31
-0.091166
12
-0.023822
22
-0.008619
32
-0.092496
0
3DFACE
62
1
10
-0.021471
20
-0.012468
30
-0.066082
11
-0.021761
21
-0.011994
31
-0.065936
12
-0.023822
22
-0.008619
32
-0.092496
0
3DFACE
62
1
10
-0.022033
20
-0.011549
30
-0.065696
11
-0.028952
21
-0.000223
31
-0.088975
12
-0.026467
22
-0.004290
32
-0.091166
0
3DFACE
62
1
10
-0.022033
20
-0.011549
30
-0.065696
11
-0.031200
21
0.003457
31
-0.085990
12
-0.028952
22
-0.000223
32
-0.088975
0
3DFACE
62
1
10
-0.022033
20
-0.011549
30
-0.065696
11
-0.026467
21
-0.004290
31
-0.091166
12
-0.021761
22
-0.011994
32
-0.065936
0
3DFACE
62
1
10
-0.021173
20
-0.012956
30
-0.066129
11
-0.021471
21
-0.012468
31
-0.066082
12
-0.023822
22
-0.008619
32
-0.092496
0
3DFACE
62
1
10
-0.021173
20
-0.012956
30
-0.066129
11
-0.023822
21
-0.008619
31
-0.092496
12
-0.021097
22
-0.013080
32
-0.092924
0
3DFACE
62
1
10
-0.022279
20
-0.011146
30
-0.065370
11
-0.031200
21
0.003457
31
-0.085990
12
-0.022033
22
-0.011549
32
-0.065696
0
3DFACE
62
1
10
-0.020875
20
-0.013444
30
-0.066075
11
-0.021173
21
-0.012956
31
-0.066129
12
-0.021097
22
-0.013080
32
-0.092924
0
3DFACE
62
1
10
-0.020875
20
-0.013444
30
-0.066075
11
-0.018375
21
-0.017536
31
-0.092439
12
-0.015738
22
-0.021853
32
-0.091054
0
3DFACE
62
1
10
-0.020875
20
-0.013444
30
-0.066075
11
-0.021097
21
-0.013080
31
-0.092924
12
-0.018375
22
-0.017536
32
-0.092439
0
3DFACE
62
1
10
-0.022491
20
-0.010798
30
-0.064966
11
-0.031200
21
0.003457
31
-0.085990
12
-0.022279
22
-0.011146
32
-0.065370
0
3DFACE
62
1
10
-0.022491
20
-0.010798
30
-0.064966
11
-0.033144
21
0.006639
31
-0.082301
12
-0.031200
22
0.003457
32
-0.085990
0
3DFACE
62
1
10
-0.020586
20
-0.013916
30
-0.065924
11
-0.020875
21
-0.013444
31
-0.066075
12
-0.015738
22
-0.021853
32
-0.091054
0
3DFACE
62
1
10
-0.020316
20
-0.014359
30
-0.065679
11
-0.020586
21
-0.013916
31
-0.065924
12
-0.015738
22
-0.021853
32
-0.091054
0
3DFACE
62
1
10
-0.020316
20
-0.014359
30
-0.065679
11
-0.015738
21
-0.021853
31
-0.091054
12
-0.013266
22
-0.025899
32
-0.088812
0
3DFACE
62
1
10
-0.022664
20
-0.010515
30
-0.064498
11
-0.033144
21
0.006639
31
-0.082301
12
-0.022491
22
-0.010798
32
-0.064966
0
3DFACE
62
1
10
-0.022664
20
-0.010515
30
-0.064498
11
-0.034724
21
0.009226
31
-0.078021
12
-0.033144
22
0.006639
32
-0.082301
0
3DFACE
62
1
10
-0.022792
20
-0.010306
30
-0.063979
11
-0.035893
21
0.011139
31
-0.073280
12
-0.034724
22
0.009226
32
-0.078021
0
3DFACE
62
1
10
-0.022792
20
-0.010306
30
-0.063979
11
-0.036615
21
0.012321
31
-0.068221
12
-0.035893
22
0.011139
32
-0.073280
0
3DFACE
62
1
10
-0.022792
20
-0.010306
30
-0.063979
11
-0.034724
21
0.009226
31
-0.078021
12
-0.022664
22
-0.010515
32
-0.064498
0
3DFACE
62
1
10
-0.020072
20
-0.014758
30
-0.065347
11
-0.013266
21
-0.025899
31
-0.088812
12
-0.011034
22
-0.029551
32
-0.085780
0
3DFACE
62
1
10
-0.020072
20
-0.014758
30
-0.065347
11
-0.020316
21
-0.014359
31
-0.065679
12
-0.013266
22
-0.025899
32
-0.088812
0
3DFACE
62
1
10
-0.022871
20
-0.010176
30
-0.063425
11
-0.036615
21
0.012321
31
-0.068221
12
-0.022792
22
-0.010306
32
-0.063979
0
3DFACE
62
1
10
-0.019861
20
-0.015103
30
-0.064939
11
-0.020072
21
-0.014758
31
-0.065347
12
-0.011034
22
-0.029551
32
-0.085780
0
3DFACE
62
1
10
-0.019861
20
-0.015103
30
-0.064939
11
-0.011034
21
-0.029551
31
-0.085780
12
-0.009112
22
-0.032699
32
-0.082052
0
3DFACE
62
1
10
-0.022899
20
-0.010131
30
-0.062854
11
-0.036868
21
0.012735
31
-0.062999
12
-0.036615
22
0.012321
32
-0.068221
0
3DFACE
62
1
10
-0.022899
20
-0.010131
30
-0.062854
11
-0.036615
21
0.012321
31
-0.068221
12
-0.022871
22
-0.010176
32
-0.063425
0
3DFACE
62
1
10
-0.019691
20
-0.015382
30
-0.064467
11
-0.009112
21
-0.032699
31
-0.082052
12
-0.007555
22
-0.035246
32
-0.077739
0
3DFACE
62
1
10
-0.019691
20
-0.015382
30
-0.064467
11
-0.019861
21
-0.015103
31
-0.064939
12
-0.009112
22
-0.032699
32
-0.082052
0
3DFACE
62
1
10
-0.022874
20
-0.010171
30
-0.062282
11
-0.036645
21
0.012370
31
-0.057772
12
-0.036868
22
0.012735
32
-0.062999
0
3DFACE
62
1
10
-0.022874
20
-0.010171
30
-0.062282
11
-0.036868
21
0.012735
31
-0.062999
12
-0.022899
22
-0.010131
32
-0.062854
0
3DFACE
62
1
10
-0.019566
20
-0.015586
30
-0.063945
11
-0.007555
21
-0.035246
31
-0.077739
12
-0.006413
22
-0.037116
32
-0.072974
0
3DFACE
62
1
10
-0.019566
20
-0.015586
30
-0.063945
11
-0.019691
21
-0.015382
31
-0.064467
12
-0.007555
22
-0.035246
32
-0.077739
0
3DFACE
62
1
10
-0.035951
20
0.011235
30
-0.052698
11
-0.022874
21
-0.010171
31
-0.062282
12
-0.022798
22
-0.010295
32
-0.061727
0
3DFACE
62
1
10
-0.035951
20
0.011235
30
-0.052698
11
-0.022798
21
-0.010295
31
-0.061727
12
-0.022674
22
-0.010500
32
-0.061205
0
3DFACE
62
1
10
-0.035951
20
0.011235
30
-0.052698
11
-0.036645
21
0.012370
31
-0.057772
12
-0.022874
22
-0.010171
32
-0.062282
0
3DFACE
62
1
10
-0.005720
20
-0.038251
30
-0.067900
11
-0.019566
21
-0.015586
31
-0.063945
12
-0.006413
22
-0.037116
32
-0.072974
0
3DFACE
62
1
10
-0.005720
20
-0.038251
30
-0.067900
11
-0.019490
21
-0.015710
31
-0.063390
12
-0.019566
22
-0.015586
32
-0.063945
0
3DFACE
62
1
10
-0.034809
20
0.009365
30
-0.047933
11
-0.035951
21
0.011235
31
-0.052698
12
-0.022674
22
-0.010500
32
-0.061205
0
3DFACE
62
1
10
-0.005496
20
-0.038617
30
-0.062673
11
-0.019493
21
-0.015705
31
-0.062247
12
-0.019466
22
-0.015750
32
-0.062818
0
3DFACE
62
1
10
-0.005496
20
-0.038617
30
-0.062673
11
-0.019466
21
-0.015750
31
-0.062818
12
-0.019490
22
-0.015710
32
-0.063390
0
3DFACE
62
1
10
-0.005496
20
-0.038617
30
-0.062673
11
-0.019490
21
-0.015710
31
-0.063390
12
-0.005720
22
-0.038251
32
-0.067900
0
3DFACE
62
1
10
-0.033253
20
0.006818
30
-0.043620
11
-0.022674
21
-0.010500
31
-0.061205
12
-0.022503
22
-0.010778
32
-0.060733
0
3DFACE
62
1
10
-0.033253
20
0.006818
30
-0.043620
11
-0.034809
21
0.009365
31
-0.047933
12
-0.022674
22
-0.010500
32
-0.061205
0
3DFACE
62
1
10
-0.005749
20
-0.038202
30
-0.057451
11
-0.019572
21
-0.015576
31
-0.061693
12
-0.019493
22
-0.015705
32
-0.062247
0
3DFACE
62
1
10
-0.005749
20
-0.038202
30
-0.057451
11
-0.019493
21
-0.015705
31
-0.062247
12
-0.005496
22
-0.038617
32
-0.062673
0
3DFACE
62
1
10
-0.031330
20
0.003670
30
-0.039892
11
-0.022503
21
-0.010778
31
-0.060733
12
-0.022293
22
-0.011123
32
-0.060325
0
3DFACE
62
1
10
-0.031330
20
0.003670
30
-0.039892
11
-0.033253
21
0.006818
31
-0.043620
12
-0.022503
22
-0.010778
32
-0.060733
0
3DFACE
62
1
10
-0.006471
20
-0.037021
30
-0.052392
11
-0.019572
21
-0.015576
31
-0.061693
12
-0.005749
22
-0.038202
32
-0.057451
0
3DFACE
62
1
10
-0.007640
20
-0.035107
30
-0.047651
11
-0.019700
21
-0.015366
31
-0.061174
12
-0.019572
22
-0.015576
32
-0.061693
0
3DFACE
62
1
10
-0.007640
20
-0.035107
30
-0.047651
11
-0.019572
21
-0.015576
31
-0.061693
12
-0.006471
22
-0.037021
32
-0.052392
0
3DFACE
62
1
10
-0.029099
20
0.000018
30
-0.036860
11
-0.022293
21
-0.011123
31
-0.060325
12
-0.022049
22
-0.011523
32
-0.059993
0
3DFACE
62
1
10
-0.029099
20
0.000018
30
-0.036860
11
-0.031330
21
0.003670
31
-0.039892
12
-0.022293
22
-0.011123
32
-0.060325
0
3DFACE
62
1
10
-0.026627
20
-0.004028
30
-0.034618
11
-0.022049
21
-0.011523
31
-0.059993
12
-0.021778
22
-0.011965
32
-0.059748
0
3DFACE
62
1
10
-0.026627
20
-0.004028
30
-0.034618
11
-0.029099
21
0.000018
31
-0.036860
12
-0.022049
22
-0.011523
32
-0.059993
0
3DFACE
62
1
10
-0.009221
20
-0.032520
30
-0.043371
11
-0.020086
21
-0.014735
31
-0.060302
12
-0.019873
22
-0.015083
32
-0.060706
0
3DFACE
62
1
10
-0.009221
20
-0.032520
30
-0.043371
11
-0.019873
21
-0.015083
31
-0.060706
12
-0.019700
22
-0.015366
32
-0.061174
0
3DFACE
62
1
10
-0.009221
20
-0.032520
30
-0.043371
11
-0.019700
21
-0.015366
31
-0.061174
12
-0.007640
22
-0.035107
32
-0.047651
0
3DFACE
62
1
10
-0.023990
20
-0.008345
30
-0.033233
11
-0.021778
21
-0.011965
31
-0.059748
12
-0.021490
22
-0.012438
32
-0.059596
0
3DFACE
62
1
10
-0.023990
20
-0.008345
30
-0.033233
11
-0.026627
21
-0.004028
31
-0.034618
12
-0.021778
22
-0.011965
32
-0.059748
0
3DFACE
62
1
10
-0.011165
20
-0.029338
30
-0.039682
11
-0.020086
21
-0.014735
31
-0.060302
12
-0.009221
22
-0.032520
32
-0.043371
0
3DFACE
62
1
10
-0.021267
20
-0.012802
30
-0.032748
11
-0.021490
21
-0.012438
31
-0.059596
12
-0.021192
22
-0.012925
32
-0.059543
0
3DFACE
62
1
10
-0.021267
20
-0.012802
30
-0.032748
11
-0.023990
21
-0.008345
31
-0.033233
12
-0.021490
22
-0.012438
32
-0.059596
0
3DFACE
62
1
10
-0.013413
20
-0.025658
30
-0.036697
11
-0.020086
21
-0.014735
31
-0.060302
12
-0.011165
22
-0.029338
32
-0.039682
0
3DFACE
62
1
10
-0.013413
20
-0.025658
30
-0.036697
11
-0.020604
21
-0.013887
31
-0.059736
12
-0.020332
22
-0.014332
32
-0.059976
0
3DFACE
62
1
10
-0.013413
20
-0.025658
30
-0.036697
11
-0.020332
21
-0.014332
31
-0.059976
12
-0.020086
22
-0.014735
32
-0.060302
0
3DFACE
62
1
10
-0.018542
20
-0.017262
30
-0.033176
11
-0.021192
21
-0.012925
31
-0.059543
12
-0.020893
22
-0.013414
32
-0.059590
0
3DFACE
62
1
10
-0.018542
20
-0.017262
30
-0.033176
11
-0.020893
21
-0.013414
31
-0.059590
12
-0.020604
22
-0.013887
32
-0.059736
0
3DFACE
62
1
10
-0.018542
20
-0.017262
30
-0.033176
11
-0.021267
21
-0.012802
31
-0.032748
12
-0.021192
22
-0.012925
32
-0.059543
0
3DFACE
62
1
10
-0.015897
20
-0.021592
30
-0.034506
11
-0.020604
21
-0.013887
31
-0.059736
12
-0.013413
22
-0.025658
32
-0.036697
0
3DFACE
62
1
10
-0.015897
20
-0.021592
30
-0.034506
11
-0.018542
21
-0.017262
31
-0.033176
12
-0.020604
22
-0.013887
32
-0.059736
0
3DFACE
62
1
10
-0.017538
20
0.003000
30
-0.042980
11
-0.017492
21
0.002923
31
-0.042970
12
-0.025020
22
0.004181
32
-0.034421
0
3DFACE
62
1
10
-0.017538
20
0.003000
30
-0.042980
11
-0.025067
21
0.004326
31
-0.034487
12
-0.025101
22
0.004478
32
-0.034546
0
3DFACE
62
1
10
-0.017538
20
0.003000
30
-0.042980
11
-0.025020
21
0.004181
31
-0.034421
12
-0.025067
22
0.004326
32
-0.034487
0
3DFACE
62
1
10
-0.017570
20
0.003132
30
-0.043032
11
-0.025122
21
0.004683
31
-0.034606
12
-0.025121
22
0.004790
32
-0.034628
0
3DFACE
62
1
10
-0.017570
20
0.003132
30
-0.043032
11
-0.025101
21
0.004478
31
-0.034546
12
-0.025122
22
0.004683
32
-0.034606
0
3DFACE
62
1
10
-0.017570
20
0.003132
30
-0.043032
11
-0.017538
21
0.003000
31
-0.042980
12
-0.025101
22
0.004478
32
-0.034546
0
3DFACE
62
1
10
-0.017585
20
0.003271
30
-0.043073
11
-0.025121
21
0.004790
31
-0.034628
12
-0.025099
22
0.004978
32
-0.034651
0
3DFACE
62
1
10
-0.017585
20
0.003271
30
-0.043073
11
-0.017570
21
0.003132
31
-0.043032
12
-0.025121
22
0.004790
32
-0.034628
0
3DFACE
62
1
10
-0.017581
20
0.003401
30
-0.043098
11
-0.017585
21
0.003271
31
-0.043073
12
-0.025099
22
0.004978
32
-0.034651
0
3DFACE
62
1
10
-0.017571
20
0.003474
30
-0.043105
11
-0.025099
21
0.004978
31
-0.034651
12
-0.025049
22
0.005178
32
-0.034654
0
3DFACE
62
1
10
-0.017571
20
0.003474
30
-0.043105
11
-0.017581
21
0.003401
31
-0.043098
12
-0.025099
22
0.004978
32
-0.034651
0
3DFACE
62
1
10
-0.017552
20
0.003561
30
-0.043109
11
-0.017571
21
0.003474
31
-0.043105
12
-0.025049
22
0.005178
32
-0.034654
0
3DFACE
62
1
10
-0.017518
20
0.003674
30
-0.043106
11
-0.025049
21
0.005178
31
-0.034654
12
-0.024938
22
0.005460
32
-0.034625
0
3DFACE
62
1
10
-0.017518
20
0.003674
30
-0.043106
11
-0.017552
21
0.003561
31
-0.043109
12
-0.025049
22
0.005178
32
-0.034654
0
3DFACE
62
1
10
-0.017472
20
0.003788
30
-0.043093
11
-0.017518
21
0.003674
31
-0.043106
12
-0.024938
22
0.005460
32
-0.034625
0
3DFACE
62
1
10
-0.017413
20
0.003910
30
-0.043072
11
-0.024938
21
0.005460
31
-0.034625
12
-0.024223
22
0.006794
32
-0.034338
0
3DFACE
62
1
10
-0.017413
20
0.003910
30
-0.043072
11
-0.017472
21
0.003788
31
-0.043093
12
-0.024938
22
0.005460
32
-0.034625
0
3DFACE
62
1
10
-0.016871
20
0.004923
30
-0.042856
11
-0.024223
21
0.006794
31
-0.034338
12
-0.023236
22
0.008856
32
-0.034015
0
3DFACE
62
1
10
-0.016871
20
0.004923
30
-0.042856
11
-0.017413
21
0.003910
31
-0.043072
12
-0.024223
22
0.006794
32
-0.034338
0
3DFACE
62
1
10
-0.016265
20
0.006199
30
-0.042661
11
-0.016871
21
0.004923
31
-0.042856
12
-0.023236
22
0.008856
32
-0.034015
0
3DFACE
62
1
10
-0.015964
20
0.003197
30
-0.041789
11
-0.014730
21
0.003686
31
-0.040939
12
-0.021042
22
0.005266
32
-0.031555
0
3DFACE
62
1
10
-0.015964
20
0.003197
30
-0.041789
11
-0.021042
21
0.005266
31
-0.031555
12
-0.022621
22
0.004649
32
-0.032642
0
3DFACE
62
1
10
-0.016769
20
0.002804
30
-0.042339
11
-0.022621
21
0.004649
31
-0.032642
12
-0.024168
22
0.003927
32
-0.033705
0
3DFACE
62
1
10
-0.016769
20
0.002804
30
-0.042339
11
-0.015964
21
0.003197
31
-0.041789
12
-0.022621
22
0.004649
32
-0.032642
0
3DFACE
62
1
10
-0.016948
20
0.002741
30
-0.042467
11
-0.016769
21
0.002804
31
-0.042339
12
-0.024168
22
0.003927
32
-0.033705
0
3DFACE
62
1
10
-0.017073
20
0.002723
30
-0.042561
11
-0.024168
21
0.003927
31
-0.033705
12
-0.024300
22
0.003898
32
-0.033802
0
3DFACE
62
1
10
-0.017073
20
0.002723
30
-0.042561
11
-0.016948
21
0.002741
31
-0.042467
12
-0.024168
22
0.003927
32
-0.033705
0
3DFACE
62
1
10
-0.017177
20
0.002729
30
-0.042642
11
-0.024300
21
0.003898
31
-0.033802
12
-0.024432
22
0.003889
32
-0.033904
0
3DFACE
62
1
10
-0.017177
20
0.002729
30
-0.042642
11
-0.017073
21
0.002723
31
-0.042561
12
-0.024300
22
0.003898
32
-0.033802
0
3DFACE
62
1
10
-0.017274
20
0.002757
30
-0.042723
11
-0.024432
21
0.003889
31
-0.033904
12
-0.024562
22
0.003904
32
-0.034007
0
3DFACE
62
1
10
-0.017274
20
0.002757
30
-0.042723
11
-0.017177
21
0.002729
31
-0.042642
12
-0.024432
22
0.003889
32
-0.033904
0
3DFACE
62
1
10
-0.017373
20
0.002809
30
-0.042811
11
-0.024700
21
0.003948
31
-0.034123
12
-0.024853
22
0.004034
32
-0.034260
0
3DFACE
62
1
10
-0.017373
20
0.002809
30
-0.042811
11
-0.024562
21
0.003904
31
-0.034007
12
-0.024700
22
0.003948
32
-0.034123
0
3DFACE
62
1
10
-0.017373
20
0.002809
30
-0.042811
11
-0.017274
21
0.002757
31
-0.042723
12
-0.024562
22
0.003904
32
-0.034007
0
3DFACE
62
1
10
-0.017464
20
0.002879
30
-0.042897
11
-0.024853
21
0.004034
31
-0.034260
12
-0.025020
22
0.004181
32
-0.034421
0
3DFACE
62
1
10
-0.017464
20
0.002879
30
-0.042897
11
-0.017373
21
0.002809
31
-0.042811
12
-0.024853
22
0.004034
32
-0.034260
0
3DFACE
62
1
10
-0.017492
20
0.002923
30
-0.042970
11
-0.017464
21
0.002879
31
-0.042897
12
-0.025020
22
0.004181
32
-0.034421
0
3DFACE
62
1
10
-0.019337
20
0.005943
30
-0.045468
11
-0.019291
21
0.005869
31
-0.045443
12
-0.027594
22
0.008395
32
-0.037957
0
3DFACE
62
1
10
-0.019337
20
0.005943
30
-0.045468
11
-0.027634
21
0.008528
31
-0.038050
12
-0.027661
22
0.008668
32
-0.038134
0
3DFACE
62
1
10
-0.019337
20
0.005943
30
-0.045468
11
-0.027594
21
0.008395
31
-0.037957
12
-0.027634
22
0.008528
32
-0.038050
0
3DFACE
62
1
10
-0.019362
20
0.006066
30
-0.045544
11
-0.027674
21
0.008861
31
-0.038227
12
-0.027670
22
0.008964
32
-0.038266
0
3DFACE
62
1
10
-0.019362
20
0.006066
30
-0.045544
11
-0.027661
21
0.008668
31
-0.038134
12
-0.027674
22
0.008861
32
-0.038227
0
3DFACE
62
1
10
-0.019362
20
0.006066
30
-0.045544
11
-0.019337
21
0.005943
31
-0.045468
12
-0.027661
22
0.008668
32
-0.038134
0
3DFACE
62
1
10
-0.019372
20
0.006196
30
-0.045607
11
-0.027670
21
0.008964
31
-0.038266
12
-0.027645
22
0.009146
32
-0.038316
0
3DFACE
62
1
10
-0.019372
20
0.006196
30
-0.045607
11
-0.019362
21
0.006066
31
-0.045544
12
-0.027670
22
0.008964
32
-0.038266
0
3DFACE
62
1
10
-0.019365
20
0.006321
30
-0.045651
11
-0.019372
21
0.006196
31
-0.045607
12
-0.027645
22
0.009146
32
-0.038316
0
3DFACE
62
1
10
-0.019354
20
0.006392
30
-0.045669
11
-0.027645
21
0.009146
31
-0.038316
12
-0.027594
22
0.009343
32
-0.038345
0
3DFACE
62
1
10
-0.019354
20
0.006392
30
-0.045669
11
-0.019365
21
0.006321
31
-0.045651
12
-0.027645
22
0.009146
32
-0.038316
0
3DFACE
62
1
10
-0.019334
20
0.006477
30
-0.045685
11
-0.019354
21
0.006392
31
-0.045669
12
-0.027594
22
0.009343
32
-0.038345
0
3DFACE
62
1
10
-0.019299
20
0.006589
30
-0.045696
11
-0.027594
21
0.009343
31
-0.038345
12
-0.027483
22
0.009627
32
-0.038350
0
3DFACE
62
1
10
-0.019299
20
0.006589
30
-0.045696
11
-0.019334
21
0.006477
31
-0.045685
12
-0.027594
22
0.009343
32
-0.038345
0
3DFACE
62
1
10
-0.019254
20
0.006704
30
-0.045697
11
-0.019299
21
0.006589
31
-0.045696
12
-0.027483
22
0.009627
32
-0.038350
0
3DFACE
62
1
10
-0.019196
20
0.006829
30
-0.045690
11
-0.027483
21
0.009627
31
-0.038350
12
-0.026789
22
0.010995
32
-0.038209
0
3DFACE
62
1
10
-0.019196
20
0.006829
30
-0.045690
11
-0.019254
21
0.006704
31
-0.045697
12
-0.027483
22
0.009627
32
-0.038350
0
3DFACE
62
1
10
-0.018669
20
0.007867
30
-0.045584
11
-0.026789
21
0.010995
31
-0.038209
12
-0.025822
22
0.013090
32
-0.038120
0
3DFACE
62
1
10
-0.018669
20
0.007867
30
-0.045584
11
-0.019196
21
0.006829
31
-0.045690
12
-0.026789
22
0.010995
32
-0.038209
0
3DFACE
62
1
10
-0.018075
20
0.009163
30
-0.045535
11
-0.018669
21
0.007867
31
-0.045584
12
-0.025822
22
0.013090
32
-0.038120
0
3DFACE
62
1
10
-0.017882
20
0.006337
30
-0.044178
11
-0.016731
21
0.006963
31
-0.043301
12
-0.023902
22
0.009947
32
-0.034929
0
3DFACE
62
1
10
-0.017882
20
0.006337
30
-0.044178
11
-0.023902
21
0.009947
31
-0.034929
12
-0.025374
22
0.009155
32
-0.036052
0
3DFACE
62
1
10
-0.018633
20
0.005856
30
-0.044734
11
-0.025374
21
0.009155
31
-0.036052
12
-0.026817
22
0.008263
32
-0.037132
0
3DFACE
62
1
10
-0.018633
20
0.005856
30
-0.044734
11
-0.017882
21
0.006337
31
-0.044178
12
-0.025374
22
0.009155
32
-0.036052
0
3DFACE
62
1
10
-0.018800
20
0.005772
30
-0.044867
11
-0.018633
21
0.005856
31
-0.044734
12
-0.026817
22
0.008263
32
-0.037132
0
3DFACE
62
1
10
-0.018916
20
0.005739
30
-0.044968
11
-0.026817
21
0.008263
31
-0.037132
12
-0.026939
22
0.008218
32
-0.037236
0
3DFACE
62
1
10
-0.018916
20
0.005739
30
-0.044968
11
-0.018800
21
0.005772
31
-0.044867
12
-0.026817
22
0.008263
32
-0.037132
0
3DFACE
62
1
10
-0.019011
20
0.005732
30
-0.045060
11
-0.026939
21
0.008218
31
-0.037236
12
-0.027061
22
0.008193
32
-0.037346
0
3DFACE
62
1
10
-0.019011
20
0.005732
30
-0.045060
11
-0.018916
21
0.005739
31
-0.044968
12
-0.026939
22
0.008218
32
-0.037236
0
3DFACE
62
1
10
-0.019100
20
0.005746
30
-0.045153
11
-0.027061
21
0.008193
31
-0.037346
12
-0.027181
22
0.008190
32
-0.037463
0
3DFACE
62
1
10
-0.019100
20
0.005746
30
-0.045153
11
-0.019011
21
0.005732
31
-0.045060
12
-0.027061
22
0.008193
32
-0.037346
0
3DFACE
62
1
10
-0.019190
20
0.005782
30
-0.045257
11
-0.027306
21
0.008214
31
-0.037597
12
-0.027445
22
0.008277
32
-0.037760
0
3DFACE
62
1
10
-0.019190
20
0.005782
30
-0.045257
11
-0.027181
21
0.008190
31
-0.037463
12
-0.027306
22
0.008214
32
-0.037597
0
3DFACE
62
1
10
-0.019190
20
0.005782
30
-0.045257
11
-0.019100
21
0.005746
31
-0.045153
12
-0.027181
22
0.008190
32
-0.037463
0
3DFACE
62
1
10
-0.019272
20
0.005837
30
-0.045360
11
-0.027445
21
0.008277
31
-0.037760
12
-0.027594
22
0.008395
32
-0.037957
0
3DFACE
62
1
10
-0.019272
20
0.005837
30
-0.045360
11
-0.019190
21
0.005782
31
-0.045257
12
-0.027445
22
0.008277
32
-0.037760
0
3DFACE
62
1
10
-0.019291
20
0.005869
30
-0.045443
11
-0.019272
21
0.005837
31
-0.045360
12
-0.027594
22
0.008395
32
-0.037957
0
3DFACE
62
1
10
-0.020866
20
0.008446
30
-0.048548
11
-0.020824
21
0.008378
31
-0.048507
12
-0.029786
22
0.011983
32
-0.042340
0
3DFACE
62
1
10
-0.020866
20
0.008446
30
-0.048548
11
-0.029815
21
0.012100
31
-0.042456
12
-0.029833
22
0.012225
32
-0.042564
0
3DFACE
62
1
10
-0.020866
20
0.008446
30
-0.048548
11
-0.029786
21
0.011983
31
-0.042340
12
-0.029815
22
0.012100
32
-0.042456
0
3DFACE
62
1
10
-0.020883
20
0.008555
30
-0.048644
11
-0.029837
21
0.012401
31
-0.042687
12
-0.029828
22
0.012496
32
-0.042740
0
3DFACE
62
1
10
-0.020883
20
0.008555
30
-0.048644
11
-0.029833
21
0.012225
31
-0.042564
12
-0.029837
22
0.012401
32
-0.042687
0
3DFACE
62
1
10
-0.020883
20
0.008555
30
-0.048644
11
-0.020866
21
0.008446
31
-0.048548
12
-0.029833
22
0.012225
32
-0.042564
0
3DFACE
62
1
10
-0.020886
20
0.008674
30
-0.048728
11
-0.029828
21
0.012496
31
-0.042740
12
-0.029797
22
0.012668
32
-0.042815
0
3DFACE
62
1
10
-0.020886
20
0.008674
30
-0.048728
11
-0.020883
21
0.008555
31
-0.048644
12
-0.029828
22
0.012496
32
-0.042740
0
3DFACE
62
1
10
-0.020873
20
0.008790
30
-0.048790
11
-0.020886
21
0.008674
31
-0.048728
12
-0.029797
22
0.012668
32
-0.042815
0
3DFACE
62
1
10
-0.020860
20
0.008858
30
-0.048818
11
-0.029797
21
0.012668
31
-0.042815
12
-0.029742
22
0.012858
32
-0.042871
0
3DFACE
62
1
10
-0.020860
20
0.008858
30
-0.048818
11
-0.020873
21
0.008790
31
-0.048790
12
-0.029797
22
0.012668
32
-0.042815
0
3DFACE
62
1
10
-0.020838
20
0.008939
30
-0.048844
11
-0.020860
21
0.008858
31
-0.048818
12
-0.029742
22
0.012858
32
-0.042871
0
3DFACE
62
1
10
-0.020802
20
0.009049
30
-0.048869
11
-0.029742
21
0.012858
31
-0.042871
12
-0.029629
22
0.013139
32
-0.042910
0
3DFACE
62
1
10
-0.020802
20
0.009049
30
-0.048869
11
-0.020838
21
0.008939
31
-0.048844
12
-0.029742
22
0.012858
32
-0.042871
0
3DFACE
62
1
10
-0.020756
20
0.009163
30
-0.048885
11
-0.020802
21
0.009049
31
-0.048869
12
-0.029629
22
0.013139
32
-0.042910
0
3DFACE
62
1
10
-0.020698
20
0.009287
30
-0.048891
11
-0.029629
21
0.013139
31
-0.042910
12
-0.028941
22
0.014517
32
-0.042919
0
3DFACE
62
1
10
-0.020698
20
0.009287
30
-0.048891
11
-0.020756
21
0.009163
31
-0.048885
12
-0.029629
22
0.013139
32
-0.042910
0
3DFACE
62
1
10
-0.020176
20
0.010333
30
-0.048900
11
-0.028941
21
0.014517
31
-0.042919
12
-0.027971
22
0.016608
32
-0.043067
0
3DFACE
62
1
10
-0.020176
20
0.010333
30
-0.048900
11
-0.020698
21
0.009287
31
-0.048891
12
-0.028941
22
0.014517
32
-0.042919
0
3DFACE
62
1
10
-0.019580
20
0.011625
30
-0.048998
11
-0.020176
21
0.010333
31
-0.048900
12
-0.027971
22
0.016608
32
-0.043067
0
3DFACE
62
1
10
-0.019539
20
0.009049
30
-0.047202
11
-0.018472
21
0.009813
31
-0.046328
12
-0.026389
22
0.014018
32
-0.039254
0
3DFACE
62
1
10
-0.019539
20
0.009049
30
-0.047202
11
-0.026389
21
0.014018
31
-0.039254
12
-0.027753
22
0.013049
32
-0.040374
0
3DFACE
62
1
10
-0.020237
20
0.008481
30
-0.047746
11
-0.027753
21
0.013049
31
-0.040374
12
-0.029093
22
0.011987
32
-0.041434
0
3DFACE
62
1
10
-0.020237
20
0.008481
30
-0.047746
11
-0.019539
21
0.009049
31
-0.047202
12
-0.027753
22
0.013049
32
-0.040374
0
3DFACE
62
1
10
-0.020391
20
0.008376
30
-0.047879
11
-0.020237
21
0.008481
31
-0.047746
12
-0.029093
22
0.011987
32
-0.041434
0
3DFACE
62
1
10
-0.020497
20
0.008326
30
-0.047984
11
-0.029093
21
0.011987
31
-0.041434
12
-0.029205
22
0.011926
32
-0.041541
0
3DFACE
62
1
10
-0.020497
20
0.008326
30
-0.047984
11
-0.020391
21
0.008376
31
-0.047879
12
-0.029093
22
0.011987
32
-0.041434
0
3DFACE
62
1
10
-0.020583
20
0.008304
30
-0.048082
11
-0.029205
21
0.011926
31
-0.041541
12
-0.029316
22
0.011883
32
-0.041657
0
3DFACE
62
1
10
-0.020583
20
0.008304
30
-0.048082
11
-0.020497
21
0.008326
31
-0.047984
12
-0.029205
22
0.011926
32
-0.041541
0
3DFACE
62
1
10
-0.020662
20
0.008303
30
-0.048185
11
-0.029316
21
0.011883
31
-0.041657
12
-0.029423
22
0.011861
32
-0.041783
0
3DFACE
62
1
10
-0.020662
20
0.008303
30
-0.048185
11
-0.020583
21
0.008304
31
-0.048082
12
-0.029316
22
0.011883
32
-0.041657
0
3DFACE
62
1
10
-0.020741
20
0.008322
30
-0.048301
11
-0.029536
21
0.011863
31
-0.041931
12
-0.029657
22
0.011899
32
-0.042114
0
3DFACE
62
1
10
-0.020741
20
0.008322
30
-0.048301
11
-0.029423
21
0.011861
31
-0.041783
12
-0.029536
22
0.011863
32
-0.041931
0
3DFACE
62
1
10
-0.020741
20
0.008322
30
-0.048301
11
-0.020662
21
0.008303
31
-0.048185
12
-0.029423
22
0.011861
32
-0.041783
0
3DFACE
62
1
10
-0.020812
20
0.008359
30
-0.048419
11
-0.029657
21
0.011899
31
-0.042114
12
-0.029786
22
0.011983
32
-0.042340
0
3DFACE
62
1
10
-0.020812
20
0.008359
30
-0.048419
11
-0.020741
21
0.008322
31
-0.048301
12
-0.029657
22
0.011899
32
-0.042114
0
3DFACE
62
1
10
-0.020824
20
0.008378
30
-0.048507
11
-0.020812
21
0.008359
31
-0.048419
12
-0.029786
22
0.011983
32
-0.042340
0
3DFACE
62
1
10
-0.022074
20
0.010424
30
-0.052115
11
-0.022037
21
0.010363
31
-0.052059
12
-0.031521
22
0.014823
32
-0.047422
0
3DFACE
62
1
10
-0.022074
20
0.010424
30
-0.052115
11
-0.031538
21
0.014919
31
-0.047557
12
-0.031545
22
0.015026
32
-0.047684
0
3DFACE
62
1
10
-0.022074
20
0.010424
30
-0.052115
11
-0.031521
21
0.014823
31
-0.047422
12
-0.031538
22
0.014919
32
-0.047557
0
3DFACE
62
1
10
-0.022081
20
0.010516
30
-0.052228
11
-0.031535
21
0.015180
31
-0.047832
12
-0.031520
22
0.015266
32
-0.047899
0
3DFACE
62
1
10
-0.022081
20
0.010516
30
-0.052228
11
-0.031545
21
0.015026
31
-0.047684
12
-0.031535
22
0.015180
32
-0.047832
0
3DFACE
62
1
10
-0.022081
20
0.010516
30
-0.052228
11
-0.022074
21
0.010424
31
-0.052115
12
-0.031545
22
0.015026
32
-0.047684
0
3DFACE
62
1
10
-0.022075
20
0.010621
30
-0.052329
11
-0.031520
21
0.015266
31
-0.047899
12
-0.031481
22
0.015425
32
-0.047997
0
3DFACE
62
1
10
-0.022075
20
0.010621
30
-0.052329
11
-0.022081
21
0.010516
31
-0.052228
12
-0.031520
22
0.015266
32
-0.047899
0
3DFACE
62
1
10
-0.022056
20
0.010726
30
-0.052407
11
-0.022075
21
0.010621
31
-0.052329
12
-0.031481
22
0.015425
32
-0.047997
0
3DFACE
62
1
10
-0.022039
20
0.010788
30
-0.052444
11
-0.031481
21
0.015425
31
-0.047997
12
-0.031419
22
0.015604
32
-0.048076
0
3DFACE
62
1
10
-0.022039
20
0.010788
30
-0.052444
11
-0.022056
21
0.010726
31
-0.052407
12
-0.031481
22
0.015425
32
-0.047997
0
3DFACE
62
1
10
-0.022015
20
0.010865
30
-0.052481
11
-0.022039
21
0.010788
31
-0.052444
12
-0.031419
22
0.015604
32
-0.048076
0
3DFACE
62
1
10
-0.021975
20
0.010969
30
-0.052519
11
-0.031419
21
0.015604
31
-0.048076
12
-0.031301
22
0.015876
32
-0.048147
0
3DFACE
62
1
10
-0.021975
20
0.010969
30
-0.052519
11
-0.022015
21
0.010865
31
-0.052481
12
-0.031419
22
0.015604
32
-0.048076
0
3DFACE
62
1
10
-0.021927
20
0.011080
30
-0.052547
11
-0.021975
21
0.010969
31
-0.052519
12
-0.031301
22
0.015876
32
-0.048147
0
3DFACE
62
1
10
-0.021868
20
0.011202
30
-0.052568
11
-0.031301
21
0.015876
31
-0.048147
12
-0.030605
22
0.017241
32
-0.048307
0
3DFACE
62
1
10
-0.021868
20
0.011202
30
-0.052568
11
-0.021927
21
0.011080
31
-0.052547
12
-0.031301
22
0.015876
32
-0.048147
0
3DFACE
62
1
10
-0.021339
20
0.012237
30
-0.052690
11
-0.030605
21
0.017241
31
-0.048307
12
-0.029609
22
0.019290
32
-0.048687
0
3DFACE
62
1
10
-0.021339
20
0.012237
30
-0.052690
11
-0.021868
21
0.011202
31
-0.052568
12
-0.030605
22
0.017241
32
-0.048307
0
3DFACE
62
1
10
-0.020727
20
0.013503
30
-0.052932
11
-0.021339
21
0.012237
31
-0.052690
12
-0.029609
22
0.019290
32
-0.048687
0
3DFACE
62
1
10
-0.020877
20
0.011240
30
-0.050759
11
-0.019894
21
0.012139
31
-0.049918
12
-0.028420
22
0.017342
32
-0.044381
0
3DFACE
62
1
10
-0.020877
20
0.011240
30
-0.050759
11
-0.028420
21
0.017342
31
-0.044381
12
-0.029677
22
0.016199
32
-0.045461
0
3DFACE
62
1
10
-0.021525
20
0.010589
30
-0.051271
11
-0.029677
21
0.016199
31
-0.045461
12
-0.030917
22
0.014974
32
-0.046465
0
3DFACE
62
1
10
-0.021525
20
0.010589
30
-0.051271
11
-0.020877
21
0.011240
31
-0.050759
12
-0.029677
22
0.016199
32
-0.045461
0
3DFACE
62
1
10
-0.021666
20
0.010463
30
-0.051400
11
-0.021525
21
0.010589
31
-0.051271
12
-0.030917
22
0.014974
32
-0.046465
0
3DFACE
62
1
10
-0.021761
20
0.010396
30
-0.051506
11
-0.030917
21
0.014974
31
-0.046465
12
-0.031019
22
0.014896
32
-0.046571
0
3DFACE
62
1
10
-0.021761
20
0.010396
30
-0.051506
11
-0.021666
21
0.010463
31
-0.051400
12
-0.030917
22
0.014974
32
-0.046465
0
3DFACE
62
1
10
-0.021838
20
0.010359
30
-0.051607
11
-0.031019
21
0.014896
31
-0.046571
12
-0.031119
22
0.014834
32
-0.046690
0
3DFACE
62
1
10
-0.021838
20
0.010359
30
-0.051607
11
-0.021761
21
0.010396
31
-0.051506
12
-0.031019
22
0.014896
32
-0.046571
0
3DFACE
62
1
10
-0.021907
20
0.010341
30
-0.051715
11
-0.031119
21
0.014834
31
-0.046690
12
-0.031214
22
0.014792
32
-0.046820
0
3DFACE
62
1
10
-0.021907
20
0.010341
30
-0.051715
11
-0.021838
21
0.010359
31
-0.051607
12
-0.031119
22
0.014834
32
-0.046690
0
3DFACE
62
1
10
-0.021975
20
0.010340
30
-0.051840
11
-0.031312
21
0.014770
31
-0.046976
12
-0.031415
22
0.014776
32
-0.047173
0
3DFACE
62
1
10
-0.021975
20
0.010340
30
-0.051840
11
-0.031214
21
0.014792
31
-0.046820
12
-0.031312
22
0.014770
32
-0.046976
0
3DFACE
62
1
10
-0.021975
20
0.010340
30
-0.051840
11
-0.021907
21
0.010341
31
-0.051715
12
-0.031214
22
0.014792
32
-0.046820
0
3DFACE
62
1
10
-0.022034
20
0.010358
30
-0.051969
11
-0.031415
21
0.014776
31
-0.047173
12
-0.031521
22
0.014823
32
-0.047422
0
3DFACE
62
1
10
-0.022034
20
0.010358
30
-0.051969
11
-0.021975
21
0.010340
31
-0.051840
12
-0.031415
22
0.014776
32
-0.047173
0
3DFACE
62
1
10
-0.022037
20
0.010363
30
-0.052059
11
-0.022034
21
0.010358
31
-0.051969
12
-0.031521
22
0.014823
32
-0.047422
0
3DFACE
62
1
10
-0.022920
20
0.011809
30
-0.056046
11
-0.022889
21
0.011757
31
-0.055979
12
-0.032739
22
0.016817
32
-0.053028
0
3DFACE
62
1
10
-0.022920
20
0.011809
30
-0.056046
11
-0.032743
21
0.016891
31
-0.053177
12
-0.032736
22
0.016977
32
-0.053320
0
3DFACE
62
1
10
-0.022920
20
0.011809
30
-0.056046
11
-0.032739
21
0.016817
31
-0.053028
12
-0.032743
22
0.016891
32
-0.053177
0
3DFACE
62
1
10
-0.022916
20
0.011882
30
-0.056173
11
-0.032711
21
0.017106
31
-0.053489
12
-0.032690
22
0.017180
32
-0.053567
0
3DFACE
62
1
10
-0.022916
20
0.011882
30
-0.056173
11
-0.032736
21
0.016977
31
-0.053320
12
-0.032711
22
0.017106
32
-0.053489
0
3DFACE
62
1
10
-0.022916
20
0.011882
30
-0.056173
11
-0.022920
21
0.011809
31
-0.056046
12
-0.032736
22
0.016977
32
-0.053320
0
3DFACE
62
1
10
-0.022899
20
0.011970
30
-0.056288
11
-0.032690
21
0.017180
31
-0.053567
12
-0.032640
22
0.017322
32
-0.053684
0
3DFACE
62
1
10
-0.022899
20
0.011970
30
-0.056288
11
-0.022916
21
0.011882
31
-0.056173
12
-0.032690
22
0.017180
32
-0.053567
0
3DFACE
62
1
10
-0.022871
20
0.012061
30
-0.056379
11
-0.022899
21
0.011970
31
-0.056288
12
-0.032640
22
0.017322
32
-0.053684
0
3DFACE
62
1
10
-0.022851
20
0.012117
30
-0.056424
11
-0.032640
21
0.017322
31
-0.053684
12
-0.032569
22
0.017487
32
-0.053784
0
3DFACE
62
1
10
-0.022851
20
0.012117
30
-0.056424
11
-0.022871
21
0.012061
31
-0.056379
12
-0.032640
22
0.017322
32
-0.053684
0
3DFACE
62
1
10
-0.022822
20
0.012187
30
-0.056469
11
-0.022851
21
0.012117
31
-0.056424
12
-0.032569
22
0.017487
32
-0.053784
0
3DFACE
62
1
10
-0.022778
20
0.012284
30
-0.056519
11
-0.032569
21
0.017487
31
-0.053784
12
-0.032443
22
0.017746
32
-0.053885
0
3DFACE
62
1
10
-0.022778
20
0.012284
30
-0.056519
11
-0.022822
21
0.012187
31
-0.056469
12
-0.032569
22
0.017487
32
-0.053784
0
3DFACE
62
1
10
-0.022727
20
0.012389
30
-0.056560
11
-0.022778
21
0.012284
31
-0.056519
12
-0.032443
22
0.017746
32
-0.053885
0
3DFACE
62
1
10
-0.022665
20
0.012508
30
-0.056594
11
-0.032443
21
0.017746
31
-0.053885
12
-0.031725
22
0.019074
32
-0.054189
0
3DFACE
62
1
10
-0.022665
20
0.012508
30
-0.056594
11
-0.022727
21
0.012389
31
-0.056560
12
-0.032443
22
0.017746
32
-0.053885
0
3DFACE
62
1
10
-0.022120
20
0.013515
30
-0.056826
11
-0.031725
21
0.019074
31
-0.054189
12
-0.030682
22
0.021045
32
-0.054789
0
3DFACE
62
1
10
-0.022120
20
0.013515
30
-0.056826
11
-0.022665
21
0.012508
31
-0.056594
12
-0.031725
22
0.019074
32
-0.054189
0
3DFACE
62
1
10
-0.021477
20
0.014731
30
-0.057203
11
-0.022120
21
0.013515
31
-0.056826
12
-0.030682
22
0.021045
32
-0.054789
0
3DFACE
62
1
10
-0.021853
20
0.012836
30
-0.054727
11
-0.020947
21
0.013864
31
-0.053947
12
-0.029925
22
0.019806
32
-0.050137
0
3DFACE
62
1
10
-0.021853
20
0.012836
30
-0.054727
11
-0.029925
21
0.019806
31
-0.050137
12
-0.031081
22
0.018498
32
-0.051140
0
3DFACE
62
1
10
-0.022453
20
0.012108
30
-0.055190
11
-0.031081
21
0.018498
31
-0.051140
12
-0.032229
22
0.017121
32
-0.052054
0
3DFACE
62
1
10
-0.022453
20
0.012108
30
-0.055190
11
-0.021853
21
0.012836
31
-0.054727
12
-0.031081
22
0.018498
32
-0.051140
0
3DFACE
62
1
10
-0.022582
20
0.011962
30
-0.055311
11
-0.022453
21
0.012108
31
-0.055190
12
-0.032229
22
0.017121
32
-0.052054
0
3DFACE
62
1
10
-0.022667
20
0.011879
30
-0.055414
11
-0.032229
21
0.017121
31
-0.052054
12
-0.032321
22
0.017027
32
-0.052155
0
3DFACE
62
1
10
-0.022667
20
0.011879
30
-0.055414
11
-0.022582
21
0.011962
31
-0.055311
12
-0.032229
22
0.017121
32
-0.052054
0
3DFACE
62
1
10
-0.022734
20
0.011826
30
-0.055515
11
-0.032321
21
0.017027
31
-0.052155
12
-0.032409
22
0.016947
32
-0.052272
0
3DFACE
62
1
10
-0.022734
20
0.011826
30
-0.055515
11
-0.022667
21
0.011879
31
-0.055414
12
-0.032321
22
0.017027
32
-0.052155
0
3DFACE
62
1
10
-0.022792
20
0.011790
30
-0.055624
11
-0.032409
21
0.016947
31
-0.052272
12
-0.032492
22
0.016883
32
-0.052402
0
3DFACE
62
1
10
-0.022792
20
0.011790
30
-0.055624
11
-0.022734
21
0.011826
31
-0.055515
12
-0.032409
22
0.016947
32
-0.052272
0
3DFACE
62
1
10
-0.022848
20
0.011770
30
-0.055754
11
-0.032574
21
0.016836
31
-0.052562
12
-0.032658
22
0.016811
32
-0.052766
0
3DFACE
62
1
10
-0.022848
20
0.011770
30
-0.055754
11
-0.032492
21
0.016883
31
-0.052402
12
-0.032574
22
0.016836
32
-0.052562
0
3DFACE
62
1
10
-0.022848
20
0.011770
30
-0.055754
11
-0.022792
21
0.011790
31
-0.055624
12
-0.032492
22
0.016883
32
-0.052402
0
3DFACE
62
1
10
-0.022894
20
0.011767
30
-0.055889
11
-0.032658
21
0.016811
31
-0.052766
12
-0.032739
22
0.016817
32
-0.053028
0
3DFACE
62
1
10
-0.022894
20
0.011767
30
-0.055889
11
-0.022848
21
0.011770
31
-0.055754
12
-0.032658
22
0.016811
32
-0.052766
0
3DFACE
62
1
10
-0.022889
20
0.011757
30
-0.055979
11
-0.022894
21
0.011767
31
-0.055889
12
-0.032739
22
0.016817
32
-0.053028
0
3DFACE
62
1
10
-0.023375
20
0.012553
30
-0.060209
11
-0.023350
21
0.012513
31
-0.060132
12
-0.033400
22
0.017899
32
-0.058968
0
3DFACE
62
1
10
-0.023375
20
0.012553
30
-0.060209
11
-0.033389
21
0.017948
31
-0.059127
12
-0.033368
22
0.018010
32
-0.059280
0
3DFACE
62
1
10
-0.023375
20
0.012553
30
-0.060209
11
-0.033400
21
0.017899
31
-0.058968
12
-0.033389
22
0.017948
32
-0.059127
0
3DFACE
62
1
10
-0.023358
20
0.012606
30
-0.060344
11
-0.033325
21
0.018112
31
-0.059464
12
-0.033296
22
0.018173
32
-0.059550
0
3DFACE
62
1
10
-0.023358
20
0.012606
30
-0.060344
11
-0.033368
21
0.018010
31
-0.059280
12
-0.033325
22
0.018112
32
-0.059464
0
3DFACE
62
1
10
-0.023358
20
0.012606
30
-0.060344
11
-0.023375
21
0.012553
31
-0.060209
12
-0.033368
22
0.018010
32
-0.059280
0
3DFACE
62
1
10
-0.023329
20
0.012674
30
-0.060470
11
-0.033296
21
0.018173
31
-0.059550
12
-0.033234
22
0.018295
32
-0.059683
0
3DFACE
62
1
10
-0.023329
20
0.012674
30
-0.060470
11
-0.023358
21
0.012606
31
-0.060344
12
-0.033296
22
0.018173
32
-0.059550
0
3DFACE
62
1
10
-0.023293
20
0.012751
30
-0.060571
11
-0.023329
21
0.012674
31
-0.060470
12
-0.033234
22
0.018295
32
-0.059683
0
3DFACE
62
1
10
-0.023268
20
0.012799
30
-0.060622
11
-0.033234
21
0.018295
31
-0.059683
12
-0.033153
22
0.018443
32
-0.059800
0
3DFACE
62
1
10
-0.023268
20
0.012799
30
-0.060622
11
-0.023293
21
0.012751
31
-0.060571
12
-0.033234
22
0.018295
32
-0.059683
0
3DFACE
62
1
10
-0.023234
20
0.012861
30
-0.060675
11
-0.023268
21
0.012799
31
-0.060622
12
-0.033153
22
0.018443
32
-0.059800
0
3DFACE
62
1
10
-0.023185
20
0.012950
30
-0.060735
11
-0.033153
21
0.018443
31
-0.059800
12
-0.033016
22
0.018683
32
-0.059928
0
3DFACE
62
1
10
-0.023185
20
0.012950
30
-0.060735
11
-0.023234
21
0.012861
31
-0.060675
12
-0.033153
22
0.018443
32
-0.059800
0
3DFACE
62
1
10
-0.023129
20
0.013048
30
-0.060787
11
-0.023185
21
0.012950
31
-0.060735
12
-0.033016
22
0.018683
32
-0.059928
0
3DFACE
62
1
10
-0.023063
20
0.013160
30
-0.060833
11
-0.033016
21
0.018683
31
-0.059928
12
-0.032262
22
0.019953
32
-0.060366
0
3DFACE
62
1
10
-0.023063
20
0.013160
30
-0.060833
11
-0.023129
21
0.013048
31
-0.060787
12
-0.033016
22
0.018683
32
-0.059928
0
3DFACE
62
1
10
-0.022491
20
0.014122
30
-0.061166
11
-0.032262
21
0.019953
31
-0.060366
12
-0.031151
22
0.021813
32
-0.061165
0
3DFACE
62
1
10
-0.022491
20
0.014122
30
-0.061166
11
-0.023063
21
0.013160
31
-0.060833
12
-0.032262
22
0.019953
32
-0.060366
0
3DFACE
62
1
10
-0.021806
20
0.015269
30
-0.061666
11
-0.022491
21
0.014122
31
-0.061166
12
-0.031151
22
0.021813
32
-0.061165
0
3DFACE
62
1
10
-0.022431
20
0.013783
30
-0.058971
11
-0.021597
21
0.014927
31
-0.058279
12
-0.030853
22
0.021324
32
-0.056326
0
3DFACE
62
1
10
-0.022431
20
0.013783
30
-0.058971
11
-0.030853
21
0.021324
31
-0.056326
12
-0.031918
22
0.019867
32
-0.057217
0
3DFACE
62
1
10
-0.022989
20
0.012986
30
-0.059370
11
-0.031918
21
0.019867
31
-0.057217
12
-0.032983
22
0.018356
32
-0.058009
0
3DFACE
62
1
10
-0.022989
20
0.012986
30
-0.059370
11
-0.022431
21
0.013783
31
-0.058971
12
-0.031918
22
0.019867
32
-0.057217
0
3DFACE
62
1
10
-0.023108
20
0.012823
30
-0.059478
11
-0.022989
21
0.012986
31
-0.059370
12
-0.032983
22
0.018356
32
-0.058009
0
3DFACE
62
1
10
-0.023183
20
0.012724
30
-0.059575
11
-0.032983
21
0.018356
31
-0.058009
12
-0.033065
22
0.018246
32
-0.058103
0
3DFACE
62
1
10
-0.023183
20
0.012724
30
-0.059575
11
-0.023108
21
0.012823
31
-0.059478
12
-0.032983
22
0.018356
32
-0.058009
0
3DFACE
62
1
10
-0.023240
20
0.012655
30
-0.059671
11
-0.033065
21
0.018246
31
-0.058103
12
-0.033143
22
0.018147
32
-0.058213
0
3DFACE
62
1
10
-0.023240
20
0.012655
30
-0.059671
11
-0.023183
21
0.012724
31
-0.059575
12
-0.033065
22
0.018246
32
-0.058103
0
3DFACE
62
1
10
-0.023288
20
0.012602
30
-0.059779
11
-0.033143
21
0.018147
31
-0.058213
12
-0.033213
22
0.018064
32
-0.058340
0
3DFACE
62
1
10
-0.023288
20
0.012602
30
-0.059779
11
-0.023240
21
0.012655
31
-0.059671
12
-0.033143
22
0.018147
32
-0.058213
0
3DFACE
62
1
10
-0.023332
20
0.012561
30
-0.059909
11
-0.033280
21
0.017992
31
-0.058497
12
-0.033344
22
0.017934
32
-0.058702
0
3DFACE
62
1
10
-0.023332
20
0.012561
30
-0.059909
11
-0.033213
21
0.018064
31
-0.058340
12
-0.033280
22
0.017992
32
-0.058497
0
3DFACE
62
1
10
-0.023332
20
0.012561
30
-0.059909
11
-0.023288
21
0.012602
31
-0.059779
12
-0.033213
22
0.018064
32
-0.058340
0
3DFACE
62
1
10
-0.023365
20
0.012537
30
-0.060046
11
-0.033344
21
0.017934
31
-0.058702
12
-0.033400
22
0.017899
32
-0.058968
0
3DFACE
62
1
10
-0.023365
20
0.012537
30
-0.060046
11
-0.023332
21
0.012561
31
-0.059909
12
-0.033344
22
0.017934
32
-0.058702
0
3DFACE
62
1
10
-0.023350
20
0.012513
30
-0.060132
11
-0.023365
21
0.012537
31
-0.060046
12
-0.033400
22
0.017899
32
-0.058968
0
3DFACE
62
1
10
-0.023423
20
0.012633
30
-0.064462
11
-0.023407
21
0.012605
31
-0.064377
12
-0.033480
22
0.018030
32
-0.065040
0
3DFACE
62
1
10
-0.023423
20
0.012633
30
-0.064462
11
-0.033453
21
0.018054
31
-0.065203
12
-0.033418
22
0.018092
32
-0.065361
0
3DFACE
62
1
10
-0.023423
20
0.012633
30
-0.064462
11
-0.033480
21
0.018030
31
-0.065040
12
-0.033453
22
0.018054
32
-0.065203
0
3DFACE
62
1
10
-0.023393
20
0.012663
30
-0.064601
11
-0.033357
21
0.018163
31
-0.065554
12
-0.033319
22
0.018211
32
-0.065645
0
3DFACE
62
1
10
-0.023393
20
0.012663
30
-0.064601
11
-0.033418
21
0.018092
31
-0.065361
12
-0.033357
22
0.018163
32
-0.065554
0
3DFACE
62
1
10
-0.023393
20
0.012663
30
-0.064601
11
-0.023423
21
0.012633
31
-0.064462
12
-0.033418
22
0.018092
32
-0.065361
0
3DFACE
62
1
10
-0.023352
20
0.012712
30
-0.064732
11
-0.033319
21
0.018211
31
-0.065645
12
-0.033244
22
0.018311
32
-0.065789
0
3DFACE
62
1
10
-0.023352
20
0.012712
30
-0.064732
11
-0.023393
21
0.012663
31
-0.064601
12
-0.033319
22
0.018211
32
-0.065645
0
3DFACE
62
1
10
-0.023305
20
0.012771
30
-0.064840
11
-0.023352
21
0.012712
31
-0.064732
12
-0.033244
22
0.018311
32
-0.065789
0
3DFACE
62
1
10
-0.023275
20
0.012811
30
-0.064895
11
-0.033244
21
0.018311
31
-0.065789
12
-0.033151
22
0.018439
32
-0.065919
0
3DFACE
62
1
10
-0.023275
20
0.012811
30
-0.064895
11
-0.023305
21
0.012771
31
-0.064840
12
-0.033244
22
0.018311
32
-0.065789
0
3DFACE
62
1
10
-0.023236
20
0.012865
30
-0.064954
11
-0.023275
21
0.012811
31
-0.064895
12
-0.033151
22
0.018439
32
-0.065919
0
3DFACE
62
1
10
-0.023181
20
0.012943
30
-0.065023
11
-0.033151
21
0.018439
31
-0.065919
12
-0.033000
22
0.018657
32
-0.066070
0
3DFACE
62
1
10
-0.023181
20
0.012943
30
-0.065023
11
-0.023236
21
0.012865
31
-0.064954
12
-0.033151
22
0.018439
32
-0.065919
0
3DFACE
62
1
10
-0.023119
20
0.013032
30
-0.065083
11
-0.023181
21
0.012943
31
-0.065023
12
-0.033000
22
0.018657
32
-0.066070
0
3DFACE
62
1
10
-0.023049
20
0.013136
30
-0.065140
11
-0.033000
21
0.018657
31
-0.066070
12
-0.032198
22
0.019848
32
-0.066628
0
3DFACE
62
1
10
-0.023049
20
0.013136
30
-0.065140
11
-0.023119
21
0.013032
31
-0.065083
12
-0.033000
22
0.018657
32
-0.066070
0
3DFACE
62
1
10
-0.022440
20
0.014038
30
-0.065564
11
-0.032198
21
0.019848
31
-0.066628
12
-0.031002
22
0.021569
32
-0.067598
0
3DFACE
62
1
10
-0.022440
20
0.014038
30
-0.065564
11
-0.023049
21
0.013136
31
-0.065140
12
-0.032198
22
0.019848
32
-0.066628
0
3DFACE
62
1
10
-0.021701
20
0.015098
30
-0.066169
11
-0.022440
21
0.014038
31
-0.065564
12
-0.031002
22
0.021569
32
-0.067598
0
3DFACE
62
1
10
-0.022593
20
0.014048
30
-0.063347
11
-0.021820
21
0.015293
31
-0.062766
12
-0.031172
22
0.021847
32
-0.062736
0
3DFACE
62
1
10
-0.022593
20
0.014048
30
-0.063347
11
-0.031172
21
0.021847
31
-0.062736
12
-0.032158
22
0.020260
32
-0.063486
0
3DFACE
62
1
10
-0.023117
20
0.013195
30
-0.063667
11
-0.032158
21
0.020260
31
-0.063486
12
-0.033154
22
0.018635
32
-0.064129
0
3DFACE
62
1
10
-0.023117
20
0.013195
30
-0.063667
11
-0.022593
21
0.014048
31
-0.063347
12
-0.032158
22
0.020260
32
-0.063486
0
3DFACE
62
1
10
-0.023225
20
0.013015
30
-0.063759
11
-0.023117
21
0.013195
31
-0.063667
12
-0.033154
22
0.018635
32
-0.064129
0
3DFACE
62
1
10
-0.023292
20
0.012902
30
-0.063846
11
-0.033154
21
0.018635
31
-0.064129
12
-0.033227
22
0.018511
32
-0.064212
0
3DFACE
62
1
10
-0.023292
20
0.012902
30
-0.063846
11
-0.023225
21
0.013015
31
-0.063759
12
-0.033154
22
0.018635
32
-0.064129
0
3DFACE
62
1
10
-0.023340
20
0.012818
30
-0.063936
11
-0.033227
21
0.018511
31
-0.064212
12
-0.033295
22
0.018396
32
-0.064313
0
3DFACE
62
1
10
-0.023340
20
0.012818
30
-0.063936
11
-0.023292
21
0.012902
31
-0.063846
12
-0.033227
22
0.018511
32
-0.064212
0
3DFACE
62
1
10
-0.023378
20
0.012749
30
-0.064038
11
-0.033295
21
0.018396
31
-0.064313
12
-0.033353
22
0.018293
32
-0.064430
0
3DFACE
62
1
10
-0.023378
20
0.012749
30
-0.064038
11
-0.023340
21
0.012818
31
-0.063936
12
-0.033295
22
0.018396
32
-0.064313
0
3DFACE
62
1
10
-0.023409
20
0.012688
30
-0.064163
11
-0.033405
21
0.018197
31
-0.064580
12
-0.033450
22
0.018107
32
-0.064779
0
3DFACE
62
1
10
-0.023409
20
0.012688
30
-0.064163
11
-0.033353
21
0.018293
31
-0.064430
12
-0.033405
22
0.018197
32
-0.064580
0
3DFACE
62
1
10
-0.023409
20
0.012688
30
-0.064163
11
-0.023378
21
0.012749
31
-0.064038
12
-0.033353
22
0.018293
32
-0.064430
0
3DFACE
62
1
10
-0.023429
20
0.012642
30
-0.064297
11
-0.033450
21
0.018107
31
-0.064779
12
-0.033480
22
0.018030
32
-0.065040
0
3DFACE
62
1
10
-0.023429
20
0.012642
30
-0.064297
11
-0.023409
21
0.012688
31
-0.064163
12
-0.033450
22
0.018107
32
-0.064779
0
3DFACE
62
1
10
-0.023407
20
0.012605
30
-0.064377
11
-0.023429
21
0.012642
31
-0.064297
12
-0.033480
22
0.018030
32
-0.065040
0
3DFACE
62
1
10
-0.023063
20
0.012044
30
-0.068658
11
-0.023055
21
0.012030
31
-0.068569
12
-0.032978
22
0.017208
32
-0.071037
0
3DFACE
62
1
10
-0.023063
20
0.012044
30
-0.068658
11
-0.032935
21
0.017206
31
-0.071198
12
-0.032884
22
0.017218
32
-0.071356
0
3DFACE
62
1
10
-0.023063
20
0.012044
30
-0.068658
11
-0.032978
21
0.017208
31
-0.071037
12
-0.032935
22
0.017206
32
-0.071198
0
3DFACE
62
1
10
-0.023020
20
0.012052
30
-0.068798
11
-0.032805
21
0.017259
31
-0.071551
12
-0.032758
22
0.017292
32
-0.071645
0
3DFACE
62
1
10
-0.023020
20
0.012052
30
-0.068798
11
-0.032884
21
0.017218
31
-0.071356
12
-0.032805
22
0.017259
32
-0.071551
0
3DFACE
62
1
10
-0.023020
20
0.012052
30
-0.068798
11
-0.023063
21
0.012044
31
-0.068658
12
-0.032884
22
0.017218
32
-0.071356
0
3DFACE
62
1
10
-0.022966
20
0.012080
30
-0.068930
11
-0.032758
21
0.017292
31
-0.071645
12
-0.032669
22
0.017369
32
-0.071794
0
3DFACE
62
1
10
-0.022966
20
0.012080
30
-0.068930
11
-0.023020
21
0.012052
31
-0.068798
12
-0.032758
22
0.017292
32
-0.071645
0
3DFACE
62
1
10
-0.022909
20
0.012122
30
-0.069041
11
-0.022966
21
0.012080
31
-0.068930
12
-0.032669
22
0.017369
32
-0.071794
0
3DFACE
62
1
10
-0.022873
20
0.012153
30
-0.069099
11
-0.032669
21
0.017369
31
-0.071794
12
-0.032563
22
0.017476
32
-0.071934
0
3DFACE
62
1
10
-0.022873
20
0.012153
30
-0.069099
11
-0.022909
21
0.012122
31
-0.069041
12
-0.032669
22
0.017369
32
-0.071794
0
3DFACE
62
1
10
-0.022829
20
0.012197
30
-0.069161
11
-0.022873
21
0.012153
31
-0.069099
12
-0.032563
22
0.017476
32
-0.071934
0
3DFACE
62
1
10
-0.022766
20
0.012264
30
-0.069236
11
-0.032563
21
0.017476
31
-0.071934
12
-0.032396
22
0.017669
32
-0.072102
0
3DFACE
62
1
10
-0.022766
20
0.012264
30
-0.069236
11
-0.022829
21
0.012197
31
-0.069161
12
-0.032563
22
0.017476
32
-0.071934
0
3DFACE
62
1
10
-0.022698
20
0.012343
30
-0.069303
11
-0.022766
21
0.012264
31
-0.069236
12
-0.032396
22
0.017669
32
-0.072102
0
3DFACE
62
1
10
-0.022622
20
0.012437
30
-0.069368
11
-0.032396
21
0.017669
31
-0.072102
12
-0.031535
22
0.018763
32
-0.072760
0
3DFACE
62
1
10
-0.022622
20
0.012437
30
-0.069368
11
-0.022698
21
0.012343
31
-0.069303
12
-0.032396
22
0.017669
32
-0.072102
0
3DFACE
62
1
10
-0.021968
20
0.013267
30
-0.069868
11
-0.031535
21
0.018763
31
-0.072760
12
-0.030239
22
0.020320
32
-0.073869
0
3DFACE
62
1
10
-0.021968
20
0.013267
30
-0.069868
11
-0.022622
21
0.012437
31
-0.069368
12
-0.031535
22
0.018763
32
-0.072760
0
3DFACE
62
1
10
-0.021167
20
0.014224
30
-0.070559
11
-0.021968
21
0.013267
31
-0.069868
12
-0.030239
22
0.020320
32
-0.073869
0
3DFACE
62
1
10
-0.022333
20
0.013623
30
-0.067705
11
-0.021610
21
0.014949
31
-0.067255
12
-0.030872
22
0.021356
32
-0.069149
0
3DFACE
62
1
10
-0.022333
20
0.013623
30
-0.067705
11
-0.030872
21
0.021356
31
-0.069149
12
-0.031793
22
0.019663
32
-0.069732
0
3DFACE
62
1
10
-0.022830
20
0.012726
30
-0.067936
11
-0.031793
21
0.019663
31
-0.069732
12
-0.032735
22
0.017950
32
-0.070205
0
3DFACE
62
1
10
-0.022830
20
0.012726
30
-0.067936
11
-0.022333
21
0.013623
31
-0.067705
12
-0.031793
22
0.019663
32
-0.069732
0
3DFACE
62
1
10
-0.022931
20
0.012533
30
-0.068009
11
-0.022830
21
0.012726
31
-0.067936
12
-0.032735
22
0.017950
32
-0.070205
0
3DFACE
62
1
10
-0.022990
20
0.012407
30
-0.068083
11
-0.032735
21
0.017950
31
-0.070205
12
-0.032802
22
0.017814
32
-0.070274
0
3DFACE
62
1
10
-0.022990
20
0.012407
30
-0.068083
11
-0.022931
21
0.012533
31
-0.068009
12
-0.032735
22
0.017950
32
-0.070205
0
3DFACE
62
1
10
-0.023030
20
0.012310
30
-0.068163
11
-0.032802
21
0.017814
31
-0.070274
12
-0.032860
22
0.017684
32
-0.070361
0
3DFACE
62
1
10
-0.023030
20
0.012310
30
-0.068163
11
-0.022990
21
0.012407
31
-0.068083
12
-0.032802
22
0.017814
32
-0.070274
0
3DFACE
62
1
10
-0.023058
20
0.012225
30
-0.068256
11
-0.032860
21
0.017684
31
-0.070361
12
-0.032908
22
0.017564
32
-0.070467
0
3DFACE
62
1
10
-0.023058
20
0.012225
30
-0.068256
11
-0.023030
21
0.012310
31
-0.068163
12
-0.032860
22
0.017684
32
-0.070361
0
3DFACE
62
1
10
-0.023077
20
0.012145
30
-0.068373
11
-0.032946
21
0.017445
31
-0.070604
12
-0.032972
22
0.017325
32
-0.070789
0
3DFACE
62
1
10
-0.023077
20
0.012145
30
-0.068373
11
-0.032908
21
0.017564
31
-0.070467
12
-0.032946
22
0.017445
32
-0.070604
0
3DFACE
62
1
10
-0.023077
20
0.012145
30
-0.068373
11
-0.023058
21
0.012225
31
-0.068256
12
-0.032908
22
0.017564
32
-0.070467
0
3DFACE
62
1
10
-0.023085
20
0.012079
30
-0.068499
11
-0.032972
21
0.017325
31
-0.070789
12
-0.032978
22
0.017208
32
-0.071037
0
3DFACE
62
1
10
-0.023085
20
0.012079
30
-0.068499
11
-0.023077
21
0.012145
31
-0.068373
12
-0.032972
22
0.017325
32
-0.070789
0
3DFACE
62
1
10
-0.023055
20
0.012030
30
-0.068569
11
-0.023085
21
0.012079
31
-0.068499
12
-0.032978
22
0.017208
32
-0.071037
0
3DFACE
62
1
10
-0.022308
20
0.010807
30
-0.072657
11
-0.022308
21
0.010807
31
-0.072567
12
-0.031909
22
0.015459
32
-0.076755
0
3DFACE
62
1
10
-0.022308
20
0.010807
30
-0.072657
11
-0.031851
21
0.015432
31
-0.076909
12
-0.031785
22
0.015420
32
-0.077061
0
3DFACE
62
1
10
-0.022308
20
0.010807
30
-0.072657
11
-0.031909
21
0.015459
31
-0.076755
12
-0.031851
22
0.015432
32
-0.076909
0
3DFACE
62
1
10
-0.022251
20
0.010794
30
-0.072791
11
-0.031687
21
0.015430
31
-0.077251
12
-0.031632
22
0.015448
32
-0.077344
0
3DFACE
62
1
10
-0.022251
20
0.010794
30
-0.072791
11
-0.031785
21
0.015420
31
-0.077061
12
-0.031687
22
0.015430
32
-0.077251
0
3DFACE
62
1
10
-0.022251
20
0.010794
30
-0.072791
11
-0.022308
21
0.010807
31
-0.072657
12
-0.031785
22
0.015420
32
-0.077061
0
3DFACE
62
1
10
-0.022185
20
0.010800
30
-0.072921
11
-0.031632
21
0.015448
31
-0.077344
12
-0.031528
22
0.015501
32
-0.077495
0
3DFACE
62
1
10
-0.022185
20
0.010800
30
-0.072921
11
-0.022251
21
0.010794
31
-0.072791
12
-0.031632
22
0.015448
32
-0.077344
0
3DFACE
62
1
10
-0.022116
20
0.010825
30
-0.073031
11
-0.022185
21
0.010800
31
-0.072921
12
-0.031528
22
0.015501
32
-0.077495
0
3DFACE
62
1
10
-0.022075
20
0.010847
30
-0.073089
11
-0.031528
21
0.015501
31
-0.077495
12
-0.031408
22
0.015586
32
-0.077639
0
3DFACE
62
1
10
-0.022075
20
0.010847
30
-0.073089
11
-0.022116
21
0.010825
31
-0.073031
12
-0.031528
22
0.015501
32
-0.077495
0
3DFACE
62
1
10
-0.022025
20
0.010881
30
-0.073153
11
-0.022075
21
0.010847
31
-0.073089
12
-0.031408
22
0.015586
32
-0.077639
0
3DFACE
62
1
10
-0.021955
20
0.010936
30
-0.073231
11
-0.031408
21
0.015586
31
-0.077639
12
-0.031225
22
0.015752
32
-0.077818
0
3DFACE
62
1
10
-0.021955
20
0.010936
30
-0.073231
11
-0.022025
21
0.010881
31
-0.073153
12
-0.031408
22
0.015586
32
-0.077639
0
3DFACE
62
1
10
-0.021880
20
0.011004
30
-0.073303
11
-0.021955
21
0.010936
31
-0.073231
12
-0.031225
22
0.015752
32
-0.077818
0
3DFACE
62
1
10
-0.021797
20
0.011087
30
-0.073374
11
-0.031225
21
0.015752
31
-0.077818
12
-0.030297
22
0.016736
32
-0.078554
0
3DFACE
62
1
10
-0.021797
20
0.011087
30
-0.073374
11
-0.021880
21
0.011004
31
-0.073303
12
-0.031225
22
0.015752
32
-0.077818
0
3DFACE
62
1
10
-0.021092
20
0.011833
30
-0.073933
11
-0.030297
21
0.016736
31
-0.078554
12
-0.028888
22
0.018109
32
-0.079764
0
3DFACE
62
1
10
-0.021092
20
0.011833
30
-0.073933
11
-0.021797
21
0.011087
31
-0.073374
12
-0.030297
22
0.016736
32
-0.078554
0
3DFACE
62
1
10
-0.020222
20
0.012676
30
-0.074686
11
-0.021092
21
0.011833
31
-0.073933
12
-0.028888
22
0.018109
32
-0.079764
0
3DFACE
62
1
10
-0.021660
20
0.012521
30
-0.071898
11
-0.020974
21
0.013907
31
-0.071594
12
-0.029962
22
0.019867
32
-0.075348
0
3DFACE
62
1
10
-0.021660
20
0.012521
30
-0.071898
11
-0.029962
21
0.019867
31
-0.075348
12
-0.030837
22
0.018097
32
-0.075744
0
3DFACE
62
1
10
-0.022140
20
0.011595
30
-0.072032
11
-0.030837
21
0.018097
31
-0.075744
12
-0.031742
22
0.016324
32
-0.076030
0
3DFACE
62
1
10
-0.022140
20
0.011595
30
-0.072032
11
-0.021660
21
0.012521
31
-0.071898
12
-0.030837
22
0.018097
32
-0.075744
0
3DFACE
62
1
10
-0.022234
20
0.011393
30
-0.072083
11
-0.022140
21
0.011595
31
-0.072032
12
-0.031742
22
0.016324
32
-0.076030
0
3DFACE
62
1
10
-0.022287
20
0.011256
30
-0.072142
11
-0.031742
21
0.016324
31
-0.076030
12
-0.031802
22
0.016179
32
-0.076083
0
3DFACE
62
1
10
-0.022287
20
0.011256
30
-0.072142
11
-0.022234
21
0.011393
31
-0.072083
12
-0.031742
22
0.016324
32
-0.076030
0
3DFACE
62
1
10
-0.022320
20
0.011148
30
-0.072209
11
-0.031802
21
0.016179
31
-0.076083
12
-0.031853
22
0.016036
32
-0.076154
0
3DFACE
62
1
10
-0.022320
20
0.011148
30
-0.072209
11
-0.022287
21
0.011256
31
-0.072142
12
-0.031802
22
0.016179
32
-0.076083
0
3DFACE
62
1
10
-0.022340
20
0.011049
30
-0.072290
11
-0.031853
21
0.016036
31
-0.076154
12
-0.031891
22
0.015900
32
-0.076243
0
3DFACE
62
1
10
-0.022340
20
0.011049
30
-0.072290
11
-0.022320
21
0.011148
31
-0.072209
12
-0.031853
22
0.016036
32
-0.076154
0
3DFACE
62
1
10
-0.022348
20
0.010952
30
-0.072393
11
-0.031917
21
0.015761
31
-0.076363
12
-0.031926
22
0.015613
32
-0.076529
0
3DFACE
62
1
10
-0.022348
20
0.010952
30
-0.072393
11
-0.031891
21
0.015900
31
-0.076243
12
-0.031917
22
0.015761
32
-0.076363
0
3DFACE
62
1
10
-0.022348
20
0.010952
30
-0.072393
11
-0.022340
21
0.011049
31
-0.072290
12
-0.031891
22
0.015900
32
-0.076243
0
3DFACE
62
1
10
-0.022344
20
0.010866
30
-0.072508
11
-0.031926
21
0.015613
31
-0.076529
12
-0.031909
22
0.015459
32
-0.076755
0
3DFACE
62
1
10
-0.022344
20
0.010866
30
-0.072508
11
-0.022348
21
0.010952
31
-0.072393
12
-0.031926
22
0.015613
32
-0.076529
0
3DFACE
62
1
10
-0.022308
20
0.010807
30
-0.072567
11
-0.022344
21
0.010866
31
-0.072508
12
-0.031909
22
0.015459
32
-0.076755
0
3DFACE
62
1
10
-0.021182
20
0.008964
30
-0.076321
11
-0.021191
21
0.008979
31
-0.076233
12
-0.030311
22
0.012843
32
-0.081998
0
3DFACE
62
1
10
-0.021182
20
0.008964
30
-0.076321
11
-0.030239
21
0.012793
31
-0.082140
12
-0.030159
22
0.012757
32
-0.082281
0
3DFACE
62
1
10
-0.021182
20
0.008964
30
-0.076321
11
-0.030311
21
0.012843
31
-0.081998
12
-0.030239
22
0.012793
32
-0.082140
0
3DFACE
62
1
10
-0.021113
20
0.008930
30
-0.076446
11
-0.030043
21
0.012738
31
-0.082461
12
-0.029979
22
0.012742
32
-0.082550
0
3DFACE
62
1
10
-0.021113
20
0.008930
30
-0.076446
11
-0.030159
21
0.012757
31
-0.082281
12
-0.030043
22
0.012738
32
-0.082461
0
3DFACE
62
1
10
-0.021113
20
0.008930
30
-0.076446
11
-0.021182
21
0.008964
31
-0.076321
12
-0.030159
22
0.012757
32
-0.082281
0
3DFACE
62
1
10
-0.021034
20
0.008917
30
-0.076568
11
-0.029979
21
0.012742
31
-0.082550
12
-0.029860
22
0.012772
32
-0.082696
0
3DFACE
62
1
10
-0.021034
20
0.008917
30
-0.076568
11
-0.021113
21
0.008930
31
-0.076446
12
-0.029979
22
0.012742
32
-0.082550
0
3DFACE
62
1
10
-0.020956
20
0.008925
30
-0.076674
11
-0.021034
21
0.008917
31
-0.076568
12
-0.029860
22
0.012772
32
-0.082696
0
3DFACE
62
1
10
-0.020909
20
0.008938
30
-0.076730
11
-0.029860
21
0.012772
31
-0.082696
12
-0.029727
22
0.012834
32
-0.082839
0
3DFACE
62
1
10
-0.020909
20
0.008938
30
-0.076730
11
-0.020956
21
0.008925
31
-0.076674
12
-0.029860
22
0.012772
32
-0.082696
0
3DFACE
62
1
10
-0.020852
20
0.008962
30
-0.076793
11
-0.020909
21
0.008938
31
-0.076730
12
-0.029727
22
0.012834
32
-0.082839
0
3DFACE
62
1
10
-0.020774
20
0.009005
30
-0.076872
11
-0.029727
21
0.012834
31
-0.082839
12
-0.029526
22
0.012971
32
-0.083024
0
3DFACE
62
1
10
-0.020774
20
0.009005
30
-0.076872
11
-0.020852
21
0.008962
31
-0.076793
12
-0.029727
22
0.012834
32
-0.082839
0
3DFACE
62
1
10
-0.020693
20
0.009060
30
-0.076946
11
-0.020774
21
0.009005
31
-0.076872
12
-0.029526
22
0.012971
32
-0.083024
0
3DFACE
62
1
10
-0.020603
20
0.009132
30
-0.077021
11
-0.029526
21
0.012971
31
-0.083024
12
-0.028524
22
0.013834
32
-0.083813
0
3DFACE
62
1
10
-0.020603
20
0.009132
30
-0.077021
11
-0.020693
21
0.009060
31
-0.076946
12
-0.029526
22
0.012971
32
-0.083024
0
3DFACE
62
1
10
-0.019842
20
0.009786
30
-0.077620
11
-0.028524
21
0.013834
31
-0.083813
12
-0.026996
22
0.015011
32
-0.085082
0
3DFACE
62
1
10
-0.019842
20
0.009786
30
-0.077620
11
-0.020603
21
0.009132
31
-0.077021
12
-0.028524
22
0.013834
32
-0.083813
0
3DFACE
62
1
10
-0.018897
20
0.010508
30
-0.078409
11
-0.019842
21
0.009786
31
-0.077620
12
-0.026996
22
0.015011
32
-0.085082
0
3DFACE
62
1
10
-0.020597
20
0.010781
30
-0.075782
11
-0.019932
21
0.012202
31
-0.075635
12
-0.028475
22
0.017432
32
-0.081120
0
3DFACE
62
1
10
-0.020597
20
0.010781
30
-0.075782
11
-0.028475
21
0.017432
31
-0.081120
12
-0.029320
22
0.015615
32
-0.081315
0
3DFACE
62
1
10
-0.021068
20
0.009842
30
-0.075814
11
-0.029320
21
0.015615
31
-0.081315
12
-0.030207
22
0.013812
32
-0.081406
0
3DFACE
62
1
10
-0.021068
20
0.009842
30
-0.075814
11
-0.020597
21
0.010781
31
-0.075782
12
-0.029320
22
0.015615
32
-0.081315
0
3DFACE
62
1
10
-0.021159
20
0.009633
30
-0.075842
11
-0.021068
21
0.009842
31
-0.075814
12
-0.030207
22
0.013812
32
-0.081406
0
3DFACE
62
1
10
-0.021207
20
0.009489
30
-0.075883
11
-0.030207
21
0.013812
31
-0.081406
12
-0.030264
22
0.013660
32
-0.081441
0
3DFACE
62
1
10
-0.021207
20
0.009489
30
-0.075883
11
-0.021159
21
0.009633
31
-0.075842
12
-0.030207
22
0.013812
32
-0.081406
0
3DFACE
62
1
10
-0.021234
20
0.009371
30
-0.075935
11
-0.030264
21
0.013660
31
-0.081441
12
-0.030308
22
0.013508
32
-0.081493
0
3DFACE
62
1
10
-0.021234
20
0.009371
30
-0.075935
11
-0.021207
21
0.009489
31
-0.075883
12
-0.030264
22
0.013660
32
-0.081441
0
3DFACE
62
1
10
-0.021247
20
0.009260
30
-0.076001
11
-0.030308
21
0.013508
31
-0.081493
12
-0.030339
22
0.013359
32
-0.081563
0
3DFACE
62
1
10
-0.021247
20
0.009260
30
-0.076001
11
-0.021234
21
0.009371
31
-0.075935
12
-0.030308
22
0.013508
32
-0.081493
0
3DFACE
62
1
10
-0.021246
20
0.009148
30
-0.076089
11
-0.030354
21
0.013203
31
-0.081661
12
-0.030349
22
0.013030
32
-0.081802
0
3DFACE
62
1
10
-0.021246
20
0.009148
30
-0.076089
11
-0.030339
21
0.013359
31
-0.081563
12
-0.030354
22
0.013203
32
-0.081661
0
3DFACE
62
1
10
-0.021246
20
0.009148
30
-0.076089
11
-0.021247
21
0.009260
31
-0.076001
12
-0.030339
22
0.013359
32
-0.081563
0
3DFACE
62
1
10
-0.021232
20
0.009045
30
-0.076188
11
-0.030349
21
0.013030
31
-0.081802
12
-0.030311
22
0.012843
32
-0.081998
0
3DFACE
62
1
10
-0.021232
20
0.009045
30
-0.076188
11
-0.021246
21
0.009148
31
-0.076089
12
-0.030349
22
0.013030
32
-0.081802
0
3DFACE
62
1
10
-0.021191
20
0.008979
30
-0.076233
11
-0.021232
21
0.009045
31
-0.076188
12
-0.030311
22
0.012843
32
-0.081998
0
3DFACE
62
1
10
-0.019724
20
0.006577
30
-0.079526
11
-0.019742
21
0.006606
31
-0.079442
12
-0.028238
22
0.009449
32
-0.086589
0
3DFACE
62
1
10
-0.019724
20
0.006577
30
-0.079526
11
-0.028153
21
0.009378
31
-0.086714
12
-0.028060
22
0.009322
32
-0.086840
0
3DFACE
62
1
10
-0.019724
20
0.006577
30
-0.079526
11
-0.028238
21
0.009449
31
-0.086589
12
-0.028153
22
0.009378
32
-0.086714
0
3DFACE
62
1
10
-0.019643
20
0.006526
30
-0.079637
11
-0.027927
21
0.009276
31
-0.087002
12
-0.027855
22
0.009266
32
-0.087084
0
3DFACE
62
1
10
-0.019643
20
0.006526
30
-0.079637
11
-0.028060
21
0.009322
31
-0.086840
12
-0.027927
22
0.009276
32
-0.087002
0
3DFACE
62
1
10
-0.019643
20
0.006526
30
-0.079637
11
-0.019724
21
0.006577
31
-0.079526
12
-0.028060
22
0.009322
32
-0.086840
0
3DFACE
62
1
10
-0.019554
20
0.006494
30
-0.079747
11
-0.027855
21
0.009266
31
-0.087084
12
-0.027723
22
0.009273
32
-0.087221
0
3DFACE
62
1
10
-0.019554
20
0.006494
30
-0.079747
11
-0.019643
21
0.006526
31
-0.079637
12
-0.027855
22
0.009266
32
-0.087084
0
3DFACE
62
1
10
-0.019465
20
0.006485
30
-0.079845
11
-0.019554
21
0.006494
31
-0.079747
12
-0.027723
22
0.009273
32
-0.087221
0
3DFACE
62
1
10
-0.019413
20
0.006490
30
-0.079898
11
-0.027723
21
0.009273
31
-0.087221
12
-0.027576
22
0.009313
32
-0.087359
0
3DFACE
62
1
10
-0.019413
20
0.006490
30
-0.079898
11
-0.019465
21
0.006485
31
-0.079845
12
-0.027723
22
0.009273
32
-0.087221
0
3DFACE
62
1
10
-0.019350
20
0.006504
30
-0.079958
11
-0.019413
21
0.006490
31
-0.079898
12
-0.027576
22
0.009313
32
-0.087359
0
3DFACE
62
1
10
-0.019266
20
0.006535
30
-0.080035
11
-0.027576
21
0.009313
31
-0.087359
12
-0.027357
22
0.009421
32
-0.087542
0
3DFACE
62
1
10
-0.019266
20
0.006535
30
-0.080035
11
-0.019350
21
0.006504
31
-0.079958
12
-0.027576
22
0.009313
32
-0.087359
0
3DFACE
62
1
10
-0.019177
20
0.006579
30
-0.080109
11
-0.019266
21
0.006535
31
-0.080035
12
-0.027357
22
0.009421
32
-0.087542
0
3DFACE
62
1
10
-0.019080
20
0.006639
30
-0.080185
11
-0.027357
21
0.009421
31
-0.087542
12
-0.026278
22
0.010157
32
-0.088357
0
3DFACE
62
1
10
-0.019080
20
0.006639
30
-0.080185
11
-0.019177
21
0.006579
31
-0.080109
12
-0.027357
22
0.009421
32
-0.087542
0
3DFACE
62
1
10
-0.018260
20
0.007197
30
-0.080804
11
-0.026278
21
0.010157
31
-0.088357
12
-0.024626
22
0.011132
32
-0.089643
0
3DFACE
62
1
10
-0.018260
20
0.007197
30
-0.080804
11
-0.019080
21
0.006639
31
-0.080185
12
-0.026278
22
0.010157
32
-0.088357
0
3DFACE
62
1
10
-0.017238
20
0.007792
30
-0.081601
11
-0.018260
21
0.007197
31
-0.080804
12
-0.024626
22
0.011132
32
-0.089643
0
3DFACE
62
1
10
-0.019180
20
0.008461
30
-0.079225
11
-0.018522
21
0.009893
31
-0.079240
12
-0.026459
22
0.014133
32
-0.086270
0
3DFACE
62
1
10
-0.019180
20
0.008461
30
-0.079225
11
-0.026459
21
0.014133
31
-0.086270
12
-0.027296
22
0.012302
32
-0.086258
0
3DFACE
62
1
10
-0.019653
20
0.007525
30
-0.079155
11
-0.027296
21
0.012302
31
-0.086258
12
-0.028184
22
0.010500
32
-0.086149
0
3DFACE
62
1
10
-0.019653
20
0.007525
30
-0.079155
11
-0.019180
21
0.008461
31
-0.079225
12
-0.027296
22
0.012302
32
-0.086258
0
3DFACE
62
1
10
-0.019742
20
0.007314
30
-0.079158
11
-0.019653
21
0.007525
31
-0.079155
12
-0.028184
22
0.010500
32
-0.086149
0
3DFACE
62
1
10
-0.019787
20
0.007165
30
-0.079180
11
-0.028184
21
0.010500
31
-0.086149
12
-0.028238
22
0.010344
32
-0.086165
0
3DFACE
62
1
10
-0.019787
20
0.007165
30
-0.079180
11
-0.019742
21
0.007314
31
-0.079158
12
-0.028184
22
0.010500
32
-0.086149
0
3DFACE
62
1
10
-0.019810
20
0.007040
30
-0.079215
11
-0.028238
21
0.010344
31
-0.086165
12
-0.028279
22
0.010185
32
-0.086197
0
3DFACE
62
1
10
-0.019810
20
0.007040
30
-0.079215
11
-0.019787
21
0.007165
31
-0.079180
12
-0.028238
22
0.010344
32
-0.086165
0
3DFACE
62
1
10
-0.019817
20
0.006920
30
-0.079265
11
-0.028279
21
0.010185
31
-0.086197
12
-0.028303
22
0.010027
32
-0.086246
0
3DFACE
62
1
10
-0.019817
20
0.006920
30
-0.079265
11
-0.019810
21
0.007040
31
-0.079215
12
-0.028279
22
0.010185
32
-0.086197
0
3DFACE
62
1
10
-0.019809
20
0.006795
30
-0.079333
11
-0.028310
21
0.009857
31
-0.086319
12
-0.028293
22
0.009665
32
-0.086430
0
3DFACE
62
1
10
-0.019809
20
0.006795
30
-0.079333
11
-0.028303
21
0.010027
31
-0.086246
12
-0.028310
22
0.009857
32
-0.086319
0
3DFACE
62
1
10
-0.019809
20
0.006795
30
-0.079333
11
-0.019817
21
0.006920
31
-0.079265
12
-0.028303
22
0.010027
32
-0.086246
0
3DFACE
62
1
10
-0.019786
20
0.006679
30
-0.079412
11
-0.028293
21
0.009665
31
-0.086430
12
-0.028238
22
0.009449
32
-0.086589
0
3DFACE
62
1
10
-0.019786
20
0.006679
30
-0.079412
11
-0.019809
21
0.006795
31
-0.079333
12
-0.028293
22
0.009665
32
-0.086430
0
3DFACE
62
1
10
-0.019742
20
0.006606
30
-0.079442
11
-0.019786
21
0.006679
31
-0.079412
12
-0.028238
22
0.009449
32
-0.086589
0
3DFACE
62
1
10
-0.017984
20
0.003729
30
-0.082163
11
-0.018009
21
0.003771
31
-0.082087
12
-0.025760
22
0.005393
32
-0.090372
0
3DFACE
62
1
10
-0.017984
20
0.003729
30
-0.082163
11
-0.025664
21
0.005304
31
-0.090475
12
-0.025560
22
0.005230
32
-0.090581
0
3DFACE
62
1
10
-0.017984
20
0.003729
30
-0.082163
11
-0.025760
21
0.005393
31
-0.090372
12
-0.025664
22
0.005304
32
-0.090475
0
3DFACE
62
1
10
-0.017894
20
0.003662
30
-0.082256
11
-0.025413
21
0.005160
31
-0.090720
12
-0.025333
22
0.005138
32
-0.090792
0
3DFACE
62
1
10
-0.017894
20
0.003662
30
-0.082256
11
-0.025560
21
0.005230
31
-0.090581
12
-0.025413
22
0.005160
32
-0.090720
0
3DFACE
62
1
10
-0.017894
20
0.003662
30
-0.082256
11
-0.017984
21
0.003729
31
-0.082163
12
-0.025560
22
0.005230
32
-0.090581
0
3DFACE
62
1
10
-0.017794
20
0.003614
30
-0.082350
11
-0.025333
21
0.005138
31
-0.090792
12
-0.025188
22
0.005124
32
-0.090915
0
3DFACE
62
1
10
-0.017794
20
0.003614
30
-0.082350
11
-0.017894
21
0.003662
31
-0.082256
12
-0.025333
22
0.005138
32
-0.090792
0
3DFACE
62
1
10
-0.017697
20
0.003591
30
-0.082437
11
-0.017794
21
0.003614
31
-0.082350
12
-0.025188
22
0.005124
32
-0.090915
0
3DFACE
62
1
10
-0.017640
20
0.003587
30
-0.082485
11
-0.025188
21
0.005124
31
-0.090915
12
-0.025028
22
0.005143
32
-0.091043
0
3DFACE
62
1
10
-0.017640
20
0.003587
30
-0.082485
11
-0.017697
21
0.003591
31
-0.082437
12
-0.025188
22
0.005124
32
-0.090915
0
3DFACE
62
1
10
-0.017571
20
0.003592
30
-0.082540
11
-0.017640
21
0.003587
31
-0.082485
12
-0.025028
22
0.005143
32
-0.091043
0
3DFACE
62
1
10
-0.017479
20
0.003611
30
-0.082612
11
-0.025028
21
0.005143
31
-0.091043
12
-0.024793
22
0.005222
32
-0.091220
0
3DFACE
62
1
10
-0.017479
20
0.003611
30
-0.082612
11
-0.017571
21
0.003592
31
-0.082540
12
-0.025028
22
0.005143
32
-0.091043
0
3DFACE
62
1
10
-0.017384
20
0.003644
30
-0.082683
11
-0.017479
21
0.003611
31
-0.082612
12
-0.024793
22
0.005222
32
-0.091220
0
3DFACE
62
1
10
-0.017279
20
0.003691
30
-0.082759
11
-0.024793
21
0.005222
31
-0.091220
12
-0.023634
22
0.005831
32
-0.092033
0
3DFACE
62
1
10
-0.017279
20
0.003691
30
-0.082759
11
-0.017384
21
0.003644
31
-0.082683
12
-0.024793
22
0.005222
32
-0.091220
0
3DFACE
62
1
10
-0.016400
20
0.004152
30
-0.083375
11
-0.023634
21
0.005831
31
-0.092033
12
-0.021860
22
0.006604
32
-0.093292
0
3DFACE
62
1
10
-0.016400
20
0.004152
30
-0.083375
11
-0.017279
21
0.003691
31
-0.082759
12
-0.023634
22
0.005831
32
-0.092033
0
3DFACE
62
1
10
-0.015302
20
0.004623
30
-0.084155
11
-0.016400
21
0.004152
31
-0.083375
12
-0.021860
22
0.006604
32
-0.093292
0
3DFACE
62
1
10
-0.017457
20
0.005641
30
-0.082110
11
-0.016789
21
0.007058
31
-0.082286
12
-0.023985
22
0.010083
32
-0.090622
0
3DFACE
62
1
10
-0.017457
20
0.005641
30
-0.082110
11
-0.023985
21
0.010083
31
-0.090622
12
-0.024833
22
0.008270
32
-0.090403
0
3DFACE
62
1
10
-0.017942
20
0.004724
30
-0.081940
11
-0.024833
21
0.008270
31
-0.090403
12
-0.025741
22
0.006501
32
-0.090099
0
3DFACE
62
1
10
-0.017942
20
0.004724
30
-0.081940
11
-0.017457
21
0.005641
31
-0.082110
12
-0.024833
22
0.008270
32
-0.090403
0
3DFACE
62
1
10
-0.018032
20
0.004515
30
-0.081918
11
-0.017942
21
0.004724
31
-0.081940
12
-0.025741
22
0.006501
32
-0.090099
0
3DFACE
62
1
10
-0.018076
20
0.004363
30
-0.081921
11
-0.025741
21
0.006501
31
-0.090099
12
-0.025794
22
0.006344
32
-0.090095
0
3DFACE
62
1
10
-0.018076
20
0.004363
30
-0.081921
11
-0.018032
21
0.004515
31
-0.081918
12
-0.025741
22
0.006501
32
-0.090099
0
3DFACE
62
1
10
-0.018096
20
0.004234
30
-0.081938
11
-0.025794
21
0.006344
31
-0.090095
12
-0.025833
22
0.006182
32
-0.090105
0
3DFACE
62
1
10
-0.018096
20
0.004234
30
-0.081938
11
-0.018076
21
0.004363
31
-0.081921
12
-0.025794
22
0.006344
32
-0.090095
0
3DFACE
62
1
10
-0.018099
20
0.004108
30
-0.081968
11
-0.025833
21
0.006182
31
-0.090105
12
-0.025854
22
0.006018
32
-0.090131
0
3DFACE
62
1
10
-0.018099
20
0.004108
30
-0.081968
11
-0.018096
21
0.004234
31
-0.081938
12
-0.025833
22
0.006182
32
-0.090105
0
3DFACE
62
1
10
-0.018086
20
0.003974
30
-0.082015
11
-0.025855
21
0.005838
31
-0.090177
12
-0.025828
22
0.005631
32
-0.090254
0
3DFACE
62
1
10
-0.018086
20
0.003974
30
-0.082015
11
-0.025854
21
0.006018
31
-0.090131
12
-0.025855
22
0.005838
32
-0.090177
0
3DFACE
62
1
10
-0.018086
20
0.003974
30
-0.082015
11
-0.018099
21
0.004108
31
-0.081968
12
-0.025854
22
0.006018
32
-0.090131
0
3DFACE
62
1
10
-0.018056
20
0.003847
30
-0.082073
11
-0.025828
21
0.005631
31
-0.090254
12
-0.025760
22
0.005393
32
-0.090372
0
3DFACE
62
1
10
-0.018056
20
0.003847
30
-0.082073
11
-0.018086
21
0.003974
31
-0.082015
12
-0.025828
22
0.005631
32
-0.090254
0
3DFACE
62
1
10
-0.018009
20
0.003771
30
-0.082087
11
-0.018056
21
0.003847
31
-0.082073
12
-0.025760
22
0.005393
32
-0.090372
0
3DFACE
62
1
10
-0.016021
20
0.000516
30
-0.084142
11
-0.016053
21
0.000569
31
-0.084075
12
-0.022962
22
0.000814
32
-0.093216
0
3DFACE
62
1
10
-0.016021
20
0.000516
30
-0.084142
11
-0.022858
21
0.000710
31
-0.093295
12
-0.022744
22
0.000621
32
-0.093377
0
3DFACE
62
1
10
-0.016021
20
0.000516
30
-0.084142
11
-0.022962
21
0.000814
31
-0.093216
12
-0.022858
22
0.000710
32
-0.093295
0
3DFACE
62
1
10
-0.015923
20
0.000436
30
-0.084213
11
-0.022585
21
0.000531
31
-0.093489
12
-0.022499
22
0.000499
32
-0.093548
0
3DFACE
62
1
10
-0.015923
20
0.000436
30
-0.084213
11
-0.022744
21
0.000621
31
-0.093377
12
-0.022585
22
0.000531
32
-0.093489
0
3DFACE
62
1
10
-0.015923
20
0.000436
30
-0.084213
11
-0.016021
21
0.000516
31
-0.084142
12
-0.022744
22
0.000621
32
-0.093377
0
3DFACE
62
1
10
-0.015815
20
0.000374
30
-0.084289
11
-0.022499
21
0.000499
31
-0.093548
12
-0.022343
22
0.000467
32
-0.093654
0
3DFACE
62
1
10
-0.015815
20
0.000374
30
-0.084289
11
-0.015923
21
0.000436
31
-0.084213
12
-0.022499
22
0.000499
32
-0.093548
0
3DFACE
62
1
10
-0.015710
20
0.000339
30
-0.084361
11
-0.015815
21
0.000374
31
-0.084289
12
-0.022343
22
0.000467
32
-0.093654
0
3DFACE
62
1
10
-0.015649
20
0.000328
30
-0.084402
11
-0.022343
21
0.000467
31
-0.093654
12
-0.022171
22
0.000467
32
-0.093767
0
3DFACE
62
1
10
-0.015649
20
0.000328
30
-0.084402
11
-0.015710
21
0.000339
31
-0.084361
12
-0.022343
22
0.000467
32
-0.093654
0
3DFACE
62
1
10
-0.015575
20
0.000324
30
-0.084451
11
-0.015649
21
0.000328
31
-0.084402
12
-0.022171
22
0.000467
32
-0.093767
0
3DFACE
62
1
10
-0.015477
20
0.000333
30
-0.084516
11
-0.022171
21
0.000467
31
-0.093767
12
-0.021919
22
0.000519
32
-0.093930
0
3DFACE
62
1
10
-0.015477
20
0.000333
30
-0.084516
11
-0.015575
21
0.000324
31
-0.084451
12
-0.022171
22
0.000467
32
-0.093767
0
3DFACE
62
1
10
-0.015374
20
0.000355
30
-0.084582
11
-0.015477
21
0.000333
31
-0.084516
12
-0.021919
22
0.000519
32
-0.093930
0
3DFACE
62
1
10
-0.015263
20
0.000391
30
-0.084654
11
-0.021919
21
0.000519
31
-0.093930
12
-0.020684
22
0.001001
32
-0.094714
0
3DFACE
62
1
10
-0.015263
20
0.000391
30
-0.084654
11
-0.015374
21
0.000355
31
-0.084582
12
-0.021919
22
0.000519
32
-0.093930
0
3DFACE
62
1
10
-0.014325
20
0.000755
30
-0.085248
11
-0.020684
21
0.001001
31
-0.094714
12
-0.018791
22
0.001581
32
-0.095903
0
3DFACE
62
1
10
-0.014325
20
0.000755
30
-0.085248
11
-0.015263
21
0.000391
31
-0.084654
12
-0.020684
22
0.001001
32
-0.094714
0
3DFACE
62
1
10
-0.013154
20
0.001107
30
-0.085983
11
-0.014325
21
0.000755
31
-0.085248
12
-0.018791
22
0.001581
32
-0.095903
0
3DFACE
62
1
10
-0.015487
20
0.002417
30
-0.084339
11
-0.014795
21
0.003794
31
-0.084670
12
-0.021136
22
0.005419
32
-0.094027
0
3DFACE
62
1
10
-0.015487
20
0.002417
30
-0.084339
11
-0.021136
21
0.005419
31
-0.094027
12
-0.022015
22
0.003657
32
-0.093609
0
3DFACE
62
1
10
-0.015993
20
0.001534
30
-0.084074
11
-0.022015
21
0.003657
31
-0.093609
12
-0.022961
22
0.001950
32
-0.093120
0
3DFACE
62
1
10
-0.015993
20
0.001534
30
-0.084074
11
-0.015487
21
0.002417
31
-0.084339
12
-0.022015
22
0.003657
32
-0.093609
0
3DFACE
62
1
10
-0.016086
20
0.001330
30
-0.084028
11
-0.015993
21
0.001534
31
-0.084074
12
-0.022961
22
0.001950
32
-0.093120
0
3DFACE
62
1
10
-0.016131
20
0.001179
30
-0.084012
11
-0.022961
21
0.001950
31
-0.093120
12
-0.023015
22
0.001795
32
-0.093097
0
3DFACE
62
1
10
-0.016131
20
0.001179
30
-0.084012
11
-0.016086
21
0.001330
31
-0.084028
12
-0.022961
22
0.001950
32
-0.093120
0
3DFACE
62
1
10
-0.016150
20
0.001049
30
-0.084010
11
-0.023015
21
0.001795
31
-0.093097
12
-0.023054
22
0.001633
32
-0.093085
0
3DFACE
62
1
10
-0.016150
20
0.001049
30
-0.084010
11
-0.016131
21
0.001179
31
-0.084012
12
-0.023015
22
0.001795
32
-0.093097
0
3DFACE
62
1
10
-0.016152
20
0.000920
30
-0.084021
11
-0.023054
21
0.001633
31
-0.093085
12
-0.023074
22
0.001468
32
-0.093086
0
3DFACE
62
1
10
-0.016152
20
0.000920
30
-0.084021
11
-0.016150
21
0.001049
31
-0.084010
12
-0.023054
22
0.001633
32
-0.093085
0
3DFACE
62
1
10
-0.016135
20
0.000781
30
-0.084044
11
-0.023072
21
0.001283
31
-0.093104
12
-0.023040
22
0.001067
32
-0.093144
0
3DFACE
62
1
10
-0.016135
20
0.000781
30
-0.084044
11
-0.023074
21
0.001468
31
-0.093086
12
-0.023072
22
0.001283
32
-0.093104
0
3DFACE
62
1
10
-0.016135
20
0.000781
30
-0.084044
11
-0.016152
21
0.000920
31
-0.084021
12
-0.023074
22
0.001468
32
-0.093086
0
3DFACE
62
1
10
-0.016100
20
0.000646
30
-0.084078
11
-0.023040
21
0.001067
31
-0.093144
12
-0.022962
22
0.000814
32
-0.093216
0
3DFACE
62
1
10
-0.016100
20
0.000646
30
-0.084078
11
-0.016135
21
0.000781
31
-0.084044
12
-0.023040
22
0.001067
32
-0.093144
0
3DFACE
62
1
10
-0.016053
20
0.000569
30
-0.084075
11
-0.016100
21
0.000646
31
-0.084078
12
-0.022962
22
0.000814
32
-0.093216
0
3DFACE
62
1
10
-0.013902
20
-0.002952
30
-0.085394
11
-0.013940
21
-0.002890
31
-0.085341
12
-0.019940
22
-0.004134
32
-0.095026
0
3DFACE
62
1
10
-0.013902
20
-0.002952
30
-0.085394
11
-0.019829
21
-0.004248
31
-0.095077
12
-0.019709
22
-0.004348
32
-0.095133
0
3DFACE
62
1
10
-0.013902
20
-0.002952
30
-0.085394
11
-0.019940
21
-0.004134
31
-0.095026
12
-0.019829
22
-0.004248
32
-0.095077
0
3DFACE
62
1
10
-0.013798
20
-0.003042
30
-0.085443
11
-0.019540
21
-0.004453
31
-0.095214
12
-0.019449
22
-0.004494
32
-0.095259
0
3DFACE
62
1
10
-0.013798
20
-0.003042
30
-0.085443
11
-0.019709
21
-0.004348
31
-0.095133
12
-0.019540
22
-0.004453
32
-0.095214
0
3DFACE
62
1
10
-0.013798
20
-0.003042
30
-0.085443
11
-0.013902
21
-0.002952
31
-0.085394
12
-0.019709
22
-0.004348
32
-0.095133
0
3DFACE
62
1
10
-0.013684
20
-0.003114
30
-0.085498
11
-0.019449
21
-0.004494
31
-0.095259
12
-0.019284
22
-0.004540
32
-0.095342
0
3DFACE
62
1
10
-0.013684
20
-0.003114
30
-0.085498
11
-0.013798
21
-0.003042
31
-0.085443
12
-0.019449
22
-0.004494
32
-0.095259
0
3DFACE
62
1
10
-0.013573
20
-0.003160
30
-0.085553
11
-0.013684
21
-0.003114
31
-0.085498
12
-0.019284
22
-0.004540
32
-0.095342
0
3DFACE
62
1
10
-0.013508
20
-0.003176
30
-0.085586
11
-0.019284
21
-0.004540
31
-0.095342
12
-0.019102
22
-0.004557
32
-0.095437
0
3DFACE
62
1
10
-0.013508
20
-0.003176
30
-0.085586
11
-0.013573
21
-0.003160
31
-0.085553
12
-0.019284
22
-0.004540
32
-0.095342
0
3DFACE
62
1
10
-0.013430
20
-0.003187
30
-0.085626
11
-0.013508
21
-0.003176
31
-0.085586
12
-0.019102
22
-0.004557
32
-0.095437
0
3DFACE
62
1
10
-0.013326
20
-0.003188
30
-0.085681
11
-0.019102
21
-0.004557
31
-0.095437
12
-0.018835
22
-0.004529
32
-0.095582
0
3DFACE
62
1
10
-0.013326
20
-0.003188
30
-0.085681
11
-0.013430
21
-0.003187
31
-0.085626
12
-0.019102
22
-0.004557
32
-0.095437
0
3DFACE
62
1
10
-0.013218
20
-0.003176
30
-0.085740
11
-0.013326
21
-0.003188
31
-0.085681
12
-0.018835
22
-0.004529
32
-0.095582
0
3DFACE
62
1
10
-0.013099
20
-0.003151
30
-0.085805
11
-0.018835
21
-0.004529
31
-0.095582
12
-0.017527
22
-0.004166
32
-0.096309
0
3DFACE
62
1
10
-0.013099
20
-0.003151
30
-0.085805
11
-0.013218
21
-0.003176
31
-0.085740
12
-0.018835
22
-0.004529
32
-0.095582
0
3DFACE
62
1
10
-0.012106
20
-0.002877
30
-0.086357
11
-0.017527
21
-0.004166
31
-0.096309
12
-0.015524
22
-0.003766
32
-0.097388
0
3DFACE
62
1
10
-0.012106
20
-0.002877
30
-0.086357
11
-0.013099
21
-0.003151
31
-0.085805
12
-0.017527
22
-0.004166
32
-0.096309
0
3DFACE
62
1
10
-0.010867
20
-0.002636
30
-0.087022
11
-0.012106
21
-0.002877
31
-0.086357
12
-0.015524
22
-0.003766
32
-0.097388
0
3DFACE
62
1
10
-0.013337
20
-0.001102
30
-0.085835
11
-0.012606
21
0.000211
31
-0.086310
12
-0.018009
22
0.000301
32
-0.096371
0
3DFACE
62
1
10
-0.013337
20
-0.001102
30
-0.085835
11
-0.018009
21
0.000301
31
-0.096371
12
-0.018937
22
-0.001381
32
-0.095768
0
3DFACE
62
1
10
-0.013873
20
-0.001936
30
-0.085485
11
-0.018937
21
-0.001381
31
-0.095768
12
-0.019939
22
-0.002996
32
-0.095109
0
3DFACE
62
1
10
-0.013873
20
-0.001936
30
-0.085485
11
-0.013337
21
-0.001102
31
-0.085835
12
-0.018937
22
-0.001381
32
-0.095768
0
3DFACE
62
1
10
-0.013972
20
-0.002132
30
-0.085417
11
-0.013873
21
-0.001936
31
-0.085485
12
-0.019939
22
-0.002996
32
-0.095109
0
3DFACE
62
1
10
-0.014019
20
-0.002278
30
-0.085381
11
-0.019939
21
-0.002996
31
-0.095109
12
-0.019996
22
-0.003146
32
-0.095068
0
3DFACE
62
1
10
-0.014019
20
-0.002278
30
-0.085381
11
-0.013972
21
-0.002132
31
-0.085417
12
-0.019939
22
-0.002996
32
-0.095109
0
3DFACE
62
1
10
-0.014039
20
-0.002406
30
-0.085361
11
-0.019996
21
-0.003146
31
-0.095068
12
-0.020037
22
-0.003305
32
-0.095034
0
3DFACE
62
1
10
-0.014039
20
-0.002406
30
-0.085361
11
-0.014019
21
-0.002278
31
-0.085381
12
-0.019996
22
-0.003146
32
-0.095068
0
3DFACE
62
1
10
-0.014041
20
-0.002536
30
-0.085351
11
-0.020037
21
-0.003305
31
-0.095034
12
-0.020058
22
-0.003469
32
-0.095011
0
3DFACE
62
1
10
-0.014041
20
-0.002536
30
-0.085351
11
-0.014039
21
-0.002406
31
-0.085361
12
-0.020037
22
-0.003305
32
-0.095034
0
3DFACE
62
1
10
-0.014022
20
-0.002677
30
-0.085351
11
-0.020056
21
-0.003654
31
-0.095000
12
-0.020022
22
-0.003873
32
-0.095002
0
3DFACE
62
1
10
-0.014022
20
-0.002677
30
-0.085351
11
-0.020058
21
-0.003469
31
-0.095011
12
-0.020056
22
-0.003654
32
-0.095000
0
3DFACE
62
1
10
-0.014022
20
-0.002677
30
-0.085351
11
-0.014041
21
-0.002536
31
-0.085351
12
-0.020058
22
-0.003469
32
-0.095011
0
3DFACE
62
1
10
-0.013986
20
-0.002815
30
-0.085360
11
-0.020022
21
-0.003873
31
-0.095002
12
-0.019940
22
-0.004134
32
-0.095026
0
3DFACE
62
1
10
-0.013986
20
-0.002815
30
-0.085360
11
-0.014022
21
-0.002677
31
-0.085351
12
-0.020022
22
-0.003873
32
-0.095002
0
3DFACE
62
1
10
-0.013940
20
-0.002890
30
-0.085341
11
-0.013986
21
-0.002815
31
-0.085360
12
-0.019940
22
-0.004134
32
-0.095026
0
3DFACE
62
1
10
-0.011699
20
-0.006558
30
-0.085879
11
-0.011742
21
-0.006489
31
-0.085840
12
-0.016795
22
-0.009281
32
-0.095740
0
3DFACE
62
1
10
-0.011699
20
-0.006558
30
-0.085879
11
-0.016681
21
-0.009401
31
-0.095761
12
-0.016557
22
-0.009508
32
-0.095789
0
3DFACE
62
1
10
-0.011699
20
-0.006558
30
-0.085879
11
-0.016795
21
-0.009281
31
-0.095740
12
-0.016681
22
-0.009401
32
-0.095761
0
3DFACE
62
1
10
-0.011592
20
-0.006654
30
-0.085903
11
-0.016382
21
-0.009623
31
-0.095836
12
-0.016287
22
-0.009669
32
-0.095865
0
3DFACE
62
1
10
-0.011592
20
-0.006654
30
-0.085903
11
-0.016557
21
-0.009508
31
-0.095789
12
-0.016382
22
-0.009623
32
-0.095836
0
3DFACE
62
1
10
-0.011592
20
-0.006654
30
-0.085903
11
-0.011699
21
-0.006558
31
-0.085879
12
-0.016557
22
-0.009508
32
-0.095789
0
3DFACE
62
1
10
-0.011473
20
-0.006733
30
-0.085934
11
-0.016287
21
-0.009669
31
-0.095865
12
-0.016115
22
-0.009727
32
-0.095924
0
3DFACE
62
1
10
-0.011473
20
-0.006733
30
-0.085934
11
-0.011592
21
-0.006654
31
-0.085903
12
-0.016287
22
-0.009669
32
-0.095865
0
3DFACE
62
1
10
-0.011358
20
-0.006786
30
-0.085971
11
-0.011473
21
-0.006733
31
-0.085934
12
-0.016115
22
-0.009727
32
-0.095924
0
3DFACE
62
1
10
-0.011290
20
-0.006806
30
-0.085994
11
-0.016115
21
-0.009727
31
-0.095924
12
-0.015925
22
-0.009757
32
-0.095998
0
3DFACE
62
1
10
-0.011290
20
-0.006806
30
-0.085994
11
-0.011358
21
-0.006786
31
-0.085971
12
-0.016115
22
-0.009727
32
-0.095924
0
3DFACE
62
1
10
-0.011209
20
-0.006823
30
-0.086025
11
-0.011290
21
-0.006806
31
-0.085994
12
-0.015925
22
-0.009757
32
-0.095998
0
3DFACE
62
1
10
-0.011100
20
-0.006832
30
-0.086069
11
-0.015925
21
-0.009757
31
-0.095998
12
-0.015646
22
-0.009750
32
-0.096118
0
3DFACE
62
1
10
-0.011100
20
-0.006832
30
-0.086069
11
-0.011209
21
-0.006823
31
-0.086025
12
-0.015925
22
-0.009757
32
-0.095998
0
3DFACE
62
1
10
-0.010986
20
-0.006828
30
-0.086118
11
-0.011100
21
-0.006832
31
-0.086069
12
-0.015646
22
-0.009750
32
-0.096118
0
3DFACE
62
1
10
-0.010862
20
-0.006813
30
-0.086175
11
-0.015646
21
-0.009750
31
-0.096118
12
-0.014271
22
-0.009496
32
-0.096765
0
3DFACE
62
1
10
-0.010862
20
-0.006813
30
-0.086175
11
-0.010986
21
-0.006828
31
-0.086118
12
-0.015646
22
-0.009750
32
-0.096118
0
3DFACE
62
1
10
-0.009819
20
-0.006621
30
-0.086665
11
-0.014271
21
-0.009496
31
-0.096765
12
-0.012171
22
-0.009255
32
-0.097696
0
3DFACE
62
1
10
-0.009819
20
-0.006621
30
-0.086665
11
-0.010862
21
-0.006813
31
-0.086175
12
-0.014271
22
-0.009496
32
-0.096765
0
3DFACE
62
1
10
-0.008520
20
-0.006478
30
-0.087238
11
-0.009819
21
-0.006621
31
-0.086665
12
-0.012171
22
-0.009255
32
-0.097696
0
3DFACE
62
1
10
-0.011081
20
-0.004796
30
-0.086548
11
-0.010298
21
-0.003568
31
-0.087151
12
-0.014711
22
-0.005097
32
-0.097572
0
3DFACE
62
1
10
-0.011081
20
-0.004796
30
-0.086548
11
-0.014711
21
-0.005097
31
-0.097572
12
-0.015705
22
-0.006671
32
-0.096804
0
3DFACE
62
1
10
-0.011654
20
-0.005569
30
-0.086124
11
-0.015705
21
-0.006671
31
-0.096804
12
-0.016778
22
-0.008171
32
-0.096000
0
3DFACE
62
1
10
-0.011654
20
-0.005569
30
-0.086124
11
-0.011081
21
-0.004796
31
-0.086548
12
-0.015705
22
-0.006671
32
-0.096804
0
3DFACE
62
1
10
-0.011760
20
-0.005752
30
-0.086037
11
-0.011654
21
-0.005569
31
-0.086124
12
-0.016778
22
-0.008171
32
-0.096000
0
3DFACE
62
1
10
-0.011811
20
-0.005891
30
-0.085983
11
-0.016778
21
-0.008171
31
-0.096000
12
-0.016840
22
-0.008313
32
-0.095941
0
3DFACE
62
1
10
-0.011811
20
-0.005891
30
-0.085983
11
-0.011760
21
-0.005752
31
-0.086037
12
-0.016778
22
-0.008171
32
-0.096000
0
3DFACE
62
1
10
-0.011835
20
-0.006015
30
-0.085945
11
-0.016840
21
-0.008313
31
-0.095941
12
-0.016885
22
-0.008464
32
-0.095887
0
3DFACE
62
1
10
-0.011835
20
-0.006015
30
-0.085945
11
-0.011811
21
-0.005891
31
-0.085983
12
-0.016840
22
-0.008313
32
-0.095941
0
3DFACE
62
1
10
-0.011838
20
-0.006141
30
-0.085915
11
-0.016885
21
-0.008464
31
-0.095887
12
-0.016910
22
-0.008623
32
-0.095841
0
3DFACE
62
1
10
-0.011838
20
-0.006141
30
-0.085915
11
-0.011835
21
-0.006015
31
-0.085945
12
-0.016885
22
-0.008464
32
-0.095887
0
3DFACE
62
1
10
-0.011821
20
-0.006280
30
-0.085891
11
-0.016910
21
-0.008804
31
-0.095800
12
-0.016877
22
-0.009021
32
-0.095765
0
3DFACE
62
1
10
-0.011821
20
-0.006280
30
-0.085891
11
-0.016910
21
-0.008623
31
-0.095841
12
-0.016910
22
-0.008804
32
-0.095800
0
3DFACE
62
1
10
-0.011821
20
-0.006280
30
-0.085891
11
-0.011838
21
-0.006141
31
-0.085915
12
-0.016910
22
-0.008623
32
-0.095841
0
3DFACE
62
1
10
-0.011785
20
-0.006418
30
-0.085875
11
-0.016877
21
-0.009021
31
-0.095765
12
-0.016795
22
-0.009281
32
-0.095740
0
3DFACE
62
1
10
-0.011785
20
-0.006418
30
-0.085875
11
-0.011821
21
-0.006280
31
-0.085891
12
-0.016877
22
-0.009021
32
-0.095765
0
3DFACE
62
1
10
-0.011742
20
-0.006489
30
-0.085840
11
-0.011785
21
-0.006418
31
-0.085875
12
-0.016795
22
-0.009281
32
-0.095740
0
3DFACE
62
1
10
-0.009487
20
-0.010179
30
-0.085579
11
-0.009533
21
-0.010104
31
-0.085555
12
-0.013636
22
-0.014453
32
-0.095333
0
3DFACE
62
1
10
-0.009487
20
-0.010179
30
-0.085579
11
-0.013521
21
-0.014573
31
-0.095325
12
-0.013395
22
-0.014683
32
-0.095323
0
3DFACE
62
1
10
-0.009487
20
-0.010179
30
-0.085579
11
-0.013636
21
-0.014453
31
-0.095333
12
-0.013521
22
-0.014573
32
-0.095325
0
3DFACE
62
1
10
-0.009379
20
-0.010276
30
-0.085577
11
-0.013218
21
-0.014802
31
-0.095335
12
-0.013121
22
-0.014852
32
-0.095347
0
3DFACE
62
1
10
-0.009379
20
-0.010276
30
-0.085577
11
-0.013395
21
-0.014683
31
-0.095323
12
-0.013218
22
-0.014802
32
-0.095335
0
3DFACE
62
1
10
-0.009379
20
-0.010276
30
-0.085577
11
-0.009487
21
-0.010179
31
-0.085579
12
-0.013395
22
-0.014683
32
-0.095323
0
3DFACE
62
1
10
-0.009258
20
-0.010358
30
-0.085584
11
-0.013121
21
-0.014852
31
-0.095347
12
-0.012945
22
-0.014917
32
-0.095379
0
3DFACE
62
1
10
-0.009258
20
-0.010358
30
-0.085584
11
-0.009379
21
-0.010276
31
-0.085577
12
-0.013121
22
-0.014852
32
-0.095347
0
3DFACE
62
1
10
-0.009141
20
-0.010415
30
-0.085601
11
-0.009258
21
-0.010358
31
-0.085584
12
-0.012945
22
-0.014917
32
-0.095379
0
3DFACE
62
1
10
-0.009071
20
-0.010439
30
-0.085614
11
-0.012945
21
-0.014917
31
-0.095379
12
-0.012749
22
-0.014956
32
-0.095429
0
3DFACE
62
1
10
-0.009071
20
-0.010439
30
-0.085614
11
-0.009141
21
-0.010415
31
-0.085601
12
-0.012945
22
-0.014917
32
-0.095379
0
3DFACE
62
1
10
-0.008988
20
-0.010459
30
-0.085634
11
-0.009071
21
-0.010439
31
-0.085614
12
-0.012749
22
-0.014956
32
-0.095429
0
3DFACE
62
1
10
-0.008875
20
-0.010474
30
-0.085666
11
-0.012749
21
-0.014956
31
-0.095429
12
-0.012459
22
-0.014967
32
-0.095522
0
3DFACE
62
1
10
-0.008875
20
-0.010474
30
-0.085666
11
-0.008988
21
-0.010459
31
-0.085634
12
-0.012749
22
-0.014956
32
-0.095429
0
3DFACE
62
1
10
-0.008757
20
-0.010478
30
-0.085704
11
-0.008875
21
-0.010474
31
-0.085666
12
-0.012459
22
-0.014967
32
-0.095522
0
3DFACE
62
1
10
-0.008628
20
-0.010470
30
-0.085750
11
-0.012459
21
-0.014967
31
-0.095522
12
-0.011027
22
-0.014807
32
-0.096065
0
3DFACE
62
1
10
-0.008628
20
-0.010470
30
-0.085750
11
-0.008757
21
-0.010478
31
-0.085704
12
-0.012459
22
-0.014967
32
-0.095522
0
3DFACE
62
1
10
-0.007541
20
-0.010350
30
-0.086161
11
-0.011027
21
-0.014807
31
-0.096065
12
-0.008846
22
-0.014698
32
-0.096817
0
3DFACE
62
1
10
-0.007541
20
-0.010350
30
-0.086161
11
-0.008628
21
-0.010470
31
-0.085750
12
-0.011027
22
-0.014807
32
-0.096065
0
3DFACE
62
1
10
-0.006192
20
-0.010289
30
-0.086623
11
-0.007541
21
-0.010350
31
-0.086161
12
-0.008846
22
-0.014698
32
-0.096817
0
3DFACE
62
1
10
-0.008794
20
-0.008539
30
-0.086454
11
-0.007948
21
-0.007415
31
-0.087164
12
-0.011354
22
-0.010592
32
-0.097591
0
3DFACE
62
1
10
-0.008794
20
-0.008539
30
-0.086454
11
-0.011354
21
-0.010592
31
-0.097591
12
-0.012429
22
-0.012033
32
-0.096685
0
3DFACE
62
1
10
-0.009411
20
-0.009240
30
-0.085971
11
-0.012429
21
-0.012033
31
-0.096685
12
-0.013585
22
-0.013397
32
-0.095761
0
3DFACE
62
1
10
-0.009411
20
-0.009240
30
-0.085971
11
-0.008794
21
-0.008539
31
-0.086454
12
-0.012429
22
-0.012033
32
-0.096685
0
3DFACE
62
1
10
-0.009527
20
-0.009408
30
-0.085866
11
-0.009411
21
-0.009240
31
-0.085971
12
-0.013585
22
-0.013397
32
-0.095761
0
3DFACE
62
1
10
-0.009584
20
-0.009537
30
-0.085797
11
-0.013585
21
-0.013397
31
-0.095761
12
-0.013654
22
-0.013528
32
-0.095687
0
3DFACE
62
1
10
-0.009584
20
-0.009537
30
-0.085797
11
-0.009527
21
-0.009408
31
-0.085866
12
-0.013585
22
-0.013397
32
-0.095761
0
3DFACE
62
1
10
-0.009612
20
-0.009654
30
-0.085742
11
-0.013654
21
-0.013528
31
-0.095687
12
-0.013705
22
-0.013670
32
-0.095615
0
3DFACE
62
1
10
-0.009612
20
-0.009654
30
-0.085742
11
-0.009584
21
-0.009537
31
-0.085797
12
-0.013654
22
-0.013528
32
-0.095687
0
3DFACE
62
1
10
-0.009619
20
-0.009773
30
-0.085694
11
-0.013705
21
-0.013670
31
-0.095615
12
-0.013735
22
-0.013819
32
-0.095547
0
3DFACE
62
1
10
-0.009619
20
-0.009773
30
-0.085694
11
-0.009612
21
-0.009654
31
-0.085742
12
-0.013705
22
-0.013670
32
-0.095615
0
3DFACE
62
1
10
-0.009605
20
-0.009907
30
-0.085646
11
-0.013741
21
-0.013992
31
-0.095478
12
-0.013713
22
-0.014200
32
-0.095407
0
3DFACE
62
1
10
-0.009605
20
-0.009907
30
-0.085646
11
-0.013735
21
-0.013819
31
-0.095547
12
-0.013741
22
-0.013992
32
-0.095478
0
3DFACE
62
1
10
-0.009605
20
-0.009907
30
-0.085646
11
-0.009619
21
-0.009773
31
-0.085694
12
-0.013735
22
-0.013819
32
-0.095547
0
3DFACE
62
1
10
-0.009572
20
-0.010040
30
-0.085605
11
-0.013713
21
-0.014200
31
-0.095407
12
-0.013636
22
-0.014453
32
-0.095333
0
3DFACE
62
1
10
-0.009572
20
-0.010040
30
-0.085605
11
-0.009605
21
-0.009907
31
-0.085646
12
-0.013713
22
-0.014200
32
-0.095407
0
3DFACE
62
1
10
-0.009533
20
-0.010104
30
-0.085555
11
-0.009572
21
-0.010040
31
-0.085605
12
-0.013636
22
-0.014453
32
-0.095333
0
3DFACE
62
1
10
-0.007342
20
-0.013691
30
-0.084505
11
-0.007389
21
-0.013614
31
-0.084497
12
-0.010569
22
-0.019473
32
-0.093820
0
3DFACE
62
1
10
-0.007342
20
-0.013691
30
-0.084505
11
-0.010456
21
-0.019589
31
-0.093781
12
-0.010332
22
-0.019696
32
-0.093751
0
3DFACE
62
1
10
-0.007342
20
-0.013691
30
-0.084505
11
-0.010569
21
-0.019473
31
-0.093820
12
-0.010456
22
-0.019589
32
-0.093781
0
3DFACE
62
1
10
-0.007235
20
-0.013786
30
-0.084477
11
-0.010156
21
-0.019815
31
-0.093726
12
-0.010058
22
-0.019865
32
-0.093721
0
3DFACE
62
1
10
-0.007235
20
-0.013786
30
-0.084477
11
-0.010332
21
-0.019696
31
-0.093751
12
-0.010156
22
-0.019815
32
-0.093726
0
3DFACE
62
1
10
-0.007235
20
-0.013786
30
-0.084477
11
-0.007342
21
-0.013691
31
-0.084505
12
-0.010332
22
-0.019696
32
-0.093751
0
3DFACE
62
1
10
-0.007115
20
-0.013867
30
-0.084460
11
-0.010058
21
-0.019865
31
-0.093721
12
-0.009880
22
-0.019933
32
-0.093726
0
3DFACE
62
1
10
-0.007115
20
-0.013867
30
-0.084460
11
-0.007235
21
-0.013786
31
-0.084477
12
-0.010058
22
-0.019865
32
-0.093721
0
3DFACE
62
1
10
-0.006996
20
-0.013925
30
-0.084456
11
-0.007115
21
-0.013867
31
-0.084460
12
-0.009880
22
-0.019933
32
-0.093726
0
3DFACE
62
1
10
-0.006926
20
-0.013950
30
-0.084459
11
-0.009880
21
-0.019933
31
-0.093726
12
-0.009681
22
-0.019978
32
-0.093750
0
3DFACE
62
1
10
-0.006926
20
-0.013950
30
-0.084459
11
-0.006996
21
-0.013925
31
-0.084456
12
-0.009880
22
-0.019933
32
-0.093726
0
3DFACE
62
1
10
-0.006841
20
-0.013972
30
-0.084467
11
-0.006926
21
-0.013950
31
-0.084459
12
-0.009681
22
-0.019978
32
-0.093750
0
3DFACE
62
1
10
-0.006726
20
-0.013991
30
-0.084485
11
-0.009681
21
-0.019978
31
-0.093750
12
-0.009383
22
-0.020001
32
-0.093812
0
3DFACE
62
1
10
-0.006726
20
-0.013991
30
-0.084485
11
-0.006841
21
-0.013972
31
-0.084467
12
-0.009681
22
-0.019978
32
-0.093750
0
3DFACE
62
1
10
-0.006605
20
-0.014000
30
-0.084510
11
-0.006726
21
-0.013991
31
-0.084485
12
-0.009383
22
-0.020001
32
-0.093812
0
3DFACE
62
1
10
-0.006472
20
-0.013999
30
-0.084545
11
-0.009383
21
-0.020001
31
-0.093812
12
-0.007905
22
-0.019917
32
-0.094234
0
3DFACE
62
1
10
-0.006472
20
-0.013999
30
-0.084545
11
-0.006605
21
-0.014000
31
-0.084510
12
-0.009383
22
-0.020001
32
-0.093812
0
3DFACE
62
1
10
-0.005350
20
-0.013936
30
-0.084864
11
-0.007905
21
-0.019917
31
-0.094234
12
-0.005661
22
-0.019911
32
-0.094781
0
3DFACE
62
1
10
-0.005350
20
-0.013936
30
-0.084864
11
-0.006472
21
-0.013999
31
-0.084545
12
-0.007905
22
-0.019917
32
-0.094234
0
3DFACE
62
1
10
-0.003963
20
-0.013938
30
-0.085198
11
-0.005350
21
-0.013936
31
-0.084864
12
-0.005661
22
-0.019911
32
-0.094781
0
3DFACE
62
1
10
-0.006556
20
-0.012203
30
-0.085555
11
-0.005637
21
-0.011198
31
-0.086349
12
-0.008052
22
-0.015997
32
-0.096426
0
3DFACE
62
1
10
-0.006556
20
-0.012203
30
-0.085555
11
-0.008052
21
-0.015997
31
-0.096426
12
-0.009220
22
-0.017286
32
-0.095412
0
3DFACE
62
1
10
-0.007221
20
-0.012824
30
-0.085030
11
-0.009220
21
-0.017286
31
-0.095412
12
-0.010469
22
-0.018496
32
-0.094402
0
3DFACE
62
1
10
-0.007221
20
-0.012824
30
-0.085030
11
-0.006556
21
-0.012203
31
-0.085555
12
-0.009220
22
-0.017286
32
-0.095412
0
3DFACE
62
1
10
-0.007348
20
-0.012974
30
-0.084912
11
-0.007221
21
-0.012824
31
-0.085030
12
-0.010469
22
-0.018496
32
-0.094402
0
3DFACE
62
1
10
-0.007412
20
-0.013092
30
-0.084829
11
-0.010469
21
-0.018496
31
-0.094402
12
-0.010546
22
-0.018615
32
-0.094314
0
3DFACE
62
1
10
-0.007412
20
-0.013092
30
-0.084829
11
-0.007348
21
-0.012974
31
-0.084912
12
-0.010469
22
-0.018496
32
-0.094402
0
3DFACE
62
1
10
-0.007446
20
-0.013199
30
-0.084759
11
-0.010546
21
-0.018615
31
-0.094314
12
-0.010605
22
-0.018744
32
-0.094226
0
3DFACE
62
1
10
-0.007446
20
-0.013199
30
-0.084759
11
-0.007412
21
-0.013092
31
-0.084829
12
-0.010546
22
-0.018615
32
-0.094314
0
3DFACE
62
1
10
-0.007459
20
-0.013309
30
-0.084693
11
-0.010605
21
-0.018744
31
-0.094226
12
-0.010643
22
-0.018881
32
-0.094139
0
3DFACE
62
1
10
-0.007459
20
-0.013309
30
-0.084693
11
-0.007446
21
-0.013199
31
-0.084759
12
-0.010605
22
-0.018744
32
-0.094226
0
3DFACE
62
1
10
-0.007451
20
-0.013434
30
-0.084625
11
-0.010656
21
-0.019041
31
-0.094045
12
-0.010637
22
-0.019235
32
-0.093939
0
3DFACE
62
1
10
-0.007451
20
-0.013434
30
-0.084625
11
-0.010643
21
-0.018881
31
-0.094139
12
-0.010656
22
-0.019041
32
-0.094045
0
3DFACE
62
1
10
-0.007451
20
-0.013434
30
-0.084625
11
-0.007459
21
-0.013309
31
-0.084693
12
-0.010643
22
-0.018881
32
-0.094139
0
3DFACE
62
1
10
-0.007423
20
-0.013558
30
-0.084560
11
-0.010637
21
-0.019235
31
-0.093939
12
-0.010569
22
-0.019473
32
-0.093820
0
3DFACE
62
1
10
-0.007423
20
-0.013558
30
-0.084560
11
-0.007451
21
-0.013434
31
-0.084625
12
-0.010637
22
-0.019235
32
-0.093939
0
3DFACE
62
1
10
-0.007389
20
-0.013614
30
-0.084497
11
-0.007423
21
-0.013558
31
-0.084560
12
-0.010569
22
-0.019473
32
-0.093820
0
3DFACE
62
1
10
-0.005336
20
-0.016974
30
-0.082692
11
-0.005383
21
-0.016897
31
-0.082702
12
-0.007700
22
-0.024170
32
-0.091251
0
3DFACE
62
1
10
-0.005336
20
-0.016974
30
-0.082692
11
-0.007592
21
-0.024278
31
-0.091184
12
-0.007472
22
-0.024378
32
-0.091126
0
3DFACE
62
1
10
-0.005336
20
-0.016974
30
-0.082692
11
-0.007700
21
-0.024170
31
-0.091251
12
-0.007592
22
-0.024278
32
-0.091184
0
3DFACE
62
1
10
-0.005233
20
-0.017063
30
-0.082640
11
-0.007300
21
-0.024490
31
-0.091066
12
-0.007204
22
-0.024538
32
-0.091044
0
3DFACE
62
1
10
-0.005233
20
-0.017063
30
-0.082640
11
-0.007472
21
-0.024378
31
-0.091126
12
-0.007300
22
-0.024490
32
-0.091066
0
3DFACE
62
1
10
-0.005233
20
-0.017063
30
-0.082640
11
-0.005336
21
-0.016974
31
-0.082692
12
-0.007472
22
-0.024378
32
-0.091126
0
3DFACE
62
1
10
-0.005116
20
-0.017140
30
-0.082599
11
-0.007204
21
-0.024538
31
-0.091044
12
-0.007026
22
-0.024604
32
-0.091021
0
3DFACE
62
1
10
-0.005116
20
-0.017140
30
-0.082599
11
-0.005233
21
-0.017063
31
-0.082640
12
-0.007204
22
-0.024538
32
-0.091044
0
3DFACE
62
1
10
-0.004998
20
-0.017195
30
-0.082574
11
-0.005116
21
-0.017140
31
-0.082599
12
-0.007026
22
-0.024604
32
-0.091021
0
3DFACE
62
1
10
-0.004929
20
-0.017220
30
-0.082566
11
-0.007026
21
-0.024604
31
-0.091021
12
-0.006826
22
-0.024651
32
-0.091018
0
3DFACE
62
1
10
-0.004929
20
-0.017220
30
-0.082566
11
-0.004998
21
-0.017195
31
-0.082574
12
-0.007026
22
-0.024604
32
-0.091021
0
3DFACE
62
1
10
-0.004843
20
-0.017243
30
-0.082563
11
-0.004929
21
-0.017220
31
-0.082566
12
-0.006826
22
-0.024651
32
-0.091018
0
3DFACE
62
1
10
-0.004727
20
-0.017263
30
-0.082566
11
-0.006826
21
-0.024651
31
-0.091018
12
-0.006524
22
-0.024681
32
-0.091047
0
3DFACE
62
1
10
-0.004727
20
-0.017263
30
-0.082566
11
-0.004843
21
-0.017243
31
-0.082563
12
-0.006826
22
-0.024651
32
-0.091018
0
3DFACE
62
1
10
-0.004604
20
-0.017275
30
-0.082579
11
-0.004727
21
-0.017263
31
-0.082566
12
-0.006524
22
-0.024681
32
-0.091047
0
3DFACE
62
1
10
-0.004469
20
-0.017278
30
-0.082600
11
-0.006524
21
-0.024681
31
-0.091047
12
-0.005011
22
-0.024654
32
-0.091334
0
3DFACE
62
1
10
-0.004469
20
-0.017278
30
-0.082600
11
-0.004604
21
-0.017275
31
-0.082579
12
-0.006524
22
-0.024681
32
-0.091047
0
3DFACE
62
1
10
-0.003320
20
-0.017258
30
-0.082816
11
-0.005011
21
-0.024654
31
-0.091334
12
-0.002725
22
-0.024716
32
-0.091657
0
3DFACE
62
1
10
-0.003320
20
-0.017258
30
-0.082816
11
-0.004469
21
-0.017278
31
-0.082600
12
-0.005011
22
-0.024654
32
-0.091334
0
3DFACE
62
1
10
-0.001908
20
-0.017302
30
-0.083011
11
-0.003320
21
-0.017258
31
-0.082816
12
-0.002725
22
-0.024716
32
-0.091657
0
3DFACE
62
1
10
-0.004442
20
-0.015663
30
-0.083883
11
-0.003443
21
-0.014788
31
-0.084732
12
-0.004919
22
-0.021126
32
-0.094117
0
3DFACE
62
1
10
-0.004442
20
-0.015663
30
-0.083883
11
-0.004919
21
-0.021126
31
-0.094117
12
-0.006188
22
-0.022250
32
-0.093030
0
3DFACE
62
1
10
-0.005159
20
-0.016200
30
-0.083333
11
-0.006188
21
-0.022250
31
-0.093030
12
-0.007537
22
-0.023296
32
-0.091967
0
3DFACE
62
1
10
-0.005159
20
-0.016200
30
-0.083333
11
-0.004442
21
-0.015663
31
-0.083883
12
-0.006188
22
-0.022250
32
-0.093030
0
3DFACE
62
1
10
-0.005297
20
-0.016331
30
-0.083205
11
-0.005159
21
-0.016200
31
-0.083333
12
-0.007537
22
-0.023296
32
-0.091967
0
3DFACE
62
1
10
-0.005370
20
-0.016434
30
-0.083111
11
-0.007537
21
-0.023296
31
-0.091967
12
-0.007623
22
-0.023400
32
-0.091870
0
3DFACE
62
1
10
-0.005370
20
-0.016434
30
-0.083111
11
-0.005297
21
-0.016331
31
-0.083205
12
-0.007537
22
-0.023296
32
-0.091967
0
3DFACE
62
1
10
-0.005412
20
-0.016529
30
-0.083030
11
-0.007623
21
-0.023400
31
-0.091870
12
-0.007691
22
-0.023514
32
-0.091768
0
3DFACE
62
1
10
-0.005412
20
-0.016529
30
-0.083030
11
-0.005370
21
-0.016434
31
-0.083111
12
-0.007623
22
-0.023400
32
-0.091870
0
3DFACE
62
1
10
-0.005431
20
-0.016628
30
-0.082949
11
-0.007691
21
-0.023514
31
-0.091768
12
-0.007738
22
-0.023636
32
-0.091665
0
3DFACE
62
1
10
-0.005431
20
-0.016628
30
-0.082949
11
-0.005412
21
-0.016529
31
-0.083030
12
-0.007691
22
-0.023514
32
-0.091768
0
3DFACE
62
1
10
-0.005431
20
-0.016740
30
-0.082861
11
-0.007762
21
-0.023779
31
-0.091549
12
-0.007754
22
-0.023954
32
-0.091412
0
3DFACE
62
1
10
-0.005431
20
-0.016740
30
-0.082861
11
-0.007738
21
-0.023636
31
-0.091665
12
-0.007762
22
-0.023779
32
-0.091549
0
3DFACE
62
1
10
-0.005431
20
-0.016740
30
-0.082861
11
-0.005431
21
-0.016628
31
-0.082949
12
-0.007738
22
-0.023636
32
-0.091665
0
3DFACE
62
1
10
-0.005410
20
-0.016853
30
-0.082775
11
-0.007754
21
-0.023954
31
-0.091412
12
-0.007700
22
-0.024170
32
-0.091251
0
3DFACE
62
1
10
-0.005410
20
-0.016853
30
-0.082775
11
-0.005431
21
-0.016740
31
-0.082861
12
-0.007754
22
-0.023954
32
-0.091412
0
3DFACE
62
1
10
-0.005383
20
-0.016897
30
-0.082702
11
-0.005410
21
-0.016853
31
-0.082775
12
-0.007700
22
-0.024170
32
-0.091251
0
3DFACE
62
1
10
-0.003538
20
-0.019918
30
-0.080204
11
-0.003583
21
-0.019844
31
-0.080229
12
-0.005125
22
-0.028384
32
-0.087715
0
3DFACE
62
1
10
-0.003538
20
-0.019918
30
-0.080204
11
-0.005025
21
-0.028480
31
-0.087622
12
-0.004912
22
-0.028568
32
-0.087538
0
3DFACE
62
1
10
-0.003538
20
-0.019918
30
-0.080204
11
-0.005125
21
-0.028384
31
-0.087715
12
-0.005025
22
-0.028480
32
-0.087622
0
3DFACE
62
1
10
-0.003441
20
-0.019996
30
-0.080128
11
-0.004747
21
-0.028668
31
-0.087445
12
-0.004654
22
-0.028711
32
-0.087406
0
3DFACE
62
1
10
-0.003441
20
-0.019996
30
-0.080128
11
-0.004912
21
-0.028568
31
-0.087538
12
-0.004747
22
-0.028668
32
-0.087445
0
3DFACE
62
1
10
-0.003441
20
-0.019996
30
-0.080128
11
-0.003538
21
-0.019918
31
-0.080204
12
-0.004912
22
-0.028568
32
-0.087538
0
3DFACE
62
1
10
-0.003329
20
-0.020065
30
-0.080065
11
-0.004654
21
-0.028711
31
-0.087406
12
-0.004480
22
-0.028772
32
-0.087356
0
3DFACE
62
1
10
-0.003329
20
-0.020065
30
-0.080065
11
-0.003441
21
-0.019996
31
-0.080128
12
-0.004654
22
-0.028711
32
-0.087406
0
3DFACE
62
1
10
-0.003215
20
-0.020115
30
-0.080021
11
-0.003329
21
-0.020065
31
-0.080065
12
-0.004480
22
-0.028772
32
-0.087356
0
3DFACE
62
1
10
-0.003146
20
-0.020138
30
-0.080003
11
-0.004480
21
-0.028772
31
-0.087356
12
-0.004282
22
-0.028816
32
-0.087327
0
3DFACE
62
1
10
-0.003146
20
-0.020138
30
-0.080003
11
-0.003215
21
-0.020115
31
-0.080021
12
-0.004480
22
-0.028772
32
-0.087356
0
3DFACE
62
1
10
-0.003062
20
-0.020159
30
-0.079987
11
-0.003146
21
-0.020138
31
-0.080003
12
-0.004282
22
-0.028816
32
-0.087327
0
3DFACE
62
1
10
-0.002946
20
-0.020179
30
-0.079976
11
-0.004282
21
-0.028816
31
-0.087327
12
-0.003978
22
-0.028848
32
-0.087322
0
3DFACE
62
1
10
-0.002946
20
-0.020179
30
-0.079976
11
-0.003062
21
-0.020159
31
-0.079987
12
-0.004282
22
-0.028816
32
-0.087327
0
3DFACE
62
1
10
-0.002823
20
-0.020191
30
-0.079975
11
-0.002946
21
-0.020179
31
-0.079976
12
-0.003978
22
-0.028848
32
-0.087322
0
3DFACE
62
1
10
-0.002686
20
-0.020197
30
-0.079982
11
-0.003978
21
-0.028848
31
-0.087322
12
-0.002445
22
-0.028854
32
-0.087463
0
3DFACE
62
1
10
-0.002686
20
-0.020197
30
-0.079982
11
-0.002823
21
-0.020191
31
-0.079975
12
-0.003978
22
-0.028848
32
-0.087322
0
3DFACE
62
1
10
-0.001522
20
-0.020202
30
-0.080088
11
-0.002445
21
-0.028854
31
-0.087463
12
-0.000139
22
-0.028950
32
-0.087552
0
3DFACE
62
1
10
-0.001522
20
-0.020202
30
-0.080088
11
-0.002686
21
-0.020197
31
-0.079982
12
-0.002445
22
-0.028854
32
-0.087463
0
3DFACE
62
1
10
-0.000097
20
-0.020265
30
-0.080137
11
-0.001522
21
-0.020202
31
-0.080088
12
-0.000139
22
-0.028950
32
-0.087552
0
3DFACE
62
1
10
-0.002524
20
-0.018803
30
-0.081494
11
-0.001442
21
-0.018065
31
-0.082371
12
-0.002059
22
-0.025807
32
-0.090743
0
3DFACE
62
1
10
-0.002524
20
-0.018803
30
-0.081494
11
-0.002059
21
-0.025807
31
-0.090743
12
-0.003436
22
-0.026755
32
-0.089620
0
3DFACE
62
1
10
-0.003294
20
-0.019252
30
-0.080938
11
-0.003436
21
-0.026755
31
-0.089620
12
-0.004888
22
-0.027632
32
-0.088540
0
3DFACE
62
1
10
-0.003294
20
-0.019252
30
-0.080938
11
-0.002524
21
-0.018803
31
-0.081494
12
-0.003436
22
-0.026755
32
-0.089620
0
3DFACE
62
1
10
-0.003445
20
-0.019362
30
-0.080805
11
-0.003294
21
-0.019252
31
-0.080938
12
-0.004888
22
-0.027632
32
-0.088540
0
3DFACE
62
1
10
-0.003528
20
-0.019450
30
-0.080704
11
-0.004888
21
-0.027632
31
-0.088540
12
-0.004984
22
-0.027720
32
-0.088436
0
3DFACE
62
1
10
-0.003528
20
-0.019450
30
-0.080704
11
-0.003445
21
-0.019362
31
-0.080805
12
-0.004888
22
-0.027632
32
-0.088540
0
3DFACE
62
1
10
-0.003577
20
-0.019532
30
-0.080612
11
-0.004984
21
-0.027720
31
-0.088436
12
-0.005062
22
-0.027817
32
-0.088326
0
3DFACE
62
1
10
-0.003577
20
-0.019532
30
-0.080612
11
-0.003528
21
-0.019450
31
-0.080704
12
-0.004984
22
-0.027720
32
-0.088436
0
3DFACE
62
1
10
-0.003605
20
-0.019617
30
-0.080519
11
-0.005062
21
-0.027817
31
-0.088326
12
-0.005119
22
-0.027922
32
-0.088209
0
3DFACE
62
1
10
-0.003605
20
-0.019617
30
-0.080519
11
-0.003577
21
-0.019532
31
-0.080612
12
-0.005062
22
-0.027817
32
-0.088326
0
3DFACE
62
1
10
-0.003614
20
-0.019714
30
-0.080415
11
-0.005155
21
-0.028045
31
-0.088075
12
-0.005162
22
-0.028197
32
-0.087912
0
3DFACE
62
1
10
-0.003614
20
-0.019714
30
-0.080415
11
-0.005119
21
-0.027922
31
-0.088209
12
-0.005155
22
-0.028045
32
-0.088075
0
3DFACE
62
1
10
-0.003614
20
-0.019714
30
-0.080415
11
-0.003605
21
-0.019617
31
-0.080519
12
-0.005119
22
-0.027922
32
-0.088209
0
3DFACE
62
1
10
-0.003603
20
-0.019812
30
-0.080312
11
-0.005162
21
-0.028197
31
-0.087912
12
-0.005125
22
-0.028384
32
-0.087715
0
3DFACE
62
1
10
-0.003603
20
-0.019812
30
-0.080312
11
-0.003614
21
-0.019714
31
-0.080415
12
-0.005162
22
-0.028197
32
-0.087912
0
3DFACE
62
1
10
-0.003583
20
-0.019844
30
-0.080229
11
-0.003603
21
-0.019812
31
-0.080312
12
-0.005125
22
-0.028384
32
-0.087715
0
3DFACE
62
1
10
-0.002009
20
-0.022421
30
-0.077124
11
-0.002050
21
-0.022352
31
-0.077165
12
-0.002933
22
-0.031972
32
-0.083332
0
3DFACE
62
1
10
-0.002009
20
-0.022421
30
-0.077124
11
-0.002843
21
-0.032051
31
-0.083216
12
-0.002740
22
-0.032124
32
-0.083108
0
3DFACE
62
1
10
-0.002009
20
-0.022421
30
-0.077124
11
-0.002933
21
-0.031972
31
-0.083332
12
-0.002843
22
-0.032051
32
-0.083216
0
3DFACE
62
1
10
-0.001920
20
-0.022486
30
-0.077028
11
-0.002585
21
-0.032207
31
-0.082985
12
-0.002496
22
-0.032243
32
-0.082932
0
3DFACE
62
1
10
-0.001920
20
-0.022486
30
-0.077028
11
-0.002740
21
-0.032124
31
-0.083108
12
-0.002585
22
-0.032207
32
-0.082985
0
3DFACE
62
1
10
-0.001920
20
-0.022486
30
-0.077028
11
-0.002009
21
-0.022421
31
-0.077124
12
-0.002740
22
-0.032124
32
-0.083108
0
3DFACE
62
1
10
-0.001815
20
-0.022543
30
-0.076944
11
-0.002496
21
-0.032243
31
-0.082932
12
-0.002329
22
-0.032294
32
-0.082856
0
3DFACE
62
1
10
-0.001815
20
-0.022543
30
-0.076944
11
-0.001920
21
-0.022486
31
-0.077028
12
-0.002496
22
-0.032243
32
-0.082932
0
3DFACE
62
1
10
-0.001706
20
-0.022584
30
-0.076882
11
-0.001815
21
-0.022543
31
-0.076944
12
-0.002329
22
-0.032294
32
-0.082856
0
3DFACE
62
1
10
-0.001640
20
-0.022603
30
-0.076854
11
-0.002329
21
-0.032294
31
-0.082856
12
-0.002134
22
-0.032332
32
-0.082801
0
3DFACE
62
1
10
-0.001640
20
-0.022603
30
-0.076854
11
-0.001706
21
-0.022584
31
-0.076882
12
-0.002329
22
-0.032294
32
-0.082856
0
3DFACE
62
1
10
-0.001557
20
-0.022621
30
-0.076828
11
-0.001640
21
-0.022603
31
-0.076854
12
-0.002134
22
-0.032332
32
-0.082801
0
3DFACE
62
1
10
-0.001443
20
-0.022639
30
-0.076803
11
-0.002134
21
-0.032332
31
-0.082801
12
-0.001833
22
-0.032360
32
-0.082762
0
3DFACE
62
1
10
-0.001443
20
-0.022639
30
-0.076803
11
-0.001557
21
-0.022621
31
-0.076828
12
-0.002134
22
-0.032332
32
-0.082801
0
3DFACE
62
1
10
-0.001321
20
-0.022650
30
-0.076787
11
-0.001443
21
-0.022639
31
-0.076803
12
-0.001833
22
-0.032360
32
-0.082762
0
3DFACE
62
1
10
-0.001184
20
-0.022655
30
-0.076781
11
-0.001833
21
-0.032360
31
-0.082762
12
-0.000293
22
-0.032377
32
-0.082753
0
3DFACE
62
1
10
-0.001184
20
-0.022655
30
-0.076781
11
-0.001321
21
-0.022650
31
-0.076787
12
-0.001833
22
-0.032360
32
-0.082762
0
3DFACE
62
1
10
-0.000015
20
-0.022668
30
-0.076772
11
-0.000293
21
-0.032377
31
-0.082753
12
0.002010
22
-0.032468
32
-0.082605
0
3DFACE
62
1
10
-0.000015
20
-0.022668
30
-0.076772
11
-0.001184
21
-0.022655
31
-0.076781
12
-0.000293
22
-0.032377
32
-0.082753
0
3DFACE
62
1
10
0.001407
20
-0.022727
30
-0.076674
11
-0.000015
21
-0.022668
31
-0.076772
12
0.002010
22
-0.032468
32
-0.082605
0
3DFACE
62
1
10
-0.000867
20
-0.021515
30
-0.078470
11
0.000300
21
-0.020915
31
-0.079343
12
0.000428
22
-0.029878
32
-0.086418
0
3DFACE
62
1
10
-0.000867
20
-0.021515
30
-0.078470
11
0.000428
21
-0.029878
31
-0.086418
12
-0.001057
22
-0.030649
32
-0.085298
0
3DFACE
62
1
10
-0.001691
20
-0.021877
30
-0.077926
11
-0.001057
21
-0.030649
31
-0.085298
12
-0.002613
22
-0.031357
32
-0.084238
0
3DFACE
62
1
10
-0.001691
20
-0.021877
30
-0.077926
11
-0.000867
21
-0.021515
31
-0.078470
12
-0.001057
22
-0.030649
32
-0.085298
0
3DFACE
62
1
10
-0.001855
20
-0.021966
30
-0.077793
11
-0.001691
21
-0.021877
31
-0.077926
12
-0.002613
22
-0.031357
32
-0.084238
0
3DFACE
62
1
10
-0.001947
20
-0.022037
30
-0.077687
11
-0.002613
21
-0.031357
31
-0.084238
12
-0.002718
22
-0.031429
32
-0.084131
0
3DFACE
62
1
10
-0.001947
20
-0.022037
30
-0.077687
11
-0.001855
21
-0.021966
31
-0.077793
12
-0.002613
22
-0.031357
32
-0.084238
0
3DFACE
62
1
10
-0.002006
20
-0.022104
30
-0.077590
11
-0.002718
21
-0.031429
31
-0.084131
12
-0.002808
22
-0.031508
32
-0.084015
0
3DFACE
62
1
10
-0.002006
20
-0.022104
30
-0.077590
11
-0.001947
21
-0.022037
31
-0.077687
12
-0.002718
22
-0.031429
32
-0.084131
0
3DFACE
62
1
10
-0.002043
20
-0.022174
30
-0.077487
11
-0.002808
21
-0.031508
31
-0.084015
12
-0.002877
22
-0.031593
32
-0.083889
0
3DFACE
62
1
10
-0.002043
20
-0.022174
30
-0.077487
11
-0.002006
21
-0.022104
31
-0.077590
12
-0.002808
22
-0.031508
32
-0.084015
0
3DFACE
62
1
10
-0.002063
20
-0.022253
30
-0.077371
11
-0.002926
21
-0.031694
31
-0.083741
12
-0.002950
22
-0.031819
32
-0.083558
0
3DFACE
62
1
10
-0.002063
20
-0.022253
30
-0.077371
11
-0.002877
21
-0.031593
31
-0.083889
12
-0.002926
22
-0.031694
32
-0.083741
0
3DFACE
62
1
10
-0.002063
20
-0.022253
30
-0.077371
11
-0.002043
21
-0.022174
31
-0.077487
12
-0.002877
22
-0.031593
32
-0.083889
0
3DFACE
62
1
10
-0.002062
20
-0.022333
30
-0.077253
11
-0.002950
21
-0.031819
31
-0.083558
12
-0.002933
22
-0.031972
32
-0.083332
0
3DFACE
62
1
10
-0.002062
20
-0.022333
30
-0.077253
11
-0.002063
21
-0.022253
31
-0.077371
12
-0.002950
22
-0.031819
32
-0.083558
0
3DFACE
62
1
10
-0.002050
20
-0.022352
30
-0.077165
11
-0.002062
21
-0.022333
31
-0.077253
12
-0.002933
22
-0.031972
32
-0.083332
0
3DFACE
62
1
10
-0.000800
20
-0.024398
30
-0.073557
11
-0.000838
21
-0.024337
31
-0.073612
12
-0.001198
22
-0.034812
32
-0.078250
0
3DFACE
62
1
10
-0.000800
20
-0.024398
30
-0.073557
11
-0.001120
21
-0.034871
31
-0.078115
12
-0.001029
22
-0.034925
32
-0.077988
0
3DFACE
62
1
10
-0.000800
20
-0.024398
30
-0.073557
11
-0.001198
21
-0.034812
31
-0.078250
12
-0.001120
22
-0.034871
32
-0.078115
0
3DFACE
62
1
10
-0.000722
20
-0.024447
30
-0.073444
11
-0.000887
21
-0.034987
31
-0.077839
12
-0.000804
22
-0.035014
32
-0.077773
0
3DFACE
62
1
10
-0.000722
20
-0.024447
30
-0.073444
11
-0.001029
21
-0.034925
31
-0.077988
12
-0.000887
22
-0.034987
32
-0.077839
0
3DFACE
62
1
10
-0.000722
20
-0.024447
30
-0.073444
11
-0.000800
21
-0.024398
31
-0.073557
12
-0.001029
22
-0.034925
32
-0.077988
0
3DFACE
62
1
10
-0.000626
20
-0.024489
30
-0.073343
11
-0.000804
21
-0.035014
31
-0.077773
12
-0.000645
22
-0.035051
32
-0.077675
0
3DFACE
62
1
10
-0.000626
20
-0.024489
30
-0.073343
11
-0.000722
21
-0.024447
31
-0.073444
12
-0.000804
22
-0.035014
32
-0.077773
0
3DFACE
62
1
10
-0.000524
20
-0.024520
30
-0.073265
11
-0.000626
21
-0.024489
31
-0.073343
12
-0.000645
22
-0.035051
32
-0.077675
0
3DFACE
62
1
10
-0.000460
20
-0.024534
30
-0.073228
11
-0.000645
21
-0.035051
31
-0.077675
12
-0.000457
22
-0.035078
32
-0.077596
0
3DFACE
62
1
10
-0.000460
20
-0.024534
30
-0.073228
11
-0.000524
21
-0.024520
31
-0.073265
12
-0.000645
22
-0.035051
32
-0.077675
0
3DFACE
62
1
10
-0.000381
20
-0.024547
30
-0.073191
11
-0.000460
21
-0.024534
31
-0.073228
12
-0.000457
22
-0.035078
32
-0.077596
0
3DFACE
62
1
10
-0.000270
20
-0.024559
30
-0.073153
11
-0.000457
21
-0.035078
31
-0.077596
12
-0.000161
22
-0.035097
32
-0.077525
0
3DFACE
62
1
10
-0.000270
20
-0.024559
30
-0.073153
11
-0.000381
21
-0.024547
31
-0.073191
12
-0.000457
22
-0.035078
32
-0.077596
0
3DFACE
62
1
10
-0.000150
20
-0.024566
30
-0.073125
11
-0.000270
21
-0.024559
31
-0.073153
12
-0.000161
22
-0.035097
32
-0.077525
0
3DFACE
62
1
10
-0.000014
20
-0.024570
30
-0.073104
11
-0.000161
21
-0.035097
31
-0.077525
12
0.001371
22
-0.035100
32
-0.077365
0
3DFACE
62
1
10
-0.000014
20
-0.024570
30
-0.073104
11
-0.000150
21
-0.024566
31
-0.073125
12
-0.000161
22
-0.035097
32
-0.077525
0
3DFACE
62
1
10
0.001148
20
-0.024572
30
-0.072982
11
0.001371
21
-0.035100
31
-0.077365
12
0.003648
22
-0.035150
32
-0.076985
0
3DFACE
62
1
10
0.001148
20
-0.024572
30
-0.072982
11
-0.000014
21
-0.024570
31
-0.073104
12
0.001371
22
-0.035100
32
-0.077365
0
3DFACE
62
1
10
0.002554
20
-0.024605
30
-0.072740
11
0.001148
21
-0.024572
31
-0.072982
12
0.003648
22
-0.035150
32
-0.076985
0
3DFACE
62
1
10
0.000472
20
-0.023706
30
-0.074913
11
0.001721
21
-0.023241
31
-0.075754
12
0.002459
22
-0.033202
32
-0.081291
0
3DFACE
62
1
10
0.000472
20
-0.023706
30
-0.074913
11
0.002459
21
-0.033202
31
-0.081291
12
0.000868
22
-0.033799
32
-0.080211
0
3DFACE
62
1
10
-0.000403
20
-0.023985
30
-0.074401
11
0.000868
21
-0.033799
31
-0.080211
12
-0.000788
22
-0.034344
32
-0.079207
0
3DFACE
62
1
10
-0.000403
20
-0.023985
30
-0.074401
11
0.000472
21
-0.023706
31
-0.074913
12
0.000868
22
-0.033799
32
-0.080211
0
3DFACE
62
1
10
-0.000580
20
-0.024053
30
-0.074272
11
-0.000403
21
-0.023985
31
-0.074401
12
-0.000788
22
-0.034344
32
-0.079207
0
3DFACE
62
1
10
-0.000682
20
-0.024108
30
-0.074166
11
-0.000788
21
-0.034344
31
-0.079207
12
-0.000904
22
-0.034399
32
-0.079101
0
3DFACE
62
1
10
-0.000682
20
-0.024108
30
-0.074166
11
-0.000580
21
-0.024053
31
-0.074272
12
-0.000788
22
-0.034344
32
-0.079207
0
3DFACE
62
1
10
-0.000751
20
-0.024158
30
-0.074065
11
-0.000904
21
-0.034399
31
-0.079101
12
-0.001005
22
-0.034459
32
-0.078982
0
3DFACE
62
1
10
-0.000751
20
-0.024158
30
-0.074065
11
-0.000682
21
-0.024108
31
-0.074166
12
-0.000904
22
-0.034399
32
-0.079101
0
3DFACE
62
1
10
-0.000798
20
-0.024212
30
-0.073957
11
-0.001005
21
-0.034459
31
-0.078982
12
-0.001086
22
-0.034525
32
-0.078852
0
3DFACE
62
1
10
-0.000798
20
-0.024212
30
-0.073957
11
-0.000751
21
-0.024158
31
-0.074065
12
-0.001005
22
-0.034459
32
-0.078982
0
3DFACE
62
1
10
-0.000829
20
-0.024272
30
-0.073832
11
-0.001150
21
-0.034601
31
-0.078696
12
-0.001192
22
-0.034696
32
-0.078499
0
3DFACE
62
1
10
-0.000829
20
-0.024272
30
-0.073832
11
-0.001086
21
-0.034525
31
-0.078852
12
-0.001150
22
-0.034601
32
-0.078696
0
3DFACE
62
1
10
-0.000829
20
-0.024272
30
-0.073832
11
-0.000798
21
-0.024212
31
-0.073957
12
-0.001086
22
-0.034525
32
-0.078852
0
3DFACE
62
1
10
-0.000841
20
-0.024333
30
-0.073703
11
-0.001192
21
-0.034696
31
-0.078499
12
-0.001198
22
-0.034812
32
-0.078250
0
3DFACE
62
1
10
-0.000841
20
-0.024333
30
-0.073703
11
-0.000829
21
-0.024272
31
-0.073832
12
-0.001192
22
-0.034696
32
-0.078499
0
3DFACE
62
1
10
-0.000838
20
-0.024337
30
-0.073612
11
-0.000841
21
-0.024333
31
-0.073703
12
-0.001198
22
-0.034812
32
-0.078250
0
3DFACE
62
1
10
0.000046
20
-0.025783
30
-0.069626
11
0.000014
21
-0.025732
31
-0.069693
12
0.000020
22
-0.036806
32
-0.072644
0
3DFACE
62
1
10
0.000046
20
-0.025783
30
-0.069626
11
0.000084
21
-0.036843
31
-0.072495
12
0.000163
22
-0.036876
32
-0.072352
0
3DFACE
62
1
10
0.000046
20
-0.025783
30
-0.069626
11
0.000020
21
-0.036806
31
-0.072644
12
0.000084
22
-0.036843
32
-0.072495
0
3DFACE
62
1
10
0.000113
20
-0.025813
30
-0.069499
11
0.000290
21
-0.036913
31
-0.072183
12
0.000366
22
-0.036928
32
-0.072105
0
3DFACE
62
1
10
0.000113
20
-0.025813
30
-0.069499
11
0.000163
21
-0.036876
31
-0.072352
12
0.000290
22
-0.036913
32
-0.072183
0
3DFACE
62
1
10
0.000113
20
-0.025813
30
-0.069499
11
0.000046
21
-0.025783
31
-0.069626
12
0.000163
22
-0.036876
32
-0.072352
0
3DFACE
62
1
10
0.000198
20
-0.025838
30
-0.069384
11
0.000366
21
-0.036928
31
-0.072105
12
0.000514
22
-0.036948
32
-0.071988
0
3DFACE
62
1
10
0.000198
20
-0.025838
30
-0.069384
11
0.000113
21
-0.025813
31
-0.069499
12
0.000366
22
-0.036928
32
-0.072105
0
3DFACE
62
1
10
0.000292
20
-0.025855
30
-0.069293
11
0.000198
21
-0.025838
31
-0.069384
12
0.000514
22
-0.036948
32
-0.071988
0
3DFACE
62
1
10
0.000351
20
-0.025862
30
-0.069248
11
0.000514
21
-0.036948
31
-0.071988
12
0.000694
22
-0.036961
32
-0.071888
0
3DFACE
62
1
10
0.000351
20
-0.025862
30
-0.069248
11
0.000292
21
-0.025855
31
-0.069293
12
0.000514
22
-0.036948
32
-0.071988
0
3DFACE
62
1
10
0.000427
20
-0.025869
30
-0.069203
11
0.000351
21
-0.025862
31
-0.069248
12
0.000694
22
-0.036961
32
-0.071888
0
3DFACE
62
1
10
0.000534
20
-0.025874
30
-0.069153
11
0.000694
21
-0.036961
31
-0.071888
12
0.000981
22
-0.036966
32
-0.071787
0
3DFACE
62
1
10
0.000534
20
-0.025874
30
-0.069153
11
0.000427
21
-0.025869
31
-0.069203
12
0.000694
22
-0.036961
32
-0.071888
0
3DFACE
62
1
10
0.000650
20
-0.025876
30
-0.069112
11
0.000534
21
-0.025874
31
-0.069153
12
0.000981
22
-0.036966
32
-0.071787
0
3DFACE
62
1
10
0.000784
20
-0.025875
30
-0.069078
11
0.000981
21
-0.036966
31
-0.071787
12
0.002491
22
-0.036933
32
-0.071483
0
3DFACE
62
1
10
0.000784
20
-0.025875
30
-0.069078
11
0.000650
21
-0.025876
31
-0.069112
12
0.000981
22
-0.036966
32
-0.071787
0
3DFACE
62
1
10
0.001929
20
-0.025850
30
-0.068846
11
0.002491
21
-0.036933
31
-0.071483
12
0.004721
22
-0.036905
32
-0.070883
0
3DFACE
62
1
10
0.001929
20
-0.025850
30
-0.068846
11
0.000784
21
-0.025875
31
-0.069078
12
0.002491
22
-0.036933
32
-0.071483
0
3DFACE
62
1
10
0.003304
20
-0.025833
30
-0.068469
11
0.001929
21
-0.025850
31
-0.068846
12
0.004721
22
-0.036905
32
-0.070883
0
3DFACE
62
1
10
0.001447
20
-0.025302
30
-0.070945
11
0.002775
21
-0.024966
31
-0.071725
12
0.003964
22
-0.035666
32
-0.075535
0
3DFACE
62
1
10
0.001447
20
-0.025302
30
-0.070945
11
0.003964
21
-0.035666
31
-0.075535
12
0.002272
22
-0.036098
32
-0.074532
0
3DFACE
62
1
10
0.000525
20
-0.025504
30
-0.070482
11
0.002272
21
-0.036098
31
-0.074532
12
0.000524
22
-0.036491
32
-0.073618
0
3DFACE
62
1
10
0.000525
20
-0.025504
30
-0.070482
11
0.001447
21
-0.025302
31
-0.070945
12
0.002272
22
-0.036098
32
-0.074532
0
3DFACE
62
1
10
0.000336
20
-0.025552
30
-0.070361
11
0.000525
21
-0.025504
31
-0.070482
12
0.000524
22
-0.036491
32
-0.073618
0
3DFACE
62
1
10
0.000224
20
-0.025590
30
-0.070258
11
0.000524
21
-0.036491
31
-0.073618
12
0.000398
22
-0.036529
32
-0.073517
0
3DFACE
62
1
10
0.000224
20
-0.025590
30
-0.070258
11
0.000336
21
-0.025552
31
-0.070361
12
0.000524
22
-0.036491
32
-0.073618
0
3DFACE
62
1
10
0.000146
20
-0.025625
30
-0.070157
11
0.000398
21
-0.036529
31
-0.073517
12
0.000286
22
-0.036571
32
-0.073400
0
3DFACE
62
1
10
0.000146
20
-0.025625
30
-0.070157
11
0.000224
21
-0.025590
31
-0.070258
12
0.000398
22
-0.036529
32
-0.073517
0
3DFACE
62
1
10
0.000087
20
-0.025661
30
-0.070047
11
0.000286
21
-0.036571
31
-0.073400
12
0.000192
22
-0.036616
32
-0.073270
0
3DFACE
62
1
10
0.000087
20
-0.025661
30
-0.070047
11
0.000146
21
-0.025625
31
-0.070157
12
0.000286
22
-0.036571
32
-0.073400
0
3DFACE
62
1
10
0.000044
20
-0.025701
30
-0.069918
11
0.000112
21
-0.036668
31
-0.073110
12
0.000051
22
-0.036731
32
-0.072906
0
3DFACE
62
1
10
0.000044
20
-0.025701
30
-0.069918
11
0.000192
21
-0.036616
31
-0.073270
12
0.000112
22
-0.036668
32
-0.073110
0
3DFACE
62
1
10
0.000044
20
-0.025701
30
-0.069918
11
0.000087
21
-0.025661
31
-0.070047
12
0.000192
22
-0.036616
32
-0.073270
0
3DFACE
62
1
10
0.000020
20
-0.025741
30
-0.069783
11
0.000051
21
-0.036731
31
-0.072906
12
0.000020
22
-0.036806
32
-0.072644
0
3DFACE
62
1
10
0.000020
20
-0.025741
30
-0.069783
11
0.000044
21
-0.025701
31
-0.069918
12
0.000051
22
-0.036731
32
-0.072906
0
3DFACE
62
1
10
0.000014
20
-0.025732
30
-0.069693
11
0.000020
21
-0.025741
31
-0.069783
12
0.000020
22
-0.036806
32
-0.072644
0
3DFACE
62
1
10
0.000500
20
-0.026528
30
-0.065463
11
0.000476
21
-0.026488
31
-0.065540
12
0.000681
22
-0.037888
32
-0.066704
0
3DFACE
62
1
10
0.000500
20
-0.026528
30
-0.065463
11
0.000730
21
-0.037900
31
-0.066545
12
0.000795
22
-0.037910
32
-0.066392
0
3DFACE
62
1
10
0.000500
20
-0.026528
30
-0.065463
11
0.000681
21
-0.037888
31
-0.066704
12
0.000730
22
-0.037900
32
-0.066545
0
3DFACE
62
1
10
0.000555
20
-0.026537
30
-0.065328
11
0.000904
21
-0.037918
31
-0.066208
12
0.000972
22
-0.037920
32
-0.066122
0
3DFACE
62
1
10
0.000555
20
-0.026537
30
-0.065328
11
0.000795
21
-0.037910
31
-0.066392
12
0.000904
22
-0.037918
32
-0.066208
0
3DFACE
62
1
10
0.000555
20
-0.026537
30
-0.065328
11
0.000500
21
-0.026528
31
-0.065463
12
0.000795
22
-0.037910
32
-0.066392
0
3DFACE
62
1
10
0.000629
20
-0.026543
30
-0.065202
11
0.000972
21
-0.037920
31
-0.066122
12
0.001109
22
-0.037921
32
-0.065989
0
3DFACE
62
1
10
0.000629
20
-0.026543
30
-0.065202
11
0.000555
21
-0.026537
31
-0.065328
12
0.000972
22
-0.037920
32
-0.066122
0
3DFACE
62
1
10
0.000713
20
-0.026545
30
-0.065101
11
0.000629
21
-0.026543
31
-0.065202
12
0.001109
22
-0.037921
32
-0.065989
0
3DFACE
62
1
10
0.000768
20
-0.026545
30
-0.065050
11
0.001109
21
-0.037921
31
-0.065989
12
0.001278
22
-0.037917
32
-0.065872
0
3DFACE
62
1
10
0.000768
20
-0.026545
30
-0.065050
11
0.000713
21
-0.026545
31
-0.065101
12
0.001109
22
-0.037921
32
-0.065989
0
3DFACE
62
1
10
0.000839
20
-0.026543
30
-0.064997
11
0.000768
21
-0.026545
31
-0.065050
12
0.001278
22
-0.037917
32
-0.065872
0
3DFACE
62
1
10
0.000940
20
-0.026540
30
-0.064937
11
0.001278
21
-0.037917
31
-0.065872
12
0.001554
22
-0.037904
32
-0.065744
0
3DFACE
62
1
10
0.000940
20
-0.026540
30
-0.064937
11
0.000839
21
-0.026543
31
-0.064997
12
0.001278
22
-0.037917
32
-0.065872
0
3DFACE
62
1
10
0.001053
20
-0.026535
30
-0.064885
11
0.000940
21
-0.026540
31
-0.064937
12
0.001554
22
-0.037904
32
-0.065744
0
3DFACE
62
1
10
0.001182
20
-0.026527
30
-0.064839
11
0.001554
21
-0.037904
31
-0.065744
12
0.003028
22
-0.037812
32
-0.065305
0
3DFACE
62
1
10
0.001182
20
-0.026527
30
-0.064839
11
0.001053
21
-0.026535
31
-0.064885
12
0.001554
22
-0.037904
32
-0.065744
0
3DFACE
62
1
10
0.002300
20
-0.026457
30
-0.064506
11
0.003028
21
-0.037812
31
-0.065305
12
0.005190
22
-0.037673
32
-0.064507
0
3DFACE
62
1
10
0.002300
20
-0.026457
30
-0.064506
11
0.001182
21
-0.026527
31
-0.064839
12
0.003028
22
-0.037812
32
-0.065305
0
3DFACE
62
1
10
0.003633
20
-0.026371
30
-0.064006
11
0.002300
21
-0.026457
31
-0.064506
12
0.005190
22
-0.037673
32
-0.064507
0
3DFACE
62
1
10
0.002025
20
-0.026249
30
-0.066701
11
0.003424
21
-0.026029
31
-0.067393
12
0.004892
22
-0.037185
32
-0.069346
0
3DFACE
62
1
10
0.002025
20
-0.026249
30
-0.066701
11
0.004892
21
-0.037185
31
-0.069346
12
0.003109
22
-0.037467
32
-0.068455
0
3DFACE
62
1
10
0.001062
20
-0.026382
30
-0.066302
11
0.003109
21
-0.037467
31
-0.068455
12
0.001278
22
-0.037725
32
-0.067663
0
3DFACE
62
1
10
0.001062
20
-0.026382
30
-0.066302
11
0.002025
21
-0.026249
31
-0.066701
12
0.003109
22
-0.037467
32
-0.068455
0
3DFACE
62
1
10
0.000862
20
-0.026413
30
-0.066194
11
0.001062
21
-0.026382
31
-0.066302
12
0.001278
22
-0.037725
32
-0.067663
0
3DFACE
62
1
10
0.000740
20
-0.026435
30
-0.066097
11
0.001278
21
-0.037725
31
-0.067663
12
0.001142
22
-0.037748
32
-0.067569
0
3DFACE
62
1
10
0.000740
20
-0.026435
30
-0.066097
11
0.000862
21
-0.026413
31
-0.066194
12
0.001278
22
-0.037725
32
-0.067663
0
3DFACE
62
1
10
0.000652
20
-0.026454
30
-0.066001
11
0.001142
21
-0.037748
31
-0.067569
12
0.001019
22
-0.037772
32
-0.067459
0
3DFACE
62
1
10
0.000652
20
-0.026454
30
-0.066001
11
0.000740
21
-0.026435
31
-0.066097
12
0.001142
22
-0.037748
32
-0.067569
0
3DFACE
62
1
10
0.000583
20
-0.026473
30
-0.065893
11
0.001019
21
-0.037772
31
-0.067459
12
0.000913
22
-0.037797
32
-0.067332
0
3DFACE
62
1
10
0.000583
20
-0.026473
30
-0.065893
11
0.000652
21
-0.026454
31
-0.066001
12
0.001019
22
-0.037772
32
-0.067459
0
3DFACE
62
1
10
0.000527
20
-0.026493
30
-0.065763
11
0.000818
21
-0.037823
31
-0.067175
12
0.000737
22
-0.037854
32
-0.066970
0
3DFACE
62
1
10
0.000527
20
-0.026493
30
-0.065763
11
0.000913
21
-0.037797
31
-0.067332
12
0.000818
22
-0.037823
32
-0.067175
0
3DFACE
62
1
10
0.000527
20
-0.026493
30
-0.065763
11
0.000583
21
-0.026473
31
-0.065893
12
0.000913
22
-0.037797
32
-0.067332
0
3DFACE
62
1
10
0.000490
20
-0.026511
30
-0.065626
11
0.000737
21
-0.037854
31
-0.066970
12
0.000681
22
-0.037888
32
-0.066704
0
3DFACE
62
1
10
0.000490
20
-0.026511
30
-0.065626
11
0.000527
21
-0.026493
31
-0.065763
12
0.000737
22
-0.037854
32
-0.066970
0
3DFACE
62
1
10
0.000476
20
-0.026488
30
-0.065540
11
0.000490
21
-0.026511
31
-0.065626
12
0.000681
22
-0.037888
32
-0.066704
0
3DFACE
62
1
10
0.000549
20
-0.026607
30
-0.061210
11
0.000532
21
-0.026580
31
-0.061295
12
0.000761
22
-0.038019
32
-0.060632
0
3DFACE
62
1
10
0.000549
20
-0.026607
30
-0.061210
11
0.000795
21
-0.038006
31
-0.060469
12
0.000844
22
-0.037991
32
-0.060311
0
3DFACE
62
1
10
0.000549
20
-0.026607
30
-0.061210
11
0.000761
21
-0.038019
31
-0.060632
12
0.000795
22
-0.038006
32
-0.060469
0
3DFACE
62
1
10
0.000590
20
-0.026594
30
-0.061071
11
0.000936
21
-0.037970
31
-0.060118
12
0.000995
22
-0.037958
32
-0.060027
0
3DFACE
62
1
10
0.000590
20
-0.026594
30
-0.061071
11
0.000844
21
-0.037991
31
-0.060311
12
0.000936
22
-0.037970
32
-0.060118
0
3DFACE
62
1
10
0.000590
20
-0.026594
30
-0.061071
11
0.000549
21
-0.026607
31
-0.061210
12
0.000844
22
-0.037991
32
-0.060311
0
3DFACE
62
1
10
0.000652
20
-0.026580
30
-0.060940
11
0.000995
21
-0.037958
31
-0.060027
12
0.001118
22
-0.037937
32
-0.059883
0
3DFACE
62
1
10
0.000652
20
-0.026580
30
-0.060940
11
0.000590
21
-0.026594
31
-0.061071
12
0.000995
22
-0.037958
32
-0.060027
0
3DFACE
62
1
10
0.000726
20
-0.026565
30
-0.060831
11
0.000652
21
-0.026580
31
-0.060940
12
0.001118
22
-0.037937
32
-0.059883
0
3DFACE
62
1
10
0.000776
20
-0.026557
30
-0.060777
11
0.001118
21
-0.037937
31
-0.059883
12
0.001275
22
-0.037913
32
-0.059753
0
3DFACE
62
1
10
0.000776
20
-0.026557
30
-0.060777
11
0.000726
21
-0.026565
31
-0.060831
12
0.001118
22
-0.037937
32
-0.059883
0
3DFACE
62
1
10
0.000841
20
-0.026547
30
-0.060718
11
0.000776
21
-0.026557
31
-0.060777
12
0.001275
22
-0.037913
32
-0.059753
0
3DFACE
62
1
10
0.000936
20
-0.026533
30
-0.060649
11
0.001275
21
-0.037913
31
-0.059753
12
0.001538
22
-0.037878
32
-0.059602
0
3DFACE
62
1
10
0.000936
20
-0.026533
30
-0.060649
11
0.000841
21
-0.026547
31
-0.060718
12
0.001275
22
-0.037913
32
-0.059753
0
3DFACE
62
1
10
0.001043
20
-0.026519
30
-0.060589
11
0.000936
21
-0.026533
31
-0.060649
12
0.001538
22
-0.037878
32
-0.059602
0
3DFACE
62
1
10
0.001167
20
-0.026504
30
-0.060532
11
0.001538
21
-0.037878
31
-0.059602
12
0.002964
22
-0.037708
32
-0.059044
0
3DFACE
62
1
10
0.001167
20
-0.026504
30
-0.060532
11
0.001043
21
-0.026519
31
-0.060589
12
0.001538
22
-0.037878
32
-0.059602
0
3DFACE
62
1
10
0.002248
20
-0.026373
30
-0.060108
11
0.002964
21
-0.037708
31
-0.059044
12
0.005041
22
-0.037429
32
-0.058074
0
3DFACE
62
1
10
0.002248
20
-0.026373
30
-0.060108
11
0.001167
21
-0.026504
31
-0.060532
12
0.002964
22
-0.037708
32
-0.059044
0
3DFACE
62
1
10
0.003529
20
-0.026200
30
-0.059503
11
0.002248
21
-0.026373
31
-0.060108
12
0.005041
22
-0.037429
32
-0.058074
0
3DFACE
62
1
10
0.002187
20
-0.026514
30
-0.062325
11
0.003648
21
-0.026395
31
-0.062906
12
0.005211
22
-0.037707
32
-0.062936
0
3DFACE
62
1
10
0.002187
20
-0.026514
30
-0.062325
11
0.005211
21
-0.037707
31
-0.062936
12
0.003349
22
-0.037860
32
-0.062186
0
3DFACE
62
1
10
0.001189
20
-0.026591
30
-0.062005
11
0.003349
21
-0.037860
31
-0.062186
12
0.001448
22
-0.038004
32
-0.061543
0
3DFACE
62
1
10
0.001189
20
-0.026591
30
-0.062005
11
0.002187
21
-0.026514
31
-0.062325
12
0.003349
22
-0.037860
32
-0.062186
0
3DFACE
62
1
10
0.000980
20
-0.026605
30
-0.061913
11
0.001189
21
-0.026591
31
-0.062005
12
0.001448
22
-0.038004
32
-0.061543
0
3DFACE
62
1
10
0.000848
20
-0.026613
30
-0.061826
11
0.001448
21
-0.038004
31
-0.061543
12
0.001305
22
-0.038014
32
-0.061460
0
3DFACE
62
1
10
0.000848
20
-0.026613
30
-0.061826
11
0.000980
21
-0.026605
31
-0.061913
12
0.001448
22
-0.038004
32
-0.061543
0
3DFACE
62
1
10
0.000752
20
-0.026618
30
-0.061736
11
0.001305
21
-0.038014
31
-0.061460
12
0.001171
22
-0.038021
32
-0.061359
0
3DFACE
62
1
10
0.000752
20
-0.026618
30
-0.061736
11
0.000848
21
-0.026613
31
-0.061826
12
0.001305
22
-0.038014
32
-0.061460
0
3DFACE
62
1
10
0.000673
20
-0.026620
30
-0.061634
11
0.001171
21
-0.038021
31
-0.061359
12
0.001053
22
-0.038026
32
-0.061241
0
3DFACE
62
1
10
0.000673
20
-0.026620
30
-0.061634
11
0.000752
21
-0.026618
31
-0.061736
12
0.001171
22
-0.038021
32
-0.061359
0
3DFACE
62
1
10
0.000605
20
-0.026619
30
-0.061509
11
0.000944
21
-0.038029
31
-0.061092
12
0.000843
22
-0.038027
32
-0.060893
0
3DFACE
62
1
10
0.000605
20
-0.026619
30
-0.061509
11
0.001053
21
-0.038026
31
-0.061241
12
0.000944
22
-0.038029
32
-0.061092
0
3DFACE
62
1
10
0.000605
20
-0.026619
30
-0.061509
11
0.000673
21
-0.026620
31
-0.061634
12
0.001053
22
-0.038026
32
-0.061241
0
3DFACE
62
1
10
0.000555
20
-0.026616
30
-0.061375
11
0.000843
21
-0.038027
31
-0.060893
12
0.000761
22
-0.038019
32
-0.060632
0
3DFACE
62
1
10
0.000555
20
-0.026616
30
-0.061375
11
0.000605
21
-0.026619
31
-0.061509
12
0.000843
22
-0.038027
32
-0.060893
0
3DFACE
62
1
10
0.000532
20
-0.026580
30
-0.061295
11
0.000555
21
-0.026616
31
-0.061375
12
0.000761
22
-0.038019
32
-0.060632
0
3DFACE
62
1
10
0.000189
20
-0.026018
30
-0.057014
11
0.000181
21
-0.026005
31
-0.057103
12
0.000259
22
-0.037196
32
-0.054635
0
3DFACE
62
1
10
0.000189
20
-0.026018
30
-0.057014
11
0.000277
21
-0.037158
31
-0.054474
12
0.000311
22
-0.037118
32
-0.054316
0
3DFACE
62
1
10
0.000189
20
-0.026018
30
-0.057014
11
0.000259
21
-0.037196
31
-0.054635
12
0.000277
22
-0.037158
32
-0.054474
0
3DFACE
62
1
10
0.000217
20
-0.025983
30
-0.056874
11
0.000383
21
-0.037066
31
-0.054121
12
0.000434
22
-0.037039
32
-0.054027
0
3DFACE
62
1
10
0.000217
20
-0.025983
30
-0.056874
11
0.000311
21
-0.037118
31
-0.054316
12
0.000383
22
-0.037066
32
-0.054121
0
3DFACE
62
1
10
0.000217
20
-0.025983
30
-0.056874
11
0.000189
21
-0.026018
31
-0.057014
12
0.000311
22
-0.037118
32
-0.054316
0
3DFACE
62
1
10
0.000266
20
-0.025948
30
-0.056742
11
0.000434
21
-0.037039
31
-0.054027
12
0.000543
22
-0.036995
32
-0.053878
0
3DFACE
62
1
10
0.000266
20
-0.025948
30
-0.056742
11
0.000217
21
-0.025983
31
-0.056874
12
0.000434
22
-0.037039
32
-0.054027
0
3DFACE
62
1
10
0.000329
20
-0.025916
30
-0.056631
11
0.000266
21
-0.025948
31
-0.056742
12
0.000543
22
-0.036995
32
-0.053878
0
3DFACE
62
1
10
0.000373
20
-0.025899
30
-0.056573
11
0.000543
21
-0.036995
31
-0.053878
12
0.000687
22
-0.036950
32
-0.053738
0
3DFACE
62
1
10
0.000373
20
-0.025899
30
-0.056573
11
0.000329
21
-0.025916
31
-0.056631
12
0.000543
22
-0.036995
32
-0.053878
0
3DFACE
62
1
10
0.000433
20
-0.025879
30
-0.056511
11
0.000373
21
-0.025899
31
-0.056573
12
0.000687
22
-0.036950
32
-0.053738
0
3DFACE
62
1
10
0.000521
20
-0.025854
30
-0.056436
11
0.000687
21
-0.036950
31
-0.053738
12
0.000934
22
-0.036890
32
-0.053570
0
3DFACE
62
1
10
0.000521
20
-0.025854
30
-0.056436
11
0.000433
21
-0.025879
31
-0.056511
12
0.000687
22
-0.036950
32
-0.053738
0
3DFACE
62
1
10
0.000622
20
-0.025830
30
-0.056369
11
0.000521
21
-0.025854
31
-0.056436
12
0.000934
22
-0.036890
32
-0.053570
0
3DFACE
62
1
10
0.000741
20
-0.025805
30
-0.056304
11
0.000934
21
-0.036890
31
-0.053570
12
0.002301
22
-0.036623
32
-0.052912
0
3DFACE
62
1
10
0.000741
20
-0.025805
30
-0.056304
11
0.000622
21
-0.025830
31
-0.056369
12
0.000934
22
-0.036890
32
-0.053570
0
3DFACE
62
1
10
0.001777
20
-0.025602
30
-0.055804
11
0.002301
21
-0.036623
31
-0.052912
12
0.004278
22
-0.036180
32
-0.051803
0
3DFACE
62
1
10
0.001777
20
-0.025602
30
-0.055804
11
0.000741
21
-0.025805
31
-0.056304
12
0.002301
22
-0.036623
32
-0.052912
0
3DFACE
62
1
10
0.002994
20
-0.025326
30
-0.055113
11
0.001777
21
-0.025602
31
-0.055804
12
0.004278
22
-0.036180
32
-0.051803
0
3DFACE
62
1
10
0.001927
20
-0.026089
30
-0.057967
11
0.003438
21
-0.026051
31
-0.058417
12
0.004911
22
-0.037216
32
-0.056523
0
3DFACE
62
1
10
0.001927
20
-0.026089
30
-0.057967
11
0.004911
21
-0.037216
31
-0.056523
12
0.002984
22
-0.037263
32
-0.055940
0
3DFACE
62
1
10
0.000902
20
-0.026122
30
-0.057736
11
0.002984
21
-0.037263
31
-0.055940
12
0.001030
22
-0.037319
32
-0.055467
0
3DFACE
62
1
10
0.000902
20
-0.026122
30
-0.057736
11
0.001927
21
-0.026089
31
-0.057967
12
0.002984
22
-0.037263
32
-0.055940
0
3DFACE
62
1
10
0.000685
20
-0.026123
30
-0.057663
11
0.000902
21
-0.026122
31
-0.057736
12
0.001030
22
-0.037319
32
-0.055467
0
3DFACE
62
1
10
0.000546
20
-0.026118
30
-0.057589
11
0.001030
21
-0.037319
31
-0.055467
12
0.000879
22
-0.037317
32
-0.055398
0
3DFACE
62
1
10
0.000546
20
-0.026118
30
-0.057589
11
0.000685
21
-0.026123
31
-0.057663
12
0.001030
22
-0.037319
32
-0.055467
0
3DFACE
62
1
10
0.000441
20
-0.026110
30
-0.057509
11
0.000879
21
-0.037317
31
-0.055398
12
0.000737
22
-0.037309
32
-0.055311
0
3DFACE
62
1
10
0.000441
20
-0.026110
30
-0.057509
11
0.000546
21
-0.026118
31
-0.057589
12
0.000879
22
-0.037317
32
-0.055398
0
3DFACE
62
1
10
0.000353
20
-0.026096
30
-0.057415
11
0.000737
21
-0.037309
31
-0.055311
12
0.000608
22
-0.037297
32
-0.055205
0
3DFACE
62
1
10
0.000353
20
-0.026096
30
-0.057415
11
0.000441
21
-0.026110
31
-0.057509
12
0.000737
22
-0.037309
32
-0.055311
0
3DFACE
62
1
10
0.000273
20
-0.026077
30
-0.057299
11
0.000484
21
-0.037276
31
-0.055068
12
0.000365
22
-0.037245
32
-0.054883
0
3DFACE
62
1
10
0.000273
20
-0.026077
30
-0.057299
11
0.000608
21
-0.037297
31
-0.055205
12
0.000484
22
-0.037276
32
-0.055068
0
3DFACE
62
1
10
0.000273
20
-0.026077
30
-0.057299
11
0.000353
21
-0.026096
31
-0.057415
12
0.000608
22
-0.037297
32
-0.055205
0
3DFACE
62
1
10
0.000210
20
-0.026053
30
-0.057173
11
0.000365
21
-0.037245
31
-0.054883
12
0.000259
22
-0.037196
32
-0.054635
0
3DFACE
62
1
10
0.000210
20
-0.026053
30
-0.057173
11
0.000273
21
-0.026077
31
-0.057299
12
0.000365
22
-0.037245
32
-0.054883
0
3DFACE
62
1
10
0.000181
20
-0.026005
30
-0.057103
11
0.000210
21
-0.026053
31
-0.057173
12
0.000259
22
-0.037196
32
-0.054635
0
3DFACE
62
1
10
-0.000567
20
-0.024781
30
-0.053015
11
-0.000566
21
-0.024782
31
-0.053105
12
-0.000810
22
-0.035447
32
-0.048917
0
3DFACE
62
1
10
-0.000567
20
-0.024781
30
-0.053015
11
-0.000807
21
-0.035384
31
-0.048763
12
-0.000788
22
-0.035320
32
-0.048611
0
3DFACE
62
1
10
-0.000567
20
-0.024781
30
-0.053015
11
-0.000810
21
-0.035447
31
-0.048917
12
-0.000807
22
-0.035384
32
-0.048763
0
3DFACE
62
1
10
-0.000552
20
-0.024725
30
-0.052881
11
-0.000734
21
-0.035237
31
-0.048421
12
-0.000693
22
-0.035196
32
-0.048328
0
3DFACE
62
1
10
-0.000552
20
-0.024725
30
-0.052881
11
-0.000788
21
-0.035320
31
-0.048611
12
-0.000734
22
-0.035237
32
-0.048421
0
3DFACE
62
1
10
-0.000552
20
-0.024725
30
-0.052881
11
-0.000567
21
-0.024781
31
-0.053015
12
-0.000788
22
-0.035320
32
-0.048611
0
3DFACE
62
1
10
-0.000516
20
-0.024668
30
-0.052751
11
-0.000693
21
-0.035196
31
-0.048328
12
-0.000598
22
-0.035127
32
-0.048177
0
3DFACE
62
1
10
-0.000516
20
-0.024668
30
-0.052751
11
-0.000552
21
-0.024725
31
-0.052881
12
-0.000693
22
-0.035196
32
-0.048328
0
3DFACE
62
1
10
-0.000463
20
-0.024619
30
-0.052641
11
-0.000516
21
-0.024668
31
-0.052751
12
-0.000598
22
-0.035127
32
-0.048177
0
3DFACE
62
1
10
-0.000424
20
-0.024593
30
-0.052583
11
-0.000598
21
-0.035127
31
-0.048177
12
-0.000468
22
-0.035060
32
-0.048033
0
3DFACE
62
1
10
-0.000424
20
-0.024593
30
-0.052583
11
-0.000463
21
-0.024619
31
-0.052641
12
-0.000598
22
-0.035127
32
-0.048177
0
3DFACE
62
1
10
-0.000371
20
-0.024563
30
-0.052519
11
-0.000424
21
-0.024593
31
-0.052583
12
-0.000468
22
-0.035060
32
-0.048033
0
3DFACE
62
1
10
-0.000290
20
-0.024526
30
-0.052441
11
-0.000468
21
-0.035060
31
-0.048033
12
-0.000237
22
-0.034972
32
-0.047854
0
3DFACE
62
1
10
-0.000290
20
-0.024526
30
-0.052441
11
-0.000371
21
-0.024563
31
-0.052519
12
-0.000468
22
-0.035060
32
-0.048033
0
3DFACE
62
1
10
-0.000196
20
-0.024491
30
-0.052369
11
-0.000290
21
-0.024526
31
-0.052441
12
-0.000237
22
-0.034972
32
-0.047854
0
3DFACE
62
1
10
-0.000084
20
-0.024455
30
-0.052298
11
-0.000237
21
-0.034972
31
-0.047854
12
0.001063
22
-0.034595
32
-0.047118
0
3DFACE
62
1
10
-0.000084
20
-0.024455
30
-0.052298
11
-0.000196
21
-0.024491
31
-0.052369
12
-0.000237
22
-0.034972
32
-0.047854
0
3DFACE
62
1
10
0.000901
20
-0.024168
30
-0.051739
11
0.001063
21
-0.034595
31
-0.047118
12
0.002927
22
-0.033969
32
-0.045908
0
3DFACE
62
1
10
0.000901
20
-0.024168
30
-0.051739
11
-0.000084
21
-0.024455
31
-0.052298
12
0.001063
22
-0.034595
32
-0.047118
0
3DFACE
62
1
10
0.002049
20
-0.023778
30
-0.050986
11
0.000901
21
-0.024168
31
-0.051739
12
0.002927
22
-0.033969
32
-0.045908
0
3DFACE
62
1
10
0.001254
20
-0.024987
30
-0.053774
11
0.002801
21
-0.025009
31
-0.054078
12
0.004001
22
-0.035727
32
-0.050324
0
3DFACE
62
1
10
0.001254
20
-0.024987
30
-0.053774
11
0.004001
21
-0.035727
31
-0.050324
12
0.002027
22
-0.035697
32
-0.049928
0
3DFACE
62
1
10
0.000212
20
-0.024991
30
-0.053640
11
0.002027
21
-0.035697
31
-0.049928
12
0.000036
22
-0.035693
32
-0.049642
0
3DFACE
62
1
10
0.000212
20
-0.024991
30
-0.053640
11
0.001254
21
-0.024987
31
-0.053774
12
0.002027
22
-0.035697
32
-0.049928
0
3DFACE
62
1
10
-0.000011
20
-0.024983
30
-0.053589
11
0.000212
21
-0.024991
31
-0.053640
12
0.000036
22
-0.035693
32
-0.049642
0
3DFACE
62
1
10
-0.000157
20
-0.024968
30
-0.053530
11
0.000036
21
-0.035693
31
-0.049642
12
-0.000120
22
-0.035681
32
-0.049589
0
3DFACE
62
1
10
-0.000157
20
-0.024968
30
-0.053530
11
-0.000011
21
-0.024983
31
-0.053589
12
0.000036
22
-0.035693
32
-0.049642
0
3DFACE
62
1
10
-0.000269
20
-0.024947
30
-0.053463
11
-0.000120
21
-0.035681
31
-0.049589
12
-0.000270
22
-0.035661
32
-0.049518
0
3DFACE
62
1
10
-0.000269
20
-0.024947
30
-0.053463
11
-0.000157
21
-0.024968
31
-0.053530
12
-0.000120
22
-0.035681
32
-0.049589
0
3DFACE
62
1
10
-0.000366
20
-0.024920
30
-0.053382
11
-0.000270
21
-0.035661
31
-0.049518
12
-0.000409
22
-0.035633
32
-0.049429
0
3DFACE
62
1
10
-0.000366
20
-0.024920
30
-0.053382
11
-0.000269
21
-0.024947
31
-0.053463
12
-0.000270
22
-0.035661
32
-0.049518
0
3DFACE
62
1
10
-0.000456
20
-0.024883
30
-0.053279
11
-0.000544
21
-0.035592
31
-0.049309
12
-0.000680
22
-0.035533
32
-0.049143
0
3DFACE
62
1
10
-0.000456
20
-0.024883
30
-0.053279
11
-0.000409
21
-0.035633
31
-0.049429
12
-0.000544
22
-0.035592
32
-0.049309
0
3DFACE
62
1
10
-0.000456
20
-0.024883
30
-0.053279
11
-0.000366
21
-0.024920
31
-0.053382
12
-0.000409
22
-0.035633
32
-0.049429
0
3DFACE
62
1
10
-0.000530
20
-0.024840
30
-0.053164
11
-0.000680
21
-0.035533
31
-0.049143
12
-0.000810
22
-0.035447
32
-0.048917
0
3DFACE
62
1
10
-0.000530
20
-0.024840
30
-0.053164
11
-0.000456
21
-0.024883
31
-0.053279
12
-0.000680
22
-0.035533
32
-0.049143
0
3DFACE
62
1
10
-0.000566
20
-0.024782
30
-0.053105
11
-0.000530
21
-0.024840
31
-0.053164
12
-0.000810
22
-0.035447
32
-0.048917
0
3DFACE
62
1
10
-0.001693
20
-0.022938
30
-0.049351
11
-0.001683
21
-0.022953
31
-0.049439
12
-0.002408
22
-0.032831
32
-0.043674
0
3DFACE
62
1
10
-0.001693
20
-0.022938
30
-0.049351
11
-0.002420
21
-0.032744
31
-0.043532
12
-0.002414
22
-0.032657
32
-0.043391
0
3DFACE
62
1
10
-0.001693
20
-0.022938
30
-0.049351
11
-0.002408
21
-0.032831
31
-0.043674
12
-0.002420
22
-0.032744
32
-0.043532
0
3DFACE
62
1
10
-0.001690
20
-0.022861
30
-0.049226
11
-0.002378
21
-0.032545
31
-0.043211
12
-0.002346
22
-0.032490
32
-0.043122
0
3DFACE
62
1
10
-0.001690
20
-0.022861
30
-0.049226
11
-0.002414
21
-0.032657
31
-0.043391
12
-0.002378
22
-0.032545
32
-0.043211
0
3DFACE
62
1
10
-0.001690
20
-0.022861
30
-0.049226
11
-0.001693
21
-0.022938
31
-0.049351
12
-0.002414
22
-0.032657
32
-0.043391
0
3DFACE
62
1
10
-0.001667
20
-0.022785
30
-0.049104
11
-0.002346
21
-0.032490
31
-0.043122
12
-0.002265
22
-0.032398
32
-0.042976
0
3DFACE
62
1
10
-0.001667
20
-0.022785
30
-0.049104
11
-0.001690
21
-0.022861
31
-0.049226
12
-0.002346
22
-0.032490
32
-0.043122
0
3DFACE
62
1
10
-0.001624
20
-0.022719
30
-0.048998
11
-0.001667
21
-0.022785
31
-0.049104
12
-0.002265
22
-0.032398
32
-0.042976
0
3DFACE
62
1
10
-0.001591
20
-0.022683
30
-0.048942
11
-0.002265
21
-0.032398
31
-0.042976
12
-0.002149
22
-0.032307
32
-0.042833
0
3DFACE
62
1
10
-0.001591
20
-0.022683
30
-0.048942
11
-0.001624
21
-0.022719
31
-0.048998
12
-0.002265
22
-0.032398
32
-0.042976
0
3DFACE
62
1
10
-0.001544
20
-0.022643
30
-0.048879
11
-0.001591
21
-0.022683
31
-0.048942
12
-0.002149
22
-0.032307
32
-0.042833
0
3DFACE
62
1
10
-0.001470
20
-0.022594
30
-0.048800
11
-0.002149
21
-0.032307
31
-0.042833
12
-0.001936
22
-0.032191
32
-0.042648
0
3DFACE
62
1
10
-0.001470
20
-0.022594
30
-0.048800
11
-0.001544
21
-0.022643
31
-0.048879
12
-0.002149
22
-0.032307
32
-0.042833
0
3DFACE
62
1
10
-0.001383
20
-0.022547
30
-0.048726
11
-0.001470
21
-0.022594
31
-0.048800
12
-0.001936
22
-0.032191
32
-0.042648
0
3DFACE
62
1
10
-0.001278
20
-0.022500
30
-0.048651
11
-0.001936
21
-0.032191
31
-0.042648
12
-0.000710
22
-0.031694
32
-0.041859
0
3DFACE
62
1
10
-0.001278
20
-0.022500
30
-0.048651
11
-0.001383
21
-0.022547
31
-0.048726
12
-0.001936
22
-0.032191
32
-0.042648
0
3DFACE
62
1
10
-0.000349
20
-0.022122
30
-0.048052
11
-0.000710
21
-0.031694
31
-0.041859
12
0.001035
22
-0.030871
32
-0.040590
0
3DFACE
62
1
10
-0.000349
20
-0.022122
30
-0.048052
11
-0.001278
21
-0.022500
31
-0.048651
12
-0.000710
22
-0.031694
32
-0.041859
0
3DFACE
62
1
10
0.000724
20
-0.021610
30
-0.047263
11
-0.000349
21
-0.022122
31
-0.048052
12
0.001035
22
-0.030871
32
-0.040590
0
3DFACE
62
1
10
0.000191
20
-0.023247
30
-0.049890
11
0.001760
21
-0.023304
31
-0.050037
12
0.002514
22
-0.033292
32
-0.044552
0
3DFACE
62
1
10
0.000191
20
-0.023247
30
-0.049890
11
0.002514
21
-0.033292
31
-0.044552
12
0.000511
22
-0.033215
32
-0.044357
0
3DFACE
62
1
10
-0.000859
20
-0.023238
30
-0.049858
11
0.000511
21
-0.033215
31
-0.044357
12
-0.001498
22
-0.033182
32
-0.044266
0
3DFACE
62
1
10
-0.000859
20
-0.023238
30
-0.049858
11
0.000191
21
-0.023247
31
-0.049890
12
0.000511
22
-0.033215
32
-0.044357
0
3DFACE
62
1
10
-0.001086
20
-0.023223
30
-0.049830
11
-0.000859
21
-0.023238
31
-0.049858
12
-0.001498
22
-0.033182
32
-0.044266
0
3DFACE
62
1
10
-0.001237
20
-0.023200
30
-0.049789
11
-0.001498
21
-0.033182
31
-0.044266
12
-0.001659
22
-0.033162
32
-0.044231
0
3DFACE
62
1
10
-0.001237
20
-0.023200
30
-0.049789
11
-0.001086
21
-0.023223
31
-0.049830
12
-0.001498
22
-0.033182
32
-0.044266
0
3DFACE
62
1
10
-0.001354
20
-0.023170
30
-0.049737
11
-0.001659
21
-0.033162
31
-0.044231
12
-0.001815
22
-0.033133
32
-0.044179
0
3DFACE
62
1
10
-0.001354
20
-0.023170
30
-0.049737
11
-0.001237
21
-0.023200
31
-0.049789
12
-0.001659
22
-0.033162
32
-0.044231
0
3DFACE
62
1
10
-0.001458
20
-0.023131
30
-0.049670
11
-0.001815
21
-0.033133
31
-0.044179
12
-0.001961
22
-0.033092
32
-0.044109
0
3DFACE
62
1
10
-0.001458
20
-0.023131
30
-0.049670
11
-0.001354
21
-0.023170
31
-0.049737
12
-0.001815
22
-0.033133
32
-0.044179
0
3DFACE
62
1
10
-0.001558
20
-0.023079
30
-0.049583
11
-0.002107
21
-0.033034
31
-0.044010
12
-0.002258
22
-0.032950
32
-0.043870
0
3DFACE
62
1
10
-0.001558
20
-0.023079
30
-0.049583
11
-0.001961
21
-0.033092
31
-0.044109
12
-0.002107
22
-0.033034
32
-0.044010
0
3DFACE
62
1
10
-0.001558
20
-0.023079
30
-0.049583
11
-0.001458
21
-0.023131
31
-0.049670
12
-0.001961
22
-0.033092
32
-0.044109
0
3DFACE
62
1
10
-0.001643
20
-0.023020
30
-0.049484
11
-0.002258
21
-0.032950
31
-0.043870
12
-0.002408
22
-0.032831
32
-0.043674
0
3DFACE
62
1
10
-0.001643
20
-0.023020
30
-0.049484
11
-0.001558
21
-0.023079
31
-0.049583
12
-0.002258
22
-0.032950
32
-0.043870
0
3DFACE
62
1
10
-0.001683
20
-0.022953
30
-0.049439
11
-0.001643
21
-0.023020
31
-0.049484
12
-0.002408
22
-0.032831
32
-0.043674
0
3DFACE
62
1
10
-0.003150
20
-0.020552
30
-0.046146
11
-0.003133
21
-0.020580
31
-0.046230
12
-0.004481
22
-0.029438
32
-0.039083
0
3DFACE
62
1
10
-0.003150
20
-0.020552
30
-0.046146
11
-0.004506
21
-0.029330
31
-0.038958
12
-0.004513
22
-0.029221
32
-0.038832
0
3DFACE
62
1
10
-0.003150
20
-0.020552
30
-0.046146
11
-0.004481
21
-0.029438
31
-0.039083
12
-0.004506
22
-0.029330
32
-0.038958
0
3DFACE
62
1
10
-0.003160
20
-0.020457
30
-0.046035
11
-0.004494
21
-0.029082
31
-0.038670
12
-0.004469
22
-0.029013
32
-0.038588
0
3DFACE
62
1
10
-0.003160
20
-0.020457
30
-0.046035
11
-0.004513
21
-0.029221
31
-0.038832
12
-0.004494
22
-0.029082
32
-0.038670
0
3DFACE
62
1
10
-0.003160
20
-0.020457
30
-0.046035
11
-0.003150
21
-0.020552
31
-0.046146
12
-0.004513
22
-0.029221
32
-0.038832
0
3DFACE
62
1
10
-0.003147
20
-0.020362
30
-0.045925
11
-0.004469
21
-0.029013
31
-0.038588
12
-0.004403
22
-0.028899
32
-0.038451
0
3DFACE
62
1
10
-0.003147
20
-0.020362
30
-0.045925
11
-0.003160
21
-0.020457
31
-0.046035
12
-0.004469
22
-0.029013
32
-0.038588
0
3DFACE
62
1
10
-0.003114
20
-0.020280
30
-0.045827
11
-0.003147
21
-0.020362
31
-0.045925
12
-0.004403
22
-0.028899
32
-0.038451
0
3DFACE
62
1
10
-0.003086
20
-0.020235
30
-0.045774
11
-0.004403
21
-0.028899
31
-0.038451
12
-0.004300
22
-0.028786
32
-0.038313
0
3DFACE
62
1
10
-0.003086
20
-0.020235
30
-0.045774
11
-0.003114
21
-0.020280
31
-0.045827
12
-0.004403
22
-0.028899
32
-0.038451
0
3DFACE
62
1
10
-0.003045
20
-0.020186
30
-0.045714
11
-0.003086
21
-0.020235
31
-0.045774
12
-0.004300
22
-0.028786
32
-0.038313
0
3DFACE
62
1
10
-0.002979
20
-0.020124
30
-0.045637
11
-0.004300
21
-0.028786
31
-0.038313
12
-0.004105
22
-0.028641
32
-0.038130
0
3DFACE
62
1
10
-0.002979
20
-0.020124
30
-0.045637
11
-0.003045
21
-0.020186
31
-0.045714
12
-0.004300
22
-0.028786
32
-0.038313
0
3DFACE
62
1
10
-0.002899
20
-0.020066
30
-0.045563
11
-0.002979
21
-0.020124
31
-0.045637
12
-0.004105
22
-0.028641
32
-0.038130
0
3DFACE
62
1
10
-0.002802
20
-0.020006
30
-0.045487
11
-0.004105
21
-0.028641
31
-0.038130
12
-0.002956
22
-0.028017
32
-0.037315
0
3DFACE
62
1
10
-0.002802
20
-0.020006
30
-0.045487
11
-0.002899
21
-0.020066
31
-0.045563
12
-0.004105
22
-0.028641
32
-0.038130
0
3DFACE
62
1
10
-0.001931
20
-0.019532
30
-0.044868
11
-0.002956
21
-0.028017
31
-0.037315
12
-0.001335
22
-0.026992
32
-0.036028
0
3DFACE
62
1
10
-0.001931
20
-0.019532
30
-0.044868
11
-0.002802
21
-0.020006
31
-0.045487
12
-0.002956
22
-0.028017
32
-0.037315
0
3DFACE
62
1
10
-0.000935
20
-0.018894
30
-0.044071
11
-0.001931
21
-0.019532
31
-0.044868
12
-0.001335
22
-0.026992
32
-0.036028
0
3DFACE
62
1
10
-0.001226
20
-0.020927
30
-0.046447
11
0.000349
21
-0.020995
31
-0.046432
12
0.000498
22
-0.029993
32
-0.039402
0
3DFACE
62
1
10
-0.001226
20
-0.020927
30
-0.046447
11
0.000498
21
-0.029993
31
-0.039402
12
-0.001513
22
-0.029902
32
-0.039414
0
3DFACE
62
1
10
-0.002275
20
-0.020921
30
-0.046517
11
-0.001513
21
-0.029902
31
-0.039414
12
-0.003521
22
-0.029870
32
-0.039523
0
3DFACE
62
1
10
-0.002275
20
-0.020921
30
-0.046517
11
-0.001226
21
-0.020927
31
-0.046447
12
-0.001513
22
-0.029902
32
-0.039414
0
3DFACE
62
1
10
-0.002503
20
-0.020904
30
-0.046514
11
-0.002275
21
-0.020921
31
-0.046517
12
-0.003521
22
-0.029870
32
-0.039523
0
3DFACE
62
1
10
-0.002657
20
-0.020876
30
-0.046492
11
-0.003521
21
-0.029870
31
-0.039523
12
-0.003685
22
-0.029846
32
-0.039507
0
3DFACE
62
1
10
-0.002657
20
-0.020876
30
-0.046492
11
-0.002503
21
-0.020904
31
-0.046514
12
-0.003521
22
-0.029870
32
-0.039523
0
3DFACE
62
1
10
-0.002778
20
-0.020839
30
-0.046457
11
-0.003685
21
-0.029846
31
-0.039507
12
-0.003845
22
-0.029810
32
-0.039475
0
3DFACE
62
1
10
-0.002778
20
-0.020839
30
-0.046457
11
-0.002657
21
-0.020876
31
-0.046492
12
-0.003685
22
-0.029846
32
-0.039507
0
3DFACE
62
1
10
-0.002888
20
-0.020791
30
-0.046407
11
-0.003845
21
-0.029810
31
-0.039475
12
-0.003997
22
-0.029760
32
-0.039426
0
3DFACE
62
1
10
-0.002888
20
-0.020791
30
-0.046407
11
-0.002778
21
-0.020839
31
-0.046457
12
-0.003845
22
-0.029810
32
-0.039475
0
3DFACE
62
1
10
-0.002995
20
-0.020727
30
-0.046339
11
-0.004151
21
-0.029689
31
-0.039353
12
-0.004314
22
-0.029585
32
-0.039242
0
3DFACE
62
1
10
-0.002995
20
-0.020727
30
-0.046339
11
-0.003997
21
-0.029760
31
-0.039426
12
-0.004151
22
-0.029689
32
-0.039353
0
3DFACE
62
1
10
-0.002995
20
-0.020727
30
-0.046339
11
-0.002888
21
-0.020791
31
-0.046407
12
-0.003997
22
-0.029760
32
-0.039426
0
3DFACE
62
1
10
-0.003088
20
-0.020653
30
-0.046260
11
-0.004314
21
-0.029585
31
-0.039242
12
-0.004481
22
-0.029438
32
-0.039083
0
3DFACE
62
1
10
-0.003088
20
-0.020653
30
-0.046260
11
-0.002995
21
-0.020727
31
-0.046339
12
-0.004314
22
-0.029585
32
-0.039242
0
3DFACE
62
1
10
-0.003133
20
-0.020580
30
-0.046230
11
-0.003088
21
-0.020653
31
-0.046260
12
-0.004481
22
-0.029438
32
-0.039083
0
3DFACE
62
1
10
-0.004890
20
-0.017704
30
-0.043509
11
-0.004865
21
-0.017745
31
-0.043585
12
-0.006959
22
-0.025382
32
-0.035300
0
3DFACE
62
1
10
-0.004890
20
-0.017704
30
-0.043509
11
-0.006994
21
-0.025256
31
-0.035197
12
-0.007013
22
-0.025129
32
-0.035091
0
3DFACE
62
1
10
-0.004890
20
-0.017704
30
-0.043509
11
-0.006959
21
-0.025382
31
-0.035300
12
-0.006994
22
-0.025256
32
-0.035197
0
3DFACE
62
1
10
-0.004909
20
-0.017592
30
-0.043416
11
-0.007008
21
-0.024966
31
-0.034952
12
-0.006991
22
-0.024885
32
-0.034880
0
3DFACE
62
1
10
-0.004909
20
-0.017592
30
-0.043416
11
-0.007013
21
-0.025129
31
-0.035091
12
-0.007008
22
-0.024966
32
-0.034952
0
3DFACE
62
1
10
-0.004909
20
-0.017592
30
-0.043416
11
-0.004890
21
-0.017704
31
-0.043509
12
-0.007013
22
-0.025129
32
-0.035091
0
3DFACE
62
1
10
-0.004907
20
-0.017482
30
-0.043321
11
-0.006991
21
-0.024885
31
-0.034880
12
-0.006937
22
-0.024750
32
-0.034757
0
3DFACE
62
1
10
-0.004907
20
-0.017482
30
-0.043321
11
-0.004909
21
-0.017592
31
-0.043416
12
-0.006991
22
-0.024885
32
-0.034880
0
3DFACE
62
1
10
-0.004883
20
-0.017385
30
-0.043235
11
-0.004907
21
-0.017482
31
-0.043321
12
-0.006937
22
-0.024750
32
-0.034757
0
3DFACE
62
1
10
-0.004860
20
-0.017333
30
-0.043187
11
-0.006937
21
-0.024750
31
-0.034757
12
-0.006847
22
-0.024617
32
-0.034629
0
3DFACE
62
1
10
-0.004860
20
-0.017333
30
-0.043187
11
-0.004883
21
-0.017385
31
-0.043235
12
-0.006937
22
-0.024750
32
-0.034757
0
3DFACE
62
1
10
-0.004824
20
-0.017274
30
-0.043132
11
-0.004860
21
-0.017333
31
-0.043187
12
-0.006847
22
-0.024617
32
-0.034629
0
3DFACE
62
1
10
-0.004765
20
-0.017201
30
-0.043060
11
-0.006847
21
-0.024617
31
-0.034629
12
-0.006669
22
-0.024443
32
-0.034452
0
3DFACE
62
1
10
-0.004765
20
-0.017201
30
-0.043060
11
-0.004824
21
-0.017274
31
-0.043132
12
-0.006847
22
-0.024617
32
-0.034629
0
3DFACE
62
1
10
-0.004693
20
-0.017130
30
-0.042989
11
-0.004765
21
-0.017201
31
-0.043060
12
-0.006669
22
-0.024443
32
-0.034452
0
3DFACE
62
1
10
-0.004602
20
-0.017059
30
-0.042913
11
-0.006669
21
-0.024443
31
-0.034452
12
-0.005600
22
-0.023690
32
-0.033639
0
3DFACE
62
1
10
-0.004602
20
-0.017059
30
-0.042913
11
-0.004693
21
-0.017130
31
-0.042989
12
-0.006669
22
-0.024443
32
-0.034452
0
3DFACE
62
1
10
-0.003791
20
-0.016487
30
-0.042297
11
-0.005600
21
-0.023690
31
-0.033639
12
-0.004101
22
-0.022464
32
-0.032380
0
3DFACE
62
1
10
-0.003791
20
-0.016487
30
-0.042297
11
-0.004602
21
-0.017059
31
-0.042913
12
-0.005600
22
-0.023690
32
-0.033639
0
3DFACE
62
1
10
-0.002871
20
-0.015725
30
-0.041517
11
-0.003791
21
-0.016487
31
-0.042297
12
-0.004101
22
-0.022464
32
-0.032380
0
3DFACE
62
1
10
-0.002949
20
-0.018107
30
-0.043562
11
-0.001383
21
-0.018160
31
-0.043386
12
-0.001976
22
-0.025943
32
-0.035050
0
3DFACE
62
1
10
-0.002949
20
-0.018107
30
-0.043562
11
-0.001976
21
-0.025943
31
-0.035050
12
-0.003976
22
-0.025870
32
-0.035269
0
3DFACE
62
1
10
-0.003986
20
-0.018120
30
-0.043732
11
-0.003976
21
-0.025870
31
-0.035269
12
-0.005965
22
-0.025870
32
-0.035573
0
3DFACE
62
1
10
-0.003986
20
-0.018120
30
-0.043732
11
-0.002949
21
-0.018107
31
-0.043562
12
-0.003976
22
-0.025870
32
-0.035269
0
3DFACE
62
1
10
-0.004213
20
-0.018105
30
-0.043754
11
-0.003986
21
-0.018120
31
-0.043732
12
-0.005965
22
-0.025870
32
-0.035573
0
3DFACE
62
1
10
-0.004368
20
-0.018074
30
-0.043751
11
-0.005965
21
-0.025870
31
-0.035573
12
-0.006129
22
-0.025846
32
-0.035577
0
3DFACE
62
1
10
-0.004368
20
-0.018074
30
-0.043751
11
-0.004213
21
-0.018105
31
-0.043754
12
-0.005965
22
-0.025870
32
-0.035573
0
3DFACE
62
1
10
-0.004492
20
-0.018034
30
-0.043734
11
-0.006129
21
-0.025846
31
-0.035577
12
-0.006291
22
-0.025806
32
-0.035567
0
3DFACE
62
1
10
-0.004492
20
-0.018034
30
-0.043734
11
-0.004368
21
-0.018074
31
-0.043751
12
-0.006129
22
-0.025846
32
-0.035577
0
3DFACE
62
1
10
-0.004606
20
-0.017979
30
-0.043704
11
-0.006291
21
-0.025806
31
-0.035567
12
-0.006446
22
-0.025751
32
-0.035541
0
3DFACE
62
1
10
-0.004606
20
-0.017979
30
-0.043704
11
-0.004492
21
-0.018034
31
-0.043734
12
-0.006291
22
-0.025806
32
-0.035567
0
3DFACE
62
1
10
-0.004719
20
-0.017906
30
-0.043657
11
-0.006606
21
-0.025670
31
-0.035495
12
-0.006778
22
-0.025551
32
-0.035418
0
3DFACE
62
1
10
-0.004719
20
-0.017906
30
-0.043657
11
-0.006446
21
-0.025751
31
-0.035541
12
-0.006606
22
-0.025670
32
-0.035495
0
3DFACE
62
1
10
-0.004719
20
-0.017906
30
-0.043657
11
-0.004606
21
-0.017979
31
-0.043704
12
-0.006446
22
-0.025751
32
-0.035541
0
3DFACE
62
1
10
-0.004818
20
-0.017821
30
-0.043599
11
-0.006778
21
-0.025551
31
-0.035418
12
-0.006959
22
-0.025382
32
-0.035300
0
3DFACE
62
1
10
-0.004818
20
-0.017821
30
-0.043599
11
-0.004719
21
-0.017906
31
-0.043657
12
-0.006778
22
-0.025551
32
-0.035418
0
3DFACE
62
1
10
-0.004865
20
-0.017745
30
-0.043585
11
-0.004818
21
-0.017821
31
-0.043599
12
-0.006959
22
-0.025382
32
-0.035300
0
3DFACE
62
1
10
-0.006853
20
-0.014491
30
-0.041530
11
-0.006821
21
-0.014543
31
-0.041597
12
-0.009757
22
-0.020802
32
-0.032456
0
3DFACE
62
1
10
-0.006853
20
-0.014491
30
-0.041530
11
-0.009801
21
-0.020662
31
-0.032377
12
-0.009829
22
-0.020520
32
-0.032295
0
3DFACE
62
1
10
-0.006853
20
-0.014491
30
-0.041530
11
-0.009757
21
-0.020802
31
-0.032456
12
-0.009801
22
-0.020662
32
-0.032377
0
3DFACE
62
1
10
-0.006880
20
-0.014366
30
-0.041459
11
-0.009836
21
-0.020338
31
-0.032183
12
-0.009825
22
-0.020246
32
-0.032124
0
3DFACE
62
1
10
-0.006880
20
-0.014366
30
-0.041459
11
-0.009829
21
-0.020520
31
-0.032295
12
-0.009836
22
-0.020338
32
-0.032183
0
3DFACE
62
1
10
-0.006880
20
-0.014366
30
-0.041459
11
-0.006853
21
-0.014491
31
-0.041530
12
-0.009829
22
-0.020520
32
-0.032295
0
3DFACE
62
1
10
-0.006886
20
-0.014242
30
-0.041383
11
-0.009825
21
-0.020246
31
-0.032124
12
-0.009782
22
-0.020093
32
-0.032018
0
3DFACE
62
1
10
-0.006886
20
-0.014242
30
-0.041383
11
-0.006880
21
-0.014366
31
-0.041459
12
-0.009825
22
-0.020246
32
-0.032124
0
3DFACE
62
1
10
-0.006869
20
-0.014133
30
-0.041311
11
-0.006886
21
-0.014242
31
-0.041383
12
-0.009782
22
-0.020093
32
-0.032018
0
3DFACE
62
1
10
-0.006851
20
-0.014073
30
-0.041270
11
-0.009782
21
-0.020093
31
-0.032018
12
-0.009704
22
-0.019940
32
-0.031905
0
3DFACE
62
1
10
-0.006851
20
-0.014073
30
-0.041270
11
-0.006869
21
-0.014133
31
-0.041311
12
-0.009782
22
-0.020093
32
-0.032018
0
3DFACE
62
1
10
-0.006820
20
-0.014006
30
-0.041221
11
-0.006851
21
-0.014073
31
-0.041270
12
-0.009704
22
-0.019940
32
-0.031905
0
3DFACE
62
1
10
-0.006768
20
-0.013923
30
-0.041156
11
-0.009704
21
-0.019940
31
-0.031905
12
-0.009543
22
-0.019740
32
-0.031742
0
3DFACE
62
1
10
-0.006768
20
-0.013923
30
-0.041156
11
-0.006820
21
-0.014006
31
-0.041221
12
-0.009704
22
-0.019940
32
-0.031905
0
3DFACE
62
1
10
-0.006702
20
-0.013841
30
-0.041090
11
-0.006768
21
-0.013923
31
-0.041156
12
-0.009543
22
-0.019740
32
-0.031742
0
3DFACE
62
1
10
-0.006619
20
-0.013759
30
-0.041018
11
-0.009543
21
-0.019740
31
-0.031742
12
-0.008550
22
-0.018861
32
-0.030958
0
3DFACE
62
1
10
-0.006619
20
-0.013759
30
-0.041018
11
-0.006702
21
-0.013841
31
-0.041090
12
-0.009543
22
-0.019740
32
-0.031742
0
3DFACE
62
1
10
-0.005866
20
-0.013091
30
-0.040424
11
-0.008550
21
-0.018861
31
-0.030958
12
-0.007170
22
-0.017441
32
-0.029769
0
3DFACE
62
1
10
-0.005866
20
-0.013091
30
-0.040424
11
-0.006619
21
-0.013759
31
-0.041018
12
-0.008550
22
-0.018861
32
-0.030958
0
3DFACE
62
1
10
-0.005019
20
-0.012209
30
-0.039689
11
-0.005866
21
-0.013091
31
-0.040424
12
-0.007170
22
-0.017441
32
-0.029769
0
3DFACE
62
1
10
-0.004919
20
-0.014883
30
-0.041333
11
-0.003378
21
-0.014896
31
-0.041002
12
-0.004825
22
-0.021279
32
-0.031645
0
3DFACE
62
1
10
-0.004919
20
-0.014883
30
-0.041333
11
-0.004825
21
-0.021279
31
-0.031645
12
-0.006795
22
-0.021257
32
-0.032063
0
3DFACE
62
1
10
-0.005935
20
-0.014930
30
-0.041598
11
-0.006795
21
-0.021257
31
-0.032063
12
-0.008745
22
-0.021320
32
-0.032552
0
3DFACE
62
1
10
-0.005935
20
-0.014930
30
-0.041598
11
-0.004919
21
-0.014883
31
-0.041333
12
-0.006795
22
-0.021257
32
-0.032063
0
3DFACE
62
1
10
-0.006159
20
-0.014920
30
-0.041644
11
-0.005935
21
-0.014930
31
-0.041598
12
-0.008745
22
-0.021320
32
-0.032552
0
3DFACE
62
1
10
-0.006313
20
-0.014891
30
-0.041660
11
-0.008745
21
-0.021320
31
-0.032552
12
-0.008908
22
-0.021298
32
-0.032575
0
3DFACE
62
1
10
-0.006313
20
-0.014891
30
-0.041660
11
-0.006159
21
-0.014920
31
-0.041644
12
-0.008745
22
-0.021320
32
-0.032552
0
3DFACE
62
1
10
-0.006438
20
-0.014849
30
-0.041662
11
-0.008908
21
-0.021298
31
-0.032575
12
-0.009069
22
-0.021258
32
-0.032587
0
3DFACE
62
1
10
-0.006438
20
-0.014849
30
-0.041662
11
-0.006313
21
-0.014891
31
-0.041660
12
-0.008908
22
-0.021298
32
-0.032575
0
3DFACE
62
1
10
-0.006554
20
-0.014791
30
-0.041651
11
-0.009069
21
-0.021258
31
-0.032587
12
-0.009226
22
-0.021200
32
-0.032586
0
3DFACE
62
1
10
-0.006554
20
-0.014791
30
-0.041651
11
-0.006438
21
-0.014849
31
-0.041662
12
-0.009069
22
-0.021258
32
-0.032587
0
3DFACE
62
1
10
-0.006670
20
-0.014712
30
-0.041628
11
-0.009389
21
-0.021114
31
-0.032568
12
-0.009567
22
-0.020987
32
-0.032528
0
3DFACE
62
1
10
-0.006670
20
-0.014712
30
-0.041628
11
-0.009226
21
-0.021200
31
-0.032586
12
-0.009389
22
-0.021114
32
-0.032568
0
3DFACE
62
1
10
-0.006670
20
-0.014712
30
-0.041628
11
-0.006554
21
-0.014791
31
-0.041651
12
-0.009226
22
-0.021200
32
-0.032586
0
3DFACE
62
1
10
-0.006774
20
-0.014620
30
-0.041594
11
-0.009567
21
-0.020987
31
-0.032528
12
-0.009757
22
-0.020802
32
-0.032456
0
3DFACE
62
1
10
-0.006774
20
-0.014620
30
-0.041594
11
-0.006670
21
-0.014712
31
-0.041628
12
-0.009567
22
-0.020987
32
-0.032528
0
3DFACE
62
1
10
-0.006821
20
-0.014543
30
-0.041597
11
-0.006774
21
-0.014620
31
-0.041594
12
-0.009757
22
-0.020802
32
-0.032456
0
3DFACE
62
1
10
-0.008972
20
-0.011022
30
-0.040278
11
-0.008934
21
-0.011084
31
-0.040331
12
-0.012779
22
-0.015855
32
-0.030646
0
3DFACE
62
1
10
-0.008972
20
-0.011022
30
-0.040278
11
-0.012830
21
-0.015704
31
-0.030595
12
-0.012864
22
-0.015551
32
-0.030539
0
3DFACE
62
1
10
-0.008972
20
-0.011022
30
-0.040278
11
-0.012779
21
-0.015855
31
-0.030646
12
-0.012830
22
-0.015704
32
-0.030595
0
3DFACE
62
1
10
-0.009005
20
-0.010888
30
-0.040229
11
-0.012881
21
-0.015353
31
-0.030458
12
-0.012875
22
-0.015254
32
-0.030413
0
3DFACE
62
1
10
-0.009005
20
-0.010888
30
-0.040229
11
-0.012864
21
-0.015551
31
-0.030539
12
-0.012881
22
-0.015353
32
-0.030458
0
3DFACE
62
1
10
-0.009005
20
-0.010888
30
-0.040229
11
-0.008972
21
-0.011022
31
-0.040278
12
-0.012864
22
-0.015551
32
-0.030539
0
3DFACE
62
1
10
-0.009017
20
-0.010754
30
-0.040174
11
-0.012875
21
-0.015254
31
-0.030413
12
-0.012841
22
-0.015086
32
-0.030330
0
3DFACE
62
1
10
-0.009017
20
-0.010754
30
-0.040174
11
-0.009005
21
-0.010888
31
-0.040229
12
-0.012875
22
-0.015254
32
-0.030413
0
3DFACE
62
1
10
-0.009007
20
-0.010634
30
-0.040119
11
-0.009017
21
-0.010754
31
-0.040174
12
-0.012841
22
-0.015086
32
-0.030330
0
3DFACE
62
1
10
-0.008992
20
-0.010569
30
-0.040086
11
-0.012841
21
-0.015086
31
-0.030330
12
-0.012773
22
-0.014917
32
-0.030235
0
3DFACE
62
1
10
-0.008992
20
-0.010569
30
-0.040086
11
-0.009007
21
-0.010634
31
-0.040119
12
-0.012841
22
-0.015086
32
-0.030330
0
3DFACE
62
1
10
-0.008966
20
-0.010495
30
-0.040046
11
-0.008992
21
-0.010569
31
-0.040086
12
-0.012773
22
-0.014917
32
-0.030235
0
3DFACE
62
1
10
-0.008919
20
-0.010402
30
-0.039991
11
-0.012773
21
-0.014917
31
-0.030235
12
-0.012627
22
-0.014692
32
-0.030090
0
3DFACE
62
1
10
-0.008919
20
-0.010402
30
-0.039991
11
-0.008966
21
-0.010495
31
-0.040046
12
-0.012773
22
-0.014917
32
-0.030235
0
3DFACE
62
1
10
-0.008859
20
-0.010311
30
-0.039932
11
-0.008919
21
-0.010402
31
-0.039991
12
-0.012627
22
-0.014692
32
-0.030090
0
3DFACE
62
1
10
-0.008782
20
-0.010217
30
-0.039867
11
-0.012627
21
-0.014692
31
-0.030090
12
-0.011707
22
-0.013693
32
-0.029363
0
3DFACE
62
1
10
-0.008782
20
-0.010217
30
-0.039867
11
-0.008859
21
-0.010311
31
-0.039932
12
-0.012627
22
-0.014692
32
-0.030090
0
3DFACE
62
1
10
-0.008085
20
-0.009458
30
-0.039315
11
-0.011707
21
-0.013693
31
-0.029363
12
-0.010437
22
-0.012094
32
-0.028284
0
3DFACE
62
1
10
-0.008085
20
-0.009458
30
-0.039315
11
-0.008782
21
-0.010217
31
-0.039867
12
-0.011707
22
-0.013693
32
-0.029363
0
3DFACE
62
1
10
-0.007306
20
-0.008466
30
-0.038650
11
-0.008085
21
-0.009458
31
-0.039315
12
-0.010437
22
-0.012094
32
-0.028284
0
3DFACE
62
1
10
-0.007068
20
-0.011364
30
-0.039837
11
-0.005566
21
-0.011313
31
-0.039362
12
-0.007952
22
-0.016161
32
-0.029301
0
3DFACE
62
1
10
-0.007068
20
-0.011364
30
-0.039837
11
-0.007952
21
-0.016161
31
-0.029301
12
-0.009872
22
-0.016219
32
-0.029904
0
3DFACE
62
1
10
-0.008055
20
-0.011460
30
-0.040187
11
-0.009872
21
-0.016219
31
-0.029904
12
-0.011767
22
-0.016373
32
-0.030563
0
3DFACE
62
1
10
-0.008055
20
-0.011460
30
-0.040187
11
-0.007068
21
-0.011364
31
-0.039837
12
-0.009872
22
-0.016219
32
-0.029904
0
3DFACE
62
1
10
-0.008274
20
-0.011458
30
-0.040255
11
-0.008055
21
-0.011460
31
-0.040187
12
-0.011767
22
-0.016373
32
-0.030563
0
3DFACE
62
1
10
-0.008425
20
-0.011433
30
-0.040291
11
-0.011767
21
-0.016373
31
-0.030563
12
-0.011926
22
-0.016356
32
-0.030604
0
3DFACE
62
1
10
-0.008425
20
-0.011433
30
-0.040291
11
-0.008274
21
-0.011458
31
-0.040255
12
-0.011767
22
-0.016373
32
-0.030563
0
3DFACE
62
1
10
-0.008549
20
-0.011393
30
-0.040311
11
-0.011926
21
-0.016356
31
-0.030604
12
-0.012086
22
-0.016320
32
-0.030638
0
3DFACE
62
1
10
-0.008549
20
-0.011393
30
-0.040311
11
-0.008425
21
-0.011433
31
-0.040291
12
-0.011926
22
-0.016356
32
-0.030604
0
3DFACE
62
1
10
-0.008665
20
-0.011335
30
-0.040321
11
-0.012086
21
-0.016320
31
-0.030638
12
-0.012242
22
-0.016264
32
-0.030660
0
3DFACE
62
1
10
-0.008665
20
-0.011335
30
-0.040321
11
-0.008549
21
-0.011393
31
-0.040311
12
-0.012086
22
-0.016320
32
-0.030638
0
3DFACE
62
1
10
-0.008782
20
-0.011255
30
-0.040321
11
-0.012405
21
-0.016178
31
-0.030672
12
-0.012585
22
-0.016047
32
-0.030670
0
3DFACE
62
1
10
-0.008782
20
-0.011255
30
-0.040321
11
-0.012242
21
-0.016264
31
-0.030660
12
-0.012405
22
-0.016178
32
-0.030672
0
3DFACE
62
1
10
-0.008782
20
-0.011255
30
-0.040321
11
-0.008665
21
-0.011335
31
-0.040321
12
-0.012242
22
-0.016264
32
-0.030660
0
3DFACE
62
1
10
-0.008888
20
-0.011160
30
-0.040312
11
-0.012585
21
-0.016047
31
-0.030670
12
-0.012779
22
-0.015855
32
-0.030646
0
3DFACE
62
1
10
-0.008888
20
-0.011160
30
-0.040312
11
-0.008782
21
-0.011255
31
-0.040321
12
-0.012585
22
-0.016047
32
-0.030670
0
3DFACE
62
1
10
-0.008934
20
-0.011084
30
-0.040331
11
-0.008888
21
-0.011160
31
-0.040312
12
-0.012779
22
-0.015855
32
-0.030646
0
3DFACE
62
1
10
-0.011175
20
-0.007416
30
-0.039793
11
-0.011133
21
-0.007486
31
-0.039832
12
-0.015924
22
-0.010707
32
-0.029932
0
3DFACE
62
1
10
-0.011175
20
-0.007416
30
-0.039793
11
-0.015978
21
-0.010551
31
-0.029911
12
-0.016017
22
-0.010392
32
-0.029883
0
3DFACE
62
1
10
-0.011175
20
-0.007416
30
-0.039793
11
-0.015924
21
-0.010707
31
-0.029932
12
-0.015978
22
-0.010551
32
-0.029911
0
3DFACE
62
1
10
-0.011211
20
-0.007277
30
-0.039769
11
-0.016039
21
-0.010184
31
-0.029836
12
-0.016037
22
-0.010078
32
-0.029807
0
3DFACE
62
1
10
-0.011211
20
-0.007277
30
-0.039769
11
-0.016017
21
-0.010392
31
-0.029883
12
-0.016039
22
-0.010184
32
-0.029836
0
3DFACE
62
1
10
-0.011211
20
-0.007277
30
-0.039769
11
-0.011175
21
-0.007416
31
-0.039793
12
-0.016017
22
-0.010392
32
-0.029883
0
3DFACE
62
1
10
-0.011227
20
-0.007135
30
-0.039738
11
-0.016037
21
-0.010078
31
-0.029807
12
-0.016010
22
-0.009899
32
-0.029748
0
3DFACE
62
1
10
-0.011227
20
-0.007135
30
-0.039738
11
-0.011211
21
-0.007277
31
-0.039769
12
-0.016037
22
-0.010078
32
-0.029807
0
3DFACE
62
1
10
-0.011222
20
-0.007009
30
-0.039701
11
-0.011227
21
-0.007135
31
-0.039738
12
-0.016010
22
-0.009899
32
-0.029748
0
3DFACE
62
1
10
-0.011209
20
-0.006939
30
-0.039678
11
-0.016010
21
-0.009899
31
-0.029748
12
-0.015950
22
-0.009716
32
-0.029674
0
3DFACE
62
1
10
-0.011209
20
-0.006939
30
-0.039678
11
-0.011222
21
-0.007009
31
-0.039701
12
-0.016010
22
-0.009899
32
-0.029748
0
3DFACE
62
1
10
-0.011187
20
-0.006859
30
-0.039647
11
-0.011209
21
-0.006939
31
-0.039678
12
-0.015950
22
-0.009716
32
-0.029674
0
3DFACE
62
1
10
-0.011145
20
-0.006758
30
-0.039603
11
-0.015950
21
-0.009716
31
-0.029674
12
-0.015816
22
-0.009470
32
-0.029554
0
3DFACE
62
1
10
-0.011145
20
-0.006758
30
-0.039603
11
-0.011187
21
-0.006859
31
-0.039647
12
-0.015950
22
-0.009716
32
-0.029674
0
3DFACE
62
1
10
-0.011090
20
-0.006659
30
-0.039554
11
-0.011145
21
-0.006758
31
-0.039603
12
-0.015816
22
-0.009470
32
-0.029554
0
3DFACE
62
1
10
-0.011019
20
-0.006555
30
-0.039497
11
-0.015816
21
-0.009470
31
-0.029554
12
-0.014963
22
-0.008363
32
-0.028907
0
3DFACE
62
1
10
-0.011019
20
-0.006555
30
-0.039497
11
-0.011090
21
-0.006659
31
-0.039554
12
-0.015816
22
-0.009470
32
-0.029554
0
3DFACE
62
1
10
-0.010373
20
-0.005714
30
-0.039007
11
-0.014963
21
-0.008363
31
-0.028907
12
-0.013790
22
-0.006605
32
-0.027976
0
3DFACE
62
1
10
-0.010373
20
-0.005714
30
-0.039007
11
-0.011019
21
-0.006555
31
-0.039497
12
-0.014963
22
-0.008363
32
-0.028907
0
3DFACE
62
1
10
-0.009653
20
-0.004624
30
-0.038434
11
-0.010373
21
-0.005714
31
-0.039007
12
-0.013790
22
-0.006605
32
-0.027976
0
3DFACE
62
1
10
-0.009325
20
-0.007670
30
-0.039124
11
-0.007875
21
-0.007534
31
-0.038521
12
-0.011250
22
-0.010763
32
-0.028100
0
3DFACE
62
1
10
-0.009325
20
-0.007670
30
-0.039124
11
-0.011250
21
-0.010763
31
-0.028100
12
-0.013104
22
-0.010929
32
-0.028868
0
3DFACE
62
1
10
-0.010274
20
-0.007827
30
-0.039548
11
-0.013104
21
-0.010929
31
-0.028868
12
-0.014928
22
-0.011199
32
-0.029672
0
3DFACE
62
1
10
-0.010274
20
-0.007827
30
-0.039548
11
-0.009325
21
-0.007670
31
-0.039124
12
-0.013104
22
-0.010929
32
-0.028868
0
3DFACE
62
1
10
-0.010485
20
-0.007838
30
-0.039635
11
-0.010274
21
-0.007827
31
-0.039548
12
-0.014928
22
-0.011199
32
-0.029672
0
3DFACE
62
1
10
-0.010632
20
-0.007820
30
-0.039689
11
-0.014928
21
-0.011199
31
-0.029672
12
-0.015083
22
-0.011189
32
-0.029731
0
3DFACE
62
1
10
-0.010632
20
-0.007820
30
-0.039689
11
-0.010485
21
-0.007838
31
-0.039635
12
-0.014928
22
-0.011199
32
-0.029672
0
3DFACE
62
1
10
-0.010754
20
-0.007785
30
-0.039727
11
-0.015083
21
-0.011189
31
-0.029731
12
-0.015238
22
-0.011161
32
-0.029785
0
3DFACE
62
1
10
-0.010754
20
-0.007785
30
-0.039727
11
-0.010632
21
-0.007820
31
-0.039689
12
-0.015083
22
-0.011189
32
-0.029731
0
3DFACE
62
1
10
-0.010867
20
-0.007730
30
-0.039757
11
-0.015238
21
-0.011161
31
-0.029785
12
-0.015390
22
-0.011110
32
-0.029831
0
3DFACE
62
1
10
-0.010867
20
-0.007730
30
-0.039757
11
-0.010754
21
-0.007785
31
-0.039727
12
-0.015238
22
-0.011161
32
-0.029785
0
3DFACE
62
1
10
-0.010983
20
-0.007651
30
-0.039781
11
-0.015551
21
-0.011028
31
-0.029872
12
-0.015730
22
-0.010899
32
-0.029907
0
3DFACE
62
1
10
-0.010983
20
-0.007651
30
-0.039781
11
-0.015390
21
-0.011110
31
-0.029831
12
-0.015551
22
-0.011028
32
-0.029872
0
3DFACE
62
1
10
-0.010983
20
-0.007651
30
-0.039781
11
-0.010867
21
-0.007730
31
-0.039757
12
-0.015390
22
-0.011110
32
-0.029831
0
3DFACE
62
1
10
-0.011089
20
-0.007557
30
-0.039797
11
-0.015730
21
-0.010899
31
-0.029907
12
-0.015924
22
-0.010707
32
-0.029932
0
3DFACE
62
1
10
-0.011089
20
-0.007557
30
-0.039797
11
-0.010983
21
-0.007651
31
-0.039781
12
-0.015730
22
-0.010899
32
-0.029907
0
3DFACE
62
1
10
-0.011133
20
-0.007486
30
-0.039832
11
-0.011089
21
-0.007557
31
-0.039797
12
-0.015924
22
-0.010707
32
-0.029932
0
3DFACE
62
1
10
-0.013387
20
-0.003796
30
-0.040093
11
-0.013342
21
-0.003870
31
-0.040117
12
-0.019083
22
-0.005536
32
-0.030339
0
3DFACE
62
1
10
-0.013387
20
-0.003796
30
-0.040093
11
-0.019138
21
-0.005378
31
-0.030347
12
-0.019178
22
-0.005217
32
-0.030349
0
3DFACE
62
1
10
-0.013387
20
-0.003796
30
-0.040093
11
-0.019083
21
-0.005536
31
-0.030339
12
-0.019138
22
-0.005378
32
-0.030347
0
3DFACE
62
1
10
-0.013424
20
-0.003654
30
-0.040095
11
-0.019204
21
-0.005004
31
-0.030337
12
-0.019203
22
-0.004895
32
-0.030325
0
3DFACE
62
1
10
-0.013424
20
-0.003654
30
-0.040095
11
-0.019178
21
-0.005217
31
-0.030349
12
-0.019204
22
-0.005004
32
-0.030337
0
3DFACE
62
1
10
-0.013424
20
-0.003654
30
-0.040095
11
-0.013387
21
-0.003796
31
-0.040093
12
-0.019178
22
-0.005217
32
-0.030349
0
3DFACE
62
1
10
-0.013442
20
-0.003510
30
-0.040088
11
-0.019203
21
-0.004895
31
-0.030325
12
-0.019181
22
-0.004709
32
-0.030293
0
3DFACE
62
1
10
-0.013442
20
-0.003510
30
-0.040088
11
-0.013424
21
-0.003654
31
-0.040095
12
-0.019203
22
-0.004895
32
-0.030325
0
3DFACE
62
1
10
-0.013439
20
-0.003379
30
-0.040071
11
-0.013442
21
-0.003510
31
-0.040088
12
-0.019181
22
-0.004709
32
-0.030293
0
3DFACE
62
1
10
-0.013428
20
-0.003307
30
-0.040058
11
-0.019181
21
-0.004709
31
-0.030293
12
-0.019127
22
-0.004517
32
-0.030243
0
3DFACE
62
1
10
-0.013428
20
-0.003307
30
-0.040058
11
-0.013439
21
-0.003379
31
-0.040071
12
-0.019181
22
-0.004709
32
-0.030293
0
3DFACE
62
1
10
-0.013408
20
-0.003223
30
-0.040038
11
-0.013428
21
-0.003307
31
-0.040058
12
-0.019127
22
-0.004517
32
-0.030243
0
3DFACE
62
1
10
-0.013370
20
-0.003116
30
-0.040006
11
-0.019127
21
-0.004517
31
-0.030243
12
-0.019003
22
-0.004254
32
-0.030150
0
3DFACE
62
1
10
-0.013370
20
-0.003116
30
-0.040006
11
-0.013408
21
-0.003223
31
-0.040038
12
-0.019127
22
-0.004517
32
-0.030243
0
3DFACE
62
1
10
-0.013319
20
-0.003009
30
-0.039968
11
-0.013370
21
-0.003116
31
-0.040006
12
-0.019003
22
-0.004254
32
-0.030150
0
3DFACE
62
1
10
-0.013254
20
-0.002898
30
-0.039922
11
-0.019003
21
-0.004254
31
-0.030150
12
-0.018207
22
-0.003053
32
-0.029607
0
3DFACE
62
1
10
-0.013254
20
-0.002898
30
-0.039922
11
-0.013319
21
-0.003009
31
-0.039968
12
-0.019003
22
-0.004254
32
-0.030150
0
3DFACE
62
1
10
-0.012651
20
-0.001986
30
-0.039511
11
-0.018207
21
-0.003053
31
-0.029607
12
-0.017115
22
-0.001162
32
-0.028855
0
3DFACE
62
1
10
-0.012651
20
-0.001986
30
-0.039511
11
-0.013254
21
-0.002898
31
-0.039922
12
-0.018207
22
-0.003053
32
-0.029607
0
3DFACE
62
1
10
-0.011981
20
-0.000813
30
-0.039049
11
-0.012651
21
-0.001986
31
-0.039511
12
-0.017115
22
-0.001162
32
-0.028855
0
3DFACE
62
1
10
-0.011611
20
-0.003928
30
-0.039218
11
-0.010225
21
-0.003687
31
-0.038508
12
-0.014607
22
-0.005268
32
-0.028081
0
3DFACE
62
1
10
-0.011611
20
-0.003928
30
-0.039218
11
-0.014607
21
-0.005268
31
-0.028081
12
-0.016380
22
-0.005567
32
-0.028987
0
3DFACE
62
1
10
-0.012517
20
-0.004156
30
-0.039701
11
-0.016380
21
-0.005567
31
-0.028987
12
-0.018120
22
-0.005973
32
-0.029911
0
3DFACE
62
1
10
-0.012517
20
-0.004156
30
-0.039701
11
-0.011611
21
-0.003928
31
-0.039218
12
-0.016380
22
-0.005567
32
-0.028987
0
3DFACE
62
1
10
-0.012719
20
-0.004183
30
-0.039806
11
-0.012517
21
-0.004156
31
-0.039701
12
-0.018120
22
-0.005973
32
-0.029911
0
3DFACE
62
1
10
-0.012860
20
-0.004174
30
-0.039875
11
-0.018120
21
-0.005973
31
-0.029911
12
-0.018269
22
-0.005974
32
-0.029985
0
3DFACE
62
1
10
-0.012860
20
-0.004174
30
-0.039875
11
-0.012719
21
-0.004183
31
-0.039806
12
-0.018120
22
-0.005973
32
-0.029911
0
3DFACE
62
1
10
-0.012977
20
-0.004146
30
-0.039930
11
-0.018269
21
-0.005974
31
-0.029985
12
-0.018418
22
-0.005955
32
-0.030057
0
3DFACE
62
1
10
-0.012977
20
-0.004146
30
-0.039930
11
-0.012860
21
-0.004174
31
-0.039875
12
-0.018269
22
-0.005974
32
-0.029985
0
3DFACE
62
1
10
-0.013086
20
-0.004098
30
-0.039978
11
-0.018418
21
-0.005955
31
-0.030057
12
-0.018565
22
-0.005913
32
-0.030125
0
3DFACE
62
1
10
-0.013086
20
-0.004098
30
-0.039978
11
-0.012977
21
-0.004146
31
-0.039930
12
-0.018418
22
-0.005955
32
-0.030057
0
3DFACE
62
1
10
-0.013199
20
-0.004025
30
-0.040026
11
-0.018721
21
-0.005840
31
-0.030194
12
-0.018894
22
-0.005720
32
-0.030265
0
3DFACE
62
1
10
-0.013199
20
-0.004025
30
-0.040026
11
-0.018565
21
-0.005913
31
-0.030125
12
-0.018721
22
-0.005840
32
-0.030194
0
3DFACE
62
1
10
-0.013199
20
-0.004025
30
-0.040026
11
-0.013086
21
-0.004098
31
-0.039978
12
-0.018565
22
-0.005913
32
-0.030125
0
3DFACE
62
1
10
-0.013302
20
-0.003934
30
-0.040067
11
-0.018894
21
-0.005720
31
-0.030265
12
-0.019083
22
-0.005536
32
-0.030339
0
3DFACE
62
1
10
-0.013302
20
-0.003934
30
-0.040067
11
-0.013199
21
-0.004025
31
-0.040026
12
-0.018894
22
-0.005720
32
-0.030265
0
3DFACE
62
1
10
-0.013342
20
-0.003870
30
-0.040117
11
-0.013302
21
-0.003934
31
-0.040067
12
-0.019083
22
-0.005536
32
-0.030339
0
3DFACE
62
1
10
-0.015532
20
-0.000284
30
-0.041167
11
-0.015485
21
-0.000361
31
-0.041175
12
-0.022150
22
-0.000516
32
-0.031852
0
3DFACE
62
1
10
-0.015532
20
-0.000284
30
-0.041167
11
-0.022202
21
-0.000362
31
-0.031891
12
-0.022241
22
-0.000204
32
-0.031921
0
3DFACE
62
1
10
-0.015532
20
-0.000284
30
-0.041167
11
-0.022150
21
-0.000516
31
-0.031852
12
-0.022202
22
-0.000362
32
-0.031891
0
3DFACE
62
1
10
-0.015568
20
-0.000145
30
-0.041195
11
-0.022266
21
0.000008
31
-0.031946
12
-0.022266
22
0.000118
32
-0.031951
0
3DFACE
62
1
10
-0.015568
20
-0.000145
30
-0.041195
11
-0.022241
21
-0.000204
31
-0.031921
12
-0.022266
22
0.000008
32
-0.031946
0
3DFACE
62
1
10
-0.015568
20
-0.000145
30
-0.041195
11
-0.015532
21
-0.000284
31
-0.041167
12
-0.022241
22
-0.000204
32
-0.031921
0
3DFACE
62
1
10
-0.015586
20
-0.000001
30
-0.041212
11
-0.022266
21
0.000118
31
-0.031951
12
-0.022245
22
0.000307
32
-0.031946
0
3DFACE
62
1
10
-0.015586
20
-0.000001
30
-0.041212
11
-0.015568
21
-0.000145
31
-0.041195
12
-0.022266
22
0.000118
32
-0.031951
0
3DFACE
62
1
10
-0.015583
20
0.000131
30
-0.041216
11
-0.015586
21
-0.000001
31
-0.041212
12
-0.022245
22
0.000307
32
-0.031946
0
3DFACE
62
1
10
-0.015573
20
0.000204
30
-0.041213
11
-0.022245
21
0.000307
31
-0.031946
12
-0.022195
22
0.000505
32
-0.031922
0
3DFACE
62
1
10
-0.015573
20
0.000204
30
-0.041213
11
-0.015583
21
0.000131
31
-0.041216
12
-0.022245
22
0.000307
32
-0.031946
0
3DFACE
62
1
10
-0.015555
20
0.000290
30
-0.041205
11
-0.015573
21
0.000204
31
-0.041213
12
-0.022195
22
0.000505
32
-0.031922
0
3DFACE
62
1
10
-0.015519
20
0.000402
30
-0.041187
11
-0.022195
21
0.000505
31
-0.031922
12
-0.022079
22
0.000780
32
-0.031860
0
3DFACE
62
1
10
-0.015519
20
0.000402
30
-0.041187
11
-0.015555
21
0.000290
31
-0.041205
12
-0.022195
22
0.000505
32
-0.031922
0
3DFACE
62
1
10
-0.015471
20
0.000513
30
-0.041162
11
-0.015519
21
0.000402
31
-0.041187
12
-0.022079
22
0.000780
32
-0.031860
0
3DFACE
62
1
10
-0.015409
20
0.000631
30
-0.041127
11
-0.022079
21
0.000780
31
-0.031860
12
-0.021329
22
0.002058
32
-0.031438
0
3DFACE
62
1
10
-0.015409
20
0.000631
30
-0.041127
11
-0.015471
21
0.000513
31
-0.041162
12
-0.022079
22
0.000780
32
-0.031860
0
3DFACE
62
1
10
-0.014841
20
0.001601
30
-0.040808
11
-0.021329
21
0.002058
31
-0.031438
12
-0.020300
22
0.004051
32
-0.030891
0
3DFACE
62
1
10
-0.014841
20
0.001601
30
-0.040808
11
-0.015409
21
0.000631
31
-0.041127
12
-0.021329
22
0.002058
32
-0.031438
0
3DFACE
62
1
10
-0.014210
20
0.002836
30
-0.040474
11
-0.014841
21
0.001601
31
-0.040808
12
-0.020300
22
0.004051
32
-0.030891
0
3DFACE
62
1
10
-0.013850
20
-0.000264
30
-0.040117
11
-0.012536
21
0.000096
31
-0.039323
12
-0.017909
22
0.000137
32
-0.029246
0
3DFACE
62
1
10
-0.013850
20
-0.000264
30
-0.040117
11
-0.017909
21
0.000137
31
-0.029246
12
-0.019589
22
-0.000314
32
-0.030260
0
3DFACE
62
1
10
-0.014706
20
-0.000572
30
-0.040642
11
-0.019589
21
-0.000314
31
-0.030260
12
-0.021236
22
-0.000873
32
-0.031270
0
3DFACE
62
1
10
-0.014706
20
-0.000572
30
-0.040642
11
-0.013850
21
-0.000264
31
-0.040117
12
-0.019589
22
-0.000314
32
-0.030260
0
3DFACE
62
1
10
-0.014898
20
-0.000616
30
-0.040760
11
-0.014706
21
-0.000572
31
-0.040642
12
-0.021236
22
-0.000873
32
-0.031270
0
3DFACE
62
1
10
-0.015032
20
-0.000620
30
-0.040843
11
-0.021236
21
-0.000873
31
-0.031270
12
-0.021377
22
-0.000887
32
-0.031358
0
3DFACE
62
1
10
-0.015032
20
-0.000620
30
-0.040843
11
-0.014898
21
-0.000616
31
-0.040760
12
-0.021236
22
-0.000873
32
-0.031270
0
3DFACE
62
1
10
-0.015142
20
-0.000601
30
-0.040913
11
-0.021377
21
-0.000887
31
-0.031358
12
-0.021518
22
-0.000881
32
-0.031446
0
3DFACE
62
1
10
-0.015142
20
-0.000601
30
-0.040913
11
-0.015032
21
-0.000620
31
-0.040843
12
-0.021377
22
-0.000887
32
-0.031358
0
3DFACE
62
1
10
-0.015246
20
-0.000562
30
-0.040979
11
-0.021518
21
-0.000881
31
-0.031446
12
-0.021657
22
-0.000851
32
-0.031533
0
3DFACE
62
1
10
-0.015246
20
-0.000562
30
-0.040979
11
-0.015142
21
-0.000601
31
-0.040913
12
-0.021518
22
-0.000881
32
-0.031446
0
3DFACE
62
1
10
-0.015353
20
-0.000498
30
-0.041047
11
-0.021805
21
-0.000791
31
-0.031627
12
-0.021970
22
-0.000685
32
-0.031733
0
3DFACE
62
1
10
-0.015353
20
-0.000498
30
-0.041047
11
-0.021657
21
-0.000851
31
-0.031533
12
-0.021805
22
-0.000791
32
-0.031627
0
3DFACE
62
1
10
-0.015353
20
-0.000498
30
-0.041047
11
-0.015246
21
-0.000562
31
-0.040979
12
-0.021657
22
-0.000851
32
-0.031533
0
3DFACE
62
1
10
-0.015452
20
-0.000416
30
-0.041112
11
-0.021970
21
-0.000685
31
-0.031733
12
-0.022150
22
-0.000516
32
-0.031852
0
3DFACE
62
1
10
-0.015452
20
-0.000416
30
-0.041112
11
-0.015353
21
-0.000498
31
-0.041047
12
-0.021970
22
-0.000685
32
-0.031733
0
3DFACE
62
1
10
-0.015485
20
-0.000361
30
-0.041175
11
-0.015452
21
-0.000416
31
-0.041112
12
-0.022150
22
-0.000516
32
-0.031852
0
ENDSEC
0
EOF
