0
SECTION
2
ENTITIES
0
3DFACE
62
2
10
0.015099
20
-0.001218
30
-0.027910
11
0.013043
21
-0.000622
31
-0.026865
12
0.015017
22
-0.001289
32
-0.027872
0
3DFACE
62
2
10
0.014943
20
-0.001370
30
-0.027839
11
0.015017
21
-0.001289
31
-0.027872
12
0.013043
22
-0.000622
32
-0.026865
0
3DFACE
62
2
10
0.015188
20
-0.001159
30
-0.027952
11
0.013043
21
-0.000622
31
-0.026865
12
0.015099
22
-0.001218
32
-0.027910
0
3DFACE
62
2
10
0.015282
20
-0.001113
30
-0.027997
11
0.013043
21
-0.000622
31
-0.026865
12
0.015188
22
-0.001159
32
-0.027952
0
3DFACE
62
2
10
0.014839
20
-0.001516
30
-0.027794
11
0.014943
21
-0.001370
31
-0.027839
12
0.013043
22
-0.000622
32
-0.026865
0
3DFACE
62
2
10
0.015412
20
-0.001071
30
-0.028061
11
0.013043
21
-0.000622
31
-0.026865
12
0.015282
22
-0.001113
32
-0.027997
0
3DFACE
62
2
10
0.014753
20
-0.001676
30
-0.027760
11
0.013043
21
-0.000622
31
-0.026865
12
0.012737
22
-0.002877
32
-0.026865
0
3DFACE
62
2
10
0.014753
20
-0.001676
30
-0.027760
11
0.014839
21
-0.001516
31
-0.027794
12
0.013043
22
-0.000622
32
-0.026865
0
3DFACE
62
2
10
0.015556
20
-0.001046
30
-0.028131
11
0.013043
21
-0.000622
31
-0.026865
12
0.015412
22
-0.001071
32
-0.028061
0
3DFACE
62
2
10
0.014641
20
-0.002467
30
-0.027760
11
0.014753
21
-0.001676
31
-0.027760
12
0.012737
22
-0.002877
32
-0.026865
0
3DFACE
62
2
10
0.014697
20
-0.002701
30
-0.027808
11
0.014641
21
-0.002467
31
-0.027760
12
0.012737
22
-0.002877
32
-0.026865
0
3DFACE
62
2
10
0.016971
20
-0.000809
30
-0.028831
11
0.013043
21
-0.000622
31
-0.026865
12
0.015556
22
-0.001046
32
-0.028131
0
3DFACE
62
2
10
0.016971
20
-0.000809
30
-0.028831
11
0.015556
21
-0.001046
31
-0.028131
12
0.016262
22
-0.000996
32
-0.028482
0
3DFACE
62
2
10
0.014762
20
-0.002862
30
-0.027854
11
0.014697
21
-0.002701
31
-0.027808
12
0.012737
22
-0.002877
32
-0.026865
0
3DFACE
62
2
10
0.014843
20
-0.002998
30
-0.027908
11
0.014762
21
-0.002862
31
-0.027854
12
0.012737
22
-0.002877
32
-0.026865
0
3DFACE
62
2
10
0.014905
20
-0.003072
30
-0.027945
11
0.014843
21
-0.002998
31
-0.027908
12
0.012737
22
-0.002877
32
-0.026865
0
3DFACE
62
2
10
0.013466
20
-0.006661
30
-0.027848
11
0.013597
21
-0.006603
31
-0.027894
12
0.012044
22
-0.005045
32
-0.026865
0
3DFACE
62
2
10
0.013692
20
-0.006577
30
-0.027931
11
0.012044
21
-0.005045
31
-0.026865
12
0.013597
22
-0.006603
32
-0.027894
0
3DFACE
62
2
10
0.013787
20
-0.006562
30
-0.027970
11
0.012044
21
-0.005045
31
-0.026865
12
0.013692
22
-0.006577
32
-0.027931
0
3DFACE
62
2
10
0.013341
20
-0.006737
30
-0.027809
11
0.013466
21
-0.006661
31
-0.027848
12
0.012044
22
-0.005045
32
-0.026865
0
3DFACE
62
2
10
0.013244
20
-0.006810
30
-0.027782
11
0.013341
21
-0.006737
31
-0.027809
12
0.012044
22
-0.005045
32
-0.026865
0
3DFACE
62
2
10
0.013151
20
-0.006892
30
-0.027760
11
0.012044
21
-0.005045
31
-0.026865
12
0.010985
22
-0.007060
32
-0.026865
0
3DFACE
62
2
10
0.013151
20
-0.006892
30
-0.027760
11
0.013244
21
-0.006810
31
-0.027782
12
0.012044
22
-0.005045
32
-0.026865
0
3DFACE
62
2
10
0.012761
20
-0.007590
30
-0.027760
11
0.013151
21
-0.006892
31
-0.027760
12
0.010985
22
-0.007060
32
-0.026865
0
3DFACE
62
2
10
0.012729
20
-0.007828
30
-0.027808
11
0.012761
21
-0.007590
31
-0.027760
12
0.010985
22
-0.007060
32
-0.026865
0
3DFACE
62
2
10
0.012731
20
-0.008001
30
-0.027854
11
0.012729
21
-0.007828
31
-0.027808
12
0.010985
22
-0.007060
32
-0.026865
0
3DFACE
62
2
10
0.012758
20
-0.008157
30
-0.027908
11
0.012731
21
-0.008001
31
-0.027854
12
0.010985
22
-0.007060
32
-0.026865
0
3DFACE
62
2
10
0.017878
20
-0.005780
30
-0.029730
11
0.018012
21
-0.005346
31
-0.029730
12
0.017495
22
-0.004754
32
-0.029401
0
3DFACE
62
2
10
0.016215
20
-0.006867
30
-0.029140
11
0.017495
21
-0.004754
31
-0.029401
12
0.016927
22
-0.004219
32
-0.029059
0
3DFACE
62
2
10
0.017732
20
-0.006211
30
-0.029730
11
0.017495
21
-0.004754
31
-0.029401
12
0.016215
22
-0.006867
32
-0.029140
0
3DFACE
62
2
10
0.017732
20
-0.006211
30
-0.029730
11
0.017878
21
-0.005780
31
-0.029730
12
0.017495
22
-0.004754
32
-0.029401
0
3DFACE
62
2
10
0.009592
20
-0.008860
30
-0.026865
11
0.012789
21
-0.008249
31
-0.027945
12
0.012758
22
-0.008157
32
-0.027908
0
3DFACE
62
2
10
0.009592
20
-0.008860
30
-0.026865
11
0.012833
21
-0.008342
31
-0.027989
12
0.012789
22
-0.008249
32
-0.027945
0
3DFACE
62
2
10
0.009592
20
-0.008860
30
-0.026865
11
0.012758
21
-0.008157
31
-0.027908
12
0.010985
22
-0.007060
32
-0.026865
0
3DFACE
62
2
10
0.017577
20
-0.006639
30
-0.029730
11
0.017732
21
-0.006211
31
-0.029730
12
0.016215
22
-0.006867
32
-0.029140
0
3DFACE
62
2
10
0.010150
20
-0.011075
30
-0.027848
11
0.010294
21
-0.011069
31
-0.027894
12
0.009592
22
-0.008860
32
-0.026865
0
3DFACE
62
2
10
0.010391
20
-0.011078
30
-0.027931
11
0.009592
21
-0.008860
31
-0.026865
12
0.010294
22
-0.011069
32
-0.027894
0
3DFACE
62
2
10
0.010485
20
-0.011099
30
-0.027970
11
0.009592
21
-0.008860
31
-0.026865
12
0.010391
22
-0.011078
32
-0.027931
0
3DFACE
62
2
10
0.010007
20
-0.011101
30
-0.027809
11
0.010150
21
-0.011075
31
-0.027848
12
0.009592
22
-0.008860
32
-0.026865
0
3DFACE
62
2
10
0.009889
20
-0.011135
30
-0.027782
11
0.010007
21
-0.011101
31
-0.027809
12
0.009592
22
-0.008860
32
-0.026865
0
3DFACE
62
2
10
0.009774
20
-0.011177
30
-0.027760
11
0.009592
21
-0.008860
31
-0.026865
12
0.007908
22
-0.010391
32
-0.026865
0
3DFACE
62
2
10
0.009774
20
-0.011177
30
-0.027760
11
0.009889
21
-0.011135
31
-0.027782
12
0.009592
22
-0.008860
32
-0.026865
0
3DFACE
62
2
10
0.009158
20
-0.011687
30
-0.027760
11
0.009774
21
-0.011177
31
-0.027760
12
0.007908
22
-0.010391
32
-0.026865
0
3DFACE
62
2
10
0.009042
20
-0.011898
30
-0.027808
11
0.009158
21
-0.011687
31
-0.027760
12
0.007908
22
-0.010391
32
-0.026865
0
3DFACE
62
2
10
0.008981
20
-0.012060
30
-0.027854
11
0.009042
21
-0.011898
31
-0.027808
12
0.007908
22
-0.010391
32
-0.026865
0
3DFACE
62
2
10
0.014582
20
-0.011848
30
-0.029730
11
0.014865
21
-0.011491
31
-0.029730
12
0.014596
22
-0.010753
32
-0.029401
0
3DFACE
62
2
10
0.012639
20
-0.012261
30
-0.029140
11
0.014596
21
-0.010753
31
-0.029401
12
0.014260
22
-0.010049
32
-0.029059
0
3DFACE
62
2
10
0.005983
20
-0.011606
30
-0.026865
11
0.008950
21
-0.012215
31
-0.027908
12
0.008981
22
-0.012060
32
-0.027854
0
3DFACE
62
2
10
0.005983
20
-0.011606
30
-0.026865
11
0.008945
21
-0.012311
31
-0.027945
12
0.008950
22
-0.012215
32
-0.027908
0
3DFACE
62
2
10
0.005983
20
-0.011606
30
-0.026865
11
0.008981
21
-0.012060
31
-0.027854
12
0.007908
22
-0.010391
32
-0.026865
0
3DFACE
62
2
10
0.014291
20
-0.012198
30
-0.029730
11
0.014582
21
-0.011848
31
-0.029730
12
0.014596
22
-0.010753
32
-0.029401
0
3DFACE
62
2
10
0.014291
20
-0.012198
30
-0.029730
11
0.014596
21
-0.010753
31
-0.029401
12
0.012639
22
-0.012261
32
-0.029140
0
3DFACE
62
2
10
0.013992
20
-0.012540
30
-0.029730
11
0.014291
21
-0.012198
31
-0.029730
12
0.012639
22
-0.012261
32
-0.029140
0
3DFACE
62
2
10
0.005687
20
-0.014084
30
-0.027930
11
0.005983
21
-0.011606
31
-0.026865
12
0.005599
22
-0.014040
32
-0.027894
0
3DFACE
62
2
10
0.005448
20
-0.013990
30
-0.027843
11
0.005599
21
-0.014040
31
-0.027894
12
0.005983
22
-0.011606
32
-0.026865
0
3DFACE
62
2
10
0.005768
20
-0.014137
30
-0.027970
11
0.005983
21
-0.011606
31
-0.026865
12
0.005687
22
-0.014084
32
-0.027930
0
3DFACE
62
2
10
0.005289
20
-0.013963
30
-0.027801
11
0.005448
21
-0.013990
31
-0.027843
12
0.005983
22
-0.011606
32
-0.026865
0
3DFACE
62
2
10
0.005840
20
-0.014199
30
-0.028012
11
0.005983
21
-0.011606
31
-0.026865
12
0.005768
22
-0.014137
32
-0.027970
0
3DFACE
62
2
10
0.005183
20
-0.013955
30
-0.027779
11
0.005983
21
-0.011606
31
-0.026865
12
0.003877
22
-0.012469
32
-0.026865
0
3DFACE
62
2
10
0.005183
20
-0.013955
30
-0.027779
11
0.005289
21
-0.013963
31
-0.027801
12
0.005983
22
-0.011606
32
-0.026865
0
3DFACE
62
2
10
0.005076
20
-0.013953
30
-0.027760
11
0.005183
21
-0.013955
31
-0.027779
12
0.003877
22
-0.012469
32
-0.026865
0
3DFACE
62
2
10
0.004318
20
-0.014206
30
-0.027760
11
0.005076
21
-0.013953
31
-0.027760
12
0.003877
22
-0.012469
32
-0.026865
0
3DFACE
62
2
10
0.004133
20
-0.014361
30
-0.027808
11
0.004318
21
-0.014206
31
-0.027760
12
0.003877
22
-0.012469
32
-0.026865
0
3DFACE
62
2
10
0.004018
20
-0.014490
30
-0.027854
11
0.004133
21
-0.014361
31
-0.027808
12
0.003877
22
-0.012469
32
-0.026865
0
3DFACE
62
2
10
0.001653
20
-0.012953
30
-0.026865
11
0.004018
21
-0.014490
31
-0.027854
12
0.003877
22
-0.012469
32
-0.026865
0
3DFACE
62
2
10
0.007243
20
-0.015909
30
-0.029076
11
0.009726
21
-0.015300
31
-0.029401
12
0.009667
22
-0.014522
32
-0.029059
0
3DFACE
62
2
10
0.003933
20
-0.014623
30
-0.027908
11
0.004018
21
-0.014490
31
-0.027854
12
0.001653
22
-0.012953
32
-0.026865
0
3DFACE
62
2
10
0.009318
20
-0.016316
30
-0.029730
11
0.009710
21
-0.016085
31
-0.029730
12
0.009726
22
-0.015300
32
-0.029401
0
3DFACE
62
2
10
0.003894
20
-0.014712
30
-0.027945
11
0.003933
21
-0.014623
31
-0.027908
12
0.001653
22
-0.012953
32
-0.026865
0
3DFACE
62
2
10
0.003864
20
-0.014811
30
-0.027990
11
0.003894
21
-0.014712
31
-0.027945
12
0.001653
22
-0.012953
32
-0.026865
0
3DFACE
62
2
10
0.008920
20
-0.016537
30
-0.029730
11
0.009726
21
-0.015300
31
-0.029401
12
0.007243
22
-0.015909
32
-0.029076
0
3DFACE
62
2
10
0.008920
20
-0.016537
30
-0.029730
11
0.009318
21
-0.016316
31
-0.029730
12
0.009726
22
-0.015300
32
-0.029401
0
3DFACE
62
2
10
0.008517
20
-0.016748
30
-0.029730
11
0.008920
21
-0.016537
31
-0.029730
12
0.007243
22
-0.015909
32
-0.029076
0
3DFACE
62
2
10
0.000215
20
-0.015187
30
-0.027930
11
0.001653
21
-0.012953
31
-0.026865
12
0.000149
22
-0.015115
32
-0.027894
0
3DFACE
62
2
10
0.000026
20
-0.015014
30
-0.027843
11
0.000149
21
-0.015115
31
-0.027894
12
0.001653
22
-0.012953
32
-0.026865
0
3DFACE
62
2
10
0.000271
20
-0.015266
30
-0.027970
11
0.001653
21
-0.012953
31
-0.026865
12
0.000215
22
-0.015187
32
-0.027930
0
3DFACE
62
2
10
-0.000112
20
-0.014930
30
-0.027801
11
0.001653
21
-0.012953
31
-0.026865
12
-0.000622
22
-0.013043
32
-0.026865
0
3DFACE
62
2
10
-0.000112
20
-0.014930
30
-0.027801
11
0.000026
21
-0.015014
31
-0.027843
12
0.001653
22
-0.012953
32
-0.026865
0
3DFACE
62
2
10
-0.000208
20
-0.014885
30
-0.027779
11
-0.000112
21
-0.014930
31
-0.027801
12
-0.000622
22
-0.013043
32
-0.026865
0
3DFACE
62
2
10
-0.000307
20
-0.014844
30
-0.027760
11
-0.000208
21
-0.014885
31
-0.027779
12
-0.000622
22
-0.013043
32
-0.026865
0
3DFACE
62
2
10
-0.001106
20
-0.014806
30
-0.027760
11
-0.000307
21
-0.014844
31
-0.027760
12
-0.000622
22
-0.013043
32
-0.026865
0
3DFACE
62
2
10
-0.001334
20
-0.014884
30
-0.027808
11
-0.001106
21
-0.014806
31
-0.027760
12
-0.000622
22
-0.013043
32
-0.026865
0
3DFACE
62
2
10
-0.002877
20
-0.012737
30
-0.026865
11
-0.001334
21
-0.014884
31
-0.027808
12
-0.000622
22
-0.013043
32
-0.026865
0
3DFACE
62
2
10
-0.001488
20
-0.014963
30
-0.027854
11
-0.001334
21
-0.014884
31
-0.027808
12
-0.002877
22
-0.012737
32
-0.026865
0
3DFACE
62
2
10
0.001007
20
-0.017451
30
-0.029076
11
0.003545
21
-0.017774
31
-0.029398
12
0.003770
22
-0.017025
32
-0.029055
0
3DFACE
62
2
10
-0.001615
20
-0.015057
30
-0.027908
11
-0.001488
21
-0.014963
31
-0.027854
12
-0.002877
22
-0.012737
32
-0.026865
0
3DFACE
62
2
10
0.002795
20
-0.018580
30
-0.029730
11
0.003244
21
-0.018507
31
-0.029730
12
0.003545
22
-0.017774
32
-0.029398
0
3DFACE
62
2
10
-0.001684
20
-0.015125
30
-0.027945
11
-0.001615
21
-0.015057
31
-0.027908
12
-0.002877
22
-0.012737
32
-0.026865
0
3DFACE
62
2
10
0.002344
20
-0.018642
30
-0.029730
11
0.003545
21
-0.017774
31
-0.029398
12
0.001007
22
-0.017451
32
-0.029076
0
3DFACE
62
2
10
0.002344
20
-0.018642
30
-0.029730
11
0.002795
21
-0.018580
31
-0.029730
12
0.003545
22
-0.017774
32
-0.029398
0
3DFACE
62
2
10
0.001892
20
-0.018693
30
-0.029730
11
0.002344
21
-0.018642
31
-0.029730
12
0.001007
22
-0.017451
32
-0.029076
0
3DFACE
62
2
10
-0.005390
20
-0.014023
30
-0.027848
11
-0.002877
21
-0.012737
31
-0.026865
12
-0.005045
22
-0.012044
32
-0.026865
0
3DFACE
62
2
10
-0.005390
20
-0.014023
30
-0.027848
11
-0.005321
21
-0.014149
31
-0.027894
12
-0.002877
22
-0.012737
32
-0.026865
0
3DFACE
62
2
10
-0.005285
20
-0.014240
30
-0.027931
11
-0.002877
21
-0.012737
31
-0.026865
12
-0.005321
22
-0.014149
32
-0.027894
0
3DFACE
62
2
10
-0.005262
20
-0.014333
30
-0.027970
11
-0.002877
21
-0.012737
31
-0.026865
12
-0.005285
22
-0.014240
32
-0.027931
0
3DFACE
62
2
10
-0.005477
20
-0.013906
30
-0.027809
11
-0.005390
21
-0.014023
31
-0.027848
12
-0.005045
22
-0.012044
32
-0.026865
0
3DFACE
62
2
10
-0.005249
20
-0.014428
30
-0.028013
11
-0.002877
21
-0.012737
31
-0.026865
12
-0.005262
22
-0.014333
32
-0.027970
0
3DFACE
62
2
10
-0.005559
20
-0.013816
30
-0.027782
11
-0.005477
21
-0.013906
31
-0.027809
12
-0.005045
22
-0.012044
32
-0.026865
0
3DFACE
62
2
10
-0.005649
20
-0.013731
30
-0.027760
11
-0.005559
21
-0.013816
31
-0.027782
12
-0.005045
22
-0.012044
32
-0.026865
0
3DFACE
62
2
10
-0.006380
20
-0.013407
30
-0.027760
11
-0.005649
21
-0.013731
31
-0.027760
12
-0.005045
22
-0.012044
32
-0.026865
0
3DFACE
62
2
10
-0.007060
20
-0.010985
30
-0.026865
11
-0.006380
21
-0.013407
31
-0.027760
12
-0.005045
22
-0.012044
32
-0.026865
0
3DFACE
62
2
10
-0.006621
20
-0.013397
30
-0.027808
11
-0.006380
21
-0.013407
31
-0.027760
12
-0.007060
22
-0.010985
32
-0.026865
0
3DFACE
62
2
10
-0.006792
20
-0.013415
30
-0.027854
11
-0.006621
21
-0.013397
31
-0.027808
12
-0.007060
22
-0.010985
32
-0.026865
0
3DFACE
62
2
10
-0.006945
20
-0.013456
30
-0.027908
11
-0.006792
21
-0.013415
31
-0.027854
12
-0.007060
22
-0.010985
32
-0.026865
0
3DFACE
62
2
10
-0.004106
20
-0.018335
30
-0.029730
11
-0.003661
21
-0.018429
31
-0.029730
12
-0.003115
22
-0.017854
32
-0.029398
0
3DFACE
62
2
10
-0.005342
20
-0.016779
30
-0.029140
11
-0.003115
21
-0.017854
31
-0.029398
12
-0.002634
22
-0.017237
32
-0.029055
0
3DFACE
62
2
10
-0.007033
20
-0.013495
30
-0.027945
11
-0.006945
21
-0.013456
31
-0.027908
12
-0.007060
22
-0.010985
32
-0.026865
0
3DFACE
62
2
10
-0.007122
20
-0.013548
30
-0.027989
11
-0.007033
21
-0.013495
31
-0.027945
12
-0.007060
22
-0.010985
32
-0.026865
0
3DFACE
62
2
10
-0.004549
20
-0.018230
30
-0.029730
11
-0.004106
21
-0.018335
31
-0.029730
12
-0.003115
22
-0.017854
32
-0.029398
0
3DFACE
62
2
10
-0.004549
20
-0.018230
30
-0.029730
11
-0.003115
21
-0.017854
31
-0.029398
12
-0.005342
22
-0.016779
32
-0.029140
0
3DFACE
62
2
10
-0.004989
20
-0.018114
30
-0.029730
11
-0.004549
21
-0.018230
31
-0.029730
12
-0.005342
22
-0.016779
32
-0.029140
0
3DFACE
62
2
10
-0.010072
20
-0.011271
30
-0.027894
11
-0.007060
21
-0.010985
31
-0.026865
12
-0.008860
22
-0.009592
32
-0.026865
0
3DFACE
62
2
10
-0.010092
20
-0.011129
30
-0.027848
11
-0.010072
21
-0.011271
31
-0.027894
12
-0.008860
22
-0.009592
32
-0.026865
0
3DFACE
62
2
10
-0.010072
20
-0.011369
30
-0.027931
11
-0.007060
21
-0.010985
31
-0.026865
12
-0.010072
22
-0.011271
32
-0.027894
0
3DFACE
62
2
10
-0.010084
20
-0.011465
30
-0.027970
11
-0.007060
21
-0.010985
31
-0.026865
12
-0.010072
22
-0.011369
32
-0.027931
0
3DFACE
62
2
10
-0.010131
20
-0.010988
30
-0.027809
11
-0.010092
21
-0.011129
31
-0.027848
12
-0.008860
22
-0.009592
32
-0.026865
0
3DFACE
62
2
10
-0.010175
20
-0.010875
30
-0.027782
11
-0.010131
21
-0.010988
31
-0.027809
12
-0.008860
22
-0.009592
32
-0.026865
0
3DFACE
62
2
10
-0.010228
20
-0.010763
30
-0.027760
11
-0.010175
21
-0.010875
31
-0.027782
12
-0.008860
22
-0.009592
32
-0.026865
0
3DFACE
62
2
10
-0.010792
20
-0.010197
30
-0.027760
11
-0.008860
21
-0.009592
31
-0.026865
12
-0.010391
22
-0.007908
32
-0.026865
0
3DFACE
62
2
10
-0.010792
20
-0.010197
30
-0.027760
11
-0.010228
21
-0.010763
31
-0.027760
12
-0.008860
22
-0.009592
32
-0.026865
0
3DFACE
62
2
10
-0.011013
20
-0.010101
30
-0.027808
11
-0.010792
21
-0.010197
31
-0.027760
12
-0.010391
22
-0.007908
32
-0.026865
0
3DFACE
62
2
10
-0.011180
20
-0.010056
30
-0.027854
11
-0.011013
21
-0.010101
31
-0.027808
12
-0.010391
22
-0.007908
32
-0.026865
0
3DFACE
62
2
10
-0.011337
20
-0.010039
30
-0.027908
11
-0.011180
21
-0.010056
31
-0.027854
12
-0.010391
22
-0.007908
32
-0.026865
0
3DFACE
62
2
10
-0.010452
20
-0.015613
30
-0.029730
11
-0.010071
21
-0.015862
31
-0.029730
12
-0.009360
22
-0.015526
32
-0.029401
0
3DFACE
62
2
10
-0.011043
20
-0.013716
30
-0.029140
11
-0.009360
21
-0.015526
31
-0.029401
12
-0.008691
22
-0.015126
32
-0.029059
0
3DFACE
62
2
10
-0.011433
20
-0.010043
30
-0.027945
11
-0.011337
21
-0.010039
31
-0.027908
12
-0.010391
22
-0.007908
32
-0.026865
0
3DFACE
62
2
10
-0.011536
20
-0.010061
30
-0.027989
11
-0.011433
21
-0.010043
31
-0.027945
12
-0.010391
22
-0.007908
32
-0.026865
0
3DFACE
62
2
10
-0.010827
20
-0.015356
30
-0.029730
11
-0.010452
21
-0.015613
31
-0.029730
12
-0.009360
22
-0.015526
32
-0.029401
0
3DFACE
62
2
10
-0.010827
20
-0.015356
30
-0.029730
11
-0.009360
21
-0.015526
31
-0.029401
12
-0.011043
22
-0.013716
32
-0.029140
0
3DFACE
62
2
10
-0.011196
20
-0.015089
30
-0.029730
11
-0.010827
21
-0.015356
31
-0.029730
12
-0.011043
22
-0.013716
32
-0.029140
0
3DFACE
62
2
10
-0.013430
20
-0.006732
30
-0.027848
11
-0.013464
21
-0.006871
31
-0.027894
12
-0.011606
22
-0.005983
32
-0.026865
0
3DFACE
62
2
10
-0.013499
20
-0.006963
30
-0.027931
11
-0.010391
21
-0.007908
31
-0.026865
12
-0.011606
22
-0.005983
32
-0.026865
0
3DFACE
62
2
10
-0.013499
20
-0.006963
30
-0.027931
11
-0.011606
21
-0.005983
31
-0.026865
12
-0.013464
22
-0.006871
32
-0.027894
0
3DFACE
62
2
10
-0.013545
20
-0.007048
30
-0.027970
11
-0.010391
21
-0.007908
31
-0.026865
12
-0.013499
22
-0.006963
32
-0.027931
0
3DFACE
62
2
10
-0.013416
20
-0.006587
30
-0.027809
11
-0.013430
21
-0.006732
31
-0.027848
12
-0.011606
22
-0.005983
32
-0.026865
0
3DFACE
62
2
10
-0.013599
20
-0.007126
30
-0.028013
11
-0.010391
21
-0.007908
31
-0.026865
12
-0.013545
22
-0.007048
32
-0.027970
0
3DFACE
62
2
10
-0.013416
20
-0.006465
30
-0.027782
11
-0.013416
21
-0.006587
31
-0.027809
12
-0.011606
22
-0.005983
32
-0.026865
0
3DFACE
62
2
10
-0.013425
20
-0.006342
30
-0.027760
11
-0.013416
21
-0.006465
31
-0.027782
12
-0.011606
22
-0.005983
32
-0.026865
0
3DFACE
62
2
10
-0.013747
20
-0.005610
30
-0.027760
11
-0.011606
21
-0.005983
31
-0.026865
12
-0.012469
22
-0.003877
32
-0.026865
0
3DFACE
62
2
10
-0.013747
20
-0.005610
30
-0.027760
11
-0.013425
21
-0.006342
31
-0.027760
12
-0.011606
22
-0.005983
32
-0.026865
0
3DFACE
62
2
10
-0.013918
20
-0.005440
30
-0.027808
11
-0.013747
21
-0.005610
31
-0.027760
12
-0.012469
22
-0.003877
32
-0.026865
0
3DFACE
62
2
10
-0.014058
20
-0.005338
30
-0.027854
11
-0.013918
21
-0.005440
31
-0.027808
12
-0.012469
22
-0.003877
32
-0.026865
0
3DFACE
62
2
10
-0.014198
20
-0.005266
30
-0.027908
11
-0.014058
21
-0.005338
31
-0.027854
12
-0.012469
22
-0.003877
32
-0.026865
0
3DFACE
62
2
10
-0.015386
20
-0.010783
30
-0.029730
11
-0.015121
21
-0.011153
31
-0.029730
12
-0.014337
22
-0.011096
32
-0.029401
0
3DFACE
62
2
10
-0.015252
20
-0.008801
30
-0.029140
11
-0.013568
21
-0.010966
31
-0.029059
12
-0.014657
22
-0.008016
32
-0.028689
0
3DFACE
62
2
10
-0.015252
20
-0.008801
30
-0.029140
11
-0.014337
21
-0.011096
31
-0.029401
12
-0.013568
22
-0.010966
32
-0.029059
0
3DFACE
62
2
10
-0.014289
20
-0.005235
30
-0.027945
11
-0.014198
21
-0.005266
31
-0.027908
12
-0.012469
22
-0.003877
32
-0.026865
0
3DFACE
62
2
10
-0.014391
20
-0.005214
30
-0.027989
11
-0.014289
21
-0.005235
31
-0.027945
12
-0.012469
22
-0.003877
32
-0.026865
0
3DFACE
62
2
10
-0.015643
20
-0.010408
30
-0.029730
11
-0.015386
21
-0.010783
31
-0.029730
12
-0.014337
22
-0.011096
32
-0.029401
0
3DFACE
62
2
10
-0.015643
20
-0.010408
30
-0.029730
11
-0.014337
21
-0.011096
31
-0.029401
12
-0.015252
22
-0.008801
32
-0.029140
0
3DFACE
62
2
10
-0.015890
20
-0.010026
30
-0.029730
11
-0.015643
21
-0.010408
31
-0.029730
12
-0.015252
22
-0.008801
32
-0.029140
0
3DFACE
62
2
10
-0.014955
20
-0.001426
30
-0.027848
11
-0.015037
21
-0.001544
31
-0.027894
12
-0.012953
22
-0.001653
32
-0.026865
0
3DFACE
62
2
10
-0.015103
20
-0.001616
30
-0.027931
11
-0.012953
21
-0.001653
31
-0.026865
12
-0.015037
22
-0.001544
32
-0.027894
0
3DFACE
62
2
10
-0.014889
20
-0.001296
30
-0.027809
11
-0.014955
21
-0.001426
31
-0.027848
12
-0.012953
22
-0.001653
32
-0.026865
0
3DFACE
62
2
10
-0.014845
20
-0.001182
30
-0.027782
11
-0.014889
21
-0.001296
31
-0.027809
12
-0.012953
22
-0.001653
32
-0.026865
0
3DFACE
62
2
10
-0.014809
20
-0.001064
30
-0.027760
11
-0.014845
21
-0.001182
31
-0.027782
12
-0.012953
22
-0.001653
32
-0.026865
0
3DFACE
62
2
10
-0.014845
20
-0.000265
30
-0.027760
11
-0.014809
21
-0.001064
31
-0.027760
12
-0.012953
22
-0.001653
32
-0.026865
0
3DFACE
62
2
10
-0.014845
20
-0.000265
30
-0.027760
11
-0.012953
21
-0.001653
31
-0.026865
12
-0.013043
22
0.000622
32
-0.026865
0
3DFACE
62
2
10
-0.014935
20
-0.000061
30
-0.027804
11
-0.014845
21
-0.000265
31
-0.027760
12
-0.013043
22
0.000622
32
-0.026865
0
3DFACE
62
2
10
-0.015028
20
0.000090
30
-0.027850
11
-0.014935
21
-0.000061
31
-0.027804
12
-0.013043
22
0.000622
32
-0.026865
0
3DFACE
62
2
10
-0.015135
20
0.000213
30
-0.027904
11
-0.015028
21
0.000090
31
-0.027850
12
-0.013043
22
0.000622
32
-0.026865
0
3DFACE
62
2
10
-0.018243
20
-0.004497
30
-0.029730
11
-0.018129
21
-0.004937
31
-0.029730
12
-0.017377
22
-0.005168
32
-0.029401
0
3DFACE
62
2
10
-0.017401
20
-0.002697
30
-0.029140
11
-0.017377
21
-0.005168
31
-0.029401
12
-0.016613
22
-0.005324
32
-0.029059
0
3DFACE
62
2
10
-0.015216
20
0.000281
30
-0.027945
11
-0.015135
21
0.000213
31
-0.027904
12
-0.013043
22
0.000622
32
-0.026865
0
3DFACE
62
2
10
-0.015316
20
0.000344
30
-0.027996
11
-0.015216
21
0.000281
31
-0.027945
12
-0.013043
22
0.000622
32
-0.026865
0
3DFACE
62
2
10
-0.018346
20
-0.004054
30
-0.029730
11
-0.018243
21
-0.004497
31
-0.029730
12
-0.017377
22
-0.005168
32
-0.029401
0
3DFACE
62
2
10
-0.018346
20
-0.004054
30
-0.029730
11
-0.017377
21
-0.005168
31
-0.029401
12
-0.017401
22
-0.002697
32
-0.029140
0
3DFACE
62
2
10
-0.015423
20
0.000392
30
-0.028050
11
-0.015316
21
0.000344
31
-0.027996
12
-0.013043
22
0.000622
32
-0.026865
0
3DFACE
62
2
10
-0.015533
20
0.000426
30
-0.028105
11
-0.015423
21
0.000392
31
-0.028050
12
-0.013043
22
0.000622
32
-0.026865
0
3DFACE
62
2
10
-0.018439
20
-0.003609
30
-0.029730
11
-0.018346
21
-0.004054
31
-0.029730
12
-0.017401
22
-0.002697
32
-0.029140
0
3DFACE
62
2
10
-0.016618
20
0.000661
30
-0.028651
11
-0.016256
21
0.000548
31
-0.028468
12
-0.015533
22
0.000426
32
-0.028105
0
3DFACE
62
2
10
-0.016971
20
0.000809
30
-0.028831
11
-0.015533
21
0.000426
31
-0.028105
12
-0.013043
22
0.000622
32
-0.026865
0
3DFACE
62
2
10
-0.016971
20
0.000809
30
-0.028831
11
-0.016618
21
0.000661
31
-0.028651
12
-0.015533
22
0.000426
32
-0.028105
0
3DFACE
62
2
10
0.015262
20
-0.004542
30
-0.028298
11
0.012737
21
-0.002877
31
-0.026865
12
0.012044
22
-0.005045
32
-0.026865
0
3DFACE
62
2
10
0.015262
20
-0.004542
30
-0.028298
11
0.014905
21
-0.003072
31
-0.027945
12
0.012737
22
-0.002877
32
-0.026865
0
3DFACE
62
2
10
0.015262
20
-0.004542
30
-0.028298
11
0.015229
21
-0.006866
31
-0.028689
12
0.016215
22
-0.006867
32
-0.029140
0
3DFACE
62
2
10
0.015262
20
-0.004542
30
-0.028298
11
0.014735
21
-0.006788
31
-0.028448
12
0.015229
22
-0.006866
32
-0.028689
0
3DFACE
62
2
10
0.015262
20
-0.004542
30
-0.028298
11
0.014253
21
-0.006632
31
-0.028196
12
0.014735
22
-0.006788
32
-0.028448
0
3DFACE
62
2
10
0.015262
20
-0.004542
30
-0.028298
11
0.014104
21
-0.006589
31
-0.028120
12
0.014253
22
-0.006632
32
-0.028196
0
3DFACE
62
2
10
0.015262
20
-0.004542
30
-0.028298
11
0.012044
21
-0.005045
31
-0.026865
12
0.013787
22
-0.006562
32
-0.027970
0
3DFACE
62
2
10
0.015262
20
-0.004542
30
-0.028298
11
0.013977
21
-0.006565
31
-0.028057
12
0.014104
22
-0.006589
32
-0.028120
0
3DFACE
62
2
10
0.015262
20
-0.004542
30
-0.028298
11
0.013882
21
-0.006558
31
-0.028013
12
0.013977
22
-0.006565
32
-0.028057
0
3DFACE
62
2
10
0.015262
20
-0.004542
30
-0.028298
11
0.013787
21
-0.006562
31
-0.027970
12
0.013882
22
-0.006558
32
-0.028013
0
3DFACE
62
2
10
0.015262
20
-0.004542
30
-0.028298
11
0.014980
21
-0.003143
31
-0.027989
12
0.014905
22
-0.003072
32
-0.027945
0
3DFACE
62
2
10
0.015262
20
-0.004542
30
-0.028298
11
0.015063
21
-0.003203
31
-0.028036
12
0.014980
22
-0.003143
32
-0.027989
0
3DFACE
62
2
10
0.015262
20
-0.004542
30
-0.028298
11
0.015181
21
-0.003269
31
-0.028101
12
0.015063
22
-0.003203
32
-0.028036
0
3DFACE
62
2
10
0.015262
20
-0.004542
30
-0.028298
11
0.015369
21
-0.003343
31
-0.028200
12
0.015181
22
-0.003269
32
-0.028101
0
3DFACE
62
2
10
0.015262
20
-0.004542
30
-0.028298
11
0.015974
21
-0.003572
31
-0.028520
12
0.015369
22
-0.003343
32
-0.028200
0
3DFACE
62
2
10
0.015262
20
-0.004542
30
-0.028298
11
0.016370
21
-0.003802
31
-0.028739
12
0.015974
22
-0.003572
32
-0.028520
0
3DFACE
62
2
10
0.015262
20
-0.004542
30
-0.028298
11
0.016927
21
-0.004219
31
-0.029059
12
0.016370
22
-0.003802
32
-0.028739
0
3DFACE
62
2
10
0.015262
20
-0.004542
30
-0.028298
11
0.016215
21
-0.006867
31
-0.029140
12
0.016927
22
-0.004219
32
-0.029059
0
3DFACE
62
2
10
0.011403
20
-0.011115
30
-0.028298
11
0.009592
21
-0.008860
31
-0.026865
12
0.010485
22
-0.011099
32
-0.027970
0
3DFACE
62
2
10
0.011403
20
-0.011115
30
-0.028298
11
0.011721
21
-0.011904
31
-0.028689
12
0.012639
22
-0.012261
32
-0.029140
0
3DFACE
62
2
10
0.011403
20
-0.011115
30
-0.028298
11
0.011288
21
-0.011652
31
-0.028448
12
0.011721
22
-0.011904
32
-0.028689
0
3DFACE
62
2
10
0.011403
20
-0.011115
30
-0.028298
11
0.010895
21
-0.011333
31
-0.028196
12
0.011288
22
-0.011652
32
-0.028448
0
3DFACE
62
2
10
0.011403
20
-0.011115
30
-0.028298
11
0.010772
21
-0.011239
31
-0.028120
12
0.010895
22
-0.011333
32
-0.028196
0
3DFACE
62
2
10
0.011403
20
-0.011115
30
-0.028298
11
0.010661
21
-0.011171
31
-0.028057
12
0.010772
22
-0.011239
32
-0.028120
0
3DFACE
62
2
10
0.011403
20
-0.011115
30
-0.028298
11
0.010576
21
-0.011130
31
-0.028013
12
0.010661
22
-0.011171
32
-0.028057
0
3DFACE
62
2
10
0.011403
20
-0.011115
30
-0.028298
11
0.010485
21
-0.011099
31
-0.027970
12
0.010576
22
-0.011130
32
-0.028013
0
3DFACE
62
2
10
0.011403
20
-0.011115
30
-0.028298
11
0.012889
21
-0.008429
31
-0.028036
12
0.012833
22
-0.008342
32
-0.027989
0
3DFACE
62
2
10
0.011403
20
-0.011115
30
-0.028298
11
0.012975
21
-0.008532
31
-0.028101
12
0.012889
22
-0.008429
32
-0.028036
0
3DFACE
62
2
10
0.011403
20
-0.011115
30
-0.028298
11
0.013124
21
-0.008670
31
-0.028200
12
0.012975
22
-0.008532
32
-0.028101
0
3DFACE
62
2
10
0.011403
20
-0.011115
30
-0.028298
11
0.013605
21
-0.009101
31
-0.028520
12
0.013124
22
-0.008670
32
-0.028200
0
3DFACE
62
2
10
0.011403
20
-0.011115
30
-0.028298
11
0.013891
21
-0.009458
31
-0.028739
12
0.013605
22
-0.009101
32
-0.028520
0
3DFACE
62
2
10
0.011403
20
-0.011115
30
-0.028298
11
0.014260
21
-0.010049
31
-0.029059
12
0.013891
22
-0.009458
32
-0.028739
0
3DFACE
62
2
10
0.011403
20
-0.011115
30
-0.028298
11
0.012639
21
-0.012261
31
-0.029140
12
0.014260
22
-0.010049
32
-0.029059
0
3DFACE
62
2
10
0.011403
20
-0.011115
30
-0.028298
11
0.012833
21
-0.008342
31
-0.027989
12
0.009592
22
-0.008860
32
-0.026865
0
3DFACE
62
2
10
0.008411
20
-0.013520
30
-0.028298
11
0.008953
21
-0.012415
31
-0.027989
12
0.008945
22
-0.012311
32
-0.027945
0
3DFACE
62
2
10
0.008411
20
-0.013520
30
-0.028298
11
0.008974
21
-0.012515
31
-0.028036
12
0.008953
22
-0.012415
32
-0.027989
0
3DFACE
62
2
10
0.008411
20
-0.013520
30
-0.028298
11
0.009017
21
-0.012643
31
-0.028101
12
0.008974
22
-0.012515
32
-0.028036
0
3DFACE
62
2
10
0.008411
20
-0.013520
30
-0.028298
11
0.009106
21
-0.012825
31
-0.028200
12
0.009017
22
-0.012643
32
-0.028101
0
3DFACE
62
2
10
0.008411
20
-0.013520
30
-0.028298
11
0.009399
21
-0.013401
31
-0.028520
12
0.009106
22
-0.012825
32
-0.028200
0
3DFACE
62
2
10
0.008411
20
-0.013520
30
-0.028298
11
0.009536
21
-0.013838
31
-0.028739
12
0.009399
22
-0.013401
32
-0.028520
0
3DFACE
62
2
10
0.008411
20
-0.013520
30
-0.028298
11
0.009667
21
-0.014522
31
-0.029059
12
0.009536
22
-0.013838
32
-0.028739
0
3DFACE
62
2
10
0.008411
20
-0.013520
30
-0.028298
11
0.008945
21
-0.012311
31
-0.027945
12
0.005983
22
-0.011606
32
-0.026865
0
3DFACE
62
2
10
0.008411
20
-0.013520
30
-0.028298
11
0.005983
21
-0.011606
31
-0.026865
12
0.005840
22
-0.014199
32
-0.028012
0
3DFACE
62
2
10
0.008411
20
-0.013520
30
-0.028298
11
0.006688
21
-0.015398
31
-0.028730
12
0.007243
22
-0.015909
32
-0.029076
0
3DFACE
62
2
10
0.008411
20
-0.013520
30
-0.028298
11
0.006331
21
-0.014965
31
-0.028461
12
0.006688
22
-0.015398
32
-0.028730
0
3DFACE
62
2
10
0.008411
20
-0.013520
30
-0.028298
11
0.006052
21
-0.014479
31
-0.028182
12
0.006331
22
-0.014965
32
-0.028461
0
3DFACE
62
2
10
0.008411
20
-0.013520
30
-0.028298
11
0.005906
21
-0.014267
31
-0.028057
12
0.006052
22
-0.014479
32
-0.028182
0
3DFACE
62
2
10
0.008411
20
-0.013520
30
-0.028298
11
0.005840
21
-0.014199
31
-0.028012
12
0.005906
22
-0.014267
32
-0.028057
0
3DFACE
62
2
10
0.008411
20
-0.013520
30
-0.028298
11
0.007243
21
-0.015909
31
-0.029076
12
0.009667
22
-0.014522
32
-0.029059
0
3DFACE
62
2
10
0.001165
20
-0.015881
30
-0.028298
11
0.003864
21
-0.014811
31
-0.027990
12
0.001653
22
-0.012953
32
-0.026865
0
3DFACE
62
2
10
0.001165
20
-0.015881
30
-0.028298
11
0.001653
21
-0.012953
31
-0.026865
12
0.000271
22
-0.015266
32
-0.027970
0
3DFACE
62
2
10
0.001165
20
-0.015881
30
-0.028298
11
0.000674
21
-0.016774
31
-0.028730
12
0.001007
22
-0.017451
32
-0.029076
0
3DFACE
62
2
10
0.001165
20
-0.015881
30
-0.028298
11
0.000498
21
-0.016241
31
-0.028461
12
0.000674
22
-0.016774
32
-0.028730
0
3DFACE
62
2
10
0.001165
20
-0.015881
30
-0.028298
11
0.000412
21
-0.015687
31
-0.028182
12
0.000498
22
-0.016241
32
-0.028461
0
3DFACE
62
2
10
0.001165
20
-0.015881
30
-0.028298
11
0.000353
21
-0.015437
31
-0.028057
12
0.000412
22
-0.015687
32
-0.028182
0
3DFACE
62
2
10
0.001165
20
-0.015881
30
-0.028298
11
0.000317
21
-0.015350
31
-0.028012
12
0.000353
22
-0.015437
32
-0.028057
0
3DFACE
62
2
10
0.001165
20
-0.015881
30
-0.028298
11
0.000271
21
-0.015266
31
-0.027970
12
0.000317
22
-0.015350
32
-0.028012
0
3DFACE
62
2
10
0.001165
20
-0.015881
30
-0.028298
11
0.001007
21
-0.017451
31
-0.029076
12
0.003770
22
-0.017025
32
-0.029055
0
3DFACE
62
2
10
0.001165
20
-0.015881
30
-0.028298
11
0.003847
21
-0.014912
31
-0.028036
12
0.003864
22
-0.014811
32
-0.027990
0
3DFACE
62
2
10
0.001165
20
-0.015881
30
-0.028298
11
0.003841
21
-0.015047
31
-0.028101
12
0.003847
22
-0.014912
32
-0.028036
0
3DFACE
62
2
10
0.001165
20
-0.015881
30
-0.028298
11
0.003858
21
-0.015249
31
-0.028201
12
0.003841
22
-0.015047
32
-0.028101
0
3DFACE
62
2
10
0.001165
20
-0.015881
30
-0.028298
11
0.003923
21
-0.015892
31
-0.028520
12
0.003858
22
-0.015249
32
-0.028201
0
3DFACE
62
2
10
0.001165
20
-0.015881
30
-0.028298
11
0.003893
21
-0.016349
31
-0.028739
12
0.003923
22
-0.015892
32
-0.028520
0
3DFACE
62
2
10
0.001165
20
-0.015881
30
-0.028298
11
0.003770
21
-0.017025
31
-0.029055
12
0.003893
22
-0.016349
32
-0.028739
0
3DFACE
62
2
10
-0.002670
20
-0.015698
30
-0.028298
11
-0.002877
21
-0.012737
31
-0.026865
12
-0.005249
22
-0.014428
32
-0.028013
0
3DFACE
62
2
10
-0.002670
20
-0.015698
30
-0.028298
11
-0.005432
21
-0.015798
31
-0.028689
12
-0.005342
22
-0.016779
32
-0.029140
0
3DFACE
62
2
10
-0.002670
20
-0.015698
30
-0.028298
11
-0.005399
21
-0.015299
31
-0.028448
12
-0.005432
22
-0.015798
32
-0.028689
0
3DFACE
62
2
10
-0.002670
20
-0.015698
30
-0.028298
11
-0.005288
21
-0.014805
31
-0.028196
12
-0.005399
22
-0.015299
32
-0.028448
0
3DFACE
62
2
10
-0.002670
20
-0.015698
30
-0.028298
11
-0.005259
21
-0.014652
31
-0.028120
12
-0.005288
22
-0.014805
32
-0.028196
0
3DFACE
62
2
10
-0.002670
20
-0.015698
30
-0.028298
11
-0.005248
21
-0.014523
31
-0.028057
12
-0.005259
22
-0.014652
32
-0.028120
0
3DFACE
62
2
10
-0.002670
20
-0.015698
30
-0.028298
11
-0.005249
21
-0.014428
31
-0.028013
12
-0.005248
22
-0.014523
32
-0.028057
0
3DFACE
62
2
10
-0.002670
20
-0.015698
30
-0.028298
11
-0.005342
21
-0.016779
31
-0.029140
12
-0.002634
22
-0.017237
32
-0.029055
0
3DFACE
62
2
10
-0.002670
20
-0.015698
30
-0.028298
11
-0.001748
21
-0.015207
31
-0.027990
12
-0.001684
22
-0.015125
32
-0.027945
0
3DFACE
62
2
10
-0.002670
20
-0.015698
30
-0.028298
11
-0.001800
21
-0.015295
31
-0.028036
12
-0.001748
22
-0.015207
32
-0.027990
0
3DFACE
62
2
10
-0.002670
20
-0.015698
30
-0.028298
11
-0.001854
21
-0.015419
31
-0.028101
12
-0.001800
22
-0.015295
32
-0.028036
0
3DFACE
62
2
10
-0.002670
20
-0.015698
30
-0.028298
11
-0.001911
21
-0.015613
31
-0.028201
12
-0.001854
22
-0.015419
32
-0.028101
0
3DFACE
62
2
10
-0.002670
20
-0.015698
30
-0.028298
11
-0.002083
21
-0.016236
31
-0.028520
12
-0.001911
22
-0.015613
32
-0.028201
0
3DFACE
62
2
10
-0.002670
20
-0.015698
30
-0.028298
11
-0.002275
21
-0.016652
31
-0.028739
12
-0.002083
22
-0.016236
32
-0.028520
0
3DFACE
62
2
10
-0.002670
20
-0.015698
30
-0.028298
11
-0.002634
21
-0.017237
31
-0.029055
12
-0.002275
22
-0.016652
32
-0.028739
0
3DFACE
62
2
10
-0.002670
20
-0.015698
30
-0.028298
11
-0.001684
21
-0.015125
31
-0.027945
12
-0.002877
22
-0.012737
32
-0.026865
0
3DFACE
62
2
10
-0.009659
20
-0.012659
30
-0.028298
11
-0.011043
21
-0.013716
31
-0.029140
12
-0.008691
22
-0.015126
32
-0.029059
0
3DFACE
62
2
10
-0.009659
20
-0.012659
30
-0.028298
11
-0.007203
21
-0.013611
31
-0.028036
12
-0.007122
22
-0.013548
32
-0.027989
0
3DFACE
62
2
10
-0.009659
20
-0.012659
30
-0.028298
11
-0.007298
21
-0.013707
31
-0.028101
12
-0.007203
22
-0.013611
32
-0.028036
0
3DFACE
62
2
10
-0.009659
20
-0.012659
30
-0.028298
11
-0.007422
21
-0.013868
31
-0.028200
12
-0.007298
22
-0.013707
32
-0.028101
0
3DFACE
62
2
10
-0.009659
20
-0.012659
30
-0.028298
11
-0.007807
21
-0.014387
31
-0.028520
12
-0.007422
22
-0.013868
32
-0.028200
0
3DFACE
62
2
10
-0.009659
20
-0.012659
30
-0.028298
11
-0.008136
21
-0.014705
31
-0.028739
12
-0.007807
22
-0.014387
32
-0.028520
0
3DFACE
62
2
10
-0.009659
20
-0.012659
30
-0.028298
11
-0.008691
21
-0.015126
31
-0.029059
12
-0.008136
22
-0.014705
32
-0.028739
0
3DFACE
62
2
10
-0.009659
20
-0.012659
30
-0.028298
11
-0.007122
21
-0.013548
31
-0.027989
12
-0.007060
22
-0.010985
32
-0.026865
0
3DFACE
62
2
10
-0.009659
20
-0.012659
30
-0.028298
11
-0.007060
21
-0.010985
31
-0.026865
12
-0.010084
22
-0.011465
32
-0.027970
0
3DFACE
62
2
10
-0.009659
20
-0.012659
30
-0.028298
11
-0.010772
21
-0.012769
31
-0.028689
12
-0.011043
22
-0.013716
32
-0.029140
0
3DFACE
62
2
10
-0.009659
20
-0.012659
30
-0.028298
11
-0.010561
21
-0.012315
31
-0.028448
12
-0.010772
22
-0.012769
32
-0.028689
0
3DFACE
62
2
10
-0.009659
20
-0.012659
30
-0.028298
11
-0.010279
21
-0.011894
31
-0.028196
12
-0.010561
22
-0.012315
32
-0.028448
0
3DFACE
62
2
10
-0.009659
20
-0.012659
30
-0.028298
11
-0.010197
21
-0.011763
31
-0.028120
12
-0.010279
22
-0.011894
32
-0.028196
0
3DFACE
62
2
10
-0.009659
20
-0.012659
30
-0.028298
11
-0.010139
21
-0.011647
31
-0.028057
12
-0.010197
22
-0.011763
32
-0.028120
0
3DFACE
62
2
10
-0.009659
20
-0.012659
30
-0.028298
11
-0.010107
21
-0.011558
31
-0.028013
12
-0.010139
22
-0.011647
32
-0.028057
0
3DFACE
62
2
10
-0.009659
20
-0.012659
30
-0.028298
11
-0.010084
21
-0.011465
31
-0.027970
12
-0.010107
22
-0.011558
32
-0.028013
0
3DFACE
62
2
10
-0.012408
20
-0.009980
30
-0.028298
11
-0.011536
21
-0.010061
31
-0.027989
12
-0.010391
22
-0.007908
32
-0.026865
0
3DFACE
62
2
10
-0.012408
20
-0.009980
30
-0.028298
11
-0.010391
21
-0.007908
31
-0.026865
12
-0.013599
22
-0.007126
32
-0.028013
0
3DFACE
62
2
10
-0.012408
20
-0.009980
30
-0.028298
11
-0.014657
21
-0.008016
31
-0.028689
12
-0.013568
22
-0.010966
32
-0.029059
0
3DFACE
62
2
10
-0.012408
20
-0.009980
30
-0.028298
11
-0.014297
21
-0.007668
31
-0.028448
12
-0.014657
22
-0.008016
32
-0.028689
0
3DFACE
62
2
10
-0.012408
20
-0.009980
30
-0.028298
11
-0.013882
21
-0.007378
31
-0.028196
12
-0.014297
22
-0.007668
32
-0.028448
0
3DFACE
62
2
10
-0.012408
20
-0.009980
30
-0.028298
11
-0.013758
21
-0.007285
31
-0.028120
12
-0.013882
22
-0.007378
32
-0.028196
0
3DFACE
62
2
10
-0.012408
20
-0.009980
30
-0.028298
11
-0.013662
21
-0.007197
31
-0.028057
12
-0.013758
22
-0.007285
32
-0.028120
0
3DFACE
62
2
10
-0.012408
20
-0.009980
30
-0.028298
11
-0.013599
21
-0.007126
31
-0.028013
12
-0.013662
22
-0.007197
32
-0.028057
0
3DFACE
62
2
10
-0.012408
20
-0.009980
30
-0.028298
11
-0.011634
21
-0.010090
31
-0.028036
12
-0.011536
22
-0.010061
32
-0.027989
0
3DFACE
62
2
10
-0.012408
20
-0.009980
30
-0.028298
11
-0.011757
21
-0.010145
31
-0.028101
12
-0.011634
22
-0.010090
32
-0.028036
0
3DFACE
62
2
10
-0.012408
20
-0.009980
30
-0.028298
11
-0.011930
21
-0.010250
31
-0.028200
12
-0.011757
22
-0.010145
32
-0.028101
0
3DFACE
62
2
10
-0.012408
20
-0.009980
30
-0.028298
11
-0.012477
21
-0.010595
31
-0.028520
12
-0.011930
22
-0.010250
32
-0.028200
0
3DFACE
62
2
10
-0.012408
20
-0.009980
30
-0.028298
11
-0.012899
21
-0.010772
31
-0.028739
12
-0.012477
22
-0.010595
32
-0.028520
0
3DFACE
62
2
10
-0.012408
20
-0.009980
30
-0.028298
11
-0.013568
21
-0.010966
31
-0.029059
12
-0.012899
22
-0.010772
32
-0.028739
0
3DFACE
62
2
10
-0.015625
20
-0.003070
30
-0.028298
11
-0.012469
21
-0.003877
31
-0.026865
12
-0.012953
22
-0.001653
32
-0.026865
0
3DFACE
62
2
10
-0.015625
20
-0.003070
30
-0.028298
11
-0.016563
21
-0.002179
31
-0.028689
12
-0.017401
22
-0.002697
32
-0.029140
0
3DFACE
62
2
10
-0.015625
20
-0.003070
30
-0.028298
11
-0.016101
21
-0.001986
31
-0.028448
12
-0.016563
22
-0.002179
32
-0.028689
0
3DFACE
62
2
10
-0.015625
20
-0.003070
30
-0.028298
11
-0.015610
21
-0.001865
31
-0.028196
12
-0.016101
22
-0.001986
32
-0.028448
0
3DFACE
62
2
10
-0.015625
20
-0.003070
30
-0.028298
11
-0.015460
21
-0.001823
31
-0.028120
12
-0.015610
22
-0.001865
32
-0.028196
0
3DFACE
62
2
10
-0.015625
20
-0.003070
30
-0.028298
11
-0.015339
21
-0.001776
31
-0.028057
12
-0.015460
22
-0.001823
32
-0.028120
0
3DFACE
62
2
10
-0.015625
20
-0.003070
30
-0.028298
11
-0.015255
21
-0.001732
31
-0.028013
12
-0.015339
22
-0.001776
32
-0.028057
0
3DFACE
62
2
10
-0.015625
20
-0.003070
30
-0.028298
11
-0.015176
21
-0.001679
31
-0.027970
12
-0.015255
22
-0.001732
32
-0.028013
0
3DFACE
62
2
10
-0.015625
20
-0.003070
30
-0.028298
11
-0.015103
21
-0.001616
31
-0.027931
12
-0.015176
22
-0.001679
32
-0.027970
0
3DFACE
62
2
10
-0.015625
20
-0.003070
30
-0.028298
11
-0.017401
21
-0.002697
31
-0.029140
12
-0.016613
22
-0.005324
32
-0.029059
0
3DFACE
62
2
10
-0.015625
20
-0.003070
30
-0.028298
11
-0.014493
21
-0.005206
31
-0.028036
12
-0.014391
22
-0.005214
32
-0.027989
0
3DFACE
62
2
10
-0.015625
20
-0.003070
30
-0.028298
11
-0.014628
21
-0.005213
31
-0.028101
12
-0.014493
22
-0.005206
32
-0.028036
0
3DFACE
62
2
10
-0.015625
20
-0.003070
30
-0.028298
11
-0.014827
21
-0.005248
31
-0.028200
12
-0.014628
22
-0.005213
32
-0.028101
0
3DFACE
62
2
10
-0.015625
20
-0.003070
30
-0.028298
11
-0.012953
21
-0.001653
31
-0.026865
12
-0.015103
22
-0.001616
32
-0.027931
0
3DFACE
62
2
10
-0.015625
20
-0.003070
30
-0.028298
11
-0.015462
21
-0.005373
31
-0.028520
12
-0.014827
22
-0.005248
32
-0.028200
0
3DFACE
62
2
10
-0.015625
20
-0.003070
30
-0.028298
11
-0.015919
21
-0.005385
31
-0.028739
12
-0.015462
22
-0.005373
32
-0.028520
0
3DFACE
62
2
10
-0.015625
20
-0.003070
30
-0.028298
11
-0.016613
21
-0.005324
31
-0.029059
12
-0.015919
22
-0.005385
32
-0.028739
0
3DFACE
62
2
10
-0.015625
20
-0.003070
30
-0.028298
11
-0.014391
21
-0.005214
31
-0.027989
12
-0.012469
22
-0.003877
32
-0.026865
0
3DFACE
62
2
10
0.010484
20
-0.000931
30
-0.038349
11
0.010373
21
-0.000718
31
-0.038285
12
0.010355
22
-0.000940
32
-0.038285
0
3DFACE
62
2
10
0.010484
20
-0.000931
30
-0.038349
11
0.010567
21
-0.000854
31
-0.038387
12
0.010373
22
-0.000718
32
-0.038285
0
3DFACE
62
2
10
0.010628
20
-0.000813
30
-0.038415
11
0.010386
21
-0.000495
31
-0.038285
12
0.010373
22
-0.000718
32
-0.038285
0
3DFACE
62
2
10
0.010628
20
-0.000813
30
-0.038415
11
0.010373
21
-0.000718
31
-0.038285
12
0.010567
22
-0.000854
32
-0.038387
0
3DFACE
62
2
10
0.010409
20
-0.001028
30
-0.038316
11
0.010484
21
-0.000931
31
-0.038349
12
0.010355
22
-0.000940
32
-0.038285
0
3DFACE
62
2
10
0.010701
20
-0.000778
30
-0.038451
11
0.010386
21
-0.000495
31
-0.038285
12
0.010628
22
-0.000813
32
-0.038415
0
3DFACE
62
2
10
0.010778
20
-0.000752
30
-0.038488
11
0.010386
21
-0.000495
31
-0.038285
12
0.010701
22
-0.000778
32
-0.038451
0
3DFACE
62
2
10
0.010332
20
-0.001162
30
-0.038285
11
0.010409
21
-0.001028
31
-0.038316
12
0.010355
22
-0.000940
32
-0.038285
0
3DFACE
62
2
10
0.010883
20
-0.000733
30
-0.038540
11
0.010386
21
-0.000495
31
-0.038285
12
0.010778
22
-0.000752
32
-0.038488
0
3DFACE
62
2
10
0.011387
20
-0.000697
30
-0.038790
11
0.010386
21
-0.000495
31
-0.038285
12
0.010883
22
-0.000733
32
-0.038540
0
3DFACE
62
2
10
0.011880
20
-0.000566
30
-0.039033
11
0.010386
21
-0.000495
31
-0.038285
12
0.011387
22
-0.000697
32
-0.038790
0
3DFACE
62
2
10
-0.004549
20
-0.018230
30
-0.029730
11
-0.004989
21
-0.018114
31
-0.029730
12
-0.003492
22
-0.012680
32
-0.039662
0
3DFACE
62
2
10
-0.004549
20
-0.018230
30
-0.029730
11
-0.003492
21
-0.012680
31
-0.039662
12
-0.003184
22
-0.012761
32
-0.039662
0
3DFACE
62
2
10
-0.004106
20
-0.018335
30
-0.029730
11
-0.003184
21
-0.012761
31
-0.039662
12
-0.002874
22
-0.012834
32
-0.039662
0
3DFACE
62
2
10
-0.004106
20
-0.018335
30
-0.029730
11
-0.004549
21
-0.018230
31
-0.029730
12
-0.003184
22
-0.012761
32
-0.039662
0
3DFACE
62
2
10
-0.003661
20
-0.018429
30
-0.029730
11
-0.002874
21
-0.012834
31
-0.039662
12
-0.002563
22
-0.012900
32
-0.039662
0
3DFACE
62
2
10
-0.003661
20
-0.018429
30
-0.029730
11
-0.004106
21
-0.018335
31
-0.029730
12
-0.002874
22
-0.012834
32
-0.039662
0
3DFACE
62
2
10
-0.001863
20
-0.010229
30
-0.038285
11
-0.001334
21
-0.010913
31
-0.038583
12
-0.001278
22
-0.010743
32
-0.038495
0
3DFACE
62
2
10
-0.001863
20
-0.010229
30
-0.038285
11
-0.001278
21
-0.010743
31
-0.038495
12
-0.001225
22
-0.010647
32
-0.038444
0
3DFACE
62
2
10
-0.001863
20
-0.010229
30
-0.038285
11
-0.001225
21
-0.010647
31
-0.038444
12
-0.001184
22
-0.010593
32
-0.038416
0
3DFACE
62
2
10
-0.001863
20
-0.010229
30
-0.038285
11
-0.001184
21
-0.010593
31
-0.038416
12
-0.001136
22
-0.010545
32
-0.038389
0
3DFACE
62
2
10
-0.001863
20
-0.010229
30
-0.038285
11
-0.001136
21
-0.010545
31
-0.038389
12
-0.001051
22
-0.010480
32
-0.038352
0
3DFACE
62
2
10
-0.001863
20
-0.010229
30
-0.038285
11
-0.001051
21
-0.010480
31
-0.038352
12
-0.000951
22
-0.010427
32
-0.038321
0
3DFACE
62
2
10
-0.001863
20
-0.010229
30
-0.038285
11
-0.000951
21
-0.010427
31
-0.038321
12
-0.000870
22
-0.010394
32
-0.038301
0
3DFACE
62
2
10
-0.001863
20
-0.010229
30
-0.038285
11
-0.000870
21
-0.010394
31
-0.038301
12
-0.000786
22
-0.010368
32
-0.038285
0
3DFACE
62
2
10
-0.001431
20
-0.011293
30
-0.038777
11
-0.001334
21
-0.010913
31
-0.038583
12
-0.001863
22
-0.010229
32
-0.038285
0
3DFACE
62
2
10
-0.001588
20
-0.011647
30
-0.038964
11
-0.001431
21
-0.011293
31
-0.038777
12
-0.001863
22
-0.010229
32
-0.038285
0
3DFACE
62
2
10
-0.002920
20
-0.009979
30
-0.038285
11
-0.001588
21
-0.011647
31
-0.038964
12
-0.001863
22
-0.010229
32
-0.038285
0
3DFACE
62
2
10
-0.003749
20
-0.009855
30
-0.038358
11
-0.003719
21
-0.009917
31
-0.038381
12
-0.002920
22
-0.009979
32
-0.038285
0
3DFACE
62
2
10
-0.003696
20
-0.009980
30
-0.038407
11
-0.002920
21
-0.009979
31
-0.038285
12
-0.003719
22
-0.009917
32
-0.038381
0
3DFACE
62
2
10
-0.003680
20
-0.010049
30
-0.038437
11
-0.002920
21
-0.009979
31
-0.038285
12
-0.003696
22
-0.009980
32
-0.038407
0
3DFACE
62
2
10
-0.003822
20
-0.009749
30
-0.038322
11
-0.003749
21
-0.009855
31
-0.038358
12
-0.002920
22
-0.009979
32
-0.038285
0
3DFACE
62
2
10
-0.003673
20
-0.010120
30
-0.038469
11
-0.002920
21
-0.009979
31
-0.038285
12
-0.003680
22
-0.010049
32
-0.038437
0
3DFACE
62
2
10
-0.003674
20
-0.010190
30
-0.038502
11
-0.002920
21
-0.009979
31
-0.038285
12
-0.003673
22
-0.010120
32
-0.038469
0
3DFACE
62
2
10
-0.003945
20
-0.009620
30
-0.038285
11
-0.003822
21
-0.009749
31
-0.038322
12
-0.002920
22
-0.009979
32
-0.038285
0
3DFACE
62
2
10
-0.003795
20
-0.010858
30
-0.038837
11
-0.002920
21
-0.009979
31
-0.038285
12
-0.003674
22
-0.010190
32
-0.038502
0
3DFACE
62
2
10
-0.003800
20
-0.011177
30
-0.038989
11
-0.001863
21
-0.012093
31
-0.039204
12
-0.001588
22
-0.011647
32
-0.038964
0
3DFACE
62
2
10
-0.003800
20
-0.011177
30
-0.038989
11
-0.001588
21
-0.011647
31
-0.038964
12
-0.002920
22
-0.009979
32
-0.038285
0
3DFACE
62
2
10
-0.003800
20
-0.011177
30
-0.038989
11
-0.002920
21
-0.009979
31
-0.038285
12
-0.003795
22
-0.010858
32
-0.038837
0
3DFACE
62
2
10
-0.002874
20
-0.012834
30
-0.039662
11
-0.002563
21
-0.012900
31
-0.039662
12
-0.001863
22
-0.012093
32
-0.039204
0
3DFACE
62
2
10
-0.003754
20
-0.011654
30
-0.039208
11
-0.001863
21
-0.012093
31
-0.039204
12
-0.003800
22
-0.011177
32
-0.038989
0
3DFACE
62
2
10
-0.003648
20
-0.012171
30
-0.039439
11
-0.003184
21
-0.012761
31
-0.039662
12
-0.002874
22
-0.012834
32
-0.039662
0
3DFACE
62
2
10
-0.003648
20
-0.012171
30
-0.039439
11
-0.002874
21
-0.012834
31
-0.039662
12
-0.001863
22
-0.012093
32
-0.039204
0
3DFACE
62
2
10
-0.003648
20
-0.012171
30
-0.039439
11
-0.001863
21
-0.012093
31
-0.039204
12
-0.003754
22
-0.011654
32
-0.039208
0
3DFACE
62
2
10
-0.003492
20
-0.012680
30
-0.039662
11
-0.003184
21
-0.012761
31
-0.039662
12
-0.003648
22
-0.012171
32
-0.039439
0
3DFACE
62
2
10
-0.010827
20
-0.015356
30
-0.029730
11
-0.011196
21
-0.015089
31
-0.029730
12
-0.007837
22
-0.010562
32
-0.039662
0
3DFACE
62
2
10
-0.010827
20
-0.015356
30
-0.029730
11
-0.007579
21
-0.010749
31
-0.039662
12
-0.007316
22
-0.010929
32
-0.039662
0
3DFACE
62
2
10
-0.010827
20
-0.015356
30
-0.029730
11
-0.007837
21
-0.010562
31
-0.039662
12
-0.007579
22
-0.010749
32
-0.039662
0
3DFACE
62
2
10
-0.010452
20
-0.015613
30
-0.029730
11
-0.007316
21
-0.010929
31
-0.039662
12
-0.007050
22
-0.011103
32
-0.039662
0
3DFACE
62
2
10
-0.010452
20
-0.015613
30
-0.029730
11
-0.010827
21
-0.015356
31
-0.029730
12
-0.007316
22
-0.010929
32
-0.039662
0
3DFACE
62
2
10
-0.010071
20
-0.015862
30
-0.029730
11
-0.010452
21
-0.015613
31
-0.029730
12
-0.007050
22
-0.011103
32
-0.039662
0
3DFACE
62
2
10
-0.005432
20
-0.008865
30
-0.038285
11
-0.005186
21
-0.009694
31
-0.038583
12
-0.005072
22
-0.009556
32
-0.038495
0
3DFACE
62
2
10
-0.005432
20
-0.008865
30
-0.038285
11
-0.005072
21
-0.009556
31
-0.038495
12
-0.004988
22
-0.009485
32
-0.038444
0
3DFACE
62
2
10
-0.005432
20
-0.008865
30
-0.038285
11
-0.004988
21
-0.009485
31
-0.038444
12
-0.004931
22
-0.009450
32
-0.038416
0
3DFACE
62
2
10
-0.005432
20
-0.008865
30
-0.038285
11
-0.004931
21
-0.009450
31
-0.038416
12
-0.004869
22
-0.009422
32
-0.038389
0
3DFACE
62
2
10
-0.005432
20
-0.008865
30
-0.038285
11
-0.004869
21
-0.009422
31
-0.038389
12
-0.004766
22
-0.009393
32
-0.038352
0
3DFACE
62
2
10
-0.005432
20
-0.008865
30
-0.038285
11
-0.004766
21
-0.009393
31
-0.038352
12
-0.004654
22
-0.009379
32
-0.038321
0
3DFACE
62
2
10
-0.005432
20
-0.008865
30
-0.038285
11
-0.004654
21
-0.009379
31
-0.038321
12
-0.004566
22
-0.009378
32
-0.038301
0
3DFACE
62
2
10
-0.005432
20
-0.008865
30
-0.038285
11
-0.004566
21
-0.009378
31
-0.038301
12
-0.004478
22
-0.009384
32
-0.038285
0
3DFACE
62
2
10
-0.005414
20
-0.010013
30
-0.038777
11
-0.005186
21
-0.009694
31
-0.038583
12
-0.005432
22
-0.008865
32
-0.038285
0
3DFACE
62
2
10
-0.005688
20
-0.010287
30
-0.038964
11
-0.005414
21
-0.010013
31
-0.038777
12
-0.005432
22
-0.008865
32
-0.038285
0
3DFACE
62
2
10
-0.006328
20
-0.008250
30
-0.038285
11
-0.005688
21
-0.010287
31
-0.038964
12
-0.005432
22
-0.008865
32
-0.038285
0
3DFACE
62
2
10
-0.007056
20
-0.007835
30
-0.038358
11
-0.007050
21
-0.007903
31
-0.038381
12
-0.006328
22
-0.008250
32
-0.038285
0
3DFACE
62
2
10
-0.007052
20
-0.007971
30
-0.038407
11
-0.006328
21
-0.008250
31
-0.038285
12
-0.007050
22
-0.007903
32
-0.038381
0
3DFACE
62
2
10
-0.007062
20
-0.008041
30
-0.038437
11
-0.006328
21
-0.008250
31
-0.038285
12
-0.007052
22
-0.007971
32
-0.038407
0
3DFACE
62
2
10
-0.007085
20
-0.007710
30
-0.038322
11
-0.007056
21
-0.007835
31
-0.038358
12
-0.006328
22
-0.008250
32
-0.038285
0
3DFACE
62
2
10
-0.007081
20
-0.008110
30
-0.038469
11
-0.006328
21
-0.008250
31
-0.038285
12
-0.007062
22
-0.008041
32
-0.038437
0
3DFACE
62
2
10
-0.007107
20
-0.008174
30
-0.038502
11
-0.006328
21
-0.008250
31
-0.038285
12
-0.007081
22
-0.008110
32
-0.038469
0
3DFACE
62
2
10
-0.007154
20
-0.007545
30
-0.038285
11
-0.007085
21
-0.007710
31
-0.038322
12
-0.006328
22
-0.008250
32
-0.038285
0
3DFACE
62
2
10
-0.007462
20
-0.008754
30
-0.038837
11
-0.006328
21
-0.008250
31
-0.038285
12
-0.007107
22
-0.008174
32
-0.038502
0
3DFACE
62
2
10
-0.007581
20
-0.009049
30
-0.038989
11
-0.006106
21
-0.010603
31
-0.039204
12
-0.005688
22
-0.010287
32
-0.038964
0
3DFACE
62
2
10
-0.007581
20
-0.009049
30
-0.038989
11
-0.005688
21
-0.010287
31
-0.038964
12
-0.006328
22
-0.008250
32
-0.038285
0
3DFACE
62
2
10
-0.007581
20
-0.009049
30
-0.038989
11
-0.006328
21
-0.008250
31
-0.038285
12
-0.007462
22
-0.008754
32
-0.038837
0
3DFACE
62
2
10
-0.007316
20
-0.010929
30
-0.039662
11
-0.007050
21
-0.011103
31
-0.039662
12
-0.006106
22
-0.010603
32
-0.039204
0
3DFACE
62
2
10
-0.007711
20
-0.009511
30
-0.039208
11
-0.006106
21
-0.010603
31
-0.039204
12
-0.007581
22
-0.009049
32
-0.038989
0
3DFACE
62
2
10
-0.007798
20
-0.010031
30
-0.039439
11
-0.007579
21
-0.010749
31
-0.039662
12
-0.007316
22
-0.010929
32
-0.039662
0
3DFACE
62
2
10
-0.007798
20
-0.010031
30
-0.039439
11
-0.007316
21
-0.010929
31
-0.039662
12
-0.006106
22
-0.010603
32
-0.039204
0
3DFACE
62
2
10
-0.007798
20
-0.010031
30
-0.039439
11
-0.006106
21
-0.010603
31
-0.039204
12
-0.007711
22
-0.009511
32
-0.039208
0
3DFACE
62
2
10
-0.007837
20
-0.010562
30
-0.039662
11
-0.007579
21
-0.010749
31
-0.039662
12
-0.007798
22
-0.010031
32
-0.039439
0
3DFACE
62
2
10
-0.015643
20
-0.010408
30
-0.029730
11
-0.015890
21
-0.010026
31
-0.029730
12
-0.011123
22
-0.007018
32
-0.039662
0
3DFACE
62
2
10
-0.015643
20
-0.010408
30
-0.029730
11
-0.011123
21
-0.007018
31
-0.039662
12
-0.010950
22
-0.007285
32
-0.039662
0
3DFACE
62
2
10
-0.015386
20
-0.010783
30
-0.029730
11
-0.010950
21
-0.007285
31
-0.039662
12
-0.010770
22
-0.007548
32
-0.039662
0
3DFACE
62
2
10
-0.015386
20
-0.010783
30
-0.029730
11
-0.015643
21
-0.010408
31
-0.029730
12
-0.010950
22
-0.007285
32
-0.039662
0
3DFACE
62
2
10
-0.015121
20
-0.011153
30
-0.029730
11
-0.010770
21
-0.007548
31
-0.039662
12
-0.010585
22
-0.007807
32
-0.039662
0
3DFACE
62
2
10
-0.015121
20
-0.011153
30
-0.029730
11
-0.015386
21
-0.010783
31
-0.029730
12
-0.010770
22
-0.007548
32
-0.039662
0
3DFACE
62
2
10
-0.008268
20
-0.006304
30
-0.038285
11
-0.008338
21
-0.007166
31
-0.038583
12
-0.008182
22
-0.007078
32
-0.038495
0
3DFACE
62
2
10
-0.008268
20
-0.006304
30
-0.038285
11
-0.008182
21
-0.007078
31
-0.038495
12
-0.008077
22
-0.007043
32
-0.038444
0
3DFACE
62
2
10
-0.008268
20
-0.006304
30
-0.038285
11
-0.008077
21
-0.007043
31
-0.038444
12
-0.008012
22
-0.007031
32
-0.038416
0
3DFACE
62
2
10
-0.008268
20
-0.006304
30
-0.038285
11
-0.008012
21
-0.007031
31
-0.038416
12
-0.007944
22
-0.007027
32
-0.038389
0
3DFACE
62
2
10
-0.008268
20
-0.006304
30
-0.038285
11
-0.007944
21
-0.007027
31
-0.038389
12
-0.007837
22
-0.007037
32
-0.038352
0
3DFACE
62
2
10
-0.008268
20
-0.006304
30
-0.038285
11
-0.007837
21
-0.007037
31
-0.038352
12
-0.007728
22
-0.007065
32
-0.038321
0
3DFACE
62
2
10
-0.008268
20
-0.006304
30
-0.038285
11
-0.007728
21
-0.007065
31
-0.038321
12
-0.007646
22
-0.007095
32
-0.038301
0
3DFACE
62
2
10
-0.008268
20
-0.006304
30
-0.038285
11
-0.007646
21
-0.007095
31
-0.038301
12
-0.007565
22
-0.007133
32
-0.038285
0
3DFACE
62
2
10
-0.008665
20
-0.007381
30
-0.038777
11
-0.008338
21
-0.007166
31
-0.038583
12
-0.008268
22
-0.006304
32
-0.038285
0
3DFACE
62
2
10
-0.009020
20
-0.007538
30
-0.038964
11
-0.008665
21
-0.007381
31
-0.038777
12
-0.008268
22
-0.006304
32
-0.038285
0
3DFACE
62
2
10
-0.008881
20
-0.005407
30
-0.038285
11
-0.009020
21
-0.007538
31
-0.038964
12
-0.008268
22
-0.006304
32
-0.038285
0
3DFACE
62
2
10
-0.009410
20
-0.004757
30
-0.038358
11
-0.009429
21
-0.004823
31
-0.038381
12
-0.008881
22
-0.005407
32
-0.038285
0
3DFACE
62
2
10
-0.009455
20
-0.004885
30
-0.038407
11
-0.008881
21
-0.005407
31
-0.038285
12
-0.009429
22
-0.004823
32
-0.038381
0
3DFACE
62
2
10
-0.009490
20
-0.004947
30
-0.038437
11
-0.008881
21
-0.005407
31
-0.038285
12
-0.009455
22
-0.004885
32
-0.038407
0
3DFACE
62
2
10
-0.009392
20
-0.004630
30
-0.038322
11
-0.009410
21
-0.004757
31
-0.038358
12
-0.008881
22
-0.005407
32
-0.038285
0
3DFACE
62
2
10
-0.009532
20
-0.005004
30
-0.038469
11
-0.008881
21
-0.005407
31
-0.038285
12
-0.009490
22
-0.004947
32
-0.038437
0
3DFACE
62
2
10
-0.009580
20
-0.005055
30
-0.038502
11
-0.008881
21
-0.005407
31
-0.038285
12
-0.009532
22
-0.005004
32
-0.038469
0
3DFACE
62
2
10
-0.009396
20
-0.004451
30
-0.038285
11
-0.009392
21
-0.004630
31
-0.038322
12
-0.008881
22
-0.005407
32
-0.038285
0
3DFACE
62
2
10
-0.010120
20
-0.005467
30
-0.038837
11
-0.008881
21
-0.005407
31
-0.038285
12
-0.009580
22
-0.005055
32
-0.038502
0
3DFACE
62
2
10
-0.010338
20
-0.005700
30
-0.038989
11
-0.009524
21
-0.007682
31
-0.039204
12
-0.009020
22
-0.007538
32
-0.038964
0
3DFACE
62
2
10
-0.010338
20
-0.005700
30
-0.038989
11
-0.009020
21
-0.007538
31
-0.038964
12
-0.008881
22
-0.005407
32
-0.038285
0
3DFACE
62
2
10
-0.010338
20
-0.005700
30
-0.038989
11
-0.008881
21
-0.005407
31
-0.038285
12
-0.010120
22
-0.005467
32
-0.038837
0
3DFACE
62
2
10
-0.010770
20
-0.007548
30
-0.039662
11
-0.010585
21
-0.007807
31
-0.039662
12
-0.009524
22
-0.007682
32
-0.039204
0
3DFACE
62
2
10
-0.010626
20
-0.006083
30
-0.039208
11
-0.009524
21
-0.007682
31
-0.039204
12
-0.010338
22
-0.005700
32
-0.038989
0
3DFACE
62
2
10
-0.010895
20
-0.006537
30
-0.039439
11
-0.010950
21
-0.007285
31
-0.039662
12
-0.010770
22
-0.007548
32
-0.039662
0
3DFACE
62
2
10
-0.010895
20
-0.006537
30
-0.039439
11
-0.010770
21
-0.007548
31
-0.039662
12
-0.009524
22
-0.007682
32
-0.039204
0
3DFACE
62
2
10
-0.010895
20
-0.006537
30
-0.039439
11
-0.009524
21
-0.007682
31
-0.039204
12
-0.010626
22
-0.006083
32
-0.039208
0
3DFACE
62
2
10
-0.011123
20
-0.007018
30
-0.039662
11
-0.010950
21
-0.007285
31
-0.039662
12
-0.010895
22
-0.006537
32
-0.039439
0
3DFACE
62
2
10
-0.018346
20
-0.004054
30
-0.029730
11
-0.018439
21
-0.003609
31
-0.029730
12
-0.012907
22
-0.002526
32
-0.039662
0
3DFACE
62
2
10
-0.018346
20
-0.004054
30
-0.029730
11
-0.012907
21
-0.002526
31
-0.039662
12
-0.012842
22
-0.002838
32
-0.039662
0
3DFACE
62
2
10
-0.018243
20
-0.004497
30
-0.029730
11
-0.012842
21
-0.002838
31
-0.039662
12
-0.012770
22
-0.003148
32
-0.039662
0
3DFACE
62
2
10
-0.018243
20
-0.004497
30
-0.029730
11
-0.018346
21
-0.004054
31
-0.029730
12
-0.012842
22
-0.002838
32
-0.039662
0
3DFACE
62
2
10
-0.018129
20
-0.004937
30
-0.029730
11
-0.012770
21
-0.003148
31
-0.039662
12
-0.012690
22
-0.003456
32
-0.039662
0
3DFACE
62
2
10
-0.018129
20
-0.004937
30
-0.029730
11
-0.018243
21
-0.004497
31
-0.029730
12
-0.012770
22
-0.003148
32
-0.039662
0
3DFACE
62
2
10
-0.009987
20
-0.002892
30
-0.038285
11
-0.010363
21
-0.003670
31
-0.038583
12
-0.010186
22
-0.003645
32
-0.038495
0
3DFACE
62
2
10
-0.009987
20
-0.002892
30
-0.038285
11
-0.010186
21
-0.003645
31
-0.038495
12
-0.010076
22
-0.003649
32
-0.038444
0
3DFACE
62
2
10
-0.009987
20
-0.002892
30
-0.038285
11
-0.010076
21
-0.003649
31
-0.038444
12
-0.010010
22
-0.003662
32
-0.038416
0
3DFACE
62
2
10
-0.009987
20
-0.002892
30
-0.038285
11
-0.010010
21
-0.003662
31
-0.038416
12
-0.009946
22
-0.003683
32
-0.038389
0
3DFACE
62
2
10
-0.009987
20
-0.002892
30
-0.038285
11
-0.009946
21
-0.003683
31
-0.038389
12
-0.009850
22
-0.003731
32
-0.038352
0
3DFACE
62
2
10
-0.009987
20
-0.002892
30
-0.038285
11
-0.009850
21
-0.003731
31
-0.038352
12
-0.009758
22
-0.003796
32
-0.038321
0
3DFACE
62
2
10
-0.009987
20
-0.002892
30
-0.038285
11
-0.009758
21
-0.003796
31
-0.038321
12
-0.009692
22
-0.003854
32
-0.038301
0
3DFACE
62
2
10
-0.009987
20
-0.002892
30
-0.038285
11
-0.009692
21
-0.003854
31
-0.038301
12
-0.009631
22
-0.003918
32
-0.038285
0
3DFACE
62
2
10
-0.010747
20
-0.003753
30
-0.038777
11
-0.010363
21
-0.003670
31
-0.038583
12
-0.009987
22
-0.002892
32
-0.038285
0
3DFACE
62
2
10
-0.011134
20
-0.003770
30
-0.038964
11
-0.010747
21
-0.003753
31
-0.038777
12
-0.009987
22
-0.002892
32
-0.038285
0
3DFACE
62
2
10
-0.010234
20
-0.001834
30
-0.038285
11
-0.011134
21
-0.003770
31
-0.038964
12
-0.009987
22
-0.002892
32
-0.038285
0
3DFACE
62
2
10
-0.010493
20
-0.001037
30
-0.038358
11
-0.010535
21
-0.001091
31
-0.038381
12
-0.010234
22
-0.001834
32
-0.038285
0
3DFACE
62
2
10
-0.010581
20
-0.001140
30
-0.038407
11
-0.010234
21
-0.001834
31
-0.038285
12
-0.010535
22
-0.001091
32
-0.038381
0
3DFACE
62
2
10
-0.010636
20
-0.001185
30
-0.038437
11
-0.010234
21
-0.001834
31
-0.038285
12
-0.010581
22
-0.001140
32
-0.038407
0
3DFACE
62
2
10
-0.010431
20
-0.000925
30
-0.038322
11
-0.010493
21
-0.001037
31
-0.038358
12
-0.010234
22
-0.001834
32
-0.038285
0
3DFACE
62
2
10
-0.010696
20
-0.001222
30
-0.038469
11
-0.010234
21
-0.001834
31
-0.038285
12
-0.010636
22
-0.001185
32
-0.038437
0
3DFACE
62
2
10
-0.010759
20
-0.001253
30
-0.038502
11
-0.010234
21
-0.001834
31
-0.038285
12
-0.010696
22
-0.001222
32
-0.038469
0
3DFACE
62
2
10
-0.010370
20
-0.000756
30
-0.038285
11
-0.010431
21
-0.000925
31
-0.038322
12
-0.010234
22
-0.001834
32
-0.038285
0
3DFACE
62
2
10
-0.011412
20
-0.001443
30
-0.038837
11
-0.010234
21
-0.001834
31
-0.038285
12
-0.010759
22
-0.001253
32
-0.038502
0
3DFACE
62
2
10
-0.011699
20
-0.001580
30
-0.038989
11
-0.011656
21
-0.003723
31
-0.039204
12
-0.011134
22
-0.003770
32
-0.038964
0
3DFACE
62
2
10
-0.011699
20
-0.001580
30
-0.038989
11
-0.011134
21
-0.003770
31
-0.038964
12
-0.010234
22
-0.001834
32
-0.038285
0
3DFACE
62
2
10
-0.011699
20
-0.001580
30
-0.038989
11
-0.010234
21
-0.001834
31
-0.038285
12
-0.011412
22
-0.001443
32
-0.038837
0
3DFACE
62
2
10
-0.012770
20
-0.003148
30
-0.039662
11
-0.012690
21
-0.003456
31
-0.039662
12
-0.011656
22
-0.003723
32
-0.039204
0
3DFACE
62
2
10
-0.012106
20
-0.001834
30
-0.039208
11
-0.011656
21
-0.003723
31
-0.039204
12
-0.011699
22
-0.001580
32
-0.038989
0
3DFACE
62
2
10
-0.012521
20
-0.002160
30
-0.039439
11
-0.012842
21
-0.002838
31
-0.039662
12
-0.012770
22
-0.003148
32
-0.039662
0
3DFACE
62
2
10
-0.012521
20
-0.002160
30
-0.039439
11
-0.012770
21
-0.003148
31
-0.039662
12
-0.011656
22
-0.003723
32
-0.039204
0
3DFACE
62
2
10
-0.012521
20
-0.002160
30
-0.039439
11
-0.011656
21
-0.003723
31
-0.039204
12
-0.012106
22
-0.001834
32
-0.039208
0
3DFACE
62
2
10
-0.012907
20
-0.002526
30
-0.039662
11
-0.012842
21
-0.002838
31
-0.039662
12
-0.012521
22
-0.002160
32
-0.039439
0
3DFACE
62
2
10
-0.018572
20
0.002847
30
-0.029730
11
-0.018497
21
0.003296
31
-0.029730
12
-0.012948
22
0.002307
32
-0.039662
0
3DFACE
62
2
10
-0.018572
20
0.002847
30
-0.029730
11
-0.012948
21
0.002307
31
-0.039662
12
-0.013000
22
0.001993
32
-0.039662
0
3DFACE
62
2
10
-0.018635
20
0.002397
30
-0.029730
11
-0.013000
21
0.001993
31
-0.039662
12
-0.013045
22
0.001678
32
-0.039662
0
3DFACE
62
2
10
-0.018635
20
0.002397
30
-0.029730
11
-0.018572
21
0.002847
31
-0.029730
12
-0.013000
22
0.001993
32
-0.039662
0
3DFACE
62
2
10
-0.018688
20
0.001945
30
-0.029730
11
-0.013045
21
0.001678
31
-0.039662
12
-0.013082
22
0.001361
32
-0.039662
0
3DFACE
62
2
10
-0.018688
20
0.001945
30
-0.029730
11
-0.018635
21
0.002397
31
-0.029730
12
-0.013045
22
0.001678
32
-0.039662
0
3DFACE
62
2
10
-0.010357
20
0.000911
30
-0.038285
11
-0.010989
21
0.000321
31
-0.038583
12
-0.010815
22
0.000281
32
-0.038495
0
3DFACE
62
2
10
-0.010357
20
0.000911
30
-0.038285
11
-0.010815
21
0.000281
31
-0.038495
12
-0.010714
22
0.000237
32
-0.038444
0
3DFACE
62
2
10
-0.010357
20
0.000911
30
-0.038285
11
-0.010714
21
0.000237
31
-0.038444
12
-0.010657
22
0.000201
32
-0.038416
0
3DFACE
62
2
10
-0.010357
20
0.000911
30
-0.038285
11
-0.010657
21
0.000201
31
-0.038416
12
-0.010605
22
0.000159
32
-0.038389
0
3DFACE
62
2
10
-0.010357
20
0.000911
30
-0.038285
11
-0.010605
21
0.000159
31
-0.038389
12
-0.010532
22
0.000079
32
-0.038352
0
3DFACE
62
2
10
-0.010357
20
0.000911
30
-0.038285
11
-0.010532
21
0.000079
31
-0.038352
12
-0.010470
22
-0.000015
32
-0.038321
0
3DFACE
62
2
10
-0.010357
20
0.000911
30
-0.038285
11
-0.010470
21
-0.000015
31
-0.038321
12
-0.010430
22
-0.000093
32
-0.038301
0
3DFACE
62
2
10
-0.010357
20
0.000911
30
-0.038285
11
-0.010430
21
-0.000093
31
-0.038301
12
-0.010396
22
-0.000174
32
-0.038285
0
3DFACE
62
2
10
-0.011376
20
0.000383
30
-0.038777
11
-0.010989
21
0.000321
31
-0.038583
12
-0.010357
22
0.000911
32
-0.038285
0
3DFACE
62
2
10
-0.011744
20
0.000507
30
-0.038964
11
-0.011376
21
0.000383
31
-0.038777
12
-0.010357
22
0.000911
32
-0.038285
0
3DFACE
62
2
10
-0.010206
20
0.001987
30
-0.038285
11
-0.011744
21
0.000507
31
-0.038964
12
-0.010357
22
0.000911
32
-0.038285
0
3DFACE
62
2
10
-0.010159
20
0.002824
30
-0.038358
11
-0.010217
21
0.002788
31
-0.038381
12
-0.010206
22
0.001987
32
-0.038285
0
3DFACE
62
2
10
-0.010278
20
0.002760
30
-0.038407
11
-0.010206
21
0.001987
31
-0.038285
12
-0.010217
22
0.002788
32
-0.038381
0
3DFACE
62
2
10
-0.010346
20
0.002738
30
-0.038437
11
-0.010206
21
0.001987
31
-0.038285
12
-0.010278
22
0.002760
32
-0.038407
0
3DFACE
62
2
10
-0.010060
20
0.002906
30
-0.038322
11
-0.010159
21
0.002824
31
-0.038358
12
-0.010206
22
0.001987
32
-0.038285
0
3DFACE
62
2
10
-0.010416
20
0.002724
30
-0.038469
11
-0.010206
21
0.001987
31
-0.038285
12
-0.010346
22
0.002738
32
-0.038437
0
3DFACE
62
2
10
-0.010485
20
0.002719
30
-0.038502
11
-0.010206
21
0.001987
31
-0.038285
12
-0.010416
22
0.002724
32
-0.038469
0
3DFACE
62
2
10
-0.009943
20
0.003041
30
-0.038285
11
-0.010060
21
0.002906
31
-0.038322
12
-0.010206
22
0.001987
32
-0.038285
0
3DFACE
62
2
10
-0.011162
20
0.002777
30
-0.038837
11
-0.010206
21
0.001987
31
-0.038285
12
-0.010485
22
0.002719
32
-0.038502
0
3DFACE
62
2
10
-0.011480
20
0.002753
30
-0.038989
11
-0.012213
21
0.000739
31
-0.039204
12
-0.011744
22
0.000507
32
-0.038964
0
3DFACE
62
2
10
-0.011480
20
0.002753
30
-0.038989
11
-0.011744
21
0.000507
31
-0.038964
12
-0.010206
22
0.001987
32
-0.038285
0
3DFACE
62
2
10
-0.011480
20
0.002753
30
-0.038989
11
-0.010206
21
0.001987
31
-0.038285
12
-0.011162
22
0.002777
32
-0.038837
0
3DFACE
62
2
10
-0.013045
20
0.001678
30
-0.039662
11
-0.013082
21
0.001361
31
-0.039662
12
-0.012213
22
0.000739
32
-0.039204
0
3DFACE
62
2
10
-0.011951
20
0.002663
30
-0.039208
11
-0.012213
21
0.000739
31
-0.039204
12
-0.011480
22
0.002753
32
-0.038989
0
3DFACE
62
2
10
-0.012455
20
0.002509
30
-0.039439
11
-0.013000
21
0.001993
31
-0.039662
12
-0.013045
22
0.001678
32
-0.039662
0
3DFACE
62
2
10
-0.012455
20
0.002509
30
-0.039439
11
-0.013045
21
0.001678
31
-0.039662
12
-0.012213
22
0.000739
32
-0.039204
0
3DFACE
62
2
10
-0.012455
20
0.002509
30
-0.039439
11
-0.012213
21
0.000739
31
-0.039204
12
-0.011951
22
0.002663
32
-0.039208
0
3DFACE
62
2
10
-0.012948
20
0.002307
30
-0.039662
11
-0.013000
21
0.001993
31
-0.039662
12
-0.012455
22
0.002509
32
-0.039439
0
3DFACE
62
2
10
-0.016289
20
0.009364
30
-0.029730
11
-0.016058
21
0.009756
31
-0.029730
12
-0.011240
22
0.006829
32
-0.039662
0
3DFACE
62
2
10
-0.016289
20
0.009364
30
-0.029730
11
-0.011240
21
0.006829
31
-0.039662
12
-0.011402
22
0.006555
32
-0.039662
0
3DFACE
62
2
10
-0.016511
20
0.008967
30
-0.029730
11
-0.011558
21
0.006277
31
-0.039662
12
-0.011706
22
0.005995
32
-0.039662
0
3DFACE
62
2
10
-0.016511
20
0.008967
30
-0.029730
11
-0.011402
21
0.006555
31
-0.039662
12
-0.011558
22
0.006277
32
-0.039662
0
3DFACE
62
2
10
-0.016511
20
0.008967
30
-0.029730
11
-0.016289
21
0.009364
31
-0.029730
12
-0.011402
22
0.006555
32
-0.039662
0
3DFACE
62
2
10
-0.016723
20
0.008564
30
-0.029730
11
-0.016511
21
0.008967
31
-0.029730
12
-0.011706
22
0.005995
32
-0.039662
0
3DFACE
62
2
10
-0.009329
20
0.004591
30
-0.038285
11
-0.010131
21
0.004269
31
-0.038583
12
-0.009983
22
0.004169
32
-0.038495
0
3DFACE
62
2
10
-0.009329
20
0.004591
30
-0.038285
11
-0.009983
21
0.004169
31
-0.038495
12
-0.009905
22
0.004091
32
-0.038444
0
3DFACE
62
2
10
-0.009329
20
0.004591
30
-0.038285
11
-0.009905
21
0.004091
31
-0.038444
12
-0.009865
22
0.004038
32
-0.038416
0
3DFACE
62
2
10
-0.009329
20
0.004591
30
-0.038285
11
-0.009865
21
0.004038
31
-0.038416
12
-0.009831
22
0.003979
32
-0.038389
0
3DFACE
62
2
10
-0.009329
20
0.004591
30
-0.038285
11
-0.009831
21
0.003979
31
-0.038389
12
-0.009793
22
0.003879
32
-0.038352
0
3DFACE
62
2
10
-0.009329
20
0.004591
30
-0.038285
11
-0.009793
21
0.003879
31
-0.038352
12
-0.009768
22
0.003769
32
-0.038321
0
3DFACE
62
2
10
-0.009329
20
0.004591
30
-0.038285
11
-0.009768
21
0.003769
31
-0.038321
12
-0.009759
22
0.003681
32
-0.038301
0
3DFACE
62
2
10
-0.009329
20
0.004591
30
-0.038285
11
-0.009759
21
0.003681
31
-0.038301
12
-0.009757
22
0.003593
32
-0.038285
0
3DFACE
62
2
10
-0.010470
20
0.004467
30
-0.038777
11
-0.010131
21
0.004269
31
-0.038583
12
-0.009329
22
0.004591
32
-0.038285
0
3DFACE
62
2
10
-0.010768
20
0.004715
30
-0.038964
11
-0.010470
21
0.004467
31
-0.038777
12
-0.009329
22
0.004591
32
-0.038285
0
3DFACE
62
2
10
-0.008799
20
0.005539
30
-0.038285
11
-0.010768
21
0.004715
31
-0.038964
12
-0.009329
22
0.004591
32
-0.038285
0
3DFACE
62
2
10
-0.008453
20
0.006303
30
-0.038358
11
-0.008520
21
0.006291
31
-0.038381
12
-0.008799
22
0.005539
32
-0.038285
0
3DFACE
62
2
10
-0.008587
20
0.006286
30
-0.038407
11
-0.008799
21
0.005539
31
-0.038285
12
-0.008520
22
0.006291
32
-0.038381
0
3DFACE
62
2
10
-0.008659
20
0.006290
30
-0.038437
11
-0.008799
21
0.005539
31
-0.038285
12
-0.008587
22
0.006286
32
-0.038407
0
3DFACE
62
2
10
-0.008331
20
0.006344
30
-0.038322
11
-0.008453
21
0.006303
31
-0.038358
12
-0.008799
22
0.005539
32
-0.038285
0
3DFACE
62
2
10
-0.008728
20
0.006303
30
-0.038469
11
-0.008799
21
0.005539
31
-0.038285
12
-0.008659
22
0.006290
32
-0.038437
0
3DFACE
62
2
10
-0.008795
20
0.006323
30
-0.038502
11
-0.008799
21
0.005539
31
-0.038285
12
-0.008728
22
0.006303
32
-0.038469
0
3DFACE
62
2
10
-0.008173
20
0.006427
30
-0.038285
11
-0.008331
21
0.006344
31
-0.038322
12
-0.008799
22
0.005539
32
-0.038285
0
3DFACE
62
2
10
-0.009405
20
0.006622
30
-0.038837
11
-0.008799
21
0.005539
31
-0.038285
12
-0.008795
22
0.006323
32
-0.038502
0
3DFACE
62
2
10
-0.009710
20
0.006714
30
-0.038989
11
-0.011122
21
0.005101
31
-0.039204
12
-0.010768
22
0.004715
32
-0.038964
0
3DFACE
62
2
10
-0.009710
20
0.006714
30
-0.038989
11
-0.010768
21
0.004715
31
-0.038964
12
-0.008799
22
0.005539
32
-0.038285
0
3DFACE
62
2
10
-0.009710
20
0.006714
30
-0.038989
11
-0.008799
21
0.005539
31
-0.038285
12
-0.009405
22
0.006622
32
-0.038837
0
3DFACE
62
2
10
-0.011558
20
0.006277
30
-0.039662
11
-0.011706
21
0.005995
31
-0.039662
12
-0.011122
22
0.005101
32
-0.039204
0
3DFACE
62
2
10
-0.010182
20
0.006800
30
-0.039208
11
-0.011122
21
0.005101
31
-0.039204
12
-0.009710
22
0.006714
32
-0.038989
0
3DFACE
62
2
10
-0.010708
20
0.006839
30
-0.039439
11
-0.011402
21
0.006555
31
-0.039662
12
-0.011558
22
0.006277
32
-0.039662
0
3DFACE
62
2
10
-0.010708
20
0.006839
30
-0.039439
11
-0.011558
21
0.006277
31
-0.039662
12
-0.011122
22
0.005101
32
-0.039204
0
3DFACE
62
2
10
-0.010708
20
0.006839
30
-0.039439
11
-0.011122
21
0.005101
31
-0.039204
12
-0.010182
22
0.006800
32
-0.039208
0
3DFACE
62
2
10
-0.011240
20
0.006829
30
-0.039662
11
-0.011402
21
0.006555
31
-0.039662
12
-0.010708
22
0.006839
32
-0.039439
0
3DFACE
62
2
10
-0.011807
20
0.014616
30
-0.029730
11
-0.011449
21
0.014898
31
-0.029730
12
-0.008014
22
0.010428
32
-0.039662
0
3DFACE
62
2
10
-0.011807
20
0.014616
30
-0.029730
11
-0.008014
21
0.010428
31
-0.039662
12
-0.008265
22
0.010231
32
-0.039662
0
3DFACE
62
2
10
-0.012157
20
0.014326
30
-0.029730
11
-0.008510
21
0.010028
31
-0.039662
12
-0.008750
22
0.009819
32
-0.039662
0
3DFACE
62
2
10
-0.012157
20
0.014326
30
-0.029730
11
-0.008265
21
0.010231
31
-0.039662
12
-0.008510
22
0.010028
32
-0.039662
0
3DFACE
62
2
10
-0.012157
20
0.014326
30
-0.029730
11
-0.011807
21
0.014616
31
-0.029730
12
-0.008265
22
0.010231
32
-0.039662
0
3DFACE
62
2
10
-0.012500
20
0.014027
30
-0.029730
11
-0.012157
21
0.014326
31
-0.029730
12
-0.008750
22
0.009819
32
-0.039662
0
3DFACE
62
2
10
-0.007040
20
0.007651
30
-0.038285
11
-0.007905
21
0.007641
31
-0.038583
12
-0.007803
22
0.007494
32
-0.038495
0
3DFACE
62
2
10
-0.007040
20
0.007651
30
-0.038285
11
-0.007803
21
0.007494
31
-0.038495
12
-0.007758
22
0.007393
32
-0.038444
0
3DFACE
62
2
10
-0.007040
20
0.007651
30
-0.038285
11
-0.007758
21
0.007393
31
-0.038444
12
-0.007740
22
0.007329
32
-0.038416
0
3DFACE
62
2
10
-0.007040
20
0.007651
30
-0.038285
11
-0.007740
21
0.007329
31
-0.038416
12
-0.007730
22
0.007261
32
-0.038389
0
3DFACE
62
2
10
-0.007040
20
0.007651
30
-0.038285
11
-0.007730
21
0.007261
31
-0.038389
12
-0.007730
22
0.007154
32
-0.038352
0
3DFACE
62
2
10
-0.007040
20
0.007651
30
-0.038285
11
-0.007730
21
0.007154
31
-0.038352
12
-0.007747
22
0.007043
32
-0.038321
0
3DFACE
62
2
10
-0.007040
20
0.007651
30
-0.038285
11
-0.007747
21
0.007043
31
-0.038321
12
-0.007770
22
0.006958
32
-0.038301
0
3DFACE
62
2
10
-0.007040
20
0.007651
30
-0.038285
11
-0.007770
21
0.006958
31
-0.038301
12
-0.007800
22
0.006875
32
-0.038285
0
3DFACE
62
2
10
-0.008149
20
0.007947
30
-0.038777
11
-0.007905
21
0.007641
31
-0.038583
12
-0.007040
22
0.007651
32
-0.038285
0
3DFACE
62
2
10
-0.008338
20
0.008286
30
-0.038964
11
-0.008149
21
0.007947
31
-0.038777
12
-0.007040
22
0.007651
32
-0.038285
0
3DFACE
62
2
10
-0.006204
20
0.008344
30
-0.038285
11
-0.008338
21
0.008286
31
-0.038964
12
-0.007040
22
0.007651
32
-0.038285
0
3DFACE
62
2
10
-0.005605
20
0.008931
30
-0.038358
11
-0.005672
21
0.008944
31
-0.038381
12
-0.006204
22
0.008344
32
-0.038285
0
3DFACE
62
2
10
-0.005737
20
0.008964
30
-0.038407
11
-0.006204
21
0.008344
31
-0.038285
12
-0.005672
22
0.008944
32
-0.038381
0
3DFACE
62
2
10
-0.005802
20
0.008993
30
-0.038437
11
-0.006204
21
0.008344
31
-0.038285
12
-0.005737
22
0.008964
32
-0.038407
0
3DFACE
62
2
10
-0.005477
20
0.008925
30
-0.038322
11
-0.005605
21
0.008931
31
-0.038358
12
-0.006204
22
0.008344
32
-0.038285
0
3DFACE
62
2
10
-0.005862
20
0.009030
30
-0.038469
11
-0.006204
21
0.008344
31
-0.038285
12
-0.005802
22
0.008993
32
-0.038437
0
3DFACE
62
2
10
-0.005917
20
0.009073
30
-0.038502
11
-0.006204
21
0.008344
31
-0.038285
12
-0.005862
22
0.009030
32
-0.038469
0
3DFACE
62
2
10
-0.005299
20
0.008946
30
-0.038285
11
-0.005477
21
0.008925
31
-0.038322
12
-0.006204
22
0.008344
32
-0.038285
0
3DFACE
62
2
10
-0.006378
20
0.009572
30
-0.038837
11
-0.006204
21
0.008344
31
-0.038285
12
-0.005917
22
0.009073
32
-0.038502
0
3DFACE
62
2
10
-0.006629
20
0.009768
30
-0.038989
11
-0.008528
21
0.008774
31
-0.039204
12
-0.008338
22
0.008286
32
-0.038964
0
3DFACE
62
2
10
-0.006629
20
0.009768
30
-0.038989
11
-0.008338
21
0.008286
31
-0.038964
12
-0.006204
22
0.008344
32
-0.038285
0
3DFACE
62
2
10
-0.006629
20
0.009768
30
-0.038989
11
-0.006204
21
0.008344
31
-0.038285
12
-0.006378
22
0.009572
32
-0.038837
0
3DFACE
62
2
10
-0.008510
20
0.010028
30
-0.039662
11
-0.008750
21
0.009819
31
-0.039662
12
-0.008528
22
0.008774
32
-0.039204
0
3DFACE
62
2
10
-0.007038
20
0.010019
30
-0.039208
11
-0.008528
21
0.008774
31
-0.039204
12
-0.006629
22
0.009768
32
-0.038989
0
3DFACE
62
2
10
-0.007514
20
0.010245
30
-0.039439
11
-0.008265
21
0.010231
31
-0.039662
12
-0.008510
22
0.010028
32
-0.039662
0
3DFACE
62
2
10
-0.007514
20
0.010245
30
-0.039439
11
-0.008510
21
0.010028
31
-0.039662
12
-0.008528
22
0.008774
32
-0.039204
0
3DFACE
62
2
10
-0.007514
20
0.010245
30
-0.039439
11
-0.008528
21
0.008774
31
-0.039204
12
-0.007038
22
0.010019
32
-0.039208
0
3DFACE
62
2
10
-0.008014
20
0.010428
30
-0.039662
11
-0.008265
21
0.010231
31
-0.039662
12
-0.007514
22
0.010245
32
-0.039439
0
3DFACE
62
2
10
-0.005729
20
0.017894
30
-0.029730
11
-0.005294
21
0.018027
31
-0.029730
12
-0.003706
22
0.012619
32
-0.039662
0
3DFACE
62
2
10
-0.005729
20
0.017894
30
-0.029730
11
-0.003706
21
0.012619
31
-0.039662
12
-0.004011
22
0.012526
32
-0.039662
0
3DFACE
62
2
10
-0.006161
20
0.017750
30
-0.029730
11
-0.004313
21
0.012425
31
-0.039662
12
-0.004612
22
0.012317
32
-0.039662
0
3DFACE
62
2
10
-0.006161
20
0.017750
30
-0.029730
11
-0.004011
21
0.012526
31
-0.039662
12
-0.004313
22
0.012425
32
-0.039662
0
3DFACE
62
2
10
-0.006161
20
0.017750
30
-0.029730
11
-0.005729
21
0.017894
31
-0.029730
12
-0.004011
22
0.012526
32
-0.039662
0
3DFACE
62
2
10
-0.006589
20
0.017596
30
-0.029730
11
-0.006161
21
0.017750
31
-0.029730
12
-0.004612
22
0.012317
32
-0.039662
0
3DFACE
62
2
10
-0.003801
20
0.009678
30
-0.038285
11
-0.004611
21
0.009980
31
-0.038583
12
-0.004569
22
0.009806
32
-0.038495
0
3DFACE
62
2
10
-0.003801
20
0.009678
30
-0.038285
11
-0.004569
21
0.009806
31
-0.038495
12
-0.004564
22
0.009697
32
-0.038444
0
3DFACE
62
2
10
-0.003801
20
0.009678
30
-0.038285
11
-0.004564
21
0.009697
31
-0.038444
12
-0.004570
22
0.009630
32
-0.038416
0
3DFACE
62
2
10
-0.003801
20
0.009678
30
-0.038285
11
-0.004570
21
0.009630
31
-0.038416
12
-0.004585
22
0.009564
32
-0.038389
0
3DFACE
62
2
10
-0.003801
20
0.009678
30
-0.038285
11
-0.004585
21
0.009564
31
-0.038389
12
-0.004624
22
0.009464
32
-0.038352
0
3DFACE
62
2
10
-0.003801
20
0.009678
30
-0.038285
11
-0.004624
21
0.009464
31
-0.038352
12
-0.004680
22
0.009366
32
-0.038321
0
3DFACE
62
2
10
-0.003801
20
0.009678
30
-0.038285
11
-0.004680
21
0.009366
31
-0.038321
12
-0.004732
22
0.009295
32
-0.038301
0
3DFACE
62
2
10
-0.003801
20
0.009678
30
-0.038285
11
-0.004732
21
0.009295
31
-0.038301
12
-0.004790
22
0.009228
32
-0.038285
0
3DFACE
62
2
10
-0.004728
20
0.010354
30
-0.038777
11
-0.004611
21
0.009980
31
-0.038583
12
-0.003801
22
0.009678
32
-0.038285
0
3DFACE
62
2
10
-0.004781
20
0.010739
30
-0.038964
11
-0.004728
21
0.010354
31
-0.038777
12
-0.003801
22
0.009678
32
-0.038285
0
3DFACE
62
2
10
-0.002770
20
0.010021
30
-0.038285
11
-0.004781
21
0.010739
31
-0.038964
12
-0.003801
22
0.009678
32
-0.038285
0
3DFACE
62
2
10
-0.002000
20
0.010353
30
-0.038358
11
-0.002058
21
0.010389
31
-0.038381
12
-0.002770
22
0.010021
32
-0.038285
0
3DFACE
62
2
10
-0.002111
20
0.010431
30
-0.038407
11
-0.002770
21
0.010021
31
-0.038285
12
-0.002058
22
0.010389
32
-0.038381
0
3DFACE
62
2
10
-0.002161
20
0.010482
30
-0.038437
11
-0.002770
21
0.010021
31
-0.038285
12
-0.002111
22
0.010431
32
-0.038407
0
3DFACE
62
2
10
-0.001883
20
0.010301
30
-0.038322
11
-0.002000
21
0.010353
31
-0.038358
12
-0.002770
22
0.010021
32
-0.038285
0
3DFACE
62
2
10
-0.002204
20
0.010538
30
-0.038469
11
-0.002770
21
0.010021
31
-0.038285
12
-0.002161
22
0.010482
32
-0.038437
0
3DFACE
62
2
10
-0.002240
20
0.010598
30
-0.038502
11
-0.002770
21
0.010021
31
-0.038285
12
-0.002204
22
0.010538
32
-0.038469
0
3DFACE
62
2
10
-0.001710
20
0.010256
30
-0.038285
11
-0.001883
21
0.010301
31
-0.038322
12
-0.002770
22
0.010021
32
-0.038285
0
3DFACE
62
2
10
-0.002489
20
0.011230
30
-0.038837
11
-0.002770
21
0.010021
31
-0.038285
12
-0.002240
22
0.010598
32
-0.038502
0
3DFACE
62
2
10
-0.002653
20
0.011503
30
-0.038989
11
-0.004782
21
0.011263
31
-0.039204
12
-0.004781
22
0.010739
32
-0.038964
0
3DFACE
62
2
10
-0.002653
20
0.011503
30
-0.038989
11
-0.004781
21
0.010739
31
-0.038964
12
-0.002770
22
0.010021
32
-0.038285
0
3DFACE
62
2
10
-0.002653
20
0.011503
30
-0.038989
11
-0.002770
21
0.010021
31
-0.038285
12
-0.002489
22
0.011230
32
-0.038837
0
3DFACE
62
2
10
-0.004313
20
0.012425
30
-0.039662
11
-0.004612
21
0.012317
31
-0.039662
12
-0.004782
22
0.011263
32
-0.039204
0
3DFACE
62
2
10
-0.002943
20
0.011885
30
-0.039208
11
-0.004782
21
0.011263
31
-0.039204
12
-0.002653
22
0.011503
32
-0.038989
0
3DFACE
62
2
10
-0.003306
20
0.012268
30
-0.039439
11
-0.004011
21
0.012526
31
-0.039662
12
-0.004313
22
0.012425
32
-0.039662
0
3DFACE
62
2
10
-0.003306
20
0.012268
30
-0.039439
11
-0.004313
21
0.012425
31
-0.039662
12
-0.004782
22
0.011263
32
-0.039204
0
3DFACE
62
2
10
-0.003306
20
0.012268
30
-0.039439
11
-0.004782
21
0.011263
31
-0.039204
12
-0.002943
22
0.011885
32
-0.039208
0
3DFACE
62
2
10
-0.003706
20
0.012619
30
-0.039662
11
-0.004011
21
0.012526
31
-0.039662
12
-0.003306
22
0.012268
32
-0.039439
0
3DFACE
62
2
10
0.001122
20
0.018755
30
-0.029730
11
0.001575
21
0.018723
31
-0.029730
12
0.001103
22
0.013106
32
-0.039662
0
3DFACE
62
2
10
0.001122
20
0.018755
30
-0.029730
11
0.000785
21
0.013129
31
-0.039662
12
0.000467
22
0.013144
32
-0.039662
0
3DFACE
62
2
10
0.001122
20
0.018755
30
-0.029730
11
0.001103
21
0.013106
31
-0.039662
12
0.000785
22
0.013129
32
-0.039662
0
3DFACE
62
2
10
0.000667
20
0.018777
30
-0.029730
11
0.001122
21
0.018755
31
-0.029730
12
0.000467
22
0.013144
32
-0.039662
0
3DFACE
62
2
10
0.000212
20
0.018788
30
-0.029730
11
0.000467
21
0.013144
31
-0.039662
12
0.000149
22
0.013151
32
-0.039662
0
3DFACE
62
2
10
0.000212
20
0.018788
30
-0.029730
11
0.000667
21
0.018777
31
-0.029730
12
0.000467
22
0.013144
32
-0.039662
0
3DFACE
62
2
10
-0.000048
20
0.010397
30
-0.038285
11
-0.000694
21
0.010972
31
-0.038583
12
-0.000718
22
0.010795
32
-0.038495
0
3DFACE
62
2
10
-0.000048
20
0.010397
30
-0.038285
11
-0.000718
21
0.010795
31
-0.038495
12
-0.000753
22
0.010690
32
-0.038444
0
3DFACE
62
2
10
-0.000048
20
0.010397
30
-0.038285
11
-0.000753
21
0.010690
31
-0.038444
12
-0.000783
22
0.010631
32
-0.038416
0
3DFACE
62
2
10
-0.000048
20
0.010397
30
-0.038285
11
-0.000783
21
0.010631
31
-0.038416
12
-0.000821
22
0.010574
32
-0.038389
0
3DFACE
62
2
10
-0.000048
20
0.010397
30
-0.038285
11
-0.000821
21
0.010574
31
-0.038389
12
-0.000893
22
0.010495
32
-0.038352
0
3DFACE
62
2
10
-0.000048
20
0.010397
30
-0.038285
11
-0.000893
21
0.010495
31
-0.038352
12
-0.000981
22
0.010424
32
-0.038321
0
3DFACE
62
2
10
-0.000048
20
0.010397
30
-0.038285
11
-0.000981
21
0.010424
31
-0.038321
12
-0.001055
22
0.010377
32
-0.038301
0
3DFACE
62
2
10
-0.000048
20
0.010397
30
-0.038285
11
-0.001055
21
0.010377
31
-0.038301
12
-0.001133
22
0.010335
32
-0.038285
0
3DFACE
62
2
10
-0.000668
20
0.011363
30
-0.038777
11
-0.000694
21
0.010972
31
-0.038583
12
-0.000048
22
0.010397
32
-0.038285
0
3DFACE
62
2
10
-0.000579
20
0.011741
30
-0.038964
11
-0.000668
21
0.011363
31
-0.038777
12
-0.000048
22
0.010397
32
-0.038285
0
3DFACE
62
2
10
0.001037
20
0.010346
30
-0.038285
11
-0.000579
21
0.011741
31
-0.038964
12
-0.000048
22
0.010397
32
-0.038285
0
3DFACE
62
2
10
0.001875
20
0.010376
30
-0.038358
11
0.001833
21
0.010431
31
-0.038381
12
0.001037
22
0.010346
32
-0.038285
0
3DFACE
62
2
10
0.001799
20
0.010489
30
-0.038407
11
0.001037
21
0.010346
31
-0.038285
12
0.001833
22
0.010431
32
-0.038381
0
3DFACE
62
2
10
0.001771
20
0.010555
30
-0.038437
11
0.001037
21
0.010346
31
-0.038285
12
0.001799
22
0.010489
32
-0.038407
0
3DFACE
62
2
10
0.001965
20
0.010285
30
-0.038322
11
0.001875
21
0.010376
31
-0.038358
12
0.001037
22
0.010346
32
-0.038285
0
3DFACE
62
2
10
0.001751
20
0.010623
30
-0.038469
11
0.001037
21
0.010346
31
-0.038285
12
0.001771
22
0.010555
32
-0.038437
0
3DFACE
62
2
10
0.001740
20
0.010692
30
-0.038502
11
0.001037
21
0.010346
31
-0.038285
12
0.001751
22
0.010623
32
-0.038469
0
3DFACE
62
2
10
0.002110
20
0.010181
30
-0.038285
11
0.001965
21
0.010285
31
-0.038322
12
0.001037
22
0.010346
32
-0.038285
0
3DFACE
62
2
10
0.001736
20
0.011371
30
-0.038837
11
0.001037
21
0.010346
31
-0.038285
12
0.001740
22
0.010692
32
-0.038502
0
3DFACE
62
2
10
0.001682
20
0.011685
30
-0.038989
11
-0.000391
21
0.012230
31
-0.039204
12
-0.000579
22
0.011741
32
-0.038964
0
3DFACE
62
2
10
0.001682
20
0.011685
30
-0.038989
11
-0.000579
21
0.011741
31
-0.038964
12
0.001037
22
0.010346
32
-0.038285
0
3DFACE
62
2
10
0.001682
20
0.011685
30
-0.038989
11
0.001037
21
0.010346
31
-0.038285
12
0.001736
22
0.011371
32
-0.038837
0
3DFACE
62
2
10
0.000467
20
0.013144
30
-0.039662
11
0.000149
21
0.013151
31
-0.039662
12
-0.000391
22
0.012230
32
-0.039204
0
3DFACE
62
2
10
0.001549
20
0.012146
30
-0.039208
11
-0.000391
21
0.012230
31
-0.039204
12
0.001682
22
0.011685
32
-0.038989
0
3DFACE
62
2
10
0.001349
20
0.012634
30
-0.039439
11
0.000785
21
0.013129
31
-0.039662
12
0.000467
22
0.013144
32
-0.039662
0
3DFACE
62
2
10
0.001349
20
0.012634
30
-0.039439
11
0.000467
21
0.013144
31
-0.039662
12
-0.000391
22
0.012230
32
-0.039204
0
3DFACE
62
2
10
0.001349
20
0.012634
30
-0.039439
11
-0.000391
21
0.012230
31
-0.039204
12
0.001549
22
0.012146
32
-0.039208
0
3DFACE
62
2
10
0.001103
20
0.013106
30
-0.039662
11
0.000785
21
0.013129
31
-0.039662
12
0.001349
22
0.012634
32
-0.039439
0
3DFACE
62
2
10
0.007821
20
0.017084
30
-0.029730
11
0.008232
21
0.016889
31
-0.029730
12
0.005763
22
0.011823
32
-0.039662
0
3DFACE
62
2
10
0.007821
20
0.017084
30
-0.029730
11
0.005475
21
0.011959
31
-0.039662
12
0.005184
22
0.012088
32
-0.039662
0
3DFACE
62
2
10
0.007821
20
0.017084
30
-0.029730
11
0.005763
21
0.011823
31
-0.039662
12
0.005475
22
0.011959
32
-0.039662
0
3DFACE
62
2
10
0.007405
20
0.017268
30
-0.029730
11
0.007821
21
0.017084
31
-0.029730
12
0.005184
22
0.012088
32
-0.039662
0
3DFACE
62
2
10
0.006985
20
0.017442
30
-0.029730
11
0.005184
21
0.012088
31
-0.039662
12
0.004889
22
0.012210
32
-0.039662
0
3DFACE
62
2
10
0.006985
20
0.017442
30
-0.029730
11
0.007405
21
0.017268
31
-0.029730
12
0.005184
22
0.012088
32
-0.039662
0
3DFACE
62
2
10
0.003711
20
0.009713
30
-0.038285
11
0.003316
21
0.010482
31
-0.038583
12
0.003230
22
0.010325
32
-0.038495
0
3DFACE
62
2
10
0.003711
20
0.009713
30
-0.038285
11
0.003230
21
0.010325
31
-0.038495
12
0.003160
22
0.010240
32
-0.038444
0
3DFACE
62
2
10
0.003711
20
0.009713
30
-0.038285
11
0.003160
21
0.010240
31
-0.038444
12
0.003110
22
0.010195
32
-0.038416
0
3DFACE
62
2
10
0.003711
20
0.009713
30
-0.038285
11
0.003110
21
0.010195
31
-0.038416
12
0.003055
22
0.010156
32
-0.038389
0
3DFACE
62
2
10
0.003711
20
0.009713
30
-0.038285
11
0.003055
21
0.010156
31
-0.038389
12
0.002959
22
0.010109
32
-0.038352
0
3DFACE
62
2
10
0.003711
20
0.009713
30
-0.038285
11
0.002959
21
0.010109
31
-0.038352
12
0.002851
22
0.010075
32
-0.038321
0
3DFACE
62
2
10
0.003711
20
0.009713
30
-0.038285
11
0.002851
21
0.010075
31
-0.038321
12
0.002765
22
0.010057
32
-0.038301
0
3DFACE
62
2
10
0.003711
20
0.009713
30
-0.038285
11
0.002765
21
0.010057
31
-0.038301
12
0.002677
22
0.010047
32
-0.038285
0
3DFACE
62
2
10
0.003482
20
0.010837
30
-0.038777
11
0.003316
21
0.010482
31
-0.038583
12
0.003711
22
0.009713
32
-0.038285
0
3DFACE
62
2
10
0.003701
20
0.011157
30
-0.038964
11
0.003482
21
0.010837
31
-0.038777
12
0.003711
22
0.009713
32
-0.038285
0
3DFACE
62
2
10
0.004704
20
0.009272
30
-0.038285
11
0.003701
21
0.011157
31
-0.038964
12
0.003711
22
0.009713
32
-0.038285
0
3DFACE
62
2
10
0.005496
20
0.008999
30
-0.038358
11
0.005478
21
0.009064
31
-0.038381
12
0.004704
22
0.009272
32
-0.038285
0
3DFACE
62
2
10
0.005467
20
0.009131
30
-0.038407
11
0.004704
21
0.009272
31
-0.038285
12
0.005478
22
0.009064
32
-0.038381
0
3DFACE
62
2
10
0.005464
20
0.009202
30
-0.038437
11
0.004704
21
0.009272
31
-0.038285
12
0.005467
22
0.009131
32
-0.038407
0
3DFACE
62
2
10
0.005548
20
0.008881
30
-0.038322
11
0.005496
21
0.008999
31
-0.038358
12
0.004704
22
0.009272
32
-0.038285
0
3DFACE
62
2
10
0.005470
20
0.009273
30
-0.038469
11
0.004704
21
0.009272
31
-0.038285
12
0.005464
22
0.009202
32
-0.038437
0
3DFACE
62
2
10
0.005484
20
0.009341
30
-0.038502
11
0.004704
21
0.009272
31
-0.038285
12
0.005470
22
0.009273
32
-0.038469
0
3DFACE
62
2
10
0.005646
20
0.008731
30
-0.038285
11
0.005548
21
0.008881
31
-0.038322
12
0.004704
22
0.009272
32
-0.038285
0
3DFACE
62
2
10
0.005726
20
0.009976
30
-0.038837
11
0.004704
21
0.009272
31
-0.038285
12
0.005484
22
0.009341
32
-0.038502
0
3DFACE
62
2
10
0.005789
20
0.010288
30
-0.038989
11
0.004053
21
0.011545
31
-0.039204
12
0.003701
22
0.011157
32
-0.038964
0
3DFACE
62
2
10
0.005789
20
0.010288
30
-0.038989
11
0.003701
21
0.011157
31
-0.038964
12
0.004704
22
0.009272
32
-0.038285
0
3DFACE
62
2
10
0.005789
20
0.010288
30
-0.038989
11
0.004704
21
0.009272
31
-0.038285
12
0.005726
22
0.009976
32
-0.038837
0
3DFACE
62
2
10
0.005184
20
0.012088
30
-0.039662
11
0.004889
21
0.012210
31
-0.039662
12
0.004053
22
0.011545
32
-0.039204
0
3DFACE
62
2
10
0.005832
20
0.010766
30
-0.039208
11
0.004053
21
0.011545
31
-0.039204
12
0.005789
22
0.010288
32
-0.038989
0
3DFACE
62
2
10
0.005822
20
0.011293
30
-0.039439
11
0.005475
21
0.011959
31
-0.039662
12
0.005184
22
0.012088
32
-0.039662
0
3DFACE
62
2
10
0.005822
20
0.011293
30
-0.039439
11
0.005184
21
0.012088
31
-0.039662
12
0.004053
22
0.011545
32
-0.039204
0
3DFACE
62
2
10
0.005822
20
0.011293
30
-0.039439
11
0.004053
21
0.011545
31
-0.039204
12
0.005832
22
0.010766
32
-0.039208
0
3DFACE
62
2
10
0.005763
20
0.011823
30
-0.039662
11
0.005475
21
0.011959
31
-0.039662
12
0.005822
22
0.011293
32
-0.039439
0
3DFACE
62
2
10
0.013464
20
0.013105
30
-0.029730
11
0.013778
21
0.012775
31
-0.029730
12
0.009644
22
0.008942
32
-0.039662
0
3DFACE
62
2
10
0.013464
20
0.013105
30
-0.029730
11
0.009425
21
0.009173
31
-0.039662
12
0.009200
22
0.009399
32
-0.039662
0
3DFACE
62
2
10
0.013464
20
0.013105
30
-0.029730
11
0.009644
21
0.008942
31
-0.039662
12
0.009425
22
0.009173
32
-0.039662
0
3DFACE
62
2
10
0.013143
20
0.013427
30
-0.029730
11
0.009200
21
0.009399
31
-0.039662
12
0.008970
22
0.009619
32
-0.039662
0
3DFACE
62
2
10
0.013143
20
0.013427
30
-0.029730
11
0.013464
21
0.013105
31
-0.029730
12
0.009200
22
0.009399
32
-0.039662
0
3DFACE
62
2
10
0.012814
20
0.013741
30
-0.029730
11
0.013143
21
0.013427
31
-0.029730
12
0.008970
22
0.009619
32
-0.039662
0
3DFACE
62
2
10
0.006969
20
0.007716
30
-0.038285
11
0.006879
21
0.008576
31
-0.038583
12
0.006742
22
0.008461
32
-0.038495
0
3DFACE
62
2
10
0.006969
20
0.007716
30
-0.038285
11
0.006742
21
0.008461
31
-0.038495
12
0.006646
22
0.008407
32
-0.038444
0
3DFACE
62
2
10
0.006969
20
0.007716
30
-0.038285
11
0.006646
21
0.008407
31
-0.038444
12
0.006583
22
0.008383
32
-0.038416
0
3DFACE
62
2
10
0.006969
20
0.007716
30
-0.038285
11
0.006583
21
0.008383
31
-0.038416
12
0.006517
22
0.008367
32
-0.038389
0
3DFACE
62
2
10
0.006969
20
0.007716
30
-0.038285
11
0.006517
21
0.008367
31
-0.038389
12
0.006411
22
0.008357
32
-0.038352
0
3DFACE
62
2
10
0.006969
20
0.007716
30
-0.038285
11
0.006411
21
0.008357
31
-0.038352
12
0.006298
22
0.008364
32
-0.038321
0
3DFACE
62
2
10
0.006969
20
0.007716
30
-0.038285
11
0.006298
21
0.008364
31
-0.038321
12
0.006212
22
0.008379
32
-0.038301
0
3DFACE
62
2
10
0.006969
20
0.007716
30
-0.038285
11
0.006212
21
0.008379
31
-0.038301
12
0.006126
22
0.008401
32
-0.038285
0
3DFACE
62
2
10
0.007161
20
0.008848
30
-0.038777
11
0.006879
21
0.008576
31
-0.038583
12
0.006969
22
0.007716
32
-0.038285
0
3DFACE
62
2
10
0.007482
20
0.009067
30
-0.038964
11
0.007161
21
0.008848
31
-0.038777
12
0.006969
22
0.007716
32
-0.038285
0
3DFACE
62
2
10
0.007736
20
0.006947
30
-0.038285
11
0.007482
21
0.009067
31
-0.038964
12
0.006969
22
0.007716
32
-0.038285
0
3DFACE
62
2
10
0.008376
20
0.006405
30
-0.038358
11
0.008382
21
0.006473
31
-0.038381
12
0.007736
22
0.006947
32
-0.038285
0
3DFACE
62
2
10
0.008396
20
0.006539
30
-0.038407
11
0.007736
21
0.006947
31
-0.038285
12
0.008382
22
0.006473
32
-0.038381
0
3DFACE
62
2
10
0.008420
20
0.006607
30
-0.038437
11
0.007736
21
0.006947
31
-0.038285
12
0.008396
22
0.006539
32
-0.038407
0
3DFACE
62
2
10
0.008382
20
0.006277
30
-0.038322
11
0.008376
21
0.006405
31
-0.038358
12
0.007736
22
0.006947
32
-0.038285
0
3DFACE
62
2
10
0.008451
20
0.006670
30
-0.038469
11
0.007736
21
0.006947
31
-0.038285
12
0.008420
22
0.006607
32
-0.038437
0
3DFACE
62
2
10
0.008488
20
0.006729
30
-0.038502
11
0.007736
21
0.006947
31
-0.038285
12
0.008451
22
0.006670
32
-0.038469
0
3DFACE
62
2
10
0.008419
20
0.006102
30
-0.038285
11
0.008382
21
0.006277
31
-0.038322
12
0.007736
22
0.006947
32
-0.038285
0
3DFACE
62
2
10
0.008943
20
0.007234
30
-0.038837
11
0.007736
21
0.006947
31
-0.038285
12
0.008488
22
0.006729
32
-0.038502
0
3DFACE
62
2
10
0.009115
20
0.007502
30
-0.038989
11
0.007950
21
0.009301
31
-0.039204
12
0.007482
22
0.009067
32
-0.038964
0
3DFACE
62
2
10
0.009115
20
0.007502
30
-0.038989
11
0.007482
21
0.009067
31
-0.038964
12
0.007736
22
0.006947
32
-0.038285
0
3DFACE
62
2
10
0.009115
20
0.007502
30
-0.038989
11
0.007736
21
0.006947
31
-0.038285
12
0.008943
22
0.007234
32
-0.038837
0
3DFACE
62
2
10
0.009200
20
0.009399
30
-0.039662
11
0.008970
21
0.009619
31
-0.039662
12
0.007950
22
0.009301
32
-0.039204
0
3DFACE
62
2
10
0.009327
20
0.007932
30
-0.039208
11
0.007950
21
0.009301
31
-0.039204
12
0.009115
22
0.007502
32
-0.038989
0
3DFACE
62
2
10
0.009508
20
0.008427
30
-0.039439
11
0.009425
21
0.009173
31
-0.039662
12
0.009200
22
0.009399
32
-0.039662
0
3DFACE
62
2
10
0.009508
20
0.008427
30
-0.039439
11
0.009200
21
0.009399
31
-0.039662
12
0.007950
22
0.009301
32
-0.039204
0
3DFACE
62
2
10
0.009508
20
0.008427
30
-0.039439
11
0.007950
21
0.009301
31
-0.039204
12
0.009327
22
0.007932
32
-0.039208
0
3DFACE
62
2
10
0.009644
20
0.008942
30
-0.039662
11
0.009425
21
0.009173
31
-0.039662
12
0.009508
22
0.008427
32
-0.039439
0
3DFACE
62
2
10
0.017289
20
0.007356
30
-0.029730
11
0.017462
21
0.006935
31
-0.029730
12
0.012223
22
0.004855
32
-0.039662
0
3DFACE
62
2
10
0.017289
20
0.007356
30
-0.029730
11
0.012102
21
0.005149
31
-0.039662
12
0.011974
22
0.005441
32
-0.039662
0
3DFACE
62
2
10
0.017289
20
0.007356
30
-0.029730
11
0.012223
21
0.004855
31
-0.039662
12
0.012102
22
0.005149
32
-0.039662
0
3DFACE
62
2
10
0.017106
20
0.007773
30
-0.029730
11
0.011974
21
0.005441
31
-0.039662
12
0.011839
22
0.005729
32
-0.039662
0
3DFACE
62
2
10
0.017106
20
0.007773
30
-0.029730
11
0.017289
21
0.007356
31
-0.029730
12
0.011974
22
0.005441
32
-0.039662
0
3DFACE
62
2
10
0.016913
20
0.008184
30
-0.029730
11
0.017106
21
0.007773
31
-0.029730
12
0.011839
22
0.005729
32
-0.039662
0
3DFACE
62
2
10
0.009286
20
0.004678
30
-0.038285
11
0.009512
21
0.005512
31
-0.038583
12
0.009343
22
0.005454
32
-0.038495
0
3DFACE
62
2
10
0.009286
20
0.004678
30
-0.038285
11
0.009343
21
0.005454
31
-0.038495
12
0.009234
22
0.005439
32
-0.038444
0
3DFACE
62
2
10
0.009286
20
0.004678
30
-0.038285
11
0.009234
21
0.005439
31
-0.038444
12
0.009167
22
0.005439
32
-0.038416
0
3DFACE
62
2
10
0.009286
20
0.004678
30
-0.038285
11
0.009167
21
0.005439
31
-0.038416
12
0.009100
22
0.005448
32
-0.038389
0
3DFACE
62
2
10
0.009286
20
0.004678
30
-0.038285
11
0.009100
21
0.005448
31
-0.038389
12
0.008997
22
0.005477
32
-0.038352
0
3DFACE
62
2
10
0.009286
20
0.004678
30
-0.038285
11
0.008997
21
0.005477
31
-0.038352
12
0.008894
22
0.005524
32
-0.038321
0
3DFACE
62
2
10
0.009286
20
0.004678
30
-0.038285
11
0.008894
21
0.005524
31
-0.038321
12
0.008819
22
0.005570
32
-0.038301
0
3DFACE
62
2
10
0.009286
20
0.004678
30
-0.038285
11
0.008819
21
0.005570
31
-0.038301
12
0.008747
22
0.005621
32
-0.038285
0
3DFACE
62
2
10
0.009874
20
0.005663
30
-0.038777
11
0.009512
21
0.005512
31
-0.038583
12
0.009286
22
0.004678
32
-0.038285
0
3DFACE
62
2
10
0.010252
20
0.005752
30
-0.038964
11
0.009874
21
0.005663
31
-0.038777
12
0.009286
22
0.004678
32
-0.038285
0
3DFACE
62
2
10
0.009723
20
0.003683
30
-0.038285
11
0.010252
21
0.005752
31
-0.038964
12
0.009286
22
0.004678
32
-0.038285
0
3DFACE
62
2
10
0.010124
20
0.002947
30
-0.038358
11
0.010155
21
0.003008
31
-0.038381
12
0.009723
22
0.003683
32
-0.038285
0
3DFACE
62
2
10
0.010191
20
0.003065
30
-0.038407
11
0.009723
21
0.003683
31
-0.038285
12
0.010155
22
0.003008
32
-0.038381
0
3DFACE
62
2
10
0.010238
20
0.003119
30
-0.038437
11
0.009723
21
0.003683
31
-0.038285
12
0.010191
22
0.003065
32
-0.038407
0
3DFACE
62
2
10
0.010083
20
0.002825
30
-0.038322
11
0.010124
21
0.002947
31
-0.038358
12
0.009723
22
0.003683
32
-0.038285
0
3DFACE
62
2
10
0.010290
20
0.003167
30
-0.038469
11
0.009723
21
0.003683
31
-0.038285
12
0.010238
22
0.003119
32
-0.038437
0
3DFACE
62
2
10
0.010346
20
0.003209
30
-0.038502
11
0.009723
21
0.003683
31
-0.038285
12
0.010290
22
0.003167
32
-0.038469
0
3DFACE
62
2
10
0.010054
20
0.002649
30
-0.038285
11
0.010083
21
0.002825
31
-0.038322
12
0.009723
22
0.003683
32
-0.038285
0
3DFACE
62
2
10
0.010952
20
0.003515
30
-0.038837
11
0.009723
21
0.003683
31
-0.038285
12
0.010346
22
0.003209
32
-0.038502
0
3DFACE
62
2
10
0.011210
20
0.003703
30
-0.038989
11
0.010773
21
0.005801
31
-0.039204
12
0.010252
22
0.005752
32
-0.038964
0
3DFACE
62
2
10
0.011210
20
0.003703
30
-0.038989
11
0.010252
21
0.005752
31
-0.038964
12
0.009723
22
0.003683
32
-0.038285
0
3DFACE
62
2
10
0.011210
20
0.003703
30
-0.038989
11
0.009723
21
0.003683
31
-0.038285
12
0.010952
22
0.003515
32
-0.038837
0
3DFACE
62
2
10
0.011974
20
0.005441
30
-0.039662
11
0.011839
21
0.005729
31
-0.039662
12
0.010773
22
0.005801
32
-0.039204
0
3DFACE
62
2
10
0.011563
20
0.004027
30
-0.039208
11
0.010773
21
0.005801
31
-0.039204
12
0.011210
22
0.003703
32
-0.038989
0
3DFACE
62
2
10
0.011911
20
0.004424
30
-0.039439
11
0.012102
21
0.005149
31
-0.039662
12
0.011974
22
0.005441
32
-0.039662
0
3DFACE
62
2
10
0.011911
20
0.004424
30
-0.039439
11
0.011974
21
0.005441
31
-0.039662
12
0.010773
22
0.005801
32
-0.039204
0
3DFACE
62
2
10
0.011911
20
0.004424
30
-0.039439
11
0.010773
21
0.005801
31
-0.039204
12
0.011563
22
0.004027
32
-0.039208
0
3DFACE
62
2
10
0.012223
20
0.004855
30
-0.039662
11
0.012102
21
0.005149
31
-0.039662
12
0.011911
22
0.004424
32
-0.039439
0
3DFACE
62
2
10
0.018779
20
0.000614
30
-0.029730
11
0.018788
21
0.000159
31
-0.029730
12
0.013152
22
0.000111
32
-0.039662
0
3DFACE
62
2
10
0.018779
20
0.000614
30
-0.029730
11
0.013145
21
0.000430
31
-0.039662
12
0.013131
22
0.000748
32
-0.039662
0
3DFACE
62
2
10
0.018779
20
0.000614
30
-0.029730
11
0.013152
21
0.000111
31
-0.039662
12
0.013145
22
0.000430
32
-0.039662
0
3DFACE
62
2
10
0.018758
20
0.001068
30
-0.029730
11
0.018779
21
0.000614
31
-0.029730
12
0.013131
22
0.000748
32
-0.039662
0
3DFACE
62
2
10
0.018727
20
0.001522
30
-0.029730
11
0.013131
21
0.000748
31
-0.039662
12
0.013109
22
0.001066
32
-0.039662
0
3DFACE
62
2
10
0.018727
20
0.001522
30
-0.029730
11
0.018758
21
0.001068
31
-0.029730
12
0.013131
22
0.000748
32
-0.039662
0
3DFACE
62
2
10
0.010324
20
0.001229
30
-0.038285
11
0.010682
21
0.001711
31
-0.038495
12
0.010575
22
0.001736
32
-0.038444
0
3DFACE
62
2
10
0.010324
20
0.001229
30
-0.038285
11
0.010575
21
0.001736
31
-0.038444
12
0.010513
22
0.001760
32
-0.038416
0
3DFACE
62
2
10
0.010324
20
0.001229
30
-0.038285
11
0.010513
21
0.001760
31
-0.038416
12
0.010453
22
0.001793
32
-0.038389
0
3DFACE
62
2
10
0.010324
20
0.001229
30
-0.038285
11
0.010453
21
0.001793
31
-0.038389
12
0.010368
22
0.001857
32
-0.038352
0
3DFACE
62
2
10
0.010324
20
0.001229
30
-0.038285
11
0.010368
21
0.001857
31
-0.038352
12
0.010289
22
0.001938
32
-0.038321
0
3DFACE
62
2
10
0.010324
20
0.001229
30
-0.038285
11
0.010289
21
0.001938
31
-0.038321
12
0.010236
22
0.002008
32
-0.038301
0
3DFACE
62
2
10
0.010324
20
0.001229
30
-0.038285
11
0.010236
21
0.002008
31
-0.038301
12
0.010187
22
0.002082
32
-0.038285
0
3DFACE
62
2
10
0.010861
20
0.001703
30
-0.038583
11
0.010682
21
0.001711
31
-0.038495
12
0.010324
22
0.001229
32
-0.038285
0
3DFACE
62
2
10
0.011253
20
0.001714
30
-0.038777
11
0.010861
21
0.001703
31
-0.038583
12
0.010324
22
0.001229
32
-0.038285
0
3DFACE
62
2
10
0.010391
20
0.000368
30
-0.038285
11
0.011253
21
0.001714
31
-0.038777
12
0.010324
22
0.001229
32
-0.038285
0
3DFACE
62
2
10
0.011637
20
0.001660
30
-0.038964
11
0.011253
21
0.001714
31
-0.038777
12
0.010391
22
0.000368
32
-0.038285
0
3DFACE
62
2
10
0.011880
20
-0.000566
30
-0.039033
11
0.012141
21
0.001518
31
-0.039204
12
0.011637
22
0.001660
32
-0.038964
0
3DFACE
62
2
10
0.011880
20
-0.000566
30
-0.039033
11
0.010391
21
0.000368
31
-0.038285
12
0.010386
22
-0.000495
32
-0.038285
0
3DFACE
62
2
10
0.011880
20
-0.000566
30
-0.039033
11
0.011637
21
0.001660
31
-0.038964
12
0.010391
22
0.000368
32
-0.038285
0
3DFACE
62
2
10
0.013131
20
0.000748
30
-0.039662
11
0.013109
21
0.001066
31
-0.039662
12
0.012141
22
0.001518
32
-0.039204
0
3DFACE
62
2
10
0.012322
20
-0.000382
30
-0.039250
11
0.012141
21
0.001518
31
-0.039204
12
0.011880
22
-0.000566
32
-0.039033
0
3DFACE
62
2
10
0.012745
20
-0.000154
30
-0.039459
11
0.013145
21
0.000430
31
-0.039662
12
0.013131
22
0.000748
32
-0.039662
0
3DFACE
62
2
10
0.012745
20
-0.000154
30
-0.039459
11
0.013131
21
0.000748
31
-0.039662
12
0.012141
22
0.001518
32
-0.039204
0
3DFACE
62
2
10
0.012745
20
-0.000154
30
-0.039459
11
0.012141
21
0.001518
31
-0.039204
12
0.012322
22
-0.000382
32
-0.039250
0
3DFACE
62
2
10
0.013152
20
0.000111
30
-0.039662
11
0.013145
21
0.000430
31
-0.039662
12
0.012745
22
-0.000154
32
-0.039459
0
3DFACE
62
2
10
0.017732
20
-0.006211
30
-0.029730
11
0.017577
21
-0.006639
31
-0.029730
12
0.012304
22
-0.004647
32
-0.039662
0
3DFACE
62
2
10
0.017732
20
-0.006211
30
-0.029730
11
0.012304
21
-0.004647
31
-0.039662
12
0.012413
22
-0.004348
32
-0.039662
0
3DFACE
62
2
10
0.017878
20
-0.005780
30
-0.029730
11
0.012514
21
-0.004046
31
-0.039662
12
0.012609
22
-0.003742
32
-0.039662
0
3DFACE
62
2
10
0.017878
20
-0.005780
30
-0.029730
11
0.012413
21
-0.004348
31
-0.039662
12
0.012514
22
-0.004046
32
-0.039662
0
3DFACE
62
2
10
0.017878
20
-0.005780
30
-0.029730
11
0.017732
21
-0.006211
31
-0.029730
12
0.012413
22
-0.004348
32
-0.039662
0
3DFACE
62
2
10
0.018012
20
-0.005346
30
-0.029730
11
0.017878
21
-0.005780
31
-0.029730
12
0.012609
22
-0.003742
32
-0.039662
0
3DFACE
62
2
10
0.010014
20
-0.002799
30
-0.038285
11
0.010743
21
-0.002335
31
-0.038583
12
0.010579
22
-0.002263
32
-0.038495
0
3DFACE
62
2
10
0.010014
20
-0.002799
30
-0.038285
11
0.010579
21
-0.002263
31
-0.038495
12
0.010488
22
-0.002202
32
-0.038444
0
3DFACE
62
2
10
0.010014
20
-0.002799
30
-0.038285
11
0.010488
21
-0.002202
31
-0.038444
12
0.010439
22
-0.002156
32
-0.038416
0
3DFACE
62
2
10
0.010014
20
-0.002799
30
-0.038285
11
0.010439
21
-0.002156
31
-0.038416
12
0.010395
22
-0.002104
32
-0.038389
0
3DFACE
62
2
10
0.010014
20
-0.002799
30
-0.038285
11
0.010395
21
-0.002104
31
-0.038389
12
0.010339
22
-0.002013
32
-0.038352
0
3DFACE
62
2
10
0.010014
20
-0.002799
30
-0.038285
11
0.010339
21
-0.002013
31
-0.038352
12
0.010295
22
-0.001909
32
-0.038321
0
3DFACE
62
2
10
0.010014
20
-0.002799
30
-0.038285
11
0.010295
21
-0.001909
31
-0.038321
12
0.010270
22
-0.001825
32
-0.038301
0
3DFACE
62
2
10
0.010014
20
-0.002799
30
-0.038285
11
0.010270
21
-0.001825
31
-0.038301
12
0.010251
22
-0.001739
32
-0.038285
0
3DFACE
62
2
10
0.011112
20
-0.002467
30
-0.038777
11
0.010743
21
-0.002335
31
-0.038583
12
0.010014
22
-0.002799
32
-0.038285
0
3DFACE
62
2
10
0.011451
20
-0.002656
30
-0.038964
11
0.011112
21
-0.002467
31
-0.038777
12
0.010014
22
-0.002799
32
-0.038285
0
3DFACE
62
2
10
0.009667
20
-0.003828
30
-0.038285
11
0.011451
21
-0.002656
31
-0.038964
12
0.010014
22
-0.002799
32
-0.038285
0
3DFACE
62
2
10
0.009467
20
-0.004643
30
-0.038358
11
0.009531
21
-0.004618
31
-0.038381
12
0.009667
22
-0.003828
32
-0.038285
0
3DFACE
62
2
10
0.009596
20
-0.004601
30
-0.038407
11
0.009667
21
-0.003828
31
-0.038285
12
0.009531
22
-0.004618
32
-0.038381
0
3DFACE
62
2
10
0.009667
20
-0.004592
30
-0.038437
11
0.009667
21
-0.003828
31
-0.038285
12
0.009596
22
-0.004601
32
-0.038407
0
3DFACE
62
2
10
0.009355
20
-0.004705
30
-0.038322
11
0.009467
21
-0.004643
31
-0.038358
12
0.009667
22
-0.003828
32
-0.038285
0
3DFACE
62
2
10
0.009738
20
-0.004592
30
-0.038469
11
0.009667
21
-0.003828
31
-0.038285
12
0.009667
22
-0.004592
32
-0.038437
0
3DFACE
62
2
10
0.009807
20
-0.004599
30
-0.038502
11
0.009667
21
-0.003828
31
-0.038285
12
0.009738
22
-0.004592
32
-0.038469
0
3DFACE
62
2
10
0.009215
20
-0.004816
30
-0.038285
11
0.009355
21
-0.004705
31
-0.038322
12
0.009667
22
-0.003828
32
-0.038285
0
3DFACE
62
2
10
0.010462
20
-0.004781
30
-0.038837
11
0.009667
21
-0.003828
31
-0.038285
12
0.009807
22
-0.004599
32
-0.038502
0
3DFACE
62
2
10
0.010779
20
-0.004815
30
-0.038989
11
0.011870
21
-0.002971
31
-0.039204
12
0.011451
22
-0.002656
32
-0.038964
0
3DFACE
62
2
10
0.010779
20
-0.004815
30
-0.038989
11
0.011451
21
-0.002656
31
-0.038964
12
0.009667
22
-0.003828
32
-0.038285
0
3DFACE
62
2
10
0.010779
20
-0.004815
30
-0.038989
11
0.009667
21
-0.003828
31
-0.038285
12
0.010462
22
-0.004781
32
-0.038837
0
3DFACE
62
2
10
0.012514
20
-0.004046
30
-0.039662
11
0.012609
21
-0.003742
31
-0.039662
12
0.011870
22
-0.002971
32
-0.039204
0
3DFACE
62
2
10
0.011258
20
-0.004814
30
-0.039208
11
0.011870
21
-0.002971
31
-0.039204
12
0.010779
22
-0.004815
32
-0.038989
0
3DFACE
62
2
10
0.011782
20
-0.004755
30
-0.039439
11
0.012413
21
-0.004348
31
-0.039662
12
0.012514
22
-0.004046
32
-0.039662
0
3DFACE
62
2
10
0.011782
20
-0.004755
30
-0.039439
11
0.012514
21
-0.004046
31
-0.039662
12
0.011870
22
-0.002971
32
-0.039204
0
3DFACE
62
2
10
0.011782
20
-0.004755
30
-0.039439
11
0.011870
21
-0.002971
31
-0.039204
12
0.011258
22
-0.004814
32
-0.039208
0
3DFACE
62
2
10
0.012304
20
-0.004647
30
-0.039662
11
0.012413
21
-0.004348
31
-0.039662
12
0.011782
22
-0.004755
32
-0.039439
0
3DFACE
62
2
10
0.014291
20
-0.012198
30
-0.029730
11
0.013992
21
-0.012540
31
-0.029730
12
0.009794
22
-0.008778
32
-0.039662
0
3DFACE
62
2
10
0.014291
20
-0.012198
30
-0.029730
11
0.009794
21
-0.008778
31
-0.039662
12
0.010004
22
-0.008538
32
-0.039662
0
3DFACE
62
2
10
0.014582
20
-0.011848
30
-0.029730
11
0.010004
21
-0.008538
31
-0.039662
12
0.010208
22
-0.008294
32
-0.039662
0
3DFACE
62
2
10
0.014582
20
-0.011848
30
-0.029730
11
0.014291
21
-0.012198
31
-0.029730
12
0.010004
22
-0.008538
32
-0.039662
0
3DFACE
62
2
10
0.014865
20
-0.011491
30
-0.029730
11
0.010208
21
-0.008294
31
-0.039662
12
0.010405
22
-0.008044
32
-0.039662
0
3DFACE
62
2
10
0.014865
20
-0.011491
30
-0.029730
11
0.014582
21
-0.011848
31
-0.029730
12
0.010208
22
-0.008294
32
-0.039662
0
3DFACE
62
2
10
0.008326
20
-0.006227
30
-0.038285
11
0.009174
21
-0.006058
31
-0.038583
12
0.009047
22
-0.005932
32
-0.038495
0
3DFACE
62
2
10
0.008326
20
-0.006227
30
-0.038285
11
0.009047
21
-0.005932
31
-0.038495
12
0.008985
22
-0.005842
32
-0.038444
0
3DFACE
62
2
10
0.008326
20
-0.006227
30
-0.038285
11
0.008985
21
-0.005842
31
-0.038444
12
0.008955
22
-0.005782
32
-0.038416
0
3DFACE
62
2
10
0.008326
20
-0.006227
30
-0.038285
11
0.008955
21
-0.005782
31
-0.038416
12
0.008933
22
-0.005717
32
-0.038389
0
3DFACE
62
2
10
0.008326
20
-0.006227
30
-0.038285
11
0.008933
21
-0.005717
31
-0.038389
12
0.008913
22
-0.005612
32
-0.038352
0
3DFACE
62
2
10
0.008326
20
-0.006227
30
-0.038285
11
0.008913
21
-0.005612
31
-0.038352
12
0.008910
22
-0.005499
32
-0.038321
0
3DFACE
62
2
10
0.008326
20
-0.006227
30
-0.038285
11
0.008910
21
-0.005499
31
-0.038321
12
0.008917
22
-0.005412
32
-0.038301
0
3DFACE
62
2
10
0.008326
20
-0.006227
30
-0.038285
11
0.008917
21
-0.005412
31
-0.038301
12
0.008931
22
-0.005325
32
-0.038285
0
3DFACE
62
2
10
0.009471
20
-0.006314
30
-0.038777
11
0.009174
21
-0.006058
31
-0.038583
12
0.008326
22
-0.006227
32
-0.038285
0
3DFACE
62
2
10
0.009718
20
-0.006613
30
-0.038964
11
0.009471
21
-0.006314
31
-0.038777
12
0.008326
22
-0.006227
32
-0.038285
0
3DFACE
62
2
10
0.007631
20
-0.007062
30
-0.038285
11
0.009718
21
-0.006613
31
-0.038964
12
0.008326
22
-0.006227
32
-0.038285
0
3DFACE
62
2
10
0.007151
20
-0.007749
30
-0.038358
11
0.007219
21
-0.007749
31
-0.038381
12
0.007631
22
-0.007062
32
-0.038285
0
3DFACE
62
2
10
0.007286
20
-0.007757
30
-0.038407
11
0.007631
21
-0.007062
31
-0.038285
12
0.007219
22
-0.007749
32
-0.038381
0
3DFACE
62
2
10
0.007355
20
-0.007774
30
-0.038437
11
0.007631
21
-0.007062
31
-0.038285
12
0.007286
22
-0.007757
32
-0.038407
0
3DFACE
62
2
10
0.007024
20
-0.007767
30
-0.038322
11
0.007151
21
-0.007749
31
-0.038358
12
0.007631
22
-0.007062
32
-0.038285
0
3DFACE
62
2
10
0.007422
20
-0.007799
30
-0.038469
11
0.007631
21
-0.007062
31
-0.038285
12
0.007355
22
-0.007774
32
-0.038437
0
3DFACE
62
2
10
0.007484
20
-0.007831
30
-0.038502
11
0.007631
21
-0.007062
31
-0.038285
12
0.007422
22
-0.007799
32
-0.038469
0
3DFACE
62
2
10
0.006853
20
-0.007820
30
-0.038285
11
0.007024
21
-0.007767
31
-0.038322
12
0.007631
22
-0.007062
32
-0.038285
0
3DFACE
62
2
10
0.008028
20
-0.008237
30
-0.038837
11
0.007631
21
-0.007062
31
-0.038285
12
0.007484
22
-0.007831
32
-0.038502
0
3DFACE
62
2
10
0.008311
20
-0.008384
30
-0.038989
11
0.009995
21
-0.007058
31
-0.039204
12
0.009718
22
-0.006613
32
-0.038964
0
3DFACE
62
2
10
0.008311
20
-0.008384
30
-0.038989
11
0.009718
21
-0.006613
31
-0.038964
12
0.007631
22
-0.007062
32
-0.038285
0
3DFACE
62
2
10
0.008311
20
-0.008384
30
-0.038989
11
0.007631
21
-0.007062
31
-0.038285
12
0.008028
22
-0.008237
32
-0.038837
0
3DFACE
62
2
10
0.010208
20
-0.008294
30
-0.039662
11
0.010405
21
-0.008044
31
-0.039662
12
0.009995
22
-0.007058
32
-0.039204
0
3DFACE
62
2
10
0.008759
20
-0.008556
30
-0.039208
11
0.009995
21
-0.007058
31
-0.039204
12
0.008311
22
-0.008384
32
-0.038989
0
3DFACE
62
2
10
0.009269
20
-0.008690
30
-0.039439
11
0.010004
21
-0.008538
31
-0.039662
12
0.010208
22
-0.008294
32
-0.039662
0
3DFACE
62
2
10
0.009269
20
-0.008690
30
-0.039439
11
0.010208
21
-0.008294
31
-0.039662
12
0.009995
22
-0.007058
32
-0.039204
0
3DFACE
62
2
10
0.009269
20
-0.008690
30
-0.039439
11
0.009995
21
-0.007058
31
-0.039204
12
0.008759
22
-0.008556
32
-0.039208
0
3DFACE
62
2
10
0.009794
20
-0.008778
30
-0.039662
11
0.010004
21
-0.008538
31
-0.039662
12
0.009269
22
-0.008690
32
-0.039439
0
3DFACE
62
2
10
0.008920
20
-0.016537
30
-0.029730
11
0.008517
21
-0.016748
31
-0.029730
12
0.005962
22
-0.011723
32
-0.039662
0
3DFACE
62
2
10
0.008920
20
-0.016537
30
-0.029730
11
0.005962
21
-0.011723
31
-0.039662
12
0.006244
22
-0.011576
32
-0.039662
0
3DFACE
62
2
10
0.009318
20
-0.016316
30
-0.029730
11
0.006244
21
-0.011576
31
-0.039662
12
0.006522
22
-0.011421
32
-0.039662
0
3DFACE
62
2
10
0.009318
20
-0.016316
30
-0.029730
11
0.008920
21
-0.016537
31
-0.029730
12
0.006244
22
-0.011576
32
-0.039662
0
3DFACE
62
2
10
0.009710
20
-0.016085
30
-0.029730
11
0.006522
21
-0.011421
31
-0.039662
12
0.006797
22
-0.011260
32
-0.039662
0
3DFACE
62
2
10
0.009710
20
-0.016085
30
-0.029730
11
0.009318
21
-0.016316
31
-0.029730
12
0.006522
22
-0.011421
32
-0.039662
0
3DFACE
62
2
10
0.005514
20
-0.008815
30
-0.038285
11
0.006366
21
-0.008963
31
-0.038583
12
0.006293
22
-0.008800
32
-0.038495
0
3DFACE
62
2
10
0.005514
20
-0.008815
30
-0.038285
11
0.006293
21
-0.008800
31
-0.038495
12
0.006268
22
-0.008693
32
-0.038444
0
3DFACE
62
2
10
0.005514
20
-0.008815
30
-0.038285
11
0.006268
21
-0.008693
31
-0.038444
12
0.006262
22
-0.008626
32
-0.038416
0
3DFACE
62
2
10
0.005514
20
-0.008815
30
-0.038285
11
0.006262
21
-0.008626
31
-0.038416
12
0.006264
22
-0.008558
32
-0.038389
0
3DFACE
62
2
10
0.005514
20
-0.008815
30
-0.038285
11
0.006264
21
-0.008558
31
-0.038389
12
0.006284
22
-0.008453
32
-0.038352
0
3DFACE
62
2
10
0.005514
20
-0.008815
30
-0.038285
11
0.006284
21
-0.008453
31
-0.038352
12
0.006321
22
-0.008347
32
-0.038321
0
3DFACE
62
2
10
0.005514
20
-0.008815
30
-0.038285
11
0.006321
21
-0.008347
31
-0.038321
12
0.006360
22
-0.008268
32
-0.038301
0
3DFACE
62
2
10
0.005514
20
-0.008815
30
-0.038285
11
0.006360
21
-0.008268
31
-0.038301
12
0.006404
22
-0.008191
32
-0.038285
0
3DFACE
62
2
10
0.006550
20
-0.009309
30
-0.038777
11
0.006366
21
-0.008963
31
-0.038583
12
0.005514
22
-0.008815
32
-0.038285
0
3DFACE
62
2
10
0.006673
20
-0.009677
30
-0.038964
11
0.006550
21
-0.009309
31
-0.038777
12
0.005514
22
-0.008815
32
-0.038285
0
3DFACE
62
2
10
0.004565
20
-0.009342
30
-0.038285
11
0.006673
21
-0.009677
31
-0.038964
12
0.005514
22
-0.008815
32
-0.038285
0
3DFACE
62
2
10
0.003869
20
-0.009809
30
-0.038358
11
0.003932
21
-0.009834
31
-0.038381
12
0.004565
22
-0.009342
32
-0.038285
0
3DFACE
62
2
10
0.003992
20
-0.009865
30
-0.038407
11
0.004565
21
-0.009342
31
-0.038285
12
0.003932
22
-0.009834
32
-0.038381
0
3DFACE
62
2
10
0.004050
20
-0.009906
30
-0.038437
11
0.004565
21
-0.009342
31
-0.038285
12
0.003992
22
-0.009865
32
-0.038407
0
3DFACE
62
2
10
0.003744
20
-0.009779
30
-0.038322
11
0.003869
21
-0.009809
31
-0.038358
12
0.004565
22
-0.009342
32
-0.038285
0
3DFACE
62
2
10
0.004103
20
-0.009953
30
-0.038469
11
0.004565
21
-0.009342
31
-0.038285
12
0.004050
22
-0.009906
32
-0.038437
0
3DFACE
62
2
10
0.004149
20
-0.010006
30
-0.038502
11
0.004565
21
-0.009342
31
-0.038285
12
0.004103
22
-0.009953
32
-0.038469
0
3DFACE
62
2
10
0.003565
20
-0.009767
30
-0.038285
11
0.003744
21
-0.009779
31
-0.038322
12
0.004565
22
-0.009342
32
-0.038285
0
3DFACE
62
2
10
0.004510
20
-0.010581
30
-0.038837
11
0.004565
21
-0.009342
31
-0.038285
12
0.004149
22
-0.010006
32
-0.038502
0
3DFACE
62
2
10
0.004722
20
-0.010820
30
-0.038989
11
0.006770
21
-0.010192
31
-0.039204
12
0.006673
22
-0.009677
32
-0.038964
0
3DFACE
62
2
10
0.004722
20
-0.010820
30
-0.038989
11
0.006673
21
-0.009677
31
-0.038964
12
0.004565
22
-0.009342
32
-0.038285
0
3DFACE
62
2
10
0.004722
20
-0.010820
30
-0.038989
11
0.004565
21
-0.009342
31
-0.038285
12
0.004510
22
-0.010581
32
-0.038837
0
3DFACE
62
2
10
0.006522
20
-0.011421
30
-0.039662
11
0.006797
21
-0.011260
31
-0.039662
12
0.006770
22
-0.010192
32
-0.039204
0
3DFACE
62
2
10
0.005077
20
-0.011142
30
-0.039208
11
0.006770
21
-0.010192
31
-0.039204
12
0.004722
22
-0.010820
32
-0.038989
0
3DFACE
62
2
10
0.005504
20
-0.011452
30
-0.039439
11
0.006244
21
-0.011576
31
-0.039662
12
0.006522
22
-0.011421
32
-0.039662
0
3DFACE
62
2
10
0.005504
20
-0.011452
30
-0.039439
11
0.006522
21
-0.011421
31
-0.039662
12
0.006770
22
-0.010192
32
-0.039204
0
3DFACE
62
2
10
0.005504
20
-0.011452
30
-0.039439
11
0.006770
21
-0.010192
31
-0.039204
12
0.005077
22
-0.011142
32
-0.039208
0
3DFACE
62
2
10
0.005962
20
-0.011723
30
-0.039662
11
0.006244
21
-0.011576
31
-0.039662
12
0.005504
22
-0.011452
32
-0.039439
0
3DFACE
62
2
10
-0.014461
20
0.004073
30
-0.027848
11
-0.014579
21
0.003992
31
-0.027894
12
-0.012737
22
0.002877
32
-0.026865
0
3DFACE
62
2
10
-0.014667
20
0.003949
30
-0.027931
11
-0.012737
21
0.002877
31
-0.026865
12
-0.014579
22
0.003992
32
-0.027894
0
3DFACE
62
2
10
-0.014758
20
0.003917
30
-0.027970
11
-0.012737
21
0.002877
31
-0.026865
12
-0.014667
22
0.003949
32
-0.027931
0
3DFACE
62
2
10
-0.014352
20
0.004171
30
-0.027809
11
-0.014461
21
0.004073
31
-0.027848
12
-0.012737
22
0.002877
32
-0.026865
0
3DFACE
62
2
10
-0.014851
20
0.003896
30
-0.028013
11
-0.013043
21
0.000622
31
-0.026865
12
-0.012737
22
0.002877
32
-0.026865
0
3DFACE
62
2
10
-0.014851
20
0.003896
30
-0.028013
11
-0.012737
21
0.002877
31
-0.026865
12
-0.014758
22
0.003917
32
-0.027970
0
3DFACE
62
2
10
-0.014270
20
0.004261
30
-0.027782
11
-0.014352
21
0.004171
31
-0.027809
12
-0.012737
22
0.002877
32
-0.026865
0
3DFACE
62
2
10
-0.014945
20
0.003885
30
-0.028057
11
-0.013043
21
0.000622
31
-0.026865
12
-0.014851
22
0.003896
32
-0.028013
0
3DFACE
62
2
10
-0.014194
20
0.004358
30
-0.027760
11
-0.014270
21
0.004261
31
-0.027782
12
-0.012737
22
0.002877
32
-0.026865
0
3DFACE
62
2
10
-0.014194
20
0.004358
30
-0.027760
11
-0.012737
21
0.002877
31
-0.026865
12
-0.012044
22
0.005045
32
-0.026865
0
3DFACE
62
2
10
-0.015075
20
0.003885
30
-0.028120
11
-0.016971
21
0.000809
31
-0.028831
12
-0.013043
22
0.000622
32
-0.026865
0
3DFACE
62
2
10
-0.015075
20
0.003885
30
-0.028120
11
-0.013043
21
0.000622
31
-0.026865
12
-0.014945
22
0.003885
32
-0.028057
0
3DFACE
62
2
10
-0.015229
20
0.003900
30
-0.028196
11
-0.016971
21
0.000809
31
-0.028831
12
-0.015075
22
0.003885
32
-0.028120
0
3DFACE
62
2
10
-0.015731
20
0.003965
30
-0.028448
11
-0.016971
21
0.000809
31
-0.028831
12
-0.015229
22
0.003900
32
-0.028196
0
3DFACE
62
2
10
-0.013939
20
0.005116
30
-0.027760
11
-0.014194
21
0.004358
31
-0.027760
12
-0.012044
22
0.005045
32
-0.026865
0
3DFACE
62
2
10
-0.016232
20
0.003951
30
-0.028689
11
-0.016971
21
0.000809
31
-0.028831
12
-0.015731
22
0.003965
32
-0.028448
0
3DFACE
62
2
10
-0.013951
20
0.005356
30
-0.027808
11
-0.013939
21
0.005116
31
-0.027760
12
-0.012044
22
0.005045
32
-0.026865
0
3DFACE
62
2
10
-0.013985
20
0.005526
30
-0.027854
11
-0.013951
21
0.005356
31
-0.027808
12
-0.012044
22
0.005045
32
-0.026865
0
3DFACE
62
2
10
-0.014040
20
0.005674
30
-0.027908
11
-0.013985
21
0.005526
31
-0.027854
12
-0.012044
22
0.005045
32
-0.026865
0
3DFACE
62
2
10
-0.018635
20
0.002397
30
-0.029730
11
-0.018688
21
0.001945
31
-0.029730
12
-0.018146
22
0.001513
32
-0.029441
0
3DFACE
62
2
10
-0.017200
20
0.003771
30
-0.029140
11
-0.016971
21
0.000809
31
-0.028831
12
-0.016232
22
0.003951
32
-0.028689
0
3DFACE
62
2
10
-0.017200
20
0.003771
30
-0.029140
11
-0.017575
21
0.001131
31
-0.029142
12
-0.016971
22
0.000809
32
-0.028831
0
3DFACE
62
2
10
-0.017200
20
0.003771
30
-0.029140
11
-0.018146
21
0.001513
31
-0.029441
12
-0.017575
22
0.001131
32
-0.029142
0
3DFACE
62
2
10
-0.014087
20
0.005758
30
-0.027945
11
-0.014040
21
0.005674
31
-0.027908
12
-0.012044
22
0.005045
32
-0.026865
0
3DFACE
62
2
10
-0.018572
20
0.002847
30
-0.029730
11
-0.018635
21
0.002397
31
-0.029730
12
-0.018146
22
0.001513
32
-0.029441
0
3DFACE
62
2
10
-0.018572
20
0.002847
30
-0.029730
11
-0.018146
21
0.001513
31
-0.029441
12
-0.017200
22
0.003771
32
-0.029140
0
3DFACE
62
2
10
-0.010985
20
0.007060
30
-0.026865
11
-0.014087
21
0.005758
31
-0.027945
12
-0.012044
22
0.005045
32
-0.026865
0
3DFACE
62
2
10
-0.018497
20
0.003296
30
-0.029730
11
-0.018572
21
0.002847
31
-0.029730
12
-0.017200
22
0.003771
32
-0.029140
0
3DFACE
62
2
10
-0.012013
20
0.009022
30
-0.027848
11
-0.012152
21
0.008989
31
-0.027894
12
-0.010985
22
0.007060
32
-0.026865
0
3DFACE
62
2
10
-0.012250
20
0.008980
30
-0.027931
11
-0.010985
21
0.007060
31
-0.026865
12
-0.012152
22
0.008989
32
-0.027894
0
3DFACE
62
2
10
-0.012346
20
0.008983
30
-0.027970
11
-0.010985
21
0.007060
31
-0.026865
12
-0.012250
22
0.008980
32
-0.027931
0
3DFACE
62
2
10
-0.011876
20
0.009074
30
-0.027809
11
-0.012013
21
0.009022
31
-0.027848
12
-0.010985
22
0.007060
32
-0.026865
0
3DFACE
62
2
10
-0.011767
20
0.009128
30
-0.027782
11
-0.011876
21
0.009074
31
-0.027809
12
-0.010985
22
0.007060
32
-0.026865
0
3DFACE
62
2
10
-0.011661
20
0.009191
30
-0.027760
11
-0.010985
21
0.007060
31
-0.026865
12
-0.009592
22
0.008860
32
-0.026865
0
3DFACE
62
2
10
-0.011661
20
0.009191
30
-0.027760
11
-0.011767
21
0.009128
31
-0.027782
12
-0.010985
22
0.007060
32
-0.026865
0
3DFACE
62
2
10
-0.011149
20
0.009805
30
-0.027760
11
-0.011661
21
0.009191
31
-0.027760
12
-0.009592
22
0.008860
32
-0.026865
0
3DFACE
62
2
10
-0.011074
20
0.010034
30
-0.027808
11
-0.011149
21
0.009805
31
-0.027760
12
-0.009592
22
0.008860
32
-0.026865
0
3DFACE
62
2
10
-0.011044
20
0.010204
30
-0.027854
11
-0.011074
21
0.010034
31
-0.027808
12
-0.009592
22
0.008860
32
-0.026865
0
3DFACE
62
2
10
-0.011042
20
0.010363
30
-0.027908
11
-0.011044
21
0.010204
31
-0.027854
12
-0.009592
22
0.008860
32
-0.026865
0
3DFACE
62
2
10
-0.016511
20
0.008967
30
-0.029730
11
-0.016723
21
0.008564
31
-0.029730
12
-0.016323
22
0.007888
32
-0.029401
0
3DFACE
62
2
10
-0.014677
20
0.009730
30
-0.029140
11
-0.016323
21
0.007888
31
-0.029401
12
-0.015864
22
0.007258
32
-0.029059
0
3DFACE
62
2
10
-0.007908
20
0.010391
30
-0.026865
11
-0.011055
21
0.010458
31
-0.027945
12
-0.011042
22
0.010363
32
-0.027908
0
3DFACE
62
2
10
-0.007908
20
0.010391
30
-0.026865
11
-0.011082
21
0.010558
31
-0.027989
12
-0.011055
22
0.010458
32
-0.027945
0
3DFACE
62
2
10
-0.007908
20
0.010391
30
-0.026865
11
-0.011042
21
0.010363
31
-0.027908
12
-0.009592
22
0.008860
32
-0.026865
0
3DFACE
62
2
10
-0.016289
20
0.009364
30
-0.029730
11
-0.016511
21
0.008967
31
-0.029730
12
-0.016323
22
0.007888
32
-0.029401
0
3DFACE
62
2
10
-0.016289
20
0.009364
30
-0.029730
11
-0.016323
21
0.007888
31
-0.029401
12
-0.014677
22
0.009730
32
-0.029140
0
3DFACE
62
2
10
-0.011121
20
0.010653
30
-0.028036
11
-0.011082
21
0.010558
31
-0.027989
12
-0.007908
22
0.010391
32
-0.026865
0
3DFACE
62
2
10
-0.016058
20
0.009756
30
-0.029730
11
-0.016289
21
0.009364
31
-0.029730
12
-0.014677
22
0.009730
32
-0.029140
0
3DFACE
62
2
10
-0.007942
20
0.012752
30
-0.027848
11
-0.008084
21
0.012772
31
-0.027894
12
-0.007908
22
0.010391
32
-0.026865
0
3DFACE
62
2
10
-0.008179
20
0.012799
30
-0.027931
11
-0.007908
21
0.010391
31
-0.026865
12
-0.008084
22
0.012772
32
-0.027894
0
3DFACE
62
2
10
-0.008267
20
0.012837
30
-0.027970
11
-0.007908
21
0.010391
31
-0.026865
12
-0.008179
22
0.012799
32
-0.027931
0
3DFACE
62
2
10
-0.007797
20
0.012751
30
-0.027809
11
-0.007942
21
0.012752
31
-0.027848
12
-0.007908
22
0.010391
32
-0.026865
0
3DFACE
62
2
10
-0.008350
20
0.012884
30
-0.028013
11
-0.011121
21
0.010653
31
-0.028036
12
-0.007908
22
0.010391
32
-0.026865
0
3DFACE
62
2
10
-0.008350
20
0.012884
30
-0.028013
11
-0.007908
21
0.010391
31
-0.026865
12
-0.008267
22
0.012837
32
-0.027970
0
3DFACE
62
2
10
-0.007675
20
0.012762
30
-0.027782
11
-0.007797
21
0.012751
31
-0.027809
12
-0.007908
22
0.010391
32
-0.026865
0
3DFACE
62
2
10
-0.008427
20
0.012940
30
-0.028057
11
-0.011187
21
0.010771
31
-0.028101
12
-0.011121
22
0.010653
32
-0.028036
0
3DFACE
62
2
10
-0.008427
20
0.012940
30
-0.028057
11
-0.011121
21
0.010653
31
-0.028036
12
-0.008350
22
0.012884
32
-0.028013
0
3DFACE
62
2
10
-0.007553
20
0.012783
30
-0.027760
11
-0.007908
21
0.010391
31
-0.026865
12
-0.005983
22
0.011606
32
-0.026865
0
3DFACE
62
2
10
-0.007553
20
0.012783
30
-0.027760
11
-0.007675
21
0.012762
31
-0.027782
12
-0.007908
22
0.010391
32
-0.026865
0
3DFACE
62
2
10
-0.008523
20
0.013027
30
-0.028120
11
-0.011307
21
0.010934
31
-0.028200
12
-0.011187
22
0.010771
32
-0.028101
0
3DFACE
62
2
10
-0.008523
20
0.013027
30
-0.028120
11
-0.011187
21
0.010771
31
-0.028101
12
-0.008427
22
0.012940
32
-0.028057
0
3DFACE
62
2
10
-0.008627
20
0.013142
30
-0.028196
11
-0.011307
21
0.010934
31
-0.028200
12
-0.008523
22
0.013027
32
-0.028120
0
3DFACE
62
2
10
-0.008955
20
0.013528
30
-0.028448
11
-0.011701
21
0.011446
31
-0.028520
12
-0.011307
22
0.010934
32
-0.028200
0
3DFACE
62
2
10
-0.008955
20
0.013528
30
-0.028448
11
-0.011307
21
0.010934
31
-0.028200
12
-0.008627
22
0.013142
32
-0.028196
0
3DFACE
62
2
10
-0.006854
20
0.013171
30
-0.027760
11
-0.007553
21
0.012783
31
-0.027760
12
-0.005983
22
0.011606
32
-0.026865
0
3DFACE
62
2
10
-0.009334
20
0.013855
30
-0.028689
11
-0.011917
21
0.011850
31
-0.028739
12
-0.011701
22
0.011446
32
-0.028520
0
3DFACE
62
2
10
-0.009334
20
0.013855
30
-0.028689
11
-0.012171
21
0.012498
31
-0.029059
12
-0.011917
22
0.011850
32
-0.028739
0
3DFACE
62
2
10
-0.009334
20
0.013855
30
-0.028689
11
-0.011701
21
0.011446
31
-0.028520
12
-0.008955
22
0.013528
32
-0.028448
0
3DFACE
62
2
10
-0.006701
20
0.013357
30
-0.027808
11
-0.006854
21
0.013171
31
-0.027760
12
-0.005983
22
0.011606
32
-0.026865
0
3DFACE
62
2
10
-0.006612
20
0.013505
30
-0.027854
11
-0.006701
21
0.013357
31
-0.027808
12
-0.005983
22
0.011606
32
-0.026865
0
3DFACE
62
2
10
-0.003877
20
0.012469
30
-0.026865
11
-0.006612
21
0.013505
31
-0.027854
12
-0.005983
22
0.011606
32
-0.026865
0
3DFACE
62
2
10
-0.006553
20
0.013652
30
-0.027908
11
-0.006612
21
0.013505
31
-0.027854
12
-0.003877
22
0.012469
32
-0.026865
0
3DFACE
62
2
10
-0.012157
20
0.014326
30
-0.029730
11
-0.012500
21
0.014027
31
-0.029730
12
-0.012372
22
0.013252
32
-0.029401
0
3DFACE
62
2
10
-0.010171
20
0.014375
30
-0.029140
11
-0.012372
21
0.013252
31
-0.029401
12
-0.012171
22
0.012498
32
-0.029059
0
3DFACE
62
2
10
-0.010171
20
0.014375
30
-0.029140
11
-0.012171
21
0.012498
31
-0.029059
12
-0.009334
22
0.013855
32
-0.028689
0
3DFACE
62
2
10
-0.006531
20
0.013745
30
-0.027945
11
-0.006553
21
0.013652
31
-0.027908
12
-0.003877
22
0.012469
32
-0.026865
0
3DFACE
62
2
10
-0.011807
20
0.014616
30
-0.029730
11
-0.012157
21
0.014326
31
-0.029730
12
-0.012372
22
0.013252
32
-0.029401
0
3DFACE
62
2
10
-0.011807
20
0.014616
30
-0.029730
11
-0.012372
21
0.013252
31
-0.029401
12
-0.010171
22
0.014375
32
-0.029140
0
3DFACE
62
2
10
-0.011449
20
0.014898
30
-0.029730
11
-0.011807
21
0.014616
31
-0.029730
12
-0.010171
22
0.014375
32
-0.029140
0
3DFACE
62
2
10
-0.002800
20
0.014760
30
-0.027848
11
-0.002925
21
0.014830
31
-0.027894
12
-0.003877
22
0.012469
32
-0.026865
0
3DFACE
62
2
10
-0.003003
20
0.014889
30
-0.027931
11
-0.003877
21
0.012469
31
-0.026865
12
-0.002925
22
0.014830
32
-0.027894
0
3DFACE
62
2
10
-0.003072
20
0.014956
30
-0.027970
11
-0.003877
21
0.012469
31
-0.026865
12
-0.003003
22
0.014889
32
-0.027931
0
3DFACE
62
2
10
-0.002664
20
0.014706
30
-0.027809
11
-0.002800
21
0.014760
31
-0.027848
12
-0.003877
22
0.012469
32
-0.026865
0
3DFACE
62
2
10
-0.002546
20
0.014673
30
-0.027782
11
-0.003877
21
0.012469
31
-0.026865
12
-0.001653
22
0.012953
32
-0.026865
0
3DFACE
62
2
10
-0.002546
20
0.014673
30
-0.027782
11
-0.002664
21
0.014706
31
-0.027809
12
-0.003877
22
0.012469
32
-0.026865
0
3DFACE
62
2
10
-0.002426
20
0.014648
30
-0.027760
11
-0.002546
21
0.014673
31
-0.027782
12
-0.001653
22
0.012953
32
-0.026865
0
3DFACE
62
2
10
-0.001634
20
0.014757
30
-0.027760
11
-0.002426
21
0.014648
31
-0.027760
12
-0.001653
22
0.012953
32
-0.026865
0
3DFACE
62
2
10
-0.001424
20
0.014876
30
-0.027808
11
-0.001634
21
0.014757
31
-0.027760
12
-0.001653
22
0.012953
32
-0.026865
0
3DFACE
62
2
10
0.000622
20
0.013043
30
-0.026865
11
-0.001424
21
0.014876
31
-0.027808
12
-0.001653
22
0.012953
32
-0.026865
0
3DFACE
62
2
10
-0.001287
20
0.014982
30
-0.027854
11
-0.001424
21
0.014876
31
-0.027808
12
0.000622
22
0.013043
32
-0.026865
0
3DFACE
62
2
10
-0.001179
20
0.015097
30
-0.027908
11
-0.001287
21
0.014982
31
-0.027854
12
0.000622
22
0.013043
32
-0.026865
0
3DFACE
62
2
10
-0.006161
20
0.017750
30
-0.029730
11
-0.006589
21
0.017596
31
-0.029730
12
-0.006749
22
0.016826
32
-0.029401
0
3DFACE
62
2
10
-0.004291
20
0.017078
30
-0.029140
11
-0.006749
21
0.016826
31
-0.029401
12
-0.006834
22
0.016051
32
-0.029059
0
3DFACE
62
2
10
-0.001124
20
0.015176
30
-0.027945
11
-0.001179
21
0.015097
31
-0.027908
12
0.000622
22
0.013043
32
-0.026865
0
3DFACE
62
2
10
-0.001077
20
0.015269
30
-0.027989
11
-0.001124
21
0.015176
31
-0.027945
12
0.000622
22
0.013043
32
-0.026865
0
3DFACE
62
2
10
-0.005729
20
0.017894
30
-0.029730
11
-0.006161
21
0.017750
31
-0.029730
12
-0.006749
22
0.016826
32
-0.029401
0
3DFACE
62
2
10
-0.005729
20
0.017894
30
-0.029730
11
-0.006749
21
0.016826
31
-0.029401
12
-0.004291
22
0.017078
32
-0.029140
0
3DFACE
62
2
10
-0.001041
20
0.015365
30
-0.028036
11
-0.001077
21
0.015269
31
-0.027989
12
0.000622
22
0.013043
32
-0.026865
0
3DFACE
62
2
10
-0.005294
20
0.018027
30
-0.029730
11
-0.005729
21
0.017894
31
-0.029730
12
-0.004291
22
0.017078
32
-0.029140
0
3DFACE
62
2
10
0.002721
20
0.014775
30
-0.027848
11
0.002630
21
0.014885
31
-0.027894
12
0.000622
22
0.013043
32
-0.026865
0
3DFACE
62
2
10
0.002579
20
0.014969
30
-0.027931
11
0.000622
21
0.013043
31
-0.026865
12
0.002630
22
0.014885
32
-0.027894
0
3DFACE
62
2
10
0.002538
20
0.015056
30
-0.027970
11
0.000622
21
0.013043
31
-0.026865
12
0.002579
22
0.014969
32
-0.027931
0
3DFACE
62
2
10
0.002829
20
0.014676
30
-0.027809
11
0.000622
21
0.013043
31
-0.026865
12
0.002877
22
0.012737
32
-0.026865
0
3DFACE
62
2
10
0.002829
20
0.014676
30
-0.027809
11
0.002721
21
0.014775
31
-0.027848
12
0.000622
22
0.013043
32
-0.026865
0
3DFACE
62
2
10
0.002509
20
0.015147
30
-0.028013
11
-0.001041
21
0.015365
31
-0.028036
12
0.000622
22
0.013043
32
-0.026865
0
3DFACE
62
2
10
0.002509
20
0.015147
30
-0.028013
11
0.000622
21
0.013043
31
-0.026865
12
0.002538
22
0.015056
32
-0.027970
0
3DFACE
62
2
10
0.002926
20
0.014602
30
-0.027782
11
0.002829
21
0.014676
31
-0.027809
12
0.002877
22
0.012737
32
-0.026865
0
3DFACE
62
2
10
0.002490
20
0.015240
30
-0.028057
11
-0.001011
21
0.015496
31
-0.028101
12
-0.001041
22
0.015365
32
-0.028036
0
3DFACE
62
2
10
0.002490
20
0.015240
30
-0.028057
11
-0.001041
21
0.015365
31
-0.028036
12
0.002509
22
0.015147
32
-0.028013
0
3DFACE
62
2
10
0.003030
20
0.014535
30
-0.027760
11
0.002926
21
0.014602
31
-0.027782
12
0.002877
22
0.012737
32
-0.026865
0
3DFACE
62
2
10
0.002477
20
0.015369
30
-0.028120
11
-0.001011
21
0.015496
31
-0.028101
12
0.002490
22
0.015240
32
-0.028057
0
3DFACE
62
2
10
0.002477
20
0.015369
30
-0.028120
11
-0.000990
21
0.015698
31
-0.028200
12
-0.001011
22
0.015496
32
-0.028101
0
3DFACE
62
2
10
0.002478
20
0.015524
30
-0.028196
11
-0.000990
21
0.015698
31
-0.028200
12
0.002477
22
0.015369
32
-0.028120
0
3DFACE
62
2
10
0.002496
20
0.016030
30
-0.028448
11
-0.000936
21
0.016342
31
-0.028520
12
-0.000990
22
0.015698
32
-0.028200
0
3DFACE
62
2
10
0.002496
20
0.016030
30
-0.028448
11
-0.000990
21
0.015698
31
-0.028200
12
0.002478
22
0.015524
32
-0.028196
0
3DFACE
62
2
10
0.003808
20
0.014351
30
-0.027760
11
0.003030
21
0.014535
31
-0.027760
12
0.002877
22
0.012737
32
-0.026865
0
3DFACE
62
2
10
0.002436
20
0.016527
30
-0.028689
11
-0.000823
21
0.016785
31
-0.028739
12
-0.000936
22
0.016342
32
-0.028520
0
3DFACE
62
2
10
0.002436
20
0.016527
30
-0.028689
11
-0.000574
21
0.017436
31
-0.029059
12
-0.000823
22
0.016785
32
-0.028739
0
3DFACE
62
2
10
0.002436
20
0.016527
30
-0.028689
11
-0.000936
21
0.016342
31
-0.028520
12
0.002496
22
0.016030
32
-0.028448
0
3DFACE
62
2
10
0.004046
20
0.014386
30
-0.027808
11
0.002877
21
0.012737
31
-0.026865
12
0.005045
22
0.012044
32
-0.026865
0
3DFACE
62
2
10
0.004046
20
0.014386
30
-0.027808
11
0.003808
21
0.014351
31
-0.027760
12
0.002877
22
0.012737
32
-0.026865
0
3DFACE
62
2
10
0.004212
20
0.014435
30
-0.027854
11
0.004046
21
0.014386
31
-0.027808
12
0.005045
22
0.012044
32
-0.026865
0
3DFACE
62
2
10
0.004354
20
0.014504
30
-0.027908
11
0.004212
21
0.014435
31
-0.027854
12
0.005045
22
0.012044
32
-0.026865
0
3DFACE
62
2
10
0.000667
20
0.018777
30
-0.029730
11
0.000212
21
0.018788
31
-0.029730
12
-0.000215
22
0.018128
32
-0.029401
0
3DFACE
62
2
10
0.002168
20
0.017475
30
-0.029140
11
-0.000215
21
0.018128
31
-0.029401
12
-0.000574
22
0.017436
32
-0.029059
0
3DFACE
62
2
10
0.002168
20
0.017475
30
-0.029140
11
-0.000574
21
0.017436
31
-0.029059
12
0.002436
22
0.016527
32
-0.028689
0
3DFACE
62
2
10
0.004434
20
0.014558
30
-0.027945
11
0.004354
21
0.014504
31
-0.027908
12
0.005045
22
0.012044
32
-0.026865
0
3DFACE
62
2
10
0.001122
20
0.018755
30
-0.029730
11
0.000667
21
0.018777
31
-0.029730
12
-0.000215
22
0.018128
32
-0.029401
0
3DFACE
62
2
10
0.001122
20
0.018755
30
-0.029730
11
-0.000215
21
0.018128
31
-0.029401
12
0.002168
22
0.017475
32
-0.029140
0
3DFACE
62
2
10
0.001575
20
0.018723
30
-0.029730
11
0.001122
21
0.018755
31
-0.029730
12
0.002168
22
0.017475
32
-0.029140
0
3DFACE
62
2
10
0.007875
20
0.012794
30
-0.027848
11
0.007830
21
0.012930
31
-0.027894
12
0.005045
22
0.012044
32
-0.026865
0
3DFACE
62
2
10
0.007875
20
0.012794
30
-0.027848
11
0.005045
21
0.012044
31
-0.026865
12
0.007060
22
0.010985
32
-0.026865
0
3DFACE
62
2
10
0.007812
20
0.013026
30
-0.027931
11
0.005045
21
0.012044
31
-0.026865
12
0.007830
22
0.012930
32
-0.027894
0
3DFACE
62
2
10
0.007806
20
0.013123
30
-0.027970
11
0.005045
21
0.012044
31
-0.026865
12
0.007812
22
0.013026
32
-0.027931
0
3DFACE
62
2
10
0.007939
20
0.012663
30
-0.027809
11
0.007875
21
0.012794
31
-0.027848
12
0.007060
22
0.010985
32
-0.026865
0
3DFACE
62
2
10
0.008003
20
0.012559
30
-0.027782
11
0.007939
21
0.012663
31
-0.027809
12
0.007060
22
0.010985
32
-0.026865
0
3DFACE
62
2
10
0.008076
20
0.012459
30
-0.027760
11
0.008003
21
0.012559
31
-0.027782
12
0.007060
22
0.010985
32
-0.026865
0
3DFACE
62
2
10
0.008735
20
0.012007
30
-0.027760
11
0.007060
21
0.010985
31
-0.026865
12
0.008860
22
0.009592
32
-0.026865
0
3DFACE
62
2
10
0.008735
20
0.012007
30
-0.027760
11
0.008076
21
0.012459
31
-0.027760
12
0.007060
22
0.010985
32
-0.026865
0
3DFACE
62
2
10
0.008969
20
0.011953
30
-0.027808
11
0.008735
21
0.012007
31
-0.027760
12
0.008860
22
0.009592
32
-0.026865
0
3DFACE
62
2
10
0.009142
20
0.011939
30
-0.027854
11
0.008969
21
0.011953
31
-0.027808
12
0.008860
22
0.009592
32
-0.026865
0
3DFACE
62
2
10
0.009300
20
0.011951
30
-0.027908
11
0.009142
21
0.011939
31
-0.027854
12
0.008860
22
0.009592
32
-0.026865
0
3DFACE
62
2
10
0.007405
20
0.017268
30
-0.029730
11
0.006985
21
0.017442
31
-0.029730
12
0.006348
22
0.016982
32
-0.029401
0
3DFACE
62
2
10
0.008334
20
0.015512
30
-0.029140
11
0.006348
21
0.016982
31
-0.029401
12
0.005763
22
0.016466
32
-0.029059
0
3DFACE
62
2
10
0.009393
20
0.011973
30
-0.027945
11
0.009300
21
0.011951
31
-0.027908
12
0.008860
22
0.009592
32
-0.026865
0
3DFACE
62
2
10
0.009491
20
0.012009
30
-0.027989
11
0.009393
21
0.011973
31
-0.027945
12
0.008860
22
0.009592
32
-0.026865
0
3DFACE
62
2
10
0.007821
20
0.017084
30
-0.029730
11
0.007405
21
0.017268
31
-0.029730
12
0.006348
22
0.016982
32
-0.029401
0
3DFACE
62
2
10
0.007821
20
0.017084
30
-0.029730
11
0.006348
21
0.016982
31
-0.029401
12
0.008334
22
0.015512
32
-0.029140
0
3DFACE
62
2
10
0.009582
20
0.012056
30
-0.028036
11
0.009491
21
0.012009
31
-0.027989
12
0.008860
22
0.009592
32
-0.026865
0
3DFACE
62
2
10
0.008232
20
0.016889
30
-0.029730
11
0.007821
21
0.017084
31
-0.029730
12
0.008334
22
0.015512
32
-0.029140
0
3DFACE
62
2
10
0.011972
20
0.009228
30
-0.027894
11
0.008860
21
0.009592
31
-0.026865
12
0.010391
22
0.007908
32
-0.026865
0
3DFACE
62
2
10
0.011965
20
0.009085
30
-0.027848
11
0.011972
21
0.009228
31
-0.027894
12
0.010391
22
0.007908
32
-0.026865
0
3DFACE
62
2
10
0.011990
20
0.009325
30
-0.027931
11
0.008860
21
0.009592
31
-0.026865
12
0.011972
22
0.009228
32
-0.027894
0
3DFACE
62
2
10
0.012019
20
0.009417
30
-0.027970
11
0.008860
21
0.009592
31
-0.026865
12
0.011990
22
0.009325
32
-0.027931
0
3DFACE
62
2
10
0.011977
20
0.008940
30
-0.027809
11
0.011965
21
0.009085
31
-0.027848
12
0.010391
22
0.007908
32
-0.026865
0
3DFACE
62
2
10
0.012059
20
0.009504
30
-0.028013
11
0.009582
21
0.012056
31
-0.028036
12
0.008860
22
0.009592
32
-0.026865
0
3DFACE
62
2
10
0.012059
20
0.009504
30
-0.028013
11
0.008860
21
0.009592
31
-0.026865
12
0.012019
22
0.009417
32
-0.027970
0
3DFACE
62
2
10
0.012000
20
0.008820
30
-0.027782
11
0.011977
21
0.008940
31
-0.027809
12
0.010391
22
0.007908
32
-0.026865
0
3DFACE
62
2
10
0.012107
20
0.009585
30
-0.028057
11
0.009582
21
0.012056
31
-0.028036
12
0.012059
22
0.009504
32
-0.028013
0
3DFACE
62
2
10
0.012107
20
0.009585
30
-0.028057
11
0.009693
21
0.012133
31
-0.028101
12
0.009582
22
0.012056
32
-0.028036
0
3DFACE
62
2
10
0.012031
20
0.008701
30
-0.027760
11
0.012000
21
0.008820
31
-0.027782
12
0.010391
22
0.007908
32
-0.026865
0
3DFACE
62
2
10
0.012185
20
0.009689
30
-0.028120
11
0.009693
21
0.012133
31
-0.028101
12
0.012107
22
0.009585
32
-0.028057
0
3DFACE
62
2
10
0.012185
20
0.009689
30
-0.028120
11
0.009844
21
0.012268
31
-0.028200
12
0.009693
22
0.012133
32
-0.028101
0
3DFACE
62
2
10
0.012290
20
0.009803
30
-0.028196
11
0.009844
21
0.012268
31
-0.028200
12
0.012185
22
0.009689
32
-0.028120
0
3DFACE
62
2
10
0.012644
20
0.010165
30
-0.028448
11
0.009844
21
0.012268
31
-0.028200
12
0.012290
22
0.009803
32
-0.028196
0
3DFACE
62
2
10
0.012644
20
0.010165
30
-0.028448
11
0.010317
21
0.012708
31
-0.028520
12
0.009844
22
0.012268
32
-0.028200
0
3DFACE
62
2
10
0.012482
20
0.008040
30
-0.027760
11
0.010391
21
0.007908
31
-0.026865
12
0.011606
22
0.005983
32
-0.026865
0
3DFACE
62
2
10
0.012482
20
0.008040
30
-0.027760
11
0.012031
21
0.008701
31
-0.027760
12
0.010391
22
0.007908
32
-0.026865
0
3DFACE
62
2
10
0.012935
20
0.010572
30
-0.028689
11
0.010317
21
0.012708
31
-0.028520
12
0.012644
22
0.010165
32
-0.028448
0
3DFACE
62
2
10
0.012935
20
0.010572
30
-0.028689
11
0.010700
21
0.012959
31
-0.028739
12
0.010317
22
0.012708
32
-0.028520
0
3DFACE
62
2
10
0.012935
20
0.010572
30
-0.028689
11
0.011322
21
0.013272
31
-0.029059
12
0.010700
22
0.012959
32
-0.028739
0
3DFACE
62
2
10
0.012682
20
0.007905
30
-0.027808
11
0.012482
21
0.008040
31
-0.027760
12
0.011606
22
0.005983
32
-0.026865
0
3DFACE
62
2
10
0.012837
20
0.007830
30
-0.027854
11
0.012682
21
0.007905
31
-0.027808
12
0.011606
22
0.005983
32
-0.026865
0
3DFACE
62
2
10
0.012989
20
0.007785
30
-0.027908
11
0.012837
21
0.007830
31
-0.027854
12
0.011606
22
0.005983
32
-0.026865
0
3DFACE
62
2
10
0.013143
20
0.013427
30
-0.029730
11
0.012814
21
0.013741
31
-0.029730
12
0.012054
22
0.013542
32
-0.029401
0
3DFACE
62
2
10
0.013375
20
0.011454
30
-0.029140
11
0.011322
21
0.013272
31
-0.029059
12
0.012935
22
0.010572
32
-0.028689
0
3DFACE
62
2
10
0.013375
20
0.011454
30
-0.029140
11
0.012054
21
0.013542
31
-0.029401
12
0.011322
22
0.013272
32
-0.029059
0
3DFACE
62
2
10
0.013084
20
0.007771
30
-0.027945
11
0.012989
21
0.007785
31
-0.027908
12
0.011606
22
0.005983
32
-0.026865
0
3DFACE
62
2
10
0.013464
20
0.013105
30
-0.029730
11
0.013143
21
0.013427
31
-0.029730
12
0.012054
22
0.013542
32
-0.029401
0
3DFACE
62
2
10
0.013464
20
0.013105
30
-0.029730
11
0.012054
21
0.013542
31
-0.029401
12
0.013375
22
0.011454
32
-0.029140
0
3DFACE
62
2
10
0.013778
20
0.012775
30
-0.029730
11
0.013464
21
0.013105
31
-0.029730
12
0.013375
22
0.011454
32
-0.029140
0
3DFACE
62
2
10
0.014439
20
0.004149
30
-0.027848
11
0.014497
21
0.004280
31
-0.027894
12
0.012469
22
0.003877
32
-0.026865
0
3DFACE
62
2
10
0.014549
20
0.004364
30
-0.027931
11
0.011606
21
0.005983
31
-0.026865
12
0.012469
22
0.003877
32
-0.026865
0
3DFACE
62
2
10
0.014549
20
0.004364
30
-0.027931
11
0.012469
21
0.003877
31
-0.026865
12
0.014497
22
0.004280
32
-0.027894
0
3DFACE
62
2
10
0.014609
20
0.004439
30
-0.027970
11
0.011606
21
0.005983
31
-0.026865
12
0.014549
22
0.004364
32
-0.027931
0
3DFACE
62
2
10
0.014398
20
0.004009
30
-0.027809
11
0.014439
21
0.004149
31
-0.027848
12
0.012469
22
0.003877
32
-0.026865
0
3DFACE
62
2
10
0.014376
20
0.003889
30
-0.027782
11
0.014398
21
0.004009
31
-0.027809
12
0.012469
22
0.003877
32
-0.026865
0
3DFACE
62
2
10
0.014362
20
0.003767
30
-0.027760
11
0.014376
21
0.003889
31
-0.027782
12
0.012469
22
0.003877
32
-0.026865
0
3DFACE
62
2
10
0.014544
20
0.002988
30
-0.027760
11
0.012469
21
0.003877
31
-0.026865
12
0.012953
22
0.001653
32
-0.026865
0
3DFACE
62
2
10
0.014544
20
0.002988
30
-0.027760
11
0.014362
21
0.003767
31
-0.027760
12
0.012469
22
0.003877
32
-0.026865
0
3DFACE
62
2
10
0.014681
20
0.002790
30
-0.027808
11
0.014544
21
0.002988
31
-0.027760
12
0.012953
22
0.001653
32
-0.026865
0
3DFACE
62
2
10
0.014799
20
0.002664
30
-0.027854
11
0.014681
21
0.002790
31
-0.027808
12
0.012953
22
0.001653
32
-0.026865
0
3DFACE
62
2
10
0.014924
20
0.002567
30
-0.027908
11
0.014799
21
0.002664
31
-0.027854
12
0.012953
22
0.001653
32
-0.026865
0
3DFACE
62
2
10
0.017106
20
0.007773
30
-0.029730
11
0.016913
21
0.008184
31
-0.029730
12
0.016132
22
0.008273
32
-0.029401
0
3DFACE
62
2
10
0.016609
20
0.005849
30
-0.029140
11
0.016132
21
0.008273
31
-0.029401
12
0.015352
22
0.008286
32
-0.029059
0
3DFACE
62
2
10
0.015008
20
0.002520
30
-0.027945
11
0.014924
21
0.002567
31
-0.027908
12
0.012953
22
0.001653
32
-0.026865
0
3DFACE
62
2
10
0.015104
20
0.002481
30
-0.027989
11
0.015008
21
0.002520
31
-0.027945
12
0.012953
22
0.001653
32
-0.026865
0
3DFACE
62
2
10
0.017289
20
0.007356
30
-0.029730
11
0.017106
21
0.007773
31
-0.029730
12
0.016132
22
0.008273
32
-0.029401
0
3DFACE
62
2
10
0.017289
20
0.007356
30
-0.029730
11
0.016132
21
0.008273
31
-0.029401
12
0.016609
22
0.005849
32
-0.029140
0
3DFACE
62
2
10
0.017462
20
0.006935
30
-0.029730
11
0.017289
21
0.007356
31
-0.029730
12
0.016609
22
0.005849
32
-0.029140
0
3DFACE
62
2
10
0.013043
20
-0.000622
30
-0.026865
11
0.015203
21
0.002454
31
-0.028036
12
0.015104
22
0.002481
32
-0.027989
0
3DFACE
62
2
10
0.013043
20
-0.000622
30
-0.026865
11
0.015337
21
0.002436
31
-0.028101
12
0.015203
22
0.002454
32
-0.028036
0
3DFACE
62
2
10
0.013043
20
-0.000622
30
-0.026865
11
0.015104
21
0.002481
31
-0.027989
12
0.012953
22
0.001653
32
-0.026865
0
3DFACE
62
2
10
0.016971
20
-0.000809
30
-0.028831
11
0.015337
21
0.002436
31
-0.028101
12
0.013043
22
-0.000622
32
-0.026865
0
3DFACE
62
2
10
0.016971
20
-0.000809
30
-0.028831
11
0.015539
21
0.002434
31
-0.028200
12
0.015337
22
0.002436
32
-0.028101
0
3DFACE
62
2
10
0.016971
20
-0.000809
30
-0.028831
11
0.016186
21
0.002440
31
-0.028520
12
0.015539
22
0.002434
32
-0.028200
0
3DFACE
62
2
10
0.016971
20
-0.000809
30
-0.028831
11
0.016638
21
0.002369
31
-0.028739
12
0.016186
22
0.002440
32
-0.028520
0
3DFACE
62
2
10
0.016971
20
-0.000809
30
-0.028831
11
0.017308
21
0.002180
31
-0.029059
12
0.016638
22
0.002369
32
-0.028739
0
3DFACE
62
2
10
0.018758
20
0.001068
30
-0.029730
11
0.018727
21
0.001522
31
-0.029730
12
0.018031
22
0.001887
32
-0.029401
0
3DFACE
62
2
10
0.017495
20
-0.000596
30
-0.029089
11
0.017308
21
0.002180
31
-0.029059
12
0.016971
22
-0.000809
32
-0.028831
0
3DFACE
62
2
10
0.018007
20
-0.000335
30
-0.029341
11
0.017308
21
0.002180
31
-0.029059
12
0.017495
22
-0.000596
32
-0.029089
0
3DFACE
62
2
10
0.018007
20
-0.000335
30
-0.029341
11
0.018031
21
0.001887
31
-0.029401
12
0.017308
22
0.002180
32
-0.029059
0
3DFACE
62
2
10
0.018779
20
0.000614
30
-0.029730
11
0.018758
21
0.001068
31
-0.029730
12
0.018031
22
0.001887
32
-0.029401
0
3DFACE
62
2
10
0.018779
20
0.000614
30
-0.029730
11
0.018031
21
0.001887
31
-0.029401
12
0.018007
22
-0.000335
32
-0.029341
0
3DFACE
62
2
10
0.018788
20
0.000159
30
-0.029730
11
0.018779
21
0.000614
31
-0.029730
12
0.018007
22
-0.000335
32
-0.029341
0
3DFACE
62
2
10
-0.013731
20
0.008063
30
-0.028298
11
-0.013708
21
0.009548
31
-0.028689
12
-0.014677
22
0.009730
32
-0.029140
0
3DFACE
62
2
10
-0.013731
20
0.008063
30
-0.028298
11
-0.013237
21
0.009380
31
-0.028448
12
-0.013708
22
0.009548
32
-0.028689
0
3DFACE
62
2
10
-0.013731
20
0.008063
30
-0.028298
11
-0.012792
21
0.009138
31
-0.028196
12
-0.013237
22
0.009380
32
-0.028448
0
3DFACE
62
2
10
-0.013731
20
0.008063
30
-0.028298
11
-0.012653
21
0.009068
31
-0.028120
12
-0.012792
22
0.009138
32
-0.028196
0
3DFACE
62
2
10
-0.013731
20
0.008063
30
-0.028298
11
-0.012532
21
0.009022
31
-0.028057
12
-0.012653
22
0.009068
32
-0.028120
0
3DFACE
62
2
10
-0.013731
20
0.008063
30
-0.028298
11
-0.012441
21
0.008997
31
-0.028013
12
-0.012532
22
0.009022
32
-0.028057
0
3DFACE
62
2
10
-0.013731
20
0.008063
30
-0.028298
11
-0.012346
21
0.008983
31
-0.027970
12
-0.012441
22
0.008997
32
-0.028013
0
3DFACE
62
2
10
-0.013731
20
0.008063
30
-0.028298
11
-0.014087
21
0.005758
31
-0.027945
12
-0.010985
22
0.007060
32
-0.026865
0
3DFACE
62
2
10
-0.013731
20
0.008063
30
-0.028298
11
-0.014148
21
0.005842
31
-0.027989
12
-0.014087
22
0.005758
32
-0.027945
0
3DFACE
62
2
10
-0.013731
20
0.008063
30
-0.028298
11
-0.014218
21
0.005917
31
-0.028036
12
-0.014148
22
0.005842
32
-0.027989
0
3DFACE
62
2
10
-0.013731
20
0.008063
30
-0.028298
11
-0.014322
21
0.006003
31
-0.028101
12
-0.014218
22
0.005917
32
-0.028036
0
3DFACE
62
2
10
-0.013731
20
0.008063
30
-0.028298
11
-0.014493
21
0.006111
31
-0.028200
12
-0.014322
22
0.006003
32
-0.028101
0
3DFACE
62
2
10
-0.013731
20
0.008063
30
-0.028298
11
-0.015046
21
0.006446
31
-0.028520
12
-0.014493
22
0.006111
32
-0.028200
0
3DFACE
62
2
10
-0.013731
20
0.008063
30
-0.028298
11
-0.015393
21
0.006745
31
-0.028739
12
-0.015046
22
0.006446
32
-0.028520
0
3DFACE
62
2
10
-0.013731
20
0.008063
30
-0.028298
11
-0.015864
21
0.007258
31
-0.029059
12
-0.015393
22
0.006745
32
-0.028739
0
3DFACE
62
2
10
-0.013731
20
0.008063
30
-0.028298
11
-0.010985
21
0.007060
31
-0.026865
12
-0.012346
22
0.008983
32
-0.027970
0
3DFACE
62
2
10
-0.013731
20
0.008063
30
-0.028298
11
-0.014677
21
0.009730
31
-0.029140
12
-0.015864
22
0.007258
32
-0.029059
0
3DFACE
62
2
10
-0.004931
20
0.015141
30
-0.028298
11
-0.004291
21
0.017078
31
-0.029140
12
-0.006834
22
0.016051
32
-0.029059
0
3DFACE
62
2
10
-0.004931
20
0.015141
30
-0.028298
11
-0.006531
21
0.013745
31
-0.027945
12
-0.003877
22
0.012469
32
-0.026865
0
3DFACE
62
2
10
-0.004931
20
0.015141
30
-0.028298
11
-0.003698
21
0.016291
31
-0.028689
12
-0.004291
22
0.017078
32
-0.029140
0
3DFACE
62
2
10
-0.004931
20
0.015141
30
-0.028298
11
-0.003463
21
0.015849
31
-0.028448
12
-0.003698
22
0.016291
32
-0.028689
0
3DFACE
62
2
10
-0.004931
20
0.015141
30
-0.028298
11
-0.003297
21
0.015371
31
-0.028196
12
-0.003463
22
0.015849
32
-0.028448
0
3DFACE
62
2
10
-0.004931
20
0.015141
30
-0.028298
11
-0.003242
21
0.015226
31
-0.028120
12
-0.003297
22
0.015371
32
-0.028196
0
3DFACE
62
2
10
-0.004931
20
0.015141
30
-0.028298
11
-0.003184
21
0.015110
31
-0.028057
12
-0.003242
22
0.015226
32
-0.028120
0
3DFACE
62
2
10
-0.004931
20
0.015141
30
-0.028298
11
-0.003132
21
0.015030
31
-0.028013
12
-0.003184
22
0.015110
32
-0.028057
0
3DFACE
62
2
10
-0.004931
20
0.015141
30
-0.028298
11
-0.003072
21
0.014956
31
-0.027970
12
-0.003132
22
0.015030
32
-0.028013
0
3DFACE
62
2
10
-0.004931
20
0.015141
30
-0.028298
11
-0.006520
21
0.013849
31
-0.027989
12
-0.006531
22
0.013745
32
-0.027945
0
3DFACE
62
2
10
-0.004931
20
0.015141
30
-0.028298
11
-0.006521
21
0.013951
31
-0.028036
12
-0.006520
22
0.013849
32
-0.027989
0
3DFACE
62
2
10
-0.004931
20
0.015141
30
-0.028298
11
-0.006540
21
0.014085
31
-0.028101
12
-0.006521
22
0.013951
32
-0.028036
0
3DFACE
62
2
10
-0.004931
20
0.015141
30
-0.028298
11
-0.006594
21
0.014280
31
-0.028200
12
-0.006540
22
0.014085
32
-0.028101
0
3DFACE
62
2
10
-0.004931
20
0.015141
30
-0.028298
11
-0.006776
21
0.014900
31
-0.028520
12
-0.006594
22
0.014280
32
-0.028200
0
3DFACE
62
2
10
-0.004931
20
0.015141
30
-0.028298
11
-0.006831
21
0.015355
31
-0.028739
12
-0.006776
22
0.014900
32
-0.028520
0
3DFACE
62
2
10
-0.004931
20
0.015141
30
-0.028298
11
-0.006834
21
0.016051
31
-0.029059
12
-0.006831
22
0.015355
32
-0.028739
0
3DFACE
62
2
10
-0.004931
20
0.015141
30
-0.028298
11
-0.003877
21
0.012469
31
-0.026865
12
-0.003072
22
0.014956
32
-0.027970
0
3DFACE
62
2
10
0.006349
20
0.014603
30
-0.028298
11
0.008242
21
0.014531
31
-0.028689
12
0.008334
22
0.015512
32
-0.029140
0
3DFACE
62
2
10
0.006349
20
0.014603
30
-0.028298
11
0.008118
21
0.014046
31
-0.028448
12
0.008242
22
0.014531
32
-0.028689
0
3DFACE
62
2
10
0.006349
20
0.014603
30
-0.028298
11
0.007919
21
0.013581
31
-0.028196
12
0.008118
22
0.014046
32
-0.028448
0
3DFACE
62
2
10
0.006349
20
0.014603
30
-0.028298
11
0.007862
21
0.013436
31
-0.028120
12
0.007919
22
0.013581
32
-0.028196
0
3DFACE
62
2
10
0.006349
20
0.014603
30
-0.028298
11
0.007827
21
0.013311
31
-0.028057
12
0.007862
22
0.013436
32
-0.028120
0
3DFACE
62
2
10
0.006349
20
0.014603
30
-0.028298
11
0.007811
21
0.013218
31
-0.028013
12
0.007827
22
0.013311
32
-0.028057
0
3DFACE
62
2
10
0.006349
20
0.014603
30
-0.028298
11
0.007806
21
0.013123
31
-0.027970
12
0.007811
22
0.013218
32
-0.028013
0
3DFACE
62
2
10
0.006349
20
0.014603
30
-0.028298
11
0.005045
21
0.012044
31
-0.026865
12
0.007806
22
0.013123
32
-0.027970
0
3DFACE
62
2
10
0.006349
20
0.014603
30
-0.028298
11
0.004512
21
0.014627
31
-0.027989
12
0.004434
22
0.014558
32
-0.027945
0
3DFACE
62
2
10
0.006349
20
0.014603
30
-0.028298
11
0.004580
21
0.014703
31
-0.028036
12
0.004512
22
0.014627
32
-0.027989
0
3DFACE
62
2
10
0.006349
20
0.014603
30
-0.028298
11
0.004655
21
0.014815
31
-0.028101
12
0.004580
22
0.014703
32
-0.028036
0
3DFACE
62
2
10
0.006349
20
0.014603
30
-0.028298
11
0.004747
21
0.014995
31
-0.028200
12
0.004655
22
0.014815
32
-0.028101
0
3DFACE
62
2
10
0.006349
20
0.014603
30
-0.028298
11
0.005030
21
0.015576
31
-0.028520
12
0.004747
22
0.014995
32
-0.028200
0
3DFACE
62
2
10
0.006349
20
0.014603
30
-0.028298
11
0.005296
21
0.015949
31
-0.028739
12
0.005030
22
0.015576
32
-0.028520
0
3DFACE
62
2
10
0.006349
20
0.014603
30
-0.028298
11
0.005763
21
0.016466
31
-0.029059
12
0.005296
22
0.015949
32
-0.028739
0
3DFACE
62
2
10
0.006349
20
0.014603
30
-0.028298
11
0.008334
21
0.015512
31
-0.029140
12
0.005763
22
0.016466
32
-0.029059
0
3DFACE
62
2
10
0.006349
20
0.014603
30
-0.028298
11
0.004434
21
0.014558
31
-0.027945
12
0.005045
22
0.012044
32
-0.026865
0
3DFACE
62
2
10
0.014436
20
0.006720
30
-0.028298
11
0.013084
21
0.007771
31
-0.027945
12
0.011606
22
0.005983
32
-0.026865
0
3DFACE
62
2
10
0.014436
20
0.006720
30
-0.028298
11
0.015880
21
0.005186
31
-0.028689
12
0.016609
22
0.005849
32
-0.029140
0
3DFACE
62
2
10
0.014436
20
0.006720
30
-0.028298
11
0.015462
21
0.004911
31
-0.028448
12
0.015880
22
0.005186
32
-0.028689
0
3DFACE
62
2
10
0.014436
20
0.006720
30
-0.028298
11
0.015001
21
0.004701
31
-0.028196
12
0.015462
22
0.004911
32
-0.028448
0
3DFACE
62
2
10
0.014436
20
0.006720
30
-0.028298
11
0.014862
21
0.004633
31
-0.028120
12
0.015001
22
0.004701
32
-0.028196
0
3DFACE
62
2
10
0.014436
20
0.006720
30
-0.028298
11
0.014752
21
0.004564
31
-0.028057
12
0.014862
22
0.004633
32
-0.028120
0
3DFACE
62
2
10
0.014436
20
0.006720
30
-0.028298
11
0.014677
21
0.004506
31
-0.028013
12
0.014752
22
0.004564
32
-0.028057
0
3DFACE
62
2
10
0.014436
20
0.006720
30
-0.028298
11
0.014609
21
0.004439
31
-0.027970
12
0.014677
22
0.004506
32
-0.028013
0
3DFACE
62
2
10
0.014436
20
0.006720
30
-0.028298
11
0.011606
21
0.005983
31
-0.026865
12
0.014609
22
0.004439
32
-0.027970
0
3DFACE
62
2
10
0.014436
20
0.006720
30
-0.028298
11
0.013188
21
0.007770
31
-0.027989
12
0.013084
22
0.007771
32
-0.027945
0
3DFACE
62
2
10
0.014436
20
0.006720
30
-0.028298
11
0.013290
21
0.007781
31
-0.028036
12
0.013188
22
0.007770
32
-0.027989
0
3DFACE
62
2
10
0.014436
20
0.006720
30
-0.028298
11
0.013421
21
0.007812
31
-0.028101
12
0.013290
22
0.007781
32
-0.028036
0
3DFACE
62
2
10
0.014436
20
0.006720
30
-0.028298
11
0.013611
21
0.007883
31
-0.028200
12
0.013421
22
0.007812
32
-0.028101
0
3DFACE
62
2
10
0.014436
20
0.006720
30
-0.028298
11
0.014211
21
0.008122
31
-0.028520
12
0.013611
22
0.007883
32
-0.028200
0
3DFACE
62
2
10
0.014436
20
0.006720
30
-0.028298
11
0.014659
21
0.008219
31
-0.028739
12
0.014211
22
0.008122
32
-0.028520
0
3DFACE
62
2
10
0.014436
20
0.006720
30
-0.028298
11
0.015352
21
0.008286
31
-0.029059
12
0.014659
22
0.008219
32
-0.028739
0
3DFACE
62
2
10
0.014436
20
0.006720
30
-0.028298
11
0.016609
21
0.005849
31
-0.029140
12
0.015352
22
0.008286
32
-0.029059
0
3DFACE
62
2
10
0.002344
20
-0.018642
30
-0.029730
11
0.001892
21
-0.018693
31
-0.029730
12
0.001324
22
-0.013085
32
-0.039662
0
3DFACE
62
2
10
0.002344
20
-0.018642
30
-0.029730
11
0.001641
21
-0.013049
31
-0.039662
12
0.001956
22
-0.013006
32
-0.039662
0
3DFACE
62
2
10
0.002344
20
-0.018642
30
-0.029730
11
0.001324
21
-0.013085
31
-0.039662
12
0.001641
22
-0.013049
32
-0.039662
0
3DFACE
62
2
10
0.002795
20
-0.018580
30
-0.029730
11
0.001956
21
-0.013006
31
-0.039662
12
0.002271
22
-0.012955
32
-0.039662
0
3DFACE
62
2
10
0.002795
20
-0.018580
30
-0.029730
11
0.002344
21
-0.018642
31
-0.029730
12
0.001956
22
-0.013006
32
-0.039662
0
3DFACE
62
2
10
0.003244
20
-0.018507
30
-0.029730
11
0.002795
21
-0.018580
31
-0.029730
12
0.002271
22
-0.012955
32
-0.039662
0
3DFACE
62
2
10
0.001958
20
-0.010211
30
-0.038285
11
0.002698
21
-0.010658
31
-0.038583
12
0.002689
22
-0.010479
32
-0.038495
0
3DFACE
62
2
10
0.001958
20
-0.010211
30
-0.038285
11
0.002689
21
-0.010479
31
-0.038495
12
0.002704
22
-0.010370
32
-0.038444
0
3DFACE
62
2
10
0.001958
20
-0.010211
30
-0.038285
11
0.002704
21
-0.010370
31
-0.038444
12
0.002723
22
-0.010306
32
-0.038416
0
3DFACE
62
2
10
0.001958
20
-0.010211
30
-0.038285
11
0.002723
21
-0.010306
31
-0.038416
12
0.002750
22
-0.010243
32
-0.038389
0
3DFACE
62
2
10
0.001958
20
-0.010211
30
-0.038285
11
0.002750
21
-0.010243
31
-0.038389
12
0.002806
22
-0.010152
32
-0.038352
0
3DFACE
62
2
10
0.001958
20
-0.010211
30
-0.038285
11
0.002806
21
-0.010152
31
-0.038352
12
0.002879
22
-0.010067
32
-0.038321
0
3DFACE
62
2
10
0.001958
20
-0.010211
30
-0.038285
11
0.002879
21
-0.010067
31
-0.038321
12
0.002944
22
-0.010007
32
-0.038301
0
3DFACE
62
2
10
0.001958
20
-0.010211
30
-0.038285
11
0.002944
21
-0.010007
31
-0.038301
12
0.003013
22
-0.009951
32
-0.038285
0
3DFACE
62
2
10
0.002745
20
-0.011047
30
-0.038777
11
0.002698
21
-0.010658
31
-0.038583
12
0.001958
22
-0.010211
32
-0.038285
0
3DFACE
62
2
10
0.002727
20
-0.011435
30
-0.038964
11
0.002745
21
-0.011047
31
-0.038777
12
0.001958
22
-0.010211
32
-0.038285
0
3DFACE
62
2
10
0.000882
20
-0.010360
30
-0.038285
11
0.002727
21
-0.011435
31
-0.038964
12
0.001958
22
-0.010211
32
-0.038285
0
3DFACE
62
2
10
0.000064
20
-0.010544
30
-0.038358
11
0.000115
21
-0.010591
31
-0.038382
12
0.000882
22
-0.010360
32
-0.038285
0
3DFACE
62
2
10
0.000160
20
-0.010642
30
-0.038408
11
0.000882
21
-0.010360
31
-0.038285
12
0.000115
22
-0.010591
32
-0.038382
0
3DFACE
62
2
10
0.000199
20
-0.010702
30
-0.038438
11
0.000882
21
-0.010360
31
-0.038285
12
0.000160
22
-0.010642
32
-0.038408
0
3DFACE
62
2
10
-0.000042
20
-0.010471
30
-0.038322
11
0.000064
21
-0.010544
31
-0.038358
12
0.000882
22
-0.010360
32
-0.038285
0
3DFACE
62
2
10
0.000231
20
-0.010765
30
-0.038470
11
0.000882
21
-0.010360
31
-0.038285
12
0.000199
22
-0.010702
32
-0.038438
0
3DFACE
62
2
10
0.000255
20
-0.010831
30
-0.038503
11
0.000882
21
-0.010360
31
-0.038285
12
0.000231
22
-0.010765
32
-0.038470
0
3DFACE
62
2
10
-0.000204
20
-0.010395
30
-0.038285
11
-0.000042
21
-0.010471
31
-0.038322
12
0.000882
22
-0.010360
32
-0.038285
0
3DFACE
62
2
10
0.000383
20
-0.011494
30
-0.038836
11
0.002727
21
-0.011435
31
-0.038964
12
0.000882
22
-0.010360
32
-0.038285
0
3DFACE
62
2
10
0.000383
20
-0.011494
30
-0.038836
11
0.000882
21
-0.010360
31
-0.038285
12
0.000255
22
-0.010831
32
-0.038503
0
3DFACE
62
2
10
0.000515
20
-0.011843
30
-0.039013
11
0.002631
21
-0.011950
31
-0.039204
12
0.002727
22
-0.011435
32
-0.038964
0
3DFACE
62
2
10
0.000515
20
-0.011843
30
-0.039013
11
0.002727
21
-0.011435
31
-0.038964
12
0.000383
22
-0.011494
32
-0.038836
0
3DFACE
62
2
10
0.001956
20
-0.013006
30
-0.039662
11
0.002271
21
-0.012955
31
-0.039662
12
0.002631
22
-0.011950
32
-0.039204
0
3DFACE
62
2
10
0.000700
20
-0.012207
30
-0.039199
11
0.002631
21
-0.011950
31
-0.039204
12
0.000515
22
-0.011843
32
-0.039013
0
3DFACE
62
2
10
0.000990
20
-0.012659
30
-0.039435
11
0.001641
21
-0.013049
31
-0.039662
12
0.001956
22
-0.013006
32
-0.039662
0
3DFACE
62
2
10
0.000990
20
-0.012659
30
-0.039435
11
0.001956
21
-0.013006
31
-0.039662
12
0.002631
22
-0.011950
32
-0.039204
0
3DFACE
62
2
10
0.000990
20
-0.012659
30
-0.039435
11
0.002631
21
-0.011950
31
-0.039204
12
0.000700
22
-0.012207
32
-0.039199
0
3DFACE
62
2
10
0.001324
20
-0.013085
30
-0.039662
11
0.001641
21
-0.013049
31
-0.039662
12
0.000990
22
-0.012659
32
-0.039435
0
3DFACE
62
2
10
-0.007804
20
0.006863
30
-0.038285
11
-0.007800
21
0.006875
31
-0.038285
12
-0.007040
22
0.007651
32
-0.038285
0
3DFACE
62
2
10
-0.005287
20
0.008947
30
-0.038285
11
-0.006204
21
0.008344
31
-0.038285
12
-0.005299
22
0.008946
32
-0.038285
0
3DFACE
62
2
10
-0.008799
20
0.005539
30
-0.038285
11
-0.008173
21
0.006427
31
-0.038285
12
-0.008162
22
0.006433
32
-0.038285
0
3DFACE
62
2
10
-0.003801
20
0.009678
30
-0.038285
11
-0.004798
21
0.009219
31
-0.038285
12
-0.004790
22
0.009228
32
-0.038285
0
3DFACE
62
2
10
-0.009756
20
0.003581
30
-0.038285
11
-0.009757
21
0.003593
31
-0.038285
12
-0.009329
22
0.004591
32
-0.038285
0
3DFACE
62
2
10
-0.001698
20
0.010253
30
-0.038285
11
-0.002770
21
0.010021
31
-0.038285
12
-0.001710
22
0.010256
32
-0.038285
0
3DFACE
62
2
10
-0.010206
20
0.001987
30
-0.038285
11
-0.009943
21
0.003041
31
-0.038285
12
-0.009935
22
0.003050
32
-0.038285
0
3DFACE
62
2
10
-0.000048
20
0.010397
30
-0.038285
11
-0.001144
21
0.010329
31
-0.038285
12
-0.001133
22
0.010335
32
-0.038285
0
3DFACE
62
2
10
-0.010391
20
-0.000186
30
-0.038285
11
-0.010396
21
-0.000174
31
-0.038285
12
-0.010357
22
0.000911
32
-0.038285
0
3DFACE
62
2
10
0.002121
20
0.010174
30
-0.038285
11
0.001037
21
0.010346
31
-0.038285
12
0.002110
22
0.010181
32
-0.038285
0
3DFACE
62
2
10
-0.010234
20
-0.001834
30
-0.038285
11
-0.010370
21
-0.000756
31
-0.038285
12
-0.010366
22
-0.000745
32
-0.038285
0
3DFACE
62
2
10
0.003711
20
0.009713
30
-0.038285
11
0.002665
21
0.010045
31
-0.038285
12
0.002677
22
0.010047
32
-0.038285
0
3DFACE
62
2
10
-0.009622
20
-0.003927
30
-0.038285
11
-0.009631
21
-0.003918
31
-0.038285
12
-0.009987
22
-0.002892
32
-0.038285
0
3DFACE
62
2
10
0.005653
20
0.008721
30
-0.038285
11
0.004704
21
0.009272
31
-0.038285
12
0.005646
22
0.008731
32
-0.038285
0
3DFACE
62
2
10
-0.008881
20
-0.005407
30
-0.038285
11
-0.009396
21
-0.004451
31
-0.038285
12
-0.009397
22
-0.004439
32
-0.038285
0
3DFACE
62
2
10
-0.000917
20
0.001169
30
-0.038285
11
-0.007040
21
0.007651
31
-0.038285
12
-0.006204
22
0.008344
32
-0.038285
0
3DFACE
62
2
10
-0.000917
20
0.001169
30
-0.038285
11
-0.006204
21
0.008344
31
-0.038285
12
-0.005287
22
0.008947
32
-0.038285
0
3DFACE
62
2
10
-0.001103
20
0.000995
30
-0.038285
11
-0.008162
21
0.006433
31
-0.038285
12
-0.007804
22
0.006863
32
-0.038285
0
3DFACE
62
2
10
-0.001103
20
0.000995
30
-0.038285
11
-0.007804
21
0.006863
31
-0.038285
12
-0.007040
22
0.007651
32
-0.038285
0
3DFACE
62
2
10
-0.001103
20
0.000995
30
-0.038285
11
-0.007040
21
0.007651
31
-0.038285
12
-0.000917
22
0.001169
32
-0.038285
0
3DFACE
62
2
10
-0.000704
20
0.001308
30
-0.038285
11
-0.005287
21
0.008947
31
-0.038285
12
-0.004798
22
0.009219
32
-0.038285
0
3DFACE
62
2
10
-0.000704
20
0.001308
30
-0.038285
11
-0.004798
21
0.009219
31
-0.038285
12
-0.003801
22
0.009678
32
-0.038285
0
3DFACE
62
2
10
-0.000704
20
0.001308
30
-0.038285
11
-0.000917
21
0.001169
31
-0.038285
12
-0.005287
22
0.008947
32
-0.038285
0
3DFACE
62
2
10
-0.001257
20
0.000792
30
-0.038285
11
-0.009329
21
0.004591
31
-0.038285
12
-0.008799
22
0.005539
32
-0.038285
0
3DFACE
62
2
10
-0.001257
20
0.000792
30
-0.038285
11
-0.008799
21
0.005539
31
-0.038285
12
-0.008162
22
0.006433
32
-0.038285
0
3DFACE
62
2
10
-0.001257
20
0.000792
30
-0.038285
11
-0.008162
21
0.006433
31
-0.038285
12
-0.001103
22
0.000995
32
-0.038285
0
3DFACE
62
2
10
-0.000470
20
0.001409
30
-0.038285
11
-0.003801
21
0.009678
31
-0.038285
12
-0.002770
22
0.010021
32
-0.038285
0
3DFACE
62
2
10
-0.000470
20
0.001409
30
-0.038285
11
-0.000704
21
0.001308
31
-0.038285
12
-0.003801
22
0.009678
32
-0.038285
0
3DFACE
62
2
10
-0.001373
20
0.000566
30
-0.038285
11
-0.009935
21
0.003050
31
-0.038285
12
-0.009756
22
0.003581
32
-0.038285
0
3DFACE
62
2
10
-0.001373
20
0.000566
30
-0.038285
11
-0.009756
21
0.003581
31
-0.038285
12
-0.009329
22
0.004591
32
-0.038285
0
3DFACE
62
2
10
-0.001373
20
0.000566
30
-0.038285
11
-0.009329
21
0.004591
31
-0.038285
12
-0.001257
22
0.000792
32
-0.038285
0
3DFACE
62
2
10
-0.000223
20
0.001469
30
-0.038285
11
-0.001698
21
0.010253
31
-0.038285
12
-0.001144
22
0.010329
32
-0.038285
0
3DFACE
62
2
10
-0.000223
20
0.001469
30
-0.038285
11
-0.000470
21
0.001409
31
-0.038285
12
-0.002770
22
0.010021
32
-0.038285
0
3DFACE
62
2
10
-0.000223
20
0.001469
30
-0.038285
11
-0.002770
21
0.010021
31
-0.038285
12
-0.001698
22
0.010253
32
-0.038285
0
3DFACE
62
2
10
-0.001450
20
0.000323
30
-0.038285
11
-0.009935
21
0.003050
31
-0.038285
12
-0.001373
22
0.000566
32
-0.038285
0
3DFACE
62
2
10
-0.001450
20
0.000323
30
-0.038285
11
-0.010357
21
0.000911
31
-0.038285
12
-0.010206
22
0.001987
32
-0.038285
0
3DFACE
62
2
10
-0.001450
20
0.000323
30
-0.038285
11
-0.010206
21
0.001987
31
-0.038285
12
-0.009935
22
0.003050
32
-0.038285
0
3DFACE
62
2
10
0.000031
20
0.001485
30
-0.038285
11
-0.000048
21
0.010397
31
-0.038285
12
0.001037
22
0.010346
32
-0.038285
0
3DFACE
62
2
10
0.000031
20
0.001485
30
-0.038285
11
-0.000223
21
0.001469
31
-0.038285
12
-0.001144
22
0.010329
32
-0.038285
0
3DFACE
62
2
10
0.000031
20
0.001485
30
-0.038285
11
-0.001144
21
0.010329
31
-0.038285
12
-0.000048
22
0.010397
32
-0.038285
0
3DFACE
62
2
10
-0.001484
20
0.000071
30
-0.038285
11
-0.010391
21
-0.000186
31
-0.038285
12
-0.010357
22
0.000911
32
-0.038285
0
3DFACE
62
2
10
-0.001484
20
0.000071
30
-0.038285
11
-0.010357
21
0.000911
31
-0.038285
12
-0.001450
22
0.000323
32
-0.038285
0
3DFACE
62
2
10
0.006969
20
0.007716
30
-0.038285
11
0.006114
21
0.008404
31
-0.038285
12
0.006126
22
0.008401
32
-0.038285
0
3DFACE
62
2
10
0.000284
20
0.001458
30
-0.038285
11
0.001037
21
0.010346
31
-0.038285
12
0.002121
22
0.010174
32
-0.038285
0
3DFACE
62
2
10
0.000284
20
0.001458
30
-0.038285
11
0.002121
21
0.010174
31
-0.038285
12
0.002665
22
0.010045
32
-0.038285
0
3DFACE
62
2
10
0.000284
20
0.001458
30
-0.038285
11
0.000031
21
0.001485
31
-0.038285
12
0.001037
22
0.010346
32
-0.038285
0
3DFACE
62
2
10
-0.001474
20
-0.000184
30
-0.038285
11
-0.010234
21
-0.001834
31
-0.038285
12
-0.010366
22
-0.000745
32
-0.038285
0
3DFACE
62
2
10
-0.001474
20
-0.000184
30
-0.038285
11
-0.010366
21
-0.000745
31
-0.038285
12
-0.010391
22
-0.000186
32
-0.038285
0
3DFACE
62
2
10
-0.001474
20
-0.000184
30
-0.038285
11
-0.010391
21
-0.000186
31
-0.038285
12
-0.001484
22
0.000071
32
-0.038285
0
3DFACE
62
2
10
0.000529
20
0.001388
30
-0.038285
11
0.002665
21
0.010045
31
-0.038285
12
0.003711
22
0.009713
32
-0.038285
0
3DFACE
62
2
10
0.000529
20
0.001388
30
-0.038285
11
0.003711
21
0.009713
31
-0.038285
12
0.004704
22
0.009272
32
-0.038285
0
3DFACE
62
2
10
0.000529
20
0.001388
30
-0.038285
11
0.000284
21
0.001458
31
-0.038285
12
0.002665
22
0.010045
32
-0.038285
0
3DFACE
62
2
10
-0.001421
20
-0.000433
30
-0.038285
11
-0.009622
21
-0.003927
31
-0.038285
12
-0.009987
22
-0.002892
32
-0.038285
0
3DFACE
62
2
10
-0.001421
20
-0.000433
30
-0.038285
11
-0.009987
21
-0.002892
31
-0.038285
12
-0.010234
22
-0.001834
32
-0.038285
0
3DFACE
62
2
10
-0.001421
20
-0.000433
30
-0.038285
11
-0.010234
21
-0.001834
31
-0.038285
12
-0.001474
22
-0.000184
32
-0.038285
0
3DFACE
62
2
10
0.000758
20
0.001277
30
-0.038285
11
0.004704
21
0.009272
31
-0.038285
12
0.005653
22
0.008721
32
-0.038285
0
3DFACE
62
2
10
0.000758
20
0.001277
30
-0.038285
11
0.000529
21
0.001388
31
-0.038285
12
0.004704
22
0.009272
32
-0.038285
0
3DFACE
62
2
10
0.000758
20
0.001277
30
-0.038285
11
0.005653
21
0.008721
31
-0.038285
12
0.006114
22
0.008404
32
-0.038285
0
3DFACE
62
2
10
-0.001326
20
-0.000669
30
-0.038285
11
-0.009397
21
-0.004439
31
-0.038285
12
-0.009622
22
-0.003927
32
-0.038285
0
3DFACE
62
2
10
-0.001326
20
-0.000669
30
-0.038285
11
-0.008881
21
-0.005407
31
-0.038285
12
-0.009397
22
-0.004439
32
-0.038285
0
3DFACE
62
2
10
-0.001326
20
-0.000669
30
-0.038285
11
-0.009622
21
-0.003927
31
-0.038285
12
-0.001421
22
-0.000433
32
-0.038285
0
3DFACE
62
2
10
0.000965
20
0.001129
30
-0.038285
11
0.006114
21
0.008404
31
-0.038285
12
0.006969
22
0.007716
32
-0.038285
0
3DFACE
62
2
10
0.000965
20
0.001129
30
-0.038285
11
0.000758
21
0.001277
31
-0.038285
12
0.006114
22
0.008404
32
-0.038285
0
3DFACE
62
2
10
-0.001193
20
-0.000885
30
-0.038285
11
-0.008268
21
-0.006304
31
-0.038285
12
-0.008881
22
-0.005407
32
-0.038285
0
3DFACE
62
2
10
-0.001193
20
-0.000885
30
-0.038285
11
-0.008881
21
-0.005407
31
-0.038285
12
-0.001326
22
-0.000669
32
-0.038285
0
3DFACE
62
2
10
0.007736
20
0.006947
30
-0.038285
11
0.000965
21
0.001129
31
-0.038285
12
0.006969
22
0.007716
32
-0.038285
0
3DFACE
62
2
10
0.001144
20
0.000948
30
-0.038285
11
0.000965
21
0.001129
31
-0.038285
12
0.007736
22
0.006947
32
-0.038285
0
3DFACE
62
2
10
-0.007554
20
-0.007137
30
-0.038285
11
-0.007565
21
-0.007133
31
-0.038285
12
-0.008268
22
-0.006304
32
-0.038285
0
3DFACE
62
2
10
-0.007554
20
-0.007137
30
-0.038285
11
-0.001193
21
-0.000885
31
-0.038285
12
-0.001024
22
-0.001076
32
-0.038285
0
3DFACE
62
2
10
-0.007554
20
-0.007137
30
-0.038285
11
-0.008268
21
-0.006304
31
-0.038285
12
-0.001193
22
-0.000885
32
-0.038285
0
3DFACE
62
2
10
-0.007159
20
-0.007534
30
-0.038285
11
-0.007554
21
-0.007137
31
-0.038285
12
-0.001024
22
-0.001076
32
-0.038285
0
3DFACE
62
2
10
0.001548
20
0.000006
30
-0.038285
11
0.001462
21
0.000262
31
-0.038285
12
0.001396
22
0.000508
32
-0.038285
0
3DFACE
62
2
10
0.001548
20
0.000006
30
-0.038285
11
0.001485
21
0.000009
31
-0.038285
12
0.001462
22
0.000262
32
-0.038285
0
3DFACE
62
2
10
0.008421
20
0.006090
30
-0.038285
11
0.001289
21
0.000739
31
-0.038285
12
0.001144
22
0.000948
32
-0.038285
0
3DFACE
62
2
10
0.008421
20
0.006090
30
-0.038285
11
0.007736
21
0.006947
31
-0.038285
12
0.008419
22
0.006102
32
-0.038285
0
3DFACE
62
2
10
0.008421
20
0.006090
30
-0.038285
11
0.001144
21
0.000948
31
-0.038285
12
0.007736
22
0.006947
32
-0.038285
0
3DFACE
62
2
10
0.001430
20
-0.000400
30
-0.038285
11
0.001478
21
-0.000150
31
-0.038285
12
0.001541
22
-0.000153
32
-0.038285
0
3DFACE
62
2
10
0.001341
20
-0.000638
30
-0.038285
11
0.001430
21
-0.000400
31
-0.038285
12
0.001541
22
-0.000153
32
-0.038285
0
3DFACE
62
2
10
0.008737
20
0.005628
30
-0.038285
11
0.001289
21
0.000739
31
-0.038285
12
0.008421
22
0.006090
32
-0.038285
0
3DFACE
62
2
10
-0.006328
20
-0.008250
30
-0.038285
11
-0.007154
21
-0.007545
31
-0.038285
12
-0.007159
22
-0.007534
32
-0.038285
0
3DFACE
62
2
10
-0.006328
20
-0.008250
30
-0.038285
11
-0.001024
21
-0.001076
31
-0.038285
12
-0.000825
22
-0.001235
32
-0.038285
0
3DFACE
62
2
10
-0.006328
20
-0.008250
30
-0.038285
11
-0.007159
21
-0.007534
31
-0.038285
12
-0.001024
22
-0.001076
32
-0.038285
0
3DFACE
62
2
10
0.009286
20
0.004678
30
-0.038285
11
0.001396
21
0.000508
31
-0.038285
12
0.001289
22
0.000739
32
-0.038285
0
3DFACE
62
2
10
0.009286
20
0.004678
30
-0.038285
11
0.008737
21
0.005628
31
-0.038285
12
0.008747
22
0.005621
32
-0.038285
0
3DFACE
62
2
10
0.009286
20
0.004678
30
-0.038285
11
0.001289
21
0.000739
31
-0.038285
12
0.008737
22
0.005628
32
-0.038285
0
3DFACE
62
2
10
-0.005432
20
-0.008865
30
-0.038285
11
-0.000825
21
-0.001235
31
-0.038285
12
-0.000602
22
-0.001358
32
-0.038285
0
3DFACE
62
2
10
-0.005432
20
-0.008865
30
-0.038285
11
-0.006328
21
-0.008250
31
-0.038285
12
-0.000825
22
-0.001235
32
-0.038285
0
3DFACE
62
2
10
0.009723
20
0.003683
30
-0.038285
11
0.001396
21
0.000508
31
-0.038285
12
0.009286
22
0.004678
32
-0.038285
0
3DFACE
62
2
10
-0.004465
20
-0.009384
30
-0.038285
11
-0.004478
21
-0.009384
31
-0.038285
12
-0.005432
22
-0.008865
32
-0.038285
0
3DFACE
62
2
10
-0.004465
20
-0.009384
30
-0.038285
11
-0.005432
21
-0.008865
31
-0.038285
12
-0.000602
22
-0.001358
32
-0.038285
0
3DFACE
62
2
10
-0.003954
20
-0.009611
30
-0.038285
11
-0.004465
21
-0.009384
31
-0.038285
12
-0.000602
22
-0.001358
32
-0.038285
0
3DFACE
62
2
10
0.010052
20
0.002637
30
-0.038285
11
0.001548
21
0.000006
31
-0.038285
12
0.001396
22
0.000508
32
-0.038285
0
3DFACE
62
2
10
0.010052
20
0.002637
30
-0.038285
11
0.001396
21
0.000508
31
-0.038285
12
0.009723
22
0.003683
32
-0.038285
0
3DFACE
62
2
10
0.010052
20
0.002637
30
-0.038285
11
0.009723
21
0.003683
31
-0.038285
12
0.010054
22
0.002649
32
-0.038285
0
3DFACE
62
2
10
0.010180
20
0.002092
30
-0.038285
11
0.001548
21
0.000006
31
-0.038285
12
0.010052
22
0.002637
32
-0.038285
0
3DFACE
62
2
10
-0.002920
20
-0.009979
30
-0.038285
11
-0.003945
21
-0.009620
31
-0.038285
12
-0.003954
22
-0.009611
32
-0.038285
0
3DFACE
62
2
10
-0.002920
20
-0.009979
30
-0.038285
11
-0.000602
21
-0.001358
31
-0.038285
12
-0.000362
22
-0.001441
32
-0.038285
0
3DFACE
62
2
10
-0.002920
20
-0.009979
30
-0.038285
11
-0.003954
21
-0.009611
31
-0.038285
12
-0.000602
22
-0.001358
32
-0.038285
0
3DFACE
62
2
10
0.010324
20
0.001229
30
-0.038285
11
0.001548
21
0.000006
31
-0.038285
12
0.010180
22
0.002092
32
-0.038285
0
3DFACE
62
2
10
0.010324
20
0.001229
30
-0.038285
11
0.010180
21
0.002092
31
-0.038285
12
0.010187
22
0.002082
32
-0.038285
0
3DFACE
62
2
10
-0.001863
20
-0.010229
30
-0.038285
11
-0.000362
21
-0.001441
31
-0.038285
12
-0.000110
22
-0.001481
32
-0.038285
0
3DFACE
62
2
10
-0.001863
20
-0.010229
30
-0.038285
11
-0.002920
21
-0.009979
31
-0.038285
12
-0.000362
22
-0.001441
32
-0.038285
0
3DFACE
62
2
10
0.010391
20
0.000368
30
-0.038285
11
0.001548
21
0.000006
31
-0.038285
12
0.010324
22
0.001229
32
-0.038285
0
3DFACE
62
2
10
-0.000774
20
-0.010364
30
-0.038285
11
-0.001863
21
-0.010229
31
-0.038285
12
-0.000110
22
-0.001481
32
-0.038285
0
3DFACE
62
2
10
-0.000774
20
-0.010364
30
-0.038285
11
-0.000786
21
-0.010368
31
-0.038285
12
-0.001863
22
-0.010229
32
-0.038285
0
3DFACE
62
2
10
0.010386
20
-0.000495
30
-0.038285
11
0.001541
21
-0.000153
31
-0.038285
12
0.001548
22
0.000006
32
-0.038285
0
3DFACE
62
2
10
0.010386
20
-0.000495
30
-0.038285
11
0.001548
21
0.000006
31
-0.038285
12
0.010391
22
0.000368
32
-0.038285
0
3DFACE
62
2
10
0.010373
20
-0.000718
30
-0.038285
11
0.001541
21
-0.000153
31
-0.038285
12
0.010386
22
-0.000495
32
-0.038285
0
3DFACE
62
2
10
-0.000215
20
-0.010390
30
-0.038285
11
-0.000110
21
-0.001481
31
-0.038285
12
0.000144
22
-0.001478
32
-0.038285
0
3DFACE
62
2
10
-0.000215
20
-0.010390
30
-0.038285
11
-0.000774
21
-0.010364
31
-0.038285
12
-0.000110
22
-0.001481
32
-0.038285
0
3DFACE
62
2
10
0.010355
20
-0.000940
30
-0.038285
11
0.001541
21
-0.000153
31
-0.038285
12
0.010373
22
-0.000718
32
-0.038285
0
3DFACE
62
2
10
0.010326
20
-0.001173
30
-0.038285
11
0.010355
21
-0.000940
31
-0.038285
12
0.010332
22
-0.001162
32
-0.038285
0
3DFACE
62
2
10
0.010326
20
-0.001173
30
-0.038285
11
0.001541
21
-0.000153
31
-0.038285
12
0.010355
22
-0.000940
32
-0.038285
0
3DFACE
62
2
10
0.010248
20
-0.001727
30
-0.038285
11
0.001541
21
-0.000153
31
-0.038285
12
0.010326
22
-0.001173
32
-0.038285
0
3DFACE
62
2
10
0.000882
20
-0.010360
30
-0.038285
11
-0.000215
21
-0.010390
31
-0.038285
12
0.000144
22
-0.001478
32
-0.038285
0
3DFACE
62
2
10
0.000882
20
-0.010360
30
-0.038285
11
-0.000204
21
-0.010395
31
-0.038285
12
-0.000215
22
-0.010390
32
-0.038285
0
3DFACE
62
2
10
0.010014
20
-0.002799
30
-0.038285
11
0.010248
21
-0.001727
31
-0.038285
12
0.010251
22
-0.001739
32
-0.038285
0
3DFACE
62
2
10
0.010014
20
-0.002799
30
-0.038285
11
0.001541
21
-0.000153
31
-0.038285
12
0.010248
22
-0.001727
32
-0.038285
0
3DFACE
62
2
10
0.001958
20
-0.010211
30
-0.038285
11
0.000144
21
-0.001478
31
-0.038285
12
0.000394
22
-0.001432
32
-0.038285
0
3DFACE
62
2
10
0.001958
20
-0.010211
30
-0.038285
11
0.000882
21
-0.010360
31
-0.038285
12
0.000144
22
-0.001478
32
-0.038285
0
3DFACE
62
2
10
0.009667
20
-0.003828
30
-0.038285
11
0.001341
21
-0.000638
31
-0.038285
12
0.001541
22
-0.000153
32
-0.038285
0
3DFACE
62
2
10
0.009667
20
-0.003828
30
-0.038285
11
0.001541
21
-0.000153
31
-0.038285
12
0.010014
22
-0.002799
32
-0.038285
0
3DFACE
62
2
10
0.003022
20
-0.009943
30
-0.038285
11
0.001958
21
-0.010211
31
-0.038285
12
0.000394
22
-0.001432
32
-0.038285
0
3DFACE
62
2
10
0.003022
20
-0.009943
30
-0.038285
11
0.003013
21
-0.009951
31
-0.038285
12
0.001958
22
-0.010211
32
-0.038285
0
3DFACE
62
2
10
0.003553
20
-0.009766
30
-0.038285
11
0.000394
21
-0.001432
31
-0.038285
12
0.000633
22
-0.001344
32
-0.038285
0
3DFACE
62
2
10
0.003553
20
-0.009766
30
-0.038285
11
0.003022
21
-0.009943
31
-0.038285
12
0.000394
22
-0.001432
32
-0.038285
0
3DFACE
62
2
10
0.009205
20
-0.004824
30
-0.038285
11
0.001341
21
-0.000638
31
-0.038285
12
0.009667
22
-0.003828
32
-0.038285
0
3DFACE
62
2
10
0.009215
20
-0.004816
30
-0.038285
11
0.009205
21
-0.004824
31
-0.038285
12
0.009667
22
-0.003828
32
-0.038285
0
3DFACE
62
2
10
0.008932
20
-0.005312
30
-0.038285
11
0.001213
21
-0.000858
31
-0.038285
12
0.001341
22
-0.000638
32
-0.038285
0
3DFACE
62
2
10
0.008932
20
-0.005312
30
-0.038285
11
0.001341
21
-0.000638
31
-0.038285
12
0.009205
22
-0.004824
32
-0.038285
0
3DFACE
62
2
10
0.004565
20
-0.009342
30
-0.038285
11
0.003553
21
-0.009766
31
-0.038285
12
0.000633
22
-0.001344
32
-0.038285
0
3DFACE
62
2
10
0.004565
20
-0.009342
30
-0.038285
11
0.003565
21
-0.009767
31
-0.038285
12
0.003553
22
-0.009766
32
-0.038285
0
3DFACE
62
2
10
0.008326
20
-0.006227
30
-0.038285
11
0.008932
21
-0.005312
31
-0.038285
12
0.008931
22
-0.005325
32
-0.038285
0
3DFACE
62
2
10
0.008326
20
-0.006227
30
-0.038285
11
0.001213
21
-0.000858
31
-0.038285
12
0.008932
22
-0.005312
32
-0.038285
0
3DFACE
62
2
10
0.005514
20
-0.008815
30
-0.038285
11
0.004565
21
-0.009342
31
-0.038285
12
0.000633
22
-0.001344
32
-0.038285
0
3DFACE
62
2
10
0.005514
20
-0.008815
30
-0.038285
11
0.000633
21
-0.001344
31
-0.038285
12
0.000853
22
-0.001216
32
-0.038285
0
3DFACE
62
2
10
0.007631
20
-0.007062
30
-0.038285
11
0.001048
21
-0.001052
31
-0.038285
12
0.001213
22
-0.000858
32
-0.038285
0
3DFACE
62
2
10
0.007631
20
-0.007062
30
-0.038285
11
0.001213
21
-0.000858
31
-0.038285
12
0.008326
22
-0.006227
32
-0.038285
0
3DFACE
62
2
10
0.006410
20
-0.008180
30
-0.038285
11
0.005514
21
-0.008815
31
-0.038285
12
0.000853
22
-0.001216
32
-0.038285
0
3DFACE
62
2
10
0.006404
20
-0.008191
30
-0.038285
11
0.005514
21
-0.008815
31
-0.038285
12
0.006410
22
-0.008180
32
-0.038285
0
3DFACE
62
2
10
0.006841
20
-0.007823
30
-0.038285
11
0.000853
21
-0.001216
31
-0.038285
12
0.001048
22
-0.001052
32
-0.038285
0
3DFACE
62
2
10
0.006841
20
-0.007823
30
-0.038285
11
0.001048
21
-0.001052
31
-0.038285
12
0.007631
22
-0.007062
32
-0.038285
0
3DFACE
62
2
10
0.006841
20
-0.007823
30
-0.038285
11
0.006410
21
-0.008180
31
-0.038285
12
0.000853
22
-0.001216
32
-0.038285
0
3DFACE
62
2
10
0.006853
20
-0.007820
30
-0.038285
11
0.006841
21
-0.007823
31
-0.038285
12
0.007631
22
-0.007062
32
-0.038285
0
3DFACE
62
2
10
0.001430
20
-0.000400
30
-0.038285
11
0.001478
21
-0.000150
31
-0.038285
12
0.001478
22
-0.000150
32
-0.026865
0
3DFACE
62
2
10
0.001430
20
-0.000400
30
-0.038285
11
0.001478
21
-0.000150
31
-0.026865
12
0.001430
22
-0.000400
32
-0.026865
0
3DFACE
62
2
10
0.001341
20
-0.000638
30
-0.038285
11
0.001430
21
-0.000400
31
-0.026865
12
0.001341
22
-0.000638
32
-0.026865
0
3DFACE
62
2
10
0.001341
20
-0.000638
30
-0.038285
11
0.001430
21
-0.000400
31
-0.038285
12
0.001430
22
-0.000400
32
-0.026865
0
3DFACE
62
2
10
0.001213
20
-0.000858
30
-0.038285
11
0.001341
21
-0.000638
31
-0.026865
12
0.001213
22
-0.000858
32
-0.026865
0
3DFACE
62
2
10
0.001213
20
-0.000858
30
-0.038285
11
0.001341
21
-0.000638
31
-0.038285
12
0.001341
22
-0.000638
32
-0.026865
0
3DFACE
62
2
10
0.001048
20
-0.001052
30
-0.038285
11
0.001213
21
-0.000858
31
-0.026865
12
0.001048
22
-0.001052
32
-0.026865
0
3DFACE
62
2
10
0.001048
20
-0.001052
30
-0.038285
11
0.001213
21
-0.000858
31
-0.038285
12
0.001213
22
-0.000858
32
-0.026865
0
3DFACE
62
2
10
0.000853
20
-0.001216
30
-0.038285
11
0.001048
21
-0.001052
31
-0.026865
12
0.000853
22
-0.001216
32
-0.026865
0
3DFACE
62
2
10
0.000853
20
-0.001216
30
-0.038285
11
0.001048
21
-0.001052
31
-0.038285
12
0.001048
22
-0.001052
32
-0.026865
0
3DFACE
62
2
10
0.000633
20
-0.001344
30
-0.038285
11
0.000853
21
-0.001216
31
-0.026865
12
0.000633
22
-0.001344
32
-0.026865
0
3DFACE
62
2
10
0.000633
20
-0.001344
30
-0.038285
11
0.000853
21
-0.001216
31
-0.038285
12
0.000853
22
-0.001216
32
-0.026865
0
3DFACE
62
2
10
0.000394
20
-0.001432
30
-0.038285
11
0.000633
21
-0.001344
31
-0.038285
12
0.000633
22
-0.001344
32
-0.026865
0
3DFACE
62
2
10
0.000394
20
-0.001432
30
-0.038285
11
0.000633
21
-0.001344
31
-0.026865
12
0.000394
22
-0.001432
32
-0.026865
0
3DFACE
62
2
10
0.000144
20
-0.001478
30
-0.038285
11
0.000394
21
-0.001432
31
-0.038285
12
0.000394
22
-0.001432
32
-0.026865
0
3DFACE
62
2
10
0.000144
20
-0.001478
30
-0.038285
11
0.000394
21
-0.001432
31
-0.026865
12
0.000144
22
-0.001478
32
-0.026865
0
3DFACE
62
2
10
-0.000110
20
-0.001481
30
-0.038285
11
0.000144
21
-0.001478
31
-0.038285
12
0.000144
22
-0.001478
32
-0.026865
0
3DFACE
62
2
10
-0.000110
20
-0.001481
30
-0.038285
11
0.000144
21
-0.001478
31
-0.026865
12
-0.000110
22
-0.001481
32
-0.026865
0
3DFACE
62
2
10
-0.000362
20
-0.001441
30
-0.038285
11
-0.000110
21
-0.001481
31
-0.038285
12
-0.000110
22
-0.001481
32
-0.026865
0
3DFACE
62
2
10
-0.000362
20
-0.001441
30
-0.038285
11
-0.000110
21
-0.001481
31
-0.026865
12
-0.000362
22
-0.001441
32
-0.026865
0
3DFACE
62
2
10
-0.000602
20
-0.001358
30
-0.038285
11
-0.000362
21
-0.001441
31
-0.038285
12
-0.000362
22
-0.001441
32
-0.026865
0
3DFACE
62
2
10
-0.000602
20
-0.001358
30
-0.038285
11
-0.000362
21
-0.001441
31
-0.026865
12
-0.000602
22
-0.001358
32
-0.026865
0
3DFACE
62
2
10
-0.000602
20
-0.001358
30
-0.038285
11
-0.000602
21
-0.001358
31
-0.026865
12
-0.000825
22
-0.001235
32
-0.026865
0
3DFACE
62
2
10
-0.000825
20
-0.001235
30
-0.038285
11
-0.000602
21
-0.001358
31
-0.038285
12
-0.000825
22
-0.001235
32
-0.026865
0
3DFACE
62
2
10
-0.001024
20
-0.001076
30
-0.038285
11
-0.000825
21
-0.001235
31
-0.038285
12
-0.000825
22
-0.001235
32
-0.026865
0
3DFACE
62
2
10
-0.001024
20
-0.001076
30
-0.038285
11
-0.000825
21
-0.001235
31
-0.026865
12
-0.001024
22
-0.001076
32
-0.026865
0
3DFACE
62
2
10
-0.001193
20
-0.000885
30
-0.038285
11
-0.001024
21
-0.001076
31
-0.038285
12
-0.001024
22
-0.001076
32
-0.026865
0
3DFACE
62
2
10
-0.001193
20
-0.000885
30
-0.038285
11
-0.001024
21
-0.001076
31
-0.026865
12
-0.001193
22
-0.000885
32
-0.026865
0
3DFACE
62
2
10
-0.001326
20
-0.000669
30
-0.038285
11
-0.001193
21
-0.000885
31
-0.038285
12
-0.001193
22
-0.000885
32
-0.026865
0
3DFACE
62
2
10
-0.001326
20
-0.000669
30
-0.038285
11
-0.001193
21
-0.000885
31
-0.026865
12
-0.001326
22
-0.000669
32
-0.026865
0
3DFACE
62
2
10
-0.001421
20
-0.000433
30
-0.038285
11
-0.001326
21
-0.000669
31
-0.038285
12
-0.001326
22
-0.000669
32
-0.026865
0
3DFACE
62
2
10
-0.001421
20
-0.000433
30
-0.038285
11
-0.001326
21
-0.000669
31
-0.026865
12
-0.001421
22
-0.000433
32
-0.026865
0
3DFACE
62
2
10
-0.001421
20
-0.000433
30
-0.038285
11
-0.001421
21
-0.000433
31
-0.026865
12
-0.001474
22
-0.000184
32
-0.026865
0
3DFACE
62
2
10
-0.001474
20
-0.000184
30
-0.038285
11
-0.001421
21
-0.000433
31
-0.038285
12
-0.001474
22
-0.000184
32
-0.026865
0
3DFACE
62
2
10
-0.001484
20
0.000071
30
-0.038285
11
-0.001474
21
-0.000184
31
-0.038285
12
-0.001474
22
-0.000184
32
-0.026865
0
3DFACE
62
2
10
-0.001484
20
0.000071
30
-0.038285
11
-0.001474
21
-0.000184
31
-0.026865
12
-0.001484
22
0.000071
32
-0.026865
0
3DFACE
62
2
10
-0.001450
20
0.000323
30
-0.038285
11
-0.001484
21
0.000071
31
-0.026865
12
-0.001450
22
0.000323
32
-0.026865
0
3DFACE
62
2
10
-0.001450
20
0.000323
30
-0.038285
11
-0.001484
21
0.000071
31
-0.038285
12
-0.001484
22
0.000071
32
-0.026865
0
3DFACE
62
2
10
-0.001373
20
0.000566
30
-0.038285
11
-0.001450
21
0.000323
31
-0.026865
12
-0.001373
22
0.000566
32
-0.026865
0
3DFACE
62
2
10
-0.001373
20
0.000566
30
-0.038285
11
-0.001450
21
0.000323
31
-0.038285
12
-0.001450
22
0.000323
32
-0.026865
0
3DFACE
62
2
10
-0.001257
20
0.000792
30
-0.038285
11
-0.001373
21
0.000566
31
-0.026865
12
-0.001257
22
0.000792
32
-0.026865
0
3DFACE
62
2
10
-0.001257
20
0.000792
30
-0.038285
11
-0.001373
21
0.000566
31
-0.038285
12
-0.001373
22
0.000566
32
-0.026865
0
3DFACE
62
2
10
-0.001103
20
0.000995
30
-0.038285
11
-0.001257
21
0.000792
31
-0.026865
12
-0.001103
22
0.000995
32
-0.026865
0
3DFACE
62
2
10
-0.001103
20
0.000995
30
-0.038285
11
-0.001257
21
0.000792
31
-0.038285
12
-0.001257
22
0.000792
32
-0.026865
0
3DFACE
62
2
10
-0.000917
20
0.001169
30
-0.038285
11
-0.001103
21
0.000995
31
-0.026865
12
-0.000917
22
0.001169
32
-0.026865
0
3DFACE
62
2
10
-0.000917
20
0.001169
30
-0.038285
11
-0.000917
21
0.001169
31
-0.026865
12
-0.000704
22
0.001308
32
-0.026865
0
3DFACE
62
2
10
-0.000917
20
0.001169
30
-0.038285
11
-0.001103
21
0.000995
31
-0.038285
12
-0.001103
22
0.000995
32
-0.026865
0
3DFACE
62
2
10
-0.000704
20
0.001308
30
-0.038285
11
-0.000917
21
0.001169
31
-0.038285
12
-0.000704
22
0.001308
32
-0.026865
0
3DFACE
62
2
10
-0.000470
20
0.001409
30
-0.038285
11
-0.000704
21
0.001308
31
-0.026865
12
-0.000470
22
0.001409
32
-0.026865
0
3DFACE
62
2
10
-0.000470
20
0.001409
30
-0.038285
11
-0.000704
21
0.001308
31
-0.038285
12
-0.000704
22
0.001308
32
-0.026865
0
3DFACE
62
2
10
-0.000223
20
0.001469
30
-0.038285
11
-0.000470
21
0.001409
31
-0.026865
12
-0.000223
22
0.001469
32
-0.026865
0
3DFACE
62
2
10
-0.000223
20
0.001469
30
-0.038285
11
-0.000470
21
0.001409
31
-0.038285
12
-0.000470
22
0.001409
32
-0.026865
0
3DFACE
62
2
10
0.000031
20
0.001485
30
-0.038285
11
-0.000223
21
0.001469
31
-0.026865
12
0.000031
22
0.001485
32
-0.026865
0
3DFACE
62
2
10
0.000031
20
0.001485
30
-0.038285
11
-0.000223
21
0.001469
31
-0.038285
12
-0.000223
22
0.001469
32
-0.026865
0
3DFACE
62
2
10
0.000284
20
0.001458
30
-0.038285
11
0.000031
21
0.001485
31
-0.026865
12
0.000284
22
0.001458
32
-0.026865
0
3DFACE
62
2
10
0.000284
20
0.001458
30
-0.038285
11
0.000031
21
0.001485
31
-0.038285
12
0.000031
22
0.001485
32
-0.026865
0
3DFACE
62
2
10
0.000529
20
0.001388
30
-0.038285
11
0.000284
21
0.001458
31
-0.026865
12
0.000529
22
0.001388
32
-0.026865
0
3DFACE
62
2
10
0.000529
20
0.001388
30
-0.038285
11
0.000529
21
0.001388
31
-0.026865
12
0.000758
22
0.001277
32
-0.026865
0
3DFACE
62
2
10
0.000529
20
0.001388
30
-0.038285
11
0.000284
21
0.001458
31
-0.038285
12
0.000284
22
0.001458
32
-0.026865
0
3DFACE
62
2
10
0.000758
20
0.001277
30
-0.038285
11
0.000758
21
0.001277
31
-0.026865
12
0.000965
22
0.001129
32
-0.026865
0
3DFACE
62
2
10
0.000758
20
0.001277
30
-0.038285
11
0.000529
21
0.001388
31
-0.038285
12
0.000758
22
0.001277
32
-0.026865
0
3DFACE
62
2
10
0.000965
20
0.001129
30
-0.038285
11
0.000758
21
0.001277
31
-0.038285
12
0.000965
22
0.001129
32
-0.026865
0
3DFACE
62
2
10
0.001144
20
0.000948
30
-0.038285
11
0.000965
21
0.001129
31
-0.026865
12
0.001144
22
0.000948
32
-0.026865
0
3DFACE
62
2
10
0.001144
20
0.000948
30
-0.038285
11
0.000965
21
0.001129
31
-0.038285
12
0.000965
22
0.001129
32
-0.026865
0
3DFACE
62
2
10
0.001289
20
0.000739
30
-0.038285
11
0.001144
21
0.000948
31
-0.038285
12
0.001144
22
0.000948
32
-0.026865
0
3DFACE
62
2
10
0.001289
20
0.000739
30
-0.038285
11
0.001144
21
0.000948
31
-0.026865
12
0.001289
22
0.000739
32
-0.026865
0
3DFACE
62
2
10
0.001396
20
0.000508
30
-0.038285
11
0.001289
21
0.000739
31
-0.038285
12
0.001289
22
0.000739
32
-0.026865
0
3DFACE
62
2
10
0.001396
20
0.000508
30
-0.038285
11
0.001289
21
0.000739
31
-0.026865
12
0.001396
22
0.000508
32
-0.026865
0
3DFACE
62
2
10
0.001462
20
0.000262
30
-0.038285
11
0.001396
21
0.000508
31
-0.038285
12
0.001396
22
0.000508
32
-0.026865
0
3DFACE
62
2
10
0.001462
20
0.000262
30
-0.038285
11
0.001396
21
0.000508
31
-0.026865
12
0.001462
22
0.000262
32
-0.026865
0
3DFACE
62
2
10
0.001485
20
0.000009
30
-0.038285
11
0.001462
21
0.000262
31
-0.038285
12
0.001462
22
0.000262
32
-0.026865
0
3DFACE
62
2
10
0.001485
20
0.000009
30
-0.038285
11
0.001462
21
0.000262
31
-0.026865
12
0.001485
22
0.000009
32
-0.026865
0
3DFACE
62
2
10
0.001144
20
0.000948
30
-0.026865
11
0.010391
21
0.007908
31
-0.026865
12
0.008860
22
0.009592
32
-0.026865
0
3DFACE
62
2
10
0.000965
20
0.001129
30
-0.026865
11
0.008860
21
0.009592
31
-0.026865
12
0.007060
22
0.010985
32
-0.026865
0
3DFACE
62
2
10
0.000965
20
0.001129
30
-0.026865
11
0.001144
21
0.000948
31
-0.026865
12
0.008860
22
0.009592
32
-0.026865
0
3DFACE
62
2
10
0.001289
20
0.000739
30
-0.026865
11
0.011606
21
0.005983
31
-0.026865
12
0.010391
22
0.007908
32
-0.026865
0
3DFACE
62
2
10
0.001289
20
0.000739
30
-0.026865
11
0.010391
21
0.007908
31
-0.026865
12
0.001144
22
0.000948
32
-0.026865
0
3DFACE
62
2
10
0.000758
20
0.001277
30
-0.026865
11
0.000965
21
0.001129
31
-0.026865
12
0.007060
22
0.010985
32
-0.026865
0
3DFACE
62
2
10
0.000758
20
0.001277
30
-0.026865
11
0.007060
21
0.010985
31
-0.026865
12
0.005045
22
0.012044
32
-0.026865
0
3DFACE
62
2
10
0.001396
20
0.000508
30
-0.026865
11
0.011606
21
0.005983
31
-0.026865
12
0.001289
22
0.000739
32
-0.026865
0
3DFACE
62
2
10
0.001396
20
0.000508
30
-0.026865
11
0.012469
21
0.003877
31
-0.026865
12
0.011606
22
0.005983
32
-0.026865
0
3DFACE
62
2
10
0.000529
20
0.001388
30
-0.026865
11
0.000758
21
0.001277
31
-0.026865
12
0.005045
22
0.012044
32
-0.026865
0
3DFACE
62
2
10
0.000529
20
0.001388
30
-0.026865
11
0.005045
21
0.012044
31
-0.026865
12
0.002877
22
0.012737
32
-0.026865
0
3DFACE
62
2
10
0.000284
20
0.001458
30
-0.026865
11
0.000529
21
0.001388
31
-0.026865
12
0.002877
22
0.012737
32
-0.026865
0
3DFACE
62
2
10
0.000284
20
0.001458
30
-0.026865
11
0.002877
21
0.012737
31
-0.026865
12
0.000622
22
0.013043
32
-0.026865
0
3DFACE
62
2
10
0.001548
20
0.000006
30
-0.026865
11
0.012469
21
0.003877
31
-0.026865
12
0.001396
22
0.000508
32
-0.026865
0
3DFACE
62
2
10
0.001548
20
0.000006
30
-0.026865
11
0.012953
21
0.001653
31
-0.026865
12
0.012469
22
0.003877
32
-0.026865
0
3DFACE
62
2
10
0.001548
20
0.000006
30
-0.026865
11
0.013043
21
-0.000622
31
-0.026865
12
0.012953
22
0.001653
32
-0.026865
0
3DFACE
62
2
10
0.001548
20
0.000006
30
-0.026865
11
0.001396
21
0.000508
31
-0.026865
12
0.001462
22
0.000262
32
-0.026865
0
3DFACE
62
2
10
0.001485
20
0.000009
30
-0.026865
11
0.001548
21
0.000006
31
-0.026865
12
0.001462
22
0.000262
32
-0.026865
0
3DFACE
62
2
10
0.001541
20
-0.000153
30
-0.026865
11
0.012737
21
-0.002877
31
-0.026865
12
0.013043
22
-0.000622
32
-0.026865
0
3DFACE
62
2
10
0.001541
20
-0.000153
30
-0.026865
11
0.012044
21
-0.005045
31
-0.026865
12
0.012737
22
-0.002877
32
-0.026865
0
3DFACE
62
2
10
0.001541
20
-0.000153
30
-0.026865
11
0.013043
21
-0.000622
31
-0.026865
12
0.001548
22
0.000006
32
-0.026865
0
3DFACE
62
2
10
0.000031
20
0.001485
30
-0.026865
11
0.000622
21
0.013043
31
-0.026865
12
-0.001653
22
0.012953
32
-0.026865
0
3DFACE
62
2
10
0.000031
20
0.001485
30
-0.026865
11
0.000284
21
0.001458
31
-0.026865
12
0.000622
22
0.013043
32
-0.026865
0
3DFACE
62
2
10
-0.000223
20
0.001469
30
-0.026865
11
0.000031
21
0.001485
31
-0.026865
12
-0.001653
22
0.012953
32
-0.026865
0
3DFACE
62
2
10
-0.000223
20
0.001469
30
-0.026865
11
-0.001653
21
0.012953
31
-0.026865
12
-0.003877
22
0.012469
32
-0.026865
0
3DFACE
62
2
10
0.001430
20
-0.000400
30
-0.026865
11
0.001541
21
-0.000153
31
-0.026865
12
0.001478
22
-0.000150
32
-0.026865
0
3DFACE
62
2
10
-0.000470
20
0.001409
30
-0.026865
11
-0.003877
21
0.012469
31
-0.026865
12
-0.005983
22
0.011606
32
-0.026865
0
3DFACE
62
2
10
-0.000470
20
0.001409
30
-0.026865
11
-0.000223
21
0.001469
31
-0.026865
12
-0.003877
22
0.012469
32
-0.026865
0
3DFACE
62
2
10
0.001341
20
-0.000638
30
-0.026865
11
0.010985
21
-0.007060
31
-0.026865
12
0.012044
22
-0.005045
32
-0.026865
0
3DFACE
62
2
10
0.001341
20
-0.000638
30
-0.026865
11
0.012044
21
-0.005045
31
-0.026865
12
0.001541
22
-0.000153
32
-0.026865
0
3DFACE
62
2
10
0.001341
20
-0.000638
30
-0.026865
11
0.001541
21
-0.000153
31
-0.026865
12
0.001430
22
-0.000400
32
-0.026865
0
3DFACE
62
2
10
-0.000704
20
0.001308
30
-0.026865
11
-0.000470
21
0.001409
31
-0.026865
12
-0.005983
22
0.011606
32
-0.026865
0
3DFACE
62
2
10
-0.000704
20
0.001308
30
-0.026865
11
-0.005983
21
0.011606
31
-0.026865
12
-0.007908
22
0.010391
32
-0.026865
0
3DFACE
62
2
10
0.001213
20
-0.000858
30
-0.026865
11
0.009592
21
-0.008860
31
-0.026865
12
0.010985
22
-0.007060
32
-0.026865
0
3DFACE
62
2
10
0.001213
20
-0.000858
30
-0.026865
11
0.010985
21
-0.007060
31
-0.026865
12
0.001341
22
-0.000638
32
-0.026865
0
3DFACE
62
2
10
-0.000917
20
0.001169
30
-0.026865
11
-0.000704
21
0.001308
31
-0.026865
12
-0.007908
22
0.010391
32
-0.026865
0
3DFACE
62
2
10
0.001048
20
-0.001052
30
-0.026865
11
0.009592
21
-0.008860
31
-0.026865
12
0.001213
22
-0.000858
32
-0.026865
0
3DFACE
62
2
10
0.007908
20
-0.010391
30
-0.026865
11
0.009592
21
-0.008860
31
-0.026865
12
0.001048
22
-0.001052
32
-0.026865
0
3DFACE
62
2
10
0.007908
20
-0.010391
30
-0.026865
11
0.001048
21
-0.001052
31
-0.026865
12
0.000853
22
-0.001216
32
-0.026865
0
3DFACE
62
2
10
-0.009592
20
0.008860
30
-0.026865
11
-0.000917
21
0.001169
31
-0.026865
12
-0.007908
22
0.010391
32
-0.026865
0
3DFACE
62
2
10
-0.009592
20
0.008860
30
-0.026865
11
-0.001103
21
0.000995
31
-0.026865
12
-0.000917
22
0.001169
32
-0.026865
0
3DFACE
62
2
10
0.005983
20
-0.011606
30
-0.026865
11
0.000853
21
-0.001216
31
-0.026865
12
0.000633
22
-0.001344
32
-0.026865
0
3DFACE
62
2
10
0.005983
20
-0.011606
30
-0.026865
11
0.007908
21
-0.010391
31
-0.026865
12
0.000853
22
-0.001216
32
-0.026865
0
3DFACE
62
2
10
-0.010985
20
0.007060
30
-0.026865
11
-0.001257
21
0.000792
31
-0.026865
12
-0.001103
22
0.000995
32
-0.026865
0
3DFACE
62
2
10
-0.010985
20
0.007060
30
-0.026865
11
-0.001103
21
0.000995
31
-0.026865
12
-0.009592
22
0.008860
32
-0.026865
0
3DFACE
62
2
10
0.003877
20
-0.012469
30
-0.026865
11
0.000633
21
-0.001344
31
-0.026865
12
0.000394
22
-0.001432
32
-0.026865
0
3DFACE
62
2
10
0.003877
20
-0.012469
30
-0.026865
11
0.005983
21
-0.011606
31
-0.026865
12
0.000633
22
-0.001344
32
-0.026865
0
3DFACE
62
2
10
-0.012044
20
0.005045
30
-0.026865
11
-0.001257
21
0.000792
31
-0.026865
12
-0.010985
22
0.007060
32
-0.026865
0
3DFACE
62
2
10
-0.012044
20
0.005045
30
-0.026865
11
-0.001373
21
0.000566
31
-0.026865
12
-0.001257
22
0.000792
32
-0.026865
0
3DFACE
62
2
10
0.001653
20
-0.012953
30
-0.026865
11
0.000394
21
-0.001432
31
-0.026865
12
0.000144
22
-0.001478
32
-0.026865
0
3DFACE
62
2
10
0.001653
20
-0.012953
30
-0.026865
11
0.003877
21
-0.012469
31
-0.026865
12
0.000394
22
-0.001432
32
-0.026865
0
3DFACE
62
2
10
-0.012737
20
0.002877
30
-0.026865
11
-0.001373
21
0.000566
31
-0.026865
12
-0.012044
22
0.005045
32
-0.026865
0
3DFACE
62
2
10
-0.012737
20
0.002877
30
-0.026865
11
-0.001450
21
0.000323
31
-0.026865
12
-0.001373
22
0.000566
32
-0.026865
0
3DFACE
62
2
10
-0.000622
20
-0.013043
30
-0.026865
11
0.000144
21
-0.001478
31
-0.026865
12
-0.000110
22
-0.001481
32
-0.026865
0
3DFACE
62
2
10
-0.000622
20
-0.013043
30
-0.026865
11
0.001653
21
-0.012953
31
-0.026865
12
0.000144
22
-0.001478
32
-0.026865
0
3DFACE
62
2
10
-0.013043
20
0.000622
30
-0.026865
11
-0.001450
21
0.000323
31
-0.026865
12
-0.012737
22
0.002877
32
-0.026865
0
3DFACE
62
2
10
-0.013043
20
0.000622
30
-0.026865
11
-0.001474
21
-0.000184
31
-0.026865
12
-0.001484
22
0.000071
32
-0.026865
0
3DFACE
62
2
10
-0.013043
20
0.000622
30
-0.026865
11
-0.001484
21
0.000071
31
-0.026865
12
-0.001450
22
0.000323
32
-0.026865
0
3DFACE
62
2
10
-0.002877
20
-0.012737
30
-0.026865
11
-0.000622
21
-0.013043
31
-0.026865
12
-0.000110
22
-0.001481
32
-0.026865
0
3DFACE
62
2
10
-0.002877
20
-0.012737
30
-0.026865
11
-0.000110
21
-0.001481
31
-0.026865
12
-0.000362
22
-0.001441
32
-0.026865
0
3DFACE
62
2
10
-0.012953
20
-0.001653
30
-0.026865
11
-0.001474
21
-0.000184
31
-0.026865
12
-0.013043
22
0.000622
32
-0.026865
0
3DFACE
62
2
10
-0.012953
20
-0.001653
30
-0.026865
11
-0.001421
21
-0.000433
31
-0.026865
12
-0.001474
22
-0.000184
32
-0.026865
0
3DFACE
62
2
10
-0.005045
20
-0.012044
30
-0.026865
11
-0.000362
21
-0.001441
31
-0.026865
12
-0.000602
22
-0.001358
32
-0.026865
0
3DFACE
62
2
10
-0.005045
20
-0.012044
30
-0.026865
11
-0.002877
21
-0.012737
31
-0.026865
12
-0.000362
22
-0.001441
32
-0.026865
0
3DFACE
62
2
10
-0.012469
20
-0.003877
30
-0.026865
11
-0.001421
21
-0.000433
31
-0.026865
12
-0.012953
22
-0.001653
32
-0.026865
0
3DFACE
62
2
10
-0.012469
20
-0.003877
30
-0.026865
11
-0.001326
21
-0.000669
31
-0.026865
12
-0.001421
22
-0.000433
32
-0.026865
0
3DFACE
62
2
10
-0.007060
20
-0.010985
30
-0.026865
11
-0.000602
21
-0.001358
31
-0.026865
12
-0.000825
22
-0.001235
32
-0.026865
0
3DFACE
62
2
10
-0.007060
20
-0.010985
30
-0.026865
11
-0.005045
21
-0.012044
31
-0.026865
12
-0.000602
22
-0.001358
32
-0.026865
0
3DFACE
62
2
10
-0.011606
20
-0.005983
30
-0.026865
11
-0.001326
21
-0.000669
31
-0.026865
12
-0.012469
22
-0.003877
32
-0.026865
0
3DFACE
62
2
10
-0.011606
20
-0.005983
30
-0.026865
11
-0.001193
21
-0.000885
31
-0.026865
12
-0.001326
22
-0.000669
32
-0.026865
0
3DFACE
62
2
10
-0.010391
20
-0.007908
30
-0.026865
11
-0.001193
21
-0.000885
31
-0.026865
12
-0.011606
22
-0.005983
32
-0.026865
0
3DFACE
62
2
10
-0.010391
20
-0.007908
30
-0.026865
11
-0.001024
21
-0.001076
31
-0.026865
12
-0.001193
22
-0.000885
32
-0.026865
0
3DFACE
62
2
10
-0.008860
20
-0.009592
30
-0.026865
11
-0.001024
21
-0.001076
31
-0.026865
12
-0.010391
22
-0.007908
32
-0.026865
0
3DFACE
62
2
10
-0.008860
20
-0.009592
30
-0.026865
11
-0.007060
21
-0.010985
31
-0.026865
12
-0.000825
22
-0.001235
32
-0.026865
0
3DFACE
62
2
10
-0.008860
20
-0.009592
30
-0.026865
11
-0.000825
21
-0.001235
31
-0.026865
12
-0.001024
22
-0.001076
32
-0.026865
0
3DFACE
62
2
10
-0.001863
20
-0.012093
30
-0.039204
11
-0.002563
21
-0.012900
31
-0.039662
12
-0.003661
22
-0.018429
32
-0.029730
0
3DFACE
62
2
10
-0.001863
20
-0.012093
30
-0.039204
11
-0.003115
21
-0.017854
31
-0.029398
12
-0.002634
22
-0.017237
32
-0.029055
0
3DFACE
62
2
10
-0.001863
20
-0.012093
30
-0.039204
11
-0.003661
21
-0.018429
31
-0.029730
12
-0.003115
22
-0.017854
32
-0.029398
0
3DFACE
62
2
10
-0.001588
20
-0.011647
30
-0.038964
11
-0.002634
21
-0.017237
31
-0.029055
12
-0.002275
22
-0.016652
32
-0.028739
0
3DFACE
62
2
10
-0.001588
20
-0.011647
30
-0.038964
11
-0.001863
21
-0.012093
31
-0.039204
12
-0.002634
22
-0.017237
32
-0.029055
0
3DFACE
62
2
10
-0.001431
20
-0.011293
30
-0.038777
11
-0.002083
21
-0.016236
31
-0.028520
12
-0.001911
22
-0.015613
32
-0.028201
0
3DFACE
62
2
10
-0.001431
20
-0.011293
30
-0.038777
11
-0.002275
21
-0.016652
31
-0.028739
12
-0.002083
22
-0.016236
32
-0.028520
0
3DFACE
62
2
10
-0.001431
20
-0.011293
30
-0.038777
11
-0.001588
21
-0.011647
31
-0.038964
12
-0.002275
22
-0.016652
32
-0.028739
0
3DFACE
62
2
10
-0.001334
20
-0.010913
30
-0.038583
11
-0.001431
21
-0.011293
31
-0.038777
12
-0.001911
22
-0.015613
32
-0.028201
0
3DFACE
62
2
10
-0.001278
20
-0.010743
30
-0.038495
11
-0.001911
21
-0.015613
31
-0.028201
12
-0.001854
22
-0.015419
32
-0.028101
0
3DFACE
62
2
10
-0.001278
20
-0.010743
30
-0.038495
11
-0.001334
21
-0.010913
31
-0.038583
12
-0.001911
22
-0.015613
32
-0.028201
0
3DFACE
62
2
10
-0.001225
20
-0.010647
30
-0.038444
11
-0.001854
21
-0.015419
31
-0.028101
12
-0.001800
22
-0.015295
32
-0.028036
0
3DFACE
62
2
10
-0.001225
20
-0.010647
30
-0.038444
11
-0.001278
21
-0.010743
31
-0.038495
12
-0.001854
22
-0.015419
32
-0.028101
0
3DFACE
62
2
10
-0.001184
20
-0.010593
30
-0.038416
11
-0.001800
21
-0.015295
31
-0.028036
12
-0.001748
22
-0.015207
32
-0.027990
0
3DFACE
62
2
10
-0.001184
20
-0.010593
30
-0.038416
11
-0.001225
21
-0.010647
31
-0.038444
12
-0.001800
22
-0.015295
32
-0.028036
0
3DFACE
62
2
10
-0.001136
20
-0.010545
30
-0.038389
11
-0.001748
21
-0.015207
31
-0.027990
12
-0.001684
22
-0.015125
32
-0.027945
0
3DFACE
62
2
10
-0.001136
20
-0.010545
30
-0.038389
11
-0.001184
21
-0.010593
31
-0.038416
12
-0.001748
22
-0.015207
32
-0.027990
0
3DFACE
62
2
10
-0.001051
20
-0.010480
30
-0.038352
11
-0.001684
21
-0.015125
31
-0.027945
12
-0.001615
22
-0.015057
32
-0.027908
0
3DFACE
62
2
10
-0.001051
20
-0.010480
30
-0.038352
11
-0.001136
21
-0.010545
31
-0.038389
12
-0.001684
22
-0.015125
32
-0.027945
0
3DFACE
62
2
10
-0.000951
20
-0.010427
30
-0.038321
11
-0.001051
21
-0.010480
31
-0.038352
12
-0.001615
22
-0.015057
32
-0.027908
0
3DFACE
62
2
10
-0.000870
20
-0.010394
30
-0.038301
11
-0.001615
21
-0.015057
31
-0.027908
12
-0.001488
22
-0.014963
32
-0.027854
0
3DFACE
62
2
10
-0.000870
20
-0.010394
30
-0.038301
11
-0.000951
21
-0.010427
31
-0.038321
12
-0.001615
22
-0.015057
32
-0.027908
0
3DFACE
62
2
10
-0.000786
20
-0.010368
30
-0.038285
11
-0.001334
21
-0.014884
31
-0.027808
12
-0.001106
22
-0.014806
32
-0.027760
0
3DFACE
62
2
10
-0.000786
20
-0.010368
30
-0.038285
11
-0.001488
21
-0.014963
31
-0.027854
12
-0.001334
22
-0.014884
32
-0.027808
0
3DFACE
62
2
10
-0.000786
20
-0.010368
30
-0.038285
11
-0.000870
21
-0.010394
31
-0.038301
12
-0.001488
22
-0.014963
32
-0.027854
0
3DFACE
62
2
10
-0.000774
20
-0.010364
30
-0.038285
11
-0.000786
21
-0.010368
31
-0.038285
12
-0.001106
22
-0.014806
32
-0.027760
0
3DFACE
62
2
10
-0.000204
20
-0.010395
30
-0.038285
11
-0.000215
21
-0.010390
31
-0.038285
12
-0.000307
22
-0.014844
32
-0.027760
0
3DFACE
62
2
10
-0.000204
20
-0.010395
30
-0.038285
11
0.000026
21
-0.015014
31
-0.027843
12
0.000149
22
-0.015115
32
-0.027894
0
3DFACE
62
2
10
-0.000204
20
-0.010395
30
-0.038285
11
-0.000112
21
-0.014930
31
-0.027801
12
0.000026
22
-0.015014
32
-0.027843
0
3DFACE
62
2
10
-0.000204
20
-0.010395
30
-0.038285
11
-0.000208
21
-0.014885
31
-0.027779
12
-0.000112
22
-0.014930
32
-0.027801
0
3DFACE
62
2
10
-0.000204
20
-0.010395
30
-0.038285
11
-0.000307
21
-0.014844
31
-0.027760
12
-0.000208
22
-0.014885
32
-0.027779
0
3DFACE
62
2
10
-0.000042
20
-0.010471
30
-0.038322
11
0.000149
21
-0.015115
31
-0.027894
12
0.000215
22
-0.015187
32
-0.027930
0
3DFACE
62
2
10
-0.000042
20
-0.010471
30
-0.038322
11
-0.000204
21
-0.010395
31
-0.038285
12
0.000149
22
-0.015115
32
-0.027894
0
3DFACE
62
2
10
0.000064
20
-0.010544
30
-0.038358
11
0.000215
21
-0.015187
31
-0.027930
12
0.000271
22
-0.015266
32
-0.027970
0
3DFACE
62
2
10
0.000064
20
-0.010544
30
-0.038358
11
-0.000042
21
-0.010471
31
-0.038322
12
0.000215
22
-0.015187
32
-0.027930
0
3DFACE
62
2
10
0.000115
20
-0.010591
30
-0.038382
11
0.000271
21
-0.015266
31
-0.027970
12
0.000317
22
-0.015350
32
-0.028012
0
3DFACE
62
2
10
0.000115
20
-0.010591
30
-0.038382
11
0.000064
21
-0.010544
31
-0.038358
12
0.000271
22
-0.015266
32
-0.027970
0
3DFACE
62
2
10
0.000160
20
-0.010642
30
-0.038408
11
0.000115
21
-0.010591
31
-0.038382
12
0.000317
22
-0.015350
32
-0.028012
0
3DFACE
62
2
10
0.000199
20
-0.010702
30
-0.038438
11
0.000317
21
-0.015350
31
-0.028012
12
0.000353
22
-0.015437
32
-0.028057
0
3DFACE
62
2
10
0.000199
20
-0.010702
30
-0.038438
11
0.000160
21
-0.010642
31
-0.038408
12
0.000317
22
-0.015350
32
-0.028012
0
3DFACE
62
2
10
0.000231
20
-0.010765
30
-0.038470
11
0.000199
21
-0.010702
31
-0.038438
12
0.000353
22
-0.015437
32
-0.028057
0
3DFACE
62
2
10
0.000255
20
-0.010831
30
-0.038503
11
0.000412
21
-0.015687
31
-0.028182
12
0.000498
22
-0.016241
32
-0.028461
0
3DFACE
62
2
10
0.000255
20
-0.010831
30
-0.038503
11
0.000353
21
-0.015437
31
-0.028057
12
0.000412
22
-0.015687
32
-0.028182
0
3DFACE
62
2
10
0.000255
20
-0.010831
30
-0.038503
11
0.000231
21
-0.010765
31
-0.038470
12
0.000353
22
-0.015437
32
-0.028057
0
3DFACE
62
2
10
0.000383
20
-0.011494
30
-0.038836
11
0.000498
21
-0.016241
31
-0.028461
12
0.000674
22
-0.016774
32
-0.028730
0
3DFACE
62
2
10
0.000383
20
-0.011494
30
-0.038836
11
0.000255
21
-0.010831
31
-0.038503
12
0.000498
22
-0.016241
32
-0.028461
0
3DFACE
62
2
10
0.000515
20
-0.011843
30
-0.039013
11
0.000674
21
-0.016774
31
-0.028730
12
0.001007
22
-0.017451
32
-0.029076
0
3DFACE
62
2
10
0.000515
20
-0.011843
30
-0.039013
11
0.000383
21
-0.011494
31
-0.038836
12
0.000674
22
-0.016774
32
-0.028730
0
3DFACE
62
2
10
0.000700
20
-0.012207
30
-0.039199
11
0.000515
21
-0.011843
31
-0.039013
12
0.001007
22
-0.017451
32
-0.029076
0
3DFACE
62
2
10
0.000990
20
-0.012659
30
-0.039435
11
0.001007
21
-0.017451
31
-0.029076
12
0.001892
22
-0.018693
32
-0.029730
0
3DFACE
62
2
10
0.000990
20
-0.012659
30
-0.039435
11
0.000700
21
-0.012207
31
-0.039199
12
0.001007
22
-0.017451
32
-0.029076
0
3DFACE
62
2
10
0.001324
20
-0.013085
30
-0.039662
11
0.000990
21
-0.012659
31
-0.039435
12
0.001892
22
-0.018693
32
-0.029730
0
3DFACE
62
2
10
-0.000774
20
-0.010364
30
-0.038285
11
-0.001106
21
-0.014806
31
-0.027760
12
-0.000307
22
-0.014844
32
-0.027760
0
3DFACE
62
2
10
-0.000215
20
-0.010390
30
-0.038285
11
-0.000774
21
-0.010364
31
-0.038285
12
-0.000307
22
-0.014844
32
-0.027760
0
3DFACE
62
2
10
0.002631
20
-0.011950
30
-0.039204
11
0.002271
21
-0.012955
31
-0.039662
12
0.003244
22
-0.018507
32
-0.029730
0
3DFACE
62
2
10
0.002631
20
-0.011950
30
-0.039204
11
0.003545
21
-0.017774
31
-0.029398
12
0.003770
22
-0.017025
32
-0.029055
0
3DFACE
62
2
10
0.002631
20
-0.011950
30
-0.039204
11
0.003244
21
-0.018507
31
-0.029730
12
0.003545
22
-0.017774
32
-0.029398
0
3DFACE
62
2
10
0.002727
20
-0.011435
30
-0.038964
11
0.003770
21
-0.017025
31
-0.029055
12
0.003893
22
-0.016349
32
-0.028739
0
3DFACE
62
2
10
0.002727
20
-0.011435
30
-0.038964
11
0.002631
21
-0.011950
31
-0.039204
12
0.003770
22
-0.017025
32
-0.029055
0
3DFACE
62
2
10
0.002745
20
-0.011047
30
-0.038777
11
0.003923
21
-0.015892
31
-0.028520
12
0.003858
22
-0.015249
32
-0.028201
0
3DFACE
62
2
10
0.002745
20
-0.011047
30
-0.038777
11
0.003893
21
-0.016349
31
-0.028739
12
0.003923
22
-0.015892
32
-0.028520
0
3DFACE
62
2
10
0.002745
20
-0.011047
30
-0.038777
11
0.002727
21
-0.011435
31
-0.038964
12
0.003893
22
-0.016349
32
-0.028739
0
3DFACE
62
2
10
0.002698
20
-0.010658
30
-0.038583
11
0.002745
21
-0.011047
31
-0.038777
12
0.003858
22
-0.015249
32
-0.028201
0
3DFACE
62
2
10
0.002689
20
-0.010479
30
-0.038495
11
0.003858
21
-0.015249
31
-0.028201
12
0.003841
22
-0.015047
32
-0.028101
0
3DFACE
62
2
10
0.002689
20
-0.010479
30
-0.038495
11
0.002698
21
-0.010658
31
-0.038583
12
0.003858
22
-0.015249
32
-0.028201
0
3DFACE
62
2
10
0.002704
20
-0.010370
30
-0.038444
11
0.003841
21
-0.015047
31
-0.028101
12
0.003847
22
-0.014912
32
-0.028036
0
3DFACE
62
2
10
0.002704
20
-0.010370
30
-0.038444
11
0.002689
21
-0.010479
31
-0.038495
12
0.003841
22
-0.015047
32
-0.028101
0
3DFACE
62
2
10
0.002723
20
-0.010306
30
-0.038416
11
0.003847
21
-0.014912
31
-0.028036
12
0.003864
22
-0.014811
32
-0.027990
0
3DFACE
62
2
10
0.002723
20
-0.010306
30
-0.038416
11
0.002704
21
-0.010370
31
-0.038444
12
0.003847
22
-0.014912
32
-0.028036
0
3DFACE
62
2
10
0.002750
20
-0.010243
30
-0.038389
11
0.003864
21
-0.014811
31
-0.027990
12
0.003894
22
-0.014712
32
-0.027945
0
3DFACE
62
2
10
0.002750
20
-0.010243
30
-0.038389
11
0.002723
21
-0.010306
31
-0.038416
12
0.003864
22
-0.014811
32
-0.027990
0
3DFACE
62
2
10
0.002806
20
-0.010152
30
-0.038352
11
0.003894
21
-0.014712
31
-0.027945
12
0.003933
22
-0.014623
32
-0.027908
0
3DFACE
62
2
10
0.002806
20
-0.010152
30
-0.038352
11
0.002750
21
-0.010243
31
-0.038389
12
0.003894
22
-0.014712
32
-0.027945
0
3DFACE
62
2
10
0.002879
20
-0.010067
30
-0.038321
11
0.002806
21
-0.010152
31
-0.038352
12
0.003933
22
-0.014623
32
-0.027908
0
3DFACE
62
2
10
0.002944
20
-0.010007
30
-0.038301
11
0.003933
21
-0.014623
31
-0.027908
12
0.004018
22
-0.014490
32
-0.027854
0
3DFACE
62
2
10
0.002944
20
-0.010007
30
-0.038301
11
0.002879
21
-0.010067
31
-0.038321
12
0.003933
22
-0.014623
32
-0.027908
0
3DFACE
62
2
10
0.003013
20
-0.009951
30
-0.038285
11
0.004133
21
-0.014361
31
-0.027808
12
0.004318
22
-0.014206
32
-0.027760
0
3DFACE
62
2
10
0.003013
20
-0.009951
30
-0.038285
11
0.004018
21
-0.014490
31
-0.027854
12
0.004133
22
-0.014361
32
-0.027808
0
3DFACE
62
2
10
0.003013
20
-0.009951
30
-0.038285
11
0.002944
21
-0.010007
31
-0.038301
12
0.004018
22
-0.014490
32
-0.027854
0
3DFACE
62
2
10
0.003022
20
-0.009943
30
-0.038285
11
0.003013
21
-0.009951
31
-0.038285
12
0.004318
22
-0.014206
32
-0.027760
0
3DFACE
62
2
10
0.003565
20
-0.009767
30
-0.038285
11
0.003553
21
-0.009766
31
-0.038285
12
0.005076
22
-0.013953
32
-0.027760
0
3DFACE
62
2
10
0.003565
20
-0.009767
30
-0.038285
11
0.005448
21
-0.013990
31
-0.027843
12
0.005599
22
-0.014040
32
-0.027894
0
3DFACE
62
2
10
0.003565
20
-0.009767
30
-0.038285
11
0.005289
21
-0.013963
31
-0.027801
12
0.005448
22
-0.013990
32
-0.027843
0
3DFACE
62
2
10
0.003565
20
-0.009767
30
-0.038285
11
0.005183
21
-0.013955
31
-0.027779
12
0.005289
22
-0.013963
32
-0.027801
0
3DFACE
62
2
10
0.003565
20
-0.009767
30
-0.038285
11
0.005076
21
-0.013953
31
-0.027760
12
0.005183
22
-0.013955
32
-0.027779
0
3DFACE
62
2
10
0.003744
20
-0.009779
30
-0.038322
11
0.005599
21
-0.014040
31
-0.027894
12
0.005687
22
-0.014084
32
-0.027930
0
3DFACE
62
2
10
0.003744
20
-0.009779
30
-0.038322
11
0.003565
21
-0.009767
31
-0.038285
12
0.005599
22
-0.014040
32
-0.027894
0
3DFACE
62
2
10
0.003869
20
-0.009809
30
-0.038358
11
0.005687
21
-0.014084
31
-0.027930
12
0.005768
22
-0.014137
32
-0.027970
0
3DFACE
62
2
10
0.003869
20
-0.009809
30
-0.038358
11
0.003744
21
-0.009779
31
-0.038322
12
0.005687
22
-0.014084
32
-0.027930
0
3DFACE
62
2
10
0.003932
20
-0.009834
30
-0.038381
11
0.005768
21
-0.014137
31
-0.027970
12
0.005840
22
-0.014199
32
-0.028012
0
3DFACE
62
2
10
0.003932
20
-0.009834
30
-0.038381
11
0.003869
21
-0.009809
31
-0.038358
12
0.005768
22
-0.014137
32
-0.027970
0
3DFACE
62
2
10
0.003992
20
-0.009865
30
-0.038407
11
0.003932
21
-0.009834
31
-0.038381
12
0.005840
22
-0.014199
32
-0.028012
0
3DFACE
62
2
10
0.004050
20
-0.009906
30
-0.038437
11
0.005840
21
-0.014199
31
-0.028012
12
0.005906
22
-0.014267
32
-0.028057
0
3DFACE
62
2
10
0.004050
20
-0.009906
30
-0.038437
11
0.003992
21
-0.009865
31
-0.038407
12
0.005840
22
-0.014199
32
-0.028012
0
3DFACE
62
2
10
0.004103
20
-0.009953
30
-0.038469
11
0.004050
21
-0.009906
31
-0.038437
12
0.005906
22
-0.014267
32
-0.028057
0
3DFACE
62
2
10
0.004149
20
-0.010006
30
-0.038502
11
0.006052
21
-0.014479
31
-0.028182
12
0.006331
22
-0.014965
32
-0.028461
0
3DFACE
62
2
10
0.004149
20
-0.010006
30
-0.038502
11
0.005906
21
-0.014267
31
-0.028057
12
0.006052
22
-0.014479
32
-0.028182
0
3DFACE
62
2
10
0.004149
20
-0.010006
30
-0.038502
11
0.004103
21
-0.009953
31
-0.038469
12
0.005906
22
-0.014267
32
-0.028057
0
3DFACE
62
2
10
0.004510
20
-0.010581
30
-0.038837
11
0.006331
21
-0.014965
31
-0.028461
12
0.006688
22
-0.015398
32
-0.028730
0
3DFACE
62
2
10
0.004510
20
-0.010581
30
-0.038837
11
0.004149
21
-0.010006
31
-0.038502
12
0.006331
22
-0.014965
32
-0.028461
0
3DFACE
62
2
10
0.004722
20
-0.010820
30
-0.038989
11
0.006688
21
-0.015398
31
-0.028730
12
0.007243
22
-0.015909
32
-0.029076
0
3DFACE
62
2
10
0.004722
20
-0.010820
30
-0.038989
11
0.004510
21
-0.010581
31
-0.038837
12
0.006688
22
-0.015398
32
-0.028730
0
3DFACE
62
2
10
0.005077
20
-0.011142
30
-0.039208
11
0.004722
21
-0.010820
31
-0.038989
12
0.007243
22
-0.015909
32
-0.029076
0
3DFACE
62
2
10
0.005504
20
-0.011452
30
-0.039439
11
0.007243
21
-0.015909
31
-0.029076
12
0.008517
22
-0.016748
32
-0.029730
0
3DFACE
62
2
10
0.005504
20
-0.011452
30
-0.039439
11
0.005077
21
-0.011142
31
-0.039208
12
0.007243
22
-0.015909
32
-0.029076
0
3DFACE
62
2
10
0.005962
20
-0.011723
30
-0.039662
11
0.005504
21
-0.011452
31
-0.039439
12
0.008517
22
-0.016748
32
-0.029730
0
3DFACE
62
2
10
0.003022
20
-0.009943
30
-0.038285
11
0.004318
21
-0.014206
31
-0.027760
12
0.005076
22
-0.013953
32
-0.027760
0
3DFACE
62
2
10
0.003553
20
-0.009766
30
-0.038285
11
0.003022
21
-0.009943
31
-0.038285
12
0.005076
22
-0.013953
32
-0.027760
0
3DFACE
62
2
10
0.006770
20
-0.010192
30
-0.039204
11
0.006797
21
-0.011260
31
-0.039662
12
0.009710
22
-0.016085
32
-0.029730
0
3DFACE
62
2
10
0.006770
20
-0.010192
30
-0.039204
11
0.009726
21
-0.015300
31
-0.029401
12
0.009667
22
-0.014522
32
-0.029059
0
3DFACE
62
2
10
0.006770
20
-0.010192
30
-0.039204
11
0.009710
21
-0.016085
31
-0.029730
12
0.009726
22
-0.015300
32
-0.029401
0
3DFACE
62
2
10
0.006673
20
-0.009677
30
-0.038964
11
0.009667
21
-0.014522
31
-0.029059
12
0.009536
22
-0.013838
32
-0.028739
0
3DFACE
62
2
10
0.006673
20
-0.009677
30
-0.038964
11
0.006770
21
-0.010192
31
-0.039204
12
0.009667
22
-0.014522
32
-0.029059
0
3DFACE
62
2
10
0.006550
20
-0.009309
30
-0.038777
11
0.009399
21
-0.013401
31
-0.028520
12
0.009106
22
-0.012825
32
-0.028200
0
3DFACE
62
2
10
0.006550
20
-0.009309
30
-0.038777
11
0.009536
21
-0.013838
31
-0.028739
12
0.009399
22
-0.013401
32
-0.028520
0
3DFACE
62
2
10
0.006550
20
-0.009309
30
-0.038777
11
0.006673
21
-0.009677
31
-0.038964
12
0.009536
22
-0.013838
32
-0.028739
0
3DFACE
62
2
10
0.006366
20
-0.008963
30
-0.038583
11
0.006550
21
-0.009309
31
-0.038777
12
0.009106
22
-0.012825
32
-0.028200
0
3DFACE
62
2
10
0.006293
20
-0.008800
30
-0.038495
11
0.009106
21
-0.012825
31
-0.028200
12
0.009017
22
-0.012643
32
-0.028101
0
3DFACE
62
2
10
0.006293
20
-0.008800
30
-0.038495
11
0.006366
21
-0.008963
31
-0.038583
12
0.009106
22
-0.012825
32
-0.028200
0
3DFACE
62
2
10
0.006268
20
-0.008693
30
-0.038444
11
0.009017
21
-0.012643
31
-0.028101
12
0.008974
22
-0.012515
32
-0.028036
0
3DFACE
62
2
10
0.006268
20
-0.008693
30
-0.038444
11
0.006293
21
-0.008800
31
-0.038495
12
0.009017
22
-0.012643
32
-0.028101
0
3DFACE
62
2
10
0.006262
20
-0.008626
30
-0.038416
11
0.008974
21
-0.012515
31
-0.028036
12
0.008953
22
-0.012415
32
-0.027989
0
3DFACE
62
2
10
0.006262
20
-0.008626
30
-0.038416
11
0.006268
21
-0.008693
31
-0.038444
12
0.008974
22
-0.012515
32
-0.028036
0
3DFACE
62
2
10
0.006264
20
-0.008558
30
-0.038389
11
0.008953
21
-0.012415
31
-0.027989
12
0.008945
22
-0.012311
32
-0.027945
0
3DFACE
62
2
10
0.006264
20
-0.008558
30
-0.038389
11
0.006262
21
-0.008626
31
-0.038416
12
0.008953
22
-0.012415
32
-0.027989
0
3DFACE
62
2
10
0.006284
20
-0.008453
30
-0.038352
11
0.008945
21
-0.012311
31
-0.027945
12
0.008950
22
-0.012215
32
-0.027908
0
3DFACE
62
2
10
0.006284
20
-0.008453
30
-0.038352
11
0.006264
21
-0.008558
31
-0.038389
12
0.008945
22
-0.012311
32
-0.027945
0
3DFACE
62
2
10
0.006321
20
-0.008347
30
-0.038321
11
0.006284
21
-0.008453
31
-0.038352
12
0.008950
22
-0.012215
32
-0.027908
0
3DFACE
62
2
10
0.006360
20
-0.008268
30
-0.038301
11
0.008950
21
-0.012215
31
-0.027908
12
0.008981
22
-0.012060
32
-0.027854
0
3DFACE
62
2
10
0.006360
20
-0.008268
30
-0.038301
11
0.006321
21
-0.008347
31
-0.038321
12
0.008950
22
-0.012215
32
-0.027908
0
3DFACE
62
2
10
0.006404
20
-0.008191
30
-0.038285
11
0.009042
21
-0.011898
31
-0.027808
12
0.009158
22
-0.011687
32
-0.027760
0
3DFACE
62
2
10
0.006404
20
-0.008191
30
-0.038285
11
0.008981
21
-0.012060
31
-0.027854
12
0.009042
22
-0.011898
32
-0.027808
0
3DFACE
62
2
10
0.006404
20
-0.008191
30
-0.038285
11
0.006360
21
-0.008268
31
-0.038301
12
0.008981
22
-0.012060
32
-0.027854
0
3DFACE
62
2
10
0.006410
20
-0.008180
30
-0.038285
11
0.006404
21
-0.008191
31
-0.038285
12
0.009158
22
-0.011687
32
-0.027760
0
3DFACE
62
2
10
0.006853
20
-0.007820
30
-0.038285
11
0.006841
21
-0.007823
31
-0.038285
12
0.009774
22
-0.011177
32
-0.027760
0
3DFACE
62
2
10
0.006853
20
-0.007820
30
-0.038285
11
0.010150
21
-0.011075
31
-0.027848
12
0.010294
22
-0.011069
32
-0.027894
0
3DFACE
62
2
10
0.006853
20
-0.007820
30
-0.038285
11
0.010007
21
-0.011101
31
-0.027809
12
0.010150
22
-0.011075
32
-0.027848
0
3DFACE
62
2
10
0.006853
20
-0.007820
30
-0.038285
11
0.009889
21
-0.011135
31
-0.027782
12
0.010007
22
-0.011101
32
-0.027809
0
3DFACE
62
2
10
0.006853
20
-0.007820
30
-0.038285
11
0.009774
21
-0.011177
31
-0.027760
12
0.009889
22
-0.011135
32
-0.027782
0
3DFACE
62
2
10
0.007024
20
-0.007767
30
-0.038322
11
0.010294
21
-0.011069
31
-0.027894
12
0.010391
22
-0.011078
32
-0.027931
0
3DFACE
62
2
10
0.007024
20
-0.007767
30
-0.038322
11
0.006853
21
-0.007820
31
-0.038285
12
0.010294
22
-0.011069
32
-0.027894
0
3DFACE
62
2
10
0.007151
20
-0.007749
30
-0.038358
11
0.010391
21
-0.011078
31
-0.027931
12
0.010485
22
-0.011099
32
-0.027970
0
3DFACE
62
2
10
0.007151
20
-0.007749
30
-0.038358
11
0.007024
21
-0.007767
31
-0.038322
12
0.010391
22
-0.011078
32
-0.027931
0
3DFACE
62
2
10
0.007219
20
-0.007749
30
-0.038381
11
0.010485
21
-0.011099
31
-0.027970
12
0.010576
22
-0.011130
32
-0.028013
0
3DFACE
62
2
10
0.007219
20
-0.007749
30
-0.038381
11
0.007151
21
-0.007749
31
-0.038358
12
0.010485
22
-0.011099
32
-0.027970
0
3DFACE
62
2
10
0.007286
20
-0.007757
30
-0.038407
11
0.007219
21
-0.007749
31
-0.038381
12
0.010576
22
-0.011130
32
-0.028013
0
3DFACE
62
2
10
0.007355
20
-0.007774
30
-0.038437
11
0.010576
21
-0.011130
31
-0.028013
12
0.010661
22
-0.011171
32
-0.028057
0
3DFACE
62
2
10
0.007355
20
-0.007774
30
-0.038437
11
0.007286
21
-0.007757
31
-0.038407
12
0.010576
22
-0.011130
32
-0.028013
0
3DFACE
62
2
10
0.007422
20
-0.007799
30
-0.038469
11
0.010661
21
-0.011171
31
-0.028057
12
0.010772
22
-0.011239
32
-0.028120
0
3DFACE
62
2
10
0.007422
20
-0.007799
30
-0.038469
11
0.007355
21
-0.007774
31
-0.038437
12
0.010661
22
-0.011171
32
-0.028057
0
3DFACE
62
2
10
0.007484
20
-0.007831
30
-0.038502
11
0.010895
21
-0.011333
31
-0.028196
12
0.011288
22
-0.011652
32
-0.028448
0
3DFACE
62
2
10
0.007484
20
-0.007831
30
-0.038502
11
0.010772
21
-0.011239
31
-0.028120
12
0.010895
22
-0.011333
32
-0.028196
0
3DFACE
62
2
10
0.007484
20
-0.007831
30
-0.038502
11
0.007422
21
-0.007799
31
-0.038469
12
0.010772
22
-0.011239
32
-0.028120
0
3DFACE
62
2
10
0.008028
20
-0.008237
30
-0.038837
11
0.011288
21
-0.011652
31
-0.028448
12
0.011721
22
-0.011904
32
-0.028689
0
3DFACE
62
2
10
0.008028
20
-0.008237
30
-0.038837
11
0.007484
21
-0.007831
31
-0.038502
12
0.011288
22
-0.011652
32
-0.028448
0
3DFACE
62
2
10
0.008311
20
-0.008384
30
-0.038989
11
0.011721
21
-0.011904
31
-0.028689
12
0.012639
22
-0.012261
32
-0.029140
0
3DFACE
62
2
10
0.008311
20
-0.008384
30
-0.038989
11
0.008028
21
-0.008237
31
-0.038837
12
0.011721
22
-0.011904
32
-0.028689
0
3DFACE
62
2
10
0.008759
20
-0.008556
30
-0.039208
11
0.008311
21
-0.008384
31
-0.038989
12
0.012639
22
-0.012261
32
-0.029140
0
3DFACE
62
2
10
0.009269
20
-0.008690
30
-0.039439
11
0.012639
21
-0.012261
31
-0.029140
12
0.013992
22
-0.012540
32
-0.029730
0
3DFACE
62
2
10
0.009269
20
-0.008690
30
-0.039439
11
0.008759
21
-0.008556
31
-0.039208
12
0.012639
22
-0.012261
32
-0.029140
0
3DFACE
62
2
10
0.009794
20
-0.008778
30
-0.039662
11
0.009269
21
-0.008690
31
-0.039439
12
0.013992
22
-0.012540
32
-0.029730
0
3DFACE
62
2
10
0.006410
20
-0.008180
30
-0.038285
11
0.009158
21
-0.011687
31
-0.027760
12
0.009774
22
-0.011177
32
-0.027760
0
3DFACE
62
2
10
0.006841
20
-0.007823
30
-0.038285
11
0.006410
21
-0.008180
31
-0.038285
12
0.009774
22
-0.011177
32
-0.027760
0
3DFACE
62
2
10
0.009995
20
-0.007058
30
-0.039204
11
0.010405
21
-0.008044
31
-0.039662
12
0.014865
22
-0.011491
32
-0.029730
0
3DFACE
62
2
10
0.009995
20
-0.007058
30
-0.039204
11
0.014596
21
-0.010753
31
-0.029401
12
0.014260
22
-0.010049
32
-0.029059
0
3DFACE
62
2
10
0.009995
20
-0.007058
30
-0.039204
11
0.014865
21
-0.011491
31
-0.029730
12
0.014596
22
-0.010753
32
-0.029401
0
3DFACE
62
2
10
0.009718
20
-0.006613
30
-0.038964
11
0.014260
21
-0.010049
31
-0.029059
12
0.013891
22
-0.009458
32
-0.028739
0
3DFACE
62
2
10
0.009718
20
-0.006613
30
-0.038964
11
0.009995
21
-0.007058
31
-0.039204
12
0.014260
22
-0.010049
32
-0.029059
0
3DFACE
62
2
10
0.009471
20
-0.006314
30
-0.038777
11
0.013605
21
-0.009101
31
-0.028520
12
0.013124
22
-0.008670
32
-0.028200
0
3DFACE
62
2
10
0.009471
20
-0.006314
30
-0.038777
11
0.013891
21
-0.009458
31
-0.028739
12
0.013605
22
-0.009101
32
-0.028520
0
3DFACE
62
2
10
0.009471
20
-0.006314
30
-0.038777
11
0.009718
21
-0.006613
31
-0.038964
12
0.013891
22
-0.009458
32
-0.028739
0
3DFACE
62
2
10
0.009174
20
-0.006058
30
-0.038583
11
0.009471
21
-0.006314
31
-0.038777
12
0.013124
22
-0.008670
32
-0.028200
0
3DFACE
62
2
10
0.009047
20
-0.005932
30
-0.038495
11
0.013124
21
-0.008670
31
-0.028200
12
0.012975
22
-0.008532
32
-0.028101
0
3DFACE
62
2
10
0.009047
20
-0.005932
30
-0.038495
11
0.009174
21
-0.006058
31
-0.038583
12
0.013124
22
-0.008670
32
-0.028200
0
3DFACE
62
2
10
0.008985
20
-0.005842
30
-0.038444
11
0.012975
21
-0.008532
31
-0.028101
12
0.012889
22
-0.008429
32
-0.028036
0
3DFACE
62
2
10
0.008985
20
-0.005842
30
-0.038444
11
0.009047
21
-0.005932
31
-0.038495
12
0.012975
22
-0.008532
32
-0.028101
0
3DFACE
62
2
10
0.008955
20
-0.005782
30
-0.038416
11
0.012889
21
-0.008429
31
-0.028036
12
0.012833
22
-0.008342
32
-0.027989
0
3DFACE
62
2
10
0.008955
20
-0.005782
30
-0.038416
11
0.008985
21
-0.005842
31
-0.038444
12
0.012889
22
-0.008429
32
-0.028036
0
3DFACE
62
2
10
0.008933
20
-0.005717
30
-0.038389
11
0.012833
21
-0.008342
31
-0.027989
12
0.012789
22
-0.008249
32
-0.027945
0
3DFACE
62
2
10
0.008933
20
-0.005717
30
-0.038389
11
0.008955
21
-0.005782
31
-0.038416
12
0.012833
22
-0.008342
32
-0.027989
0
3DFACE
62
2
10
0.008913
20
-0.005612
30
-0.038352
11
0.012789
21
-0.008249
31
-0.027945
12
0.012758
22
-0.008157
32
-0.027908
0
3DFACE
62
2
10
0.008913
20
-0.005612
30
-0.038352
11
0.008933
21
-0.005717
31
-0.038389
12
0.012789
22
-0.008249
32
-0.027945
0
3DFACE
62
2
10
0.008910
20
-0.005499
30
-0.038321
11
0.008913
21
-0.005612
31
-0.038352
12
0.012758
22
-0.008157
32
-0.027908
0
3DFACE
62
2
10
0.008917
20
-0.005412
30
-0.038301
11
0.012758
21
-0.008157
31
-0.027908
12
0.012731
22
-0.008001
32
-0.027854
0
3DFACE
62
2
10
0.008917
20
-0.005412
30
-0.038301
11
0.008910
21
-0.005499
31
-0.038321
12
0.012758
22
-0.008157
32
-0.027908
0
3DFACE
62
2
10
0.008931
20
-0.005325
30
-0.038285
11
0.012729
21
-0.007828
31
-0.027808
12
0.012761
22
-0.007590
32
-0.027760
0
3DFACE
62
2
10
0.008931
20
-0.005325
30
-0.038285
11
0.012731
21
-0.008001
31
-0.027854
12
0.012729
22
-0.007828
32
-0.027808
0
3DFACE
62
2
10
0.008931
20
-0.005325
30
-0.038285
11
0.008917
21
-0.005412
31
-0.038301
12
0.012731
22
-0.008001
32
-0.027854
0
3DFACE
62
2
10
0.008932
20
-0.005312
30
-0.038285
11
0.008931
21
-0.005325
31
-0.038285
12
0.012761
22
-0.007590
32
-0.027760
0
3DFACE
62
2
10
0.009215
20
-0.004816
30
-0.038285
11
0.009205
21
-0.004824
31
-0.038285
12
0.013151
22
-0.006892
32
-0.027760
0
3DFACE
62
2
10
0.009215
20
-0.004816
30
-0.038285
11
0.013466
21
-0.006661
31
-0.027848
12
0.013597
22
-0.006603
32
-0.027894
0
3DFACE
62
2
10
0.009215
20
-0.004816
30
-0.038285
11
0.013341
21
-0.006737
31
-0.027809
12
0.013466
22
-0.006661
32
-0.027848
0
3DFACE
62
2
10
0.009215
20
-0.004816
30
-0.038285
11
0.013244
21
-0.006810
31
-0.027782
12
0.013341
22
-0.006737
32
-0.027809
0
3DFACE
62
2
10
0.009215
20
-0.004816
30
-0.038285
11
0.013151
21
-0.006892
31
-0.027760
12
0.013244
22
-0.006810
32
-0.027782
0
3DFACE
62
2
10
0.009355
20
-0.004705
30
-0.038322
11
0.013597
21
-0.006603
31
-0.027894
12
0.013692
22
-0.006577
32
-0.027931
0
3DFACE
62
2
10
0.009355
20
-0.004705
30
-0.038322
11
0.009215
21
-0.004816
31
-0.038285
12
0.013597
22
-0.006603
32
-0.027894
0
3DFACE
62
2
10
0.009467
20
-0.004643
30
-0.038358
11
0.013692
21
-0.006577
31
-0.027931
12
0.013787
22
-0.006562
32
-0.027970
0
3DFACE
62
2
10
0.009467
20
-0.004643
30
-0.038358
11
0.009355
21
-0.004705
31
-0.038322
12
0.013692
22
-0.006577
32
-0.027931
0
3DFACE
62
2
10
0.009531
20
-0.004618
30
-0.038381
11
0.013787
21
-0.006562
31
-0.027970
12
0.013882
22
-0.006558
32
-0.028013
0
3DFACE
62
2
10
0.009531
20
-0.004618
30
-0.038381
11
0.009467
21
-0.004643
31
-0.038358
12
0.013787
22
-0.006562
32
-0.027970
0
3DFACE
62
2
10
0.009596
20
-0.004601
30
-0.038407
11
0.009531
21
-0.004618
31
-0.038381
12
0.013882
22
-0.006558
32
-0.028013
0
3DFACE
62
2
10
0.009667
20
-0.004592
30
-0.038437
11
0.013882
21
-0.006558
31
-0.028013
12
0.013977
22
-0.006565
32
-0.028057
0
3DFACE
62
2
10
0.009667
20
-0.004592
30
-0.038437
11
0.009596
21
-0.004601
31
-0.038407
12
0.013882
22
-0.006558
32
-0.028013
0
3DFACE
62
2
10
0.009738
20
-0.004592
30
-0.038469
11
0.013977
21
-0.006565
31
-0.028057
12
0.014104
22
-0.006589
32
-0.028120
0
3DFACE
62
2
10
0.009738
20
-0.004592
30
-0.038469
11
0.009667
21
-0.004592
31
-0.038437
12
0.013977
22
-0.006565
32
-0.028057
0
3DFACE
62
2
10
0.009807
20
-0.004599
30
-0.038502
11
0.014253
21
-0.006632
31
-0.028196
12
0.014735
22
-0.006788
32
-0.028448
0
3DFACE
62
2
10
0.009807
20
-0.004599
30
-0.038502
11
0.014104
21
-0.006589
31
-0.028120
12
0.014253
22
-0.006632
32
-0.028196
0
3DFACE
62
2
10
0.009807
20
-0.004599
30
-0.038502
11
0.009738
21
-0.004592
31
-0.038469
12
0.014104
22
-0.006589
32
-0.028120
0
3DFACE
62
2
10
0.010462
20
-0.004781
30
-0.038837
11
0.014735
21
-0.006788
31
-0.028448
12
0.015229
22
-0.006866
32
-0.028689
0
3DFACE
62
2
10
0.010462
20
-0.004781
30
-0.038837
11
0.009807
21
-0.004599
31
-0.038502
12
0.014735
22
-0.006788
32
-0.028448
0
3DFACE
62
2
10
0.010779
20
-0.004815
30
-0.038989
11
0.015229
21
-0.006866
31
-0.028689
12
0.016215
22
-0.006867
32
-0.029140
0
3DFACE
62
2
10
0.010779
20
-0.004815
30
-0.038989
11
0.010462
21
-0.004781
31
-0.038837
12
0.015229
22
-0.006866
32
-0.028689
0
3DFACE
62
2
10
0.011258
20
-0.004814
30
-0.039208
11
0.010779
21
-0.004815
31
-0.038989
12
0.016215
22
-0.006867
32
-0.029140
0
3DFACE
62
2
10
0.011782
20
-0.004755
30
-0.039439
11
0.016215
21
-0.006867
31
-0.029140
12
0.017577
22
-0.006639
32
-0.029730
0
3DFACE
62
2
10
0.011782
20
-0.004755
30
-0.039439
11
0.011258
21
-0.004814
31
-0.039208
12
0.016215
22
-0.006867
32
-0.029140
0
3DFACE
62
2
10
0.012304
20
-0.004647
30
-0.039662
11
0.011782
21
-0.004755
31
-0.039439
12
0.017577
22
-0.006639
32
-0.029730
0
3DFACE
62
2
10
0.008932
20
-0.005312
30
-0.038285
11
0.012761
21
-0.007590
31
-0.027760
12
0.013151
22
-0.006892
32
-0.027760
0
3DFACE
62
2
10
0.009205
20
-0.004824
30
-0.038285
11
0.008932
21
-0.005312
31
-0.038285
12
0.013151
22
-0.006892
32
-0.027760
0
3DFACE
62
2
10
0.011870
20
-0.002971
30
-0.039204
11
0.012609
21
-0.003742
31
-0.039662
12
0.018012
22
-0.005346
32
-0.029730
0
3DFACE
62
2
10
0.011870
20
-0.002971
30
-0.039204
11
0.017495
21
-0.004754
31
-0.029401
12
0.016927
22
-0.004219
32
-0.029059
0
3DFACE
62
2
10
0.011870
20
-0.002971
30
-0.039204
11
0.018012
21
-0.005346
31
-0.029730
12
0.017495
22
-0.004754
32
-0.029401
0
3DFACE
62
2
10
0.011451
20
-0.002656
30
-0.038964
11
0.016927
21
-0.004219
31
-0.029059
12
0.016370
22
-0.003802
32
-0.028739
0
3DFACE
62
2
10
0.011451
20
-0.002656
30
-0.038964
11
0.011870
21
-0.002971
31
-0.039204
12
0.016927
22
-0.004219
32
-0.029059
0
3DFACE
62
2
10
0.011112
20
-0.002467
30
-0.038777
11
0.015974
21
-0.003572
31
-0.028520
12
0.015369
22
-0.003343
32
-0.028200
0
3DFACE
62
2
10
0.011112
20
-0.002467
30
-0.038777
11
0.016370
21
-0.003802
31
-0.028739
12
0.015974
22
-0.003572
32
-0.028520
0
3DFACE
62
2
10
0.011112
20
-0.002467
30
-0.038777
11
0.011451
21
-0.002656
31
-0.038964
12
0.016370
22
-0.003802
32
-0.028739
0
3DFACE
62
2
10
0.010743
20
-0.002335
30
-0.038583
11
0.011112
21
-0.002467
31
-0.038777
12
0.015369
22
-0.003343
32
-0.028200
0
3DFACE
62
2
10
0.010579
20
-0.002263
30
-0.038495
11
0.015369
21
-0.003343
31
-0.028200
12
0.015181
22
-0.003269
32
-0.028101
0
3DFACE
62
2
10
0.010579
20
-0.002263
30
-0.038495
11
0.010743
21
-0.002335
31
-0.038583
12
0.015369
22
-0.003343
32
-0.028200
0
3DFACE
62
2
10
0.010488
20
-0.002202
30
-0.038444
11
0.015181
21
-0.003269
31
-0.028101
12
0.015063
22
-0.003203
32
-0.028036
0
3DFACE
62
2
10
0.010488
20
-0.002202
30
-0.038444
11
0.010579
21
-0.002263
31
-0.038495
12
0.015181
22
-0.003269
32
-0.028101
0
3DFACE
62
2
10
0.010439
20
-0.002156
30
-0.038416
11
0.015063
21
-0.003203
31
-0.028036
12
0.014980
22
-0.003143
32
-0.027989
0
3DFACE
62
2
10
0.010439
20
-0.002156
30
-0.038416
11
0.010488
21
-0.002202
31
-0.038444
12
0.015063
22
-0.003203
32
-0.028036
0
3DFACE
62
2
10
0.010395
20
-0.002104
30
-0.038389
11
0.014980
21
-0.003143
31
-0.027989
12
0.014905
22
-0.003072
32
-0.027945
0
3DFACE
62
2
10
0.010395
20
-0.002104
30
-0.038389
11
0.010439
21
-0.002156
31
-0.038416
12
0.014980
22
-0.003143
32
-0.027989
0
3DFACE
62
2
10
0.010339
20
-0.002013
30
-0.038352
11
0.014905
21
-0.003072
31
-0.027945
12
0.014843
22
-0.002998
32
-0.027908
0
3DFACE
62
2
10
0.010339
20
-0.002013
30
-0.038352
11
0.010395
21
-0.002104
31
-0.038389
12
0.014905
22
-0.003072
32
-0.027945
0
3DFACE
62
2
10
0.010295
20
-0.001909
30
-0.038321
11
0.010339
21
-0.002013
31
-0.038352
12
0.014843
22
-0.002998
32
-0.027908
0
3DFACE
62
2
10
0.010270
20
-0.001825
30
-0.038301
11
0.014843
21
-0.002998
31
-0.027908
12
0.014762
22
-0.002862
32
-0.027854
0
3DFACE
62
2
10
0.010270
20
-0.001825
30
-0.038301
11
0.010295
21
-0.001909
31
-0.038321
12
0.014843
22
-0.002998
32
-0.027908
0
3DFACE
62
2
10
0.010251
20
-0.001739
30
-0.038285
11
0.014697
21
-0.002701
31
-0.027808
12
0.014641
22
-0.002467
32
-0.027760
0
3DFACE
62
2
10
0.010251
20
-0.001739
30
-0.038285
11
0.014762
21
-0.002862
31
-0.027854
12
0.014697
22
-0.002701
32
-0.027808
0
3DFACE
62
2
10
0.010251
20
-0.001739
30
-0.038285
11
0.010270
21
-0.001825
31
-0.038301
12
0.014762
22
-0.002862
32
-0.027854
0
3DFACE
62
2
10
0.010248
20
-0.001727
30
-0.038285
11
0.010251
21
-0.001739
31
-0.038285
12
0.014641
22
-0.002467
32
-0.027760
0
3DFACE
62
2
10
0.010332
20
-0.001162
30
-0.038285
11
0.010326
21
-0.001173
31
-0.038285
12
0.014753
22
-0.001676
32
-0.027760
0
3DFACE
62
2
10
0.010332
20
-0.001162
30
-0.038285
11
0.014943
21
-0.001370
31
-0.027839
12
0.015017
22
-0.001289
32
-0.027872
0
3DFACE
62
2
10
0.010332
20
-0.001162
30
-0.038285
11
0.014839
21
-0.001516
31
-0.027794
12
0.014943
22
-0.001370
32
-0.027839
0
3DFACE
62
2
10
0.010332
20
-0.001162
30
-0.038285
11
0.014753
21
-0.001676
31
-0.027760
12
0.014839
22
-0.001516
32
-0.027794
0
3DFACE
62
2
10
0.010409
20
-0.001028
30
-0.038316
11
0.015017
21
-0.001289
31
-0.027872
12
0.015099
22
-0.001218
32
-0.027910
0
3DFACE
62
2
10
0.010409
20
-0.001028
30
-0.038316
11
0.010332
21
-0.001162
31
-0.038285
12
0.015017
22
-0.001289
32
-0.027872
0
3DFACE
62
2
10
0.010484
20
-0.000931
30
-0.038349
11
0.015099
21
-0.001218
31
-0.027910
12
0.015188
22
-0.001159
32
-0.027952
0
3DFACE
62
2
10
0.010484
20
-0.000931
30
-0.038349
11
0.010409
21
-0.001028
31
-0.038316
12
0.015099
22
-0.001218
32
-0.027910
0
3DFACE
62
2
10
0.010567
20
-0.000854
30
-0.038387
11
0.015188
21
-0.001159
31
-0.027952
12
0.015282
22
-0.001113
32
-0.027997
0
3DFACE
62
2
10
0.010567
20
-0.000854
30
-0.038387
11
0.010484
21
-0.000931
31
-0.038349
12
0.015188
22
-0.001159
32
-0.027952
0
3DFACE
62
2
10
0.010628
20
-0.000813
30
-0.038415
11
0.015282
21
-0.001113
31
-0.027997
12
0.015412
22
-0.001071
32
-0.028061
0
3DFACE
62
2
10
0.010628
20
-0.000813
30
-0.038415
11
0.010567
21
-0.000854
31
-0.038387
12
0.015282
22
-0.001113
32
-0.027997
0
3DFACE
62
2
10
0.010701
20
-0.000778
30
-0.038451
11
0.010628
21
-0.000813
31
-0.038415
12
0.015412
22
-0.001071
32
-0.028061
0
3DFACE
62
2
10
0.010778
20
-0.000752
30
-0.038488
11
0.015412
21
-0.001071
31
-0.028061
12
0.015556
22
-0.001046
32
-0.028131
0
3DFACE
62
2
10
0.010778
20
-0.000752
30
-0.038488
11
0.010701
21
-0.000778
31
-0.038451
12
0.015412
22
-0.001071
32
-0.028061
0
3DFACE
62
2
10
0.010883
20
-0.000733
30
-0.038540
11
0.015556
21
-0.001046
31
-0.028131
12
0.016262
22
-0.000996
32
-0.028482
0
3DFACE
62
2
10
0.010883
20
-0.000733
30
-0.038540
11
0.010778
21
-0.000752
31
-0.038488
12
0.015556
22
-0.001046
32
-0.028131
0
3DFACE
62
2
10
0.011387
20
-0.000697
30
-0.038790
11
0.016262
21
-0.000996
31
-0.028482
12
0.016971
22
-0.000809
32
-0.028831
0
3DFACE
62
2
10
0.011387
20
-0.000697
30
-0.038790
11
0.010883
21
-0.000733
31
-0.038540
12
0.016262
22
-0.000996
32
-0.028482
0
3DFACE
62
2
10
0.011880
20
-0.000566
30
-0.039033
11
0.016971
21
-0.000809
31
-0.028831
12
0.017495
22
-0.000596
32
-0.029089
0
3DFACE
62
2
10
0.011880
20
-0.000566
30
-0.039033
11
0.011387
21
-0.000697
31
-0.038790
12
0.016971
22
-0.000809
32
-0.028831
0
3DFACE
62
2
10
0.012322
20
-0.000382
30
-0.039250
11
0.017495
21
-0.000596
31
-0.029089
12
0.018007
22
-0.000335
32
-0.029341
0
3DFACE
62
2
10
0.012322
20
-0.000382
30
-0.039250
11
0.011880
21
-0.000566
31
-0.039033
12
0.017495
22
-0.000596
32
-0.029089
0
3DFACE
62
2
10
0.012745
20
-0.000154
30
-0.039459
11
0.018007
21
-0.000335
31
-0.029341
12
0.018788
22
0.000159
32
-0.029730
0
3DFACE
62
2
10
0.012745
20
-0.000154
30
-0.039459
11
0.012322
21
-0.000382
31
-0.039250
12
0.018007
22
-0.000335
32
-0.029341
0
3DFACE
62
2
10
0.013152
20
0.000111
30
-0.039662
11
0.012745
21
-0.000154
31
-0.039459
12
0.018788
22
0.000159
32
-0.029730
0
3DFACE
62
2
10
0.010248
20
-0.001727
30
-0.038285
11
0.014641
21
-0.002467
31
-0.027760
12
0.014753
22
-0.001676
32
-0.027760
0
3DFACE
62
2
10
0.010326
20
-0.001173
30
-0.038285
11
0.010248
21
-0.001727
31
-0.038285
12
0.014753
22
-0.001676
32
-0.027760
0
3DFACE
62
2
10
0.012141
20
0.001518
30
-0.039204
11
0.013109
21
0.001066
31
-0.039662
12
0.018727
22
0.001522
32
-0.029730
0
3DFACE
62
2
10
0.012141
20
0.001518
30
-0.039204
11
0.018031
21
0.001887
31
-0.029401
12
0.017308
22
0.002180
32
-0.029059
0
3DFACE
62
2
10
0.012141
20
0.001518
30
-0.039204
11
0.018727
21
0.001522
31
-0.029730
12
0.018031
22
0.001887
32
-0.029401
0
3DFACE
62
2
10
0.011637
20
0.001660
30
-0.038964
11
0.017308
21
0.002180
31
-0.029059
12
0.016638
22
0.002369
32
-0.028739
0
3DFACE
62
2
10
0.011637
20
0.001660
30
-0.038964
11
0.012141
21
0.001518
31
-0.039204
12
0.017308
22
0.002180
32
-0.029059
0
3DFACE
62
2
10
0.011253
20
0.001714
30
-0.038777
11
0.016186
21
0.002440
31
-0.028520
12
0.015539
22
0.002434
32
-0.028200
0
3DFACE
62
2
10
0.011253
20
0.001714
30
-0.038777
11
0.016638
21
0.002369
31
-0.028739
12
0.016186
22
0.002440
32
-0.028520
0
3DFACE
62
2
10
0.011253
20
0.001714
30
-0.038777
11
0.011637
21
0.001660
31
-0.038964
12
0.016638
22
0.002369
32
-0.028739
0
3DFACE
62
2
10
0.010861
20
0.001703
30
-0.038583
11
0.011253
21
0.001714
31
-0.038777
12
0.015539
22
0.002434
32
-0.028200
0
3DFACE
62
2
10
0.010682
20
0.001711
30
-0.038495
11
0.015539
21
0.002434
31
-0.028200
12
0.015337
22
0.002436
32
-0.028101
0
3DFACE
62
2
10
0.010682
20
0.001711
30
-0.038495
11
0.010861
21
0.001703
31
-0.038583
12
0.015539
22
0.002434
32
-0.028200
0
3DFACE
62
2
10
0.010575
20
0.001736
30
-0.038444
11
0.015337
21
0.002436
31
-0.028101
12
0.015203
22
0.002454
32
-0.028036
0
3DFACE
62
2
10
0.010575
20
0.001736
30
-0.038444
11
0.010682
21
0.001711
31
-0.038495
12
0.015337
22
0.002436
32
-0.028101
0
3DFACE
62
2
10
0.010513
20
0.001760
30
-0.038416
11
0.015203
21
0.002454
31
-0.028036
12
0.015104
22
0.002481
32
-0.027989
0
3DFACE
62
2
10
0.010513
20
0.001760
30
-0.038416
11
0.010575
21
0.001736
31
-0.038444
12
0.015203
22
0.002454
32
-0.028036
0
3DFACE
62
2
10
0.010453
20
0.001793
30
-0.038389
11
0.015104
21
0.002481
31
-0.027989
12
0.015008
22
0.002520
32
-0.027945
0
3DFACE
62
2
10
0.010453
20
0.001793
30
-0.038389
11
0.010513
21
0.001760
31
-0.038416
12
0.015104
22
0.002481
32
-0.027989
0
3DFACE
62
2
10
0.010368
20
0.001857
30
-0.038352
11
0.015008
21
0.002520
31
-0.027945
12
0.014924
22
0.002567
32
-0.027908
0
3DFACE
62
2
10
0.010368
20
0.001857
30
-0.038352
11
0.010453
21
0.001793
31
-0.038389
12
0.015008
22
0.002520
32
-0.027945
0
3DFACE
62
2
10
0.010289
20
0.001938
30
-0.038321
11
0.010368
21
0.001857
31
-0.038352
12
0.014924
22
0.002567
32
-0.027908
0
3DFACE
62
2
10
0.010236
20
0.002008
30
-0.038301
11
0.014924
21
0.002567
31
-0.027908
12
0.014799
22
0.002664
32
-0.027854
0
3DFACE
62
2
10
0.010236
20
0.002008
30
-0.038301
11
0.010289
21
0.001938
31
-0.038321
12
0.014924
22
0.002567
32
-0.027908
0
3DFACE
62
2
10
0.010187
20
0.002082
30
-0.038285
11
0.014681
21
0.002790
31
-0.027808
12
0.014544
22
0.002988
32
-0.027760
0
3DFACE
62
2
10
0.010187
20
0.002082
30
-0.038285
11
0.014799
21
0.002664
31
-0.027854
12
0.014681
22
0.002790
32
-0.027808
0
3DFACE
62
2
10
0.010187
20
0.002082
30
-0.038285
11
0.010236
21
0.002008
31
-0.038301
12
0.014799
22
0.002664
32
-0.027854
0
3DFACE
62
2
10
0.010180
20
0.002092
30
-0.038285
11
0.010187
21
0.002082
31
-0.038285
12
0.014544
22
0.002988
32
-0.027760
0
3DFACE
62
2
10
0.010054
20
0.002649
30
-0.038285
11
0.010052
21
0.002637
31
-0.038285
12
0.014362
22
0.003767
32
-0.027760
0
3DFACE
62
2
10
0.010054
20
0.002649
30
-0.038285
11
0.014439
21
0.004149
31
-0.027848
12
0.014497
22
0.004280
32
-0.027894
0
3DFACE
62
2
10
0.010054
20
0.002649
30
-0.038285
11
0.014398
21
0.004009
31
-0.027809
12
0.014439
22
0.004149
32
-0.027848
0
3DFACE
62
2
10
0.010054
20
0.002649
30
-0.038285
11
0.014376
21
0.003889
31
-0.027782
12
0.014398
22
0.004009
32
-0.027809
0
3DFACE
62
2
10
0.010054
20
0.002649
30
-0.038285
11
0.014362
21
0.003767
31
-0.027760
12
0.014376
22
0.003889
32
-0.027782
0
3DFACE
62
2
10
0.010083
20
0.002825
30
-0.038322
11
0.014497
21
0.004280
31
-0.027894
12
0.014549
22
0.004364
32
-0.027931
0
3DFACE
62
2
10
0.010083
20
0.002825
30
-0.038322
11
0.010054
21
0.002649
31
-0.038285
12
0.014497
22
0.004280
32
-0.027894
0
3DFACE
62
2
10
0.010124
20
0.002947
30
-0.038358
11
0.014549
21
0.004364
31
-0.027931
12
0.014609
22
0.004439
32
-0.027970
0
3DFACE
62
2
10
0.010124
20
0.002947
30
-0.038358
11
0.010083
21
0.002825
31
-0.038322
12
0.014549
22
0.004364
32
-0.027931
0
3DFACE
62
2
10
0.010155
20
0.003008
30
-0.038381
11
0.014609
21
0.004439
31
-0.027970
12
0.014677
22
0.004506
32
-0.028013
0
3DFACE
62
2
10
0.010155
20
0.003008
30
-0.038381
11
0.010124
21
0.002947
31
-0.038358
12
0.014609
22
0.004439
32
-0.027970
0
3DFACE
62
2
10
0.010191
20
0.003065
30
-0.038407
11
0.010155
21
0.003008
31
-0.038381
12
0.014677
22
0.004506
32
-0.028013
0
3DFACE
62
2
10
0.010238
20
0.003119
30
-0.038437
11
0.014677
21
0.004506
31
-0.028013
12
0.014752
22
0.004564
32
-0.028057
0
3DFACE
62
2
10
0.010238
20
0.003119
30
-0.038437
11
0.010191
21
0.003065
31
-0.038407
12
0.014677
22
0.004506
32
-0.028013
0
3DFACE
62
2
10
0.010290
20
0.003167
30
-0.038469
11
0.014752
21
0.004564
31
-0.028057
12
0.014862
22
0.004633
32
-0.028120
0
3DFACE
62
2
10
0.010290
20
0.003167
30
-0.038469
11
0.010238
21
0.003119
31
-0.038437
12
0.014752
22
0.004564
32
-0.028057
0
3DFACE
62
2
10
0.010346
20
0.003209
30
-0.038502
11
0.015001
21
0.004701
31
-0.028196
12
0.015462
22
0.004911
32
-0.028448
0
3DFACE
62
2
10
0.010346
20
0.003209
30
-0.038502
11
0.014862
21
0.004633
31
-0.028120
12
0.015001
22
0.004701
32
-0.028196
0
3DFACE
62
2
10
0.010346
20
0.003209
30
-0.038502
11
0.010290
21
0.003167
31
-0.038469
12
0.014862
22
0.004633
32
-0.028120
0
3DFACE
62
2
10
0.010952
20
0.003515
30
-0.038837
11
0.015462
21
0.004911
31
-0.028448
12
0.015880
22
0.005186
32
-0.028689
0
3DFACE
62
2
10
0.010952
20
0.003515
30
-0.038837
11
0.010346
21
0.003209
31
-0.038502
12
0.015462
22
0.004911
32
-0.028448
0
3DFACE
62
2
10
0.011210
20
0.003703
30
-0.038989
11
0.015880
21
0.005186
31
-0.028689
12
0.016609
22
0.005849
32
-0.029140
0
3DFACE
62
2
10
0.011210
20
0.003703
30
-0.038989
11
0.010952
21
0.003515
31
-0.038837
12
0.015880
22
0.005186
32
-0.028689
0
3DFACE
62
2
10
0.011563
20
0.004027
30
-0.039208
11
0.011210
21
0.003703
31
-0.038989
12
0.016609
22
0.005849
32
-0.029140
0
3DFACE
62
2
10
0.011911
20
0.004424
30
-0.039439
11
0.016609
21
0.005849
31
-0.029140
12
0.017462
22
0.006935
32
-0.029730
0
3DFACE
62
2
10
0.011911
20
0.004424
30
-0.039439
11
0.011563
21
0.004027
31
-0.039208
12
0.016609
22
0.005849
32
-0.029140
0
3DFACE
62
2
10
0.012223
20
0.004855
30
-0.039662
11
0.011911
21
0.004424
31
-0.039439
12
0.017462
22
0.006935
32
-0.029730
0
3DFACE
62
2
10
0.010180
20
0.002092
30
-0.038285
11
0.014544
21
0.002988
31
-0.027760
12
0.014362
22
0.003767
32
-0.027760
0
3DFACE
62
2
10
0.010052
20
0.002637
30
-0.038285
11
0.010180
21
0.002092
31
-0.038285
12
0.014362
22
0.003767
32
-0.027760
0
3DFACE
62
2
10
0.010773
20
0.005801
30
-0.039204
11
0.011839
21
0.005729
31
-0.039662
12
0.016913
22
0.008184
32
-0.029730
0
3DFACE
62
2
10
0.010773
20
0.005801
30
-0.039204
11
0.016132
21
0.008273
31
-0.029401
12
0.015352
22
0.008286
32
-0.029059
0
3DFACE
62
2
10
0.010773
20
0.005801
30
-0.039204
11
0.016913
21
0.008184
31
-0.029730
12
0.016132
22
0.008273
32
-0.029401
0
3DFACE
62
2
10
0.010252
20
0.005752
30
-0.038964
11
0.015352
21
0.008286
31
-0.029059
12
0.014659
22
0.008219
32
-0.028739
0
3DFACE
62
2
10
0.010252
20
0.005752
30
-0.038964
11
0.010773
21
0.005801
31
-0.039204
12
0.015352
22
0.008286
32
-0.029059
0
3DFACE
62
2
10
0.009874
20
0.005663
30
-0.038777
11
0.014211
21
0.008122
31
-0.028520
12
0.013611
22
0.007883
32
-0.028200
0
3DFACE
62
2
10
0.009874
20
0.005663
30
-0.038777
11
0.014659
21
0.008219
31
-0.028739
12
0.014211
22
0.008122
32
-0.028520
0
3DFACE
62
2
10
0.009874
20
0.005663
30
-0.038777
11
0.010252
21
0.005752
31
-0.038964
12
0.014659
22
0.008219
32
-0.028739
0
3DFACE
62
2
10
0.009512
20
0.005512
30
-0.038583
11
0.009874
21
0.005663
31
-0.038777
12
0.013611
22
0.007883
32
-0.028200
0
3DFACE
62
2
10
0.009343
20
0.005454
30
-0.038495
11
0.013611
21
0.007883
31
-0.028200
12
0.013421
22
0.007812
32
-0.028101
0
3DFACE
62
2
10
0.009343
20
0.005454
30
-0.038495
11
0.009512
21
0.005512
31
-0.038583
12
0.013611
22
0.007883
32
-0.028200
0
3DFACE
62
2
10
0.009234
20
0.005439
30
-0.038444
11
0.013421
21
0.007812
31
-0.028101
12
0.013290
22
0.007781
32
-0.028036
0
3DFACE
62
2
10
0.009234
20
0.005439
30
-0.038444
11
0.009343
21
0.005454
31
-0.038495
12
0.013421
22
0.007812
32
-0.028101
0
3DFACE
62
2
10
0.009167
20
0.005439
30
-0.038416
11
0.013290
21
0.007781
31
-0.028036
12
0.013188
22
0.007770
32
-0.027989
0
3DFACE
62
2
10
0.009167
20
0.005439
30
-0.038416
11
0.009234
21
0.005439
31
-0.038444
12
0.013290
22
0.007781
32
-0.028036
0
3DFACE
62
2
10
0.009100
20
0.005448
30
-0.038389
11
0.013188
21
0.007770
31
-0.027989
12
0.013084
22
0.007771
32
-0.027945
0
3DFACE
62
2
10
0.009100
20
0.005448
30
-0.038389
11
0.009167
21
0.005439
31
-0.038416
12
0.013188
22
0.007770
32
-0.027989
0
3DFACE
62
2
10
0.008997
20
0.005477
30
-0.038352
11
0.013084
21
0.007771
31
-0.027945
12
0.012989
22
0.007785
32
-0.027908
0
3DFACE
62
2
10
0.008997
20
0.005477
30
-0.038352
11
0.009100
21
0.005448
31
-0.038389
12
0.013084
22
0.007771
32
-0.027945
0
3DFACE
62
2
10
0.008894
20
0.005524
30
-0.038321
11
0.008997
21
0.005477
31
-0.038352
12
0.012989
22
0.007785
32
-0.027908
0
3DFACE
62
2
10
0.008819
20
0.005570
30
-0.038301
11
0.012989
21
0.007785
31
-0.027908
12
0.012837
22
0.007830
32
-0.027854
0
3DFACE
62
2
10
0.008819
20
0.005570
30
-0.038301
11
0.008894
21
0.005524
31
-0.038321
12
0.012989
22
0.007785
32
-0.027908
0
3DFACE
62
2
10
0.008747
20
0.005621
30
-0.038285
11
0.012682
21
0.007905
31
-0.027808
12
0.012482
22
0.008040
32
-0.027760
0
3DFACE
62
2
10
0.008747
20
0.005621
30
-0.038285
11
0.012837
21
0.007830
31
-0.027854
12
0.012682
22
0.007905
32
-0.027808
0
3DFACE
62
2
10
0.008747
20
0.005621
30
-0.038285
11
0.008819
21
0.005570
31
-0.038301
12
0.012837
22
0.007830
32
-0.027854
0
3DFACE
62
2
10
0.008737
20
0.005628
30
-0.038285
11
0.008747
21
0.005621
31
-0.038285
12
0.012482
22
0.008040
32
-0.027760
0
3DFACE
62
2
10
0.008419
20
0.006102
30
-0.038285
11
0.008421
21
0.006090
31
-0.038285
12
0.012031
22
0.008701
32
-0.027760
0
3DFACE
62
2
10
0.008419
20
0.006102
30
-0.038285
11
0.011965
21
0.009085
31
-0.027848
12
0.011972
22
0.009228
32
-0.027894
0
3DFACE
62
2
10
0.008419
20
0.006102
30
-0.038285
11
0.011977
21
0.008940
31
-0.027809
12
0.011965
22
0.009085
32
-0.027848
0
3DFACE
62
2
10
0.008419
20
0.006102
30
-0.038285
11
0.012000
21
0.008820
31
-0.027782
12
0.011977
22
0.008940
32
-0.027809
0
3DFACE
62
2
10
0.008419
20
0.006102
30
-0.038285
11
0.012031
21
0.008701
31
-0.027760
12
0.012000
22
0.008820
32
-0.027782
0
3DFACE
62
2
10
0.008382
20
0.006277
30
-0.038322
11
0.011972
21
0.009228
31
-0.027894
12
0.011990
22
0.009325
32
-0.027931
0
3DFACE
62
2
10
0.008382
20
0.006277
30
-0.038322
11
0.008419
21
0.006102
31
-0.038285
12
0.011972
22
0.009228
32
-0.027894
0
3DFACE
62
2
10
0.008376
20
0.006405
30
-0.038358
11
0.011990
21
0.009325
31
-0.027931
12
0.012019
22
0.009417
32
-0.027970
0
3DFACE
62
2
10
0.008376
20
0.006405
30
-0.038358
11
0.008382
21
0.006277
31
-0.038322
12
0.011990
22
0.009325
32
-0.027931
0
3DFACE
62
2
10
0.008382
20
0.006473
30
-0.038381
11
0.012019
21
0.009417
31
-0.027970
12
0.012059
22
0.009504
32
-0.028013
0
3DFACE
62
2
10
0.008382
20
0.006473
30
-0.038381
11
0.008376
21
0.006405
31
-0.038358
12
0.012019
22
0.009417
32
-0.027970
0
3DFACE
62
2
10
0.008396
20
0.006539
30
-0.038407
11
0.008382
21
0.006473
31
-0.038381
12
0.012059
22
0.009504
32
-0.028013
0
3DFACE
62
2
10
0.008420
20
0.006607
30
-0.038437
11
0.012059
21
0.009504
31
-0.028013
12
0.012107
22
0.009585
32
-0.028057
0
3DFACE
62
2
10
0.008420
20
0.006607
30
-0.038437
11
0.008396
21
0.006539
31
-0.038407
12
0.012059
22
0.009504
32
-0.028013
0
3DFACE
62
2
10
0.008451
20
0.006670
30
-0.038469
11
0.012107
21
0.009585
31
-0.028057
12
0.012185
22
0.009689
32
-0.028120
0
3DFACE
62
2
10
0.008451
20
0.006670
30
-0.038469
11
0.008420
21
0.006607
31
-0.038437
12
0.012107
22
0.009585
32
-0.028057
0
3DFACE
62
2
10
0.008488
20
0.006729
30
-0.038502
11
0.012290
21
0.009803
31
-0.028196
12
0.012644
22
0.010165
32
-0.028448
0
3DFACE
62
2
10
0.008488
20
0.006729
30
-0.038502
11
0.012185
21
0.009689
31
-0.028120
12
0.012290
22
0.009803
32
-0.028196
0
3DFACE
62
2
10
0.008488
20
0.006729
30
-0.038502
11
0.008451
21
0.006670
31
-0.038469
12
0.012185
22
0.009689
32
-0.028120
0
3DFACE
62
2
10
0.008943
20
0.007234
30
-0.038837
11
0.012644
21
0.010165
31
-0.028448
12
0.012935
22
0.010572
32
-0.028689
0
3DFACE
62
2
10
0.008943
20
0.007234
30
-0.038837
11
0.008488
21
0.006729
31
-0.038502
12
0.012644
22
0.010165
32
-0.028448
0
3DFACE
62
2
10
0.009115
20
0.007502
30
-0.038989
11
0.012935
21
0.010572
31
-0.028689
12
0.013375
22
0.011454
32
-0.029140
0
3DFACE
62
2
10
0.009115
20
0.007502
30
-0.038989
11
0.008943
21
0.007234
31
-0.038837
12
0.012935
22
0.010572
32
-0.028689
0
3DFACE
62
2
10
0.009327
20
0.007932
30
-0.039208
11
0.009115
21
0.007502
31
-0.038989
12
0.013375
22
0.011454
32
-0.029140
0
3DFACE
62
2
10
0.009508
20
0.008427
30
-0.039439
11
0.013375
21
0.011454
31
-0.029140
12
0.013778
22
0.012775
32
-0.029730
0
3DFACE
62
2
10
0.009508
20
0.008427
30
-0.039439
11
0.009327
21
0.007932
31
-0.039208
12
0.013375
22
0.011454
32
-0.029140
0
3DFACE
62
2
10
0.009644
20
0.008942
30
-0.039662
11
0.009508
21
0.008427
31
-0.039439
12
0.013778
22
0.012775
32
-0.029730
0
3DFACE
62
2
10
0.008737
20
0.005628
30
-0.038285
11
0.012482
21
0.008040
31
-0.027760
12
0.012031
22
0.008701
32
-0.027760
0
3DFACE
62
2
10
0.008421
20
0.006090
30
-0.038285
11
0.008737
21
0.005628
31
-0.038285
12
0.012031
22
0.008701
32
-0.027760
0
3DFACE
62
2
10
0.007950
20
0.009301
30
-0.039204
11
0.008970
21
0.009619
31
-0.039662
12
0.012814
22
0.013741
32
-0.029730
0
3DFACE
62
2
10
0.007950
20
0.009301
30
-0.039204
11
0.012054
21
0.013542
31
-0.029401
12
0.011322
22
0.013272
32
-0.029059
0
3DFACE
62
2
10
0.007950
20
0.009301
30
-0.039204
11
0.012814
21
0.013741
31
-0.029730
12
0.012054
22
0.013542
32
-0.029401
0
3DFACE
62
2
10
0.007482
20
0.009067
30
-0.038964
11
0.011322
21
0.013272
31
-0.029059
12
0.010700
22
0.012959
32
-0.028739
0
3DFACE
62
2
10
0.007482
20
0.009067
30
-0.038964
11
0.007950
21
0.009301
31
-0.039204
12
0.011322
22
0.013272
32
-0.029059
0
3DFACE
62
2
10
0.007161
20
0.008848
30
-0.038777
11
0.010317
21
0.012708
31
-0.028520
12
0.009844
22
0.012268
32
-0.028200
0
3DFACE
62
2
10
0.007161
20
0.008848
30
-0.038777
11
0.010700
21
0.012959
31
-0.028739
12
0.010317
22
0.012708
32
-0.028520
0
3DFACE
62
2
10
0.007161
20
0.008848
30
-0.038777
11
0.007482
21
0.009067
31
-0.038964
12
0.010700
22
0.012959
32
-0.028739
0
3DFACE
62
2
10
0.006879
20
0.008576
30
-0.038583
11
0.007161
21
0.008848
31
-0.038777
12
0.009844
22
0.012268
32
-0.028200
0
3DFACE
62
2
10
0.006742
20
0.008461
30
-0.038495
11
0.009844
21
0.012268
31
-0.028200
12
0.009693
22
0.012133
32
-0.028101
0
3DFACE
62
2
10
0.006742
20
0.008461
30
-0.038495
11
0.006879
21
0.008576
31
-0.038583
12
0.009844
22
0.012268
32
-0.028200
0
3DFACE
62
2
10
0.006646
20
0.008407
30
-0.038444
11
0.009693
21
0.012133
31
-0.028101
12
0.009582
22
0.012056
32
-0.028036
0
3DFACE
62
2
10
0.006646
20
0.008407
30
-0.038444
11
0.006742
21
0.008461
31
-0.038495
12
0.009693
22
0.012133
32
-0.028101
0
3DFACE
62
2
10
0.006583
20
0.008383
30
-0.038416
11
0.009582
21
0.012056
31
-0.028036
12
0.009491
22
0.012009
32
-0.027989
0
3DFACE
62
2
10
0.006583
20
0.008383
30
-0.038416
11
0.006646
21
0.008407
31
-0.038444
12
0.009582
22
0.012056
32
-0.028036
0
3DFACE
62
2
10
0.006517
20
0.008367
30
-0.038389
11
0.009491
21
0.012009
31
-0.027989
12
0.009393
22
0.011973
32
-0.027945
0
3DFACE
62
2
10
0.006517
20
0.008367
30
-0.038389
11
0.006583
21
0.008383
31
-0.038416
12
0.009491
22
0.012009
32
-0.027989
0
3DFACE
62
2
10
0.006411
20
0.008357
30
-0.038352
11
0.009393
21
0.011973
31
-0.027945
12
0.009300
22
0.011951
32
-0.027908
0
3DFACE
62
2
10
0.006411
20
0.008357
30
-0.038352
11
0.006517
21
0.008367
31
-0.038389
12
0.009393
22
0.011973
32
-0.027945
0
3DFACE
62
2
10
0.006298
20
0.008364
30
-0.038321
11
0.006411
21
0.008357
31
-0.038352
12
0.009300
22
0.011951
32
-0.027908
0
3DFACE
62
2
10
0.006212
20
0.008379
30
-0.038301
11
0.009300
21
0.011951
31
-0.027908
12
0.009142
22
0.011939
32
-0.027854
0
3DFACE
62
2
10
0.006212
20
0.008379
30
-0.038301
11
0.006298
21
0.008364
31
-0.038321
12
0.009300
22
0.011951
32
-0.027908
0
3DFACE
62
2
10
0.006126
20
0.008401
30
-0.038285
11
0.008969
21
0.011953
31
-0.027808
12
0.008735
22
0.012007
32
-0.027760
0
3DFACE
62
2
10
0.006126
20
0.008401
30
-0.038285
11
0.009142
21
0.011939
31
-0.027854
12
0.008969
22
0.011953
32
-0.027808
0
3DFACE
62
2
10
0.006126
20
0.008401
30
-0.038285
11
0.006212
21
0.008379
31
-0.038301
12
0.009142
22
0.011939
32
-0.027854
0
3DFACE
62
2
10
0.006114
20
0.008404
30
-0.038285
11
0.006126
21
0.008401
31
-0.038285
12
0.008735
22
0.012007
32
-0.027760
0
3DFACE
62
2
10
0.005646
20
0.008731
30
-0.038285
11
0.005653
21
0.008721
31
-0.038285
12
0.008076
22
0.012459
32
-0.027760
0
3DFACE
62
2
10
0.005646
20
0.008731
30
-0.038285
11
0.007875
21
0.012794
31
-0.027848
12
0.007830
22
0.012930
32
-0.027894
0
3DFACE
62
2
10
0.005646
20
0.008731
30
-0.038285
11
0.007939
21
0.012663
31
-0.027809
12
0.007875
22
0.012794
32
-0.027848
0
3DFACE
62
2
10
0.005646
20
0.008731
30
-0.038285
11
0.008003
21
0.012559
31
-0.027782
12
0.007939
22
0.012663
32
-0.027809
0
3DFACE
62
2
10
0.005646
20
0.008731
30
-0.038285
11
0.008076
21
0.012459
31
-0.027760
12
0.008003
22
0.012559
32
-0.027782
0
3DFACE
62
2
10
0.005548
20
0.008881
30
-0.038322
11
0.007830
21
0.012930
31
-0.027894
12
0.007812
22
0.013026
32
-0.027931
0
3DFACE
62
2
10
0.005548
20
0.008881
30
-0.038322
11
0.005646
21
0.008731
31
-0.038285
12
0.007830
22
0.012930
32
-0.027894
0
3DFACE
62
2
10
0.005496
20
0.008999
30
-0.038358
11
0.007812
21
0.013026
31
-0.027931
12
0.007806
22
0.013123
32
-0.027970
0
3DFACE
62
2
10
0.005496
20
0.008999
30
-0.038358
11
0.005548
21
0.008881
31
-0.038322
12
0.007812
22
0.013026
32
-0.027931
0
3DFACE
62
2
10
0.005478
20
0.009064
30
-0.038381
11
0.007806
21
0.013123
31
-0.027970
12
0.007811
22
0.013218
32
-0.028013
0
3DFACE
62
2
10
0.005478
20
0.009064
30
-0.038381
11
0.005496
21
0.008999
31
-0.038358
12
0.007806
22
0.013123
32
-0.027970
0
3DFACE
62
2
10
0.005467
20
0.009131
30
-0.038407
11
0.005478
21
0.009064
31
-0.038381
12
0.007811
22
0.013218
32
-0.028013
0
3DFACE
62
2
10
0.005464
20
0.009202
30
-0.038437
11
0.007811
21
0.013218
31
-0.028013
12
0.007827
22
0.013311
32
-0.028057
0
3DFACE
62
2
10
0.005464
20
0.009202
30
-0.038437
11
0.005467
21
0.009131
31
-0.038407
12
0.007811
22
0.013218
32
-0.028013
0
3DFACE
62
2
10
0.005470
20
0.009273
30
-0.038469
11
0.007827
21
0.013311
31
-0.028057
12
0.007862
22
0.013436
32
-0.028120
0
3DFACE
62
2
10
0.005470
20
0.009273
30
-0.038469
11
0.005464
21
0.009202
31
-0.038437
12
0.007827
22
0.013311
32
-0.028057
0
3DFACE
62
2
10
0.005484
20
0.009341
30
-0.038502
11
0.007919
21
0.013581
31
-0.028196
12
0.008118
22
0.014046
32
-0.028448
0
3DFACE
62
2
10
0.005484
20
0.009341
30
-0.038502
11
0.007862
21
0.013436
31
-0.028120
12
0.007919
22
0.013581
32
-0.028196
0
3DFACE
62
2
10
0.005484
20
0.009341
30
-0.038502
11
0.005470
21
0.009273
31
-0.038469
12
0.007862
22
0.013436
32
-0.028120
0
3DFACE
62
2
10
0.005726
20
0.009976
30
-0.038837
11
0.008118
21
0.014046
31
-0.028448
12
0.008242
22
0.014531
32
-0.028689
0
3DFACE
62
2
10
0.005726
20
0.009976
30
-0.038837
11
0.005484
21
0.009341
31
-0.038502
12
0.008118
22
0.014046
32
-0.028448
0
3DFACE
62
2
10
0.005789
20
0.010288
30
-0.038989
11
0.008242
21
0.014531
31
-0.028689
12
0.008334
22
0.015512
32
-0.029140
0
3DFACE
62
2
10
0.005789
20
0.010288
30
-0.038989
11
0.005726
21
0.009976
31
-0.038837
12
0.008242
22
0.014531
32
-0.028689
0
3DFACE
62
2
10
0.005832
20
0.010766
30
-0.039208
11
0.005789
21
0.010288
31
-0.038989
12
0.008334
22
0.015512
32
-0.029140
0
3DFACE
62
2
10
0.005822
20
0.011293
30
-0.039439
11
0.008334
21
0.015512
31
-0.029140
12
0.008232
22
0.016889
32
-0.029730
0
3DFACE
62
2
10
0.005822
20
0.011293
30
-0.039439
11
0.005832
21
0.010766
31
-0.039208
12
0.008334
22
0.015512
32
-0.029140
0
3DFACE
62
2
10
0.005763
20
0.011823
30
-0.039662
11
0.005822
21
0.011293
31
-0.039439
12
0.008232
22
0.016889
32
-0.029730
0
3DFACE
62
2
10
0.006114
20
0.008404
30
-0.038285
11
0.008735
21
0.012007
31
-0.027760
12
0.008076
22
0.012459
32
-0.027760
0
3DFACE
62
2
10
0.005653
20
0.008721
30
-0.038285
11
0.006114
21
0.008404
31
-0.038285
12
0.008076
22
0.012459
32
-0.027760
0
3DFACE
62
2
10
0.004053
20
0.011545
30
-0.039204
11
0.004889
21
0.012210
31
-0.039662
12
0.006985
22
0.017442
32
-0.029730
0
3DFACE
62
2
10
0.004053
20
0.011545
30
-0.039204
11
0.006348
21
0.016982
31
-0.029401
12
0.005763
22
0.016466
32
-0.029059
0
3DFACE
62
2
10
0.004053
20
0.011545
30
-0.039204
11
0.006985
21
0.017442
31
-0.029730
12
0.006348
22
0.016982
32
-0.029401
0
3DFACE
62
2
10
0.003701
20
0.011157
30
-0.038964
11
0.005763
21
0.016466
31
-0.029059
12
0.005296
22
0.015949
32
-0.028739
0
3DFACE
62
2
10
0.003701
20
0.011157
30
-0.038964
11
0.004053
21
0.011545
31
-0.039204
12
0.005763
22
0.016466
32
-0.029059
0
3DFACE
62
2
10
0.003482
20
0.010837
30
-0.038777
11
0.005030
21
0.015576
31
-0.028520
12
0.004747
22
0.014995
32
-0.028200
0
3DFACE
62
2
10
0.003482
20
0.010837
30
-0.038777
11
0.005296
21
0.015949
31
-0.028739
12
0.005030
22
0.015576
32
-0.028520
0
3DFACE
62
2
10
0.003482
20
0.010837
30
-0.038777
11
0.003701
21
0.011157
31
-0.038964
12
0.005296
22
0.015949
32
-0.028739
0
3DFACE
62
2
10
0.003316
20
0.010482
30
-0.038583
11
0.003482
21
0.010837
31
-0.038777
12
0.004747
22
0.014995
32
-0.028200
0
3DFACE
62
2
10
0.003230
20
0.010325
30
-0.038495
11
0.004747
21
0.014995
31
-0.028200
12
0.004655
22
0.014815
32
-0.028101
0
3DFACE
62
2
10
0.003230
20
0.010325
30
-0.038495
11
0.003316
21
0.010482
31
-0.038583
12
0.004747
22
0.014995
32
-0.028200
0
3DFACE
62
2
10
0.003160
20
0.010240
30
-0.038444
11
0.004655
21
0.014815
31
-0.028101
12
0.004580
22
0.014703
32
-0.028036
0
3DFACE
62
2
10
0.003160
20
0.010240
30
-0.038444
11
0.003230
21
0.010325
31
-0.038495
12
0.004655
22
0.014815
32
-0.028101
0
3DFACE
62
2
10
0.003110
20
0.010195
30
-0.038416
11
0.004580
21
0.014703
31
-0.028036
12
0.004512
22
0.014627
32
-0.027989
0
3DFACE
62
2
10
0.003110
20
0.010195
30
-0.038416
11
0.003160
21
0.010240
31
-0.038444
12
0.004580
22
0.014703
32
-0.028036
0
3DFACE
62
2
10
0.003055
20
0.010156
30
-0.038389
11
0.004512
21
0.014627
31
-0.027989
12
0.004434
22
0.014558
32
-0.027945
0
3DFACE
62
2
10
0.003055
20
0.010156
30
-0.038389
11
0.003110
21
0.010195
31
-0.038416
12
0.004512
22
0.014627
32
-0.027989
0
3DFACE
62
2
10
0.002959
20
0.010109
30
-0.038352
11
0.004434
21
0.014558
31
-0.027945
12
0.004354
22
0.014504
32
-0.027908
0
3DFACE
62
2
10
0.002959
20
0.010109
30
-0.038352
11
0.003055
21
0.010156
31
-0.038389
12
0.004434
22
0.014558
32
-0.027945
0
3DFACE
62
2
10
0.002851
20
0.010075
30
-0.038321
11
0.002959
21
0.010109
31
-0.038352
12
0.004354
22
0.014504
32
-0.027908
0
3DFACE
62
2
10
0.002765
20
0.010057
30
-0.038301
11
0.004354
21
0.014504
31
-0.027908
12
0.004212
22
0.014435
32
-0.027854
0
3DFACE
62
2
10
0.002765
20
0.010057
30
-0.038301
11
0.002851
21
0.010075
31
-0.038321
12
0.004354
22
0.014504
32
-0.027908
0
3DFACE
62
2
10
0.002677
20
0.010047
30
-0.038285
11
0.004046
21
0.014386
31
-0.027808
12
0.003808
22
0.014351
32
-0.027760
0
3DFACE
62
2
10
0.002677
20
0.010047
30
-0.038285
11
0.004212
21
0.014435
31
-0.027854
12
0.004046
22
0.014386
32
-0.027808
0
3DFACE
62
2
10
0.002677
20
0.010047
30
-0.038285
11
0.002765
21
0.010057
31
-0.038301
12
0.004212
22
0.014435
32
-0.027854
0
3DFACE
62
2
10
0.002665
20
0.010045
30
-0.038285
11
0.002677
21
0.010047
31
-0.038285
12
0.003808
22
0.014351
32
-0.027760
0
3DFACE
62
2
10
0.002110
20
0.010181
30
-0.038285
11
0.002121
21
0.010174
31
-0.038285
12
0.003030
22
0.014535
32
-0.027760
0
3DFACE
62
2
10
0.002110
20
0.010181
30
-0.038285
11
0.002721
21
0.014775
31
-0.027848
12
0.002630
22
0.014885
32
-0.027894
0
3DFACE
62
2
10
0.002110
20
0.010181
30
-0.038285
11
0.002829
21
0.014676
31
-0.027809
12
0.002721
22
0.014775
32
-0.027848
0
3DFACE
62
2
10
0.002110
20
0.010181
30
-0.038285
11
0.002926
21
0.014602
31
-0.027782
12
0.002829
22
0.014676
32
-0.027809
0
3DFACE
62
2
10
0.002110
20
0.010181
30
-0.038285
11
0.003030
21
0.014535
31
-0.027760
12
0.002926
22
0.014602
32
-0.027782
0
3DFACE
62
2
10
0.001965
20
0.010285
30
-0.038322
11
0.002630
21
0.014885
31
-0.027894
12
0.002579
22
0.014969
32
-0.027931
0
3DFACE
62
2
10
0.001965
20
0.010285
30
-0.038322
11
0.002110
21
0.010181
31
-0.038285
12
0.002630
22
0.014885
32
-0.027894
0
3DFACE
62
2
10
0.001875
20
0.010376
30
-0.038358
11
0.002579
21
0.014969
31
-0.027931
12
0.002538
22
0.015056
32
-0.027970
0
3DFACE
62
2
10
0.001875
20
0.010376
30
-0.038358
11
0.001965
21
0.010285
31
-0.038322
12
0.002579
22
0.014969
32
-0.027931
0
3DFACE
62
2
10
0.001833
20
0.010431
30
-0.038381
11
0.002538
21
0.015056
31
-0.027970
12
0.002509
22
0.015147
32
-0.028013
0
3DFACE
62
2
10
0.001833
20
0.010431
30
-0.038381
11
0.001875
21
0.010376
31
-0.038358
12
0.002538
22
0.015056
32
-0.027970
0
3DFACE
62
2
10
0.001799
20
0.010489
30
-0.038407
11
0.001833
21
0.010431
31
-0.038381
12
0.002509
22
0.015147
32
-0.028013
0
3DFACE
62
2
10
0.001771
20
0.010555
30
-0.038437
11
0.002509
21
0.015147
31
-0.028013
12
0.002490
22
0.015240
32
-0.028057
0
3DFACE
62
2
10
0.001771
20
0.010555
30
-0.038437
11
0.001799
21
0.010489
31
-0.038407
12
0.002509
22
0.015147
32
-0.028013
0
3DFACE
62
2
10
0.001751
20
0.010623
30
-0.038469
11
0.002490
21
0.015240
31
-0.028057
12
0.002477
22
0.015369
32
-0.028120
0
3DFACE
62
2
10
0.001751
20
0.010623
30
-0.038469
11
0.001771
21
0.010555
31
-0.038437
12
0.002490
22
0.015240
32
-0.028057
0
3DFACE
62
2
10
0.001740
20
0.010692
30
-0.038502
11
0.002478
21
0.015524
31
-0.028196
12
0.002496
22
0.016030
32
-0.028448
0
3DFACE
62
2
10
0.001740
20
0.010692
30
-0.038502
11
0.002477
21
0.015369
31
-0.028120
12
0.002478
22
0.015524
32
-0.028196
0
3DFACE
62
2
10
0.001740
20
0.010692
30
-0.038502
11
0.001751
21
0.010623
31
-0.038469
12
0.002477
22
0.015369
32
-0.028120
0
3DFACE
62
2
10
0.001736
20
0.011371
30
-0.038837
11
0.002496
21
0.016030
31
-0.028448
12
0.002436
22
0.016527
32
-0.028689
0
3DFACE
62
2
10
0.001736
20
0.011371
30
-0.038837
11
0.001740
21
0.010692
31
-0.038502
12
0.002496
22
0.016030
32
-0.028448
0
3DFACE
62
2
10
0.001682
20
0.011685
30
-0.038989
11
0.002436
21
0.016527
31
-0.028689
12
0.002168
22
0.017475
32
-0.029140
0
3DFACE
62
2
10
0.001682
20
0.011685
30
-0.038989
11
0.001736
21
0.011371
31
-0.038837
12
0.002436
22
0.016527
32
-0.028689
0
3DFACE
62
2
10
0.001549
20
0.012146
30
-0.039208
11
0.001682
21
0.011685
31
-0.038989
12
0.002168
22
0.017475
32
-0.029140
0
3DFACE
62
2
10
0.001349
20
0.012634
30
-0.039439
11
0.002168
21
0.017475
31
-0.029140
12
0.001575
22
0.018723
32
-0.029730
0
3DFACE
62
2
10
0.001349
20
0.012634
30
-0.039439
11
0.001549
21
0.012146
31
-0.039208
12
0.002168
22
0.017475
32
-0.029140
0
3DFACE
62
2
10
0.001103
20
0.013106
30
-0.039662
11
0.001349
21
0.012634
31
-0.039439
12
0.001575
22
0.018723
32
-0.029730
0
3DFACE
62
2
10
0.002665
20
0.010045
30
-0.038285
11
0.003808
21
0.014351
31
-0.027760
12
0.003030
22
0.014535
32
-0.027760
0
3DFACE
62
2
10
0.002121
20
0.010174
30
-0.038285
11
0.002665
21
0.010045
31
-0.038285
12
0.003030
22
0.014535
32
-0.027760
0
3DFACE
62
2
10
-0.000391
20
0.012230
30
-0.039204
11
0.000149
21
0.013151
31
-0.039662
12
0.000212
22
0.018788
32
-0.029730
0
3DFACE
62
2
10
-0.000391
20
0.012230
30
-0.039204
11
-0.000215
21
0.018128
31
-0.029401
12
-0.000574
22
0.017436
32
-0.029059
0
3DFACE
62
2
10
-0.000391
20
0.012230
30
-0.039204
11
0.000212
21
0.018788
31
-0.029730
12
-0.000215
22
0.018128
32
-0.029401
0
3DFACE
62
2
10
-0.000579
20
0.011741
30
-0.038964
11
-0.000574
21
0.017436
31
-0.029059
12
-0.000823
22
0.016785
32
-0.028739
0
3DFACE
62
2
10
-0.000579
20
0.011741
30
-0.038964
11
-0.000391
21
0.012230
31
-0.039204
12
-0.000574
22
0.017436
32
-0.029059
0
3DFACE
62
2
10
-0.000668
20
0.011363
30
-0.038777
11
-0.000936
21
0.016342
31
-0.028520
12
-0.000990
22
0.015698
32
-0.028200
0
3DFACE
62
2
10
-0.000668
20
0.011363
30
-0.038777
11
-0.000823
21
0.016785
31
-0.028739
12
-0.000936
22
0.016342
32
-0.028520
0
3DFACE
62
2
10
-0.000668
20
0.011363
30
-0.038777
11
-0.000579
21
0.011741
31
-0.038964
12
-0.000823
22
0.016785
32
-0.028739
0
3DFACE
62
2
10
-0.000694
20
0.010972
30
-0.038583
11
-0.000668
21
0.011363
31
-0.038777
12
-0.000990
22
0.015698
32
-0.028200
0
3DFACE
62
2
10
-0.000718
20
0.010795
30
-0.038495
11
-0.000990
21
0.015698
31
-0.028200
12
-0.001011
22
0.015496
32
-0.028101
0
3DFACE
62
2
10
-0.000718
20
0.010795
30
-0.038495
11
-0.000694
21
0.010972
31
-0.038583
12
-0.000990
22
0.015698
32
-0.028200
0
3DFACE
62
2
10
-0.000753
20
0.010690
30
-0.038444
11
-0.001011
21
0.015496
31
-0.028101
12
-0.001041
22
0.015365
32
-0.028036
0
3DFACE
62
2
10
-0.000753
20
0.010690
30
-0.038444
11
-0.000718
21
0.010795
31
-0.038495
12
-0.001011
22
0.015496
32
-0.028101
0
3DFACE
62
2
10
-0.000783
20
0.010631
30
-0.038416
11
-0.001041
21
0.015365
31
-0.028036
12
-0.001077
22
0.015269
32
-0.027989
0
3DFACE
62
2
10
-0.000783
20
0.010631
30
-0.038416
11
-0.000753
21
0.010690
31
-0.038444
12
-0.001041
22
0.015365
32
-0.028036
0
3DFACE
62
2
10
-0.000821
20
0.010574
30
-0.038389
11
-0.001077
21
0.015269
31
-0.027989
12
-0.001124
22
0.015176
32
-0.027945
0
3DFACE
62
2
10
-0.000821
20
0.010574
30
-0.038389
11
-0.000783
21
0.010631
31
-0.038416
12
-0.001077
22
0.015269
32
-0.027989
0
3DFACE
62
2
10
-0.000893
20
0.010495
30
-0.038352
11
-0.001124
21
0.015176
31
-0.027945
12
-0.001179
22
0.015097
32
-0.027908
0
3DFACE
62
2
10
-0.000893
20
0.010495
30
-0.038352
11
-0.000821
21
0.010574
31
-0.038389
12
-0.001124
22
0.015176
32
-0.027945
0
3DFACE
62
2
10
-0.000981
20
0.010424
30
-0.038321
11
-0.000893
21
0.010495
31
-0.038352
12
-0.001179
22
0.015097
32
-0.027908
0
3DFACE
62
2
10
-0.001055
20
0.010377
30
-0.038301
11
-0.001179
21
0.015097
31
-0.027908
12
-0.001287
22
0.014982
32
-0.027854
0
3DFACE
62
2
10
-0.001055
20
0.010377
30
-0.038301
11
-0.000981
21
0.010424
31
-0.038321
12
-0.001179
22
0.015097
32
-0.027908
0
3DFACE
62
2
10
-0.001133
20
0.010335
30
-0.038285
11
-0.001424
21
0.014876
31
-0.027808
12
-0.001634
22
0.014757
32
-0.027760
0
3DFACE
62
2
10
-0.001133
20
0.010335
30
-0.038285
11
-0.001287
21
0.014982
31
-0.027854
12
-0.001424
22
0.014876
32
-0.027808
0
3DFACE
62
2
10
-0.001133
20
0.010335
30
-0.038285
11
-0.001055
21
0.010377
31
-0.038301
12
-0.001287
22
0.014982
32
-0.027854
0
3DFACE
62
2
10
-0.001144
20
0.010329
30
-0.038285
11
-0.001133
21
0.010335
31
-0.038285
12
-0.001634
22
0.014757
32
-0.027760
0
3DFACE
62
2
10
-0.001710
20
0.010256
30
-0.038285
11
-0.001698
21
0.010253
31
-0.038285
12
-0.002426
22
0.014648
32
-0.027760
0
3DFACE
62
2
10
-0.001710
20
0.010256
30
-0.038285
11
-0.002800
21
0.014760
31
-0.027848
12
-0.002925
22
0.014830
32
-0.027894
0
3DFACE
62
2
10
-0.001710
20
0.010256
30
-0.038285
11
-0.002664
21
0.014706
31
-0.027809
12
-0.002800
22
0.014760
32
-0.027848
0
3DFACE
62
2
10
-0.001710
20
0.010256
30
-0.038285
11
-0.002546
21
0.014673
31
-0.027782
12
-0.002664
22
0.014706
32
-0.027809
0
3DFACE
62
2
10
-0.001710
20
0.010256
30
-0.038285
11
-0.002426
21
0.014648
31
-0.027760
12
-0.002546
22
0.014673
32
-0.027782
0
3DFACE
62
2
10
-0.001883
20
0.010301
30
-0.038322
11
-0.002925
21
0.014830
31
-0.027894
12
-0.003003
22
0.014889
32
-0.027931
0
3DFACE
62
2
10
-0.001883
20
0.010301
30
-0.038322
11
-0.001710
21
0.010256
31
-0.038285
12
-0.002925
22
0.014830
32
-0.027894
0
3DFACE
62
2
10
-0.002000
20
0.010353
30
-0.038358
11
-0.003003
21
0.014889
31
-0.027931
12
-0.003072
22
0.014956
32
-0.027970
0
3DFACE
62
2
10
-0.002000
20
0.010353
30
-0.038358
11
-0.001883
21
0.010301
31
-0.038322
12
-0.003003
22
0.014889
32
-0.027931
0
3DFACE
62
2
10
-0.002058
20
0.010389
30
-0.038381
11
-0.003072
21
0.014956
31
-0.027970
12
-0.003132
22
0.015030
32
-0.028013
0
3DFACE
62
2
10
-0.002058
20
0.010389
30
-0.038381
11
-0.002000
21
0.010353
31
-0.038358
12
-0.003072
22
0.014956
32
-0.027970
0
3DFACE
62
2
10
-0.002111
20
0.010431
30
-0.038407
11
-0.002058
21
0.010389
31
-0.038381
12
-0.003132
22
0.015030
32
-0.028013
0
3DFACE
62
2
10
-0.002161
20
0.010482
30
-0.038437
11
-0.003132
21
0.015030
31
-0.028013
12
-0.003184
22
0.015110
32
-0.028057
0
3DFACE
62
2
10
-0.002161
20
0.010482
30
-0.038437
11
-0.002111
21
0.010431
31
-0.038407
12
-0.003132
22
0.015030
32
-0.028013
0
3DFACE
62
2
10
-0.002204
20
0.010538
30
-0.038469
11
-0.003184
21
0.015110
31
-0.028057
12
-0.003242
22
0.015226
32
-0.028120
0
3DFACE
62
2
10
-0.002204
20
0.010538
30
-0.038469
11
-0.002161
21
0.010482
31
-0.038437
12
-0.003184
22
0.015110
32
-0.028057
0
3DFACE
62
2
10
-0.002240
20
0.010598
30
-0.038502
11
-0.003297
21
0.015371
31
-0.028196
12
-0.003463
22
0.015849
32
-0.028448
0
3DFACE
62
2
10
-0.002240
20
0.010598
30
-0.038502
11
-0.003242
21
0.015226
31
-0.028120
12
-0.003297
22
0.015371
32
-0.028196
0
3DFACE
62
2
10
-0.002240
20
0.010598
30
-0.038502
11
-0.002204
21
0.010538
31
-0.038469
12
-0.003242
22
0.015226
32
-0.028120
0
3DFACE
62
2
10
-0.002489
20
0.011230
30
-0.038837
11
-0.003463
21
0.015849
31
-0.028448
12
-0.003698
22
0.016291
32
-0.028689
0
3DFACE
62
2
10
-0.002489
20
0.011230
30
-0.038837
11
-0.002240
21
0.010598
31
-0.038502
12
-0.003463
22
0.015849
32
-0.028448
0
3DFACE
62
2
10
-0.002653
20
0.011503
30
-0.038989
11
-0.003698
21
0.016291
31
-0.028689
12
-0.004291
22
0.017078
32
-0.029140
0
3DFACE
62
2
10
-0.002653
20
0.011503
30
-0.038989
11
-0.002489
21
0.011230
31
-0.038837
12
-0.003698
22
0.016291
32
-0.028689
0
3DFACE
62
2
10
-0.002943
20
0.011885
30
-0.039208
11
-0.002653
21
0.011503
31
-0.038989
12
-0.004291
22
0.017078
32
-0.029140
0
3DFACE
62
2
10
-0.003306
20
0.012268
30
-0.039439
11
-0.004291
21
0.017078
31
-0.029140
12
-0.005294
22
0.018027
32
-0.029730
0
3DFACE
62
2
10
-0.003306
20
0.012268
30
-0.039439
11
-0.002943
21
0.011885
31
-0.039208
12
-0.004291
22
0.017078
32
-0.029140
0
3DFACE
62
2
10
-0.003706
20
0.012619
30
-0.039662
11
-0.003306
21
0.012268
31
-0.039439
12
-0.005294
22
0.018027
32
-0.029730
0
3DFACE
62
2
10
-0.001144
20
0.010329
30
-0.038285
11
-0.001634
21
0.014757
31
-0.027760
12
-0.002426
22
0.014648
32
-0.027760
0
3DFACE
62
2
10
-0.001698
20
0.010253
30
-0.038285
11
-0.001144
21
0.010329
31
-0.038285
12
-0.002426
22
0.014648
32
-0.027760
0
3DFACE
62
2
10
-0.004782
20
0.011263
30
-0.039204
11
-0.004612
21
0.012317
31
-0.039662
12
-0.006589
22
0.017596
32
-0.029730
0
3DFACE
62
2
10
-0.004782
20
0.011263
30
-0.039204
11
-0.006749
21
0.016826
31
-0.029401
12
-0.006834
22
0.016051
32
-0.029059
0
3DFACE
62
2
10
-0.004782
20
0.011263
30
-0.039204
11
-0.006589
21
0.017596
31
-0.029730
12
-0.006749
22
0.016826
32
-0.029401
0
3DFACE
62
2
10
-0.004781
20
0.010739
30
-0.038964
11
-0.006834
21
0.016051
31
-0.029059
12
-0.006831
22
0.015355
32
-0.028739
0
3DFACE
62
2
10
-0.004781
20
0.010739
30
-0.038964
11
-0.004782
21
0.011263
31
-0.039204
12
-0.006834
22
0.016051
32
-0.029059
0
3DFACE
62
2
10
-0.004728
20
0.010354
30
-0.038777
11
-0.006776
21
0.014900
31
-0.028520
12
-0.006594
22
0.014280
32
-0.028200
0
3DFACE
62
2
10
-0.004728
20
0.010354
30
-0.038777
11
-0.006831
21
0.015355
31
-0.028739
12
-0.006776
22
0.014900
32
-0.028520
0
3DFACE
62
2
10
-0.004728
20
0.010354
30
-0.038777
11
-0.004781
21
0.010739
31
-0.038964
12
-0.006831
22
0.015355
32
-0.028739
0
3DFACE
62
2
10
-0.004611
20
0.009980
30
-0.038583
11
-0.004728
21
0.010354
31
-0.038777
12
-0.006594
22
0.014280
32
-0.028200
0
3DFACE
62
2
10
-0.004569
20
0.009806
30
-0.038495
11
-0.006594
21
0.014280
31
-0.028200
12
-0.006540
22
0.014085
32
-0.028101
0
3DFACE
62
2
10
-0.004569
20
0.009806
30
-0.038495
11
-0.004611
21
0.009980
31
-0.038583
12
-0.006594
22
0.014280
32
-0.028200
0
3DFACE
62
2
10
-0.004564
20
0.009697
30
-0.038444
11
-0.006540
21
0.014085
31
-0.028101
12
-0.006521
22
0.013951
32
-0.028036
0
3DFACE
62
2
10
-0.004564
20
0.009697
30
-0.038444
11
-0.004569
21
0.009806
31
-0.038495
12
-0.006540
22
0.014085
32
-0.028101
0
3DFACE
62
2
10
-0.004570
20
0.009630
30
-0.038416
11
-0.006521
21
0.013951
31
-0.028036
12
-0.006520
22
0.013849
32
-0.027989
0
3DFACE
62
2
10
-0.004570
20
0.009630
30
-0.038416
11
-0.004564
21
0.009697
31
-0.038444
12
-0.006521
22
0.013951
32
-0.028036
0
3DFACE
62
2
10
-0.004585
20
0.009564
30
-0.038389
11
-0.006520
21
0.013849
31
-0.027989
12
-0.006531
22
0.013745
32
-0.027945
0
3DFACE
62
2
10
-0.004585
20
0.009564
30
-0.038389
11
-0.004570
21
0.009630
31
-0.038416
12
-0.006520
22
0.013849
32
-0.027989
0
3DFACE
62
2
10
-0.004624
20
0.009464
30
-0.038352
11
-0.006531
21
0.013745
31
-0.027945
12
-0.006553
22
0.013652
32
-0.027908
0
3DFACE
62
2
10
-0.004624
20
0.009464
30
-0.038352
11
-0.004585
21
0.009564
31
-0.038389
12
-0.006531
22
0.013745
32
-0.027945
0
3DFACE
62
2
10
-0.004680
20
0.009366
30
-0.038321
11
-0.004624
21
0.009464
31
-0.038352
12
-0.006553
22
0.013652
32
-0.027908
0
3DFACE
62
2
10
-0.004732
20
0.009295
30
-0.038301
11
-0.006553
21
0.013652
31
-0.027908
12
-0.006612
22
0.013505
32
-0.027854
0
3DFACE
62
2
10
-0.004732
20
0.009295
30
-0.038301
11
-0.004680
21
0.009366
31
-0.038321
12
-0.006553
22
0.013652
32
-0.027908
0
3DFACE
62
2
10
-0.004790
20
0.009228
30
-0.038285
11
-0.006701
21
0.013357
31
-0.027808
12
-0.006854
22
0.013171
32
-0.027760
0
3DFACE
62
2
10
-0.004790
20
0.009228
30
-0.038285
11
-0.006612
21
0.013505
31
-0.027854
12
-0.006701
22
0.013357
32
-0.027808
0
3DFACE
62
2
10
-0.004790
20
0.009228
30
-0.038285
11
-0.004732
21
0.009295
31
-0.038301
12
-0.006612
22
0.013505
32
-0.027854
0
3DFACE
62
2
10
-0.004798
20
0.009219
30
-0.038285
11
-0.004790
21
0.009228
31
-0.038285
12
-0.006854
22
0.013171
32
-0.027760
0
3DFACE
62
2
10
-0.005299
20
0.008946
30
-0.038285
11
-0.005287
21
0.008947
31
-0.038285
12
-0.007553
22
0.012783
32
-0.027760
0
3DFACE
62
2
10
-0.005299
20
0.008946
30
-0.038285
11
-0.007942
21
0.012752
31
-0.027848
12
-0.008084
22
0.012772
32
-0.027894
0
3DFACE
62
2
10
-0.005299
20
0.008946
30
-0.038285
11
-0.007797
21
0.012751
31
-0.027809
12
-0.007942
22
0.012752
32
-0.027848
0
3DFACE
62
2
10
-0.005299
20
0.008946
30
-0.038285
11
-0.007675
21
0.012762
31
-0.027782
12
-0.007797
22
0.012751
32
-0.027809
0
3DFACE
62
2
10
-0.005299
20
0.008946
30
-0.038285
11
-0.007553
21
0.012783
31
-0.027760
12
-0.007675
22
0.012762
32
-0.027782
0
3DFACE
62
2
10
-0.005477
20
0.008925
30
-0.038322
11
-0.008084
21
0.012772
31
-0.027894
12
-0.008179
22
0.012799
32
-0.027931
0
3DFACE
62
2
10
-0.005477
20
0.008925
30
-0.038322
11
-0.005299
21
0.008946
31
-0.038285
12
-0.008084
22
0.012772
32
-0.027894
0
3DFACE
62
2
10
-0.005605
20
0.008931
30
-0.038358
11
-0.008179
21
0.012799
31
-0.027931
12
-0.008267
22
0.012837
32
-0.027970
0
3DFACE
62
2
10
-0.005605
20
0.008931
30
-0.038358
11
-0.005477
21
0.008925
31
-0.038322
12
-0.008179
22
0.012799
32
-0.027931
0
3DFACE
62
2
10
-0.005672
20
0.008944
30
-0.038381
11
-0.008267
21
0.012837
31
-0.027970
12
-0.008350
22
0.012884
32
-0.028013
0
3DFACE
62
2
10
-0.005672
20
0.008944
30
-0.038381
11
-0.005605
21
0.008931
31
-0.038358
12
-0.008267
22
0.012837
32
-0.027970
0
3DFACE
62
2
10
-0.005737
20
0.008964
30
-0.038407
11
-0.005672
21
0.008944
31
-0.038381
12
-0.008350
22
0.012884
32
-0.028013
0
3DFACE
62
2
10
-0.005802
20
0.008993
30
-0.038437
11
-0.008350
21
0.012884
31
-0.028013
12
-0.008427
22
0.012940
32
-0.028057
0
3DFACE
62
2
10
-0.005802
20
0.008993
30
-0.038437
11
-0.005737
21
0.008964
31
-0.038407
12
-0.008350
22
0.012884
32
-0.028013
0
3DFACE
62
2
10
-0.005862
20
0.009030
30
-0.038469
11
-0.008427
21
0.012940
31
-0.028057
12
-0.008523
22
0.013027
32
-0.028120
0
3DFACE
62
2
10
-0.005862
20
0.009030
30
-0.038469
11
-0.005802
21
0.008993
31
-0.038437
12
-0.008427
22
0.012940
32
-0.028057
0
3DFACE
62
2
10
-0.005917
20
0.009073
30
-0.038502
11
-0.008627
21
0.013142
31
-0.028196
12
-0.008955
22
0.013528
32
-0.028448
0
3DFACE
62
2
10
-0.005917
20
0.009073
30
-0.038502
11
-0.008523
21
0.013027
31
-0.028120
12
-0.008627
22
0.013142
32
-0.028196
0
3DFACE
62
2
10
-0.005917
20
0.009073
30
-0.038502
11
-0.005862
21
0.009030
31
-0.038469
12
-0.008523
22
0.013027
32
-0.028120
0
3DFACE
62
2
10
-0.006378
20
0.009572
30
-0.038837
11
-0.008955
21
0.013528
31
-0.028448
12
-0.009334
22
0.013855
32
-0.028689
0
3DFACE
62
2
10
-0.006378
20
0.009572
30
-0.038837
11
-0.005917
21
0.009073
31
-0.038502
12
-0.008955
22
0.013528
32
-0.028448
0
3DFACE
62
2
10
-0.006629
20
0.009768
30
-0.038989
11
-0.009334
21
0.013855
31
-0.028689
12
-0.010171
22
0.014375
32
-0.029140
0
3DFACE
62
2
10
-0.006629
20
0.009768
30
-0.038989
11
-0.006378
21
0.009572
31
-0.038837
12
-0.009334
22
0.013855
32
-0.028689
0
3DFACE
62
2
10
-0.007038
20
0.010019
30
-0.039208
11
-0.006629
21
0.009768
31
-0.038989
12
-0.010171
22
0.014375
32
-0.029140
0
3DFACE
62
2
10
-0.007514
20
0.010245
30
-0.039439
11
-0.010171
21
0.014375
31
-0.029140
12
-0.011449
22
0.014898
32
-0.029730
0
3DFACE
62
2
10
-0.007514
20
0.010245
30
-0.039439
11
-0.007038
21
0.010019
31
-0.039208
12
-0.010171
22
0.014375
32
-0.029140
0
3DFACE
62
2
10
-0.008014
20
0.010428
30
-0.039662
11
-0.007514
21
0.010245
31
-0.039439
12
-0.011449
22
0.014898
32
-0.029730
0
3DFACE
62
2
10
-0.004798
20
0.009219
30
-0.038285
11
-0.006854
21
0.013171
31
-0.027760
12
-0.007553
22
0.012783
32
-0.027760
0
3DFACE
62
2
10
-0.005287
20
0.008947
30
-0.038285
11
-0.004798
21
0.009219
31
-0.038285
12
-0.007553
22
0.012783
32
-0.027760
0
3DFACE
62
2
10
-0.008528
20
0.008774
30
-0.039204
11
-0.008750
21
0.009819
31
-0.039662
12
-0.012500
22
0.014027
32
-0.029730
0
3DFACE
62
2
10
-0.008528
20
0.008774
30
-0.039204
11
-0.012372
21
0.013252
31
-0.029401
12
-0.012171
22
0.012498
32
-0.029059
0
3DFACE
62
2
10
-0.008528
20
0.008774
30
-0.039204
11
-0.012500
21
0.014027
31
-0.029730
12
-0.012372
22
0.013252
32
-0.029401
0
3DFACE
62
2
10
-0.008338
20
0.008286
30
-0.038964
11
-0.012171
21
0.012498
31
-0.029059
12
-0.011917
22
0.011850
32
-0.028739
0
3DFACE
62
2
10
-0.008338
20
0.008286
30
-0.038964
11
-0.008528
21
0.008774
31
-0.039204
12
-0.012171
22
0.012498
32
-0.029059
0
3DFACE
62
2
10
-0.008149
20
0.007947
30
-0.038777
11
-0.011701
21
0.011446
31
-0.028520
12
-0.011307
22
0.010934
32
-0.028200
0
3DFACE
62
2
10
-0.008149
20
0.007947
30
-0.038777
11
-0.011917
21
0.011850
31
-0.028739
12
-0.011701
22
0.011446
32
-0.028520
0
3DFACE
62
2
10
-0.008149
20
0.007947
30
-0.038777
11
-0.008338
21
0.008286
31
-0.038964
12
-0.011917
22
0.011850
32
-0.028739
0
3DFACE
62
2
10
-0.007905
20
0.007641
30
-0.038583
11
-0.008149
21
0.007947
31
-0.038777
12
-0.011307
22
0.010934
32
-0.028200
0
3DFACE
62
2
10
-0.007803
20
0.007494
30
-0.038495
11
-0.011307
21
0.010934
31
-0.028200
12
-0.011187
22
0.010771
32
-0.028101
0
3DFACE
62
2
10
-0.007803
20
0.007494
30
-0.038495
11
-0.007905
21
0.007641
31
-0.038583
12
-0.011307
22
0.010934
32
-0.028200
0
3DFACE
62
2
10
-0.007758
20
0.007393
30
-0.038444
11
-0.011187
21
0.010771
31
-0.028101
12
-0.011121
22
0.010653
32
-0.028036
0
3DFACE
62
2
10
-0.007758
20
0.007393
30
-0.038444
11
-0.007803
21
0.007494
31
-0.038495
12
-0.011187
22
0.010771
32
-0.028101
0
3DFACE
62
2
10
-0.007740
20
0.007329
30
-0.038416
11
-0.011121
21
0.010653
31
-0.028036
12
-0.011082
22
0.010558
32
-0.027989
0
3DFACE
62
2
10
-0.007740
20
0.007329
30
-0.038416
11
-0.007758
21
0.007393
31
-0.038444
12
-0.011121
22
0.010653
32
-0.028036
0
3DFACE
62
2
10
-0.007730
20
0.007261
30
-0.038389
11
-0.011082
21
0.010558
31
-0.027989
12
-0.011055
22
0.010458
32
-0.027945
0
3DFACE
62
2
10
-0.007730
20
0.007261
30
-0.038389
11
-0.007740
21
0.007329
31
-0.038416
12
-0.011082
22
0.010558
32
-0.027989
0
3DFACE
62
2
10
-0.007730
20
0.007154
30
-0.038352
11
-0.011055
21
0.010458
31
-0.027945
12
-0.011042
22
0.010363
32
-0.027908
0
3DFACE
62
2
10
-0.007730
20
0.007154
30
-0.038352
11
-0.007730
21
0.007261
31
-0.038389
12
-0.011055
22
0.010458
32
-0.027945
0
3DFACE
62
2
10
-0.007747
20
0.007043
30
-0.038321
11
-0.007730
21
0.007154
31
-0.038352
12
-0.011042
22
0.010363
32
-0.027908
0
3DFACE
62
2
10
-0.007770
20
0.006958
30
-0.038301
11
-0.011042
21
0.010363
31
-0.027908
12
-0.011044
22
0.010204
32
-0.027854
0
3DFACE
62
2
10
-0.007770
20
0.006958
30
-0.038301
11
-0.007747
21
0.007043
31
-0.038321
12
-0.011042
22
0.010363
32
-0.027908
0
3DFACE
62
2
10
-0.007800
20
0.006875
30
-0.038285
11
-0.011074
21
0.010034
31
-0.027808
12
-0.011149
22
0.009805
32
-0.027760
0
3DFACE
62
2
10
-0.007800
20
0.006875
30
-0.038285
11
-0.011044
21
0.010204
31
-0.027854
12
-0.011074
22
0.010034
32
-0.027808
0
3DFACE
62
2
10
-0.007800
20
0.006875
30
-0.038285
11
-0.007770
21
0.006958
31
-0.038301
12
-0.011044
22
0.010204
32
-0.027854
0
3DFACE
62
2
10
-0.007804
20
0.006863
30
-0.038285
11
-0.007800
21
0.006875
31
-0.038285
12
-0.011149
22
0.009805
32
-0.027760
0
3DFACE
62
2
10
-0.008173
20
0.006427
30
-0.038285
11
-0.008162
21
0.006433
31
-0.038285
12
-0.011661
22
0.009191
32
-0.027760
0
3DFACE
62
2
10
-0.008173
20
0.006427
30
-0.038285
11
-0.012013
21
0.009022
31
-0.027848
12
-0.012152
22
0.008989
32
-0.027894
0
3DFACE
62
2
10
-0.008173
20
0.006427
30
-0.038285
11
-0.011876
21
0.009074
31
-0.027809
12
-0.012013
22
0.009022
32
-0.027848
0
3DFACE
62
2
10
-0.008173
20
0.006427
30
-0.038285
11
-0.011767
21
0.009128
31
-0.027782
12
-0.011876
22
0.009074
32
-0.027809
0
3DFACE
62
2
10
-0.008173
20
0.006427
30
-0.038285
11
-0.011661
21
0.009191
31
-0.027760
12
-0.011767
22
0.009128
32
-0.027782
0
3DFACE
62
2
10
-0.008331
20
0.006344
30
-0.038322
11
-0.012152
21
0.008989
31
-0.027894
12
-0.012250
22
0.008980
32
-0.027931
0
3DFACE
62
2
10
-0.008331
20
0.006344
30
-0.038322
11
-0.008173
21
0.006427
31
-0.038285
12
-0.012152
22
0.008989
32
-0.027894
0
3DFACE
62
2
10
-0.008453
20
0.006303
30
-0.038358
11
-0.012250
21
0.008980
31
-0.027931
12
-0.012346
22
0.008983
32
-0.027970
0
3DFACE
62
2
10
-0.008453
20
0.006303
30
-0.038358
11
-0.008331
21
0.006344
31
-0.038322
12
-0.012250
22
0.008980
32
-0.027931
0
3DFACE
62
2
10
-0.008520
20
0.006291
30
-0.038381
11
-0.012346
21
0.008983
31
-0.027970
12
-0.012441
22
0.008997
32
-0.028013
0
3DFACE
62
2
10
-0.008520
20
0.006291
30
-0.038381
11
-0.008453
21
0.006303
31
-0.038358
12
-0.012346
22
0.008983
32
-0.027970
0
3DFACE
62
2
10
-0.008587
20
0.006286
30
-0.038407
11
-0.008520
21
0.006291
31
-0.038381
12
-0.012441
22
0.008997
32
-0.028013
0
3DFACE
62
2
10
-0.008659
20
0.006290
30
-0.038437
11
-0.012441
21
0.008997
31
-0.028013
12
-0.012532
22
0.009022
32
-0.028057
0
3DFACE
62
2
10
-0.008659
20
0.006290
30
-0.038437
11
-0.008587
21
0.006286
31
-0.038407
12
-0.012441
22
0.008997
32
-0.028013
0
3DFACE
62
2
10
-0.008728
20
0.006303
30
-0.038469
11
-0.012532
21
0.009022
31
-0.028057
12
-0.012653
22
0.009068
32
-0.028120
0
3DFACE
62
2
10
-0.008728
20
0.006303
30
-0.038469
11
-0.008659
21
0.006290
31
-0.038437
12
-0.012532
22
0.009022
32
-0.028057
0
3DFACE
62
2
10
-0.008795
20
0.006323
30
-0.038502
11
-0.012792
21
0.009138
31
-0.028196
12
-0.013237
22
0.009380
32
-0.028448
0
3DFACE
62
2
10
-0.008795
20
0.006323
30
-0.038502
11
-0.012653
21
0.009068
31
-0.028120
12
-0.012792
22
0.009138
32
-0.028196
0
3DFACE
62
2
10
-0.008795
20
0.006323
30
-0.038502
11
-0.008728
21
0.006303
31
-0.038469
12
-0.012653
22
0.009068
32
-0.028120
0
3DFACE
62
2
10
-0.009405
20
0.006622
30
-0.038837
11
-0.013237
21
0.009380
31
-0.028448
12
-0.013708
22
0.009548
32
-0.028689
0
3DFACE
62
2
10
-0.009405
20
0.006622
30
-0.038837
11
-0.008795
21
0.006323
31
-0.038502
12
-0.013237
22
0.009380
32
-0.028448
0
3DFACE
62
2
10
-0.009710
20
0.006714
30
-0.038989
11
-0.013708
21
0.009548
31
-0.028689
12
-0.014677
22
0.009730
32
-0.029140
0
3DFACE
62
2
10
-0.009710
20
0.006714
30
-0.038989
11
-0.009405
21
0.006622
31
-0.038837
12
-0.013708
22
0.009548
32
-0.028689
0
3DFACE
62
2
10
-0.010182
20
0.006800
30
-0.039208
11
-0.009710
21
0.006714
31
-0.038989
12
-0.014677
22
0.009730
32
-0.029140
0
3DFACE
62
2
10
-0.010708
20
0.006839
30
-0.039439
11
-0.014677
21
0.009730
31
-0.029140
12
-0.016058
22
0.009756
32
-0.029730
0
3DFACE
62
2
10
-0.010708
20
0.006839
30
-0.039439
11
-0.010182
21
0.006800
31
-0.039208
12
-0.014677
22
0.009730
32
-0.029140
0
3DFACE
62
2
10
-0.011240
20
0.006829
30
-0.039662
11
-0.010708
21
0.006839
31
-0.039439
12
-0.016058
22
0.009756
32
-0.029730
0
3DFACE
62
2
10
-0.007804
20
0.006863
30
-0.038285
11
-0.011149
21
0.009805
31
-0.027760
12
-0.011661
22
0.009191
32
-0.027760
0
3DFACE
62
2
10
-0.008162
20
0.006433
30
-0.038285
11
-0.007804
21
0.006863
31
-0.038285
12
-0.011661
22
0.009191
32
-0.027760
0
3DFACE
62
2
10
-0.011122
20
0.005101
30
-0.039204
11
-0.011706
21
0.005995
31
-0.039662
12
-0.016723
22
0.008564
32
-0.029730
0
3DFACE
62
2
10
-0.011122
20
0.005101
30
-0.039204
11
-0.016323
21
0.007888
31
-0.029401
12
-0.015864
22
0.007258
32
-0.029059
0
3DFACE
62
2
10
-0.011122
20
0.005101
30
-0.039204
11
-0.016723
21
0.008564
31
-0.029730
12
-0.016323
22
0.007888
32
-0.029401
0
3DFACE
62
2
10
-0.010768
20
0.004715
30
-0.038964
11
-0.015864
21
0.007258
31
-0.029059
12
-0.015393
22
0.006745
32
-0.028739
0
3DFACE
62
2
10
-0.010768
20
0.004715
30
-0.038964
11
-0.011122
21
0.005101
31
-0.039204
12
-0.015864
22
0.007258
32
-0.029059
0
3DFACE
62
2
10
-0.010470
20
0.004467
30
-0.038777
11
-0.015046
21
0.006446
31
-0.028520
12
-0.014493
22
0.006111
32
-0.028200
0
3DFACE
62
2
10
-0.010470
20
0.004467
30
-0.038777
11
-0.015393
21
0.006745
31
-0.028739
12
-0.015046
22
0.006446
32
-0.028520
0
3DFACE
62
2
10
-0.010470
20
0.004467
30
-0.038777
11
-0.010768
21
0.004715
31
-0.038964
12
-0.015393
22
0.006745
32
-0.028739
0
3DFACE
62
2
10
-0.010131
20
0.004269
30
-0.038583
11
-0.010470
21
0.004467
31
-0.038777
12
-0.014493
22
0.006111
32
-0.028200
0
3DFACE
62
2
10
-0.009983
20
0.004169
30
-0.038495
11
-0.014493
21
0.006111
31
-0.028200
12
-0.014322
22
0.006003
32
-0.028101
0
3DFACE
62
2
10
-0.009983
20
0.004169
30
-0.038495
11
-0.010131
21
0.004269
31
-0.038583
12
-0.014493
22
0.006111
32
-0.028200
0
3DFACE
62
2
10
-0.009905
20
0.004091
30
-0.038444
11
-0.014322
21
0.006003
31
-0.028101
12
-0.014218
22
0.005917
32
-0.028036
0
3DFACE
62
2
10
-0.009905
20
0.004091
30
-0.038444
11
-0.009983
21
0.004169
31
-0.038495
12
-0.014322
22
0.006003
32
-0.028101
0
3DFACE
62
2
10
-0.009865
20
0.004038
30
-0.038416
11
-0.014218
21
0.005917
31
-0.028036
12
-0.014148
22
0.005842
32
-0.027989
0
3DFACE
62
2
10
-0.009865
20
0.004038
30
-0.038416
11
-0.009905
21
0.004091
31
-0.038444
12
-0.014218
22
0.005917
32
-0.028036
0
3DFACE
62
2
10
-0.009831
20
0.003979
30
-0.038389
11
-0.014148
21
0.005842
31
-0.027989
12
-0.014087
22
0.005758
32
-0.027945
0
3DFACE
62
2
10
-0.009831
20
0.003979
30
-0.038389
11
-0.009865
21
0.004038
31
-0.038416
12
-0.014148
22
0.005842
32
-0.027989
0
3DFACE
62
2
10
-0.009793
20
0.003879
30
-0.038352
11
-0.014087
21
0.005758
31
-0.027945
12
-0.014040
22
0.005674
32
-0.027908
0
3DFACE
62
2
10
-0.009793
20
0.003879
30
-0.038352
11
-0.009831
21
0.003979
31
-0.038389
12
-0.014087
22
0.005758
32
-0.027945
0
3DFACE
62
2
10
-0.009768
20
0.003769
30
-0.038321
11
-0.009793
21
0.003879
31
-0.038352
12
-0.014040
22
0.005674
32
-0.027908
0
3DFACE
62
2
10
-0.009759
20
0.003681
30
-0.038301
11
-0.014040
21
0.005674
31
-0.027908
12
-0.013985
22
0.005526
32
-0.027854
0
3DFACE
62
2
10
-0.009759
20
0.003681
30
-0.038301
11
-0.009768
21
0.003769
31
-0.038321
12
-0.014040
22
0.005674
32
-0.027908
0
3DFACE
62
2
10
-0.009757
20
0.003593
30
-0.038285
11
-0.013951
21
0.005356
31
-0.027808
12
-0.013939
22
0.005116
32
-0.027760
0
3DFACE
62
2
10
-0.009757
20
0.003593
30
-0.038285
11
-0.013985
21
0.005526
31
-0.027854
12
-0.013951
22
0.005356
32
-0.027808
0
3DFACE
62
2
10
-0.009757
20
0.003593
30
-0.038285
11
-0.009759
21
0.003681
31
-0.038301
12
-0.013985
22
0.005526
32
-0.027854
0
3DFACE
62
2
10
-0.009756
20
0.003581
30
-0.038285
11
-0.009757
21
0.003593
31
-0.038285
12
-0.013939
22
0.005116
32
-0.027760
0
3DFACE
62
2
10
-0.009943
20
0.003041
30
-0.038285
11
-0.009935
21
0.003050
31
-0.038285
12
-0.014194
22
0.004358
32
-0.027760
0
3DFACE
62
2
10
-0.009943
20
0.003041
30
-0.038285
11
-0.014461
21
0.004073
31
-0.027848
12
-0.014579
22
0.003992
32
-0.027894
0
3DFACE
62
2
10
-0.009943
20
0.003041
30
-0.038285
11
-0.014352
21
0.004171
31
-0.027809
12
-0.014461
22
0.004073
32
-0.027848
0
3DFACE
62
2
10
-0.009943
20
0.003041
30
-0.038285
11
-0.014270
21
0.004261
31
-0.027782
12
-0.014352
22
0.004171
32
-0.027809
0
3DFACE
62
2
10
-0.009943
20
0.003041
30
-0.038285
11
-0.014194
21
0.004358
31
-0.027760
12
-0.014270
22
0.004261
32
-0.027782
0
3DFACE
62
2
10
-0.010060
20
0.002906
30
-0.038322
11
-0.014579
21
0.003992
31
-0.027894
12
-0.014667
22
0.003949
32
-0.027931
0
3DFACE
62
2
10
-0.010060
20
0.002906
30
-0.038322
11
-0.009943
21
0.003041
31
-0.038285
12
-0.014579
22
0.003992
32
-0.027894
0
3DFACE
62
2
10
-0.010159
20
0.002824
30
-0.038358
11
-0.014667
21
0.003949
31
-0.027931
12
-0.014758
22
0.003917
32
-0.027970
0
3DFACE
62
2
10
-0.010159
20
0.002824
30
-0.038358
11
-0.010060
21
0.002906
31
-0.038322
12
-0.014667
22
0.003949
32
-0.027931
0
3DFACE
62
2
10
-0.010217
20
0.002788
30
-0.038381
11
-0.014758
21
0.003917
31
-0.027970
12
-0.014851
22
0.003896
32
-0.028013
0
3DFACE
62
2
10
-0.010217
20
0.002788
30
-0.038381
11
-0.010159
21
0.002824
31
-0.038358
12
-0.014758
22
0.003917
32
-0.027970
0
3DFACE
62
2
10
-0.010278
20
0.002760
30
-0.038407
11
-0.010217
21
0.002788
31
-0.038381
12
-0.014851
22
0.003896
32
-0.028013
0
3DFACE
62
2
10
-0.010346
20
0.002738
30
-0.038437
11
-0.014851
21
0.003896
31
-0.028013
12
-0.014945
22
0.003885
32
-0.028057
0
3DFACE
62
2
10
-0.010346
20
0.002738
30
-0.038437
11
-0.010278
21
0.002760
31
-0.038407
12
-0.014851
22
0.003896
32
-0.028013
0
3DFACE
62
2
10
-0.010416
20
0.002724
30
-0.038469
11
-0.014945
21
0.003885
31
-0.028057
12
-0.015075
22
0.003885
32
-0.028120
0
3DFACE
62
2
10
-0.010416
20
0.002724
30
-0.038469
11
-0.010346
21
0.002738
31
-0.038437
12
-0.014945
22
0.003885
32
-0.028057
0
3DFACE
62
2
10
-0.010485
20
0.002719
30
-0.038502
11
-0.015229
21
0.003900
31
-0.028196
12
-0.015731
22
0.003965
32
-0.028448
0
3DFACE
62
2
10
-0.010485
20
0.002719
30
-0.038502
11
-0.015075
21
0.003885
31
-0.028120
12
-0.015229
22
0.003900
32
-0.028196
0
3DFACE
62
2
10
-0.010485
20
0.002719
30
-0.038502
11
-0.010416
21
0.002724
31
-0.038469
12
-0.015075
22
0.003885
32
-0.028120
0
3DFACE
62
2
10
-0.011162
20
0.002777
30
-0.038837
11
-0.015731
21
0.003965
31
-0.028448
12
-0.016232
22
0.003951
32
-0.028689
0
3DFACE
62
2
10
-0.011162
20
0.002777
30
-0.038837
11
-0.010485
21
0.002719
31
-0.038502
12
-0.015731
22
0.003965
32
-0.028448
0
3DFACE
62
2
10
-0.011480
20
0.002753
30
-0.038989
11
-0.016232
21
0.003951
31
-0.028689
12
-0.017200
22
0.003771
32
-0.029140
0
3DFACE
62
2
10
-0.011480
20
0.002753
30
-0.038989
11
-0.011162
21
0.002777
31
-0.038837
12
-0.016232
22
0.003951
32
-0.028689
0
3DFACE
62
2
10
-0.011951
20
0.002663
30
-0.039208
11
-0.011480
21
0.002753
31
-0.038989
12
-0.017200
22
0.003771
32
-0.029140
0
3DFACE
62
2
10
-0.012455
20
0.002509
30
-0.039439
11
-0.017200
21
0.003771
31
-0.029140
12
-0.018497
22
0.003296
32
-0.029730
0
3DFACE
62
2
10
-0.012455
20
0.002509
30
-0.039439
11
-0.011951
21
0.002663
31
-0.039208
12
-0.017200
22
0.003771
32
-0.029140
0
3DFACE
62
2
10
-0.012948
20
0.002307
30
-0.039662
11
-0.012455
21
0.002509
31
-0.039439
12
-0.018497
22
0.003296
32
-0.029730
0
3DFACE
62
2
10
-0.009756
20
0.003581
30
-0.038285
11
-0.013939
21
0.005116
31
-0.027760
12
-0.014194
22
0.004358
32
-0.027760
0
3DFACE
62
2
10
-0.009935
20
0.003050
30
-0.038285
11
-0.009756
21
0.003581
31
-0.038285
12
-0.014194
22
0.004358
32
-0.027760
0
3DFACE
62
2
10
-0.013082
20
0.001361
30
-0.039662
11
-0.018688
21
0.001945
31
-0.029730
12
-0.018146
22
0.001513
32
-0.029441
0
3DFACE
62
2
10
-0.012213
20
0.000739
30
-0.039204
11
-0.018146
21
0.001513
31
-0.029441
12
-0.017575
22
0.001131
32
-0.029142
0
3DFACE
62
2
10
-0.012213
20
0.000739
30
-0.039204
11
-0.013082
21
0.001361
31
-0.039662
12
-0.018146
22
0.001513
32
-0.029441
0
3DFACE
62
2
10
-0.011744
20
0.000507
30
-0.038964
11
-0.017575
21
0.001131
31
-0.029142
12
-0.016971
22
0.000809
32
-0.028831
0
3DFACE
62
2
10
-0.011744
20
0.000507
30
-0.038964
11
-0.016971
21
0.000809
31
-0.028831
12
-0.016618
22
0.000661
32
-0.028651
0
3DFACE
62
2
10
-0.011744
20
0.000507
30
-0.038964
11
-0.012213
21
0.000739
31
-0.039204
12
-0.017575
22
0.001131
32
-0.029142
0
3DFACE
62
2
10
-0.011376
20
0.000383
30
-0.038777
11
-0.016618
21
0.000661
31
-0.028651
12
-0.016256
22
0.000548
32
-0.028468
0
3DFACE
62
2
10
-0.011376
20
0.000383
30
-0.038777
11
-0.011744
21
0.000507
31
-0.038964
12
-0.016618
22
0.000661
32
-0.028651
0
3DFACE
62
2
10
-0.010989
20
0.000321
30
-0.038583
11
-0.016256
21
0.000548
31
-0.028468
12
-0.015533
22
0.000426
32
-0.028105
0
3DFACE
62
2
10
-0.010989
20
0.000321
30
-0.038583
11
-0.011376
21
0.000383
31
-0.038777
12
-0.016256
22
0.000548
32
-0.028468
0
3DFACE
62
2
10
-0.010815
20
0.000281
30
-0.038495
11
-0.010989
21
0.000321
31
-0.038583
12
-0.015533
22
0.000426
32
-0.028105
0
3DFACE
62
2
10
-0.010714
20
0.000237
30
-0.038444
11
-0.015533
21
0.000426
31
-0.028105
12
-0.015423
22
0.000392
32
-0.028050
0
3DFACE
62
2
10
-0.010714
20
0.000237
30
-0.038444
11
-0.010815
21
0.000281
31
-0.038495
12
-0.015533
22
0.000426
32
-0.028105
0
3DFACE
62
2
10
-0.010657
20
0.000201
30
-0.038416
11
-0.015423
21
0.000392
31
-0.028050
12
-0.015316
22
0.000344
32
-0.027996
0
3DFACE
62
2
10
-0.010657
20
0.000201
30
-0.038416
11
-0.010714
21
0.000237
31
-0.038444
12
-0.015423
22
0.000392
32
-0.028050
0
3DFACE
62
2
10
-0.010605
20
0.000159
30
-0.038389
11
-0.015316
21
0.000344
31
-0.027996
12
-0.015216
22
0.000281
32
-0.027945
0
3DFACE
62
2
10
-0.010605
20
0.000159
30
-0.038389
11
-0.010657
21
0.000201
31
-0.038416
12
-0.015316
22
0.000344
32
-0.027996
0
3DFACE
62
2
10
-0.010532
20
0.000079
30
-0.038352
11
-0.015216
21
0.000281
31
-0.027945
12
-0.015135
22
0.000213
32
-0.027904
0
3DFACE
62
2
10
-0.010532
20
0.000079
30
-0.038352
11
-0.010605
21
0.000159
31
-0.038389
12
-0.015216
22
0.000281
32
-0.027945
0
3DFACE
62
2
10
-0.010470
20
-0.000015
30
-0.038321
11
-0.010532
21
0.000079
31
-0.038352
12
-0.015135
22
0.000213
32
-0.027904
0
3DFACE
62
2
10
-0.010430
20
-0.000093
30
-0.038301
11
-0.015135
21
0.000213
31
-0.027904
12
-0.015028
22
0.000090
32
-0.027850
0
3DFACE
62
2
10
-0.010430
20
-0.000093
30
-0.038301
11
-0.010470
21
-0.000015
31
-0.038321
12
-0.015135
22
0.000213
32
-0.027904
0
3DFACE
62
2
10
-0.010396
20
-0.000174
30
-0.038285
11
-0.014935
21
-0.000061
31
-0.027804
12
-0.014845
22
-0.000265
32
-0.027760
0
3DFACE
62
2
10
-0.010396
20
-0.000174
30
-0.038285
11
-0.015028
21
0.000090
31
-0.027850
12
-0.014935
22
-0.000061
32
-0.027804
0
3DFACE
62
2
10
-0.010396
20
-0.000174
30
-0.038285
11
-0.010430
21
-0.000093
31
-0.038301
12
-0.015028
22
0.000090
32
-0.027850
0
3DFACE
62
2
10
-0.010391
20
-0.000186
30
-0.038285
11
-0.010396
21
-0.000174
31
-0.038285
12
-0.014845
22
-0.000265
32
-0.027760
0
3DFACE
62
2
10
-0.010370
20
-0.000756
30
-0.038285
11
-0.010366
21
-0.000745
31
-0.038285
12
-0.014809
22
-0.001064
32
-0.027760
0
3DFACE
62
2
10
-0.010370
20
-0.000756
30
-0.038285
11
-0.014955
21
-0.001426
31
-0.027848
12
-0.015037
22
-0.001544
32
-0.027894
0
3DFACE
62
2
10
-0.010370
20
-0.000756
30
-0.038285
11
-0.014889
21
-0.001296
31
-0.027809
12
-0.014955
22
-0.001426
32
-0.027848
0
3DFACE
62
2
10
-0.010370
20
-0.000756
30
-0.038285
11
-0.014845
21
-0.001182
31
-0.027782
12
-0.014889
22
-0.001296
32
-0.027809
0
3DFACE
62
2
10
-0.010370
20
-0.000756
30
-0.038285
11
-0.014809
21
-0.001064
31
-0.027760
12
-0.014845
22
-0.001182
32
-0.027782
0
3DFACE
62
2
10
-0.010431
20
-0.000925
30
-0.038322
11
-0.015037
21
-0.001544
31
-0.027894
12
-0.015103
22
-0.001616
32
-0.027931
0
3DFACE
62
2
10
-0.010431
20
-0.000925
30
-0.038322
11
-0.010370
21
-0.000756
31
-0.038285
12
-0.015037
22
-0.001544
32
-0.027894
0
3DFACE
62
2
10
-0.010493
20
-0.001037
30
-0.038358
11
-0.015103
21
-0.001616
31
-0.027931
12
-0.015176
22
-0.001679
32
-0.027970
0
3DFACE
62
2
10
-0.010493
20
-0.001037
30
-0.038358
11
-0.010431
21
-0.000925
31
-0.038322
12
-0.015103
22
-0.001616
32
-0.027931
0
3DFACE
62
2
10
-0.010535
20
-0.001091
30
-0.038381
11
-0.015176
21
-0.001679
31
-0.027970
12
-0.015255
22
-0.001732
32
-0.028013
0
3DFACE
62
2
10
-0.010535
20
-0.001091
30
-0.038381
11
-0.010493
21
-0.001037
31
-0.038358
12
-0.015176
22
-0.001679
32
-0.027970
0
3DFACE
62
2
10
-0.010581
20
-0.001140
30
-0.038407
11
-0.010535
21
-0.001091
31
-0.038381
12
-0.015255
22
-0.001732
32
-0.028013
0
3DFACE
62
2
10
-0.010636
20
-0.001185
30
-0.038437
11
-0.015255
21
-0.001732
31
-0.028013
12
-0.015339
22
-0.001776
32
-0.028057
0
3DFACE
62
2
10
-0.010636
20
-0.001185
30
-0.038437
11
-0.010581
21
-0.001140
31
-0.038407
12
-0.015255
22
-0.001732
32
-0.028013
0
3DFACE
62
2
10
-0.010696
20
-0.001222
30
-0.038469
11
-0.015339
21
-0.001776
31
-0.028057
12
-0.015460
22
-0.001823
32
-0.028120
0
3DFACE
62
2
10
-0.010696
20
-0.001222
30
-0.038469
11
-0.010636
21
-0.001185
31
-0.038437
12
-0.015339
22
-0.001776
32
-0.028057
0
3DFACE
62
2
10
-0.010759
20
-0.001253
30
-0.038502
11
-0.015610
21
-0.001865
31
-0.028196
12
-0.016101
22
-0.001986
32
-0.028448
0
3DFACE
62
2
10
-0.010759
20
-0.001253
30
-0.038502
11
-0.015460
21
-0.001823
31
-0.028120
12
-0.015610
22
-0.001865
32
-0.028196
0
3DFACE
62
2
10
-0.010759
20
-0.001253
30
-0.038502
11
-0.010696
21
-0.001222
31
-0.038469
12
-0.015460
22
-0.001823
32
-0.028120
0
3DFACE
62
2
10
-0.011412
20
-0.001443
30
-0.038837
11
-0.016101
21
-0.001986
31
-0.028448
12
-0.016563
22
-0.002179
32
-0.028689
0
3DFACE
62
2
10
-0.011412
20
-0.001443
30
-0.038837
11
-0.010759
21
-0.001253
31
-0.038502
12
-0.016101
22
-0.001986
32
-0.028448
0
3DFACE
62
2
10
-0.011699
20
-0.001580
30
-0.038989
11
-0.016563
21
-0.002179
31
-0.028689
12
-0.017401
22
-0.002697
32
-0.029140
0
3DFACE
62
2
10
-0.011699
20
-0.001580
30
-0.038989
11
-0.011412
21
-0.001443
31
-0.038837
12
-0.016563
22
-0.002179
32
-0.028689
0
3DFACE
62
2
10
-0.012106
20
-0.001834
30
-0.039208
11
-0.011699
21
-0.001580
31
-0.038989
12
-0.017401
22
-0.002697
32
-0.029140
0
3DFACE
62
2
10
-0.012521
20
-0.002160
30
-0.039439
11
-0.017401
21
-0.002697
31
-0.029140
12
-0.018439
22
-0.003609
32
-0.029730
0
3DFACE
62
2
10
-0.012521
20
-0.002160
30
-0.039439
11
-0.012106
21
-0.001834
31
-0.039208
12
-0.017401
22
-0.002697
32
-0.029140
0
3DFACE
62
2
10
-0.012907
20
-0.002526
30
-0.039662
11
-0.012521
21
-0.002160
31
-0.039439
12
-0.018439
22
-0.003609
32
-0.029730
0
3DFACE
62
2
10
-0.010391
20
-0.000186
30
-0.038285
11
-0.014845
21
-0.000265
31
-0.027760
12
-0.014809
22
-0.001064
32
-0.027760
0
3DFACE
62
2
10
-0.010366
20
-0.000745
30
-0.038285
11
-0.010391
21
-0.000186
31
-0.038285
12
-0.014809
22
-0.001064
32
-0.027760
0
3DFACE
62
2
10
-0.011656
20
-0.003723
30
-0.039204
11
-0.012690
21
-0.003456
31
-0.039662
12
-0.018129
22
-0.004937
32
-0.029730
0
3DFACE
62
2
10
-0.011656
20
-0.003723
30
-0.039204
11
-0.017377
21
-0.005168
31
-0.029401
12
-0.016613
22
-0.005324
32
-0.029059
0
3DFACE
62
2
10
-0.011656
20
-0.003723
30
-0.039204
11
-0.018129
21
-0.004937
31
-0.029730
12
-0.017377
22
-0.005168
32
-0.029401
0
3DFACE
62
2
10
-0.011134
20
-0.003770
30
-0.038964
11
-0.016613
21
-0.005324
31
-0.029059
12
-0.015919
22
-0.005385
32
-0.028739
0
3DFACE
62
2
10
-0.011134
20
-0.003770
30
-0.038964
11
-0.011656
21
-0.003723
31
-0.039204
12
-0.016613
22
-0.005324
32
-0.029059
0
3DFACE
62
2
10
-0.010747
20
-0.003753
30
-0.038777
11
-0.015462
21
-0.005373
31
-0.028520
12
-0.014827
22
-0.005248
32
-0.028200
0
3DFACE
62
2
10
-0.010747
20
-0.003753
30
-0.038777
11
-0.015919
21
-0.005385
31
-0.028739
12
-0.015462
22
-0.005373
32
-0.028520
0
3DFACE
62
2
10
-0.010747
20
-0.003753
30
-0.038777
11
-0.011134
21
-0.003770
31
-0.038964
12
-0.015919
22
-0.005385
32
-0.028739
0
3DFACE
62
2
10
-0.010363
20
-0.003670
30
-0.038583
11
-0.010747
21
-0.003753
31
-0.038777
12
-0.014827
22
-0.005248
32
-0.028200
0
3DFACE
62
2
10
-0.010186
20
-0.003645
30
-0.038495
11
-0.014827
21
-0.005248
31
-0.028200
12
-0.014628
22
-0.005213
32
-0.028101
0
3DFACE
62
2
10
-0.010186
20
-0.003645
30
-0.038495
11
-0.010363
21
-0.003670
31
-0.038583
12
-0.014827
22
-0.005248
32
-0.028200
0
3DFACE
62
2
10
-0.010076
20
-0.003649
30
-0.038444
11
-0.014628
21
-0.005213
31
-0.028101
12
-0.014493
22
-0.005206
32
-0.028036
0
3DFACE
62
2
10
-0.010076
20
-0.003649
30
-0.038444
11
-0.010186
21
-0.003645
31
-0.038495
12
-0.014628
22
-0.005213
32
-0.028101
0
3DFACE
62
2
10
-0.010010
20
-0.003662
30
-0.038416
11
-0.014493
21
-0.005206
31
-0.028036
12
-0.014391
22
-0.005214
32
-0.027989
0
3DFACE
62
2
10
-0.010010
20
-0.003662
30
-0.038416
11
-0.010076
21
-0.003649
31
-0.038444
12
-0.014493
22
-0.005206
32
-0.028036
0
3DFACE
62
2
10
-0.009946
20
-0.003683
30
-0.038389
11
-0.014391
21
-0.005214
31
-0.027989
12
-0.014289
22
-0.005235
32
-0.027945
0
3DFACE
62
2
10
-0.009946
20
-0.003683
30
-0.038389
11
-0.010010
21
-0.003662
31
-0.038416
12
-0.014391
22
-0.005214
32
-0.027989
0
3DFACE
62
2
10
-0.009850
20
-0.003731
30
-0.038352
11
-0.014289
21
-0.005235
31
-0.027945
12
-0.014198
22
-0.005266
32
-0.027908
0
3DFACE
62
2
10
-0.009850
20
-0.003731
30
-0.038352
11
-0.009946
21
-0.003683
31
-0.038389
12
-0.014289
22
-0.005235
32
-0.027945
0
3DFACE
62
2
10
-0.009758
20
-0.003796
30
-0.038321
11
-0.009850
21
-0.003731
31
-0.038352
12
-0.014198
22
-0.005266
32
-0.027908
0
3DFACE
62
2
10
-0.009692
20
-0.003854
30
-0.038301
11
-0.014198
21
-0.005266
31
-0.027908
12
-0.014058
22
-0.005338
32
-0.027854
0
3DFACE
62
2
10
-0.009692
20
-0.003854
30
-0.038301
11
-0.009758
21
-0.003796
31
-0.038321
12
-0.014198
22
-0.005266
32
-0.027908
0
3DFACE
62
2
10
-0.009631
20
-0.003918
30
-0.038285
11
-0.013918
21
-0.005440
31
-0.027808
12
-0.013747
22
-0.005610
32
-0.027760
0
3DFACE
62
2
10
-0.009631
20
-0.003918
30
-0.038285
11
-0.014058
21
-0.005338
31
-0.027854
12
-0.013918
22
-0.005440
32
-0.027808
0
3DFACE
62
2
10
-0.009631
20
-0.003918
30
-0.038285
11
-0.009692
21
-0.003854
31
-0.038301
12
-0.014058
22
-0.005338
32
-0.027854
0
3DFACE
62
2
10
-0.009622
20
-0.003927
30
-0.038285
11
-0.009631
21
-0.003918
31
-0.038285
12
-0.013747
22
-0.005610
32
-0.027760
0
3DFACE
62
2
10
-0.009396
20
-0.004451
30
-0.038285
11
-0.009397
21
-0.004439
31
-0.038285
12
-0.013425
22
-0.006342
32
-0.027760
0
3DFACE
62
2
10
-0.009396
20
-0.004451
30
-0.038285
11
-0.013430
21
-0.006732
31
-0.027848
12
-0.013464
22
-0.006871
32
-0.027894
0
3DFACE
62
2
10
-0.009396
20
-0.004451
30
-0.038285
11
-0.013416
21
-0.006587
31
-0.027809
12
-0.013430
22
-0.006732
32
-0.027848
0
3DFACE
62
2
10
-0.009396
20
-0.004451
30
-0.038285
11
-0.013416
21
-0.006465
31
-0.027782
12
-0.013416
22
-0.006587
32
-0.027809
0
3DFACE
62
2
10
-0.009396
20
-0.004451
30
-0.038285
11
-0.013425
21
-0.006342
31
-0.027760
12
-0.013416
22
-0.006465
32
-0.027782
0
3DFACE
62
2
10
-0.009392
20
-0.004630
30
-0.038322
11
-0.013464
21
-0.006871
31
-0.027894
12
-0.013499
22
-0.006963
32
-0.027931
0
3DFACE
62
2
10
-0.009392
20
-0.004630
30
-0.038322
11
-0.009396
21
-0.004451
31
-0.038285
12
-0.013464
22
-0.006871
32
-0.027894
0
3DFACE
62
2
10
-0.009410
20
-0.004757
30
-0.038358
11
-0.013499
21
-0.006963
31
-0.027931
12
-0.013545
22
-0.007048
32
-0.027970
0
3DFACE
62
2
10
-0.009410
20
-0.004757
30
-0.038358
11
-0.009392
21
-0.004630
31
-0.038322
12
-0.013499
22
-0.006963
32
-0.027931
0
3DFACE
62
2
10
-0.009429
20
-0.004823
30
-0.038381
11
-0.013545
21
-0.007048
31
-0.027970
12
-0.013599
22
-0.007126
32
-0.028013
0
3DFACE
62
2
10
-0.009429
20
-0.004823
30
-0.038381
11
-0.009410
21
-0.004757
31
-0.038358
12
-0.013545
22
-0.007048
32
-0.027970
0
3DFACE
62
2
10
-0.009455
20
-0.004885
30
-0.038407
11
-0.009429
21
-0.004823
31
-0.038381
12
-0.013599
22
-0.007126
32
-0.028013
0
3DFACE
62
2
10
-0.009490
20
-0.004947
30
-0.038437
11
-0.013599
21
-0.007126
31
-0.028013
12
-0.013662
22
-0.007197
32
-0.028057
0
3DFACE
62
2
10
-0.009490
20
-0.004947
30
-0.038437
11
-0.009455
21
-0.004885
31
-0.038407
12
-0.013599
22
-0.007126
32
-0.028013
0
3DFACE
62
2
10
-0.009532
20
-0.005004
30
-0.038469
11
-0.013662
21
-0.007197
31
-0.028057
12
-0.013758
22
-0.007285
32
-0.028120
0
3DFACE
62
2
10
-0.009532
20
-0.005004
30
-0.038469
11
-0.009490
21
-0.004947
31
-0.038437
12
-0.013662
22
-0.007197
32
-0.028057
0
3DFACE
62
2
10
-0.009580
20
-0.005055
30
-0.038502
11
-0.013882
21
-0.007378
31
-0.028196
12
-0.014297
22
-0.007668
32
-0.028448
0
3DFACE
62
2
10
-0.009580
20
-0.005055
30
-0.038502
11
-0.013758
21
-0.007285
31
-0.028120
12
-0.013882
22
-0.007378
32
-0.028196
0
3DFACE
62
2
10
-0.009580
20
-0.005055
30
-0.038502
11
-0.009532
21
-0.005004
31
-0.038469
12
-0.013758
22
-0.007285
32
-0.028120
0
3DFACE
62
2
10
-0.010120
20
-0.005467
30
-0.038837
11
-0.014297
21
-0.007668
31
-0.028448
12
-0.014657
22
-0.008016
32
-0.028689
0
3DFACE
62
2
10
-0.010120
20
-0.005467
30
-0.038837
11
-0.009580
21
-0.005055
31
-0.038502
12
-0.014297
22
-0.007668
32
-0.028448
0
3DFACE
62
2
10
-0.010338
20
-0.005700
30
-0.038989
11
-0.014657
21
-0.008016
31
-0.028689
12
-0.015252
22
-0.008801
32
-0.029140
0
3DFACE
62
2
10
-0.010338
20
-0.005700
30
-0.038989
11
-0.010120
21
-0.005467
31
-0.038837
12
-0.014657
22
-0.008016
32
-0.028689
0
3DFACE
62
2
10
-0.010626
20
-0.006083
30
-0.039208
11
-0.010338
21
-0.005700
31
-0.038989
12
-0.015252
22
-0.008801
32
-0.029140
0
3DFACE
62
2
10
-0.010895
20
-0.006537
30
-0.039439
11
-0.015252
21
-0.008801
31
-0.029140
12
-0.015890
22
-0.010026
32
-0.029730
0
3DFACE
62
2
10
-0.010895
20
-0.006537
30
-0.039439
11
-0.010626
21
-0.006083
31
-0.039208
12
-0.015252
22
-0.008801
32
-0.029140
0
3DFACE
62
2
10
-0.011123
20
-0.007018
30
-0.039662
11
-0.010895
21
-0.006537
31
-0.039439
12
-0.015890
22
-0.010026
32
-0.029730
0
3DFACE
62
2
10
-0.009622
20
-0.003927
30
-0.038285
11
-0.013747
21
-0.005610
31
-0.027760
12
-0.013425
22
-0.006342
32
-0.027760
0
3DFACE
62
2
10
-0.009397
20
-0.004439
30
-0.038285
11
-0.009622
21
-0.003927
31
-0.038285
12
-0.013425
22
-0.006342
32
-0.027760
0
3DFACE
62
2
10
-0.009524
20
-0.007682
30
-0.039204
11
-0.010585
21
-0.007807
31
-0.039662
12
-0.015121
22
-0.011153
32
-0.029730
0
3DFACE
62
2
10
-0.009524
20
-0.007682
30
-0.039204
11
-0.014337
21
-0.011096
31
-0.029401
12
-0.013568
22
-0.010966
32
-0.029059
0
3DFACE
62
2
10
-0.009524
20
-0.007682
30
-0.039204
11
-0.015121
21
-0.011153
31
-0.029730
12
-0.014337
22
-0.011096
32
-0.029401
0
3DFACE
62
2
10
-0.009020
20
-0.007538
30
-0.038964
11
-0.013568
21
-0.010966
31
-0.029059
12
-0.012899
22
-0.010772
32
-0.028739
0
3DFACE
62
2
10
-0.009020
20
-0.007538
30
-0.038964
11
-0.009524
21
-0.007682
31
-0.039204
12
-0.013568
22
-0.010966
32
-0.029059
0
3DFACE
62
2
10
-0.008665
20
-0.007381
30
-0.038777
11
-0.012477
21
-0.010595
31
-0.028520
12
-0.011930
22
-0.010250
32
-0.028200
0
3DFACE
62
2
10
-0.008665
20
-0.007381
30
-0.038777
11
-0.012899
21
-0.010772
31
-0.028739
12
-0.012477
22
-0.010595
32
-0.028520
0
3DFACE
62
2
10
-0.008665
20
-0.007381
30
-0.038777
11
-0.009020
21
-0.007538
31
-0.038964
12
-0.012899
22
-0.010772
32
-0.028739
0
3DFACE
62
2
10
-0.008338
20
-0.007166
30
-0.038583
11
-0.008665
21
-0.007381
31
-0.038777
12
-0.011930
22
-0.010250
32
-0.028200
0
3DFACE
62
2
10
-0.008182
20
-0.007078
30
-0.038495
11
-0.011930
21
-0.010250
31
-0.028200
12
-0.011757
22
-0.010145
32
-0.028101
0
3DFACE
62
2
10
-0.008182
20
-0.007078
30
-0.038495
11
-0.008338
21
-0.007166
31
-0.038583
12
-0.011930
22
-0.010250
32
-0.028200
0
3DFACE
62
2
10
-0.008077
20
-0.007043
30
-0.038444
11
-0.011757
21
-0.010145
31
-0.028101
12
-0.011634
22
-0.010090
32
-0.028036
0
3DFACE
62
2
10
-0.008077
20
-0.007043
30
-0.038444
11
-0.008182
21
-0.007078
31
-0.038495
12
-0.011757
22
-0.010145
32
-0.028101
0
3DFACE
62
2
10
-0.008012
20
-0.007031
30
-0.038416
11
-0.011634
21
-0.010090
31
-0.028036
12
-0.011536
22
-0.010061
32
-0.027989
0
3DFACE
62
2
10
-0.008012
20
-0.007031
30
-0.038416
11
-0.008077
21
-0.007043
31
-0.038444
12
-0.011634
22
-0.010090
32
-0.028036
0
3DFACE
62
2
10
-0.007944
20
-0.007027
30
-0.038389
11
-0.011536
21
-0.010061
31
-0.027989
12
-0.011433
22
-0.010043
32
-0.027945
0
3DFACE
62
2
10
-0.007944
20
-0.007027
30
-0.038389
11
-0.008012
21
-0.007031
31
-0.038416
12
-0.011536
22
-0.010061
32
-0.027989
0
3DFACE
62
2
10
-0.007837
20
-0.007037
30
-0.038352
11
-0.011433
21
-0.010043
31
-0.027945
12
-0.011337
22
-0.010039
32
-0.027908
0
3DFACE
62
2
10
-0.007837
20
-0.007037
30
-0.038352
11
-0.007944
21
-0.007027
31
-0.038389
12
-0.011433
22
-0.010043
32
-0.027945
0
3DFACE
62
2
10
-0.007728
20
-0.007065
30
-0.038321
11
-0.007837
21
-0.007037
31
-0.038352
12
-0.011337
22
-0.010039
32
-0.027908
0
3DFACE
62
2
10
-0.007646
20
-0.007095
30
-0.038301
11
-0.011337
21
-0.010039
31
-0.027908
12
-0.011180
22
-0.010056
32
-0.027854
0
3DFACE
62
2
10
-0.007646
20
-0.007095
30
-0.038301
11
-0.007728
21
-0.007065
31
-0.038321
12
-0.011337
22
-0.010039
32
-0.027908
0
3DFACE
62
2
10
-0.007565
20
-0.007133
30
-0.038285
11
-0.011013
21
-0.010101
31
-0.027808
12
-0.010792
22
-0.010197
32
-0.027760
0
3DFACE
62
2
10
-0.007565
20
-0.007133
30
-0.038285
11
-0.011180
21
-0.010056
31
-0.027854
12
-0.011013
22
-0.010101
32
-0.027808
0
3DFACE
62
2
10
-0.007565
20
-0.007133
30
-0.038285
11
-0.007646
21
-0.007095
31
-0.038301
12
-0.011180
22
-0.010056
32
-0.027854
0
3DFACE
62
2
10
-0.007554
20
-0.007137
30
-0.038285
11
-0.007565
21
-0.007133
31
-0.038285
12
-0.010792
22
-0.010197
32
-0.027760
0
3DFACE
62
2
10
-0.007154
20
-0.007545
30
-0.038285
11
-0.007159
21
-0.007534
31
-0.038285
12
-0.010228
22
-0.010763
32
-0.027760
0
3DFACE
62
2
10
-0.007154
20
-0.007545
30
-0.038285
11
-0.010092
21
-0.011129
31
-0.027848
12
-0.010072
22
-0.011271
32
-0.027894
0
3DFACE
62
2
10
-0.007154
20
-0.007545
30
-0.038285
11
-0.010131
21
-0.010988
31
-0.027809
12
-0.010092
22
-0.011129
32
-0.027848
0
3DFACE
62
2
10
-0.007154
20
-0.007545
30
-0.038285
11
-0.010175
21
-0.010875
31
-0.027782
12
-0.010131
22
-0.010988
32
-0.027809
0
3DFACE
62
2
10
-0.007154
20
-0.007545
30
-0.038285
11
-0.010228
21
-0.010763
31
-0.027760
12
-0.010175
22
-0.010875
32
-0.027782
0
3DFACE
62
2
10
-0.007085
20
-0.007710
30
-0.038322
11
-0.010072
21
-0.011271
31
-0.027894
12
-0.010072
22
-0.011369
32
-0.027931
0
3DFACE
62
2
10
-0.007085
20
-0.007710
30
-0.038322
11
-0.007154
21
-0.007545
31
-0.038285
12
-0.010072
22
-0.011271
32
-0.027894
0
3DFACE
62
2
10
-0.007056
20
-0.007835
30
-0.038358
11
-0.010072
21
-0.011369
31
-0.027931
12
-0.010084
22
-0.011465
32
-0.027970
0
3DFACE
62
2
10
-0.007056
20
-0.007835
30
-0.038358
11
-0.007085
21
-0.007710
31
-0.038322
12
-0.010072
22
-0.011369
32
-0.027931
0
3DFACE
62
2
10
-0.007050
20
-0.007903
30
-0.038381
11
-0.010084
21
-0.011465
31
-0.027970
12
-0.010107
22
-0.011558
32
-0.028013
0
3DFACE
62
2
10
-0.007050
20
-0.007903
30
-0.038381
11
-0.007056
21
-0.007835
31
-0.038358
12
-0.010084
22
-0.011465
32
-0.027970
0
3DFACE
62
2
10
-0.007052
20
-0.007971
30
-0.038407
11
-0.007050
21
-0.007903
31
-0.038381
12
-0.010107
22
-0.011558
32
-0.028013
0
3DFACE
62
2
10
-0.007062
20
-0.008041
30
-0.038437
11
-0.010107
21
-0.011558
31
-0.028013
12
-0.010139
22
-0.011647
32
-0.028057
0
3DFACE
62
2
10
-0.007062
20
-0.008041
30
-0.038437
11
-0.007052
21
-0.007971
31
-0.038407
12
-0.010107
22
-0.011558
32
-0.028013
0
3DFACE
62
2
10
-0.007081
20
-0.008110
30
-0.038469
11
-0.010139
21
-0.011647
31
-0.028057
12
-0.010197
22
-0.011763
32
-0.028120
0
3DFACE
62
2
10
-0.007081
20
-0.008110
30
-0.038469
11
-0.007062
21
-0.008041
31
-0.038437
12
-0.010139
22
-0.011647
32
-0.028057
0
3DFACE
62
2
10
-0.007107
20
-0.008174
30
-0.038502
11
-0.010279
21
-0.011894
31
-0.028196
12
-0.010561
22
-0.012315
32
-0.028448
0
3DFACE
62
2
10
-0.007107
20
-0.008174
30
-0.038502
11
-0.010197
21
-0.011763
31
-0.028120
12
-0.010279
22
-0.011894
32
-0.028196
0
3DFACE
62
2
10
-0.007107
20
-0.008174
30
-0.038502
11
-0.007081
21
-0.008110
31
-0.038469
12
-0.010197
22
-0.011763
32
-0.028120
0
3DFACE
62
2
10
-0.007462
20
-0.008754
30
-0.038837
11
-0.010561
21
-0.012315
31
-0.028448
12
-0.010772
22
-0.012769
32
-0.028689
0
3DFACE
62
2
10
-0.007462
20
-0.008754
30
-0.038837
11
-0.007107
21
-0.008174
31
-0.038502
12
-0.010561
22
-0.012315
32
-0.028448
0
3DFACE
62
2
10
-0.007581
20
-0.009049
30
-0.038989
11
-0.010772
21
-0.012769
31
-0.028689
12
-0.011043
22
-0.013716
32
-0.029140
0
3DFACE
62
2
10
-0.007581
20
-0.009049
30
-0.038989
11
-0.007462
21
-0.008754
31
-0.038837
12
-0.010772
22
-0.012769
32
-0.028689
0
3DFACE
62
2
10
-0.007711
20
-0.009511
30
-0.039208
11
-0.007581
21
-0.009049
31
-0.038989
12
-0.011043
22
-0.013716
32
-0.029140
0
3DFACE
62
2
10
-0.007798
20
-0.010031
30
-0.039439
11
-0.011043
21
-0.013716
31
-0.029140
12
-0.011196
22
-0.015089
32
-0.029730
0
3DFACE
62
2
10
-0.007798
20
-0.010031
30
-0.039439
11
-0.007711
21
-0.009511
31
-0.039208
12
-0.011043
22
-0.013716
32
-0.029140
0
3DFACE
62
2
10
-0.007837
20
-0.010562
30
-0.039662
11
-0.007798
21
-0.010031
31
-0.039439
12
-0.011196
22
-0.015089
32
-0.029730
0
3DFACE
62
2
10
-0.007554
20
-0.007137
30
-0.038285
11
-0.010792
21
-0.010197
31
-0.027760
12
-0.010228
22
-0.010763
32
-0.027760
0
3DFACE
62
2
10
-0.007159
20
-0.007534
30
-0.038285
11
-0.007554
21
-0.007137
31
-0.038285
12
-0.010228
22
-0.010763
32
-0.027760
0
3DFACE
62
2
10
-0.006106
20
-0.010603
30
-0.039204
11
-0.007050
21
-0.011103
31
-0.039662
12
-0.010071
22
-0.015862
32
-0.029730
0
3DFACE
62
2
10
-0.006106
20
-0.010603
30
-0.039204
11
-0.009360
21
-0.015526
31
-0.029401
12
-0.008691
22
-0.015126
32
-0.029059
0
3DFACE
62
2
10
-0.006106
20
-0.010603
30
-0.039204
11
-0.010071
21
-0.015862
31
-0.029730
12
-0.009360
22
-0.015526
32
-0.029401
0
3DFACE
62
2
10
-0.005688
20
-0.010287
30
-0.038964
11
-0.008691
21
-0.015126
31
-0.029059
12
-0.008136
22
-0.014705
32
-0.028739
0
3DFACE
62
2
10
-0.005688
20
-0.010287
30
-0.038964
11
-0.006106
21
-0.010603
31
-0.039204
12
-0.008691
22
-0.015126
32
-0.029059
0
3DFACE
62
2
10
-0.005414
20
-0.010013
30
-0.038777
11
-0.007807
21
-0.014387
31
-0.028520
12
-0.007422
22
-0.013868
32
-0.028200
0
3DFACE
62
2
10
-0.005414
20
-0.010013
30
-0.038777
11
-0.008136
21
-0.014705
31
-0.028739
12
-0.007807
22
-0.014387
32
-0.028520
0
3DFACE
62
2
10
-0.005414
20
-0.010013
30
-0.038777
11
-0.005688
21
-0.010287
31
-0.038964
12
-0.008136
22
-0.014705
32
-0.028739
0
3DFACE
62
2
10
-0.005186
20
-0.009694
30
-0.038583
11
-0.005414
21
-0.010013
31
-0.038777
12
-0.007422
22
-0.013868
32
-0.028200
0
3DFACE
62
2
10
-0.005072
20
-0.009556
30
-0.038495
11
-0.007422
21
-0.013868
31
-0.028200
12
-0.007298
22
-0.013707
32
-0.028101
0
3DFACE
62
2
10
-0.005072
20
-0.009556
30
-0.038495
11
-0.005186
21
-0.009694
31
-0.038583
12
-0.007422
22
-0.013868
32
-0.028200
0
3DFACE
62
2
10
-0.004988
20
-0.009485
30
-0.038444
11
-0.007298
21
-0.013707
31
-0.028101
12
-0.007203
22
-0.013611
32
-0.028036
0
3DFACE
62
2
10
-0.004988
20
-0.009485
30
-0.038444
11
-0.005072
21
-0.009556
31
-0.038495
12
-0.007298
22
-0.013707
32
-0.028101
0
3DFACE
62
2
10
-0.004931
20
-0.009450
30
-0.038416
11
-0.007203
21
-0.013611
31
-0.028036
12
-0.007122
22
-0.013548
32
-0.027989
0
3DFACE
62
2
10
-0.004931
20
-0.009450
30
-0.038416
11
-0.004988
21
-0.009485
31
-0.038444
12
-0.007203
22
-0.013611
32
-0.028036
0
3DFACE
62
2
10
-0.004869
20
-0.009422
30
-0.038389
11
-0.007122
21
-0.013548
31
-0.027989
12
-0.007033
22
-0.013495
32
-0.027945
0
3DFACE
62
2
10
-0.004869
20
-0.009422
30
-0.038389
11
-0.004931
21
-0.009450
31
-0.038416
12
-0.007122
22
-0.013548
32
-0.027989
0
3DFACE
62
2
10
-0.004766
20
-0.009393
30
-0.038352
11
-0.007033
21
-0.013495
31
-0.027945
12
-0.006945
22
-0.013456
32
-0.027908
0
3DFACE
62
2
10
-0.004766
20
-0.009393
30
-0.038352
11
-0.004869
21
-0.009422
31
-0.038389
12
-0.007033
22
-0.013495
32
-0.027945
0
3DFACE
62
2
10
-0.004654
20
-0.009379
30
-0.038321
11
-0.004766
21
-0.009393
31
-0.038352
12
-0.006945
22
-0.013456
32
-0.027908
0
3DFACE
62
2
10
-0.004566
20
-0.009378
30
-0.038301
11
-0.006945
21
-0.013456
31
-0.027908
12
-0.006792
22
-0.013415
32
-0.027854
0
3DFACE
62
2
10
-0.004566
20
-0.009378
30
-0.038301
11
-0.004654
21
-0.009379
31
-0.038321
12
-0.006945
22
-0.013456
32
-0.027908
0
3DFACE
62
2
10
-0.004478
20
-0.009384
30
-0.038285
11
-0.006621
21
-0.013397
31
-0.027808
12
-0.006380
22
-0.013407
32
-0.027760
0
3DFACE
62
2
10
-0.004478
20
-0.009384
30
-0.038285
11
-0.006792
21
-0.013415
31
-0.027854
12
-0.006621
22
-0.013397
32
-0.027808
0
3DFACE
62
2
10
-0.004478
20
-0.009384
30
-0.038285
11
-0.004566
21
-0.009378
31
-0.038301
12
-0.006792
22
-0.013415
32
-0.027854
0
3DFACE
62
2
10
-0.004465
20
-0.009384
30
-0.038285
11
-0.004478
21
-0.009384
31
-0.038285
12
-0.006380
22
-0.013407
32
-0.027760
0
3DFACE
62
2
10
-0.003945
20
-0.009620
30
-0.038285
11
-0.003954
21
-0.009611
31
-0.038285
12
-0.005649
22
-0.013731
32
-0.027760
0
3DFACE
62
2
10
-0.003945
20
-0.009620
30
-0.038285
11
-0.005390
21
-0.014023
31
-0.027848
12
-0.005321
22
-0.014149
32
-0.027894
0
3DFACE
62
2
10
-0.003945
20
-0.009620
30
-0.038285
11
-0.005477
21
-0.013906
31
-0.027809
12
-0.005390
22
-0.014023
32
-0.027848
0
3DFACE
62
2
10
-0.003945
20
-0.009620
30
-0.038285
11
-0.005559
21
-0.013816
31
-0.027782
12
-0.005477
22
-0.013906
32
-0.027809
0
3DFACE
62
2
10
-0.003945
20
-0.009620
30
-0.038285
11
-0.005649
21
-0.013731
31
-0.027760
12
-0.005559
22
-0.013816
32
-0.027782
0
3DFACE
62
2
10
-0.003822
20
-0.009749
30
-0.038322
11
-0.005321
21
-0.014149
31
-0.027894
12
-0.005285
22
-0.014240
32
-0.027931
0
3DFACE
62
2
10
-0.003822
20
-0.009749
30
-0.038322
11
-0.003945
21
-0.009620
31
-0.038285
12
-0.005321
22
-0.014149
32
-0.027894
0
3DFACE
62
2
10
-0.003749
20
-0.009855
30
-0.038358
11
-0.005285
21
-0.014240
31
-0.027931
12
-0.005262
22
-0.014333
32
-0.027970
0
3DFACE
62
2
10
-0.003749
20
-0.009855
30
-0.038358
11
-0.003822
21
-0.009749
31
-0.038322
12
-0.005285
22
-0.014240
32
-0.027931
0
3DFACE
62
2
10
-0.003719
20
-0.009917
30
-0.038381
11
-0.005262
21
-0.014333
31
-0.027970
12
-0.005249
22
-0.014428
32
-0.028013
0
3DFACE
62
2
10
-0.003719
20
-0.009917
30
-0.038381
11
-0.003749
21
-0.009855
31
-0.038358
12
-0.005262
22
-0.014333
32
-0.027970
0
3DFACE
62
2
10
-0.003696
20
-0.009980
30
-0.038407
11
-0.003719
21
-0.009917
31
-0.038381
12
-0.005249
22
-0.014428
32
-0.028013
0
3DFACE
62
2
10
-0.003680
20
-0.010049
30
-0.038437
11
-0.005249
21
-0.014428
31
-0.028013
12
-0.005248
22
-0.014523
32
-0.028057
0
3DFACE
62
2
10
-0.003680
20
-0.010049
30
-0.038437
11
-0.003696
21
-0.009980
31
-0.038407
12
-0.005249
22
-0.014428
32
-0.028013
0
3DFACE
62
2
10
-0.003673
20
-0.010120
30
-0.038469
11
-0.005248
21
-0.014523
31
-0.028057
12
-0.005259
22
-0.014652
32
-0.028120
0
3DFACE
62
2
10
-0.003673
20
-0.010120
30
-0.038469
11
-0.003680
21
-0.010049
31
-0.038437
12
-0.005248
22
-0.014523
32
-0.028057
0
3DFACE
62
2
10
-0.003674
20
-0.010190
30
-0.038502
11
-0.005288
21
-0.014805
31
-0.028196
12
-0.005399
22
-0.015299
32
-0.028448
0
3DFACE
62
2
10
-0.003674
20
-0.010190
30
-0.038502
11
-0.005259
21
-0.014652
31
-0.028120
12
-0.005288
22
-0.014805
32
-0.028196
0
3DFACE
62
2
10
-0.003674
20
-0.010190
30
-0.038502
11
-0.003673
21
-0.010120
31
-0.038469
12
-0.005259
22
-0.014652
32
-0.028120
0
3DFACE
62
2
10
-0.003795
20
-0.010858
30
-0.038837
11
-0.005399
21
-0.015299
31
-0.028448
12
-0.005432
22
-0.015798
32
-0.028689
0
3DFACE
62
2
10
-0.003795
20
-0.010858
30
-0.038837
11
-0.003674
21
-0.010190
31
-0.038502
12
-0.005399
22
-0.015299
32
-0.028448
0
3DFACE
62
2
10
-0.003800
20
-0.011177
30
-0.038989
11
-0.005432
21
-0.015798
31
-0.028689
12
-0.005342
22
-0.016779
32
-0.029140
0
3DFACE
62
2
10
-0.003800
20
-0.011177
30
-0.038989
11
-0.003795
21
-0.010858
31
-0.038837
12
-0.005432
22
-0.015798
32
-0.028689
0
3DFACE
62
2
10
-0.003754
20
-0.011654
30
-0.039208
11
-0.003800
21
-0.011177
31
-0.038989
12
-0.005342
22
-0.016779
32
-0.029140
0
3DFACE
62
2
10
-0.003648
20
-0.012171
30
-0.039439
11
-0.005342
21
-0.016779
31
-0.029140
12
-0.004989
22
-0.018114
32
-0.029730
0
3DFACE
62
2
10
-0.003648
20
-0.012171
30
-0.039439
11
-0.003754
21
-0.011654
31
-0.039208
12
-0.005342
22
-0.016779
32
-0.029140
0
3DFACE
62
2
10
-0.003492
20
-0.012680
30
-0.039662
11
-0.003648
21
-0.012171
31
-0.039439
12
-0.004989
22
-0.018114
32
-0.029730
0
3DFACE
62
2
10
-0.004465
20
-0.009384
30
-0.038285
11
-0.006380
21
-0.013407
31
-0.027760
12
-0.005649
22
-0.013731
32
-0.027760
0
3DFACE
62
2
10
-0.003954
20
-0.009611
30
-0.038285
11
-0.004465
21
-0.009384
31
-0.038285
12
-0.005649
22
-0.013731
32
-0.027760
0
3DFACE
62
2
10
0.001548
20
0.000006
30
-0.038285
11
0.001485
21
0.000009
31
-0.026865
12
0.001548
22
0.000006
32
-0.026865
0
3DFACE
62
2
10
0.001548
20
0.000006
30
-0.038285
11
0.001485
21
0.000009
31
-0.038285
12
0.001485
22
0.000009
32
-0.026865
0
3DFACE
62
2
10
0.001541
20
-0.000153
30
-0.026865
11
0.001541
21
-0.000153
31
-0.038285
12
0.001548
22
0.000006
32
-0.038285
0
3DFACE
62
2
10
0.001541
20
-0.000153
30
-0.026865
11
0.001548
21
0.000006
31
-0.038285
12
0.001548
22
0.000006
32
-0.026865
0
3DFACE
62
2
10
0.001478
20
-0.000150
30
-0.038285
11
0.001541
21
-0.000153
31
-0.038285
12
0.001541
22
-0.000153
32
-0.026865
0
3DFACE
62
2
10
0.001478
20
-0.000150
30
-0.038285
11
0.001541
21
-0.000153
31
-0.026865
12
0.001478
22
-0.000150
32
-0.026865
0
3DFACE
62
163
10
-0.000899
20
0.002862
30
0.030000
11
-0.000899
21
0.002862
31
0.045000
12
-0.000388
22
0.002975
32
0.045000
0
3DFACE
62
163
10
-0.000899
20
0.002862
30
0.030000
11
-0.001382
21
0.002663
31
0.045000
12
-0.000899
22
0.002862
32
0.045000
0
3DFACE
62
163
10
-0.000899
20
0.002862
30
0.030000
11
-0.001382
21
0.002663
31
0.030000
12
-0.001382
22
0.002663
32
0.045000
0
3DFACE
62
163
10
-0.000388
20
0.002975
30
0.030000
11
-0.000899
21
0.002862
31
0.030000
12
-0.000388
22
0.002975
32
0.045000
0
3DFACE
62
163
10
0.000134
20
0.002997
30
0.030000
11
0.000134
21
0.002997
31
0.045000
12
0.000653
22
0.002928
32
0.045000
0
3DFACE
62
163
10
0.000134
20
0.002997
30
0.030000
11
-0.000388
21
0.002975
31
0.045000
12
0.000134
22
0.002997
32
0.045000
0
3DFACE
62
163
10
0.000134
20
0.002997
30
0.030000
11
-0.000388
21
0.002975
31
0.030000
12
-0.000388
22
0.002975
32
0.045000
0
3DFACE
62
163
10
0.000653
20
0.002928
30
0.030000
11
0.000134
21
0.002997
31
0.030000
12
0.000653
22
0.002928
32
0.045000
0
3DFACE
62
163
10
0.001151
20
0.002770
30
0.030000
11
0.001151
21
0.002770
31
0.045000
12
0.001615
22
0.002528
32
0.045000
0
3DFACE
62
163
10
0.001151
20
0.002770
30
0.030000
11
0.000653
21
0.002928
31
0.045000
12
0.001151
22
0.002770
32
0.045000
0
3DFACE
62
163
10
0.001151
20
0.002770
30
0.030000
11
0.000653
21
0.002928
31
0.030000
12
0.000653
22
0.002928
32
0.045000
0
3DFACE
62
163
10
0.001615
20
0.002528
30
0.030000
11
0.001615
21
0.002528
31
0.045000
12
0.002029
22
0.002209
32
0.045000
0
3DFACE
62
163
10
0.001615
20
0.002528
30
0.030000
11
0.001151
21
0.002770
31
0.030000
12
0.001615
22
0.002528
32
0.045000
0
3DFACE
62
163
10
0.002029
20
0.002209
30
0.030000
11
0.002029
21
0.002209
31
0.045000
12
0.002382
22
0.001823
32
0.045000
0
3DFACE
62
163
10
0.002029
20
0.002209
30
0.030000
11
0.001615
21
0.002528
31
0.030000
12
0.002029
22
0.002209
32
0.045000
0
3DFACE
62
163
10
0.002382
20
0.001823
30
0.030000
11
0.002382
21
0.001823
31
0.045000
12
0.002663
22
0.001382
32
0.045000
0
3DFACE
62
163
10
0.002382
20
0.001823
30
0.030000
11
0.002029
21
0.002209
31
0.030000
12
0.002382
22
0.001823
32
0.045000
0
3DFACE
62
163
10
0.002663
20
0.001382
30
0.030000
11
0.002663
21
0.001382
31
0.045000
12
0.002862
22
0.000899
32
0.045000
0
3DFACE
62
163
10
0.002663
20
0.001382
30
0.030000
11
0.002382
21
0.001823
31
0.030000
12
0.002663
22
0.001382
32
0.045000
0
3DFACE
62
163
10
0.002862
20
0.000899
30
0.030000
11
0.002862
21
0.000899
31
0.045000
12
0.002975
22
0.000388
32
0.045000
0
3DFACE
62
163
10
0.002862
20
0.000899
30
0.030000
11
0.002663
21
0.001382
31
0.030000
12
0.002862
22
0.000899
32
0.045000
0
3DFACE
62
163
10
0.002975
20
0.000388
30
0.030000
11
0.002862
21
0.000899
31
0.030000
12
0.002975
22
0.000388
32
0.045000
0
3DFACE
62
163
10
0.002997
20
-0.000134
30
0.030000
11
0.002975
21
0.000388
31
0.045000
12
0.002997
22
-0.000134
32
0.045000
0
3DFACE
62
163
10
0.002997
20
-0.000134
30
0.030000
11
0.002975
21
0.000388
31
0.030000
12
0.002975
22
0.000388
32
0.045000
0
3DFACE
62
163
10
0.002928
20
-0.000653
30
0.030000
11
0.002928
21
-0.000653
31
0.045000
12
0.002770
22
-0.001151
32
0.045000
0
3DFACE
62
163
10
0.002928
20
-0.000653
30
0.030000
11
0.002997
21
-0.000134
31
0.045000
12
0.002928
22
-0.000653
32
0.045000
0
3DFACE
62
163
10
0.002928
20
-0.000653
30
0.030000
11
0.002997
21
-0.000134
31
0.030000
12
0.002997
22
-0.000134
32
0.045000
0
3DFACE
62
163
10
0.002770
20
-0.001151
30
0.030000
11
0.002770
21
-0.001151
31
0.045000
12
0.002528
22
-0.001615
32
0.045000
0
3DFACE
62
163
10
0.002770
20
-0.001151
30
0.030000
11
0.002928
21
-0.000653
31
0.030000
12
0.002770
22
-0.001151
32
0.045000
0
3DFACE
62
163
10
0.002528
20
-0.001615
30
0.030000
11
0.002528
21
-0.001615
31
0.045000
12
0.002209
22
-0.002029
32
0.045000
0
3DFACE
62
163
10
0.002528
20
-0.001615
30
0.030000
11
0.002770
21
-0.001151
31
0.030000
12
0.002528
22
-0.001615
32
0.045000
0
3DFACE
62
163
10
0.002209
20
-0.002029
30
0.030000
11
0.002209
21
-0.002029
31
0.045000
12
0.001823
22
-0.002382
32
0.045000
0
3DFACE
62
163
10
0.002209
20
-0.002029
30
0.030000
11
0.002528
21
-0.001615
31
0.030000
12
0.002209
22
-0.002029
32
0.045000
0
3DFACE
62
163
10
0.001823
20
-0.002382
30
0.030000
11
0.001823
21
-0.002382
31
0.045000
12
0.001382
22
-0.002663
32
0.045000
0
3DFACE
62
163
10
0.001823
20
-0.002382
30
0.030000
11
0.002209
21
-0.002029
31
0.030000
12
0.001823
22
-0.002382
32
0.045000
0
3DFACE
62
163
10
0.001382
20
-0.002663
30
0.030000
11
0.001823
21
-0.002382
31
0.030000
12
0.001382
22
-0.002663
32
0.045000
0
3DFACE
62
163
10
0.001485
20
0.000009
30
-0.026865
11
0.001485
21
0.000009
31
-0.052865
12
0.001462
22
0.000260
32
-0.052865
0
3DFACE
62
163
10
0.001462
20
0.000260
30
-0.026865
11
0.001485
21
0.000009
31
-0.026865
12
0.001462
22
0.000260
32
-0.052865
0
3DFACE
62
163
10
0.001397
20
0.000504
30
-0.026865
11
0.001462
21
0.000260
31
-0.052865
12
0.001397
22
0.000504
32
-0.052865
0
3DFACE
62
163
10
0.001397
20
0.000504
30
-0.026865
11
0.001462
21
0.000260
31
-0.026865
12
0.001462
22
0.000260
32
-0.052865
0
3DFACE
62
163
10
0.001291
20
0.000734
30
-0.026865
11
0.001397
21
0.000504
31
-0.052865
12
0.001291
22
0.000734
32
-0.052865
0
3DFACE
62
163
10
0.001291
20
0.000734
30
-0.026865
11
0.001397
21
0.000504
31
-0.026865
12
0.001397
22
0.000504
32
-0.052865
0
3DFACE
62
163
10
0.001148
20
0.000942
30
-0.026865
11
0.001291
21
0.000734
31
-0.052865
12
0.001148
22
0.000942
32
-0.052865
0
3DFACE
62
163
10
0.001148
20
0.000942
30
-0.026865
11
0.001291
21
0.000734
31
-0.026865
12
0.001291
22
0.000734
32
-0.052865
0
3DFACE
62
163
10
0.000972
20
0.001123
30
-0.026865
11
0.001148
21
0.000942
31
-0.052865
12
0.000972
22
0.001123
32
-0.052865
0
3DFACE
62
163
10
0.000972
20
0.001123
30
-0.026865
11
0.001148
21
0.000942
31
-0.026865
12
0.001148
22
0.000942
32
-0.052865
0
3DFACE
62
163
10
0.000767
20
0.001271
30
-0.026865
11
0.000972
21
0.001123
31
-0.052865
12
0.000767
22
0.001271
32
-0.052865
0
3DFACE
62
163
10
0.000767
20
0.001271
30
-0.026865
11
0.000972
21
0.001123
31
-0.026865
12
0.000972
22
0.001123
32
-0.052865
0
3DFACE
62
163
10
0.000541
20
0.001383
30
-0.026865
11
0.000767
21
0.001271
31
-0.052865
12
0.000541
22
0.001383
32
-0.052865
0
3DFACE
62
163
10
0.000541
20
0.001383
30
-0.026865
11
0.000767
21
0.001271
31
-0.026865
12
0.000767
22
0.001271
32
-0.052865
0
3DFACE
62
163
10
0.000299
20
0.001455
30
-0.026865
11
0.000541
21
0.001383
31
-0.052865
12
0.000299
22
0.001455
32
-0.052865
0
3DFACE
62
163
10
0.000299
20
0.001455
30
-0.026865
11
0.000541
21
0.001383
31
-0.026865
12
0.000541
22
0.001383
32
-0.052865
0
3DFACE
62
163
10
0.000048
20
0.001484
30
-0.026865
11
0.000048
21
0.001484
31
-0.052865
12
-0.000204
22
0.001471
32
-0.052865
0
3DFACE
62
163
10
0.000048
20
0.001484
30
-0.026865
11
0.000299
21
0.001455
31
-0.052865
12
0.000048
22
0.001484
32
-0.052865
0
3DFACE
62
163
10
0.000048
20
0.001484
30
-0.026865
11
0.000299
21
0.001455
31
-0.026865
12
0.000299
22
0.001455
32
-0.052865
0
3DFACE
62
163
10
-0.000204
20
0.001471
30
-0.026865
11
0.000048
21
0.001484
31
-0.026865
12
-0.000204
22
0.001471
32
-0.052865
0
3DFACE
62
163
10
-0.000451
20
0.001415
30
-0.026865
11
-0.000451
21
0.001415
31
-0.052865
12
-0.000684
22
0.001318
32
-0.052865
0
3DFACE
62
163
10
-0.000451
20
0.001415
30
-0.026865
11
-0.000204
21
0.001471
31
-0.052865
12
-0.000451
22
0.001415
32
-0.052865
0
3DFACE
62
163
10
-0.000451
20
0.001415
30
-0.026865
11
-0.000204
21
0.001471
31
-0.026865
12
-0.000204
22
0.001471
32
-0.052865
0
3DFACE
62
163
10
-0.000684
20
0.001318
30
-0.026865
11
-0.000451
21
0.001415
31
-0.026865
12
-0.000684
22
0.001318
32
-0.052865
0
3DFACE
62
163
10
-0.000903
20
0.001179
30
-0.026865
11
-0.000684
21
0.001318
31
-0.026865
12
-0.000684
22
0.001318
32
-0.052865
0
3DFACE
62
163
10
-0.000903
20
0.001179
30
-0.026865
11
-0.000684
21
0.001318
31
-0.052865
12
-0.000903
22
0.001179
32
-0.052865
0
3DFACE
62
163
10
-0.001094
20
0.001005
30
-0.026865
11
-0.000903
21
0.001179
31
-0.052865
12
-0.001094
22
0.001005
32
-0.052865
0
3DFACE
62
163
10
-0.001094
20
0.001005
30
-0.026865
11
-0.000903
21
0.001179
31
-0.026865
12
-0.000903
22
0.001179
32
-0.052865
0
3DFACE
62
163
10
-0.001251
20
0.000799
30
-0.026865
11
-0.001094
21
0.001005
31
-0.052865
12
-0.001251
22
0.000799
32
-0.052865
0
3DFACE
62
163
10
-0.001251
20
0.000799
30
-0.026865
11
-0.001094
21
0.001005
31
-0.026865
12
-0.001094
22
0.001005
32
-0.052865
0
3DFACE
62
163
10
-0.001371
20
0.000570
30
-0.026865
11
-0.001251
21
0.000799
31
-0.052865
12
-0.001371
22
0.000570
32
-0.052865
0
3DFACE
62
163
10
-0.001371
20
0.000570
30
-0.026865
11
-0.001251
21
0.000799
31
-0.026865
12
-0.001251
22
0.000799
32
-0.052865
0
3DFACE
62
163
10
-0.001449
20
0.000323
30
-0.026865
11
-0.001371
21
0.000570
31
-0.052865
12
-0.001449
22
0.000323
32
-0.052865
0
3DFACE
62
163
10
-0.001449
20
0.000323
30
-0.026865
11
-0.001371
21
0.000570
31
-0.026865
12
-0.001371
22
0.000570
32
-0.052865
0
3DFACE
62
163
10
-0.001484
20
0.000067
30
-0.026865
11
-0.001449
21
0.000323
31
-0.052865
12
-0.001484
22
0.000067
32
-0.052865
0
3DFACE
62
163
10
-0.001484
20
0.000067
30
-0.026865
11
-0.001449
21
0.000323
31
-0.026865
12
-0.001449
22
0.000323
32
-0.052865
0
3DFACE
62
163
10
-0.001473
20
-0.000192
30
-0.026865
11
-0.001484
21
0.000067
31
-0.052865
12
-0.001473
22
-0.000192
32
-0.052865
0
3DFACE
62
163
10
-0.001473
20
-0.000192
30
-0.026865
11
-0.001484
21
0.000067
31
-0.026865
12
-0.001484
22
0.000067
32
-0.052865
0
3DFACE
62
163
10
-0.001417
20
-0.000445
30
-0.026865
11
-0.001473
21
-0.000192
31
-0.052865
12
-0.001417
22
-0.000445
32
-0.052865
0
3DFACE
62
163
10
-0.001417
20
-0.000445
30
-0.026865
11
-0.001473
21
-0.000192
31
-0.026865
12
-0.001473
22
-0.000192
32
-0.052865
0
3DFACE
62
163
10
-0.001318
20
-0.000684
30
-0.026865
11
-0.001417
21
-0.000445
31
-0.052865
12
-0.001318
22
-0.000684
32
-0.052865
0
3DFACE
62
163
10
-0.001318
20
-0.000684
30
-0.026865
11
-0.001417
21
-0.000445
31
-0.026865
12
-0.001417
22
-0.000445
32
-0.052865
0
3DFACE
62
163
10
-0.001179
20
-0.000903
30
-0.026865
11
-0.001318
21
-0.000684
31
-0.052865
12
-0.001179
22
-0.000903
32
-0.052865
0
3DFACE
62
163
10
-0.001179
20
-0.000903
30
-0.026865
11
-0.001318
21
-0.000684
31
-0.026865
12
-0.001318
22
-0.000684
32
-0.052865
0
3DFACE
62
163
10
-0.001005
20
-0.001094
30
-0.026865
11
-0.001005
21
-0.001094
31
-0.052865
12
-0.000799
22
-0.001251
32
-0.052865
0
3DFACE
62
163
10
-0.001005
20
-0.001094
30
-0.026865
11
-0.001179
21
-0.000903
31
-0.052865
12
-0.001005
22
-0.001094
32
-0.052865
0
3DFACE
62
163
10
-0.001005
20
-0.001094
30
-0.026865
11
-0.001179
21
-0.000903
31
-0.026865
12
-0.001179
22
-0.000903
32
-0.052865
0
3DFACE
62
163
10
-0.000799
20
-0.001251
30
-0.026865
11
-0.000799
21
-0.001251
31
-0.052865
12
-0.000570
22
-0.001371
32
-0.052865
0
3DFACE
62
163
10
-0.000799
20
-0.001251
30
-0.026865
11
-0.001005
21
-0.001094
31
-0.026865
12
-0.000799
22
-0.001251
32
-0.052865
0
3DFACE
62
163
10
-0.000570
20
-0.001371
30
-0.026865
11
-0.000799
21
-0.001251
31
-0.026865
12
-0.000570
22
-0.001371
32
-0.052865
0
3DFACE
62
163
10
-0.000323
20
-0.001449
30
-0.026865
11
-0.000570
21
-0.001371
31
-0.052865
12
-0.000323
22
-0.001449
32
-0.052865
0
3DFACE
62
163
10
-0.000323
20
-0.001449
30
-0.026865
11
-0.000570
21
-0.001371
31
-0.026865
12
-0.000570
22
-0.001371
32
-0.052865
0
3DFACE
62
163
10
-0.000067
20
-0.001484
30
-0.026865
11
-0.000323
21
-0.001449
31
-0.026865
12
-0.000323
22
-0.001449
32
-0.052865
0
3DFACE
62
163
10
-0.000067
20
-0.001484
30
-0.026865
11
-0.000323
21
-0.001449
31
-0.052865
12
-0.000067
22
-0.001484
32
-0.052865
0
3DFACE
62
163
10
0.000192
20
-0.001473
30
-0.026865
11
-0.000067
21
-0.001484
31
-0.026865
12
-0.000067
22
-0.001484
32
-0.052865
0
3DFACE
62
163
10
0.000192
20
-0.001473
30
-0.026865
11
-0.000067
21
-0.001484
31
-0.052865
12
0.000192
22
-0.001473
32
-0.052865
0
3DFACE
62
163
10
0.000445
20
-0.001417
30
-0.026865
11
0.000445
21
-0.001417
31
-0.052865
12
0.000684
22
-0.001318
32
-0.052865
0
3DFACE
62
163
10
0.000445
20
-0.001417
30
-0.026865
11
0.000192
21
-0.001473
31
-0.052865
12
0.000445
22
-0.001417
32
-0.052865
0
3DFACE
62
163
10
0.000445
20
-0.001417
30
-0.026865
11
0.000192
21
-0.001473
31
-0.026865
12
0.000192
22
-0.001473
32
-0.052865
0
3DFACE
62
163
10
0.000684
20
-0.001318
30
-0.026865
11
0.000445
21
-0.001417
31
-0.026865
12
0.000684
22
-0.001318
32
-0.052865
0
3DFACE
62
163
10
-0.002303
20
0.004438
30
-0.026865
11
-0.002303
21
0.004438
31
0.030000
12
-0.001539
22
0.004757
32
0.030000
0
3DFACE
62
163
10
-0.001498
20
0.004770
30
-0.026865
11
-0.001539
21
0.004757
31
0.030000
12
-0.000732
22
0.004946
32
0.030000
0
3DFACE
62
163
10
-0.001498
20
0.004770
30
-0.026865
11
-0.002303
21
0.004438
31
-0.026865
12
-0.001539
22
0.004757
32
0.030000
0
3DFACE
62
163
10
-0.000647
20
0.004958
30
-0.026865
11
-0.000732
21
0.004946
31
0.030000
12
0.000094
22
0.004999
32
0.030000
0
3DFACE
62
163
10
-0.000647
20
0.004958
30
-0.026865
11
-0.001498
21
0.004770
31
-0.026865
12
-0.000732
22
0.004946
32
0.030000
0
3DFACE
62
163
10
0.000224
20
0.004995
30
-0.026865
11
0.000094
21
0.004999
31
0.030000
12
0.000919
22
0.004915
32
0.030000
0
3DFACE
62
163
10
0.000224
20
0.004995
30
-0.026865
11
-0.000647
21
0.004958
31
-0.026865
12
0.000094
22
0.004999
32
0.030000
0
3DFACE
62
163
10
0.001088
20
0.004880
30
-0.026865
11
0.000919
21
0.004915
31
0.030000
12
0.001718
22
0.004696
32
0.030000
0
3DFACE
62
163
10
0.001088
20
0.004880
30
-0.026865
11
0.000224
21
0.004995
31
-0.026865
12
0.000919
22
0.004915
32
0.030000
0
3DFACE
62
163
10
0.001919
20
0.004617
30
-0.026865
11
0.001718
21
0.004696
31
0.030000
12
0.002469
22
0.004348
32
0.030000
0
3DFACE
62
163
10
0.001919
20
0.004617
30
-0.026865
11
0.001088
21
0.004880
31
-0.026865
12
0.001718
22
0.004696
32
0.030000
0
3DFACE
62
163
10
0.002692
20
0.004214
30
-0.026865
11
0.002469
21
0.004348
31
0.030000
12
0.003153
22
0.003880
32
0.030000
0
3DFACE
62
163
10
0.002692
20
0.004214
30
-0.026865
11
0.001919
21
0.004617
31
-0.026865
12
0.002469
22
0.004348
32
0.030000
0
3DFACE
62
163
10
0.003382
20
0.003682
30
-0.026865
11
0.003153
21
0.003880
31
0.030000
12
0.003751
22
0.003306
32
0.030000
0
3DFACE
62
163
10
0.003382
20
0.003682
30
-0.026865
11
0.002692
21
0.004214
31
-0.026865
12
0.003153
22
0.003880
32
0.030000
0
3DFACE
62
163
10
0.003970
20
0.003039
30
-0.026865
11
0.003751
21
0.003306
31
0.030000
12
0.004245
22
0.002642
32
0.030000
0
3DFACE
62
163
10
0.003970
20
0.003039
30
-0.026865
11
0.003382
21
0.003682
31
-0.026865
12
0.003751
22
0.003306
32
0.030000
0
3DFACE
62
163
10
0.004438
20
0.002303
30
-0.026865
11
0.004245
21
0.002642
31
0.030000
12
0.004623
22
0.001904
32
0.030000
0
3DFACE
62
163
10
0.004438
20
0.002303
30
-0.026865
11
0.003970
21
0.003039
31
-0.026865
12
0.004245
22
0.002642
32
0.030000
0
3DFACE
62
163
10
0.004770
20
0.001498
30
-0.026865
11
0.004623
21
0.001904
31
0.030000
12
0.004874
22
0.001115
32
0.030000
0
3DFACE
62
163
10
0.004770
20
0.001498
30
-0.026865
11
0.004438
21
0.002303
31
-0.026865
12
0.004623
22
0.001904
32
0.030000
0
3DFACE
62
163
10
0.004958
20
0.000647
30
-0.026865
11
0.004874
21
0.001115
31
0.030000
12
0.004991
22
0.000295
32
0.030000
0
3DFACE
62
163
10
0.004958
20
0.000647
30
-0.026865
11
0.004770
21
0.001498
31
-0.026865
12
0.004874
22
0.001115
32
0.030000
0
3DFACE
62
163
10
0.004995
20
-0.000224
30
-0.026865
11
0.004991
21
0.000295
31
0.030000
12
0.004971
22
-0.000534
32
0.030000
0
3DFACE
62
163
10
0.004995
20
-0.000224
30
-0.026865
11
0.004958
21
0.000647
31
-0.026865
12
0.004991
22
0.000295
32
0.030000
0
3DFACE
62
163
10
0.004880
20
-0.001088
30
-0.026865
11
0.004971
21
-0.000534
31
0.030000
12
0.004815
22
-0.001347
32
0.030000
0
3DFACE
62
163
10
0.004880
20
-0.001088
30
-0.026865
11
0.004995
21
-0.000224
31
-0.026865
12
0.004971
22
-0.000534
32
0.030000
0
3DFACE
62
163
10
0.004617
20
-0.001919
30
-0.026865
11
0.004880
21
-0.001088
31
-0.026865
12
0.004815
22
-0.001347
32
0.030000
0
3DFACE
62
163
10
0.004617
20
-0.001919
30
-0.026865
11
0.004815
21
-0.001347
31
0.030000
12
0.004527
22
-0.002124
32
0.030000
0
3DFACE
62
163
10
0.004214
20
-0.002692
30
-0.026865
11
0.004617
21
-0.001919
31
-0.026865
12
0.004527
22
-0.002124
32
0.030000
0
3DFACE
62
163
10
0.004214
20
-0.002692
30
-0.026865
11
0.004527
21
-0.002124
31
0.030000
12
0.004114
22
-0.002842
32
0.030000
0
3DFACE
62
163
10
0.003682
20
-0.003382
30
-0.026865
11
0.004214
21
-0.002692
31
-0.026865
12
0.004114
22
-0.002842
32
0.030000
0
3DFACE
62
163
10
0.003682
20
-0.003382
30
-0.026865
11
0.004114
21
-0.002842
31
0.030000
12
0.003588
22
-0.003482
32
0.030000
0
3DFACE
62
163
10
0.002964
20
-0.004027
30
0.000000
11
0.003682
21
-0.003382
31
-0.026865
12
0.003588
22
-0.003482
32
0.030000
0
3DFACE
62
163
10
0.002964
20
-0.004027
30
0.000000
11
0.003588
21
-0.003482
31
0.030000
12
0.002964
22
-0.004027
32
0.030000
0
3DFACE
62
163
10
0.003039
20
-0.003970
30
-0.026865
11
0.002964
21
-0.004027
31
0.000000
12
0.002751
22
-0.004175
32
0.000000
0
3DFACE
62
163
10
0.003039
20
-0.003970
30
-0.026865
11
0.003682
21
-0.003382
31
-0.026865
12
0.002964
22
-0.004027
32
0.000000
0
3DFACE
62
163
10
0.002303
20
-0.004438
30
-0.026865
11
0.003039
21
-0.003970
31
-0.026865
12
0.002751
22
-0.004175
32
0.000000
0
3DFACE
62
163
10
0.002303
20
-0.004438
30
-0.026865
11
0.002751
21
-0.004175
31
0.000000
12
0.002531
22
-0.004312
32
0.000000
0
3DFACE
62
163
10
0.002303
20
-0.004438
30
-0.026865
11
0.002531
21
-0.004312
31
0.000000
12
0.002303
22
-0.004438
32
0.000000
0
3DFACE
62
163
10
0.001148
20
0.000942
30
-0.026865
11
0.003970
21
0.003039
31
-0.026865
12
0.003382
22
0.003682
32
-0.026865
0
3DFACE
62
163
10
0.000972
20
0.001123
30
-0.026865
11
0.001148
21
0.000942
31
-0.026865
12
0.003382
22
0.003682
32
-0.026865
0
3DFACE
62
163
10
0.000972
20
0.001123
30
-0.026865
11
0.003382
21
0.003682
31
-0.026865
12
0.002692
22
0.004214
32
-0.026865
0
3DFACE
62
163
10
0.001291
20
0.000734
30
-0.026865
11
0.004438
21
0.002303
31
-0.026865
12
0.003970
22
0.003039
32
-0.026865
0
3DFACE
62
163
10
0.001291
20
0.000734
30
-0.026865
11
0.003970
21
0.003039
31
-0.026865
12
0.001148
22
0.000942
32
-0.026865
0
3DFACE
62
163
10
0.000767
20
0.001271
30
-0.026865
11
0.002692
21
0.004214
31
-0.026865
12
0.001919
22
0.004617
32
-0.026865
0
3DFACE
62
163
10
0.000767
20
0.001271
30
-0.026865
11
0.000972
21
0.001123
31
-0.026865
12
0.002692
22
0.004214
32
-0.026865
0
3DFACE
62
163
10
0.001397
20
0.000504
30
-0.026865
11
0.004770
21
0.001498
31
-0.026865
12
0.004438
22
0.002303
32
-0.026865
0
3DFACE
62
163
10
0.001397
20
0.000504
30
-0.026865
11
0.004438
21
0.002303
31
-0.026865
12
0.001291
22
0.000734
32
-0.026865
0
3DFACE
62
163
10
0.000541
20
0.001383
30
-0.026865
11
0.000767
21
0.001271
31
-0.026865
12
0.001919
22
0.004617
32
-0.026865
0
3DFACE
62
163
10
0.000541
20
0.001383
30
-0.026865
11
0.001919
21
0.004617
31
-0.026865
12
0.001088
22
0.004880
32
-0.026865
0
3DFACE
62
163
10
0.001462
20
0.000260
30
-0.026865
11
0.004770
21
0.001498
31
-0.026865
12
0.001397
22
0.000504
32
-0.026865
0
3DFACE
62
163
10
0.000299
20
0.001455
30
-0.026865
11
0.000541
21
0.001383
31
-0.026865
12
0.001088
22
0.004880
32
-0.026865
0
3DFACE
62
163
10
0.000299
20
0.001455
30
-0.026865
11
0.001088
21
0.004880
31
-0.026865
12
0.000224
22
0.004995
32
-0.026865
0
3DFACE
62
163
10
0.001548
20
0.000006
30
-0.026865
11
0.004995
21
-0.000224
31
-0.026865
12
0.004958
22
0.000647
32
-0.026865
0
3DFACE
62
163
10
0.001548
20
0.000006
30
-0.026865
11
0.004958
21
0.000647
31
-0.026865
12
0.004770
22
0.001498
32
-0.026865
0
3DFACE
62
163
10
0.001548
20
0.000006
30
-0.026865
11
0.004770
21
0.001498
31
-0.026865
12
0.001462
22
0.000260
32
-0.026865
0
3DFACE
62
163
10
0.001485
20
0.000009
30
-0.026865
11
0.001548
21
0.000006
31
-0.026865
12
0.001462
22
0.000260
32
-0.026865
0
3DFACE
62
163
10
0.001541
20
-0.000153
30
-0.026865
11
0.004617
21
-0.001919
31
-0.026865
12
0.004880
22
-0.001088
32
-0.026865
0
3DFACE
62
163
10
0.001541
20
-0.000153
30
-0.026865
11
0.004880
21
-0.001088
31
-0.026865
12
0.004995
22
-0.000224
32
-0.026865
0
3DFACE
62
163
10
0.001541
20
-0.000153
30
-0.026865
11
0.004995
21
-0.000224
31
-0.026865
12
0.001548
22
0.000006
32
-0.026865
0
3DFACE
62
163
10
0.000048
20
0.001484
30
-0.026865
11
0.000299
21
0.001455
31
-0.026865
12
0.000224
22
0.004995
32
-0.026865
0
3DFACE
62
163
10
0.000048
20
0.001484
30
-0.026865
11
0.000224
21
0.004995
31
-0.026865
12
-0.000647
22
0.004958
32
-0.026865
0
3DFACE
62
163
10
-0.000204
20
0.001471
30
-0.026865
11
-0.000647
21
0.004958
31
-0.026865
12
-0.001498
22
0.004770
32
-0.026865
0
3DFACE
62
163
10
-0.000204
20
0.001471
30
-0.026865
11
0.000048
21
0.001484
31
-0.026865
12
-0.000647
22
0.004958
32
-0.026865
0
3DFACE
62
163
10
0.001433
20
-0.000391
30
-0.026865
11
0.001541
21
-0.000153
31
-0.026865
12
0.001477
22
-0.000150
32
-0.026865
0
3DFACE
62
163
10
0.001433
20
-0.000391
30
-0.026865
11
0.004617
21
-0.001919
31
-0.026865
12
0.001541
22
-0.000153
32
-0.026865
0
3DFACE
62
163
10
-0.000451
20
0.001415
30
-0.026865
11
-0.001498
21
0.004770
31
-0.026865
12
-0.002303
22
0.004438
32
-0.026865
0
3DFACE
62
163
10
-0.000451
20
0.001415
30
-0.026865
11
-0.000204
21
0.001471
31
-0.026865
12
-0.001498
22
0.004770
32
-0.026865
0
3DFACE
62
163
10
0.001349
20
-0.000621
30
-0.026865
11
0.004214
21
-0.002692
31
-0.026865
12
0.004617
22
-0.001919
32
-0.026865
0
3DFACE
62
163
10
0.001349
20
-0.000621
30
-0.026865
11
0.004617
21
-0.001919
31
-0.026865
12
0.001433
22
-0.000391
32
-0.026865
0
3DFACE
62
163
10
-0.000684
20
0.001318
30
-0.026865
11
-0.002303
21
0.004438
31
-0.026865
12
-0.003039
22
0.003970
32
-0.026865
0
3DFACE
62
163
10
-0.000684
20
0.001318
30
-0.026865
11
-0.000451
21
0.001415
31
-0.026865
12
-0.002303
22
0.004438
32
-0.026865
0
3DFACE
62
163
10
0.001228
20
-0.000834
30
-0.026865
11
0.003682
21
-0.003382
31
-0.026865
12
0.004214
22
-0.002692
32
-0.026865
0
3DFACE
62
163
10
0.001228
20
-0.000834
30
-0.026865
11
0.004214
21
-0.002692
31
-0.026865
12
0.001349
22
-0.000621
32
-0.026865
0
3DFACE
62
163
10
-0.000903
20
0.001179
30
-0.026865
11
-0.000684
21
0.001318
31
-0.026865
12
-0.003039
22
0.003970
32
-0.026865
0
3DFACE
62
163
10
0.001075
20
-0.001025
30
-0.026865
11
0.003682
21
-0.003382
31
-0.026865
12
0.001228
22
-0.000834
32
-0.026865
0
3DFACE
62
163
10
0.003039
20
-0.003970
30
-0.026865
11
0.003682
21
-0.003382
31
-0.026865
12
0.001075
22
-0.001025
32
-0.026865
0
3DFACE
62
163
10
0.003039
20
-0.003970
30
-0.026865
11
0.001075
21
-0.001025
31
-0.026865
12
0.000891
22
-0.001188
32
-0.026865
0
3DFACE
62
163
10
-0.003682
20
0.003382
30
-0.026865
11
-0.000903
21
0.001179
31
-0.026865
12
-0.003039
22
0.003970
32
-0.026865
0
3DFACE
62
163
10
-0.003682
20
0.003382
30
-0.026865
11
-0.001094
21
0.001005
31
-0.026865
12
-0.000903
22
0.001179
32
-0.026865
0
3DFACE
62
163
10
0.002303
20
-0.004438
30
-0.026865
11
0.003039
21
-0.003970
31
-0.026865
12
0.000891
22
-0.001188
32
-0.026865
0
3DFACE
62
163
10
0.002303
20
-0.004438
30
-0.026865
11
0.000891
21
-0.001188
31
-0.026865
12
0.000684
22
-0.001318
32
-0.026865
0
3DFACE
62
163
10
-0.004214
20
0.002692
30
-0.026865
11
-0.001251
21
0.000799
31
-0.026865
12
-0.001094
22
0.001005
32
-0.026865
0
3DFACE
62
163
10
-0.004214
20
0.002692
30
-0.026865
11
-0.001094
21
0.001005
31
-0.026865
12
-0.003682
22
0.003382
32
-0.026865
0
3DFACE
62
163
10
0.001498
20
-0.004770
30
-0.026865
11
0.000684
21
-0.001318
31
-0.026865
12
0.000445
22
-0.001417
32
-0.026865
0
3DFACE
62
163
10
0.001498
20
-0.004770
30
-0.026865
11
0.002303
21
-0.004438
31
-0.026865
12
0.000684
22
-0.001318
32
-0.026865
0
3DFACE
62
163
10
-0.004617
20
0.001919
30
-0.026865
11
-0.001371
21
0.000570
31
-0.026865
12
-0.001251
22
0.000799
32
-0.026865
0
3DFACE
62
163
10
-0.004617
20
0.001919
30
-0.026865
11
-0.001251
21
0.000799
31
-0.026865
12
-0.004214
22
0.002692
32
-0.026865
0
3DFACE
62
163
10
0.000647
20
-0.004958
30
-0.026865
11
0.000445
21
-0.001417
31
-0.026865
12
0.000192
22
-0.001473
32
-0.026865
0
3DFACE
62
163
10
0.000647
20
-0.004958
30
-0.026865
11
0.001498
21
-0.004770
31
-0.026865
12
0.000445
22
-0.001417
32
-0.026865
0
3DFACE
62
163
10
-0.004880
20
0.001088
30
-0.026865
11
-0.001449
21
0.000323
31
-0.026865
12
-0.001371
22
0.000570
32
-0.026865
0
3DFACE
62
163
10
-0.004880
20
0.001088
30
-0.026865
11
-0.001371
21
0.000570
31
-0.026865
12
-0.004617
22
0.001919
32
-0.026865
0
3DFACE
62
163
10
-0.000224
20
-0.004995
30
-0.026865
11
0.000192
21
-0.001473
31
-0.026865
12
-0.000067
22
-0.001484
32
-0.026865
0
3DFACE
62
163
10
-0.000224
20
-0.004995
30
-0.026865
11
0.000647
21
-0.004958
31
-0.026865
12
0.000192
22
-0.001473
32
-0.026865
0
3DFACE
62
163
10
-0.004995
20
0.000224
30
-0.026865
11
-0.001449
21
0.000323
31
-0.026865
12
-0.004880
22
0.001088
32
-0.026865
0
3DFACE
62
163
10
-0.004995
20
0.000224
30
-0.026865
11
-0.001484
21
0.000067
31
-0.026865
12
-0.001449
22
0.000323
32
-0.026865
0
3DFACE
62
163
10
-0.001088
20
-0.004880
30
-0.026865
11
-0.000067
21
-0.001484
31
-0.026865
12
-0.000323
22
-0.001449
32
-0.026865
0
3DFACE
62
163
10
-0.001088
20
-0.004880
30
-0.026865
11
-0.000224
21
-0.004995
31
-0.026865
12
-0.000067
22
-0.001484
32
-0.026865
0
3DFACE
62
163
10
-0.004958
20
-0.000647
30
-0.026865
11
-0.001473
21
-0.000192
31
-0.026865
12
-0.001484
22
0.000067
32
-0.026865
0
3DFACE
62
163
10
-0.004958
20
-0.000647
30
-0.026865
11
-0.001484
21
0.000067
31
-0.026865
12
-0.004995
22
0.000224
32
-0.026865
0
3DFACE
62
163
10
-0.001919
20
-0.004617
30
-0.026865
11
-0.000323
21
-0.001449
31
-0.026865
12
-0.000570
22
-0.001371
32
-0.026865
0
3DFACE
62
163
10
-0.001919
20
-0.004617
30
-0.026865
11
-0.001088
21
-0.004880
31
-0.026865
12
-0.000323
22
-0.001449
32
-0.026865
0
3DFACE
62
163
10
-0.004770
20
-0.001498
30
-0.026865
11
-0.001473
21
-0.000192
31
-0.026865
12
-0.004958
22
-0.000647
32
-0.026865
0
3DFACE
62
163
10
-0.004770
20
-0.001498
30
-0.026865
11
-0.001417
21
-0.000445
31
-0.026865
12
-0.001473
22
-0.000192
32
-0.026865
0
3DFACE
62
163
10
-0.002692
20
-0.004214
30
-0.026865
11
-0.000570
21
-0.001371
31
-0.026865
12
-0.000799
22
-0.001251
32
-0.026865
0
3DFACE
62
163
10
-0.002692
20
-0.004214
30
-0.026865
11
-0.001919
21
-0.004617
31
-0.026865
12
-0.000570
22
-0.001371
32
-0.026865
0
3DFACE
62
163
10
-0.004438
20
-0.002303
30
-0.026865
11
-0.001417
21
-0.000445
31
-0.026865
12
-0.004770
22
-0.001498
32
-0.026865
0
3DFACE
62
163
10
-0.004438
20
-0.002303
30
-0.026865
11
-0.001318
21
-0.000684
31
-0.026865
12
-0.001417
22
-0.000445
32
-0.026865
0
3DFACE
62
163
10
-0.003382
20
-0.003682
30
-0.026865
11
-0.000799
21
-0.001251
31
-0.026865
12
-0.001005
22
-0.001094
32
-0.026865
0
3DFACE
62
163
10
-0.003382
20
-0.003682
30
-0.026865
11
-0.002692
21
-0.004214
31
-0.026865
12
-0.000799
22
-0.001251
32
-0.026865
0
3DFACE
62
163
10
-0.003970
20
-0.003039
30
-0.026865
11
-0.001318
21
-0.000684
31
-0.026865
12
-0.004438
22
-0.002303
32
-0.026865
0
3DFACE
62
163
10
-0.003970
20
-0.003039
30
-0.026865
11
-0.003382
21
-0.003682
31
-0.026865
12
-0.001005
22
-0.001094
32
-0.026865
0
3DFACE
62
163
10
-0.003970
20
-0.003039
30
-0.026865
11
-0.001005
21
-0.001094
31
-0.026865
12
-0.001179
22
-0.000903
32
-0.026865
0
3DFACE
62
163
10
-0.003970
20
-0.003039
30
-0.026865
11
-0.001179
21
-0.000903
31
-0.026865
12
-0.001318
22
-0.000684
32
-0.026865
0
3DFACE
62
163
10
0.001859
20
-0.005265
30
0.000000
11
0.002070
21
-0.004551
31
0.000000
12
0.001831
22
-0.004653
32
0.000000
0
3DFACE
62
163
10
0.001859
20
-0.005265
30
0.000000
11
0.001831
21
-0.004653
31
0.000000
12
0.001587
22
-0.004741
32
0.000000
0
3DFACE
62
163
10
0.002303
20
-0.004438
30
0.000000
11
0.002070
21
-0.004551
31
0.000000
12
0.001859
22
-0.005265
32
0.000000
0
3DFACE
62
163
10
0.003236
20
-0.004551
30
0.000000
11
0.002964
21
-0.004027
31
0.000000
12
0.002751
22
-0.004175
32
0.000000
0
3DFACE
62
163
10
0.003236
20
-0.004551
30
0.000000
11
0.002751
21
-0.004175
31
0.000000
12
0.002531
22
-0.004312
32
0.000000
0
3DFACE
62
163
10
0.003236
20
-0.004551
30
0.000000
11
0.002531
21
-0.004312
31
0.000000
12
0.002303
22
-0.004438
32
0.000000
0
3DFACE
62
163
10
0.003236
20
-0.004551
30
0.000000
11
0.002303
21
-0.004438
31
0.000000
12
0.001859
22
-0.005265
32
0.000000
0
3DFACE
62
163
10
0.001587
20
-0.004741
30
0.000000
11
0.001587
21
-0.004741
31
0.030000
12
0.000782
22
-0.004938
32
0.030000
0
3DFACE
62
163
10
0.002303
20
-0.004438
30
-0.026865
11
0.002303
21
-0.004438
31
0.000000
12
0.002070
22
-0.004551
32
0.000000
0
3DFACE
62
163
10
0.002303
20
-0.004438
30
-0.026865
11
0.002070
21
-0.004551
31
0.000000
12
0.001831
22
-0.004653
32
0.000000
0
3DFACE
62
163
10
0.001498
20
-0.004770
30
-0.026865
11
0.001831
21
-0.004653
31
0.000000
12
0.001587
22
-0.004741
32
0.000000
0
3DFACE
62
163
10
0.001498
20
-0.004770
30
-0.026865
11
0.002303
21
-0.004438
31
-0.026865
12
0.001831
22
-0.004653
32
0.000000
0
3DFACE
62
163
10
0.000647
20
-0.004958
30
-0.026865
11
0.000782
21
-0.004938
31
0.030000
12
-0.000044
22
-0.005000
32
0.030000
0
3DFACE
62
163
10
0.000647
20
-0.004958
30
-0.026865
11
0.001587
21
-0.004741
31
0.000000
12
0.000782
22
-0.004938
32
0.030000
0
3DFACE
62
163
10
0.000647
20
-0.004958
30
-0.026865
11
0.001498
21
-0.004770
31
-0.026865
12
0.001587
22
-0.004741
32
0.000000
0
3DFACE
62
163
10
-0.000224
20
-0.004995
30
-0.026865
11
-0.000044
21
-0.005000
31
0.030000
12
-0.000869
22
-0.004924
32
0.030000
0
3DFACE
62
163
10
-0.000224
20
-0.004995
30
-0.026865
11
0.000647
21
-0.004958
31
-0.026865
12
-0.000044
22
-0.005000
32
0.030000
0
3DFACE
62
163
10
-0.001088
20
-0.004880
30
-0.026865
11
-0.000869
21
-0.004924
31
0.030000
12
-0.001670
22
-0.004713
32
0.030000
0
3DFACE
62
163
10
-0.001088
20
-0.004880
30
-0.026865
11
-0.000224
21
-0.004995
31
-0.026865
12
-0.000869
22
-0.004924
32
0.030000
0
3DFACE
62
163
10
-0.001919
20
-0.004617
30
-0.026865
11
-0.001670
21
-0.004713
31
0.030000
12
-0.002425
22
-0.004373
32
0.030000
0
3DFACE
62
163
10
-0.001919
20
-0.004617
30
-0.026865
11
-0.001088
21
-0.004880
31
-0.026865
12
-0.001670
22
-0.004713
32
0.030000
0
3DFACE
62
163
10
-0.002692
20
-0.004214
30
-0.026865
11
-0.002425
21
-0.004373
31
0.030000
12
-0.003114
22
-0.003912
32
0.030000
0
3DFACE
62
163
10
-0.002692
20
-0.004214
30
-0.026865
11
-0.001919
21
-0.004617
31
-0.026865
12
-0.002425
22
-0.004373
32
0.030000
0
3DFACE
62
163
10
-0.003382
20
-0.003682
30
-0.026865
11
-0.003114
21
-0.003912
31
0.030000
12
-0.003717
22
-0.003344
32
0.030000
0
3DFACE
62
163
10
-0.003382
20
-0.003682
30
-0.026865
11
-0.002692
21
-0.004214
31
-0.026865
12
-0.003114
22
-0.003912
32
0.030000
0
3DFACE
62
163
10
-0.003970
20
-0.003039
30
-0.026865
11
-0.003717
21
-0.003344
31
0.030000
12
-0.004218
22
-0.002685
32
0.030000
0
3DFACE
62
163
10
-0.003970
20
-0.003039
30
-0.026865
11
-0.003382
21
-0.003682
31
-0.026865
12
-0.003717
22
-0.003344
32
0.030000
0
3DFACE
62
163
10
-0.004438
20
-0.002303
30
-0.026865
11
-0.004218
21
-0.002685
31
0.030000
12
-0.004604
22
-0.001951
32
0.030000
0
3DFACE
62
163
10
-0.004438
20
-0.002303
30
-0.026865
11
-0.003970
21
-0.003039
31
-0.026865
12
-0.004218
22
-0.002685
32
0.030000
0
3DFACE
62
163
10
-0.004770
20
-0.001498
30
-0.026865
11
-0.004604
21
-0.001951
31
0.030000
12
-0.004863
22
-0.001164
32
0.030000
0
3DFACE
62
163
10
-0.004770
20
-0.001498
30
-0.026865
11
-0.004438
21
-0.002303
31
-0.026865
12
-0.004604
22
-0.001951
32
0.030000
0
3DFACE
62
163
10
-0.004958
20
-0.000647
30
-0.026865
11
-0.004863
21
-0.001164
31
0.030000
12
-0.004988
22
-0.000345
32
0.030000
0
3DFACE
62
163
10
-0.004958
20
-0.000647
30
-0.026865
11
-0.004770
21
-0.001498
31
-0.026865
12
-0.004863
22
-0.001164
32
0.030000
0
3DFACE
62
163
10
-0.004995
20
0.000224
30
-0.026865
11
-0.004958
21
-0.000647
31
-0.026865
12
-0.004988
22
-0.000345
32
0.030000
0
3DFACE
62
163
10
-0.004995
20
0.000224
30
-0.026865
11
-0.004988
21
-0.000345
31
0.030000
12
-0.004977
22
0.000483
32
0.030000
0
3DFACE
62
163
10
-0.004880
20
0.001088
30
-0.026865
11
-0.004995
21
0.000224
31
-0.026865
12
-0.004977
22
0.000483
32
0.030000
0
3DFACE
62
163
10
-0.004880
20
0.001088
30
-0.026865
11
-0.004977
21
0.000483
31
0.030000
12
-0.004829
22
0.001298
32
0.030000
0
3DFACE
62
163
10
-0.004617
20
0.001919
30
-0.026865
11
-0.004829
21
0.001298
31
0.030000
12
-0.004548
22
0.002078
32
0.030000
0
3DFACE
62
163
10
-0.004617
20
0.001919
30
-0.026865
11
-0.004880
21
0.001088
31
-0.026865
12
-0.004829
22
0.001298
32
0.030000
0
3DFACE
62
163
10
-0.004214
20
0.002692
30
-0.026865
11
-0.004548
21
0.002078
31
0.030000
12
-0.004142
22
0.002800
32
0.030000
0
3DFACE
62
163
10
-0.004214
20
0.002692
30
-0.026865
11
-0.004617
21
0.001919
31
-0.026865
12
-0.004548
22
0.002078
32
0.030000
0
3DFACE
62
163
10
-0.003682
20
0.003382
30
-0.026865
11
-0.004142
21
0.002800
31
0.030000
12
-0.003623
22
0.003446
32
0.030000
0
3DFACE
62
163
10
-0.003682
20
0.003382
30
-0.026865
11
-0.004214
21
0.002692
31
-0.026865
12
-0.004142
22
0.002800
32
0.030000
0
3DFACE
62
163
10
-0.003039
20
0.003970
30
-0.026865
11
-0.003623
21
0.003446
31
0.030000
12
-0.003005
22
0.003997
32
0.030000
0
3DFACE
62
163
10
-0.003039
20
0.003970
30
-0.026865
11
-0.003682
21
0.003382
31
-0.026865
12
-0.003623
22
0.003446
32
0.030000
0
3DFACE
62
163
10
-0.002303
20
0.004438
30
-0.026865
11
-0.003005
21
0.003997
31
0.030000
12
-0.002303
22
0.004438
32
0.030000
0
3DFACE
62
163
10
-0.002303
20
0.004438
30
-0.026865
11
-0.003039
21
0.003970
31
-0.026865
12
-0.003005
22
0.003997
32
0.030000
0
3DFACE
62
163
10
0.001859
20
-0.005265
30
0.030000
11
0.001587
21
-0.004741
31
0.000000
12
0.001587
22
-0.004741
32
0.030000
0
3DFACE
62
163
10
0.001859
20
-0.005265
30
0.030000
11
0.001859
21
-0.005265
31
0.000000
12
0.001587
22
-0.004741
32
0.000000
0
3DFACE
62
163
10
0.001859
20
-0.005265
30
0.030000
11
0.003236
21
-0.004551
31
0.000000
12
0.001859
22
-0.005265
32
0.000000
0
3DFACE
62
163
10
0.003236
20
-0.004551
30
0.030000
11
0.003236
21
-0.004551
31
0.000000
12
0.001859
22
-0.005265
32
0.030000
0
3DFACE
62
163
10
0.003236
20
-0.004551
30
0.000000
11
0.003236
21
-0.004551
31
0.030000
12
0.002964
22
-0.004027
32
0.030000
0
3DFACE
62
163
10
0.003236
20
-0.004551
30
0.000000
11
0.002964
21
-0.004027
31
0.030000
12
0.002964
22
-0.004027
32
0.000000
0
3DFACE
62
163
10
-0.002928
20
0.000653
30
0.030000
11
-0.004829
21
0.001298
31
0.030000
12
-0.004977
22
0.000483
32
0.030000
0
3DFACE
62
163
10
-0.002770
20
0.001151
30
0.030000
11
-0.004548
21
0.002078
31
0.030000
12
-0.004829
22
0.001298
32
0.030000
0
3DFACE
62
163
10
-0.002770
20
0.001151
30
0.030000
11
-0.004829
21
0.001298
31
0.030000
12
-0.002928
22
0.000653
32
0.030000
0
3DFACE
62
163
10
-0.002997
20
0.000134
30
0.030000
11
-0.004977
21
0.000483
31
0.030000
12
-0.004988
22
-0.000345
32
0.030000
0
3DFACE
62
163
10
-0.002997
20
0.000134
30
0.030000
11
-0.002928
21
0.000653
31
0.030000
12
-0.004977
22
0.000483
32
0.030000
0
3DFACE
62
163
10
-0.002528
20
0.001615
30
0.030000
11
-0.004548
21
0.002078
31
0.030000
12
-0.002770
22
0.001151
32
0.030000
0
3DFACE
62
163
10
-0.002528
20
0.001615
30
0.030000
11
-0.004142
21
0.002800
31
0.030000
12
-0.004548
22
0.002078
32
0.030000
0
3DFACE
62
163
10
-0.002975
20
-0.000388
30
0.030000
11
-0.002997
21
0.000134
31
0.030000
12
-0.004988
22
-0.000345
32
0.030000
0
3DFACE
62
163
10
-0.002975
20
-0.000388
30
0.030000
11
-0.004988
21
-0.000345
31
0.030000
12
-0.004863
22
-0.001164
32
0.030000
0
3DFACE
62
163
10
-0.002209
20
0.002029
30
0.030000
11
-0.004142
21
0.002800
31
0.030000
12
-0.002528
22
0.001615
32
0.030000
0
3DFACE
62
163
10
-0.002209
20
0.002029
30
0.030000
11
-0.003623
21
0.003446
31
0.030000
12
-0.004142
22
0.002800
32
0.030000
0
3DFACE
62
163
10
-0.002862
20
-0.000899
30
0.030000
11
-0.004863
21
-0.001164
31
0.030000
12
-0.004604
22
-0.001951
32
0.030000
0
3DFACE
62
163
10
-0.002862
20
-0.000899
30
0.030000
11
-0.002975
21
-0.000388
31
0.030000
12
-0.004863
22
-0.001164
32
0.030000
0
3DFACE
62
163
10
-0.001823
20
0.002382
30
0.030000
11
-0.003623
21
0.003446
31
0.030000
12
-0.002209
22
0.002029
32
0.030000
0
3DFACE
62
163
10
-0.001823
20
0.002382
30
0.030000
11
-0.003005
21
0.003997
31
0.030000
12
-0.003623
22
0.003446
32
0.030000
0
3DFACE
62
163
10
-0.002663
20
-0.001382
30
0.030000
11
-0.002862
21
-0.000899
31
0.030000
12
-0.004604
22
-0.001951
32
0.030000
0
3DFACE
62
163
10
-0.002663
20
-0.001382
30
0.030000
11
-0.004604
21
-0.001951
31
0.030000
12
-0.004218
22
-0.002685
32
0.030000
0
3DFACE
62
163
10
-0.001382
20
0.002663
30
0.030000
11
-0.003005
21
0.003997
31
0.030000
12
-0.001823
22
0.002382
32
0.030000
0
3DFACE
62
163
10
-0.001382
20
0.002663
30
0.030000
11
-0.001539
21
0.004757
31
0.030000
12
-0.002303
22
0.004438
32
0.030000
0
3DFACE
62
163
10
-0.001382
20
0.002663
30
0.030000
11
-0.002303
21
0.004438
31
0.030000
12
-0.003005
22
0.003997
32
0.030000
0
3DFACE
62
163
10
-0.002382
20
-0.001823
30
0.030000
11
-0.004218
21
-0.002685
31
0.030000
12
-0.003717
22
-0.003344
32
0.030000
0
3DFACE
62
163
10
-0.002382
20
-0.001823
30
0.030000
11
-0.002663
21
-0.001382
31
0.030000
12
-0.004218
22
-0.002685
32
0.030000
0
3DFACE
62
163
10
-0.000899
20
0.002862
30
0.030000
11
-0.000732
21
0.004946
31
0.030000
12
-0.001539
22
0.004757
32
0.030000
0
3DFACE
62
163
10
-0.000899
20
0.002862
30
0.030000
11
-0.001539
21
0.004757
31
0.030000
12
-0.001382
22
0.002663
32
0.030000
0
3DFACE
62
163
10
-0.002029
20
-0.002209
30
0.030000
11
-0.003717
21
-0.003344
31
0.030000
12
-0.003114
22
-0.003912
32
0.030000
0
3DFACE
62
163
10
-0.002029
20
-0.002209
30
0.030000
11
-0.002382
21
-0.001823
31
0.030000
12
-0.003717
22
-0.003344
32
0.030000
0
3DFACE
62
163
10
-0.000388
20
0.002975
30
0.030000
11
0.000094
21
0.004999
31
0.030000
12
-0.000732
22
0.004946
32
0.030000
0
3DFACE
62
163
10
-0.000388
20
0.002975
30
0.030000
11
-0.000732
21
0.004946
31
0.030000
12
-0.000899
22
0.002862
32
0.030000
0
3DFACE
62
163
10
-0.001615
20
-0.002528
30
0.030000
11
-0.002029
21
-0.002209
31
0.030000
12
-0.003114
22
-0.003912
32
0.030000
0
3DFACE
62
163
10
-0.001615
20
-0.002528
30
0.030000
11
-0.003114
21
-0.003912
31
0.030000
12
-0.002425
22
-0.004373
32
0.030000
0
3DFACE
62
163
10
0.000134
20
0.002997
30
0.030000
11
0.000094
21
0.004999
31
0.030000
12
-0.000388
22
0.002975
32
0.030000
0
3DFACE
62
163
10
0.000919
20
0.004915
30
0.030000
11
0.000094
21
0.004999
31
0.030000
12
0.000134
22
0.002997
32
0.030000
0
3DFACE
62
163
10
-0.001151
20
-0.002770
30
0.030000
11
-0.001615
21
-0.002528
31
0.030000
12
-0.002425
22
-0.004373
32
0.030000
0
3DFACE
62
163
10
0.000653
20
0.002928
30
0.030000
11
0.000919
21
0.004915
31
0.030000
12
0.000134
22
0.002997
32
0.030000
0
3DFACE
62
163
10
-0.001670
20
-0.004713
30
0.030000
11
-0.001151
21
-0.002770
31
0.030000
12
-0.002425
22
-0.004373
32
0.030000
0
3DFACE
62
163
10
0.001718
20
0.004696
30
0.030000
11
0.000919
21
0.004915
31
0.030000
12
0.000653
22
0.002928
32
0.030000
0
3DFACE
62
163
10
-0.000653
20
-0.002928
30
0.030000
11
-0.001151
21
-0.002770
31
0.030000
12
-0.001670
22
-0.004713
32
0.030000
0
3DFACE
62
163
10
0.001151
20
0.002770
30
0.030000
11
0.001718
21
0.004696
31
0.030000
12
0.000653
22
0.002928
32
0.030000
0
3DFACE
62
163
10
-0.000869
20
-0.004924
30
0.030000
11
-0.000653
21
-0.002928
31
0.030000
12
-0.001670
22
-0.004713
32
0.030000
0
3DFACE
62
163
10
-0.000134
20
-0.002997
30
0.030000
11
-0.000653
21
-0.002928
31
0.030000
12
-0.000869
22
-0.004924
32
0.030000
0
3DFACE
62
163
10
0.002469
20
0.004348
30
0.030000
11
0.001718
21
0.004696
31
0.030000
12
0.001151
22
0.002770
32
0.030000
0
3DFACE
62
163
10
0.002469
20
0.004348
30
0.030000
11
0.001151
21
0.002770
31
0.030000
12
0.001615
22
0.002528
32
0.030000
0
3DFACE
62
163
10
-0.000044
20
-0.005000
30
0.030000
11
0.000388
21
-0.002975
31
0.030000
12
-0.000134
22
-0.002997
32
0.030000
0
3DFACE
62
163
10
-0.000044
20
-0.005000
30
0.030000
11
-0.000134
21
-0.002997
31
0.030000
12
-0.000869
22
-0.004924
32
0.030000
0
3DFACE
62
163
10
0.003153
20
0.003880
30
0.030000
11
0.002469
21
0.004348
31
0.030000
12
0.001615
22
0.002528
32
0.030000
0
3DFACE
62
163
10
0.003153
20
0.003880
30
0.030000
11
0.001615
21
0.002528
31
0.030000
12
0.002029
22
0.002209
32
0.030000
0
3DFACE
62
163
10
0.000782
20
-0.004938
30
0.030000
11
0.000899
21
-0.002862
31
0.030000
12
0.000388
22
-0.002975
32
0.030000
0
3DFACE
62
163
10
0.000782
20
-0.004938
30
0.030000
11
0.000388
21
-0.002975
31
0.030000
12
-0.000044
22
-0.005000
32
0.030000
0
3DFACE
62
163
10
0.003751
20
0.003306
30
0.030000
11
0.002029
21
0.002209
31
0.030000
12
0.002382
22
0.001823
32
0.030000
0
3DFACE
62
163
10
0.003751
20
0.003306
30
0.030000
11
0.003153
21
0.003880
31
0.030000
12
0.002029
22
0.002209
32
0.030000
0
3DFACE
62
163
10
0.001587
20
-0.004741
30
0.030000
11
0.001382
21
-0.002663
31
0.030000
12
0.000899
22
-0.002862
32
0.030000
0
3DFACE
62
163
10
0.001587
20
-0.004741
30
0.030000
11
0.000899
21
-0.002862
31
0.030000
12
0.000782
22
-0.004938
32
0.030000
0
3DFACE
62
163
10
0.004245
20
0.002642
30
0.030000
11
0.002382
21
0.001823
31
0.030000
12
0.002663
22
0.001382
32
0.030000
0
3DFACE
62
163
10
0.004245
20
0.002642
30
0.030000
11
0.003751
21
0.003306
31
0.030000
12
0.002382
22
0.001823
32
0.030000
0
3DFACE
62
163
10
0.004623
20
0.001904
30
0.030000
11
0.004245
21
0.002642
31
0.030000
12
0.002663
22
0.001382
32
0.030000
0
3DFACE
62
163
10
0.004623
20
0.001904
30
0.030000
11
0.002663
21
0.001382
31
0.030000
12
0.002862
22
0.000899
32
0.030000
0
3DFACE
62
163
10
0.002964
20
-0.004027
30
0.030000
11
0.001587
21
-0.004741
31
0.030000
12
0.001859
22
-0.005265
32
0.030000
0
3DFACE
62
163
10
0.002964
20
-0.004027
30
0.030000
11
0.001823
21
-0.002382
31
0.030000
12
0.001382
22
-0.002663
32
0.030000
0
3DFACE
62
163
10
0.002964
20
-0.004027
30
0.030000
11
0.001382
21
-0.002663
31
0.030000
12
0.001587
22
-0.004741
32
0.030000
0
3DFACE
62
163
10
0.004874
20
0.001115
30
0.030000
11
0.004623
21
0.001904
31
0.030000
12
0.002862
22
0.000899
32
0.030000
0
3DFACE
62
163
10
0.004874
20
0.001115
30
0.030000
11
0.002862
21
0.000899
31
0.030000
12
0.002975
22
0.000388
32
0.030000
0
3DFACE
62
163
10
0.003236
20
-0.004551
30
0.030000
11
0.002964
21
-0.004027
31
0.030000
12
0.001859
22
-0.005265
32
0.030000
0
3DFACE
62
163
10
0.003588
20
-0.003482
30
0.030000
11
0.002209
21
-0.002029
31
0.030000
12
0.001823
22
-0.002382
32
0.030000
0
3DFACE
62
163
10
0.003588
20
-0.003482
30
0.030000
11
0.001823
21
-0.002382
31
0.030000
12
0.002964
22
-0.004027
32
0.030000
0
3DFACE
62
163
10
0.004991
20
0.000295
30
0.030000
11
0.004874
21
0.001115
31
0.030000
12
0.002975
22
0.000388
32
0.030000
0
3DFACE
62
163
10
0.004991
20
0.000295
30
0.030000
11
0.002975
21
0.000388
31
0.030000
12
0.002997
22
-0.000134
32
0.030000
0
3DFACE
62
163
10
0.004114
20
-0.002842
30
0.030000
11
0.002209
21
-0.002029
31
0.030000
12
0.003588
22
-0.003482
32
0.030000
0
3DFACE
62
163
10
0.004114
20
-0.002842
30
0.030000
11
0.002528
21
-0.001615
31
0.030000
12
0.002209
22
-0.002029
32
0.030000
0
3DFACE
62
163
10
0.004971
20
-0.000534
30
0.030000
11
0.004991
21
0.000295
31
0.030000
12
0.002997
22
-0.000134
32
0.030000
0
3DFACE
62
163
10
0.004971
20
-0.000534
30
0.030000
11
0.002997
21
-0.000134
31
0.030000
12
0.002928
22
-0.000653
32
0.030000
0
3DFACE
62
163
10
0.004527
20
-0.002124
30
0.030000
11
0.002528
21
-0.001615
31
0.030000
12
0.004114
22
-0.002842
32
0.030000
0
3DFACE
62
163
10
0.004527
20
-0.002124
30
0.030000
11
0.002770
21
-0.001151
31
0.030000
12
0.002528
22
-0.001615
32
0.030000
0
3DFACE
62
163
10
0.004815
20
-0.001347
30
0.030000
11
0.004971
21
-0.000534
31
0.030000
12
0.002928
22
-0.000653
32
0.030000
0
3DFACE
62
163
10
0.004815
20
-0.001347
30
0.030000
11
0.002770
21
-0.001151
31
0.030000
12
0.004527
22
-0.002124
32
0.030000
0
3DFACE
62
163
10
0.004815
20
-0.001347
30
0.030000
11
0.002928
21
-0.000653
31
0.030000
12
0.002770
22
-0.001151
32
0.030000
0
3DFACE
62
163
10
0.000684
20
-0.001318
30
-0.026865
11
0.000684
21
-0.001318
31
-0.052865
12
0.000891
22
-0.001188
32
-0.052865
0
3DFACE
62
163
10
0.000891
20
-0.001188
30
-0.026865
11
0.000891
21
-0.001188
31
-0.052865
12
0.001075
22
-0.001025
32
-0.052865
0
3DFACE
62
163
10
0.000891
20
-0.001188
30
-0.026865
11
0.000684
21
-0.001318
31
-0.026865
12
0.000891
22
-0.001188
32
-0.052865
0
3DFACE
62
163
10
0.001075
20
-0.001025
30
-0.026865
11
0.001075
21
-0.001025
31
-0.052865
12
0.001228
22
-0.000834
32
-0.052865
0
3DFACE
62
163
10
0.001075
20
-0.001025
30
-0.026865
11
0.000891
21
-0.001188
31
-0.026865
12
0.001075
22
-0.001025
32
-0.052865
0
3DFACE
62
163
10
0.001228
20
-0.000834
30
-0.026865
11
0.001228
21
-0.000834
31
-0.052865
12
0.001349
22
-0.000621
32
-0.052865
0
3DFACE
62
163
10
0.001228
20
-0.000834
30
-0.026865
11
0.001075
21
-0.001025
31
-0.026865
12
0.001228
22
-0.000834
32
-0.052865
0
3DFACE
62
163
10
0.001349
20
-0.000621
30
-0.026865
11
0.001349
21
-0.000621
31
-0.052865
12
0.001433
22
-0.000391
32
-0.052865
0
3DFACE
62
163
10
0.001349
20
-0.000621
30
-0.026865
11
0.001228
21
-0.000834
31
-0.026865
12
0.001349
22
-0.000621
32
-0.052865
0
3DFACE
62
163
10
0.001433
20
-0.000391
30
-0.026865
11
0.001433
21
-0.000391
31
-0.052865
12
0.001477
22
-0.000150
32
-0.052865
0
3DFACE
62
163
10
0.001433
20
-0.000391
30
-0.026865
11
0.001349
21
-0.000621
31
-0.026865
12
0.001433
22
-0.000391
32
-0.052865
0
3DFACE
62
163
10
0.001477
20
-0.000150
30
-0.026865
11
0.001433
21
-0.000391
31
-0.026865
12
0.001477
22
-0.000150
32
-0.052865
0
3DFACE
62
163
10
0.000192
20
-0.001473
30
-0.052865
11
-0.000067
21
-0.001484
31
-0.052865
12
-0.000323
22
-0.001449
32
-0.052865
0
3DFACE
62
163
10
0.000684
20
-0.001318
30
-0.052865
11
0.000445
21
-0.001417
31
-0.052865
12
0.000192
22
-0.001473
32
-0.052865
0
3DFACE
62
163
10
0.000684
20
-0.001318
30
-0.052865
11
-0.000323
21
-0.001449
31
-0.052865
12
-0.000570
22
-0.001371
32
-0.052865
0
3DFACE
62
163
10
0.000684
20
-0.001318
30
-0.052865
11
-0.000570
21
-0.001371
31
-0.052865
12
-0.000799
22
-0.001251
32
-0.052865
0
3DFACE
62
163
10
0.000684
20
-0.001318
30
-0.052865
11
0.000192
21
-0.001473
31
-0.052865
12
-0.000323
22
-0.001449
32
-0.052865
0
3DFACE
62
163
10
0.001075
20
-0.001025
30
-0.052865
11
0.000891
21
-0.001188
31
-0.052865
12
0.000684
22
-0.001318
32
-0.052865
0
3DFACE
62
163
10
-0.001484
20
0.000067
30
-0.052865
11
-0.000799
21
-0.001251
31
-0.052865
12
-0.001005
22
-0.001094
32
-0.052865
0
3DFACE
62
163
10
-0.001484
20
0.000067
30
-0.052865
11
-0.001005
21
-0.001094
31
-0.052865
12
-0.001179
22
-0.000903
32
-0.052865
0
3DFACE
62
163
10
-0.001484
20
0.000067
30
-0.052865
11
-0.001179
21
-0.000903
31
-0.052865
12
-0.001318
22
-0.000684
32
-0.052865
0
3DFACE
62
163
10
-0.001484
20
0.000067
30
-0.052865
11
-0.001318
21
-0.000684
31
-0.052865
12
-0.001417
22
-0.000445
32
-0.052865
0
3DFACE
62
163
10
-0.001484
20
0.000067
30
-0.052865
11
-0.001417
21
-0.000445
31
-0.052865
12
-0.001473
22
-0.000192
32
-0.052865
0
3DFACE
62
163
10
0.001349
20
-0.000621
30
-0.052865
11
0.001228
21
-0.000834
31
-0.052865
12
0.001075
22
-0.001025
32
-0.052865
0
3DFACE
62
163
10
-0.001371
20
0.000570
30
-0.052865
11
-0.001484
21
0.000067
31
-0.052865
12
-0.001449
22
0.000323
32
-0.052865
0
3DFACE
62
163
10
0.001485
20
0.000009
30
-0.052865
11
0.001477
21
-0.000150
31
-0.052865
12
0.001433
22
-0.000391
32
-0.052865
0
3DFACE
62
163
10
0.001548
20
0.000006
30
-0.052865
11
0.001541
21
-0.000153
31
-0.052865
12
0.001477
22
-0.000150
32
-0.052865
0
3DFACE
62
163
10
0.001548
20
0.000006
30
-0.052865
11
0.001477
21
-0.000150
31
-0.052865
12
0.001485
22
0.000009
32
-0.052865
0
3DFACE
62
163
10
-0.001094
20
0.001005
30
-0.052865
11
-0.001371
21
0.000570
31
-0.052865
12
-0.001251
22
0.000799
32
-0.052865
0
3DFACE
62
163
10
-0.001094
20
0.001005
30
-0.052865
11
-0.001484
21
0.000067
31
-0.052865
12
-0.001371
22
0.000570
32
-0.052865
0
3DFACE
62
163
10
0.001462
20
0.000260
30
-0.052865
11
0.001485
21
0.000009
31
-0.052865
12
0.001433
22
-0.000391
32
-0.052865
0
3DFACE
62
163
10
-0.000451
20
0.001415
30
-0.052865
11
-0.001094
21
0.001005
31
-0.052865
12
-0.000903
22
0.001179
32
-0.052865
0
3DFACE
62
163
10
-0.000451
20
0.001415
30
-0.052865
11
-0.000903
21
0.001179
31
-0.052865
12
-0.000684
22
0.001318
32
-0.052865
0
3DFACE
62
163
10
0.001148
20
0.000942
30
-0.052865
11
0.001433
21
-0.000391
31
-0.052865
12
0.001349
22
-0.000621
32
-0.052865
0
3DFACE
62
163
10
0.001148
20
0.000942
30
-0.052865
11
0.001291
21
0.000734
31
-0.052865
12
0.001397
22
0.000504
32
-0.052865
0
3DFACE
62
163
10
0.001148
20
0.000942
30
-0.052865
11
0.001397
21
0.000504
31
-0.052865
12
0.001462
22
0.000260
32
-0.052865
0
3DFACE
62
163
10
0.001148
20
0.000942
30
-0.052865
11
0.001349
21
-0.000621
31
-0.052865
12
0.001075
22
-0.001025
32
-0.052865
0
3DFACE
62
163
10
0.001148
20
0.000942
30
-0.052865
11
0.001462
21
0.000260
31
-0.052865
12
0.001433
22
-0.000391
32
-0.052865
0
3DFACE
62
163
10
0.000048
20
0.001484
30
-0.052865
11
-0.000451
21
0.001415
31
-0.052865
12
-0.000204
22
0.001471
32
-0.052865
0
3DFACE
62
163
10
0.000048
20
0.001484
30
-0.052865
11
-0.001094
21
0.001005
31
-0.052865
12
-0.000451
22
0.001415
32
-0.052865
0
3DFACE
62
163
10
0.000541
20
0.001383
30
-0.052865
11
0.001148
21
0.000942
31
-0.052865
12
0.001075
22
-0.001025
32
-0.052865
0
3DFACE
62
163
10
0.000541
20
0.001383
30
-0.052865
11
-0.001094
21
0.001005
31
-0.052865
12
0.000048
22
0.001484
32
-0.052865
0
3DFACE
62
163
10
0.000541
20
0.001383
30
-0.052865
11
0.000048
21
0.001484
31
-0.052865
12
0.000299
22
0.001455
32
-0.052865
0
3DFACE
62
163
10
0.000541
20
0.001383
30
-0.052865
11
0.000767
21
0.001271
31
-0.052865
12
0.000972
22
0.001123
32
-0.052865
0
3DFACE
62
163
10
0.000541
20
0.001383
30
-0.052865
11
0.000972
21
0.001123
31
-0.052865
12
0.001148
22
0.000942
32
-0.052865
0
3DFACE
62
163
10
0.000541
20
0.001383
30
-0.052865
11
0.001075
21
-0.001025
31
-0.052865
12
0.000684
22
-0.001318
32
-0.052865
0
3DFACE
62
163
10
0.000541
20
0.001383
30
-0.052865
11
0.000684
21
-0.001318
31
-0.052865
12
-0.000799
22
-0.001251
32
-0.052865
0
3DFACE
62
163
10
0.000541
20
0.001383
30
-0.052865
11
-0.000799
21
-0.001251
31
-0.052865
12
-0.001484
22
0.000067
32
-0.052865
0
3DFACE
62
163
10
0.000541
20
0.001383
30
-0.052865
11
-0.001484
21
0.000067
31
-0.052865
12
-0.001094
22
0.001005
32
-0.052865
0
3DFACE
62
163
10
0.001541
20
-0.000153
30
-0.026865
11
0.001477
21
-0.000150
31
-0.026865
12
0.001477
22
-0.000150
32
-0.052865
0
3DFACE
62
163
10
0.001541
20
-0.000153
30
-0.026865
11
0.001477
21
-0.000150
31
-0.052865
12
0.001541
22
-0.000153
32
-0.052865
0
3DFACE
62
163
10
0.001485
20
0.000009
30
-0.026865
11
0.001548
21
0.000006
31
-0.026865
12
0.001548
22
0.000006
32
-0.052865
0
3DFACE
62
163
10
0.001485
20
0.000009
30
-0.026865
11
0.001548
21
0.000006
31
-0.052865
12
0.001485
22
0.000009
32
-0.052865
0
3DFACE
62
163
10
0.001548
20
0.000006
30
-0.026865
11
0.001541
21
-0.000153
31
-0.052865
12
0.001548
22
0.000006
32
-0.052865
0
3DFACE
62
163
10
0.001548
20
0.000006
30
-0.026865
11
0.001541
21
-0.000153
31
-0.026865
12
0.001541
22
-0.000153
32
-0.052865
0
3DFACE
62
163
10
0.001382
20
-0.002663
30
0.030000
11
0.001382
21
-0.002663
31
0.045000
12
0.000899
22
-0.002862
32
0.045000
0
3DFACE
62
163
10
0.000899
20
-0.002862
30
0.030000
11
0.001382
21
-0.002663
31
0.030000
12
0.000899
22
-0.002862
32
0.045000
0
3DFACE
62
163
10
0.000388
20
-0.002975
30
0.030000
11
0.000388
21
-0.002975
31
0.045000
12
-0.000134
22
-0.002997
32
0.045000
0
3DFACE
62
163
10
0.000388
20
-0.002975
30
0.030000
11
0.000899
21
-0.002862
31
0.045000
12
0.000388
22
-0.002975
32
0.045000
0
3DFACE
62
163
10
0.000388
20
-0.002975
30
0.030000
11
0.000899
21
-0.002862
31
0.030000
12
0.000899
22
-0.002862
32
0.045000
0
3DFACE
62
163
10
-0.000134
20
-0.002997
30
0.030000
11
0.000388
21
-0.002975
31
0.030000
12
-0.000134
22
-0.002997
32
0.045000
0
3DFACE
62
163
10
-0.000653
20
-0.002928
30
0.030000
11
-0.000134
21
-0.002997
31
0.045000
12
-0.000653
22
-0.002928
32
0.045000
0
3DFACE
62
163
10
-0.000653
20
-0.002928
30
0.030000
11
-0.000134
21
-0.002997
31
0.030000
12
-0.000134
22
-0.002997
32
0.045000
0
3DFACE
62
163
10
-0.001151
20
-0.002770
30
0.030000
11
-0.000653
21
-0.002928
31
0.045000
12
-0.001151
22
-0.002770
32
0.045000
0
3DFACE
62
163
10
-0.001151
20
-0.002770
30
0.030000
11
-0.000653
21
-0.002928
31
0.030000
12
-0.000653
22
-0.002928
32
0.045000
0
3DFACE
62
163
10
-0.001615
20
-0.002528
30
0.030000
11
-0.001151
21
-0.002770
31
0.045000
12
-0.001615
22
-0.002528
32
0.045000
0
3DFACE
62
163
10
-0.001615
20
-0.002528
30
0.030000
11
-0.001151
21
-0.002770
31
0.030000
12
-0.001151
22
-0.002770
32
0.045000
0
3DFACE
62
163
10
-0.002029
20
-0.002209
30
0.030000
11
-0.001615
21
-0.002528
31
0.045000
12
-0.002029
22
-0.002209
32
0.045000
0
3DFACE
62
163
10
-0.002029
20
-0.002209
30
0.030000
11
-0.001615
21
-0.002528
31
0.030000
12
-0.001615
22
-0.002528
32
0.045000
0
3DFACE
62
163
10
-0.002382
20
-0.001823
30
0.030000
11
-0.002029
21
-0.002209
31
0.045000
12
-0.002382
22
-0.001823
32
0.045000
0
3DFACE
62
163
10
-0.002382
20
-0.001823
30
0.030000
11
-0.002029
21
-0.002209
31
0.030000
12
-0.002029
22
-0.002209
32
0.045000
0
3DFACE
62
163
10
-0.002663
20
-0.001382
30
0.030000
11
-0.002663
21
-0.001382
31
0.045000
12
-0.002862
22
-0.000899
32
0.045000
0
3DFACE
62
163
10
-0.002663
20
-0.001382
30
0.030000
11
-0.002382
21
-0.001823
31
0.045000
12
-0.002663
22
-0.001382
32
0.045000
0
3DFACE
62
163
10
-0.002663
20
-0.001382
30
0.030000
11
-0.002382
21
-0.001823
31
0.030000
12
-0.002382
22
-0.001823
32
0.045000
0
3DFACE
62
163
10
-0.002862
20
-0.000899
30
0.030000
11
-0.002663
21
-0.001382
31
0.030000
12
-0.002862
22
-0.000899
32
0.045000
0
3DFACE
62
163
10
-0.002975
20
-0.000388
30
0.030000
11
-0.002862
21
-0.000899
31
0.045000
12
-0.002975
22
-0.000388
32
0.045000
0
3DFACE
62
163
10
-0.002975
20
-0.000388
30
0.030000
11
-0.002862
21
-0.000899
31
0.030000
12
-0.002862
22
-0.000899
32
0.045000
0
3DFACE
62
163
10
-0.002997
20
0.000134
30
0.030000
11
-0.002975
21
-0.000388
31
0.045000
12
-0.002997
22
0.000134
32
0.045000
0
3DFACE
62
163
10
-0.002997
20
0.000134
30
0.030000
11
-0.002975
21
-0.000388
31
0.030000
12
-0.002975
22
-0.000388
32
0.045000
0
3DFACE
62
163
10
-0.002928
20
0.000653
30
0.030000
11
-0.002997
21
0.000134
31
0.045000
12
-0.002928
22
0.000653
32
0.045000
0
3DFACE
62
163
10
-0.002928
20
0.000653
30
0.030000
11
-0.002997
21
0.000134
31
0.030000
12
-0.002997
22
0.000134
32
0.045000
0
3DFACE
62
163
10
-0.002770
20
0.001151
30
0.030000
11
-0.002928
21
0.000653
31
0.045000
12
-0.002770
22
0.001151
32
0.045000
0
3DFACE
62
163
10
-0.002770
20
0.001151
30
0.030000
11
-0.002928
21
0.000653
31
0.030000
12
-0.002928
22
0.000653
32
0.045000
0
3DFACE
62
163
10
-0.002528
20
0.001615
30
0.030000
11
-0.002770
21
0.001151
31
0.030000
12
-0.002770
22
0.001151
32
0.045000
0
3DFACE
62
163
10
-0.002528
20
0.001615
30
0.030000
11
-0.002770
21
0.001151
31
0.045000
12
-0.002528
22
0.001615
32
0.045000
0
3DFACE
62
163
10
-0.002209
20
0.002029
30
0.030000
11
-0.002528
21
0.001615
31
0.045000
12
-0.002209
22
0.002029
32
0.045000
0
3DFACE
62
163
10
-0.002209
20
0.002029
30
0.030000
11
-0.002528
21
0.001615
31
0.030000
12
-0.002528
22
0.001615
32
0.045000
0
3DFACE
62
163
10
-0.001823
20
0.002382
30
0.030000
11
-0.001823
21
0.002382
31
0.045000
12
-0.001382
22
0.002663
32
0.045000
0
3DFACE
62
163
10
-0.001823
20
0.002382
30
0.030000
11
-0.002209
21
0.002029
31
0.045000
12
-0.001823
22
0.002382
32
0.045000
0
3DFACE
62
163
10
-0.001823
20
0.002382
30
0.030000
11
-0.002209
21
0.002029
31
0.030000
12
-0.002209
22
0.002029
32
0.045000
0
3DFACE
62
163
10
-0.001382
20
0.002663
30
0.030000
11
-0.001823
21
0.002382
31
0.030000
12
-0.001382
22
0.002663
32
0.045000
0
3DFACE
62
163
10
-0.002975
20
-0.000388
30
0.045000
11
-0.002770
21
0.001151
31
0.045000
12
-0.002928
22
0.000653
32
0.045000
0
3DFACE
62
163
10
-0.002975
20
-0.000388
30
0.045000
11
-0.002928
21
0.000653
31
0.045000
12
-0.002997
22
0.000134
32
0.045000
0
3DFACE
62
163
10
-0.002382
20
-0.001823
30
0.045000
11
-0.002975
21
-0.000388
31
0.045000
12
-0.002862
22
-0.000899
32
0.045000
0
3DFACE
62
163
10
-0.002382
20
-0.001823
30
0.045000
11
-0.002862
21
-0.000899
31
0.045000
12
-0.002663
22
-0.001382
32
0.045000
0
3DFACE
62
163
10
-0.001615
20
-0.002528
30
0.045000
11
-0.002382
21
-0.001823
31
0.045000
12
-0.002029
22
-0.002209
32
0.045000
0
3DFACE
62
163
10
-0.001615
20
-0.002528
30
0.045000
11
-0.002975
21
-0.000388
31
0.045000
12
-0.002382
22
-0.001823
32
0.045000
0
3DFACE
62
163
10
0.000134
20
0.002997
30
0.045000
11
-0.000388
21
0.002975
31
0.045000
12
-0.000899
22
0.002862
32
0.045000
0
3DFACE
62
163
10
0.000653
20
0.002928
30
0.045000
11
0.000134
21
0.002997
31
0.045000
12
-0.000899
22
0.002862
32
0.045000
0
3DFACE
62
163
10
-0.000653
20
-0.002928
30
0.045000
11
-0.001615
21
-0.002528
31
0.045000
12
-0.001151
22
-0.002770
32
0.045000
0
3DFACE
62
163
10
-0.000134
20
-0.002997
30
0.045000
11
-0.001615
21
-0.002528
31
0.045000
12
-0.000653
22
-0.002928
32
0.045000
0
3DFACE
62
163
10
0.001615
20
0.002528
30
0.045000
11
0.001151
21
0.002770
31
0.045000
12
0.000653
22
0.002928
32
0.045000
0
3DFACE
62
163
10
0.000388
20
-0.002975
30
0.045000
11
-0.001615
21
-0.002528
31
0.045000
12
-0.000134
22
-0.002997
32
0.045000
0
3DFACE
62
163
10
0.002382
20
0.001823
30
0.045000
11
-0.001382
21
0.002663
31
0.045000
12
-0.001823
22
0.002382
32
0.045000
0
3DFACE
62
163
10
0.002382
20
0.001823
30
0.045000
11
-0.001823
21
0.002382
31
0.045000
12
-0.002209
22
0.002029
32
0.045000
0
3DFACE
62
163
10
0.002382
20
0.001823
30
0.045000
11
0.002029
21
0.002209
31
0.045000
12
0.001615
22
0.002528
32
0.045000
0
3DFACE
62
163
10
0.002382
20
0.001823
30
0.045000
11
-0.000899
21
0.002862
31
0.045000
12
-0.001382
22
0.002663
32
0.045000
0
3DFACE
62
163
10
0.002382
20
0.001823
30
0.045000
11
0.000653
21
0.002928
31
0.045000
12
-0.000899
22
0.002862
32
0.045000
0
3DFACE
62
163
10
0.002382
20
0.001823
30
0.045000
11
0.001615
21
0.002528
31
0.045000
12
0.000653
22
0.002928
32
0.045000
0
3DFACE
62
163
10
0.001382
20
-0.002663
30
0.045000
11
0.000388
21
-0.002975
31
0.045000
12
0.000899
22
-0.002862
32
0.045000
0
3DFACE
62
163
10
0.002862
20
0.000899
30
0.045000
11
0.002663
21
0.001382
31
0.045000
12
0.002382
22
0.001823
32
0.045000
0
3DFACE
62
163
10
0.002209
20
-0.002029
30
0.045000
11
0.001382
21
-0.002663
31
0.045000
12
0.001823
22
-0.002382
32
0.045000
0
3DFACE
62
163
10
0.002209
20
-0.002029
30
0.045000
11
0.000388
21
-0.002975
31
0.045000
12
0.001382
22
-0.002663
32
0.045000
0
3DFACE
62
163
10
0.002997
20
-0.000134
30
0.045000
11
0.002975
21
0.000388
31
0.045000
12
0.002862
22
0.000899
32
0.045000
0
3DFACE
62
163
10
0.002770
20
-0.001151
30
0.045000
11
0.002209
21
-0.002029
31
0.045000
12
0.002528
22
-0.001615
32
0.045000
0
3DFACE
62
163
10
0.002928
20
-0.000653
30
0.045000
11
0.000388
21
-0.002975
31
0.045000
12
0.002209
22
-0.002029
32
0.045000
0
3DFACE
62
163
10
0.002928
20
-0.000653
30
0.045000
11
-0.002209
21
0.002029
31
0.045000
12
-0.002528
22
0.001615
32
0.045000
0
3DFACE
62
163
10
0.002928
20
-0.000653
30
0.045000
11
-0.002528
21
0.001615
31
0.045000
12
-0.002770
22
0.001151
32
0.045000
0
3DFACE
62
163
10
0.002928
20
-0.000653
30
0.045000
11
0.002997
21
-0.000134
31
0.045000
12
0.002862
22
0.000899
32
0.045000
0
3DFACE
62
163
10
0.002928
20
-0.000653
30
0.045000
11
-0.002770
21
0.001151
31
0.045000
12
-0.002975
22
-0.000388
32
0.045000
0
3DFACE
62
163
10
0.002928
20
-0.000653
30
0.045000
11
0.002382
21
0.001823
31
0.045000
12
-0.002209
22
0.002029
32
0.045000
0
3DFACE
62
163
10
0.002928
20
-0.000653
30
0.045000
11
-0.002975
21
-0.000388
31
0.045000
12
-0.001615
22
-0.002528
32
0.045000
0
3DFACE
62
163
10
0.002928
20
-0.000653
30
0.045000
11
-0.001615
21
-0.002528
31
0.045000
12
0.000388
22
-0.002975
32
0.045000
0
3DFACE
62
163
10
0.002928
20
-0.000653
30
0.045000
11
0.002862
21
0.000899
31
0.045000
12
0.002382
22
0.001823
32
0.045000
0
3DFACE
62
163
10
0.002928
20
-0.000653
30
0.045000
11
0.002209
21
-0.002029
31
0.045000
12
0.002770
22
-0.001151
32
0.045000
0
3DFACE
62
254
10
-0.030447
20
-0.010280
30
0.030000
11
-0.030447
21
-0.010280
31
0.000000
12
-0.030335
22
-0.010209
32
0.000000
0
3DFACE
62
254
10
-0.030335
20
-0.010209
30
0.030000
11
-0.030447
21
-0.010280
31
0.030000
12
-0.030335
22
-0.010209
32
0.000000
0
3DFACE
62
254
10
-0.030237
20
-0.010120
30
0.030000
11
-0.030335
21
-0.010209
31
0.000000
12
-0.030237
22
-0.010120
32
0.000000
0
3DFACE
62
254
10
-0.030237
20
-0.010120
30
0.030000
11
-0.030335
21
-0.010209
31
0.030000
12
-0.030335
22
-0.010209
32
0.000000
0
3DFACE
62
254
10
-0.030157
20
-0.010015
30
0.030000
11
-0.030237
21
-0.010120
31
0.000000
12
-0.030157
22
-0.010015
32
0.000000
0
3DFACE
62
254
10
-0.030157
20
-0.010015
30
0.030000
11
-0.030237
21
-0.010120
31
0.030000
12
-0.030237
22
-0.010120
32
0.000000
0
3DFACE
62
254
10
-0.030095
20
-0.009898
30
0.030000
11
-0.030157
21
-0.010015
31
0.000000
12
-0.030095
22
-0.009898
32
0.000000
0
3DFACE
62
254
10
-0.030095
20
-0.009898
30
0.030000
11
-0.030095
21
-0.009898
31
0.000000
12
-0.030055
22
-0.009772
32
0.000000
0
3DFACE
62
254
10
-0.030095
20
-0.009898
30
0.030000
11
-0.030157
21
-0.010015
31
0.030000
12
-0.030157
22
-0.010015
32
0.000000
0
3DFACE
62
254
10
-0.030055
20
-0.009772
30
0.030000
11
-0.030095
21
-0.009898
31
0.030000
12
-0.030055
22
-0.009772
32
0.000000
0
3DFACE
62
254
10
-0.030038
20
-0.009641
30
0.030000
11
-0.030055
21
-0.009772
31
0.000000
12
-0.030038
22
-0.009641
32
0.000000
0
3DFACE
62
254
10
-0.030038
20
-0.009641
30
0.030000
11
-0.030055
21
-0.009772
31
0.030000
12
-0.030055
22
-0.009772
32
0.000000
0
3DFACE
62
254
10
-0.030043
20
-0.009509
30
0.030000
11
-0.030038
21
-0.009641
31
0.000000
12
-0.030043
22
-0.009509
32
0.000000
0
3DFACE
62
254
10
-0.030043
20
-0.009509
30
0.030000
11
-0.030043
21
-0.009509
31
0.000000
12
-0.030071
22
-0.009379
32
0.000000
0
3DFACE
62
254
10
-0.030043
20
-0.009509
30
0.030000
11
-0.030038
21
-0.009641
31
0.030000
12
-0.030038
22
-0.009641
32
0.000000
0
3DFACE
62
254
10
-0.030071
20
-0.009379
30
0.030000
11
-0.030043
21
-0.009509
31
0.030000
12
-0.030071
22
-0.009379
32
0.000000
0
3DFACE
62
254
10
-0.031577
20
-0.004387
30
0.030000
11
-0.031687
21
-0.004458
31
0.030000
12
-0.031687
22
-0.004458
32
0.000000
0
3DFACE
62
254
10
-0.031577
20
-0.004387
30
0.030000
11
-0.031687
21
-0.004458
31
0.000000
12
-0.031577
22
-0.004387
32
0.000000
0
3DFACE
62
254
10
-0.031577
20
-0.004387
30
0.030000
11
-0.031577
21
-0.004387
31
0.000000
12
-0.031479
22
-0.004299
32
0.000000
0
3DFACE
62
254
10
-0.031479
20
-0.004299
30
0.030000
11
-0.031577
21
-0.004387
31
0.030000
12
-0.031479
22
-0.004299
32
0.000000
0
3DFACE
62
254
10
-0.031399
20
-0.004196
30
0.030000
11
-0.031479
21
-0.004299
31
0.000000
12
-0.031399
22
-0.004196
32
0.000000
0
3DFACE
62
254
10
-0.031399
20
-0.004196
30
0.030000
11
-0.031399
21
-0.004196
31
0.000000
12
-0.031338
22
-0.004080
32
0.000000
0
3DFACE
62
254
10
-0.031399
20
-0.004196
30
0.030000
11
-0.031479
21
-0.004299
31
0.030000
12
-0.031479
22
-0.004299
32
0.000000
0
3DFACE
62
254
10
-0.031338
20
-0.004080
30
0.030000
11
-0.031399
21
-0.004196
31
0.030000
12
-0.031338
22
-0.004080
32
0.000000
0
3DFACE
62
254
10
-0.031297
20
-0.003955
30
0.030000
11
-0.031338
21
-0.004080
31
0.000000
12
-0.031297
22
-0.003955
32
0.000000
0
3DFACE
62
254
10
-0.031297
20
-0.003955
30
0.030000
11
-0.031338
21
-0.004080
31
0.030000
12
-0.031338
22
-0.004080
32
0.000000
0
3DFACE
62
254
10
-0.031279
20
-0.003825
30
0.030000
11
-0.031297
21
-0.003955
31
0.000000
12
-0.031279
22
-0.003825
32
0.000000
0
3DFACE
62
254
10
-0.031279
20
-0.003825
30
0.030000
11
-0.031279
21
-0.003825
31
0.000000
12
-0.031283
22
-0.003694
32
0.000000
0
3DFACE
62
254
10
-0.031279
20
-0.003825
30
0.030000
11
-0.031297
21
-0.003955
31
0.030000
12
-0.031297
22
-0.003955
32
0.000000
0
3DFACE
62
254
10
-0.031283
20
-0.003694
30
0.030000
11
-0.031279
21
-0.003825
31
0.030000
12
-0.031283
22
-0.003694
32
0.000000
0
3DFACE
62
254
10
-0.031727
20
0.001563
30
0.030000
11
-0.031837
21
0.001494
31
0.030000
12
-0.031837
22
0.001494
32
0.000000
0
3DFACE
62
254
10
-0.031727
20
0.001563
30
0.030000
11
-0.031837
21
0.001494
31
0.000000
12
-0.031727
22
0.001563
32
0.000000
0
3DFACE
62
254
10
-0.031727
20
0.001563
30
0.030000
11
-0.031727
21
0.001563
31
0.000000
12
-0.031631
22
0.001650
32
0.000000
0
3DFACE
62
254
10
-0.031631
20
0.001650
30
0.030000
11
-0.031631
21
0.001650
31
0.000000
12
-0.031551
22
0.001752
32
0.000000
0
3DFACE
62
254
10
-0.031631
20
0.001650
30
0.030000
11
-0.031727
21
0.001563
31
0.030000
12
-0.031631
22
0.001650
32
0.000000
0
3DFACE
62
254
10
-0.031551
20
0.001752
30
0.030000
11
-0.031551
21
0.001752
31
0.000000
12
-0.031490
22
0.001866
32
0.000000
0
3DFACE
62
254
10
-0.031551
20
0.001752
30
0.030000
11
-0.031631
21
0.001650
31
0.030000
12
-0.031551
22
0.001752
32
0.000000
0
3DFACE
62
254
10
-0.031490
20
0.001866
30
0.030000
11
-0.031490
21
0.001866
31
0.000000
12
-0.031448
22
0.001989
32
0.000000
0
3DFACE
62
254
10
-0.031490
20
0.001866
30
0.030000
11
-0.031551
21
0.001752
31
0.030000
12
-0.031490
22
0.001866
32
0.000000
0
3DFACE
62
254
10
-0.031448
20
0.001989
30
0.030000
11
-0.031490
21
0.001866
31
0.030000
12
-0.031448
22
0.001989
32
0.000000
0
3DFACE
62
254
10
-0.031429
20
0.002117
30
0.030000
11
-0.031448
21
0.001989
31
0.000000
12
-0.031429
22
0.002117
32
0.000000
0
3DFACE
62
254
10
-0.031429
20
0.002117
30
0.030000
11
-0.031448
21
0.001989
31
0.030000
12
-0.031448
22
0.001989
32
0.000000
0
3DFACE
62
254
10
-0.030783
20
0.007439
30
0.030000
11
-0.030891
21
0.007371
31
0.030000
12
-0.030891
22
0.007371
32
0.000000
0
3DFACE
62
254
10
-0.030783
20
0.007439
30
0.030000
11
-0.030891
21
0.007371
31
0.000000
12
-0.030783
22
0.007439
32
0.000000
0
3DFACE
62
254
10
-0.030688
20
0.007524
30
0.030000
11
-0.030783
21
0.007439
31
0.000000
12
-0.030688
22
0.007524
32
0.000000
0
3DFACE
62
254
10
-0.030688
20
0.007524
30
0.030000
11
-0.030783
21
0.007439
31
0.030000
12
-0.030783
22
0.007439
32
0.000000
0
3DFACE
62
254
10
-0.030608
20
0.007624
30
0.030000
11
-0.030688
21
0.007524
31
0.000000
12
-0.030608
22
0.007624
32
0.000000
0
3DFACE
62
254
10
-0.030608
20
0.007624
30
0.030000
11
-0.030608
21
0.007624
31
0.000000
12
-0.030547
22
0.007736
32
0.000000
0
3DFACE
62
254
10
-0.030608
20
0.007624
30
0.030000
11
-0.030688
21
0.007524
31
0.030000
12
-0.030688
22
0.007524
32
0.000000
0
3DFACE
62
254
10
-0.030547
20
0.007736
30
0.030000
11
-0.030547
21
0.007736
31
0.000000
12
-0.030505
22
0.007856
32
0.000000
0
3DFACE
62
254
10
-0.030547
20
0.007736
30
0.030000
11
-0.030608
21
0.007624
31
0.030000
12
-0.030547
22
0.007736
32
0.000000
0
3DFACE
62
254
10
-0.030505
20
0.007856
30
0.030000
11
-0.030547
21
0.007736
31
0.030000
12
-0.030505
22
0.007856
32
0.000000
0
3DFACE
62
254
10
-0.028775
20
0.013041
30
0.030000
11
-0.028880
21
0.012974
31
0.030000
12
-0.028880
22
0.012974
32
-0.000000
0
3DFACE
62
254
10
-0.028775
20
0.013041
30
0.030000
11
-0.028880
21
0.012974
31
-0.000000
12
-0.028775
22
0.013041
32
-0.000000
0
3DFACE
62
254
10
-0.028682
20
0.013123
30
0.030000
11
-0.028775
21
0.013041
31
-0.000000
12
-0.028682
22
0.013123
32
-0.000000
0
3DFACE
62
254
10
-0.028682
20
0.013123
30
0.030000
11
-0.028682
21
0.013123
31
-0.000000
12
-0.028603
22
0.013220
32
-0.000000
0
3DFACE
62
254
10
-0.028682
20
0.013123
30
0.030000
11
-0.028775
21
0.013041
31
0.030000
12
-0.028775
22
0.013041
32
-0.000000
0
3DFACE
62
254
10
-0.028603
20
0.013220
30
0.030000
11
-0.028603
21
0.013220
31
-0.000000
12
-0.028542
22
0.013327
32
-0.000000
0
3DFACE
62
254
10
-0.028603
20
0.013220
30
0.030000
11
-0.028682
21
0.013123
31
0.030000
12
-0.028603
22
0.013220
32
-0.000000
0
3DFACE
62
254
10
-0.028542
20
0.013327
30
0.030000
11
-0.028603
21
0.013220
31
0.030000
12
-0.028542
22
0.013327
32
-0.000000
0
3DFACE
62
254
10
-0.025773
20
0.018176
30
0.030000
11
-0.025874
21
0.018113
31
0.030000
12
-0.025874
22
0.018113
32
-0.000000
0
3DFACE
62
254
10
-0.025773
20
0.018176
30
0.030000
11
-0.025874
21
0.018113
31
-0.000000
12
-0.025773
22
0.018176
32
-0.000000
0
3DFACE
62
254
10
-0.025683
20
0.018254
30
0.030000
11
-0.025773
21
0.018176
31
-0.000000
12
-0.025683
22
0.018254
32
-0.000000
0
3DFACE
62
254
10
-0.025683
20
0.018254
30
0.030000
11
-0.025773
21
0.018176
31
0.030000
12
-0.025773
22
0.018176
32
-0.000000
0
3DFACE
62
254
10
-0.025607
20
0.018345
30
0.030000
11
-0.025683
21
0.018254
31
-0.000000
12
-0.025607
22
0.018345
32
-0.000000
0
3DFACE
62
254
10
-0.025607
20
0.018345
30
0.030000
11
-0.025683
21
0.018254
31
0.030000
12
-0.025683
22
0.018254
32
-0.000000
0
3DFACE
62
254
10
-0.021913
20
0.022648
30
0.030000
11
-0.021976
21
0.022612
31
0.030000
12
-0.021976
22
0.022612
32
-0.000000
0
3DFACE
62
254
10
-0.021913
20
0.022648
30
0.030000
11
-0.021976
21
0.022612
31
-0.000000
12
-0.021913
22
0.022648
32
-0.000000
0
3DFACE
62
254
10
-0.021854
20
0.022690
30
0.030000
11
-0.021913
21
0.022648
31
-0.000000
12
-0.021854
22
0.022690
32
-0.000000
0
3DFACE
62
254
10
-0.021854
20
0.022690
30
0.030000
11
-0.021913
21
0.022648
31
0.030000
12
-0.021913
22
0.022648
32
-0.000000
0
3DFACE
62
254
10
-0.021800
20
0.022738
30
0.030000
11
-0.021854
21
0.022690
31
-0.000000
12
-0.021800
22
0.022738
32
-0.000000
0
3DFACE
62
254
10
-0.021800
20
0.022738
30
0.030000
11
-0.021854
21
0.022690
31
0.030000
12
-0.021854
22
0.022690
32
-0.000000
0
3DFACE
62
254
10
-0.017294
20
0.026330
30
0.030000
11
-0.017317
21
0.026318
31
0.030000
12
-0.017317
22
0.026318
32
-0.000000
0
3DFACE
62
254
10
-0.017294
20
0.026330
30
0.030000
11
-0.017317
21
0.026318
31
-0.000000
12
-0.017294
22
0.026330
32
-0.000000
0
3DFACE
62
254
10
-0.017272
20
0.026343
30
0.030000
11
-0.017294
21
0.026330
31
-0.000000
12
-0.017272
22
0.026343
32
-0.000000
0
3DFACE
62
254
10
-0.017272
20
0.026343
30
0.030000
11
-0.017272
21
0.026343
31
-0.000000
12
-0.017251
22
0.026357
32
-0.000000
0
3DFACE
62
254
10
-0.017272
20
0.026343
30
0.030000
11
-0.017294
21
0.026330
31
0.030000
12
-0.017294
22
0.026330
32
-0.000000
0
3DFACE
62
254
10
-0.017251
20
0.026357
30
0.030000
11
-0.017272
21
0.026343
31
0.030000
12
-0.017251
22
0.026357
32
-0.000000
0
3DFACE
62
254
10
-0.011449
20
0.029375
30
0.030000
11
-0.011555
21
0.029308
31
0.030000
12
-0.011555
22
0.029308
32
-0.000000
0
3DFACE
62
254
10
-0.011449
20
0.029375
30
0.030000
11
-0.011555
21
0.029308
31
-0.000000
12
-0.011449
22
0.029375
32
-0.000000
0
3DFACE
62
254
10
-0.011356
20
0.029457
30
0.030000
11
-0.011449
21
0.029375
31
-0.000000
12
-0.011356
22
0.029457
32
-0.000000
0
3DFACE
62
254
10
-0.011356
20
0.029457
30
0.030000
11
-0.011449
21
0.029375
31
0.030000
12
-0.011449
22
0.029375
32
-0.000000
0
3DFACE
62
254
10
-0.011278
20
0.029554
30
0.030000
11
-0.011356
21
0.029457
31
-0.000000
12
-0.011278
22
0.029554
32
-0.000000
0
3DFACE
62
254
10
-0.011278
20
0.029554
30
0.030000
11
-0.011356
21
0.029457
31
0.030000
12
-0.011356
22
0.029457
32
-0.000000
0
3DFACE
62
254
10
-0.011216
20
0.029662
30
0.030000
11
-0.011278
21
0.029554
31
-0.000000
12
-0.011216
22
0.029662
32
-0.000000
0
3DFACE
62
254
10
-0.011216
20
0.029662
30
0.030000
11
-0.011278
21
0.029554
31
0.030000
12
-0.011278
22
0.029554
32
-0.000000
0
3DFACE
62
254
10
-0.011173
20
0.029779
30
0.030000
11
-0.011216
21
0.029662
31
-0.000000
12
-0.011173
22
0.029779
32
-0.000000
0
3DFACE
62
254
10
-0.011173
20
0.029779
30
0.030000
11
-0.011173
21
0.029779
31
-0.000000
12
-0.011149
22
0.029902
32
-0.000000
0
3DFACE
62
254
10
-0.011173
20
0.029779
30
0.030000
11
-0.011216
21
0.029662
31
0.030000
12
-0.011216
22
0.029662
32
-0.000000
0
3DFACE
62
254
10
-0.011149
20
0.029902
30
0.030000
11
-0.011173
21
0.029779
31
0.030000
12
-0.011149
22
0.029902
32
-0.000000
0
3DFACE
62
254
10
-0.011146
20
0.030026
30
0.030000
11
-0.011149
21
0.029902
31
-0.000000
12
-0.011146
22
0.030026
32
-0.000000
0
3DFACE
62
254
10
-0.011146
20
0.030026
30
0.030000
11
-0.011149
21
0.029902
31
0.030000
12
-0.011149
22
0.029902
32
-0.000000
0
3DFACE
62
254
10
-0.011163
20
0.030149
30
0.030000
11
-0.011146
21
0.030026
31
-0.000000
12
-0.011163
22
0.030149
32
-0.000000
0
3DFACE
62
254
10
-0.011163
20
0.030149
30
0.030000
11
-0.011146
21
0.030026
31
0.030000
12
-0.011146
22
0.030026
32
-0.000000
0
3DFACE
62
254
10
-0.005739
20
0.031050
30
0.030000
11
-0.005843
21
0.030985
31
0.030000
12
-0.005843
22
0.030985
32
-0.000000
0
3DFACE
62
254
10
-0.005739
20
0.031050
30
0.030000
11
-0.005843
21
0.030985
31
-0.000000
12
-0.005739
22
0.031050
32
-0.000000
0
3DFACE
62
254
10
-0.005647
20
0.031131
30
0.030000
11
-0.005739
21
0.031050
31
-0.000000
12
-0.005647
22
0.031131
32
-0.000000
0
3DFACE
62
254
10
-0.005647
20
0.031131
30
0.030000
11
-0.005739
21
0.031050
31
0.030000
12
-0.005739
22
0.031050
32
-0.000000
0
3DFACE
62
254
10
-0.005569
20
0.031225
30
0.030000
11
-0.005647
21
0.031131
31
-0.000000
12
-0.005569
22
0.031225
32
-0.000000
0
3DFACE
62
254
10
-0.005569
20
0.031225
30
0.030000
11
-0.005647
21
0.031131
31
0.030000
12
-0.005647
22
0.031131
32
-0.000000
0
3DFACE
62
254
10
-0.005508
20
0.031331
30
0.030000
11
-0.005569
21
0.031225
31
-0.000000
12
-0.005508
22
0.031331
32
-0.000000
0
3DFACE
62
254
10
-0.005508
20
0.031331
30
0.030000
11
-0.005569
21
0.031225
31
0.030000
12
-0.005569
22
0.031225
32
-0.000000
0
3DFACE
62
254
10
-0.005464
20
0.031445
30
0.030000
11
-0.005508
21
0.031331
31
-0.000000
12
-0.005464
22
0.031445
32
-0.000000
0
3DFACE
62
254
10
-0.005464
20
0.031445
30
0.030000
11
-0.005464
21
0.031445
31
-0.000000
12
-0.005439
22
0.031565
32
-0.000000
0
3DFACE
62
254
10
-0.005464
20
0.031445
30
0.030000
11
-0.005508
21
0.031331
31
0.030000
12
-0.005508
22
0.031331
32
-0.000000
0
3DFACE
62
254
10
-0.005439
20
0.031565
30
0.030000
11
-0.005439
21
0.031565
31
-0.000000
12
-0.005433
22
0.031687
32
-0.000000
0
3DFACE
62
254
10
-0.005439
20
0.031565
30
0.030000
11
-0.005464
21
0.031445
31
0.030000
12
-0.005439
22
0.031565
32
-0.000000
0
3DFACE
62
254
10
-0.005433
20
0.031687
30
0.030000
11
-0.005439
21
0.031565
31
0.030000
12
-0.005433
22
0.031687
32
-0.000000
0
3DFACE
62
254
10
0.000181
20
0.031647
30
0.030000
11
0.000080
21
0.031584
31
0.030000
12
0.000080
22
0.031584
32
-0.000000
0
3DFACE
62
254
10
0.000181
20
0.031647
30
0.030000
11
0.000080
21
0.031584
31
-0.000000
12
0.000181
22
0.031647
32
-0.000000
0
3DFACE
62
254
10
0.000272
20
0.031726
30
0.030000
11
0.000181
21
0.031647
31
-0.000000
12
0.000272
22
0.031726
32
-0.000000
0
3DFACE
62
254
10
0.000272
20
0.031726
30
0.030000
11
0.000181
21
0.031647
31
0.030000
12
0.000181
22
0.031647
32
-0.000000
0
3DFACE
62
254
10
0.000348
20
0.031817
30
0.030000
11
0.000272
21
0.031726
31
-0.000000
12
0.000348
22
0.031817
32
-0.000000
0
3DFACE
62
254
10
0.000348
20
0.031817
30
0.030000
11
0.000272
21
0.031726
31
0.030000
12
0.000272
22
0.031726
32
-0.000000
0
3DFACE
62
254
10
0.000410
20
0.031919
30
0.030000
11
0.000348
21
0.031817
31
-0.000000
12
0.000410
22
0.031919
32
-0.000000
0
3DFACE
62
254
10
0.000410
20
0.031919
30
0.030000
11
0.000410
21
0.031919
31
-0.000000
12
0.000455
22
0.032030
32
-0.000000
0
3DFACE
62
254
10
0.000410
20
0.031919
30
0.030000
11
0.000348
21
0.031817
31
0.030000
12
0.000348
22
0.031817
32
-0.000000
0
3DFACE
62
254
10
0.000455
20
0.032030
30
0.030000
11
0.000410
21
0.031919
31
0.030000
12
0.000455
22
0.032030
32
-0.000000
0
3DFACE
62
254
10
0.000482
20
0.032146
30
0.030000
11
0.000455
21
0.032030
31
-0.000000
12
0.000482
22
0.032146
32
-0.000000
0
3DFACE
62
254
10
0.000482
20
0.032146
30
0.030000
11
0.000455
21
0.032030
31
0.030000
12
0.000455
22
0.032030
32
-0.000000
0
3DFACE
62
254
10
0.006110
20
0.031145
30
0.030000
11
0.006012
21
0.031085
31
0.030000
12
0.006012
22
0.031085
32
-0.000000
0
3DFACE
62
254
10
0.006110
20
0.031145
30
0.030000
11
0.006012
21
0.031085
31
-0.000000
12
0.006110
22
0.031145
32
-0.000000
0
3DFACE
62
254
10
0.006198
20
0.031220
30
0.030000
11
0.006110
21
0.031145
31
-0.000000
12
0.006198
22
0.031220
32
-0.000000
0
3DFACE
62
254
10
0.006198
20
0.031220
30
0.030000
11
0.006110
21
0.031145
31
0.030000
12
0.006110
22
0.031145
32
-0.000000
0
3DFACE
62
254
10
0.006273
20
0.031307
30
0.030000
11
0.006198
21
0.031220
31
-0.000000
12
0.006273
22
0.031307
32
-0.000000
0
3DFACE
62
254
10
0.006273
20
0.031307
30
0.030000
11
0.006198
21
0.031220
31
0.030000
12
0.006198
22
0.031220
32
-0.000000
0
3DFACE
62
254
10
0.006334
20
0.031405
30
0.030000
11
0.006273
21
0.031307
31
-0.000000
12
0.006334
22
0.031405
32
-0.000000
0
3DFACE
62
254
10
0.006334
20
0.031405
30
0.030000
11
0.006273
21
0.031307
31
0.030000
12
0.006273
22
0.031307
32
-0.000000
0
3DFACE
62
254
10
0.006380
20
0.031510
30
0.030000
11
0.006334
21
0.031405
31
-0.000000
12
0.006380
22
0.031510
32
-0.000000
0
3DFACE
62
254
10
0.006380
20
0.031510
30
0.030000
11
0.006334
21
0.031405
31
0.030000
12
0.006334
22
0.031405
32
-0.000000
0
3DFACE
62
254
10
0.011844
20
0.029560
30
0.030000
11
0.011752
21
0.029503
31
0.030000
12
0.011752
22
0.029503
32
-0.000000
0
3DFACE
62
254
10
0.011844
20
0.029560
30
0.030000
11
0.011752
21
0.029503
31
-0.000000
12
0.011844
22
0.029560
32
-0.000000
0
3DFACE
62
254
10
0.011928
20
0.029630
30
0.030000
11
0.011844
21
0.029560
31
-0.000000
12
0.011928
22
0.029630
32
-0.000000
0
3DFACE
62
254
10
0.011928
20
0.029630
30
0.030000
11
0.011844
21
0.029560
31
0.030000
12
0.011844
22
0.029560
32
-0.000000
0
3DFACE
62
254
10
0.012001
20
0.029711
30
0.030000
11
0.011928
21
0.029630
31
-0.000000
12
0.012001
22
0.029711
32
-0.000000
0
3DFACE
62
254
10
0.012001
20
0.029711
30
0.030000
11
0.011928
21
0.029630
31
0.030000
12
0.011928
22
0.029630
32
-0.000000
0
3DFACE
62
254
10
0.012062
20
0.029801
30
0.030000
11
0.012001
21
0.029711
31
-0.000000
12
0.012062
22
0.029801
32
-0.000000
0
3DFACE
62
254
10
0.012062
20
0.029801
30
0.030000
11
0.012001
21
0.029711
31
0.030000
12
0.012001
22
0.029711
32
-0.000000
0
3DFACE
62
254
10
0.017187
20
0.026946
30
0.030000
11
0.017103
21
0.026895
31
0.030000
12
0.017103
22
0.026895
32
-0.000000
0
3DFACE
62
254
10
0.017187
20
0.026946
30
0.030000
11
0.017103
21
0.026895
31
-0.000000
12
0.017187
22
0.026946
32
-0.000000
0
3DFACE
62
254
10
0.017264
20
0.027007
30
0.030000
11
0.017187
21
0.026946
31
-0.000000
12
0.017264
22
0.027007
32
-0.000000
0
3DFACE
62
254
10
0.017264
20
0.027007
30
0.030000
11
0.017187
21
0.026946
31
0.030000
12
0.017187
22
0.026946
32
-0.000000
0
3DFACE
62
254
10
0.017332
20
0.027078
30
0.030000
11
0.017264
21
0.027007
31
-0.000000
12
0.017332
22
0.027078
32
-0.000000
0
3DFACE
62
254
10
0.017332
20
0.027078
30
0.030000
11
0.017264
21
0.027007
31
0.030000
12
0.017264
22
0.027007
32
-0.000000
0
3DFACE
62
254
10
0.021928
20
0.023372
30
0.030000
11
0.021883
21
0.023347
31
0.030000
12
0.021883
22
0.023347
32
-0.000000
0
3DFACE
62
254
10
0.021928
20
0.023372
30
0.030000
11
0.021883
21
0.023347
31
-0.000000
12
0.021928
22
0.023372
32
-0.000000
0
3DFACE
62
254
10
0.021972
20
0.023401
30
0.030000
11
0.021928
21
0.023372
31
-0.000000
12
0.021972
22
0.023401
32
-0.000000
0
3DFACE
62
254
10
0.021972
20
0.023401
30
0.030000
11
0.021972
21
0.023401
31
-0.000000
12
0.022013
22
0.023432
32
-0.000000
0
3DFACE
62
254
10
0.021972
20
0.023401
30
0.030000
11
0.021928
21
0.023372
31
0.030000
12
0.021928
22
0.023372
32
-0.000000
0
3DFACE
62
254
10
0.022013
20
0.023432
30
0.030000
11
0.021972
21
0.023401
31
0.030000
12
0.022013
22
0.023432
32
-0.000000
0
3DFACE
62
254
10
0.025935
20
0.018983
30
0.030000
11
0.025931
21
0.018981
31
0.030000
12
0.025931
22
0.018981
32
-0.000000
0
3DFACE
62
254
10
0.025935
20
0.018983
30
0.030000
11
0.025931
21
0.018981
31
-0.000000
12
0.025935
22
0.018983
32
-0.000000
0
3DFACE
62
254
10
0.025939
20
0.018986
30
0.030000
11
0.025935
21
0.018983
31
-0.000000
12
0.025939
22
0.018986
32
-0.000000
0
3DFACE
62
254
10
0.025939
20
0.018986
30
0.030000
11
0.025935
21
0.018983
31
0.030000
12
0.025935
22
0.018983
32
-0.000000
0
3DFACE
62
254
10
0.025943
20
0.018988
30
0.030000
11
0.025939
21
0.018986
31
-0.000000
12
0.025943
22
0.018988
32
-0.000000
0
3DFACE
62
254
10
0.025943
20
0.018988
30
0.030000
11
0.025939
21
0.018986
31
0.030000
12
0.025939
22
0.018986
32
-0.000000
0
3DFACE
62
254
10
-0.017025
20
0.031720
30
-0.000000
11
-0.017244
21
0.031601
31
0.030000
12
-0.017025
22
0.031720
32
0.030000
0
3DFACE
62
254
10
-0.017025
20
0.031720
30
-0.000000
11
-0.017244
21
0.031601
31
-0.000000
12
-0.017244
22
0.031601
32
0.030000
0
3DFACE
62
254
10
-0.016805
20
0.031837
30
-0.000000
11
-0.017025
21
0.031720
31
0.030000
12
-0.016805
22
0.031837
32
0.030000
0
3DFACE
62
254
10
-0.016805
20
0.031837
30
-0.000000
11
-0.017025
21
0.031720
31
-0.000000
12
-0.017025
22
0.031720
32
0.030000
0
3DFACE
62
254
10
-0.016584
20
0.031953
30
-0.000000
11
-0.016805
21
0.031837
31
0.030000
12
-0.016584
22
0.031953
32
0.030000
0
3DFACE
62
254
10
-0.016584
20
0.031953
30
-0.000000
11
-0.016805
21
0.031837
31
-0.000000
12
-0.016805
22
0.031837
32
0.030000
0
3DFACE
62
254
10
0.035114
20
0.007938
30
-0.000000
11
0.035114
21
0.007938
31
0.030000
12
0.035221
22
0.007451
32
0.030000
0
3DFACE
62
254
10
0.035221
20
0.007451
30
-0.000000
11
0.035114
21
0.007938
31
-0.000000
12
0.035221
22
0.007451
32
0.030000
0
3DFACE
62
254
10
0.035320
20
0.006963
30
-0.000000
11
0.035221
21
0.007451
31
0.030000
12
0.035320
22
0.006963
32
0.030000
0
3DFACE
62
254
10
0.035320
20
0.006963
30
-0.000000
11
0.035221
21
0.007451
31
-0.000000
12
0.035221
22
0.007451
32
0.030000
0
3DFACE
62
254
10
0.035413
20
0.006473
30
-0.000000
11
0.035320
21
0.006963
31
0.030000
12
0.035413
22
0.006473
32
0.030000
0
3DFACE
62
254
10
0.035413
20
0.006473
30
-0.000000
11
0.035320
21
0.006963
31
-0.000000
12
0.035320
22
0.006963
32
0.030000
0
3DFACE
62
254
10
0.035975
20
0.001350
30
-0.000000
11
0.035975
21
0.001350
31
0.030000
12
0.035990
22
0.000852
32
0.030000
0
3DFACE
62
254
10
0.035990
20
0.000852
30
-0.000000
11
0.035975
21
0.001350
31
-0.000000
12
0.035990
22
0.000852
32
0.030000
0
3DFACE
62
254
10
0.035998
20
0.000354
30
-0.000000
11
0.035990
21
0.000852
31
0.030000
12
0.035998
22
0.000354
32
0.030000
0
3DFACE
62
254
10
0.035998
20
0.000354
30
-0.000000
11
0.035990
21
0.000852
31
-0.000000
12
0.035990
22
0.000852
32
0.030000
0
3DFACE
62
254
10
0.036000
20
-0.000144
30
-0.000000
11
0.035998
21
0.000354
31
0.030000
12
0.036000
22
-0.000144
32
0.030000
0
3DFACE
62
254
10
0.036000
20
-0.000144
30
-0.000000
11
0.035998
21
0.000354
31
-0.000000
12
0.035998
22
0.000354
32
0.030000
0
3DFACE
62
254
10
0.035610
20
-0.005283
30
-0.000000
11
0.035610
21
-0.005283
31
0.030000
12
0.035534
22
-0.005775
32
0.030000
0
3DFACE
62
254
10
0.035534
20
-0.005775
30
-0.000000
11
0.035610
21
-0.005283
31
-0.000000
12
0.035534
22
-0.005775
32
0.030000
0
3DFACE
62
254
10
0.035450
20
-0.006267
30
-0.000000
11
0.035534
21
-0.005775
31
0.030000
12
0.035450
22
-0.006267
32
0.030000
0
3DFACE
62
254
10
0.035450
20
-0.006267
30
-0.000000
11
0.035534
21
-0.005775
31
-0.000000
12
0.035534
22
-0.005775
32
0.030000
0
3DFACE
62
254
10
0.035360
20
-0.006757
30
-0.000000
11
0.035450
21
-0.006267
31
0.030000
12
0.035360
22
-0.006757
32
0.030000
0
3DFACE
62
254
10
0.035360
20
-0.006757
30
-0.000000
11
0.035450
21
-0.006267
31
-0.000000
12
0.035450
22
-0.006267
32
0.030000
0
3DFACE
62
254
10
0.034033
20
-0.011736
30
0.000000
11
0.034033
21
-0.011736
31
0.030000
12
0.033867
22
-0.012206
32
0.030000
0
3DFACE
62
254
10
0.033867
20
-0.012206
30
0.000000
11
0.034033
21
-0.011736
31
0.000000
12
0.033867
22
-0.012206
32
0.030000
0
3DFACE
62
254
10
0.033695
20
-0.012674
30
0.000000
11
0.033867
21
-0.012206
31
0.030000
12
0.033695
22
-0.012674
32
0.030000
0
3DFACE
62
254
10
0.033695
20
-0.012674
30
0.000000
11
0.033867
21
-0.012206
31
0.000000
12
0.033867
22
-0.012206
32
0.030000
0
3DFACE
62
254
10
0.033517
20
-0.013139
30
0.000000
11
0.033695
21
-0.012674
31
0.030000
12
0.033517
22
-0.013139
32
0.030000
0
3DFACE
62
254
10
0.033517
20
-0.013139
30
0.000000
11
0.033695
21
-0.012674
31
0.000000
12
0.033695
22
-0.012674
32
0.030000
0
3DFACE
62
254
10
0.031297
20
-0.017790
30
0.000000
11
0.031297
21
-0.017790
31
0.030000
12
0.031048
22
-0.018222
32
0.030000
0
3DFACE
62
254
10
0.031048
20
-0.018222
30
0.000000
11
0.031297
21
-0.017790
31
0.000000
12
0.031048
22
-0.018222
32
0.030000
0
3DFACE
62
254
10
0.030793
20
-0.018650
30
0.000000
11
0.031048
21
-0.018222
31
0.030000
12
0.030793
22
-0.018650
32
0.030000
0
3DFACE
62
254
10
0.030793
20
-0.018650
30
0.000000
11
0.031048
21
-0.018222
31
0.000000
12
0.031048
22
-0.018222
32
0.030000
0
3DFACE
62
254
10
0.030532
20
-0.019074
30
0.000000
11
0.030793
21
-0.018650
31
0.030000
12
0.030532
22
-0.019074
32
0.030000
0
3DFACE
62
254
10
0.030532
20
-0.019074
30
0.000000
11
0.030793
21
-0.018650
31
0.000000
12
0.030793
22
-0.018650
32
0.030000
0
3DFACE
62
254
10
0.027495
20
-0.023238
30
0.000000
11
0.027495
21
-0.023238
31
0.030000
12
0.027171
22
-0.023616
32
0.030000
0
3DFACE
62
254
10
0.027171
20
-0.023616
30
0.000000
11
0.027495
21
-0.023238
31
0.000000
12
0.027171
22
-0.023616
32
0.030000
0
3DFACE
62
254
10
0.026841
20
-0.023990
30
0.000000
11
0.027171
21
-0.023616
31
0.030000
12
0.026841
22
-0.023990
32
0.030000
0
3DFACE
62
254
10
0.026841
20
-0.023990
30
0.000000
11
0.027171
21
-0.023616
31
0.000000
12
0.027171
22
-0.023616
32
0.030000
0
3DFACE
62
254
10
0.026507
20
-0.024360
30
0.000000
11
0.026841
21
-0.023990
31
0.030000
12
0.026507
22
-0.024360
32
0.030000
0
3DFACE
62
254
10
0.026507
20
-0.024360
30
0.000000
11
0.026841
21
-0.023990
31
0.000000
12
0.026841
22
-0.023990
32
0.030000
0
3DFACE
62
254
10
0.022757
20
-0.027895
30
0.000000
11
0.022757
21
-0.027895
31
0.030000
12
0.022369
22
-0.028207
32
0.030000
0
3DFACE
62
254
10
0.022369
20
-0.028207
30
0.000000
11
0.022757
21
-0.027895
31
0.000000
12
0.022369
22
-0.028207
32
0.030000
0
3DFACE
62
254
10
0.021976
20
-0.028514
30
0.000000
11
0.022369
21
-0.028207
31
0.030000
12
0.021976
22
-0.028514
32
0.030000
0
3DFACE
62
254
10
0.021976
20
-0.028514
30
0.000000
11
0.022369
21
-0.028207
31
0.000000
12
0.022369
22
-0.028207
32
0.030000
0
3DFACE
62
254
10
0.021579
20
-0.028815
30
0.000000
11
0.021976
21
-0.028514
31
0.030000
12
0.021579
22
-0.028815
32
0.030000
0
3DFACE
62
254
10
0.021579
20
-0.028815
30
0.000000
11
0.021976
21
-0.028514
31
0.000000
12
0.021976
22
-0.028514
32
0.030000
0
3DFACE
62
254
10
0.017244
20
-0.031601
30
0.000000
11
0.017244
21
-0.031601
31
0.030000
12
0.016805
22
-0.031837
32
0.030000
0
3DFACE
62
254
10
0.016805
20
-0.031837
30
0.000000
11
0.017244
21
-0.031601
31
0.000000
12
0.016805
22
-0.031837
32
0.030000
0
3DFACE
62
254
10
0.016363
20
-0.032067
30
0.000000
11
0.016805
21
-0.031837
31
0.030000
12
0.016363
22
-0.032067
32
0.030000
0
3DFACE
62
254
10
0.016363
20
-0.032067
30
0.000000
11
0.016805
21
-0.031837
31
0.000000
12
0.016805
22
-0.031837
32
0.030000
0
3DFACE
62
254
10
0.015917
20
-0.032290
30
0.000000
11
0.016363
21
-0.032067
31
0.030000
12
0.015917
22
-0.032290
32
0.030000
0
3DFACE
62
254
10
0.015917
20
-0.032290
30
0.000000
11
0.016363
21
-0.032067
31
0.000000
12
0.016363
22
-0.032067
32
0.030000
0
3DFACE
62
254
10
0.011144
20
-0.034232
30
0.000000
11
0.011144
21
-0.034232
31
0.030000
12
0.010669
22
-0.034383
32
0.030000
0
3DFACE
62
254
10
0.010669
20
-0.034383
30
0.000000
11
0.011144
21
-0.034232
31
0.000000
12
0.010669
22
-0.034383
32
0.030000
0
3DFACE
62
254
10
0.010192
20
-0.034527
30
0.000000
11
0.010669
21
-0.034383
31
0.030000
12
0.010192
22
-0.034527
32
0.030000
0
3DFACE
62
254
10
0.010192
20
-0.034527
30
0.000000
11
0.010669
21
-0.034383
31
0.000000
12
0.010669
22
-0.034383
32
0.030000
0
3DFACE
62
254
10
0.009713
20
-0.034665
30
0.000000
11
0.010192
21
-0.034527
31
0.030000
12
0.009713
22
-0.034665
32
0.030000
0
3DFACE
62
254
10
0.009713
20
-0.034665
30
0.000000
11
0.010192
21
-0.034527
31
0.000000
12
0.010192
22
-0.034527
32
0.030000
0
3DFACE
62
254
10
0.004664
20
-0.035697
30
0.000000
11
0.004664
21
-0.035697
31
0.030000
12
0.004169
22
-0.035758
32
0.030000
0
3DFACE
62
254
10
0.004169
20
-0.035758
30
0.000000
11
0.004664
21
-0.035697
31
0.000000
12
0.004169
22
-0.035758
32
0.030000
0
3DFACE
62
254
10
0.003674
20
-0.035812
30
0.000000
11
0.004169
21
-0.035758
31
0.030000
12
0.003674
22
-0.035812
32
0.030000
0
3DFACE
62
254
10
0.003674
20
-0.035812
30
0.000000
11
0.004169
21
-0.035758
31
0.000000
12
0.004169
22
-0.035758
32
0.030000
0
3DFACE
62
254
10
0.003178
20
-0.035859
30
0.000000
11
0.003674
21
-0.035812
31
0.030000
12
0.003178
22
-0.035859
32
0.030000
0
3DFACE
62
254
10
0.003178
20
-0.035859
30
0.000000
11
0.003674
21
-0.035812
31
0.000000
12
0.003674
22
-0.035812
32
0.030000
0
3DFACE
62
254
10
-0.001975
20
-0.035946
30
0.000000
11
-0.001975
21
-0.035946
31
0.030000
12
-0.002472
22
-0.035915
32
0.030000
0
3DFACE
62
254
10
-0.002472
20
-0.035915
30
0.000000
11
-0.001975
21
-0.035946
31
0.000000
12
-0.002472
22
-0.035915
32
0.030000
0
3DFACE
62
254
10
-0.002969
20
-0.035877
30
0.000000
11
-0.002472
21
-0.035915
31
0.030000
12
-0.002969
22
-0.035877
32
0.030000
0
3DFACE
62
254
10
-0.002969
20
-0.035877
30
0.000000
11
-0.002472
21
-0.035915
31
0.000000
12
-0.002472
22
-0.035915
32
0.030000
0
3DFACE
62
254
10
-0.003465
20
-0.035833
30
0.000000
11
-0.002969
21
-0.035877
31
0.030000
12
-0.003465
22
-0.035833
32
0.030000
0
3DFACE
62
254
10
-0.003465
20
-0.035833
30
0.000000
11
-0.002969
21
-0.035877
31
0.000000
12
-0.002969
22
-0.035877
32
0.030000
0
3DFACE
62
254
10
-0.008546
20
-0.034971
30
0.000000
11
-0.008546
21
-0.034971
31
0.030000
12
-0.009029
22
-0.034849
32
0.030000
0
3DFACE
62
254
10
-0.009029
20
-0.034849
30
0.000000
11
-0.008546
21
-0.034971
31
0.000000
12
-0.009029
22
-0.034849
32
0.030000
0
3DFACE
62
254
10
-0.009511
20
-0.034721
30
0.000000
11
-0.009029
21
-0.034849
31
0.030000
12
-0.009511
22
-0.034721
32
0.030000
0
3DFACE
62
254
10
-0.009511
20
-0.034721
30
0.000000
11
-0.009029
21
-0.034849
31
0.000000
12
-0.009029
22
-0.034849
32
0.030000
0
3DFACE
62
254
10
-0.009991
20
-0.034586
30
0.000000
11
-0.009511
21
-0.034721
31
0.030000
12
-0.009991
22
-0.034586
32
0.030000
0
3DFACE
62
254
10
-0.009991
20
-0.034586
30
0.000000
11
-0.009511
21
-0.034721
31
0.000000
12
-0.009511
22
-0.034721
32
0.030000
0
3DFACE
62
254
10
-0.014826
20
-0.032805
30
0.000000
11
-0.014826
21
-0.032805
31
0.030000
12
-0.015279
22
-0.032597
32
0.030000
0
3DFACE
62
254
10
-0.015279
20
-0.032597
30
0.000000
11
-0.014826
21
-0.032805
31
0.000000
12
-0.015279
22
-0.032597
32
0.030000
0
3DFACE
62
254
10
-0.015729
20
-0.032382
30
0.000000
11
-0.015279
21
-0.032597
31
0.030000
12
-0.015729
22
-0.032382
32
0.030000
0
3DFACE
62
254
10
-0.015729
20
-0.032382
30
0.000000
11
-0.015279
21
-0.032597
31
0.000000
12
-0.015279
22
-0.032597
32
0.030000
0
3DFACE
62
254
10
-0.016176
20
-0.032161
30
0.000000
11
-0.015729
21
-0.032382
31
0.030000
12
-0.016176
22
-0.032161
32
0.030000
0
3DFACE
62
254
10
-0.016176
20
-0.032161
30
0.000000
11
-0.015729
21
-0.032382
31
0.000000
12
-0.015729
22
-0.032382
32
0.030000
0
3DFACE
62
254
10
-0.020602
20
-0.029522
30
0.000000
11
-0.020602
21
-0.029522
31
0.030000
12
-0.021009
22
-0.029234
32
0.030000
0
3DFACE
62
254
10
-0.021009
20
-0.029234
30
0.000000
11
-0.020602
21
-0.029522
31
0.000000
12
-0.021009
22
-0.029234
32
0.030000
0
3DFACE
62
254
10
-0.021411
20
-0.028941
30
0.000000
11
-0.021009
21
-0.029234
31
0.030000
12
-0.021411
22
-0.028941
32
0.030000
0
3DFACE
62
254
10
-0.021411
20
-0.028941
30
0.000000
11
-0.021009
21
-0.029234
31
0.000000
12
-0.021009
22
-0.029234
32
0.030000
0
3DFACE
62
254
10
-0.021810
20
-0.028641
30
0.000000
11
-0.021411
21
-0.028941
31
0.030000
12
-0.021810
22
-0.028641
32
0.030000
0
3DFACE
62
254
10
-0.021810
20
-0.028641
30
0.000000
11
-0.021411
21
-0.028941
31
0.000000
12
-0.021411
22
-0.028941
32
0.030000
0
3DFACE
62
254
10
-0.025676
20
-0.025234
30
0.000000
11
-0.025676
21
-0.025234
31
0.030000
12
-0.026023
22
-0.024876
32
0.030000
0
3DFACE
62
254
10
-0.026023
20
-0.024876
30
0.000000
11
-0.025676
21
-0.025234
31
0.000000
12
-0.026023
22
-0.024876
32
0.030000
0
3DFACE
62
254
10
-0.026365
20
-0.024513
30
0.000000
11
-0.026023
21
-0.024876
31
0.030000
12
-0.026365
22
-0.024513
32
0.030000
0
3DFACE
62
254
10
-0.026365
20
-0.024513
30
0.000000
11
-0.026023
21
-0.024876
31
0.000000
12
-0.026023
22
-0.024876
32
0.030000
0
3DFACE
62
254
10
-0.026701
20
-0.024146
30
0.000000
11
-0.026365
21
-0.024513
31
0.030000
12
-0.026701
22
-0.024146
32
0.030000
0
3DFACE
62
254
10
-0.026701
20
-0.024146
30
0.000000
11
-0.026365
21
-0.024513
31
0.000000
12
-0.026365
22
-0.024513
32
0.030000
0
3DFACE
62
254
10
-0.029875
20
-0.020086
30
0.000000
11
-0.029875
21
-0.020086
31
0.030000
12
-0.030151
22
-0.019671
32
0.030000
0
3DFACE
62
254
10
-0.030151
20
-0.019671
30
0.000000
11
-0.029875
21
-0.020086
31
0.000000
12
-0.030151
22
-0.019671
32
0.030000
0
3DFACE
62
254
10
-0.030420
20
-0.019252
30
0.000000
11
-0.030420
21
-0.019252
31
0.030000
12
-0.030684
22
-0.018829
32
0.030000
0
3DFACE
62
254
10
-0.030420
20
-0.019252
30
0.000000
11
-0.030151
21
-0.019671
31
0.030000
12
-0.030420
22
-0.019252
32
0.030000
0
3DFACE
62
254
10
-0.030420
20
-0.019252
30
0.000000
11
-0.030151
21
-0.019671
31
0.000000
12
-0.030151
22
-0.019671
32
0.030000
0
3DFACE
62
254
10
-0.030684
20
-0.018829
30
0.000000
11
-0.030420
21
-0.019252
31
0.000000
12
-0.030684
22
-0.018829
32
0.030000
0
3DFACE
62
254
10
-0.033058
20
-0.014255
30
0.000000
11
-0.033058
21
-0.014255
31
0.030000
12
-0.033252
22
-0.013796
32
0.030000
0
3DFACE
62
254
10
-0.033252
20
-0.013796
30
0.000000
11
-0.033058
21
-0.014255
31
0.000000
12
-0.033252
22
-0.013796
32
0.030000
0
3DFACE
62
254
10
-0.033440
20
-0.013334
30
0.000000
11
-0.033252
21
-0.013796
31
0.030000
12
-0.033440
22
-0.013334
32
0.030000
0
3DFACE
62
254
10
-0.033440
20
-0.013334
30
0.000000
11
-0.033252
21
-0.013796
31
0.000000
12
-0.033252
22
-0.013796
32
0.030000
0
3DFACE
62
254
10
-0.033621
20
-0.012870
30
0.000000
11
-0.033440
21
-0.013334
31
0.030000
12
-0.033621
22
-0.012870
32
0.030000
0
3DFACE
62
254
10
-0.033621
20
-0.012870
30
0.000000
11
-0.033440
21
-0.013334
31
0.000000
12
-0.033440
22
-0.013334
32
0.030000
0
3DFACE
62
254
10
-0.035114
20
-0.007938
30
0.000000
11
-0.035114
21
-0.007938
31
0.030000
12
-0.035221
22
-0.007451
32
0.030000
0
3DFACE
62
254
10
-0.035221
20
-0.007451
30
0.000000
11
-0.035114
21
-0.007938
31
0.000000
12
-0.035221
22
-0.007451
32
0.030000
0
3DFACE
62
254
10
-0.035320
20
-0.006963
30
0.000000
11
-0.035221
21
-0.007451
31
0.030000
12
-0.035320
22
-0.006963
32
0.030000
0
3DFACE
62
254
10
-0.035320
20
-0.006963
30
0.000000
11
-0.035221
21
-0.007451
31
0.000000
12
-0.035221
22
-0.007451
32
0.030000
0
3DFACE
62
254
10
-0.035413
20
-0.006473
30
0.000000
11
-0.035320
21
-0.006963
31
0.030000
12
-0.035413
22
-0.006473
32
0.030000
0
3DFACE
62
254
10
-0.035413
20
-0.006473
30
0.000000
11
-0.035320
21
-0.006963
31
0.000000
12
-0.035320
22
-0.006963
32
0.030000
0
3DFACE
62
254
10
-0.035975
20
-0.001350
30
0.000000
11
-0.035975
21
-0.001350
31
0.030000
12
-0.035990
22
-0.000852
32
0.030000
0
3DFACE
62
254
10
-0.035990
20
-0.000852
30
0.000000
11
-0.035975
21
-0.001350
31
0.000000
12
-0.035990
22
-0.000852
32
0.030000
0
3DFACE
62
254
10
-0.035998
20
-0.000354
30
0.000000
11
-0.035990
21
-0.000852
31
0.030000
12
-0.035998
22
-0.000354
32
0.030000
0
3DFACE
62
254
10
-0.035998
20
-0.000354
30
0.000000
11
-0.035990
21
-0.000852
31
0.000000
12
-0.035990
22
-0.000852
32
0.030000
0
3DFACE
62
254
10
-0.036000
20
0.000144
30
0.000000
11
-0.035998
21
-0.000354
31
0.030000
12
-0.036000
22
0.000144
32
0.030000
0
3DFACE
62
254
10
-0.036000
20
0.000144
30
0.000000
11
-0.035998
21
-0.000354
31
0.000000
12
-0.035998
22
-0.000354
32
0.030000
0
3DFACE
62
254
10
-0.035610
20
0.005283
30
0.000000
11
-0.035610
21
0.005283
31
0.030000
12
-0.035534
22
0.005775
32
0.030000
0
3DFACE
62
254
10
-0.035534
20
0.005775
30
0.000000
11
-0.035610
21
0.005283
31
0.000000
12
-0.035534
22
0.005775
32
0.030000
0
3DFACE
62
254
10
-0.035450
20
0.006267
30
0.000000
11
-0.035534
21
0.005775
31
0.030000
12
-0.035450
22
0.006267
32
0.030000
0
3DFACE
62
254
10
-0.035450
20
0.006267
30
0.000000
11
-0.035534
21
0.005775
31
0.000000
12
-0.035534
22
0.005775
32
0.030000
0
3DFACE
62
254
10
-0.035360
20
0.006757
30
0.000000
11
-0.035450
21
0.006267
31
0.030000
12
-0.035360
22
0.006757
32
0.030000
0
3DFACE
62
254
10
-0.035360
20
0.006757
30
0.000000
11
-0.035450
21
0.006267
31
0.000000
12
-0.035450
22
0.006267
32
0.030000
0
3DFACE
62
254
10
-0.034033
20
0.011736
30
-0.000000
11
-0.034033
21
0.011736
31
0.030000
12
-0.033867
22
0.012206
32
0.030000
0
3DFACE
62
254
10
-0.033867
20
0.012206
30
-0.000000
11
-0.034033
21
0.011736
31
-0.000000
12
-0.033867
22
0.012206
32
0.030000
0
3DFACE
62
254
10
-0.033695
20
0.012674
30
-0.000000
11
-0.033867
21
0.012206
31
0.030000
12
-0.033695
22
0.012674
32
0.030000
0
3DFACE
62
254
10
-0.033695
20
0.012674
30
-0.000000
11
-0.033867
21
0.012206
31
-0.000000
12
-0.033867
22
0.012206
32
0.030000
0
3DFACE
62
254
10
-0.033517
20
0.013139
30
-0.000000
11
-0.033695
21
0.012674
31
0.030000
12
-0.033517
22
0.013139
32
0.030000
0
3DFACE
62
254
10
-0.033517
20
0.013139
30
-0.000000
11
-0.033695
21
0.012674
31
-0.000000
12
-0.033695
22
0.012674
32
0.030000
0
3DFACE
62
254
10
-0.031297
20
0.017790
30
-0.000000
11
-0.031297
21
0.017790
31
0.030000
12
-0.031048
22
0.018222
32
0.030000
0
3DFACE
62
254
10
-0.031048
20
0.018222
30
-0.000000
11
-0.031297
21
0.017790
31
-0.000000
12
-0.031048
22
0.018222
32
0.030000
0
3DFACE
62
254
10
-0.030793
20
0.018650
30
-0.000000
11
-0.031048
21
0.018222
31
0.030000
12
-0.030793
22
0.018650
32
0.030000
0
3DFACE
62
254
10
-0.030793
20
0.018650
30
-0.000000
11
-0.031048
21
0.018222
31
-0.000000
12
-0.031048
22
0.018222
32
0.030000
0
3DFACE
62
254
10
-0.030532
20
0.019074
30
-0.000000
11
-0.030793
21
0.018650
31
0.030000
12
-0.030532
22
0.019074
32
0.030000
0
3DFACE
62
254
10
-0.030532
20
0.019074
30
-0.000000
11
-0.030793
21
0.018650
31
-0.000000
12
-0.030793
22
0.018650
32
0.030000
0
3DFACE
62
254
10
-0.027495
20
0.023238
30
-0.000000
11
-0.027495
21
0.023238
31
0.030000
12
-0.027171
22
0.023616
32
0.030000
0
3DFACE
62
254
10
-0.027171
20
0.023616
30
-0.000000
11
-0.027495
21
0.023238
31
-0.000000
12
-0.027171
22
0.023616
32
0.030000
0
3DFACE
62
254
10
-0.026841
20
0.023990
30
-0.000000
11
-0.027171
21
0.023616
31
0.030000
12
-0.026841
22
0.023990
32
0.030000
0
3DFACE
62
254
10
-0.026841
20
0.023990
30
-0.000000
11
-0.027171
21
0.023616
31
-0.000000
12
-0.027171
22
0.023616
32
0.030000
0
3DFACE
62
254
10
-0.026507
20
0.024360
30
-0.000000
11
-0.026841
21
0.023990
31
0.030000
12
-0.026507
22
0.024360
32
0.030000
0
3DFACE
62
254
10
-0.026507
20
0.024360
30
-0.000000
11
-0.026841
21
0.023990
31
-0.000000
12
-0.026841
22
0.023990
32
0.030000
0
3DFACE
62
254
10
-0.022757
20
0.027895
30
-0.000000
11
-0.022757
21
0.027895
31
0.030000
12
-0.022369
22
0.028207
32
0.030000
0
3DFACE
62
254
10
-0.022369
20
0.028207
30
-0.000000
11
-0.022369
21
0.028207
31
0.030000
12
-0.021976
22
0.028514
32
0.030000
0
3DFACE
62
254
10
-0.022369
20
0.028207
30
-0.000000
11
-0.022757
21
0.027895
31
-0.000000
12
-0.022369
22
0.028207
32
0.030000
0
3DFACE
62
254
10
-0.021976
20
0.028514
30
-0.000000
11
-0.022369
21
0.028207
31
-0.000000
12
-0.021976
22
0.028514
32
0.030000
0
3DFACE
62
254
10
-0.021579
20
0.028815
30
-0.000000
11
-0.021976
21
0.028514
31
0.030000
12
-0.021579
22
0.028815
32
0.030000
0
3DFACE
62
254
10
-0.021579
20
0.028815
30
-0.000000
11
-0.021976
21
0.028514
31
-0.000000
12
-0.021976
22
0.028514
32
0.030000
0
3DFACE
62
254
10
-0.016363
20
0.032067
30
-0.000000
11
-0.016584
21
0.031953
31
-0.000000
12
-0.016584
22
0.031953
32
0.030000
0
3DFACE
62
254
10
-0.016363
20
0.032067
30
-0.000000
11
-0.016363
21
0.032067
31
0.030000
12
-0.016140
22
0.032179
32
0.030000
0
3DFACE
62
254
10
-0.016363
20
0.032067
30
-0.000000
11
-0.016584
21
0.031953
31
0.030000
12
-0.016363
22
0.032067
32
0.030000
0
3DFACE
62
254
10
-0.016140
20
0.032179
30
-0.000000
11
-0.016363
21
0.032067
31
-0.000000
12
-0.016140
22
0.032179
32
0.030000
0
3DFACE
62
254
10
-0.015917
20
0.032290
30
-0.000000
11
-0.016140
21
0.032179
31
0.030000
12
-0.015917
22
0.032290
32
0.030000
0
3DFACE
62
254
10
-0.015917
20
0.032290
30
-0.000000
11
-0.016140
21
0.032179
31
-0.000000
12
-0.016140
22
0.032179
32
0.030000
0
3DFACE
62
254
10
-0.011144
20
0.034232
30
-0.000000
11
-0.011144
21
0.034232
31
0.030000
12
-0.010669
22
0.034383
32
0.030000
0
3DFACE
62
254
10
-0.010669
20
0.034383
30
-0.000000
11
-0.011144
21
0.034232
31
-0.000000
12
-0.010669
22
0.034383
32
0.030000
0
3DFACE
62
254
10
-0.010192
20
0.034527
30
-0.000000
11
-0.010669
21
0.034383
31
0.030000
12
-0.010192
22
0.034527
32
0.030000
0
3DFACE
62
254
10
-0.010192
20
0.034527
30
-0.000000
11
-0.010669
21
0.034383
31
-0.000000
12
-0.010669
22
0.034383
32
0.030000
0
3DFACE
62
254
10
-0.009713
20
0.034665
30
-0.000000
11
-0.010192
21
0.034527
31
0.030000
12
-0.009713
22
0.034665
32
0.030000
0
3DFACE
62
254
10
-0.009713
20
0.034665
30
-0.000000
11
-0.010192
21
0.034527
31
-0.000000
12
-0.010192
22
0.034527
32
0.030000
0
3DFACE
62
254
10
-0.004664
20
0.035697
30
-0.000000
11
-0.004664
21
0.035697
31
0.030000
12
-0.004169
22
0.035758
32
0.030000
0
3DFACE
62
254
10
-0.004169
20
0.035758
30
-0.000000
11
-0.004664
21
0.035697
31
-0.000000
12
-0.004169
22
0.035758
32
0.030000
0
3DFACE
62
254
10
-0.003674
20
0.035812
30
-0.000000
11
-0.004169
21
0.035758
31
0.030000
12
-0.003674
22
0.035812
32
0.030000
0
3DFACE
62
254
10
-0.003674
20
0.035812
30
-0.000000
11
-0.004169
21
0.035758
31
-0.000000
12
-0.004169
22
0.035758
32
0.030000
0
3DFACE
62
254
10
-0.003178
20
0.035859
30
-0.000000
11
-0.003674
21
0.035812
31
0.030000
12
-0.003178
22
0.035859
32
0.030000
0
3DFACE
62
254
10
-0.003178
20
0.035859
30
-0.000000
11
-0.003674
21
0.035812
31
-0.000000
12
-0.003674
22
0.035812
32
0.030000
0
3DFACE
62
254
10
0.001975
20
0.035946
30
-0.000000
11
0.001975
21
0.035946
31
0.030000
12
0.002472
22
0.035915
32
0.030000
0
3DFACE
62
254
10
0.002472
20
0.035915
30
-0.000000
11
0.002472
21
0.035915
31
0.030000
12
0.002969
22
0.035877
32
0.030000
0
3DFACE
62
254
10
0.002472
20
0.035915
30
-0.000000
11
0.001975
21
0.035946
31
-0.000000
12
0.002472
22
0.035915
32
0.030000
0
3DFACE
62
254
10
0.002969
20
0.035877
30
-0.000000
11
0.002472
21
0.035915
31
-0.000000
12
0.002969
22
0.035877
32
0.030000
0
3DFACE
62
254
10
0.003465
20
0.035833
30
-0.000000
11
0.002969
21
0.035877
31
0.030000
12
0.003465
22
0.035833
32
0.030000
0
3DFACE
62
254
10
0.003465
20
0.035833
30
-0.000000
11
0.002969
21
0.035877
31
-0.000000
12
0.002969
22
0.035877
32
0.030000
0
3DFACE
62
254
10
0.008546
20
0.034971
30
-0.000000
11
0.008546
21
0.034971
31
0.030000
12
0.009029
22
0.034849
32
0.030000
0
3DFACE
62
254
10
0.009029
20
0.034849
30
-0.000000
11
0.009029
21
0.034849
31
0.030000
12
0.009511
22
0.034721
32
0.030000
0
3DFACE
62
254
10
0.009029
20
0.034849
30
-0.000000
11
0.008546
21
0.034971
31
-0.000000
12
0.009029
22
0.034849
32
0.030000
0
3DFACE
62
254
10
0.009511
20
0.034721
30
-0.000000
11
0.009511
21
0.034721
31
0.030000
12
0.009991
22
0.034586
32
0.030000
0
3DFACE
62
254
10
0.009511
20
0.034721
30
-0.000000
11
0.009029
21
0.034849
31
-0.000000
12
0.009511
22
0.034721
32
0.030000
0
3DFACE
62
254
10
0.009991
20
0.034586
30
-0.000000
11
0.009511
21
0.034721
31
-0.000000
12
0.009991
22
0.034586
32
0.030000
0
3DFACE
62
254
10
0.014826
20
0.032805
30
-0.000000
11
0.014826
21
0.032805
31
0.030000
12
0.015279
22
0.032597
32
0.030000
0
3DFACE
62
254
10
0.015279
20
0.032597
30
-0.000000
11
0.014826
21
0.032805
31
-0.000000
12
0.015279
22
0.032597
32
0.030000
0
3DFACE
62
254
10
0.015729
20
0.032382
30
-0.000000
11
0.015279
21
0.032597
31
0.030000
12
0.015729
22
0.032382
32
0.030000
0
3DFACE
62
254
10
0.015729
20
0.032382
30
-0.000000
11
0.015279
21
0.032597
31
-0.000000
12
0.015279
22
0.032597
32
0.030000
0
3DFACE
62
254
10
0.016176
20
0.032161
30
-0.000000
11
0.015729
21
0.032382
31
0.030000
12
0.016176
22
0.032161
32
0.030000
0
3DFACE
62
254
10
0.016176
20
0.032161
30
-0.000000
11
0.015729
21
0.032382
31
-0.000000
12
0.015729
22
0.032382
32
0.030000
0
3DFACE
62
254
10
0.020602
20
0.029522
30
-0.000000
11
0.020602
21
0.029522
31
0.030000
12
0.021009
22
0.029234
32
0.030000
0
3DFACE
62
254
10
0.021009
20
0.029234
30
-0.000000
11
0.020602
21
0.029522
31
-0.000000
12
0.021009
22
0.029234
32
0.030000
0
3DFACE
62
254
10
0.021411
20
0.028941
30
-0.000000
11
0.021009
21
0.029234
31
0.030000
12
0.021411
22
0.028941
32
0.030000
0
3DFACE
62
254
10
0.021411
20
0.028941
30
-0.000000
11
0.021009
21
0.029234
31
-0.000000
12
0.021009
22
0.029234
32
0.030000
0
3DFACE
62
254
10
0.021810
20
0.028641
30
-0.000000
11
0.021411
21
0.028941
31
0.030000
12
0.021810
22
0.028641
32
0.030000
0
3DFACE
62
254
10
0.021810
20
0.028641
30
-0.000000
11
0.021411
21
0.028941
31
-0.000000
12
0.021411
22
0.028941
32
0.030000
0
3DFACE
62
254
10
0.025676
20
0.025234
30
-0.000000
11
0.025676
21
0.025234
31
0.030000
12
0.026023
22
0.024876
32
0.030000
0
3DFACE
62
254
10
0.026023
20
0.024876
30
-0.000000
11
0.025676
21
0.025234
31
-0.000000
12
0.026023
22
0.024876
32
0.030000
0
3DFACE
62
254
10
0.026365
20
0.024513
30
-0.000000
11
0.026023
21
0.024876
31
0.030000
12
0.026365
22
0.024513
32
0.030000
0
3DFACE
62
254
10
0.026365
20
0.024513
30
-0.000000
11
0.026023
21
0.024876
31
-0.000000
12
0.026023
22
0.024876
32
0.030000
0
3DFACE
62
254
10
0.026701
20
0.024146
30
-0.000000
11
0.026365
21
0.024513
31
0.030000
12
0.026701
22
0.024146
32
0.030000
0
3DFACE
62
254
10
0.026701
20
0.024146
30
-0.000000
11
0.026365
21
0.024513
31
-0.000000
12
0.026365
22
0.024513
32
0.030000
0
3DFACE
62
254
10
0.029875
20
0.020086
30
-0.000000
11
0.029875
21
0.020086
31
0.030000
12
0.030151
22
0.019671
32
0.030000
0
3DFACE
62
254
10
0.030151
20
0.019671
30
-0.000000
11
0.029875
21
0.020086
31
-0.000000
12
0.030151
22
0.019671
32
0.030000
0
3DFACE
62
254
10
0.030420
20
0.019252
30
-0.000000
11
0.030151
21
0.019671
31
0.030000
12
0.030420
22
0.019252
32
0.030000
0
3DFACE
62
254
10
0.030420
20
0.019252
30
-0.000000
11
0.030151
21
0.019671
31
-0.000000
12
0.030151
22
0.019671
32
0.030000
0
3DFACE
62
254
10
0.030684
20
0.018829
30
-0.000000
11
0.030420
21
0.019252
31
0.030000
12
0.030684
22
0.018829
32
0.030000
0
3DFACE
62
254
10
0.030684
20
0.018829
30
-0.000000
11
0.030420
21
0.019252
31
-0.000000
12
0.030420
22
0.019252
32
0.030000
0
3DFACE
62
254
10
0.033058
20
0.014255
30
-0.000000
11
0.033058
21
0.014255
31
0.030000
12
0.033252
22
0.013796
32
0.030000
0
3DFACE
62
254
10
0.033252
20
0.013796
30
-0.000000
11
0.033058
21
0.014255
31
-0.000000
12
0.033252
22
0.013796
32
0.030000
0
3DFACE
62
254
10
0.033440
20
0.013334
30
-0.000000
11
0.033440
21
0.013334
31
0.030000
12
0.033621
22
0.012870
32
0.030000
0
3DFACE
62
254
10
0.033440
20
0.013334
30
-0.000000
11
0.033252
21
0.013796
31
0.030000
12
0.033440
22
0.013334
32
0.030000
0
3DFACE
62
254
10
0.033440
20
0.013334
30
-0.000000
11
0.033252
21
0.013796
31
-0.000000
12
0.033252
22
0.013796
32
0.030000
0
3DFACE
62
254
10
0.033621
20
0.012870
30
-0.000000
11
0.033440
21
0.013334
31
-0.000000
12
0.033621
22
0.012870
32
0.030000
0
3DFACE
62
254
10
-0.032997
20
0.010741
30
0.030000
11
-0.033695
21
0.012674
31
0.030000
12
-0.033867
22
0.012206
32
0.030000
0
3DFACE
62
254
10
-0.032997
20
0.010741
30
0.030000
11
-0.033867
21
0.012206
31
0.030000
12
-0.034033
22
0.011736
32
0.030000
0
3DFACE
62
254
10
-0.031695
20
0.013222
30
0.030000
11
-0.033695
21
0.012674
31
0.030000
12
-0.032997
22
0.010741
32
0.030000
0
3DFACE
62
254
10
-0.031695
20
0.013222
30
0.030000
11
-0.033517
21
0.013139
31
0.030000
12
-0.033695
22
0.012674
32
0.030000
0
3DFACE
62
254
10
-0.033584
20
0.007173
30
0.030000
11
-0.035360
21
0.006757
31
0.030000
12
-0.035450
22
0.006267
32
0.030000
0
3DFACE
62
254
10
-0.034409
20
0.004495
30
0.030000
11
-0.033584
21
0.007173
31
0.030000
12
-0.035450
22
0.006267
32
0.030000
0
3DFACE
62
254
10
-0.034409
20
0.004495
30
0.030000
11
-0.035450
21
0.006267
31
0.030000
12
-0.035534
22
0.005775
32
0.030000
0
3DFACE
62
254
10
-0.034409
20
0.004495
30
0.030000
11
-0.035534
21
0.005775
31
0.030000
12
-0.035610
22
0.005283
32
0.030000
0
3DFACE
62
254
10
-0.030461
20
0.016622
30
0.030000
11
-0.030793
21
0.018650
31
0.030000
12
-0.031048
22
0.018222
32
0.030000
0
3DFACE
62
254
10
-0.030461
20
0.016622
30
0.030000
11
-0.031048
21
0.018222
31
0.030000
12
-0.031297
22
0.017790
32
0.030000
0
3DFACE
62
254
10
-0.031859
20
0.009864
30
0.030000
11
-0.031695
21
0.013222
31
0.030000
12
-0.032997
22
0.010741
32
0.030000
0
3DFACE
62
254
10
-0.030557
20
0.013144
30
0.030000
11
-0.031695
21
0.013222
31
0.030000
12
-0.031859
22
0.009864
32
0.030000
0
3DFACE
62
254
10
-0.028725
20
0.018821
30
0.030000
11
-0.030532
21
0.019074
31
0.030000
12
-0.030793
22
0.018650
32
0.030000
0
3DFACE
62
254
10
-0.028725
20
0.018821
30
0.030000
11
-0.030793
21
0.018650
31
0.030000
12
-0.030461
22
0.016622
32
0.030000
0
3DFACE
62
254
10
-0.034331
20
0.000880
30
0.030000
11
-0.036000
21
0.000144
31
0.030000
12
-0.035998
22
-0.000354
32
0.030000
0
3DFACE
62
254
10
-0.029504
20
0.015550
30
0.030000
11
-0.028725
21
0.018821
31
0.030000
12
-0.030461
22
0.016622
32
0.030000
0
3DFACE
62
254
10
-0.033129
20
0.003842
30
0.030000
11
-0.033584
21
0.007173
31
0.030000
12
-0.034409
22
0.004495
32
0.030000
0
3DFACE
62
254
10
-0.033129
20
0.003842
30
0.030000
11
-0.032452
21
0.007305
31
0.030000
12
-0.033584
22
0.007173
32
0.030000
0
3DFACE
62
254
10
-0.031305
20
0.009521
30
0.030000
11
-0.030557
21
0.013144
31
0.030000
12
-0.031859
22
0.009864
32
0.030000
0
3DFACE
62
254
10
-0.034649
20
-0.001904
30
0.030000
11
-0.035998
21
-0.000354
31
0.030000
12
-0.035990
22
-0.000852
32
0.030000
0
3DFACE
62
254
10
-0.034649
20
-0.001904
30
0.030000
11
-0.035990
21
-0.000852
31
0.030000
12
-0.035975
22
-0.001350
32
0.030000
0
3DFACE
62
254
10
-0.034649
20
-0.001904
30
0.030000
11
-0.034331
21
0.000880
31
0.030000
12
-0.035998
22
-0.000354
32
0.030000
0
3DFACE
62
254
10
-0.026888
20
0.021936
30
0.030000
11
-0.026841
21
0.023990
31
0.030000
12
-0.027171
22
0.023616
32
0.030000
0
3DFACE
62
254
10
-0.026888
20
0.021936
30
0.030000
11
-0.027171
21
0.023616
31
0.030000
12
-0.027495
22
0.023238
32
0.030000
0
3DFACE
62
254
10
-0.032522
20
0.003607
30
0.030000
11
-0.032452
21
0.007305
31
0.030000
12
-0.033129
22
0.003842
32
0.030000
0
3DFACE
62
254
10
-0.031313
20
0.007289
30
0.030000
11
-0.032452
21
0.007305
31
0.030000
12
-0.032522
22
0.003607
32
0.030000
0
3DFACE
62
254
10
-0.029440
20
0.012919
30
0.030000
11
-0.031305
21
0.009521
31
0.030000
12
-0.030787
22
0.009261
32
0.030000
0
3DFACE
62
254
10
-0.029440
20
0.012919
30
0.030000
11
-0.030557
21
0.013144
31
0.030000
12
-0.031305
22
0.009521
32
0.030000
0
3DFACE
62
254
10
-0.027622
20
0.018535
30
0.030000
11
-0.029504
21
0.015550
31
0.030000
12
-0.029022
22
0.015112
32
0.030000
0
3DFACE
62
254
10
-0.027622
20
0.018535
30
0.030000
11
-0.028725
21
0.018821
31
0.030000
12
-0.029504
22
0.015550
32
0.030000
0
3DFACE
62
254
10
-0.029327
20
0.012895
30
0.030000
11
-0.030787
21
0.009261
31
0.030000
12
-0.030683
22
0.009203
32
0.030000
0
3DFACE
62
254
10
-0.029327
20
0.012895
30
0.030000
11
-0.029440
21
0.012919
31
0.030000
12
-0.030787
22
0.009261
32
0.030000
0
3DFACE
62
254
10
-0.029212
20
0.012889
30
0.030000
11
-0.030683
21
0.009203
31
0.030000
12
-0.030589
22
0.009130
32
0.030000
0
3DFACE
62
254
10
-0.029212
20
0.012889
30
0.030000
11
-0.029327
21
0.012895
31
0.030000
12
-0.030683
22
0.009203
32
0.030000
0
3DFACE
62
254
10
-0.029098
20
0.012901
30
0.030000
11
-0.030589
21
0.009130
31
0.030000
12
-0.030507
22
0.009043
32
0.030000
0
3DFACE
62
254
10
-0.029098
20
0.012901
30
0.030000
11
-0.029212
21
0.012889
31
0.030000
12
-0.030589
22
0.009130
32
0.030000
0
3DFACE
62
254
10
-0.028986
20
0.012929
30
0.030000
11
-0.029098
21
0.012901
31
0.030000
12
-0.030507
22
0.009043
32
0.030000
0
3DFACE
62
254
10
-0.028986
20
0.012929
30
0.030000
11
-0.030507
21
0.009043
31
0.030000
12
-0.030440
22
0.008944
32
0.030000
0
3DFACE
62
254
10
-0.031965
20
0.003446
30
0.030000
11
-0.031204
21
0.007286
31
0.030000
12
-0.031313
22
0.007289
32
0.030000
0
3DFACE
62
254
10
-0.031965
20
0.003446
30
0.030000
11
-0.031313
21
0.007289
31
0.030000
12
-0.032522
22
0.003607
32
0.030000
0
3DFACE
62
254
10
-0.028880
20
0.012974
30
0.030000
11
-0.028986
21
0.012929
31
0.030000
12
-0.030440
22
0.008944
32
0.030000
0
3DFACE
62
254
10
-0.028880
20
0.012974
30
0.030000
11
-0.030440
21
0.008944
31
0.030000
12
-0.030390
22
0.008836
32
0.030000
0
3DFACE
62
254
10
-0.031851
20
0.003408
30
0.030000
11
-0.031096
21
0.007300
31
0.030000
12
-0.031204
22
0.007286
32
0.030000
0
3DFACE
62
254
10
-0.031851
20
0.003408
30
0.030000
11
-0.031204
21
0.007286
31
0.030000
12
-0.031965
22
0.003446
32
0.030000
0
3DFACE
62
254
10
-0.028775
20
0.013041
30
0.030000
11
-0.028880
21
0.012974
31
0.030000
12
-0.030390
22
0.008836
32
0.030000
0
3DFACE
62
254
10
-0.028775
20
0.013041
30
0.030000
11
-0.030390
21
0.008836
31
0.030000
12
-0.030357
22
0.008721
32
0.030000
0
3DFACE
62
254
10
-0.028682
20
0.013123
30
0.030000
11
-0.030357
21
0.008721
31
0.030000
12
-0.030342
22
0.008603
32
0.030000
0
3DFACE
62
254
10
-0.028682
20
0.013123
30
0.030000
11
-0.028775
21
0.013041
31
0.030000
12
-0.030357
22
0.008721
32
0.030000
0
3DFACE
62
254
10
-0.031745
20
0.003353
30
0.030000
11
-0.030991
21
0.007328
31
0.030000
12
-0.031096
22
0.007300
32
0.030000
0
3DFACE
62
254
10
-0.031745
20
0.003353
30
0.030000
11
-0.031096
21
0.007300
31
0.030000
12
-0.031851
22
0.003408
32
0.030000
0
3DFACE
62
254
10
-0.028603
20
0.013220
30
0.030000
11
-0.030342
21
0.008603
31
0.030000
12
-0.030346
22
0.008484
32
0.030000
0
3DFACE
62
254
10
-0.028603
20
0.013220
30
0.030000
11
-0.028682
21
0.013123
31
0.030000
12
-0.030342
22
0.008603
32
0.030000
0
3DFACE
62
254
10
-0.031649
20
0.003283
30
0.030000
11
-0.030991
21
0.007328
31
0.030000
12
-0.031745
22
0.003353
32
0.030000
0
3DFACE
62
254
10
-0.031649
20
0.003283
30
0.030000
11
-0.030891
21
0.007371
31
0.030000
12
-0.030991
22
0.007328
32
0.030000
0
3DFACE
62
254
10
-0.031566
20
0.003198
30
0.030000
11
-0.030891
21
0.007371
31
0.030000
12
-0.031649
22
0.003283
32
0.030000
0
3DFACE
62
254
10
-0.031566
20
0.003198
30
0.030000
11
-0.030783
21
0.007439
31
0.030000
12
-0.030891
22
0.007371
32
0.030000
0
3DFACE
62
254
10
-0.033271
20
-0.002311
30
0.030000
11
-0.034331
21
0.000880
31
0.030000
12
-0.034649
22
-0.001904
32
0.030000
0
3DFACE
62
254
10
-0.033271
20
-0.002311
30
0.030000
11
-0.033242
21
0.001217
31
0.030000
12
-0.034331
22
0.000880
32
0.030000
0
3DFACE
62
254
10
-0.031496
20
0.003101
30
0.030000
11
-0.030783
21
0.007439
31
0.030000
12
-0.031566
22
0.003198
32
0.030000
0
3DFACE
62
254
10
-0.031496
20
0.003101
30
0.030000
11
-0.030688
21
0.007524
31
0.030000
12
-0.030783
22
0.007439
32
0.030000
0
3DFACE
62
254
10
-0.031442
20
0.002995
30
0.030000
11
-0.030688
21
0.007524
31
0.030000
12
-0.031496
22
0.003101
32
0.030000
0
3DFACE
62
254
10
-0.031442
20
0.002995
30
0.030000
11
-0.030608
21
0.007624
31
0.030000
12
-0.030688
22
0.007524
32
0.030000
0
3DFACE
62
254
10
-0.031406
20
0.002881
30
0.030000
11
-0.030608
21
0.007624
31
0.030000
12
-0.031442
22
0.002995
32
0.030000
0
3DFACE
62
254
10
-0.031406
20
0.002881
30
0.030000
11
-0.030547
21
0.007736
31
0.030000
12
-0.030608
22
0.007624
32
0.030000
0
3DFACE
62
254
10
-0.024778
20
0.023779
30
0.030000
11
-0.026841
21
0.023990
31
0.030000
12
-0.026888
22
0.021936
32
0.030000
0
3DFACE
62
254
10
-0.024778
20
0.023779
30
0.030000
11
-0.026507
21
0.024360
31
0.030000
12
-0.026841
22
0.023990
32
0.030000
0
3DFACE
62
254
10
-0.024778
20
0.023779
30
0.030000
11
-0.026888
21
0.021936
31
0.030000
12
-0.026145
22
0.020707
32
0.030000
0
3DFACE
62
254
10
-0.026565
20
0.018108
30
0.030000
11
-0.029022
21
0.015112
31
0.030000
12
-0.028561
22
0.014760
32
0.030000
0
3DFACE
62
254
10
-0.026565
20
0.018108
30
0.030000
11
-0.028561
21
0.014760
31
0.030000
12
-0.028469
22
0.014684
32
0.030000
0
3DFACE
62
254
10
-0.026565
20
0.018108
30
0.030000
11
-0.027622
21
0.018535
31
0.030000
12
-0.029022
22
0.015112
32
0.030000
0
3DFACE
62
254
10
-0.031388
20
0.002763
30
0.030000
11
-0.030547
21
0.007736
31
0.030000
12
-0.031406
22
0.002881
32
0.030000
0
3DFACE
62
254
10
-0.033908
20
-0.005443
30
0.030000
11
-0.035413
21
-0.006473
31
0.030000
12
-0.035320
22
-0.006963
32
0.030000
0
3DFACE
62
254
10
-0.026454
20
0.018063
30
0.030000
11
-0.026565
21
0.018108
31
0.030000
12
-0.028469
22
0.014684
32
0.030000
0
3DFACE
62
254
10
-0.026454
20
0.018063
30
0.030000
11
-0.028469
21
0.014684
31
0.030000
12
-0.028390
22
0.014595
32
0.030000
0
3DFACE
62
254
10
-0.026338
20
0.018036
30
0.030000
11
-0.026454
21
0.018063
31
0.030000
12
-0.028390
22
0.014595
32
0.030000
0
3DFACE
62
254
10
-0.026338
20
0.018036
30
0.030000
11
-0.028390
21
0.014595
31
0.030000
12
-0.028326
22
0.014494
32
0.030000
0
3DFACE
62
254
10
-0.026219
20
0.018028
30
0.030000
11
-0.028326
21
0.014494
31
0.030000
12
-0.028279
22
0.014385
32
0.030000
0
3DFACE
62
254
10
-0.026219
20
0.018028
30
0.030000
11
-0.026338
21
0.018036
31
0.030000
12
-0.028326
22
0.014494
32
0.030000
0
3DFACE
62
254
10
-0.032631
20
-0.002430
30
0.030000
11
-0.032119
21
0.001411
31
0.030000
12
-0.033242
22
0.001217
32
0.030000
0
3DFACE
62
254
10
-0.032631
20
-0.002430
30
0.030000
11
-0.033242
21
0.001217
31
0.030000
12
-0.033271
22
-0.002311
32
0.030000
0
3DFACE
62
254
10
-0.026100
20
0.018038
30
0.030000
11
-0.026219
21
0.018028
31
0.030000
12
-0.028279
22
0.014385
32
0.030000
0
3DFACE
62
254
10
-0.026100
20
0.018038
30
0.030000
11
-0.028279
21
0.014385
31
0.030000
12
-0.028249
22
0.014269
32
0.030000
0
3DFACE
62
254
10
-0.025984
20
0.018067
30
0.030000
11
-0.028249
21
0.014269
31
0.030000
12
-0.028237
22
0.014151
32
0.030000
0
3DFACE
62
254
10
-0.025984
20
0.018067
30
0.030000
11
-0.026100
21
0.018038
31
0.030000
12
-0.028249
22
0.014269
32
0.030000
0
3DFACE
62
254
10
-0.025874
20
0.018113
30
0.030000
11
-0.028237
21
0.014151
31
0.030000
12
-0.028245
22
0.014032
32
0.030000
0
3DFACE
62
254
10
-0.025874
20
0.018113
30
0.030000
11
-0.025984
21
0.018067
31
0.030000
12
-0.028237
22
0.014151
32
0.030000
0
3DFACE
62
254
10
-0.025773
20
0.018176
30
0.030000
11
-0.028245
21
0.014032
31
0.030000
12
-0.028270
22
0.013915
32
0.030000
0
3DFACE
62
254
10
-0.025773
20
0.018176
30
0.030000
11
-0.025874
21
0.018113
31
0.030000
12
-0.028245
22
0.014032
32
0.030000
0
3DFACE
62
254
10
-0.025683
20
0.018254
30
0.030000
11
-0.025773
21
0.018176
31
0.030000
12
-0.028270
22
0.013915
32
0.030000
0
3DFACE
62
254
10
-0.032054
20
-0.002486
30
0.030000
11
-0.032119
21
0.001411
31
0.030000
12
-0.032631
22
-0.002430
32
0.030000
0
3DFACE
62
254
10
-0.032054
20
-0.002486
30
0.030000
11
-0.032022
21
0.001426
31
0.030000
12
-0.032119
22
0.001411
32
0.030000
0
3DFACE
62
254
10
-0.031935
20
-0.002503
30
0.030000
11
-0.032022
21
0.001426
31
0.030000
12
-0.032054
22
-0.002486
32
0.030000
0
3DFACE
62
254
10
-0.031935
20
-0.002503
30
0.030000
11
-0.031927
21
0.001454
31
0.030000
12
-0.032022
22
0.001426
32
0.030000
0
3DFACE
62
254
10
-0.023746
20
0.023294
30
0.030000
11
-0.024778
21
0.023779
31
0.030000
12
-0.026145
22
0.020707
32
0.030000
0
3DFACE
62
254
10
-0.023746
20
0.023294
30
0.030000
11
-0.026145
21
0.020707
31
0.030000
12
-0.025752
22
0.020187
32
0.030000
0
3DFACE
62
254
10
-0.033709
20
-0.008238
30
0.030000
11
-0.035320
21
-0.006963
31
0.030000
12
-0.035221
22
-0.007451
32
0.030000
0
3DFACE
62
254
10
-0.033709
20
-0.008238
30
0.030000
11
-0.035221
21
-0.007451
31
0.030000
12
-0.035114
22
-0.007938
32
0.030000
0
3DFACE
62
254
10
-0.033709
20
-0.008238
30
0.030000
11
-0.033908
21
-0.005443
31
0.030000
12
-0.035320
22
-0.006963
32
0.030000
0
3DFACE
62
254
10
-0.031821
20
-0.002537
30
0.030000
11
-0.031927
21
0.001454
31
0.030000
12
-0.031935
22
-0.002503
32
0.030000
0
3DFACE
62
254
10
-0.031821
20
-0.002537
30
0.030000
11
-0.031837
21
0.001494
31
0.030000
12
-0.031927
22
0.001454
32
0.030000
0
3DFACE
62
254
10
-0.031714
20
-0.002589
30
0.030000
11
-0.031727
21
0.001563
31
0.030000
12
-0.031837
22
0.001494
32
0.030000
0
3DFACE
62
254
10
-0.031714
20
-0.002589
30
0.030000
11
-0.031837
21
0.001494
31
0.030000
12
-0.031821
22
-0.002537
32
0.030000
0
3DFACE
62
254
10
-0.022400
20
0.026503
30
0.030000
11
-0.021976
21
0.028514
31
0.030000
12
-0.022369
22
0.028207
32
0.030000
0
3DFACE
62
254
10
-0.022400
20
0.026503
30
0.030000
11
-0.022369
21
0.028207
31
0.030000
12
-0.022757
22
0.027895
32
0.030000
0
3DFACE
62
254
10
-0.031616
20
-0.002657
30
0.030000
11
-0.031727
21
0.001563
31
0.030000
12
-0.031714
22
-0.002589
32
0.030000
0
3DFACE
62
254
10
-0.031616
20
-0.002657
30
0.030000
11
-0.031631
21
0.001650
31
0.030000
12
-0.031727
22
0.001563
32
0.030000
0
3DFACE
62
254
10
-0.031530
20
-0.002739
30
0.030000
11
-0.031631
21
0.001650
31
0.030000
12
-0.031616
22
-0.002657
32
0.030000
0
3DFACE
62
254
10
-0.031530
20
-0.002739
30
0.030000
11
-0.031551
21
0.001752
31
0.030000
12
-0.031631
22
0.001650
32
0.030000
0
3DFACE
62
254
10
-0.031457
20
-0.002834
30
0.030000
11
-0.031551
21
0.001752
31
0.030000
12
-0.031530
22
-0.002739
32
0.030000
0
3DFACE
62
254
10
-0.031457
20
-0.002834
30
0.030000
11
-0.031490
21
0.001866
31
0.030000
12
-0.031551
22
0.001752
32
0.030000
0
3DFACE
62
254
10
-0.031401
20
-0.002939
30
0.030000
11
-0.031490
21
0.001866
31
0.030000
12
-0.031457
22
-0.002834
32
0.030000
0
3DFACE
62
254
10
-0.031401
20
-0.002939
30
0.030000
11
-0.031448
21
0.001989
31
0.030000
12
-0.031490
22
0.001866
32
0.030000
0
3DFACE
62
254
10
-0.031361
20
-0.003051
30
0.030000
11
-0.031448
21
0.001989
31
0.030000
12
-0.031401
22
-0.002939
32
0.030000
0
3DFACE
62
254
10
-0.022785
20
0.022681
30
0.030000
11
-0.023746
21
0.023294
31
0.030000
12
-0.025752
22
0.020187
32
0.030000
0
3DFACE
62
254
10
-0.022785
20
0.022681
30
0.030000
11
-0.025752
21
0.020187
31
0.030000
12
-0.025363
22
0.019757
32
0.030000
0
3DFACE
62
254
10
-0.022785
20
0.022681
30
0.030000
11
-0.025363
21
0.019757
31
0.030000
12
-0.025286
22
0.019665
32
0.030000
0
3DFACE
62
254
10
-0.022682
20
0.022615
30
0.030000
11
-0.022785
21
0.022681
31
0.030000
12
-0.025286
22
0.019665
32
0.030000
0
3DFACE
62
254
10
-0.022682
20
0.022615
30
0.030000
11
-0.025286
21
0.019665
31
0.030000
12
-0.025225
22
0.019563
32
0.030000
0
3DFACE
62
254
10
-0.022570
20
0.022567
30
0.030000
11
-0.022682
21
0.022615
31
0.030000
12
-0.025225
22
0.019563
32
0.030000
0
3DFACE
62
254
10
-0.022570
20
0.022567
30
0.030000
11
-0.025225
21
0.019563
31
0.030000
12
-0.025181
22
0.019452
32
0.030000
0
3DFACE
62
254
10
-0.032280
20
-0.008385
30
0.030000
11
-0.033908
21
-0.005443
31
0.030000
12
-0.033709
22
-0.008238
32
0.030000
0
3DFACE
62
254
10
-0.032280
20
-0.008385
30
0.030000
11
-0.032899
21
-0.004911
31
0.030000
12
-0.033908
22
-0.005443
32
0.030000
0
3DFACE
62
254
10
-0.022451
20
0.022537
30
0.030000
11
-0.022570
21
0.022567
31
0.030000
12
-0.025181
22
0.019452
32
0.030000
0
3DFACE
62
254
10
-0.022451
20
0.022537
30
0.030000
11
-0.025181
21
0.019452
31
0.030000
12
-0.025154
22
0.019336
32
0.030000
0
3DFACE
62
254
10
-0.022329
20
0.022527
30
0.030000
11
-0.022451
21
0.022537
31
0.030000
12
-0.025154
22
0.019336
32
0.030000
0
3DFACE
62
254
10
-0.022329
20
0.022527
30
0.030000
11
-0.025154
21
0.019336
31
0.030000
12
-0.025146
22
0.019217
32
0.030000
0
3DFACE
62
254
10
-0.022207
20
0.022536
30
0.030000
11
-0.022329
21
0.022527
31
0.030000
12
-0.025146
22
0.019217
32
0.030000
0
3DFACE
62
254
10
-0.022207
20
0.022536
30
0.030000
11
-0.025146
21
0.019217
31
0.030000
12
-0.025156
22
0.019098
32
0.030000
0
3DFACE
62
254
10
-0.022089
20
0.022565
30
0.030000
11
-0.022207
21
0.022536
31
0.030000
12
-0.025156
22
0.019098
32
0.030000
0
3DFACE
62
254
10
-0.022089
20
0.022565
30
0.030000
11
-0.025156
21
0.019098
31
0.030000
12
-0.025185
22
0.018983
32
0.030000
0
3DFACE
62
254
10
-0.021976
20
0.022612
30
0.030000
11
-0.022089
21
0.022565
31
0.030000
12
-0.025185
22
0.018983
32
0.030000
0
3DFACE
62
254
10
-0.021913
20
0.022648
30
0.030000
11
-0.021976
21
0.022612
31
0.030000
12
-0.025185
22
0.018983
32
0.030000
0
3DFACE
62
254
10
-0.021913
20
0.022648
30
0.030000
11
-0.025185
21
0.018983
31
0.030000
12
-0.025232
22
0.018873
32
0.030000
0
3DFACE
62
254
10
-0.021854
20
0.022690
30
0.030000
11
-0.021913
21
0.022648
31
0.030000
12
-0.025232
22
0.018873
32
0.030000
0
3DFACE
62
254
10
-0.031628
20
-0.008385
30
0.030000
11
-0.031831
21
-0.004515
31
0.030000
12
-0.032899
22
-0.004911
32
0.030000
0
3DFACE
62
254
10
-0.031628
20
-0.008385
30
0.030000
11
-0.032899
21
-0.004911
31
0.030000
12
-0.032280
22
-0.008385
32
0.030000
0
3DFACE
62
254
10
-0.019986
20
0.027927
30
0.030000
11
-0.021579
21
0.028815
31
0.030000
12
-0.021976
22
0.028514
32
0.030000
0
3DFACE
62
254
10
-0.019986
20
0.027927
30
0.030000
11
-0.022400
21
0.026503
31
0.030000
12
-0.021895
22
0.025158
32
0.030000
0
3DFACE
62
254
10
-0.019986
20
0.027927
30
0.030000
11
-0.021976
21
0.028514
31
0.030000
12
-0.022400
22
0.026503
32
0.030000
0
3DFACE
62
254
10
-0.032330
20
-0.011581
30
0.030000
11
-0.033621
21
-0.012870
31
0.030000
12
-0.033440
22
-0.013334
32
0.030000
0
3DFACE
62
254
10
-0.031051
20
-0.008334
30
0.030000
11
-0.031831
21
-0.004515
31
0.030000
12
-0.031628
22
-0.008385
32
0.030000
0
3DFACE
62
254
10
-0.031051
20
-0.008334
30
0.030000
11
-0.031782
21
-0.004499
31
0.030000
12
-0.031831
22
-0.004515
32
0.030000
0
3DFACE
62
254
10
-0.030932
20
-0.008328
30
0.030000
11
-0.031734
21
-0.004480
31
0.030000
12
-0.031782
22
-0.004499
32
0.030000
0
3DFACE
62
254
10
-0.030932
20
-0.008328
30
0.030000
11
-0.031687
21
-0.004458
31
0.030000
12
-0.031734
22
-0.004480
32
0.030000
0
3DFACE
62
254
10
-0.030932
20
-0.008328
30
0.030000
11
-0.031782
21
-0.004499
31
0.030000
12
-0.031051
22
-0.008334
32
0.030000
0
3DFACE
62
254
10
-0.030813
20
-0.008341
30
0.030000
11
-0.031577
21
-0.004387
31
0.030000
12
-0.031687
22
-0.004458
32
0.030000
0
3DFACE
62
254
10
-0.030813
20
-0.008341
30
0.030000
11
-0.031687
21
-0.004458
31
0.030000
12
-0.030932
22
-0.008328
32
0.030000
0
3DFACE
62
254
10
-0.030698
20
-0.008372
30
0.030000
11
-0.031479
21
-0.004299
31
0.030000
12
-0.031577
22
-0.004387
32
0.030000
0
3DFACE
62
254
10
-0.030698
20
-0.008372
30
0.030000
11
-0.031577
21
-0.004387
31
0.030000
12
-0.030813
22
-0.008341
32
0.030000
0
3DFACE
62
254
10
-0.030589
20
-0.008421
30
0.030000
11
-0.031479
21
-0.004299
31
0.030000
12
-0.030698
22
-0.008372
32
0.030000
0
3DFACE
62
254
10
-0.030589
20
-0.008421
30
0.030000
11
-0.031399
21
-0.004196
31
0.030000
12
-0.031479
22
-0.004299
32
0.030000
0
3DFACE
62
254
10
-0.030489
20
-0.008486
30
0.030000
11
-0.031399
21
-0.004196
31
0.030000
12
-0.030589
22
-0.008421
32
0.030000
0
3DFACE
62
254
10
-0.030489
20
-0.008486
30
0.030000
11
-0.031338
21
-0.004080
31
0.030000
12
-0.031399
22
-0.004196
32
0.030000
0
3DFACE
62
254
10
-0.019061
20
0.027261
30
0.030000
11
-0.019986
21
0.027927
31
0.030000
12
-0.021895
22
0.025158
32
0.030000
0
3DFACE
62
254
10
-0.019061
20
0.027261
30
0.030000
11
-0.021895
21
0.025158
31
0.030000
12
-0.021604
22
0.024575
32
0.030000
0
3DFACE
62
254
10
-0.030401
20
-0.008566
30
0.030000
11
-0.031297
21
-0.003955
31
0.030000
12
-0.031338
22
-0.004080
32
0.030000
0
3DFACE
62
254
10
-0.030401
20
-0.008566
30
0.030000
11
-0.031338
21
-0.004080
31
0.030000
12
-0.030489
22
-0.008486
32
0.030000
0
3DFACE
62
254
10
-0.030326
20
-0.008659
30
0.030000
11
-0.031279
21
-0.003825
31
0.030000
12
-0.031297
22
-0.003955
32
0.030000
0
3DFACE
62
254
10
-0.030326
20
-0.008659
30
0.030000
11
-0.031297
21
-0.003955
31
0.030000
12
-0.030401
22
-0.008566
32
0.030000
0
3DFACE
62
254
10
-0.030267
20
-0.008762
30
0.030000
11
-0.031279
21
-0.003825
31
0.030000
12
-0.030326
22
-0.008659
32
0.030000
0
3DFACE
62
254
10
-0.031621
20
-0.014292
30
0.030000
11
-0.033440
21
-0.013334
31
0.030000
12
-0.033252
22
-0.013796
32
0.030000
0
3DFACE
62
254
10
-0.031621
20
-0.014292
30
0.030000
11
-0.033252
21
-0.013796
31
0.030000
12
-0.033058
22
-0.014255
32
0.030000
0
3DFACE
62
254
10
-0.031621
20
-0.014292
30
0.030000
11
-0.032330
21
-0.011581
31
0.030000
12
-0.033440
22
-0.013334
32
0.030000
0
3DFACE
62
254
10
-0.017148
20
0.030168
30
0.030000
11
-0.016584
21
0.031953
31
0.030000
12
-0.016805
22
0.031837
32
0.030000
0
3DFACE
62
254
10
-0.017148
20
0.030168
30
0.030000
11
-0.016805
21
0.031837
31
0.030000
12
-0.017025
22
0.031720
32
0.030000
0
3DFACE
62
254
10
-0.017148
20
0.030168
30
0.030000
11
-0.017025
21
0.031720
31
0.030000
12
-0.017244
22
0.031601
32
0.030000
0
3DFACE
62
254
10
-0.018230
20
0.026482
30
0.030000
11
-0.021604
21
0.024575
31
0.030000
12
-0.021301
22
0.024081
32
0.030000
0
3DFACE
62
254
10
-0.018230
20
0.026482
30
0.030000
11
-0.021301
21
0.024081
31
0.030000
12
-0.021242
22
0.023977
32
0.030000
0
3DFACE
62
254
10
-0.018230
20
0.026482
30
0.030000
11
-0.019061
21
0.027261
31
0.030000
12
-0.021604
22
0.024575
32
0.030000
0
3DFACE
62
254
10
-0.018139
20
0.026397
30
0.030000
11
-0.021242
21
0.023977
31
0.030000
12
-0.021201
22
0.023865
32
0.030000
0
3DFACE
62
254
10
-0.018139
20
0.026397
30
0.030000
11
-0.018230
21
0.026482
31
0.030000
12
-0.021242
22
0.023977
32
0.030000
0
3DFACE
62
254
10
-0.018035
20
0.026328
30
0.030000
11
-0.021201
21
0.023865
31
0.030000
12
-0.021178
22
0.023748
32
0.030000
0
3DFACE
62
254
10
-0.018035
20
0.026328
30
0.030000
11
-0.018139
21
0.026397
31
0.030000
12
-0.021201
22
0.023865
32
0.030000
0
3DFACE
62
254
10
-0.017922
20
0.026276
30
0.030000
11
-0.018035
21
0.026328
31
0.030000
12
-0.021178
22
0.023748
32
0.030000
0
3DFACE
62
254
10
-0.017922
20
0.026276
30
0.030000
11
-0.021178
21
0.023748
31
0.030000
12
-0.021173
22
0.023629
32
0.030000
0
3DFACE
62
254
10
-0.017801
20
0.026244
30
0.030000
11
-0.021173
21
0.023629
31
0.030000
12
-0.021187
22
0.023511
32
0.030000
0
3DFACE
62
254
10
-0.017801
20
0.026244
30
0.030000
11
-0.017922
21
0.026276
31
0.030000
12
-0.021173
22
0.023629
32
0.030000
0
3DFACE
62
254
10
-0.017677
20
0.026233
30
0.030000
11
-0.021187
21
0.023511
31
0.030000
12
-0.021219
22
0.023396
32
0.030000
0
3DFACE
62
254
10
-0.017677
20
0.026233
30
0.030000
11
-0.017801
21
0.026244
31
0.030000
12
-0.021187
22
0.023511
32
0.030000
0
3DFACE
62
254
10
-0.017553
20
0.026241
30
0.030000
11
-0.017677
21
0.026233
31
0.030000
12
-0.021219
22
0.023396
32
0.030000
0
3DFACE
62
254
10
-0.017553
20
0.026241
30
0.030000
11
-0.021219
21
0.023396
31
0.030000
12
-0.021269
22
0.023287
32
0.030000
0
3DFACE
62
254
10
-0.017432
20
0.026270
30
0.030000
11
-0.017553
21
0.026241
31
0.030000
12
-0.021269
22
0.023287
32
0.030000
0
3DFACE
62
254
10
-0.017432
20
0.026270
30
0.030000
11
-0.021269
21
0.023287
31
0.030000
12
-0.021335
22
0.023188
32
0.030000
0
3DFACE
62
254
10
-0.030190
20
-0.014174
30
0.030000
11
-0.031437
21
-0.010873
31
0.030000
12
-0.032330
22
-0.011581
32
0.030000
0
3DFACE
62
254
10
-0.030190
20
-0.014174
30
0.030000
11
-0.032330
21
-0.011581
31
0.030000
12
-0.031621
22
-0.014292
32
0.030000
0
3DFACE
62
254
10
-0.017317
20
0.026318
30
0.030000
11
-0.017432
21
0.026270
31
0.030000
12
-0.021335
22
0.023188
32
0.030000
0
3DFACE
62
254
10
-0.029549
20
-0.014054
30
0.030000
11
-0.031437
21
-0.010873
31
0.030000
12
-0.030190
22
-0.014174
32
0.030000
0
3DFACE
62
254
10
-0.029549
20
-0.014054
30
0.030000
11
-0.030460
21
-0.010287
31
0.030000
12
-0.031437
22
-0.010873
32
0.030000
0
3DFACE
62
254
10
-0.028991
20
-0.013898
30
0.030000
11
-0.030460
21
-0.010287
31
0.030000
12
-0.029549
22
-0.014054
32
0.030000
0
3DFACE
62
254
10
-0.028991
20
-0.013898
30
0.030000
11
-0.030455
21
-0.010285
31
0.030000
12
-0.030460
22
-0.010287
32
0.030000
0
3DFACE
62
254
10
-0.028991
20
-0.013898
30
0.030000
11
-0.030451
21
-0.010282
31
0.030000
12
-0.030455
22
-0.010285
32
0.030000
0
3DFACE
62
254
10
-0.028991
20
-0.013898
30
0.030000
11
-0.030447
21
-0.010280
31
0.030000
12
-0.030451
22
-0.010282
32
0.030000
0
3DFACE
62
254
10
-0.028875
20
-0.013870
30
0.030000
11
-0.030447
21
-0.010280
31
0.030000
12
-0.028991
22
-0.013898
32
0.030000
0
3DFACE
62
254
10
-0.028875
20
-0.013870
30
0.030000
11
-0.030335
21
-0.010209
31
0.030000
12
-0.030447
22
-0.010280
32
0.030000
0
3DFACE
62
254
10
-0.014515
20
0.031124
30
0.030000
11
-0.015917
21
0.032290
31
0.030000
12
-0.016140
22
0.032179
32
0.030000
0
3DFACE
62
254
10
-0.014515
20
0.031124
30
0.030000
11
-0.016140
21
0.032179
31
0.030000
12
-0.016363
22
0.032067
32
0.030000
0
3DFACE
62
254
10
-0.014515
20
0.031124
30
0.030000
11
-0.016363
21
0.032067
31
0.030000
12
-0.016584
22
0.031953
32
0.030000
0
3DFACE
62
254
10
-0.014515
20
0.031124
30
0.030000
11
-0.017148
21
0.030168
31
0.030000
12
-0.016899
22
0.028753
32
0.030000
0
3DFACE
62
254
10
-0.014515
20
0.031124
30
0.030000
11
-0.016584
21
0.031953
31
0.030000
12
-0.017148
22
0.030168
32
0.030000
0
3DFACE
62
254
10
-0.028756
20
-0.013861
30
0.030000
11
-0.030335
21
-0.010209
31
0.030000
12
-0.028875
22
-0.013870
32
0.030000
0
3DFACE
62
254
10
-0.028756
20
-0.013861
30
0.030000
11
-0.030237
21
-0.010120
31
0.030000
12
-0.030335
22
-0.010209
32
0.030000
0
3DFACE
62
254
10
-0.028637
20
-0.013870
30
0.030000
11
-0.030237
21
-0.010120
31
0.030000
12
-0.028756
22
-0.013861
32
0.030000
0
3DFACE
62
254
10
-0.028637
20
-0.013870
30
0.030000
11
-0.030157
21
-0.010015
31
0.030000
12
-0.030237
22
-0.010120
32
0.030000
0
3DFACE
62
254
10
-0.029652
20
-0.017324
30
0.030000
11
-0.030684
21
-0.018829
31
0.030000
12
-0.030420
22
-0.019252
32
0.030000
0
3DFACE
62
254
10
-0.028521
20
-0.013898
30
0.030000
11
-0.030157
21
-0.010015
31
0.030000
12
-0.028637
22
-0.013870
32
0.030000
0
3DFACE
62
254
10
-0.028521
20
-0.013898
30
0.030000
11
-0.030095
21
-0.009898
31
0.030000
12
-0.030157
22
-0.010015
32
0.030000
0
3DFACE
62
254
10
-0.028411
20
-0.013944
30
0.030000
11
-0.030095
21
-0.009898
31
0.030000
12
-0.028521
22
-0.013898
32
0.030000
0
3DFACE
62
254
10
-0.028411
20
-0.013944
30
0.030000
11
-0.030055
21
-0.009772
31
0.030000
12
-0.030095
22
-0.009898
32
0.030000
0
3DFACE
62
254
10
-0.028309
20
-0.014006
30
0.030000
11
-0.030055
21
-0.009772
31
0.030000
12
-0.028411
22
-0.013944
32
0.030000
0
3DFACE
62
254
10
-0.028309
20
-0.014006
30
0.030000
11
-0.030038
21
-0.009641
31
0.030000
12
-0.030055
22
-0.009772
32
0.030000
0
3DFACE
62
254
10
-0.028219
20
-0.014084
30
0.030000
11
-0.030038
21
-0.009641
31
0.030000
12
-0.028309
22
-0.014006
32
0.030000
0
3DFACE
62
254
10
-0.028219
20
-0.014084
30
0.030000
11
-0.030043
21
-0.009509
31
0.030000
12
-0.030038
22
-0.009641
32
0.030000
0
3DFACE
62
254
10
-0.028141
20
-0.014174
30
0.030000
11
-0.030043
21
-0.009509
31
0.030000
12
-0.028219
22
-0.014084
32
0.030000
0
3DFACE
62
254
10
-0.013727
20
0.030299
30
0.030000
11
-0.014515
21
0.031124
31
0.030000
12
-0.016899
22
0.028753
32
0.030000
0
3DFACE
62
254
10
-0.013727
20
0.030299
30
0.030000
11
-0.016899
21
0.028753
31
0.030000
12
-0.016720
22
0.028126
32
0.030000
0
3DFACE
62
254
10
-0.013053
20
0.029381
30
0.030000
11
-0.016720
21
0.028126
31
0.030000
12
-0.016513
22
0.027585
32
0.030000
0
3DFACE
62
254
10
-0.013053
20
0.029381
30
0.030000
11
-0.013727
21
0.030299
31
0.030000
12
-0.016720
22
0.028126
32
0.030000
0
3DFACE
62
254
10
-0.012983
20
0.029284
30
0.030000
11
-0.016475
21
0.027472
31
0.030000
12
-0.016455
22
0.027354
32
0.030000
0
3DFACE
62
254
10
-0.012983
20
0.029284
30
0.030000
11
-0.016513
21
0.027585
31
0.030000
12
-0.016475
22
0.027472
32
0.030000
0
3DFACE
62
254
10
-0.012983
20
0.029284
30
0.030000
11
-0.013053
21
0.029381
31
0.030000
12
-0.016513
22
0.027585
32
0.030000
0
3DFACE
62
254
10
-0.028457
20
-0.019859
30
0.030000
11
-0.029652
21
-0.017324
31
0.030000
12
-0.030420
22
-0.019252
32
0.030000
0
3DFACE
62
254
10
-0.028457
20
-0.019859
30
0.030000
11
-0.030420
21
-0.019252
31
0.030000
12
-0.030151
22
-0.019671
32
0.030000
0
3DFACE
62
254
10
-0.028457
20
-0.019859
30
0.030000
11
-0.030151
21
-0.019671
31
0.030000
12
-0.029875
22
-0.020086
32
0.030000
0
3DFACE
62
254
10
-0.012899
20
0.029200
30
0.030000
11
-0.012983
21
0.029284
31
0.030000
12
-0.016455
22
0.027354
32
0.030000
0
3DFACE
62
254
10
-0.012802
20
0.029130
30
0.030000
11
-0.016455
21
0.027354
31
0.030000
12
-0.016453
22
0.027235
32
0.030000
0
3DFACE
62
254
10
-0.012802
20
0.029130
30
0.030000
11
-0.012899
21
0.029200
31
0.030000
12
-0.016455
22
0.027354
32
0.030000
0
3DFACE
62
254
10
-0.012696
20
0.029076
30
0.030000
11
-0.016453
21
0.027235
31
0.030000
12
-0.016470
22
0.027117
32
0.030000
0
3DFACE
62
254
10
-0.012696
20
0.029076
30
0.030000
11
-0.012802
21
0.029130
31
0.030000
12
-0.016453
22
0.027235
32
0.030000
0
3DFACE
62
254
10
-0.012582
20
0.029040
30
0.030000
11
-0.016470
21
0.027117
31
0.030000
12
-0.016506
22
0.027003
32
0.030000
0
3DFACE
62
254
10
-0.012582
20
0.029040
30
0.030000
11
-0.012696
21
0.029076
31
0.030000
12
-0.016470
22
0.027117
32
0.030000
0
3DFACE
62
254
10
-0.012464
20
0.029021
30
0.030000
11
-0.016506
21
0.027003
31
0.030000
12
-0.016559
22
0.026896
32
0.030000
0
3DFACE
62
254
10
-0.012464
20
0.029021
30
0.030000
11
-0.012582
21
0.029040
31
0.030000
12
-0.016506
22
0.027003
32
0.030000
0
3DFACE
62
254
10
-0.010669
20
0.034383
30
0.030000
11
-0.011144
21
0.034232
31
0.030000
12
-0.011313
22
0.032805
32
0.030000
0
3DFACE
62
254
10
-0.012345
20
0.029022
30
0.030000
11
-0.016627
21
0.026799
31
0.030000
12
-0.016711
22
0.026713
32
0.030000
0
3DFACE
62
254
10
-0.012345
20
0.029022
30
0.030000
11
-0.016559
21
0.026896
31
0.030000
12
-0.016627
22
0.026799
32
0.030000
0
3DFACE
62
254
10
-0.012345
20
0.029022
30
0.030000
11
-0.012464
21
0.029021
31
0.030000
12
-0.016559
22
0.026896
32
0.030000
0
3DFACE
62
254
10
-0.012227
20
0.029040
30
0.030000
11
-0.012345
21
0.029022
31
0.030000
12
-0.016711
22
0.026713
32
0.030000
0
3DFACE
62
254
10
-0.010192
20
0.034527
30
0.030000
11
-0.010669
21
0.034383
31
0.030000
12
-0.011313
22
0.032805
32
0.030000
0
3DFACE
62
254
10
-0.027071
20
-0.019480
30
0.030000
11
-0.029652
21
-0.017324
31
0.030000
12
-0.028457
22
-0.019859
32
0.030000
0
3DFACE
62
254
10
-0.027071
20
-0.019480
30
0.030000
11
-0.028904
21
-0.016464
31
0.030000
12
-0.029652
22
-0.017324
32
0.030000
0
3DFACE
62
254
10
-0.026464
20
-0.019244
30
0.030000
11
-0.028904
21
-0.016464
31
0.030000
12
-0.027071
22
-0.019480
32
0.030000
0
3DFACE
62
254
10
-0.026464
20
-0.019244
30
0.030000
11
-0.028051
21
-0.015709
31
0.030000
12
-0.028904
22
-0.016464
32
0.030000
0
3DFACE
62
254
10
-0.025943
20
-0.018988
30
0.030000
11
-0.028051
21
-0.015709
31
0.030000
12
-0.026464
22
-0.019244
32
0.030000
0
3DFACE
62
254
10
-0.025835
20
-0.018939
30
0.030000
11
-0.028051
21
-0.015709
31
0.030000
12
-0.025943
22
-0.018988
32
0.030000
0
3DFACE
62
254
10
-0.025835
20
-0.018939
30
0.030000
11
-0.027961
21
-0.015630
31
0.030000
12
-0.028051
22
-0.015709
32
0.030000
0
3DFACE
62
254
10
-0.025719
20
-0.018909
30
0.030000
11
-0.027961
21
-0.015630
31
0.030000
12
-0.025835
22
-0.018939
32
0.030000
0
3DFACE
62
254
10
-0.025719
20
-0.018909
30
0.030000
11
-0.027885
21
-0.015538
31
0.030000
12
-0.027961
22
-0.015630
32
0.030000
0
3DFACE
62
254
10
-0.025719
20
-0.018909
30
0.030000
11
-0.027825
21
-0.015435
31
0.030000
12
-0.027885
22
-0.015538
32
0.030000
0
3DFACE
62
254
10
-0.025601
20
-0.018896
30
0.030000
11
-0.027825
21
-0.015435
31
0.030000
12
-0.025719
22
-0.018909
32
0.030000
0
3DFACE
62
254
10
-0.025601
20
-0.018896
30
0.030000
11
-0.027781
21
-0.015324
31
0.030000
12
-0.027825
22
-0.015435
32
0.030000
0
3DFACE
62
254
10
-0.025482
20
-0.018902
30
0.030000
11
-0.027781
21
-0.015324
31
0.030000
12
-0.025601
22
-0.018896
32
0.030000
0
3DFACE
62
254
10
-0.025365
20
-0.018927
30
0.030000
11
-0.027781
21
-0.015324
31
0.030000
12
-0.025482
22
-0.018902
32
0.030000
0
3DFACE
62
254
10
-0.025365
20
-0.018927
30
0.030000
11
-0.027755
21
-0.015208
31
0.030000
12
-0.027781
22
-0.015324
32
0.030000
0
3DFACE
62
254
10
-0.025365
20
-0.018927
30
0.030000
11
-0.027747
21
-0.015089
31
0.030000
12
-0.027755
22
-0.015208
32
0.030000
0
3DFACE
62
254
10
-0.025254
20
-0.018970
30
0.030000
11
-0.027747
21
-0.015089
31
0.030000
12
-0.025365
22
-0.018927
32
0.030000
0
3DFACE
62
254
10
-0.025150
20
-0.019029
30
0.030000
11
-0.027747
21
-0.015089
31
0.030000
12
-0.025254
22
-0.018970
32
0.030000
0
3DFACE
62
254
10
-0.025150
20
-0.019029
30
0.030000
11
-0.027759
21
-0.014970
31
0.030000
12
-0.027747
22
-0.015089
32
0.030000
0
3DFACE
62
254
10
-0.008548
20
0.033261
30
0.030000
11
-0.010192
21
0.034527
31
0.030000
12
-0.011313
22
0.032805
32
0.030000
0
3DFACE
62
254
10
-0.008548
20
0.033261
30
0.030000
11
-0.009713
21
0.034665
31
0.030000
12
-0.010192
22
0.034527
32
0.030000
0
3DFACE
62
254
10
-0.008548
20
0.033261
30
0.030000
11
-0.011313
21
0.032805
31
0.030000
12
-0.011328
22
0.031369
32
0.030000
0
3DFACE
62
254
10
-0.025058
20
-0.019104
30
0.030000
11
-0.027759
21
-0.014970
31
0.030000
12
-0.025150
22
-0.019029
32
0.030000
0
3DFACE
62
254
10
-0.025058
20
-0.019104
30
0.030000
11
-0.027788
21
-0.014855
31
0.030000
12
-0.027759
22
-0.014970
32
0.030000
0
3DFACE
62
254
10
-0.026365
20
-0.024513
30
0.030000
11
-0.025964
21
-0.022478
31
0.030000
12
-0.026701
22
-0.024146
32
0.030000
0
3DFACE
62
254
10
-0.007926
20
0.032306
30
0.030000
11
-0.008548
21
0.033261
31
0.030000
12
-0.011328
22
0.031369
32
0.030000
0
3DFACE
62
254
10
-0.007926
20
0.032306
30
0.030000
11
-0.011328
21
0.031369
31
0.030000
12
-0.011267
22
0.030720
32
0.030000
0
3DFACE
62
254
10
-0.007432
20
0.031279
30
0.030000
11
-0.007926
21
0.032306
31
0.030000
12
-0.011267
22
0.030720
32
0.030000
0
3DFACE
62
254
10
-0.007432
20
0.031279
30
0.030000
11
-0.011267
21
0.030720
31
0.030000
12
-0.011163
22
0.030149
32
0.030000
0
3DFACE
62
254
10
-0.007381
20
0.031171
30
0.030000
11
-0.011163
21
0.030149
31
0.030000
12
-0.011146
22
0.030026
32
0.030000
0
3DFACE
62
254
10
-0.007381
20
0.031171
30
0.030000
11
-0.007432
21
0.031279
31
0.030000
12
-0.011163
22
0.030149
32
0.030000
0
3DFACE
62
254
10
-0.007313
20
0.031073
30
0.030000
11
-0.007381
21
0.031171
31
0.030000
12
-0.011146
22
0.030026
32
0.030000
0
3DFACE
62
254
10
-0.007313
20
0.031073
30
0.030000
11
-0.011146
21
0.030026
31
0.030000
12
-0.011149
22
0.029902
32
0.030000
0
3DFACE
62
254
10
-0.007231
20
0.030987
30
0.030000
11
-0.007313
21
0.031073
31
0.030000
12
-0.011149
22
0.029902
32
0.030000
0
3DFACE
62
254
10
-0.007231
20
0.030987
30
0.030000
11
-0.011149
21
0.029902
31
0.030000
12
-0.011173
22
0.029779
32
0.030000
0
3DFACE
62
254
10
-0.007137
20
0.030914
30
0.030000
11
-0.007231
21
0.030987
31
0.030000
12
-0.011173
22
0.029779
32
0.030000
0
3DFACE
62
254
10
-0.007137
20
0.030914
30
0.030000
11
-0.011173
21
0.029779
31
0.030000
12
-0.011216
22
0.029662
32
0.030000
0
3DFACE
62
254
10
-0.007032
20
0.030857
30
0.030000
11
-0.007137
21
0.030914
31
0.030000
12
-0.011216
22
0.029662
32
0.030000
0
3DFACE
62
254
10
-0.007032
20
0.030857
30
0.030000
11
-0.011216
21
0.029662
31
0.030000
12
-0.011278
22
0.029554
32
0.030000
0
3DFACE
62
254
10
-0.006919
20
0.030817
30
0.030000
11
-0.007032
21
0.030857
31
0.030000
12
-0.011278
22
0.029554
32
0.030000
0
3DFACE
62
254
10
-0.006919
20
0.030817
30
0.030000
11
-0.011278
21
0.029554
31
0.030000
12
-0.011356
22
0.029457
32
0.030000
0
3DFACE
62
254
10
-0.006802
20
0.030796
30
0.030000
11
-0.006919
21
0.030817
31
0.030000
12
-0.011356
22
0.029457
32
0.030000
0
3DFACE
62
254
10
-0.006802
20
0.030796
30
0.030000
11
-0.011356
21
0.029457
31
0.030000
12
-0.011449
22
0.029375
32
0.030000
0
3DFACE
62
254
10
-0.024323
20
-0.024750
30
0.030000
11
-0.026365
21
-0.024513
31
0.030000
12
-0.026023
22
-0.024876
32
0.030000
0
3DFACE
62
254
10
-0.024323
20
-0.024750
30
0.030000
11
-0.026023
21
-0.024876
31
0.030000
12
-0.025676
22
-0.025234
32
0.030000
0
3DFACE
62
254
10
-0.024323
20
-0.024750
30
0.030000
11
-0.025964
21
-0.022478
31
0.030000
12
-0.026365
22
-0.024513
32
0.030000
0
3DFACE
62
254
10
-0.006683
20
0.030793
30
0.030000
11
-0.011449
21
0.029375
31
0.030000
12
-0.011555
22
0.029308
32
0.030000
0
3DFACE
62
254
10
-0.006683
20
0.030793
30
0.030000
11
-0.006802
21
0.030796
31
0.030000
12
-0.011449
22
0.029375
32
0.030000
0
3DFACE
62
254
10
-0.004169
20
0.035758
30
0.030000
11
-0.004664
21
0.035697
31
0.030000
12
-0.005093
22
0.034325
32
0.030000
0
3DFACE
62
254
10
-0.023031
20
-0.024122
30
0.030000
11
-0.025964
21
-0.022478
31
0.030000
12
-0.024323
22
-0.024750
32
0.030000
0
3DFACE
62
254
10
-0.023031
20
-0.024122
30
0.030000
11
-0.025386
21
-0.021495
31
0.030000
12
-0.025964
22
-0.022478
32
0.030000
0
3DFACE
62
254
10
-0.003674
20
0.035812
30
0.030000
11
-0.004169
21
0.035758
31
0.030000
12
-0.005093
22
0.034325
32
0.030000
0
3DFACE
62
254
10
-0.022477
20
-0.023779
30
0.030000
11
-0.025386
21
-0.021495
31
0.030000
12
-0.023031
22
-0.024122
32
0.030000
0
3DFACE
62
254
10
-0.022477
20
-0.023779
30
0.030000
11
-0.024687
21
-0.020595
31
0.030000
12
-0.025386
22
-0.021495
32
0.030000
0
3DFACE
62
254
10
-0.022013
20
-0.023432
30
0.030000
11
-0.024687
21
-0.020595
31
0.030000
12
-0.022477
22
-0.023779
32
0.030000
0
3DFACE
62
254
10
-0.021915
20
-0.023364
30
0.030000
11
-0.024613
21
-0.020501
31
0.030000
12
-0.024687
22
-0.020595
32
0.030000
0
3DFACE
62
254
10
-0.021915
20
-0.023364
30
0.030000
11
-0.024556
21
-0.020397
31
0.030000
12
-0.024613
22
-0.020501
32
0.030000
0
3DFACE
62
254
10
-0.021915
20
-0.023364
30
0.030000
11
-0.024687
21
-0.020595
31
0.030000
12
-0.022013
22
-0.023432
32
0.030000
0
3DFACE
62
254
10
-0.021807
20
-0.023313
30
0.030000
11
-0.024515
21
-0.020285
31
0.030000
12
-0.024556
22
-0.020397
32
0.030000
0
3DFACE
62
254
10
-0.021807
20
-0.023313
30
0.030000
11
-0.024556
21
-0.020397
31
0.030000
12
-0.021915
22
-0.023364
32
0.030000
0
3DFACE
62
254
10
-0.021693
20
-0.023278
30
0.030000
11
-0.024492
21
-0.020168
31
0.030000
12
-0.024515
22
-0.020285
32
0.030000
0
3DFACE
62
254
10
-0.021693
20
-0.023278
30
0.030000
11
-0.024515
21
-0.020285
31
0.030000
12
-0.021807
22
-0.023313
32
0.030000
0
3DFACE
62
254
10
-0.021575
20
-0.023263
30
0.030000
11
-0.024492
21
-0.020168
31
0.030000
12
-0.021693
22
-0.023278
32
0.030000
0
3DFACE
62
254
10
-0.021455
20
-0.023265
30
0.030000
11
-0.024488
21
-0.020049
31
0.030000
12
-0.024492
22
-0.020168
32
0.030000
0
3DFACE
62
254
10
-0.021455
20
-0.023265
30
0.030000
11
-0.024502
21
-0.019930
31
0.030000
12
-0.024488
22
-0.020049
32
0.030000
0
3DFACE
62
254
10
-0.021455
20
-0.023265
30
0.030000
11
-0.024492
21
-0.020168
31
0.030000
12
-0.021575
22
-0.023263
32
0.030000
0
3DFACE
62
254
10
-0.021338
20
-0.023287
30
0.030000
11
-0.024502
21
-0.019930
31
0.030000
12
-0.021455
22
-0.023265
32
0.030000
0
3DFACE
62
254
10
-0.021226
20
-0.023326
30
0.030000
11
-0.024535
21
-0.019816
31
0.030000
12
-0.024502
22
-0.019930
32
0.030000
0
3DFACE
62
254
10
-0.021226
20
-0.023326
30
0.030000
11
-0.024502
21
-0.019930
31
0.030000
12
-0.021338
22
-0.023287
32
0.030000
0
3DFACE
62
254
10
-0.021121
20
-0.023383
30
0.030000
11
-0.024586
21
-0.019708
31
0.030000
12
-0.024535
22
-0.019816
32
0.030000
0
3DFACE
62
254
10
-0.021121
20
-0.023383
30
0.030000
11
-0.024535
21
-0.019816
31
0.030000
12
-0.021226
22
-0.023326
32
0.030000
0
3DFACE
62
254
10
-0.002291
20
0.034266
30
0.030000
11
-0.003674
21
0.035812
31
0.030000
12
-0.005093
22
0.034325
32
0.030000
0
3DFACE
62
254
10
-0.002291
20
0.034266
30
0.030000
11
-0.003178
21
0.035859
31
0.030000
12
-0.003674
22
0.035812
32
0.030000
0
3DFACE
62
254
10
-0.002291
20
0.034266
30
0.030000
11
-0.005093
21
0.034325
31
0.030000
12
-0.005371
22
0.032916
32
0.030000
0
3DFACE
62
254
10
-0.001855
20
0.033212
30
0.030000
11
-0.005371
21
0.032916
31
0.030000
12
-0.005431
22
0.032267
32
0.030000
0
3DFACE
62
254
10
-0.001855
20
0.033212
30
0.030000
11
-0.002291
21
0.034266
31
0.030000
12
-0.005371
22
0.032916
32
0.030000
0
3DFACE
62
254
10
-0.021411
20
-0.028941
30
0.030000
11
-0.021391
21
-0.026866
31
0.030000
12
-0.021810
22
-0.028641
32
0.030000
0
3DFACE
62
254
10
-0.001558
20
0.032112
30
0.030000
11
-0.005431
21
0.032267
31
0.030000
12
-0.005433
22
0.031687
32
0.030000
0
3DFACE
62
254
10
-0.001558
20
0.032112
30
0.030000
11
-0.001855
21
0.033212
31
0.030000
12
-0.005431
22
0.032267
32
0.030000
0
3DFACE
62
254
10
-0.001528
20
0.031997
30
0.030000
11
-0.005433
21
0.031687
31
0.030000
12
-0.005439
22
0.031565
32
0.030000
0
3DFACE
62
254
10
-0.001528
20
0.031997
30
0.030000
11
-0.001558
21
0.032112
31
0.030000
12
-0.005433
22
0.031687
32
0.030000
0
3DFACE
62
254
10
-0.001479
20
0.031888
30
0.030000
11
-0.001528
21
0.031997
31
0.030000
12
-0.005439
22
0.031565
32
0.030000
0
3DFACE
62
254
10
-0.001479
20
0.031888
30
0.030000
11
-0.005439
21
0.031565
31
0.030000
12
-0.005464
22
0.031445
32
0.030000
0
3DFACE
62
254
10
-0.001414
20
0.031788
30
0.030000
11
-0.001479
21
0.031888
31
0.030000
12
-0.005464
22
0.031445
32
0.030000
0
3DFACE
62
254
10
-0.001414
20
0.031788
30
0.030000
11
-0.005464
21
0.031445
31
0.030000
12
-0.005508
22
0.031331
32
0.030000
0
3DFACE
62
254
10
-0.001335
20
0.031699
30
0.030000
11
-0.001414
21
0.031788
31
0.030000
12
-0.005508
22
0.031331
32
0.030000
0
3DFACE
62
254
10
-0.001335
20
0.031699
30
0.030000
11
-0.005508
21
0.031331
31
0.030000
12
-0.005569
22
0.031225
32
0.030000
0
3DFACE
62
254
10
-0.001242
20
0.031624
30
0.030000
11
-0.001335
21
0.031699
31
0.030000
12
-0.005569
22
0.031225
32
0.030000
0
3DFACE
62
254
10
-0.001242
20
0.031624
30
0.030000
11
-0.005569
21
0.031225
31
0.030000
12
-0.005647
22
0.031131
32
0.030000
0
3DFACE
62
254
10
-0.001139
20
0.031564
30
0.030000
11
-0.001242
21
0.031624
31
0.030000
12
-0.005647
22
0.031131
32
0.030000
0
3DFACE
62
254
10
-0.001139
20
0.031564
30
0.030000
11
-0.005647
21
0.031131
31
0.030000
12
-0.005739
22
0.031050
32
0.030000
0
3DFACE
62
254
10
-0.001028
20
0.031521
30
0.030000
11
-0.005739
21
0.031050
31
0.030000
12
-0.005843
22
0.030985
32
0.030000
0
3DFACE
62
254
10
-0.001028
20
0.031521
30
0.030000
11
-0.005843
21
0.030985
31
0.030000
12
-0.005908
22
0.030955
32
0.030000
0
3DFACE
62
254
10
-0.001028
20
0.031521
30
0.030000
11
-0.001139
21
0.031564
31
0.030000
12
-0.005739
22
0.031050
32
0.030000
0
3DFACE
62
254
10
-0.000911
20
0.031496
30
0.030000
11
-0.001028
21
0.031521
31
0.030000
12
-0.005908
22
0.030955
32
0.030000
0
3DFACE
62
254
10
-0.000911
20
0.031496
30
0.030000
11
-0.005908
21
0.030955
31
0.030000
12
-0.005977
22
0.030931
32
0.030000
0
3DFACE
62
254
10
-0.019361
20
-0.028798
30
0.030000
11
-0.021391
21
-0.026866
31
0.030000
12
-0.021411
22
-0.028941
32
0.030000
0
3DFACE
62
254
10
-0.019361
20
-0.028798
30
0.030000
11
-0.021411
21
-0.028941
31
0.030000
12
-0.021009
22
-0.029234
32
0.030000
0
3DFACE
62
254
10
-0.019361
20
-0.028798
30
0.030000
11
-0.021009
21
-0.029234
31
0.030000
12
-0.020602
22
-0.029522
32
0.030000
0
3DFACE
62
254
10
-0.018206
20
-0.027944
30
0.030000
11
-0.021391
21
-0.026866
31
0.030000
12
-0.019361
22
-0.028798
32
0.030000
0
3DFACE
62
254
10
-0.018206
20
-0.027944
30
0.030000
11
-0.021004
21
-0.025794
31
0.030000
12
-0.021391
22
-0.026866
32
0.030000
0
3DFACE
62
254
10
-0.017725
20
-0.027504
30
0.030000
11
-0.020482
21
-0.024781
31
0.030000
12
-0.021004
22
-0.025794
32
0.030000
0
3DFACE
62
254
10
-0.017725
20
-0.027504
30
0.030000
11
-0.021004
21
-0.025794
31
0.030000
12
-0.018206
22
-0.027944
32
0.030000
0
3DFACE
62
254
10
0.002472
20
0.035915
30
0.030000
11
0.001975
21
0.035946
31
0.030000
12
0.001301
22
0.034677
32
0.030000
0
3DFACE
62
254
10
-0.017332
20
-0.027078
30
0.030000
11
-0.020482
21
-0.024781
31
0.030000
12
-0.017725
22
-0.027504
32
0.030000
0
3DFACE
62
254
10
-0.017248
20
-0.026993
30
0.030000
11
-0.020482
21
-0.024781
31
0.030000
12
-0.017332
22
-0.027078
32
0.030000
0
3DFACE
62
254
10
-0.017248
20
-0.026993
30
0.030000
11
-0.020427
21
-0.024675
31
0.030000
12
-0.020482
22
-0.024781
32
0.030000
0
3DFACE
62
254
10
-0.017248
20
-0.026993
30
0.030000
11
-0.020390
21
-0.024562
31
0.030000
12
-0.020427
22
-0.024675
32
0.030000
0
3DFACE
62
254
10
-0.017152
20
-0.026923
30
0.030000
11
-0.020390
21
-0.024562
31
0.030000
12
-0.017248
22
-0.026993
32
0.030000
0
3DFACE
62
254
10
-0.017046
20
-0.026868
30
0.030000
11
-0.020370
21
-0.024444
31
0.030000
12
-0.020390
22
-0.024562
32
0.030000
0
3DFACE
62
254
10
-0.017046
20
-0.026868
30
0.030000
11
-0.020390
21
-0.024562
31
0.030000
12
-0.017152
22
-0.026923
32
0.030000
0
3DFACE
62
254
10
-0.016933
20
-0.026831
30
0.030000
11
-0.020369
21
-0.024325
31
0.030000
12
-0.020370
22
-0.024444
32
0.030000
0
3DFACE
62
254
10
-0.016933
20
-0.026831
30
0.030000
11
-0.020387
21
-0.024207
31
0.030000
12
-0.020369
22
-0.024325
32
0.030000
0
3DFACE
62
254
10
-0.016933
20
-0.026831
30
0.030000
11
-0.020370
21
-0.024444
31
0.030000
12
-0.017046
22
-0.026868
32
0.030000
0
3DFACE
62
254
10
0.002969
20
0.035877
30
0.030000
11
0.002472
21
0.035915
31
0.030000
12
0.001301
22
0.034677
32
0.030000
0
3DFACE
62
254
10
-0.016815
20
-0.026812
30
0.030000
11
-0.020387
21
-0.024207
31
0.030000
12
-0.016933
22
-0.026831
32
0.030000
0
3DFACE
62
254
10
-0.016696
20
-0.026811
30
0.030000
11
-0.020423
21
-0.024093
31
0.030000
12
-0.020387
22
-0.024207
32
0.030000
0
3DFACE
62
254
10
-0.016696
20
-0.026811
30
0.030000
11
-0.020476
21
-0.023987
31
0.030000
12
-0.020423
22
-0.024093
32
0.030000
0
3DFACE
62
254
10
-0.016696
20
-0.026811
30
0.030000
11
-0.020387
21
-0.024207
31
0.030000
12
-0.016815
22
-0.026812
32
0.030000
0
3DFACE
62
254
10
-0.016578
20
-0.026829
30
0.030000
11
-0.020546
21
-0.023890
31
0.030000
12
-0.020476
22
-0.023987
32
0.030000
0
3DFACE
62
254
10
-0.016578
20
-0.026829
30
0.030000
11
-0.020476
21
-0.023987
31
0.030000
12
-0.016696
22
-0.026811
32
0.030000
0
3DFACE
62
254
10
-0.016464
20
-0.026866
30
0.030000
11
-0.020546
21
-0.023890
31
0.030000
12
-0.016578
22
-0.026829
32
0.030000
0
3DFACE
62
254
10
0.004044
20
0.034103
30
0.030000
11
0.003465
21
0.035833
31
0.030000
12
0.002969
22
0.035877
32
0.030000
0
3DFACE
62
254
10
0.004044
20
0.034103
30
0.030000
11
0.001301
21
0.034677
31
0.030000
12
0.000769
22
0.033343
32
0.030000
0
3DFACE
62
254
10
0.004044
20
0.034103
30
0.030000
11
0.002969
21
0.035877
31
0.030000
12
0.001301
22
0.034677
32
0.030000
0
3DFACE
62
254
10
0.004279
20
0.032987
30
0.030000
11
0.004044
21
0.034103
31
0.030000
12
0.000769
22
0.033343
32
0.030000
0
3DFACE
62
254
10
0.004279
20
0.032987
30
0.030000
11
0.000769
21
0.033343
31
0.030000
12
0.000591
22
0.032716
32
0.030000
0
3DFACE
62
254
10
0.004369
20
0.031852
30
0.030000
11
0.000591
21
0.032716
31
0.030000
12
0.000482
22
0.032146
32
0.030000
0
3DFACE
62
254
10
0.004369
20
0.031852
30
0.030000
11
0.004279
21
0.032987
31
0.030000
12
0.000591
22
0.032716
32
0.030000
0
3DFACE
62
254
10
0.004378
20
0.031733
30
0.030000
11
0.004369
21
0.031852
31
0.030000
12
0.000482
22
0.032146
32
0.030000
0
3DFACE
62
254
10
0.004378
20
0.031733
30
0.030000
11
0.000482
21
0.032146
31
0.030000
12
0.000455
22
0.032030
32
0.030000
0
3DFACE
62
254
10
0.004405
20
0.031617
30
0.030000
11
0.004378
21
0.031733
31
0.030000
12
0.000455
22
0.032030
32
0.030000
0
3DFACE
62
254
10
0.004405
20
0.031617
30
0.030000
11
0.000455
21
0.032030
31
0.030000
12
0.000410
22
0.031919
32
0.030000
0
3DFACE
62
254
10
0.004451
20
0.031506
30
0.030000
11
0.000410
21
0.031919
31
0.030000
12
0.000348
22
0.031817
32
0.030000
0
3DFACE
62
254
10
0.004451
20
0.031506
30
0.030000
11
0.004405
21
0.031617
31
0.030000
12
0.000410
22
0.031919
32
0.030000
0
3DFACE
62
254
10
-0.015729
20
-0.032382
30
0.030000
11
-0.016090
21
-0.030339
31
0.030000
12
-0.016176
22
-0.032161
32
0.030000
0
3DFACE
62
254
10
0.004513
20
0.031405
30
0.030000
11
0.000348
21
0.031817
31
0.030000
12
0.000272
22
0.031726
32
0.030000
0
3DFACE
62
254
10
0.004513
20
0.031405
30
0.030000
11
0.004451
21
0.031506
31
0.030000
12
0.000348
22
0.031817
32
0.030000
0
3DFACE
62
254
10
0.004590
20
0.031314
30
0.030000
11
0.000272
21
0.031726
31
0.030000
12
0.000181
22
0.031647
32
0.030000
0
3DFACE
62
254
10
0.004590
20
0.031314
30
0.030000
11
0.004513
21
0.031405
31
0.030000
12
0.000272
22
0.031726
32
0.030000
0
3DFACE
62
254
10
-0.004739
20
0.001593
30
0.030000
11
-0.028603
21
0.013220
31
0.030000
12
-0.030346
22
0.008484
32
0.030000
0
3DFACE
62
254
10
-0.004739
20
0.001593
30
0.030000
11
-0.028542
21
0.013327
31
0.030000
12
-0.028603
22
0.013220
32
0.030000
0
3DFACE
62
254
10
-0.004739
20
0.001593
30
0.030000
11
-0.030346
21
0.008484
31
0.030000
12
-0.030369
22
0.008367
32
0.030000
0
3DFACE
62
254
10
-0.004739
20
0.001593
30
0.030000
11
-0.030460
21
0.008026
31
0.030000
12
-0.030505
22
0.007856
32
0.030000
0
3DFACE
62
254
10
-0.004739
20
0.001593
30
0.030000
11
-0.030415
21
0.008197
31
0.030000
12
-0.030460
22
0.008026
32
0.030000
0
3DFACE
62
254
10
-0.004739
20
0.001593
30
0.030000
11
-0.030369
21
0.008367
31
0.030000
12
-0.030415
22
0.008197
32
0.030000
0
3DFACE
62
254
10
0.004680
20
0.031236
30
0.030000
11
0.000181
21
0.031647
31
0.030000
12
0.000080
22
0.031584
32
0.030000
0
3DFACE
62
254
10
0.004680
20
0.031236
30
0.030000
11
0.004590
21
0.031314
31
0.030000
12
0.000181
22
0.031647
32
0.030000
0
3DFACE
62
254
10
-0.004941
20
0.000765
30
0.030000
11
-0.004739
21
0.001593
31
0.030000
12
-0.030505
22
0.007856
32
0.030000
0
3DFACE
62
254
10
-0.004941
20
0.000765
30
0.030000
11
-0.030505
21
0.007856
31
0.030000
12
-0.030547
22
0.007736
32
0.030000
0
3DFACE
62
254
10
-0.004941
20
0.000765
30
0.030000
11
-0.031388
21
0.002763
31
0.030000
12
-0.031389
22
0.002644
32
0.030000
0
3DFACE
62
254
10
-0.004941
20
0.000765
30
0.030000
11
-0.031416
21
0.002293
31
0.030000
12
-0.031429
22
0.002117
32
0.030000
0
3DFACE
62
254
10
-0.004941
20
0.000765
30
0.030000
11
-0.031403
21
0.002468
31
0.030000
12
-0.031416
22
0.002293
32
0.030000
0
3DFACE
62
254
10
-0.004941
20
0.000765
30
0.030000
11
-0.031389
21
0.002644
31
0.030000
12
-0.031403
22
0.002468
32
0.030000
0
3DFACE
62
254
10
-0.004941
20
0.000765
30
0.030000
11
-0.030547
21
0.007736
31
0.030000
12
-0.031388
22
0.002763
32
0.030000
0
3DFACE
62
254
10
-0.004400
20
0.002375
30
0.030000
11
-0.028270
21
0.013915
31
0.030000
12
-0.028314
22
0.013804
32
0.030000
0
3DFACE
62
254
10
-0.004400
20
0.002375
30
0.030000
11
-0.028467
21
0.013487
31
0.030000
12
-0.028542
22
0.013327
32
0.030000
0
3DFACE
62
254
10
-0.004400
20
0.002375
30
0.030000
11
-0.028391
21
0.013646
31
0.030000
12
-0.028467
22
0.013487
32
0.030000
0
3DFACE
62
254
10
-0.004400
20
0.002375
30
0.030000
11
-0.028314
21
0.013804
31
0.030000
12
-0.028391
22
0.013646
32
0.030000
0
3DFACE
62
254
10
-0.004400
20
0.002375
30
0.030000
11
-0.028542
21
0.013327
31
0.030000
12
-0.004739
22
0.001593
32
0.030000
0
3DFACE
62
254
10
-0.004400
20
0.002375
30
0.030000
11
-0.025683
21
0.018254
31
0.030000
12
-0.028270
22
0.013915
32
0.030000
0
3DFACE
62
254
10
-0.004400
20
0.002375
30
0.030000
11
-0.025607
21
0.018345
31
0.030000
12
-0.025683
22
0.018254
32
0.030000
0
3DFACE
62
254
10
0.004782
20
0.031173
30
0.030000
11
0.000080
21
0.031584
31
0.030000
12
-0.000029
22
0.031538
32
0.030000
0
3DFACE
62
254
10
0.004782
20
0.031173
30
0.030000
11
0.004680
21
0.031236
31
0.030000
12
0.000080
22
0.031584
32
0.030000
0
3DFACE
62
254
10
-0.004999
20
-0.000085
30
0.030000
11
-0.031361
21
-0.003051
31
0.030000
12
-0.031340
22
-0.003169
32
0.030000
0
3DFACE
62
254
10
-0.004999
20
-0.000085
30
0.030000
11
-0.004941
21
0.000765
31
0.030000
12
-0.031429
22
0.002117
32
0.030000
0
3DFACE
62
254
10
-0.004999
20
-0.000085
30
0.030000
11
-0.031448
21
0.001989
31
0.030000
12
-0.031361
22
-0.003051
32
0.030000
0
3DFACE
62
254
10
-0.004999
20
-0.000085
30
0.030000
11
-0.031429
21
0.002117
31
0.030000
12
-0.031448
22
0.001989
32
0.030000
0
3DFACE
62
254
10
0.004892
20
0.031128
30
0.030000
11
-0.000029
21
0.031538
31
0.030000
12
-0.000145
22
0.031509
32
0.030000
0
3DFACE
62
254
10
0.004892
20
0.031128
30
0.030000
11
0.004782
21
0.031173
31
0.030000
12
-0.000029
22
0.031538
32
0.030000
0
3DFACE
62
254
10
-0.003933
20
0.003087
30
0.030000
11
-0.025607
21
0.018345
31
0.030000
12
-0.004400
22
0.002375
32
0.030000
0
3DFACE
62
254
10
-0.003933
20
0.003087
30
0.030000
11
-0.021854
21
0.022690
31
0.030000
12
-0.025232
22
0.018873
32
0.030000
0
3DFACE
62
254
10
-0.003933
20
0.003087
30
0.030000
11
-0.025232
21
0.018873
31
0.030000
12
-0.025296
22
0.018772
32
0.030000
0
3DFACE
62
254
10
-0.003933
20
0.003087
30
0.030000
11
-0.025504
21
0.018488
31
0.030000
12
-0.025607
22
0.018345
32
0.030000
0
3DFACE
62
254
10
-0.003933
20
0.003087
30
0.030000
11
-0.025400
21
0.018630
31
0.030000
12
-0.025504
22
0.018488
32
0.030000
0
3DFACE
62
254
10
-0.003933
20
0.003087
30
0.030000
11
-0.025296
21
0.018772
31
0.030000
12
-0.025400
22
0.018630
32
0.030000
0
3DFACE
62
254
10
-0.004912
20
-0.000933
30
0.030000
11
-0.031303
21
-0.003519
31
0.030000
12
-0.031283
22
-0.003694
32
0.030000
0
3DFACE
62
254
10
-0.004912
20
-0.000933
30
0.030000
11
-0.031279
21
-0.003825
31
0.030000
12
-0.030267
22
-0.008762
32
0.030000
0
3DFACE
62
254
10
-0.004912
20
-0.000933
30
0.030000
11
-0.004999
21
-0.000085
31
0.030000
12
-0.031340
22
-0.003169
32
0.030000
0
3DFACE
62
254
10
-0.004912
20
-0.000933
30
0.030000
11
-0.031322
21
-0.003344
31
0.030000
12
-0.031303
22
-0.003519
32
0.030000
0
3DFACE
62
254
10
-0.004912
20
-0.000933
30
0.030000
11
-0.031340
21
-0.003169
31
0.030000
12
-0.031322
22
-0.003344
32
0.030000
0
3DFACE
62
254
10
-0.004912
20
-0.000933
30
0.030000
11
-0.031283
21
-0.003694
31
0.030000
12
-0.031279
22
-0.003825
32
0.030000
0
3DFACE
62
254
10
-0.004912
20
-0.000933
30
0.030000
11
-0.030267
21
-0.008762
31
0.030000
12
-0.030224
22
-0.008874
32
0.030000
0
3DFACE
62
254
10
-0.003352
20
0.003710
30
0.030000
11
-0.021854
21
0.022690
31
0.030000
12
-0.003933
22
0.003087
32
0.030000
0
3DFACE
62
254
10
-0.003352
20
0.003710
30
0.030000
11
-0.021335
21
0.023188
31
0.030000
12
-0.021415
22
0.023100
32
0.030000
0
3DFACE
62
254
10
-0.003352
20
0.003710
30
0.030000
11
-0.021672
21
0.022859
31
0.030000
12
-0.021800
22
0.022738
32
0.030000
0
3DFACE
62
254
10
-0.003352
20
0.003710
30
0.030000
11
-0.021544
21
0.022980
31
0.030000
12
-0.021672
22
0.022859
32
0.030000
0
3DFACE
62
254
10
-0.003352
20
0.003710
30
0.030000
11
-0.021415
21
0.023100
31
0.030000
12
-0.021544
22
0.022980
32
0.030000
0
3DFACE
62
254
10
-0.003352
20
0.003710
30
0.030000
11
-0.021800
21
0.022738
31
0.030000
12
-0.021854
22
0.022690
32
0.030000
0
3DFACE
62
254
10
-0.003352
20
0.003710
30
0.030000
11
-0.017317
21
0.026318
31
0.030000
12
-0.021335
22
0.023188
32
0.030000
0
3DFACE
62
254
10
-0.004683
20
-0.001753
30
0.030000
11
-0.004912
21
-0.000933
31
0.030000
12
-0.030224
22
-0.008874
32
0.030000
0
3DFACE
62
254
10
-0.004683
20
-0.001753
30
0.030000
11
-0.030043
21
-0.009509
31
0.030000
12
-0.028141
22
-0.014174
32
0.030000
0
3DFACE
62
254
10
-0.004683
20
-0.001753
30
0.030000
11
-0.030123
21
-0.009211
31
0.030000
12
-0.030071
22
-0.009379
32
0.030000
0
3DFACE
62
254
10
-0.004683
20
-0.001753
30
0.030000
11
-0.030174
21
-0.009042
31
0.030000
12
-0.030123
22
-0.009211
32
0.030000
0
3DFACE
62
254
10
-0.004683
20
-0.001753
30
0.030000
11
-0.030224
21
-0.008874
31
0.030000
12
-0.030174
22
-0.009042
32
0.030000
0
3DFACE
62
254
10
-0.004683
20
-0.001753
30
0.030000
11
-0.030071
21
-0.009379
31
0.030000
12
-0.030043
22
-0.009509
32
0.030000
0
3DFACE
62
254
10
-0.004683
20
-0.001753
30
0.030000
11
-0.028141
21
-0.014174
31
0.030000
12
-0.028079
22
-0.014276
32
0.030000
0
3DFACE
62
254
10
-0.002673
20
0.004225
30
0.030000
11
-0.016711
21
0.026713
31
0.030000
12
-0.016806
22
0.026642
32
0.030000
0
3DFACE
62
254
10
-0.002673
20
0.004225
30
0.030000
11
-0.017103
21
0.026453
31
0.030000
12
-0.017251
22
0.026357
32
0.030000
0
3DFACE
62
254
10
-0.002673
20
0.004225
30
0.030000
11
-0.016955
21
0.026548
31
0.030000
12
-0.017103
22
0.026453
32
0.030000
0
3DFACE
62
254
10
-0.002673
20
0.004225
30
0.030000
11
-0.016806
21
0.026642
31
0.030000
12
-0.016955
22
0.026548
32
0.030000
0
3DFACE
62
254
10
-0.002673
20
0.004225
30
0.030000
11
-0.017294
21
0.026330
31
0.030000
12
-0.017317
22
0.026318
32
0.030000
0
3DFACE
62
254
10
-0.002673
20
0.004225
30
0.030000
11
-0.017272
21
0.026343
31
0.030000
12
-0.017294
22
0.026330
32
0.030000
0
3DFACE
62
254
10
-0.002673
20
0.004225
30
0.030000
11
-0.017251
21
0.026357
31
0.030000
12
-0.017272
22
0.026343
32
0.030000
0
3DFACE
62
254
10
-0.002673
20
0.004225
30
0.030000
11
-0.017317
21
0.026318
31
0.030000
12
-0.003352
22
0.003710
32
0.030000
0
3DFACE
62
254
10
-0.013740
20
-0.031865
30
0.030000
11
-0.016090
21
-0.030339
31
0.030000
12
-0.015729
22
-0.032382
32
0.030000
0
3DFACE
62
254
10
-0.013740
20
-0.031865
30
0.030000
11
-0.015729
21
-0.032382
31
0.030000
12
-0.015279
22
-0.032597
32
0.030000
0
3DFACE
62
254
10
-0.013740
20
-0.031865
30
0.030000
11
-0.015279
21
-0.032597
31
0.030000
12
-0.014826
22
-0.032805
32
0.030000
0
3DFACE
62
254
10
-0.004317
20
-0.002523
30
0.030000
11
-0.004683
21
-0.001753
31
0.030000
12
-0.028079
22
-0.014276
32
0.030000
0
3DFACE
62
254
10
-0.004317
20
-0.002523
30
0.030000
11
-0.025058
21
-0.019104
31
0.030000
12
-0.024978
22
-0.019193
32
0.030000
0
3DFACE
62
254
10
-0.004317
20
-0.002523
30
0.030000
11
-0.027788
21
-0.014855
31
0.030000
12
-0.025058
22
-0.019104
32
0.030000
0
3DFACE
62
254
10
-0.004317
20
-0.002523
30
0.030000
11
-0.027918
21
-0.014589
31
0.030000
12
-0.027836
22
-0.014745
32
0.030000
0
3DFACE
62
254
10
-0.004317
20
-0.002523
30
0.030000
11
-0.027999
21
-0.014433
31
0.030000
12
-0.027918
22
-0.014589
32
0.030000
0
3DFACE
62
254
10
-0.004317
20
-0.002523
30
0.030000
11
-0.028079
21
-0.014276
31
0.030000
12
-0.027999
22
-0.014433
32
0.030000
0
3DFACE
62
254
10
-0.004317
20
-0.002523
30
0.030000
11
-0.027836
21
-0.014745
31
0.030000
12
-0.027788
22
-0.014855
32
0.030000
0
3DFACE
62
254
10
-0.001917
20
0.004618
30
0.030000
11
-0.012114
21
0.029078
31
0.030000
12
-0.012227
22
0.029040
32
0.030000
0
3DFACE
62
254
10
-0.001917
20
0.004618
30
0.030000
11
-0.012227
21
0.029040
31
0.030000
12
-0.016711
22
0.026713
32
0.030000
0
3DFACE
62
254
10
-0.001917
20
0.004618
30
0.030000
11
-0.016711
21
0.026713
31
0.030000
12
-0.002673
22
0.004225
32
0.030000
0
3DFACE
62
254
10
-0.001917
20
0.004618
30
0.030000
11
-0.011601
21
0.029286
31
0.030000
12
-0.011624
22
0.029277
32
0.030000
0
3DFACE
62
254
10
-0.001917
20
0.004618
30
0.030000
11
-0.011578
21
0.029297
31
0.030000
12
-0.011601
22
0.029286
32
0.030000
0
3DFACE
62
254
10
-0.001917
20
0.004618
30
0.030000
11
-0.011555
21
0.029308
31
0.030000
12
-0.011578
22
0.029297
32
0.030000
0
3DFACE
62
254
10
-0.001917
20
0.004618
30
0.030000
11
-0.011951
21
0.029145
31
0.030000
12
-0.012114
22
0.029078
32
0.030000
0
3DFACE
62
254
10
-0.001917
20
0.004618
30
0.030000
11
-0.011788
21
0.029211
31
0.030000
12
-0.011951
22
0.029145
32
0.030000
0
3DFACE
62
254
10
-0.001917
20
0.004618
30
0.030000
11
-0.011624
21
0.029277
31
0.030000
12
-0.011788
22
0.029211
32
0.030000
0
3DFACE
62
254
10
-0.012762
20
-0.030813
30
0.030000
11
-0.016090
21
-0.030339
31
0.030000
12
-0.013740
22
-0.031865
32
0.030000
0
3DFACE
62
254
10
-0.012762
20
-0.030813
30
0.030000
11
-0.015907
21
-0.029214
31
0.030000
12
-0.016090
22
-0.030339
32
0.030000
0
3DFACE
62
254
10
-0.003826
20
-0.003219
30
0.030000
11
-0.004317
21
-0.002523
31
0.030000
12
-0.024978
22
-0.019193
32
0.030000
0
3DFACE
62
254
10
-0.003826
20
-0.003219
30
0.030000
11
-0.024762
21
-0.019471
31
0.030000
12
-0.024652
22
-0.019609
32
0.030000
0
3DFACE
62
254
10
-0.003826
20
-0.003219
30
0.030000
11
-0.024870
21
-0.019332
31
0.030000
12
-0.024762
22
-0.019471
32
0.030000
0
3DFACE
62
254
10
-0.003826
20
-0.003219
30
0.030000
11
-0.024978
21
-0.019193
31
0.030000
12
-0.024870
22
-0.019332
32
0.030000
0
3DFACE
62
254
10
-0.003826
20
-0.003219
30
0.030000
11
-0.024652
21
-0.019609
31
0.030000
12
-0.024586
22
-0.019708
32
0.030000
0
3DFACE
62
254
10
-0.003826
20
-0.003219
30
0.030000
11
-0.021121
21
-0.023383
31
0.030000
12
-0.021026
22
-0.023456
32
0.030000
0
3DFACE
62
254
10
-0.003826
20
-0.003219
30
0.030000
11
-0.024586
21
-0.019708
31
0.030000
12
-0.021121
22
-0.023383
32
0.030000
0
3DFACE
62
254
10
-0.012369
20
-0.030293
30
0.030000
11
-0.015907
21
-0.029214
31
0.030000
12
-0.012762
22
-0.030813
32
0.030000
0
3DFACE
62
254
10
-0.012369
20
-0.030293
30
0.030000
11
-0.015580
21
-0.028123
31
0.030000
12
-0.015907
22
-0.029214
32
0.030000
0
3DFACE
62
254
10
-0.001105
20
0.004876
30
0.030000
11
-0.006683
21
0.030793
31
0.030000
12
-0.011555
22
0.029308
32
0.030000
0
3DFACE
62
254
10
-0.001105
20
0.004876
30
0.030000
11
-0.005977
21
0.030931
31
0.030000
12
-0.006047
22
0.030914
32
0.030000
0
3DFACE
62
254
10
-0.001105
20
0.004876
30
0.030000
11
-0.006392
21
0.030845
31
0.030000
12
-0.006565
22
0.030808
32
0.030000
0
3DFACE
62
254
10
-0.001105
20
0.004876
30
0.030000
11
-0.006220
21
0.030880
31
0.030000
12
-0.006392
22
0.030845
32
0.030000
0
3DFACE
62
254
10
-0.001105
20
0.004876
30
0.030000
11
-0.006047
21
0.030914
31
0.030000
12
-0.006220
22
0.030880
32
0.030000
0
3DFACE
62
254
10
-0.001105
20
0.004876
30
0.030000
11
-0.006565
21
0.030808
31
0.030000
12
-0.006683
22
0.030793
32
0.030000
0
3DFACE
62
254
10
-0.001105
20
0.004876
30
0.030000
11
-0.011555
21
0.029308
31
0.030000
12
-0.001917
22
0.004618
32
0.030000
0
3DFACE
62
254
10
-0.012062
20
-0.029801
30
0.030000
11
-0.015580
21
-0.028123
31
0.030000
12
-0.012369
22
-0.030293
32
0.030000
0
3DFACE
62
254
10
-0.011995
20
-0.029703
30
0.030000
11
-0.015545
21
-0.028008
31
0.030000
12
-0.015580
22
-0.028123
32
0.030000
0
3DFACE
62
254
10
-0.011995
20
-0.029703
30
0.030000
11
-0.015580
21
-0.028123
31
0.030000
12
-0.012062
22
-0.029801
32
0.030000
0
3DFACE
62
254
10
-0.011913
20
-0.029616
30
0.030000
11
-0.015545
21
-0.028008
31
0.030000
12
-0.011995
22
-0.029703
32
0.030000
0
3DFACE
62
254
10
-0.011913
20
-0.029616
30
0.030000
11
-0.015529
21
-0.027890
31
0.030000
12
-0.015545
22
-0.028008
32
0.030000
0
3DFACE
62
254
10
-0.011819
20
-0.029543
30
0.030000
11
-0.015529
21
-0.027890
31
0.030000
12
-0.011913
22
-0.029616
32
0.030000
0
3DFACE
62
254
10
-0.011819
20
-0.029543
30
0.030000
11
-0.015532
21
-0.027771
31
0.030000
12
-0.015529
22
-0.027890
32
0.030000
0
3DFACE
62
254
10
-0.011714
20
-0.029485
30
0.030000
11
-0.015532
21
-0.027771
31
0.030000
12
-0.011819
22
-0.029543
32
0.030000
0
3DFACE
62
254
10
-0.011714
20
-0.029485
30
0.030000
11
-0.015553
21
-0.027654
31
0.030000
12
-0.015532
22
-0.027771
32
0.030000
0
3DFACE
62
254
10
-0.011602
20
-0.029445
30
0.030000
11
-0.015553
21
-0.027654
31
0.030000
12
-0.011714
22
-0.029485
32
0.030000
0
3DFACE
62
254
10
-0.011602
20
-0.029445
30
0.030000
11
-0.015592
21
-0.027541
31
0.030000
12
-0.015553
22
-0.027654
32
0.030000
0
3DFACE
62
254
10
-0.011602
20
-0.029445
30
0.030000
11
-0.015648
21
-0.027436
31
0.030000
12
-0.015592
22
-0.027541
32
0.030000
0
3DFACE
62
254
10
-0.011485
20
-0.029423
30
0.030000
11
-0.015648
21
-0.027436
31
0.030000
12
-0.011602
22
-0.029445
32
0.030000
0
3DFACE
62
254
10
-0.011366
20
-0.029419
30
0.030000
11
-0.015648
21
-0.027436
31
0.030000
12
-0.011485
22
-0.029423
32
0.030000
0
3DFACE
62
254
10
-0.011366
20
-0.029419
30
0.030000
11
-0.015720
21
-0.027341
31
0.030000
12
-0.015648
22
-0.027436
32
0.030000
0
3DFACE
62
254
10
-0.003224
20
-0.003822
30
0.030000
11
-0.020546
21
-0.023890
31
0.030000
12
-0.016464
22
-0.026866
32
0.030000
0
3DFACE
62
254
10
-0.003224
20
-0.003822
30
0.030000
11
-0.020762
21
-0.023689
31
0.030000
12
-0.020630
22
-0.023805
32
0.030000
0
3DFACE
62
254
10
-0.003224
20
-0.003822
30
0.030000
11
-0.020894
21
-0.023573
31
0.030000
12
-0.020762
22
-0.023689
32
0.030000
0
3DFACE
62
254
10
-0.003224
20
-0.003822
30
0.030000
11
-0.021026
21
-0.023456
31
0.030000
12
-0.020894
22
-0.023573
32
0.030000
0
3DFACE
62
254
10
-0.003224
20
-0.003822
30
0.030000
11
-0.020630
21
-0.023805
31
0.030000
12
-0.020546
22
-0.023890
32
0.030000
0
3DFACE
62
254
10
-0.003224
20
-0.003822
30
0.030000
11
-0.003826
21
-0.003219
31
0.030000
12
-0.021026
22
-0.023456
32
0.030000
0
3DFACE
62
254
10
0.009029
20
0.034849
30
0.030000
11
0.008546
21
0.034971
31
0.030000
12
0.007651
22
0.033847
32
0.030000
0
3DFACE
62
254
10
-0.011247
20
-0.029434
30
0.030000
11
-0.015720
21
-0.027341
31
0.030000
12
-0.011366
22
-0.029419
32
0.030000
0
3DFACE
62
254
10
-0.011247
20
-0.029434
30
0.030000
11
-0.015806
21
-0.027258
31
0.030000
12
-0.015720
22
-0.027341
32
0.030000
0
3DFACE
62
254
10
-0.000261
20
0.004993
30
0.030000
11
-0.000616
21
0.031494
31
0.030000
12
-0.000792
22
0.031490
32
0.030000
0
3DFACE
62
254
10
-0.000261
20
0.004993
30
0.030000
11
-0.000440
21
0.031497
31
0.030000
12
-0.000616
22
0.031494
32
0.030000
0
3DFACE
62
254
10
-0.000261
20
0.004993
30
0.030000
11
-0.000264
21
0.031499
31
0.030000
12
-0.000440
22
0.031497
32
0.030000
0
3DFACE
62
254
10
-0.000261
20
0.004993
30
0.030000
11
-0.005977
21
0.030931
31
0.030000
12
-0.001105
22
0.004876
32
0.030000
0
3DFACE
62
254
10
-0.000261
20
0.004993
30
0.030000
11
-0.000792
21
0.031490
31
0.030000
12
-0.000911
22
0.031496
32
0.030000
0
3DFACE
62
254
10
-0.000261
20
0.004993
30
0.030000
11
-0.000911
21
0.031496
31
0.030000
12
-0.005977
22
0.030931
32
0.030000
0
3DFACE
62
254
10
0.009511
20
0.034721
30
0.030000
11
0.009029
21
0.034849
31
0.030000
12
0.007651
22
0.033847
32
0.030000
0
3DFACE
62
254
10
-0.002528
20
-0.004314
30
0.030000
11
-0.003224
21
-0.003822
31
0.030000
12
-0.016464
22
-0.026866
32
0.030000
0
3DFACE
62
254
10
-0.002528
20
-0.004314
30
0.030000
11
-0.015806
21
-0.027258
31
0.030000
12
-0.011247
22
-0.029434
32
0.030000
0
3DFACE
62
254
10
-0.002528
20
-0.004314
30
0.030000
11
-0.016464
21
-0.026866
31
0.030000
12
-0.016358
22
-0.026920
32
0.030000
0
3DFACE
62
254
10
-0.002528
20
-0.004314
30
0.030000
11
-0.016056
21
-0.027101
31
0.030000
12
-0.015904
22
-0.027190
32
0.030000
0
3DFACE
62
254
10
-0.002528
20
-0.004314
30
0.030000
11
-0.016207
21
-0.027011
31
0.030000
12
-0.016056
22
-0.027101
32
0.030000
0
3DFACE
62
254
10
-0.002528
20
-0.004314
30
0.030000
11
-0.016358
21
-0.026920
31
0.030000
12
-0.016207
22
-0.027011
32
0.030000
0
3DFACE
62
254
10
-0.002528
20
-0.004314
30
0.030000
11
-0.015904
21
-0.027190
31
0.030000
12
-0.015806
22
-0.027258
32
0.030000
0
3DFACE
62
254
10
0.000591
20
0.004965
30
0.030000
11
0.005182
21
0.031071
31
0.030000
12
0.005008
22
0.031099
32
0.030000
0
3DFACE
62
254
10
0.000591
20
0.004965
30
0.030000
11
0.005355
21
0.031041
31
0.030000
12
0.005182
22
0.031071
32
0.030000
0
3DFACE
62
254
10
0.000591
20
0.004965
30
0.030000
11
0.005529
21
0.031011
31
0.030000
12
0.005355
22
0.031041
32
0.030000
0
3DFACE
62
254
10
0.000591
20
0.004965
30
0.030000
11
0.005008
21
0.031099
31
0.030000
12
0.004892
22
0.031128
32
0.030000
0
3DFACE
62
254
10
0.000591
20
0.004965
30
0.030000
11
-0.000145
21
0.031509
31
0.030000
12
-0.000264
22
0.031499
32
0.030000
0
3DFACE
62
254
10
0.000591
20
0.004965
30
0.030000
11
-0.000264
21
0.031499
31
0.030000
12
-0.000261
22
0.004993
32
0.030000
0
3DFACE
62
254
10
0.000591
20
0.004965
30
0.030000
11
0.004892
21
0.031128
31
0.030000
12
-0.000145
22
0.031509
32
0.030000
0
3DFACE
62
254
10
-0.001759
20
-0.004680
30
0.030000
11
-0.010803
21
-0.029590
31
0.030000
12
-0.010637
22
-0.029650
32
0.030000
0
3DFACE
62
254
10
-0.001759
20
-0.004680
30
0.030000
11
-0.010968
21
-0.029529
31
0.030000
12
-0.010803
22
-0.029590
32
0.030000
0
3DFACE
62
254
10
-0.001759
20
-0.004680
30
0.030000
11
-0.011133
21
-0.029467
31
0.030000
12
-0.010968
22
-0.029529
32
0.030000
0
3DFACE
62
254
10
-0.001759
20
-0.004680
30
0.030000
11
-0.010637
21
-0.029650
31
0.030000
12
-0.010528
22
-0.029699
32
0.030000
0
3DFACE
62
254
10
-0.001759
20
-0.004680
30
0.030000
11
-0.002528
21
-0.004314
31
0.030000
12
-0.011247
22
-0.029434
32
0.030000
0
3DFACE
62
254
10
-0.001759
20
-0.004680
30
0.030000
11
-0.011247
21
-0.029434
31
0.030000
12
-0.011133
22
-0.029467
32
0.030000
0
3DFACE
62
254
10
0.010242
20
0.032779
30
0.030000
11
0.009511
21
0.034721
31
0.030000
12
0.007651
22
0.033847
32
0.030000
0
3DFACE
62
254
10
0.010242
20
0.032779
30
0.030000
11
0.009991
21
0.034586
31
0.030000
12
0.009511
22
0.034721
32
0.030000
0
3DFACE
62
254
10
0.010242
20
0.032779
30
0.030000
11
0.007651
21
0.033847
31
0.030000
12
0.006883
22
0.032634
32
0.030000
0
3DFACE
62
254
10
0.001425
20
0.004793
30
0.030000
11
0.005529
21
0.031011
31
0.030000
12
0.000591
22
0.004965
32
0.030000
0
3DFACE
62
254
10
0.001425
20
0.004793
30
0.030000
11
0.005653
21
0.030999
31
0.030000
12
0.005529
22
0.031011
32
0.030000
0
3DFACE
62
254
10
0.010268
20
0.031639
30
0.030000
11
0.010242
21
0.032779
31
0.030000
12
0.006883
22
0.032634
32
0.030000
0
3DFACE
62
254
10
0.010268
20
0.031639
30
0.030000
11
0.006883
21
0.032634
31
0.030000
12
0.006592
22
0.032050
32
0.030000
0
3DFACE
62
254
10
0.010147
20
0.030506
30
0.030000
11
0.010268
21
0.031639
31
0.030000
12
0.006592
22
0.032050
32
0.030000
0
3DFACE
62
254
10
0.010147
20
0.030506
30
0.030000
11
0.006592
21
0.032050
31
0.030000
12
0.006380
22
0.031510
32
0.030000
0
3DFACE
62
254
10
0.010147
20
0.030506
30
0.030000
11
0.006380
21
0.031510
31
0.030000
12
0.006334
22
0.031405
32
0.030000
0
3DFACE
62
254
10
0.010134
20
0.030388
30
0.030000
11
0.010147
21
0.030506
31
0.030000
12
0.006334
22
0.031405
32
0.030000
0
3DFACE
62
254
10
0.010134
20
0.030388
30
0.030000
11
0.006334
21
0.031405
31
0.030000
12
0.006273
22
0.031307
32
0.030000
0
3DFACE
62
254
10
0.010140
20
0.030269
30
0.030000
11
0.010134
21
0.030388
31
0.030000
12
0.006273
22
0.031307
32
0.030000
0
3DFACE
62
254
10
0.010140
20
0.030269
30
0.030000
11
0.006273
21
0.031307
31
0.030000
12
0.006198
22
0.031220
32
0.030000
0
3DFACE
62
254
10
-0.000939
20
-0.004911
30
0.030000
11
-0.001759
21
-0.004680
31
0.030000
12
-0.010528
22
-0.029699
32
0.030000
0
3DFACE
62
254
10
0.010164
20
0.030152
30
0.030000
11
0.010140
21
0.030269
31
0.030000
12
0.006198
22
0.031220
32
0.030000
0
3DFACE
62
254
10
0.010164
20
0.030152
30
0.030000
11
0.006198
21
0.031220
31
0.030000
12
0.006110
22
0.031145
32
0.030000
0
3DFACE
62
254
10
0.010207
20
0.030041
30
0.030000
11
0.010164
21
0.030152
31
0.030000
12
0.006110
22
0.031145
32
0.030000
0
3DFACE
62
254
10
0.010207
20
0.030041
30
0.030000
11
0.006110
21
0.031145
31
0.030000
12
0.006012
22
0.031085
32
0.030000
0
3DFACE
62
254
10
0.010266
20
0.029937
30
0.030000
11
0.006012
21
0.031085
31
0.030000
12
0.005898
22
0.031037
32
0.030000
0
3DFACE
62
254
10
0.010266
20
0.029937
30
0.030000
11
0.010207
21
0.030041
31
0.030000
12
0.006012
22
0.031085
32
0.030000
0
3DFACE
62
254
10
0.010340
20
0.029844
30
0.030000
11
0.010266
21
0.029937
31
0.030000
12
0.005898
22
0.031037
32
0.030000
0
3DFACE
62
254
10
0.010340
20
0.029844
30
0.030000
11
0.005898
21
0.031037
31
0.030000
12
0.005777
22
0.031008
32
0.030000
0
3DFACE
62
254
10
0.010429
20
0.029764
30
0.030000
11
0.010340
21
0.029844
31
0.030000
12
0.005777
22
0.031008
32
0.030000
0
3DFACE
62
254
10
0.010429
20
0.029764
30
0.030000
11
0.005777
21
0.031008
31
0.030000
12
0.005653
22
0.030999
32
0.030000
0
3DFACE
62
254
10
0.010528
20
0.029699
30
0.030000
11
0.005653
21
0.030999
31
0.030000
12
0.001425
22
0.004793
32
0.030000
0
3DFACE
62
254
10
0.010528
20
0.029699
30
0.030000
11
0.010429
21
0.029764
31
0.030000
12
0.005653
22
0.030999
32
0.030000
0
3DFACE
62
254
10
0.010637
20
0.029650
30
0.030000
11
0.010528
21
0.029699
31
0.030000
12
0.001425
22
0.004793
32
0.030000
0
3DFACE
62
254
10
0.010803
20
0.029590
30
0.030000
11
0.010637
21
0.029650
31
0.030000
12
0.001425
22
0.004793
32
0.030000
0
3DFACE
62
254
10
-0.009511
20
-0.034721
30
0.030000
11
-0.010242
21
-0.032779
31
0.030000
12
-0.009991
22
-0.034586
32
0.030000
0
3DFACE
62
254
10
0.010968
20
0.029529
30
0.030000
11
0.010803
21
0.029590
31
0.030000
12
0.001425
22
0.004793
32
0.030000
0
3DFACE
62
254
10
0.011133
20
0.029467
30
0.030000
11
0.010968
21
0.029529
31
0.030000
12
0.001425
22
0.004793
32
0.030000
0
3DFACE
62
254
10
0.011133
20
0.029467
30
0.030000
11
0.001425
21
0.004793
31
0.030000
12
0.002218
22
0.004481
32
0.030000
0
3DFACE
62
254
10
0.011256
20
0.029432
30
0.030000
11
0.011133
21
0.029467
31
0.030000
12
0.002218
22
0.004481
32
0.030000
0
3DFACE
62
254
10
-0.007651
20
-0.033847
30
0.030000
11
-0.010242
21
-0.032779
31
0.030000
12
-0.009511
22
-0.034721
32
0.030000
0
3DFACE
62
254
10
-0.007651
20
-0.033847
30
0.030000
11
-0.009511
21
-0.034721
31
0.030000
12
-0.009029
22
-0.034849
32
0.030000
0
3DFACE
62
254
10
-0.007651
20
-0.033847
30
0.030000
11
-0.009029
21
-0.034849
31
0.030000
12
-0.008546
22
-0.034971
32
0.030000
0
3DFACE
62
254
10
-0.006883
20
-0.032634
30
0.030000
11
-0.010268
21
-0.031639
31
0.030000
12
-0.010242
22
-0.032779
32
0.030000
0
3DFACE
62
254
10
-0.006883
20
-0.032634
30
0.030000
11
-0.010242
21
-0.032779
31
0.030000
12
-0.007651
22
-0.033847
32
0.030000
0
3DFACE
62
254
10
0.001859
20
-0.005265
30
0.030000
11
0.000759
21
-0.004942
31
0.030000
12
-0.000091
22
-0.004999
32
0.030000
0
3DFACE
62
254
10
0.001859
20
-0.005265
30
0.030000
11
0.001587
21
-0.004741
31
0.030000
12
0.000759
22
-0.004942
32
0.030000
0
3DFACE
62
254
10
-0.006592
20
-0.032050
30
0.030000
11
-0.010147
21
-0.030506
31
0.030000
12
-0.010268
22
-0.031639
32
0.030000
0
3DFACE
62
254
10
-0.006592
20
-0.032050
30
0.030000
11
-0.010268
21
-0.031639
31
0.030000
12
-0.006883
22
-0.032634
32
0.030000
0
3DFACE
62
254
10
-0.006380
20
-0.031510
30
0.030000
11
-0.010147
21
-0.030506
31
0.030000
12
-0.006592
22
-0.032050
32
0.030000
0
3DFACE
62
254
10
-0.006333
20
-0.031401
30
0.030000
11
-0.010134
21
-0.030388
31
0.030000
12
-0.010147
22
-0.030506
32
0.030000
0
3DFACE
62
254
10
-0.006333
20
-0.031401
30
0.030000
11
-0.010147
21
-0.030506
31
0.030000
12
-0.006380
22
-0.031510
32
0.030000
0
3DFACE
62
254
10
-0.006268
20
-0.031301
30
0.030000
11
-0.010140
21
-0.030269
31
0.030000
12
-0.010134
22
-0.030388
32
0.030000
0
3DFACE
62
254
10
-0.006268
20
-0.031301
30
0.030000
11
-0.010134
21
-0.030388
31
0.030000
12
-0.006333
22
-0.031401
32
0.030000
0
3DFACE
62
254
10
-0.006189
20
-0.031211
30
0.030000
11
-0.010164
21
-0.030152
31
0.030000
12
-0.010140
22
-0.030269
32
0.030000
0
3DFACE
62
254
10
-0.006189
20
-0.031211
30
0.030000
11
-0.010207
21
-0.030041
31
0.030000
12
-0.010164
22
-0.030152
32
0.030000
0
3DFACE
62
254
10
-0.006189
20
-0.031211
30
0.030000
11
-0.010140
21
-0.030269
31
0.030000
12
-0.006268
22
-0.031301
32
0.030000
0
3DFACE
62
254
10
-0.006097
20
-0.031136
30
0.030000
11
-0.010207
21
-0.030041
31
0.030000
12
-0.006189
22
-0.031211
32
0.030000
0
3DFACE
62
254
10
-0.005994
20
-0.031075
30
0.030000
11
-0.010266
21
-0.029937
31
0.030000
12
-0.010207
22
-0.030041
32
0.030000
0
3DFACE
62
254
10
-0.005994
20
-0.031075
30
0.030000
11
-0.010340
21
-0.029844
31
0.030000
12
-0.010266
22
-0.029937
32
0.030000
0
3DFACE
62
254
10
-0.005994
20
-0.031075
30
0.030000
11
-0.010207
21
-0.030041
31
0.030000
12
-0.006097
22
-0.031136
32
0.030000
0
3DFACE
62
254
10
-0.005883
20
-0.031032
30
0.030000
11
-0.010340
21
-0.029844
31
0.030000
12
-0.005994
22
-0.031075
32
0.030000
0
3DFACE
62
254
10
-0.005767
20
-0.031006
30
0.030000
11
-0.010429
21
-0.029764
31
0.030000
12
-0.010340
22
-0.029844
32
0.030000
0
3DFACE
62
254
10
-0.005767
20
-0.031006
30
0.030000
11
-0.010340
21
-0.029844
31
0.030000
12
-0.005883
22
-0.031032
32
0.030000
0
3DFACE
62
254
10
-0.005647
20
-0.030999
30
0.030000
11
-0.010429
21
-0.029764
31
0.030000
12
-0.005767
22
-0.031006
32
0.030000
0
3DFACE
62
254
10
-0.005647
20
-0.030999
30
0.030000
11
-0.010528
21
-0.029699
31
0.030000
12
-0.010429
22
-0.029764
32
0.030000
0
3DFACE
62
254
10
-0.005647
20
-0.030999
30
0.030000
11
-0.000939
21
-0.004911
31
0.030000
12
-0.010528
22
-0.029699
32
0.030000
0
3DFACE
62
254
10
-0.005529
20
-0.031011
30
0.030000
11
-0.000939
21
-0.004911
31
0.030000
12
-0.005647
22
-0.030999
32
0.030000
0
3DFACE
62
254
10
-0.005355
20
-0.031041
30
0.030000
11
-0.000939
21
-0.004911
31
0.030000
12
-0.005529
22
-0.031011
32
0.030000
0
3DFACE
62
254
10
-0.005182
20
-0.031071
30
0.030000
11
-0.000939
21
-0.004911
31
0.030000
12
-0.005355
22
-0.031041
32
0.030000
0
3DFACE
62
254
10
0.003605
20
-0.003465
30
0.030000
11
0.002964
21
-0.004027
31
0.030000
12
0.003236
22
-0.004551
32
0.030000
0
3DFACE
62
254
10
-0.005008
20
-0.031099
30
0.030000
11
-0.000939
21
-0.004911
31
0.030000
12
-0.005182
22
-0.031071
32
0.030000
0
3DFACE
62
254
10
-0.005008
20
-0.031099
30
0.030000
11
-0.000091
21
-0.004999
31
0.030000
12
-0.000939
22
-0.004911
32
0.030000
0
3DFACE
62
254
10
0.015279
20
0.032597
30
0.030000
11
0.014826
21
0.032805
31
0.030000
12
0.013740
22
0.031865
32
0.030000
0
3DFACE
62
254
10
-0.004892
20
-0.031128
30
0.030000
11
-0.000091
21
-0.004999
31
0.030000
12
-0.005008
22
-0.031099
32
0.030000
0
3DFACE
62
254
10
0.004141
20
-0.002803
30
0.030000
11
0.003605
21
-0.003465
31
0.030000
12
0.003236
22
-0.004551
32
0.030000
0
3DFACE
62
254
10
0.015729
20
0.032382
30
0.030000
11
0.015279
21
0.032597
31
0.030000
12
0.013740
22
0.031865
32
0.030000
0
3DFACE
62
254
10
0.016090
20
0.030339
30
0.030000
11
0.015729
21
0.032382
31
0.030000
12
0.013740
22
0.031865
32
0.030000
0
3DFACE
62
254
10
0.016090
20
0.030339
30
0.030000
11
0.016176
21
0.032161
31
0.030000
12
0.015729
22
0.032382
32
0.030000
0
3DFACE
62
254
10
0.016090
20
0.030339
30
0.030000
11
0.013740
21
0.031865
31
0.030000
12
0.012762
22
0.030813
32
0.030000
0
3DFACE
62
254
10
0.015907
20
0.029214
30
0.030000
11
0.012762
21
0.030813
31
0.030000
12
0.012369
22
0.030293
32
0.030000
0
3DFACE
62
254
10
0.015907
20
0.029214
30
0.030000
11
0.016090
21
0.030339
31
0.030000
12
0.012762
22
0.030813
32
0.030000
0
3DFACE
62
254
10
0.015580
20
0.028123
30
0.030000
11
0.012369
21
0.030293
31
0.030000
12
0.012062
22
0.029801
32
0.030000
0
3DFACE
62
254
10
0.015580
20
0.028123
30
0.030000
11
0.015907
21
0.029214
31
0.030000
12
0.012369
22
0.030293
32
0.030000
0
3DFACE
62
254
10
0.015580
20
0.028123
30
0.030000
11
0.012062
21
0.029801
31
0.030000
12
0.012001
22
0.029711
32
0.030000
0
3DFACE
62
254
10
0.015545
20
0.028008
30
0.030000
11
0.015580
21
0.028123
31
0.030000
12
0.012001
22
0.029711
32
0.030000
0
3DFACE
62
254
10
0.015545
20
0.028008
30
0.030000
11
0.012001
21
0.029711
31
0.030000
12
0.011928
22
0.029630
32
0.030000
0
3DFACE
62
254
10
0.015529
20
0.027890
30
0.030000
11
0.011928
21
0.029630
31
0.030000
12
0.011844
22
0.029560
32
0.030000
0
3DFACE
62
254
10
0.015529
20
0.027890
30
0.030000
11
0.015545
21
0.028008
31
0.030000
12
0.011928
22
0.029630
32
0.030000
0
3DFACE
62
254
10
0.015532
20
0.027771
30
0.030000
11
0.011844
21
0.029560
31
0.030000
12
0.011752
22
0.029503
32
0.030000
0
3DFACE
62
254
10
0.015532
20
0.027771
30
0.030000
11
0.015529
21
0.027890
31
0.030000
12
0.011844
22
0.029560
32
0.030000
0
3DFACE
62
254
10
0.015553
20
0.027654
30
0.030000
11
0.015532
21
0.027771
31
0.030000
12
0.011752
22
0.029503
32
0.030000
0
3DFACE
62
254
10
0.015553
20
0.027654
30
0.030000
11
0.011752
21
0.029503
31
0.030000
12
0.011634
22
0.029454
32
0.030000
0
3DFACE
62
254
10
0.015592
20
0.027541
30
0.030000
11
0.015553
21
0.027654
31
0.030000
12
0.011634
22
0.029454
32
0.030000
0
3DFACE
62
254
10
0.015592
20
0.027541
30
0.030000
11
0.011634
21
0.029454
31
0.030000
12
0.011510
22
0.029426
32
0.030000
0
3DFACE
62
254
10
0.015648
20
0.027436
30
0.030000
11
0.015592
21
0.027541
31
0.030000
12
0.011510
22
0.029426
32
0.030000
0
3DFACE
62
254
10
0.015648
20
0.027436
30
0.030000
11
0.011510
21
0.029426
31
0.030000
12
0.011382
22
0.029418
32
0.030000
0
3DFACE
62
254
10
0.015720
20
0.027341
30
0.030000
11
0.015648
21
0.027436
31
0.030000
12
0.011382
22
0.029418
32
0.030000
0
3DFACE
62
254
10
0.015720
20
0.027341
30
0.030000
11
0.011382
21
0.029418
31
0.030000
12
0.011256
22
0.029432
32
0.030000
0
3DFACE
62
254
10
0.015806
20
0.027258
30
0.030000
11
0.011256
21
0.029432
31
0.030000
12
0.002218
22
0.004481
32
0.030000
0
3DFACE
62
254
10
0.015806
20
0.027258
30
0.030000
11
0.015720
21
0.027341
31
0.030000
12
0.011256
22
0.029432
32
0.030000
0
3DFACE
62
254
10
0.015904
20
0.027190
30
0.030000
11
0.015806
21
0.027258
31
0.030000
12
0.002218
22
0.004481
32
0.030000
0
3DFACE
62
254
10
0.016056
20
0.027101
30
0.030000
11
0.015904
21
0.027190
31
0.030000
12
0.002218
22
0.004481
32
0.030000
0
3DFACE
62
254
10
0.016207
20
0.027011
30
0.030000
11
0.016056
21
0.027101
31
0.030000
12
0.002218
22
0.004481
32
0.030000
0
3DFACE
62
254
10
0.016358
20
0.026920
30
0.030000
11
0.002218
21
0.004481
31
0.030000
12
0.002947
22
0.004039
32
0.030000
0
3DFACE
62
254
10
0.016358
20
0.026920
30
0.030000
11
0.016207
21
0.027011
31
0.030000
12
0.002218
22
0.004481
32
0.030000
0
3DFACE
62
254
10
0.016474
20
0.026862
30
0.030000
11
0.016358
21
0.026920
31
0.030000
12
0.002947
22
0.004039
32
0.030000
0
3DFACE
62
254
10
-0.002969
20
-0.035877
30
0.030000
11
-0.004044
21
-0.034103
31
0.030000
12
-0.003465
22
-0.035833
32
0.030000
0
3DFACE
62
254
10
-0.001301
20
-0.034677
30
0.030000
11
-0.004044
21
-0.034103
31
0.030000
12
-0.002969
22
-0.035877
32
0.030000
0
3DFACE
62
254
10
-0.001301
20
-0.034677
30
0.030000
11
-0.002969
21
-0.035877
31
0.030000
12
-0.002472
22
-0.035915
32
0.030000
0
3DFACE
62
254
10
-0.001301
20
-0.034677
30
0.030000
11
-0.002472
21
-0.035915
31
0.030000
12
-0.001975
22
-0.035946
32
0.030000
0
3DFACE
62
254
10
-0.000410
20
-0.031919
30
0.030000
11
-0.004378
21
-0.031733
31
0.030000
12
-0.000455
22
-0.032030
32
0.030000
0
3DFACE
62
254
10
-0.000410
20
-0.031919
30
0.030000
11
-0.004405
21
-0.031617
31
0.030000
12
-0.004378
22
-0.031733
32
0.030000
0
3DFACE
62
254
10
-0.000482
20
-0.032146
30
0.030000
11
-0.000455
21
-0.032030
31
0.030000
12
-0.004378
22
-0.031733
32
0.030000
0
3DFACE
62
254
10
-0.000482
20
-0.032146
30
0.030000
11
-0.004378
21
-0.031733
31
0.030000
12
-0.004369
22
-0.031852
32
0.030000
0
3DFACE
62
254
10
-0.000349
20
-0.031817
30
0.030000
11
-0.004405
21
-0.031617
31
0.030000
12
-0.000410
22
-0.031919
32
0.030000
0
3DFACE
62
254
10
-0.000349
20
-0.031817
30
0.030000
11
-0.004451
21
-0.031506
31
0.030000
12
-0.004405
22
-0.031617
32
0.030000
0
3DFACE
62
254
10
-0.000591
20
-0.032716
30
0.030000
11
-0.004369
21
-0.031852
31
0.030000
12
-0.004279
22
-0.032987
32
0.030000
0
3DFACE
62
254
10
-0.000591
20
-0.032716
30
0.030000
11
-0.000482
21
-0.032146
31
0.030000
12
-0.004369
22
-0.031852
32
0.030000
0
3DFACE
62
254
10
-0.000272
20
-0.031726
30
0.030000
11
-0.004513
21
-0.031405
31
0.030000
12
-0.004451
22
-0.031506
32
0.030000
0
3DFACE
62
254
10
-0.000272
20
-0.031726
30
0.030000
11
-0.004451
21
-0.031506
31
0.030000
12
-0.000349
22
-0.031817
32
0.030000
0
3DFACE
62
254
10
-0.000769
20
-0.033343
30
0.030000
11
-0.000591
21
-0.032716
31
0.030000
12
-0.004279
22
-0.032987
32
0.030000
0
3DFACE
62
254
10
-0.000769
20
-0.033343
30
0.030000
11
-0.004044
21
-0.034103
31
0.030000
12
-0.001301
22
-0.034677
32
0.030000
0
3DFACE
62
254
10
-0.000769
20
-0.033343
30
0.030000
11
-0.004279
21
-0.032987
31
0.030000
12
-0.004044
22
-0.034103
32
0.030000
0
3DFACE
62
254
10
-0.000182
20
-0.031648
30
0.030000
11
-0.004513
21
-0.031405
31
0.030000
12
-0.000272
22
-0.031726
32
0.030000
0
3DFACE
62
254
10
-0.000182
20
-0.031648
30
0.030000
11
-0.004590
21
-0.031314
31
0.030000
12
-0.004513
22
-0.031405
32
0.030000
0
3DFACE
62
254
10
-0.000081
20
-0.031585
30
0.030000
11
-0.004590
21
-0.031314
31
0.030000
12
-0.000182
22
-0.031648
32
0.030000
0
3DFACE
62
254
10
-0.000081
20
-0.031585
30
0.030000
11
-0.004680
21
-0.031236
31
0.030000
12
-0.004590
22
-0.031314
32
0.030000
0
3DFACE
62
254
10
-0.000081
20
-0.031585
30
0.030000
11
-0.004782
21
-0.031173
31
0.030000
12
-0.004680
22
-0.031236
32
0.030000
0
3DFACE
62
254
10
0.000029
20
-0.031538
30
0.030000
11
-0.004782
21
-0.031173
31
0.030000
12
-0.000081
22
-0.031585
32
0.030000
0
3DFACE
62
254
10
0.000029
20
-0.031538
30
0.030000
11
-0.004892
21
-0.031128
31
0.030000
12
-0.004782
22
-0.031173
32
0.030000
0
3DFACE
62
254
10
0.000145
20
-0.031509
30
0.030000
11
-0.000091
21
-0.004999
31
0.030000
12
-0.004892
22
-0.031128
32
0.030000
0
3DFACE
62
254
10
0.000145
20
-0.031509
30
0.030000
11
-0.004892
21
-0.031128
31
0.030000
12
0.000029
22
-0.031538
32
0.030000
0
3DFACE
62
254
10
0.000264
20
-0.031499
30
0.030000
11
-0.000091
21
-0.004999
31
0.030000
12
0.000145
22
-0.031509
32
0.030000
0
3DFACE
62
254
10
0.000264
20
-0.031499
30
0.030000
11
0.001859
21
-0.005265
31
0.030000
12
-0.000091
22
-0.004999
32
0.030000
0
3DFACE
62
254
10
0.000440
20
-0.031497
30
0.030000
11
0.001859
21
-0.005265
31
0.030000
12
0.000264
22
-0.031499
32
0.030000
0
3DFACE
62
254
10
0.000616
20
-0.031494
30
0.030000
11
0.001859
21
-0.005265
31
0.030000
12
0.000440
22
-0.031497
32
0.030000
0
3DFACE
62
254
10
0.000792
20
-0.031490
30
0.030000
11
0.001859
21
-0.005265
31
0.030000
12
0.000616
22
-0.031494
32
0.030000
0
3DFACE
62
254
10
0.000911
20
-0.031496
30
0.030000
11
0.001859
21
-0.005265
31
0.030000
12
0.000792
22
-0.031490
32
0.030000
0
3DFACE
62
254
10
0.021009
20
0.029234
30
0.030000
11
0.020602
21
0.029522
31
0.030000
12
0.019361
22
0.028798
32
0.030000
0
3DFACE
62
254
10
0.021411
20
0.028941
30
0.030000
11
0.021009
21
0.029234
31
0.030000
12
0.019361
22
0.028798
32
0.030000
0
3DFACE
62
254
10
0.020390
20
0.024562
30
0.030000
11
0.017187
21
0.026946
31
0.030000
12
0.017103
22
0.026895
32
0.030000
0
3DFACE
62
254
10
0.020427
20
0.024675
30
0.030000
11
0.017264
21
0.027007
31
0.030000
12
0.017187
22
0.026946
32
0.030000
0
3DFACE
62
254
10
0.020427
20
0.024675
30
0.030000
11
0.017187
21
0.026946
31
0.030000
12
0.020390
22
0.024562
32
0.030000
0
3DFACE
62
254
10
0.020370
20
0.024444
30
0.030000
11
0.020390
21
0.024562
31
0.030000
12
0.017103
22
0.026895
32
0.030000
0
3DFACE
62
254
10
0.020370
20
0.024444
30
0.030000
11
0.017103
21
0.026895
31
0.030000
12
0.016983
22
0.026845
32
0.030000
0
3DFACE
62
254
10
0.020482
20
0.024781
30
0.030000
11
0.017725
21
0.027504
31
0.030000
12
0.017332
22
0.027078
32
0.030000
0
3DFACE
62
254
10
0.020482
20
0.024781
30
0.030000
11
0.017332
21
0.027078
31
0.030000
12
0.017264
22
0.027007
32
0.030000
0
3DFACE
62
254
10
0.020482
20
0.024781
30
0.030000
11
0.017264
21
0.027007
31
0.030000
12
0.020427
22
0.024675
32
0.030000
0
3DFACE
62
254
10
0.020369
20
0.024325
30
0.030000
11
0.016983
21
0.026845
31
0.030000
12
0.016857
22
0.026816
32
0.030000
0
3DFACE
62
254
10
0.020369
20
0.024325
30
0.030000
11
0.020370
21
0.024444
31
0.030000
12
0.016983
22
0.026845
32
0.030000
0
3DFACE
62
254
10
0.020387
20
0.024207
30
0.030000
11
0.016857
21
0.026816
31
0.030000
12
0.016727
22
0.026810
32
0.030000
0
3DFACE
62
254
10
0.020387
20
0.024207
30
0.030000
11
0.020369
21
0.024325
31
0.030000
12
0.016857
22
0.026816
32
0.030000
0
3DFACE
62
254
10
0.020423
20
0.024093
30
0.030000
11
0.020387
21
0.024207
31
0.030000
12
0.016727
22
0.026810
32
0.030000
0
3DFACE
62
254
10
0.020423
20
0.024093
30
0.030000
11
0.016727
21
0.026810
31
0.030000
12
0.016598
22
0.026825
32
0.030000
0
3DFACE
62
254
10
0.021004
20
0.025794
30
0.030000
11
0.018206
21
0.027944
31
0.030000
12
0.017725
22
0.027504
32
0.030000
0
3DFACE
62
254
10
0.021004
20
0.025794
30
0.030000
11
0.017725
21
0.027504
31
0.030000
12
0.020482
22
0.024781
32
0.030000
0
3DFACE
62
254
10
0.020476
20
0.023987
30
0.030000
11
0.016598
21
0.026825
31
0.030000
12
0.016474
22
0.026862
32
0.030000
0
3DFACE
62
254
10
0.020476
20
0.023987
30
0.030000
11
0.020423
21
0.024093
31
0.030000
12
0.016598
22
0.026825
32
0.030000
0
3DFACE
62
254
10
0.021391
20
0.026866
30
0.030000
11
0.021810
21
0.028641
31
0.030000
12
0.021411
22
0.028941
32
0.030000
0
3DFACE
62
254
10
0.021391
20
0.026866
30
0.030000
11
0.019361
21
0.028798
31
0.030000
12
0.018206
22
0.027944
32
0.030000
0
3DFACE
62
254
10
0.021391
20
0.026866
30
0.030000
11
0.021411
21
0.028941
31
0.030000
12
0.019361
22
0.028798
32
0.030000
0
3DFACE
62
254
10
0.021391
20
0.026866
30
0.030000
11
0.018206
21
0.027944
31
0.030000
12
0.021004
22
0.025794
32
0.030000
0
3DFACE
62
254
10
0.020546
20
0.023890
30
0.030000
11
0.020476
21
0.023987
31
0.030000
12
0.016474
22
0.026862
32
0.030000
0
3DFACE
62
254
10
0.020546
20
0.023890
30
0.030000
11
0.016474
21
0.026862
31
0.030000
12
0.002947
22
0.004039
32
0.030000
0
3DFACE
62
254
10
0.020630
20
0.023805
30
0.030000
11
0.020546
21
0.023890
31
0.030000
12
0.002947
22
0.004039
32
0.030000
0
3DFACE
62
254
10
0.020630
20
0.023805
30
0.030000
11
0.002947
21
0.004039
31
0.030000
12
0.003590
22
0.003480
32
0.030000
0
3DFACE
62
254
10
0.020762
20
0.023689
30
0.030000
11
0.020630
21
0.023805
31
0.030000
12
0.003590
22
0.003480
32
0.030000
0
3DFACE
62
254
10
0.020894
20
0.023573
30
0.030000
11
0.020762
21
0.023689
31
0.030000
12
0.003590
22
0.003480
32
0.030000
0
3DFACE
62
254
10
0.021026
20
0.023456
30
0.030000
11
0.020894
21
0.023573
31
0.030000
12
0.003590
22
0.003480
32
0.030000
0
3DFACE
62
254
10
0.021131
20
0.023377
30
0.030000
11
0.021026
21
0.023456
31
0.030000
12
0.003590
22
0.003480
32
0.030000
0
3DFACE
62
254
10
0.003674
20
-0.035812
30
0.030000
11
0.002291
21
-0.034266
31
0.030000
12
0.003178
22
-0.035859
32
0.030000
0
3DFACE
62
254
10
0.005504
20
-0.031340
30
0.030000
11
0.001479
21
-0.031888
31
0.030000
12
0.005462
22
-0.031451
32
0.030000
0
3DFACE
62
254
10
0.005504
20
-0.031340
30
0.030000
11
0.001414
21
-0.031788
31
0.030000
12
0.001479
22
-0.031888
32
0.030000
0
3DFACE
62
254
10
0.005438
20
-0.031568
30
0.030000
11
0.005462
21
-0.031451
31
0.030000
12
0.001479
22
-0.031888
32
0.030000
0
3DFACE
62
254
10
0.005438
20
-0.031568
30
0.030000
11
0.001479
21
-0.031888
31
0.030000
12
0.001528
22
-0.031997
32
0.030000
0
3DFACE
62
254
10
0.005562
20
-0.031236
30
0.030000
11
0.001414
21
-0.031788
31
0.030000
12
0.005504
22
-0.031340
32
0.030000
0
3DFACE
62
254
10
0.005562
20
-0.031236
30
0.030000
11
0.001335
21
-0.031699
31
0.030000
12
0.001414
22
-0.031788
32
0.030000
0
3DFACE
62
254
10
0.005562
20
-0.031236
30
0.030000
11
0.001242
21
-0.031624
31
0.030000
12
0.001335
22
-0.031699
32
0.030000
0
3DFACE
62
254
10
0.005433
20
-0.031687
30
0.030000
11
0.005438
21
-0.031568
31
0.030000
12
0.001528
22
-0.031997
32
0.030000
0
3DFACE
62
254
10
0.005433
20
-0.031687
30
0.030000
11
0.001528
21
-0.031997
31
0.030000
12
0.001558
22
-0.032112
32
0.030000
0
3DFACE
62
254
10
0.005636
20
-0.031142
30
0.030000
11
0.001242
21
-0.031624
31
0.030000
12
0.005562
22
-0.031236
32
0.030000
0
3DFACE
62
254
10
0.005724
20
-0.031062
30
0.030000
11
0.001242
21
-0.031624
31
0.030000
12
0.005636
22
-0.031142
32
0.030000
0
3DFACE
62
254
10
0.005724
20
-0.031062
30
0.030000
11
0.001139
21
-0.031564
31
0.030000
12
0.001242
22
-0.031624
32
0.030000
0
3DFACE
62
254
10
0.005824
20
-0.030996
30
0.030000
11
0.001139
21
-0.031564
31
0.030000
12
0.005724
22
-0.031062
32
0.030000
0
3DFACE
62
254
10
0.005824
20
-0.030996
30
0.030000
11
0.001028
21
-0.031521
31
0.030000
12
0.001139
22
-0.031564
32
0.030000
0
3DFACE
62
254
10
0.005824
20
-0.030996
30
0.030000
11
0.000911
21
-0.031496
31
0.030000
12
0.001028
22
-0.031521
32
0.030000
0
3DFACE
62
254
10
0.005431
20
-0.032267
30
0.030000
11
0.005433
21
-0.031687
31
0.030000
12
0.001558
22
-0.032112
32
0.030000
0
3DFACE
62
254
10
0.005431
20
-0.032267
30
0.030000
11
0.001558
21
-0.032112
31
0.030000
12
0.001855
22
-0.033212
32
0.030000
0
3DFACE
62
254
10
0.005932
20
-0.030946
30
0.030000
11
0.000911
21
-0.031496
31
0.030000
12
0.005824
22
-0.030996
32
0.030000
0
3DFACE
62
254
10
0.005932
20
-0.030946
30
0.030000
11
0.001859
21
-0.005265
31
0.030000
12
0.000911
22
-0.031496
32
0.030000
0
3DFACE
62
254
10
0.005371
20
-0.032916
30
0.030000
11
0.005431
21
-0.032267
31
0.030000
12
0.001855
22
-0.033212
32
0.030000
0
3DFACE
62
254
10
0.005371
20
-0.032916
30
0.030000
11
0.001855
21
-0.033212
31
0.030000
12
0.002291
22
-0.034266
32
0.030000
0
3DFACE
62
254
10
0.006047
20
-0.030914
30
0.030000
11
0.001859
21
-0.005265
31
0.030000
12
0.005932
22
-0.030946
32
0.030000
0
3DFACE
62
254
10
0.005093
20
-0.034325
30
0.030000
11
0.002291
21
-0.034266
31
0.030000
12
0.003674
22
-0.035812
32
0.030000
0
3DFACE
62
254
10
0.005093
20
-0.034325
30
0.030000
11
0.005371
21
-0.032916
31
0.030000
12
0.002291
22
-0.034266
32
0.030000
0
3DFACE
62
254
10
0.005093
20
-0.034325
30
0.030000
11
0.003674
21
-0.035812
31
0.030000
12
0.004169
22
-0.035758
32
0.030000
0
3DFACE
62
254
10
0.004664
20
-0.035697
30
0.030000
11
0.005093
21
-0.034325
31
0.030000
12
0.004169
22
-0.035758
32
0.030000
0
3DFACE
62
254
10
0.006220
20
-0.030880
30
0.030000
11
0.001859
21
-0.005265
31
0.030000
12
0.006047
22
-0.030914
32
0.030000
0
3DFACE
62
254
10
0.006392
20
-0.030845
30
0.030000
11
0.001859
21
-0.005265
31
0.030000
12
0.006220
22
-0.030880
32
0.030000
0
3DFACE
62
254
10
0.006565
20
-0.030808
30
0.030000
11
0.001859
21
-0.005265
31
0.030000
12
0.006392
22
-0.030845
32
0.030000
0
3DFACE
62
254
10
0.006683
20
-0.030793
30
0.030000
11
0.001859
21
-0.005265
31
0.030000
12
0.006565
22
-0.030808
32
0.030000
0
3DFACE
62
254
10
0.024515
20
0.020285
30
0.030000
11
0.021762
21
0.023297
31
0.030000
12
0.021634
22
0.023268
32
0.030000
0
3DFACE
62
254
10
0.024556
20
0.020397
30
0.030000
11
0.021883
21
0.023347
31
0.030000
12
0.021762
22
0.023297
32
0.030000
0
3DFACE
62
254
10
0.024556
20
0.020397
30
0.030000
11
0.021762
21
0.023297
31
0.030000
12
0.024515
22
0.020285
32
0.030000
0
3DFACE
62
254
10
0.024492
20
0.020168
30
0.030000
11
0.021634
21
0.023268
31
0.030000
12
0.021503
22
0.023262
32
0.030000
0
3DFACE
62
254
10
0.024492
20
0.020168
30
0.030000
11
0.024515
21
0.020285
31
0.030000
12
0.021634
22
0.023268
32
0.030000
0
3DFACE
62
254
10
0.024613
20
0.020501
30
0.030000
11
0.021972
21
0.023401
31
0.030000
12
0.021928
22
0.023372
32
0.030000
0
3DFACE
62
254
10
0.024613
20
0.020501
30
0.030000
11
0.021883
21
0.023347
31
0.030000
12
0.024556
22
0.020397
32
0.030000
0
3DFACE
62
254
10
0.024613
20
0.020501
30
0.030000
11
0.021928
21
0.023372
31
0.030000
12
0.021883
22
0.023347
32
0.030000
0
3DFACE
62
254
10
0.024488
20
0.020049
30
0.030000
11
0.021503
21
0.023262
31
0.030000
12
0.021373
22
0.023279
32
0.030000
0
3DFACE
62
254
10
0.024488
20
0.020049
30
0.030000
11
0.024492
21
0.020168
31
0.030000
12
0.021503
22
0.023262
32
0.030000
0
3DFACE
62
254
10
0.026023
20
0.024876
30
0.030000
11
0.025676
21
0.025234
31
0.030000
12
0.024323
22
0.024750
32
0.030000
0
3DFACE
62
254
10
0.024687
20
0.020595
30
0.030000
11
0.022013
21
0.023432
31
0.030000
12
0.021972
22
0.023401
32
0.030000
0
3DFACE
62
254
10
0.024687
20
0.020595
30
0.030000
11
0.021972
21
0.023401
31
0.030000
12
0.024613
22
0.020501
32
0.030000
0
3DFACE
62
254
10
0.024687
20
0.020595
30
0.030000
11
0.022477
21
0.023779
31
0.030000
12
0.022013
22
0.023432
32
0.030000
0
3DFACE
62
254
10
0.024502
20
0.019930
30
0.030000
11
0.021373
21
0.023279
31
0.030000
12
0.021248
22
0.023317
32
0.030000
0
3DFACE
62
254
10
0.024502
20
0.019930
30
0.030000
11
0.024488
21
0.020049
31
0.030000
12
0.021373
22
0.023279
32
0.030000
0
3DFACE
62
254
10
0.024535
20
0.019816
30
0.030000
11
0.021248
21
0.023317
31
0.030000
12
0.021131
22
0.023377
32
0.030000
0
3DFACE
62
254
10
0.024535
20
0.019816
30
0.030000
11
0.024502
21
0.019930
31
0.030000
12
0.021248
22
0.023317
32
0.030000
0
3DFACE
62
254
10
0.024586
20
0.019708
30
0.030000
11
0.021131
21
0.023377
31
0.030000
12
0.003590
22
0.003480
32
0.030000
0
3DFACE
62
254
10
0.024586
20
0.019708
30
0.030000
11
0.024535
21
0.019816
31
0.030000
12
0.021131
22
0.023377
32
0.030000
0
3DFACE
62
254
10
0.024652
20
0.019609
30
0.030000
11
0.024586
21
0.019708
31
0.030000
12
0.003590
22
0.003480
32
0.030000
0
3DFACE
62
254
10
0.024652
20
0.019609
30
0.030000
11
0.003590
21
0.003480
31
0.030000
12
0.004129
22
0.002820
32
0.030000
0
3DFACE
62
254
10
0.025386
20
0.021495
30
0.030000
11
0.022477
21
0.023779
31
0.030000
12
0.024687
22
0.020595
32
0.030000
0
3DFACE
62
254
10
0.025386
20
0.021495
30
0.030000
11
0.023031
21
0.024122
31
0.030000
12
0.022477
22
0.023779
32
0.030000
0
3DFACE
62
254
10
0.024762
20
0.019471
30
0.030000
11
0.024652
21
0.019609
31
0.030000
12
0.004129
22
0.002820
32
0.030000
0
3DFACE
62
254
10
0.026365
20
0.024513
30
0.030000
11
0.026023
21
0.024876
31
0.030000
12
0.024323
22
0.024750
32
0.030000
0
3DFACE
62
254
10
0.024870
20
0.019332
30
0.030000
11
0.024762
21
0.019471
31
0.030000
12
0.004129
22
0.002820
32
0.030000
0
3DFACE
62
254
10
0.025964
20
0.022478
30
0.030000
11
0.023031
21
0.024122
31
0.030000
12
0.025386
22
0.021495
32
0.030000
0
3DFACE
62
254
10
0.025964
20
0.022478
30
0.030000
11
0.026365
21
0.024513
31
0.030000
12
0.024323
22
0.024750
32
0.030000
0
3DFACE
62
254
10
0.025964
20
0.022478
30
0.030000
11
0.024323
21
0.024750
31
0.030000
12
0.023031
22
0.024122
32
0.030000
0
3DFACE
62
254
10
0.024978
20
0.019193
30
0.030000
11
0.024870
21
0.019332
31
0.030000
12
0.004129
22
0.002820
32
0.030000
0
3DFACE
62
254
10
0.025067
20
0.019095
30
0.030000
11
0.024978
21
0.019193
31
0.030000
12
0.004129
22
0.002820
32
0.030000
0
3DFACE
62
254
10
0.026701
20
0.024146
30
0.030000
11
0.026365
21
0.024513
31
0.030000
12
0.025964
22
0.022478
32
0.030000
0
3DFACE
62
254
10
0.011169
20
-0.029795
30
0.030000
11
0.007137
21
-0.030914
31
0.030000
12
0.007231
22
-0.030987
32
0.030000
0
3DFACE
62
254
10
0.011207
20
-0.029682
30
0.030000
11
0.007137
21
-0.030914
31
0.030000
12
0.011169
22
-0.029795
32
0.030000
0
3DFACE
62
254
10
0.011148
20
-0.029912
30
0.030000
11
0.007231
21
-0.030987
31
0.030000
12
0.007313
22
-0.031073
32
0.030000
0
3DFACE
62
254
10
0.011148
20
-0.029912
30
0.030000
11
0.011169
21
-0.029795
31
0.030000
12
0.007231
22
-0.030987
32
0.030000
0
3DFACE
62
254
10
0.011263
20
-0.029576
30
0.030000
11
0.007032
21
-0.030857
31
0.030000
12
0.007137
22
-0.030914
32
0.030000
0
3DFACE
62
254
10
0.011263
20
-0.029576
30
0.030000
11
0.007137
21
-0.030914
31
0.030000
12
0.011207
22
-0.029682
32
0.030000
0
3DFACE
62
254
10
0.011146
20
-0.030031
30
0.030000
11
0.007313
21
-0.031073
31
0.030000
12
0.007381
22
-0.031171
32
0.030000
0
3DFACE
62
254
10
0.011146
20
-0.030031
30
0.030000
11
0.011148
21
-0.029912
31
0.030000
12
0.007313
22
-0.031073
32
0.030000
0
3DFACE
62
254
10
0.011334
20
-0.029481
30
0.030000
11
0.006919
21
-0.030817
31
0.030000
12
0.007032
22
-0.030857
32
0.030000
0
3DFACE
62
254
10
0.011334
20
-0.029481
30
0.030000
11
0.007032
21
-0.030857
31
0.030000
12
0.011263
22
-0.029576
32
0.030000
0
3DFACE
62
254
10
0.011163
20
-0.030149
30
0.030000
11
0.011146
21
-0.030031
31
0.030000
12
0.007381
22
-0.031171
32
0.030000
0
3DFACE
62
254
10
0.011163
20
-0.030149
30
0.030000
11
0.007381
21
-0.031171
31
0.030000
12
0.007432
22
-0.031279
32
0.030000
0
3DFACE
62
254
10
0.011420
20
-0.029398
30
0.030000
11
0.006802
21
-0.030796
31
0.030000
12
0.006919
22
-0.030817
32
0.030000
0
3DFACE
62
254
10
0.011420
20
-0.029398
30
0.030000
11
0.006919
21
-0.030817
31
0.030000
12
0.011334
22
-0.029481
32
0.030000
0
3DFACE
62
254
10
0.011517
20
-0.029329
30
0.030000
11
0.006683
21
-0.030793
31
0.030000
12
0.006802
22
-0.030796
32
0.030000
0
3DFACE
62
254
10
0.011517
20
-0.029329
30
0.030000
11
0.001859
21
-0.005265
31
0.030000
12
0.006683
22
-0.030793
32
0.030000
0
3DFACE
62
254
10
0.011517
20
-0.029329
30
0.030000
11
0.006802
21
-0.030796
31
0.030000
12
0.011420
22
-0.029398
32
0.030000
0
3DFACE
62
254
10
0.011624
20
-0.029277
30
0.030000
11
0.001859
21
-0.005265
31
0.030000
12
0.011517
22
-0.029329
32
0.030000
0
3DFACE
62
254
10
0.011267
20
-0.030720
30
0.030000
11
0.007432
21
-0.031279
31
0.030000
12
0.007926
22
-0.032306
32
0.030000
0
3DFACE
62
254
10
0.011267
20
-0.030720
30
0.030000
11
0.011163
21
-0.030149
31
0.030000
12
0.007432
22
-0.031279
32
0.030000
0
3DFACE
62
254
10
0.011788
20
-0.029211
30
0.030000
11
0.001859
21
-0.005265
31
0.030000
12
0.011624
22
-0.029277
32
0.030000
0
3DFACE
62
254
10
0.010192
20
-0.034527
30
0.030000
11
0.008548
21
-0.033261
31
0.030000
12
0.009713
22
-0.034665
32
0.030000
0
3DFACE
62
254
10
0.011951
20
-0.029145
30
0.030000
11
0.001859
21
-0.005265
31
0.030000
12
0.011788
22
-0.029211
32
0.030000
0
3DFACE
62
254
10
0.011328
20
-0.031369
30
0.030000
11
0.007926
21
-0.032306
31
0.030000
12
0.008548
22
-0.033261
32
0.030000
0
3DFACE
62
254
10
0.011328
20
-0.031369
30
0.030000
11
0.011267
21
-0.030720
31
0.030000
12
0.007926
22
-0.032306
32
0.030000
0
3DFACE
62
254
10
0.012114
20
-0.029078
30
0.030000
11
0.001859
21
-0.005265
31
0.030000
12
0.011951
22
-0.029145
32
0.030000
0
3DFACE
62
254
10
0.012227
20
-0.029040
30
0.030000
11
0.001859
21
-0.005265
31
0.030000
12
0.012114
22
-0.029078
32
0.030000
0
3DFACE
62
254
10
0.011313
20
-0.032805
30
0.030000
11
0.010192
21
-0.034527
31
0.030000
12
0.010669
22
-0.034383
32
0.030000
0
3DFACE
62
254
10
0.011313
20
-0.032805
30
0.030000
11
0.008548
21
-0.033261
31
0.030000
12
0.010192
22
-0.034527
32
0.030000
0
3DFACE
62
254
10
0.011313
20
-0.032805
30
0.030000
11
0.011328
21
-0.031369
31
0.030000
12
0.008548
22
-0.033261
32
0.030000
0
3DFACE
62
254
10
0.011144
20
-0.034232
30
0.030000
11
0.011313
21
-0.032805
31
0.030000
12
0.010669
22
-0.034383
32
0.030000
0
3DFACE
62
254
10
0.027781
20
0.015324
30
0.030000
11
0.025547
21
0.018896
31
0.030000
12
0.025416
22
0.018914
32
0.030000
0
3DFACE
62
254
10
0.027825
20
0.015435
30
0.030000
11
0.025547
21
0.018896
31
0.030000
12
0.027781
22
0.015324
32
0.030000
0
3DFACE
62
254
10
0.027825
20
0.015435
30
0.030000
11
0.025679
21
0.018902
31
0.030000
12
0.025547
22
0.018896
32
0.030000
0
3DFACE
62
254
10
0.027755
20
0.015208
30
0.030000
11
0.027781
21
0.015324
31
0.030000
12
0.025416
22
0.018914
32
0.030000
0
3DFACE
62
254
10
0.027755
20
0.015208
30
0.030000
11
0.025416
21
0.018914
31
0.030000
12
0.025290
22
0.018954
32
0.030000
0
3DFACE
62
254
10
0.027885
20
0.015538
30
0.030000
11
0.025679
21
0.018902
31
0.030000
12
0.027825
22
0.015435
32
0.030000
0
3DFACE
62
254
10
0.027885
20
0.015538
30
0.030000
11
0.025808
21
0.018931
31
0.030000
12
0.025679
22
0.018902
32
0.030000
0
3DFACE
62
254
10
0.027747
20
0.015089
30
0.030000
11
0.027755
21
0.015208
31
0.030000
12
0.025290
22
0.018954
32
0.030000
0
3DFACE
62
254
10
0.027747
20
0.015089
30
0.030000
11
0.025290
21
0.018954
31
0.030000
12
0.025172
22
0.019015
32
0.030000
0
3DFACE
62
254
10
0.027961
20
0.015630
30
0.030000
11
0.025808
21
0.018931
31
0.030000
12
0.027885
22
0.015538
32
0.030000
0
3DFACE
62
254
10
0.027961
20
0.015630
30
0.030000
11
0.025931
21
0.018981
31
0.030000
12
0.025808
22
0.018931
32
0.030000
0
3DFACE
62
254
10
0.027759
20
0.014970
30
0.030000
11
0.027747
21
0.015089
31
0.030000
12
0.025172
22
0.019015
32
0.030000
0
3DFACE
62
254
10
0.027759
20
0.014970
30
0.030000
11
0.025172
21
0.019015
31
0.030000
12
0.025067
22
0.019095
32
0.030000
0
3DFACE
62
254
10
0.028051
20
0.015709
30
0.030000
11
0.025931
21
0.018981
31
0.030000
12
0.027961
22
0.015630
32
0.030000
0
3DFACE
62
254
10
0.028051
20
0.015709
30
0.030000
11
0.026464
21
0.019244
31
0.030000
12
0.025943
22
0.018988
32
0.030000
0
3DFACE
62
254
10
0.028051
20
0.015709
30
0.030000
11
0.025935
21
0.018983
31
0.030000
12
0.025931
22
0.018981
32
0.030000
0
3DFACE
62
254
10
0.028051
20
0.015709
30
0.030000
11
0.025939
21
0.018986
31
0.030000
12
0.025935
22
0.018983
32
0.030000
0
3DFACE
62
254
10
0.028051
20
0.015709
30
0.030000
11
0.025943
21
0.018988
31
0.030000
12
0.025939
22
0.018986
32
0.030000
0
3DFACE
62
254
10
0.027788
20
0.014855
30
0.030000
11
0.027759
21
0.014970
31
0.030000
12
0.025067
22
0.019095
32
0.030000
0
3DFACE
62
254
10
0.027788
20
0.014855
30
0.030000
11
0.025067
21
0.019095
31
0.030000
12
0.004129
22
0.002820
32
0.030000
0
3DFACE
62
254
10
0.027836
20
0.014745
30
0.030000
11
0.027788
21
0.014855
31
0.030000
12
0.004129
22
0.002820
32
0.030000
0
3DFACE
62
254
10
0.027836
20
0.014745
30
0.030000
11
0.004129
21
0.002820
31
0.030000
12
0.004548
22
0.002078
32
0.030000
0
3DFACE
62
254
10
0.027918
20
0.014589
30
0.030000
11
0.027836
21
0.014745
31
0.030000
12
0.004548
22
0.002078
32
0.030000
0
3DFACE
62
254
10
0.027999
20
0.014433
30
0.030000
11
0.027918
21
0.014589
31
0.030000
12
0.004548
22
0.002078
32
0.030000
0
3DFACE
62
254
10
0.028079
20
0.014276
30
0.030000
11
0.027999
21
0.014433
31
0.030000
12
0.004548
22
0.002078
32
0.030000
0
3DFACE
62
254
10
0.028141
20
0.014174
30
0.030000
11
0.028079
21
0.014276
31
0.030000
12
0.004548
22
0.002078
32
0.030000
0
3DFACE
62
254
10
0.028904
20
0.016464
30
0.030000
11
0.026464
21
0.019244
31
0.030000
12
0.028051
22
0.015709
32
0.030000
0
3DFACE
62
254
10
0.028904
20
0.016464
30
0.030000
11
0.027071
21
0.019480
31
0.030000
12
0.026464
22
0.019244
32
0.030000
0
3DFACE
62
254
10
0.030151
20
0.019671
30
0.030000
11
0.029875
21
0.020086
31
0.030000
12
0.028457
22
0.019859
32
0.030000
0
3DFACE
62
254
10
0.029652
20
0.017324
30
0.030000
11
0.027071
21
0.019480
31
0.030000
12
0.028904
22
0.016464
32
0.030000
0
3DFACE
62
254
10
0.029652
20
0.017324
30
0.030000
11
0.028457
21
0.019859
31
0.030000
12
0.027071
22
0.019480
32
0.030000
0
3DFACE
62
254
10
0.030420
20
0.019252
30
0.030000
11
0.030151
21
0.019671
31
0.030000
12
0.028457
22
0.019859
32
0.030000
0
3DFACE
62
254
10
0.030420
20
0.019252
30
0.030000
11
0.028457
21
0.019859
31
0.030000
12
0.029652
22
0.017324
32
0.030000
0
3DFACE
62
254
10
0.030684
20
0.018829
30
0.030000
11
0.030420
21
0.019252
31
0.030000
12
0.029652
22
0.017324
32
0.030000
0
3DFACE
62
254
10
0.016470
20
-0.027117
30
0.030000
11
0.012696
21
-0.029076
31
0.030000
12
0.012802
22
-0.029130
32
0.030000
0
3DFACE
62
254
10
0.016470
20
-0.027117
30
0.030000
11
0.012582
21
-0.029040
31
0.030000
12
0.012696
22
-0.029076
32
0.030000
0
3DFACE
62
254
10
0.016470
20
-0.027117
30
0.030000
11
0.016506
21
-0.027003
31
0.030000
12
0.012582
22
-0.029040
32
0.030000
0
3DFACE
62
254
10
0.016559
20
-0.026896
30
0.030000
11
0.012464
21
-0.029021
31
0.030000
12
0.012582
22
-0.029040
32
0.030000
0
3DFACE
62
254
10
0.016559
20
-0.026896
30
0.030000
11
0.012582
21
-0.029040
31
0.030000
12
0.016506
22
-0.027003
32
0.030000
0
3DFACE
62
254
10
0.016453
20
-0.027235
30
0.030000
11
0.016470
21
-0.027117
31
0.030000
12
0.012802
22
-0.029130
32
0.030000
0
3DFACE
62
254
10
0.016627
20
-0.026799
30
0.030000
11
0.012345
21
-0.029022
31
0.030000
12
0.012464
22
-0.029021
32
0.030000
0
3DFACE
62
254
10
0.016627
20
-0.026799
30
0.030000
11
0.012464
21
-0.029021
31
0.030000
12
0.016559
22
-0.026896
32
0.030000
0
3DFACE
62
254
10
0.016455
20
-0.027354
30
0.030000
11
0.016453
21
-0.027235
31
0.030000
12
0.012802
22
-0.029130
32
0.030000
0
3DFACE
62
254
10
0.016455
20
-0.027354
30
0.030000
11
0.012802
21
-0.029130
31
0.030000
12
0.012899
22
-0.029200
32
0.030000
0
3DFACE
62
254
10
0.016711
20
-0.026713
30
0.030000
11
0.012227
21
-0.029040
31
0.030000
12
0.012345
22
-0.029022
32
0.030000
0
3DFACE
62
254
10
0.016711
20
-0.026713
30
0.030000
11
0.012345
21
-0.029022
31
0.030000
12
0.016627
22
-0.026799
32
0.030000
0
3DFACE
62
254
10
0.016711
20
-0.026713
30
0.030000
11
0.001859
21
-0.005265
31
0.030000
12
0.012227
22
-0.029040
32
0.030000
0
3DFACE
62
254
10
0.016711
20
-0.026713
30
0.030000
11
0.003236
21
-0.004551
31
0.030000
12
0.001859
22
-0.005265
32
0.030000
0
3DFACE
62
254
10
0.016475
20
-0.027472
30
0.030000
11
0.012983
21
-0.029284
31
0.030000
12
0.013053
22
-0.029381
32
0.030000
0
3DFACE
62
254
10
0.016475
20
-0.027472
30
0.030000
11
0.012899
21
-0.029200
31
0.030000
12
0.012983
22
-0.029284
32
0.030000
0
3DFACE
62
254
10
0.016475
20
-0.027472
30
0.030000
11
0.016455
21
-0.027354
31
0.030000
12
0.012899
22
-0.029200
32
0.030000
0
3DFACE
62
254
10
0.016806
20
-0.026642
30
0.030000
11
0.003236
21
-0.004551
31
0.030000
12
0.016711
22
-0.026713
32
0.030000
0
3DFACE
62
254
10
0.016513
20
-0.027585
30
0.030000
11
0.016475
21
-0.027472
31
0.030000
12
0.013053
22
-0.029381
32
0.030000
0
3DFACE
62
254
10
0.016955
20
-0.026548
30
0.030000
11
0.003236
21
-0.004551
31
0.030000
12
0.016806
22
-0.026642
32
0.030000
0
3DFACE
62
254
10
0.017103
20
-0.026453
30
0.030000
11
0.003236
21
-0.004551
31
0.030000
12
0.016955
22
-0.026548
32
0.030000
0
3DFACE
62
254
10
0.017251
20
-0.026357
30
0.030000
11
0.003236
21
-0.004551
31
0.030000
12
0.017103
22
-0.026453
32
0.030000
0
3DFACE
62
254
10
0.016720
20
-0.028126
30
0.030000
11
0.013053
21
-0.029381
31
0.030000
12
0.013727
22
-0.030299
32
0.030000
0
3DFACE
62
254
10
0.016720
20
-0.028126
30
0.030000
11
0.016513
21
-0.027585
31
0.030000
12
0.013053
22
-0.029381
32
0.030000
0
3DFACE
62
254
10
0.017355
20
-0.026299
30
0.030000
11
0.003236
21
-0.004551
31
0.030000
12
0.017251
22
-0.026357
32
0.030000
0
3DFACE
62
254
10
0.016899
20
-0.028753
30
0.030000
11
0.016720
21
-0.028126
31
0.030000
12
0.013727
22
-0.030299
32
0.030000
0
3DFACE
62
254
10
0.016899
20
-0.028753
30
0.030000
11
0.013727
21
-0.030299
31
0.030000
12
0.014515
22
-0.031124
32
0.030000
0
3DFACE
62
254
10
0.016363
20
-0.032067
30
0.030000
11
0.014515
21
-0.031124
31
0.030000
12
0.015917
22
-0.032290
32
0.030000
0
3DFACE
62
254
10
0.017148
20
-0.030168
30
0.030000
11
0.014515
21
-0.031124
31
0.030000
12
0.016363
22
-0.032067
32
0.030000
0
3DFACE
62
254
10
0.017148
20
-0.030168
30
0.030000
11
0.016899
21
-0.028753
31
0.030000
12
0.014515
22
-0.031124
32
0.030000
0
3DFACE
62
254
10
0.016805
20
-0.031837
30
0.030000
11
0.017148
21
-0.030168
31
0.030000
12
0.016363
22
-0.032067
32
0.030000
0
3DFACE
62
254
10
0.030077
20
0.009849
30
0.030000
11
0.028411
21
0.013944
31
0.030000
12
0.028309
22
0.014006
32
0.030000
0
3DFACE
62
254
10
0.030048
20
0.009733
30
0.030000
11
0.030077
21
0.009849
31
0.030000
12
0.028309
22
0.014006
32
0.030000
0
3DFACE
62
254
10
0.030048
20
0.009733
30
0.030000
11
0.028309
21
0.014006
31
0.030000
12
0.028219
22
0.014084
32
0.030000
0
3DFACE
62
254
10
0.030124
20
0.009959
30
0.030000
11
0.028411
21
0.013944
31
0.030000
12
0.030077
22
0.009849
32
0.030000
0
3DFACE
62
254
10
0.030124
20
0.009959
30
0.030000
11
0.028521
21
0.013898
31
0.030000
12
0.028411
22
0.013944
32
0.030000
0
3DFACE
62
254
10
0.030037
20
0.009615
30
0.030000
11
0.030048
21
0.009733
31
0.030000
12
0.028219
22
0.014084
32
0.030000
0
3DFACE
62
254
10
0.030187
20
0.010059
30
0.030000
11
0.028637
21
0.013870
31
0.030000
12
0.028521
22
0.013898
32
0.030000
0
3DFACE
62
254
10
0.030187
20
0.010059
30
0.030000
11
0.028521
21
0.013898
31
0.030000
12
0.030124
22
0.009959
32
0.030000
0
3DFACE
62
254
10
0.030045
20
0.009496
30
0.030000
11
0.028219
21
0.014084
31
0.030000
12
0.028141
22
0.014174
32
0.030000
0
3DFACE
62
254
10
0.030045
20
0.009496
30
0.030000
11
0.028141
21
0.014174
31
0.030000
12
0.004548
22
0.002078
32
0.030000
0
3DFACE
62
254
10
0.030045
20
0.009496
30
0.030000
11
0.030037
21
0.009615
31
0.030000
12
0.028219
22
0.014084
32
0.030000
0
3DFACE
62
254
10
0.030266
20
0.010149
30
0.030000
11
0.028756
21
0.013861
31
0.030000
12
0.028637
22
0.013870
32
0.030000
0
3DFACE
62
254
10
0.030266
20
0.010149
30
0.030000
11
0.028637
21
0.013870
31
0.030000
12
0.030187
22
0.010059
32
0.030000
0
3DFACE
62
254
10
0.030071
20
0.009379
30
0.030000
11
0.030045
21
0.009496
31
0.030000
12
0.004548
22
0.002078
32
0.030000
0
3DFACE
62
254
10
0.030071
20
0.009379
30
0.030000
11
0.004548
21
0.002078
31
0.030000
12
0.004834
22
0.001276
32
0.030000
0
3DFACE
62
254
10
0.030357
20
0.010226
30
0.030000
11
0.028756
21
0.013861
31
0.030000
12
0.030266
22
0.010149
32
0.030000
0
3DFACE
62
254
10
0.030357
20
0.010226
30
0.030000
11
0.028875
21
0.013870
31
0.030000
12
0.028756
22
0.013861
32
0.030000
0
3DFACE
62
254
10
0.030460
20
0.010287
30
0.030000
11
0.029549
21
0.014054
31
0.030000
12
0.028991
22
0.013898
32
0.030000
0
3DFACE
62
254
10
0.030460
20
0.010287
30
0.030000
11
0.028991
21
0.013898
31
0.030000
12
0.028875
22
0.013870
32
0.030000
0
3DFACE
62
254
10
0.030460
20
0.010287
30
0.030000
11
0.028875
21
0.013870
31
0.030000
12
0.030357
22
0.010226
32
0.030000
0
3DFACE
62
254
10
0.030123
20
0.009211
30
0.030000
11
0.030071
21
0.009379
31
0.030000
12
0.004834
22
0.001276
32
0.030000
0
3DFACE
62
254
10
0.017244
20
-0.031601
30
0.030000
11
0.017148
21
-0.030168
31
0.030000
12
0.016805
22
-0.031837
32
0.030000
0
3DFACE
62
254
10
0.030174
20
0.009042
30
0.030000
11
0.030123
21
0.009211
31
0.030000
12
0.004834
22
0.001276
32
0.030000
0
3DFACE
62
254
10
0.030224
20
0.008874
30
0.030000
11
0.030174
21
0.009042
31
0.030000
12
0.004834
22
0.001276
32
0.030000
0
3DFACE
62
254
10
0.030267
20
0.008762
30
0.030000
11
0.030224
21
0.008874
31
0.030000
12
0.004834
22
0.001276
32
0.030000
0
3DFACE
62
254
10
0.031437
20
0.010873
30
0.030000
11
0.030190
21
0.014174
31
0.030000
12
0.029549
22
0.014054
32
0.030000
0
3DFACE
62
254
10
0.031437
20
0.010873
30
0.030000
11
0.029549
21
0.014054
31
0.030000
12
0.030460
22
0.010287
32
0.030000
0
3DFACE
62
254
10
0.021187
20
-0.023511
30
0.030000
11
0.021219
21
-0.023396
31
0.030000
12
0.017585
22
-0.026237
32
0.030000
0
3DFACE
62
254
10
0.021187
20
-0.023511
30
0.030000
11
0.017585
21
-0.026237
31
0.030000
12
0.017704
22
-0.026233
32
0.030000
0
3DFACE
62
254
10
0.021269
20
-0.023287
30
0.030000
11
0.017585
21
-0.026237
31
0.030000
12
0.021219
22
-0.023396
32
0.030000
0
3DFACE
62
254
10
0.021269
20
-0.023287
30
0.030000
11
0.017467
21
-0.026259
31
0.030000
12
0.017585
22
-0.026237
32
0.030000
0
3DFACE
62
254
10
0.021269
20
-0.023287
30
0.030000
11
0.017355
21
-0.026299
31
0.030000
12
0.017467
22
-0.026259
32
0.030000
0
3DFACE
62
254
10
0.021173
20
-0.023629
30
0.030000
11
0.021187
21
-0.023511
31
0.030000
12
0.017704
22
-0.026233
32
0.030000
0
3DFACE
62
254
10
0.021173
20
-0.023629
30
0.030000
11
0.017822
21
-0.026248
31
0.030000
12
0.017937
22
-0.026282
32
0.030000
0
3DFACE
62
254
10
0.021173
20
-0.023629
30
0.030000
11
0.017704
21
-0.026233
31
0.030000
12
0.017822
22
-0.026248
32
0.030000
0
3DFACE
62
254
10
0.032330
20
0.011581
30
0.030000
11
0.031621
21
0.014292
31
0.030000
12
0.030190
22
0.014174
32
0.030000
0
3DFACE
62
254
10
0.032330
20
0.011581
30
0.030000
11
0.030190
21
0.014174
31
0.030000
12
0.031437
22
0.010873
32
0.030000
0
3DFACE
62
254
10
0.021335
20
-0.023188
30
0.030000
11
0.003236
21
-0.004551
31
0.030000
12
0.017355
22
-0.026299
32
0.030000
0
3DFACE
62
254
10
0.021335
20
-0.023188
30
0.030000
11
0.017355
21
-0.026299
31
0.030000
12
0.021269
22
-0.023287
32
0.030000
0
3DFACE
62
254
10
0.021178
20
-0.023748
30
0.030000
11
0.021173
21
-0.023629
31
0.030000
12
0.017937
22
-0.026282
32
0.030000
0
3DFACE
62
254
10
0.021415
20
-0.023100
30
0.030000
11
0.003236
21
-0.004551
31
0.030000
12
0.021335
22
-0.023188
32
0.030000
0
3DFACE
62
254
10
0.021201
20
-0.023865
30
0.030000
11
0.021178
21
-0.023748
31
0.030000
12
0.017937
22
-0.026282
32
0.030000
0
3DFACE
62
254
10
0.021201
20
-0.023865
30
0.030000
11
0.017937
21
-0.026282
31
0.030000
12
0.018044
22
-0.026333
32
0.030000
0
3DFACE
62
254
10
0.021544
20
-0.022980
30
0.030000
11
0.003236
21
-0.004551
31
0.030000
12
0.021415
22
-0.023100
32
0.030000
0
3DFACE
62
254
10
0.021242
20
-0.023977
30
0.030000
11
0.021201
21
-0.023865
31
0.030000
12
0.018044
22
-0.026333
32
0.030000
0
3DFACE
62
254
10
0.021242
20
-0.023977
30
0.030000
11
0.018143
21
-0.026400
31
0.030000
12
0.018230
22
-0.026482
32
0.030000
0
3DFACE
62
254
10
0.021242
20
-0.023977
30
0.030000
11
0.018044
21
-0.026333
31
0.030000
12
0.018143
22
-0.026400
32
0.030000
0
3DFACE
62
254
10
0.033252
20
0.013796
30
0.030000
11
0.033058
21
0.014255
31
0.030000
12
0.031621
22
0.014292
32
0.030000
0
3DFACE
62
254
10
0.021672
20
-0.022859
30
0.030000
11
0.003236
21
-0.004551
31
0.030000
12
0.021544
22
-0.022980
32
0.030000
0
3DFACE
62
254
10
0.021301
20
-0.024081
30
0.030000
11
0.021242
21
-0.023977
31
0.030000
12
0.018230
22
-0.026482
32
0.030000
0
3DFACE
62
254
10
0.021800
20
-0.022738
30
0.030000
11
0.003236
21
-0.004551
31
0.030000
12
0.021672
22
-0.022859
32
0.030000
0
3DFACE
62
254
10
0.021892
20
-0.022662
30
0.030000
11
0.003236
21
-0.004551
31
0.030000
12
0.021800
22
-0.022738
32
0.030000
0
3DFACE
62
254
10
0.033440
20
0.013334
30
0.030000
11
0.033252
21
0.013796
31
0.030000
12
0.031621
22
0.014292
32
0.030000
0
3DFACE
62
254
10
0.033440
20
0.013334
30
0.030000
11
0.031621
21
0.014292
31
0.030000
12
0.032330
22
0.011581
32
0.030000
0
3DFACE
62
254
10
0.021604
20
-0.024575
30
0.030000
11
0.021301
21
-0.024081
31
0.030000
12
0.018230
22
-0.026482
32
0.030000
0
3DFACE
62
254
10
0.021604
20
-0.024575
30
0.030000
11
0.018230
21
-0.026482
31
0.030000
12
0.019061
22
-0.027261
32
0.030000
0
3DFACE
62
254
10
0.033621
20
0.012870
30
0.030000
11
0.033440
21
0.013334
31
0.030000
12
0.032330
22
0.011581
32
0.030000
0
3DFACE
62
254
10
0.021895
20
-0.025158
30
0.030000
11
0.021604
21
-0.024575
31
0.030000
12
0.019061
22
-0.027261
32
0.030000
0
3DFACE
62
254
10
0.021895
20
-0.025158
30
0.030000
11
0.019061
21
-0.027261
31
0.030000
12
0.019986
22
-0.027927
32
0.030000
0
3DFACE
62
254
10
0.031292
20
0.003932
30
0.030000
11
0.030326
21
0.008659
31
0.030000
12
0.030267
22
0.008762
32
0.030000
0
3DFACE
62
254
10
0.031292
20
0.003932
30
0.030000
11
0.030401
21
0.008566
31
0.030000
12
0.030326
22
0.008659
32
0.030000
0
3DFACE
62
254
10
0.031292
20
0.003932
30
0.030000
11
0.031324
21
0.004046
31
0.030000
12
0.030401
22
0.008566
32
0.030000
0
3DFACE
62
254
10
0.031374
20
0.004155
30
0.030000
11
0.030489
21
0.008486
31
0.030000
12
0.030401
22
0.008566
32
0.030000
0
3DFACE
62
254
10
0.031374
20
0.004155
30
0.030000
11
0.030401
21
0.008566
31
0.030000
12
0.031324
22
0.004046
32
0.030000
0
3DFACE
62
254
10
0.031278
20
0.003813
30
0.030000
11
0.031292
21
0.003932
31
0.030000
12
0.030267
22
0.008762
32
0.030000
0
3DFACE
62
254
10
0.031278
20
0.003813
30
0.030000
11
0.030267
21
0.008762
31
0.030000
12
0.004834
22
0.001276
32
0.030000
0
3DFACE
62
254
10
0.031441
20
0.004254
30
0.030000
11
0.030589
21
0.008421
31
0.030000
12
0.030489
22
0.008486
32
0.030000
0
3DFACE
62
254
10
0.031441
20
0.004254
30
0.030000
11
0.030698
21
0.008372
31
0.030000
12
0.030589
22
0.008421
32
0.030000
0
3DFACE
62
254
10
0.031441
20
0.004254
30
0.030000
11
0.030489
21
0.008486
31
0.030000
12
0.031374
22
0.004155
32
0.030000
0
3DFACE
62
254
10
0.031283
20
0.003694
30
0.030000
11
0.004834
21
0.001276
31
0.030000
12
0.004981
22
0.000436
32
0.030000
0
3DFACE
62
254
10
0.031283
20
0.003694
30
0.030000
11
0.031278
21
0.003813
31
0.030000
12
0.004834
22
0.001276
32
0.030000
0
3DFACE
62
254
10
0.031522
20
0.004341
30
0.030000
11
0.030698
21
0.008372
31
0.030000
12
0.031441
22
0.004254
32
0.030000
0
3DFACE
62
254
10
0.031303
20
0.003519
30
0.030000
11
0.031283
21
0.003694
31
0.030000
12
0.004981
22
0.000436
32
0.030000
0
3DFACE
62
254
10
0.031615
20
0.004415
30
0.030000
11
0.030813
21
0.008341
31
0.030000
12
0.030698
22
0.008372
32
0.030000
0
3DFACE
62
254
10
0.031615
20
0.004415
30
0.030000
11
0.030698
21
0.008372
31
0.030000
12
0.031522
22
0.004341
32
0.030000
0
3DFACE
62
254
10
0.031322
20
0.003344
30
0.030000
11
0.031303
21
0.003519
31
0.030000
12
0.004981
22
0.000436
32
0.030000
0
3DFACE
62
254
10
0.031719
20
0.004473
30
0.030000
11
0.030932
21
0.008328
31
0.030000
12
0.030813
22
0.008341
32
0.030000
0
3DFACE
62
254
10
0.031719
20
0.004473
30
0.030000
11
0.030813
21
0.008341
31
0.030000
12
0.031615
22
0.004415
32
0.030000
0
3DFACE
62
254
10
0.031340
20
0.003169
30
0.030000
11
0.031322
21
0.003344
31
0.030000
12
0.004981
22
0.000436
32
0.030000
0
3DFACE
62
254
10
0.031361
20
0.003051
30
0.030000
11
0.031340
21
0.003169
31
0.030000
12
0.004981
22
0.000436
32
0.030000
0
3DFACE
62
254
10
0.031831
20
0.004515
30
0.030000
11
0.031628
21
0.008385
31
0.030000
12
0.031051
22
0.008334
32
0.030000
0
3DFACE
62
254
10
0.031831
20
0.004515
30
0.030000
11
0.031051
21
0.008334
31
0.030000
12
0.030932
22
0.008328
32
0.030000
0
3DFACE
62
254
10
0.031831
20
0.004515
30
0.030000
11
0.030932
21
0.008328
31
0.030000
12
0.031719
22
0.004473
32
0.030000
0
3DFACE
62
254
10
0.022400
20
-0.026503
30
0.030000
11
0.021895
21
-0.025158
31
0.030000
12
0.019986
22
-0.027927
32
0.030000
0
3DFACE
62
254
10
0.021976
20
-0.028514
30
0.030000
11
0.022400
21
-0.026503
31
0.030000
12
0.019986
22
-0.027927
32
0.030000
0
3DFACE
62
254
10
0.021976
20
-0.028514
30
0.030000
11
0.019986
21
-0.027927
31
0.030000
12
0.021579
22
-0.028815
32
0.030000
0
3DFACE
62
254
10
0.025185
20
-0.018983
30
0.030000
11
0.021995
21
-0.022602
31
0.030000
12
0.022106
22
-0.022559
32
0.030000
0
3DFACE
62
254
10
0.025156
20
-0.019098
30
0.030000
11
0.025185
21
-0.018983
31
0.030000
12
0.022106
22
-0.022559
32
0.030000
0
3DFACE
62
254
10
0.025232
20
-0.018873
30
0.030000
11
0.021995
21
-0.022602
31
0.030000
12
0.025185
22
-0.018983
32
0.030000
0
3DFACE
62
254
10
0.025232
20
-0.018873
30
0.030000
11
0.003236
21
-0.004551
31
0.030000
12
0.021892
22
-0.022662
32
0.030000
0
3DFACE
62
254
10
0.025232
20
-0.018873
30
0.030000
11
0.021892
21
-0.022662
31
0.030000
12
0.021995
22
-0.022602
32
0.030000
0
3DFACE
62
254
10
0.025146
20
-0.019217
30
0.030000
11
0.022223
21
-0.022534
31
0.030000
12
0.022342
22
-0.022527
32
0.030000
0
3DFACE
62
254
10
0.025146
20
-0.019217
30
0.030000
11
0.022106
21
-0.022559
31
0.030000
12
0.022223
22
-0.022534
32
0.030000
0
3DFACE
62
254
10
0.025146
20
-0.019217
30
0.030000
11
0.025156
21
-0.019098
31
0.030000
12
0.022106
22
-0.022559
32
0.030000
0
3DFACE
62
254
10
0.025296
20
-0.018772
30
0.030000
11
0.003236
21
-0.004551
31
0.030000
12
0.025232
22
-0.018873
32
0.030000
0
3DFACE
62
254
10
0.025154
20
-0.019336
30
0.030000
11
0.025146
21
-0.019217
31
0.030000
12
0.022342
22
-0.022527
32
0.030000
0
3DFACE
62
254
10
0.025154
20
-0.019336
30
0.030000
11
0.022342
21
-0.022527
31
0.030000
12
0.022460
22
-0.022539
32
0.030000
0
3DFACE
62
254
10
0.025400
20
-0.018630
30
0.030000
11
0.003236
21
-0.004551
31
0.030000
12
0.025296
22
-0.018772
32
0.030000
0
3DFACE
62
254
10
0.022369
20
-0.028207
30
0.030000
11
0.022400
21
-0.026503
31
0.030000
12
0.021976
22
-0.028514
32
0.030000
0
3DFACE
62
254
10
0.025181
20
-0.019452
30
0.030000
11
0.025154
21
-0.019336
31
0.030000
12
0.022460
22
-0.022539
32
0.030000
0
3DFACE
62
254
10
0.032899
20
0.004911
30
0.030000
11
0.032280
21
0.008385
31
0.030000
12
0.031628
22
0.008385
32
0.030000
0
3DFACE
62
254
10
0.032899
20
0.004911
30
0.030000
11
0.031628
21
0.008385
31
0.030000
12
0.031831
22
0.004515
32
0.030000
0
3DFACE
62
254
10
0.025504
20
-0.018488
30
0.030000
11
0.003236
21
-0.004551
31
0.030000
12
0.025400
22
-0.018630
32
0.030000
0
3DFACE
62
254
10
0.025607
20
-0.018345
30
0.030000
11
0.003236
21
-0.004551
31
0.030000
12
0.025504
22
-0.018488
32
0.030000
0
3DFACE
62
254
10
0.025607
20
-0.018345
30
0.030000
11
0.004141
21
-0.002803
31
0.030000
12
0.003236
22
-0.004551
32
0.030000
0
3DFACE
62
254
10
0.025225
20
-0.019563
30
0.030000
11
0.025181
21
-0.019452
31
0.030000
12
0.022460
22
-0.022539
32
0.030000
0
3DFACE
62
254
10
0.025225
20
-0.019563
30
0.030000
11
0.022460
21
-0.022539
31
0.030000
12
0.022576
22
-0.022569
32
0.030000
0
3DFACE
62
254
10
0.025684
20
-0.018254
30
0.030000
11
0.004141
21
-0.002803
31
0.030000
12
0.025607
22
-0.018345
32
0.030000
0
3DFACE
62
254
10
0.025286
20
-0.019665
30
0.030000
11
0.025225
21
-0.019563
31
0.030000
12
0.022576
22
-0.022569
32
0.030000
0
3DFACE
62
254
10
0.025286
20
-0.019665
30
0.030000
11
0.022576
21
-0.022569
31
0.030000
12
0.022685
22
-0.022617
32
0.030000
0
3DFACE
62
254
10
0.022757
20
-0.027895
30
0.030000
11
0.022400
21
-0.026503
31
0.030000
12
0.022369
22
-0.028207
32
0.030000
0
3DFACE
62
254
10
0.025363
20
-0.019757
30
0.030000
11
0.025286
21
-0.019665
31
0.030000
12
0.022685
22
-0.022617
32
0.030000
0
3DFACE
62
254
10
0.025363
20
-0.019757
30
0.030000
11
0.022685
21
-0.022617
31
0.030000
12
0.022785
22
-0.022681
32
0.030000
0
3DFACE
62
254
10
0.031446
20
-0.001999
30
0.030000
11
0.031401
21
0.002939
31
0.030000
12
0.031361
22
0.003051
32
0.030000
0
3DFACE
62
254
10
0.031446
20
-0.001999
30
0.030000
11
0.031482
21
-0.001885
31
0.030000
12
0.031401
22
0.002939
32
0.030000
0
3DFACE
62
254
10
0.031446
20
-0.001999
30
0.030000
11
0.004981
21
0.000436
31
0.030000
12
0.004983
22
-0.000416
32
0.030000
0
3DFACE
62
254
10
0.031446
20
-0.001999
30
0.030000
11
0.031361
21
0.003051
31
0.030000
12
0.004981
22
0.000436
32
0.030000
0
3DFACE
62
254
10
0.031535
20
-0.001778
30
0.030000
11
0.031457
21
0.002834
31
0.030000
12
0.031401
22
0.002939
32
0.030000
0
3DFACE
62
254
10
0.031535
20
-0.001778
30
0.030000
11
0.031401
21
0.002939
31
0.030000
12
0.031482
22
-0.001885
32
0.030000
0
3DFACE
62
254
10
0.031429
20
-0.002117
30
0.030000
11
0.031446
21
-0.001999
31
0.030000
12
0.004983
22
-0.000416
32
0.030000
0
3DFACE
62
254
10
0.031604
20
-0.001681
30
0.030000
11
0.031530
21
0.002739
31
0.030000
12
0.031457
22
0.002834
32
0.030000
0
3DFACE
62
254
10
0.031604
20
-0.001681
30
0.030000
11
0.031457
21
0.002834
31
0.030000
12
0.031535
22
-0.001778
32
0.030000
0
3DFACE
62
254
10
0.031416
20
-0.002293
30
0.030000
11
0.031429
21
-0.002117
31
0.030000
12
0.004983
22
-0.000416
32
0.030000
0
3DFACE
62
254
10
0.025752
20
-0.020187
30
0.030000
11
0.022785
21
-0.022681
31
0.030000
12
0.023746
22
-0.023294
32
0.030000
0
3DFACE
62
254
10
0.025752
20
-0.020187
30
0.030000
11
0.025363
21
-0.019757
31
0.030000
12
0.022785
22
-0.022681
32
0.030000
0
3DFACE
62
254
10
0.033908
20
0.005443
30
0.030000
11
0.033709
21
0.008238
31
0.030000
12
0.032280
22
0.008385
32
0.030000
0
3DFACE
62
254
10
0.033908
20
0.005443
30
0.030000
11
0.032280
21
0.008385
31
0.030000
12
0.032899
22
0.004911
32
0.030000
0
3DFACE
62
254
10
0.031403
20
-0.002468
30
0.030000
11
0.031416
21
-0.002293
31
0.030000
12
0.004983
22
-0.000416
32
0.030000
0
3DFACE
62
254
10
0.031687
20
-0.001596
30
0.030000
11
0.031616
21
0.002657
31
0.030000
12
0.031530
22
0.002739
32
0.030000
0
3DFACE
62
254
10
0.031687
20
-0.001596
30
0.030000
11
0.031530
21
0.002739
31
0.030000
12
0.031604
22
-0.001681
32
0.030000
0
3DFACE
62
254
10
0.031389
20
-0.002644
30
0.030000
11
0.031403
21
-0.002468
31
0.030000
12
0.004983
22
-0.000416
32
0.030000
0
3DFACE
62
254
10
0.031388
20
-0.002763
30
0.030000
11
0.031389
21
-0.002644
31
0.030000
12
0.004983
22
-0.000416
32
0.030000
0
3DFACE
62
254
10
0.031783
20
-0.001525
30
0.030000
11
0.031714
21
0.002589
31
0.030000
12
0.031616
22
0.002657
32
0.030000
0
3DFACE
62
254
10
0.031783
20
-0.001525
30
0.030000
11
0.031616
21
0.002657
31
0.030000
12
0.031687
22
-0.001596
32
0.030000
0
3DFACE
62
254
10
0.031888
20
-0.001469
30
0.030000
11
0.031821
21
0.002537
31
0.030000
12
0.031714
22
0.002589
32
0.030000
0
3DFACE
62
254
10
0.031888
20
-0.001469
30
0.030000
11
0.031714
21
0.002589
31
0.030000
12
0.031783
22
-0.001525
32
0.030000
0
3DFACE
62
254
10
0.032001
20
-0.001431
30
0.030000
11
0.031935
21
0.002503
31
0.030000
12
0.031821
22
0.002537
32
0.030000
0
3DFACE
62
254
10
0.032001
20
-0.001431
30
0.030000
11
0.032054
21
0.002486
31
0.030000
12
0.031935
22
0.002503
32
0.030000
0
3DFACE
62
254
10
0.032001
20
-0.001431
30
0.030000
11
0.031821
21
0.002537
31
0.030000
12
0.031888
22
-0.001469
32
0.030000
0
3DFACE
62
254
10
0.032119
20
-0.001411
30
0.030000
11
0.032054
21
0.002486
31
0.030000
12
0.032001
22
-0.001431
32
0.030000
0
3DFACE
62
254
10
0.032119
20
-0.001411
30
0.030000
11
0.032631
21
0.002430
31
0.030000
12
0.032054
22
0.002486
32
0.030000
0
3DFACE
62
254
10
0.028270
20
-0.013915
30
0.030000
11
0.004141
21
-0.002803
31
0.030000
12
0.025684
22
-0.018254
32
0.030000
0
3DFACE
62
254
10
0.028314
20
-0.013804
30
0.030000
11
0.004141
21
-0.002803
31
0.030000
12
0.028270
22
-0.013915
32
0.030000
0
3DFACE
62
254
10
0.028314
20
-0.013804
30
0.030000
11
0.004556
21
-0.002059
31
0.030000
12
0.004141
22
-0.002803
32
0.030000
0
3DFACE
62
254
10
0.028245
20
-0.014032
30
0.030000
11
0.025684
21
-0.018254
31
0.030000
12
0.025774
22
-0.018176
32
0.030000
0
3DFACE
62
254
10
0.028245
20
-0.014032
30
0.030000
11
0.028270
21
-0.013915
31
0.030000
12
0.025684
22
-0.018254
32
0.030000
0
3DFACE
62
254
10
0.026145
20
-0.020707
30
0.030000
11
0.023746
21
-0.023294
31
0.030000
12
0.024778
22
-0.023779
32
0.030000
0
3DFACE
62
254
10
0.026145
20
-0.020707
30
0.030000
11
0.025752
21
-0.020187
31
0.030000
12
0.023746
22
-0.023294
32
0.030000
0
3DFACE
62
254
10
0.028391
20
-0.013646
30
0.030000
11
0.004556
21
-0.002059
31
0.030000
12
0.028314
22
-0.013804
32
0.030000
0
3DFACE
62
254
10
0.028237
20
-0.014151
30
0.030000
11
0.025774
21
-0.018176
31
0.030000
12
0.025875
22
-0.018113
32
0.030000
0
3DFACE
62
254
10
0.028237
20
-0.014151
30
0.030000
11
0.028245
21
-0.014032
31
0.030000
12
0.025774
22
-0.018176
32
0.030000
0
3DFACE
62
254
10
0.028467
20
-0.013487
30
0.030000
11
0.004556
21
-0.002059
31
0.030000
12
0.028391
22
-0.013646
32
0.030000
0
3DFACE
62
254
10
0.028542
20
-0.013327
30
0.030000
11
0.004556
21
-0.002059
31
0.030000
12
0.028467
22
-0.013487
32
0.030000
0
3DFACE
62
254
10
0.028249
20
-0.014269
30
0.030000
11
0.025985
21
-0.018066
31
0.030000
12
0.026101
22
-0.018038
32
0.030000
0
3DFACE
62
254
10
0.028249
20
-0.014269
30
0.030000
11
0.025875
21
-0.018113
31
0.030000
12
0.025985
22
-0.018066
32
0.030000
0
3DFACE
62
254
10
0.028249
20
-0.014269
30
0.030000
11
0.028237
21
-0.014151
31
0.030000
12
0.025875
22
-0.018113
32
0.030000
0
3DFACE
62
254
10
0.028600
20
-0.013224
30
0.030000
11
0.004556
21
-0.002059
31
0.030000
12
0.028542
22
-0.013327
32
0.030000
0
3DFACE
62
254
10
0.028279
20
-0.014385
30
0.030000
11
0.026101
21
-0.018038
31
0.030000
12
0.026219
22
-0.018028
32
0.030000
0
3DFACE
62
254
10
0.028279
20
-0.014385
30
0.030000
11
0.028249
21
-0.014269
31
0.030000
12
0.026101
22
-0.018038
32
0.030000
0
3DFACE
62
254
10
0.035221
20
0.007451
30
0.030000
11
0.035114
21
0.007938
31
0.030000
12
0.033709
22
0.008238
32
0.030000
0
3DFACE
62
254
10
0.028326
20
-0.014494
30
0.030000
11
0.026219
21
-0.018028
31
0.030000
12
0.026338
22
-0.018036
32
0.030000
0
3DFACE
62
254
10
0.028326
20
-0.014494
30
0.030000
11
0.028279
21
-0.014385
31
0.030000
12
0.026219
22
-0.018028
32
0.030000
0
3DFACE
62
254
10
0.030543
20
-0.007743
30
0.030000
11
0.031388
21
-0.002763
31
0.030000
12
0.004983
22
-0.000416
32
0.030000
0
3DFACE
62
254
10
0.030543
20
-0.007743
30
0.030000
11
0.004840
21
-0.001256
31
0.030000
12
0.030505
22
-0.007856
32
0.030000
0
3DFACE
62
254
10
0.030543
20
-0.007743
30
0.030000
11
0.004983
21
-0.000416
31
0.030000
12
0.004840
22
-0.001256
32
0.030000
0
3DFACE
62
254
10
0.030460
20
-0.008026
30
0.030000
11
0.030505
21
-0.007856
31
0.030000
12
0.004840
22
-0.001256
32
0.030000
0
3DFACE
62
254
10
0.030415
20
-0.008197
30
0.030000
11
0.030460
21
-0.008026
31
0.030000
12
0.004840
22
-0.001256
32
0.030000
0
3DFACE
62
254
10
0.028390
20
-0.014595
30
0.030000
11
0.026338
21
-0.018036
31
0.030000
12
0.026455
22
-0.018063
32
0.030000
0
3DFACE
62
254
10
0.028390
20
-0.014595
30
0.030000
11
0.028326
21
-0.014494
31
0.030000
12
0.026338
22
-0.018036
32
0.030000
0
3DFACE
62
254
10
0.030599
20
-0.007638
30
0.030000
11
0.031406
21
-0.002881
31
0.030000
12
0.031388
22
-0.002763
32
0.030000
0
3DFACE
62
254
10
0.030599
20
-0.007638
30
0.030000
11
0.031388
21
-0.002763
31
0.030000
12
0.030543
22
-0.007743
32
0.030000
0
3DFACE
62
254
10
0.030369
20
-0.008367
30
0.030000
11
0.030415
21
-0.008197
31
0.030000
12
0.004840
22
-0.001256
32
0.030000
0
3DFACE
62
254
10
0.030346
20
-0.008484
30
0.030000
11
0.004556
21
-0.002059
31
0.030000
12
0.028600
22
-0.013224
32
0.030000
0
3DFACE
62
254
10
0.030346
20
-0.008484
30
0.030000
11
0.004840
21
-0.001256
31
0.030000
12
0.004556
22
-0.002059
32
0.030000
0
3DFACE
62
254
10
0.030346
20
-0.008484
30
0.030000
11
0.030369
21
-0.008367
31
0.030000
12
0.004840
22
-0.001256
32
0.030000
0
3DFACE
62
254
10
0.030671
20
-0.007543
30
0.030000
11
0.031442
21
-0.002995
31
0.030000
12
0.031406
22
-0.002881
32
0.030000
0
3DFACE
62
254
10
0.030671
20
-0.007543
30
0.030000
11
0.031496
21
-0.003101
31
0.030000
12
0.031442
22
-0.002995
32
0.030000
0
3DFACE
62
254
10
0.030671
20
-0.007543
30
0.030000
11
0.031406
21
-0.002881
31
0.030000
12
0.030599
22
-0.007638
32
0.030000
0
3DFACE
62
254
10
0.030342
20
-0.008603
30
0.030000
11
0.030346
21
-0.008484
31
0.030000
12
0.028600
22
-0.013224
32
0.030000
0
3DFACE
62
254
10
0.030342
20
-0.008603
30
0.030000
11
0.028600
21
-0.013224
31
0.030000
12
0.028675
22
-0.013130
32
0.030000
0
3DFACE
62
254
10
0.035320
20
0.006963
30
0.030000
11
0.033709
21
0.008238
31
0.030000
12
0.033908
22
0.005443
32
0.030000
0
3DFACE
62
254
10
0.035320
20
0.006963
30
0.030000
11
0.035221
21
0.007451
31
0.030000
12
0.033709
22
0.008238
32
0.030000
0
3DFACE
62
254
10
0.030357
20
-0.008721
30
0.030000
11
0.028675
21
-0.013130
31
0.030000
12
0.028763
22
-0.013050
32
0.030000
0
3DFACE
62
254
10
0.030357
20
-0.008721
30
0.030000
11
0.030342
21
-0.008603
31
0.030000
12
0.028675
22
-0.013130
32
0.030000
0
3DFACE
62
254
10
0.030757
20
-0.007460
30
0.030000
11
0.031496
21
-0.003101
31
0.030000
12
0.030671
22
-0.007543
32
0.030000
0
3DFACE
62
254
10
0.028469
20
-0.014684
30
0.030000
11
0.028390
21
-0.014595
31
0.030000
12
0.026455
22
-0.018063
32
0.030000
0
3DFACE
62
254
10
0.030390
20
-0.008836
30
0.030000
11
0.028763
21
-0.013050
31
0.030000
12
0.028862
22
-0.012984
32
0.030000
0
3DFACE
62
254
10
0.030390
20
-0.008836
30
0.030000
11
0.030357
21
-0.008721
31
0.030000
12
0.028763
22
-0.013050
32
0.030000
0
3DFACE
62
254
10
0.030854
20
-0.007391
30
0.030000
11
0.031566
21
-0.003198
31
0.030000
12
0.031496
22
-0.003101
32
0.030000
0
3DFACE
62
254
10
0.030854
20
-0.007391
30
0.030000
11
0.031496
21
-0.003101
31
0.030000
12
0.030757
22
-0.007460
32
0.030000
0
3DFACE
62
254
10
0.028561
20
-0.014760
30
0.030000
11
0.026455
21
-0.018063
31
0.030000
12
0.026565
22
-0.018108
32
0.030000
0
3DFACE
62
254
10
0.028561
20
-0.014760
30
0.030000
11
0.028469
21
-0.014684
31
0.030000
12
0.026455
22
-0.018063
32
0.030000
0
3DFACE
62
254
10
0.030440
20
-0.008944
30
0.030000
11
0.030390
21
-0.008836
31
0.030000
12
0.028862
22
-0.012984
32
0.030000
0
3DFACE
62
254
10
0.030440
20
-0.008944
30
0.030000
11
0.028862
21
-0.012984
31
0.030000
12
0.028971
22
-0.012935
32
0.030000
0
3DFACE
62
254
10
0.030961
20
-0.007339
30
0.030000
11
0.031649
21
-0.003283
31
0.030000
12
0.031566
22
-0.003198
32
0.030000
0
3DFACE
62
254
10
0.030961
20
-0.007339
30
0.030000
11
0.031745
21
-0.003353
31
0.030000
12
0.031649
22
-0.003283
32
0.030000
0
3DFACE
62
254
10
0.030961
20
-0.007339
30
0.030000
11
0.031566
21
-0.003198
31
0.030000
12
0.030854
22
-0.007391
32
0.030000
0
3DFACE
62
254
10
0.035413
20
0.006473
30
0.030000
11
0.035320
21
0.006963
31
0.030000
12
0.033908
22
0.005443
32
0.030000
0
3DFACE
62
254
10
0.030507
20
-0.009043
30
0.030000
11
0.028971
21
-0.012935
31
0.030000
12
0.029086
22
-0.012903
32
0.030000
0
3DFACE
62
254
10
0.030507
20
-0.009043
30
0.030000
11
0.030440
21
-0.008944
31
0.030000
12
0.028971
22
-0.012935
32
0.030000
0
3DFACE
62
254
10
0.031075
20
-0.007304
30
0.030000
11
0.031745
21
-0.003353
31
0.030000
12
0.030961
22
-0.007339
32
0.030000
0
3DFACE
62
254
10
0.030589
20
-0.009130
30
0.030000
11
0.029086
21
-0.012903
31
0.030000
12
0.029204
22
-0.012890
32
0.030000
0
3DFACE
62
254
10
0.030589
20
-0.009130
30
0.030000
11
0.030507
21
-0.009043
31
0.030000
12
0.029086
22
-0.012903
32
0.030000
0
3DFACE
62
254
10
0.031193
20
-0.007287
30
0.030000
11
0.031851
21
-0.003408
31
0.030000
12
0.031745
22
-0.003353
32
0.030000
0
3DFACE
62
254
10
0.031193
20
-0.007287
30
0.030000
11
0.031745
21
-0.003353
31
0.030000
12
0.031075
22
-0.007304
32
0.030000
0
3DFACE
62
254
10
0.030683
20
-0.009203
30
0.030000
11
0.030589
21
-0.009130
31
0.030000
12
0.029204
22
-0.012890
32
0.030000
0
3DFACE
62
254
10
0.030683
20
-0.009203
30
0.030000
11
0.029204
21
-0.012890
31
0.030000
12
0.029323
22
-0.012895
32
0.030000
0
3DFACE
62
254
10
0.031313
20
-0.007289
30
0.030000
11
0.031851
21
-0.003408
31
0.030000
12
0.031193
22
-0.007287
32
0.030000
0
3DFACE
62
254
10
0.031313
20
-0.007289
30
0.030000
11
0.031965
21
-0.003446
31
0.030000
12
0.031851
22
-0.003408
32
0.030000
0
3DFACE
62
254
10
0.033242
20
-0.001217
30
0.030000
11
0.033271
21
0.002311
31
0.030000
12
0.032631
22
0.002430
32
0.030000
0
3DFACE
62
254
10
0.033242
20
-0.001217
30
0.030000
11
0.032631
21
0.002430
31
0.030000
12
0.032119
22
-0.001411
32
0.030000
0
3DFACE
62
254
10
0.032522
20
-0.003607
30
0.030000
11
0.031965
21
-0.003446
31
0.030000
12
0.031313
22
-0.007289
32
0.030000
0
3DFACE
62
254
10
0.030787
20
-0.009261
30
0.030000
11
0.030683
21
-0.009203
31
0.030000
12
0.029323
22
-0.012895
32
0.030000
0
3DFACE
62
254
10
0.030787
20
-0.009261
30
0.030000
11
0.029323
21
-0.012895
31
0.030000
12
0.029440
22
-0.012919
32
0.030000
0
3DFACE
62
254
10
0.029022
20
-0.015112
30
0.030000
11
0.026565
21
-0.018108
31
0.030000
12
0.027622
22
-0.018535
32
0.030000
0
3DFACE
62
254
10
0.029022
20
-0.015112
30
0.030000
11
0.028561
21
-0.014760
31
0.030000
12
0.026565
22
-0.018108
32
0.030000
0
3DFACE
62
254
10
0.026888
20
-0.021936
30
0.030000
11
0.026145
21
-0.020707
31
0.030000
12
0.024778
22
-0.023779
32
0.030000
0
3DFACE
62
254
10
0.031305
20
-0.009521
30
0.030000
11
0.030787
21
-0.009261
31
0.030000
12
0.029440
22
-0.012919
32
0.030000
0
3DFACE
62
254
10
0.029504
20
-0.015550
30
0.030000
11
0.029022
21
-0.015112
31
0.030000
12
0.027622
22
-0.018535
32
0.030000
0
3DFACE
62
254
10
0.026841
20
-0.023990
30
0.030000
11
0.024778
21
-0.023779
31
0.030000
12
0.026507
22
-0.024360
32
0.030000
0
3DFACE
62
254
10
0.026841
20
-0.023990
30
0.030000
11
0.026888
21
-0.021936
31
0.030000
12
0.024778
22
-0.023779
32
0.030000
0
3DFACE
62
254
10
0.034331
20
-0.000880
30
0.030000
11
0.033271
21
0.002311
31
0.030000
12
0.033242
22
-0.001217
32
0.030000
0
3DFACE
62
254
10
0.034331
20
-0.000880
30
0.030000
11
0.034649
21
0.001904
31
0.030000
12
0.033271
22
0.002311
32
0.030000
0
3DFACE
62
254
10
0.027171
20
-0.023616
30
0.030000
11
0.026888
21
-0.021936
31
0.030000
12
0.026841
22
-0.023990
32
0.030000
0
3DFACE
62
254
10
0.028725
20
-0.018821
30
0.030000
11
0.029504
21
-0.015550
31
0.030000
12
0.027622
22
-0.018535
32
0.030000
0
3DFACE
62
254
10
0.030557
20
-0.013144
30
0.030000
11
0.031305
21
-0.009521
31
0.030000
12
0.029440
22
-0.012919
32
0.030000
0
3DFACE
62
254
10
0.032452
20
-0.007305
30
0.030000
11
0.032522
21
-0.003607
31
0.030000
12
0.031313
22
-0.007289
32
0.030000
0
3DFACE
62
254
10
0.032452
20
-0.007305
30
0.030000
11
0.033129
21
-0.003842
31
0.030000
12
0.032522
22
-0.003607
32
0.030000
0
3DFACE
62
254
10
0.027495
20
-0.023238
30
0.030000
11
0.026888
21
-0.021936
31
0.030000
12
0.027171
22
-0.023616
32
0.030000
0
3DFACE
62
254
10
0.031859
20
-0.009864
30
0.030000
11
0.031305
21
-0.009521
31
0.030000
12
0.030557
22
-0.013144
32
0.030000
0
3DFACE
62
254
10
0.035990
20
0.000852
30
0.030000
11
0.035975
21
0.001350
31
0.030000
12
0.034649
22
0.001904
32
0.030000
0
3DFACE
62
254
10
0.030461
20
-0.016622
30
0.030000
11
0.029504
21
-0.015550
31
0.030000
12
0.028725
22
-0.018821
32
0.030000
0
3DFACE
62
254
10
0.033584
20
-0.007173
30
0.030000
11
0.034409
21
-0.004495
31
0.030000
12
0.033129
22
-0.003842
32
0.030000
0
3DFACE
62
254
10
0.033584
20
-0.007173
30
0.030000
11
0.033129
21
-0.003842
31
0.030000
12
0.032452
22
-0.007305
32
0.030000
0
3DFACE
62
254
10
0.031695
20
-0.013222
30
0.030000
11
0.031859
21
-0.009864
31
0.030000
12
0.030557
22
-0.013144
32
0.030000
0
3DFACE
62
254
10
0.035998
20
0.000354
30
0.030000
11
0.034649
21
0.001904
31
0.030000
12
0.034331
22
-0.000880
32
0.030000
0
3DFACE
62
254
10
0.035998
20
0.000354
30
0.030000
11
0.035990
21
0.000852
31
0.030000
12
0.034649
22
0.001904
32
0.030000
0
3DFACE
62
254
10
0.036000
20
-0.000144
30
0.030000
11
0.035998
21
0.000354
31
0.030000
12
0.034331
22
-0.000880
32
0.030000
0
3DFACE
62
254
10
0.032997
20
-0.010741
30
0.030000
11
0.031859
21
-0.009864
31
0.030000
12
0.031695
22
-0.013222
32
0.030000
0
3DFACE
62
254
10
0.030793
20
-0.018650
30
0.030000
11
0.028725
21
-0.018821
31
0.030000
12
0.030532
22
-0.019074
32
0.030000
0
3DFACE
62
254
10
0.030793
20
-0.018650
30
0.030000
11
0.030461
21
-0.016622
31
0.030000
12
0.028725
22
-0.018821
32
0.030000
0
3DFACE
62
254
10
0.031048
20
-0.018222
30
0.030000
11
0.030461
21
-0.016622
31
0.030000
12
0.030793
22
-0.018650
32
0.030000
0
3DFACE
62
254
10
0.031297
20
-0.017790
30
0.030000
11
0.030461
21
-0.016622
31
0.030000
12
0.031048
22
-0.018222
32
0.030000
0
3DFACE
62
254
10
0.035534
20
-0.005775
30
0.030000
11
0.035610
21
-0.005283
31
0.030000
12
0.034409
22
-0.004495
32
0.030000
0
3DFACE
62
254
10
0.035450
20
-0.006267
30
0.030000
11
0.034409
21
-0.004495
31
0.030000
12
0.033584
22
-0.007173
32
0.030000
0
3DFACE
62
254
10
0.035450
20
-0.006267
30
0.030000
11
0.035534
21
-0.005775
31
0.030000
12
0.034409
22
-0.004495
32
0.030000
0
3DFACE
62
254
10
0.035360
20
-0.006757
30
0.030000
11
0.035450
21
-0.006267
31
0.030000
12
0.033584
22
-0.007173
32
0.030000
0
3DFACE
62
254
10
0.033695
20
-0.012674
30
0.030000
11
0.031695
21
-0.013222
31
0.030000
12
0.033517
22
-0.013139
32
0.030000
0
3DFACE
62
254
10
0.033695
20
-0.012674
30
0.030000
11
0.032997
21
-0.010741
31
0.030000
12
0.031695
22
-0.013222
32
0.030000
0
3DFACE
62
254
10
0.033867
20
-0.012206
30
0.030000
11
0.032997
21
-0.010741
31
0.030000
12
0.033695
22
-0.012674
32
0.030000
0
3DFACE
62
254
10
0.034033
20
-0.011736
30
0.030000
11
0.032997
21
-0.010741
31
0.030000
12
0.033867
22
-0.012206
32
0.030000
0
3DFACE
62
254
10
-0.032997
20
0.010741
30
-0.000000
11
-0.033695
21
0.012674
31
-0.000000
12
-0.033867
22
0.012206
32
-0.000000
0
3DFACE
62
254
10
-0.032997
20
0.010741
30
-0.000000
11
-0.033867
21
0.012206
31
-0.000000
12
-0.034033
22
0.011736
32
-0.000000
0
3DFACE
62
254
10
-0.031695
20
0.013222
30
-0.000000
11
-0.033695
21
0.012674
31
-0.000000
12
-0.032997
22
0.010741
32
-0.000000
0
3DFACE
62
254
10
-0.031695
20
0.013222
30
-0.000000
11
-0.033517
21
0.013139
31
-0.000000
12
-0.033695
22
0.012674
32
-0.000000
0
3DFACE
62
254
10
-0.033584
20
0.007173
30
0.000000
11
-0.035360
21
0.006757
31
0.000000
12
-0.035450
22
0.006267
32
0.000000
0
3DFACE
62
254
10
-0.034409
20
0.004495
30
0.000000
11
-0.033584
21
0.007173
31
0.000000
12
-0.035450
22
0.006267
32
0.000000
0
3DFACE
62
254
10
-0.034409
20
0.004495
30
0.000000
11
-0.035450
21
0.006267
31
0.000000
12
-0.035534
22
0.005775
32
0.000000
0
3DFACE
62
254
10
-0.034409
20
0.004495
30
0.000000
11
-0.035534
21
0.005775
31
0.000000
12
-0.035610
22
0.005283
32
0.000000
0
3DFACE
62
254
10
-0.030461
20
0.016622
30
-0.000000
11
-0.030793
21
0.018650
31
-0.000000
12
-0.031048
22
0.018222
32
-0.000000
0
3DFACE
62
254
10
-0.030461
20
0.016622
30
-0.000000
11
-0.031048
21
0.018222
31
-0.000000
12
-0.031297
22
0.017790
32
-0.000000
0
3DFACE
62
254
10
-0.031859
20
0.009864
30
0.000000
11
-0.031695
21
0.013222
31
-0.000000
12
-0.032997
22
0.010741
32
-0.000000
0
3DFACE
62
254
10
-0.030557
20
0.013144
30
-0.000000
11
-0.031695
21
0.013222
31
-0.000000
12
-0.031859
22
0.009864
32
0.000000
0
3DFACE
62
254
10
-0.028725
20
0.018821
30
-0.000000
11
-0.030793
21
0.018650
31
-0.000000
12
-0.030461
22
0.016622
32
-0.000000
0
3DFACE
62
254
10
-0.028725
20
0.018821
30
-0.000000
11
-0.030532
21
0.019074
31
-0.000000
12
-0.030793
22
0.018650
32
-0.000000
0
3DFACE
62
254
10
-0.034331
20
0.000880
30
0.000000
11
-0.036000
21
0.000144
31
0.000000
12
-0.035998
22
-0.000354
32
0.000000
0
3DFACE
62
254
10
-0.029504
20
0.015550
30
-0.000000
11
-0.028725
21
0.018821
31
-0.000000
12
-0.030461
22
0.016622
32
-0.000000
0
3DFACE
62
254
10
-0.033129
20
0.003842
30
0.000000
11
-0.033584
21
0.007173
31
0.000000
12
-0.034409
22
0.004495
32
0.000000
0
3DFACE
62
254
10
-0.033129
20
0.003842
30
0.000000
11
-0.032452
21
0.007305
31
0.000000
12
-0.033584
22
0.007173
32
0.000000
0
3DFACE
62
254
10
-0.031305
20
0.009521
30
0.000000
11
-0.030557
21
0.013144
31
-0.000000
12
-0.031859
22
0.009864
32
0.000000
0
3DFACE
62
254
10
-0.034649
20
-0.001904
30
0.000000
11
-0.034331
21
0.000880
31
0.000000
12
-0.035998
22
-0.000354
32
0.000000
0
3DFACE
62
254
10
-0.034649
20
-0.001904
30
0.000000
11
-0.035998
21
-0.000354
31
0.000000
12
-0.035990
22
-0.000852
32
0.000000
0
3DFACE
62
254
10
-0.034649
20
-0.001904
30
0.000000
11
-0.035990
21
-0.000852
31
0.000000
12
-0.035975
22
-0.001350
32
0.000000
0
3DFACE
62
254
10
-0.026888
20
0.021936
30
-0.000000
11
-0.026841
21
0.023990
31
-0.000000
12
-0.027171
22
0.023616
32
-0.000000
0
3DFACE
62
254
10
-0.026888
20
0.021936
30
-0.000000
11
-0.027171
21
0.023616
31
-0.000000
12
-0.027495
22
0.023238
32
-0.000000
0
3DFACE
62
254
10
-0.032522
20
0.003607
30
0.000000
11
-0.032452
21
0.007305
31
0.000000
12
-0.033129
22
0.003842
32
0.000000
0
3DFACE
62
254
10
-0.031313
20
0.007289
30
0.000000
11
-0.032452
21
0.007305
31
0.000000
12
-0.032522
22
0.003607
32
0.000000
0
3DFACE
62
254
10
-0.029440
20
0.012919
30
-0.000000
11
-0.031305
21
0.009521
31
0.000000
12
-0.030787
22
0.009261
32
0.000000
0
3DFACE
62
254
10
-0.029440
20
0.012919
30
-0.000000
11
-0.030557
21
0.013144
31
-0.000000
12
-0.031305
22
0.009521
32
0.000000
0
3DFACE
62
254
10
-0.027622
20
0.018535
30
-0.000000
11
-0.029504
21
0.015550
31
-0.000000
12
-0.029022
22
0.015112
32
-0.000000
0
3DFACE
62
254
10
-0.027622
20
0.018535
30
-0.000000
11
-0.028725
21
0.018821
31
-0.000000
12
-0.029504
22
0.015550
32
-0.000000
0
3DFACE
62
254
10
-0.029327
20
0.012895
30
-0.000000
11
-0.030787
21
0.009261
31
0.000000
12
-0.030683
22
0.009203
32
0.000000
0
3DFACE
62
254
10
-0.029327
20
0.012895
30
-0.000000
11
-0.029440
21
0.012919
31
-0.000000
12
-0.030787
22
0.009261
32
0.000000
0
3DFACE
62
254
10
-0.029212
20
0.012889
30
-0.000000
11
-0.030683
21
0.009203
31
0.000000
12
-0.030589
22
0.009130
32
0.000000
0
3DFACE
62
254
10
-0.029212
20
0.012889
30
-0.000000
11
-0.029327
21
0.012895
31
-0.000000
12
-0.030683
22
0.009203
32
0.000000
0
3DFACE
62
254
10
-0.029098
20
0.012901
30
-0.000000
11
-0.029212
21
0.012889
31
-0.000000
12
-0.030589
22
0.009130
32
0.000000
0
3DFACE
62
254
10
-0.029098
20
0.012901
30
-0.000000
11
-0.030589
21
0.009130
31
0.000000
12
-0.030507
22
0.009043
32
0.000000
0
3DFACE
62
254
10
-0.028986
20
0.012929
30
-0.000000
11
-0.029098
21
0.012901
31
-0.000000
12
-0.030507
22
0.009043
32
0.000000
0
3DFACE
62
254
10
-0.028986
20
0.012929
30
-0.000000
11
-0.030507
21
0.009043
31
0.000000
12
-0.030440
22
0.008944
32
0.000000
0
3DFACE
62
254
10
-0.031965
20
0.003446
30
0.000000
11
-0.031204
21
0.007286
31
0.000000
12
-0.031313
22
0.007289
32
0.000000
0
3DFACE
62
254
10
-0.031965
20
0.003446
30
0.000000
11
-0.031313
21
0.007289
31
0.000000
12
-0.032522
22
0.003607
32
0.000000
0
3DFACE
62
254
10
-0.028880
20
0.012974
30
-0.000000
11
-0.028986
21
0.012929
31
-0.000000
12
-0.030440
22
0.008944
32
0.000000
0
3DFACE
62
254
10
-0.028880
20
0.012974
30
-0.000000
11
-0.030440
21
0.008944
31
0.000000
12
-0.030390
22
0.008836
32
0.000000
0
3DFACE
62
254
10
-0.031851
20
0.003408
30
0.000000
11
-0.031096
21
0.007300
31
0.000000
12
-0.031204
22
0.007286
32
0.000000
0
3DFACE
62
254
10
-0.031851
20
0.003408
30
0.000000
11
-0.031204
21
0.007286
31
0.000000
12
-0.031965
22
0.003446
32
0.000000
0
3DFACE
62
254
10
-0.028775
20
0.013041
30
-0.000000
11
-0.030390
21
0.008836
31
0.000000
12
-0.030357
22
0.008721
32
0.000000
0
3DFACE
62
254
10
-0.028775
20
0.013041
30
-0.000000
11
-0.028880
21
0.012974
31
-0.000000
12
-0.030390
22
0.008836
32
0.000000
0
3DFACE
62
254
10
-0.028682
20
0.013123
30
-0.000000
11
-0.030357
21
0.008721
31
0.000000
12
-0.030342
22
0.008603
32
0.000000
0
3DFACE
62
254
10
-0.028682
20
0.013123
30
-0.000000
11
-0.028775
21
0.013041
31
-0.000000
12
-0.030357
22
0.008721
32
0.000000
0
3DFACE
62
254
10
-0.031745
20
0.003353
30
0.000000
11
-0.030991
21
0.007328
31
0.000000
12
-0.031096
22
0.007300
32
0.000000
0
3DFACE
62
254
10
-0.031745
20
0.003353
30
0.000000
11
-0.031096
21
0.007300
31
0.000000
12
-0.031851
22
0.003408
32
0.000000
0
3DFACE
62
254
10
-0.028603
20
0.013220
30
-0.000000
11
-0.030342
21
0.008603
31
0.000000
12
-0.030346
22
0.008484
32
0.000000
0
3DFACE
62
254
10
-0.028603
20
0.013220
30
-0.000000
11
-0.028682
21
0.013123
31
-0.000000
12
-0.030342
22
0.008603
32
0.000000
0
3DFACE
62
254
10
-0.031649
20
0.003283
30
0.000000
11
-0.030991
21
0.007328
31
0.000000
12
-0.031745
22
0.003353
32
0.000000
0
3DFACE
62
254
10
-0.031649
20
0.003283
30
0.000000
11
-0.030891
21
0.007371
31
0.000000
12
-0.030991
22
0.007328
32
0.000000
0
3DFACE
62
254
10
-0.031566
20
0.003198
30
0.000000
11
-0.030783
21
0.007439
31
0.000000
12
-0.030891
22
0.007371
32
0.000000
0
3DFACE
62
254
10
-0.031566
20
0.003198
30
0.000000
11
-0.030891
21
0.007371
31
0.000000
12
-0.031649
22
0.003283
32
0.000000
0
3DFACE
62
254
10
-0.033271
20
-0.002311
30
0.000000
11
-0.034331
21
0.000880
31
0.000000
12
-0.034649
22
-0.001904
32
0.000000
0
3DFACE
62
254
10
-0.033271
20
-0.002311
30
0.000000
11
-0.033242
21
0.001217
31
0.000000
12
-0.034331
22
0.000880
32
0.000000
0
3DFACE
62
254
10
-0.031496
20
0.003101
30
0.000000
11
-0.030688
21
0.007524
31
0.000000
12
-0.030783
22
0.007439
32
0.000000
0
3DFACE
62
254
10
-0.031496
20
0.003101
30
0.000000
11
-0.030783
21
0.007439
31
0.000000
12
-0.031566
22
0.003198
32
0.000000
0
3DFACE
62
254
10
-0.031442
20
0.002995
30
0.000000
11
-0.030608
21
0.007624
31
0.000000
12
-0.030688
22
0.007524
32
0.000000
0
3DFACE
62
254
10
-0.031442
20
0.002995
30
0.000000
11
-0.030688
21
0.007524
31
0.000000
12
-0.031496
22
0.003101
32
0.000000
0
3DFACE
62
254
10
-0.031406
20
0.002881
30
0.000000
11
-0.030547
21
0.007736
31
0.000000
12
-0.030608
22
0.007624
32
0.000000
0
3DFACE
62
254
10
-0.031406
20
0.002881
30
0.000000
11
-0.030608
21
0.007624
31
0.000000
12
-0.031442
22
0.002995
32
0.000000
0
3DFACE
62
254
10
-0.024778
20
0.023779
30
-0.000000
11
-0.026841
21
0.023990
31
-0.000000
12
-0.026888
22
0.021936
32
-0.000000
0
3DFACE
62
254
10
-0.024778
20
0.023779
30
-0.000000
11
-0.026507
21
0.024360
31
-0.000000
12
-0.026841
22
0.023990
32
-0.000000
0
3DFACE
62
254
10
-0.024778
20
0.023779
30
-0.000000
11
-0.026888
21
0.021936
31
-0.000000
12
-0.026145
22
0.020707
32
-0.000000
0
3DFACE
62
254
10
-0.026565
20
0.018108
30
-0.000000
11
-0.028561
21
0.014760
31
-0.000000
12
-0.028469
22
0.014684
32
-0.000000
0
3DFACE
62
254
10
-0.026565
20
0.018108
30
-0.000000
11
-0.027622
21
0.018535
31
-0.000000
12
-0.029022
22
0.015112
32
-0.000000
0
3DFACE
62
254
10
-0.026565
20
0.018108
30
-0.000000
11
-0.029022
21
0.015112
31
-0.000000
12
-0.028561
22
0.014760
32
-0.000000
0
3DFACE
62
254
10
-0.031388
20
0.002763
30
0.000000
11
-0.030547
21
0.007736
31
0.000000
12
-0.031406
22
0.002881
32
0.000000
0
3DFACE
62
254
10
-0.033908
20
-0.005443
30
0.000000
11
-0.035413
21
-0.006473
31
0.000000
12
-0.035320
22
-0.006963
32
0.000000
0
3DFACE
62
254
10
-0.026454
20
0.018063
30
-0.000000
11
-0.026565
21
0.018108
31
-0.000000
12
-0.028469
22
0.014684
32
-0.000000
0
3DFACE
62
254
10
-0.026454
20
0.018063
30
-0.000000
11
-0.028469
21
0.014684
31
-0.000000
12
-0.028390
22
0.014595
32
-0.000000
0
3DFACE
62
254
10
-0.026338
20
0.018036
30
-0.000000
11
-0.028390
21
0.014595
31
-0.000000
12
-0.028326
22
0.014494
32
-0.000000
0
3DFACE
62
254
10
-0.026338
20
0.018036
30
-0.000000
11
-0.026454
21
0.018063
31
-0.000000
12
-0.028390
22
0.014595
32
-0.000000
0
3DFACE
62
254
10
-0.026219
20
0.018028
30
-0.000000
11
-0.028326
21
0.014494
31
-0.000000
12
-0.028279
22
0.014385
32
-0.000000
0
3DFACE
62
254
10
-0.026219
20
0.018028
30
-0.000000
11
-0.026338
21
0.018036
31
-0.000000
12
-0.028326
22
0.014494
32
-0.000000
0
3DFACE
62
254
10
-0.032631
20
-0.002430
30
0.000000
11
-0.032119
21
0.001411
31
0.000000
12
-0.033242
22
0.001217
32
0.000000
0
3DFACE
62
254
10
-0.032631
20
-0.002430
30
0.000000
11
-0.033242
21
0.001217
31
0.000000
12
-0.033271
22
-0.002311
32
0.000000
0
3DFACE
62
254
10
-0.026100
20
0.018038
30
-0.000000
11
-0.026219
21
0.018028
31
-0.000000
12
-0.028279
22
0.014385
32
-0.000000
0
3DFACE
62
254
10
-0.026100
20
0.018038
30
-0.000000
11
-0.028279
21
0.014385
31
-0.000000
12
-0.028249
22
0.014269
32
-0.000000
0
3DFACE
62
254
10
-0.025984
20
0.018067
30
-0.000000
11
-0.028249
21
0.014269
31
-0.000000
12
-0.028237
22
0.014151
32
-0.000000
0
3DFACE
62
254
10
-0.025984
20
0.018067
30
-0.000000
11
-0.026100
21
0.018038
31
-0.000000
12
-0.028249
22
0.014269
32
-0.000000
0
3DFACE
62
254
10
-0.025874
20
0.018113
30
-0.000000
11
-0.028237
21
0.014151
31
-0.000000
12
-0.028245
22
0.014032
32
-0.000000
0
3DFACE
62
254
10
-0.025874
20
0.018113
30
-0.000000
11
-0.025984
21
0.018067
31
-0.000000
12
-0.028237
22
0.014151
32
-0.000000
0
3DFACE
62
254
10
-0.025773
20
0.018176
30
-0.000000
11
-0.028245
21
0.014032
31
-0.000000
12
-0.028270
22
0.013915
32
-0.000000
0
3DFACE
62
254
10
-0.025773
20
0.018176
30
-0.000000
11
-0.025874
21
0.018113
31
-0.000000
12
-0.028245
22
0.014032
32
-0.000000
0
3DFACE
62
254
10
-0.025683
20
0.018254
30
-0.000000
11
-0.025773
21
0.018176
31
-0.000000
12
-0.028270
22
0.013915
32
-0.000000
0
3DFACE
62
254
10
-0.032054
20
-0.002486
30
0.000000
11
-0.032119
21
0.001411
31
0.000000
12
-0.032631
22
-0.002430
32
0.000000
0
3DFACE
62
254
10
-0.032054
20
-0.002486
30
0.000000
11
-0.032022
21
0.001426
31
0.000000
12
-0.032119
22
0.001411
32
0.000000
0
3DFACE
62
254
10
-0.031935
20
-0.002503
30
0.000000
11
-0.032022
21
0.001426
31
0.000000
12
-0.032054
22
-0.002486
32
0.000000
0
3DFACE
62
254
10
-0.031935
20
-0.002503
30
0.000000
11
-0.031927
21
0.001454
31
0.000000
12
-0.032022
22
0.001426
32
0.000000
0
3DFACE
62
254
10
-0.023746
20
0.023294
30
-0.000000
11
-0.024778
21
0.023779
31
-0.000000
12
-0.026145
22
0.020707
32
-0.000000
0
3DFACE
62
254
10
-0.023746
20
0.023294
30
-0.000000
11
-0.026145
21
0.020707
31
-0.000000
12
-0.025752
22
0.020187
32
-0.000000
0
3DFACE
62
254
10
-0.033709
20
-0.008238
30
0.000000
11
-0.035320
21
-0.006963
31
0.000000
12
-0.035221
22
-0.007451
32
0.000000
0
3DFACE
62
254
10
-0.033709
20
-0.008238
30
0.000000
11
-0.035221
21
-0.007451
31
0.000000
12
-0.035114
22
-0.007938
32
0.000000
0
3DFACE
62
254
10
-0.033709
20
-0.008238
30
0.000000
11
-0.033908
21
-0.005443
31
0.000000
12
-0.035320
22
-0.006963
32
0.000000
0
3DFACE
62
254
10
-0.031821
20
-0.002537
30
0.000000
11
-0.031927
21
0.001454
31
0.000000
12
-0.031935
22
-0.002503
32
0.000000
0
3DFACE
62
254
10
-0.031821
20
-0.002537
30
0.000000
11
-0.031837
21
0.001494
31
0.000000
12
-0.031927
22
0.001454
32
0.000000
0
3DFACE
62
254
10
-0.031714
20
-0.002589
30
0.000000
11
-0.031837
21
0.001494
31
0.000000
12
-0.031821
22
-0.002537
32
0.000000
0
3DFACE
62
254
10
-0.031714
20
-0.002589
30
0.000000
11
-0.031727
21
0.001563
31
0.000000
12
-0.031837
22
0.001494
32
0.000000
0
3DFACE
62
254
10
-0.022400
20
0.026503
30
-0.000000
11
-0.021976
21
0.028514
31
-0.000000
12
-0.022369
22
0.028207
32
-0.000000
0
3DFACE
62
254
10
-0.022400
20
0.026503
30
-0.000000
11
-0.022369
21
0.028207
31
-0.000000
12
-0.022757
22
0.027895
32
-0.000000
0
3DFACE
62
254
10
-0.031616
20
-0.002657
30
0.000000
11
-0.031727
21
0.001563
31
0.000000
12
-0.031714
22
-0.002589
32
0.000000
0
3DFACE
62
254
10
-0.031616
20
-0.002657
30
0.000000
11
-0.031631
21
0.001650
31
0.000000
12
-0.031727
22
0.001563
32
0.000000
0
3DFACE
62
254
10
-0.031530
20
-0.002739
30
0.000000
11
-0.031551
21
0.001752
31
0.000000
12
-0.031631
22
0.001650
32
0.000000
0
3DFACE
62
254
10
-0.031530
20
-0.002739
30
0.000000
11
-0.031631
21
0.001650
31
0.000000
12
-0.031616
22
-0.002657
32
0.000000
0
3DFACE
62
254
10
-0.031457
20
-0.002834
30
0.000000
11
-0.031551
21
0.001752
31
0.000000
12
-0.031530
22
-0.002739
32
0.000000
0
3DFACE
62
254
10
-0.031457
20
-0.002834
30
0.000000
11
-0.031490
21
0.001866
31
0.000000
12
-0.031551
22
0.001752
32
0.000000
0
3DFACE
62
254
10
-0.031401
20
-0.002939
30
0.000000
11
-0.031490
21
0.001866
31
0.000000
12
-0.031457
22
-0.002834
32
0.000000
0
3DFACE
62
254
10
-0.031401
20
-0.002939
30
0.000000
11
-0.031448
21
0.001989
31
0.000000
12
-0.031490
22
0.001866
32
0.000000
0
3DFACE
62
254
10
-0.031361
20
-0.003051
30
0.000000
11
-0.031448
21
0.001989
31
0.000000
12
-0.031401
22
-0.002939
32
0.000000
0
3DFACE
62
254
10
-0.022785
20
0.022681
30
-0.000000
11
-0.023746
21
0.023294
31
-0.000000
12
-0.025752
22
0.020187
32
-0.000000
0
3DFACE
62
254
10
-0.022785
20
0.022681
30
-0.000000
11
-0.025752
21
0.020187
31
-0.000000
12
-0.025363
22
0.019757
32
-0.000000
0
3DFACE
62
254
10
-0.022785
20
0.022681
30
-0.000000
11
-0.025363
21
0.019757
31
-0.000000
12
-0.025286
22
0.019665
32
-0.000000
0
3DFACE
62
254
10
-0.022682
20
0.022615
30
-0.000000
11
-0.022785
21
0.022681
31
-0.000000
12
-0.025286
22
0.019665
32
-0.000000
0
3DFACE
62
254
10
-0.022682
20
0.022615
30
-0.000000
11
-0.025286
21
0.019665
31
-0.000000
12
-0.025225
22
0.019563
32
-0.000000
0
3DFACE
62
254
10
-0.022570
20
0.022567
30
-0.000000
11
-0.022682
21
0.022615
31
-0.000000
12
-0.025225
22
0.019563
32
-0.000000
0
3DFACE
62
254
10
-0.022570
20
0.022567
30
-0.000000
11
-0.025225
21
0.019563
31
-0.000000
12
-0.025181
22
0.019452
32
-0.000000
0
3DFACE
62
254
10
-0.032280
20
-0.008385
30
0.000000
11
-0.032899
21
-0.004911
31
0.000000
12
-0.033908
22
-0.005443
32
0.000000
0
3DFACE
62
254
10
-0.032280
20
-0.008385
30
0.000000
11
-0.033908
21
-0.005443
31
0.000000
12
-0.033709
22
-0.008238
32
0.000000
0
3DFACE
62
254
10
-0.022451
20
0.022537
30
-0.000000
11
-0.022570
21
0.022567
31
-0.000000
12
-0.025181
22
0.019452
32
-0.000000
0
3DFACE
62
254
10
-0.022451
20
0.022537
30
-0.000000
11
-0.025181
21
0.019452
31
-0.000000
12
-0.025154
22
0.019336
32
-0.000000
0
3DFACE
62
254
10
-0.022329
20
0.022527
30
-0.000000
11
-0.022451
21
0.022537
31
-0.000000
12
-0.025154
22
0.019336
32
-0.000000
0
3DFACE
62
254
10
-0.022329
20
0.022527
30
-0.000000
11
-0.025154
21
0.019336
31
-0.000000
12
-0.025146
22
0.019217
32
-0.000000
0
3DFACE
62
254
10
-0.022207
20
0.022536
30
-0.000000
11
-0.022329
21
0.022527
31
-0.000000
12
-0.025146
22
0.019217
32
-0.000000
0
3DFACE
62
254
10
-0.022207
20
0.022536
30
-0.000000
11
-0.025146
21
0.019217
31
-0.000000
12
-0.025156
22
0.019098
32
-0.000000
0
3DFACE
62
254
10
-0.022089
20
0.022565
30
-0.000000
11
-0.022207
21
0.022536
31
-0.000000
12
-0.025156
22
0.019098
32
-0.000000
0
3DFACE
62
254
10
-0.022089
20
0.022565
30
-0.000000
11
-0.025156
21
0.019098
31
-0.000000
12
-0.025185
22
0.018983
32
-0.000000
0
3DFACE
62
254
10
-0.021976
20
0.022612
30
-0.000000
11
-0.022089
21
0.022565
31
-0.000000
12
-0.025185
22
0.018983
32
-0.000000
0
3DFACE
62
254
10
-0.021913
20
0.022648
30
-0.000000
11
-0.021976
21
0.022612
31
-0.000000
12
-0.025185
22
0.018983
32
-0.000000
0
3DFACE
62
254
10
-0.021913
20
0.022648
30
-0.000000
11
-0.025185
21
0.018983
31
-0.000000
12
-0.025232
22
0.018873
32
-0.000000
0
3DFACE
62
254
10
-0.021854
20
0.022690
30
-0.000000
11
-0.021913
21
0.022648
31
-0.000000
12
-0.025232
22
0.018873
32
-0.000000
0
3DFACE
62
254
10
-0.031628
20
-0.008385
30
0.000000
11
-0.032899
21
-0.004911
31
0.000000
12
-0.032280
22
-0.008385
32
0.000000
0
3DFACE
62
254
10
-0.031628
20
-0.008385
30
0.000000
11
-0.031831
21
-0.004515
31
0.000000
12
-0.032899
22
-0.004911
32
0.000000
0
3DFACE
62
254
10
-0.019986
20
0.027927
30
-0.000000
11
-0.021579
21
0.028815
31
-0.000000
12
-0.021976
22
0.028514
32
-0.000000
0
3DFACE
62
254
10
-0.019986
20
0.027927
30
-0.000000
11
-0.022400
21
0.026503
31
-0.000000
12
-0.021895
22
0.025158
32
-0.000000
0
3DFACE
62
254
10
-0.019986
20
0.027927
30
-0.000000
11
-0.021976
21
0.028514
31
-0.000000
12
-0.022400
22
0.026503
32
-0.000000
0
3DFACE
62
254
10
-0.032330
20
-0.011581
30
0.000000
11
-0.033621
21
-0.012870
31
0.000000
12
-0.033440
22
-0.013334
32
0.000000
0
3DFACE
62
254
10
-0.031051
20
-0.008334
30
0.000000
11
-0.031831
21
-0.004515
31
0.000000
12
-0.031628
22
-0.008385
32
0.000000
0
3DFACE
62
254
10
-0.031051
20
-0.008334
30
0.000000
11
-0.031782
21
-0.004499
31
0.000000
12
-0.031831
22
-0.004515
32
0.000000
0
3DFACE
62
254
10
-0.030932
20
-0.008328
30
0.000000
11
-0.031734
21
-0.004480
31
0.000000
12
-0.031782
22
-0.004499
32
0.000000
0
3DFACE
62
254
10
-0.030932
20
-0.008328
30
0.000000
11
-0.031687
21
-0.004458
31
0.000000
12
-0.031734
22
-0.004480
32
0.000000
0
3DFACE
62
254
10
-0.030932
20
-0.008328
30
0.000000
11
-0.031782
21
-0.004499
31
0.000000
12
-0.031051
22
-0.008334
32
0.000000
0
3DFACE
62
254
10
-0.030813
20
-0.008341
30
0.000000
11
-0.031687
21
-0.004458
31
0.000000
12
-0.030932
22
-0.008328
32
0.000000
0
3DFACE
62
254
10
-0.030813
20
-0.008341
30
0.000000
11
-0.031577
21
-0.004387
31
0.000000
12
-0.031687
22
-0.004458
32
0.000000
0
3DFACE
62
254
10
-0.030698
20
-0.008372
30
0.000000
11
-0.031577
21
-0.004387
31
0.000000
12
-0.030813
22
-0.008341
32
0.000000
0
3DFACE
62
254
10
-0.030698
20
-0.008372
30
0.000000
11
-0.031479
21
-0.004299
31
0.000000
12
-0.031577
22
-0.004387
32
0.000000
0
3DFACE
62
254
10
-0.030589
20
-0.008421
30
0.000000
11
-0.031479
21
-0.004299
31
0.000000
12
-0.030698
22
-0.008372
32
0.000000
0
3DFACE
62
254
10
-0.030589
20
-0.008421
30
0.000000
11
-0.031399
21
-0.004196
31
0.000000
12
-0.031479
22
-0.004299
32
0.000000
0
3DFACE
62
254
10
-0.030489
20
-0.008486
30
0.000000
11
-0.031338
21
-0.004080
31
0.000000
12
-0.031399
22
-0.004196
32
0.000000
0
3DFACE
62
254
10
-0.030489
20
-0.008486
30
0.000000
11
-0.031399
21
-0.004196
31
0.000000
12
-0.030589
22
-0.008421
32
0.000000
0
3DFACE
62
254
10
-0.019061
20
0.027261
30
-0.000000
11
-0.021895
21
0.025158
31
-0.000000
12
-0.021604
22
0.024575
32
-0.000000
0
3DFACE
62
254
10
-0.019061
20
0.027261
30
-0.000000
11
-0.019986
21
0.027927
31
-0.000000
12
-0.021895
22
0.025158
32
-0.000000
0
3DFACE
62
254
10
-0.030401
20
-0.008566
30
0.000000
11
-0.031338
21
-0.004080
31
0.000000
12
-0.030489
22
-0.008486
32
0.000000
0
3DFACE
62
254
10
-0.030401
20
-0.008566
30
0.000000
11
-0.031297
21
-0.003955
31
0.000000
12
-0.031338
22
-0.004080
32
0.000000
0
3DFACE
62
254
10
-0.030326
20
-0.008659
30
0.000000
11
-0.031297
21
-0.003955
31
0.000000
12
-0.030401
22
-0.008566
32
0.000000
0
3DFACE
62
254
10
-0.030326
20
-0.008659
30
0.000000
11
-0.031279
21
-0.003825
31
0.000000
12
-0.031297
22
-0.003955
32
0.000000
0
3DFACE
62
254
10
-0.030267
20
-0.008762
30
0.000000
11
-0.031279
21
-0.003825
31
0.000000
12
-0.030326
22
-0.008659
32
0.000000
0
3DFACE
62
254
10
-0.031621
20
-0.014292
30
0.000000
11
-0.033440
21
-0.013334
31
0.000000
12
-0.033252
22
-0.013796
32
0.000000
0
3DFACE
62
254
10
-0.031621
20
-0.014292
30
0.000000
11
-0.033252
21
-0.013796
31
0.000000
12
-0.033058
22
-0.014255
32
0.000000
0
3DFACE
62
254
10
-0.031621
20
-0.014292
30
0.000000
11
-0.032330
21
-0.011581
31
0.000000
12
-0.033440
22
-0.013334
32
0.000000
0
3DFACE
62
254
10
-0.017148
20
0.030168
30
-0.000000
11
-0.016584
21
0.031953
31
-0.000000
12
-0.016805
22
0.031837
32
-0.000000
0
3DFACE
62
254
10
-0.017148
20
0.030168
30
-0.000000
11
-0.016805
21
0.031837
31
-0.000000
12
-0.017025
22
0.031720
32
-0.000000
0
3DFACE
62
254
10
-0.017148
20
0.030168
30
-0.000000
11
-0.017025
21
0.031720
31
-0.000000
12
-0.017244
22
0.031601
32
-0.000000
0
3DFACE
62
254
10
-0.018230
20
0.026482
30
-0.000000
11
-0.021604
21
0.024575
31
-0.000000
12
-0.021301
22
0.024081
32
-0.000000
0
3DFACE
62
254
10
-0.018230
20
0.026482
30
-0.000000
11
-0.021301
21
0.024081
31
-0.000000
12
-0.021242
22
0.023977
32
-0.000000
0
3DFACE
62
254
10
-0.018230
20
0.026482
30
-0.000000
11
-0.019061
21
0.027261
31
-0.000000
12
-0.021604
22
0.024575
32
-0.000000
0
3DFACE
62
254
10
-0.018139
20
0.026397
30
-0.000000
11
-0.021242
21
0.023977
31
-0.000000
12
-0.021201
22
0.023865
32
-0.000000
0
3DFACE
62
254
10
-0.018139
20
0.026397
30
-0.000000
11
-0.018230
21
0.026482
31
-0.000000
12
-0.021242
22
0.023977
32
-0.000000
0
3DFACE
62
254
10
-0.018035
20
0.026328
30
-0.000000
11
-0.021201
21
0.023865
31
-0.000000
12
-0.021178
22
0.023748
32
-0.000000
0
3DFACE
62
254
10
-0.018035
20
0.026328
30
-0.000000
11
-0.018139
21
0.026397
31
-0.000000
12
-0.021201
22
0.023865
32
-0.000000
0
3DFACE
62
254
10
-0.017922
20
0.026276
30
-0.000000
11
-0.021178
21
0.023748
31
-0.000000
12
-0.021173
22
0.023629
32
-0.000000
0
3DFACE
62
254
10
-0.017922
20
0.026276
30
-0.000000
11
-0.018035
21
0.026328
31
-0.000000
12
-0.021178
22
0.023748
32
-0.000000
0
3DFACE
62
254
10
-0.017801
20
0.026244
30
-0.000000
11
-0.021173
21
0.023629
31
-0.000000
12
-0.021187
22
0.023511
32
-0.000000
0
3DFACE
62
254
10
-0.017801
20
0.026244
30
-0.000000
11
-0.017922
21
0.026276
31
-0.000000
12
-0.021173
22
0.023629
32
-0.000000
0
3DFACE
62
254
10
-0.017677
20
0.026233
30
-0.000000
11
-0.021187
21
0.023511
31
-0.000000
12
-0.021219
22
0.023396
32
-0.000000
0
3DFACE
62
254
10
-0.017677
20
0.026233
30
-0.000000
11
-0.017801
21
0.026244
31
-0.000000
12
-0.021187
22
0.023511
32
-0.000000
0
3DFACE
62
254
10
-0.017553
20
0.026241
30
-0.000000
11
-0.021219
21
0.023396
31
-0.000000
12
-0.021269
22
0.023287
32
-0.000000
0
3DFACE
62
254
10
-0.017553
20
0.026241
30
-0.000000
11
-0.017677
21
0.026233
31
-0.000000
12
-0.021219
22
0.023396
32
-0.000000
0
3DFACE
62
254
10
-0.017432
20
0.026270
30
-0.000000
11
-0.021269
21
0.023287
31
-0.000000
12
-0.021335
22
0.023188
32
-0.000000
0
3DFACE
62
254
10
-0.017432
20
0.026270
30
-0.000000
11
-0.017553
21
0.026241
31
-0.000000
12
-0.021269
22
0.023287
32
-0.000000
0
3DFACE
62
254
10
-0.030190
20
-0.014174
30
0.000000
11
-0.031437
21
-0.010873
31
0.000000
12
-0.032330
22
-0.011581
32
0.000000
0
3DFACE
62
254
10
-0.030190
20
-0.014174
30
0.000000
11
-0.032330
21
-0.011581
31
0.000000
12
-0.031621
22
-0.014292
32
0.000000
0
3DFACE
62
254
10
-0.017317
20
0.026318
30
-0.000000
11
-0.017432
21
0.026270
31
-0.000000
12
-0.021335
22
0.023188
32
-0.000000
0
3DFACE
62
254
10
-0.029549
20
-0.014054
30
0.000000
11
-0.031437
21
-0.010873
31
0.000000
12
-0.030190
22
-0.014174
32
0.000000
0
3DFACE
62
254
10
-0.029549
20
-0.014054
30
0.000000
11
-0.030460
21
-0.010287
31
0.000000
12
-0.031437
22
-0.010873
32
0.000000
0
3DFACE
62
254
10
-0.028991
20
-0.013898
30
0.000000
11
-0.030460
21
-0.010287
31
0.000000
12
-0.029549
22
-0.014054
32
0.000000
0
3DFACE
62
254
10
-0.028991
20
-0.013898
30
0.000000
11
-0.030455
21
-0.010285
31
0.000000
12
-0.030460
22
-0.010287
32
0.000000
0
3DFACE
62
254
10
-0.028991
20
-0.013898
30
0.000000
11
-0.030451
21
-0.010282
31
0.000000
12
-0.030455
22
-0.010285
32
0.000000
0
3DFACE
62
254
10
-0.028991
20
-0.013898
30
0.000000
11
-0.030447
21
-0.010280
31
0.000000
12
-0.030451
22
-0.010282
32
0.000000
0
3DFACE
62
254
10
-0.028875
20
-0.013870
30
0.000000
11
-0.030335
21
-0.010209
31
0.000000
12
-0.030447
22
-0.010280
32
0.000000
0
3DFACE
62
254
10
-0.028875
20
-0.013870
30
0.000000
11
-0.030447
21
-0.010280
31
0.000000
12
-0.028991
22
-0.013898
32
0.000000
0
3DFACE
62
254
10
-0.014515
20
0.031124
30
-0.000000
11
-0.016363
21
0.032067
31
-0.000000
12
-0.016584
22
0.031953
32
-0.000000
0
3DFACE
62
254
10
-0.014515
20
0.031124
30
-0.000000
11
-0.017148
21
0.030168
31
-0.000000
12
-0.016899
22
0.028753
32
-0.000000
0
3DFACE
62
254
10
-0.014515
20
0.031124
30
-0.000000
11
-0.016584
21
0.031953
31
-0.000000
12
-0.017148
22
0.030168
32
-0.000000
0
3DFACE
62
254
10
-0.014515
20
0.031124
30
-0.000000
11
-0.015917
21
0.032290
31
-0.000000
12
-0.016140
22
0.032179
32
-0.000000
0
3DFACE
62
254
10
-0.014515
20
0.031124
30
-0.000000
11
-0.016140
21
0.032179
31
-0.000000
12
-0.016363
22
0.032067
32
-0.000000
0
3DFACE
62
254
10
-0.028756
20
-0.013861
30
0.000000
11
-0.030335
21
-0.010209
31
0.000000
12
-0.028875
22
-0.013870
32
0.000000
0
3DFACE
62
254
10
-0.028756
20
-0.013861
30
0.000000
11
-0.030237
21
-0.010120
31
0.000000
12
-0.030335
22
-0.010209
32
0.000000
0
3DFACE
62
254
10
-0.028637
20
-0.013870
30
0.000000
11
-0.030157
21
-0.010015
31
0.000000
12
-0.030237
22
-0.010120
32
0.000000
0
3DFACE
62
254
10
-0.028637
20
-0.013870
30
0.000000
11
-0.030237
21
-0.010120
31
0.000000
12
-0.028756
22
-0.013861
32
0.000000
0
3DFACE
62
254
10
-0.029652
20
-0.017324
30
0.000000
11
-0.030684
21
-0.018829
31
0.000000
12
-0.030420
22
-0.019252
32
0.000000
0
3DFACE
62
254
10
-0.028521
20
-0.013898
30
0.000000
11
-0.030157
21
-0.010015
31
0.000000
12
-0.028637
22
-0.013870
32
0.000000
0
3DFACE
62
254
10
-0.028521
20
-0.013898
30
0.000000
11
-0.030095
21
-0.009898
31
0.000000
12
-0.030157
22
-0.010015
32
0.000000
0
3DFACE
62
254
10
-0.028411
20
-0.013944
30
0.000000
11
-0.030095
21
-0.009898
31
0.000000
12
-0.028521
22
-0.013898
32
0.000000
0
3DFACE
62
254
10
-0.028411
20
-0.013944
30
0.000000
11
-0.030055
21
-0.009772
31
0.000000
12
-0.030095
22
-0.009898
32
0.000000
0
3DFACE
62
254
10
-0.028309
20
-0.014006
30
0.000000
11
-0.030055
21
-0.009772
31
0.000000
12
-0.028411
22
-0.013944
32
0.000000
0
3DFACE
62
254
10
-0.028309
20
-0.014006
30
0.000000
11
-0.030038
21
-0.009641
31
0.000000
12
-0.030055
22
-0.009772
32
0.000000
0
3DFACE
62
254
10
-0.028219
20
-0.014084
30
0.000000
11
-0.030043
21
-0.009509
31
0.000000
12
-0.030038
22
-0.009641
32
0.000000
0
3DFACE
62
254
10
-0.028219
20
-0.014084
30
0.000000
11
-0.030038
21
-0.009641
31
0.000000
12
-0.028309
22
-0.014006
32
0.000000
0
3DFACE
62
254
10
-0.028141
20
-0.014174
30
0.000000
11
-0.030043
21
-0.009509
31
0.000000
12
-0.028219
22
-0.014084
32
0.000000
0
3DFACE
62
254
10
-0.013727
20
0.030299
30
-0.000000
11
-0.016899
21
0.028753
31
-0.000000
12
-0.016720
22
0.028126
32
-0.000000
0
3DFACE
62
254
10
-0.013727
20
0.030299
30
-0.000000
11
-0.014515
21
0.031124
31
-0.000000
12
-0.016899
22
0.028753
32
-0.000000
0
3DFACE
62
254
10
-0.013053
20
0.029381
30
-0.000000
11
-0.016720
21
0.028126
31
-0.000000
12
-0.016513
22
0.027585
32
-0.000000
0
3DFACE
62
254
10
-0.013053
20
0.029381
30
-0.000000
11
-0.013727
21
0.030299
31
-0.000000
12
-0.016720
22
0.028126
32
-0.000000
0
3DFACE
62
254
10
-0.012983
20
0.029284
30
-0.000000
11
-0.016475
21
0.027472
31
-0.000000
12
-0.016455
22
0.027354
32
-0.000000
0
3DFACE
62
254
10
-0.012983
20
0.029284
30
-0.000000
11
-0.016513
21
0.027585
31
-0.000000
12
-0.016475
22
0.027472
32
-0.000000
0
3DFACE
62
254
10
-0.012983
20
0.029284
30
-0.000000
11
-0.013053
21
0.029381
31
-0.000000
12
-0.016513
22
0.027585
32
-0.000000
0
3DFACE
62
254
10
-0.028457
20
-0.019859
30
0.000000
11
-0.029652
21
-0.017324
31
0.000000
12
-0.030420
22
-0.019252
32
0.000000
0
3DFACE
62
254
10
-0.028457
20
-0.019859
30
0.000000
11
-0.030420
21
-0.019252
31
0.000000
12
-0.030151
22
-0.019671
32
0.000000
0
3DFACE
62
254
10
-0.028457
20
-0.019859
30
0.000000
11
-0.030151
21
-0.019671
31
0.000000
12
-0.029875
22
-0.020086
32
0.000000
0
3DFACE
62
254
10
-0.012899
20
0.029200
30
-0.000000
11
-0.012983
21
0.029284
31
-0.000000
12
-0.016455
22
0.027354
32
-0.000000
0
3DFACE
62
254
10
-0.012802
20
0.029130
30
-0.000000
11
-0.016455
21
0.027354
31
-0.000000
12
-0.016453
22
0.027235
32
-0.000000
0
3DFACE
62
254
10
-0.012802
20
0.029130
30
-0.000000
11
-0.012899
21
0.029200
31
-0.000000
12
-0.016455
22
0.027354
32
-0.000000
0
3DFACE
62
254
10
-0.012696
20
0.029076
30
-0.000000
11
-0.012802
21
0.029130
31
-0.000000
12
-0.016453
22
0.027235
32
-0.000000
0
3DFACE
62
254
10
-0.012696
20
0.029076
30
-0.000000
11
-0.016453
21
0.027235
31
-0.000000
12
-0.016470
22
0.027117
32
-0.000000
0
3DFACE
62
254
10
-0.012582
20
0.029040
30
-0.000000
11
-0.016470
21
0.027117
31
-0.000000
12
-0.016506
22
0.027003
32
-0.000000
0
3DFACE
62
254
10
-0.012582
20
0.029040
30
-0.000000
11
-0.012696
21
0.029076
31
-0.000000
12
-0.016470
22
0.027117
32
-0.000000
0
3DFACE
62
254
10
-0.012464
20
0.029021
30
-0.000000
11
-0.016506
21
0.027003
31
-0.000000
12
-0.016559
22
0.026896
32
-0.000000
0
3DFACE
62
254
10
-0.012464
20
0.029021
30
-0.000000
11
-0.012582
21
0.029040
31
-0.000000
12
-0.016506
22
0.027003
32
-0.000000
0
3DFACE
62
254
10
-0.010669
20
0.034383
30
-0.000000
11
-0.011144
21
0.034232
31
-0.000000
12
-0.011313
22
0.032805
32
-0.000000
0
3DFACE
62
254
10
-0.012345
20
0.029022
30
-0.000000
11
-0.016627
21
0.026799
31
-0.000000
12
-0.016711
22
0.026713
32
-0.000000
0
3DFACE
62
254
10
-0.012345
20
0.029022
30
-0.000000
11
-0.016559
21
0.026896
31
-0.000000
12
-0.016627
22
0.026799
32
-0.000000
0
3DFACE
62
254
10
-0.012345
20
0.029022
30
-0.000000
11
-0.012464
21
0.029021
31
-0.000000
12
-0.016559
22
0.026896
32
-0.000000
0
3DFACE
62
254
10
-0.012227
20
0.029040
30
-0.000000
11
-0.012345
21
0.029022
31
-0.000000
12
-0.016711
22
0.026713
32
-0.000000
0
3DFACE
62
254
10
-0.010192
20
0.034527
30
-0.000000
11
-0.010669
21
0.034383
31
-0.000000
12
-0.011313
22
0.032805
32
-0.000000
0
3DFACE
62
254
10
-0.027071
20
-0.019480
30
0.000000
11
-0.029652
21
-0.017324
31
0.000000
12
-0.028457
22
-0.019859
32
0.000000
0
3DFACE
62
254
10
-0.027071
20
-0.019480
30
0.000000
11
-0.028904
21
-0.016464
31
0.000000
12
-0.029652
22
-0.017324
32
0.000000
0
3DFACE
62
254
10
-0.026464
20
-0.019244
30
0.000000
11
-0.028904
21
-0.016464
31
0.000000
12
-0.027071
22
-0.019480
32
0.000000
0
3DFACE
62
254
10
-0.026464
20
-0.019244
30
0.000000
11
-0.028051
21
-0.015709
31
0.000000
12
-0.028904
22
-0.016464
32
0.000000
0
3DFACE
62
254
10
-0.025943
20
-0.018988
30
0.000000
11
-0.028051
21
-0.015709
31
0.000000
12
-0.026464
22
-0.019244
32
0.000000
0
3DFACE
62
254
10
-0.025835
20
-0.018939
30
0.000000
11
-0.028051
21
-0.015709
31
0.000000
12
-0.025943
22
-0.018988
32
0.000000
0
3DFACE
62
254
10
-0.025835
20
-0.018939
30
0.000000
11
-0.027961
21
-0.015630
31
0.000000
12
-0.028051
22
-0.015709
32
0.000000
0
3DFACE
62
254
10
-0.025719
20
-0.018909
30
0.000000
11
-0.027961
21
-0.015630
31
0.000000
12
-0.025835
22
-0.018939
32
0.000000
0
3DFACE
62
254
10
-0.025719
20
-0.018909
30
0.000000
11
-0.027885
21
-0.015538
31
0.000000
12
-0.027961
22
-0.015630
32
0.000000
0
3DFACE
62
254
10
-0.025719
20
-0.018909
30
0.000000
11
-0.027825
21
-0.015435
31
0.000000
12
-0.027885
22
-0.015538
32
0.000000
0
3DFACE
62
254
10
-0.025601
20
-0.018896
30
0.000000
11
-0.027825
21
-0.015435
31
0.000000
12
-0.025719
22
-0.018909
32
0.000000
0
3DFACE
62
254
10
-0.025601
20
-0.018896
30
0.000000
11
-0.027781
21
-0.015324
31
0.000000
12
-0.027825
22
-0.015435
32
0.000000
0
3DFACE
62
254
10
-0.025482
20
-0.018902
30
0.000000
11
-0.027781
21
-0.015324
31
0.000000
12
-0.025601
22
-0.018896
32
0.000000
0
3DFACE
62
254
10
-0.025365
20
-0.018927
30
0.000000
11
-0.027755
21
-0.015208
31
0.000000
12
-0.027781
22
-0.015324
32
0.000000
0
3DFACE
62
254
10
-0.025365
20
-0.018927
30
0.000000
11
-0.027747
21
-0.015089
31
0.000000
12
-0.027755
22
-0.015208
32
0.000000
0
3DFACE
62
254
10
-0.025365
20
-0.018927
30
0.000000
11
-0.027781
21
-0.015324
31
0.000000
12
-0.025482
22
-0.018902
32
0.000000
0
3DFACE
62
254
10
-0.025254
20
-0.018970
30
0.000000
11
-0.027747
21
-0.015089
31
0.000000
12
-0.025365
22
-0.018927
32
0.000000
0
3DFACE
62
254
10
-0.025150
20
-0.019029
30
0.000000
11
-0.027747
21
-0.015089
31
0.000000
12
-0.025254
22
-0.018970
32
0.000000
0
3DFACE
62
254
10
-0.025150
20
-0.019029
30
0.000000
11
-0.027759
21
-0.014970
31
0.000000
12
-0.027747
22
-0.015089
32
0.000000
0
3DFACE
62
254
10
-0.008548
20
0.033261
30
-0.000000
11
-0.010192
21
0.034527
31
-0.000000
12
-0.011313
22
0.032805
32
-0.000000
0
3DFACE
62
254
10
-0.008548
20
0.033261
30
-0.000000
11
-0.009713
21
0.034665
31
-0.000000
12
-0.010192
22
0.034527
32
-0.000000
0
3DFACE
62
254
10
-0.008548
20
0.033261
30
-0.000000
11
-0.011313
21
0.032805
31
-0.000000
12
-0.011328
22
0.031369
32
-0.000000
0
3DFACE
62
254
10
-0.025058
20
-0.019104
30
0.000000
11
-0.027759
21
-0.014970
31
0.000000
12
-0.025150
22
-0.019029
32
0.000000
0
3DFACE
62
254
10
-0.025058
20
-0.019104
30
0.000000
11
-0.027788
21
-0.014855
31
0.000000
12
-0.027759
22
-0.014970
32
0.000000
0
3DFACE
62
254
10
-0.026365
20
-0.024513
30
0.000000
11
-0.025964
21
-0.022478
31
0.000000
12
-0.026701
22
-0.024146
32
0.000000
0
3DFACE
62
254
10
-0.007926
20
0.032306
30
-0.000000
11
-0.008548
21
0.033261
31
-0.000000
12
-0.011328
22
0.031369
32
-0.000000
0
3DFACE
62
254
10
-0.007926
20
0.032306
30
-0.000000
11
-0.011328
21
0.031369
31
-0.000000
12
-0.011267
22
0.030720
32
-0.000000
0
3DFACE
62
254
10
-0.007432
20
0.031279
30
-0.000000
11
-0.007926
21
0.032306
31
-0.000000
12
-0.011267
22
0.030720
32
-0.000000
0
3DFACE
62
254
10
-0.007432
20
0.031279
30
-0.000000
11
-0.011267
21
0.030720
31
-0.000000
12
-0.011163
22
0.030149
32
-0.000000
0
3DFACE
62
254
10
-0.007381
20
0.031171
30
-0.000000
11
-0.007432
21
0.031279
31
-0.000000
12
-0.011163
22
0.030149
32
-0.000000
0
3DFACE
62
254
10
-0.007381
20
0.031171
30
-0.000000
11
-0.011163
21
0.030149
31
-0.000000
12
-0.011146
22
0.030026
32
-0.000000
0
3DFACE
62
254
10
-0.007313
20
0.031073
30
-0.000000
11
-0.007381
21
0.031171
31
-0.000000
12
-0.011146
22
0.030026
32
-0.000000
0
3DFACE
62
254
10
-0.007313
20
0.031073
30
-0.000000
11
-0.011146
21
0.030026
31
-0.000000
12
-0.011149
22
0.029902
32
-0.000000
0
3DFACE
62
254
10
-0.007231
20
0.030987
30
-0.000000
11
-0.007313
21
0.031073
31
-0.000000
12
-0.011149
22
0.029902
32
-0.000000
0
3DFACE
62
254
10
-0.007231
20
0.030987
30
-0.000000
11
-0.011149
21
0.029902
31
-0.000000
12
-0.011173
22
0.029779
32
-0.000000
0
3DFACE
62
254
10
-0.007137
20
0.030914
30
-0.000000
11
-0.007231
21
0.030987
31
-0.000000
12
-0.011173
22
0.029779
32
-0.000000
0
3DFACE
62
254
10
-0.007137
20
0.030914
30
-0.000000
11
-0.011173
21
0.029779
31
-0.000000
12
-0.011216
22
0.029662
32
-0.000000
0
3DFACE
62
254
10
-0.007032
20
0.030857
30
-0.000000
11
-0.011216
21
0.029662
31
-0.000000
12
-0.011278
22
0.029554
32
-0.000000
0
3DFACE
62
254
10
-0.007032
20
0.030857
30
-0.000000
11
-0.007137
21
0.030914
31
-0.000000
12
-0.011216
22
0.029662
32
-0.000000
0
3DFACE
62
254
10
-0.006919
20
0.030817
30
-0.000000
11
-0.007032
21
0.030857
31
-0.000000
12
-0.011278
22
0.029554
32
-0.000000
0
3DFACE
62
254
10
-0.006919
20
0.030817
30
-0.000000
11
-0.011278
21
0.029554
31
-0.000000
12
-0.011356
22
0.029457
32
-0.000000
0
3DFACE
62
254
10
-0.006802
20
0.030796
30
-0.000000
11
-0.011356
21
0.029457
31
-0.000000
12
-0.011449
22
0.029375
32
-0.000000
0
3DFACE
62
254
10
-0.006802
20
0.030796
30
-0.000000
11
-0.006919
21
0.030817
31
-0.000000
12
-0.011356
22
0.029457
32
-0.000000
0
3DFACE
62
254
10
-0.024323
20
-0.024750
30
0.000000
11
-0.026365
21
-0.024513
31
0.000000
12
-0.026023
22
-0.024876
32
0.000000
0
3DFACE
62
254
10
-0.024323
20
-0.024750
30
0.000000
11
-0.026023
21
-0.024876
31
0.000000
12
-0.025676
22
-0.025234
32
0.000000
0
3DFACE
62
254
10
-0.024323
20
-0.024750
30
0.000000
11
-0.025964
21
-0.022478
31
0.000000
12
-0.026365
22
-0.024513
32
0.000000
0
3DFACE
62
254
10
-0.006683
20
0.030793
30
-0.000000
11
-0.006802
21
0.030796
31
-0.000000
12
-0.011449
22
0.029375
32
-0.000000
0
3DFACE
62
254
10
-0.006683
20
0.030793
30
-0.000000
11
-0.011449
21
0.029375
31
-0.000000
12
-0.011555
22
0.029308
32
-0.000000
0
3DFACE
62
254
10
-0.004169
20
0.035758
30
-0.000000
11
-0.004664
21
0.035697
31
-0.000000
12
-0.005093
22
0.034325
32
-0.000000
0
3DFACE
62
254
10
-0.023031
20
-0.024122
30
0.000000
11
-0.025964
21
-0.022478
31
0.000000
12
-0.024323
22
-0.024750
32
0.000000
0
3DFACE
62
254
10
-0.023031
20
-0.024122
30
0.000000
11
-0.025386
21
-0.021495
31
0.000000
12
-0.025964
22
-0.022478
32
0.000000
0
3DFACE
62
254
10
-0.003674
20
0.035812
30
-0.000000
11
-0.004169
21
0.035758
31
-0.000000
12
-0.005093
22
0.034325
32
-0.000000
0
3DFACE
62
254
10
-0.022477
20
-0.023779
30
0.000000
11
-0.024687
21
-0.020595
31
0.000000
12
-0.025386
22
-0.021495
32
0.000000
0
3DFACE
62
254
10
-0.022477
20
-0.023779
30
0.000000
11
-0.025386
21
-0.021495
31
0.000000
12
-0.023031
22
-0.024122
32
0.000000
0
3DFACE
62
254
10
-0.022013
20
-0.023432
30
0.000000
11
-0.024687
21
-0.020595
31
0.000000
12
-0.022477
22
-0.023779
32
0.000000
0
3DFACE
62
254
10
-0.021915
20
-0.023364
30
0.000000
11
-0.024613
21
-0.020501
31
0.000000
12
-0.024687
22
-0.020595
32
0.000000
0
3DFACE
62
254
10
-0.021915
20
-0.023364
30
0.000000
11
-0.024556
21
-0.020397
31
0.000000
12
-0.024613
22
-0.020501
32
0.000000
0
3DFACE
62
254
10
-0.021915
20
-0.023364
30
0.000000
11
-0.024687
21
-0.020595
31
0.000000
12
-0.022013
22
-0.023432
32
0.000000
0
3DFACE
62
254
10
-0.021807
20
-0.023313
30
0.000000
11
-0.024515
21
-0.020285
31
0.000000
12
-0.024556
22
-0.020397
32
0.000000
0
3DFACE
62
254
10
-0.021807
20
-0.023313
30
0.000000
11
-0.024556
21
-0.020397
31
0.000000
12
-0.021915
22
-0.023364
32
0.000000
0
3DFACE
62
254
10
-0.021693
20
-0.023278
30
0.000000
11
-0.024492
21
-0.020168
31
0.000000
12
-0.024515
22
-0.020285
32
0.000000
0
3DFACE
62
254
10
-0.021693
20
-0.023278
30
0.000000
11
-0.024515
21
-0.020285
31
0.000000
12
-0.021807
22
-0.023313
32
0.000000
0
3DFACE
62
254
10
-0.021575
20
-0.023263
30
0.000000
11
-0.024492
21
-0.020168
31
0.000000
12
-0.021693
22
-0.023278
32
0.000000
0
3DFACE
62
254
10
-0.021455
20
-0.023265
30
0.000000
11
-0.024488
21
-0.020049
31
0.000000
12
-0.024492
22
-0.020168
32
0.000000
0
3DFACE
62
254
10
-0.021455
20
-0.023265
30
0.000000
11
-0.024502
21
-0.019930
31
0.000000
12
-0.024488
22
-0.020049
32
0.000000
0
3DFACE
62
254
10
-0.021455
20
-0.023265
30
0.000000
11
-0.024492
21
-0.020168
31
0.000000
12
-0.021575
22
-0.023263
32
0.000000
0
3DFACE
62
254
10
-0.021338
20
-0.023287
30
0.000000
11
-0.024502
21
-0.019930
31
0.000000
12
-0.021455
22
-0.023265
32
0.000000
0
3DFACE
62
254
10
-0.021226
20
-0.023326
30
0.000000
11
-0.024535
21
-0.019816
31
0.000000
12
-0.024502
22
-0.019930
32
0.000000
0
3DFACE
62
254
10
-0.021226
20
-0.023326
30
0.000000
11
-0.024502
21
-0.019930
31
0.000000
12
-0.021338
22
-0.023287
32
0.000000
0
3DFACE
62
254
10
-0.021121
20
-0.023383
30
0.000000
11
-0.024586
21
-0.019708
31
0.000000
12
-0.024535
22
-0.019816
32
0.000000
0
3DFACE
62
254
10
-0.021121
20
-0.023383
30
0.000000
11
-0.024535
21
-0.019816
31
0.000000
12
-0.021226
22
-0.023326
32
0.000000
0
3DFACE
62
254
10
-0.002291
20
0.034266
30
-0.000000
11
-0.003178
21
0.035859
31
-0.000000
12
-0.003674
22
0.035812
32
-0.000000
0
3DFACE
62
254
10
-0.002291
20
0.034266
30
-0.000000
11
-0.005093
21
0.034325
31
-0.000000
12
-0.005371
22
0.032916
32
-0.000000
0
3DFACE
62
254
10
-0.002291
20
0.034266
30
-0.000000
11
-0.003674
21
0.035812
31
-0.000000
12
-0.005093
22
0.034325
32
-0.000000
0
3DFACE
62
254
10
-0.001855
20
0.033212
30
-0.000000
11
-0.005371
21
0.032916
31
-0.000000
12
-0.005431
22
0.032267
32
-0.000000
0
3DFACE
62
254
10
-0.001855
20
0.033212
30
-0.000000
11
-0.002291
21
0.034266
31
-0.000000
12
-0.005371
22
0.032916
32
-0.000000
0
3DFACE
62
254
10
-0.021411
20
-0.028941
30
0.000000
11
-0.021391
21
-0.026866
31
0.000000
12
-0.021810
22
-0.028641
32
0.000000
0
3DFACE
62
254
10
-0.001558
20
0.032112
30
-0.000000
11
-0.001855
21
0.033212
31
-0.000000
12
-0.005431
22
0.032267
32
-0.000000
0
3DFACE
62
254
10
-0.001558
20
0.032112
30
-0.000000
11
-0.005431
21
0.032267
31
-0.000000
12
-0.005433
22
0.031687
32
-0.000000
0
3DFACE
62
254
10
-0.001528
20
0.031997
30
-0.000000
11
-0.005433
21
0.031687
31
-0.000000
12
-0.005439
22
0.031565
32
-0.000000
0
3DFACE
62
254
10
-0.001528
20
0.031997
30
-0.000000
11
-0.001558
21
0.032112
31
-0.000000
12
-0.005433
22
0.031687
32
-0.000000
0
3DFACE
62
254
10
-0.001479
20
0.031888
30
-0.000000
11
-0.001528
21
0.031997
31
-0.000000
12
-0.005439
22
0.031565
32
-0.000000
0
3DFACE
62
254
10
-0.001479
20
0.031888
30
-0.000000
11
-0.005439
21
0.031565
31
-0.000000
12
-0.005464
22
0.031445
32
-0.000000
0
3DFACE
62
254
10
-0.001414
20
0.031788
30
-0.000000
11
-0.001479
21
0.031888
31
-0.000000
12
-0.005464
22
0.031445
32
-0.000000
0
3DFACE
62
254
10
-0.001414
20
0.031788
30
-0.000000
11
-0.005464
21
0.031445
31
-0.000000
12
-0.005508
22
0.031331
32
-0.000000
0
3DFACE
62
254
10
-0.001335
20
0.031699
30
-0.000000
11
-0.001414
21
0.031788
31
-0.000000
12
-0.005508
22
0.031331
32
-0.000000
0
3DFACE
62
254
10
-0.001335
20
0.031699
30
-0.000000
11
-0.005508
21
0.031331
31
-0.000000
12
-0.005569
22
0.031225
32
-0.000000
0
3DFACE
62
254
10
-0.001242
20
0.031624
30
-0.000000
11
-0.005569
21
0.031225
31
-0.000000
12
-0.005647
22
0.031131
32
-0.000000
0
3DFACE
62
254
10
-0.001242
20
0.031624
30
-0.000000
11
-0.001335
21
0.031699
31
-0.000000
12
-0.005569
22
0.031225
32
-0.000000
0
3DFACE
62
254
10
-0.001139
20
0.031564
30
-0.000000
11
-0.001242
21
0.031624
31
-0.000000
12
-0.005647
22
0.031131
32
-0.000000
0
3DFACE
62
254
10
-0.001139
20
0.031564
30
-0.000000
11
-0.005647
21
0.031131
31
-0.000000
12
-0.005739
22
0.031050
32
-0.000000
0
3DFACE
62
254
10
-0.001028
20
0.031521
30
-0.000000
11
-0.001139
21
0.031564
31
-0.000000
12
-0.005739
22
0.031050
32
-0.000000
0
3DFACE
62
254
10
-0.001028
20
0.031521
30
-0.000000
11
-0.005739
21
0.031050
31
-0.000000
12
-0.005843
22
0.030985
32
-0.000000
0
3DFACE
62
254
10
-0.001028
20
0.031521
30
-0.000000
11
-0.005843
21
0.030985
31
-0.000000
12
-0.005908
22
0.030955
32
-0.000000
0
3DFACE
62
254
10
-0.000911
20
0.031496
30
-0.000000
11
-0.005908
21
0.030955
31
-0.000000
12
-0.005977
22
0.030931
32
-0.000000
0
3DFACE
62
254
10
-0.000911
20
0.031496
30
-0.000000
11
-0.001028
21
0.031521
31
-0.000000
12
-0.005908
22
0.030955
32
-0.000000
0
3DFACE
62
254
10
-0.019361
20
-0.028798
30
0.000000
11
-0.021391
21
-0.026866
31
0.000000
12
-0.021411
22
-0.028941
32
0.000000
0
3DFACE
62
254
10
-0.019361
20
-0.028798
30
0.000000
11
-0.021411
21
-0.028941
31
0.000000
12
-0.021009
22
-0.029234
32
0.000000
0
3DFACE
62
254
10
-0.019361
20
-0.028798
30
0.000000
11
-0.021009
21
-0.029234
31
0.000000
12
-0.020602
22
-0.029522
32
0.000000
0
3DFACE
62
254
10
-0.018206
20
-0.027944
30
0.000000
11
-0.021391
21
-0.026866
31
0.000000
12
-0.019361
22
-0.028798
32
0.000000
0
3DFACE
62
254
10
-0.018206
20
-0.027944
30
0.000000
11
-0.021004
21
-0.025794
31
0.000000
12
-0.021391
22
-0.026866
32
0.000000
0
3DFACE
62
254
10
-0.017725
20
-0.027504
30
0.000000
11
-0.020482
21
-0.024781
31
0.000000
12
-0.021004
22
-0.025794
32
0.000000
0
3DFACE
62
254
10
-0.017725
20
-0.027504
30
0.000000
11
-0.021004
21
-0.025794
31
0.000000
12
-0.018206
22
-0.027944
32
0.000000
0
3DFACE
62
254
10
0.002472
20
0.035915
30
-0.000000
11
0.001975
21
0.035946
31
-0.000000
12
0.001301
22
0.034677
32
-0.000000
0
3DFACE
62
254
10
-0.017332
20
-0.027078
30
0.000000
11
-0.020482
21
-0.024781
31
0.000000
12
-0.017725
22
-0.027504
32
0.000000
0
3DFACE
62
254
10
-0.017248
20
-0.026993
30
0.000000
11
-0.020427
21
-0.024675
31
0.000000
12
-0.020482
22
-0.024781
32
0.000000
0
3DFACE
62
254
10
-0.017248
20
-0.026993
30
0.000000
11
-0.020390
21
-0.024562
31
0.000000
12
-0.020427
22
-0.024675
32
0.000000
0
3DFACE
62
254
10
-0.017248
20
-0.026993
30
0.000000
11
-0.020482
21
-0.024781
31
0.000000
12
-0.017332
22
-0.027078
32
0.000000
0
3DFACE
62
254
10
-0.017152
20
-0.026923
30
0.000000
11
-0.020390
21
-0.024562
31
0.000000
12
-0.017248
22
-0.026993
32
0.000000
0
3DFACE
62
254
10
-0.017046
20
-0.026868
30
0.000000
11
-0.020370
21
-0.024444
31
0.000000
12
-0.020390
22
-0.024562
32
0.000000
0
3DFACE
62
254
10
-0.017046
20
-0.026868
30
0.000000
11
-0.020390
21
-0.024562
31
0.000000
12
-0.017152
22
-0.026923
32
0.000000
0
3DFACE
62
254
10
-0.016933
20
-0.026831
30
0.000000
11
-0.020369
21
-0.024325
31
0.000000
12
-0.020370
22
-0.024444
32
0.000000
0
3DFACE
62
254
10
-0.016933
20
-0.026831
30
0.000000
11
-0.020387
21
-0.024207
31
0.000000
12
-0.020369
22
-0.024325
32
0.000000
0
3DFACE
62
254
10
-0.016933
20
-0.026831
30
0.000000
11
-0.020370
21
-0.024444
31
0.000000
12
-0.017046
22
-0.026868
32
0.000000
0
3DFACE
62
254
10
0.002969
20
0.035877
30
-0.000000
11
0.002472
21
0.035915
31
-0.000000
12
0.001301
22
0.034677
32
-0.000000
0
3DFACE
62
254
10
-0.016815
20
-0.026812
30
0.000000
11
-0.020387
21
-0.024207
31
0.000000
12
-0.016933
22
-0.026831
32
0.000000
0
3DFACE
62
254
10
-0.016696
20
-0.026811
30
0.000000
11
-0.020387
21
-0.024207
31
0.000000
12
-0.016815
22
-0.026812
32
0.000000
0
3DFACE
62
254
10
-0.016696
20
-0.026811
30
0.000000
11
-0.020423
21
-0.024093
31
0.000000
12
-0.020387
22
-0.024207
32
0.000000
0
3DFACE
62
254
10
-0.016696
20
-0.026811
30
0.000000
11
-0.020476
21
-0.023987
31
0.000000
12
-0.020423
22
-0.024093
32
0.000000
0
3DFACE
62
254
10
-0.016578
20
-0.026829
30
0.000000
11
-0.020546
21
-0.023890
31
0.000000
12
-0.020476
22
-0.023987
32
0.000000
0
3DFACE
62
254
10
-0.016578
20
-0.026829
30
0.000000
11
-0.020476
21
-0.023987
31
0.000000
12
-0.016696
22
-0.026811
32
0.000000
0
3DFACE
62
254
10
-0.016464
20
-0.026866
30
0.000000
11
-0.020546
21
-0.023890
31
0.000000
12
-0.016578
22
-0.026829
32
0.000000
0
3DFACE
62
254
10
0.004044
20
0.034103
30
-0.000000
11
0.003465
21
0.035833
31
-0.000000
12
0.002969
22
0.035877
32
-0.000000
0
3DFACE
62
254
10
0.004044
20
0.034103
30
-0.000000
11
0.001301
21
0.034677
31
-0.000000
12
0.000769
22
0.033343
32
-0.000000
0
3DFACE
62
254
10
0.004044
20
0.034103
30
-0.000000
11
0.002969
21
0.035877
31
-0.000000
12
0.001301
22
0.034677
32
-0.000000
0
3DFACE
62
254
10
0.004279
20
0.032987
30
-0.000000
11
0.000769
21
0.033343
31
-0.000000
12
0.000591
22
0.032716
32
-0.000000
0
3DFACE
62
254
10
0.004279
20
0.032987
30
-0.000000
11
0.004044
21
0.034103
31
-0.000000
12
0.000769
22
0.033343
32
-0.000000
0
3DFACE
62
254
10
0.004369
20
0.031852
30
-0.000000
11
0.000591
21
0.032716
31
-0.000000
12
0.000482
22
0.032146
32
-0.000000
0
3DFACE
62
254
10
0.004369
20
0.031852
30
-0.000000
11
0.004279
21
0.032987
31
-0.000000
12
0.000591
22
0.032716
32
-0.000000
0
3DFACE
62
254
10
0.004378
20
0.031733
30
-0.000000
11
0.000482
21
0.032146
31
-0.000000
12
0.000455
22
0.032030
32
-0.000000
0
3DFACE
62
254
10
0.004378
20
0.031733
30
-0.000000
11
0.004369
21
0.031852
31
-0.000000
12
0.000482
22
0.032146
32
-0.000000
0
3DFACE
62
254
10
0.004405
20
0.031617
30
-0.000000
11
0.000455
21
0.032030
31
-0.000000
12
0.000410
22
0.031919
32
-0.000000
0
3DFACE
62
254
10
0.004405
20
0.031617
30
-0.000000
11
0.004378
21
0.031733
31
-0.000000
12
0.000455
22
0.032030
32
-0.000000
0
3DFACE
62
254
10
0.004451
20
0.031506
30
-0.000000
11
0.000410
21
0.031919
31
-0.000000
12
0.000348
22
0.031817
32
-0.000000
0
3DFACE
62
254
10
0.004451
20
0.031506
30
-0.000000
11
0.004405
21
0.031617
31
-0.000000
12
0.000410
22
0.031919
32
-0.000000
0
3DFACE
62
254
10
-0.015729
20
-0.032382
30
0.000000
11
-0.016090
21
-0.030339
31
0.000000
12
-0.016176
22
-0.032161
32
0.000000
0
3DFACE
62
254
10
0.004513
20
0.031405
30
-0.000000
11
0.000348
21
0.031817
31
-0.000000
12
0.000272
22
0.031726
32
-0.000000
0
3DFACE
62
254
10
0.004513
20
0.031405
30
-0.000000
11
0.004451
21
0.031506
31
-0.000000
12
0.000348
22
0.031817
32
-0.000000
0
3DFACE
62
254
10
0.004590
20
0.031314
30
-0.000000
11
0.000272
21
0.031726
31
-0.000000
12
0.000181
22
0.031647
32
-0.000000
0
3DFACE
62
254
10
0.004590
20
0.031314
30
-0.000000
11
0.004513
21
0.031405
31
-0.000000
12
0.000272
22
0.031726
32
-0.000000
0
3DFACE
62
254
10
-0.004739
20
0.001593
30
-0.000000
11
-0.028603
21
0.013220
31
-0.000000
12
-0.030346
22
0.008484
32
0.000000
0
3DFACE
62
254
10
-0.004739
20
0.001593
30
-0.000000
11
-0.028542
21
0.013327
31
-0.000000
12
-0.028603
22
0.013220
32
-0.000000
0
3DFACE
62
254
10
-0.004739
20
0.001593
30
-0.000000
11
-0.030346
21
0.008484
31
0.000000
12
-0.030369
22
0.008367
32
0.000000
0
3DFACE
62
254
10
-0.004739
20
0.001593
30
-0.000000
11
-0.030460
21
0.008026
31
0.000000
12
-0.030505
22
0.007856
32
0.000000
0
3DFACE
62
254
10
-0.004739
20
0.001593
30
-0.000000
11
-0.030415
21
0.008197
31
0.000000
12
-0.030460
22
0.008026
32
0.000000
0
3DFACE
62
254
10
-0.004739
20
0.001593
30
-0.000000
11
-0.030369
21
0.008367
31
0.000000
12
-0.030415
22
0.008197
32
0.000000
0
3DFACE
62
254
10
0.004680
20
0.031236
30
-0.000000
11
0.000181
21
0.031647
31
-0.000000
12
0.000080
22
0.031584
32
-0.000000
0
3DFACE
62
254
10
0.004680
20
0.031236
30
-0.000000
11
0.004590
21
0.031314
31
-0.000000
12
0.000181
22
0.031647
32
-0.000000
0
3DFACE
62
254
10
-0.004941
20
0.000765
30
0.000000
11
-0.030547
21
0.007736
31
0.000000
12
-0.031388
22
0.002763
32
0.000000
0
3DFACE
62
254
10
-0.004941
20
0.000765
30
0.000000
11
-0.004739
21
0.001593
31
-0.000000
12
-0.030505
22
0.007856
32
0.000000
0
3DFACE
62
254
10
-0.004941
20
0.000765
30
0.000000
11
-0.030505
21
0.007856
31
0.000000
12
-0.030547
22
0.007736
32
0.000000
0
3DFACE
62
254
10
-0.004941
20
0.000765
30
0.000000
11
-0.031388
21
0.002763
31
0.000000
12
-0.031389
22
0.002644
32
0.000000
0
3DFACE
62
254
10
-0.004941
20
0.000765
30
0.000000
11
-0.031416
21
0.002293
31
0.000000
12
-0.031429
22
0.002117
32
0.000000
0
3DFACE
62
254
10
-0.004941
20
0.000765
30
0.000000
11
-0.031403
21
0.002468
31
0.000000
12
-0.031416
22
0.002293
32
0.000000
0
3DFACE
62
254
10
-0.004941
20
0.000765
30
0.000000
11
-0.031389
21
0.002644
31
0.000000
12
-0.031403
22
0.002468
32
0.000000
0
3DFACE
62
254
10
-0.004400
20
0.002375
30
-0.000000
11
-0.028270
21
0.013915
31
-0.000000
12
-0.028314
22
0.013804
32
-0.000000
0
3DFACE
62
254
10
-0.004400
20
0.002375
30
-0.000000
11
-0.028467
21
0.013487
31
-0.000000
12
-0.028542
22
0.013327
32
-0.000000
0
3DFACE
62
254
10
-0.004400
20
0.002375
30
-0.000000
11
-0.028391
21
0.013646
31
-0.000000
12
-0.028467
22
0.013487
32
-0.000000
0
3DFACE
62
254
10
-0.004400
20
0.002375
30
-0.000000
11
-0.028314
21
0.013804
31
-0.000000
12
-0.028391
22
0.013646
32
-0.000000
0
3DFACE
62
254
10
-0.004400
20
0.002375
30
-0.000000
11
-0.025683
21
0.018254
31
-0.000000
12
-0.028270
22
0.013915
32
-0.000000
0
3DFACE
62
254
10
-0.004400
20
0.002375
30
-0.000000
11
-0.028542
21
0.013327
31
-0.000000
12
-0.004739
22
0.001593
32
-0.000000
0
3DFACE
62
254
10
-0.004400
20
0.002375
30
-0.000000
11
-0.025607
21
0.018345
31
-0.000000
12
-0.025683
22
0.018254
32
-0.000000
0
3DFACE
62
254
10
0.004782
20
0.031173
30
-0.000000
11
0.000080
21
0.031584
31
-0.000000
12
-0.000029
22
0.031538
32
-0.000000
0
3DFACE
62
254
10
0.004782
20
0.031173
30
-0.000000
11
0.004680
21
0.031236
31
-0.000000
12
0.000080
22
0.031584
32
-0.000000
0
3DFACE
62
254
10
-0.004999
20
-0.000085
30
0.000000
11
-0.004941
21
0.000765
31
0.000000
12
-0.031429
22
0.002117
32
0.000000
0
3DFACE
62
254
10
-0.004999
20
-0.000085
30
0.000000
11
-0.031429
21
0.002117
31
0.000000
12
-0.031448
22
0.001989
32
0.000000
0
3DFACE
62
254
10
-0.004999
20
-0.000085
30
0.000000
11
-0.031361
21
-0.003051
31
0.000000
12
-0.031340
22
-0.003169
32
0.000000
0
3DFACE
62
254
10
-0.004999
20
-0.000085
30
0.000000
11
-0.031448
21
0.001989
31
0.000000
12
-0.031361
22
-0.003051
32
0.000000
0
3DFACE
62
254
10
0.004892
20
0.031128
30
-0.000000
11
-0.000029
21
0.031538
31
-0.000000
12
-0.000145
22
0.031509
32
-0.000000
0
3DFACE
62
254
10
0.004892
20
0.031128
30
-0.000000
11
0.004782
21
0.031173
31
-0.000000
12
-0.000029
22
0.031538
32
-0.000000
0
3DFACE
62
254
10
-0.003933
20
0.003087
30
-0.000000
11
-0.025607
21
0.018345
31
-0.000000
12
-0.004400
22
0.002375
32
-0.000000
0
3DFACE
62
254
10
-0.003933
20
0.003087
30
-0.000000
11
-0.021854
21
0.022690
31
-0.000000
12
-0.025232
22
0.018873
32
-0.000000
0
3DFACE
62
254
10
-0.003933
20
0.003087
30
-0.000000
11
-0.025232
21
0.018873
31
-0.000000
12
-0.025296
22
0.018772
32
-0.000000
0
3DFACE
62
254
10
-0.003933
20
0.003087
30
-0.000000
11
-0.025504
21
0.018488
31
-0.000000
12
-0.025607
22
0.018345
32
-0.000000
0
3DFACE
62
254
10
-0.003933
20
0.003087
30
-0.000000
11
-0.025400
21
0.018630
31
-0.000000
12
-0.025504
22
0.018488
32
-0.000000
0
3DFACE
62
254
10
-0.003933
20
0.003087
30
-0.000000
11
-0.025296
21
0.018772
31
-0.000000
12
-0.025400
22
0.018630
32
-0.000000
0
3DFACE
62
254
10
-0.004912
20
-0.000933
30
0.000000
11
-0.031303
21
-0.003519
31
0.000000
12
-0.031283
22
-0.003694
32
0.000000
0
3DFACE
62
254
10
-0.004912
20
-0.000933
30
0.000000
11
-0.031322
21
-0.003344
31
0.000000
12
-0.031303
22
-0.003519
32
0.000000
0
3DFACE
62
254
10
-0.004912
20
-0.000933
30
0.000000
11
-0.031340
21
-0.003169
31
0.000000
12
-0.031322
22
-0.003344
32
0.000000
0
3DFACE
62
254
10
-0.004912
20
-0.000933
30
0.000000
11
-0.031283
21
-0.003694
31
0.000000
12
-0.031279
22
-0.003825
32
0.000000
0
3DFACE
62
254
10
-0.004912
20
-0.000933
30
0.000000
11
-0.031279
21
-0.003825
31
0.000000
12
-0.030267
22
-0.008762
32
0.000000
0
3DFACE
62
254
10
-0.004912
20
-0.000933
30
0.000000
11
-0.030267
21
-0.008762
31
0.000000
12
-0.030224
22
-0.008874
32
0.000000
0
3DFACE
62
254
10
-0.004912
20
-0.000933
30
0.000000
11
-0.004999
21
-0.000085
31
0.000000
12
-0.031340
22
-0.003169
32
0.000000
0
3DFACE
62
254
10
-0.003352
20
0.003710
30
-0.000000
11
-0.021335
21
0.023188
31
-0.000000
12
-0.021415
22
0.023100
32
-0.000000
0
3DFACE
62
254
10
-0.003352
20
0.003710
30
-0.000000
11
-0.021672
21
0.022859
31
-0.000000
12
-0.021800
22
0.022738
32
-0.000000
0
3DFACE
62
254
10
-0.003352
20
0.003710
30
-0.000000
11
-0.021544
21
0.022980
31
-0.000000
12
-0.021672
22
0.022859
32
-0.000000
0
3DFACE
62
254
10
-0.003352
20
0.003710
30
-0.000000
11
-0.021415
21
0.023100
31
-0.000000
12
-0.021544
22
0.022980
32
-0.000000
0
3DFACE
62
254
10
-0.003352
20
0.003710
30
-0.000000
11
-0.021854
21
0.022690
31
-0.000000
12
-0.003933
22
0.003087
32
-0.000000
0
3DFACE
62
254
10
-0.003352
20
0.003710
30
-0.000000
11
-0.021800
21
0.022738
31
-0.000000
12
-0.021854
22
0.022690
32
-0.000000
0
3DFACE
62
254
10
-0.003352
20
0.003710
30
-0.000000
11
-0.017317
21
0.026318
31
-0.000000
12
-0.021335
22
0.023188
32
-0.000000
0
3DFACE
62
254
10
-0.004683
20
-0.001753
30
0.000000
11
-0.004912
21
-0.000933
31
0.000000
12
-0.030224
22
-0.008874
32
0.000000
0
3DFACE
62
254
10
-0.004683
20
-0.001753
30
0.000000
11
-0.030043
21
-0.009509
31
0.000000
12
-0.028141
22
-0.014174
32
0.000000
0
3DFACE
62
254
10
-0.004683
20
-0.001753
30
0.000000
11
-0.030123
21
-0.009211
31
0.000000
12
-0.030071
22
-0.009379
32
0.000000
0
3DFACE
62
254
10
-0.004683
20
-0.001753
30
0.000000
11
-0.030174
21
-0.009042
31
0.000000
12
-0.030123
22
-0.009211
32
0.000000
0
3DFACE
62
254
10
-0.004683
20
-0.001753
30
0.000000
11
-0.030224
21
-0.008874
31
0.000000
12
-0.030174
22
-0.009042
32
0.000000
0
3DFACE
62
254
10
-0.004683
20
-0.001753
30
0.000000
11
-0.030071
21
-0.009379
31
0.000000
12
-0.030043
22
-0.009509
32
0.000000
0
3DFACE
62
254
10
-0.004683
20
-0.001753
30
0.000000
11
-0.028141
21
-0.014174
31
0.000000
12
-0.028079
22
-0.014276
32
0.000000
0
3DFACE
62
254
10
-0.002673
20
0.004225
30
-0.000000
11
-0.016711
21
0.026713
31
-0.000000
12
-0.016806
22
0.026642
32
-0.000000
0
3DFACE
62
254
10
-0.002673
20
0.004225
30
-0.000000
11
-0.017103
21
0.026453
31
-0.000000
12
-0.017251
22
0.026357
32
-0.000000
0
3DFACE
62
254
10
-0.002673
20
0.004225
30
-0.000000
11
-0.016955
21
0.026548
31
-0.000000
12
-0.017103
22
0.026453
32
-0.000000
0
3DFACE
62
254
10
-0.002673
20
0.004225
30
-0.000000
11
-0.016806
21
0.026642
31
-0.000000
12
-0.016955
22
0.026548
32
-0.000000
0
3DFACE
62
254
10
-0.002673
20
0.004225
30
-0.000000
11
-0.017294
21
0.026330
31
-0.000000
12
-0.017317
22
0.026318
32
-0.000000
0
3DFACE
62
254
10
-0.002673
20
0.004225
30
-0.000000
11
-0.017272
21
0.026343
31
-0.000000
12
-0.017294
22
0.026330
32
-0.000000
0
3DFACE
62
254
10
-0.002673
20
0.004225
30
-0.000000
11
-0.017251
21
0.026357
31
-0.000000
12
-0.017272
22
0.026343
32
-0.000000
0
3DFACE
62
254
10
-0.002673
20
0.004225
30
-0.000000
11
-0.017317
21
0.026318
31
-0.000000
12
-0.003352
22
0.003710
32
-0.000000
0
3DFACE
62
254
10
-0.013740
20
-0.031865
30
0.000000
11
-0.016090
21
-0.030339
31
0.000000
12
-0.015729
22
-0.032382
32
0.000000
0
3DFACE
62
254
10
-0.013740
20
-0.031865
30
0.000000
11
-0.015729
21
-0.032382
31
0.000000
12
-0.015279
22
-0.032597
32
0.000000
0
3DFACE
62
254
10
-0.013740
20
-0.031865
30
0.000000
11
-0.015279
21
-0.032597
31
0.000000
12
-0.014826
22
-0.032805
32
0.000000
0
3DFACE
62
254
10
-0.004317
20
-0.002523
30
0.000000
11
-0.004683
21
-0.001753
31
0.000000
12
-0.028079
22
-0.014276
32
0.000000
0
3DFACE
62
254
10
-0.004317
20
-0.002523
30
0.000000
11
-0.027788
21
-0.014855
31
0.000000
12
-0.025058
22
-0.019104
32
0.000000
0
3DFACE
62
254
10
-0.004317
20
-0.002523
30
0.000000
11
-0.027918
21
-0.014589
31
0.000000
12
-0.027836
22
-0.014745
32
0.000000
0
3DFACE
62
254
10
-0.004317
20
-0.002523
30
0.000000
11
-0.027999
21
-0.014433
31
0.000000
12
-0.027918
22
-0.014589
32
0.000000
0
3DFACE
62
254
10
-0.004317
20
-0.002523
30
0.000000
11
-0.028079
21
-0.014276
31
0.000000
12
-0.027999
22
-0.014433
32
0.000000
0
3DFACE
62
254
10
-0.004317
20
-0.002523
30
0.000000
11
-0.027836
21
-0.014745
31
0.000000
12
-0.027788
22
-0.014855
32
0.000000
0
3DFACE
62
254
10
-0.004317
20
-0.002523
30
0.000000
11
-0.025058
21
-0.019104
31
0.000000
12
-0.024978
22
-0.019193
32
0.000000
0
3DFACE
62
254
10
-0.001917
20
0.004618
30
-0.000000
11
-0.012227
21
0.029040
31
-0.000000
12
-0.016711
22
0.026713
32
-0.000000
0
3DFACE
62
254
10
-0.001917
20
0.004618
30
-0.000000
11
-0.016711
21
0.026713
31
-0.000000
12
-0.002673
22
0.004225
32
-0.000000
0
3DFACE
62
254
10
-0.001917
20
0.004618
30
-0.000000
11
-0.011601
21
0.029286
31
-0.000000
12
-0.011624
22
0.029277
32
-0.000000
0
3DFACE
62
254
10
-0.001917
20
0.004618
30
-0.000000
11
-0.011578
21
0.029297
31
-0.000000
12
-0.011601
22
0.029286
32
-0.000000
0
3DFACE
62
254
10
-0.001917
20
0.004618
30
-0.000000
11
-0.011555
21
0.029308
31
-0.000000
12
-0.011578
22
0.029297
32
-0.000000
0
3DFACE
62
254
10
-0.001917
20
0.004618
30
-0.000000
11
-0.011951
21
0.029145
31
-0.000000
12
-0.012114
22
0.029078
32
-0.000000
0
3DFACE
62
254
10
-0.001917
20
0.004618
30
-0.000000
11
-0.011788
21
0.029211
31
-0.000000
12
-0.011951
22
0.029145
32
-0.000000
0
3DFACE
62
254
10
-0.001917
20
0.004618
30
-0.000000
11
-0.011624
21
0.029277
31
-0.000000
12
-0.011788
22
0.029211
32
-0.000000
0
3DFACE
62
254
10
-0.001917
20
0.004618
30
-0.000000
11
-0.012114
21
0.029078
31
-0.000000
12
-0.012227
22
0.029040
32
-0.000000
0
3DFACE
62
254
10
-0.012762
20
-0.030813
30
0.000000
11
-0.015907
21
-0.029214
31
0.000000
12
-0.016090
22
-0.030339
32
0.000000
0
3DFACE
62
254
10
-0.012762
20
-0.030813
30
0.000000
11
-0.016090
21
-0.030339
31
0.000000
12
-0.013740
22
-0.031865
32
0.000000
0
3DFACE
62
254
10
-0.003826
20
-0.003219
30
0.000000
11
-0.024870
21
-0.019332
31
0.000000
12
-0.024762
22
-0.019471
32
0.000000
0
3DFACE
62
254
10
-0.003826
20
-0.003219
30
0.000000
11
-0.024978
21
-0.019193
31
0.000000
12
-0.024870
22
-0.019332
32
0.000000
0
3DFACE
62
254
10
-0.003826
20
-0.003219
30
0.000000
11
-0.024652
21
-0.019609
31
0.000000
12
-0.024586
22
-0.019708
32
0.000000
0
3DFACE
62
254
10
-0.003826
20
-0.003219
30
0.000000
11
-0.021121
21
-0.023383
31
0.000000
12
-0.021026
22
-0.023456
32
0.000000
0
3DFACE
62
254
10
-0.003826
20
-0.003219
30
0.000000
11
-0.004317
21
-0.002523
31
0.000000
12
-0.024978
22
-0.019193
32
0.000000
0
3DFACE
62
254
10
-0.003826
20
-0.003219
30
0.000000
11
-0.024586
21
-0.019708
31
0.000000
12
-0.021121
22
-0.023383
32
0.000000
0
3DFACE
62
254
10
-0.003826
20
-0.003219
30
0.000000
11
-0.024762
21
-0.019471
31
0.000000
12
-0.024652
22
-0.019609
32
0.000000
0
3DFACE
62
254
10
-0.012369
20
-0.030293
30
0.000000
11
-0.015907
21
-0.029214
31
0.000000
12
-0.012762
22
-0.030813
32
0.000000
0
3DFACE
62
254
10
-0.012369
20
-0.030293
30
0.000000
11
-0.015580
21
-0.028123
31
0.000000
12
-0.015907
22
-0.029214
32
0.000000
0
3DFACE
62
254
10
-0.001105
20
0.004876
30
-0.000000
11
-0.011555
21
0.029308
31
-0.000000
12
-0.001917
22
0.004618
32
-0.000000
0
3DFACE
62
254
10
-0.001105
20
0.004876
30
-0.000000
11
-0.006683
21
0.030793
31
-0.000000
12
-0.011555
22
0.029308
32
-0.000000
0
3DFACE
62
254
10
-0.001105
20
0.004876
30
-0.000000
11
-0.005977
21
0.030931
31
-0.000000
12
-0.006047
22
0.030914
32
-0.000000
0
3DFACE
62
254
10
-0.001105
20
0.004876
30
-0.000000
11
-0.006392
21
0.030845
31
-0.000000
12
-0.006565
22
0.030808
32
-0.000000
0
3DFACE
62
254
10
-0.001105
20
0.004876
30
-0.000000
11
-0.006220
21
0.030880
31
-0.000000
12
-0.006392
22
0.030845
32
-0.000000
0
3DFACE
62
254
10
-0.001105
20
0.004876
30
-0.000000
11
-0.006047
21
0.030914
31
-0.000000
12
-0.006220
22
0.030880
32
-0.000000
0
3DFACE
62
254
10
-0.001105
20
0.004876
30
-0.000000
11
-0.006565
21
0.030808
31
-0.000000
12
-0.006683
22
0.030793
32
-0.000000
0
3DFACE
62
254
10
-0.012062
20
-0.029801
30
0.000000
11
-0.015580
21
-0.028123
31
0.000000
12
-0.012369
22
-0.030293
32
0.000000
0
3DFACE
62
254
10
-0.011995
20
-0.029703
30
0.000000
11
-0.015580
21
-0.028123
31
0.000000
12
-0.012062
22
-0.029801
32
0.000000
0
3DFACE
62
254
10
-0.011995
20
-0.029703
30
0.000000
11
-0.015545
21
-0.028008
31
0.000000
12
-0.015580
22
-0.028123
32
0.000000
0
3DFACE
62
254
10
-0.011913
20
-0.029616
30
0.000000
11
-0.015545
21
-0.028008
31
0.000000
12
-0.011995
22
-0.029703
32
0.000000
0
3DFACE
62
254
10
-0.011913
20
-0.029616
30
0.000000
11
-0.015529
21
-0.027890
31
0.000000
12
-0.015545
22
-0.028008
32
0.000000
0
3DFACE
62
254
10
-0.011819
20
-0.029543
30
0.000000
11
-0.015532
21
-0.027771
31
0.000000
12
-0.015529
22
-0.027890
32
0.000000
0
3DFACE
62
254
10
-0.011819
20
-0.029543
30
0.000000
11
-0.015529
21
-0.027890
31
0.000000
12
-0.011913
22
-0.029616
32
0.000000
0
3DFACE
62
254
10
-0.011714
20
-0.029485
30
0.000000
11
-0.015532
21
-0.027771
31
0.000000
12
-0.011819
22
-0.029543
32
0.000000
0
3DFACE
62
254
10
-0.011714
20
-0.029485
30
0.000000
11
-0.015553
21
-0.027654
31
0.000000
12
-0.015532
22
-0.027771
32
0.000000
0
3DFACE
62
254
10
-0.011602
20
-0.029445
30
0.000000
11
-0.015553
21
-0.027654
31
0.000000
12
-0.011714
22
-0.029485
32
0.000000
0
3DFACE
62
254
10
-0.011602
20
-0.029445
30
0.000000
11
-0.015592
21
-0.027541
31
0.000000
12
-0.015553
22
-0.027654
32
0.000000
0
3DFACE
62
254
10
-0.011602
20
-0.029445
30
0.000000
11
-0.015648
21
-0.027436
31
0.000000
12
-0.015592
22
-0.027541
32
0.000000
0
3DFACE
62
254
10
-0.011485
20
-0.029423
30
0.000000
11
-0.015648
21
-0.027436
31
0.000000
12
-0.011602
22
-0.029445
32
0.000000
0
3DFACE
62
254
10
-0.011366
20
-0.029419
30
0.000000
11
-0.015648
21
-0.027436
31
0.000000
12
-0.011485
22
-0.029423
32
0.000000
0
3DFACE
62
254
10
-0.011366
20
-0.029419
30
0.000000
11
-0.015720
21
-0.027341
31
0.000000
12
-0.015648
22
-0.027436
32
0.000000
0
3DFACE
62
254
10
-0.003224
20
-0.003822
30
0.000000
11
-0.020762
21
-0.023689
31
0.000000
12
-0.020630
22
-0.023805
32
0.000000
0
3DFACE
62
254
10
-0.003224
20
-0.003822
30
0.000000
11
-0.020894
21
-0.023573
31
0.000000
12
-0.020762
22
-0.023689
32
0.000000
0
3DFACE
62
254
10
-0.003224
20
-0.003822
30
0.000000
11
-0.021026
21
-0.023456
31
0.000000
12
-0.020894
22
-0.023573
32
0.000000
0
3DFACE
62
254
10
-0.003224
20
-0.003822
30
0.000000
11
-0.020630
21
-0.023805
31
0.000000
12
-0.020546
22
-0.023890
32
0.000000
0
3DFACE
62
254
10
-0.003224
20
-0.003822
30
0.000000
11
-0.020546
21
-0.023890
31
0.000000
12
-0.016464
22
-0.026866
32
0.000000
0
3DFACE
62
254
10
-0.003224
20
-0.003822
30
0.000000
11
-0.003826
21
-0.003219
31
0.000000
12
-0.021026
22
-0.023456
32
0.000000
0
3DFACE
62
254
10
0.009029
20
0.034849
30
-0.000000
11
0.008546
21
0.034971
31
-0.000000
12
0.007651
22
0.033847
32
-0.000000
0
3DFACE
62
254
10
-0.011247
20
-0.029434
30
0.000000
11
-0.015720
21
-0.027341
31
0.000000
12
-0.011366
22
-0.029419
32
0.000000
0
3DFACE
62
254
10
-0.011247
20
-0.029434
30
0.000000
11
-0.015806
21
-0.027258
31
0.000000
12
-0.015720
22
-0.027341
32
0.000000
0
3DFACE
62
254
10
-0.000261
20
0.004993
30
-0.000000
11
-0.000616
21
0.031494
31
-0.000000
12
-0.000792
22
0.031490
32
-0.000000
0
3DFACE
62
254
10
-0.000261
20
0.004993
30
-0.000000
11
-0.000440
21
0.031497
31
-0.000000
12
-0.000616
22
0.031494
32
-0.000000
0
3DFACE
62
254
10
-0.000261
20
0.004993
30
-0.000000
11
-0.000264
21
0.031499
31
-0.000000
12
-0.000440
22
0.031497
32
-0.000000
0
3DFACE
62
254
10
-0.000261
20
0.004993
30
-0.000000
11
-0.000792
21
0.031490
31
-0.000000
12
-0.000911
22
0.031496
32
-0.000000
0
3DFACE
62
254
10
-0.000261
20
0.004993
30
-0.000000
11
-0.005977
21
0.030931
31
-0.000000
12
-0.001105
22
0.004876
32
-0.000000
0
3DFACE
62
254
10
-0.000261
20
0.004993
30
-0.000000
11
-0.000911
21
0.031496
31
-0.000000
12
-0.005977
22
0.030931
32
-0.000000
0
3DFACE
62
254
10
0.009511
20
0.034721
30
-0.000000
11
0.009029
21
0.034849
31
-0.000000
12
0.007651
22
0.033847
32
-0.000000
0
3DFACE
62
254
10
-0.002528
20
-0.004314
30
0.000000
11
-0.003224
21
-0.003822
31
0.000000
12
-0.016464
22
-0.026866
32
0.000000
0
3DFACE
62
254
10
-0.002528
20
-0.004314
30
0.000000
11
-0.016464
21
-0.026866
31
0.000000
12
-0.016358
22
-0.026920
32
0.000000
0
3DFACE
62
254
10
-0.002528
20
-0.004314
30
0.000000
11
-0.015806
21
-0.027258
31
0.000000
12
-0.011247
22
-0.029434
32
0.000000
0
3DFACE
62
254
10
-0.002528
20
-0.004314
30
0.000000
11
-0.016056
21
-0.027101
31
0.000000
12
-0.015904
22
-0.027190
32
0.000000
0
3DFACE
62
254
10
-0.002528
20
-0.004314
30
0.000000
11
-0.016207
21
-0.027011
31
0.000000
12
-0.016056
22
-0.027101
32
0.000000
0
3DFACE
62
254
10
-0.002528
20
-0.004314
30
0.000000
11
-0.016358
21
-0.026920
31
0.000000
12
-0.016207
22
-0.027011
32
0.000000
0
3DFACE
62
254
10
-0.002528
20
-0.004314
30
0.000000
11
-0.015904
21
-0.027190
31
0.000000
12
-0.015806
22
-0.027258
32
0.000000
0
3DFACE
62
254
10
0.000591
20
0.004965
30
-0.000000
11
-0.000145
21
0.031509
31
-0.000000
12
-0.000264
22
0.031499
32
-0.000000
0
3DFACE
62
254
10
0.000591
20
0.004965
30
-0.000000
11
0.004892
21
0.031128
31
-0.000000
12
-0.000145
22
0.031509
32
-0.000000
0
3DFACE
62
254
10
0.000591
20
0.004965
30
-0.000000
11
-0.000264
21
0.031499
31
-0.000000
12
-0.000261
22
0.004993
32
-0.000000
0
3DFACE
62
254
10
0.000591
20
0.004965
30
-0.000000
11
0.005182
21
0.031071
31
-0.000000
12
0.005008
22
0.031099
32
-0.000000
0
3DFACE
62
254
10
0.000591
20
0.004965
30
-0.000000
11
0.005355
21
0.031041
31
-0.000000
12
0.005182
22
0.031071
32
-0.000000
0
3DFACE
62
254
10
0.000591
20
0.004965
30
-0.000000
11
0.005529
21
0.031011
31
-0.000000
12
0.005355
22
0.031041
32
-0.000000
0
3DFACE
62
254
10
0.000591
20
0.004965
30
-0.000000
11
0.005008
21
0.031099
31
-0.000000
12
0.004892
22
0.031128
32
-0.000000
0
3DFACE
62
254
10
-0.001759
20
-0.004680
30
0.000000
11
-0.010637
21
-0.029650
31
0.000000
12
-0.010528
22
-0.029699
32
0.000000
0
3DFACE
62
254
10
-0.001759
20
-0.004680
30
0.000000
11
-0.002528
21
-0.004314
31
0.000000
12
-0.011247
22
-0.029434
32
0.000000
0
3DFACE
62
254
10
-0.001759
20
-0.004680
30
0.000000
11
-0.011247
21
-0.029434
31
0.000000
12
-0.011133
22
-0.029467
32
0.000000
0
3DFACE
62
254
10
-0.001759
20
-0.004680
30
0.000000
11
-0.010803
21
-0.029590
31
0.000000
12
-0.010637
22
-0.029650
32
0.000000
0
3DFACE
62
254
10
-0.001759
20
-0.004680
30
0.000000
11
-0.010968
21
-0.029529
31
0.000000
12
-0.010803
22
-0.029590
32
0.000000
0
3DFACE
62
254
10
-0.001759
20
-0.004680
30
0.000000
11
-0.011133
21
-0.029467
31
0.000000
12
-0.010968
22
-0.029529
32
0.000000
0
3DFACE
62
254
10
0.010242
20
0.032779
30
-0.000000
11
0.009991
21
0.034586
31
-0.000000
12
0.009511
22
0.034721
32
-0.000000
0
3DFACE
62
254
10
0.010242
20
0.032779
30
-0.000000
11
0.007651
21
0.033847
31
-0.000000
12
0.006883
22
0.032634
32
-0.000000
0
3DFACE
62
254
10
0.010242
20
0.032779
30
-0.000000
11
0.009511
21
0.034721
31
-0.000000
12
0.007651
22
0.033847
32
-0.000000
0
3DFACE
62
254
10
0.001425
20
0.004793
30
-0.000000
11
0.005529
21
0.031011
31
-0.000000
12
0.000591
22
0.004965
32
-0.000000
0
3DFACE
62
254
10
0.001425
20
0.004793
30
-0.000000
11
0.005653
21
0.030999
31
-0.000000
12
0.005529
22
0.031011
32
-0.000000
0
3DFACE
62
254
10
0.010268
20
0.031639
30
-0.000000
11
0.010242
21
0.032779
31
-0.000000
12
0.006883
22
0.032634
32
-0.000000
0
3DFACE
62
254
10
0.010268
20
0.031639
30
-0.000000
11
0.006883
21
0.032634
31
-0.000000
12
0.006592
22
0.032050
32
-0.000000
0
3DFACE
62
254
10
0.010147
20
0.030506
30
-0.000000
11
0.006592
21
0.032050
31
-0.000000
12
0.006380
22
0.031510
32
-0.000000
0
3DFACE
62
254
10
0.010147
20
0.030506
30
-0.000000
11
0.006380
21
0.031510
31
-0.000000
12
0.006334
22
0.031405
32
-0.000000
0
3DFACE
62
254
10
0.010147
20
0.030506
30
-0.000000
11
0.010268
21
0.031639
31
-0.000000
12
0.006592
22
0.032050
32
-0.000000
0
3DFACE
62
254
10
0.010134
20
0.030388
30
-0.000000
11
0.010147
21
0.030506
31
-0.000000
12
0.006334
22
0.031405
32
-0.000000
0
3DFACE
62
254
10
0.010134
20
0.030388
30
-0.000000
11
0.006334
21
0.031405
31
-0.000000
12
0.006273
22
0.031307
32
-0.000000
0
3DFACE
62
254
10
0.010140
20
0.030269
30
-0.000000
11
0.010134
21
0.030388
31
-0.000000
12
0.006273
22
0.031307
32
-0.000000
0
3DFACE
62
254
10
0.010140
20
0.030269
30
-0.000000
11
0.006273
21
0.031307
31
-0.000000
12
0.006198
22
0.031220
32
-0.000000
0
3DFACE
62
254
10
-0.000939
20
-0.004911
30
0.000000
11
-0.001759
21
-0.004680
31
0.000000
12
-0.010528
22
-0.029699
32
0.000000
0
3DFACE
62
254
10
0.010164
20
0.030152
30
-0.000000
11
0.010140
21
0.030269
31
-0.000000
12
0.006198
22
0.031220
32
-0.000000
0
3DFACE
62
254
10
0.010164
20
0.030152
30
-0.000000
11
0.006198
21
0.031220
31
-0.000000
12
0.006110
22
0.031145
32
-0.000000
0
3DFACE
62
254
10
0.010207
20
0.030041
30
-0.000000
11
0.010164
21
0.030152
31
-0.000000
12
0.006110
22
0.031145
32
-0.000000
0
3DFACE
62
254
10
0.010207
20
0.030041
30
-0.000000
11
0.006110
21
0.031145
31
-0.000000
12
0.006012
22
0.031085
32
-0.000000
0
3DFACE
62
254
10
0.010266
20
0.029937
30
-0.000000
11
0.010207
21
0.030041
31
-0.000000
12
0.006012
22
0.031085
32
-0.000000
0
3DFACE
62
254
10
0.010266
20
0.029937
30
-0.000000
11
0.006012
21
0.031085
31
-0.000000
12
0.005898
22
0.031037
32
-0.000000
0
3DFACE
62
254
10
0.010340
20
0.029844
30
-0.000000
11
0.010266
21
0.029937
31
-0.000000
12
0.005898
22
0.031037
32
-0.000000
0
3DFACE
62
254
10
0.010340
20
0.029844
30
-0.000000
11
0.005898
21
0.031037
31
-0.000000
12
0.005777
22
0.031008
32
-0.000000
0
3DFACE
62
254
10
0.010429
20
0.029764
30
-0.000000
11
0.010340
21
0.029844
31
-0.000000
12
0.005777
22
0.031008
32
-0.000000
0
3DFACE
62
254
10
0.010429
20
0.029764
30
-0.000000
11
0.005777
21
0.031008
31
-0.000000
12
0.005653
22
0.030999
32
-0.000000
0
3DFACE
62
254
10
0.010528
20
0.029699
30
-0.000000
11
0.005653
21
0.030999
31
-0.000000
12
0.001425
22
0.004793
32
-0.000000
0
3DFACE
62
254
10
0.010528
20
0.029699
30
-0.000000
11
0.010429
21
0.029764
31
-0.000000
12
0.005653
22
0.030999
32
-0.000000
0
3DFACE
62
254
10
0.010637
20
0.029650
30
-0.000000
11
0.010528
21
0.029699
31
-0.000000
12
0.001425
22
0.004793
32
-0.000000
0
3DFACE
62
254
10
0.010803
20
0.029590
30
-0.000000
11
0.010637
21
0.029650
31
-0.000000
12
0.001425
22
0.004793
32
-0.000000
0
3DFACE
62
254
10
-0.009511
20
-0.034721
30
0.000000
11
-0.010242
21
-0.032779
31
0.000000
12
-0.009991
22
-0.034586
32
0.000000
0
3DFACE
62
254
10
0.010968
20
0.029529
30
-0.000000
11
0.010803
21
0.029590
31
-0.000000
12
0.001425
22
0.004793
32
-0.000000
0
3DFACE
62
254
10
0.011133
20
0.029467
30
-0.000000
11
0.010968
21
0.029529
31
-0.000000
12
0.001425
22
0.004793
32
-0.000000
0
3DFACE
62
254
10
0.011133
20
0.029467
30
-0.000000
11
0.001425
21
0.004793
31
-0.000000
12
0.002218
22
0.004481
32
-0.000000
0
3DFACE
62
254
10
0.011256
20
0.029432
30
-0.000000
11
0.011133
21
0.029467
31
-0.000000
12
0.002218
22
0.004481
32
-0.000000
0
3DFACE
62
254
10
-0.007651
20
-0.033847
30
0.000000
11
-0.010242
21
-0.032779
31
0.000000
12
-0.009511
22
-0.034721
32
0.000000
0
3DFACE
62
254
10
-0.007651
20
-0.033847
30
0.000000
11
-0.009511
21
-0.034721
31
0.000000
12
-0.009029
22
-0.034849
32
0.000000
0
3DFACE
62
254
10
-0.007651
20
-0.033847
30
0.000000
11
-0.009029
21
-0.034849
31
0.000000
12
-0.008546
22
-0.034971
32
0.000000
0
3DFACE
62
254
10
-0.006883
20
-0.032634
30
0.000000
11
-0.010268
21
-0.031639
31
0.000000
12
-0.010242
22
-0.032779
32
0.000000
0
3DFACE
62
254
10
-0.006883
20
-0.032634
30
0.000000
11
-0.010242
21
-0.032779
31
0.000000
12
-0.007651
22
-0.033847
32
0.000000
0
3DFACE
62
254
10
0.001859
20
-0.005265
30
0.000000
11
0.000759
21
-0.004942
31
0.000000
12
-0.000091
22
-0.004999
32
0.000000
0
3DFACE
62
254
10
0.001859
20
-0.005265
30
0.000000
11
0.001587
21
-0.004741
31
0.000000
12
0.000759
22
-0.004942
32
0.000000
0
3DFACE
62
254
10
-0.006592
20
-0.032050
30
0.000000
11
-0.010147
21
-0.030506
31
0.000000
12
-0.010268
22
-0.031639
32
0.000000
0
3DFACE
62
254
10
-0.006592
20
-0.032050
30
0.000000
11
-0.010268
21
-0.031639
31
0.000000
12
-0.006883
22
-0.032634
32
0.000000
0
3DFACE
62
254
10
-0.006380
20
-0.031510
30
0.000000
11
-0.010147
21
-0.030506
31
0.000000
12
-0.006592
22
-0.032050
32
0.000000
0
3DFACE
62
254
10
-0.006333
20
-0.031401
30
0.000000
11
-0.010147
21
-0.030506
31
0.000000
12
-0.006380
22
-0.031510
32
0.000000
0
3DFACE
62
254
10
-0.006333
20
-0.031401
30
0.000000
11
-0.010134
21
-0.030388
31
0.000000
12
-0.010147
22
-0.030506
32
0.000000
0
3DFACE
62
254
10
-0.006268
20
-0.031301
30
0.000000
11
-0.010134
21
-0.030388
31
0.000000
12
-0.006333
22
-0.031401
32
0.000000
0
3DFACE
62
254
10
-0.006268
20
-0.031301
30
0.000000
11
-0.010140
21
-0.030269
31
0.000000
12
-0.010134
22
-0.030388
32
0.000000
0
3DFACE
62
254
10
-0.006189
20
-0.031211
30
0.000000
11
-0.010140
21
-0.030269
31
0.000000
12
-0.006268
22
-0.031301
32
0.000000
0
3DFACE
62
254
10
-0.006189
20
-0.031211
30
0.000000
11
-0.010164
21
-0.030152
31
0.000000
12
-0.010140
22
-0.030269
32
0.000000
0
3DFACE
62
254
10
-0.006189
20
-0.031211
30
0.000000
11
-0.010207
21
-0.030041
31
0.000000
12
-0.010164
22
-0.030152
32
0.000000
0
3DFACE
62
254
10
-0.006097
20
-0.031136
30
0.000000
11
-0.010207
21
-0.030041
31
0.000000
12
-0.006189
22
-0.031211
32
0.000000
0
3DFACE
62
254
10
-0.005994
20
-0.031075
30
0.000000
11
-0.010207
21
-0.030041
31
0.000000
12
-0.006097
22
-0.031136
32
0.000000
0
3DFACE
62
254
10
-0.005994
20
-0.031075
30
0.000000
11
-0.010266
21
-0.029937
31
0.000000
12
-0.010207
22
-0.030041
32
0.000000
0
3DFACE
62
254
10
-0.005994
20
-0.031075
30
0.000000
11
-0.010340
21
-0.029844
31
0.000000
12
-0.010266
22
-0.029937
32
0.000000
0
3DFACE
62
254
10
-0.005883
20
-0.031032
30
0.000000
11
-0.010340
21
-0.029844
31
0.000000
12
-0.005994
22
-0.031075
32
0.000000
0
3DFACE
62
254
10
-0.005767
20
-0.031006
30
0.000000
11
-0.010429
21
-0.029764
31
0.000000
12
-0.010340
22
-0.029844
32
0.000000
0
3DFACE
62
254
10
-0.005767
20
-0.031006
30
0.000000
11
-0.010340
21
-0.029844
31
0.000000
12
-0.005883
22
-0.031032
32
0.000000
0
3DFACE
62
254
10
-0.005647
20
-0.030999
30
0.000000
11
-0.010528
21
-0.029699
31
0.000000
12
-0.010429
22
-0.029764
32
0.000000
0
3DFACE
62
254
10
-0.005647
20
-0.030999
30
0.000000
11
-0.010429
21
-0.029764
31
0.000000
12
-0.005767
22
-0.031006
32
0.000000
0
3DFACE
62
254
10
-0.005647
20
-0.030999
30
0.000000
11
-0.000939
21
-0.004911
31
0.000000
12
-0.010528
22
-0.029699
32
0.000000
0
3DFACE
62
254
10
-0.005529
20
-0.031011
30
0.000000
11
-0.000939
21
-0.004911
31
0.000000
12
-0.005647
22
-0.030999
32
0.000000
0
3DFACE
62
254
10
-0.005355
20
-0.031041
30
0.000000
11
-0.000939
21
-0.004911
31
0.000000
12
-0.005529
22
-0.031011
32
0.000000
0
3DFACE
62
254
10
-0.005182
20
-0.031071
30
0.000000
11
-0.000939
21
-0.004911
31
0.000000
12
-0.005355
22
-0.031041
32
0.000000
0
3DFACE
62
254
10
0.003605
20
-0.003465
30
0.000000
11
0.002964
21
-0.004027
31
0.000000
12
0.003236
22
-0.004551
32
0.000000
0
3DFACE
62
254
10
-0.005008
20
-0.031099
30
0.000000
11
-0.000939
21
-0.004911
31
0.000000
12
-0.005182
22
-0.031071
32
0.000000
0
3DFACE
62
254
10
-0.005008
20
-0.031099
30
0.000000
11
-0.000091
21
-0.004999
31
0.000000
12
-0.000939
22
-0.004911
32
0.000000
0
3DFACE
62
254
10
0.015279
20
0.032597
30
-0.000000
11
0.014826
21
0.032805
31
-0.000000
12
0.013740
22
0.031865
32
-0.000000
0
3DFACE
62
254
10
-0.004892
20
-0.031128
30
0.000000
11
-0.000091
21
-0.004999
31
0.000000
12
-0.005008
22
-0.031099
32
0.000000
0
3DFACE
62
254
10
0.004141
20
-0.002803
30
0.000000
11
0.003605
21
-0.003465
31
0.000000
12
0.003236
22
-0.004551
32
0.000000
0
3DFACE
62
254
10
0.015729
20
0.032382
30
-0.000000
11
0.015279
21
0.032597
31
-0.000000
12
0.013740
22
0.031865
32
-0.000000
0
3DFACE
62
254
10
0.016090
20
0.030339
30
-0.000000
11
0.016176
21
0.032161
31
-0.000000
12
0.015729
22
0.032382
32
-0.000000
0
3DFACE
62
254
10
0.016090
20
0.030339
30
-0.000000
11
0.013740
21
0.031865
31
-0.000000
12
0.012762
22
0.030813
32
-0.000000
0
3DFACE
62
254
10
0.016090
20
0.030339
30
-0.000000
11
0.015729
21
0.032382
31
-0.000000
12
0.013740
22
0.031865
32
-0.000000
0
3DFACE
62
254
10
0.015907
20
0.029214
30
-0.000000
11
0.012762
21
0.030813
31
-0.000000
12
0.012369
22
0.030293
32
-0.000000
0
3DFACE
62
254
10
0.015907
20
0.029214
30
-0.000000
11
0.016090
21
0.030339
31
-0.000000
12
0.012762
22
0.030813
32
-0.000000
0
3DFACE
62
254
10
0.015580
20
0.028123
30
-0.000000
11
0.015907
21
0.029214
31
-0.000000
12
0.012369
22
0.030293
32
-0.000000
0
3DFACE
62
254
10
0.015580
20
0.028123
30
-0.000000
11
0.012369
21
0.030293
31
-0.000000
12
0.012062
22
0.029801
32
-0.000000
0
3DFACE
62
254
10
0.015580
20
0.028123
30
-0.000000
11
0.012062
21
0.029801
31
-0.000000
12
0.012001
22
0.029711
32
-0.000000
0
3DFACE
62
254
10
0.015545
20
0.028008
30
-0.000000
11
0.015580
21
0.028123
31
-0.000000
12
0.012001
22
0.029711
32
-0.000000
0
3DFACE
62
254
10
0.015545
20
0.028008
30
-0.000000
11
0.012001
21
0.029711
31
-0.000000
12
0.011928
22
0.029630
32
-0.000000
0
3DFACE
62
254
10
0.015529
20
0.027890
30
-0.000000
11
0.011928
21
0.029630
31
-0.000000
12
0.011844
22
0.029560
32
-0.000000
0
3DFACE
62
254
10
0.015529
20
0.027890
30
-0.000000
11
0.015545
21
0.028008
31
-0.000000
12
0.011928
22
0.029630
32
-0.000000
0
3DFACE
62
254
10
0.015532
20
0.027771
30
-0.000000
11
0.011844
21
0.029560
31
-0.000000
12
0.011752
22
0.029503
32
-0.000000
0
3DFACE
62
254
10
0.015532
20
0.027771
30
-0.000000
11
0.015529
21
0.027890
31
-0.000000
12
0.011844
22
0.029560
32
-0.000000
0
3DFACE
62
254
10
0.015553
20
0.027654
30
-0.000000
11
0.015532
21
0.027771
31
-0.000000
12
0.011752
22
0.029503
32
-0.000000
0
3DFACE
62
254
10
0.015553
20
0.027654
30
-0.000000
11
0.011752
21
0.029503
31
-0.000000
12
0.011634
22
0.029454
32
-0.000000
0
3DFACE
62
254
10
0.015592
20
0.027541
30
-0.000000
11
0.011634
21
0.029454
31
-0.000000
12
0.011510
22
0.029426
32
-0.000000
0
3DFACE
62
254
10
0.015592
20
0.027541
30
-0.000000
11
0.015553
21
0.027654
31
-0.000000
12
0.011634
22
0.029454
32
-0.000000
0
3DFACE
62
254
10
0.015648
20
0.027436
30
-0.000000
11
0.011510
21
0.029426
31
-0.000000
12
0.011382
22
0.029418
32
-0.000000
0
3DFACE
62
254
10
0.015648
20
0.027436
30
-0.000000
11
0.015592
21
0.027541
31
-0.000000
12
0.011510
22
0.029426
32
-0.000000
0
3DFACE
62
254
10
0.015720
20
0.027341
30
-0.000000
11
0.011382
21
0.029418
31
-0.000000
12
0.011256
22
0.029432
32
-0.000000
0
3DFACE
62
254
10
0.015720
20
0.027341
30
-0.000000
11
0.015648
21
0.027436
31
-0.000000
12
0.011382
22
0.029418
32
-0.000000
0
3DFACE
62
254
10
0.015806
20
0.027258
30
-0.000000
11
0.011256
21
0.029432
31
-0.000000
12
0.002218
22
0.004481
32
-0.000000
0
3DFACE
62
254
10
0.015806
20
0.027258
30
-0.000000
11
0.015720
21
0.027341
31
-0.000000
12
0.011256
22
0.029432
32
-0.000000
0
3DFACE
62
254
10
0.015904
20
0.027190
30
-0.000000
11
0.015806
21
0.027258
31
-0.000000
12
0.002218
22
0.004481
32
-0.000000
0
3DFACE
62
254
10
0.016056
20
0.027101
30
-0.000000
11
0.015904
21
0.027190
31
-0.000000
12
0.002218
22
0.004481
32
-0.000000
0
3DFACE
62
254
10
0.016207
20
0.027011
30
-0.000000
11
0.016056
21
0.027101
31
-0.000000
12
0.002218
22
0.004481
32
-0.000000
0
3DFACE
62
254
10
0.016358
20
0.026920
30
-0.000000
11
0.002218
21
0.004481
31
-0.000000
12
0.002947
22
0.004039
32
-0.000000
0
3DFACE
62
254
10
0.016358
20
0.026920
30
-0.000000
11
0.016207
21
0.027011
31
-0.000000
12
0.002218
22
0.004481
32
-0.000000
0
3DFACE
62
254
10
0.016474
20
0.026862
30
-0.000000
11
0.016358
21
0.026920
31
-0.000000
12
0.002947
22
0.004039
32
-0.000000
0
3DFACE
62
254
10
-0.002969
20
-0.035877
30
0.000000
11
-0.004044
21
-0.034103
31
0.000000
12
-0.003465
22
-0.035833
32
0.000000
0
3DFACE
62
254
10
-0.001301
20
-0.034677
30
0.000000
11
-0.002969
21
-0.035877
31
0.000000
12
-0.002472
22
-0.035915
32
0.000000
0
3DFACE
62
254
10
-0.001301
20
-0.034677
30
0.000000
11
-0.002472
21
-0.035915
31
0.000000
12
-0.001975
22
-0.035946
32
0.000000
0
3DFACE
62
254
10
-0.001301
20
-0.034677
30
0.000000
11
-0.004044
21
-0.034103
31
0.000000
12
-0.002969
22
-0.035877
32
0.000000
0
3DFACE
62
254
10
-0.000410
20
-0.031919
30
0.000000
11
-0.004405
21
-0.031617
31
0.000000
12
-0.004378
22
-0.031733
32
0.000000
0
3DFACE
62
254
10
-0.000410
20
-0.031919
30
0.000000
11
-0.004378
21
-0.031733
31
0.000000
12
-0.000455
22
-0.032030
32
0.000000
0
3DFACE
62
254
10
-0.000482
20
-0.032146
30
0.000000
11
-0.004378
21
-0.031733
31
0.000000
12
-0.004369
22
-0.031852
32
0.000000
0
3DFACE
62
254
10
-0.000482
20
-0.032146
30
0.000000
11
-0.000455
21
-0.032030
31
0.000000
12
-0.004378
22
-0.031733
32
0.000000
0
3DFACE
62
254
10
-0.000349
20
-0.031817
30
0.000000
11
-0.004451
21
-0.031506
31
0.000000
12
-0.004405
22
-0.031617
32
0.000000
0
3DFACE
62
254
10
-0.000349
20
-0.031817
30
0.000000
11
-0.004405
21
-0.031617
31
0.000000
12
-0.000410
22
-0.031919
32
0.000000
0
3DFACE
62
254
10
-0.000591
20
-0.032716
30
0.000000
11
-0.000482
21
-0.032146
31
0.000000
12
-0.004369
22
-0.031852
32
0.000000
0
3DFACE
62
254
10
-0.000591
20
-0.032716
30
0.000000
11
-0.004369
21
-0.031852
31
0.000000
12
-0.004279
22
-0.032987
32
0.000000
0
3DFACE
62
254
10
-0.000272
20
-0.031726
30
0.000000
11
-0.004513
21
-0.031405
31
0.000000
12
-0.004451
22
-0.031506
32
0.000000
0
3DFACE
62
254
10
-0.000272
20
-0.031726
30
0.000000
11
-0.004451
21
-0.031506
31
0.000000
12
-0.000349
22
-0.031817
32
0.000000
0
3DFACE
62
254
10
-0.000769
20
-0.033343
30
0.000000
11
-0.000591
21
-0.032716
31
0.000000
12
-0.004279
22
-0.032987
32
0.000000
0
3DFACE
62
254
10
-0.000769
20
-0.033343
30
0.000000
11
-0.004279
21
-0.032987
31
0.000000
12
-0.004044
22
-0.034103
32
0.000000
0
3DFACE
62
254
10
-0.000769
20
-0.033343
30
0.000000
11
-0.004044
21
-0.034103
31
0.000000
12
-0.001301
22
-0.034677
32
0.000000
0
3DFACE
62
254
10
-0.000182
20
-0.031648
30
0.000000
11
-0.004590
21
-0.031314
31
0.000000
12
-0.004513
22
-0.031405
32
0.000000
0
3DFACE
62
254
10
-0.000182
20
-0.031648
30
0.000000
11
-0.004513
21
-0.031405
31
0.000000
12
-0.000272
22
-0.031726
32
0.000000
0
3DFACE
62
254
10
-0.000081
20
-0.031585
30
0.000000
11
-0.004680
21
-0.031236
31
0.000000
12
-0.004590
22
-0.031314
32
0.000000
0
3DFACE
62
254
10
-0.000081
20
-0.031585
30
0.000000
11
-0.004782
21
-0.031173
31
0.000000
12
-0.004680
22
-0.031236
32
0.000000
0
3DFACE
62
254
10
-0.000081
20
-0.031585
30
0.000000
11
-0.004590
21
-0.031314
31
0.000000
12
-0.000182
22
-0.031648
32
0.000000
0
3DFACE
62
254
10
0.000029
20
-0.031538
30
0.000000
11
-0.004892
21
-0.031128
31
0.000000
12
-0.004782
22
-0.031173
32
0.000000
0
3DFACE
62
254
10
0.000029
20
-0.031538
30
0.000000
11
-0.004782
21
-0.031173
31
0.000000
12
-0.000081
22
-0.031585
32
0.000000
0
3DFACE
62
254
10
0.000145
20
-0.031509
30
0.000000
11
-0.000091
21
-0.004999
31
0.000000
12
-0.004892
22
-0.031128
32
0.000000
0
3DFACE
62
254
10
0.000145
20
-0.031509
30
0.000000
11
-0.004892
21
-0.031128
31
0.000000
12
0.000029
22
-0.031538
32
0.000000
0
3DFACE
62
254
10
0.000264
20
-0.031499
30
0.000000
11
-0.000091
21
-0.004999
31
0.000000
12
0.000145
22
-0.031509
32
0.000000
0
3DFACE
62
254
10
0.000264
20
-0.031499
30
0.000000
11
0.001859
21
-0.005265
31
0.000000
12
-0.000091
22
-0.004999
32
0.000000
0
3DFACE
62
254
10
0.000440
20
-0.031497
30
0.000000
11
0.001859
21
-0.005265
31
0.000000
12
0.000264
22
-0.031499
32
0.000000
0
3DFACE
62
254
10
0.000616
20
-0.031494
30
0.000000
11
0.001859
21
-0.005265
31
0.000000
12
0.000440
22
-0.031497
32
0.000000
0
3DFACE
62
254
10
0.000792
20
-0.031490
30
0.000000
11
0.001859
21
-0.005265
31
0.000000
12
0.000616
22
-0.031494
32
0.000000
0
3DFACE
62
254
10
0.000911
20
-0.031496
30
0.000000
11
0.001859
21
-0.005265
31
0.000000
12
0.000792
22
-0.031490
32
0.000000
0
3DFACE
62
254
10
0.021009
20
0.029234
30
-0.000000
11
0.020602
21
0.029522
31
-0.000000
12
0.019361
22
0.028798
32
-0.000000
0
3DFACE
62
254
10
0.021411
20
0.028941
30
-0.000000
11
0.021009
21
0.029234
31
-0.000000
12
0.019361
22
0.028798
32
-0.000000
0
3DFACE
62
254
10
0.020390
20
0.024562
30
-0.000000
11
0.017187
21
0.026946
31
-0.000000
12
0.017103
22
0.026895
32
-0.000000
0
3DFACE
62
254
10
0.020427
20
0.024675
30
-0.000000
11
0.017264
21
0.027007
31
-0.000000
12
0.017187
22
0.026946
32
-0.000000
0
3DFACE
62
254
10
0.020427
20
0.024675
30
-0.000000
11
0.017187
21
0.026946
31
-0.000000
12
0.020390
22
0.024562
32
-0.000000
0
3DFACE
62
254
10
0.020370
20
0.024444
30
-0.000000
11
0.017103
21
0.026895
31
-0.000000
12
0.016983
22
0.026845
32
-0.000000
0
3DFACE
62
254
10
0.020370
20
0.024444
30
-0.000000
11
0.020390
21
0.024562
31
-0.000000
12
0.017103
22
0.026895
32
-0.000000
0
3DFACE
62
254
10
0.020482
20
0.024781
30
-0.000000
11
0.017725
21
0.027504
31
-0.000000
12
0.017332
22
0.027078
32
-0.000000
0
3DFACE
62
254
10
0.020482
20
0.024781
30
-0.000000
11
0.017332
21
0.027078
31
-0.000000
12
0.017264
22
0.027007
32
-0.000000
0
3DFACE
62
254
10
0.020482
20
0.024781
30
-0.000000
11
0.017264
21
0.027007
31
-0.000000
12
0.020427
22
0.024675
32
-0.000000
0
3DFACE
62
254
10
0.020369
20
0.024325
30
-0.000000
11
0.020370
21
0.024444
31
-0.000000
12
0.016983
22
0.026845
32
-0.000000
0
3DFACE
62
254
10
0.020369
20
0.024325
30
-0.000000
11
0.016983
21
0.026845
31
-0.000000
12
0.016857
22
0.026816
32
-0.000000
0
3DFACE
62
254
10
0.020387
20
0.024207
30
-0.000000
11
0.016857
21
0.026816
31
-0.000000
12
0.016727
22
0.026810
32
-0.000000
0
3DFACE
62
254
10
0.020387
20
0.024207
30
-0.000000
11
0.020369
21
0.024325
31
-0.000000
12
0.016857
22
0.026816
32
-0.000000
0
3DFACE
62
254
10
0.020423
20
0.024093
30
-0.000000
11
0.016727
21
0.026810
31
-0.000000
12
0.016598
22
0.026825
32
-0.000000
0
3DFACE
62
254
10
0.020423
20
0.024093
30
-0.000000
11
0.020387
21
0.024207
31
-0.000000
12
0.016727
22
0.026810
32
-0.000000
0
3DFACE
62
254
10
0.021004
20
0.025794
30
-0.000000
11
0.018206
21
0.027944
31
-0.000000
12
0.017725
22
0.027504
32
-0.000000
0
3DFACE
62
254
10
0.021004
20
0.025794
30
-0.000000
11
0.017725
21
0.027504
31
-0.000000
12
0.020482
22
0.024781
32
-0.000000
0
3DFACE
62
254
10
0.020476
20
0.023987
30
-0.000000
11
0.020423
21
0.024093
31
-0.000000
12
0.016598
22
0.026825
32
-0.000000
0
3DFACE
62
254
10
0.020476
20
0.023987
30
-0.000000
11
0.016598
21
0.026825
31
-0.000000
12
0.016474
22
0.026862
32
-0.000000
0
3DFACE
62
254
10
0.021391
20
0.026866
30
-0.000000
11
0.018206
21
0.027944
31
-0.000000
12
0.021004
22
0.025794
32
-0.000000
0
3DFACE
62
254
10
0.021391
20
0.026866
30
-0.000000
11
0.021810
21
0.028641
31
-0.000000
12
0.021411
22
0.028941
32
-0.000000
0
3DFACE
62
254
10
0.021391
20
0.026866
30
-0.000000
11
0.021411
21
0.028941
31
-0.000000
12
0.019361
22
0.028798
32
-0.000000
0
3DFACE
62
254
10
0.021391
20
0.026866
30
-0.000000
11
0.019361
21
0.028798
31
-0.000000
12
0.018206
22
0.027944
32
-0.000000
0
3DFACE
62
254
10
0.020546
20
0.023890
30
-0.000000
11
0.020476
21
0.023987
31
-0.000000
12
0.016474
22
0.026862
32
-0.000000
0
3DFACE
62
254
10
0.020546
20
0.023890
30
-0.000000
11
0.016474
21
0.026862
31
-0.000000
12
0.002947
22
0.004039
32
-0.000000
0
3DFACE
62
254
10
0.020630
20
0.023805
30
-0.000000
11
0.020546
21
0.023890
31
-0.000000
12
0.002947
22
0.004039
32
-0.000000
0
3DFACE
62
254
10
0.020630
20
0.023805
30
-0.000000
11
0.002947
21
0.004039
31
-0.000000
12
0.003590
22
0.003480
32
-0.000000
0
3DFACE
62
254
10
0.020762
20
0.023689
30
-0.000000
11
0.020630
21
0.023805
31
-0.000000
12
0.003590
22
0.003480
32
-0.000000
0
3DFACE
62
254
10
0.020894
20
0.023573
30
-0.000000
11
0.020762
21
0.023689
31
-0.000000
12
0.003590
22
0.003480
32
-0.000000
0
3DFACE
62
254
10
0.021026
20
0.023456
30
-0.000000
11
0.020894
21
0.023573
31
-0.000000
12
0.003590
22
0.003480
32
-0.000000
0
3DFACE
62
254
10
0.021131
20
0.023377
30
-0.000000
11
0.021026
21
0.023456
31
-0.000000
12
0.003590
22
0.003480
32
-0.000000
0
3DFACE
62
254
10
0.003674
20
-0.035812
30
0.000000
11
0.002291
21
-0.034266
31
0.000000
12
0.003178
22
-0.035859
32
0.000000
0
3DFACE
62
254
10
0.005504
20
-0.031340
30
0.000000
11
0.001414
21
-0.031788
31
0.000000
12
0.001479
22
-0.031888
32
0.000000
0
3DFACE
62
254
10
0.005504
20
-0.031340
30
0.000000
11
0.001479
21
-0.031888
31
0.000000
12
0.005462
22
-0.031451
32
0.000000
0
3DFACE
62
254
10
0.005438
20
-0.031568
30
0.000000
11
0.001479
21
-0.031888
31
0.000000
12
0.001528
22
-0.031997
32
0.000000
0
3DFACE
62
254
10
0.005438
20
-0.031568
30
0.000000
11
0.005462
21
-0.031451
31
0.000000
12
0.001479
22
-0.031888
32
0.000000
0
3DFACE
62
254
10
0.005562
20
-0.031236
30
0.000000
11
0.001414
21
-0.031788
31
0.000000
12
0.005504
22
-0.031340
32
0.000000
0
3DFACE
62
254
10
0.005562
20
-0.031236
30
0.000000
11
0.001335
21
-0.031699
31
0.000000
12
0.001414
22
-0.031788
32
0.000000
0
3DFACE
62
254
10
0.005562
20
-0.031236
30
0.000000
11
0.001242
21
-0.031624
31
0.000000
12
0.001335
22
-0.031699
32
0.000000
0
3DFACE
62
254
10
0.005433
20
-0.031687
30
0.000000
11
0.005438
21
-0.031568
31
0.000000
12
0.001528
22
-0.031997
32
0.000000
0
3DFACE
62
254
10
0.005433
20
-0.031687
30
0.000000
11
0.001528
21
-0.031997
31
0.000000
12
0.001558
22
-0.032112
32
0.000000
0
3DFACE
62
254
10
0.005636
20
-0.031142
30
0.000000
11
0.001242
21
-0.031624
31
0.000000
12
0.005562
22
-0.031236
32
0.000000
0
3DFACE
62
254
10
0.005724
20
-0.031062
30
0.000000
11
0.001242
21
-0.031624
31
0.000000
12
0.005636
22
-0.031142
32
0.000000
0
3DFACE
62
254
10
0.005724
20
-0.031062
30
0.000000
11
0.001139
21
-0.031564
31
0.000000
12
0.001242
22
-0.031624
32
0.000000
0
3DFACE
62
254
10
0.005824
20
-0.030996
30
0.000000
11
0.001139
21
-0.031564
31
0.000000
12
0.005724
22
-0.031062
32
0.000000
0
3DFACE
62
254
10
0.005824
20
-0.030996
30
0.000000
11
0.001028
21
-0.031521
31
0.000000
12
0.001139
22
-0.031564
32
0.000000
0
3DFACE
62
254
10
0.005824
20
-0.030996
30
0.000000
11
0.000911
21
-0.031496
31
0.000000
12
0.001028
22
-0.031521
32
0.000000
0
3DFACE
62
254
10
0.005431
20
-0.032267
30
0.000000
11
0.005433
21
-0.031687
31
0.000000
12
0.001558
22
-0.032112
32
0.000000
0
3DFACE
62
254
10
0.005431
20
-0.032267
30
0.000000
11
0.001558
21
-0.032112
31
0.000000
12
0.001855
22
-0.033212
32
0.000000
0
3DFACE
62
254
10
0.005932
20
-0.030946
30
0.000000
11
0.000911
21
-0.031496
31
0.000000
12
0.005824
22
-0.030996
32
0.000000
0
3DFACE
62
254
10
0.005932
20
-0.030946
30
0.000000
11
0.001859
21
-0.005265
31
0.000000
12
0.000911
22
-0.031496
32
0.000000
0
3DFACE
62
254
10
0.005371
20
-0.032916
30
0.000000
11
0.001855
21
-0.033212
31
0.000000
12
0.002291
22
-0.034266
32
0.000000
0
3DFACE
62
254
10
0.005371
20
-0.032916
30
0.000000
11
0.005431
21
-0.032267
31
0.000000
12
0.001855
22
-0.033212
32
0.000000
0
3DFACE
62
254
10
0.006047
20
-0.030914
30
0.000000
11
0.001859
21
-0.005265
31
0.000000
12
0.005932
22
-0.030946
32
0.000000
0
3DFACE
62
254
10
0.005093
20
-0.034325
30
0.000000
11
0.002291
21
-0.034266
31
0.000000
12
0.003674
22
-0.035812
32
0.000000
0
3DFACE
62
254
10
0.005093
20
-0.034325
30
0.000000
11
0.005371
21
-0.032916
31
0.000000
12
0.002291
22
-0.034266
32
0.000000
0
3DFACE
62
254
10
0.005093
20
-0.034325
30
0.000000
11
0.003674
21
-0.035812
31
0.000000
12
0.004169
22
-0.035758
32
0.000000
0
3DFACE
62
254
10
0.004664
20
-0.035697
30
0.000000
11
0.005093
21
-0.034325
31
0.000000
12
0.004169
22
-0.035758
32
0.000000
0
3DFACE
62
254
10
0.006220
20
-0.030880
30
0.000000
11
0.001859
21
-0.005265
31
0.000000
12
0.006047
22
-0.030914
32
0.000000
0
3DFACE
62
254
10
0.006392
20
-0.030845
30
0.000000
11
0.001859
21
-0.005265
31
0.000000
12
0.006220
22
-0.030880
32
0.000000
0
3DFACE
62
254
10
0.006565
20
-0.030808
30
0.000000
11
0.001859
21
-0.005265
31
0.000000
12
0.006392
22
-0.030845
32
0.000000
0
3DFACE
62
254
10
0.006683
20
-0.030793
30
0.000000
11
0.001859
21
-0.005265
31
0.000000
12
0.006565
22
-0.030808
32
0.000000
0
3DFACE
62
254
10
0.024515
20
0.020285
30
-0.000000
11
0.021762
21
0.023297
31
-0.000000
12
0.021634
22
0.023268
32
-0.000000
0
3DFACE
62
254
10
0.024556
20
0.020397
30
-0.000000
11
0.021762
21
0.023297
31
-0.000000
12
0.024515
22
0.020285
32
-0.000000
0
3DFACE
62
254
10
0.024556
20
0.020397
30
-0.000000
11
0.021883
21
0.023347
31
-0.000000
12
0.021762
22
0.023297
32
-0.000000
0
3DFACE
62
254
10
0.024492
20
0.020168
30
-0.000000
11
0.024515
21
0.020285
31
-0.000000
12
0.021634
22
0.023268
32
-0.000000
0
3DFACE
62
254
10
0.024492
20
0.020168
30
-0.000000
11
0.021634
21
0.023268
31
-0.000000
12
0.021503
22
0.023262
32
-0.000000
0
3DFACE
62
254
10
0.024613
20
0.020501
30
-0.000000
11
0.021883
21
0.023347
31
-0.000000
12
0.024556
22
0.020397
32
-0.000000
0
3DFACE
62
254
10
0.024613
20
0.020501
30
-0.000000
11
0.021928
21
0.023372
31
-0.000000
12
0.021883
22
0.023347
32
-0.000000
0
3DFACE
62
254
10
0.024613
20
0.020501
30
-0.000000
11
0.021972
21
0.023401
31
-0.000000
12
0.021928
22
0.023372
32
-0.000000
0
3DFACE
62
254
10
0.024488
20
0.020049
30
-0.000000
11
0.024492
21
0.020168
31
-0.000000
12
0.021503
22
0.023262
32
-0.000000
0
3DFACE
62
254
10
0.024488
20
0.020049
30
-0.000000
11
0.021503
21
0.023262
31
-0.000000
12
0.021373
22
0.023279
32
-0.000000
0
3DFACE
62
254
10
0.026023
20
0.024876
30
-0.000000
11
0.025676
21
0.025234
31
-0.000000
12
0.024323
22
0.024750
32
-0.000000
0
3DFACE
62
254
10
0.024687
20
0.020595
30
-0.000000
11
0.021972
21
0.023401
31
-0.000000
12
0.024613
22
0.020501
32
-0.000000
0
3DFACE
62
254
10
0.024687
20
0.020595
30
-0.000000
11
0.022477
21
0.023779
31
-0.000000
12
0.022013
22
0.023432
32
-0.000000
0
3DFACE
62
254
10
0.024687
20
0.020595
30
-0.000000
11
0.022013
21
0.023432
31
-0.000000
12
0.021972
22
0.023401
32
-0.000000
0
3DFACE
62
254
10
0.024502
20
0.019930
30
-0.000000
11
0.024488
21
0.020049
31
-0.000000
12
0.021373
22
0.023279
32
-0.000000
0
3DFACE
62
254
10
0.024502
20
0.019930
30
-0.000000
11
0.021373
21
0.023279
31
-0.000000
12
0.021248
22
0.023317
32
-0.000000
0
3DFACE
62
254
10
0.024535
20
0.019816
30
-0.000000
11
0.024502
21
0.019930
31
-0.000000
12
0.021248
22
0.023317
32
-0.000000
0
3DFACE
62
254
10
0.024535
20
0.019816
30
-0.000000
11
0.021248
21
0.023317
31
-0.000000
12
0.021131
22
0.023377
32
-0.000000
0
3DFACE
62
254
10
0.024586
20
0.019708
30
-0.000000
11
0.024535
21
0.019816
31
-0.000000
12
0.021131
22
0.023377
32
-0.000000
0
3DFACE
62
254
10
0.024586
20
0.019708
30
-0.000000
11
0.021131
21
0.023377
31
-0.000000
12
0.003590
22
0.003480
32
-0.000000
0
3DFACE
62
254
10
0.024652
20
0.019609
30
-0.000000
11
0.024586
21
0.019708
31
-0.000000
12
0.003590
22
0.003480
32
-0.000000
0
3DFACE
62
254
10
0.024652
20
0.019609
30
-0.000000
11
0.003590
21
0.003480
31
-0.000000
12
0.004129
22
0.002820
32
-0.000000
0
3DFACE
62
254
10
0.025386
20
0.021495
30
-0.000000
11
0.023031
21
0.024122
31
-0.000000
12
0.022477
22
0.023779
32
-0.000000
0
3DFACE
62
254
10
0.025386
20
0.021495
30
-0.000000
11
0.022477
21
0.023779
31
-0.000000
12
0.024687
22
0.020595
32
-0.000000
0
3DFACE
62
254
10
0.024762
20
0.019471
30
-0.000000
11
0.024652
21
0.019609
31
-0.000000
12
0.004129
22
0.002820
32
-0.000000
0
3DFACE
62
254
10
0.026365
20
0.024513
30
-0.000000
11
0.026023
21
0.024876
31
-0.000000
12
0.024323
22
0.024750
32
-0.000000
0
3DFACE
62
254
10
0.024870
20
0.019332
30
-0.000000
11
0.024762
21
0.019471
31
-0.000000
12
0.004129
22
0.002820
32
-0.000000
0
3DFACE
62
254
10
0.025964
20
0.022478
30
-0.000000
11
0.023031
21
0.024122
31
-0.000000
12
0.025386
22
0.021495
32
-0.000000
0
3DFACE
62
254
10
0.025964
20
0.022478
30
-0.000000
11
0.026365
21
0.024513
31
-0.000000
12
0.024323
22
0.024750
32
-0.000000
0
3DFACE
62
254
10
0.025964
20
0.022478
30
-0.000000
11
0.024323
21
0.024750
31
-0.000000
12
0.023031
22
0.024122
32
-0.000000
0
3DFACE
62
254
10
0.024978
20
0.019193
30
-0.000000
11
0.024870
21
0.019332
31
-0.000000
12
0.004129
22
0.002820
32
-0.000000
0
3DFACE
62
254
10
0.025067
20
0.019095
30
-0.000000
11
0.024978
21
0.019193
31
-0.000000
12
0.004129
22
0.002820
32
-0.000000
0
3DFACE
62
254
10
0.026701
20
0.024146
30
-0.000000
11
0.026365
21
0.024513
31
-0.000000
12
0.025964
22
0.022478
32
-0.000000
0
3DFACE
62
254
10
0.011169
20
-0.029795
30
0.000000
11
0.007137
21
-0.030914
31
0.000000
12
0.007231
22
-0.030987
32
0.000000
0
3DFACE
62
254
10
0.011207
20
-0.029682
30
0.000000
11
0.007137
21
-0.030914
31
0.000000
12
0.011169
22
-0.029795
32
0.000000
0
3DFACE
62
254
10
0.011148
20
-0.029912
30
0.000000
11
0.011169
21
-0.029795
31
0.000000
12
0.007231
22
-0.030987
32
0.000000
0
3DFACE
62
254
10
0.011148
20
-0.029912
30
0.000000
11
0.007231
21
-0.030987
31
0.000000
12
0.007313
22
-0.031073
32
0.000000
0
3DFACE
62
254
10
0.011263
20
-0.029576
30
0.000000
11
0.007137
21
-0.030914
31
0.000000
12
0.011207
22
-0.029682
32
0.000000
0
3DFACE
62
254
10
0.011263
20
-0.029576
30
0.000000
11
0.007032
21
-0.030857
31
0.000000
12
0.007137
22
-0.030914
32
0.000000
0
3DFACE
62
254
10
0.011146
20
-0.030031
30
0.000000
11
0.011148
21
-0.029912
31
0.000000
12
0.007313
22
-0.031073
32
0.000000
0
3DFACE
62
254
10
0.011146
20
-0.030031
30
0.000000
11
0.007313
21
-0.031073
31
0.000000
12
0.007381
22
-0.031171
32
0.000000
0
3DFACE
62
254
10
0.011334
20
-0.029481
30
0.000000
11
0.007032
21
-0.030857
31
0.000000
12
0.011263
22
-0.029576
32
0.000000
0
3DFACE
62
254
10
0.011334
20
-0.029481
30
0.000000
11
0.006919
21
-0.030817
31
0.000000
12
0.007032
22
-0.030857
32
0.000000
0
3DFACE
62
254
10
0.011163
20
-0.030149
30
0.000000
11
0.011146
21
-0.030031
31
0.000000
12
0.007381
22
-0.031171
32
0.000000
0
3DFACE
62
254
10
0.011163
20
-0.030149
30
0.000000
11
0.007381
21
-0.031171
31
0.000000
12
0.007432
22
-0.031279
32
0.000000
0
3DFACE
62
254
10
0.011420
20
-0.029398
30
0.000000
11
0.006919
21
-0.030817
31
0.000000
12
0.011334
22
-0.029481
32
0.000000
0
3DFACE
62
254
10
0.011420
20
-0.029398
30
0.000000
11
0.006802
21
-0.030796
31
0.000000
12
0.006919
22
-0.030817
32
0.000000
0
3DFACE
62
254
10
0.011517
20
-0.029329
30
0.000000
11
0.001859
21
-0.005265
31
0.000000
12
0.006683
22
-0.030793
32
0.000000
0
3DFACE
62
254
10
0.011517
20
-0.029329
30
0.000000
11
0.006802
21
-0.030796
31
0.000000
12
0.011420
22
-0.029398
32
0.000000
0
3DFACE
62
254
10
0.011517
20
-0.029329
30
0.000000
11
0.006683
21
-0.030793
31
0.000000
12
0.006802
22
-0.030796
32
0.000000
0
3DFACE
62
254
10
0.011624
20
-0.029277
30
0.000000
11
0.001859
21
-0.005265
31
0.000000
12
0.011517
22
-0.029329
32
0.000000
0
3DFACE
62
254
10
0.011267
20
-0.030720
30
0.000000
11
0.011163
21
-0.030149
31
0.000000
12
0.007432
22
-0.031279
32
0.000000
0
3DFACE
62
254
10
0.011267
20
-0.030720
30
0.000000
11
0.007432
21
-0.031279
31
0.000000
12
0.007926
22
-0.032306
32
0.000000
0
3DFACE
62
254
10
0.011788
20
-0.029211
30
0.000000
11
0.001859
21
-0.005265
31
0.000000
12
0.011624
22
-0.029277
32
0.000000
0
3DFACE
62
254
10
0.010192
20
-0.034527
30
0.000000
11
0.008548
21
-0.033261
31
0.000000
12
0.009713
22
-0.034665
32
0.000000
0
3DFACE
62
254
10
0.011951
20
-0.029145
30
0.000000
11
0.001859
21
-0.005265
31
0.000000
12
0.011788
22
-0.029211
32
0.000000
0
3DFACE
62
254
10
0.011328
20
-0.031369
30
0.000000
11
0.011267
21
-0.030720
31
0.000000
12
0.007926
22
-0.032306
32
0.000000
0
3DFACE
62
254
10
0.011328
20
-0.031369
30
0.000000
11
0.007926
21
-0.032306
31
0.000000
12
0.008548
22
-0.033261
32
0.000000
0
3DFACE
62
254
10
0.012114
20
-0.029078
30
0.000000
11
0.001859
21
-0.005265
31
0.000000
12
0.011951
22
-0.029145
32
0.000000
0
3DFACE
62
254
10
0.012227
20
-0.029040
30
0.000000
11
0.001859
21
-0.005265
31
0.000000
12
0.012114
22
-0.029078
32
0.000000
0
3DFACE
62
254
10
0.011313
20
-0.032805
30
0.000000
11
0.011328
21
-0.031369
31
0.000000
12
0.008548
22
-0.033261
32
0.000000
0
3DFACE
62
254
10
0.011313
20
-0.032805
30
0.000000
11
0.008548
21
-0.033261
31
0.000000
12
0.010192
22
-0.034527
32
0.000000
0
3DFACE
62
254
10
0.011313
20
-0.032805
30
0.000000
11
0.010192
21
-0.034527
31
0.000000
12
0.010669
22
-0.034383
32
0.000000
0
3DFACE
62
254
10
0.011144
20
-0.034232
30
0.000000
11
0.011313
21
-0.032805
31
0.000000
12
0.010669
22
-0.034383
32
0.000000
0
3DFACE
62
254
10
0.027781
20
0.015324
30
-0.000000
11
0.025547
21
0.018896
31
-0.000000
12
0.025416
22
0.018914
32
-0.000000
0
3DFACE
62
254
10
0.027825
20
0.015435
30
-0.000000
11
0.025679
21
0.018902
31
-0.000000
12
0.025547
22
0.018896
32
-0.000000
0
3DFACE
62
254
10
0.027825
20
0.015435
30
-0.000000
11
0.025547
21
0.018896
31
-0.000000
12
0.027781
22
0.015324
32
-0.000000
0
3DFACE
62
254
10
0.027755
20
0.015208
30
-0.000000
11
0.027781
21
0.015324
31
-0.000000
12
0.025416
22
0.018914
32
-0.000000
0
3DFACE
62
254
10
0.027755
20
0.015208
30
-0.000000
11
0.025416
21
0.018914
31
-0.000000
12
0.025290
22
0.018954
32
-0.000000
0
3DFACE
62
254
10
0.027885
20
0.015538
30
-0.000000
11
0.025808
21
0.018931
31
-0.000000
12
0.025679
22
0.018902
32
-0.000000
0
3DFACE
62
254
10
0.027885
20
0.015538
30
-0.000000
11
0.025679
21
0.018902
31
-0.000000
12
0.027825
22
0.015435
32
-0.000000
0
3DFACE
62
254
10
0.027747
20
0.015089
30
-0.000000
11
0.025290
21
0.018954
31
-0.000000
12
0.025172
22
0.019015
32
-0.000000
0
3DFACE
62
254
10
0.027747
20
0.015089
30
-0.000000
11
0.027755
21
0.015208
31
-0.000000
12
0.025290
22
0.018954
32
-0.000000
0
3DFACE
62
254
10
0.027961
20
0.015630
30
-0.000000
11
0.025808
21
0.018931
31
-0.000000
12
0.027885
22
0.015538
32
-0.000000
0
3DFACE
62
254
10
0.027961
20
0.015630
30
-0.000000
11
0.025931
21
0.018981
31
-0.000000
12
0.025808
22
0.018931
32
-0.000000
0
3DFACE
62
254
10
0.027759
20
0.014970
30
-0.000000
11
0.027747
21
0.015089
31
-0.000000
12
0.025172
22
0.019015
32
-0.000000
0
3DFACE
62
254
10
0.027759
20
0.014970
30
-0.000000
11
0.025172
21
0.019015
31
-0.000000
12
0.025067
22
0.019095
32
-0.000000
0
3DFACE
62
254
10
0.028051
20
0.015709
30
-0.000000
11
0.025931
21
0.018981
31
-0.000000
12
0.027961
22
0.015630
32
-0.000000
0
3DFACE
62
254
10
0.028051
20
0.015709
30
-0.000000
11
0.026464
21
0.019244
31
-0.000000
12
0.025943
22
0.018988
32
-0.000000
0
3DFACE
62
254
10
0.028051
20
0.015709
30
-0.000000
11
0.025935
21
0.018983
31
-0.000000
12
0.025931
22
0.018981
32
-0.000000
0
3DFACE
62
254
10
0.028051
20
0.015709
30
-0.000000
11
0.025939
21
0.018986
31
-0.000000
12
0.025935
22
0.018983
32
-0.000000
0
3DFACE
62
254
10
0.028051
20
0.015709
30
-0.000000
11
0.025943
21
0.018988
31
-0.000000
12
0.025939
22
0.018986
32
-0.000000
0
3DFACE
62
254
10
0.027788
20
0.014855
30
-0.000000
11
0.027759
21
0.014970
31
-0.000000
12
0.025067
22
0.019095
32
-0.000000
0
3DFACE
62
254
10
0.027788
20
0.014855
30
-0.000000
11
0.025067
21
0.019095
31
-0.000000
12
0.004129
22
0.002820
32
-0.000000
0
3DFACE
62
254
10
0.027836
20
0.014745
30
-0.000000
11
0.027788
21
0.014855
31
-0.000000
12
0.004129
22
0.002820
32
-0.000000
0
3DFACE
62
254
10
0.027836
20
0.014745
30
-0.000000
11
0.004129
21
0.002820
31
-0.000000
12
0.004548
22
0.002078
32
-0.000000
0
3DFACE
62
254
10
0.027918
20
0.014589
30
-0.000000
11
0.027836
21
0.014745
31
-0.000000
12
0.004548
22
0.002078
32
-0.000000
0
3DFACE
62
254
10
0.027999
20
0.014433
30
-0.000000
11
0.027918
21
0.014589
31
-0.000000
12
0.004548
22
0.002078
32
-0.000000
0
3DFACE
62
254
10
0.028079
20
0.014276
30
-0.000000
11
0.027999
21
0.014433
31
-0.000000
12
0.004548
22
0.002078
32
-0.000000
0
3DFACE
62
254
10
0.028141
20
0.014174
30
-0.000000
11
0.028079
21
0.014276
31
-0.000000
12
0.004548
22
0.002078
32
-0.000000
0
3DFACE
62
254
10
0.028904
20
0.016464
30
-0.000000
11
0.027071
21
0.019480
31
-0.000000
12
0.026464
22
0.019244
32
-0.000000
0
3DFACE
62
254
10
0.028904
20
0.016464
30
-0.000000
11
0.026464
21
0.019244
31
-0.000000
12
0.028051
22
0.015709
32
-0.000000
0
3DFACE
62
254
10
0.030151
20
0.019671
30
-0.000000
11
0.029875
21
0.020086
31
-0.000000
12
0.028457
22
0.019859
32
-0.000000
0
3DFACE
62
254
10
0.029652
20
0.017324
30
-0.000000
11
0.028457
21
0.019859
31
-0.000000
12
0.027071
22
0.019480
32
-0.000000
0
3DFACE
62
254
10
0.029652
20
0.017324
30
-0.000000
11
0.027071
21
0.019480
31
-0.000000
12
0.028904
22
0.016464
32
-0.000000
0
3DFACE
62
254
10
0.030420
20
0.019252
30
-0.000000
11
0.028457
21
0.019859
31
-0.000000
12
0.029652
22
0.017324
32
-0.000000
0
3DFACE
62
254
10
0.030420
20
0.019252
30
-0.000000
11
0.030151
21
0.019671
31
-0.000000
12
0.028457
22
0.019859
32
-0.000000
0
3DFACE
62
254
10
0.030684
20
0.018829
30
-0.000000
11
0.030420
21
0.019252
31
-0.000000
12
0.029652
22
0.017324
32
-0.000000
0
3DFACE
62
254
10
0.016470
20
-0.027117
30
0.000000
11
0.012696
21
-0.029076
31
0.000000
12
0.012802
22
-0.029130
32
0.000000
0
3DFACE
62
254
10
0.016470
20
-0.027117
30
0.000000
11
0.012582
21
-0.029040
31
0.000000
12
0.012696
22
-0.029076
32
0.000000
0
3DFACE
62
254
10
0.016470
20
-0.027117
30
0.000000
11
0.016506
21
-0.027003
31
0.000000
12
0.012582
22
-0.029040
32
0.000000
0
3DFACE
62
254
10
0.016559
20
-0.026896
30
0.000000
11
0.012464
21
-0.029021
31
0.000000
12
0.012582
22
-0.029040
32
0.000000
0
3DFACE
62
254
10
0.016559
20
-0.026896
30
0.000000
11
0.012582
21
-0.029040
31
0.000000
12
0.016506
22
-0.027003
32
0.000000
0
3DFACE
62
254
10
0.016453
20
-0.027235
30
0.000000
11
0.016470
21
-0.027117
31
0.000000
12
0.012802
22
-0.029130
32
0.000000
0
3DFACE
62
254
10
0.016627
20
-0.026799
30
0.000000
11
0.012464
21
-0.029021
31
0.000000
12
0.016559
22
-0.026896
32
0.000000
0
3DFACE
62
254
10
0.016627
20
-0.026799
30
0.000000
11
0.012345
21
-0.029022
31
0.000000
12
0.012464
22
-0.029021
32
0.000000
0
3DFACE
62
254
10
0.016455
20
-0.027354
30
0.000000
11
0.012802
21
-0.029130
31
0.000000
12
0.012899
22
-0.029200
32
0.000000
0
3DFACE
62
254
10
0.016455
20
-0.027354
30
0.000000
11
0.016453
21
-0.027235
31
0.000000
12
0.012802
22
-0.029130
32
0.000000
0
3DFACE
62
254
10
0.016711
20
-0.026713
30
0.000000
11
0.012227
21
-0.029040
31
0.000000
12
0.012345
22
-0.029022
32
0.000000
0
3DFACE
62
254
10
0.016711
20
-0.026713
30
0.000000
11
0.003236
21
-0.004551
31
0.000000
12
0.001859
22
-0.005265
32
0.000000
0
3DFACE
62
254
10
0.016711
20
-0.026713
30
0.000000
11
0.001859
21
-0.005265
31
0.000000
12
0.012227
22
-0.029040
32
0.000000
0
3DFACE
62
254
10
0.016711
20
-0.026713
30
0.000000
11
0.012345
21
-0.029022
31
0.000000
12
0.016627
22
-0.026799
32
0.000000
0
3DFACE
62
254
10
0.016475
20
-0.027472
30
0.000000
11
0.012983
21
-0.029284
31
0.000000
12
0.013053
22
-0.029381
32
0.000000
0
3DFACE
62
254
10
0.016475
20
-0.027472
30
0.000000
11
0.012899
21
-0.029200
31
0.000000
12
0.012983
22
-0.029284
32
0.000000
0
3DFACE
62
254
10
0.016475
20
-0.027472
30
0.000000
11
0.016455
21
-0.027354
31
0.000000
12
0.012899
22
-0.029200
32
0.000000
0
3DFACE
62
254
10
0.016806
20
-0.026642
30
0.000000
11
0.003236
21
-0.004551
31
0.000000
12
0.016711
22
-0.026713
32
0.000000
0
3DFACE
62
254
10
0.016513
20
-0.027585
30
0.000000
11
0.016475
21
-0.027472
31
0.000000
12
0.013053
22
-0.029381
32
0.000000
0
3DFACE
62
254
10
0.016955
20
-0.026548
30
0.000000
11
0.003236
21
-0.004551
31
0.000000
12
0.016806
22
-0.026642
32
0.000000
0
3DFACE
62
254
10
0.017103
20
-0.026453
30
0.000000
11
0.003236
21
-0.004551
31
0.000000
12
0.016955
22
-0.026548
32
0.000000
0
3DFACE
62
254
10
0.017251
20
-0.026357
30
0.000000
11
0.003236
21
-0.004551
31
0.000000
12
0.017103
22
-0.026453
32
0.000000
0
3DFACE
62
254
10
0.016720
20
-0.028126
30
0.000000
11
0.013053
21
-0.029381
31
0.000000
12
0.013727
22
-0.030299
32
0.000000
0
3DFACE
62
254
10
0.016720
20
-0.028126
30
0.000000
11
0.016513
21
-0.027585
31
0.000000
12
0.013053
22
-0.029381
32
0.000000
0
3DFACE
62
254
10
0.017355
20
-0.026299
30
0.000000
11
0.003236
21
-0.004551
31
0.000000
12
0.017251
22
-0.026357
32
0.000000
0
3DFACE
62
254
10
0.016899
20
-0.028753
30
0.000000
11
0.016720
21
-0.028126
31
0.000000
12
0.013727
22
-0.030299
32
0.000000
0
3DFACE
62
254
10
0.016899
20
-0.028753
30
0.000000
11
0.013727
21
-0.030299
31
0.000000
12
0.014515
22
-0.031124
32
0.000000
0
3DFACE
62
254
10
0.016363
20
-0.032067
30
0.000000
11
0.014515
21
-0.031124
31
0.000000
12
0.015917
22
-0.032290
32
0.000000
0
3DFACE
62
254
10
0.017148
20
-0.030168
30
0.000000
11
0.016899
21
-0.028753
31
0.000000
12
0.014515
22
-0.031124
32
0.000000
0
3DFACE
62
254
10
0.017148
20
-0.030168
30
0.000000
11
0.014515
21
-0.031124
31
0.000000
12
0.016363
22
-0.032067
32
0.000000
0
3DFACE
62
254
10
0.016805
20
-0.031837
30
0.000000
11
0.017148
21
-0.030168
31
0.000000
12
0.016363
22
-0.032067
32
0.000000
0
3DFACE
62
254
10
0.030077
20
0.009849
30
-0.000000
11
0.028411
21
0.013944
31
-0.000000
12
0.028309
22
0.014006
32
-0.000000
0
3DFACE
62
254
10
0.030048
20
0.009733
30
-0.000000
11
0.028309
21
0.014006
31
-0.000000
12
0.028219
22
0.014084
32
-0.000000
0
3DFACE
62
254
10
0.030048
20
0.009733
30
-0.000000
11
0.030077
21
0.009849
31
-0.000000
12
0.028309
22
0.014006
32
-0.000000
0
3DFACE
62
254
10
0.030124
20
0.009959
30
-0.000000
11
0.028521
21
0.013898
31
-0.000000
12
0.028411
22
0.013944
32
-0.000000
0
3DFACE
62
254
10
0.030124
20
0.009959
30
-0.000000
11
0.028411
21
0.013944
31
-0.000000
12
0.030077
22
0.009849
32
-0.000000
0
3DFACE
62
254
10
0.030037
20
0.009615
30
-0.000000
11
0.030048
21
0.009733
31
-0.000000
12
0.028219
22
0.014084
32
-0.000000
0
3DFACE
62
254
10
0.030187
20
0.010059
30
-0.000000
11
0.028637
21
0.013870
31
-0.000000
12
0.028521
22
0.013898
32
-0.000000
0
3DFACE
62
254
10
0.030187
20
0.010059
30
-0.000000
11
0.028521
21
0.013898
31
-0.000000
12
0.030124
22
0.009959
32
-0.000000
0
3DFACE
62
254
10
0.030045
20
0.009496
30
-0.000000
11
0.028219
21
0.014084
31
-0.000000
12
0.028141
22
0.014174
32
-0.000000
0
3DFACE
62
254
10
0.030045
20
0.009496
30
-0.000000
11
0.030037
21
0.009615
31
-0.000000
12
0.028219
22
0.014084
32
-0.000000
0
3DFACE
62
254
10
0.030045
20
0.009496
30
-0.000000
11
0.028141
21
0.014174
31
-0.000000
12
0.004548
22
0.002078
32
-0.000000
0
3DFACE
62
254
10
0.030266
20
0.010149
30
-0.000000
11
0.028756
21
0.013861
31
-0.000000
12
0.028637
22
0.013870
32
-0.000000
0
3DFACE
62
254
10
0.030266
20
0.010149
30
-0.000000
11
0.028637
21
0.013870
31
-0.000000
12
0.030187
22
0.010059
32
-0.000000
0
3DFACE
62
254
10
0.030071
20
0.009379
30
-0.000000
11
0.030045
21
0.009496
31
-0.000000
12
0.004548
22
0.002078
32
-0.000000
0
3DFACE
62
254
10
0.030071
20
0.009379
30
-0.000000
11
0.004548
21
0.002078
31
-0.000000
12
0.004834
22
0.001276
32
-0.000000
0
3DFACE
62
254
10
0.030357
20
0.010226
30
-0.000000
11
0.028875
21
0.013870
31
-0.000000
12
0.028756
22
0.013861
32
-0.000000
0
3DFACE
62
254
10
0.030357
20
0.010226
30
-0.000000
11
0.028756
21
0.013861
31
-0.000000
12
0.030266
22
0.010149
32
-0.000000
0
3DFACE
62
254
10
0.030460
20
0.010287
30
-0.000000
11
0.029549
21
0.014054
31
-0.000000
12
0.028991
22
0.013898
32
-0.000000
0
3DFACE
62
254
10
0.030460
20
0.010287
30
-0.000000
11
0.028991
21
0.013898
31
-0.000000
12
0.028875
22
0.013870
32
-0.000000
0
3DFACE
62
254
10
0.030460
20
0.010287
30
-0.000000
11
0.028875
21
0.013870
31
-0.000000
12
0.030357
22
0.010226
32
-0.000000
0
3DFACE
62
254
10
0.030123
20
0.009211
30
-0.000000
11
0.030071
21
0.009379
31
-0.000000
12
0.004834
22
0.001276
32
-0.000000
0
3DFACE
62
254
10
0.017244
20
-0.031601
30
0.000000
11
0.017148
21
-0.030168
31
0.000000
12
0.016805
22
-0.031837
32
0.000000
0
3DFACE
62
254
10
0.030174
20
0.009042
30
-0.000000
11
0.030123
21
0.009211
31
-0.000000
12
0.004834
22
0.001276
32
-0.000000
0
3DFACE
62
254
10
0.030224
20
0.008874
30
-0.000000
11
0.030174
21
0.009042
31
-0.000000
12
0.004834
22
0.001276
32
-0.000000
0
3DFACE
62
254
10
0.030267
20
0.008762
30
-0.000000
11
0.030224
21
0.008874
31
-0.000000
12
0.004834
22
0.001276
32
-0.000000
0
3DFACE
62
254
10
0.031437
20
0.010873
30
-0.000000
11
0.030190
21
0.014174
31
-0.000000
12
0.029549
22
0.014054
32
-0.000000
0
3DFACE
62
254
10
0.031437
20
0.010873
30
-0.000000
11
0.029549
21
0.014054
31
-0.000000
12
0.030460
22
0.010287
32
-0.000000
0
3DFACE
62
254
10
0.021187
20
-0.023511
30
0.000000
11
0.021219
21
-0.023396
31
0.000000
12
0.017585
22
-0.026237
32
0.000000
0
3DFACE
62
254
10
0.021187
20
-0.023511
30
0.000000
11
0.017585
21
-0.026237
31
0.000000
12
0.017704
22
-0.026233
32
0.000000
0
3DFACE
62
254
10
0.021269
20
-0.023287
30
0.000000
11
0.017585
21
-0.026237
31
0.000000
12
0.021219
22
-0.023396
32
0.000000
0
3DFACE
62
254
10
0.021269
20
-0.023287
30
0.000000
11
0.017467
21
-0.026259
31
0.000000
12
0.017585
22
-0.026237
32
0.000000
0
3DFACE
62
254
10
0.021269
20
-0.023287
30
0.000000
11
0.017355
21
-0.026299
31
0.000000
12
0.017467
22
-0.026259
32
0.000000
0
3DFACE
62
254
10
0.021173
20
-0.023629
30
0.000000
11
0.021187
21
-0.023511
31
0.000000
12
0.017704
22
-0.026233
32
0.000000
0
3DFACE
62
254
10
0.021173
20
-0.023629
30
0.000000
11
0.017822
21
-0.026248
31
0.000000
12
0.017937
22
-0.026282
32
0.000000
0
3DFACE
62
254
10
0.021173
20
-0.023629
30
0.000000
11
0.017704
21
-0.026233
31
0.000000
12
0.017822
22
-0.026248
32
0.000000
0
3DFACE
62
254
10
0.032330
20
0.011581
30
-0.000000
11
0.031621
21
0.014292
31
-0.000000
12
0.030190
22
0.014174
32
-0.000000
0
3DFACE
62
254
10
0.032330
20
0.011581
30
-0.000000
11
0.030190
21
0.014174
31
-0.000000
12
0.031437
22
0.010873
32
-0.000000
0
3DFACE
62
254
10
0.021335
20
-0.023188
30
0.000000
11
0.003236
21
-0.004551
31
0.000000
12
0.017355
22
-0.026299
32
0.000000
0
3DFACE
62
254
10
0.021335
20
-0.023188
30
0.000000
11
0.017355
21
-0.026299
31
0.000000
12
0.021269
22
-0.023287
32
0.000000
0
3DFACE
62
254
10
0.021178
20
-0.023748
30
0.000000
11
0.021173
21
-0.023629
31
0.000000
12
0.017937
22
-0.026282
32
0.000000
0
3DFACE
62
254
10
0.021415
20
-0.023100
30
0.000000
11
0.003236
21
-0.004551
31
0.000000
12
0.021335
22
-0.023188
32
0.000000
0
3DFACE
62
254
10
0.021201
20
-0.023865
30
0.000000
11
0.021178
21
-0.023748
31
0.000000
12
0.017937
22
-0.026282
32
0.000000
0
3DFACE
62
254
10
0.021201
20
-0.023865
30
0.000000
11
0.017937
21
-0.026282
31
0.000000
12
0.018044
22
-0.026333
32
0.000000
0
3DFACE
62
254
10
0.021544
20
-0.022980
30
0.000000
11
0.003236
21
-0.004551
31
0.000000
12
0.021415
22
-0.023100
32
0.000000
0
3DFACE
62
254
10
0.021242
20
-0.023977
30
0.000000
11
0.021201
21
-0.023865
31
0.000000
12
0.018044
22
-0.026333
32
0.000000
0
3DFACE
62
254
10
0.021242
20
-0.023977
30
0.000000
11
0.018143
21
-0.026400
31
0.000000
12
0.018230
22
-0.026482
32
0.000000
0
3DFACE
62
254
10
0.021242
20
-0.023977
30
0.000000
11
0.018044
21
-0.026333
31
0.000000
12
0.018143
22
-0.026400
32
0.000000
0
3DFACE
62
254
10
0.033252
20
0.013796
30
-0.000000
11
0.033058
21
0.014255
31
-0.000000
12
0.031621
22
0.014292
32
-0.000000
0
3DFACE
62
254
10
0.021672
20
-0.022859
30
0.000000
11
0.003236
21
-0.004551
31
0.000000
12
0.021544
22
-0.022980
32
0.000000
0
3DFACE
62
254
10
0.021301
20
-0.024081
30
0.000000
11
0.021242
21
-0.023977
31
0.000000
12
0.018230
22
-0.026482
32
0.000000
0
3DFACE
62
254
10
0.021800
20
-0.022738
30
0.000000
11
0.003236
21
-0.004551
31
0.000000
12
0.021672
22
-0.022859
32
0.000000
0
3DFACE
62
254
10
0.021892
20
-0.022662
30
0.000000
11
0.003236
21
-0.004551
31
0.000000
12
0.021800
22
-0.022738
32
0.000000
0
3DFACE
62
254
10
0.033440
20
0.013334
30
-0.000000
11
0.033252
21
0.013796
31
-0.000000
12
0.031621
22
0.014292
32
-0.000000
0
3DFACE
62
254
10
0.033440
20
0.013334
30
-0.000000
11
0.031621
21
0.014292
31
-0.000000
12
0.032330
22
0.011581
32
-0.000000
0
3DFACE
62
254
10
0.021604
20
-0.024575
30
0.000000
11
0.021301
21
-0.024081
31
0.000000
12
0.018230
22
-0.026482
32
0.000000
0
3DFACE
62
254
10
0.021604
20
-0.024575
30
0.000000
11
0.018230
21
-0.026482
31
0.000000
12
0.019061
22
-0.027261
32
0.000000
0
3DFACE
62
254
10
0.033621
20
0.012870
30
-0.000000
11
0.033440
21
0.013334
31
-0.000000
12
0.032330
22
0.011581
32
-0.000000
0
3DFACE
62
254
10
0.021895
20
-0.025158
30
0.000000
11
0.021604
21
-0.024575
31
0.000000
12
0.019061
22
-0.027261
32
0.000000
0
3DFACE
62
254
10
0.021895
20
-0.025158
30
0.000000
11
0.019061
21
-0.027261
31
0.000000
12
0.019986
22
-0.027927
32
0.000000
0
3DFACE
62
254
10
0.031292
20
0.003932
30
-0.000000
11
0.031324
21
0.004046
31
-0.000000
12
0.030401
22
0.008566
32
-0.000000
0
3DFACE
62
254
10
0.031292
20
0.003932
30
-0.000000
11
0.030326
21
0.008659
31
-0.000000
12
0.030267
22
0.008762
32
-0.000000
0
3DFACE
62
254
10
0.031292
20
0.003932
30
-0.000000
11
0.030401
21
0.008566
31
-0.000000
12
0.030326
22
0.008659
32
-0.000000
0
3DFACE
62
254
10
0.031374
20
0.004155
30
-0.000000
11
0.030401
21
0.008566
31
-0.000000
12
0.031324
22
0.004046
32
-0.000000
0
3DFACE
62
254
10
0.031374
20
0.004155
30
-0.000000
11
0.030489
21
0.008486
31
-0.000000
12
0.030401
22
0.008566
32
-0.000000
0
3DFACE
62
254
10
0.031278
20
0.003813
30
-0.000000
11
0.031292
21
0.003932
31
-0.000000
12
0.030267
22
0.008762
32
-0.000000
0
3DFACE
62
254
10
0.031278
20
0.003813
30
-0.000000
11
0.030267
21
0.008762
31
-0.000000
12
0.004834
22
0.001276
32
-0.000000
0
3DFACE
62
254
10
0.031441
20
0.004254
30
-0.000000
11
0.030589
21
0.008421
31
-0.000000
12
0.030489
22
0.008486
32
-0.000000
0
3DFACE
62
254
10
0.031441
20
0.004254
30
-0.000000
11
0.030698
21
0.008372
31
-0.000000
12
0.030589
22
0.008421
32
-0.000000
0
3DFACE
62
254
10
0.031441
20
0.004254
30
-0.000000
11
0.030489
21
0.008486
31
-0.000000
12
0.031374
22
0.004155
32
-0.000000
0
3DFACE
62
254
10
0.031283
20
0.003694
30
-0.000000
11
0.031278
21
0.003813
31
-0.000000
12
0.004834
22
0.001276
32
-0.000000
0
3DFACE
62
254
10
0.031283
20
0.003694
30
-0.000000
11
0.004834
21
0.001276
31
-0.000000
12
0.004981
22
0.000436
32
-0.000000
0
3DFACE
62
254
10
0.031522
20
0.004341
30
-0.000000
11
0.030698
21
0.008372
31
-0.000000
12
0.031441
22
0.004254
32
-0.000000
0
3DFACE
62
254
10
0.031303
20
0.003519
30
-0.000000
11
0.031283
21
0.003694
31
-0.000000
12
0.004981
22
0.000436
32
-0.000000
0
3DFACE
62
254
10
0.031615
20
0.004415
30
-0.000000
11
0.030698
21
0.008372
31
-0.000000
12
0.031522
22
0.004341
32
-0.000000
0
3DFACE
62
254
10
0.031615
20
0.004415
30
-0.000000
11
0.030813
21
0.008341
31
-0.000000
12
0.030698
22
0.008372
32
-0.000000
0
3DFACE
62
254
10
0.031322
20
0.003344
30
-0.000000
11
0.031303
21
0.003519
31
-0.000000
12
0.004981
22
0.000436
32
-0.000000
0
3DFACE
62
254
10
0.031719
20
0.004473
30
-0.000000
11
0.030932
21
0.008328
31
-0.000000
12
0.030813
22
0.008341
32
-0.000000
0
3DFACE
62
254
10
0.031719
20
0.004473
30
-0.000000
11
0.030813
21
0.008341
31
-0.000000
12
0.031615
22
0.004415
32
-0.000000
0
3DFACE
62
254
10
0.031340
20
0.003169
30
-0.000000
11
0.031322
21
0.003344
31
-0.000000
12
0.004981
22
0.000436
32
-0.000000
0
3DFACE
62
254
10
0.031361
20
0.003051
30
-0.000000
11
0.031340
21
0.003169
31
-0.000000
12
0.004981
22
0.000436
32
-0.000000
0
3DFACE
62
254
10
0.031831
20
0.004515
30
-0.000000
11
0.031628
21
0.008385
31
-0.000000
12
0.031051
22
0.008334
32
-0.000000
0
3DFACE
62
254
10
0.031831
20
0.004515
30
-0.000000
11
0.031051
21
0.008334
31
-0.000000
12
0.030932
22
0.008328
32
-0.000000
0
3DFACE
62
254
10
0.031831
20
0.004515
30
-0.000000
11
0.030932
21
0.008328
31
-0.000000
12
0.031719
22
0.004473
32
-0.000000
0
3DFACE
62
254
10
0.022400
20
-0.026503
30
0.000000
11
0.021895
21
-0.025158
31
0.000000
12
0.019986
22
-0.027927
32
0.000000
0
3DFACE
62
254
10
0.021976
20
-0.028514
30
0.000000
11
0.022400
21
-0.026503
31
0.000000
12
0.019986
22
-0.027927
32
0.000000
0
3DFACE
62
254
10
0.021976
20
-0.028514
30
0.000000
11
0.019986
21
-0.027927
31
0.000000
12
0.021579
22
-0.028815
32
0.000000
0
3DFACE
62
254
10
0.025185
20
-0.018983
30
0.000000
11
0.021995
21
-0.022602
31
0.000000
12
0.022106
22
-0.022559
32
0.000000
0
3DFACE
62
254
10
0.025156
20
-0.019098
30
0.000000
11
0.025185
21
-0.018983
31
0.000000
12
0.022106
22
-0.022559
32
0.000000
0
3DFACE
62
254
10
0.025232
20
-0.018873
30
0.000000
11
0.003236
21
-0.004551
31
0.000000
12
0.021892
22
-0.022662
32
0.000000
0
3DFACE
62
254
10
0.025232
20
-0.018873
30
0.000000
11
0.021995
21
-0.022602
31
0.000000
12
0.025185
22
-0.018983
32
0.000000
0
3DFACE
62
254
10
0.025232
20
-0.018873
30
0.000000
11
0.021892
21
-0.022662
31
0.000000
12
0.021995
22
-0.022602
32
0.000000
0
3DFACE
62
254
10
0.025146
20
-0.019217
30
0.000000
11
0.025156
21
-0.019098
31
0.000000
12
0.022106
22
-0.022559
32
0.000000
0
3DFACE
62
254
10
0.025146
20
-0.019217
30
0.000000
11
0.022223
21
-0.022534
31
0.000000
12
0.022342
22
-0.022527
32
0.000000
0
3DFACE
62
254
10
0.025146
20
-0.019217
30
0.000000
11
0.022106
21
-0.022559
31
0.000000
12
0.022223
22
-0.022534
32
0.000000
0
3DFACE
62
254
10
0.025296
20
-0.018772
30
0.000000
11
0.003236
21
-0.004551
31
0.000000
12
0.025232
22
-0.018873
32
0.000000
0
3DFACE
62
254
10
0.025154
20
-0.019336
30
0.000000
11
0.022342
21
-0.022527
31
0.000000
12
0.022460
22
-0.022539
32
0.000000
0
3DFACE
62
254
10
0.025154
20
-0.019336
30
0.000000
11
0.025146
21
-0.019217
31
0.000000
12
0.022342
22
-0.022527
32
0.000000
0
3DFACE
62
254
10
0.025400
20
-0.018630
30
0.000000
11
0.003236
21
-0.004551
31
0.000000
12
0.025296
22
-0.018772
32
0.000000
0
3DFACE
62
254
10
0.022369
20
-0.028207
30
0.000000
11
0.022400
21
-0.026503
31
0.000000
12
0.021976
22
-0.028514
32
0.000000
0
3DFACE
62
254
10
0.025181
20
-0.019452
30
0.000000
11
0.025154
21
-0.019336
31
0.000000
12
0.022460
22
-0.022539
32
0.000000
0
3DFACE
62
254
10
0.032899
20
0.004911
30
-0.000000
11
0.032280
21
0.008385
31
-0.000000
12
0.031628
22
0.008385
32
-0.000000
0
3DFACE
62
254
10
0.032899
20
0.004911
30
-0.000000
11
0.031628
21
0.008385
31
-0.000000
12
0.031831
22
0.004515
32
-0.000000
0
3DFACE
62
254
10
0.025504
20
-0.018488
30
0.000000
11
0.003236
21
-0.004551
31
0.000000
12
0.025400
22
-0.018630
32
0.000000
0
3DFACE
62
254
10
0.025607
20
-0.018345
30
0.000000
11
0.004141
21
-0.002803
31
0.000000
12
0.003236
22
-0.004551
32
0.000000
0
3DFACE
62
254
10
0.025607
20
-0.018345
30
0.000000
11
0.003236
21
-0.004551
31
0.000000
12
0.025504
22
-0.018488
32
0.000000
0
3DFACE
62
254
10
0.025225
20
-0.019563
30
0.000000
11
0.025181
21
-0.019452
31
0.000000
12
0.022460
22
-0.022539
32
0.000000
0
3DFACE
62
254
10
0.025225
20
-0.019563
30
0.000000
11
0.022460
21
-0.022539
31
0.000000
12
0.022576
22
-0.022569
32
0.000000
0
3DFACE
62
254
10
0.025684
20
-0.018254
30
0.000000
11
0.004141
21
-0.002803
31
0.000000
12
0.025607
22
-0.018345
32
0.000000
0
3DFACE
62
254
10
0.025286
20
-0.019665
30
0.000000
11
0.025225
21
-0.019563
31
0.000000
12
0.022576
22
-0.022569
32
0.000000
0
3DFACE
62
254
10
0.025286
20
-0.019665
30
0.000000
11
0.022576
21
-0.022569
31
0.000000
12
0.022685
22
-0.022617
32
0.000000
0
3DFACE
62
254
10
0.022757
20
-0.027895
30
0.000000
11
0.022400
21
-0.026503
31
0.000000
12
0.022369
22
-0.028207
32
0.000000
0
3DFACE
62
254
10
0.025363
20
-0.019757
30
0.000000
11
0.025286
21
-0.019665
31
0.000000
12
0.022685
22
-0.022617
32
0.000000
0
3DFACE
62
254
10
0.025363
20
-0.019757
30
0.000000
11
0.022685
21
-0.022617
31
0.000000
12
0.022785
22
-0.022681
32
0.000000
0
3DFACE
62
254
10
0.031446
20
-0.001999
30
-0.000000
11
0.031401
21
0.002939
31
-0.000000
12
0.031361
22
0.003051
32
-0.000000
0
3DFACE
62
254
10
0.031446
20
-0.001999
30
-0.000000
11
0.031482
21
-0.001885
31
-0.000000
12
0.031401
22
0.002939
32
-0.000000
0
3DFACE
62
254
10
0.031446
20
-0.001999
30
-0.000000
11
0.004981
21
0.000436
31
-0.000000
12
0.004983
22
-0.000416
32
-0.000000
0
3DFACE
62
254
10
0.031446
20
-0.001999
30
-0.000000
11
0.031361
21
0.003051
31
-0.000000
12
0.004981
22
0.000436
32
-0.000000
0
3DFACE
62
254
10
0.031535
20
-0.001778
30
-0.000000
11
0.031401
21
0.002939
31
-0.000000
12
0.031482
22
-0.001885
32
-0.000000
0
3DFACE
62
254
10
0.031535
20
-0.001778
30
-0.000000
11
0.031457
21
0.002834
31
-0.000000
12
0.031401
22
0.002939
32
-0.000000
0
3DFACE
62
254
10
0.031429
20
-0.002117
30
-0.000000
11
0.031446
21
-0.001999
31
-0.000000
12
0.004983
22
-0.000416
32
-0.000000
0
3DFACE
62
254
10
0.031604
20
-0.001681
30
-0.000000
11
0.031530
21
0.002739
31
-0.000000
12
0.031457
22
0.002834
32
-0.000000
0
3DFACE
62
254
10
0.031604
20
-0.001681
30
-0.000000
11
0.031457
21
0.002834
31
-0.000000
12
0.031535
22
-0.001778
32
-0.000000
0
3DFACE
62
254
10
0.031416
20
-0.002293
30
-0.000000
11
0.031429
21
-0.002117
31
-0.000000
12
0.004983
22
-0.000416
32
-0.000000
0
3DFACE
62
254
10
0.025752
20
-0.020187
30
0.000000
11
0.025363
21
-0.019757
31
0.000000
12
0.022785
22
-0.022681
32
0.000000
0
3DFACE
62
254
10
0.025752
20
-0.020187
30
0.000000
11
0.022785
21
-0.022681
31
0.000000
12
0.023746
22
-0.023294
32
0.000000
0
3DFACE
62
254
10
0.033908
20
0.005443
30
-0.000000
11
0.032280
21
0.008385
31
-0.000000
12
0.032899
22
0.004911
32
-0.000000
0
3DFACE
62
254
10
0.033908
20
0.005443
30
-0.000000
11
0.033709
21
0.008238
31
-0.000000
12
0.032280
22
0.008385
32
-0.000000
0
3DFACE
62
254
10
0.031403
20
-0.002468
30
-0.000000
11
0.031416
21
-0.002293
31
-0.000000
12
0.004983
22
-0.000416
32
-0.000000
0
3DFACE
62
254
10
0.031687
20
-0.001596
30
-0.000000
11
0.031616
21
0.002657
31
-0.000000
12
0.031530
22
0.002739
32
-0.000000
0
3DFACE
62
254
10
0.031687
20
-0.001596
30
-0.000000
11
0.031530
21
0.002739
31
-0.000000
12
0.031604
22
-0.001681
32
-0.000000
0
3DFACE
62
254
10
0.031389
20
-0.002644
30
-0.000000
11
0.031403
21
-0.002468
31
-0.000000
12
0.004983
22
-0.000416
32
-0.000000
0
3DFACE
62
254
10
0.031388
20
-0.002763
30
-0.000000
11
0.031389
21
-0.002644
31
-0.000000
12
0.004983
22
-0.000416
32
-0.000000
0
3DFACE
62
254
10
0.031783
20
-0.001525
30
-0.000000
11
0.031714
21
0.002589
31
-0.000000
12
0.031616
22
0.002657
32
-0.000000
0
3DFACE
62
254
10
0.031783
20
-0.001525
30
-0.000000
11
0.031616
21
0.002657
31
-0.000000
12
0.031687
22
-0.001596
32
-0.000000
0
3DFACE
62
254
10
0.031888
20
-0.001469
30
-0.000000
11
0.031821
21
0.002537
31
-0.000000
12
0.031714
22
0.002589
32
-0.000000
0
3DFACE
62
254
10
0.031888
20
-0.001469
30
-0.000000
11
0.031714
21
0.002589
31
-0.000000
12
0.031783
22
-0.001525
32
-0.000000
0
3DFACE
62
254
10
0.032001
20
-0.001431
30
-0.000000
11
0.031935
21
0.002503
31
-0.000000
12
0.031821
22
0.002537
32
-0.000000
0
3DFACE
62
254
10
0.032001
20
-0.001431
30
-0.000000
11
0.032054
21
0.002486
31
-0.000000
12
0.031935
22
0.002503
32
-0.000000
0
3DFACE
62
254
10
0.032001
20
-0.001431
30
-0.000000
11
0.031821
21
0.002537
31
-0.000000
12
0.031888
22
-0.001469
32
-0.000000
0
3DFACE
62
254
10
0.032119
20
-0.001411
30
-0.000000
11
0.032054
21
0.002486
31
-0.000000
12
0.032001
22
-0.001431
32
-0.000000
0
3DFACE
62
254
10
0.032119
20
-0.001411
30
-0.000000
11
0.032631
21
0.002430
31
-0.000000
12
0.032054
22
0.002486
32
-0.000000
0
3DFACE
62
254
10
0.028270
20
-0.013915
30
0.000000
11
0.004141
21
-0.002803
31
0.000000
12
0.025684
22
-0.018254
32
0.000000
0
3DFACE
62
254
10
0.028314
20
-0.013804
30
0.000000
11
0.004556
21
-0.002059
31
0.000000
12
0.004141
22
-0.002803
32
0.000000
0
3DFACE
62
254
10
0.028314
20
-0.013804
30
0.000000
11
0.004141
21
-0.002803
31
0.000000
12
0.028270
22
-0.013915
32
0.000000
0
3DFACE
62
254
10
0.028245
20
-0.014032
30
0.000000
11
0.028270
21
-0.013915
31
0.000000
12
0.025684
22
-0.018254
32
0.000000
0
3DFACE
62
254
10
0.028245
20
-0.014032
30
0.000000
11
0.025684
21
-0.018254
31
0.000000
12
0.025774
22
-0.018176
32
0.000000
0
3DFACE
62
254
10
0.026145
20
-0.020707
30
0.000000
11
0.025752
21
-0.020187
31
0.000000
12
0.023746
22
-0.023294
32
0.000000
0
3DFACE
62
254
10
0.026145
20
-0.020707
30
0.000000
11
0.023746
21
-0.023294
31
0.000000
12
0.024778
22
-0.023779
32
0.000000
0
3DFACE
62
254
10
0.028391
20
-0.013646
30
0.000000
11
0.004556
21
-0.002059
31
0.000000
12
0.028314
22
-0.013804
32
0.000000
0
3DFACE
62
254
10
0.028237
20
-0.014151
30
0.000000
11
0.028245
21
-0.014032
31
0.000000
12
0.025774
22
-0.018176
32
0.000000
0
3DFACE
62
254
10
0.028237
20
-0.014151
30
0.000000
11
0.025774
21
-0.018176
31
0.000000
12
0.025875
22
-0.018113
32
0.000000
0
3DFACE
62
254
10
0.028467
20
-0.013487
30
0.000000
11
0.004556
21
-0.002059
31
0.000000
12
0.028391
22
-0.013646
32
0.000000
0
3DFACE
62
254
10
0.028542
20
-0.013327
30
0.000000
11
0.004556
21
-0.002059
31
0.000000
12
0.028467
22
-0.013487
32
0.000000
0
3DFACE
62
254
10
0.028249
20
-0.014269
30
0.000000
11
0.025985
21
-0.018066
31
0.000000
12
0.026101
22
-0.018038
32
0.000000
0
3DFACE
62
254
10
0.028249
20
-0.014269
30
0.000000
11
0.025875
21
-0.018113
31
0.000000
12
0.025985
22
-0.018066
32
0.000000
0
3DFACE
62
254
10
0.028249
20
-0.014269
30
0.000000
11
0.028237
21
-0.014151
31
0.000000
12
0.025875
22
-0.018113
32
0.000000
0
3DFACE
62
254
10
0.028600
20
-0.013224
30
0.000000
11
0.004556
21
-0.002059
31
0.000000
12
0.028542
22
-0.013327
32
0.000000
0
3DFACE
62
254
10
0.028279
20
-0.014385
30
0.000000
11
0.026101
21
-0.018038
31
0.000000
12
0.026219
22
-0.018028
32
0.000000
0
3DFACE
62
254
10
0.028279
20
-0.014385
30
0.000000
11
0.028249
21
-0.014269
31
0.000000
12
0.026101
22
-0.018038
32
0.000000
0
3DFACE
62
254
10
0.035221
20
0.007451
30
-0.000000
11
0.035114
21
0.007938
31
-0.000000
12
0.033709
22
0.008238
32
-0.000000
0
3DFACE
62
254
10
0.028326
20
-0.014494
30
0.000000
11
0.026219
21
-0.018028
31
0.000000
12
0.026338
22
-0.018036
32
0.000000
0
3DFACE
62
254
10
0.028326
20
-0.014494
30
0.000000
11
0.028279
21
-0.014385
31
0.000000
12
0.026219
22
-0.018028
32
0.000000
0
3DFACE
62
254
10
0.030543
20
-0.007743
30
-0.000000
11
0.004840
21
-0.001256
31
-0.000000
12
0.030505
22
-0.007856
32
-0.000000
0
3DFACE
62
254
10
0.030543
20
-0.007743
30
-0.000000
11
0.004983
21
-0.000416
31
-0.000000
12
0.004840
22
-0.001256
32
-0.000000
0
3DFACE
62
254
10
0.030543
20
-0.007743
30
-0.000000
11
0.031388
21
-0.002763
31
-0.000000
12
0.004983
22
-0.000416
32
-0.000000
0
3DFACE
62
254
10
0.030460
20
-0.008026
30
-0.000000
11
0.030505
21
-0.007856
31
-0.000000
12
0.004840
22
-0.001256
32
-0.000000
0
3DFACE
62
254
10
0.030415
20
-0.008197
30
-0.000000
11
0.030460
21
-0.008026
31
-0.000000
12
0.004840
22
-0.001256
32
-0.000000
0
3DFACE
62
254
10
0.028390
20
-0.014595
30
0.000000
11
0.026338
21
-0.018036
31
0.000000
12
0.026455
22
-0.018063
32
0.000000
0
3DFACE
62
254
10
0.028390
20
-0.014595
30
0.000000
11
0.028326
21
-0.014494
31
0.000000
12
0.026338
22
-0.018036
32
0.000000
0
3DFACE
62
254
10
0.030599
20
-0.007638
30
-0.000000
11
0.031388
21
-0.002763
31
-0.000000
12
0.030543
22
-0.007743
32
-0.000000
0
3DFACE
62
254
10
0.030599
20
-0.007638
30
-0.000000
11
0.031406
21
-0.002881
31
-0.000000
12
0.031388
22
-0.002763
32
-0.000000
0
3DFACE
62
254
10
0.030369
20
-0.008367
30
-0.000000
11
0.030415
21
-0.008197
31
-0.000000
12
0.004840
22
-0.001256
32
-0.000000
0
3DFACE
62
254
10
0.030346
20
-0.008484
30
-0.000000
11
0.004556
21
-0.002059
31
0.000000
12
0.028600
22
-0.013224
32
0.000000
0
3DFACE
62
254
10
0.030346
20
-0.008484
30
-0.000000
11
0.004840
21
-0.001256
31
-0.000000
12
0.004556
22
-0.002059
32
0.000000
0
3DFACE
62
254
10
0.030346
20
-0.008484
30
-0.000000
11
0.030369
21
-0.008367
31
-0.000000
12
0.004840
22
-0.001256
32
-0.000000
0
3DFACE
62
254
10
0.030671
20
-0.007543
30
-0.000000
11
0.031406
21
-0.002881
31
-0.000000
12
0.030599
22
-0.007638
32
-0.000000
0
3DFACE
62
254
10
0.030671
20
-0.007543
30
-0.000000
11
0.031442
21
-0.002995
31
-0.000000
12
0.031406
22
-0.002881
32
-0.000000
0
3DFACE
62
254
10
0.030671
20
-0.007543
30
-0.000000
11
0.031496
21
-0.003101
31
-0.000000
12
0.031442
22
-0.002995
32
-0.000000
0
3DFACE
62
254
10
0.030342
20
-0.008603
30
-0.000000
11
0.028600
21
-0.013224
31
0.000000
12
0.028675
22
-0.013130
32
0.000000
0
3DFACE
62
254
10
0.030342
20
-0.008603
30
-0.000000
11
0.030346
21
-0.008484
31
-0.000000
12
0.028600
22
-0.013224
32
0.000000
0
3DFACE
62
254
10
0.035320
20
0.006963
30
-0.000000
11
0.035221
21
0.007451
31
-0.000000
12
0.033709
22
0.008238
32
-0.000000
0
3DFACE
62
254
10
0.035320
20
0.006963
30
-0.000000
11
0.033709
21
0.008238
31
-0.000000
12
0.033908
22
0.005443
32
-0.000000
0
3DFACE
62
254
10
0.030357
20
-0.008721
30
-0.000000
11
0.028675
21
-0.013130
31
0.000000
12
0.028763
22
-0.013050
32
0.000000
0
3DFACE
62
254
10
0.030357
20
-0.008721
30
-0.000000
11
0.030342
21
-0.008603
31
-0.000000
12
0.028675
22
-0.013130
32
0.000000
0
3DFACE
62
254
10
0.030757
20
-0.007460
30
-0.000000
11
0.031496
21
-0.003101
31
-0.000000
12
0.030671
22
-0.007543
32
-0.000000
0
3DFACE
62
254
10
0.028469
20
-0.014684
30
0.000000
11
0.028390
21
-0.014595
31
0.000000
12
0.026455
22
-0.018063
32
0.000000
0
3DFACE
62
254
10
0.030390
20
-0.008836
30
-0.000000
11
0.028763
21
-0.013050
31
0.000000
12
0.028862
22
-0.012984
32
0.000000
0
3DFACE
62
254
10
0.030390
20
-0.008836
30
-0.000000
11
0.030357
21
-0.008721
31
-0.000000
12
0.028763
22
-0.013050
32
0.000000
0
3DFACE
62
254
10
0.030854
20
-0.007391
30
-0.000000
11
0.031496
21
-0.003101
31
-0.000000
12
0.030757
22
-0.007460
32
-0.000000
0
3DFACE
62
254
10
0.030854
20
-0.007391
30
-0.000000
11
0.031566
21
-0.003198
31
-0.000000
12
0.031496
22
-0.003101
32
-0.000000
0
3DFACE
62
254
10
0.028561
20
-0.014760
30
0.000000
11
0.026455
21
-0.018063
31
0.000000
12
0.026565
22
-0.018108
32
0.000000
0
3DFACE
62
254
10
0.028561
20
-0.014760
30
0.000000
11
0.028469
21
-0.014684
31
0.000000
12
0.026455
22
-0.018063
32
0.000000
0
3DFACE
62
254
10
0.030440
20
-0.008944
30
-0.000000
11
0.028862
21
-0.012984
31
0.000000
12
0.028971
22
-0.012935
32
0.000000
0
3DFACE
62
254
10
0.030440
20
-0.008944
30
-0.000000
11
0.030390
21
-0.008836
31
-0.000000
12
0.028862
22
-0.012984
32
0.000000
0
3DFACE
62
254
10
0.030961
20
-0.007339
30
-0.000000
11
0.031566
21
-0.003198
31
-0.000000
12
0.030854
22
-0.007391
32
-0.000000
0
3DFACE
62
254
10
0.030961
20
-0.007339
30
-0.000000
11
0.031649
21
-0.003283
31
-0.000000
12
0.031566
22
-0.003198
32
-0.000000
0
3DFACE
62
254
10
0.030961
20
-0.007339
30
-0.000000
11
0.031745
21
-0.003353
31
-0.000000
12
0.031649
22
-0.003283
32
-0.000000
0
3DFACE
62
254
10
0.035413
20
0.006473
30
-0.000000
11
0.035320
21
0.006963
31
-0.000000
12
0.033908
22
0.005443
32
-0.000000
0
3DFACE
62
254
10
0.030507
20
-0.009043
30
-0.000000
11
0.028971
21
-0.012935
31
0.000000
12
0.029086
22
-0.012903
32
0.000000
0
3DFACE
62
254
10
0.030507
20
-0.009043
30
-0.000000
11
0.030440
21
-0.008944
31
-0.000000
12
0.028971
22
-0.012935
32
0.000000
0
3DFACE
62
254
10
0.031075
20
-0.007304
30
-0.000000
11
0.031745
21
-0.003353
31
-0.000000
12
0.030961
22
-0.007339
32
-0.000000
0
3DFACE
62
254
10
0.030589
20
-0.009130
30
-0.000000
11
0.030507
21
-0.009043
31
-0.000000
12
0.029086
22
-0.012903
32
0.000000
0
3DFACE
62
254
10
0.030589
20
-0.009130
30
-0.000000
11
0.029086
21
-0.012903
31
0.000000
12
0.029204
22
-0.012890
32
0.000000
0
3DFACE
62
254
10
0.031193
20
-0.007287
30
-0.000000
11
0.031745
21
-0.003353
31
-0.000000
12
0.031075
22
-0.007304
32
-0.000000
0
3DFACE
62
254
10
0.031193
20
-0.007287
30
-0.000000
11
0.031851
21
-0.003408
31
-0.000000
12
0.031745
22
-0.003353
32
-0.000000
0
3DFACE
62
254
10
0.030683
20
-0.009203
30
-0.000000
11
0.030589
21
-0.009130
31
-0.000000
12
0.029204
22
-0.012890
32
0.000000
0
3DFACE
62
254
10
0.030683
20
-0.009203
30
-0.000000
11
0.029204
21
-0.012890
31
0.000000
12
0.029323
22
-0.012895
32
0.000000
0
3DFACE
62
254
10
0.031313
20
-0.007289
30
-0.000000
11
0.031851
21
-0.003408
31
-0.000000
12
0.031193
22
-0.007287
32
-0.000000
0
3DFACE
62
254
10
0.031313
20
-0.007289
30
-0.000000
11
0.031965
21
-0.003446
31
-0.000000
12
0.031851
22
-0.003408
32
-0.000000
0
3DFACE
62
254
10
0.033242
20
-0.001217
30
-0.000000
11
0.033271
21
0.002311
31
-0.000000
12
0.032631
22
0.002430
32
-0.000000
0
3DFACE
62
254
10
0.033242
20
-0.001217
30
-0.000000
11
0.032631
21
0.002430
31
-0.000000
12
0.032119
22
-0.001411
32
-0.000000
0
3DFACE
62
254
10
0.032522
20
-0.003607
30
-0.000000
11
0.031965
21
-0.003446
31
-0.000000
12
0.031313
22
-0.007289
32
-0.000000
0
3DFACE
62
254
10
0.030787
20
-0.009261
30
-0.000000
11
0.029323
21
-0.012895
31
0.000000
12
0.029440
22
-0.012919
32
0.000000
0
3DFACE
62
254
10
0.030787
20
-0.009261
30
-0.000000
11
0.030683
21
-0.009203
31
-0.000000
12
0.029323
22
-0.012895
32
0.000000
0
3DFACE
62
254
10
0.029022
20
-0.015112
30
0.000000
11
0.026565
21
-0.018108
31
0.000000
12
0.027622
22
-0.018535
32
0.000000
0
3DFACE
62
254
10
0.029022
20
-0.015112
30
0.000000
11
0.028561
21
-0.014760
31
0.000000
12
0.026565
22
-0.018108
32
0.000000
0
3DFACE
62
254
10
0.026888
20
-0.021936
30
0.000000
11
0.026145
21
-0.020707
31
0.000000
12
0.024778
22
-0.023779
32
0.000000
0
3DFACE
62
254
10
0.031305
20
-0.009521
30
-0.000000
11
0.030787
21
-0.009261
31
-0.000000
12
0.029440
22
-0.012919
32
0.000000
0
3DFACE
62
254
10
0.029504
20
-0.015550
30
0.000000
11
0.029022
21
-0.015112
31
0.000000
12
0.027622
22
-0.018535
32
0.000000
0
3DFACE
62
254
10
0.026841
20
-0.023990
30
0.000000
11
0.026888
21
-0.021936
31
0.000000
12
0.024778
22
-0.023779
32
0.000000
0
3DFACE
62
254
10
0.026841
20
-0.023990
30
0.000000
11
0.024778
21
-0.023779
31
0.000000
12
0.026507
22
-0.024360
32
0.000000
0
3DFACE
62
254
10
0.034331
20
-0.000880
30
-0.000000
11
0.034649
21
0.001904
31
-0.000000
12
0.033271
22
0.002311
32
-0.000000
0
3DFACE
62
254
10
0.034331
20
-0.000880
30
-0.000000
11
0.033271
21
0.002311
31
-0.000000
12
0.033242
22
-0.001217
32
-0.000000
0
3DFACE
62
254
10
0.027171
20
-0.023616
30
0.000000
11
0.026888
21
-0.021936
31
0.000000
12
0.026841
22
-0.023990
32
0.000000
0
3DFACE
62
254
10
0.028725
20
-0.018821
30
0.000000
11
0.029504
21
-0.015550
31
0.000000
12
0.027622
22
-0.018535
32
0.000000
0
3DFACE
62
254
10
0.030557
20
-0.013144
30
0.000000
11
0.031305
21
-0.009521
31
-0.000000
12
0.029440
22
-0.012919
32
0.000000
0
3DFACE
62
254
10
0.032452
20
-0.007305
30
-0.000000
11
0.032522
21
-0.003607
31
-0.000000
12
0.031313
22
-0.007289
32
-0.000000
0
3DFACE
62
254
10
0.032452
20
-0.007305
30
-0.000000
11
0.033129
21
-0.003842
31
-0.000000
12
0.032522
22
-0.003607
32
-0.000000
0
3DFACE
62
254
10
0.027495
20
-0.023238
30
0.000000
11
0.026888
21
-0.021936
31
0.000000
12
0.027171
22
-0.023616
32
0.000000
0
3DFACE
62
254
10
0.031859
20
-0.009864
30
-0.000000
11
0.031305
21
-0.009521
31
-0.000000
12
0.030557
22
-0.013144
32
0.000000
0
3DFACE
62
254
10
0.035990
20
0.000852
30
-0.000000
11
0.035975
21
0.001350
31
-0.000000
12
0.034649
22
0.001904
32
-0.000000
0
3DFACE
62
254
10
0.030461
20
-0.016622
30
0.000000
11
0.029504
21
-0.015550
31
0.000000
12
0.028725
22
-0.018821
32
0.000000
0
3DFACE
62
254
10
0.033584
20
-0.007173
30
-0.000000
11
0.033129
21
-0.003842
31
-0.000000
12
0.032452
22
-0.007305
32
-0.000000
0
3DFACE
62
254
10
0.033584
20
-0.007173
30
-0.000000
11
0.034409
21
-0.004495
31
-0.000000
12
0.033129
22
-0.003842
32
-0.000000
0
3DFACE
62
254
10
0.031695
20
-0.013222
30
0.000000
11
0.031859
21
-0.009864
31
-0.000000
12
0.030557
22
-0.013144
32
0.000000
0
3DFACE
62
254
10
0.035998
20
0.000354
30
-0.000000
11
0.034649
21
0.001904
31
-0.000000
12
0.034331
22
-0.000880
32
-0.000000
0
3DFACE
62
254
10
0.035998
20
0.000354
30
-0.000000
11
0.035990
21
0.000852
31
-0.000000
12
0.034649
22
0.001904
32
-0.000000
0
3DFACE
62
254
10
0.036000
20
-0.000144
30
-0.000000
11
0.035998
21
0.000354
31
-0.000000
12
0.034331
22
-0.000880
32
-0.000000
0
3DFACE
62
254
10
0.032997
20
-0.010741
30
0.000000
11
0.031859
21
-0.009864
31
-0.000000
12
0.031695
22
-0.013222
32
0.000000
0
3DFACE
62
254
10
0.030793
20
-0.018650
30
0.000000
11
0.028725
21
-0.018821
31
0.000000
12
0.030532
22
-0.019074
32
0.000000
0
3DFACE
62
254
10
0.030793
20
-0.018650
30
0.000000
11
0.030461
21
-0.016622
31
0.000000
12
0.028725
22
-0.018821
32
0.000000
0
3DFACE
62
254
10
0.031048
20
-0.018222
30
0.000000
11
0.030461
21
-0.016622
31
0.000000
12
0.030793
22
-0.018650
32
0.000000
0
3DFACE
62
254
10
0.031297
20
-0.017790
30
0.000000
11
0.030461
21
-0.016622
31
0.000000
12
0.031048
22
-0.018222
32
0.000000
0
3DFACE
62
254
10
0.035534
20
-0.005775
30
-0.000000
11
0.035610
21
-0.005283
31
-0.000000
12
0.034409
22
-0.004495
32
-0.000000
0
3DFACE
62
254
10
0.035450
20
-0.006267
30
-0.000000
11
0.034409
21
-0.004495
31
-0.000000
12
0.033584
22
-0.007173
32
-0.000000
0
3DFACE
62
254
10
0.035450
20
-0.006267
30
-0.000000
11
0.035534
21
-0.005775
31
-0.000000
12
0.034409
22
-0.004495
32
-0.000000
0
3DFACE
62
254
10
0.035360
20
-0.006757
30
-0.000000
11
0.035450
21
-0.006267
31
-0.000000
12
0.033584
22
-0.007173
32
-0.000000
0
3DFACE
62
254
10
0.033695
20
-0.012674
30
0.000000
11
0.031695
21
-0.013222
31
0.000000
12
0.033517
22
-0.013139
32
0.000000
0
3DFACE
62
254
10
0.033695
20
-0.012674
30
0.000000
11
0.032997
21
-0.010741
31
0.000000
12
0.031695
22
-0.013222
32
0.000000
0
3DFACE
62
254
10
0.033867
20
-0.012206
30
0.000000
11
0.032997
21
-0.010741
31
0.000000
12
0.033695
22
-0.012674
32
0.000000
0
3DFACE
62
254
10
0.034033
20
-0.011736
30
0.000000
11
0.032997
21
-0.010741
31
0.000000
12
0.033867
22
-0.012206
32
0.000000
0
3DFACE
62
254
10
0.029549
20
0.014054
30
0.030000
11
0.028991
21
0.013898
31
0.030000
12
0.028991
22
0.013898
32
-0.000000
0
3DFACE
62
254
10
0.029549
20
0.014054
30
0.030000
11
0.028991
21
0.013898
31
-0.000000
12
0.029549
22
0.014054
32
-0.000000
0
3DFACE
62
254
10
0.030190
20
0.014174
30
0.030000
11
0.029549
21
0.014054
31
-0.000000
12
0.030190
22
0.014174
32
-0.000000
0
3DFACE
62
254
10
0.030190
20
0.014174
30
0.030000
11
0.029549
21
0.014054
31
0.030000
12
0.029549
22
0.014054
32
-0.000000
0
3DFACE
62
254
10
0.031621
20
0.014292
30
0.030000
11
0.030190
21
0.014174
31
-0.000000
12
0.031621
22
0.014292
32
-0.000000
0
3DFACE
62
254
10
0.031621
20
0.014292
30
0.030000
11
0.030190
21
0.014174
31
0.030000
12
0.030190
22
0.014174
32
-0.000000
0
3DFACE
62
254
10
0.033058
20
0.014255
30
0.030000
11
0.031621
21
0.014292
31
-0.000000
12
0.033058
22
0.014255
32
-0.000000
0
3DFACE
62
254
10
0.033058
20
0.014255
30
0.030000
11
0.031621
21
0.014292
31
0.030000
12
0.031621
22
0.014292
32
-0.000000
0
3DFACE
62
254
10
0.029652
20
0.017324
30
0.030000
11
0.030684
21
0.018829
31
0.030000
12
0.030684
22
0.018829
32
-0.000000
0
3DFACE
62
254
10
0.029652
20
0.017324
30
0.030000
11
0.030684
21
0.018829
31
-0.000000
12
0.029652
22
0.017324
32
-0.000000
0
3DFACE
62
254
10
0.028904
20
0.016464
30
0.030000
11
0.029652
21
0.017324
31
-0.000000
12
0.028904
22
0.016464
32
-0.000000
0
3DFACE
62
254
10
0.028904
20
0.016464
30
0.030000
11
0.029652
21
0.017324
31
0.030000
12
0.029652
22
0.017324
32
-0.000000
0
3DFACE
62
254
10
0.028051
20
0.015709
30
0.030000
11
0.028904
21
0.016464
31
-0.000000
12
0.028051
22
0.015709
32
-0.000000
0
3DFACE
62
254
10
0.028051
20
0.015709
30
0.030000
11
0.028904
21
0.016464
31
0.030000
12
0.028904
22
0.016464
32
-0.000000
0
3DFACE
62
254
10
0.028141
20
0.014174
30
0.030000
11
0.028079
21
0.014276
31
0.030000
12
0.028079
22
0.014276
32
-0.000000
0
3DFACE
62
254
10
0.028141
20
0.014174
30
0.030000
11
0.028079
21
0.014276
31
-0.000000
12
0.028141
22
0.014174
32
-0.000000
0
3DFACE
62
254
10
0.028219
20
0.014084
30
0.030000
11
0.028141
21
0.014174
31
-0.000000
12
0.028219
22
0.014084
32
-0.000000
0
3DFACE
62
254
10
0.028219
20
0.014084
30
0.030000
11
0.028219
21
0.014084
31
-0.000000
12
0.028309
22
0.014006
32
-0.000000
0
3DFACE
62
254
10
0.028219
20
0.014084
30
0.030000
11
0.028141
21
0.014174
31
0.030000
12
0.028141
22
0.014174
32
-0.000000
0
3DFACE
62
254
10
0.028309
20
0.014006
30
0.030000
11
0.028219
21
0.014084
31
0.030000
12
0.028309
22
0.014006
32
-0.000000
0
3DFACE
62
254
10
0.028411
20
0.013944
30
0.030000
11
0.028309
21
0.014006
31
-0.000000
12
0.028411
22
0.013944
32
-0.000000
0
3DFACE
62
254
10
0.028411
20
0.013944
30
0.030000
11
0.028411
21
0.013944
31
-0.000000
12
0.028521
22
0.013898
32
-0.000000
0
3DFACE
62
254
10
0.028411
20
0.013944
30
0.030000
11
0.028309
21
0.014006
31
0.030000
12
0.028309
22
0.014006
32
-0.000000
0
3DFACE
62
254
10
0.028521
20
0.013898
30
0.030000
11
0.028411
21
0.013944
31
0.030000
12
0.028521
22
0.013898
32
-0.000000
0
3DFACE
62
254
10
0.028637
20
0.013870
30
0.030000
11
0.028521
21
0.013898
31
-0.000000
12
0.028637
22
0.013870
32
-0.000000
0
3DFACE
62
254
10
0.028637
20
0.013870
30
0.030000
11
0.028521
21
0.013898
31
0.030000
12
0.028521
22
0.013898
32
-0.000000
0
3DFACE
62
254
10
0.028756
20
0.013861
30
0.030000
11
0.028637
21
0.013870
31
-0.000000
12
0.028756
22
0.013861
32
-0.000000
0
3DFACE
62
254
10
0.028756
20
0.013861
30
0.030000
11
0.028637
21
0.013870
31
0.030000
12
0.028637
22
0.013870
32
-0.000000
0
3DFACE
62
254
10
0.028875
20
0.013870
30
0.030000
11
0.028756
21
0.013861
31
-0.000000
12
0.028875
22
0.013870
32
-0.000000
0
3DFACE
62
254
10
0.028875
20
0.013870
30
0.030000
11
0.028756
21
0.013861
31
0.030000
12
0.028756
22
0.013861
32
-0.000000
0
3DFACE
62
254
10
0.028991
20
0.013898
30
0.030000
11
0.028875
21
0.013870
31
-0.000000
12
0.028991
22
0.013898
32
-0.000000
0
3DFACE
62
254
10
0.028991
20
0.013898
30
0.030000
11
0.028875
21
0.013870
31
0.030000
12
0.028875
22
0.013870
32
-0.000000
0
3DFACE
62
254
10
0.027999
20
0.014433
30
0.030000
11
0.028079
21
0.014276
31
0.030000
12
0.028079
22
0.014276
32
-0.000000
0
3DFACE
62
254
10
0.027999
20
0.014433
30
0.030000
11
0.028079
21
0.014276
31
-0.000000
12
0.027999
22
0.014433
32
-0.000000
0
3DFACE
62
254
10
0.027918
20
0.014589
30
0.030000
11
0.027918
21
0.014589
31
-0.000000
12
0.027836
22
0.014745
32
-0.000000
0
3DFACE
62
254
10
0.027918
20
0.014589
30
0.030000
11
0.027999
21
0.014433
31
-0.000000
12
0.027918
22
0.014589
32
-0.000000
0
3DFACE
62
254
10
0.027918
20
0.014589
30
0.030000
11
0.027999
21
0.014433
31
0.030000
12
0.027999
22
0.014433
32
-0.000000
0
3DFACE
62
254
10
0.027836
20
0.014745
30
0.030000
11
0.027918
21
0.014589
31
0.030000
12
0.027836
22
0.014745
32
-0.000000
0
3DFACE
62
254
10
0.027961
20
0.015630
30
0.030000
11
0.028051
21
0.015709
31
0.030000
12
0.028051
22
0.015709
32
-0.000000
0
3DFACE
62
254
10
0.027961
20
0.015630
30
0.030000
11
0.028051
21
0.015709
31
-0.000000
12
0.027961
22
0.015630
32
-0.000000
0
3DFACE
62
254
10
0.027885
20
0.015538
30
0.030000
11
0.027961
21
0.015630
31
-0.000000
12
0.027885
22
0.015538
32
-0.000000
0
3DFACE
62
254
10
0.027885
20
0.015538
30
0.030000
11
0.027961
21
0.015630
31
0.030000
12
0.027961
22
0.015630
32
-0.000000
0
3DFACE
62
254
10
0.027825
20
0.015435
30
0.030000
11
0.027885
21
0.015538
31
-0.000000
12
0.027825
22
0.015435
32
-0.000000
0
3DFACE
62
254
10
0.027825
20
0.015435
30
0.030000
11
0.027885
21
0.015538
31
0.030000
12
0.027885
22
0.015538
32
-0.000000
0
3DFACE
62
254
10
0.027781
20
0.015324
30
0.030000
11
0.027825
21
0.015435
31
-0.000000
12
0.027781
22
0.015324
32
-0.000000
0
3DFACE
62
254
10
0.027781
20
0.015324
30
0.030000
11
0.027825
21
0.015435
31
0.030000
12
0.027825
22
0.015435
32
-0.000000
0
3DFACE
62
254
10
0.027755
20
0.015208
30
0.030000
11
0.027781
21
0.015324
31
-0.000000
12
0.027755
22
0.015208
32
-0.000000
0
3DFACE
62
254
10
0.027755
20
0.015208
30
0.030000
11
0.027781
21
0.015324
31
0.030000
12
0.027781
22
0.015324
32
-0.000000
0
3DFACE
62
254
10
0.027747
20
0.015089
30
0.030000
11
0.027755
21
0.015208
31
-0.000000
12
0.027747
22
0.015089
32
-0.000000
0
3DFACE
62
254
10
0.027747
20
0.015089
30
0.030000
11
0.027747
21
0.015089
31
-0.000000
12
0.027759
22
0.014970
32
-0.000000
0
3DFACE
62
254
10
0.027747
20
0.015089
30
0.030000
11
0.027755
21
0.015208
31
0.030000
12
0.027755
22
0.015208
32
-0.000000
0
3DFACE
62
254
10
0.027759
20
0.014970
30
0.030000
11
0.027747
21
0.015089
31
0.030000
12
0.027759
22
0.014970
32
-0.000000
0
3DFACE
62
254
10
0.027788
20
0.014855
30
0.030000
11
0.027759
21
0.014970
31
-0.000000
12
0.027788
22
0.014855
32
-0.000000
0
3DFACE
62
254
10
0.027788
20
0.014855
30
0.030000
11
0.027788
21
0.014855
31
-0.000000
12
0.027836
22
0.014745
32
-0.000000
0
3DFACE
62
254
10
0.027788
20
0.014855
30
0.030000
11
0.027759
21
0.014970
31
0.030000
12
0.027759
22
0.014970
32
-0.000000
0
3DFACE
62
254
10
0.027836
20
0.014745
30
0.030000
11
0.027788
21
0.014855
31
0.030000
12
0.027836
22
0.014745
32
-0.000000
0
3DFACE
62
254
10
0.026464
20
0.019244
30
0.030000
11
0.025943
21
0.018988
31
0.030000
12
0.025943
22
0.018988
32
-0.000000
0
3DFACE
62
254
10
0.026464
20
0.019244
30
0.030000
11
0.025943
21
0.018988
31
-0.000000
12
0.026464
22
0.019244
32
-0.000000
0
3DFACE
62
254
10
0.026464
20
0.019244
30
0.030000
11
0.026464
21
0.019244
31
-0.000000
12
0.027071
22
0.019480
32
-0.000000
0
3DFACE
62
254
10
0.027071
20
0.019480
30
0.030000
11
0.026464
21
0.019244
31
0.030000
12
0.027071
22
0.019480
32
-0.000000
0
3DFACE
62
254
10
0.028457
20
0.019859
30
0.030000
11
0.027071
21
0.019480
31
-0.000000
12
0.028457
22
0.019859
32
-0.000000
0
3DFACE
62
254
10
0.028457
20
0.019859
30
0.030000
11
0.028457
21
0.019859
31
-0.000000
12
0.029875
22
0.020086
32
-0.000000
0
3DFACE
62
254
10
0.028457
20
0.019859
30
0.030000
11
0.027071
21
0.019480
31
0.030000
12
0.027071
22
0.019480
32
-0.000000
0
3DFACE
62
254
10
0.029875
20
0.020086
30
0.030000
11
0.028457
21
0.019859
31
0.030000
12
0.029875
22
0.020086
32
-0.000000
0
3DFACE
62
254
10
0.025964
20
0.022478
30
0.030000
11
0.026701
21
0.024146
31
0.030000
12
0.026701
22
0.024146
32
-0.000000
0
3DFACE
62
254
10
0.025964
20
0.022478
30
0.030000
11
0.026701
21
0.024146
31
-0.000000
12
0.025964
22
0.022478
32
-0.000000
0
3DFACE
62
254
10
0.025386
20
0.021495
30
0.030000
11
0.025964
21
0.022478
31
-0.000000
12
0.025386
22
0.021495
32
-0.000000
0
3DFACE
62
254
10
0.025386
20
0.021495
30
0.030000
11
0.025964
21
0.022478
31
0.030000
12
0.025964
22
0.022478
32
-0.000000
0
3DFACE
62
254
10
0.024687
20
0.020595
30
0.030000
11
0.025386
21
0.021495
31
-0.000000
12
0.024687
22
0.020595
32
-0.000000
0
3DFACE
62
254
10
0.024687
20
0.020595
30
0.030000
11
0.025386
21
0.021495
31
0.030000
12
0.025386
22
0.021495
32
-0.000000
0
3DFACE
62
254
10
0.024978
20
0.019193
30
0.030000
11
0.024978
21
0.019193
31
-0.000000
12
0.025067
22
0.019095
32
-0.000000
0
3DFACE
62
254
10
0.025067
20
0.019095
30
0.030000
11
0.024978
21
0.019193
31
0.030000
12
0.025067
22
0.019095
32
-0.000000
0
3DFACE
62
254
10
0.025172
20
0.019015
30
0.030000
11
0.025067
21
0.019095
31
-0.000000
12
0.025172
22
0.019015
32
-0.000000
0
3DFACE
62
254
10
0.025172
20
0.019015
30
0.030000
11
0.025067
21
0.019095
31
0.030000
12
0.025067
22
0.019095
32
-0.000000
0
3DFACE
62
254
10
0.025290
20
0.018954
30
0.030000
11
0.025172
21
0.019015
31
-0.000000
12
0.025290
22
0.018954
32
-0.000000
0
3DFACE
62
254
10
0.025290
20
0.018954
30
0.030000
11
0.025172
21
0.019015
31
0.030000
12
0.025172
22
0.019015
32
-0.000000
0
3DFACE
62
254
10
0.025416
20
0.018914
30
0.030000
11
0.025290
21
0.018954
31
-0.000000
12
0.025416
22
0.018914
32
-0.000000
0
3DFACE
62
254
10
0.025416
20
0.018914
30
0.030000
11
0.025290
21
0.018954
31
0.030000
12
0.025290
22
0.018954
32
-0.000000
0
3DFACE
62
254
10
0.025547
20
0.018896
30
0.030000
11
0.025416
21
0.018914
31
-0.000000
12
0.025547
22
0.018896
32
-0.000000
0
3DFACE
62
254
10
0.025547
20
0.018896
30
0.030000
11
0.025547
21
0.018896
31
-0.000000
12
0.025679
22
0.018902
32
-0.000000
0
3DFACE
62
254
10
0.025547
20
0.018896
30
0.030000
11
0.025416
21
0.018914
31
0.030000
12
0.025416
22
0.018914
32
-0.000000
0
3DFACE
62
254
10
0.025679
20
0.018902
30
0.030000
11
0.025547
21
0.018896
31
0.030000
12
0.025679
22
0.018902
32
-0.000000
0
3DFACE
62
254
10
0.025808
20
0.018931
30
0.030000
11
0.025679
21
0.018902
31
-0.000000
12
0.025808
22
0.018931
32
-0.000000
0
3DFACE
62
254
10
0.025808
20
0.018931
30
0.030000
11
0.025679
21
0.018902
31
0.030000
12
0.025679
22
0.018902
32
-0.000000
0
3DFACE
62
254
10
0.025931
20
0.018981
30
0.030000
11
0.025808
21
0.018931
31
-0.000000
12
0.025931
22
0.018981
32
-0.000000
0
3DFACE
62
254
10
0.025931
20
0.018981
30
0.030000
11
0.025808
21
0.018931
31
0.030000
12
0.025808
22
0.018931
32
-0.000000
0
3DFACE
62
254
10
0.024870
20
0.019332
30
0.030000
11
0.024978
21
0.019193
31
0.030000
12
0.024978
22
0.019193
32
-0.000000
0
3DFACE
62
254
10
0.024870
20
0.019332
30
0.030000
11
0.024978
21
0.019193
31
-0.000000
12
0.024870
22
0.019332
32
-0.000000
0
3DFACE
62
254
10
0.024762
20
0.019471
30
0.030000
11
0.024762
21
0.019471
31
-0.000000
12
0.024652
22
0.019609
32
-0.000000
0
3DFACE
62
254
10
0.024762
20
0.019471
30
0.030000
11
0.024870
21
0.019332
31
-0.000000
12
0.024762
22
0.019471
32
-0.000000
0
3DFACE
62
254
10
0.024762
20
0.019471
30
0.030000
11
0.024870
21
0.019332
31
0.030000
12
0.024870
22
0.019332
32
-0.000000
0
3DFACE
62
254
10
0.024652
20
0.019609
30
0.030000
11
0.024762
21
0.019471
31
0.030000
12
0.024652
22
0.019609
32
-0.000000
0
3DFACE
62
254
10
0.024687
20
0.020595
30
0.030000
11
0.024687
21
0.020595
31
-0.000000
12
0.024613
22
0.020501
32
-0.000000
0
3DFACE
62
254
10
0.024613
20
0.020501
30
0.030000
11
0.024687
21
0.020595
31
0.030000
12
0.024613
22
0.020501
32
-0.000000
0
3DFACE
62
254
10
0.024556
20
0.020397
30
0.030000
11
0.024613
21
0.020501
31
-0.000000
12
0.024556
22
0.020397
32
-0.000000
0
3DFACE
62
254
10
0.024556
20
0.020397
30
0.030000
11
0.024613
21
0.020501
31
0.030000
12
0.024613
22
0.020501
32
-0.000000
0
3DFACE
62
254
10
0.024515
20
0.020285
30
0.030000
11
0.024556
21
0.020397
31
-0.000000
12
0.024515
22
0.020285
32
-0.000000
0
3DFACE
62
254
10
0.024515
20
0.020285
30
0.030000
11
0.024556
21
0.020397
31
0.030000
12
0.024556
22
0.020397
32
-0.000000
0
3DFACE
62
254
10
0.024492
20
0.020168
30
0.030000
11
0.024515
21
0.020285
31
-0.000000
12
0.024492
22
0.020168
32
-0.000000
0
3DFACE
62
254
10
0.024492
20
0.020168
30
0.030000
11
0.024515
21
0.020285
31
0.030000
12
0.024515
22
0.020285
32
-0.000000
0
3DFACE
62
254
10
0.024488
20
0.020049
30
0.030000
11
0.024492
21
0.020168
31
-0.000000
12
0.024488
22
0.020049
32
-0.000000
0
3DFACE
62
254
10
0.024488
20
0.020049
30
0.030000
11
0.024488
21
0.020049
31
-0.000000
12
0.024502
22
0.019930
32
-0.000000
0
3DFACE
62
254
10
0.024488
20
0.020049
30
0.030000
11
0.024492
21
0.020168
31
0.030000
12
0.024492
22
0.020168
32
-0.000000
0
3DFACE
62
254
10
0.024502
20
0.019930
30
0.030000
11
0.024488
21
0.020049
31
0.030000
12
0.024502
22
0.019930
32
-0.000000
0
3DFACE
62
254
10
0.024535
20
0.019816
30
0.030000
11
0.024502
21
0.019930
31
-0.000000
12
0.024535
22
0.019816
32
-0.000000
0
3DFACE
62
254
10
0.024535
20
0.019816
30
0.030000
11
0.024502
21
0.019930
31
0.030000
12
0.024502
22
0.019930
32
-0.000000
0
3DFACE
62
254
10
0.024586
20
0.019708
30
0.030000
11
0.024535
21
0.019816
31
-0.000000
12
0.024586
22
0.019708
32
-0.000000
0
3DFACE
62
254
10
0.024586
20
0.019708
30
0.030000
11
0.024535
21
0.019816
31
0.030000
12
0.024535
22
0.019816
32
-0.000000
0
3DFACE
62
254
10
0.024652
20
0.019609
30
0.030000
11
0.024586
21
0.019708
31
-0.000000
12
0.024652
22
0.019609
32
-0.000000
0
3DFACE
62
254
10
0.024652
20
0.019609
30
0.030000
11
0.024586
21
0.019708
31
0.030000
12
0.024586
22
0.019708
32
-0.000000
0
3DFACE
62
254
10
0.022477
20
0.023779
30
0.030000
11
0.022013
21
0.023432
31
0.030000
12
0.022013
22
0.023432
32
-0.000000
0
3DFACE
62
254
10
0.022477
20
0.023779
30
0.030000
11
0.022013
21
0.023432
31
-0.000000
12
0.022477
22
0.023779
32
-0.000000
0
3DFACE
62
254
10
0.023031
20
0.024122
30
0.030000
11
0.022477
21
0.023779
31
-0.000000
12
0.023031
22
0.024122
32
-0.000000
0
3DFACE
62
254
10
0.023031
20
0.024122
30
0.030000
11
0.022477
21
0.023779
31
0.030000
12
0.022477
22
0.023779
32
-0.000000
0
3DFACE
62
254
10
0.024323
20
0.024750
30
0.030000
11
0.023031
21
0.024122
31
-0.000000
12
0.024323
22
0.024750
32
-0.000000
0
3DFACE
62
254
10
0.024323
20
0.024750
30
0.030000
11
0.023031
21
0.024122
31
0.030000
12
0.023031
22
0.024122
32
-0.000000
0
3DFACE
62
254
10
0.025676
20
0.025234
30
0.030000
11
0.024323
21
0.024750
31
-0.000000
12
0.025676
22
0.025234
32
-0.000000
0
3DFACE
62
254
10
0.025676
20
0.025234
30
0.030000
11
0.024323
21
0.024750
31
0.030000
12
0.024323
22
0.024750
32
-0.000000
0
3DFACE
62
254
10
0.021391
20
0.026866
30
0.030000
11
0.021810
21
0.028641
31
0.030000
12
0.021810
22
0.028641
32
-0.000000
0
3DFACE
62
254
10
0.021391
20
0.026866
30
0.030000
11
0.021810
21
0.028641
31
-0.000000
12
0.021391
22
0.026866
32
-0.000000
0
3DFACE
62
254
10
0.021004
20
0.025794
30
0.030000
11
0.021391
21
0.026866
31
-0.000000
12
0.021004
22
0.025794
32
-0.000000
0
3DFACE
62
254
10
0.021004
20
0.025794
30
0.030000
11
0.021391
21
0.026866
31
0.030000
12
0.021391
22
0.026866
32
-0.000000
0
3DFACE
62
254
10
0.020482
20
0.024781
30
0.030000
11
0.021004
21
0.025794
31
-0.000000
12
0.020482
22
0.024781
32
-0.000000
0
3DFACE
62
254
10
0.020482
20
0.024781
30
0.030000
11
0.021004
21
0.025794
31
0.030000
12
0.021004
22
0.025794
32
-0.000000
0
3DFACE
62
254
10
0.021131
20
0.023377
30
0.030000
11
0.021026
21
0.023456
31
0.030000
12
0.021026
22
0.023456
32
-0.000000
0
3DFACE
62
254
10
0.021131
20
0.023377
30
0.030000
11
0.021026
21
0.023456
31
-0.000000
12
0.021131
22
0.023377
32
-0.000000
0
3DFACE
62
254
10
0.021131
20
0.023377
30
0.030000
11
0.021131
21
0.023377
31
-0.000000
12
0.021248
22
0.023317
32
-0.000000
0
3DFACE
62
254
10
0.021248
20
0.023317
30
0.030000
11
0.021131
21
0.023377
31
0.030000
12
0.021248
22
0.023317
32
-0.000000
0
3DFACE
62
254
10
0.021373
20
0.023279
30
0.030000
11
0.021248
21
0.023317
31
-0.000000
12
0.021373
22
0.023279
32
-0.000000
0
3DFACE
62
254
10
0.021373
20
0.023279
30
0.030000
11
0.021248
21
0.023317
31
0.030000
12
0.021248
22
0.023317
32
-0.000000
0
3DFACE
62
254
10
0.021503
20
0.023262
30
0.030000
11
0.021373
21
0.023279
31
-0.000000
12
0.021503
22
0.023262
32
-0.000000
0
3DFACE
62
254
10
0.021503
20
0.023262
30
0.030000
11
0.021373
21
0.023279
31
0.030000
12
0.021373
22
0.023279
32
-0.000000
0
3DFACE
62
254
10
0.021634
20
0.023268
30
0.030000
11
0.021503
21
0.023262
31
-0.000000
12
0.021634
22
0.023268
32
-0.000000
0
3DFACE
62
254
10
0.021634
20
0.023268
30
0.030000
11
0.021503
21
0.023262
31
0.030000
12
0.021503
22
0.023262
32
-0.000000
0
3DFACE
62
254
10
0.021762
20
0.023297
30
0.030000
11
0.021634
21
0.023268
31
-0.000000
12
0.021762
22
0.023297
32
-0.000000
0
3DFACE
62
254
10
0.021762
20
0.023297
30
0.030000
11
0.021634
21
0.023268
31
0.030000
12
0.021634
22
0.023268
32
-0.000000
0
3DFACE
62
254
10
0.021883
20
0.023347
30
0.030000
11
0.021762
21
0.023297
31
-0.000000
12
0.021883
22
0.023347
32
-0.000000
0
3DFACE
62
254
10
0.021883
20
0.023347
30
0.030000
11
0.021762
21
0.023297
31
0.030000
12
0.021762
22
0.023297
32
-0.000000
0
3DFACE
62
254
10
0.020894
20
0.023573
30
0.030000
11
0.021026
21
0.023456
31
0.030000
12
0.021026
22
0.023456
32
-0.000000
0
3DFACE
62
254
10
0.020894
20
0.023573
30
0.030000
11
0.021026
21
0.023456
31
-0.000000
12
0.020894
22
0.023573
32
-0.000000
0
3DFACE
62
254
10
0.020762
20
0.023689
30
0.030000
11
0.020762
21
0.023689
31
-0.000000
12
0.020630
22
0.023805
32
-0.000000
0
3DFACE
62
254
10
0.020762
20
0.023689
30
0.030000
11
0.020894
21
0.023573
31
-0.000000
12
0.020762
22
0.023689
32
-0.000000
0
3DFACE
62
254
10
0.020762
20
0.023689
30
0.030000
11
0.020894
21
0.023573
31
0.030000
12
0.020894
22
0.023573
32
-0.000000
0
3DFACE
62
254
10
0.020630
20
0.023805
30
0.030000
11
0.020762
21
0.023689
31
0.030000
12
0.020630
22
0.023805
32
-0.000000
0
3DFACE
62
254
10
0.020427
20
0.024675
30
0.030000
11
0.020482
21
0.024781
31
0.030000
12
0.020482
22
0.024781
32
-0.000000
0
3DFACE
62
254
10
0.020427
20
0.024675
30
0.030000
11
0.020482
21
0.024781
31
-0.000000
12
0.020427
22
0.024675
32
-0.000000
0
3DFACE
62
254
10
0.020390
20
0.024562
30
0.030000
11
0.020427
21
0.024675
31
-0.000000
12
0.020390
22
0.024562
32
-0.000000
0
3DFACE
62
254
10
0.020390
20
0.024562
30
0.030000
11
0.020427
21
0.024675
31
0.030000
12
0.020427
22
0.024675
32
-0.000000
0
3DFACE
62
254
10
0.020370
20
0.024444
30
0.030000
11
0.020390
21
0.024562
31
-0.000000
12
0.020370
22
0.024444
32
-0.000000
0
3DFACE
62
254
10
0.020370
20
0.024444
30
0.030000
11
0.020390
21
0.024562
31
0.030000
12
0.020390
22
0.024562
32
-0.000000
0
3DFACE
62
254
10
0.020369
20
0.024325
30
0.030000
11
0.020370
21
0.024444
31
-0.000000
12
0.020369
22
0.024325
32
-0.000000
0
3DFACE
62
254
10
0.020369
20
0.024325
30
0.030000
11
0.020370
21
0.024444
31
0.030000
12
0.020370
22
0.024444
32
-0.000000
0
3DFACE
62
254
10
0.020387
20
0.024207
30
0.030000
11
0.020369
21
0.024325
31
-0.000000
12
0.020387
22
0.024207
32
-0.000000
0
3DFACE
62
254
10
0.020387
20
0.024207
30
0.030000
11
0.020369
21
0.024325
31
0.030000
12
0.020369
22
0.024325
32
-0.000000
0
3DFACE
62
254
10
0.020423
20
0.024093
30
0.030000
11
0.020387
21
0.024207
31
-0.000000
12
0.020423
22
0.024093
32
-0.000000
0
3DFACE
62
254
10
0.020423
20
0.024093
30
0.030000
11
0.020423
21
0.024093
31
-0.000000
12
0.020476
22
0.023987
32
-0.000000
0
3DFACE
62
254
10
0.020423
20
0.024093
30
0.030000
11
0.020387
21
0.024207
31
0.030000
12
0.020387
22
0.024207
32
-0.000000
0
3DFACE
62
254
10
0.020476
20
0.023987
30
0.030000
11
0.020423
21
0.024093
31
0.030000
12
0.020476
22
0.023987
32
-0.000000
0
3DFACE
62
254
10
0.020546
20
0.023890
30
0.030000
11
0.020476
21
0.023987
31
-0.000000
12
0.020546
22
0.023890
32
-0.000000
0
3DFACE
62
254
10
0.020546
20
0.023890
30
0.030000
11
0.020476
21
0.023987
31
0.030000
12
0.020476
22
0.023987
32
-0.000000
0
3DFACE
62
254
10
0.020630
20
0.023805
30
0.030000
11
0.020546
21
0.023890
31
-0.000000
12
0.020630
22
0.023805
32
-0.000000
0
3DFACE
62
254
10
0.020630
20
0.023805
30
0.030000
11
0.020546
21
0.023890
31
0.030000
12
0.020546
22
0.023890
32
-0.000000
0
3DFACE
62
254
10
0.017332
20
0.027078
30
0.030000
11
0.017332
21
0.027078
31
-0.000000
12
0.017725
22
0.027504
32
-0.000000
0
3DFACE
62
254
10
0.017725
20
0.027504
30
0.030000
11
0.017332
21
0.027078
31
0.030000
12
0.017725
22
0.027504
32
-0.000000
0
3DFACE
62
254
10
0.018206
20
0.027944
30
0.030000
11
0.017725
21
0.027504
31
-0.000000
12
0.018206
22
0.027944
32
-0.000000
0
3DFACE
62
254
10
0.018206
20
0.027944
30
0.030000
11
0.017725
21
0.027504
31
0.030000
12
0.017725
22
0.027504
32
-0.000000
0
3DFACE
62
254
10
0.019361
20
0.028798
30
0.030000
11
0.018206
21
0.027944
31
-0.000000
12
0.019361
22
0.028798
32
-0.000000
0
3DFACE
62
254
10
0.019361
20
0.028798
30
0.030000
11
0.018206
21
0.027944
31
0.030000
12
0.018206
22
0.027944
32
-0.000000
0
3DFACE
62
254
10
0.020602
20
0.029522
30
0.030000
11
0.019361
21
0.028798
31
-0.000000
12
0.020602
22
0.029522
32
-0.000000
0
3DFACE
62
254
10
0.020602
20
0.029522
30
0.030000
11
0.019361
21
0.028798
31
0.030000
12
0.019361
22
0.028798
32
-0.000000
0
3DFACE
62
254
10
0.016090
20
0.030339
30
0.030000
11
0.016176
21
0.032161
31
0.030000
12
0.016176
22
0.032161
32
-0.000000
0
3DFACE
62
254
10
0.016090
20
0.030339
30
0.030000
11
0.016176
21
0.032161
31
-0.000000
12
0.016090
22
0.030339
32
-0.000000
0
3DFACE
62
254
10
0.015907
20
0.029214
30
0.030000
11
0.016090
21
0.030339
31
-0.000000
12
0.015907
22
0.029214
32
-0.000000
0
3DFACE
62
254
10
0.015907
20
0.029214
30
0.030000
11
0.016090
21
0.030339
31
0.030000
12
0.016090
22
0.030339
32
-0.000000
0
3DFACE
62
254
10
0.015580
20
0.028123
30
0.030000
11
0.015907
21
0.029214
31
-0.000000
12
0.015580
22
0.028123
32
-0.000000
0
3DFACE
62
254
10
0.015580
20
0.028123
30
0.030000
11
0.015907
21
0.029214
31
0.030000
12
0.015907
22
0.029214
32
-0.000000
0
3DFACE
62
254
10
0.016358
20
0.026920
30
0.030000
11
0.016358
21
0.026920
31
-0.000000
12
0.016474
22
0.026862
32
-0.000000
0
3DFACE
62
254
10
0.016474
20
0.026862
30
0.030000
11
0.016358
21
0.026920
31
0.030000
12
0.016474
22
0.026862
32
-0.000000
0
3DFACE
62
254
10
0.016598
20
0.026825
30
0.030000
11
0.016474
21
0.026862
31
-0.000000
12
0.016598
22
0.026825
32
-0.000000
0
3DFACE
62
254
10
0.016598
20
0.026825
30
0.030000
11
0.016474
21
0.026862
31
0.030000
12
0.016474
22
0.026862
32
-0.000000
0
3DFACE
62
254
10
0.016727
20
0.026810
30
0.030000
11
0.016598
21
0.026825
31
-0.000000
12
0.016727
22
0.026810
32
-0.000000
0
3DFACE
62
254
10
0.016727
20
0.026810
30
0.030000
11
0.016727
21
0.026810
31
-0.000000
12
0.016857
22
0.026816
32
-0.000000
0
3DFACE
62
254
10
0.016727
20
0.026810
30
0.030000
11
0.016598
21
0.026825
31
0.030000
12
0.016598
22
0.026825
32
-0.000000
0
3DFACE
62
254
10
0.016857
20
0.026816
30
0.030000
11
0.016857
21
0.026816
31
-0.000000
12
0.016983
22
0.026845
32
-0.000000
0
3DFACE
62
254
10
0.016857
20
0.026816
30
0.030000
11
0.016727
21
0.026810
31
0.030000
12
0.016857
22
0.026816
32
-0.000000
0
3DFACE
62
254
10
0.016983
20
0.026845
30
0.030000
11
0.016857
21
0.026816
31
0.030000
12
0.016983
22
0.026845
32
-0.000000
0
3DFACE
62
254
10
0.017103
20
0.026895
30
0.030000
11
0.016983
21
0.026845
31
-0.000000
12
0.017103
22
0.026895
32
-0.000000
0
3DFACE
62
254
10
0.017103
20
0.026895
30
0.030000
11
0.016983
21
0.026845
31
0.030000
12
0.016983
22
0.026845
32
-0.000000
0
3DFACE
62
254
10
0.016207
20
0.027011
30
0.030000
11
0.016358
21
0.026920
31
0.030000
12
0.016358
22
0.026920
32
-0.000000
0
3DFACE
62
254
10
0.016207
20
0.027011
30
0.030000
11
0.016207
21
0.027011
31
-0.000000
12
0.016056
22
0.027101
32
-0.000000
0
3DFACE
62
254
10
0.016207
20
0.027011
30
0.030000
11
0.016358
21
0.026920
31
-0.000000
12
0.016207
22
0.027011
32
-0.000000
0
3DFACE
62
254
10
0.016056
20
0.027101
30
0.030000
11
0.016207
21
0.027011
31
0.030000
12
0.016056
22
0.027101
32
-0.000000
0
3DFACE
62
254
10
0.015904
20
0.027190
30
0.030000
11
0.016056
21
0.027101
31
-0.000000
12
0.015904
22
0.027190
32
-0.000000
0
3DFACE
62
254
10
0.015904
20
0.027190
30
0.030000
11
0.016056
21
0.027101
31
0.030000
12
0.016056
22
0.027101
32
-0.000000
0
3DFACE
62
254
10
0.015545
20
0.028008
30
0.030000
11
0.015580
21
0.028123
31
0.030000
12
0.015580
22
0.028123
32
-0.000000
0
3DFACE
62
254
10
0.015545
20
0.028008
30
0.030000
11
0.015580
21
0.028123
31
-0.000000
12
0.015545
22
0.028008
32
-0.000000
0
3DFACE
62
254
10
0.015529
20
0.027890
30
0.030000
11
0.015545
21
0.028008
31
-0.000000
12
0.015529
22
0.027890
32
-0.000000
0
3DFACE
62
254
10
0.015529
20
0.027890
30
0.030000
11
0.015545
21
0.028008
31
0.030000
12
0.015545
22
0.028008
32
-0.000000
0
3DFACE
62
254
10
0.015532
20
0.027771
30
0.030000
11
0.015529
21
0.027890
31
-0.000000
12
0.015532
22
0.027771
32
-0.000000
0
3DFACE
62
254
10
0.015532
20
0.027771
30
0.030000
11
0.015529
21
0.027890
31
0.030000
12
0.015529
22
0.027890
32
-0.000000
0
3DFACE
62
254
10
0.015553
20
0.027654
30
0.030000
11
0.015532
21
0.027771
31
-0.000000
12
0.015553
22
0.027654
32
-0.000000
0
3DFACE
62
254
10
0.015553
20
0.027654
30
0.030000
11
0.015532
21
0.027771
31
0.030000
12
0.015532
22
0.027771
32
-0.000000
0
3DFACE
62
254
10
0.015592
20
0.027541
30
0.030000
11
0.015553
21
0.027654
31
-0.000000
12
0.015592
22
0.027541
32
-0.000000
0
3DFACE
62
254
10
0.015592
20
0.027541
30
0.030000
11
0.015553
21
0.027654
31
0.030000
12
0.015553
22
0.027654
32
-0.000000
0
3DFACE
62
254
10
0.015648
20
0.027436
30
0.030000
11
0.015592
21
0.027541
31
-0.000000
12
0.015648
22
0.027436
32
-0.000000
0
3DFACE
62
254
10
0.015648
20
0.027436
30
0.030000
11
0.015648
21
0.027436
31
-0.000000
12
0.015720
22
0.027341
32
-0.000000
0
3DFACE
62
254
10
0.015648
20
0.027436
30
0.030000
11
0.015592
21
0.027541
31
0.030000
12
0.015592
22
0.027541
32
-0.000000
0
3DFACE
62
254
10
0.015720
20
0.027341
30
0.030000
11
0.015720
21
0.027341
31
-0.000000
12
0.015806
22
0.027258
32
-0.000000
0
3DFACE
62
254
10
0.015720
20
0.027341
30
0.030000
11
0.015648
21
0.027436
31
0.030000
12
0.015720
22
0.027341
32
-0.000000
0
3DFACE
62
254
10
0.015806
20
0.027258
30
0.030000
11
0.015720
21
0.027341
31
0.030000
12
0.015806
22
0.027258
32
-0.000000
0
3DFACE
62
254
10
0.015904
20
0.027190
30
0.030000
11
0.015806
21
0.027258
31
-0.000000
12
0.015904
22
0.027190
32
-0.000000
0
3DFACE
62
254
10
0.015904
20
0.027190
30
0.030000
11
0.015806
21
0.027258
31
0.030000
12
0.015806
22
0.027258
32
-0.000000
0
3DFACE
62
254
10
0.012369
20
0.030293
30
0.030000
11
0.012062
21
0.029801
31
0.030000
12
0.012062
22
0.029801
32
-0.000000
0
3DFACE
62
254
10
0.012369
20
0.030293
30
0.030000
11
0.012062
21
0.029801
31
-0.000000
12
0.012369
22
0.030293
32
-0.000000
0
3DFACE
62
254
10
0.012762
20
0.030813
30
0.030000
11
0.012369
21
0.030293
31
-0.000000
12
0.012762
22
0.030813
32
-0.000000
0
3DFACE
62
254
10
0.012762
20
0.030813
30
0.030000
11
0.012369
21
0.030293
31
0.030000
12
0.012369
22
0.030293
32
-0.000000
0
3DFACE
62
254
10
0.013740
20
0.031865
30
0.030000
11
0.012762
21
0.030813
31
-0.000000
12
0.013740
22
0.031865
32
-0.000000
0
3DFACE
62
254
10
0.013740
20
0.031865
30
0.030000
11
0.012762
21
0.030813
31
0.030000
12
0.012762
22
0.030813
32
-0.000000
0
3DFACE
62
254
10
0.014826
20
0.032805
30
0.030000
11
0.013740
21
0.031865
31
-0.000000
12
0.014826
22
0.032805
32
-0.000000
0
3DFACE
62
254
10
0.014826
20
0.032805
30
0.030000
11
0.013740
21
0.031865
31
0.030000
12
0.013740
22
0.031865
32
-0.000000
0
3DFACE
62
254
10
0.010242
20
0.032779
30
0.030000
11
0.009991
21
0.034586
31
0.030000
12
0.009991
22
0.034586
32
-0.000000
0
3DFACE
62
254
10
0.010242
20
0.032779
30
0.030000
11
0.009991
21
0.034586
31
-0.000000
12
0.010242
22
0.032779
32
-0.000000
0
3DFACE
62
254
10
0.010268
20
0.031639
30
0.030000
11
0.010242
21
0.032779
31
-0.000000
12
0.010268
22
0.031639
32
-0.000000
0
3DFACE
62
254
10
0.010268
20
0.031639
30
0.030000
11
0.010242
21
0.032779
31
0.030000
12
0.010242
22
0.032779
32
-0.000000
0
3DFACE
62
254
10
0.010147
20
0.030506
30
0.030000
11
0.010268
21
0.031639
31
-0.000000
12
0.010147
22
0.030506
32
-0.000000
0
3DFACE
62
254
10
0.010147
20
0.030506
30
0.030000
11
0.010268
21
0.031639
31
0.030000
12
0.010268
22
0.031639
32
-0.000000
0
3DFACE
62
254
10
0.011256
20
0.029432
30
0.030000
11
0.011133
21
0.029467
31
0.030000
12
0.011133
22
0.029467
32
-0.000000
0
3DFACE
62
254
10
0.011256
20
0.029432
30
0.030000
11
0.011133
21
0.029467
31
-0.000000
12
0.011256
22
0.029432
32
-0.000000
0
3DFACE
62
254
10
0.011382
20
0.029418
30
0.030000
11
0.011256
21
0.029432
31
-0.000000
12
0.011382
22
0.029418
32
-0.000000
0
3DFACE
62
254
10
0.011382
20
0.029418
30
0.030000
11
0.011256
21
0.029432
31
0.030000
12
0.011256
22
0.029432
32
-0.000000
0
3DFACE
62
254
10
0.011510
20
0.029426
30
0.030000
11
0.011382
21
0.029418
31
-0.000000
12
0.011510
22
0.029426
32
-0.000000
0
3DFACE
62
254
10
0.011510
20
0.029426
30
0.030000
11
0.011510
21
0.029426
31
-0.000000
12
0.011634
22
0.029454
32
-0.000000
0
3DFACE
62
254
10
0.011510
20
0.029426
30
0.030000
11
0.011382
21
0.029418
31
0.030000
12
0.011382
22
0.029418
32
-0.000000
0
3DFACE
62
254
10
0.011634
20
0.029454
30
0.030000
11
0.011510
21
0.029426
31
0.030000
12
0.011634
22
0.029454
32
-0.000000
0
3DFACE
62
254
10
0.011752
20
0.029503
30
0.030000
11
0.011634
21
0.029454
31
-0.000000
12
0.011752
22
0.029503
32
-0.000000
0
3DFACE
62
254
10
0.011752
20
0.029503
30
0.030000
11
0.011634
21
0.029454
31
0.030000
12
0.011634
22
0.029454
32
-0.000000
0
3DFACE
62
254
10
0.010968
20
0.029529
30
0.030000
11
0.011133
21
0.029467
31
0.030000
12
0.011133
22
0.029467
32
-0.000000
0
3DFACE
62
254
10
0.010968
20
0.029529
30
0.030000
11
0.011133
21
0.029467
31
-0.000000
12
0.010968
22
0.029529
32
-0.000000
0
3DFACE
62
254
10
0.010803
20
0.029590
30
0.030000
11
0.010968
21
0.029529
31
-0.000000
12
0.010803
22
0.029590
32
-0.000000
0
3DFACE
62
254
10
0.010803
20
0.029590
30
0.030000
11
0.010968
21
0.029529
31
0.030000
12
0.010968
22
0.029529
32
-0.000000
0
3DFACE
62
254
10
0.010637
20
0.029650
30
0.030000
11
0.010803
21
0.029590
31
-0.000000
12
0.010637
22
0.029650
32
-0.000000
0
3DFACE
62
254
10
0.010637
20
0.029650
30
0.030000
11
0.010803
21
0.029590
31
0.030000
12
0.010803
22
0.029590
32
-0.000000
0
3DFACE
62
254
10
0.010134
20
0.030388
30
0.030000
11
0.010147
21
0.030506
31
0.030000
12
0.010147
22
0.030506
32
-0.000000
0
3DFACE
62
254
10
0.010134
20
0.030388
30
0.030000
11
0.010147
21
0.030506
31
-0.000000
12
0.010134
22
0.030388
32
-0.000000
0
3DFACE
62
254
10
0.010140
20
0.030269
30
0.030000
11
0.010134
21
0.030388
31
-0.000000
12
0.010140
22
0.030269
32
-0.000000
0
3DFACE
62
254
10
0.010140
20
0.030269
30
0.030000
11
0.010134
21
0.030388
31
0.030000
12
0.010134
22
0.030388
32
-0.000000
0
3DFACE
62
254
10
0.010164
20
0.030152
30
0.030000
11
0.010140
21
0.030269
31
-0.000000
12
0.010164
22
0.030152
32
-0.000000
0
3DFACE
62
254
10
0.010164
20
0.030152
30
0.030000
11
0.010140
21
0.030269
31
0.030000
12
0.010140
22
0.030269
32
-0.000000
0
3DFACE
62
254
10
0.010207
20
0.030041
30
0.030000
11
0.010164
21
0.030152
31
-0.000000
12
0.010207
22
0.030041
32
-0.000000
0
3DFACE
62
254
10
0.010207
20
0.030041
30
0.030000
11
0.010207
21
0.030041
31
-0.000000
12
0.010266
22
0.029937
32
-0.000000
0
3DFACE
62
254
10
0.010207
20
0.030041
30
0.030000
11
0.010164
21
0.030152
31
0.030000
12
0.010164
22
0.030152
32
-0.000000
0
3DFACE
62
254
10
0.010266
20
0.029937
30
0.030000
11
0.010207
21
0.030041
31
0.030000
12
0.010266
22
0.029937
32
-0.000000
0
3DFACE
62
254
10
0.010340
20
0.029844
30
0.030000
11
0.010266
21
0.029937
31
-0.000000
12
0.010340
22
0.029844
32
-0.000000
0
3DFACE
62
254
10
0.010340
20
0.029844
30
0.030000
11
0.010266
21
0.029937
31
0.030000
12
0.010266
22
0.029937
32
-0.000000
0
3DFACE
62
254
10
0.010429
20
0.029764
30
0.030000
11
0.010340
21
0.029844
31
-0.000000
12
0.010429
22
0.029764
32
-0.000000
0
3DFACE
62
254
10
0.010429
20
0.029764
30
0.030000
11
0.010429
21
0.029764
31
-0.000000
12
0.010528
22
0.029699
32
-0.000000
0
3DFACE
62
254
10
0.010429
20
0.029764
30
0.030000
11
0.010340
21
0.029844
31
0.030000
12
0.010340
22
0.029844
32
-0.000000
0
3DFACE
62
254
10
0.010528
20
0.029699
30
0.030000
11
0.010528
21
0.029699
31
-0.000000
12
0.010637
22
0.029650
32
-0.000000
0
3DFACE
62
254
10
0.010528
20
0.029699
30
0.030000
11
0.010429
21
0.029764
31
0.030000
12
0.010528
22
0.029699
32
-0.000000
0
3DFACE
62
254
10
0.010637
20
0.029650
30
0.030000
11
0.010528
21
0.029699
31
0.030000
12
0.010637
22
0.029650
32
-0.000000
0
3DFACE
62
254
10
0.006592
20
0.032050
30
0.030000
11
0.006380
21
0.031510
31
0.030000
12
0.006380
22
0.031510
32
-0.000000
0
3DFACE
62
254
10
0.006592
20
0.032050
30
0.030000
11
0.006380
21
0.031510
31
-0.000000
12
0.006592
22
0.032050
32
-0.000000
0
3DFACE
62
254
10
0.006883
20
0.032634
30
0.030000
11
0.006592
21
0.032050
31
-0.000000
12
0.006883
22
0.032634
32
-0.000000
0
3DFACE
62
254
10
0.006883
20
0.032634
30
0.030000
11
0.006592
21
0.032050
31
0.030000
12
0.006592
22
0.032050
32
-0.000000
0
3DFACE
62
254
10
0.007651
20
0.033847
30
0.030000
11
0.006883
21
0.032634
31
-0.000000
12
0.007651
22
0.033847
32
-0.000000
0
3DFACE
62
254
10
0.007651
20
0.033847
30
0.030000
11
0.006883
21
0.032634
31
0.030000
12
0.006883
22
0.032634
32
-0.000000
0
3DFACE
62
254
10
0.008546
20
0.034971
30
0.030000
11
0.007651
21
0.033847
31
-0.000000
12
0.008546
22
0.034971
32
-0.000000
0
3DFACE
62
254
10
0.008546
20
0.034971
30
0.030000
11
0.007651
21
0.033847
31
0.030000
12
0.007651
22
0.033847
32
-0.000000
0
3DFACE
62
254
10
0.004044
20
0.034103
30
0.030000
11
0.003465
21
0.035833
31
0.030000
12
0.003465
22
0.035833
32
-0.000000
0
3DFACE
62
254
10
0.004044
20
0.034103
30
0.030000
11
0.003465
21
0.035833
31
-0.000000
12
0.004044
22
0.034103
32
-0.000000
0
3DFACE
62
254
10
0.004279
20
0.032987
30
0.030000
11
0.004044
21
0.034103
31
-0.000000
12
0.004279
22
0.032987
32
-0.000000
0
3DFACE
62
254
10
0.004279
20
0.032987
30
0.030000
11
0.004044
21
0.034103
31
0.030000
12
0.004044
22
0.034103
32
-0.000000
0
3DFACE
62
254
10
0.004369
20
0.031852
30
0.030000
11
0.004279
21
0.032987
31
-0.000000
12
0.004369
22
0.031852
32
-0.000000
0
3DFACE
62
254
10
0.004369
20
0.031852
30
0.030000
11
0.004279
21
0.032987
31
0.030000
12
0.004279
22
0.032987
32
-0.000000
0
3DFACE
62
254
10
0.005529
20
0.031011
30
0.030000
11
0.005529
21
0.031011
31
-0.000000
12
0.005653
22
0.030999
32
-0.000000
0
3DFACE
62
254
10
0.005653
20
0.030999
30
0.030000
11
0.005529
21
0.031011
31
0.030000
12
0.005653
22
0.030999
32
-0.000000
0
3DFACE
62
254
10
0.005777
20
0.031008
30
0.030000
11
0.005653
21
0.030999
31
-0.000000
12
0.005777
22
0.031008
32
-0.000000
0
3DFACE
62
254
10
0.005777
20
0.031008
30
0.030000
11
0.005777
21
0.031008
31
-0.000000
12
0.005898
22
0.031037
32
-0.000000
0
3DFACE
62
254
10
0.005777
20
0.031008
30
0.030000
11
0.005653
21
0.030999
31
0.030000
12
0.005653
22
0.030999
32
-0.000000
0
3DFACE
62
254
10
0.005898
20
0.031037
30
0.030000
11
0.005777
21
0.031008
31
0.030000
12
0.005898
22
0.031037
32
-0.000000
0
3DFACE
62
254
10
0.006012
20
0.031085
30
0.030000
11
0.005898
21
0.031037
31
-0.000000
12
0.006012
22
0.031085
32
-0.000000
0
3DFACE
62
254
10
0.006012
20
0.031085
30
0.030000
11
0.005898
21
0.031037
31
0.030000
12
0.005898
22
0.031037
32
-0.000000
0
3DFACE
62
254
10
0.005355
20
0.031041
30
0.030000
11
0.005529
21
0.031011
31
0.030000
12
0.005529
22
0.031011
32
-0.000000
0
3DFACE
62
254
10
0.005355
20
0.031041
30
0.030000
11
0.005355
21
0.031041
31
-0.000000
12
0.005182
22
0.031071
32
-0.000000
0
3DFACE
62
254
10
0.005355
20
0.031041
30
0.030000
11
0.005529
21
0.031011
31
-0.000000
12
0.005355
22
0.031041
32
-0.000000
0
3DFACE
62
254
10
0.005182
20
0.031071
30
0.030000
11
0.005355
21
0.031041
31
0.030000
12
0.005182
22
0.031071
32
-0.000000
0
3DFACE
62
254
10
0.005008
20
0.031099
30
0.030000
11
0.005182
21
0.031071
31
-0.000000
12
0.005008
22
0.031099
32
-0.000000
0
3DFACE
62
254
10
0.005008
20
0.031099
30
0.030000
11
0.005182
21
0.031071
31
0.030000
12
0.005182
22
0.031071
32
-0.000000
0
3DFACE
62
254
10
0.004378
20
0.031733
30
0.030000
11
0.004369
21
0.031852
31
0.030000
12
0.004369
22
0.031852
32
-0.000000
0
3DFACE
62
254
10
0.004378
20
0.031733
30
0.030000
11
0.004369
21
0.031852
31
-0.000000
12
0.004378
22
0.031733
32
-0.000000
0
3DFACE
62
254
10
0.004405
20
0.031617
30
0.030000
11
0.004378
21
0.031733
31
-0.000000
12
0.004405
22
0.031617
32
-0.000000
0
3DFACE
62
254
10
0.004405
20
0.031617
30
0.030000
11
0.004378
21
0.031733
31
0.030000
12
0.004378
22
0.031733
32
-0.000000
0
3DFACE
62
254
10
0.004451
20
0.031506
30
0.030000
11
0.004405
21
0.031617
31
-0.000000
12
0.004451
22
0.031506
32
-0.000000
0
3DFACE
62
254
10
0.004451
20
0.031506
30
0.030000
11
0.004405
21
0.031617
31
0.030000
12
0.004405
22
0.031617
32
-0.000000
0
3DFACE
62
254
10
0.004513
20
0.031405
30
0.030000
11
0.004451
21
0.031506
31
-0.000000
12
0.004513
22
0.031405
32
-0.000000
0
3DFACE
62
254
10
0.004513
20
0.031405
30
0.030000
11
0.004451
21
0.031506
31
0.030000
12
0.004451
22
0.031506
32
-0.000000
0
3DFACE
62
254
10
0.004590
20
0.031314
30
0.030000
11
0.004513
21
0.031405
31
-0.000000
12
0.004590
22
0.031314
32
-0.000000
0
3DFACE
62
254
10
0.004590
20
0.031314
30
0.030000
11
0.004513
21
0.031405
31
0.030000
12
0.004513
22
0.031405
32
-0.000000
0
3DFACE
62
254
10
0.004680
20
0.031236
30
0.030000
11
0.004590
21
0.031314
31
-0.000000
12
0.004680
22
0.031236
32
-0.000000
0
3DFACE
62
254
10
0.004680
20
0.031236
30
0.030000
11
0.004590
21
0.031314
31
0.030000
12
0.004590
22
0.031314
32
-0.000000
0
3DFACE
62
254
10
0.004782
20
0.031173
30
0.030000
11
0.004680
21
0.031236
31
-0.000000
12
0.004782
22
0.031173
32
-0.000000
0
3DFACE
62
254
10
0.004782
20
0.031173
30
0.030000
11
0.004680
21
0.031236
31
0.030000
12
0.004680
22
0.031236
32
-0.000000
0
3DFACE
62
254
10
0.004892
20
0.031128
30
0.030000
11
0.004782
21
0.031173
31
-0.000000
12
0.004892
22
0.031128
32
-0.000000
0
3DFACE
62
254
10
0.004892
20
0.031128
30
0.030000
11
0.004892
21
0.031128
31
-0.000000
12
0.005008
22
0.031099
32
-0.000000
0
3DFACE
62
254
10
0.004892
20
0.031128
30
0.030000
11
0.004782
21
0.031173
31
0.030000
12
0.004782
22
0.031173
32
-0.000000
0
3DFACE
62
254
10
0.005008
20
0.031099
30
0.030000
11
0.004892
21
0.031128
31
0.030000
12
0.005008
22
0.031099
32
-0.000000
0
3DFACE
62
254
10
0.000591
20
0.032716
30
0.030000
11
0.000482
21
0.032146
31
0.030000
12
0.000482
22
0.032146
32
-0.000000
0
3DFACE
62
254
10
0.000591
20
0.032716
30
0.030000
11
0.000482
21
0.032146
31
-0.000000
12
0.000591
22
0.032716
32
-0.000000
0
3DFACE
62
254
10
0.000769
20
0.033343
30
0.030000
11
0.000591
21
0.032716
31
-0.000000
12
0.000769
22
0.033343
32
-0.000000
0
3DFACE
62
254
10
0.000769
20
0.033343
30
0.030000
11
0.000591
21
0.032716
31
0.030000
12
0.000591
22
0.032716
32
-0.000000
0
3DFACE
62
254
10
0.001301
20
0.034677
30
0.030000
11
0.000769
21
0.033343
31
-0.000000
12
0.001301
22
0.034677
32
-0.000000
0
3DFACE
62
254
10
0.001301
20
0.034677
30
0.030000
11
0.000769
21
0.033343
31
0.030000
12
0.000769
22
0.033343
32
-0.000000
0
3DFACE
62
254
10
0.001975
20
0.035946
30
0.030000
11
0.001301
21
0.034677
31
-0.000000
12
0.001975
22
0.035946
32
-0.000000
0
3DFACE
62
254
10
0.001975
20
0.035946
30
0.030000
11
0.001301
21
0.034677
31
0.030000
12
0.001301
22
0.034677
32
-0.000000
0
3DFACE
62
254
10
-0.002291
20
0.034266
30
0.030000
11
-0.003178
21
0.035859
31
0.030000
12
-0.003178
22
0.035859
32
-0.000000
0
3DFACE
62
254
10
-0.002291
20
0.034266
30
0.030000
11
-0.003178
21
0.035859
31
-0.000000
12
-0.002291
22
0.034266
32
-0.000000
0
3DFACE
62
254
10
-0.001855
20
0.033212
30
0.030000
11
-0.002291
21
0.034266
31
-0.000000
12
-0.001855
22
0.033212
32
-0.000000
0
3DFACE
62
254
10
-0.001855
20
0.033212
30
0.030000
11
-0.002291
21
0.034266
31
0.030000
12
-0.002291
22
0.034266
32
-0.000000
0
3DFACE
62
254
10
-0.001558
20
0.032112
30
0.030000
11
-0.001855
21
0.033212
31
-0.000000
12
-0.001558
22
0.032112
32
-0.000000
0
3DFACE
62
254
10
-0.001558
20
0.032112
30
0.030000
11
-0.001855
21
0.033212
31
0.030000
12
-0.001855
22
0.033212
32
-0.000000
0
3DFACE
62
254
10
-0.000145
20
0.031509
30
0.030000
11
-0.000264
21
0.031499
31
0.030000
12
-0.000264
22
0.031499
32
-0.000000
0
3DFACE
62
254
10
-0.000145
20
0.031509
30
0.030000
11
-0.000264
21
0.031499
31
-0.000000
12
-0.000145
22
0.031509
32
-0.000000
0
3DFACE
62
254
10
-0.000029
20
0.031538
30
0.030000
11
-0.000145
21
0.031509
31
-0.000000
12
-0.000029
22
0.031538
32
-0.000000
0
3DFACE
62
254
10
-0.000029
20
0.031538
30
0.030000
11
-0.000145
21
0.031509
31
0.030000
12
-0.000145
22
0.031509
32
-0.000000
0
3DFACE
62
254
10
0.000080
20
0.031584
30
0.030000
11
-0.000029
21
0.031538
31
-0.000000
12
0.000080
22
0.031584
32
-0.000000
0
3DFACE
62
254
10
0.000080
20
0.031584
30
0.030000
11
-0.000029
21
0.031538
31
0.030000
12
-0.000029
22
0.031538
32
-0.000000
0
3DFACE
62
254
10
-0.000440
20
0.031497
30
0.030000
11
-0.000264
21
0.031499
31
0.030000
12
-0.000264
22
0.031499
32
-0.000000
0
3DFACE
62
254
10
-0.000440
20
0.031497
30
0.030000
11
-0.000264
21
0.031499
31
-0.000000
12
-0.000440
22
0.031497
32
-0.000000
0
3DFACE
62
254
10
-0.000616
20
0.031494
30
0.030000
11
-0.000440
21
0.031497
31
-0.000000
12
-0.000616
22
0.031494
32
-0.000000
0
3DFACE
62
254
10
-0.000616
20
0.031494
30
0.030000
11
-0.000440
21
0.031497
31
0.030000
12
-0.000440
22
0.031497
32
-0.000000
0
3DFACE
62
254
10
-0.000792
20
0.031490
30
0.030000
11
-0.000616
21
0.031494
31
-0.000000
12
-0.000792
22
0.031490
32
-0.000000
0
3DFACE
62
254
10
-0.000792
20
0.031490
30
0.030000
11
-0.000616
21
0.031494
31
0.030000
12
-0.000616
22
0.031494
32
-0.000000
0
3DFACE
62
254
10
-0.001528
20
0.031997
30
0.030000
11
-0.001558
21
0.032112
31
0.030000
12
-0.001558
22
0.032112
32
-0.000000
0
3DFACE
62
254
10
-0.001528
20
0.031997
30
0.030000
11
-0.001558
21
0.032112
31
-0.000000
12
-0.001528
22
0.031997
32
-0.000000
0
3DFACE
62
254
10
-0.001479
20
0.031888
30
0.030000
11
-0.001528
21
0.031997
31
-0.000000
12
-0.001479
22
0.031888
32
-0.000000
0
3DFACE
62
254
10
-0.001479
20
0.031888
30
0.030000
11
-0.001479
21
0.031888
31
-0.000000
12
-0.001414
22
0.031788
32
-0.000000
0
3DFACE
62
254
10
-0.001479
20
0.031888
30
0.030000
11
-0.001528
21
0.031997
31
0.030000
12
-0.001528
22
0.031997
32
-0.000000
0
3DFACE
62
254
10
-0.001414
20
0.031788
30
0.030000
11
-0.001479
21
0.031888
31
0.030000
12
-0.001414
22
0.031788
32
-0.000000
0
3DFACE
62
254
10
-0.001335
20
0.031699
30
0.030000
11
-0.001414
21
0.031788
31
-0.000000
12
-0.001335
22
0.031699
32
-0.000000
0
3DFACE
62
254
10
-0.001335
20
0.031699
30
0.030000
11
-0.001335
21
0.031699
31
-0.000000
12
-0.001242
22
0.031624
32
-0.000000
0
3DFACE
62
254
10
-0.001335
20
0.031699
30
0.030000
11
-0.001414
21
0.031788
31
0.030000
12
-0.001414
22
0.031788
32
-0.000000
0
3DFACE
62
254
10
-0.001242
20
0.031624
30
0.030000
11
-0.001242
21
0.031624
31
-0.000000
12
-0.001139
22
0.031564
32
-0.000000
0
3DFACE
62
254
10
-0.001242
20
0.031624
30
0.030000
11
-0.001335
21
0.031699
31
0.030000
12
-0.001242
22
0.031624
32
-0.000000
0
3DFACE
62
254
10
-0.001139
20
0.031564
30
0.030000
11
-0.001139
21
0.031564
31
-0.000000
12
-0.001028
22
0.031521
32
-0.000000
0
3DFACE
62
254
10
-0.001139
20
0.031564
30
0.030000
11
-0.001242
21
0.031624
31
0.030000
12
-0.001139
22
0.031564
32
-0.000000
0
3DFACE
62
254
10
-0.001028
20
0.031521
30
0.030000
11
-0.001139
21
0.031564
31
0.030000
12
-0.001028
22
0.031521
32
-0.000000
0
3DFACE
62
254
10
-0.000911
20
0.031496
30
0.030000
11
-0.001028
21
0.031521
31
-0.000000
12
-0.000911
22
0.031496
32
-0.000000
0
3DFACE
62
254
10
-0.000911
20
0.031496
30
0.030000
11
-0.001028
21
0.031521
31
0.030000
12
-0.001028
22
0.031521
32
-0.000000
0
3DFACE
62
254
10
-0.000792
20
0.031490
30
0.030000
11
-0.000911
21
0.031496
31
-0.000000
12
-0.000792
22
0.031490
32
-0.000000
0
3DFACE
62
254
10
-0.000792
20
0.031490
30
0.030000
11
-0.000911
21
0.031496
31
0.030000
12
-0.000911
22
0.031496
32
-0.000000
0
3DFACE
62
254
10
-0.005431
20
0.032267
30
0.030000
11
-0.005433
21
0.031687
31
0.030000
12
-0.005433
22
0.031687
32
-0.000000
0
3DFACE
62
254
10
-0.005431
20
0.032267
30
0.030000
11
-0.005433
21
0.031687
31
-0.000000
12
-0.005431
22
0.032267
32
-0.000000
0
3DFACE
62
254
10
-0.005371
20
0.032916
30
0.030000
11
-0.005431
21
0.032267
31
-0.000000
12
-0.005371
22
0.032916
32
-0.000000
0
3DFACE
62
254
10
-0.005371
20
0.032916
30
0.030000
11
-0.005431
21
0.032267
31
0.030000
12
-0.005431
22
0.032267
32
-0.000000
0
3DFACE
62
254
10
-0.005093
20
0.034325
30
0.030000
11
-0.005371
21
0.032916
31
-0.000000
12
-0.005093
22
0.034325
32
-0.000000
0
3DFACE
62
254
10
-0.005093
20
0.034325
30
0.030000
11
-0.005371
21
0.032916
31
0.030000
12
-0.005371
22
0.032916
32
-0.000000
0
3DFACE
62
254
10
-0.004664
20
0.035697
30
0.030000
11
-0.005093
21
0.034325
31
-0.000000
12
-0.004664
22
0.035697
32
-0.000000
0
3DFACE
62
254
10
-0.004664
20
0.035697
30
0.030000
11
-0.005093
21
0.034325
31
0.030000
12
-0.005093
22
0.034325
32
-0.000000
0
3DFACE
62
254
10
-0.008548
20
0.033261
30
0.030000
11
-0.009713
21
0.034665
31
0.030000
12
-0.009713
22
0.034665
32
-0.000000
0
3DFACE
62
254
10
-0.008548
20
0.033261
30
0.030000
11
-0.009713
21
0.034665
31
-0.000000
12
-0.008548
22
0.033261
32
-0.000000
0
3DFACE
62
254
10
-0.007926
20
0.032306
30
0.030000
11
-0.008548
21
0.033261
31
-0.000000
12
-0.007926
22
0.032306
32
-0.000000
0
3DFACE
62
254
10
-0.007926
20
0.032306
30
0.030000
11
-0.008548
21
0.033261
31
0.030000
12
-0.008548
22
0.033261
32
-0.000000
0
3DFACE
62
254
10
-0.007432
20
0.031279
30
0.030000
11
-0.007926
21
0.032306
31
-0.000000
12
-0.007432
22
0.031279
32
-0.000000
0
3DFACE
62
254
10
-0.007432
20
0.031279
30
0.030000
11
-0.007926
21
0.032306
31
0.030000
12
-0.007926
22
0.032306
32
-0.000000
0
3DFACE
62
254
10
-0.005977
20
0.030931
30
0.030000
11
-0.006047
21
0.030914
31
0.030000
12
-0.006047
22
0.030914
32
-0.000000
0
3DFACE
62
254
10
-0.005977
20
0.030931
30
0.030000
11
-0.006047
21
0.030914
31
-0.000000
12
-0.005977
22
0.030931
32
-0.000000
0
3DFACE
62
254
10
-0.005908
20
0.030955
30
0.030000
11
-0.005977
21
0.030931
31
-0.000000
12
-0.005908
22
0.030955
32
-0.000000
0
3DFACE
62
254
10
-0.005908
20
0.030955
30
0.030000
11
-0.005977
21
0.030931
31
0.030000
12
-0.005977
22
0.030931
32
-0.000000
0
3DFACE
62
254
10
-0.005843
20
0.030985
30
0.030000
11
-0.005908
21
0.030955
31
-0.000000
12
-0.005843
22
0.030985
32
-0.000000
0
3DFACE
62
254
10
-0.005843
20
0.030985
30
0.030000
11
-0.005908
21
0.030955
31
0.030000
12
-0.005908
22
0.030955
32
-0.000000
0
3DFACE
62
254
10
-0.006220
20
0.030880
30
0.030000
11
-0.006047
21
0.030914
31
0.030000
12
-0.006047
22
0.030914
32
-0.000000
0
3DFACE
62
254
10
-0.006220
20
0.030880
30
0.030000
11
-0.006220
21
0.030880
31
-0.000000
12
-0.006392
22
0.030845
32
-0.000000
0
3DFACE
62
254
10
-0.006220
20
0.030880
30
0.030000
11
-0.006047
21
0.030914
31
-0.000000
12
-0.006220
22
0.030880
32
-0.000000
0
3DFACE
62
254
10
-0.006392
20
0.030845
30
0.030000
11
-0.006220
21
0.030880
31
0.030000
12
-0.006392
22
0.030845
32
-0.000000
0
3DFACE
62
254
10
-0.006565
20
0.030808
30
0.030000
11
-0.006392
21
0.030845
31
-0.000000
12
-0.006565
22
0.030808
32
-0.000000
0
3DFACE
62
254
10
-0.006565
20
0.030808
30
0.030000
11
-0.006392
21
0.030845
31
0.030000
12
-0.006392
22
0.030845
32
-0.000000
0
3DFACE
62
254
10
-0.007432
20
0.031279
30
0.030000
11
-0.007432
21
0.031279
31
-0.000000
12
-0.007381
22
0.031171
32
-0.000000
0
3DFACE
62
254
10
-0.007381
20
0.031171
30
0.030000
11
-0.007432
21
0.031279
31
0.030000
12
-0.007381
22
0.031171
32
-0.000000
0
3DFACE
62
254
10
-0.007313
20
0.031073
30
0.030000
11
-0.007381
21
0.031171
31
-0.000000
12
-0.007313
22
0.031073
32
-0.000000
0
3DFACE
62
254
10
-0.007313
20
0.031073
30
0.030000
11
-0.007381
21
0.031171
31
0.030000
12
-0.007381
22
0.031171
32
-0.000000
0
3DFACE
62
254
10
-0.007231
20
0.030987
30
0.030000
11
-0.007313
21
0.031073
31
-0.000000
12
-0.007231
22
0.030987
32
-0.000000
0
3DFACE
62
254
10
-0.007231
20
0.030987
30
0.030000
11
-0.007313
21
0.031073
31
0.030000
12
-0.007313
22
0.031073
32
-0.000000
0
3DFACE
62
254
10
-0.007137
20
0.030914
30
0.030000
11
-0.007231
21
0.030987
31
-0.000000
12
-0.007137
22
0.030914
32
-0.000000
0
3DFACE
62
254
10
-0.007137
20
0.030914
30
0.030000
11
-0.007231
21
0.030987
31
0.030000
12
-0.007231
22
0.030987
32
-0.000000
0
3DFACE
62
254
10
-0.007032
20
0.030857
30
0.030000
11
-0.007137
21
0.030914
31
-0.000000
12
-0.007032
22
0.030857
32
-0.000000
0
3DFACE
62
254
10
-0.007032
20
0.030857
30
0.030000
11
-0.007137
21
0.030914
31
0.030000
12
-0.007137
22
0.030914
32
-0.000000
0
3DFACE
62
254
10
-0.006919
20
0.030817
30
0.030000
11
-0.007032
21
0.030857
31
-0.000000
12
-0.006919
22
0.030817
32
-0.000000
0
3DFACE
62
254
10
-0.006919
20
0.030817
30
0.030000
11
-0.006919
21
0.030817
31
-0.000000
12
-0.006802
22
0.030796
32
-0.000000
0
3DFACE
62
254
10
-0.006919
20
0.030817
30
0.030000
11
-0.007032
21
0.030857
31
0.030000
12
-0.007032
22
0.030857
32
-0.000000
0
3DFACE
62
254
10
-0.006802
20
0.030796
30
0.030000
11
-0.006802
21
0.030796
31
-0.000000
12
-0.006683
22
0.030793
32
-0.000000
0
3DFACE
62
254
10
-0.006802
20
0.030796
30
0.030000
11
-0.006919
21
0.030817
31
0.030000
12
-0.006802
22
0.030796
32
-0.000000
0
3DFACE
62
254
10
-0.006683
20
0.030793
30
0.030000
11
-0.006802
21
0.030796
31
0.030000
12
-0.006683
22
0.030793
32
-0.000000
0
3DFACE
62
254
10
-0.006565
20
0.030808
30
0.030000
11
-0.006683
21
0.030793
31
-0.000000
12
-0.006565
22
0.030808
32
-0.000000
0
3DFACE
62
254
10
-0.006565
20
0.030808
30
0.030000
11
-0.006683
21
0.030793
31
0.030000
12
-0.006683
22
0.030793
32
-0.000000
0
3DFACE
62
254
10
-0.011267
20
0.030720
30
0.030000
11
-0.011163
21
0.030149
31
0.030000
12
-0.011163
22
0.030149
32
-0.000000
0
3DFACE
62
254
10
-0.011267
20
0.030720
30
0.030000
11
-0.011163
21
0.030149
31
-0.000000
12
-0.011267
22
0.030720
32
-0.000000
0
3DFACE
62
254
10
-0.011328
20
0.031369
30
0.030000
11
-0.011267
21
0.030720
31
-0.000000
12
-0.011328
22
0.031369
32
-0.000000
0
3DFACE
62
254
10
-0.011328
20
0.031369
30
0.030000
11
-0.011267
21
0.030720
31
0.030000
12
-0.011267
22
0.030720
32
-0.000000
0
3DFACE
62
254
10
-0.011313
20
0.032805
30
0.030000
11
-0.011328
21
0.031369
31
-0.000000
12
-0.011313
22
0.032805
32
-0.000000
0
3DFACE
62
254
10
-0.011313
20
0.032805
30
0.030000
11
-0.011313
21
0.032805
31
-0.000000
12
-0.011144
22
0.034232
32
-0.000000
0
3DFACE
62
254
10
-0.011313
20
0.032805
30
0.030000
11
-0.011328
21
0.031369
31
0.030000
12
-0.011328
22
0.031369
32
-0.000000
0
3DFACE
62
254
10
-0.011144
20
0.034232
30
0.030000
11
-0.011313
21
0.032805
31
0.030000
12
-0.011144
22
0.034232
32
-0.000000
0
3DFACE
62
254
10
-0.014515
20
0.031124
30
0.030000
11
-0.015917
21
0.032290
31
0.030000
12
-0.015917
22
0.032290
32
-0.000000
0
3DFACE
62
254
10
-0.014515
20
0.031124
30
0.030000
11
-0.015917
21
0.032290
31
-0.000000
12
-0.014515
22
0.031124
32
-0.000000
0
3DFACE
62
254
10
-0.013727
20
0.030299
30
0.030000
11
-0.014515
21
0.031124
31
-0.000000
12
-0.013727
22
0.030299
32
-0.000000
0
3DFACE
62
254
10
-0.013727
20
0.030299
30
0.030000
11
-0.014515
21
0.031124
31
0.030000
12
-0.014515
22
0.031124
32
-0.000000
0
3DFACE
62
254
10
-0.013053
20
0.029381
30
0.030000
11
-0.013727
21
0.030299
31
-0.000000
12
-0.013053
22
0.029381
32
-0.000000
0
3DFACE
62
254
10
-0.013053
20
0.029381
30
0.030000
11
-0.013727
21
0.030299
31
0.030000
12
-0.013727
22
0.030299
32
-0.000000
0
3DFACE
62
254
10
-0.011601
20
0.029286
30
0.030000
11
-0.011624
21
0.029277
31
0.030000
12
-0.011624
22
0.029277
32
-0.000000
0
3DFACE
62
254
10
-0.011601
20
0.029286
30
0.030000
11
-0.011624
21
0.029277
31
-0.000000
12
-0.011601
22
0.029286
32
-0.000000
0
3DFACE
62
254
10
-0.011578
20
0.029297
30
0.030000
11
-0.011601
21
0.029286
31
-0.000000
12
-0.011578
22
0.029297
32
-0.000000
0
3DFACE
62
254
10
-0.011578
20
0.029297
30
0.030000
11
-0.011601
21
0.029286
31
0.030000
12
-0.011601
22
0.029286
32
-0.000000
0
3DFACE
62
254
10
-0.011555
20
0.029308
30
0.030000
11
-0.011578
21
0.029297
31
-0.000000
12
-0.011555
22
0.029308
32
-0.000000
0
3DFACE
62
254
10
-0.011555
20
0.029308
30
0.030000
11
-0.011578
21
0.029297
31
0.030000
12
-0.011578
22
0.029297
32
-0.000000
0
3DFACE
62
254
10
-0.011788
20
0.029211
30
0.030000
11
-0.011624
21
0.029277
31
0.030000
12
-0.011624
22
0.029277
32
-0.000000
0
3DFACE
62
254
10
-0.011788
20
0.029211
30
0.030000
11
-0.011624
21
0.029277
31
-0.000000
12
-0.011788
22
0.029211
32
-0.000000
0
3DFACE
62
254
10
-0.011951
20
0.029145
30
0.030000
11
-0.011951
21
0.029145
31
-0.000000
12
-0.012114
22
0.029078
32
-0.000000
0
3DFACE
62
254
10
-0.011951
20
0.029145
30
0.030000
11
-0.011788
21
0.029211
31
-0.000000
12
-0.011951
22
0.029145
32
-0.000000
0
3DFACE
62
254
10
-0.011951
20
0.029145
30
0.030000
11
-0.011788
21
0.029211
31
0.030000
12
-0.011788
22
0.029211
32
-0.000000
0
3DFACE
62
254
10
-0.012114
20
0.029078
30
0.030000
11
-0.011951
21
0.029145
31
0.030000
12
-0.012114
22
0.029078
32
-0.000000
0
3DFACE
62
254
10
-0.012983
20
0.029284
30
0.030000
11
-0.013053
21
0.029381
31
0.030000
12
-0.013053
22
0.029381
32
-0.000000
0
3DFACE
62
254
10
-0.012983
20
0.029284
30
0.030000
11
-0.013053
21
0.029381
31
-0.000000
12
-0.012983
22
0.029284
32
-0.000000
0
3DFACE
62
254
10
-0.012899
20
0.029200
30
0.030000
11
-0.012983
21
0.029284
31
-0.000000
12
-0.012899
22
0.029200
32
-0.000000
0
3DFACE
62
254
10
-0.012899
20
0.029200
30
0.030000
11
-0.012899
21
0.029200
31
-0.000000
12
-0.012802
22
0.029130
32
-0.000000
0
3DFACE
62
254
10
-0.012899
20
0.029200
30
0.030000
11
-0.012983
21
0.029284
31
0.030000
12
-0.012983
22
0.029284
32
-0.000000
0
3DFACE
62
254
10
-0.012802
20
0.029130
30
0.030000
11
-0.012899
21
0.029200
31
0.030000
12
-0.012802
22
0.029130
32
-0.000000
0
3DFACE
62
254
10
-0.012696
20
0.029076
30
0.030000
11
-0.012802
21
0.029130
31
-0.000000
12
-0.012696
22
0.029076
32
-0.000000
0
3DFACE
62
254
10
-0.012696
20
0.029076
30
0.030000
11
-0.012696
21
0.029076
31
-0.000000
12
-0.012582
22
0.029040
32
-0.000000
0
3DFACE
62
254
10
-0.012696
20
0.029076
30
0.030000
11
-0.012802
21
0.029130
31
0.030000
12
-0.012802
22
0.029130
32
-0.000000
0
3DFACE
62
254
10
-0.012582
20
0.029040
30
0.030000
11
-0.012696
21
0.029076
31
0.030000
12
-0.012582
22
0.029040
32
-0.000000
0
3DFACE
62
254
10
-0.012464
20
0.029021
30
0.030000
11
-0.012582
21
0.029040
31
-0.000000
12
-0.012464
22
0.029021
32
-0.000000
0
3DFACE
62
254
10
-0.012464
20
0.029021
30
0.030000
11
-0.012464
21
0.029021
31
-0.000000
12
-0.012345
22
0.029022
32
-0.000000
0
3DFACE
62
254
10
-0.012464
20
0.029021
30
0.030000
11
-0.012582
21
0.029040
31
0.030000
12
-0.012582
22
0.029040
32
-0.000000
0
3DFACE
62
254
10
-0.012345
20
0.029022
30
0.030000
11
-0.012464
21
0.029021
31
0.030000
12
-0.012345
22
0.029022
32
-0.000000
0
3DFACE
62
254
10
-0.012227
20
0.029040
30
0.030000
11
-0.012345
21
0.029022
31
-0.000000
12
-0.012227
22
0.029040
32
-0.000000
0
3DFACE
62
254
10
-0.012227
20
0.029040
30
0.030000
11
-0.012227
21
0.029040
31
-0.000000
12
-0.012114
22
0.029078
32
-0.000000
0
3DFACE
62
254
10
-0.012227
20
0.029040
30
0.030000
11
-0.012345
21
0.029022
31
0.030000
12
-0.012345
22
0.029022
32
-0.000000
0
3DFACE
62
254
10
-0.012114
20
0.029078
30
0.030000
11
-0.012227
21
0.029040
31
0.030000
12
-0.012114
22
0.029078
32
-0.000000
0
3DFACE
62
254
10
-0.016720
20
0.028126
30
0.030000
11
-0.016513
21
0.027585
31
0.030000
12
-0.016513
22
0.027585
32
-0.000000
0
3DFACE
62
254
10
-0.016720
20
0.028126
30
0.030000
11
-0.016513
21
0.027585
31
-0.000000
12
-0.016720
22
0.028126
32
-0.000000
0
3DFACE
62
254
10
-0.016899
20
0.028753
30
0.030000
11
-0.016720
21
0.028126
31
-0.000000
12
-0.016899
22
0.028753
32
-0.000000
0
3DFACE
62
254
10
-0.016899
20
0.028753
30
0.030000
11
-0.016720
21
0.028126
31
0.030000
12
-0.016720
22
0.028126
32
-0.000000
0
3DFACE
62
254
10
-0.017148
20
0.030168
30
0.030000
11
-0.016899
21
0.028753
31
-0.000000
12
-0.017148
22
0.030168
32
-0.000000
0
3DFACE
62
254
10
-0.017148
20
0.030168
30
0.030000
11
-0.016899
21
0.028753
31
0.030000
12
-0.016899
22
0.028753
32
-0.000000
0
3DFACE
62
254
10
-0.017244
20
0.031601
30
0.030000
11
-0.017148
21
0.030168
31
-0.000000
12
-0.017244
22
0.031601
32
-0.000000
0
3DFACE
62
254
10
-0.017244
20
0.031601
30
0.030000
11
-0.017148
21
0.030168
31
0.030000
12
-0.017148
22
0.030168
32
-0.000000
0
3DFACE
62
254
10
-0.019986
20
0.027927
30
0.030000
11
-0.021579
21
0.028815
31
0.030000
12
-0.021579
22
0.028815
32
-0.000000
0
3DFACE
62
254
10
-0.019986
20
0.027927
30
0.030000
11
-0.021579
21
0.028815
31
-0.000000
12
-0.019986
22
0.027927
32
-0.000000
0
3DFACE
62
254
10
-0.019061
20
0.027261
30
0.030000
11
-0.019986
21
0.027927
31
-0.000000
12
-0.019061
22
0.027261
32
-0.000000
0
3DFACE
62
254
10
-0.019061
20
0.027261
30
0.030000
11
-0.019986
21
0.027927
31
0.030000
12
-0.019986
22
0.027927
32
-0.000000
0
3DFACE
62
254
10
-0.018230
20
0.026482
30
0.030000
11
-0.019061
21
0.027261
31
-0.000000
12
-0.018230
22
0.026482
32
-0.000000
0
3DFACE
62
254
10
-0.018230
20
0.026482
30
0.030000
11
-0.019061
21
0.027261
31
0.030000
12
-0.019061
22
0.027261
32
-0.000000
0
3DFACE
62
254
10
-0.016711
20
0.026713
30
0.030000
11
-0.016806
21
0.026642
31
0.030000
12
-0.016806
22
0.026642
32
-0.000000
0
3DFACE
62
254
10
-0.016711
20
0.026713
30
0.030000
11
-0.016806
21
0.026642
31
-0.000000
12
-0.016711
22
0.026713
32
-0.000000
0
3DFACE
62
254
10
-0.016711
20
0.026713
30
0.030000
11
-0.016711
21
0.026713
31
-0.000000
12
-0.016627
22
0.026799
32
-0.000000
0
3DFACE
62
254
10
-0.016627
20
0.026799
30
0.030000
11
-0.016711
21
0.026713
31
0.030000
12
-0.016627
22
0.026799
32
-0.000000
0
3DFACE
62
254
10
-0.016559
20
0.026896
30
0.030000
11
-0.016627
21
0.026799
31
-0.000000
12
-0.016559
22
0.026896
32
-0.000000
0
3DFACE
62
254
10
-0.016559
20
0.026896
30
0.030000
11
-0.016559
21
0.026896
31
-0.000000
12
-0.016506
22
0.027003
32
-0.000000
0
3DFACE
62
254
10
-0.016559
20
0.026896
30
0.030000
11
-0.016627
21
0.026799
31
0.030000
12
-0.016627
22
0.026799
32
-0.000000
0
3DFACE
62
254
10
-0.016506
20
0.027003
30
0.030000
11
-0.016559
21
0.026896
31
0.030000
12
-0.016506
22
0.027003
32
-0.000000
0
3DFACE
62
254
10
-0.016470
20
0.027117
30
0.030000
11
-0.016506
21
0.027003
31
-0.000000
12
-0.016470
22
0.027117
32
-0.000000
0
3DFACE
62
254
10
-0.016470
20
0.027117
30
0.030000
11
-0.016506
21
0.027003
31
0.030000
12
-0.016506
22
0.027003
32
-0.000000
0
3DFACE
62
254
10
-0.016453
20
0.027235
30
0.030000
11
-0.016470
21
0.027117
31
-0.000000
12
-0.016453
22
0.027235
32
-0.000000
0
3DFACE
62
254
10
-0.016453
20
0.027235
30
0.030000
11
-0.016470
21
0.027117
31
0.030000
12
-0.016470
22
0.027117
32
-0.000000
0
3DFACE
62
254
10
-0.016455
20
0.027354
30
0.030000
11
-0.016453
21
0.027235
31
-0.000000
12
-0.016455
22
0.027354
32
-0.000000
0
3DFACE
62
254
10
-0.016455
20
0.027354
30
0.030000
11
-0.016455
21
0.027354
31
-0.000000
12
-0.016475
22
0.027472
32
-0.000000
0
3DFACE
62
254
10
-0.016455
20
0.027354
30
0.030000
11
-0.016453
21
0.027235
31
0.030000
12
-0.016453
22
0.027235
32
-0.000000
0
3DFACE
62
254
10
-0.016475
20
0.027472
30
0.030000
11
-0.016455
21
0.027354
31
0.030000
12
-0.016475
22
0.027472
32
-0.000000
0
3DFACE
62
254
10
-0.016513
20
0.027585
30
0.030000
11
-0.016475
21
0.027472
31
-0.000000
12
-0.016513
22
0.027585
32
-0.000000
0
3DFACE
62
254
10
-0.016513
20
0.027585
30
0.030000
11
-0.016475
21
0.027472
31
0.030000
12
-0.016475
22
0.027472
32
-0.000000
0
3DFACE
62
254
10
-0.016955
20
0.026548
30
0.030000
11
-0.016806
21
0.026642
31
0.030000
12
-0.016806
22
0.026642
32
-0.000000
0
3DFACE
62
254
10
-0.016955
20
0.026548
30
0.030000
11
-0.016955
21
0.026548
31
-0.000000
12
-0.017103
22
0.026453
32
-0.000000
0
3DFACE
62
254
10
-0.016955
20
0.026548
30
0.030000
11
-0.016806
21
0.026642
31
-0.000000
12
-0.016955
22
0.026548
32
-0.000000
0
3DFACE
62
254
10
-0.017103
20
0.026453
30
0.030000
11
-0.016955
21
0.026548
31
0.030000
12
-0.017103
22
0.026453
32
-0.000000
0
3DFACE
62
254
10
-0.017251
20
0.026357
30
0.030000
11
-0.017103
21
0.026453
31
-0.000000
12
-0.017251
22
0.026357
32
-0.000000
0
3DFACE
62
254
10
-0.017251
20
0.026357
30
0.030000
11
-0.017103
21
0.026453
31
0.030000
12
-0.017103
22
0.026453
32
-0.000000
0
3DFACE
62
254
10
-0.018139
20
0.026397
30
0.030000
11
-0.018230
21
0.026482
31
0.030000
12
-0.018230
22
0.026482
32
-0.000000
0
3DFACE
62
254
10
-0.018139
20
0.026397
30
0.030000
11
-0.018230
21
0.026482
31
-0.000000
12
-0.018139
22
0.026397
32
-0.000000
0
3DFACE
62
254
10
-0.018035
20
0.026328
30
0.030000
11
-0.018139
21
0.026397
31
-0.000000
12
-0.018035
22
0.026328
32
-0.000000
0
3DFACE
62
254
10
-0.018035
20
0.026328
30
0.030000
11
-0.018139
21
0.026397
31
0.030000
12
-0.018139
22
0.026397
32
-0.000000
0
3DFACE
62
254
10
-0.017922
20
0.026276
30
0.030000
11
-0.018035
21
0.026328
31
-0.000000
12
-0.017922
22
0.026276
32
-0.000000
0
3DFACE
62
254
10
-0.017922
20
0.026276
30
0.030000
11
-0.018035
21
0.026328
31
0.030000
12
-0.018035
22
0.026328
32
-0.000000
0
3DFACE
62
254
10
-0.017801
20
0.026244
30
0.030000
11
-0.017922
21
0.026276
31
-0.000000
12
-0.017801
22
0.026244
32
-0.000000
0
3DFACE
62
254
10
-0.017801
20
0.026244
30
0.030000
11
-0.017922
21
0.026276
31
0.030000
12
-0.017922
22
0.026276
32
-0.000000
0
3DFACE
62
254
10
-0.017677
20
0.026233
30
0.030000
11
-0.017801
21
0.026244
31
-0.000000
12
-0.017677
22
0.026233
32
-0.000000
0
3DFACE
62
254
10
-0.017677
20
0.026233
30
0.030000
11
-0.017801
21
0.026244
31
0.030000
12
-0.017801
22
0.026244
32
-0.000000
0
3DFACE
62
254
10
-0.017553
20
0.026241
30
0.030000
11
-0.017677
21
0.026233
31
-0.000000
12
-0.017553
22
0.026241
32
-0.000000
0
3DFACE
62
254
10
-0.017553
20
0.026241
30
0.030000
11
-0.017677
21
0.026233
31
0.030000
12
-0.017677
22
0.026233
32
-0.000000
0
3DFACE
62
254
10
-0.017432
20
0.026270
30
0.030000
11
-0.017553
21
0.026241
31
-0.000000
12
-0.017432
22
0.026270
32
-0.000000
0
3DFACE
62
254
10
-0.017432
20
0.026270
30
0.030000
11
-0.017553
21
0.026241
31
0.030000
12
-0.017553
22
0.026241
32
-0.000000
0
3DFACE
62
254
10
-0.017317
20
0.026318
30
0.030000
11
-0.017432
21
0.026270
31
-0.000000
12
-0.017317
22
0.026318
32
-0.000000
0
3DFACE
62
254
10
-0.017317
20
0.026318
30
0.030000
11
-0.017432
21
0.026270
31
0.030000
12
-0.017432
22
0.026270
32
-0.000000
0
3DFACE
62
254
10
-0.021301
20
0.024081
30
0.030000
11
-0.021301
21
0.024081
31
-0.000000
12
-0.021604
22
0.024575
32
-0.000000
0
3DFACE
62
254
10
-0.021604
20
0.024575
30
0.030000
11
-0.021301
21
0.024081
31
0.030000
12
-0.021604
22
0.024575
32
-0.000000
0
3DFACE
62
254
10
-0.021895
20
0.025158
30
0.030000
11
-0.021604
21
0.024575
31
-0.000000
12
-0.021895
22
0.025158
32
-0.000000
0
3DFACE
62
254
10
-0.021895
20
0.025158
30
0.030000
11
-0.021604
21
0.024575
31
0.030000
12
-0.021604
22
0.024575
32
-0.000000
0
3DFACE
62
254
10
-0.022400
20
0.026503
30
0.030000
11
-0.021895
21
0.025158
31
-0.000000
12
-0.022400
22
0.026503
32
-0.000000
0
3DFACE
62
254
10
-0.022400
20
0.026503
30
0.030000
11
-0.021895
21
0.025158
31
0.030000
12
-0.021895
22
0.025158
32
-0.000000
0
3DFACE
62
254
10
-0.022757
20
0.027895
30
0.030000
11
-0.022400
21
0.026503
31
-0.000000
12
-0.022757
22
0.027895
32
-0.000000
0
3DFACE
62
254
10
-0.022757
20
0.027895
30
0.030000
11
-0.022400
21
0.026503
31
0.030000
12
-0.022400
22
0.026503
32
-0.000000
0
3DFACE
62
254
10
-0.024778
20
0.023779
30
0.030000
11
-0.026507
21
0.024360
31
0.030000
12
-0.026507
22
0.024360
32
-0.000000
0
3DFACE
62
254
10
-0.024778
20
0.023779
30
0.030000
11
-0.026507
21
0.024360
31
-0.000000
12
-0.024778
22
0.023779
32
-0.000000
0
3DFACE
62
254
10
-0.023746
20
0.023294
30
0.030000
11
-0.024778
21
0.023779
31
-0.000000
12
-0.023746
22
0.023294
32
-0.000000
0
3DFACE
62
254
10
-0.023746
20
0.023294
30
0.030000
11
-0.024778
21
0.023779
31
0.030000
12
-0.024778
22
0.023779
32
-0.000000
0
3DFACE
62
254
10
-0.022785
20
0.022681
30
0.030000
11
-0.023746
21
0.023294
31
-0.000000
12
-0.022785
22
0.022681
32
-0.000000
0
3DFACE
62
254
10
-0.022785
20
0.022681
30
0.030000
11
-0.023746
21
0.023294
31
0.030000
12
-0.023746
22
0.023294
32
-0.000000
0
3DFACE
62
254
10
-0.021335
20
0.023188
30
0.030000
11
-0.021415
21
0.023100
31
0.030000
12
-0.021415
22
0.023100
32
-0.000000
0
3DFACE
62
254
10
-0.021335
20
0.023188
30
0.030000
11
-0.021415
21
0.023100
31
-0.000000
12
-0.021335
22
0.023188
32
-0.000000
0
3DFACE
62
254
10
-0.021269
20
0.023287
30
0.030000
11
-0.021335
21
0.023188
31
-0.000000
12
-0.021269
22
0.023287
32
-0.000000
0
3DFACE
62
254
10
-0.021269
20
0.023287
30
0.030000
11
-0.021335
21
0.023188
31
0.030000
12
-0.021335
22
0.023188
32
-0.000000
0
3DFACE
62
254
10
-0.021219
20
0.023396
30
0.030000
11
-0.021269
21
0.023287
31
-0.000000
12
-0.021219
22
0.023396
32
-0.000000
0
3DFACE
62
254
10
-0.021219
20
0.023396
30
0.030000
11
-0.021269
21
0.023287
31
0.030000
12
-0.021269
22
0.023287
32
-0.000000
0
3DFACE
62
254
10
-0.021187
20
0.023511
30
0.030000
11
-0.021219
21
0.023396
31
-0.000000
12
-0.021187
22
0.023511
32
-0.000000
0
3DFACE
62
254
10
-0.021187
20
0.023511
30
0.030000
11
-0.021219
21
0.023396
31
0.030000
12
-0.021219
22
0.023396
32
-0.000000
0
3DFACE
62
254
10
-0.021173
20
0.023629
30
0.030000
11
-0.021187
21
0.023511
31
-0.000000
12
-0.021173
22
0.023629
32
-0.000000
0
3DFACE
62
254
10
-0.021173
20
0.023629
30
0.030000
11
-0.021187
21
0.023511
31
0.030000
12
-0.021187
22
0.023511
32
-0.000000
0
3DFACE
62
254
10
-0.021178
20
0.023748
30
0.030000
11
-0.021173
21
0.023629
31
-0.000000
12
-0.021178
22
0.023748
32
-0.000000
0
3DFACE
62
254
10
-0.021178
20
0.023748
30
0.030000
11
-0.021173
21
0.023629
31
0.030000
12
-0.021173
22
0.023629
32
-0.000000
0
3DFACE
62
254
10
-0.021201
20
0.023865
30
0.030000
11
-0.021178
21
0.023748
31
-0.000000
12
-0.021201
22
0.023865
32
-0.000000
0
3DFACE
62
254
10
-0.021201
20
0.023865
30
0.030000
11
-0.021201
21
0.023865
31
-0.000000
12
-0.021242
22
0.023977
32
-0.000000
0
3DFACE
62
254
10
-0.021201
20
0.023865
30
0.030000
11
-0.021178
21
0.023748
31
0.030000
12
-0.021178
22
0.023748
32
-0.000000
0
3DFACE
62
254
10
-0.021242
20
0.023977
30
0.030000
11
-0.021201
21
0.023865
31
0.030000
12
-0.021242
22
0.023977
32
-0.000000
0
3DFACE
62
254
10
-0.021301
20
0.024081
30
0.030000
11
-0.021242
21
0.023977
31
-0.000000
12
-0.021301
22
0.024081
32
-0.000000
0
3DFACE
62
254
10
-0.021301
20
0.024081
30
0.030000
11
-0.021242
21
0.023977
31
0.030000
12
-0.021242
22
0.023977
32
-0.000000
0
3DFACE
62
254
10
-0.021544
20
0.022980
30
0.030000
11
-0.021415
21
0.023100
31
0.030000
12
-0.021415
22
0.023100
32
-0.000000
0
3DFACE
62
254
10
-0.021544
20
0.022980
30
0.030000
11
-0.021415
21
0.023100
31
-0.000000
12
-0.021544
22
0.022980
32
-0.000000
0
3DFACE
62
254
10
-0.021672
20
0.022859
30
0.030000
11
-0.021544
21
0.022980
31
-0.000000
12
-0.021672
22
0.022859
32
-0.000000
0
3DFACE
62
254
10
-0.021672
20
0.022859
30
0.030000
11
-0.021544
21
0.022980
31
0.030000
12
-0.021544
22
0.022980
32
-0.000000
0
3DFACE
62
254
10
-0.021800
20
0.022738
30
0.030000
11
-0.021672
21
0.022859
31
-0.000000
12
-0.021800
22
0.022738
32
-0.000000
0
3DFACE
62
254
10
-0.021800
20
0.022738
30
0.030000
11
-0.021672
21
0.022859
31
0.030000
12
-0.021672
22
0.022859
32
-0.000000
0
3DFACE
62
254
10
-0.022682
20
0.022615
30
0.030000
11
-0.022785
21
0.022681
31
0.030000
12
-0.022785
22
0.022681
32
-0.000000
0
3DFACE
62
254
10
-0.022682
20
0.022615
30
0.030000
11
-0.022785
21
0.022681
31
-0.000000
12
-0.022682
22
0.022615
32
-0.000000
0
3DFACE
62
254
10
-0.022682
20
0.022615
30
0.030000
11
-0.022682
21
0.022615
31
-0.000000
12
-0.022570
22
0.022567
32
-0.000000
0
3DFACE
62
254
10
-0.022570
20
0.022567
30
0.030000
11
-0.022682
21
0.022615
31
0.030000
12
-0.022570
22
0.022567
32
-0.000000
0
3DFACE
62
254
10
-0.022451
20
0.022537
30
0.030000
11
-0.022570
21
0.022567
31
-0.000000
12
-0.022451
22
0.022537
32
-0.000000
0
3DFACE
62
254
10
-0.022451
20
0.022537
30
0.030000
11
-0.022570
21
0.022567
31
0.030000
12
-0.022570
22
0.022567
32
-0.000000
0
3DFACE
62
254
10
-0.022329
20
0.022527
30
0.030000
11
-0.022451
21
0.022537
31
-0.000000
12
-0.022329
22
0.022527
32
-0.000000
0
3DFACE
62
254
10
-0.022329
20
0.022527
30
0.030000
11
-0.022451
21
0.022537
31
0.030000
12
-0.022451
22
0.022537
32
-0.000000
0
3DFACE
62
254
10
-0.022207
20
0.022536
30
0.030000
11
-0.022329
21
0.022527
31
-0.000000
12
-0.022207
22
0.022536
32
-0.000000
0
3DFACE
62
254
10
-0.022207
20
0.022536
30
0.030000
11
-0.022329
21
0.022527
31
0.030000
12
-0.022329
22
0.022527
32
-0.000000
0
3DFACE
62
254
10
-0.022089
20
0.022565
30
0.030000
11
-0.022207
21
0.022536
31
-0.000000
12
-0.022089
22
0.022565
32
-0.000000
0
3DFACE
62
254
10
-0.022089
20
0.022565
30
0.030000
11
-0.022207
21
0.022536
31
0.030000
12
-0.022207
22
0.022536
32
-0.000000
0
3DFACE
62
254
10
-0.021976
20
0.022612
30
0.030000
11
-0.022089
21
0.022565
31
-0.000000
12
-0.021976
22
0.022612
32
-0.000000
0
3DFACE
62
254
10
-0.021976
20
0.022612
30
0.030000
11
-0.022089
21
0.022565
31
0.030000
12
-0.022089
22
0.022565
32
-0.000000
0
3DFACE
62
254
10
-0.025752
20
0.020187
30
0.030000
11
-0.025363
21
0.019757
31
0.030000
12
-0.025363
22
0.019757
32
-0.000000
0
3DFACE
62
254
10
-0.025752
20
0.020187
30
0.030000
11
-0.025363
21
0.019757
31
-0.000000
12
-0.025752
22
0.020187
32
-0.000000
0
3DFACE
62
254
10
-0.026145
20
0.020707
30
0.030000
11
-0.025752
21
0.020187
31
-0.000000
12
-0.026145
22
0.020707
32
-0.000000
0
3DFACE
62
254
10
-0.026145
20
0.020707
30
0.030000
11
-0.025752
21
0.020187
31
0.030000
12
-0.025752
22
0.020187
32
-0.000000
0
3DFACE
62
254
10
-0.026888
20
0.021936
30
0.030000
11
-0.026145
21
0.020707
31
-0.000000
12
-0.026888
22
0.021936
32
-0.000000
0
3DFACE
62
254
10
-0.026888
20
0.021936
30
0.030000
11
-0.026145
21
0.020707
31
0.030000
12
-0.026145
22
0.020707
32
-0.000000
0
3DFACE
62
254
10
-0.027495
20
0.023238
30
0.030000
11
-0.026888
21
0.021936
31
-0.000000
12
-0.027495
22
0.023238
32
-0.000000
0
3DFACE
62
254
10
-0.027495
20
0.023238
30
0.030000
11
-0.026888
21
0.021936
31
0.030000
12
-0.026888
22
0.021936
32
-0.000000
0
3DFACE
62
254
10
-0.028725
20
0.018821
30
0.030000
11
-0.030532
21
0.019074
31
0.030000
12
-0.030532
22
0.019074
32
-0.000000
0
3DFACE
62
254
10
-0.028725
20
0.018821
30
0.030000
11
-0.030532
21
0.019074
31
-0.000000
12
-0.028725
22
0.018821
32
-0.000000
0
3DFACE
62
254
10
-0.027622
20
0.018535
30
0.030000
11
-0.028725
21
0.018821
31
-0.000000
12
-0.027622
22
0.018535
32
-0.000000
0
3DFACE
62
254
10
-0.027622
20
0.018535
30
0.030000
11
-0.028725
21
0.018821
31
0.030000
12
-0.028725
22
0.018821
32
-0.000000
0
3DFACE
62
254
10
-0.026565
20
0.018108
30
0.030000
11
-0.027622
21
0.018535
31
-0.000000
12
-0.026565
22
0.018108
32
-0.000000
0
3DFACE
62
254
10
-0.026565
20
0.018108
30
0.030000
11
-0.027622
21
0.018535
31
0.030000
12
-0.027622
22
0.018535
32
-0.000000
0
3DFACE
62
254
10
-0.025232
20
0.018873
30
0.030000
11
-0.025296
21
0.018772
31
0.030000
12
-0.025296
22
0.018772
32
-0.000000
0
3DFACE
62
254
10
-0.025232
20
0.018873
30
0.030000
11
-0.025296
21
0.018772
31
-0.000000
12
-0.025232
22
0.018873
32
-0.000000
0
3DFACE
62
254
10
-0.025185
20
0.018983
30
0.030000
11
-0.025232
21
0.018873
31
-0.000000
12
-0.025185
22
0.018983
32
-0.000000
0
3DFACE
62
254
10
-0.025185
20
0.018983
30
0.030000
11
-0.025232
21
0.018873
31
0.030000
12
-0.025232
22
0.018873
32
-0.000000
0
3DFACE
62
254
10
-0.025156
20
0.019098
30
0.030000
11
-0.025185
21
0.018983
31
-0.000000
12
-0.025156
22
0.019098
32
-0.000000
0
3DFACE
62
254
10
-0.025156
20
0.019098
30
0.030000
11
-0.025185
21
0.018983
31
0.030000
12
-0.025185
22
0.018983
32
-0.000000
0
3DFACE
62
254
10
-0.025146
20
0.019217
30
0.030000
11
-0.025156
21
0.019098
31
-0.000000
12
-0.025146
22
0.019217
32
-0.000000
0
3DFACE
62
254
10
-0.025146
20
0.019217
30
0.030000
11
-0.025156
21
0.019098
31
0.030000
12
-0.025156
22
0.019098
32
-0.000000
0
3DFACE
62
254
10
-0.025154
20
0.019336
30
0.030000
11
-0.025146
21
0.019217
31
-0.000000
12
-0.025154
22
0.019336
32
-0.000000
0
3DFACE
62
254
10
-0.025154
20
0.019336
30
0.030000
11
-0.025154
21
0.019336
31
-0.000000
12
-0.025181
22
0.019452
32
-0.000000
0
3DFACE
62
254
10
-0.025154
20
0.019336
30
0.030000
11
-0.025146
21
0.019217
31
0.030000
12
-0.025146
22
0.019217
32
-0.000000
0
3DFACE
62
254
10
-0.025181
20
0.019452
30
0.030000
11
-0.025181
21
0.019452
31
-0.000000
12
-0.025225
22
0.019563
32
-0.000000
0
3DFACE
62
254
10
-0.025181
20
0.019452
30
0.030000
11
-0.025154
21
0.019336
31
0.030000
12
-0.025181
22
0.019452
32
-0.000000
0
3DFACE
62
254
10
-0.025225
20
0.019563
30
0.030000
11
-0.025181
21
0.019452
31
0.030000
12
-0.025225
22
0.019563
32
-0.000000
0
3DFACE
62
254
10
-0.025286
20
0.019665
30
0.030000
11
-0.025225
21
0.019563
31
-0.000000
12
-0.025286
22
0.019665
32
-0.000000
0
3DFACE
62
254
10
-0.025286
20
0.019665
30
0.030000
11
-0.025225
21
0.019563
31
0.030000
12
-0.025225
22
0.019563
32
-0.000000
0
3DFACE
62
254
10
-0.025363
20
0.019757
30
0.030000
11
-0.025286
21
0.019665
31
-0.000000
12
-0.025363
22
0.019757
32
-0.000000
0
3DFACE
62
254
10
-0.025363
20
0.019757
30
0.030000
11
-0.025286
21
0.019665
31
0.030000
12
-0.025286
22
0.019665
32
-0.000000
0
3DFACE
62
254
10
-0.025400
20
0.018630
30
0.030000
11
-0.025296
21
0.018772
31
0.030000
12
-0.025296
22
0.018772
32
-0.000000
0
3DFACE
62
254
10
-0.025400
20
0.018630
30
0.030000
11
-0.025400
21
0.018630
31
-0.000000
12
-0.025504
22
0.018488
32
-0.000000
0
3DFACE
62
254
10
-0.025400
20
0.018630
30
0.030000
11
-0.025296
21
0.018772
31
-0.000000
12
-0.025400
22
0.018630
32
-0.000000
0
3DFACE
62
254
10
-0.025504
20
0.018488
30
0.030000
11
-0.025400
21
0.018630
31
0.030000
12
-0.025504
22
0.018488
32
-0.000000
0
3DFACE
62
254
10
-0.025607
20
0.018345
30
0.030000
11
-0.025504
21
0.018488
31
-0.000000
12
-0.025607
22
0.018345
32
-0.000000
0
3DFACE
62
254
10
-0.025607
20
0.018345
30
0.030000
11
-0.025504
21
0.018488
31
0.030000
12
-0.025504
22
0.018488
32
-0.000000
0
3DFACE
62
254
10
-0.026454
20
0.018063
30
0.030000
11
-0.026565
21
0.018108
31
0.030000
12
-0.026565
22
0.018108
32
-0.000000
0
3DFACE
62
254
10
-0.026454
20
0.018063
30
0.030000
11
-0.026565
21
0.018108
31
-0.000000
12
-0.026454
22
0.018063
32
-0.000000
0
3DFACE
62
254
10
-0.026454
20
0.018063
30
0.030000
11
-0.026454
21
0.018063
31
-0.000000
12
-0.026338
22
0.018036
32
-0.000000
0
3DFACE
62
254
10
-0.026338
20
0.018036
30
0.030000
11
-0.026454
21
0.018063
31
0.030000
12
-0.026338
22
0.018036
32
-0.000000
0
3DFACE
62
254
10
-0.026219
20
0.018028
30
0.030000
11
-0.026338
21
0.018036
31
-0.000000
12
-0.026219
22
0.018028
32
-0.000000
0
3DFACE
62
254
10
-0.026219
20
0.018028
30
0.030000
11
-0.026338
21
0.018036
31
0.030000
12
-0.026338
22
0.018036
32
-0.000000
0
3DFACE
62
254
10
-0.026100
20
0.018038
30
0.030000
11
-0.026219
21
0.018028
31
-0.000000
12
-0.026100
22
0.018038
32
-0.000000
0
3DFACE
62
254
10
-0.026100
20
0.018038
30
0.030000
11
-0.026219
21
0.018028
31
0.030000
12
-0.026219
22
0.018028
32
-0.000000
0
3DFACE
62
254
10
-0.025984
20
0.018067
30
0.030000
11
-0.026100
21
0.018038
31
-0.000000
12
-0.025984
22
0.018067
32
-0.000000
0
3DFACE
62
254
10
-0.025984
20
0.018067
30
0.030000
11
-0.026100
21
0.018038
31
0.030000
12
-0.026100
22
0.018038
32
-0.000000
0
3DFACE
62
254
10
-0.025874
20
0.018113
30
0.030000
11
-0.025984
21
0.018067
31
-0.000000
12
-0.025874
22
0.018113
32
-0.000000
0
3DFACE
62
254
10
-0.025874
20
0.018113
30
0.030000
11
-0.025984
21
0.018067
31
0.030000
12
-0.025984
22
0.018067
32
-0.000000
0
3DFACE
62
254
10
-0.029022
20
0.015112
30
0.030000
11
-0.028561
21
0.014760
31
0.030000
12
-0.028561
22
0.014760
32
-0.000000
0
3DFACE
62
254
10
-0.029022
20
0.015112
30
0.030000
11
-0.028561
21
0.014760
31
-0.000000
12
-0.029022
22
0.015112
32
-0.000000
0
3DFACE
62
254
10
-0.029504
20
0.015550
30
0.030000
11
-0.029022
21
0.015112
31
-0.000000
12
-0.029504
22
0.015550
32
-0.000000
0
3DFACE
62
254
10
-0.029504
20
0.015550
30
0.030000
11
-0.029022
21
0.015112
31
0.030000
12
-0.029022
22
0.015112
32
-0.000000
0
3DFACE
62
254
10
-0.030461
20
0.016622
30
0.030000
11
-0.029504
21
0.015550
31
-0.000000
12
-0.030461
22
0.016622
32
-0.000000
0
3DFACE
62
254
10
-0.030461
20
0.016622
30
0.030000
11
-0.029504
21
0.015550
31
0.030000
12
-0.029504
22
0.015550
32
-0.000000
0
3DFACE
62
254
10
-0.031297
20
0.017790
30
0.030000
11
-0.030461
21
0.016622
31
-0.000000
12
-0.031297
22
0.017790
32
-0.000000
0
3DFACE
62
254
10
-0.031297
20
0.017790
30
0.030000
11
-0.030461
21
0.016622
31
0.030000
12
-0.030461
22
0.016622
32
-0.000000
0
3DFACE
62
254
10
-0.031695
20
0.013222
30
0.030000
11
-0.033517
21
0.013139
31
0.030000
12
-0.033517
22
0.013139
32
-0.000000
0
3DFACE
62
254
10
-0.031695
20
0.013222
30
0.030000
11
-0.033517
21
0.013139
31
-0.000000
12
-0.031695
22
0.013222
32
-0.000000
0
3DFACE
62
254
10
-0.030557
20
0.013144
30
0.030000
11
-0.031695
21
0.013222
31
-0.000000
12
-0.030557
22
0.013144
32
-0.000000
0
3DFACE
62
254
10
-0.030557
20
0.013144
30
0.030000
11
-0.031695
21
0.013222
31
0.030000
12
-0.031695
22
0.013222
32
-0.000000
0
3DFACE
62
254
10
-0.029440
20
0.012919
30
0.030000
11
-0.030557
21
0.013144
31
-0.000000
12
-0.029440
22
0.012919
32
-0.000000
0
3DFACE
62
254
10
-0.029440
20
0.012919
30
0.030000
11
-0.030557
21
0.013144
31
0.030000
12
-0.030557
22
0.013144
32
-0.000000
0
3DFACE
62
254
10
-0.028270
20
0.013915
30
0.030000
11
-0.028314
21
0.013804
31
0.030000
12
-0.028314
22
0.013804
32
-0.000000
0
3DFACE
62
254
10
-0.028270
20
0.013915
30
0.030000
11
-0.028314
21
0.013804
31
-0.000000
12
-0.028270
22
0.013915
32
-0.000000
0
3DFACE
62
254
10
-0.028245
20
0.014032
30
0.030000
11
-0.028270
21
0.013915
31
-0.000000
12
-0.028245
22
0.014032
32
-0.000000
0
3DFACE
62
254
10
-0.028245
20
0.014032
30
0.030000
11
-0.028270
21
0.013915
31
0.030000
12
-0.028270
22
0.013915
32
-0.000000
0
3DFACE
62
254
10
-0.028237
20
0.014151
30
0.030000
11
-0.028245
21
0.014032
31
-0.000000
12
-0.028237
22
0.014151
32
-0.000000
0
3DFACE
62
254
10
-0.028237
20
0.014151
30
0.030000
11
-0.028245
21
0.014032
31
0.030000
12
-0.028245
22
0.014032
32
-0.000000
0
3DFACE
62
254
10
-0.028249
20
0.014269
30
0.030000
11
-0.028237
21
0.014151
31
-0.000000
12
-0.028249
22
0.014269
32
-0.000000
0
3DFACE
62
254
10
-0.028249
20
0.014269
30
0.030000
11
-0.028237
21
0.014151
31
0.030000
12
-0.028237
22
0.014151
32
-0.000000
0
3DFACE
62
254
10
-0.028279
20
0.014385
30
0.030000
11
-0.028249
21
0.014269
31
-0.000000
12
-0.028279
22
0.014385
32
-0.000000
0
3DFACE
62
254
10
-0.028279
20
0.014385
30
0.030000
11
-0.028279
21
0.014385
31
-0.000000
12
-0.028326
22
0.014494
32
-0.000000
0
3DFACE
62
254
10
-0.028279
20
0.014385
30
0.030000
11
-0.028249
21
0.014269
31
0.030000
12
-0.028249
22
0.014269
32
-0.000000
0
3DFACE
62
254
10
-0.028326
20
0.014494
30
0.030000
11
-0.028279
21
0.014385
31
0.030000
12
-0.028326
22
0.014494
32
-0.000000
0
3DFACE
62
254
10
-0.028390
20
0.014595
30
0.030000
11
-0.028326
21
0.014494
31
-0.000000
12
-0.028390
22
0.014595
32
-0.000000
0
3DFACE
62
254
10
-0.028390
20
0.014595
30
0.030000
11
-0.028390
21
0.014595
31
-0.000000
12
-0.028469
22
0.014684
32
-0.000000
0
3DFACE
62
254
10
-0.028390
20
0.014595
30
0.030000
11
-0.028326
21
0.014494
31
0.030000
12
-0.028326
22
0.014494
32
-0.000000
0
3DFACE
62
254
10
-0.028469
20
0.014684
30
0.030000
11
-0.028390
21
0.014595
31
0.030000
12
-0.028469
22
0.014684
32
-0.000000
0
3DFACE
62
254
10
-0.028561
20
0.014760
30
0.030000
11
-0.028469
21
0.014684
31
-0.000000
12
-0.028561
22
0.014760
32
-0.000000
0
3DFACE
62
254
10
-0.028561
20
0.014760
30
0.030000
11
-0.028469
21
0.014684
31
0.030000
12
-0.028469
22
0.014684
32
-0.000000
0
3DFACE
62
254
10
-0.028391
20
0.013646
30
0.030000
11
-0.028314
21
0.013804
31
0.030000
12
-0.028314
22
0.013804
32
-0.000000
0
3DFACE
62
254
10
-0.028391
20
0.013646
30
0.030000
11
-0.028314
21
0.013804
31
-0.000000
12
-0.028391
22
0.013646
32
-0.000000
0
3DFACE
62
254
10
-0.028467
20
0.013487
30
0.030000
11
-0.028391
21
0.013646
31
-0.000000
12
-0.028467
22
0.013487
32
-0.000000
0
3DFACE
62
254
10
-0.028467
20
0.013487
30
0.030000
11
-0.028391
21
0.013646
31
0.030000
12
-0.028391
22
0.013646
32
-0.000000
0
3DFACE
62
254
10
-0.028542
20
0.013327
30
0.030000
11
-0.028467
21
0.013487
31
-0.000000
12
-0.028542
22
0.013327
32
-0.000000
0
3DFACE
62
254
10
-0.028542
20
0.013327
30
0.030000
11
-0.028467
21
0.013487
31
0.030000
12
-0.028467
22
0.013487
32
-0.000000
0
3DFACE
62
254
10
-0.029327
20
0.012895
30
0.030000
11
-0.029440
21
0.012919
31
0.030000
12
-0.029440
22
0.012919
32
-0.000000
0
3DFACE
62
254
10
-0.029327
20
0.012895
30
0.030000
11
-0.029440
21
0.012919
31
-0.000000
12
-0.029327
22
0.012895
32
-0.000000
0
3DFACE
62
254
10
-0.029212
20
0.012889
30
0.030000
11
-0.029327
21
0.012895
31
-0.000000
12
-0.029212
22
0.012889
32
-0.000000
0
3DFACE
62
254
10
-0.029212
20
0.012889
30
0.030000
11
-0.029327
21
0.012895
31
0.030000
12
-0.029327
22
0.012895
32
-0.000000
0
3DFACE
62
254
10
-0.029098
20
0.012901
30
0.030000
11
-0.029212
21
0.012889
31
-0.000000
12
-0.029098
22
0.012901
32
-0.000000
0
3DFACE
62
254
10
-0.029098
20
0.012901
30
0.030000
11
-0.029212
21
0.012889
31
0.030000
12
-0.029212
22
0.012889
32
-0.000000
0
3DFACE
62
254
10
-0.028986
20
0.012929
30
0.030000
11
-0.029098
21
0.012901
31
-0.000000
12
-0.028986
22
0.012929
32
-0.000000
0
3DFACE
62
254
10
-0.028986
20
0.012929
30
0.030000
11
-0.028986
21
0.012929
31
-0.000000
12
-0.028880
22
0.012974
32
-0.000000
0
3DFACE
62
254
10
-0.028986
20
0.012929
30
0.030000
11
-0.029098
21
0.012901
31
0.030000
12
-0.029098
22
0.012901
32
-0.000000
0
3DFACE
62
254
10
-0.028880
20
0.012974
30
0.030000
11
-0.028986
21
0.012929
31
0.030000
12
-0.028880
22
0.012974
32
-0.000000
0
3DFACE
62
254
10
-0.031305
20
0.009521
30
0.030000
11
-0.030787
21
0.009261
31
0.030000
12
-0.030787
22
0.009261
32
0.000000
0
3DFACE
62
254
10
-0.031305
20
0.009521
30
0.030000
11
-0.030787
21
0.009261
31
0.000000
12
-0.031305
22
0.009521
32
0.000000
0
3DFACE
62
254
10
-0.031859
20
0.009864
30
0.030000
11
-0.031305
21
0.009521
31
0.000000
12
-0.031859
22
0.009864
32
0.000000
0
3DFACE
62
254
10
-0.031859
20
0.009864
30
0.030000
11
-0.031305
21
0.009521
31
0.030000
12
-0.031305
22
0.009521
32
0.000000
0
3DFACE
62
254
10
-0.032997
20
0.010741
30
0.030000
11
-0.031859
21
0.009864
31
0.000000
12
-0.032997
22
0.010741
32
-0.000000
0
3DFACE
62
254
10
-0.032997
20
0.010741
30
0.030000
11
-0.031859
21
0.009864
31
0.030000
12
-0.031859
22
0.009864
32
0.000000
0
3DFACE
62
254
10
-0.034033
20
0.011736
30
0.030000
11
-0.032997
21
0.010741
31
-0.000000
12
-0.034033
22
0.011736
32
-0.000000
0
3DFACE
62
254
10
-0.034033
20
0.011736
30
0.030000
11
-0.032997
21
0.010741
31
0.030000
12
-0.032997
22
0.010741
32
-0.000000
0
3DFACE
62
254
10
-0.033584
20
0.007173
30
0.030000
11
-0.035360
21
0.006757
31
0.030000
12
-0.035360
22
0.006757
32
0.000000
0
3DFACE
62
254
10
-0.033584
20
0.007173
30
0.030000
11
-0.035360
21
0.006757
31
0.000000
12
-0.033584
22
0.007173
32
0.000000
0
3DFACE
62
254
10
-0.032452
20
0.007305
30
0.030000
11
-0.033584
21
0.007173
31
0.000000
12
-0.032452
22
0.007305
32
0.000000
0
3DFACE
62
254
10
-0.032452
20
0.007305
30
0.030000
11
-0.033584
21
0.007173
31
0.030000
12
-0.033584
22
0.007173
32
0.000000
0
3DFACE
62
254
10
-0.031313
20
0.007289
30
0.030000
11
-0.032452
21
0.007305
31
0.000000
12
-0.031313
22
0.007289
32
0.000000
0
3DFACE
62
254
10
-0.031313
20
0.007289
30
0.030000
11
-0.032452
21
0.007305
31
0.030000
12
-0.032452
22
0.007305
32
0.000000
0
3DFACE
62
254
10
-0.030346
20
0.008484
30
0.030000
11
-0.030369
21
0.008367
31
0.030000
12
-0.030369
22
0.008367
32
0.000000
0
3DFACE
62
254
10
-0.030346
20
0.008484
30
0.030000
11
-0.030369
21
0.008367
31
0.000000
12
-0.030346
22
0.008484
32
0.000000
0
3DFACE
62
254
10
-0.030342
20
0.008603
30
0.030000
11
-0.030346
21
0.008484
31
0.000000
12
-0.030342
22
0.008603
32
0.000000
0
3DFACE
62
254
10
-0.030342
20
0.008603
30
0.030000
11
-0.030346
21
0.008484
31
0.030000
12
-0.030346
22
0.008484
32
0.000000
0
3DFACE
62
254
10
-0.030357
20
0.008721
30
0.030000
11
-0.030342
21
0.008603
31
0.000000
12
-0.030357
22
0.008721
32
0.000000
0
3DFACE
62
254
10
-0.030357
20
0.008721
30
0.030000
11
-0.030357
21
0.008721
31
0.000000
12
-0.030390
22
0.008836
32
0.000000
0
3DFACE
62
254
10
-0.030357
20
0.008721
30
0.030000
11
-0.030342
21
0.008603
31
0.030000
12
-0.030342
22
0.008603
32
0.000000
0
3DFACE
62
254
10
-0.030390
20
0.008836
30
0.030000
11
-0.030357
21
0.008721
31
0.030000
12
-0.030390
22
0.008836
32
0.000000
0
3DFACE
62
254
10
-0.030440
20
0.008944
30
0.030000
11
-0.030390
21
0.008836
31
0.000000
12
-0.030440
22
0.008944
32
0.000000
0
3DFACE
62
254
10
-0.030440
20
0.008944
30
0.030000
11
-0.030390
21
0.008836
31
0.030000
12
-0.030390
22
0.008836
32
0.000000
0
3DFACE
62
254
10
-0.030507
20
0.009043
30
0.030000
11
-0.030440
21
0.008944
31
0.000000
12
-0.030507
22
0.009043
32
0.000000
0
3DFACE
62
254
10
-0.030507
20
0.009043
30
0.030000
11
-0.030440
21
0.008944
31
0.030000
12
-0.030440
22
0.008944
32
0.000000
0
3DFACE
62
254
10
-0.030589
20
0.009130
30
0.030000
11
-0.030507
21
0.009043
31
0.000000
12
-0.030589
22
0.009130
32
0.000000
0
3DFACE
62
254
10
-0.030589
20
0.009130
30
0.030000
11
-0.030589
21
0.009130
31
0.000000
12
-0.030683
22
0.009203
32
0.000000
0
3DFACE
62
254
10
-0.030589
20
0.009130
30
0.030000
11
-0.030507
21
0.009043
31
0.030000
12
-0.030507
22
0.009043
32
0.000000
0
3DFACE
62
254
10
-0.030683
20
0.009203
30
0.030000
11
-0.030683
21
0.009203
31
0.000000
12
-0.030787
22
0.009261
32
0.000000
0
3DFACE
62
254
10
-0.030683
20
0.009203
30
0.030000
11
-0.030589
21
0.009130
31
0.030000
12
-0.030683
22
0.009203
32
0.000000
0
3DFACE
62
254
10
-0.030787
20
0.009261
30
0.030000
11
-0.030683
21
0.009203
31
0.030000
12
-0.030787
22
0.009261
32
0.000000
0
3DFACE
62
254
10
-0.030415
20
0.008197
30
0.030000
11
-0.030369
21
0.008367
31
0.030000
12
-0.030369
22
0.008367
32
0.000000
0
3DFACE
62
254
10
-0.030415
20
0.008197
30
0.030000
11
-0.030369
21
0.008367
31
0.000000
12
-0.030415
22
0.008197
32
0.000000
0
3DFACE
62
254
10
-0.030460
20
0.008026
30
0.030000
11
-0.030460
21
0.008026
31
0.000000
12
-0.030505
22
0.007856
32
0.000000
0
3DFACE
62
254
10
-0.030460
20
0.008026
30
0.030000
11
-0.030415
21
0.008197
31
0.000000
12
-0.030460
22
0.008026
32
0.000000
0
3DFACE
62
254
10
-0.030460
20
0.008026
30
0.030000
11
-0.030415
21
0.008197
31
0.030000
12
-0.030415
22
0.008197
32
0.000000
0
3DFACE
62
254
10
-0.030505
20
0.007856
30
0.030000
11
-0.030460
21
0.008026
31
0.030000
12
-0.030505
22
0.007856
32
0.000000
0
3DFACE
62
254
10
-0.031204
20
0.007286
30
0.030000
11
-0.031313
21
0.007289
31
0.030000
12
-0.031313
22
0.007289
32
0.000000
0
3DFACE
62
254
10
-0.031204
20
0.007286
30
0.030000
11
-0.031313
21
0.007289
31
0.000000
12
-0.031204
22
0.007286
32
0.000000
0
3DFACE
62
254
10
-0.031204
20
0.007286
30
0.030000
11
-0.031204
21
0.007286
31
0.000000
12
-0.031096
22
0.007300
32
0.000000
0
3DFACE
62
254
10
-0.031096
20
0.007300
30
0.030000
11
-0.031204
21
0.007286
31
0.030000
12
-0.031096
22
0.007300
32
0.000000
0
3DFACE
62
254
10
-0.030991
20
0.007328
30
0.030000
11
-0.031096
21
0.007300
31
0.000000
12
-0.030991
22
0.007328
32
0.000000
0
3DFACE
62
254
10
-0.030991
20
0.007328
30
0.030000
11
-0.031096
21
0.007300
31
0.030000
12
-0.031096
22
0.007300
32
0.000000
0
3DFACE
62
254
10
-0.030891
20
0.007371
30
0.030000
11
-0.030991
21
0.007328
31
0.000000
12
-0.030891
22
0.007371
32
0.000000
0
3DFACE
62
254
10
-0.030891
20
0.007371
30
0.030000
11
-0.030991
21
0.007328
31
0.030000
12
-0.030991
22
0.007328
32
0.000000
0
3DFACE
62
254
10
-0.032522
20
0.003607
30
0.030000
11
-0.031965
21
0.003446
31
0.030000
12
-0.031965
22
0.003446
32
0.000000
0
3DFACE
62
254
10
-0.032522
20
0.003607
30
0.030000
11
-0.031965
21
0.003446
31
0.000000
12
-0.032522
22
0.003607
32
0.000000
0
3DFACE
62
254
10
-0.033129
20
0.003842
30
0.030000
11
-0.032522
21
0.003607
31
0.000000
12
-0.033129
22
0.003842
32
0.000000
0
3DFACE
62
254
10
-0.033129
20
0.003842
30
0.030000
11
-0.032522
21
0.003607
31
0.030000
12
-0.032522
22
0.003607
32
0.000000
0
3DFACE
62
254
10
-0.034409
20
0.004495
30
0.030000
11
-0.033129
21
0.003842
31
0.000000
12
-0.034409
22
0.004495
32
0.000000
0
3DFACE
62
254
10
-0.034409
20
0.004495
30
0.030000
11
-0.033129
21
0.003842
31
0.030000
12
-0.033129
22
0.003842
32
0.000000
0
3DFACE
62
254
10
-0.035610
20
0.005283
30
0.030000
11
-0.034409
21
0.004495
31
0.000000
12
-0.035610
22
0.005283
32
0.000000
0
3DFACE
62
254
10
-0.035610
20
0.005283
30
0.030000
11
-0.034409
21
0.004495
31
0.030000
12
-0.034409
22
0.004495
32
0.000000
0
3DFACE
62
254
10
-0.034331
20
0.000880
30
0.030000
11
-0.036000
21
0.000144
31
0.030000
12
-0.036000
22
0.000144
32
0.000000
0
3DFACE
62
254
10
-0.034331
20
0.000880
30
0.030000
11
-0.036000
21
0.000144
31
0.000000
12
-0.034331
22
0.000880
32
0.000000
0
3DFACE
62
254
10
-0.033242
20
0.001217
30
0.030000
11
-0.034331
21
0.000880
31
0.000000
12
-0.033242
22
0.001217
32
0.000000
0
3DFACE
62
254
10
-0.033242
20
0.001217
30
0.030000
11
-0.034331
21
0.000880
31
0.030000
12
-0.034331
22
0.000880
32
0.000000
0
3DFACE
62
254
10
-0.032119
20
0.001411
30
0.030000
11
-0.033242
21
0.001217
31
0.000000
12
-0.032119
22
0.001411
32
0.000000
0
3DFACE
62
254
10
-0.032119
20
0.001411
30
0.030000
11
-0.033242
21
0.001217
31
0.030000
12
-0.033242
22
0.001217
32
0.000000
0
3DFACE
62
254
10
-0.031388
20
0.002763
30
0.030000
11
-0.031389
21
0.002644
31
0.030000
12
-0.031389
22
0.002644
32
0.000000
0
3DFACE
62
254
10
-0.031388
20
0.002763
30
0.030000
11
-0.031389
21
0.002644
31
0.000000
12
-0.031388
22
0.002763
32
0.000000
0
3DFACE
62
254
10
-0.031406
20
0.002881
30
0.030000
11
-0.031388
21
0.002763
31
0.000000
12
-0.031406
22
0.002881
32
0.000000
0
3DFACE
62
254
10
-0.031406
20
0.002881
30
0.030000
11
-0.031406
21
0.002881
31
0.000000
12
-0.031442
22
0.002995
32
0.000000
0
3DFACE
62
254
10
-0.031406
20
0.002881
30
0.030000
11
-0.031388
21
0.002763
31
0.030000
12
-0.031388
22
0.002763
32
0.000000
0
3DFACE
62
254
10
-0.031442
20
0.002995
30
0.030000
11
-0.031406
21
0.002881
31
0.030000
12
-0.031442
22
0.002995
32
0.000000
0
3DFACE
62
254
10
-0.031496
20
0.003101
30
0.030000
11
-0.031442
21
0.002995
31
0.000000
12
-0.031496
22
0.003101
32
0.000000
0
3DFACE
62
254
10
-0.031496
20
0.003101
30
0.030000
11
-0.031442
21
0.002995
31
0.030000
12
-0.031442
22
0.002995
32
0.000000
0
3DFACE
62
254
10
-0.031566
20
0.003198
30
0.030000
11
-0.031496
21
0.003101
31
0.000000
12
-0.031566
22
0.003198
32
0.000000
0
3DFACE
62
254
10
-0.031566
20
0.003198
30
0.030000
11
-0.031566
21
0.003198
31
0.000000
12
-0.031649
22
0.003283
32
0.000000
0
3DFACE
62
254
10
-0.031566
20
0.003198
30
0.030000
11
-0.031496
21
0.003101
31
0.030000
12
-0.031496
22
0.003101
32
0.000000
0
3DFACE
62
254
10
-0.031649
20
0.003283
30
0.030000
11
-0.031566
21
0.003198
31
0.030000
12
-0.031649
22
0.003283
32
0.000000
0
3DFACE
62
254
10
-0.031745
20
0.003353
30
0.030000
11
-0.031649
21
0.003283
31
0.000000
12
-0.031745
22
0.003353
32
0.000000
0
3DFACE
62
254
10
-0.031745
20
0.003353
30
0.030000
11
-0.031649
21
0.003283
31
0.030000
12
-0.031649
22
0.003283
32
0.000000
0
3DFACE
62
254
10
-0.031851
20
0.003408
30
0.030000
11
-0.031745
21
0.003353
31
0.000000
12
-0.031851
22
0.003408
32
0.000000
0
3DFACE
62
254
10
-0.031851
20
0.003408
30
0.030000
11
-0.031851
21
0.003408
31
0.000000
12
-0.031965
22
0.003446
32
0.000000
0
3DFACE
62
254
10
-0.031851
20
0.003408
30
0.030000
11
-0.031745
21
0.003353
31
0.030000
12
-0.031745
22
0.003353
32
0.000000
0
3DFACE
62
254
10
-0.031965
20
0.003446
30
0.030000
11
-0.031851
21
0.003408
31
0.030000
12
-0.031965
22
0.003446
32
0.000000
0
3DFACE
62
254
10
-0.031403
20
0.002468
30
0.030000
11
-0.031389
21
0.002644
31
0.030000
12
-0.031389
22
0.002644
32
0.000000
0
3DFACE
62
254
10
-0.031403
20
0.002468
30
0.030000
11
-0.031403
21
0.002468
31
0.000000
12
-0.031416
22
0.002293
32
0.000000
0
3DFACE
62
254
10
-0.031403
20
0.002468
30
0.030000
11
-0.031389
21
0.002644
31
0.000000
12
-0.031403
22
0.002468
32
0.000000
0
3DFACE
62
254
10
-0.031416
20
0.002293
30
0.030000
11
-0.031403
21
0.002468
31
0.030000
12
-0.031416
22
0.002293
32
0.000000
0
3DFACE
62
254
10
-0.031429
20
0.002117
30
0.030000
11
-0.031416
21
0.002293
31
0.000000
12
-0.031429
22
0.002117
32
0.000000
0
3DFACE
62
254
10
-0.031429
20
0.002117
30
0.030000
11
-0.031416
21
0.002293
31
0.030000
12
-0.031416
22
0.002293
32
0.000000
0
3DFACE
62
254
10
-0.032022
20
0.001426
30
0.030000
11
-0.032119
21
0.001411
31
0.030000
12
-0.032119
22
0.001411
32
0.000000
0
3DFACE
62
254
10
-0.032022
20
0.001426
30
0.030000
11
-0.032119
21
0.001411
31
0.000000
12
-0.032022
22
0.001426
32
0.000000
0
3DFACE
62
254
10
-0.031927
20
0.001454
30
0.030000
11
-0.032022
21
0.001426
31
0.000000
12
-0.031927
22
0.001454
32
0.000000
0
3DFACE
62
254
10
-0.031927
20
0.001454
30
0.030000
11
-0.032022
21
0.001426
31
0.030000
12
-0.032022
22
0.001426
32
0.000000
0
3DFACE
62
254
10
-0.031837
20
0.001494
30
0.030000
11
-0.031927
21
0.001454
31
0.000000
12
-0.031837
22
0.001494
32
0.000000
0
3DFACE
62
254
10
-0.031837
20
0.001494
30
0.030000
11
-0.031927
21
0.001454
31
0.030000
12
-0.031927
22
0.001454
32
0.000000
0
3DFACE
62
254
10
-0.032631
20
-0.002430
30
0.030000
11
-0.032054
21
-0.002486
31
0.030000
12
-0.032054
22
-0.002486
32
0.000000
0
3DFACE
62
254
10
-0.032631
20
-0.002430
30
0.030000
11
-0.032054
21
-0.002486
31
0.000000
12
-0.032631
22
-0.002430
32
0.000000
0
3DFACE
62
254
10
-0.033271
20
-0.002311
30
0.030000
11
-0.032631
21
-0.002430
31
0.000000
12
-0.033271
22
-0.002311
32
0.000000
0
3DFACE
62
254
10
-0.033271
20
-0.002311
30
0.030000
11
-0.032631
21
-0.002430
31
0.030000
12
-0.032631
22
-0.002430
32
0.000000
0
3DFACE
62
254
10
-0.034649
20
-0.001904
30
0.030000
11
-0.033271
21
-0.002311
31
0.000000
12
-0.034649
22
-0.001904
32
0.000000
0
3DFACE
62
254
10
-0.034649
20
-0.001904
30
0.030000
11
-0.033271
21
-0.002311
31
0.030000
12
-0.033271
22
-0.002311
32
0.000000
0
3DFACE
62
254
10
-0.035975
20
-0.001350
30
0.030000
11
-0.034649
21
-0.001904
31
0.000000
12
-0.035975
22
-0.001350
32
0.000000
0
3DFACE
62
254
10
-0.035975
20
-0.001350
30
0.030000
11
-0.034649
21
-0.001904
31
0.030000
12
-0.034649
22
-0.001904
32
0.000000
0
3DFACE
62
254
10
-0.033908
20
-0.005443
30
0.030000
11
-0.035413
21
-0.006473
31
0.030000
12
-0.035413
22
-0.006473
32
0.000000
0
3DFACE
62
254
10
-0.033908
20
-0.005443
30
0.030000
11
-0.035413
21
-0.006473
31
0.000000
12
-0.033908
22
-0.005443
32
0.000000
0
3DFACE
62
254
10
-0.033908
20
-0.005443
30
0.030000
11
-0.033908
21
-0.005443
31
0.000000
12
-0.032899
22
-0.004911
32
0.000000
0
3DFACE
62
254
10
-0.032899
20
-0.004911
30
0.030000
11
-0.033908
21
-0.005443
31
0.030000
12
-0.032899
22
-0.004911
32
0.000000
0
3DFACE
62
254
10
-0.031831
20
-0.004515
30
0.030000
11
-0.032899
21
-0.004911
31
0.000000
12
-0.031831
22
-0.004515
32
0.000000
0
3DFACE
62
254
10
-0.031831
20
-0.004515
30
0.030000
11
-0.032899
21
-0.004911
31
0.030000
12
-0.032899
22
-0.004911
32
0.000000
0
3DFACE
62
254
10
-0.031340
20
-0.003169
30
0.030000
11
-0.031340
21
-0.003169
31
0.000000
12
-0.031361
22
-0.003051
32
0.000000
0
3DFACE
62
254
10
-0.031361
20
-0.003051
30
0.030000
11
-0.031340
21
-0.003169
31
0.030000
12
-0.031361
22
-0.003051
32
0.000000
0
3DFACE
62
254
10
-0.031401
20
-0.002939
30
0.030000
11
-0.031361
21
-0.003051
31
0.000000
12
-0.031401
22
-0.002939
32
0.000000
0
3DFACE
62
254
10
-0.031401
20
-0.002939
30
0.030000
11
-0.031361
21
-0.003051
31
0.030000
12
-0.031361
22
-0.003051
32
0.000000
0
3DFACE
62
254
10
-0.031457
20
-0.002834
30
0.030000
11
-0.031401
21
-0.002939
31
0.000000
12
-0.031457
22
-0.002834
32
0.000000
0
3DFACE
62
254
10
-0.031457
20
-0.002834
30
0.030000
11
-0.031401
21
-0.002939
31
0.030000
12
-0.031401
22
-0.002939
32
0.000000
0
3DFACE
62
254
10
-0.031530
20
-0.002739
30
0.030000
11
-0.031457
21
-0.002834
31
0.000000
12
-0.031530
22
-0.002739
32
0.000000
0
3DFACE
62
254
10
-0.031530
20
-0.002739
30
0.030000
11
-0.031530
21
-0.002739
31
0.000000
12
-0.031616
22
-0.002657
32
0.000000
0
3DFACE
62
254
10
-0.031530
20
-0.002739
30
0.030000
11
-0.031457
21
-0.002834
31
0.030000
12
-0.031457
22
-0.002834
32
0.000000
0
3DFACE
62
254
10
-0.031616
20
-0.002657
30
0.030000
11
-0.031616
21
-0.002657
31
0.000000
12
-0.031714
22
-0.002589
32
0.000000
0
3DFACE
62
254
10
-0.031616
20
-0.002657
30
0.030000
11
-0.031530
21
-0.002739
31
0.030000
12
-0.031616
22
-0.002657
32
0.000000
0
3DFACE
62
254
10
-0.031714
20
-0.002589
30
0.030000
11
-0.031616
21
-0.002657
31
0.030000
12
-0.031714
22
-0.002589
32
0.000000
0
3DFACE
62
254
10
-0.031821
20
-0.002537
30
0.030000
11
-0.031714
21
-0.002589
31
0.000000
12
-0.031821
22
-0.002537
32
0.000000
0
3DFACE
62
254
10
-0.031821
20
-0.002537
30
0.030000
11
-0.031714
21
-0.002589
31
0.030000
12
-0.031714
22
-0.002589
32
0.000000
0
3DFACE
62
254
10
-0.031935
20
-0.002503
30
0.030000
11
-0.031821
21
-0.002537
31
0.000000
12
-0.031935
22
-0.002503
32
0.000000
0
3DFACE
62
254
10
-0.031935
20
-0.002503
30
0.030000
11
-0.031935
21
-0.002503
31
0.000000
12
-0.032054
22
-0.002486
32
0.000000
0
3DFACE
62
254
10
-0.031935
20
-0.002503
30
0.030000
11
-0.031821
21
-0.002537
31
0.030000
12
-0.031821
22
-0.002537
32
0.000000
0
3DFACE
62
254
10
-0.032054
20
-0.002486
30
0.030000
11
-0.031935
21
-0.002503
31
0.030000
12
-0.032054
22
-0.002486
32
0.000000
0
3DFACE
62
254
10
-0.031322
20
-0.003344
30
0.030000
11
-0.031340
21
-0.003169
31
0.030000
12
-0.031340
22
-0.003169
32
0.000000
0
3DFACE
62
254
10
-0.031322
20
-0.003344
30
0.030000
11
-0.031340
21
-0.003169
31
0.000000
12
-0.031322
22
-0.003344
32
0.000000
0
3DFACE
62
254
10
-0.031303
20
-0.003519
30
0.030000
11
-0.031303
21
-0.003519
31
0.000000
12
-0.031283
22
-0.003694
32
0.000000
0
3DFACE
62
254
10
-0.031303
20
-0.003519
30
0.030000
11
-0.031322
21
-0.003344
31
0.000000
12
-0.031303
22
-0.003519
32
0.000000
0
3DFACE
62
254
10
-0.031303
20
-0.003519
30
0.030000
11
-0.031322
21
-0.003344
31
0.030000
12
-0.031322
22
-0.003344
32
0.000000
0
3DFACE
62
254
10
-0.031283
20
-0.003694
30
0.030000
11
-0.031303
21
-0.003519
31
0.030000
12
-0.031283
22
-0.003694
32
0.000000
0
3DFACE
62
254
10
-0.031831
20
-0.004515
30
0.030000
11
-0.031831
21
-0.004515
31
0.000000
12
-0.031782
22
-0.004499
32
0.000000
0
3DFACE
62
254
10
-0.031782
20
-0.004499
30
0.030000
11
-0.031831
21
-0.004515
31
0.030000
12
-0.031782
22
-0.004499
32
0.000000
0
3DFACE
62
254
10
-0.031734
20
-0.004480
30
0.030000
11
-0.031782
21
-0.004499
31
0.000000
12
-0.031734
22
-0.004480
32
0.000000
0
3DFACE
62
254
10
-0.031734
20
-0.004480
30
0.030000
11
-0.031782
21
-0.004499
31
0.030000
12
-0.031782
22
-0.004499
32
0.000000
0
3DFACE
62
254
10
-0.031687
20
-0.004458
30
0.030000
11
-0.031734
21
-0.004480
31
0.000000
12
-0.031687
22
-0.004458
32
0.000000
0
3DFACE
62
254
10
-0.031687
20
-0.004458
30
0.030000
11
-0.031734
21
-0.004480
31
0.030000
12
-0.031734
22
-0.004480
32
0.000000
0
3DFACE
62
254
10
-0.031628
20
-0.008385
30
0.030000
11
-0.031051
21
-0.008334
31
0.030000
12
-0.031051
22
-0.008334
32
0.000000
0
3DFACE
62
254
10
-0.031628
20
-0.008385
30
0.030000
11
-0.031051
21
-0.008334
31
0.000000
12
-0.031628
22
-0.008385
32
0.000000
0
3DFACE
62
254
10
-0.032280
20
-0.008385
30
0.030000
11
-0.031628
21
-0.008385
31
0.000000
12
-0.032280
22
-0.008385
32
0.000000
0
3DFACE
62
254
10
-0.032280
20
-0.008385
30
0.030000
11
-0.032280
21
-0.008385
31
0.000000
12
-0.033709
22
-0.008238
32
0.000000
0
3DFACE
62
254
10
-0.032280
20
-0.008385
30
0.030000
11
-0.031628
21
-0.008385
31
0.030000
12
-0.031628
22
-0.008385
32
0.000000
0
3DFACE
62
254
10
-0.033709
20
-0.008238
30
0.030000
11
-0.032280
21
-0.008385
31
0.030000
12
-0.033709
22
-0.008238
32
0.000000
0
3DFACE
62
254
10
-0.035114
20
-0.007938
30
0.030000
11
-0.033709
21
-0.008238
31
0.000000
12
-0.035114
22
-0.007938
32
0.000000
0
3DFACE
62
254
10
-0.035114
20
-0.007938
30
0.030000
11
-0.033709
21
-0.008238
31
0.030000
12
-0.033709
22
-0.008238
32
0.000000
0
3DFACE
62
254
10
-0.032330
20
-0.011581
30
0.030000
11
-0.033621
21
-0.012870
31
0.030000
12
-0.033621
22
-0.012870
32
0.000000
0
3DFACE
62
254
10
-0.032330
20
-0.011581
30
0.030000
11
-0.033621
21
-0.012870
31
0.000000
12
-0.032330
22
-0.011581
32
0.000000
0
3DFACE
62
254
10
-0.031437
20
-0.010873
30
0.030000
11
-0.032330
21
-0.011581
31
0.000000
12
-0.031437
22
-0.010873
32
0.000000
0
3DFACE
62
254
10
-0.031437
20
-0.010873
30
0.030000
11
-0.032330
21
-0.011581
31
0.030000
12
-0.032330
22
-0.011581
32
0.000000
0
3DFACE
62
254
10
-0.030460
20
-0.010287
30
0.030000
11
-0.031437
21
-0.010873
31
0.000000
12
-0.030460
22
-0.010287
32
0.000000
0
3DFACE
62
254
10
-0.030460
20
-0.010287
30
0.030000
11
-0.031437
21
-0.010873
31
0.030000
12
-0.031437
22
-0.010873
32
0.000000
0
3DFACE
62
254
10
-0.030267
20
-0.008762
30
0.030000
11
-0.030224
21
-0.008874
31
0.030000
12
-0.030224
22
-0.008874
32
0.000000
0
3DFACE
62
254
10
-0.030267
20
-0.008762
30
0.030000
11
-0.030224
21
-0.008874
31
0.000000
12
-0.030267
22
-0.008762
32
0.000000
0
3DFACE
62
254
10
-0.030326
20
-0.008659
30
0.030000
11
-0.030267
21
-0.008762
31
0.000000
12
-0.030326
22
-0.008659
32
0.000000
0
3DFACE
62
254
10
-0.030326
20
-0.008659
30
0.030000
11
-0.030267
21
-0.008762
31
0.030000
12
-0.030267
22
-0.008762
32
0.000000
0
3DFACE
62
254
10
-0.030401
20
-0.008566
30
0.030000
11
-0.030326
21
-0.008659
31
0.000000
12
-0.030401
22
-0.008566
32
0.000000
0
3DFACE
62
254
10
-0.030401
20
-0.008566
30
0.030000
11
-0.030326
21
-0.008659
31
0.030000
12
-0.030326
22
-0.008659
32
0.000000
0
3DFACE
62
254
10
-0.030489
20
-0.008486
30
0.030000
11
-0.030401
21
-0.008566
31
0.000000
12
-0.030489
22
-0.008486
32
0.000000
0
3DFACE
62
254
10
-0.030489
20
-0.008486
30
0.030000
11
-0.030401
21
-0.008566
31
0.030000
12
-0.030401
22
-0.008566
32
0.000000
0
3DFACE
62
254
10
-0.030589
20
-0.008421
30
0.030000
11
-0.030489
21
-0.008486
31
0.000000
12
-0.030589
22
-0.008421
32
0.000000
0
3DFACE
62
254
10
-0.030589
20
-0.008421
30
0.030000
11
-0.030489
21
-0.008486
31
0.030000
12
-0.030489
22
-0.008486
32
0.000000
0
3DFACE
62
254
10
-0.030698
20
-0.008372
30
0.030000
11
-0.030589
21
-0.008421
31
0.000000
12
-0.030698
22
-0.008372
32
0.000000
0
3DFACE
62
254
10
-0.030698
20
-0.008372
30
0.030000
11
-0.030589
21
-0.008421
31
0.030000
12
-0.030589
22
-0.008421
32
0.000000
0
3DFACE
62
254
10
-0.030813
20
-0.008341
30
0.030000
11
-0.030698
21
-0.008372
31
0.000000
12
-0.030813
22
-0.008341
32
0.000000
0
3DFACE
62
254
10
-0.030813
20
-0.008341
30
0.030000
11
-0.030813
21
-0.008341
31
0.000000
12
-0.030932
22
-0.008328
32
0.000000
0
3DFACE
62
254
10
-0.030813
20
-0.008341
30
0.030000
11
-0.030698
21
-0.008372
31
0.030000
12
-0.030698
22
-0.008372
32
0.000000
0
3DFACE
62
254
10
-0.030932
20
-0.008328
30
0.030000
11
-0.030813
21
-0.008341
31
0.030000
12
-0.030932
22
-0.008328
32
0.000000
0
3DFACE
62
254
10
-0.031051
20
-0.008334
30
0.030000
11
-0.030932
21
-0.008328
31
0.000000
12
-0.031051
22
-0.008334
32
0.000000
0
3DFACE
62
254
10
-0.031051
20
-0.008334
30
0.030000
11
-0.030932
21
-0.008328
31
0.030000
12
-0.030932
22
-0.008328
32
0.000000
0
3DFACE
62
254
10
-0.030174
20
-0.009042
30
0.030000
11
-0.030224
21
-0.008874
31
0.030000
12
-0.030224
22
-0.008874
32
0.000000
0
3DFACE
62
254
10
-0.030174
20
-0.009042
30
0.030000
11
-0.030224
21
-0.008874
31
0.000000
12
-0.030174
22
-0.009042
32
0.000000
0
3DFACE
62
254
10
-0.030123
20
-0.009211
30
0.030000
11
-0.030174
21
-0.009042
31
0.000000
12
-0.030123
22
-0.009211
32
0.000000
0
3DFACE
62
254
10
-0.030123
20
-0.009211
30
0.030000
11
-0.030174
21
-0.009042
31
0.030000
12
-0.030174
22
-0.009042
32
0.000000
0
3DFACE
62
254
10
-0.030071
20
-0.009379
30
0.030000
11
-0.030123
21
-0.009211
31
0.000000
12
-0.030071
22
-0.009379
32
0.000000
0
3DFACE
62
254
10
-0.030071
20
-0.009379
30
0.030000
11
-0.030123
21
-0.009211
31
0.030000
12
-0.030123
22
-0.009211
32
0.000000
0
3DFACE
62
254
10
-0.030455
20
-0.010285
30
0.030000
11
-0.030460
21
-0.010287
31
0.030000
12
-0.030460
22
-0.010287
32
0.000000
0
3DFACE
62
254
10
-0.030455
20
-0.010285
30
0.030000
11
-0.030460
21
-0.010287
31
0.000000
12
-0.030455
22
-0.010285
32
0.000000
0
3DFACE
62
254
10
-0.030451
20
-0.010282
30
0.030000
11
-0.030455
21
-0.010285
31
0.000000
12
-0.030451
22
-0.010282
32
0.000000
0
3DFACE
62
254
10
-0.030451
20
-0.010282
30
0.030000
11
-0.030455
21
-0.010285
31
0.030000
12
-0.030455
22
-0.010285
32
0.000000
0
3DFACE
62
254
10
-0.030447
20
-0.010280
30
0.030000
11
-0.030451
21
-0.010282
31
0.000000
12
-0.030447
22
-0.010280
32
0.000000
0
3DFACE
62
254
10
-0.030447
20
-0.010280
30
0.030000
11
-0.030451
21
-0.010282
31
0.030000
12
-0.030451
22
-0.010282
32
0.000000
0
3DFACE
62
254
10
-0.029549
20
-0.014054
30
0.030000
11
-0.028991
21
-0.013898
31
0.030000
12
-0.028991
22
-0.013898
32
0.000000
0
3DFACE
62
254
10
-0.029549
20
-0.014054
30
0.030000
11
-0.028991
21
-0.013898
31
0.000000
12
-0.029549
22
-0.014054
32
0.000000
0
3DFACE
62
254
10
-0.030190
20
-0.014174
30
0.030000
11
-0.029549
21
-0.014054
31
0.000000
12
-0.030190
22
-0.014174
32
0.000000
0
3DFACE
62
254
10
-0.030190
20
-0.014174
30
0.030000
11
-0.029549
21
-0.014054
31
0.030000
12
-0.029549
22
-0.014054
32
0.000000
0
3DFACE
62
254
10
-0.031621
20
-0.014292
30
0.030000
11
-0.030190
21
-0.014174
31
0.000000
12
-0.031621
22
-0.014292
32
0.000000
0
3DFACE
62
254
10
-0.031621
20
-0.014292
30
0.030000
11
-0.030190
21
-0.014174
31
0.030000
12
-0.030190
22
-0.014174
32
0.000000
0
3DFACE
62
254
10
-0.033058
20
-0.014255
30
0.030000
11
-0.031621
21
-0.014292
31
0.000000
12
-0.033058
22
-0.014255
32
0.000000
0
3DFACE
62
254
10
-0.033058
20
-0.014255
30
0.030000
11
-0.031621
21
-0.014292
31
0.030000
12
-0.031621
22
-0.014292
32
0.000000
0
3DFACE
62
254
10
-0.029652
20
-0.017324
30
0.030000
11
-0.030684
21
-0.018829
31
0.030000
12
-0.030684
22
-0.018829
32
0.000000
0
3DFACE
62
254
10
-0.029652
20
-0.017324
30
0.030000
11
-0.030684
21
-0.018829
31
0.000000
12
-0.029652
22
-0.017324
32
0.000000
0
3DFACE
62
254
10
-0.028904
20
-0.016464
30
0.030000
11
-0.029652
21
-0.017324
31
0.000000
12
-0.028904
22
-0.016464
32
0.000000
0
3DFACE
62
254
10
-0.028904
20
-0.016464
30
0.030000
11
-0.029652
21
-0.017324
31
0.030000
12
-0.029652
22
-0.017324
32
0.000000
0
3DFACE
62
254
10
-0.028051
20
-0.015709
30
0.030000
11
-0.028904
21
-0.016464
31
0.000000
12
-0.028051
22
-0.015709
32
0.000000
0
3DFACE
62
254
10
-0.028051
20
-0.015709
30
0.030000
11
-0.028904
21
-0.016464
31
0.030000
12
-0.028904
22
-0.016464
32
0.000000
0
3DFACE
62
254
10
-0.028141
20
-0.014174
30
0.030000
11
-0.028079
21
-0.014276
31
0.030000
12
-0.028079
22
-0.014276
32
0.000000
0
3DFACE
62
254
10
-0.028141
20
-0.014174
30
0.030000
11
-0.028079
21
-0.014276
31
0.000000
12
-0.028141
22
-0.014174
32
0.000000
0
3DFACE
62
254
10
-0.028219
20
-0.014084
30
0.030000
11
-0.028141
21
-0.014174
31
0.000000
12
-0.028219
22
-0.014084
32
0.000000
0
3DFACE
62
254
10
-0.028219
20
-0.014084
30
0.030000
11
-0.028219
21
-0.014084
31
0.000000
12
-0.028309
22
-0.014006
32
0.000000
0
3DFACE
62
254
10
-0.028219
20
-0.014084
30
0.030000
11
-0.028141
21
-0.014174
31
0.030000
12
-0.028141
22
-0.014174
32
0.000000
0
3DFACE
62
254
10
-0.028309
20
-0.014006
30
0.030000
11
-0.028219
21
-0.014084
31
0.030000
12
-0.028309
22
-0.014006
32
0.000000
0
3DFACE
62
254
10
-0.028411
20
-0.013944
30
0.030000
11
-0.028309
21
-0.014006
31
0.000000
12
-0.028411
22
-0.013944
32
0.000000
0
3DFACE
62
254
10
-0.028411
20
-0.013944
30
0.030000
11
-0.028309
21
-0.014006
31
0.030000
12
-0.028309
22
-0.014006
32
0.000000
0
3DFACE
62
254
10
-0.028521
20
-0.013898
30
0.030000
11
-0.028411
21
-0.013944
31
0.000000
12
-0.028521
22
-0.013898
32
0.000000
0
3DFACE
62
254
10
-0.028521
20
-0.013898
30
0.030000
11
-0.028521
21
-0.013898
31
0.000000
12
-0.028637
22
-0.013870
32
0.000000
0
3DFACE
62
254
10
-0.028521
20
-0.013898
30
0.030000
11
-0.028411
21
-0.013944
31
0.030000
12
-0.028411
22
-0.013944
32
0.000000
0
3DFACE
62
254
10
-0.028637
20
-0.013870
30
0.030000
11
-0.028521
21
-0.013898
31
0.030000
12
-0.028637
22
-0.013870
32
0.000000
0
3DFACE
62
254
10
-0.028756
20
-0.013861
30
0.030000
11
-0.028637
21
-0.013870
31
0.000000
12
-0.028756
22
-0.013861
32
0.000000
0
3DFACE
62
254
10
-0.028756
20
-0.013861
30
0.030000
11
-0.028637
21
-0.013870
31
0.030000
12
-0.028637
22
-0.013870
32
0.000000
0
3DFACE
62
254
10
-0.028875
20
-0.013870
30
0.030000
11
-0.028756
21
-0.013861
31
0.000000
12
-0.028875
22
-0.013870
32
0.000000
0
3DFACE
62
254
10
-0.028875
20
-0.013870
30
0.030000
11
-0.028875
21
-0.013870
31
0.000000
12
-0.028991
22
-0.013898
32
0.000000
0
3DFACE
62
254
10
-0.028875
20
-0.013870
30
0.030000
11
-0.028756
21
-0.013861
31
0.030000
12
-0.028756
22
-0.013861
32
0.000000
0
3DFACE
62
254
10
-0.028991
20
-0.013898
30
0.030000
11
-0.028875
21
-0.013870
31
0.030000
12
-0.028991
22
-0.013898
32
0.000000
0
3DFACE
62
254
10
-0.027999
20
-0.014433
30
0.030000
11
-0.028079
21
-0.014276
31
0.030000
12
-0.028079
22
-0.014276
32
0.000000
0
3DFACE
62
254
10
-0.027999
20
-0.014433
30
0.030000
11
-0.028079
21
-0.014276
31
0.000000
12
-0.027999
22
-0.014433
32
0.000000
0
3DFACE
62
254
10
-0.027918
20
-0.014589
30
0.030000
11
-0.027918
21
-0.014589
31
0.000000
12
-0.027836
22
-0.014745
32
0.000000
0
3DFACE
62
254
10
-0.027918
20
-0.014589
30
0.030000
11
-0.027999
21
-0.014433
31
0.000000
12
-0.027918
22
-0.014589
32
0.000000
0
3DFACE
62
254
10
-0.027918
20
-0.014589
30
0.030000
11
-0.027999
21
-0.014433
31
0.030000
12
-0.027999
22
-0.014433
32
0.000000
0
3DFACE
62
254
10
-0.027836
20
-0.014745
30
0.030000
11
-0.027918
21
-0.014589
31
0.030000
12
-0.027836
22
-0.014745
32
0.000000
0
3DFACE
62
254
10
-0.027961
20
-0.015630
30
0.030000
11
-0.028051
21
-0.015709
31
0.030000
12
-0.028051
22
-0.015709
32
0.000000
0
3DFACE
62
254
10
-0.027961
20
-0.015630
30
0.030000
11
-0.028051
21
-0.015709
31
0.000000
12
-0.027961
22
-0.015630
32
0.000000
0
3DFACE
62
254
10
-0.027885
20
-0.015538
30
0.030000
11
-0.027961
21
-0.015630
31
0.000000
12
-0.027885
22
-0.015538
32
0.000000
0
3DFACE
62
254
10
-0.027885
20
-0.015538
30
0.030000
11
-0.027961
21
-0.015630
31
0.030000
12
-0.027961
22
-0.015630
32
0.000000
0
3DFACE
62
254
10
-0.027825
20
-0.015435
30
0.030000
11
-0.027885
21
-0.015538
31
0.000000
12
-0.027825
22
-0.015435
32
0.000000
0
3DFACE
62
254
10
-0.027825
20
-0.015435
30
0.030000
11
-0.027825
21
-0.015435
31
0.000000
12
-0.027781
22
-0.015324
32
0.000000
0
3DFACE
62
254
10
-0.027825
20
-0.015435
30
0.030000
11
-0.027885
21
-0.015538
31
0.030000
12
-0.027885
22
-0.015538
32
0.000000
0
3DFACE
62
254
10
-0.027781
20
-0.015324
30
0.030000
11
-0.027781
21
-0.015324
31
0.000000
12
-0.027755
22
-0.015208
32
0.000000
0
3DFACE
62
254
10
-0.027781
20
-0.015324
30
0.030000
11
-0.027825
21
-0.015435
31
0.030000
12
-0.027781
22
-0.015324
32
0.000000
0
3DFACE
62
254
10
-0.027755
20
-0.015208
30
0.030000
11
-0.027781
21
-0.015324
31
0.030000
12
-0.027755
22
-0.015208
32
0.000000
0
3DFACE
62
254
10
-0.027747
20
-0.015089
30
0.030000
11
-0.027755
21
-0.015208
31
0.000000
12
-0.027747
22
-0.015089
32
0.000000
0
3DFACE
62
254
10
-0.027747
20
-0.015089
30
0.030000
11
-0.027747
21
-0.015089
31
0.000000
12
-0.027759
22
-0.014970
32
0.000000
0
3DFACE
62
254
10
-0.027747
20
-0.015089
30
0.030000
11
-0.027755
21
-0.015208
31
0.030000
12
-0.027755
22
-0.015208
32
0.000000
0
3DFACE
62
254
10
-0.027759
20
-0.014970
30
0.030000
11
-0.027747
21
-0.015089
31
0.030000
12
-0.027759
22
-0.014970
32
0.000000
0
3DFACE
62
254
10
-0.027788
20
-0.014855
30
0.030000
11
-0.027759
21
-0.014970
31
0.000000
12
-0.027788
22
-0.014855
32
0.000000
0
3DFACE
62
254
10
-0.027788
20
-0.014855
30
0.030000
11
-0.027788
21
-0.014855
31
0.000000
12
-0.027836
22
-0.014745
32
0.000000
0
3DFACE
62
254
10
-0.027788
20
-0.014855
30
0.030000
11
-0.027759
21
-0.014970
31
0.030000
12
-0.027759
22
-0.014970
32
0.000000
0
3DFACE
62
254
10
-0.027836
20
-0.014745
30
0.030000
11
-0.027788
21
-0.014855
31
0.030000
12
-0.027836
22
-0.014745
32
0.000000
0
3DFACE
62
254
10
-0.026464
20
-0.019244
30
0.030000
11
-0.025943
21
-0.018988
31
0.030000
12
-0.025943
22
-0.018988
32
0.000000
0
3DFACE
62
254
10
-0.026464
20
-0.019244
30
0.030000
11
-0.025943
21
-0.018988
31
0.000000
12
-0.026464
22
-0.019244
32
0.000000
0
3DFACE
62
254
10
-0.027071
20
-0.019480
30
0.030000
11
-0.026464
21
-0.019244
31
0.000000
12
-0.027071
22
-0.019480
32
0.000000
0
3DFACE
62
254
10
-0.027071
20
-0.019480
30
0.030000
11
-0.026464
21
-0.019244
31
0.030000
12
-0.026464
22
-0.019244
32
0.000000
0
3DFACE
62
254
10
-0.028457
20
-0.019859
30
0.030000
11
-0.027071
21
-0.019480
31
0.000000
12
-0.028457
22
-0.019859
32
0.000000
0
3DFACE
62
254
10
-0.028457
20
-0.019859
30
0.030000
11
-0.028457
21
-0.019859
31
0.000000
12
-0.029875
22
-0.020086
32
0.000000
0
3DFACE
62
254
10
-0.028457
20
-0.019859
30
0.030000
11
-0.027071
21
-0.019480
31
0.030000
12
-0.027071
22
-0.019480
32
0.000000
0
3DFACE
62
254
10
-0.029875
20
-0.020086
30
0.030000
11
-0.028457
21
-0.019859
31
0.030000
12
-0.029875
22
-0.020086
32
0.000000
0
3DFACE
62
254
10
-0.025964
20
-0.022478
30
0.030000
11
-0.026701
21
-0.024146
31
0.030000
12
-0.026701
22
-0.024146
32
0.000000
0
3DFACE
62
254
10
-0.025964
20
-0.022478
30
0.030000
11
-0.026701
21
-0.024146
31
0.000000
12
-0.025964
22
-0.022478
32
0.000000
0
3DFACE
62
254
10
-0.025964
20
-0.022478
30
0.030000
11
-0.025964
21
-0.022478
31
0.000000
12
-0.025386
22
-0.021495
32
0.000000
0
3DFACE
62
254
10
-0.025386
20
-0.021495
30
0.030000
11
-0.025964
21
-0.022478
31
0.030000
12
-0.025386
22
-0.021495
32
0.000000
0
3DFACE
62
254
10
-0.024687
20
-0.020595
30
0.030000
11
-0.025386
21
-0.021495
31
0.000000
12
-0.024687
22
-0.020595
32
0.000000
0
3DFACE
62
254
10
-0.024687
20
-0.020595
30
0.030000
11
-0.025386
21
-0.021495
31
0.030000
12
-0.025386
22
-0.021495
32
0.000000
0
3DFACE
62
254
10
-0.025058
20
-0.019104
30
0.030000
11
-0.024978
21
-0.019193
31
0.030000
12
-0.024978
22
-0.019193
32
0.000000
0
3DFACE
62
254
10
-0.025058
20
-0.019104
30
0.030000
11
-0.024978
21
-0.019193
31
0.000000
12
-0.025058
22
-0.019104
32
0.000000
0
3DFACE
62
254
10
-0.025150
20
-0.019029
30
0.030000
11
-0.025058
21
-0.019104
31
0.000000
12
-0.025150
22
-0.019029
32
0.000000
0
3DFACE
62
254
10
-0.025150
20
-0.019029
30
0.030000
11
-0.025150
21
-0.019029
31
0.000000
12
-0.025254
22
-0.018970
32
0.000000
0
3DFACE
62
254
10
-0.025150
20
-0.019029
30
0.030000
11
-0.025058
21
-0.019104
31
0.030000
12
-0.025058
22
-0.019104
32
0.000000
0
3DFACE
62
254
10
-0.025254
20
-0.018970
30
0.030000
11
-0.025150
21
-0.019029
31
0.030000
12
-0.025254
22
-0.018970
32
0.000000
0
3DFACE
62
254
10
-0.025365
20
-0.018927
30
0.030000
11
-0.025254
21
-0.018970
31
0.000000
12
-0.025365
22
-0.018927
32
0.000000
0
3DFACE
62
254
10
-0.025365
20
-0.018927
30
0.030000
11
-0.025254
21
-0.018970
31
0.030000
12
-0.025254
22
-0.018970
32
0.000000
0
3DFACE
62
254
10
-0.025482
20
-0.018902
30
0.030000
11
-0.025365
21
-0.018927
31
0.000000
12
-0.025482
22
-0.018902
32
0.000000
0
3DFACE
62
254
10
-0.025482
20
-0.018902
30
0.030000
11
-0.025482
21
-0.018902
31
0.000000
12
-0.025601
22
-0.018896
32
0.000000
0
3DFACE
62
254
10
-0.025482
20
-0.018902
30
0.030000
11
-0.025365
21
-0.018927
31
0.030000
12
-0.025365
22
-0.018927
32
0.000000
0
3DFACE
62
254
10
-0.025601
20
-0.018896
30
0.030000
11
-0.025482
21
-0.018902
31
0.030000
12
-0.025601
22
-0.018896
32
0.000000
0
3DFACE
62
254
10
-0.025719
20
-0.018909
30
0.030000
11
-0.025601
21
-0.018896
31
0.000000
12
-0.025719
22
-0.018909
32
0.000000
0
3DFACE
62
254
10
-0.025719
20
-0.018909
30
0.030000
11
-0.025601
21
-0.018896
31
0.030000
12
-0.025601
22
-0.018896
32
0.000000
0
3DFACE
62
254
10
-0.025835
20
-0.018939
30
0.030000
11
-0.025719
21
-0.018909
31
0.000000
12
-0.025835
22
-0.018939
32
0.000000
0
3DFACE
62
254
10
-0.025835
20
-0.018939
30
0.030000
11
-0.025835
21
-0.018939
31
0.000000
12
-0.025943
22
-0.018988
32
0.000000
0
3DFACE
62
254
10
-0.025835
20
-0.018939
30
0.030000
11
-0.025719
21
-0.018909
31
0.030000
12
-0.025719
22
-0.018909
32
0.000000
0
3DFACE
62
254
10
-0.025943
20
-0.018988
30
0.030000
11
-0.025835
21
-0.018939
31
0.030000
12
-0.025943
22
-0.018988
32
0.000000
0
3DFACE
62
254
10
-0.024870
20
-0.019332
30
0.030000
11
-0.024978
21
-0.019193
31
0.030000
12
-0.024978
22
-0.019193
32
0.000000
0
3DFACE
62
254
10
-0.024870
20
-0.019332
30
0.030000
11
-0.024870
21
-0.019332
31
0.000000
12
-0.024762
22
-0.019471
32
0.000000
0
3DFACE
62
254
10
-0.024870
20
-0.019332
30
0.030000
11
-0.024978
21
-0.019193
31
0.000000
12
-0.024870
22
-0.019332
32
0.000000
0
3DFACE
62
254
10
-0.024762
20
-0.019471
30
0.030000
11
-0.024870
21
-0.019332
31
0.030000
12
-0.024762
22
-0.019471
32
0.000000
0
3DFACE
62
254
10
-0.024652
20
-0.019609
30
0.030000
11
-0.024762
21
-0.019471
31
0.000000
12
-0.024652
22
-0.019609
32
0.000000
0
3DFACE
62
254
10
-0.024652
20
-0.019609
30
0.030000
11
-0.024762
21
-0.019471
31
0.030000
12
-0.024762
22
-0.019471
32
0.000000
0
3DFACE
62
254
10
-0.024613
20
-0.020501
30
0.030000
11
-0.024687
21
-0.020595
31
0.030000
12
-0.024687
22
-0.020595
32
0.000000
0
3DFACE
62
254
10
-0.024613
20
-0.020501
30
0.030000
11
-0.024687
21
-0.020595
31
0.000000
12
-0.024613
22
-0.020501
32
0.000000
0
3DFACE
62
254
10
-0.024556
20
-0.020397
30
0.030000
11
-0.024613
21
-0.020501
31
0.000000
12
-0.024556
22
-0.020397
32
0.000000
0
3DFACE
62
254
10
-0.024556
20
-0.020397
30
0.030000
11
-0.024613
21
-0.020501
31
0.030000
12
-0.024613
22
-0.020501
32
0.000000
0
3DFACE
62
254
10
-0.024515
20
-0.020285
30
0.030000
11
-0.024556
21
-0.020397
31
0.000000
12
-0.024515
22
-0.020285
32
0.000000
0
3DFACE
62
254
10
-0.024515
20
-0.020285
30
0.030000
11
-0.024556
21
-0.020397
31
0.030000
12
-0.024556
22
-0.020397
32
0.000000
0
3DFACE
62
254
10
-0.024492
20
-0.020168
30
0.030000
11
-0.024515
21
-0.020285
31
0.000000
12
-0.024492
22
-0.020168
32
0.000000
0
3DFACE
62
254
10
-0.024492
20
-0.020168
30
0.030000
11
-0.024515
21
-0.020285
31
0.030000
12
-0.024515
22
-0.020285
32
0.000000
0
3DFACE
62
254
10
-0.024488
20
-0.020049
30
0.030000
11
-0.024492
21
-0.020168
31
0.000000
12
-0.024488
22
-0.020049
32
0.000000
0
3DFACE
62
254
10
-0.024488
20
-0.020049
30
0.030000
11
-0.024492
21
-0.020168
31
0.030000
12
-0.024492
22
-0.020168
32
0.000000
0
3DFACE
62
254
10
-0.024502
20
-0.019930
30
0.030000
11
-0.024488
21
-0.020049
31
0.000000
12
-0.024502
22
-0.019930
32
0.000000
0
3DFACE
62
254
10
-0.024502
20
-0.019930
30
0.030000
11
-0.024488
21
-0.020049
31
0.030000
12
-0.024488
22
-0.020049
32
0.000000
0
3DFACE
62
254
10
-0.024535
20
-0.019816
30
0.030000
11
-0.024502
21
-0.019930
31
0.000000
12
-0.024535
22
-0.019816
32
0.000000
0
3DFACE
62
254
10
-0.024535
20
-0.019816
30
0.030000
11
-0.024502
21
-0.019930
31
0.030000
12
-0.024502
22
-0.019930
32
0.000000
0
3DFACE
62
254
10
-0.024586
20
-0.019708
30
0.030000
11
-0.024535
21
-0.019816
31
0.000000
12
-0.024586
22
-0.019708
32
0.000000
0
3DFACE
62
254
10
-0.024586
20
-0.019708
30
0.030000
11
-0.024586
21
-0.019708
31
0.000000
12
-0.024652
22
-0.019609
32
0.000000
0
3DFACE
62
254
10
-0.024586
20
-0.019708
30
0.030000
11
-0.024535
21
-0.019816
31
0.030000
12
-0.024535
22
-0.019816
32
0.000000
0
3DFACE
62
254
10
-0.024652
20
-0.019609
30
0.030000
11
-0.024586
21
-0.019708
31
0.030000
12
-0.024652
22
-0.019609
32
0.000000
0
3DFACE
62
254
10
-0.022477
20
-0.023779
30
0.030000
11
-0.022013
21
-0.023432
31
0.030000
12
-0.022013
22
-0.023432
32
0.000000
0
3DFACE
62
254
10
-0.022477
20
-0.023779
30
0.030000
11
-0.022013
21
-0.023432
31
0.000000
12
-0.022477
22
-0.023779
32
0.000000
0
3DFACE
62
254
10
-0.023031
20
-0.024122
30
0.030000
11
-0.022477
21
-0.023779
31
0.000000
12
-0.023031
22
-0.024122
32
0.000000
0
3DFACE
62
254
10
-0.023031
20
-0.024122
30
0.030000
11
-0.022477
21
-0.023779
31
0.030000
12
-0.022477
22
-0.023779
32
0.000000
0
3DFACE
62
254
10
-0.024323
20
-0.024750
30
0.030000
11
-0.023031
21
-0.024122
31
0.000000
12
-0.024323
22
-0.024750
32
0.000000
0
3DFACE
62
254
10
-0.024323
20
-0.024750
30
0.030000
11
-0.023031
21
-0.024122
31
0.030000
12
-0.023031
22
-0.024122
32
0.000000
0
3DFACE
62
254
10
-0.025676
20
-0.025234
30
0.030000
11
-0.024323
21
-0.024750
31
0.000000
12
-0.025676
22
-0.025234
32
0.000000
0
3DFACE
62
254
10
-0.025676
20
-0.025234
30
0.030000
11
-0.024323
21
-0.024750
31
0.030000
12
-0.024323
22
-0.024750
32
0.000000
0
3DFACE
62
254
10
-0.021391
20
-0.026866
30
0.030000
11
-0.021810
21
-0.028641
31
0.030000
12
-0.021810
22
-0.028641
32
0.000000
0
3DFACE
62
254
10
-0.021391
20
-0.026866
30
0.030000
11
-0.021810
21
-0.028641
31
0.000000
12
-0.021391
22
-0.026866
32
0.000000
0
3DFACE
62
254
10
-0.021004
20
-0.025794
30
0.030000
11
-0.021391
21
-0.026866
31
0.000000
12
-0.021004
22
-0.025794
32
0.000000
0
3DFACE
62
254
10
-0.021004
20
-0.025794
30
0.030000
11
-0.021391
21
-0.026866
31
0.030000
12
-0.021391
22
-0.026866
32
0.000000
0
3DFACE
62
254
10
-0.020482
20
-0.024781
30
0.030000
11
-0.021004
21
-0.025794
31
0.000000
12
-0.020482
22
-0.024781
32
0.000000
0
3DFACE
62
254
10
-0.020482
20
-0.024781
30
0.030000
11
-0.021004
21
-0.025794
31
0.030000
12
-0.021004
22
-0.025794
32
0.000000
0
3DFACE
62
254
10
-0.021121
20
-0.023383
30
0.030000
11
-0.021026
21
-0.023456
31
0.030000
12
-0.021026
22
-0.023456
32
0.000000
0
3DFACE
62
254
10
-0.021121
20
-0.023383
30
0.030000
11
-0.021026
21
-0.023456
31
0.000000
12
-0.021121
22
-0.023383
32
0.000000
0
3DFACE
62
254
10
-0.021226
20
-0.023326
30
0.030000
11
-0.021121
21
-0.023383
31
0.000000
12
-0.021226
22
-0.023326
32
0.000000
0
3DFACE
62
254
10
-0.021226
20
-0.023326
30
0.030000
11
-0.021226
21
-0.023326
31
0.000000
12
-0.021338
22
-0.023287
32
0.000000
0
3DFACE
62
254
10
-0.021226
20
-0.023326
30
0.030000
11
-0.021121
21
-0.023383
31
0.030000
12
-0.021121
22
-0.023383
32
0.000000
0
3DFACE
62
254
10
-0.021338
20
-0.023287
30
0.030000
11
-0.021226
21
-0.023326
31
0.030000
12
-0.021338
22
-0.023287
32
0.000000
0
3DFACE
62
254
10
-0.021455
20
-0.023265
30
0.030000
11
-0.021338
21
-0.023287
31
0.000000
12
-0.021455
22
-0.023265
32
0.000000
0
3DFACE
62
254
10
-0.021455
20
-0.023265
30
0.030000
11
-0.021338
21
-0.023287
31
0.030000
12
-0.021338
22
-0.023287
32
0.000000
0
3DFACE
62
254
10
-0.021575
20
-0.023263
30
0.030000
11
-0.021455
21
-0.023265
31
0.000000
12
-0.021575
22
-0.023263
32
0.000000
0
3DFACE
62
254
10
-0.021575
20
-0.023263
30
0.030000
11
-0.021575
21
-0.023263
31
0.000000
12
-0.021693
22
-0.023278
32
0.000000
0
3DFACE
62
254
10
-0.021575
20
-0.023263
30
0.030000
11
-0.021455
21
-0.023265
31
0.030000
12
-0.021455
22
-0.023265
32
0.000000
0
3DFACE
62
254
10
-0.021693
20
-0.023278
30
0.030000
11
-0.021575
21
-0.023263
31
0.030000
12
-0.021693
22
-0.023278
32
0.000000
0
3DFACE
62
254
10
-0.021807
20
-0.023313
30
0.030000
11
-0.021693
21
-0.023278
31
0.000000
12
-0.021807
22
-0.023313
32
0.000000
0
3DFACE
62
254
10
-0.021807
20
-0.023313
30
0.030000
11
-0.021693
21
-0.023278
31
0.030000
12
-0.021693
22
-0.023278
32
0.000000
0
3DFACE
62
254
10
-0.021915
20
-0.023364
30
0.030000
11
-0.021807
21
-0.023313
31
0.000000
12
-0.021915
22
-0.023364
32
0.000000
0
3DFACE
62
254
10
-0.021915
20
-0.023364
30
0.030000
11
-0.021807
21
-0.023313
31
0.030000
12
-0.021807
22
-0.023313
32
0.000000
0
3DFACE
62
254
10
-0.022013
20
-0.023432
30
0.030000
11
-0.021915
21
-0.023364
31
0.000000
12
-0.022013
22
-0.023432
32
0.000000
0
3DFACE
62
254
10
-0.022013
20
-0.023432
30
0.030000
11
-0.021915
21
-0.023364
31
0.030000
12
-0.021915
22
-0.023364
32
0.000000
0
3DFACE
62
254
10
-0.020894
20
-0.023573
30
0.030000
11
-0.021026
21
-0.023456
31
0.030000
12
-0.021026
22
-0.023456
32
0.000000
0
3DFACE
62
254
10
-0.020894
20
-0.023573
30
0.030000
11
-0.021026
21
-0.023456
31
0.000000
12
-0.020894
22
-0.023573
32
0.000000
0
3DFACE
62
254
10
-0.020762
20
-0.023689
30
0.030000
11
-0.020762
21
-0.023689
31
0.000000
12
-0.020630
22
-0.023805
32
0.000000
0
3DFACE
62
254
10
-0.020762
20
-0.023689
30
0.030000
11
-0.020894
21
-0.023573
31
0.000000
12
-0.020762
22
-0.023689
32
0.000000
0
3DFACE
62
254
10
-0.020762
20
-0.023689
30
0.030000
11
-0.020894
21
-0.023573
31
0.030000
12
-0.020894
22
-0.023573
32
0.000000
0
3DFACE
62
254
10
-0.020630
20
-0.023805
30
0.030000
11
-0.020762
21
-0.023689
31
0.030000
12
-0.020630
22
-0.023805
32
0.000000
0
3DFACE
62
254
10
-0.020427
20
-0.024675
30
0.030000
11
-0.020482
21
-0.024781
31
0.030000
12
-0.020482
22
-0.024781
32
0.000000
0
3DFACE
62
254
10
-0.020427
20
-0.024675
30
0.030000
11
-0.020482
21
-0.024781
31
0.000000
12
-0.020427
22
-0.024675
32
0.000000
0
3DFACE
62
254
10
-0.020390
20
-0.024562
30
0.030000
11
-0.020427
21
-0.024675
31
0.000000
12
-0.020390
22
-0.024562
32
0.000000
0
3DFACE
62
254
10
-0.020390
20
-0.024562
30
0.030000
11
-0.020427
21
-0.024675
31
0.030000
12
-0.020427
22
-0.024675
32
0.000000
0
3DFACE
62
254
10
-0.020370
20
-0.024444
30
0.030000
11
-0.020390
21
-0.024562
31
0.000000
12
-0.020370
22
-0.024444
32
0.000000
0
3DFACE
62
254
10
-0.020370
20
-0.024444
30
0.030000
11
-0.020390
21
-0.024562
31
0.030000
12
-0.020390
22
-0.024562
32
0.000000
0
3DFACE
62
254
10
-0.020369
20
-0.024325
30
0.030000
11
-0.020370
21
-0.024444
31
0.000000
12
-0.020369
22
-0.024325
32
0.000000
0
3DFACE
62
254
10
-0.020369
20
-0.024325
30
0.030000
11
-0.020370
21
-0.024444
31
0.030000
12
-0.020370
22
-0.024444
32
0.000000
0
3DFACE
62
254
10
-0.020387
20
-0.024207
30
0.030000
11
-0.020369
21
-0.024325
31
0.000000
12
-0.020387
22
-0.024207
32
0.000000
0
3DFACE
62
254
10
-0.020387
20
-0.024207
30
0.030000
11
-0.020387
21
-0.024207
31
0.000000
12
-0.020423
22
-0.024093
32
0.000000
0
3DFACE
62
254
10
-0.020387
20
-0.024207
30
0.030000
11
-0.020369
21
-0.024325
31
0.030000
12
-0.020369
22
-0.024325
32
0.000000
0
3DFACE
62
254
10
-0.020423
20
-0.024093
30
0.030000
11
-0.020387
21
-0.024207
31
0.030000
12
-0.020423
22
-0.024093
32
0.000000
0
3DFACE
62
254
10
-0.020476
20
-0.023987
30
0.030000
11
-0.020423
21
-0.024093
31
0.000000
12
-0.020476
22
-0.023987
32
0.000000
0
3DFACE
62
254
10
-0.020476
20
-0.023987
30
0.030000
11
-0.020423
21
-0.024093
31
0.030000
12
-0.020423
22
-0.024093
32
0.000000
0
3DFACE
62
254
10
-0.020546
20
-0.023890
30
0.030000
11
-0.020476
21
-0.023987
31
0.000000
12
-0.020546
22
-0.023890
32
0.000000
0
3DFACE
62
254
10
-0.020546
20
-0.023890
30
0.030000
11
-0.020546
21
-0.023890
31
0.000000
12
-0.020630
22
-0.023805
32
0.000000
0
3DFACE
62
254
10
-0.020546
20
-0.023890
30
0.030000
11
-0.020476
21
-0.023987
31
0.030000
12
-0.020476
22
-0.023987
32
0.000000
0
3DFACE
62
254
10
-0.020630
20
-0.023805
30
0.030000
11
-0.020546
21
-0.023890
31
0.030000
12
-0.020630
22
-0.023805
32
0.000000
0
3DFACE
62
254
10
-0.017725
20
-0.027504
30
0.030000
11
-0.017332
21
-0.027078
31
0.030000
12
-0.017332
22
-0.027078
32
0.000000
0
3DFACE
62
254
10
-0.017725
20
-0.027504
30
0.030000
11
-0.017332
21
-0.027078
31
0.000000
12
-0.017725
22
-0.027504
32
0.000000
0
3DFACE
62
254
10
-0.018206
20
-0.027944
30
0.030000
11
-0.017725
21
-0.027504
31
0.000000
12
-0.018206
22
-0.027944
32
0.000000
0
3DFACE
62
254
10
-0.018206
20
-0.027944
30
0.030000
11
-0.017725
21
-0.027504
31
0.030000
12
-0.017725
22
-0.027504
32
0.000000
0
3DFACE
62
254
10
-0.019361
20
-0.028798
30
0.030000
11
-0.018206
21
-0.027944
31
0.000000
12
-0.019361
22
-0.028798
32
0.000000
0
3DFACE
62
254
10
-0.019361
20
-0.028798
30
0.030000
11
-0.018206
21
-0.027944
31
0.030000
12
-0.018206
22
-0.027944
32
0.000000
0
3DFACE
62
254
10
-0.020602
20
-0.029522
30
0.030000
11
-0.019361
21
-0.028798
31
0.000000
12
-0.020602
22
-0.029522
32
0.000000
0
3DFACE
62
254
10
-0.020602
20
-0.029522
30
0.030000
11
-0.019361
21
-0.028798
31
0.030000
12
-0.019361
22
-0.028798
32
0.000000
0
3DFACE
62
254
10
-0.016090
20
-0.030339
30
0.030000
11
-0.016176
21
-0.032161
31
0.030000
12
-0.016176
22
-0.032161
32
0.000000
0
3DFACE
62
254
10
-0.016090
20
-0.030339
30
0.030000
11
-0.016176
21
-0.032161
31
0.000000
12
-0.016090
22
-0.030339
32
0.000000
0
3DFACE
62
254
10
-0.015907
20
-0.029214
30
0.030000
11
-0.016090
21
-0.030339
31
0.000000
12
-0.015907
22
-0.029214
32
0.000000
0
3DFACE
62
254
10
-0.015907
20
-0.029214
30
0.030000
11
-0.016090
21
-0.030339
31
0.030000
12
-0.016090
22
-0.030339
32
0.000000
0
3DFACE
62
254
10
-0.015580
20
-0.028123
30
0.030000
11
-0.015907
21
-0.029214
31
0.000000
12
-0.015580
22
-0.028123
32
0.000000
0
3DFACE
62
254
10
-0.015580
20
-0.028123
30
0.030000
11
-0.015907
21
-0.029214
31
0.030000
12
-0.015907
22
-0.029214
32
0.000000
0
3DFACE
62
254
10
-0.016464
20
-0.026866
30
0.030000
11
-0.016358
21
-0.026920
31
0.030000
12
-0.016358
22
-0.026920
32
0.000000
0
3DFACE
62
254
10
-0.016464
20
-0.026866
30
0.030000
11
-0.016358
21
-0.026920
31
0.000000
12
-0.016464
22
-0.026866
32
0.000000
0
3DFACE
62
254
10
-0.016578
20
-0.026829
30
0.030000
11
-0.016464
21
-0.026866
31
0.000000
12
-0.016578
22
-0.026829
32
0.000000
0
3DFACE
62
254
10
-0.016578
20
-0.026829
30
0.030000
11
-0.016464
21
-0.026866
31
0.030000
12
-0.016464
22
-0.026866
32
0.000000
0
3DFACE
62
254
10
-0.016696
20
-0.026811
30
0.030000
11
-0.016578
21
-0.026829
31
0.000000
12
-0.016696
22
-0.026811
32
0.000000
0
3DFACE
62
254
10
-0.016696
20
-0.026811
30
0.030000
11
-0.016696
21
-0.026811
31
0.000000
12
-0.016815
22
-0.026812
32
0.000000
0
3DFACE
62
254
10
-0.016696
20
-0.026811
30
0.030000
11
-0.016578
21
-0.026829
31
0.030000
12
-0.016578
22
-0.026829
32
0.000000
0
3DFACE
62
254
10
-0.016815
20
-0.026812
30
0.030000
11
-0.016696
21
-0.026811
31
0.030000
12
-0.016815
22
-0.026812
32
0.000000
0
3DFACE
62
254
10
-0.016933
20
-0.026831
30
0.030000
11
-0.016815
21
-0.026812
31
0.000000
12
-0.016933
22
-0.026831
32
0.000000
0
3DFACE
62
254
10
-0.016933
20
-0.026831
30
0.030000
11
-0.016815
21
-0.026812
31
0.030000
12
-0.016815
22
-0.026812
32
0.000000
0
3DFACE
62
254
10
-0.017046
20
-0.026868
30
0.030000
11
-0.016933
21
-0.026831
31
0.000000
12
-0.017046
22
-0.026868
32
0.000000
0
3DFACE
62
254
10
-0.017046
20
-0.026868
30
0.030000
11
-0.016933
21
-0.026831
31
0.030000
12
-0.016933
22
-0.026831
32
0.000000
0
3DFACE
62
254
10
-0.017152
20
-0.026923
30
0.030000
11
-0.017046
21
-0.026868
31
0.000000
12
-0.017152
22
-0.026923
32
0.000000
0
3DFACE
62
254
10
-0.017152
20
-0.026923
30
0.030000
11
-0.017152
21
-0.026923
31
0.000000
12
-0.017248
22
-0.026993
32
0.000000
0
3DFACE
62
254
10
-0.017152
20
-0.026923
30
0.030000
11
-0.017046
21
-0.026868
31
0.030000
12
-0.017046
22
-0.026868
32
0.000000
0
3DFACE
62
254
10
-0.017248
20
-0.026993
30
0.030000
11
-0.017152
21
-0.026923
31
0.030000
12
-0.017248
22
-0.026993
32
0.000000
0
3DFACE
62
254
10
-0.017332
20
-0.027078
30
0.030000
11
-0.017248
21
-0.026993
31
0.000000
12
-0.017332
22
-0.027078
32
0.000000
0
3DFACE
62
254
10
-0.017332
20
-0.027078
30
0.030000
11
-0.017248
21
-0.026993
31
0.030000
12
-0.017248
22
-0.026993
32
0.000000
0
3DFACE
62
254
10
-0.016207
20
-0.027011
30
0.030000
11
-0.016358
21
-0.026920
31
0.030000
12
-0.016358
22
-0.026920
32
0.000000
0
3DFACE
62
254
10
-0.016207
20
-0.027011
30
0.030000
11
-0.016358
21
-0.026920
31
0.000000
12
-0.016207
22
-0.027011
32
0.000000
0
3DFACE
62
254
10
-0.016056
20
-0.027101
30
0.030000
11
-0.016207
21
-0.027011
31
0.000000
12
-0.016056
22
-0.027101
32
0.000000
0
3DFACE
62
254
10
-0.016056
20
-0.027101
30
0.030000
11
-0.016207
21
-0.027011
31
0.030000
12
-0.016207
22
-0.027011
32
0.000000
0
3DFACE
62
254
10
-0.015904
20
-0.027190
30
0.030000
11
-0.016056
21
-0.027101
31
0.000000
12
-0.015904
22
-0.027190
32
0.000000
0
3DFACE
62
254
10
-0.015904
20
-0.027190
30
0.030000
11
-0.016056
21
-0.027101
31
0.030000
12
-0.016056
22
-0.027101
32
0.000000
0
3DFACE
62
254
10
-0.015545
20
-0.028008
30
0.030000
11
-0.015580
21
-0.028123
31
0.030000
12
-0.015580
22
-0.028123
32
0.000000
0
3DFACE
62
254
10
-0.015545
20
-0.028008
30
0.030000
11
-0.015580
21
-0.028123
31
0.000000
12
-0.015545
22
-0.028008
32
0.000000
0
3DFACE
62
254
10
-0.015529
20
-0.027890
30
0.030000
11
-0.015545
21
-0.028008
31
0.000000
12
-0.015529
22
-0.027890
32
0.000000
0
3DFACE
62
254
10
-0.015529
20
-0.027890
30
0.030000
11
-0.015545
21
-0.028008
31
0.030000
12
-0.015545
22
-0.028008
32
0.000000
0
3DFACE
62
254
10
-0.015532
20
-0.027771
30
0.030000
11
-0.015529
21
-0.027890
31
0.000000
12
-0.015532
22
-0.027771
32
0.000000
0
3DFACE
62
254
10
-0.015532
20
-0.027771
30
0.030000
11
-0.015532
21
-0.027771
31
0.000000
12
-0.015553
22
-0.027654
32
0.000000
0
3DFACE
62
254
10
-0.015532
20
-0.027771
30
0.030000
11
-0.015529
21
-0.027890
31
0.030000
12
-0.015529
22
-0.027890
32
0.000000
0
3DFACE
62
254
10
-0.015553
20
-0.027654
30
0.030000
11
-0.015532
21
-0.027771
31
0.030000
12
-0.015553
22
-0.027654
32
0.000000
0
3DFACE
62
254
10
-0.015592
20
-0.027541
30
0.030000
11
-0.015553
21
-0.027654
31
0.000000
12
-0.015592
22
-0.027541
32
0.000000
0
3DFACE
62
254
10
-0.015592
20
-0.027541
30
0.030000
11
-0.015553
21
-0.027654
31
0.030000
12
-0.015553
22
-0.027654
32
0.000000
0
3DFACE
62
254
10
-0.015648
20
-0.027436
30
0.030000
11
-0.015592
21
-0.027541
31
0.000000
12
-0.015648
22
-0.027436
32
0.000000
0
3DFACE
62
254
10
-0.015648
20
-0.027436
30
0.030000
11
-0.015592
21
-0.027541
31
0.030000
12
-0.015592
22
-0.027541
32
0.000000
0
3DFACE
62
254
10
-0.015720
20
-0.027341
30
0.030000
11
-0.015648
21
-0.027436
31
0.000000
12
-0.015720
22
-0.027341
32
0.000000
0
3DFACE
62
254
10
-0.015720
20
-0.027341
30
0.030000
11
-0.015648
21
-0.027436
31
0.030000
12
-0.015648
22
-0.027436
32
0.000000
0
3DFACE
62
254
10
-0.015806
20
-0.027258
30
0.030000
11
-0.015720
21
-0.027341
31
0.000000
12
-0.015806
22
-0.027258
32
0.000000
0
3DFACE
62
254
10
-0.015806
20
-0.027258
30
0.030000
11
-0.015806
21
-0.027258
31
0.000000
12
-0.015904
22
-0.027190
32
0.000000
0
3DFACE
62
254
10
-0.015806
20
-0.027258
30
0.030000
11
-0.015720
21
-0.027341
31
0.030000
12
-0.015720
22
-0.027341
32
0.000000
0
3DFACE
62
254
10
-0.015904
20
-0.027190
30
0.030000
11
-0.015806
21
-0.027258
31
0.030000
12
-0.015904
22
-0.027190
32
0.000000
0
3DFACE
62
254
10
-0.012369
20
-0.030293
30
0.030000
11
-0.012062
21
-0.029801
31
0.030000
12
-0.012062
22
-0.029801
32
0.000000
0
3DFACE
62
254
10
-0.012369
20
-0.030293
30
0.030000
11
-0.012062
21
-0.029801
31
0.000000
12
-0.012369
22
-0.030293
32
0.000000
0
3DFACE
62
254
10
-0.012762
20
-0.030813
30
0.030000
11
-0.012369
21
-0.030293
31
0.000000
12
-0.012762
22
-0.030813
32
0.000000
0
3DFACE
62
254
10
-0.012762
20
-0.030813
30
0.030000
11
-0.012369
21
-0.030293
31
0.030000
12
-0.012369
22
-0.030293
32
0.000000
0
3DFACE
62
254
10
-0.013740
20
-0.031865
30
0.030000
11
-0.012762
21
-0.030813
31
0.000000
12
-0.013740
22
-0.031865
32
0.000000
0
3DFACE
62
254
10
-0.013740
20
-0.031865
30
0.030000
11
-0.012762
21
-0.030813
31
0.030000
12
-0.012762
22
-0.030813
32
0.000000
0
3DFACE
62
254
10
-0.014826
20
-0.032805
30
0.030000
11
-0.013740
21
-0.031865
31
0.000000
12
-0.014826
22
-0.032805
32
0.000000
0
3DFACE
62
254
10
-0.014826
20
-0.032805
30
0.030000
11
-0.013740
21
-0.031865
31
0.030000
12
-0.013740
22
-0.031865
32
0.000000
0
3DFACE
62
254
10
-0.010242
20
-0.032779
30
0.030000
11
-0.009991
21
-0.034586
31
0.030000
12
-0.009991
22
-0.034586
32
0.000000
0
3DFACE
62
254
10
-0.010242
20
-0.032779
30
0.030000
11
-0.009991
21
-0.034586
31
0.000000
12
-0.010242
22
-0.032779
32
0.000000
0
3DFACE
62
254
10
-0.010268
20
-0.031639
30
0.030000
11
-0.010242
21
-0.032779
31
0.000000
12
-0.010268
22
-0.031639
32
0.000000
0
3DFACE
62
254
10
-0.010268
20
-0.031639
30
0.030000
11
-0.010242
21
-0.032779
31
0.030000
12
-0.010242
22
-0.032779
32
0.000000
0
3DFACE
62
254
10
-0.010147
20
-0.030506
30
0.030000
11
-0.010268
21
-0.031639
31
0.000000
12
-0.010147
22
-0.030506
32
0.000000
0
3DFACE
62
254
10
-0.010147
20
-0.030506
30
0.030000
11
-0.010268
21
-0.031639
31
0.030000
12
-0.010268
22
-0.031639
32
0.000000
0
3DFACE
62
254
10
-0.011247
20
-0.029434
30
0.030000
11
-0.011133
21
-0.029467
31
0.030000
12
-0.011133
22
-0.029467
32
0.000000
0
3DFACE
62
254
10
-0.011247
20
-0.029434
30
0.030000
11
-0.011133
21
-0.029467
31
0.000000
12
-0.011247
22
-0.029434
32
0.000000
0
3DFACE
62
254
10
-0.011366
20
-0.029419
30
0.030000
11
-0.011247
21
-0.029434
31
0.000000
12
-0.011366
22
-0.029419
32
0.000000
0
3DFACE
62
254
10
-0.011366
20
-0.029419
30
0.030000
11
-0.011247
21
-0.029434
31
0.030000
12
-0.011247
22
-0.029434
32
0.000000
0
3DFACE
62
254
10
-0.011485
20
-0.029423
30
0.030000
11
-0.011366
21
-0.029419
31
0.000000
12
-0.011485
22
-0.029423
32
0.000000
0
3DFACE
62
254
10
-0.011485
20
-0.029423
30
0.030000
11
-0.011366
21
-0.029419
31
0.030000
12
-0.011366
22
-0.029419
32
0.000000
0
3DFACE
62
254
10
-0.011602
20
-0.029445
30
0.030000
11
-0.011485
21
-0.029423
31
0.000000
12
-0.011602
22
-0.029445
32
0.000000
0
3DFACE
62
254
10
-0.011602
20
-0.029445
30
0.030000
11
-0.011485
21
-0.029423
31
0.030000
12
-0.011485
22
-0.029423
32
0.000000
0
3DFACE
62
254
10
-0.011714
20
-0.029485
30
0.030000
11
-0.011602
21
-0.029445
31
0.000000
12
-0.011714
22
-0.029485
32
0.000000
0
3DFACE
62
254
10
-0.011714
20
-0.029485
30
0.030000
11
-0.011602
21
-0.029445
31
0.030000
12
-0.011602
22
-0.029445
32
0.000000
0
3DFACE
62
254
10
-0.011819
20
-0.029543
30
0.030000
11
-0.011714
21
-0.029485
31
0.000000
12
-0.011819
22
-0.029543
32
0.000000
0
3DFACE
62
254
10
-0.011819
20
-0.029543
30
0.030000
11
-0.011714
21
-0.029485
31
0.030000
12
-0.011714
22
-0.029485
32
0.000000
0
3DFACE
62
254
10
-0.011913
20
-0.029616
30
0.030000
11
-0.011819
21
-0.029543
31
0.000000
12
-0.011913
22
-0.029616
32
0.000000
0
3DFACE
62
254
10
-0.011913
20
-0.029616
30
0.030000
11
-0.011913
21
-0.029616
31
0.000000
12
-0.011995
22
-0.029703
32
0.000000
0
3DFACE
62
254
10
-0.011913
20
-0.029616
30
0.030000
11
-0.011819
21
-0.029543
31
0.030000
12
-0.011819
22
-0.029543
32
0.000000
0
3DFACE
62
254
10
-0.011995
20
-0.029703
30
0.030000
11
-0.011913
21
-0.029616
31
0.030000
12
-0.011995
22
-0.029703
32
0.000000
0
3DFACE
62
254
10
-0.012062
20
-0.029801
30
0.030000
11
-0.011995
21
-0.029703
31
0.000000
12
-0.012062
22
-0.029801
32
0.000000
0
3DFACE
62
254
10
-0.012062
20
-0.029801
30
0.030000
11
-0.011995
21
-0.029703
31
0.030000
12
-0.011995
22
-0.029703
32
0.000000
0
3DFACE
62
254
10
-0.010968
20
-0.029529
30
0.030000
11
-0.011133
21
-0.029467
31
0.030000
12
-0.011133
22
-0.029467
32
0.000000
0
3DFACE
62
254
10
-0.010968
20
-0.029529
30
0.030000
11
-0.011133
21
-0.029467
31
0.000000
12
-0.010968
22
-0.029529
32
0.000000
0
3DFACE
62
254
10
-0.010803
20
-0.029590
30
0.030000
11
-0.010803
21
-0.029590
31
0.000000
12
-0.010637
22
-0.029650
32
0.000000
0
3DFACE
62
254
10
-0.010803
20
-0.029590
30
0.030000
11
-0.010968
21
-0.029529
31
0.000000
12
-0.010803
22
-0.029590
32
0.000000
0
3DFACE
62
254
10
-0.010803
20
-0.029590
30
0.030000
11
-0.010968
21
-0.029529
31
0.030000
12
-0.010968
22
-0.029529
32
0.000000
0
3DFACE
62
254
10
-0.010637
20
-0.029650
30
0.030000
11
-0.010803
21
-0.029590
31
0.030000
12
-0.010637
22
-0.029650
32
0.000000
0
3DFACE
62
254
10
-0.010134
20
-0.030388
30
0.030000
11
-0.010147
21
-0.030506
31
0.030000
12
-0.010147
22
-0.030506
32
0.000000
0
3DFACE
62
254
10
-0.010134
20
-0.030388
30
0.030000
11
-0.010147
21
-0.030506
31
0.000000
12
-0.010134
22
-0.030388
32
0.000000
0
3DFACE
62
254
10
-0.010140
20
-0.030269
30
0.030000
11
-0.010134
21
-0.030388
31
0.000000
12
-0.010140
22
-0.030269
32
0.000000
0
3DFACE
62
254
10
-0.010140
20
-0.030269
30
0.030000
11
-0.010140
21
-0.030269
31
0.000000
12
-0.010164
22
-0.030152
32
0.000000
0
3DFACE
62
254
10
-0.010140
20
-0.030269
30
0.030000
11
-0.010134
21
-0.030388
31
0.030000
12
-0.010134
22
-0.030388
32
0.000000
0
3DFACE
62
254
10
-0.010164
20
-0.030152
30
0.030000
11
-0.010140
21
-0.030269
31
0.030000
12
-0.010164
22
-0.030152
32
0.000000
0
3DFACE
62
254
10
-0.010207
20
-0.030041
30
0.030000
11
-0.010164
21
-0.030152
31
0.000000
12
-0.010207
22
-0.030041
32
0.000000
0
3DFACE
62
254
10
-0.010207
20
-0.030041
30
0.030000
11
-0.010207
21
-0.030041
31
0.000000
12
-0.010266
22
-0.029937
32
0.000000
0
3DFACE
62
254
10
-0.010207
20
-0.030041
30
0.030000
11
-0.010164
21
-0.030152
31
0.030000
12
-0.010164
22
-0.030152
32
0.000000
0
3DFACE
62
254
10
-0.010266
20
-0.029937
30
0.030000
11
-0.010207
21
-0.030041
31
0.030000
12
-0.010266
22
-0.029937
32
0.000000
0
3DFACE
62
254
10
-0.010340
20
-0.029844
30
0.030000
11
-0.010266
21
-0.029937
31
0.000000
12
-0.010340
22
-0.029844
32
0.000000
0
3DFACE
62
254
10
-0.010340
20
-0.029844
30
0.030000
11
-0.010266
21
-0.029937
31
0.030000
12
-0.010266
22
-0.029937
32
0.000000
0
3DFACE
62
254
10
-0.010429
20
-0.029764
30
0.030000
11
-0.010340
21
-0.029844
31
0.000000
12
-0.010429
22
-0.029764
32
0.000000
0
3DFACE
62
254
10
-0.010429
20
-0.029764
30
0.030000
11
-0.010340
21
-0.029844
31
0.030000
12
-0.010340
22
-0.029844
32
0.000000
0
3DFACE
62
254
10
-0.010528
20
-0.029699
30
0.030000
11
-0.010429
21
-0.029764
31
0.000000
12
-0.010528
22
-0.029699
32
0.000000
0
3DFACE
62
254
10
-0.010528
20
-0.029699
30
0.030000
11
-0.010528
21
-0.029699
31
0.000000
12
-0.010637
22
-0.029650
32
0.000000
0
3DFACE
62
254
10
-0.010528
20
-0.029699
30
0.030000
11
-0.010429
21
-0.029764
31
0.030000
12
-0.010429
22
-0.029764
32
0.000000
0
3DFACE
62
254
10
-0.010637
20
-0.029650
30
0.030000
11
-0.010528
21
-0.029699
31
0.030000
12
-0.010637
22
-0.029650
32
0.000000
0
3DFACE
62
254
10
-0.006592
20
-0.032050
30
0.030000
11
-0.006380
21
-0.031510
31
0.030000
12
-0.006380
22
-0.031510
32
0.000000
0
3DFACE
62
254
10
-0.006592
20
-0.032050
30
0.030000
11
-0.006380
21
-0.031510
31
0.000000
12
-0.006592
22
-0.032050
32
0.000000
0
3DFACE
62
254
10
-0.006883
20
-0.032634
30
0.030000
11
-0.006592
21
-0.032050
31
0.000000
12
-0.006883
22
-0.032634
32
0.000000
0
3DFACE
62
254
10
-0.006883
20
-0.032634
30
0.030000
11
-0.006592
21
-0.032050
31
0.030000
12
-0.006592
22
-0.032050
32
0.000000
0
3DFACE
62
254
10
-0.007651
20
-0.033847
30
0.030000
11
-0.006883
21
-0.032634
31
0.000000
12
-0.007651
22
-0.033847
32
0.000000
0
3DFACE
62
254
10
-0.007651
20
-0.033847
30
0.030000
11
-0.006883
21
-0.032634
31
0.030000
12
-0.006883
22
-0.032634
32
0.000000
0
3DFACE
62
254
10
-0.008546
20
-0.034971
30
0.030000
11
-0.007651
21
-0.033847
31
0.000000
12
-0.008546
22
-0.034971
32
0.000000
0
3DFACE
62
254
10
-0.008546
20
-0.034971
30
0.030000
11
-0.007651
21
-0.033847
31
0.030000
12
-0.007651
22
-0.033847
32
0.000000
0
3DFACE
62
254
10
-0.004044
20
-0.034103
30
0.030000
11
-0.003465
21
-0.035833
31
0.030000
12
-0.003465
22
-0.035833
32
0.000000
0
3DFACE
62
254
10
-0.004044
20
-0.034103
30
0.030000
11
-0.003465
21
-0.035833
31
0.000000
12
-0.004044
22
-0.034103
32
0.000000
0
3DFACE
62
254
10
-0.004044
20
-0.034103
30
0.030000
11
-0.004044
21
-0.034103
31
0.000000
12
-0.004279
22
-0.032987
32
0.000000
0
3DFACE
62
254
10
-0.004279
20
-0.032987
30
0.030000
11
-0.004044
21
-0.034103
31
0.030000
12
-0.004279
22
-0.032987
32
0.000000
0
3DFACE
62
254
10
-0.004369
20
-0.031852
30
0.030000
11
-0.004279
21
-0.032987
31
0.000000
12
-0.004369
22
-0.031852
32
0.000000
0
3DFACE
62
254
10
-0.004369
20
-0.031852
30
0.030000
11
-0.004279
21
-0.032987
31
0.030000
12
-0.004279
22
-0.032987
32
0.000000
0
3DFACE
62
254
10
-0.005647
20
-0.030999
30
0.030000
11
-0.005529
21
-0.031011
31
0.030000
12
-0.005529
22
-0.031011
32
0.000000
0
3DFACE
62
254
10
-0.005647
20
-0.030999
30
0.030000
11
-0.005529
21
-0.031011
31
0.000000
12
-0.005647
22
-0.030999
32
0.000000
0
3DFACE
62
254
10
-0.005767
20
-0.031006
30
0.030000
11
-0.005647
21
-0.030999
31
0.000000
12
-0.005767
22
-0.031006
32
0.000000
0
3DFACE
62
254
10
-0.005767
20
-0.031006
30
0.030000
11
-0.005647
21
-0.030999
31
0.030000
12
-0.005647
22
-0.030999
32
0.000000
0
3DFACE
62
254
10
-0.005883
20
-0.031032
30
0.030000
11
-0.005767
21
-0.031006
31
0.000000
12
-0.005883
22
-0.031032
32
0.000000
0
3DFACE
62
254
10
-0.005883
20
-0.031032
30
0.030000
11
-0.005767
21
-0.031006
31
0.030000
12
-0.005767
22
-0.031006
32
0.000000
0
3DFACE
62
254
10
-0.005994
20
-0.031075
30
0.030000
11
-0.005883
21
-0.031032
31
0.000000
12
-0.005994
22
-0.031075
32
0.000000
0
3DFACE
62
254
10
-0.005994
20
-0.031075
30
0.030000
11
-0.005883
21
-0.031032
31
0.030000
12
-0.005883
22
-0.031032
32
0.000000
0
3DFACE
62
254
10
-0.006097
20
-0.031136
30
0.030000
11
-0.005994
21
-0.031075
31
0.000000
12
-0.006097
22
-0.031136
32
0.000000
0
3DFACE
62
254
10
-0.006097
20
-0.031136
30
0.030000
11
-0.006097
21
-0.031136
31
0.000000
12
-0.006189
22
-0.031211
32
0.000000
0
3DFACE
62
254
10
-0.006097
20
-0.031136
30
0.030000
11
-0.005994
21
-0.031075
31
0.030000
12
-0.005994
22
-0.031075
32
0.000000
0
3DFACE
62
254
10
-0.006189
20
-0.031211
30
0.030000
11
-0.006097
21
-0.031136
31
0.030000
12
-0.006189
22
-0.031211
32
0.000000
0
3DFACE
62
254
10
-0.006268
20
-0.031301
30
0.030000
11
-0.006189
21
-0.031211
31
0.000000
12
-0.006268
22
-0.031301
32
0.000000
0
3DFACE
62
254
10
-0.006268
20
-0.031301
30
0.030000
11
-0.006189
21
-0.031211
31
0.030000
12
-0.006189
22
-0.031211
32
0.000000
0
3DFACE
62
254
10
-0.006333
20
-0.031401
30
0.030000
11
-0.006268
21
-0.031301
31
0.000000
12
-0.006333
22
-0.031401
32
0.000000
0
3DFACE
62
254
10
-0.006333
20
-0.031401
30
0.030000
11
-0.006268
21
-0.031301
31
0.030000
12
-0.006268
22
-0.031301
32
0.000000
0
3DFACE
62
254
10
-0.006380
20
-0.031510
30
0.030000
11
-0.006333
21
-0.031401
31
0.000000
12
-0.006380
22
-0.031510
32
0.000000
0
3DFACE
62
254
10
-0.006380
20
-0.031510
30
0.030000
11
-0.006333
21
-0.031401
31
0.030000
12
-0.006333
22
-0.031401
32
0.000000
0
3DFACE
62
254
10
-0.005355
20
-0.031041
30
0.030000
11
-0.005529
21
-0.031011
31
0.030000
12
-0.005529
22
-0.031011
32
0.000000
0
3DFACE
62
254
10
-0.005355
20
-0.031041
30
0.030000
11
-0.005355
21
-0.031041
31
0.000000
12
-0.005182
22
-0.031071
32
0.000000
0
3DFACE
62
254
10
-0.005355
20
-0.031041
30
0.030000
11
-0.005529
21
-0.031011
31
0.000000
12
-0.005355
22
-0.031041
32
0.000000
0
3DFACE
62
254
10
-0.005182
20
-0.031071
30
0.030000
11
-0.005355
21
-0.031041
31
0.030000
12
-0.005182
22
-0.031071
32
0.000000
0
3DFACE
62
254
10
-0.005008
20
-0.031099
30
0.030000
11
-0.005182
21
-0.031071
31
0.000000
12
-0.005008
22
-0.031099
32
0.000000
0
3DFACE
62
254
10
-0.005008
20
-0.031099
30
0.030000
11
-0.005182
21
-0.031071
31
0.030000
12
-0.005182
22
-0.031071
32
0.000000
0
3DFACE
62
254
10
-0.004378
20
-0.031733
30
0.030000
11
-0.004369
21
-0.031852
31
0.030000
12
-0.004369
22
-0.031852
32
0.000000
0
3DFACE
62
254
10
-0.004378
20
-0.031733
30
0.030000
11
-0.004369
21
-0.031852
31
0.000000
12
-0.004378
22
-0.031733
32
0.000000
0
3DFACE
62
254
10
-0.004405
20
-0.031617
30
0.030000
11
-0.004378
21
-0.031733
31
0.000000
12
-0.004405
22
-0.031617
32
0.000000
0
3DFACE
62
254
10
-0.004405
20
-0.031617
30
0.030000
11
-0.004378
21
-0.031733
31
0.030000
12
-0.004378
22
-0.031733
32
0.000000
0
3DFACE
62
254
10
-0.004451
20
-0.031506
30
0.030000
11
-0.004405
21
-0.031617
31
0.000000
12
-0.004451
22
-0.031506
32
0.000000
0
3DFACE
62
254
10
-0.004451
20
-0.031506
30
0.030000
11
-0.004451
21
-0.031506
31
0.000000
12
-0.004513
22
-0.031405
32
0.000000
0
3DFACE
62
254
10
-0.004451
20
-0.031506
30
0.030000
11
-0.004405
21
-0.031617
31
0.030000
12
-0.004405
22
-0.031617
32
0.000000
0
3DFACE
62
254
10
-0.004513
20
-0.031405
30
0.030000
11
-0.004451
21
-0.031506
31
0.030000
12
-0.004513
22
-0.031405
32
0.000000
0
3DFACE
62
254
10
-0.004590
20
-0.031314
30
0.030000
11
-0.004513
21
-0.031405
31
0.000000
12
-0.004590
22
-0.031314
32
0.000000
0
3DFACE
62
254
10
-0.004590
20
-0.031314
30
0.030000
11
-0.004513
21
-0.031405
31
0.030000
12
-0.004513
22
-0.031405
32
0.000000
0
3DFACE
62
254
10
-0.004680
20
-0.031236
30
0.030000
11
-0.004590
21
-0.031314
31
0.000000
12
-0.004680
22
-0.031236
32
0.000000
0
3DFACE
62
254
10
-0.004680
20
-0.031236
30
0.030000
11
-0.004680
21
-0.031236
31
0.000000
12
-0.004782
22
-0.031173
32
0.000000
0
3DFACE
62
254
10
-0.004680
20
-0.031236
30
0.030000
11
-0.004590
21
-0.031314
31
0.030000
12
-0.004590
22
-0.031314
32
0.000000
0
3DFACE
62
254
10
-0.004782
20
-0.031173
30
0.030000
11
-0.004782
21
-0.031173
31
0.000000
12
-0.004892
22
-0.031128
32
0.000000
0
3DFACE
62
254
10
-0.004782
20
-0.031173
30
0.030000
11
-0.004680
21
-0.031236
31
0.030000
12
-0.004782
22
-0.031173
32
0.000000
0
3DFACE
62
254
10
-0.004892
20
-0.031128
30
0.030000
11
-0.004782
21
-0.031173
31
0.030000
12
-0.004892
22
-0.031128
32
0.000000
0
3DFACE
62
254
10
-0.005008
20
-0.031099
30
0.030000
11
-0.004892
21
-0.031128
31
0.000000
12
-0.005008
22
-0.031099
32
0.000000
0
3DFACE
62
254
10
-0.005008
20
-0.031099
30
0.030000
11
-0.004892
21
-0.031128
31
0.030000
12
-0.004892
22
-0.031128
32
0.000000
0
3DFACE
62
254
10
-0.000482
20
-0.032146
30
0.030000
11
-0.000482
21
-0.032146
31
0.000000
12
-0.000591
22
-0.032716
32
0.000000
0
3DFACE
62
254
10
-0.000591
20
-0.032716
30
0.030000
11
-0.000482
21
-0.032146
31
0.030000
12
-0.000591
22
-0.032716
32
0.000000
0
3DFACE
62
254
10
-0.000769
20
-0.033343
30
0.030000
11
-0.000591
21
-0.032716
31
0.000000
12
-0.000769
22
-0.033343
32
0.000000
0
3DFACE
62
254
10
-0.000769
20
-0.033343
30
0.030000
11
-0.000591
21
-0.032716
31
0.030000
12
-0.000591
22
-0.032716
32
0.000000
0
3DFACE
62
254
10
-0.001301
20
-0.034677
30
0.030000
11
-0.000769
21
-0.033343
31
0.000000
12
-0.001301
22
-0.034677
32
0.000000
0
3DFACE
62
254
10
-0.001301
20
-0.034677
30
0.030000
11
-0.000769
21
-0.033343
31
0.030000
12
-0.000769
22
-0.033343
32
0.000000
0
3DFACE
62
254
10
-0.001975
20
-0.035946
30
0.030000
11
-0.001301
21
-0.034677
31
0.000000
12
-0.001975
22
-0.035946
32
0.000000
0
3DFACE
62
254
10
-0.001975
20
-0.035946
30
0.030000
11
-0.001301
21
-0.034677
31
0.030000
12
-0.001301
22
-0.034677
32
0.000000
0
3DFACE
62
254
10
0.002291
20
-0.034266
30
0.030000
11
0.003178
21
-0.035859
31
0.030000
12
0.003178
22
-0.035859
32
0.000000
0
3DFACE
62
254
10
0.002291
20
-0.034266
30
0.030000
11
0.003178
21
-0.035859
31
0.000000
12
0.002291
22
-0.034266
32
0.000000
0
3DFACE
62
254
10
0.001855
20
-0.033212
30
0.030000
11
0.002291
21
-0.034266
31
0.000000
12
0.001855
22
-0.033212
32
0.000000
0
3DFACE
62
254
10
0.001855
20
-0.033212
30
0.030000
11
0.002291
21
-0.034266
31
0.030000
12
0.002291
22
-0.034266
32
0.000000
0
3DFACE
62
254
10
0.001558
20
-0.032112
30
0.030000
11
0.001855
21
-0.033212
31
0.000000
12
0.001558
22
-0.032112
32
0.000000
0
3DFACE
62
254
10
0.001558
20
-0.032112
30
0.030000
11
0.001855
21
-0.033212
31
0.030000
12
0.001855
22
-0.033212
32
0.000000
0
3DFACE
62
254
10
0.000145
20
-0.031509
30
0.030000
11
0.000264
21
-0.031499
31
0.030000
12
0.000264
22
-0.031499
32
0.000000
0
3DFACE
62
254
10
0.000145
20
-0.031509
30
0.030000
11
0.000264
21
-0.031499
31
0.000000
12
0.000145
22
-0.031509
32
0.000000
0
3DFACE
62
254
10
0.000029
20
-0.031538
30
0.030000
11
0.000145
21
-0.031509
31
0.000000
12
0.000029
22
-0.031538
32
0.000000
0
3DFACE
62
254
10
0.000029
20
-0.031538
30
0.030000
11
0.000145
21
-0.031509
31
0.030000
12
0.000145
22
-0.031509
32
0.000000
0
3DFACE
62
254
10
-0.000081
20
-0.031585
30
0.030000
11
0.000029
21
-0.031538
31
0.000000
12
-0.000081
22
-0.031585
32
0.000000
0
3DFACE
62
254
10
-0.000081
20
-0.031585
30
0.030000
11
0.000029
21
-0.031538
31
0.030000
12
0.000029
22
-0.031538
32
0.000000
0
3DFACE
62
254
10
-0.000182
20
-0.031648
30
0.030000
11
-0.000081
21
-0.031585
31
0.000000
12
-0.000182
22
-0.031648
32
0.000000
0
3DFACE
62
254
10
-0.000182
20
-0.031648
30
0.030000
11
-0.000081
21
-0.031585
31
0.030000
12
-0.000081
22
-0.031585
32
0.000000
0
3DFACE
62
254
10
-0.000272
20
-0.031726
30
0.030000
11
-0.000182
21
-0.031648
31
0.000000
12
-0.000272
22
-0.031726
32
0.000000
0
3DFACE
62
254
10
-0.000272
20
-0.031726
30
0.030000
11
-0.000272
21
-0.031726
31
0.000000
12
-0.000349
22
-0.031817
32
0.000000
0
3DFACE
62
254
10
-0.000272
20
-0.031726
30
0.030000
11
-0.000182
21
-0.031648
31
0.030000
12
-0.000182
22
-0.031648
32
0.000000
0
3DFACE
62
254
10
-0.000349
20
-0.031817
30
0.030000
11
-0.000272
21
-0.031726
31
0.030000
12
-0.000349
22
-0.031817
32
0.000000
0
3DFACE
62
254
10
-0.000410
20
-0.031919
30
0.030000
11
-0.000349
21
-0.031817
31
0.000000
12
-0.000410
22
-0.031919
32
0.000000
0
3DFACE
62
254
10
-0.000410
20
-0.031919
30
0.030000
11
-0.000410
21
-0.031919
31
0.000000
12
-0.000455
22
-0.032030
32
0.000000
0
3DFACE
62
254
10
-0.000410
20
-0.031919
30
0.030000
11
-0.000349
21
-0.031817
31
0.030000
12
-0.000349
22
-0.031817
32
0.000000
0
3DFACE
62
254
10
-0.000455
20
-0.032030
30
0.030000
11
-0.000455
21
-0.032030
31
0.000000
12
-0.000482
22
-0.032146
32
0.000000
0
3DFACE
62
254
10
-0.000455
20
-0.032030
30
0.030000
11
-0.000410
21
-0.031919
31
0.030000
12
-0.000455
22
-0.032030
32
0.000000
0
3DFACE
62
254
10
-0.000482
20
-0.032146
30
0.030000
11
-0.000455
21
-0.032030
31
0.030000
12
-0.000482
22
-0.032146
32
0.000000
0
3DFACE
62
254
10
0.000440
20
-0.031497
30
0.030000
11
0.000264
21
-0.031499
31
0.030000
12
0.000264
22
-0.031499
32
0.000000
0
3DFACE
62
254
10
0.000440
20
-0.031497
30
0.030000
11
0.000264
21
-0.031499
31
0.000000
12
0.000440
22
-0.031497
32
0.000000
0
3DFACE
62
254
10
0.000616
20
-0.031494
30
0.030000
11
0.000616
21
-0.031494
31
0.000000
12
0.000792
22
-0.031490
32
0.000000
0
3DFACE
62
254
10
0.000616
20
-0.031494
30
0.030000
11
0.000440
21
-0.031497
31
0.000000
12
0.000616
22
-0.031494
32
0.000000
0
3DFACE
62
254
10
0.000616
20
-0.031494
30
0.030000
11
0.000440
21
-0.031497
31
0.030000
12
0.000440
22
-0.031497
32
0.000000
0
3DFACE
62
254
10
0.000792
20
-0.031490
30
0.030000
11
0.000616
21
-0.031494
31
0.030000
12
0.000792
22
-0.031490
32
0.000000
0
3DFACE
62
254
10
0.001528
20
-0.031997
30
0.030000
11
0.001558
21
-0.032112
31
0.030000
12
0.001558
22
-0.032112
32
0.000000
0
3DFACE
62
254
10
0.001528
20
-0.031997
30
0.030000
11
0.001558
21
-0.032112
31
0.000000
12
0.001528
22
-0.031997
32
0.000000
0
3DFACE
62
254
10
0.001528
20
-0.031997
30
0.030000
11
0.001528
21
-0.031997
31
0.000000
12
0.001479
22
-0.031888
32
0.000000
0
3DFACE
62
254
10
0.001479
20
-0.031888
30
0.030000
11
0.001528
21
-0.031997
31
0.030000
12
0.001479
22
-0.031888
32
0.000000
0
3DFACE
62
254
10
0.001414
20
-0.031788
30
0.030000
11
0.001479
21
-0.031888
31
0.000000
12
0.001414
22
-0.031788
32
0.000000
0
3DFACE
62
254
10
0.001414
20
-0.031788
30
0.030000
11
0.001479
21
-0.031888
31
0.030000
12
0.001479
22
-0.031888
32
0.000000
0
3DFACE
62
254
10
0.001335
20
-0.031699
30
0.030000
11
0.001414
21
-0.031788
31
0.000000
12
0.001335
22
-0.031699
32
0.000000
0
3DFACE
62
254
10
0.001335
20
-0.031699
30
0.030000
11
0.001414
21
-0.031788
31
0.030000
12
0.001414
22
-0.031788
32
0.000000
0
3DFACE
62
254
10
0.001242
20
-0.031624
30
0.030000
11
0.001335
21
-0.031699
31
0.000000
12
0.001242
22
-0.031624
32
0.000000
0
3DFACE
62
254
10
0.001242
20
-0.031624
30
0.030000
11
0.001335
21
-0.031699
31
0.030000
12
0.001335
22
-0.031699
32
0.000000
0
3DFACE
62
254
10
0.001139
20
-0.031564
30
0.030000
11
0.001242
21
-0.031624
31
0.000000
12
0.001139
22
-0.031564
32
0.000000
0
3DFACE
62
254
10
0.001139
20
-0.031564
30
0.030000
11
0.001242
21
-0.031624
31
0.030000
12
0.001242
22
-0.031624
32
0.000000
0
3DFACE
62
254
10
0.001028
20
-0.031521
30
0.030000
11
0.001139
21
-0.031564
31
0.000000
12
0.001028
22
-0.031521
32
0.000000
0
3DFACE
62
254
10
0.001028
20
-0.031521
30
0.030000
11
0.001028
21
-0.031521
31
0.000000
12
0.000911
22
-0.031496
32
0.000000
0
3DFACE
62
254
10
0.001028
20
-0.031521
30
0.030000
11
0.001139
21
-0.031564
31
0.030000
12
0.001139
22
-0.031564
32
0.000000
0
3DFACE
62
254
10
0.000911
20
-0.031496
30
0.030000
11
0.001028
21
-0.031521
31
0.030000
12
0.000911
22
-0.031496
32
0.000000
0
3DFACE
62
254
10
0.000792
20
-0.031490
30
0.030000
11
0.000911
21
-0.031496
31
0.000000
12
0.000792
22
-0.031490
32
0.000000
0
3DFACE
62
254
10
0.000792
20
-0.031490
30
0.030000
11
0.000911
21
-0.031496
31
0.030000
12
0.000911
22
-0.031496
32
0.000000
0
3DFACE
62
254
10
0.005431
20
-0.032267
30
0.030000
11
0.005433
21
-0.031687
31
0.030000
12
0.005433
22
-0.031687
32
0.000000
0
3DFACE
62
254
10
0.005431
20
-0.032267
30
0.030000
11
0.005433
21
-0.031687
31
0.000000
12
0.005431
22
-0.032267
32
0.000000
0
3DFACE
62
254
10
0.005371
20
-0.032916
30
0.030000
11
0.005431
21
-0.032267
31
0.000000
12
0.005371
22
-0.032916
32
0.000000
0
3DFACE
62
254
10
0.005371
20
-0.032916
30
0.030000
11
0.005431
21
-0.032267
31
0.030000
12
0.005431
22
-0.032267
32
0.000000
0
3DFACE
62
254
10
0.005093
20
-0.034325
30
0.030000
11
0.005371
21
-0.032916
31
0.000000
12
0.005093
22
-0.034325
32
0.000000
0
3DFACE
62
254
10
0.005093
20
-0.034325
30
0.030000
11
0.005093
21
-0.034325
31
0.000000
12
0.004664
22
-0.035697
32
0.000000
0
3DFACE
62
254
10
0.005093
20
-0.034325
30
0.030000
11
0.005371
21
-0.032916
31
0.030000
12
0.005371
22
-0.032916
32
0.000000
0
3DFACE
62
254
10
0.004664
20
-0.035697
30
0.030000
11
0.005093
21
-0.034325
31
0.030000
12
0.004664
22
-0.035697
32
0.000000
0
3DFACE
62
254
10
0.008548
20
-0.033261
30
0.030000
11
0.009713
21
-0.034665
31
0.030000
12
0.009713
22
-0.034665
32
0.000000
0
3DFACE
62
254
10
0.008548
20
-0.033261
30
0.030000
11
0.009713
21
-0.034665
31
0.000000
12
0.008548
22
-0.033261
32
0.000000
0
3DFACE
62
254
10
0.007926
20
-0.032306
30
0.030000
11
0.008548
21
-0.033261
31
0.000000
12
0.007926
22
-0.032306
32
0.000000
0
3DFACE
62
254
10
0.007926
20
-0.032306
30
0.030000
11
0.008548
21
-0.033261
31
0.030000
12
0.008548
22
-0.033261
32
0.000000
0
3DFACE
62
254
10
0.007432
20
-0.031279
30
0.030000
11
0.007926
21
-0.032306
31
0.000000
12
0.007432
22
-0.031279
32
0.000000
0
3DFACE
62
254
10
0.007432
20
-0.031279
30
0.030000
11
0.007926
21
-0.032306
31
0.030000
12
0.007926
22
-0.032306
32
0.000000
0
3DFACE
62
254
10
0.005932
20
-0.030946
30
0.030000
11
0.006047
21
-0.030914
31
0.030000
12
0.006047
22
-0.030914
32
0.000000
0
3DFACE
62
254
10
0.005932
20
-0.030946
30
0.030000
11
0.006047
21
-0.030914
31
0.000000
12
0.005932
22
-0.030946
32
0.000000
0
3DFACE
62
254
10
0.005824
20
-0.030996
30
0.030000
11
0.005932
21
-0.030946
31
0.000000
12
0.005824
22
-0.030996
32
0.000000
0
3DFACE
62
254
10
0.005824
20
-0.030996
30
0.030000
11
0.005824
21
-0.030996
31
0.000000
12
0.005724
22
-0.031062
32
0.000000
0
3DFACE
62
254
10
0.005824
20
-0.030996
30
0.030000
11
0.005932
21
-0.030946
31
0.030000
12
0.005932
22
-0.030946
32
0.000000
0
3DFACE
62
254
10
0.005724
20
-0.031062
30
0.030000
11
0.005824
21
-0.030996
31
0.030000
12
0.005724
22
-0.031062
32
0.000000
0
3DFACE
62
254
10
0.005636
20
-0.031142
30
0.030000
11
0.005724
21
-0.031062
31
0.000000
12
0.005636
22
-0.031142
32
0.000000
0
3DFACE
62
254
10
0.005636
20
-0.031142
30
0.030000
11
0.005724
21
-0.031062
31
0.030000
12
0.005724
22
-0.031062
32
0.000000
0
3DFACE
62
254
10
0.005562
20
-0.031236
30
0.030000
11
0.005636
21
-0.031142
31
0.000000
12
0.005562
22
-0.031236
32
0.000000
0
3DFACE
62
254
10
0.005562
20
-0.031236
30
0.030000
11
0.005562
21
-0.031236
31
0.000000
12
0.005504
22
-0.031340
32
0.000000
0
3DFACE
62
254
10
0.005562
20
-0.031236
30
0.030000
11
0.005636
21
-0.031142
31
0.030000
12
0.005636
22
-0.031142
32
0.000000
0
3DFACE
62
254
10
0.005504
20
-0.031340
30
0.030000
11
0.005562
21
-0.031236
31
0.030000
12
0.005504
22
-0.031340
32
0.000000
0
3DFACE
62
254
10
0.005462
20
-0.031451
30
0.030000
11
0.005504
21
-0.031340
31
0.000000
12
0.005462
22
-0.031451
32
0.000000
0
3DFACE
62
254
10
0.005462
20
-0.031451
30
0.030000
11
0.005462
21
-0.031451
31
0.000000
12
0.005438
22
-0.031568
32
0.000000
0
3DFACE
62
254
10
0.005462
20
-0.031451
30
0.030000
11
0.005504
21
-0.031340
31
0.030000
12
0.005504
22
-0.031340
32
0.000000
0
3DFACE
62
254
10
0.005438
20
-0.031568
30
0.030000
11
0.005438
21
-0.031568
31
0.000000
12
0.005433
22
-0.031687
32
0.000000
0
3DFACE
62
254
10
0.005438
20
-0.031568
30
0.030000
11
0.005462
21
-0.031451
31
0.030000
12
0.005438
22
-0.031568
32
0.000000
0
3DFACE
62
254
10
0.005433
20
-0.031687
30
0.030000
11
0.005438
21
-0.031568
31
0.030000
12
0.005433
22
-0.031687
32
0.000000
0
3DFACE
62
254
10
0.006220
20
-0.030880
30
0.030000
11
0.006047
21
-0.030914
31
0.030000
12
0.006047
22
-0.030914
32
0.000000
0
3DFACE
62
254
10
0.006220
20
-0.030880
30
0.030000
11
0.006047
21
-0.030914
31
0.000000
12
0.006220
22
-0.030880
32
0.000000
0
3DFACE
62
254
10
0.006392
20
-0.030845
30
0.030000
11
0.006392
21
-0.030845
31
0.000000
12
0.006565
22
-0.030808
32
0.000000
0
3DFACE
62
254
10
0.006392
20
-0.030845
30
0.030000
11
0.006220
21
-0.030880
31
0.000000
12
0.006392
22
-0.030845
32
0.000000
0
3DFACE
62
254
10
0.006392
20
-0.030845
30
0.030000
11
0.006220
21
-0.030880
31
0.030000
12
0.006220
22
-0.030880
32
0.000000
0
3DFACE
62
254
10
0.006565
20
-0.030808
30
0.030000
11
0.006392
21
-0.030845
31
0.030000
12
0.006565
22
-0.030808
32
0.000000
0
3DFACE
62
254
10
0.007381
20
-0.031171
30
0.030000
11
0.007432
21
-0.031279
31
0.030000
12
0.007432
22
-0.031279
32
0.000000
0
3DFACE
62
254
10
0.007381
20
-0.031171
30
0.030000
11
0.007432
21
-0.031279
31
0.000000
12
0.007381
22
-0.031171
32
0.000000
0
3DFACE
62
254
10
0.007313
20
-0.031073
30
0.030000
11
0.007381
21
-0.031171
31
0.000000
12
0.007313
22
-0.031073
32
0.000000
0
3DFACE
62
254
10
0.007313
20
-0.031073
30
0.030000
11
0.007381
21
-0.031171
31
0.030000
12
0.007381
22
-0.031171
32
0.000000
0
3DFACE
62
254
10
0.007231
20
-0.030987
30
0.030000
11
0.007313
21
-0.031073
31
0.000000
12
0.007231
22
-0.030987
32
0.000000
0
3DFACE
62
254
10
0.007231
20
-0.030987
30
0.030000
11
0.007313
21
-0.031073
31
0.030000
12
0.007313
22
-0.031073
32
0.000000
0
3DFACE
62
254
10
0.007137
20
-0.030914
30
0.030000
11
0.007231
21
-0.030987
31
0.000000
12
0.007137
22
-0.030914
32
0.000000
0
3DFACE
62
254
10
0.007137
20
-0.030914
30
0.030000
11
0.007137
21
-0.030914
31
0.000000
12
0.007032
22
-0.030857
32
0.000000
0
3DFACE
62
254
10
0.007137
20
-0.030914
30
0.030000
11
0.007231
21
-0.030987
31
0.030000
12
0.007231
22
-0.030987
32
0.000000
0
3DFACE
62
254
10
0.007032
20
-0.030857
30
0.030000
11
0.007137
21
-0.030914
31
0.030000
12
0.007032
22
-0.030857
32
0.000000
0
3DFACE
62
254
10
0.006919
20
-0.030817
30
0.030000
11
0.007032
21
-0.030857
31
0.000000
12
0.006919
22
-0.030817
32
0.000000
0
3DFACE
62
254
10
0.006919
20
-0.030817
30
0.030000
11
0.006919
21
-0.030817
31
0.000000
12
0.006802
22
-0.030796
32
0.000000
0
3DFACE
62
254
10
0.006919
20
-0.030817
30
0.030000
11
0.007032
21
-0.030857
31
0.030000
12
0.007032
22
-0.030857
32
0.000000
0
3DFACE
62
254
10
0.006802
20
-0.030796
30
0.030000
11
0.006919
21
-0.030817
31
0.030000
12
0.006802
22
-0.030796
32
0.000000
0
3DFACE
62
254
10
0.006683
20
-0.030793
30
0.030000
11
0.006802
21
-0.030796
31
0.000000
12
0.006683
22
-0.030793
32
0.000000
0
3DFACE
62
254
10
0.006683
20
-0.030793
30
0.030000
11
0.006683
21
-0.030793
31
0.000000
12
0.006565
22
-0.030808
32
0.000000
0
3DFACE
62
254
10
0.006683
20
-0.030793
30
0.030000
11
0.006802
21
-0.030796
31
0.030000
12
0.006802
22
-0.030796
32
0.000000
0
3DFACE
62
254
10
0.006565
20
-0.030808
30
0.030000
11
0.006683
21
-0.030793
31
0.030000
12
0.006565
22
-0.030808
32
0.000000
0
3DFACE
62
254
10
0.011267
20
-0.030720
30
0.030000
11
0.011163
21
-0.030149
31
0.030000
12
0.011163
22
-0.030149
32
0.000000
0
3DFACE
62
254
10
0.011267
20
-0.030720
30
0.030000
11
0.011163
21
-0.030149
31
0.000000
12
0.011267
22
-0.030720
32
0.000000
0
3DFACE
62
254
10
0.011328
20
-0.031369
30
0.030000
11
0.011267
21
-0.030720
31
0.000000
12
0.011328
22
-0.031369
32
0.000000
0
3DFACE
62
254
10
0.011328
20
-0.031369
30
0.030000
11
0.011267
21
-0.030720
31
0.030000
12
0.011267
22
-0.030720
32
0.000000
0
3DFACE
62
254
10
0.011313
20
-0.032805
30
0.030000
11
0.011328
21
-0.031369
31
0.000000
12
0.011313
22
-0.032805
32
0.000000
0
3DFACE
62
254
10
0.011313
20
-0.032805
30
0.030000
11
0.011328
21
-0.031369
31
0.030000
12
0.011328
22
-0.031369
32
0.000000
0
3DFACE
62
254
10
0.011144
20
-0.034232
30
0.030000
11
0.011313
21
-0.032805
31
0.000000
12
0.011144
22
-0.034232
32
0.000000
0
3DFACE
62
254
10
0.011144
20
-0.034232
30
0.030000
11
0.011313
21
-0.032805
31
0.030000
12
0.011313
22
-0.032805
32
0.000000
0
3DFACE
62
254
10
0.014515
20
-0.031124
30
0.030000
11
0.015917
21
-0.032290
31
0.030000
12
0.015917
22
-0.032290
32
0.000000
0
3DFACE
62
254
10
0.014515
20
-0.031124
30
0.030000
11
0.015917
21
-0.032290
31
0.000000
12
0.014515
22
-0.031124
32
0.000000
0
3DFACE
62
254
10
0.013727
20
-0.030299
30
0.030000
11
0.014515
21
-0.031124
31
0.000000
12
0.013727
22
-0.030299
32
0.000000
0
3DFACE
62
254
10
0.013727
20
-0.030299
30
0.030000
11
0.014515
21
-0.031124
31
0.030000
12
0.014515
22
-0.031124
32
0.000000
0
3DFACE
62
254
10
0.013053
20
-0.029381
30
0.030000
11
0.013727
21
-0.030299
31
0.000000
12
0.013053
22
-0.029381
32
0.000000
0
3DFACE
62
254
10
0.013053
20
-0.029381
30
0.030000
11
0.013727
21
-0.030299
31
0.030000
12
0.013727
22
-0.030299
32
0.000000
0
3DFACE
62
254
10
0.011517
20
-0.029329
30
0.030000
11
0.011624
21
-0.029277
31
0.030000
12
0.011624
22
-0.029277
32
0.000000
0
3DFACE
62
254
10
0.011517
20
-0.029329
30
0.030000
11
0.011624
21
-0.029277
31
0.000000
12
0.011517
22
-0.029329
32
0.000000
0
3DFACE
62
254
10
0.011420
20
-0.029398
30
0.030000
11
0.011517
21
-0.029329
31
0.000000
12
0.011420
22
-0.029398
32
0.000000
0
3DFACE
62
254
10
0.011420
20
-0.029398
30
0.030000
11
0.011517
21
-0.029329
31
0.030000
12
0.011517
22
-0.029329
32
0.000000
0
3DFACE
62
254
10
0.011334
20
-0.029481
30
0.030000
11
0.011420
21
-0.029398
31
0.000000
12
0.011334
22
-0.029481
32
0.000000
0
3DFACE
62
254
10
0.011334
20
-0.029481
30
0.030000
11
0.011420
21
-0.029398
31
0.030000
12
0.011420
22
-0.029398
32
0.000000
0
3DFACE
62
254
10
0.011263
20
-0.029576
30
0.030000
11
0.011334
21
-0.029481
31
0.000000
12
0.011263
22
-0.029576
32
0.000000
0
3DFACE
62
254
10
0.011263
20
-0.029576
30
0.030000
11
0.011334
21
-0.029481
31
0.030000
12
0.011334
22
-0.029481
32
0.000000
0
3DFACE
62
254
10
0.011207
20
-0.029682
30
0.030000
11
0.011263
21
-0.029576
31
0.000000
12
0.011207
22
-0.029682
32
0.000000
0
3DFACE
62
254
10
0.011207
20
-0.029682
30
0.030000
11
0.011207
21
-0.029682
31
0.000000
12
0.011169
22
-0.029795
32
0.000000
0
3DFACE
62
254
10
0.011207
20
-0.029682
30
0.030000
11
0.011263
21
-0.029576
31
0.030000
12
0.011263
22
-0.029576
32
0.000000
0
3DFACE
62
254
10
0.011169
20
-0.029795
30
0.030000
11
0.011207
21
-0.029682
31
0.030000
12
0.011169
22
-0.029795
32
0.000000
0
3DFACE
62
254
10
0.011148
20
-0.029912
30
0.030000
11
0.011169
21
-0.029795
31
0.000000
12
0.011148
22
-0.029912
32
0.000000
0
3DFACE
62
254
10
0.011148
20
-0.029912
30
0.030000
11
0.011169
21
-0.029795
31
0.030000
12
0.011169
22
-0.029795
32
0.000000
0
3DFACE
62
254
10
0.011146
20
-0.030031
30
0.030000
11
0.011148
21
-0.029912
31
0.000000
12
0.011146
22
-0.030031
32
0.000000
0
3DFACE
62
254
10
0.011146
20
-0.030031
30
0.030000
11
0.011146
21
-0.030031
31
0.000000
12
0.011163
22
-0.030149
32
0.000000
0
3DFACE
62
254
10
0.011146
20
-0.030031
30
0.030000
11
0.011148
21
-0.029912
31
0.030000
12
0.011148
22
-0.029912
32
0.000000
0
3DFACE
62
254
10
0.011163
20
-0.030149
30
0.030000
11
0.011146
21
-0.030031
31
0.030000
12
0.011163
22
-0.030149
32
0.000000
0
3DFACE
62
254
10
0.011788
20
-0.029211
30
0.030000
11
0.011624
21
-0.029277
31
0.030000
12
0.011624
22
-0.029277
32
0.000000
0
3DFACE
62
254
10
0.011788
20
-0.029211
30
0.030000
11
0.011624
21
-0.029277
31
0.000000
12
0.011788
22
-0.029211
32
0.000000
0
3DFACE
62
254
10
0.011951
20
-0.029145
30
0.030000
11
0.011788
21
-0.029211
31
0.000000
12
0.011951
22
-0.029145
32
0.000000
0
3DFACE
62
254
10
0.011951
20
-0.029145
30
0.030000
11
0.011788
21
-0.029211
31
0.030000
12
0.011788
22
-0.029211
32
0.000000
0
3DFACE
62
254
10
0.012114
20
-0.029078
30
0.030000
11
0.011951
21
-0.029145
31
0.000000
12
0.012114
22
-0.029078
32
0.000000
0
3DFACE
62
254
10
0.012114
20
-0.029078
30
0.030000
11
0.011951
21
-0.029145
31
0.030000
12
0.011951
22
-0.029145
32
0.000000
0
3DFACE
62
254
10
0.013053
20
-0.029381
30
0.030000
11
0.013053
21
-0.029381
31
0.000000
12
0.012983
22
-0.029284
32
0.000000
0
3DFACE
62
254
10
0.012983
20
-0.029284
30
0.030000
11
0.013053
21
-0.029381
31
0.030000
12
0.012983
22
-0.029284
32
0.000000
0
3DFACE
62
254
10
0.012899
20
-0.029200
30
0.030000
11
0.012983
21
-0.029284
31
0.000000
12
0.012899
22
-0.029200
32
0.000000
0
3DFACE
62
254
10
0.012899
20
-0.029200
30
0.030000
11
0.012899
21
-0.029200
31
0.000000
12
0.012802
22
-0.029130
32
0.000000
0
3DFACE
62
254
10
0.012899
20
-0.029200
30
0.030000
11
0.012983
21
-0.029284
31
0.030000
12
0.012983
22
-0.029284
32
0.000000
0
3DFACE
62
254
10
0.012802
20
-0.029130
30
0.030000
11
0.012899
21
-0.029200
31
0.030000
12
0.012802
22
-0.029130
32
0.000000
0
3DFACE
62
254
10
0.012696
20
-0.029076
30
0.030000
11
0.012802
21
-0.029130
31
0.000000
12
0.012696
22
-0.029076
32
0.000000
0
3DFACE
62
254
10
0.012696
20
-0.029076
30
0.030000
11
0.012802
21
-0.029130
31
0.030000
12
0.012802
22
-0.029130
32
0.000000
0
3DFACE
62
254
10
0.012582
20
-0.029040
30
0.030000
11
0.012696
21
-0.029076
31
0.000000
12
0.012582
22
-0.029040
32
0.000000
0
3DFACE
62
254
10
0.012582
20
-0.029040
30
0.030000
11
0.012696
21
-0.029076
31
0.030000
12
0.012696
22
-0.029076
32
0.000000
0
3DFACE
62
254
10
0.012464
20
-0.029021
30
0.030000
11
0.012582
21
-0.029040
31
0.000000
12
0.012464
22
-0.029021
32
0.000000
0
3DFACE
62
254
10
0.012464
20
-0.029021
30
0.030000
11
0.012582
21
-0.029040
31
0.030000
12
0.012582
22
-0.029040
32
0.000000
0
3DFACE
62
254
10
0.012345
20
-0.029022
30
0.030000
11
0.012464
21
-0.029021
31
0.000000
12
0.012345
22
-0.029022
32
0.000000
0
3DFACE
62
254
10
0.012345
20
-0.029022
30
0.030000
11
0.012345
21
-0.029022
31
0.000000
12
0.012227
22
-0.029040
32
0.000000
0
3DFACE
62
254
10
0.012345
20
-0.029022
30
0.030000
11
0.012464
21
-0.029021
31
0.030000
12
0.012464
22
-0.029021
32
0.000000
0
3DFACE
62
254
10
0.012227
20
-0.029040
30
0.030000
11
0.012345
21
-0.029022
31
0.030000
12
0.012227
22
-0.029040
32
0.000000
0
3DFACE
62
254
10
0.012114
20
-0.029078
30
0.030000
11
0.012227
21
-0.029040
31
0.000000
12
0.012114
22
-0.029078
32
0.000000
0
3DFACE
62
254
10
0.012114
20
-0.029078
30
0.030000
11
0.012227
21
-0.029040
31
0.030000
12
0.012227
22
-0.029040
32
0.000000
0
3DFACE
62
254
10
0.016720
20
-0.028126
30
0.030000
11
0.016513
21
-0.027585
31
0.030000
12
0.016513
22
-0.027585
32
0.000000
0
3DFACE
62
254
10
0.016720
20
-0.028126
30
0.030000
11
0.016513
21
-0.027585
31
0.000000
12
0.016720
22
-0.028126
32
0.000000
0
3DFACE
62
254
10
0.016899
20
-0.028753
30
0.030000
11
0.016720
21
-0.028126
31
0.000000
12
0.016899
22
-0.028753
32
0.000000
0
3DFACE
62
254
10
0.016899
20
-0.028753
30
0.030000
11
0.016720
21
-0.028126
31
0.030000
12
0.016720
22
-0.028126
32
0.000000
0
3DFACE
62
254
10
0.017148
20
-0.030168
30
0.030000
11
0.016899
21
-0.028753
31
0.000000
12
0.017148
22
-0.030168
32
0.000000
0
3DFACE
62
254
10
0.017148
20
-0.030168
30
0.030000
11
0.016899
21
-0.028753
31
0.030000
12
0.016899
22
-0.028753
32
0.000000
0
3DFACE
62
254
10
0.017244
20
-0.031601
30
0.030000
11
0.017148
21
-0.030168
31
0.000000
12
0.017244
22
-0.031601
32
0.000000
0
3DFACE
62
254
10
0.017244
20
-0.031601
30
0.030000
11
0.017148
21
-0.030168
31
0.030000
12
0.017148
22
-0.030168
32
0.000000
0
3DFACE
62
254
10
0.019986
20
-0.027927
30
0.030000
11
0.021579
21
-0.028815
31
0.030000
12
0.021579
22
-0.028815
32
0.000000
0
3DFACE
62
254
10
0.019986
20
-0.027927
30
0.030000
11
0.021579
21
-0.028815
31
0.000000
12
0.019986
22
-0.027927
32
0.000000
0
3DFACE
62
254
10
0.019061
20
-0.027261
30
0.030000
11
0.019986
21
-0.027927
31
0.000000
12
0.019061
22
-0.027261
32
0.000000
0
3DFACE
62
254
10
0.019061
20
-0.027261
30
0.030000
11
0.019986
21
-0.027927
31
0.030000
12
0.019986
22
-0.027927
32
0.000000
0
3DFACE
62
254
10
0.018230
20
-0.026482
30
0.030000
11
0.019061
21
-0.027261
31
0.000000
12
0.018230
22
-0.026482
32
0.000000
0
3DFACE
62
254
10
0.018230
20
-0.026482
30
0.030000
11
0.019061
21
-0.027261
31
0.030000
12
0.019061
22
-0.027261
32
0.000000
0
3DFACE
62
254
10
0.016711
20
-0.026713
30
0.030000
11
0.016806
21
-0.026642
31
0.030000
12
0.016806
22
-0.026642
32
0.000000
0
3DFACE
62
254
10
0.016711
20
-0.026713
30
0.030000
11
0.016806
21
-0.026642
31
0.000000
12
0.016711
22
-0.026713
32
0.000000
0
3DFACE
62
254
10
0.016627
20
-0.026799
30
0.030000
11
0.016711
21
-0.026713
31
0.000000
12
0.016627
22
-0.026799
32
0.000000
0
3DFACE
62
254
10
0.016627
20
-0.026799
30
0.030000
11
0.016711
21
-0.026713
31
0.030000
12
0.016711
22
-0.026713
32
0.000000
0
3DFACE
62
254
10
0.016559
20
-0.026896
30
0.030000
11
0.016627
21
-0.026799
31
0.000000
12
0.016559
22
-0.026896
32
0.000000
0
3DFACE
62
254
10
0.016559
20
-0.026896
30
0.030000
11
0.016627
21
-0.026799
31
0.030000
12
0.016627
22
-0.026799
32
0.000000
0
3DFACE
62
254
10
0.016506
20
-0.027003
30
0.030000
11
0.016559
21
-0.026896
31
0.000000
12
0.016506
22
-0.027003
32
0.000000
0
3DFACE
62
254
10
0.016506
20
-0.027003
30
0.030000
11
0.016559
21
-0.026896
31
0.030000
12
0.016559
22
-0.026896
32
0.000000
0
3DFACE
62
254
10
0.016470
20
-0.027117
30
0.030000
11
0.016506
21
-0.027003
31
0.000000
12
0.016470
22
-0.027117
32
0.000000
0
3DFACE
62
254
10
0.016470
20
-0.027117
30
0.030000
11
0.016470
21
-0.027117
31
0.000000
12
0.016453
22
-0.027235
32
0.000000
0
3DFACE
62
254
10
0.016470
20
-0.027117
30
0.030000
11
0.016506
21
-0.027003
31
0.030000
12
0.016506
22
-0.027003
32
0.000000
0
3DFACE
62
254
10
0.016453
20
-0.027235
30
0.030000
11
0.016470
21
-0.027117
31
0.030000
12
0.016453
22
-0.027235
32
0.000000
0
3DFACE
62
254
10
0.016455
20
-0.027354
30
0.030000
11
0.016453
21
-0.027235
31
0.000000
12
0.016455
22
-0.027354
32
0.000000
0
3DFACE
62
254
10
0.016455
20
-0.027354
30
0.030000
11
0.016453
21
-0.027235
31
0.030000
12
0.016453
22
-0.027235
32
0.000000
0
3DFACE
62
254
10
0.016475
20
-0.027472
30
0.030000
11
0.016455
21
-0.027354
31
0.000000
12
0.016475
22
-0.027472
32
0.000000
0
3DFACE
62
254
10
0.016475
20
-0.027472
30
0.030000
11
0.016475
21
-0.027472
31
0.000000
12
0.016513
22
-0.027585
32
0.000000
0
3DFACE
62
254
10
0.016475
20
-0.027472
30
0.030000
11
0.016455
21
-0.027354
31
0.030000
12
0.016455
22
-0.027354
32
0.000000
0
3DFACE
62
254
10
0.016513
20
-0.027585
30
0.030000
11
0.016475
21
-0.027472
31
0.030000
12
0.016513
22
-0.027585
32
0.000000
0
3DFACE
62
254
10
0.016955
20
-0.026548
30
0.030000
11
0.016806
21
-0.026642
31
0.030000
12
0.016806
22
-0.026642
32
0.000000
0
3DFACE
62
254
10
0.016955
20
-0.026548
30
0.030000
11
0.016806
21
-0.026642
31
0.000000
12
0.016955
22
-0.026548
32
0.000000
0
3DFACE
62
254
10
0.017103
20
-0.026453
30
0.030000
11
0.017103
21
-0.026453
31
0.000000
12
0.017251
22
-0.026357
32
0.000000
0
3DFACE
62
254
10
0.017103
20
-0.026453
30
0.030000
11
0.016955
21
-0.026548
31
0.000000
12
0.017103
22
-0.026453
32
0.000000
0
3DFACE
62
254
10
0.017103
20
-0.026453
30
0.030000
11
0.016955
21
-0.026548
31
0.030000
12
0.016955
22
-0.026548
32
0.000000
0
3DFACE
62
254
10
0.017251
20
-0.026357
30
0.030000
11
0.017103
21
-0.026453
31
0.030000
12
0.017251
22
-0.026357
32
0.000000
0
3DFACE
62
254
10
0.018143
20
-0.026400
30
0.030000
11
0.018230
21
-0.026482
31
0.030000
12
0.018230
22
-0.026482
32
0.000000
0
3DFACE
62
254
10
0.018143
20
-0.026400
30
0.030000
11
0.018230
21
-0.026482
31
0.000000
12
0.018143
22
-0.026400
32
0.000000
0
3DFACE
62
254
10
0.018044
20
-0.026333
30
0.030000
11
0.018143
21
-0.026400
31
0.000000
12
0.018044
22
-0.026333
32
0.000000
0
3DFACE
62
254
10
0.018044
20
-0.026333
30
0.030000
11
0.018143
21
-0.026400
31
0.030000
12
0.018143
22
-0.026400
32
0.000000
0
3DFACE
62
254
10
0.017937
20
-0.026282
30
0.030000
11
0.018044
21
-0.026333
31
0.000000
12
0.017937
22
-0.026282
32
0.000000
0
3DFACE
62
254
10
0.017937
20
-0.026282
30
0.030000
11
0.017937
21
-0.026282
31
0.000000
12
0.017822
22
-0.026248
32
0.000000
0
3DFACE
62
254
10
0.017937
20
-0.026282
30
0.030000
11
0.018044
21
-0.026333
31
0.030000
12
0.018044
22
-0.026333
32
0.000000
0
3DFACE
62
254
10
0.017822
20
-0.026248
30
0.030000
11
0.017937
21
-0.026282
31
0.030000
12
0.017822
22
-0.026248
32
0.000000
0
3DFACE
62
254
10
0.017704
20
-0.026233
30
0.030000
11
0.017822
21
-0.026248
31
0.000000
12
0.017704
22
-0.026233
32
0.000000
0
3DFACE
62
254
10
0.017704
20
-0.026233
30
0.030000
11
0.017822
21
-0.026248
31
0.030000
12
0.017822
22
-0.026248
32
0.000000
0
3DFACE
62
254
10
0.017585
20
-0.026237
30
0.030000
11
0.017704
21
-0.026233
31
0.000000
12
0.017585
22
-0.026237
32
0.000000
0
3DFACE
62
254
10
0.017585
20
-0.026237
30
0.030000
11
0.017585
21
-0.026237
31
0.000000
12
0.017467
22
-0.026259
32
0.000000
0
3DFACE
62
254
10
0.017585
20
-0.026237
30
0.030000
11
0.017704
21
-0.026233
31
0.030000
12
0.017704
22
-0.026233
32
0.000000
0
3DFACE
62
254
10
0.017467
20
-0.026259
30
0.030000
11
0.017585
21
-0.026237
31
0.030000
12
0.017467
22
-0.026259
32
0.000000
0
3DFACE
62
254
10
0.017355
20
-0.026299
30
0.030000
11
0.017467
21
-0.026259
31
0.000000
12
0.017355
22
-0.026299
32
0.000000
0
3DFACE
62
254
10
0.017355
20
-0.026299
30
0.030000
11
0.017467
21
-0.026259
31
0.030000
12
0.017467
22
-0.026259
32
0.000000
0
3DFACE
62
254
10
0.017251
20
-0.026357
30
0.030000
11
0.017355
21
-0.026299
31
0.000000
12
0.017251
22
-0.026357
32
0.000000
0
3DFACE
62
254
10
0.017251
20
-0.026357
30
0.030000
11
0.017355
21
-0.026299
31
0.030000
12
0.017355
22
-0.026299
32
0.000000
0
3DFACE
62
254
10
0.021604
20
-0.024575
30
0.030000
11
0.021301
21
-0.024081
31
0.030000
12
0.021301
22
-0.024081
32
0.000000
0
3DFACE
62
254
10
0.021604
20
-0.024575
30
0.030000
11
0.021301
21
-0.024081
31
0.000000
12
0.021604
22
-0.024575
32
0.000000
0
3DFACE
62
254
10
0.021895
20
-0.025158
30
0.030000
11
0.021604
21
-0.024575
31
0.000000
12
0.021895
22
-0.025158
32
0.000000
0
3DFACE
62
254
10
0.021895
20
-0.025158
30
0.030000
11
0.021604
21
-0.024575
31
0.030000
12
0.021604
22
-0.024575
32
0.000000
0
3DFACE
62
254
10
0.022400
20
-0.026503
30
0.030000
11
0.021895
21
-0.025158
31
0.000000
12
0.022400
22
-0.026503
32
0.000000
0
3DFACE
62
254
10
0.022400
20
-0.026503
30
0.030000
11
0.021895
21
-0.025158
31
0.030000
12
0.021895
22
-0.025158
32
0.000000
0
3DFACE
62
254
10
0.022757
20
-0.027895
30
0.030000
11
0.022400
21
-0.026503
31
0.000000
12
0.022757
22
-0.027895
32
0.000000
0
3DFACE
62
254
10
0.022757
20
-0.027895
30
0.030000
11
0.022400
21
-0.026503
31
0.030000
12
0.022400
22
-0.026503
32
0.000000
0
3DFACE
62
254
10
0.024778
20
-0.023779
30
0.030000
11
0.026507
21
-0.024360
31
0.030000
12
0.026507
22
-0.024360
32
0.000000
0
3DFACE
62
254
10
0.024778
20
-0.023779
30
0.030000
11
0.026507
21
-0.024360
31
0.000000
12
0.024778
22
-0.023779
32
0.000000
0
3DFACE
62
254
10
0.023746
20
-0.023294
30
0.030000
11
0.024778
21
-0.023779
31
0.000000
12
0.023746
22
-0.023294
32
0.000000
0
3DFACE
62
254
10
0.023746
20
-0.023294
30
0.030000
11
0.024778
21
-0.023779
31
0.030000
12
0.024778
22
-0.023779
32
0.000000
0
3DFACE
62
254
10
0.022785
20
-0.022681
30
0.030000
11
0.023746
21
-0.023294
31
0.000000
12
0.022785
22
-0.022681
32
0.000000
0
3DFACE
62
254
10
0.022785
20
-0.022681
30
0.030000
11
0.023746
21
-0.023294
31
0.030000
12
0.023746
22
-0.023294
32
0.000000
0
3DFACE
62
254
10
0.021335
20
-0.023188
30
0.030000
11
0.021415
21
-0.023100
31
0.030000
12
0.021415
22
-0.023100
32
0.000000
0
3DFACE
62
254
10
0.021335
20
-0.023188
30
0.030000
11
0.021415
21
-0.023100
31
0.000000
12
0.021335
22
-0.023188
32
0.000000
0
3DFACE
62
254
10
0.021269
20
-0.023287
30
0.030000
11
0.021335
21
-0.023188
31
0.000000
12
0.021269
22
-0.023287
32
0.000000
0
3DFACE
62
254
10
0.021269
20
-0.023287
30
0.030000
11
0.021269
21
-0.023287
31
0.000000
12
0.021219
22
-0.023396
32
0.000000
0
3DFACE
62
254
10
0.021269
20
-0.023287
30
0.030000
11
0.021335
21
-0.023188
31
0.030000
12
0.021335
22
-0.023188
32
0.000000
0
3DFACE
62
254
10
0.021219
20
-0.023396
30
0.030000
11
0.021269
21
-0.023287
31
0.030000
12
0.021219
22
-0.023396
32
0.000000
0
3DFACE
62
254
10
0.021187
20
-0.023511
30
0.030000
11
0.021219
21
-0.023396
31
0.000000
12
0.021187
22
-0.023511
32
0.000000
0
3DFACE
62
254
10
0.021187
20
-0.023511
30
0.030000
11
0.021219
21
-0.023396
31
0.030000
12
0.021219
22
-0.023396
32
0.000000
0
3DFACE
62
254
10
0.021173
20
-0.023629
30
0.030000
11
0.021187
21
-0.023511
31
0.000000
12
0.021173
22
-0.023629
32
0.000000
0
3DFACE
62
254
10
0.021173
20
-0.023629
30
0.030000
11
0.021173
21
-0.023629
31
0.000000
12
0.021178
22
-0.023748
32
0.000000
0
3DFACE
62
254
10
0.021173
20
-0.023629
30
0.030000
11
0.021187
21
-0.023511
31
0.030000
12
0.021187
22
-0.023511
32
0.000000
0
3DFACE
62
254
10
0.021178
20
-0.023748
30
0.030000
11
0.021173
21
-0.023629
31
0.030000
12
0.021178
22
-0.023748
32
0.000000
0
3DFACE
62
254
10
0.021201
20
-0.023865
30
0.030000
11
0.021178
21
-0.023748
31
0.000000
12
0.021201
22
-0.023865
32
0.000000
0
3DFACE
62
254
10
0.021201
20
-0.023865
30
0.030000
11
0.021178
21
-0.023748
31
0.030000
12
0.021178
22
-0.023748
32
0.000000
0
3DFACE
62
254
10
0.021242
20
-0.023977
30
0.030000
11
0.021201
21
-0.023865
31
0.000000
12
0.021242
22
-0.023977
32
0.000000
0
3DFACE
62
254
10
0.021242
20
-0.023977
30
0.030000
11
0.021201
21
-0.023865
31
0.030000
12
0.021201
22
-0.023865
32
0.000000
0
3DFACE
62
254
10
0.021301
20
-0.024081
30
0.030000
11
0.021242
21
-0.023977
31
0.000000
12
0.021301
22
-0.024081
32
0.000000
0
3DFACE
62
254
10
0.021301
20
-0.024081
30
0.030000
11
0.021242
21
-0.023977
31
0.030000
12
0.021242
22
-0.023977
32
0.000000
0
3DFACE
62
254
10
0.021544
20
-0.022980
30
0.030000
11
0.021415
21
-0.023100
31
0.030000
12
0.021415
22
-0.023100
32
0.000000
0
3DFACE
62
254
10
0.021544
20
-0.022980
30
0.030000
11
0.021544
21
-0.022980
31
0.000000
12
0.021672
22
-0.022859
32
0.000000
0
3DFACE
62
254
10
0.021544
20
-0.022980
30
0.030000
11
0.021415
21
-0.023100
31
0.000000
12
0.021544
22
-0.022980
32
0.000000
0
3DFACE
62
254
10
0.021672
20
-0.022859
30
0.030000
11
0.021544
21
-0.022980
31
0.030000
12
0.021672
22
-0.022859
32
0.000000
0
3DFACE
62
254
10
0.021800
20
-0.022738
30
0.030000
11
0.021672
21
-0.022859
31
0.000000
12
0.021800
22
-0.022738
32
0.000000
0
3DFACE
62
254
10
0.021800
20
-0.022738
30
0.030000
11
0.021672
21
-0.022859
31
0.030000
12
0.021672
22
-0.022859
32
0.000000
0
3DFACE
62
254
10
0.022785
20
-0.022681
30
0.030000
11
0.022785
21
-0.022681
31
0.000000
12
0.022685
22
-0.022617
32
0.000000
0
3DFACE
62
254
10
0.022685
20
-0.022617
30
0.030000
11
0.022785
21
-0.022681
31
0.030000
12
0.022685
22
-0.022617
32
0.000000
0
3DFACE
62
254
10
0.022576
20
-0.022569
30
0.030000
11
0.022685
21
-0.022617
31
0.000000
12
0.022576
22
-0.022569
32
0.000000
0
3DFACE
62
254
10
0.022576
20
-0.022569
30
0.030000
11
0.022685
21
-0.022617
31
0.030000
12
0.022685
22
-0.022617
32
0.000000
0
3DFACE
62
254
10
0.022460
20
-0.022539
30
0.030000
11
0.022576
21
-0.022569
31
0.000000
12
0.022460
22
-0.022539
32
0.000000
0
3DFACE
62
254
10
0.022460
20
-0.022539
30
0.030000
11
0.022460
21
-0.022539
31
0.000000
12
0.022342
22
-0.022527
32
0.000000
0
3DFACE
62
254
10
0.022460
20
-0.022539
30
0.030000
11
0.022576
21
-0.022569
31
0.030000
12
0.022576
22
-0.022569
32
0.000000
0
3DFACE
62
254
10
0.022342
20
-0.022527
30
0.030000
11
0.022460
21
-0.022539
31
0.030000
12
0.022342
22
-0.022527
32
0.000000
0
3DFACE
62
254
10
0.022223
20
-0.022534
30
0.030000
11
0.022342
21
-0.022527
31
0.000000
12
0.022223
22
-0.022534
32
0.000000
0
3DFACE
62
254
10
0.022223
20
-0.022534
30
0.030000
11
0.022342
21
-0.022527
31
0.030000
12
0.022342
22
-0.022527
32
0.000000
0
3DFACE
62
254
10
0.022106
20
-0.022559
30
0.030000
11
0.022223
21
-0.022534
31
0.000000
12
0.022106
22
-0.022559
32
0.000000
0
3DFACE
62
254
10
0.022106
20
-0.022559
30
0.030000
11
0.022223
21
-0.022534
31
0.030000
12
0.022223
22
-0.022534
32
0.000000
0
3DFACE
62
254
10
0.021995
20
-0.022602
30
0.030000
11
0.022106
21
-0.022559
31
0.000000
12
0.021995
22
-0.022602
32
0.000000
0
3DFACE
62
254
10
0.021995
20
-0.022602
30
0.030000
11
0.022106
21
-0.022559
31
0.030000
12
0.022106
22
-0.022559
32
0.000000
0
3DFACE
62
254
10
0.021892
20
-0.022662
30
0.030000
11
0.021995
21
-0.022602
31
0.000000
12
0.021892
22
-0.022662
32
0.000000
0
3DFACE
62
254
10
0.021892
20
-0.022662
30
0.030000
11
0.021995
21
-0.022602
31
0.030000
12
0.021995
22
-0.022602
32
0.000000
0
3DFACE
62
254
10
0.021800
20
-0.022738
30
0.030000
11
0.021892
21
-0.022662
31
0.000000
12
0.021800
22
-0.022738
32
0.000000
0
3DFACE
62
254
10
0.021800
20
-0.022738
30
0.030000
11
0.021892
21
-0.022662
31
0.030000
12
0.021892
22
-0.022662
32
0.000000
0
3DFACE
62
254
10
0.025752
20
-0.020187
30
0.030000
11
0.025363
21
-0.019757
31
0.030000
12
0.025363
22
-0.019757
32
0.000000
0
3DFACE
62
254
10
0.025752
20
-0.020187
30
0.030000
11
0.025363
21
-0.019757
31
0.000000
12
0.025752
22
-0.020187
32
0.000000
0
3DFACE
62
254
10
0.026145
20
-0.020707
30
0.030000
11
0.025752
21
-0.020187
31
0.000000
12
0.026145
22
-0.020707
32
0.000000
0
3DFACE
62
254
10
0.026145
20
-0.020707
30
0.030000
11
0.025752
21
-0.020187
31
0.030000
12
0.025752
22
-0.020187
32
0.000000
0
3DFACE
62
254
10
0.026888
20
-0.021936
30
0.030000
11
0.026145
21
-0.020707
31
0.000000
12
0.026888
22
-0.021936
32
0.000000
0
3DFACE
62
254
10
0.026888
20
-0.021936
30
0.030000
11
0.026145
21
-0.020707
31
0.030000
12
0.026145
22
-0.020707
32
0.000000
0
3DFACE
62
254
10
0.027495
20
-0.023238
30
0.030000
11
0.026888
21
-0.021936
31
0.000000
12
0.027495
22
-0.023238
32
0.000000
0
3DFACE
62
254
10
0.027495
20
-0.023238
30
0.030000
11
0.026888
21
-0.021936
31
0.030000
12
0.026888
22
-0.021936
32
0.000000
0
3DFACE
62
254
10
0.028725
20
-0.018821
30
0.030000
11
0.030532
21
-0.019074
31
0.030000
12
0.030532
22
-0.019074
32
0.000000
0
3DFACE
62
254
10
0.028725
20
-0.018821
30
0.030000
11
0.030532
21
-0.019074
31
0.000000
12
0.028725
22
-0.018821
32
0.000000
0
3DFACE
62
254
10
0.027622
20
-0.018535
30
0.030000
11
0.028725
21
-0.018821
31
0.000000
12
0.027622
22
-0.018535
32
0.000000
0
3DFACE
62
254
10
0.027622
20
-0.018535
30
0.030000
11
0.028725
21
-0.018821
31
0.030000
12
0.028725
22
-0.018821
32
0.000000
0
3DFACE
62
254
10
0.026565
20
-0.018108
30
0.030000
11
0.027622
21
-0.018535
31
0.000000
12
0.026565
22
-0.018108
32
0.000000
0
3DFACE
62
254
10
0.026565
20
-0.018108
30
0.030000
11
0.027622
21
-0.018535
31
0.030000
12
0.027622
22
-0.018535
32
0.000000
0
3DFACE
62
254
10
0.025232
20
-0.018873
30
0.030000
11
0.025296
21
-0.018772
31
0.030000
12
0.025296
22
-0.018772
32
0.000000
0
3DFACE
62
254
10
0.025232
20
-0.018873
30
0.030000
11
0.025296
21
-0.018772
31
0.000000
12
0.025232
22
-0.018873
32
0.000000
0
3DFACE
62
254
10
0.025185
20
-0.018983
30
0.030000
11
0.025232
21
-0.018873
31
0.000000
12
0.025185
22
-0.018983
32
0.000000
0
3DFACE
62
254
10
0.025185
20
-0.018983
30
0.030000
11
0.025185
21
-0.018983
31
0.000000
12
0.025156
22
-0.019098
32
0.000000
0
3DFACE
62
254
10
0.025185
20
-0.018983
30
0.030000
11
0.025232
21
-0.018873
31
0.030000
12
0.025232
22
-0.018873
32
0.000000
0
3DFACE
62
254
10
0.025156
20
-0.019098
30
0.030000
11
0.025156
21
-0.019098
31
0.000000
12
0.025146
22
-0.019217
32
0.000000
0
3DFACE
62
254
10
0.025156
20
-0.019098
30
0.030000
11
0.025185
21
-0.018983
31
0.030000
12
0.025156
22
-0.019098
32
0.000000
0
3DFACE
62
254
10
0.025146
20
-0.019217
30
0.030000
11
0.025156
21
-0.019098
31
0.030000
12
0.025146
22
-0.019217
32
0.000000
0
3DFACE
62
254
10
0.025154
20
-0.019336
30
0.030000
11
0.025146
21
-0.019217
31
0.000000
12
0.025154
22
-0.019336
32
0.000000
0
3DFACE
62
254
10
0.025154
20
-0.019336
30
0.030000
11
0.025146
21
-0.019217
31
0.030000
12
0.025146
22
-0.019217
32
0.000000
0
3DFACE
62
254
10
0.025181
20
-0.019452
30
0.030000
11
0.025154
21
-0.019336
31
0.000000
12
0.025181
22
-0.019452
32
0.000000
0
3DFACE
62
254
10
0.025181
20
-0.019452
30
0.030000
11
0.025181
21
-0.019452
31
0.000000
12
0.025225
22
-0.019563
32
0.000000
0
3DFACE
62
254
10
0.025181
20
-0.019452
30
0.030000
11
0.025154
21
-0.019336
31
0.030000
12
0.025154
22
-0.019336
32
0.000000
0
3DFACE
62
254
10
0.025225
20
-0.019563
30
0.030000
11
0.025181
21
-0.019452
31
0.030000
12
0.025225
22
-0.019563
32
0.000000
0
3DFACE
62
254
10
0.025286
20
-0.019665
30
0.030000
11
0.025225
21
-0.019563
31
0.000000
12
0.025286
22
-0.019665
32
0.000000
0
3DFACE
62
254
10
0.025286
20
-0.019665
30
0.030000
11
0.025286
21
-0.019665
31
0.000000
12
0.025363
22
-0.019757
32
0.000000
0
3DFACE
62
254
10
0.025286
20
-0.019665
30
0.030000
11
0.025225
21
-0.019563
31
0.030000
12
0.025225
22
-0.019563
32
0.000000
0
3DFACE
62
254
10
0.025363
20
-0.019757
30
0.030000
11
0.025286
21
-0.019665
31
0.030000
12
0.025363
22
-0.019757
32
0.000000
0
3DFACE
62
254
10
0.025400
20
-0.018630
30
0.030000
11
0.025296
21
-0.018772
31
0.030000
12
0.025296
22
-0.018772
32
0.000000
0
3DFACE
62
254
10
0.025400
20
-0.018630
30
0.030000
11
0.025296
21
-0.018772
31
0.000000
12
0.025400
22
-0.018630
32
0.000000
0
3DFACE
62
254
10
0.025504
20
-0.018488
30
0.030000
11
0.025504
21
-0.018488
31
0.000000
12
0.025607
22
-0.018345
32
0.000000
0
3DFACE
62
254
10
0.025504
20
-0.018488
30
0.030000
11
0.025400
21
-0.018630
31
0.000000
12
0.025504
22
-0.018488
32
0.000000
0
3DFACE
62
254
10
0.025504
20
-0.018488
30
0.030000
11
0.025400
21
-0.018630
31
0.030000
12
0.025400
22
-0.018630
32
0.000000
0
3DFACE
62
254
10
0.025607
20
-0.018345
30
0.030000
11
0.025504
21
-0.018488
31
0.030000
12
0.025607
22
-0.018345
32
0.000000
0
3DFACE
62
254
10
0.026565
20
-0.018108
30
0.030000
11
0.026565
21
-0.018108
31
0.000000
12
0.026455
22
-0.018063
32
0.000000
0
3DFACE
62
254
10
0.026455
20
-0.018063
30
0.030000
11
0.026565
21
-0.018108
31
0.030000
12
0.026455
22
-0.018063
32
0.000000
0
3DFACE
62
254
10
0.026338
20
-0.018036
30
0.030000
11
0.026455
21
-0.018063
31
0.000000
12
0.026338
22
-0.018036
32
0.000000
0
3DFACE
62
254
10
0.026338
20
-0.018036
30
0.030000
11
0.026338
21
-0.018036
31
0.000000
12
0.026219
22
-0.018028
32
0.000000
0
3DFACE
62
254
10
0.026338
20
-0.018036
30
0.030000
11
0.026455
21
-0.018063
31
0.030000
12
0.026455
22
-0.018063
32
0.000000
0
3DFACE
62
254
10
0.026219
20
-0.018028
30
0.030000
11
0.026338
21
-0.018036
31
0.030000
12
0.026219
22
-0.018028
32
0.000000
0
3DFACE
62
254
10
0.026101
20
-0.018038
30
0.030000
11
0.026219
21
-0.018028
31
0.000000
12
0.026101
22
-0.018038
32
0.000000
0
3DFACE
62
254
10
0.026101
20
-0.018038
30
0.030000
11
0.026101
21
-0.018038
31
0.000000
12
0.025985
22
-0.018066
32
0.000000
0
3DFACE
62
254
10
0.026101
20
-0.018038
30
0.030000
11
0.026219
21
-0.018028
31
0.030000
12
0.026219
22
-0.018028
32
0.000000
0
3DFACE
62
254
10
0.025985
20
-0.018066
30
0.030000
11
0.025985
21
-0.018066
31
0.000000
12
0.025875
22
-0.018113
32
0.000000
0
3DFACE
62
254
10
0.025985
20
-0.018066
30
0.030000
11
0.026101
21
-0.018038
31
0.030000
12
0.025985
22
-0.018066
32
0.000000
0
3DFACE
62
254
10
0.025875
20
-0.018113
30
0.030000
11
0.025985
21
-0.018066
31
0.030000
12
0.025875
22
-0.018113
32
0.000000
0
3DFACE
62
254
10
0.025774
20
-0.018176
30
0.030000
11
0.025875
21
-0.018113
31
0.000000
12
0.025774
22
-0.018176
32
0.000000
0
3DFACE
62
254
10
0.025774
20
-0.018176
30
0.030000
11
0.025875
21
-0.018113
31
0.030000
12
0.025875
22
-0.018113
32
0.000000
0
3DFACE
62
254
10
0.025684
20
-0.018254
30
0.030000
11
0.025774
21
-0.018176
31
0.000000
12
0.025684
22
-0.018254
32
0.000000
0
3DFACE
62
254
10
0.025684
20
-0.018254
30
0.030000
11
0.025774
21
-0.018176
31
0.030000
12
0.025774
22
-0.018176
32
0.000000
0
3DFACE
62
254
10
0.025607
20
-0.018345
30
0.030000
11
0.025684
21
-0.018254
31
0.000000
12
0.025607
22
-0.018345
32
0.000000
0
3DFACE
62
254
10
0.025607
20
-0.018345
30
0.030000
11
0.025684
21
-0.018254
31
0.030000
12
0.025684
22
-0.018254
32
0.000000
0
3DFACE
62
254
10
0.029022
20
-0.015112
30
0.030000
11
0.028561
21
-0.014760
31
0.030000
12
0.028561
22
-0.014760
32
0.000000
0
3DFACE
62
254
10
0.029022
20
-0.015112
30
0.030000
11
0.028561
21
-0.014760
31
0.000000
12
0.029022
22
-0.015112
32
0.000000
0
3DFACE
62
254
10
0.029504
20
-0.015550
30
0.030000
11
0.029022
21
-0.015112
31
0.000000
12
0.029504
22
-0.015550
32
0.000000
0
3DFACE
62
254
10
0.029504
20
-0.015550
30
0.030000
11
0.029022
21
-0.015112
31
0.030000
12
0.029022
22
-0.015112
32
0.000000
0
3DFACE
62
254
10
0.030461
20
-0.016622
30
0.030000
11
0.029504
21
-0.015550
31
0.000000
12
0.030461
22
-0.016622
32
0.000000
0
3DFACE
62
254
10
0.030461
20
-0.016622
30
0.030000
11
0.029504
21
-0.015550
31
0.030000
12
0.029504
22
-0.015550
32
0.000000
0
3DFACE
62
254
10
0.031297
20
-0.017790
30
0.030000
11
0.030461
21
-0.016622
31
0.000000
12
0.031297
22
-0.017790
32
0.000000
0
3DFACE
62
254
10
0.031297
20
-0.017790
30
0.030000
11
0.030461
21
-0.016622
31
0.030000
12
0.030461
22
-0.016622
32
0.000000
0
3DFACE
62
254
10
0.031695
20
-0.013222
30
0.030000
11
0.033517
21
-0.013139
31
0.030000
12
0.033517
22
-0.013139
32
0.000000
0
3DFACE
62
254
10
0.031695
20
-0.013222
30
0.030000
11
0.033517
21
-0.013139
31
0.000000
12
0.031695
22
-0.013222
32
0.000000
0
3DFACE
62
254
10
0.030557
20
-0.013144
30
0.030000
11
0.031695
21
-0.013222
31
0.000000
12
0.030557
22
-0.013144
32
0.000000
0
3DFACE
62
254
10
0.030557
20
-0.013144
30
0.030000
11
0.031695
21
-0.013222
31
0.030000
12
0.031695
22
-0.013222
32
0.000000
0
3DFACE
62
254
10
0.029440
20
-0.012919
30
0.030000
11
0.030557
21
-0.013144
31
0.000000
12
0.029440
22
-0.012919
32
0.000000
0
3DFACE
62
254
10
0.029440
20
-0.012919
30
0.030000
11
0.030557
21
-0.013144
31
0.030000
12
0.030557
22
-0.013144
32
0.000000
0
3DFACE
62
254
10
0.028270
20
-0.013915
30
0.030000
11
0.028314
21
-0.013804
31
0.030000
12
0.028314
22
-0.013804
32
0.000000
0
3DFACE
62
254
10
0.028270
20
-0.013915
30
0.030000
11
0.028314
21
-0.013804
31
0.000000
12
0.028270
22
-0.013915
32
0.000000
0
3DFACE
62
254
10
0.028245
20
-0.014032
30
0.030000
11
0.028270
21
-0.013915
31
0.000000
12
0.028245
22
-0.014032
32
0.000000
0
3DFACE
62
254
10
0.028245
20
-0.014032
30
0.030000
11
0.028270
21
-0.013915
31
0.030000
12
0.028270
22
-0.013915
32
0.000000
0
3DFACE
62
254
10
0.028237
20
-0.014151
30
0.030000
11
0.028245
21
-0.014032
31
0.000000
12
0.028237
22
-0.014151
32
0.000000
0
3DFACE
62
254
10
0.028237
20
-0.014151
30
0.030000
11
0.028237
21
-0.014151
31
0.000000
12
0.028249
22
-0.014269
32
0.000000
0
3DFACE
62
254
10
0.028237
20
-0.014151
30
0.030000
11
0.028245
21
-0.014032
31
0.030000
12
0.028245
22
-0.014032
32
0.000000
0
3DFACE
62
254
10
0.028249
20
-0.014269
30
0.030000
11
0.028237
21
-0.014151
31
0.030000
12
0.028249
22
-0.014269
32
0.000000
0
3DFACE
62
254
10
0.028279
20
-0.014385
30
0.030000
11
0.028249
21
-0.014269
31
0.000000
12
0.028279
22
-0.014385
32
0.000000
0
3DFACE
62
254
10
0.028279
20
-0.014385
30
0.030000
11
0.028279
21
-0.014385
31
0.000000
12
0.028326
22
-0.014494
32
0.000000
0
3DFACE
62
254
10
0.028279
20
-0.014385
30
0.030000
11
0.028249
21
-0.014269
31
0.030000
12
0.028249
22
-0.014269
32
0.000000
0
3DFACE
62
254
10
0.028326
20
-0.014494
30
0.030000
11
0.028279
21
-0.014385
31
0.030000
12
0.028326
22
-0.014494
32
0.000000
0
3DFACE
62
254
10
0.028390
20
-0.014595
30
0.030000
11
0.028326
21
-0.014494
31
0.000000
12
0.028390
22
-0.014595
32
0.000000
0
3DFACE
62
254
10
0.028390
20
-0.014595
30
0.030000
11
0.028326
21
-0.014494
31
0.030000
12
0.028326
22
-0.014494
32
0.000000
0
3DFACE
62
254
10
0.028469
20
-0.014684
30
0.030000
11
0.028390
21
-0.014595
31
0.000000
12
0.028469
22
-0.014684
32
0.000000
0
3DFACE
62
254
10
0.028469
20
-0.014684
30
0.030000
11
0.028390
21
-0.014595
31
0.030000
12
0.028390
22
-0.014595
32
0.000000
0
3DFACE
62
254
10
0.028561
20
-0.014760
30
0.030000
11
0.028469
21
-0.014684
31
0.000000
12
0.028561
22
-0.014760
32
0.000000
0
3DFACE
62
254
10
0.028561
20
-0.014760
30
0.030000
11
0.028469
21
-0.014684
31
0.030000
12
0.028469
22
-0.014684
32
0.000000
0
3DFACE
62
254
10
0.028391
20
-0.013646
30
0.030000
11
0.028314
21
-0.013804
31
0.030000
12
0.028314
22
-0.013804
32
0.000000
0
3DFACE
62
254
10
0.028391
20
-0.013646
30
0.030000
11
0.028314
21
-0.013804
31
0.000000
12
0.028391
22
-0.013646
32
0.000000
0
3DFACE
62
254
10
0.028467
20
-0.013487
30
0.030000
11
0.028467
21
-0.013487
31
0.000000
12
0.028542
22
-0.013327
32
0.000000
0
3DFACE
62
254
10
0.028467
20
-0.013487
30
0.030000
11
0.028391
21
-0.013646
31
0.000000
12
0.028467
22
-0.013487
32
0.000000
0
3DFACE
62
254
10
0.028467
20
-0.013487
30
0.030000
11
0.028391
21
-0.013646
31
0.030000
12
0.028391
22
-0.013646
32
0.000000
0
3DFACE
62
254
10
0.028542
20
-0.013327
30
0.030000
11
0.028467
21
-0.013487
31
0.030000
12
0.028542
22
-0.013327
32
0.000000
0
3DFACE
62
254
10
0.029323
20
-0.012895
30
0.030000
11
0.029440
21
-0.012919
31
0.030000
12
0.029440
22
-0.012919
32
0.000000
0
3DFACE
62
254
10
0.029323
20
-0.012895
30
0.030000
11
0.029440
21
-0.012919
31
0.000000
12
0.029323
22
-0.012895
32
0.000000
0
3DFACE
62
254
10
0.029204
20
-0.012890
30
0.030000
11
0.029323
21
-0.012895
31
0.000000
12
0.029204
22
-0.012890
32
0.000000
0
3DFACE
62
254
10
0.029204
20
-0.012890
30
0.030000
11
0.029323
21
-0.012895
31
0.030000
12
0.029323
22
-0.012895
32
0.000000
0
3DFACE
62
254
10
0.029086
20
-0.012903
30
0.030000
11
0.029204
21
-0.012890
31
0.000000
12
0.029086
22
-0.012903
32
0.000000
0
3DFACE
62
254
10
0.029086
20
-0.012903
30
0.030000
11
0.029086
21
-0.012903
31
0.000000
12
0.028971
22
-0.012935
32
0.000000
0
3DFACE
62
254
10
0.029086
20
-0.012903
30
0.030000
11
0.029204
21
-0.012890
31
0.030000
12
0.029204
22
-0.012890
32
0.000000
0
3DFACE
62
254
10
0.028971
20
-0.012935
30
0.030000
11
0.029086
21
-0.012903
31
0.030000
12
0.028971
22
-0.012935
32
0.000000
0
3DFACE
62
254
10
0.028862
20
-0.012984
30
0.030000
11
0.028971
21
-0.012935
31
0.000000
12
0.028862
22
-0.012984
32
0.000000
0
3DFACE
62
254
10
0.028862
20
-0.012984
30
0.030000
11
0.028862
21
-0.012984
31
0.000000
12
0.028763
22
-0.013050
32
0.000000
0
3DFACE
62
254
10
0.028862
20
-0.012984
30
0.030000
11
0.028971
21
-0.012935
31
0.030000
12
0.028971
22
-0.012935
32
0.000000
0
3DFACE
62
254
10
0.028763
20
-0.013050
30
0.030000
11
0.028862
21
-0.012984
31
0.030000
12
0.028763
22
-0.013050
32
0.000000
0
3DFACE
62
254
10
0.028675
20
-0.013130
30
0.030000
11
0.028763
21
-0.013050
31
0.000000
12
0.028675
22
-0.013130
32
0.000000
0
3DFACE
62
254
10
0.028675
20
-0.013130
30
0.030000
11
0.028675
21
-0.013130
31
0.000000
12
0.028600
22
-0.013224
32
0.000000
0
3DFACE
62
254
10
0.028675
20
-0.013130
30
0.030000
11
0.028763
21
-0.013050
31
0.030000
12
0.028763
22
-0.013050
32
0.000000
0
3DFACE
62
254
10
0.028600
20
-0.013224
30
0.030000
11
0.028675
21
-0.013130
31
0.030000
12
0.028600
22
-0.013224
32
0.000000
0
3DFACE
62
254
10
0.028542
20
-0.013327
30
0.030000
11
0.028600
21
-0.013224
31
0.000000
12
0.028542
22
-0.013327
32
0.000000
0
3DFACE
62
254
10
0.028542
20
-0.013327
30
0.030000
11
0.028600
21
-0.013224
31
0.030000
12
0.028600
22
-0.013224
32
0.000000
0
3DFACE
62
254
10
0.030787
20
-0.009261
30
0.030000
11
0.030787
21
-0.009261
31
-0.000000
12
0.031305
22
-0.009521
32
-0.000000
0
3DFACE
62
254
10
0.031305
20
-0.009521
30
0.030000
11
0.030787
21
-0.009261
31
0.030000
12
0.031305
22
-0.009521
32
-0.000000
0
3DFACE
62
254
10
0.031859
20
-0.009864
30
0.030000
11
0.031305
21
-0.009521
31
-0.000000
12
0.031859
22
-0.009864
32
-0.000000
0
3DFACE
62
254
10
0.031859
20
-0.009864
30
0.030000
11
0.031305
21
-0.009521
31
0.030000
12
0.031305
22
-0.009521
32
-0.000000
0
3DFACE
62
254
10
0.032997
20
-0.010741
30
0.030000
11
0.031859
21
-0.009864
31
-0.000000
12
0.032997
22
-0.010741
32
0.000000
0
3DFACE
62
254
10
0.032997
20
-0.010741
30
0.030000
11
0.031859
21
-0.009864
31
0.030000
12
0.031859
22
-0.009864
32
-0.000000
0
3DFACE
62
254
10
0.034033
20
-0.011736
30
0.030000
11
0.032997
21
-0.010741
31
0.000000
12
0.034033
22
-0.011736
32
0.000000
0
3DFACE
62
254
10
0.034033
20
-0.011736
30
0.030000
11
0.032997
21
-0.010741
31
0.030000
12
0.032997
22
-0.010741
32
0.000000
0
3DFACE
62
254
10
0.033584
20
-0.007173
30
0.030000
11
0.035360
21
-0.006757
31
0.030000
12
0.035360
22
-0.006757
32
-0.000000
0
3DFACE
62
254
10
0.033584
20
-0.007173
30
0.030000
11
0.035360
21
-0.006757
31
-0.000000
12
0.033584
22
-0.007173
32
-0.000000
0
3DFACE
62
254
10
0.032452
20
-0.007305
30
0.030000
11
0.033584
21
-0.007173
31
-0.000000
12
0.032452
22
-0.007305
32
-0.000000
0
3DFACE
62
254
10
0.032452
20
-0.007305
30
0.030000
11
0.033584
21
-0.007173
31
0.030000
12
0.033584
22
-0.007173
32
-0.000000
0
3DFACE
62
254
10
0.031313
20
-0.007289
30
0.030000
11
0.032452
21
-0.007305
31
-0.000000
12
0.031313
22
-0.007289
32
-0.000000
0
3DFACE
62
254
10
0.031313
20
-0.007289
30
0.030000
11
0.032452
21
-0.007305
31
0.030000
12
0.032452
22
-0.007305
32
-0.000000
0
3DFACE
62
254
10
0.030346
20
-0.008484
30
0.030000
11
0.030369
21
-0.008367
31
0.030000
12
0.030369
22
-0.008367
32
-0.000000
0
3DFACE
62
254
10
0.030346
20
-0.008484
30
0.030000
11
0.030369
21
-0.008367
31
-0.000000
12
0.030346
22
-0.008484
32
-0.000000
0
3DFACE
62
254
10
0.030342
20
-0.008603
30
0.030000
11
0.030346
21
-0.008484
31
-0.000000
12
0.030342
22
-0.008603
32
-0.000000
0
3DFACE
62
254
10
0.030342
20
-0.008603
30
0.030000
11
0.030342
21
-0.008603
31
-0.000000
12
0.030357
22
-0.008721
32
-0.000000
0
3DFACE
62
254
10
0.030342
20
-0.008603
30
0.030000
11
0.030346
21
-0.008484
31
0.030000
12
0.030346
22
-0.008484
32
-0.000000
0
3DFACE
62
254
10
0.030357
20
-0.008721
30
0.030000
11
0.030342
21
-0.008603
31
0.030000
12
0.030357
22
-0.008721
32
-0.000000
0
3DFACE
62
254
10
0.030390
20
-0.008836
30
0.030000
11
0.030357
21
-0.008721
31
-0.000000
12
0.030390
22
-0.008836
32
-0.000000
0
3DFACE
62
254
10
0.030390
20
-0.008836
30
0.030000
11
0.030357
21
-0.008721
31
0.030000
12
0.030357
22
-0.008721
32
-0.000000
0
3DFACE
62
254
10
0.030440
20
-0.008944
30
0.030000
11
0.030390
21
-0.008836
31
-0.000000
12
0.030440
22
-0.008944
32
-0.000000
0
3DFACE
62
254
10
0.030440
20
-0.008944
30
0.030000
11
0.030390
21
-0.008836
31
0.030000
12
0.030390
22
-0.008836
32
-0.000000
0
3DFACE
62
254
10
0.030507
20
-0.009043
30
0.030000
11
0.030440
21
-0.008944
31
-0.000000
12
0.030507
22
-0.009043
32
-0.000000
0
3DFACE
62
254
10
0.030507
20
-0.009043
30
0.030000
11
0.030440
21
-0.008944
31
0.030000
12
0.030440
22
-0.008944
32
-0.000000
0
3DFACE
62
254
10
0.030589
20
-0.009130
30
0.030000
11
0.030507
21
-0.009043
31
-0.000000
12
0.030589
22
-0.009130
32
-0.000000
0
3DFACE
62
254
10
0.030589
20
-0.009130
30
0.030000
11
0.030507
21
-0.009043
31
0.030000
12
0.030507
22
-0.009043
32
-0.000000
0
3DFACE
62
254
10
0.030683
20
-0.009203
30
0.030000
11
0.030589
21
-0.009130
31
-0.000000
12
0.030683
22
-0.009203
32
-0.000000
0
3DFACE
62
254
10
0.030683
20
-0.009203
30
0.030000
11
0.030683
21
-0.009203
31
-0.000000
12
0.030787
22
-0.009261
32
-0.000000
0
3DFACE
62
254
10
0.030683
20
-0.009203
30
0.030000
11
0.030589
21
-0.009130
31
0.030000
12
0.030589
22
-0.009130
32
-0.000000
0
3DFACE
62
254
10
0.030787
20
-0.009261
30
0.030000
11
0.030683
21
-0.009203
31
0.030000
12
0.030787
22
-0.009261
32
-0.000000
0
3DFACE
62
254
10
0.030415
20
-0.008197
30
0.030000
11
0.030369
21
-0.008367
31
0.030000
12
0.030369
22
-0.008367
32
-0.000000
0
3DFACE
62
254
10
0.030415
20
-0.008197
30
0.030000
11
0.030369
21
-0.008367
31
-0.000000
12
0.030415
22
-0.008197
32
-0.000000
0
3DFACE
62
254
10
0.030460
20
-0.008026
30
0.030000
11
0.030460
21
-0.008026
31
-0.000000
12
0.030505
22
-0.007856
32
-0.000000
0
3DFACE
62
254
10
0.030460
20
-0.008026
30
0.030000
11
0.030415
21
-0.008197
31
-0.000000
12
0.030460
22
-0.008026
32
-0.000000
0
3DFACE
62
254
10
0.030460
20
-0.008026
30
0.030000
11
0.030415
21
-0.008197
31
0.030000
12
0.030415
22
-0.008197
32
-0.000000
0
3DFACE
62
254
10
0.030505
20
-0.007856
30
0.030000
11
0.030460
21
-0.008026
31
0.030000
12
0.030505
22
-0.007856
32
-0.000000
0
3DFACE
62
254
10
0.031193
20
-0.007287
30
0.030000
11
0.031313
21
-0.007289
31
0.030000
12
0.031313
22
-0.007289
32
-0.000000
0
3DFACE
62
254
10
0.031193
20
-0.007287
30
0.030000
11
0.031313
21
-0.007289
31
-0.000000
12
0.031193
22
-0.007287
32
-0.000000
0
3DFACE
62
254
10
0.031075
20
-0.007304
30
0.030000
11
0.031193
21
-0.007287
31
-0.000000
12
0.031075
22
-0.007304
32
-0.000000
0
3DFACE
62
254
10
0.031075
20
-0.007304
30
0.030000
11
0.031193
21
-0.007287
31
0.030000
12
0.031193
22
-0.007287
32
-0.000000
0
3DFACE
62
254
10
0.030961
20
-0.007339
30
0.030000
11
0.031075
21
-0.007304
31
-0.000000
12
0.030961
22
-0.007339
32
-0.000000
0
3DFACE
62
254
10
0.030961
20
-0.007339
30
0.030000
11
0.031075
21
-0.007304
31
0.030000
12
0.031075
22
-0.007304
32
-0.000000
0
3DFACE
62
254
10
0.030854
20
-0.007391
30
0.030000
11
0.030961
21
-0.007339
31
-0.000000
12
0.030854
22
-0.007391
32
-0.000000
0
3DFACE
62
254
10
0.030854
20
-0.007391
30
0.030000
11
0.030961
21
-0.007339
31
0.030000
12
0.030961
22
-0.007339
32
-0.000000
0
3DFACE
62
254
10
0.030757
20
-0.007460
30
0.030000
11
0.030854
21
-0.007391
31
-0.000000
12
0.030757
22
-0.007460
32
-0.000000
0
3DFACE
62
254
10
0.030757
20
-0.007460
30
0.030000
11
0.030854
21
-0.007391
31
0.030000
12
0.030854
22
-0.007391
32
-0.000000
0
3DFACE
62
254
10
0.030671
20
-0.007543
30
0.030000
11
0.030757
21
-0.007460
31
-0.000000
12
0.030671
22
-0.007543
32
-0.000000
0
3DFACE
62
254
10
0.030671
20
-0.007543
30
0.030000
11
0.030757
21
-0.007460
31
0.030000
12
0.030757
22
-0.007460
32
-0.000000
0
3DFACE
62
254
10
0.030599
20
-0.007638
30
0.030000
11
0.030671
21
-0.007543
31
-0.000000
12
0.030599
22
-0.007638
32
-0.000000
0
3DFACE
62
254
10
0.030599
20
-0.007638
30
0.030000
11
0.030599
21
-0.007638
31
-0.000000
12
0.030543
22
-0.007743
32
-0.000000
0
3DFACE
62
254
10
0.030599
20
-0.007638
30
0.030000
11
0.030671
21
-0.007543
31
0.030000
12
0.030671
22
-0.007543
32
-0.000000
0
3DFACE
62
254
10
0.030543
20
-0.007743
30
0.030000
11
0.030599
21
-0.007638
31
0.030000
12
0.030543
22
-0.007743
32
-0.000000
0
3DFACE
62
254
10
0.030505
20
-0.007856
30
0.030000
11
0.030543
21
-0.007743
31
-0.000000
12
0.030505
22
-0.007856
32
-0.000000
0
3DFACE
62
254
10
0.030505
20
-0.007856
30
0.030000
11
0.030543
21
-0.007743
31
0.030000
12
0.030543
22
-0.007743
32
-0.000000
0
3DFACE
62
254
10
0.032522
20
-0.003607
30
0.030000
11
0.031965
21
-0.003446
31
0.030000
12
0.031965
22
-0.003446
32
-0.000000
0
3DFACE
62
254
10
0.032522
20
-0.003607
30
0.030000
11
0.031965
21
-0.003446
31
-0.000000
12
0.032522
22
-0.003607
32
-0.000000
0
3DFACE
62
254
10
0.033129
20
-0.003842
30
0.030000
11
0.032522
21
-0.003607
31
-0.000000
12
0.033129
22
-0.003842
32
-0.000000
0
3DFACE
62
254
10
0.033129
20
-0.003842
30
0.030000
11
0.032522
21
-0.003607
31
0.030000
12
0.032522
22
-0.003607
32
-0.000000
0
3DFACE
62
254
10
0.034409
20
-0.004495
30
0.030000
11
0.033129
21
-0.003842
31
-0.000000
12
0.034409
22
-0.004495
32
-0.000000
0
3DFACE
62
254
10
0.034409
20
-0.004495
30
0.030000
11
0.033129
21
-0.003842
31
0.030000
12
0.033129
22
-0.003842
32
-0.000000
0
3DFACE
62
254
10
0.035610
20
-0.005283
30
0.030000
11
0.034409
21
-0.004495
31
-0.000000
12
0.035610
22
-0.005283
32
-0.000000
0
3DFACE
62
254
10
0.035610
20
-0.005283
30
0.030000
11
0.034409
21
-0.004495
31
0.030000
12
0.034409
22
-0.004495
32
-0.000000
0
3DFACE
62
254
10
0.034331
20
-0.000880
30
0.030000
11
0.036000
21
-0.000144
31
0.030000
12
0.036000
22
-0.000144
32
-0.000000
0
3DFACE
62
254
10
0.034331
20
-0.000880
30
0.030000
11
0.036000
21
-0.000144
31
-0.000000
12
0.034331
22
-0.000880
32
-0.000000
0
3DFACE
62
254
10
0.033242
20
-0.001217
30
0.030000
11
0.034331
21
-0.000880
31
-0.000000
12
0.033242
22
-0.001217
32
-0.000000
0
3DFACE
62
254
10
0.033242
20
-0.001217
30
0.030000
11
0.034331
21
-0.000880
31
0.030000
12
0.034331
22
-0.000880
32
-0.000000
0
3DFACE
62
254
10
0.032119
20
-0.001411
30
0.030000
11
0.033242
21
-0.001217
31
-0.000000
12
0.032119
22
-0.001411
32
-0.000000
0
3DFACE
62
254
10
0.032119
20
-0.001411
30
0.030000
11
0.033242
21
-0.001217
31
0.030000
12
0.033242
22
-0.001217
32
-0.000000
0
3DFACE
62
254
10
0.031388
20
-0.002763
30
0.030000
11
0.031389
21
-0.002644
31
0.030000
12
0.031389
22
-0.002644
32
-0.000000
0
3DFACE
62
254
10
0.031388
20
-0.002763
30
0.030000
11
0.031389
21
-0.002644
31
-0.000000
12
0.031388
22
-0.002763
32
-0.000000
0
3DFACE
62
254
10
0.031406
20
-0.002881
30
0.030000
11
0.031388
21
-0.002763
31
-0.000000
12
0.031406
22
-0.002881
32
-0.000000
0
3DFACE
62
254
10
0.031406
20
-0.002881
30
0.030000
11
0.031388
21
-0.002763
31
0.030000
12
0.031388
22
-0.002763
32
-0.000000
0
3DFACE
62
254
10
0.031442
20
-0.002995
30
0.030000
11
0.031406
21
-0.002881
31
-0.000000
12
0.031442
22
-0.002995
32
-0.000000
0
3DFACE
62
254
10
0.031442
20
-0.002995
30
0.030000
11
0.031406
21
-0.002881
31
0.030000
12
0.031406
22
-0.002881
32
-0.000000
0
3DFACE
62
254
10
0.031496
20
-0.003101
30
0.030000
11
0.031442
21
-0.002995
31
-0.000000
12
0.031496
22
-0.003101
32
-0.000000
0
3DFACE
62
254
10
0.031496
20
-0.003101
30
0.030000
11
0.031442
21
-0.002995
31
0.030000
12
0.031442
22
-0.002995
32
-0.000000
0
3DFACE
62
254
10
0.031566
20
-0.003198
30
0.030000
11
0.031496
21
-0.003101
31
-0.000000
12
0.031566
22
-0.003198
32
-0.000000
0
3DFACE
62
254
10
0.031566
20
-0.003198
30
0.030000
11
0.031496
21
-0.003101
31
0.030000
12
0.031496
22
-0.003101
32
-0.000000
0
3DFACE
62
254
10
0.031649
20
-0.003283
30
0.030000
11
0.031566
21
-0.003198
31
-0.000000
12
0.031649
22
-0.003283
32
-0.000000
0
3DFACE
62
254
10
0.031649
20
-0.003283
30
0.030000
11
0.031566
21
-0.003198
31
0.030000
12
0.031566
22
-0.003198
32
-0.000000
0
3DFACE
62
254
10
0.031745
20
-0.003353
30
0.030000
11
0.031649
21
-0.003283
31
-0.000000
12
0.031745
22
-0.003353
32
-0.000000
0
3DFACE
62
254
10
0.031745
20
-0.003353
30
0.030000
11
0.031745
21
-0.003353
31
-0.000000
12
0.031851
22
-0.003408
32
-0.000000
0
3DFACE
62
254
10
0.031745
20
-0.003353
30
0.030000
11
0.031649
21
-0.003283
31
0.030000
12
0.031649
22
-0.003283
32
-0.000000
0
3DFACE
62
254
10
0.031851
20
-0.003408
30
0.030000
11
0.031745
21
-0.003353
31
0.030000
12
0.031851
22
-0.003408
32
-0.000000
0
3DFACE
62
254
10
0.031965
20
-0.003446
30
0.030000
11
0.031851
21
-0.003408
31
-0.000000
12
0.031965
22
-0.003446
32
-0.000000
0
3DFACE
62
254
10
0.031965
20
-0.003446
30
0.030000
11
0.031851
21
-0.003408
31
0.030000
12
0.031851
22
-0.003408
32
-0.000000
0
3DFACE
62
254
10
0.031403
20
-0.002468
30
0.030000
11
0.031389
21
-0.002644
31
0.030000
12
0.031389
22
-0.002644
32
-0.000000
0
3DFACE
62
254
10
0.031403
20
-0.002468
30
0.030000
11
0.031389
21
-0.002644
31
-0.000000
12
0.031403
22
-0.002468
32
-0.000000
0
3DFACE
62
254
10
0.031416
20
-0.002293
30
0.030000
11
0.031416
21
-0.002293
31
-0.000000
12
0.031429
22
-0.002117
32
-0.000000
0
3DFACE
62
254
10
0.031416
20
-0.002293
30
0.030000
11
0.031403
21
-0.002468
31
-0.000000
12
0.031416
22
-0.002293
32
-0.000000
0
3DFACE
62
254
10
0.031416
20
-0.002293
30
0.030000
11
0.031403
21
-0.002468
31
0.030000
12
0.031403
22
-0.002468
32
-0.000000
0
3DFACE
62
254
10
0.031429
20
-0.002117
30
0.030000
11
0.031416
21
-0.002293
31
0.030000
12
0.031429
22
-0.002117
32
-0.000000
0
3DFACE
62
254
10
0.032001
20
-0.001431
30
0.030000
11
0.032119
21
-0.001411
31
0.030000
12
0.032119
22
-0.001411
32
-0.000000
0
3DFACE
62
254
10
0.032001
20
-0.001431
30
0.030000
11
0.032119
21
-0.001411
31
-0.000000
12
0.032001
22
-0.001431
32
-0.000000
0
3DFACE
62
254
10
0.031888
20
-0.001469
30
0.030000
11
0.032001
21
-0.001431
31
-0.000000
12
0.031888
22
-0.001469
32
-0.000000
0
3DFACE
62
254
10
0.031888
20
-0.001469
30
0.030000
11
0.032001
21
-0.001431
31
0.030000
12
0.032001
22
-0.001431
32
-0.000000
0
3DFACE
62
254
10
0.031783
20
-0.001525
30
0.030000
11
0.031888
21
-0.001469
31
-0.000000
12
0.031783
22
-0.001525
32
-0.000000
0
3DFACE
62
254
10
0.031783
20
-0.001525
30
0.030000
11
0.031888
21
-0.001469
31
0.030000
12
0.031888
22
-0.001469
32
-0.000000
0
3DFACE
62
254
10
0.031687
20
-0.001596
30
0.030000
11
0.031783
21
-0.001525
31
-0.000000
12
0.031687
22
-0.001596
32
-0.000000
0
3DFACE
62
254
10
0.031687
20
-0.001596
30
0.030000
11
0.031783
21
-0.001525
31
0.030000
12
0.031783
22
-0.001525
32
-0.000000
0
3DFACE
62
254
10
0.031604
20
-0.001681
30
0.030000
11
0.031687
21
-0.001596
31
-0.000000
12
0.031604
22
-0.001681
32
-0.000000
0
3DFACE
62
254
10
0.031604
20
-0.001681
30
0.030000
11
0.031687
21
-0.001596
31
0.030000
12
0.031687
22
-0.001596
32
-0.000000
0
3DFACE
62
254
10
0.031535
20
-0.001778
30
0.030000
11
0.031604
21
-0.001681
31
-0.000000
12
0.031535
22
-0.001778
32
-0.000000
0
3DFACE
62
254
10
0.031535
20
-0.001778
30
0.030000
11
0.031535
21
-0.001778
31
-0.000000
12
0.031482
22
-0.001885
32
-0.000000
0
3DFACE
62
254
10
0.031535
20
-0.001778
30
0.030000
11
0.031604
21
-0.001681
31
0.030000
12
0.031604
22
-0.001681
32
-0.000000
0
3DFACE
62
254
10
0.031482
20
-0.001885
30
0.030000
11
0.031482
21
-0.001885
31
-0.000000
12
0.031446
22
-0.001999
32
-0.000000
0
3DFACE
62
254
10
0.031482
20
-0.001885
30
0.030000
11
0.031535
21
-0.001778
31
0.030000
12
0.031482
22
-0.001885
32
-0.000000
0
3DFACE
62
254
10
0.031446
20
-0.001999
30
0.030000
11
0.031482
21
-0.001885
31
0.030000
12
0.031446
22
-0.001999
32
-0.000000
0
3DFACE
62
254
10
0.031429
20
-0.002117
30
0.030000
11
0.031446
21
-0.001999
31
-0.000000
12
0.031429
22
-0.002117
32
-0.000000
0
3DFACE
62
254
10
0.031429
20
-0.002117
30
0.030000
11
0.031446
21
-0.001999
31
0.030000
12
0.031446
22
-0.001999
32
-0.000000
0
3DFACE
62
254
10
0.032631
20
0.002430
30
0.030000
11
0.032054
21
0.002486
31
0.030000
12
0.032054
22
0.002486
32
-0.000000
0
3DFACE
62
254
10
0.032631
20
0.002430
30
0.030000
11
0.032054
21
0.002486
31
-0.000000
12
0.032631
22
0.002430
32
-0.000000
0
3DFACE
62
254
10
0.033271
20
0.002311
30
0.030000
11
0.032631
21
0.002430
31
-0.000000
12
0.033271
22
0.002311
32
-0.000000
0
3DFACE
62
254
10
0.033271
20
0.002311
30
0.030000
11
0.032631
21
0.002430
31
0.030000
12
0.032631
22
0.002430
32
-0.000000
0
3DFACE
62
254
10
0.034649
20
0.001904
30
0.030000
11
0.033271
21
0.002311
31
-0.000000
12
0.034649
22
0.001904
32
-0.000000
0
3DFACE
62
254
10
0.034649
20
0.001904
30
0.030000
11
0.034649
21
0.001904
31
-0.000000
12
0.035975
22
0.001350
32
-0.000000
0
3DFACE
62
254
10
0.034649
20
0.001904
30
0.030000
11
0.033271
21
0.002311
31
0.030000
12
0.033271
22
0.002311
32
-0.000000
0
3DFACE
62
254
10
0.035975
20
0.001350
30
0.030000
11
0.034649
21
0.001904
31
0.030000
12
0.035975
22
0.001350
32
-0.000000
0
3DFACE
62
254
10
0.033908
20
0.005443
30
0.030000
11
0.035413
21
0.006473
31
0.030000
12
0.035413
22
0.006473
32
-0.000000
0
3DFACE
62
254
10
0.033908
20
0.005443
30
0.030000
11
0.035413
21
0.006473
31
-0.000000
12
0.033908
22
0.005443
32
-0.000000
0
3DFACE
62
254
10
0.032899
20
0.004911
30
0.030000
11
0.033908
21
0.005443
31
-0.000000
12
0.032899
22
0.004911
32
-0.000000
0
3DFACE
62
254
10
0.032899
20
0.004911
30
0.030000
11
0.033908
21
0.005443
31
0.030000
12
0.033908
22
0.005443
32
-0.000000
0
3DFACE
62
254
10
0.031831
20
0.004515
30
0.030000
11
0.032899
21
0.004911
31
-0.000000
12
0.031831
22
0.004515
32
-0.000000
0
3DFACE
62
254
10
0.031831
20
0.004515
30
0.030000
11
0.032899
21
0.004911
31
0.030000
12
0.032899
22
0.004911
32
-0.000000
0
3DFACE
62
254
10
0.031361
20
0.003051
30
0.030000
11
0.031340
21
0.003169
31
0.030000
12
0.031340
22
0.003169
32
-0.000000
0
3DFACE
62
254
10
0.031361
20
0.003051
30
0.030000
11
0.031340
21
0.003169
31
-0.000000
12
0.031361
22
0.003051
32
-0.000000
0
3DFACE
62
254
10
0.031401
20
0.002939
30
0.030000
11
0.031361
21
0.003051
31
-0.000000
12
0.031401
22
0.002939
32
-0.000000
0
3DFACE
62
254
10
0.031401
20
0.002939
30
0.030000
11
0.031401
21
0.002939
31
-0.000000
12
0.031457
22
0.002834
32
-0.000000
0
3DFACE
62
254
10
0.031401
20
0.002939
30
0.030000
11
0.031361
21
0.003051
31
0.030000
12
0.031361
22
0.003051
32
-0.000000
0
3DFACE
62
254
10
0.031457
20
0.002834
30
0.030000
11
0.031457
21
0.002834
31
-0.000000
12
0.031530
22
0.002739
32
-0.000000
0
3DFACE
62
254
10
0.031457
20
0.002834
30
0.030000
11
0.031401
21
0.002939
31
0.030000
12
0.031457
22
0.002834
32
-0.000000
0
3DFACE
62
254
10
0.031530
20
0.002739
30
0.030000
11
0.031457
21
0.002834
31
0.030000
12
0.031530
22
0.002739
32
-0.000000
0
3DFACE
62
254
10
0.031616
20
0.002657
30
0.030000
11
0.031530
21
0.002739
31
-0.000000
12
0.031616
22
0.002657
32
-0.000000
0
3DFACE
62
254
10
0.031616
20
0.002657
30
0.030000
11
0.031530
21
0.002739
31
0.030000
12
0.031530
22
0.002739
32
-0.000000
0
3DFACE
62
254
10
0.031714
20
0.002589
30
0.030000
11
0.031616
21
0.002657
31
-0.000000
12
0.031714
22
0.002589
32
-0.000000
0
3DFACE
62
254
10
0.031714
20
0.002589
30
0.030000
11
0.031714
21
0.002589
31
-0.000000
12
0.031821
22
0.002537
32
-0.000000
0
3DFACE
62
254
10
0.031714
20
0.002589
30
0.030000
11
0.031616
21
0.002657
31
0.030000
12
0.031616
22
0.002657
32
-0.000000
0
3DFACE
62
254
10
0.031821
20
0.002537
30
0.030000
11
0.031714
21
0.002589
31
0.030000
12
0.031821
22
0.002537
32
-0.000000
0
3DFACE
62
254
10
0.031935
20
0.002503
30
0.030000
11
0.031821
21
0.002537
31
-0.000000
12
0.031935
22
0.002503
32
-0.000000
0
3DFACE
62
254
10
0.031935
20
0.002503
30
0.030000
11
0.031821
21
0.002537
31
0.030000
12
0.031821
22
0.002537
32
-0.000000
0
3DFACE
62
254
10
0.032054
20
0.002486
30
0.030000
11
0.031935
21
0.002503
31
-0.000000
12
0.032054
22
0.002486
32
-0.000000
0
3DFACE
62
254
10
0.032054
20
0.002486
30
0.030000
11
0.031935
21
0.002503
31
0.030000
12
0.031935
22
0.002503
32
-0.000000
0
3DFACE
62
254
10
0.031322
20
0.003344
30
0.030000
11
0.031340
21
0.003169
31
0.030000
12
0.031340
22
0.003169
32
-0.000000
0
3DFACE
62
254
10
0.031322
20
0.003344
30
0.030000
11
0.031340
21
0.003169
31
-0.000000
12
0.031322
22
0.003344
32
-0.000000
0
3DFACE
62
254
10
0.031303
20
0.003519
30
0.030000
11
0.031303
21
0.003519
31
-0.000000
12
0.031283
22
0.003694
32
-0.000000
0
3DFACE
62
254
10
0.031303
20
0.003519
30
0.030000
11
0.031322
21
0.003344
31
-0.000000
12
0.031303
22
0.003519
32
-0.000000
0
3DFACE
62
254
10
0.031303
20
0.003519
30
0.030000
11
0.031322
21
0.003344
31
0.030000
12
0.031322
22
0.003344
32
-0.000000
0
3DFACE
62
254
10
0.031283
20
0.003694
30
0.030000
11
0.031303
21
0.003519
31
0.030000
12
0.031283
22
0.003694
32
-0.000000
0
3DFACE
62
254
10
0.031831
20
0.004515
30
0.030000
11
0.031831
21
0.004515
31
-0.000000
12
0.031719
22
0.004473
32
-0.000000
0
3DFACE
62
254
10
0.031719
20
0.004473
30
0.030000
11
0.031831
21
0.004515
31
0.030000
12
0.031719
22
0.004473
32
-0.000000
0
3DFACE
62
254
10
0.031615
20
0.004415
30
0.030000
11
0.031719
21
0.004473
31
-0.000000
12
0.031615
22
0.004415
32
-0.000000
0
3DFACE
62
254
10
0.031615
20
0.004415
30
0.030000
11
0.031719
21
0.004473
31
0.030000
12
0.031719
22
0.004473
32
-0.000000
0
3DFACE
62
254
10
0.031522
20
0.004341
30
0.030000
11
0.031615
21
0.004415
31
-0.000000
12
0.031522
22
0.004341
32
-0.000000
0
3DFACE
62
254
10
0.031522
20
0.004341
30
0.030000
11
0.031615
21
0.004415
31
0.030000
12
0.031615
22
0.004415
32
-0.000000
0
3DFACE
62
254
10
0.031441
20
0.004254
30
0.030000
11
0.031522
21
0.004341
31
-0.000000
12
0.031441
22
0.004254
32
-0.000000
0
3DFACE
62
254
10
0.031441
20
0.004254
30
0.030000
11
0.031522
21
0.004341
31
0.030000
12
0.031522
22
0.004341
32
-0.000000
0
3DFACE
62
254
10
0.031374
20
0.004155
30
0.030000
11
0.031441
21
0.004254
31
-0.000000
12
0.031374
22
0.004155
32
-0.000000
0
3DFACE
62
254
10
0.031374
20
0.004155
30
0.030000
11
0.031374
21
0.004155
31
-0.000000
12
0.031324
22
0.004046
32
-0.000000
0
3DFACE
62
254
10
0.031374
20
0.004155
30
0.030000
11
0.031441
21
0.004254
31
0.030000
12
0.031441
22
0.004254
32
-0.000000
0
3DFACE
62
254
10
0.031324
20
0.004046
30
0.030000
11
0.031324
21
0.004046
31
-0.000000
12
0.031292
22
0.003932
32
-0.000000
0
3DFACE
62
254
10
0.031324
20
0.004046
30
0.030000
11
0.031374
21
0.004155
31
0.030000
12
0.031324
22
0.004046
32
-0.000000
0
3DFACE
62
254
10
0.031292
20
0.003932
30
0.030000
11
0.031324
21
0.004046
31
0.030000
12
0.031292
22
0.003932
32
-0.000000
0
3DFACE
62
254
10
0.031278
20
0.003813
30
0.030000
11
0.031292
21
0.003932
31
-0.000000
12
0.031278
22
0.003813
32
-0.000000
0
3DFACE
62
254
10
0.031278
20
0.003813
30
0.030000
11
0.031278
21
0.003813
31
-0.000000
12
0.031283
22
0.003694
32
-0.000000
0
3DFACE
62
254
10
0.031278
20
0.003813
30
0.030000
11
0.031292
21
0.003932
31
0.030000
12
0.031292
22
0.003932
32
-0.000000
0
3DFACE
62
254
10
0.031283
20
0.003694
30
0.030000
11
0.031278
21
0.003813
31
0.030000
12
0.031283
22
0.003694
32
-0.000000
0
3DFACE
62
254
10
0.031628
20
0.008385
30
0.030000
11
0.031051
21
0.008334
31
0.030000
12
0.031051
22
0.008334
32
-0.000000
0
3DFACE
62
254
10
0.031628
20
0.008385
30
0.030000
11
0.031051
21
0.008334
31
-0.000000
12
0.031628
22
0.008385
32
-0.000000
0
3DFACE
62
254
10
0.032280
20
0.008385
30
0.030000
11
0.031628
21
0.008385
31
-0.000000
12
0.032280
22
0.008385
32
-0.000000
0
3DFACE
62
254
10
0.032280
20
0.008385
30
0.030000
11
0.031628
21
0.008385
31
0.030000
12
0.031628
22
0.008385
32
-0.000000
0
3DFACE
62
254
10
0.033709
20
0.008238
30
0.030000
11
0.032280
21
0.008385
31
-0.000000
12
0.033709
22
0.008238
32
-0.000000
0
3DFACE
62
254
10
0.033709
20
0.008238
30
0.030000
11
0.032280
21
0.008385
31
0.030000
12
0.032280
22
0.008385
32
-0.000000
0
3DFACE
62
254
10
0.035114
20
0.007938
30
0.030000
11
0.033709
21
0.008238
31
-0.000000
12
0.035114
22
0.007938
32
-0.000000
0
3DFACE
62
254
10
0.035114
20
0.007938
30
0.030000
11
0.033709
21
0.008238
31
0.030000
12
0.033709
22
0.008238
32
-0.000000
0
3DFACE
62
254
10
0.032330
20
0.011581
30
0.030000
11
0.033621
21
0.012870
31
0.030000
12
0.033621
22
0.012870
32
-0.000000
0
3DFACE
62
254
10
0.032330
20
0.011581
30
0.030000
11
0.033621
21
0.012870
31
-0.000000
12
0.032330
22
0.011581
32
-0.000000
0
3DFACE
62
254
10
0.031437
20
0.010873
30
0.030000
11
0.032330
21
0.011581
31
-0.000000
12
0.031437
22
0.010873
32
-0.000000
0
3DFACE
62
254
10
0.031437
20
0.010873
30
0.030000
11
0.032330
21
0.011581
31
0.030000
12
0.032330
22
0.011581
32
-0.000000
0
3DFACE
62
254
10
0.030460
20
0.010287
30
0.030000
11
0.031437
21
0.010873
31
-0.000000
12
0.030460
22
0.010287
32
-0.000000
0
3DFACE
62
254
10
0.030460
20
0.010287
30
0.030000
11
0.031437
21
0.010873
31
0.030000
12
0.031437
22
0.010873
32
-0.000000
0
3DFACE
62
254
10
0.030267
20
0.008762
30
0.030000
11
0.030224
21
0.008874
31
0.030000
12
0.030224
22
0.008874
32
-0.000000
0
3DFACE
62
254
10
0.030267
20
0.008762
30
0.030000
11
0.030224
21
0.008874
31
-0.000000
12
0.030267
22
0.008762
32
-0.000000
0
3DFACE
62
254
10
0.030326
20
0.008659
30
0.030000
11
0.030267
21
0.008762
31
-0.000000
12
0.030326
22
0.008659
32
-0.000000
0
3DFACE
62
254
10
0.030326
20
0.008659
30
0.030000
11
0.030267
21
0.008762
31
0.030000
12
0.030267
22
0.008762
32
-0.000000
0
3DFACE
62
254
10
0.030401
20
0.008566
30
0.030000
11
0.030326
21
0.008659
31
-0.000000
12
0.030401
22
0.008566
32
-0.000000
0
3DFACE
62
254
10
0.030401
20
0.008566
30
0.030000
11
0.030401
21
0.008566
31
-0.000000
12
0.030489
22
0.008486
32
-0.000000
0
3DFACE
62
254
10
0.030401
20
0.008566
30
0.030000
11
0.030326
21
0.008659
31
0.030000
12
0.030326
22
0.008659
32
-0.000000
0
3DFACE
62
254
10
0.030489
20
0.008486
30
0.030000
11
0.030401
21
0.008566
31
0.030000
12
0.030489
22
0.008486
32
-0.000000
0
3DFACE
62
254
10
0.030589
20
0.008421
30
0.030000
11
0.030489
21
0.008486
31
-0.000000
12
0.030589
22
0.008421
32
-0.000000
0
3DFACE
62
254
10
0.030589
20
0.008421
30
0.030000
11
0.030589
21
0.008421
31
-0.000000
12
0.030698
22
0.008372
32
-0.000000
0
3DFACE
62
254
10
0.030589
20
0.008421
30
0.030000
11
0.030489
21
0.008486
31
0.030000
12
0.030489
22
0.008486
32
-0.000000
0
3DFACE
62
254
10
0.030698
20
0.008372
30
0.030000
11
0.030589
21
0.008421
31
0.030000
12
0.030698
22
0.008372
32
-0.000000
0
3DFACE
62
254
10
0.030813
20
0.008341
30
0.030000
11
0.030698
21
0.008372
31
-0.000000
12
0.030813
22
0.008341
32
-0.000000
0
3DFACE
62
254
10
0.030813
20
0.008341
30
0.030000
11
0.030698
21
0.008372
31
0.030000
12
0.030698
22
0.008372
32
-0.000000
0
3DFACE
62
254
10
0.030932
20
0.008328
30
0.030000
11
0.030813
21
0.008341
31
-0.000000
12
0.030932
22
0.008328
32
-0.000000
0
3DFACE
62
254
10
0.030932
20
0.008328
30
0.030000
11
0.030932
21
0.008328
31
-0.000000
12
0.031051
22
0.008334
32
-0.000000
0
3DFACE
62
254
10
0.030932
20
0.008328
30
0.030000
11
0.030813
21
0.008341
31
0.030000
12
0.030813
22
0.008341
32
-0.000000
0
3DFACE
62
254
10
0.031051
20
0.008334
30
0.030000
11
0.030932
21
0.008328
31
0.030000
12
0.031051
22
0.008334
32
-0.000000
0
3DFACE
62
254
10
0.030174
20
0.009042
30
0.030000
11
0.030224
21
0.008874
31
0.030000
12
0.030224
22
0.008874
32
-0.000000
0
3DFACE
62
254
10
0.030174
20
0.009042
30
0.030000
11
0.030224
21
0.008874
31
-0.000000
12
0.030174
22
0.009042
32
-0.000000
0
3DFACE
62
254
10
0.030123
20
0.009211
30
0.030000
11
0.030123
21
0.009211
31
-0.000000
12
0.030071
22
0.009379
32
-0.000000
0
3DFACE
62
254
10
0.030123
20
0.009211
30
0.030000
11
0.030174
21
0.009042
31
-0.000000
12
0.030123
22
0.009211
32
-0.000000
0
3DFACE
62
254
10
0.030123
20
0.009211
30
0.030000
11
0.030174
21
0.009042
31
0.030000
12
0.030174
22
0.009042
32
-0.000000
0
3DFACE
62
254
10
0.030071
20
0.009379
30
0.030000
11
0.030123
21
0.009211
31
0.030000
12
0.030071
22
0.009379
32
-0.000000
0
3DFACE
62
254
10
0.030357
20
0.010226
30
0.030000
11
0.030460
21
0.010287
31
0.030000
12
0.030460
22
0.010287
32
-0.000000
0
3DFACE
62
254
10
0.030357
20
0.010226
30
0.030000
11
0.030460
21
0.010287
31
-0.000000
12
0.030357
22
0.010226
32
-0.000000
0
3DFACE
62
254
10
0.030266
20
0.010149
30
0.030000
11
0.030357
21
0.010226
31
-0.000000
12
0.030266
22
0.010149
32
-0.000000
0
3DFACE
62
254
10
0.030266
20
0.010149
30
0.030000
11
0.030357
21
0.010226
31
0.030000
12
0.030357
22
0.010226
32
-0.000000
0
3DFACE
62
254
10
0.030187
20
0.010059
30
0.030000
11
0.030266
21
0.010149
31
-0.000000
12
0.030187
22
0.010059
32
-0.000000
0
3DFACE
62
254
10
0.030187
20
0.010059
30
0.030000
11
0.030266
21
0.010149
31
0.030000
12
0.030266
22
0.010149
32
-0.000000
0
3DFACE
62
254
10
0.030124
20
0.009959
30
0.030000
11
0.030187
21
0.010059
31
-0.000000
12
0.030124
22
0.009959
32
-0.000000
0
3DFACE
62
254
10
0.030124
20
0.009959
30
0.030000
11
0.030187
21
0.010059
31
0.030000
12
0.030187
22
0.010059
32
-0.000000
0
3DFACE
62
254
10
0.030077
20
0.009849
30
0.030000
11
0.030124
21
0.009959
31
-0.000000
12
0.030077
22
0.009849
32
-0.000000
0
3DFACE
62
254
10
0.030077
20
0.009849
30
0.030000
11
0.030124
21
0.009959
31
0.030000
12
0.030124
22
0.009959
32
-0.000000
0
3DFACE
62
254
10
0.030048
20
0.009733
30
0.030000
11
0.030077
21
0.009849
31
-0.000000
12
0.030048
22
0.009733
32
-0.000000
0
3DFACE
62
254
10
0.030048
20
0.009733
30
0.030000
11
0.030048
21
0.009733
31
-0.000000
12
0.030037
22
0.009615
32
-0.000000
0
3DFACE
62
254
10
0.030048
20
0.009733
30
0.030000
11
0.030077
21
0.009849
31
0.030000
12
0.030077
22
0.009849
32
-0.000000
0
3DFACE
62
254
10
0.030037
20
0.009615
30
0.030000
11
0.030037
21
0.009615
31
-0.000000
12
0.030045
22
0.009496
32
-0.000000
0
3DFACE
62
254
10
0.030037
20
0.009615
30
0.030000
11
0.030048
21
0.009733
31
0.030000
12
0.030037
22
0.009615
32
-0.000000
0
3DFACE
62
254
10
0.030045
20
0.009496
30
0.030000
11
0.030045
21
0.009496
31
-0.000000
12
0.030071
22
0.009379
32
-0.000000
0
3DFACE
62
254
10
0.030045
20
0.009496
30
0.030000
11
0.030037
21
0.009615
31
0.030000
12
0.030045
22
0.009496
32
-0.000000
0
3DFACE
62
254
10
0.030071
20
0.009379
30
0.030000
11
0.030045
21
0.009496
31
0.030000
12
0.030071
22
0.009379
32
-0.000000
0
3DFACE
62
254
10
0.003605
20
-0.003465
30
0.030000
11
0.002964
21
-0.004027
31
0.030000
12
0.002964
22
-0.004027
32
0.000000
0
3DFACE
62
254
10
0.003605
20
-0.003465
30
0.030000
11
0.002964
21
-0.004027
31
0.000000
12
0.003605
22
-0.003465
32
0.000000
0
3DFACE
62
254
10
0.003605
20
-0.003465
30
0.030000
11
0.003605
21
-0.003465
31
0.000000
12
0.004141
22
-0.002803
32
0.000000
0
3DFACE
62
254
10
0.004141
20
-0.002803
30
0.030000
11
0.003605
21
-0.003465
31
0.030000
12
0.004141
22
-0.002803
32
0.000000
0
3DFACE
62
254
10
0.004556
20
-0.002059
30
0.030000
11
0.004141
21
-0.002803
31
0.000000
12
0.004556
22
-0.002059
32
0.000000
0
3DFACE
62
254
10
0.004556
20
-0.002059
30
0.030000
11
0.004556
21
-0.002059
31
0.000000
12
0.004840
22
-0.001256
32
-0.000000
0
3DFACE
62
254
10
0.004556
20
-0.002059
30
0.030000
11
0.004141
21
-0.002803
31
0.030000
12
0.004141
22
-0.002803
32
0.000000
0
3DFACE
62
254
10
0.004840
20
-0.001256
30
0.030000
11
0.004556
21
-0.002059
31
0.030000
12
0.004840
22
-0.001256
32
-0.000000
0
3DFACE
62
254
10
0.004983
20
-0.000416
30
0.030000
11
0.004840
21
-0.001256
31
-0.000000
12
0.004983
22
-0.000416
32
-0.000000
0
3DFACE
62
254
10
0.004983
20
-0.000416
30
0.030000
11
0.004840
21
-0.001256
31
0.030000
12
0.004840
22
-0.001256
32
-0.000000
0
3DFACE
62
254
10
0.004981
20
0.000436
30
0.030000
11
0.004983
21
-0.000416
31
0.030000
12
0.004983
22
-0.000416
32
-0.000000
0
3DFACE
62
254
10
0.004981
20
0.000436
30
0.030000
11
0.004983
21
-0.000416
31
-0.000000
12
0.004981
22
0.000436
32
-0.000000
0
3DFACE
62
254
10
0.004834
20
0.001276
30
0.030000
11
0.004981
21
0.000436
31
0.030000
12
0.004981
22
0.000436
32
-0.000000
0
3DFACE
62
254
10
0.004834
20
0.001276
30
0.030000
11
0.004981
21
0.000436
31
-0.000000
12
0.004834
22
0.001276
32
-0.000000
0
3DFACE
62
254
10
0.004548
20
0.002078
30
0.030000
11
0.004834
21
0.001276
31
-0.000000
12
0.004548
22
0.002078
32
-0.000000
0
3DFACE
62
254
10
0.004548
20
0.002078
30
0.030000
11
0.004834
21
0.001276
31
0.030000
12
0.004834
22
0.001276
32
-0.000000
0
3DFACE
62
254
10
0.004129
20
0.002820
30
0.030000
11
0.004548
21
0.002078
31
-0.000000
12
0.004129
22
0.002820
32
-0.000000
0
3DFACE
62
254
10
0.004129
20
0.002820
30
0.030000
11
0.004548
21
0.002078
31
0.030000
12
0.004548
22
0.002078
32
-0.000000
0
3DFACE
62
254
10
0.004129
20
0.002820
30
0.030000
11
0.004129
21
0.002820
31
-0.000000
12
0.003590
22
0.003480
32
-0.000000
0
3DFACE
62
254
10
0.003590
20
0.003480
30
0.030000
11
0.003590
21
0.003480
31
-0.000000
12
0.002947
22
0.004039
32
-0.000000
0
3DFACE
62
254
10
0.003590
20
0.003480
30
0.030000
11
0.004129
21
0.002820
31
0.030000
12
0.003590
22
0.003480
32
-0.000000
0
3DFACE
62
254
10
0.002947
20
0.004039
30
0.030000
11
0.003590
21
0.003480
31
0.030000
12
0.002947
22
0.004039
32
-0.000000
0
3DFACE
62
254
10
0.002218
20
0.004481
30
0.030000
11
0.002947
21
0.004039
31
-0.000000
12
0.002218
22
0.004481
32
-0.000000
0
3DFACE
62
254
10
0.002218
20
0.004481
30
0.030000
11
0.002947
21
0.004039
31
0.030000
12
0.002947
22
0.004039
32
-0.000000
0
3DFACE
62
254
10
0.001425
20
0.004793
30
0.030000
11
0.002218
21
0.004481
31
-0.000000
12
0.001425
22
0.004793
32
-0.000000
0
3DFACE
62
254
10
0.001425
20
0.004793
30
0.030000
11
0.001425
21
0.004793
31
-0.000000
12
0.000591
22
0.004965
32
-0.000000
0
3DFACE
62
254
10
0.001425
20
0.004793
30
0.030000
11
0.002218
21
0.004481
31
0.030000
12
0.002218
22
0.004481
32
-0.000000
0
3DFACE
62
254
10
0.000591
20
0.004965
30
0.030000
11
0.001425
21
0.004793
31
0.030000
12
0.000591
22
0.004965
32
-0.000000
0
3DFACE
62
254
10
-0.000261
20
0.004993
30
0.030000
11
0.000591
21
0.004965
31
-0.000000
12
-0.000261
22
0.004993
32
-0.000000
0
3DFACE
62
254
10
-0.000261
20
0.004993
30
0.030000
11
0.000591
21
0.004965
31
0.030000
12
0.000591
22
0.004965
32
-0.000000
0
3DFACE
62
254
10
-0.001105
20
0.004876
30
0.030000
11
-0.000261
21
0.004993
31
-0.000000
12
-0.001105
22
0.004876
32
-0.000000
0
3DFACE
62
254
10
-0.001105
20
0.004876
30
0.030000
11
-0.001105
21
0.004876
31
-0.000000
12
-0.001917
22
0.004618
32
-0.000000
0
3DFACE
62
254
10
-0.001105
20
0.004876
30
0.030000
11
-0.000261
21
0.004993
31
0.030000
12
-0.000261
22
0.004993
32
-0.000000
0
3DFACE
62
254
10
-0.001917
20
0.004618
30
0.030000
11
-0.001105
21
0.004876
31
0.030000
12
-0.001917
22
0.004618
32
-0.000000
0
3DFACE
62
254
10
-0.002673
20
0.004225
30
0.030000
11
-0.001917
21
0.004618
31
-0.000000
12
-0.002673
22
0.004225
32
-0.000000
0
3DFACE
62
254
10
-0.002673
20
0.004225
30
0.030000
11
-0.002673
21
0.004225
31
-0.000000
12
-0.003352
22
0.003710
32
-0.000000
0
3DFACE
62
254
10
-0.002673
20
0.004225
30
0.030000
11
-0.001917
21
0.004618
31
0.030000
12
-0.001917
22
0.004618
32
-0.000000
0
3DFACE
62
254
10
-0.003352
20
0.003710
30
0.030000
11
-0.003352
21
0.003710
31
-0.000000
12
-0.003933
22
0.003087
32
-0.000000
0
3DFACE
62
254
10
-0.003352
20
0.003710
30
0.030000
11
-0.002673
21
0.004225
31
0.030000
12
-0.003352
22
0.003710
32
-0.000000
0
3DFACE
62
254
10
-0.003933
20
0.003087
30
0.030000
11
-0.003933
21
0.003087
31
-0.000000
12
-0.004400
22
0.002375
32
-0.000000
0
3DFACE
62
254
10
-0.003933
20
0.003087
30
0.030000
11
-0.003352
21
0.003710
31
0.030000
12
-0.003933
22
0.003087
32
-0.000000
0
3DFACE
62
254
10
-0.004400
20
0.002375
30
0.030000
11
-0.003933
21
0.003087
31
0.030000
12
-0.004400
22
0.002375
32
-0.000000
0
3DFACE
62
254
10
-0.004739
20
0.001593
30
0.030000
11
-0.004400
21
0.002375
31
-0.000000
12
-0.004739
22
0.001593
32
-0.000000
0
3DFACE
62
254
10
-0.004739
20
0.001593
30
0.030000
11
-0.004400
21
0.002375
31
0.030000
12
-0.004400
22
0.002375
32
-0.000000
0
3DFACE
62
254
10
-0.004941
20
0.000765
30
0.030000
11
-0.004739
21
0.001593
31
-0.000000
12
-0.004941
22
0.000765
32
0.000000
0
3DFACE
62
254
10
-0.004941
20
0.000765
30
0.030000
11
-0.004941
21
0.000765
31
0.000000
12
-0.004999
22
-0.000085
32
0.000000
0
3DFACE
62
254
10
-0.004941
20
0.000765
30
0.030000
11
-0.004739
21
0.001593
31
0.030000
12
-0.004739
22
0.001593
32
-0.000000
0
3DFACE
62
254
10
-0.004999
20
-0.000085
30
0.030000
11
-0.004941
21
0.000765
31
0.030000
12
-0.004999
22
-0.000085
32
0.000000
0
3DFACE
62
254
10
-0.004912
20
-0.000933
30
0.030000
11
-0.004999
21
-0.000085
31
0.000000
12
-0.004912
22
-0.000933
32
0.000000
0
3DFACE
62
254
10
-0.004912
20
-0.000933
30
0.030000
11
-0.004999
21
-0.000085
31
0.030000
12
-0.004999
22
-0.000085
32
0.000000
0
3DFACE
62
254
10
-0.004683
20
-0.001753
30
0.030000
11
-0.004912
21
-0.000933
31
0.030000
12
-0.004912
22
-0.000933
32
0.000000
0
3DFACE
62
254
10
-0.004683
20
-0.001753
30
0.030000
11
-0.004912
21
-0.000933
31
0.000000
12
-0.004683
22
-0.001753
32
0.000000
0
3DFACE
62
254
10
-0.004317
20
-0.002523
30
0.030000
11
-0.004683
21
-0.001753
31
0.000000
12
-0.004317
22
-0.002523
32
0.000000
0
3DFACE
62
254
10
-0.004317
20
-0.002523
30
0.030000
11
-0.004683
21
-0.001753
31
0.030000
12
-0.004683
22
-0.001753
32
0.000000
0
3DFACE
62
254
10
-0.003826
20
-0.003219
30
0.030000
11
-0.004317
21
-0.002523
31
0.000000
12
-0.003826
22
-0.003219
32
0.000000
0
3DFACE
62
254
10
-0.003826
20
-0.003219
30
0.030000
11
-0.004317
21
-0.002523
31
0.030000
12
-0.004317
22
-0.002523
32
0.000000
0
3DFACE
62
254
10
-0.003224
20
-0.003822
30
0.030000
11
-0.003826
21
-0.003219
31
0.000000
12
-0.003224
22
-0.003822
32
0.000000
0
3DFACE
62
254
10
-0.003224
20
-0.003822
30
0.030000
11
-0.003826
21
-0.003219
31
0.030000
12
-0.003826
22
-0.003219
32
0.000000
0
3DFACE
62
254
10
-0.002528
20
-0.004314
30
0.030000
11
-0.003224
21
-0.003822
31
0.000000
12
-0.002528
22
-0.004314
32
0.000000
0
3DFACE
62
254
10
-0.002528
20
-0.004314
30
0.030000
11
-0.003224
21
-0.003822
31
0.030000
12
-0.003224
22
-0.003822
32
0.000000
0
3DFACE
62
254
10
-0.001759
20
-0.004680
30
0.030000
11
-0.002528
21
-0.004314
31
0.000000
12
-0.001759
22
-0.004680
32
0.000000
0
3DFACE
62
254
10
-0.001759
20
-0.004680
30
0.030000
11
-0.002528
21
-0.004314
31
0.030000
12
-0.002528
22
-0.004314
32
0.000000
0
3DFACE
62
254
10
-0.000939
20
-0.004911
30
0.030000
11
-0.001759
21
-0.004680
31
0.030000
12
-0.001759
22
-0.004680
32
0.000000
0
3DFACE
62
254
10
-0.000939
20
-0.004911
30
0.030000
11
-0.001759
21
-0.004680
31
0.000000
12
-0.000939
22
-0.004911
32
0.000000
0
3DFACE
62
254
10
-0.000091
20
-0.004999
30
0.030000
11
-0.000939
21
-0.004911
31
0.030000
12
-0.000939
22
-0.004911
32
0.000000
0
3DFACE
62
254
10
-0.000091
20
-0.004999
30
0.030000
11
-0.000939
21
-0.004911
31
0.000000
12
-0.000091
22
-0.004999
32
0.000000
0
3DFACE
62
254
10
0.000759
20
-0.004942
30
0.030000
11
-0.000091
21
-0.004999
31
0.030000
12
-0.000091
22
-0.004999
32
0.000000
0
3DFACE
62
254
10
0.000759
20
-0.004942
30
0.030000
11
-0.000091
21
-0.004999
31
0.000000
12
0.000759
22
-0.004942
32
0.000000
0
3DFACE
62
254
10
0.001587
20
-0.004741
30
0.030000
11
0.000759
21
-0.004942
31
0.030000
12
0.000759
22
-0.004942
32
0.000000
0
3DFACE
62
254
10
0.001587
20
-0.004741
30
0.030000
11
0.000759
21
-0.004942
31
0.000000
12
0.001587
22
-0.004741
32
0.000000
0
3DFACE
62
254
10
0.001859
20
-0.005265
30
0.000000
11
0.003236
21
-0.004551
31
0.030000
12
0.001859
22
-0.005265
32
0.030000
0
3DFACE
62
254
10
0.003236
20
-0.004551
30
0.000000
11
0.003236
21
-0.004551
31
0.030000
12
0.001859
22
-0.005265
32
0.000000
0
3DFACE
62
254
10
0.001859
20
-0.005265
30
0.000000
11
0.001859
21
-0.005265
31
0.030000
12
0.001587
22
-0.004741
32
0.030000
0
3DFACE
62
254
10
0.001859
20
-0.005265
30
0.000000
11
0.001587
21
-0.004741
31
0.030000
12
0.001587
22
-0.004741
32
0.000000
0
3DFACE
62
254
10
0.003236
20
-0.004551
30
0.030000
11
0.002964
21
-0.004027
31
0.000000
12
0.002964
22
-0.004027
32
0.030000
0
3DFACE
62
254
10
0.003236
20
-0.004551
30
0.030000
11
0.003236
21
-0.004551
31
0.000000
12
0.002964
22
-0.004027
32
0.000000
0
ENDSEC
0
EOF
